Workbook

Sheet 01
A1: Station: | B1: IGKV RAIPUR
A2: Date: | B2: =$A$9 -> 45323.01 | C2: Power Off | G2: Pw.Off | J2: Link Fail | L2: Link F | N2: Maintenance | P2: Maint.
A3: Report Type: | B3: Mean | C3: Calibration | G3: Calib. | J3: Data Fail | L3: Data F | N3: Invalid | P3: Invalid
A4: Time Base: | B4: 15 Min | C4: Zero Referrence | G4: Z.Ref | J4: Warm Up | L4: Wm. Up
A7: Date & Time | B7: NO | C7: NO2 | D7: NOX | E7: SO2 | F7: O3 | G7: PM 10 | H7: PM 2.5 | I7: BENZ | J7: WS | K7: WD | L7: TEMP | M7: HUM | N7: SR | O7: RG | P7: CO | Q7: NH3
B8: ug/m3 | C8: ug/m3 | D8: ppb | E8: ug/m3 | F8: ug/m3 | G8: ug/m3 | H8: ug/m3 | I8: ug/m3 | J8: m/sec | K8: deg | L8: degreC | M8: % | N8: w/m2 | O8: mm | P8: mg/m3 | Q8: ug/m3
A9: 45323.01 | B9: 7.56 | C9: 18.9 | D9: 17.29 | E9: 5.83 | F9: 3.86 | G9: 94.82 | H9: 39.64 | I9: 9.45 | J9: 0.11 | K9: 185.22 | L9: 19.89 | M9: 77.15 | N9: 0 | O9: 0 | P9: 0.83 | Q9: 4.76
A10: 45323.021 | B10: 7.58 | C10: 18.59 | D10: 17.14 | E10: 5.87 | F10: 3.75 | G10: 90.43 | H10: 39.6 | I10: 9.32 | J10: 0.09 | K10: 212.69 | L10: 19.97 | M10: 79.29 | N10: 0 | O10: 0 | P10: 0.82 | Q10: 4.78
A11: 45323.031 | B11: 7.68 | C11: 19.44 | D11: 17.67 | E11: 6.04 | F11: 3.56 | G11: 90.43 | H11: 39.6 | I11: 9.22 | J11: 0.18 | K11: 174.17 | L11: 19.96 | M11: 80.6 | N11: 0 | O11: 0 | P11: 0.82 | Q11: 4.8
A12: 45323.042 | B12: 7.68 | C12: 20.33 | D12: 18.13 | E12: 5.63 | F12: 3.48 | G12: 90.43 | H12: 39.6 | I12: 9.13 | J12: 0.23 | K12: 199.57 | L12: 19.45 | M12: 83.03 | N12: 0 | O12: 0 | P12: 0.81 | Q12: 4.79
A13: 45323.052 | B13: 7.63 | C13: 20.57 | D13: 18.21 | E13: 6.58 | F13: 3.5 | G13: 83.46 | H13: 37.03 | I13: 9.06 | J13: 0.07 | K13: 186.63 | L13: 19.33 | M13: 81.17 | N13: 0 | O13: 0 | P13: 0.82 | Q13: 4.78
A14: 45323.062 | B14: 7.66 | C14: 19.45 | D14: 17.66 | E14: 6.15 | F14: 3.74 | G14: 78.12 | H14: 36.2 | I14: 9.02 | J14: 0.09 | K14: 181.34 | L14: 19.5 | M14: 78.73 | N14: 0 | O14: 0 | P14: 0.8 | Q14: 4.78
A15: 45323.073 | B15: 7.66 | C15: 17.58 | D15: 16.67 | E15: 5.98 | F15: 3.68 | G15: 78.12 | H15: 36.2 | I15: 8.93 | J15: 0.11 | K15: 82.21 | L15: 19.6 | M15: 77.01 | N15: 0 | O15: 0 | P15: 0.78 | Q15: 4.77
A16: 45323.083 | B16: 7.69 | C16: 17.14 | D16: 16.48 | E16: 5.77 | F16: 3.56 | G16: 78.12 | H16: 36.2 | I16: 8.82 | J16: 0.12 | K16: 183.55 | L16: 19.45 | M16: 78.5 | N16: 0 | O16: 0 | P16: 0.77 | Q16: 4.78
A17: 45323.094 | B17: 7.76 | C17: 18.22 | D17: 17.1 | E17: 4 | F17: 3.5 | G17: 76.01 | H17: 35.79 | I17: 8.72 | J17: 0.06 | K17: 226.45 | L17: 19.17 | M17: 81.72 | N17: 0 | O17: 0 | P17: 0.78 | Q17: 4.77
A18: 45323.104 | B18: 7.71 | C18: 18.96 | D18: 17.44 | E18: 4.92 | F18: 3.53 | G18: 74.39 | H18: 35.54 | I18: 8.6 | J18: 0.09 | K18: 166.39 | L18: 19.2 | M18: 80.16 | N18: 0 | O18: 0 | P18: 0.76 | Q18: 4.78
A19: 45323.115 | B19: 7.67 | C19: 19.49 | D19: 17.69 | E19: 4.84 | F19: 3.36 | G19: 74.39 | H19: 35.54 | I19: 8.54 | J19: 0.14 | K19: 139.49 | L19: 19.2 | M19: 79.73 | N19: 0 | O19: 0 | P19: 0.77 | Q19: 4.78
A20: 45323.125 | B20: 7.78 | C20: 18.63 | D20: 17.32 | E20: 5.26 | F20: 3.62 | G20: 74.39 | H20: 35.54 | I20: 8.47 | J20: 0.1 | K20: 147.12 | L20: 19.24 | M20: 79.66 | N20: 0 | O20: 0 | P20: 0.76 | Q20: 4.79
... A104: 45324 | B104: 19.07 | C104: 20.56 | D104: 27.39 | E104: 6.68 | F104: 3.48 | G104: 98.42 | H104: 34.4 | I104: 9.98 | J104: 0.13 | K104: 191.46 | L104: 19.88 | M104: 84.75 | N104: 0 | O104: 0 | P104: 1.01 | Q104: 4.89
A106: Min | B106: =MIN(B9:B104) -> 4.69 | C106: =MIN(C9:C104) -> 17.14 | D106: =MIN(D9:D104) -> 15.17 | E106: =MIN(E9:E104) -> 4 | F106: =MIN(F9:F104) -> 3.15 | G106: =MIN(G9:G104) -> 61.35 | H106: =MIN(H9:H104) -> 29.28 | I106: =MIN(I9:I104) -> 7.98 | ... Q106: =MIN(Q9:Q104) -> 4.74
A107: Max | B107: =MAX(B9:B104) -> 22.14 | C107: =MAX(C9:C104) -> 28.94 | D107: =MAX(D9:D104) -> 32.89 | E107: =MAX(E9:E104) -> 7.76 | F107: =MAX(F9:F104) -> 6.99 | G107: =MAX(G9:G104) -> 103.42 | H107: =MAX(H9:H104) -> 44.62 | I107: =MAX(I9:I104) -> 11.83 | ... Q107: =MAX(Q9:Q104) -> 4.94
A108: Avg | B108: =AVERAGE(B9:B104) -> 12.418646 | C108: =AVERAGE(C9:C104) -> 22.316563 | D108: =AVERAGE(D9:D104) -> 22.969792 | E108: =AVERAGE(E9:E104) -> 6.3083333 | F108: =AVERAGE(F9:F104) -> 3.8880208 | G108: =AVERAGE(G9:G104) -> 85.368125 | H108: =AVERAGE(H9:H104) -> 36.753958 | I108: =AVERAGE(I9:I104) -> 9.5289583 | ... Q108: =AVERAGE(Q9:Q104) -> 4.8257292
A109: Stdev | B109: =STDEV(B9:B104) -> 5.7610031 | C109: =STDEV(C9:C104) -> 3.0021388 | D109: =STDEV(D9:D104) -> 5.7115829 | E109: =STDEV(E9:E104) -> 0.82789736 | F109: =STDEV(F9:F104) -> 0.89434789 | G109: =STDEV(G9:G104) -> 12.598476 | H109: =STDEV(H9:H104) -> 4.5424351 | I109: =STDEV(I9:I104) -> 1.0727245 | ... Q109: =STDEV(Q9:Q104) -> 0.058682819
A110: Num | B110: =COUNT(B9:B104) -> 96 | C110: =COUNT(C9:C104) -> 96 | D110: =COUNT(D9:D104) -> 96 | E110: =COUNT(E9:E104) -> 96 | F110: =COUNT(F9:F104) -> 96 | G110: =COUNT(G9:G104) -> 96 | H110: =COUNT(H9:H104) -> 96 | I110: =COUNT(I9:I104) -> 96 | ... Q110: =COUNT(Q9:Q104) -> 96
A111: DCR | B111: =IF(B110>=87,">90%",IF(B110<=87,"<90%")) -> >90% | C111: =IF(C110>=87,">90%",IF(C110<=87,"<90%")) -> >90% | D111: =IF(D110>=87,">90%",IF(D110<=87,"<90%")) -> >90% | E111: =IF(E110>=87,">90%",IF(E110<=87,"<90%")) -> >90% | F111: =IF(F110>=87,">90%",IF(F110<=87,"<90%")) -> >90% | G111: =IF(G110>=87,">90%",IF(G110<=87,"<90%")) -> >90% | H111: =IF(H110>=87,">90%",IF(H110<=87,"<90%")) -> >90% | I111: =IF(I110>=87,">90%",IF(I110<=87,"<90%")) -> >90% | ... Q111: =IF(Q110>=87,">90%",IF(Q110<=87,"<90%")) -> >90%
A112: Status | B112: =IF(B110>=87,"OK",IF(B110<=87,"LESS")) -> OK | C112: =IF(C110>=87,"OK",IF(C110<=87,"LESS")) -> OK | D112: =IF(D110>=87,"OK",IF(D110<=87,"LESS")) -> OK | E112: =IF(E110>=87,"OK",IF(E110<=87,"LESS")) -> OK | F112: =IF(F110>=87,"OK",IF(F110<=87,"LESS")) -> OK | G112: =IF(G110>=87,"OK",IF(G110<=87,"LESS")) -> OK | H112: =IF(H110>=87,"OK",IF(H110<=87,"LESS")) -> OK | I112: =IF(I110>=87,"OK",IF(I110<=87,"LESS")) -> OK | ... Q112: =IF(Q110>=87,"OK",IF(Q110<=87,"LESS")) -> OK
A115: Done by | B115: AKASH
A117: Comment

Sheet 02
A1: Station: | B1: IGKV RAIPUR
A2: Date: | B2: =$A$9 -> 45324.01 | C2: Power Off | G2: Pw.Off | J2: Link Fail | L2: Link F | N2: Maintenance | P2: Maint.
A3: Report Type: | B3: Mean | C3: Calibration | G3: Calib. | J3: Data Fail | L3: Data F | N3: Invalid | P3: Invalid
A4: Time Base: | B4: 15 Min | C4: Zero Referrence | G4: Z.Ref | J4: Warm Up | L4: Wm. Up
A7: Date & Time | B7: NO | C7: NO2 | D7: NOX | E7: SO2 | F7: O3 | G7: PM 10 | H7: PM 2.5 | I7: BENZ | J7: WS | K7: WD | L7: TEMP | M7: HUM | N7: SR | O7: RG | P7: CO | Q7: NH3
B8: ug/m3 | C8: ug/m3 | D8: ppb | E8: ug/m3 | F8: ug/m3 | G8: ug/m3 | H8: ug/m3 | I8: ug/m3 | J8: m/sec | K8: deg | L8: degreC | M8: % | N8: w/m2 | O8: mm | P8: mg/m3 | Q8: ug/m3
A9: 45324.01 | B9: 19.28 | C9: 20.49 | D9: 27.52 | E9: 6.82 | F9: 3.34 | G9: 96.05 | H9: 36.44 | I9: 10.04 | J9: 0.13 | K9: 189 | L9: 19.75 | M9: 84.83 | N9: 0 | O9: 0 | P9: 1.02 | Q9: 4.92
A10: 45324.021 | B10: 19.11 | C10: 21.39 | D10: 27.85 | E10: 6.99 | F10: 3.24 | G10: 94.25 | H10: 37.08 | I10: 10.15 | J10: 0.11 | K10: 181.65 | L10: 19.74 | M10: 85.41 | N10: 0 | O10: 0 | P10: 1.03 | Q10: 4.93
A11: 45324.031 | B11: 18.73 | C11: 22.23 | D11: 27.98 | E11: 7.2 | F11: 3.23 | G11: 94.25 | H11: 37.08 | I11: 10.27 | J11: 0.15 | K11: 159.24 | L11: 19.76 | M11: 85.22 | N11: 0 | O11: 0 | P11: 1.02 | Q11: 4.93
A12: 45324.042 | B12: 18.35 | C12: 22.62 | D12: 27.88 | E12: 6.78 | F12: 3.31 | G12: 94.25 | H12: 37.08 | I12: 10.32 | J12: 0.14 | K12: 157.81 | L12: 19.72 | M12: 84.34 | N12: 0 | O12: 0 | P12: 1.02 | Q12: 4.93
A13: 45324.052 | B13: 18.23 | C13: 23.02 | D13: 28 | E13: 7.22 | F13: 3.36 | G13: 87.17 | H13: 35.43 | I13: 10.34 | J13: 0.19 | K13: 101.74 | L13: 19.99 | M13: 80.58 | N13: 0 | O13: 0 | P13: 1.03 | Q13: 4.92
A14: 45324.062 | B14: 19.84 | C14: 23.79 | D14: 29.69 | E14: 7.37 | F14: 3.26 | G14: 81.76 | H14: 34.9 | I14: 10.35 | J14: 0.16 | K14: 142.65 | L14: 20.07 | M14: 81.51 | N14: 0 | O14: 0 | P14: 1.04 | Q14: 4.9
A15: 45324.073 | B15: 22.34 | C15: 24.75 | D15: 32.2 | E15: 7.05 | F15: 3.22 | G15: 81.76 | H15: 34.9 | I15: 10.31 | J15: 0.48 | K15: 38.72 | L15: 20.07 | M15: 79.39 | N15: 0 | O15: 0 | P15: 1.04 | Q15: 4.92
A16: 45324.083 | B16: 23.98 | C16: 25.63 | D16: 33.97 | E16: 7.23 | F16: 3.26 | G16: 81.76 | H16: 34.9 | I16: 10.25 | J16: 0.53 | K16: 64.24 | L16: 20.16 | M16: 78.1 | N16: 0 | O16: 0 | P16: 1.05 | Q16: 4.95
A17: 45324.094 | B17: 24.55 | C17: 26.47 | D17: 34.87 | E17: 6.85 | F17: 3.23 | G17: 91.02 | H17: 37.23 | I17: 10.28 | J17: 0.17 | K17: 105.34 | L17: 20.04 | M17: 79.43 | N17: 0 | O17: 0 | P17: 1.05 | Q17: 4.94
A18: 45324.104 | B18: 24.93 | C18: 26.83 | D18: 35.36 | E18: 7.41 | F18: 3.22 | G18: 98.1 | H18: 38.61 | I18: 10.32 | J18: 0.23 | K18: 99.92 | L18: 20.09 | M18: 78.95 | N18: 0 | O18: 0 | P18: 1.05 | Q18: 4.95
A19: 45324.115 | B19: 25.19 | C19: 27.36 | D19: 35.85 | E19: 7.72 | F19: 3.27 | G19: 98.1 | H19: 38.61 | I19: 10.35 | J19: 0.23 | K19: 189.87 | L19: 19.88 | M19: 81.54 | N19: 0 | O19: 0 | P19: 1.04 | Q19: 4.97
A20: 45324.125 | B20: 25.09 | C20: 27.35 | D20: 35.76 | E20: 7.73 | F20: 3.31 | G20: 98.1 | H20: 38.61 | I20: 5.02 | J20: 0.19 | K20: 249.61 | L20: 19.24 | M20: 85.52 | N20: 0 | O20: 0 | P20: 1.05 | Q20: 4.98
... A104: 45325 | B104: 13.71 | C104: 25.87 | D104: 25.86 | E104: 9.06 | F104: 3.35 | G104: 65.85 | H104: 31.53 | I104: 0 | J104: 0.19 | K104: 212.94 | L104: 19.99 | M104: 86.79 | N104: 0 | O104: 0 | P104: 0.95 | Q104: 4.82
A106: Min | B106: =MIN(B9:B104) -> 4.51 | C106: =MIN(C9:C104) -> 14.65 | D106: =MIN(D9:D104) -> 12.88 | E106: =MIN(E9:E104) -> 5.41 | F106: =MIN(F9:F104) -> 3.14 | G106: =MIN(G9:G104) -> 61.31 | H106: =MIN(H9:H104) -> 31.53 | I106: =MIN(I9:I104) -> 0 | ... Q106: =MIN(Q9:Q104) -> 4.69
A107: Max | B107: =MAX(B9:B104) -> 33.37 | C107: =MAX(C9:C104) -> 29.27 | D107: =MAX(D9:D104) -> 42.09 | E107: =MAX(E9:E104) -> 9.06 | F107: =MAX(F9:F104) -> 5.85 | G107: =MAX(G9:G104) -> 127.73 | H107: =MAX(H9:H104) -> 49.22 | I107: =MAX(I9:I104) -> 10.35 | ... Q107: =MAX(Q9:Q104) -> 5.04
A108: Avg | B108: =AVERAGE(B9:B104) -> 16.192292 | C108: =AVERAGE(C9:C104) -> 22.841562 | D108: =AVERAGE(D9:D104) -> 26.269583 | E108: =AVERAGE(E9:E104) -> 7.5232292 | F108: =AVERAGE(F9:F104) -> 3.7445833 | G108: =AVERAGE(G9:G104) -> 93.713229 | H108: =AVERAGE(H9:H104) -> 38.995208 | I108: =AVERAGE(I9:I104) -> 1.2291667 | ... Q108: =AVERAGE(Q9:Q104) -> 4.8696875
A109: Stdev | B109: =STDEV(B9:B104) -> 11.039556 | C109: =STDEV(C9:C104) -> 4.4822089 | D109: =STDEV(D9:D104) -> 10.053129 | E109: =STDEV(E9:E104) -> 0.84713075 | F109: =STDEV(F9:F104) -> 0.67821269 | G109: =STDEV(G9:G104) -> 18.651818 | H109: =STDEV(H9:H104) -> 4.4648656 | I109: =STDEV(I9:I104) -> 3.3097275 | ... Q109: =STDEV(Q9:Q104) -> 0.10196442
A110: Num | B110: =COUNT(B9:B104) -> 96 | C110: =COUNT(C9:C104) -> 96 | D110: =COUNT(D9:D104) -> 96 | E110: =COUNT(E9:E104) -> 96 | F110: =COUNT(F9:F104) -> 96 | G110: =COUNT(G9:G104) -> 96 | H110: =COUNT(H9:H104) -> 96 | I110: =COUNT(I9:I104) -> 96 | ... Q110: =COUNT(Q9:Q104) -> 96
A111: DCR | B111: =IF(B110>=87,">90%",IF(B110<=87,"<90%")) -> >90% | C111: =IF(C110>=87,">90%",IF(C110<=87,"<90%")) -> >90% | D111: =IF(D110>=87,">90%",IF(D110<=87,"<90%")) -> >90% | E111: =IF(E110>=87,">90%",IF(E110<=87,"<90%")) -> >90% | F111: =IF(F110>=87,">90%",IF(F110<=87,"<90%")) -> >90% | G111: =IF(G110>=87,">90%",IF(G110<=87,"<90%")) -> >90% | H111: =IF(H110>=87,">90%",IF(H110<=87,"<90%")) -> >90% | I111: =IF(I110>=87,">90%",IF(I110<=87,"<90%")) -> >90% | ... Q111: =IF(Q110>=87,">90%",IF(Q110<=87,"<90%")) -> >90%
A112: Status | B112: =IF(B110>=87,"OK",IF(B110<=87,"LESS")) -> OK | C112: =IF(C110>=87,"OK",IF(C110<=87,"LESS")) -> OK | D112: =IF(D110>=87,"OK",IF(D110<=87,"LESS")) -> OK | E112: =IF(E110>=87,"OK",IF(E110<=87,"LESS")) -> OK | F112: =IF(F110>=87,"OK",IF(F110<=87,"LESS")) -> OK | G112: =IF(G110>=87,"OK",IF(G110<=87,"LESS")) -> OK | H112: =IF(H110>=87,"OK",IF(H110<=87,"LESS")) -> OK | I112: =IF(I110>=87,"OK",IF(I110<=87,"LESS")) -> OK | ... Q112: =IF(Q110>=87,"OK",IF(Q110<=87,"LESS")) -> OK
A115: Done by | B115: AKASH
A117: Comment

Sheet 03
A1: Station: | B1: IGKV RAIPUR
A2: Date: | B2: =$A$9 -> 45325.01 | C2: Power Off | G2: Pw.Off | J2: Link Fail | L2: Link F | N2: Maintenance | P2: Maint.
A3: Report Type: | B3: Mean | C3: Calibration | G3: Calib. | J3: Data Fail | L3: Data F | N3: Invalid | P3: Invalid
A4: Time Base: | B4: 15 Min | C4: Zero Referrence | G4: Z.Ref | J4: Warm Up | L4: Wm. Up
A7: Date & Time | B7: NO | C7: NO2 | D7: NOX | E7: SO2 | F7: O3 | G7: PM 10 | H7: PM 2.5 | I7: BENZ | J7: WS | K7: WD | L7: TEMP | M7: HUM | N7: SR | O7: RG | P7: CO | Q7: NH3
B8: ug/m3 | C8: ug/m3 | D8: ppb | E8: ug/m3 | F8: ug/m3 | G8: ug/m3 | H8: ug/m3 | I8: ug/m3 | J8: m/sec | K8: deg | L8: degreC | M8: % | N8: w/m2 | O8: mm | P8: mg/m3 | Q8: ug/m3
A9: 45325.01 | B9: 14.38 | C9: 26.81 | D9: 26.89 | E9: 8.8 | F9: 3.27 | G9: 68.57 | H9: 33 | I9: 0 | J9: 0.13 | K9: 226.36 | L9: 19.76 | M9: 87.56 | N9: 0 | O9: 0 | P9: 0.98 | Q9: 4.83
A10: 45325.021 | B10: 14.54 | C10: 26.73 | D10: 26.97 | E10: 9.21 | F10: 3.26 | G10: 70.65 | H10: 33.46 | I10: 0 | J10: 0.1 | K10: 185.01 | L10: 19.89 | M10: 85.95 | N10: 0 | O10: 0 | P10: 0.98 | Q10: 4.83
A11: 45325.031 | B11: 15.81 | C11: 27.02 | D11: 28.15 | E11: 8.77 | F11: 3.21 | G11: 70.65 | H11: 33.46 | I11: 0 | J11: 0.11 | K11: 34.82 | L11: 20.04 | M11: 83.09 | N11: 0 | O11: 0 | P11: 1 | Q11: 4.84
A12: 45325.042 | B12: 19.14 | C12: 28.37 | D12: 31.52 | E12: 9.07 | F12: 3.15 | G12: 70.65 | H12: 33.46 | I12: 0 | J12: 0.21 | K12: 55.28 | L12: 20.34 | M12: 77.07 | N12: 0 | O12: 0 | P12: 1.04 | Q12: 4.83
A13: 45325.052 | B13: 21.66 | C13: 27.51 | D13: 33.1 | E13: 9.04 | F13: 3.43 | G13: 78.84 | H13: 35.37 | I13: 0 | J13: 0.35 | K13: 64.44 | L13: 20.5 | M13: 72.69 | N13: 0 | O13: 0 | P13: 1.06 | Q13: 4.86
A14: 45325.062 | B14: 22.92 | C14: 25.12 | D14: 32.85 | E14: 8.96 | F14: 3.57 | G14: 85.11 | H14: 35.99 | I14: 0 | J14: 0.61 | K14: 57.9 | L14: 20.35 | M14: 69.9 | N14: 0 | O14: 0 | P14: 1.06 | Q14: 4.86
A15: 45325.073 | B15: 23.22 | C15: 23.23 | D15: 32.11 | E15: 8.79 | F15: 3.55 | G15: 85.11 | H15: 35.99 | I15: 0 | J15: 0.79 | K15: 37.56 | L15: 20.99 | M15: 59.4 | N15: 0 | O15: 0 | P15: 1.04 | Q15: 4.87
A16: 45325.083 | B16: 22.88 | C16: 22.41 | D16: 31.41 | E16: 8.58 | F16: 3.47 | G16: 85.11 | H16: 35.99 | I16: 0 | J16: 0.67 | K16: 39.91 | L16: 20.58 | M16: 62.81 | N16: 0 | O16: 0 | P16: 1.02 | Q16: 4.87
A17: 45325.094 | B17: 22.5 | C17: 23.3 | D17: 31.57 | E17: 5.89 | F17: 3.33 | G17: 83.24 | H17: 35.43 | I17: 0 | J17: 0.65 | K17: 47.65 | L17: 20.22 | M17: 62.23 | N17: 0 | O17: 0 | P17: 1.02 | Q17: 4.87
A18: 45325.104 | B18: 22.22 | C18: 24.45 | D18: 31.95 | E18: 6.67 | F18: 3.31 | G18: 81.82 | H18: 35.11 | I18: 0 | J18: 0.63 | K18: 44.51 | L18: 19.96 | M18: 61.17 | N18: 0 | O18: 0 | P18: 1.01 | Q18: 4.87
A19: 45325.115 | B19: 21.85 | C19: 24.7 | D19: 31.78 | E19: 6.76 | F19: 3.32 | G19: 81.82 | H19: 35.11 | I19: 0 | J19: 0.45 | K19: 51.76 | L19: 19.72 | M19: 60.45 | N19: 0 | O19: 0 | P19: 0.99 | Q19: 4.89
A20: 45325.125 | B20: 21.53 | C20: 24.87 | D20: 31.61 | E20: 6.59 | F20: 3.24 | G20: 81.82 | H20: 35.11 | I20: 0 | J20: 0.27 | K20: 62.91 | L20: 19.25 | M20: 63.2 | N20: 0 | O20: 0 | P20: 0.99 | Q20: 4.88
... A104: 45326 | B104: 25.09 | C104: 23.51 | D104: 33.76 | E104: 6.92 | F104: 3.25 | G104: 112.68 | H104: 37.28 | I104: 0 | J104: 0.12 | K104: 174.6 | L104: 16.7 | M104: 78.88 | N104: 0 | O104: 0 | P104: 0.94 | Q104: 4.96
A106: Min | B106: =MIN(B9:B104) -> 5.97 | C106: =MIN(C9:C104) -> 19.44 | D106: =MIN(D9:D104) -> 17.37 | E106: =MIN(E9:E104) -> 5.82 | F106: =MIN(F9:F104) -> 3.08 | G106: =MIN(G9:G104) -> 56.55 | H106: =MIN(H9:H104) -> 20.63 | I106: =MIN(I9:I104) -> 0 | ... Q106: =MIN(Q9:Q104) -> 4.81
A107: Max | B107: =MAX(B9:B104) -> 34.99 | C107: =MAX(C9:C104) -> 30.95 | D107: =MAX(D9:D104) -> 45 | E107: =MAX(E9:E104) -> 9.21 | F107: =MAX(F9:F104) -> 6.15 | G107: =MAX(G9:G104) -> 112.68 | H107: =MAX(H9:H104) -> 37.28 | I107: =MAX(I9:I104) -> 0 | ... Q107: =MAX(Q9:Q104) -> 5.08
A108: Avg | B108: =AVERAGE(B9:B104) -> 18.459271 | C108: =AVERAGE(C9:C104) -> 24.984375 | D108: =AVERAGE(D9:D104) -> 29.207812 | E108: =AVERAGE(E9:E104) -> 7.0232292 | F108: =AVERAGE(F9:F104) -> 3.735 | G108: =AVERAGE(G9:G104) -> 76.079167 | H108: =AVERAGE(H9:H104) -> 29.357813 | I108: =AVERAGE(I9:I104) -> 0 | ... Q108: =AVERAGE(Q9:Q104) -> 4.9161458
A109: Stdev | B109: =STDEV(B9:B104) -> 7.9367606 | C109: =STDEV(C9:C104) -> 3.1671803 | D109: =STDEV(D9:D104) -> 7.4317232 | E109: =STDEV(E9:E104) -> 0.81815903 | F109: =STDEV(F9:F104) -> 0.71987426 | G109: =STDEV(G9:G104) -> 16.128677 | H109: =STDEV(H9:H104) -> 4.7196517 | I109: =STDEV(I9:I104) -> 0 | ... Q109: =STDEV(Q9:Q104) -> 0.073145418
A110: Num | B110: =COUNT(B9:B104) -> 96 | C110: =COUNT(C9:C104) -> 96 | D110: =COUNT(D9:D104) -> 96 | E110: =COUNT(E9:E104) -> 96 | F110: =COUNT(F9:F104) -> 96 | G110: =COUNT(G9:G104) -> 96 | H110: =COUNT(H9:H104) -> 96 | I110: =COUNT(I9:I104) -> 96 | ... Q110: =COUNT(Q9:Q104) -> 96
A111: DCR | B111: =IF(B110>=87,">90%",IF(B110<=87,"<90%")) -> >90% | C111: =IF(C110>=87,">90%",IF(C110<=87,"<90%")) -> >90% | D111: =IF(D110>=87,">90%",IF(D110<=87,"<90%")) -> >90% | E111: =IF(E110>=87,">90%",IF(E110<=87,"<90%")) -> >90% | F111: =IF(F110>=87,">90%",IF(F110<=87,"<90%")) -> >90% | G111: =IF(G110>=87,">90%",IF(G110<=87,"<90%")) -> >90% | H111: =IF(H110>=87,">90%",IF(H110<=87,"<90%")) -> >90% | I111: =IF(I110>=87,">90%",IF(I110<=87,"<90%")) -> >90% | ... Q111: =IF(Q110>=87,">90%",IF(Q110<=87,"<90%")) -> >90%
A112: Status | B112: =IF(B110>=87,"OK",IF(B110<=87,"LESS")) -> OK | C112: =IF(C110>=87,"OK",IF(C110<=87,"LESS")) -> OK | D112: =IF(D110>=87,"OK",IF(D110<=87,"LESS")) -> OK | E112: =IF(E110>=87,"OK",IF(E110<=87,"LESS")) -> OK | F112: =IF(F110>=87,"OK",IF(F110<=87,"LESS")) -> OK | G112: =IF(G110>=87,"OK",IF(G110<=87,"LESS")) -> OK | H112: =IF(H110>=87,"OK",IF(H110<=87,"LESS")) -> OK | I112: =IF(I110>=87,"OK",IF(I110<=87,"LESS")) -> OK | ... Q112: =IF(Q110>=87,"OK",IF(Q110<=87,"LESS")) -> OK
A115: Done by | B115: AKASH
A117: Comment

Sheet 04
A1: Station: | B1: IGKV RAIPUR
A2: Date: | B2: =$A$9 -> 45326.01 | C2: Power Off | G2: Pw.Off | J2: Link Fail | L2: Link F | N2: Maintenance | P2: Maint.
A3: Report Type: | B3: Mean | C3: Calibration | G3: Calib. | J3: Data Fail | L3: Data F | N3: Invalid | P3: Invalid
A4: Time Base: | B4: 15 Min | C4: Zero Referrence | G4: Z.Ref | J4: Warm Up | L4: Wm. Up
A7: Date & Time | B7: NO | C7: NO2 | D7: NOX | E7: SO2 | F7: O3 | G7: PM 10 | H7: PM 2.5 | I7: BENZ | J7: WS | K7: WD | L7: TEMP | M7: HUM | N7: SR | O7: RG | P7: CO | Q7: NH3
B8: ug/m3 | C8: ug/m3 | D8: ppb | E8: ug/m3 | F8: ug/m3 | G8: ug/m3 | H8: ug/m3 | I8: ug/m3 | J8: m/sec | K8: deg | L8: degreC | M8: % | N8: w/m2 | O8: mm | P8: mg/m3 | Q8: ug/m3
A9: 45326.01 | B9: 24.31 | C9: 23.53 | D9: 33.14 | E9: 6.78 | F9: 3.34 | G9: 112.79 | H9: 36.84 | I9: 0 | J9: 0.17 | K9: 178.23 | L9: 17.04 | M9: 77.34 | N9: 0 | O9: 0 | P9: 0.95 | Q9: 4.95
A10: 45326.021 | B10: 24.13 | C10: 24.45 | D10: 33.47 | E10: 7.11 | F10: 3.16 | G10: 112.88 | H10: 36.7 | I10: 0 | J10: 0.13 | K10: 174.33 | L10: 16.85 | M10: 81.55 | N10: 0 | O10: 0 | P10: 0.96 | Q10: 4.94
A11: 45326.031 | B11: 24.25 | C11: 23.71 | D11: 33.19 | E11: 7.31 | F11: 3.27 | G11: 112.88 | H11: 36.7 | I11: 0 | J11: 0.09 | K11: 51.25 | L11: 16.98 | M11: 74.45 | N11: 0 | O11: 0 | P11: 0.96 | Q11: 4.95
A12: 45326.042 | B12: 27.07 | C12: 25.08 | D12: 36.16 | E12: 7.19 | F12: 3.27 | G12: 112.88 | H12: 36.7 | I12: 0 | J12: 0.08 | K12: 193.48 | L12: 17.14 | M12: 72.31 | N12: 0 | O12: 0 | P12: 0.97 | Q12: 4.97
A13: 45326.052 | B13: 31.34 | C13: 24.55 | D13: 39.31 | E13: 6.81 | F13: 3.32 | G13: 109.56 | H13: 35.85 | I13: 0 | J13: 0.22 | K13: 191.84 | L13: 16.92 | M13: 77.92 | N13: 0 | O13: 0 | P13: 0.97 | Q13: 4.99
A14: 45326.062 | B14: 33.99 | C14: 26.83 | D14: 42.63 | E14: 7.42 | F14: 3.19 | G14: 107.03 | H14: 35.58 | I14: 0 | J14: 0.15 | K14: 185.58 | L14: 16.38 | M14: 81.44 | N14: 0 | O14: 0 | P14: 0.99 | Q14: 5.01
A15: 45326.073 | B15: 35.66 | C15: 27.12 | D15: 44.11 | E15: 7.47 | F15: 3.25 | G15: 107.03 | H15: 35.58 | I15: 0 | J15: 0.18 | K15: 180.11 | L15: 16.35 | M15: 83.2 | N15: 0 | O15: 0 | P15: 0.98 | Q15: 5.07
A16: 45326.083 | B16: 36.87 | C16: 27.44 | D16: 45.26 | E16: 7.32 | F16: 3.22 | G16: 107.03 | H16: 35.58 | I16: 0 | J16: 0.16 | K16: 187.43 | L16: 16.16 | M16: 84.13 | N16: 0 | O16: 0 | P16: 0.99 | Q16: 5.1
A17: 45326.094 | B17: 37.41 | C17: 27.25 | D17: 45.59 | E17: 6.29 | F17: 3.35 | G17: 104.07 | H17: 35.91 | I17: 0 | J17: 0.18 | K17: 156.24 | L17: 16.02 | M17: 82.44 | N17: 0 | O17: 0 | P17: 0.99 | Q17: 5.09
A18: 45326.104 | B18: 37.29 | C18: 27.37 | D18: 45.55 | E18: 7.74 | F18: 3.42 | G18: 101.82 | H18: 36.1 | I18: 0 | J18: 0.18 | K18: 171.44 | L18: 16.08 | M18: 81.17 | N18: 0 | O18: 0 | P18: 1 | Q18: 5.06
A19: 45326.115 | B19: 37.12 | C19: 27.39 | D19: 45.43 | E19: 7.83 | F19: 3.26 | G19: 101.82 | H19: 36.1 | I19: 0 | J19: 0.03 | K19: 126.69 | L19: 15.96 | M19: 82.03 | N19: 0 | O19: 0 | P19: 0.99 | Q19: 5.07
A20: 45326.125 | B20: 40.4 | C20: 27.63 | D20: 48.19 | E20: 7.92 | F20: 3.31 | G20: 101.82 | H20: 36.1 | I20: 0 | J20: 0.12 | K20: 197.37 | L20: 16.03 | M20: 81.45 | N20: 0 | O20: 0 | P20: 1 | Q20: 5.11
... A104: 45327 | B104: 7.08 | C104: 21.22 | D104: 18.12 | E104: 10 | F104: 3.48 | G104: 51.27 | H104: 20.8 | I104: 0 | J104: 0.15 | K104: 202.57 | L104: 18.95 | M104: 72.82 | N104: 0 | O104: 0 | P104: 0.74 | Q104: 4.8
A106: Min | B106: =MIN(B9:B104) -> 3.72 | C106: =MIN(C9:C104) -> 13.79 | D106: =MIN(D9:D104) -> 12.29 | E106: =MIN(E9:E104) -> 6.14 | F106: =MIN(F9:F104) -> 3.09 | G106: =MIN(G9:G104) -> 25.52 | H106: =MIN(H9:H104) -> 13.27 | I106: =MIN(I9:I104) -> 0 | ... Q106: =MIN(Q9:Q104) -> 4.71
A107: Max | B107: =MAX(B9:B104) -> 57.04 | C107: =MAX(C9:C104) -> 29 | D107: =MAX(D9:D104) -> 62.06 | E107: =MAX(E9:E104) -> 10.33 | F107: =MAX(F9:F104) -> 8.52 | G107: =MAX(G9:G104) -> 112.88 | H107: =MAX(H9:H104) -> 42.12 | I107: =MAX(I9:I104) -> 0 | ... Q107: =MAX(Q9:Q104) -> 5.26
A108: Avg | B108: =AVERAGE(B9:B104) -> 24.18125 | C108: =AVERAGE(C9:C104) -> 22.964375 | D108: =AVERAGE(D9:D104) -> 32.740833 | E108: =AVERAGE(E9:E104) -> 7.9361458 | F108: =AVERAGE(F9:F104) -> 4.0761458 | G108: =AVERAGE(G9:G104) -> 70.3125 | H108: =AVERAGE(H9:H104) -> 27.816875 | I108: =AVERAGE(I9:I104) -> 0 | ... Q108: =AVERAGE(Q9:Q104) -> 4.9394792
A109: Stdev | B109: =STDEV(B9:B104) -> 20.118923 | C109: =STDEV(C9:C104) -> 4.6281591 | D109: =STDEV(D9:D104) -> 18.149797 | E109: =STDEV(E9:E104) -> 1.1126359 | F109: =STDEV(F9:F104) -> 1.3459697 | G109: =STDEV(G9:G104) -> 31.531405 | H109: =STDEV(H9:H104) -> 10.017352 | I109: =STDEV(I9:I104) -> 0 | ... Q109: =STDEV(Q9:Q104) -> 0.18373533
A110: Num | B110: =COUNT(B9:B104) -> 96 | C110: =COUNT(C9:C104) -> 96 | D110: =COUNT(D9:D104) -> 96 | E110: =COUNT(E9:E104) -> 96 | F110: =COUNT(F9:F104) -> 96 | G110: =COUNT(G9:G104) -> 96 | H110: =COUNT(H9:H104) -> 96 | I110: =COUNT(I9:I104) -> 96 | ... Q110: =COUNT(Q9:Q104) -> 96
A111: DCR | B111: =IF(B110>=87,">90%",IF(B110<=87,"<90%")) -> >90% | C111: =IF(C110>=87,">90%",IF(C110<=87,"<90%")) -> >90% | D111: =IF(D110>=87,">90%",IF(D110<=87,"<90%")) -> >90% | E111: =IF(E110>=87,">90%",IF(E110<=87,"<90%")) -> >90% | F111: =IF(F110>=87,">90%",IF(F110<=87,"<90%")) -> >90% | G111: =IF(G110>=87,">90%",IF(G110<=87,"<90%")) -> >90% | H111: =IF(H110>=87,">90%",IF(H110<=87,"<90%")) -> >90% | I111: =IF(I110>=87,">90%",IF(I110<=87,"<90%")) -> >90% | ... Q111: =IF(Q110>=87,">90%",IF(Q110<=87,"<90%")) -> >90%
A112: Status | B112: =IF(B110>=87,"OK",IF(B110<=87,"LESS")) -> OK | C112: =IF(C110>=87,"OK",IF(C110<=87,"LESS")) -> OK | D112: =IF(D110>=87,"OK",IF(D110<=87,"LESS")) -> OK | E112: =IF(E110>=87,"OK",IF(E110<=87,"LESS")) -> OK | F112: =IF(F110>=87,"OK",IF(F110<=87,"LESS")) -> OK | G112: =IF(G110>=87,"OK",IF(G110<=87,"LESS")) -> OK | H112: =IF(H110>=87,"OK",IF(H110<=87,"LESS")) -> OK | I112: =IF(I110>=87,"OK",IF(I110<=87,"LESS")) -> OK | ... Q112: =IF(Q110>=87,"OK",IF(Q110<=87,"LESS")) -> OK
A115: Done by | B115: AKASH
A117: Comment

Sheet 05
A1: Station: | B1: IGKV RAIPUR
A2: Date: | B2: =$A$9 -> 45327.01 | C2: Power Off | G2: Pw.Off | J2: Link Fail | L2: Link F | N2: Maintenance | P2: Maint.
A3: Report Type: | B3: Mean | C3: Calibration | G3: Calib. | J3: Data Fail | L3: Data F | N3: Invalid | P3: Invalid
A4: Time Base: | B4: 15 Min | C4: Zero Referrence | G4: Z.Ref | J4: Warm Up | L4: Wm. Up
A7: Date & Time | B7: NO | C7: NO2 | D7: NOX | E7: SO2 | F7: O3 | G7: PM 10 | H7: PM 2.5 | I7: BENZ | J7: WS | K7: WD | L7: TEMP | M7: HUM | N7: SR | O7: RG | P7: CO | Q7: NH3
B8: ug/m3 | C8: ug/m3 | D8: ppb | E8: ug/m3 | F8: ug/m3 | G8: ug/m3 | H8: ug/m3 | I8: ug/m3 | J8: m/sec | K8: deg | L8: degreC | M8: % | N8: w/m2 | O8: mm | P8: mg/m3 | Q8: ug/m3
A9: 45327.01 | B9: 6.95 | C9: 21.34 | D9: 18.07 | E9: 10.03 | F9: 3.39 | G9: 50.51 | H9: 21.83 | I9: 0 | J9: 0.17 | K9: 198.94 | L9: 18.57 | M9: 75.6 | N9: 0 | O9: 0 | P9: 0.75 | Q9: 4.78
A10: 45327.021 | B10: 7.24 | C10: 21.37 | D10: 18.32 | E10: 10.3 | F10: 3.34 | G10: 49.93 | H10: 22.16 | I10: 0 | J10: 0.12 | K10: 196.44 | L10: 18.34 | M10: 74.49 | N10: 0 | O10: 0 | P10: 0.76 | Q10: 4.79
A11: 45327.031 | B11: 7.34 | C11: 21.41 | D11: 18.42 | E11: 10.14 | F11: 3.38 | G11: 49.93 | H11: 22.16 | I11: 0 | J11: 0.09 | K11: 189.91 | L11: 18.15 | M11: 76.66 | N11: 0 | O11: 0 | P11: 0.76 | Q11: 4.78
A12: 45327.042 | B12: 7.41 | C12: 21.55 | D12: 18.55 | E12: 10.35 | F12: 3.38 | G12: 49.93 | H12: 22.16 | I12: 0 | J12: 0.09 | K12: 166.06 | L12: 18.17 | M12: 72.49 | N12: 0 | O12: 0 | P12: 0.76 | Q12: 4.77
A13: 45327.052 | B13: 7.38 | C13: 21.64 | D13: 18.58 | E13: 10.26 | F13: 3.43 | G13: 48.24 | H13: 22.34 | I13: 0 | J13: 0.07 | K13: 198.36 | L13: 18.27 | M13: 70.59 | N13: 0 | O13: 0 | P13: 0.77 | Q13: 4.78
A14: 45327.062 | B14: 7.43 | C14: 21.51 | D14: 18.55 | E14: 10.19 | F14: 3.38 | G14: 46.94 | H14: 22.4 | I14: 0 | J14: 0.09 | K14: 214.15 | L14: 18.42 | M14: 69.06 | N14: 0 | O14: 0 | P14: 0.76 | Q14: 4.77
A15: 45327.073 | B15: 7.25 | C15: 21.59 | D15: 18.44 | E15: 10.08 | F15: 3.4 | G15: 46.94 | H15: 22.4 | I15: 0 | J15: 0.08 | K15: 173.36 | L15: 18.41 | M15: 70.29 | N15: 0 | O15: 0 | P15: 0.76 | Q15: 4.77
A16: 45327.083 | B16: 7.13 | C16: 21.5 | D16: 18.3 | E16: 10.69 | F16: 3.46 | G16: 46.94 | H16: 22.4 | I16: 0 | J16: 0.08 | K16: 216.46 | L16: 18.19 | M16: 71.04 | N16: 0 | O16: 0 | P16: 0.75 | Q16: 4.79
A17: 45327.094 | B17: 6.92 | C17: 21.45 | D17: 18.11 | E17: 5.59 | F17: 3.52 | G17: 47.73 | H17: 22.06 | I17: 0 | J17: 0.09 | K17: 234.4 | L17: 18.18 | M17: 70.2 | N17: 0 | O17: 0 | P17: 0.75 | Q17: 4.77
A18: 45327.104 | B18: 6.89 | C18: 20.86 | D18: 17.78 | E18: 6.2 | F18: 3.42 | G18: 48.33 | H18: 21.86 | I18: 0 | J18: 0.14 | K18: 157.69 | L18: 18.18 | M18: 73.38 | N18: 0 | O18: 0 | P18: 0.74 | Q18: 4.75
A19: 45327.115 | B19: 7 | C19: 19.63 | D19: 17.22 | E19: 5.55 | F19: 3.59 | G19: 48.33 | H19: 21.86 | I19: 0 | J19: 0.15 | K19: 173.27 | L19: 17.94 | M19: 75.82 | N19: 0 | O19: 0 | P19: 0.75 | Q19: 4.74
A20: 45327.125 | B20: 7.04 | C20: 18.07 | D20: 16.44 | E20: 5.45 | F20: 3.75 | G20: 48.33 | H20: 21.86 | I20: 0 | J20: 0.19 | K20: 161.63 | L20: 17.93 | M20: 76.66 | N20: 0 | O20: 0 | P20: 0.73 | Q20: 4.75
... A104: 45328 | B104: 7.92 | C104: 16.86 | D104: 16.51 | E104: 6.08 | F104: 3.22 | G104: 78.05 | H104: 31.31 | I104: 0 | J104: 0.16 | K104: 173.69 | L104: 21.64 | M104: 80.63 | N104: 0 | O104: 0 | P104: 0.87 | Q104: 4.71
A106: Min | B106: =MIN(B9:B104) -> 3.63 | C106: =MIN(C9:C104) -> 11.49 | D106: =MIN(D9:D104) -> 10.37 | E106: =MIN(E9:E104) -> 5.38 | F106: =MIN(F9:F104) -> 3.17 | G106: =MIN(G9:G104) -> 42 | H106: =MIN(H9:H104) -> 16.53 | I106: =MIN(I9:I104) -> 0 | ... Q106: =MIN(Q9:Q104) -> 4.66
A107: Max | B107: =MAX(B9:B104) -> 16.22 | C107: =MAX(C9:C104) -> 23.02 | D107: =MAX(D9:D104) -> 25.48 | E107: =MAX(E9:E104) -> 10.76 | F107: =MAX(F9:F104) -> 13.45 | G107: =MAX(G9:G104) -> 78.05 | H107: =MAX(H9:H104) -> 31.31 | I107: =MAX(I9:I104) -> 0 | ... Q107: =MAX(Q9:Q104) -> 4.86
A108: Avg | B108: =AVERAGE(B9:B104) -> 7.4853125 | C108: =AVERAGE(C9:C104) -> 19.239063 | D108: =AVERAGE(D9:D104) -> 17.405833 | E108: =AVERAGE(E9:E104) -> 6.9905208 | F108: =AVERAGE(F9:F104) -> 4.7844792 | G108: =AVERAGE(G9:G104) -> 55.092083 | H108: =AVERAGE(H9:H104) -> 22.973125 | I108: =AVERAGE(I9:I104) -> 0 | ... Q108: =AVERAGE(Q9:Q104) -> 4.7576042
A109: Stdev | B109: =STDEV(B9:B104) -> 3.8883729 | C109: =STDEV(C9:C104) -> 3.0578162 | D109: =STDEV(D9:D104) -> 4.1420152 | E109: =STDEV(E9:E104) -> 1.4570232 | F109: =STDEV(F9:F104) -> 2.2207239 | G109: =STDEV(G9:G104) -> 10.748065 | H109: =STDEV(H9:H104) -> 3.5615397 | I109: =STDEV(I9:I104) -> 0 | ... Q109: =STDEV(Q9:Q104) -> 0.050110295
A110: Num | B110: =COUNT(B9:B104) -> 96 | C110: =COUNT(C9:C104) -> 96 | D110: =COUNT(D9:D104) -> 96 | E110: =COUNT(E9:E104) -> 96 | F110: =COUNT(F9:F104) -> 96 | G110: =COUNT(G9:G104) -> 96 | H110: =COUNT(H9:H104) -> 96 | I110: =COUNT(I9:I104) -> 96 | ... Q110: =COUNT(Q9:Q104) -> 96
A111: DCR | B111: =IF(B110>=87,">90%",IF(B110<=87,"<90%")) -> >90% | C111: =IF(C110>=87,">90%",IF(C110<=87,"<90%")) -> >90% | D111: =IF(D110>=87,">90%",IF(D110<=87,"<90%")) -> >90% | E111: =IF(E110>=87,">90%",IF(E110<=87,"<90%")) -> >90% | F111: =IF(F110>=87,">90%",IF(F110<=87,"<90%")) -> >90% | G111: =IF(G110>=87,">90%",IF(G110<=87,"<90%")) -> >90% | H111: =IF(H110>=87,">90%",IF(H110<=87,"<90%")) -> >90% | I111: =IF(I110>=87,">90%",IF(I110<=87,"<90%")) -> >90% | ... Q111: =IF(Q110>=87,">90%",IF(Q110<=87,"<90%")) -> >90%
A112: Status | B112: =IF(B110>=87,"OK",IF(B110<=87,"LESS")) -> OK | C112: =IF(C110>=87,"OK",IF(C110<=87,"LESS")) -> OK | D112: =IF(D110>=87,"OK",IF(D110<=87,"LESS")) -> OK | E112: =IF(E110>=87,"OK",IF(E110<=87,"LESS")) -> OK | F112: =IF(F110>=87,"OK",IF(F110<=87,"LESS")) -> OK | G112: =IF(G110>=87,"OK",IF(G110<=87,"LESS")) -> OK | H112: =IF(H110>=87,"OK",IF(H110<=87,"LESS")) -> OK | I112: =IF(I110>=87,"OK",IF(I110<=87,"LESS")) -> OK | ... Q112: =IF(Q110>=87,"OK",IF(Q110<=87,"LESS")) -> OK
A115: Done by | B115: AKASH
A117: Comment

Sheet 06
A1: Station: | B1: IGKV RAIPUR
A2: Date: | B2: =$A$9 -> 45328.01 | C2: Power Off | G2: Pw.Off | J2: Link Fail | L2: Link F | N2: Maintenance | P2: Maint.
A3: Report Type: | B3: Mean | C3: Calibration | G3: Calib. | J3: Data Fail | L3: Data F | N3: Invalid | P3: Invalid
A4: Time Base: | B4: 15 Min | C4: Zero Referrence | G4: Z.Ref | J4: Warm Up | L4: Wm. Up
A7: Date & Time | B7: NO | C7: NO2 | D7: NOX | E7: SO2 | F7: O3 | G7: PM 10 | H7: PM 2.5 | I7: BENZ | J7: WS | K7: WD | L7: TEMP | M7: HUM | N7: SR | O7: RG | P7: CO | Q7: NH3
B8: ug/m3 | C8: ug/m3 | D8: ppb | E8: ug/m3 | F8: ug/m3 | G8: ug/m3 | H8: ug/m3 | I8: ug/m3 | J8: m/sec | K8: deg | L8: degreC | M8: % | N8: w/m2 | O8: mm | P8: mg/m3 | Q8: ug/m3
A9: 45328.01 | B9: 8.72 | C9: 18.51 | D9: 18.01 | E9: 6.51 | F9: 3.18 | G9: 74.89 | H9: 31.33 | I9: 0 | J9: 0.13 | K9: 179.39 | L9: 21.51 | M9: 83.01 | N9: 0 | O9: 0 | P9: 0.86 | Q9: 4.73
A10: 45328.021 | B10: 9.22 | C10: 16.21 | D10: 17.22 | E10: 6.38 | F10: 3.5 | G10: 72.47 | H10: 31.34 | I10: 0 | J10: 0.09 | K10: 144.77 | L10: 21.35 | M10: 81.84 | N10: 0 | O10: 0 | P10: 0.85 | Q10: 4.73
A11: 45328.031 | B11: 9.4 | C11: 15 | D11: 16.72 | E11: 5.72 | F11: 3.43 | G11: 72.47 | H11: 31.34 | I11: 0 | J11: 0.11 | K11: 145.9 | L11: 21.38 | M11: 80.41 | N11: 0 | O11: 0 | P11: 0.84 | Q11: 4.75
A12: 45328.042 | B12: 9.51 | C12: 15.45 | D12: 17.05 | E12: 6.19 | F12: 3.39 | G12: 72.47 | H12: 31.34 | I12: 0 | J12: 0.08 | K12: 152.57 | L12: 21.23 | M12: 82.45 | N12: 0 | O12: 0 | P12: 0.84 | Q12: 4.73
A13: 45328.052 | B13: 9.58 | C13: 16.81 | D13: 17.82 | E13: 5.7 | F13: 3.23 | G13: 67.51 | H13: 29.88 | I13: 0 | J13: 0.08 | K13: 200.41 | L13: 21.11 | M13: 81.85 | N13: 0 | O13: 0 | P13: 0.84 | Q13: 4.75
A14: 45328.062 | B14: 9.75 | C14: 17.17 | D14: 18.14 | E14: 6.24 | F14: 3.25 | G14: 63.71 | H14: 29.41 | I14: 0 | J14: 0.11 | K14: 157.14 | L14: 21.26 | M14: 81.41 | N14: 0 | O14: 0 | P14: 0.84 | Q14: 4.75
A15: 45328.073 | B15: 9.9 | C15: 15.91 | D15: 17.6 | E15: 5.61 | F15: 3.55 | G15: 63.71 | H15: 29.41 | I15: 0 | J15: 0.05 | K15: 148.28 | L15: 21.29 | M15: 80.44 | N15: 0 | O15: 0 | P15: 0.83 | Q15: 4.76
A16: 45328.083 | B16: 9.97 | C16: 14.38 | D16: 16.86 | E16: 5.88 | F16: 3.65 | G16: 63.71 | H16: 29.41 | I16: 0 | J16: 0.06 | K16: 159.76 | L16: 21.23 | M16: 80.03 | N16: 0 | O16: 0 | P16: 0.82 | Q16: 4.76
A17: 45328.094 | B17: 9.96 | C17: 14.48 | D17: 16.91 | E17: 5.89 | F17: 3.43 | G17: 54.9 | H17: 28.43 | I17: 0 | J17: 0.12 | K17: 168.65 | L17: 21.16 | M17: 81.47 | N17: 0 | O17: 0 | P17: 0.81 | Q17: 4.75
A18: 45328.104 | B18: 10.04 | C18: 15.52 | D18: 17.51 | E18: 7.32 | F18: 3.32 | G18: 48.16 | H18: 27.82 | I18: 0 | J18: 0.14 | K18: 162.21 | L18: 20.93 | M18: 83.54 | N18: 0 | O18: 0 | P18: 0.81 | Q18: 4.76
A19: 45328.115 | B19: 10.08 | C19: 16.52 | D19: 18.07 | E19: 7.43 | F19: 3.2 | G19: 48.16 | H19: 27.82 | I19: 0 | J19: 0.14 | K19: 155.58 | L19: 20.78 | M19: 83.93 | N19: 0 | O19: 0 | P19: 0.81 | Q19: 4.73
A20: 45328.125 | B20: 10.13 | C20: 16.94 | D20: 18.33 | E20: 7.7 | F20: 3.26 | G20: 48.16 | H20: 27.82 | I20: 0 | J20: 0.14 | K20: 158.7 | L20: 20.76 | M20: 83.99 | N20: 0 | O20: 0 | P20: 0.8 | Q20: 4.75
... A104: 45329 | B104: 19.26 | C104: 22.9 | D104: 28.76 | E104: 6.26 | F104: 3.52 | G104: 101.15 | H104: 36.32 | I104: 0 | J104: 0.96 | K104: 54.01 | L104: 22.42 | M104: 67.55 | N104: 0 | O104: 0 | P104: 0.84 | Q104: 4.91
A106: Min | B106: =MIN(B9:B104) -> 4.75 | C106: =MIN(C9:C104) -> 14.38 | D106: =MIN(D9:D104) -> 13.53 | E106: =MIN(E9:E104) -> 5.61 | F106: =MIN(F9:F104) -> 3.13 | G106: =MIN(G9:G104) -> 41.2 | H106: =MIN(H9:H104) -> 19.18 | I106: =MIN(I9:I104) -> 0 | ... Q106: =MIN(Q9:Q104) -> 4.65
A107: Max | B107: =MAX(B9:B104) -> 21.2 | C107: =MAX(C9:C104) -> 24.14 | D107: =MAX(D9:D104) -> 29.54 | E107: =MAX(E9:E104) -> 10.86 | F107: =MAX(F9:F104) -> 12.06 | G107: =MAX(G9:G104) -> 111.73 | H107: =MAX(H9:H104) -> 37.22 | I107: =MAX(I9:I104) -> 0 | ... Q107: =MAX(Q9:Q104) -> 4.94
A108: Avg | B108: =AVERAGE(B9:B104) -> 11.308646 | C108: =AVERAGE(C9:C104) -> 18.202396 | D108: =AVERAGE(D9:D104) -> 19.930521 | E108: =AVERAGE(E9:E104) -> 7.7535417 | F108: =AVERAGE(F9:F104) -> 4.9288542 | G108: =AVERAGE(G9:G104) -> 62.23375 | H108: =AVERAGE(H9:H104) -> 27.188333 | I108: =AVERAGE(I9:I104) -> 0 | ... Q108: =AVERAGE(Q9:Q104) -> 4.7635417
A109: Stdev | B109: =STDEV(B9:B104) -> 5.0813483 | C109: =STDEV(C9:C104) -> 2.8298297 | D109: =STDEV(D9:D104) -> 5.1976937 | E109: =STDEV(E9:E104) -> 1.4264295 | F109: =STDEV(F9:F104) -> 2.4879613 | G109: =STDEV(G9:G104) -> 18.915315 | H109: =STDEV(H9:H104) -> 4.4227987 | I109: =STDEV(I9:I104) -> 0 | ... Q109: =STDEV(Q9:Q104) -> 0.062153954
A110: Num | B110: =COUNT(B9:B104) -> 96 | C110: =COUNT(C9:C104) -> 96 | D110: =COUNT(D9:D104) -> 96 | E110: =COUNT(E9:E104) -> 96 | F110: =COUNT(F9:F104) -> 96 | G110: =COUNT(G9:G104) -> 96 | H110: =COUNT(H9:H104) -> 96 | I110: =COUNT(I9:I104) -> 96 | ... Q110: =COUNT(Q9:Q104) -> 96
A111: DCR | B111: =IF(B110>=87,">90%",IF(B110<=87,"<90%")) -> >90% | C111: =IF(C110>=87,">90%",IF(C110<=87,"<90%")) -> >90% | D111: =IF(D110>=87,">90%",IF(D110<=87,"<90%")) -> >90% | E111: =IF(E110>=87,">90%",IF(E110<=87,"<90%")) -> >90% | F111: =IF(F110>=87,">90%",IF(F110<=87,"<90%")) -> >90% | G111: =IF(G110>=87,">90%",IF(G110<=87,"<90%")) -> >90% | H111: =IF(H110>=87,">90%",IF(H110<=87,"<90%")) -> >90% | I111: =IF(I110>=87,">90%",IF(I110<=87,"<90%")) -> >90% | ... Q111: =IF(Q110>=87,">90%",IF(Q110<=87,"<90%")) -> >90%
A112: Status | B112: =IF(B110>=87,"OK",IF(B110<=87,"LESS")) -> OK | C112: =IF(C110>=87,"OK",IF(C110<=87,"LESS")) -> OK | D112: =IF(D110>=87,"OK",IF(D110<=87,"LESS")) -> OK | E112: =IF(E110>=87,"OK",IF(E110<=87,"LESS")) -> OK | F112: =IF(F110>=87,"OK",IF(F110<=87,"LESS")) -> OK | G112: =IF(G110>=87,"OK",IF(G110<=87,"LESS")) -> OK | H112: =IF(H110>=87,"OK",IF(H110<=87,"LESS")) -> OK | I112: =IF(I110>=87,"OK",IF(I110<=87,"LESS")) -> OK | ... Q112: =IF(Q110>=87,"OK",IF(Q110<=87,"LESS")) -> OK
A115: Done by | B115: AKASH
A117: Comment

Sheet 07
A1: Station: | B1: IGKV RAIPUR
A2: Date: | B2: =$A$9 -> 45329.01 | C2: Power Off | G2: Pw.Off | J2: Link Fail | L2: Link F | N2: Maintenance | P2: Maint.
A3: Report Type: | B3: Mean | C3: Calibration | G3: Calib. | J3: Data Fail | L3: Data F | N3: Invalid | P3: Invalid
A4: Time Base: | B4: 15 Min | C4: Zero Referrence | G4: Z.Ref | J4: Warm Up | L4: Wm. Up
A7: Date & Time | B7: NO | C7: NO2 | D7: NOX | E7: SO2 | F7: O3 | G7: PM 10 | H7: PM 2.5 | I7: BENZ | J7: WS | K7: WD | L7: TEMP | M7: HUM | N7: SR | O7: RG | P7: CO | Q7: NH3
B8: ug/m3 | C8: ug/m3 | D8: ppb | E8: ug/m3 | F8: ug/m3 | G8: ug/m3 | H8: ug/m3 | I8: ug/m3 | J8: m/sec | K8: deg | L8: degreC | M8: % | N8: w/m2 | O8: mm | P8: mg/m3 | Q8: ug/m3
A9: 45329.01 | B9: 17.2 | C9: 23.58 | D9: 27.47 | E9: 6.92 | F9: 3.53 | G9: 91.55 | H9: 33.06 | I9: 0 | J9: 1.14 | K9: 47.75 | L9: 22.22 | M9: 68.57 | N9: 0 | O9: 0 | P9: 0.83 | Q9: 4.91
A10: 45329.021 | B10: 16.89 | C10: 23.69 | D10: 27.27 | E10: 6.2 | F10: 3.45 | G10: 84.2 | H10: 32.04 | I10: 0 | J10: 1.26 | K10: 49.01 | L10: 21.99 | M10: 69.61 | N10: 0 | O10: 0 | P10: 0.81 | Q10: 4.9
A11: 45329.031 | B11: 16.38 | C11: 23.79 | D11: 26.92 | E11: 6.38 | F11: 3.44 | G11: 84.2 | H11: 32.04 | I11: 0 | J11: 1.2 | K11: 55.12 | L11: 21.76 | M11: 70.72 | N11: 0 | O11: 0 | P11: 0.79 | Q11: 4.89
A12: 45329.042 | B12: 15.85 | C12: 24.15 | D12: 26.68 | E12: 6.29 | F12: 3.32 | G12: 84.2 | H12: 32.04 | I12: 0 | J12: 1.16 | K12: 56.95 | L12: 21.53 | M12: 71.71 | N12: 0 | O12: 0 | P12: 0.76 | Q12: 4.88
A13: 45329.052 | B13: 15.1 | C13: 24.29 | D13: 26.15 | E13: 6.32 | F13: 3.35 | G13: 74.86 | H13: 30.84 | I13: 0 | J13: 0.97 | K13: 50.49 | L13: 21.38 | M13: 72.38 | N13: 0 | O13: 0 | P13: 0.76 | Q13: 4.89
A14: 45329.062 | B14: 14.37 | C14: 24.2 | D14: 25.52 | E14: 6.25 | F14: 3.34 | G14: 67.72 | H14: 30.45 | I14: 0 | J14: 1.29 | K14: 56.23 | L14: 21.23 | M14: 73.07 | N14: 0 | O14: 0 | P14: 0.74 | Q14: 4.87
A15: 45329.073 | B15: 13.68 | C15: 24.16 | D15: 24.95 | E15: 6.32 | F15: 3.39 | G15: 67.72 | H15: 30.45 | I15: 0 | J15: 1.04 | K15: 54.75 | L15: 21.07 | M15: 73.75 | N15: 0 | O15: 0 | P15: 0.74 | Q15: 4.86
A16: 45329.083 | B16: 13.07 | C16: 24.17 | D16: 24.46 | E16: 6.1 | F16: 3.35 | G16: 67.72 | H16: 30.45 | I16: 0 | J16: 0.92 | K16: 59.74 | L16: 20.89 | M16: 74.58 | N16: 0 | O16: 0 | P16: 0.73 | Q16: 4.83
A17: 45329.094 | B17: 12.7 | C17: 24.34 | D17: 24.25 | E17: 5.64 | F17: 3.45 | G17: 62.47 | H17: 30.64 | I17: 0 | J17: 0.3 | K17: 73.29 | L17: 20.78 | M17: 75.28 | N17: 0 | O17: 0 | P17: 0.71 | Q17: 4.82
A18: 45329.104 | B18: 12.41 | C18: 24.2 | D18: 23.94 | E18: 6.37 | F18: 3.33 | G18: 58.45 | H18: 30.75 | I18: 0 | J18: 0.13 | K18: 161.95 | L18: 20.68 | M18: 77.23 | N18: 0 | O18: 0 | P18: 0.7 | Q18: 4.81
A19: 45329.115 | B19: 11.96 | C19: 24.04 | D19: 23.5 | E19: 6.55 | F19: 3.31 | G19: 58.45 | H19: 30.75 | I19: 0 | J19: 0.37 | K19: 81.07 | L19: 20.79 | M19: 75.77 | N19: 0 | O19: 0 | P19: 0.7 | Q19: 4.8
A20: 45329.125 | B20: 11.76 | C20: 23.89 | D20: 23.26 | E20: 6.29 | F20: 3.2 | G20: 58.45 | H20: 30.75 | I20: 0 | J20: 0.43 | K20: 74.64 | L20: 20.66 | M20: 76.44 | N20: 0 | O20: 0 | P20: 0.67 | Q20: 4.79
... A104: 45330 | B104: 11.71 | C104: 24.77 | D104: 23.69 | E104: 9.66 | F104: 3.7 | G104: 100.58 | H104: 39.52 | I104: 0 | J104: 1.47 | K104: 51.84 | L104: 21.68 | M104: 49.81 | N104: 0 | O104: 0 | P104: 0.98 | Q104: 4.76
A106: Min | B106: =MIN(B9:B104) -> 4.21 | C106: =MIN(C9:C104) -> 13.07 | D106: =MIN(D9:D104) -> 11.73 | E106: =MIN(E9:E104) -> 5.2 | F106: =MIN(F9:F104) -> 3.05 | G106: =MIN(G9:G104) -> 58.45 | H106: =MIN(H9:H104) -> 27.59 | I106: =MIN(I9:I104) -> 0 | ... Q106: =MIN(Q9:Q104) -> 4.71
A107: Max | B107: =MAX(B9:B104) -> 19.49 | C107: =MAX(C9:C104) -> 26.94 | D107: =MAX(D9:D104) -> 28.98 | E107: =MAX(E9:E104) -> 10.36 | F107: =MAX(F9:F104) -> 9.19 | G107: =MAX(G9:G104) -> 100.58 | H107: =MAX(H9:H104) -> 39.59 | I107: =MAX(I9:I104) -> 0 | ... Q107: =MAX(Q9:Q104) -> 4.92
A108: Avg | B108: =AVERAGE(B9:B104) -> 11.400938 | C108: =AVERAGE(C9:C104) -> 20.679271 | D108: =AVERAGE(D9:D104) -> 21.298646 | E108: =AVERAGE(E9:E104) -> 7.6357292 | F108: =AVERAGE(F9:F104) -> 4.02875 | G108: =AVERAGE(G9:G104) -> 70.684062 | H108: =AVERAGE(H9:H104) -> 31.082083 | I108: =AVERAGE(I9:I104) -> 0 | ... Q108: =AVERAGE(Q9:Q104) -> 4.8046875
A109: Stdev | B109: =STDEV(B9:B104) -> 5.2877447 | C109: =STDEV(C9:C104) -> 4.0436441 | D109: =STDEV(D9:D104) -> 5.673989 | E109: =STDEV(E9:E104) -> 1.5355409 | F109: =STDEV(F9:F104) -> 1.1205292 | G109: =STDEV(G9:G104) -> 10.117465 | H109: =STDEV(H9:H104) -> 3.2111683 | I109: =STDEV(I9:I104) -> 0 | ... Q109: =STDEV(Q9:Q104) -> 0.058055384
A110: Num | B110: =COUNT(B9:B104) -> 96 | C110: =COUNT(C9:C104) -> 96 | D110: =COUNT(D9:D104) -> 96 | E110: =COUNT(E9:E104) -> 96 | F110: =COUNT(F9:F104) -> 96 | G110: =COUNT(G9:G104) -> 96 | H110: =COUNT(H9:H104) -> 96 | I110: =COUNT(I9:I104) -> 96 | ... Q110: =COUNT(Q9:Q104) -> 96
A111: DCR | B111: =IF(B110>=87,">90%",IF(B110<=87,"<90%")) -> >90% | C111: =IF(C110>=87,">90%",IF(C110<=87,"<90%")) -> >90% | D111: =IF(D110>=87,">90%",IF(D110<=87,"<90%")) -> >90% | E111: =IF(E110>=87,">90%",IF(E110<=87,"<90%")) -> >90% | F111: =IF(F110>=87,">90%",IF(F110<=87,"<90%")) -> >90% | G111: =IF(G110>=87,">90%",IF(G110<=87,"<90%")) -> >90% | H111: =IF(H110>=87,">90%",IF(H110<=87,"<90%")) -> >90% | I111: =IF(I110>=87,">90%",IF(I110<=87,"<90%")) -> >90% | ... Q111: =IF(Q110>=87,">90%",IF(Q110<=87,"<90%")) -> >90%
A112: Status | B112: =IF(B110>=87,"OK",IF(B110<=87,"LESS")) -> OK | C112: =IF(C110>=87,"OK",IF(C110<=87,"LESS")) -> OK | D112: =IF(D110>=87,"OK",IF(D110<=87,"LESS")) -> OK | E112: =IF(E110>=87,"OK",IF(E110<=87,"LESS")) -> OK | F112: =IF(F110>=87,"OK",IF(F110<=87,"LESS")) -> OK | G112: =IF(G110>=87,"OK",IF(G110<=87,"LESS")) -> OK | H112: =IF(H110>=87,"OK",IF(H110<=87,"LESS")) -> OK | I112: =IF(I110>=87,"OK",IF(I110<=87,"LESS")) -> OK | ... Q112: =IF(Q110>=87,"OK",IF(Q110<=87,"LESS")) -> OK
A115: Done by | B115: AKASH
A117: Comment

Sheet 08
A1: Station: | B1: IGKV RAIPUR
A2: Date: | B2: =$A$9 -> 45330.01 | C2: Power Off | G2: Pw.Off | J2: Link Fail | L2: Link F | N2: Maintenance | P2: Maint.
A3: Report Type: | B3: Mean | C3: Calibration | G3: Calib. | J3: Data Fail | L3: Data F | N3: Invalid | P3: Invalid
A4: Time Base: | B4: 15 Min | C4: Zero Referrence | G4: Z.Ref | J4: Warm Up | L4: Wm. Up
A7: Date & Time | B7: NO | C7: NO2 | D7: NOX | E7: SO2 | F7: O3 | G7: PM 10 | H7: PM 2.5 | I7: BENZ | J7: WS | K7: WD | L7: TEMP | M7: HUM | N7: SR | O7: RG | P7: CO | Q7: NH3
B8: ug/m3 | C8: ug/m3 | D8: ppb | E8: ug/m3 | F8: ug/m3 | G8: ug/m3 | H8: ug/m3 | I8: ug/m3 | J8: m/sec | K8: deg | L8: degreC | M8: % | N8: w/m2 | O8: mm | P8: mg/m3 | Q8: ug/m3
A9: 45330.01 | B9: 11.63 | C9: 20.67 | D9: 21.48 | E9: 9.29 | F9: 3.82 | G9: 90.4 | H9: 32.04 | I9: 0 | J9: 0.96 | K9: 50.38 | L9: 21.44 | M9: 47.78 | N9: 0 | O9: 0 | P9: 0.95 | Q9: 4.76
A10: 45330.021 | B10: 11.7 | C10: 19.71 | D10: 21.03 | E10: 8.74 | F10: 3.65 | G10: 82.61 | H10: 29.69 | I10: 0 | J10: 1.1 | K10: 50.81 | L10: 21.22 | M10: 47 | N10: 0 | O10: 0 | P10: 0.91 | Q10: 4.74
A11: 45330.031 | B11: 11.68 | C11: 19.15 | D11: 20.72 | E11: 8.67 | F11: 3.61 | G11: 82.61 | H11: 29.69 | I11: 0 | J11: 1.41 | K11: 55.38 | L11: 21.04 | M11: 46.06 | N11: 0 | O11: 0 | P11: 0.89 | Q11: 4.76
A12: 45330.042 | B12: 11.61 | C12: 19.65 | D12: 20.93 | E12: 8.43 | F12: 3.4 | G12: 82.61 | H12: 29.69 | I12: 0 | J12: 1.15 | K12: 48.84 | L12: 20.83 | M12: 45.54 | N12: 0 | O12: 0 | P12: 0.87 | Q12: 4.75
A13: 45330.052 | B13: 11.33 | C13: 20.76 | D13: 21.28 | E13: 8.55 | F13: 3.3 | G13: 71.4 | H13: 25.87 | I13: 0 | J13: 0.97 | K13: 47.47 | L13: 20.6 | M13: 45.94 | N13: 0 | O13: 0 | P13: 0.87 | Q13: 4.78
A14: 45330.062 | B14: 11.2 | C14: 21.14 | D14: 21.38 | E14: 9.15 | F14: 3.29 | G14: 62.83 | H14: 24.64 | I14: 0 | J14: 0.43 | K14: 47.22 | L14: 20.32 | M14: 47.01 | N14: 0 | O14: 0 | P14: 0.84 | Q14: 4.78
A15: 45330.073 | B15: 11.4 | C15: 21.27 | D15: 21.6 | E15: 8.98 | F15: 3.31 | G15: 62.83 | H15: 24.64 | I15: 0 | J15: 0.56 | K15: 42.9 | L15: 20.1 | M15: 47.84 | N15: 0 | O15: 0 | P15: 0.82 | Q15: 4.77
A16: 45330.083 | B16: 11.61 | C16: 19.76 | D16: 20.98 | E16: 8.01 | F16: 3.5 | G16: 62.83 | H16: 24.64 | I16: 0 | J16: 0.65 | K16: 49.22 | L16: 19.93 | M16: 48.08 | N16: 0 | O16: 0 | P16: 0.8 | Q16: 4.79
A17: 45330.094 | B17: 11.77 | C17: 18.47 | D17: 20.44 | E17: 5.51 | F17: 3.46 | G17: 57.93 | H17: 23.68 | I17: 0 | J17: 0.57 | K17: 37.04 | L17: 19.79 | M17: 48.18 | N17: 0 | O17: 0 | P17: 0.77 | Q17: 4.81
A18: 45330.104 | B18: 11.88 | C18: 18.62 | D18: 20.61 | E18: 6.03 | F18: 3.37 | G18: 54.18 | H18: 23.09 | I18: 0 | J18: 0.53 | K18: 41.91 | L18: 19.67 | M18: 48.35 | N18: 0 | O18: 0 | P18: 0.75 | Q18: 4.81
A19: 45330.115 | B19: 11.92 | C19: 19.64 | D19: 21.17 | E19: 6.06 | F19: 3.28 | G19: 54.18 | H19: 23.09 | I19: 0 | J19: 0.53 | K19: 38.65 | L19: 19.52 | M19: 48.76 | N19: 0 | O19: 0 | P19: 0.75 | Q19: 4.82
A20: 45330.125 | B20: 11.99 | C20: 20.13 | D20: 21.49 | E20: 6.36 | F20: 3.2 | G20: 54.18 | H20: 23.09 | I20: 0 | J20: 0.55 | K20: 35.8 | L20: 19.4 | M20: 48.96 | N20: 0 | O20: 0 | P20: 0.73 | Q20: 4.84
... A61: 45330.552 | B61: 5.78 | C61: 18.29 | D61: 15.54 | E61: 10.62 | F61: 10.07 | G61: 52.76 | H61: 15.06 | I61: 0 | J61: 1.42 | K61: 52.94 | L61: 26.13 | M61: 24.48 | N61: 561.8 | O61: 0 | P61: 0.49 | Q61: 4.81
A62: 45330.562 | B62: Calib. | C62: Calib. | D62: Calib. | E62: Calib. | F62: Calib. | G62: Calib. | H62: Calib. | I62: 0 | J62: 1.6 | K62: 52.42 | L62: 26.27 | M62: 24.09 | N62: 533.6 | O62: 0 | P62: Calib. | Q62: 4.81
A63: 45330.573 | B63: Calib. | C63: Calib. | D63: Calib. | E63: Calib. | F63: Calib. | G63: Calib. | H63: Calib. | I63: 3.77 | J63: 1.06 | K63: 27.22 | L63: 26.33 | M63: 24 | N63: 532.1 | O63: 0 | P63: Calib. | Q63: 4.8
A64: 45330.583 | B64: Calib. | C64: Calib. | D64: Calib. | E64: Calib. | F64: Calib. | G64: Calib. | H64: Calib. | I64: 8.49 | J64: 1.64 | K64: 53.05 | L64: 26.48 | M64: 24 | N64: 522.7 | O64: 0 | P64: Calib. | Q64: 4.8
A65: 45330.594 | B65: Calib. | C65: Calib. | D65: Calib. | E65: Calib. | F65: Calib. | G65: Calib. | H65: Calib. | I65: 13.51 | J65: 1.21 | K65: 34.9 | L65: 26.51 | M65: 24.35 | N65: 489.4 | O65: 0 | P65: Calib. | Q65: 4.8
A66: 45330.604 | B66: Calib. | C66: Calib. | D66: Calib. | E66: Calib. | F66: 6.37 | G66: Calib. | H66: Calib. | I66: 21.07 | J66: 1.14 | K66: 31.34 | L66: 26.64 | M66: 24.67 | N66: 463.7 | O66: 0 | P66: Calib. | Q66: 4.78
A67: 45330.615 | B67: Calib. | C67: Calib. | D67: Calib. | E67: Calib. | F67: 7.93 | G67: Calib. | H67: Calib. | I67: 30.63 | J67: 1.04 | K67: 337.36 | L67: 26.62 | M67: 24.85 | N67: 404.5 | O67: 0 | P67: 0.41 | Q67: 4.79
A68: 45330.625 | B68: Calib. | C68: Calib. | D68: Calib. | E68: Calib. | F68: 10.1 | G68: Calib. | H68: Calib. | I68: 41.67 | J68: 0.98 | K68: 346.48 | L68: 26.1 | M68: 25.53 | N68: 146.9 | O68: 0 | P68: 0.44 | Q68: 4.8
A69: 45330.635 | B69: 6.11 | C69: 22.34 | D69: 17.92 | E69: Calib. | F69: 10.26 | G69: Calib. | H69: Calib. | I69: 47.85 | J69: 0.98 | K69: 344.64 | L69: 26.01 | M69: 25.98 | N69: 93.3 | O69: 0 | P69: 0.43 | Q69: 4.8
A70: 45330.646 | B70: 6.6 | C70: 22.42 | D70: 18.36 | E70: Calib. | F70: 10.2 | G70: Calib. | H70: Calib. | I70: 53.09 | J70: 0.82 | K70: 4.2 | L70: 25.84 | M70: 26.4 | N70: 93.2 | O70: 0 | P70: 0.42 | Q70: 4.82
A71: 45330.656 | B71: 6.73 | C71: 22.19 | D71: 18.35 | E71: 16.25 | F71: 9.07 | G71: 27.9 | H71: 1.13 | I71: 62.52 | J71: 0.58 | K71: 17.26 | L71: 25.77 | M71: 26.78 | N71: 76.5 | O71: 0 | P71: 0.43 | Q71: 4.8
A72: 45330.667 | B72: 5.77 | C72: 22.92 | D72: 17.95 | E72: 11.85 | F72: 8.85 | G72: 27.9 | H72: 0 | I72: 71 | J72: 0.63 | K72: 16.87 | L72: 25.87 | M72: 27.25 | N72: 70.4 | O72: 0 | P72: 0.42 | Q72: 4.79
A73: 45330.677 | B73: 6.69 | C73: 26.61 | D73: 20.62 | E73: 14.5 | F73: 14.56 | G73: 27.9 | H73: 1.13 | I73: 41.98 | J73: 1.11 | K73: 52.04 | L73: 25.65 | M73: 27.75 | N73: 66.1 | O73: 0 | P73: 0.43 | Q73: 4.8
A74: 45330.688 | B74: 6.09 | C74: 27.34 | D74: 20.53 | E74: 12.09 | F74: 12.8 | G74: 27.9 | H74: 1.13 | I74: 0 | J74: 0.54 | K74: 25.7 | L74: 25.69 | M74: 27.91 | N74: 58.4 | O74: 0 | P74: 0.43 | Q74: 4.82
A75: 45330.698 | B75: 7.03 | C75: 27.15 | D75: 21.17 | E75: 11.03 | F75: 9.7 | G75: 34.78 | H75: 2.57 | I75: 0 | J75: 0.92 | K75: 39.89 | L75: 25.54 | M75: 28.42 | N75: 53.5 | O75: 0 | P75: 0.43 | Q75: 4.79
A76: 45330.708 | B76: 8.83 | C76: 34.02 | D76: 26.21 | E76: 12 | F76: 8.97 | G76: 41.35 | H76: 3.24 | I76: 0 | J76: 0.62 | K76: 39.83 | L76: 25.45 | M76: 28.99 | N76: 39.7 | O76: 0 | P76: 0.45 | Q76: 4.8
A77: 45330.719 | B77: 8.09 | C77: 33.36 | D77: 25.27 | E77: 9.03 | F77: 6.52 | G77: 41.35 | H77: 3.24 | I77: 12.59 | J77: 0.63 | K77: 51.45 | L77: 25.24 | M77: 29.69 | N77: 19.7 | O77: 0 | P77: 0.46 | Q77: 4.83
A78: 45330.729 | B78: 7.86 | C78: 32.41 | D78: 24.59 | E78: 8.69 | F78: 5.56 | G78: 41.35 | H78: 3.24 | I78: 26.46 | J78: 0.58 | K78: 56.48 | L78: 25.04 | M78: 30.91 | N78: 6.6 | O78: 0 | P78: 0.49 | Q78: 4.83
A79: 45330.74 | B79: 8.1 | C79: 32.48 | D79: 24.81 | E79: 8.29 | F79: 4.5 | G79: 51.43 | H79: 8.69 | I79: 22.98 | J79: 0.64 | K79: 61.13 | L79: 24.6 | M79: 32.18 | N79: 0.1 | O79: 0 | P79: 0.52 | Q79: 4.84
A80: 45330.75 | B80: 8.81 | C80: 32.1 | D80: 25.19 | E80: 7.44 | F80: 3.88 | G80: 61.07 | H80: 11.23 | I80: 21.09 | J80: 0.41 | K80: 73.15 | L80: 24.13 | M80: 34.19 | N80: 0 | O80: 0 | P80: 0.53 | Q80: 4.82
A81: 45330.76 | B81: 9.46 | C81: 31.61 | D81: 25.45 | E81: 5.22 | F81: 3.8 | G81: 61.07 | H81: 11.23 | I81: 20.45 | J81: 0.26 | K81: 167.1 | L81: 22.9 | M81: 41.75 | N81: 0 | O81: 0 | P81: 0.55 | Q81: 4.82
A82: 45330.771 | B82: 9.64 | C82: 30.81 | D82: 25.18 | E82: 5.61 | F82: 3.86 | G82: 61.07 | H82: 11.23 | I82: 20.04 | J82: 0.27 | K82: 183.27 | L82: 22.19 | M82: 45.61 | N82: 0 | O82: 0 | P82: 0.55 | Q82: 4.79
... A104: 45331 | B104: 27.76 | C104: 24.44 | D104: 36.38 | E104: 5.65 | F104: 3.31 | G104: 113.16 | H104: 38.27 | I104: 13.37 | J104: 0.6 | K104: 40.43 | L104: 18.52 | M104: 58.01 | N104: 0 | O104: 0 | P104: 0.88 | Q104: 4.89
A106: Min | B106: =MIN(B9:B104) -> 5.77 | C106: =MIN(C9:C104) -> 17.82 | D106: =MIN(D9:D104) -> 15.54 | E106: =MIN(E9:E104) -> 4.03 | F106: =MIN(F9:F104) -> 3.2 | G106: =MIN(G9:G104) -> 27.9 | H106: =MIN(H9:H104) -> 0 | I106: =MIN(I9:I104) -> 0 | ... Q106: =MIN(Q9:Q104) -> 4.74
A107: Max | B107: =MAX(B9:B104) -> 27.76 | C107: =MAX(C9:C104) -> 34.02 | D107: =MAX(D9:D104) -> 36.38 | E107: =MAX(E9:E104) -> 16.25 | F107: =MAX(F9:F104) -> 14.56 | G107: =MAX(G9:G104) -> 113.16 | H107: =MAX(H9:H104) -> 38.27 | I107: =MAX(I9:I104) -> 71 | ... Q107: =MAX(Q9:Q104) -> 4.89
A108: Avg | B108: =AVERAGE(B9:B104) -> 10.094719 | C108: =AVERAGE(C9:C104) -> 22.514607 | D108: =AVERAGE(D9:D104) -> 21.209775 | E108: =AVERAGE(E9:E104) -> 6.4824138 | F108: =AVERAGE(F9:F104) -> 4.6594565 | G108: =AVERAGE(G9:G104) -> 57.614253 | H108: =AVERAGE(H9:H104) -> 17.981954 | I108: =AVERAGE(I9:I104) -> 8.9521875 | ... Q108: =AVERAGE(Q9:Q104) -> 4.8044792
A109: Stdev | B109: =STDEV(B9:B104) -> 3.7646472 | C109: =STDEV(C9:C104) -> 3.8722075 | D109: =STDEV(D9:D104) -> 3.6298334 | E109: =STDEV(E9:E104) -> 2.3516342 | F109: =STDEV(F9:F104) -> 2.2497035 | G109: =STDEV(G9:G104) -> 20.94696 | H109: =STDEV(H9:H104) -> 7.9710916 | I109: =STDEV(I9:I104) -> 14.323085 | ... Q109: =STDEV(Q9:Q104) -> 0.028279425
A110: Num | B110: 96 | C110: 96 | D110: 96 | E110: 96 | F110: 96 | G110: 96 | H110: 96 | I110: 96 | J110: 96 | K110: 96 | L110: 96 | M110: 96 | N110: 96 | O110: 96 | P110: 96 | Q110: =COUNT(Q9:Q104) -> 96
A111: DCR | B111: =IF(B110>=87,">90%",IF(B110<=87,"<90%")) -> >90% | C111: =IF(C110>=87,">90%",IF(C110<=87,"<90%")) -> >90% | D111: =IF(D110>=87,">90%",IF(D110<=87,"<90%")) -> >90% | E111: =IF(E110>=87,">90%",IF(E110<=87,"<90%")) -> >90% | F111: =IF(F110>=87,">90%",IF(F110<=87,"<90%")) -> >90% | G111: =IF(G110>=87,">90%",IF(G110<=87,"<90%")) -> >90% | H111: =IF(H110>=87,">90%",IF(H110<=87,"<90%")) -> >90% | I111: =IF(I110>=87,">90%",IF(I110<=87,"<90%")) -> >90% | ... Q111: =IF(Q110>=87,">90%",IF(Q110<=87,"<90%")) -> >90%
A112: Status | B112: =IF(B110>=87,"OK",IF(B110<=87,"LESS")) -> OK | C112: =IF(C110>=87,"OK",IF(C110<=87,"LESS")) -> OK | D112: =IF(D110>=87,"OK",IF(D110<=87,"LESS")) -> OK | E112: =IF(E110>=87,"OK",IF(E110<=87,"LESS")) -> OK | F112: =IF(F110>=87,"OK",IF(F110<=87,"LESS")) -> OK | G112: =IF(G110>=87,"OK",IF(G110<=87,"LESS")) -> OK | H112: =IF(H110>=87,"OK",IF(H110<=87,"LESS")) -> OK | I112: =IF(I110>=87,"OK",IF(I110<=87,"LESS")) -> OK | ... Q112: =IF(Q110>=87,"OK",IF(Q110<=87,"LESS")) -> OK
A115: Done by | B115: AKASH
A117: Comment

Sheet 09
A1: Station: | B1: IGKV RAIPUR
A2: Date: | B2: =$A$9 -> 45331.01 | C2: Power Off | G2: Pw.Off | J2: Link Fail | L2: Link F | N2: Maintenance | P2: Maint.
A3: Report Type: | B3: Mean | C3: Calibration | G3: Calib. | J3: Data Fail | L3: Data F | N3: Invalid | P3: Invalid
A4: Time Base: | B4: 15 Min | C4: Zero Referrence | G4: Z.Ref | J4: Warm Up | L4: Wm. Up
A7: Date & Time | B7: NO | C7: NO2 | D7: NOX | E7: SO2 | F7: O3 | G7: PM 10 | H7: PM 2.5 | I7: BENZ | J7: WS | K7: WD | L7: TEMP | M7: HUM | N7: SR | O7: RG | P7: CO | Q7: NH3
B8: ug/m3 | C8: ug/m3 | D8: ppb | E8: ug/m3 | F8: ug/m3 | G8: ug/m3 | H8: ug/m3 | I8: ug/m3 | J8: m/sec | K8: deg | L8: degreC | M8: % | N8: w/m2 | O8: mm | P8: mg/m3 | Q8: ug/m3
A9: 45331.01 | B9: 28.24 | C9: 26.54 | D9: 37.87 | E9: 5.99 | F9: 3.18 | G9: 113.16 | H9: 38.27 | I9: 13.44 | J9: 0.44 | K9: 45.79 | L9: 18.32 | M9: 59.71 | N9: 0 | O9: 0 | P9: 0.9 | Q9: 4.92
A10: 45331.021 | B10: 29.55 | C10: 26.88 | D10: 39.09 | E10: 6.68 | F10: 3.4 | G10: 113.16 | H10: 38.27 | I10: 13.41 | J10: 0.66 | K10: 54.65 | L10: 18.22 | M10: 60.48 | N10: 0 | O10: 0 | P10: 0.91 | Q10: 4.96
A11: 45331.031 | B11: 30.14 | C11: 27.51 | D11: 39.89 | E11: 5.95 | F11: 3.35 | G11: 120.1 | H11: 39.41 | I11: 13.44 | J11: 0.55 | K11: 36.74 | L11: 18.23 | M11: 60.27 | N11: 0 | O11: 0 | P11: 0.93 | Q11: 4.99
A12: 45331.042 | B12: 30.16 | C12: 27.64 | D12: 39.98 | E12: 5.96 | F12: 3.4 | G12: 126.74 | H12: 39.94 | I12: 13.35 | J12: 0.52 | K12: 36.11 | L12: 18.04 | M12: 61.05 | N12: 0 | O12: 0 | P12: 0.92 | Q12: 4.97
A13: 45331.052 | B13: 30.06 | C13: 27.9 | D13: 40.03 | E13: 6.16 | F13: 3.49 | G13: 126.74 | H13: 39.94 | I13: 13.16 | J13: 0.45 | K13: 39.82 | L13: 17.88 | M13: 61.37 | N13: 0 | O13: 0 | P13: 0.9 | Q13: 4.96
A14: 45331.062 | B14: 29.77 | C14: 27.94 | D14: 39.82 | E14: 6.31 | F14: 3.34 | G14: 126.74 | H14: 39.94 | I14: 12.94 | J14: 0.61 | K14: 57.83 | L14: 17.75 | M14: 59.81 | N14: 0 | O14: 0 | P14: 0.9 | Q14: 4.98
A15: 45331.073 | B15: 28.97 | C15: 28.1 | D15: 39.26 | E15: 6.48 | F15: 3.48 | G15: 116.67 | H15: 37.82 | I15: 12.65 | J15: 0.78 | K15: 52.54 | L15: 17.64 | M15: 59.09 | N15: 0 | O15: 0 | P15: 0.89 | Q15: 4.97
A16: 45331.083 | B16: 28.21 | C16: 28.11 | D16: 38.66 | E16: 6.25 | F16: 3.42 | G16: 107.04 | H16: 36.84 | I16: 12.3 | J16: 0.62 | K16: 42.98 | L16: 17.43 | M16: 59.59 | N16: 0 | O16: 0 | P16: 0.88 | Q16: 4.96
A17: 45331.094 | B17: 27.45 | C17: 28.13 | D17: 38.06 | E17: 7.7 | F17: 3.41 | G17: 107.04 | H17: 36.84 | I17: 11.99 | J17: 0.52 | K17: 32.34 | L17: 17.17 | M17: 59.53 | N17: 0 | O17: 0 | P17: 0.85 | Q17: 4.97
A18: 45331.104 | B18: 26.51 | C18: 28.1 | D18: 37.29 | E18: 8.85 | F18: 3.57 | G18: 107.04 | H18: 36.84 | I18: 11.65 | J18: 0.62 | K18: 29.3 | L18: 17.06 | M18: 58.84 | N18: 0 | O18: 0 | P18: 0.83 | Q18: 4.95
A19: 45331.115 | B19: 25.9 | C19: 28.13 | D19: 36.82 | E19: 9.86 | F19: 3.45 | G19: 97.59 | H19: 35.48 | I19: 11.31 | J19: 0.63 | K19: 50.65 | L19: 16.91 | M19: 58.73 | N19: 0 | O19: 0 | P19: 0.82 | Q19: 4.94
A20: 45331.125 | B20: 25.32 | C20: 28.14 | D20: 36.36 | E20: 9.26 | F20: 3.41 | G20: 88.55 | H20: 34.13 | I20: 11.05 | J20: 0.61 | K20: 49.93 | L20: 16.72 | M20: 59.73 | N20: 0 | O20: 0 | P20: 0.8 | Q20: 4.92
... A104: 45332 | B104: 23.52 | C104: 32.43 | D104: 37.16 | E104: 8.7 | F104: 3.26 | G104: 95.22 | H104: 34.58 | I104: 0 | J104: 0.13 | K104: 191.77 | L104: 16.82 | M104: 65.52 | N104: 0 | O104: 0 | P104: 0.8 | Q104: 4.94
A106: Min | B106: =MIN(B9:B104) -> 6.08 | C106: =MIN(C9:C104) -> 18.78 | D106: =MIN(D9:D104) -> 16.17 | E106: =MIN(E9:E104) -> 5.95 | F106: =MIN(F9:F104) -> 3.18 | G106: =MIN(G9:G104) -> 42.86 | H106: =MIN(H9:H104) -> 17.65 | I106: =MIN(I9:I104) -> 0 | ... Q106: =MIN(Q9:Q104) -> 4.72
A107: Max | B107: =MAX(B9:B104) -> 30.16 | C107: =MAX(C9:C104) -> 32.43 | D107: =MAX(D9:D104) -> 40.03 | E107: =MAX(E9:E104) -> 10.81 | F107: =MAX(F9:F104) -> 6.6 | G107: =MAX(G9:G104) -> 126.74 | H107: =MAX(H9:H104) -> 39.94 | I107: =MAX(I9:I104) -> 13.44 | ... Q107: =MAX(Q9:Q104) -> 4.99
A108: Avg | B108: =AVERAGE(B9:B104) -> 16.30875 | C108: =AVERAGE(C9:C104) -> 25.259687 | D108: =AVERAGE(D9:D104) -> 27.627083 | E108: =AVERAGE(E9:E104) -> 8.1694792 | F108: =AVERAGE(F9:F104) -> 3.9583333 | G108: =AVERAGE(G9:G104) -> 77.108125 | H108: =AVERAGE(H9:H104) -> 26.790104 | I108: =AVERAGE(I9:I104) -> 4.6246875 | ... Q108: =AVERAGE(Q9:Q104) -> 4.8442708
A109: Stdev | B109: =STDEV(B9:B104) -> 7.5272331 | C109: =STDEV(C9:C104) -> 3.3372956 | D109: =STDEV(D9:D104) -> 7.4395117 | E109: =STDEV(E9:E104) -> 1.1354687 | F109: =STDEV(F9:F104) -> 0.87698127 | G109: =STDEV(G9:G104) -> 21.782126 | H109: =STDEV(H9:H104) -> 6.469865 | I109: =STDEV(I9:I104) -> 5.044748 | ... Q109: =STDEV(Q9:Q104) -> 0.075487814
A110: Num | B110: =COUNT(B9:B104) -> 96 | C110: =COUNT(C9:C104) -> 96 | D110: =COUNT(D9:D104) -> 96 | E110: =COUNT(E9:E104) -> 96 | F110: =COUNT(F9:F104) -> 96 | G110: =COUNT(G9:G104) -> 96 | H110: =COUNT(H9:H104) -> 96 | I110: =COUNT(I9:I104) -> 96 | ... Q110: =COUNT(Q9:Q104) -> 96
A111: DCR | B111: =IF(B110>=87,">90%",IF(B110<=87,"<90%")) -> >90% | C111: =IF(C110>=87,">90%",IF(C110<=87,"<90%")) -> >90% | D111: =IF(D110>=87,">90%",IF(D110<=87,"<90%")) -> >90% | E111: =IF(E110>=87,">90%",IF(E110<=87,"<90%")) -> >90% | F111: =IF(F110>=87,">90%",IF(F110<=87,"<90%")) -> >90% | G111: =IF(G110>=87,">90%",IF(G110<=87,"<90%")) -> >90% | H111: =IF(H110>=87,">90%",IF(H110<=87,"<90%")) -> >90% | I111: =IF(I110>=87,">90%",IF(I110<=87,"<90%")) -> >90% | ... Q111: =IF(Q110>=87,">90%",IF(Q110<=87,"<90%")) -> >90%
A112: Status | B112: =IF(B110>=87,"OK",IF(B110<=87,"LESS")) -> OK | C112: =IF(C110>=87,"OK",IF(C110<=87,"LESS")) -> OK | D112: =IF(D110>=87,"OK",IF(D110<=87,"LESS")) -> OK | E112: =IF(E110>=87,"OK",IF(E110<=87,"LESS")) -> OK | F112: =IF(F110>=87,"OK",IF(F110<=87,"LESS")) -> OK | G112: =IF(G110>=87,"OK",IF(G110<=87,"LESS")) -> OK | H112: =IF(H110>=87,"OK",IF(H110<=87,"LESS")) -> OK | I112: =IF(I110>=87,"OK",IF(I110<=87,"LESS")) -> OK | ... Q112: =IF(Q110>=87,"OK",IF(Q110<=87,"LESS")) -> OK
A115: Done by | B115: AKASH
A117: Comment

Sheet 10
A1: Station: | B1: IGKV RAIPUR
A2: Date: | B2: =$A$9 -> 45332.01 | C2: Power Off | G2: Pw.Off | J2: Link Fail | L2: Link F | N2: Maintenance | P2: Maint.
A3: Report Type: | B3: Mean | C3: Calibration | G3: Calib. | J3: Data Fail | L3: Data F | N3: Invalid | P3: Invalid
A4: Time Base: | B4: 15 Min | C4: Zero Referrence | G4: Z.Ref | J4: Warm Up | L4: Wm. Up
A7: Date & Time | B7: NO | C7: NO2 | D7: NOX | E7: SO2 | F7: O3 | G7: PM 10 | H7: PM 2.5 | I7: BENZ | J7: WS | K7: WD | L7: TEMP | M7: HUM | N7: SR | O7: RG | P7: CO | Q7: NH3
B8: ug/m3 | C8: ug/m3 | D8: ppb | E8: ug/m3 | F8: ug/m3 | G8: ug/m3 | H8: ug/m3 | I8: ug/m3 | J8: m/sec | K8: deg | L8: degreC | M8: % | N8: w/m2 | O8: mm | P8: mg/m3 | Q8: ug/m3
A9: 45332.01 | B9: 24.3 | C9: 32.45 | D9: 37.79 | E9: 8.31 | F9: 3.34 | G9: 95.22 | H9: 34.58 | I9: 0 | J9: 0.13 | K9: 202.24 | L9: 16.71 | M9: 65.07 | N9: 0 | O9: 0 | P9: 0.82 | Q9: 4.94
A10: 45332.021 | B10: 26.77 | C10: 32.98 | D10: 40.05 | E10: 7.47 | F10: 3.42 | G10: 95.22 | H10: 34.58 | I10: 0 | J10: 0.11 | K10: 215.74 | L10: 16.57 | M10: 68.7 | N10: 0 | O10: 0 | P10: 0.82 | Q10: 4.96
A11: 45332.031 | B11: 28.84 | C11: 33.32 | D11: 41.89 | E11: 7.99 | F11: 3.52 | G11: 93.52 | H11: 34.4 | I11: 0 | J11: 0.14 | K11: 222.56 | L11: 16.38 | M11: 66.63 | N11: 0 | O11: 0 | P11: 0.82 | Q11: 4.98
A12: 45332.042 | B12: 31.92 | C12: 33.9 | D12: 44.66 | E12: 8.61 | F12: 3.39 | G12: 91.89 | H12: 34.32 | I12: 0 | J12: 0.17 | K12: 170.81 | L12: 16.39 | M12: 67.15 | N12: 0 | O12: 0 | P12: 0.83 | Q12: 4.99
A13: 45332.052 | B13: 34.64 | C13: 34.2 | D13: 47 | E13: 7.64 | F13: 3.41 | G13: 91.89 | H13: 34.32 | I13: 0 | J13: 0.21 | K13: 165.16 | L13: 16.21 | M13: 68.92 | N13: 0 | O13: 0 | P13: 0.84 | Q13: 5.01
A14: 45332.062 | B14: 36.3 | C14: 32.78 | D14: 47.59 | E14: 7.54 | F14: 3.5 | G14: 91.89 | H14: 34.32 | I14: 0 | J14: 0.36 | K14: 50.04 | L14: 16.51 | M14: 60.36 | N14: 0 | O14: 0 | P14: 0.84 | Q14: 5
A15: 45332.073 | B15: 36.65 | C15: 30.64 | D15: 46.75 | E15: 7.74 | F15: 3.59 | G15: 92.73 | H15: 34.85 | I15: 0 | J15: 0.59 | K15: 53.03 | L15: 17.06 | M15: 54.86 | N15: 0 | O15: 0 | P15: 0.82 | Q15: 5.02
A16: 45332.083 | B16: 35.61 | C16: 31.59 | D16: 46.41 | E16: 7.33 | F16: 3.32 | G16: 93.53 | H16: 35.1 | I16: 0 | J16: 0.48 | K16: 37.35 | L16: 17.04 | M16: 55.34 | N16: 0 | O16: 0 | P16: 0.81 | Q16: 5.04
A17: 45332.094 | B17: 34.09 | C17: 30.83 | D17: 44.79 | E17: 5.78 | F17: 3.32 | G17: 93.53 | H17: 35.1 | I17: 0 | J17: 0.16 | K17: 179.95 | L17: 16.7 | M17: 59.67 | N17: 0 | O17: 0 | P17: 0.82 | Q17: 5.02
A18: 45332.104 | B18: 32.49 | C18: 30.49 | D18: 43.33 | E18: 7.05 | F18: 3.32 | G18: 93.53 | H18: 35.1 | I18: 0 | J18: 0.23 | K18: 34.4 | L18: 16.22 | M18: 62.59 | N18: 0 | O18: 0 | P18: 0.81 | Q18: 5.01
A19: 45332.115 | B19: 31.75 | C19: 30.97 | D19: 42.99 | E19: 6.96 | F19: 3.27 | G19: 92.55 | H19: 35.47 | I19: 0 | J19: 0.13 | K19: 98.2 | L19: 16.42 | M19: 61.28 | N19: 0 | O19: 0 | P19: 0.83 | Q19: 5.01
A20: 45332.125 | B20: 31.23 | C20: 31.02 | D20: 42.6 | E20: 6.71 | F20: 3.25 | G20: 91.6 | H20: 35.85 | I20: 0 | J20: 0.17 | K20: 93.34 | L20: 15.97 | M20: 65.87 | N20: 0 | O20: 0 | P20: 0.82 | Q20: 5
... A104: 45333 | B104: 9.15 | C104: 23.82 | D104: 21.13 | E104: 7.96 | F104: 3.73 | G104: 103.98 | H104: 43.91 | I104: 6.99 | J104: 0.22 | K104: 163.62 | L104: 20.87 | M104: 52.85 | N104: 0 | O104: 0 | P104: 0.85 | Q104: 4.78
A106: Min | B106: =MIN(B9:B104) -> 1.61 | C106: =MIN(C9:C104) -> 16.42 | D106: =MIN(D9:D104) -> 12.09 | E106: =MIN(E9:E104) -> 5.23 | F106: =MIN(F9:F104) -> 3.12 | G106: =MIN(G9:G104) -> 53.17 | H106: =MIN(H9:H104) -> 23.87 | I106: =MIN(I9:I104) -> 0 | ... Q106: =MIN(Q9:Q104) -> 4.71
A107: Max | B107: =MAX(B9:B104) -> 36.65 | C107: =MAX(C9:C104) -> 37.82 | D107: =MAX(D9:D104) -> 47.59 | E107: =MAX(E9:E104) -> 28.94 | F107: =MAX(F9:F104) -> 23.38 | G107: =MAX(G9:G104) -> 116.45 | H107: =MAX(H9:H104) -> 43.91 | I107: =MAX(I9:I104) -> 7.08 | ... Q107: =MAX(Q9:Q104) -> 5.04
A108: Avg | B108: =AVERAGE(B9:B104) -> 14.916979 | C108: =AVERAGE(C9:C104) -> 27.726146 | D108: =AVERAGE(D9:D104) -> 27.799583 | E108: =AVERAGE(E9:E104) -> 9.2773958 | F108: =AVERAGE(F9:F104) -> 5.5059375 | G108: =AVERAGE(G9:G104) -> 90.204062 | H108: =AVERAGE(H9:H104) -> 34.7 | I108: =AVERAGE(I9:I104) -> 2.4904167 | ... Q108: =AVERAGE(Q9:Q104) -> 4.8519792
A109: Stdev | B109: =STDEV(B9:B104) -> 10.979926 | C109: =STDEV(C9:C104) -> 4.457307 | D109: =STDEV(D9:D104) -> 10.324369 | E109: =STDEV(E9:E104) -> 3.3147124 | F109: =STDEV(F9:F104) -> 4.077613 | G109: =STDEV(G9:G104) -> 17.286863 | H109: =STDEV(H9:H104) -> 4.9201055 | I109: =STDEV(I9:I104) -> 2.7492659 | ... Q109: =STDEV(Q9:Q104) -> 0.098884513
A110: Num | B110: =COUNT(B9:B104) -> 96 | C110: =COUNT(C9:C104) -> 96 | D110: =COUNT(D9:D104) -> 96 | E110: =COUNT(E9:E104) -> 96 | F110: =COUNT(F9:F104) -> 96 | G110: =COUNT(G9:G104) -> 96 | H110: =COUNT(H9:H104) -> 96 | I110: =COUNT(I9:I104) -> 96 | ... Q110: =COUNT(Q9:Q104) -> 96
A111: DCR | B111: =IF(B110>=87,">90%",IF(B110<=87,"<90%")) -> >90% | C111: =IF(C110>=87,">90%",IF(C110<=87,"<90%")) -> >90% | D111: =IF(D110>=87,">90%",IF(D110<=87,"<90%")) -> >90% | E111: =IF(E110>=87,">90%",IF(E110<=87,"<90%")) -> >90% | F111: =IF(F110>=87,">90%",IF(F110<=87,"<90%")) -> >90% | G111: =IF(G110>=87,">90%",IF(G110<=87,"<90%")) -> >90% | H111: =IF(H110>=87,">90%",IF(H110<=87,"<90%")) -> >90% | I111: =IF(I110>=87,">90%",IF(I110<=87,"<90%")) -> >90% | ... Q111: =IF(Q110>=87,">90%",IF(Q110<=87,"<90%")) -> >90%
A112: Status | B112: =IF(B110>=87,"OK",IF(B110<=87,"LESS")) -> OK | C112: =IF(C110>=87,"OK",IF(C110<=87,"LESS")) -> OK | D112: =IF(D110>=87,"OK",IF(D110<=87,"LESS")) -> OK | E112: =IF(E110>=87,"OK",IF(E110<=87,"LESS")) -> OK | F112: =IF(F110>=87,"OK",IF(F110<=87,"LESS")) -> OK | G112: =IF(G110>=87,"OK",IF(G110<=87,"LESS")) -> OK | H112: =IF(H110>=87,"OK",IF(H110<=87,"LESS")) -> OK | I112: =IF(I110>=87,"OK",IF(I110<=87,"LESS")) -> OK | ... Q112: =IF(Q110>=87,"OK",IF(Q110<=87,"LESS")) -> OK
A115: Done by | B115: AKASH
A117: Comment

Sheet 11
A1: Station: | B1: IGKV RAIPUR
A2: Date: | B2: =$A$9 -> 45333.01 | C2: Power Off | G2: Pw.Off | J2: Link Fail | L2: Link F | N2: Maintenance | P2: Maint.
A3: Report Type: | B3: Mean | C3: Calibration | G3: Calib. | J3: Data Fail | L3: Data F | N3: Invalid | P3: Invalid
A4: Time Base: | B4: 15 Min | C4: Zero Referrence | G4: Z.Ref | J4: Warm Up | L4: Wm. Up
A7: Date & Time | B7: NO | C7: NO2 | D7: NOX | E7: SO2 | F7: O3 | G7: PM 10 | H7: PM 2.5 | I7: BENZ | J7: WS | K7: WD | L7: TEMP | M7: HUM | N7: SR | O7: RG | P7: CO | Q7: NH3
B8: ug/m3 | C8: ug/m3 | D8: ppb | E8: ug/m3 | F8: ug/m3 | G8: ug/m3 | H8: ug/m3 | I8: ug/m3 | J8: m/sec | K8: deg | L8: degreC | M8: % | N8: w/m2 | O8: mm | P8: mg/m3 | Q8: ug/m3
A9: 45333.01 | B9: 7.98 | C9: 25.47 | D9: 21.06 | E9: 8.17 | F9: 3.77 | G9: 103.98 | H9: 43.91 | I9: 6.97 | J9: 0.18 | K9: 215.47 | L9: 20.81 | M9: 56.04 | N9: 0 | O9: 0 | P9: 0.85 | Q9: 4.79
A10: 45333.021 | B10: 7.76 | C10: 24.64 | D10: 20.44 | E10: 8.03 | F10: 3.98 | G10: 103.98 | H10: 43.91 | I10: 6.93 | J10: 0.17 | K10: 231.19 | L10: 20.28 | M10: 59.84 | N10: 0 | O10: 0 | P10: 0.85 | Q10: 4.78
A11: 45333.031 | B11: 7.42 | C11: 22.55 | D11: 19.08 | E11: 8.26 | F11: 4.06 | G11: 97.1 | H11: 41.22 | I11: 6.88 | J11: 0.16 | K11: 221.46 | L11: 19.96 | M11: 63.44 | N11: 0 | O11: 0 | P11: 0.84 | Q11: 4.76
A12: 45333.042 | B12: 7.26 | C12: 21.13 | D12: 18.21 | E12: 7.58 | F12: 3.96 | G12: 90.52 | H12: 39.96 | I12: 6.84 | J12: 0.13 | K12: 232.15 | L12: 19.77 | M12: 64.38 | N12: 0 | O12: 0 | P12: 0.81 | Q12: 4.76
A13: 45333.052 | B13: 7.09 | C13: 21.78 | D13: 18.42 | E13: 7.69 | F13: 3.76 | G13: 90.52 | H13: 39.96 | I13: 6.77 | J13: 0.09 | K13: 255.4 | L13: 19.93 | M13: 63.58 | N13: 0 | O13: 0 | P13: 0.82 | Q13: 4.76
A14: 45333.062 | B14: 7.27 | C14: 23.54 | D14: 19.48 | E14: 8.17 | F14: 3.46 | G14: 90.52 | H14: 39.96 | I14: 6.76 | J14: 0.08 | K14: 39.84 | L14: 19.98 | M14: 63.28 | N14: 0 | O14: 0 | P14: 0.81 | Q14: 4.76
A15: 45333.073 | B15: 7.89 | C15: 24.17 | D15: 20.3 | E15: 8.07 | F15: 3.37 | G15: 88.38 | H15: 39.56 | I15: 6.71 | J15: 0.44 | K15: 54.35 | L15: 20.21 | M15: 61.46 | N15: 0 | O15: 0 | P15: 0.81 | Q15: 4.77
A16: 45333.083 | B16: 8.79 | C16: 25 | D16: 21.46 | E16: 7.9 | F16: 3.35 | G16: 86.32 | H16: 39.37 | I16: 6.69 | J16: 0.11 | K16: 121.27 | L16: 20.2 | M16: 62.58 | N16: 0 | O16: 0 | P16: 0.78 | Q16: 4.81
A17: 45333.094 | B17: 9.15 | C17: 25.91 | D17: 22.23 | E17: 7.78 | F17: 3.46 | G17: 86.32 | H17: 39.37 | I17: 6.68 | J17: 0.31 | K17: 46.96 | L17: 20.1 | M17: 61.68 | N17: 0 | O17: 0 | P17: 0.78 | Q17: 4.82
A18: 45333.104 | B18: 9.1 | C18: 26.43 | D18: 22.46 | E18: 8.46 | F18: 3.41 | G18: 86.32 | H18: 39.37 | I18: 6.69 | J18: 0.16 | K18: 185.48 | L18: 19.93 | M18: 68.52 | N18: 0 | O18: 0 | P18: 0.77 | Q18: 4.8
A19: 45333.115 | B19: 8.89 | C19: 26.23 | D19: 22.19 | E19: 8.68 | F19: 3.4 | G19: 87.46 | H19: 38.88 | I19: 6.61 | J19: 0.17 | K19: 185.52 | L19: 19.65 | M19: 70 | N19: 0 | O19: 0 | P19: 0.78 | Q19: 4.82
A20: 45333.125 | B20: 8.75 | C20: 26.38 | D20: 22.15 | E20: 8.57 | F20: 3.44 | G20: 88.55 | H20: 38.38 | I20: 6.58 | J20: 0.08 | K20: 86.19 | L20: 19.61 | M20: 69.69 | N20: 0 | O20: 0 | P20: 0.77 | Q20: 4.82
... A104: 45334 | B104: 5.57 | C104: 21.16 | D104: 16.87 | E104: 7.66 | F104: 4.26 | G104: 79.71 | H104: 33.15 | I104: 6.2 | J104: 0.99 | K104: 53.18 | L104: 21.97 | M104: 63.57 | N104: 0 | O104: 0 | P104: 0.74 | Q104: 4.75
A106: Min | B106: =MIN(B9:B104) -> 4.8 | C106: =MIN(C9:C104) -> 15.37 | D106: =MIN(D9:D104) -> 13.55 | E106: =MIN(E9:E104) -> 6.03 | F106: =MIN(F9:F104) -> 3.15 | G106: =MIN(G9:G104) -> 49.97 | H106: =MIN(H9:H104) -> 24.92 | I106: =MIN(I9:I104) -> 5.28 | ... Q106: =MIN(Q9:Q104) -> 4.67
A107: Max | B107: =MAX(B9:B104) -> 18.74 | C107: =MAX(C9:C104) -> 28.2 | D107: =MAX(D9:D104) -> 30.56 | E107: =MAX(E9:E104) -> 26.58 | F107: =MAX(F9:F104) -> 11.8 | G107: =MAX(G9:G104) -> 121.18 | H107: =MAX(H9:H104) -> 54.38 | I107: =MAX(I9:I104) -> 8.84 | ... Q107: =MAX(Q9:Q104) -> 4.89
A108: Avg | B108: =AVERAGE(B9:B104) -> 8.5194792 | C108: =AVERAGE(C9:C104) -> 21.736458 | D108: =AVERAGE(D9:D104) -> 19.539896 | E108: =AVERAGE(E9:E104) -> 9.9534375 | F108: =AVERAGE(F9:F104) -> 5.0185417 | G108: =AVERAGE(G9:G104) -> 85.3625 | H108: =AVERAGE(H9:H104) -> 37.156563 | I108: =AVERAGE(I9:I104) -> 6.8323958 | ... Q108: =AVERAGE(Q9:Q104) -> 4.7776042
A109: Stdev | B109: =STDEV(B9:B104) -> 4.0572395 | C109: =STDEV(C9:C104) -> 3.7468215 | D109: =STDEV(D9:D104) -> 4.7830755 | E109: =STDEV(E9:E104) -> 3.4041247 | F109: =STDEV(F9:F104) -> 2.2253705 | G109: =STDEV(G9:G104) -> 17.233825 | H109: =STDEV(H9:H104) -> 8.2401888 | I109: =STDEV(I9:I104) -> 1.0058196 | ... Q109: =STDEV(Q9:Q104) -> 0.049070192
A110: Num | B110: =COUNT(B9:B104) -> 96 | C110: =COUNT(C9:C104) -> 96 | D110: =COUNT(D9:D104) -> 96 | E110: =COUNT(E9:E104) -> 96 | F110: =COUNT(F9:F104) -> 96 | G110: =COUNT(G9:G104) -> 96 | H110: =COUNT(H9:H104) -> 96 | I110: =COUNT(I9:I104) -> 96 | ... Q110: =COUNT(Q9:Q104) -> 96
A111: DCR | B111: =IF(B110>=87,">90%",IF(B110<=87,"<90%")) -> >90% | C111: =IF(C110>=87,">90%",IF(C110<=87,"<90%")) -> >90% | D111: =IF(D110>=87,">90%",IF(D110<=87,"<90%")) -> >90% | E111: =IF(E110>=87,">90%",IF(E110<=87,"<90%")) -> >90% | F111: =IF(F110>=87,">90%",IF(F110<=87,"<90%")) -> >90% | G111: =IF(G110>=87,">90%",IF(G110<=87,"<90%")) -> >90% | H111: =IF(H110>=87,">90%",IF(H110<=87,"<90%")) -> >90% | I111: =IF(I110>=87,">90%",IF(I110<=87,"<90%")) -> >90% | ... Q111: =IF(Q110>=87,">90%",IF(Q110<=87,"<90%")) -> >90%
A112: Status | B112: =IF(B110>=87,"OK",IF(B110<=87,"LESS")) -> OK | C112: =IF(C110>=87,"OK",IF(C110<=87,"LESS")) -> OK | D112: =IF(D110>=87,"OK",IF(D110<=87,"LESS")) -> OK | E112: =IF(E110>=87,"OK",IF(E110<=87,"LESS")) -> OK | F112: =IF(F110>=87,"OK",IF(F110<=87,"LESS")) -> OK | G112: =IF(G110>=87,"OK",IF(G110<=87,"LESS")) -> OK | H112: =IF(H110>=87,"OK",IF(H110<=87,"LESS")) -> OK | I112: =IF(I110>=87,"OK",IF(I110<=87,"LESS")) -> OK | ... Q112: =IF(Q110>=87,"OK",IF(Q110<=87,"LESS")) -> OK
A115: Done by | B115: AKASH
A117: Comment

Sheet 12
A1: Station: | B1: IGKV RAIPUR
A2: Date: | B2: =$A$9 -> 45334.01 | C2: Power Off | G2: Pw.Off | J2: Link Fail | L2: Link F | N2: Maintenance | P2: Maint.
A3: Report Type: | B3: Mean | C3: Calibration | G3: Calib. | J3: Data Fail | L3: Data F | N3: Invalid | P3: Invalid
A4: Time Base: | B4: 15 Min | C4: Zero Referrence | G4: Z.Ref | J4: Warm Up | L4: Wm. Up
A7: Date & Time | B7: NO | C7: NO2 | D7: NOX | E7: SO2 | F7: O3 | G7: PM 10 | H7: PM 2.5 | I7: BENZ | J7: WS | K7: WD | L7: TEMP | M7: HUM | N7: SR | O7: RG | P7: CO | Q7: NH3
B8: ug/m3 | C8: ug/m3 | D8: ppb | E8: ug/m3 | F8: ug/m3 | G8: ug/m3 | H8: ug/m3 | I8: ug/m3 | J8: m/sec | K8: deg | L8: degreC | M8: % | N8: w/m2 | O8: mm | P8: mg/m3 | Q8: ug/m3
A9: 45334.01 | B9: 5.04 | C9: 21.11 | D9: 16.42 | E9: 8.76 | F9: 5.02 | G9: 79.71 | H9: 33.15 | I9: 6.15 | J9: 0.57 | K9: 93.46 | L9: 22.03 | M9: 64.47 | N9: 0 | O9: 0 | P9: 0.74 | Q9: 4.75
A10: 45334.021 | B10: 4.69 | C10: 21.15 | D10: 16.16 | E10: 8 | F10: 4.7 | G10: 79.71 | H10: 33.15 | I10: 6.13 | J10: 0.04 | K10: 233.77 | L10: 20.41 | M10: 82.15 | N10: 0 | O10: 2.8 | P10: 0.74 | Q10: 4.76
A11: 45334.031 | B11: 4.66 | C11: 21.28 | D11: 16.2 | E11: 7.69 | F11: 3.98 | G11: 79.17 | H11: 36.66 | I11: 6.08 | J11: 0.44 | K11: 95.3 | L11: 19.41 | M11: 90 | N11: 0 | O11: 0.2 | P11: 0.73 | Q11: 4.76
A12: 45334.042 | B12: 4.89 | C12: 21.51 | D12: 16.51 | E12: 7.28 | F12: 3.6 | G12: 78.66 | H12: 38.26 | I12: 6.04 | J12: 0.36 | K12: 109.4 | L12: 19.41 | M12: 88 | N12: 0 | O12: 0 | P12: 0.73 | Q12: 4.77
A13: 45334.052 | B13: 4.92 | C13: 21.59 | D13: 16.57 | E13: 7.35 | F13: 3.7 | G13: 78.66 | H13: 38.26 | I13: 6.01 | J13: 0.26 | K13: 132.54 | L13: 19.32 | M13: 88.06 | N13: 0 | O13: 0 | P13: 0.73 | Q13: 4.75
A14: 45334.062 | B14: 4.95 | C14: 21.46 | D14: 16.53 | E14: 7.72 | F14: 3.55 | G14: 78.66 | H14: 38.26 | I14: 6.01 | J14: 0.15 | K14: 13.43 | L14: 19.12 | M14: 89.59 | N14: 0 | O14: 0 | P14: 0.72 | Q14: 4.76
A15: 45334.073 | B15: 5.17 | C15: 21.72 | D15: 16.85 | E15: 7.42 | F15: 3.41 | G15: 78.75 | H15: 34.77 | I15: 5.98 | J15: 0.33 | K15: 89.8 | L15: 19.4 | M15: 88.28 | N15: 0 | O15: 0 | P15: 0.72 | Q15: 4.75
A16: 45334.083 | B16: 5.46 | C16: 22.05 | D16: 17.25 | E16: 7.55 | F16: 3.41 | G16: 78.84 | H16: 33.15 | I16: 5.94 | J16: 0.32 | K16: 51.94 | L16: 19.48 | M16: 85.95 | N16: 0 | O16: 0 | P16: 0.73 | Q16: 4.73
A17: 45334.094 | B17: 5.64 | C17: 22.36 | D17: 17.56 | E17: 8.08 | F17: 3.39 | G17: 78.84 | H17: 33.15 | I17: 5.96 | J17: 0.83 | K17: 60.26 | L17: 19.42 | M17: 84.71 | N17: 0 | O17: 0 | P17: 0.72 | Q17: 4.74
A18: 45334.104 | B18: 5.81 | C18: 22.23 | D18: 17.63 | E18: 9.34 | F18: 3.52 | G18: 78.84 | H18: 33.15 | I18: 5.96 | J18: 0.93 | K18: 59.89 | L18: 19.2 | M18: 84.44 | N18: 0 | O18: 0 | P18: 0.71 | Q18: 4.74
A19: 45334.115 | B19: 5.81 | C19: 22.85 | D19: 17.94 | E19: 8.88 | F19: 3.48 | G19: 78.28 | H19: 35.35 | I19: 5.92 | J19: 0.44 | K19: 72.91 | L19: 18.91 | M19: 86.47 | N19: 0 | O19: 0 | P19: 0.73 | Q19: 4.72
A20: 45334.125 | B20: 6 | C20: 20.28 | D20: 16.76 | E20: 8.07 | F20: 3.66 | G20: 77.74 | H20: 37.55 | I20: 5.92 | J20: 0.44 | K20: 66.35 | L20: 18.8 | M20: 87.62 | N20: 0 | O20: 0 | P20: 0.72 | Q20: 4.69
... A104: 45335 | B104: 9.87 | C104: 18.14 | D104: 18.74 | E104: 9.79 | F104: 3.39 | G104: 58.94 | H104: 25.25 | I104: 6.24 | J104: 0.19 | K104: 133.7 | L104: 22.34 | M104: 81.73 | N104: 0 | O104: 0 | P104: 0.75 | Q104: 4.73
A106: Min | B106: =MIN(B9:B104) -> 4.29 | C106: =MIN(C9:C104) -> 13.88 | D106: =MIN(D9:D104) -> 12.16 | E106: =MIN(E9:E104) -> 6.41 | F106: =MIN(F9:F104) -> 3.08 | G106: =MIN(G9:G104) -> 53.89 | H106: =MIN(H9:H104) -> 25.25 | I106: =MIN(I9:I104) -> 5.65 | ... Q106: =MIN(Q9:Q104) -> 4.64
A107: Max | B107: =MAX(B9:B104) -> 14.91 | C107: =MAX(C9:C104) -> 29.02 | D107: =MAX(D9:D104) -> 28.29 | E107: =MAX(E9:E104) -> 12.16 | F107: =MAX(F9:F104) -> 8.79 | G107: =MAX(G9:G104) -> 79.71 | H107: =MAX(H9:H104) -> 38.26 | I107: =MAX(I9:I104) -> 6.8 | ... Q107: =MAX(Q9:Q104) -> 4.88
A108: Avg | B108: =AVERAGE(B9:B104) -> 7.4385417 | C108: =AVERAGE(C9:C104) -> 20.374896 | D108: =AVERAGE(D9:D104) -> 17.961458 | E108: =AVERAGE(E9:E104) -> 8.5557292 | F108: =AVERAGE(F9:F104) -> 4.1889583 | G108: =AVERAGE(G9:G104) -> 64.178437 | H108: =AVERAGE(H9:H104) -> 31.542292 | I108: =AVERAGE(I9:I104) -> 6.0545833 | ... Q108: =AVERAGE(Q9:Q104) -> 4.7515625
A109: Stdev | B109: =STDEV(B9:B104) -> 3.0303847 | C109: =STDEV(C9:C104) -> 4.3423969 | D109: =STDEV(D9:D104) -> 4.4164961 | E109: =STDEV(E9:E104) -> 1.3877295 | F109: =STDEV(F9:F104) -> 1.341427 | G109: =STDEV(G9:G104) -> 7.7934653 | H109: =STDEV(H9:H104) -> 3.4562238 | I109: =STDEV(I9:I104) -> 0.29603313 | ... Q109: =STDEV(Q9:Q104) -> 0.054740116
A110: Num | B110: =COUNT(B9:B104) -> 96 | C110: =COUNT(C9:C104) -> 96 | D110: =COUNT(D9:D104) -> 96 | E110: =COUNT(E9:E104) -> 96 | F110: =COUNT(F9:F104) -> 96 | G110: =COUNT(G9:G104) -> 96 | H110: =COUNT(H9:H104) -> 96 | I110: =COUNT(I9:I104) -> 96 | ... Q110: =COUNT(Q9:Q104) -> 96
A111: DCR | B111: =IF(B110>=87,">90%",IF(B110<=87,"<90%")) -> >90% | C111: =IF(C110>=87,">90%",IF(C110<=87,"<90%")) -> >90% | D111: =IF(D110>=87,">90%",IF(D110<=87,"<90%")) -> >90% | E111: =IF(E110>=87,">90%",IF(E110<=87,"<90%")) -> >90% | F111: =IF(F110>=87,">90%",IF(F110<=87,"<90%")) -> >90% | G111: =IF(G110>=87,">90%",IF(G110<=87,"<90%")) -> >90% | H111: =IF(H110>=87,">90%",IF(H110<=87,"<90%")) -> >90% | I111: =IF(I110>=87,">90%",IF(I110<=87,"<90%")) -> >90% | ... Q111: =IF(Q110>=87,">90%",IF(Q110<=87,"<90%")) -> >90%
A112: Status | B112: =IF(B110>=87,"OK",IF(B110<=87,"LESS")) -> OK | C112: =IF(C110>=87,"OK",IF(C110<=87,"LESS")) -> OK | D112: =IF(D110>=87,"OK",IF(D110<=87,"LESS")) -> OK | E112: =IF(E110>=87,"OK",IF(E110<=87,"LESS")) -> OK | F112: =IF(F110>=87,"OK",IF(F110<=87,"LESS")) -> OK | G112: =IF(G110>=87,"OK",IF(G110<=87,"LESS")) -> OK | H112: =IF(H110>=87,"OK",IF(H110<=87,"LESS")) -> OK | I112: =IF(I110>=87,"OK",IF(I110<=87,"LESS")) -> OK | ... Q112: =IF(Q110>=87,"OK",IF(Q110<=87,"LESS")) -> OK
A115: Done by | B115: AKASH
A117: Comment

Sheet 13
A1: Station: | B1: IGKV RAIPUR
A2: Date: | B2: =$A$9 -> 45335.01 | C2: Power Off | G2: Pw.Off | J2: Link Fail | L2: Link F | N2: Maintenance | P2: Maint.
A3: Report Type: | B3: Mean | C3: Calibration | G3: Calib. | J3: Data Fail | L3: Data F | N3: Invalid | P3: Invalid
A4: Time Base: | B4: 15 Min | C4: Zero Referrence | G4: Z.Ref | J4: Warm Up | L4: Wm. Up
A7: Date & Time | B7: NO | C7: NO2 | D7: NOX | E7: SO2 | F7: O3 | G7: PM 10 | H7: PM 2.5 | I7: BENZ | J7: WS | K7: WD | L7: TEMP | M7: HUM | N7: SR | O7: RG | P7: CO | Q7: NH3
B8: ug/m3 | C8: ug/m3 | D8: ppb | E8: ug/m3 | F8: ug/m3 | G8: ug/m3 | H8: ug/m3 | I8: ug/m3 | J8: m/sec | K8: deg | L8: degreC | M8: % | N8: w/m2 | O8: mm | P8: mg/m3 | Q8: ug/m3
A9: 45335.01 | B9: 9.86 | C9: 18.83 | D9: 19.1 | E9: 10.16 | F9: 3.41 | G9: 58.94 | H9: 25.25 | I9: 6.22 | J9: 0.24 | K9: 126.68 | L9: 22.22 | M9: 82.81 | N9: 0 | O9: 0 | P9: 0.75 | Q9: 4.73
A10: 45335.021 | B10: 9.72 | C10: 17.69 | D10: 18.39 | E10: 9.42 | F10: 3.6 | G10: 58.94 | H10: 25.25 | I10: 6.19 | J10: 0.24 | K10: 131.38 | L10: 22.28 | M10: 82.84 | N10: 0 | O10: 0 | P10: 0.74 | Q10: 4.7
A11: 45335.031 | B11: 9.55 | C11: 16.24 | D11: 17.5 | E11: 9.9 | F11: 3.74 | G11: 60.12 | H11: 25.83 | I11: 6.16 | J11: 0.21 | K11: 107.67 | L11: 22.23 | M11: 83.33 | N11: 0 | O11: 0 | P11: 0.73 | Q11: 4.73
A12: 45335.042 | B12: 9.52 | C12: 15.4 | D12: 17.03 | E12: 9.71 | F12: 3.63 | G12: 61.26 | H12: 26.16 | I12: 6.12 | J12: 0.16 | K12: 133.32 | L12: 22.14 | M12: 83.99 | N12: 0 | O12: 0 | P12: 0.72 | Q12: 4.75
A13: 45335.052 | B13: 9.43 | C13: 15.38 | D13: 16.95 | E13: 9.08 | F13: 3.51 | G13: 61.26 | H13: 26.16 | I13: 6.05 | J13: 0.11 | K13: 116.85 | L13: 22.17 | M13: 84.12 | N13: 0 | O13: 0 | P13: 0.72 | Q13: 4.74
A14: 45335.062 | B14: 9.5 | C14: 16.01 | D14: 17.33 | E14: 9.62 | F14: 3.43 | G14: 61.26 | H14: 26.16 | I14: 6.07 | J14: 0.15 | K14: 21.68 | L14: 22.03 | M14: 84.84 | N14: 0 | O14: 0 | P14: 0.72 | Q14: 4.75
A15: 45335.073 | B15: 9.78 | C15: 16.71 | D15: 17.92 | E15: 9.74 | F15: 3.41 | G15: 60.13 | H15: 26.53 | I15: 6.01 | J15: 0.17 | K15: 330.45 | L15: 21.69 | M15: 87.11 | N15: 0 | O15: 0 | P15: 0.72 | Q15: 4.78
A16: 45335.083 | B16: 10.22 | C16: 15.75 | D16: 17.78 | E16: 9.7 | F16: 3.51 | G16: 59.05 | H16: 26.71 | I16: 5.98 | J16: 0.12 | K16: 30.19 | L16: 21.35 | M16: 88.68 | N16: 0 | O16: 0 | P16: 0.71 | Q16: 4.81
A17: 45335.094 | B17: 10.54 | C17: 15.15 | D17: 17.72 | E17: 6.54 | F17: 3.44 | G17: 59.05 | H17: 26.71 | I17: 5.99 | J17: 0.25 | K17: 58.51 | L17: 21.19 | M17: 89.27 | N17: 0 | O17: 0 | P17: 0.71 | Q17: 4.82
A18: 45335.104 | B18: 10.9 | C18: 16.17 | D18: 18.54 | E18: 6.72 | F18: 3.26 | G18: 59.05 | H18: 26.71 | I18: 5.97 | J18: 0.24 | K18: 38.72 | L18: 21.05 | M18: 90.07 | N18: 0 | O18: 0 | P18: 0.71 | Q18: 4.79
A19: 45335.115 | B19: 11.38 | C19: 17.05 | D19: 19.38 | E19: 7.45 | F19: 3.38 | G19: 56.75 | H19: 27.16 | I19: 5.97 | J19: 0.21 | K19: 58.67 | L19: 20.94 | M19: 90.6 | N19: 0 | O19: 0 | P19: 0.72 | Q19: 4.8
A20: 45335.125 | B20: 11.77 | C20: 15.97 | D20: 19.13 | E20: 7.44 | F20: 3.46 | G20: 54.55 | H20: 27.74 | I20: 5.95 | J20: 0.44 | K20: 39.88 | L20: 20.82 | M20: 91.13 | N20: 0 | O20: 0 | P20: 0.7 | Q20: 4.83
... A104: 45336 | B104: 15.42 | C104: 21.54 | D104: 24.97 | E104: 8.06 | F104: 3.26 | G104: 83.52 | H104: 33.78 | I104: 8.75 | J104: 0.17 | K104: 175.27 | L104: 19.44 | M104: 88.57 | N104: 0 | O104: 0 | P104: 0.92 | Q104: 4.87
A106: Min | B106: =MIN(B9:B104) -> 3.74 | C106: =MIN(C9:C104) -> 11.76 | D106: =MIN(D9:D104) -> 11.9 | E106: =MIN(E9:E104) -> 6.53 | F106: =MIN(F9:F104) -> 2.97 | G106: =MIN(G9:G104) -> 42.8 | H106: =MIN(H9:H104) -> 22.99 | I106: =MIN(I9:I104) -> 5.9 | ... Q106: =MIN(Q9:Q104) -> 4.64
A107: Max | B107: =MAX(B9:B104) -> 24.43 | C107: =MAX(C9:C104) -> 26.15 | D107: =MAX(D9:D104) -> 34.06 | E107: =MAX(E9:E104) -> 11.62 | F107: =MAX(F9:F104) -> 9.33 | G107: =MAX(G9:G104) -> 188.64 | H107: =MAX(H9:H104) -> 36.59 | I107: =MAX(I9:I104) -> 9.46 | ... Q107: =MAX(Q9:Q104) -> 4.9
A108: Avg | B108: =AVERAGE(B9:B104) -> 12.507292 | C108: =AVERAGE(C9:C104) -> 18.18875 | D108: =AVERAGE(D9:D104) -> 20.883958 | E108: =AVERAGE(E9:E104) -> 8.7502083 | F108: =AVERAGE(F9:F104) -> 4.2966667 | G108: =AVERAGE(G9:G104) -> 67.994271 | H108: =AVERAGE(H9:H104) -> 29.333646 | I108: =AVERAGE(I9:I104) -> 7.439375 | ... Q108: =AVERAGE(Q9:Q104) -> 4.7982292
A109: Stdev | B109: =STDEV(B9:B104) -> 6.7672226 | C109: =STDEV(C9:C104) -> 3.0460761 | D109: =STDEV(D9:D104) -> 6.5258842 | E109: =STDEV(E9:E104) -> 1.3018384 | F109: =STDEV(F9:F104) -> 1.6946148 | G109: =STDEV(G9:G104) -> 29.508227 | H109: =STDEV(H9:H104) -> 3.9452317 | I109: =STDEV(I9:I104) -> 1.0681936 | ... Q109: =STDEV(Q9:Q104) -> 0.060939915
A110: Num | B110: =COUNT(B9:B104) -> 96 | C110: =COUNT(C9:C104) -> 96 | D110: =COUNT(D9:D104) -> 96 | E110: =COUNT(E9:E104) -> 96 | F110: =COUNT(F9:F104) -> 96 | G110: =COUNT(G9:G104) -> 96 | H110: =COUNT(H9:H104) -> 96 | I110: =COUNT(I9:I104) -> 96 | ... Q110: =COUNT(Q9:Q104) -> 96
A111: DCR | B111: =IF(B110>=87,">90%",IF(B110<=87,"<90%")) -> >90% | C111: =IF(C110>=87,">90%",IF(C110<=87,"<90%")) -> >90% | D111: =IF(D110>=87,">90%",IF(D110<=87,"<90%")) -> >90% | E111: =IF(E110>=87,">90%",IF(E110<=87,"<90%")) -> >90% | F111: =IF(F110>=87,">90%",IF(F110<=87,"<90%")) -> >90% | G111: =IF(G110>=87,">90%",IF(G110<=87,"<90%")) -> >90% | H111: =IF(H110>=87,">90%",IF(H110<=87,"<90%")) -> >90% | I111: =IF(I110>=87,">90%",IF(I110<=87,"<90%")) -> >90% | ... Q111: =IF(Q110>=87,">90%",IF(Q110<=87,"<90%")) -> >90%
A112: Status | B112: =IF(B110>=87,"OK",IF(B110<=87,"LESS")) -> OK | C112: =IF(C110>=87,"OK",IF(C110<=87,"LESS")) -> OK | D112: =IF(D110>=87,"OK",IF(D110<=87,"LESS")) -> OK | E112: =IF(E110>=87,"OK",IF(E110<=87,"LESS")) -> OK | F112: =IF(F110>=87,"OK",IF(F110<=87,"LESS")) -> OK | G112: =IF(G110>=87,"OK",IF(G110<=87,"LESS")) -> OK | H112: =IF(H110>=87,"OK",IF(H110<=87,"LESS")) -> OK | I112: =IF(I110>=87,"OK",IF(I110<=87,"LESS")) -> OK | ... Q112: =IF(Q110>=87,"OK",IF(Q110<=87,"LESS")) -> OK
A115: Done by | B115: AKASH
A117: Comment

Sheet 14
A1: Station: | B1: IGKV RAIPUR
A2: Date: | B2: =$A$9 -> 45336.01 | C2: Power Off | G2: Pw.Off | J2: Link Fail | L2: Link F | N2: Maintenance | P2: Maint.
A3: Report Type: | B3: Mean | C3: Calibration | G3: Calib. | J3: Data Fail | L3: Data F | N3: Invalid | P3: Invalid
A4: Time Base: | B4: 15 Min | C4: Zero Referrence | G4: Z.Ref | J4: Warm Up | L4: Wm. Up
A7: Date & Time | B7: NO | C7: NO2 | D7: NOX | E7: SO2 | F7: O3 | G7: PM 10 | H7: PM 2.5 | I7: BENZ | J7: WS | K7: WD | L7: TEMP | M7: HUM | N7: SR | O7: RG | P7: CO | Q7: NH3
B8: ug/m3 | C8: ug/m3 | D8: ppb | E8: ug/m3 | F8: ug/m3 | G8: ug/m3 | H8: ug/m3 | I8: ug/m3 | J8: m/sec | K8: deg | L8: degreC | M8: % | N8: w/m2 | O8: mm | P8: mg/m3 | Q8: ug/m3
A9: 45336.01 | B9: 16.08 | C9: 21.06 | D9: 25.24 | E9: 8.69 | F9: 3.17 | G9: 83.52 | H9: 33.78 | I9: 8.74 | J9: 0.18 | K9: 243.1 | L9: 19.46 | M9: 88.28 | N9: 0 | O9: 0 | P9: 0.91 | Q9: 4.87
A10: 45336.021 | B10: 15.67 | C10: 21.48 | D10: 25.14 | E10: 8.46 | F10: 3.3 | G10: 83.52 | H10: 33.78 | I10: 8.73 | J10: 0.14 | K10: 241.81 | L10: 19.28 | M10: 89.08 | N10: 0 | O10: 0 | P10: 0.91 | Q10: 4.86
A11: 45336.031 | B11: 15.19 | C11: 21.82 | D11: 24.93 | E11: 8.3 | F11: 3.22 | G11: 73.02 | H11: 33.16 | I11: 8.72 | J11: 0.14 | K11: 215.11 | L11: 19.16 | M11: 89.49 | N11: 0 | O11: 0 | P11: 0.91 | Q11: 4.84
A12: 45336.042 | B12: 14.89 | C12: 21.73 | D12: 24.64 | E12: 8.22 | F12: 3.18 | G12: 63.42 | H12: 32.87 | I12: 8.65 | J12: 0.13 | K12: 200.18 | L12: 19.23 | M12: 90.22 | N12: 0 | O12: 0 | P12: 0.9 | Q12: 4.83
A13: 45336.052 | B13: 14.59 | C13: 21.61 | D13: 24.34 | E13: 7.88 | F13: 3.15 | G13: 63.42 | H13: 32.87 | I13: 8.63 | J13: 0.13 | K13: 220.38 | L13: 19.11 | M13: 88.56 | N13: 0 | O13: 0 | P13: 0.9 | Q13: 4.82
A14: 45336.062 | B14: 14.22 | C14: 21.79 | D14: 24.14 | E14: 8.66 | F14: 3.09 | G14: 63.42 | H14: 32.87 | I14: 8.65 | J14: 0.16 | K14: 216.21 | L14: 19.08 | M14: 89.26 | N14: 0 | O14: 0 | P14: 0.89 | Q14: 4.82
A15: 45336.073 | B15: 14.09 | C15: 21.71 | D15: 24 | E15: 8.26 | F15: 3.17 | G15: 60.99 | H15: 32.6 | I15: 8.61 | J15: 0.12 | K15: 181.08 | L15: 19.02 | M15: 89.53 | N15: 0 | O15: 0 | P15: 0.91 | Q15: 4.8
A16: 45336.083 | B16: 13.96 | C16: 21.53 | D16: 23.8 | E16: 8.57 | F16: 3.31 | G16: 58.67 | H16: 32.48 | I16: 8.57 | J16: 0.23 | K16: 188.67 | L16: 18.96 | M16: 89.32 | N16: 0 | O16: 0 | P16: 0.9 | Q16: 4.81
A17: 45336.094 | B17: 13.72 | C17: 21.55 | D17: 23.62 | E17: 6.19 | F17: 3.27 | G17: 58.67 | H17: 32.48 | I17: 8.56 | J17: 0.05 | K17: 175.28 | L17: 18.65 | M17: 91.37 | N17: 0 | O17: 0 | P17: 0.89 | Q17: 4.8
A18: 45336.104 | B18: 13.59 | C18: 21.32 | D18: 23.39 | E18: 6.24 | F18: 3.22 | G18: 58.67 | H18: 32.48 | I18: 8.52 | J18: 0.09 | K18: 191.38 | L18: 18.93 | M18: 87.46 | N18: 0 | O18: 0 | P18: 0.89 | Q18: 4.8
A19: 45336.115 | B19: 13.22 | C19: 21.33 | D19: 23.09 | E19: 7.35 | F19: 3.14 | G19: 49.61 | H19: 29.91 | I19: 8.52 | J19: 0.18 | K19: 215.24 | L19: 18.95 | M19: 86.45 | N19: 0 | O19: 0 | P19: 0.87 | Q19: 4.79
A20: 45336.125 | B20: 13.1 | C20: 21.13 | D20: 22.9 | E20: 6.53 | F20: 3.24 | G20: 40.94 | H20: 28.42 | I20: 8.45 | J20: 0.14 | K20: 228.21 | L20: 18.65 | M20: 89.21 | N20: 0 | O20: 0 | P20: 0.86 | Q20: 4.76
... A104: 45337 | B104: 13.2 | C104: 21.81 | D104: 23.33 | E104: 7.9 | F104: 3.24 | G104: 72.39 | H104: 33.45 | I104: 12.85 | J104: 0.33 | K104: 172.38 | L104: 20.42 | M104: 80.14 | N104: 0 | O104: 0 | P104: 1.1 | Q104: 4.74
A106: Min | B106: =MIN(B9:B104) -> 5.62 | C106: =MIN(C9:C104) -> 11.07 | D106: =MIN(D9:D104) -> 11.77 | E106: =MIN(E9:E104) -> 5.19 | F106: =MIN(F9:F104) -> 3.09 | G106: =MIN(G9:G104) -> 22.01 | H106: =MIN(H9:H104) -> 6.77 | I106: =MIN(I9:I104) -> 7.4 | ... Q106: =MIN(Q9:Q104) -> 4.65
A107: Max | B107: =MAX(B9:B104) -> 25.92 | C107: =MAX(C9:C104) -> 26.38 | D107: =MAX(D9:D104) -> 32.28 | E107: =MAX(E9:E104) -> 9.54 | F107: =MAX(F9:F104) -> 6.42 | G107: =MAX(G9:G104) -> 202.8 | H107: =MAX(H9:H104) -> 72.09 | I107: =MAX(I9:I104) -> 14.72 | ... Q107: =MAX(Q9:Q104) -> 4.94
A108: Avg | B108: =AVERAGE(B9:B104) -> 12.052292 | C108: =AVERAGE(C9:C104) -> 18.703125 | D108: =AVERAGE(D9:D104) -> 20.787292 | E108: =AVERAGE(E9:E104) -> 7.5417708 | F108: =AVERAGE(F9:F104) -> 3.8727083 | G108: =AVERAGE(G9:G104) -> 68.56875 | H108: =AVERAGE(H9:H104) -> 28.383021 | I108: =AVERAGE(I9:I104) -> 9.9277083 | ... Q108: =AVERAGE(Q9:Q104) -> 4.7913542
A109: Stdev | B109: =STDEV(B9:B104) -> 5.3647474 | C109: =STDEV(C9:C104) -> 3.9787484 | D109: =STDEV(D9:D104) -> 5.4314667 | E109: =STDEV(E9:E104) -> 0.95482266 | F109: =STDEV(F9:F104) -> 0.86733528 | G109: =STDEV(G9:G104) -> 43.772071 | H109: =STDEV(H9:H104) -> 15.775822 | I109: =STDEV(I9:I104) -> 2.2103658 | ... Q109: =STDEV(Q9:Q104) -> 0.068803607
A110: Num | B110: =COUNT(B9:B104) -> 96 | C110: =COUNT(C9:C104) -> 96 | D110: =COUNT(D9:D104) -> 96 | E110: =COUNT(E9:E104) -> 96 | F110: =COUNT(F9:F104) -> 96 | G110: =COUNT(G9:G104) -> 96 | H110: =COUNT(H9:H104) -> 96 | I110: =COUNT(I9:I104) -> 96 | ... Q110: =COUNT(Q9:Q104) -> 96
A111: DCR | B111: =IF(B110>=87,">90%",IF(B110<=87,"<90%")) -> >90% | C111: =IF(C110>=87,">90%",IF(C110<=87,"<90%")) -> >90% | D111: =IF(D110>=87,">90%",IF(D110<=87,"<90%")) -> >90% | E111: =IF(E110>=87,">90%",IF(E110<=87,"<90%")) -> >90% | F111: =IF(F110>=87,">90%",IF(F110<=87,"<90%")) -> >90% | G111: =IF(G110>=87,">90%",IF(G110<=87,"<90%")) -> >90% | H111: =IF(H110>=87,">90%",IF(H110<=87,"<90%")) -> >90% | I111: =IF(I110>=87,">90%",IF(I110<=87,"<90%")) -> >90% | ... Q111: =IF(Q110>=87,">90%",IF(Q110<=87,"<90%")) -> >90%
A112: Status | B112: =IF(B110>=87,"OK",IF(B110<=87,"LESS")) -> OK | C112: =IF(C110>=87,"OK",IF(C110<=87,"LESS")) -> OK | D112: =IF(D110>=87,"OK",IF(D110<=87,"LESS")) -> OK | E112: =IF(E110>=87,"OK",IF(E110<=87,"LESS")) -> OK | F112: =IF(F110>=87,"OK",IF(F110<=87,"LESS")) -> OK | G112: =IF(G110>=87,"OK",IF(G110<=87,"LESS")) -> OK | H112: =IF(H110>=87,"OK",IF(H110<=87,"LESS")) -> OK | I112: =IF(I110>=87,"OK",IF(I110<=87,"LESS")) -> OK | ... Q112: =IF(Q110>=87,"OK",IF(Q110<=87,"LESS")) -> OK
A115: Done by | B115: AKASH
A117: Comment

Sheet 15
A1: Station: | B1: IGKV RAIPUR
A2: Date: | B2: =$A$9 -> 45337.01 | C2: Power Off | G2: Pw.Off | J2: Link Fail | L2: Link F | N2: Maintenance | P2: Maint.
A3: Report Type: | B3: Mean | C3: Calibration | G3: Calib. | J3: Data Fail | L3: Data F | N3: Invalid | P3: Invalid
A4: Time Base: | B4: 15 Min | C4: Zero Referrence | G4: Z.Ref | J4: Warm Up | L4: Wm. Up
A7: Date & Time | B7: NO | C7: NO2 | D7: NOX | E7: SO2 | F7: O3 | G7: PM 10 | H7: PM 2.5 | I7: BENZ | J7: WS | K7: WD | L7: TEMP | M7: HUM | N7: SR | O7: RG | P7: CO | Q7: NH3
B8: ug/m3 | C8: ug/m3 | D8: ppb | E8: ug/m3 | F8: ug/m3 | G8: ug/m3 | H8: ug/m3 | I8: ug/m3 | J8: m/sec | K8: deg | L8: degreC | M8: % | N8: w/m2 | O8: mm | P8: mg/m3 | Q8: ug/m3
A9: 45337.01 | B9: 13.37 | C9: 19.06 | D9: 22.03 | E9: 8.37 | F9: 3.64 | G9: 72.39 | H9: 33.45 | I9: 12.81 | J9: 0.13 | K9: 173.74 | L9: 20.41 | M9: 78.31 | N9: 0 | O9: 0 | P9: 1.1 | Q9: 4.71
A10: 45337.021 | B10: 13.61 | C10: 17.7 | D10: 21.51 | E10: 7.53 | F10: 3.74 | G10: 72.39 | H10: 33.45 | I10: 12.79 | J10: 0.14 | K10: 214.37 | L10: 20.28 | M10: 78.33 | N10: 0 | O10: 0 | P10: 1.08 | Q10: 4.72
A11: 45337.031 | B11: 13.99 | C11: 16.52 | D11: 21.2 | E11: 7.51 | F11: 3.67 | G11: 71.36 | H11: 29.58 | I11: 12.63 | J11: 0.18 | K11: 243.96 | L11: 20.07 | M11: 79.18 | N11: 0 | O11: 0 | P11: 1.07 | Q11: 4.75
A12: 45337.042 | B12: 14.19 | C12: 15.78 | D12: 20.98 | E12: 7.27 | F12: 3.57 | G12: 70.38 | H12: 27.77 | I12: 12.48 | J12: 0.12 | K12: 235.18 | L12: 19.98 | M12: 78.23 | N12: 0 | O12: 0 | P12: 1.05 | Q12: 4.78
A13: 45337.052 | B13: 14.25 | C13: 15.42 | D13: 20.84 | E13: 7.01 | F13: 3.44 | G13: 70.38 | H13: 27.77 | I13: 12.4 | J13: 0.11 | K13: 189.63 | L13: 20.16 | M13: 77.03 | N13: 0 | O13: 0 | P13: 1.04 | Q13: 4.79
A14: 45337.062 | B14: 14.18 | C14: 16.5 | D14: 21.34 | E14: 7.36 | F14: 3.37 | G14: 70.38 | H14: 27.77 | I14: 12.26 | J14: 0.18 | K14: 157.85 | L14: 20.41 | M14: 77.64 | N14: 0 | O14: 0 | P14: 1.04 | Q14: 4.78
A15: 45337.073 | B15: 14.37 | C15: 16.75 | D15: 21.63 | E15: 7.75 | F15: 3.41 | G15: 67.77 | H15: 28.45 | I15: 12.16 | J15: 0.02 | K15: 266.32 | L15: 20.29 | M15: 77.33 | N15: 0 | O15: 0 | P15: 1.04 | Q15: 4.78
A16: 45337.083 | B16: 15.96 | C16: 16.15 | D16: 22.59 | E16: 7.4 | F16: 3.49 | G16: 65.27 | H16: 28.76 | I16: 12.05 | J16: 0.08 | K16: 322.9 | L16: 20.39 | M16: 76.31 | N16: 0 | O16: 0 | P16: 1.03 | Q16: 4.78
A17: 45337.094 | B17: 18.08 | C17: 16.29 | D17: 24.36 | E17: 6.6 | F17: 3.25 | G17: 65.27 | H17: 28.76 | I17: 11.97 | J17: 0.12 | K17: 186 | L17: 20.42 | M17: 76.32 | N17: 0 | O17: 0 | P17: 1.03 | Q17: 4.81
A18: 45337.104 | B18: 19.51 | C18: 17.65 | D18: 26.22 | E18: 8.46 | F18: 3.2 | G18: 65.27 | H18: 28.76 | I18: 11.9 | J18: 0.18 | K18: 176.91 | L18: 20.33 | M18: 80.68 | N18: 0 | O18: 0 | P18: 1.04 | Q18: 4.79
A19: 45337.115 | B19: 20.71 | C19: 18.87 | D19: 27.82 | E19: 8.51 | F19: 3.22 | G19: 71.44 | H19: 30.11 | I19: 11.83 | J19: 0.19 | K19: 166.34 | L19: 19.77 | M19: 84.36 | N19: 0 | O19: 0 | P19: 1.04 | Q19: 4.8
A20: 45337.125 | B20: 21.52 | C20: 18.11 | D20: 28.07 | E20: 8.12 | F20: 3.4 | G20: 77.34 | H20: 31.39 | I20: 11.79 | J20: 0.2 | K20: 223.12 | L20: 19.29 | M20: 85.88 | N20: 0 | O20: 0 | P20: 1.03 | Q20: 4.81
... A104: 45338 | B104: 16.37 | C104: 17.36 | D104: 23.55 | E104: 6.45 | F104: 3.48 | G104: 123.3 | H104: 42.98 | I104: 8.4 | J104: 0.73 | K104: 59.73 | L104: 23.4 | M104: 71.38 | N104: 0 | O104: 0 | P104: 0.94 | Q104: 4.84
A106: Min | B106: =MIN(B9:B104) -> 5.04 | C106: =MIN(C9:C104) -> 15.42 | D106: =MIN(D9:D104) -> 16.11 | E106: =MIN(E9:E104) -> 5.78 | F106: =MIN(F9:F104) -> 3.13 | G106: =MIN(G9:G104) -> 53.25 | H106: =MIN(H9:H104) -> 23.64 | I106: =MIN(I9:I104) -> 7.02 | ... Q106: =MIN(Q9:Q104) -> 4.71
A107: Max | B107: =MAX(B9:B104) -> 35.48 | C107: =MAX(C9:C104) -> 27.93 | D107: =MAX(D9:D104) -> 42.78 | E107: =MAX(E9:E104) -> 21.31 | F107: =MAX(F9:F104) -> 9.46 | G107: =MAX(G9:G104) -> 128.1 | H107: =MAX(H9:H104) -> 42.98 | I107: =MAX(I9:I104) -> 12.81 | ... Q107: =MAX(Q9:Q104) -> 4.97
A108: Avg | B108: =AVERAGE(B9:B104) -> 17.584583 | C108: =AVERAGE(C9:C104) -> 21.322083 | D108: =AVERAGE(D9:D104) -> 26.592292 | E108: =AVERAGE(E9:E104) -> 9.91875 | F108: =AVERAGE(F9:F104) -> 4.2686458 | G108: =AVERAGE(G9:G104) -> 83.346042 | H108: =AVERAGE(H9:H104) -> 32.466667 | I108: =AVERAGE(I9:I104) -> 9.7339583 | ... Q108: =AVERAGE(Q9:Q104) -> 4.8089583
A109: Stdev | B109: =STDEV(B9:B104) -> 9.4870224 | C109: =STDEV(C9:C104) -> 3.6761868 | D109: =STDEV(D9:D104) -> 8.1630094 | E109: =STDEV(E9:E104) -> 3.2418868 | F109: =STDEV(F9:F104) -> 1.6117324 | G109: =STDEV(G9:G104) -> 18.993916 | H109: =STDEV(H9:H104) -> 4.7041414 | I109: =STDEV(I9:I104) -> 1.9398614 | ... Q109: =STDEV(Q9:Q104) -> 0.072713992
A110: Num | B110: =COUNT(B9:B104) -> 96 | C110: =COUNT(C9:C104) -> 96 | D110: =COUNT(D9:D104) -> 96 | E110: =COUNT(E9:E104) -> 96 | F110: =COUNT(F9:F104) -> 96 | G110: =COUNT(G9:G104) -> 96 | H110: =COUNT(H9:H104) -> 96 | I110: =COUNT(I9:I104) -> 96 | ... Q110: =COUNT(Q9:Q104) -> 96
A111: DCR | B111: =IF(B110>=87,">90%",IF(B110<=87,"<90%")) -> >90% | C111: =IF(C110>=87,">90%",IF(C110<=87,"<90%")) -> >90% | D111: =IF(D110>=87,">90%",IF(D110<=87,"<90%")) -> >90% | E111: =IF(E110>=87,">90%",IF(E110<=87,"<90%")) -> >90% | F111: =IF(F110>=87,">90%",IF(F110<=87,"<90%")) -> >90% | G111: =IF(G110>=87,">90%",IF(G110<=87,"<90%")) -> >90% | H111: =IF(H110>=87,">90%",IF(H110<=87,"<90%")) -> >90% | I111: =IF(I110>=87,">90%",IF(I110<=87,"<90%")) -> >90% | ... Q111: =IF(Q110>=87,">90%",IF(Q110<=87,"<90%")) -> >90%
A112: Status | B112: =IF(B110>=87,"OK",IF(B110<=87,"LESS")) -> OK | C112: =IF(C110>=87,"OK",IF(C110<=87,"LESS")) -> OK | D112: =IF(D110>=87,"OK",IF(D110<=87,"LESS")) -> OK | E112: =IF(E110>=87,"OK",IF(E110<=87,"LESS")) -> OK | F112: =IF(F110>=87,"OK",IF(F110<=87,"LESS")) -> OK | G112: =IF(G110>=87,"OK",IF(G110<=87,"LESS")) -> OK | H112: =IF(H110>=87,"OK",IF(H110<=87,"LESS")) -> OK | I112: =IF(I110>=87,"OK",IF(I110<=87,"LESS")) -> OK | ... Q112: =IF(Q110>=87,"OK",IF(Q110<=87,"LESS")) -> OK
A115: Done by | B115: AKASH
A117: Comment

Sheet 16
A1: Station: | B1: IGKV RAIPUR
A2: Date: | B2: =$A$9 -> 45338.01 | C2: Power Off | G2: Pw.Off | J2: Link Fail | L2: Link F | N2: Maintenance | P2: Maint.
A3: Report Type: | B3: Mean | C3: Calibration | G3: Calib. | J3: Data Fail | L3: Data F | N3: Invalid | P3: Invalid
A4: Time Base: | B4: 15 Min | C4: Zero Referrence | G4: Z.Ref | J4: Warm Up | L4: Wm. Up
A7: Date & Time | B7: NO | C7: NO2 | D7: NOX | E7: SO2 | F7: O3 | G7: PM 10 | H7: PM 2.5 | I7: BENZ | J7: WS | K7: WD | L7: TEMP | M7: HUM | N7: SR | O7: RG | P7: CO | Q7: NH3
B8: ug/m3 | C8: ug/m3 | D8: ppb | E8: ug/m3 | F8: ug/m3 | G8: ug/m3 | H8: ug/m3 | I8: ug/m3 | J8: m/sec | K8: deg | L8: degreC | M8: % | N8: w/m2 | O8: mm | P8: mg/m3 | Q8: ug/m3
A9: 45338.01 | B9: 15.65 | C9: 17.07 | D9: 22.82 | E9: 6.39 | F9: 3.46 | G9: 123.3 | H9: 42.98 | I9: 8.37 | J9: 1.01 | K9: 54.39 | L9: 23.08 | M9: 72.82 | N9: 0 | O9: 0 | P9: 0.94 | Q9: 4.83
A10: 45338.021 | B10: 15.45 | C10: 17.68 | D10: 22.98 | E10: 7.2 | F10: 3.57 | G10: 123.3 | H10: 42.98 | I10: 8.33 | J10: 0.86 | K10: 46.59 | L10: 22.81 | M10: 74.08 | N10: 0 | O10: 0 | P10: 0.91 | Q10: 4.85
A11: 45338.031 | B11: 15.13 | C11: 18.7 | D11: 23.25 | E11: 7.19 | F11: 3.62 | G11: 118.64 | H11: 42.3 | I11: 8.36 | J11: 0.8 | K11: 59.71 | L11: 22.59 | M11: 74.73 | N11: 0 | O11: 0 | P11: 0.89 | Q11: 4.86
A12: 45338.042 | B12: 14.8 | C12: 19.49 | D12: 23.4 | E12: 7.09 | F12: 3.45 | G12: 114.18 | H12: 41.99 | I12: 8.31 | J12: 0.67 | K12: 59.73 | L12: 22.47 | M12: 74.43 | N12: 0 | O12: 0 | P12: 0.87 | Q12: 4.85
A13: 45338.052 | B13: 14.58 | C13: 20.32 | D13: 23.66 | E13: 6.72 | F13: 3.35 | G13: 114.18 | H13: 41.99 | I13: 8.23 | J13: 0.56 | K13: 48.4 | L13: 22.49 | M13: 74.69 | N13: 0 | O13: 0 | P13: 0.86 | Q13: 4.86
A14: 45338.062 | B14: 14.21 | C14: 21.08 | D14: 23.76 | E14: 7.61 | F14: 3.25 | G14: 114.18 | H14: 41.99 | I14: 8.19 | J14: 0.37 | K14: 47.44 | L14: 22.31 | M14: 76.06 | N14: 0 | O14: 0 | P14: 0.85 | Q14: 4.87
A15: 45338.073 | B15: 13.84 | C15: 21.21 | D15: 23.54 | E15: 7 | F15: 3.32 | G15: 108.09 | H15: 40.51 | I15: 8.06 | J15: 0.24 | K15: 65.72 | L15: 22.16 | M15: 76.98 | N15: 0 | O15: 0 | P15: 0.83 | Q15: 4.86
A16: 45338.083 | B16: 13.7 | C16: 21.42 | D16: 23.53 | E16: 7.36 | F16: 3.23 | G16: 102.26 | H16: 39.82 | I16: 8.04 | J16: 0.48 | K16: 21.02 | L16: 22.01 | M16: 77.08 | N16: 0 | O16: 0 | P16: 0.83 | Q16: 4.84
A17: 45338.094 | B17: 13.82 | C17: 21.84 | D17: 23.84 | E17: 9.08 | F17: 3.17 | G17: 102.26 | H17: 39.82 | I17: 7.99 | J17: 0.48 | K17: 59.92 | L17: 21.88 | M17: 77.35 | N17: 0 | O17: 0 | P17: 0.82 | Q17: 4.85
A18: 45338.104 | B18: 13.83 | C18: 21.87 | D18: 23.87 | E18: 9.75 | F18: 3.19 | G18: 102.26 | H18: 39.82 | I18: 7.97 | J18: 0.75 | K18: 56.63 | L18: 21.87 | M18: 76.74 | N18: 0 | O18: 0 | P18: 0.81 | Q18: 4.83
A19: 45338.115 | B19: 13.56 | C19: 22.11 | D19: 23.77 | E19: 9.91 | F19: 3.29 | G19: 95.96 | H19: 37.84 | I19: 7.95 | J19: 0.5 | K19: 43.38 | L19: 21.7 | M19: 77.22 | N19: 0 | O19: 0 | P19: 0.8 | Q19: 4.81
A20: 45338.125 | B20: 13.48 | C20: 21.95 | D20: 23.62 | E20: 9.69 | F20: 3.35 | G20: 89.93 | H20: 35.85 | I20: 7.88 | J20: 0.64 | K20: 51.73 | L20: 21.57 | M20: 77.4 | N20: 0 | O20: 0 | P20: 0.79 | Q20: 4.81
... A104: 45339 | B104: 13.43 | C104: 24.28 | D104: 24.81 | E104: 9.37 | F104: 3.24 | G104: 130.44 | H104: 53.31 | I104: 9.89 | J104: 0.13 | K104: 34.43 | L104: 22.71 | M104: 81.08 | N104: 0 | O104: 0 | P104: 1.13 | Q104: 4.8
A106: Min | B106: =MIN(B9:B104) -> 4.56 | C106: =MIN(C9:C104) -> 15.52 | D106: =MIN(D9:D104) -> 14.64 | E106: =MIN(E9:E104) -> 6.39 | F106: =MIN(F9:F104) -> 3.15 | G106: =MIN(G9:G104) -> 72.7 | H106: =MIN(H9:H104) -> 31.03 | I106: =MIN(I9:I104) -> 5.87 | ... Q106: =MIN(Q9:Q104) -> 4.65
A107: Max | B107: =MAX(B9:B104) -> 17.67 | C107: =MAX(C9:C104) -> 24.55 | D107: =MAX(D9:D104) -> 24.81 | E107: =MAX(E9:E104) -> 29.67 | F107: =MAX(F9:F104) -> 12.11 | G107: =MAX(G9:G104) -> 130.44 | H107: =MAX(H9:H104) -> 53.31 | I107: =MAX(I9:I104) -> 9.89 | ... Q107: =MAX(Q9:Q104) -> 4.87
A108: Avg | B108: =AVERAGE(B9:B104) -> 11.143021 | C108: =AVERAGE(C9:C104) -> 19.609375 | D108: =AVERAGE(D9:D104) -> 20.5325 | E108: =AVERAGE(E9:E104) -> 11.486667 | F108: =AVERAGE(F9:F104) -> 4.9597917 | G108: =AVERAGE(G9:G104) -> 94.204271 | H108: =AVERAGE(H9:H104) -> 37.316667 | I108: =AVERAGE(I9:I104) -> 7.2655208 | ... Q108: =AVERAGE(Q9:Q104) -> 4.7838542
A109: Stdev | B109: =STDEV(B9:B104) -> 4.1756729 | C109: =STDEV(C9:C104) -> 2.3673075 | D109: =STDEV(D9:D104) -> 3.3488078 | E109: =STDEV(E9:E104) -> 4.2965878 | F109: =STDEV(F9:F104) -> 2.4181106 | G109: =STDEV(G9:G104) -> 17.553252 | H109: =STDEV(H9:H104) -> 5.5214389 | I109: =STDEV(I9:I104) -> 0.90702506 | ... Q109: =STDEV(Q9:Q104) -> 0.059601656
A110: Num | B110: =COUNT(B9:B104) -> 96 | C110: =COUNT(C9:C104) -> 96 | D110: =COUNT(D9:D104) -> 96 | E110: =COUNT(E9:E104) -> 96 | F110: =COUNT(F9:F104) -> 96 | G110: =COUNT(G9:G104) -> 96 | H110: =COUNT(H9:H104) -> 96 | I110: =COUNT(I9:I104) -> 96 | ... Q110: =COUNT(Q9:Q104) -> 96
A111: DCR | B111: =IF(B110>=87,">90%",IF(B110<=87,"<90%")) -> >90% | C111: =IF(C110>=87,">90%",IF(C110<=87,"<90%")) -> >90% | D111: =IF(D110>=87,">90%",IF(D110<=87,"<90%")) -> >90% | E111: =IF(E110>=87,">90%",IF(E110<=87,"<90%")) -> >90% | F111: =IF(F110>=87,">90%",IF(F110<=87,"<90%")) -> >90% | G111: =IF(G110>=87,">90%",IF(G110<=87,"<90%")) -> >90% | H111: =IF(H110>=87,">90%",IF(H110<=87,"<90%")) -> >90% | I111: =IF(I110>=87,">90%",IF(I110<=87,"<90%")) -> >90% | ... Q111: =IF(Q110>=87,">90%",IF(Q110<=87,"<90%")) -> >90%
A112: Status | B112: =IF(B110>=87,"OK",IF(B110<=87,"LESS")) -> OK | C112: =IF(C110>=87,"OK",IF(C110<=87,"LESS")) -> OK | D112: =IF(D110>=87,"OK",IF(D110<=87,"LESS")) -> OK | E112: =IF(E110>=87,"OK",IF(E110<=87,"LESS")) -> OK | F112: =IF(F110>=87,"OK",IF(F110<=87,"LESS")) -> OK | G112: =IF(G110>=87,"OK",IF(G110<=87,"LESS")) -> OK | H112: =IF(H110>=87,"OK",IF(H110<=87,"LESS")) -> OK | I112: =IF(I110>=87,"OK",IF(I110<=87,"LESS")) -> OK | ... Q112: =IF(Q110>=87,"OK",IF(Q110<=87,"LESS")) -> OK
A115: Done by | B115: AKASH
A117: Comment

Sheet 17
A1: Station: | B1: IGKV RAIPUR
A2: Date: | B2: =$A$9 -> 45339.01 | C2: Power Off | G2: Pw.Off | J2: Link Fail | L2: Link F | N2: Maintenance | P2: Maint.
A3: Report Type: | B3: Mean | C3: Calibration | G3: Calib. | J3: Data Fail | L3: Data F | N3: Invalid | P3: Invalid
A4: Time Base: | B4: 15 Min | C4: Zero Referrence | G4: Z.Ref | J4: Warm Up | L4: Wm. Up
A7: Date & Time | B7: NO | C7: NO2 | D7: NOX | E7: SO2 | F7: O3 | G7: PM 10 | H7: PM 2.5 | I7: BENZ | J7: WS | K7: WD | L7: TEMP | M7: HUM | N7: SR | O7: RG | P7: CO | Q7: NH3
B8: ug/m3 | C8: ug/m3 | D8: ppb | E8: ug/m3 | F8: ug/m3 | G8: ug/m3 | H8: ug/m3 | I8: ug/m3 | J8: m/sec | K8: deg | L8: degreC | M8: % | N8: w/m2 | O8: mm | P8: mg/m3 | Q8: ug/m3
A9: 45339.01 | B9: 13.31 | C9: 24.26 | D9: 24.7 | E9: 9.28 | F9: 3.1 | G9: 130.44 | H9: 53.31 | I9: 9.8 | J9: 0.22 | K9: 190.26 | L9: 22.44 | M9: 83.22 | N9: 0 | O9: 0 | P9: 1.12 | Q9: 4.79
A10: 45339.021 | B10: 13.06 | C10: 24.46 | D10: 24.6 | E10: 9.56 | F10: 3.15 | G10: 130.44 | H10: 53.31 | I10: 9.8 | J10: 0.19 | K10: 212.51 | L10: 21.61 | M10: 87.17 | N10: 0 | O10: 0 | P10: 1.12 | Q10: 4.79
A11: 45339.031 | B11: 12.86 | C11: 24.11 | D11: 24.26 | E11: 9.26 | F11: 3.13 | G11: 124.46 | H11: 53.2 | I11: 9.74 | J11: 0.18 | K11: 196.99 | L11: 21.3 | M11: 88.74 | N11: 0 | O11: 0 | P11: 1.11 | Q11: 4.77
A12: 45339.042 | B12: 12.55 | C12: 23.86 | D12: 23.88 | E12: 9.64 | F12: 3.24 | G12: 118.75 | H12: 53.15 | I12: 9.67 | J12: 0.13 | K12: 202.55 | L12: 21.08 | M12: 89.18 | N12: 0 | O12: 0 | P12: 1.1 | Q12: 4.76
A13: 45339.052 | B13: 12.31 | C13: 23.43 | D13: 23.46 | E13: 9.79 | F13: 3.24 | G13: 118.75 | H13: 53.15 | I13: 9.72 | J13: 0.11 | K13: 249.73 | L13: 20.94 | M13: 89.82 | N13: 0 | O13: 0 | P13: 1.09 | Q13: 4.76
A14: 45339.062 | B14: 12.4 | C14: 23.97 | D14: 23.82 | E14: 8.58 | F14: 3.17 | G14: 118.75 | H14: 53.15 | I14: 9.73 | J14: 0.22 | K14: 82.11 | L14: 21.17 | M14: 88.7 | N14: 0 | O14: 0 | P14: 1.11 | Q14: 4.72
A15: 45339.073 | B15: 13.49 | C15: 22.14 | D15: 23.74 | E15: 8.59 | F15: 3.54 | G15: 116.62 | H15: 52.29 | I15: 9.71 | J15: 0.24 | K15: 62.4 | L15: 21.47 | M15: 86.75 | N15: 0 | O15: 0 | P15: 1.11 | Q15: 4.7
A16: 45339.083 | B16: 14.58 | C16: 20.11 | D16: 23.55 | E16: 8.46 | F16: 3.64 | G16: 114.58 | H16: 51.88 | I16: 9.75 | J16: 0.55 | K16: 45.51 | L16: 21.56 | M16: 85.74 | N16: 0 | O16: 0 | P16: 1.1 | Q16: 4.71
A17: 45339.094 | B17: 15.15 | C17: 18.67 | D17: 23.25 | E17: 8.53 | F17: 3.68 | G17: 114.58 | H17: 51.88 | I17: 9.73 | J17: 0.4 | K17: 38.17 | L17: 21.49 | M17: 85.61 | N17: 0 | O17: 0 | P17: 1.1 | Q17: 4.75
A18: 45339.104 | B18: 15.64 | C18: 17.4 | D18: 22.99 | E18: 9.88 | F18: 3.59 | G18: 114.58 | H18: 51.88 | I18: 9.79 | J18: 0.33 | K18: 28.31 | L18: 21.45 | M18: 85.99 | N18: 0 | O18: 0 | P18: 1.09 | Q18: 4.74
A19: 45339.115 | B19: 16.14 | C19: 16.73 | D19: 23.04 | E19: 9.3 | F19: 3.51 | G19: 111.95 | H19: 49.32 | I19: 9.75 | J19: 0.05 | K19: 190.7 | L19: 21.31 | M19: 86.82 | N19: 0 | O19: 0 | P19: 1.08 | Q19: 4.77
A20: 45339.125 | B20: 16.35 | C20: 16.21 | D20: 22.93 | E20: 9.61 | F20: 3.5 | G20: 109.43 | H20: 46.86 | I20: 9.71 | J20: 0.03 | K20: 197.07 | L20: 20.84 | M20: 90.03 | N20: 0 | O20: 0 | P20: 1.05 | Q20: 4.77
... A104: 45340 | B104: 18.65 | C104: 18.42 | D104: 25.93 | E104: 7.27 | F104: 3.53 | G104: 95.89 | H104: 40.81 | I104: 10.26 | J104: 0.13 | K104: 192.25 | L104: 21.65 | M104: 76.72 | N104: 0 | O104: 0 | P104: 1.2 | Q104: 4.82
A106: Min | B106: =MIN(B9:B104) -> 3.15 | C106: =MIN(C9:C104) -> 15.38 | D106: =MIN(D9:D104) -> 12.04 | E106: =MIN(E9:E104) -> 6.95 | F106: =MIN(F9:F104) -> 3.1 | G106: =MIN(G9:G104) -> 53.54 | H106: =MIN(H9:H104) -> 21.78 | I106: =MIN(I9:I104) -> 6.3 | ... Q106: =MIN(Q9:Q104) -> 4.63
A107: Max | B107: =MAX(B9:B104) -> 20.12 | C107: =MAX(C9:C104) -> 29 | D107: =MAX(D9:D104) -> 31.49 | E107: =MAX(E9:E104) -> 13.49 | F107: =MAX(F9:F104) -> 9.72 | G107: =MAX(G9:G104) -> 130.44 | H107: =MAX(H9:H104) -> 53.31 | I107: =MAX(I9:I104) -> 10.26 | ... Q107: =MAX(Q9:Q104) -> 4.85
A108: Avg | B108: =AVERAGE(B9:B104) -> 12.787083 | C108: =AVERAGE(C9:C104) -> 20.450208 | D108: =AVERAGE(D9:D104) -> 22.290312 | E108: =AVERAGE(E9:E104) -> 9.483125 | F108: =AVERAGE(F9:F104) -> 4.1795833 | G108: =AVERAGE(G9:G104) -> 88.111146 | H108: =AVERAGE(H9:H104) -> 38.700417 | I108: =AVERAGE(I9:I104) -> 8.4422917 | ... Q108: =AVERAGE(Q9:Q104) -> 4.76875
A109: Stdev | B109: =STDEV(B9:B104) -> 5.9602487 | C109: =STDEV(C9:C104) -> 3.5208788 | D109: =STDEV(D9:D104) -> 5.3659228 | E109: =STDEV(E9:E104) -> 1.3362456 | F109: =STDEV(F9:F104) -> 1.2969957 | G109: =STDEV(G9:G104) -> 21.217731 | H109: =STDEV(H9:H104) -> 9.4812514 | I109: =STDEV(I9:I104) -> 1.2314018 | ... Q109: =STDEV(Q9:Q104) -> 0.058763576
A110: Num | B110: =COUNT(B9:B104) -> 96 | C110: =COUNT(C9:C104) -> 96 | D110: =COUNT(D9:D104) -> 96 | E110: =COUNT(E9:E104) -> 96 | F110: =COUNT(F9:F104) -> 96 | G110: =COUNT(G9:G104) -> 96 | H110: =COUNT(H9:H104) -> 96 | I110: =COUNT(I9:I104) -> 96 | ... Q110: =COUNT(Q9:Q104) -> 96
A111: DCR | B111: =IF(B110>=87,">90%",IF(B110<=87,"<90%")) -> >90% | C111: =IF(C110>=87,">90%",IF(C110<=87,"<90%")) -> >90% | D111: =IF(D110>=87,">90%",IF(D110<=87,"<90%")) -> >90% | E111: =IF(E110>=87,">90%",IF(E110<=87,"<90%")) -> >90% | F111: =IF(F110>=87,">90%",IF(F110<=87,"<90%")) -> >90% | G111: =IF(G110>=87,">90%",IF(G110<=87,"<90%")) -> >90% | H111: =IF(H110>=87,">90%",IF(H110<=87,"<90%")) -> >90% | I111: =IF(I110>=87,">90%",IF(I110<=87,"<90%")) -> >90% | ... Q111: =IF(Q110>=87,">90%",IF(Q110<=87,"<90%")) -> >90%
A112: Status | B112: =IF(B110>=87,"OK",IF(B110<=87,"LESS")) -> OK | C112: =IF(C110>=87,"OK",IF(C110<=87,"LESS")) -> OK | D112: =IF(D110>=87,"OK",IF(D110<=87,"LESS")) -> OK | E112: =IF(E110>=87,"OK",IF(E110<=87,"LESS")) -> OK | F112: =IF(F110>=87,"OK",IF(F110<=87,"LESS")) -> OK | G112: =IF(G110>=87,"OK",IF(G110<=87,"LESS")) -> OK | H112: =IF(H110>=87,"OK",IF(H110<=87,"LESS")) -> OK | I112: =IF(I110>=87,"OK",IF(I110<=87,"LESS")) -> OK | ... Q112: =IF(Q110>=87,"OK",IF(Q110<=87,"LESS")) -> OK
A115: Done by | B115: AKASH
A117: Comment

Sheet 18
A1: Station: | B1: IGKV RAIPUR
A2: Date: | B2: =$A$9 -> 45340.01 | C2: Power Off | G2: Pw.Off | J2: Link Fail | L2: Link F | N2: Maintenance | P2: Maint.
A3: Report Type: | B3: Mean | C3: Calibration | G3: Calib. | J3: Data Fail | L3: Data F | N3: Invalid | P3: Invalid
A4: Time Base: | B4: 15 Min | C4: Zero Referrence | G4: Z.Ref | J4: Warm Up | L4: Wm. Up
A7: Date & Time | B7: NO | C7: NO2 | D7: NOX | E7: SO2 | F7: O3 | G7: PM 10 | H7: PM 2.5 | I7: BENZ | J7: WS | K7: WD | L7: TEMP | M7: HUM | N7: SR | O7: RG | P7: CO | Q7: NH3
B8: ug/m3 | C8: ug/m3 | D8: ppb | E8: ug/m3 | F8: ug/m3 | G8: ug/m3 | H8: ug/m3 | I8: ug/m3 | J8: m/sec | K8: deg | L8: degreC | M8: % | N8: w/m2 | O8: mm | P8: mg/m3 | Q8: ug/m3
A9: 45340.01 | B9: 19.19 | C9: 17.28 | D9: 25.77 | E9: 7.7 | F9: 3.49 | G9: 95.89 | H9: 40.81 | I9: 10.36 | J9: 0.14 | K9: 162.77 | L9: 21.86 | M9: 76.94 | N9: 0 | O9: 0 | P9: 1.21 | Q9: 4.83
A10: 45340.021 | B10: 18.88 | C10: 18.15 | D10: 25.97 | E10: 7.72 | F10: 3.45 | G10: 95.89 | H10: 40.81 | I10: 10.43 | J10: 0.12 | K10: 233.62 | L10: 22.03 | M10: 75.94 | N10: 0 | O10: 0 | P10: 1.22 | Q10: 4.84
A11: 45340.031 | B11: 18.78 | C11: 18.72 | D11: 26.2 | E11: 7.94 | F11: 3.33 | G11: 92.69 | H11: 39.03 | I11: 10.51 | J11: 0.11 | K11: 122.17 | L11: 22.37 | M11: 73.27 | N11: 0 | O11: 0 | P11: 1.23 | Q11: 4.84
A12: 45340.042 | B12: 19.4 | C12: 17.34 | D12: 25.96 | E12: 7.92 | F12: 3.48 | G12: 89.76 | H12: 38.21 | I12: 10.64 | J12: 0.48 | K12: 42.28 | L12: 23.19 | M12: 64.97 | N12: 0 | O12: 0 | P12: 1.23 | Q12: 4.82
A13: 45340.052 | B13: 19.79 | C13: 16.92 | D13: 26.06 | E13: 7.44 | F13: 3.51 | G13: 89.76 | H13: 38.21 | I13: 10.78 | J13: 0.11 | K13: 166.9 | L13: 23.37 | M13: 65.99 | N13: 0 | O13: 0 | P13: 1.22 | Q13: 4.84
A14: 45340.062 | B14: 20.03 | C14: 17.36 | D14: 26.48 | E14: 7.22 | F14: 3.38 | G14: 89.76 | H14: 38.21 | I14: 10.93 | J14: 0.22 | K14: 201.72 | L14: 22.74 | M14: 72.2 | N14: 0 | O14: 0 | P14: 1.23 | Q14: 4.84
A15: 45340.073 | B15: 19.98 | C15: 18.39 | D15: 26.98 | E15: 7.62 | F15: 3.3 | G15: 91.95 | H15: 40.73 | I15: 10.9 | J15: 0.2 | K15: 194.75 | L15: 22.33 | M15: 74.35 | N15: 0 | O15: 0 | P15: 1.25 | Q15: 4.83
A16: 45340.083 | B16: 19.7 | C16: 19.13 | D16: 27.14 | E16: 8.49 | F16: 3.37 | G16: 94.05 | H16: 41.9 | I16: 11 | J16: 0.26 | K16: 197.33 | L16: 21.94 | M16: 76.49 | N16: 0 | O16: 0 | P16: 1.23 | Q16: 4.85
A17: 45340.094 | B17: 19.26 | C17: 19.71 | D17: 27.09 | E17: 7.56 | F17: 3.43 | G17: 94.05 | H17: 41.9 | I17: 11.11 | J17: 0.17 | K17: 171.68 | L17: 21.79 | M17: 75.45 | N17: 0 | O17: 0 | P17: 1.23 | Q17: 4.86
A18: 45340.104 | B18: 18.73 | C18: 20.26 | D18: 26.96 | E18: 8.53 | F18: 3.38 | G18: 94.05 | H18: 41.9 | I18: 11.22 | J18: 0.12 | K18: 203.04 | L18: 21.59 | M18: 75.55 | N18: 0 | O18: 0 | P18: 1.23 | Q18: 4.85
A19: 45340.115 | B19: 18.1 | C19: 20.9 | D19: 26.78 | E19: 8.28 | F19: 3.28 | G19: 92.34 | H19: 41.25 | I19: 11.35 | J19: 0.16 | K19: 165.81 | L19: 21.53 | M19: 76.58 | N19: 0 | O19: 0 | P19: 1.24 | Q19: 4.85
A20: 45340.125 | B20: 17.61 | C20: 21.29 | D20: 26.59 | E20: 8.8 | F20: 3.21 | G20: 90.69 | H20: 40.62 | I20: 11.46 | J20: 0.12 | K20: 227.56 | L20: 21.25 | M20: 79.69 | N20: 0 | O20: 0 | P20: 1.22 | Q20: 4.85
... A104: 45341 | B104: 9.85 | C104: 19.14 | D104: 19.25 | E104: 8.73 | F104: 3.22 | G104: 83.02 | H104: 32.01 | I104: 10.5 | J104: 0.17 | K104: 185.61 | L104: 21.29 | M104: 72.74 | N104: 0 | O104: 0 | P104: 1.04 | Q104: 4.77
A106: Min | B106: =MIN(B9:B104) -> 4.44 | C106: =MIN(C9:C104) -> 11.66 | D106: =MIN(D9:D104) -> 12.48 | E106: =MIN(E9:E104) -> 7.08 | F106: =MIN(F9:F104) -> 3.15 | G106: =MIN(G9:G104) -> 56.4 | H106: =MIN(H9:H104) -> 23.17 | I106: =MIN(I9:I104) -> 9.05 | ... Q106: =MIN(Q9:Q104) -> 4.62
A107: Max | B107: =MAX(B9:B104) -> 21.59 | C107: =MAX(C9:C104) -> 24.34 | D107: =MAX(D9:D104) -> 31.06 | E107: =MAX(E9:E104) -> 15.14 | F107: =MAX(F9:F104) -> 12.36 | G107: =MAX(G9:G104) -> 95.89 | H107: =MAX(H9:H104) -> 41.9 | I107: =MAX(I9:I104) -> 12.17 | ... Q107: =MAX(Q9:Q104) -> 4.86
A108: Avg | B108: =AVERAGE(B9:B104) -> 12.304479 | C108: =AVERAGE(C9:C104) -> 17.552187 | D108: =AVERAGE(D9:D104) -> 20.388854 | E108: =AVERAGE(E9:E104) -> 9.3401042 | F108: =AVERAGE(F9:F104) -> 4.8782292 | G108: =AVERAGE(G9:G104) -> 76.625208 | H108: =AVERAGE(H9:H104) -> 33.324479 | I108: =AVERAGE(I9:I104) -> 10.603646 | ... Q108: =AVERAGE(Q9:Q104) -> 4.7586458
A109: Stdev | B109: =STDEV(B9:B104) -> 6.532134 | C109: =STDEV(C9:C104) -> 3.3659365 | D109: =STDEV(D9:D104) -> 6.5969211 | E109: =STDEV(E9:E104) -> 1.680581 | F109: =STDEV(F9:F104) -> 2.5710207 | G109: =STDEV(G9:G104) -> 11.223034 | H109: =STDEV(H9:H104) -> 5.5136978 | I109: =STDEV(I9:I104) -> 1.0240499 | ... Q109: =STDEV(Q9:Q104) -> 0.059091718
A110: Num | B110: =COUNT(B9:B104) -> 96 | C110: =COUNT(C9:C104) -> 96 | D110: =COUNT(D9:D104) -> 96 | E110: =COUNT(E9:E104) -> 96 | F110: =COUNT(F9:F104) -> 96 | G110: =COUNT(G9:G104) -> 96 | H110: =COUNT(H9:H104) -> 96 | I110: =COUNT(I9:I104) -> 96 | ... Q110: =COUNT(Q9:Q104) -> 96
A111: DCR | B111: =IF(B110>=87,">90%",IF(B110<=87,"<90%")) -> >90% | C111: =IF(C110>=87,">90%",IF(C110<=87,"<90%")) -> >90% | D111: =IF(D110>=87,">90%",IF(D110<=87,"<90%")) -> >90% | E111: =IF(E110>=87,">90%",IF(E110<=87,"<90%")) -> >90% | F111: =IF(F110>=87,">90%",IF(F110<=87,"<90%")) -> >90% | G111: =IF(G110>=87,">90%",IF(G110<=87,"<90%")) -> >90% | H111: =IF(H110>=87,">90%",IF(H110<=87,"<90%")) -> >90% | I111: =IF(I110>=87,">90%",IF(I110<=87,"<90%")) -> >90% | ... Q111: =IF(Q110>=87,">90%",IF(Q110<=87,"<90%")) -> >90%
A112: Status | B112: =IF(B110>=87,"OK",IF(B110<=87,"LESS")) -> OK | C112: =IF(C110>=87,"OK",IF(C110<=87,"LESS")) -> OK | D112: =IF(D110>=87,"OK",IF(D110<=87,"LESS")) -> OK | E112: =IF(E110>=87,"OK",IF(E110<=87,"LESS")) -> OK | F112: =IF(F110>=87,"OK",IF(F110<=87,"LESS")) -> OK | G112: =IF(G110>=87,"OK",IF(G110<=87,"LESS")) -> OK | H112: =IF(H110>=87,"OK",IF(H110<=87,"LESS")) -> OK | I112: =IF(I110>=87,"OK",IF(I110<=87,"LESS")) -> OK | ... Q112: =IF(Q110>=87,"OK",IF(Q110<=87,"LESS")) -> OK
A115: Done by | B115: AKASH
A117: Comment

Sheet 19
A1: Station: | B1: IGKV RAIPUR
A2: Date: | B2: =$A$9 -> 45341.01 | C2: Power Off | G2: Pw.Off | J2: Link Fail | L2: Link F | N2: Maintenance | P2: Maint.
A3: Report Type: | B3: Mean | C3: Calibration | G3: Calib. | J3: Data Fail | L3: Data F | N3: Invalid | P3: Invalid
A4: Time Base: | B4: 15 Min | C4: Zero Referrence | G4: Z.Ref | J4: Warm Up | L4: Wm. Up
A7: Date & Time | B7: NO | C7: NO2 | D7: NOX | E7: SO2 | F7: O3 | G7: PM 10 | H7: PM 2.5 | I7: BENZ | J7: WS | K7: WD | L7: TEMP | M7: HUM | N7: SR | O7: RG | P7: CO | Q7: NH3
B8: ug/m3 | C8: ug/m3 | D8: ppb | E8: ug/m3 | F8: ug/m3 | G8: ug/m3 | H8: ug/m3 | I8: ug/m3 | J8: m/sec | K8: deg | L8: degreC | M8: % | N8: w/m2 | O8: mm | P8: mg/m3 | Q8: ug/m3
A9: 45341.01 | B9: 8.78 | C9: 19.51 | D9: 18.59 | E9: 9.05 | F9: 3.24 | G9: 83.02 | H9: 32.01 | I9: 10.62 | J9: 0.15 | K9: 222.04 | L9: 21.1 | M9: 73.48 | N9: 0 | O9: 0 | P9: 1.04 | Q9: 4.77
A10: 45341.021 | B10: 8.96 | C10: 18.88 | D10: 18.4 | E10: 9.14 | F10: 3.31 | G10: 83.02 | H10: 32.01 | I10: 10.65 | J10: 0.13 | K10: 238.21 | L10: 20.81 | M10: 73.85 | N10: 0 | O10: 0 | P10: 1.04 | Q10: 4.75
A11: 45341.031 | B11: 8.77 | C11: 19.13 | D11: 18.38 | E11: 9.39 | F11: 3.4 | G11: 80.46 | H11: 32.77 | I11: 10.75 | J11: 0.15 | K11: 218.24 | L11: 21.04 | M11: 69.53 | N11: 0 | O11: 0 | P11: 1.05 | Q11: 4.74
A12: 45341.042 | B12: 8.57 | C12: 19.59 | D12: 18.46 | E12: 8.66 | F12: 3.43 | G12: 78.01 | H12: 33.12 | I12: 10.7 | J12: 0.15 | K12: 199.56 | L12: 21.14 | M12: 73.81 | N12: 0 | O12: 0 | P12: 1.05 | Q12: 4.75
A13: 45341.052 | B13: 8.46 | C13: 19.74 | D13: 18.45 | E13: 9.02 | F13: 3.48 | G13: 78.01 | H13: 33.12 | I13: 10.75 | J13: 0.13 | K13: 194.28 | L13: 20.86 | M13: 72.86 | N13: 0 | O13: 0 | P13: 1.04 | Q13: 4.74
A14: 45341.062 | B14: 8.31 | C14: 19.88 | D14: 18.4 | E14: 9 | F14: 3.47 | G14: 78.01 | H14: 33.12 | I14: 10.73 | J14: 0.18 | K14: 268.95 | L14: 20.52 | M14: 71.76 | N14: 0 | O14: 0 | P14: 1.03 | Q14: 4.75
A15: 45341.073 | B15: 8.08 | C15: 19.87 | D15: 18.21 | E15: 9.12 | F15: 3.58 | G15: 75.5 | H15: 33.53 | I15: 10.58 | J15: 0.11 | K15: 79.22 | L15: 20.35 | M15: 71.96 | N15: 0 | O15: 0 | P15: 1.01 | Q15: 4.74
A16: 45341.083 | B16: 7.94 | C16: 20 | D16: 18.17 | E16: 9.34 | F16: 3.53 | G16: 73.1 | H16: 33.72 | I16: 10.47 | J16: 0.1 | K16: 79.92 | L16: 20.92 | M16: 68.5 | N16: 0 | O16: 0 | P16: 1.01 | Q16: 4.72
A17: 45341.094 | B17: 7.93 | C17: 20.18 | D17: 18.25 | E17: 5.68 | F17: 3.47 | G17: 73.1 | H17: 33.72 | I17: 10.32 | J17: 0.15 | K17: 212.8 | L17: 20.93 | M17: 70.51 | N17: 0 | O17: 0 | P17: 0.98 | Q17: 4.73
A18: 45341.104 | B18: 7.81 | C18: 20.38 | D18: 18.26 | E18: 6.69 | F18: 3.37 | G18: 73.1 | H18: 33.72 | I18: 10.14 | J18: 0.02 | K18: 126.3 | L18: 20.48 | M18: 73.38 | N18: 0 | O18: 0 | P18: 0.97 | Q18: 4.71
A19: 45341.115 | B19: 8.25 | C19: 20.66 | D19: 18.76 | E19: 6.76 | F19: 3.39 | G19: 70.88 | H19: 33 | I19: 9.95 | J19: 0.16 | K19: 67.67 | L19: 20.63 | M19: 72.15 | N19: 0 | O19: 0 | P19: 0.97 | Q19: 4.7
A20: 45341.125 | B20: 9.1 | C20: 20.63 | D20: 19.43 | E20: 6.62 | F20: 3.43 | G20: 68.76 | H20: 32.23 | I20: 9.81 | J20: 0.47 | K20: 9.21 | L20: 20.8 | M20: 69.62 | N20: 0 | O20: 0 | P20: 0.96 | Q20: 4.71
... A104: 45342 | B104: 8.93 | C104: 15.82 | D104: 16.78 | E104: 8.95 | F104: 3.64 | G104: 88.52 | H104: 31.7 | I104: 10.19 | J104: 0.13 | K104: 156.35 | L104: 21.76 | M104: 74.97 | N104: 0 | O104: 0 | P104: 1.04 | Q104: 4.71
A106: Min | B106: =MIN(B9:B104) -> 3.01 | C106: =MIN(C9:C104) -> 15.82 | D106: =MIN(D9:D104) -> 12.57 | E106: =MIN(E9:E104) -> 5.24 | F106: =MIN(F9:F104) -> 3.12 | G106: =MIN(G9:G104) -> 65.49 | H106: =MIN(H9:H104) -> 26.15 | I106: =MIN(I9:I104) -> 9.22 | ... Q106: =MIN(Q9:Q104) -> 4.62
A107: Max | B107: =MAX(B9:B104) -> 18.69 | C107: =MAX(C9:C104) -> 25.85 | D107: =MAX(D9:D104) -> 26.39 | E107: =MAX(E9:E104) -> 13.51 | F107: =MAX(F9:F104) -> 8.27 | G107: =MAX(G9:G104) -> 100.92 | H107: =MAX(H9:H104) -> 39.33 | I107: =MAX(I9:I104) -> 11.06 | ... Q107: =MAX(Q9:Q104) -> 4.83
A108: Avg | B108: =AVERAGE(B9:B104) -> 9.0892708 | C108: =AVERAGE(C9:C104) -> 20.066562 | D108: =AVERAGE(D9:D104) -> 19.123646 | E108: =AVERAGE(E9:E104) -> 8.2497917 | F108: =AVERAGE(F9:F104) -> 4.3010417 | G108: =AVERAGE(G9:G104) -> 83.744479 | H108: =AVERAGE(H9:H104) -> 31.764167 | I108: =AVERAGE(I9:I104) -> 10.061042 | ... Q108: =AVERAGE(Q9:Q104) -> 4.7346875
A109: Stdev | B109: =STDEV(B9:B104) -> 4.6748211 | C109: =STDEV(C9:C104) -> 2.8148197 | D109: =STDEV(D9:D104) -> 3.8738084 | E109: =STDEV(E9:E104) -> 1.7651808 | F109: =STDEV(F9:F104) -> 1.3588032 | G109: =STDEV(G9:G104) -> 8.8226956 | H109: =STDEV(H9:H104) -> 3.7916636 | I109: =STDEV(I9:I104) -> 0.52426285 | ... Q109: =STDEV(Q9:Q104) -> 0.048687038
A110: Num | B110: =COUNT(B9:B104) -> 96 | C110: =COUNT(C9:C104) -> 96 | D110: =COUNT(D9:D104) -> 96 | E110: =COUNT(E9:E104) -> 96 | F110: =COUNT(F9:F104) -> 96 | G110: =COUNT(G9:G104) -> 96 | H110: =COUNT(H9:H104) -> 96 | I110: =COUNT(I9:I104) -> 96 | ... Q110: =COUNT(Q9:Q104) -> 96
A111: DCR | B111: =IF(B110>=87,">90%",IF(B110<=87,"<90%")) -> >90% | C111: =IF(C110>=87,">90%",IF(C110<=87,"<90%")) -> >90% | D111: =IF(D110>=87,">90%",IF(D110<=87,"<90%")) -> >90% | E111: =IF(E110>=87,">90%",IF(E110<=87,"<90%")) -> >90% | F111: =IF(F110>=87,">90%",IF(F110<=87,"<90%")) -> >90% | G111: =IF(G110>=87,">90%",IF(G110<=87,"<90%")) -> >90% | H111: =IF(H110>=87,">90%",IF(H110<=87,"<90%")) -> >90% | I111: =IF(I110>=87,">90%",IF(I110<=87,"<90%")) -> >90% | ... Q111: =IF(Q110>=87,">90%",IF(Q110<=87,"<90%")) -> >90%
A112: Status | B112: =IF(B110>=87,"OK",IF(B110<=87,"LESS")) -> OK | C112: =IF(C110>=87,"OK",IF(C110<=87,"LESS")) -> OK | D112: =IF(D110>=87,"OK",IF(D110<=87,"LESS")) -> OK | E112: =IF(E110>=87,"OK",IF(E110<=87,"LESS")) -> OK | F112: =IF(F110>=87,"OK",IF(F110<=87,"LESS")) -> OK | G112: =IF(G110>=87,"OK",IF(G110<=87,"LESS")) -> OK | H112: =IF(H110>=87,"OK",IF(H110<=87,"LESS")) -> OK | I112: =IF(I110>=87,"OK",IF(I110<=87,"LESS")) -> OK | ... Q112: =IF(Q110>=87,"OK",IF(Q110<=87,"LESS")) -> OK
A115: Done by | B115: AKASH
A117: Comment

Sheet 20
A1: Station: | B1: IGKV RAIPUR
A2: Date: | B2: =$A$9 -> 45342.01 | C2: Power Off | G2: Pw.Off | J2: Link Fail | L2: Link F | N2: Maintenance | P2: Maint.
A3: Report Type: | B3: Mean | C3: Calibration | G3: Calib. | J3: Data Fail | L3: Data F | N3: Invalid | P3: Invalid
A4: Time Base: | B4: 15 Min | C4: Zero Referrence | G4: Z.Ref | J4: Warm Up | L4: Wm. Up
A7: Date & Time | B7: NO | C7: NO2 | D7: NOX | E7: SO2 | F7: O3 | G7: PM 10 | H7: PM 2.5 | I7: BENZ | J7: WS | K7: WD | L7: TEMP | M7: HUM | N7: SR | O7: RG | P7: CO | Q7: NH3
B8: ug/m3 | C8: ug/m3 | D8: ppb | E8: ug/m3 | F8: ug/m3 | G8: ug/m3 | H8: ug/m3 | I8: ug/m3 | J8: m/sec | K8: deg | L8: degreC | M8: % | N8: w/m2 | O8: mm | P8: mg/m3 | Q8: ug/m3
A9: 45342.01 | B9: 9.95 | C9: 15.8 | D9: 17.58 | E9: 7.86 | F9: 3.68 | G9: 88.52 | H9: 31.7 | I9: 10.25 | J9: 0.08 | K9: 155.8 | L9: 21.6 | M9: 75.36 | N9: 0 | O9: 0 | P9: 1.04 | Q9: 4.68
A10: 45342.021 | B10: 10.07 | C10: 14.93 | D10: 17.23 | E10: 8.59 | F10: 3.58 | G10: 88.52 | H10: 31.7 | I10: 10.22 | J10: 0.09 | K10: 263.64 | L10: 21.43 | M10: 74.56 | N10: 0 | O10: 0 | P10: 1.03 | Q10: 4.68
A11: 45342.031 | B11: 10.07 | C11: 14.62 | D11: 17.06 | E11: 8.59 | F11: 3.55 | G11: 84.14 | H11: 31.65 | I11: 10.16 | J11: 0.13 | K11: 243.48 | L11: 21.71 | M11: 71.91 | N11: 0 | O11: 0 | P11: 1.01 | Q11: 4.73
A12: 45342.042 | B12: 9.99 | C12: 14.29 | D12: 16.83 | E12: 8.1 | F12: 3.65 | G12: 79.96 | H12: 31.63 | I12: 10.14 | J12: 0.11 | K12: 189.77 | L12: 22.13 | M12: 70.7 | N12: 0 | O12: 0 | P12: 1 | Q12: 4.74
A13: 45342.052 | B13: 9.81 | C13: 14.69 | D13: 16.89 | E13: 8.45 | F13: 3.55 | G13: 79.96 | H13: 31.63 | I13: 10.09 | J13: 0.09 | K13: 197.15 | L13: 21.95 | M13: 71.15 | N13: 0 | O13: 0 | P13: 0.99 | Q13: 4.74
A14: 45342.062 | B14: 9.71 | C14: 15.51 | D14: 17.24 | E14: 7.84 | F14: 3.43 | G14: 79.96 | H14: 31.63 | I14: 10.03 | J14: 0.11 | K14: 209.73 | L14: 21.8 | M14: 73.05 | N14: 0 | O14: 0 | P14: 0.99 | Q14: 4.74
A15: 45342.073 | B15: 9.59 | C15: 15.67 | D15: 17.23 | E15: 8.62 | F15: 3.61 | G15: 76.88 | H15: 31 | I15: 9.97 | J15: 0.15 | K15: 158.26 | L15: 21.69 | M15: 73.43 | N15: 0 | O15: 0 | P15: 0.98 | Q15: 4.74
A16: 45342.083 | B16: 9.45 | C16: 14.63 | D16: 16.57 | E16: 8.17 | F16: 3.71 | G16: 73.94 | H16: 30.7 | I16: 9.9 | J16: 0.08 | K16: 120.44 | L16: 21.64 | M16: 73.5 | N16: 0 | O16: 0 | P16: 0.97 | Q16: 4.74
A17: 45342.094 | B17: 9.49 | C17: 13.96 | D17: 16.26 | E17: 7.97 | F17: 3.57 | G17: 73.94 | H17: 30.7 | I17: 9.89 | J17: 0.14 | K17: 111.85 | L17: 22.04 | M17: 70.94 | N17: 0 | O17: 0 | P17: 0.96 | Q17: 4.74
A18: 45342.104 | B18: 9.47 | C18: 14.44 | D18: 16.49 | E18: 9.11 | F18: 3.43 | G18: 73.94 | H18: 30.7 | I18: 9.79 | J18: 0.1 | K18: 351.72 | L18: 22.33 | M18: 69.58 | N18: 0 | O18: 0 | P18: 0.96 | Q18: 4.72
A19: 45342.115 | B19: 9.59 | C19: 15.21 | D19: 16.99 | E19: 9.43 | F19: 3.49 | G19: 70.52 | H19: 30.09 | I19: 9.74 | J19: 0.17 | K19: 157.41 | L19: 22.78 | M19: 68.35 | N19: 0 | O19: 0 | P19: 0.96 | Q19: 4.72
A20: 45342.125 | B20: 9.68 | C20: 15.55 | D20: 17.24 | E20: 9.31 | F20: 3.41 | G20: 67.25 | H20: 29.5 | I20: 9.67 | J20: 0.03 | K20: 248.46 | L20: 22.54 | M20: 70.67 | N20: 0 | O20: 0 | P20: 0.94 | Q20: 4.72
... A104: 45343 | B104: 9.9 | C104: 16.77 | D104: 18.05 | E104: 8.21 | F104: 3.46 | G104: 51.27 | H104: 20.6 | I104: 7.07 | J104: 0.14 | K104: 198.64 | L104: 21.48 | M104: 66.74 | N104: 0 | O104: 0 | P104: 0.81 | Q104: 4.77
A106: Min | B106: =MIN(B9:B104) -> 4.77 | C106: =MIN(C9:C104) -> 13.76 | D106: =MIN(D9:D104) -> 14.22 | E106: =MIN(E9:E104) -> 6.74 | F106: =MIN(F9:F104) -> 3.18 | G106: =MIN(G9:G104) -> 37.06 | H106: =MIN(H9:H104) -> 10.34 | I106: =MIN(I9:I104) -> 4.26 | ... Q106: =MIN(Q9:Q104) -> 4.68
A107: Max | B107: =MAX(B9:B104) -> 18.38 | C107: =MAX(C9:C104) -> 23.6 | D107: =MAX(D9:D104) -> 28.14 | E107: =MAX(E9:E104) -> 11.32 | F107: =MAX(F9:F104) -> 9.63 | G107: =MAX(G9:G104) -> 88.52 | H107: =MAX(H9:H104) -> 31.7 | I107: =MAX(I9:I104) -> 10.25 | ... Q107: =MAX(Q9:Q104) -> 4.78
A108: Avg | B108: =AVERAGE(B9:B104) -> 9.5495833 | C108: =AVERAGE(C9:C104) -> 17.373333 | D108: =AVERAGE(D9:D104) -> 18.086458 | E108: =AVERAGE(E9:E104) -> 9 | F108: =AVERAGE(F9:F104) -> 4.70375 | G108: =AVERAGE(G9:G104) -> 54.59625 | H108: =AVERAGE(H9:H104) -> 21.070521 | I108: =AVERAGE(I9:I104) -> 7.3389583 | ... Q108: =AVERAGE(Q9:Q104) -> 4.7285417
A109: Stdev | B109: =STDEV(B9:B104) -> 3.6604788 | C109: =STDEV(C9:C104) -> 2.4387316 | D109: =STDEV(D9:D104) -> 3.7123112 | E109: =STDEV(E9:E104) -> 1.0668458 | F109: =STDEV(F9:F104) -> 1.8721995 | G109: =STDEV(G9:G104) -> 11.278719 | H109: =STDEV(H9:H104) -> 6.0798068 | I109: =STDEV(I9:I104) -> 1.8731856 | ... Q109: =STDEV(Q9:Q104) -> 0.023349931
A110: Num | B110: =COUNT(B9:B104) -> 96 | C110: =COUNT(C9:C104) -> 96 | D110: =COUNT(D9:D104) -> 96 | E110: =COUNT(E9:E104) -> 96 | F110: =COUNT(F9:F104) -> 96 | G110: =COUNT(G9:G104) -> 96 | H110: =COUNT(H9:H104) -> 96 | I110: =COUNT(I9:I104) -> 96 | ... Q110: =COUNT(Q9:Q104) -> 96
A111: DCR | B111: =IF(B110>=87,">90%",IF(B110<=87,"<90%")) -> >90% | C111: =IF(C110>=87,">90%",IF(C110<=87,"<90%")) -> >90% | D111: =IF(D110>=87,">90%",IF(D110<=87,"<90%")) -> >90% | E111: =IF(E110>=87,">90%",IF(E110<=87,"<90%")) -> >90% | F111: =IF(F110>=87,">90%",IF(F110<=87,"<90%")) -> >90% | G111: =IF(G110>=87,">90%",IF(G110<=87,"<90%")) -> >90% | H111: =IF(H110>=87,">90%",IF(H110<=87,"<90%")) -> >90% | I111: =IF(I110>=87,">90%",IF(I110<=87,"<90%")) -> >90% | ... Q111: =IF(Q110>=87,">90%",IF(Q110<=87,"<90%")) -> >90%
A112: Status | B112: =IF(B110>=87,"OK",IF(B110<=87,"LESS")) -> OK | C112: =IF(C110>=87,"OK",IF(C110<=87,"LESS")) -> OK | D112: =IF(D110>=87,"OK",IF(D110<=87,"LESS")) -> OK | E112: =IF(E110>=87,"OK",IF(E110<=87,"LESS")) -> OK | F112: =IF(F110>=87,"OK",IF(F110<=87,"LESS")) -> OK | G112: =IF(G110>=87,"OK",IF(G110<=87,"LESS")) -> OK | H112: =IF(H110>=87,"OK",IF(H110<=87,"LESS")) -> OK | I112: =IF(I110>=87,"OK",IF(I110<=87,"LESS")) -> OK | ... Q112: =IF(Q110>=87,"OK",IF(Q110<=87,"LESS")) -> OK
A115: Done by | B115: AKASH
A117: Comment

Sheet 21
A1: Station: | B1: IGKV RAIPUR
A2: Date: | B2: =$A$9 -> 45343.01 | C2: Power Off | G2: Pw.Off | J2: Link Fail | L2: Link F | N2: Maintenance | P2: Maint.
A3: Report Type: | B3: Mean | C3: Calibration | G3: Calib. | J3: Data Fail | L3: Data F | N3: Invalid | P3: Invalid
A4: Time Base: | B4: 15 Min | C4: Zero Referrence | G4: Z.Ref | J4: Warm Up | L4: Wm. Up
A7: Date & Time | B7: NO | C7: NO2 | D7: NOX | E7: SO2 | F7: O3 | G7: PM 10 | H7: PM 2.5 | I7: BENZ | J7: WS | K7: WD | L7: TEMP | M7: HUM | N7: SR | O7: RG | P7: CO | Q7: NH3
B8: ug/m3 | C8: ug/m3 | D8: ppb | E8: ug/m3 | F8: ug/m3 | G8: ug/m3 | H8: ug/m3 | I8: ug/m3 | J8: m/sec | K8: deg | L8: degreC | M8: % | N8: w/m2 | O8: mm | P8: mg/m3 | Q8: ug/m3
A9: 45343.01 | B9: 8.5 | C9: 16.88 | D9: 16.98 | E9: 8.45 | F9: 3.48 | G9: 51.27 | H9: 20.6 | I9: 7.28 | J9: 0.14 | K9: 212.67 | L9: 21.1 | M9: 65.82 | N9: 0 | O9: 0 | P9: 0.82 | Q9: 4.75
A10: 45343.021 | B10: 8.43 | C10: 17.15 | D10: 17.07 | E10: 8.79 | F10: 3.47 | G10: 51.27 | H10: 20.6 | I10: 7.47 | J10: 0.12 | K10: 168.61 | L10: 20.92 | M10: 65.99 | N10: 0 | O10: 0 | P10: 0.81 | Q10: 4.75
A11: 45343.031 | B11: 8.29 | C11: 17.25 | D11: 17.01 | E11: 8.84 | F11: 3.44 | G11: 52.97 | H11: 20.53 | I11: 7.63 | J11: 0.1 | K11: 150 | L11: 20.96 | M11: 63.17 | N11: 0 | O11: 0 | P11: 0.82 | Q11: 4.74
A12: 45343.042 | B12: 8.18 | C12: 17.16 | D12: 16.87 | E12: 8.84 | F12: 3.35 | G12: 54.59 | H12: 20.5 | I12: 7.7 | J12: 0.12 | K12: 153.25 | L12: 21.12 | M12: 62.35 | N12: 0 | O12: 0 | P12: 0.82 | Q12: 4.76
A13: 45343.052 | B13: 7.85 | C13: 17.2 | D13: 16.63 | E13: 8.27 | F13: 3.47 | G13: 54.59 | H13: 20.5 | I13: 7.7 | J13: 0.09 | K13: 157.3 | L13: 21.06 | M13: 63.46 | N13: 0 | O13: 0 | P13: 0.81 | Q13: 4.75
A14: 45343.062 | B14: 7.53 | C14: 17.08 | D14: 16.31 | E14: 8.9 | F14: 3.57 | G14: 54.59 | H14: 20.5 | I14: 7.71 | J14: 0.17 | K14: 160.47 | L14: 21.08 | M14: 64.43 | N14: 0 | O14: 0 | P14: 0.8 | Q14: 4.73
A15: 45343.073 | B15: 7.19 | C15: 17.06 | D15: 16.03 | E15: 8.91 | F15: 3.51 | G15: 50.26 | H15: 19.52 | I15: 7.61 | J15: 0.19 | K15: 165.25 | L15: 20.7 | M15: 67.03 | N15: 0 | O15: 0 | P15: 0.8 | Q15: 4.74
A16: 45343.083 | B16: 7 | C16: 17.12 | D16: 15.91 | E16: 9.24 | F16: 3.5 | G16: 46.12 | H16: 19.07 | I16: 7.53 | J16: 0.19 | K16: 164.34 | L16: 20.59 | M16: 66.64 | N16: 0 | O16: 0 | P16: 0.79 | Q16: 4.75
A17: 45343.094 | B17: 6.78 | C17: 17.2 | D17: 15.77 | E17: 8.28 | F17: 3.5 | G17: 46.12 | H17: 19.07 | I17: 7.46 | J17: 0.23 | K17: 166.19 | L17: 20.75 | M17: 64.43 | N17: 0 | O17: 0 | P17: 0.78 | Q17: 4.74
A18: 45343.104 | B18: 6.64 | C18: 17.23 | D18: 15.68 | E18: 8.68 | F18: 3.61 | G18: 46.12 | H18: 19.07 | I18: 7.35 | J18: 0.17 | K18: 161.36 | L18: 20.96 | M18: 65.19 | N18: 0 | O18: 0 | P18: 0.77 | Q18: 4.73
A19: 45343.115 | B19: 6.54 | C19: 17.35 | D19: 15.66 | E19: 9.27 | F19: 3.5 | G19: 46.06 | H19: 19.17 | I19: 7.28 | J19: 0.23 | K19: 165.49 | L19: 21.04 | M19: 65.39 | N19: 0 | O19: 0 | P19: 0.77 | Q19: 4.72
A20: 45343.125 | B20: 6.49 | C20: 17.45 | D20: 15.68 | E20: 9.29 | F20: 3.52 | G20: 46 | H20: 19.27 | I20: 7.21 | J20: 0.19 | K20: 186.58 | L20: 21.08 | M20: 69.77 | N20: 0 | O20: 0 | P20: 0.76 | Q20: 4.72
... A104: 45344 | B104: 6.54 | C104: 18.41 | D104: 16.21 | E104: 8.17 | F104: 3.52 | G104: 55.42 | H104: 22.1 | I104: 7.51 | J104: 0.17 | K104: 172.1 | L104: 23.33 | M104: 61.3 | N104: 0 | O104: 0 | P104: 0.85 | Q104: 4.71
A106: Min | B106: =MIN(B9:B104) -> 3.31 | C106: =MIN(C9:C104) -> 12.59 | D106: =MIN(D9:D104) -> 10.92 | E106: =MIN(E9:E104) -> 6.51 | F106: =MIN(F9:F104) -> 3.35 | G106: =MIN(G9:G104) -> 33.89 | H106: =MIN(H9:H104) -> 11.03 | I106: =MIN(I9:I104) -> 4.33 | ... Q106: =MIN(Q9:Q104) -> 4.63
A107: Max | B107: =MAX(B9:B104) -> 8.5 | C107: =MAX(C9:C104) -> 18.85 | D107: =MAX(D9:D104) -> 17.07 | E107: =MAX(E9:E104) -> 13.4 | F107: =MAX(F9:F104) -> 8.8 | G107: =MAX(G9:G104) -> 59.9 | H107: =MAX(H9:H104) -> 22.1 | I107: =MAX(I9:I104) -> 7.71 | ... Q107: =MAX(Q9:Q104) -> 4.76
A108: Avg | B108: =AVERAGE(B9:B104) -> 5.6697917 | C108: =AVERAGE(C9:C104) -> 15.778854 | D108: =AVERAGE(D9:D104) -> 14.141562 | E108: =AVERAGE(E9:E104) -> 9.6897917 | F108: =AVERAGE(F9:F104) -> 4.6679167 | G108: =AVERAGE(G9:G104) -> 45.633958 | H108: =AVERAGE(H9:H104) -> 17.896042 | I108: =AVERAGE(I9:I104) -> 6.1261458 | ... Q108: =AVERAGE(Q9:Q104) -> 4.7015625
A109: Stdev | B109: =STDEV(B9:B104) -> 1.6417071 | C109: =STDEV(C9:C104) -> 1.9931424 | D109: =STDEV(D9:D104) -> 1.9144686 | E109: =STDEV(E9:E104) -> 1.8847504 | F109: =STDEV(F9:F104) -> 1.6373283 | G109: =STDEV(G9:G104) -> 8.2838742 | H109: =STDEV(H9:H104) -> 2.7822117 | I109: =STDEV(I9:I104) -> 1.1753614 | ... Q109: =STDEV(Q9:Q104) -> 0.028518807
A110: Num | B110: =COUNT(B9:B104) -> 96 | C110: =COUNT(C9:C104) -> 96 | D110: =COUNT(D9:D104) -> 96 | E110: =COUNT(E9:E104) -> 96 | F110: =COUNT(F9:F104) -> 96 | G110: =COUNT(G9:G104) -> 96 | H110: =COUNT(H9:H104) -> 96 | I110: =COUNT(I9:I104) -> 96 | ... Q110: =COUNT(Q9:Q104) -> 96
A111: DCR | B111: =IF(B110>=87,">90%",IF(B110<=87,"<90%")) -> >90% | C111: =IF(C110>=87,">90%",IF(C110<=87,"<90%")) -> >90% | D111: =IF(D110>=87,">90%",IF(D110<=87,"<90%")) -> >90% | E111: =IF(E110>=87,">90%",IF(E110<=87,"<90%")) -> >90% | F111: =IF(F110>=87,">90%",IF(F110<=87,"<90%")) -> >90% | G111: =IF(G110>=87,">90%",IF(G110<=87,"<90%")) -> >90% | H111: =IF(H110>=87,">90%",IF(H110<=87,"<90%")) -> >90% | I111: =IF(I110>=87,">90%",IF(I110<=87,"<90%")) -> >90% | ... Q111: =IF(Q110>=87,">90%",IF(Q110<=87,"<90%")) -> >90%
A112: Status | B112: =IF(B110>=87,"OK",IF(B110<=87,"LESS")) -> OK | C112: =IF(C110>=87,"OK",IF(C110<=87,"LESS")) -> OK | D112: =IF(D110>=87,"OK",IF(D110<=87,"LESS")) -> OK | E112: =IF(E110>=87,"OK",IF(E110<=87,"LESS")) -> OK | F112: =IF(F110>=87,"OK",IF(F110<=87,"LESS")) -> OK | G112: =IF(G110>=87,"OK",IF(G110<=87,"LESS")) -> OK | H112: =IF(H110>=87,"OK",IF(H110<=87,"LESS")) -> OK | I112: =IF(I110>=87,"OK",IF(I110<=87,"LESS")) -> OK | ... Q112: =IF(Q110>=87,"OK",IF(Q110<=87,"LESS")) -> OK
A115: Done by | B115: AKASH
A117: Comment

Sheet 22
A1: Station: | B1: IGKV RAIPUR
A2: Date: | B2: =$A$9 -> 45344.01 | C2: Power Off | G2: Pw.Off | J2: Link Fail | L2: Link F | N2: Maintenance | P2: Maint.
A3: Report Type: | B3: Mean | C3: Calibration | G3: Calib. | J3: Data Fail | L3: Data F | N3: Invalid | P3: Invalid
A4: Time Base: | B4: 15 Min | C4: Zero Referrence | G4: Z.Ref | J4: Warm Up | L4: Wm. Up
A7: Date & Time | B7: NO | C7: NO2 | D7: NOX | E7: SO2 | F7: O3 | G7: PM 10 | H7: PM 2.5 | I7: BENZ | J7: WS | K7: WD | L7: TEMP | M7: HUM | N7: SR | O7: RG | P7: CO | Q7: NH3
B8: ug/m3 | C8: ug/m3 | D8: ppb | E8: ug/m3 | F8: ug/m3 | G8: ug/m3 | H8: ug/m3 | I8: ug/m3 | J8: m/sec | K8: deg | L8: degreC | M8: % | N8: w/m2 | O8: mm | P8: mg/m3 | Q8: ug/m3
A9: 45344.01 | B9: 7.65 | C9: 18.65 | D9: 17.23 | E9: 8.23 | F9: 3.56 | G9: 55.42 | H9: 22.1 | I9: 7.55 | J9: 0.17 | K9: 165.88 | L9: 23.05 | M9: 64.59 | N9: 0 | O9: 0 | P9: 0.86 | Q9: 4.67
A10: 45344.021 | B10: 7.85 | C10: 16.95 | D10: 16.5 | E10: 8.25 | F10: 3.82 | G10: 55.42 | H10: 22.1 | I10: 7.49 | J10: 0.07 | K10: 177.26 | L10: 22.67 | M10: 63.59 | N10: 0 | O10: 0 | P10: 0.85 | Q10: 4.68
A11: 45344.031 | B11: 7.9 | C11: 15.45 | D11: 15.76 | E11: 7.39 | F11: 3.82 | G11: 52.66 | H11: 21.67 | I11: 7.44 | J11: 0.1 | K11: 155.59 | L11: 22.64 | M11: 62.29 | N11: 0 | O11: 0 | P11: 0.84 | Q11: 4.67
A12: 45344.042 | B12: 7.98 | C12: 14.45 | D12: 15.3 | E12: 8.02 | F12: 3.86 | G12: 50.13 | H12: 21.47 | I12: 7.39 | J12: 0.08 | K12: 255.21 | L12: 22.57 | M12: 61.51 | N12: 0 | O12: 0 | P12: 0.83 | Q12: 4.68
A13: 45344.052 | B13: 7.96 | C13: 13.82 | D13: 14.96 | E13: 7.32 | F13: 3.72 | G13: 50.13 | H13: 21.47 | I13: 7.34 | J13: 0.09 | K13: 229.31 | L13: 22.66 | M13: 59.78 | N13: 0 | O13: 0 | P13: 0.82 | Q13: 4.68
A14: 45344.062 | B14: 8.03 | C14: 13.19 | D14: 14.68 | E14: 7.89 | F14: 3.68 | G14: 50.13 | H14: 21.47 | I14: 7.26 | J14: 0.1 | K14: 220.34 | L14: 22.7 | M14: 60.07 | N14: 0 | O14: 0 | P14: 0.81 | Q14: 4.69
A15: 45344.073 | B15: 8.02 | C15: 12.99 | D15: 14.57 | E15: 7.5 | F15: 3.64 | G15: 45.75 | H15: 20.16 | I15: 7.11 | J15: 0.1 | K15: 271.29 | L15: 22.56 | M15: 61.24 | N15: 0 | O15: 0 | P15: 0.8 | Q15: 4.69
A16: 45344.083 | B16: 8.05 | C16: 12.72 | D16: 14.45 | E16: 6.73 | F16: 3.62 | G16: 41.56 | H16: 19.56 | I16: 7.05 | J16: 0.16 | K16: 208.28 | L16: 22.21 | M16: 61.7 | N16: 0 | O16: 0 | P16: 0.78 | Q16: 4.68
A17: 45344.094 | B17: 8.07 | C17: 12.56 | D17: 14.39 | E17: 6.15 | F17: 3.59 | G17: 41.56 | H17: 19.56 | I17: 6.97 | J17: 0.08 | K17: 221.19 | L17: 22.45 | M17: 61.44 | N17: 0 | O17: 0 | P17: 0.78 | Q17: 4.67
A18: 45344.104 | B18: 8.12 | C18: 12.28 | D18: 14.28 | E18: 7.54 | F18: 3.64 | G18: 41.56 | H18: 19.56 | I18: 6.94 | J18: 0.16 | K18: 197.29 | L18: 22.34 | M18: 61.9 | N18: 0 | O18: 0 | P18: 0.76 | Q18: 4.7
A19: 45344.115 | B19: 7.99 | C19: 12.27 | D19: 14.17 | E19: 7.36 | F19: 3.59 | G19: 42.75 | H19: 19.07 | I19: 6.79 | J19: 0.16 | K19: 186.88 | L19: 22.19 | M19: 63.94 | N19: 0 | O19: 0 | P19: 0.75 | Q19: 4.69
A20: 45344.125 | B20: 8.08 | C20: 12.12 | D20: 14.16 | E20: 7 | F20: 3.42 | G20: 43.89 | H20: 18.58 | I20: 6.72 | J20: 0.11 | K20: 174.29 | L20: 21.79 | M20: 64.69 | N20: 0 | O20: 0 | P20: 0.75 | Q20: 4.7
... A104: 45345 | B104: 16.59 | C104: 18.73 | D104: 24.44 | E104: 6.2 | F104: 3.4 | G104: 92.05 | H104: 29.53 | I104: 6.7 | J104: 0.31 | K104: 48.27 | L104: 23.29 | M104: 43.06 | N104: 0 | O104: 0 | P104: 0.66 | Q104: 4.76
A106: Min | B106: =MIN(B9:B104) -> 5.14 | C106: =MIN(C9:C104) -> 12.05 | D106: =MIN(D9:D104) -> 13.83 | E106: =MIN(E9:E104) -> 5.22 | F106: =MIN(F9:F104) -> 3.28 | G106: =MIN(G9:G104) -> 28.02 | H106: =MIN(H9:H104) -> 12.13 | I106: =MIN(I9:I104) -> 4.05 | ... Q106: =MIN(Q9:Q104) -> 4.65
A107: Max | B107: =MAX(B9:B104) -> 16.86 | C107: =MAX(C9:C104) -> 24.16 | D107: =MAX(D9:D104) -> 24.87 | E107: =MAX(E9:E104) -> 9.29 | F107: =MAX(F9:F104) -> 7.21 | G107: =MAX(G9:G104) -> 102.34 | H107: =MAX(H9:H104) -> 34.78 | I107: =MAX(I9:I104) -> 7.55 | ... Q107: =MAX(Q9:Q104) -> 4.78
A108: Avg | B108: =AVERAGE(B9:B104) -> 8.4982292 | C108: =AVERAGE(C9:C104) -> 17.271146 | D108: =AVERAGE(D9:D104) -> 17.189583 | E108: =AVERAGE(E9:E104) -> 7.4433333 | F108: =AVERAGE(F9:F104) -> 4.10625 | G108: =AVERAGE(G9:G104) -> 49.883229 | H108: =AVERAGE(H9:H104) -> 18.946354 | I108: =AVERAGE(I9:I104) -> 5.5294792 | ... Q108: =AVERAGE(Q9:Q104) -> 4.7096875
A109: Stdev | B109: =STDEV(B9:B104) -> 3.1887661 | C109: =STDEV(C9:C104) -> 2.8591574 | D109: =STDEV(D9:D104) -> 3.3225393 | E109: =STDEV(E9:E104) -> 0.87540146 | F109: =STDEV(F9:F104) -> 0.72709697 | G109: =STDEV(G9:G104) -> 21.831602 | H109: =STDEV(H9:H104) -> 6.2756217 | I109: =STDEV(I9:I104) -> 0.9599083 | ... Q109: =STDEV(Q9:Q104) -> 0.031737513
A110: Num | B110: =COUNT(B9:B104) -> 96 | C110: =COUNT(C9:C104) -> 96 | D110: =COUNT(D9:D104) -> 96 | E110: =COUNT(E9:E104) -> 96 | F110: =COUNT(F9:F104) -> 96 | G110: =COUNT(G9:G104) -> 96 | H110: =COUNT(H9:H104) -> 96 | I110: =COUNT(I9:I104) -> 96 | ... Q110: =COUNT(Q9:Q104) -> 96
A111: DCR | B111: =IF(B110>=87,">90%",IF(B110<=87,"<90%")) -> >90% | C111: =IF(C110>=87,">90%",IF(C110<=87,"<90%")) -> >90% | D111: =IF(D110>=87,">90%",IF(D110<=87,"<90%")) -> >90% | E111: =IF(E110>=87,">90%",IF(E110<=87,"<90%")) -> >90% | F111: =IF(F110>=87,">90%",IF(F110<=87,"<90%")) -> >90% | G111: =IF(G110>=87,">90%",IF(G110<=87,"<90%")) -> >90% | H111: =IF(H110>=87,">90%",IF(H110<=87,"<90%")) -> >90% | I111: =IF(I110>=87,">90%",IF(I110<=87,"<90%")) -> >90% | ... Q111: =IF(Q110>=87,">90%",IF(Q110<=87,"<90%")) -> >90%
A112: Status | B112: =IF(B110>=87,"OK",IF(B110<=87,"LESS")) -> OK | C112: =IF(C110>=87,"OK",IF(C110<=87,"LESS")) -> OK | D112: =IF(D110>=87,"OK",IF(D110<=87,"LESS")) -> OK | E112: =IF(E110>=87,"OK",IF(E110<=87,"LESS")) -> OK | F112: =IF(F110>=87,"OK",IF(F110<=87,"LESS")) -> OK | G112: =IF(G110>=87,"OK",IF(G110<=87,"LESS")) -> OK | H112: =IF(H110>=87,"OK",IF(H110<=87,"LESS")) -> OK | I112: =IF(I110>=87,"OK",IF(I110<=87,"LESS")) -> OK | ... Q112: =IF(Q110>=87,"OK",IF(Q110<=87,"LESS")) -> OK
A115: Done by | B115: AKASH
A117: Comment

Sheet 23
A1: Station: | B1: IGKV RAIPUR
A2: Date: | B2: =$A$9 -> 45345.01 | C2: Power Off | G2: Pw.Off | J2: Link Fail | L2: Link F | N2: Maintenance | P2: Maint.
A3: Report Type: | B3: Mean | C3: Calibration | G3: Calib. | J3: Data Fail | L3: Data F | N3: Invalid | P3: Invalid
A4: Time Base: | B4: 15 Min | C4: Zero Referrence | G4: Z.Ref | J4: Warm Up | L4: Wm. Up
A7: Date & Time | B7: NO | C7: NO2 | D7: NOX | E7: SO2 | F7: O3 | G7: PM 10 | H7: PM 2.5 | I7: BENZ | J7: WS | K7: WD | L7: TEMP | M7: HUM | N7: SR | O7: RG | P7: CO | Q7: NH3
B8: ug/m3 | C8: ug/m3 | D8: ppb | E8: ug/m3 | F8: ug/m3 | G8: ug/m3 | H8: ug/m3 | I8: ug/m3 | J8: m/sec | K8: deg | L8: degreC | M8: % | N8: w/m2 | O8: mm | P8: mg/m3 | Q8: ug/m3
A9: 45345.01 | B9: 16.06 | C9: 19.91 | D9: 24.63 | E9: 6.86 | F9: 3.43 | G9: 92.05 | H9: 29.53 | I9: 6.67 | J9: 0.38 | K9: 49.67 | L9: 22.93 | M9: 44.23 | N9: 0 | O9: 0 | P9: 0.66 | Q9: 4.76
A10: 45345.021 | B10: 16.7 | C10: 18.49 | D10: 24.41 | E10: 6.06 | F10: 3.5 | G10: 92.05 | H10: 29.53 | I10: 6.58 | J10: 0.43 | K10: 51.77 | L10: 22.75 | M10: 44.43 | N10: 0 | O10: 0 | P10: 0.65 | Q10: 4.77
A11: 45345.031 | B11: 17.1 | C11: 18.15 | D11: 24.54 | E11: 7.32 | F11: 3.58 | G11: 88.09 | H11: 29.7 | I11: 6.53 | J11: 0.53 | K11: 49.17 | L11: 22.57 | M11: 44.94 | N11: 0 | O11: 0 | P11: 0.63 | Q11: 4.76
A12: 45345.042 | B12: 17.05 | C12: 19.05 | D12: 24.98 | E12: 8.06 | F12: 3.56 | G12: 84.3 | H12: 29.78 | I12: 6.47 | J12: 0.53 | K12: 52.84 | L12: 22.3 | M12: 46.02 | N12: 0 | O12: 0 | P12: 0.64 | Q12: 4.77
A13: 45345.052 | B13: 16.86 | C13: 19.85 | D13: 25.24 | E13: 8.84 | F13: 3.46 | G13: 84.3 | H13: 29.78 | I13: 6.4 | J13: 0.66 | K13: 53.85 | L13: 22.18 | M13: 45.79 | N13: 0 | O13: 0 | P13: 0.64 | Q13: 4.79
A14: 45345.062 | B14: 16.76 | C14: 20.5 | D14: 25.5 | E14: 9.17 | F14: 3.43 | G14: 84.3 | H14: 29.78 | I14: 6.42 | J14: 0.87 | K14: 42.83 | L14: 21.99 | M14: 46.33 | N14: 0 | O14: 0 | P14: 0.65 | Q14: 4.8
A15: 45345.073 | B15: 16.52 | C15: 20.8 | D15: 25.47 | E15: 8.79 | F15: 3.51 | G15: 83.51 | H15: 29.46 | I15: 6.37 | J15: 0.93 | K15: 36.48 | L15: 21.68 | M15: 48.55 | N15: 0 | O15: 0 | P15: 0.64 | Q15: 4.81
A16: 45345.083 | B16: 16.17 | C16: 20.91 | D16: 25.24 | E16: 7.42 | F16: 3.56 | G16: 82.75 | H16: 29.31 | I16: 6.33 | J16: 0.97 | K16: 45.35 | L16: 21.4 | M16: 50.85 | N16: 0 | O16: 0 | P16: 0.63 | Q16: 4.81
A17: 45345.094 | B17: 15.82 | C17: 20.93 | D17: 24.98 | E17: 7.27 | F17: 3.48 | G17: 82.75 | H17: 29.31 | I17: 6.32 | J17: 0.81 | K17: 49.76 | L17: 21.1 | M17: 52.85 | N17: 0 | O17: 0 | P17: 0.61 | Q17: 4.82
A18: 45345.104 | B18: 15.35 | C18: 20.96 | D18: 24.61 | E18: 8.71 | F18: 3.45 | G18: 82.75 | H18: 29.31 | I18: 6.3 | J18: 0.99 | K18: 48.7 | L18: 20.93 | M18: 54.36 | N18: 0 | O18: 0 | P18: 0.6 | Q18: 4.77
A19: 45345.115 | B19: 14.83 | C19: 21.02 | D19: 24.22 | E19: 8.48 | F19: 3.43 | G19: 80.95 | H19: 27.96 | I19: 6.29 | J19: 1.06 | K19: 47.94 | L19: 20.82 | M19: 55.7 | N19: 0 | O19: 0 | P19: 0.59 | Q19: 4.78
A20: 45345.125 | B20: 14.12 | C20: 20.93 | D20: 23.61 | E20: 7.88 | F20: 3.54 | G20: 79.23 | H20: 26.61 | I20: 6.28 | J20: 1.43 | K20: 47.22 | L20: 20.69 | M20: 56.75 | N20: 0 | O20: 0 | P20: 0.59 | Q20: 4.77
... A104: 45346 | B104: 15.28 | C104: 24.55 | D104: 26.43 | E104: 10.32 | F104: 3.32 | G104: 125.99 | H104: 38.87 | I104: 5.7 | J104: 0.41 | K104: 73.68 | L104: 21.83 | M104: 50.65 | N104: 0 | O104: 0 | P104: 0.66 | Q104: 4.79
A106: Min | B106: =MIN(B9:B104) -> 5.48 | C106: =MIN(C9:C104) -> 15.98 | D106: =MIN(D9:D104) -> 14.91 | E106: =MIN(E9:E104) -> 6.06 | F106: =MIN(F9:F104) -> 3.32 | G106: =MIN(G9:G104) -> 48.86 | H106: =MIN(H9:H104) -> 16.38 | I106: =MIN(I9:I104) -> 3.97 | ... Q106: =MIN(Q9:Q104) -> 4.68
A107: Max | B107: =MAX(B9:B104) -> 17.1 | C107: =MAX(C9:C104) -> 24.81 | D107: =MAX(D9:D104) -> 27.68 | E107: =MAX(E9:E104) -> 19.04 | F107: =MAX(F9:F104) -> 8.79 | G107: =MAX(G9:G104) -> 144.6 | H107: =MAX(H9:H104) -> 39.31 | I107: =MAX(I9:I104) -> 6.67 | ... Q107: =MAX(Q9:Q104) -> 4.82
A108: Avg | B108: =AVERAGE(B9:B104) -> 12.035625 | C108: =AVERAGE(C9:C104) -> 20.080208 | D108: =AVERAGE(D9:D104) -> 21.494688 | E108: =AVERAGE(E9:E104) -> 9.84125 | F108: =AVERAGE(F9:F104) -> 4.19 | G108: =AVERAGE(G9:G104) -> 77.289479 | H108: =AVERAGE(H9:H104) -> 24.541875 | I108: =AVERAGE(I9:I104) -> 5.215 | ... Q108: =AVERAGE(Q9:Q104) -> 4.7495833
A109: Stdev | B109: =STDEV(B9:B104) -> 3.5774848 | C109: =STDEV(C9:C104) -> 2.5268428 | D109: =STDEV(D9:D104) -> 3.300073 | E109: =STDEV(E9:E104) -> 2.4384716 | F109: =STDEV(F9:F104) -> 1.2492195 | G109: =STDEV(G9:G104) -> 27.900636 | H109: =STDEV(H9:H104) -> 6.4490161 | I109: =STDEV(I9:I104) -> 0.73572163 | ... Q109: =STDEV(Q9:Q104) -> 0.032376621
A110: Num | B110: =COUNT(B9:B104) -> 96 | C110: =COUNT(C9:C104) -> 96 | D110: =COUNT(D9:D104) -> 96 | E110: =COUNT(E9:E104) -> 96 | F110: =COUNT(F9:F104) -> 96 | G110: =COUNT(G9:G104) -> 96 | H110: =COUNT(H9:H104) -> 96 | I110: =COUNT(I9:I104) -> 96 | ... Q110: =COUNT(Q9:Q104) -> 96
A111: DCR | B111: =IF(B110>=87,">90%",IF(B110<=87,"<90%")) -> >90% | C111: =IF(C110>=87,">90%",IF(C110<=87,"<90%")) -> >90% | D111: =IF(D110>=87,">90%",IF(D110<=87,"<90%")) -> >90% | E111: =IF(E110>=87,">90%",IF(E110<=87,"<90%")) -> >90% | F111: =IF(F110>=87,">90%",IF(F110<=87,"<90%")) -> >90% | G111: =IF(G110>=87,">90%",IF(G110<=87,"<90%")) -> >90% | H111: =IF(H110>=87,">90%",IF(H110<=87,"<90%")) -> >90% | I111: =IF(I110>=87,">90%",IF(I110<=87,"<90%")) -> >90% | ... Q111: =IF(Q110>=87,">90%",IF(Q110<=87,"<90%")) -> >90%
A112: Status | B112: =IF(B110>=87,"OK",IF(B110<=87,"LESS")) -> OK | C112: =IF(C110>=87,"OK",IF(C110<=87,"LESS")) -> OK | D112: =IF(D110>=87,"OK",IF(D110<=87,"LESS")) -> OK | E112: =IF(E110>=87,"OK",IF(E110<=87,"LESS")) -> OK | F112: =IF(F110>=87,"OK",IF(F110<=87,"LESS")) -> OK | G112: =IF(G110>=87,"OK",IF(G110<=87,"LESS")) -> OK | H112: =IF(H110>=87,"OK",IF(H110<=87,"LESS")) -> OK | I112: =IF(I110>=87,"OK",IF(I110<=87,"LESS")) -> OK | ... Q112: =IF(Q110>=87,"OK",IF(Q110<=87,"LESS")) -> OK
A115: Done by | B115: AKASH
A117: Comment

Sheet 24
A1: Station: | B1: IGKV RAIPUR
A2: Date: | B2: =$A$9 -> 45346.01 | C2: Power Off | G2: Pw.Off | J2: Link Fail | L2: Link F | N2: Maintenance | P2: Maint.
A3: Report Type: | B3: Mean | C3: Calibration | G3: Calib. | J3: Data Fail | L3: Data F | N3: Invalid | P3: Invalid
A4: Time Base: | B4: 15 Min | C4: Zero Referrence | G4: Z.Ref | J4: Warm Up | L4: Wm. Up
A7: Date & Time | B7: NO | C7: NO2 | D7: NOX | E7: SO2 | F7: O3 | G7: PM 10 | H7: PM 2.5 | I7: BENZ | J7: WS | K7: WD | L7: TEMP | M7: HUM | N7: SR | O7: RG | P7: CO | Q7: NH3
B8: ug/m3 | C8: ug/m3 | D8: ppb | E8: ug/m3 | F8: ug/m3 | G8: ug/m3 | H8: ug/m3 | I8: ug/m3 | J8: m/sec | K8: deg | L8: degreC | M8: % | N8: w/m2 | O8: mm | P8: mg/m3 | Q8: ug/m3
A9: 45346.01 | B9: 15.26 | C9: 25.01 | D9: 26.65 | E9: 10.89 | F9: 3.24 | G9: 125.99 | H9: 38.87 | I9: 5.64 | J9: 0.15 | K9: 229.44 | L9: 20.96 | M9: 59.42 | N9: 0 | O9: 0 | P9: 0.65 | Q9: 4.79
A10: 45346.021 | B10: 15.59 | C10: 25.25 | D10: 27.04 | E10: 11.42 | F10: 3.24 | G10: 125.99 | H10: 38.87 | I10: 5.6 | J10: 0.41 | K10: 59.53 | L10: 21.09 | M10: 54.06 | N10: 0 | O10: 0 | P10: 0.65 | Q10: 4.78
A11: 45346.031 | B11: 16.34 | C11: 25.83 | D11: 27.95 | E11: 10.76 | F11: 3.37 | G11: 116.53 | H11: 33.69 | I11: 5.54 | J11: 0.18 | K11: 184.2 | L11: 20.96 | M11: 58.3 | N11: 0 | O11: 0 | P11: 0.65 | Q11: 4.8
A12: 45346.042 | B12: 16.42 | C12: 25.86 | D12: 28.03 | E12: 11.2 | F12: 3.37 | G12: 107.47 | H12: 31.27 | I12: 5.51 | J12: 0.05 | K12: 230.56 | L12: 20.24 | M12: 61.77 | N12: 0 | O12: 0 | P12: 0.64 | Q12: 4.79
A13: 45346.052 | B13: 16.87 | C13: 25.99 | D13: 28.45 | E13: 10.88 | F13: 3.22 | G13: 107.47 | H13: 31.27 | I13: 5.4 | J13: 0.05 | K13: 183.16 | L13: 20.21 | M13: 60.61 | N13: 0 | O13: 0 | P13: 0.64 | Q13: 4.81
A14: 45346.062 | B14: 17.42 | C14: 26.11 | D14: 28.96 | E14: 10.38 | F14: 3.35 | G14: 107.47 | H14: 31.27 | I14: 5.37 | J14: 0.52 | K14: 62.1 | L14: 20.69 | M14: 54.91 | N14: 0 | O14: 0 | P14: 0.63 | Q14: 4.79
A15: 45346.073 | B15: 17.47 | C15: 25.82 | D15: 28.85 | E15: 10.72 | F15: 3.38 | G15: 99.71 | H15: 29.87 | I15: 5.4 | J15: 0.59 | K15: 56.79 | L15: 20.76 | M15: 54.69 | N15: 0 | O15: 0 | P15: 0.65 | Q15: 4.78
A16: 45346.083 | B16: 17.33 | C16: 23.95 | D16: 27.76 | E16: 10.05 | F16: 3.56 | G16: 92.28 | H16: 29.21 | I16: 5.34 | J16: 0.37 | K16: 99.63 | L16: 20.69 | M16: 56.02 | N16: 0 | O16: 0 | P16: 0.64 | Q16: 4.79
A17: 45346.094 | B17: 16.83 | C17: 22.57 | D17: 26.64 | E17: 9 | F17: 3.61 | G17: 92.28 | H17: 29.21 | I17: 5.35 | J17: 0.65 | K17: 48.38 | L17: 20.46 | M17: 56.73 | N17: 0 | O17: 0 | P17: 0.64 | Q17: 4.76
A18: 45346.104 | B18: 16.52 | C18: 21.46 | D18: 25.81 | E18: 10.96 | F18: 3.51 | G18: 92.28 | H18: 29.21 | I18: 5.35 | J18: 0.5 | K18: 53 | L18: 20.12 | M18: 58.19 | N18: 0 | O18: 0 | P18: 0.62 | Q18: 4.77
A19: 45346.115 | B19: 16.1 | C19: 20.56 | D19: 25 | E19: 10.24 | F19: 3.65 | G19: 93.44 | H19: 29.55 | I19: 5.31 | J19: 0.75 | K19: 44.17 | L19: 19.6 | M19: 60.4 | N19: 0 | O19: 0 | P19: 0.62 | Q19: 4.78
A20: 45346.125 | B20: 15.87 | C20: 19.81 | D20: 24.43 | E20: 10.17 | F20: 3.54 | G20: 94.55 | H20: 29.89 | I20: 5.27 | J20: 0.59 | K20: 47.3 | L20: 19.82 | M20: 59.84 | N20: 0 | O20: 0 | P20: 0.61 | Q20: 4.78
... A63: 45346.573 | B63: 2.5 | C63: 11.51 | D63: 9.37 | E63: 6.64 | F63: 13.36 | G63: 61.75 | H63: 26.31 | I63: 5.86 | J63: 0.3 | K63: 331.75 | L63: 31.8 | M63: 34.42 | N63: 584.9 | O63: 0 | P63: 0.5 | Q63: 4.67
A64: 45346.583 | B64: Calib. | C64: Calib. | D64: Calib. | E64: Calib. | F64: Calib. | G64: Calib. | H64: Calib. | I64: 5.82 | J64: 0.85 | K64: 287.8 | L64: 31.55 | M64: 35.69 | N64: 573.8 | O64: 0 | P64: Calib. | Q64: 4.66
A65: 45346.594 | B65: Calib. | C65: Calib. | D65: Calib. | E65: Calib. | F65: Calib. | G65: Calib. | H65: Calib. | I65: 5.54 | J65: 0.63 | K65: 275.85 | L65: 31.83 | M65: 35.46 | N65: 560.3 | O65: 0 | P65: Calib. | Q65: 4.65
A66: 45346.604 | B66: Calib. | C66: Calib. | D66: Calib. | E66: Calib. | F66: Calib. | G66: Calib. | H66: Calib. | I66: 8.41 | J66: 0.41 | K66: 238.47 | L66: 31.94 | M66: 33.8 | N66: 514.8 | O66: 0 | P66: Calib. | Q66: 4.65
A67: 45346.615 | B67: Calib. | C67: Calib. | D67: Calib. | E67: Calib. | F67: 18.8 | G67: Calib. | H67: Calib. | I67: 12.56 | J67: 0.64 | K67: 280.27 | L67: 31.58 | M67: 33.44 | N67: 437 | O67: 0 | P67: 0.4 | Q67: 4.64
A68: 45346.625 | B68: 6.31 | C68: 11.62 | D68: 12.1 | E68: Calib. | F68: 24.12 | G68: Calib. | H68: Calib. | I68: 20.16 | J68: 0.74 | K68: 280.09 | L68: 31.38 | M68: 33.12 | N68: 205 | O68: 0 | P68: 0.42 | Q68: 4.64
A69: 45346.635 | B69: 4.32 | C69: 11.7 | D69: 10.93 | E69: Calib. | F69: 27.64 | G69: Calib. | H69: Calib. | I69: 29.2 | J69: 0.45 | K69: 241.17 | L69: 31.19 | M69: 33.46 | N69: 116.1 | O69: 0 | P69: 0.41 | Q69: 4.63
A70: 45346.646 | B70: 4 | C70: 11.38 | D70: 10.51 | E70: 7.18 | F70: 24.66 | G70: Calib. | H70: Calib. | I70: 36.3 | J70: 0.2 | K70: 279.32 | L70: 31.07 | M70: 33.3 | N70: 114.1 | O70: 0 | P70: 0.4 | Q70: 4.65
A71: 45346.656 | B71: 3.65 | C71: 12.16 | D71: 10.63 | E71: 4.87 | F71: 12.02 | G71: 17.32 | H71: 0.54 | I71: 47.16 | J71: 0.57 | K71: 317.11 | L71: 30.74 | M71: 33.2 | N71: 110 | O71: 0 | P71: 0.4 | Q71: 4.65
A72: 45346.667 | B72: 3.72 | C72: 13.08 | D72: 11.17 | E72: 4.02 | F72: 8.13 | G72: 37.11 | H72: 0.85 | I72: 54.07 | J72: 0.58 | K72: 271.06 | L72: 30.67 | M72: 32.87 | N72: 102.2 | O72: 0 | P72: 0.4 | Q72: 4.65
A73: 45346.677 | B73: 3.94 | C73: 13.1 | D73: 11.36 | E73: 3.96 | F73: 7.08 | G73: 37.11 | H73: 0.85 | I73: 51.92 | J73: 0.3 | K73: 272.59 | L73: 31.06 | M73: 32.44 | N73: 109.2 | O73: 0 | P73: 0.39 | Q73: 4.65
A74: 45346.688 | B74: 3.89 | C74: 12.13 | D74: 10.81 | E74: 4.01 | F74: 7.54 | G74: 37.11 | H74: 0.85 | I74: 49.81 | J74: 0.07 | K74: 254.09 | L74: 31.08 | M74: 32.16 | N74: 101.9 | O74: 0 | P74: 0.33 | Q74: 4.72
A75: 45346.698 | B75: 4.06 | C75: 14.2 | D75: 12.03 | E75: 5.76 | F75: 8.42 | G75: 38.38 | H75: 3.08 | I75: 47.26 | J75: 0.26 | K75: 290.42 | L75: 30.71 | M75: 33.03 | N75: 107.1 | O75: 0 | P75: 0.3 | Q75: 4.72
A76: 45346.708 | B76: 4.4 | C76: 16.28 | D76: 13.39 | E76: 6.25 | F76: 8.9 | G76: 39.76 | H76: 4.36 | I76: 44.16 | J76: 0.31 | K76: 27.36 | L76: 30.59 | M76: 32.97 | N76: 90.2 | O76: 0 | P76: 0.3 | Q76: 4.7
A77: 45346.719 | B77: 5.42 | C77: 17.98 | D77: 15.09 | E77: 8.69 | F77: 11.36 | G77: 39.76 | H77: 4.36 | I77: 41.35 | J77: 0.63 | K77: 51.58 | L77: 30.34 | M77: 33.65 | N77: 43.1 | O77: 0 | P77: 0.34 | Q77: 4.68
A78: 45346.729 | B78: 7.35 | C78: 21.33 | D78: 18.39 | E78: 8.64 | F78: 10.35 | G78: 39.76 | H78: 4.36 | I78: 39.23 | J78: 0.59 | K78: 59.03 | L78: 29.97 | M78: 34.4 | N78: 15.9 | O78: 0 | P78: 0.37 | Q78: 4.68
A79: 45346.74 | B79: 6.4 | C79: 20.67 | D79: 17.28 | E79: 8.73 | F79: 9.71 | G79: 47.15 | H79: 7.81 | I79: 35.99 | J79: 0.61 | K79: 49.84 | L79: 29.59 | M79: 35.32 | N79: 3.2 | O79: 0 | P79: 0.42 | Q79: 4.69
A80: 45346.75 | B80: 6.83 | C80: 22.39 | D80: 18.52 | E80: 8.9 | F80: 8.35 | G80: 55.22 | H80: 9.77 | I80: 35.14 | J80: 0.65 | K80: 51.71 | L80: 28.99 | M80: 37.31 | N80: 0 | O80: 0 | P80: 0.43 | Q80: 4.7
A81: 45346.76 | B81: 7.66 | C81: 23.89 | D81: 19.97 | E81: 8.6 | F81: 8.17 | G81: 55.22 | H81: 9.77 | I81: 33.46 | J81: 0.81 | K81: 55.04 | L81: 28.23 | M81: 41.57 | N81: 0 | O81: 0 | P81: 0.46 | Q81: 4.7
A82: 45346.771 | B82: 8.89 | C82: 26.23 | D82: 22.19 | E82: 9.08 | F82: 7.91 | G82: 55.22 | H82: 9.77 | I82: 32.28 | J82: 0.65 | K82: 53.28 | L82: 27.81 | M82: 44.06 | N82: 0 | O82: 0 | P82: 0.49 | Q82: 4.72
... A104: 45347 | B104: 10.87 | C104: 17.92 | D104: 19.43 | E104: 8.01 | F104: 5.24 | G104: 111.8 | H104: 40.11 | I104: 18.08 | J104: 1.87 | K104: 57.97 | L104: 22.88 | M104: 64.83 | N104: 0 | O104: 0 | P104: 0.76 | Q104: 4.71
A106: Min | B106: =MIN(B9:B104) -> 2.5 | C106: =MIN(C9:C104) -> 11.38 | D106: =MIN(D9:D104) -> 9.37 | E106: =MIN(E9:E104) -> 3.96 | F106: =MIN(F9:F104) -> 3.22 | G106: =MIN(G9:G104) -> 17.32 | H106: =MIN(H9:H104) -> 0.54 | I106: =MIN(I9:I104) -> 5.26 | ... Q106: =MIN(Q9:Q104) -> 4.63
A107: Max | B107: =MAX(B9:B104) -> 18.67 | C107: =MAX(C9:C104) -> 28.12 | D107: =MAX(D9:D104) -> 28.96 | E107: =MAX(E9:E104) -> 12.06 | F107: =MAX(F9:F104) -> 27.64 | G107: =MAX(G9:G104) -> 125.99 | H107: =MAX(H9:H104) -> 40.98 | I107: =MAX(I9:I104) -> 54.07 | ... Q107: =MAX(Q9:Q104) -> 4.81
A108: Avg | B108: =AVERAGE(B9:B104) -> 11.051848 | C108: =AVERAGE(C9:C104) -> 21.188152 | D108: =AVERAGE(D9:D104) -> 21.280109 | E108: =AVERAGE(E9:E104) -> 8.5694444 | F108: =AVERAGE(F9:F104) -> 5.827957 | G108: =AVERAGE(G9:G104) -> 84.767303 | H108: =AVERAGE(H9:H104) -> 26.982921 | I108: =AVERAGE(I9:I104) -> 15.069375 | ... Q108: =AVERAGE(Q9:Q104) -> 4.7308333
A109: Stdev | B109: =STDEV(B9:B104) -> 5.0805477 | C109: =STDEV(C9:C104) -> 4.1869908 | D109: =STDEV(D9:D104) -> 5.3981139 | E109: =STDEV(E9:E104) -> 2.025449 | F109: =STDEV(F9:F104) -> 4.4161922 | G109: =STDEV(G9:G104) -> 23.802133 | H109: =STDEV(H9:H104) -> 10.025039 | I109: =STDEV(I9:I104) -> 13.35099 | ... Q109: =STDEV(Q9:Q104) -> 0.048896597
A110: Num | B110: 96 | C110: 96 | D110: 96 | E110: 96 | F110: 96 | G110: 96 | H110: 96 | I110: 96 | J110: 96 | K110: 96 | L110: 96 | M110: 96 | N110: 96 | O110: 96 | P110: 96 | Q110: =COUNT(Q9:Q104) -> 96
A111: DCR | B111: =IF(B110>=87,">90%",IF(B110<=87,"<90%")) -> >90% | C111: =IF(C110>=87,">90%",IF(C110<=87,"<90%")) -> >90% | D111: =IF(D110>=87,">90%",IF(D110<=87,"<90%")) -> >90% | E111: =IF(E110>=87,">90%",IF(E110<=87,"<90%")) -> >90% | F111: =IF(F110>=87,">90%",IF(F110<=87,"<90%")) -> >90% | G111: =IF(G110>=87,">90%",IF(G110<=87,"<90%")) -> >90% | H111: =IF(H110>=87,">90%",IF(H110<=87,"<90%")) -> >90% | I111: =IF(I110>=87,">90%",IF(I110<=87,"<90%")) -> >90% | ... Q111: =IF(Q110>=87,">90%",IF(Q110<=87,"<90%")) -> >90%
A112: Status | B112: =IF(B110>=87,"OK",IF(B110<=87,"LESS")) -> OK | C112: =IF(C110>=87,"OK",IF(C110<=87,"LESS")) -> OK | D112: =IF(D110>=87,"OK",IF(D110<=87,"LESS")) -> OK | E112: =IF(E110>=87,"OK",IF(E110<=87,"LESS")) -> OK | F112: =IF(F110>=87,"OK",IF(F110<=87,"LESS")) -> OK | G112: =IF(G110>=87,"OK",IF(G110<=87,"LESS")) -> OK | H112: =IF(H110>=87,"OK",IF(H110<=87,"LESS")) -> OK | I112: =IF(I110>=87,"OK",IF(I110<=87,"LESS")) -> OK | ... Q112: =IF(Q110>=87,"OK",IF(Q110<=87,"LESS")) -> OK
A115: Done by | B115: AKASH
A117: Comment

Sheet 25
A1: Station: | B1: IGKV RAIPUR
A2: Date: | B2: =$A$9 -> 45347.01 | C2: Power Off | G2: Pw.Off | J2: Link Fail | L2: Link F | N2: Maintenance | P2: Maint.
A3: Report Type: | B3: Mean | C3: Calibration | G3: Calib. | J3: Data Fail | L3: Data F | N3: Invalid | P3: Invalid
A4: Time Base: | B4: 15 Min | C4: Zero Referrence | G4: Z.Ref | J4: Warm Up | L4: Wm. Up
A7: Date & Time | B7: NO | C7: NO2 | D7: NOX | E7: SO2 | F7: O3 | G7: PM 10 | H7: PM 2.5 | I7: BENZ | J7: WS | K7: WD | L7: TEMP | M7: HUM | N7: SR | O7: RG | P7: CO | Q7: NH3
B8: ug/m3 | C8: ug/m3 | D8: ppb | E8: ug/m3 | F8: ug/m3 | G8: ug/m3 | H8: ug/m3 | I8: ug/m3 | J8: m/sec | K8: deg | L8: degreC | M8: % | N8: w/m2 | O8: mm | P8: mg/m3 | Q8: ug/m3
A9: 45347.01 | B9: 8.82 | C9: 16.66 | D9: 17.13 | E9: 6.36 | F9: 5.05 | G9: 111.8 | H9: 40.11 | I9: 17.65 | J9: 1.56 | K9: 57.67 | L9: 22.61 | M9: 66.55 | N9: 0 | O9: 0 | P9: 0.75 | Q9: 4.7
A10: 45347.021 | B10: 8.8 | C10: 16.21 | D10: 16.88 | E10: 6.42 | F10: 4.94 | G10: 111.8 | H10: 40.11 | I10: 17.06 | J10: 1.49 | K10: 55.54 | L10: 22.43 | M10: 61.63 | N10: 0 | O10: 0 | P10: 0.73 | Q10: 4.71
A11: 45347.031 | B11: 8.98 | C11: 16.31 | D11: 17.08 | E11: 5.89 | F11: 4.73 | G11: 101.99 | H11: 35.91 | I11: 16.76 | J11: 1.43 | K11: 52.82 | L11: 22.25 | M11: 55.46 | N11: 0 | O11: 0 | P11: 0.72 | Q11: 4.73
A12: 45347.042 | B12: 9.36 | C12: 16.86 | D12: 17.67 | E12: 5.62 | F12: 4.61 | G12: 91.26 | H12: 33.51 | I12: 16.32 | J12: 1.19 | K12: 66.37 | L12: 21.92 | M12: 55.55 | N12: 0 | O12: 0 | P12: 0.71 | Q12: 4.73
A13: 45347.052 | B13: 9.76 | C13: 18.34 | D13: 18.76 | E13: 6.27 | F13: 4.45 | G13: 91.26 | H13: 33.51 | I13: 15.88 | J13: 1.35 | K13: 64.5 | L13: 21.71 | M13: 55.68 | N13: 0 | O13: 0 | P13: 0.72 | Q13: 4.73
A14: 45347.062 | B14: 10.04 | C14: 19.14 | D14: 19.41 | E14: 6.47 | F14: 4.56 | G14: 91.26 | H14: 33.51 | I14: 15.64 | J14: 1.46 | K14: 50.89 | L14: 21.46 | M14: 56.46 | N14: 0 | O14: 0 | P14: 0.71 | Q14: 4.72
A15: 45347.073 | B15: 10.25 | C15: 18.33 | D15: 19.15 | E15: 6.99 | F15: 4.92 | G15: 87.4 | H15: 31.75 | I15: 15.27 | J15: 1.52 | K15: 60.58 | L15: 21.29 | M15: 57.05 | N15: 0 | O15: 0 | P15: 0.69 | Q15: 4.75
A16: 45347.083 | B16: 10.38 | C16: 17.45 | D16: 18.79 | E16: 6.68 | F16: 4.78 | G16: 83.17 | H16: 30.75 | I16: 14.86 | J16: 1.24 | K16: 59.14 | L16: 21.07 | M16: 58.55 | N16: 0 | O16: 0 | P16: 0.67 | Q16: 4.74
A17: 45347.094 | B17: 10.3 | C17: 17.86 | D17: 18.95 | E17: 6.19 | F17: 4.88 | G17: 83.17 | H17: 30.75 | I17: 14.53 | J17: 1.58 | K17: 56.32 | L17: 20.86 | M17: 60.25 | N17: 0 | O17: 0 | P17: 0.66 | Q17: 4.74
A18: 45347.104 | B18: 10.29 | C18: 18.89 | D18: 19.47 | E18: 7.77 | F18: 4.72 | G18: 83.17 | H18: 30.75 | I18: 14.18 | J18: 1.15 | K18: 59.99 | L18: 20.69 | M18: 61.89 | N18: 0 | O18: 0 | P18: 0.64 | Q18: 4.75
A19: 45347.115 | B19: 10.05 | C19: 19.4 | D19: 19.55 | E19: 7.9 | F19: 4.95 | G19: 76.45 | H19: 29.92 | I19: 13.77 | J19: 1.12 | K19: 48.18 | L19: 20.6 | M19: 63.22 | N19: 0 | O19: 0 | P19: 0.65 | Q19: 4.75
A20: 45347.125 | B20: 9.88 | C20: 19.61 | D20: 19.52 | E20: 8.03 | F20: 4.86 | G20: 69.1 | H20: 28.81 | I20: 13.34 | J20: 1.61 | K20: 48.53 | L20: 20.53 | M20: 64.51 | N20: 0 | O20: 0 | P20: 0.64 | Q20: 4.73
... A104: 45348 | B104: 4.79 | C104: 18.41 | D104: 14.81 | E104: 9.36 | F104: 5.07 | G104: 70.58 | H104: 32.26 | I104: 6.78 | J104: 1.03 | K104: 70.55 | L104: 23.41 | M104: 69.35 | N104: 0 | O104: 0 | P104: 0.77 | Q104: 4.71
A106: Min | B106: =MIN(B9:B104) -> 4.75 | C106: =MIN(C9:C104) -> 14.9 | D106: =MIN(D9:D104) -> 13.74 | E106: =MIN(E9:E104) -> 5.62 | F106: =MIN(F9:F104) -> 4.41 | G106: =MIN(G9:G104) -> 54.46 | H106: =MIN(H9:H104) -> 22.84 | I106: =MIN(I9:I104) -> 6.78 | ... Q106: =MIN(Q9:Q104) -> 4.66
A107: Max | B107: =MAX(B9:B104) -> 13.6 | C107: =MAX(C9:C104) -> 25.62 | D107: =MAX(D9:D104) -> 24.09 | E107: =MAX(E9:E104) -> 17.68 | F107: =MAX(F9:F104) -> 10.16 | G107: =MAX(G9:G104) -> 111.8 | H107: =MAX(H9:H104) -> 40.11 | I107: =MAX(I9:I104) -> 17.65 | ... Q107: =MAX(Q9:Q104) -> 4.75
A108: Avg | B108: =AVERAGE(B9:B104) -> 7.9403125 | C108: =AVERAGE(C9:C104) -> 19.53625 | D108: =AVERAGE(D9:D104) -> 17.926146 | E108: =AVERAGE(E9:E104) -> 9.8016667 | F108: =AVERAGE(F9:F104) -> 5.6563542 | G108: =AVERAGE(G9:G104) -> 74.428646 | H108: =AVERAGE(H9:H104) -> 28.717083 | I108: =AVERAGE(I9:I104) -> 9.2264583 | ... Q108: =AVERAGE(Q9:Q104) -> 4.7192708
A109: Stdev | B109: =STDEV(B9:B104) -> 2.5587737 | C109: =STDEV(C9:C104) -> 2.8091015 | D109: =STDEV(D9:D104) -> 2.622758 | E109: =STDEV(E9:E104) -> 3.3993008 | F109: =STDEV(F9:F104) -> 1.3296229 | G109: =STDEV(G9:G104) -> 9.9799645 | H109: =STDEV(H9:H104) -> 3.6169766 | I109: =STDEV(I9:I104) -> 2.7969148 | ... Q109: =STDEV(Q9:Q104) -> 0.021679231
A110: Num | B110: =COUNT(B9:B104) -> 96 | C110: =COUNT(C9:C104) -> 96 | D110: =COUNT(D9:D104) -> 96 | E110: =COUNT(E9:E104) -> 96 | F110: =COUNT(F9:F104) -> 96 | G110: =COUNT(G9:G104) -> 96 | H110: =COUNT(H9:H104) -> 96 | I110: =COUNT(I9:I104) -> 96 | ... Q110: =COUNT(Q9:Q104) -> 96
A111: DCR | B111: =IF(B110>=87,">90%",IF(B110<=87,"<90%")) -> >90% | C111: =IF(C110>=87,">90%",IF(C110<=87,"<90%")) -> >90% | D111: =IF(D110>=87,">90%",IF(D110<=87,"<90%")) -> >90% | E111: =IF(E110>=87,">90%",IF(E110<=87,"<90%")) -> >90% | F111: =IF(F110>=87,">90%",IF(F110<=87,"<90%")) -> >90% | G111: =IF(G110>=87,">90%",IF(G110<=87,"<90%")) -> >90% | H111: =IF(H110>=87,">90%",IF(H110<=87,"<90%")) -> >90% | I111: =IF(I110>=87,">90%",IF(I110<=87,"<90%")) -> >90% | ... Q111: =IF(Q110>=87,">90%",IF(Q110<=87,"<90%")) -> >90%
A112: Status | B112: =IF(B110>=87,"OK",IF(B110<=87,"LESS")) -> OK | C112: =IF(C110>=87,"OK",IF(C110<=87,"LESS")) -> OK | D112: =IF(D110>=87,"OK",IF(D110<=87,"LESS")) -> OK | E112: =IF(E110>=87,"OK",IF(E110<=87,"LESS")) -> OK | F112: =IF(F110>=87,"OK",IF(F110<=87,"LESS")) -> OK | G112: =IF(G110>=87,"OK",IF(G110<=87,"LESS")) -> OK | H112: =IF(H110>=87,"OK",IF(H110<=87,"LESS")) -> OK | I112: =IF(I110>=87,"OK",IF(I110<=87,"LESS")) -> OK | ... Q112: =IF(Q110>=87,"OK",IF(Q110<=87,"LESS")) -> OK
A115: Done by | B115: AKASH
A117: Comment

Sheet 26
A1: Station: | B1: IGKV RAIPUR
A2: Date: | B2: =$A$9 -> 45348.01 | C2: Power Off | G2: Pw.Off | J2: Link Fail | L2: Link F | N2: Maintenance | P2: Maint.
A3: Report Type: | B3: Mean | C3: Calibration | G3: Calib. | J3: Data Fail | L3: Data F | N3: Invalid | P3: Invalid
A4: Time Base: | B4: 15 Min | C4: Zero Referrence | G4: Z.Ref | J4: Warm Up | L4: Wm. Up
A7: Date & Time | B7: NO | C7: NO2 | D7: NOX | E7: SO2 | F7: O3 | G7: PM 10 | H7: PM 2.5 | I7: BENZ | J7: WS | K7: WD | L7: TEMP | M7: HUM | N7: SR | O7: RG | P7: CO | Q7: NH3
B8: ug/m3 | C8: ug/m3 | D8: ppb | E8: ug/m3 | F8: ug/m3 | G8: ug/m3 | H8: ug/m3 | I8: ug/m3 | J8: m/sec | K8: deg | L8: degreC | M8: % | N8: w/m2 | O8: mm | P8: mg/m3 | Q8: ug/m3
A9: 45348.01 | B9: 4.97 | C9: 18.73 | D9: 15.12 | E9: 8.97 | F9: 5.06 | G9: 70.58 | H9: 32.26 | I9: 6.74 | J9: 0.61 | K9: 73.33 | L9: 23.35 | M9: 69.33 | N9: 0 | O9: 0 | P9: 0.77 | Q9: 4.71
A10: 45348.021 | B10: 5.08 | C10: 18.81 | D10: 15.25 | E10: 9.35 | F10: 4.93 | G10: 70.58 | H10: 32.26 | I10: 6.71 | J10: 0.64 | K10: 85.78 | L10: 23.21 | M10: 69.93 | N10: 0 | O10: 0 | P10: 0.76 | Q10: 4.71
A11: 45348.031 | B11: 5.19 | C11: 18.86 | D11: 15.37 | E11: 9.42 | F11: 5.01 | G11: 69.68 | H11: 31.8 | I11: 6.68 | J11: 0.92 | K11: 67.07 | L11: 22.95 | M11: 70.56 | N11: 0 | O11: 0 | P11: 0.77 | Q11: 4.71
A12: 45348.042 | B12: 5.23 | C12: 19.17 | D12: 15.57 | E12: 9.96 | F12: 4.97 | G12: 68.7 | H12: 31.53 | I12: 6.65 | J12: 0.97 | K12: 66.39 | L12: 22.97 | M12: 70.21 | N12: 0 | O12: 0 | P12: 0.76 | Q12: 4.69
A13: 45348.052 | B13: 5.37 | C13: 19.39 | D13: 15.79 | E13: 9.58 | F13: 4.88 | G13: 68.7 | H13: 31.53 | I13: 6.61 | J13: 0.74 | K13: 68.17 | L13: 23.06 | M13: 69.73 | N13: 0 | O13: 0 | P13: 0.75 | Q13: 4.69
A14: 45348.062 | B14: 5.4 | C14: 19.51 | D14: 15.88 | E14: 9.91 | F14: 5.02 | G14: 68.7 | H14: 31.53 | I14: 6.63 | J14: 0.7 | K14: 77.24 | L14: 23.03 | M14: 69.68 | N14: 0 | O14: 0 | P14: 0.76 | Q14: 4.69
A15: 45348.073 | B15: 5.45 | C15: 19.47 | D15: 15.89 | E15: 9.58 | F15: 4.8 | G15: 67.4 | H15: 30.26 | I15: 6.59 | J15: 0.88 | K15: 65.99 | L15: 22.71 | M15: 70.59 | N15: 0 | O15: 0 | P15: 0.75 | Q15: 4.69
A16: 45348.083 | B16: 5.53 | C16: 19.58 | D16: 16.02 | E16: 9.39 | F16: 4.97 | G16: 65.91 | H16: 29.5 | I16: 6.57 | J16: 0.89 | K16: 58.16 | L16: 22.62 | M16: 70.67 | N16: 0 | O16: 0 | P16: 0.75 | Q16: 4.68
A17: 45348.094 | B17: 5.6 | C17: 19.52 | D17: 16.04 | E17: 7.46 | F17: 4.93 | G17: 65.91 | H17: 29.5 | I17: 6.53 | J17: 1.06 | K17: 61.45 | L17: 22.64 | M17: 70.58 | N17: 0 | O17: 0 | P17: 0.75 | Q17: 4.69
A18: 45348.104 | B18: 5.65 | C18: 19.8 | D18: 16.23 | E18: 7.33 | F18: 4.74 | G18: 65.91 | H18: 29.5 | I18: 6.53 | J18: 1.12 | K18: 57.63 | L18: 22.62 | M18: 70.72 | N18: 0 | O18: 0 | P18: 0.74 | Q18: 4.69
A19: 45348.115 | B19: 5.76 | C19: 19.82 | D19: 16.33 | E19: 8.05 | F19: 4.59 | G19: 65.04 | H19: 28.9 | I19: 6.51 | J19: 1.15 | K19: 58.81 | L19: 22.51 | M19: 71.07 | N19: 0 | O19: 0 | P19: 0.74 | Q19: 4.66
A20: 45348.125 | B20: 5.86 | C20: 20.09 | D20: 16.55 | E20: 7.32 | F20: 4.64 | G20: 64.08 | H20: 28.11 | I20: 6.48 | J20: 1.34 | K20: 53.06 | L20: 22.25 | M20: 71.54 | N20: 0 | O20: 0 | P20: 0.74 | Q20: 4.66
... A104: 45349 | B104: 6.55 | C104: 17.51 | D104: 15.75 | E104: 7.09 | F104: 4.86 | G104: 85.04 | H104: 35.27 | I104: 6.98 | J104: 0.13 | K104: 195.99 | L104: 23.54 | M104: 75.13 | N104: 0 | O104: 0 | P104: 0.83 | Q104: 4.67
A106: Min | B106: =MIN(B9:B104) -> 4.74 | C106: =MIN(C9:C104) -> 13.57 | D106: =MIN(D9:D104) -> 13.59 | E106: =MIN(E9:E104) -> 5.86 | F106: =MIN(F9:F104) -> 4.42 | G106: =MIN(G9:G104) -> 52.16 | H106: =MIN(H9:H104) -> 23.31 | I106: =MIN(I9:I104) -> 6.21 | ... Q106: =MIN(Q9:Q104) -> 4.62
A107: Max | B107: =MAX(B9:B104) -> 11.69 | C107: =MAX(C9:C104) -> 25.86 | D107: =MAX(D9:D104) -> 21.66 | E107: =MAX(E9:E104) -> 11.07 | F107: =MAX(F9:F104) -> 9.27 | G107: =MAX(G9:G104) -> 87.57 | H107: =MAX(H9:H104) -> 39.11 | I107: =MAX(I9:I104) -> 7.26 | ... Q107: =MAX(Q9:Q104) -> 4.77
A108: Avg | B108: =AVERAGE(B9:B104) -> 6.94625 | C108: =AVERAGE(C9:C104) -> 19.52 | D108: =AVERAGE(D9:D104) -> 17.120208 | E108: =AVERAGE(E9:E104) -> 8.296875 | F108: =AVERAGE(F9:F104) -> 5.5808333 | G108: =AVERAGE(G9:G104) -> 65.898333 | H108: =AVERAGE(H9:H104) -> 29.328333 | I108: =AVERAGE(I9:I104) -> 6.7244792 | ... Q108: =AVERAGE(Q9:Q104) -> 4.6946875
A109: Stdev | B109: =STDEV(B9:B104) -> 2.1037587 | C109: =STDEV(C9:C104) -> 3.4539936 | D109: =STDEV(D9:D104) -> 2.3267316 | E109: =STDEV(E9:E104) -> 1.270362 | F109: =STDEV(F9:F104) -> 1.0762642 | G109: =STDEV(G9:G104) -> 10.971443 | H109: =STDEV(H9:H104) -> 4.090104 | I109: =STDEV(I9:I104) -> 0.30887187 | ... Q109: =STDEV(Q9:Q104) -> 0.042967629
A110: Num | B110: =COUNT(B9:B104) -> 96 | C110: =COUNT(C9:C104) -> 96 | D110: =COUNT(D9:D104) -> 96 | E110: =COUNT(E9:E104) -> 96 | F110: =COUNT(F9:F104) -> 96 | G110: =COUNT(G9:G104) -> 96 | H110: =COUNT(H9:H104) -> 96 | I110: =COUNT(I9:I104) -> 96 | ... Q110: =COUNT(Q9:Q104) -> 96
A111: DCR | B111: =IF(B110>=87,">90%",IF(B110<=87,"<90%")) -> >90% | C111: =IF(C110>=87,">90%",IF(C110<=87,"<90%")) -> >90% | D111: =IF(D110>=87,">90%",IF(D110<=87,"<90%")) -> >90% | E111: =IF(E110>=87,">90%",IF(E110<=87,"<90%")) -> >90% | F111: =IF(F110>=87,">90%",IF(F110<=87,"<90%")) -> >90% | G111: =IF(G110>=87,">90%",IF(G110<=87,"<90%")) -> >90% | H111: =IF(H110>=87,">90%",IF(H110<=87,"<90%")) -> >90% | I111: =IF(I110>=87,">90%",IF(I110<=87,"<90%")) -> >90% | ... Q111: =IF(Q110>=87,">90%",IF(Q110<=87,"<90%")) -> >90%
A112: Status | B112: =IF(B110>=87,"OK",IF(B110<=87,"LESS")) -> OK | C112: =IF(C110>=87,"OK",IF(C110<=87,"LESS")) -> OK | D112: =IF(D110>=87,"OK",IF(D110<=87,"LESS")) -> OK | E112: =IF(E110>=87,"OK",IF(E110<=87,"LESS")) -> OK | F112: =IF(F110>=87,"OK",IF(F110<=87,"LESS")) -> OK | G112: =IF(G110>=87,"OK",IF(G110<=87,"LESS")) -> OK | H112: =IF(H110>=87,"OK",IF(H110<=87,"LESS")) -> OK | I112: =IF(I110>=87,"OK",IF(I110<=87,"LESS")) -> OK | ... Q112: =IF(Q110>=87,"OK",IF(Q110<=87,"LESS")) -> OK
A115: Done by | B115: AKASH
A117: Comment

Sheet 27
A1: Station: | B1: IGKV RAIPUR
A2: Date: | B2: =$A$9 -> 45349.01 | C2: Power Off | G2: Pw.Off | J2: Link Fail | L2: Link F | N2: Maintenance | P2: Maint.
A3: Report Type: | B3: Mean | C3: Calibration | G3: Calib. | J3: Data Fail | L3: Data F | N3: Invalid | P3: Invalid
A4: Time Base: | B4: 15 Min | C4: Zero Referrence | G4: Z.Ref | J4: Warm Up | L4: Wm. Up
A7: Date & Time | B7: NO | C7: NO2 | D7: NOX | E7: SO2 | F7: O3 | G7: PM 10 | H7: PM 2.5 | I7: BENZ | J7: WS | K7: WD | L7: TEMP | M7: HUM | N7: SR | O7: RG | P7: CO | Q7: NH3
B8: ug/m3 | C8: ug/m3 | D8: ppb | E8: ug/m3 | F8: ug/m3 | G8: ug/m3 | H8: ug/m3 | I8: ug/m3 | J8: m/sec | K8: deg | L8: degreC | M8: % | N8: w/m2 | O8: mm | P8: mg/m3 | Q8: ug/m3
A9: 45349.01 | B9: 6.76 | C9: 16.22 | D9: 15.24 | E9: 7.06 | F9: 4.88 | G9: 85.04 | H9: 35.27 | I9: 6.96 | J9: 0.12 | K9: 142.72 | L9: 23.42 | M9: 75.56 | N9: 0 | O9: 0 | P9: 0.82 | Q9: 4.67
A10: 45349.021 | B10: 6.73 | C10: 16.15 | D10: 15.18 | E10: 6.58 | F10: 4.83 | G10: 85.04 | H10: 35.27 | I10: 6.92 | J10: 0.33 | K10: 183.78 | L10: 23.27 | M10: 76.88 | N10: 0 | O10: 0 | P10: 0.82 | Q10: 4.68
A11: 45349.031 | B11: 6.85 | C11: 15.85 | D11: 15.12 | E11: 7.03 | F11: 4.94 | G11: 85.19 | H11: 36.25 | I11: 6.91 | J11: 0.15 | K11: 229.99 | L11: 22.91 | M11: 78.41 | N11: 0 | O11: 0 | P11: 0.81 | Q11: 4.68
A12: 45349.042 | B12: 6.93 | C12: 15.46 | D12: 14.99 | E12: 6.98 | F12: 4.68 | G12: 85.35 | H12: 36.79 | I12: 6.94 | J12: 0.24 | K12: 252.24 | L12: 22.84 | M12: 78.75 | N12: 0 | O12: 0 | P12: 0.79 | Q12: 4.7
A13: 45349.052 | B13: 7 | C13: 15.12 | D13: 14.86 | E13: 7.19 | F13: 4.81 | G13: 85.35 | H13: 36.79 | I13: 6.89 | J13: 0.23 | K13: 194.3 | L13: 22.82 | M13: 78.94 | N13: 0 | O13: 0 | P13: 0.8 | Q13: 4.71
A14: 45349.062 | B14: 6.96 | C14: 14.8 | D14: 14.66 | E14: 6.7 | F14: 4.76 | G14: 85.35 | H14: 36.79 | I14: 6.92 | J14: 0.13 | K14: 205.96 | L14: 22.72 | M14: 79.97 | N14: 0 | O14: 0 | P14: 0.8 | Q14: 4.73
A15: 45349.073 | B15: 7.03 | C15: 14.37 | D15: 14.49 | E15: 6.92 | F15: 4.85 | G15: 79.69 | H15: 35.73 | I15: 6.87 | J15: 0.1 | K15: 167.76 | L15: 22.84 | M15: 79.25 | N15: 0 | O15: 0 | P15: 0.8 | Q15: 4.71
A16: 45349.083 | B16: 7.08 | C16: 13.92 | D16: 14.31 | E16: 7.13 | F16: 4.71 | G16: 73.51 | H16: 35.1 | I16: 6.83 | J16: 0.05 | K16: 218.25 | L16: 22.85 | M16: 79.55 | N16: 0 | O16: 0 | P16: 0.79 | Q16: 4.72
A17: 45349.094 | B17: 7.12 | C17: 13.69 | D17: 14.21 | E17: 8.61 | F17: 4.79 | G17: 73.51 | H17: 35.1 | I17: 6.85 | J17: 0.13 | K17: 190.4 | L17: 22.82 | M17: 80.09 | N17: 0 | O17: 0 | P17: 0.77 | Q17: 4.72
A18: 45349.104 | B18: 7.26 | C18: 13.39 | D18: 14.16 | E18: 9.51 | F18: 4.76 | G18: 73.51 | H18: 35.1 | I18: 6.87 | J18: 0.12 | K18: 171.96 | L18: 22.62 | M18: 82.88 | N18: 0 | O18: 0 | P18: 0.77 | Q18: 4.73
A19: 45349.115 | B19: 7.29 | C19: 13.24 | D19: 14.12 | E19: 9.8 | F19: 4.7 | G19: 67.88 | H19: 33.78 | I19: 6.85 | J19: 0.18 | K19: 135.61 | L19: 22.75 | M19: 80.89 | N19: 0 | O19: 0 | P19: 0.77 | Q19: 4.72
A20: 45349.125 | B20: 7.42 | C20: 13.05 | D20: 14.12 | E20: 9.48 | F20: 4.72 | G20: 61.45 | H20: 32.03 | I20: 6.83 | J20: 0.3 | K20: 64.36 | L20: 22.6 | M20: 80.44 | N20: 0 | O20: 0 | P20: 0.76 | Q20: 4.72
... A104: 45350 | B104: 7.87 | C104: 18.56 | D104: 17.36 | E104: 4.04 | F104: 5.19 | G104: 31.83 | H104: 15.85 | I104: 5.16 | J104: 2.39 | K104: 43.18 | L104: 22.07 | M104: 78.53 | N104: 0 | O104: 0 | P104: 0.55 | Q104: 4.73
A106: Min | B106: =MIN(B9:B104) -> 1.69 | C106: =MIN(C9:C104) -> 6.05 | D106: =MIN(D9:D104) -> 6.01 | E106: =MIN(E9:E104) -> 1.76 | F106: =MIN(F9:F104) -> 4.29 | G106: =MIN(G9:G104) -> 31.83 | H106: =MIN(H9:H104) -> 15.85 | I106: =MIN(I9:I104) -> 2.42 | ... Q106: =MIN(Q9:Q104) -> 4.61
A107: Max | B107: =MAX(B9:B104) -> 11.37 | C107: =MAX(C9:C104) -> 24.06 | D107: =MAX(D9:D104) -> 22.3 | E107: =MAX(E9:E104) -> 12.44 | F107: =MAX(F9:F104) -> 47.63 | G107: =MAX(G9:G104) -> 95.4 | H107: =MAX(H9:H104) -> 41.53 | I107: =MAX(I9:I104) -> 8.02 | ... Q107: =MAX(Q9:Q104) -> 4.77
A108: Avg | B108: =AVERAGE(B9:B104) -> 7.1429167 | C108: =AVERAGE(C9:C104) -> 16.817604 | D108: =AVERAGE(D9:D104) -> 15.865208 | E108: =AVERAGE(E9:E104) -> 8.6080208 | F108: =AVERAGE(F9:F104) -> 7.0621875 | G108: =AVERAGE(G9:G104) -> 68.139167 | H108: =AVERAGE(H9:H104) -> 29.640833 | I108: =AVERAGE(I9:I104) -> 6.1532292 | ... Q108: =AVERAGE(Q9:Q104) -> 4.6870833
A109: Stdev | B109: =STDEV(B9:B104) -> 2.81986 | C109: =STDEV(C9:C104) -> 3.7936914 | D109: =STDEV(D9:D104) -> 3.8303547 | E109: =STDEV(E9:E104) -> 3.1031416 | F109: =STDEV(F9:F104) -> 6.8692945 | G109: =STDEV(G9:G104) -> 18.253303 | H109: =STDEV(H9:H104) -> 8.2662397 | I109: =STDEV(I9:I104) -> 1.5884706 | ... Q109: =STDEV(Q9:Q104) -> 0.038768318
A110: Num | B110: =COUNT(B9:B104) -> 96 | C110: =COUNT(C9:C104) -> 96 | D110: =COUNT(D9:D104) -> 96 | E110: =COUNT(E9:E104) -> 96 | F110: =COUNT(F9:F104) -> 96 | G110: =COUNT(G9:G104) -> 96 | H110: =COUNT(H9:H104) -> 96 | I110: =COUNT(I9:I104) -> 96 | ... Q110: =COUNT(Q9:Q104) -> 96
A111: DCR | B111: =IF(B110>=87,">90%",IF(B110<=87,"<90%")) -> >90% | C111: =IF(C110>=87,">90%",IF(C110<=87,"<90%")) -> >90% | D111: =IF(D110>=87,">90%",IF(D110<=87,"<90%")) -> >90% | E111: =IF(E110>=87,">90%",IF(E110<=87,"<90%")) -> >90% | F111: =IF(F110>=87,">90%",IF(F110<=87,"<90%")) -> >90% | G111: =IF(G110>=87,">90%",IF(G110<=87,"<90%")) -> >90% | H111: =IF(H110>=87,">90%",IF(H110<=87,"<90%")) -> >90% | I111: =IF(I110>=87,">90%",IF(I110<=87,"<90%")) -> >90% | ... Q111: =IF(Q110>=87,">90%",IF(Q110<=87,"<90%")) -> >90%
A112: Status | B112: =IF(B110>=87,"OK",IF(B110<=87,"LESS")) -> OK | C112: =IF(C110>=87,"OK",IF(C110<=87,"LESS")) -> OK | D112: =IF(D110>=87,"OK",IF(D110<=87,"LESS")) -> OK | E112: =IF(E110>=87,"OK",IF(E110<=87,"LESS")) -> OK | F112: =IF(F110>=87,"OK",IF(F110<=87,"LESS")) -> OK | G112: =IF(G110>=87,"OK",IF(G110<=87,"LESS")) -> OK | H112: =IF(H110>=87,"OK",IF(H110<=87,"LESS")) -> OK | I112: =IF(I110>=87,"OK",IF(I110<=87,"LESS")) -> OK | ... Q112: =IF(Q110>=87,"OK",IF(Q110<=87,"LESS")) -> OK
A115: Done by | B115: AKASH
A117: Comment

Sheet 28
A1: Station: | B1: IGKV RAIPUR
A2: Date: | B2: =$A$9 -> 45350.01 | C2: Power Off | G2: Pw.Off | J2: Link Fail | L2: Link F | N2: Maintenance | P2: Maint.
A3: Report Type: | B3: Mean | C3: Calibration | G3: Calib. | J3: Data Fail | L3: Data F | N3: Invalid | P3: Invalid
A4: Time Base: | B4: 15 Min | C4: Zero Referrence | G4: Z.Ref | J4: Warm Up | L4: Wm. Up
A7: Date & Time | B7: NO | C7: NO2 | D7: NOX | E7: SO2 | F7: O3 | G7: PM 10 | H7: PM 2.5 | I7: BENZ | J7: WS | K7: WD | L7: TEMP | M7: HUM | N7: SR | O7: RG | P7: CO | Q7: NH3
B8: ug/m3 | C8: ug/m3 | D8: ppb | E8: ug/m3 | F8: ug/m3 | G8: ug/m3 | H8: ug/m3 | I8: ug/m3 | J8: m/sec | K8: deg | L8: degreC | M8: % | N8: w/m2 | O8: mm | P8: mg/m3 | Q8: ug/m3
A9: 45350.01 | B9: 8.53 | C9: 19.05 | D9: 18.14 | E9: 5.15 | F9: 5.63 | G9: 31.83 | H9: 15.85 | I9: 5.05 | J9: 2.18 | K9: 42.17 | L9: 21.73 | M9: 75.43 | N9: 0 | O9: 0 | P9: 0.56 | Q9: 4.73
A10: 45350.021 | B10: 8.31 | C10: 19.04 | D10: 17.96 | E10: 3.62 | F10: 5.4 | G10: 31.83 | H10: 15.85 | I10: 5.01 | J10: 1.61 | K10: 61.85 | L10: 21.63 | M10: 71.99 | N10: 0 | O10: 0 | P10: 0.55 | Q10: 4.73
A11: 45350.031 | B11: 7.95 | C11: 19.08 | D11: 17.7 | E11: 3.43 | F11: 5.11 | G11: 35.99 | H11: 16.33 | I11: 4.98 | J11: 0.63 | K11: 72.14 | L11: 21.75 | M11: 71.24 | N11: 0 | O11: 0 | P11: 0.54 | Q11: 4.74
A12: 45350.042 | B12: 7.68 | C12: 19.04 | D12: 17.46 | E12: 2.8 | F12: 4.94 | G12: 40.52 | H12: 16.6 | I12: 4.92 | J12: 0.36 | K12: 93.5 | L12: 21.95 | M12: 69.58 | N12: 0 | O12: 0 | P12: 0.53 | Q12: 4.73
A13: 45350.052 | B13: 7.46 | C13: 18.87 | D13: 17.19 | E13: 3.33 | F13: 4.9 | G13: 40.52 | H13: 16.6 | I13: 4.81 | J13: 0.2 | K13: 124.55 | L13: 21.87 | M13: 70.36 | N13: 0 | O13: 0 | P13: 0.52 | Q13: 4.73
A14: 45350.062 | B14: 7.12 | C14: 18.82 | D14: 16.89 | E14: 3.14 | F14: 4.98 | G14: 40.52 | H14: 16.6 | I14: 4.74 | J14: 0.16 | K14: 147.78 | L14: 21.45 | M14: 72.86 | N14: 0 | O14: 0 | P14: 0.52 | Q14: 4.71
A15: 45350.073 | B15: 6.87 | C15: 18.74 | D15: 16.65 | E15: 3.09 | F15: 5.03 | G15: 34.99 | H15: 16.63 | I15: 4.66 | J15: 0.23 | K15: 189.43 | L15: 21.42 | M15: 74.27 | N15: 0 | O15: 0 | P15: 0.51 | Q15: 4.7
A16: 45350.083 | B16: 6.73 | C16: 18.74 | D16: 16.54 | E16: 3.2 | F16: 4.98 | G16: 28.94 | H16: 16.64 | I16: 4.63 | J16: 0.32 | K16: 200.18 | L16: 21.23 | M16: 76.29 | N16: 0 | O16: 0 | P16: 0.5 | Q16: 4.7
A17: 45350.094 | B17: 6.67 | C17: 18.62 | D17: 16.43 | E17: 6.67 | F17: 5.58 | G17: 28.94 | H17: 16.64 | I17: 4.55 | J17: 0.23 | K17: 185.18 | L17: 20.93 | M17: 78.93 | N17: 0 | O17: 0 | P17: 0.5 | Q17: 4.71
A18: 45350.104 | B18: 6.75 | C18: 18.18 | D18: 16.27 | E18: 7.86 | F18: 5.08 | G18: 28.94 | H18: 16.64 | I18: 4.55 | J18: 0.09 | K18: 135.17 | L18: 20.96 | M18: 80.13 | N18: 0 | O18: 0 | P18: 0.49 | Q18: 4.69
A19: 45350.115 | B19: 6.57 | C19: 18.16 | D19: 16.11 | E19: 8.21 | F19: 4.8 | G19: 32.74 | H19: 16.74 | I19: 4.52 | J19: 0.14 | K19: 69.56 | L19: 20.82 | M19: 81.42 | N19: 0 | O19: 0 | P19: 0.49 | Q19: 4.68
A20: 45350.125 | B20: 6.68 | C20: 18.36 | D20: 16.3 | E20: 8 | F20: 4.73 | G20: 36.89 | H20: 16.87 | I20: 4.54 | J20: 0.17 | K20: 18.05 | L20: 20.75 | M20: 81.53 | N20: 0 | O20: 0 | P20: 0.49 | Q20: 4.69
... A104: 45351 | B104: 47.11 | C104: 30.89 | D104: 55.27 | E104: 10.21 | F104: 4.29 | G104: 146.3 | H104: 42.78 | I104: 9.58 | J104: 0.23 | K104: 169.31 | L104: 23.58 | M104: 75.17 | N104: 0 | O104: 0 | P104: 1.15 | Q104: 4.89
A106: Min | B106: =MIN(B9:B104) -> 5.25 | C106: =MIN(C9:C104) -> 13.91 | D106: =MIN(D9:D104) -> 14.07 | E106: =MIN(E9:E104) -> 2.8 | F106: =MIN(F9:F104) -> 4.29 | G106: =MIN(G9:G104) -> 28.94 | H106: =MIN(H9:H104) -> 13.01 | I106: =MIN(I9:I104) -> 4.36 | ... Q106: =MIN(Q9:Q104) -> 4.63
A107: Max | B107: =MAX(B9:B104) -> 47.11 | C107: =MAX(C9:C104) -> 30.89 | D107: =MAX(D9:D104) -> 55.27 | E107: =MAX(E9:E104) -> 15.41 | F107: =MAX(F9:F104) -> 10.86 | G107: =MAX(G9:G104) -> 146.3 | H107: =MAX(H9:H104) -> 42.78 | I107: =MAX(I9:I104) -> 9.58 | ... Q107: =MAX(Q9:Q104) -> 4.89
A108: Avg | B108: =AVERAGE(B9:B104) -> 11.716979 | C108: =AVERAGE(C9:C104) -> 19.440833 | D108: =AVERAGE(D9:D104) -> 20.904271 | E108: =AVERAGE(E9:E104) -> 9.1710417 | F108: =AVERAGE(F9:F104) -> 5.7247917 | G108: =AVERAGE(G9:G104) -> 67.087604 | H108: =AVERAGE(H9:H104) -> 25.069271 | I108: =AVERAGE(I9:I104) -> 6.183125 | ... Q108: =AVERAGE(Q9:Q104) -> 4.7403125
A109: Stdev | B109: =STDEV(B9:B104) -> 7.6035907 | C109: =STDEV(C9:C104) -> 4.026443 | D109: =STDEV(D9:D104) -> 7.3992332 | E109: =STDEV(E9:E104) -> 2.7991625 | F109: =STDEV(F9:F104) -> 1.6522514 | G109: =STDEV(G9:G104) -> 31.155821 | H109: =STDEV(H9:H104) -> 8.2675563 | I109: =STDEV(I9:I104) -> 1.2603277 | ... Q109: =STDEV(Q9:Q104) -> 0.061103073
A110: Num | B110: =COUNT(B9:B104) -> 96 | C110: =COUNT(C9:C104) -> 96 | D110: =COUNT(D9:D104) -> 96 | E110: =COUNT(E9:E104) -> 96 | F110: =COUNT(F9:F104) -> 96 | G110: =COUNT(G9:G104) -> 96 | H110: =COUNT(H9:H104) -> 96 | I110: =COUNT(I9:I104) -> 96 | ... Q110: =COUNT(Q9:Q104) -> 96
A111: DCR | B111: =IF(B110>=87,">90%",IF(B110<=87,"<90%")) -> >90% | C111: =IF(C110>=87,">90%",IF(C110<=87,"<90%")) -> >90% | D111: =IF(D110>=87,">90%",IF(D110<=87,"<90%")) -> >90% | E111: =IF(E110>=87,">90%",IF(E110<=87,"<90%")) -> >90% | F111: =IF(F110>=87,">90%",IF(F110<=87,"<90%")) -> >90% | G111: =IF(G110>=87,">90%",IF(G110<=87,"<90%")) -> >90% | H111: =IF(H110>=87,">90%",IF(H110<=87,"<90%")) -> >90% | I111: =IF(I110>=87,">90%",IF(I110<=87,"<90%")) -> >90% | ... Q111: =IF(Q110>=87,">90%",IF(Q110<=87,"<90%")) -> >90%
A112: Status | B112: =IF(B110>=87,"OK",IF(B110<=87,"LESS")) -> OK | C112: =IF(C110>=87,"OK",IF(C110<=87,"LESS")) -> OK | D112: =IF(D110>=87,"OK",IF(D110<=87,"LESS")) -> OK | E112: =IF(E110>=87,"OK",IF(E110<=87,"LESS")) -> OK | F112: =IF(F110>=87,"OK",IF(F110<=87,"LESS")) -> OK | G112: =IF(G110>=87,"OK",IF(G110<=87,"LESS")) -> OK | H112: =IF(H110>=87,"OK",IF(H110<=87,"LESS")) -> OK | I112: =IF(I110>=87,"OK",IF(I110<=87,"LESS")) -> OK | ... Q112: =IF(Q110>=87,"OK",IF(Q110<=87,"LESS")) -> OK
A115: Done by | B115: AKASH
A117: Comment

Sheet 29
A1: Station: | B1: IGKV RAIPUR
A2: Date: | B2: =$A$9 -> 45351.01 | C2: Power Off | G2: Pw.Off | J2: Link Fail | L2: Link F | N2: Maintenance | P2: Maint.
A3: Report Type: | B3: Mean | C3: Calibration | G3: Calib. | J3: Data Fail | L3: Data F | N3: Invalid | P3: Invalid
A4: Time Base: | B4: 15 Min | C4: Zero Referrence | G4: Z.Ref | J4: Warm Up | L4: Wm. Up
A7: Date & Time | B7: NO | C7: NO2 | D7: NOX | E7: SO2 | F7: O3 | G7: PM 10 | H7: PM 2.5 | I7: BENZ | J7: WS | K7: WD | L7: TEMP | M7: HUM | N7: SR | O7: RG | P7: CO | Q7: NH3
B8: ug/m3 | C8: ug/m3 | D8: ppb | E8: ug/m3 | F8: ug/m3 | G8: ug/m3 | H8: ug/m3 | I8: ug/m3 | J8: m/sec | K8: deg | L8: degreC | M8: % | N8: w/m2 | O8: mm | P8: mg/m3 | Q8: ug/m3
A9: 45351.01 | B9: 49.34 | C9: 29.8 | D9: 56.49 | E9: 10.32 | F9: 4.35 | G9: 146.3 | H9: 42.78 | I9: 10.11 | J9: 0.3 | K9: 192.41 | L9: 22.64 | M9: 78.77 | N9: 0 | O9: 0 | P9: 1.18 | Q9: 4.92
A10: 45351.021 | B10: 49.88 | C10: 29.77 | D10: 56.91 | E10: 9.81 | F10: 4.68 | G10: 146.3 | H10: 42.78 | I10: 10.48 | J10: 0.19 | K10: 169.12 | L10: 21.75 | M10: 81.54 | N10: 0 | O10: 0 | P10: 1.21 | Q10: 4.89
A11: 45351.031 | B11: 50.12 | C11: 26.29 | D11: 55.28 | E11: 10.1 | F11: 5.12 | G11: 136.85 | H11: 42.45 | I11: 10.85 | J11: 0.24 | K11: 178.4 | L11: 21.78 | M11: 80.82 | N11: 0 | O11: 0 | P11: 1.22 | Q11: 4.88
A12: 45351.042 | B12: 49.86 | C12: 23.83 | D12: 53.78 | E12: 9.68 | F12: 5.01 | G12: 126.52 | H12: 42.26 | I12: 11.08 | J12: 0.26 | K12: 181.19 | L12: 21.56 | M12: 83.04 | N12: 0 | O12: 0 | P12: 1.21 | Q12: 4.89
A13: 45351.052 | B13: 49.48 | C13: 22.17 | D13: 52.61 | E13: 9.16 | F13: 4.74 | G13: 126.52 | H13: 42.26 | I13: 11.17 | J13: 0.2 | K13: 151.53 | L13: 21.38 | M13: 83.3 | N13: 0 | O13: 0 | P13: 1.22 | Q13: 4.91
A14: 45351.062 | B14: 49.37 | C14: 20.97 | D14: 51.9 | E14: 8.78 | F14: 4.7 | G14: 126.52 | H14: 42.26 | I14: 11.38 | J14: 0.22 | K14: 160.92 | L14: 21.28 | M14: 82.88 | N14: 0 | O14: 0 | P14: 1.22 | Q14: 4.9
A15: 45351.073 | B15: 49.29 | C15: 20.51 | D15: 51.59 | E15: 8.6 | F15: 4.54 | G15: 121.35 | H15: 44.75 | I15: 11.4 | J15: 0.41 | K15: 75.25 | L15: 21.51 | M15: 80.74 | N15: 0 | O15: 0 | P15: 1.21 | Q15: 4.91
A16: 45351.083 | B16: 49.13 | C16: 19.75 | D16: 51.07 | E16: 9.15 | F16: 4.58 | G16: 115.7 | H16: 46.17 | I16: 11.53 | J16: 0.4 | K16: 65.72 | L16: 22.23 | M16: 76.03 | N16: 0 | O16: 0 | P16: 1.2 | Q16: 4.92
A17: 45351.094 | B17: 48.5 | C17: 20 | D17: 50.7 | E17: 8.22 | F17: 4.67 | G17: 115.7 | H17: 46.17 | I17: 11.58 | J17: 0.24 | K17: 205.4 | L17: 21.24 | M17: 83.13 | N17: 0 | O17: 0 | P17: 1.19 | Q17: 4.94
A18: 45351.104 | B18: 47.38 | C18: 21.14 | D18: 50.39 | E18: 8.99 | F18: 4.47 | G18: 115.7 | H18: 46.17 | I18: 11.54 | J18: 0.17 | K18: 158.58 | L18: 20.49 | M18: 86.67 | N18: 0 | O18: 0 | P18: 1.2 | Q18: 4.93
A19: 45351.115 | B19: 46.28 | C19: 20.83 | D19: 49.34 | E19: 9.64 | F19: 4.56 | G19: 113.76 | H19: 44.53 | I19: 11.56 | J19: 0.14 | K19: 219.33 | L19: 20.31 | M19: 87.27 | N19: 0 | O19: 0 | P19: 1.2 | Q19: 4.92
A20: 45351.125 | B20: 45.93 | C20: 19.64 | D20: 48.44 | E20: 10.11 | F20: 4.68 | G20: 111.64 | H20: 42.34 | I20: 11.58 | J20: 0.09 | K20: 214.99 | L20: 20.22 | M20: 87.34 | N20: 0 | O20: 0 | P20: 1.17 | Q20: 4.93
... A104: 45352 | B104: 24.66 | C104: 18.1 | D104: 30.58 | E104: 7.25 | F104: 4.66 | G104: 96.06 | H104: 30.96 | I104: 6.75 | J104: 0.26 | K104: 183.17 | L104: 22 | M104: 59.63 | N104: 0 | O104: 0 | P104: 0.68 | Q104: 4.79
A106: Min | B106: =MIN(B9:B104) -> 7.88 | C106: =MIN(C9:C104) -> 15.31 | D106: =MIN(D9:D104) -> 18 | E106: =MIN(E9:E104) -> 6.34 | F106: =MIN(F9:F104) -> 4.34 | G106: =MIN(G9:G104) -> 54.12 | H106: =MIN(H9:H104) -> 18.84 | I106: =MIN(I9:I104) -> 5.29 | ... Q106: =MIN(Q9:Q104) -> 4.68
A107: Max | B107: =MAX(B9:B104) -> 50.12 | C107: =MAX(C9:C104) -> 29.8 | D107: =MAX(D9:D104) -> 56.91 | E107: =MAX(E9:E104) -> 19.87 | F107: =MAX(F9:F104) -> 9.94 | G107: =MAX(G9:G104) -> 146.3 | H107: =MAX(H9:H104) -> 46.17 | I107: =MAX(I9:I104) -> 11.58 | ... Q107: =MAX(Q9:Q104) -> 4.94
A108: Avg | B108: =AVERAGE(B9:B104) -> 25.8225 | C108: =AVERAGE(C9:C104) -> 22.4725 | D108: =AVERAGE(D9:D104) -> 33.800313 | E108: =AVERAGE(E9:E104) -> 9.2740625 | F108: =AVERAGE(F9:F104) -> 5.2701042 | G108: =AVERAGE(G9:G104) -> 85.506354 | H108: =AVERAGE(H9:H104) -> 31.139271 | I108: =AVERAGE(I9:I104) -> 8.5767708 | ... Q108: =AVERAGE(Q9:Q104) -> 4.8133333
A109: Stdev | B109: =STDEV(B9:B104) -> 15.448085 | C109: =STDEV(C9:C104) -> 3.6517707 | D109: =STDEV(D9:D104) -> 12.585126 | E109: =STDEV(E9:E104) -> 2.2307608 | F109: =STDEV(F9:F104) -> 1.0986408 | G109: =STDEV(G9:G104) -> 21.282372 | H109: =STDEV(H9:H104) -> 8.3269509 | I109: =STDEV(I9:I104) -> 2.3410005 | ... Q109: =STDEV(Q9:Q104) -> 0.076263624
A110: Num | B110: =COUNT(B9:B104) -> 96 | C110: =COUNT(C9:C104) -> 96 | D110: =COUNT(D9:D104) -> 96 | E110: =COUNT(E9:E104) -> 96 | F110: =COUNT(F9:F104) -> 96 | G110: =COUNT(G9:G104) -> 96 | H110: =COUNT(H9:H104) -> 96 | I110: =COUNT(I9:I104) -> 96 | ... Q110: =COUNT(Q9:Q104) -> 96
A111: DCR | B111: =IF(B110>=87,">90%",IF(B110<=87,"<90%")) -> >90% | C111: =IF(C110>=87,">90%",IF(C110<=87,"<90%")) -> >90% | D111: =IF(D110>=87,">90%",IF(D110<=87,"<90%")) -> >90% | E111: =IF(E110>=87,">90%",IF(E110<=87,"<90%")) -> >90% | F111: =IF(F110>=87,">90%",IF(F110<=87,"<90%")) -> >90% | G111: =IF(G110>=87,">90%",IF(G110<=87,"<90%")) -> >90% | H111: =IF(H110>=87,">90%",IF(H110<=87,"<90%")) -> >90% | I111: =IF(I110>=87,">90%",IF(I110<=87,"<90%")) -> >90% | ... Q111: =IF(Q110>=87,">90%",IF(Q110<=87,"<90%")) -> >90%
A112: Status | B112: =IF(B110>=87,"OK",IF(B110<=87,"LESS")) -> OK | C112: =IF(C110>=87,"OK",IF(C110<=87,"LESS")) -> OK | D112: =IF(D110>=87,"OK",IF(D110<=87,"LESS")) -> OK | E112: =IF(E110>=87,"OK",IF(E110<=87,"LESS")) -> OK | F112: =IF(F110>=87,"OK",IF(F110<=87,"LESS")) -> OK | G112: =IF(G110>=87,"OK",IF(G110<=87,"LESS")) -> OK | H112: =IF(H110>=87,"OK",IF(H110<=87,"LESS")) -> OK | I112: =IF(I110>=87,"OK",IF(I110<=87,"LESS")) -> OK | ... Q112: =IF(Q110>=87,"OK",IF(Q110<=87,"LESS")) -> OK
A115: Done by | B115: AKASH
A117: Comment

Sheet MONTHLY 31
A1: Station: | B1: IGKV, Raipur
A2: Date: | B2: =$A$9 -> 45323.01 | D2: Power Off | G2: Pw.Off | L2: Link Fail | N2: Link F | P2: Maintenance | R2: Maint.
A3: Report Type: | B3: Mean | D3: Calibration | G3: Calib. | L3: Data Fail | N3: Data F | P3: Invalid | R3: Invalid
A4: Time Base: | B4: 24 HRS | D4: Zero Referrence | G4: Z.Ref | L4: Warm Up | N4: Wm. Up
A7: Date & Time | B7: NO | C7: NO2 | D7: NOX | E7: SO2 | F7: O3 | G7: PM 10 | H7: PM 2.5 | I7: BENZ | J7: WS | K7: WD | L7: TEMP | M7: HUM | N7: SR | O7: RG | P7: CO | Q7: NH3
B8: ug/m3 | C8: ug/m3 | D8: ppb | E8: ug/m3 | F8: ug/m3 | G8: ug/m3 | H8: ug/m3 | I8: ug/m3 | J8: m/sec | K8: deg | L8: degreC | M8: % | N8: w/m2 | O8: mm | P8: mg/m3 | Q8: ug/m3
A9: ='01'!$B$2 -> 45323.01 | B9: ='01'!B108 -> 12.418646 | C9: ='01'!C108 -> 22.316563 | D9: ='01'!D108 -> 22.969792 | E9: ='01'!E108 -> 6.3083333 | F9: ='01'!F108 -> 3.8880208 | G9: ='01'!G108 -> 85.368125 | H9: ='01'!H108 -> 36.753958 | I9: ='01'!I108 -> 9.5289583 | ... Q9: ='01'!Q108 -> 4.8257292
A10: ='02'!$B$2 -> 45324.01 | B10: ='02'!B108 -> 16.192292 | C10: ='02'!C108 -> 22.841562 | D10: ='02'!D108 -> 26.269583 | E10: ='02'!E108 -> 7.5232292 | F10: ='02'!F108 -> 3.7445833 | G10: ='02'!G108 -> 93.713229 | H10: ='02'!H108 -> 38.995208 | I10: ='02'!I108 -> 1.2291667 | ... Q10: ='02'!Q108 -> 4.8696875
A11: ='03'!$B$2 -> 45325.01 | B11: ='03'!B108 -> 18.459271 | C11: ='03'!C108 -> 24.984375 | D11: ='03'!D108 -> 29.207812 | E11: ='03'!E108 -> 7.0232292 | F11: ='03'!F108 -> 3.735 | G11: ='03'!G108 -> 76.079167 | H11: ='03'!H108 -> 29.357813 | I11: ='03'!I108 -> 0 | ... Q11: ='03'!Q108 -> 4.9161458
A12: ='04'!$B$2 -> 45326.01 | B12: ='04'!B108 -> 24.18125 | C12: ='04'!C108 -> 22.964375 | D12: ='04'!D108 -> 32.740833 | E12: ='04'!E108 -> 7.9361458 | F12: ='04'!F108 -> 4.0761458 | G12: ='04'!G108 -> 70.3125 | H12: ='04'!H108 -> 27.816875 | I12: ='04'!I108 -> 0 | ... Q12: ='04'!Q108 -> 4.9394792
A13: ='05'!$B$2 -> 45327.01 | B13: ='05'!B108 -> 7.4853125 | C13: ='05'!C108 -> 19.239063 | D13: ='05'!D108 -> 17.405833 | E13: ='05'!E108 -> 6.9905208 | F13: ='05'!F108 -> 4.7844792 | G13: ='05'!G108 -> 55.092083 | H13: ='05'!H108 -> 22.973125 | I13: ='05'!I108 -> 0 | ... Q13: ='05'!Q108 -> 4.7576042
A14: ='06'!$B$2 -> 45328.01 | B14: ='06'!B108 -> 11.308646 | C14: ='06'!C108 -> 18.202396 | D14: ='06'!D108 -> 19.930521 | E14: ='06'!E108 -> 7.7535417 | F14: ='06'!F108 -> 4.9288542 | G14: ='06'!G108 -> 62.23375 | H14: ='06'!H108 -> 27.188333 | I14: ='06'!I108 -> 0 | ... Q14: ='06'!Q108 -> 4.7635417
A15: ='07'!$B$2 -> 45329.01 | B15: ='07'!B108 -> 11.400938 | C15: ='07'!C108 -> 20.679271 | D15: ='07'!D108 -> 21.298646 | E15: ='07'!E108 -> 7.6357292 | F15: ='07'!F108 -> 4.02875 | G15: ='07'!G108 -> 70.684062 | H15: ='07'!H108 -> 31.082083 | I15: ='07'!I108 -> 0 | ... Q15: ='07'!Q108 -> 4.8046875
A16: ='08'!$B$2 -> 45330.01 | B16: ='08'!B108 -> 10.094719 | C16: ='08'!C108 -> 22.514607 | D16: ='08'!D108 -> 21.209775 | E16: ='08'!E108 -> 6.4824138 | F16: ='08'!F108 -> 4.6594565 | G16: ='08'!G108 -> 57.614253 | H16: ='08'!H108 -> 17.981954 | I16: ='08'!I108 -> 8.9521875 | ... Q16: ='08'!Q108 -> 4.8044792
A17: ='09'!$B$2 -> 45331.01 | B17: ='09'!B108 -> 16.30875 | C17: ='09'!C108 -> 25.259687 | D17: ='09'!D108 -> 27.627083 | E17: ='09'!E108 -> 8.1694792 | F17: ='09'!F108 -> 3.9583333 | G17: ='09'!G108 -> 77.108125 | H17: ='09'!H108 -> 26.790104 | I17: ='09'!I108 -> 4.6246875 | ... Q17: ='09'!Q108 -> 4.8442708
A18: ='10'!$B$2 -> 45332.01 | B18: ='10'!B108 -> 14.916979 | C18: ='10'!C108 -> 27.726146 | D18: ='10'!D108 -> 27.799583 | E18: ='10'!E108 -> 9.2773958 | F18: ='10'!F108 -> 5.5059375 | G18: ='10'!G108 -> 90.204062 | H18: ='10'!H108 -> 34.7 | I18: ='10'!I108 -> 2.4904167 | ... Q18: ='10'!Q108 -> 4.8519792
A19: ='11'!$B$2 -> 45333.01 | B19: ='11'!B108 -> 8.5194792 | C19: ='11'!C108 -> 21.736458 | D19: ='11'!D108 -> 19.539896 | E19: ='11'!E108 -> 9.9534375 | F19: ='11'!F108 -> 5.0185417 | G19: ='11'!G108 -> 85.3625 | H19: ='11'!H108 -> 37.156563 | I19: ='11'!I108 -> 6.8323958 | ... Q19: ='11'!Q108 -> 4.7776042
A20: ='12'!$B$2 -> 45334.01 | B20: ='12'!B108 -> 7.4385417 | C20: ='12'!C108 -> 20.374896 | D20: ='12'!D108 -> 17.961458 | E20: ='12'!E108 -> 8.5557292 | F20: ='12'!F108 -> 4.1889583 | G20: ='12'!G108 -> 64.178437 | H20: ='12'!H108 -> 31.542292 | I20: ='12'!I108 -> 6.0545833 | ... Q20: ='12'!Q108 -> 4.7515625
A21: ='13'!$B$2 -> 45335.01 | B21: ='13'!B108 -> 12.507292 | C21: ='13'!C108 -> 18.18875 | D21: ='13'!D108 -> 20.883958 | E21: ='13'!E108 -> 8.7502083 | F21: ='13'!F108 -> 4.2966667 | G21: ='13'!G108 -> 67.994271 | H21: ='13'!H108 -> 29.333646 | I21: ='13'!I108 -> 7.439375 | ... Q21: ='13'!Q108 -> 4.7982292
A22: ='14'!$B$2 -> 45336.01 | B22: ='14'!B108 -> 12.052292 | C22: ='14'!C108 -> 18.703125 | D22: ='14'!D108 -> 20.787292 | E22: ='14'!E108 -> 7.5417708 | F22: ='14'!F108 -> 3.8727083 | G22: ='14'!G108 -> 68.56875 | H22: ='14'!H108 -> 28.383021 | I22: ='14'!I108 -> 9.9277083 | ... Q22: ='14'!Q108 -> 4.7913542
A23: ='15'!$B$2 -> 45337.01 | B23: ='15'!B108 -> 17.584583 | C23: ='15'!C108 -> 21.322083 | D23: ='15'!D108 -> 26.592292 | E23: ='15'!E108 -> 9.91875 | F23: ='15'!F108 -> 4.2686458 | G23: ='15'!G108 -> 83.346042 | H23: ='15'!H108 -> 32.466667 | I23: ='15'!I108 -> 9.7339583 | ... Q23: ='15'!Q108 -> 4.8089583
A24: ='16'!$B$2 -> 45338.01 | B24: ='16'!B108 -> 11.143021 | C24: ='16'!C108 -> 19.609375 | D24: ='16'!D108 -> 20.5325 | E24: ='16'!E108 -> 11.486667 | F24: ='16'!F108 -> 4.9597917 | G24: ='16'!G108 -> 94.204271 | H24: ='16'!H108 -> 37.316667 | I24: ='16'!I108 -> 7.2655208 | ... Q24: ='16'!Q108 -> 4.7838542
A25: ='17'!$B$2 -> 45339.01 | B25: ='17'!B108 -> 12.787083 | C25: ='17'!C108 -> 20.450208 | D25: ='17'!D108 -> 22.290312 | E25: ='17'!E108 -> 9.483125 | F25: ='17'!F108 -> 4.1795833 | G25: ='17'!G108 -> 88.111146 | H25: ='17'!H108 -> 38.700417 | I25: ='17'!I108 -> 8.4422917 | ... Q25: ='17'!Q108 -> 4.76875
A26: ='18'!$B$2 -> 45340.01 | B26: ='18'!B108 -> 12.304479 | C26: ='18'!C108 -> 17.552187 | D26: ='18'!D108 -> 20.388854 | E26: ='18'!E108 -> 9.3401042 | F26: ='18'!F108 -> 4.8782292 | G26: ='18'!G108 -> 76.625208 | H26: ='18'!H108 -> 33.324479 | I26: ='18'!I108 -> 10.603646 | ... Q26: ='18'!Q108 -> 4.7586458
A27: ='19'!$B$2 -> 45341.01 | B27: ='19'!B108 -> 9.0892708 | C27: ='19'!C108 -> 20.066562 | D27: ='19'!D108 -> 19.123646 | E27: ='19'!E108 -> 8.2497917 | F27: ='19'!F108 -> 4.3010417 | G27: ='19'!G108 -> 83.744479 | H27: ='19'!H108 -> 31.764167 | I27: ='19'!I108 -> 10.061042 | ... Q27: ='19'!Q108 -> 4.7346875
A28: ='20'!$B$2 -> 45342.01 | B28: ='20'!B108 -> 9.5495833 | C28: ='20'!C108 -> 17.373333 | D28: ='20'!D108 -> 18.086458 | E28: ='20'!E108 -> 9 | F28: ='20'!F108 -> 4.70375 | G28: ='20'!G108 -> 54.59625 | H28: ='20'!H108 -> 21.070521 | I28: ='20'!I108 -> 7.3389583 | ... Q28: ='20'!Q108 -> 4.7285417
A29: ='21'!$B$2 -> 45343.01 | B29: ='21'!B108 -> 5.6697917 | C29: ='21'!C108 -> 15.778854 | D29: ='21'!D108 -> 14.141562 | E29: ='21'!E108 -> 9.6897917 | F29: ='21'!F108 -> 4.6679167 | G29: ='21'!G108 -> 45.633958 | H29: ='21'!H108 -> 17.896042 | I29: ='21'!I108 -> 6.1261458 | ... Q29: ='21'!Q108 -> 4.7015625
A30: ='22'!$B$2 -> 45344.01 | B30: ='22'!B108 -> 8.4982292 | C30: ='22'!C108 -> 17.271146 | D30: ='22'!D108 -> 17.189583 | E30: ='22'!E108 -> 7.4433333 | F30: ='22'!F108 -> 4.10625 | G30: ='22'!G108 -> 49.883229 | H30: ='22'!H108 -> 18.946354 | I30: ='22'!I108 -> 5.5294792 | ... Q30: ='22'!Q108 -> 4.7096875
A31: ='23'!$B$2 -> 45345.01 | B31: ='23'!B108 -> 12.035625 | C31: ='23'!C108 -> 20.080208 | D31: ='23'!D108 -> 21.494688 | E31: ='23'!E108 -> 9.84125 | F31: ='23'!F108 -> 4.19 | G31: ='23'!G108 -> 77.289479 | H31: ='23'!H108 -> 24.541875 | I31: ='23'!I108 -> 5.215 | ... Q31: ='23'!Q108 -> 4.7495833
A32: ='24'!$B$2 -> 45346.01 | B32: ='24'!B108 -> 11.051848 | C32: ='24'!C108 -> 21.188152 | D32: ='24'!D108 -> 21.280109 | E32: ='24'!E108 -> 8.5694444 | F32: ='24'!F108 -> 5.827957 | G32: ='24'!G108 -> 84.767303 | H32: ='24'!H108 -> 26.982921 | I32: ='24'!I108 -> 15.069375 | ... Q32: ='24'!Q108 -> 4.7308333
A33: ='25'!$B$2 -> 45347.01 | B33: ='25'!B108 -> 7.9403125 | C33: ='25'!C108 -> 19.53625 | D33: ='25'!D108 -> 17.926146 | E33: ='25'!E108 -> 9.8016667 | F33: ='25'!F108 -> 5.6563542 | G33: ='25'!G108 -> 74.428646 | H33: ='25'!H108 -> 28.717083 | I33: ='25'!I108 -> 9.2264583 | ... Q33: ='25'!Q108 -> 4.7192708
A34: ='26'!$B$2 -> 45348.01 | B34: ='26'!B108 -> 6.94625 | C34: ='26'!C108 -> 19.52 | D34: ='26'!D108 -> 17.120208 | E34: ='26'!E108 -> 8.296875 | F34: ='26'!F108 -> 5.5808333 | G34: ='26'!G108 -> 65.898333 | H34: ='26'!H108 -> 29.328333 | I34: ='26'!I108 -> 6.7244792 | ... Q34: ='26'!Q108 -> 4.6946875
A35: ='27'!$B$2 -> 45349.01 | B35: ='27'!B108 -> 7.1429167 | C35: ='27'!C108 -> 16.817604 | D35: ='27'!D108 -> 15.865208 | E35: ='27'!E108 -> 8.6080208 | F35: ='27'!F108 -> 7.0621875 | G35: ='27'!G108 -> 68.139167 | H35: ='27'!H108 -> 29.640833 | I35: ='27'!I108 -> 6.1532292 | ... Q35: ='27'!Q108 -> 4.6870833
A36: ='28'!$B$2 -> 45350.01 | B36: ='28'!B108 -> 11.716979 | C36: ='28'!C108 -> 19.440833 | D36: ='28'!D108 -> 20.904271 | E36: ='28'!E108 -> 9.1710417 | F36: ='28'!F108 -> 5.7247917 | G36: ='28'!G108 -> 67.087604 | H36: ='28'!H108 -> 25.069271 | I36: ='28'!I108 -> 6.183125 | ... Q36: ='28'!Q108 -> 4.7403125
A37: ='29'!$B$2 -> 45351.01 | B37: ='29'!B108 -> 25.8225 | C37: ='29'!C108 -> 22.4725 | D37: ='29'!D108 -> 33.800313 | E37: ='29'!E108 -> 9.2740625 | F37: ='29'!F108 -> 5.2701042 | G37: ='29'!G108 -> 85.506354 | H37: ='29'!H108 -> 31.139271 | I37: ='29'!I108 -> 8.5767708 | ... Q37: ='29'!Q108 -> 4.8133333
A39: Min | B39: =MIN(B9:B37) -> 5.6697917 | C39: =MIN(C9:C37) -> 15.778854 | D39: =MIN(D9:D37) -> 14.141562 | E39: =MIN(E9:E37) -> 6.3083333 | F39: =MIN(F9:F37) -> 3.735 | G39: =MIN(G9:G37) -> 45.633958 | H39: =MIN(H9:H37) -> 17.896042 | I39: =MIN(I9:I37) -> 0 | ... Q39: =MIN(Q9:Q37) -> 4.6870833
A40: Max | B40: =MAX(B9:B37) -> 25.8225 | C40: =MAX(C9:C37) -> 27.726146 | D40: =MAX(D9:D37) -> 33.800313 | E40: =MAX(E9:E37) -> 11.486667 | F40: =MAX(F9:F37) -> 7.0621875 | G40: =MAX(G9:G37) -> 94.204271 | H40: =MAX(H9:H37) -> 38.995208 | I40: =MAX(I9:I37) -> 15.069375 | ... Q40: =MAX(Q9:Q37) -> 4.9394792
A41: Avg | B41: =AVERAGE(B9:B37) -> 12.157479 | C41: =AVERAGE(C9:C37) -> 20.49002 | D41: =AVERAGE(D9:D37) -> 21.805801 | E41: =AVERAGE(E9:E37) -> 8.5543134 | F41: =AVERAGE(F9:F37) -> 4.6918576 | G41: =AVERAGE(G9:G37) -> 73.233613 | H41: =AVERAGE(H9:H37) -> 29.205513 | I41: =AVERAGE(I9:I37) -> 6.1837572 | ... Q41: =AVERAGE(Q9:Q37) -> 4.7802119
A42: Stdev | B42: =STDEV(B9:B37) -> 4.8156755 | C42: =STDEV(C9:C37) -> 2.7048944 | D42: =STDEV(D9:D37) -> 4.8401228 | E42: =STDEV(E9:E37) -> 1.1905078 | F42: =STDEV(F9:F37) -> 0.78053569 | G42: =STDEV(G9:G37) -> 13.125678 | H42: =STDEV(H9:H37) -> 5.8857308 | I42: =STDEV(I9:I37) -> 3.8594955 | ... Q42: =STDEV(Q9:Q37) -> 0.062545274
A43: Num | B43: =COUNT(B9:B37) -> 29 | C43: =COUNT(C9:C37) -> 29 | D43: =COUNT(D9:D37) -> 29 | E43: =COUNT(E9:E37) -> 29 | F43: =COUNT(F9:F37) -> 29 | G43: =COUNT(G9:G37) -> 29 | H43: =COUNT(H9:H37) -> 29 | I43: =COUNT(I9:I37) -> 29 | ... Q43: =COUNT(Q9:Q37) -> 29
A44: DCR | B44: =IF(B43>=28,">90%",IF(B43<=28,"<90%")) -> >90% | C44: =IF(C43>=28,">90%",IF(C43<=28,"<90%")) -> >90% | D44: =IF(D43>=28,">90%",IF(D43<=28,"<90%")) -> >90% | E44: =IF(E43>=28,">90%",IF(E43<=28,"<90%")) -> >90% | F44: =IF(F43>=28,">90%",IF(F43<=28,"<90%")) -> >90% | G44: =IF(G43>=28,">90%",IF(G43<=28,"<90%")) -> >90% | H44: =IF(H43>=28,">90%",IF(H43<=28,"<90%")) -> >90% | I44: =IF(I43>=28,">90%",IF(I43<=28,"<90%")) -> >90% | ... Q44: =IF(Q43>=28,">90%",IF(Q43<=28,"<90%")) -> >90%
A45: Status | B45: =IF(B43>=28,"OK",IF(B43<=28,"LESS")) -> OK | C45: =IF(C43>=28,"OK",IF(C43<=28,"LESS")) -> OK | D45: =IF(D43>=28,"OK",IF(D43<=28,"LESS")) -> OK | E45: =IF(E43>=28,"OK",IF(E43<=28,"LESS")) -> OK | F45: =IF(F43>=28,"OK",IF(F43<=28,"LESS")) -> OK | G45: =IF(G43>=28,"OK",IF(G43<=28,"LESS")) -> OK | H45: =IF(H43>=28,"OK",IF(H43<=28,"LESS")) -> OK | I45: =IF(I43>=28,"OK",IF(I43<=28,"LESS")) -> OK | ... Q45: =IF(Q43>=28,"OK",IF(Q43<=28,"LESS")) -> OK
A48: Done by | B48: AKASH
A50: Comment

Sheet CALIBRATION REPORT
C1: Report: | D1: Calibration Report Of IGKV, RAIPUR
C2: Date: | D2: 01/02/2024 00:15 - 29/02/2024 00:00
G5: SO2 | S5: PM 10
B7: Date | C7: Parameter | D7: Units | E7: ZRef. | F7: SRef. | G7: ZMes. | H7: SMes. | I7: Zero | J7: Factor | K7: SDiff% | L7: Status | M7: DONE BY | O7: Date | P7: Parameter | Q7: Blanks Count | R7: Calibration | S7: Referance Gauge | T7: Measure | U7: Old K | V7: New K | W7: Status | X7: DONE BY
B8: 45330.656 | C8: SO2 | D8: ug/m3 | E8: 0 | F8: 200 | G8: 0 | H8: 200.8 | I8: 0 | J8: =F8/H8 -> 0.99601594 | K8: =(H8-F8)*100/F8 -> 0.4 | L8: Valid | M8: AKASH | O8: 45330.601 | P8: PM 10 | Q8: 4909.96 | R8: 3793.13 | S8: 864 ug/cm2 | T8: 869.1 | U8: 0.9873 | V8: 0.9815 | W8: Valid | X8: AKASH
B9: 45346.636 | C9: SO2 | D9: ug/m3 | E9: 0 | F9: 200 | G9: 0 | H9: 201.3 | I9: 0 | J9: =F9/H9 -> 0.99354198 | K9: =(H9-F9)*100/F9 -> 0.65 | L9: Valid | M9: AKASH | O9: 45346.606 | P9: PM 10 | Q9: 4944.14 | R9: 3798.86 | S9: 864 ug/cm2 | T9: 882.82 | U9: 0.9815 | V9: 0.9606 | W9: Valid | X9: AKASH
C10: SO2 | D10: ug/m3 | E10: 0 | F10: 200 | G10: 0 | I10: 0 | J10: =F10/H10 -> #DIV/0! | K10: =(H10-F10)*100/F10 -> -100 | L10: Valid | M10: AKASH | P10: PM 10 | S10: 864 ug/cm2 | W10: Valid | X10: AKASH
C11: SO2 | D11: ug/m3 | E11: 0 | F11: 200 | G11: 0 | I11: 0 | J11: =F11/H11 -> #DIV/0! | K11: =(H11-F11)*100/F11 -> -100 | L11: Valid | M11: AKASH | P11: PM 10 | S11: 864 ug/cm2 | W11: Valid | X11: AKASH
C12: SO2 | D12: ug/m3 | E12: 0 | F12: 200 | G12: 0 | I12: 0 | J12: =F12/H12 -> #DIV/0! | K12: =(H12-F12)*100/F12 -> -100 | L12: Valid | M12: AKASH | P12: PM 10 | S12: 864 ug/cm2 | W12: Valid | X12: AKASH
C13: SO2 | D13: ug/m3 | E13: 0 | F13: 200 | G13: 0 | I13: 0 | J13: =F13/H13 -> #DIV/0! | K13: =(H13-F13)*100/F13 -> -100 | L13: Valid | M13: AKASH | P13: PM 10 | S13: 864 ug/cm2 | W13: Valid | X13: AKASH
C14: SO2 | D14: ug/m3 | E14: 0 | F14: 200 | G14: 0 | I14: 0 | J14: =F14/H14 -> #DIV/0! | K14: =(H14-F14)*100/F14 -> -100 | L14: Valid | M14: AKASH | P14: PM 10 | S14: 864 ug/cm2 | W14: Valid | X14: AKASH
P15: PM 10 | S15: 864 ug/cm2 | W15: Valid
P16: PM 10 | S16: 864 ug/cm2 | W16: Valid
P17: PM 10 | S17: 864 ug/cm2
C21: NO OF VALID CALIBRATION OF SO2 ARE | I21: =COUNT(B8:B20) -> 2 | P21: NO OF VALID CALIBRATION OF PM 10 ARE | T21: =COUNT(O8:O20) -> 2
G24: NOX | S24: PM 2.5
B26: Date | C26: Parameter | D26: Units | E26: ZRef. | F26: SRef. | G26: ZMes. | H26: SMes. | I26: Zero | J26: Factor | K26: SDiff% | L26: Status | M26: DONE BY | O26: Date | P26: Parameter | Q26: Blanks Count | R26: Calibration | S26: Referance Gauge | T26: Measure | U26: Old K | V26: New K | W26: Status | X26: DONE BY
B27: 45330.597 | C27: Nox | D27: ug/m3 | E27: 0 | F27: 200 | G27: 0 | H27: 204 | I27: 0 | J27: =F27/H27 -> 0.98039216 | K27: =(H27-F27)*100/F27 -> 2 | L27: Valid | M27: AKASH | O27: 45330.601 | P27: PM 2.5 | Q27: 4900.21 | R27: 3814.29 | S27: 789 ug/cm2 | T27: 789.11 | U27: 0.9237 | V27: 0.9236 | W27: Valid | X27: AKASH
B28: 45346.621 | C28: Nox | D28: ug/m3 | E28: 0 | F28: 200 | G28: 0 | H28: 206.9 | I28: 0 | J28: =F28/H28 -> 0.96665056 | K28: =(H28-F28)*100/F28 -> 3.45 | L28: Valid | M28: AKASH | O28: 45346.606 | P28: PM 2.5 | Q28: 5045.69 | R28: 3914.58 | S28: 789 ug/cm2 | T28: 800.21 | U28: 0.9236 | V28: 0.9106 | W28: Valid | X28: AKASH
