Workbook

Sheet 01
A1: Station: | B1: IGKV ,RAIPUR
A2: Date: | B2: =$A$9 -> 45323.042 | D2: Power Off | G2: Pw.Off | L2: Link Fail | N2: Link F | P2: Maintenance | R2: Maint.
A3: Report Type: | B3: Mean | D3: Calibration | G3: Calib. | L3: Data Fail | N3: Data F | P3: Invalid | R3: Invalid
A4: Time Base: | B4: 01 Hour | D4: Zero Referrence | G4: Z.Ref | L4: Warm Up | N4: Wm. Up
A7: Date & Time | B7: NO | C7: NO2 | D7: NOX | E7: SO2 | F7: O3 | G7: PM 10 | H7: PM 2.5 | I7: BENZ | J7: WS | K7: WD | L7: TEMP | M7: HUM | N7: SR | O7: RG | P7: CO | Q7: NH3
B8: ug/m3 | C8: ug/m3 | D8: ppb | E8: ug/m3 | F8: ug/m3 | G8: ug/m3 | H8: ug/m3 | I8: ug/m3 | J8: m/sec | K8: deg | L8: degreC | M8: % | N8: w/m2 | O8: mm | P8: mg/m3 | Q8: ug/m3
A9: 45323.042 | B9: 7.68 | C9: 20.33 | D9: 18.13 | E9: 6.04 | F9: 3.86 | G9: 94.82 | H9: 39.64 | I9: 9.45 | J9: 0.23 | K9: 212.69 | L9: 19.97 | M9: 83.03 | N9: 0 | O9: 0 | P9: 0.83 | Q9: 4.8
A10: 45323.083 | B10: 7.69 | C10: 20.57 | D10: 18.21 | E10: 6.58 | F10: 3.74 | G10: 83.46 | H10: 37.03 | I10: 9.06 | J10: 0.12 | K10: 186.63 | L10: 19.6 | M10: 81.17 | N10: 0 | O10: 0 | P10: 0.82 | Q10: 4.78
A11: 45323.125 | B11: 7.78 | C11: 19.49 | D11: 17.69 | E11: 5.26 | F11: 3.62 | G11: 76.01 | H11: 35.79 | I11: 8.72 | J11: 0.14 | K11: 226.45 | L11: 19.24 | M11: 81.72 | N11: 0 | O11: 0 | P11: 0.78 | Q11: 4.79
A12: 45323.167 | B12: 10.72 | C12: 20.43 | D12: 20.62 | E12: 5.33 | F12: 3.82 | G12: 71.74 | H12: 35.42 | I12: 8.36 | J12: 0.51 | K12: 344.33 | L12: 19.19 | M12: 81.46 | N12: 0 | O12: 0 | P12: 0.74 | Q12: 4.82
A13: 45323.208 | B13: 12.5 | C13: 22.28 | D13: 23.02 | E13: 5.25 | F13: 3.47 | G13: 69.94 | H13: 35.73 | I13: 8.04 | J13: 0.65 | K13: 48.5 | L13: 19.07 | M13: 82.14 | N13: 0 | O13: 0 | P13: 0.75 | Q13: 4.87
A14: 45323.25 | B14: 18.04 | C14: 25.02 | D14: 28.89 | E14: 5.46 | F14: 3.44 | G14: 78.71 | H14: 39.12 | I14: 8.41 | J14: 0.33 | K14: 187.22 | L14: 18.46 | M14: 87.18 | N14: 0 | O14: 0 | P14: 0.82 | Q14: 4.92
A15: 45323.292 | B15: 20.78 | C15: 26.01 | D15: 31.6 | E15: 5.55 | F15: 3.32 | G15: 93.29 | H15: 39.74 | I15: 8.81 | J15: 0.23 | K15: 192.27 | L15: 18.06 | M15: 90.8 | N15: 6.1 | O15: 0 | P15: 0.88 | Q15: 4.93
A16: 45323.333 | B16: 22.03 | C16: 26.5 | D16: 32.86 | E16: 5.98 | F16: 3.3 | G16: 93.46 | H16: 44.01 | I16: 9.14 | J16: 0.39 | K16: 183.59 | L16: 19.46 | M16: 90.98 | N16: 69.5 | O16: 0 | P16: 0.93 | Q16: 4.94
A17: 45323.375 | B17: 22.14 | C17: 27.04 | D17: 32.89 | E17: 6.11 | F17: 3.34 | G17: 98.58 | H17: 44.62 | I17: 9.7 | J17: 0.34 | K17: 152.27 | L17: 22.85 | M17: 78.75 | N17: 187.1 | O17: 0 | P17: 0.94 | Q17: 4.92
A18: 45323.417 | B18: 18.52 | C18: 27.76 | D18: 30.42 | E18: 6.18 | F18: 3.8 | G18: 96.82 | H18: 44.35 | I18: 9.73 | J18: 0.39 | K18: 359.76 | L18: 25.35 | M18: 64.17 | N18: 270.2 | O18: 0 | P18: 0.94 | Q18: 4.88
A19: 45323.458 | B19: 15.94 | C19: 21.35 | D19: 25.29 | E19: 7.28 | F19: 3.91 | G19: 93.59 | H19: 41.47 | I19: 9.75 | J19: 1.1 | K19: 319.89 | L19: 26.37 | M19: 52.52 | N19: 377.1 | O19: 0 | P19: 0.96 | Q19: 4.82
A20: 45323.5 | B20: 13.3 | C20: 21.41 | D20: 23.21 | E20: 7.53 | F20: 4.03 | G20: 93.13 | H20: 40.57 | I20: 10.91 | J20: 0.93 | K20: 299 | L20: 27.25 | M20: 49.47 | N20: 436.7 | O20: 0 | P20: 0.98 | Q20: 4.83
... A32: 45324 | B32: 19.07 | C32: 22.42 | D32: 28.16 | E32: 6.79 | F32: 3.48 | G32: 100.59 | H32: 34.43 | I32: 9.98 | J32: 0.19 | K32: 229.5 | L32: 20.01 | M32: 85.4 | N32: 0 | O32: 0 | P32: 1.02 | Q32: 4.92
A34: Min | B34: =MIN(B9:B32) -> 4.79 | C34: =MIN(C9:C32) -> 19.26 | D34: =MIN(D9:D32) -> 15.24 | E34: =MIN(E9:E32) -> 5.25 | F34: =MIN(F9:F32) -> 3.3 | G34: =MIN(G9:G32) -> 63.82 | H34: =MIN(H9:H32) -> 29.5 | I34: =MIN(I9:I32) -> 8.04 | ... Q34: =MIN(Q9:Q32) -> 4.76
A35: Max | B35: =MAX(B9:B32) -> 22.14 | C35: =MAX(C9:C32) -> 28.94 | D35: =MAX(D9:D32) -> 32.89 | E35: =MAX(E9:E32) -> 7.76 | F35: =MAX(F9:F32) -> 6.99 | G35: =MAX(G9:G32) -> 103.42 | H35: =MAX(H9:H32) -> 44.62 | I35: =MAX(I9:I32) -> 11.83 | ... Q35: =MAX(Q9:Q32) -> 4.94
A36: Avg | B36: =AVERAGE(B9:B32) -> 13.175833 | C36: =AVERAGE(C9:C32) -> 23.275 | D36: =AVERAGE(D9:D32) -> 23.98125 | E36: =AVERAGE(E9:E32) -> 6.6325 | F36: =AVERAGE(F9:F32) -> 4.1170833 | G36: =AVERAGE(G9:G32) -> 86.69625 | H36: =AVERAGE(H9:H32) -> 36.977917 | I36: =AVERAGE(I9:I32) -> 9.6995833 | ... Q36: =AVERAGE(Q9:Q32) -> 4.8416667
A37: Stdev | B37: =STDEV(B9:B32) -> 5.9714458 | C37: =STDEV(C9:C32) -> 3.0823086 | D37: =STDEV(D9:D32) -> 5.9154193 | E37: =STDEV(E9:E32) -> 0.83594388 | F37: =STDEV(F9:F32) -> 1.0302067 | G37: =STDEV(G9:G32) -> 12.391712 | H37: =STDEV(H9:H32) -> 4.5825861 | I37: =STDEV(I9:I32) -> 1.1056986 | ... Q37: =STDEV(Q9:Q32) -> 0.061337744
A38: Num | B38: =COUNT(B9:B32) -> 24 | C38: =COUNT(C9:C32) -> 24 | D38: =COUNT(D9:D32) -> 24 | E38: =COUNT(E9:E32) -> 24 | F38: =COUNT(F9:F32) -> 24 | G38: =COUNT(G9:G32) -> 24 | H38: =COUNT(H9:H32) -> 24 | I38: =COUNT(I9:I32) -> 24 | ... Q38: =COUNT(Q9:Q32) -> 24
A39: DCR | B39: =IF(B38>=22,">90%",IF(B38<=22,"<90%")) -> >90% | C39: =IF(C38>=22,">90%",IF(C38<=22,"<90%")) -> >90% | D39: =IF(D38>=22,">90%",IF(D38<=22,"<90%")) -> >90% | E39: =IF(E38>=22,">90%",IF(E38<=22,"<90%")) -> >90% | F39: =IF(F38>=22,">90%",IF(F38<=22,"<90%")) -> >90% | G39: =IF(G38>=22,">90%",IF(G38<=22,"<90%")) -> >90% | H39: =IF(H38>=22,">90%",IF(H38<=22,"<90%")) -> >90% | I39: =IF(I38>=22,">90%",IF(I38<=22,"<90%")) -> >90% | ... Q39: =IF(Q38>=22,">90%",IF(Q38<=22,"<90%")) -> >90%
A40: Status | B40: =IF(B38>=22,"OK",IF(B38<=22,"LESS")) -> OK | C40: =IF(C38>=22,"OK",IF(C38<=22,"LESS")) -> OK | D40: =IF(D38>=22,"OK",IF(D38<=22,"LESS")) -> OK | E40: =IF(E38>=22,"OK",IF(E38<=22,"LESS")) -> OK | F40: =IF(F38>=22,"OK",IF(F38<=22,"LESS")) -> OK | G40: =IF(G38>=22,"OK",IF(G38<=22,"LESS")) -> OK | H40: =IF(H38>=22,"OK",IF(H38<=22,"LESS")) -> OK | I40: =IF(I38>=22,"OK",IF(I38<=22,"LESS")) -> OK | ... Q40: =IF(Q38>=22,"OK",IF(Q38<=22,"LESS")) -> OK
A43: Done by | B43: AKASH
A45: Comment

Sheet 02
A1: Station: | B1: IGKV ,RAIPUR
A2: Date: | B2: =$A$9 -> 45324.042 | D2: Power Off | G2: Pw.Off | L2: Link Fail | N2: Link F | P2: Maintenance | R2: Maint.
A3: Report Type: | B3: Mean | D3: Calibration | G3: Calib. | L3: Data Fail | N3: Data F | P3: Invalid | R3: Invalid
A4: Time Base: | B4: 01 Hour | D4: Zero Referrence | G4: Z.Ref | L4: Warm Up | N4: Wm. Up
A7: Date & Time | B7: NO | C7: NO2 | D7: NOX | E7: SO2 | F7: O3 | G7: PM 10 | H7: PM 2.5 | I7: BENZ | J7: WS | K7: WD | L7: TEMP | M7: HUM | N7: SR | O7: RG | P7: CO | Q7: NH3
B8: ug/m3 | C8: ug/m3 | D8: ppb | E8: ug/m3 | F8: ug/m3 | G8: ug/m3 | H8: ug/m3 | I8: ug/m3 | J8: m/sec | K8: deg | L8: degreC | M8: % | N8: w/m2 | O8: mm | P8: mg/m3 | Q8: ug/m3
A9: 45324.042 | B9: 19.28 | C9: 22.62 | D9: 27.98 | E9: 7.2 | F9: 3.34 | G9: 96.05 | H9: 37.08 | I9: 10.32 | J9: 0.15 | K9: 189 | L9: 19.76 | M9: 85.41 | N9: 0 | O9: 0 | P9: 1.03 | Q9: 4.93
A10: 45324.083 | B10: 23.98 | C10: 25.63 | D10: 33.97 | E10: 7.37 | F10: 3.36 | G10: 87.17 | H10: 35.43 | I10: 10.35 | J10: 0.53 | K10: 142.65 | L10: 20.16 | M10: 81.51 | N10: 0 | O10: 0 | P10: 1.05 | Q10: 4.95
A11: 45324.125 | B11: 25.19 | C11: 27.36 | D11: 35.85 | E11: 7.73 | F11: 3.31 | G11: 98.1 | H11: 38.61 | I11: 10.35 | J11: 0.23 | K11: 249.61 | L11: 20.09 | M11: 85.52 | N11: 0 | O11: 0 | P11: 1.05 | Q11: 4.98
A12: 45324.167 | B12: 26.23 | C12: 27.85 | D12: 36.94 | E12: 8.29 | F12: 3.34 | G12: 100.27 | H12: 37.76 | I12: 0 | J12: 0.15 | K12: 310.32 | L12: 19.42 | M12: 86.83 | N12: 0 | O12: 0 | P12: 1.04 | Q12: 4.96
A13: 45324.208 | B13: 31.21 | C13: 28.95 | D13: 41.51 | E13: 8.22 | F13: 3.36 | G13: 105.8 | H13: 40.01 | I13: 0 | J13: 0.36 | K13: 77.42 | L13: 20.19 | M13: 82.05 | N13: 0 | O13: 0 | P13: 1.04 | Q13: 4.96
A14: 45324.25 | B14: 32.02 | C14: 29.27 | D14: 42.09 | E14: 8.64 | F14: 3.53 | G14: 113.46 | H14: 41.18 | I14: 0 | J14: 0.17 | K14: 211 | L14: 19.94 | M14: 86.9 | N14: 0 | O14: 0 | P14: 1.05 | Q14: 4.96
A15: 45324.292 | B15: 31.24 | C15: 23.42 | D15: 37.37 | E15: 8.01 | F15: 3.56 | G15: 109.57 | H15: 40.51 | I15: 0 | J15: 0.35 | K15: 262.94 | L15: 20.14 | M15: 85.84 | N15: 0 | O15: 0 | P15: 1.01 | Q15: 4.96
A16: 45324.333 | B16: 31.99 | C16: 23.96 | D16: 37.93 | E16: 8.36 | F16: 3.6 | G16: 105.78 | H16: 42.27 | I16: 0 | J16: 0.76 | K16: 342.39 | L16: 20.65 | M16: 80.39 | N16: 56.8 | O16: 0 | P16: 1.03 | Q16: 4.98
A17: 45324.375 | B17: 33.37 | C17: 23.75 | D17: 40.52 | E17: 9.01 | F17: 3.57 | G17: 118.54 | H17: 46.29 | I17: 0 | J17: 1.3 | K17: 52.2 | L17: 22.19 | M17: 79.67 | N17: 218.6 | O17: 0 | P17: 1.09 | Q17: 5.04
A18: 45324.417 | B18: 32.79 | C18: 23.24 | D18: 38.93 | E18: 8.55 | F18: 3.63 | G18: 127.73 | H18: 47.71 | I18: 0 | J18: 1.17 | K18: 63.5 | L18: 24.96 | M18: 67.47 | N18: 286 | O18: 0 | P18: 1.08 | Q18: 5.03
A19: 45324.458 | B19: 27.72 | C19: 28.03 | D19: 36.7 | E19: 7.49 | F19: 3.75 | G19: 123.74 | H19: 49.22 | I19: 0 | J19: 0.74 | K19: 84.78 | L19: 26.72 | M19: 58.42 | N19: 420.1 | O19: 0 | P19: 1.07 | Q19: 5.04
A20: 45324.5 | B20: 17.32 | C20: 28.9 | D20: 30.29 | E20: 7.35 | F20: 4.56 | G20: 117.77 | H20: 45.43 | I20: 0 | J20: 0.42 | K20: 346.55 | L20: 28.08 | M20: 50.96 | N20: 453.3 | O20: 0 | P20: 1.03 | Q20: 4.94
... A32: 45325 | B32: 13.71 | C32: 25.87 | D32: 25.86 | E32: 9.06 | F32: 3.35 | G32: 66.68 | H32: 32.17 | I32: 0 | J32: 0.19 | K32: 212.94 | L32: 20.99 | M32: 86.79 | N32: 0 | O32: 0 | P32: 0.95 | Q32: 4.82
A34: Min | B34: =MIN(B9:B32) -> 4.58 | C34: =MIN(C9:C32) -> 15.79 | D34: =MIN(D9:D32) -> 13.5 | E34: =MIN(E9:E32) -> 5.83 | F34: =MIN(F9:F32) -> 3.31 | G34: =MIN(G9:G32) -> 63.98 | H34: =MIN(H9:H32) -> 32.17 | I34: =MIN(I9:I32) -> 0 | ... Q34: =MIN(Q9:Q32) -> 4.71
A35: Max | B35: =MAX(B9:B32) -> 33.37 | C35: =MAX(C9:C32) -> 29.27 | D35: =MAX(D9:D32) -> 42.09 | E35: =MAX(E9:E32) -> 9.06 | F35: =MAX(F9:F32) -> 5.85 | G35: =MAX(G9:G32) -> 127.73 | H35: =MAX(H9:H32) -> 49.22 | I35: =MAX(I9:I32) -> 10.35 | ... Q35: =MAX(Q9:Q32) -> 5.04
A36: Avg | B36: =AVERAGE(B9:B32) -> 17.160417 | C36: =AVERAGE(C9:C32) -> 23.8375 | D36: =AVERAGE(D9:D32) -> 27.285 | E36: =AVERAGE(E9:E32) -> 7.855 | F36: =AVERAGE(F9:F32) -> 3.9133333 | G36: =AVERAGE(G9:G32) -> 95.270833 | H36: =AVERAGE(H9:H32) -> 39.27875 | I36: =AVERAGE(I9:I32) -> 1.2925 | ... Q36: =AVERAGE(Q9:Q32) -> 4.88625
A37: Stdev | B37: =STDEV(B9:B32) -> 11.526523 | C37: =STDEV(C9:C32) -> 4.4781821 | D37: =STDEV(D9:D32) -> 10.389288 | E37: =STDEV(E9:E32) -> 0.80573488 | F37: =STDEV(F9:F32) -> 0.73879848 | G37: =STDEV(G9:G32) -> 18.928074 | H37: =STDEV(H9:H32) -> 4.513993 | I37: =STDEV(I9:I32) -> 3.4931862 | ... Q37: =STDEV(Q9:Q32) -> 0.1014166
A38: Num | B38: =COUNT(B9:B32) -> 24 | C38: =COUNT(C9:C32) -> 24 | D38: =COUNT(D9:D32) -> 24 | E38: =COUNT(E9:E32) -> 24 | F38: =COUNT(F9:F32) -> 24 | G38: =COUNT(G9:G32) -> 24 | H38: =COUNT(H9:H32) -> 24 | I38: =COUNT(I9:I32) -> 24 | ... Q38: =COUNT(Q9:Q32) -> 24
A39: DCR | B39: =IF(B38>=22,">90%",IF(B38<=22,"<90%")) -> >90% | C39: =IF(C38>=22,">90%",IF(C38<=22,"<90%")) -> >90% | D39: =IF(D38>=22,">90%",IF(D38<=22,"<90%")) -> >90% | E39: =IF(E38>=22,">90%",IF(E38<=22,"<90%")) -> >90% | F39: =IF(F38>=22,">90%",IF(F38<=22,"<90%")) -> >90% | G39: =IF(G38>=22,">90%",IF(G38<=22,"<90%")) -> >90% | H39: =IF(H38>=22,">90%",IF(H38<=22,"<90%")) -> >90% | I39: =IF(I38>=22,">90%",IF(I38<=22,"<90%")) -> >90% | ... Q39: =IF(Q38>=22,">90%",IF(Q38<=22,"<90%")) -> >90%
A40: Status | B40: =IF(B38>=22,"OK",IF(B38<=22,"LESS")) -> OK | C40: =IF(C38>=22,"OK",IF(C38<=22,"LESS")) -> OK | D40: =IF(D38>=22,"OK",IF(D38<=22,"LESS")) -> OK | E40: =IF(E38>=22,"OK",IF(E38<=22,"LESS")) -> OK | F40: =IF(F38>=22,"OK",IF(F38<=22,"LESS")) -> OK | G40: =IF(G38>=22,"OK",IF(G38<=22,"LESS")) -> OK | H40: =IF(H38>=22,"OK",IF(H38<=22,"LESS")) -> OK | I40: =IF(I38>=22,"OK",IF(I38<=22,"LESS")) -> OK | ... Q40: =IF(Q38>=22,"OK",IF(Q38<=22,"LESS")) -> OK
A43: Done by | B43: AKASH
A45: Comment

Sheet 03
A1: Station: | B1: IGKV ,RAIPUR
A2: Date: | B2: =$A$9 -> 45325.042 | D2: Power Off | G2: Pw.Off | L2: Link Fail | N2: Link F | P2: Maintenance | R2: Maint.
A3: Report Type: | B3: Mean | D3: Calibration | G3: Calib. | L3: Data Fail | N3: Data F | P3: Invalid | R3: Invalid
A4: Time Base: | B4: 01 Hour | D4: Zero Referrence | G4: Z.Ref | L4: Warm Up | N4: Wm. Up
A7: Date & Time | B7: NO | C7: NO2 | D7: NOX | E7: SO2 | F7: O3 | G7: PM 10 | H7: PM 2.5 | I7: BENZ | J7: WS | K7: WD | L7: TEMP | M7: HUM | N7: SR | O7: RG | P7: CO | Q7: NH3
B8: ug/m3 | C8: ug/m3 | D8: ppb | E8: ug/m3 | F8: ug/m3 | G8: ug/m3 | H8: ug/m3 | I8: ug/m3 | J8: m/sec | K8: deg | L8: degreC | M8: % | N8: w/m2 | O8: mm | P8: mg/m3 | Q8: ug/m3
A9: 45325.042 | B9: 19.14 | C9: 28.37 | D9: 31.52 | E9: 9.21 | F9: 3.27 | G9: 70.65 | H9: 33.46 | I9: 0 | J9: 0.21 | K9: 226.36 | L9: 20.34 | M9: 87.56 | N9: 0 | O9: 0 | P9: 1.04 | Q9: 4.84
A10: 45325.083 | B10: 23.22 | C10: 27.51 | D10: 33.1 | E10: 9.04 | F10: 3.57 | G10: 85.11 | H10: 35.99 | I10: 0 | J10: 0.79 | K10: 64.44 | L10: 20.99 | M10: 72.69 | N10: 0 | O10: 0 | P10: 1.06 | Q10: 4.87
A11: 45325.125 | B11: 22.5 | C11: 24.87 | D11: 31.95 | E11: 6.76 | F11: 3.33 | G11: 83.24 | H11: 35.43 | I11: 0 | J11: 0.65 | K11: 62.91 | L11: 20.22 | M11: 63.2 | N11: 0 | O11: 0 | P11: 1.02 | Q11: 4.89
A12: 45325.167 | B12: 21.59 | C12: 24.62 | D12: 31.53 | E12: 6.44 | F12: 3.52 | G12: 75.43 | H12: 31.56 | I12: 0 | J12: 0.41 | K12: 172.05 | L12: 19.28 | M12: 78.39 | N12: 0 | O12: 0 | P12: 0.97 | Q12: 4.91
A13: 45325.208 | B13: 20.26 | C13: 23.44 | D13: 29.85 | E13: 6.36 | F13: 3.41 | G13: 63.77 | H13: 29.68 | I13: 0 | J13: 0.4 | K13: 173.95 | L13: 17.14 | M13: 81.12 | N13: 0 | O13: 0 | P13: 0.86 | Q13: 4.94
A14: 45325.25 | B14: 27.73 | C14: 25.15 | D14: 36.73 | E14: 6.59 | F14: 3.32 | G14: 59.36 | H14: 27.5 | I14: 0 | J14: 0.44 | K14: 186.86 | L14: 17.48 | M14: 85.01 | N14: 0 | O14: 0 | P14: 0.81 | Q14: 5.03
A15: 45325.292 | B15: 29.43 | C15: 25.94 | D15: 38.5 | E15: 6.88 | F15: 3.33 | G15: 62.32 | H15: 26.94 | I15: 0 | J15: 0.57 | K15: 184.49 | L15: 16.7 | M15: 87.71 | N15: 5 | O15: 0 | P15: 0.76 | Q15: 5.05
A16: 45325.333 | B16: 34.53 | C16: 29.35 | D16: 44.37 | E16: 6.53 | F16: 3.36 | G16: 66.73 | H16: 27.33 | I16: 0 | J16: 0.69 | K16: 56.46 | L16: 18.47 | M16: 75.94 | N16: 53.9 | O16: 0 | P16: 0.82 | Q16: 5.06
A17: 45325.375 | B17: 34.99 | C17: 30.16 | D17: 45 | E17: 6.98 | F17: 3.39 | G17: 88.86 | H17: 32.17 | I17: 0 | J17: 1.08 | K17: 67.24 | L17: 21.76 | M17: 67.27 | N17: 286.4 | O17: 0 | P17: 0.84 | Q17: 5.08
A18: 45325.417 | B18: 30.81 | C18: 30.95 | D18: 41.98 | E18: 7.08 | F18: 3.58 | G18: 87.29 | H18: 30.79 | I18: 0 | J18: 0.85 | K18: 81.18 | L18: 24.92 | M18: 45.52 | N18: 361.4 | O18: 0 | P18: 0.83 | Q18: 5.04
A19: 45325.458 | B19: 23.53 | C19: 30.86 | D19: 36.34 | E19: 8.57 | F19: 3.86 | G19: 86.69 | H19: 31.45 | I19: 0 | J19: 0.97 | K19: 79.43 | L19: 26.76 | M19: 32.67 | N19: 563.7 | O19: 0 | P19: 0.78 | Q19: 4.95
A20: 45325.5 | B20: 17.14 | C20: 27.63 | D20: 29.53 | E20: 7.81 | F20: 4.32 | G20: 80.95 | H20: 28.2 | I20: 0 | J20: 1.05 | K20: 85.9 | L20: 27.84 | M20: 27.13 | N20: 612.7 | O20: 0 | P20: 0.74 | Q20: 4.89
... A32: 45326 | B32: 25.11 | C32: 24.77 | D32: 34.12 | E32: 7.18 | F32: 3.49 | G32: 112.68 | H32: 37.28 | I32: 0 | J32: 0.25 | K32: 226.81 | L32: 17.55 | M32: 79.83 | N32: 0 | O32: 0 | P32: 0.96 | Q32: 4.96
A34: Min | B34: =MIN(B9:B32) -> 6.55 | C34: =MIN(C9:C32) -> 20.21 | D34: =MIN(D9:D32) -> 17.85 | E34: =MIN(E9:E32) -> 6.36 | F34: =MIN(F9:F32) -> 3.24 | G34: =MIN(G9:G32) -> 57.28 | H34: =MIN(H9:H32) -> 21.12 | I34: =MIN(I9:I32) -> 0 | ... Q34: =MIN(Q9:Q32) -> 4.83
A35: Max | B35: =MAX(B9:B32) -> 34.99 | C35: =MAX(C9:C32) -> 30.95 | D35: =MAX(D9:D32) -> 45 | E35: =MAX(E9:E32) -> 9.21 | F35: =MAX(F9:F32) -> 6.15 | G35: =MAX(G9:G32) -> 112.68 | H35: =MAX(H9:H32) -> 37.28 | I35: =MAX(I9:I32) -> 0 | ... Q35: =MAX(Q9:Q32) -> 5.08
A36: Avg | B36: =AVERAGE(B9:B32) -> 19.6775 | C36: =AVERAGE(C9:C32) -> 25.900417 | D36: =AVERAGE(D9:D32) -> 30.532917 | E36: =AVERAGE(E9:E32) -> 7.4079167 | F36: =AVERAGE(F9:F32) -> 3.94125 | G36: =AVERAGE(G9:G32) -> 77.512083 | H36: =AVERAGE(H9:H32) -> 29.682917 | I36: =AVERAGE(I9:I32) -> 0 | ... Q36: =AVERAGE(Q9:Q32) -> 4.9320833
A37: Stdev | B37: =STDEV(B9:B32) -> 8.2595243 | C37: =STDEV(C9:C32) -> 3.0307518 | D37: =STDEV(D9:D32) -> 7.7210821 | E37: =STDEV(E9:E32) -> 0.89437848 | F37: =STDEV(F9:F32) -> 0.86803783 | G37: =STDEV(G9:G32) -> 16.339211 | H37: =STDEV(H9:H32) -> 4.7538456 | I37: =STDEV(I9:I32) -> 0 | ... Q37: =STDEV(Q9:Q32) -> 0.074248652
A38: Num | B38: =COUNT(B9:B32) -> 24 | C38: =COUNT(C9:C32) -> 24 | D38: =COUNT(D9:D32) -> 24 | E38: =COUNT(E9:E32) -> 24 | F38: =COUNT(F9:F32) -> 24 | G38: =COUNT(G9:G32) -> 24 | H38: =COUNT(H9:H32) -> 24 | I38: =COUNT(I9:I32) -> 24 | ... Q38: =COUNT(Q9:Q32) -> 24
A39: DCR | B39: =IF(B38>=22,">90%",IF(B38<=22,"<90%")) -> >90% | C39: =IF(C38>=22,">90%",IF(C38<=22,"<90%")) -> >90% | D39: =IF(D38>=22,">90%",IF(D38<=22,"<90%")) -> >90% | E39: =IF(E38>=22,">90%",IF(E38<=22,"<90%")) -> >90% | F39: =IF(F38>=22,">90%",IF(F38<=22,"<90%")) -> >90% | G39: =IF(G38>=22,">90%",IF(G38<=22,"<90%")) -> >90% | H39: =IF(H38>=22,">90%",IF(H38<=22,"<90%")) -> >90% | I39: =IF(I38>=22,">90%",IF(I38<=22,"<90%")) -> >90% | ... Q39: =IF(Q38>=22,">90%",IF(Q38<=22,"<90%")) -> >90%
A40: Status | B40: =IF(B38>=22,"OK",IF(B38<=22,"LESS")) -> OK | C40: =IF(C38>=22,"OK",IF(C38<=22,"LESS")) -> OK | D40: =IF(D38>=22,"OK",IF(D38<=22,"LESS")) -> OK | E40: =IF(E38>=22,"OK",IF(E38<=22,"LESS")) -> OK | F40: =IF(F38>=22,"OK",IF(F38<=22,"LESS")) -> OK | G40: =IF(G38>=22,"OK",IF(G38<=22,"LESS")) -> OK | H40: =IF(H38>=22,"OK",IF(H38<=22,"LESS")) -> OK | I40: =IF(I38>=22,"OK",IF(I38<=22,"LESS")) -> OK | ... Q40: =IF(Q38>=22,"OK",IF(Q38<=22,"LESS")) -> OK
A43: Done by | B43: AKASH
A45: Comment

Sheet 04
A1: Station: | B1: IGKV ,RAIPUR
A2: Date: | B2: =$A$9 -> 45326.042 | D2: Power Off | G2: Pw.Off | L2: Link Fail | N2: Link F | P2: Maintenance | R2: Maint.
A3: Report Type: | B3: Mean | D3: Calibration | G3: Calib. | L3: Data Fail | N3: Data F | P3: Invalid | R3: Invalid
A4: Time Base: | B4: 01 Hour | D4: Zero Referrence | G4: Z.Ref | L4: Warm Up | N4: Wm. Up
A7: Date & Time | B7: NO | C7: NO2 | D7: NOX | E7: SO2 | F7: O3 | G7: PM 10 | H7: PM 2.5 | I7: BENZ | J7: WS | K7: WD | L7: TEMP | M7: HUM | N7: SR | O7: RG | P7: CO | Q7: NH3
B8: ug/m3 | C8: ug/m3 | D8: ppb | E8: ug/m3 | F8: ug/m3 | G8: ug/m3 | H8: ug/m3 | I8: ug/m3 | J8: m/sec | K8: deg | L8: degreC | M8: % | N8: w/m2 | O8: mm | P8: mg/m3 | Q8: ug/m3
A9: 45326.042 | B9: 27.07 | C9: 25.08 | D9: 36.16 | E9: 7.31 | F9: 3.34 | G9: 112.88 | H9: 36.84 | I9: 0 | J9: 0.17 | K9: 193.48 | L9: 17.14 | M9: 81.55 | N9: 0 | O9: 0 | P9: 0.97 | Q9: 4.97
A10: 45326.083 | B10: 36.87 | C10: 27.44 | D10: 45.26 | E10: 7.47 | F10: 3.32 | G10: 109.56 | H10: 35.85 | I10: 0 | J10: 0.22 | K10: 191.84 | L10: 16.92 | M10: 84.13 | N10: 0 | O10: 0 | P10: 0.99 | Q10: 5.1
A11: 45326.125 | B11: 40.4 | C11: 27.63 | D11: 48.19 | E11: 7.92 | F11: 3.42 | G11: 104.07 | H11: 36.1 | I11: 0 | J11: 0.18 | K11: 197.37 | L11: 16.08 | M11: 82.44 | N11: 0 | O11: 0 | P11: 1 | Q11: 5.11
A12: 45326.167 | B12: 56.21 | C12: 29 | D12: 61.52 | E12: 8.43 | F12: 3.42 | G12: 101.79 | H12: 35.63 | I12: 0 | J12: 0.2 | K12: 207.91 | L12: 16.21 | M12: 88.18 | N12: 0 | O12: 0 | P12: 1.03 | Q12: 5.22
A13: 45326.208 | B13: 57.04 | C13: 28.66 | D13: 62.06 | E13: 8.17 | F13: 3.33 | G13: 101.5 | H13: 38.63 | I13: 0 | J13: 0.22 | K13: 255.29 | L13: 15.39 | M13: 87.35 | N13: 0 | O13: 0 | P13: 1.05 | Q13: 5.26
A14: 45326.25 | B14: 55.5 | C14: 28.54 | D14: 60.76 | E14: 8.31 | F14: 3.26 | G14: 98.73 | H14: 37.03 | I14: 0 | J14: 0.18 | K14: 255.72 | L14: 14.96 | M14: 87.65 | N14: 0 | O14: 0 | P14: 1.04 | Q14: 5.21
A15: 45326.292 | B15: 51.21 | C15: 27.2 | D15: 56.63 | E15: 8.44 | F15: 3.43 | G15: 94.07 | H15: 34.85 | I15: 0 | J15: 0.2 | K15: 216.2 | L15: 14.96 | M15: 91.49 | N15: 5.4 | O15: 0 | P15: 1.04 | Q15: 5.2
A16: 45326.333 | B16: 49.19 | C16: 25.85 | D16: 54.3 | E16: 8.04 | F16: 3.52 | G16: 91.49 | H16: 34.25 | I16: 0 | J16: 0.7 | K16: 268.77 | L16: 17.43 | M16: 91.4 | N16: 46.6 | O16: 0 | P16: 1.03 | Q16: 5.16
A17: 45326.375 | B17: 51.05 | C17: 28.8 | D17: 57.34 | E17: 8.61 | F17: 3.44 | G17: 105.91 | H17: 41.33 | I17: 0 | J17: 0.63 | K17: 87.76 | L17: 22.45 | M17: 68.67 | N17: 295.5 | O17: 0 | P17: 1.11 | Q17: 5.15
A18: 45326.417 | B18: 47.14 | C18: 26.24 | D18: 52.86 | E18: 8.45 | F18: 3.56 | G18: 110.4 | H18: 42.12 | I18: 0 | J18: 0.41 | K18: 291.03 | L18: 25.68 | M18: 43.46 | N18: 375.8 | O18: 0 | P18: 1.11 | Q18: 5.15
A19: 45326.458 | B19: 38.43 | C19: 26.81 | D19: 46.18 | E19: 7.76 | F19: 3.69 | G19: 102.07 | H19: 40.67 | I19: 0 | J19: 0.67 | K19: 184.83 | L19: 27.67 | M19: 36.38 | N19: 565.8 | O19: 0 | P19: 1.07 | Q19: 5.08
A20: 45326.5 | B20: 28.17 | C20: 27.06 | D20: 36.81 | E20: 7.63 | F20: 4.87 | G20: 87.5 | H20: 36.9 | I20: 0 | J20: 0.46 | K20: 131.14 | L20: 29.28 | M20: 28.74 | N20: 623.9 | O20: 0 | P20: 0.97 | Q20: 5.01
... A32: 45327 | B32: 7.08 | C32: 21.22 | D32: 18.12 | E32: 10.33 | F32: 3.5 | G32: 51.27 | H32: 20.8 | I32: 0 | J32: 0.17 | K32: 222.91 | L32: 19.04 | M32: 73.89 | N32: 0 | O32: 0 | P32: 0.74 | Q32: 4.8
A34: Min | B34: =MIN(B9:B32) -> 3.86 | C34: =MIN(C9:C32) -> 15.15 | D34: =MIN(D9:D32) -> 12.97 | E34: =MIN(E9:E32) -> 6.49 | F34: =MIN(F9:F32) -> 3.26 | G34: =MIN(G9:G32) -> 26.66 | H34: =MIN(H9:H32) -> 13.72 | I34: =MIN(I9:I32) -> 0 | ... Q34: =MIN(Q9:Q32) -> 4.73
A35: Max | B35: =MAX(B9:B32) -> 57.04 | C35: =MAX(C9:C32) -> 29 | D35: =MAX(D9:D32) -> 62.06 | E35: =MAX(E9:E32) -> 10.33 | F35: =MAX(F9:F32) -> 8.52 | G35: =MAX(G9:G32) -> 112.88 | H35: =MAX(H9:H32) -> 42.12 | I35: =MAX(I9:I32) -> 0 | ... Q35: =MAX(Q9:Q32) -> 5.26
A36: Avg | B36: =AVERAGE(B9:B32) -> 25.5975 | C36: =AVERAGE(C9:C32) -> 23.696667 | D36: =AVERAGE(D9:D32) -> 34.178333 | E36: =AVERAGE(E9:E32) -> 8.2070833 | F36: =AVERAGE(F9:F32) -> 4.37375 | G36: =AVERAGE(G9:G32) -> 71.978333 | H36: =AVERAGE(H9:H32) -> 28.180417 | I36: =AVERAGE(I9:I32) -> 0 | ... Q36: =AVERAGE(Q9:Q32) -> 4.96
A37: Stdev | B37: =STDEV(B9:B32) -> 21.064925 | C37: =STDEV(C9:C32) -> 4.5780978 | D37: =STDEV(D9:D32) -> 18.959107 | E37: =STDEV(E9:E32) -> 1.1107204 | F37: =STDEV(F9:F32) -> 1.6527522 | G37: =STDEV(G9:G32) -> 32.016929 | H37: =STDEV(H9:H32) -> 10.160657 | I37: =STDEV(I9:I32) -> 0 | ... Q37: =STDEV(Q9:Q32) -> 0.1911976
A38: Num | B38: =COUNT(B9:B32) -> 24 | C38: =COUNT(C9:C32) -> 24 | D38: =COUNT(D9:D32) -> 24 | E38: =COUNT(E9:E32) -> 24 | F38: =COUNT(F9:F32) -> 24 | G38: =COUNT(G9:G32) -> 24 | H38: =COUNT(H9:H32) -> 24 | I38: =COUNT(I9:I32) -> 24 | ... Q38: =COUNT(Q9:Q32) -> 24
A39: DCR | B39: =IF(B38>=22,">90%",IF(B38<=22,"<90%")) -> >90% | C39: =IF(C38>=22,">90%",IF(C38<=22,"<90%")) -> >90% | D39: =IF(D38>=22,">90%",IF(D38<=22,"<90%")) -> >90% | E39: =IF(E38>=22,">90%",IF(E38<=22,"<90%")) -> >90% | F39: =IF(F38>=22,">90%",IF(F38<=22,"<90%")) -> >90% | G39: =IF(G38>=22,">90%",IF(G38<=22,"<90%")) -> >90% | H39: =IF(H38>=22,">90%",IF(H38<=22,"<90%")) -> >90% | I39: =IF(I38>=22,">90%",IF(I38<=22,"<90%")) -> >90% | ... Q39: =IF(Q38>=22,">90%",IF(Q38<=22,"<90%")) -> >90%
A40: Status | B40: =IF(B38>=22,"OK",IF(B38<=22,"LESS")) -> OK | C40: =IF(C38>=22,"OK",IF(C38<=22,"LESS")) -> OK | D40: =IF(D38>=22,"OK",IF(D38<=22,"LESS")) -> OK | E40: =IF(E38>=22,"OK",IF(E38<=22,"LESS")) -> OK | F40: =IF(F38>=22,"OK",IF(F38<=22,"LESS")) -> OK | G40: =IF(G38>=22,"OK",IF(G38<=22,"LESS")) -> OK | H40: =IF(H38>=22,"OK",IF(H38<=22,"LESS")) -> OK | I40: =IF(I38>=22,"OK",IF(I38<=22,"LESS")) -> OK | ... Q40: =IF(Q38>=22,"OK",IF(Q38<=22,"LESS")) -> OK
A43: Done by | B43: AKASH
A45: Comment

Sheet 05
A1: Station: | B1: IGKV ,RAIPUR
A2: Date: | B2: =$A$9 -> 45327.042 | D2: Power Off | G2: Pw.Off | L2: Link Fail | N2: Link F | P2: Maintenance | R2: Maint.
A3: Report Type: | B3: Mean | D3: Calibration | G3: Calib. | L3: Data Fail | N3: Data F | P3: Invalid | R3: Invalid
A4: Time Base: | B4: 01 Hour | D4: Zero Referrence | G4: Z.Ref | L4: Warm Up | N4: Wm. Up
A7: Date & Time | B7: NO | C7: NO2 | D7: NOX | E7: SO2 | F7: O3 | G7: PM 10 | H7: PM 2.5 | I7: BENZ | J7: WS | K7: WD | L7: TEMP | M7: HUM | N7: SR | O7: RG | P7: CO | Q7: NH3
B8: ug/m3 | C8: ug/m3 | D8: ppb | E8: ug/m3 | F8: ug/m3 | G8: ug/m3 | H8: ug/m3 | I8: ug/m3 | J8: m/sec | K8: deg | L8: degreC | M8: % | N8: w/m2 | O8: mm | P8: mg/m3 | Q8: ug/m3
A9: 45327.042 | B9: 7.41 | C9: 21.55 | D9: 18.55 | E9: 10.35 | F9: 3.39 | G9: 50.51 | H9: 22.16 | I9: 0 | J9: 0.17 | K9: 198.94 | L9: 18.57 | M9: 76.66 | N9: 0 | O9: 0 | P9: 0.76 | Q9: 4.79
A10: 45327.083 | B10: 7.43 | C10: 21.64 | D10: 18.58 | E10: 10.69 | F10: 3.46 | G10: 48.24 | H10: 22.4 | I10: 0 | J10: 0.09 | K10: 216.46 | L10: 18.42 | M10: 71.04 | N10: 0 | O10: 0 | P10: 0.77 | Q10: 4.79
A11: 45327.125 | B11: 7.04 | C11: 21.45 | D11: 18.11 | E11: 6.2 | F11: 3.75 | G11: 48.33 | H11: 22.06 | I11: 0 | J11: 0.19 | K11: 234.4 | L11: 18.18 | M11: 76.66 | N11: 0 | O11: 0 | P11: 0.75 | Q11: 4.77
A12: 45327.167 | B12: 8.44 | C12: 19.16 | D12: 18.13 | E12: 5.8 | F12: 3.52 | G12: 44.74 | H12: 18.44 | I12: 0 | J12: 0.16 | K12: 164.64 | L12: 17.59 | M12: 79.46 | N12: 0 | O12: 0 | P12: 0.72 | Q12: 4.76
A13: 45327.208 | B13: 14.29 | C13: 21.54 | D13: 24.06 | E13: 6.1 | F13: 3.37 | G13: 45.51 | H13: 21.4 | I13: 0 | J13: 0.18 | K13: 195.35 | L13: 17.47 | M13: 82.91 | N13: 0 | O13: 0 | P13: 0.72 | Q13: 4.82
A14: 45327.25 | B14: 16.12 | C14: 21.51 | D14: 25.29 | E14: 6.14 | F14: 3.4 | G14: 54.57 | H14: 22.24 | I14: 0 | J14: 0.43 | K14: 188.69 | L14: 16.68 | M14: 87.48 | N14: 0 | O14: 0 | P14: 0.72 | Q14: 4.86
A15: 45327.292 | B15: 16.22 | C15: 21.36 | D15: 25.48 | E15: 5.92 | F15: 3.43 | G15: 52.2 | H15: 20.78 | I15: 0 | J15: 0.22 | K15: 253.13 | L15: 16.14 | M15: 88.23 | N15: 5.9 | O15: 0 | P15: 0.71 | Q15: 4.86
A16: 45327.333 | B16: 15.66 | C16: 21.61 | D16: 24.65 | E16: 6.47 | F16: 3.5 | G16: 57.6 | H16: 23.95 | I16: 0 | J16: 0.19 | K16: 290.83 | L16: 19.08 | M16: 86.38 | N16: 49.8 | O16: 0 | P16: 0.71 | Q16: 4.86
A17: 45327.375 | B17: 13.61 | C17: 22.25 | D17: 23.7 | E17: 6.41 | F17: 3.5 | G17: 58.39 | H17: 25.36 | I17: 0 | J17: 0.47 | K17: 290.22 | L17: 23.29 | M17: 68.23 | N17: 292.9 | O17: 0 | P17: 0.73 | Q17: 4.83
A18: 45327.417 | B18: 10 | C18: 22.44 | D18: 21.1 | E18: 6.84 | F18: 4.02 | G18: 52.65 | H18: 22.27 | I18: 0 | J18: 0.72 | K18: 284.08 | L18: 26.27 | M18: 50.98 | N18: 368.1 | O18: 0 | P18: 0.69 | Q18: 4.81
A19: 45327.458 | B19: 6.79 | C19: 23.02 | D19: 18.39 | E19: 7.38 | F19: 4.39 | G19: 46.92 | H19: 20.83 | I19: 0 | J19: 1.08 | K19: 304.67 | L19: 28.23 | M19: 48.92 | N19: 528 | O19: 0 | P19: 0.66 | Q19: 4.77
A20: 45327.5 | B20: 5.18 | C20: 22.96 | D20: 17.5 | E20: 8.03 | F20: 6.25 | G20: 49.89 | H20: 22.51 | I20: 0 | J20: 1.18 | K20: 290.46 | L20: 29.83 | M20: 45.69 | N20: 583.7 | O20: 0 | P20: 0.68 | Q20: 4.76
... A32: 45328 | B32: 7.92 | C32: 16.86 | D32: 16.51 | E32: 6.14 | F32: 3.71 | G32: 78.05 | H32: 31.31 | I32: 0 | J32: 0.16 | K32: 174.85 | L32: 21.75 | M32: 80.63 | N32: 0 | O32: 0 | P32: 0.87 | Q32: 4.71
A34: Min | B34: =MIN(B9:B32) -> 3.79 | C34: =MIN(C9:C32) -> 13.06 | D34: =MIN(D9:D32) -> 11.24 | E34: =MIN(E9:E32) -> 5.8 | F34: =MIN(F9:F32) -> 3.37 | G34: =MIN(G9:G32) -> 44.74 | H34: =MIN(H9:H32) -> 17.8 | I34: =MIN(I9:I32) -> 0 | ... Q34: =MIN(Q9:Q32) -> 4.7
A35: Max | B35: =MAX(B9:B32) -> 16.22 | C35: =MAX(C9:C32) -> 23.02 | D35: =MAX(D9:D32) -> 25.48 | E35: =MAX(E9:E32) -> 10.76 | F35: =MAX(F9:F32) -> 13.45 | G35: =MAX(G9:G32) -> 78.05 | H35: =MAX(H9:H32) -> 31.31 | I35: =MAX(I9:I32) -> 0 | ... Q35: =MAX(Q9:Q32) -> 4.86
A36: Avg | B36: =AVERAGE(B9:B32) -> 7.89375 | C36: =AVERAGE(C9:C32) -> 19.8875 | D36: =AVERAGE(D9:D32) -> 17.97625 | E36: =AVERAGE(E9:E32) -> 7.34125 | F36: =AVERAGE(F9:F32) -> 5.1029167 | G36: =AVERAGE(G9:G32) -> 55.8725 | H36: =AVERAGE(H9:H32) -> 23.194167 | I36: =AVERAGE(I9:I32) -> 0 | ... Q36: =AVERAGE(Q9:Q32) -> 4.7691667
A37: Stdev | B37: =STDEV(B9:B32) -> 4.1703089 | C37: =STDEV(C9:C32) -> 2.8249652 | D37: =STDEV(D9:D32) -> 4.2127878 | E37: =STDEV(E9:E32) -> 1.508853 | F37: =STDEV(F9:F32) -> 2.5048396 | G37: =STDEV(G9:G32) -> 10.711339 | H37: =STDEV(H9:H32) -> 3.4852433 | I37: =STDEV(I9:I32) -> 0 | ... Q37: =STDEV(Q9:Q32) -> 0.050812243
A38: Num | B38: =COUNT(B9:B32) -> 24 | C38: =COUNT(C9:C32) -> 24 | D38: =COUNT(D9:D32) -> 24 | E38: =COUNT(E9:E32) -> 24 | F38: =COUNT(F9:F32) -> 24 | G38: =COUNT(G9:G32) -> 24 | H38: =COUNT(H9:H32) -> 24 | I38: =COUNT(I9:I32) -> 24 | ... Q38: =COUNT(Q9:Q32) -> 24
A39: DCR | B39: =IF(B38>=22,">90%",IF(B38<=22,"<90%")) -> >90% | C39: =IF(C38>=22,">90%",IF(C38<=22,"<90%")) -> >90% | D39: =IF(D38>=22,">90%",IF(D38<=22,"<90%")) -> >90% | E39: =IF(E38>=22,">90%",IF(E38<=22,"<90%")) -> >90% | F39: =IF(F38>=22,">90%",IF(F38<=22,"<90%")) -> >90% | G39: =IF(G38>=22,">90%",IF(G38<=22,"<90%")) -> >90% | H39: =IF(H38>=22,">90%",IF(H38<=22,"<90%")) -> >90% | I39: =IF(I38>=22,">90%",IF(I38<=22,"<90%")) -> >90% | ... Q39: =IF(Q38>=22,">90%",IF(Q38<=22,"<90%")) -> >90%
A40: Status | B40: =IF(B38>=22,"OK",IF(B38<=22,"LESS")) -> OK | C40: =IF(C38>=22,"OK",IF(C38<=22,"LESS")) -> OK | D40: =IF(D38>=22,"OK",IF(D38<=22,"LESS")) -> OK | E40: =IF(E38>=22,"OK",IF(E38<=22,"LESS")) -> OK | F40: =IF(F38>=22,"OK",IF(F38<=22,"LESS")) -> OK | G40: =IF(G38>=22,"OK",IF(G38<=22,"LESS")) -> OK | H40: =IF(H38>=22,"OK",IF(H38<=22,"LESS")) -> OK | I40: =IF(I38>=22,"OK",IF(I38<=22,"LESS")) -> OK | ... Q40: =IF(Q38>=22,"OK",IF(Q38<=22,"LESS")) -> OK
A43: Done by | B43: AKASH
A45: Comment

Sheet 06
A1: Station: | B1: IGKV ,RAIPUR
A2: Date: | B2: =$A$9 -> 45328.042 | D2: Power Off | G2: Pw.Off | L2: Link Fail | N2: Link F | P2: Maintenance | R2: Maint.
A3: Report Type: | B3: Mean | D3: Calibration | G3: Calib. | L3: Data Fail | N3: Data F | P3: Invalid | R3: Invalid
A4: Time Base: | B4: 01 Hour | D4: Zero Referrence | G4: Z.Ref | L4: Warm Up | N4: Wm. Up
A7: Date & Time | B7: NO | C7: NO2 | D7: NOX | E7: SO2 | F7: O3 | G7: PM 10 | H7: PM 2.5 | I7: BENZ | J7: WS | K7: WD | L7: TEMP | M7: HUM | N7: SR | O7: RG | P7: CO | Q7: NH3
B8: ug/m3 | C8: ug/m3 | D8: ppb | E8: ug/m3 | F8: ug/m3 | G8: ug/m3 | H8: ug/m3 | I8: ug/m3 | J8: m/sec | K8: deg | L8: degreC | M8: % | N8: w/m2 | O8: mm | P8: mg/m3 | Q8: ug/m3
A9: 45328.042 | B9: 9.51 | C9: 18.51 | D9: 18.01 | E9: 6.51 | F9: 3.5 | G9: 74.89 | H9: 31.34 | I9: 0 | J9: 0.13 | K9: 179.39 | L9: 21.51 | M9: 83.01 | N9: 0 | O9: 0 | P9: 0.86 | Q9: 4.75
A10: 45328.083 | B10: 9.97 | C10: 17.17 | D10: 18.14 | E10: 6.24 | F10: 3.65 | G10: 67.51 | H10: 29.88 | I10: 0 | J10: 0.11 | K10: 200.41 | L10: 21.29 | M10: 81.85 | N10: 0 | O10: 0 | P10: 0.84 | Q10: 4.76
A11: 45328.125 | B11: 10.13 | C11: 16.94 | D11: 18.33 | E11: 7.7 | F11: 3.43 | G11: 54.9 | H11: 28.43 | I11: 0 | J11: 0.14 | K11: 168.65 | L11: 21.16 | M11: 83.99 | N11: 0 | O11: 0 | P11: 0.81 | Q11: 4.76
A12: 45328.167 | B12: 9.97 | C12: 18.01 | D12: 18.42 | E12: 8.09 | F12: 3.42 | G12: 45.96 | H12: 25.27 | I12: 0 | J12: 0.15 | K12: 181.8 | L12: 20.78 | M12: 84.64 | N12: 0 | O12: 0 | P12: 0.78 | Q12: 4.77
A13: 45328.208 | B13: 11.07 | C13: 20.58 | D13: 20.98 | E13: 8.47 | F13: 3.33 | G13: 42.53 | H13: 24.2 | I13: 0 | J13: 0.22 | K13: 163.49 | L13: 20.66 | M13: 83.6 | N13: 0 | O13: 0 | P13: 0.76 | Q13: 4.75
A14: 45328.25 | B14: 16.42 | C14: 23.81 | D14: 26.96 | E14: 8.48 | F14: 3.23 | G14: 45.41 | H14: 23.27 | I14: 0 | J14: 0.35 | K14: 175.51 | L14: 20.65 | M14: 85.27 | N14: 0 | O14: 0 | P14: 0.74 | Q14: 4.8
A15: 45328.292 | B15: 17.35 | C15: 24.14 | D15: 27.83 | E15: 9 | F15: 3.23 | G15: 49.31 | H15: 25.98 | I15: 0 | J15: 0.25 | K15: 208.01 | L15: 20.02 | M15: 91.3 | N15: 5.5 | O15: 0 | P15: 0.73 | Q15: 4.82
A16: 45328.333 | B16: 17.26 | C16: 24.11 | D16: 27.76 | E16: 8.89 | F16: 3.43 | G16: 55.08 | H16: 26.28 | I16: 0 | J16: 0.39 | K16: 178.69 | L16: 21.29 | M16: 90.1 | N16: 59.3 | O16: 0 | P16: 0.73 | Q16: 4.82
A17: 45328.375 | B17: 17.27 | C17: 23.13 | D17: 27.03 | E17: 8.64 | F17: 3.78 | G17: 59.07 | H17: 28.43 | I17: 0 | J17: 0.82 | K17: 286.05 | L17: 25.36 | M17: 80.39 | N17: 219.3 | O17: 0 | P17: 0.77 | Q17: 4.78
A18: 45328.417 | B18: 16.56 | C18: 18.67 | D18: 24.34 | E18: 8.37 | F18: 3.8 | G18: 68.55 | H18: 28.08 | I18: 0 | J18: 1.01 | K18: 281.43 | L18: 27.02 | M18: 63.96 | N18: 293.9 | O18: 0 | P18: 0.78 | Q18: 4.79
A19: 45328.458 | B19: 13.57 | C19: 16.78 | D19: 21 | E19: 7.65 | F19: 4.64 | G19: 61.38 | H19: 27.82 | I19: 0 | J19: 1.07 | K19: 275.19 | L19: 29.17 | M19: 60.22 | N19: 482.2 | O19: 0 | P19: 0.75 | Q19: 4.77
A20: 45328.5 | B20: 9.81 | C20: 15.64 | D20: 17.39 | E20: 8.09 | F20: 6.02 | G20: 54.3 | H20: 26.31 | I20: 0 | J20: 1.34 | K20: 279.14 | L20: 30.44 | M20: 55.52 | N20: 529.4 | O20: 0 | P20: 0.69 | Q20: 4.74
... A32: 45329 | B32: 21.14 | C32: 22.9 | D32: 29.54 | E32: 6.58 | F32: 3.52 | G32: 105.74 | H32: 36.54 | I32: 0 | J32: 1.05 | K32: 56.7 | L32: 23.25 | M32: 67.55 | N32: 0 | O32: 0 | P32: 0.89 | Q32: 4.94
A34: Min | B34: =MIN(B9:B32) -> 5.11 | C34: =MIN(C9:C32) -> 14.88 | D34: =MIN(D9:D32) -> 13.82 | E34: =MIN(E9:E32) -> 5.97 | F34: =MIN(F9:F32) -> 3.23 | G34: =MIN(G9:G32) -> 42.53 | H34: =MIN(H9:H32) -> 20.78 | I34: =MIN(I9:I32) -> 0 | ... Q34: =MIN(Q9:Q32) -> 4.68
A35: Max | B35: =MAX(B9:B32) -> 21.2 | C35: =MAX(C9:C32) -> 24.14 | D35: =MAX(D9:D32) -> 29.54 | E35: =MAX(E9:E32) -> 10.86 | F35: =MAX(F9:F32) -> 12.06 | G35: =MAX(G9:G32) -> 111.73 | H35: =MAX(H9:H32) -> 37.22 | I35: =MAX(I9:I32) -> 0 | ... Q35: =MAX(Q9:Q32) -> 4.94
A36: Avg | B36: =AVERAGE(B9:B32) -> 11.987917 | C36: =AVERAGE(C9:C32) -> 19.100833 | D36: =AVERAGE(D9:D32) -> 20.805417 | E36: =AVERAGE(E9:E32) -> 8.10125 | F36: =AVERAGE(F9:F32) -> 5.3441667 | G36: =AVERAGE(G9:G32) -> 63.7075 | H36: =AVERAGE(H9:H32) -> 27.4325 | I36: =AVERAGE(I9:I32) -> 0 | ... Q36: =AVERAGE(Q9:Q32) -> 4.7795833
A37: Stdev | B37: =STDEV(B9:B32) -> 5.289245 | C37: =STDEV(C9:C32) -> 2.9115242 | D37: =STDEV(D9:D32) -> 5.2946815 | E37: =STDEV(E9:E32) -> 1.4235086 | F37: =STDEV(F9:F32) -> 2.8848403 | G37: =STDEV(G9:G32) -> 19.494117 | H37: =STDEV(H9:H32) -> 4.435217 | I37: =STDEV(I9:I32) -> 0 | ... Q37: =STDEV(Q9:Q32) -> 0.06570548
A38: Num | B38: =COUNT(B9:B32) -> 24 | C38: =COUNT(C9:C32) -> 24 | D38: =COUNT(D9:D32) -> 24 | E38: =COUNT(E9:E32) -> 24 | F38: =COUNT(F9:F32) -> 24 | G38: =COUNT(G9:G32) -> 24 | H38: =COUNT(H9:H32) -> 24 | I38: =COUNT(I9:I32) -> 24 | ... Q38: =COUNT(Q9:Q32) -> 24
A39: DCR | B39: =IF(B38>=22,">90%",IF(B38<=22,"<90%")) -> >90% | C39: =IF(C38>=22,">90%",IF(C38<=22,"<90%")) -> >90% | D39: =IF(D38>=22,">90%",IF(D38<=22,"<90%")) -> >90% | E39: =IF(E38>=22,">90%",IF(E38<=22,"<90%")) -> >90% | F39: =IF(F38>=22,">90%",IF(F38<=22,"<90%")) -> >90% | G39: =IF(G38>=22,">90%",IF(G38<=22,"<90%")) -> >90% | H39: =IF(H38>=22,">90%",IF(H38<=22,"<90%")) -> >90% | I39: =IF(I38>=22,">90%",IF(I38<=22,"<90%")) -> >90% | ... Q39: =IF(Q38>=22,">90%",IF(Q38<=22,"<90%")) -> >90%
A40: Status | B40: =IF(B38>=22,"OK",IF(B38<=22,"LESS")) -> OK | C40: =IF(C38>=22,"OK",IF(C38<=22,"LESS")) -> OK | D40: =IF(D38>=22,"OK",IF(D38<=22,"LESS")) -> OK | E40: =IF(E38>=22,"OK",IF(E38<=22,"LESS")) -> OK | F40: =IF(F38>=22,"OK",IF(F38<=22,"LESS")) -> OK | G40: =IF(G38>=22,"OK",IF(G38<=22,"LESS")) -> OK | H40: =IF(H38>=22,"OK",IF(H38<=22,"LESS")) -> OK | I40: =IF(I38>=22,"OK",IF(I38<=22,"LESS")) -> OK | ... Q40: =IF(Q38>=22,"OK",IF(Q38<=22,"LESS")) -> OK
A43: Done by | B43: AKASH
A45: Comment

Sheet 07
A1: Station: | B1: IGKV ,RAIPUR
A2: Date: | B2: =$A$9 -> 45329.042 | D2: Power Off | G2: Pw.Off | L2: Link Fail | N2: Link F | P2: Maintenance | R2: Maint.
A3: Report Type: | B3: Mean | D3: Calibration | G3: Calib. | L3: Data Fail | N3: Data F | P3: Invalid | R3: Invalid
A4: Time Base: | B4: 01 Hour | D4: Zero Referrence | G4: Z.Ref | L4: Warm Up | N4: Wm. Up
A7: Date & Time | B7: NO | C7: NO2 | D7: NOX | E7: SO2 | F7: O3 | G7: PM 10 | H7: PM 2.5 | I7: BENZ | J7: WS | K7: WD | L7: TEMP | M7: HUM | N7: SR | O7: RG | P7: CO | Q7: NH3
B8: ug/m3 | C8: ug/m3 | D8: ppb | E8: ug/m3 | F8: ug/m3 | G8: ug/m3 | H8: ug/m3 | I8: ug/m3 | J8: m/sec | K8: deg | L8: degreC | M8: % | N8: w/m2 | O8: mm | P8: mg/m3 | Q8: ug/m3
A9: 45329.042 | B9: 17.2 | C9: 24.15 | D9: 27.47 | E9: 6.92 | F9: 3.53 | G9: 91.55 | H9: 33.06 | I9: 0 | J9: 1.26 | K9: 56.95 | L9: 22.22 | M9: 71.71 | N9: 0 | O9: 0 | P9: 0.83 | Q9: 4.91
A10: 45329.083 | B10: 15.1 | C10: 24.29 | D10: 26.15 | E10: 6.32 | F10: 3.39 | G10: 74.86 | H10: 30.84 | I10: 0 | J10: 1.29 | K10: 59.74 | L10: 21.38 | M10: 74.58 | N10: 0 | O10: 0 | P10: 0.76 | Q10: 4.89
A11: 45329.125 | B11: 12.7 | C11: 24.34 | D11: 24.25 | E11: 6.55 | F11: 3.45 | G11: 62.47 | H11: 30.75 | I11: 0 | J11: 0.43 | K11: 161.95 | L11: 20.79 | M11: 77.23 | N11: 0 | O11: 0 | P11: 0.71 | Q11: 4.82
A12: 45329.167 | B12: 12.26 | C12: 24.62 | D12: 24.04 | E12: 6.8 | F12: 3.4 | G12: 60.75 | H12: 28.9 | I12: 0 | J12: 1.04 | K12: 70.43 | L12: 20.38 | M12: 79.2 | N12: 0 | O12: 0 | P12: 0.67 | Q12: 4.79
A13: 45329.208 | B13: 13.6 | C13: 22.96 | D13: 23.39 | E13: 6.52 | F13: 3.63 | G13: 63.92 | H13: 29.24 | I13: 0 | J13: 1.29 | K13: 63.67 | L13: 20.26 | M13: 78.66 | N13: 0 | O13: 0 | P13: 0.65 | Q13: 4.77
A14: 45329.25 | B14: 14.75 | C14: 20.06 | D14: 23.32 | E14: 6.27 | F14: 3.51 | G14: 62.2 | H14: 29.56 | I14: 0 | J14: 1.23 | K14: 62.12 | L14: 19.71 | M14: 81.77 | N14: 0 | O14: 0 | P14: 0.61 | Q14: 4.79
A15: 45329.292 | B15: 16.25 | C15: 19.12 | D15: 24.37 | E15: 6.17 | F15: 3.62 | G15: 60.4 | H15: 29.29 | I15: 0 | J15: 1.13 | K15: 64.96 | L15: 19.38 | M15: 81.64 | N15: 3.7 | O15: 0 | P15: 0.58 | Q15: 4.85
A16: 45329.333 | B16: 18.68 | C16: 19.28 | D16: 25.72 | E16: 6.09 | F16: 3.39 | G16: 66.6 | H16: 28.29 | I16: 0 | J16: 1.18 | K16: 83.78 | L16: 20.25 | M16: 81.72 | N16: 67.7 | O16: 0 | P16: 0.59 | Q16: 4.9
A17: 45329.375 | B17: 19.38 | C17: 20.77 | D17: 27.73 | E17: 6.35 | F17: 3.35 | G17: 66.95 | H17: 28.26 | I17: 0 | J17: 1.05 | K17: 82.19 | L17: 22.08 | M17: 76.23 | N17: 218.3 | O17: 0 | P17: 0.6 | Q17: 4.92
A18: 45329.417 | B18: 19.49 | C18: 23.04 | D18: 28.93 | E18: 7.22 | F18: 3.45 | G18: 64.59 | H18: 29.11 | I18: 0 | J18: 0.94 | K18: 74 | L18: 24.25 | M18: 67.98 | N18: 303.1 | O18: 0 | P18: 0.6 | Q18: 4.91
A19: 45329.458 | B19: 19.12 | C19: 24.39 | D19: 28.98 | E19: 8.72 | F19: 3.59 | G19: 71.21 | H19: 30.06 | I19: 0 | J19: 0.68 | K19: 61.81 | L19: 25.83 | M19: 59.88 | N19: 402.7 | O19: 0 | P19: 0.62 | Q19: 4.91
A20: 45329.5 | B20: 17.56 | C20: 25.41 | D20: 28.35 | E20: 8.75 | F20: 4.25 | G20: 72.44 | H20: 30.97 | I20: 0 | J20: 1.02 | K20: 358.21 | L20: 27.28 | M20: 52.22 | N20: 526.3 | O20: 0 | P20: 0.61 | Q20: 4.85
... A32: 45330 | B32: 12.84 | C32: 26.7 | D32: 25.6 | E32: 10.36 | F32: 3.7 | G32: 100.58 | H32: 39.54 | I32: 0 | J32: 1.75 | K32: 52.71 | L32: 22.61 | M32: 55.31 | N32: 0 | O32: 0 | P32: 1.07 | Q32: 4.81
A34: Min | B34: =MIN(B9:B32) -> 4.36 | C34: =MIN(C9:C32) -> 13.44 | D34: =MIN(D9:D32) -> 11.81 | E34: =MIN(E9:E32) -> 6.09 | F34: =MIN(F9:F32) -> 3.35 | G34: =MIN(G9:G32) -> 60.4 | H34: =MIN(H9:H32) -> 28.26 | I34: =MIN(I9:I32) -> 0 | ... Q34: =MIN(Q9:Q32) -> 4.73
A35: Max | B35: =MAX(B9:B32) -> 19.49 | C35: =MAX(C9:C32) -> 26.94 | D35: =MAX(D9:D32) -> 28.98 | E35: =MAX(E9:E32) -> 10.36 | F35: =MAX(F9:F32) -> 9.19 | G35: =MAX(G9:G32) -> 100.58 | H35: =MAX(H9:H32) -> 39.59 | I35: =MAX(I9:I32) -> 0 | ... Q35: =MAX(Q9:Q32) -> 4.92
A36: Avg | B36: =AVERAGE(B9:B32) -> 11.99125 | C36: =AVERAGE(C9:C32) -> 21.472917 | D36: =AVERAGE(D9:D32) -> 22.045417 | E36: =AVERAGE(E9:E32) -> 8.0795833 | F36: =AVERAGE(F9:F32) -> 4.5166667 | G36: =AVERAGE(G9:G32) -> 71.849583 | H36: =AVERAGE(H9:H32) -> 31.254167 | I36: =AVERAGE(I9:I32) -> 0 | ... Q36: =AVERAGE(Q9:Q32) -> 4.8204167
A37: Stdev | B37: =STDEV(B9:B32) -> 5.4756618 | C37: =STDEV(C9:C32) -> 3.993677 | D37: =STDEV(D9:D32) -> 5.8128276 | E37: =STDEV(E9:E32) -> 1.5584175 | F37: =STDEV(F9:F32) -> 1.6634136 | G37: =STDEV(G9:G32) -> 10.492677 | H37: =STDEV(H9:H32) -> 3.2497758 | I37: =STDEV(I9:I32) -> 0 | ... Q37: =STDEV(Q9:Q32) -> 0.057971445
A38: Num | B38: =COUNT(B9:B32) -> 24 | C38: =COUNT(C9:C32) -> 24 | D38: =COUNT(D9:D32) -> 24 | E38: =COUNT(E9:E32) -> 24 | F38: =COUNT(F9:F32) -> 24 | G38: =COUNT(G9:G32) -> 24 | H38: =COUNT(H9:H32) -> 24 | I38: =COUNT(I9:I32) -> 24 | ... Q38: =COUNT(Q9:Q32) -> 24
A39: DCR | B39: =IF(B38>=22,">90%",IF(B38<=22,"<90%")) -> >90% | C39: =IF(C38>=22,">90%",IF(C38<=22,"<90%")) -> >90% | D39: =IF(D38>=22,">90%",IF(D38<=22,"<90%")) -> >90% | E39: =IF(E38>=22,">90%",IF(E38<=22,"<90%")) -> >90% | F39: =IF(F38>=22,">90%",IF(F38<=22,"<90%")) -> >90% | G39: =IF(G38>=22,">90%",IF(G38<=22,"<90%")) -> >90% | H39: =IF(H38>=22,">90%",IF(H38<=22,"<90%")) -> >90% | I39: =IF(I38>=22,">90%",IF(I38<=22,"<90%")) -> >90% | ... Q39: =IF(Q38>=22,">90%",IF(Q38<=22,"<90%")) -> >90%
A40: Status | B40: =IF(B38>=22,"OK",IF(B38<=22,"LESS")) -> OK | C40: =IF(C38>=22,"OK",IF(C38<=22,"LESS")) -> OK | D40: =IF(D38>=22,"OK",IF(D38<=22,"LESS")) -> OK | E40: =IF(E38>=22,"OK",IF(E38<=22,"LESS")) -> OK | F40: =IF(F38>=22,"OK",IF(F38<=22,"LESS")) -> OK | G40: =IF(G38>=22,"OK",IF(G38<=22,"LESS")) -> OK | H40: =IF(H38>=22,"OK",IF(H38<=22,"LESS")) -> OK | I40: =IF(I38>=22,"OK",IF(I38<=22,"LESS")) -> OK | ... Q40: =IF(Q38>=22,"OK",IF(Q38<=22,"LESS")) -> OK
A43: Done by | B43: AKASH
A45: Comment

Sheet 08
A1: Station: | B1: IGKV ,RAIPUR
A2: Date: | B2: =$A$9 -> 45330.042 | D2: Power Off | G2: Pw.Off | L2: Link Fail | N2: Link F | P2: Maintenance | R2: Maint.
A3: Report Type: | B3: Mean | D3: Calibration | G3: Calib. | L3: Data Fail | N3: Data F | P3: Invalid | R3: Invalid
A4: Time Base: | B4: 01 Hour | D4: Zero Referrence | G4: Z.Ref | L4: Warm Up | N4: Wm. Up
A7: Date & Time | B7: NO | C7: NO2 | D7: NOX | E7: SO2 | F7: O3 | G7: PM 10 | H7: PM 2.5 | I7: BENZ | J7: WS | K7: WD | L7: TEMP | M7: HUM | N7: SR | O7: RG | P7: CO | Q7: NH3
B8: ug/m3 | C8: ug/m3 | D8: ppb | E8: ug/m3 | F8: ug/m3 | G8: ug/m3 | H8: ug/m3 | I8: ug/m3 | J8: m/sec | K8: deg | L8: degreC | M8: % | N8: w/m2 | O8: mm | P8: mg/m3 | Q8: ug/m3
A9: 45330.042 | B9: 11.7 | C9: 20.67 | D9: 21.48 | E9: 9.29 | F9: 3.82 | G9: 90.4 | H9: 32.04 | I9: 0 | J9: 1.41 | K9: 55.38 | L9: 21.44 | M9: 47.78 | N9: 0 | O9: 0 | P9: 0.95 | Q9: 4.76
A10: 45330.083 | B10: 11.61 | C10: 21.27 | D10: 21.6 | E10: 9.15 | F10: 3.5 | G10: 71.4 | H10: 25.87 | I10: 0 | J10: 0.97 | K10: 49.22 | L10: 20.6 | M10: 48.08 | N10: 0 | O10: 0 | P10: 0.87 | Q10: 4.79
A11: 45330.125 | B11: 11.99 | C11: 20.13 | D11: 21.49 | E11: 6.36 | F11: 3.46 | G11: 57.93 | H11: 23.68 | I11: 0 | J11: 0.57 | K11: 41.91 | L11: 19.79 | M11: 48.96 | N11: 0 | O11: 0 | P11: 0.77 | Q11: 4.84
A12: 45330.167 | B12: 12.04 | C12: 20.85 | D12: 21.9 | E12: 6.06 | F12: 3.48 | G12: 47.62 | H12: 17.12 | I12: 0 | J12: 1.16 | K12: 62.66 | L12: 19.28 | M12: 49.38 | N12: 0 | O12: 0 | P12: 0.73 | Q12: 4.85
A13: 45330.208 | B13: 11.97 | C13: 19.97 | D13: 20.76 | E13: 5.71 | F13: 3.66 | G13: 42.7 | H13: 17.35 | I13: 0 | J13: 1.44 | K13: 58.52 | L13: 19 | M13: 46.99 | N13: 0 | O13: 0 | P13: 0.65 | Q13: 4.86
A14: 45330.25 | B14: 10.01 | C14: 20.9 | D14: 20 | E14: 5.73 | F14: 3.93 | G14: 39.66 | H14: 16.57 | I14: 0 | J14: 1.34 | K14: 56.27 | L14: 18.75 | M14: 48.78 | N14: 0 | O14: 0 | P14: 0.59 | Q14: 4.84
A15: 45330.292 | B15: 8.87 | C15: 21.53 | D15: 19.53 | E15: 5.21 | F15: 3.9 | G15: 36.49 | H15: 14.36 | I15: 0 | J15: 1.7 | K15: 50.48 | L15: 18.19 | M15: 49.21 | N15: 7.2 | O15: 0 | P15: 0.56 | Q15: 4.83
A16: 45330.333 | B16: 8.92 | C16: 22.54 | D16: 20.28 | E16: 5.51 | F16: 3.98 | G16: 42.89 | H16: 12.98 | I16: 0 | J16: 1.48 | K16: 43.76 | L16: 18.69 | M16: 49.84 | N16: 61.6 | O16: 0 | P16: 0.55 | Q16: 4.82
A17: 45330.375 | B17: 8.38 | C17: 22.62 | D17: 19.89 | E17: 5.54 | F17: 4.27 | G17: 46.38 | H17: 16.58 | I17: 0 | J17: 1.75 | K17: 49.16 | L17: 21.09 | M17: 40.15 | N17: 286.3 | O17: 0 | P17: 0.55 | Q17: 4.83
A18: 45330.417 | B18: 7.48 | C18: 22.69 | D18: 19.2 | E18: 5.3 | F18: 4.55 | G18: 44.95 | H18: 15.25 | I18: 0 | J18: 2.29 | K18: 57.92 | L18: 22.81 | M18: 26.39 | N18: 368.9 | O18: 0 | P18: 0.54 | Q18: 4.8
A19: 45330.458 | B19: 6.65 | C19: 20.01 | D19: 17.13 | E19: 7.09 | F19: 5.08 | G19: 44.64 | H19: 14.06 | I19: 0 | J19: 1.9 | K19: 46.05 | L19: 23.87 | M19: 21 | N19: 552.3 | O19: 0 | P19: 0.53 | Q19: 4.77
A20: 45330.5 | B20: 6.7 | C20: 19.04 | D20: 16.55 | E20: 7.53 | F20: 4.86 | G20: 43.77 | H20: 14.45 | I20: 0 | J20: 1.66 | K20: 54.39 | L20: 25.2 | M20: 24.33 | N20: 619.9 | O20: 0 | P20: 0.51 | Q20: 4.79
... A22: 45330.583 | B22: 5.78 | C22: 18.29 | D22: 15.54 | E22: 10.62 | F22: 10.07 | G22: 52.76 | H22: 15.06 | I22: 8.49 | J22: 1.64 | K22: 53.05 | L22: 26.48 | M22: 24.48 | N22: 561.8 | O22: 0 | P22: 0.49 | Q22: 4.81
A23: 45330.625 | B23: Calib. | C23: Calib. | D23: Calib. | E23: Calib. | F23: 10.1 | G23: Calib. | H23: Calib. | I23: 8.49 | J23: 1.21 | K23: 346.48 | L23: 26.64 | M23: 25.53 | N23: 489.4 | O23: 0 | P23: 0.44 | Q23: 4.8
A24: 45330.667 | B24: 6.73 | C24: 22.92 | D24: 18.36 | E24: 16.25 | F24: 10.26 | G24: 27.9 | H24: 1.13 | I24: 71 | J24: 0.98 | K24: 344.64 | L24: 26.01 | M24: 27.25 | N24: 93.3 | O24: 0 | P24: 0.43 | Q24: 4.82
A25: 45330.708 | B25: 8.83 | C25: 34.02 | D25: 26.21 | E25: 14.5 | F25: 14.56 | G25: 41.35 | H25: 3.24 | I25: 41.98 | J25: 1.11 | K25: 52.04 | L25: 25.69 | M25: 28.99 | N25: 66.1 | O25: 0 | P25: 0.45 | Q25: 4.82
A26: 45330.75 | B26: 8.81 | C26: 33.36 | D26: 25.27 | E26: 9.03 | F26: 6.52 | G26: 61.07 | H26: 11.23 | I26: 26.46 | J26: 0.64 | K26: 73.15 | L26: 25.24 | M26: 34.19 | N26: 19.7 | O26: 0 | P26: 0.53 | Q26: 4.84
A27: 45330.792 | B27: 10.01 | C27: 31.61 | D27: 25.45 | E27: 5.61 | F27: 3.86 | G27: 73.29 | H27: 18.69 | I27: 20.45 | J27: 0.32 | K27: 183.27 | L27: 22.9 | M27: 54.29 | N27: 0 | O27: 0 | P27: 0.59 | Q27: 4.83
A28: 45330.833 | B28: 10.7 | C28: 28.38 | D28: 24.25 | E28: 4.88 | F28: 3.74 | G28: 80.32 | H28: 24.46 | I28: 17.83 | J28: 0.22 | K28: 177.7 | L28: 20.9 | M28: 60.45 | N28: 0 | O28: 0 | P28: 0.64 | Q28: 4.82
A29: 45330.875 | B29: 12.86 | C29: 24.37 | D29: 24.4 | E29: 4.6 | F29: 3.7 | G29: 88.27 | H29: 25.81 | I29: 16.48 | J29: 0.26 | K29: 198.77 | L29: 19.65 | M29: 67.26 | N29: 0 | O29: 0 | P29: 0.7 | Q29: 4.78
A30: 45330.917 | B30: 13.41 | C30: 24.75 | D30: 24.74 | E30: 4.65 | F30: 3.53 | G30: 91.13 | H30: 27.54 | I30: 15.45 | J30: 0.22 | K30: 235.58 | L30: 18.11 | M30: 72.49 | N30: 0 | O30: 0 | P30: 0.73 | Q30: 4.82
A31: 45330.958 | B31: 14.35 | C31: 22.72 | D31: 24.73 | E31: 5.35 | F31: 3.31 | G31: 92.28 | H31: 28.31 | I31: 14.35 | J31: 0.23 | K31: 182.67 | L31: 17.59 | M31: 70.98 | N31: 0 | O31: 0 | P31: 0.79 | Q31: 4.81
A32: 45331 | B32: 27.76 | C32: 24.44 | D32: 36.38 | E32: 5.65 | F32: 3.61 | G32: 113.16 | H32: 38.27 | I32: 13.53 | J32: 0.6 | K32: 103.91 | L32: 18.52 | M32: 63.71 | N32: 0 | O32: 0 | P32: 0.88 | Q32: 4.89
A34: Min | B34: =MIN(B9:B32) -> 5.78 | C34: =MIN(C9:C32) -> 18.29 | D34: =MIN(D9:D32) -> 15.54 | E34: =MIN(E9:E32) -> 4.6 | F34: =MIN(F9:F32) -> 3.31 | G34: =MIN(G9:G32) -> 27.9 | H34: =MIN(H9:H32) -> 1.13 | I34: =MIN(I9:I32) -> 0 | ... Q34: =MIN(Q9:Q32) -> 4.76
A35: Max | B35: =MAX(B9:B32) -> 27.76 | C35: =MAX(C9:C32) -> 34.02 | D35: =MAX(D9:D32) -> 36.38 | E35: =MAX(E9:E32) -> 16.25 | F35: =MAX(F9:F32) -> 14.56 | G35: =MAX(G9:G32) -> 113.16 | H35: =MAX(H9:H32) -> 38.27 | I35: =MAX(I9:I32) -> 71 | ... Q35: =MAX(Q9:Q32) -> 4.89
A36: Avg | B36: =AVERAGE(B9:B32) -> 10.527391 | C36: =AVERAGE(C9:C32) -> 23.288696 | D36: =AVERAGE(D9:D32) -> 21.802174 | E36: =AVERAGE(E9:E32) -> 7.293913 | F36: =AVERAGE(F9:F32) -> 5.3008333 | G36: =AVERAGE(G9:G32) -> 60.196957 | H36: =AVERAGE(H9:H32) -> 18.759565 | I36: =AVERAGE(I9:I32) -> 10.604583 | ... Q36: =AVERAGE(Q9:Q32) -> 4.8175
A37: Stdev | B37: =STDEV(B9:B32) -> 4.483846 | C37: =STDEV(C9:C32) -> 4.4773768 | D37: =STDEV(D9:D32) -> 4.4739295 | E37: =STDEV(E9:E32) -> 3.0583429 | F37: =STDEV(F9:F32) -> 2.9261815 | G37: =STDEV(G9:G32) -> 22.735803 | H37: =STDEV(H9:H32) -> 8.5973037 | I37: =STDEV(I9:I32) -> 16.919281 | ... Q37: =STDEV(Q9:Q32) -> 0.029229229
A38: Num | B38: 24 | C38: 24 | D38: 24 | E38: 24 | F38: 24 | G38: 24 | H38: 24 | I38: 24 | J38: =COUNT(J9:J32) -> 24 | K38: =COUNT(K9:K32) -> 24 | L38: =COUNT(L9:L32) -> 24 | M38: =COUNT(M9:M32) -> 24 | N38: =COUNT(N9:N32) -> 24 | O38: =COUNT(O9:O32) -> 24 | P38: =COUNT(P9:P32) -> 24 | Q38: =COUNT(Q9:Q32) -> 24
A39: DCR | B39: =IF(B38>=22,">90%",IF(B38<=22,"<90%")) -> >90% | C39: =IF(C38>=22,">90%",IF(C38<=22,"<90%")) -> >90% | D39: =IF(D38>=22,">90%",IF(D38<=22,"<90%")) -> >90% | E39: =IF(E38>=22,">90%",IF(E38<=22,"<90%")) -> >90% | F39: =IF(F38>=22,">90%",IF(F38<=22,"<90%")) -> >90% | G39: =IF(G38>=22,">90%",IF(G38<=22,"<90%")) -> >90% | H39: =IF(H38>=22,">90%",IF(H38<=22,"<90%")) -> >90% | I39: =IF(I38>=22,">90%",IF(I38<=22,"<90%")) -> >90% | ... Q39: =IF(Q38>=22,">90%",IF(Q38<=22,"<90%")) -> >90%
A40: Status | B40: =IF(B38>=22,"OK",IF(B38<=22,"LESS")) -> OK | C40: =IF(C38>=22,"OK",IF(C38<=22,"LESS")) -> OK | D40: =IF(D38>=22,"OK",IF(D38<=22,"LESS")) -> OK | E40: =IF(E38>=22,"OK",IF(E38<=22,"LESS")) -> OK | F40: =IF(F38>=22,"OK",IF(F38<=22,"LESS")) -> OK | G40: =IF(G38>=22,"OK",IF(G38<=22,"LESS")) -> OK | H40: =IF(H38>=22,"OK",IF(H38<=22,"LESS")) -> OK | I40: =IF(I38>=22,"OK",IF(I38<=22,"LESS")) -> OK | ... Q40: =IF(Q38>=22,"OK",IF(Q38<=22,"LESS")) -> OK
A43: Done by | B43: AKASH
A45: Comment

Sheet 09
A1: Station: | B1: IGKV ,RAIPUR
A2: Date: | B2: =$A$9 -> 45331.042 | D2: Power Off | G2: Pw.Off | L2: Link Fail | N2: Link F | P2: Maintenance | R2: Maint.
A3: Report Type: | B3: Mean | D3: Calibration | G3: Calib. | L3: Data Fail | N3: Data F | P3: Invalid | R3: Invalid
A4: Time Base: | B4: 01 Hour | D4: Zero Referrence | G4: Z.Ref | L4: Warm Up | N4: Wm. Up
A7: Date & Time | B7: NO | C7: NO2 | D7: NOX | E7: SO2 | F7: O3 | G7: PM 10 | H7: PM 2.5 | I7: BENZ | J7: WS | K7: WD | L7: TEMP | M7: HUM | N7: SR | O7: RG | P7: CO | Q7: NH3
B8: ug/m3 | C8: ug/m3 | D8: ppb | E8: ug/m3 | F8: ug/m3 | G8: ug/m3 | H8: ug/m3 | I8: ug/m3 | J8: m/sec | K8: deg | L8: degreC | M8: % | N8: w/m2 | O8: mm | P8: mg/m3 | Q8: ug/m3
A9: 45331.042 | B9: 30.16 | C9: 27.64 | D9: 39.98 | E9: 6.68 | F9: 3.4 | G9: 126.74 | H9: 39.94 | I9: 13.44 | J9: 0.66 | K9: 54.65 | L9: 18.32 | M9: 61.05 | N9: 0 | O9: 0 | P9: 0.93 | Q9: 4.99
A10: 45331.083 | B10: 30.06 | C10: 28.11 | D10: 40.03 | E10: 6.48 | F10: 3.49 | G10: 126.74 | H10: 39.94 | I10: 13.16 | J10: 0.78 | K10: 57.83 | L10: 17.88 | M10: 61.37 | N10: 0 | O10: 0 | P10: 0.9 | Q10: 4.98
A11: 45331.125 | B11: 27.45 | C11: 28.14 | D11: 38.06 | E11: 9.86 | F11: 3.57 | G11: 107.04 | H11: 36.84 | I11: 11.99 | J11: 0.63 | K11: 50.65 | L11: 17.17 | M11: 59.73 | N11: 0 | O11: 0 | P11: 0.85 | Q11: 4.97
A12: 45331.167 | B12: 24.41 | C12: 28.05 | D12: 35.58 | E12: 8.52 | F12: 3.56 | G12: 88.55 | H12: 34.13 | I12: 10.77 | J12: 0.56 | K12: 66.26 | L12: 16.5 | M12: 63.39 | N12: 0 | O12: 0 | P12: 0.79 | Q12: 4.93
A13: 45331.208 | B13: 22.86 | C13: 27.18 | D13: 33.88 | E13: 8.51 | F13: 3.5 | G13: 69.69 | H13: 31 | I13: 9.91 | J13: 0.64 | K13: 65.27 | L13: 15.52 | M13: 64.42 | N13: 0 | O13: 0 | P13: 0.74 | Q13: 4.91
A14: 45331.25 | B14: 22.74 | C14: 26.86 | D14: 33.52 | E14: 8.59 | F14: 3.56 | G14: 65.5 | H14: 28.69 | I14: 9.35 | J14: 0.54 | K14: 125.52 | L14: 15.07 | M14: 66.35 | N14: 0 | O14: 0 | P14: 0.71 | Q14: 4.9
A15: 45331.292 | B15: 23.12 | C15: 26.77 | D15: 33.88 | E15: 8.57 | F15: 3.33 | G15: 65.5 | H15: 27.4 | I15: 8.88 | J15: 0.77 | K15: 63.92 | L15: 14.55 | M15: 62.46 | N15: 7.4 | O15: 0 | P15: 0.68 | Q15: 4.89
A16: 45331.333 | B16: 23.42 | C16: 27.33 | D16: 34.31 | E16: 8.77 | F16: 3.52 | G16: 72.22 | H16: 26.2 | I16: 8.58 | J16: 1 | K16: 75.25 | L16: 16.25 | M16: 57.32 | N16: 47.8 | O16: 0 | P16: 0.67 | Q16: 4.92
A17: 45331.375 | B17: 20.87 | C17: 27.21 | D17: 31.49 | E17: 8.6 | F17: 3.61 | G17: 72.22 | H17: 26.2 | I17: 8.5 | J17: 0.96 | K17: 89.51 | L17: 19.64 | M17: 44.64 | N17: 340.1 | O17: 0 | P17: 0.66 | Q17: 4.88
A18: 45331.417 | B18: 18.76 | C18: 26.97 | D18: 30.1 | E18: 8.2 | F18: 3.74 | G18: 71.16 | H18: 24.35 | I18: 8.11 | J18: 2.01 | K18: 73.37 | L18: 21.9 | M18: 31.53 | N18: 419.9 | O18: 0 | P18: 0.62 | Q18: 4.88
A19: 45331.458 | B19: 15.37 | C19: 25.91 | D19: 27.12 | E19: 9.5 | F19: 4.57 | G19: 74.32 | H19: 22.83 | I19: 7.51 | J19: 2.38 | K19: 64.13 | L19: 23.48 | M19: 24.93 | N19: 590.2 | O19: 0 | P19: 0.6 | Q19: 4.87
A20: 45331.5 | B20: 10.76 | C20: 25.82 | D20: 23.47 | E20: 9.98 | F20: 4.81 | G20: 76.03 | H20: 23.31 | I20: 6.83 | J20: 2.13 | K20: 64.28 | L20: 25.8 | M20: 22.55 | N20: 641.5 | O20: 0 | P20: 0.57 | Q20: 4.81
... A32: 45332 | B32: 23.52 | C32: 32.43 | D32: 37.16 | E32: 8.7 | F32: 3.4 | G32: 104.9 | H32: 34.58 | I32: 0 | J32: 0.31 | K32: 258.4 | L32: 17.58 | M32: 65.52 | N32: 0 | O32: 0 | P32: 0.8 | Q32: 4.94
A34: Min | B34: =MIN(B9:B32) -> 6.33 | C34: =MIN(C9:C32) -> 19.22 | D34: =MIN(D9:D32) -> 16.46 | E34: =MIN(E9:E32) -> 6.48 | F34: =MIN(F9:F32) -> 3.33 | G34: =MIN(G9:G32) -> 44.9 | H34: =MIN(H9:H32) -> 17.65 | I34: =MIN(I9:I32) -> 0 | ... Q34: =MIN(Q9:Q32) -> 4.73
A35: Max | B35: =MAX(B9:B32) -> 30.16 | C35: =MAX(C9:C32) -> 32.43 | D35: =MAX(D9:D32) -> 40.03 | E35: =MAX(E9:E32) -> 10.81 | F35: =MAX(F9:F32) -> 6.6 | G35: =MAX(G9:G32) -> 126.74 | H35: =MAX(H9:H32) -> 39.94 | I35: =MAX(I9:I32) -> 13.44 | ... Q35: =MAX(Q9:Q32) -> 4.99
A36: Avg | B36: =AVERAGE(B9:B32) -> 17.104167 | C36: =AVERAGE(C9:C32) -> 25.851667 | D36: =AVERAGE(D9:D32) -> 28.47875 | E36: =AVERAGE(E9:E32) -> 8.6475 | F36: =AVERAGE(F9:F32) -> 4.1708333 | G36: =AVERAGE(G9:G32) -> 81.582083 | H36: =AVERAGE(H9:H32) -> 27.767083 | I36: =AVERAGE(I9:I32) -> 4.87625 | ... Q36: =AVERAGE(Q9:Q32) -> 4.85875
A37: Stdev | B37: =STDEV(B9:B32) -> 7.7663169 | C37: =STDEV(C9:C32) -> 3.353028 | D37: =STDEV(D9:D32) -> 7.6546572 | E37: =STDEV(E9:E32) -> 1.0576933 | F37: =STDEV(F9:F32) -> 1.0898261 | G37: =STDEV(G9:G32) -> 22.893254 | H37: =STDEV(H9:H32) -> 6.6250634 | I37: =STDEV(I9:I32) -> 5.200657 | ... Q37: =STDEV(Q9:Q32) -> 0.07963572
A38: Num | B38: =COUNT(B9:B32) -> 24 | C38: =COUNT(C9:C32) -> 24 | D38: =COUNT(D9:D32) -> 24 | E38: =COUNT(E9:E32) -> 24 | F38: =COUNT(F9:F32) -> 24 | G38: =COUNT(G9:G32) -> 24 | H38: =COUNT(H9:H32) -> 24 | I38: =COUNT(I9:I32) -> 24 | ... Q38: =COUNT(Q9:Q32) -> 24
A39: DCR | B39: =IF(B38>=22,">90%",IF(B38<=22,"<90%")) -> >90% | C39: =IF(C38>=22,">90%",IF(C38<=22,"<90%")) -> >90% | D39: =IF(D38>=22,">90%",IF(D38<=22,"<90%")) -> >90% | E39: =IF(E38>=22,">90%",IF(E38<=22,"<90%")) -> >90% | F39: =IF(F38>=22,">90%",IF(F38<=22,"<90%")) -> >90% | G39: =IF(G38>=22,">90%",IF(G38<=22,"<90%")) -> >90% | H39: =IF(H38>=22,">90%",IF(H38<=22,"<90%")) -> >90% | I39: =IF(I38>=22,">90%",IF(I38<=22,"<90%")) -> >90% | ... Q39: =IF(Q38>=22,">90%",IF(Q38<=22,"<90%")) -> >90%
A40: Status | B40: =IF(B38>=22,"OK",IF(B38<=22,"LESS")) -> OK | C40: =IF(C38>=22,"OK",IF(C38<=22,"LESS")) -> OK | D40: =IF(D38>=22,"OK",IF(D38<=22,"LESS")) -> OK | E40: =IF(E38>=22,"OK",IF(E38<=22,"LESS")) -> OK | F40: =IF(F38>=22,"OK",IF(F38<=22,"LESS")) -> OK | G40: =IF(G38>=22,"OK",IF(G38<=22,"LESS")) -> OK | H40: =IF(H38>=22,"OK",IF(H38<=22,"LESS")) -> OK | I40: =IF(I38>=22,"OK",IF(I38<=22,"LESS")) -> OK | ... Q40: =IF(Q38>=22,"OK",IF(Q38<=22,"LESS")) -> OK
A43: Done by | B43: AKASH
A45: Comment

Sheet 10
A1: Station: | B1: IGKV ,RAIPUR
A2: Date: | B2: =$A$9 -> 45332.042 | D2: Power Off | G2: Pw.Off | L2: Link Fail | N2: Link F | P2: Maintenance | R2: Maint.
A3: Report Type: | B3: Mean | D3: Calibration | G3: Calib. | L3: Data Fail | N3: Data F | P3: Invalid | R3: Invalid
A4: Time Base: | B4: 01 Hour | D4: Zero Referrence | G4: Z.Ref | L4: Warm Up | N4: Wm. Up
A7: Date & Time | B7: NO | C7: NO2 | D7: NOX | E7: SO2 | F7: O3 | G7: PM 10 | H7: PM 2.5 | I7: BENZ | J7: WS | K7: WD | L7: TEMP | M7: HUM | N7: SR | O7: RG | P7: CO | Q7: NH3
B8: ug/m3 | C8: ug/m3 | D8: ppb | E8: ug/m3 | F8: ug/m3 | G8: ug/m3 | H8: ug/m3 | I8: ug/m3 | J8: m/sec | K8: deg | L8: degreC | M8: % | N8: w/m2 | O8: mm | P8: mg/m3 | Q8: ug/m3
A9: 45332.042 | B9: 31.92 | C9: 33.9 | D9: 44.66 | E9: 8.61 | F9: 3.52 | G9: 95.22 | H9: 34.58 | I9: 0 | J9: 0.17 | K9: 222.56 | L9: 16.71 | M9: 68.7 | N9: 0 | O9: 0 | P9: 0.83 | Q9: 4.99
A10: 45332.083 | B10: 36.65 | C10: 34.2 | D10: 47.59 | E10: 7.74 | F10: 3.59 | G10: 93.53 | H10: 35.1 | I10: 0 | J10: 0.59 | K10: 165.16 | L10: 17.06 | M10: 68.92 | N10: 0 | O10: 0 | P10: 0.84 | Q10: 5.04
A11: 45332.125 | B11: 34.09 | C11: 31.02 | D11: 44.79 | E11: 7.05 | F11: 3.32 | G11: 93.53 | H11: 35.85 | I11: 0 | J11: 0.23 | K11: 179.95 | L11: 16.7 | M11: 65.87 | N11: 0 | O11: 0 | P11: 0.83 | Q11: 5.02
A12: 45332.167 | B12: 30.33 | C12: 31.05 | D12: 41.9 | E12: 6.94 | F12: 3.35 | G12: 91.6 | H12: 36.38 | I12: 0 | J12: 0.34 | K12: 104.19 | L12: 16.33 | M12: 65.28 | N12: 0 | O12: 0 | P12: 0.84 | Q12: 5
A13: 45332.208 | B13: 28.04 | C13: 29.48 | D13: 38.89 | E13: 7.14 | F13: 3.56 | G13: 92.73 | H13: 36.38 | I13: 0 | J13: 0.29 | K13: 155.87 | L13: 16.07 | M13: 76.83 | N13: 0 | O13: 0 | P13: 0.83 | Q13: 4.96
A14: 45332.25 | B14: 25.82 | C14: 28.68 | D14: 37.04 | E14: 7.47 | F14: 3.4 | G14: 94.97 | H14: 37.22 | I14: 0 | J14: 0.69 | K14: 66.57 | L14: 15.56 | M14: 70.73 | N14: 0 | O14: 0 | P14: 0.83 | Q14: 4.96
A15: 45332.292 | B15: 26.51 | C15: 29.37 | D15: 37.95 | E15: 7.92 | F15: 3.42 | G15: 95.73 | H15: 39.03 | I15: 0 | J15: 1.06 | K15: 59.64 | L15: 15.53 | M15: 63.42 | N15: 7.5 | O15: 0 | P15: 0.85 | Q15: 4.96
A16: 45332.333 | B16: 27.17 | C16: 30.6 | D16: 38.86 | E16: 8.41 | F16: 3.64 | G16: 101.47 | H16: 39.03 | I16: 0 | J16: 1.18 | K16: 62.99 | L16: 17.4 | M16: 59.91 | N16: 57.6 | O16: 0 | P16: 0.86 | Q16: 4.97
A17: 45332.375 | B17: 24.5 | C17: 30.56 | D17: 36.97 | E17: 9.11 | F17: 3.74 | G17: 104.82 | H17: 38.27 | I17: 0 | J17: 1.3 | K17: 70.42 | L17: 21 | M17: 49.01 | N17: 290.5 | O17: 0 | P17: 0.87 | Q17: 4.95
A18: 45332.417 | B18: 17.91 | C18: 30.5 | D18: 31.49 | E18: 12.01 | F18: 3.94 | G18: 104.82 | H18: 37.85 | I18: 0 | J18: 1.08 | K18: 76.55 | L18: 24.21 | M18: 36.41 | N18: 356.4 | O18: 0 | P18: 0.85 | Q18: 4.91
A19: 45332.458 | B19: 11.75 | C19: 29.82 | D19: 26.35 | E19: 11.68 | F19: 4.6 | G19: 91.09 | H19: 35.19 | I19: 0 | J19: 0.96 | K19: 78.73 | L19: 26.11 | M19: 31.91 | N19: 460.7 | O19: 0 | P19: 0.82 | Q19: 4.85
A20: 45332.5 | B20: 6.63 | C20: 26.76 | D20: 20.65 | E20: 20.45 | F20: 19.49 | G20: 85.69 | H20: 34.57 | I20: 0 | J20: 0.77 | K20: 81.76 | L20: 27.8 | M20: 29.11 | N20: 566.4 | O20: 0 | P20: 0.78 | Q20: 4.79
... A32: 45333 | B32: 9.74 | C32: 26.31 | D32: 22.91 | E32: 8.52 | F32: 3.77 | G32: 113.53 | H32: 43.91 | I32: 7.06 | J32: 0.22 | K32: 168.95 | L32: 21.46 | M32: 53.76 | N32: 0 | O32: 0 | P32: 0.88 | Q32: 4.8
A34: Min | B34: =MIN(B9:B32) -> 2.2 | C34: =MIN(C9:C32) -> 18.19 | D34: =MIN(D9:D32) -> 12.78 | E34: =MIN(E9:E32) -> 6.94 | F34: =MIN(F9:F32) -> 3.32 | G34: =MIN(G9:G32) -> 57.02 | H34: =MIN(H9:H32) -> 24.32 | I34: =MIN(I9:I32) -> 0 | ... Q34: =MIN(Q9:Q32) -> 4.73
A35: Max | B35: =MAX(B9:B32) -> 36.65 | C35: =MAX(C9:C32) -> 37.82 | D35: =MAX(D9:D32) -> 47.59 | E35: =MAX(E9:E32) -> 28.94 | F35: =MAX(F9:F32) -> 23.38 | G35: =MAX(G9:G32) -> 116.45 | H35: =MAX(H9:H32) -> 43.91 | I35: =MAX(I9:I32) -> 7.08 | ... Q35: =MAX(Q9:Q32) -> 5.04
A36: Avg | B36: =AVERAGE(B9:B32) -> 15.868333 | C36: =AVERAGE(C9:C32) -> 29.015 | D36: =AVERAGE(D9:D32) -> 29.056667 | E36: =AVERAGE(E9:E32) -> 10.709167 | F36: =AVERAGE(F9:F32) -> 7.0083333 | G36: =AVERAGE(G9:G32) -> 93.352917 | H36: =AVERAGE(H9:H32) -> 35.748333 | I36: =AVERAGE(I9:I32) -> 2.6454167 | ... Q36: =AVERAGE(Q9:Q32) -> 4.8654167
A37: Stdev | B37: =STDEV(B9:B32) -> 11.481044 | C37: =STDEV(C9:C32) -> 4.3674776 | D37: =STDEV(D9:D32) -> 10.479994 | E37: =STDEV(E9:E32) -> 4.905125 | F37: =STDEV(F9:F32) -> 6.2968168 | G37: =STDEV(G9:G32) -> 16.762905 | H37: =STDEV(H9:H32) -> 4.7680829 | I37: =STDEV(I9:I32) -> 2.8678154 | ... Q37: =STDEV(Q9:Q32) -> 0.1014666
A38: Num | B38: =COUNT(B9:B32) -> 24 | C38: =COUNT(C9:C32) -> 24 | D38: =COUNT(D9:D32) -> 24 | E38: =COUNT(E9:E32) -> 24 | F38: =COUNT(F9:F32) -> 24 | G38: =COUNT(G9:G32) -> 24 | H38: =COUNT(H9:H32) -> 24 | I38: =COUNT(I9:I32) -> 24 | ... Q38: =COUNT(Q9:Q32) -> 24
A39: DCR | B39: =IF(B38>=22,">90%",IF(B38<=22,"<90%")) -> >90% | C39: =IF(C38>=22,">90%",IF(C38<=22,"<90%")) -> >90% | D39: =IF(D38>=22,">90%",IF(D38<=22,"<90%")) -> >90% | E39: =IF(E38>=22,">90%",IF(E38<=22,"<90%")) -> >90% | F39: =IF(F38>=22,">90%",IF(F38<=22,"<90%")) -> >90% | G39: =IF(G38>=22,">90%",IF(G38<=22,"<90%")) -> >90% | H39: =IF(H38>=22,">90%",IF(H38<=22,"<90%")) -> >90% | I39: =IF(I38>=22,">90%",IF(I38<=22,"<90%")) -> >90% | ... Q39: =IF(Q38>=22,">90%",IF(Q38<=22,"<90%")) -> >90%
A40: Status | B40: =IF(B38>=22,"OK",IF(B38<=22,"LESS")) -> OK | C40: =IF(C38>=22,"OK",IF(C38<=22,"LESS")) -> OK | D40: =IF(D38>=22,"OK",IF(D38<=22,"LESS")) -> OK | E40: =IF(E38>=22,"OK",IF(E38<=22,"LESS")) -> OK | F40: =IF(F38>=22,"OK",IF(F38<=22,"LESS")) -> OK | G40: =IF(G38>=22,"OK",IF(G38<=22,"LESS")) -> OK | H40: =IF(H38>=22,"OK",IF(H38<=22,"LESS")) -> OK | I40: =IF(I38>=22,"OK",IF(I38<=22,"LESS")) -> OK | ... Q40: =IF(Q38>=22,"OK",IF(Q38<=22,"LESS")) -> OK
A43: Done by | B43: AKASH
A45: Comment

Sheet 11
A1: Station: | B1: IGKV ,RAIPUR
A2: Date: | B2: =$A$9 -> 45333.042 | D2: Power Off | G2: Pw.Off | L2: Link Fail | N2: Link F | P2: Maintenance | R2: Maint.
A3: Report Type: | B3: Mean | D3: Calibration | G3: Calib. | L3: Data Fail | N3: Data F | P3: Invalid | R3: Invalid
A4: Time Base: | B4: 01 Hour | D4: Zero Referrence | G4: Z.Ref | L4: Warm Up | N4: Wm. Up
A7: Date & Time | B7: NO | C7: NO2 | D7: NOX | E7: SO2 | F7: O3 | G7: PM 10 | H7: PM 2.5 | I7: BENZ | J7: WS | K7: WD | L7: TEMP | M7: HUM | N7: SR | O7: RG | P7: CO | Q7: NH3
B8: ug/m3 | C8: ug/m3 | D8: ppb | E8: ug/m3 | F8: ug/m3 | G8: ug/m3 | H8: ug/m3 | I8: ug/m3 | J8: m/sec | K8: deg | L8: degreC | M8: % | N8: w/m2 | O8: mm | P8: mg/m3 | Q8: ug/m3
A9: 45333.042 | B9: 7.98 | C9: 25.47 | D9: 21.06 | E9: 8.26 | F9: 4.06 | G9: 103.98 | H9: 43.91 | I9: 6.97 | J9: 0.18 | K9: 232.15 | L9: 20.81 | M9: 64.38 | N9: 0 | O9: 0 | P9: 0.85 | Q9: 4.79
A10: 45333.083 | B10: 8.79 | C10: 25 | D10: 21.46 | E10: 8.17 | F10: 3.76 | G10: 90.52 | H10: 39.96 | I10: 6.77 | J10: 0.44 | K10: 255.4 | L10: 20.21 | M10: 63.58 | N10: 0 | O10: 0 | P10: 0.82 | Q10: 4.81
A11: 45333.125 | B11: 9.15 | C11: 26.43 | D11: 22.46 | E11: 8.68 | F11: 3.46 | G11: 88.55 | H11: 39.37 | I11: 6.69 | J11: 0.31 | K11: 185.52 | L11: 20.1 | M11: 70 | N11: 0 | O11: 0 | P11: 0.78 | Q11: 4.82
A12: 45333.167 | B12: 9.33 | C12: 27.32 | D12: 23.11 | E12: 8.94 | F12: 3.59 | G12: 88.55 | H12: 38.38 | I12: 6.57 | J12: 0.75 | K12: 107.45 | L12: 19.73 | M12: 67.91 | N12: 0 | O12: 0 | P12: 0.76 | Q12: 4.82
A13: 45333.208 | B13: 9.37 | C13: 27.23 | D13: 23.09 | E13: 9.27 | F13: 3.57 | G13: 88.69 | H13: 38.23 | I13: 6.72 | J13: 0.33 | K13: 206.12 | L13: 19.27 | M13: 71.82 | N13: 0 | O13: 0 | P13: 0.76 | Q13: 4.8
A14: 45333.25 | B14: 10.18 | C14: 26.81 | D14: 23.46 | E14: 9.18 | F14: 3.37 | G14: 88.69 | H14: 39.41 | I14: 6.93 | J14: 0.29 | K14: 232.76 | L14: 18.39 | M14: 77.98 | N14: 0 | O14: 0 | P14: 0.76 | Q14: 4.81
A15: 45333.292 | B15: 15.03 | C15: 28.2 | D15: 28.14 | E15: 9.11 | F15: 3.41 | G15: 90.99 | H15: 41.82 | I15: 7.19 | J15: 0.9 | K15: 162.49 | L15: 18.24 | M15: 76.67 | N15: 3.4 | O15: 0 | P15: 0.82 | Q15: 4.81
A16: 45333.333 | B16: 18.61 | C16: 26.42 | D16: 28.96 | E16: 8.72 | F16: 3.55 | G16: 105.7 | H16: 48.39 | I16: 8.17 | J16: 0.93 | K16: 48.95 | L16: 19.45 | M16: 70.52 | N16: 63.2 | O16: 0 | P16: 0.88 | Q16: 4.85
A17: 45333.375 | B17: 18.74 | C17: 27.38 | D17: 30.56 | E17: 9.82 | F17: 3.59 | G17: 121.18 | H17: 52.3 | I17: 8.82 | J17: 1.26 | K17: 70.64 | L17: 22.28 | M17: 64.07 | N17: 238.5 | O17: 0 | P17: 0.94 | Q17: 4.89
A18: 45333.417 | B18: 17.33 | C18: 24.45 | D18: 27.67 | E18: 10.16 | F18: 3.68 | G18: 121.18 | H18: 54.38 | I18: 8.84 | J18: 0.73 | K18: 114.16 | L18: 25.92 | M18: 54.77 | N18: 301.3 | O18: 0 | P18: 0.93 | Q18: 4.85
A19: 45333.458 | B19: 13.97 | C19: 23.25 | D19: 24.7 | E19: 12.23 | F19: 4.14 | G19: 116.69 | H19: 54.38 | I19: 8.73 | J19: 0.73 | K19: 102.37 | L19: 27.83 | M19: 48.01 | N19: 451.7 | O19: 0 | P19: 0.92 | Q19: 4.85
A20: 45333.5 | B20: 10.36 | C20: 20.83 | D20: 20.54 | E20: 12.15 | F20: 7.63 | G20: 108.12 | H20: 52.02 | I20: 8.62 | J20: 0.52 | K20: 92.12 | L20: 30.02 | M20: 43.5 | N20: 497.2 | O20: 0 | P20: 0.88 | Q20: 4.8
... A32: 45334 | B32: 5.8 | C32: 21.16 | D32: 16.87 | E32: 9.17 | F32: 4.37 | G32: 81.26 | H32: 33.15 | I32: 6.25 | J32: 0.99 | K32: 77.6 | L32: 22.33 | M32: 63.57 | N32: 0 | O32: 0 | P32: 0.74 | Q32: 4.79
A34: Min | B34: =MIN(B9:B32) -> 5.15 | C34: =MIN(C9:C32) -> 16.13 | D34: =MIN(D9:D32) -> 13.89 | E34: =MIN(E9:E32) -> 6.83 | F34: =MIN(F9:F32) -> 3.37 | G34: =MIN(G9:G32) -> 54.21 | H34: =MIN(H9:H32) -> 27.63 | I34: =MIN(I9:I32) -> 5.49 | ... Q34: =MIN(Q9:Q32) -> 4.71
A35: Max | B35: =MAX(B9:B32) -> 18.74 | C35: =MAX(C9:C32) -> 28.2 | D35: =MAX(D9:D32) -> 30.56 | E35: =MAX(E9:E32) -> 26.58 | F35: =MAX(F9:F32) -> 11.8 | G35: =MAX(G9:G32) -> 121.18 | H35: =MAX(H9:H32) -> 54.38 | I35: =MAX(I9:I32) -> 8.84 | ... Q35: =MAX(Q9:Q32) -> 4.89
A36: Avg | B36: =AVERAGE(B9:B32) -> 9.07 | C36: =AVERAGE(C9:C32) -> 22.4675 | D36: =AVERAGE(D9:D32) -> 20.2575 | E36: =AVERAGE(E9:E32) -> 10.518333 | F36: =AVERAGE(F9:F32) -> 5.61 | G36: =AVERAGE(G9:G32) -> 88.854167 | H36: =AVERAGE(H9:H32) -> 38.577917 | I36: =AVERAGE(I9:I32) -> 6.9395833 | ... Q36: =AVERAGE(Q9:Q32) -> 4.7904167
A37: Stdev | B37: =STDEV(B9:B32) -> 4.4362303 | C37: =STDEV(C9:C32) -> 3.7913474 | D37: =STDEV(D9:D32) -> 5.0566257 | E37: =STDEV(E9:E32) -> 4.0620135 | F37: =STDEV(F9:F32) -> 2.7506458 | G37: =STDEV(G9:G32) -> 17.445326 | H37: =STDEV(H9:H32) -> 8.6530954 | I37: =STDEV(I9:I32) -> 1.0447528 | ... Q37: =STDEV(Q9:Q32) -> 0.046855854
A38: Num | B38: =COUNT(B9:B32) -> 24 | C38: =COUNT(C9:C32) -> 24 | D38: =COUNT(D9:D32) -> 24 | E38: =COUNT(E9:E32) -> 24 | F38: =COUNT(F9:F32) -> 24 | G38: =COUNT(G9:G32) -> 24 | H38: =COUNT(H9:H32) -> 24 | I38: =COUNT(I9:I32) -> 24 | ... Q38: =COUNT(Q9:Q32) -> 24
A39: DCR | B39: =IF(B38>=22,">90%",IF(B38<=22,"<90%")) -> >90% | C39: =IF(C38>=22,">90%",IF(C38<=22,"<90%")) -> >90% | D39: =IF(D38>=22,">90%",IF(D38<=22,"<90%")) -> >90% | E39: =IF(E38>=22,">90%",IF(E38<=22,"<90%")) -> >90% | F39: =IF(F38>=22,">90%",IF(F38<=22,"<90%")) -> >90% | G39: =IF(G38>=22,">90%",IF(G38<=22,"<90%")) -> >90% | H39: =IF(H38>=22,">90%",IF(H38<=22,"<90%")) -> >90% | I39: =IF(I38>=22,">90%",IF(I38<=22,"<90%")) -> >90% | ... Q39: =IF(Q38>=22,">90%",IF(Q38<=22,"<90%")) -> >90%
A40: Status | B40: =IF(B38>=22,"OK",IF(B38<=22,"LESS")) -> OK | C40: =IF(C38>=22,"OK",IF(C38<=22,"LESS")) -> OK | D40: =IF(D38>=22,"OK",IF(D38<=22,"LESS")) -> OK | E40: =IF(E38>=22,"OK",IF(E38<=22,"LESS")) -> OK | F40: =IF(F38>=22,"OK",IF(F38<=22,"LESS")) -> OK | G40: =IF(G38>=22,"OK",IF(G38<=22,"LESS")) -> OK | H40: =IF(H38>=22,"OK",IF(H38<=22,"LESS")) -> OK | I40: =IF(I38>=22,"OK",IF(I38<=22,"LESS")) -> OK | ... Q40: =IF(Q38>=22,"OK",IF(Q38<=22,"LESS")) -> OK
A43: Done by | B43: AKASH
A45: Comment

Sheet 12
A1: Station: | B1: IGKV ,RAIPUR
A2: Date: | B2: =$A$9 -> 45334.042 | D2: Power Off | G2: Pw.Off | L2: Link Fail | N2: Link F | P2: Maintenance | R2: Maint.
A3: Report Type: | B3: Mean | D3: Calibration | G3: Calib. | L3: Data Fail | N3: Data F | P3: Invalid | R3: Invalid
A4: Time Base: | B4: 01 Hour | D4: Zero Referrence | G4: Z.Ref | L4: Warm Up | N4: Wm. Up
A7: Date & Time | B7: NO | C7: NO2 | D7: NOX | E7: SO2 | F7: O3 | G7: PM 10 | H7: PM 2.5 | I7: BENZ | J7: WS | K7: WD | L7: TEMP | M7: HUM | N7: SR | O7: RG | P7: CO | Q7: NH3
B8: ug/m3 | C8: ug/m3 | D8: ppb | E8: ug/m3 | F8: ug/m3 | G8: ug/m3 | H8: ug/m3 | I8: ug/m3 | J8: m/sec | K8: deg | L8: degreC | M8: % | N8: w/m2 | O8: mm | P8: mg/m3 | Q8: ug/m3
A9: 45334.042 | B9: 5.04 | C9: 21.51 | D9: 16.51 | E9: 8.76 | F9: 5.02 | G9: 79.71 | H9: 38.26 | I9: 6.15 | J9: 0.57 | K9: 233.77 | L9: 22.03 | M9: 90 | N9: 0 | O9: 2.8 | P9: 0.74 | Q9: 4.77
A10: 45334.083 | B10: 5.46 | C10: 22.05 | D10: 17.25 | E10: 7.72 | F10: 3.7 | G10: 78.84 | H10: 38.26 | I10: 6.01 | J10: 0.33 | K10: 132.54 | L10: 19.48 | M10: 89.59 | N10: 0 | O10: 0 | P10: 0.73 | Q10: 4.76
A11: 45334.125 | B11: 6 | C11: 22.85 | D11: 17.94 | E11: 9.34 | F11: 3.66 | G11: 78.84 | H11: 37.55 | I11: 5.96 | J11: 0.93 | K11: 72.91 | L11: 19.42 | M11: 87.62 | N11: 0 | O11: 0 | P11: 0.73 | Q11: 4.74
A12: 45334.167 | B12: 6.19 | C12: 18.15 | D12: 15.62 | E12: 8.37 | F12: 3.75 | G12: 77.74 | H12: 37.55 | I12: 5.89 | J12: 1.04 | K12: 106.95 | L12: 18.69 | M12: 88.12 | N12: 0 | O12: 0 | P12: 0.71 | Q12: 4.75
A13: 45334.208 | B13: 5.69 | C13: 17.67 | D13: 15.14 | E13: 8.58 | F13: 3.84 | G13: 73.86 | H13: 36.71 | I13: 5.77 | J13: 0.98 | K13: 89.29 | L13: 18.58 | M13: 88.62 | N13: 0 | O13: 0 | P13: 0.7 | Q13: 4.73
A14: 45334.25 | B14: 6.15 | C14: 17.42 | D14: 15.05 | E14: 8.39 | F14: 3.54 | G14: 63.67 | H14: 34.97 | I14: 5.7 | J14: 0.75 | K14: 73.33 | L14: 18.24 | M14: 90.49 | N14: 0 | O14: 0 | P14: 0.69 | Q14: 4.74
A15: 45334.292 | B15: 7.49 | C15: 17.57 | D15: 16.23 | E15: 7.76 | F15: 3.59 | G15: 64.59 | H15: 34.66 | I15: 5.77 | J15: 0.9 | K15: 54.85 | L15: 18.23 | M15: 91.07 | N15: 11.2 | O15: 0 | P15: 0.7 | Q15: 4.76
A16: 45334.333 | B16: 8.07 | C16: 18.54 | D16: 17.51 | E16: 8.95 | F16: 3.55 | G16: 64.59 | H16: 34.66 | I16: 5.9 | J16: 1.03 | K16: 51.62 | L16: 18.69 | M16: 89.91 | N16: 47.8 | O16: 0 | P16: 0.71 | Q16: 4.8
A17: 45334.375 | B17: 8.74 | C17: 21.35 | D17: 19.51 | E17: 9.22 | F17: 3.46 | G17: 64.41 | H17: 33.21 | I17: 6.07 | J17: 2.34 | K17: 309.66 | L17: 18.96 | M17: 98.49 | N17: 205.5 | O17: 2 | P17: 0.74 | Q17: 4.78
A18: 45334.417 | B18: 9.26 | C18: 22.53 | D18: 20.31 | E18: 9.96 | F18: 3.46 | G18: 64.86 | H18: 33.62 | I18: 6.31 | J18: 0.46 | K18: 111.83 | L18: 23.07 | M18: 96.43 | N18: 295.7 | O18: 0 | P18: 0.78 | Q18: 4.8
A19: 45334.458 | B19: 8.13 | C19: 22.67 | D19: 19.52 | E19: 7.19 | F19: 3.82 | G19: 64.86 | H19: 33.62 | I19: 6.36 | J19: 0.74 | K19: 131.82 | L19: 25.7 | M19: 76.02 | N19: 483.9 | O19: 0 | P19: 0.77 | Q19: 4.73
A20: 45334.5 | B20: 6.27 | C20: 22.62 | D20: 18.06 | E20: 8.16 | F20: 4.56 | G20: 59.39 | H20: 33.52 | I20: 6.23 | J20: 0.79 | K20: 68.69 | L20: 26.73 | M20: 65.76 | N20: 575.5 | O20: 0 | P20: 0.75 | Q20: 4.71
... A32: 45335 | B32: 10.03 | C32: 19.55 | D32: 19.61 | E32: 10.09 | F32: 3.76 | G32: 65.06 | H32: 25.92 | I32: 6.36 | J32: 0.22 | K32: 147.51 | L32: 22.64 | M32: 81.73 | N32: 0 | O32: 0 | P32: 0.77 | Q32: 4.75
A34: Min | B34: =MIN(B9:B32) -> 4.48 | C34: =MIN(C9:C32) -> 14.33 | D34: =MIN(D9:D32) -> 12.45 | E34: =MIN(E9:E32) -> 7.19 | F34: =MIN(F9:F32) -> 3.19 | G34: =MIN(G9:G32) -> 55.29 | H34: =MIN(H9:H32) -> 25.92 | I34: =MIN(I9:I32) -> 5.7 | ... Q34: =MIN(Q9:Q32) -> 4.68
A35: Max | B35: =MAX(B9:B32) -> 14.91 | C35: =MAX(C9:C32) -> 29.02 | D35: =MAX(D9:D32) -> 28.29 | E35: =MAX(E9:E32) -> 12.16 | F35: =MAX(F9:F32) -> 8.79 | G35: =MAX(G9:G32) -> 79.71 | H35: =MAX(H9:H32) -> 38.26 | I35: =MAX(I9:I32) -> 6.8 | ... Q35: =MAX(Q9:Q32) -> 4.88
A36: Avg | B36: =AVERAGE(B9:B32) -> 7.85625 | C36: =AVERAGE(C9:C32) -> 21.234583 | D36: =AVERAGE(D9:D32) -> 18.6625 | E36: =AVERAGE(E9:E32) -> 9.0408333 | F36: =AVERAGE(F9:F32) -> 4.51 | G36: =AVERAGE(G9:G32) -> 65.57125 | H36: =AVERAGE(H9:H32) -> 32.43375 | I36: =AVERAGE(I9:I32) -> 6.1120833 | ... Q36: =AVERAGE(Q9:Q32) -> 4.76875
A37: Stdev | B37: =STDEV(B9:B32) -> 3.2114209 | C37: =STDEV(C9:C32) -> 4.2697276 | D37: =STDEV(D9:D32) -> 4.5741507 | E37: =STDEV(E9:E32) -> 1.4315237 | F37: =STDEV(F9:F32) -> 1.6229737 | G37: =STDEV(G9:G32) -> 7.8165612 | H37: =STDEV(H9:H32) -> 3.6943409 | I37: =STDEV(I9:I32) -> 0.31513943 | ... Q37: =STDEV(Q9:Q32) -> 0.055506561
A38: Num | B38: =COUNT(B9:B32) -> 24 | C38: =COUNT(C9:C32) -> 24 | D38: =COUNT(D9:D32) -> 24 | E38: =COUNT(E9:E32) -> 24 | F38: =COUNT(F9:F32) -> 24 | G38: =COUNT(G9:G32) -> 24 | H38: =COUNT(H9:H32) -> 24 | I38: =COUNT(I9:I32) -> 24 | ... Q38: =COUNT(Q9:Q32) -> 24
A39: DCR | B39: =IF(B38>=22,">90%",IF(B38<=22,"<90%")) -> >90% | C39: =IF(C38>=22,">90%",IF(C38<=22,"<90%")) -> >90% | D39: =IF(D38>=22,">90%",IF(D38<=22,"<90%")) -> >90% | E39: =IF(E38>=22,">90%",IF(E38<=22,"<90%")) -> >90% | F39: =IF(F38>=22,">90%",IF(F38<=22,"<90%")) -> >90% | G39: =IF(G38>=22,">90%",IF(G38<=22,"<90%")) -> >90% | H39: =IF(H38>=22,">90%",IF(H38<=22,"<90%")) -> >90% | I39: =IF(I38>=22,">90%",IF(I38<=22,"<90%")) -> >90% | ... Q39: =IF(Q38>=22,">90%",IF(Q38<=22,"<90%")) -> >90%
A40: Status | B40: =IF(B38>=22,"OK",IF(B38<=22,"LESS")) -> OK | C40: =IF(C38>=22,"OK",IF(C38<=22,"LESS")) -> OK | D40: =IF(D38>=22,"OK",IF(D38<=22,"LESS")) -> OK | E40: =IF(E38>=22,"OK",IF(E38<=22,"LESS")) -> OK | F40: =IF(F38>=22,"OK",IF(F38<=22,"LESS")) -> OK | G40: =IF(G38>=22,"OK",IF(G38<=22,"LESS")) -> OK | H40: =IF(H38>=22,"OK",IF(H38<=22,"LESS")) -> OK | I40: =IF(I38>=22,"OK",IF(I38<=22,"LESS")) -> OK | ... Q40: =IF(Q38>=22,"OK",IF(Q38<=22,"LESS")) -> OK
A43: Done by | B43: AKASH
A45: Comment

Sheet 13
A1: Station: | B1: IGKV ,RAIPUR
A2: Date: | B2: =$A$9 -> 45335.042 | D2: Power Off | G2: Pw.Off | L2: Link Fail | N2: Link F | P2: Maintenance | R2: Maint.
A3: Report Type: | B3: Mean | D3: Calibration | G3: Calib. | L3: Data Fail | N3: Data F | P3: Invalid | R3: Invalid
A4: Time Base: | B4: 01 Hour | D4: Zero Referrence | G4: Z.Ref | L4: Warm Up | N4: Wm. Up
A7: Date & Time | B7: NO | C7: NO2 | D7: NOX | E7: SO2 | F7: O3 | G7: PM 10 | H7: PM 2.5 | I7: BENZ | J7: WS | K7: WD | L7: TEMP | M7: HUM | N7: SR | O7: RG | P7: CO | Q7: NH3
B8: ug/m3 | C8: ug/m3 | D8: ppb | E8: ug/m3 | F8: ug/m3 | G8: ug/m3 | H8: ug/m3 | I8: ug/m3 | J8: m/sec | K8: deg | L8: degreC | M8: % | N8: w/m2 | O8: mm | P8: mg/m3 | Q8: ug/m3
A9: 45335.042 | B9: 9.86 | C9: 18.83 | D9: 19.1 | E9: 10.16 | F9: 3.74 | G9: 61.26 | H9: 26.16 | I9: 6.22 | J9: 0.24 | K9: 133.32 | L9: 22.28 | M9: 83.99 | N9: 0 | O9: 0 | P9: 0.75 | Q9: 4.75
A10: 45335.083 | B10: 10.22 | C10: 16.71 | D10: 17.92 | E10: 9.74 | F10: 3.51 | G10: 61.26 | H10: 26.71 | I10: 6.07 | J10: 0.17 | K10: 330.45 | L10: 22.17 | M10: 88.68 | N10: 0 | O10: 0 | P10: 0.72 | Q10: 4.81
A11: 45335.125 | B11: 11.77 | C11: 17.05 | D11: 19.38 | E11: 7.45 | F11: 3.46 | G11: 59.05 | H11: 27.74 | I11: 5.99 | J11: 0.44 | K11: 58.67 | L11: 21.19 | M11: 91.13 | N11: 0 | O11: 0 | P11: 0.72 | Q11: 4.83
A12: 45335.167 | B12: 14.08 | C12: 18.39 | D12: 22.25 | E12: 7.42 | F12: 3.38 | G12: 54.55 | H12: 27.74 | I12: 5.96 | J12: 0.72 | K12: 53.83 | L12: 20.64 | M12: 93.84 | N12: 0 | O12: 0 | P12: 0.69 | Q12: 4.85
A13: 45335.208 | B13: 15.2 | C13: 20.52 | D13: 24.26 | E13: 7.85 | F13: 3.4 | G13: 54.49 | H13: 26.07 | I13: 5.99 | J13: 0.67 | K13: 58.81 | L13: 19.93 | M13: 95.49 | N13: 0 | O13: 0 | P13: 0.69 | Q13: 4.85
A14: 45335.25 | B14: 17.36 | C14: 22.13 | D14: 26.83 | E14: 8.44 | F14: 3.19 | G14: 54.51 | H14: 27.99 | I14: 6.11 | J14: 0.46 | K14: 70.16 | L14: 19.67 | M14: 96.53 | N14: 0 | O14: 0 | P14: 0.7 | Q14: 4.83
A15: 45335.292 | B15: 21.02 | C15: 23.84 | D15: 30.67 | E15: 8.79 | F15: 3.27 | G15: 59.82 | H15: 27.99 | I15: 6.5 | J15: 0.44 | K15: 55.88 | L15: 19.46 | M15: 97.26 | N15: 12.8 | O15: 0 | P15: 0.75 | Q15: 4.85
A16: 45335.333 | B16: 23.7 | C16: 25 | D16: 33.42 | E16: 8.95 | F16: 3.16 | G16: 68.27 | H16: 29.17 | I16: 7.46 | J16: 0.58 | K16: 69.39 | L16: 20.56 | M16: 96.69 | N16: 84.1 | O16: 0 | P16: 0.82 | Q16: 4.87
A17: 45335.375 | B17: 24.43 | C17: 26.15 | D17: 34.06 | E17: 9.29 | F17: 3.81 | G17: 69.74 | H17: 32.93 | I17: 8.1 | J17: 0.8 | K17: 71.62 | L17: 22.53 | M17: 90.38 | N17: 183.3 | O17: 0 | P17: 0.89 | Q17: 4.86
A18: 45335.417 | B18: 24.41 | C18: 18.9 | D18: 30.55 | E18: 8.39 | F18: 3.57 | G18: 69.74 | H18: 33.74 | I18: 8.26 | J18: 0.57 | K18: 320.12 | L18: 24.57 | M18: 83.7 | N18: 270.4 | O18: 0 | P18: 0.89 | Q18: 4.85
A19: 45335.458 | B19: 23.09 | C19: 18.54 | D19: 29.55 | E19: 10.62 | F19: 3.73 | G19: 67.44 | H19: 34.55 | I19: 8.27 | J19: 0.45 | K19: 328.12 | L19: 27.42 | M19: 72.89 | N19: 499.1 | O19: 0 | P19: 0.89 | Q19: 4.85
A20: 45335.5 | B20: 18.51 | C20: 17.38 | D20: 25.13 | E20: 10.16 | F20: 4.02 | G20: 64.78 | H20: 34.55 | I20: 8.02 | J20: 1.14 | K20: 317.42 | L20: 28.49 | M20: 56.55 | N20: 563.9 | O20: 0 | P20: 0.86 | Q20: 4.84
... A32: 45336 | B32: 16.51 | C32: 21.54 | D32: 25.24 | E32: 8.21 | F32: 3.29 | G32: 131.54 | H32: 35.25 | I32: 8.75 | J32: 0.26 | K32: 196.71 | L32: 20.18 | M32: 89.25 | N32: 0 | O32: 0 | P32: 0.92 | Q32: 4.9
A34: Min | B34: =MIN(B9:B32) -> 3.86 | C34: =MIN(C9:C32) -> 12.54 | D34: =MIN(D9:D32) -> 12.54 | E34: =MIN(E9:E32) -> 7.05 | F34: =MIN(F9:F32) -> 3.16 | G34: =MIN(G9:G32) -> 45.41 | H34: =MIN(H9:H32) -> 23.12 | I34: =MIN(I9:I32) -> 5.96 | ... Q34: =MIN(Q9:Q32) -> 4.68
A35: Max | B35: =MAX(B9:B32) -> 24.43 | C35: =MAX(C9:C32) -> 26.15 | D35: =MAX(D9:D32) -> 34.06 | E35: =MAX(E9:E32) -> 11.62 | F35: =MAX(F9:F32) -> 9.33 | G35: =MAX(G9:G32) -> 188.64 | H35: =MAX(H9:H32) -> 36.59 | I35: =MAX(I9:I32) -> 9.46 | ... Q35: =MAX(Q9:Q32) -> 4.9
A36: Avg | B36: =AVERAGE(B9:B32) -> 13.321667 | C36: =AVERAGE(C9:C32) -> 19.01125 | D36: =AVERAGE(D9:D32) -> 21.785833 | E36: =AVERAGE(E9:E32) -> 9.08875 | F36: =AVERAGE(F9:F32) -> 4.5766667 | G36: =AVERAGE(G9:G32) -> 75.090833 | H36: =AVERAGE(H9:H32) -> 30.349167 | I36: =AVERAGE(I9:I32) -> 7.5725 | ... Q36: =AVERAGE(Q9:Q32) -> 4.8145833
A37: Stdev | B37: =STDEV(B9:B32) -> 7.00371 | C37: =STDEV(C9:C32) -> 3.1305442 | D37: =STDEV(D9:D32) -> 6.7548391 | E37: =STDEV(E9:E32) -> 1.3296724 | F37: =STDEV(F9:F32) -> 1.9616578 | G37: =STDEV(G9:G32) -> 38.730544 | H37: =STDEV(H9:H32) -> 4.0687397 | I37: =STDEV(I9:I32) -> 1.1208043 | ... Q37: =STDEV(Q9:Q32) -> 0.055244844
A38: Num | B38: =COUNT(B9:B32) -> 24 | C38: =COUNT(C9:C32) -> 24 | D38: =COUNT(D9:D32) -> 24 | E38: =COUNT(E9:E32) -> 24 | F38: =COUNT(F9:F32) -> 24 | G38: =COUNT(G9:G32) -> 24 | H38: =COUNT(H9:H32) -> 24 | I38: =COUNT(I9:I32) -> 24 | ... Q38: =COUNT(Q9:Q32) -> 24
A39: DCR | B39: =IF(B38>=22,">90%",IF(B38<=22,"<90%")) -> >90% | C39: =IF(C38>=22,">90%",IF(C38<=22,"<90%")) -> >90% | D39: =IF(D38>=22,">90%",IF(D38<=22,"<90%")) -> >90% | E39: =IF(E38>=22,">90%",IF(E38<=22,"<90%")) -> >90% | F39: =IF(F38>=22,">90%",IF(F38<=22,"<90%")) -> >90% | G39: =IF(G38>=22,">90%",IF(G38<=22,"<90%")) -> >90% | H39: =IF(H38>=22,">90%",IF(H38<=22,"<90%")) -> >90% | I39: =IF(I38>=22,">90%",IF(I38<=22,"<90%")) -> >90% | ... Q39: =IF(Q38>=22,">90%",IF(Q38<=22,"<90%")) -> >90%
A40: Status | B40: =IF(B38>=22,"OK",IF(B38<=22,"LESS")) -> OK | C40: =IF(C38>=22,"OK",IF(C38<=22,"LESS")) -> OK | D40: =IF(D38>=22,"OK",IF(D38<=22,"LESS")) -> OK | E40: =IF(E38>=22,"OK",IF(E38<=22,"LESS")) -> OK | F40: =IF(F38>=22,"OK",IF(F38<=22,"LESS")) -> OK | G40: =IF(G38>=22,"OK",IF(G38<=22,"LESS")) -> OK | H40: =IF(H38>=22,"OK",IF(H38<=22,"LESS")) -> OK | I40: =IF(I38>=22,"OK",IF(I38<=22,"LESS")) -> OK | ... Q40: =IF(Q38>=22,"OK",IF(Q38<=22,"LESS")) -> OK
A43: Done by | B43: AKASH
A45: Comment

Sheet 14
A1: Station: | B1: IGKV ,RAIPUR
A2: Date: | B2: =$A$9 -> 45336.042 | D2: Power Off | G2: Pw.Off | L2: Link Fail | N2: Link F | P2: Maintenance | R2: Maint.
A3: Report Type: | B3: Mean | D3: Calibration | G3: Calib. | L3: Data Fail | N3: Data F | P3: Invalid | R3: Invalid
A4: Time Base: | B4: 01 Hour | D4: Zero Referrence | G4: Z.Ref | L4: Warm Up | N4: Wm. Up
A7: Date & Time | B7: NO | C7: NO2 | D7: NOX | E7: SO2 | F7: O3 | G7: PM 10 | H7: PM 2.5 | I7: BENZ | J7: WS | K7: WD | L7: TEMP | M7: HUM | N7: SR | O7: RG | P7: CO | Q7: NH3
B8: ug/m3 | C8: ug/m3 | D8: ppb | E8: ug/m3 | F8: ug/m3 | G8: ug/m3 | H8: ug/m3 | I8: ug/m3 | J8: m/sec | K8: deg | L8: degreC | M8: % | N8: w/m2 | O8: mm | P8: mg/m3 | Q8: ug/m3
A9: 45336.042 | B9: 16.08 | C9: 21.82 | D9: 25.24 | E9: 8.69 | F9: 3.3 | G9: 83.52 | H9: 33.78 | I9: 8.74 | J9: 0.18 | K9: 243.1 | L9: 19.46 | M9: 90.22 | N9: 0 | O9: 0 | P9: 0.91 | Q9: 4.87
A10: 45336.083 | B10: 14.59 | C10: 21.79 | D10: 24.34 | E10: 8.66 | F10: 3.31 | G10: 63.42 | H10: 32.87 | I10: 8.65 | J10: 0.23 | K10: 220.38 | L10: 19.11 | M10: 89.53 | N10: 0 | O10: 0 | P10: 0.91 | Q10: 4.82
A11: 45336.125 | B11: 13.72 | C11: 21.55 | D11: 23.62 | E11: 7.35 | F11: 3.27 | G11: 58.67 | H11: 32.48 | I11: 8.56 | J11: 0.18 | K11: 228.21 | L11: 18.95 | M11: 91.37 | N11: 0 | O11: 0 | P11: 0.89 | Q11: 4.8
A12: 45336.167 | B12: 13.02 | C12: 20.8 | D12: 22.57 | E12: 7.56 | F12: 3.25 | G12: 40.94 | H12: 28.42 | I12: 8.35 | J12: 0.23 | K12: 199.54 | L12: 18.65 | M12: 91.55 | N12: 0 | O12: 0 | P12: 0.85 | Q12: 4.76
A13: 45336.208 | B13: 12.84 | C13: 20.72 | D13: 22.19 | E13: 7.02 | F13: 3.63 | G13: 34.79 | H13: 26.07 | I13: 8.15 | J13: 0.22 | K13: 223.05 | L13: 18.29 | M13: 93.27 | N13: 0 | O13: 0 | P13: 0.84 | Q13: 4.76
A14: 45336.25 | B14: 13.7 | C14: 16.77 | D14: 21.1 | E14: 6.46 | F14: 3.4 | G14: 38.58 | H14: 21.83 | I14: 7.96 | J14: 0.13 | K14: 191.22 | L14: 18.32 | M14: 94.39 | N14: 0 | O14: 0 | P14: 0.81 | Q14: 4.76
A15: 45336.292 | B15: 17.82 | C15: 17.26 | D15: 24.66 | E15: 6.4 | F15: 3.5 | G15: 59.02 | H15: 22.79 | I15: 7.9 | J15: 0.34 | K15: 208.88 | L15: 18.87 | M15: 92.74 | N15: 4.3 | O15: 0 | P15: 0.83 | Q15: 4.85
A16: 45336.333 | B16: 23.85 | C16: 18.27 | D16: 30.02 | E16: 6.74 | F16: 3.61 | G16: 117.79 | H16: 38.52 | I16: 9.27 | J16: 0.72 | K16: 67.76 | L16: 20.78 | M16: 87.31 | N16: 62.3 | O16: 0 | P16: 0.95 | Q16: 4.93
A17: 45336.375 | B17: 25.92 | C17: 20.18 | D17: 32.28 | E17: 7.35 | F17: 3.53 | G17: 202.8 | H17: 60.3 | I17: 11.17 | J17: 0.4 | K17: 303.02 | L17: 24.13 | M17: 78.38 | N17: 302.1 | O17: 0 | P17: 1.08 | Q17: 4.94
A18: 45336.417 | B18: 24.64 | C18: 25.66 | D18: 32.14 | E18: 7.62 | F18: 3.79 | G18: 202.8 | H18: 72.09 | I18: 13.03 | J18: 0.25 | K18: 294.21 | L18: 25.91 | M18: 59.82 | N18: 308.4 | O18: 0 | P18: 1.22 | Q18: 4.93
A19: 45336.458 | B19: 15.87 | C19: 26.38 | D19: 27.86 | E19: 9.54 | F19: 4.17 | G19: 157.81 | H19: 72.09 | I19: 14.72 | J19: 1.07 | K19: 302.25 | L19: 28.22 | M19: 49.94 | N19: 628.4 | O19: 0 | P19: 1.23 | Q19: 4.86
A20: 45336.5 | B20: 9.25 | C20: 25.34 | D20: 22.01 | E20: 9.18 | F20: 5.65 | G20: 92.23 | H20: 55.05 | I20: 14.32 | J20: 0.71 | K20: 291.85 | L20: 30.15 | M20: 42.95 | N20: 559.4 | O20: 0 | P20: 1.16 | Q20: 4.8
... A32: 45337 | B32: 13.2 | C32: 21.81 | D32: 23.33 | E32: 8.63 | F32: 3.26 | G32: 78.04 | H32: 33.45 | I32: 12.85 | J32: 0.33 | K32: 212.58 | L32: 20.83 | M32: 82.01 | N32: 0 | O32: 0 | P32: 1.1 | Q32: 4.79
A34: Min | B34: =MIN(B9:B32) -> 5.76 | C34: =MIN(C9:C32) -> 12.31 | D34: =MIN(D9:D32) -> 12.4 | E34: =MIN(E9:E32) -> 6.4 | F34: =MIN(F9:F32) -> 3.21 | G34: =MIN(G9:G32) -> 26.59 | H34: =MIN(H9:H32) -> 8.87 | I34: =MIN(I9:I32) -> 7.44 | ... Q34: =MIN(Q9:Q32) -> 4.68
A35: Max | B35: =MAX(B9:B32) -> 25.92 | C35: =MAX(C9:C32) -> 26.38 | D35: =MAX(D9:D32) -> 32.28 | E35: =MAX(E9:E32) -> 9.54 | F35: =MAX(F9:F32) -> 6.42 | G35: =MAX(G9:G32) -> 202.8 | H35: =MAX(H9:H32) -> 72.09 | I35: =MAX(I9:I32) -> 14.72 | ... Q35: =MAX(Q9:Q32) -> 4.94
A36: Avg | B36: =AVERAGE(B9:B32) -> 12.7825 | C36: =AVERAGE(C9:C32) -> 19.625417 | D36: =AVERAGE(D9:D32) -> 21.68875 | E36: =AVERAGE(E9:E32) -> 7.9345833 | F36: =AVERAGE(F9:F32) -> 4.0745833 | G36: =AVERAGE(G9:G32) -> 80.764583 | H36: =AVERAGE(H9:H32) -> 32.023333 | I36: =AVERAGE(I9:I32) -> 10.292917 | ... Q36: =AVERAGE(Q9:Q32) -> 4.8083333
A37: Stdev | B37: =STDEV(B9:B32) -> 5.8632105 | C37: =STDEV(C9:C32) -> 3.8235995 | D37: =STDEV(D9:D32) -> 5.5889443 | E37: =STDEV(E9:E32) -> 0.87191433 | F37: =STDEV(F9:F32) -> 1.0197143 | G37: =STDEV(G9:G32) -> 50.474266 | H37: =STDEV(H9:H32) -> 17.497349 | I37: =STDEV(I9:I32) -> 2.3642785 | ... Q37: =STDEV(Q9:Q32) -> 0.072811052
A38: Num | B38: =COUNT(B9:B32) -> 24 | C38: =COUNT(C9:C32) -> 24 | D38: =COUNT(D9:D32) -> 24 | E38: =COUNT(E9:E32) -> 24 | F38: =COUNT(F9:F32) -> 24 | G38: =COUNT(G9:G32) -> 24 | H38: =COUNT(H9:H32) -> 24 | I38: =COUNT(I9:I32) -> 24 | ... Q38: =COUNT(Q9:Q32) -> 24
A39: DCR | B39: =IF(B38>=22,">90%",IF(B38<=22,"<90%")) -> >90% | C39: =IF(C38>=22,">90%",IF(C38<=22,"<90%")) -> >90% | D39: =IF(D38>=22,">90%",IF(D38<=22,"<90%")) -> >90% | E39: =IF(E38>=22,">90%",IF(E38<=22,"<90%")) -> >90% | F39: =IF(F38>=22,">90%",IF(F38<=22,"<90%")) -> >90% | G39: =IF(G38>=22,">90%",IF(G38<=22,"<90%")) -> >90% | H39: =IF(H38>=22,">90%",IF(H38<=22,"<90%")) -> >90% | I39: =IF(I38>=22,">90%",IF(I38<=22,"<90%")) -> >90% | ... Q39: =IF(Q38>=22,">90%",IF(Q38<=22,"<90%")) -> >90%
A40: Status | B40: =IF(B38>=22,"OK",IF(B38<=22,"LESS")) -> OK | C40: =IF(C38>=22,"OK",IF(C38<=22,"LESS")) -> OK | D40: =IF(D38>=22,"OK",IF(D38<=22,"LESS")) -> OK | E40: =IF(E38>=22,"OK",IF(E38<=22,"LESS")) -> OK | F40: =IF(F38>=22,"OK",IF(F38<=22,"LESS")) -> OK | G40: =IF(G38>=22,"OK",IF(G38<=22,"LESS")) -> OK | H40: =IF(H38>=22,"OK",IF(H38<=22,"LESS")) -> OK | I40: =IF(I38>=22,"OK",IF(I38<=22,"LESS")) -> OK | ... Q40: =IF(Q38>=22,"OK",IF(Q38<=22,"LESS")) -> OK
A43: Done by | B43: AKASH
A45: Comment

Sheet 15
A1: Station: | B1: IGKV ,RAIPUR
A2: Date: | B2: =$A$9 -> 45337.042 | D2: Power Off | G2: Pw.Off | L2: Link Fail | N2: Link F | P2: Maintenance | R2: Maint.
A3: Report Type: | B3: Mean | D3: Calibration | G3: Calib. | L3: Data Fail | N3: Data F | P3: Invalid | R3: Invalid
A4: Time Base: | B4: 01 Hour | D4: Zero Referrence | G4: Z.Ref | L4: Warm Up | N4: Wm. Up
A7: Date & Time | B7: NO | C7: NO2 | D7: NOX | E7: SO2 | F7: O3 | G7: PM 10 | H7: PM 2.5 | I7: BENZ | J7: WS | K7: WD | L7: TEMP | M7: HUM | N7: SR | O7: RG | P7: CO | Q7: NH3
B8: ug/m3 | C8: ug/m3 | D8: ppb | E8: ug/m3 | F8: ug/m3 | G8: ug/m3 | H8: ug/m3 | I8: ug/m3 | J8: m/sec | K8: deg | L8: degreC | M8: % | N8: w/m2 | O8: mm | P8: mg/m3 | Q8: ug/m3
A9: 45337.042 | B9: 14.19 | C9: 19.06 | D9: 22.03 | E9: 8.37 | F9: 3.74 | G9: 72.39 | H9: 33.45 | I9: 12.81 | J9: 0.18 | K9: 243.96 | L9: 20.41 | M9: 79.18 | N9: 0 | O9: 0 | P9: 1.1 | Q9: 4.78
A10: 45337.083 | B10: 15.96 | C10: 16.75 | D10: 22.59 | E10: 7.75 | F10: 3.49 | G10: 70.38 | H10: 28.76 | I10: 12.4 | J10: 0.18 | K10: 322.9 | L10: 20.41 | M10: 77.64 | N10: 0 | O10: 0 | P10: 1.04 | Q10: 4.79
A11: 45337.125 | B11: 21.52 | C11: 18.87 | D11: 28.07 | E11: 8.51 | F11: 3.4 | G11: 77.34 | H11: 31.39 | I11: 11.97 | J11: 0.2 | K11: 223.12 | L11: 20.42 | M11: 85.88 | N11: 0 | O11: 0 | P11: 1.04 | Q11: 4.81
A12: 45337.167 | B12: 22.02 | C12: 18.76 | D12: 28.81 | E12: 9.16 | F12: 3.33 | G12: 77.34 | H12: 31.39 | I12: 11.71 | J12: 0.15 | K12: 251.73 | L12: 19.47 | M12: 84.65 | N12: 0 | O12: 0 | P12: 1.01 | Q12: 4.85
A13: 45337.208 | B13: 30.23 | C13: 18.92 | D13: 35.48 | E13: 8.54 | F13: 3.49 | G13: 66.1 | H13: 28.76 | I13: 11.36 | J13: 0.19 | K13: 163.36 | L13: 20 | M13: 83.13 | N13: 0 | O13: 0 | P13: 1 | Q13: 4.9
A14: 45337.25 | B14: 35.38 | C14: 22.94 | D14: 41.71 | E14: 9.27 | F14: 3.26 | G14: 84.07 | H14: 32.63 | I14: 11.56 | J14: 0.71 | K14: 63.13 | L14: 20.42 | M14: 82.02 | N14: 0 | O14: 0 | P14: 1.03 | Q14: 4.95
A15: 45337.292 | B15: 35.48 | C15: 25.12 | D15: 42.78 | E15: 9.3 | F15: 3.25 | G15: 101.94 | H15: 36.99 | I15: 12.11 | J15: 1.05 | K15: 65.18 | L15: 20.26 | M15: 83.81 | N15: 11.8 | O15: 0 | P15: 1.06 | Q15: 4.97
A16: 45337.333 | B16: 35.2 | C16: 25.68 | D16: 42.74 | E16: 10.27 | F16: 3.3 | G16: 101.94 | H16: 36.99 | I16: 12.11 | J16: 0.8 | K16: 95.1 | L16: 21.5 | M16: 82.68 | N16: 83.9 | O16: 0 | P16: 1.06 | Q16: 4.94
A17: 45337.375 | B17: 33.02 | C17: 27.02 | D17: 41.29 | E17: 10.5 | F17: 3.3 | G17: 99.47 | H17: 37.21 | I17: 12.01 | J17: 1.14 | K17: 84.89 | L17: 24.23 | M17: 72.25 | N17: 265.2 | O17: 0 | P17: 1.04 | Q17: 4.92
A18: 45337.417 | B18: 27.26 | C18: 27.77 | D18: 37.38 | E18: 10.43 | F18: 3.5 | G18: 94.13 | H18: 37.21 | I18: 11.46 | J18: 1.29 | K18: 82.06 | L18: 25.89 | M18: 63.55 | N18: 375.6 | O18: 0 | P18: 0.96 | Q18: 4.89
A19: 45337.458 | B19: 24.48 | C19: 24.24 | D19: 33.65 | E19: 12.12 | F19: 4.16 | G19: 81.65 | H19: 33.43 | I19: 10.63 | J19: 1.36 | K19: 76.37 | L19: 27.69 | M19: 57.71 | N19: 555.5 | O19: 0 | P19: 0.96 | Q19: 4.84
A20: 45337.5 | B20: 20.72 | C20: 20.25 | D20: 28.54 | E20: 13.99 | F20: 5.24 | G20: 77.8 | H20: 31.4 | I20: 10.06 | J20: 0.84 | K20: 345.19 | L20: 29.25 | M20: 51.94 | N20: 611.1 | O20: 0 | P20: 0.9 | Q20: 4.83
... A32: 45338 | B32: 16.37 | C32: 18.76 | D32: 24.13 | E32: 7 | F32: 3.48 | G32: 128.1 | H32: 42.98 | I32: 8.4 | J32: 1.17 | K32: 71.18 | L32: 23.9 | M32: 71.38 | N32: 0 | O32: 0 | P32: 0.95 | Q32: 4.84
A34: Min | B34: =MIN(B9:B32) -> 5.15 | C34: =MIN(C9:C32) -> 16.75 | D34: =MIN(D9:D32) -> 16.47 | E34: =MIN(E9:E32) -> 6.83 | F34: =MIN(F9:F32) -> 3.25 | G34: =MIN(G9:G32) -> 59.23 | H34: =MIN(H9:H32) -> 25.29 | I34: =MIN(I9:I32) -> 7.13 | ... Q34: =MIN(Q9:Q32) -> 4.73
A35: Max | B35: =MAX(B9:B32) -> 35.48 | C35: =MAX(C9:C32) -> 27.93 | D35: =MAX(D9:D32) -> 42.78 | E35: =MAX(E9:E32) -> 21.31 | F35: =MAX(F9:F32) -> 9.46 | G35: =MAX(G9:G32) -> 128.1 | H35: =MAX(H9:H32) -> 42.98 | I35: =MAX(I9:I32) -> 12.81 | ... Q35: =MAX(Q9:Q32) -> 4.97
A36: Avg | B36: =AVERAGE(B9:B32) -> 18.600417 | C36: =AVERAGE(C9:C32) -> 22.119583 | D36: =AVERAGE(D9:D32) -> 27.570417 | E36: =AVERAGE(E9:E32) -> 10.640833 | F36: =AVERAGE(F9:F32) -> 4.60125 | G36: =AVERAGE(G9:G32) -> 88.290417 | H36: =AVERAGE(H9:H32) -> 33.85 | I36: =AVERAGE(I9:I32) -> 9.8654167 | ... Q36: =AVERAGE(Q9:Q32) -> 4.8241667
A37: Stdev | B37: =STDEV(B9:B32) -> 9.8462372 | C37: =STDEV(C9:C32) -> 3.6040732 | D37: =STDEV(D9:D32) -> 8.4792388 | E37: =STDEV(E9:E32) -> 3.8176272 | F37: =STDEV(F9:F32) -> 1.9595703 | G37: =STDEV(G9:G32) -> 19.055555 | H37: =STDEV(H9:H32) -> 4.4175116 | I37: =STDEV(I9:I32) -> 1.9856485 | ... Q37: =STDEV(Q9:Q32) -> 0.072045678
A38: Num | B38: =COUNT(B9:B32) -> 24 | C38: =COUNT(C9:C32) -> 24 | D38: =COUNT(D9:D32) -> 24 | E38: =COUNT(E9:E32) -> 24 | F38: =COUNT(F9:F32) -> 24 | G38: =COUNT(G9:G32) -> 24 | H38: =COUNT(H9:H32) -> 24 | I38: =COUNT(I9:I32) -> 24 | ... Q38: =COUNT(Q9:Q32) -> 24
A39: DCR | B39: =IF(B38>=22,">90%",IF(B38<=22,"<90%")) -> >90% | C39: =IF(C38>=22,">90%",IF(C38<=22,"<90%")) -> >90% | D39: =IF(D38>=22,">90%",IF(D38<=22,"<90%")) -> >90% | E39: =IF(E38>=22,">90%",IF(E38<=22,"<90%")) -> >90% | F39: =IF(F38>=22,">90%",IF(F38<=22,"<90%")) -> >90% | G39: =IF(G38>=22,">90%",IF(G38<=22,"<90%")) -> >90% | H39: =IF(H38>=22,">90%",IF(H38<=22,"<90%")) -> >90% | I39: =IF(I38>=22,">90%",IF(I38<=22,"<90%")) -> >90% | ... Q39: =IF(Q38>=22,">90%",IF(Q38<=22,"<90%")) -> >90%
A40: Status | B40: =IF(B38>=22,"OK",IF(B38<=22,"LESS")) -> OK | C40: =IF(C38>=22,"OK",IF(C38<=22,"LESS")) -> OK | D40: =IF(D38>=22,"OK",IF(D38<=22,"LESS")) -> OK | E40: =IF(E38>=22,"OK",IF(E38<=22,"LESS")) -> OK | F40: =IF(F38>=22,"OK",IF(F38<=22,"LESS")) -> OK | G40: =IF(G38>=22,"OK",IF(G38<=22,"LESS")) -> OK | H40: =IF(H38>=22,"OK",IF(H38<=22,"LESS")) -> OK | I40: =IF(I38>=22,"OK",IF(I38<=22,"LESS")) -> OK | ... Q40: =IF(Q38>=22,"OK",IF(Q38<=22,"LESS")) -> OK
A43: Done by | B43: AKASH
A45: Comment

Sheet 16
A1: Station: | B1: IGKV ,RAIPUR
A2: Date: | B2: =$A$9 -> 45338.042 | D2: Power Off | G2: Pw.Off | L2: Link Fail | N2: Link F | P2: Maintenance | R2: Maint.
A3: Report Type: | B3: Mean | D3: Calibration | G3: Calib. | L3: Data Fail | N3: Data F | P3: Invalid | R3: Invalid
A4: Time Base: | B4: 01 Hour | D4: Zero Referrence | G4: Z.Ref | L4: Warm Up | N4: Wm. Up
A7: Date & Time | B7: NO | C7: NO2 | D7: NOX | E7: SO2 | F7: O3 | G7: PM 10 | H7: PM 2.5 | I7: BENZ | J7: WS | K7: WD | L7: TEMP | M7: HUM | N7: SR | O7: RG | P7: CO | Q7: NH3
B8: ug/m3 | C8: ug/m3 | D8: ppb | E8: ug/m3 | F8: ug/m3 | G8: ug/m3 | H8: ug/m3 | I8: ug/m3 | J8: m/sec | K8: deg | L8: degreC | M8: % | N8: w/m2 | O8: mm | P8: mg/m3 | Q8: ug/m3
A9: 45338.042 | B9: 15.65 | C9: 19.49 | D9: 23.4 | E9: 7.2 | F9: 3.62 | G9: 123.3 | H9: 42.98 | I9: 8.37 | J9: 1.01 | K9: 59.73 | L9: 23.08 | M9: 74.73 | N9: 0 | O9: 0 | P9: 0.94 | Q9: 4.86
A10: 45338.083 | B10: 14.58 | C10: 21.42 | D10: 23.76 | E10: 7.61 | F10: 3.35 | G10: 114.18 | H10: 41.99 | I10: 8.23 | J10: 0.56 | K10: 65.72 | L10: 22.49 | M10: 77.08 | N10: 0 | O10: 0 | P10: 0.86 | Q10: 4.87
A11: 45338.125 | B11: 13.83 | C11: 22.11 | D11: 23.87 | E11: 9.91 | F11: 3.35 | G11: 102.26 | H11: 39.82 | I11: 7.99 | J11: 0.75 | K11: 59.92 | L11: 21.88 | M11: 77.4 | N11: 0 | O11: 0 | P11: 0.82 | Q11: 4.85
A12: 45338.167 | B12: 13.54 | C12: 22.32 | D12: 23.68 | E12: 10.36 | F12: 3.29 | G12: 99.22 | H12: 36.27 | I12: 7.82 | J12: 0.81 | K12: 64.49 | L12: 21.53 | M12: 78.45 | N12: 0 | O12: 0 | P12: 0.77 | Q12: 4.8
A13: 45338.208 | B13: 13.37 | C13: 22.39 | D13: 23.77 | E13: 9.9 | F13: 3.36 | G13: 99.22 | H13: 36.27 | I13: 7.49 | J13: 0.89 | K13: 147.83 | L13: 21.36 | M13: 80.78 | N13: 0 | O13: 0 | P13: 0.73 | Q13: 4.78
A14: 45338.25 | B14: 14.1 | C14: 22.99 | D14: 24.3 | E14: 9.72 | F14: 3.53 | G14: 87.87 | H14: 32.3 | I14: 7.19 | J14: 1.07 | K14: 59.06 | L14: 20.82 | M14: 81.57 | N14: 0 | O14: 0 | P14: 0.7 | Q14: 4.77
A15: 45338.292 | B15: 15.5 | C15: 18.42 | D15: 22.48 | E15: 9 | F15: 3.72 | G15: 87.87 | H15: 34.18 | I15: 7.05 | J15: 0.99 | K15: 67.91 | L15: 20.73 | M15: 80.86 | N15: 0.1 | O15: 0 | P15: 0.68 | Q15: 4.76
A16: 45338.333 | B16: 17.11 | C16: 17.96 | D16: 23.97 | E16: 9.36 | F16: 3.4 | G16: 87.45 | H16: 34.18 | I16: 7.13 | J16: 1.13 | K16: 56.83 | L16: 21.33 | M16: 80.21 | N16: 91.3 | O16: 0 | P16: 0.7 | Q16: 4.82
A17: 45338.375 | B17: 17.66 | C17: 17.64 | D17: 24.73 | E17: 9.55 | F17: 3.43 | G17: 85.98 | H17: 35.81 | I17: 7.41 | J17: 1.46 | K17: 64.43 | L17: 22.98 | M17: 76.18 | N17: 250.1 | O17: 0 | P17: 0.73 | Q17: 4.86
A18: 45338.417 | B18: 17.67 | C18: 16.9 | D18: 24.35 | E18: 9.98 | F18: 3.75 | G18: 85.98 | H18: 36.26 | I18: 7.55 | J18: 1.35 | K18: 66.89 | L18: 26.28 | M18: 69.44 | N18: 334.2 | O18: 0 | P18: 0.73 | Q18: 4.85
A19: 45338.458 | B19: 16.94 | C19: 19.76 | D19: 23.19 | E19: 16.54 | F19: 5.39 | G19: 81.94 | H19: 36.26 | I19: 7.55 | J19: 1.05 | K19: 79.84 | L19: 28.41 | M19: 55.23 | N19: 511.2 | O19: 0 | P19: 0.73 | Q19: 4.83
A20: 45338.5 | B20: 13.31 | C20: 21.71 | D20: 22.83 | E20: 15.39 | F20: 5.78 | G20: 81.94 | H20: 34.49 | I20: 7.35 | J20: 0.92 | K20: 117.02 | L20: 30.15 | M20: 50.37 | N20: 584.9 | O20: 0 | P20: 0.74 | Q20: 4.83
... A32: 45339 | B32: 13.43 | C32: 24.28 | D32: 24.81 | E32: 9.51 | F32: 3.3 | G32: 130.44 | H32: 53.31 | I32: 9.89 | J32: 0.85 | K32: 71.79 | L32: 23.1 | M32: 81.08 | N32: 0 | O32: 0 | P32: 1.17 | Q32: 4.8
A34: Min | B34: =MIN(B9:B32) -> 4.95 | C34: =MIN(C9:C32) -> 16.9 | D34: =MIN(D9:D32) -> 15.6 | E34: =MIN(E9:E32) -> 7.2 | F34: =MIN(F9:F32) -> 3.29 | G34: =MIN(G9:G32) -> 73.32 | H34: =MIN(H9:H32) -> 32.26 | I34: =MIN(I9:I32) -> 5.94 | ... Q34: =MIN(Q9:Q32) -> 4.68
A35: Max | B35: =MAX(B9:B32) -> 17.67 | C35: =MAX(C9:C32) -> 24.55 | D35: =MAX(D9:D32) -> 24.81 | E35: =MAX(E9:E32) -> 29.67 | F35: =MAX(F9:F32) -> 12.11 | G35: =MAX(G9:G32) -> 130.44 | H35: =MAX(H9:H32) -> 53.31 | I35: =MAX(I9:I32) -> 9.89 | ... Q35: =MAX(Q9:Q32) -> 4.87
A36: Avg | B36: =AVERAGE(B9:B32) -> 11.712917 | C36: =AVERAGE(C9:C32) -> 20.41125 | D36: =AVERAGE(D9:D32) -> 21.122083 | E36: =AVERAGE(E9:E32) -> 12.586667 | F36: =AVERAGE(F9:F32) -> 5.4745833 | G36: =AVERAGE(G9:G32) -> 97.628333 | H36: =AVERAGE(H9:H32) -> 38.38875 | I36: =AVERAGE(I9:I32) -> 7.3816667 | ... Q36: =AVERAGE(Q9:Q32) -> 4.7983333
A37: Stdev | B37: =STDEV(B9:B32) -> 4.2414779 | C37: =STDEV(C9:C32) -> 2.2269346 | D37: =STDEV(D9:D32) -> 3.2599413 | E37: =STDEV(E9:E32) -> 5.4717589 | F37: =STDEV(F9:F32) -> 2.9760493 | G37: =STDEV(G9:G32) -> 18.534172 | H37: =STDEV(H9:H32) -> 5.798827 | I37: =STDEV(I9:I32) -> 0.94736553 | ... Q37: =STDEV(Q9:Q32) -> 0.057609379
A38: Num | B38: =COUNT(B9:B32) -> 24 | C38: =COUNT(C9:C32) -> 24 | D38: =COUNT(D9:D32) -> 24 | E38: =COUNT(E9:E32) -> 24 | F38: =COUNT(F9:F32) -> 24 | G38: =COUNT(G9:G32) -> 24 | H38: =COUNT(H9:H32) -> 24 | I38: =COUNT(I9:I32) -> 24 | ... Q38: =COUNT(Q9:Q32) -> 24
A39: DCR | B39: =IF(B38>=22,">90%",IF(B38<=22,"<90%")) -> >90% | C39: =IF(C38>=22,">90%",IF(C38<=22,"<90%")) -> >90% | D39: =IF(D38>=22,">90%",IF(D38<=22,"<90%")) -> >90% | E39: =IF(E38>=22,">90%",IF(E38<=22,"<90%")) -> >90% | F39: =IF(F38>=22,">90%",IF(F38<=22,"<90%")) -> >90% | G39: =IF(G38>=22,">90%",IF(G38<=22,"<90%")) -> >90% | H39: =IF(H38>=22,">90%",IF(H38<=22,"<90%")) -> >90% | I39: =IF(I38>=22,">90%",IF(I38<=22,"<90%")) -> >90% | ... Q39: =IF(Q38>=22,">90%",IF(Q38<=22,"<90%")) -> >90%
A40: Status | B40: =IF(B38>=22,"OK",IF(B38<=22,"LESS")) -> OK | C40: =IF(C38>=22,"OK",IF(C38<=22,"LESS")) -> OK | D40: =IF(D38>=22,"OK",IF(D38<=22,"LESS")) -> OK | E40: =IF(E38>=22,"OK",IF(E38<=22,"LESS")) -> OK | F40: =IF(F38>=22,"OK",IF(F38<=22,"LESS")) -> OK | G40: =IF(G38>=22,"OK",IF(G38<=22,"LESS")) -> OK | H40: =IF(H38>=22,"OK",IF(H38<=22,"LESS")) -> OK | I40: =IF(I38>=22,"OK",IF(I38<=22,"LESS")) -> OK | ... Q40: =IF(Q38>=22,"OK",IF(Q38<=22,"LESS")) -> OK
A43: Done by | B43: AKASH
A45: Comment

Sheet 17
A1: Station: | B1: IGKV ,RAIPUR
A2: Date: | B2: =$A$9 -> 45339.042 | D2: Power Off | G2: Pw.Off | L2: Link Fail | N2: Link F | P2: Maintenance | R2: Maint.
A3: Report Type: | B3: Mean | D3: Calibration | G3: Calib. | L3: Data Fail | N3: Data F | P3: Invalid | R3: Invalid
A4: Time Base: | B4: 01 Hour | D4: Zero Referrence | G4: Z.Ref | L4: Warm Up | N4: Wm. Up
A7: Date & Time | B7: NO | C7: NO2 | D7: NOX | E7: SO2 | F7: O3 | G7: PM 10 | H7: PM 2.5 | I7: BENZ | J7: WS | K7: WD | L7: TEMP | M7: HUM | N7: SR | O7: RG | P7: CO | Q7: NH3
B8: ug/m3 | C8: ug/m3 | D8: ppb | E8: ug/m3 | F8: ug/m3 | G8: ug/m3 | H8: ug/m3 | I8: ug/m3 | J8: m/sec | K8: deg | L8: degreC | M8: % | N8: w/m2 | O8: mm | P8: mg/m3 | Q8: ug/m3
A9: 45339.042 | B9: 13.31 | C9: 24.46 | D9: 24.7 | E9: 9.64 | F9: 3.24 | G9: 130.44 | H9: 53.31 | I9: 9.8 | J9: 0.22 | K9: 212.51 | L9: 22.44 | M9: 89.18 | N9: 0 | O9: 0 | P9: 1.12 | Q9: 4.79
A10: 45339.083 | B10: 14.58 | C10: 23.97 | D10: 23.82 | E10: 9.79 | F10: 3.64 | G10: 118.75 | H10: 53.15 | I10: 9.75 | J10: 0.55 | K10: 249.73 | L10: 21.56 | M10: 89.82 | N10: 0 | O10: 0 | P10: 1.11 | Q10: 4.76
A11: 45339.125 | B11: 16.35 | C11: 18.67 | D11: 23.25 | E11: 9.88 | F11: 3.68 | G11: 114.58 | H11: 51.88 | I11: 9.79 | J11: 0.4 | K11: 197.07 | L11: 21.49 | M11: 90.03 | N11: 0 | O11: 0 | P11: 1.1 | Q11: 4.77
A12: 45339.167 | B12: 18.6 | C12: 18.07 | D12: 25.24 | E12: 10.09 | F12: 3.46 | G12: 112.61 | H12: 50.84 | I12: 9.75 | J12: 0.68 | K12: 57.7 | L12: 21.26 | M12: 88.72 | N12: 0 | O12: 0 | P12: 1.08 | Q12: 4.79
A13: 45339.208 | B13: 20.12 | C13: 17.43 | D13: 26.37 | E13: 9.85 | F13: 3.55 | G13: 114.34 | H13: 51.79 | I13: 9.86 | J13: 0.47 | K13: 153.66 | L13: 21.21 | M13: 84.77 | N13: 0 | O13: 0 | P13: 1.08 | Q13: 4.84
A14: 45339.25 | B14: 19.9 | C14: 17.57 | D14: 26.11 | E14: 10.04 | F14: 3.39 | G14: 114.34 | H14: 51.79 | I14: 9.78 | J14: 0.18 | K14: 171.2 | L14: 20.32 | M14: 88.13 | N14: 0 | O14: 0 | P14: 1.04 | Q14: 4.85
A15: 45339.292 | B15: 19.06 | C15: 19.02 | D15: 26.17 | E15: 10.02 | F15: 3.34 | G15: 99.53 | H15: 47.91 | I15: 9.43 | J15: 0.19 | K15: 208.96 | L15: 19.92 | M15: 89.12 | N15: 12.9 | O15: 0 | P15: 0.97 | Q15: 4.84
A16: 45339.333 | B16: 18.43 | C16: 19.91 | D16: 26.29 | E16: 9.86 | F16: 3.32 | G16: 89.33 | H16: 45.61 | I16: 9.16 | J16: 0.21 | K16: 240.3 | L16: 22.1 | M16: 89.77 | N16: 101.6 | O16: 0 | P16: 0.94 | Q16: 4.83
A17: 45339.375 | B17: 16.26 | C17: 21.92 | D17: 25.54 | E17: 11.16 | F17: 3.43 | G17: 84.39 | H17: 38.78 | I17: 8.99 | J17: 1.13 | K17: 96.74 | L17: 24.22 | M17: 66.66 | N17: 264.2 | O17: 0 | P17: 0.9 | Q17: 4.81
A18: 45339.417 | B18: 16.19 | C18: 24.26 | D18: 26.63 | E18: 13.49 | F18: 3.67 | G18: 79.38 | H18: 38.78 | I18: 8.64 | J18: 1.18 | K18: 77.67 | L18: 27.31 | M18: 53.99 | N18: 371.6 | O18: 0 | P18: 0.88 | Q18: 4.79
A19: 45339.458 | B19: 14.89 | C19: 24.67 | D19: 26.04 | E19: 12.74 | F19: 5.1 | G19: 79.38 | H19: 38.26 | I19: 8.4 | J19: 0.58 | K19: 316.22 | L19: 29.35 | M19: 47.65 | N19: 530.7 | O19: 0 | P19: 0.86 | Q19: 4.77
A20: 45339.5 | B20: 10.7 | C20: 24.51 | D20: 22.74 | E20: 11.39 | F20: 5.86 | G20: 78.57 | H20: 38.26 | I20: 7.88 | J20: 0.5 | K20: 294.43 | L20: 30.84 | M20: 44.63 | N20: 605.6 | O20: 0 | P20: 0.83 | Q20: 4.74
... A32: 45340 | B32: 19.01 | C32: 19.46 | D32: 26.45 | E32: 7.75 | F32: 3.53 | G32: 102.08 | H32: 40.81 | I32: 10.26 | J32: 0.22 | K32: 205.33 | L32: 22.22 | M32: 76.73 | N32: 0 | O32: 0 | P32: 1.2 | Q32: 4.82
A34: Min | B34: =MIN(B9:B32) -> 3.4 | C34: =MIN(C9:C32) -> 15.56 | D34: =MIN(D9:D32) -> 12.26 | E34: =MIN(E9:E32) -> 7.46 | F34: =MIN(F9:F32) -> 3.24 | G34: =MIN(G9:G32) -> 54.06 | H34: =MIN(H9:H32) -> 23.51 | I34: =MIN(I9:I32) -> 6.57 | ... Q34: =MIN(Q9:Q32) -> 4.66
A35: Max | B35: =MAX(B9:B32) -> 20.12 | C35: =MAX(C9:C32) -> 29 | D35: =MAX(D9:D32) -> 31.49 | E35: =MAX(E9:E32) -> 13.49 | F35: =MAX(F9:F32) -> 9.72 | G35: =MAX(G9:G32) -> 130.44 | H35: =MAX(H9:H32) -> 53.31 | I35: =MAX(I9:I32) -> 10.26 | ... Q35: =MAX(Q9:Q32) -> 4.85
A36: Avg | B36: =AVERAGE(B9:B32) -> 13.562917 | C36: =AVERAGE(C9:C32) -> 21.572917 | D36: =AVERAGE(D9:D32) -> 23.232917 | E36: =AVERAGE(E9:E32) -> 9.9370833 | F36: =AVERAGE(F9:F32) -> 4.5125 | G36: =AVERAGE(G9:G32) -> 91.392083 | H36: =AVERAGE(H9:H32) -> 40.3025 | I36: =AVERAGE(I9:I32) -> 8.5820833 | ... Q36: =AVERAGE(Q9:Q32) -> 4.7829167
A37: Stdev | B37: =STDEV(B9:B32) -> 5.9043341 | C37: =STDEV(C9:C32) -> 3.7339343 | D37: =STDEV(D9:D32) -> 5.3487134 | E37: =STDEV(E9:E32) -> 1.4452275 | F37: =STDEV(F9:F32) -> 1.6799696 | G37: =STDEV(G9:G32) -> 21.532803 | H37: =STDEV(H9:H32) -> 9.249276 | I37: =STDEV(I9:I32) -> 1.2127188 | ... Q37: =STDEV(Q9:Q32) -> 0.053930645
A38: Num | B38: =COUNT(B9:B32) -> 24 | C38: =COUNT(C9:C32) -> 24 | D38: =COUNT(D9:D32) -> 24 | E38: =COUNT(E9:E32) -> 24 | F38: =COUNT(F9:F32) -> 24 | G38: =COUNT(G9:G32) -> 24 | H38: =COUNT(H9:H32) -> 24 | I38: =COUNT(I9:I32) -> 24 | ... Q38: =COUNT(Q9:Q32) -> 24
A39: DCR | B39: =IF(B38>=22,">90%",IF(B38<=22,"<90%")) -> >90% | C39: =IF(C38>=22,">90%",IF(C38<=22,"<90%")) -> >90% | D39: =IF(D38>=22,">90%",IF(D38<=22,"<90%")) -> >90% | E39: =IF(E38>=22,">90%",IF(E38<=22,"<90%")) -> >90% | F39: =IF(F38>=22,">90%",IF(F38<=22,"<90%")) -> >90% | G39: =IF(G38>=22,">90%",IF(G38<=22,"<90%")) -> >90% | H39: =IF(H38>=22,">90%",IF(H38<=22,"<90%")) -> >90% | I39: =IF(I38>=22,">90%",IF(I38<=22,"<90%")) -> >90% | ... Q39: =IF(Q38>=22,">90%",IF(Q38<=22,"<90%")) -> >90%
A40: Status | B40: =IF(B38>=22,"OK",IF(B38<=22,"LESS")) -> OK | C40: =IF(C38>=22,"OK",IF(C38<=22,"LESS")) -> OK | D40: =IF(D38>=22,"OK",IF(D38<=22,"LESS")) -> OK | E40: =IF(E38>=22,"OK",IF(E38<=22,"LESS")) -> OK | F40: =IF(F38>=22,"OK",IF(F38<=22,"LESS")) -> OK | G40: =IF(G38>=22,"OK",IF(G38<=22,"LESS")) -> OK | H40: =IF(H38>=22,"OK",IF(H38<=22,"LESS")) -> OK | I40: =IF(I38>=22,"OK",IF(I38<=22,"LESS")) -> OK | ... Q40: =IF(Q38>=22,"OK",IF(Q38<=22,"LESS")) -> OK
A43: Done by | B43: AKASH
A45: Comment

Sheet 18
A1: Station: | B1: IGKV ,RAIPUR
A2: Date: | B2: =$A$9 -> 45340.042 | D2: Power Off | G2: Pw.Off | L2: Link Fail | N2: Link F | P2: Maintenance | R2: Maint.
A3: Report Type: | B3: Mean | D3: Calibration | G3: Calib. | L3: Data Fail | N3: Data F | P3: Invalid | R3: Invalid
A4: Time Base: | B4: 01 Hour | D4: Zero Referrence | G4: Z.Ref | L4: Warm Up | N4: Wm. Up
A7: Date & Time | B7: NO | C7: NO2 | D7: NOX | E7: SO2 | F7: O3 | G7: PM 10 | H7: PM 2.5 | I7: BENZ | J7: WS | K7: WD | L7: TEMP | M7: HUM | N7: SR | O7: RG | P7: CO | Q7: NH3
B8: ug/m3 | C8: ug/m3 | D8: ppb | E8: ug/m3 | F8: ug/m3 | G8: ug/m3 | H8: ug/m3 | I8: ug/m3 | J8: m/sec | K8: deg | L8: degreC | M8: % | N8: w/m2 | O8: mm | P8: mg/m3 | Q8: ug/m3
A9: 45340.042 | B9: 19.4 | C9: 18.72 | D9: 26.2 | E9: 7.94 | F9: 3.49 | G9: 95.89 | H9: 40.81 | I9: 10.64 | J9: 0.48 | K9: 233.62 | L9: 23.19 | M9: 76.94 | N9: 0 | O9: 0 | P9: 1.23 | Q9: 4.84
A10: 45340.083 | B10: 20.03 | C10: 19.13 | D10: 27.14 | E10: 8.49 | F10: 3.51 | G10: 94.05 | H10: 41.9 | I10: 11 | J10: 0.26 | K10: 201.72 | L10: 23.37 | M10: 76.49 | N10: 0 | O10: 0 | P10: 1.25 | Q10: 4.85
A11: 45340.125 | B11: 19.26 | C11: 21.29 | D11: 27.09 | E11: 8.8 | F11: 3.43 | G11: 94.05 | H11: 41.9 | I11: 11.46 | J11: 0.17 | K11: 227.56 | L11: 21.79 | M11: 79.69 | N11: 0 | O11: 0 | P11: 1.24 | Q11: 4.86
A12: 45340.167 | B12: 20.37 | C12: 23.27 | D12: 29.85 | E12: 8.99 | F12: 3.28 | G12: 90.69 | H12: 41.53 | I12: 11.6 | J12: 0.34 | K12: 236.26 | L12: 21.67 | M12: 80.21 | N12: 0 | O12: 0 | P12: 1.22 | Q12: 4.85
A13: 45340.208 | B13: 21.59 | C13: 23.75 | D13: 31.06 | E13: 9.52 | F13: 3.35 | G13: 86.85 | H13: 41.53 | I13: 11.77 | J13: 0.24 | K13: 211.17 | L13: 20.93 | M13: 81.25 | N13: 0 | O13: 0 | P13: 1.2 | Q13: 4.83
A14: 45340.25 | B14: 20.67 | C14: 23.57 | D14: 30.24 | E14: 9.92 | F14: 3.28 | G14: 86.72 | H14: 37.13 | I14: 11.87 | J14: 0.17 | K14: 164.73 | L14: 21.04 | M14: 80.92 | N14: 0 | O14: 0 | P14: 1.18 | Q14: 4.82
A15: 45340.292 | B15: 20.28 | C15: 24.34 | D15: 30.33 | E15: 9.86 | F15: 3.27 | G15: 83.36 | H15: 37.3 | I15: 12.01 | J15: 0.28 | K15: 192.28 | L15: 21.35 | M15: 80.55 | N15: 8.2 | O15: 0 | P15: 1.13 | Q15: 4.8
A16: 45340.333 | B16: 20.86 | C16: 24.14 | D16: 30.46 | E16: 9.37 | F16: 3.73 | G16: 88.28 | H16: 37.3 | I16: 12.17 | J16: 0.25 | K16: 257.91 | L16: 22.64 | M16: 79.81 | N16: 67.3 | O16: 0 | P16: 1.14 | Q16: 4.78
A17: 45340.375 | B17: 20.57 | C17: 17.61 | D17: 26.69 | E17: 8.66 | F17: 3.67 | G17: 88.28 | H17: 39.7 | I17: 12.11 | J17: 0.26 | K17: 264.89 | L17: 24.44 | M17: 71.24 | N17: 166.7 | O17: 0 | P17: 1.11 | Q17: 4.79
A18: 45340.417 | B18: 18.93 | C18: 17.98 | D18: 25.93 | E18: 8.95 | F18: 3.75 | G18: 83.7 | H18: 39.7 | I18: 12.02 | J18: 0.47 | K18: 294.15 | L18: 27.71 | M18: 60.51 | N18: 330.5 | O18: 0 | P18: 1.1 | Q18: 4.8
A19: 45340.458 | B19: 15.66 | C19: 15.96 | D19: 22.25 | E19: 9.49 | F19: 3.84 | G19: 79.73 | H19: 37.34 | I19: 11.65 | J19: 0.59 | K19: 294.65 | L19: 28.98 | M19: 51.05 | N19: 449.1 | O19: 0 | P19: 1.06 | Q19: 4.79
A20: 45340.5 | B20: 11.11 | C20: 15.96 | D20: 18.53 | E20: 9.43 | F20: 5.58 | G20: 73.56 | H20: 33.52 | I20: 11.18 | J20: 0.46 | K20: 283.61 | L20: 31.63 | M20: 44.77 | N20: 611.1 | O20: 0 | P20: 1.04 | Q20: 4.76
... A32: 45341 | B32: 9.88 | C32: 19.14 | D32: 19.25 | E32: 9.34 | F32: 3.33 | G32: 83.02 | H32: 32.2 | I32: 10.5 | J32: 0.35 | K32: 202.31 | L32: 21.95 | M32: 73.16 | N32: 0 | O32: 0 | P32: 1.05 | Q32: 4.79
A34: Min | B34: =MIN(B9:B32) -> 4.6 | C34: =MIN(C9:C32) -> 12.16 | D34: =MIN(D9:D32) -> 12.56 | E34: =MIN(E9:E32) -> 7.51 | F34: =MIN(F9:F32) -> 3.27 | G34: =MIN(G9:G32) -> 56.82 | H34: =MIN(H9:H32) -> 26.23 | I34: =MIN(I9:I32) -> 9.44 | ... Q34: =MIN(Q9:Q32) -> 4.67
A35: Max | B35: =MAX(B9:B32) -> 21.59 | C35: =MAX(C9:C32) -> 24.34 | D35: =MAX(D9:D32) -> 31.06 | E35: =MAX(E9:E32) -> 15.14 | F35: =MAX(F9:F32) -> 12.36 | G35: =MAX(G9:G32) -> 95.89 | H35: =MAX(H9:H32) -> 41.9 | I35: =MAX(I9:I32) -> 12.17 | ... Q35: =MAX(Q9:Q32) -> 4.86
A36: Avg | B36: =AVERAGE(B9:B32) -> 12.854583 | C36: =AVERAGE(C9:C32) -> 18.217083 | D36: =AVERAGE(D9:D32) -> 21.023333 | E36: =AVERAGE(E9:E32) -> 9.8 | F36: =AVERAGE(F9:F32) -> 5.1891667 | G36: =AVERAGE(G9:G32) -> 78.567083 | H36: =AVERAGE(H9:H32) -> 34.2475 | I36: =AVERAGE(I9:I32) -> 10.73625 | ... Q36: =AVERAGE(Q9:Q32) -> 4.7716667
A37: Stdev | B37: =STDEV(B9:B32) -> 6.7944856 | C37: =STDEV(C9:C32) -> 3.5156649 | D37: =STDEV(D9:D32) -> 6.9282915 | E37: =STDEV(E9:E32) -> 1.9050026 | F37: =STDEV(F9:F32) -> 2.8954341 | G37: =STDEV(G9:G32) -> 11.081221 | H37: =STDEV(H9:H32) -> 5.5967834 | I37: =STDEV(I9:I32) -> 1.0035321 | ... Q37: =STDEV(Q9:Q32) -> 0.057760124
A38: Num | B38: =COUNT(B9:B32) -> 24 | C38: =COUNT(C9:C32) -> 24 | D38: =COUNT(D9:D32) -> 24 | E38: =COUNT(E9:E32) -> 24 | F38: =COUNT(F9:F32) -> 24 | G38: =COUNT(G9:G32) -> 24 | H38: =COUNT(H9:H32) -> 24 | I38: =COUNT(I9:I32) -> 24 | ... Q38: =COUNT(Q9:Q32) -> 24
A39: DCR | B39: =IF(B38>=22,">90%",IF(B38<=22,"<90%")) -> >90% | C39: =IF(C38>=22,">90%",IF(C38<=22,"<90%")) -> >90% | D39: =IF(D38>=22,">90%",IF(D38<=22,"<90%")) -> >90% | E39: =IF(E38>=22,">90%",IF(E38<=22,"<90%")) -> >90% | F39: =IF(F38>=22,">90%",IF(F38<=22,"<90%")) -> >90% | G39: =IF(G38>=22,">90%",IF(G38<=22,"<90%")) -> >90% | H39: =IF(H38>=22,">90%",IF(H38<=22,"<90%")) -> >90% | I39: =IF(I38>=22,">90%",IF(I38<=22,"<90%")) -> >90% | ... Q39: =IF(Q38>=22,">90%",IF(Q38<=22,"<90%")) -> >90%
A40: Status | B40: =IF(B38>=22,"OK",IF(B38<=22,"LESS")) -> OK | C40: =IF(C38>=22,"OK",IF(C38<=22,"LESS")) -> OK | D40: =IF(D38>=22,"OK",IF(D38<=22,"LESS")) -> OK | E40: =IF(E38>=22,"OK",IF(E38<=22,"LESS")) -> OK | F40: =IF(F38>=22,"OK",IF(F38<=22,"LESS")) -> OK | G40: =IF(G38>=22,"OK",IF(G38<=22,"LESS")) -> OK | H40: =IF(H38>=22,"OK",IF(H38<=22,"LESS")) -> OK | I40: =IF(I38>=22,"OK",IF(I38<=22,"LESS")) -> OK | ... Q40: =IF(Q38>=22,"OK",IF(Q38<=22,"LESS")) -> OK
A43: Done by | B43: AKASH
A45: Comment

Sheet 19
A1: Station: | B1: IGKV ,RAIPUR
A2: Date: | B2: =$A$9 -> 45341.042 | D2: Power Off | G2: Pw.Off | L2: Link Fail | N2: Link F | P2: Maintenance | R2: Maint.
A3: Report Type: | B3: Mean | D3: Calibration | G3: Calib. | L3: Data Fail | N3: Data F | P3: Invalid | R3: Invalid
A4: Time Base: | B4: 01 Hour | D4: Zero Referrence | G4: Z.Ref | L4: Warm Up | N4: Wm. Up
A7: Date & Time | B7: NO | C7: NO2 | D7: NOX | E7: SO2 | F7: O3 | G7: PM 10 | H7: PM 2.5 | I7: BENZ | J7: WS | K7: WD | L7: TEMP | M7: HUM | N7: SR | O7: RG | P7: CO | Q7: NH3
B8: ug/m3 | C8: ug/m3 | D8: ppb | E8: ug/m3 | F8: ug/m3 | G8: ug/m3 | H8: ug/m3 | I8: ug/m3 | J8: m/sec | K8: deg | L8: degreC | M8: % | N8: w/m2 | O8: mm | P8: mg/m3 | Q8: ug/m3
A9: 45341.042 | B9: 8.96 | C9: 19.59 | D9: 18.59 | E9: 9.39 | F9: 3.43 | G9: 83.02 | H9: 33.12 | I9: 10.75 | J9: 0.15 | K9: 238.21 | L9: 21.14 | M9: 73.85 | N9: 0 | O9: 0 | P9: 1.05 | Q9: 4.77
A10: 45341.083 | B10: 8.46 | C10: 20 | D10: 18.45 | E10: 9.34 | F10: 3.58 | G10: 78.01 | H10: 33.72 | I10: 10.75 | J10: 0.18 | K10: 268.95 | L10: 20.92 | M10: 72.86 | N10: 0 | O10: 0 | P10: 1.04 | Q10: 4.75
A11: 45341.125 | B11: 9.1 | C11: 20.66 | D11: 19.43 | E11: 6.76 | F11: 3.47 | G11: 73.1 | H11: 33.72 | I11: 10.32 | J11: 0.47 | K11: 212.8 | L11: 20.93 | M11: 73.38 | N11: 0 | O11: 0 | P11: 0.98 | Q11: 4.73
A12: 45341.167 | B12: 11.31 | C12: 19.46 | D12: 19.45 | E12: 6.39 | F12: 3.59 | G12: 68.76 | H12: 32.23 | I12: 9.66 | J12: 0.13 | K12: 293.81 | L12: 20.92 | M12: 76.22 | N12: 0 | O12: 0 | P12: 0.95 | Q12: 4.75
A13: 45341.208 | B13: 13.94 | C13: 17.98 | D13: 21.5 | E13: 6.66 | F13: 3.45 | G13: 73.61 | H13: 29.27 | I13: 9.35 | J13: 0.24 | K13: 326.45 | L13: 20.56 | M13: 77.45 | N13: 0 | O13: 0 | P13: 0.92 | Q13: 4.76
A14: 45341.25 | B14: 16.11 | C14: 18.18 | D14: 23.29 | E14: 6.66 | F14: 3.48 | G14: 76.53 | H14: 29.97 | I14: 9.29 | J14: 0.27 | K14: 352.57 | L14: 20.69 | M14: 77.19 | N14: 0 | O14: 0 | P14: 0.91 | Q14: 4.77
A15: 45341.292 | B15: 17.61 | C15: 17.92 | D15: 24.71 | E15: 5.74 | F15: 3.38 | G15: 83.34 | H15: 33.62 | I15: 9.32 | J15: 0.17 | K15: 220.61 | L15: 20.75 | M15: 80.39 | N15: 8.3 | O15: 0 | P15: 0.91 | Q15: 4.79
A16: 45341.333 | B16: 18.69 | C16: 18.96 | D16: 26.25 | E16: 6.55 | F16: 3.3 | G16: 87.59 | H16: 34.92 | I16: 9.57 | J16: 0.31 | K16: 239.13 | L16: 22.53 | M16: 79.81 | N16: 66.8 | O16: 0 | P16: 0.91 | Q16: 4.83
A17: 45341.375 | B17: 18.32 | C17: 21.36 | D17: 26.38 | E17: 7.13 | F17: 3.38 | G17: 87.59 | H17: 37.33 | I17: 9.68 | J17: 0.37 | K17: 309.79 | L17: 25.41 | M17: 69.8 | N17: 145.4 | O17: 0 | P17: 0.95 | Q17: 4.81
A18: 45341.417 | B18: 16.77 | C18: 23.68 | D18: 26.39 | E18: 8.4 | F18: 3.65 | G18: 88.99 | H18: 39.33 | I18: 10.22 | J18: 0.29 | K18: 291.17 | L18: 28.1 | M18: 60.92 | N18: 321.1 | O18: 0 | P18: 0.98 | Q18: 4.81
A19: 45341.458 | B19: 12.44 | C19: 25.46 | D19: 23.81 | E19: 13.51 | F19: 6.91 | G19: 89.98 | H19: 39.33 | I19: 10.08 | J19: 0.72 | K19: 332.04 | L19: 29.87 | M19: 43.34 | N19: 501.6 | O19: 0 | P19: 1.04 | Q19: 4.76
A20: 45341.5 | B20: 8.76 | C20: 25.85 | D20: 21.88 | E20: 10.71 | F20: 5.9 | G20: 91.76 | H20: 39.3 | I20: 10.38 | J20: 0.86 | K20: 320.6 | L20: 31.4 | M20: 36.67 | N20: 618.1 | O20: 0 | P20: 1.04 | Q20: 4.73
... A32: 45342 | B32: 8.93 | C32: 17.92 | D32: 17.5 | E32: 9.44 | F32: 3.76 | G32: 94.6 | H32: 32.09 | I32: 10.19 | J32: 0.17 | K32: 193.96 | L32: 22.12 | M32: 77 | N32: 0 | O32: 0 | P32: 1.05 | Q32: 4.71
A34: Min | B34: =MIN(B9:B32) -> 3.15 | C34: =MIN(C9:C32) -> 17.02 | D34: =MIN(D9:D32) -> 12.96 | E34: =MIN(E9:E32) -> 5.74 | F34: =MIN(F9:F32) -> 3.3 | G34: =MIN(G9:G32) -> 68.76 | H34: =MIN(H9:H32) -> 27.4 | I34: =MIN(I9:I32) -> 9.29 | ... Q34: =MIN(Q9:Q32) -> 4.64
A35: Max | B35: =MAX(B9:B32) -> 18.69 | C35: =MAX(C9:C32) -> 25.85 | D35: =MAX(D9:D32) -> 26.39 | E35: =MAX(E9:E32) -> 13.51 | F35: =MAX(F9:F32) -> 8.27 | G35: =MAX(G9:G32) -> 100.92 | H35: =MAX(H9:H32) -> 39.33 | I35: =MAX(I9:I32) -> 11.06 | ... Q35: =MAX(Q9:Q32) -> 4.83
A36: Avg | B36: =AVERAGE(B9:B32) -> 9.7070833 | C36: =AVERAGE(C9:C32) -> 20.924167 | D36: =AVERAGE(D9:D32) -> 19.814583 | E36: =AVERAGE(E9:E32) -> 8.7945833 | F36: =AVERAGE(F9:F32) -> 4.6795833 | G36: =AVERAGE(G9:G32) -> 86.74125 | H36: =AVERAGE(H9:H32) -> 32.768333 | I36: =AVERAGE(I9:I32) -> 10.155417 | ... Q36: =AVERAGE(Q9:Q32) -> 4.7508333
A37: Stdev | B37: =STDEV(B9:B32) -> 4.8675219 | C37: =STDEV(C9:C32) -> 2.7734344 | D37: =STDEV(D9:D32) -> 3.9265396 | E37: =STDEV(E9:E32) -> 1.8545314 | F37: =STDEV(F9:F32) -> 1.69311 | G37: =STDEV(G9:G32) -> 8.6930864 | H37: =STDEV(H9:H32) -> 3.7666773 | I37: =STDEV(I9:I32) -> 0.54793668 | ... Q37: =STDEV(Q9:Q32) -> 0.048086577
A38: Num | B38: =COUNT(B9:B32) -> 24 | C38: =COUNT(C9:C32) -> 24 | D38: =COUNT(D9:D32) -> 24 | E38: =COUNT(E9:E32) -> 24 | F38: =COUNT(F9:F32) -> 24 | G38: =COUNT(G9:G32) -> 24 | H38: =COUNT(H9:H32) -> 24 | I38: =COUNT(I9:I32) -> 24 | ... Q38: =COUNT(Q9:Q32) -> 24
A39: DCR | B39: =IF(B38>=22,">90%",IF(B38<=22,"<90%")) -> >90% | C39: =IF(C38>=22,">90%",IF(C38<=22,"<90%")) -> >90% | D39: =IF(D38>=22,">90%",IF(D38<=22,"<90%")) -> >90% | E39: =IF(E38>=22,">90%",IF(E38<=22,"<90%")) -> >90% | F39: =IF(F38>=22,">90%",IF(F38<=22,"<90%")) -> >90% | G39: =IF(G38>=22,">90%",IF(G38<=22,"<90%")) -> >90% | H39: =IF(H38>=22,">90%",IF(H38<=22,"<90%")) -> >90% | I39: =IF(I38>=22,">90%",IF(I38<=22,"<90%")) -> >90% | ... Q39: =IF(Q38>=22,">90%",IF(Q38<=22,"<90%")) -> >90%
A40: Status | B40: =IF(B38>=22,"OK",IF(B38<=22,"LESS")) -> OK | C40: =IF(C38>=22,"OK",IF(C38<=22,"LESS")) -> OK | D40: =IF(D38>=22,"OK",IF(D38<=22,"LESS")) -> OK | E40: =IF(E38>=22,"OK",IF(E38<=22,"LESS")) -> OK | F40: =IF(F38>=22,"OK",IF(F38<=22,"LESS")) -> OK | G40: =IF(G38>=22,"OK",IF(G38<=22,"LESS")) -> OK | H40: =IF(H38>=22,"OK",IF(H38<=22,"LESS")) -> OK | I40: =IF(I38>=22,"OK",IF(I38<=22,"LESS")) -> OK | ... Q40: =IF(Q38>=22,"OK",IF(Q38<=22,"LESS")) -> OK
A43: Done by | B43: AKASH
A45: Comment

Sheet 20
A1: Station: | B1: IGKV ,RAIPUR
A2: Date: | B2: =$A$9 -> 45342.042 | D2: Power Off | G2: Pw.Off | L2: Link Fail | N2: Link F | P2: Maintenance | R2: Maint.
A3: Report Type: | B3: Mean | D3: Calibration | G3: Calib. | L3: Data Fail | N3: Data F | P3: Invalid | R3: Invalid
A4: Time Base: | B4: 01 Hour | D4: Zero Referrence | G4: Z.Ref | L4: Warm Up | N4: Wm. Up
A7: Date & Time | B7: NO | C7: NO2 | D7: NOX | E7: SO2 | F7: O3 | G7: PM 10 | H7: PM 2.5 | I7: BENZ | J7: WS | K7: WD | L7: TEMP | M7: HUM | N7: SR | O7: RG | P7: CO | Q7: NH3
B8: ug/m3 | C8: ug/m3 | D8: ppb | E8: ug/m3 | F8: ug/m3 | G8: ug/m3 | H8: ug/m3 | I8: ug/m3 | J8: m/sec | K8: deg | L8: degreC | M8: % | N8: w/m2 | O8: mm | P8: mg/m3 | Q8: ug/m3
A9: 45342.042 | B9: 10.07 | C9: 15.8 | D9: 17.58 | E9: 8.59 | F9: 3.68 | G9: 88.52 | H9: 31.7 | I9: 10.25 | J9: 0.13 | K9: 263.64 | L9: 22.13 | M9: 75.36 | N9: 0 | O9: 0 | P9: 1.04 | Q9: 4.74
A10: 45342.083 | B10: 9.81 | C10: 15.67 | D10: 17.24 | E10: 8.62 | F10: 3.71 | G10: 79.96 | H10: 31.63 | I10: 10.09 | J10: 0.15 | K10: 209.73 | L10: 21.95 | M10: 73.5 | N10: 0 | O10: 0 | P10: 0.99 | Q10: 4.74
A11: 45342.125 | B11: 9.68 | C11: 15.55 | D11: 17.24 | E11: 9.43 | F11: 3.57 | G11: 73.94 | H11: 30.7 | I11: 9.89 | J11: 0.17 | K11: 351.72 | L11: 22.78 | M11: 70.94 | N11: 0 | O11: 0 | P11: 0.96 | Q11: 4.74
A12: 45342.167 | B12: 10.1 | C12: 16.49 | D12: 17.96 | E12: 9.79 | F12: 3.65 | G12: 67.25 | H12: 29.5 | I12: 9.61 | J12: 0.18 | K12: 233.19 | L12: 22.5 | M12: 72.69 | N12: 0 | O12: 0 | P12: 0.93 | Q12: 4.74
A13: 45342.208 | B13: 9.57 | C13: 18.02 | D13: 18.31 | E13: 9.68 | F13: 3.56 | G13: 56.59 | H13: 26.09 | I13: 9.33 | J13: 0.62 | K13: 331.58 | L13: 22.51 | M13: 73.56 | N13: 0 | O13: 0 | P13: 0.87 | Q13: 4.78
A14: 45342.25 | B14: 11.57 | C14: 20.3 | D14: 21.23 | E14: 10.39 | F14: 3.4 | G14: 52.29 | H14: 23.44 | I14: 8.72 | J14: 0.2 | K14: 201.01 | L14: 22.3 | M14: 76.84 | N14: 0 | O14: 0 | P14: 0.83 | Q14: 4.76
A15: 45342.292 | B15: 16.73 | C15: 21.98 | D15: 26.25 | E15: 11.23 | F15: 3.38 | G15: 53.94 | H15: 23.43 | I15: 8.22 | J15: 0.21 | K15: 197.41 | L15: 21.02 | M15: 80.24 | N15: 15.1 | O15: 0 | P15: 0.8 | Q15: 4.76
A16: 45342.333 | B16: 18.38 | C16: 23.07 | D16: 28.14 | E16: 11.32 | F16: 3.39 | G16: 60.44 | H16: 25.64 | I16: 8.37 | J16: 0.32 | K16: 194.62 | L16: 23 | M16: 79.54 | N16: 92.9 | O16: 0 | P16: 0.81 | Q16: 4.78
A17: 45342.375 | B17: 18.23 | C17: 23.6 | D17: 28.11 | E17: 11.18 | F17: 3.89 | G17: 64.64 | H17: 28.29 | I17: 8.92 | J17: 0.94 | K17: 284.55 | L17: 26.48 | M17: 63.97 | N17: 334.4 | O17: 0 | P17: 0.85 | Q17: 4.76
A18: 45342.417 | B18: 16.13 | C18: 18.83 | D18: 24.13 | E18: 10.48 | F18: 4.21 | G18: 64.64 | H18: 28.29 | I18: 9.26 | J18: 1.39 | K18: 273.05 | L18: 27.62 | M18: 46.32 | N18: 317.4 | O18: 0 | P18: 0.84 | Q18: 4.73
A19: 45342.458 | B19: 12.75 | C19: 16.1 | D19: 19.99 | E19: 8.67 | F19: 4.8 | G19: 56.34 | H19: 23.57 | I19: 8.86 | J19: 1.63 | K19: 277.52 | L19: 29.93 | M19: 39.78 | N19: 568.5 | O19: 0 | P19: 0.77 | Q19: 4.74
A20: 45342.5 | B20: 9.19 | C20: 15.09 | D20: 16.6 | E20: 9.14 | F20: 5.28 | G20: 54.64 | H20: 20.79 | I20: 8.08 | J20: 1.38 | K20: 280.51 | L20: 31.51 | M20: 32.4 | N20: 644.4 | O20: 0 | P20: 0.7 | Q20: 4.74
... A32: 45343 | B32: 10.29 | C32: 16.77 | D32: 18.06 | E32: 9.26 | F32: 3.48 | G32: 52.49 | H32: 20.6 | I32: 7.07 | J32: 0.17 | K32: 202.79 | L32: 21.78 | M32: 66.74 | N32: 0 | O32: 0 | P32: 0.81 | Q32: 4.77
A34: Min | B34: =MIN(B9:B32) -> 5 | C34: =MIN(C9:C32) -> 15.09 | D34: =MIN(D9:D32) -> 14.59 | E34: =MIN(E9:E32) -> 7.49 | F34: =MIN(F9:F32) -> 3.38 | G34: =MIN(G9:G32) -> 38.37 | H34: =MIN(H9:H32) -> 11.42 | I34: =MIN(I9:I32) -> 4.38 | ... Q34: =MIN(Q9:Q32) -> 4.69
A35: Max | B35: =MAX(B9:B32) -> 18.38 | C35: =MAX(C9:C32) -> 23.6 | D35: =MAX(D9:D32) -> 28.14 | E35: =MAX(E9:E32) -> 11.32 | F35: =MAX(F9:F32) -> 9.63 | G35: =MAX(G9:G32) -> 88.52 | H35: =MAX(H9:H32) -> 31.7 | I35: =MAX(I9:I32) -> 10.25 | ... Q35: =MAX(Q9:Q32) -> 4.78
A36: Avg | B36: =AVERAGE(B9:B32) -> 10.040417 | C36: =AVERAGE(C9:C32) -> 18.001667 | D36: =AVERAGE(D9:D32) -> 18.675 | E36: =AVERAGE(E9:E32) -> 9.3933333 | F36: =AVERAGE(F9:F32) -> 5.0570833 | G36: =AVERAGE(G9:G32) -> 56.648333 | H36: =AVERAGE(H9:H32) -> 21.955417 | I36: =AVERAGE(I9:I32) -> 7.5166667 | ... Q36: =AVERAGE(Q9:Q32) -> 4.7425
A37: Stdev | B37: =STDEV(B9:B32) -> 3.9447196 | C37: =STDEV(C9:C32) -> 2.4134905 | D37: =STDEV(D9:D32) -> 4.0421378 | E37: =STDEV(E9:E32) -> 1.0414149 | F37: =STDEV(F9:F32) -> 2.1664467 | G37: =STDEV(G9:G32) -> 11.641733 | H37: =STDEV(H9:H32) -> 6.0569033 | I37: =STDEV(I9:I32) -> 1.8809171 | ... Q37: =STDEV(Q9:Q32) -> 0.020269918
A38: Num | B38: =COUNT(B9:B32) -> 24 | C38: =COUNT(C9:C32) -> 24 | D38: =COUNT(D9:D32) -> 24 | E38: =COUNT(E9:E32) -> 24 | F38: =COUNT(F9:F32) -> 24 | G38: =COUNT(G9:G32) -> 24 | H38: =COUNT(H9:H32) -> 24 | I38: =COUNT(I9:I32) -> 24 | ... Q38: =COUNT(Q9:Q32) -> 24
A39: DCR | B39: =IF(B38>=22,">90%",IF(B38<=22,"<90%")) -> >90% | C39: =IF(C38>=22,">90%",IF(C38<=22,"<90%")) -> >90% | D39: =IF(D38>=22,">90%",IF(D38<=22,"<90%")) -> >90% | E39: =IF(E38>=22,">90%",IF(E38<=22,"<90%")) -> >90% | F39: =IF(F38>=22,">90%",IF(F38<=22,"<90%")) -> >90% | G39: =IF(G38>=22,">90%",IF(G38<=22,"<90%")) -> >90% | H39: =IF(H38>=22,">90%",IF(H38<=22,"<90%")) -> >90% | I39: =IF(I38>=22,">90%",IF(I38<=22,"<90%")) -> >90% | ... Q39: =IF(Q38>=22,">90%",IF(Q38<=22,"<90%")) -> >90%
A40: Status | B40: =IF(B38>=22,"OK",IF(B38<=22,"LESS")) -> OK | C40: =IF(C38>=22,"OK",IF(C38<=22,"LESS")) -> OK | D40: =IF(D38>=22,"OK",IF(D38<=22,"LESS")) -> OK | E40: =IF(E38>=22,"OK",IF(E38<=22,"LESS")) -> OK | F40: =IF(F38>=22,"OK",IF(F38<=22,"LESS")) -> OK | G40: =IF(G38>=22,"OK",IF(G38<=22,"LESS")) -> OK | H40: =IF(H38>=22,"OK",IF(H38<=22,"LESS")) -> OK | I40: =IF(I38>=22,"OK",IF(I38<=22,"LESS")) -> OK | ... Q40: =IF(Q38>=22,"OK",IF(Q38<=22,"LESS")) -> OK
A43: Done by | B43: AKASH
A45: Comment

Sheet 21
A1: Station: | B1: IGKV ,RAIPUR
A2: Date: | B2: =$A$9 -> 45343.042 | D2: Power Off | G2: Pw.Off | L2: Link Fail | N2: Link F | P2: Maintenance | R2: Maint.
A3: Report Type: | B3: Mean | D3: Calibration | G3: Calib. | L3: Data Fail | N3: Data F | P3: Invalid | R3: Invalid
A4: Time Base: | B4: 01 Hour | D4: Zero Referrence | G4: Z.Ref | L4: Warm Up | N4: Wm. Up
A7: Date & Time | B7: NO | C7: NO2 | D7: NOX | E7: SO2 | F7: O3 | G7: PM 10 | H7: PM 2.5 | I7: BENZ | J7: WS | K7: WD | L7: TEMP | M7: HUM | N7: SR | O7: RG | P7: CO | Q7: NH3
B8: ug/m3 | C8: ug/m3 | D8: ppb | E8: ug/m3 | F8: ug/m3 | G8: ug/m3 | H8: ug/m3 | I8: ug/m3 | J8: m/sec | K8: deg | L8: degreC | M8: % | N8: w/m2 | O8: mm | P8: mg/m3 | Q8: ug/m3
A9: 45343.042 | B9: 8.5 | C9: 17.25 | D9: 17.07 | E9: 8.84 | F9: 3.48 | G9: 54.59 | H9: 20.6 | I9: 7.7 | J9: 0.14 | K9: 212.67 | L9: 21.12 | M9: 65.99 | N9: 0 | O9: 0 | P9: 0.82 | Q9: 4.76
A10: 45343.083 | B10: 7.85 | C10: 17.2 | D10: 16.63 | E10: 9.24 | F10: 3.57 | G10: 54.59 | H10: 20.5 | I10: 7.71 | J10: 0.19 | K10: 165.25 | L10: 21.08 | M10: 67.03 | N10: 0 | O10: 0 | P10: 0.81 | Q10: 4.75
A11: 45343.125 | B11: 6.78 | C11: 17.45 | D11: 15.77 | E11: 9.29 | F11: 3.61 | G11: 46.12 | H11: 19.27 | I11: 7.46 | J11: 0.23 | K11: 186.58 | L11: 21.08 | M11: 69.77 | N11: 0 | O11: 0 | P11: 0.78 | Q11: 4.74
A12: 45343.167 | B12: 6.51 | C12: 17.5 | D12: 15.66 | E12: 9.53 | F12: 3.57 | G12: 46 | H12: 19.27 | I12: 7.15 | J12: 0.22 | K12: 201.06 | L12: 20.84 | M12: 72.03 | N12: 0 | O12: 0 | P12: 0.76 | Q12: 4.72
A13: 45343.208 | B13: 6.85 | C13: 17.4 | D13: 15.51 | E13: 9.49 | F13: 3.86 | G13: 39.38 | H13: 17.53 | I13: 6.96 | J13: 0.19 | K13: 258.67 | L13: 20.25 | M13: 71.28 | N13: 0 | O13: 0 | P13: 0.76 | Q13: 4.7
A14: 45343.25 | B14: 7.25 | C14: 15.04 | D14: 15 | E14: 8.69 | F14: 3.78 | G14: 35.6 | H14: 18.03 | I14: 6.97 | J14: 0.21 | K14: 217.63 | L14: 19.63 | M14: 78.58 | N14: 0 | O14: 0 | P14: 0.76 | Q14: 4.69
A15: 45343.292 | B15: 7.43 | C15: 14.4 | D15: 14.84 | E15: 9.05 | F15: 3.6 | G15: 38.75 | H15: 18.14 | I15: 7.05 | J15: 0.17 | K15: 200.48 | L15: 19.27 | M15: 78.03 | N15: 14.1 | O15: 0 | P15: 0.75 | Q15: 4.7
A16: 45343.333 | B16: 7.67 | C16: 14.38 | D16: 14.87 | E16: 8.88 | F16: 3.71 | G16: 40.68 | H16: 19.4 | I16: 7.2 | J16: 0.22 | K16: 253.11 | L16: 22.58 | M16: 72.66 | N16: 88.5 | O16: 0 | P16: 0.75 | Q16: 4.72
A17: 45343.375 | B17: 7.52 | C17: 14.32 | D17: 14.81 | E17: 9.33 | F17: 3.93 | G17: 42.9 | H17: 20.07 | I17: 7.23 | J17: 0.72 | K17: 262.18 | L17: 26.02 | M17: 57.46 | N17: 322 | O17: 0 | P17: 0.76 | Q17: 4.7
A18: 45343.417 | B18: 6.27 | C18: 14.88 | D18: 13.4 | E18: 9.38 | F18: 5 | G18: 42.9 | H18: 20.07 | I18: 7.05 | J18: 1.07 | K18: 277.38 | L18: 29.36 | M18: 49.17 | N18: 438.1 | O18: 0 | P18: 0.71 | Q18: 4.71
A19: 45343.458 | B19: 4.11 | C19: 15.36 | D19: 12.67 | E19: 13.24 | F19: 6.47 | G19: 44.05 | H19: 16.23 | I19: 6.5 | J19: 1.59 | K19: 282.52 | L19: 31.07 | M19: 36.83 | N19: 618.2 | O19: 0 | P19: 0.67 | Q19: 4.7
A20: 45343.5 | B20: 3.71 | C20: 16.22 | D20: 12.8 | E20: 13.4 | F20: 8.45 | G20: 48.57 | H20: 17.69 | I20: 5.77 | J20: 1.87 | K20: 310.68 | L20: 31.68 | M20: 30.03 | N20: 681.4 | O20: 0 | P20: 0.6 | Q20: 4.7
... A32: 45344 | B32: 6.75 | C32: 18.72 | D32: 16.46 | E32: 8.53 | F32: 3.52 | G32: 59.54 | H32: 22.1 | I32: 7.51 | J32: 0.19 | K32: 190.44 | L32: 24.3 | M32: 61.3 | N32: 0 | O32: 0 | P32: 0.85 | Q32: 4.72
A34: Min | B34: =MIN(B9:B32) -> 3.43 | C34: =MIN(C9:C32) -> 13.12 | D34: =MIN(D9:D32) -> 11.1 | E34: =MIN(E9:E32) -> 6.82 | F34: =MIN(F9:F32) -> 3.47 | G34: =MIN(G9:G32) -> 33.92 | H34: =MIN(H9:H32) -> 12.78 | I34: =MIN(I9:I32) -> 4.43 | ... Q34: =MIN(Q9:Q32) -> 4.66
A35: Max | B35: =MAX(B9:B32) -> 8.5 | C35: =MAX(C9:C32) -> 18.85 | D35: =MAX(D9:D32) -> 17.07 | E35: =MAX(E9:E32) -> 13.4 | F35: =MAX(F9:F32) -> 8.8 | G35: =MAX(G9:G32) -> 59.9 | H35: =MAX(H9:H32) -> 22.1 | I35: =MAX(I9:I32) -> 7.71 | ... Q35: =MAX(Q9:Q32) -> 4.76
A36: Avg | B36: =AVERAGE(B9:B32) -> 5.86875 | C36: =AVERAGE(C9:C32) -> 16.207917 | D36: =AVERAGE(D9:D32) -> 14.442083 | E36: =AVERAGE(E9:E32) -> 10.0175 | F36: =AVERAGE(F9:F32) -> 4.915 | G36: =AVERAGE(G9:G32) -> 47.529583 | H36: =AVERAGE(H9:H32) -> 18.645833 | I36: =AVERAGE(I9:I32) -> 6.2575 | ... Q36: =AVERAGE(Q9:Q32) -> 4.71125
A37: Stdev | B37: =STDEV(B9:B32) -> 1.6890577 | C37: =STDEV(C9:C32) -> 1.8582834 | D37: =STDEV(D9:D32) -> 1.9122147 | E37: =STDEV(E9:E32) -> 1.9348368 | F37: =STDEV(F9:F32) -> 1.7866339 | G37: =STDEV(G9:G32) -> 8.2052022 | H37: =STDEV(H9:H32) -> 2.6422782 | I37: =STDEV(I9:I32) -> 1.1744758 | ... Q37: =STDEV(Q9:Q32) -> 0.025760182
A38: Num | B38: =COUNT(B9:B32) -> 24 | C38: =COUNT(C9:C32) -> 24 | D38: =COUNT(D9:D32) -> 24 | E38: =COUNT(E9:E32) -> 24 | F38: =COUNT(F9:F32) -> 24 | G38: =COUNT(G9:G32) -> 24 | H38: =COUNT(H9:H32) -> 24 | I38: =COUNT(I9:I32) -> 24 | ... Q38: =COUNT(Q9:Q32) -> 24
A39: DCR | B39: =IF(B38>=22,">90%",IF(B38<=22,"<90%")) -> >90% | C39: =IF(C38>=22,">90%",IF(C38<=22,"<90%")) -> >90% | D39: =IF(D38>=22,">90%",IF(D38<=22,"<90%")) -> >90% | E39: =IF(E38>=22,">90%",IF(E38<=22,"<90%")) -> >90% | F39: =IF(F38>=22,">90%",IF(F38<=22,"<90%")) -> >90% | G39: =IF(G38>=22,">90%",IF(G38<=22,"<90%")) -> >90% | H39: =IF(H38>=22,">90%",IF(H38<=22,"<90%")) -> >90% | I39: =IF(I38>=22,">90%",IF(I38<=22,"<90%")) -> >90% | ... Q39: =IF(Q38>=22,">90%",IF(Q38<=22,"<90%")) -> >90%
A40: Status | B40: =IF(B38>=22,"OK",IF(B38<=22,"LESS")) -> OK | C40: =IF(C38>=22,"OK",IF(C38<=22,"LESS")) -> OK | D40: =IF(D38>=22,"OK",IF(D38<=22,"LESS")) -> OK | E40: =IF(E38>=22,"OK",IF(E38<=22,"LESS")) -> OK | F40: =IF(F38>=22,"OK",IF(F38<=22,"LESS")) -> OK | G40: =IF(G38>=22,"OK",IF(G38<=22,"LESS")) -> OK | H40: =IF(H38>=22,"OK",IF(H38<=22,"LESS")) -> OK | I40: =IF(I38>=22,"OK",IF(I38<=22,"LESS")) -> OK | ... Q40: =IF(Q38>=22,"OK",IF(Q38<=22,"LESS")) -> OK
A43: Done by | B43: AKASH
A45: Comment

Sheet 22
A1: Station: | B1: IGKV ,RAIPUR
A2: Date: | B2: =$A$9 -> 45344.042 | D2: Power Off | G2: Pw.Off | L2: Link Fail | N2: Link F | P2: Maintenance | R2: Maint.
A3: Report Type: | B3: Mean | D3: Calibration | G3: Calib. | L3: Data Fail | N3: Data F | P3: Invalid | R3: Invalid
A4: Time Base: | B4: 01 Hour | D4: Zero Referrence | G4: Z.Ref | L4: Warm Up | N4: Wm. Up
A7: Date & Time | B7: NO | C7: NO2 | D7: NOX | E7: SO2 | F7: O3 | G7: PM 10 | H7: PM 2.5 | I7: BENZ | J7: WS | K7: WD | L7: TEMP | M7: HUM | N7: SR | O7: RG | P7: CO | Q7: NH3
B8: ug/m3 | C8: ug/m3 | D8: ppb | E8: ug/m3 | F8: ug/m3 | G8: ug/m3 | H8: ug/m3 | I8: ug/m3 | J8: m/sec | K8: deg | L8: degreC | M8: % | N8: w/m2 | O8: mm | P8: mg/m3 | Q8: ug/m3
A9: 45344.042 | B9: 7.98 | C9: 18.65 | D9: 17.23 | E9: 8.25 | F9: 3.86 | G9: 55.42 | H9: 22.1 | I9: 7.55 | J9: 0.17 | K9: 255.21 | L9: 23.05 | M9: 64.59 | N9: 0 | O9: 0 | P9: 0.86 | Q9: 4.68
A10: 45344.083 | B10: 8.05 | C10: 13.82 | D10: 14.96 | E10: 7.89 | F10: 3.72 | G10: 50.13 | H10: 21.47 | I10: 7.34 | J10: 0.16 | K10: 271.29 | L10: 22.7 | M10: 61.7 | N10: 0 | O10: 0 | P10: 0.82 | Q10: 4.69
A11: 45344.125 | B11: 8.12 | C11: 12.56 | D11: 14.39 | E11: 7.54 | F11: 3.64 | G11: 43.89 | H11: 19.56 | I11: 6.97 | J11: 0.16 | K11: 221.19 | L11: 22.45 | M11: 64.69 | N11: 0 | O11: 0 | P11: 0.78 | Q11: 4.7
A12: 45344.167 | B12: 8.05 | C12: 13.66 | D12: 14.95 | E12: 7.65 | F12: 3.7 | G12: 43.89 | H12: 18.58 | I12: 6.65 | J12: 0.23 | K12: 201 | L12: 21.38 | M12: 77.39 | N12: 0 | O12: 0 | P12: 0.74 | Q12: 4.71
A13: 45344.208 | B13: 7.89 | C13: 13.54 | D13: 14.74 | E13: 7.68 | F13: 3.9 | G13: 34 | H13: 15.14 | I13: 6.27 | J13: 0.19 | K13: 199.52 | L13: 19.9 | M13: 76.51 | N13: 0 | O13: 0 | P13: 0.71 | Q13: 4.72
A14: 45344.25 | B14: 7.48 | C14: 14.72 | D14: 14.49 | E14: 8.18 | F14: 3.88 | G14: 33.15 | H14: 15.14 | I14: 6.02 | J14: 0.21 | K14: 200.31 | L14: 19.74 | M14: 79.11 | N14: 0 | O14: 0 | P14: 0.65 | Q14: 4.73
A15: 45344.292 | B15: 6.72 | C15: 15.13 | D15: 14.6 | E15: 7.98 | F15: 3.67 | G15: 28.14 | H15: 15.51 | I15: 5.56 | J15: 0.21 | K15: 186.76 | L15: 19.23 | M15: 81.21 | N15: 15.6 | O15: 0 | P15: 0.62 | Q15: 4.71
A16: 45344.333 | B16: 6.68 | C16: 16.11 | D16: 15.01 | E16: 8.51 | F16: 3.77 | G16: 32.82 | H16: 15.51 | I16: 5.26 | J16: 0.94 | K16: 281.02 | L16: 23.42 | M16: 75.28 | N16: 93.8 | O16: 0 | P16: 0.61 | Q16: 4.72
A17: 45344.375 | B17: 6.67 | C17: 18.11 | D17: 16.16 | E17: 9.29 | F17: 3.89 | G17: 33.6 | H17: 15.74 | I17: 5.86 | J17: 1.19 | K17: 299.56 | L17: 26.89 | M17: 46.56 | N17: 344.5 | O17: 0 | P17: 0.67 | Q17: 4.72
A18: 45344.417 | B18: 8.16 | C18: 20.25 | D18: 18.47 | E18: 9.22 | F18: 4.16 | G18: 38.53 | H18: 15.74 | I18: 6.02 | J18: 1.83 | K18: 316.2 | L18: 28.37 | M18: 34.18 | N18: 446.4 | O18: 0 | P18: 0.66 | Q18: 4.72
A19: 45344.458 | B19: 8.43 | C19: 19.56 | D19: 18.32 | E19: 8.68 | F19: 5.05 | G19: 42.35 | H19: 14 | I19: 5.86 | J19: 1.71 | K19: 326.09 | L19: 29.25 | M19: 29.68 | N19: 641.7 | O19: 0 | P19: 0.66 | Q19: 4.7
A20: 45344.5 | B20: 7.8 | C20: 17.39 | D20: 16.33 | E20: 8.12 | F20: 5.2 | G20: 42.99 | H20: 14.23 | I20: 5.46 | J20: 1.48 | K20: 325.78 | L20: 30.23 | M20: 28.07 | N20: 714 | O20: 0 | P20: 0.64 | Q20: 4.71
... A32: 45345 | B32: 16.86 | C32: 19.18 | D32: 24.87 | E32: 6.33 | F32: 3.84 | G32: 102.34 | H32: 34.78 | I32: 6.77 | J32: 0.36 | K32: 48.27 | L32: 23.98 | M32: 43.06 | N32: 0 | O32: 0 | P32: 0.69 | Q32: 4.77
A34: Min | B34: =MIN(B9:B32) -> 5.4 | C34: =MIN(C9:C32) -> 12.56 | D34: =MIN(D9:D32) -> 14.39 | E34: =MIN(E9:E32) -> 6.33 | F34: =MIN(F9:F32) -> 3.5 | G34: =MIN(G9:G32) -> 28.14 | H34: =MIN(H9:H32) -> 14 | I34: =MIN(I9:I32) -> 4.07 | ... Q34: =MIN(Q9:Q32) -> 4.67
A35: Max | B35: =MAX(B9:B32) -> 16.86 | C35: =MAX(C9:C32) -> 24.16 | D35: =MAX(D9:D32) -> 24.87 | E35: =MAX(E9:E32) -> 9.29 | F35: =MAX(F9:F32) -> 7.21 | G35: =MAX(G9:G32) -> 102.34 | H35: =MAX(H9:H32) -> 34.78 | I35: =MAX(I9:I32) -> 7.55 | ... Q35: =MAX(Q9:Q32) -> 4.78
A36: Avg | B36: =AVERAGE(B9:B32) -> 8.7795833 | C36: =AVERAGE(C9:C32) -> 17.924583 | D36: =AVERAGE(D9:D32) -> 17.603333 | E36: =AVERAGE(E9:E32) -> 7.7766667 | F36: =AVERAGE(F9:F32) -> 4.3704167 | G36: =AVERAGE(G9:G32) -> 52.775 | H36: =AVERAGE(H9:H32) -> 20.207083 | I36: =AVERAGE(I9:I32) -> 5.6579167 | ... Q36: =AVERAGE(Q9:Q32) -> 4.7233333
A37: Stdev | B37: =STDEV(B9:B32) -> 3.3058571 | C37: =STDEV(C9:C32) -> 2.9750645 | D37: =STDEV(D9:D32) -> 3.4759855 | E37: =STDEV(E9:E32) -> 0.82772956 | F37: =STDEV(F9:F32) -> 0.96817838 | G37: =STDEV(G9:G32) -> 23.477708 | H37: =STDEV(H9:H32) -> 6.6724153 | I37: =STDEV(I9:I32) -> 0.9821847 | ... Q37: =STDEV(Q9:Q32) -> 0.029291142
A38: Num | B38: =COUNT(B9:B32) -> 24 | C38: =COUNT(C9:C32) -> 24 | D38: =COUNT(D9:D32) -> 24 | E38: =COUNT(E9:E32) -> 24 | F38: =COUNT(F9:F32) -> 24 | G38: =COUNT(G9:G32) -> 24 | H38: =COUNT(H9:H32) -> 24 | I38: =COUNT(I9:I32) -> 24 | ... Q38: =COUNT(Q9:Q32) -> 24
A39: DCR | B39: =IF(B38>=22,">90%",IF(B38<=22,"<90%")) -> >90% | C39: =IF(C38>=22,">90%",IF(C38<=22,"<90%")) -> >90% | D39: =IF(D38>=22,">90%",IF(D38<=22,"<90%")) -> >90% | E39: =IF(E38>=22,">90%",IF(E38<=22,"<90%")) -> >90% | F39: =IF(F38>=22,">90%",IF(F38<=22,"<90%")) -> >90% | G39: =IF(G38>=22,">90%",IF(G38<=22,"<90%")) -> >90% | H39: =IF(H38>=22,">90%",IF(H38<=22,"<90%")) -> >90% | I39: =IF(I38>=22,">90%",IF(I38<=22,"<90%")) -> >90% | ... Q39: =IF(Q38>=22,">90%",IF(Q38<=22,"<90%")) -> >90%
A40: Status | B40: =IF(B38>=22,"OK",IF(B38<=22,"LESS")) -> OK | C40: =IF(C38>=22,"OK",IF(C38<=22,"LESS")) -> OK | D40: =IF(D38>=22,"OK",IF(D38<=22,"LESS")) -> OK | E40: =IF(E38>=22,"OK",IF(E38<=22,"LESS")) -> OK | F40: =IF(F38>=22,"OK",IF(F38<=22,"LESS")) -> OK | G40: =IF(G38>=22,"OK",IF(G38<=22,"LESS")) -> OK | H40: =IF(H38>=22,"OK",IF(H38<=22,"LESS")) -> OK | I40: =IF(I38>=22,"OK",IF(I38<=22,"LESS")) -> OK | ... Q40: =IF(Q38>=22,"OK",IF(Q38<=22,"LESS")) -> OK
A43: Done by | B43: AKASH
A45: Comment

Sheet 23
A1: Station: | B1: IGKV ,RAIPUR
A2: Date: | B2: =$A$9 -> 45345.042 | D2: Power Off | G2: Pw.Off | L2: Link Fail | N2: Link F | P2: Maintenance | R2: Maint.
A3: Report Type: | B3: Mean | D3: Calibration | G3: Calib. | L3: Data Fail | N3: Data F | P3: Invalid | R3: Invalid
A4: Time Base: | B4: 01 Hour | D4: Zero Referrence | G4: Z.Ref | L4: Warm Up | N4: Wm. Up
A7: Date & Time | B7: NO | C7: NO2 | D7: NOX | E7: SO2 | F7: O3 | G7: PM 10 | H7: PM 2.5 | I7: BENZ | J7: WS | K7: WD | L7: TEMP | M7: HUM | N7: SR | O7: RG | P7: CO | Q7: NH3
B8: ug/m3 | C8: ug/m3 | D8: ppb | E8: ug/m3 | F8: ug/m3 | G8: ug/m3 | H8: ug/m3 | I8: ug/m3 | J8: m/sec | K8: deg | L8: degreC | M8: % | N8: w/m2 | O8: mm | P8: mg/m3 | Q8: ug/m3
A9: 45345.042 | B9: 17.1 | C9: 19.91 | D9: 24.98 | E9: 8.06 | F9: 3.58 | G9: 92.05 | H9: 29.78 | I9: 6.67 | J9: 0.53 | K9: 52.84 | L9: 22.93 | M9: 46.02 | N9: 0 | O9: 0 | P9: 0.66 | Q9: 4.77
A10: 45345.083 | B10: 16.86 | C10: 20.91 | D10: 25.5 | E10: 9.17 | F10: 3.56 | G10: 84.3 | H10: 29.78 | I10: 6.42 | J10: 0.97 | K10: 53.85 | L10: 22.18 | M10: 50.85 | N10: 0 | O10: 0 | P10: 0.65 | Q10: 4.81
A11: 45345.125 | B11: 15.82 | C11: 21.02 | D11: 24.98 | E11: 8.71 | F11: 3.54 | G11: 82.75 | H11: 29.31 | I11: 6.32 | J11: 1.43 | K11: 49.76 | L11: 21.1 | M11: 56.75 | N11: 0 | O11: 0 | P11: 0.61 | Q11: 4.82
A12: 45345.167 | B12: 13.47 | C12: 20.91 | D12: 23.08 | E12: 8.31 | F12: 3.65 | G12: 79.23 | H12: 26.61 | I12: 6.22 | J12: 1.23 | K12: 65.49 | L12: 20.59 | M12: 60.51 | N12: 0 | O12: 0 | P12: 0.57 | Q12: 4.79
A13: 45345.208 | B13: 11.77 | C13: 21.06 | D13: 21.79 | E13: 8.07 | F13: 3.46 | G13: 66.44 | H13: 22.77 | I13: 5.89 | J13: 0.74 | K13: 75.27 | L13: 19.58 | M13: 64 | N13: 0 | O13: 0 | P13: 0.52 | Q13: 4.76
A14: 45345.25 | B14: 13.57 | C14: 22.38 | D14: 23.92 | E14: 7.8 | F14: 3.48 | G14: 56.48 | H14: 21.6 | I14: 5.53 | J14: 0.4 | K14: 216.17 | L14: 19.33 | M14: 74.4 | N14: 0 | O14: 0 | P14: 0.48 | Q14: 4.77
A15: 45345.292 | B15: 12.9 | C15: 19.58 | D15: 21.92 | E15: 7.6 | F15: 3.71 | G15: 56.48 | H15: 21.6 | I15: 5.3 | J15: 0.22 | K15: 220.07 | L15: 18.34 | M15: 79.77 | N15: 17 | O15: 0 | P15: 0.47 | Q15: 4.74
A16: 45345.333 | B16: 12.68 | C16: 16.94 | D16: 19.87 | E16: 7.07 | F16: 3.53 | G16: 49.68 | H16: 16.78 | I16: 5.04 | J16: 1.04 | K16: 145.89 | L16: 20.6 | M16: 72.92 | N16: 98.8 | O16: 0 | P16: 0.43 | Q16: 4.75
A17: 45345.375 | B17: 13.49 | C17: 17.62 | D17: 21.28 | E17: 8.18 | F17: 3.6 | G17: 56.72 | H17: 19.56 | I17: 5.18 | J17: 1.21 | K17: 59.49 | L17: 22.86 | M17: 59.96 | N17: 333.5 | O17: 0 | P17: 0.46 | Q17: 4.74
A18: 45345.417 | B18: 14.66 | C18: 17.41 | D18: 22.2 | E18: 9.12 | F18: 3.73 | G18: 56.72 | H18: 19.84 | I18: 5.32 | J18: 1.23 | K18: 59.75 | L18: 25.13 | M18: 51.93 | N18: 446.7 | O18: 0 | P18: 0.49 | Q18: 4.75
A19: 45345.458 | B19: 15.18 | C19: 19.45 | D19: 22.59 | E19: 11.93 | F19: 4.83 | G19: 62.55 | H19: 20.74 | I19: 5.39 | J19: 1.09 | K19: 64.29 | L19: 26.99 | M19: 45.81 | N19: 618 | O19: 0 | P19: 0.49 | Q19: 4.78
A20: 45345.5 | B20: 12.94 | C20: 22.93 | D20: 22.36 | E20: 12.83 | F20: 6.82 | G20: 64.39 | H20: 20.74 | I20: 5.31 | J20: 1.05 | K20: 79.15 | L20: 28.87 | M20: 37.6 | N20: 693.3 | O20: 0 | P20: 0.48 | Q20: 4.79
... A32: 45346 | B32: 16.21 | C32: 24.71 | D32: 27.26 | E32: 12.2 | F32: 3.53 | G32: 143.56 | H32: 39.31 | I32: 5.86 | J32: 0.41 | K32: 206.14 | L32: 21.83 | M32: 56.71 | N32: 0 | O32: 0 | P32: 0.69 | Q32: 4.79
A34: Min | B34: =MIN(B9:B32) -> 5.9 | C34: =MIN(C9:C32) -> 16.94 | D34: =MIN(D9:D32) -> 15.54 | E34: =MIN(E9:E32) -> 7.07 | F34: =MIN(F9:F32) -> 3.39 | G34: =MIN(G9:G32) -> 49.68 | H34: =MIN(H9:H32) -> 16.78 | I34: =MIN(I9:I32) -> 4.07 | ... Q34: =MIN(Q9:Q32) -> 4.7
A35: Max | B35: =MAX(B9:B32) -> 17.1 | C35: =MAX(C9:C32) -> 24.81 | D35: =MAX(D9:D32) -> 27.68 | E35: =MAX(E9:E32) -> 19.04 | F35: =MAX(F9:F32) -> 8.79 | G35: =MAX(G9:G32) -> 144.6 | H35: =MAX(H9:H32) -> 39.31 | I35: =MAX(I9:I32) -> 6.67 | ... Q35: =MAX(Q9:Q32) -> 4.82
A36: Avg | B36: =AVERAGE(B9:B32) -> 12.6 | C36: =AVERAGE(C9:C32) -> 20.7625 | D36: =AVERAGE(D9:D32) -> 22.065 | E36: =AVERAGE(E9:E32) -> 10.739167 | F36: =AVERAGE(F9:F32) -> 4.5495833 | G36: =AVERAGE(G9:G32) -> 81.086667 | H36: =AVERAGE(H9:H32) -> 25.6125 | I36: =AVERAGE(I9:I32) -> 5.3033333 | ... Q36: =AVERAGE(Q9:Q32) -> 4.7641667
A37: Stdev | B37: =STDEV(B9:B32) -> 3.6201033 | C37: =STDEV(C9:C32) -> 2.4109772 | D37: =STDEV(D9:D32) -> 3.3541771 | E37: =STDEV(E9:E32) -> 2.8818215 | F37: =STDEV(F9:F32) -> 1.6379241 | G37: =STDEV(G9:G32) -> 30.203596 | H37: =STDEV(H9:H32) -> 6.5801786 | I37: =STDEV(I9:I32) -> 0.73933382 | ... Q37: =STDEV(Q9:Q32) -> 0.031056284
A38: Num | B38: =COUNT(B9:B32) -> 24 | C38: =COUNT(C9:C32) -> 24 | D38: =COUNT(D9:D32) -> 24 | E38: =COUNT(E9:E32) -> 24 | F38: =COUNT(F9:F32) -> 24 | G38: =COUNT(G9:G32) -> 24 | H38: =COUNT(H9:H32) -> 24 | I38: =COUNT(I9:I32) -> 24 | ... Q38: =COUNT(Q9:Q32) -> 24
A39: DCR | B39: =IF(B38>=22,">90%",IF(B38<=22,"<90%")) -> >90% | C39: =IF(C38>=22,">90%",IF(C38<=22,"<90%")) -> >90% | D39: =IF(D38>=22,">90%",IF(D38<=22,"<90%")) -> >90% | E39: =IF(E38>=22,">90%",IF(E38<=22,"<90%")) -> >90% | F39: =IF(F38>=22,">90%",IF(F38<=22,"<90%")) -> >90% | G39: =IF(G38>=22,">90%",IF(G38<=22,"<90%")) -> >90% | H39: =IF(H38>=22,">90%",IF(H38<=22,"<90%")) -> >90% | I39: =IF(I38>=22,">90%",IF(I38<=22,"<90%")) -> >90% | ... Q39: =IF(Q38>=22,">90%",IF(Q38<=22,"<90%")) -> >90%
A40: Status | B40: =IF(B38>=22,"OK",IF(B38<=22,"LESS")) -> OK | C40: =IF(C38>=22,"OK",IF(C38<=22,"LESS")) -> OK | D40: =IF(D38>=22,"OK",IF(D38<=22,"LESS")) -> OK | E40: =IF(E38>=22,"OK",IF(E38<=22,"LESS")) -> OK | F40: =IF(F38>=22,"OK",IF(F38<=22,"LESS")) -> OK | G40: =IF(G38>=22,"OK",IF(G38<=22,"LESS")) -> OK | H40: =IF(H38>=22,"OK",IF(H38<=22,"LESS")) -> OK | I40: =IF(I38>=22,"OK",IF(I38<=22,"LESS")) -> OK | ... Q40: =IF(Q38>=22,"OK",IF(Q38<=22,"LESS")) -> OK
A43: Done by | B43: AKASH
A45: Comment

Sheet 24
A1: Station: | B1: IGKV ,RAIPUR
A2: Date: | B2: =$A$9 -> 45346.042 | D2: Power Off | G2: Pw.Off | L2: Link Fail | N2: Link F | P2: Maintenance | R2: Maint.
A3: Report Type: | B3: Mean | D3: Calibration | G3: Calib. | L3: Data Fail | N3: Data F | P3: Invalid | R3: Invalid
A4: Time Base: | B4: 01 Hour | D4: Zero Referrence | G4: Z.Ref | L4: Warm Up | N4: Wm. Up
A7: Date & Time | B7: NO | C7: NO2 | D7: NOX | E7: SO2 | F7: O3 | G7: PM 10 | H7: PM 2.5 | I7: BENZ | J7: WS | K7: WD | L7: TEMP | M7: HUM | N7: SR | O7: RG | P7: CO | Q7: NH3
B8: ug/m3 | C8: ug/m3 | D8: ppb | E8: ug/m3 | F8: ug/m3 | G8: ug/m3 | H8: ug/m3 | I8: ug/m3 | J8: m/sec | K8: deg | L8: degreC | M8: % | N8: w/m2 | O8: mm | P8: mg/m3 | Q8: ug/m3
A9: 45346.042 | B9: 16.42 | C9: 25.86 | D9: 28.03 | E9: 11.42 | F9: 3.37 | G9: 125.99 | H9: 38.87 | I9: 5.64 | J9: 0.41 | K9: 230.56 | L9: 21.09 | M9: 61.77 | N9: 0 | O9: 0 | P9: 0.65 | Q9: 4.8
A10: 45346.083 | B10: 17.47 | C10: 26.11 | D10: 28.96 | E10: 10.88 | F10: 3.56 | G10: 107.47 | H10: 31.27 | I10: 5.4 | J10: 0.59 | K10: 183.16 | L10: 20.76 | M10: 60.61 | N10: 0 | O10: 0 | P10: 0.65 | Q10: 4.81
A11: 45346.125 | B11: 16.83 | C11: 22.57 | D11: 26.64 | E11: 10.96 | F11: 3.65 | G11: 94.55 | H11: 29.89 | I11: 5.35 | J11: 0.75 | K11: 53 | L11: 20.46 | M11: 60.4 | N11: 0 | O11: 0 | P11: 0.64 | Q11: 4.78
A12: 45346.167 | B12: 15.67 | C12: 21.05 | D12: 24.72 | E12: 10.18 | F12: 3.47 | G12: 94.55 | H12: 29.89 | I12: 5.31 | J12: 0.73 | K12: 57.13 | L12: 19.97 | M12: 60.36 | N12: 0 | O12: 0 | P12: 0.62 | Q12: 4.79
A13: 45346.208 | B13: 15.73 | C13: 20.65 | D13: 24.58 | E13: 9.92 | F13: 3.48 | G13: 93.01 | H13: 28.92 | I13: 5.36 | J13: 0.94 | K13: 60.39 | L13: 19.55 | M13: 59.42 | N13: 0 | O13: 0 | P13: 0.61 | Q13: 4.78
A14: 45346.25 | B14: 17.48 | C14: 21.18 | D14: 26.02 | E14: 10.52 | F14: 3.36 | G14: 84.27 | H14: 27.71 | I14: 5.45 | J14: 0.99 | K14: 55.26 | L14: 19.21 | M14: 59.2 | N14: 0 | O14: 0 | P14: 0.6 | Q14: 4.78
A15: 45346.292 | B15: 18.5 | C15: 21.7 | D15: 27.52 | E15: 10.43 | F15: 3.42 | G15: 81.39 | H15: 28.11 | I15: 5.7 | J15: 0.9 | K15: 55.82 | L15: 18.92 | M15: 61.16 | N15: 17.4 | O15: 0 | P15: 0.6 | Q15: 4.8
A16: 45346.333 | B16: 18.67 | C16: 23.06 | D16: 28.18 | E16: 10.95 | F16: 3.44 | G16: 83.53 | H16: 28.11 | I16: 6.17 | J16: 1.66 | K16: 58.72 | L16: 20.23 | M16: 60.63 | N16: 93.9 | O16: 0 | P16: 0.65 | Q16: 4.81
A17: 45346.375 | B17: 17.16 | C17: 23.26 | D17: 27.22 | E17: 11.6 | F17: 3.76 | G17: 85.28 | H17: 27.55 | I17: 6.39 | J17: 1.58 | K17: 76.04 | L17: 23.61 | M17: 54.52 | N17: 289.6 | O17: 0 | P17: 0.65 | Q17: 4.8
A18: 45346.417 | B18: 13.23 | C18: 23.5 | D18: 24.19 | E18: 12.06 | F18: 3.94 | G18: 85.28 | H18: 31.3 | I18: 6.41 | J18: 1.24 | K18: 77.12 | L18: 25.56 | M18: 48.2 | N18: 383.2 | O18: 0 | P18: 0.66 | Q18: 4.78
A19: 45346.458 | B19: 9.21 | C19: 23.32 | D19: 20.87 | E19: 8.08 | F19: 5.68 | G19: 76.7 | H19: 31.3 | I19: 6.4 | J19: 0.81 | K19: 107.97 | L19: 28.33 | M19: 47.59 | N19: 561.9 | O19: 0 | P19: 0.67 | Q19: 4.75
A20: 45346.5 | B20: 5.78 | C20: 22 | D20: 17.48 | E20: 8.07 | F20: 5.76 | G20: 74.49 | H20: 28.16 | I20: 6.3 | J20: 0.96 | K20: 160.86 | L20: 29.76 | M20: 42.38 | N20: 624.4 | O20: 0 | P20: 0.67 | Q20: 4.73
... A22: 45346.583 | B22: 3.25 | C22: 16.97 | D22: 12.69 | E22: 6.64 | F22: 13.36 | G22: 64.69 | H22: 26.35 | I22: 5.94 | J22: 0.88 | K22: 331.75 | L22: 31.8 | M22: 36.62 | N22: 614.5 | O22: 0 | P22: 0.65 | Q22: 4.68
A23: 45346.625 | B23: 6.31 | C23: 11.62 | D23: 12.1 | E23: Calib. | F23: 24.12 | G23: Calib. | H23: Calib. | I23: 20.16 | J23: 0.74 | K23: 280.27 | L23: 31.94 | M23: 35.46 | N23: 560.3 | O23: 0 | P23: 0.42 | Q23: 4.65
A24: 45346.667 | B24: 4.32 | C24: 13.08 | D24: 11.17 | E24: 7.18 | F24: 27.64 | G24: 37.11 | H24: 0.85 | I24: 54.07 | J24: 0.58 | K24: 317.11 | L24: 31.19 | M24: 33.46 | N24: 116.1 | O24: 0 | P24: 0.41 | Q24: 4.65
A25: 45346.708 | B25: 4.4 | C25: 16.28 | D25: 13.39 | E25: 6.25 | F25: 8.9 | G25: 39.76 | H25: 4.36 | I25: 51.92 | J25: 0.31 | K25: 290.42 | L25: 31.08 | M25: 33.03 | N25: 109.2 | O25: 0 | P25: 0.39 | Q25: 4.72
A26: 45346.75 | B26: 7.35 | C26: 22.39 | D26: 18.52 | E26: 8.9 | F26: 11.36 | G26: 55.22 | H26: 9.77 | I26: 41.35 | J26: 0.65 | K26: 59.03 | L26: 30.34 | M26: 37.31 | N26: 43.1 | O26: 0 | P26: 0.43 | Q26: 4.7
A27: 45346.792 | B27: 8.89 | C27: 26.23 | D27: 22.19 | E27: 9.08 | F27: 8.17 | G27: 84.57 | H27: 25.39 | I27: 33.46 | J27: 0.82 | K27: 56.59 | L27: 28.23 | M27: 46.51 | N27: 0 | O27: 0 | P27: 0.56 | Q27: 4.75
A28: 45346.833 | B28: 9.14 | C28: 27.27 | D28: 22.86 | E28: 8.55 | F28: 6.85 | G28: 104.98 | H28: 30.24 | I28: 26.91 | J28: 0.66 | K28: 63.62 | L28: 26.93 | M28: 52.45 | N28: 0 | O28: 0 | P28: 0.67 | Q28: 4.74
A29: 45346.875 | B29: 9.86 | C29: 28.12 | D29: 23.94 | E29: 8.25 | F29: 4.84 | G29: 118.25 | H29: 38.56 | I29: 24.48 | J29: 0.64 | K29: 154.15 | L29: 25.85 | M29: 63.88 | N29: 0 | O29: 0 | P29: 0.76 | Q29: 4.73
A30: 45346.917 | B30: 10.03 | C30: 27.46 | D30: 23.54 | E30: 8.4 | F30: 5.08 | G30: 118.25 | H30: 38.56 | I30: 22.23 | J30: 0.33 | K30: 156.65 | L30: 24.91 | M30: 62.85 | N30: 0 | O30: 0 | P30: 0.8 | Q30: 4.73
A31: 45346.958 | B31: 10.54 | C31: 20.16 | D31: 20.16 | E31: 6.33 | F31: 4.86 | G31: 116.79 | H31: 40.98 | I31: 20.35 | J31: 1.05 | K31: 182.86 | L31: 23.77 | M31: 73.19 | N31: 0 | O31: 0 | P31: 0.8 | Q31: 4.72
A32: 45347 | B32: 10.87 | C32: 19.05 | D32: 19.92 | E32: 8.01 | F32: 5.24 | G32: 116.79 | H32: 40.98 | I32: 19.01 | J32: 1.87 | K32: 57.97 | L32: 23.69 | M32: 68.34 | N32: 0 | O32: 0 | P32: 0.79 | Q32: 4.71
A34: Min | B34: =MIN(B9:B32) -> 3.25 | C34: =MIN(C9:C32) -> 11.62 | D34: =MIN(D9:D32) -> 11.17 | E34: =MIN(E9:E32) -> 6.15 | F34: =MIN(F9:F32) -> 3.36 | G34: =MIN(G9:G32) -> 37.11 | H34: =MIN(H9:H32) -> 0.85 | I34: =MIN(I9:I32) -> 5.31 | ... Q34: =MIN(Q9:Q32) -> 4.65
A35: Max | B35: =MAX(B9:B32) -> 18.67 | C35: =MAX(C9:C32) -> 28.12 | D35: =MAX(D9:D32) -> 28.96 | E35: =MAX(E9:E32) -> 12.06 | F35: =MAX(F9:F32) -> 27.64 | G35: =MAX(G9:G32) -> 125.99 | H35: =MAX(H9:H32) -> 40.98 | I35: =MAX(I9:I32) -> 54.07 | ... Q35: =MAX(Q9:Q32) -> 4.81
A36: Avg | B36: =AVERAGE(B9:B32) -> 11.29875 | C36: =AVERAGE(C9:C32) -> 21.720833 | D36: =AVERAGE(D9:D32) -> 21.63 | E36: =AVERAGE(E9:E32) -> 9.0786957 | F36: =AVERAGE(F9:F32) -> 7.2275 | G36: =AVERAGE(G9:G32) -> 87.458261 | H36: =AVERAGE(H9:H32) -> 27.976957 | I36: =AVERAGE(I9:I32) -> 16.493333 | ... Q36: =AVERAGE(Q9:Q32) -> 4.745
A37: Stdev | B37: =STDEV(B9:B32) -> 5.1911884 | C37: =STDEV(C9:C32) -> 4.2927005 | D37: =STDEV(D9:D32) -> 5.5907128 | E37: =STDEV(E9:E32) -> 1.8480808 | F37: =STDEV(F9:F32) -> 6.3315609 | G37: =STDEV(G9:G32) -> 24.334194 | H37: =STDEV(H9:H32) -> 10.367152 | I37: =STDEV(I9:I32) -> 15.324098 | ... Q37: =STDEV(Q9:Q32) -> 0.048900965
A38: Num | B38: =COUNT(B9:B32) -> 24 | C38: =COUNT(C9:C32) -> 24 | D38: =COUNT(D9:D32) -> 24 | E38: 24 | F38: =COUNT(F9:F32) -> 24 | G38: 24 | H38: 24 | I38: =COUNT(I9:I32) -> 24 | J38: =COUNT(J9:J32) -> 24 | K38: =COUNT(K9:K32) -> 24 | L38: =COUNT(L9:L32) -> 24 | M38: =COUNT(M9:M32) -> 24 | N38: =COUNT(N9:N32) -> 24 | O38: =COUNT(O9:O32) -> 24 | P38: =COUNT(P9:P32) -> 24 | Q38: =COUNT(Q9:Q32) -> 24
A39: DCR | B39: =IF(B38>=22,">90%",IF(B38<=22,"<90%")) -> >90% | C39: =IF(C38>=22,">90%",IF(C38<=22,"<90%")) -> >90% | D39: =IF(D38>=22,">90%",IF(D38<=22,"<90%")) -> >90% | E39: =IF(E38>=22,">90%",IF(E38<=22,"<90%")) -> >90% | F39: =IF(F38>=22,">90%",IF(F38<=22,"<90%")) -> >90% | G39: =IF(G38>=22,">90%",IF(G38<=22,"<90%")) -> >90% | H39: =IF(H38>=22,">90%",IF(H38<=22,"<90%")) -> >90% | I39: =IF(I38>=22,">90%",IF(I38<=22,"<90%")) -> >90% | ... Q39: =IF(Q38>=22,">90%",IF(Q38<=22,"<90%")) -> >90%
A40: Status | B40: =IF(B38>=22,"OK",IF(B38<=22,"LESS")) -> OK | C40: =IF(C38>=22,"OK",IF(C38<=22,"LESS")) -> OK | D40: =IF(D38>=22,"OK",IF(D38<=22,"LESS")) -> OK | E40: =IF(E38>=22,"OK",IF(E38<=22,"LESS")) -> OK | F40: =IF(F38>=22,"OK",IF(F38<=22,"LESS")) -> OK | G40: =IF(G38>=22,"OK",IF(G38<=22,"LESS")) -> OK | H40: =IF(H38>=22,"OK",IF(H38<=22,"LESS")) -> OK | I40: =IF(I38>=22,"OK",IF(I38<=22,"LESS")) -> OK | ... Q40: =IF(Q38>=22,"OK",IF(Q38<=22,"LESS")) -> OK
A43: Done by | B43: AKASH
A45: Comment

Sheet 25
A1: Station: | B1: IGKV ,RAIPUR
A2: Date: | B2: =$A$9 -> 45347.042 | D2: Power Off | G2: Pw.Off | L2: Link Fail | N2: Link F | P2: Maintenance | R2: Maint.
A3: Report Type: | B3: Mean | D3: Calibration | G3: Calib. | L3: Data Fail | N3: Data F | P3: Invalid | R3: Invalid
A4: Time Base: | B4: 01 Hour | D4: Zero Referrence | G4: Z.Ref | L4: Warm Up | N4: Wm. Up
A7: Date & Time | B7: NO | C7: NO2 | D7: NOX | E7: SO2 | F7: O3 | G7: PM 10 | H7: PM 2.5 | I7: BENZ | J7: WS | K7: WD | L7: TEMP | M7: HUM | N7: SR | O7: RG | P7: CO | Q7: NH3
B8: ug/m3 | C8: ug/m3 | D8: ppb | E8: ug/m3 | F8: ug/m3 | G8: ug/m3 | H8: ug/m3 | I8: ug/m3 | J8: m/sec | K8: deg | L8: degreC | M8: % | N8: w/m2 | O8: mm | P8: mg/m3 | Q8: ug/m3
A9: 45347.042 | B9: 9.36 | C9: 16.86 | D9: 17.67 | E9: 6.42 | F9: 5.05 | G9: 111.8 | H9: 40.11 | I9: 17.65 | J9: 1.56 | K9: 66.37 | L9: 22.61 | M9: 66.55 | N9: 0 | O9: 0 | P9: 0.75 | Q9: 4.73
A10: 45347.083 | B10: 10.38 | C10: 19.14 | D10: 19.41 | E10: 6.99 | F10: 4.92 | G10: 91.26 | H10: 33.51 | I10: 15.88 | J10: 1.52 | K10: 64.5 | L10: 21.71 | M10: 58.55 | N10: 0 | O10: 0 | P10: 0.72 | Q10: 4.75
A11: 45347.125 | B11: 10.3 | C11: 19.61 | D11: 19.55 | E11: 8.03 | F11: 4.95 | G11: 83.17 | H11: 30.75 | I11: 14.53 | J11: 1.61 | K11: 59.99 | L11: 20.86 | M11: 64.51 | N11: 0 | O11: 0 | P11: 0.66 | Q11: 4.75
A12: 45347.167 | B12: 9.53 | C12: 20.12 | D12: 19.32 | E12: 7.85 | F12: 5.22 | G12: 69.1 | H12: 28.81 | I12: 12.95 | J12: 1.92 | K12: 57.05 | L12: 20.52 | M12: 65.5 | N12: 0 | O12: 0 | P12: 0.62 | Q12: 4.73
A13: 45347.208 | B13: 7.46 | C13: 20.24 | D13: 17.81 | E13: 7.72 | F13: 5.13 | G13: 68.13 | H13: 27.96 | I13: 11.41 | J13: 1.48 | K13: 63.35 | L13: 20.21 | M13: 65.16 | N13: 0 | O13: 0 | P13: 0.59 | Q13: 4.75
A14: 45347.25 | B14: 7.96 | C14: 21.28 | D14: 18.86 | E14: 7.64 | F14: 4.82 | G14: 59.81 | H14: 23.58 | I14: 10.22 | J14: 1.17 | K14: 57.06 | L14: 19.11 | M14: 65.67 | N14: 0 | O14: 0 | P14: 0.57 | Q14: 4.75
A15: 45347.292 | B15: 10.55 | C15: 22.9 | D15: 21.78 | E15: 7.87 | F15: 4.68 | G15: 62.74 | H15: 24.67 | I15: 9.58 | J15: 0.79 | K15: 65.54 | L15: 18.91 | M15: 64.99 | N15: 16.6 | O15: 0 | P15: 0.58 | Q15: 4.75
A16: 45347.333 | B16: 13.51 | C16: 23.96 | D16: 24.09 | E16: 7.48 | F16: 4.88 | G16: 66.31 | H16: 24.67 | I16: 9.37 | J16: 1.66 | K16: 60.41 | L16: 20.05 | M16: 63.11 | N16: 92.6 | O16: 0 | P16: 0.61 | Q16: 4.75
A17: 45347.375 | B17: 13.6 | C17: 20.96 | D17: 22.95 | E17: 7.44 | F17: 4.91 | G17: 69 | H17: 26.57 | I17: 9.45 | J17: 1.57 | K17: 59.72 | L17: 22.05 | M17: 57.1 | N17: 258.8 | O17: 0 | P17: 0.63 | Q17: 4.75
A18: 45347.417 | B18: 13.21 | C18: 20.67 | D18: 22.74 | E18: 7.79 | F18: 5.32 | G18: 73.89 | H18: 26.7 | I18: 9.31 | J18: 1.51 | K18: 64.33 | L18: 24.33 | M18: 53.74 | N18: 374 | O18: 0 | P18: 0.64 | Q18: 4.74
A19: 45347.458 | B19: 11.71 | C19: 17.66 | D19: 19.97 | E19: 12.17 | F19: 5.39 | G19: 73.89 | H19: 26.7 | I19: 9.11 | J19: 1.52 | K19: 69.86 | L19: 25.19 | M19: 51.91 | N19: 361.3 | O19: 0 | P19: 0.64 | Q19: 4.73
A20: 45347.5 | B20: 9.1 | C20: 17.07 | D20: 17.57 | E20: 12.73 | F20: 6.93 | G20: 71.54 | H20: 28.11 | I20: 8.85 | J20: 0.99 | K20: 83.24 | L20: 27.45 | M20: 49.77 | N20: 556.6 | O20: 0 | P20: 0.64 | Q20: 4.72
... A32: 45348 | B32: 4.85 | C32: 18.41 | D32: 14.81 | E32: 9.44 | F32: 5.31 | G32: 74.35 | H32: 34.37 | I32: 6.9 | J32: 1.03 | K32: 150.09 | L32: 23.74 | M32: 69.35 | N32: 0 | O32: 0 | P32: 0.79 | Q32: 4.75
A34: Min | B34: =MIN(B9:B32) -> 4.85 | C34: =MIN(C9:C32) -> 15.12 | D34: =MIN(D9:D32) -> 13.91 | E34: =MIN(E9:E32) -> 6.42 | F34: =MIN(F9:F32) -> 4.68 | G34: =MIN(G9:G32) -> 59.81 | H34: =MIN(H9:H32) -> 23.58 | I34: =MIN(I9:I32) -> 6.88 | ... Q34: =MIN(Q9:Q32) -> 4.68
A35: Max | B35: =MAX(B9:B32) -> 13.6 | C35: =MAX(C9:C32) -> 25.62 | D35: =MAX(D9:D32) -> 24.09 | E35: =MAX(E9:E32) -> 17.68 | F35: =MAX(F9:F32) -> 10.16 | G35: =MAX(G9:G32) -> 111.8 | H35: =MAX(H9:H32) -> 40.11 | I35: =MAX(I9:I32) -> 17.65 | ... Q35: =MAX(Q9:Q32) -> 4.75
A36: Avg | B36: =AVERAGE(B9:B32) -> 8.3820833 | C36: =AVERAGE(C9:C32) -> 20.197083 | D36: =AVERAGE(D9:D32) -> 18.48125 | E36: =AVERAGE(E9:E32) -> 10.354583 | F36: =AVERAGE(F9:F32) -> 6.0266667 | G36: =AVERAGE(G9:G32) -> 76.67375 | H36: =AVERAGE(H9:H32) -> 29.52 | I36: =AVERAGE(I9:I32) -> 9.4079167 | ... Q36: =AVERAGE(Q9:Q32) -> 4.7304167
A37: Stdev | B37: =STDEV(B9:B32) -> 2.687208 | C37: =STDEV(C9:C32) -> 3.0297862 | D37: =STDEV(D9:D32) -> 2.7869436 | E37: =STDEV(E9:E32) -> 3.6835698 | F37: =STDEV(F9:F32) -> 1.567728 | G37: =STDEV(G9:G32) -> 10.529892 | H37: =STDEV(H9:H32) -> 3.8596778 | I37: =STDEV(I9:I32) -> 3.0252962 | ... Q37: =STDEV(Q9:Q32) -> 0.020742556
A38: Num | B38: =COUNT(B9:B32) -> 24 | C38: =COUNT(C9:C32) -> 24 | D38: =COUNT(D9:D32) -> 24 | E38: =COUNT(E9:E32) -> 24 | F38: =COUNT(F9:F32) -> 24 | G38: =COUNT(G9:G32) -> 24 | H38: =COUNT(H9:H32) -> 24 | I38: =COUNT(I9:I32) -> 24 | ... Q38: =COUNT(Q9:Q32) -> 24
A39: DCR | B39: =IF(B38>=22,">90%",IF(B38<=22,"<90%")) -> >90% | C39: =IF(C38>=22,">90%",IF(C38<=22,"<90%")) -> >90% | D39: =IF(D38>=22,">90%",IF(D38<=22,"<90%")) -> >90% | E39: =IF(E38>=22,">90%",IF(E38<=22,"<90%")) -> >90% | F39: =IF(F38>=22,">90%",IF(F38<=22,"<90%")) -> >90% | G39: =IF(G38>=22,">90%",IF(G38<=22,"<90%")) -> >90% | H39: =IF(H38>=22,">90%",IF(H38<=22,"<90%")) -> >90% | I39: =IF(I38>=22,">90%",IF(I38<=22,"<90%")) -> >90% | ... Q39: =IF(Q38>=22,">90%",IF(Q38<=22,"<90%")) -> >90%
A40: Status | B40: =IF(B38>=22,"OK",IF(B38<=22,"LESS")) -> OK | C40: =IF(C38>=22,"OK",IF(C38<=22,"LESS")) -> OK | D40: =IF(D38>=22,"OK",IF(D38<=22,"LESS")) -> OK | E40: =IF(E38>=22,"OK",IF(E38<=22,"LESS")) -> OK | F40: =IF(F38>=22,"OK",IF(F38<=22,"LESS")) -> OK | G40: =IF(G38>=22,"OK",IF(G38<=22,"LESS")) -> OK | H40: =IF(H38>=22,"OK",IF(H38<=22,"LESS")) -> OK | I40: =IF(I38>=22,"OK",IF(I38<=22,"LESS")) -> OK | ... Q40: =IF(Q38>=22,"OK",IF(Q38<=22,"LESS")) -> OK
A43: Done by | B43: AKASH
A45: Comment

Sheet 26
A1: Station: | B1: IGKV ,RAIPUR
A2: Date: | B2: =$A$9 -> 45348.042 | D2: Power Off | G2: Pw.Off | L2: Link Fail | N2: Link F | P2: Maintenance | R2: Maint.
A3: Report Type: | B3: Mean | D3: Calibration | G3: Calib. | L3: Data Fail | N3: Data F | P3: Invalid | R3: Invalid
A4: Time Base: | B4: 01 Hour | D4: Zero Referrence | G4: Z.Ref | L4: Warm Up | N4: Wm. Up
A7: Date & Time | B7: NO | C7: NO2 | D7: NOX | E7: SO2 | F7: O3 | G7: PM 10 | H7: PM 2.5 | I7: BENZ | J7: WS | K7: WD | L7: TEMP | M7: HUM | N7: SR | O7: RG | P7: CO | Q7: NH3
B8: ug/m3 | C8: ug/m3 | D8: ppb | E8: ug/m3 | F8: ug/m3 | G8: ug/m3 | H8: ug/m3 | I8: ug/m3 | J8: m/sec | K8: deg | L8: degreC | M8: % | N8: w/m2 | O8: mm | P8: mg/m3 | Q8: ug/m3
A9: 45348.042 | B9: 5.23 | C9: 19.17 | D9: 15.57 | E9: 9.96 | F9: 5.06 | G9: 70.58 | H9: 32.26 | I9: 6.74 | J9: 0.97 | K9: 85.78 | L9: 23.35 | M9: 70.56 | N9: 0 | O9: 0 | P9: 0.77 | Q9: 4.71
A10: 45348.083 | B10: 5.53 | C10: 19.58 | D10: 16.02 | E10: 9.91 | F10: 5.02 | G10: 68.7 | H10: 31.53 | I10: 6.63 | J10: 0.89 | K10: 77.24 | L10: 23.06 | M10: 70.67 | N10: 0 | O10: 0 | P10: 0.76 | Q10: 4.69
A11: 45348.125 | B11: 5.86 | C11: 20.09 | D11: 16.55 | E11: 8.05 | F11: 4.93 | G11: 65.91 | H11: 29.5 | I11: 6.53 | J11: 1.34 | K11: 61.45 | L11: 22.64 | M11: 71.54 | N11: 0 | O11: 0 | P11: 0.75 | Q11: 4.69
A12: 45348.167 | B12: 6.32 | C12: 19.99 | D12: 16.57 | E12: 7.9 | F12: 4.9 | G12: 64.08 | H12: 28.11 | I12: 6.45 | J12: 1.24 | K12: 72.21 | L12: 21.97 | M12: 76.28 | N12: 0 | O12: 0 | P12: 0.74 | Q12: 4.67
A13: 45348.208 | B13: 7.07 | C13: 14.82 | D13: 14.37 | E13: 6.76 | F13: 4.82 | G13: 57.14 | H13: 24.18 | I13: 6.46 | J13: 1.12 | K13: 72.24 | L13: 21.02 | M13: 79.87 | N13: 0 | O13: 0 | P13: 0.72 | Q13: 4.68
A14: 45348.25 | B14: 8.3 | C14: 15.97 | D14: 16.35 | E14: 6.76 | F14: 4.72 | G14: 58.08 | H14: 28 | I14: 6.53 | J14: 0.86 | K14: 69.46 | L14: 20.53 | M14: 81.98 | N14: 0 | O14: 0 | P14: 0.73 | Q14: 4.7
A15: 45348.292 | B15: 10.11 | C15: 15.62 | D15: 17.22 | E15: 6.37 | F15: 4.85 | G15: 60.48 | H15: 28 | I15: 6.68 | J15: 1.1 | K15: 61.01 | L15: 20.23 | M15: 83.71 | N15: 18.1 | O15: 0 | P15: 0.73 | Q15: 4.69
A16: 45348.333 | B16: 11.69 | C16: 16.94 | D16: 19.18 | E16: 7.01 | F16: 4.88 | G16: 61.93 | H16: 28.82 | I16: 6.95 | J16: 1.25 | K16: 71.63 | L16: 21.44 | M16: 83.55 | N16: 91.1 | O16: 0 | P16: 0.78 | Q16: 4.75
A17: 45348.375 | B17: 11.54 | C17: 19.05 | D17: 19.99 | E17: 7.5 | F17: 4.77 | G17: 61.93 | H17: 29.75 | I17: 7.21 | J17: 1.15 | K17: 78.44 | L17: 23.37 | M17: 78.48 | N17: 166.9 | O17: 0 | P17: 0.81 | Q17: 4.76
A18: 45348.417 | B18: 11.29 | C18: 21.24 | D18: 21.5 | E18: 7.77 | F18: 4.69 | G18: 60.79 | H18: 29.75 | I18: 7.26 | J18: 1.29 | K18: 70.49 | L18: 25.29 | M18: 75.94 | N18: 286.8 | O18: 0 | P18: 0.84 | Q18: 4.77
A19: 45348.458 | B19: 11.15 | C19: 22.29 | D19: 21.66 | E19: 9.29 | F19: 5.05 | G19: 60.05 | H19: 29.72 | I19: 7.18 | J19: 1.1 | K19: 87.13 | L19: 27.51 | M19: 69.44 | N19: 431.9 | O19: 0 | P19: 0.84 | Q19: 4.74
A20: 45348.5 | B20: 8.92 | C20: 22.38 | D20: 20.1 | E20: 9.68 | F20: 5.78 | G20: 60.93 | H20: 28.22 | I20: 7.04 | J20: 0.99 | K20: 72.37 | L20: 28.31 | M20: 60.91 | N20: 543.8 | O20: 0 | P20: 0.81 | Q20: 4.7
... A32: 45349 | B32: 6.55 | C32: 22.08 | D32: 17.62 | E32: 8.75 | F32: 5.17 | G32: 87.57 | H32: 39.11 | I32: 6.99 | J32: 0.83 | K32: 195.99 | L32: 24.43 | M32: 75.13 | N32: 0 | O32: 0 | P32: 0.85 | Q32: 4.67
A34: Min | B34: =MIN(B9:B32) -> 4.89 | C34: =MIN(C9:C32) -> 14.82 | D34: =MIN(D9:D32) -> 13.88 | E34: =MIN(E9:E32) -> 6.37 | F34: =MIN(F9:F32) -> 4.69 | G34: =MIN(G9:G32) -> 54.95 | H34: =MIN(H9:H32) -> 24.18 | I34: =MIN(I9:I32) -> 6.24 | ... Q34: =MIN(Q9:Q32) -> 4.63
A35: Max | B35: =MAX(B9:B32) -> 11.69 | C35: =MAX(C9:C32) -> 25.86 | D35: =MAX(D9:D32) -> 21.66 | E35: =MAX(E9:E32) -> 11.07 | F35: =MAX(F9:F32) -> 9.27 | G35: =MAX(G9:G32) -> 87.57 | H35: =MAX(H9:H32) -> 39.11 | I35: =MAX(I9:I32) -> 7.26 | ... Q35: =MAX(Q9:Q32) -> 4.77
A36: Avg | B36: =AVERAGE(B9:B32) -> 7.29625 | C36: =AVERAGE(C9:C32) -> 20.37875 | D36: =AVERAGE(D9:D32) -> 17.715 | E36: =AVERAGE(E9:E32) -> 8.8304167 | F36: =AVERAGE(F9:F32) -> 5.90625 | G36: =AVERAGE(G9:G32) -> 67.639167 | H36: =AVERAGE(H9:H32) -> 30.312083 | I36: =AVERAGE(I9:I32) -> 6.7741667 | ... Q36: =AVERAGE(Q9:Q32) -> 4.7075
A37: Stdev | B37: =STDEV(B9:B32) -> 2.2518182 | C37: =STDEV(C9:C32) -> 3.399013 | D37: =STDEV(D9:D32) -> 2.3742257 | E37: =STDEV(E9:E32) -> 1.3052985 | F37: =STDEV(F9:F32) -> 1.3121665 | G37: =STDEV(G9:G32) -> 11.007767 | H37: =STDEV(H9:H32) -> 4.1131782 | I37: =STDEV(I9:I32) -> 0.31606159 | ... Q37: =STDEV(Q9:Q32) -> 0.043263601
A38: Num | B38: =COUNT(B9:B32) -> 24 | C38: =COUNT(C9:C32) -> 24 | D38: =COUNT(D9:D32) -> 24 | E38: =COUNT(E9:E32) -> 24 | F38: =COUNT(F9:F32) -> 24 | G38: =COUNT(G9:G32) -> 24 | H38: =COUNT(H9:H32) -> 24 | I38: =COUNT(I9:I32) -> 24 | ... Q38: =COUNT(Q9:Q32) -> 24
A39: DCR | B39: =IF(B38>=22,">90%",IF(B38<=22,"<90%")) -> >90% | C39: =IF(C38>=22,">90%",IF(C38<=22,"<90%")) -> >90% | D39: =IF(D38>=22,">90%",IF(D38<=22,"<90%")) -> >90% | E39: =IF(E38>=22,">90%",IF(E38<=22,"<90%")) -> >90% | F39: =IF(F38>=22,">90%",IF(F38<=22,"<90%")) -> >90% | G39: =IF(G38>=22,">90%",IF(G38<=22,"<90%")) -> >90% | H39: =IF(H38>=22,">90%",IF(H38<=22,"<90%")) -> >90% | I39: =IF(I38>=22,">90%",IF(I38<=22,"<90%")) -> >90% | ... Q39: =IF(Q38>=22,">90%",IF(Q38<=22,"<90%")) -> >90%
A40: Status | B40: =IF(B38>=22,"OK",IF(B38<=22,"LESS")) -> OK | C40: =IF(C38>=22,"OK",IF(C38<=22,"LESS")) -> OK | D40: =IF(D38>=22,"OK",IF(D38<=22,"LESS")) -> OK | E40: =IF(E38>=22,"OK",IF(E38<=22,"LESS")) -> OK | F40: =IF(F38>=22,"OK",IF(F38<=22,"LESS")) -> OK | G40: =IF(G38>=22,"OK",IF(G38<=22,"LESS")) -> OK | H40: =IF(H38>=22,"OK",IF(H38<=22,"LESS")) -> OK | I40: =IF(I38>=22,"OK",IF(I38<=22,"LESS")) -> OK | ... Q40: =IF(Q38>=22,"OK",IF(Q38<=22,"LESS")) -> OK
A43: Done by | B43: AKASH
A45: Comment

Sheet 27
A1: Station: | B1: IGKV ,RAIPUR
A2: Date: | B2: =$A$9 -> 45349.042 | D2: Power Off | G2: Pw.Off | L2: Link Fail | N2: Link F | P2: Maintenance | R2: Maint.
A3: Report Type: | B3: Mean | D3: Calibration | G3: Calib. | L3: Data Fail | N3: Data F | P3: Invalid | R3: Invalid
A4: Time Base: | B4: 01 Hour | D4: Zero Referrence | G4: Z.Ref | L4: Warm Up | N4: Wm. Up
A7: Date & Time | B7: NO | C7: NO2 | D7: NOX | E7: SO2 | F7: O3 | G7: PM 10 | H7: PM 2.5 | I7: BENZ | J7: WS | K7: WD | L7: TEMP | M7: HUM | N7: SR | O7: RG | P7: CO | Q7: NH3
B8: ug/m3 | C8: ug/m3 | D8: ppb | E8: ug/m3 | F8: ug/m3 | G8: ug/m3 | H8: ug/m3 | I8: ug/m3 | J8: m/sec | K8: deg | L8: degreC | M8: % | N8: w/m2 | O8: mm | P8: mg/m3 | Q8: ug/m3
A9: 45349.042 | B9: 6.93 | C9: 16.22 | D9: 15.24 | E9: 7.06 | F9: 4.94 | G9: 85.35 | H9: 36.79 | I9: 6.96 | J9: 0.33 | K9: 252.24 | L9: 23.42 | M9: 78.75 | N9: 0 | O9: 0 | P9: 0.82 | Q9: 4.7
A10: 45349.083 | B10: 7.08 | C10: 15.12 | D10: 14.86 | E10: 7.19 | F10: 4.85 | G10: 85.35 | H10: 36.79 | I10: 6.92 | J10: 0.23 | K10: 218.25 | L10: 22.85 | M10: 79.97 | N10: 0 | O10: 0 | P10: 0.8 | Q10: 4.73
A11: 45349.125 | B11: 7.42 | C11: 13.69 | D11: 14.21 | E11: 9.8 | F11: 4.79 | G11: 73.51 | H11: 35.1 | I11: 6.87 | J11: 0.3 | K11: 190.4 | L11: 22.82 | M11: 82.88 | N11: 0 | O11: 0 | P11: 0.77 | Q11: 4.73
A12: 45349.167 | B12: 8.53 | C12: 16.51 | D12: 16.82 | E12: 10.9 | F12: 4.66 | G12: 65.01 | H12: 32.03 | I12: 6.95 | J12: 0.61 | K12: 180.99 | L12: 22.7 | M12: 81.65 | N12: 0 | O12: 0 | P12: 0.77 | Q12: 4.74
A13: 45349.208 | B13: 9.39 | C13: 19.82 | D13: 19.23 | E13: 11.11 | F13: 4.67 | G13: 74.97 | H13: 36.56 | I13: 6.93 | J13: 0.7 | K13: 72.07 | L13: 22.44 | M13: 81.16 | N13: 0 | O13: 0 | P13: 0.76 | Q13: 4.77
A14: 45349.25 | B14: 10.36 | C14: 21.55 | D14: 20.92 | E14: 11.73 | F14: 4.42 | G14: 82.13 | H14: 36.56 | I14: 7.15 | J14: 0.69 | K14: 81.43 | L14: 22.21 | M14: 82.72 | N14: 0 | O14: 0 | P14: 0.76 | Q14: 4.76
A15: 45349.292 | B15: 11.37 | C15: 22.71 | D15: 22.3 | E15: 11.94 | F15: 4.42 | G15: 91.35 | H15: 39.11 | I15: 7.43 | J15: 0.24 | K15: 155.75 | L15: 22.44 | M15: 84.95 | N15: 39.1 | O15: 0 | P15: 0.79 | Q15: 4.74
A16: 45349.333 | B16: 11.19 | C16: 22.9 | D16: 22.21 | E16: 12.13 | F16: 4.47 | G16: 95.4 | H16: 41.53 | I16: 7.8 | J16: 0.23 | K16: 178.16 | L16: 24.33 | M16: 79.37 | N16: 67.8 | O16: 0 | P16: 0.8 | Q16: 4.73
A17: 45349.375 | B17: 10.36 | C17: 24.06 | D17: 21.88 | E17: 12.43 | F17: 4.83 | G17: 95.4 | H17: 41.53 | I17: 7.94 | J17: 0.62 | K17: 85.17 | L17: 25.6 | M17: 75.93 | N17: 255 | O17: 0 | P17: 0.81 | Q17: 4.7
A18: 45349.417 | B18: 10.42 | C18: 19.7 | D18: 20 | E18: 11.56 | F18: 5.32 | G18: 92.9 | H18: 40.96 | I18: 8.02 | J18: 0.7 | K18: 103.25 | L18: 27.95 | M18: 67.23 | N18: 336.8 | O18: 0 | P18: 0.8 | Q18: 4.69
A19: 45349.458 | B19: 9.12 | C19: 16.38 | D19: 17.22 | E19: 8.89 | F19: 5.87 | G19: 88.79 | H19: 38.14 | I19: 7.84 | J19: 0.42 | K19: 352.94 | L19: 30.5 | M19: 58.22 | N19: 474.4 | O19: 0 | P19: 0.77 | Q19: 4.69
A20: 45349.5 | B20: 6.92 | C20: 16.05 | D20: 15.24 | E20: 9.24 | F20: 7.01 | G20: 81.79 | H20: 36.95 | I20: 7.64 | J20: 0.57 | K20: 298.73 | L20: 31.18 | M20: 53.35 | N20: 481 | O20: 0 | P20: 0.77 | Q20: 4.71
... A32: 45350 | B32: 7.88 | C32: 18.56 | D32: 17.36 | E32: 4.1 | F32: 5.19 | G32: 50.28 | H32: 19.94 | I32: 5.34 | J32: 2.39 | K32: 73.17 | L32: 22.45 | M32: 78.53 | N32: 0 | O32: 0 | P32: 0.58 | Q32: 4.73
A34: Min | B34: =MIN(B9:B32) -> 2.33 | C34: =MIN(C9:C32) -> 7.33 | D34: =MIN(D9:D32) -> 6.73 | E34: =MIN(E9:E32) -> 2.77 | F34: =MIN(F9:F32) -> 4.42 | G34: =MIN(G9:G32) -> 42.18 | H34: =MIN(H9:H32) -> 17.41 | I34: =MIN(I9:I32) -> 3.33 | ... Q34: =MIN(Q9:Q32) -> 4.62
A35: Max | B35: =MAX(B9:B32) -> 11.37 | C35: =MAX(C9:C32) -> 24.06 | D35: =MAX(D9:D32) -> 22.3 | E35: =MAX(E9:E32) -> 12.44 | F35: =MAX(F9:F32) -> 47.63 | G35: =MAX(G9:G32) -> 95.4 | H35: =MAX(H9:H32) -> 41.53 | I35: =MAX(I9:I32) -> 8.02 | ... Q35: =MAX(Q9:Q32) -> 4.77
A36: Avg | B36: =AVERAGE(B9:B32) -> 7.6425 | C36: =AVERAGE(C9:C32) -> 17.700833 | D36: =AVERAGE(D9:D32) -> 16.647917 | E36: =AVERAGE(E9:E32) -> 9.0766667 | F36: =AVERAGE(F9:F32) -> 8.2045833 | G36: =AVERAGE(G9:G32) -> 72.613333 | H36: =AVERAGE(H9:H32) -> 31.209583 | I36: =AVERAGE(I9:I32) -> 6.35125 | ... Q36: =AVERAGE(Q9:Q32) -> 4.6995833
A37: Stdev | B37: =STDEV(B9:B32) -> 2.8465895 | C37: =STDEV(C9:C32) -> 3.696046 | D37: =STDEV(D9:D32) -> 3.8439744 | E37: =STDEV(E9:E32) -> 2.9997531 | F37: =STDEV(F9:F32) -> 8.8726855 | G37: =STDEV(G9:G32) -> 18.231864 | H37: =STDEV(H9:H32) -> 8.107408 | I37: =STDEV(I9:I32) -> 1.4489646 | ... Q37: =STDEV(Q9:Q32) -> 0.039395339
A38: Num | B38: =COUNT(B9:B32) -> 24 | C38: =COUNT(C9:C32) -> 24 | D38: =COUNT(D9:D32) -> 24 | E38: =COUNT(E9:E32) -> 24 | F38: =COUNT(F9:F32) -> 24 | G38: =COUNT(G9:G32) -> 24 | H38: =COUNT(H9:H32) -> 24 | I38: =COUNT(I9:I32) -> 24 | ... Q38: =COUNT(Q9:Q32) -> 24
A39: DCR | B39: =IF(B38>=22,">90%",IF(B38<=22,"<90%")) -> >90% | C39: =IF(C38>=22,">90%",IF(C38<=22,"<90%")) -> >90% | D39: =IF(D38>=22,">90%",IF(D38<=22,"<90%")) -> >90% | E39: =IF(E38>=22,">90%",IF(E38<=22,"<90%")) -> >90% | F39: =IF(F38>=22,">90%",IF(F38<=22,"<90%")) -> >90% | G39: =IF(G38>=22,">90%",IF(G38<=22,"<90%")) -> >90% | H39: =IF(H38>=22,">90%",IF(H38<=22,"<90%")) -> >90% | I39: =IF(I38>=22,">90%",IF(I38<=22,"<90%")) -> >90% | ... Q39: =IF(Q38>=22,">90%",IF(Q38<=22,"<90%")) -> >90%
A40: Status | B40: =IF(B38>=22,"OK",IF(B38<=22,"LESS")) -> OK | C40: =IF(C38>=22,"OK",IF(C38<=22,"LESS")) -> OK | D40: =IF(D38>=22,"OK",IF(D38<=22,"LESS")) -> OK | E40: =IF(E38>=22,"OK",IF(E38<=22,"LESS")) -> OK | F40: =IF(F38>=22,"OK",IF(F38<=22,"LESS")) -> OK | G40: =IF(G38>=22,"OK",IF(G38<=22,"LESS")) -> OK | H40: =IF(H38>=22,"OK",IF(H38<=22,"LESS")) -> OK | I40: =IF(I38>=22,"OK",IF(I38<=22,"LESS")) -> OK | ... Q40: =IF(Q38>=22,"OK",IF(Q38<=22,"LESS")) -> OK
A43: Done by | B43: AKASH
A45: Comment

Sheet 28
A1: Station: | B1: IGKV ,RAIPUR
A2: Date: | B2: =$A$9 -> 45350.042 | D2: Power Off | G2: Pw.Off | L2: Link Fail | N2: Link F | P2: Maintenance | R2: Maint.
A3: Report Type: | B3: Mean | D3: Calibration | G3: Calib. | L3: Data Fail | N3: Data F | P3: Invalid | R3: Invalid
A4: Time Base: | B4: 01 Hour | D4: Zero Referrence | G4: Z.Ref | L4: Warm Up | N4: Wm. Up
A7: Date & Time | B7: NO | C7: NO2 | D7: NOX | E7: SO2 | F7: O3 | G7: PM 10 | H7: PM 2.5 | I7: BENZ | J7: WS | K7: WD | L7: TEMP | M7: HUM | N7: SR | O7: RG | P7: CO | Q7: NH3
B8: ug/m3 | C8: ug/m3 | D8: ppb | E8: ug/m3 | F8: ug/m3 | G8: ug/m3 | H8: ug/m3 | I8: ug/m3 | J8: m/sec | K8: deg | L8: degreC | M8: % | N8: w/m2 | O8: mm | P8: mg/m3 | Q8: ug/m3
A9: 45350.042 | B9: 8.53 | C9: 19.08 | D9: 18.14 | E9: 5.15 | F9: 5.63 | G9: 40.52 | H9: 16.6 | I9: 5.05 | J9: 2.18 | K9: 93.5 | L9: 21.95 | M9: 75.43 | N9: 0 | O9: 0 | P9: 0.56 | Q9: 4.74
A10: 45350.083 | B10: 7.46 | C10: 18.87 | D10: 17.19 | E10: 3.33 | F10: 5.03 | G10: 40.52 | H10: 16.64 | I10: 4.81 | J10: 0.32 | K10: 200.18 | L10: 21.87 | M10: 76.29 | N10: 0 | O10: 0 | P10: 0.52 | Q10: 4.73
A11: 45350.125 | B11: 6.75 | C11: 18.62 | D11: 16.43 | E11: 8.21 | F11: 5.58 | G11: 36.89 | H11: 16.87 | I11: 4.55 | J11: 0.23 | K11: 185.18 | L11: 20.96 | M11: 81.53 | N11: 0 | O11: 0 | P11: 0.5 | Q11: 4.71
A12: 45350.167 | B12: 8.02 | C12: 19.38 | D12: 17.91 | E12: 8.77 | F12: 4.64 | G12: 36.89 | H12: 16.87 | I12: 4.46 | J12: 0.21 | K12: 229.26 | L12: 20.75 | M12: 84.79 | N12: 0 | O12: 0 | P12: 0.49 | Q12: 4.7
A13: 45350.208 | B13: 8.85 | C13: 19.31 | D13: 17.89 | E13: 8.56 | F13: 4.92 | G13: 31.07 | H13: 16.28 | I13: 4.41 | J13: 0.28 | K13: 269.51 | L13: 20.74 | M13: 84.79 | N13: 0 | O13: 0 | P13: 0.48 | Q13: 4.72
A14: 45350.25 | B14: 11.22 | C14: 15.85 | D14: 17.83 | E14: 7.83 | F14: 4.92 | G14: 29.45 | H14: 15.21 | I14: 4.43 | J14: 0.65 | K14: 346.79 | L14: 20.87 | M14: 83.05 | N14: 0 | O14: 0 | P14: 0.47 | Q14: 4.7
A15: 45350.292 | B15: 13.49 | C15: 14.36 | D15: 19.67 | E15: 7.28 | F15: 4.81 | G15: 41.98 | H15: 15.22 | I15: 4.8 | J15: 0.7 | K15: 67.51 | L15: 19.78 | M15: 86.54 | N15: 20.4 | O15: 0 | P15: 0.5 | Q15: 4.78
A16: 45350.333 | B16: 15.76 | C16: 15.96 | D16: 21.57 | E16: 7.34 | F16: 4.82 | G16: 46.93 | H16: 19.4 | I16: 5.37 | J16: 1.05 | K16: 50.12 | L16: 20.85 | M16: 85.89 | N16: 95.9 | O16: 0 | P16: 0.54 | Q16: 4.8
A17: 45350.375 | B17: 17.6 | C17: 15.83 | D17: 23.28 | E17: 7.73 | F17: 4.93 | G17: 52.09 | H17: 19.73 | I17: 5.68 | J17: 1.19 | K17: 57.45 | L17: 22.78 | M17: 80.74 | N17: 259.6 | O17: 0 | P17: 0.58 | Q17: 4.81
A18: 45350.417 | B18: 19.43 | C18: 18.98 | D18: 26.85 | E18: 10.75 | F18: 4.87 | G18: 60.83 | H18: 23.81 | I18: 5.94 | J18: 0.88 | K18: 58.51 | L18: 25.59 | M18: 72.24 | N18: 339.8 | O18: 0 | P18: 0.65 | Q18: 4.82
A19: 45350.458 | B19: 19.65 | C19: 23.34 | D19: 28.26 | E19: 13.07 | F19: 5.15 | G19: 86.27 | H19: 35.01 | I19: 6.5 | J19: 0.76 | K19: 340.12 | L19: 27.69 | M19: 62.75 | N19: 457 | O19: 0 | P19: 0.77 | Q19: 4.82
A20: 45350.5 | B20: 17.3 | C20: 25.32 | D20: 27.83 | E20: 13.21 | F20: 6.88 | G20: 101.99 | H20: 36.72 | I20: 7.13 | J20: 0.88 | K20: 343.13 | L20: 29.2 | M20: 55.05 | N20: 536.5 | O20: 0 | P20: 0.8 | Q20: 4.82
... A32: 45351 | B32: 47.11 | C32: 30.89 | D32: 55.27 | E32: 10.36 | F32: 4.47 | G32: 146.3 | H32: 42.78 | I32: 9.58 | J32: 0.23 | K32: 193.54 | L32: 23.86 | M32: 75.17 | N32: 0 | O32: 0 | P32: 1.15 | Q32: 4.89
A34: Min | B34: =MIN(B9:B32) -> 5.52 | C34: =MIN(C9:C32) -> 14.36 | D34: =MIN(D9:D32) -> 14.18 | E34: =MIN(E9:E32) -> 3.33 | F34: =MIN(F9:F32) -> 4.44 | G34: =MIN(G9:G32) -> 29.45 | H34: =MIN(H9:H32) -> 15.21 | I34: =MIN(I9:I32) -> 4.41 | ... Q34: =MIN(Q9:Q32) -> 4.65
A35: Max | B35: =MAX(B9:B32) -> 47.11 | C35: =MAX(C9:C32) -> 30.89 | D35: =MAX(D9:D32) -> 55.27 | E35: =MAX(E9:E32) -> 15.41 | F35: =MAX(F9:F32) -> 10.86 | G35: =MAX(G9:G32) -> 146.3 | H35: =MAX(H9:H32) -> 42.78 | I35: =MAX(I9:I32) -> 9.58 | ... Q35: =MAX(Q9:Q32) -> 4.89
A36: Avg | B36: =AVERAGE(B9:B32) -> 12.859583 | C36: =AVERAGE(C9:C32) -> 20.184167 | D36: =AVERAGE(D9:D32) -> 21.9725 | E36: =AVERAGE(E9:E32) -> 9.71875 | F36: =AVERAGE(F9:F32) -> 6.1495833 | G36: =AVERAGE(G9:G32) -> 73.085 | H36: =AVERAGE(H9:H32) -> 26.6225 | I36: =AVERAGE(I9:I32) -> 6.3108333 | ... Q36: =AVERAGE(Q9:Q32) -> 4.7566667
A37: Stdev | B37: =STDEV(B9:B32) -> 8.9757671 | C37: =STDEV(C9:C32) -> 4.1644112 | D37: =STDEV(D9:D32) -> 8.6813735 | E37: =STDEV(E9:E32) -> 2.8417789 | F37: =STDEV(F9:F32) -> 2.044425 | G37: =STDEV(G9:G32) -> 33.420016 | H37: =STDEV(H9:H32) -> 8.8048669 | I37: =STDEV(I9:I32) -> 1.3553563 | ... Q37: =STDEV(Q9:Q32) -> 0.058730532
A38: Num | B38: =COUNT(B9:B32) -> 24 | C38: =COUNT(C9:C32) -> 24 | D38: =COUNT(D9:D32) -> 24 | E38: =COUNT(E9:E32) -> 24 | F38: =COUNT(F9:F32) -> 24 | G38: =COUNT(G9:G32) -> 24 | H38: =COUNT(H9:H32) -> 24 | I38: =COUNT(I9:I32) -> 24 | ... Q38: =COUNT(Q9:Q32) -> 24
A39: DCR | B39: =IF(B38>=22,">90%",IF(B38<=22,"<90%")) -> >90% | C39: =IF(C38>=22,">90%",IF(C38<=22,"<90%")) -> >90% | D39: =IF(D38>=22,">90%",IF(D38<=22,"<90%")) -> >90% | E39: =IF(E38>=22,">90%",IF(E38<=22,"<90%")) -> >90% | F39: =IF(F38>=22,">90%",IF(F38<=22,"<90%")) -> >90% | G39: =IF(G38>=22,">90%",IF(G38<=22,"<90%")) -> >90% | H39: =IF(H38>=22,">90%",IF(H38<=22,"<90%")) -> >90% | I39: =IF(I38>=22,">90%",IF(I38<=22,"<90%")) -> >90% | ... Q39: =IF(Q38>=22,">90%",IF(Q38<=22,"<90%")) -> >90%
A40: Status | B40: =IF(B38>=22,"OK",IF(B38<=22,"LESS")) -> OK | C40: =IF(C38>=22,"OK",IF(C38<=22,"LESS")) -> OK | D40: =IF(D38>=22,"OK",IF(D38<=22,"LESS")) -> OK | E40: =IF(E38>=22,"OK",IF(E38<=22,"LESS")) -> OK | F40: =IF(F38>=22,"OK",IF(F38<=22,"LESS")) -> OK | G40: =IF(G38>=22,"OK",IF(G38<=22,"LESS")) -> OK | H40: =IF(H38>=22,"OK",IF(H38<=22,"LESS")) -> OK | I40: =IF(I38>=22,"OK",IF(I38<=22,"LESS")) -> OK | ... Q40: =IF(Q38>=22,"OK",IF(Q38<=22,"LESS")) -> OK
A43: Done by | B43: AKASH
A45: Comment

Sheet 29
A1: Station: | B1: IGKV ,RAIPUR
A2: Date: | B2: =$A$9 -> 45351.042 | D2: Power Off | G2: Pw.Off | L2: Link Fail | N2: Link F | P2: Maintenance | R2: Maint.
A3: Report Type: | B3: Mean | D3: Calibration | G3: Calib. | L3: Data Fail | N3: Data F | P3: Invalid | R3: Invalid
A4: Time Base: | B4: 01 Hour | D4: Zero Referrence | G4: Z.Ref | L4: Warm Up | N4: Wm. Up
A7: Date & Time | B7: NO | C7: NO2 | D7: NOX | E7: SO2 | F7: O3 | G7: PM 10 | H7: PM 2.5 | I7: BENZ | J7: WS | K7: WD | L7: TEMP | M7: HUM | N7: SR | O7: RG | P7: CO | Q7: NH3
B8: ug/m3 | C8: ug/m3 | D8: ppb | E8: ug/m3 | F8: ug/m3 | G8: ug/m3 | H8: ug/m3 | I8: ug/m3 | J8: m/sec | K8: deg | L8: degreC | M8: % | N8: w/m2 | O8: mm | P8: mg/m3 | Q8: ug/m3
A9: 45351.042 | B9: 50.12 | C9: 29.8 | D9: 56.91 | E9: 10.32 | F9: 5.12 | G9: 146.3 | H9: 42.78 | I9: 11.08 | J9: 0.3 | K9: 192.41 | L9: 22.64 | M9: 83.04 | N9: 0 | O9: 0 | P9: 1.22 | Q9: 4.92
A10: 45351.083 | B10: 49.48 | C10: 22.17 | D10: 52.61 | E10: 9.16 | F10: 4.74 | G10: 126.52 | H10: 46.17 | I10: 11.53 | J10: 0.41 | K10: 160.92 | L10: 22.23 | M10: 83.3 | N10: 0 | O10: 0 | P10: 1.22 | Q10: 4.92
A11: 45351.125 | B11: 48.5 | C11: 21.14 | D11: 50.7 | E11: 10.11 | F11: 4.68 | G11: 115.7 | H11: 46.17 | I11: 11.58 | J11: 0.24 | K11: 219.33 | L11: 21.24 | M11: 87.34 | N11: 0 | O11: 0 | P11: 1.2 | Q11: 4.94
A12: 45351.167 | B12: 46.91 | C12: 20.85 | D12: 49.69 | E12: 10.33 | F12: 4.76 | G12: 111.64 | H12: 42.34 | I12: 11.55 | J12: 0.24 | K12: 197.31 | L12: 20.35 | M12: 91.18 | N12: 0 | O12: 0 | P12: 1.17 | Q12: 4.93
A13: 45351.208 | B13: 45.73 | C13: 20.21 | D13: 48.13 | E13: 10.01 | F13: 4.78 | G13: 100.9 | H13: 41.89 | I13: 11.48 | J13: 0.2 | K13: 248.69 | L13: 19.48 | M13: 92.44 | N13: 0 | O13: 0 | P13: 1.14 | Q13: 4.92
A14: 45351.25 | B14: 45.37 | C14: 20.75 | D14: 47.78 | E14: 9.98 | F14: 4.7 | G14: 98.66 | H14: 37.77 | I14: 11.36 | J14: 0.23 | K14: 202.46 | L14: 19.17 | M14: 93.17 | N14: 0 | O14: 0 | P14: 1.11 | Q14: 4.93
A15: 45351.292 | B15: 43.97 | C15: 22.6 | D15: 48.42 | E15: 10.6 | F15: 4.46 | G15: 92.19 | H15: 37.97 | I15: 11.33 | J15: 0.97 | K15: 173.09 | L15: 20.27 | M15: 93.4 | N15: 18.4 | O15: 0 | P15: 1.11 | Q15: 4.91
A16: 45351.333 | B16: 43.26 | C16: 25.39 | D16: 48.26 | E16: 11.03 | F16: 4.58 | G16: 95.02 | H16: 37.97 | I16: 11.34 | J16: 1.8 | K16: 66.88 | L16: 22.17 | M16: 79.35 | N16: 93.5 | O16: 0 | P16: 1.1 | Q16: 4.91
A17: 45351.375 | B17: 35.75 | C17: 26.79 | D17: 43.38 | E17: 12.02 | F17: 4.95 | G17: 95.02 | H17: 36.87 | I17: 11.07 | J17: 1.83 | K17: 61.22 | L17: 24.76 | M17: 63.77 | N17: 354.4 | O17: 0 | P17: 1.01 | Q17: 4.88
A18: 45351.417 | B18: 27.43 | C18: 28.09 | D18: 37.52 | E18: 12.22 | F18: 5.88 | G18: 85.65 | H18: 36.02 | I18: 10.09 | J18: 1.78 | K18: 69.92 | L18: 27.37 | M18: 57.09 | N18: 462.8 | O18: 0 | P18: 0.93 | Q18: 4.82
A19: 45351.458 | B19: 25.15 | C19: 29.26 | D19: 35.02 | E19: 19.87 | F19: 5.79 | G19: 83.9 | H19: 36.02 | I19: 9.28 | J19: 1.67 | K19: 65.47 | L19: 29.15 | M19: 45.23 | N19: 607.4 | O19: 0 | P19: 0.89 | Q19: 4.77
A20: 45351.5 | B20: 24.8 | C20: 25.71 | D20: 34.51 | E20: 15.43 | F20: 6.87 | G20: 75.39 | H20: 30.89 | I20: 8.69 | J20: 1.48 | K20: 76.19 | L20: 31.27 | M20: 36.47 | N20: 663.3 | O20: 0 | P20: 0.85 | Q20: 4.78
... A32: 45352 | B32: 24.66 | C32: 18.1 | D32: 30.58 | E32: 7.29 | F32: 4.66 | G32: 96.06 | H32: 30.96 | I32: 6.75 | J32: 0.26 | K32: 250.7 | L32: 23.09 | M32: 59.63 | N32: 0 | O32: 0 | P32: 0.68 | Q32: 4.79
A34: Min | B34: =MIN(B9:B32) -> 8.03 | C34: =MIN(C9:C32) -> 15.86 | D34: =MIN(D9:D32) -> 18.34 | E34: =MIN(E9:E32) -> 6.81 | F34: =MIN(F9:F32) -> 4.46 | G34: =MIN(G9:G32) -> 54.83 | H34: =MIN(H9:H32) -> 19.3 | I34: =MIN(I9:I32) -> 5.45 | ... Q34: =MIN(Q9:Q32) -> 4.72
A35: Max | B35: =MAX(B9:B32) -> 50.12 | C35: =MAX(C9:C32) -> 29.8 | D35: =MAX(D9:D32) -> 56.91 | E35: =MAX(E9:E32) -> 19.87 | F35: =MAX(F9:F32) -> 9.94 | G35: =MAX(G9:G32) -> 146.3 | H35: =MAX(H9:H32) -> 46.17 | I35: =MAX(I9:I32) -> 11.58 | ... Q35: =MAX(Q9:Q32) -> 4.94
A36: Avg | B36: =AVERAGE(B9:B32) -> 27.041667 | C36: =AVERAGE(C9:C32) -> 23.384167 | D36: =AVERAGE(D9:D32) -> 34.855833 | E36: =AVERAGE(E9:E32) -> 10.1575 | F36: =AVERAGE(F9:F32) -> 5.5704167 | G36: =AVERAGE(G9:G32) -> 88.164167 | H36: =AVERAGE(H9:H32) -> 32.190833 | I36: =AVERAGE(I9:I32) -> 8.725 | ... Q36: =AVERAGE(Q9:Q32) -> 4.8270833
A37: Stdev | B37: =STDEV(B9:B32) -> 15.718362 | C37: =STDEV(C9:C32) -> 3.6925188 | D37: =STDEV(D9:D32) -> 12.816967 | E37: =STDEV(E9:E32) -> 2.7762208 | F37: =STDEV(F9:F32) -> 1.4191776 | G37: =STDEV(G9:G32) -> 22.038834 | H37: =STDEV(H9:H32) -> 8.3797058 | I37: =STDEV(I9:I32) -> 2.3647355 | ... Q37: =STDEV(Q9:Q32) -> 0.076583525
A38: Num | B38: =COUNT(B9:B32) -> 24 | C38: =COUNT(C9:C32) -> 24 | D38: =COUNT(D9:D32) -> 24 | E38: =COUNT(E9:E32) -> 24 | F38: =COUNT(F9:F32) -> 24 | G38: =COUNT(G9:G32) -> 24 | H38: =COUNT(H9:H32) -> 24 | I38: =COUNT(I9:I32) -> 24 | ... Q38: =COUNT(Q9:Q32) -> 24
A39: DCR | B39: =IF(B38>=22,">90%",IF(B38<=22,"<90%")) -> >90% | C39: =IF(C38>=22,">90%",IF(C38<=22,"<90%")) -> >90% | D39: =IF(D38>=22,">90%",IF(D38<=22,"<90%")) -> >90% | E39: =IF(E38>=22,">90%",IF(E38<=22,"<90%")) -> >90% | F39: =IF(F38>=22,">90%",IF(F38<=22,"<90%")) -> >90% | G39: =IF(G38>=22,">90%",IF(G38<=22,"<90%")) -> >90% | H39: =IF(H38>=22,">90%",IF(H38<=22,"<90%")) -> >90% | I39: =IF(I38>=22,">90%",IF(I38<=22,"<90%")) -> >90% | ... Q39: =IF(Q38>=22,">90%",IF(Q38<=22,"<90%")) -> >90%
A40: Status | B40: =IF(B38>=22,"OK",IF(B38<=22,"LESS")) -> OK | C40: =IF(C38>=22,"OK",IF(C38<=22,"LESS")) -> OK | D40: =IF(D38>=22,"OK",IF(D38<=22,"LESS")) -> OK | E40: =IF(E38>=22,"OK",IF(E38<=22,"LESS")) -> OK | F40: =IF(F38>=22,"OK",IF(F38<=22,"LESS")) -> OK | G40: =IF(G38>=22,"OK",IF(G38<=22,"LESS")) -> OK | H40: =IF(H38>=22,"OK",IF(H38<=22,"LESS")) -> OK | I40: =IF(I38>=22,"OK",IF(I38<=22,"LESS")) -> OK | ... Q40: =IF(Q38>=22,"OK",IF(Q38<=22,"LESS")) -> OK
A43: Done by | B43: AKASH
A45: Comment

Sheet MONTHLY 31
A1: Station: | B1: IGKV, RAIPUR
A2: Date: | B2: =$A$9 -> 45323.042 | D2: Power Off | G2: Pw.Off | L2: Link Fail | N2: Link F | P2: Maintenance | R2: Maint.
A3: Report Type: | B3: Mean | D3: Calibration | G3: Calib. | L3: Data Fail | N3: Data F | P3: Invalid | R3: Invalid
A4: Time Base: | B4: 24 HRS | D4: Zero Referrence | G4: Z.Ref | L4: Warm Up | N4: Wm. Up
A7: Date & Time | B7: NO | C7: NO2 | D7: NOX | E7: SO2 | F7: O3 | G7: PM 10 | H7: PM 2.5 | I7: BENZ | J7: WS | K7: WD | L7: TEMP | M7: HUM | N7: SR | O7: RG | P7: CO | Q7: NH3
B8: ug/m3 | C8: ug/m3 | D8: ppb | E8: ug/m3 | F8: ug/m3 | G8: ug/m3 | H8: ug/m3 | I8: ug/m3 | J8: m/sec | K8: deg | L8: degreC | M8: % | N8: w/m2 | O8: mm | P8: mg/m3 | Q8: ug/m3
A9: ='01'!$B$2 -> 45323.042 | B9: ='01'!B36 -> 13.175833 | C9: ='01'!C36 -> 23.275 | D9: ='01'!D36 -> 23.98125 | E9: ='01'!E36 -> 6.6325 | F9: ='01'!F36 -> 4.1170833 | G9: ='01'!G36 -> 86.69625 | H9: ='01'!H36 -> 36.977917 | I9: ='01'!I36 -> 9.6995833 | ... Q9: ='01'!Q36 -> 4.8416667
A10: ='02'!$B$2 -> 45324.042 | B10: ='02'!B36 -> 17.160417 | C10: ='02'!C36 -> 23.8375 | D10: ='02'!D36 -> 27.285 | E10: ='02'!E36 -> 7.855 | F10: ='02'!F36 -> 3.9133333 | G10: ='02'!G36 -> 95.270833 | H10: ='02'!H36 -> 39.27875 | I10: ='02'!I36 -> 1.2925 | ... Q10: ='02'!Q36 -> 4.88625
A11: ='03'!$B$2 -> 45325.042 | B11: ='03'!B36 -> 19.6775 | C11: ='03'!C36 -> 25.900417 | D11: ='03'!D36 -> 30.532917 | E11: ='03'!E36 -> 7.4079167 | F11: ='03'!F36 -> 3.94125 | G11: ='03'!G36 -> 77.512083 | H11: ='03'!H36 -> 29.682917 | I11: ='03'!I36 -> 0 | ... Q11: ='03'!Q36 -> 4.9320833
A12: ='04'!$B$2 -> 45326.042 | B12: ='04'!B36 -> 25.5975 | C12: ='04'!C36 -> 23.696667 | D12: ='04'!D36 -> 34.178333 | E12: ='04'!E36 -> 8.2070833 | F12: ='04'!F36 -> 4.37375 | G12: ='04'!G36 -> 71.978333 | H12: ='04'!H36 -> 28.180417 | I12: ='04'!I36 -> 0 | ... Q12: ='04'!Q36 -> 4.96
A13: ='05'!$B$2 -> 45327.042 | B13: ='05'!B36 -> 7.89375 | C13: ='05'!C36 -> 19.8875 | D13: ='05'!D36 -> 17.97625 | E13: ='05'!E36 -> 7.34125 | F13: ='05'!F36 -> 5.1029167 | G13: ='05'!G36 -> 55.8725 | H13: ='05'!H36 -> 23.194167 | I13: ='05'!I36 -> 0 | ... Q13: ='05'!Q36 -> 4.7691667
A14: ='06'!$B$2 -> 45328.042 | B14: ='06'!B36 -> 11.987917 | C14: ='06'!C36 -> 19.100833 | D14: ='06'!D36 -> 20.805417 | E14: ='06'!E36 -> 8.10125 | F14: ='06'!F36 -> 5.3441667 | G14: ='06'!G36 -> 63.7075 | H14: ='06'!H36 -> 27.4325 | I14: ='06'!I36 -> 0 | ... Q14: ='06'!Q36 -> 4.7795833
A15: ='07'!$B$2 -> 45329.042 | B15: ='07'!B36 -> 11.99125 | C15: ='07'!C36 -> 21.472917 | D15: ='07'!D36 -> 22.045417 | E15: ='07'!E36 -> 8.0795833 | F15: ='07'!F36 -> 4.5166667 | G15: ='07'!G36 -> 71.849583 | H15: ='07'!H36 -> 31.254167 | I15: ='07'!I36 -> 0 | ... Q15: ='07'!Q36 -> 4.8204167
A16: ='08'!$B$2 -> 45330.042 | B16: ='08'!B36 -> 10.527391 | C16: ='08'!C36 -> 23.288696 | D16: ='08'!D36 -> 21.802174 | E16: ='08'!E36 -> 7.293913 | F16: ='08'!F36 -> 5.3008333 | G16: ='08'!G36 -> 60.196957 | H16: ='08'!H36 -> 18.759565 | I16: ='08'!I36 -> 10.604583 | ... Q16: ='08'!Q36 -> 4.8175
A17: ='09'!$B$2 -> 45331.042 | B17: ='09'!B36 -> 17.104167 | C17: ='09'!C36 -> 25.851667 | D17: ='09'!D36 -> 28.47875 | E17: ='09'!E36 -> 8.6475 | F17: ='09'!F36 -> 4.1708333 | G17: ='09'!G36 -> 81.582083 | H17: ='09'!H36 -> 27.767083 | I17: ='09'!I36 -> 4.87625 | ... Q17: ='09'!Q36 -> 4.85875
A18: ='10'!$B$2 -> 45332.042 | B18: ='10'!B36 -> 15.868333 | C18: ='10'!C36 -> 29.015 | D18: ='10'!D36 -> 29.056667 | E18: ='10'!E36 -> 10.709167 | F18: ='10'!F36 -> 7.0083333 | G18: ='10'!G36 -> 93.352917 | H18: ='10'!H36 -> 35.748333 | I18: ='10'!I36 -> 2.6454167 | ... Q18: ='10'!Q36 -> 4.8654167
A19: ='11'!$B$2 -> 45333.042 | B19: ='11'!B36 -> 9.07 | C19: ='11'!C36 -> 22.4675 | D19: ='11'!D36 -> 20.2575 | E19: ='11'!E36 -> 10.518333 | F19: ='11'!F36 -> 5.61 | G19: ='11'!G36 -> 88.854167 | H19: ='11'!H36 -> 38.577917 | I19: ='11'!I36 -> 6.9395833 | ... Q19: ='11'!Q36 -> 4.7904167
A20: ='12'!$B$2 -> 45334.042 | B20: ='12'!B36 -> 7.85625 | C20: ='12'!C36 -> 21.234583 | D20: ='12'!D36 -> 18.6625 | E20: ='12'!E36 -> 9.0408333 | F20: ='12'!F36 -> 4.51 | G20: ='12'!G36 -> 65.57125 | H20: ='12'!H36 -> 32.43375 | I20: ='12'!I36 -> 6.1120833 | ... Q20: ='12'!Q36 -> 4.76875
A21: ='13'!$B$2 -> 45335.042 | B21: ='13'!B36 -> 13.321667 | C21: ='13'!C36 -> 19.01125 | D21: ='13'!D36 -> 21.785833 | E21: ='13'!E36 -> 9.08875 | F21: ='13'!F36 -> 4.5766667 | G21: ='13'!G36 -> 75.090833 | H21: ='13'!H36 -> 30.349167 | I21: ='13'!I36 -> 7.5725 | ... Q21: ='13'!Q36 -> 4.8145833
A22: ='14'!$B$2 -> 45336.042 | B22: ='14'!B36 -> 12.7825 | C22: ='14'!C36 -> 19.625417 | D22: ='14'!D36 -> 21.68875 | E22: ='14'!E36 -> 7.9345833 | F22: ='14'!F36 -> 4.0745833 | G22: ='14'!G36 -> 80.764583 | H22: ='14'!H36 -> 32.023333 | I22: ='14'!I36 -> 10.292917 | ... Q22: ='14'!Q36 -> 4.8083333
A23: ='15'!$B$2 -> 45337.042 | B23: ='15'!B36 -> 18.600417 | C23: ='15'!C36 -> 22.119583 | D23: ='15'!D36 -> 27.570417 | E23: ='15'!E36 -> 10.640833 | F23: ='15'!F36 -> 4.60125 | G23: ='15'!G36 -> 88.290417 | H23: ='15'!H36 -> 33.85 | I23: ='15'!I36 -> 9.8654167 | ... Q23: ='15'!Q36 -> 4.8241667
A24: ='16'!$B$2 -> 45338.042 | B24: ='16'!B36 -> 11.712917 | C24: ='16'!C36 -> 20.41125 | D24: ='16'!D36 -> 21.122083 | E24: ='16'!E36 -> 12.586667 | F24: ='16'!F36 -> 5.4745833 | G24: ='16'!G36 -> 97.628333 | H24: ='16'!H36 -> 38.38875 | I24: ='16'!I36 -> 7.3816667 | ... Q24: ='16'!Q36 -> 4.7983333
A25: ='17'!$B$2 -> 45339.042 | B25: ='17'!B36 -> 13.562917 | C25: ='17'!C36 -> 21.572917 | D25: ='17'!D36 -> 23.232917 | E25: ='17'!E36 -> 9.9370833 | F25: ='17'!F36 -> 4.5125 | G25: ='17'!G36 -> 91.392083 | H25: ='17'!H36 -> 40.3025 | I25: ='17'!I36 -> 8.5820833 | ... Q25: ='17'!Q36 -> 4.7829167
A26: ='18'!$B$2 -> 45340.042 | B26: ='18'!B36 -> 12.854583 | C26: ='18'!C36 -> 18.217083 | D26: ='18'!D36 -> 21.023333 | E26: ='18'!E36 -> 9.8 | F26: ='18'!F36 -> 5.1891667 | G26: ='18'!G36 -> 78.567083 | H26: ='18'!H36 -> 34.2475 | I26: ='18'!I36 -> 10.73625 | ... Q26: ='18'!Q36 -> 4.7716667
A27: ='19'!$B$2 -> 45341.042 | B27: ='19'!B36 -> 9.7070833 | C27: ='19'!C36 -> 20.924167 | D27: ='19'!D36 -> 19.814583 | E27: ='19'!E36 -> 8.7945833 | F27: ='19'!F36 -> 4.6795833 | G27: ='19'!G36 -> 86.74125 | H27: ='19'!H36 -> 32.768333 | I27: ='19'!I36 -> 10.155417 | ... Q27: ='19'!Q36 -> 4.7508333
A28: ='20'!$B$2 -> 45342.042 | B28: ='20'!B36 -> 10.040417 | C28: ='20'!C36 -> 18.001667 | D28: ='20'!D36 -> 18.675 | E28: ='20'!E36 -> 9.3933333 | F28: ='20'!F36 -> 5.0570833 | G28: ='20'!G36 -> 56.648333 | H28: ='20'!H36 -> 21.955417 | I28: ='20'!I36 -> 7.5166667 | ... Q28: ='20'!Q36 -> 4.7425
A29: ='21'!$B$2 -> 45343.042 | B29: ='21'!B36 -> 5.86875 | C29: ='21'!C36 -> 16.207917 | D29: ='21'!D36 -> 14.442083 | E29: ='21'!E36 -> 10.0175 | F29: ='21'!F36 -> 4.915 | G29: ='21'!G36 -> 47.529583 | H29: ='21'!H36 -> 18.645833 | I29: ='21'!I36 -> 6.2575 | ... Q29: ='21'!Q36 -> 4.71125
A30: ='22'!$B$2 -> 45344.042 | B30: ='22'!B36 -> 8.7795833 | C30: ='22'!C36 -> 17.924583 | D30: ='22'!D36 -> 17.603333 | E30: ='22'!E36 -> 7.7766667 | F30: ='22'!F36 -> 4.3704167 | G30: ='22'!G36 -> 52.775 | H30: ='22'!H36 -> 20.207083 | I30: ='22'!I36 -> 5.6579167 | ... Q30: ='22'!Q36 -> 4.7233333
A31: ='23'!$B$2 -> 45345.042 | B31: ='23'!B36 -> 12.6 | C31: ='23'!C36 -> 20.7625 | D31: ='23'!D36 -> 22.065 | E31: ='23'!E36 -> 10.739167 | F31: ='23'!F36 -> 4.5495833 | G31: ='23'!G36 -> 81.086667 | H31: ='23'!H36 -> 25.6125 | I31: ='23'!I36 -> 5.3033333 | ... Q31: ='23'!Q36 -> 4.7641667
A32: ='24'!$B$2 -> 45346.042 | B32: ='24'!B36 -> 11.29875 | C32: ='24'!C36 -> 21.720833 | D32: ='24'!D36 -> 21.63 | E32: ='24'!E36 -> 9.0786957 | F32: ='24'!F36 -> 7.2275 | G32: ='24'!G36 -> 87.458261 | H32: ='24'!H36 -> 27.976957 | I32: ='24'!I36 -> 16.493333 | ... Q32: ='24'!Q36 -> 4.745
A33: ='25'!$B$2 -> 45347.042 | B33: ='25'!B36 -> 8.3820833 | C33: ='25'!C36 -> 20.197083 | D33: ='25'!D36 -> 18.48125 | E33: ='25'!E36 -> 10.354583 | F33: ='25'!F36 -> 6.0266667 | G33: ='25'!G36 -> 76.67375 | H33: ='25'!H36 -> 29.52 | I33: ='25'!I36 -> 9.4079167 | ... Q33: ='25'!Q36 -> 4.7304167
A34: ='26'!$B$2 -> 45348.042 | B34: ='26'!B36 -> 7.29625 | C34: ='26'!C36 -> 20.37875 | D34: ='26'!D36 -> 17.715 | E34: ='26'!E36 -> 8.8304167 | F34: ='26'!F36 -> 5.90625 | G34: ='26'!G36 -> 67.639167 | H34: ='26'!H36 -> 30.312083 | I34: ='26'!I36 -> 6.7741667 | ... Q34: ='26'!Q36 -> 4.7075
A35: ='27'!$B$2 -> 45349.042 | B35: ='27'!B36 -> 7.6425 | C35: ='27'!C36 -> 17.700833 | D35: ='27'!D36 -> 16.647917 | E35: ='27'!E36 -> 9.0766667 | F35: ='27'!F36 -> 8.2045833 | G35: ='27'!G36 -> 72.613333 | H35: ='27'!H36 -> 31.209583 | I35: ='27'!I36 -> 6.35125 | ... Q35: ='27'!Q36 -> 4.6995833
A36: ='28'!$B$2 -> 45350.042 | B36: ='28'!B36 -> 12.859583 | C36: ='28'!C36 -> 20.184167 | D36: ='28'!D36 -> 21.9725 | E36: ='28'!E36 -> 9.71875 | F36: ='28'!F36 -> 6.1495833 | G36: ='28'!G36 -> 73.085 | H36: ='28'!H36 -> 26.6225 | I36: ='28'!I36 -> 6.3108333 | ... Q36: ='28'!Q36 -> 4.7566667
A37: ='29'!$B$2 -> 45351.042 | B37: ='29'!B36 -> 27.041667 | C37: ='29'!C36 -> 23.384167 | D37: ='29'!D36 -> 34.855833 | E37: ='29'!E36 -> 10.1575 | F37: ='29'!F36 -> 5.5704167 | G37: ='29'!G36 -> 88.164167 | H37: ='29'!H36 -> 32.190833 | I37: ='29'!I36 -> 8.725 | ... Q37: ='29'!Q36 -> 4.8270833
A39: Min | B39: =MIN(B9:B37) -> 5.86875 | C39: =MIN(C9:C37) -> 16.207917 | D39: =MIN(D9:D37) -> 14.442083 | E39: =MIN(E9:E37) -> 6.6325 | F39: =MIN(F9:F37) -> 3.9133333 | G39: =MIN(G9:G37) -> 47.529583 | H39: =MIN(H9:H37) -> 18.645833 | I39: =MIN(I9:I37) -> 0 | ... Q39: =MIN(Q9:Q37) -> 4.6995833
A40: Max | B40: =MAX(B9:B37) -> 27.041667 | C40: =MAX(C9:C37) -> 29.015 | D40: =MAX(D9:D37) -> 34.855833 | E40: =MAX(E9:E37) -> 12.586667 | F40: =MAX(F9:F37) -> 8.2045833 | G40: =MAX(G9:G37) -> 97.628333 | H40: =MAX(H9:H37) -> 40.3025 | I40: =MAX(I9:I37) -> 16.493333 | ... Q40: =MAX(Q9:Q37) -> 4.96
A41: Avg | B41: =AVERAGE(B9:B37) -> 12.83662 | C41: =AVERAGE(C9:C37) -> 21.288705 | D41: =AVERAGE(D9:D37) -> 22.599586 | E41: =AVERAGE(E9:E37) -> 9.0951762 | F41: =AVERAGE(F9:F37) -> 5.1377443 | G41: =AVERAGE(G9:G37) -> 76.365252 | H41: =AVERAGE(H9:H37) -> 30.188616 | I41: =AVERAGE(I9:I37) -> 6.3984195 | ... Q41: =AVERAGE(Q9:Q37) -> 4.7947701
A42: Stdev | B42: =STDEV(B9:B37) -> 5.0907415 | C42: =STDEV(C9:C37) -> 2.791353 | D42: =STDEV(D9:D37) -> 5.0626841 | E42: =STDEV(E9:E37) -> 1.3388383 | F42: =STDEV(F9:F37) -> 1.0328292 | G42: =STDEV(G9:G37) -> 13.431013 | H42: =STDEV(H9:H37) -> 5.9391604 | I42: =STDEV(I9:I37) -> 4.0660378 | ... Q42: =STDEV(Q9:Q37) -> 0.063852876
A43: Num | B43: =COUNT(B9:B37) -> 29 | C43: =COUNT(C9:C37) -> 29 | D43: =COUNT(D9:D37) -> 29 | E43: =COUNT(E9:E37) -> 29 | F43: =COUNT(F9:F37) -> 29 | G43: =COUNT(G9:G37) -> 29 | H43: =COUNT(H9:H37) -> 29 | I43: =COUNT(I9:I37) -> 29 | ... Q43: =COUNT(Q9:Q37) -> 29
A44: DCR | B44: =IF(B43>=28,">90%",IF(B43<=28,"<90%")) -> >90% | C44: =IF(C43>=28,">90%",IF(C43<=28,"<90%")) -> >90% | D44: =IF(D43>=28,">90%",IF(D43<=28,"<90%")) -> >90% | E44: =IF(E43>=28,">90%",IF(E43<=28,"<90%")) -> >90% | F44: =IF(F43>=28,">90%",IF(F43<=28,"<90%")) -> >90% | G44: =IF(G43>=28,">90%",IF(G43<=28,"<90%")) -> >90% | H44: =IF(H43>=28,">90%",IF(H43<=28,"<90%")) -> >90% | I44: =IF(I43>=28,">90%",IF(I43<=28,"<90%")) -> >90% | ... Q44: =IF(Q43>=28,">90%",IF(Q43<=28,"<90%")) -> >90%
A45: Status | B45: =IF(B43>=28,"OK",IF(B43<=28,"LESS")) -> OK | C45: =IF(C43>=28,"OK",IF(C43<=28,"LESS")) -> OK | D45: =IF(D43>=28,"OK",IF(D43<=28,"LESS")) -> OK | E45: =IF(E43>=28,"OK",IF(E43<=28,"LESS")) -> OK | F45: =IF(F43>=28,"OK",IF(F43<=28,"LESS")) -> OK | G45: =IF(G43>=28,"OK",IF(G43<=28,"LESS")) -> OK | H45: =IF(H43>=28,"OK",IF(H43<=28,"LESS")) -> OK | I45: =IF(I43>=28,"OK",IF(I43<=28,"LESS")) -> OK | ... Q45: =IF(Q43>=28,"OK",IF(Q43<=28,"LESS")) -> OK
A48: Done by | B48: AKASH
A50: Comment
