Workbook

Sheet 01
A1: Station: | B1: BHATAGAON RAIPUR
A2: Date: | B2: =$A$9 -> 45809.01 | D2: Power Off | G2: Pw.Off | L2: Link Fail | N2: Link F | P2: Maintenance | R2: Maint.
A3: Report Type: | B3: Mean | D3: Calibration | G3: Calib. | L3: Data Fail | N3: Data F | P3: Invalid | R3: Invalid
A4: Time Base: | B4: 15 Min | D4: Zero Referrence | G4: Z.Ref | L4: Warm Up | N4: Wm. Up
A7: Date & Time | B7: NO_BHATAGAON | C7: NO2__BHATAGAON | D7: NOX_BHATAGAON | E7: SO2__BHATAGAON | F7: O3__BHATAGAON | G7: PM10__BHATAGAON | H7: PM2_5__BHATAGAON | I7: BENZ__BHATAGAON | J7: WS__BHATAGAON | K7: WD__BHATAGAON | L7: TEMP__BHATAGAON | M7: HUM__BHATAGAON | N7: SR__BHATAGAON | O7: RG__BHATAGAON | P7: CO__BHATAGAON | Q7: NH3__BHATAGAON
B8: ug/m3 | C8: ug/m3 | D8: ppb | E8: ug/m3 | F8: ug/m3 | G8: ug/m3 | H8: ug/m3 | I8: ug/m3 | J8: m/sec | K8: deg | L8: degreC | M8: % | N8: w/m2 | O8: mm | P8: mg/m3 | Q8: ug/m3
A9: 45809.01 | B9: 11.32 | C9: 19.37 | D9: 19.7 | E9: 4.72 | F9: 4.83 | G9: 55.16 | H9: 9.02 | I9: 4.04 | J9: 0.11 | K9: 113.75 | L9: 25.27 | M9: 100.82 | N9: 26.3 | O9: 0 | P9: 0.61 | Q9: 9.41
A10: 45809.021 | B10: 11.23 | C10: 21.31 | D10: 23.55 | E10: 4.94 | F10: 5.58 | G10: 52.72 | H10: 7.82 | I10: 4.02 | J10: 0.3 | K10: 0.95 | L10: 25.23 | M10: 100.83 | N10: 26.3 | O10: 0 | P10: 0.56 | Q10: 9.4
A11: 45809.031 | B11: 12.33 | C11: 20.83 | D11: 20.95 | E11: 4.82 | F11: 5.58 | G11: 52.72 | H11: 7.82 | I11: 3.96 | J11: 0.18 | K11: 359.43 | L11: 25.15 | M11: 100.84 | N11: 26.3 | O11: 0 | P11: 0.62 | Q11: 9.4
A12: 45809.042 | B12: 11.07 | C12: 20.1 | D12: 21.49 | E12: 4.8 | F12: 6.88 | G12: 52.72 | H12: 7.82 | I12: 3.97 | J12: 0.17 | K12: 344.1 | L12: 25.09 | M12: 100.89 | N12: 26.2 | O12: 0 | P12: 0.58 | Q12: 9.41
A13: 45809.052 | B13: 11.45 | C13: 19.73 | D13: 20.19 | E13: 4.77 | F13: 5.49 | G13: 52.29 | H13: 18.36 | I13: 3.84 | J13: 0.07 | K13: 333.48 | L13: 25.03 | M13: 100.9 | N13: 26.3 | O13: 0 | P13: 0.59 | Q13: 9.4
A14: 45809.062 | B14: 9.81 | C14: 18.26 | D14: 19.89 | E14: 4.82 | F14: 6.01 | G14: 52.1 | H14: 22.87 | I14: 4 | J14: 0.02 | K14: 151.84 | L14: 24.92 | M14: 100.91 | N14: 26.2 | O14: 0 | P14: 0.57 | Q14: 9.41
A15: 45809.073 | B15: 19.46 | C15: 32.39 | D15: 32.14 | E15: 4.75 | F15: 5.56 | G15: 52.1 | H15: 22.87 | I15: 3.99 | J15: 0.04 | K15: 268.04 | L15: 24.9 | M15: 100.93 | N15: 26.3 | O15: 0 | P15: 0.62 | Q15: 9.41
A16: 45809.083 | B16: 10.49 | C16: 25.85 | D16: 33.38 | E16: 4.4 | F16: 4.32 | G16: 52.1 | H16: 22.87 | I16: 3.99 | J16: 0.06 | K16: 82.48 | L16: 24.86 | M16: 100.93 | N16: 26.2 | O16: 0 | P16: 0.6 | Q16: 9.43
A17: 45809.094 | B17: 30.05 | C17: 42.95 | D17: 36.09 | E17: 4.58 | F17: 4.24 | G17: 49.02 | H17: 17.84 | I17: 4.06 | J17: 0.09 | K17: 216.4 | L17: 24.81 | M17: 100.98 | N17: 26.1 | O17: 0 | P17: 0.59 | Q17: 9.45
A18: 45809.104 | B18: 18.35 | C18: 32.49 | D18: 34.01 | E18: 4.77 | F18: 4.14 | G18: 47.63 | H18: 15.68 | I18: 4.08 | J18: 0.07 | K18: 263.22 | L18: 24.69 | M18: 101.02 | N18: 26.2 | O18: 0 | P18: 0.62 | Q18: 9.48
A19: 45809.115 | B19: 36.39 | C19: 48.39 | D19: 36.77 | E19: 4.81 | F19: 3.59 | G19: 47.63 | H19: 15.68 | I19: 3.98 | J19: 0.07 | K19: 319.24 | L19: 24.64 | M19: 101.04 | N19: 26.2 | O19: 0 | P19: 0.63 | Q19: 9.52
A20: 45809.125 | B20: 27.91 | C20: 39.47 | D20: 32.7 | E20: 5.21 | F20: 3.86 | G20: 47.63 | H20: 15.68 | I20: 3.98 | J20: 0.26 | K20: 163.75 | L20: 24.65 | M20: 101.03 | N20: 26 | O20: 0 | P20: 0.63 | Q20: 9.56
... A104: 45810 | B104: 6.4 | C104: 19.79 | D104: 28.05 | E104: 4.65 | F104: 11.89 | G104: 58.65 | H104: 81.05 | I104: 3.82 | J104: 0.05 | K104: 233.72 | L104: 26.48 | M104: 61.86 | N104: 26.5 | O104: 0 | P104: 0.28 | Q104: 9.37
A106: Min | B106: =MIN(B9:B104) -> 4.16 | C106: =MIN(C9:C104) -> 16.23 | D106: =MIN(D9:D104) -> 18.43 | E106: =MIN(E9:E104) -> 3.67 | F106: =MIN(F9:F104) -> 3.43 | G106: =MIN(G9:G104) -> 42.12 | H106: =MIN(H9:H104) -> 0 | I106: =MIN(I9:I104) -> 3.82 | ... Q106: =MIN(Q9:Q104) -> 9.13
A107: Max | B107: =MAX(B9:B104) -> 36.39 | C107: =MAX(C9:C104) -> 48.39 | D107: =MAX(D9:D104) -> 41.66 | E107: =MAX(E9:E104) -> 5.33 | F107: =MAX(F9:F104) -> 13.03 | G107: =MAX(G9:G104) -> 65.13 | H107: =MAX(H9:H104) -> 311.8 | I107: =MAX(I9:I104) -> 4.24 | ... Q107: =MAX(Q9:Q104) -> 9.63
A108: Avg | B108: =AVERAGE(B9:B104) -> 10.478437 | C108: =AVERAGE(C9:C104) -> 22.752813 | D108: =AVERAGE(D9:D104) -> 27.465521 | E108: =AVERAGE(E9:E104) -> 4.5585417 | F108: =AVERAGE(F9:F104) -> 6.5555208 | G108: =AVERAGE(G9:G104) -> 55.482083 | H108: =AVERAGE(H9:H104) -> 33.968854 | I108: =AVERAGE(I9:I104) -> 4.0120833 | ... Q108: =AVERAGE(Q9:Q104) -> 9.3453125
A109: Stdev | B109: =STDEV(B9:B104) -> 6.208637 | C109: =STDEV(C9:C104) -> 5.3814083 | D109: =STDEV(D9:D104) -> 5.200472 | E109: =STDEV(E9:E104) -> 0.37513781 | F109: =STDEV(F9:F104) -> 2.3336824 | G109: =STDEV(G9:G104) -> 7.5905487 | H109: =STDEV(H9:H104) -> 63.36741 | I109: =STDEV(I9:I104) -> 0.077227165 | ... Q109: =STDEV(Q9:Q104) -> 0.17055916
A110: Num | B110: =COUNT(B9:B104) -> 96 | C110: =COUNT(C9:C104) -> 96 | D110: =COUNT(D9:D104) -> 96 | E110: =COUNT(E9:E104) -> 96 | F110: =COUNT(F9:F104) -> 96 | G110: =COUNT(G9:G104) -> 96 | H110: =COUNT(H9:H104) -> 96 | I110: =COUNT(I9:I104)+1 -> 97 | J110: =COUNT(J9:J104) -> 96 | K110: =COUNT(K9:K104) -> 96 | L110: =COUNT(L9:L104) -> 96 | M110: =COUNT(M9:M104) -> 96 | N110: =COUNT(N9:N104) -> 96 | O110: =COUNT(O9:O104) -> 96 | P110: =COUNT(P9:P104) -> 96 | Q110: =COUNT(Q9:Q104) -> 96
A111: DCR | B111: =IF(B110>=87,">90%",IF(B110<=87,"<90%")) -> >90% | C111: =IF(C110>=87,">90%",IF(C110<=87,"<90%")) -> >90% | D111: =IF(D110>=87,">90%",IF(D110<=87,"<90%")) -> >90% | E111: =IF(E110>=87,">90%",IF(E110<=87,"<90%")) -> >90% | F111: =IF(F110>=87,">90%",IF(F110<=87,"<90%")) -> >90% | G111: =IF(G110>=87,">90%",IF(G110<=87,"<90%")) -> >90% | H111: =IF(H110>=87,">90%",IF(H110<=87,"<90%")) -> >90% | I111: =IF(I110>=87,">90%",IF(I110<=87,"<90%")) -> >90% | ... Q111: =IF(Q110>=87,">90%",IF(Q110<=87,"<90%")) -> >90%
A112: Status | B112: =IF(B110>=87,"OK",IF(B110<=87,"LESS")) -> OK | C112: =IF(C110>=87,"OK",IF(C110<=87,"LESS")) -> OK | D112: =IF(D110>=87,"OK",IF(D110<=87,"LESS")) -> OK | E112: =IF(E110>=87,"OK",IF(E110<=87,"LESS")) -> OK | F112: =IF(F110>=87,"OK",IF(F110<=87,"LESS")) -> OK | G112: =IF(G110>=87,"OK",IF(G110<=87,"LESS")) -> OK | H112: =IF(H110>=87,"OK",IF(H110<=87,"LESS")) -> OK | I112: =IF(I110>=87,"OK",IF(I110<=87,"LESS")) -> OK | ... Q112: =IF(Q110>=87,"OK",IF(Q110<=87,"LESS")) -> OK
A115: Done by | B115: RK
A117: Comment

Sheet 02
A1: Station: | B1: BHATAGAON RAIPUR
A2: Date: | B2: =$A$9 -> 45810.01 | D2: Power Off | G2: Pw.Off | L2: Link Fail | N2: Link F | P2: Maintenance | R2: Maint.
A3: Report Type: | B3: Mean | D3: Calibration | G3: Calib. | L3: Data Fail | N3: Data F | P3: Invalid | R3: Invalid
A4: Time Base: | B4: 15 Min | D4: Zero Referrence | G4: Z.Ref | L4: Warm Up | N4: Wm. Up
A7: Date & Time | B7: NO_BHATAGAON | C7: NO2__BHATAGAON | D7: NOX_BHATAGAON | E7: SO2__BHATAGAON | F7: O3__BHATAGAON | G7: PM10__BHATAGAON | H7: PM2_5__BHATAGAON | I7: BENZ__BHATAGAON | J7: WS__BHATAGAON | K7: WD__BHATAGAON | L7: TEMP__BHATAGAON | M7: HUM__BHATAGAON | N7: SR__BHATAGAON | O7: RG__BHATAGAON | P7: CO__BHATAGAON | Q7: NH3__BHATAGAON
B8: ug/m3 | C8: ug/m3 | D8: ppb | E8: ug/m3 | F8: ug/m3 | G8: ug/m3 | H8: ug/m3 | I8: ug/m3 | J8: m/sec | K8: deg | L8: degreC | M8: % | N8: w/m2 | O8: mm | P8: mg/m3 | Q8: ug/m3
A9: 45810.01 | B9: 8.22 | C9: 24.82 | D9: 34.9 | E9: 4 | F9: 9.08 | G9: 54.69 | H9: 89.89 | I9: 3.91 | J9: 0.04 | K9: 278.29 | L9: 26.43 | M9: 61.99 | N9: 26.3 | O9: 0 | P9: 0.28 | Q9: 9.38
A10: 45810.021 | B10: 7.66 | C10: 20.6 | D10: 27.66 | E10: 4.42 | F10: 10.86 | G10: 52.99 | H10: 93.68 | I10: 3.98 | J10: 0.14 | K10: 147.23 | L10: 26.41 | M10: 60.97 | N10: 26.2 | O10: 0 | P10: 0.28 | Q10: 9.4
A11: 45810.031 | B11: 7.11 | C11: 18.62 | D11: 24.73 | E11: 4.67 | F11: 11.58 | G11: 52.99 | H11: 93.68 | I11: 3.94 | J11: 0.13 | K11: 169.09 | L11: 26.04 | M11: 62.75 | N11: 26.6 | O11: 0 | P11: 0.26 | Q11: 9.42
A12: 45810.042 | B12: 7.36 | C12: 18.71 | D12: 24.52 | E12: 4.45 | F12: 11.08 | G12: 52.99 | H12: 93.68 | I12: 4.05 | J12: 0.03 | K12: 176.05 | L12: 25.76 | M12: 63.51 | N12: 26.5 | O12: 0 | P12: 0.26 | Q12: 9.41
A13: 45810.052 | B13: 7.01 | C13: 17.55 | D13: 22.83 | E13: 4.58 | F13: 12.2 | G13: 50.76 | H13: 39.98 | I13: 4.1 | J13: 0.08 | K13: 226.81 | L13: 25.41 | M13: 63.86 | N13: 26.5 | O13: 0 | P13: 0.2 | Q13: 9.43
A14: 45810.062 | B14: 7.9 | C14: 17.59 | D14: 21.54 | E14: 4.69 | F14: 11.24 | G14: 49.75 | H14: 16.96 | I14: 3.99 | J14: 0.07 | K14: 290.77 | L14: 25.26 | M14: 64 | N14: 26.3 | O14: 0 | P14: 0.26 | Q14: 9.43
A15: 45810.073 | B15: 10.74 | C15: 19.37 | D15: 20.59 | E15: 4.52 | F15: 4.95 | G15: 49.75 | H15: 16.96 | I15: 4.01 | J15: 0.07 | K15: 294.77 | L15: 25.52 | M15: 60.58 | N15: 26.1 | O15: 0 | P15: 0.33 | Q15: 9.42
A16: 45810.083 | B16: 11.51 | C16: 20.25 | D16: 21.09 | E16: 4.62 | F16: 5.92 | G16: 49.75 | H16: 16.96 | I16: 3.93 | J16: 0.05 | K16: 311.93 | L16: 25.56 | M16: 60.72 | N16: 26.4 | O16: 0 | P16: 0.31 | Q16: 9.4
A17: 45810.094 | B17: 12.18 | C17: 20.99 | D17: 21.5 | E17: 4.55 | F17: 4.84 | G17: 48.77 | H17: 13.75 | I17: 4.14 | J17: 0.12 | K17: 282.59 | L17: 25.2 | M17: 62.17 | N17: 26.2 | O17: 0 | P17: 0.33 | Q17: 9.39
A18: 45810.104 | B18: 12.05 | C18: 20.82 | D18: 21.35 | E18: 4.23 | F18: 4.83 | G18: 48.32 | H18: 12.3 | I18: 4.03 | J18: 0.08 | K18: 303.06 | L18: 25.22 | M18: 60.33 | N18: 26.3 | O18: 0 | P18: 0.31 | Q18: 9.38
A19: 45810.115 | B19: 11.74 | C19: 20.71 | D19: 21.63 | E19: 4.66 | F19: 4.98 | G19: 48.32 | H19: 12.3 | I19: 4.05 | J19: 0.08 | K19: 291.04 | L19: 25.03 | M19: 61.87 | N19: 26.4 | O19: 0 | P19: 0.3 | Q19: 9.38
A20: 45810.125 | B20: 11.63 | C20: 20.74 | D20: 21.85 | E20: 4.22 | F20: 4.75 | G20: 48.32 | H20: 12.3 | I20: 4.04 | J20: 0.07 | K20: 290.71 | L20: 24.94 | M20: 62.22 | N20: 26.4 | O20: 0 | P20: 0.31 | Q20: 9.37
... A104: 45811 | B104: 8.33 | C104: 18.32 | D104: 22.28 | E104: 4.24 | F104: 6.52 | G104: 32.83 | H104: 50.8 | I104: 3.86 | J104: 0.18 | K104: 175.96 | L104: 27.04 | M104: 67.03 | N104: 26.6 | O104: 0 | P104: 0.32 | Q104: 9.36
A106: Min | B106: =MIN(B9:B104) -> 4.06 | C106: =MIN(C9:C104) -> 17.11 | D106: =MIN(D9:D104) -> 20.59 | E106: =MIN(E9:E104) -> 3.96 | F106: =MIN(F9:F104) -> 3.25 | G106: =MIN(G9:G104) -> 0 | H106: =MIN(H9:H104) -> -63.1 | I106: =MIN(I9:I104) -> 3.8 | ... Q106: =MIN(Q9:Q104) -> 9.14
A107: Max | B107: =MAX(B9:B104) -> 16.55 | C107: =MAX(C9:C104) -> 45.97 | D107: =MAX(D9:D104) -> 74.3 | E107: =MAX(E9:E104) -> 6.04 | F107: =MAX(F9:F104) -> 22.6 | G107: =MAX(G9:G104) -> 54.69 | H107: =MAX(H9:H104) -> 545.31 | I107: =MAX(I9:I104) -> 4.29 | ... Q107: =MAX(Q9:Q104) -> 9.52
A108: Avg | B108: =AVERAGE(B9:B104) -> 8.1029167 | C108: =AVERAGE(C9:C104) -> 21.839687 | D108: =AVERAGE(D9:D104) -> 29.365417 | E108: =AVERAGE(E9:E104) -> 4.9811458 | F108: =AVERAGE(F9:F104) -> 7.7716667 | G108: =AVERAGE(G9:G104) -> 36.715729 | H108: =AVERAGE(H9:H104) -> 45.188021 | I108: =AVERAGE(I9:I104) -> 4.02 | ... Q108: =AVERAGE(Q9:Q104) -> 9.3202083
A109: Stdev | B109: =STDEV(B9:B104) -> 3.5176334 | C109: =STDEV(C9:C104) -> 4.1238925 | D109: =STDEV(D9:D104) -> 8.0320472 | E109: =STDEV(E9:E104) -> 0.50729182 | F109: =STDEV(F9:F104) -> 3.764795 | G109: =STDEV(G9:G104) -> 10.863792 | H109: =STDEV(H9:H104) -> 106.68133 | I109: =STDEV(I9:I104) -> 0.091156315 | ... Q109: =STDEV(Q9:Q104) -> 0.10867604
A110: Num | B110: =COUNT(B9:B104) -> 96 | C110: =COUNT(C9:C104) -> 96 | D110: =COUNT(D9:D104) -> 96 | E110: =COUNT(E9:E104) -> 96 | F110: =COUNT(F9:F104) -> 96 | G110: =COUNT(G9:G104) -> 96 | H110: =COUNT(H9:H104) -> 96 | I110: =COUNT(I9:I104)+22 -> 118 | J110: =COUNT(J9:J104) -> 96 | K110: =COUNT(K9:K104) -> 96 | L110: =COUNT(L9:L104) -> 96 | M110: =COUNT(M9:M104) -> 96 | N110: =COUNT(N9:N104) -> 96 | O110: =COUNT(O9:O104) -> 96 | P110: =COUNT(P9:P104) -> 96 | Q110: =COUNT(Q9:Q104) -> 96
A111: DCR | B111: =IF(B110>=87,">90%",IF(B110<=87,"<90%")) -> >90% | C111: =IF(C110>=87,">90%",IF(C110<=87,"<90%")) -> >90% | D111: =IF(D110>=87,">90%",IF(D110<=87,"<90%")) -> >90% | E111: =IF(E110>=87,">90%",IF(E110<=87,"<90%")) -> >90% | F111: =IF(F110>=87,">90%",IF(F110<=87,"<90%")) -> >90% | G111: =IF(G110>=87,">90%",IF(G110<=87,"<90%")) -> >90% | H111: =IF(H110>=87,">90%",IF(H110<=87,"<90%")) -> >90% | I111: =IF(I110>=87,">90%",IF(I110<=87,"<90%")) -> >90% | ... Q111: =IF(Q110>=87,">90%",IF(Q110<=87,"<90%")) -> >90%
A112: Status | B112: =IF(B110>=87,"OK",IF(B110<=87,"LESS")) -> OK | C112: =IF(C110>=87,"OK",IF(C110<=87,"LESS")) -> OK | D112: =IF(D110>=87,"OK",IF(D110<=87,"LESS")) -> OK | E112: =IF(E110>=87,"OK",IF(E110<=87,"LESS")) -> OK | F112: =IF(F110>=87,"OK",IF(F110<=87,"LESS")) -> OK | G112: =IF(G110>=87,"OK",IF(G110<=87,"LESS")) -> OK | H112: =IF(H110>=87,"OK",IF(H110<=87,"LESS")) -> OK | I112: =IF(I110>=87,"OK",IF(I110<=87,"LESS")) -> OK | ... Q112: =IF(Q110>=87,"OK",IF(Q110<=87,"LESS")) -> OK
A115: Done by | B115: RK
A117: Comment

Sheet 03
A1: Station: | B1: BHATAGAON RAIPUR
A2: Date: | B2: =$A$9 -> 45811.01 | D2: Power Off | G2: Pw.Off | L2: Link Fail | N2: Link F | P2: Maintenance | R2: Maint.
A3: Report Type: | B3: Mean | D3: Calibration | G3: Calib. | L3: Data Fail | N3: Data F | P3: Invalid | R3: Invalid
A4: Time Base: | B4: 15 Min | D4: Zero Referrence | G4: Z.Ref | L4: Warm Up | N4: Wm. Up
A7: Date & Time | B7: NO_BHATAGAON | C7: NO2__BHATAGAON | D7: NOX_BHATAGAON | E7: SO2__BHATAGAON | F7: O3__BHATAGAON | G7: PM10__BHATAGAON | H7: PM2_5__BHATAGAON | I7: BENZ__BHATAGAON | J7: WS__BHATAGAON | K7: WD__BHATAGAON | L7: TEMP__BHATAGAON | M7: HUM__BHATAGAON | N7: SR__BHATAGAON | O7: RG__BHATAGAON | P7: CO__BHATAGAON | Q7: NH3__BHATAGAON
B8: ug/m3 | C8: ug/m3 | D8: ppb | E8: ug/m3 | F8: ug/m3 | G8: ug/m3 | H8: ug/m3 | I8: ug/m3 | J8: m/sec | K8: deg | L8: degreC | M8: % | N8: w/m2 | O8: mm | P8: mg/m3 | Q8: ug/m3
A9: 45811.01 | B9: 7.82 | C9: 17.19 | D9: 20.89 | E9: 4.49 | F9: 6.47 | G9: 32.26 | H9: 29.47 | I9: 3.93 | J9: 0.07 | K9: 158.12 | L9: 26.85 | M9: 68.48 | N9: 26.5 | O9: 0 | P9: 0.3 | Q9: 9.35
A10: 45811.021 | B10: 9.03 | C10: 17.74 | D10: 20.1 | E10: 4.08 | F10: 5.44 | G10: 32.26 | H10: 29.47 | I10: 3.89 | J10: 0.15 | K10: 178.1 | L10: 26.65 | M10: 69.34 | N10: 26.6 | O10: 0 | P10: 0.32 | Q10: 9.34
A11: 45811.031 | B11: 7.94 | C11: 16.37 | D11: 19.15 | E11: 4.38 | F11: 7.38 | G11: 32.26 | H11: 29.47 | I11: 4.02 | J11: 0.07 | K11: 209.77 | L11: 26.49 | M11: 70.23 | N11: 26.7 | O11: 0 | P11: 0.27 | Q11: 9.34
A12: 45811.042 | B12: 8.28 | C12: 16.54 | D12: 18.95 | E12: 4.06 | F12: 6.52 | G12: 30.41 | H12: 11.13 | I12: 4.25 | J12: 0.03 | K12: 239.11 | L12: 26.25 | M12: 71.88 | N12: 26.8 | O12: 0 | P12: 0.3 | Q12: 9.32
A13: 45811.052 | B13: 7.75 | C13: 16.51 | D13: 19.71 | E13: 3.98 | F13: 6.16 | G13: 29.28 | H13: 0 | I13: 3.97 | J13: 0.09 | K13: 160.8 | L13: 26.08 | M13: 73.36 | N13: 26.5 | O13: 0 | P13: 0.25 | Q13: 9.33
A14: 45811.062 | B14: 7.97 | C14: 17.69 | D14: 21.61 | E14: 4 | F14: 5.97 | G14: 29.28 | H14: 0 | I14: 3.99 | J14: 0.2 | K14: 140.38 | L14: 26.04 | M14: 74.05 | N14: 26.3 | O14: 0 | P14: 0.29 | Q14: 9.33
A15: 45811.073 | B15: 8.62 | C15: 18.33 | D15: 21.85 | E15: 4.03 | F15: 5.24 | G15: 29.28 | H15: 0 | I15: 4 | J15: 0.11 | K15: 156.12 | L15: 25.97 | M15: 73.94 | N15: 26.4 | O15: 0 | P15: 0.28 | Q15: 9.33
A16: 45811.083 | B16: 7.87 | C16: 17.4 | D16: 21.22 | E16: 3.84 | F16: 6.7 | G16: 29.15 | H16: 146.2 | I16: 3.99 | J16: 0.07 | K16: 168.49 | L16: 25.97 | M16: 73.87 | N16: 26.4 | O16: 0 | P16: 0.27 | Q16: 9.33
A17: 45811.094 | B17: 8.28 | C17: 17.58 | D17: 20.94 | E17: 3.8 | F17: 5.95 | G17: 29.06 | H17: 234.97 | I17: 3.87 | J17: 0.18 | K17: 146.45 | L17: 25.9 | M17: 75.04 | N17: 26.3 | O17: 0 | P17: 0.26 | Q17: 9.34
A18: 45811.104 | B18: 6.34 | C18: 16.12 | D18: 21.12 | E18: 3.82 | F18: 8.79 | G18: 29.06 | H18: 234.97 | I18: 3.93 | J18: 0.04 | K18: 217.41 | L18: 25.84 | M18: 75.34 | N18: 26.5 | O18: 0 | P18: 0.23 | Q18: 9.37
A19: 45811.115 | B19: 6.18 | C19: 16.21 | D19: 21.55 | E19: 4.05 | F19: 8.22 | G19: 29.06 | H19: 234.97 | I19: 4.06 | J19: 0.05 | K19: 239.21 | L19: 25.74 | M19: 76.35 | N19: 26.5 | O19: 0 | P19: 0.23 | Q19: 9.38
A20: 45811.125 | B20: 6 | C20: 14.78 | D20: 19.09 | E20: 4.21 | F20: 8.94 | G20: 26.65 | H20: 121.24 | I20: 3.87 | J20: 0.08 | K20: 240.08 | L20: 25.57 | M20: 77.24 | N20: 26.5 | O20: 0 | P20: 0.21 | Q20: 9.4
... A104: 45812 | B104: 11.89 | C104: 24.6 | D104: 28.83 | E104: 4.71 | F104: 7.99 | G104: 52.87 | H104: 68.41 | I104: 3.98 | J104: 0.33 | K104: 302.17 | L104: 27.67 | M104: 59.16 | N104: 26.2 | O104: 0 | P104: 0.41 | Q104: 9.42
A106: Min | B106: =MIN(B9:B104) -> 4.43 | C106: =MIN(C9:C104) -> 14.59 | D106: =MIN(D9:D104) -> 18.01 | E106: =MIN(E9:E104) -> 3.74 | F106: =MIN(F9:F104) -> 3.91 | G106: =MIN(G9:G104) -> 20.74 | H106: =MIN(H9:H104) -> 0 | I106: =MIN(I9:I104) -> 3.7 | ... Q106: =MIN(Q9:Q104) -> 9.18
A107: Max | B107: =MAX(B9:B104) -> 16.21 | C107: =MAX(C9:C104) -> 37.09 | D107: =MAX(D9:D104) -> 53.95 | E107: =MAX(E9:E104) -> 5.78 | F107: =MAX(F9:F104) -> 14.85 | G107: =MAX(G9:G104) -> 55.55 | H107: =MAX(H9:H104) -> 341.83 | I107: =MAX(I9:I104) -> 4.25 | ... Q107: =MAX(Q9:Q104) -> 9.56
A108: Avg | B108: =AVERAGE(B9:B104) -> 8.3211458 | C108: =AVERAGE(C9:C104) -> 22.232292 | D108: =AVERAGE(D9:D104) -> 29.781042 | E108: =AVERAGE(E9:E104) -> 4.7264583 | F108: =AVERAGE(F9:F104) -> 7.2596875 | G108: =AVERAGE(G9:G104) -> 38.973438 | H108: =AVERAGE(H9:H104) -> 100.20635 | I108: =AVERAGE(I9:I104) -> 3.9816667 | ... Q108: =AVERAGE(Q9:Q104) -> 9.3236458
A109: Stdev | B109: =STDEV(B9:B104) -> 3.0451262 | C109: =STDEV(C9:C104) -> 4.411445 | D109: =STDEV(D9:D104) -> 7.3861669 | E109: =STDEV(E9:E104) -> 0.53750296 | F109: =STDEV(F9:F104) -> 2.49889 | G109: =STDEV(G9:G104) -> 10.020671 | H109: =STDEV(H9:H104) -> 102.4826 | I109: =STDEV(I9:I104) -> 0.090293867 | ... Q109: =STDEV(Q9:Q104) -> 0.10235254
A110: Num | B110: =COUNT(B9:B104)+44 -> 140 | C110: =COUNT(C9:C104)+44 -> 140 | D110: =COUNT(D9:D104)+44 -> 140 | E110: =COUNT(E9:E104)+44 -> 140 | F110: =COUNT(F9:F104)+44 -> 140 | G110: =COUNT(G9:G104)+44 -> 140 | H110: =COUNT(H9:H104)+44 -> 140 | I110: =COUNT(I9:I104)+44 -> 140 | ... P110: =COUNT(P9:P104)+44 -> 140 | Q110: =COUNT(Q9:Q104)+45 -> 141
A111: DCR | B111: =IF(B110>=87,">90%",IF(B110<=87,"<90%")) -> >90% | C111: =IF(C110>=87,">90%",IF(C110<=87,"<90%")) -> >90% | D111: =IF(D110>=87,">90%",IF(D110<=87,"<90%")) -> >90% | E111: =IF(E110>=87,">90%",IF(E110<=87,"<90%")) -> >90% | F111: =IF(F110>=87,">90%",IF(F110<=87,"<90%")) -> >90% | G111: =IF(G110>=87,">90%",IF(G110<=87,"<90%")) -> >90% | H111: =IF(H110>=87,">90%",IF(H110<=87,"<90%")) -> >90% | I111: =IF(I110>=87,">90%",IF(I110<=87,"<90%")) -> >90% | ... Q111: =IF(Q110>=87,">90%",IF(Q110<=87,"<90%")) -> >90%
A112: Status | B112: =IF(B110>=87,"OK",IF(B110<=87,"LESS")) -> OK | C112: =IF(C110>=87,"OK",IF(C110<=87,"LESS")) -> OK | D112: =IF(D110>=87,"OK",IF(D110<=87,"LESS")) -> OK | E112: =IF(E110>=87,"OK",IF(E110<=87,"LESS")) -> OK | F112: =IF(F110>=87,"OK",IF(F110<=87,"LESS")) -> OK | G112: =IF(G110>=87,"OK",IF(G110<=87,"LESS")) -> OK | H112: =IF(H110>=87,"OK",IF(H110<=87,"LESS")) -> OK | I112: =IF(I110>=87,"OK",IF(I110<=87,"LESS")) -> OK | ... Q112: =IF(Q110>=87,"OK",IF(Q110<=87,"LESS")) -> OK
A115: Done by | B115: RK
A117: Comment

Sheet 04
A1: Station: | B1: BHATAGAON RAIPUR
A2: Date: | B2: =$A$9 -> 45812.01 | D2: Power Off | G2: Pw.Off | L2: Link Fail | N2: Link F | P2: Maintenance | R2: Maint.
A3: Report Type: | B3: Mean | D3: Calibration | G3: Calib. | L3: Data Fail | N3: Data F | P3: Invalid | R3: Invalid
A4: Time Base: | B4: 15 Min | D4: Zero Referrence | G4: Z.Ref | L4: Warm Up | N4: Wm. Up
A7: Date & Time | B7: NO_BHATAGAON | C7: NO2__BHATAGAON | D7: NOX_BHATAGAON | E7: SO2__BHATAGAON | F7: O3__BHATAGAON | G7: PM10__BHATAGAON | H7: PM2_5__BHATAGAON | I7: BENZ__BHATAGAON | J7: WS__BHATAGAON | K7: WD__BHATAGAON | L7: TEMP__BHATAGAON | M7: HUM__BHATAGAON | N7: SR__BHATAGAON | O7: RG__BHATAGAON | P7: CO__BHATAGAON | Q7: NH3__BHATAGAON
B8: ug/m3 | C8: ug/m3 | D8: ppb | E8: ug/m3 | F8: ug/m3 | G8: ug/m3 | H8: ug/m3 | I8: ug/m3 | J8: m/sec | K8: deg | L8: degreC | M8: % | N8: w/m2 | O8: mm | P8: mg/m3 | Q8: ug/m3
A9: 45812.01 | B9: 11.51 | C9: 23.92 | D9: 28.12 | E9: 4.55 | F9: 6.86 | G9: 53.79 | H9: 40.15 | I9: 4.05 | J9: 0.17 | K9: 303.52 | L9: 27.7 | M9: 58.92 | N9: 26.4 | O9: 0 | P9: 0.44 | Q9: 9.42
A10: 45812.021 | B10: 10.79 | C10: 32.22 | D10: 45.11 | E10: 5.14 | F10: 7.98 | G10: 53.79 | H10: 40.15 | I10: 3.87 | J10: 0.12 | K10: 296.07 | L10: 27.68 | M10: 59.07 | N10: 26.5 | O10: 0 | P10: 0.53 | Q10: 9.45
A11: 45812.031 | B11: 9.91 | C11: 27.89 | D11: 38.17 | E11: 5.33 | F11: 7.98 | G11: 53.79 | H11: 40.15 | I11: 3.84 | J11: 0.16 | K11: 301.83 | L11: 27.71 | M11: 58.42 | N11: 26.3 | O11: 0 | P11: 0.6 | Q11: 9.46
A12: 45812.042 | B12: 8.79 | C12: 25.56 | D12: 35.44 | E12: 5.93 | F12: 8.49 | G12: 52.91 | H12: 8.5 | I12: 4.07 | J12: 0.08 | K12: 298.84 | L12: 27.75 | M12: 58.03 | N12: 26.5 | O12: 0 | P12: 0.76 | Q12: 9.48
A13: 45812.052 | B13: 7.4 | C13: 23.72 | D13: 34.04 | E13: 5.95 | F13: 11.02 | G13: 52.38 | H13: -10.72 | I13: 4.08 | J13: 0.12 | K13: 305.76 | L13: 27.49 | M13: 59.86 | N13: 26.7 | O13: 0 | P13: 0.69 | Q13: 9.48
A14: 45812.062 | B14: 6.81 | C14: 22.44 | D14: 32.5 | E14: 6.06 | F14: 11.06 | G14: 52.38 | H14: -10.72 | I14: 4.12 | J14: 0.08 | K14: 290.6 | L14: 27.22 | M14: 61.34 | N14: 26.6 | O14: 0 | P14: 0.68 | Q14: 9.48
A15: 45812.073 | B15: 6.92 | C15: 21.54 | D15: 30.6 | E15: 5.94 | F15: 9.6 | G15: 52.38 | H15: -10.72 | I15: 4.09 | J15: 0.44 | K15: 154.91 | L15: 27.28 | M15: 61.74 | N15: 26.2 | O15: 0 | P15: 0.66 | Q15: 9.49
A16: 45812.083 | B16: 8.1 | C16: 19.62 | D16: 25.11 | E16: 5.68 | F16: 10.83 | G16: 53.83 | H16: -16.94 | I16: 4.16 | J16: 0.36 | K16: 144.69 | L16: 26.83 | M16: 66.07 | N16: 26.8 | O16: 0 | P16: 0.54 | Q16: 9.49
A17: 45812.094 | B17: 9.21 | C17: 18.91 | D17: 22.05 | E17: 5.18 | F17: 6.61 | G17: 54.71 | H17: -20.72 | I17: 3.88 | J17: 0.18 | K17: 198.88 | L17: 26.47 | M17: 67.61 | N17: 26.7 | O17: 0 | P17: 0.48 | Q17: 9.49
A18: 45812.104 | B18: 9.56 | C18: 19.05 | D18: 21.8 | E18: 5.3 | F18: 8.04 | G18: 54.71 | H18: -20.72 | I18: 3.95 | J18: 0.05 | K18: 291.84 | L18: 26.22 | M18: 68.61 | N18: 26.8 | O18: 0 | P18: 0.4 | Q18: 9.46
A19: 45812.115 | B19: 10.29 | C19: 19.54 | D19: 21.61 | E19: 5.2 | F19: 6 | G19: 54.71 | H19: -20.72 | I19: 4.03 | J19: 0.19 | K19: 297.92 | L19: 26.09 | M19: 69.25 | N19: 26.4 | O19: 0 | P19: 0.45 | Q19: 9.43
A20: 45812.125 | B20: 10.09 | C20: 19.9 | D20: 22.6 | E20: 4.98 | F20: 6.4 | G20: 52.84 | H20: 24.43 | I20: 3.76 | J20: 0.14 | K20: 303.24 | L20: 25.97 | M20: 69.32 | N20: 26.5 | O20: 0 | P20: 0.45 | Q20: 9.41
... A104: 45813 | B104: 9.59 | C104: 22.02 | D104: 27.43 | E104: 5.21 | F104: 7.41 | G104: 51.51 | H104: 20.16 | I104: 4.03 | J104: 1.29 | K104: 339.38 | L104: 28.17 | M104: 58.13 | N104: 42.4 | O104: 0 | P104: 0.54 | Q104: 9.5
A106: Min | B106: =MIN(B9:B104) -> 3.75 | C106: =MIN(C9:C104) -> 18.91 | D106: =MIN(D9:D104) -> 21.61 | E106: =MIN(E9:E104) -> 4.55 | F106: =MIN(F9:F104) -> 3.63 | G106: =MIN(G9:G104) -> 40.33 | H106: =MIN(H9:H104) -> -20.72 | I106: =MIN(I9:I104) -> 3.76 | ... Q106: =MIN(Q9:Q104) -> 9.22
A107: Max | B107: =MAX(B9:B104) -> 20.34 | C107: =MAX(C9:C104) -> 37.94 | D107: =MAX(D9:D104) -> 52.7 | E107: =MAX(E9:E104) -> 8.31 | F107: =MAX(F9:F104) -> 18.88 | G107: =MAX(G9:G104) -> 56.21 | H107: =MAX(H9:H104) -> 51.84 | I107: =MAX(I9:I104) -> 4.26 | ... Q107: =MAX(Q9:Q104) -> 9.54
A108: Avg | B108: =AVERAGE(B9:B104) -> 8.7333333 | C108: =AVERAGE(C9:C104) -> 24.860729 | D108: =AVERAGE(D9:D104) -> 34.178542 | E108: =AVERAGE(E9:E104) -> 5.7188542 | F108: =AVERAGE(F9:F104) -> 8.4032292 | G108: =AVERAGE(G9:G104) -> 49.377083 | H108: =AVERAGE(H9:H104) -> 17.611354 | I108: =AVERAGE(I9:I104) -> 4.0113542 | ... Q108: =AVERAGE(Q9:Q104) -> 9.3934375
A109: Stdev | B109: =STDEV(B9:B104) -> 3.7482747 | C109: =STDEV(C9:C104) -> 4.2774668 | D109: =STDEV(D9:D104) -> 6.7533486 | E109: =STDEV(E9:E104) -> 0.61610811 | F109: =STDEV(F9:F104) -> 3.1535619 | G109: =STDEV(G9:G104) -> 4.6071192 | H109: =STDEV(H9:H104) -> 13.720796 | I109: =STDEV(I9:I104) -> 0.10149016 | ... Q109: =STDEV(Q9:Q104) -> 0.098961216
A110: Num | B110: =COUNT(B9:B104) -> 96 | C110: =COUNT(C9:C104) -> 96 | D110: =COUNT(D9:D104) -> 96 | E110: =COUNT(E9:E104) -> 96 | F110: =COUNT(F9:F104) -> 96 | G110: =COUNT(G9:G104) -> 96 | H110: =COUNT(H9:H104) -> 96 | I110: =COUNT(I9:I104) -> 96 | ... Q110: =COUNT(Q9:Q104) -> 96
A111: DCR | B111: =IF(B110>=87,">90%",IF(B110<=87,"<90%")) -> >90% | C111: =IF(C110>=87,">90%",IF(C110<=87,"<90%")) -> >90% | D111: =IF(D110>=87,">90%",IF(D110<=87,"<90%")) -> >90% | E111: =IF(E110>=87,">90%",IF(E110<=87,"<90%")) -> >90% | F111: =IF(F110>=87,">90%",IF(F110<=87,"<90%")) -> >90% | G111: =IF(G110>=87,">90%",IF(G110<=87,"<90%")) -> >90% | H111: =IF(H110>=87,">90%",IF(H110<=87,"<90%")) -> >90% | I111: =IF(I110>=87,">90%",IF(I110<=87,"<90%")) -> >90% | ... Q111: =IF(Q110>=87,">90%",IF(Q110<=87,"<90%")) -> >90%
A112: Status | B112: =IF(B110>=87,"OK",IF(B110<=87,"LESS")) -> OK | C112: =IF(C110>=87,"OK",IF(C110<=87,"LESS")) -> OK | D112: =IF(D110>=87,"OK",IF(D110<=87,"LESS")) -> OK | E112: =IF(E110>=87,"OK",IF(E110<=87,"LESS")) -> OK | F112: =IF(F110>=87,"OK",IF(F110<=87,"LESS")) -> OK | G112: =IF(G110>=87,"OK",IF(G110<=87,"LESS")) -> OK | H112: =IF(H110>=87,"OK",IF(H110<=87,"LESS")) -> OK | I112: =IF(I110>=87,"OK",IF(I110<=87,"LESS")) -> OK | ... Q112: =IF(Q110>=87,"OK",IF(Q110<=87,"LESS")) -> OK
A115: Done by | B115: RK
A117: Comment

Sheet 05
A1: Station: | B1: BHATAGAON RAIPUR
A2: Date: | B2: =$A$9 -> 45813.01 | D2: Power Off | G2: Pw.Off | L2: Link Fail | N2: Link F | P2: Maintenance | R2: Maint.
A3: Report Type: | B3: Mean | D3: Calibration | G3: Calib. | L3: Data Fail | N3: Data F | P3: Invalid | R3: Invalid
A4: Time Base: | B4: 15 Min | D4: Zero Referrence | G4: Z.Ref | L4: Warm Up | N4: Wm. Up
A7: Date & Time | B7: NO_BHATAGAON | C7: NO2__BHATAGAON | D7: NOX_BHATAGAON | E7: SO2__BHATAGAON | F7: O3__BHATAGAON | G7: PM10__BHATAGAON | H7: PM2_5__BHATAGAON | I7: BENZ__BHATAGAON | J7: WS__BHATAGAON | K7: WD__BHATAGAON | L7: TEMP__BHATAGAON | M7: HUM__BHATAGAON | N7: SR__BHATAGAON | O7: RG__BHATAGAON | P7: CO__BHATAGAON | Q7: NH3__BHATAGAON
B8: ug/m3 | C8: ug/m3 | D8: ppb | E8: ug/m3 | F8: ug/m3 | G8: ug/m3 | H8: ug/m3 | I8: ug/m3 | J8: m/sec | K8: deg | L8: degreC | M8: % | N8: w/m2 | O8: mm | P8: mg/m3 | Q8: ug/m3
A9: 45813.01 | B9: 10.77 | C9: 22.56 | D9: 26.64 | E9: 5.59 | F9: 6.25 | G9: 51.19 | H9: 17.02 | I9: 4.01 | J9: 1.26 | K9: 340.12 | L9: 28.11 | M9: 58.42 | N9: 42.7 | O9: 0 | P9: 0.56 | Q9: 9.5
A10: 45813.021 | B10: 11.07 | C10: 23.05 | D10: 27.14 | E10: 4.92 | F10: 5.15 | G10: 51.19 | H10: 17.02 | I10: 4.01 | J10: 0.93 | K10: 348.11 | L10: 27.86 | M10: 59.62 | N10: 42.8 | O10: 0 | P10: 0.58 | Q10: 9.49
A11: 45813.031 | B11: 11.55 | C11: 25.23 | D11: 30.56 | E11: 5.53 | F11: 8.51 | G11: 51.19 | H11: 17.02 | I11: 4.03 | J11: 0.61 | K11: 347.3 | L11: 27.78 | M11: 59.3 | N11: 42.8 | O11: 0 | P11: 0.51 | Q11: 9.5
A12: 45813.042 | B12: 9.79 | C12: 22.23 | D12: 27.52 | E12: 5.62 | F12: 6.78 | G12: 51.58 | H12: 17.49 | I12: 3.94 | J12: 0.18 | K12: 318.22 | L12: 27.5 | M12: 60.22 | N12: 42.9 | O12: 0 | P12: 0.53 | Q12: 9.5
A13: 45813.052 | B13: 8.46 | C13: 21.99 | D13: 29.11 | E13: 6.18 | F13: 7.88 | G13: 51.81 | H13: 17.78 | I13: 4.16 | J13: 0.04 | K13: 290.49 | L13: 27.16 | M13: 61.5 | N13: 42.9 | O13: 0 | P13: 0.43 | Q13: 9.49
A14: 45813.062 | B14: 9.8 | C14: 23.86 | D14: 30.63 | E14: 6.92 | F14: 6.34 | G14: 51.81 | H14: 17.78 | I14: 4.09 | J14: 0.17 | K14: 334.22 | L14: 26.89 | M14: 65.98 | N14: 42.8 | O14: 0 | P14: 0.49 | Q14: 9.47
A15: 45813.073 | B15: 10.73 | C15: 23.28 | D15: 28.09 | E15: 5.86 | F15: 4.99 | G15: 51.81 | H15: 17.78 | I15: 3.91 | J15: 0.12 | K15: 301.67 | L15: 26.81 | M15: 66.68 | N15: 42.5 | O15: 0 | P15: 0.49 | Q15: 9.46
A16: 45813.083 | B16: 10.7 | C16: 22.4 | D16: 26.46 | E16: 5.38 | F16: 4.54 | G16: 52.27 | H16: 14.43 | I16: 3.98 | J16: 0.15 | K16: 279.76 | L16: 27.22 | M16: 63.3 | N16: 42.4 | O16: 0 | P16: 0.48 | Q16: 9.46
A17: 45813.094 | B17: 11 | C17: 21.65 | D17: 24.56 | E17: 4.61 | F17: 4.39 | G17: 52.55 | H17: 12.4 | I17: 4.09 | J17: 0.11 | K17: 294.42 | L17: 26.92 | M17: 65.38 | N17: 42.9 | O17: 0 | P17: 0.5 | Q17: 9.43
A18: 45813.104 | B18: 10.15 | C18: 21.39 | D18: 25.36 | E18: 4.77 | F18: 4.44 | G18: 52.55 | H18: 12.4 | I18: 4.03 | J18: 0.11 | K18: 299.7 | L18: 26.83 | M18: 64.71 | N18: 42.6 | O18: 0 | P18: 0.45 | Q18: 9.42
A19: 45813.115 | B19: 9.56 | C19: 20.29 | D19: 24.15 | E19: 4.88 | F19: 5.48 | G19: 52.55 | H19: 12.4 | I19: 3.91 | J19: 0.09 | K19: 269.94 | L19: 26.8 | M19: 63.54 | N19: 42.5 | O19: 0 | P19: 0.43 | Q19: 9.4
A20: 45813.125 | B20: 7.11 | C20: 17.82 | D20: 23.18 | E20: 5.27 | F20: 10.87 | G20: 49.44 | H20: 13.13 | I20: 3.75 | J20: 0.1 | K20: 275.94 | L20: 26.67 | M20: 64.37 | N20: 42.7 | O20: 0 | P20: 0.28 | Q20: 9.39
... A104: 45814 | B104: 15.83 | C104: 34.59 | D104: 41.9 | E104: 5.41 | F104: 10.39 | G104: 75.07 | H104: 17.12 | I104: 4.04 | J104: 0.01 | K104: 323.43 | L104: 29.26 | M104: 53.61 | N104: 70.5 | O104: 0 | P104: 0.62 | Q104: 9.63
A106: Min | B106: =MIN(B9:B104) -> 4.38 | C106: =MIN(C9:C104) -> 14.42 | D106: =MIN(D9:D104) -> 18.55 | E106: =MIN(E9:E104) -> 4.35 | F106: =MIN(F9:F104) -> 3.39 | G106: =MIN(G9:G104) -> 32.99 | H106: =MIN(H9:H104) -> 0 | I106: =MIN(I9:I104) -> 3.75 | ... Q106: =MIN(Q9:Q104) -> 9.17
A107: Max | B107: =MAX(B9:B104) -> 82.68 | C107: =MAX(C9:C104) -> 127.96 | D107: =MAX(D9:D104) -> 118.01 | E107: =MAX(E9:E104) -> 13.59 | F107: =MAX(F9:F104) -> 27.67 | G107: =MAX(G9:G104) -> 75.07 | H107: =MAX(H9:H104) -> 943.87 | I107: =MAX(I9:I104) -> 4.22 | ... Q107: =MAX(Q9:Q104) -> 9.63
A108: Avg | B108: =AVERAGE(B9:B104) -> 12.381771 | C108: =AVERAGE(C9:C104) -> 30.23625 | D108: =AVERAGE(D9:D104) -> 38.867396 | E108: =AVERAGE(E9:E104) -> 6.1858333 | F108: =AVERAGE(F9:F104) -> 9.8565625 | G108: =AVERAGE(G9:G104) -> 44.724167 | H108: =AVERAGE(H9:H104) -> 56.59625 | I108: =AVERAGE(I9:I104) -> 4.0036458 | ... Q108: =AVERAGE(Q9:Q104) -> 9.3548958
A109: Stdev | B109: =STDEV(B9:B104) -> 12.897564 | C109: =STDEV(C9:C104) -> 19.746954 | D109: =STDEV(D9:D104) -> 20.33123 | E109: =STDEV(E9:E104) -> 1.4113589 | F109: =STDEV(F9:F104) -> 5.5780309 | G109: =STDEV(G9:G104) -> 9.7318469 | H109: =STDEV(H9:H104) -> 174.6752 | I109: =STDEV(I9:I104) -> 0.092156843 | ... Q109: =STDEV(Q9:Q104) -> 0.10810321
A110: Num | B110: =COUNT(B9:B104) -> 96 | C110: =COUNT(C9:C104) -> 96 | D110: =COUNT(D9:D104) -> 96 | E110: =COUNT(E9:E104) -> 96 | F110: =COUNT(F9:F104) -> 96 | G110: =COUNT(G9:G104) -> 96 | H110: =COUNT(H9:H104) -> 96 | I110: =COUNT(I9:I104) -> 96 | ... Q110: =COUNT(Q9:Q104) -> 96
A111: DCR | B111: =IF(B110>=87,">90%",IF(B110<=87,"<90%")) -> >90% | C111: =IF(C110>=87,">90%",IF(C110<=87,"<90%")) -> >90% | D111: =IF(D110>=87,">90%",IF(D110<=87,"<90%")) -> >90% | E111: =IF(E110>=87,">90%",IF(E110<=87,"<90%")) -> >90% | F111: =IF(F110>=87,">90%",IF(F110<=87,"<90%")) -> >90% | G111: =IF(G110>=87,">90%",IF(G110<=87,"<90%")) -> >90% | H111: =IF(H110>=87,">90%",IF(H110<=87,"<90%")) -> >90% | I111: =IF(I110>=87,">90%",IF(I110<=87,"<90%")) -> >90% | ... Q111: =IF(Q110>=87,">90%",IF(Q110<=87,"<90%")) -> >90%
A112: Status | B112: =IF(B110>=87,"OK",IF(B110<=87,"LESS")) -> OK | C112: =IF(C110>=87,"OK",IF(C110<=87,"LESS")) -> OK | D112: =IF(D110>=87,"OK",IF(D110<=87,"LESS")) -> OK | E112: =IF(E110>=87,"OK",IF(E110<=87,"LESS")) -> OK | F112: =IF(F110>=87,"OK",IF(F110<=87,"LESS")) -> OK | G112: =IF(G110>=87,"OK",IF(G110<=87,"LESS")) -> OK | H112: =IF(H110>=87,"OK",IF(H110<=87,"LESS")) -> OK | I112: =IF(I110>=87,"OK",IF(I110<=87,"LESS")) -> OK | ... Q112: =IF(Q110>=87,"OK",IF(Q110<=87,"LESS")) -> OK
A115: Done by | B115: RK
A117: Comment

Sheet 06
A1: Station: | B1: BHATAGAON RAIPUR
A2: Date: | B2: =$A$9 -> 45814.01 | D2: Power Off | G2: Pw.Off | L2: Link Fail | N2: Link F | P2: Maintenance | R2: Maint.
A3: Report Type: | B3: Mean | D3: Calibration | G3: Calib. | L3: Data Fail | N3: Data F | P3: Invalid | R3: Invalid
A4: Time Base: | B4: 15 Min | D4: Zero Referrence | G4: Z.Ref | L4: Warm Up | N4: Wm. Up
A7: Date & Time | B7: NO_BHATAGAON | C7: NO2__BHATAGAON | D7: NOX_BHATAGAON | E7: SO2__BHATAGAON | F7: O3__BHATAGAON | G7: PM10__BHATAGAON | H7: PM2_5__BHATAGAON | I7: BENZ__BHATAGAON | J7: WS__BHATAGAON | K7: WD__BHATAGAON | L7: TEMP__BHATAGAON | M7: HUM__BHATAGAON | N7: SR__BHATAGAON | O7: RG__BHATAGAON | P7: CO__BHATAGAON | Q7: NH3__BHATAGAON
B8: ug/m3 | C8: ug/m3 | D8: ppb | E8: ug/m3 | F8: ug/m3 | G8: ug/m3 | H8: ug/m3 | I8: ug/m3 | J8: m/sec | K8: deg | L8: degreC | M8: % | N8: w/m2 | O8: mm | P8: mg/m3 | Q8: ug/m3
A9: 45814.01 | B9: 14.2 | C9: 30.73 | D9: 37.03 | E9: 6.13 | F9: 11.55 | G9: 77.31 | H9: 16.85 | I9: 3.9 | J9: 0.01 | K9: 239.98 | L9: 29.06 | M9: 54.94 | N9: 71.6 | O9: 0 | P9: 0.63 | Q9: 9.61
A10: 45814.021 | B10: 15.14 | C10: 30.14 | D10: 34.45 | E10: 6.25 | F10: 11.64 | G10: 77.31 | H10: 16.85 | I10: 4.09 | J10: 0.06 | K10: 302.39 | L10: 28.82 | M10: 58.84 | N10: 78.4 | O10: 0 | P10: 0.68 | Q10: 9.62
A11: 45814.031 | B11: 17.19 | C11: 31.78 | D11: 34.44 | E11: 5.99 | F11: 10.59 | G11: 77.31 | H11: 16.85 | I11: 4.13 | J11: 0.08 | K11: 301.85 | L11: 28.53 | M11: 61.03 | N11: 79.4 | O11: 0 | P11: 0.7 | Q11: 9.6
A12: 45814.042 | B12: 9.2 | C12: 23.52 | D12: 30.89 | E12: 6.06 | F12: 17.06 | G12: 72.14 | H12: 19.74 | I12: 3.86 | J12: 0.05 | K12: 287.72 | L12: 28.34 | M12: 61.64 | N12: 74.4 | O12: 0 | P12: 0.57 | Q12: 9.61
A13: 45814.052 | B13: 9.5 | C13: 24.26 | D13: 31.86 | E13: 5.98 | F13: 15.7 | G13: 68.99 | H13: 21.5 | I13: 4.04 | J13: 0.1 | K13: 337.78 | L13: 28.19 | M13: 63.12 | N13: 80.3 | O13: 0 | P13: 0.44 | Q13: 9.64
A14: 45814.062 | B14: 9.97 | C14: 23.37 | D14: 29.44 | E14: 5.87 | F14: 15.63 | G14: 68.99 | H14: 21.5 | I14: 3.97 | J14: 0.03 | K14: 290.68 | L14: 27.89 | M14: 64.9 | N14: 76.2 | O14: 0 | P14: 0.47 | Q14: 9.63
A15: 45814.073 | B15: 10.59 | C15: 24.48 | D15: 30.62 | E15: 5.73 | F15: 13.97 | G15: 68.99 | H15: 21.5 | I15: 4.02 | J15: 0.08 | K15: 59.68 | L15: 27.83 | M15: 66.1 | N15: 75.2 | O15: 0 | P15: 0.49 | Q15: 9.61
A16: 45814.083 | B16: 9.35 | C16: 25.02 | D16: 33.55 | E16: 6.07 | F16: 13.52 | G16: 64.92 | H16: 8.12 | I16: 4.06 | J16: 0.09 | K16: 126.94 | L16: 27.62 | M16: 67.14 | N16: 74.8 | O16: 0 | P16: 0.47 | Q16: 9.63
A17: 45814.094 | B17: 11.32 | C17: 34.22 | D17: 48.12 | E17: 5.91 | F17: 10.54 | G17: 62.44 | H17: 0 | I17: 4.07 | J17: 0.05 | K17: 313.84 | L17: 27.62 | M17: 65.7 | N17: 74.9 | O17: 0 | P17: 0.44 | Q17: 9.62
A18: 45814.104 | B18: 11.35 | C18: 30.49 | D18: 40.95 | E18: 5.74 | F18: 8.49 | G18: 62.44 | H18: 0 | I18: 4.06 | J18: 0.13 | K18: 330.25 | L18: 27.3 | M18: 72.81 | N18: 75.2 | O18: 0 | P18: 0.5 | Q18: 9.63
A19: 45814.115 | B19: 11.66 | C19: 33.16 | D19: 45.58 | E19: 5.33 | F19: 6.66 | G19: 62.44 | H19: 0 | I19: 4.04 | J19: 0.13 | K19: 292.51 | L19: 27.15 | M19: 70.45 | N19: 74.7 | O19: 0 | P19: 0.5 | Q19: 9.64
A20: 45814.125 | B20: 14.15 | C20: 32.57 | D20: 40.61 | E20: 5.75 | F20: 6.13 | G20: 62.34 | H20: 62.68 | I20: 3.89 | J20: 0.08 | K20: 318.22 | L20: 26.89 | M20: 75.51 | N20: 74.9 | O20: 0 | P20: 0.56 | Q20: 9.61
... A104: 45815 | B104: 6.18 | C104: 20.53 | D104: 29.8 | E104: 5.7 | F104: 16.19 | G104: 46.09 | H104: 202.65 | I104: 4.05 | J104: 0.53 | K104: 155.16 | L104: 28.52 | M104: 52.32 | N104: 80.8 | O104: 0 | P104: 0.26 | Q104: 9.39
A106: Min | B106: =MIN(B9:B104) -> 3.4 | C106: =MIN(C9:C104) -> 18.17 | D106: =MIN(D9:D104) -> 28.18 | E106: =MIN(E9:E104) -> 4.96 | F106: =MIN(F9:F104) -> 4.5 | G106: =MIN(G9:G104) -> 0 | H106: =MIN(H9:H104) -> -12.42 | I106: =MIN(I9:I104) -> 3.75 | ... Q106: =MIN(Q9:Q104) -> 9.2
A107: Max | B107: =MAX(B9:B104) -> 33.34 | C107: =MAX(C9:C104) -> 84.55 | D107: =MAX(D9:D104) -> 123.58 | E107: =MAX(E9:E104) -> 15.5 | F107: =MAX(F9:F104) -> 36.44 | G107: =MAX(G9:G104) -> 91.7 | H107: =MAX(H9:H104) -> 562.22 | I107: =MAX(I9:I104) -> 4.26 | ... Q107: =MAX(Q9:Q104) -> 9.64
A108: Avg | B108: =AVERAGE(B9:B104) -> 10.103646 | C108: =AVERAGE(C9:C104) -> 30.102083 | D108: =AVERAGE(D9:D104) -> 42.109271 | E108: =AVERAGE(E9:E104) -> 7.1822917 | F108: =AVERAGE(F9:F104) -> 14.038333 | G108: =AVERAGE(G9:G104) -> 65.960625 | H108: =AVERAGE(H9:H104) -> 51.752917 | I108: =AVERAGE(I9:I104) -> 3.9975 | ... Q108: =AVERAGE(Q9:Q104) -> 9.4304167
A109: Stdev | B109: =STDEV(B9:B104) -> 6.7165306 | C109: =STDEV(C9:C104) -> 10.062633 | D109: =STDEV(D9:D104) -> 13.229014 | E109: =STDEV(E9:E104) -> 2.2236681 | F109: =STDEV(F9:F104) -> 6.8095553 | G109: =STDEV(G9:G104) -> 17.66 | H109: =STDEV(H9:H104) -> 106.2184 | I109: =STDEV(I9:I104) -> 0.096605546 | ... Q109: =STDEV(Q9:Q104) -> 0.14874858
A110: Num | B110: =COUNT(B9:B104)+1 -> 97 | C110: =COUNT(C9:C104)+1 -> 97 | D110: =COUNT(D9:D104)+1 -> 97 | E110: =COUNT(E9:E104) -> 96 | F110: =COUNT(F9:F104) -> 96 | G110: =COUNT(G9:G104) -> 96 | H110: =COUNT(H9:H104)+4 -> 100 | I110: =COUNT(I9:I104)+1 -> 97 | J110: =COUNT(J9:J104) -> 96 | K110: =COUNT(K9:K104) -> 96 | L110: =COUNT(L9:L104) -> 96 | M110: =COUNT(M9:M104) -> 96 | N110: =COUNT(N9:N104) -> 96 | O110: =COUNT(O9:O104) -> 96 | P110: =COUNT(P9:P104) -> 96 | Q110: =COUNT(Q9:Q104) -> 96
A111: DCR | B111: =IF(B110>=87,">90%",IF(B110<=87,"<90%")) -> >90% | C111: =IF(C110>=87,">90%",IF(C110<=87,"<90%")) -> >90% | D111: =IF(D110>=87,">90%",IF(D110<=87,"<90%")) -> >90% | E111: =IF(E110>=87,">90%",IF(E110<=87,"<90%")) -> >90% | F111: =IF(F110>=87,">90%",IF(F110<=87,"<90%")) -> >90% | G111: =IF(G110>=87,">90%",IF(G110<=87,"<90%")) -> >90% | H111: =IF(H110>=87,">90%",IF(H110<=87,"<90%")) -> >90% | I111: =IF(I110>=87,">90%",IF(I110<=87,"<90%")) -> >90% | ... Q111: =IF(Q110>=87,">90%",IF(Q110<=87,"<90%")) -> >90%
A112: Status | B112: =IF(B110>=87,"OK",IF(B110<=87,"LESS")) -> OK | C112: =IF(C110>=87,"OK",IF(C110<=87,"LESS")) -> OK | D112: =IF(D110>=87,"OK",IF(D110<=87,"LESS")) -> OK | E112: =IF(E110>=87,"OK",IF(E110<=87,"LESS")) -> OK | F112: =IF(F110>=87,"OK",IF(F110<=87,"LESS")) -> OK | G112: =IF(G110>=87,"OK",IF(G110<=87,"LESS")) -> OK | H112: =IF(H110>=87,"OK",IF(H110<=87,"LESS")) -> OK | I112: =IF(I110>=87,"OK",IF(I110<=87,"LESS")) -> OK | ... Q112: =IF(Q110>=87,"OK",IF(Q110<=87,"LESS")) -> OK
A115: Done by | B115: RK
A117: Comment

Sheet 07
A1: Station: | B1: BHATAGAON RAIPUR
A2: Date: | B2: =$A$9 -> 45815.01 | D2: Power Off | G2: Pw.Off | L2: Link Fail | N2: Link F | P2: Maintenance | R2: Maint.
A3: Report Type: | B3: Mean | D3: Calibration | G3: Calib. | L3: Data Fail | N3: Data F | P3: Invalid | R3: Invalid
A4: Time Base: | B4: 15 Min | D4: Zero Referrence | G4: Z.Ref | L4: Warm Up | N4: Wm. Up
A7: Date & Time | B7: NO_BHATAGAON | C7: NO2__BHATAGAON | D7: NOX_BHATAGAON | E7: SO2__BHATAGAON | F7: O3__BHATAGAON | G7: PM10__BHATAGAON | H7: PM2_5__BHATAGAON | I7: BENZ__BHATAGAON | J7: WS__BHATAGAON | K7: WD__BHATAGAON | L7: TEMP__BHATAGAON | M7: HUM__BHATAGAON | N7: SR__BHATAGAON | O7: RG__BHATAGAON | P7: CO__BHATAGAON | Q7: NH3__BHATAGAON
B8: ug/m3 | C8: ug/m3 | D8: ppb | E8: ug/m3 | F8: ug/m3 | G8: ug/m3 | H8: ug/m3 | I8: ug/m3 | J8: m/sec | K8: deg | L8: degreC | M8: % | N8: w/m2 | O8: mm | P8: mg/m3 | Q8: ug/m3
A9: 45815.01 | B9: 5.6 | C9: 19.76 | D9: 29.23 | E9: 6.43 | F9: 15.83 | G9: 41.37 | H9: 424.16 | I9: 4.07 | J9: 0.47 | K9: 144.47 | L9: 28.44 | M9: 53.57 | N9: 80.9 | O9: 0 | P9: 0.27 | Q9: 9.4
A10: 45815.021 | B10: 6.11 | C10: 18.42 | D10: 25.88 | E10: 6.64 | F10: 13.12 | G10: 41.37 | H10: 424.16 | I10: 4.2 | J10: 0.52 | K10: 152.43 | L10: 28.3 | M10: 55.21 | N10: 81.2 | O10: 0 | P10: 0.27 | Q10: 9.4
A11: 45815.031 | B11: 5.67 | C11: 17.88 | D11: 25.52 | E11: 6.62 | F11: 14.42 | G11: 41.37 | H11: 424.16 | I11: 4.12 | J11: 0.38 | K11: 152.43 | L11: 28.18 | M11: 55.35 | N11: 81.4 | O11: 0 | P11: 0.26 | Q11: 9.4
A12: 45815.042 | B12: 6.04 | C12: 18.15 | D12: 25.46 | E12: 6.08 | F12: 11.08 | G12: 41.68 | H12: 221.5 | I12: 3.89 | J12: 0.2 | K12: 141.53 | L12: 27.99 | M12: 56.53 | N12: 81.6 | O12: 0 | P12: 0.29 | Q12: 9.38
A13: 45815.052 | B13: 6.15 | C13: 18.19 | D13: 25.38 | E13: 6.53 | F13: 9.12 | G13: 42 | H13: 0 | I13: 4.07 | J13: 0.09 | K13: 229.68 | L13: 27.8 | M13: 56.76 | N13: 81.7 | O13: 0 | P13: 0.32 | Q13: 9.34
A14: 45815.062 | B14: 6.5 | C14: 18.27 | D14: 24.99 | E14: 6.17 | F14: 7.8 | G14: 42 | H14: 0 | I14: 3.93 | J14: 0.04 | K14: 274.78 | L14: 27.59 | M14: 56.57 | N14: 82 | O14: 0 | P14: 0.35 | Q14: 9.31
A15: 45815.073 | B15: 6.45 | C15: 18.12 | D15: 24.78 | E15: 6.06 | F15: 8.14 | G15: 42 | H15: 0 | I15: 3.83 | J15: 0.11 | K15: 181.35 | L15: 27.31 | M15: 59.18 | N15: 82.1 | O15: 0 | P15: 0.35 | Q15: 9.3
A16: 45815.083 | B16: 6.16 | C16: 17.52 | D16: 24.07 | E16: 6.09 | F16: 10.58 | G16: 40.66 | H16: 0 | I16: 4.05 | J16: 0.19 | K16: 179.85 | L16: 27.08 | M16: 62.82 | N16: 82.5 | O16: 0 | P16: 0.34 | Q16: 9.3
A17: 45815.094 | B17: 6.17 | C17: 18.01 | D17: 25.01 | E17: 5.68 | F17: 9.42 | G17: 39.13 | H17: 0 | I17: 4.06 | J17: 0.18 | K17: 169.49 | L17: 26.98 | M17: 64.64 | N17: 82.4 | O17: 0 | P17: 0.34 | Q17: 9.3
A18: 45815.104 | B18: 6.46 | C18: 18.11 | D18: 24.74 | E18: 6.1 | F18: 7.28 | G18: 39.13 | H18: 0 | I18: 3.9 | J18: 0.31 | K18: 159.75 | L18: 26.87 | M18: 65.7 | N18: 83.2 | O18: 0 | P18: 0.35 | Q18: 9.3
A19: 45815.115 | B19: 6.54 | C19: 17.85 | D19: 24.13 | E19: 5.61 | F19: 7.3 | G19: 39.13 | H19: 0 | I19: 3.87 | J19: 0.24 | K19: 164.43 | L19: 26.67 | M19: 66.68 | N19: 83.8 | O19: 0 | P19: 0.36 | Q19: 9.29
A20: 45815.125 | B20: 6.4 | C20: 17.49 | D20: 23.66 | E20: 5.98 | F20: 7.99 | G20: 38.16 | H20: 915.08 | I20: 4.15 | J20: 0.12 | K20: 225.35 | L20: 26.56 | M20: 66.86 | N20: 84.3 | O20: 0 | P20: 0.35 | Q20: 9.28
... A104: 45816 | B104: 14.49 | C104: 28.36 | D104: 32.04 | E104: 3.88 | F104: 5.94 | G104: 69.11 | H104: 15.59 | I104: 4.06 | J104: 0.98 | K104: 152.32 | L104: 30.35 | M104: 40.24 | N104: 96.6 | O104: 0 | P104: 0.79 | Q104: 9.58
A106: Min | B106: =MIN(B9:B104) -> 4.14 | C106: =MIN(C9:C104) -> 16.68 | D106: =MIN(D9:D104) -> 23.66 | E106: =MIN(E9:E104) -> 3.88 | F106: =MIN(F9:F104) -> 4.63 | G106: =MIN(G9:G104) -> 37.06 | H106: =MIN(H9:H104) -> 0 | I106: =MIN(I9:I104) -> 3.8 | ... Q106: =MIN(Q9:Q104) -> 9.22
A107: Max | B107: =MAX(B9:B104) -> 27.38 | C107: =MAX(C9:C104) -> 56.85 | D107: =MAX(D9:D104) -> 67.79 | E107: =MAX(E9:E104) -> 15.01 | F107: =MAX(F9:F104) -> 26.65 | G107: =MAX(G9:G104) -> 70.86 | H107: =MAX(H9:H104) -> 1960.88 | I107: =MAX(I9:I104) -> 4.21 | ... Q107: =MAX(Q9:Q104) -> 9.59
A108: Avg | B108: =AVERAGE(B9:B104) -> 8.9882292 | C108: =AVERAGE(C9:C104) -> 26.751042 | D108: =AVERAGE(D9:D104) -> 37.409167 | E108: =AVERAGE(E9:E104) -> 7.0615625 | F108: =AVERAGE(F9:F104) -> 11.410312 | G108: =AVERAGE(G9:G104) -> 51.655104 | H108: =AVERAGE(H9:H104) -> 176.51594 | I108: =AVERAGE(I9:I104) -> 4.00875 | ... Q108: =AVERAGE(Q9:Q104) -> 9.3691667
A109: Stdev | B109: =STDEV(B9:B104) -> 5.3335046 | C109: =STDEV(C9:C104) -> 10.042848 | D109: =STDEV(D9:D104) -> 12.637962 | E109: =STDEV(E9:E104) -> 1.9926393 | F109: =STDEV(F9:F104) -> 4.8695309 | G109: =STDEV(G9:G104) -> 10.197698 | H109: =STDEV(H9:H104) -> 408.43306 | I109: =STDEV(I9:I104) -> 0.092704965 | ... Q109: =STDEV(Q9:Q104) -> 0.10619413
A110: Num | B110: =COUNT(B9:B104) -> 96 | C110: =COUNT(C9:C104) -> 96 | D110: =COUNT(D9:D104) -> 96 | E110: =COUNT(E9:E104) -> 96 | F110: =COUNT(F9:F104)+1 -> 97 | G110: =COUNT(G9:G104) -> 96 | H110: =COUNT(H9:H104) -> 96 | I110: =COUNT(I9:I104)+7+25 -> 128 | J110: =COUNT(J9:J104) -> 96 | K110: =COUNT(K9:K104) -> 96 | L110: =COUNT(L9:L104) -> 96 | M110: =COUNT(M9:M104) -> 96 | N110: =COUNT(N9:N104) -> 96 | O110: =COUNT(O9:O104) -> 96 | P110: =COUNT(P9:P104) -> 96 | Q110: =COUNT(Q9:Q104) -> 96
A111: DCR | B111: =IF(B110>=87,">90%",IF(B110<=87,"<90%")) -> >90% | C111: =IF(C110>=87,">90%",IF(C110<=87,"<90%")) -> >90% | D111: =IF(D110>=87,">90%",IF(D110<=87,"<90%")) -> >90% | E111: =IF(E110>=87,">90%",IF(E110<=87,"<90%")) -> >90% | F111: =IF(F110>=87,">90%",IF(F110<=87,"<90%")) -> >90% | G111: =IF(G110>=87,">90%",IF(G110<=87,"<90%")) -> >90% | H111: =IF(H110>=87,">90%",IF(H110<=87,"<90%")) -> >90% | I111: =IF(I110>=87,">90%",IF(I110<=87,"<90%")) -> >90% | ... Q111: =IF(Q110>=87,">90%",IF(Q110<=87,"<90%")) -> >90%
A112: Status | B112: =IF(B110>=87,"OK",IF(B110<=87,"LESS")) -> OK | C112: =IF(C110>=87,"OK",IF(C110<=87,"LESS")) -> OK | D112: =IF(D110>=87,"OK",IF(D110<=87,"LESS")) -> OK | E112: =IF(E110>=87,"OK",IF(E110<=87,"LESS")) -> OK | F112: =IF(F110>=87,"OK",IF(F110<=87,"LESS")) -> OK | G112: =IF(G110>=87,"OK",IF(G110<=87,"LESS")) -> OK | H112: =IF(H110>=87,"OK",IF(H110<=87,"LESS")) -> OK | I112: =IF(I110>=87,"OK",IF(I110<=87,"LESS")) -> OK | ... Q112: =IF(Q110>=87,"OK",IF(Q110<=87,"LESS")) -> OK
A115: Done by | B115: RK
A117: Comment

Sheet 08
A1: Station: | B1: BHATAGAON RAIPUR
A2: Date: | B2: =$A$9 -> 45816.01 | D2: Power Off | G2: Pw.Off | L2: Link Fail | N2: Link F | P2: Maintenance | R2: Maint.
A3: Report Type: | B3: Mean | D3: Calibration | G3: Calib. | L3: Data Fail | N3: Data F | P3: Invalid | R3: Invalid
A4: Time Base: | B4: 15 Min | D4: Zero Referrence | G4: Z.Ref | L4: Warm Up | N4: Wm. Up
A7: Date & Time | B7: NO_BHATAGAON | C7: NO2__BHATAGAON | D7: NOX_BHATAGAON | E7: SO2__BHATAGAON | F7: O3__BHATAGAON | G7: PM10__BHATAGAON | H7: PM2_5__BHATAGAON | I7: BENZ__BHATAGAON | J7: WS__BHATAGAON | K7: WD__BHATAGAON | L7: TEMP__BHATAGAON | M7: HUM__BHATAGAON | N7: SR__BHATAGAON | O7: RG__BHATAGAON | P7: CO__BHATAGAON | Q7: NH3__BHATAGAON
B8: ug/m3 | C8: ug/m3 | D8: ppb | E8: ug/m3 | F8: ug/m3 | G8: ug/m3 | H8: ug/m3 | I8: ug/m3 | J8: m/sec | K8: deg | L8: degreC | M8: % | N8: w/m2 | O8: mm | P8: mg/m3 | Q8: ug/m3
A9: 45816.01 | B9: 10.25 | C9: 24.14 | D9: 30.47 | E9: 4.49 | F9: 10.34 | G9: 67.2 | H9: 14.32 | I9: 3.85 | J9: 0.6 | K9: 139.47 | L9: 30.16 | M9: 42.51 | N9: 96.8 | O9: 0 | P9: 0.59 | Q9: 9.57
A10: 45816.021 | B10: 11.11 | C10: 24.34 | D10: 29.53 | E10: 4.38 | F10: 8.92 | G10: 67.2 | H10: 14.32 | I10: 3.94 | J10: 0.68 | K10: 132.7 | L10: 29.84 | M10: 44.6 | N10: 96.9 | O10: 0 | P10: 0.64 | Q10: 9.56
A11: 45816.031 | B11: 9.42 | C11: 23.13 | D11: 29.8 | E11: 4.89 | F11: 13.62 | G11: 67.2 | H11: 14.32 | I11: 3.94 | J11: 0.13 | K11: 177.91 | L11: 29.52 | M11: 47.38 | N11: 97.9 | O11: 0 | P11: 0.48 | Q11: 9.55
A12: 45816.042 | B12: 8.02 | C12: 21.38 | D12: 28.61 | E12: 4.88 | F12: 12.64 | G12: 63.31 | H12: 19.75 | I12: 3.89 | J12: 0.09 | K12: 224.64 | L12: 29.25 | M12: 49.48 | N12: 99.7 | O12: 0 | P12: 0.48 | Q12: 9.58
A13: 45816.052 | B13: 8.11 | C13: 22.39 | D13: 30.4 | E13: 4.7 | F13: 13.24 | G13: 59.05 | H13: 25.69 | I13: 4.07 | J13: 0.03 | K13: 247.55 | L13: 28.96 | M13: 51.94 | N13: 99.4 | O13: 0 | P13: 0.43 | Q13: 9.56
A14: 45816.062 | B14: 7.3 | C14: 20.77 | D14: 28.55 | E14: 5 | F14: 13.41 | G14: 59.05 | H14: 25.69 | I14: 4.03 | J14: 0.06 | K14: 188.31 | L14: 28.69 | M14: 53.92 | N14: 99 | O14: 0 | P14: 0.44 | Q14: 9.55
A15: 45816.073 | B15: 5.97 | C15: 18.64 | D15: 26.51 | E15: 5.07 | F15: 17.02 | G15: 59.05 | H15: 25.69 | I15: 3.69 | J15: 0.11 | K15: 134.35 | L15: 28.48 | M15: 55.39 | N15: 99 | O15: 0 | P15: 0.39 | Q15: 9.54
A16: 45816.083 | B16: 5.77 | C16: 18.91 | D16: 27.34 | E16: 5.1 | F16: 17.53 | G16: 56.08 | H16: 19.89 | I16: 4.1 | J16: 0.04 | K16: 195.23 | L16: 28.38 | M16: 56.42 | N16: 98.7 | O16: 0 | P16: 0.38 | Q16: 9.52
A17: 45816.094 | B17: 5.8 | C17: 18.29 | D17: 26.09 | E17: 5.27 | F17: 16.83 | G17: 52.68 | H17: 13.26 | I17: 4.11 | J17: 0.04 | K17: 284.4 | L17: 28.33 | M17: 56.89 | N17: 98.5 | O17: 0 | P17: 0.38 | Q17: 9.51
A18: 45816.104 | B18: 6.41 | C18: 18.73 | D18: 26.01 | E18: 5.37 | F18: 16.11 | G18: 52.68 | H18: 13.26 | I18: 4.04 | J18: 0.06 | K18: 296.9 | L18: 28.41 | M18: 56.9 | N18: 98.3 | O18: 0 | P18: 0.42 | Q18: 9.49
A19: 45816.115 | B19: 6.01 | C19: 17.79 | D19: 24.83 | E19: 5 | F19: 17.59 | G19: 52.68 | H19: 13.26 | I19: 3.92 | J19: 0.08 | K19: 287.91 | L19: 28.34 | M19: 57.48 | N19: 99 | O19: 0 | P19: 0.39 | Q19: 9.49
A20: 45816.125 | B20: 5.57 | C20: 16.55 | D20: 23.14 | E20: 5.44 | F20: 17.26 | G20: 51.1 | H20: 14.91 | I20: 3.92 | J20: 0.08 | K20: 281.11 | L20: 28.21 | M20: 57.88 | N20: 98.5 | O20: 0 | P20: 0.39 | Q20: 9.48
... A104: 45817 | B104: 4.69 | C104: 19.88 | D104: 30.84 | E104: 5.17 | F104: 16.91 | G104: 45.24 | H104: 10.94 | I104: 4.08 | J104: 0.75 | K104: 143.61 | L104: 28.82 | M104: 57.49 | N104: 120.1 | O104: 0 | P104: 0.34 | Q104: 9.33
A106: Min | B106: =MIN(B9:B104) -> 4.12 | C106: =MIN(C9:C104) -> 16.05 | D106: =MIN(D9:D104) -> 22.69 | E106: =MIN(E9:E104) -> 3.97 | F106: =MIN(F9:F104) -> 5.3 | G106: =MIN(G9:G104) -> 45.24 | H106: =MIN(H9:H104) -> -29.72 | I106: =MIN(I9:I104) -> 3.69 | ... Q106: =MIN(Q9:Q104) -> 9.23
A107: Max | B107: =MAX(B9:B104) -> 14.33 | C107: =MAX(C9:C104) -> 42.78 | D107: =MAX(D9:D104) -> 63.15 | E107: =MAX(E9:E104) -> 11.4 | F107: =MAX(F9:F104) -> 22.68 | G107: =MAX(G9:G104) -> 67.2 | H107: =MAX(H9:H104) -> 78.84 | I107: =MAX(I9:I104) -> 4.27 | ... Q107: =MAX(Q9:Q104) -> 9.58
A108: Avg | B108: =AVERAGE(B9:B104) -> 6.8186458 | C108: =AVERAGE(C9:C104) -> 23.739688 | D108: =AVERAGE(D9:D104) -> 34.972187 | E108: =AVERAGE(E9:E104) -> 5.6360417 | F108: =AVERAGE(F9:F104) -> 12.996354 | G108: =AVERAGE(G9:G104) -> 53.331042 | H108: =AVERAGE(H9:H104) -> 16.526146 | I108: =AVERAGE(I9:I104) -> 3.9917708 | ... Q108: =AVERAGE(Q9:Q104) -> 9.3778125
A109: Stdev | B109: =STDEV(B9:B104) -> 2.0729494 | C109: =STDEV(C9:C104) -> 4.4205488 | D109: =STDEV(D9:D104) -> 6.7785052 | E109: =STDEV(E9:E104) -> 1.1274998 | F109: =STDEV(F9:F104) -> 4.6039965 | G109: =STDEV(G9:G104) -> 5.649107 | H109: =STDEV(H9:H104) -> 18.523048 | I109: =STDEV(I9:I104) -> 0.10359836 | ... Q109: =STDEV(Q9:Q104) -> 0.094012352
A110: Num | B110: =COUNT(B9:B104) -> 96 | C110: =COUNT(C9:C104) -> 96 | D110: =COUNT(D9:D104) -> 96 | E110: =COUNT(E9:E104) -> 96 | F110: =COUNT(F9:F104) -> 96 | G110: =COUNT(G9:G104) -> 96 | H110: =COUNT(H9:H104) -> 96 | I110: =COUNT(I9:I104) -> 96 | ... Q110: =COUNT(Q9:Q104) -> 96
A111: DCR | B111: =IF(B110>=87,">90%",IF(B110<=87,"<90%")) -> >90% | C111: =IF(C110>=87,">90%",IF(C110<=87,"<90%")) -> >90% | D111: =IF(D110>=87,">90%",IF(D110<=87,"<90%")) -> >90% | E111: =IF(E110>=87,">90%",IF(E110<=87,"<90%")) -> >90% | F111: =IF(F110>=87,">90%",IF(F110<=87,"<90%")) -> >90% | G111: =IF(G110>=87,">90%",IF(G110<=87,"<90%")) -> >90% | H111: =IF(H110>=87,">90%",IF(H110<=87,"<90%")) -> >90% | I111: =IF(I110>=87,">90%",IF(I110<=87,"<90%")) -> >90% | ... Q111: =IF(Q110>=87,">90%",IF(Q110<=87,"<90%")) -> >90%
A112: Status | B112: =IF(B110>=87,"OK",IF(B110<=87,"LESS")) -> OK | C112: =IF(C110>=87,"OK",IF(C110<=87,"LESS")) -> OK | D112: =IF(D110>=87,"OK",IF(D110<=87,"LESS")) -> OK | E112: =IF(E110>=87,"OK",IF(E110<=87,"LESS")) -> OK | F112: =IF(F110>=87,"OK",IF(F110<=87,"LESS")) -> OK | G112: =IF(G110>=87,"OK",IF(G110<=87,"LESS")) -> OK | H112: =IF(H110>=87,"OK",IF(H110<=87,"LESS")) -> OK | I112: =IF(I110>=87,"OK",IF(I110<=87,"LESS")) -> OK | ... Q112: =IF(Q110>=87,"OK",IF(Q110<=87,"LESS")) -> OK
A115: Done by | B115: RK
A117: Comment

Sheet 09
A1: Station: | B1: BHATAGAON RAIPUR
A2: Date: | B2: =$A$9 -> 45817.01 | D2: Power Off | G2: Pw.Off | L2: Link Fail | N2: Link F | P2: Maintenance | R2: Maint.
A3: Report Type: | B3: Mean | D3: Calibration | G3: Calib. | L3: Data Fail | N3: Data F | P3: Invalid | R3: Invalid
A4: Time Base: | B4: 15 Min | D4: Zero Referrence | G4: Z.Ref | L4: Warm Up | N4: Wm. Up
A7: Date & Time | B7: NO_BHATAGAON | C7: NO2__BHATAGAON | D7: NOX_BHATAGAON | E7: SO2__BHATAGAON | F7: O3__BHATAGAON | G7: PM10__BHATAGAON | H7: PM2_5__BHATAGAON | I7: BENZ__BHATAGAON | J7: WS__BHATAGAON | K7: WD__BHATAGAON | L7: TEMP__BHATAGAON | M7: HUM__BHATAGAON | N7: SR__BHATAGAON | O7: RG__BHATAGAON | P7: CO__BHATAGAON | Q7: NH3__BHATAGAON
B8: ug/m3 | C8: ug/m3 | D8: ppb | E8: ug/m3 | F8: ug/m3 | G8: ug/m3 | H8: ug/m3 | I8: ug/m3 | J8: m/sec | K8: deg | L8: degreC | M8: % | N8: w/m2 | O8: mm | P8: mg/m3 | Q8: ug/m3
A9: 45817.01 | B9: 4.42 | C9: 16.68 | D9: 25.14 | E9: 5.04 | F9: 21.5 | G9: 42.14 | H9: 6.53 | I9: 3.97 | J9: 0.24 | K9: 134.6 | L9: 28.52 | M9: 59.02 | N9: 129.2 | O9: 0 | P9: 0.25 | Q9: 9.32
A10: 45817.021 | B10: 4.36 | C10: 16.58 | D10: 25.04 | E10: 5.4 | F10: 19.15 | G10: 42.14 | H10: 6.53 | I10: 3.99 | J10: 0.06 | K10: 337.21 | L10: 28.59 | M10: 58.75 | N10: 127.2 | O10: 0 | P10: 0.27 | Q10: 9.33
A11: 45817.031 | B11: 4.38 | C11: 17.83 | D11: 27.4 | E11: 5.7 | F11: 18.44 | G11: 42.14 | H11: 6.53 | I11: 3.95 | J11: 0.22 | K11: 135.35 | L11: 28.62 | M11: 57.66 | N11: 120.4 | O11: 0 | P11: 0.25 | Q11: 9.34
A12: 45817.042 | B12: 4.27 | C12: 15.86 | D12: 23.8 | E12: 5.7 | F12: 21.39 | G12: 40.01 | H12: -4.18 | I12: 4.03 | J12: 0.09 | K12: 219.98 | L12: 28.66 | M12: 56.51 | N12: 115.3 | O12: 0 | P12: 0.24 | Q12: 9.34
A13: 45817.052 | B13: 4.76 | C13: 15.71 | D13: 22.75 | E13: 5.58 | F13: 18.27 | G13: 37.69 | H13: -15.89 | I13: 3.99 | J13: 0.52 | K13: 148.91 | L13: 28.66 | M13: 56.24 | N13: 114.4 | O13: 0 | P13: 0.28 | Q13: 9.34
A14: 45817.062 | B14: 4.84 | C14: 15.05 | D14: 21.38 | E14: 5.49 | F14: 14.84 | G14: 37.69 | H14: -15.89 | I14: 4.06 | J14: 0.12 | K14: 201.23 | L14: 28.43 | M14: 56.44 | N14: 96.8 | O14: 0 | P14: 0.3 | Q14: 9.34
A15: 45817.073 | B15: 5.37 | C15: 18.02 | D15: 26.24 | E15: 5.22 | F15: 11.55 | G15: 37.69 | H15: -15.89 | I15: 4.04 | J15: 0.28 | K15: 155.04 | L15: 28.25 | M15: 57.62 | N15: 125 | O15: 0 | P15: 0.34 | Q15: 9.33
A16: 45817.083 | B16: 4.8 | C16: 16.4 | D16: 24.02 | E16: 5.09 | F16: 15.3 | G16: 35.71 | H16: -6.9 | I16: 3.99 | J16: 0.22 | K16: 147.4 | L16: 28.16 | M16: 58.64 | N16: 99.7 | O16: 0 | P16: 0.3 | Q16: 9.32
A17: 45817.094 | B17: 5.16 | C17: 17.93 | D17: 26.4 | E17: 5.08 | F17: 12.83 | G17: 33.45 | H17: 3.37 | I17: 4.19 | J17: 0.59 | K17: 144.21 | L17: 28.1 | M17: 59.08 | N17: 81 | O17: 0 | P17: 0.34 | Q17: 9.3
A18: 45817.104 | B18: 4.87 | C18: 16.84 | D18: 24.75 | E18: 5.59 | F18: 13.21 | G18: 33.45 | H18: 3.37 | I18: 4.1 | J18: 0.25 | K18: 143.29 | L18: 27.94 | M18: 60.07 | N18: 62.2 | O18: 0 | P18: 0.3 | Q18: 9.3
A19: 45817.115 | B19: 5.02 | C19: 17.67 | D19: 26.12 | E19: 5.4 | F19: 11.25 | G19: 33.45 | H19: 3.37 | I19: 4.07 | J19: 0.39 | K19: 152.61 | L19: 27.83 | M19: 60.82 | N19: 62.4 | O19: 0 | P19: 0.32 | Q19: 9.29
A20: 45817.125 | B20: 4.88 | C20: 16.42 | D20: 23.93 | E20: 4.91 | F20: 10.28 | G20: 32.04 | H20: 5.01 | I20: 4.01 | J20: 0.02 | K20: 187.42 | L20: 27.67 | M20: 61.35 | N20: 63.4 | O20: 0 | P20: 0.31 | Q20: 9.28
... A104: 45818 | B104: 5.79 | C104: 19.73 | D104: 28.88 | E104: 6.13 | F104: 11.6 | G104: 39.73 | H104: 12.46 | I104: 3.89 | J104: 0.11 | K104: 179.39 | L104: 27.8 | M104: 63.52 | N104: 52.5 | O104: 0 | P104: 0.36 | Q104: 9.35
A106: Min | B106: =MIN(B9:B104) -> 3.9 | C106: =MIN(C9:C104) -> 15.05 | D106: =MIN(D9:D104) -> 21.38 | E106: =MIN(E9:E104) -> 4.91 | F106: =MIN(F9:F104) -> 4.11 | G106: =MIN(G9:G104) -> 24.53 | H106: =MIN(H9:H104) -> -15.89 | I106: =MIN(I9:I104) -> 3.81 | ... Q106: =MIN(Q9:Q104) -> 9.21
A107: Max | B107: =MAX(B9:B104) -> 8.01 | C107: =MAX(C9:C104) -> 33.25 | D107: =MAX(D9:D104) -> 51.34 | E107: =MAX(E9:E104) -> 7.96 | F107: =MAX(F9:F104) -> 23.95 | G107: =MAX(G9:G104) -> 54.81 | H107: =MAX(H9:H104) -> 21.15 | I107: =MAX(I9:I104) -> 4.25 | ... Q107: =MAX(Q9:Q104) -> 9.37
A108: Avg | B108: =AVERAGE(B9:B104) -> 5.1446875 | C108: =AVERAGE(C9:C104) -> 21.179479 | D108: =AVERAGE(D9:D104) -> 32.641563 | E108: =AVERAGE(E9:E104) -> 6.0609375 | F108: =AVERAGE(F9:F104) -> 12.657188 | G108: =AVERAGE(G9:G104) -> 38.96875 | H108: =AVERAGE(H9:H104) -> 11.678646 | I108: =AVERAGE(I9:I104) -> 3.9977083 | ... Q108: =AVERAGE(Q9:Q104) -> 9.3014583
A109: Stdev | B109: =STDEV(B9:B104) -> 1.0211768 | C109: =STDEV(C9:C104) -> 3.2598445 | D109: =STDEV(D9:D104) -> 5.8174301 | E109: =STDEV(E9:E104) -> 0.82285137 | F109: =STDEV(F9:F104) -> 4.9258084 | G109: =STDEV(G9:G104) -> 8.0714919 | H109: =STDEV(H9:H104) -> 6.9937391 | I109: =STDEV(I9:I104) -> 0.089000049 | ... Q109: =STDEV(Q9:Q104) -> 0.043721106
A110: Num | B110: =COUNT(B9:B104) -> 96 | C110: =COUNT(C9:C104) -> 96 | D110: =COUNT(D9:D104) -> 96 | E110: =COUNT(E9:E104) -> 96 | F110: =COUNT(F9:F104) -> 96 | G110: =COUNT(G9:G104) -> 96 | H110: =COUNT(H9:H104) -> 96 | I110: =COUNT(I9:I104) -> 96 | ... Q110: =COUNT(Q9:Q104) -> 96
A111: DCR | B111: =IF(B110>=87,">90%",IF(B110<=87,"<90%")) -> >90% | C111: =IF(C110>=87,">90%",IF(C110<=87,"<90%")) -> >90% | D111: =IF(D110>=87,">90%",IF(D110<=87,"<90%")) -> >90% | E111: =IF(E110>=87,">90%",IF(E110<=87,"<90%")) -> >90% | F111: =IF(F110>=87,">90%",IF(F110<=87,"<90%")) -> >90% | G111: =IF(G110>=87,">90%",IF(G110<=87,"<90%")) -> >90% | H111: =IF(H110>=87,">90%",IF(H110<=87,"<90%")) -> >90% | I111: =IF(I110>=87,">90%",IF(I110<=87,"<90%")) -> >90% | ... Q111: =IF(Q110>=87,">90%",IF(Q110<=87,"<90%")) -> >90%
A112: Status | B112: =IF(B110>=87,"OK",IF(B110<=87,"LESS")) -> OK | C112: =IF(C110>=87,"OK",IF(C110<=87,"LESS")) -> OK | D112: =IF(D110>=87,"OK",IF(D110<=87,"LESS")) -> OK | E112: =IF(E110>=87,"OK",IF(E110<=87,"LESS")) -> OK | F112: =IF(F110>=87,"OK",IF(F110<=87,"LESS")) -> OK | G112: =IF(G110>=87,"OK",IF(G110<=87,"LESS")) -> OK | H112: =IF(H110>=87,"OK",IF(H110<=87,"LESS")) -> OK | I112: =IF(I110>=87,"OK",IF(I110<=87,"LESS")) -> OK | ... Q112: =IF(Q110>=87,"OK",IF(Q110<=87,"LESS")) -> OK
A115: Done by | B115: RK
A117: Comment

Sheet 10
A1: Station: | B1: BHATAGAON RAIPUR
A2: Date: | B2: =$A$9 -> 45818.01 | D2: Power Off | G2: Pw.Off | L2: Link Fail | N2: Link F | P2: Maintenance | R2: Maint.
A3: Report Type: | B3: Mean | D3: Calibration | G3: Calib. | L3: Data Fail | N3: Data F | P3: Invalid | R3: Invalid
A4: Time Base: | B4: 15 Min | D4: Zero Referrence | G4: Z.Ref | L4: Warm Up | N4: Wm. Up
A7: Date & Time | B7: NO_BHATAGAON | C7: NO2__BHATAGAON | D7: NOX_BHATAGAON | E7: SO2__BHATAGAON | F7: O3__BHATAGAON | G7: PM10__BHATAGAON | H7: PM2_5__BHATAGAON | I7: BENZ__BHATAGAON | J7: WS__BHATAGAON | K7: WD__BHATAGAON | L7: TEMP__BHATAGAON | M7: HUM__BHATAGAON | N7: SR__BHATAGAON | O7: RG__BHATAGAON | P7: CO__BHATAGAON | Q7: NH3__BHATAGAON
B8: ug/m3 | C8: ug/m3 | D8: ppb | E8: ug/m3 | F8: ug/m3 | G8: ug/m3 | H8: ug/m3 | I8: ug/m3 | J8: m/sec | K8: deg | L8: degreC | M8: % | N8: w/m2 | O8: mm | P8: mg/m3 | Q8: ug/m3
A9: 45818.01 | B9: 5.76 | C9: 19.35 | D9: 28.2 | E9: 5.89 | F9: 11.42 | G9: 39.37 | H9: 13.23 | I9: 3.96 | J9: 0.24 | K9: 148.42 | L9: 27.67 | M9: 65.42 | N9: 52.4 | O9: 0 | P9: 0.35 | Q9: 9.34
A10: 45818.021 | B10: 5.72 | C10: 18.39 | D10: 26.43 | E10: 5.89 | F10: 8.78 | G10: 39.37 | H10: 13.23 | I10: 3.94 | J10: 0.13 | K10: 197.16 | L10: 27.6 | M10: 66.88 | N10: 52.4 | O10: 0 | P10: 0.37 | Q10: 9.33
A11: 45818.031 | B11: 5.55 | C11: 17.77 | D11: 25.5 | E11: 6.01 | F11: 11.7 | G11: 39.37 | H11: 13.23 | I11: 4.09 | J11: 0.13 | K11: 196.04 | L11: 27.53 | M11: 67.99 | N11: 52.4 | O11: 0 | P11: 0.32 | Q11: 9.32
A12: 45818.042 | B12: 5.6 | C12: 17.08 | D12: 24.11 | E12: 5.72 | F12: 10.02 | G12: 37.57 | H12: 11.84 | I12: 3.91 | J12: 0.11 | K12: 170.61 | L12: 27.45 | M12: 69.6 | N12: 52.4 | O12: 0 | P12: 0.34 | Q12: 9.3
A13: 45818.052 | B13: 5.45 | C13: 17.41 | D13: 24.96 | E13: 5.83 | F13: 12.66 | G13: 35.61 | H13: 10.31 | I13: 3.86 | J13: 0.1 | K13: 203.39 | L13: 27.37 | M13: 70.65 | N13: 52.3 | O13: 0 | P13: 0.35 | Q13: 9.3
A14: 45818.062 | B14: 5.59 | C14: 17.03 | D14: 24.01 | E14: 5.87 | F14: 7.98 | G14: 35.61 | H14: 10.31 | I14: 3.99 | J14: 0.13 | K14: 200.1 | L14: 27.26 | M14: 71.81 | N14: 52.3 | O14: 0 | P14: 0.4 | Q14: 9.29
A15: 45818.073 | B15: 5.42 | C15: 17.49 | D15: 25.15 | E15: 6.05 | F15: 10.03 | G15: 35.61 | H15: 10.31 | I15: 4.17 | J15: 0.07 | K15: 185.87 | L15: 27.17 | M15: 73.27 | N15: 52.4 | O15: 0 | P15: 0.36 | Q15: 9.3
A16: 45818.083 | B16: 5.15 | C16: 16 | D16: 22.72 | E16: 5.87 | F16: 9.23 | G16: 33.42 | H16: 8.71 | I16: 3.9 | J16: 0.05 | K16: 248.18 | L16: 27.06 | M16: 74.24 | N16: 52.4 | O16: 0 | P16: 0.35 | Q16: 9.29
A17: 45818.094 | B17: 4.99 | C17: 15.27 | D17: 21.57 | E17: 5.81 | F17: 12.8 | G17: 30.91 | H17: 6.88 | I17: 3.93 | J17: 0.03 | K17: 226.61 | L17: 26.98 | M17: 75.64 | N17: 52.2 | O17: 0 | P17: 0.34 | Q17: 9.28
A18: 45818.104 | B18: 4.78 | C18: 14.63 | D18: 20.66 | E18: 5.73 | F18: 13.97 | G18: 30.91 | H18: 6.88 | I18: 3.92 | J18: 0.17 | K18: 173.31 | L18: 26.86 | M18: 78.04 | N18: 52.2 | O18: 0 | P18: 0.32 | Q18: 9.3
A19: 45818.115 | B19: 4.91 | C19: 14.13 | D19: 19.51 | E19: 5.52 | F19: 13.15 | G19: 30.91 | H19: 6.88 | I19: 4.02 | J19: 0.16 | K19: 194.39 | L19: 26.74 | M19: 79.59 | N19: 52.1 | O19: 0 | P19: 0.32 | Q19: 9.29
A20: 45818.125 | B20: 4.97 | C20: 14.13 | D20: 19.41 | E20: 6.03 | F20: 11.98 | G20: 31.2 | H20: 6.72 | I20: 3.98 | J20: 0.08 | K20: 238.19 | L20: 26.7 | M20: 80.34 | N20: 52.1 | O20: 0 | P20: 0.33 | Q20: 9.29
... A104: 45819 | B104: 9.04 | C104: 19.98 | D104: 24.37 | E104: 5.16 | F104: 3.57 | G104: 27.7 | H104: 11.62 | I104: 4.05 | J104: 0.04 | K104: 18.59 | L104: 22.11 | M104: 103.82 | N104: 75.1 | O104: 0 | P104: 0.54 | Q104: 9.38
A106: Min | B106: =MIN(B9:B104) -> 3.16 | C106: =MIN(C9:C104) -> 14.13 | D106: =MIN(D9:D104) -> 19.41 | E106: =MIN(E9:E104) -> 4.42 | F106: =MIN(F9:F104) -> 2.87 | G106: =MIN(G9:G104) -> 27.7 | H106: =MIN(H9:H104) -> 5.1 | I106: =MIN(I9:I104) -> 3.86 | ... Q106: =MIN(Q9:Q104) -> 9.11
A107: Max | B107: =MAX(B9:B104) -> 10.95 | C107: =MAX(C9:C104) -> 27.32 | D107: =MAX(D9:D104) -> 42.42 | E107: =MAX(E9:E104) -> 22.52 | F107: =MAX(F9:F104) -> 47.24 | G107: =MAX(G9:G104) -> 70.87 | H107: =MAX(H9:H104) -> 84.96 | I107: =MAX(I9:I104) -> 4.19 | ... Q107: =MAX(Q9:Q104) -> 9.39
A108: Avg | B108: =AVERAGE(B9:B104) -> 5.8030208 | C108: =AVERAGE(C9:C104) -> 20.086771 | D108: =AVERAGE(D9:D104) -> 29.539375 | E108: =AVERAGE(E9:E104) -> 7.315 | F108: =AVERAGE(F9:F104) -> 12.40375 | G108: =AVERAGE(G9:G104) -> 43.525208 | H108: =AVERAGE(H9:H104) -> 16.329687 | I108: =AVERAGE(I9:I104) -> 4.0013542 | ... Q108: =AVERAGE(Q9:Q104) -> 9.2888542
A109: Stdev | B109: =STDEV(B9:B104) -> 1.6369163 | C109: =STDEV(C9:C104) -> 3.3840469 | D109: =STDEV(D9:D104) -> 5.4665965 | E109: =STDEV(E9:E104) -> 4.0211274 | F109: =STDEV(F9:F104) -> 10.141672 | G109: =STDEV(G9:G104) -> 12.617751 | H109: =STDEV(H9:H104) -> 14.320018 | I109: =STDEV(I9:I104) -> 0.080060764 | ... Q109: =STDEV(Q9:Q104) -> 0.062253637
A110: Num | B110: =COUNT(B9:B104) -> 96 | C110: =COUNT(C9:C104) -> 96 | D110: =COUNT(D9:D104) -> 96 | E110: =COUNT(E9:E104) -> 96 | F110: =COUNT(F9:F104) -> 96 | G110: =COUNT(G9:G104) -> 96 | H110: =COUNT(H9:H104) -> 96 | I110: =COUNT(I9:I104) -> 96 | ... P110: =COUNT(P9:P104) -> 96 | Q110: =COUNT(Q9:Q104)+2 -> 98
A111: DCR | B111: =IF(B110>=87,">90%",IF(B110<=87,"<90%")) -> >90% | C111: =IF(C110>=87,">90%",IF(C110<=87,"<90%")) -> >90% | D111: =IF(D110>=87,">90%",IF(D110<=87,"<90%")) -> >90% | E111: =IF(E110>=87,">90%",IF(E110<=87,"<90%")) -> >90% | F111: =IF(F110>=87,">90%",IF(F110<=87,"<90%")) -> >90% | G111: =IF(G110>=87,">90%",IF(G110<=87,"<90%")) -> >90% | H111: =IF(H110>=87,">90%",IF(H110<=87,"<90%")) -> >90% | I111: =IF(I110>=87,">90%",IF(I110<=87,"<90%")) -> >90% | ... Q111: =IF(Q110>=87,">90%",IF(Q110<=87,"<90%")) -> >90%
A112: Status | B112: =IF(B110>=87,"OK",IF(B110<=87,"LESS")) -> OK | C112: =IF(C110>=87,"OK",IF(C110<=87,"LESS")) -> OK | D112: =IF(D110>=87,"OK",IF(D110<=87,"LESS")) -> OK | E112: =IF(E110>=87,"OK",IF(E110<=87,"LESS")) -> OK | F112: =IF(F110>=87,"OK",IF(F110<=87,"LESS")) -> OK | G112: =IF(G110>=87,"OK",IF(G110<=87,"LESS")) -> OK | H112: =IF(H110>=87,"OK",IF(H110<=87,"LESS")) -> OK | I112: =IF(I110>=87,"OK",IF(I110<=87,"LESS")) -> OK | ... Q112: =IF(Q110>=87,"OK",IF(Q110<=87,"LESS")) -> OK
A115: Done by | B115: RK
A117: Comment

Sheet 11
A1: Station: | B1: BHATAGAON RAIPUR
A2: Date: | B2: =$A$9 -> 45819.01 | D2: Power Off | G2: Pw.Off | L2: Link Fail | N2: Link F | P2: Maintenance | R2: Maint.
A3: Report Type: | B3: Mean | D3: Calibration | G3: Calib. | L3: Data Fail | N3: Data F | P3: Invalid | R3: Invalid
A4: Time Base: | B4: 15 Min | D4: Zero Referrence | G4: Z.Ref | L4: Warm Up | N4: Wm. Up
A7: Date & Time | B7: NO_BHATAGAON | C7: NO2__BHATAGAON | D7: NOX_BHATAGAON | E7: SO2__BHATAGAON | F7: O3__BHATAGAON | G7: PM10__BHATAGAON | H7: PM2_5__BHATAGAON | I7: BENZ__BHATAGAON | J7: WS__BHATAGAON | K7: WD__BHATAGAON | L7: TEMP__BHATAGAON | M7: HUM__BHATAGAON | N7: SR__BHATAGAON | O7: RG__BHATAGAON | P7: CO__BHATAGAON | Q7: NH3__BHATAGAON
B8: ug/m3 | C8: ug/m3 | D8: ppb | E8: ug/m3 | F8: ug/m3 | G8: ug/m3 | H8: ug/m3 | I8: ug/m3 | J8: m/sec | K8: deg | L8: degreC | M8: % | N8: w/m2 | O8: mm | P8: mg/m3 | Q8: ug/m3
A9: 45819.01 | B9: 8.49 | C9: 20.08 | D9: 25.4 | E9: 5.05 | F9: 5.28 | G9: 26.65 | H9: 12.99 | I9: 4.09 | J9: 0.19 | K9: 143.41 | L9: 22.27 | M9: 105.23 | N9: 74.8 | O9: 0 | P9: 0.54 | Q9: 9.38
A10: 45819.021 | B10: 8.83 | C10: 19.97 | D10: 24.68 | E10: 5.11 | F10: 4.28 | G10: 26.65 | H10: 12.99 | I10: 4.1 | J10: 0.37 | K10: 150.67 | L10: 22.36 | M10: 103.24 | N10: 74.7 | O10: 0 | P10: 0.55 | Q10: 9.38
A11: 45819.031 | B11: 8.92 | C11: 20.32 | D11: 25.21 | E11: 4.58 | F11: 3.97 | G11: 26.65 | H11: 12.99 | I11: 4 | J11: 0.08 | K11: 198.51 | L11: 22.41 | M11: 102.21 | N11: 71.2 | O11: 0 | P11: 0.55 | Q11: 9.39
A12: 45819.042 | B12: 8.64 | C12: 19.77 | D12: 24.57 | E12: 4.32 | F12: 5.44 | G12: 29.14 | H12: 10.67 | I12: 3.89 | J12: 0.37 | K12: 333.65 | L12: 22.74 | M12: 102.18 | N12: 69.7 | O12: 0 | P12: 0.54 | Q12: 9.39
A13: 45819.052 | B13: 8.9 | C13: 19.36 | D13: 23.4 | E13: 4.52 | F13: 5.1 | G13: 31.86 | H13: 8.14 | I13: 4.12 | J13: 0.03 | K13: 68.47 | L13: 22.77 | M13: 102.07 | N13: 69 | O13: 0 | P13: 0.48 | Q13: 9.38
A14: 45819.062 | B14: 8.09 | C14: 19.48 | D14: 24.86 | E14: 4.79 | F14: 5.39 | G14: 31.86 | H14: 8.14 | I14: 3.95 | J14: 0.06 | K14: 254.4 | L14: 22.97 | M14: 102.01 | N14: 68.6 | O14: 0 | P14: 0.5 | Q14: 9.39
A15: 45819.073 | B15: 8.93 | C15: 19.23 | D15: 23.11 | E15: 4.56 | F15: 4.49 | G15: 31.86 | H15: 8.14 | I15: 3.94 | J15: 0.22 | K15: 193.1 | L15: 23.01 | M15: 102.02 | N15: 69.1 | O15: 0 | P15: 0.51 | Q15: 9.38
A16: 45819.083 | B16: 9.07 | C16: 19.39 | D16: 23.19 | E16: 4.83 | F16: 5.27 | G16: 31.43 | H16: 8.14 | I16: 4.24 | J16: 0.26 | K16: 148.63 | L16: 22.79 | M16: 102.01 | N16: 68.6 | O16: 0 | P16: 0.48 | Q16: 9.38
A17: 45819.094 | B17: 8.75 | C17: 18.56 | D17: 22.11 | E17: 4.48 | F17: 7.35 | G17: 30.94 | H17: 8.14 | I17: 4.13 | J17: 0.15 | K17: 152.19 | L17: 22.71 | M17: 102 | N17: 68.2 | O17: 0 | P17: 0.44 | Q17: 9.37
A18: 45819.104 | B18: 8.01 | C18: 18.3 | D18: 22.72 | E18: 5.23 | F18: 10.02 | G18: 30.94 | H18: 8.14 | I18: 4.01 | J18: 0.17 | K18: 322.61 | L18: 22.83 | M18: 102.03 | N18: 68 | O18: 0 | P18: 0.4 | Q18: 9.38
A19: 45819.115 | B19: 7.6 | C19: 20.12 | D19: 26.84 | E19: 4.5 | F19: 10.15 | G19: 30.94 | H19: 8.14 | I19: 4.07 | J19: 0.03 | K19: 223.65 | L19: 22.84 | M19: 102.05 | N19: 67.9 | O19: 0 | P19: 0.38 | Q19: 9.37
A20: 45819.125 | B20: 6.34 | C20: 15.85 | D20: 20.6 | E20: 4.95 | F20: 10.88 | G20: 27.38 | H20: 8.14 | I20: 4.02 | J20: 0.08 | K20: 118.95 | L20: 23.01 | M20: 102.03 | N20: 67.7 | O20: 0 | P20: 0.35 | Q20: 9.37
... A104: 45820 | B104: 7.27 | C104: 20.55 | D104: 28.17 | E104: 4.91 | F104: 7.13 | G104: 50.99 | H104: 12.48 | I104: 3.99 | J104: 0.38 | K104: 96.23 | L104: 29.02 | M104: 62.1 | N104: 71.7 | O104: 0 | P104: 0.47 | Q104: 9.42
A106: Min | B106: =MIN(B9:B104) -> 3.45 | C106: =MIN(C9:C104) -> 15.85 | D106: =MIN(D9:D104) -> 20.6 | E106: =MIN(E9:E104) -> 4.12 | F106: =MIN(F9:F104) -> 3.93 | G106: =MIN(G9:G104) -> 23.25 | H106: =MIN(H9:H104) -> 8.12 | I106: =MIN(I9:I104) -> 3.76 | ... Q106: =MIN(Q9:Q104) -> 9.16
A107: Max | B107: =MAX(B9:B104) -> 19.65 | C107: =MAX(C9:C104) -> 48.34 | D107: =MAX(D9:D104) -> 73.47 | E107: =MAX(E9:E104) -> 6.77 | F107: =MAX(F9:F104) -> 23.45 | G107: =MAX(G9:G104) -> 61.86 | H107: =MAX(H9:H104) -> 25.02 | I107: =MAX(I9:I104) -> 4.24 | ... Q107: =MAX(Q9:Q104) -> 9.62
A108: Avg | B108: =AVERAGE(B9:B104) -> 8.811875 | C108: =AVERAGE(C9:C104) -> 24.84125 | D108: =AVERAGE(D9:D104) -> 34.041458 | E108: =AVERAGE(E9:E104) -> 5.2303125 | F108: =AVERAGE(F9:F104) -> 12.171563 | G108: =AVERAGE(G9:G104) -> 40.740417 | H108: =AVERAGE(H9:H104) -> 13.705 | I108: =AVERAGE(I9:I104) -> 4.006875 | ... Q108: =AVERAGE(Q9:Q104) -> 9.3694792
A109: Stdev | B109: =STDEV(B9:B104) -> 3.5413965 | C109: =STDEV(C9:C104) -> 6.8309969 | D109: =STDEV(D9:D104) -> 11.127441 | E109: =STDEV(E9:E104) -> 0.7087 | F109: =STDEV(F9:F104) -> 5.6271856 | G109: =STDEV(G9:G104) -> 11.135736 | H109: =STDEV(H9:H104) -> 4.0708251 | I109: =STDEV(I9:I104) -> 0.09201044 | ... Q109: =STDEV(Q9:Q104) -> 0.11756628
A110: Num | B110: =COUNT(B9:B104) -> 96 | C110: =COUNT(C9:C104) -> 96 | D110: =COUNT(D9:D104) -> 96 | E110: =COUNT(E9:E104) -> 96 | F110: =COUNT(F9:F104) -> 96 | G110: =COUNT(G9:G104) -> 96 | H110: =COUNT(H9:H104) -> 96 | I110: =COUNT(I9:I104) -> 96 | ... P110: =COUNT(P9:P104) -> 96 | Q110: =COUNT(Q9:Q104)+1 -> 97
A111: DCR | B111: =IF(B110>=87,">90%",IF(B110<=87,"<90%")) -> >90% | C111: =IF(C110>=87,">90%",IF(C110<=87,"<90%")) -> >90% | D111: =IF(D110>=87,">90%",IF(D110<=87,"<90%")) -> >90% | E111: =IF(E110>=87,">90%",IF(E110<=87,"<90%")) -> >90% | F111: =IF(F110>=87,">90%",IF(F110<=87,"<90%")) -> >90% | G111: =IF(G110>=87,">90%",IF(G110<=87,"<90%")) -> >90% | H111: =IF(H110>=87,">90%",IF(H110<=87,"<90%")) -> >90% | I111: =IF(I110>=87,">90%",IF(I110<=87,"<90%")) -> >90% | ... Q111: =IF(Q110>=87,">90%",IF(Q110<=87,"<90%")) -> >90%
A112: Status | B112: =IF(B110>=87,"OK",IF(B110<=87,"LESS")) -> OK | C112: =IF(C110>=87,"OK",IF(C110<=87,"LESS")) -> OK | D112: =IF(D110>=87,"OK",IF(D110<=87,"LESS")) -> OK | E112: =IF(E110>=87,"OK",IF(E110<=87,"LESS")) -> OK | F112: =IF(F110>=87,"OK",IF(F110<=87,"LESS")) -> OK | G112: =IF(G110>=87,"OK",IF(G110<=87,"LESS")) -> OK | H112: =IF(H110>=87,"OK",IF(H110<=87,"LESS")) -> OK | I112: =IF(I110>=87,"OK",IF(I110<=87,"LESS")) -> OK | ... Q112: =IF(Q110>=87,"OK",IF(Q110<=87,"LESS")) -> OK
A115: Done by | B115: RK
A117: Comment

Sheet 12
A1: Station: | B1: BHATAGAON RAIPUR
A2: Date: | B2: =$A$9 -> 12/06/2025 00:15 | D2: Power Off | G2: Pw.Off | L2: Link Fail | N2: Link F | P2: Maintenance | R2: Maint.
A3: Report Type: | B3: Mean | D3: Calibration | G3: Calib. | L3: Data Fail | N3: Data F | P3: Invalid | R3: Invalid
A4: Time Base: | B4: 15 Min | D4: Zero Referrence | G4: Z.Ref | L4: Warm Up | N4: Wm. Up
A7: Date & Time | B7: NO_BHATAGAON | C7: NO2__BHATAGAON | D7: NOX_BHATAGAON | E7: SO2__BHATAGAON | F7: O3__BHATAGAON | G7: PM10__BHATAGAON | H7: PM2_5__BHATAGAON | I7: BENZ__BHATAGAON | J7: WS__BHATAGAON | K7: WD__BHATAGAON | L7: TEMP__BHATAGAON | M7: HUM__BHATAGAON | N7: SR__BHATAGAON | O7: RG__BHATAGAON | P7: CO__BHATAGAON | Q7: NH3__BHATAGAON
B8: ug/m3 | C8: ug/m3 | D8: ppb | E8: ug/m3 | F8: ug/m3 | G8: ug/m3 | H8: ug/m3 | I8: ug/m3 | J8: m/sec | K8: deg | L8: degreC | M8: % | N8: w/m2 | O8: mm | P8: mg/m3 | Q8: ug/m3
A9: 12/06/2025 00:15 | B9: 7.89 | C9: 18.97 | D9: 24.19 | E9: 4.81 | F9: 7.74 | G9: 48.65 | H9: 14.81 | I9: 3.88 | J9: 0.39 | K9: 167.54 | L9: 28.58 | M9: 65.89 | N9: 72.3 | O9: 0 | P9: 0.47 | Q9: 9.4
A10: 12/06/2025 00:30 | B10: 6.4 | C10: 17 | D10: 22.71 | E10: 4.99 | F10: 10.18 | G10: 48.65 | H10: 14.81 | I10: 4.11 | J10: 0.36 | K10: 167.31 | L10: 28.16 | M10: 69.68 | N10: 72.2 | O10: 0 | P10: 0.39 | Q10: 9.39
A11: 12/06/2025 00:45 | B11: 6.04 | C11: 16.01 | D11: 21.38 | E11: 4.59 | F11: 11.18 | G11: 48.65 | H11: 14.81 | I11: 3.94 | J11: 0.52 | K11: 172.63 | L11: 27.91 | M11: 72.34 | N11: 72 | O11: 0 | P11: 0.37 | Q11: 9.38
A12: 12/06/2025 01:00 | B12: 6.71 | C12: 16.65 | D12: 21.57 | E12: 4.85 | F12: 9.8 | G12: 48.44 | H12: 13.35 | I12: 4 | J12: 0.47 | K12: 165.18 | L12: 27.7 | M12: 74.89 | N12: 72 | O12: 0 | P12: 0.36 | Q12: 9.36
A13: 12/06/2025 01:15 | B13: 6.7 | C13: 16.13 | D13: 20.6 | E13: 4.84 | F13: 7.04 | G13: 48.2 | H13: 11.68 | I13: 3.96 | J13: 0.53 | K13: 148.3 | L13: 27.5 | M13: 77.13 | N13: 71.9 | O13: 0 | P13: 0.34 | Q13: 9.36
A14: 12/06/2025 01:30 | B14: 6.52 | C14: 15.84 | D14: 20.32 | E14: 4.92 | F14: 9.76 | G14: 48.2 | H14: 11.68 | I14: 4.17 | J14: 0.35 | K14: 166.04 | L14: 27.32 | M14: 79.28 | N14: 71.8 | O14: 0 | P14: 0.32 | Q14: 9.36
A15: 12/06/2025 01:45 | B15: 6.96 | C15: 16.16 | D15: 20.24 | E15: 4.61 | F15: 7 | G15: 48.2 | H15: 11.68 | I15: 4.02 | J15: 0.72 | K15: 157.57 | L15: 27.25 | M15: 78.09 | N15: 71.5 | O15: 0 | P15: 0.38 | Q15: 9.37
A16: 12/06/2025 02:00 | B16: 6.96 | C16: 15.92 | D16: 19.79 | E16: 4.67 | F16: 9.82 | G16: 44.48 | H16: 10.24 | I16: 3.93 | J16: 0.46 | K16: 158.4 | L16: 27.13 | M16: 78.76 | N16: 71.7 | O16: 0 | P16: 0.31 | Q16: 9.36
A17: 12/06/2025 02:15 | B17: 7.02 | C17: 16.11 | D17: 20.07 | E17: 4.51 | F17: 9.1 | G17: 40.21 | H17: 8.59 | I17: 4.01 | J17: 0.6 | K17: 148.01 | L17: 27.02 | M17: 78.8 | N17: 71.5 | O17: 0 | P17: 0.34 | Q17: 9.37
A18: 12/06/2025 02:30 | B18: 7.65 | C18: 16.58 | D18: 20 | E18: 4.74 | F18: 6.17 | G18: 40.21 | H18: 8.59 | I18: 4.03 | J18: 0.37 | K18: 160.27 | L18: 26.94 | M18: 79.4 | N18: 71.5 | O18: 0 | P18: 0.36 | Q18: 9.37
A19: 12/06/2025 02:45 | B19: 7.53 | C19: 17.03 | D19: 21.04 | E19: 4.66 | F19: 7.27 | G19: 40.21 | H19: 8.59 | I19: 3.88 | J19: 0.08 | K19: 127.61 | L19: 26.89 | M19: 81.22 | N19: 71.9 | O19: 0 | P19: 0.31 | Q19: 9.37
A20: 12/06/2025 03:00 | B20: 6.78 | C20: 15.55 | D20: 19.37 | E20: 4.75 | F20: 7.15 | G20: 37.95 | H20: 11.29 | I20: 4.16 | J20: 0.24 | K20: 156.85 | L20: 26.78 | M20: 80.87 | N20: 71.4 | O20: 0 | P20: 0.32 | Q20: 9.37
... A104: 12/06/2025 24:00 | B104: 4.8 | C104: 13.35 | D104: 18.17 | E104: 3.79 | F104: 14.89 | G104: 19.34 | H104: 56.62 | I104: 4.04 | J104: 0.44 | K104: 145.29 | L104: 27.76 | M104: 72.52 | N104: 109 | O104: 0 | P104: 0.26 | Q104: 9.24
A106: Min | B106: =MIN(B9:B104) -> 3.08 | C106: =MIN(C9:C104) -> 13.35 | D106: =MIN(D9:D104) -> 18.05 | E106: =MIN(E9:E104) -> 3.79 | F106: =MIN(F9:F104) -> 4.44 | G106: =MIN(G9:G104) -> 0 | H106: =MIN(H9:H104) -> 0 | I106: =MIN(I9:I104) -> 3.75 | ... Q106: =MIN(Q9:Q104) -> 9.13
A107: Max | B107: =MAX(B9:B104) -> 17.4 | C107: =MAX(C9:C104) -> 29.64 | D107: =MAX(D9:D104) -> 34.51 | E107: =MAX(E9:E104) -> 6.95 | F107: =MAX(F9:F104) -> 24.87 | G107: =MAX(G9:G104) -> 59.36 | H107: =MAX(H9:H104) -> 140.44 | I107: =MAX(I9:I104) -> 4.32 | ... Q107: =MAX(Q9:Q104) -> 9.44
A108: Avg | B108: =AVERAGE(B9:B104) -> 6.4203125 | C108: =AVERAGE(C9:C104) -> 17.681875 | D108: =AVERAGE(D9:D104) -> 23.996042 | E108: =AVERAGE(E9:E104) -> 5.25875 | F108: =AVERAGE(F9:F104) -> 12.841979 | G108: =AVERAGE(G9:G104) -> 31.343646 | H108: =AVERAGE(H9:H104) -> 25.226146 | I108: =AVERAGE(I9:I104) -> 4.0011458 | ... Q108: =AVERAGE(Q9:Q104) -> 9.2690625
A109: Stdev | B109: =STDEV(B9:B104) -> 2.9088969 | C109: =STDEV(C9:C104) -> 2.9481646 | D109: =STDEV(D9:D104) -> 3.4780174 | E109: =STDEV(E9:E104) -> 0.72576094 | F109: =STDEV(F9:F104) -> 4.9810721 | G109: =STDEV(G9:G104) -> 13.266228 | H109: =STDEV(H9:H104) -> 29.899532 | I109: =STDEV(I9:I104) -> 0.10275028 | ... Q109: =STDEV(Q9:Q104) -> 0.10618829
A110: Num | B110: =COUNT(B9:B104) -> 96 | C110: =COUNT(C9:C104) -> 96 | D110: =COUNT(D9:D104) -> 96 | E110: =COUNT(E9:E104) -> 96 | F110: =COUNT(F9:F104) -> 96 | G110: =COUNT(G9:G104) -> 96 | H110: =COUNT(H9:H104) -> 96 | I110: =COUNT(I9:I104) -> 96 | ... P110: =COUNT(P9:P104) -> 96 | Q110: =COUNT(Q9:Q104)+2 -> 98
A111: DCR | B111: =IF(B110>=87,">90%",IF(B110<=87,"<90%")) -> >90% | C111: =IF(C110>=87,">90%",IF(C110<=87,"<90%")) -> >90% | D111: =IF(D110>=87,">90%",IF(D110<=87,"<90%")) -> >90% | E111: =IF(E110>=87,">90%",IF(E110<=87,"<90%")) -> >90% | F111: =IF(F110>=87,">90%",IF(F110<=87,"<90%")) -> >90% | G111: =IF(G110>=87,">90%",IF(G110<=87,"<90%")) -> >90% | H111: =IF(H110>=87,">90%",IF(H110<=87,"<90%")) -> >90% | I111: =IF(I110>=87,">90%",IF(I110<=87,"<90%")) -> >90% | ... Q111: =IF(Q110>=87,">90%",IF(Q110<=87,"<90%")) -> >90%
A112: Status | B112: =IF(B110>=87,"OK",IF(B110<=87,"LESS")) -> OK | C112: =IF(C110>=87,"OK",IF(C110<=87,"LESS")) -> OK | D112: =IF(D110>=87,"OK",IF(D110<=87,"LESS")) -> OK | E112: =IF(E110>=87,"OK",IF(E110<=87,"LESS")) -> OK | F112: =IF(F110>=87,"OK",IF(F110<=87,"LESS")) -> OK | G112: =IF(G110>=87,"OK",IF(G110<=87,"LESS")) -> OK | H112: =IF(H110>=87,"OK",IF(H110<=87,"LESS")) -> OK | I112: =IF(I110>=87,"OK",IF(I110<=87,"LESS")) -> OK | ... Q112: =IF(Q110>=87,"OK",IF(Q110<=87,"LESS")) -> OK
A115: Done by | B115: RK
A117: Comment

Sheet 13
A1: Station: | B1: BHATAGAON RAIPUR
A2: Date: | B2: =$A$9 -> 13/06/2025 00:15 | D2: Power Off | G2: Pw.Off | L2: Link Fail | N2: Link F | P2: Maintenance | R2: Maint.
A3: Report Type: | B3: Mean | D3: Calibration | G3: Calib. | L3: Data Fail | N3: Data F | P3: Invalid | R3: Invalid
A4: Time Base: | B4: 15 Min | D4: Zero Referrence | G4: Z.Ref | L4: Warm Up | N4: Wm. Up
A7: Date & Time | B7: NO_BHATAGAON | C7: NO2__BHATAGAON | D7: NOX_BHATAGAON | E7: SO2__BHATAGAON | F7: O3__BHATAGAON | G7: PM10__BHATAGAON | H7: PM2_5__BHATAGAON | I7: BENZ__BHATAGAON | J7: WS__BHATAGAON | K7: WD__BHATAGAON | L7: TEMP__BHATAGAON | M7: HUM__BHATAGAON | N7: SR__BHATAGAON | O7: RG__BHATAGAON | P7: CO__BHATAGAON | Q7: NH3__BHATAGAON
B8: ug/m3 | C8: ug/m3 | D8: ppb | E8: ug/m3 | F8: ug/m3 | G8: ug/m3 | H8: ug/m3 | I8: ug/m3 | J8: m/sec | K8: deg | L8: degreC | M8: % | N8: w/m2 | O8: mm | P8: mg/m3 | Q8: ug/m3
A9: 13/06/2025 00:15 | B9: 4.55 | C9: 11.95 | D9: 15.88 | E9: 4.45 | F9: 15.45 | G9: 18.27 | H9: 50.46 | I9: 3.93 | J9: 0.32 | K9: 139.27 | L9: 27.57 | M9: 72.86 | N9: 93.9 | O9: 0 | P9: 0.25 | Q9: 9.24
A10: 13/06/2025 00:30 | B10: 5.06 | C10: 12.39 | D10: 15.95 | E10: 4.48 | F10: 8.96 | G10: 18.27 | H10: 50.46 | I10: 3.92 | J10: 0.75 | K10: 163.22 | L10: 27.57 | M10: 73.57 | N10: 86.9 | O10: 0 | P10: 0.27 | Q10: 9.25
A11: 13/06/2025 00:45 | B11: 5.84 | C11: 14.73 | D11: 19.23 | E11: 4.52 | F11: 5.05 | G11: 18.27 | H11: 50.46 | I11: 3.98 | J11: 0.63 | K11: 181.65 | L11: 27.38 | M11: 75.05 | N11: 87.9 | O11: 0 | P11: 0.28 | Q11: 9.24
A12: 13/06/2025 01:00 | B12: 5.77 | C12: 14.84 | D12: 19.56 | E12: 4.58 | F12: 6.08 | G12: 18.13 | H12: 50.3 | I12: 4 | J12: 0.8 | K12: 164.44 | L12: 27.26 | M12: 75.61 | N12: 75.3 | O12: 0 | P12: 0.26 | Q12: 9.24
A13: 13/06/2025 01:15 | B13: 5.75 | C13: 14.98 | D13: 19.85 | E13: 4.15 | F13: 5.37 | G13: 15.18 | H13: 46.87 | I13: 3.9 | J13: 0.9 | K13: 165.93 | L13: 27.19 | M13: 76.83 | N13: 60.8 | O13: 0 | P13: 0.27 | Q13: 9.22
A14: 13/06/2025 01:30 | B14: 5.4 | C14: 15.02 | D14: 20.46 | E14: 4.45 | F14: 6.83 | G14: 15.18 | H14: 46.87 | I14: 3.81 | J14: 0.9 | K14: 154.86 | L14: 27.19 | M14: 78.49 | N14: 60.5 | O14: 0 | P14: 0.25 | Q14: 9.22
A15: 13/06/2025 01:45 | B15: 5.25 | C15: 14.61 | D15: 19.9 | E15: 4.17 | F15: 5.22 | G15: 15.18 | H15: 46.87 | I15: 3.85 | J15: 0.81 | K15: 162.96 | L15: 27 | M15: 80.4 | N15: 61.3 | O15: 0 | P15: 0.26 | Q15: 9.22
A16: 13/06/2025 02:00 | B16: 5.11 | C16: 14.49 | D16: 19.88 | E16: 4.29 | F16: 6.74 | G16: 15.08 | H16: 46.79 | I16: 4.04 | J16: 0.75 | K16: 157.15 | L16: 26.85 | M16: 81.84 | N16: 63 | O16: 0 | P16: 0.25 | Q16: 9.21
A17: 13/06/2025 02:15 | B17: 4.93 | C17: 13.52 | D17: 18.31 | E17: 4.07 | F17: 6.64 | G17: 13.02 | H17: 45.21 | I17: 4.11 | J17: 0.52 | K17: 157.98 | L17: 26.75 | M17: 83.23 | N17: 64.7 | O17: 0 | P17: 0.25 | Q17: 9.19
A18: 13/06/2025 02:30 | B18: 4.87 | C18: 13.66 | D18: 18.66 | E18: 4.35 | F18: 7.38 | G18: 13.02 | H18: 45.21 | I18: 4.01 | J18: 0.65 | K18: 169.7 | L18: 26.81 | M18: 84.29 | N18: 80.7 | O18: 0 | P18: 0.23 | Q18: 9.19
A19: 13/06/2025 02:45 | B19: 4.77 | C19: 12.86 | D19: 17.3 | E19: 4.13 | F19: 6.57 | G19: 13.02 | H19: 45.21 | I19: 3.94 | J19: 0.72 | K19: 169.78 | L19: 26.6 | M19: 85.39 | N19: 75.4 | O19: 0 | P19: 0.23 | Q19: 9.18
A20: 13/06/2025 03:00 | B20: 5.02 | C20: 13.54 | D20: 18.21 | E20: 4.33 | F20: 5.13 | G20: 13.03 | H20: 45.08 | I20: 3.91 | J20: 0.74 | K20: 159.96 | L20: 26.6 | M20: 85.01 | N20: 83.7 | O20: 0 | P20: 0.25 | Q20: 9.18
... A104: 13/06/2025 24:00 | B104: 5.15 | C104: 17.34 | D104: 25.28 | E104: 5.14 | F104: 9.28 | G104: 22.89 | H104: -78.67 | I104: 3.92 | J104: 0.83 | K104: 143.31 | L104: 27.31 | M104: 87.96 | N104: 41.1 | O104: 0 | P104: 0.38 | Q104: 9.31
A106: Min | B106: =MIN(B9:B104) -> 3.29 | C106: =MIN(C9:C104) -> 11.14 | D106: =MIN(D9:D104) -> 14.74 | E106: =MIN(E9:E104) -> 3.93 | F106: =MIN(F9:F104) -> 5.05 | G106: =MIN(G9:G104) -> 9.56 | H106: =MIN(H9:H104) -> -88.16 | I106: =MIN(I9:I104) -> 3.81 | ... Q106: =MIN(Q9:Q104) -> 9.15
A107: Max | B107: =MAX(B9:B104) -> 10.11 | C107: =MAX(C9:C104) -> 31.29 | D107: =MAX(D9:D104) -> 45.55 | E107: =MAX(E9:E104) -> 5.99 | F107: =MAX(F9:F104) -> 26.39 | G107: =MAX(G9:G104) -> 24.36 | H107: =MAX(H9:H104) -> 302.15 | I107: =MAX(I9:I104) -> 4.27 | ... Q107: =MAX(Q9:Q104) -> 9.35
A108: Avg | B108: =AVERAGE(B9:B104) -> 5.8054167 | C108: =AVERAGE(C9:C104) -> 18.398646 | D108: =AVERAGE(D9:D104) -> 26.313021 | E108: =AVERAGE(E9:E104) -> 4.84375 | F108: =AVERAGE(F9:F104) -> 13.895521 | G108: =AVERAGE(G9:G104) -> 16.505 | H108: =AVERAGE(H9:H104) -> 51.099792 | I108: =AVERAGE(I9:I104) -> 4.0048958 | ... Q108: =AVERAGE(Q9:Q104) -> 9.2240625
A109: Stdev | B109: =STDEV(B9:B104) -> 1.5501877 | C109: =STDEV(C9:C104) -> 4.869716 | D109: =STDEV(D9:D104) -> 7.9968019 | E109: =STDEV(E9:E104) -> 0.49611809 | F109: =STDEV(F9:F104) -> 5.5664334 | G109: =STDEV(G9:G104) -> 4.9554032 | H109: =STDEV(H9:H104) -> 59.886053 | I109: =STDEV(I9:I104) -> 0.09557576 | ... Q109: =STDEV(Q9:Q104) -> 0.052084509
A110: Num | B110: =COUNT(B9:B104) -> 96 | C110: =COUNT(C9:C104) -> 96 | D110: =COUNT(D9:D104) -> 96 | E110: =COUNT(E9:E104) -> 96 | F110: =COUNT(F9:F104) -> 96 | G110: =COUNT(G9:G104) -> 96 | H110: =COUNT(H9:H104)+9 -> 105 | I110: =COUNT(I9:I104)+7 -> 103 | J110: =COUNT(J9:J104)+7 -> 103 | K110: =COUNT(K9:K104) -> 96 | L110: =COUNT(L9:L104) -> 96 | M110: =COUNT(M9:M104) -> 96 | N110: =COUNT(N9:N104) -> 96 | O110: =COUNT(O9:O104) -> 96 | P110: =COUNT(P9:P104) -> 96 | Q110: =COUNT(Q9:Q104) -> 96
A111: DCR | B111: =IF(B110>=87,">90%",IF(B110<=87,"<90%")) -> >90% | C111: =IF(C110>=87,">90%",IF(C110<=87,"<90%")) -> >90% | D111: =IF(D110>=87,">90%",IF(D110<=87,"<90%")) -> >90% | E111: =IF(E110>=87,">90%",IF(E110<=87,"<90%")) -> >90% | F111: =IF(F110>=87,">90%",IF(F110<=87,"<90%")) -> >90% | G111: =IF(G110>=87,">90%",IF(G110<=87,"<90%")) -> >90% | H111: =IF(H110>=87,">90%",IF(H110<=87,"<90%")) -> >90% | I111: =IF(I110>=87,">90%",IF(I110<=87,"<90%")) -> >90% | ... Q111: =IF(Q110>=87,">90%",IF(Q110<=87,"<90%")) -> >90%
A112: Status | B112: =IF(B110>=87,"OK",IF(B110<=87,"LESS")) -> OK | C112: =IF(C110>=87,"OK",IF(C110<=87,"LESS")) -> OK | D112: =IF(D110>=87,"OK",IF(D110<=87,"LESS")) -> OK | E112: =IF(E110>=87,"OK",IF(E110<=87,"LESS")) -> OK | F112: =IF(F110>=87,"OK",IF(F110<=87,"LESS")) -> OK | G112: =IF(G110>=87,"OK",IF(G110<=87,"LESS")) -> OK | H112: =IF(H110>=87,"OK",IF(H110<=87,"LESS")) -> OK | I112: =IF(I110>=87,"OK",IF(I110<=87,"LESS")) -> OK | ... Q112: =IF(Q110>=87,"OK",IF(Q110<=87,"LESS")) -> OK
A115: Done by | B115: SR
A117: Comment

Sheet 14
A1: Station: | B1: BHATAGAON RAIPUR
A2: Date: | B2: =$A$9 -> 14/06/2025 00:15 | D2: Power Off | G2: Pw.Off | L2: Link Fail | N2: Link F | P2: Maintenance | R2: Maint.
A3: Report Type: | B3: Mean | D3: Calibration | G3: Calib. | L3: Data Fail | N3: Data F | P3: Invalid | R3: Invalid
A4: Time Base: | B4: 15 Min | D4: Zero Referrence | G4: Z.Ref | L4: Warm Up | N4: Wm. Up
A7: Date & Time | B7: NO_BHATAGAON | C7: NO2__BHATAGAON | D7: NOX_BHATAGAON | E7: SO2__BHATAGAON | F7: O3__BHATAGAON | G7: PM10__BHATAGAON | H7: PM2_5__BHATAGAON | I7: BENZ__BHATAGAON | J7: WS__BHATAGAON | K7: WD__BHATAGAON | L7: TEMP__BHATAGAON | M7: HUM__BHATAGAON | N7: SR__BHATAGAON | O7: RG__BHATAGAON | P7: CO__BHATAGAON | Q7: NH3__BHATAGAON
B8: ug/m3 | C8: ug/m3 | D8: ppb | E8: ug/m3 | F8: ug/m3 | G8: ug/m3 | H8: ug/m3 | I8: ug/m3 | J8: m/sec | K8: deg | L8: degreC | M8: % | N8: w/m2 | O8: mm | P8: mg/m3 | Q8: ug/m3
A9: 14/06/2025 00:15 | B9: 4.9 | C9: 15.58 | D9: 22.3 | E9: 3.81 | F9: 11.12 | G9: 22.07 | H9: 125.37 | I9: 3.92 | J9: 0.66 | K9: 148.41 | L9: 27.34 | M9: 87.75 | N9: 41.4 | O9: 0 | P9: 0.37 | Q9: 9.3
A10: 14/06/2025 00:30 | B10: 5.74 | C10: 15.81 | D10: 21.45 | E10: 3.96 | F10: 7.62 | G10: 22.07 | H10: 125.37 | I10: 3.88 | J10: 0.69 | K10: 153.28 | L10: 27.37 | M10: 87.24 | N10: 41.5 | O10: 0 | P10: 0.39 | Q10: 9.29
A11: 14/06/2025 00:45 | B11: 5.01 | C11: 15.18 | D11: 21.37 | E11: 4.12 | F11: 9.84 | G11: 22.07 | H11: 125.37 | I11: 3.91 | J11: 0.93 | K11: 144.23 | L11: 27.39 | M11: 87.7 | N11: 41.6 | O11: 0 | P11: 0.36 | Q11: 9.28
A12: 14/06/2025 01:00 | B12: 5.56 | C12: 15.05 | D12: 20.27 | E12: 4.39 | F12: 8.12 | G12: 22.05 | H12: 122.11 | I12: 3.96 | J12: 0.63 | K12: 143 | L12: 27.34 | M12: 87.97 | N12: 41.7 | O12: 0 | P12: 0.37 | Q12: 9.25
A13: 14/06/2025 01:15 | B13: 4.41 | C13: 14.14 | D13: 20.29 | E13: 4.14 | F13: 12.84 | G13: 21.7 | H13: 52.09 | I13: 4.15 | J13: 0.4 | K13: 134.23 | L13: 27.19 | M13: 89.29 | N13: 41.7 | O13: 0 | P13: 0.34 | Q13: 9.25
A14: 14/06/2025 01:30 | B14: 3.68 | C14: 13.9 | D14: 20.96 | E14: 4 | F14: 12.25 | G14: 21.7 | H14: 52.09 | I14: 4.08 | J14: 0.17 | K14: 161.14 | L14: 26.95 | M14: 91.38 | N14: 41.6 | O14: 0 | P14: 0.35 | Q14: 9.26
A15: 14/06/2025 01:45 | B15: 3.81 | C15: 13.98 | D15: 20.9 | E15: 4.07 | F15: 13 | G15: 21.7 | H15: 52.09 | I15: 4.1 | J15: 0.47 | K15: 143.16 | L15: 26.86 | M15: 92.27 | N15: 41.4 | O15: 0 | P15: 0.33 | Q15: 9.27
A16: 14/06/2025 02:00 | B16: 3.54 | C16: 13.7 | D16: 20.78 | E16: 3.85 | F16: 11.85 | G16: 21.53 | H16: 49.78 | I16: 4.03 | J16: 0.4 | K16: 139.95 | L16: 26.84 | M16: 92.72 | N16: 41.5 | O16: 0 | P16: 0.32 | Q16: 9.25
A17: 14/06/2025 02:15 | B17: 3.41 | C17: 13.51 | D17: 20.62 | E17: 3.91 | F17: 11.68 | G17: 17.97 | H17: 0 | I17: 3.92 | J17: 0.02 | K17: 233.27 | L17: 26.79 | M17: 92.9 | N17: 41.8 | O17: 0 | P17: 0.32 | Q17: 9.26
A18: 14/06/2025 02:30 | B18: 4.78 | C18: 16.25 | D18: 23.77 | E18: 4.01 | F18: 10.13 | G18: 17.97 | H18: 0 | I18: 4.08 | J18: 0.09 | K18: 180.15 | L18: 26.73 | M18: 92.6 | N18: 41.6 | O18: 0 | P18: 0.34 | Q18: 9.27
A19: 14/06/2025 02:45 | B19: 5.33 | C19: 16.53 | D19: 23.45 | E19: 4.02 | F19: 11.98 | G19: 17.97 | H19: 0 | I19: 3.8 | J19: 0.2 | K19: 156.42 | L19: 26.66 | M19: 93.9 | N19: 41.5 | O19: 0 | P19: 0.33 | Q19: 9.28
A20: 14/06/2025 03:00 | B20: 4.01 | C20: 13.44 | D20: 19.58 | E20: 3.76 | F20: 11.06 | G20: 18.07 | H20: 0 | I20: 4.08 | J20: 0.09 | K20: 189.75 | L20: 26.52 | M20: 95.68 | N20: 41.5 | O20: 0 | P20: 0.33 | Q20: 9.28
... A104: 14/06/2025 24:00 | B104: 3.75 | C104: 15.15 | D104: 23.24 | E104: 4.76 | F104: 12.84 | G104: 26.72 | H104: 60.55 | I104: 3.88 | J104: 0.04 | K104: 172.08 | L104: 27.23 | M104: 86.55 | N104: 38.8 | O104: 0 | P104: 0.23 | Q104: 9.26
A106: Min | B106: =MIN(B9:B104) -> 2.77 | C106: =MIN(C9:C104) -> 13.44 | D106: =MIN(D9:D104) -> 19.47 | E106: =MIN(E9:E104) -> 3.34 | F106: =MIN(F9:F104) -> 4.34 | G106: =MIN(G9:G104) -> 0 | H106: =MIN(H9:H104) -> 0 | I106: =MIN(I9:I104) -> 3.77 | ... Q106: =MIN(Q9:Q104) -> 9.12
A107: Max | B107: =MAX(B9:B104) -> 12.97 | C107: =MAX(C9:C104) -> 34.71 | D107: =MAX(D9:D104) -> 47.22 | E107: =MAX(E9:E104) -> 7.28 | F107: =MAX(F9:F104) -> 29.63 | G107: =MAX(G9:G104) -> 61.33 | H107: =MAX(H9:H104) -> 4515.7 | I107: =MAX(I9:I104) -> 4.19 | ... Q107: =MAX(Q9:Q104) -> 9.31
A108: Avg | B108: =AVERAGE(B9:B104) -> 5.5339583 | C108: =AVERAGE(C9:C104) -> 18.907396 | D108: =AVERAGE(D9:D104) -> 27.694688 | E108: =AVERAGE(E9:E104) -> 4.7316667 | F108: =AVERAGE(F9:F104) -> 13.517083 | G108: =AVERAGE(G9:G104) -> 29.285417 | H108: =AVERAGE(H9:H104) -> 670.47438 | I108: =AVERAGE(I9:I104) -> 3.9889583 | ... Q108: =AVERAGE(Q9:Q104) -> 9.2182292
A109: Stdev | B109: =STDEV(B9:B104) -> 2.049413 | C109: =STDEV(C9:C104) -> 3.9903922 | D109: =STDEV(D9:D104) -> 5.8670304 | E109: =STDEV(E9:E104) -> 1.0122187 | F109: =STDEV(F9:F104) -> 6.1536979 | G109: =STDEV(G9:G104) -> 12.00544 | H109: =STDEV(H9:H104) -> 1330.4682 | I109: =STDEV(I9:I104) -> 0.09388099 | ... Q109: =STDEV(Q9:Q104) -> 0.055800298
A110: Num | B110: =COUNT(B9:B104) -> 96 | C110: =COUNT(C9:C104) -> 96 | D110: =COUNT(D9:D104) -> 96 | E110: =COUNT(E9:E104) -> 96 | F110: =COUNT(F9:F104) -> 96 | G110: =COUNT(G9:G104) -> 96 | H110: =COUNT(H9:H104) -> 96 | I110: =COUNT(I9:I104) -> 96 | ... P110: =COUNT(P9:P104) -> 96 | Q110: =COUNT(Q9:Q104)+4 -> 100
A111: DCR | B111: =IF(B110>=87,">90%",IF(B110<=87,"<90%")) -> >90% | C111: =IF(C110>=87,">90%",IF(C110<=87,"<90%")) -> >90% | D111: =IF(D110>=87,">90%",IF(D110<=87,"<90%")) -> >90% | E111: =IF(E110>=87,">90%",IF(E110<=87,"<90%")) -> >90% | F111: =IF(F110>=87,">90%",IF(F110<=87,"<90%")) -> >90% | G111: =IF(G110>=87,">90%",IF(G110<=87,"<90%")) -> >90% | H111: =IF(H110>=87,">90%",IF(H110<=87,"<90%")) -> >90% | I111: =IF(I110>=87,">90%",IF(I110<=87,"<90%")) -> >90% | ... Q111: =IF(Q110>=87,">90%",IF(Q110<=87,"<90%")) -> >90%
A112: Status | B112: =IF(B110>=87,"OK",IF(B110<=87,"LESS")) -> OK | C112: =IF(C110>=87,"OK",IF(C110<=87,"LESS")) -> OK | D112: =IF(D110>=87,"OK",IF(D110<=87,"LESS")) -> OK | E112: =IF(E110>=87,"OK",IF(E110<=87,"LESS")) -> OK | F112: =IF(F110>=87,"OK",IF(F110<=87,"LESS")) -> OK | G112: =IF(G110>=87,"OK",IF(G110<=87,"LESS")) -> OK | H112: =IF(H110>=87,"OK",IF(H110<=87,"LESS")) -> OK | I112: =IF(I110>=87,"OK",IF(I110<=87,"LESS")) -> OK | ... Q112: =IF(Q110>=87,"OK",IF(Q110<=87,"LESS")) -> OK
A115: Done by | B115: RK
A117: Comment

Sheet 15
A1: Station: | B1: BHATAGAON RAIPUR
A2: Date: | B2: =$A$9 -> 15/06/2025 00:15 | D2: Power Off | G2: Pw.Off | L2: Link Fail | N2: Link F | P2: Maintenance | R2: Maint.
A3: Report Type: | B3: Mean | D3: Calibration | G3: Calib. | L3: Data Fail | N3: Data F | P3: Invalid | R3: Invalid
A4: Time Base: | B4: 15 Min | D4: Zero Referrence | G4: Z.Ref | L4: Warm Up | N4: Wm. Up
A7: Date & Time | B7: NO_BHATAGAON | C7: NO2__BHATAGAON | D7: NOX_BHATAGAON | E7: SO2__BHATAGAON | F7: O3__BHATAGAON | G7: PM10__BHATAGAON | H7: PM2_5__BHATAGAON | I7: BENZ__BHATAGAON | J7: WS__BHATAGAON | K7: WD__BHATAGAON | L7: TEMP__BHATAGAON | M7: HUM__BHATAGAON | N7: SR__BHATAGAON | O7: RG__BHATAGAON | P7: CO__BHATAGAON | Q7: NH3__BHATAGAON
B8: ug/m3 | C8: ug/m3 | D8: ppb | E8: ug/m3 | F8: ug/m3 | G8: ug/m3 | H8: ug/m3 | I8: ug/m3 | J8: m/sec | K8: deg | L8: degreC | M8: % | N8: w/m2 | O8: mm | P8: mg/m3 | Q8: ug/m3
A9: 15/06/2025 00:15 | B9: 3.52 | C9: 14.11 | D9: 21.6 | E9: 5.07 | F9: 13.04 | G9: 25.83 | H9: 58.54 | I9: 3.89 | J9: 0.15 | K9: 145.54 | L9: 27.24 | M9: 86.79 | N9: 38.6 | O9: 0 | P9: 0.22 | Q9: 9.26
A10: 15/06/2025 00:30 | B10: 3.66 | C10: 14.37 | D10: 21.89 | E10: 5.08 | F10: 11.5 | G10: 25.83 | H10: 58.54 | I10: 4.08 | J10: 0.38 | K10: 141.51 | L10: 27.18 | M10: 87.24 | N10: 38.5 | O10: 0 | P10: 0.23 | Q10: 9.26
A11: 15/06/2025 00:45 | B11: 3.75 | C11: 14.48 | D11: 21.95 | E11: 4.97 | F11: 13.92 | G11: 25.83 | H11: 58.54 | I11: 3.94 | J11: 0.12 | K11: 137.6 | L11: 27.18 | M11: 86.38 | N11: 38.7 | O11: 0 | P11: 0.22 | Q11: 9.26
A12: 15/06/2025 01:00 | B12: 3.48 | C12: 12.79 | D12: 19.14 | E12: 5.09 | F12: 13.23 | G12: 22.6 | H12: 61.97 | I12: 4.1 | J12: 0.02 | K12: 279.1 | L12: 27.19 | M12: 86.13 | N12: 38.7 | O12: 0 | P12: 0.22 | Q12: 9.27
A13: 15/06/2025 01:15 | B13: 4.51 | C13: 13.23 | D13: 18.4 | E13: 5.38 | F13: 9.1 | G13: 21.73 | H13: 62.89 | I13: 3.97 | J13: 0.13 | K13: 154.84 | L13: 27.26 | M13: 85.99 | N13: 38.6 | O13: 0 | P13: 0.25 | Q13: 9.28
A14: 15/06/2025 01:30 | B14: 5.82 | C14: 14.46 | D14: 18.74 | E14: 5.18 | F14: 7.79 | G14: 21.73 | H14: 62.89 | I14: 4.12 | J14: 0.21 | K14: 156.63 | L14: 27.21 | M14: 86.52 | N14: 38.6 | O14: 0 | P14: 0.26 | Q14: 9.27
A15: 15/06/2025 01:45 | B15: 4.77 | C15: 13.27 | D15: 18.07 | E15: 5.15 | F15: 9.56 | G15: 21.73 | H15: 62.89 | I15: 4.03 | J15: 0.13 | K15: 138.08 | L15: 27.06 | M15: 87.33 | N15: 38.7 | O15: 0 | P15: 0.23 | Q15: 9.27
A16: 15/06/2025 02:00 | B16: 5.36 | C16: 13.8 | D16: 18.19 | E16: 5.05 | F16: 8.14 | G16: 21.36 | H16: 55.98 | I16: 3.8 | J16: 0.02 | K16: 264.7 | L16: 27.01 | M16: 87.86 | N16: 38.7 | O16: 0 | P16: 0.24 | Q16: 9.26
A17: 15/06/2025 02:15 | B17: 4.6 | C17: 13.23 | D17: 18.27 | E17: 5.53 | F17: 10.4 | G17: 21.25 | H17: 54.01 | I17: 4 | J17: 0.09 | K17: 202.69 | L17: 26.95 | M17: 88.29 | N17: 38.7 | O17: 0 | P17: 0.22 | Q17: 9.25
A18: 15/06/2025 02:30 | B18: 5.74 | C18: 13.6 | D18: 17.22 | E18: 5.4 | F18: 7.25 | G18: 21.25 | H18: 54.01 | I18: 4.04 | J18: 0.13 | K18: 181.31 | L18: 26.89 | M18: 87.86 | N18: 38.7 | O18: 0 | P18: 0.25 | Q18: 9.25
A19: 15/06/2025 02:45 | B19: 5.65 | C19: 13.43 | D19: 17.03 | E19: 5.6 | F19: 9.8 | G19: 21.25 | H19: 54.01 | I19: 3.87 | J19: 0.08 | K19: 215.62 | L19: 26.87 | M19: 86.69 | N19: 38.7 | O19: 0 | P19: 0.2 | Q19: 9.26
A20: 15/06/2025 03:00 | B20: 5.56 | C20: 12.88 | D20: 16.12 | E20: 5.23 | F20: 7.13 | G20: 17.2 | H20: 49.04 | I20: 4.05 | J20: 0.03 | K20: 191.13 | L20: 26.72 | M20: 87.2 | N20: 38.8 | O20: 0 | P20: 0.21 | Q20: 9.24
... A104: 15/06/2025 24:00 | B104: 7.22 | C104: 18.18 | D104: 23.72 | E104: 3.95 | F104: 6.3 | G104: 22 | H104: 61.6 | I104: 4.17 | J104: 0.37 | K104: 151.21 | L104: 24.48 | M104: 101.77 | N104: 43.2 | O104: 0 | P104: 0.51 | Q104: 9.3
A106: Min | B106: =MIN(B9:B104) -> 3.41 | C106: =MIN(C9:C104) -> 12.22 | D106: =MIN(D9:D104) -> 16.12 | E106: =MIN(E9:E104) -> 3.49 | F106: =MIN(F9:F104) -> 3.64 | G106: =MIN(G9:G104) -> 9.11 | H106: =MIN(H9:H104) -> -31.41 | I106: =MIN(I9:I104) -> 3.75 | ... Q106: =MIN(Q9:Q104) -> 9.07
A107: Max | B107: =MAX(B9:B104) -> 11.66 | C107: =MAX(C9:C104) -> 30.1 | D107: =MAX(D9:D104) -> 39.71 | E107: =MAX(E9:E104) -> 5.87 | F107: =MAX(F9:F104) -> 21.95 | G107: =MAX(G9:G104) -> 25.83 | H107: =MAX(H9:H104) -> 3665.25 | I107: =MAX(I9:I104) -> 4.24 | ... Q107: =MAX(Q9:Q104) -> 9.31
A108: Avg | B108: =AVERAGE(B9:B104) -> 6.0398958 | C108: =AVERAGE(C9:C104) -> 17.249792 | D108: =AVERAGE(D9:D104) -> 23.745 | E108: =AVERAGE(E9:E104) -> 4.9398958 | F108: =AVERAGE(F9:F104) -> 10.355625 | G108: =AVERAGE(G9:G104) -> 19.137917 | H108: =AVERAGE(H9:H104) -> 389.55958 | I108: =AVERAGE(I9:I104) -> 4.0034375 | ... Q108: =AVERAGE(Q9:Q104) -> 9.2058333
A109: Stdev | B109: =STDEV(B9:B104) -> 1.9743239 | C109: =STDEV(C9:C104) -> 3.2954814 | D109: =STDEV(D9:D104) -> 4.2301198 | E109: =STDEV(E9:E104) -> 0.5319804 | F109: =STDEV(F9:F104) -> 3.8896164 | G109: =STDEV(G9:G104) -> 4.3504632 | H109: =STDEV(H9:H104) -> 866.41534 | I109: =STDEV(I9:I104) -> 0.09891866 | ... Q109: =STDEV(Q9:Q104) -> 0.063803426
A110: Num | B110: =COUNT(B9:B104) -> 96 | C110: =COUNT(C9:C104) -> 96 | D110: =COUNT(D9:D104) -> 96 | E110: =COUNT(E9:E104) -> 96 | F110: =COUNT(F9:F104) -> 96 | G110: =COUNT(G9:G104) -> 96 | H110: =COUNT(H9:H104) -> 96 | I110: =COUNT(I9:I104) -> 96 | ... Q110: =COUNT(Q9:Q104) -> 96
A111: DCR | B111: =IF(B110>=87,">90%",IF(B110<=87,"<90%")) -> >90% | C111: =IF(C110>=87,">90%",IF(C110<=87,"<90%")) -> >90% | D111: =IF(D110>=87,">90%",IF(D110<=87,"<90%")) -> >90% | E111: =IF(E110>=87,">90%",IF(E110<=87,"<90%")) -> >90% | F111: =IF(F110>=87,">90%",IF(F110<=87,"<90%")) -> >90% | G111: =IF(G110>=87,">90%",IF(G110<=87,"<90%")) -> >90% | H111: =IF(H110>=87,">90%",IF(H110<=87,"<90%")) -> >90% | I111: =IF(I110>=87,">90%",IF(I110<=87,"<90%")) -> >90% | ... Q111: =IF(Q110>=87,">90%",IF(Q110<=87,"<90%")) -> >90%
A112: Status | B112: =IF(B110>=87,"OK",IF(B110<=87,"LESS")) -> OK | C112: =IF(C110>=87,"OK",IF(C110<=87,"LESS")) -> OK | D112: =IF(D110>=87,"OK",IF(D110<=87,"LESS")) -> OK | E112: =IF(E110>=87,"OK",IF(E110<=87,"LESS")) -> OK | F112: =IF(F110>=87,"OK",IF(F110<=87,"LESS")) -> OK | G112: =IF(G110>=87,"OK",IF(G110<=87,"LESS")) -> OK | H112: =IF(H110>=87,"OK",IF(H110<=87,"LESS")) -> OK | I112: =IF(I110>=87,"OK",IF(I110<=87,"LESS")) -> OK | ... Q112: =IF(Q110>=87,"OK",IF(Q110<=87,"LESS")) -> OK
A115: Done by | B115: RK
A117: Comment

Sheet 16
A1: Station: | B1: BHATAGAON RAIPUR
A2: Date: | B2: =$A$9 -> 16/06/2025 00:15 | D2: Power Off | G2: Pw.Off | L2: Link Fail | N2: Link F | P2: Maintenance | R2: Maint.
A3: Report Type: | B3: Mean | D3: Calibration | G3: Calib. | L3: Data Fail | N3: Data F | P3: Invalid | R3: Invalid
A4: Time Base: | B4: 15 Min | D4: Zero Referrence | G4: Z.Ref | L4: Warm Up | N4: Wm. Up
A7: Date & Time | B7: NO_BHATAGAON | C7: NO2__BHATAGAON | D7: NOX_BHATAGAON | E7: SO2__BHATAGAON | F7: O3__BHATAGAON | G7: PM10__BHATAGAON | H7: PM2_5__BHATAGAON | I7: BENZ__BHATAGAON | J7: WS__BHATAGAON | K7: WD__BHATAGAON | L7: TEMP__BHATAGAON | M7: HUM__BHATAGAON | N7: SR__BHATAGAON | O7: RG__BHATAGAON | P7: CO__BHATAGAON | Q7: NH3__BHATAGAON
B8: ug/m3 | C8: ug/m3 | D8: ppb | E8: ug/m3 | F8: ug/m3 | G8: ug/m3 | H8: ug/m3 | I8: ug/m3 | J8: m/sec | K8: deg | L8: degreC | M8: % | N8: w/m2 | O8: mm | P8: mg/m3 | Q8: ug/m3
A9: 16/06/2025 00:15 | B9: 6.93 | C9: 17.52 | D9: 22.89 | E9: 4.26 | F9: 4.86 | G9: 21.75 | H9: 65.45 | I9: 3.91 | J9: 0.34 | K9: 138.86 | L9: 24.63 | M9: 101.75 | N9: 43.2 | O9: 0 | P9: 0.5 | Q9: 9.29
A10: 16/06/2025 00:30 | B10: 6.86 | C10: 16.54 | D10: 21.12 | E10: 4.04 | F10: 7.91 | G10: 21.75 | H10: 65.45 | I10: 4.04 | J10: 0.03 | K10: 110.14 | L10: 24.69 | M10: 101.72 | N10: 43.4 | O10: 0 | P10: 0.46 | Q10: 9.28
A11: 16/06/2025 00:45 | B11: 5.64 | C11: 14.88 | D11: 19.83 | E11: 4.06 | F11: 7.41 | G11: 21.75 | H11: 65.45 | I11: 3.97 | J11: 0.15 | K11: 153.38 | L11: 24.74 | M11: 101.58 | N11: 43.2 | O11: 0 | P11: 0.42 | Q11: 9.27
A12: 16/06/2025 01:00 | B12: 6.66 | C12: 15.39 | D12: 19.24 | E12: 3.93 | F12: 7.16 | G12: 19.22 | H12: 55.33 | I12: 3.96 | J12: 0.08 | K12: 169.84 | L12: 24.76 | M12: 100.17 | N12: 43.4 | O12: 0 | P12: 0.42 | Q12: 9.26
A13: 16/06/2025 01:15 | B13: 5.76 | C13: 13.58 | D13: 17.14 | E13: 3.9 | F13: 8.13 | G13: 18.54 | H13: 52.44 | I13: 3.9 | J13: 0.04 | K13: 307.91 | L13: 24.79 | M13: 100.44 | N13: 43.5 | O13: 0 | P13: 0.33 | Q13: 9.26
A14: 16/06/2025 01:30 | B14: 6.86 | C14: 15.13 | D14: 18.43 | E14: 3.96 | F14: 6.05 | G14: 18.54 | H14: 52.44 | I14: 4.02 | J14: 0.08 | K14: 10.7 | L14: 24.8 | M14: 101.24 | N14: 43.5 | O14: 0 | P14: 0.42 | Q14: 9.24
A15: 16/06/2025 01:45 | B15: 5.97 | C15: 14.44 | D15: 18.47 | E15: 4.05 | F15: 9.65 | G15: 18.54 | H15: 52.44 | I15: 4.08 | J15: 0.09 | K15: 73.05 | L15: 24.84 | M15: 101.48 | N15: 43.4 | O15: 0 | P15: 0.32 | Q15: 9.24
A16: 16/06/2025 02:00 | B16: 4.33 | C16: 11.31 | D16: 15 | E16: 4.32 | F16: 13.4 | G16: 16.74 | H16: 41.64 | I16: 4.17 | J16: 0.1 | K16: 156.65 | L16: 24.85 | M16: 100.31 | N16: 43.4 | O16: 0 | P16: 0.23 | Q16: 9.23
A17: 16/06/2025 02:15 | B17: 4.67 | C17: 11.91 | D17: 15.63 | E17: 3.92 | F17: 11.51 | G17: 16.23 | H17: 38.55 | I17: 4.04 | J17: 0.46 | K17: 148.37 | L17: 24.97 | M17: 100.34 | N17: 43.5 | O17: 0 | P17: 0.25 | Q17: 9.25
A18: 16/06/2025 02:30 | B18: 5 | C18: 12 | D18: 15.29 | E18: 4.32 | F18: 13.54 | G18: 16.23 | H18: 38.55 | I18: 3.98 | J18: 0.23 | K18: 146.17 | L18: 24.83 | M18: 100.92 | N18: 43.8 | O18: 0 | P18: 0.22 | Q18: 9.26
A19: 16/06/2025 02:45 | B19: 4.9 | C19: 11.05 | D19: 13.62 | E19: 4.22 | F19: 11.26 | G19: 16.23 | H19: 38.55 | I19: 4.13 | J19: 0.48 | K19: 145.92 | L19: 24.71 | M19: 101.31 | N19: 43.8 | O19: 0 | P19: 0.23 | Q19: 9.27
A20: 16/06/2025 03:00 | B20: 5.26 | C20: 11.77 | D20: 14.46 | E20: 4.39 | F20: 13.56 | G20: 13.29 | H20: 98.69 | I20: 3.95 | J20: 0.08 | K20: 157.87 | L20: 24.64 | M20: 101.48 | N20: 43.8 | O20: 0 | P20: 0.21 | Q20: 9.27
... A104: 16/06/2025 24:00 | B104: 8.57 | C104: 17.86 | D104: 21.02 | E104: 4.83 | F104: 7.63 | G104: 47.52 | H104: 8.62 | I104: 3.89 | J104: 0.29 | K104: 147.27 | L104: 26.52 | M104: 94.05 | N104: 54.7 | O104: 0 | P104: 0.22 | Q104: 9.39
A106: Min | B106: =MIN(B9:B104) -> 3.03 | C106: =MIN(C9:C104) -> 10.5 | D106: =MIN(D9:D104) -> 13.02 | E106: =MIN(E9:E104) -> 3.63 | F106: =MIN(F9:F104) -> 4.12 | G106: =MIN(G9:G104) -> 0 | H106: =MIN(H9:H104) -> -58.68 | I106: =MIN(I9:I104) -> 3.78 | ... Q106: =MIN(Q9:Q104) -> 9.08
A107: Max | B107: =MAX(B9:B104) -> 18.57 | C107: =MAX(C9:C104) -> 36.99 | D107: =MAX(D9:D104) -> 42.29 | E107: =MAX(E9:E104) -> 5.9 | F107: =MAX(F9:F104) -> 18.31 | G107: =MAX(G9:G104) -> 79.6 | H107: =MAX(H9:H104) -> 685.55 | I107: =MAX(I9:I104) -> 4.22 | ... Q107: =MAX(Q9:Q104) -> 9.44
A108: Avg | B108: =AVERAGE(B9:B104) -> 7.3120833 | C108: =AVERAGE(C9:C104) -> 18.2075 | D108: =AVERAGE(D9:D104) -> 23.625521 | E108: =AVERAGE(E9:E104) -> 4.594375 | F108: =AVERAGE(F9:F104) -> 8.7077083 | G108: =AVERAGE(G9:G104) -> 34.130521 | H108: =AVERAGE(H9:H104) -> 67.648021 | I108: =AVERAGE(I9:I104) -> 3.9979167 | ... Q108: =AVERAGE(Q9:Q104) -> 9.2529167
A109: Stdev | B109: =STDEV(B9:B104) -> 2.5416919 | C109: =STDEV(C9:C104) -> 4.2450543 | D109: =STDEV(D9:D104) -> 5.5729013 | E109: =STDEV(E9:E104) -> 0.65337474 | F109: =STDEV(F9:F104) -> 3.0311212 | G109: =STDEV(G9:G104) -> 23.003455 | H109: =STDEV(H9:H104) -> 136.68288 | I109: =STDEV(I9:I104) -> 0.086400739 | ... Q109: =STDEV(Q9:Q104) -> 0.080953745
A110: Num | B110: =COUNT(B9:B104) -> 96 | C110: =COUNT(C9:C104) -> 96 | D110: =COUNT(D9:D104) -> 96 | E110: =COUNT(E9:E104) -> 96 | F110: =COUNT(F9:F104) -> 96 | G110: =COUNT(G9:G104) -> 96 | H110: =COUNT(H9:H104) -> 96 | I110: =COUNT(I9:I104) -> 96 | ... Q110: =COUNT(Q9:Q104) -> 96
A111: DCR | B111: =IF(B110>=87,">90%",IF(B110<=87,"<90%")) -> >90% | C111: =IF(C110>=87,">90%",IF(C110<=87,"<90%")) -> >90% | D111: =IF(D110>=87,">90%",IF(D110<=87,"<90%")) -> >90% | E111: =IF(E110>=87,">90%",IF(E110<=87,"<90%")) -> >90% | F111: =IF(F110>=87,">90%",IF(F110<=87,"<90%")) -> >90% | G111: =IF(G110>=87,">90%",IF(G110<=87,"<90%")) -> >90% | H111: =IF(H110>=87,">90%",IF(H110<=87,"<90%")) -> >90% | I111: =IF(I110>=87,">90%",IF(I110<=87,"<90%")) -> >90% | ... Q111: =IF(Q110>=87,">90%",IF(Q110<=87,"<90%")) -> >90%
A112: Status | B112: =IF(B110>=87,"OK",IF(B110<=87,"LESS")) -> OK | C112: =IF(C110>=87,"OK",IF(C110<=87,"LESS")) -> OK | D112: =IF(D110>=87,"OK",IF(D110<=87,"LESS")) -> OK | E112: =IF(E110>=87,"OK",IF(E110<=87,"LESS")) -> OK | F112: =IF(F110>=87,"OK",IF(F110<=87,"LESS")) -> OK | G112: =IF(G110>=87,"OK",IF(G110<=87,"LESS")) -> OK | H112: =IF(H110>=87,"OK",IF(H110<=87,"LESS")) -> OK | I112: =IF(I110>=87,"OK",IF(I110<=87,"LESS")) -> OK | ... Q112: =IF(Q110>=87,"OK",IF(Q110<=87,"LESS")) -> OK
A115: Done by | B115: RK
A117: Comment

Sheet 17
A1: Station: | B1: BHATAGAON RAIPUR
A2: Date: | B2: =$A$9 -> 17/06/2025 00:15 | D2: Power Off | G2: Pw.Off | L2: Link Fail | N2: Link F | P2: Maintenance | R2: Maint.
A3: Report Type: | B3: Mean | D3: Calibration | G3: Calib. | L3: Data Fail | N3: Data F | P3: Invalid | R3: Invalid
A4: Time Base: | B4: 15 Min | D4: Zero Referrence | G4: Z.Ref | L4: Warm Up | N4: Wm. Up
A7: Date & Time | B7: NO_BHATAGAON | C7: NO2__BHATAGAON | D7: NOX_BHATAGAON | E7: SO2__BHATAGAON | F7: O3__BHATAGAON | G7: PM10__BHATAGAON | H7: PM2_5__BHATAGAON | I7: BENZ__BHATAGAON | J7: WS__BHATAGAON | K7: WD__BHATAGAON | L7: TEMP__BHATAGAON | M7: HUM__BHATAGAON | N7: SR__BHATAGAON | O7: RG__BHATAGAON | P7: CO__BHATAGAON | Q7: NH3__BHATAGAON
B8: ug/m3 | C8: ug/m3 | D8: ppb | E8: ug/m3 | F8: ug/m3 | G8: ug/m3 | H8: ug/m3 | I8: ug/m3 | J8: m/sec | K8: deg | L8: degreC | M8: % | N8: w/m2 | O8: mm | P8: mg/m3 | Q8: ug/m3
A9: 17/06/2025 00:15 | B9: 6.86 | C9: 17.23 | D9: 22.46 | E9: 4.77 | F9: 9.05 | G9: 42.02 | H9: 13.48 | I9: 4.12 | J9: 0.44 | K9: 139.83 | L9: 26.45 | M9: 94.53 | N9: 54.6 | O9: 0 | P9: 0.21 | Q9: 9.41
A10: 17/06/2025 00:30 | B10: 6.61 | C10: 16.7 | D10: 21.83 | E10: 4.55 | F10: 8.8 | G10: 42.02 | H10: 13.48 | I10: 4.04 | J10: 0.21 | K10: 148.98 | L10: 26.36 | M10: 94.26 | N10: 54.7 | O10: 0 | P10: 0.2 | Q10: 9.41
A11: 17/06/2025 00:45 | B11: 6.17 | C11: 15.51 | D11: 20.23 | E11: 4.72 | F11: 9.44 | G11: 42.02 | H11: 13.48 | I11: 3.83 | J11: 0.13 | K11: 165.29 | L11: 26.26 | M11: 94.2 | N11: 54.7 | O11: 0 | P11: 0.18 | Q11: 9.4
A12: 17/06/2025 01:00 | B12: 5.62 | C12: 15.38 | D12: 20.8 | E12: 4.34 | F12: 9.3 | G12: 40.62 | H12: 10.47 | I12: 4.1 | J12: 0.04 | K12: 210.36 | L12: 26.16 | M12: 94.9 | N12: 54.8 | O12: 0 | P12: 0.17 | Q12: 9.39
A13: 17/06/2025 01:15 | B13: 6.14 | C13: 15.77 | D13: 20.76 | E13: 4.66 | F13: 8.96 | G13: 36.78 | H13: 2.22 | I13: 4.19 | J13: 0.07 | K13: 221.08 | L13: 26.11 | M13: 94.3 | N13: 54.6 | O13: 0 | P13: 0.23 | Q13: 9.4
A14: 17/06/2025 01:30 | B14: 7.47 | C14: 16.52 | D14: 20.15 | E14: 4.8 | F14: 9.63 | G14: 36.78 | H14: 2.22 | I14: 4.15 | J14: 0.05 | K14: 179.26 | L14: 26.06 | M14: 93.72 | N14: 54.6 | O14: 0 | P14: 0.24 | Q14: 9.41
A15: 17/06/2025 01:45 | B15: 6.01 | C15: 14.36 | D15: 18.26 | E15: 4.82 | F15: 7.78 | G15: 36.78 | H15: 2.22 | I15: 4.07 | J15: 0.17 | K15: 164.18 | L15: 25.93 | M15: 94.25 | N15: 54.6 | O15: 0 | P15: 0.23 | Q15: 9.41
A16: 17/06/2025 02:00 | B16: 8.08 | C16: 15.76 | D16: 17.77 | E16: 4.77 | F16: 6.33 | G16: 35.35 | H16: 7.96 | I16: 4.16 | J16: 0.16 | K16: 167.72 | L16: 25.8 | M16: 94.04 | N16: 54.6 | O16: 0 | P16: 0.26 | Q16: 9.39
A17: 17/06/2025 02:15 | B17: 7.56 | C17: 14.78 | D17: 16.69 | E17: 4.88 | F17: 7.16 | G17: 31.45 | H17: 23.74 | I17: 3.83 | J17: 0.06 | K17: 208.54 | L17: 25.69 | M17: 94.14 | N17: 54.6 | O17: 0 | P17: 0.23 | Q17: 9.38
A18: 17/06/2025 02:30 | B18: 8.01 | C18: 15.17 | D18: 16.73 | E18: 5.18 | F18: 6.9 | G18: 31.45 | H18: 23.74 | I18: 4.07 | J18: 0.09 | K18: 176.4 | L18: 25.59 | M18: 94.54 | N18: 54.5 | O18: 0 | P18: 0.24 | Q18: 9.35
A19: 17/06/2025 02:45 | B19: 8.64 | C19: 15.41 | D19: 16.24 | E19: 4.86 | F19: 6.06 | G19: 31.45 | H19: 23.74 | I19: 4.06 | J19: 0.07 | K19: 350.83 | L19: 25.66 | M19: 93.8 | N19: 54.4 | O19: 0 | P19: 0.25 | Q19: 9.33
A20: 17/06/2025 03:00 | B20: 9.75 | C20: 17.11 | D20: 17.8 | E20: 4.38 | F20: 4.23 | G20: 30.84 | H20: 24.33 | I20: 4 | J20: 0.16 | K20: 300.47 | L20: 25.74 | M20: 92.86 | N20: 54.5 | O20: 0 | P20: 0.26 | Q20: 9.32
... A104: 17/06/2025 24:00 | B104: 6.23 | C104: 16.06 | D104: 21.19 | E104: 5.54 | F104: 5.2 | G104: 49.42 | H104: 117.51 | I104: 4.04 | J104: 0.14 | K104: 311.11 | L104: 25.8 | M104: 84.57 | N104: 45.6 | O104: 0 | P104: 0.27 | Q104: 9.22
A106: Min | B106: =MIN(B9:B104) -> 3.95 | C106: =MIN(C9:C104) -> 13.16 | D106: =MIN(D9:D104) -> 16.24 | E106: =MIN(E9:E104) -> 3.35 | F106: =MIN(F9:F104) -> 3.22 | G106: =MIN(G9:G104) -> 19.97 | H106: =MIN(H9:H104) -> 0 | I106: =MIN(I9:I104) -> 3.68 | ... Q106: =MIN(Q9:Q104) -> 9.1
A107: Max | B107: =MAX(B9:B104) -> 9.75 | C107: =MAX(C9:C104) -> 22.11 | D107: =MAX(D9:D104) -> 31.49 | E107: =MAX(E9:E104) -> 5.62 | F107: =MAX(F9:F104) -> 15.62 | G107: =MAX(G9:G104) -> 67.53 | H107: =MAX(H9:H104) -> 7300.99 | I107: =MAX(I9:I104) -> 4.2 | ... Q107: =MAX(Q9:Q104) -> 9.41
A108: Avg | B108: =AVERAGE(B9:B104) -> 5.8584375 | C108: =AVERAGE(C9:C104) -> 16.647083 | D108: =AVERAGE(D9:D104) -> 22.871354 | E108: =AVERAGE(E9:E104) -> 4.4276042 | F108: =AVERAGE(F9:F104) -> 6.1602083 | G108: =AVERAGE(G9:G104) -> 46.568438 | H108: =AVERAGE(H9:H104) -> 775.20969 | I108: =AVERAGE(I9:I104) -> 4.0086458 | ... Q108: =AVERAGE(Q9:Q104) -> 9.1978125
A109: Stdev | B109: =STDEV(B9:B104) -> 1.2893061 | C109: =STDEV(C9:C104) -> 1.821169 | D109: =STDEV(D9:D104) -> 3.3930504 | E109: =STDEV(E9:E104) -> 0.56036594 | F109: =STDEV(F9:F104) -> 2.3657521 | G109: =STDEV(G9:G104) -> 14.597543 | H109: =STDEV(H9:H104) -> 1671.2207 | I109: =STDEV(I9:I104) -> 0.092333717 | ... Q109: =STDEV(Q9:Q104) -> 0.078085016
A110: Num | B110: =COUNT(B9:B104) -> 96 | C110: =COUNT(C9:C104) -> 96 | D110: =COUNT(D9:D104) -> 96 | E110: =COUNT(E9:E104) -> 96 | F110: =COUNT(F9:F104) -> 96 | G110: =COUNT(G9:G104)+4 -> 100 | H110: =COUNT(H9:H104)+4 -> 100 | I110: =COUNT(I9:I104) -> 96 | J110: =COUNT(J9:J104) -> 96 | K110: =COUNT(K9:K104) -> 96 | L110: =COUNT(L9:L104) -> 96 | M110: =COUNT(M9:M104) -> 96 | N110: =COUNT(N9:N104) -> 96 | O110: =COUNT(O9:O104) -> 96 | P110: =COUNT(P9:P104) -> 96 | Q110: =COUNT(Q9:Q104) -> 96
A111: DCR | B111: =IF(B110>=87,">90%",IF(B110<=87,"<90%")) -> >90% | C111: =IF(C110>=87,">90%",IF(C110<=87,"<90%")) -> >90% | D111: =IF(D110>=87,">90%",IF(D110<=87,"<90%")) -> >90% | E111: =IF(E110>=87,">90%",IF(E110<=87,"<90%")) -> >90% | F111: =IF(F110>=87,">90%",IF(F110<=87,"<90%")) -> >90% | G111: =IF(G110>=87,">90%",IF(G110<=87,"<90%")) -> >90% | H111: =IF(H110>=87,">90%",IF(H110<=87,"<90%")) -> >90% | I111: =IF(I110>=87,">90%",IF(I110<=87,"<90%")) -> >90% | ... Q111: =IF(Q110>=87,">90%",IF(Q110<=87,"<90%")) -> >90%
A112: Status | B112: =IF(B110>=87,"OK",IF(B110<=87,"LESS")) -> OK | C112: =IF(C110>=87,"OK",IF(C110<=87,"LESS")) -> OK | D112: =IF(D110>=87,"OK",IF(D110<=87,"LESS")) -> OK | E112: =IF(E110>=87,"OK",IF(E110<=87,"LESS")) -> OK | F112: =IF(F110>=87,"OK",IF(F110<=87,"LESS")) -> OK | G112: =IF(G110>=87,"OK",IF(G110<=87,"LESS")) -> OK | H112: =IF(H110>=87,"OK",IF(H110<=87,"LESS")) -> OK | I112: =IF(I110>=87,"OK",IF(I110<=87,"LESS")) -> OK | ... Q112: =IF(Q110>=87,"OK",IF(Q110<=87,"LESS")) -> OK
A115: Done by | B115: RK
A117: Comment

Sheet 19
A1: Station: | B1: BHATAGAON RAIPUR
A2: Date: | B2: =$A$9 -> 19/06/2025 00:15 | D2: Power Off | G2: Pw.Off | L2: Link Fail | N2: Link F | P2: Maintenance | R2: Maint.
A3: Report Type: | B3: Mean | D3: Calibration | G3: Calib. | L3: Data Fail | N3: Data F | P3: Invalid | R3: Invalid
A4: Time Base: | B4: 15 Min | D4: Zero Referrence | G4: Z.Ref | L4: Warm Up | N4: Wm. Up
A7: Date & Time | B7: NO_BHATAGAON | C7: NO2__BHATAGAON | D7: NOX_BHATAGAON | E7: SO2__BHATAGAON | F7: O3__BHATAGAON | G7: PM10__BHATAGAON | H7: PM2_5__BHATAGAON | I7: BENZ__BHATAGAON | J7: WS__BHATAGAON | K7: WD__BHATAGAON | L7: TEMP__BHATAGAON | M7: HUM__BHATAGAON | N7: SR__BHATAGAON | O7: RG__BHATAGAON | P7: CO__BHATAGAON | Q7: NH3__BHATAGAON
B8: ug/m3 | C8: ug/m3 | D8: ppb | E8: ug/m3 | F8: ug/m3 | G8: ug/m3 | H8: ug/m3 | I8: ug/m3 | J8: m/sec | K8: deg | L8: degreC | M8: % | N8: w/m2 | O8: mm | P8: mg/m3 | Q8: ug/m3
A9: 19/06/2025 00:15 | B9: 8.83 | C9: 17.22 | D9: 19.4 | E9: 3.46 | F9: 5.69 | G9: 60.91 | H9: 0 | I9: 3.9 | J9: 0.1 | K9: 121.88 | L9: 26.51 | M9: 84.97 | N9: 53.6 | O9: 0 | P9: 0.24 | Q9: 9.32
A10: 19/06/2025 00:30 | B10: 8.1 | C10: 16.31 | D10: 18.79 | E10: 3.67 | F10: 5.92 | G10: 60.91 | H10: 0 | I10: 3.81 | J10: 0.03 | K10: 294.24 | L10: 26.48 | M10: 85.46 | N10: 53.6 | O10: 0 | P10: 0.24 | Q10: 9.31
A11: 19/06/2025 00:45 | B11: 6.6 | C11: 14.86 | D11: 18.3 | E11: 3.74 | F11: 9.24 | G11: 60.91 | H11: 0 | I11: 4.18 | J11: 0.06 | K11: 313.51 | L11: 26.47 | M11: 85.42 | N11: 53.6 | O11: 0 | P11: 0.2 | Q11: 9.31
A12: 19/06/2025 01:00 | B12: 6.38 | C12: 14.52 | D12: 17.99 | E12: 3.6 | F12: 9.11 | G12: 59.81 | H12: 28.83 | I12: 4.11 | J12: 0.05 | K12: 298.54 | L12: 26.46 | M12: 85.85 | N12: 53.5 | O12: 0 | P12: 0.19 | Q12: 9.33
A13: 19/06/2025 01:15 | B13: 6.76 | C13: 14.38 | D13: 17.15 | E13: 3.5 | F13: 9.52 | G13: 56.79 | H13: 108.1 | I13: 4.01 | J13: 0.1 | K13: 178.09 | L13: 26.37 | M13: 86.66 | N13: 53.6 | O13: 0 | P13: 0.16 | Q13: 9.32
A14: 19/06/2025 01:30 | B14: 6.58 | C14: 14.25 | D14: 17.18 | E14: 3.6 | F14: 8.8 | G14: 56.79 | H14: 108.1 | I14: 4.04 | J14: 0.05 | K14: 227.13 | L14: 26.16 | M14: 88.4 | N14: 53.8 | O14: 0 | P14: 0.19 | Q14: 9.33
A15: 19/06/2025 01:45 | B15: 6.35 | C15: 13.86 | D15: 16.78 | E15: 3.45 | F15: 9.37 | G15: 56.79 | H15: 108.1 | I15: 4 | J15: 0.02 | K15: 173.65 | L15: 26.12 | M15: 88.77 | N15: 53.6 | O15: 0 | P15: 0.18 | Q15: 9.34
A16: 19/06/2025 02:00 | B16: 6.36 | C16: 13.46 | D16: 16 | E16: 3.65 | F16: 8.6 | G16: 54.7 | H16: 109.08 | I16: 3.99 | J16: 0.02 | K16: 284.26 | L16: 26.18 | M16: 88.44 | N16: 53.5 | O16: 0 | P16: 0.18 | Q16: 9.34
A17: 19/06/2025 02:15 | B17: 6.2 | C17: 13.71 | D17: 16.73 | E17: 3.89 | F17: 9.79 | G17: 48.96 | H17: 111.79 | I17: 4.03 | J17: 0.09 | K17: 219.89 | L17: 26.26 | M17: 87.93 | N17: 53.7 | O17: 0 | P17: 0.18 | Q17: 9.34
A18: 19/06/2025 02:30 | B18: 6.96 | C18: 14.37 | D18: 16.83 | E18: 3.9 | F18: 7.01 | G18: 48.96 | H18: 111.79 | I18: 3.88 | J18: 0.07 | K18: 179.44 | L18: 26.17 | M18: 88.57 | N18: 53.9 | O18: 0 | P18: 0.19 | Q18: 9.34
A19: 19/06/2025 02:45 | B19: 9.75 | C19: 17.2 | D19: 17.96 | E19: 3.97 | F19: 4.85 | G19: 48.96 | H19: 111.79 | I19: 4.01 | J19: 0.07 | K19: 241.02 | L19: 26.15 | M19: 88.75 | N19: 53.6 | O19: 0 | P19: 0.22 | Q19: 9.32
A20: 19/06/2025 03:00 | B20: 10.03 | C20: 17.31 | D20: 17.75 | E20: 3.72 | F20: 4.34 | G20: 48.49 | H20: 81.98 | I20: 3.95 | J20: 0.12 | K20: 306.03 | L20: 26.31 | M20: 86.88 | N20: 53.6 | O20: 0 | P20: 0.21 | Q20: 9.31
... A104: 19/06/2025 24:00 | B104: 5.85 | C104: 15.19 | D104: 20.1 | E104: 3.64 | F104: 5.35 | G104: 31.42 | H104: 144.63 | I104: 3.98 | J104: 0.22 | K104: 306.43 | L104: 23.62 | M104: 98.22 | N104: 85.7 | O104: 0 | P104: 0.21 | Q104: 9.15
A106: Min | B106: =MIN(B9:B104) -> 3.58 | C106: =MIN(C9:C104) -> 13.46 | D106: =MIN(D9:D104) -> 16 | E106: =MIN(E9:E104) -> 2.64 | F106: =MIN(F9:F104) -> 3.21 | G106: =MIN(G9:G104) -> 28.04 | H106: =MIN(H9:H104) -> -18.29 | I106: =MIN(I9:I104) -> 3.81 | ... Q106: =MIN(Q9:Q104) -> 9.05
A107: Max | B107: =MAX(B9:B104) -> 74.83 | C107: =MAX(C9:C104) -> 91.08 | D107: =MAX(D9:D104) -> 59.48 | E107: =MAX(E9:E104) -> 4.75 | F107: =MAX(F9:F104) -> 13.07 | G107: =MAX(G9:G104) -> 60.91 | H107: =MAX(H9:H104) -> 1430.92 | I107: =MAX(I9:I104) -> 4.21 | ... Q107: =MAX(Q9:Q104) -> 9.34
A108: Avg | B108: =AVERAGE(B9:B104) -> 8.3176042 | C108: =AVERAGE(C9:C104) -> 17.5 | D108: =AVERAGE(D9:D104) -> 20.728854 | E108: =AVERAGE(E9:E104) -> 3.9583333 | F108: =AVERAGE(F9:F104) -> 6.0111458 | G108: =AVERAGE(G9:G104) -> 45.302708 | H108: =AVERAGE(H9:H104) -> 89.337083 | I108: =AVERAGE(I9:I104) -> 4.0092708 | ... Q108: =AVERAGE(Q9:Q104) -> 9.2046875
A109: Stdev | B109: =STDEV(B9:B104) -> 7.1502658 | C109: =STDEV(C9:C104) -> 7.7645353 | D109: =STDEV(D9:D104) -> 4.718516 | E109: =STDEV(E9:E104) -> 0.34794938 | F109: =STDEV(F9:F104) -> 2.0675492 | G109: =STDEV(G9:G104) -> 10.787576 | H109: =STDEV(H9:H104) -> 272.37983 | I109: =STDEV(I9:I104) -> 0.078395016 | ... Q109: =STDEV(Q9:Q104) -> 0.076460559
A110: Num | B110: =COUNT(B9:B104) -> 96 | C110: =COUNT(C9:C104) -> 96 | D110: =COUNT(D9:D104) -> 96 | E110: =COUNT(E9:E104) -> 96 | F110: =COUNT(F9:F104) -> 96 | G110: =COUNT(G9:G104) -> 96 | H110: =COUNT(H9:H104) -> 96 | I110: =COUNT(I9:I104) -> 96 | ... Q110: =COUNT(Q9:Q104) -> 96
A111: DCR | B111: =IF(B110>=87,">90%",IF(B110<=87,"<90%")) -> >90% | C111: =IF(C110>=87,">90%",IF(C110<=87,"<90%")) -> >90% | D111: =IF(D110>=87,">90%",IF(D110<=87,"<90%")) -> >90% | E111: =IF(E110>=87,">90%",IF(E110<=87,"<90%")) -> >90% | F111: =IF(F110>=87,">90%",IF(F110<=87,"<90%")) -> >90% | G111: =IF(G110>=87,">90%",IF(G110<=87,"<90%")) -> >90% | H111: =IF(H110>=87,">90%",IF(H110<=87,"<90%")) -> >90% | I111: =IF(I110>=87,">90%",IF(I110<=87,"<90%")) -> >90% | ... Q111: =IF(Q110>=87,">90%",IF(Q110<=87,"<90%")) -> >90%
A112: Status | B112: =IF(B110>=87,"OK",IF(B110<=87,"LESS")) -> OK | C112: =IF(C110>=87,"OK",IF(C110<=87,"LESS")) -> OK | D112: =IF(D110>=87,"OK",IF(D110<=87,"LESS")) -> OK | E112: =IF(E110>=87,"OK",IF(E110<=87,"LESS")) -> OK | F112: =IF(F110>=87,"OK",IF(F110<=87,"LESS")) -> OK | G112: =IF(G110>=87,"OK",IF(G110<=87,"LESS")) -> OK | H112: =IF(H110>=87,"OK",IF(H110<=87,"LESS")) -> OK | I112: =IF(I110>=87,"OK",IF(I110<=87,"LESS")) -> OK | ... Q112: =IF(Q110>=87,"OK",IF(Q110<=87,"LESS")) -> OK
A115: Done by | B115: RK
A117: Comment

Sheet 18
A1: Station: | B1: BHATAGAON RAIPUR
A2: Date: | B2: =$A$9 -> 18/06/2025 00:15 | D2: Power Off | G2: Pw.Off | L2: Link Fail | N2: Link F | P2: Maintenance | R2: Maint.
A3: Report Type: | B3: Mean | D3: Calibration | G3: Calib. | L3: Data Fail | N3: Data F | P3: Invalid | R3: Invalid
A4: Time Base: | B4: 15 Min | D4: Zero Referrence | G4: Z.Ref | L4: Warm Up | N4: Wm. Up
A7: Date & Time | B7: NO_BHATAGAON | C7: NO2__BHATAGAON | D7: NOX_BHATAGAON | E7: SO2__BHATAGAON | F7: O3__BHATAGAON | G7: PM10__BHATAGAON | H7: PM2_5__BHATAGAON | I7: BENZ__BHATAGAON | J7: WS__BHATAGAON | K7: WD__BHATAGAON | L7: TEMP__BHATAGAON | M7: HUM__BHATAGAON | N7: SR__BHATAGAON | O7: RG__BHATAGAON | P7: CO__BHATAGAON | Q7: NH3__BHATAGAON
B8: ug/m3 | C8: ug/m3 | D8: ppb | E8: ug/m3 | F8: ug/m3 | G8: ug/m3 | H8: ug/m3 | I8: ug/m3 | J8: m/sec | K8: deg | L8: degreC | M8: % | N8: w/m2 | O8: mm | P8: mg/m3 | Q8: ug/m3
A9: 18/06/2025 00:15 | B9: 5.89 | C9: 15.29 | D9: 20.22 | E9: 4.83 | F9: 5.9 | G9: 48.12 | H9: 374.93 | I9: 4.04 | J9: 0.11 | K9: 324.77 | L9: 25.79 | M9: 85.43 | N9: 45.6 | O9: 0 | P9: 0.27 | Q9: 9.22
A10: 18/06/2025 00:30 | B10: 7.49 | C10: 18.22 | D10: 23.38 | E10: 5.23 | F10: 7 | G10: 48.12 | H10: 374.93 | I10: 4.03 | J10: 0.09 | K10: 310.55 | L10: 25.83 | M10: 85.58 | N10: 45.4 | O10: 0 | P10: 0.25 | Q10: 9.21
A11: 18/06/2025 00:45 | B11: 8.27 | C11: 20.04 | D11: 25.66 | E11: 5.48 | F11: 7.56 | G11: 48.12 | H11: 374.93 | I11: 3.96 | J11: 0.08 | K11: 305.06 | L11: 25.78 | M11: 86.25 | N11: 45.6 | O11: 0 | P11: 0.24 | Q11: 9.2
A12: 18/06/2025 01:00 | B12: 7.58 | C12: 20.62 | D12: 27.83 | E12: 4.86 | F12: 7 | G12: 48.85 | H12: 277.4 | I12: 3.98 | J12: 0.05 | K12: 281.37 | L12: 25.73 | M12: 87.93 | N12: 45.4 | O12: 0 | P12: 0.31 | Q12: 9.2
A13: 18/06/2025 01:15 | B13: 5.27 | C13: 16.34 | D13: 23.18 | E13: 5.04 | F13: 7.83 | G13: 50.75 | H13: 9.22 | I13: 4.07 | J13: 0.07 | K13: 215.85 | L13: 25.63 | M13: 88.74 | N13: 44.8 | O13: 0 | P13: 0.26 | Q13: 9.21
A14: 18/06/2025 01:30 | B14: 5.02 | C14: 15.28 | D14: 21.54 | E14: 4.88 | F14: 7.18 | G14: 50.75 | H14: 9.22 | I14: 3.9 | J14: 0.11 | K14: 211.85 | L14: 25.64 | M14: 88.19 | N14: 45.3 | O14: 0 | P14: 0.25 | Q14: 9.21
A15: 18/06/2025 01:45 | B15: 5.55 | C15: 14.64 | D15: 19.5 | E15: 5.01 | F15: 7.89 | G15: 50.75 | H15: 9.22 | I15: 4 | J15: 0.12 | K15: 190.29 | L15: 25.51 | M15: 89.27 | N15: 45.6 | O15: 0 | P15: 0.2 | Q15: 9.2
A16: 18/06/2025 02:00 | B16: 5.4 | C16: 13.7 | D16: 17.93 | E16: 5 | F16: 7.98 | G16: 50.18 | H16: 18.26 | I16: 3.87 | J16: 0.25 | K16: 147.92 | L16: 25.33 | M16: 90.76 | N16: 45.6 | O16: 0 | P16: 0.2 | Q16: 9.19
A17: 18/06/2025 02:15 | B17: 5.64 | C17: 13.45 | D17: 17.08 | E17: 4.73 | F17: 8.15 | G17: 48.61 | H17: 43.13 | I17: 3.93 | J17: 0.11 | K17: 146.57 | L17: 25.27 | M17: 90.77 | N17: 45.5 | O17: 0 | P17: 0.18 | Q17: 9.18
A18: 18/06/2025 02:30 | B18: 5.01 | C18: 12.57 | D18: 16.37 | E18: 4.8 | F18: 8.84 | G18: 48.61 | H18: 43.13 | I18: 4.01 | J18: 0.06 | K18: 145.32 | L18: 25.22 | M18: 91.21 | N18: 45.6 | O18: 0 | P18: 0.16 | Q18: 9.19
A19: 18/06/2025 02:45 | B19: 13.37 | C19: 24.81 | D19: 26.95 | E19: 4.5 | F19: 8.66 | G19: 48.61 | H19: 43.13 | I19: 3.94 | J19: 0.11 | K19: 197.04 | L19: 25.21 | M19: 92.17 | N19: 45.4 | O19: 0 | P19: 0.15 | Q19: 9.2
A20: 18/06/2025 03:00 | B20: 14.45 | C20: 25.57 | D20: 26.77 | E20: 5.07 | F20: 8.98 | G20: 46.37 | H20: 36.71 | I20: 3.97 | J20: 0.21 | K20: 155.88 | L20: 25.07 | M20: 93.58 | N20: 45.4 | O20: 0 | P20: 0.15 | Q20: 9.23
... A104: 18/06/2025 24:00 | B104: 8.15 | C104: 17.25 | D104: 20.5 | E104: 3.75 | F104: 6.21 | G104: 66.8 | H104: 0 | I104: 4.18 | J104: 0.13 | K104: 162.77 | L104: 26.59 | M104: 84.27 | N104: 53.5 | O104: 0 | P104: 0.25 | Q104: 9.33
A106: Min | B106: =MIN(B9:B104) -> 3.75 | C106: =MIN(C9:C104) -> 11.87 | D106: =MIN(D9:D104) -> 15.25 | E106: =MIN(E9:E104) -> 2.57 | F106: =MIN(F9:F104) -> 3.54 | G106: =MIN(G9:G104) -> 30.58 | H106: =MIN(H9:H104) -> -40.47 | I106: =MIN(I9:I104) -> 3.79 | ... Q106: =MIN(Q9:Q104) -> 9.15
A107: Max | B107: =MAX(B9:B104) -> 14.45 | C107: =MAX(C9:C104) -> 26.7 | D107: =MAX(D9:D104) -> 39.13 | E107: =MAX(E9:E104) -> 6.52 | F107: =MAX(F9:F104) -> 14.52 | G107: =MAX(G9:G104) -> 99.44 | H107: =MAX(H9:H104) -> 4498.76 | I107: =MAX(I9:I104) -> 4.24 | ... Q107: =MAX(Q9:Q104) -> 9.35
A108: Avg | B108: =AVERAGE(B9:B104) -> 7.3686458 | C108: =AVERAGE(C9:C104) -> 19.667396 | D108: =AVERAGE(D9:D104) -> 26.334062 | E108: =AVERAGE(E9:E104) -> 4.78875 | F108: =AVERAGE(F9:F104) -> 6.9463542 | G108: =AVERAGE(G9:G104) -> 65.50875 | H108: =AVERAGE(H9:H104) -> 380.57188 | I108: =AVERAGE(I9:I104) -> 4.0089583 | ... Q108: =AVERAGE(Q9:Q104) -> 9.253125
A109: Stdev | B109: =STDEV(B9:B104) -> 2.0760664 | C109: =STDEV(C9:C104) -> 3.4334522 | D109: =STDEV(D9:D104) -> 6.0237566 | E109: =STDEV(E9:E104) -> 1.1934252 | F109: =STDEV(F9:F104) -> 2.5103626 | G109: =STDEV(G9:G104) -> 20.695334 | H109: =STDEV(H9:H104) -> 927.92308 | I109: =STDEV(I9:I104) -> 0.08700247 | ... Q109: =STDEV(Q9:Q104) -> 0.055975794
A110: Num | B110: =COUNT(B9:B104) -> 96 | C110: =COUNT(C9:C104) -> 96 | D110: =COUNT(D9:D104) -> 96 | E110: =COUNT(E9:E104) -> 96 | F110: =COUNT(F9:F104) -> 96 | G110: =COUNT(G9:G104) -> 96 | H110: =COUNT(H9:H104) -> 96 | I110: =COUNT(I9:I104) -> 96 | ... Q110: =COUNT(Q9:Q104) -> 96
A111: DCR | B111: =IF(B110>=87,">90%",IF(B110<=87,"<90%")) -> >90% | C111: =IF(C110>=87,">90%",IF(C110<=87,"<90%")) -> >90% | D111: =IF(D110>=87,">90%",IF(D110<=87,"<90%")) -> >90% | E111: =IF(E110>=87,">90%",IF(E110<=87,"<90%")) -> >90% | F111: =IF(F110>=87,">90%",IF(F110<=87,"<90%")) -> >90% | G111: =IF(G110>=87,">90%",IF(G110<=87,"<90%")) -> >90% | H111: =IF(H110>=87,">90%",IF(H110<=87,"<90%")) -> >90% | I111: =IF(I110>=87,">90%",IF(I110<=87,"<90%")) -> >90% | ... Q111: =IF(Q110>=87,">90%",IF(Q110<=87,"<90%")) -> >90%
A112: Status | B112: =IF(B110>=87,"OK",IF(B110<=87,"LESS")) -> OK | C112: =IF(C110>=87,"OK",IF(C110<=87,"LESS")) -> OK | D112: =IF(D110>=87,"OK",IF(D110<=87,"LESS")) -> OK | E112: =IF(E110>=87,"OK",IF(E110<=87,"LESS")) -> OK | F112: =IF(F110>=87,"OK",IF(F110<=87,"LESS")) -> OK | G112: =IF(G110>=87,"OK",IF(G110<=87,"LESS")) -> OK | H112: =IF(H110>=87,"OK",IF(H110<=87,"LESS")) -> OK | I112: =IF(I110>=87,"OK",IF(I110<=87,"LESS")) -> OK | ... Q112: =IF(Q110>=87,"OK",IF(Q110<=87,"LESS")) -> OK
A115: Done by | B115: RK
A117: Comment

Sheet 20
A1: Station: | B1: BHATAGAON RAIPUR
A2: Date: | B2: =$A$9 -> 20/06/2025 00:15 | D2: Power Off | G2: Pw.Off | L2: Link Fail | N2: Link F | P2: Maintenance | R2: Maint.
A3: Report Type: | B3: Mean | D3: Calibration | G3: Calib. | L3: Data Fail | N3: Data F | P3: Invalid | R3: Invalid
A4: Time Base: | B4: 15 Min | D4: Zero Referrence | G4: Z.Ref | L4: Warm Up | N4: Wm. Up
A7: Date & Time | B7: NO_BHATAGAON | C7: NO2__BHATAGAON | D7: NOX_BHATAGAON | E7: SO2__BHATAGAON | F7: O3__BHATAGAON | G7: PM10__BHATAGAON | H7: PM2_5__BHATAGAON | I7: BENZ__BHATAGAON | J7: WS__BHATAGAON | K7: WD__BHATAGAON | L7: TEMP__BHATAGAON | M7: HUM__BHATAGAON | N7: SR__BHATAGAON | O7: RG__BHATAGAON | P7: CO__BHATAGAON | Q7: NH3__BHATAGAON
B8: ug/m3 | C8: ug/m3 | D8: ppb | E8: ug/m3 | F8: ug/m3 | G8: ug/m3 | H8: ug/m3 | I8: ug/m3 | J8: m/sec | K8: deg | L8: degreC | M8: % | N8: w/m2 | O8: mm | P8: mg/m3 | Q8: ug/m3
A9: 20/06/2025 00:15 | B9: 4.72 | C9: 14.24 | D9: 20.01 | E9: 3.87 | F9: 3.83 | G9: 26.64 | H9: 529.63 | I9: 3.94 | J9: 0.22 | K9: 314.71 | L9: 23.21 | M9: 98.37 | N9: 82.7 | O9: 0 | P9: 0.2 | Q9: 9.11
A10: 20/06/2025 00:30 | B10: 4.17 | C10: 13.44 | D10: 19.32 | E10: 3.92 | F10: 5.23 | G10: 26.64 | H10: 529.63 | I10: 4.15 | J10: 0.23 | K10: 308.85 | L10: 23.1 | M10: 98.17 | N10: 74.2 | O10: 0.2 | P10: 0.19 | Q10: 9.09
A11: 20/06/2025 00:45 | B11: 4.04 | C11: 13.05 | D11: 18.78 | E11: 3.57 | F11: 5.34 | G11: 26.64 | H11: 529.63 | I11: 4.13 | J11: 0.24 | K11: 317.66 | L11: 22.94 | M11: 98.24 | N11: 68.7 | O11: 0.2 | P11: 0.19 | Q11: 9.06
A12: 20/06/2025 01:00 | B12: 3.91 | C12: 12.76 | D12: 18.41 | E12: 4.22 | F12: 3.78 | G12: 24.7 | H12: 392.26 | I12: 3.97 | J12: 0.17 | K12: 317.26 | L12: 22.79 | M12: 98.31 | N12: 68.8 | O12: 0.2 | P12: 0.19 | Q12: 9.03
A13: 20/06/2025 01:15 | B13: 3.91 | C13: 12.06 | D13: 17.08 | E13: 3.94 | F13: 4.36 | G13: 19.36 | H13: 14.49 | I13: 3.88 | J13: 0.18 | K13: 322.04 | L13: 22.77 | M13: 98.32 | N13: 69.5 | O13: 0 | P13: 0.19 | Q13: 9.03
A14: 20/06/2025 01:30 | B14: 3.88 | C14: 11.84 | D14: 16.7 | E14: 3.98 | F14: 4.17 | G14: 19.36 | H14: 14.49 | I14: 4.06 | J14: 0.19 | K14: 314.08 | L14: 22.85 | M14: 98.28 | N14: 69.2 | O14: 0 | P14: 0.21 | Q14: 9.02
A15: 20/06/2025 01:45 | B15: 3.92 | C15: 11.57 | D15: 16.13 | E15: 3.78 | F15: 4.11 | G15: 19.36 | H15: 14.49 | I15: 4.04 | J15: 0.22 | K15: 302.84 | L15: 22.98 | M15: 98.16 | N15: 69.8 | O15: 0 | P15: 0.19 | Q15: 9.01
A16: 20/06/2025 02:00 | B16: 3.86 | C16: 11.41 | D16: 15.91 | E16: 3.41 | F16: 4.81 | G16: 18.73 | H16: 11.35 | I16: 4.16 | J16: 0.24 | K16: 315.5 | L16: 23.03 | M16: 98.22 | N16: 70.7 | O16: 0 | P16: 0.21 | Q16: 9
A17: 20/06/2025 02:15 | B17: 3.85 | C17: 11.44 | D17: 16 | E17: 3.61 | F17: 3.29 | G17: 17.01 | H17: 2.73 | I17: 3.92 | J17: 0.22 | K17: 319.26 | L17: 23.09 | M17: 98.4 | N17: 77.8 | O17: 0 | P17: 0.18 | Q17: 9
A18: 20/06/2025 02:30 | B18: 3.85 | C18: 11.24 | D18: 15.6 | E18: 3.54 | F18: 4.56 | G18: 17.01 | H18: 2.73 | I18: 4 | J18: 0.21 | K18: 314.04 | L18: 23.14 | M18: 98.45 | N18: 74.5 | O18: 0 | P18: 0.19 | Q18: 8.99
A19: 20/06/2025 02:45 | B19: 3.84 | C19: 11.47 | D19: 16.05 | E19: 3.81 | F19: 3.9 | G19: 17.01 | H19: 2.73 | I19: 4 | J19: 0.23 | K19: 305.51 | L19: 23.2 | M19: 98.4 | N19: 79.8 | O19: 0 | P19: 0.19 | Q19: 8.97
A20: 20/06/2025 03:00 | B20: 3.98 | C20: 11.42 | D20: 15.76 | E20: 3.61 | F20: 3.89 | G20: 15.73 | H20: 2.62 | I20: 3.95 | J20: 0.22 | K20: 294.6 | L20: 23.27 | M20: 98.58 | N20: 76.6 | O20: 0 | P20: 0.17 | Q20: 8.99
... A104: 20/06/2025 24:00 | B104: 10.99 | C104: 19.99 | D104: 21.4 | E104: 5.27 | F104: 6.81 | G104: 79.45 | H104: 31.08 | I104: 4.05 | J104: 0.39 | K104: 136.11 | L104: 24.45 | M104: 98.73 | N104: 52.4 | O104: 0 | P104: 0.41 | Q104: 9.46
A106: Min | B106: =MIN(B9:B104) -> 3.78 | C106: =MIN(C9:C104) -> 11.1 | D106: =MIN(D9:D104) -> 15.42 | E106: =MIN(E9:E104) -> 1.09 | F106: =MIN(F9:F104) -> 2.69 | G106: =MIN(G9:G104) -> 8.33 | H106: =MIN(H9:H104) -> 1.16 | I106: =MIN(I9:I104) -> 3.76 | ... Q106: =MIN(Q9:Q104) -> 8.97
A107: Max | B107: =MAX(B9:B104) -> 21.43 | C107: =MAX(C9:C104) -> 35.54 | D107: =MAX(D9:D104) -> 39.06 | E107: =MAX(E9:E104) -> 5.27 | F107: =MAX(F9:F104) -> 9.01 | G107: =MAX(G9:G104) -> 90.89 | H107: =MAX(H9:H104) -> 529.63 | I107: =MAX(I9:I104) -> 4.16 | ... Q107: =MAX(Q9:Q104) -> 9.49
A108: Avg | B108: =AVERAGE(B9:B104) -> 7.5526042 | C108: =AVERAGE(C9:C104) -> 17.582292 | D108: =AVERAGE(D9:D104) -> 22.059688 | E108: =AVERAGE(E9:E104) -> 3.11375 | F108: =AVERAGE(F9:F104) -> 4.7148958 | G108: =AVERAGE(G9:G104) -> 43.807812 | H108: =AVERAGE(H9:H104) -> 36.789479 | I108: =AVERAGE(I9:I104) -> 3.979375 | ... Q108: =AVERAGE(Q9:Q104) -> 9.17
A109: Stdev | B109: =STDEV(B9:B104) -> 4.5488259 | C109: =STDEV(C9:C104) -> 5.7738568 | D109: =STDEV(D9:D104) -> 4.9283093 | E109: =STDEV(E9:E104) -> 0.83448471 | F109: =STDEV(F9:F104) -> 1.1844937 | G109: =STDEV(G9:G104) -> 26.155628 | H109: =STDEV(H9:H104) -> 97.386228 | I109: =STDEV(I9:I104) -> 0.097633175 | ... Q109: =STDEV(Q9:Q104) -> 0.17850254
A110: Num | B110: =COUNT(B9:B104) -> 96 | C110: =COUNT(C9:C104) -> 96 | D110: =COUNT(D9:D104) -> 96 | E110: =COUNT(E9:E104) -> 96 | F110: =COUNT(F9:F104) -> 96 | G110: =COUNT(G9:G104) -> 96 | H110: =COUNT(H9:H104) -> 96 | I110: =COUNT(I9:I104) -> 96 | ... Q110: =COUNT(Q9:Q104) -> 96
A111: DCR | B111: =IF(B110>=87,">90%",IF(B110<=87,"<90%")) -> >90% | C111: =IF(C110>=87,">90%",IF(C110<=87,"<90%")) -> >90% | D111: =IF(D110>=87,">90%",IF(D110<=87,"<90%")) -> >90% | E111: =IF(E110>=87,">90%",IF(E110<=87,"<90%")) -> >90% | F111: =IF(F110>=87,">90%",IF(F110<=87,"<90%")) -> >90% | G111: =IF(G110>=87,">90%",IF(G110<=87,"<90%")) -> >90% | H111: =IF(H110>=87,">90%",IF(H110<=87,"<90%")) -> >90% | I111: =IF(I110>=87,">90%",IF(I110<=87,"<90%")) -> >90% | ... Q111: =IF(Q110>=87,">90%",IF(Q110<=87,"<90%")) -> >90%
A112: Status | B112: =IF(B110>=87,"OK",IF(B110<=87,"LESS")) -> OK | C112: =IF(C110>=87,"OK",IF(C110<=87,"LESS")) -> OK | D112: =IF(D110>=87,"OK",IF(D110<=87,"LESS")) -> OK | E112: =IF(E110>=87,"OK",IF(E110<=87,"LESS")) -> OK | F112: =IF(F110>=87,"OK",IF(F110<=87,"LESS")) -> OK | G112: =IF(G110>=87,"OK",IF(G110<=87,"LESS")) -> OK | H112: =IF(H110>=87,"OK",IF(H110<=87,"LESS")) -> OK | I112: =IF(I110>=87,"OK",IF(I110<=87,"LESS")) -> OK | ... Q112: =IF(Q110>=87,"OK",IF(Q110<=87,"LESS")) -> OK
A115: Done by | B115: RK
A117: Comment

Sheet 21
A1: Station: | B1: BHATAGAON RAIPUR
A2: Date: | B2: =$A$9 -> 21/06/2025 00:15 | D2: Power Off | G2: Pw.Off | L2: Link Fail | N2: Link F | P2: Maintenance | R2: Maint.
A3: Report Type: | B3: Mean | D3: Calibration | G3: Calib. | L3: Data Fail | N3: Data F | P3: Invalid | R3: Invalid
A4: Time Base: | B4: 15 Min | D4: Zero Referrence | G4: Z.Ref | L4: Warm Up | N4: Wm. Up
A7: Date & Time | B7: NO_BHATAGAON | C7: NO2__BHATAGAON | D7: NOX_BHATAGAON | E7: SO2__BHATAGAON | F7: O3__BHATAGAON | G7: PM10__BHATAGAON | H7: PM2_5__BHATAGAON | I7: BENZ__BHATAGAON | J7: WS__BHATAGAON | K7: WD__BHATAGAON | L7: TEMP__BHATAGAON | M7: HUM__BHATAGAON | N7: SR__BHATAGAON | O7: RG__BHATAGAON | P7: CO__BHATAGAON | Q7: NH3__BHATAGAON
B8: ug/m3 | C8: ug/m3 | D8: ppb | E8: ug/m3 | F8: ug/m3 | G8: ug/m3 | H8: ug/m3 | I8: ug/m3 | J8: m/sec | K8: deg | L8: degreC | M8: % | N8: w/m2 | O8: mm | P8: mg/m3 | Q8: ug/m3
A9: 21/06/2025 00:15 | B9: 13.88 | C9: 20.8 | D9: 18.51 | E9: 4.84 | F9: 3.91 | G9: 80.21 | H9: 25.55 | I9: 4.08 | J9: 0.31 | K9: 136.04 | L9: 24.49 | M9: 98.82 | N9: 52.4 | O9: 0 | P9: 0.52 | Q9: 9.44
A10: 21/06/2025 00:30 | B10: 14.52 | C10: 20.96 | D10: 17.83 | E10: 4.86 | F10: 3.86 | G10: 80.21 | H10: 25.55 | I10: 4.04 | J10: 0.53 | K10: 137.45 | L10: 24.53 | M10: 98.88 | N10: 52.4 | O10: 0 | P10: 0.48 | Q10: 9.41
A11: 21/06/2025 00:45 | B11: 12.91 | C11: 19.99 | D11: 18.45 | E11: 4.69 | F11: 5.06 | G11: 80.21 | H11: 25.55 | I11: 4.16 | J11: 0.07 | K11: 190.1 | L11: 24.53 | M11: 99.11 | N11: 52.4 | O11: 0 | P11: 0.43 | Q11: 9.41
A12: 21/06/2025 01:00 | B12: 14.12 | C12: 20.1 | D12: 16.81 | E12: 4.65 | F12: 4.47 | G12: 77.13 | H12: 25.56 | I12: 4.16 | J12: 0.56 | K12: 132.29 | L12: 24.54 | M12: 99.17 | N12: 52.4 | O12: 0 | P12: 0.48 | Q12: 9.38
A13: 21/06/2025 01:15 | B13: 12.48 | C13: 19.04 | D13: 17.28 | E13: 4.92 | F13: 3.97 | G13: 68.67 | H13: 25.57 | I13: 4.16 | J13: 0.2 | K13: 142.12 | L13: 24.55 | M13: 98.91 | N13: 52.4 | O13: 0 | P13: 0.4 | Q13: 9.35
A14: 21/06/2025 01:30 | B14: 11.31 | C14: 18.27 | D14: 17.62 | E14: 4.75 | F14: 4.98 | G14: 68.67 | H14: 25.57 | I14: 3.94 | J14: 0.14 | K14: 180.55 | L14: 24.56 | M14: 98.94 | N14: 52.4 | O14: 0 | P14: 0.4 | Q14: 9.37
A15: 21/06/2025 01:45 | B15: 12.99 | C15: 18.92 | D15: 16.28 | E15: 4.45 | F15: 4.78 | G15: 68.67 | H15: 25.57 | I15: 3.93 | J15: 0.17 | K15: 145.6 | L15: 24.55 | M15: 99.07 | N15: 52.4 | O15: 0 | P15: 0.45 | Q15: 9.34
A16: 21/06/2025 02:00 | B16: 11.16 | C16: 17.9 | D16: 17.12 | E16: 4.52 | F16: 4.29 | G16: 67.36 | H16: 26.4 | I16: 3.97 | J16: 0.17 | K16: 129.16 | L16: 24.54 | M16: 99.33 | N16: 52.4 | O16: 0 | P16: 0.37 | Q16: 9.33
A17: 21/06/2025 02:15 | B17: 12.18 | C17: 18.3 | D17: 16.34 | E17: 4.72 | F17: 4.76 | G17: 63.75 | H17: 28.65 | I17: 3.93 | J17: 0.3 | K17: 131.69 | L17: 24.54 | M17: 99.2 | N17: 52.4 | O17: 0 | P17: 0.43 | Q17: 9.32
A18: 21/06/2025 02:30 | B18: 10.92 | C18: 17.81 | D18: 17.33 | E18: 4.81 | F18: 3.98 | G18: 63.75 | H18: 28.65 | I18: 4.11 | J18: 0.29 | K18: 138.87 | L18: 24.55 | M18: 98.56 | N18: 52.4 | O18: 0 | P18: 0.36 | Q18: 9.32
A19: 21/06/2025 02:45 | B19: 9.27 | C19: 16.89 | D19: 18.1 | E19: 4.77 | F19: 7.4 | G19: 63.75 | H19: 28.65 | I19: 4.02 | J19: 0.56 | K19: 137.57 | L19: 24.56 | M19: 97.84 | N19: 52.4 | O19: 0 | P19: 0.31 | Q19: 9.32
A20: 21/06/2025 03:00 | B20: 8.17 | C20: 16.24 | D20: 18.55 | E20: 4.62 | F20: 8.51 | G20: 64.67 | H20: 26.64 | I20: 3.92 | J20: 0.19 | K20: 140.34 | L20: 24.53 | M20: 97.88 | N20: 52.4 | O20: 0 | P20: 0.3 | Q20: 9.33
... A104: 21/06/2025 24:00 | B104: 7.63 | C104: 16.32 | D104: 19.52 | E104: 4.13 | F104: 3.72 | G104: 70.65 | H104: 16.33 | I104: 3.85 | J104: 0.79 | K104: 305.64 | L104: 27.09 | M104: 74.12 | N104: 72.5 | O104: 0 | P104: 0.32 | Q104: 9.18
A106: Min | B106: =MIN(B9:B104) -> 4.24 | C106: =MIN(C9:C104) -> 14.73 | D106: =MIN(D9:D104) -> 15.25 | E106: =MIN(E9:E104) -> 4.11 | F106: =MIN(F9:F104) -> 3.22 | G106: =MIN(G9:G104) -> 45.77 | H106: =MIN(H9:H104) -> 7.73 | I106: =MIN(I9:I104) -> 3.79 | ... Q106: =MIN(Q9:Q104) -> 9.04
A107: Max | B107: =MAX(B9:B104) -> 26.17 | C107: =MAX(C9:C104) -> 50.52 | D107: =MAX(D9:D104) -> 56.53 | E107: =MAX(E9:E104) -> 6.48 | F107: =MAX(F9:F104) -> 11.56 | G107: =MAX(G9:G104) -> 82.87 | H107: =MAX(H9:H104) -> 28.65 | I107: =MAX(I9:I104) -> 4.21 | ... Q107: =MAX(Q9:Q104) -> 9.44
A108: Avg | B108: =AVERAGE(B9:B104) -> 8.8929167 | C108: =AVERAGE(C9:C104) -> 19.295104 | D108: =AVERAGE(D9:D104) -> 23.280937 | E108: =AVERAGE(E9:E104) -> 5.4446875 | F108: =AVERAGE(F9:F104) -> 5.6614583 | G108: =AVERAGE(G9:G104) -> 67.994688 | H108: =AVERAGE(H9:H104) -> 17.918229 | I108: =AVERAGE(I9:I104) -> 4.0053125 | ... Q108: =AVERAGE(Q9:Q104) -> 9.2169792
A109: Stdev | B109: =STDEV(B9:B104) -> 3.6968108 | C109: =STDEV(C9:C104) -> 4.7838287 | D109: =STDEV(D9:D104) -> 6.8402753 | E109: =STDEV(E9:E104) -> 0.64768081 | F109: =STDEV(F9:F104) -> 1.6562335 | G109: =STDEV(G9:G104) -> 10.138283 | H109: =STDEV(H9:H104) -> 5.1670338 | I109: =STDEV(I9:I104) -> 0.10102582 | ... Q109: =STDEV(Q9:Q104) -> 0.10933406
A110: Num | B110: =COUNT(B9:B104) -> 96 | C110: =COUNT(C9:C104) -> 96 | D110: =COUNT(D9:D104) -> 96 | E110: =COUNT(E9:E104) -> 96 | F110: =COUNT(F9:F104) -> 96 | G110: =COUNT(G9:G104) -> 96 | H110: =COUNT(H9:H104) -> 96 | I110: =COUNT(I9:I104) -> 96 | ... Q110: =COUNT(Q9:Q104) -> 96
A111: DCR | B111: =IF(B110>=87,">90%",IF(B110<=87,"<90%")) -> >90% | C111: =IF(C110>=87,">90%",IF(C110<=87,"<90%")) -> >90% | D111: =IF(D110>=87,">90%",IF(D110<=87,"<90%")) -> >90% | E111: =IF(E110>=87,">90%",IF(E110<=87,"<90%")) -> >90% | F111: =IF(F110>=87,">90%",IF(F110<=87,"<90%")) -> >90% | G111: =IF(G110>=87,">90%",IF(G110<=87,"<90%")) -> >90% | H111: =IF(H110>=87,">90%",IF(H110<=87,"<90%")) -> >90% | I111: =IF(I110>=87,">90%",IF(I110<=87,"<90%")) -> >90% | ... Q111: =IF(Q110>=87,">90%",IF(Q110<=87,"<90%")) -> >90%
A112: Status | B112: =IF(B110>=87,"OK",IF(B110<=87,"LESS")) -> OK | C112: =IF(C110>=87,"OK",IF(C110<=87,"LESS")) -> OK | D112: =IF(D110>=87,"OK",IF(D110<=87,"LESS")) -> OK | E112: =IF(E110>=87,"OK",IF(E110<=87,"LESS")) -> OK | F112: =IF(F110>=87,"OK",IF(F110<=87,"LESS")) -> OK | G112: =IF(G110>=87,"OK",IF(G110<=87,"LESS")) -> OK | H112: =IF(H110>=87,"OK",IF(H110<=87,"LESS")) -> OK | I112: =IF(I110>=87,"OK",IF(I110<=87,"LESS")) -> OK | ... Q112: =IF(Q110>=87,"OK",IF(Q110<=87,"LESS")) -> OK
A115: Done by | B115: RK
A117: Comment

Sheet 22
A1: Station: | B1: BHATAGAON RAIPUR
A2: Date: | B2: =$A$9 -> 22/06/2025 00:15 | D2: Power Off | G2: Pw.Off | L2: Link Fail | N2: Link F | P2: Maintenance | R2: Maint.
A3: Report Type: | B3: Mean | D3: Calibration | G3: Calib. | L3: Data Fail | N3: Data F | P3: Invalid | R3: Invalid
A4: Time Base: | B4: 15 Min | D4: Zero Referrence | G4: Z.Ref | L4: Warm Up | N4: Wm. Up
A7: Date & Time | B7: NO_BHATAGAON | C7: NO2__BHATAGAON | D7: NOX_BHATAGAON | E7: SO2__BHATAGAON | F7: O3__BHATAGAON | G7: PM10__BHATAGAON | H7: PM2_5__BHATAGAON | I7: BENZ__BHATAGAON | J7: WS__BHATAGAON | K7: WD__BHATAGAON | L7: TEMP__BHATAGAON | M7: HUM__BHATAGAON | N7: SR__BHATAGAON | O7: RG__BHATAGAON | P7: CO__BHATAGAON | Q7: NH3__BHATAGAON
B8: ug/m3 | C8: ug/m3 | D8: ppb | E8: ug/m3 | F8: ug/m3 | G8: ug/m3 | H8: ug/m3 | I8: ug/m3 | J8: m/sec | K8: deg | L8: degreC | M8: % | N8: w/m2 | O8: mm | P8: mg/m3 | Q8: ug/m3
A9: 22/06/2025 00:15 | B9: 6.85 | C9: 15.46 | D9: 19.08 | E9: 5.02 | F9: 4.23 | G9: 68.51 | H9: 15.45 | I9: 3.99 | J9: 0.24 | K9: 310.76 | L9: 26.77 | M9: 77.76 | N9: 71.6 | O9: 0 | P9: 0.33 | Q9: 9.15
A10: 22/06/2025 00:30 | B10: 6.16 | C10: 15.01 | D10: 19.27 | E10: 5.36 | F10: 4.89 | G10: 68.51 | H10: 15.45 | I10: 4.01 | J10: 0.16 | K10: 305.54 | L10: 26.67 | M10: 78.8 | N10: 71.1 | O10: 0 | P10: 0.27 | Q10: 9.14
A11: 22/06/2025 00:45 | B11: 5.85 | C11: 14.56 | D11: 18.9 | E11: 5.61 | F11: 6.31 | G11: 68.51 | H11: 15.45 | I11: 3.88 | J11: 0.11 | K11: 308.45 | L11: 26.64 | M11: 78.98 | N11: 71.9 | O11: 0 | P11: 0.24 | Q11: 9.12
A12: 22/06/2025 01:00 | B12: 5.51 | C12: 14.09 | D12: 18.51 | E12: 4.76 | F12: 6.49 | G12: 65.95 | H12: 14.75 | I12: 3.96 | J12: 0.14 | K12: 317.42 | L12: 26.61 | M12: 78.73 | N12: 77.1 | O12: 0 | P12: 0.24 | Q12: 9.12
A13: 22/06/2025 01:15 | B13: 5.12 | C13: 13.44 | D13: 17.87 | E13: 4.96 | F13: 7.81 | G13: 58.91 | H13: 12.82 | I13: 3.92 | J13: 0.08 | K13: 282.35 | L13: 26.56 | M13: 78.93 | N13: 81.2 | O13: 0 | P13: 0.19 | Q13: 9.13
A14: 22/06/2025 01:30 | B14: 5.25 | C14: 13.04 | D14: 16.9 | E14: 5.35 | F14: 6.43 | G14: 58.91 | H14: 12.82 | I14: 3.95 | J14: 0.12 | K14: 286.34 | L14: 26.54 | M14: 78.88 | N14: 73.3 | O14: 0 | P14: 0.22 | Q14: 9.15
A15: 22/06/2025 01:45 | B15: 5.38 | C15: 12.42 | D15: 15.51 | E15: 5.24 | F15: 7.06 | G15: 58.91 | H15: 12.82 | I15: 4.23 | J15: 0.12 | K15: 302.54 | L15: 26.55 | M15: 79.05 | N15: 72.2 | O15: 0 | P15: 0.2 | Q15: 9.15
A16: 22/06/2025 02:00 | B16: 5.2 | C16: 11.86 | D16: 14.71 | E16: 5.53 | F16: 7.69 | G16: 56.61 | H16: 11.8 | I16: 4.06 | J16: 0.09 | K16: 279.42 | L16: 26.44 | M16: 79.94 | N16: 71.9 | O16: 0 | P16: 0.18 | Q16: 9.14
A17: 22/06/2025 02:15 | B17: 5.32 | C17: 11.91 | D17: 14.64 | E17: 5.03 | F17: 5.7 | G17: 50.27 | H17: 9 | I17: 3.88 | J17: 0.14 | K17: 302.88 | L17: 26.37 | M17: 80.71 | N17: 71.6 | O17: 0 | P17: 0.2 | Q17: 9.13
A18: 22/06/2025 02:30 | B18: 5.42 | C18: 11.87 | D18: 14.4 | E18: 5.4 | F18: 6.38 | G18: 50.27 | H18: 9 | I18: 3.96 | J18: 0.12 | K18: 306.72 | L18: 26.27 | M18: 81.76 | N18: 71.5 | O18: 0 | P18: 0.19 | Q18: 9.13
A19: 22/06/2025 02:45 | B19: 5.78 | C19: 12.41 | D19: 14.87 | E19: 5.3 | F19: 4.37 | G19: 50.27 | H19: 9 | I19: 4.07 | J19: 0.16 | K19: 303.12 | L19: 26.23 | M19: 82.21 | N19: 71.8 | O19: 0 | P19: 0.23 | Q19: 9.12
A20: 22/06/2025 03:00 | B20: 6.04 | C20: 13.1 | D20: 15.81 | E20: 5.37 | F20: 3.79 | G20: 48.95 | H20: 12.89 | I20: 3.9 | J20: 0.18 | K20: 294.11 | L20: 26.21 | M20: 82.41 | N20: 72.4 | O20: 0 | P20: 0.23 | Q20: 9.1
... A104: 22/06/2025 24:00 | B104: 9.79 | C104: 16.97 | D104: 17.44 | E104: 4.55 | F104: 7.83 | G104: 77.24 | H104: 17.69 | I104: 3.99 | J104: 0.05 | K104: 318.78 | L104: 25.71 | M104: 86.89 | N104: 54.6 | O104: 0 | P104: 0.29 | Q104: 9.41
A106: Min | B106: =MIN(B9:B104) -> 4.6 | C106: =MIN(C9:C104) -> 11.86 | D106: =MIN(D9:D104) -> 14.4 | E106: =MIN(E9:E104) -> 3.74 | F106: =MIN(F9:F104) -> 2.88 | G106: =MIN(G9:G104) -> 36 | H106: =MIN(H9:H104) -> 0 | I106: =MIN(I9:I104) -> 3.75 | ... Q106: =MIN(Q9:Q104) -> 9.05
A107: Max | B107: =MAX(B9:B104) -> 18.22 | C107: =MAX(C9:C104) -> 29.57 | D107: =MAX(D9:D104) -> 32.39 | E107: =MAX(E9:E104) -> 5.61 | F107: =MAX(F9:F104) -> 8.75 | G107: =MAX(G9:G104) -> 96.03 | H107: =MAX(H9:H104) -> 302.07 | I107: =MAX(I9:I104) -> 4.23 | ... Q107: =MAX(Q9:Q104) -> 9.43
A108: Avg | B108: =AVERAGE(B9:B104) -> 7.8683333 | C108: =AVERAGE(C9:C104) -> 16.905521 | D108: =AVERAGE(D9:D104) -> 20.281667 | E108: =AVERAGE(E9:E104) -> 4.535 | F108: =AVERAGE(F9:F104) -> 4.8866667 | G108: =AVERAGE(G9:G104) -> 62.558229 | H108: =AVERAGE(H9:H104) -> 49.294896 | I108: =AVERAGE(I9:I104) -> 3.9919792 | ... Q108: =AVERAGE(Q9:Q104) -> 9.1732292
A109: Stdev | B109: =STDEV(B9:B104) -> 3.755558 | C109: =STDEV(C9:C104) -> 4.6226925 | D109: =STDEV(D9:D104) -> 3.964452 | E109: =STDEV(E9:E104) -> 0.50153449 | F109: =STDEV(F9:F104) -> 1.3140037 | G109: =STDEV(G9:G104) -> 17.105747 | H109: =STDEV(H9:H104) -> 71.002322 | I109: =STDEV(I9:I104) -> 0.083573098 | ... Q109: =STDEV(Q9:Q104) -> 0.12517352
A110: Num | B110: =COUNT(B9:B104) -> 96 | C110: =COUNT(C9:C104) -> 96 | D110: =COUNT(D9:D104) -> 96 | E110: =COUNT(E9:E104) -> 96 | F110: =COUNT(F9:F104) -> 96 | G110: =COUNT(G9:G104) -> 96 | H110: =COUNT(H9:H104) -> 96 | I110: =COUNT(I9:I104)+45 -> 141 | J110: =COUNT(J9:J104) -> 96 | K110: =COUNT(K9:K104) -> 96 | L110: =COUNT(L9:L104) -> 96 | M110: =COUNT(M9:M104) -> 96 | N110: =COUNT(N9:N104) -> 96 | O110: =COUNT(O9:O104) -> 96 | P110: =COUNT(P9:P104) -> 96 | Q110: =COUNT(Q9:Q104) -> 96
A111: DCR | B111: =IF(B110>=87,">90%",IF(B110<=87,"<90%")) -> >90% | C111: =IF(C110>=87,">90%",IF(C110<=87,"<90%")) -> >90% | D111: =IF(D110>=87,">90%",IF(D110<=87,"<90%")) -> >90% | E111: =IF(E110>=87,">90%",IF(E110<=87,"<90%")) -> >90% | F111: =IF(F110>=87,">90%",IF(F110<=87,"<90%")) -> >90% | G111: =IF(G110>=87,">90%",IF(G110<=87,"<90%")) -> >90% | H111: =IF(H110>=87,">90%",IF(H110<=87,"<90%")) -> >90% | J111: =IF(J110>=87,">90%",IF(J110<=87,"<90%")) -> >90% | K111: =IF(K110>=87,">90%",IF(K110<=87,"<90%")) -> >90% | L111: =IF(L110>=87,">90%",IF(L110<=87,"<90%")) -> >90% | M111: =IF(M110>=87,">90%",IF(M110<=87,"<90%")) -> >90% | N111: =IF(N110>=87,">90%",IF(N110<=87,"<90%")) -> >90% | O111: =IF(O110>=87,">90%",IF(O110<=87,"<90%")) -> >90% | P111: =IF(P110>=87,">90%",IF(P110<=87,"<90%")) -> >90% | Q111: =IF(Q110>=87,">90%",IF(Q110<=87,"<90%")) -> >90%
A112: Status | B112: =IF(B110>=87,"OK",IF(B110<=87,"LESS")) -> OK | C112: =IF(C110>=87,"OK",IF(C110<=87,"LESS")) -> OK | D112: =IF(D110>=87,"OK",IF(D110<=87,"LESS")) -> OK | E112: =IF(E110>=87,"OK",IF(E110<=87,"LESS")) -> OK | F112: =IF(F110>=87,"OK",IF(F110<=87,"LESS")) -> OK | G112: =IF(G110>=87,"OK",IF(G110<=87,"LESS")) -> OK | H112: =IF(H110>=87,"OK",IF(H110<=87,"LESS")) -> OK | I112: =IF(I110>=87,"OK",IF(I110<=87,"LESS")) -> OK | ... Q112: =IF(Q110>=87,"OK",IF(Q110<=87,"LESS")) -> OK
A115: Done by | B115: SR
A117: Comment

Sheet 24
A1: Station: | B1: BHATAGAON RAIPUR
A2: Date: | B2: =$A$9 -> 24/06/2025 00:15 | D2: Power Off | G2: Pw.Off | L2: Link Fail | N2: Link F | P2: Maintenance | R2: Maint.
A3: Report Type: | B3: Mean | D3: Calibration | G3: Calib. | L3: Data Fail | N3: Data F | P3: Invalid | R3: Invalid
A4: Time Base: | B4: 15 Min | D4: Zero Referrence | G4: Z.Ref | L4: Warm Up | N4: Wm. Up
A7: Date & Time | B7: NO_BHATAGAON | C7: NO2__BHATAGAON | D7: NOX_BHATAGAON | E7: SO2__BHATAGAON | F7: O3__BHATAGAON | G7: PM10__BHATAGAON | H7: PM2_5__BHATAGAON | I7: BENZ__BHATAGAON | J7: WS__BHATAGAON | K7: WD__BHATAGAON | L7: TEMP__BHATAGAON | M7: HUM__BHATAGAON | N7: SR__BHATAGAON | O7: RG__BHATAGAON | P7: CO__BHATAGAON | Q7: NH3__BHATAGAON
B8: ug/m3 | C8: ug/m3 | D8: ppb | E8: ug/m3 | F8: ug/m3 | G8: ug/m3 | H8: ug/m3 | I8: ug/m3 | J8: m/sec | K8: deg | L8: degreC | M8: % | N8: w/m2 | O8: mm | P8: mg/m3 | Q8: ug/m3
A9: 24/06/2025 00:15 | B9: 6.01 | C9: 13.28 | D9: 16.19 | E9: 5 | F9: 3.34 | G9: 37.9 | H9: 1.55 | I9: 4.1 | J9: 0.22 | K9: 301.99 | L9: 25.05 | M9: 89.78 | N9: 52.1 | O9: 0 | P9: 0.24 | Q9: 9.1
A10: 24/06/2025 00:30 | B10: 5.34 | C10: 12.49 | D10: 15.7 | E10: 5.25 | F10: 4.39 | G10: 37.9 | H10: 1.55 | I10: 4.13 | J10: 0.24 | K10: 303.73 | L10: 24.76 | M10: 91.77 | N10: 52.2 | O10: 0 | P10: 0.24 | Q10: 9.06
A11: 24/06/2025 00:45 | B11: 4.82 | C11: 12.17 | D11: 15.9 | E11: 5.05 | F11: 3.56 | G11: 37.9 | H11: 1.55 | I11: 4.08 | J11: 0.23 | K11: 313.44 | L11: 24.6 | M11: 93.1 | N11: 52.1 | O11: 0 | P11: 0.2 | Q11: 9.04
A12: 24/06/2025 01:00 | B12: 4.45 | C12: 11.53 | D12: 15.23 | E12: 5.1 | F12: 4.55 | G12: 37.08 | H12: 1.31 | I12: 4.06 | J12: 0.25 | K12: 292.96 | L12: 24.45 | M12: 94.09 | N12: 52.2 | O12: 0 | P12: 0.2 | Q12: 9.03
A13: 24/06/2025 01:15 | B13: 4.1 | C13: 11.07 | D13: 14.89 | E13: 5.22 | F13: 3.58 | G13: 34.81 | H13: 0.64 | I13: 3.95 | J13: 0.19 | K13: 299.65 | L13: 24.45 | M13: 94.29 | N13: 52.1 | O13: 0 | P13: 0.19 | Q13: 9.02
A14: 24/06/2025 01:30 | B14: 3.95 | C14: 10.74 | D14: 14.5 | E14: 5.04 | F14: 3.97 | G14: 34.81 | H14: 0.64 | I14: 3.9 | J14: 0.2 | K14: 289.88 | L14: 24.47 | M14: 94.55 | N14: 52.1 | O14: 0 | P14: 0.2 | Q14: 9.01
A15: 24/06/2025 01:45 | B15: 3.88 | C15: 10.4 | D15: 13.94 | E15: 4.82 | F15: 4.46 | G15: 34.81 | H15: 0.64 | I15: 3.89 | J15: 0.18 | K15: 305.51 | L15: 24.42 | M15: 94.76 | N15: 52.1 | O15: 0 | P15: 0.18 | Q15: 9.02
A16: 24/06/2025 02:00 | B16: 3.92 | C16: 10.23 | D16: 13.57 | E16: 4.98 | F16: 4.49 | G16: 34.71 | H16: 2.48 | I16: 4.1 | J16: 0.18 | K16: 307.94 | L16: 24.3 | M16: 95.32 | N16: 52.2 | O16: 0 | P16: 0.19 | Q16: 9.02
A17: 24/06/2025 02:15 | B17: 3.93 | C17: 10.11 | D17: 13.33 | E17: 5.05 | F17: 4.97 | G17: 34.42 | H17: 7.53 | I17: 3.97 | J17: 0.14 | K17: 291.47 | L17: 24.33 | M17: 95.1 | N17: 52.2 | O17: 0 | P17: 0.18 | Q17: 9.03
A18: 24/06/2025 02:30 | B18: 3.97 | C18: 10.15 | D18: 13.33 | E18: 5.14 | F18: 4.3 | G18: 34.42 | H18: 7.53 | I18: 3.98 | J18: 0.17 | K18: 287.85 | L18: 23.95 | M18: 97.94 | N18: 51.4 | O18: 0 | P18: 0.17 | Q18: 9.02
A19: 24/06/2025 02:45 | B19: 3.95 | C19: 9.98 | D19: 13.04 | E19: 5.03 | F19: 4.49 | G19: 34.42 | H19: 7.53 | I19: 3.94 | J19: 0.13 | K19: 292.71 | L19: 23.66 | M19: 98.12 | N19: 51.2 | O19: 0 | P19: 0.17 | Q19: 9.04
A20: 24/06/2025 03:00 | B20: 3.95 | C20: 9.69 | D20: 12.48 | E20: 4.92 | F20: 5.79 | G20: 31.69 | H20: 6.62 | I20: 3.86 | J20: 0.12 | K20: 289.53 | L20: 23.36 | M20: 98.13 | N20: 51.1 | O20: 0 | P20: 0.16 | Q20: 9.03
... A104: 24/06/2025 24:00 | B104: 7.49 | C104: 13.29 | D104: 13.95 | E104: 4.41 | F104: 6.33 | G104: 40.34 | H104: 12.78 | I104: 4.22 | J104: 0.07 | K104: 299.1 | L104: 24.44 | M104: 97.74 | N104: 52 | O104: 0 | P104: 0.2 | Q104: 9.18
A106: Min | B106: =MIN(B9:B104) -> 3.88 | C106: =MIN(C9:C104) -> 9.69 | D106: =MIN(D9:D104) -> 12.48 | E106: =MIN(E9:E104) -> 4.28 | F106: =MIN(F9:F104) -> 2.75 | G106: =MIN(G9:G104) -> 17.94 | H106: =MIN(H9:H104) -> 0.64 | I106: =MIN(I9:I104) -> 3.76 | ... Q106: =MIN(Q9:Q104) -> 8.99
A107: Max | B107: =MAX(B9:B104) -> 9.58 | C107: =MAX(C9:C104) -> 18.62 | D107: =MAX(D9:D104) -> 23.71 | E107: =MAX(E9:E104) -> 5.45 | F107: =MAX(F9:F104) -> 7.74 | G107: =MAX(G9:G104) -> 54.42 | H107: =MAX(H9:H104) -> 19.09 | I107: =MAX(I9:I104) -> 4.32 | ... Q107: =MAX(Q9:Q104) -> 9.21
A108: Avg | B108: =AVERAGE(B9:B104) -> 6.0439583 | C108: =AVERAGE(C9:C104) -> 13.784271 | D108: =AVERAGE(D9:D104) -> 17.106563 | E108: =AVERAGE(E9:E104) -> 4.8408333 | F108: =AVERAGE(F9:F104) -> 4.2763542 | G108: =AVERAGE(G9:G104) -> 39.917188 | H108: =AVERAGE(H9:H104) -> 8.7290625 | I108: =AVERAGE(I9:I104) -> 3.9992708 | ... Q108: =AVERAGE(Q9:Q104) -> 9.0878125
A109: Stdev | B109: =STDEV(B9:B104) -> 1.5819691 | C109: =STDEV(C9:C104) -> 2.3639613 | D109: =STDEV(D9:D104) -> 2.9988253 | E109: =STDEV(E9:E104) -> 0.30254244 | F109: =STDEV(F9:F104) -> 1.0112589 | G109: =STDEV(G9:G104) -> 10.966916 | H109: =STDEV(H9:H104) -> 6.007679 | I109: =STDEV(I9:I104) -> 0.096749756 | ... Q109: =STDEV(Q9:Q104) -> 0.057109371
A110: Num | B110: =COUNT(B9:B104) -> 96 | C110: =COUNT(C9:C104) -> 96 | D110: =COUNT(D9:D104) -> 96 | E110: =COUNT(E9:E104) -> 96 | F110: =COUNT(F9:F104) -> 96 | G110: =COUNT(G9:G104) -> 96 | H110: =COUNT(H9:H104) -> 96 | I110: =COUNT(I9:I104) -> 96 | J110: =COUNT(J9:J104)+2 -> 98 | K110: =COUNT(K9:K104) -> 96 | L110: =COUNT(L9:L104) -> 96 | M110: =COUNT(M9:M104) -> 96 | N110: =COUNT(N9:N104) -> 96 | O110: =COUNT(O9:O104) -> 96 | P110: =COUNT(P9:P104) -> 96 | Q110: =COUNT(Q9:Q104) -> 96
A111: DCR | B111: =IF(B110>=87,">90%",IF(B110<=87,"<90%")) -> >90% | C111: =IF(C110>=87,">90%",IF(C110<=87,"<90%")) -> >90% | D111: =IF(D110>=87,">90%",IF(D110<=87,"<90%")) -> >90% | E111: =IF(E110>=87,">90%",IF(E110<=87,"<90%")) -> >90% | F111: =IF(F110>=87,">90%",IF(F110<=87,"<90%")) -> >90% | G111: =IF(G110>=87,">90%",IF(G110<=87,"<90%")) -> >90% | H111: =IF(H110>=87,">90%",IF(H110<=87,"<90%")) -> >90% | I111: =IF(I110>=87,">90%",IF(I110<=87,"<90%")) -> >90% | ... Q111: =IF(Q110>=87,">90%",IF(Q110<=87,"<90%")) -> >90%
A112: Status | B112: =IF(B110>=87,"OK",IF(B110<=87,"LESS")) -> OK | C112: =IF(C110>=87,"OK",IF(C110<=87,"LESS")) -> OK | D112: =IF(D110>=87,"OK",IF(D110<=87,"LESS")) -> OK | E112: =IF(E110>=87,"OK",IF(E110<=87,"LESS")) -> OK | F112: =IF(F110>=87,"OK",IF(F110<=87,"LESS")) -> OK | G112: =IF(G110>=87,"OK",IF(G110<=87,"LESS")) -> OK | H112: =IF(H110>=87,"OK",IF(H110<=87,"LESS")) -> OK | I112: =IF(I110>=87,"OK",IF(I110<=87,"LESS")) -> OK | ... Q112: =IF(Q110>=87,"OK",IF(Q110<=87,"LESS")) -> OK
A115: Done by | B115: RK
A117: Comment

Sheet 23
A1: Station: | B1: BHATAGAON RAIPUR
A2: Date: | B2: =$A$9 -> 23/06/2025 00:15 | D2: Power Off | G2: Pw.Off | L2: Link Fail | N2: Link F | P2: Maintenance | R2: Maint.
A3: Report Type: | B3: Mean | D3: Calibration | G3: Calib. | L3: Data Fail | N3: Data F | P3: Invalid | R3: Invalid
A4: Time Base: | B4: 15 Min | D4: Zero Referrence | G4: Z.Ref | L4: Warm Up | N4: Wm. Up
A7: Date & Time | B7: NO_BHATAGAON | C7: NO2__BHATAGAON | D7: NOX_BHATAGAON | E7: SO2__BHATAGAON | F7: O3__BHATAGAON | G7: PM10__BHATAGAON | H7: PM2_5__BHATAGAON | I7: BENZ__BHATAGAON | J7: WS__BHATAGAON | K7: WD__BHATAGAON | L7: TEMP__BHATAGAON | M7: HUM__BHATAGAON | N7: SR__BHATAGAON | O7: RG__BHATAGAON | P7: CO__BHATAGAON | Q7: NH3__BHATAGAON
B8: ug/m3 | C8: ug/m3 | D8: ppb | E8: ug/m3 | F8: ug/m3 | G8: ug/m3 | H8: ug/m3 | I8: ug/m3 | J8: m/sec | K8: deg | L8: degreC | M8: % | N8: w/m2 | O8: mm | P8: mg/m3 | Q8: ug/m3
A9: 23/06/2025 00:15 | B9: 9.58 | C9: 16.1 | D9: 16.1 | E9: 4.27 | F9: 6.9 | G9: 68.37 | H9: 5.98 | I9: 4.13 | J9: 0.09 | K9: 344.04 | L9: 25.6 | M9: 88.33 | N9: 54.7 | O9: 0 | P9: 0.37 | Q9: 9.39
A10: 23/06/2025 00:30 | B10: 9.7 | C10: 15.93 | D10: 15.61 | E10: 4.19 | F10: 7.13 | G10: 68.37 | H10: 5.98 | I10: 3.87 | J10: 0.06 | K10: 321.56 | L10: 25.5 | M10: 88.63 | N10: 54.6 | O10: 0 | P10: 0.3 | Q10: 9.36
A11: 23/06/2025 00:45 | B11: 10.24 | C11: 16.33 | D11: 15.55 | E11: 3.96 | F11: 5.5 | G11: 68.37 | H11: 5.98 | I11: 4.01 | J11: 0.1 | K11: 323.11 | L11: 25.42 | M11: 89.26 | N11: 54.6 | O11: 0 | P11: 0.34 | Q11: 9.36
A12: 23/06/2025 01:00 | B12: 11.22 | C12: 17.11 | D12: 15.52 | E12: 4.04 | F12: 4.83 | G12: 65.8 | H12: 7.59 | I12: 3.98 | J12: 0.03 | K12: 138.87 | L12: 25.27 | M12: 90.73 | N12: 54.6 | O12: 0 | P12: 0.37 | Q12: 9.32
A13: 23/06/2025 01:15 | B13: 8.87 | C13: 15.26 | D13: 15.59 | E13: 4.2 | F13: 6.28 | G13: 58.7 | H13: 12 | I13: 3.93 | J13: 0.41 | K13: 145.27 | L13: 25.19 | M13: 92.03 | N13: 54.6 | O13: 0 | P13: 0.22 | Q13: 9.31
A14: 23/06/2025 01:30 | B14: 10.02 | C14: 15.72 | D14: 14.71 | E14: 3.96 | F14: 4.24 | G14: 58.7 | H14: 12 | I14: 4.02 | J14: 0.11 | K14: 192.27 | L14: 25.05 | M14: 92.81 | N14: 54.6 | O14: 0 | P14: 0.34 | Q14: 9.28
A15: 23/06/2025 01:45 | B15: 10.28 | C15: 15.99 | D15: 14.82 | E15: 4.08 | F15: 4.1 | G15: 58.7 | H15: 12 | I15: 3.94 | J15: 0.11 | K15: 197.25 | L15: 24.99 | M15: 93.27 | N15: 54.6 | O15: 0 | P15: 0.29 | Q15: 9.26
A16: 23/06/2025 02:00 | B16: 9.36 | C16: 14.87 | D16: 14.11 | E16: 3.94 | F16: 4.77 | G16: 56.14 | H16: 12.29 | I16: 4.04 | J16: 0.12 | K16: 183.14 | L16: 24.81 | M16: 94.92 | N16: 54.7 | O16: 0 | P16: 0.27 | Q16: 9.26
A17: 23/06/2025 02:15 | B17: 10.14 | C17: 15.56 | D17: 14.2 | E17: 3.86 | F17: 4.37 | G17: 49.1 | H17: 13.07 | I17: 3.96 | J17: 0.05 | K17: 306.94 | L17: 24.77 | M17: 95.09 | N17: 54.6 | O17: 0 | P17: 0.3 | Q17: 9.23
A18: 23/06/2025 02:30 | B18: 8.41 | C18: 14.37 | D18: 14.59 | E18: 4.06 | F18: 5.81 | G18: 49.1 | H18: 13.07 | I18: 3.94 | J18: 0.29 | K18: 146.52 | L18: 24.74 | M18: 95.75 | N18: 54.7 | O18: 0 | P18: 0.21 | Q18: 9.23
A19: 23/06/2025 02:45 | B19: 9.21 | C19: 14.73 | D19: 14.06 | E19: 3.91 | F19: 3.8 | G19: 49.1 | H19: 13.07 | I19: 4 | J19: 0.01 | K19: 245.68 | L19: 24.8 | M19: 94.77 | N19: 54.6 | O19: 0 | P19: 0.26 | Q19: 9.21
A20: 23/06/2025 03:00 | B20: 8.95 | C20: 14.5 | D20: 14.02 | E20: 3.92 | F20: 4.63 | G20: 47.03 | H20: 11.6 | I20: 4.08 | J20: 0.39 | K20: 149.13 | L20: 24.74 | M20: 95.33 | N20: 54.9 | O20: 0 | P20: 0.22 | Q20: 9.2
... A104: 23/06/2025 24:00 | B104: 6.77 | C104: 14.31 | D104: 17 | E104: 4.97 | F104: 3.19 | G104: 50.14 | H104: 4.73 | I104: 3.93 | J104: 0.15 | K104: 311.32 | L104: 25.21 | M104: 88.69 | N104: 52 | O104: 0 | P104: 0.27 | Q104: 9.12
A106: Min | B106: =MIN(B9:B104) -> 4.24 | C106: =MIN(C9:C104) -> 12.4 | D106: =MIN(D9:D104) -> 12.9 | E106: =MIN(E9:E104) -> 3.56 | F106: =MIN(F9:F104) -> 2.71 | G106: =MIN(G9:G104) -> 30.22 | H106: =MIN(H9:H104) -> 0.8 | I106: =MIN(I9:I104) -> 3.8 | ... Q106: =MIN(Q9:Q104) -> 9.09
A107: Max | B107: =MAX(B9:B104) -> 11.22 | C107: =MAX(C9:C104) -> 21.92 | D107: =MAX(D9:D104) -> 25.4 | E107: =MAX(E9:E104) -> 5.43 | F107: =MAX(F9:F104) -> 7.85 | G107: =MAX(G9:G104) -> 69.86 | H107: =MAX(H9:H104) -> 707.68 | I107: =MAX(I9:I104) -> 4.3 | ... Q107: =MAX(Q9:Q104) -> 9.39
A108: Avg | B108: =AVERAGE(B9:B104) -> 7.5923958 | C108: =AVERAGE(C9:C104) -> 16.040937 | D108: =AVERAGE(D9:D104) -> 19.049583 | E108: =AVERAGE(E9:E104) -> 4.4340625 | F108: =AVERAGE(F9:F104) -> 4.4373958 | G108: =AVERAGE(G9:G104) -> 52.048854 | H108: =AVERAGE(H9:H104) -> 41.314375 | I108: =AVERAGE(I9:I104) -> 4.0001042 | ... Q108: =AVERAGE(Q9:Q104) -> 9.1754167
A109: Stdev | B109: =STDEV(B9:B104) -> 1.9968801 | C109: =STDEV(C9:C104) -> 1.8496982 | D109: =STDEV(D9:D104) -> 3.3688045 | E109: =STDEV(E9:E104) -> 0.38123229 | F109: =STDEV(F9:F104) -> 0.97113742 | G109: =STDEV(G9:G104) -> 13.358728 | H109: =STDEV(H9:H104) -> 132.78345 | I109: =STDEV(I9:I104) -> 0.083659646 | ... Q109: =STDEV(Q9:Q104) -> 0.066489677
A110: Num | B110: =COUNT(B9:B104) -> 96 | C110: =COUNT(C9:C104) -> 96 | D110: =COUNT(D9:D104) -> 96 | E110: =COUNT(E9:E104) -> 96 | F110: =COUNT(F9:F104) -> 96 | G110: =COUNT(G9:G104) -> 96 | H110: =COUNT(H9:H104) -> 96 | I110: =COUNT(I9:I104) -> 96 | J110: =COUNT(J9:J104)+1 -> 97 | K110: =COUNT(K9:K104) -> 96 | L110: =COUNT(L9:L104) -> 96 | M110: =COUNT(M9:M104) -> 96 | N110: =COUNT(N9:N104) -> 96 | O110: =COUNT(O9:O104) -> 96 | P110: =COUNT(P9:P104) -> 96 | Q110: =COUNT(Q9:Q104) -> 96
A111: DCR | B111: =IF(B110>=87,">90%",IF(B110<=87,"<90%")) -> >90% | C111: =IF(C110>=87,">90%",IF(C110<=87,"<90%")) -> >90% | D111: =IF(D110>=87,">90%",IF(D110<=87,"<90%")) -> >90% | E111: =IF(E110>=87,">90%",IF(E110<=87,"<90%")) -> >90% | F111: =IF(F110>=87,">90%",IF(F110<=87,"<90%")) -> >90% | G111: =IF(G110>=87,">90%",IF(G110<=87,"<90%")) -> >90% | H111: =IF(H110>=87,">90%",IF(H110<=87,"<90%")) -> >90% | I111: =IF(I110>=87,">90%",IF(I110<=87,"<90%")) -> >90% | ... Q111: =IF(Q110>=87,">90%",IF(Q110<=87,"<90%")) -> >90%
A112: Status | B112: =IF(B110>=87,"OK",IF(B110<=87,"LESS")) -> OK | C112: =IF(C110>=87,"OK",IF(C110<=87,"LESS")) -> OK | D112: =IF(D110>=87,"OK",IF(D110<=87,"LESS")) -> OK | E112: =IF(E110>=87,"OK",IF(E110<=87,"LESS")) -> OK | F112: =IF(F110>=87,"OK",IF(F110<=87,"LESS")) -> OK | G112: =IF(G110>=87,"OK",IF(G110<=87,"LESS")) -> OK | H112: =IF(H110>=87,"OK",IF(H110<=87,"LESS")) -> OK | I112: =IF(I110>=87,"OK",IF(I110<=87,"LESS")) -> OK | ... Q112: =IF(Q110>=87,"OK",IF(Q110<=87,"LESS")) -> OK
A115: Done by | B115: RK
A117: Comment

Sheet 25
A1: Station: | B1: BHATAGAON RAIPUR
A2: Date: | B2: =$A$9 -> 25/06/2025 00:15 | D2: Power Off | G2: Pw.Off | L2: Link Fail | N2: Link F | P2: Maintenance | R2: Maint.
A3: Report Type: | B3: Mean | D3: Calibration | G3: Calib. | L3: Data Fail | N3: Data F | P3: Invalid | R3: Invalid
A4: Time Base: | B4: 15 Min | D4: Zero Referrence | G4: Z.Ref | L4: Warm Up | N4: Wm. Up
A7: Date & Time | B7: NO_BHATAGAON | C7: NO2__BHATAGAON | D7: NOX_BHATAGAON | E7: SO2__BHATAGAON | F7: O3__BHATAGAON | G7: PM10__BHATAGAON | H7: PM2_5__BHATAGAON | I7: BENZ__BHATAGAON | J7: WS__BHATAGAON | K7: WD__BHATAGAON | L7: TEMP__BHATAGAON | M7: HUM__BHATAGAON | N7: SR__BHATAGAON | O7: RG__BHATAGAON | P7: CO__BHATAGAON | Q7: NH3__BHATAGAON
B8: ug/m3 | C8: ug/m3 | D8: ppb | E8: ug/m3 | F8: ug/m3 | G8: ug/m3 | H8: ug/m3 | I8: ug/m3 | J8: m/sec | K8: deg | L8: degreC | M8: % | N8: w/m2 | O8: mm | P8: mg/m3 | Q8: ug/m3
A9: 25/06/2025 00:15 | B9: 7.79 | C9: 13.37 | D9: 13.64 | E9: 4.9 | F9: 4.75 | G9: 35.66 | H9: 13.31 | I9: 3.89 | J9: 0.1 | K9: 327.44 | L9: 24.44 | M9: 97.74 | N9: 52 | O9: 0 | P9: 0.2 | Q9: 9.18
A10: 25/06/2025 00:30 | B10: 7.28 | C10: 12.76 | D10: 13.25 | E10: 4.87 | F10: 6.9 | G10: 35.66 | H10: 13.31 | I10: 4.09 | J10: 0.03 | K10: 192.83 | L10: 24.42 | M10: 97.75 | N10: 52.3 | O10: 0 | P10: 0.18 | Q10: 9.18
A11: 25/06/2025 00:45 | B11: 6.93 | C11: 12.34 | D11: 12.99 | E11: 4.75 | F11: 7.53 | G11: 35.66 | H11: 13.31 | I11: 4.13 | J11: 0.07 | K11: 231.16 | L11: 24.35 | M11: 97.77 | N11: 52.4 | O11: 0 | P11: 0.17 | Q11: 9.19
A12: 25/06/2025 01:00 | B12: 6.79 | C12: 12.1 | D12: 12.75 | E12: 5 | F12: 7.1 | G12: 35.74 | H12: 12.28 | I12: 3.97 | J12: 0.06 | K12: 216.96 | L12: 24.28 | M12: 97.78 | N12: 52.3 | O12: 0 | P12: 0.16 | Q12: 9.19
A13: 25/06/2025 01:15 | B13: 6.63 | C13: 11.79 | D13: 12.38 | E13: 5.18 | F13: 7.37 | G13: 35.92 | H13: 9.46 | I13: 3.9 | J13: 0.04 | K13: 320.22 | L13: 24.29 | M13: 97.78 | N13: 52.4 | O13: 0 | P13: 0.2 | Q13: 9.19
A14: 25/06/2025 01:30 | B14: 8.14 | C14: 13.34 | D14: 13.05 | E14: 5.29 | F14: 4.29 | G14: 35.92 | H14: 9.46 | I14: 3.81 | J14: 0.09 | K14: 334.96 | L14: 24.34 | M14: 97.79 | N14: 52.7 | O14: 0 | P14: 0.24 | Q14: 9.19
A15: 25/06/2025 01:45 | B15: 9.13 | C15: 14.6 | D15: 13.94 | E15: 5.34 | F15: 3.39 | G15: 35.92 | H15: 9.46 | I15: 4.08 | J15: 0.11 | K15: 321.06 | L15: 24.43 | M15: 97.8 | N15: 52.8 | O15: 0 | P15: 0.24 | Q15: 9.17
A16: 25/06/2025 02:00 | B16: 9.02 | C16: 14.42 | D16: 13.76 | E16: 5.17 | F16: 3.36 | G16: 33.86 | H16: 9.03 | I16: 4.12 | J16: 0.12 | K16: 311.92 | L16: 24.36 | M16: 97.67 | N16: 53 | O16: 0 | P16: 0.23 | Q16: 9.14
A17: 25/06/2025 02:15 | B17: 8.57 | C17: 14.22 | D17: 14.06 | E17: 5.38 | F17: 3.92 | G17: 28.17 | H17: 7.86 | I17: 3.95 | J17: 0.18 | K17: 313.22 | L17: 24.28 | M17: 97.64 | N17: 53.1 | O17: 0 | P17: 0.23 | Q17: 9.13
A18: 25/06/2025 02:30 | B18: 7.99 | C18: 13.96 | D18: 14.46 | E18: 4.85 | F18: 3.56 | G18: 28.17 | H18: 7.86 | I18: 4.04 | J18: 0.17 | K18: 304.82 | L18: 24.21 | M18: 97.53 | N18: 53.1 | O18: 0 | P18: 0.21 | Q18: 9.12
A19: 25/06/2025 02:45 | B19: 7.35 | C19: 13.48 | D19: 14.52 | E19: 5.09 | F19: 3.69 | G19: 28.17 | H19: 7.86 | I19: 4.02 | J19: 0.15 | K19: 313.15 | L19: 24.11 | M19: 97.38 | N19: 53.1 | O19: 0 | P19: 0.21 | Q19: 9.08
A20: 25/06/2025 03:00 | B20: 6.82 | C20: 13.03 | D20: 14.48 | E20: 4.73 | F20: 3.51 | G20: 28.79 | H20: 7.85 | I20: 3.81 | J20: 0.16 | K20: 300.73 | L20: 24.01 | M20: 97.38 | N20: 53.1 | O20: 0 | P20: 0.19 | Q20: 9.06
... A104: 25/06/2025 24:00 | B104: 9.14 | C104: 12.88 | D104: 10.63 | E104: 5.31 | F104: 3.85 | G104: 18.8 | H104: 9.53 | I104: 3.91 | J104: 0.07 | K104: 306.63 | L104: 23.88 | M104: 97.68 | N104: 83.8 | O104: 0 | P104: 0.27 | Q104: 9.18
A106: Min | B106: =MIN(B9:B104) -> 2.66 | C106: =MIN(C9:C104) -> 5.27 | D106: =MIN(D9:D104) -> 5.99 | E106: =MIN(E9:E104) -> 3.58 | F106: =MIN(F9:F104) -> 2.77 | G106: =MIN(G9:G104) -> 0 | H106: =MIN(H9:H104) -> -9.94 | I106: =MIN(I9:I104) -> 3.81 | ... Q106: =MIN(Q9:Q104) -> 0
A107: Max | B107: =MAX(B9:B104) -> 186.05 | C107: =MAX(C9:C104) -> 283.11 | D107: =MAX(D9:D104) -> 99.74 | E107: =MAX(E9:E104) -> 242.71 | F107: =MAX(F9:F104) -> 10.2 | G107: =MAX(G9:G104) -> 145.09 | H107: =MAX(H9:H104) -> 15.7 | I107: =MAX(I9:I104) -> 4.22 | ... Q107: =MAX(Q9:Q104) -> 9.29
A108: Avg | B108: =AVERAGE(B9:B104) -> 11.084583 | C108: =AVERAGE(C9:C104) -> 21.619167 | D108: =AVERAGE(D9:D104) -> 19.759896 | E108: =AVERAGE(E9:E104) -> 9.7516667 | F108: =AVERAGE(F9:F104) -> 4.9127083 | G108: =AVERAGE(G9:G104) -> 40.536042 | H108: =AVERAGE(H9:H104) -> 7.46125 | I108: =AVERAGE(I9:I104) -> 4.0072917 | ... Q108: =AVERAGE(Q9:Q104) -> 8.9713542
A109: Stdev | B109: =STDEV(B9:B104) -> 25.546659 | C109: =STDEV(C9:C104) -> 38.59592 | D109: =STDEV(D9:D104) -> 12.609455 | E109: =STDEV(E9:E104) -> 32.964117 | F109: =STDEV(F9:F104) -> 1.7298588 | G109: =STDEV(G9:G104) -> 31.334404 | H109: =STDEV(H9:H104) -> 5.6944735 | I109: =STDEV(I9:I104) -> 0.10098962 | ... Q109: =STDEV(Q9:Q104) -> 1.3168956
A110: Num | B110: =COUNT(B9:B104) -> 96 | C110: =COUNT(C9:C104) -> 96 | D110: =COUNT(D9:D104) -> 96 | E110: =COUNT(E9:E104) -> 96 | F110: =COUNT(F9:F104) -> 96 | G110: =COUNT(G9:G104) -> 96 | H110: =COUNT(H9:H104) -> 96 | I110: =COUNT(I9:I104)+48 -> 144 | J110: =COUNT(J9:J104) -> 96 | K110: =COUNT(K9:K104) -> 96 | L110: =COUNT(L9:L104) -> 96 | M110: =COUNT(M9:M104) -> 96 | N110: =COUNT(N9:N104) -> 96 | O110: =COUNT(O9:O104) -> 96 | P110: =COUNT(P9:P104) -> 96 | Q110: =COUNT(Q9:Q104) -> 96
A111: DCR | B111: =IF(B110>=87,">90%",IF(B110<=87,"<90%")) -> >90% | C111: =IF(C110>=87,">90%",IF(C110<=87,"<90%")) -> >90% | D111: =IF(D110>=87,">90%",IF(D110<=87,"<90%")) -> >90% | E111: =IF(E110>=87,">90%",IF(E110<=87,"<90%")) -> >90% | F111: =IF(F110>=87,">90%",IF(F110<=87,"<90%")) -> >90% | G111: =IF(G110>=87,">90%",IF(G110<=87,"<90%")) -> >90% | H111: =IF(H110>=87,">90%",IF(H110<=87,"<90%")) -> >90% | I111: =IF(I110>=87,">90%",IF(I110<=87,"<90%")) -> >90% | ... Q111: =IF(Q110>=87,">90%",IF(Q110<=87,"<90%")) -> >90%
A112: Status | B112: =IF(B110>=87,"OK",IF(B110<=87,"LESS")) -> OK | C112: =IF(C110>=87,"OK",IF(C110<=87,"LESS")) -> OK | D112: =IF(D110>=87,"OK",IF(D110<=87,"LESS")) -> OK | E112: =IF(E110>=87,"OK",IF(E110<=87,"LESS")) -> OK | F112: =IF(F110>=87,"OK",IF(F110<=87,"LESS")) -> OK | G112: =IF(G110>=87,"OK",IF(G110<=87,"LESS")) -> OK | H112: =IF(H110>=87,"OK",IF(H110<=87,"LESS")) -> OK | I112: =IF(I110>=87,"OK",IF(I110<=87,"LESS")) -> OK | ... Q112: =IF(Q110>=87,"OK",IF(Q110<=87,"LESS")) -> OK
A115: Done by | B115: RK
A117: Comment

Sheet 26
A1: Station: | B1: BHATAGAON RAIPUR
A2: Date: | B2: =$A$9 -> 26/06/2025 00:15 | D2: Power Off | G2: Pw.Off | L2: Link Fail | N2: Link F | P2: Maintenance | R2: Maint.
A3: Report Type: | B3: Mean | D3: Calibration | G3: Calib. | L3: Data Fail | N3: Data F | P3: Invalid | R3: Invalid
A4: Time Base: | B4: 15 Min | D4: Zero Referrence | G4: Z.Ref | L4: Warm Up | N4: Wm. Up
A7: Date & Time | B7: NO_BHATAGAON | C7: NO2__BHATAGAON | D7: NOX_BHATAGAON | E7: SO2__BHATAGAON | F7: O3__BHATAGAON | G7: PM10__BHATAGAON | H7: PM2_5__BHATAGAON | I7: BENZ__BHATAGAON | J7: WS__BHATAGAON | K7: WD__BHATAGAON | L7: TEMP__BHATAGAON | M7: HUM__BHATAGAON | N7: SR__BHATAGAON | O7: RG__BHATAGAON | P7: CO__BHATAGAON | Q7: NH3__BHATAGAON
B8: ug/m3 | C8: ug/m3 | D8: ppb | E8: ug/m3 | F8: ug/m3 | G8: ug/m3 | H8: ug/m3 | I8: ug/m3 | J8: m/sec | K8: deg | L8: degreC | M8: % | N8: w/m2 | O8: mm | P8: mg/m3 | Q8: ug/m3
A9: 26/06/2025 00:15 | B9: 9.62 | C9: 14.16 | D9: 12.33 | E9: 4.75 | F9: 5.91 | G9: 18.8 | H9: 9.53 | I9: 3.93 | J9: 0.1 | K9: 304.91 | L9: 23.92 | M9: 97.69 | N9: 84.1 | O9: 0 | P9: 0.26 | Q9: 9.17
A10: 26/06/2025 00:30 | B10: 9.29 | C10: 12.97 | D10: 10.55 | E10: 4.73 | F10: 3.73 | G10: 18.8 | H10: 9.53 | I10: 4.03 | J10: 0.14 | K10: 304.19 | L10: 23.94 | M10: 97.7 | N10: 84.2 | O10: 0 | P10: 0.27 | Q10: 9.16
A11: 26/06/2025 00:45 | B11: 8.62 | C11: 12.68 | D11: 11.04 | E11: 4.82 | F11: 4.36 | G11: 20.52 | H11: 7.33 | I11: 4.13 | J11: 0.08 | K11: 295.22 | L11: 23.9 | M11: 97.7 | N11: 85.7 | O11: 0.2 | P11: 0.23 | Q11: 9.15
A12: 26/06/2025 01:00 | B12: 8.51 | C12: 12.41 | D12: 10.69 | E12: 4.94 | F12: 4.86 | G12: 21.08 | H12: 6.67 | I12: 4.15 | J12: 0.06 | K12: 306.26 | L12: 23.84 | M12: 97.71 | N12: 86.1 | O12: 0.4 | P12: 0.26 | Q12: 9.13
A13: 26/06/2025 01:15 | B13: 8.14 | C13: 12.22 | D13: 10.89 | E13: 4.83 | F13: 4.99 | G13: 21.08 | H13: 6.67 | I13: 4.01 | J13: 0.06 | K13: 276.64 | L13: 23.75 | M13: 97.7 | N13: 84.5 | O13: 0 | P13: 0.27 | Q13: 9.12
A14: 26/06/2025 01:30 | B14: 7.52 | C14: 12.65 | D14: 12.68 | E14: 4.85 | F14: 6.18 | G14: 21.08 | H14: 6.67 | I14: 3.95 | J14: 0.07 | K14: 130.43 | L14: 23.73 | M14: 97.73 | N14: 82.2 | O14: 0.4 | P14: 0.26 | Q14: 9.13
A15: 26/06/2025 01:45 | B15: 8.23 | C15: 12.27 | D15: 10.85 | E15: 4.94 | F15: 4.2 | G15: 19.99 | H15: 7.66 | I15: 4.17 | J15: 0.06 | K15: 292.11 | L15: 23.64 | M15: 97.75 | N15: 82 | O15: 0.4 | P15: 0.3 | Q15: 9.13
A16: 26/06/2025 02:00 | B16: 8.11 | C16: 12.12 | D16: 10.75 | E16: 4.96 | F16: 6.22 | G16: 19.64 | H16: 7.99 | I16: 4.06 | J16: 0.07 | K16: 302.2 | L16: 23.58 | M16: 97.75 | N16: 81.7 | O16: 0.4 | P16: 0.28 | Q16: 9.14
A17: 26/06/2025 02:15 | B17: 6.21 | C17: 10.47 | D17: 10.51 | E17: 4.72 | F17: 9.1 | G17: 19.64 | H17: 7.99 | I17: 3.9 | J17: 0.05 | K17: 270 | L17: 23.54 | M17: 97.73 | N17: 81.9 | O17: 0.4 | P17: 0.24 | Q17: 9.14
A18: 26/06/2025 02:30 | B18: 5.34 | C18: 10.07 | D18: 11.09 | E18: 4.79 | F18: 9.33 | G18: 19.64 | H18: 7.99 | I18: 4.02 | J18: 0.07 | K18: 218.95 | L18: 23.54 | M18: 97.73 | N18: 82.4 | O18: 0.4 | P18: 0.24 | Q18: 9.16
A19: 26/06/2025 02:45 | B19: 5.45 | C19: 10.5 | D19: 11.73 | E19: 4.95 | F19: 9 | G19: 18.52 | H19: 9.46 | I19: 3.9 | J19: 0.09 | K19: 226.9 | L19: 23.51 | M19: 97.73 | N19: 83.3 | O19: 0.2 | P19: 0.24 | Q19: 9.16
A20: 26/06/2025 03:00 | B20: 5.81 | C20: 11.09 | D20: 12.32 | E20: 4.87 | F20: 8.39 | G20: 18.16 | H20: 9.93 | I20: 4.02 | J20: 0.14 | K20: 150.08 | L20: 23.5 | M20: 97.73 | N20: 83.3 | O20: 0 | P20: 0.22 | Q20: 9.18
... A104: 26/06/2025 24:00 | B104: 7.87 | C104: 11.9 | D104: 12.53 | E104: 4.3 | F104: 4.59 | G104: 30.12 | H104: 3.98 | I104: 1 | J104: 0.07 | K104: 348.65 | L104: 23.73 | M104: 97.65 | N104: 79.7 | O104: 0 | P104: 0.28 | Q104: 9.11
A106: Min | B106: =MIN(B9:B104) -> 4.72 | C106: =MIN(C9:C104) -> 9.9 | D106: =MIN(D9:D104) -> 8.73 | E106: =MIN(E9:E104) -> 3.7 | F106: =MIN(F9:F104) -> 2.77 | G106: =MIN(G9:G104) -> 4.74 | H106: =MIN(H9:H104) -> 1.8 | I106: =MIN(I9:I104) -> 0 | ... Q106: =MIN(Q9:Q104) -> 9.04
A107: Max | B107: =MAX(B9:B104) -> 13.78 | C107: =MAX(C9:C104) -> 29.36 | D107: =MAX(D9:D104) -> 21.79 | E107: =MAX(E9:E104) -> 5.49 | F107: =MAX(F9:F104) -> 11.06 | G107: =MAX(G9:G104) -> 43.09 | H107: =MAX(H9:H104) -> 10.17 | I107: =MAX(I9:I104) -> 4.17 | ... Q107: =MAX(Q9:Q104) -> 9.27
A108: Avg | B108: =AVERAGE(B9:B104) -> 8.0615625 | C108: =AVERAGE(C9:C104) -> 15.302708 | D108: =AVERAGE(D9:D104) -> 13.486354 | E108: =AVERAGE(E9:E104) -> 4.388125 | F108: =AVERAGE(F9:F104) -> 5.7495833 | G108: =AVERAGE(G9:G104) -> 20.297083 | H108: =AVERAGE(H9:H104) -> 6.0409375 | I108: =AVERAGE(I9:I104) -> 2.3294792 | ... Q108: =AVERAGE(Q9:Q104) -> 9.1382292
A109: Stdev | B109: =STDEV(B9:B104) -> 2.2117915 | C109: =STDEV(C9:C104) -> 3.2698963 | D109: =STDEV(D9:D104) -> 2.7836924 | E109: =STDEV(E9:E104) -> 0.50341635 | F109: =STDEV(F9:F104) -> 1.8970647 | G109: =STDEV(G9:G104) -> 10.303315 | H109: =STDEV(H9:H104) -> 2.2817155 | I109: =STDEV(I9:I104) -> 1.5144333 | ... Q109: =STDEV(Q9:Q104) -> 0.055136096
A110: Num | B110: =COUNT(B9:B104) -> 96 | C110: =COUNT(C9:C104) -> 96 | D110: =COUNT(D9:D104) -> 96 | E110: =COUNT(E9:E104) -> 96 | F110: =COUNT(F9:F104) -> 96 | G110: =COUNT(G9:G104)+4 -> 100 | H110: =COUNT(H9:H104)+4 -> 100 | I110: =COUNT(I9:I104)+56 -> 152 | J110: =COUNT(J9:J104) -> 96 | K110: =COUNT(K9:K104) -> 96 | L110: =COUNT(L9:L104) -> 96 | M110: =COUNT(M9:M104) -> 96 | N110: =COUNT(N9:N104) -> 96 | O110: =COUNT(O9:O104) -> 96 | P110: =COUNT(P9:P104) -> 96 | Q110: =COUNT(Q9:Q104)+1 -> 97
A111: DCR | B111: =IF(B110>=87,">90%",IF(B110<=87,"<90%")) -> >90% | C111: =IF(C110>=87,">90%",IF(C110<=87,"<90%")) -> >90% | D111: =IF(D110>=87,">90%",IF(D110<=87,"<90%")) -> >90% | E111: =IF(E110>=87,">90%",IF(E110<=87,"<90%")) -> >90% | F111: =IF(F110>=87,">90%",IF(F110<=87,"<90%")) -> >90% | G111: =IF(G110>=87,">90%",IF(G110<=87,"<90%")) -> >90% | H111: =IF(H110>=87,">90%",IF(H110<=87,"<90%")) -> >90% | I111: =IF(I110>=87,">90%",IF(I110<=87,"<90%")) -> >90% | ... P111: =IF(P110>=87,">90%",IF(P110<=87,"<90%")) -> >90%
A112: Status | B112: =IF(B110>=87,"OK",IF(B110<=87,"LESS")) -> OK | C112: =IF(C110>=87,"OK",IF(C110<=87,"LESS")) -> OK | D112: =IF(D110>=87,"OK",IF(D110<=87,"LESS")) -> OK | E112: =IF(E110>=87,"OK",IF(E110<=87,"LESS")) -> OK | F112: =IF(F110>=87,"OK",IF(F110<=87,"LESS")) -> OK | G112: =IF(G110>=87,"OK",IF(G110<=87,"LESS")) -> OK | H112: =IF(H110>=87,"OK",IF(H110<=87,"LESS")) -> OK | I112: =IF(I110>=87,"OK",IF(I110<=87,"LESS")) -> OK | ... Q112: =IF(Q110>=87,"OK",IF(Q110<=87,"LESS")) -> OK
A115: Done by | B115: RK
A117: Comment

Sheet 27
A1: Station: | B1: BHATAGAON RAIPUR
A2: Date: | B2: =$A$9 -> 27/06/2025 00:15 | D2: Power Off | G2: Pw.Off | L2: Link Fail | N2: Link F | P2: Maintenance | R2: Maint.
A3: Report Type: | B3: Mean | D3: Calibration | G3: Calib. | L3: Data Fail | N3: Data F | P3: Invalid | R3: Invalid
A4: Time Base: | B4: 15 Min | D4: Zero Referrence | G4: Z.Ref | L4: Warm Up | N4: Wm. Up
A7: Date & Time | B7: NO_BHATAGAON | C7: NO2__BHATAGAON | D7: NOX_BHATAGAON | E7: SO2__BHATAGAON | F7: O3__BHATAGAON | G7: PM10__BHATAGAON | H7: PM2_5__BHATAGAON | I7: BENZ__BHATAGAON | J7: WS__BHATAGAON | K7: WD__BHATAGAON | L7: TEMP__BHATAGAON | M7: HUM__BHATAGAON | N7: SR__BHATAGAON | O7: RG__BHATAGAON | P7: CO__BHATAGAON | Q7: NH3__BHATAGAON
B8: ug/m3 | C8: ug/m3 | D8: ppb | E8: ug/m3 | F8: ug/m3 | G8: ug/m3 | H8: ug/m3 | I8: ug/m3 | J8: m/sec | K8: deg | L8: degreC | M8: % | N8: w/m2 | O8: mm | P8: mg/m3 | Q8: ug/m3
A9: 27/06/2025 00:15 | B9: 7.1 | C9: 11.65 | D9: 11.78 | E9: 4.27 | F9: 5.55 | G9: 30.12 | H9: 3.98 | I9: 0.98 | J9: 0.05 | K9: 190.24 | L9: 23.75 | M9: 97.66 | N9: 77.3 | O9: 0 | P9: 0.22 | Q9: 9.1
A10: 27/06/2025 00:30 | B10: 7.63 | C10: 11.23 | D10: 11.98 | E10: 4.51 | F10: 4.75 | G10: 30.12 | H10: 3.98 | I10: 0.97 | J10: 0.01 | K10: 233.98 | L10: 23.77 | M10: 97.65 | N10: 85.5 | O10: 0 | P10: 0.26 | Q10: 9.1
A11: 27/06/2025 00:45 | B11: 9.03 | C11: 11.24 | D11: 13.12 | E11: 4.35 | F11: 7.03 | G11: 23.67 | H11: 3.12 | I11: 0.96 | J11: 0.07 | K11: 341.2 | L11: 23.86 | M11: 97.65 | N11: 79.2 | O11: 0 | P11: 0.21 | Q11: 9.09
A12: 27/06/2025 01:00 | B12: 7.58 | C12: 10.82 | D12: 11.74 | E12: 4.63 | F12: 5.77 | G12: 21.59 | H12: 2.86 | I12: 0.94 | J12: 0.07 | K12: 308.35 | L12: 23.99 | M12: 97.65 | N12: 80.7 | O12: 0 | P12: 0.21 | Q12: 9.12
A13: 27/06/2025 01:15 | B13: 7.23 | C13: 10.64 | D13: 11.36 | E13: 4.69 | F13: 6.01 | G13: 21.59 | H13: 2.86 | I13: 0.91 | J13: 0.12 | K13: 320.31 | L13: 24.03 | M13: 97.64 | N13: 75.6 | O13: 0 | P13: 0.19 | Q13: 9.11
A14: 27/06/2025 01:30 | B14: 7.2 | C14: 10.69 | D14: 11.36 | E14: 4.51 | F14: 6.7 | G14: 21.59 | H14: 2.86 | I14: 0.89 | J14: 0.06 | K14: 258.26 | L14: 24.08 | M14: 97.62 | N14: 78 | O14: 0 | P14: 0.2 | Q14: 9.11
A15: 27/06/2025 01:45 | B15: 7.23 | C15: 10.71 | D15: 11.4 | E15: 4.51 | F15: 4.55 | G15: 18.92 | H15: 2.28 | I15: 0.87 | J15: 0.09 | K15: 277.99 | L15: 24.03 | M15: 97.62 | N15: 80.3 | O15: 0 | P15: 0.2 | Q15: 9.11
A16: 27/06/2025 02:00 | B16: 7.16 | C16: 10.69 | D16: 11.33 | E16: 4.61 | F16: 5.77 | G16: 18.06 | H16: 2.09 | I16: 0.85 | J16: 0.06 | K16: 287.19 | L16: 24.01 | M16: 97.63 | N16: 75.6 | O16: 0 | P16: 0.19 | Q16: 9.1
A17: 27/06/2025 02:15 | B17: 7.51 | C17: 11.58 | D17: 12.07 | E17: 4.57 | F17: 6.32 | G17: 18.06 | H17: 2.09 | I17: 0.84 | J17: 0.08 | K17: 283.47 | L17: 23.95 | M17: 97.64 | N17: 76.2 | O17: 0 | P17: 0.18 | Q17: 9.11
A18: 27/06/2025 02:30 | B18: 6.84 | C18: 11.04 | D18: 11.25 | E18: 4.71 | F18: 6.68 | G18: 18.06 | H18: 2.09 | I18: 0.83 | J18: 0.07 | K18: 247.03 | L18: 23.89 | M18: 97.65 | N18: 78.3 | O18: 0 | P18: 0.18 | Q18: 9.11
A19: 27/06/2025 02:45 | B19: 7.68 | C19: 10.94 | D19: 11.88 | E19: 4.38 | F19: 4.24 | G19: 14.21 | H19: 2.37 | I19: 0.9 | J19: 0.11 | K19: 313.84 | L19: 23.87 | M19: 97.65 | N19: 80.6 | O19: 0 | P19: 0.21 | Q19: 9.11
A20: 27/06/2025 03:00 | B20: 7.99 | C20: 11.16 | D20: 12.23 | E20: 4.78 | F20: 3.28 | G20: 12.96 | H20: 2.47 | I20: 0.94 | J20: 0.12 | K20: 305.58 | L20: 23.92 | M20: 97.63 | N20: 74.5 | O20: 0 | P20: 0.21 | Q20: 9.09
... A104: 27/06/2025 24:00 | B104: 7.02 | C104: 13.19 | D104: 12.52 | E104: 4.03 | F104: 4.25 | G104: 23.88 | H104: 7.16 | I104: 1.12 | J104: 0.17 | K104: 326.47 | L104: 22.31 | M104: 97.6 | N104: 62.5 | O104: 0 | P104: 0.45 | Q104: 9.11
A106: Min | B106: =MIN(B9:B104) -> 4.44 | C106: =MIN(C9:C104) -> 10.64 | D106: =MIN(D9:D104) -> 10.46 | E106: =MIN(E9:E104) -> 3.27 | F106: =MIN(F9:F104) -> 2.87 | G106: =MIN(G9:G104) -> 11.96 | H106: =MIN(H9:H104) -> 2.09 | I106: =MIN(I9:I104) -> 0.63 | ... Q106: =MIN(Q9:Q104) -> 8.99
A107: Max | B107: =MAX(B9:B104) -> 20.1 | C107: =MAX(C9:C104) -> 24.96 | D107: =MAX(D9:D104) -> 28.63 | E107: =MAX(E9:E104) -> 4.82 | F107: =MAX(F9:F104) -> 11.64 | G107: =MAX(G9:G104) -> 47.29 | H107: =MAX(H9:H104) -> 11.32 | I107: =MAX(I9:I104) -> 1.31 | ... Q107: =MAX(Q9:Q104) -> 9.22
A108: Avg | B108: =AVERAGE(B9:B104) -> 7.3266667 | C108: =AVERAGE(C9:C104) -> 14.393646 | D108: =AVERAGE(D9:D104) -> 13.395938 | E108: =AVERAGE(E9:E104) -> 4.196875 | F108: =AVERAGE(F9:F104) -> 4.8213542 | G108: =AVERAGE(G9:G104) -> 27.293958 | H108: =AVERAGE(H9:H104) -> 6.1660417 | I108: =AVERAGE(I9:I104) -> 0.87604167 | ... Q108: =AVERAGE(Q9:Q104) -> 9.078125
A109: Stdev | B109: =STDEV(B9:B104) -> 2.4557664 | C109: =STDEV(C9:C104) -> 3.0583687 | D109: =STDEV(D9:D104) -> 3.1799651 | E109: =STDEV(E9:E104) -> 0.43547992 | F109: =STDEV(F9:F104) -> 1.6379561 | G109: =STDEV(G9:G104) -> 10.375788 | H109: =STDEV(H9:H104) -> 2.4748739 | I109: =STDEV(I9:I104) -> 0.19991829 | ... Q109: =STDEV(Q9:Q104) -> 0.055768554
A110: Num | B110: =COUNT(B9:B104) -> 96 | C110: =COUNT(C9:C104) -> 96 | D110: =COUNT(D9:D104) -> 96 | E110: =COUNT(E9:E104) -> 96 | F110: =COUNT(F9:F104) -> 96 | G110: =COUNT(G9:G104) -> 96 | H110: =COUNT(H9:H104) -> 96 | I110: =COUNT(I9:I104)+5 -> 101 | J110: =COUNT(J9:J104) -> 96 | K110: =COUNT(K9:K104) -> 96 | L110: =COUNT(L9:L104) -> 96 | M110: =COUNT(M9:M104) -> 96 | N110: =COUNT(N9:N104) -> 96 | O110: =COUNT(O9:O104) -> 96 | P110: =COUNT(P9:P104) -> 96 | Q110: =COUNT(Q9:Q104) -> 96
A111: DCR | B111: =IF(B110>=87,">90%",IF(B110<=87,"<90%")) -> >90% | C111: =IF(C110>=87,">90%",IF(C110<=87,"<90%")) -> >90% | D111: =IF(D110>=87,">90%",IF(D110<=87,"<90%")) -> >90% | E111: =IF(E110>=87,">90%",IF(E110<=87,"<90%")) -> >90% | F111: =IF(F110>=87,">90%",IF(F110<=87,"<90%")) -> >90% | G111: =IF(G110>=87,">90%",IF(G110<=87,"<90%")) -> >90% | H111: =IF(H110>=87,">90%",IF(H110<=87,"<90%")) -> >90% | I111: =IF(I110>=87,">90%",IF(I110<=87,"<90%")) -> >90% | ... Q111: =IF(Q110>=87,">90%",IF(Q110<=87,"<90%")) -> >90%
A112: Status | B112: =IF(B110>=87,"OK",IF(B110<=87,"LESS")) -> OK | C112: =IF(C110>=87,"OK",IF(C110<=87,"LESS")) -> OK | D112: =IF(D110>=87,"OK",IF(D110<=87,"LESS")) -> OK | E112: =IF(E110>=87,"OK",IF(E110<=87,"LESS")) -> OK | F112: =IF(F110>=87,"OK",IF(F110<=87,"LESS")) -> OK | G112: =IF(G110>=87,"OK",IF(G110<=87,"LESS")) -> OK | H112: =IF(H110>=87,"OK",IF(H110<=87,"LESS")) -> OK | I112: =IF(I110>=87,"OK",IF(I110<=87,"LESS")) -> OK | ... Q112: =IF(Q110>=87,"OK",IF(Q110<=87,"LESS")) -> OK
A115: Done by | B115: RK
A117: Comment

Sheet 28
A1: Station: | B1: BHATAGAON RAIPUR
A2: Date: | B2: =$A$9 -> 28/06/2025 00:15 | D2: Power Off | G2: Pw.Off | L2: Link Fail | N2: Link F | P2: Maintenance | R2: Maint.
A3: Report Type: | B3: Mean | D3: Calibration | G3: Calib. | L3: Data Fail | N3: Data F | P3: Invalid | R3: Invalid
A4: Time Base: | B4: 15 Min | D4: Zero Referrence | G4: Z.Ref | L4: Warm Up | N4: Wm. Up
A7: Date & Time | B7: NO_BHATAGAON | C7: NO2__BHATAGAON | D7: NOX_BHATAGAON | E7: SO2__BHATAGAON | F7: O3__BHATAGAON | G7: PM10__BHATAGAON | H7: PM2_5__BHATAGAON | I7: BENZ__BHATAGAON | J7: WS__BHATAGAON | K7: WD__BHATAGAON | L7: TEMP__BHATAGAON | M7: HUM__BHATAGAON | N7: SR__BHATAGAON | O7: RG__BHATAGAON | P7: CO__BHATAGAON | Q7: NH3__BHATAGAON
B8: ug/m3 | C8: ug/m3 | D8: ppb | E8: ug/m3 | F8: ug/m3 | G8: ug/m3 | H8: ug/m3 | I8: ug/m3 | J8: m/sec | K8: deg | L8: degreC | M8: % | N8: w/m2 | O8: mm | P8: mg/m3 | Q8: ug/m3
A9: 28/06/2025 00:15 | B9: 6.75 | C9: 13.49 | D9: 12.46 | E9: 3.78 | F9: 3.74 | G9: 23.88 | H9: 7.16 | I9: 1.17 | J9: 0.12 | K9: 326.61 | L9: 22.27 | M9: 97.63 | N9: 62.5 | O9: 0 | P9: 0.45 | Q9: 9.12
A10: 28/06/2025 00:30 | B10: 6.7 | C10: 13.63 | D10: 12.49 | E10: 3.87 | F10: 4.93 | G10: 23.88 | H10: 7.16 | I10: 1.14 | J10: 0.17 | K10: 308.14 | L10: 22.29 | M10: 97.65 | N10: 62.6 | O10: 0 | P10: 0.45 | Q10: 9.12
A11: 28/06/2025 00:45 | B11: 7.12 | C11: 12.59 | D11: 12.29 | E11: 3.56 | F11: 4.23 | G11: 20.22 | H11: 8.26 | I11: 1.18 | J11: 0.22 | K11: 306.04 | L11: 22.32 | M11: 97.65 | N11: 62.6 | O11: 0 | P11: 0.46 | Q11: 9.12
A12: 28/06/2025 01:00 | B12: 7.64 | C12: 11.58 | D12: 12.17 | E12: 3.79 | F12: 3.68 | G12: 19.1 | H12: 8.59 | I12: 1.27 | J12: 0.29 | K12: 307.8 | L12: 22.33 | M12: 97.65 | N12: 62.6 | O12: 0 | P12: 0.46 | Q12: 9.1
A13: 28/06/2025 01:15 | B13: 7.87 | C13: 11.57 | D13: 12.36 | E13: 4.07 | F13: 3.6 | G13: 19.1 | H13: 8.59 | I13: 1.29 | J13: 0.15 | K13: 308.56 | L13: 22.4 | M13: 97.65 | N13: 62.8 | O13: 0 | P13: 0.4 | Q13: 9.1
A14: 28/06/2025 01:30 | B14: 8.09 | C14: 11.33 | D14: 12.41 | E14: 3.65 | F14: 2.76 | G14: 19.1 | H14: 8.59 | I14: 1.31 | J14: 0.17 | K14: 307.57 | L14: 22.4 | M14: 97.65 | N14: 62.9 | O14: 0 | P14: 0.41 | Q14: 9.1
A15: 28/06/2025 01:45 | B15: 8.46 | C15: 11.09 | D15: 12.58 | E15: 3.42 | F15: 3.54 | G15: 18.97 | H15: 8.36 | I15: 1.35 | J15: 0.12 | K15: 304.42 | L15: 22.45 | M15: 97.65 | N15: 62.9 | O15: 0 | P15: 0.41 | Q15: 9.1
A16: 28/06/2025 02:00 | B16: 8.72 | C16: 11.15 | D16: 12.81 | E16: 3.63 | F16: 2.8 | G16: 18.92 | H16: 8.29 | I16: 1.39 | J16: 0.27 | K16: 307.03 | L16: 22.47 | M16: 97.65 | N16: 63.1 | O16: 0.2 | P16: 0.4 | Q16: 9.1
A17: 28/06/2025 02:15 | B17: 8.75 | C17: 10.95 | D17: 12.74 | E17: 3.68 | F17: 3.49 | G17: 18.92 | H17: 8.29 | I17: 1.42 | J17: 0.13 | K17: 151.13 | L17: 22.39 | M17: 97.65 | N17: 62.7 | O17: 0.6 | P17: 0.4 | Q17: 9.1
A18: 28/06/2025 02:30 | B18: 8.46 | C18: 11.43 | D18: 12.75 | E18: 3.52 | F18: 3.31 | G18: 18.92 | H18: 8.29 | I18: 1.44 | J18: 0.11 | K18: 133.35 | L18: 22.27 | M18: 97.61 | N18: 62.8 | O18: 0.4 | P18: 0.37 | Q18: 9.11
A19: 28/06/2025 02:45 | B19: 8.74 | C19: 10.62 | D19: 12.56 | E19: 3.66 | F19: 3.74 | G19: 20.93 | H19: 7.22 | I19: 1.45 | J19: 0.03 | K19: 287.62 | L19: 22.22 | M19: 97.61 | N19: 62.7 | O19: 0.8 | P19: 0.39 | Q19: 9.1
A20: 28/06/2025 03:00 | B20: 8.6 | C20: 10.77 | D20: 12.52 | E20: 3.81 | F20: 4.27 | G20: 21.58 | H20: 6.87 | I20: 1.45 | J20: 0.13 | K20: 171.2 | L20: 22.16 | M20: 97.63 | N20: 62.7 | O20: 0.8 | P20: 0.37 | Q20: 9.11
... A104: 28/06/2025 24:00 | B104: 13.83 | C104: 11.97 | D104: 17.34 | E104: 3.86 | F104: 4.15 | G104: 25.61 | H104: 8.63 | I104: 1.62 | J104: 0.25 | K104: 307.34 | L104: 23.71 | M104: 97.55 | N104: 47.5 | O104: 0 | P104: 0.36 | Q104: 9.27
A106: Min | B106: =MIN(B9:B104) -> 5.94 | C106: =MIN(C9:C104) -> 9.28 | D106: =MIN(D9:D104) -> 11.78 | E106: =MIN(E9:E104) -> 3.42 | F106: =MIN(F9:F104) -> 2.76 | G106: =MIN(G9:G104) -> 9.93 | H106: =MIN(H9:H104) -> 1.72 | I106: =MIN(I9:I104) -> 1.07 | ... Q106: =MIN(Q9:Q104) -> 9.09
A107: Max | B107: =MAX(B9:B104) -> 17.39 | C107: =MAX(C9:C104) -> 30.94 | D107: =MAX(D9:D104) -> 29.59 | E107: =MAX(E9:E104) -> 5.01 | F107: =MAX(F9:F104) -> 8.12 | G107: =MAX(G9:G104) -> 50.14 | H107: =MAX(H9:H104) -> 14.9 | I107: =MAX(I9:I104) -> 2.72 | ... Q107: =MAX(Q9:Q104) -> 9.35
A108: Avg | B108: =AVERAGE(B9:B104) -> 10.457396 | C108: =AVERAGE(C9:C104) -> 14.876875 | D108: =AVERAGE(D9:D104) -> 16.158437 | E108: =AVERAGE(E9:E104) -> 4.2652083 | F108: =AVERAGE(F9:F104) -> 4.63375 | G108: =AVERAGE(G9:G104) -> 28.121979 | H108: =AVERAGE(H9:H104) -> 7.5984375 | I108: =AVERAGE(I9:I104) -> 1.7607292 | ... Q108: =AVERAGE(Q9:Q104) -> 9.1965625
A109: Stdev | B109: =STDEV(B9:B104) -> 2.3387902 | C109: =STDEV(C9:C104) -> 4.4735443 | D109: =STDEV(D9:D104) -> 3.301909 | E109: =STDEV(E9:E104) -> 0.43061029 | F109: =STDEV(F9:F104) -> 1.3366535 | G109: =STDEV(G9:G104) -> 12.507772 | H109: =STDEV(H9:H104) -> 3.5012684 | I109: =STDEV(I9:I104) -> 0.46196205 | ... Q109: =STDEV(Q9:Q104) -> 0.071094128
A110: Num | B110: =COUNT(B9:B104) -> 96 | C110: =COUNT(C9:C104) -> 96 | D110: =COUNT(D9:D104) -> 96 | E110: =COUNT(E9:E104) -> 96 | F110: =COUNT(F9:F104) -> 96 | G110: =COUNT(G9:G104)+6 -> 102 | H110: =COUNT(H9:H104)+6 -> 102 | I110: =COUNT(I9:I104) -> 96 | J110: =COUNT(J9:J104)+2 -> 98 | K110: =COUNT(K9:K104) -> 96 | L110: =COUNT(L9:L104) -> 96 | M110: =COUNT(M9:M104) -> 96 | N110: =COUNT(N9:N104) -> 96 | O110: =COUNT(O9:O104) -> 96 | P110: =COUNT(P9:P104) -> 96 | Q110: =COUNT(Q9:Q104) -> 96
A111: DCR | B111: =IF(B110>=87,">90%",IF(B110<=87,"<90%")) -> >90% | C111: =IF(C110>=87,">90%",IF(C110<=87,"<90%")) -> >90% | D111: =IF(D110>=87,">90%",IF(D110<=87,"<90%")) -> >90% | E111: =IF(E110>=87,">90%",IF(E110<=87,"<90%")) -> >90% | F111: =IF(F110>=87,">90%",IF(F110<=87,"<90%")) -> >90% | G111: =IF(G110>=87,">90%",IF(G110<=87,"<90%")) -> >90% | H111: =IF(H110>=87,">90%",IF(H110<=87,"<90%")) -> >90% | I111: =IF(I110>=87,">90%",IF(I110<=87,"<90%")) -> >90% | ... Q111: =IF(Q110>=87,">90%",IF(Q110<=87,"<90%")) -> >90%
A112: Status | B112: =IF(B110>=87,"OK",IF(B110<=87,"LESS")) -> OK | C112: =IF(C110>=87,"OK",IF(C110<=87,"LESS")) -> OK | D112: =IF(D110>=87,"OK",IF(D110<=87,"LESS")) -> OK | E112: =IF(E110>=87,"OK",IF(E110<=87,"LESS")) -> OK | F112: =IF(F110>=87,"OK",IF(F110<=87,"LESS")) -> OK | G112: =IF(G110>=87,"OK",IF(G110<=87,"LESS")) -> OK | H112: =IF(H110>=87,"OK",IF(H110<=87,"LESS")) -> OK | I112: =IF(I110>=87,"OK",IF(I110<=87,"LESS")) -> OK | ... Q112: =IF(Q110>=87,"OK",IF(Q110<=87,"LESS")) -> OK
A115: Done by | B115: RK
A117: Comment

Sheet 29
A1: Station: | B1: BHATAGAON RAIPUR
A2: Date: | B2: =$A$9 -> 29/06/2025 00:15 | D2: Power Off | G2: Pw.Off | L2: Link Fail | N2: Link F | P2: Maintenance | R2: Maint.
A3: Report Type: | B3: Mean | D3: Calibration | G3: Calib. | L3: Data Fail | N3: Data F | P3: Invalid | R3: Invalid
A4: Time Base: | B4: 15 Min | D4: Zero Referrence | G4: Z.Ref | L4: Warm Up | N4: Wm. Up
A7: Date & Time | B7: NO_BHATAGAON | C7: NO2__BHATAGAON | D7: NOX_BHATAGAON | E7: SO2__BHATAGAON | F7: O3__BHATAGAON | G7: PM10__BHATAGAON | H7: PM2_5__BHATAGAON | I7: BENZ__BHATAGAON | J7: WS__BHATAGAON | K7: WD__BHATAGAON | L7: TEMP__BHATAGAON | M7: HUM__BHATAGAON | N7: SR__BHATAGAON | O7: RG__BHATAGAON | P7: CO__BHATAGAON | Q7: NH3__BHATAGAON
B8: ug/m3 | C8: ug/m3 | D8: ppb | E8: ug/m3 | F8: ug/m3 | G8: ug/m3 | H8: ug/m3 | I8: ug/m3 | J8: m/sec | K8: deg | L8: degreC | M8: % | N8: w/m2 | O8: mm | P8: mg/m3 | Q8: ug/m3
A9: 29/06/2025 00:15 | B9: 14.13 | C9: 10.91 | D9: 17.03 | E9: 4.24 | F9: 3.79 | G9: 25.61 | H9: 8.63 | I9: 1.58 | J9: 0.28 | K9: 295.9 | L9: 23.82 | M9: 97.54 | N9: 47.8 | O9: 0 | P9: 0.33 | Q9: 9.27
A10: 29/06/2025 00:30 | B10: 13 | C10: 11.97 | D10: 16.68 | E10: 4.36 | F10: 3.4 | G10: 25.61 | H10: 8.63 | I10: 1.5 | J10: 0.31 | K10: 291.95 | L10: 23.76 | M10: 97.53 | N10: 48.1 | O10: 0 | P10: 0.31 | Q10: 9.26
A11: 29/06/2025 00:45 | B11: 11.72 | C11: 12.51 | D11: 15.94 | E11: 4.52 | F11: 3.78 | G11: 23.68 | H11: 9.11 | I11: 1.42 | J11: 0.4 | K11: 294.78 | L11: 23.62 | M11: 97.52 | N11: 48.5 | O11: 0 | P11: 0.3 | Q11: 9.22
A12: 29/06/2025 01:00 | B12: 10.07 | C12: 13.22 | D12: 14.98 | E12: 4.4 | F12: 4.22 | G12: 23.09 | H12: 9.26 | I12: 1.4 | J12: 0.46 | K12: 289.17 | L12: 23.51 | M12: 97.5 | N12: 48.3 | O12: 0 | P12: 0.27 | Q12: 9.17
A13: 29/06/2025 01:15 | B13: 8.06 | C13: 14.44 | D13: 14.01 | E13: 4.09 | F13: 3.19 | G13: 23.09 | H13: 9.26 | I13: 1.37 | J13: 0.49 | K13: 293.59 | L13: 23.45 | M13: 97.5 | N13: 47.8 | O13: 0 | P13: 0.31 | Q13: 9.12
A14: 29/06/2025 01:30 | B14: 6.72 | C14: 15.02 | D14: 13.24 | E14: 4.5 | F14: 3.59 | G14: 23.09 | H14: 9.26 | I14: 1.26 | J14: 0.33 | K14: 290.21 | L14: 23.17 | M14: 97.51 | N14: 46.7 | O14: 0.2 | P14: 0.31 | Q14: 9.09
A15: 29/06/2025 01:45 | B15: 5.93 | C15: 15.69 | D15: 12.95 | E15: 4.01 | F15: 4.08 | G15: 20.71 | H15: 8.16 | I15: 1.14 | J15: 0.23 | K15: 299.66 | L15: 22.97 | M15: 97.53 | N15: 47 | O15: 0 | P15: 0.37 | Q15: 9.08
A16: 29/06/2025 02:00 | B16: 5.67 | C16: 16.29 | D16: 13.06 | E16: 4.04 | F16: 3.22 | G16: 19.94 | H16: 7.8 | I16: 1.22 | J16: 0.38 | K16: 290.41 | L16: 23.06 | M16: 97.52 | N16: 46.8 | O16: 0 | P16: 0.48 | Q16: 9.06
A17: 29/06/2025 02:15 | B17: 5.36 | C17: 16.31 | D17: 12.82 | E17: 4.09 | F17: 3.87 | G17: 19.94 | H17: 7.8 | I17: 1.65 | J17: 0.38 | K17: 288.05 | L17: 22.97 | M17: 97.51 | N17: 46.1 | O17: 0 | P17: 0.5 | Q17: 9.06
A18: 29/06/2025 02:30 | B18: 4.86 | C18: 15.94 | D18: 12.23 | E18: 4.19 | F18: 4.07 | G18: 19.94 | H18: 7.8 | I18: 2.06 | J18: 0.6 | K18: 290.49 | L18: 22.74 | M18: 97.53 | N18: 45.9 | O18: 0 | P18: 0.45 | Q18: 9.04
A19: 29/06/2025 02:45 | B19: 4.48 | C19: 15.22 | D19: 11.55 | E19: 4.24 | F19: 4.58 | G19: 23.4 | H19: 9.13 | I19: 2.08 | J19: 0.79 | K19: 297.8 | L19: 22.54 | M19: 97.53 | N19: 46.1 | O19: 0.2 | P19: 0.4 | Q19: 9.04
A20: 29/06/2025 03:00 | B20: 4.24 | C20: 14.19 | D20: 10.82 | E20: 4.27 | F20: 4.36 | G20: 24.52 | H20: 9.56 | I20: 1.93 | J20: 0.54 | K20: 295.27 | L20: 22.24 | M20: 97.56 | N20: 46.2 | O20: 0 | P20: 0.37 | Q20: 9.03
... A104: 29/06/2025 24:00 | B104: 4.27 | C104: 13.29 | D104: 10.37 | E104: 3.04 | F104: 4.35 | G104: 25.97 | H104: 6.18 | I104: 0.69 | J104: 0.21 | K104: 313.02 | L104: 21.88 | M104: 97.6 | N104: 64 | O104: 0 | P104: 0.23 | Q104: 9
A106: Min | B106: =MIN(B9:B104) -> 4.21 | C106: =MIN(C9:C104) -> 10.91 | D106: =MIN(D9:D104) -> 10.37 | E106: =MIN(E9:E104) -> 3.04 | F106: =MIN(F9:F104) -> 2.53 | G106: =MIN(G9:G104) -> 19.94 | H106: =MIN(H9:H104) -> 3.57 | I106: =MIN(I9:I104) -> 0.69 | ... Q106: =MIN(Q9:Q104) -> 8.99
A107: Max | B107: =MAX(B9:B104) -> 14.13 | C107: =MAX(C9:C104) -> 18.15 | D107: =MAX(D9:D104) -> 17.95 | E107: =MAX(E9:E104) -> 4.69 | F107: =MAX(F9:F104) -> 5.56 | G107: =MAX(G9:G104) -> 40.41 | H107: =MAX(H9:H104) -> 15.12 | I107: =MAX(I9:I104) -> 3.74 | ... Q107: =MAX(Q9:Q104) -> 9.27
A108: Avg | B108: =AVERAGE(B9:B104) -> 6.6129167 | C108: =AVERAGE(C9:C104) -> 15.328333 | D108: =AVERAGE(D9:D104) -> 13.312396 | E108: =AVERAGE(E9:E104) -> 4.1522917 | F108: =AVERAGE(F9:F104) -> 3.8060417 | G108: =AVERAGE(G9:G104) -> 26.934271 | H108: =AVERAGE(H9:H104) -> 8.809375 | I108: =AVERAGE(I9:I104) -> 1.4314583 | ... Q108: =AVERAGE(Q9:Q104) -> 9.0925
A109: Stdev | B109: =STDEV(B9:B104) -> 1.8790126 | C109: =STDEV(C9:C104) -> 1.4795979 | D109: =STDEV(D9:D104) -> 1.6819442 | E109: =STDEV(E9:E104) -> 0.28205068 | F109: =STDEV(F9:F104) -> 0.53182007 | G109: =STDEV(G9:G104) -> 5.3116273 | H109: =STDEV(H9:H104) -> 2.8119608 | I109: =STDEV(I9:I104) -> 0.70202711 | ... Q109: =STDEV(Q9:Q104) -> 0.064055897
A110: Num | B110: =COUNT(B9:B104) -> 96 | C110: =COUNT(C9:C104) -> 96 | D110: =COUNT(D9:D104) -> 96 | E110: =COUNT(E9:E104) -> 96 | F110: =COUNT(F9:F104) -> 96 | G110: =COUNT(G9:G104) -> 96 | H110: =COUNT(H9:H104) -> 96 | I110: =COUNT(I9:I104)+17 -> 113 | J110: =COUNT(J9:J104) -> 96 | K110: =COUNT(K9:K104) -> 96 | L110: =COUNT(L9:L104) -> 96 | M110: =COUNT(M9:M104) -> 96 | N110: =COUNT(N9:N104) -> 96 | O110: =COUNT(O9:O104) -> 96 | P110: =COUNT(P9:P104) -> 96 | Q110: =COUNT(Q9:Q104) -> 96
A111: DCR | B111: =IF(B110>=87,">90%",IF(B110<=87,"<90%")) -> >90% | C111: =IF(C110>=87,">90%",IF(C110<=87,"<90%")) -> >90% | D111: =IF(D110>=87,">90%",IF(D110<=87,"<90%")) -> >90% | E111: =IF(E110>=87,">90%",IF(E110<=87,"<90%")) -> >90% | F111: =IF(F110>=87,">90%",IF(F110<=87,"<90%")) -> >90% | G111: =IF(G110>=87,">90%",IF(G110<=87,"<90%")) -> >90% | H111: =IF(H110>=87,">90%",IF(H110<=87,"<90%")) -> >90% | I111: =IF(I110>=87,">90%",IF(I110<=87,"<90%")) -> >90% | ... Q111: =IF(Q110>=87,">90%",IF(Q110<=87,"<90%")) -> >90%
A112: Status | B112: =IF(B110>=87,"OK",IF(B110<=87,"LESS")) -> OK | C112: =IF(C110>=87,"OK",IF(C110<=87,"LESS")) -> OK | D112: =IF(D110>=87,"OK",IF(D110<=87,"LESS")) -> OK | E112: =IF(E110>=87,"OK",IF(E110<=87,"LESS")) -> OK | F112: =IF(F110>=87,"OK",IF(F110<=87,"LESS")) -> OK | G112: =IF(G110>=87,"OK",IF(G110<=87,"LESS")) -> OK | H112: =IF(H110>=87,"OK",IF(H110<=87,"LESS")) -> OK | I112: =IF(I110>=87,"OK",IF(I110<=87,"LESS")) -> OK | ... Q112: =IF(Q110>=87,"OK",IF(Q110<=87,"LESS")) -> OK
A115: Done by | B115: RK
A117: Comment

Sheet 30
A1: Station: | B1: BHATAGAON RAIPUR
A2: Date: | B2: =$A$9 -> 30/06/2025 00:15 | D2: Power Off | G2: Pw.Off | L2: Link Fail | N2: Link F | P2: Maintenance | R2: Maint.
A3: Report Type: | B3: Mean | D3: Calibration | G3: Calib. | L3: Data Fail | N3: Data F | P3: Invalid | R3: Invalid
A4: Time Base: | B4: 15 Min | D4: Zero Referrence | G4: Z.Ref | L4: Warm Up | N4: Wm. Up
A7: Date & Time | B7: NO_BHATAGAON | C7: NO2__BHATAGAON | D7: NOX_BHATAGAON | E7: SO2__BHATAGAON | F7: O3__BHATAGAON | G7: PM10__BHATAGAON | H7: PM2_5__BHATAGAON | I7: BENZ__BHATAGAON | J7: WS__BHATAGAON | K7: WD__BHATAGAON | L7: TEMP__BHATAGAON | M7: HUM__BHATAGAON | N7: SR__BHATAGAON | O7: RG__BHATAGAON | P7: CO__BHATAGAON | Q7: NH3__BHATAGAON
B8: ug/m3 | C8: ug/m3 | D8: ppb | E8: ug/m3 | F8: ug/m3 | G8: ug/m3 | H8: ug/m3 | I8: ug/m3 | J8: m/sec | K8: deg | L8: degreC | M8: % | N8: w/m2 | O8: mm | P8: mg/m3 | Q8: ug/m3
A9: 30/06/2025 00:15 | B9: 4.17 | C9: 12.91 | D9: 10.09 | E9: 3.64 | F9: 4.27 | G9: 25.97 | H9: 6.18 | I9: 0.64 | J9: 0.17 | K9: 322.01 | L9: 21.82 | M9: 97.6 | N9: 64 | O9: 0 | P9: 0.21 | Q9: 8.99
A10: 30/06/2025 00:30 | B10: 4.15 | C10: 12.59 | D10: 9.91 | E10: 3.58 | F10: 4.83 | G10: 25.97 | H10: 6.18 | I10: 0.62 | J10: 0.24 | K10: 308.43 | L10: 21.76 | M10: 97.62 | N10: 64.2 | O10: 0 | P10: 0.21 | Q10: 8.99
A11: 30/06/2025 00:45 | B11: 4.11 | C11: 12.34 | D11: 9.74 | E11: 3.48 | F11: 4.23 | G11: 22.48 | H11: 4.98 | I11: 0.6 | J11: 0.21 | K11: 317.02 | L11: 21.79 | M11: 97.62 | N11: 64.3 | O11: 0 | P11: 0.2 | Q11: 8.99
A12: 30/06/2025 01:00 | B12: 4.14 | C12: 12.21 | D12: 9.7 | E12: 3.56 | F12: 4 | G12: 21.36 | H12: 4.61 | I12: 0.56 | J12: 0.18 | K12: 307.82 | L12: 21.79 | M12: 97.63 | N12: 64.5 | O12: 0 | P12: 0.19 | Q12: 8.99
A13: 30/06/2025 01:15 | B13: 4.19 | C13: 12.02 | D13: 9.64 | E13: 3.57 | F13: 4.01 | G13: 21.36 | H13: 4.61 | I13: 0.54 | J13: 0.19 | K13: 309.36 | L13: 21.74 | M13: 97.64 | N13: 64.8 | O13: 0 | P13: 0.16 | Q13: 8.98
A14: 30/06/2025 01:30 | B14: 4.28 | C14: 12.41 | D14: 9.92 | E14: 3.73 | F14: 4.08 | G14: 21.36 | H14: 4.61 | I14: 0.54 | J14: 0.23 | K14: 300.36 | L14: 21.74 | M14: 97.65 | N14: 65 | O14: 0 | P14: 0.19 | Q14: 8.97
A15: 30/06/2025 01:45 | B15: 4.34 | C15: 12.47 | D15: 9.99 | E15: 3.71 | F15: 4.1 | G15: 22 | H15: 8.62 | I15: 0.53 | J15: 0.21 | K15: 310.66 | L15: 21.73 | M15: 97.64 | N15: 65.6 | O15: 0 | P15: 0.17 | Q15: 8.97
A16: 30/06/2025 02:00 | B16: 4.37 | C16: 12.24 | D16: 9.9 | E16: 3.79 | F16: 3.5 | G16: 22.21 | H16: 9.91 | I16: 0.49 | J16: 0.2 | K16: 311.48 | L16: 21.71 | M16: 97.65 | N16: 66.2 | O16: 0 | P16: 0.17 | Q16: 8.96
A17: 30/06/2025 02:15 | B17: 4.37 | C17: 12.01 | D17: 9.78 | E17: 3.63 | F17: 3.73 | G17: 22.21 | H17: 9.91 | I17: 0.48 | J17: 0.2 | K17: 301.4 | L17: 21.65 | M17: 97.65 | N17: 67.3 | O17: 0 | P17: 0.16 | Q17: 8.97
A18: 30/06/2025 02:30 | B18: 4.35 | C18: 11.85 | D18: 9.68 | E18: 3.72 | F18: 3.95 | G18: 22.21 | H18: 9.91 | I18: 0.48 | J18: 0.21 | K18: 298.61 | L18: 21.53 | M18: 97.65 | N18: 71.3 | O18: 0 | P18: 0.16 | Q18: 8.95
A19: 30/06/2025 02:45 | B19: 4.28 | C19: 11.86 | D19: 9.62 | E19: 3.55 | F19: 3.7 | G19: 17.68 | H19: 7.91 | I19: 0.46 | J19: 0.18 | K19: 307.07 | L19: 21.54 | M19: 97.66 | N19: 78.4 | O19: 0 | P19: 0.15 | Q19: 8.95
A20: 30/06/2025 03:00 | B20: 4.32 | C20: 11.55 | D20: 9.5 | E20: 3.71 | F20: 4.04 | G20: 16.22 | H20: 7.26 | I20: 0.45 | J20: 0.22 | K20: 304.74 | L20: 21.57 | M20: 97.68 | N20: 85.8 | O20: 0 | P20: 0.16 | Q20: 8.96
... A104: 30/06/2025 24:00 | B104: 7.8 | C104: 12.36 | D104: 12.71 | E104: 5.06 | F104: 3.55 | G104: 27.09 | H104: 2.35 | I104: 0.97 | J104: 0.1 | K104: 323.69 | L104: 23.09 | M104: 97.58 | N104: 59.2 | O104: 0 | P104: 0.31 | Q104: 9.11
A106: Min | B106: =MIN(B9:B104) -> 4.11 | C106: =MIN(C9:C104) -> 11.1 | D106: =MIN(D9:D104) -> 9.47 | E106: =MIN(E9:E104) -> 3.35 | F106: =MIN(F9:F104) -> 2.48 | G106: =MIN(G9:G104) -> 6.03 | H106: =MIN(H9:H104) -> 2.35 | I106: =MIN(I9:I104) -> 0.44 | ... Q106: =MIN(Q9:Q104) -> 8.94
A107: Max | B107: =MAX(B9:B104) -> 21.25 | C107: =MAX(C9:C104) -> 19.29 | D107: =MAX(D9:D104) -> 26.5 | E107: =MAX(E9:E104) -> 5.06 | F107: =MAX(F9:F104) -> 4.83 | G107: =MAX(G9:G104) -> 61.03 | H107: =MAX(H9:H104) -> 9.91 | I107: =MAX(I9:I104) -> 4.24 | ... Q107: =MAX(Q9:Q104) -> 9.54
A108: Avg | B108: =AVERAGE(B9:B104) -> 10.514792 | C108: =AVERAGE(C9:C104) -> 13.945312 | D108: =AVERAGE(D9:D104) -> 15.718229 | E108: =AVERAGE(E9:E104) -> 4.0746875 | F108: =AVERAGE(F9:F104) -> 3.5079167 | G108: =AVERAGE(G9:G104) -> 27.849687 | H108: =AVERAGE(H9:H104) -> 6.2279167 | I108: =AVERAGE(I9:I104) -> 1.654375 | ... Q108: =AVERAGE(Q9:Q104) -> 9.20375
A109: Stdev | B109: =STDEV(B9:B104) -> 5.2152778 | C109: =STDEV(C9:C104) -> 2.49031 | D109: =STDEV(D9:D104) -> 4.8371751 | E109: =STDEV(E9:E104) -> 0.36024247 | F109: =STDEV(F9:F104) -> 0.40994202 | G109: =STDEV(G9:G104) -> 16.231128 | H109: =STDEV(H9:H104) -> 2.3291389 | I109: =STDEV(I9:I104) -> 1.1284613 | ... Q109: =STDEV(Q9:Q104) -> 0.18940489
A110: Num | B110: =COUNT(B9:B104) -> 96 | C110: =COUNT(C9:C104) -> 96 | D110: =COUNT(D9:D104) -> 96 | E110: =COUNT(E9:E104) -> 96 | F110: =COUNT(F9:F104) -> 96 | G110: =COUNT(G9:G104) -> 96 | H110: =COUNT(H9:H104) -> 96 | I110: =COUNT(I9:I104)+1 -> 97 | J110: =COUNT(J9:J104) -> 96 | K110: =COUNT(K9:K104) -> 96 | L110: =COUNT(L9:L104) -> 96 | M110: =COUNT(M9:M104) -> 96 | N110: =COUNT(N9:N104) -> 96 | O110: =COUNT(O9:O104) -> 96 | P110: =COUNT(P9:P104) -> 96 | Q110: =COUNT(Q9:Q104) -> 96
A111: DCR | B111: =IF(B110>=87,">90%",IF(B110<=87,"<90%")) -> >90% | C111: =IF(C110>=87,">90%",IF(C110<=87,"<90%")) -> >90% | D111: =IF(D110>=87,">90%",IF(D110<=87,"<90%")) -> >90% | E111: =IF(E110>=87,">90%",IF(E110<=87,"<90%")) -> >90% | F111: =IF(F110>=87,">90%",IF(F110<=87,"<90%")) -> >90% | G111: =IF(G110>=87,">90%",IF(G110<=87,"<90%")) -> >90% | H111: =IF(H110>=87,">90%",IF(H110<=87,"<90%")) -> >90% | I111: =IF(I110>=87,">90%",IF(I110<=87,"<90%")) -> >90% | ... Q111: =IF(Q110>=87,">90%",IF(Q110<=87,"<90%")) -> >90%
A112: Status | B112: =IF(B110>=87,"OK",IF(B110<=87,"LESS")) -> OK | C112: =IF(C110>=87,"OK",IF(C110<=87,"LESS")) -> OK | D112: =IF(D110>=87,"OK",IF(D110<=87,"LESS")) -> OK | E112: =IF(E110>=87,"OK",IF(E110<=87,"LESS")) -> OK | F112: =IF(F110>=87,"OK",IF(F110<=87,"LESS")) -> OK | G112: =IF(G110>=87,"OK",IF(G110<=87,"LESS")) -> OK | H112: =IF(H110>=87,"OK",IF(H110<=87,"LESS")) -> OK | I112: =IF(I110>=87,"OK",IF(I110<=87,"LESS")) -> OK | ... Q112: =IF(Q110>=87,"OK",IF(Q110<=87,"LESS")) -> OK
A115: Done by | B115: RK
A117: Comment

Sheet MONTHLY 31
A1: Station: | B1: BHATAGAON RAIPUR
A2: Date: | B2: =$A$9 -> 45809.01 | D2: Power Off | G2: Pw.Off | L2: Link Fail | N2: Link F | P2: Maintenance | R2: Maint.
A3: Report Type: | B3: Mean | D3: Calibration | G3: Calib. | L3: Data Fail | N3: Data F | P3: Invalid | R3: Invalid
A4: Time Base: | B4: 24 HRS | D4: Zero Referrence | G4: Z.Ref | L4: Warm Up | N4: Wm. Up
A7: Date & Time | B7: NO_BHATAGAON | C7: NO2__BHATAGAON | D7: NOX_BHATAGAON | E7: SO2__BHATAGAON | F7: O3__BHATAGAON | G7: PM10__BHATAGAON | H7: PM2_5__BHATAGAON | I7: BENZ__BHATAGAON | J7: WS__BHATAGAON | K7: WD__BHATAGAON | L7: TEMP__BHATAGAON | M7: HUM__BHATAGAON | N7: SR__BHATAGAON | O7: RG__BHATAGAON | P7: CO__BHATAGAON | Q7: NH3__BHATAGAON
B8: ug/m3 | C8: ug/m3 | D8: ppb | E8: ug/m3 | F8: ug/m3 | G8: ug/m3 | H8: ug/m3 | I8: ug/m3 | J8: m/sec | K8: deg | L8: degreC | M8: % | N8: w/m2 | O8: mm | P8: mg/m3 | Q8: ug/m3
A9: ='01'!$B$2 -> 45809.01 | B9: ='01'!B108 -> 10.478437 | C9: ='01'!C108 -> 22.752813 | D9: ='01'!D108 -> 27.465521 | E9: ='01'!E108 -> 4.5585417 | F9: ='01'!F108 -> 6.5555208 | G9: ='01'!$G$108 -> 55.482083 | H9: ='01'!H108 -> 33.968854 | I9: ='01'!I108 -> 4.0120833 | J9: ='01'!J108 -> 0.24322917 | K9: ='01'!K108 -> 249.55958 | L9: ='01'!L108 -> 29.606771 | M9: ='01'!M108 -> 65.916562 | N9: ='01'!N108 -> 239.50521 | O9: ='01'!O108 -> 0 | ... Q9: ='01'!Q108 -> 9.3453125
A10: ='02'!$B$2 -> 45810.01 | B10: ='02'!B108 -> 8.1029167 | C10: ='02'!C108 -> 21.839687 | D10: ='02'!D108 -> 29.365417 | E10: ='02'!E108 -> 4.9811458 | F10: ='02'!F108 -> 7.7716667 | G10: ='02'!G108 -> 36.715729 | H10: ='02'!H108 -> 45.188021 | I10: ='02'!I108 -> 4.02 | ... Q10: ='02'!Q108 -> 9.3202083
A11: ='03'!$B$2 -> 45811.01 | B11: ='03'!B108 -> 8.3211458 | C11: ='03'!C108 -> 22.232292 | D11: ='03'!D108 -> 29.781042 | E11: ='03'!E108 -> 4.7264583 | F11: ='03'!F108 -> 7.2596875 | G11: ='03'!G108 -> 38.973438 | H11: ='03'!H108 -> 100.20635 | I11: ='03'!I108 -> 3.9816667 | ... Q11: ='03'!Q108 -> 9.3236458
A12: ='04'!$B$2 -> 45812.01 | B12: ='04'!B108 -> 8.7333333 | C12: ='04'!C108 -> 24.860729 | D12: ='04'!D108 -> 34.178542 | E12: ='04'!E108 -> 5.7188542 | F12: ='04'!F108 -> 8.4032292 | G12: ='04'!G108 -> 49.377083 | H12: ='04'!H108 -> 17.611354 | I12: ='04'!I108 -> 4.0113542 | ... Q12: ='04'!Q108 -> 9.3934375
A13: ='05'!$B$2 -> 45813.01 | B13: ='05'!B108 -> 12.381771 | C13: ='05'!C108 -> 30.23625 | D13: ='05'!D108 -> 38.867396 | E13: ='05'!E108 -> 6.1858333 | F13: ='05'!F108 -> 9.8565625 | G13: ='05'!G108 -> 44.724167 | H13: ='05'!H108 -> 56.59625 | I13: ='05'!I108 -> 4.0036458 | ... Q13: ='05'!Q108 -> 9.3548958
A14: ='06'!$B$2 -> 45814.01 | B14: ='06'!B108 -> 10.103646 | C14: ='06'!C108 -> 30.102083 | D14: ='06'!D108 -> 42.109271 | E14: ='06'!E108 -> 7.1822917 | F14: ='06'!F108 -> 14.038333 | G14: ='06'!G108 -> 65.960625 | H14: ='06'!H108 -> 51.752917 | I14: ='06'!I108 -> 3.9975 | ... Q14: ='06'!Q108 -> 9.4304167
A15: ='07'!$B$2 -> 45815.01 | B15: ='07'!B108 -> 8.9882292 | C15: ='07'!C108 -> 26.751042 | D15: ='07'!D108 -> 37.409167 | E15: ='07'!E108 -> 7.0615625 | F15: ='07'!F108 -> 11.410312 | G15: ='07'!$G$108 -> 51.655104 | H15: ='07'!H108 -> 176.51594 | I15: ='07'!I108 -> 4.00875 | J15: ='07'!J108 -> 0.27729167 | K15: ='07'!K108 -> 254.9576 | L15: ='07'!L108 -> 32.896771 | M15: ='07'!M108 -> 42.662083 | N15: ='07'!N108 -> 303.02396 | O15: ='07'!O108 -> 0 | ... Q15: ='07'!Q108 -> 9.3691667
A16: ='08'!$B$2 -> 45816.01 | B16: ='08'!B108 -> 6.8186458 | C16: ='08'!C108 -> 23.739688 | D16: ='08'!D108 -> 34.972187 | E16: ='08'!E108 -> 5.6360417 | F16: ='08'!F108 -> 12.996354 | G16: ='08'!$G$108 -> 53.331042 | H16: ='08'!H108 -> 16.526146 | I16: ='08'!I108 -> 3.9917708 | J16: ='08'!J108 -> 0.33822917 | K16: ='08'!K108 -> 255.50375 | L16: ='08'!L108 -> 32.896042 | M16: ='08'!M108 -> 45.3325 | N16: ='08'!N108 -> 298.64271 | O16: ='08'!O108 -> 0 | ... Q16: ='08'!Q108 -> 9.3778125
A17: ='09'!$B$2 -> 45817.01 | B17: ='09'!B108 -> 5.1446875 | C17: ='09'!C108 -> 21.179479 | D17: ='09'!D108 -> 32.641563 | E17: ='09'!E108 -> 6.0609375 | F17: ='09'!F108 -> 12.657188 | G17: ='09'!$G$108 -> 38.96875 | H17: ='09'!H108 -> 11.678646 | I17: ='09'!I108 -> 3.9977083 | J17: ='09'!J108 -> 0.27697917 | K17: ='09'!K108 -> 215.03615 | L17: ='09'!L108 -> 30.968438 | M17: ='09'!M108 -> 53.5525 | N17: ='09'!N108 -> 261.67813 | O17: ='09'!O108 -> 0 | ... Q17: ='09'!Q108 -> 9.3014583
A18: ='10'!$B$2 -> 45818.01 | B18: ='10'!B108 -> 5.8030208 | C18: ='10'!C108 -> 20.086771 | D18: ='10'!D108 -> 29.539375 | E18: ='10'!E108 -> 7.315 | F18: ='10'!F108 -> 12.40375 | G18: ='10'!$G$108 -> 43.525208 | H18: ='10'!H108 -> 16.329687 | I18: ='10'!I108 -> 4.0013542 | J18: ='10'!J108 -> 0.37572917 | K18: ='10'!K108 -> 211.15792 | L18: ='10'!L108 -> 28.126667 | M18: ='10'!M108 -> 70.336562 | N18: ='10'!N108 -> 185.72083 | O18: ='10'!O108 -> 0.25 | ... Q18: ='10'!Q108 -> 9.2888542
A19: ='11'!$B$2 -> 45819.01 | B19: ='11'!B108 -> 8.811875 | C19: ='11'!C108 -> 24.84125 | D19: ='11'!D108 -> 34.041458 | E19: ='11'!E108 -> 5.2303125 | F19: ='11'!F108 -> 12.171563 | G19: ='11'!$G$108 -> 40.740417 | H19: ='11'!H108 -> 13.705 | I19: ='11'!I108 -> 4.006875 | J19: ='11'!J108 -> 0.44447917 | K19: ='11'!K108 -> 135.98823 | L19: ='11'!L108 -> 28.779896 | M19: ='11'!M108 -> 73.609479 | N19: ='11'!N108 -> 277.15521 | O19: ='11'!O108 -> 0 | ... Q19: ='11'!Q108 -> 9.3694792
A20: ='12'!$B$2 -> 12/06/2025 00:15 | B20: ='12'!B108 -> 6.4203125 | C20: ='12'!C108 -> 17.681875 | D20: ='12'!D108 -> 23.996042 | E20: ='12'!E108 -> 5.25875 | F20: ='12'!F108 -> 12.841979 | G20: ='12'!$G$108 -> 31.343646 | H20: ='12'!H108 -> 25.226146 | I20: ='12'!I108 -> 4.0011458 | J20: ='12'!J108 -> 0.70572917 | K20: ='12'!K108 -> 122.03875 | L20: ='12'!L108 -> 30.022083 | M20: ='12'!M108 -> 62.617396 | N20: ='12'!N108 -> 290.33854 | O20: ='12'!O108 -> 0 | ... Q20: ='12'!Q108 -> 9.2690625
