Workbook

Sheet 01
A1: Station: | B1: IGKV ,RAIPUR
A2: Date: | B2: =$A$9 -> 01/02/2025 01:00 | D2: Power Off | G2: Pw.Off | L2: Link Fail | N2: Link F | P2: Maintenance | R2: Maint.
A3: Report Type: | B3: Mean | D3: Calibration | G3: Calib. | L3: Data Fail | N3: Data F | P3: Invalid | R3: Invalid
A4: Time Base: | B4: 01 Hour | D4: Zero Referrence | G4: Z.Ref | L4: Warm Up | N4: Wm. Up
A7: Date & Time | B7: NO | C7: NO2 | D7: NOX | E7: SO2 | F7: O3 | G7: PM 10 | H7: PM 2.5 | I7: BENZ | J7: WS | K7: WD | L7: TEMP | M7: HUM | N7: SR | O7: RG | P7: CO | Q7: NH3
B8: ug/m3 | C8: ug/m3 | D8: ppb | E8: ug/m3 | F8: ug/m3 | G8: ug/m3 | H8: ug/m3 | I8: ug/m3 | J8: m/sec | K8: deg | L8: degreC | M8: % | N8: w/m2 | O8: mm | P8: mg/m3 | Q8: ug/m3
A9: 01/02/2025 01:00 | B9: 11.86 | C9: 26.45 | D9: 23.99 | E9: 10.13 | F9: 4.07 | G9: 85.84 | H9: 26.02 | I9: 11.54 | J9: 0.17 | K9: 218.05 | L9: 21.92 | M9: 88.69 | N9: 1.6 | O9: 0 | P9: 0.97 | Q9: 12.97
A10: 01/02/2025 02:00 | B10: 12.83 | C10: 24.53 | D10: 24.46 | E10: 9.86 | F10: 4.11 | G10: 85.84 | H10: 29.32 | I10: 11.59 | J10: 0.13 | K10: 192.97 | L10: 20.97 | M10: 87.86 | N10: 1.4 | O10: 0 | P10: 0.98 | Q10: 12.96
A11: 01/02/2025 03:00 | B11: 13.64 | C11: 24.54 | D11: 25.11 | E11: 10.33 | F11: 4.02 | G11: 80.47 | H11: 29.32 | I11: 11.64 | J11: 0.2 | K11: 229.58 | L11: 20.46 | M11: 90.19 | N11: 1.4 | O11: 0 | P11: 1 | Q11: 12.97
A12: 01/02/2025 04:00 | B12: 13.8 | C12: 22.84 | D12: 24.35 | E12: 10.21 | F12: 3.89 | G12: 71.72 | H12: 24.9 | I12: 12.02 | J12: 0.13 | K12: 201.19 | L12: 19.96 | M12: 91.15 | N12: 1.3 | O12: 0 | P12: 0.99 | Q12: 12.97
A13: 01/02/2025 05:00 | B13: 12.72 | C13: 21.19 | D13: 22.62 | E13: 9.26 | F13: 3.86 | G13: 64.63 | H13: 24.9 | I13: 11.97 | J13: 0.15 | K13: 205.22 | L13: 20.07 | M13: 89.53 | N13: 1.3 | O13: 0 | P13: 0.97 | Q13: 12.96
A14: 01/02/2025 06:00 | B14: 12.28 | C14: 20.97 | D14: 22.15 | E14: 9.08 | F14: 3.84 | G14: 63.1 | H14: 23.87 | I14: 11.91 | J14: 0.14 | K14: 237.15 | L14: 19.71 | M14: 93.4 | N14: 1.4 | O14: 0 | P14: 0.95 | Q14: 12.95
A15: 01/02/2025 07:00 | B15: 12.05 | C15: 20.44 | D15: 21.7 | E15: 8.92 | F15: 3.93 | G15: 63.1 | H15: 23.03 | I15: 11.81 | J15: 0.27 | K15: 193.93 | L15: 19.79 | M15: 94.98 | N15: 7.6 | O15: 0 | P15: 0.92 | Q15: 12.96
A16: 01/02/2025 08:00 | B16: 12.07 | C16: 20.25 | D16: 21.54 | E16: 9.07 | F16: 3.8 | G16: 57.75 | H16: 23.27 | I16: 12.22 | J16: 0.25 | K16: 171.87 | L16: 21.49 | M16: 94.23 | N16: 44 | O16: 0 | P16: 0.94 | Q16: 12.95
A17: 01/02/2025 09:00 | B17: 12.14 | C17: 23.27 | D17: 23.24 | E17: 9.56 | F17: 4.23 | G17: 59.33 | H17: 24.08 | I17: 12.58 | J17: 0.32 | K17: 266.52 | L17: 24.9 | M17: 82.13 | N17: 166.3 | O17: 0 | P17: 0.95 | Q17: 12.96
A18: 01/02/2025 10:00 | B18: 12.02 | C18: 23.13 | D18: 22.91 | E18: 9.81 | F18: 4.49 | G18: 59.33 | H18: 25.84 | I18: 12.51 | J18: 0.38 | K18: 264.85 | L18: 27.96 | M18: 66.96 | N18: 269 | O18: 0 | P18: 0.92 | Q18: 12.96
A19: 01/02/2025 11:00 | B19: 10.42 | C19: 22.96 | D19: 21.71 | E19: 10.93 | F19: 6.81 | G19: 56.68 | H19: 25.84 | I19: 12.04 | J19: 0.32 | K19: 255.93 | L19: 30.86 | M19: 54.2 | N19: 329.3 | O19: 0 | P19: 0.87 | Q19: 12.96
A20: 01/02/2025 12:00 | B20: 8.15 | C20: 20.2 | D20: 18.44 | E20: 11 | F20: 7.62 | G20: 46.69 | H20: 21.07 | I20: 11.31 | J20: 0.49 | K20: 283.13 | L20: 32.25 | M20: 40.34 | N20: 351.7 | O20: 0 | P20: 0.8 | Q20: 12.95
... A32: 01/02/2025 24:00 | B32: 16.04 | C32: 23.86 | D32: 26.57 | E32: 8.78 | F32: 3.81 | G32: 110.63 | H32: 27.18 | I32: 11.67 | J32: 0.25 | K32: 212.81 | L32: 21.6 | M32: 79.14 | N32: 1.3 | O32: 0 | P32: 0.99 | Q32: 12.98
A34: Min | B34: =MIN(B9:B32) -> 4.1 | C34: =MIN(C9:C32) -> 17.82 | D34: =MIN(D9:D32) -> 14.12 | E34: =MIN(E9:E32) -> 8.78 | F34: =MIN(F9:F32) -> 3.8 | G34: =MIN(G9:G32) -> 39.63 | H34: =MIN(H9:H32) -> 18.16 | I34: =MIN(I9:I32) -> 5.79 | ... Q34: =MIN(Q9:Q32) -> 12.92
A35: Max | B35: =MAX(B9:B32) -> 16.44 | C35: =MAX(C9:C32) -> 27.11 | D35: =MAX(D9:D32) -> 27.57 | E35: =MAX(E9:E32) -> 11.06 | F35: =MAX(F9:F32) -> 14.66 | G35: =MAX(G9:G32) -> 145.38 | H35: =MAX(H9:H32) -> 29.32 | I35: =MAX(I9:I32) -> 12.58 | ... Q35: =MAX(Q9:Q32) -> 12.98
A36: Avg | B36: =AVERAGE(B9:B32) -> 10.565417 | C36: =AVERAGE(C9:C32) -> 22.431667 | D36: =AVERAGE(D9:D32) -> 21.445 | E36: =AVERAGE(E9:E32) -> 9.8258333 | F36: =AVERAGE(F9:F32) -> 6.35125 | G36: =AVERAGE(G9:G32) -> 75.88 | H36: =AVERAGE(H9:H32) -> 23.797083 | I36: =AVERAGE(I9:I32) -> 10.302083 | ... Q36: =AVERAGE(Q9:Q32) -> 12.954583
A37: Stdev | B37: =STDEV(B9:B32) -> 4.0785856 | C37: =STDEV(C9:C32) -> 2.8611607 | D37: =STDEV(D9:D32) -> 4.4374248 | E37: =STDEV(E9:E32) -> 0.70448203 | F37: =STDEV(F9:F32) -> 3.5740457 | G37: =STDEV(G9:G32) -> 35.178776 | H37: =STDEV(H9:H32) -> 3.2370954 | I37: =STDEV(I9:I32) -> 2.1463882 | ... Q37: =STDEV(Q9:Q32) -> 0.017932038
A38: Num | B38: =COUNT(B9:B32) -> 24 | C38: =COUNT(C9:C32) -> 24 | D38: =COUNT(D9:D32) -> 24 | E38: =COUNT(E9:E32) -> 24 | F38: =COUNT(F9:F32) -> 24 | G38: =COUNT(G9:G32) -> 24 | H38: =COUNT(H9:H32) -> 24 | I38: =COUNT(I9:I32) -> 24 | ... Q38: =COUNT(Q9:Q32) -> 24
A39: DCR | B39: =IF(B38>=22,">90%",IF(B38<=22,"<90%")) -> >90% | C39: =IF(C38>=22,">90%",IF(C38<=22,"<90%")) -> >90% | D39: =IF(D38>=22,">90%",IF(D38<=22,"<90%")) -> >90% | E39: =IF(E38>=22,">90%",IF(E38<=22,"<90%")) -> >90% | F39: =IF(F38>=22,">90%",IF(F38<=22,"<90%")) -> >90% | G39: =IF(G38>=22,">90%",IF(G38<=22,"<90%")) -> >90% | H39: =IF(H38>=22,">90%",IF(H38<=22,"<90%")) -> >90% | I39: =IF(I38>=22,">90%",IF(I38<=22,"<90%")) -> >90% | ... Q39: =IF(Q38>=22,">90%",IF(Q38<=22,"<90%")) -> >90%
A40: Status | B40: =IF(B38>=22,"OK",IF(B38<=22,"LESS")) -> OK | C40: =IF(C38>=22,"OK",IF(C38<=22,"LESS")) -> OK | D40: =IF(D38>=22,"OK",IF(D38<=22,"LESS")) -> OK | E40: =IF(E38>=22,"OK",IF(E38<=22,"LESS")) -> OK | F40: =IF(F38>=22,"OK",IF(F38<=22,"LESS")) -> OK | G40: =IF(G38>=22,"OK",IF(G38<=22,"LESS")) -> OK | H40: =IF(H38>=22,"OK",IF(H38<=22,"LESS")) -> OK | I40: =IF(I38>=22,"OK",IF(I38<=22,"LESS")) -> OK | ... Q40: =IF(Q38>=22,"OK",IF(Q38<=22,"LESS")) -> OK
A43: Done by | B43: AKASH
A45: Comment

Sheet 02
A1: Station: | B1: IGKV ,RAIPUR
A2: Date: | B2: =$A$9 -> 02/02/2025 01:00 | D2: Power Off | G2: Pw.Off | L2: Link Fail | N2: Link F | P2: Maintenance | R2: Maint.
A3: Report Type: | B3: Mean | D3: Calibration | G3: Calib. | L3: Data Fail | N3: Data F | P3: Invalid | R3: Invalid
A4: Time Base: | B4: 01 Hour | D4: Zero Referrence | G4: Z.Ref | L4: Warm Up | N4: Wm. Up
A7: Date & Time | B7: NO | C7: NO2 | D7: NOX | E7: SO2 | F7: O3 | G7: PM 10 | H7: PM 2.5 | I7: BENZ | J7: WS | K7: WD | L7: TEMP | M7: HUM | N7: SR | O7: RG | P7: CO | Q7: NH3
B8: ug/m3 | C8: ug/m3 | D8: ppb | E8: ug/m3 | F8: ug/m3 | G8: ug/m3 | H8: ug/m3 | I8: ug/m3 | J8: m/sec | K8: deg | L8: degreC | M8: % | N8: w/m2 | O8: mm | P8: mg/m3 | Q8: ug/m3
A9: 02/02/2025 01:00 | B9: 14.48 | C9: 23.51 | D9: 24.96 | E9: 8.18 | F9: 3.8 | G9: 104.91 | H9: 27.18 | I9: 12.35 | J9: 0.17 | K9: 226.82 | L9: 21.27 | M9: 82.84 | N9: 1.4 | O9: 0 | P9: 1.02 | Q9: 12.97
A10: 02/02/2025 02:00 | B10: 13.63 | C10: 23.37 | D10: 24.49 | E10: 8.11 | F10: 3.88 | G10: 104.91 | H10: 24.78 | I10: 12.85 | J10: 0.17 | K10: 211.01 | L10: 20.8 | M10: 84.51 | N10: 1.3 | O10: 0 | P10: 1.03 | Q10: 12.98
A11: 02/02/2025 03:00 | B11: 13.2 | C11: 23 | D11: 23.95 | E11: 11.22 | F11: 4.01 | G11: 90.49 | H11: 24.78 | I11: 13.08 | J11: 0.18 | K11: 162.49 | L11: 20.3 | M11: 84.27 | N11: 1.4 | O11: 0 | P11: 1.03 | Q11: 12.96
A12: 02/02/2025 04:00 | B12: 12.67 | C12: 22.29 | D12: 23.13 | E12: 11.39 | F12: 3.84 | G12: 83.25 | H12: 24.32 | I12: 13.18 | J12: 0.19 | K12: 226.52 | L12: 20.09 | M12: 87.39 | N12: 1.4 | O12: 0 | P12: 1.03 | Q12: 12.96
A13: 02/02/2025 05:00 | B13: 12.69 | C13: 22.75 | D13: 23.41 | E13: 11.72 | F13: 3.95 | G13: 61.21 | H13: 24.32 | I13: 13.12 | J13: 0.13 | K13: 202.95 | L13: 19.65 | M13: 88.86 | N13: 1.3 | O13: 0 | P13: 1.02 | Q13: 12.96
A14: 02/02/2025 06:00 | B14: 13.4 | C14: 23.32 | D14: 24.28 | E14: 11.55 | F14: 3.86 | G14: 58.79 | H14: 23.34 | I14: 13.15 | J14: 0.22 | K14: 175.59 | L14: 19.71 | M14: 86.47 | N14: 1.3 | O14: 0 | P14: 1.01 | Q14: 12.97
A15: 02/02/2025 07:00 | B15: 14.28 | C15: 22.87 | D15: 24.6 | E15: 10.95 | F15: 3.87 | G15: 58.79 | H15: 21.65 | I15: 12.85 | J15: 0.2 | K15: 177.69 | L15: 19.37 | M15: 89.51 | N15: 7.7 | O15: 0 | P15: 1 | Q15: 12.96
A16: 02/02/2025 08:00 | B16: 14.55 | C16: 22.47 | D16: 24.64 | E16: 11.03 | F16: 3.95 | G16: 54.22 | H16: 21.65 | I16: 12.44 | J16: 0.44 | K16: 166.66 | L16: 21.05 | M16: 89.17 | N16: 38.9 | O16: 0 | P16: 0.97 | Q16: 12.97
A17: 02/02/2025 09:00 | B17: 14.53 | C17: 22.65 | D17: 24.74 | E17: 10.93 | F17: 4.14 | G17: 62.8 | H17: 23.43 | I17: 12.17 | J17: 0.39 | K17: 261.53 | L17: 25.13 | M17: 73.18 | N17: 175.9 | O17: 0 | P17: 0.97 | Q17: 12.97
A18: 02/02/2025 10:00 | B18: 12.26 | C18: 24.14 | D18: 22.71 | E18: 10.71 | F18: 5.24 | G18: 81.29 | H18: 25.02 | I18: 13.59 | J18: 0.57 | K18: 275.12 | L18: 28.23 | M18: 58.57 | N18: 289.5 | O18: 0 | P18: 1.03 | Q18: 12.96
A19: 02/02/2025 11:00 | B19: 7.08 | C19: 25.26 | D19: 19.72 | E19: 10.93 | F19: 7.16 | G19: 81.29 | H19: 25.02 | I19: 15.83 | J19: 1 | K19: 293.15 | L19: 29.84 | M19: 45.54 | N19: 336.8 | O19: 0 | P19: 1.03 | Q19: 12.96
A20: 02/02/2025 12:00 | B20: 4.92 | C20: 25.26 | D20: 18.5 | E20: 9.86 | F20: 9.37 | G20: 69.05 | H20: 23.71 | I20: 15.5 | J20: 1.06 | K20: 300.69 | L20: 31.62 | M20: 42.22 | N20: 362.7 | O20: 0 | P20: 1.03 | Q20: 12.95
... A32: 02/02/2025 24:00 | B32: 11 | C32: 23.6 | D32: 22.5 | E32: 8.84 | F32: 3.99 | G32: 80.69 | H32: 24.4 | I32: 12.98 | J32: 0.26 | K32: 179.1 | L32: 22.61 | M32: 75.16 | N32: 1.6 | O32: 0 | P32: 1.1 | Q32: 12.94
A34: Min | B34: =MIN(B9:B32) -> 4.07 | C34: =MIN(C9:C32) -> 20.96 | D34: =MIN(D9:D32) -> 15.85 | E34: =MIN(E9:E32) -> 8.11 | F34: =MIN(F9:F32) -> 3.8 | G34: =MIN(G9:G32) -> 39.37 | H34: =MIN(H9:H32) -> 18.22 | I34: =MIN(I9:I32) -> 9.08 | ... Q34: =MIN(Q9:Q32) -> 12.92
A35: Max | B35: =MAX(B9:B32) -> 14.55 | C35: =MAX(C9:C32) -> 25.26 | D35: =MAX(D9:D32) -> 24.96 | E35: =MAX(E9:E32) -> 19.06 | F35: =MAX(F9:F32) -> 32.61 | G35: =MAX(G9:G32) -> 104.91 | H35: =MAX(H9:H32) -> 27.18 | I35: =MAX(I9:I32) -> 15.83 | ... Q35: =MAX(Q9:Q32) -> 12.98
A36: Avg | B36: =AVERAGE(B9:B32) -> 9.1875 | C36: =AVERAGE(C9:C32) -> 23.130833 | D36: =AVERAGE(D9:D32) -> 20.684167 | E36: =AVERAGE(E9:E32) -> 11.194583 | F36: =AVERAGE(F9:F32) -> 8.66875 | G36: =AVERAGE(G9:G32) -> 69.003333 | H36: =AVERAGE(H9:H32) -> 22.73 | I36: =AVERAGE(I9:I32) -> 12.201667 | ... Q36: =AVERAGE(Q9:Q32) -> 12.951667
A37: Stdev | B37: =STDEV(B9:B32) -> 4.1063411 | C37: =STDEV(C9:C32) -> 1.0746442 | D37: =STDEV(D9:D32) -> 3.2635549 | E37: =STDEV(E9:E32) -> 2.8197471 | F37: =STDEV(F9:F32) -> 8.4906395 | G37: =STDEV(G9:G32) -> 16.931055 | H37: =STDEV(H9:H32) -> 2.4331497 | I37: =STDEV(I9:I32) -> 1.9365493 | ... Q37: =STDEV(Q9:Q32) -> 0.015510632
A38: Num | B38: =COUNT(B9:B32) -> 24 | C38: =COUNT(C9:C32) -> 24 | D38: =COUNT(D9:D32) -> 24 | E38: =COUNT(E9:E32) -> 24 | F38: =COUNT(F9:F32) -> 24 | G38: =COUNT(G9:G32) -> 24 | H38: =COUNT(H9:H32) -> 24 | I38: =COUNT(I9:I32) -> 24 | ... Q38: =COUNT(Q9:Q32) -> 24
A39: DCR | B39: =IF(B38>=22,">90%",IF(B38<=22,"<90%")) -> >90% | C39: =IF(C38>=22,">90%",IF(C38<=22,"<90%")) -> >90% | D39: =IF(D38>=22,">90%",IF(D38<=22,"<90%")) -> >90% | E39: =IF(E38>=22,">90%",IF(E38<=22,"<90%")) -> >90% | F39: =IF(F38>=22,">90%",IF(F38<=22,"<90%")) -> >90% | G39: =IF(G38>=22,">90%",IF(G38<=22,"<90%")) -> >90% | H39: =IF(H38>=22,">90%",IF(H38<=22,"<90%")) -> >90% | I39: =IF(I38>=22,">90%",IF(I38<=22,"<90%")) -> >90% | ... Q39: =IF(Q38>=22,">90%",IF(Q38<=22,"<90%")) -> >90%
A40: Status | B40: =IF(B38>=22,"OK",IF(B38<=22,"LESS")) -> OK | C40: =IF(C38>=22,"OK",IF(C38<=22,"LESS")) -> OK | D40: =IF(D38>=22,"OK",IF(D38<=22,"LESS")) -> OK | E40: =IF(E38>=22,"OK",IF(E38<=22,"LESS")) -> OK | F40: =IF(F38>=22,"OK",IF(F38<=22,"LESS")) -> OK | G40: =IF(G38>=22,"OK",IF(G38<=22,"LESS")) -> OK | H40: =IF(H38>=22,"OK",IF(H38<=22,"LESS")) -> OK | I40: =IF(I38>=22,"OK",IF(I38<=22,"LESS")) -> OK | ... Q40: =IF(Q38>=22,"OK",IF(Q38<=22,"LESS")) -> OK
A43: Done by | B43: AKASH
A45: Comment

Sheet 03
A1: Station: | B1: IGKV ,RAIPUR
A2: Date: | B2: =$A$9 -> 03/02/2025 01:00 | D2: Power Off | G2: Pw.Off | L2: Link Fail | N2: Link F | P2: Maintenance | R2: Maint.
A3: Report Type: | B3: Mean | D3: Calibration | G3: Calib. | L3: Data Fail | N3: Data F | P3: Invalid | R3: Invalid
A4: Time Base: | B4: 01 Hour | D4: Zero Referrence | G4: Z.Ref | L4: Warm Up | N4: Wm. Up
A7: Date & Time | B7: NO | C7: NO2 | D7: NOX | E7: SO2 | F7: O3 | G7: PM 10 | H7: PM 2.5 | I7: BENZ | J7: WS | K7: WD | L7: TEMP | M7: HUM | N7: SR | O7: RG | P7: CO | Q7: NH3
B8: ug/m3 | C8: ug/m3 | D8: ppb | E8: ug/m3 | F8: ug/m3 | G8: ug/m3 | H8: ug/m3 | I8: ug/m3 | J8: m/sec | K8: deg | L8: degreC | M8: % | N8: w/m2 | O8: mm | P8: mg/m3 | Q8: ug/m3
A9: 03/02/2025 01:00 | B9: Pw.Off | C9: Pw.Off | D9: Pw.Off | E9: Pw.Off | F9: Pw.Off | G9: Pw.Off | H9: Pw.Off | I9: Pw.Off | J9: Pw.Off | K9: Pw.Off | L9: Pw.Off | M9: Pw.Off | N9: Pw.Off | O9: Pw.Off | P9: Pw.Off | Q9: Pw.Off
A10: 03/02/2025 02:00 | B10: Pw.Off | C10: Pw.Off | D10: Pw.Off | E10: Pw.Off | F10: Pw.Off | G10: Pw.Off | H10: Pw.Off | I10: Pw.Off | J10: Pw.Off | K10: Pw.Off | L10: Pw.Off | M10: Pw.Off | N10: Pw.Off | O10: Pw.Off | P10: Pw.Off | Q10: Pw.Off
A11: 03/02/2025 03:00 | B11: Pw.Off | C11: Pw.Off | D11: Pw.Off | E11: Pw.Off | F11: Pw.Off | G11: Pw.Off | H11: Pw.Off | I11: Pw.Off | J11: Pw.Off | K11: Pw.Off | L11: Pw.Off | M11: Pw.Off | N11: Pw.Off | O11: Pw.Off | P11: Pw.Off | Q11: Pw.Off
A12: 03/02/2025 04:00 | B12: Pw.Off | C12: Pw.Off | D12: Pw.Off | E12: Pw.Off | F12: Pw.Off | G12: Pw.Off | H12: Pw.Off | I12: Pw.Off | J12: Pw.Off | K12: Pw.Off | L12: Pw.Off | M12: Pw.Off | N12: Pw.Off | O12: Pw.Off | P12: Pw.Off | Q12: Pw.Off
A13: 03/02/2025 05:00 | B13: Pw.Off | C13: Pw.Off | D13: Pw.Off | E13: Pw.Off | F13: Pw.Off | G13: Pw.Off | H13: Pw.Off | I13: Pw.Off | J13: Pw.Off | K13: Pw.Off | L13: Pw.Off | M13: Pw.Off | N13: Pw.Off | O13: Pw.Off | P13: Pw.Off | Q13: Pw.Off
A14: 03/02/2025 06:00 | B14: Pw.Off | C14: Pw.Off | D14: Pw.Off | E14: Pw.Off | F14: Pw.Off | G14: Pw.Off | H14: Pw.Off | I14: Pw.Off | J14: Pw.Off | K14: Pw.Off | L14: Pw.Off | M14: Pw.Off | N14: Pw.Off | O14: Pw.Off | P14: Pw.Off | Q14: Pw.Off
A15: 03/02/2025 07:00 | B15: Pw.Off | C15: Pw.Off | D15: Pw.Off | E15: Pw.Off | F15: Pw.Off | G15: Pw.Off | H15: Pw.Off | I15: Pw.Off | J15: Pw.Off | K15: Pw.Off | L15: Pw.Off | M15: Pw.Off | N15: Pw.Off | O15: Pw.Off | P15: Pw.Off | Q15: Pw.Off
A16: 03/02/2025 08:00 | B16: Pw.Off | C16: Pw.Off | D16: Pw.Off | E16: Pw.Off | F16: Pw.Off | G16: Pw.Off | H16: Pw.Off | I16: Pw.Off | J16: Pw.Off | K16: Pw.Off | L16: Pw.Off | M16: Pw.Off | N16: Pw.Off | O16: Pw.Off | P16: Pw.Off | Q16: Pw.Off
A17: 03/02/2025 09:00 | B17: Pw.Off | C17: Pw.Off | D17: Pw.Off | E17: Pw.Off | F17: Pw.Off | G17: Pw.Off | H17: Pw.Off | I17: Pw.Off | J17: Pw.Off | K17: Pw.Off | L17: Pw.Off | M17: Pw.Off | N17: Pw.Off | O17: Pw.Off | P17: Pw.Off | Q17: Pw.Off
A18: 03/02/2025 10:00 | B18: Pw.Off | C18: Pw.Off | D18: Pw.Off | E18: Pw.Off | F18: Pw.Off | G18: Pw.Off | H18: Pw.Off | I18: Pw.Off | J18: Pw.Off | K18: Pw.Off | L18: Pw.Off | M18: Pw.Off | N18: Pw.Off | O18: Pw.Off | P18: Pw.Off | Q18: Pw.Off
A19: 03/02/2025 11:00 | B19: 43.01 | C19: 52.26 | D19: 63.26 | E19: 9.69 | F19: 5.25 | G19: 75.83 | H19: 29.11 | I19: 9.35 | J19: 1.42 | K19: 58.14 | L19: 26.02 | M19: 26.65 | N19: 510.5 | O19: 0 | P19: 1.07 | Q19: 7.96
A20: 03/02/2025 12:00 | B20: 33.09 | C20: 50.82 | D20: 54.62 | E20: 9.12 | F20: 5.89 | G20: 72.56 | H20: 27.25 | I20: 8.09 | J20: 1.45 | K20: 54.57 | L20: 27.08 | M20: 16.06 | N20: 557.3 | O20: 0 | P20: 0.96 | Q20: 7.39
A21: 03/02/2025 13:00 | B21: 24.93 | C21: 50.22 | D21: 47.78 | E21: 8.29 | F21: 6.74 | G21: 61.62 | H21: 22.16 | I21: 6.93 | J21: 1.08 | K21: 353.56 | L21: 28.48 | M21: 13.22 | N21: 561.4 | O21: 0 | P21: 0.85 | Q21: 6.82
A22: 03/02/2025 14:00 | B22: 16.33 | C22: 50.06 | D22: 40.8 | E22: 8.22 | F22: 6.26 | G22: 47.74 | H22: 14.52 | I22: 6.09 | J22: 1.32 | K22: 324.27 | L22: 29.68 | M22: 11.06 | N22: 554.7 | O22: 0 | P22: 0.76 | Q22: 6.29
A23: 03/02/2025 15:00 | B23: 9.6 | C23: 47.43 | D23: 34.03 | E23: 7.94 | F23: 6.8 | G23: 38.39 | H23: 13.59 | I23: 5.19 | J23: 0.79 | K23: 341.12 | L23: 30.37 | M23: 9.71 | N23: 511.5 | O23: 0 | P23: 0.6 | Q23: 5.66
A24: 03/02/2025 16:00 | B24: 7.27 | C24: 44.45 | D24: 30.6 | E24: 8.11 | F24: 8.18 | G24: 36.93 | H24: 13.59 | I24: 4.6 | J24: 0.84 | K24: 345.41 | L24: 28.93 | M24: 11.13 | N24: 116.3 | O24: 0 | P24: 0.56 | Q24: 5.33
A25: 03/02/2025 17:00 | B25: 7.16 | C25: 44.96 | D25: 30.78 | E25: 8.54 | F25: 7.63 | G25: 36.93 | H25: 12.01 | I25: 4 | J25: 1.07 | K25: 45.45 | L25: 28.17 | M25: 13.42 | N25: 91.8 | O25: 0 | P25: 0.54 | Q25: 5.23
A26: 03/02/2025 18:00 | B26: 15.89 | C26: 50.36 | D26: 40.6 | E26: 7.58 | F26: 6 | G26: 52.3 | H26: 13.53 | I26: 3.73 | J26: 0.72 | K26: 58.89 | L26: 26.86 | M26: 15.46 | N26: 26.9 | O26: 0 | P26: 0.59 | Q26: 5.76
A27: 03/02/2025 19:00 | B27: 22.61 | C27: 51.38 | D27: 46.46 | E27: 8.11 | F27: 4.99 | G27: 74.37 | H27: 18.88 | I27: 3.94 | J27: 0.25 | K27: 163.73 | L27: 24 | M27: 39.33 | N27: 26.9 | O27: 0 | P27: 0.64 | Q27: 6.34
A28: 03/02/2025 20:00 | B28: 26.09 | C28: 51.64 | D28: 49.44 | E28: 8.3 | F28: 4.77 | G28: 78.51 | H28: 20.91 | I28: 4.57 | J28: 0.24 | K28: 177.85 | L28: 19.03 | M28: 51.26 | N28: 26.9 | O28: 0 | P28: 0.71 | Q28: 6.63
A29: 03/02/2025 21:00 | B29: 25.89 | C29: 50.92 | D29: 48.92 | E29: 7.91 | F29: 4.57 | G29: 78.51 | H29: 20.91 | I29: 4.92 | J29: 0.23 | K29: 191.91 | L29: 16.8 | M29: 58.26 | N29: 26.9 | O29: 0 | P29: 0.76 | Q29: 6.62
A30: 03/02/2025 22:00 | B30: 24.06 | C30: 49.45 | D30: 46.68 | E30: 7.81 | F30: 4.67 | G30: 65.48 | H30: 17.59 | I30: 5.27 | J30: 0.27 | K30: 171.47 | L30: 15.67 | M30: 59.36 | N30: 26.9 | O30: 0 | P30: 0.81 | Q30: 6.53
... A32: 03/02/2025 24:00 | B32: 46.44 | C32: 49.36 | D32: 63.94 | E32: 8.09 | F32: 4.66 | G32: 76.7 | H32: 29.56 | I32: 7.31 | J32: 0.2 | K32: 206.99 | L32: 14.82 | M32: 69.19 | N32: 26.9 | O32: 0 | P32: 1.03 | Q32: 7.99
A34: Min | B34: =MIN(B9:B32) -> 7.16 | C34: =MIN(C9:C32) -> 44.45 | D34: =MIN(D9:D32) -> 30.6 | E34: =MIN(E9:E32) -> 7.58 | F34: =MIN(F9:F32) -> 4.57 | G34: =MIN(G9:G32) -> 36.93 | H34: =MIN(H9:H32) -> 12.01 | I34: =MIN(I9:I32) -> 3.73 | ... Q34: =MIN(Q9:Q32) -> 5.23
A35: Max | B35: =MAX(B9:B32) -> 46.44 | C35: =MAX(C9:C32) -> 52.26 | D35: =MAX(D9:D32) -> 63.94 | E35: =MAX(E9:E32) -> 9.69 | F35: =MAX(F9:F32) -> 8.18 | G35: =MAX(G9:G32) -> 78.51 | H35: =MAX(H9:H32) -> 29.56 | I35: =MAX(I9:I32) -> 9.35 | ... Q35: =MAX(Q9:Q32) -> 7.99
A36: Avg | B36: =AVERAGE(B9:B32) -> 24.278571 | C36: =AVERAGE(C9:C32) -> 49.51 | D36: =AVERAGE(D9:D32) -> 46.82 | E36: =AVERAGE(E9:E32) -> 8.275 | F36: =AVERAGE(F9:F32) -> 5.79 | G36: =AVERAGE(G9:G32) -> 61.935 | H36: =AVERAGE(H9:H32) -> 20.085714 | I36: =AVERAGE(I9:I32) -> 5.7221429 | ... Q36: =AVERAGE(Q9:Q32) -> 6.565
A37: Stdev | B37: =STDEV(B9:B32) -> 12.513736 | C37: =STDEV(C9:C32) -> 2.3466933 | D37: =STDEV(D9:D32) -> 10.781032 | E37: =STDEV(E9:E32) -> 0.54363096 | F37: =STDEV(F9:F32) -> 1.1957167 | G37: =STDEV(G9:G32) -> 16.234183 | H37: =STDEV(H9:H32) -> 6.2986283 | I37: =STDEV(I9:I32) -> 1.6840892 | ... Q37: =STDEV(Q9:Q32) -> 0.88854029
A38: Num | B38: =COUNT(B9:B32)+10 -> 24 | C38: =COUNT(C9:C32)+10 -> 24 | D38: =COUNT(D9:D32)+10 -> 24 | E38: =COUNT(E9:E32)+10 -> 24 | F38: =COUNT(F9:F32)+10 -> 24 | G38: =COUNT(G9:G32)+10 -> 24 | H38: =COUNT(H9:H32)+10 -> 24 | I38: =COUNT(I9:I32)+10 -> 24 | ... Q38: =COUNT(Q9:Q32)+10 -> 24
A39: DCR | B39: =IF(B38>=22,">90%",IF(B38<=22,"<90%")) -> >90% | C39: =IF(C38>=22,">90%",IF(C38<=22,"<90%")) -> >90% | D39: =IF(D38>=22,">90%",IF(D38<=22,"<90%")) -> >90% | E39: =IF(E38>=22,">90%",IF(E38<=22,"<90%")) -> >90% | F39: =IF(F38>=22,">90%",IF(F38<=22,"<90%")) -> >90% | G39: =IF(G38>=22,">90%",IF(G38<=22,"<90%")) -> >90% | H39: =IF(H38>=22,">90%",IF(H38<=22,"<90%")) -> >90% | I39: =IF(I38>=22,">90%",IF(I38<=22,"<90%")) -> >90% | ... Q39: =IF(Q38>=22,">90%",IF(Q38<=22,"<90%")) -> >90%
A40: Status | B40: =IF(B38>=22,"OK",IF(B38<=22,"LESS")) -> OK | C40: =IF(C38>=22,"OK",IF(C38<=22,"LESS")) -> OK | D40: =IF(D38>=22,"OK",IF(D38<=22,"LESS")) -> OK | E40: =IF(E38>=22,"OK",IF(E38<=22,"LESS")) -> OK | F40: =IF(F38>=22,"OK",IF(F38<=22,"LESS")) -> OK | G40: =IF(G38>=22,"OK",IF(G38<=22,"LESS")) -> OK | H40: =IF(H38>=22,"OK",IF(H38<=22,"LESS")) -> OK | I40: =IF(I38>=22,"OK",IF(I38<=22,"LESS")) -> OK | ... Q40: =IF(Q38>=22,"OK",IF(Q38<=22,"LESS")) -> OK
A43: Done by | B43: AKASH
A45: Comment

Sheet 04
A1: Station: | B1: IGKV ,RAIPUR
A2: Date: | B2: =$A$9 -> 45692.042 | D2: Power Off | G2: Pw.Off | L2: Link Fail | N2: Link F | P2: Maintenance | R2: Maint.
A3: Report Type: | B3: Mean | D3: Calibration | G3: Calib. | L3: Data Fail | N3: Data F | P3: Invalid | R3: Invalid
A4: Time Base: | B4: 01 Hour | D4: Zero Referrence | G4: Z.Ref | L4: Warm Up | N4: Wm. Up
A7: Date & Time | B7: NO | C7: NO2 | D7: NOX | E7: SO2 | F7: O3 | G7: PM 10 | H7: PM 2.5 | I7: BENZ | J7: WS | K7: WD | L7: TEMP | M7: HUM | N7: SR | O7: RG | P7: CO | Q7: NH3
B8: ug/m3 | C8: ug/m3 | D8: ppb | E8: ug/m3 | F8: ug/m3 | G8: ug/m3 | H8: ug/m3 | I8: ug/m3 | J8: m/sec | K8: deg | L8: degreC | M8: % | N8: w/m2 | O8: mm | P8: mg/m3 | Q8: ug/m3
A9: 45692.042 | B9: 49.63 | C9: 47.24 | D9: 65.32 | E9: 8.13 | F9: 4.6 | G9: 76.7 | H9: 29.56 | I9: 7.96 | J9: 0.21 | K9: 182.95 | L9: 14.36 | M9: 70.74 | N9: 0 | O9: 0 | P9: 1.1 | Q9: 7.99
A10: 45692.083 | B10: 84.71 | C10: 47.48 | D10: 94.28 | E10: 8.98 | F10: 4.64 | G10: 93.18 | H10: 35.78 | I10: 9.4 | J10: 0.21 | K10: 176.24 | L10: 14.72 | M10: 68.36 | N10: 0 | O10: 0 | P10: 1.32 | Q10: 10.1
A11: 45692.125 | B11: 102.91 | C11: 48.23 | D11: 109.04 | E11: 8.49 | F11: 4.65 | G11: 110.17 | H11: 43.06 | I11: 11.62 | J11: 0.22 | K11: 203.24 | L11: 14.03 | M11: 77.13 | N11: 0 | O11: 0 | P11: 1.44 | Q11: 11.35
A12: 45692.167 | B12: 99.85 | C12: 46.09 | D12: 105.7 | E12: 8.41 | F12: 4.66 | G12: 120.96 | H12: 43.06 | I12: 12.38 | J12: 0.19 | K12: 192.51 | L12: 12.75 | M12: 77.32 | N12: 0 | O12: 0 | P12: 1.47 | Q12: 11.26
A13: 45692.208 | B13: 114.09 | C13: 48.33 | D13: 118.29 | E13: 8.81 | F13: 4.61 | G13: 139.62 | H13: 44.93 | I13: 13.32 | J13: 0.44 | K13: 188.01 | L13: 13.68 | M13: 81.13 | N13: 0 | O13: 0 | P13: 1.57 | Q13: 12
A14: 45692.25 | B14: 112.02 | C14: 47.54 | D14: 116.22 | E14: 8.87 | F14: 4.73 | G14: 139.62 | H14: 44.93 | I14: 13.81 | J14: 0.21 | K14: 204.18 | L14: 11.39 | M14: 83.14 | N14: 0 | O14: 0 | P14: 1.55 | Q14: 11.88
A15: 45692.292 | B15: 100.36 | C15: 46.18 | D15: 106.16 | E15: 8.67 | F15: 4.69 | G15: 125.25 | H15: 42.72 | I15: 13.6 | J15: 0.16 | K15: 205.15 | L15: 10.83 | M15: 84.93 | N15: 1.1 | O15: 0 | P15: 1.52 | Q15: 11.2
A16: 45692.333 | B16: 88.99 | C16: 47.4 | D16: 96.76 | E16: 8.51 | F16: 4.63 | G16: 109.99 | H16: 43.61 | I16: 13.4 | J16: 0.14 | K16: 164.97 | L16: 14.29 | M16: 84.13 | N16: 25.8 | O16: 0 | P16: 1.53 | Q16: 10.48
A17: 45692.375 | B17: 78.79 | C17: 53.65 | D17: 90.44 | E17: 9.5 | F17: 4.72 | G17: 109.99 | H17: 43.61 | I17: 13.62 | J17: 0.28 | K17: 232.42 | L17: 21.83 | M17: 51.29 | N17: 301.5 | O17: 0 | P17: 1.52 | Q17: 9.95
A18: 45692.417 | B18: 57.52 | C18: 55.36 | D18: 76.06 | E18: 11.16 | F18: 4.9 | G18: 88.39 | H18: 40.58 | I18: 13.23 | J18: 0.93 | K18: 78.14 | L18: 24.24 | M18: 32.99 | N18: 387.8 | O18: 0 | P18: 1.4 | Q18: 9
A19: 45692.458 | B19: 41.29 | C19: 56.1 | D19: 63.57 | E19: 10.1 | F19: 5.11 | G19: 83.34 | H19: 36.01 | I19: 11.63 | J19: 1.24 | K19: 57.84 | L19: 26.3 | M19: 26.46 | N19: 478.8 | O19: 0 | P19: 1.2 | Q19: 7.99
A20: 45692.5 | B20: 33.06 | C20: 56.41 | D20: 57.44 | E20: 14.16 | F20: 5.37 | G20: 72.51 | H20: 33.18 | I20: 9.94 | J20: 1.02 | K20: 113.08 | L20: 28.48 | M20: 22.03 | N20: 530.6 | O20: 0 | P20: 1.04 | Q20: 7.5
... A32: 45693 | B32: 25.12 | C32: 46.23 | D32: 45.83 | E32: 7.89 | F32: 4.63 | G32: 85.5 | H32: 26.1 | I32: 7 | J32: 0.19 | K32: 200.25 | L32: 15.3 | M32: 69.51 | N32: 0 | O32: 0 | P32: 0.85 | Q32: 6.55
A34: Min | B34: =MIN(B9:B32) -> 8.41 | C34: =MIN(C9:C32) -> 46.09 | D34: =MIN(D9:D32) -> 33.8 | E34: =MIN(E9:E32) -> 7.89 | F34: =MIN(F9:F32) -> 4.39 | G34: =MIN(G9:G32) -> 43.22 | H34: =MIN(H9:H32) -> 19.21 | I34: =MIN(I9:I32) -> 4.9 | ... Q34: =MIN(Q9:Q32) -> 5.61
A35: Max | B35: =MAX(B9:B32) -> 114.09 | C35: =MAX(C9:C32) -> 56.41 | D35: =MAX(D9:D32) -> 118.29 | E35: =MAX(E9:E32) -> 14.16 | F35: =MAX(F9:F32) -> 9.61 | G35: =MAX(G9:G32) -> 139.62 | H35: =MAX(H9:H32) -> 44.93 | I35: =MAX(I9:I32) -> 13.81 | ... Q35: =MAX(Q9:Q32) -> 12
A36: Avg | B36: =AVERAGE(B9:B32) -> 49.20125 | C36: =AVERAGE(C9:C32) -> 50.537917 | D36: =AVERAGE(D9:D32) -> 67.075833 | E36: =AVERAGE(E9:E32) -> 9.4058333 | F36: =AVERAGE(F9:F32) -> 5.4804167 | G36: =AVERAGE(G9:G32) -> 85.671667 | H36: =AVERAGE(H9:H32) -> 31.465833 | I36: =AVERAGE(I9:I32) -> 9.1295833 | ... Q36: =AVERAGE(Q9:Q32) -> 8.1633333
A37: Stdev | B37: =STDEV(B9:B32) -> 37.509648 | C37: =STDEV(C9:C32) -> 3.5414133 | D37: =STDEV(D9:D32) -> 29.261046 | E37: =STDEV(E9:E32) -> 1.5722786 | F37: =STDEV(F9:F32) -> 1.5547305 | G37: =STDEV(G9:G32) -> 28.446654 | H37: =STDEV(H9:H32) -> 9.6598721 | I37: =STDEV(I9:I32) -> 3.2837736 | ... Q37: =STDEV(Q9:Q32) -> 2.2483127
A38: Num | B38: =COUNT(B9:B32) -> 24 | C38: =COUNT(C9:C32) -> 24 | D38: =COUNT(D9:D32) -> 24 | E38: =COUNT(E9:E32) -> 24 | F38: =COUNT(F9:F32) -> 24 | G38: =COUNT(G9:G32) -> 24 | H38: =COUNT(H9:H32) -> 24 | I38: =COUNT(I9:I32) -> 24 | ... Q38: =COUNT(Q9:Q32) -> 24
A39: DCR | B39: =IF(B38>=22,">90%",IF(B38<=22,"<90%")) -> >90% | C39: =IF(C38>=22,">90%",IF(C38<=22,"<90%")) -> >90% | D39: =IF(D38>=22,">90%",IF(D38<=22,"<90%")) -> >90% | E39: =IF(E38>=22,">90%",IF(E38<=22,"<90%")) -> >90% | F39: =IF(F38>=22,">90%",IF(F38<=22,"<90%")) -> >90% | G39: =IF(G38>=22,">90%",IF(G38<=22,"<90%")) -> >90% | H39: =IF(H38>=22,">90%",IF(H38<=22,"<90%")) -> >90% | I39: =IF(I38>=22,">90%",IF(I38<=22,"<90%")) -> >90% | ... Q39: =IF(Q38>=22,">90%",IF(Q38<=22,"<90%")) -> >90%
A40: Status | B40: =IF(B38>=22,"OK",IF(B38<=22,"LESS")) -> OK | C40: =IF(C38>=22,"OK",IF(C38<=22,"LESS")) -> OK | D40: =IF(D38>=22,"OK",IF(D38<=22,"LESS")) -> OK | E40: =IF(E38>=22,"OK",IF(E38<=22,"LESS")) -> OK | F40: =IF(F38>=22,"OK",IF(F38<=22,"LESS")) -> OK | G40: =IF(G38>=22,"OK",IF(G38<=22,"LESS")) -> OK | H40: =IF(H38>=22,"OK",IF(H38<=22,"LESS")) -> OK | I40: =IF(I38>=22,"OK",IF(I38<=22,"LESS")) -> OK | ... Q40: =IF(Q38>=22,"OK",IF(Q38<=22,"LESS")) -> OK
A43: Done by | B43: AKASH
A45: Comment

Sheet 05
A1: Station: | B1: IGKV ,RAIPUR
A2: Date: | B2: =$A$9 -> 05/02/2025 01:00 | D2: Power Off | G2: Pw.Off | L2: Link Fail | N2: Link F | P2: Maintenance | R2: Maint.
A3: Report Type: | B3: Mean | D3: Calibration | G3: Calib. | L3: Data Fail | N3: Data F | P3: Invalid | R3: Invalid
A4: Time Base: | B4: 01 Hour | D4: Zero Referrence | G4: Z.Ref | L4: Warm Up | N4: Wm. Up
A7: Date & Time | B7: NO | C7: NO2 | D7: NOX | E7: SO2 | F7: O3 | G7: PM 10 | H7: PM 2.5 | I7: BENZ | J7: WS | K7: WD | L7: TEMP | M7: HUM | N7: SR | O7: RG | P7: CO | Q7: NH3
B8: ug/m3 | C8: ug/m3 | D8: ppb | E8: ug/m3 | F8: ug/m3 | G8: ug/m3 | H8: ug/m3 | I8: ug/m3 | J8: m/sec | K8: deg | L8: degreC | M8: % | N8: w/m2 | O8: mm | P8: mg/m3 | Q8: ug/m3
A9: 05/02/2025 01:00 | B9: 31.43 | C9: 47.25 | D9: 51.44 | E9: 8.07 | F9: 4.65 | G9: 85.35 | H9: 26.25 | I9: 7.42 | J9: 0.2 | K9: 211.03 | L9: 14.84 | M9: 68.95 | N9: 0 | O9: 0 | P9: 0.94 | Q9: 6.83
A10: 05/02/2025 02:00 | B10: 55.72 | C10: 50.16 | D10: 72.44 | E10: 8.38 | F10: 4.71 | G10: 104.83 | H10: 33.28 | I10: 8.73 | J10: 0.22 | K10: 151.79 | L10: 14.83 | M10: 70.08 | N10: 0 | O10: 0 | P10: 1.18 | Q10: 8.31
A11: 05/02/2025 03:00 | B11: 87.24 | C11: 52.21 | D11: 98.61 | E11: 8.24 | F11: 4.53 | G11: 121.03 | H11: 41.08 | I11: 10.73 | J11: 0.27 | K11: 204.95 | L11: 14.41 | M11: 75.23 | N11: 0 | O11: 0 | P11: 1.39 | Q11: 10.38
A12: 05/02/2025 04:00 | B12: 91.3 | C12: 51.48 | D12: 101.47 | E12: 8.5 | F12: 4.6 | G12: 121.03 | H12: 41.96 | I12: 11.75 | J12: 0.18 | K12: 201.7 | L12: 13.09 | M12: 79.97 | N12: 0 | O12: 0 | P12: 1.44 | Q12: 10.68
A13: 05/02/2025 05:00 | B13: 89.97 | C13: 50.68 | D13: 100.17 | E13: 8.41 | F13: 4.45 | G13: 119.15 | H13: 41.96 | I13: 12.23 | J13: 0.17 | K13: 188.89 | L13: 12.38 | M13: 80.19 | N13: 0 | O13: 0 | P13: 1.45 | Q13: 10.63
A14: 05/02/2025 06:00 | B14: 81.92 | C14: 48.19 | D14: 92.42 | E14: 8.42 | F14: 4.59 | G14: 118.9 | H14: 37.56 | I14: 12.28 | J14: 0.19 | K14: 190.48 | L14: 11.93 | M14: 82.4 | N14: 0 | O14: 0 | P14: 1.44 | Q14: 10.11
A15: 05/02/2025 07:00 | B15: 72.87 | C15: 45.35 | D15: 83.68 | E15: 8.29 | F15: 4.54 | G15: 118.9 | H15: 38.8 | I15: 12.23 | J15: 0.24 | K15: 179.31 | L15: 11.37 | M15: 84.64 | N15: 1.3 | O15: 0 | P15: 1.42 | Q15: 9.49
A16: 05/02/2025 08:00 | B16: 65.05 | C16: 44.35 | D16: 76.44 | E16: 8.17 | F16: 4.52 | G16: 118.59 | H16: 40.1 | I16: 12.48 | J16: 0.19 | K16: 171.3 | L16: 14.29 | M16: 84.14 | N16: 27 | O16: 0 | P16: 1.4 | Q16: 8.96
A17: 05/02/2025 09:00 | B17: Pw.Off | C17: Pw.Off | D17: Pw.Off | E17: Pw.Off | F17: Pw.Off | G17: Pw.Off | H17: Pw.Off | I17: Pw.Off | J17: Pw.Off | K17: Pw.Off | L17: Pw.Off | M17: Pw.Off | N17: Pw.Off | O17: Pw.Off | P17: Pw.Off | Q17: Pw.Off
A18: 05/02/2025 10:00 | B18: Pw.Off | C18: Pw.Off | D18: Pw.Off | E18: Pw.Off | F18: Pw.Off | G18: Pw.Off | H18: Pw.Off | I18: Pw.Off | J18: Pw.Off | K18: Pw.Off | L18: Pw.Off | M18: Pw.Off | N18: Pw.Off | O18: Pw.Off | P18: Pw.Off | Q18: Pw.Off
A19: 05/02/2025 11:00 | B19: Pw.Off | C19: Pw.Off | D19: Pw.Off | E19: Pw.Off | F19: Pw.Off | G19: Pw.Off | H19: Pw.Off | I19: Pw.Off | J19: Pw.Off | K19: Pw.Off | L19: Pw.Off | M19: Pw.Off | N19: Pw.Off | O19: Pw.Off | P19: Pw.Off | Q19: Pw.Off
A20: 05/02/2025 12:00 | B20: Pw.Off | C20: Pw.Off | D20: Pw.Off | E20: Pw.Off | F20: Pw.Off | G20: Pw.Off | H20: Pw.Off | I20: Pw.Off | J20: Pw.Off | K20: Pw.Off | L20: Pw.Off | M20: Pw.Off | N20: Pw.Off | O20: Pw.Off | P20: Pw.Off | Q20: Pw.Off
A21: 05/02/2025 13:00 | B21: Pw.Off | C21: Pw.Off | D21: Pw.Off | E21: Pw.Off | F21: Pw.Off | G21: Pw.Off | H21: Pw.Off | I21: Pw.Off | J21: Pw.Off | K21: Pw.Off | L21: Pw.Off | M21: Pw.Off | N21: Pw.Off | O21: Pw.Off | P21: Pw.Off | Q21: Pw.Off
A22: 05/02/2025 14:00 | B22: Pw.Off | C22: Pw.Off | D22: Pw.Off | E22: Pw.Off | F22: Pw.Off | G22: Pw.Off | H22: Pw.Off | I22: Pw.Off | J22: Pw.Off | K22: Pw.Off | L22: Pw.Off | M22: Pw.Off | N22: Pw.Off | O22: Pw.Off | P22: Pw.Off | Q22: Pw.Off
A23: 05/02/2025 15:00 | B23: 3.88 | C23: 17.39 | D23: 13.55 | E23: 9.83 | F23: 1.3 | G23: 41.07 | H23: 27.49 | I23: 7.47 | J23: 0.8 | K23: 305.32 | L23: 33.37 | M23: 26.25 | N23: 87.6 | O23: 0 | P23: 0.49 | Q23: 12.93
A24: 05/02/2025 16:00 | B24: 4.13 | C24: 17.17 | D24: 13.39 | E24: 10.47 | F24: 2.6 | G24: 41.07 | H24: 27.49 | I24: 7.44 | J24: 0.78 | K24: 286.69 | L24: 33.57 | M24: 27.07 | N24: 87.6 | O24: 0 | P24: 0.56 | Q24: 12.94
A25: 05/02/2025 17:00 | B25: 3.92 | C25: 19.34 | D25: 14.6 | E25: 12.28 | F25: 3.5 | G25: 33.6 | H25: 25.97 | I25: 6.65 | J25: 0.48 | K25: 288.3 | L25: 32.89 | M25: 29.63 | N25: 43.8 | O25: 0 | P25: 0.45 | Q25: 12.95
A26: 05/02/2025 18:00 | B26: 4 | C26: 19.39 | D26: 14.61 | E26: 11.01 | F26: 2.6 | G26: 36.53 | H26: 21.93 | I26: 6.69 | J26: 0.4 | K26: 255.71 | L26: 31.5 | M26: 39.05 | N26: 18.8 | O26: 0 | P26: 0.44 | Q26: 12.94
A27: 05/02/2025 19:00 | B27: 4.53 | C27: 19.49 | D27: 15.17 | E27: 10.1 | F27: 5.9 | G27: 63.55 | H27: 21.34 | I27: 6.64 | J27: 0.3 | K27: 168.25 | L27: 28.15 | M27: 54.82 | N27: 2 | O27: 0 | P27: 0.47 | Q27: 12.94
A28: 05/02/2025 20:00 | B28: 5.24 | C28: 20.15 | D28: 16.08 | E28: 10.37 | F28: 6.5 | G28: 65.86 | H28: 19.97 | I28: 7.11 | J28: 0.25 | K28: 195.11 | L28: 26 | M28: 60.01 | N28: 1.5 | O28: 0 | P28: 0.53 | Q28: 12.94
A29: 05/02/2025 21:00 | B29: 6.59 | C29: 22.91 | D29: 18.61 | E29: 10.39 | F29: 3.54 | G29: 65.86 | H29: 19.98 | I29: 8.15 | J29: 0.19 | K29: 189.93 | L29: 24.69 | M29: 63.25 | N29: 1.1 | O29: 0 | P29: 0.66 | Q29: 12.95
A30: 05/02/2025 22:00 | B30: 8.53 | C30: 22.58 | D30: 19.77 | E30: 10.32 | F30: 2.6 | G30: 86.22 | H30: 19.98 | I30: 9.44 | J30: 0.23 | K30: 189.1 | L30: 23.87 | M30: 69.23 | N30: 1.5 | O30: 0 | P30: 0.73 | Q30: 12.93
A31: 05/02/2025 23:00 | B31: 10.05 | C31: 21.62 | D31: 20.6 | E31: 10.52 | F31: 2.6 | G31: 86.22 | H31: 19.2 | I31: 10.46 | J31: 0.16 | K31: 194.78 | L31: 22.8 | M31: 70.33 | N31: 1.1 | O31: 0 | P31: 0.77 | Q31: 12.95
A32: 05/02/2025 24:00 | B32: 12.52 | C32: 21.87 | D32: 22.82 | E32: 10.68 | F32: 2.6 | G32: 75.21 | H32: 19.2 | I32: 10.94 | J32: 0.23 | K32: 328.95 | L32: 23 | M32: 66.7 | N32: 1.5 | O32: 0 | P32: 0.8 | Q32: 12.95
A34: Min | B34: =MIN(B9:B32) -> 3.88 | C34: =MIN(C9:C32) -> 17.17 | D34: =MIN(D9:D32) -> 13.39 | E34: =MIN(E9:E32) -> 8.07 | F34: =MIN(F9:F32) -> 1.3 | G34: =MIN(G9:G32) -> 33.6 | H34: =MIN(H9:H32) -> 19.2 | I34: =MIN(I9:I32) -> 6.64 | ... Q34: =MIN(Q9:Q32) -> 6.83
A35: Max | B35: =MAX(B9:B32) -> 91.3 | C35: =MAX(C9:C32) -> 52.21 | D35: =MAX(D9:D32) -> 101.47 | E35: =MAX(E9:E32) -> 12.28 | F35: =MAX(F9:F32) -> 6.5 | G35: =MAX(G9:G32) -> 121.03 | H35: =MAX(H9:H32) -> 41.96 | I35: =MAX(I9:I32) -> 12.48 | ... Q35: =MAX(Q9:Q32) -> 12.95
A36: Avg | B36: =AVERAGE(B9:B32) -> 35.493889 | C36: =AVERAGE(C9:C32) -> 32.865556 | D36: =AVERAGE(D9:D32) -> 46.992778 | E36: =AVERAGE(E9:E32) -> 9.5805556 | F36: =AVERAGE(F9:F32) -> 3.9072222 | G36: =AVERAGE(G9:G32) -> 83.498333 | H36: =AVERAGE(H9:H32) -> 29.085556 | I36: =AVERAGE(I9:I32) -> 9.38 | ... Q36: =AVERAGE(Q9:Q32) -> 11.378333
A37: Stdev | B37: =STDEV(B9:B32) -> 36.132766 | C37: =STDEV(C9:C32) -> 14.772586 | D37: =STDEV(D9:D32) -> 36.41698 | E37: =STDEV(E9:E32) -> 1.27025 | F37: =STDEV(F9:F32) -> 1.3270215 | G37: =STDEV(G9:G32) -> 32.253232 | H37: =STDEV(H9:H32) -> 8.940541 | I37: =STDEV(I9:I32) -> 2.2471708 | ... Q37: =STDEV(Q9:Q32) -> 1.9944076
A38: Num | B38: =COUNT(B9:B32)+6 -> 24 | C38: =COUNT(C9:C32)+6 -> 24 | D38: =COUNT(D9:D32)+6 -> 24 | E38: =COUNT(E9:E32)+6 -> 24 | F38: =COUNT(F9:F32)+6 -> 24 | G38: =COUNT(G9:G32)+6 -> 24 | H38: =COUNT(H9:H32)+6 -> 24 | I38: =COUNT(I9:I32)+6 -> 24 | ... Q38: =COUNT(Q9:Q32)+6 -> 24
A39: DCR | B39: =IF(B38>=22,">90%",IF(B38<=22,"<90%")) -> >90% | C39: =IF(C38>=22,">90%",IF(C38<=22,"<90%")) -> >90% | D39: =IF(D38>=22,">90%",IF(D38<=22,"<90%")) -> >90% | E39: =IF(E38>=22,">90%",IF(E38<=22,"<90%")) -> >90% | F39: =IF(F38>=22,">90%",IF(F38<=22,"<90%")) -> >90% | G39: =IF(G38>=22,">90%",IF(G38<=22,"<90%")) -> >90% | H39: =IF(H38>=22,">90%",IF(H38<=22,"<90%")) -> >90% | I39: =IF(I38>=22,">90%",IF(I38<=22,"<90%")) -> >90% | ... Q39: =IF(Q38>=22,">90%",IF(Q38<=22,"<90%")) -> >90%
A40: Status | B40: =IF(B38>=22,"OK",IF(B38<=22,"LESS")) -> OK | C40: =IF(C38>=22,"OK",IF(C38<=22,"LESS")) -> OK | D40: =IF(D38>=22,"OK",IF(D38<=22,"LESS")) -> OK | E40: =IF(E38>=22,"OK",IF(E38<=22,"LESS")) -> OK | F40: =IF(F38>=22,"OK",IF(F38<=22,"LESS")) -> OK | G40: =IF(G38>=22,"OK",IF(G38<=22,"LESS")) -> OK | H40: =IF(H38>=22,"OK",IF(H38<=22,"LESS")) -> OK | I40: =IF(I38>=22,"OK",IF(I38<=22,"LESS")) -> OK | ... Q40: =IF(Q38>=22,"OK",IF(Q38<=22,"LESS")) -> OK
A43: Done by | B43: AKASH
A45: Comment

Sheet 06
A1: Station: | B1: IGKV ,RAIPUR
A2: Date: | B2: =$A$9 -> 06/02/2025 01:00 | D2: Power Off | G2: Pw.Off | L2: Link Fail | N2: Link F | P2: Maintenance | R2: Maint.
A3: Report Type: | B3: Mean | D3: Calibration | G3: Calib. | L3: Data Fail | N3: Data F | P3: Invalid | R3: Invalid
A4: Time Base: | B4: 01 Hour | D4: Zero Referrence | G4: Z.Ref | L4: Warm Up | N4: Wm. Up
A7: Date & Time | B7: NO | C7: NO2 | D7: NOX | E7: SO2 | F7: O3 | G7: PM 10 | H7: PM 2.5 | I7: BENZ | J7: WS | K7: WD | L7: TEMP | M7: HUM | N7: SR | O7: RG | P7: CO | Q7: NH3
B8: ug/m3 | C8: ug/m3 | D8: ppb | E8: ug/m3 | F8: ug/m3 | G8: ug/m3 | H8: ug/m3 | I8: ug/m3 | J8: m/sec | K8: deg | L8: degreC | M8: % | N8: w/m2 | O8: mm | P8: mg/m3 | Q8: ug/m3
A9: 06/02/2025 01:00 | B9: 17.41 | C9: 23.21 | D9: 27.44 | E9: 11.14 | F9: 3.92 | G9: 78.16 | H9: 19.57 | I9: 11.44 | J9: 0.38 | K9: 166.75 | L9: 23.81 | M9: 67.66 | N9: 1.5 | O9: 0 | P9: 0.85 | Q9: 12.98
A10: 06/02/2025 02:00 | B10: 18.59 | C10: 23.67 | D10: 28.34 | E10: 10.74 | F10: 3.86 | G10: 82.82 | H10: 20.45 | I10: 11.62 | J10: 0.58 | K10: 51.7 | L10: 23.87 | M10: 59.72 | N10: 1.4 | O10: 0 | P10: 0.85 | Q10: 12.99
A11: 06/02/2025 03:00 | B11: 16.89 | C11: 24.83 | D11: 27.44 | E11: 10.45 | F11: 3.79 | G11: 82.82 | H11: 20.55 | I11: 11.33 | J11: 0.65 | K11: 328.48 | L11: 23.15 | M11: 62.61 | N11: 1.5 | O11: 0 | P11: 0.75 | Q11: 12.99
A12: 06/02/2025 04:00 | B12: 14.33 | C12: 25.18 | D12: 25.87 | E12: 9.94 | F12: 3.93 | G12: 68.44 | H12: 20.55 | I12: 10.68 | J12: 0.77 | K12: 45.45 | L12: 22.69 | M12: 65.38 | N12: 1.5 | O12: 0 | P12: 0.7 | Q12: 12.99
A13: 06/02/2025 05:00 | B13: 10.85 | C13: 25.28 | D13: 23.14 | E13: 9.99 | F13: 3.92 | G13: 60.24 | H13: 18.59 | I13: 10.09 | J13: 0.92 | K13: 53.26 | L13: 22.09 | M13: 67.11 | N13: 1.7 | O13: 0 | P13: 0.65 | Q13: 12.97
A14: 06/02/2025 06:00 | B14: 8.44 | C14: 25.13 | D14: 21.25 | E14: 9.71 | F14: 3.84 | G14: 56.76 | H14: 17.71 | I14: 9.39 | J14: 1.21 | K14: 47.57 | L14: 21.42 | M14: 67.2 | N14: 1.4 | O14: 0 | P14: 0.62 | Q14: 12.97
A15: 06/02/2025 07:00 | B15: 6.98 | C15: 24.86 | D15: 19.86 | E15: 9.92 | F15: 3.68 | G15: 61.3 | H15: 17.6 | I15: 8.95 | J15: 1.32 | K15: 54.38 | L15: 21.14 | M15: 66.53 | N15: 8.7 | O15: 0 | P15: 0.67 | Q15: 12.95
A16: 06/02/2025 08:00 | B16: 7.63 | C16: 24.41 | D16: 19.96 | E16: 9.21 | F16: 4.39 | G16: 61.3 | H16: 19.38 | I16: 8.89 | J16: 1.2 | K16: 55.22 | L16: 21.49 | M16: 66.92 | N16: 41.5 | O16: 0 | P16: 0.67 | Q16: 12.95
A17: 06/02/2025 09:00 | B17: 7.68 | C17: 23.64 | D17: 19.83 | E17: 8.71 | F17: 12.01 | G17: 59.89 | H17: 19.63 | I17: 8.81 | J17: 1.48 | K17: 56.86 | L17: 23.33 | M17: 64.34 | N17: 169.9 | O17: 0 | P17: 0.68 | Q17: 12.95
A18: 06/02/2025 10:00 | B18: 7.82 | C18: 23.86 | D18: 20.09 | E18: 9.79 | F18: 17.13 | G18: 59.89 | H18: 21.11 | I18: 8.75 | J18: 1.77 | K18: 52.24 | L18: 24.88 | M18: 56.93 | N18: 256.4 | O18: 0 | P18: 0.67 | Q18: 12.95
A19: 06/02/2025 11:00 | B19: 8.08 | C19: 25.43 | D19: 21.11 | E19: 12.63 | F19: 24.83 | G19: 60.98 | H19: 21.11 | I19: 8.7 | J19: 1.62 | K19: 55.63 | L19: 26.24 | M19: 49.81 | N19: 307.7 | O19: 0 | P19: 0.67 | Q19: 12.95
A20: 06/02/2025 12:00 | B20: 8.13 | C20: 26.33 | D20: 21.03 | E20: 11.32 | F20: 44.3 | G20: 68.02 | H20: 25.37 | I20: 8.57 | J20: 1.41 | K20: 52.94 | L20: 28.51 | M20: 45.19 | N20: 320.1 | O20: 0 | P20: 0.64 | Q20: 12.96
... A32: 06/02/2025 24:00 | B32: 9.09 | C32: 26.34 | D32: 22.35 | E32: 10.61 | F32: 7.92 | G32: 65.74 | H32: 22.64 | I32: 8.34 | J32: 0.93 | K32: 55.4 | L32: 22.13 | M32: 33 | N32: 1.3 | O32: 0 | P32: 0.68 | Q32: 12.96
A34: Min | B34: =MIN(B9:B32) -> 4.09 | C34: =MIN(C9:C32) -> 23.21 | D34: =MIN(D9:D32) -> 17.06 | E34: =MIN(E9:E32) -> 8.71 | F34: =MIN(F9:F32) -> 3.68 | G34: =MIN(G9:G32) -> 56.76 | H34: =MIN(H9:H32) -> 17.6 | I34: =MIN(I9:I32) -> 7.19 | ... Q34: =MIN(Q9:Q32) -> 12.93
A35: Max | B35: =MAX(B9:B32) -> 18.59 | C35: =MAX(C9:C32) -> 26.72 | D35: =MAX(D9:D32) -> 28.34 | E35: =MAX(E9:E32) -> 13.2 | F35: =MAX(F9:F32) -> 55.67 | G35: =MAX(G9:G32) -> 82.82 | H35: =MAX(H9:H32) -> 31.82 | I35: =MAX(I9:I32) -> 11.62 | ... Q35: =MAX(Q9:Q32) -> 12.99
A36: Avg | B36: =AVERAGE(B9:B32) -> 8.9220833 | C36: =AVERAGE(C9:C32) -> 24.770833 | D36: =AVERAGE(D9:D32) -> 21.317917 | E36: =AVERAGE(E9:E32) -> 10.578333 | F36: =AVERAGE(F9:F32) -> 22.694167 | G36: =AVERAGE(G9:G32) -> 70.17125 | H36: =AVERAGE(H9:H32) -> 24.76625 | I36: =AVERAGE(I9:I32) -> 8.8545833 | ... Q36: =AVERAGE(Q9:Q32) -> 12.957917
A37: Stdev | B37: =STDEV(B9:B32) -> 4.0438552 | C37: =STDEV(C9:C32) -> 0.99212077 | D37: =STDEV(D9:D32) -> 3.1458793 | E37: =STDEV(E9:E32) -> 1.0249185 | F37: =STDEV(F9:F32) -> 19.729078 | G37: =STDEV(G9:G32) -> 8.6116121 | H37: =STDEV(H9:H32) -> 5.3122548 | I37: =STDEV(I9:I32) -> 1.2844183 | ... Q37: =STDEV(Q9:Q32) -> 0.016412924
A38: Num | B38: =COUNT(B9:B32) -> 24 | C38: =COUNT(C9:C32) -> 24 | D38: =COUNT(D9:D32) -> 24 | E38: =COUNT(E9:E32) -> 24 | F38: =COUNT(F9:F32) -> 24 | G38: =COUNT(G9:G32) -> 24 | H38: =COUNT(H9:H32) -> 24 | I38: =COUNT(I9:I32) -> 24 | ... Q38: =COUNT(Q9:Q32) -> 24
A39: DCR | B39: =IF(B38>=22,">90%",IF(B38<=22,"<90%")) -> >90% | C39: =IF(C38>=22,">90%",IF(C38<=22,"<90%")) -> >90% | D39: =IF(D38>=22,">90%",IF(D38<=22,"<90%")) -> >90% | E39: =IF(E38>=22,">90%",IF(E38<=22,"<90%")) -> >90% | F39: =IF(F38>=22,">90%",IF(F38<=22,"<90%")) -> >90% | G39: =IF(G38>=22,">90%",IF(G38<=22,"<90%")) -> >90% | H39: =IF(H38>=22,">90%",IF(H38<=22,"<90%")) -> >90% | I39: =IF(I38>=22,">90%",IF(I38<=22,"<90%")) -> >90% | ... Q39: =IF(Q38>=22,">90%",IF(Q38<=22,"<90%")) -> >90%
A40: Status | B40: =IF(B38>=22,"OK",IF(B38<=22,"LESS")) -> OK | C40: =IF(C38>=22,"OK",IF(C38<=22,"LESS")) -> OK | D40: =IF(D38>=22,"OK",IF(D38<=22,"LESS")) -> OK | E40: =IF(E38>=22,"OK",IF(E38<=22,"LESS")) -> OK | F40: =IF(F38>=22,"OK",IF(F38<=22,"LESS")) -> OK | G40: =IF(G38>=22,"OK",IF(G38<=22,"LESS")) -> OK | H40: =IF(H38>=22,"OK",IF(H38<=22,"LESS")) -> OK | I40: =IF(I38>=22,"OK",IF(I38<=22,"LESS")) -> OK | ... Q40: =IF(Q38>=22,"OK",IF(Q38<=22,"LESS")) -> OK
A43: Done by | B43: AKASH
A45: Comment

Sheet 07
A1: Station: | B1: IGKV ,RAIPUR
A2: Date: | B2: =$A$9 -> 07/02/2025 01:00 | D2: Power Off | G2: Pw.Off | L2: Link Fail | N2: Link F | P2: Maintenance | R2: Maint.
A3: Report Type: | B3: Mean | D3: Calibration | G3: Calib. | L3: Data Fail | N3: Data F | P3: Invalid | R3: Invalid
A4: Time Base: | B4: 01 Hour | D4: Zero Referrence | G4: Z.Ref | L4: Warm Up | N4: Wm. Up
A7: Date & Time | B7: NO | C7: NO2 | D7: NOX | E7: SO2 | F7: O3 | G7: PM 10 | H7: PM 2.5 | I7: BENZ | J7: WS | K7: WD | L7: TEMP | M7: HUM | N7: SR | O7: RG | P7: CO | Q7: NH3
B8: ug/m3 | C8: ug/m3 | D8: ppb | E8: ug/m3 | F8: ug/m3 | G8: ug/m3 | H8: ug/m3 | I8: ug/m3 | J8: m/sec | K8: deg | L8: degreC | M8: % | N8: w/m2 | O8: mm | P8: mg/m3 | Q8: ug/m3
A9: 07/02/2025 01:00 | B9: 9.66 | C9: 26.29 | D9: 22.54 | E9: 9.94 | F9: 4.6 | G9: 65.29 | H9: 20.74 | I9: 7.89 | J9: 0.9 | K9: 58.86 | L9: 21.25 | M9: 34.39 | N9: 1.3 | O9: 0 | P9: 0.66 | Q9: 12.97
A10: 07/02/2025 02:00 | B10: 11.92 | C10: 25.93 | D10: 24.34 | E10: 9.5 | F10: 4.64 | G10: 64.08 | H10: 20.74 | I10: 7.5 | J10: 0.48 | K10: 62.85 | L10: 20.55 | M10: 35.36 | N10: 1.1 | O10: 0 | P10: 0.63 | Q10: 12.98
A11: 07/02/2025 03:00 | B11: 12 | C11: 25.75 | D11: 24.43 | E11: 9.64 | F11: 4.65 | G11: 60.38 | H11: 21.48 | I11: 7.39 | J11: 0.56 | K11: 167.6 | L11: 20.18 | M11: 48.38 | N11: 1.8 | O11: 0 | P11: 0.67 | Q11: 12.97
A12: 07/02/2025 04:00 | B12: 11.46 | C12: 24.06 | D12: 23.11 | E12: 9.12 | F12: 4.66 | G12: 60.38 | H12: 21.48 | I12: 7.28 | J12: 0.17 | K12: 193.44 | L12: 18.36 | M12: 53.67 | N12: 1.3 | O12: 0 | P12: 0.66 | Q12: 12.97
A13: 07/02/2025 05:00 | B13: 10.79 | C13: 22.77 | D13: 21.9 | E13: 8.56 | F13: 4.61 | G13: 55.07 | H13: 18.48 | I13: 6.98 | J13: 0.14 | K13: 178.52 | L13: 17.82 | M13: 55.21 | N13: 1.3 | O13: 0 | P13: 0.64 | Q13: 12.96
A14: 07/02/2025 06:00 | B14: 10.91 | C14: 23.08 | D14: 22.16 | E14: 8.68 | F14: 4.73 | G14: 52.48 | H14: 14.92 | I14: 6.73 | J14: 0.17 | K14: 223.36 | L14: 17.85 | M14: 54.38 | N14: 1.4 | O14: 0 | P14: 0.62 | Q14: 12.95
A15: 07/02/2025 07:00 | B15: 15.5 | C15: 24.38 | D15: 26.52 | E15: 8.07 | F15: 4.69 | G15: 54.89 | H15: 14 | I15: 6.51 | J15: 0.35 | K15: 188.75 | L15: 17.12 | M15: 57.6 | N15: 8.5 | O15: 0 | P15: 0.61 | Q15: 12.97
A16: 07/02/2025 08:00 | B16: 16.5 | C16: 25.05 | D16: 27.61 | E16: 8.64 | F16: 4.63 | G16: 55.86 | H16: 14.56 | I16: 6.78 | J16: 0.58 | K16: 64.16 | L16: 19.33 | M16: 39.79 | N16: 41.9 | O16: 0 | P16: 0.55 | Q16: 13
A17: 07/02/2025 09:00 | B17: 16.05 | C17: 25.64 | D17: 27.44 | E17: 8.3 | F17: 4.72 | G17: 68.54 | H17: 16.63 | I17: 7.17 | J17: 0.72 | K17: 106.83 | L17: 22.71 | M17: 35.59 | N17: 193.9 | O17: 0 | P17: 0.56 | Q17: 13
A18: 07/02/2025 10:00 | B18: 12.83 | C18: 27.1 | D18: 25.24 | E18: 7.84 | F18: 4.9 | G18: 68.54 | H18: 23.02 | I18: 7.26 | J18: 1.16 | K18: 66.17 | L18: 24.16 | M18: 24.87 | N18: 281.8 | O18: 0 | P18: 0.56 | Q18: 12.99
A19: 07/02/2025 11:00 | B19: 11.96 | C19: 28.1 | D19: 25.42 | E19: 8.42 | F19: 5.11 | G19: 61.15 | H19: 24.02 | I19: 7.21 | J19: 1.08 | K19: 66.34 | L19: 26.16 | M19: 23.47 | N19: 330.1 | O19: 0 | P19: 0.55 | Q19: 12.98
A20: 07/02/2025 12:00 | B20: 12.56 | C20: 28.87 | D20: 26.5 | E20: 8.94 | F20: 5.37 | G20: 61.27 | H20: 26.41 | I20: 7.12 | J20: 1.21 | K20: 61.78 | L20: 28.1 | M20: 17.44 | N20: 343.9 | O20: 0 | P20: 0.54 | Q20: 13
... A32: 07/02/2025 24:00 | B32: 30.41 | C32: 28.41 | D32: 40.44 | E32: 10.46 | F32: 4.63 | G32: 113.32 | H32: 29.57 | I32: 18.55 | J32: 0.22 | K32: 224.06 | L32: 19.92 | M32: 62.46 | N32: 1.3 | O32: 0 | P32: 1.12 | Q32: 13.06
A34: Min | B34: =MIN(B9:B32) -> 8.39 | C34: =MIN(C9:C32) -> 22.77 | D34: =MIN(D9:D32) -> 21.9 | E34: =MIN(E9:E32) -> 7.84 | F34: =MIN(F9:F32) -> 4.39 | G34: =MIN(G9:G32) -> 52.48 | H34: =MIN(H9:H32) -> 14 | I34: =MIN(I9:I32) -> 6.37 | ... Q34: =MIN(Q9:Q32) -> 12.95
A35: Max | B35: =MAX(B9:B32) -> 30.41 | C35: =MAX(C9:C32) -> 31.13 | D35: =MAX(D9:D32) -> 40.44 | E35: =MAX(E9:E32) -> 37.35 | F35: =MAX(F9:F32) -> 9.61 | G35: =MAX(G9:G32) -> 169.27 | H35: =MAX(H9:H32) -> 40.15 | I35: =MAX(I9:I32) -> 19.03 | ... Q35: =MAX(Q9:Q32) -> 13.06
A36: Avg | B36: =AVERAGE(B9:B32) -> 14.182083 | C36: =AVERAGE(C9:C32) -> 26.890833 | D36: =AVERAGE(D9:D32) -> 26.610833 | E36: =AVERAGE(E9:E32) -> 11.139167 | F36: =AVERAGE(F9:F32) -> 5.4804167 | G36: =AVERAGE(G9:G32) -> 80.76375 | H36: =AVERAGE(H9:H32) -> 25.991667 | I36: =AVERAGE(I9:I32) -> 9.13875 | ... Q36: =AVERAGE(Q9:Q32) -> 12.99
A37: Stdev | B37: =STDEV(B9:B32) -> 5.3607973 | C37: =STDEV(C9:C32) -> 2.6006152 | D37: =STDEV(D9:D32) -> 5.0229741 | E37: =STDEV(E9:E32) -> 6.6068324 | F37: =STDEV(F9:F32) -> 1.5547305 | G37: =STDEV(G9:G32) -> 37.099716 | H37: =STDEV(H9:H32) -> 7.7149638 | I37: =STDEV(I9:I32) -> 4.3989854 | ... Q37: =STDEV(Q9:Q32) -> 0.029042697
A38: Num | B38: =COUNT(B9:B32) -> 24 | C38: =COUNT(C9:C32) -> 24 | D38: =COUNT(D9:D32) -> 24 | E38: =COUNT(E9:E32) -> 24 | F38: =COUNT(F9:F32) -> 24 | G38: =COUNT(G9:G32) -> 24 | H38: =COUNT(H9:H32) -> 24 | I38: =COUNT(I9:I32) -> 24 | ... Q38: =COUNT(Q9:Q32) -> 24
A39: DCR | B39: =IF(B38>=22,">90%",IF(B38<=22,"<90%")) -> >90% | C39: =IF(C38>=22,">90%",IF(C38<=22,"<90%")) -> >90% | D39: =IF(D38>=22,">90%",IF(D38<=22,"<90%")) -> >90% | E39: =IF(E38>=22,">90%",IF(E38<=22,"<90%")) -> >90% | F39: =IF(F38>=22,">90%",IF(F38<=22,"<90%")) -> >90% | G39: =IF(G38>=22,">90%",IF(G38<=22,"<90%")) -> >90% | H39: =IF(H38>=22,">90%",IF(H38<=22,"<90%")) -> >90% | I39: =IF(I38>=22,">90%",IF(I38<=22,"<90%")) -> >90% | ... Q39: =IF(Q38>=22,">90%",IF(Q38<=22,"<90%")) -> >90%
A40: Status | B40: =IF(B38>=22,"OK",IF(B38<=22,"LESS")) -> OK | C40: =IF(C38>=22,"OK",IF(C38<=22,"LESS")) -> OK | D40: =IF(D38>=22,"OK",IF(D38<=22,"LESS")) -> OK | E40: =IF(E38>=22,"OK",IF(E38<=22,"LESS")) -> OK | F40: =IF(F38>=22,"OK",IF(F38<=22,"LESS")) -> OK | G40: =IF(G38>=22,"OK",IF(G38<=22,"LESS")) -> OK | H40: =IF(H38>=22,"OK",IF(H38<=22,"LESS")) -> OK | I40: =IF(I38>=22,"OK",IF(I38<=22,"LESS")) -> OK | ... Q40: =IF(Q38>=22,"OK",IF(Q38<=22,"LESS")) -> OK
A43: Done by | B43: AKASH
A45: Comment

Sheet 08
A1: Station: | B1: IGKV ,RAIPUR
A2: Date: | B2: =$A$9 -> 08/02/2025 01:00 | D2: Power Off | G2: Pw.Off | L2: Link Fail | N2: Link F | P2: Maintenance | R2: Maint.
A3: Report Type: | B3: Mean | D3: Calibration | G3: Calib. | L3: Data Fail | N3: Data F | P3: Invalid | R3: Invalid
A4: Time Base: | B4: 01 Hour | D4: Zero Referrence | G4: Z.Ref | L4: Warm Up | N4: Wm. Up
A7: Date & Time | B7: NO | C7: NO2 | D7: NOX | E7: SO2 | F7: O3 | G7: PM 10 | H7: PM 2.5 | I7: BENZ | J7: WS | K7: WD | L7: TEMP | M7: HUM | N7: SR | O7: RG | P7: CO | Q7: NH3
B8: ug/m3 | C8: ug/m3 | D8: ppb | E8: ug/m3 | F8: ug/m3 | G8: ug/m3 | H8: ug/m3 | I8: ug/m3 | J8: m/sec | K8: deg | L8: degreC | M8: % | N8: w/m2 | O8: mm | P8: mg/m3 | Q8: ug/m3
A9: 08/02/2025 01:00 | B9: 32.91 | C9: 28.02 | D9: 42.22 | E9: 10.03 | F9: 4 | G9: 112.24 | H9: 29.57 | I9: 17.99 | J9: 0.25 | K9: 181.46 | L9: 19.67 | M9: 67.84 | N9: 1.6 | O9: 0 | P9: 1.12 | Q9: 13.07
A10: 08/02/2025 02:00 | B10: 32.71 | C10: 27.21 | D10: 41.79 | E10: 9.92 | F10: 4.22 | G10: 96.59 | H10: 27.39 | I10: 17.25 | J10: 0.22 | K10: 214.45 | L10: 18.71 | M10: 71.73 | N10: 1.5 | O10: 0 | P10: 1.12 | Q10: 13.06
A11: 08/02/2025 03:00 | B11: 31.28 | C11: 25.86 | D11: 39.95 | E11: 10 | F11: 4.37 | G11: 94.34 | H11: 23.12 | I11: 16.51 | J11: 0.36 | K11: 217.53 | L11: 18.27 | M11: 71.67 | N11: 1.2 | O11: 0 | P11: 1.11 | Q11: 13.05
A12: 08/02/2025 04:00 | B12: 30.19 | C12: 25.79 | D12: 38.81 | E12: 10.68 | F12: 6.67 | G12: 81.95 | H12: 22.84 | I12: 15.92 | J12: 0.66 | K12: 50.89 | L12: 19.28 | M12: 57.54 | N12: 1.2 | O12: 0 | P12: 0.97 | Q12: 13.06
A13: 08/02/2025 05:00 | B13: 28.53 | C13: 25.7 | D13: 37.66 | E13: 10.34 | F13: 3.97 | G13: 81.95 | H13: 22.21 | I13: 15.29 | J13: 0.49 | K13: 69.85 | L13: 18.83 | M13: 60.87 | N13: 1.4 | O13: 0 | P13: 0.9 | Q13: 13.04
A14: 08/02/2025 06:00 | B14: 27.28 | C14: 26.08 | D14: 36.55 | E14: 10.29 | F14: 4.09 | G14: 90.16 | H14: 21.72 | I14: 14.38 | J14: 0.68 | K14: 102.83 | L14: 18.69 | M14: 54.14 | N14: 1.5 | O14: 0 | P14: 0.86 | Q14: 13.05
A15: 08/02/2025 07:00 | B15: 25.75 | C15: 26.11 | D15: 35.64 | E15: 10.22 | F15: 4.25 | G15: 90.16 | H15: 19.81 | I15: 14.13 | J15: 0.39 | K15: 170.74 | L15: 18.04 | M15: 62.73 | N15: 8.9 | O15: 0 | P15: 0.81 | Q15: 13.04
A16: 08/02/2025 08:00 | B16: 25.33 | C16: 26.74 | D16: 35.59 | E16: 10.33 | F16: 7.74 | G16: 90.79 | H16: 22.06 | I16: 14.2 | J16: 0.56 | K16: 83.18 | L16: 19.2 | M16: 54.83 | N16: 41.4 | O16: 0 | P16: 0.82 | Q16: 13.02
A17: 08/02/2025 09:00 | B17: 24.83 | C17: 27.39 | D17: 35.47 | E17: 10.14 | F17: 12.62 | G17: 92.98 | H17: 25.04 | I17: 15.86 | J17: 0.74 | K17: 64.77 | L17: 22.41 | M17: 42.47 | N17: 202.7 | O17: 0 | P17: 0.85 | Q17: 13.04
A18: 08/02/2025 10:00 | B18: 21.92 | C18: 27.13 | D18: 33.09 | E18: 10.27 | F18: 15.36 | G18: 92.98 | H18: 25.04 | I18: 15.76 | J18: 1.13 | K18: 67.76 | L18: 24.86 | M18: 31.02 | N18: 290.5 | O18: 0 | P18: 0.83 | Q18: 13.03
A19: 08/02/2025 11:00 | B19: 21.49 | C19: 26.64 | D19: 32.33 | E19: 12.04 | F19: 27.25 | G19: 72.48 | H19: 24.9 | I19: 14.49 | J19: 1.21 | K19: 58.57 | L19: 26.94 | M19: 25.52 | N19: 342.3 | O19: 0 | P19: 0.79 | Q19: 13.01
A20: 08/02/2025 12:00 | B20: 18.69 | C20: 26.09 | D20: 29.97 | E20: 12.03 | F20: 38.63 | G20: 75.97 | H20: 26.14 | I20: 13.38 | J20: 0.81 | K20: 341.83 | L20: 28.69 | M20: 22.05 | N20: 353.8 | O20: 0 | P20: 0.75 | Q20: 13.02
... A32: 08/02/2025 24:00 | B32: 25 | C32: 27.45 | D32: 35.74 | E32: 11.85 | F32: 3.75 | G32: 140.65 | H32: 26.82 | I32: 12.91 | J32: 0.29 | K32: 117.12 | L32: 20.13 | M32: 47 | N32: 0.9 | O32: 0 | P32: 0.94 | Q32: 13.04
A34: Min | B34: =MIN(B9:B32) -> 4.03 | C34: =MIN(C9:C32) -> 24.78 | D34: =MIN(D9:D32) -> 18.93 | E34: =MIN(E9:E32) -> 9.92 | F34: =MIN(F9:F32) -> 3.58 | G34: =MIN(G9:G32) -> 60.9 | H34: =MIN(H9:H32) -> 19.81 | I34: =MIN(I9:I32) -> 8.45 | ... Q34: =MIN(Q9:Q32) -> 12.96
A35: Max | B35: =MAX(B9:B32) -> 32.91 | C35: =MAX(C9:C32) -> 28.19 | D35: =MAX(D9:D32) -> 42.22 | E35: =MAX(E9:E32) -> 17.99 | F35: =MAX(F9:F32) -> 46.53 | G35: =MAX(G9:G32) -> 140.65 | H35: =MAX(H9:H32) -> 30.23 | I35: =MAX(I9:I32) -> 17.99 | ... Q35: =MAX(Q9:Q32) -> 13.07
A36: Avg | B36: =AVERAGE(B9:B32) -> 19.378333 | C36: =AVERAGE(C9:C32) -> 26.614167 | D36: =AVERAGE(D9:D32) -> 30.6525 | E36: =AVERAGE(E9:E32) -> 11.76375 | F36: =AVERAGE(F9:F32) -> 18.939583 | G36: =AVERAGE(G9:G32) -> 88.63125 | H36: =AVERAGE(H9:H32) -> 26.160833 | I36: =AVERAGE(I9:I32) -> 13.16375 | ... Q36: =AVERAGE(Q9:Q32) -> 13.0125
A37: Stdev | B37: =STDEV(B9:B32) -> 9.4654101 | C37: =STDEV(C9:C32) -> 0.99310631 | D37: =STDEV(D9:D32) -> 7.5721792 | E37: =STDEV(E9:E32) -> 2.1485664 | F37: =STDEV(F9:F32) -> 16.207201 | G37: =STDEV(G9:G32) -> 18.98959 | H37: =STDEV(H9:H32) -> 3.04796 | I37: =STDEV(I9:I32) -> 2.7759069 | ... Q37: =STDEV(Q9:Q32) -> 0.036623822
A38: Num | B38: =COUNT(B9:B32) -> 24 | C38: =COUNT(C9:C32) -> 24 | D38: =COUNT(D9:D32) -> 24 | E38: =COUNT(E9:E32) -> 24 | F38: =COUNT(F9:F32) -> 24 | G38: =COUNT(G9:G32) -> 24 | H38: =COUNT(H9:H32) -> 24 | I38: =COUNT(I9:I32) -> 24 | ... Q38: =COUNT(Q9:Q32) -> 24
A39: DCR | B39: =IF(B38>=22,">90%",IF(B38<=22,"<90%")) -> >90% | C39: =IF(C38>=22,">90%",IF(C38<=22,"<90%")) -> >90% | D39: =IF(D38>=22,">90%",IF(D38<=22,"<90%")) -> >90% | E39: =IF(E38>=22,">90%",IF(E38<=22,"<90%")) -> >90% | F39: =IF(F38>=22,">90%",IF(F38<=22,"<90%")) -> >90% | G39: =IF(G38>=22,">90%",IF(G38<=22,"<90%")) -> >90% | H39: =IF(H38>=22,">90%",IF(H38<=22,"<90%")) -> >90% | I39: =IF(I38>=22,">90%",IF(I38<=22,"<90%")) -> >90% | ... Q39: =IF(Q38>=22,">90%",IF(Q38<=22,"<90%")) -> >90%
A40: Status | B40: =IF(B38>=22,"OK",IF(B38<=22,"LESS")) -> OK | C40: =IF(C38>=22,"OK",IF(C38<=22,"LESS")) -> OK | D40: =IF(D38>=22,"OK",IF(D38<=22,"LESS")) -> OK | E40: =IF(E38>=22,"OK",IF(E38<=22,"LESS")) -> OK | F40: =IF(F38>=22,"OK",IF(F38<=22,"LESS")) -> OK | G40: =IF(G38>=22,"OK",IF(G38<=22,"LESS")) -> OK | H40: =IF(H38>=22,"OK",IF(H38<=22,"LESS")) -> OK | I40: =IF(I38>=22,"OK",IF(I38<=22,"LESS")) -> OK | ... Q40: =IF(Q38>=22,"OK",IF(Q38<=22,"LESS")) -> OK
A43: Done by | B43: AKASH
A45: Comment

Sheet 09
A1: Station: | B1: IGKV ,RAIPUR
A2: Date: | B2: =$A$9 -> 09/02/2025 01:00 | D2: Power Off | G2: Pw.Off | L2: Link Fail | N2: Link F | P2: Maintenance | R2: Maint.
A3: Report Type: | B3: Mean | D3: Calibration | G3: Calib. | L3: Data Fail | N3: Data F | P3: Invalid | R3: Invalid
A4: Time Base: | B4: 01 Hour | D4: Zero Referrence | G4: Z.Ref | L4: Warm Up | N4: Wm. Up
A7: Date & Time | B7: NO | C7: NO2 | D7: NOX | E7: SO2 | F7: O3 | G7: PM 10 | H7: PM 2.5 | I7: BENZ | J7: WS | K7: WD | L7: TEMP | M7: HUM | N7: SR | O7: RG | P7: CO | Q7: NH3
B8: ug/m3 | C8: ug/m3 | D8: ppb | E8: ug/m3 | F8: ug/m3 | G8: ug/m3 | H8: ug/m3 | I8: ug/m3 | J8: m/sec | K8: deg | L8: degreC | M8: % | N8: w/m2 | O8: mm | P8: mg/m3 | Q8: ug/m3
A9: 09/02/2025 01:00 | B9: 26.58 | C9: 28.42 | D9: 37.51 | E9: 11.54 | F9: 4.37 | G9: 142.42 | H9: 29.96 | I9: 12.44 | J9: 0.34 | K9: 105.17 | L9: 19.56 | M9: 44.58 | N9: 1 | O9: 0 | P9: 0.89 | Q9: 13.05
A10: 09/02/2025 02:00 | B10: 26.73 | C10: 28.59 | D10: 37.67 | E10: 11.8 | F10: 4.92 | G10: 151.03 | H10: 29.96 | I10: 11.63 | J10: 0.42 | K10: 80.21 | L10: 19.32 | M10: 42.25 | N10: 0.9 | O10: 0 | P10: 0.83 | Q10: 13.05
A11: 09/02/2025 03:00 | B11: 25.68 | C11: 28.47 | D11: 36.8 | E11: 10.87 | F11: 3.97 | G11: 151.03 | H11: 27.41 | I11: 10.84 | J11: 0.19 | K11: 178.37 | L11: 18.59 | M11: 59.62 | N11: 1.6 | O11: 0 | P11: 0.77 | Q11: 13.04
A12: 09/02/2025 04:00 | B12: 28.84 | C12: 28.79 | D12: 39.53 | E12: 11.06 | F12: 3.69 | G12: 147.39 | H12: 26.51 | I12: 10.26 | J12: 0.23 | K12: 165.41 | L12: 16.86 | M12: 59.88 | N12: 1.1 | O12: 0 | P12: 0.79 | Q12: 13.04
A13: 09/02/2025 05:00 | B13: 29.01 | C13: 28.71 | D13: 39.62 | E13: 10.7 | F13: 3.63 | G13: 136.66 | H13: 23.62 | I13: 9.84 | J13: 0.2 | K13: 207.78 | L13: 15.31 | M13: 73.69 | N13: 1.3 | O13: 0 | P13: 0.78 | Q13: 13.05
A14: 09/02/2025 06:00 | B14: 25.81 | C14: 26.27 | D14: 35.77 | E14: 9.85 | F14: 3.67 | G14: 113.75 | H14: 20.09 | I14: 9.38 | J14: 0.18 | K14: 216.06 | L14: 13.87 | M14: 77.17 | N14: 1 | O14: 0 | P14: 0.75 | Q14: 13.03
A15: 09/02/2025 07:00 | B15: 21.99 | C15: 24.59 | D15: 31.83 | E15: 9.31 | F15: 3.73 | G15: 101.29 | H15: 17.76 | I15: 9.04 | J15: 0.19 | K15: 180.47 | L15: 13.38 | M15: 77.65 | N15: 7.4 | O15: 0 | P15: 0.73 | Q15: 13.03
A16: 09/02/2025 08:00 | B16: 19.23 | C16: 23.1 | D16: 28.84 | E16: 9.5 | F16: 8.22 | G16: 81.01 | H16: 17.17 | I16: 8.85 | J16: 0.11 | K16: 172.93 | L16: 16.34 | M16: 78.38 | N16: 31 | O16: 0 | P16: 0.78 | Q16: 13
A17: 09/02/2025 09:00 | B17: 17.71 | C17: 25.69 | D17: 28 | E17: 9.71 | F17: 17.33 | G17: 78.91 | H17: 20.02 | I17: 9.41 | J17: 0.85 | K17: 143.74 | L17: 22.22 | M17: 50.72 | N17: 264.1 | O17: 0 | P17: 0.76 | Q17: 13.02
A18: 09/02/2025 10:00 | B18: 14.26 | C18: 27.02 | D18: 26.54 | E18: 10.44 | F18: 36.35 | G18: 77.04 | H18: 26.97 | I18: 10.16 | J18: 0.57 | K18: 97.96 | L18: 26.06 | M18: 27.53 | N18: 363.6 | O18: 0 | P18: 0.73 | Q18: 13
A19: 09/02/2025 11:00 | B19: 8.42 | C19: 26.99 | D19: 22.21 | E19: 10.43 | F19: 42.51 | G19: 73.48 | H19: 33.18 | I19: 10.2 | J19: 0.75 | K19: 74.98 | L19: 28.26 | M19: 21.98 | N19: 397.5 | O19: 0 | P19: 0.69 | Q19: 12.98
A20: 09/02/2025 12:00 | B20: 4.67 | C20: 26.53 | D20: 18.95 | E20: 10.54 | F20: 56.17 | G20: 63.76 | H20: 33.18 | I20: 9.93 | J20: 1.01 | K20: 81.39 | L20: 29.77 | M20: 17.82 | N20: 401.1 | O20: 0 | P20: 0.68 | Q20: 12.98
... A32: 09/02/2025 24:00 | B32: 20.43 | C32: 24.43 | D32: 30.37 | E32: 11.88 | F32: 11.84 | G32: 67.56 | H32: 21.89 | I32: 9.18 | J32: 0.24 | K32: 195.2 | L32: 18.07 | M32: 65.41 | N32: 1.3 | O32: 0 | P32: 0.78 | Q32: 13.01
A34: Min | B34: =MIN(B9:B32) -> 3.94 | C34: =MIN(C9:C32) -> 17.98 | D34: =MIN(D9:D32) -> 14.21 | E34: =MIN(E9:E32) -> 9.31 | F34: =MIN(F9:F32) -> 3.63 | G34: =MIN(G9:G32) -> 39.47 | H34: =MIN(H9:H32) -> 17.17 | I34: =MIN(I9:I32) -> 6.59 | ... Q34: =MIN(Q9:Q32) -> 12.92
A35: Max | B35: =MAX(B9:B32) -> 29.01 | C35: =MAX(C9:C32) -> 28.79 | D35: =MAX(D9:D32) -> 39.62 | E35: =MAX(E9:E32) -> 28.88 | F35: =MAX(F9:F32) -> 79.87 | G35: =MAX(G9:G32) -> 151.03 | H35: =MAX(H9:H32) -> 33.18 | I35: =MAX(I9:I32) -> 12.44 | ... Q35: =MAX(Q9:Q32) -> 13.05
A36: Avg | B36: =AVERAGE(B9:B32) -> 13.967083 | C36: =AVERAGE(C9:C32) -> 23.74375 | D36: =AVERAGE(D9:D32) -> 24.87 | E36: =AVERAGE(E9:E32) -> 12.494167 | F36: =AVERAGE(F9:F32) -> 31.611667 | G36: =AVERAGE(G9:G32) -> 82.554167 | H36: =AVERAGE(H9:H32) -> 25.177083 | I36: =AVERAGE(I9:I32) -> 8.97 | ... Q36: =AVERAGE(Q9:Q32) -> 12.987917
A37: Stdev | B37: =STDEV(B9:B32) -> 9.6965863 | C37: =STDEV(C9:C32) -> 3.8738957 | D37: =STDEV(D9:D32) -> 9.4252492 | E37: =STDEV(E9:E32) -> 4.9756231 | F37: =STDEV(F9:F32) -> 26.941382 | G37: =STDEV(G9:G32) -> 37.092771 | H37: =STDEV(H9:H32) -> 4.7207732 | I37: =STDEV(I9:I32) -> 1.5991384 | ... Q37: =STDEV(Q9:Q32) -> 0.04413213
A38: Num | B38: =COUNT(B9:B32) -> 24 | C38: =COUNT(C9:C32) -> 24 | D38: =COUNT(D9:D32) -> 24 | E38: =COUNT(E9:E32) -> 24 | F38: =COUNT(F9:F32) -> 24 | G38: =COUNT(G9:G32) -> 24 | H38: =COUNT(H9:H32) -> 24 | I38: =COUNT(I9:I32) -> 24 | ... Q38: =COUNT(Q9:Q32) -> 24
A39: DCR | B39: =IF(B38>=22,">90%",IF(B38<=22,"<90%")) -> >90% | C39: =IF(C38>=22,">90%",IF(C38<=22,"<90%")) -> >90% | D39: =IF(D38>=22,">90%",IF(D38<=22,"<90%")) -> >90% | E39: =IF(E38>=22,">90%",IF(E38<=22,"<90%")) -> >90% | F39: =IF(F38>=22,">90%",IF(F38<=22,"<90%")) -> >90% | G39: =IF(G38>=22,">90%",IF(G38<=22,"<90%")) -> >90% | H39: =IF(H38>=22,">90%",IF(H38<=22,"<90%")) -> >90% | I39: =IF(I38>=22,">90%",IF(I38<=22,"<90%")) -> >90% | ... Q39: =IF(Q38>=22,">90%",IF(Q38<=22,"<90%")) -> >90%
A40: Status | B40: =IF(B38>=22,"OK",IF(B38<=22,"LESS")) -> OK | C40: =IF(C38>=22,"OK",IF(C38<=22,"LESS")) -> OK | D40: =IF(D38>=22,"OK",IF(D38<=22,"LESS")) -> OK | E40: =IF(E38>=22,"OK",IF(E38<=22,"LESS")) -> OK | F40: =IF(F38>=22,"OK",IF(F38<=22,"LESS")) -> OK | G40: =IF(G38>=22,"OK",IF(G38<=22,"LESS")) -> OK | H40: =IF(H38>=22,"OK",IF(H38<=22,"LESS")) -> OK | I40: =IF(I38>=22,"OK",IF(I38<=22,"LESS")) -> OK | ... Q40: =IF(Q38>=22,"OK",IF(Q38<=22,"LESS")) -> OK
A43: Done by | B43: AKASH
A45: Comment

Sheet 10
A1: Station: | B1: IGKV ,RAIPUR
A2: Date: | B2: =$A$9 -> 10/02/2025 01:00 | D2: Power Off | G2: Pw.Off | L2: Link Fail | N2: Link F | P2: Maintenance | R2: Maint.
A3: Report Type: | B3: Mean | D3: Calibration | G3: Calib. | L3: Data Fail | N3: Data F | P3: Invalid | R3: Invalid
A4: Time Base: | B4: 01 Hour | D4: Zero Referrence | G4: Z.Ref | L4: Warm Up | N4: Wm. Up
A7: Date & Time | B7: NO | C7: NO2 | D7: NOX | E7: SO2 | F7: O3 | G7: PM 10 | H7: PM 2.5 | I7: BENZ | J7: WS | K7: WD | L7: TEMP | M7: HUM | N7: SR | O7: RG | P7: CO | Q7: NH3
B8: ug/m3 | C8: ug/m3 | D8: ppb | E8: ug/m3 | F8: ug/m3 | G8: ug/m3 | H8: ug/m3 | I8: ug/m3 | J8: m/sec | K8: deg | L8: degreC | M8: % | N8: w/m2 | O8: mm | P8: mg/m3 | Q8: ug/m3
A9: 10/02/2025 01:00 | B9: 21.4 | C9: 24.36 | D9: 31.13 | E9: 11.43 | F9: 12.36 | G9: 70.71 | H9: 20.76 | I9: 9.5 | J9: 0.27 | K9: 208.31 | L9: 17.16 | M9: 65.6 | N9: 1 | O9: 0 | P9: 0.79 | Q9: 13.02
A10: 10/02/2025 02:00 | B10: 21.32 | C10: 24.21 | D10: 31.1 | E10: 11.44 | F10: 13.92 | G10: 75.43 | H10: 19.06 | I10: 9.58 | J10: 0.24 | K10: 224.94 | L10: 16.59 | M10: 68.74 | N10: 1.2 | O10: 0 | P10: 0.8 | Q10: 13.02
A11: 10/02/2025 03:00 | B11: 21.93 | C11: 23.66 | D11: 31.29 | E11: 10.47 | F11: 9.09 | G11: 75.43 | H11: 17.34 | I11: 9.78 | J11: 0.2 | K11: 230.97 | L11: 16.56 | M11: 62.46 | N11: 0.8 | O11: 0 | P11: 0.83 | Q11: 13.01
A12: 10/02/2025 04:00 | B12: 26.34 | C12: 24.49 | D12: 35.15 | E12: 10.77 | F12: 7.29 | G12: 67.36 | H12: 17.17 | I12: 10.03 | J12: 0.21 | K12: 177.15 | L12: 16.55 | M12: 70.31 | N12: 1.2 | O12: 0 | P12: 0.85 | Q12: 13.03
A13: 10/02/2025 05:00 | B13: 26.5 | C13: 23.91 | D13: 34.99 | E13: 11.08 | F13: 6.16 | G13: 61.43 | H13: 17.17 | I13: 10.3 | J13: 0.19 | K13: 191.38 | L13: 15.9 | M13: 71.03 | N13: 1.2 | O13: 0 | P13: 0.8 | Q13: 13.05
A14: 10/02/2025 06:00 | B14: 27.37 | C14: 23.66 | D14: 35.66 | E14: 10.99 | F14: 5.38 | G14: 64.09 | H14: 15.85 | I14: 10.91 | J14: 0.2 | K14: 212.58 | L14: 15.1 | M14: 75.21 | N14: 1.4 | O14: 0 | P14: 0.82 | Q14: 13.02
A15: 10/02/2025 07:00 | B15: 25.44 | C15: 22.51 | D15: 33.51 | E15: 10.7 | F15: 8.8 | G15: 66.45 | H15: 13.56 | I15: 10.86 | J15: 0.2 | K15: 185.18 | L15: 15.01 | M15: 74.85 | N15: 8.7 | O15: 0 | P15: 0.8 | Q15: 13.04
A16: 10/02/2025 08:00 | B16: 23.47 | C16: 22.05 | D16: 31.6 | E16: 11.13 | F16: 15.76 | G16: 82.32 | H16: 21.18 | I16: 11.94 | J16: 0.22 | K16: 220.03 | L16: 17.83 | M16: 72.27 | N16: 36.9 | O16: 0 | P16: 0.89 | Q16: 13.02
A17: 10/02/2025 09:00 | B17: 22.19 | C17: 23.83 | D17: 30.85 | E17: 11.22 | F17: 22.13 | G17: 85.87 | H17: 25.41 | I17: 12.9 | J17: 0.39 | K17: 307.13 | L17: 22.78 | M17: 53.55 | N17: 217.8 | O17: 0 | P17: 0.93 | Q17: 13.02
A18: 10/02/2025 10:00 | B18: 16.35 | C18: 25.28 | D18: 27.48 | E18: 10.83 | F18: 40.27 | G18: 85.87 | H18: 27.59 | I18: 13.2 | J18: 0.48 | K18: 272.94 | L18: 27.17 | M18: 38.14 | N18: 308.5 | O18: 0 | P18: 0.99 | Q18: 12.99
A19: 10/02/2025 11:00 | B19: 11.09 | C19: 25.1 | D19: 23.36 | E19: 10.04 | F19: 38.32 | G19: 78.61 | H19: 27.59 | I19: 13 | J19: 0.63 | K19: 280.76 | L19: 30.03 | M19: 23.45 | N19: 347.8 | O19: 0 | P19: 0.95 | Q19: 12.98
A20: 10/02/2025 12:00 | B20: 6.62 | C20: 23.82 | D20: 19.11 | E20: 10.42 | F20: 38.02 | G20: 59.14 | H20: 26.45 | I20: 11.97 | J20: 0.81 | K20: 281.65 | L20: 31.64 | M20: 19.97 | N20: 363.3 | O20: 0 | P20: 0.84 | Q20: 12.95
... A32: 10/02/2025 24:00 | B32: 12.93 | C32: 22.51 | D32: 23.41 | E32: 8.56 | F32: 19.05 | G32: 97.22 | H32: 31.35 | I32: 11.61 | J32: 0.22 | K32: 184.26 | L32: 21.21 | M32: 69.82 | N32: 1.3 | O32: 0 | P32: 1.05 | Q32: 12.97
A34: Min | B34: =MIN(B9:B32) -> 3.5 | C34: =MIN(C9:C32) -> 18.93 | D34: =MIN(D9:D32) -> 14.03 | E34: =MIN(E9:E32) -> 8.34 | F34: =MIN(F9:F32) -> 5.38 | G34: =MIN(G9:G32) -> 52.71 | H34: =MIN(H9:H32) -> 13.56 | I34: =MIN(I9:I32) -> 7.7 | ... Q34: =MIN(Q9:Q32) -> 12.94
A35: Max | B35: =MAX(B9:B32) -> 27.37 | C35: =MAX(C9:C32) -> 25.28 | D35: =MAX(D9:D32) -> 35.66 | E35: =MAX(E9:E32) -> 19.11 | F35: =MAX(F9:F32) -> 42.35 | G35: =MAX(G9:G32) -> 97.22 | H35: =MAX(H9:H32) -> 34.84 | I35: =MAX(I9:I32) -> 13.2 | ... Q35: =MAX(Q9:Q32) -> 13.05
A36: Avg | B36: =AVERAGE(B9:B32) -> 13.83875 | C36: =AVERAGE(C9:C32) -> 22.467917 | D36: =AVERAGE(D9:D32) -> 24.0925 | E36: =AVERAGE(E9:E32) -> 11.480833 | F36: =AVERAGE(F9:F32) -> 25.320417 | G36: =AVERAGE(G9:G32) -> 71.485417 | H36: =AVERAGE(H9:H32) -> 26.132917 | I36: =AVERAGE(I9:I32) -> 10.311667 | ... Q36: =AVERAGE(Q9:Q32) -> 12.9825
A37: Stdev | B37: =STDEV(B9:B32) -> 8.8735877 | C37: =STDEV(C9:C32) -> 1.9336179 | D37: =STDEV(D9:D32) -> 7.8354563 | E37: =STDEV(E9:E32) -> 3.0335543 | F37: =STDEV(F9:F32) -> 12.752211 | G37: =STDEV(G9:G32) -> 14.700152 | H37: =STDEV(H9:H32) -> 6.8520993 | I37: =STDEV(I9:I32) -> 1.5775729 | ... Q37: =STDEV(Q9:Q32) -> 0.037329322
A38: Num | B38: =COUNT(B9:B32) -> 24 | C38: =COUNT(C9:C32) -> 24 | D38: =COUNT(D9:D32) -> 24 | E38: =COUNT(E9:E32) -> 24 | F38: =COUNT(F9:F32) -> 24 | G38: =COUNT(G9:G32) -> 24 | H38: =COUNT(H9:H32) -> 24 | I38: =COUNT(I9:I32) -> 24 | ... Q38: =COUNT(Q9:Q32) -> 24
A39: DCR | B39: =IF(B38>=22,">90%",IF(B38<=22,"<90%")) -> >90% | C39: =IF(C38>=22,">90%",IF(C38<=22,"<90%")) -> >90% | D39: =IF(D38>=22,">90%",IF(D38<=22,"<90%")) -> >90% | E39: =IF(E38>=22,">90%",IF(E38<=22,"<90%")) -> >90% | F39: =IF(F38>=22,">90%",IF(F38<=22,"<90%")) -> >90% | G39: =IF(G38>=22,">90%",IF(G38<=22,"<90%")) -> >90% | H39: =IF(H38>=22,">90%",IF(H38<=22,"<90%")) -> >90% | I39: =IF(I38>=22,">90%",IF(I38<=22,"<90%")) -> >90% | ... Q39: =IF(Q38>=22,">90%",IF(Q38<=22,"<90%")) -> >90%
A40: Status | B40: =IF(B38>=22,"OK",IF(B38<=22,"LESS")) -> OK | C40: =IF(C38>=22,"OK",IF(C38<=22,"LESS")) -> OK | D40: =IF(D38>=22,"OK",IF(D38<=22,"LESS")) -> OK | E40: =IF(E38>=22,"OK",IF(E38<=22,"LESS")) -> OK | F40: =IF(F38>=22,"OK",IF(F38<=22,"LESS")) -> OK | G40: =IF(G38>=22,"OK",IF(G38<=22,"LESS")) -> OK | H40: =IF(H38>=22,"OK",IF(H38<=22,"LESS")) -> OK | I40: =IF(I38>=22,"OK",IF(I38<=22,"LESS")) -> OK | ... Q40: =IF(Q38>=22,"OK",IF(Q38<=22,"LESS")) -> OK
A43: Done by | B43: AKASH
A45: Comment

Sheet 11
A1: Station: | B1: IGKV ,RAIPUR
A2: Date: | B2: =$A$9 -> 11/02/2025 01:00 | D2: Power Off | G2: Pw.Off | L2: Link Fail | N2: Link F | P2: Maintenance | R2: Maint.
A3: Report Type: | B3: Mean | D3: Calibration | G3: Calib. | L3: Data Fail | N3: Data F | P3: Invalid | R3: Invalid
A4: Time Base: | B4: 01 Hour | D4: Zero Referrence | G4: Z.Ref | L4: Warm Up | N4: Wm. Up
A7: Date & Time | B7: NO | C7: NO2 | D7: NOX | E7: SO2 | F7: O3 | G7: PM 10 | H7: PM 2.5 | I7: BENZ | J7: WS | K7: WD | L7: TEMP | M7: HUM | N7: SR | O7: RG | P7: CO | Q7: NH3
B8: ug/m3 | C8: ug/m3 | D8: ppb | E8: ug/m3 | F8: ug/m3 | G8: ug/m3 | H8: ug/m3 | I8: ug/m3 | J8: m/sec | K8: deg | L8: degreC | M8: % | N8: w/m2 | O8: mm | P8: mg/m3 | Q8: ug/m3
A9: 11/02/2025 01:00 | B9: 12.57 | C9: 22.89 | D9: 23.15 | E9: 8.91 | F9: 11.91 | G9: 98.73 | H9: 32.66 | I9: 13.27 | J9: 0.22 | K9: 209.8 | L9: 20.86 | M9: 72.91 | N9: 1.4 | O9: 0 | P9: 1.11 | Q9: 12.99
A10: 11/02/2025 02:00 | B10: 11.95 | C10: 22.9 | D10: 22.83 | E10: 9.15 | F10: 11.61 | G10: 98.73 | H10: 32.66 | I10: 14.47 | J10: 0.19 | K10: 221.51 | L10: 20.73 | M10: 72.21 | N10: 1.4 | O10: 0 | P10: 1.16 | Q10: 13
A11: 11/02/2025 03:00 | B11: 11.07 | C11: 23.01 | D11: 22.24 | E11: 8.83 | F11: 10.66 | G11: 96.35 | H11: 31.84 | I11: 14.68 | J11: 0.21 | K11: 193.63 | L11: 21.05 | M11: 64.76 | N11: 1.3 | O11: 0 | P11: 1.16 | Q11: 12.98
A12: 11/02/2025 04:00 | B12: 10.09 | C12: 23.49 | D12: 21.72 | E12: 8.98 | F12: 9.18 | G12: 93.65 | H12: 31.84 | I12: 14.57 | J12: 0.22 | K12: 214.91 | L12: 20.82 | M12: 73.1 | N12: 1.8 | O12: 0 | P12: 1.14 | Q12: 12.98
A13: 11/02/2025 05:00 | B13: 11.38 | C13: 23.82 | D13: 22.92 | E13: 8.68 | F13: 8.96 | G13: 88.02 | H13: 28.95 | I13: 14.1 | J13: 0.27 | K13: 176.22 | L13: 19.67 | M13: 76.51 | N13: 1.5 | O13: 0 | P13: 1.14 | Q13: 12.96
A14: 11/02/2025 06:00 | B14: 12.19 | C14: 23.8 | D14: 23.47 | E14: 8.5 | F14: 6.58 | G14: 78.32 | H14: 25.67 | I14: 14 | J14: 0.31 | K14: 239.59 | L14: 19.25 | M14: 76.53 | N14: 1.6 | O14: 0 | P14: 1.15 | Q14: 12.98
A15: 11/02/2025 07:00 | B15: 12.08 | C15: 23.17 | D15: 23.15 | E15: 8.08 | F15: 7.39 | G15: 75.46 | H15: 23.61 | I15: 13.6 | J15: 0.26 | K15: 179.22 | L15: 19.19 | M15: 78.68 | N15: 8.8 | O15: 0 | P15: 1.14 | Q15: 12.99
A16: 11/02/2025 08:00 | B16: 11.83 | C16: 22.16 | D16: 22.37 | E16: 8.79 | F16: 18.15 | G16: 71.5 | H16: 23.59 | I16: 13.41 | J16: 0.33 | K16: 174.17 | L16: 21.2 | M16: 79.86 | N16: 43.8 | O16: 0 | P16: 1.13 | Q16: 12.97
A17: 11/02/2025 09:00 | B17: 11.58 | C17: 22.27 | D17: 22.08 | E17: 8.5 | F17: 20.48 | G17: 72.95 | H17: 27.6 | I17: 13.25 | J17: 0.27 | K17: 258.43 | L17: 25.44 | M17: 67.71 | N17: 150.6 | O17: 0 | P17: 1.13 | Q17: 12.97
A18: 11/02/2025 10:00 | B18: 10.49 | C18: 23.06 | D18: 21.4 | E18: 9.16 | F18: 18.9 | G18: 72.95 | H18: 27.6 | I18: 13.58 | J18: 0.62 | K18: 262.13 | L18: 28.4 | M18: 52.79 | N18: 235.8 | O18: 0 | P18: 1.13 | Q18: 12.96
A19: 11/02/2025 11:00 | B19: 6.21 | C19: 24.5 | D19: 18.64 | E19: 12 | F19: 28.93 | G19: 72.43 | H19: 29.22 | I19: 14.75 | J19: 0.89 | K19: 292.63 | L19: 30.54 | M19: 47.65 | N19: 280.8 | O19: 0 | P19: 1.06 | Q19: 12.95
A20: 11/02/2025 12:00 | B20: 4.24 | C20: 24.68 | D20: 17.64 | E20: 12.44 | F20: 32.91 | G20: 72.54 | H20: 29.45 | I20: 14.86 | J20: 0.98 | K20: 285.68 | L20: 32.45 | M20: 43.17 | N20: 306 | O20: 0 | P20: 1.05 | Q20: 12.95
... A32: 11/02/2025 24:00 | B32: 6.12 | C32: 21.55 | D32: 17.52 | E32: 11.02 | F32: 16.23 | G32: 101.38 | H32: 45.08 | I32: 13.81 | J32: 0.18 | K32: 211.59 | L32: 23.11 | M32: 68.26 | N32: 1.4 | O32: 0 | P32: 1 | Q32: 12.94
A34: Min | B34: =MIN(B9:B32) -> 3.69 | C34: =MIN(C9:C32) -> 21.24 | D34: =MIN(D9:D32) -> 15.57 | E34: =MIN(E9:E32) -> 8.08 | F34: =MIN(F9:F32) -> 6.58 | G34: =MIN(G9:G32) -> 61.82 | H34: =MIN(H9:H32) -> 23.59 | I34: =MIN(I9:I32) -> 8.75 | ... Q34: =MIN(Q9:Q32) -> 12.92
A35: Max | B35: =MAX(B9:B32) -> 12.57 | C35: =MAX(C9:C32) -> 24.68 | D35: =MAX(D9:D32) -> 23.47 | E35: =MAX(E9:E32) -> 19.4 | F35: =MAX(F9:F32) -> 50.24 | G35: =MAX(G9:G32) -> 185.6 | H35: =MAX(H9:H32) -> 57.58 | I35: =MAX(I9:I32) -> 14.86 | ... Q35: =MAX(Q9:Q32) -> 13
A36: Avg | B36: =AVERAGE(B9:B32) -> 7.6929167 | C36: =AVERAGE(C9:C32) -> 22.744583 | D36: =AVERAGE(D9:D32) -> 19.310833 | E36: =AVERAGE(E9:E32) -> 11.684583 | F36: =AVERAGE(F9:F32) -> 23.54375 | G36: =AVERAGE(G9:G32) -> 88.834167 | H36: =AVERAGE(H9:H32) -> 33.845 | I36: =AVERAGE(I9:I32) -> 12.790833 | ... Q36: =AVERAGE(Q9:Q32) -> 12.956667
A37: Stdev | B37: =STDEV(B9:B32) -> 3.430545 | C37: =STDEV(C9:C32) -> 0.91969739 | D37: =STDEV(D9:D32) -> 2.8951623 | E37: =STDEV(E9:E32) -> 3.3441968 | F37: =STDEV(F9:F32) -> 13.099819 | G37: =STDEV(G9:G32) -> 32.088823 | H37: =STDEV(H9:H32) -> 9.1134425 | I37: =STDEV(I9:I32) -> 1.9133761 | ... Q37: =STDEV(Q9:Q32) -> 0.021602469
A38: Num | B38: =COUNT(B9:B32) -> 24 | C38: =COUNT(C9:C32) -> 24 | D38: =COUNT(D9:D32) -> 24 | E38: =COUNT(E9:E32) -> 24 | F38: =COUNT(F9:F32) -> 24 | G38: =COUNT(G9:G32) -> 24 | H38: =COUNT(H9:H32) -> 24 | I38: =COUNT(I9:I32) -> 24 | ... Q38: =COUNT(Q9:Q32) -> 24
A39: DCR | B39: =IF(B38>=22,">90%",IF(B38<=22,"<90%")) -> >90% | C39: =IF(C38>=22,">90%",IF(C38<=22,"<90%")) -> >90% | D39: =IF(D38>=22,">90%",IF(D38<=22,"<90%")) -> >90% | E39: =IF(E38>=22,">90%",IF(E38<=22,"<90%")) -> >90% | F39: =IF(F38>=22,">90%",IF(F38<=22,"<90%")) -> >90% | G39: =IF(G38>=22,">90%",IF(G38<=22,"<90%")) -> >90% | H39: =IF(H38>=22,">90%",IF(H38<=22,"<90%")) -> >90% | I39: =IF(I38>=22,">90%",IF(I38<=22,"<90%")) -> >90% | ... Q39: =IF(Q38>=22,">90%",IF(Q38<=22,"<90%")) -> >90%
A40: Status | B40: =IF(B38>=22,"OK",IF(B38<=22,"LESS")) -> OK | C40: =IF(C38>=22,"OK",IF(C38<=22,"LESS")) -> OK | D40: =IF(D38>=22,"OK",IF(D38<=22,"LESS")) -> OK | E40: =IF(E38>=22,"OK",IF(E38<=22,"LESS")) -> OK | F40: =IF(F38>=22,"OK",IF(F38<=22,"LESS")) -> OK | G40: =IF(G38>=22,"OK",IF(G38<=22,"LESS")) -> OK | H40: =IF(H38>=22,"OK",IF(H38<=22,"LESS")) -> OK | I40: =IF(I38>=22,"OK",IF(I38<=22,"LESS")) -> OK | ... Q40: =IF(Q38>=22,"OK",IF(Q38<=22,"LESS")) -> OK
A43: Done by | B43: animesh
A45: Comment

Sheet 12
A1: Station: | B1: IGKV ,RAIPUR
A2: Date: | B2: =$A$9 -> 12/02/2025 01:00 | D2: Power Off | G2: Pw.Off | L2: Link Fail | N2: Link F | P2: Maintenance | R2: Maint.
A3: Report Type: | B3: Mean | D3: Calibration | G3: Calib. | L3: Data Fail | N3: Data F | P3: Invalid | R3: Invalid
A4: Time Base: | B4: 01 Hour | D4: Zero Referrence | G4: Z.Ref | L4: Warm Up | N4: Wm. Up
A7: Date & Time | B7: NO | C7: NO2 | D7: NOX | E7: SO2 | F7: O3 | G7: PM 10 | H7: PM 2.5 | I7: BENZ | J7: WS | K7: WD | L7: TEMP | M7: HUM | N7: SR | O7: RG | P7: CO | Q7: NH3
B8: ug/m3 | C8: ug/m3 | D8: ppb | E8: ug/m3 | F8: ug/m3 | G8: ug/m3 | H8: ug/m3 | I8: ug/m3 | J8: m/sec | K8: deg | L8: degreC | M8: % | N8: w/m2 | O8: mm | P8: mg/m3 | Q8: ug/m3
A9: 12/02/2025 01:00 | B9: 7.02 | C9: 21.73 | D9: 18.33 | E9: 11.08 | F9: 4.47 | G9: 96.23 | H9: 39.96 | I9: 13.7 | J9: 0.21 | K9: 161.37 | L9: 23.24 | M9: 66.75 | N9: 1.4 | O9: 0 | P9: 1.05 | Q9: 12.94
A10: 12/02/2025 02:00 | B10: 10.95 | C10: 22.87 | D10: 22.08 | E10: 11.24 | F10: 3.83 | G10: 96.23 | H10: 38.68 | I10: 13.65 | J10: 0.18 | K10: 186.25 | L10: 23.34 | M10: 71.78 | N10: 2 | O10: 0 | P10: 1.06 | Q10: 12.97
A11: 12/02/2025 03:00 | B11: 14.23 | C11: 23.22 | D11: 24.9 | E11: 10.33 | F11: 3.84 | G11: 81.63 | H11: 37.11 | I11: 13.45 | J11: 0.24 | K11: 170.62 | L11: 22.82 | M11: 73.06 | N11: 1.8 | O11: 0 | P11: 1.06 | Q11: 12.97
A12: 12/02/2025 04:00 | B12: 15.09 | C12: 23.24 | D12: 25.38 | E12: 10.3 | F12: 3.74 | G12: 85.74 | H12: 33.83 | I12: 13.35 | J12: 0.22 | K12: 180.7 | L12: 21.63 | M12: 77.05 | N12: 1.7 | O12: 0 | P12: 1.07 | Q12: 12.98
A13: 12/02/2025 05:00 | B13: 15.68 | C13: 22.8 | D13: 25.68 | E13: 10.06 | F13: 3.83 | G13: 85.74 | H13: 30.79 | I13: 13.28 | J13: 0.19 | K13: 193.49 | L13: 21.15 | M13: 81.03 | N13: 1.7 | O13: 0 | P13: 1.08 | Q13: 12.99
A14: 12/02/2025 06:00 | B14: 15.68 | C14: 21.98 | D14: 25.41 | E14: 10.09 | F14: 3.84 | G14: 85.09 | H14: 27.79 | I14: 13.28 | J14: 0.22 | K14: 205.67 | L14: 20.78 | M14: 81.76 | N14: 1.7 | O14: 0 | P14: 1.06 | Q14: 12.97
A15: 12/02/2025 07:00 | B15: 14.56 | C15: 20.94 | D15: 23.96 | E15: 9.94 | F15: 4.02 | G15: 76.02 | H15: 27.79 | I15: 12.96 | J15: 0.2 | K15: 190.98 | L15: 20.4 | M15: 82.26 | N15: 9.1 | O15: 0 | P15: 0.97 | Q15: 12.97
A16: 12/02/2025 08:00 | B16: 13.87 | C16: 21.52 | D16: 23.4 | E16: 10.1 | F16: 5.61 | G16: 87.11 | H16: 28.43 | I16: 12.77 | J16: 0.28 | K16: 200.83 | L16: 22.62 | M16: 81.34 | N16: 43.8 | O16: 0 | P16: 0.96 | Q16: 12.96
A17: 12/02/2025 09:00 | B17: 12.52 | C17: 23.05 | D17: 22.75 | E17: 10.05 | F17: 11.67 | G17: 98.41 | H17: 30.89 | I17: 13.52 | J17: 0.31 | K17: 269.51 | L17: 25.61 | M17: 69.08 | N17: 149.8 | O17: 0 | P17: 1.01 | Q17: 12.98
A18: 12/02/2025 10:00 | B18: 9.4 | C18: 24.29 | D18: 21.09 | E18: 10.05 | F18: 17.67 | G18: 98.41 | H18: 38.26 | I18: 14.44 | J18: 0.84 | K18: 280.44 | L18: 28.6 | M18: 59.48 | N18: 244.5 | O18: 0 | P18: 1.01 | Q18: 12.96
A19: 12/02/2025 11:00 | B19: 5.73 | C19: 25.11 | D19: 18.92 | E19: 12.3 | F19: 46.94 | G19: 91.06 | H19: 41.35 | I19: 14.5 | J19: 1.15 | K19: 264.81 | L19: 30.38 | M19: 51.3 | N19: 309.8 | O19: 0 | P19: 1.04 | Q19: 12.97
A20: 12/02/2025 12:00 | B20: 4.88 | C20: 24.37 | D20: 18 | E20: 15.95 | F20: 93.99 | G20: 85.36 | H20: 41.35 | I20: 13.5 | J20: 1.3 | K20: 299.79 | L20: 31.87 | M20: 44.63 | N20: 323.4 | O20: 0 | P20: 1.01 | Q20: 12.94
... A23: 12/02/2025 15:00 | B23: 3.79 | C23: 21.69 | D23: 15.72 | E23: 13.3 | F23: 40.72 | G23: 39.34 | H23: 41.09 | I23: 8.24 | J23: 1.43 | K23: 308.68 | L23: 33.6 | M23: 23.76 | N23: 333 | O23: 0 | P23: 0.46 | Q23: 12.94
A24: 12/02/2025 16:00 | B24: 3.85 | C24: 20.02 | D24: 14.69 | E24: 12.26 | F24: 89.16 | G24: Calib. | H24: Calib. | I24: 4.9 | J24: 1.49 | K24: 298.13 | L24: 33.06 | M24: 24.64 | N24: 69.2 | O24: 0 | P24: 0.31 | Q24: 12.95
A25: 12/02/2025 17:00 | B25: 4.25 | C25: 20.46 | D25: 15.45 | E25: 8.03 | F25: 107.65 | G25: 35.72 | H25: 21.58 | I25: 4.63 | J25: 1.62 | K25: 309.86 | L25: 32.66 | M25: 21.71 | N25: 55.5 | O25: 0 | P25: 0.32 | Q25: 12.94
A26: 12/02/2025 18:00 | B26: 4.47 | C26: 22.15 | D26: 16.51 | E26: 8.51 | F26: 68.77 | G26: 36.24 | H26: 23.94 | I26: 4.9 | J26: 1.39 | K26: 309.52 | L26: 31.58 | M26: 25.19 | N26: 21.8 | O26: 0 | P26: 0.37 | Q26: 12.93
A27: 12/02/2025 19:00 | B27: 5.16 | C27: 24.13 | D27: 18.02 | E27: 9.36 | F27: 32.72 | G27: 40.96 | H27: 25.77 | I27: 5.45 | J27: 1.09 | K27: 307.3 | L27: 30.09 | M27: 24.86 | N27: 1.4 | O27: 0 | P27: 0.41 | Q27: 12.95
A28: 12/02/2025 20:00 | B28: 5.04 | C28: 24.73 | D28: 18.31 | E28: 9.07 | F28: 30.07 | G28: 43.41 | H28: 26.43 | I28: 5.89 | J28: 0.91 | K28: 314.63 | L28: 29.34 | M28: 26.01 | N28: 1.1 | O28: 0 | P28: 0.44 | Q28: 12.95
A29: 12/02/2025 21:00 | B29: 6.11 | C29: 24.9 | D29: 18.73 | E29: 9.1 | F29: 16.85 | G29: 44.79 | H29: 26.91 | I29: 6.34 | J29: 0.92 | K29: 314.15 | L29: 27.99 | M29: 28.51 | N29: 0.9 | O29: 0 | P29: 0.57 | Q29: 12.95
A30: 12/02/2025 22:00 | B30: 7.3 | C30: 23.53 | D30: 19.03 | E30: 9.15 | F30: 8.6 | G30: 49.41 | H30: 28.16 | I30: 6.82 | J30: 0.32 | K30: 346.54 | L30: 26.7 | M30: 42.24 | N30: 1.8 | O30: 0 | P30: 0.6 | Q30: 12.94
A31: 12/02/2025 23:00 | B31: 9.98 | C31: 22.84 | D31: 21.29 | E31: 9.28 | F31: 13.57 | G31: 52.99 | H31: 28.16 | I31: 7.52 | J31: 0.31 | K31: 71.25 | L31: 24.82 | M31: 38.93 | N31: 1 | O31: 0 | P31: 0.67 | Q31: 12.95
A32: 12/02/2025 24:00 | B32: 13.39 | C32: 22.96 | D32: 24.08 | E32: 9.22 | F32: 9.51 | G32: 80.8 | H32: 31.67 | I32: 8.34 | J32: 0.47 | K32: 142.85 | L32: 23.68 | M32: 44.07 | N32: 1.1 | O32: 0 | P32: 0.72 | Q32: 12.96
A34: Min | B34: =MIN(B9:B32) -> 3.79 | C34: =MIN(C9:C32) -> 20.02 | D34: =MIN(D9:D32) -> 14.69 | E34: =MIN(E9:E32) -> 8.03 | F34: =MIN(F9:F32) -> 3.74 | G34: =MIN(G9:G32) -> 35.72 | H34: =MIN(H9:H32) -> 21.58 | I34: =MIN(I9:I32) -> 4.63 | ... Q34: =MIN(Q9:Q32) -> 12.93
A35: Max | B35: =MAX(B9:B32) -> 15.68 | C35: =MAX(C9:C32) -> 25.11 | D35: =MAX(D9:D32) -> 25.68 | E35: =MAX(E9:E32) -> 15.95 | F35: =MAX(F9:F32) -> 107.65 | G35: =MAX(G9:G32) -> 98.41 | H35: =MAX(H9:H32) -> 41.52 | I35: =MAX(I9:I32) -> 14.5 | ... Q35: =MAX(Q9:Q32) -> 12.99
A36: Avg | B36: =AVERAGE(B9:B32) -> 8.8295833 | C36: =AVERAGE(C9:C32) -> 22.892917 | D36: =AVERAGE(D9:D32) -> 20.25 | E36: =AVERAGE(E9:E32) -> 10.787083 | F36: =AVERAGE(F9:F32) -> 33.78875 | G36: =AVERAGE(G9:G32) -> 71.547391 | H36: =AVERAGE(H9:H32) -> 32.738261 | I36: =AVERAGE(I9:I32) -> 10.403333 | ... Q36: =AVERAGE(Q9:Q32) -> 12.95625
A37: Stdev | B37: =STDEV(B9:B32) -> 4.4481432 | C37: =STDEV(C9:C32) -> 1.3802063 | D37: =STDEV(D9:D32) -> 3.5199135 | E37: =STDEV(E9:E32) -> 2.1470049 | F37: =STDEV(F9:F32) -> 36.61194 | G37: =STDEV(G9:G32) -> 22.546754 | H37: =STDEV(H9:H32) -> 6.5802947 | I37: =STDEV(I9:I32) -> 3.6862809 | ... Q37: =STDEV(Q9:Q32) -> 0.015828565
A38: Num | B38: =COUNT(B9:B32) -> 24 | C38: =COUNT(C9:C32) -> 24 | D38: =COUNT(D9:D32) -> 24 | E38: =COUNT(E9:E32) -> 24 | F38: =COUNT(F9:F32) -> 24 | G38: =COUNT(G9:G32)+1 -> 24 | H38: =COUNT(H9:H32)+1 -> 24 | I38: =COUNT(I9:I32) -> 24 | J38: =COUNT(J9:J32) -> 24 | K38: =COUNT(K9:K32) -> 24 | L38: =COUNT(L9:L32) -> 24 | M38: =COUNT(M9:M32) -> 24 | N38: =COUNT(N9:N32) -> 24 | O38: =COUNT(O9:O32) -> 24 | P38: =COUNT(P9:P32) -> 24 | Q38: =COUNT(Q9:Q32) -> 24
A39: DCR | B39: =IF(B38>=22,">90%",IF(B38<=22,"<90%")) -> >90% | C39: =IF(C38>=22,">90%",IF(C38<=22,"<90%")) -> >90% | D39: =IF(D38>=22,">90%",IF(D38<=22,"<90%")) -> >90% | E39: =IF(E38>=22,">90%",IF(E38<=22,"<90%")) -> >90% | F39: =IF(F38>=22,">90%",IF(F38<=22,"<90%")) -> >90% | G39: =IF(G38>=22,">90%",IF(G38<=22,"<90%")) -> >90% | H39: =IF(H38>=22,">90%",IF(H38<=22,"<90%")) -> >90% | I39: =IF(I38>=22,">90%",IF(I38<=22,"<90%")) -> >90% | ... Q39: =IF(Q38>=22,">90%",IF(Q38<=22,"<90%")) -> >90%
A40: Status | B40: =IF(B38>=22,"OK",IF(B38<=22,"LESS")) -> OK | C40: =IF(C38>=22,"OK",IF(C38<=22,"LESS")) -> OK | D40: =IF(D38>=22,"OK",IF(D38<=22,"LESS")) -> OK | E40: =IF(E38>=22,"OK",IF(E38<=22,"LESS")) -> OK | F40: =IF(F38>=22,"OK",IF(F38<=22,"LESS")) -> OK | G40: =IF(G38>=22,"OK",IF(G38<=22,"LESS")) -> OK | H40: =IF(H38>=22,"OK",IF(H38<=22,"LESS")) -> OK | I40: =IF(I38>=22,"OK",IF(I38<=22,"LESS")) -> OK | ... Q40: =IF(Q38>=22,"OK",IF(Q38<=22,"LESS")) -> OK
A43: Done by | B43: AKASH
A45: Comment

Sheet 13
A1: Station: | B1: IGKV ,RAIPUR
A2: Date: | B2: =$A$9 -> 13/02/2025 01:00 | D2: Power Off | G2: Pw.Off | L2: Link Fail | N2: Link F | P2: Maintenance | R2: Maint.
A3: Report Type: | B3: Mean | D3: Calibration | G3: Calib. | L3: Data Fail | N3: Data F | P3: Invalid | R3: Invalid
A4: Time Base: | B4: 01 Hour | D4: Zero Referrence | G4: Z.Ref | L4: Warm Up | N4: Wm. Up
A7: Date & Time | B7: NO | C7: NO2 | D7: NOX | E7: SO2 | F7: O3 | G7: PM 10 | H7: PM 2.5 | I7: BENZ | J7: WS | K7: WD | L7: TEMP | M7: HUM | N7: SR | O7: RG | P7: CO | Q7: NH3
B8: ug/m3 | C8: ug/m3 | D8: ppb | E8: ug/m3 | F8: ug/m3 | G8: ug/m3 | H8: ug/m3 | I8: ug/m3 | J8: m/sec | K8: deg | L8: degreC | M8: % | N8: w/m2 | O8: mm | P8: mg/m3 | Q8: ug/m3
A9: 13/02/2025 01:00 | B9: 13.22 | C9: 23.32 | D9: 24.13 | E9: 9.43 | F9: 8.07 | G9: 80.8 | H9: 31.67 | I9: 8.55 | J9: 0.14 | K9: 106.43 | L9: 23.31 | M9: 49.03 | N9: 1.2 | O9: 0 | P9: 0.74 | Q9: 12.97
A10: 13/02/2025 02:00 | B10: 13.45 | C10: 23.51 | D10: 24.42 | E10: 9 | F10: 8.79 | G10: 84.57 | H10: 31.34 | I10: 8.84 | J10: 0.22 | K10: 159.79 | L10: 21.85 | M10: 57.35 | N10: 1.3 | O10: 0 | P10: 0.69 | Q10: 13
A11: 13/02/2025 03:00 | B11: 14.96 | C11: 23.89 | D11: 25.83 | E11: 11.67 | F11: 9.09 | G11: 84.99 | H11: 31.34 | I11: 9.19 | J11: 0.26 | K11: 168.66 | L11: 20.46 | M11: 59.85 | N11: 1 | O11: 0 | P11: 0.74 | Q11: 13
A12: 13/02/2025 04:00 | B12: 15.21 | C12: 23.71 | D12: 25.93 | E12: 11.58 | F12: 8.08 | G12: 95.06 | H12: 27.03 | I12: 9.57 | J12: 0.22 | K12: 190.07 | L12: 19.29 | M12: 65.74 | N12: 1.3 | O12: 0 | P12: 0.76 | Q12: 12.99
A13: 13/02/2025 05:00 | B13: 15 | C13: 22.78 | D13: 25.28 | E13: 11.19 | F13: 6.98 | G13: 95.06 | H13: 25.99 | I13: 9.69 | J13: 0.28 | K13: 189.01 | L13: 18.44 | M13: 70.98 | N13: 1.2 | O13: 0 | P13: 0.75 | Q13: 12.98
A14: 13/02/2025 06:00 | B14: 14.12 | C14: 21.61 | D14: 23.96 | E14: 10.88 | F14: 8.08 | G14: 81.83 | H14: 22.18 | I14: 9.69 | J14: 0.18 | K14: 167.64 | L14: 17.44 | M14: 68.27 | N14: 1 | O14: 0 | P14: 0.74 | Q14: 12.99
A15: 13/02/2025 07:00 | B15: 18.96 | C15: 22.18 | D15: 28.15 | E15: 10.95 | F15: 7.02 | G15: 77.19 | H15: 22.32 | I15: 9.8 | J15: 0.25 | K15: 240 | L15: 17.18 | M15: 74.17 | N15: 9.6 | O15: 0 | P15: 0.81 | Q15: 12.99
A16: 13/02/2025 08:00 | B16: 19.92 | C16: 22.61 | D16: 29.14 | E16: 10.62 | F16: 14.13 | G16: 77.19 | H16: 22.32 | I16: 10.08 | J16: 0.4 | K16: 186.2 | L16: 20.16 | M16: 75.6 | N16: 36.5 | O16: 0 | P16: 0.82 | Q16: 12.99
A17: 13/02/2025 09:00 | B17: 20.15 | C17: 24.52 | D17: 29.71 | E17: 10.4 | F17: 26.15 | G17: 75.11 | H17: 23.18 | I17: 10.42 | J17: 0.97 | K17: 61.98 | L17: 23.42 | M17: 47.12 | N17: 233.7 | O17: 0 | P17: 0.82 | Q17: 13
A18: 13/02/2025 10:00 | B18: 17.87 | C18: 24.53 | D18: 28.31 | E18: 10.74 | F18: 25.82 | G18: 75.11 | H18: 24.92 | I18: 10.32 | J18: 1.08 | K18: 55.66 | L18: 25.25 | M18: 40.04 | N18: 315.9 | O18: 0 | P18: 0.8 | Q18: 13
A19: 13/02/2025 11:00 | B19: 14.57 | C19: 24.81 | D19: 25.89 | E19: 10.57 | F19: 38.19 | G19: 70.77 | H19: 24.92 | I19: 9.88 | J19: 1.23 | K19: 50.54 | L19: 26.96 | M19: 34.34 | N19: 358.4 | O19: 0 | P19: 0.76 | Q19: 13
A20: 13/02/2025 12:00 | B20: 8.71 | C20: 26.6 | D20: 21.65 | E20: 11.66 | F20: 59.2 | G20: 60.05 | H20: 25.74 | I20: 9.59 | J20: 1.05 | K20: 345.32 | L20: 28.39 | M20: 28.8 | N20: 362.9 | O20: 0 | P20: 0.64 | Q20: 12.98
... A32: 13/02/2025 24:00 | B32: 6.65 | C32: 24.52 | D32: 19.45 | E32: 12.84 | F32: 8.65 | G32: 58.84 | H32: 23.6 | I32: 8.76 | J32: 0.73 | K32: 28.14 | L32: 22.22 | M32: 33.91 | N32: 1.3 | O32: 0 | P32: 0.7 | Q32: 12.95
A34: Min | B34: =MIN(B9:B32) -> 2.8 | C34: =MIN(C9:C32) -> 18.7 | D34: =MIN(D9:D32) -> 14.39 | E34: =MIN(E9:E32) -> 9 | F34: =MIN(F9:F32) -> 6.98 | G34: =MIN(G9:G32) -> 52.64 | H34: =MIN(H9:H32) -> 22.18 | I34: =MIN(I9:I32) -> 6.46 | ... Q34: =MIN(Q9:Q32) -> 12.92
A35: Max | B35: =MAX(B9:B32) -> 20.15 | C35: =MAX(C9:C32) -> 26.6 | D35: =MAX(D9:D32) -> 29.71 | E35: =MAX(E9:E32) -> 13.12 | F35: =MAX(F9:F32) -> 77.11 | G35: =MAX(G9:G32) -> 95.06 | H35: =MAX(H9:H32) -> 34.53 | I35: =MAX(I9:I32) -> 10.42 | ... Q35: =MAX(Q9:Q32) -> 13
A36: Avg | B36: =AVERAGE(B9:B32) -> 10.27125 | C36: =AVERAGE(C9:C32) -> 23.053333 | D36: =AVERAGE(D9:D32) -> 21.488333 | E36: =AVERAGE(E9:E32) -> 11.390417 | F36: =AVERAGE(F9:F32) -> 28.967083 | G36: =AVERAGE(G9:G32) -> 69.489583 | H36: =AVERAGE(H9:H32) -> 27.4325 | I36: =AVERAGE(I9:I32) -> 8.7316667 | ... Q36: =AVERAGE(Q9:Q32) -> 12.967083
A37: Stdev | B37: =STDEV(B9:B32) -> 5.9220959 | C37: =STDEV(C9:C32) -> 2.0216387 | D37: =STDEV(D9:D32) -> 5.1407973 | E37: =STDEV(E9:E32) -> 1.0940967 | F37: =STDEV(F9:F32) -> 21.586246 | G37: =STDEV(G9:G32) -> 12.869087 | H37: =STDEV(H9:H32) -> 4.3142174 | I37: =STDEV(I9:I32) -> 1.2131693 | ... Q37: =STDEV(Q9:Q32) -> 0.028204096
A38: Num | B38: =COUNT(B9:B32) -> 24 | C38: =COUNT(C9:C32) -> 24 | D38: =COUNT(D9:D32) -> 24 | E38: =COUNT(E9:E32) -> 24 | F38: =COUNT(F9:F32) -> 24 | G38: =COUNT(G9:G32) -> 24 | H38: =COUNT(H9:H32) -> 24 | I38: =COUNT(I9:I32) -> 24 | ... Q38: =COUNT(Q9:Q32) -> 24
A39: DCR | B39: =IF(B38>=22,">90%",IF(B38<=22,"<90%")) -> >90% | C39: =IF(C38>=22,">90%",IF(C38<=22,"<90%")) -> >90% | D39: =IF(D38>=22,">90%",IF(D38<=22,"<90%")) -> >90% | E39: =IF(E38>=22,">90%",IF(E38<=22,"<90%")) -> >90% | F39: =IF(F38>=22,">90%",IF(F38<=22,"<90%")) -> >90% | G39: =IF(G38>=22,">90%",IF(G38<=22,"<90%")) -> >90% | H39: =IF(H38>=22,">90%",IF(H38<=22,"<90%")) -> >90% | I39: =IF(I38>=22,">90%",IF(I38<=22,"<90%")) -> >90% | ... Q39: =IF(Q38>=22,">90%",IF(Q38<=22,"<90%")) -> >90%
A40: Status | B40: =IF(B38>=22,"OK",IF(B38<=22,"LESS")) -> OK | C40: =IF(C38>=22,"OK",IF(C38<=22,"LESS")) -> OK | D40: =IF(D38>=22,"OK",IF(D38<=22,"LESS")) -> OK | E40: =IF(E38>=22,"OK",IF(E38<=22,"LESS")) -> OK | F40: =IF(F38>=22,"OK",IF(F38<=22,"LESS")) -> OK | G40: =IF(G38>=22,"OK",IF(G38<=22,"LESS")) -> OK | H40: =IF(H38>=22,"OK",IF(H38<=22,"LESS")) -> OK | I40: =IF(I38>=22,"OK",IF(I38<=22,"LESS")) -> OK | ... Q40: =IF(Q38>=22,"OK",IF(Q38<=22,"LESS")) -> OK
A43: Done by | B43: AKASH
A45: Comment

Sheet 14
A1: Station: | B1: IGKV ,RAIPUR
A2: Date: | B2: =$A$9 -> 14/02/2025 01:00 | D2: Power Off | G2: Pw.Off | L2: Link Fail | N2: Link F | P2: Maintenance | R2: Maint.
A3: Report Type: | B3: Mean | D3: Calibration | G3: Calib. | L3: Data Fail | N3: Data F | P3: Invalid | R3: Invalid
A4: Time Base: | B4: 01 Hour | D4: Zero Referrence | G4: Z.Ref | L4: Warm Up | N4: Wm. Up
A7: Date & Time | B7: NO | C7: NO2 | D7: NOX | E7: SO2 | F7: O3 | G7: PM 10 | H7: PM 2.5 | I7: BENZ | J7: WS | K7: WD | L7: TEMP | M7: HUM | N7: SR | O7: RG | P7: CO | Q7: NH3
B8: ug/m3 | C8: ug/m3 | D8: ppb | E8: ug/m3 | F8: ug/m3 | G8: ug/m3 | H8: ug/m3 | I8: ug/m3 | J8: m/sec | K8: deg | L8: degreC | M8: % | N8: w/m2 | O8: mm | P8: mg/m3 | Q8: ug/m3
A9: 14/02/2025 01:00 | B9: 8.75 | C9: 25.03 | D9: 21.43 | E9: 13.73 | F9: Maint. | G9: 73.15 | H9: 23.6 | I9: 8.32 | J9: 0.95 | K9: 43.77 | L9: 21.77 | M9: 32.64 | N9: 1.4 | O9: 0 | P9: 0.71 | Q9: 12.95
A10: 14/02/2025 02:00 | B10: 9.87 | C10: 25.24 | D10: 22.33 | E10: 13.8 | F10: Maint. | G10: 73.15 | H10: 24.96 | I10: 8 | J10: 0.61 | K10: 57.85 | L10: 20.42 | M10: 37.97 | N10: 1.2 | O10: 0 | P10: 0.75 | Q10: 12.97
A11: 14/02/2025 03:00 | B11: 11.91 | C11: 24.87 | D11: 23.44 | E11: 9.94 | F11: Maint. | G11: 70.27 | H11: 24.96 | I11: 7.71 | J11: 0.27 | K11: 165.06 | L11: 19.24 | M11: 55.09 | N11: 1.2 | O11: 0 | P11: 0.77 | Q11: 12.98
A12: 14/02/2025 04:00 | B12: 12.98 | C12: 23.93 | D12: 24.23 | E12: 9.47 | F12: Maint. | G12: 70.02 | H12: 23.86 | I12: 7.66 | J12: 0.37 | K12: 179.1 | L12: 18.16 | M12: 56.7 | N12: 1.2 | O12: 0 | P12: 0.77 | Q12: 12.97
A13: 14/02/2025 05:00 | B13: 13.6 | C13: 23.85 | D13: 24.67 | E13: 9.3 | F13: Maint. | G13: 68.78 | H13: 23.86 | I13: 7.63 | J13: 0.22 | K13: 204.33 | L13: 16.25 | M13: 67.86 | N13: 1.4 | O13: 0 | P13: 0.77 | Q13: 12.96
A14: 14/02/2025 06:00 | B14: 13.1 | C14: 22.53 | D14: 23.62 | E14: 8.55 | F14: Maint. | G14: 59.57 | H14: 17.28 | I14: 7.63 | J14: 0.19 | K14: 212.62 | L14: 14.46 | M14: 72.44 | N14: 1 | O14: 0 | P14: 0.77 | Q14: 12.96
A15: 14/02/2025 07:00 | B15: 12.7 | C15: 21.55 | D15: 22.79 | E15: 8.37 | F15: Maint. | G15: 64.88 | H15: 17.28 | I15: 7.88 | J15: 0.25 | K15: 200.34 | L15: 14.14 | M15: 73 | N15: 9.1 | O15: 0 | P15: 0.81 | Q15: 12.98
A16: 14/02/2025 08:00 | B16: 12.96 | C16: 20.77 | D16: 22.16 | E16: 8.87 | F16: Maint. | G16: 64.88 | H16: 15.93 | I16: 8.35 | J16: 0.36 | K16: 180.74 | L16: 16.68 | M16: 70.15 | N16: 34.1 | O16: 0 | P16: 0.78 | Q16: 12.97
A17: 14/02/2025 09:00 | B17: 12.18 | C17: 20.92 | D17: 21.74 | E17: 8.8 | F17: Maint. | G17: 66.71 | H17: 18.77 | I17: 8.99 | J17: 0.56 | K17: 279.11 | L17: 21.47 | M17: 53.9 | N17: 266.9 | O17: 0 | P17: 0.79 | Q17: 12.97
A18: 14/02/2025 10:00 | B18: 9.26 | C18: 23.66 | D18: 19.95 | E18: 9.91 | F18: Maint. | G18: 70.33 | H18: 26.06 | I18: 9.2 | J18: 0.66 | K18: 319.15 | L18: 25.63 | M18: 33.31 | N18: 333 | O18: 0 | P18: 0.79 | Q18: 12.96
A19: 14/02/2025 11:00 | B19: 7.64 | C19: 24.09 | D19: 20.05 | E19: 10.34 | F19: Maint. | G19: 70.33 | H19: 26.38 | I19: 9.15 | J19: 0.81 | K19: 106.33 | L19: 27.41 | M19: 18.84 | N19: 381.9 | O19: 0 | P19: 0.75 | Q19: 12.95
A20: 14/02/2025 12:00 | B20: 7 | C20: 22.7 | D20: 18.83 | E20: 9.99 | F20: Maint. | G20: 70.25 | H20: 26.38 | I20: 8.43 | J20: 0.43 | K20: 0.85 | L20: 27.32 | M20: 12.85 | N20: 385.1 | O20: 0 | P20: 0.67 | Q20: 12.96
A21: 14/02/2025 13:00 | B21: Pw.Off | C21: Pw.Off | D21: Pw.Off | E21: Pw.Off | F21: Pw.Off | G21: Pw.Off | H21: Pw.Off | I21: Pw.Off | J21: Pw.Off | K21: Pw.Off | L21: Pw.Off | M21: Pw.Off | N21: Pw.Off | O21: Pw.Off | P21: Pw.Off | Q21: Pw.Off
A22: 14/02/2025 14:00 | B22: 5.42 | C22: 23.22 | D22: 17.09 | E22: 31.97 | F22: Maint. | G22: 60.36 | H22: 104.41 | I22: 7.46 | J22: 0.59 | K22: 355.53 | L22: 30.49 | M22: 11.88 | N22: 364.6 | O22: 0 | P22: 0.41 | Q22: Data F
A23: 14/02/2025 15:00 | B23: 3.43 | C23: 22.92 | D23: 16.07 | E23: 31.97 | F23: Maint. | G23: 67.49 | H23: 104.41 | I23: 7.33 | J23: 0.81 | K23: 346.24 | L23: 30.03 | M23: 11.14 | N23: 346.5 | O23: 0 | P23: 0.52 | Q23: Data F
A24: 14/02/2025 16:00 | B24: 3.48 | C24: 21.73 | D24: 15.46 | E24: 31.97 | F24: Maint. | G24: 67.49 | H24: 45.26 | I24: 6.92 | J24: 0.89 | K24: 352.37 | L24: 29.11 | M24: 11.61 | N24: 46.7 | O24: 0 | P24: 0.48 | Q24: Data F
A25: 14/02/2025 17:00 | B25: 3.51 | C25: 20.37 | D25: 14.72 | E25: 31.97 | F25: Maint. | G25: 55.8 | H25: 33.33 | I25: 6.44 | J25: 0.86 | K25: 358.97 | L25: 28.92 | M25: 12.31 | N25: 50.2 | O25: 0 | P25: 0.44 | Q25: Data F
A26: 14/02/2025 18:00 | B26: 4.76 | C26: 21.05 | D26: 16.16 | E26: 31.97 | F26: Maint. | G26: 42.48 | H26: 33.33 | I26: 6.33 | J26: 0.58 | K26: 179.72 | L26: 28.37 | M26: 26.17 | N26: 19.6 | O26: 0 | P26: 0.47 | Q26: Data F
A27: 14/02/2025 19:00 | B27: 4.65 | C27: 22.19 | D27: 16.42 | E27: 11.17 | F27: Maint. | G27: 56.17 | H27: 26.39 | I27: 9.18 | J27: 0.31 | K27: 197.36 | L27: 24.5 | M27: 36.83 | N27: 1.9 | O27: 0 | P27: 0.4 | Q27: Data F
A28: 14/02/2025 20:00 | B28: 4.29 | C28: 22.15 | D28: 16.37 | E28: 10.93 | F28: Maint. | G28: 60.41 | H28: 26.39 | I28: 9.42 | J28: 0.22 | K28: 210.34 | L28: 21.77 | M28: 43.48 | N28: 1.3 | O28: 0 | P28: 0.42 | Q28: Data F
A29: 14/02/2025 21:00 | B29: 3.94 | C29: 21.74 | D29: 15.87 | E29: 10.65 | F29: Maint. | G29: 61.52 | H29: 23.4 | I29: 9.26 | J29: 0.18 | K29: 193.75 | L29: 20.16 | M29: 44.1 | N29: 0.7 | O29: 0 | P29: 0.43 | Q29: Data F
A30: 14/02/2025 22:00 | B30: 3.7 | C30: 20.88 | D30: 15.23 | E30: 10.51 | F30: Maint. | G30: 194.55 | H30: 29.28 | I30: 9.23 | J30: 0.24 | K30: 195.58 | L30: 19.76 | M30: 52.28 | N30: 0.9 | O30: 0 | P30: 0.47 | Q30: Data F
A31: 14/02/2025 23:00 | B31: 3.47 | C31: 20.52 | D31: 14.86 | E31: 10.56 | F31: Maint. | G31: 194.55 | H31: 29.28 | I31: 9.43 | J31: 0.22 | K31: 175.36 | L31: 19.05 | M31: 53.15 | N31: 1 | O31: 0 | P31: 0.52 | Q31: Data F
A32: 14/02/2025 24:00 | B32: 4.82 | C32: 22 | D32: 16.71 | E32: 10.11 | F32: Maint. | G32: 79.78 | H32: 23.17 | I32: 9.71 | J32: 0.23 | K32: 171.64 | L32: 18.41 | M32: 57.96 | N32: 1 | O32: 0 | P32: 0.63 | Q32: Data F
A34: Min | B34: =MIN(B9:B32) -> 3.43 | C34: =MIN(C9:C32) -> 20.37 | D34: =MIN(D9:D32) -> 14.72 | E34: =MIN(E9:E32) -> 8.37 | F34: =MIN(F9:F32) -> 0 | G34: =MIN(G9:G32) -> 42.48 | H34: =MIN(H9:H32) -> 15.93 | I34: =MIN(I9:I32) -> 6.33 | ... Q34: =MIN(Q9:Q32) -> 12.95
A35: Max | B35: =MAX(B9:B32) -> 13.6 | C35: =MAX(C9:C32) -> 25.24 | D35: =MAX(D9:D32) -> 24.67 | E35: =MAX(E9:E32) -> 31.97 | F35: =MAX(F9:F32) -> 0 | G35: =MAX(G9:G32) -> 194.55 | H35: =MAX(H9:H32) -> 104.41 | I35: =MAX(I9:I32) -> 9.71 | ... Q35: =MAX(Q9:Q32) -> 12.98
A36: Avg | B36: =AVERAGE(B9:B32) -> 7.713913 | C36: =AVERAGE(C9:C32) -> 22.517826 | D36: =AVERAGE(D9:D32) -> 19.13913 | E36: =AVERAGE(E9:E32) -> 14.993478 | F36: 0 | G36: =AVERAGE(G9:G32) -> 76.648696 | H36: =AVERAGE(H9:H32) -> 32.520435 | I36: =AVERAGE(I9:I32) -> 8.246087 | J36: =AVERAGE(J9:J32) -> 0.47 | K36: =AVERAGE(K9:K32) -> 203.74391 | L36: =AVERAGE(L9:L32) -> 22.326957 | M36: =AVERAGE(M9:M32) -> 41.115652 | N36: =AVERAGE(N9:N32) -> 97.908696 | ... Q36: =AVERAGE(Q9:Q32) -> 12.965
A37: Stdev | B37: =STDEV(B9:B32) -> 3.9065187 | C37: =STDEV(C9:C32) -> 1.4955995 | D37: =STDEV(D9:D32) -> 3.4517122 | E37: =STDEV(E9:E32) -> 9.2438508 | F37: =STDEV(F9:F32) -> #DIV/0! | G37: =STDEV(G9:G32) -> 37.969921 | H37: =STDEV(H9:H32) -> 23.50678 | I37: =STDEV(I9:I32) -> 0.99670247 | ... Q37: =STDEV(Q9:Q32) -> 0.01
A38: Num | B38: =COUNT(B9:B32)+1 -> 24 | C38: =COUNT(C9:C32)+1 -> 24 | D38: =COUNT(D9:D32)+1 -> 24 | E38: =COUNT(E9:E32)+1 -> 24 | F38: =COUNT(F9:F32) -> 0 | G38: =COUNT(G9:G32)+1 -> 24 | H38: =COUNT(H9:H32)+1 -> 24 | I38: =COUNT(I9:I32)+1 -> 24 | J38: =COUNT(J9:J32)+1 -> 24 | K38: =COUNT(K9:K32)+1 -> 24 | L38: =COUNT(L9:L32)+1 -> 24 | M38: =COUNT(M9:M32)+1 -> 24 | N38: =COUNT(N9:N32)+1 -> 24 | ... P38: =COUNT(P9:P32)+1 -> 24 | Q38: =COUNT(Q9:Q32)+12 -> 24
A39: DCR | B39: =IF(B38>=22,">90%",IF(B38<=22,"<90%")) -> >90% | C39: =IF(C38>=22,">90%",IF(C38<=22,"<90%")) -> >90% | D39: =IF(D38>=22,">90%",IF(D38<=22,"<90%")) -> >90% | E39: =IF(E38>=22,">90%",IF(E38<=22,"<90%")) -> >90% | F39: =IF(F38>=22,">90%",IF(F38<=22,"<90%")) -> <90% | G39: =IF(G38>=22,">90%",IF(G38<=22,"<90%")) -> >90% | H39: =IF(H38>=22,">90%",IF(H38<=22,"<90%")) -> >90% | I39: =IF(I38>=22,">90%",IF(I38<=22,"<90%")) -> >90% | ... Q39: =IF(Q38>=22,">90%",IF(Q38<=22,"<90%")) -> >90%
A40: Status | B40: =IF(B38>=22,"OK",IF(B38<=22,"LESS")) -> OK | C40: =IF(C38>=22,"OK",IF(C38<=22,"LESS")) -> OK | D40: =IF(D38>=22,"OK",IF(D38<=22,"LESS")) -> OK | E40: =IF(E38>=22,"OK",IF(E38<=22,"LESS")) -> OK | F40: =IF(F38>=22,"OK",IF(F38<=22,"LESS")) -> LESS | G40: =IF(G38>=22,"OK",IF(G38<=22,"LESS")) -> OK | H40: =IF(H38>=22,"OK",IF(H38<=22,"LESS")) -> OK | I40: =IF(I38>=22,"OK",IF(I38<=22,"LESS")) -> OK | ... Q40: =IF(Q38>=22,"OK",IF(Q38<=22,"LESS")) -> OK
A43: Done by | B43: AKASH
A45: Comment

Sheet 15
A1: Station: | B1: IGKV ,RAIPUR
A2: Date: | B2: =$A$9 -> 15/02/2025 01:00 | D2: Power Off | G2: Pw.Off | L2: Link Fail | N2: Link F | P2: Maintenance | R2: Maint.
A3: Report Type: | B3: Mean | D3: Calibration | G3: Calib. | L3: Data Fail | N3: Data F | P3: Invalid | R3: Invalid
A4: Time Base: | B4: 01 Hour | D4: Zero Referrence | G4: Z.Ref | L4: Warm Up | N4: Wm. Up
A7: Date & Time | B7: NO | C7: NO2 | D7: NOX | E7: SO2 | F7: O3 | G7: PM 10 | H7: PM 2.5 | I7: BENZ | J7: WS | K7: WD | L7: TEMP | M7: HUM | N7: SR | O7: RG | P7: CO | Q7: NH3
B8: ug/m3 | C8: ug/m3 | D8: ppb | E8: ug/m3 | F8: ug/m3 | G8: ug/m3 | H8: ug/m3 | I8: ug/m3 | J8: m/sec | K8: deg | L8: degreC | M8: % | N8: w/m2 | O8: mm | P8: mg/m3 | Q8: ug/m3
A9: 15/02/2025 01:00 | B9: 12.81 | C9: 24.65 | D9: 24.5 | E9: 9.89 | F9: 8.38 | G9: 67.05 | H9: 19.98 | I9: 9.98 | J9: 0.25 | K9: 173.01 | L9: 18.15 | M9: 62.32 | N9: 1.2 | O9: 0 | P9: 0.67 | Q9: -52.32
A10: 15/02/2025 02:00 | B10: 14.4 | C10: 25.03 | D10: 25.96 | E10: 9.83 | F10: 7.26 | G10: 93.41 | H10: 19.98 | I10: 10.13 | J10: 0.26 | K10: 211.8 | L10: 16.48 | M10: 64.82 | N10: 1.5 | O10: 0 | P10: 0.68 | Q10: -52.37
A11: 15/02/2025 03:00 | B11: 14.39 | C11: 24.75 | D11: 25.82 | E11: 10.25 | F11: 8.39 | G11: 93.41 | H11: 19.78 | I11: 10.21 | J11: 0.2 | K11: 186.64 | L11: 16.23 | M11: 67.44 | N11: 1 | O11: 0 | P11: 0.69 | Q11: -52.38
A12: 15/02/2025 04:00 | B12: 14.06 | C12: 23.98 | D12: 25.15 | E12: 10.41 | F12: 7.69 | G12: 57.02 | H12: 18.16 | I12: 10.34 | J12: 0.27 | K12: 208.65 | L12: 15.87 | M12: 73.01 | N12: 1.4 | O12: 0 | P12: 0.69 | Q12: -51.73
A13: 15/02/2025 05:00 | B13: 16.48 | C13: 23.81 | D13: 26.94 | E13: 10.5 | F13: 4.22 | G13: 69.63 | H13: 10.64 | I13: 10.65 | J13: 0.23 | K13: 203.26 | L13: 16.68 | M13: 70.88 | N13: 1.5 | O13: 0 | P13: 0.66 | Q13: -51.31
A14: 15/02/2025 06:00 | B14: 18.09 | C14: 23.38 | D14: 27.94 | E14: 10.49 | F14: 4.53 | G14: 69.63 | H14: 22.67 | I14: 11.02 | J14: 0.22 | K14: 198.51 | L14: 15.81 | M14: 72.52 | N14: 1.4 | O14: 0 | P14: 0.68 | Q14: -51.28
A15: 15/02/2025 07:00 | B15: 21.81 | C15: 23.77 | D15: 31.27 | E15: 11.03 | F15: 6.44 | G15: 78.01 | H15: 23.82 | I15: 11.53 | J15: 0.28 | K15: 182.75 | L15: 15.3 | M15: 71.22 | N15: 9.2 | O15: 0 | P15: 0.73 | Q15: -51.27
A16: 15/02/2025 08:00 | B16: 25.7 | C16: 24.46 | D16: 34.74 | E16: 11.27 | F16: 11.78 | G16: 100.14 | H16: 34.05 | I16: 12.57 | J16: 0.73 | K16: 167.18 | L16: 18.32 | M16: 71.54 | N16: 33.5 | O16: 0 | P16: 0.76 | Q16: -51.26
A17: 15/02/2025 09:00 | B17: 25.92 | C17: 24.97 | D17: 35 | E17: 11.43 | F17: 20.34 | G17: 100.14 | H17: 34.05 | I17: 13.32 | J17: 0.55 | K17: 149.43 | L17: 22.69 | M17: 47.09 | N17: 243.5 | O17: 0 | P17: 0.82 | Q17: -51.21
A18: 15/02/2025 10:00 | B18: 22.5 | C18: 25.62 | D18: 32.62 | E18: 12.49 | F18: 29.97 | G18: 93.59 | H18: 33.4 | I18: 13.35 | J18: 0.45 | K18: 90.62 | L18: 26.39 | M18: 32.28 | N18: 293.3 | O18: 0 | P18: 0.85 | Q18: -51.94
A19: 15/02/2025 11:00 | B19: 18.57 | C19: 26.71 | D19: 29.77 | E19: 13.57 | F19: 42.62 | G19: 107.96 | H19: 39.94 | I19: 13.29 | J19: 0.81 | K19: 82.46 | L19: 28.76 | M19: 26.29 | N19: 349.9 | O19: 0 | P19: 0.86 | Q19: -52.06
A20: 15/02/2025 12:00 | B20: 14.21 | C20: 27.67 | D20: 26.83 | E20: 13.26 | F20: 48.98 | G20: 107.96 | H20: 45.41 | I20: 13.09 | J20: 0.98 | K20: 66.69 | L20: 30.38 | M20: 19.96 | N20: 358.7 | O20: 0 | P20: 0.81 | Q20: -52.06
... A32: 15/02/2025 24:00 | B32: 9.7 | C32: 22.72 | D32: 20.92 | E32: 9.35 | F32: 12.03 | G32: 59.77 | H32: 22.53 | I32: 9.48 | J32: 0.28 | K32: 177.07 | L32: 19.42 | M32: 61.04 | N32: 1 | O32: 0 | P32: 0.79 | Q32: -51.48
A34: Min | B34: =MIN(B9:B32) -> 4.67 | C34: =MIN(C9:C32) -> 21.08 | D34: =MIN(D9:D32) -> 17.36 | E34: =MIN(E9:E32) -> 9.18 | F34: =MIN(F9:F32) -> 4.22 | G34: =MIN(G9:G32) -> 41.62 | H34: =MIN(H9:H32) -> 10.64 | I34: =MIN(I9:I32) -> 7.32 | ... Q34: =MIN(Q9:Q32) -> -52.46
A35: Max | B35: =MAX(B9:B32) -> 25.92 | C35: =MAX(C9:C32) -> 27.69 | D35: =MAX(D9:D32) -> 35 | E35: =MAX(E9:E32) -> 16.29 | F35: =MAX(F9:F32) -> 48.98 | G35: =MAX(G9:G32) -> 169.61 | H35: =MAX(H9:H32) -> 45.41 | I35: =MAX(I9:I32) -> 13.35 | ... Q35: =MAX(Q9:Q32) -> -51.14
A36: Avg | B36: =AVERAGE(B9:B32) -> 12.585417 | C36: =AVERAGE(C9:C32) -> 24.399583 | D36: =AVERAGE(D9:D32) -> 24.051667 | E36: =AVERAGE(E9:E32) -> 11.495417 | F36: =AVERAGE(F9:F32) -> 22.67875 | G36: =AVERAGE(G9:G32) -> 83.85 | H36: =AVERAGE(H9:H32) -> 33.068333 | I36: =AVERAGE(I9:I32) -> 10.465833 | ... Q36: =AVERAGE(Q9:Q32) -> -51.72625
A37: Stdev | B37: =STDEV(B9:B32) -> 6.736475 | C37: =STDEV(C9:C32) -> 1.71879 | D37: =STDEV(D9:D32) -> 5.6549637 | E37: =STDEV(E9:E32) -> 2.0266635 | F37: =STDEV(F9:F32) -> 13.978629 | G37: =STDEV(G9:G32) -> 32.129759 | H37: =STDEV(H9:H32) -> 10.873532 | I37: =STDEV(I9:I32) -> 1.8352204 | ... Q37: =STDEV(Q9:Q32) -> 0.50557597
A38: Num | B38: =COUNT(B9:B32) -> 24 | C38: =COUNT(C9:C32) -> 24 | D38: =COUNT(D9:D32) -> 24 | E38: =COUNT(E9:E32) -> 24 | F38: =COUNT(F9:F32) -> 24 | G38: =COUNT(G9:G32) -> 24 | H38: =COUNT(H9:H32) -> 24 | I38: =COUNT(I9:I32) -> 24 | ... Q38: =COUNT(Q9:Q32) -> 24
A39: DCR | B39: =IF(B38>=22,">90%",IF(B38<=22,"<90%")) -> >90% | C39: =IF(C38>=22,">90%",IF(C38<=22,"<90%")) -> >90% | D39: =IF(D38>=22,">90%",IF(D38<=22,"<90%")) -> >90% | E39: =IF(E38>=22,">90%",IF(E38<=22,"<90%")) -> >90% | F39: =IF(F38>=22,">90%",IF(F38<=22,"<90%")) -> >90% | G39: =IF(G38>=22,">90%",IF(G38<=22,"<90%")) -> >90% | H39: =IF(H38>=22,">90%",IF(H38<=22,"<90%")) -> >90% | I39: =IF(I38>=22,">90%",IF(I38<=22,"<90%")) -> >90% | ... Q39: =IF(Q38>=22,">90%",IF(Q38<=22,"<90%")) -> >90%
A40: Status | B40: =IF(B38>=22,"OK",IF(B38<=22,"LESS")) -> OK | C40: =IF(C38>=22,"OK",IF(C38<=22,"LESS")) -> OK | D40: =IF(D38>=22,"OK",IF(D38<=22,"LESS")) -> OK | E40: =IF(E38>=22,"OK",IF(E38<=22,"LESS")) -> OK | F40: =IF(F38>=22,"OK",IF(F38<=22,"LESS")) -> OK | G40: =IF(G38>=22,"OK",IF(G38<=22,"LESS")) -> OK | H40: =IF(H38>=22,"OK",IF(H38<=22,"LESS")) -> OK | I40: =IF(I38>=22,"OK",IF(I38<=22,"LESS")) -> OK | ... Q40: =IF(Q38>=22,"OK",IF(Q38<=22,"LESS")) -> OK
A43: Done by | B43: AKASH
A45: Comment

Sheet 16
A1: Station: | B1: IGKV ,RAIPUR
A2: Date: | B2: =$A$9 -> 16/02/2025 01:00 | D2: Power Off | G2: Pw.Off | L2: Link Fail | N2: Link F | P2: Maintenance | R2: Maint.
A3: Report Type: | B3: Mean | D3: Calibration | G3: Calib. | L3: Data Fail | N3: Data F | P3: Invalid | R3: Invalid
A4: Time Base: | B4: 01 Hour | D4: Zero Referrence | G4: Z.Ref | L4: Warm Up | N4: Wm. Up
A7: Date & Time | B7: NO | C7: NO2 | D7: NOX | E7: SO2 | F7: O3 | G7: PM 10 | H7: PM 2.5 | I7: BENZ | J7: WS | K7: WD | L7: TEMP | M7: HUM | N7: SR | O7: RG | P7: CO | Q7: NH3
B8: ug/m3 | C8: ug/m3 | D8: ppb | E8: ug/m3 | F8: ug/m3 | G8: ug/m3 | H8: ug/m3 | I8: ug/m3 | J8: m/sec | K8: deg | L8: degreC | M8: % | N8: w/m2 | O8: mm | P8: mg/m3 | Q8: ug/m3
A9: 16/02/2025 01:00 | B9: 9.92 | C9: 22.6 | D9: 19.87 | E9: 10.12 | F9: 4.37 | G9: 59.77 | H9: 19.45 | I9: 9.26 | J9: 0.26 | K9: 186.1 | L9: 18.42 | M9: 63.41 | N9: 1.3 | O9: 0 | P9: 0.68 | Q9: -51.33
A10: 16/02/2025 02:00 | B10: 9.28 | C10: 20.23 | D10: 19.17 | E10: 9.68 | F10: 4.92 | G10: 49.6 | H10: 19.45 | I10: 8.89 | J10: 0.27 | K10: 168.31 | L10: 17.76 | M10: 64.65 | N10: 1 | O10: 0 | P10: 0.66 | Q10: -51.35
A11: 16/02/2025 03:00 | B11: 9.35 | C11: 22.06 | D11: 20.24 | E11: 10.59 | F11: 3.97 | G11: 50.92 | H11: 16.73 | I11: 9.09 | J11: 0.26 | K11: 148.68 | L11: 18.05 | M11: 65.23 | N11: 1 | O11: 0 | P11: 0.67 | Q11: -51.36
A12: 16/02/2025 04:00 | B12: 14.16 | C12: 25.08 | D12: 25.81 | E12: 10.94 | F12: 3.69 | G12: 67.52 | H12: 19.57 | I12: 9.44 | J12: 0.23 | K12: 189.97 | L12: 17.53 | M12: 70.28 | N12: 1.3 | O12: 0 | P12: 0.69 | Q12: -51.34
A13: 16/02/2025 05:00 | B13: 15.99 | C13: 24.8 | D13: 27.13 | E13: 10.7 | F13: 3.63 | G13: 71 | H13: 19.57 | I13: 9.55 | J13: 0.24 | K13: 194.36 | L13: 16.33 | M13: 75.94 | N13: 1.3 | O13: 0 | P13: 0.75 | Q13: -51.32
A14: 16/02/2025 06:00 | B14: 15.01 | C14: 25.17 | D14: 26.43 | E14: 9.95 | F14: 3.67 | G14: 71 | H14: 18.79 | I14: 9.58 | J14: 0.2 | K14: 189.05 | L14: 15.3 | M14: 77.81 | N14: 1.1 | O14: 0 | P14: 0.76 | Q14: -52.25
A15: 16/02/2025 07:00 | B15: 13.1 | C15: 24.63 | D15: 24.72 | E15: 9.82 | F15: 3.73 | G15: 66.17 | H15: 16.15 | I15: 9.47 | J15: 0.2 | K15: 217.26 | L15: 14.97 | M15: 79.51 | N15: 10.3 | O15: 0 | P15: 0.77 | Q15: -52.36
A16: 16/02/2025 08:00 | B16: 12.06 | C16: 23.5 | D16: 23.27 | E16: 9.61 | F16: 8.22 | G16: 66.17 | H16: 17.71 | I16: 9.49 | J16: 0.48 | K16: 173.39 | L16: 18.53 | M16: 77.84 | N16: 36.6 | O16: 0 | P16: 0.79 | Q16: -52.37
A17: 16/02/2025 09:00 | B17: 10.95 | C17: 25.71 | D17: 22.67 | E17: 10.3 | F17: 17.33 | G17: 74.18 | H17: 20.32 | I17: 10.06 | J17: 0.33 | K17: 269.1 | L17: 24.39 | M17: 56.61 | N17: 242.7 | O17: 0 | P17: 0.83 | Q17: -52.35
A18: 16/02/2025 10:00 | B18: 8.4 | C18: 25.79 | D18: 21.52 | E18: 10.64 | F18: 36.35 | G18: 74.18 | H18: 27.87 | I18: 10.48 | J18: 0.55 | K18: 287.46 | L18: 27.94 | M18: 37.65 | N18: 316.4 | O18: 0 | P18: 0.82 | Q18: -51.3
A19: 16/02/2025 11:00 | B19: 5.09 | C19: 25.68 | D19: 18.85 | E19: 12.67 | F19: 42.51 | G19: 72.84 | H19: 29.92 | I19: 10.92 | J19: 0.66 | K19: 287.43 | L19: 30.66 | M19: 26.7 | N19: 363.7 | O19: 0 | P19: 0.79 | Q19: -51.13
A20: 16/02/2025 12:00 | B20: 6.63 | C20: 24.47 | D20: 18.13 | E20: 22.11 | F20: 56.17 | G20: 69.91 | H20: 29.92 | I20: 11.03 | J20: 0.7 | K20: 288.02 | L20: 32.93 | M20: 21.29 | N20: 374.8 | O20: 0 | P20: 0.87 | Q20: -51.01
... A32: 16/02/2025 24:00 | B32: 7.41 | C32: 20.91 | D32: 18.18 | E32: 11.23 | F32: 11.84 | G32: 62.84 | H32: 20.95 | I32: 10.35 | J32: 0.34 | K32: 190.53 | L32: 20.61 | M32: 60.57 | N32: 1.2 | O32: 0 | P32: 0.84 | Q32: -51.3
A34: Min | B34: =MIN(B9:B32) -> 3.91 | C34: =MIN(C9:C32) -> 15.9 | D34: =MIN(D9:D32) -> 13.12 | E34: =MIN(E9:E32) -> 9.61 | F34: =MIN(F9:F32) -> 3.63 | G34: =MIN(G9:G32) -> 30.62 | H34: =MIN(H9:H32) -> 16.15 | I34: =MIN(I9:I32) -> 7.34 | ... Q34: =MIN(Q9:Q32) -> -52.37
A35: Max | B35: =MAX(B9:B32) -> 15.99 | C35: =MAX(C9:C32) -> 25.79 | D35: =MAX(D9:D32) -> 27.13 | E35: =MAX(E9:E32) -> 22.11 | F35: =MAX(F9:F32) -> 79.87 | G35: =MAX(G9:G32) -> 74.18 | H35: =MAX(H9:H32) -> 34.08 | I35: =MAX(I9:I32) -> 11.76 | ... Q35: =MAX(Q9:Q32) -> -50.92
A36: Avg | B36: =AVERAGE(B9:B32) -> 8.2204167 | C36: =AVERAGE(C9:C32) -> 21.95875 | D36: =AVERAGE(D9:D32) -> 19.135833 | E36: =AVERAGE(E9:E32) -> 12.770833 | F36: =AVERAGE(F9:F32) -> 31.611667 | G36: =AVERAGE(G9:G32) -> 59.557917 | H36: =AVERAGE(H9:H32) -> 25.032917 | I36: =AVERAGE(I9:I32) -> 9.6179167 | ... Q36: =AVERAGE(Q9:Q32) -> -51.580833
A37: Stdev | B37: =STDEV(B9:B32) -> 3.7316199 | C37: =STDEV(C9:C32) -> 3.0101456 | D37: =STDEV(D9:D32) -> 4.1702173 | E37: =STDEV(E9:E32) -> 3.577101 | F37: =STDEV(F9:F32) -> 26.941382 | G37: =STDEV(G9:G32) -> 12.816297 | H37: =STDEV(H9:H32) -> 6.0354716 | I37: =STDEV(I9:I32) -> 1.235289 | ... Q37: =STDEV(Q9:Q32) -> 0.53835431
A38: Num | B38: =COUNT(B9:B32) -> 24 | C38: =COUNT(C9:C32) -> 24 | D38: =COUNT(D9:D32) -> 24 | E38: =COUNT(E9:E32) -> 24 | F38: =COUNT(F9:F32) -> 24 | G38: =COUNT(G9:G32) -> 24 | H38: =COUNT(H9:H32) -> 24 | I38: =COUNT(I9:I32) -> 24 | ... Q38: =COUNT(Q9:Q32) -> 24
A39: DCR | B39: =IF(B38>=22,">90%",IF(B38<=22,"<90%")) -> >90% | C39: =IF(C38>=22,">90%",IF(C38<=22,"<90%")) -> >90% | D39: =IF(D38>=22,">90%",IF(D38<=22,"<90%")) -> >90% | E39: =IF(E38>=22,">90%",IF(E38<=22,"<90%")) -> >90% | F39: =IF(F38>=22,">90%",IF(F38<=22,"<90%")) -> >90% | G39: =IF(G38>=22,">90%",IF(G38<=22,"<90%")) -> >90% | H39: =IF(H38>=22,">90%",IF(H38<=22,"<90%")) -> >90% | I39: =IF(I38>=22,">90%",IF(I38<=22,"<90%")) -> >90% | ... Q39: =IF(Q38>=22,">90%",IF(Q38<=22,"<90%")) -> >90%
A40: Status | B40: =IF(B38>=22,"OK",IF(B38<=22,"LESS")) -> OK | C40: =IF(C38>=22,"OK",IF(C38<=22,"LESS")) -> OK | D40: =IF(D38>=22,"OK",IF(D38<=22,"LESS")) -> OK | E40: =IF(E38>=22,"OK",IF(E38<=22,"LESS")) -> OK | F40: =IF(F38>=22,"OK",IF(F38<=22,"LESS")) -> OK | G40: =IF(G38>=22,"OK",IF(G38<=22,"LESS")) -> OK | H40: =IF(H38>=22,"OK",IF(H38<=22,"LESS")) -> OK | I40: =IF(I38>=22,"OK",IF(I38<=22,"LESS")) -> OK | ... Q40: =IF(Q38>=22,"OK",IF(Q38<=22,"LESS")) -> OK
A43: Done by | B43: AKASH
A45: Comment

Sheet 17
A1: Station: | B1: IGKV ,RAIPUR
A2: Date: | B2: =$A$9 -> 17/02/2025 01:00 | D2: Power Off | G2: Pw.Off | L2: Link Fail | N2: Link F | P2: Maintenance | R2: Maint.
A3: Report Type: | B3: Mean | D3: Calibration | G3: Calib. | L3: Data Fail | N3: Data F | P3: Invalid | R3: Invalid
A4: Time Base: | B4: 01 Hour | D4: Zero Referrence | G4: Z.Ref | L4: Warm Up | N4: Wm. Up
A7: Date & Time | B7: NO | C7: NO2 | D7: NOX | E7: SO2 | F7: O3 | G7: PM 10 | H7: PM 2.5 | I7: BENZ | J7: WS | K7: WD | L7: TEMP | M7: HUM | N7: SR | O7: RG | P7: CO | Q7: NH3
B8: ug/m3 | C8: ug/m3 | D8: ppb | E8: ug/m3 | F8: ug/m3 | G8: ug/m3 | H8: ug/m3 | I8: ug/m3 | J8: m/sec | K8: deg | L8: degreC | M8: % | N8: w/m2 | O8: mm | P8: mg/m3 | Q8: ug/m3
A9: 17/02/2025 01:00 | B9: 8.08 | C9: 21.49 | D9: 18.98 | E9: 10.69 | F9: 5.33 | G9: 65.23 | H9: 22.24 | I9: 10.84 | J9: 0.18 | K9: 203.27 | L9: 19.92 | M9: 64.96 | N9: 1.2 | O9: 0 | P9: 0.95 | Q9: -51.38
A10: 17/02/2025 02:00 | B10: 8.84 | C10: 21.23 | D10: 19.24 | E10: 10.8 | F10: 4.36 | G10: 65.23 | H10: 22.24 | I10: 11.12 | J10: 0.22 | K10: 183.14 | L10: 19.09 | M10: 65.99 | N10: 1 | O10: 0 | P10: 0.95 | Q10: -52.37
A11: 17/02/2025 03:00 | B11: 10.14 | C11: 20.58 | D11: 19.86 | E11: 10.21 | F11: 3.81 | G11: 63.7 | H11: 22.46 | I11: 11.12 | J11: 0.2 | K11: 205.19 | L11: 18.63 | M11: 65.71 | N11: 1.3 | O11: 0 | P11: 0.95 | Q11: -52.4
A12: 17/02/2025 04:00 | B12: 10.32 | C12: 19.72 | D12: 19.82 | E12: 9.54 | F12: 3.71 | G12: 58.48 | H12: 22.46 | I12: 11.07 | J12: 0.25 | K12: 224.3 | L12: 18.31 | M12: 68.01 | N12: 1.4 | O12: 0 | P12: 0.96 | Q12: -52.43
A13: 17/02/2025 05:00 | B13: 11.93 | C13: 19.92 | D13: 21.32 | E13: 9.88 | F13: 3.75 | G13: 51.14 | H13: 17.87 | I13: 11.16 | J13: 0.21 | K13: 188.27 | L13: 18.01 | M13: 71.36 | N13: 1.3 | O13: 0 | P13: 0.97 | Q13: -52.37
A14: 17/02/2025 06:00 | B14: 12.06 | C14: 20.71 | D14: 21.84 | E14: 10 | F14: 3.73 | G14: 47.96 | H14: 16.49 | I14: 11.24 | J14: 0.24 | K14: 200.84 | L14: 17.44 | M14: 74.43 | N14: 1.4 | O14: 0 | P14: 0.9 | Q14: -51.36
A15: 17/02/2025 07:00 | B15: 14.13 | C15: 20.95 | D15: 23.63 | E15: 10.31 | F15: 4.03 | G15: 47.96 | H15: 16.49 | I15: 11.23 | J15: 0.17 | K15: 181.21 | L15: 17 | M15: 76.1 | N15: 10.4 | O15: 0 | P15: 0.86 | Q15: -51.32
A16: 17/02/2025 08:00 | B16: 15.72 | C16: 21.51 | D16: 25.16 | E16: 10.4 | F16: 6.65 | G16: 49.93 | H16: 16.32 | I16: 11.03 | J16: 0.39 | K16: 171.36 | L16: 19.94 | M16: 71.64 | N16: 38 | O16: 0 | P16: 0.86 | Q16: -51.24
A17: 17/02/2025 09:00 | B17: 14.76 | C17: 21.67 | D17: 24.43 | E17: 9.93 | F17: 11.23 | G17: 63.83 | H17: 18.95 | I17: 10.97 | J17: 0.43 | K17: 269.73 | L17: 24.65 | M17: 54.07 | N17: 233.2 | O17: 0 | P17: 0.87 | Q17: -51.24
A18: 17/02/2025 10:00 | B18: 11.12 | C18: 22.77 | D18: 21.57 | E18: 10.93 | F18: 10.53 | G18: 70.13 | H18: 23.66 | I18: 11.33 | J18: 0.44 | K18: 312.55 | L18: 29.06 | M18: 39.47 | N18: 308.9 | O18: 0 | P18: 0.88 | Q18: -51.15
A19: 17/02/2025 11:00 | B19: 10.33 | C19: 22.4 | D19: 19.97 | E19: 13.32 | F19: 16.7 | G19: 70.13 | H19: 26.31 | I19: 11.36 | J19: 1.02 | K19: 57.72 | L19: 30.95 | M19: 26.28 | N19: 340.1 | O19: 0 | P19: 0.91 | Q19: -51.43
A20: 17/02/2025 12:00 | B20: 10.41 | C20: 21.44 | D20: 19.78 | E20: 13.92 | F20: 14.08 | G20: 70.55 | H20: 30.37 | I20: 10.87 | J20: 1.03 | K20: 46.39 | L20: 32.56 | M20: 23.42 | N20: 349.4 | O20: 0 | P20: 0.89 | Q20: -52.12
... A32: 17/02/2025 24:00 | B32: 11.55 | C32: 21.27 | D32: 21.65 | E32: 9.83 | F32: 4.37 | G32: 70.78 | H32: 19.91 | I32: 8.74 | J32: 0.21 | K32: 198.44 | L32: 21.41 | M32: 61.83 | N32: 1.4 | O32: 0 | P32: 0.74 | Q32: -52.38
A34: Min | B34: =MIN(B9:B32) -> 4.05 | C34: =MIN(C9:C32) -> 19.72 | D34: =MIN(D9:D32) -> 15.46 | E34: =MIN(E9:E32) -> 9.1 | F34: =MIN(F9:F32) -> 3.71 | G34: =MIN(G9:G32) -> 46.97 | H34: =MIN(H9:H32) -> 16.32 | I34: =MIN(I9:I32) -> 6.35 | ... Q34: =MIN(Q9:Q32) -> -52.43
A35: Max | B35: =MAX(B9:B32) -> 15.72 | C35: =MAX(C9:C32) -> 26.54 | D35: =MAX(D9:D32) -> 25.16 | E35: =MAX(E9:E32) -> 19.14 | F35: =MAX(F9:F32) -> 29.81 | G35: =MAX(G9:G32) -> 70.78 | H35: =MAX(H9:H32) -> 32.81 | I35: =MAX(I9:I32) -> 11.36 | ... Q35: =MAX(Q9:Q32) -> -51.15
A36: Avg | B36: =AVERAGE(B9:B32) -> 9.3041667 | C36: =AVERAGE(C9:C32) -> 22.116667 | D36: =AVERAGE(D9:D32) -> 20.10125 | E36: =AVERAGE(E9:E32) -> 11.484583 | F36: =AVERAGE(F9:F32) -> 11.72 | G36: =AVERAGE(G9:G32) -> 61.447083 | H36: =AVERAGE(H9:H32) -> 24.38125 | I36: =AVERAGE(I9:I32) -> 9.6329167 | ... Q36: =AVERAGE(Q9:Q32) -> -51.760833
A37: Stdev | B37: =STDEV(B9:B32) -> 3.4074291 | C37: =STDEV(C9:C32) -> 1.8777175 | D37: =STDEV(D9:D32) -> 2.6972503 | E37: =STDEV(E9:E32) -> 2.6841953 | F37: =STDEV(F9:F32) -> 7.8954968 | G37: =STDEV(G9:G32) -> 9.0413574 | H37: =STDEV(H9:H32) -> 5.2989222 | I37: =STDEV(I9:I32) -> 1.735435 | ... Q37: =STDEV(Q9:Q32) -> 0.53093778
A38: Num | B38: =COUNT(B9:B32) -> 24 | C38: =COUNT(C9:C32) -> 24 | D38: =COUNT(D9:D32) -> 24 | E38: =COUNT(E9:E32) -> 24 | F38: =COUNT(F9:F32) -> 24 | G38: =COUNT(G9:G32) -> 24 | H38: =COUNT(H9:H32) -> 24 | I38: =COUNT(I9:I32) -> 24 | ... Q38: =COUNT(Q9:Q32) -> 24
A39: DCR | B39: =IF(B38>=22,">90%",IF(B38<=22,"<90%")) -> >90% | C39: =IF(C38>=22,">90%",IF(C38<=22,"<90%")) -> >90% | D39: =IF(D38>=22,">90%",IF(D38<=22,"<90%")) -> >90% | E39: =IF(E38>=22,">90%",IF(E38<=22,"<90%")) -> >90% | F39: =IF(F38>=22,">90%",IF(F38<=22,"<90%")) -> >90% | G39: =IF(G38>=22,">90%",IF(G38<=22,"<90%")) -> >90% | H39: =IF(H38>=22,">90%",IF(H38<=22,"<90%")) -> >90% | I39: =IF(I38>=22,">90%",IF(I38<=22,"<90%")) -> >90% | ... Q39: =IF(Q38>=22,">90%",IF(Q38<=22,"<90%")) -> >90%
A40: Status | B40: =IF(B38>=22,"OK",IF(B38<=22,"LESS")) -> OK | C40: =IF(C38>=22,"OK",IF(C38<=22,"LESS")) -> OK | D40: =IF(D38>=22,"OK",IF(D38<=22,"LESS")) -> OK | E40: =IF(E38>=22,"OK",IF(E38<=22,"LESS")) -> OK | F40: =IF(F38>=22,"OK",IF(F38<=22,"LESS")) -> OK | G40: =IF(G38>=22,"OK",IF(G38<=22,"LESS")) -> OK | H40: =IF(H38>=22,"OK",IF(H38<=22,"LESS")) -> OK | I40: =IF(I38>=22,"OK",IF(I38<=22,"LESS")) -> OK | ... Q40: =IF(Q38>=22,"OK",IF(Q38<=22,"LESS")) -> OK
A43: Done by | B43: AKASH
A45: Comment

Sheet 18
A1: Station: | B1: IGKV ,RAIPUR
A2: Date: | B2: =$A$9 -> 18/02/2025 01:00 | D2: Power Off | G2: Pw.Off | L2: Link Fail | N2: Link F | P2: Maintenance | R2: Maint.
A3: Report Type: | B3: Mean | D3: Calibration | G3: Calib. | L3: Data Fail | N3: Data F | P3: Invalid | R3: Invalid
A4: Time Base: | B4: 01 Hour | D4: Zero Referrence | G4: Z.Ref | L4: Warm Up | N4: Wm. Up
A7: Date & Time | B7: NO | C7: NO2 | D7: NOX | E7: SO2 | F7: O3 | G7: PM 10 | H7: PM 2.5 | I7: BENZ | J7: WS | K7: WD | L7: TEMP | M7: HUM | N7: SR | O7: RG | P7: CO | Q7: NH3
B8: ug/m3 | C8: ug/m3 | D8: ppb | E8: ug/m3 | F8: ug/m3 | G8: ug/m3 | H8: ug/m3 | I8: ug/m3 | J8: m/sec | K8: deg | L8: degreC | M8: % | N8: w/m2 | O8: mm | P8: mg/m3 | Q8: ug/m3
A9: 18/02/2025 01:00 | B9: 12.84 | C9: 21.69 | D9: 22.98 | E9: 9.64 | F9: 15.63 | G9: 73.37 | H9: 21.67 | I9: 9.5 | J9: 0.64 | K9: 205.45 | L9: 21.99 | M9: 65.19 | N9: 1.1 | O9: 0 | P9: 0.78 | Q9: -51.79
A10: 18/02/2025 02:00 | B10: 16.73 | C10: 23.87 | D10: 27.24 | E10: 10.2 | F10: 13.03 | G10: 79.38 | H10: 21.67 | I10: 10.91 | J10: 0.23 | K10: 194.6 | L10: 22.41 | M10: 64.44 | N10: 1.8 | O10: 0 | P10: 0.84 | Q10: -51.31
A11: 18/02/2025 03:00 | B11: 18.76 | C11: 24.05 | D11: 28.85 | E11: 10.16 | F11: 10.75 | G11: 102.4 | H11: 26.34 | I11: 13.29 | J11: 0.22 | K11: 195.08 | L11: 20.18 | M11: 69.19 | N11: 1.6 | O11: 0 | P11: 0.93 | Q11: -51.28
A12: 18/02/2025 04:00 | B12: 19.08 | C12: 23.81 | D12: 29.05 | E12: 10.15 | F12: 7.34 | G12: 110.33 | H12: 26.34 | I12: 14.09 | J12: 0.19 | K12: 196.44 | L12: 19.41 | M12: 71.23 | N12: 1.5 | O12: 0 | P12: 0.96 | Q12: -51.26
A13: 18/02/2025 05:00 | B13: 25.06 | C13: 24.36 | D13: 34.17 | E13: 10.17 | F13: 5.41 | G13: 110.33 | H13: 22.93 | I13: 14.1 | J13: 0.2 | K13: 171 | L13: 19.35 | M13: 68.91 | N13: 1.1 | O13: 0 | P13: 0.96 | Q13: -51.3
A14: 18/02/2025 06:00 | B14: 34.52 | C14: 25.18 | D14: 42.19 | E14: 10.1 | F14: 5 | G14: 123.55 | H14: 25.09 | I14: 14.59 | J14: 0.23 | K14: 194.07 | L14: 19.26 | M14: 73.85 | N14: 1.3 | O14: 0 | P14: 1.05 | Q14: -51.22
A15: 18/02/2025 07:00 | B15: 40.07 | C15: 25.81 | D15: 46.84 | E15: 10.27 | F15: 6.48 | G15: 124.97 | H15: 26.32 | I15: 15.63 | J15: 0.24 | K15: 201.97 | L15: 19.03 | M15: 79.5 | N15: 10.7 | O15: 0 | P15: 1.13 | Q15: -51.92
A16: 18/02/2025 08:00 | B16: 43.65 | C16: 26.61 | D16: 50.26 | E16: 10.45 | F16: 9.3 | G16: 124.97 | H16: 26.32 | I16: 16.22 | J16: 0.4 | K16: 320.41 | L16: 21.92 | M16: 74.72 | N16: 39.8 | O16: 0 | P16: 1.22 | Q16: -52.17
A17: 18/02/2025 09:00 | B17: 43.38 | C17: 28.02 | D17: 50.39 | E17: 11.08 | F17: 13.34 | G17: 137.72 | H17: 35.94 | I17: 17.16 | J17: 1.15 | K17: 52.6 | L17: 25.01 | M17: 51.16 | N17: 210.2 | O17: 0 | P17: 1.28 | Q17: -52.13
A18: 18/02/2025 10:00 | B18: 38.8 | C18: 27.98 | D18: 47.09 | E18: 11.35 | F18: 19.84 | G18: 137.72 | H18: 39.52 | I18: 17.09 | J18: 0.96 | K18: 81.02 | L18: 28.13 | M18: 37.77 | N18: 284.6 | O18: 0 | P18: 1.27 | Q18: -52.03
A19: 18/02/2025 11:00 | B19: 31.72 | C19: 29 | D19: 41.35 | E19: 11.8 | F19: 34.32 | G19: 125.92 | H19: 39.52 | I19: 16.45 | J19: 0.41 | K19: 267.02 | L19: 30.78 | M19: 33.54 | N19: 322.7 | O19: 0 | P19: 1.18 | Q19: -51.25
A20: 18/02/2025 12:00 | B20: 19.41 | C20: 32.41 | D20: 32.63 | E20: 18.4 | F20: 53.42 | G20: 118.05 | H20: 39.17 | I20: 15.55 | J20: 0.62 | K20: 309.94 | L20: 32.04 | M20: 28.4 | N20: 328.3 | O20: 0 | P20: 0.98 | Q20: 12.95
... A32: 18/02/2025 24:00 | B32: 7.22 | C32: 25.05 | D32: 20.15 | E32: 10.65 | F32: 17.48 | G32: 107.8 | H32: 31.99 | I32: 11.93 | J32: 0.25 | K32: 200.21 | L32: 22.05 | M32: 68.91 | N32: 1.2 | O32: 0 | P32: 0.86 | Q32: 12.93
A34: Min | B34: =MIN(B9:B32) -> 3.87 | C34: =MIN(C9:C32) -> 21.69 | D34: =MIN(D9:D32) -> 17.11 | E34: =MIN(E9:E32) -> 9.64 | F34: =MIN(F9:F32) -> 5 | G34: =MIN(G9:G32) -> 67.73 | H34: =MIN(H9:H32) -> 21.67 | I34: =MIN(I9:I32) -> 9.1 | ... Q34: =MIN(Q9:Q32) -> -52.17
A35: Max | B35: =MAX(B9:B32) -> 43.65 | C35: =MAX(C9:C32) -> 32.41 | D35: =MAX(D9:D32) -> 50.39 | E35: =MAX(E9:E32) -> 44.16 | F35: =MAX(F9:F32) -> 59.92 | G35: =MAX(G9:G32) -> 137.72 | H35: =MAX(H9:H32) -> 40.85 | I35: =MAX(I9:I32) -> 17.16 | ... Q35: =MAX(Q9:Q32) -> 12.96
A36: Avg | B36: =AVERAGE(B9:B32) -> 17.220417 | C36: =AVERAGE(C9:C32) -> 26.307083 | D36: =AVERAGE(D9:D32) -> 28.775417 | E36: =AVERAGE(E9:E32) -> 15.496667 | F36: =AVERAGE(F9:F32) -> 24.278333 | G36: =AVERAGE(G9:G32) -> 103.32125 | H36: =AVERAGE(H9:H32) -> 33.257917 | I36: =AVERAGE(I9:I32) -> 12.8975 | ... Q36: =AVERAGE(Q9:Q32) -> -16.648333
A37: Stdev | B37: =STDEV(B9:B32) -> 14.101621 | C37: =STDEV(C9:C32) -> 2.4169411 | D37: =STDEV(D9:D32) -> 11.423062 | E37: =STDEV(E9:E32) -> 9.8166286 | F37: =STDEV(F9:F32) -> 16.839529 | G37: =STDEV(G9:G32) -> 20.587913 | H37: =STDEV(H9:H32) -> 6.7181791 | I37: =STDEV(I9:I32) -> 2.5004421 | ... Q37: =STDEV(Q9:Q32) -> 32.848531
A38: Num | B38: =COUNT(B9:B32) -> 24 | C38: =COUNT(C9:C32) -> 24 | D38: =COUNT(D9:D32) -> 24 | E38: =COUNT(E9:E32) -> 24 | F38: =COUNT(F9:F32) -> 24 | G38: =COUNT(G9:G32) -> 24 | H38: =COUNT(H9:H32) -> 24 | I38: =COUNT(I9:I32) -> 24 | ... Q38: =COUNT(Q9:Q32) -> 24
A39: DCR | B39: =IF(B38>=22,">90%",IF(B38<=22,"<90%")) -> >90% | C39: =IF(C38>=22,">90%",IF(C38<=22,"<90%")) -> >90% | D39: =IF(D38>=22,">90%",IF(D38<=22,"<90%")) -> >90% | E39: =IF(E38>=22,">90%",IF(E38<=22,"<90%")) -> >90% | F39: =IF(F38>=22,">90%",IF(F38<=22,"<90%")) -> >90% | G39: =IF(G38>=22,">90%",IF(G38<=22,"<90%")) -> >90% | H39: =IF(H38>=22,">90%",IF(H38<=22,"<90%")) -> >90% | I39: =IF(I38>=22,">90%",IF(I38<=22,"<90%")) -> >90% | ... Q39: =IF(Q38>=22,">90%",IF(Q38<=22,"<90%")) -> >90%
A40: Status | B40: =IF(B38>=22,"OK",IF(B38<=22,"LESS")) -> OK | C40: =IF(C38>=22,"OK",IF(C38<=22,"LESS")) -> OK | D40: =IF(D38>=22,"OK",IF(D38<=22,"LESS")) -> OK | E40: =IF(E38>=22,"OK",IF(E38<=22,"LESS")) -> OK | F40: =IF(F38>=22,"OK",IF(F38<=22,"LESS")) -> OK | G40: =IF(G38>=22,"OK",IF(G38<=22,"LESS")) -> OK | H40: =IF(H38>=22,"OK",IF(H38<=22,"LESS")) -> OK | I40: =IF(I38>=22,"OK",IF(I38<=22,"LESS")) -> OK | ... Q40: =IF(Q38>=22,"OK",IF(Q38<=22,"LESS")) -> OK
A43: Done by | B43: AKASH
A45: Comment

Sheet 19
A1: Station: | B1: IGKV ,RAIPUR
A2: Date: | B2: =$A$9 -> 19/02/2025 01:00 | D2: Power Off | G2: Pw.Off | L2: Link Fail | N2: Link F | P2: Maintenance | R2: Maint.
A3: Report Type: | B3: Mean | D3: Calibration | G3: Calib. | L3: Data Fail | N3: Data F | P3: Invalid | R3: Invalid
A4: Time Base: | B4: 01 Hour | D4: Zero Referrence | G4: Z.Ref | L4: Warm Up | N4: Wm. Up
A7: Date & Time | B7: NO | C7: NO2 | D7: NOX | E7: SO2 | F7: O3 | G7: PM 10 | H7: PM 2.5 | I7: BENZ | J7: WS | K7: WD | L7: TEMP | M7: HUM | N7: SR | O7: RG | P7: CO | Q7: NH3
B8: ug/m3 | C8: ug/m3 | D8: ppb | E8: ug/m3 | F8: ug/m3 | G8: ug/m3 | H8: ug/m3 | I8: ug/m3 | J8: m/sec | K8: deg | L8: degreC | M8: % | N8: w/m2 | O8: mm | P8: mg/m3 | Q8: ug/m3
A9: 19/02/2025 01:00 | B9: 9.1 | C9: 26.29 | D9: 22.38 | E9: 10.4 | F9: 4 | G9: 112.2 | H9: 31.99 | I9: 11.87 | J9: 0.41 | K9: 158.95 | L9: 22.74 | M9: 66.95 | N9: 1.2 | O9: 0 | P9: 0.87 | Q9: 12.95
A10: 19/02/2025 02:00 | B10: 11.24 | C10: 27.98 | D10: 24.94 | E10: 10.2 | F10: 4.22 | G10: 117.34 | H10: 31.44 | I10: 12.37 | J10: 0.18 | K10: 210.43 | L10: 22.37 | M10: 71.27 | N10: 1.8 | O10: 0 | P10: 0.96 | Q10: 12.94
A11: 19/02/2025 03:00 | B11: 15.08 | C11: 27.82 | D11: 27.82 | E11: 10.13 | F11: 4.37 | G11: 117.34 | H11: 31.14 | I11: 12.82 | J11: 0.25 | K11: 178.28 | L11: 20.81 | M11: 74.38 | N11: 1.4 | O11: 0 | P11: 0.99 | Q11: 12.95
A12: 19/02/2025 04:00 | B12: 18.42 | C12: 27.48 | D12: 30.32 | E12: 10.44 | F12: 6.67 | G12: 114.24 | H12: 32.19 | I12: 13.31 | J12: 0.4 | K12: 172.33 | L12: 21.38 | M12: 73.6 | N12: 1.1 | O12: 0 | P12: 1.01 | Q12: 12.97
A13: 19/02/2025 05:00 | B13: 18.79 | C13: 27.37 | D13: 30.68 | E13: 10.25 | F13: 3.97 | G13: 110.9 | H13: 32.19 | I13: 13.74 | J13: 0.21 | K13: 258.1 | L13: 21.13 | M13: 72.22 | N13: 1.8 | O13: 0 | P13: 1.06 | Q13: 12.98
A14: 19/02/2025 06:00 | B14: 20.64 | C14: 27.3 | D14: 32.17 | E14: 10.36 | F14: 4.09 | G14: 110.9 | H14: 32.07 | I14: 13.84 | J14: 0.61 | K14: 203.1 | L14: 21.05 | M14: 64.77 | N14: 1.7 | O14: 0 | P14: 1.07 | Q14: 12.99
A15: 19/02/2025 07:00 | B15: 20.59 | C15: 27.35 | D15: 32.15 | E15: 10.1 | F15: 4.25 | G15: 117.14 | H15: 32.15 | I15: 13.85 | J15: 0.25 | K15: 200.63 | L15: 20.46 | M15: 75.11 | N15: 10.7 | O15: 0 | P15: 1.07 | Q15: 12.98
A16: 19/02/2025 08:00 | B16: 18.64 | C16: 25.87 | D16: 29.79 | E16: 10.26 | F16: 7.74 | G16: 117.14 | H16: 32.15 | I16: 13.94 | J16: 0.14 | K16: 175.37 | L16: 22.18 | M16: 75.14 | N16: 44.4 | O16: 0 | P16: 1.02 | Q16: 12.97
A17: 19/02/2025 09:00 | B17: 16.77 | C17: 29.13 | D17: 29.47 | E17: 11.19 | F17: 12.62 | G17: 121.86 | H17: 37.14 | I17: 14.84 | J17: 0.55 | K17: 48.47 | L17: 25.67 | M17: 57.89 | N17: 159.3 | O17: 0 | P17: 1.16 | Q17: 12.97
A18: 19/02/2025 10:00 | B18: 15.55 | C18: 33.23 | D18: 30.86 | E18: 11.55 | F18: 15.36 | G18: 155.78 | H18: 46.87 | I18: 15.93 | J18: 0.95 | K18: 88.36 | L18: 27.85 | M18: 46.59 | N18: 238.5 | O18: 0 | P18: 1.21 | Q18: 12.97
A19: 19/02/2025 11:00 | B19: 15.34 | C19: 35.26 | D19: 31.68 | E19: 12.74 | F19: 27.25 | G19: 155.78 | H19: 48.19 | I19: 15.81 | J19: 0.93 | K19: 44.11 | L19: 29.89 | M19: 36.49 | N19: 286 | O19: 0 | P19: 1.16 | Q19: 12.99
A20: 19/02/2025 12:00 | B20: 12.69 | C20: 36.02 | D20: 30.22 | E20: 18.14 | F20: 38.63 | G20: 144.31 | H20: 48.19 | I20: 14.78 | J20: 0.71 | K20: 108.73 | L20: 31.97 | M20: 31.72 | N20: 310 | O20: 0 | P20: 1.08 | Q20: 12.97
... A32: 19/02/2025 24:00 | B32: 8.93 | C32: 26.22 | D32: 21.56 | E32: 8.77 | F32: 3.75 | G32: 119.22 | H32: 37.5 | I32: 11.91 | J32: 0.17 | K32: 199.43 | L32: 22.88 | M32: 71.64 | N32: 1.4 | O32: 0 | P32: 0.98 | Q32: 12.98
A34: Min | B34: =MIN(B9:B32) -> 3.88 | C34: =MIN(C9:C32) -> 25.18 | D34: =MIN(D9:D32) -> 17.61 | E34: =MIN(E9:E32) -> 8.52 | F34: =MIN(F9:F32) -> 3.58 | G34: =MIN(G9:G32) -> 79.18 | H34: =MIN(H9:H32) -> 31.14 | I34: =MIN(I9:I32) -> 9.75 | ... Q34: =MIN(Q9:Q32) -> 12.91
A35: Max | B35: =MAX(B9:B32) -> 20.64 | C35: =MAX(C9:C32) -> 36.02 | D35: =MAX(D9:D32) -> 32.17 | E35: =MAX(E9:E32) -> 50.06 | F35: =MAX(F9:F32) -> 46.53 | G35: =MAX(G9:G32) -> 155.78 | H35: =MAX(H9:H32) -> 50.57 | I35: =MAX(I9:I32) -> 15.93 | ... Q35: =MAX(Q9:Q32) -> 12.99
A36: Avg | B36: =AVERAGE(B9:B32) -> 11.066667 | C36: =AVERAGE(C9:C32) -> 29.805417 | D36: =AVERAGE(D9:D32) -> 25.63 | E36: =AVERAGE(E9:E32) -> 17.182917 | F36: =AVERAGE(F9:F32) -> 18.939583 | G36: =AVERAGE(G9:G32) -> 114.73708 | H36: =AVERAGE(H9:H32) -> 39.819167 | I36: =AVERAGE(I9:I32) -> 12.558333 | ... Q36: =AVERAGE(Q9:Q32) -> 12.955
A37: Stdev | B37: =STDEV(B9:B32) -> 5.8398181 | C37: =STDEV(C9:C32) -> 3.3491556 | D37: =STDEV(D9:D32) -> 4.6570013 | E37: =STDEV(E9:E32) -> 12.493157 | F37: =STDEV(F9:F32) -> 16.207201 | G37: =STDEV(G9:G32) -> 19.310159 | H37: =STDEV(H9:H32) -> 6.819889 | I37: =STDEV(I9:I32) -> 1.8336413 | ... Q37: =STDEV(Q9:Q32) -> 0.023405685
A38: Num | B38: =COUNT(B9:B32) -> 24 | C38: =COUNT(C9:C32) -> 24 | D38: =COUNT(D9:D32) -> 24 | E38: =COUNT(E9:E32) -> 24 | F38: =COUNT(F9:F32) -> 24 | G38: =COUNT(G9:G32) -> 24 | H38: =COUNT(H9:H32) -> 24 | I38: =COUNT(I9:I32) -> 24 | ... Q38: =COUNT(Q9:Q32) -> 24
A39: DCR | B39: =IF(B38>=22,">90%",IF(B38<=22,"<90%")) -> >90% | C39: =IF(C38>=22,">90%",IF(C38<=22,"<90%")) -> >90% | D39: =IF(D38>=22,">90%",IF(D38<=22,"<90%")) -> >90% | E39: =IF(E38>=22,">90%",IF(E38<=22,"<90%")) -> >90% | F39: =IF(F38>=22,">90%",IF(F38<=22,"<90%")) -> >90% | G39: =IF(G38>=22,">90%",IF(G38<=22,"<90%")) -> >90% | H39: =IF(H38>=22,">90%",IF(H38<=22,"<90%")) -> >90% | I39: =IF(I38>=22,">90%",IF(I38<=22,"<90%")) -> >90% | ... Q39: =IF(Q38>=22,">90%",IF(Q38<=22,"<90%")) -> >90%
A40: Status | B40: =IF(B38>=22,"OK",IF(B38<=22,"LESS")) -> OK | C40: =IF(C38>=22,"OK",IF(C38<=22,"LESS")) -> OK | D40: =IF(D38>=22,"OK",IF(D38<=22,"LESS")) -> OK | E40: =IF(E38>=22,"OK",IF(E38<=22,"LESS")) -> OK | F40: =IF(F38>=22,"OK",IF(F38<=22,"LESS")) -> OK | G40: =IF(G38>=22,"OK",IF(G38<=22,"LESS")) -> OK | H40: =IF(H38>=22,"OK",IF(H38<=22,"LESS")) -> OK | I40: =IF(I38>=22,"OK",IF(I38<=22,"LESS")) -> OK | ... Q40: =IF(Q38>=22,"OK",IF(Q38<=22,"LESS")) -> OK
A43: Done by | B43: AKASH
A45: Comment

Sheet 20
A1: Station: | B1: IGKV ,RAIPUR
A2: Date: | B2: =$A$9 -> 20/02/2025 01:00 | D2: Power Off | G2: Pw.Off | L2: Link Fail | N2: Link F | P2: Maintenance | R2: Maint.
A3: Report Type: | B3: Mean | D3: Calibration | G3: Calib. | L3: Data Fail | N3: Data F | P3: Invalid | R3: Invalid
A4: Time Base: | B4: 01 Hour | D4: Zero Referrence | G4: Z.Ref | L4: Warm Up | N4: Wm. Up
A7: Date & Time | B7: NO | C7: NO2 | D7: NOX | E7: SO2 | F7: O3 | G7: PM 10 | H7: PM 2.5 | I7: BENZ | J7: WS | K7: WD | L7: TEMP | M7: HUM | N7: SR | O7: RG | P7: CO | Q7: NH3
B8: ug/m3 | C8: ug/m3 | D8: ppb | E8: ug/m3 | F8: ug/m3 | G8: ug/m3 | H8: ug/m3 | I8: ug/m3 | J8: m/sec | K8: deg | L8: degreC | M8: % | N8: w/m2 | O8: mm | P8: mg/m3 | Q8: ug/m3
A9: 20/02/2025 01:00 | B9: 9.83 | C9: 25.03 | D9: 22.01 | E9: 8.66 | F9: 3.6 | G9: 118.63 | H9: 35.91 | I9: 12.06 | J9: 0.19 | K9: 198.8 | L9: 22.43 | M9: 69.67 | N9: 1.4 | O9: 0 | P9: 0.99 | Q9: 13.02
A10: 20/02/2025 02:00 | B10: 10.71 | C10: 24.17 | D10: 22.56 | E10: 8.74 | F10: 3.62 | G10: 116.45 | H10: 35.2 | I10: 12.05 | J10: 0.19 | K10: 194.02 | L10: 22.07 | M10: 71.94 | N10: 1.6 | O10: 0 | P10: 0.99 | Q10: 13.01
A11: 20/02/2025 03:00 | B11: 12.15 | C11: 25.99 | D11: 24.68 | E11: 11.95 | F11: 3.56 | G11: 106.07 | H11: 33.61 | I11: 11.95 | J11: 0.32 | K11: 191.87 | L11: 22.76 | M11: 69.52 | N11: 1.4 | O11: 0 | P11: 0.92 | Q11: 13.03
A12: 20/02/2025 04:00 | B12: 13.96 | C12: 27.54 | D12: 26.93 | E12: 11.74 | F12: 3.69 | G12: 103.38 | H12: 33.8 | I12: 12.07 | J12: 0.66 | K12: 61.43 | L12: 22.85 | M12: 64.47 | N12: 1.4 | O12: 0 | P12: 0.97 | Q12: 13.02
A13: 20/02/2025 05:00 | B13: 14.25 | C13: 27.72 | D13: 27.23 | E13: 11.87 | F13: 3.7 | G13: 124.2 | H13: 34.04 | I13: 13.35 | J13: 0.28 | K13: 157.95 | L13: 22.59 | M13: 67.12 | N13: 1.6 | O13: 0 | P13: 1.03 | Q13: 13.01
A14: 20/02/2025 06:00 | B14: 14 | C14: 27.53 | D14: 26.96 | E14: 11.39 | F14: 3.62 | G14: 128.75 | H14: 35.02 | I14: 13.55 | J14: 0.22 | K14: 216.2 | L14: 21.38 | M14: 74.38 | N14: 1.8 | O14: 0 | P14: 1.03 | Q14: 13
A15: 20/02/2025 07:00 | B15: 13.88 | C15: 26.43 | D15: 26.13 | E15: 11.36 | F15: 3.69 | G15: 128.75 | H15: 35.02 | I15: 13.59 | J15: 0.18 | K15: 235.8 | L15: 20.56 | M15: 78.07 | N15: 11.4 | O15: 0 | P15: 1.03 | Q15: 12.99
A16: 20/02/2025 08:00 | B16: 14.91 | C16: 26.59 | D16: 27.04 | E16: 11.22 | F16: 4.92 | G16: 119.52 | H16: 36.24 | I16: 13.92 | J16: 0.36 | K16: 174.31 | L16: 22.76 | M16: 77.4 | N16: 44.4 | O16: 0 | P16: 1.1 | Q16: 13.02
A17: 20/02/2025 09:00 | B17: 14.78 | C17: 26.01 | D17: 26.79 | E17: 11.57 | F17: 33.45 | G17: 113.61 | H17: 36.24 | I17: 14.07 | J17: 0.6 | K17: 280.41 | L17: 26.07 | M17: 57.84 | N17: 184.7 | O17: 0 | P17: 1.1 | Q17: 13.03
A18: 20/02/2025 10:00 | B18: 13.62 | C18: 26.89 | D18: 25.71 | E18: 13.74 | F18: 57.53 | G18: 107.86 | H18: 35.64 | I18: 13.93 | J18: 0.65 | K18: 284.35 | L18: 28.62 | M18: 50.32 | N18: 250.5 | O18: 0 | P18: 1.27 | Q18: 13.03
A19: 20/02/2025 11:00 | B19: 10.83 | C19: 28.27 | D19: 24.55 | E19: 12.73 | F19: 81.05 | G19: 107.06 | H19: 149.81 | I19: 18.56 | J19: 0.92 | K19: 286.09 | L19: 30.12 | M19: 46.31 | N19: 301.9 | O19: 0 | P19: 1.33 | Q19: 13.02
A20: 20/02/2025 12:00 | B20: 5.92 | C20: 28.2 | D20: 20.83 | E20: 14.61 | F20: 74.13 | G20: 75.94 | H20: 149.81 | I20: 17.66 | J20: 1.09 | K20: 300.15 | L20: 31.77 | M20: 42.77 | N20: 318.7 | O20: 0 | P20: 1.25 | Q20: 12.99
... A32: 20/02/2025 24:00 | B32: 9.4 | C32: 24.3 | D32: 21.58 | E32: 11.57 | F32: 1.4 | G32: 92.96 | H32: 26.38 | I32: 11.38 | J32: 0.89 | K32: 185.22 | L32: 23.94 | M32: 70.81 | N32: 1.2 | O32: 0 | P32: 0.89 | Q32: 12.97
A34: Min | B34: =MIN(B9:B32) -> 3.81 | C34: =MIN(C9:C32) -> 23.19 | D34: =MIN(D9:D32) -> 17.85 | E34: =MIN(E9:E32) -> 8.66 | F34: =MIN(F9:F32) -> 1.4 | G34: =MIN(G9:G32) -> 51.31 | H34: =MIN(H9:H32) -> 25.1 | I34: =MIN(I9:I32) -> 9.59 | ... Q34: =MIN(Q9:Q32) -> 12.95
A35: Max | B35: =MAX(B9:B32) -> 14.91 | C35: =MAX(C9:C32) -> 28.27 | D35: =MAX(D9:D32) -> 27.23 | E35: =MAX(E9:E32) -> 25.82 | F35: =MAX(F9:F32) -> 124.07 | G35: =MAX(G9:G32) -> 128.75 | H35: =MAX(H9:H32) -> 149.81 | I35: =MAX(I9:I32) -> 18.56 | ... Q35: =MAX(Q9:Q32) -> 13.03
A36: Avg | B36: =AVERAGE(B9:B32) -> 9.1658333 | C36: =AVERAGE(C9:C32) -> 26.1275 | D36: =AVERAGE(D9:D32) -> 22.23 | E36: =AVERAGE(E9:E32) -> 13.51625 | F36: =AVERAGE(F9:F32) -> 33.576667 | G36: =AVERAGE(G9:G32) -> 102.01542 | H36: =AVERAGE(H9:H32) -> 49.267083 | I36: =AVERAGE(I9:I32) -> 13.002917 | ... Q36: =AVERAGE(Q9:Q32) -> 12.992083
A37: Stdev | B37: =STDEV(B9:B32) -> 4.0570646 | C37: =STDEV(C9:C32) -> 1.4687979 | D37: =STDEV(D9:D32) -> 3.4102097 | E37: =STDEV(E9:E32) -> 4.0090103 | F37: =STDEV(F9:F32) -> 39.889198 | G37: =STDEV(G9:G32) -> 19.428243 | H37: =STDEV(H9:H32) -> 32.726618 | I37: =STDEV(I9:I32) -> 2.3704622 | ... Q37: =STDEV(Q9:Q32) -> 0.026536139
A38: Num | B38: =COUNT(B9:B32) -> 24 | C38: =COUNT(C9:C32) -> 24 | D38: =COUNT(D9:D32) -> 24 | E38: =COUNT(E9:E32) -> 24 | F38: =COUNT(F9:F32) -> 24 | G38: =COUNT(G9:G32) -> 24 | H38: =COUNT(H9:H32) -> 24 | I38: =COUNT(I9:I32) -> 24 | ... Q38: =COUNT(Q9:Q32) -> 24
A39: DCR | B39: =IF(B38>=22,">90%",IF(B38<=22,"<90%")) -> >90% | C39: =IF(C38>=22,">90%",IF(C38<=22,"<90%")) -> >90% | D39: =IF(D38>=22,">90%",IF(D38<=22,"<90%")) -> >90% | E39: =IF(E38>=22,">90%",IF(E38<=22,"<90%")) -> >90% | F39: =IF(F38>=22,">90%",IF(F38<=22,"<90%")) -> >90% | G39: =IF(G38>=22,">90%",IF(G38<=22,"<90%")) -> >90% | H39: =IF(H38>=22,">90%",IF(H38<=22,"<90%")) -> >90% | I39: =IF(I38>=22,">90%",IF(I38<=22,"<90%")) -> >90% | ... Q39: =IF(Q38>=22,">90%",IF(Q38<=22,"<90%")) -> >90%
A40: Status | B40: =IF(B38>=22,"OK",IF(B38<=22,"LESS")) -> OK | C40: =IF(C38>=22,"OK",IF(C38<=22,"LESS")) -> OK | D40: =IF(D38>=22,"OK",IF(D38<=22,"LESS")) -> OK | E40: =IF(E38>=22,"OK",IF(E38<=22,"LESS")) -> OK | F40: =IF(F38>=22,"OK",IF(F38<=22,"LESS")) -> OK | G40: =IF(G38>=22,"OK",IF(G38<=22,"LESS")) -> OK | H40: =IF(H38>=22,"OK",IF(H38<=22,"LESS")) -> OK | I40: =IF(I38>=22,"OK",IF(I38<=22,"LESS")) -> OK | ... Q40: =IF(Q38>=22,"OK",IF(Q38<=22,"LESS")) -> OK
A43: Done by | B43: AKASH
A45: Comment

Sheet 21
A1: Station: | B1: IGKV ,RAIPUR
A2: Date: | B2: =$A$9 -> 21/02/2025 01:00 | D2: Power Off | G2: Pw.Off | L2: Link Fail | N2: Link F | P2: Maintenance | R2: Maint.
A3: Report Type: | B3: Mean | D3: Calibration | G3: Calib. | L3: Data Fail | N3: Data F | P3: Invalid | R3: Invalid
A4: Time Base: | B4: 01 Hour | D4: Zero Referrence | G4: Z.Ref | L4: Warm Up | N4: Wm. Up
A7: Date & Time | B7: NO | C7: NO2 | D7: NOX | E7: SO2 | F7: O3 | G7: PM 10 | H7: PM 2.5 | I7: BENZ | J7: WS | K7: WD | L7: TEMP | M7: HUM | N7: SR | O7: RG | P7: CO | Q7: NH3
B8: ug/m3 | C8: ug/m3 | D8: ppb | E8: ug/m3 | F8: ug/m3 | G8: ug/m3 | H8: ug/m3 | I8: ug/m3 | J8: m/sec | K8: deg | L8: degreC | M8: % | N8: w/m2 | O8: mm | P8: mg/m3 | Q8: ug/m3
A9: 21/02/2025 01:00 | B9: 12.16 | C9: 27.86 | D9: 25.66 | E9: 11.28 | F9: 3.9 | G9: 106.88 | H9: 35.44 | I9: 11.96 | J9: 0.33 | K9: 184.61 | L9: 23.86 | M9: 63.58 | N9: 1.9 | O9: 0 | P9: 0.93 | Q9: 12.99
A10: 21/02/2025 02:00 | B10: 13.21 | C10: 28.24 | D10: 26.7 | E10: 11.18 | F10: 3.92 | G10: 115.46 | H10: 35.44 | I10: 12.56 | J10: 0.26 | K10: 226.79 | L10: 21.67 | M10: 68.55 | N10: 1.5 | O10: 0 | P10: 0.97 | Q10: 13
A11: 21/02/2025 03:00 | B11: 15.34 | C11: 29.46 | D11: 29.05 | E11: 11.34 | F11: 3.86 | G11: 115.46 | H11: 35.42 | I11: 12.88 | J11: 0.49 | K11: 349.69 | L11: 21.83 | M11: 70.05 | N11: 1.4 | O11: 0 | P11: 1.04 | Q11: 13
A12: 21/02/2025 04:00 | B12: 15.36 | C12: 29.15 | D12: 28.9 | E12: 11.29 | F12: 3.87 | G12: 105.72 | H12: 35.42 | I12: 12.93 | J12: 0.62 | K12: 224.59 | L12: 22.25 | M12: 71.91 | N12: 1.7 | O12: 0 | P12: 1.06 | Q12: 13
A13: 21/02/2025 05:00 | B13: 14.61 | C13: 27.83 | D13: 27.53 | E13: 10.91 | F13: 3.86 | G13: 99.47 | H13: 25.7 | I13: 12.62 | J13: 0.17 | K13: 205.99 | L13: 21.38 | M13: 75.42 | N13: 1.6 | O13: 0 | P13: 1.02 | Q13: 12.99
A14: 21/02/2025 06:00 | B14: 15.23 | C14: 27.23 | D14: 27.68 | E14: 10.64 | F14: 3.7 | G14: 89.8 | H14: 34.25 | I14: 12.08 | J14: 0.33 | K14: 72.16 | L14: 21.13 | M14: 75.33 | N14: 1.4 | O14: 0 | P14: 0.99 | Q14: 12.99
A15: 21/02/2025 07:00 | B15: 16.07 | C15: 26.61 | D15: 28.06 | E15: 10.96 | F15: 3.78 | G15: 98.5 | H15: 34.25 | I15: 11.78 | J15: 0.56 | K15: 44.5 | L15: 20.79 | M15: 77.4 | N15: 12 | O15: 0 | P15: 1.02 | Q15: 12.99
A16: 21/02/2025 08:00 | B16: 16.82 | C16: 26.36 | D16: 28.46 | E16: 10.77 | F16: 3.89 | G16: 104.59 | H16: 32.8 | I16: 11.89 | J16: 1.19 | K16: 55.24 | L16: 21.83 | M16: 76.87 | N16: 49.9 | O16: 0 | P16: 1.02 | Q16: 12.99
A17: 21/02/2025 09:00 | B17: 16.08 | C17: 26.33 | D17: 27.64 | E17: 10.92 | F17: 4.08 | G17: 104.59 | H17: 32.8 | I17: 11.82 | J17: 1.53 | K17: 60.81 | L17: 24.73 | M17: 71.69 | N17: 178.1 | O17: 0 | P17: 0.93 | Q17: 13
A18: 21/02/2025 10:00 | B18: 12.65 | C18: 27.6 | D18: 25.37 | E18: 10.73 | F18: 4.65 | G18: 98.86 | H18: 31.52 | I18: 11.26 | J18: 1.41 | K18: 64.51 | L18: 26.74 | M18: 63.38 | N18: 257.5 | O18: 0 | P18: 0.88 | Q18: 12.98
A19: 21/02/2025 11:00 | B19: 9.41 | C19: 28.42 | D19: 23.52 | E19: 10.38 | F19: 7.73 | G19: 87.41 | H19: 31.52 | I19: 10.58 | J19: 1.25 | K19: 58.04 | L19: 29.78 | M19: 58.28 | N19: 289.4 | O19: 0 | P19: 0.83 | Q19: 12.98
A20: 21/02/2025 12:00 | B20: 6.02 | C20: 28.42 | D20: 21.03 | E20: 10.75 | F20: 30.03 | G20: 83.82 | H20: 33 | I20: 9.99 | J20: 0.79 | K20: 346.07 | L20: 30.92 | M20: 49.24 | N20: 323.8 | O20: 0 | P20: 0.77 | Q20: 12.94
... A32: 21/02/2025 24:00 | B32: 24.66 | C32: 27.28 | D32: 35.12 | E32: 9.75 | F32: 3.9 | G32: 107.32 | H32: 29.51 | I32: 12.39 | J32: 0.23 | K32: 203.37 | L32: 21.43 | M32: 67.88 | N32: 1.3 | O32: 0 | P32: 0.93 | Q32: 13
A34: Min | B34: =MIN(B9:B32) -> 4.22 | C34: =MIN(C9:C32) -> 23.07 | D34: =MIN(D9:D32) -> 17.15 | E34: =MIN(E9:E32) -> 9.53 | F34: =MIN(F9:F32) -> 3.7 | G34: =MIN(G9:G32) -> 51.17 | H34: =MIN(H9:H32) -> 25.7 | I34: =MIN(I9:I32) -> 7.19 | ... Q34: =MIN(Q9:Q32) -> 12.91
A35: Max | B35: =MAX(B9:B32) -> 24.66 | C35: =MAX(C9:C32) -> 29.46 | D35: =MAX(D9:D32) -> 35.12 | E35: =MAX(E9:E32) -> 24.56 | F35: =MAX(F9:F32) -> 39.06 | G35: =MAX(G9:G32) -> 115.46 | H35: =MAX(H9:H32) -> 50.92 | I35: =MAX(I9:I32) -> 12.93 | ... Q35: =MAX(Q9:Q32) -> 13
A36: Avg | B36: =AVERAGE(B9:B32) -> 11.120417 | C36: =AVERAGE(C9:C32) -> 26.607917 | D36: =AVERAGE(D9:D32) -> 24.0575 | E36: =AVERAGE(E9:E32) -> 12.236667 | F36: =AVERAGE(F9:F32) -> 10.064167 | G36: =AVERAGE(G9:G32) -> 86.947083 | H36: =AVERAGE(H9:H32) -> 36.010417 | I36: =AVERAGE(I9:I32) -> 10.430417 | ... Q36: =AVERAGE(Q9:Q32) -> 12.962917
A37: Stdev | B37: =STDEV(B9:B32) -> 5.8266587 | C37: =STDEV(C9:C32) -> 1.8490467 | D37: =STDEV(D9:D32) -> 5.2295941 | E37: =STDEV(E9:E32) -> 3.7791323 | F37: =STDEV(F9:F32) -> 9.7720128 | G37: =STDEV(G9:G32) -> 19.377074 | H37: =STDEV(H9:H32) -> 6.1936366 | I37: =STDEV(I9:I32) -> 1.9990595 | ... Q37: =STDEV(Q9:Q32) -> 0.033424694
A38: Num | B38: =COUNT(B9:B32) -> 24 | C38: =COUNT(C9:C32) -> 24 | D38: =COUNT(D9:D32) -> 24 | E38: =COUNT(E9:E32) -> 24 | F38: =COUNT(F9:F32) -> 24 | G38: =COUNT(G9:G32) -> 24 | H38: =COUNT(H9:H32) -> 24 | I38: =COUNT(I9:I32) -> 24 | ... Q38: =COUNT(Q9:Q32) -> 24
A39: DCR | B39: =IF(B38>=22,">90%",IF(B38<=22,"<90%")) -> >90% | C39: =IF(C38>=22,">90%",IF(C38<=22,"<90%")) -> >90% | D39: =IF(D38>=22,">90%",IF(D38<=22,"<90%")) -> >90% | E39: =IF(E38>=22,">90%",IF(E38<=22,"<90%")) -> >90% | F39: =IF(F38>=22,">90%",IF(F38<=22,"<90%")) -> >90% | G39: =IF(G38>=22,">90%",IF(G38<=22,"<90%")) -> >90% | H39: =IF(H38>=22,">90%",IF(H38<=22,"<90%")) -> >90% | I39: =IF(I38>=22,">90%",IF(I38<=22,"<90%")) -> >90% | ... Q39: =IF(Q38>=22,">90%",IF(Q38<=22,"<90%")) -> >90%
A40: Status | B40: =IF(B38>=22,"OK",IF(B38<=22,"LESS")) -> OK | C40: =IF(C38>=22,"OK",IF(C38<=22,"LESS")) -> OK | D40: =IF(D38>=22,"OK",IF(D38<=22,"LESS")) -> OK | E40: =IF(E38>=22,"OK",IF(E38<=22,"LESS")) -> OK | F40: =IF(F38>=22,"OK",IF(F38<=22,"LESS")) -> OK | G40: =IF(G38>=22,"OK",IF(G38<=22,"LESS")) -> OK | H40: =IF(H38>=22,"OK",IF(H38<=22,"LESS")) -> OK | I40: =IF(I38>=22,"OK",IF(I38<=22,"LESS")) -> OK | ... Q40: =IF(Q38>=22,"OK",IF(Q38<=22,"LESS")) -> OK
A43: Done by | B43: AKASH
A45: Comment

Sheet 22
A1: Station: | B1: IGKV ,RAIPUR
A2: Date: | B2: =$A$9 -> 22/02/2025 01:00 | D2: Power Off | G2: Pw.Off | L2: Link Fail | N2: Link F | P2: Maintenance | R2: Maint.
A3: Report Type: | B3: Mean | D3: Calibration | G3: Calib. | L3: Data Fail | N3: Data F | P3: Invalid | R3: Invalid
A4: Time Base: | B4: 01 Hour | D4: Zero Referrence | G4: Z.Ref | L4: Warm Up | N4: Wm. Up
A7: Date & Time | B7: NO | C7: NO2 | D7: NOX | E7: SO2 | F7: O3 | G7: PM 10 | H7: PM 2.5 | I7: BENZ | J7: WS | K7: WD | L7: TEMP | M7: HUM | N7: SR | O7: RG | P7: CO | Q7: NH3
B8: ug/m3 | C8: ug/m3 | D8: ppb | E8: ug/m3 | F8: ug/m3 | G8: ug/m3 | H8: ug/m3 | I8: ug/m3 | J8: m/sec | K8: deg | L8: degreC | M8: % | N8: w/m2 | O8: mm | P8: mg/m3 | Q8: ug/m3
A9: 22/02/2025 01:00 | B9: 24.63 | C9: 26.21 | D9: 34.8 | E9: 9.68 | F9: 4.18 | G9: 107.32 | H9: 29.45 | I9: 12.67 | J9: 0.16 | K9: 221.3 | L9: 20.67 | M9: 66.51 | N9: 1 | O9: 0 | P9: 0.97 | Q9: 13
A10: 22/02/2025 02:00 | B10: 23.43 | C10: 25.44 | D10: 33.37 | E10: 9.2 | F10: 4.07 | G10: 100.15 | H10: 25.5 | I10: 12.9 | J10: 0.3 | K10: 185.81 | L10: 20.12 | M10: 67.68 | N10: 1.2 | O10: 0 | P10: 1 | Q10: 12.99
A11: 22/02/2025 03:00 | B11: 22.3 | C11: 25.02 | D11: 32.3 | E11: 11.09 | F11: 3.95 | G11: 94.54 | H11: 24.42 | I11: 13.16 | J11: 0.2 | K11: 195.87 | L11: 19.72 | M11: 73.15 | N11: 1.4 | O11: 0 | P11: 1 | Q11: 12.98
A12: 22/02/2025 04:00 | B12: 21.53 | C12: 24.01 | D12: 30.89 | E12: 10.68 | F12: 3.94 | G12: 85.63 | H12: 24.42 | I12: 13.4 | J12: 0.31 | K12: 201.54 | L12: 19.28 | M12: 72.63 | N12: 1.5 | O12: 0 | P12: 0.99 | Q12: 12.98
A13: 22/02/2025 05:00 | B13: 21.07 | C13: 23.3 | D13: 30.42 | E13: 11.16 | F13: 4 | G13: 71.32 | H13: 22.06 | I13: 13.47 | J13: 0.19 | K13: 222.94 | L13: 18.32 | M13: 76.89 | N13: 1.2 | O13: 0 | P13: 0.92 | Q13: 12.97
A14: 22/02/2025 06:00 | B14: 18.5 | C14: 22.05 | D14: 27.71 | E14: 10.92 | F14: 4.03 | G14: 64.71 | H14: 17.93 | I14: 13.48 | J14: 0.28 | K14: 172.28 | L14: 18.11 | M14: 76.64 | N14: 1 | O14: 0 | P14: 0.91 | Q14: 12.96
A15: 22/02/2025 07:00 | B15: 16.5 | C15: 21.73 | D15: 25.94 | E15: 10.53 | F15: 4 | G15: 61.63 | H15: 18.75 | I15: 13.46 | J15: 0.18 | K15: 190.62 | L15: 17.84 | M15: 80.78 | N15: 11.7 | O15: 0 | P15: 0.9 | Q15: 12.96
A16: 22/02/2025 08:00 | B16: 15.12 | C16: 21.68 | D16: 24.6 | E16: 10.83 | F16: 3.98 | G16: 62.29 | H16: 18.75 | I16: 13.42 | J16: 0.3 | K16: 206.23 | L16: 20.94 | M16: 76.94 | N16: 44.4 | O16: 0 | P16: 0.88 | Q16: 12.95
A17: 22/02/2025 09:00 | B17: 13.47 | C17: 23.42 | D17: 23.69 | E17: 10.82 | F17: 4.32 | G17: 62.29 | H17: 20.34 | I17: 13.78 | J17: 0.28 | K17: 245.83 | L17: 25.27 | M17: 61.24 | N17: 223.9 | O17: 0 | P17: 0.95 | Q17: 12.95
A18: 22/02/2025 10:00 | B18: 11.9 | C18: 23.91 | D18: 23.23 | E18: 11.65 | F18: 4.9 | G18: 67.85 | H18: 24.77 | I18: 14.03 | J18: 0.57 | K18: 280.09 | L18: 28.79 | M18: 42 | N18: 293.5 | O18: 0 | P18: 0.95 | Q18: 12.94
A19: 22/02/2025 11:00 | B19: 9.26 | C19: 24.67 | D19: 21.33 | E19: 14.99 | F19: 6.21 | G19: 68.02 | H19: 25.37 | I19: 13.89 | J19: 0.53 | K19: 333.85 | L19: 30.91 | M19: 34.35 | N19: 335.7 | O19: 0 | P19: 0.91 | Q19: 12.92
A20: 22/02/2025 12:00 | B20: 6.57 | C20: 24.75 | D20: 19.51 | E20: 16.3 | F20: 5.97 | G20: 68.02 | H20: 27.04 | I20: 13.26 | J20: 0.81 | K20: 325.32 | L20: 31.99 | M20: 24.47 | N20: 344.8 | O20: 0 | P20: 0.86 | Q20: 12.92
... A32: 22/02/2025 24:00 | B32: 16.81 | C32: 23.98 | D32: 27.1 | E32: 10.43 | F32: 4.18 | G32: 83 | H32: 26.23 | I32: 9.58 | J32: 0.52 | K32: 75.1 | L32: 24.05 | M32: 48.77 | N32: 1.3 | O32: 0 | P32: 0.75 | Q32: 12.97
A34: Min | B34: =MIN(B9:B32) -> 4.36 | C34: =MIN(C9:C32) -> 20.74 | D34: =MIN(D9:D32) -> 15.64 | E34: =MIN(E9:E32) -> 9 | F34: =MIN(F9:F32) -> 3.94 | G34: =MIN(G9:G32) -> 37.18 | H34: =MIN(H9:H32) -> 17.93 | I34: =MIN(I9:I32) -> 6.34 | ... Q34: =MIN(Q9:Q32) -> 12.9
A35: Max | B35: =MAX(B9:B32) -> 24.63 | C35: =MAX(C9:C32) -> 26.21 | D35: =MAX(D9:D32) -> 34.8 | E35: =MAX(E9:E32) -> 16.3 | F35: =MAX(F9:F32) -> 7.18 | G35: =MAX(G9:G32) -> 107.32 | H35: =MAX(H9:H32) -> 37.81 | I35: =MAX(I9:I32) -> 14.03 | ... Q35: =MAX(Q9:Q32) -> 13
A36: Avg | B36: =AVERAGE(B9:B32) -> 13.214167 | C36: =AVERAGE(C9:C32) -> 23.374583 | D36: =AVERAGE(D9:D32) -> 24.04375 | E36: =AVERAGE(E9:E32) -> 11.187083 | F36: =AVERAGE(F9:F32) -> 4.9995833 | G36: =AVERAGE(G9:G32) -> 70.786667 | H36: =AVERAGE(H9:H32) -> 27.047083 | I36: =AVERAGE(I9:I32) -> 11.1775 | ... Q36: =AVERAGE(Q9:Q32) -> 12.940833
A37: Stdev | B37: =STDEV(B9:B32) -> 6.8158447 | C37: =STDEV(C9:C32) -> 1.4344457 | D37: =STDEV(D9:D32) -> 5.8506141 | E37: =STDEV(E9:E32) -> 1.9187643 | F37: =STDEV(F9:F32) -> 1.1846242 | G37: =STDEV(G9:G32) -> 18.130335 | H37: =STDEV(H9:H32) -> 5.5268817 | I37: =STDEV(I9:I32) -> 2.5913321 | ... Q37: =STDEV(Q9:Q32) -> 0.031195968
A38: Num | B38: =COUNT(B9:B32) -> 24 | C38: =COUNT(C9:C32) -> 24 | D38: =COUNT(D9:D32) -> 24 | E38: =COUNT(E9:E32) -> 24 | F38: =COUNT(F9:F32) -> 24 | G38: =COUNT(G9:G32) -> 24 | H38: =COUNT(H9:H32) -> 24 | I38: =COUNT(I9:I32) -> 24 | ... Q38: =COUNT(Q9:Q32) -> 24
A39: DCR | B39: =IF(B38>=22,">90%",IF(B38<=22,"<90%")) -> >90% | C39: =IF(C38>=22,">90%",IF(C38<=22,"<90%")) -> >90% | D39: =IF(D38>=22,">90%",IF(D38<=22,"<90%")) -> >90% | E39: =IF(E38>=22,">90%",IF(E38<=22,"<90%")) -> >90% | F39: =IF(F38>=22,">90%",IF(F38<=22,"<90%")) -> >90% | G39: =IF(G38>=22,">90%",IF(G38<=22,"<90%")) -> >90% | H39: =IF(H38>=22,">90%",IF(H38<=22,"<90%")) -> >90% | I39: =IF(I38>=22,">90%",IF(I38<=22,"<90%")) -> >90% | ... Q39: =IF(Q38>=22,">90%",IF(Q38<=22,"<90%")) -> >90%
A40: Status | B40: =IF(B38>=22,"OK",IF(B38<=22,"LESS")) -> OK | C40: =IF(C38>=22,"OK",IF(C38<=22,"LESS")) -> OK | D40: =IF(D38>=22,"OK",IF(D38<=22,"LESS")) -> OK | E40: =IF(E38>=22,"OK",IF(E38<=22,"LESS")) -> OK | F40: =IF(F38>=22,"OK",IF(F38<=22,"LESS")) -> OK | G40: =IF(G38>=22,"OK",IF(G38<=22,"LESS")) -> OK | H40: =IF(H38>=22,"OK",IF(H38<=22,"LESS")) -> OK | I40: =IF(I38>=22,"OK",IF(I38<=22,"LESS")) -> OK | ... Q40: =IF(Q38>=22,"OK",IF(Q38<=22,"LESS")) -> OK
A43: Done by | B43: AKASH
A45: Comment

Sheet 23
A1: Station: | B1: IGKV ,RAIPUR
A2: Date: | B2: =$A$9 -> 23/02/2025 01:00 | D2: Power Off | G2: Pw.Off | L2: Link Fail | N2: Link F | P2: Maintenance | R2: Maint.
A3: Report Type: | B3: Mean | D3: Calibration | G3: Calib. | L3: Data Fail | N3: Data F | P3: Invalid | R3: Invalid
A4: Time Base: | B4: 01 Hour | D4: Zero Referrence | G4: Z.Ref | L4: Warm Up | N4: Wm. Up
A7: Date & Time | B7: NO | C7: NO2 | D7: NOX | E7: SO2 | F7: O3 | G7: PM 10 | H7: PM 2.5 | I7: BENZ | J7: WS | K7: WD | L7: TEMP | M7: HUM | N7: SR | O7: RG | P7: CO | Q7: NH3
B8: ug/m3 | C8: ug/m3 | D8: ppb | E8: ug/m3 | F8: ug/m3 | G8: ug/m3 | H8: ug/m3 | I8: ug/m3 | J8: m/sec | K8: deg | L8: degreC | M8: % | N8: w/m2 | O8: mm | P8: mg/m3 | Q8: ug/m3
A9: 23/02/2025 01:00 | B9: 16.91 | C9: 24.57 | D9: 27.75 | E9: 10.56 | F9: 4.29 | G9: 83 | H9: 26.23 | I9: 9.27 | J9: 0.24 | K9: 268.1 | L9: 22.59 | M9: 59.58 | N9: 1.4 | O9: 0 | P9: 0.74 | Q9: 12.96
A10: 23/02/2025 02:00 | B10: 17.27 | C10: 24.63 | D10: 28.07 | E10: 10.57 | F10: 4.19 | G10: 83.41 | H10: 24 | I10: 9.23 | J10: 0.17 | K10: 217.9 | L10: 21.55 | M10: 56.19 | N10: 0.8 | O10: 0 | P10: 0.76 | Q10: 12.97
A11: 23/02/2025 03:00 | B11: 17.15 | C11: 24.61 | D11: 27.96 | E11: 9.49 | F11: 4.23 | G11: 83.41 | H11: 24.02 | I11: 9.27 | J11: 0.45 | K11: 58.84 | L11: 21.76 | M11: 50.24 | N11: 1.1 | O11: 0 | P11: 0.74 | Q11: 12.97
A12: 23/02/2025 04:00 | B12: 17.07 | C12: 24.7 | D12: 27.93 | E12: 9.24 | F12: 4.26 | G12: 84.38 | H12: 24.02 | I12: 9.36 | J12: 0.56 | K12: 61.47 | L12: 21.2 | M12: 51.89 | N12: 1.1 | O12: 0 | P12: 0.74 | Q12: 12.95
A13: 23/02/2025 05:00 | B13: 15.99 | C13: 24.67 | D13: 26.97 | E13: 8.67 | F13: 4.1 | G13: 84.38 | H13: 23.72 | I13: 9.41 | J13: 1.22 | K13: 58.68 | L13: 20.84 | M13: 52.04 | N13: 1.2 | O13: 0 | P13: 0.78 | Q13: 12.94
A14: 23/02/2025 06:00 | B14: 14.83 | C14: 25.07 | D14: 26.34 | E14: 8.3 | F14: 4.01 | G14: 75.51 | H14: 21.16 | I14: 9.3 | J14: 0.73 | K14: 57.69 | L14: 20.18 | M14: 55.01 | N14: 1 | O14: 0 | P14: 0.77 | Q14: 12.94
A15: 23/02/2025 07:00 | B15: 15.29 | C15: 25.57 | D15: 26.95 | E15: 7.7 | F15: 3.92 | G15: 69.39 | H15: 20.62 | I15: 8.96 | J15: 0.17 | K15: 181.97 | L15: 19.19 | M15: 66.83 | N15: 12.7 | O15: 0 | P15: 0.77 | Q15: 12.95
A16: 23/02/2025 08:00 | B16: 15.63 | C16: 25.9 | D16: 27.42 | E16: 7.68 | F16: 4.06 | G16: 69.39 | H16: 19.18 | I16: 8.8 | J16: 0.9 | K16: 138.72 | L16: 21.52 | M16: 66.92 | N16: 47.6 | O16: 0 | P16: 0.76 | Q16: 12.95
A17: 23/02/2025 09:00 | B17: 16.45 | C17: 27.2 | D17: 28.73 | E17: 9.23 | F17: 4.47 | G17: 69.65 | H17: 19.18 | I17: 8.74 | J17: 1.88 | K17: 65.21 | L17: 24.98 | M17: 46.67 | N17: 260.7 | O17: 0 | P17: 0.76 | Q17: 12.97
A18: 23/02/2025 10:00 | B18: 14.89 | C18: 29.89 | D18: 28.01 | E18: 12.71 | F18: 4.65 | G18: 75.04 | H18: 28.96 | I18: 8.68 | J18: 1.95 | K18: 54.79 | L18: 27.83 | M18: 35.56 | N18: 324.7 | O18: 0 | P18: 0.66 | Q18: 12.96
A19: 23/02/2025 11:00 | B19: 13.97 | C19: 30.6 | D19: 28.39 | E19: 11.56 | F19: 5.07 | G19: 75.04 | H19: 103.62 | I19: 7.97 | J19: 1.87 | K19: 59.45 | L19: 29.05 | M19: 24.46 | N19: 369.9 | O19: 0 | P19: 0.59 | Q19: 12.97
A20: 23/02/2025 12:00 | B20: 11.46 | C20: 30.09 | D20: 26.26 | E20: 11.46 | F20: 5.15 | G20: 69.92 | H20: 103.62 | I20: 7.14 | J20: 1.4 | K20: 69.95 | L20: 30.56 | M20: 23.34 | N20: 368.3 | O20: 0 | P20: 0.52 | Q20: 12.96
... A32: 23/02/2025 24:00 | B32: 14.69 | C32: 22.28 | D32: 24.77 | E32: 12.41 | F32: 4.01 | G32: 62.74 | H32: 17.31 | I32: 11.28 | J32: 0.28 | K32: 203.66 | L32: 20.46 | M32: 52.3 | N32: 0.9 | O32: 0 | P32: 0.69 | Q32: 12.93
A34: Min | B34: =MIN(B9:B32) -> 4.85 | C34: =MIN(C9:C32) -> 19.21 | D34: =MIN(D9:D32) -> 15.95 | E34: =MIN(E9:E32) -> 7.68 | F34: =MIN(F9:F32) -> 3.92 | G34: =MIN(G9:G32) -> 31.85 | H34: =MIN(H9:H32) -> 17.31 | I34: =MIN(I9:I32) -> 4.79 | ... Q34: =MIN(Q9:Q32) -> 12.89
A35: Max | B35: =MAX(B9:B32) -> 17.27 | C35: =MAX(C9:C32) -> 30.6 | D35: =MAX(D9:D32) -> 28.73 | E35: =MAX(E9:E32) -> 13.33 | F35: =MAX(F9:F32) -> 7.16 | G35: =MAX(G9:G32) -> 84.38 | H35: =MAX(H9:H32) -> 103.62 | I35: =MAX(I9:I32) -> 11.28 | ... Q35: =MAX(Q9:Q32) -> 12.97
A36: Avg | B36: =AVERAGE(B9:B32) -> 11.762083 | C36: =AVERAGE(C9:C32) -> 24.41 | D36: =AVERAGE(D9:D32) -> 23.45375 | E36: =AVERAGE(E9:E32) -> 10.817083 | F36: =AVERAGE(F9:F32) -> 4.91375 | G36: =AVERAGE(G9:G32) -> 63.835417 | H36: =AVERAGE(H9:H32) -> 43.3875 | I36: =AVERAGE(I9:I32) -> 7.7658333 | ... Q36: =AVERAGE(Q9:Q32) -> 12.936667
A37: Stdev | B37: =STDEV(B9:B32) -> 4.4560306 | C37: =STDEV(C9:C32) -> 3.5658221 | D37: =STDEV(D9:D32) -> 4.6503163 | E37: =STDEV(E9:E32) -> 1.8216655 | F37: =STDEV(F9:F32) -> 1.0201058 | G37: =STDEV(G9:G32) -> 15.672034 | H37: =STDEV(H9:H32) -> 29.574974 | I37: =STDEV(I9:I32) -> 1.9587261 | ... Q37: =STDEV(Q9:Q32) -> 0.025650946
A38: Num | B38: =COUNT(B9:B32) -> 24 | C38: =COUNT(C9:C32) -> 24 | D38: =COUNT(D9:D32) -> 24 | E38: =COUNT(E9:E32) -> 24 | F38: =COUNT(F9:F32) -> 24 | G38: =COUNT(G9:G32) -> 24 | H38: =COUNT(H9:H32) -> 24 | I38: =COUNT(I9:I32) -> 24 | ... Q38: =COUNT(Q9:Q32) -> 24
A39: DCR | B39: =IF(B38>=22,">90%",IF(B38<=22,"<90%")) -> >90% | C39: =IF(C38>=22,">90%",IF(C38<=22,"<90%")) -> >90% | D39: =IF(D38>=22,">90%",IF(D38<=22,"<90%")) -> >90% | E39: =IF(E38>=22,">90%",IF(E38<=22,"<90%")) -> >90% | F39: =IF(F38>=22,">90%",IF(F38<=22,"<90%")) -> >90% | G39: =IF(G38>=22,">90%",IF(G38<=22,"<90%")) -> >90% | H39: =IF(H38>=22,">90%",IF(H38<=22,"<90%")) -> >90% | I39: =IF(I38>=22,">90%",IF(I38<=22,"<90%")) -> >90% | ... Q39: =IF(Q38>=22,">90%",IF(Q38<=22,"<90%")) -> >90%
A40: Status | B40: =IF(B38>=22,"OK",IF(B38<=22,"LESS")) -> OK | C40: =IF(C38>=22,"OK",IF(C38<=22,"LESS")) -> OK | D40: =IF(D38>=22,"OK",IF(D38<=22,"LESS")) -> OK | E40: =IF(E38>=22,"OK",IF(E38<=22,"LESS")) -> OK | F40: =IF(F38>=22,"OK",IF(F38<=22,"LESS")) -> OK | G40: =IF(G38>=22,"OK",IF(G38<=22,"LESS")) -> OK | H40: =IF(H38>=22,"OK",IF(H38<=22,"LESS")) -> OK | I40: =IF(I38>=22,"OK",IF(I38<=22,"LESS")) -> OK | ... Q40: =IF(Q38>=22,"OK",IF(Q38<=22,"LESS")) -> OK
A43: Done by | B43: AKASH
A45: Comment

Sheet 24
A1: Station: | B1: IGKV ,RAIPUR
A2: Date: | B2: =$A$9 -> 24/02/2025 01:00 | D2: Power Off | G2: Pw.Off | L2: Link Fail | N2: Link F | P2: Maintenance | R2: Maint.
A3: Report Type: | B3: Mean | D3: Calibration | G3: Calib. | L3: Data Fail | N3: Data F | P3: Invalid | R3: Invalid
A4: Time Base: | B4: 01 Hour | D4: Zero Referrence | G4: Z.Ref | L4: Warm Up | N4: Wm. Up
A7: Date & Time | B7: NO | C7: NO2 | D7: NOX | E7: SO2 | F7: O3 | G7: PM 10 | H7: PM 2.5 | I7: BENZ | J7: WS | K7: WD | L7: TEMP | M7: HUM | N7: SR | O7: RG | P7: CO | Q7: NH3
B8: ug/m3 | C8: ug/m3 | D8: ppb | E8: ug/m3 | F8: ug/m3 | G8: ug/m3 | H8: ug/m3 | I8: ug/m3 | J8: m/sec | K8: deg | L8: degreC | M8: % | N8: w/m2 | O8: mm | P8: mg/m3 | Q8: ug/m3
A9: 24/02/2025 01:00 | B9: 20.03 | C9: 23.59 | D9: 29.74 | E9: 12.42 | F9: 4.65 | G9: 68.99 | H9: 21.5 | I9: 11.81 | J9: 0.67 | K9: 91.37 | L9: 21.15 | M9: 47.38 | N9: 1.1 | O9: 0 | P9: 0.75 | Q9: 12.97
A10: 24/02/2025 02:00 | B10: 20.5 | C10: 23.72 | D10: 30.11 | E10: 12.28 | F10: 5.07 | G10: 68.99 | H10: 22.27 | I10: 11.81 | J10: 0.68 | K10: 89.37 | L10: 21.72 | M10: 41.17 | N10: 1.1 | O10: 0 | P10: 0.77 | Q10: 12.97
A11: 24/02/2025 03:00 | B11: 20.25 | C11: 23.72 | D11: 29.96 | E11: 9.9 | F11: 5.15 | G11: 71.05 | H11: 26.22 | I11: 11.03 | J11: 0.26 | K11: 210.16 | L11: 20.67 | M11: 53.88 | N11: 1.6 | O11: 0 | P11: 0.77 | Q11: 12.97
A12: 24/02/2025 04:00 | B12: 18.99 | C12: 23.24 | D12: 28.72 | E12: 9.72 | F12: 5.94 | G12: 71.05 | H12: 26.22 | I12: 10.62 | J12: 0.22 | K12: 233.21 | L12: 18.28 | M12: 64.45 | N12: 1.4 | O12: 0 | P12: 0.75 | Q12: 12.97
A13: 24/02/2025 05:00 | B13: 17.34 | C13: 22.27 | D13: 26.86 | E13: 9.45 | F13: 7.16 | G13: 66.87 | H13: 21.59 | I13: 10.31 | J13: 0.25 | K13: 238.12 | L13: 18.3 | M13: 57.07 | N13: 1.1 | O13: 0 | P13: 0.73 | Q13: 12.95
A14: 24/02/2025 06:00 | B14: 19.47 | C14: 23.26 | D14: 29.12 | E14: 9.89 | F14: 6.56 | G14: 51.06 | H14: 16.44 | I14: 9.88 | J14: 0.62 | K14: 69.64 | L14: 18.71 | M14: 50.79 | N14: 0.9 | O14: 0 | P14: 0.62 | Q14: 12.96
A15: 24/02/2025 07:00 | B15: 20.77 | C15: 23.63 | D15: 30.05 | E15: 9.83 | F15: 6.36 | G15: 56.12 | H15: 16.44 | I15: 9.41 | J15: 0.53 | K15: 351.7 | L15: 18.44 | M15: 53.69 | N15: 13.6 | O15: 0 | P15: 0.61 | Q15: 12.98
A16: 24/02/2025 08:00 | B16: 21.88 | C16: 24.22 | D16: 31.55 | E16: 9.81 | F16: 6.89 | G16: 66.56 | H16: 16.41 | I16: 9.59 | J16: 0.9 | K16: 61.55 | L16: 20.26 | M16: 52.95 | N16: 49.9 | O16: 0 | P16: 0.72 | Q16: 12.97
A17: 24/02/2025 09:00 | B17: 21.07 | C17: 26.04 | D17: 31.42 | E17: 12.13 | F17: 5.94 | G17: 71.47 | H17: 23.94 | I17: 10.01 | J17: 1.22 | K17: 65.55 | L17: 24.69 | M17: 45.14 | N17: 254.9 | O17: 0 | P17: 0.79 | Q17: 12.96
A18: 24/02/2025 10:00 | B18: 19.15 | C18: 27.22 | D18: 30.58 | E18: 13.98 | F18: 5.46 | G18: 71.47 | H18: 33.88 | I18: 10.09 | J18: 1.18 | K18: 74.77 | L18: 27.87 | M18: 33.83 | N18: 315.8 | O18: 0 | P18: 0.83 | Q18: 12.93
A19: 24/02/2025 11:00 | B19: 18.39 | C19: 28.38 | D19: 30.54 | E19: 20.19 | F19: 4.59 | G19: 70.61 | H19: 38.43 | I19: 10.09 | J19: 0.96 | K19: 93.5 | L19: 30.09 | M19: 25.55 | N19: 349.7 | O19: 0 | P19: 0.86 | Q19: 12.93
A20: 24/02/2025 12:00 | B20: 18.39 | C20: Data F | D20: 30.54 | E20: 20.19 | F20: 4.16 | G20: 56.98 | H20: 40.96 | I20: 10.09 | J20: 0.38 | K20: 141.26 | L20: 32.3 | M20: 19.87 | N20: 371.7 | O20: 0 | P20: 0.51 | Q20: Data F
A21: 24/02/2025 13:00 | B21: Data F | C21: Data F | D21: 30.54 | E21: 39.77 | F21: 4.26 | G21: 59.6 | H21: 69.12 | I21: 10.09 | J21: 0.63 | K21: 77.39 | L21: 32.79 | M21: 18.24 | N21: 381.1 | O21: 0 | P21: 0.64 | Q21: Data F
A22: 24/02/2025 14:00 | B22: Data F | C22: Data F | D22: 30.54 | E22: 39.77 | F22: 4.2 | G22: 59.6 | H22: 69.12 | I22: 10.09 | J22: 1.18 | K22: 0.56 | L22: 33.37 | M22: 15.78 | N22: 365.4 | O22: 0 | P22: Data F | Q22: Data F
A23: 24/02/2025 15:00 | B23: Data F | C23: Data F | D23: 30.54 | E23: 39.77 | F23: 4.01 | G23: Data F | H23: Data F | I23: Data F | J23: Data F | K23: Data F | L23: Data F | M23: Data F | N23: Data F | O23: Data F | P23: Data F | Q23: Data F
A24: 24/02/2025 16:00 | B24: Data F | C24: Data F | D24: 30.54 | E24: 39.77 | F24: Data F | G24: Data F | H24: Data F | I24: Data F | J24: Data F | K24: Data F | L24: Data F | M24: Data F | N24: Data F | O24: Data F | P24: Data F | Q24: Data F
A25: 24/02/2025 17:00 | B25: 18.39 | C25: 28.38 | D25: 30.54 | E25: 13.53 | F25: Data F | G25: 51.09 | H25: 56.5 | I25: Data F | J25: 1.02 | K25: 359.55 | L25: 30.78 | M25: 20.34 | N25: 33.6 | O25: 0 | P25: Data F | Q25: Data F
A26: 24/02/2025 18:00 | B26: 14.6 | C26: 28.38 | D26: 30.54 | E26: 3.57 | F26: Data F | G26: 44.62 | H26: 31.64 | I26: Data F | J26: 0.15 | K26: 0.64 | L26: 30.31 | M26: 20.44 | N26: 22.9 | O26: 0 | P26: Data F | Q26: Data F
A27: 24/02/2025 19:00 | B27: 15.6 | C27: 28.38 | D27: 30.54 | E27: 7.87 | F27: Data F | G27: 50.98 | H27: 31.64 | I27: Data F | J27: 0.49 | K27: 65.42 | L27: 27.56 | M27: 27.26 | N27: 1.3 | O27: 0 | P27: Data F | Q27: Data F
A28: 24/02/2025 20:00 | B28: 12.5 | C28: 20.6 | D28: 30.54 | E28: 7.87 | F28: Data F | G28: 50.98 | H28: 24.21 | I28: Data F | J28: 0.26 | K28: 164.75 | L28: 23.71 | M28: 44.78 | N28: 1.5 | O28: 0 | P28: Data F | Q28: Data F
A29: 24/02/2025 21:00 | B29: 12.6 | C29: 21.5 | D29: 30.54 | E29: 5.84 | F29: Data F | G29: 173.26 | H29: 30.42 | I29: Data F | J29: 0.27 | K29: 164.73 | L29: 23.6 | M29: 49.92 | N29: 1.5 | O29: 0 | P29: Data F | Q29: Data F
A30: 24/02/2025 22:00 | B30: 23.6 | C30: 12.6 | D30: 30.54 | E30: 10.6 | F30: Data F | G30: 209.62 | H30: 28.68 | I30: Data F | J30: 0.23 | K30: 241.72 | L30: 22.51 | M30: 53.48 | N30: 1.3 | O30: 0 | P30: Data F | Q30: Data F
A31: 24/02/2025 23:00 | B31: 23.6 | C31: 23.6 | D31: 30.54 | E31: 0.12 | F31: Data F | G31: 127.2 | H31: 28.68 | I31: Data F | J31: 0.22 | K31: 133.88 | L31: 21.06 | M31: 59.18 | N31: 1.5 | O31: 0 | P31: Data F | Q31: Data F
A32: 24/02/2025 24:00 | B32: 23.6 | C32: 23.6 | D32: 30.54 | E32: 6.61 | F32: Data F | G32: 86.64 | H32: 23.68 | I32: Data F | J32: 0.21 | K32: 193.97 | L32: 20.5 | M32: 61.41 | N32: 1.1 | O32: 0 | P32: Data F | Q32: Data F
A34: Min | B34: =MIN(B9:B32) -> 12.5 | C34: =MIN(C9:C32) -> 12.6 | D34: =MIN(D9:D32) -> 26.86 | E34: =MIN(E9:E32) -> 0.12 | F34: =MIN(F9:F32) -> 4.01 | G34: =MIN(G9:G32) -> 44.62 | H34: =MIN(H9:H32) -> 16.41 | I34: =MIN(I9:I32) -> 9.41 | ... Q34: =MIN(Q9:Q32) -> 12.93
A35: Max | B35: =MAX(B9:B32) -> 23.6 | C35: =MAX(C9:C32) -> 28.38 | D35: =MAX(D9:D32) -> 31.55 | E35: =MAX(E9:E32) -> 39.77 | F35: =MAX(F9:F32) -> 7.16 | G35: =MAX(G9:G32) -> 209.62 | H35: =MAX(H9:H32) -> 69.12 | I35: =MAX(I9:I32) -> 11.81 | ... Q35: =MAX(Q9:Q32) -> 12.98
A36: Avg | B36: =AVERAGE(B9:B32) -> 19.036 | C36: =AVERAGE(C9:C32) -> 24.017368 | D36: =AVERAGE(D9:D32) -> 30.23625 | E36: =AVERAGE(E9:E32) -> 15.203333 | F36: =AVERAGE(F9:F32) -> 5.36 | G36: =AVERAGE(G9:G32) -> 77.491364 | H36: =AVERAGE(H9:H32) -> 31.726818 | I36: =AVERAGE(I9:I32) -> 10.351429 | ... Q36: =AVERAGE(Q9:Q32) -> 12.96
A37: Stdev | B37: =STDEV(B9:B32) -> 3.2629102 | C37: =STDEV(C9:C32) -> 3.6816374 | D37: =STDEV(D9:D32) -> 0.92910341 | E37: =STDEV(E9:E32) -> 12.022521 | F37: =STDEV(F9:F32) -> 1.0605592 | G37: =STDEV(G9:G32) -> 40.920068 | H37: =STDEV(H9:H32) -> 15.128987 | I37: =STDEV(I9:I32) -> 0.73042514 | ... Q37: =STDEV(Q9:Q32) -> 0.016733201
A38: Num | B38: =COUNT(B9:B32)+4 -> 24 | C38: =COUNT(C9:C32)+5 -> 24 | D38: =COUNT(D9:D32) -> 24 | E38: =COUNT(E9:E32) -> 24 | F38: =COUNT(F9:F32)+9 -> 24 | G38: =COUNT(G9:G32)+2 -> 24 | H38: =COUNT(H9:H32)+2 -> 24 | I38: =COUNT(I9:I32)+10 -> 24 | J38: =COUNT(J9:J32)+2 -> 24 | K38: =COUNT(K9:K32)+2 -> 24 | L38: =COUNT(L9:L32)+2 -> 24 | M38: =COUNT(M9:M32)+2 -> 24 | N38: =COUNT(N9:N32)+2 -> 24 | O38: =COUNT(O9:O32)+2 -> 24 | P38: =COUNT(P9:P32)+11 -> 24 | Q38: =COUNT(Q9:Q32)+13 -> 24
A39: DCR | B39: =IF(B38>=22,">90%",IF(B38<=22,"<90%")) -> >90% | C39: =IF(C38>=22,">90%",IF(C38<=22,"<90%")) -> >90% | D39: =IF(D38>=22,">90%",IF(D38<=22,"<90%")) -> >90% | E39: =IF(E38>=22,">90%",IF(E38<=22,"<90%")) -> >90% | F39: =IF(F38>=22,">90%",IF(F38<=22,"<90%")) -> >90% | G39: =IF(G38>=22,">90%",IF(G38<=22,"<90%")) -> >90% | H39: =IF(H38>=22,">90%",IF(H38<=22,"<90%")) -> >90% | I39: =IF(I38>=22,">90%",IF(I38<=22,"<90%")) -> >90% | ... Q39: =IF(Q38>=22,">90%",IF(Q38<=22,"<90%")) -> >90%
A40: Status | B40: =IF(B38>=22,"OK",IF(B38<=22,"LESS")) -> OK | C40: =IF(C38>=22,"OK",IF(C38<=22,"LESS")) -> OK | D40: =IF(D38>=22,"OK",IF(D38<=22,"LESS")) -> OK | E40: =IF(E38>=22,"OK",IF(E38<=22,"LESS")) -> OK | F40: =IF(F38>=22,"OK",IF(F38<=22,"LESS")) -> OK | G40: =IF(G38>=22,"OK",IF(G38<=22,"LESS")) -> OK | H40: =IF(H38>=22,"OK",IF(H38<=22,"LESS")) -> OK | I40: =IF(I38>=22,"OK",IF(I38<=22,"LESS")) -> OK | ... Q40: =IF(Q38>=22,"OK",IF(Q38<=22,"LESS")) -> OK
A43: Done by | B43: AKASH
A45: Comment

Sheet 25
A1: Station: | B1: IGKV ,RAIPUR
A2: Date: | B2: =$A$9 -> 25/02/2025 01:00 | D2: Power Off | G2: Pw.Off | L2: Link Fail | N2: Link F | P2: Maintenance | R2: Maint.
A3: Report Type: | B3: Mean | D3: Calibration | G3: Calib. | L3: Data Fail | N3: Data F | P3: Invalid | R3: Invalid
A4: Time Base: | B4: 01 Hour | D4: Zero Referrence | G4: Z.Ref | L4: Warm Up | N4: Wm. Up
A7: Date & Time | B7: NO | C7: NO2 | D7: NOX | E7: SO2 | F7: O3 | G7: PM 10 | H7: PM 2.5 | I7: BENZ | J7: WS | K7: WD | L7: TEMP | M7: HUM | N7: SR | O7: RG | P7: CO | Q7: NH3
B8: ug/m3 | C8: ug/m3 | D8: ppb | E8: ug/m3 | F8: ug/m3 | G8: ug/m3 | H8: ug/m3 | I8: ug/m3 | J8: m/sec | K8: deg | L8: degreC | M8: % | N8: w/m2 | O8: mm | P8: mg/m3 | Q8: ug/m3
A9: 25/02/2025 01:00 | B9: Data F | C9: Data F | D9: Data F | E9: 8.91 | F9: 4.29 | G9: 108.9 | H9: 22.03 | I9: Data F | J9: 0.23 | K9: 157.58 | L9: 20.46 | M9: 56.37 | N9: 1.2 | O9: 0 | P9: 0.95 | Q9: Data F
A10: 25/02/2025 02:00 | B10: Data F | C10: Data F | D10: Data F | E10: 1.52 | F10: 4.19 | G10: 108.9 | H10: 22.03 | I10: Data F | J10: 0.22 | K10: 178.25 | L10: 19.94 | M10: 54.63 | N10: 1 | O10: 0 | P10: 0.95 | Q10: Data F
A11: 25/02/2025 03:00 | B11: Data F | C11: Data F | D11: Data F | E11: 6.47 | F11: 4.23 | G11: 80.11 | H11: 25.94 | I11: Data F | J11: 0.43 | K11: 169.54 | L11: 21.04 | M11: 48.5 | N11: 1.2 | O11: 0 | P11: 0.91 | Q11: Data F
A12: 25/02/2025 04:00 | B12: Data F | C12: Data F | D12: Data F | E12: Data F | F12: 4.26 | G12: 69.2 | H12: 25.94 | I12: Data F | J12: 0.22 | K12: 179.61 | L12: 20.16 | M12: 53.1 | N12: 1.3 | O12: 0 | P12: 0.89 | Q12: Data F
A13: 25/02/2025 05:00 | B13: Data F | C13: Data F | D13: Data F | E13: 10.57 | F13: 4.1 | G13: 52.61 | H13: 21.06 | I13: Data F | J13: 0.56 | K13: 69.22 | L13: 20.05 | M13: 52.63 | N13: 1.1 | O13: 0 | P13: 0.82 | Q13: Data F
A14: 25/02/2025 06:00 | B14: Data F | C14: Data F | D14: Data F | E14: Data F | F14: 4.01 | G14: 51.43 | H14: 20.96 | I14: Data F | J14: 0.16 | K14: 91.87 | L14: 19.14 | M14: 56.3 | N14: 1.2 | O14: 0 | P14: 0.8 | Q14: Data F
A15: 25/02/2025 07:00 | B15: Data F | C15: Data F | D15: Data F | E15: 6.16 | F15: 3.92 | G15: 68.08 | H15: 16.82 | I15: Data F | J15: 0.43 | K15: 51.39 | L15: 18.93 | M15: 58.01 | N15: 13.6 | O15: 0 | P15: 0.88 | Q15: Data F
A16: 25/02/2025 08:00 | B16: Data F | C16: Data F | D16: Data F | E16: Data F | F16: 4.06 | G16: 95.06 | H16: 21.17 | I16: Data F | J16: 1.02 | K16: 51.86 | L16: 21.42 | M16: 53.57 | N16: 55.7 | O16: 0 | P16: 0.9 | Q16: Data F
A17: 25/02/2025 09:00 | B17: Data F | C17: Data F | D17: Data F | E17: 5.43 | F17: 4.47 | G17: 110.75 | H17: 25.36 | I17: Data F | J17: 1.37 | K17: 57.22 | L17: 23.78 | M17: 44.63 | N17: 222.2 | O17: 0 | P17: 0.96 | Q17: Data F
A18: 25/02/2025 10:00 | B18: Data F | C18: Data F | D18: Data F | E18: 8.08 | F18: 4.65 | G18: 150.65 | H18: 33.21 | I18: Data F | J18: 0.97 | K18: 65.3 | L18: 27.49 | M18: 30.84 | N18: 290.7 | O18: 0 | P18: 1.09 | Q18: Data F
A19: 25/02/2025 11:00 | B19: Data F | C19: Data F | D19: Data F | E19: 10.23 | F19: 5.07 | G19: 174.4 | H19: 33.21 | I19: Data F | J19: 0.8 | K19: 0.29 | L19: 28.31 | M19: 27.21 | N19: 246.7 | O19: 0 | P19: 1.17 | Q19: Data F
A20: 25/02/2025 12:00 | B20: Pw.Off | C20: Pw.Off | D20: Pw.Off | E20: Pw.Off | F20: Pw.Off | G20: Pw.Off | H20: Pw.Off | I20: Pw.Off | J20: Pw.Off | K20: Pw.Off | L20: Pw.Off | M20: Pw.Off | N20: Pw.Off | O20: Pw.Off | P20: Pw.Off | Q20: Pw.Off
A21: 25/02/2025 13:00 | B21: 3.3 | C21: 23.9 | D21: 16.48 | E21: 38.52 | F21: 5.94 | G21: 17.32 | H21: 0 | I21: 5.05 | J21: 1.32 | K21: 72.79 | L21: 32.23 | M21: 22.06 | N21: 363.7 | O21: 0 | P21: 0.73 | Q21: Data F
A22: 25/02/2025 14:00 | B22: 2.54 | C22: 26.43 | D22: 17.2 | E22: 16.12 | F22: 7.16 | G22: 52.81 | H22: 36.76 | I22: 12.5 | J22: 0.76 | K22: 276.04 | L22: 33.18 | M22: 20.66 | N22: 351.1 | O22: 0 | P22: 0.65 | Q22: 8.84
A23: 25/02/2025 15:00 | B23: 2.58 | C23: 21.75 | D23: 14.79 | E23: 9.25 | F23: 6.56 | G23: 52.81 | H23: 42.46 | I23: 11.97 | J23: 0.79 | K23: 316.81 | L23: 33.69 | M23: 19.53 | N23: 350.9 | O23: 0 | P23: 0.73 | Q23: 8.84
A24: 25/02/2025 16:00 | B24: 2.58 | C24: 21.02 | D24: 14.4 | E24: 5.63 | F24: 6.36 | G24: 40.81 | H24: 42.46 | I24: 10.81 | J24: 0.72 | K24: 317.78 | L24: 32.21 | M24: 20.47 | N24: 66.7 | O24: 0 | P24: 0.71 | Q24: 8.84
A25: 25/02/2025 17:00 | B25: 2.59 | C25: 21.37 | D25: 14.6 | E25: 22.28 | F25: 6.89 | G25: 65 | H25: 34.01 | I25: 7.41 | J25: 0.86 | K25: 338.27 | L25: 31.65 | M25: 21.59 | N25: 59 | O25: 0 | P25: 0.67 | Q25: 8.84
A26: 25/02/2025 18:00 | B26: 3.16 | C26: 24.86 | D26: 16.87 | E26: 0.59 | F26: 5.94 | G26: 65 | H26: 32.41 | I26: 8.51 | J26: 0.66 | K26: 61.09 | L26: 30.9 | M26: 25.81 | N26: 25.2 | O26: 0 | P26: 0.66 | Q26: 8.84
A27: 25/02/2025 19:00 | B27: 4.2 | C27: 29.63 | D27: 20.2 | E27: 12.69 | F27: 5.46 | G27: 91.52 | H27: 33.05 | I27: 8.7 | J27: 0.39 | K27: 171.47 | L27: 28.92 | M27: 38.49 | N27: 1.9 | O27: 0 | P27: 0.72 | Q27: 8.84
A28: 25/02/2025 20:00 | B28: 4.87 | C28: 30.57 | D28: 21.14 | E28: 9.61 | F28: 4.59 | G28: 118.27 | H28: 34.64 | I28: 8.95 | J28: 0.3 | K28: 217.41 | L28: 25.73 | M28: 50.23 | N28: 1.5 | O28: 0 | P28: 0.76 | Q28: 8.84
A29: 25/02/2025 21:00 | B29: 8.06 | C29: 31.11 | D29: 23.95 | E29: 10.17 | F29: 4.16 | G29: 118.27 | H29: 37.07 | I29: 9.74 | J29: 0.23 | K29: 220.86 | L29: 23.9 | M29: 58.74 | N29: 1.2 | O29: 0 | P29: 0.84 | Q29: 8.84
A30: 25/02/2025 22:00 | B30: 8.8 | C30: 30.29 | D30: 23.67 | E30: 9.94 | F30: 4.26 | G30: 116 | H30: 37.15 | I30: 10.55 | J30: 0.26 | K30: 224.56 | L30: 22.7 | M30: 64.41 | N30: 1.3 | O30: 0 | P30: 0.89 | Q30: 8.84
A31: 25/02/2025 23:00 | B31: 11.74 | C31: 28.3 | D31: 24.67 | E31: 9.86 | F31: 4.2 | G31: 116 | H31: 26.17 | I31: 11.23 | J31: 0.25 | K31: 209.77 | L31: 21.79 | M31: 66.52 | N31: 1.2 | O31: 0 | P31: 0.95 | Q31: 8.84
A32: 25/02/2025 24:00 | B32: 13.33 | C32: 25.79 | D32: 24.91 | E32: 9.33 | F32: 4.01 | G32: 101.17 | H32: 28.87 | I32: 11.56 | J32: 0.55 | K32: 210.66 | L32: 21.25 | M32: 67.25 | N32: 1 | O32: 0 | P32: 0.98 | Q32: 8.84
A34: Min | B34: =MIN(B9:B32) -> 2.54 | C34: =MIN(C9:C32) -> 21.02 | D34: =MIN(D9:D32) -> 14.4 | E34: =MIN(E9:E32) -> 0.59 | F34: =MIN(F9:F32) -> 3.92 | G34: =MIN(G9:G32) -> 17.32 | H34: =MIN(H9:H32) -> 0 | I34: =MIN(I9:I32) -> 5.05 | ... Q34: =MIN(Q9:Q32) -> 8.84
A35: Max | B35: =MAX(B9:B32) -> 13.33 | C35: =MAX(C9:C32) -> 31.11 | D35: =MAX(D9:D32) -> 24.91 | E35: =MAX(E9:E32) -> 38.52 | F35: =MAX(F9:F32) -> 7.16 | G35: =MAX(G9:G32) -> 174.4 | H35: =MAX(H9:H32) -> 42.46 | I35: =MAX(I9:I32) -> 12.5 | ... Q35: =MAX(Q9:Q32) -> 8.84
A36: Avg | B36: =AVERAGE(B9:B32) -> 5.6458333 | C36: =AVERAGE(C9:C32) -> 26.251667 | D36: =AVERAGE(D9:D32) -> 19.406667 | E36: =AVERAGE(E9:E32) -> 10.568 | F36: =AVERAGE(F9:F32) -> 4.9034783 | G36: =AVERAGE(G9:G32) -> 88.046522 | H36: =AVERAGE(H9:H32) -> 28.381739 | I36: =AVERAGE(I9:I32) -> 9.7483333 | ... Q36: =AVERAGE(Q9:Q32) -> 8.84
A37: Stdev | B37: =STDEV(B9:B32) -> 3.8626403 | C37: =STDEV(C9:C32) -> 3.7337084 | D37: =STDEV(D9:D32) -> 4.1538029 | E37: =STDEV(E9:E32) -> 8.0672878 | F37: =STDEV(F9:F32) -> 1.0417625 | G37: =STDEV(G9:G32) -> 37.280808 | H37: =STDEV(H9:H32) -> 9.4897455 | I37: =STDEV(I9:I32) -> 2.1440566 | ... Q37: =STDEV(Q9:Q32) -> 1.8630588e-15
A38: Num | B38: =COUNT(B9:B32)+12 -> 24 | C38: =COUNT(C9:C32)+12 -> 24 | D38: =COUNT(D9:D32)+12 -> 24 | E38: =COUNT(E9:E32)+4 -> 24 | F38: =COUNT(F9:F32)+1 -> 24 | G38: =COUNT(G9:G32)+1 -> 24 | H38: =COUNT(H9:H32)+1 -> 24 | I38: =COUNT(I9:I32)+12 -> 24 | J38: =COUNT(J9:J32)+1 -> 24 | K38: =COUNT(K9:K32)+1 -> 24 | L38: =COUNT(L9:L32)+1 -> 24 | M38: =COUNT(M9:M32)+1 -> 24 | N38: =COUNT(N9:N32)+1 -> 24 | O38: =COUNT(O9:O32)+1 -> 24 | P38: =COUNT(P9:P32)+1 -> 24 | Q38: =COUNT(Q9:Q32)+13 -> 24
A39: DCR | B39: =IF(B38>=22,">90%",IF(B38<=22,"<90%")) -> >90% | C39: =IF(C38>=22,">90%",IF(C38<=22,"<90%")) -> >90% | D39: =IF(D38>=22,">90%",IF(D38<=22,"<90%")) -> >90% | E39: =IF(E38>=22,">90%",IF(E38<=22,"<90%")) -> >90% | F39: =IF(F38>=22,">90%",IF(F38<=22,"<90%")) -> >90% | G39: =IF(G38>=22,">90%",IF(G38<=22,"<90%")) -> >90% | H39: =IF(H38>=22,">90%",IF(H38<=22,"<90%")) -> >90% | I39: =IF(I38>=22,">90%",IF(I38<=22,"<90%")) -> >90% | ... Q39: =IF(Q38>=22,">90%",IF(Q38<=22,"<90%")) -> >90%
A40: Status | B40: =IF(B38>=22,"OK",IF(B38<=22,"LESS")) -> OK | C40: =IF(C38>=22,"OK",IF(C38<=22,"LESS")) -> OK | D40: =IF(D38>=22,"OK",IF(D38<=22,"LESS")) -> OK | E40: =IF(E38>=22,"OK",IF(E38<=22,"LESS")) -> OK | F40: =IF(F38>=22,"OK",IF(F38<=22,"LESS")) -> OK | G40: =IF(G38>=22,"OK",IF(G38<=22,"LESS")) -> OK | H40: =IF(H38>=22,"OK",IF(H38<=22,"LESS")) -> OK | I40: =IF(I38>=22,"OK",IF(I38<=22,"LESS")) -> OK | ... Q40: =IF(Q38>=22,"OK",IF(Q38<=22,"LESS")) -> OK
A43: Done by | B43: AKASH
A45: Comment

Sheet 26
A1: Station: | B1: IGKV ,RAIPUR
A2: Date: | B2: =$A$9 -> 26/02/2025 01:00 | D2: Power Off | G2: Pw.Off | L2: Link Fail | N2: Link F | P2: Maintenance | R2: Maint.
A3: Report Type: | B3: Mean | D3: Calibration | G3: Calib. | L3: Data Fail | N3: Data F | P3: Invalid | R3: Invalid
A4: Time Base: | B4: 01 Hour | D4: Zero Referrence | G4: Z.Ref | L4: Warm Up | N4: Wm. Up
A7: Date & Time | B7: NO | C7: NO2 | D7: NOX | E7: SO2 | F7: O3 | G7: PM 10 | H7: PM 2.5 | I7: BENZ | J7: WS | K7: WD | L7: TEMP | M7: HUM | N7: SR | O7: RG | P7: CO | Q7: NH3
B8: ug/m3 | C8: ug/m3 | D8: ppb | E8: ug/m3 | F8: ug/m3 | G8: ug/m3 | H8: ug/m3 | I8: ug/m3 | J8: m/sec | K8: deg | L8: degreC | M8: % | N8: w/m2 | O8: mm | P8: mg/m3 | Q8: ug/m3
A9: 26/02/2025 01:00 | B9: 16.81 | C9: 24.6 | D9: 27.63 | E9: 9.76 | F9: 4.09 | G9: 111.8 | H9: 32.42 | I9: 12.03 | J9: 0.61 | K9: 53.73 | L9: 22.28 | M9: 53.13 | N9: 0.8 | O9: 0 | P9: 1 | Q9: 8.35
A10: 26/02/2025 02:00 | B10: 17.4 | C10: 24.55 | D10: 27.81 | E10: 9.71 | F10: 4.14 | G10: 111.8 | H10: 32.87 | I10: 12 | J10: 0.44 | K10: 149.86 | L10: 22.05 | M10: 62.12 | N10: 1.5 | O10: 0 | P10: 1 | Q10: 7.83
A11: 26/02/2025 03:00 | B11: 18.18 | C11: 23.37 | D11: 28.05 | E11: 10.04 | F11: 4.15 | G11: 102.07 | H11: 28.26 | I11: 11.8 | J11: 0.55 | K11: 89.9 | L11: 21.21 | M11: 53.43 | N11: 1.1 | O11: 0 | P11: 0.99 | Q11: 7.78
A12: 26/02/2025 04:00 | B12: 17.01 | C12: 24.48 | D12: 27.23 | E12: 10.31 | F12: 4.13 | G12: 91.04 | H12: 28.67 | I12: 11.74 | J12: 0.47 | K12: 101.65 | L12: 20.4 | M12: 56.65 | N12: 1.4 | O12: 0 | P12: 0.94 | Q12: 7.66
A13: 26/02/2025 05:00 | B13: 15.15 | C13: 25.33 | D13: 25.87 | E13: 9.81 | F13: 4.03 | G13: 84.73 | H13: 26.2 | I13: 11.5 | J13: 0.59 | K13: 174.05 | L13: 19.92 | M13: 63.68 | N13: 1.6 | O13: 0 | P13: 0.9 | Q13: 7.58
A14: 26/02/2025 06:00 | B14: 13.65 | C14: 25.06 | D14: 25.36 | E14: 9.94 | F14: 4.09 | G14: 77.01 | H14: 22.48 | I14: 11.25 | J14: 0.22 | K14: 201.04 | L14: 18.55 | M14: 65.85 | N14: 1.5 | O14: 0 | P14: 0.9 | Q14: 7.85
A15: 26/02/2025 07:00 | B15: 13.53 | C15: 25.16 | D15: 25.23 | E15: 9.77 | F15: 4.09 | G15: 77.01 | H15: 23.3 | I15: 10.85 | J15: 0.2 | K15: 219.29 | L15: 17.27 | M15: 72.88 | N15: 13.6 | O15: 0 | P15: 0.85 | Q15: 7.73
A16: 26/02/2025 08:00 | B16: 16.08 | C16: 25.77 | D16: 27.71 | E16: 9.73 | F16: 3.95 | G16: 72.65 | H16: 23.3 | I16: 10.74 | J16: 0.73 | K16: 70.79 | L16: 20.97 | M16: 66.17 | N16: 51.5 | O16: 0 | P16: 0.85 | Q16: 7.44
A17: 26/02/2025 09:00 | B17: 16.21 | C17: 26.33 | D17: 28.11 | E17: 10.48 | F17: 4.32 | G17: 76.28 | H17: 59.32 | I17: 10.9 | J17: 1.08 | K17: 71.34 | L17: 24.69 | M17: 46.01 | N17: 253.8 | O17: 0 | P17: 0.89 | Q17: 7.1
A18: 26/02/2025 10:00 | B18: 14.93 | C18: 25.58 | D18: 26.69 | E18: 14.54 | F18: 4.44 | G18: 85.73 | H18: 59.32 | I18: 10.82 | J18: 1.13 | K18: 56.2 | L18: 26.96 | M18: 35.33 | N18: 315.5 | O18: 0 | P18: 0.84 | Q18: 6.59
A19: 26/02/2025 11:00 | B19: 12.85 | C19: 26.37 | D19: 24.86 | E19: 18.66 | F19: 5.06 | G19: 85.73 | H19: 24.14 | I19: 10.41 | J19: 1.22 | K19: 51.71 | L19: 29.75 | M19: 31.48 | N19: 349.2 | O19: 0 | P19: 0.8 | Q19: 6.08
A20: 26/02/2025 12:00 | B20: 9.4 | C20: 27.35 | D20: 22.82 | E20: 29.24 | F20: 7.61 | G20: 77.63 | H20: 23.53 | I20: 9.95 | J20: 1.34 | K20: 330.18 | L20: 30.56 | M20: 24.09 | N20: 360.7 | O20: 0 | P20: 0.75 | Q20: 5.7
... A32: 26/02/2025 24:00 | B32: 25.94 | C32: 23.47 | D32: 34.2 | E32: 12.75 | F32: 4.07 | G32: 121.22 | H32: 21.85 | I32: 12.07 | J32: 0.18 | K32: 194.71 | L32: 19.92 | M32: 55.02 | N32: 1.1 | O32: 0 | P32: 1.02 | Q32: 6.75
A34: Min | B34: =MIN(B9:B32) -> 4.73 | C34: =MIN(C9:C32) -> 22.07 | D34: =MIN(D9:D32) -> 16.81 | E34: =MIN(E9:E32) -> 9.71 | F34: =MIN(F9:F32) -> 3.95 | G34: =MIN(G9:G32) -> 35.65 | H34: =MIN(H9:H32) -> 12.81 | I34: =MIN(I9:I32) -> 5.66 | ... Q34: =MIN(Q9:Q32) -> 5.37
A35: Max | B35: =MAX(B9:B32) -> 25.94 | C35: =MAX(C9:C32) -> 27.57 | D35: =MAX(D9:D32) -> 34.2 | E35: =MAX(E9:E32) -> 29.24 | F35: =MAX(F9:F32) -> 10.06 | G35: =MAX(G9:G32) -> 243.77 | H35: =MAX(H9:H32) -> 62.17 | I35: =MAX(I9:I32) -> 12.07 | ... Q35: =MAX(Q9:Q32) -> 8.35
A36: Avg | B36: =AVERAGE(B9:B32) -> 13.522917 | C36: =AVERAGE(C9:C32) -> 24.496667 | D36: =AVERAGE(D9:D32) -> 24.83375 | E36: =AVERAGE(E9:E32) -> 13.33625 | F36: =AVERAGE(F9:F32) -> 5.4225 | G36: =AVERAGE(G9:G32) -> 91.449167 | H36: =AVERAGE(H9:H32) -> 29.53875 | I36: =AVERAGE(I9:I32) -> 10.01375 | ... Q36: =AVERAGE(Q9:Q32) -> 6.6995833
A37: Stdev | B37: =STDEV(B9:B32) -> 6.386759 | C37: =STDEV(C9:C32) -> 1.7206032 | D37: =STDEV(D9:D32) -> 5.0127011 | E37: =STDEV(E9:E32) -> 4.707595 | F37: =STDEV(F9:F32) -> 1.9284985 | G37: =STDEV(G9:G32) -> 51.322019 | H37: =STDEV(H9:H32) -> 14.747373 | I37: =STDEV(I9:I32) -> 1.9027367 | ... Q37: =STDEV(Q9:Q32) -> 0.92850735
A38: Num | B38: =COUNT(B9:B32) -> 24 | C38: =COUNT(C9:C32) -> 24 | D38: =COUNT(D9:D32) -> 24 | E38: =COUNT(E9:E32) -> 24 | F38: =COUNT(F9:F32) -> 24 | G38: =COUNT(G9:G32) -> 24 | H38: =COUNT(H9:H32) -> 24 | I38: =COUNT(I9:I32) -> 24 | ... Q38: =COUNT(Q9:Q32) -> 24
A39: DCR | B39: =IF(B38>=22,">90%",IF(B38<=22,"<90%")) -> >90% | C39: =IF(C38>=22,">90%",IF(C38<=22,"<90%")) -> >90% | D39: =IF(D38>=22,">90%",IF(D38<=22,"<90%")) -> >90% | E39: =IF(E38>=22,">90%",IF(E38<=22,"<90%")) -> >90% | F39: =IF(F38>=22,">90%",IF(F38<=22,"<90%")) -> >90% | G39: =IF(G38>=22,">90%",IF(G38<=22,"<90%")) -> >90% | H39: =IF(H38>=22,">90%",IF(H38<=22,"<90%")) -> >90% | I39: =IF(I38>=22,">90%",IF(I38<=22,"<90%")) -> >90% | ... Q39: =IF(Q38>=22,">90%",IF(Q38<=22,"<90%")) -> >90%
A40: Status | B40: =IF(B38>=22,"OK",IF(B38<=22,"LESS")) -> OK | C40: =IF(C38>=22,"OK",IF(C38<=22,"LESS")) -> OK | D40: =IF(D38>=22,"OK",IF(D38<=22,"LESS")) -> OK | E40: =IF(E38>=22,"OK",IF(E38<=22,"LESS")) -> OK | F40: =IF(F38>=22,"OK",IF(F38<=22,"LESS")) -> OK | G40: =IF(G38>=22,"OK",IF(G38<=22,"LESS")) -> OK | H40: =IF(H38>=22,"OK",IF(H38<=22,"LESS")) -> OK | I40: =IF(I38>=22,"OK",IF(I38<=22,"LESS")) -> OK | ... Q40: =IF(Q38>=22,"OK",IF(Q38<=22,"LESS")) -> OK
A43: Done by | B43: AKASH
A45: Comment

Sheet 27
A1: Station: | B1: IGKV ,RAIPUR
A2: Date: | B2: =$A$9 -> 27/02/2025 01:00 | D2: Power Off | G2: Pw.Off | L2: Link Fail | N2: Link F | P2: Maintenance | R2: Maint.
A3: Report Type: | B3: Mean | D3: Calibration | G3: Calib. | L3: Data Fail | N3: Data F | P3: Invalid | R3: Invalid
A4: Time Base: | B4: 01 Hour | D4: Zero Referrence | G4: Z.Ref | L4: Warm Up | N4: Wm. Up
A7: Date & Time | B7: NO | C7: NO2 | D7: NOX | E7: SO2 | F7: O3 | G7: PM 10 | H7: PM 2.5 | I7: BENZ | J7: WS | K7: WD | L7: TEMP | M7: HUM | N7: SR | O7: RG | P7: CO | Q7: NH3
B8: ug/m3 | C8: ug/m3 | D8: ppb | E8: ug/m3 | F8: ug/m3 | G8: ug/m3 | H8: ug/m3 | I8: ug/m3 | J8: m/sec | K8: deg | L8: degreC | M8: % | N8: w/m2 | O8: mm | P8: mg/m3 | Q8: ug/m3
A9: 27/02/2025 01:00 | B9: 27.33 | C9: 24.31 | D9: 35.81 | E9: 12.69 | F9: 4.2 | G9: 114.07 | H9: 22.92 | I9: 12.25 | J9: 0.3 | K9: 220.05 | L9: 19.58 | M9: 62 | N9: 1.1 | O9: 0 | P9: 1.05 | Q9: 6.78
A10: 27/02/2025 02:00 | B10: 31.71 | C10: 24.63 | D10: 39.65 | E10: 12.86 | F10: 4.26 | G10: 114.07 | H10: 23.37 | I10: 12.49 | J10: 0.26 | K10: 179.78 | L10: 19.46 | M10: 62.83 | N10: 0.8 | O10: 0 | P10: 1.09 | Q10: 6.69
A11: 27/02/2025 03:00 | B11: 35.17 | C11: 26.05 | D11: 42.92 | E11: 12.18 | F11: 4.24 | G11: 95.46 | H11: 14.54 | I11: 13.19 | J11: 0.57 | K11: 179.67 | L11: 20.82 | M11: 64.15 | N11: 2.1 | O11: 0 | P11: 1.13 | Q11: 7.26
A12: 27/02/2025 04:00 | B12: 33.36 | C12: 25.63 | D12: 41.5 | E12: 12.21 | F12: 3.99 | G12: 105.41 | H12: 16.1 | I12: 13.79 | J12: 0.2 | K12: 225.91 | L12: 17.88 | M12: 71.1 | N12: 1.6 | O12: 0 | P12: 1.2 | Q12: 7.59
A13: 27/02/2025 05:00 | B13: 30.05 | C13: 24.31 | D13: 38.15 | E13: 11.44 | F13: 3.98 | G13: 105.41 | H13: 16.57 | I13: 14.16 | J13: 0.23 | K13: 185.33 | L13: 16.86 | M13: 72.87 | N13: 1 | O13: 0 | P13: 1.23 | Q13: 7.62
A14: 27/02/2025 06:00 | B14: 28.1 | C14: 23.13 | D14: 35.92 | E14: 11.54 | F14: 3.94 | G14: 88.96 | H14: 21.27 | I14: 14.6 | J14: 0.22 | K14: 193.5 | L14: 16.61 | M14: 75.92 | N14: 1 | O14: 0 | P14: 1.26 | Q14: 7.27
A15: 27/02/2025 07:00 | B15: 26.17 | C15: 22.62 | D15: 34.15 | E15: 11.35 | F15: 3.91 | G15: 88.96 | H15: 21.93 | I15: 14.76 | J15: 0.26 | K15: 247.91 | L15: 16.47 | M15: 73.5 | N15: 13.9 | O15: 0 | P15: 1.27 | Q15: 7.27
A16: 27/02/2025 08:00 | B16: 24.42 | C16: 23.83 | D16: 33.32 | E16: 11.16 | F16: 4.01 | G16: 81.81 | H16: 15.59 | I16: 14.62 | J16: 0.72 | K16: 193.09 | L16: 21.29 | M16: 68.29 | N16: 54.3 | O16: 0 | P16: 1.25 | Q16: 7.24
A17: 27/02/2025 09:00 | B17: 26.32 | C17: 27.57 | D17: 36.86 | E17: 13.45 | F17: 4.53 | G17: 95.6 | H17: 15.41 | I17: 14.46 | J17: 1.27 | K17: 58.06 | L17: 25.22 | M17: 43.6 | N17: 245.7 | O17: 0 | P17: 1.23 | Q17: 7.1
A18: 27/02/2025 10:00 | B18: 28.91 | C18: 33.03 | D18: 40.72 | E18: 15.47 | F18: 5.95 | G18: 95.6 | H18: 18.33 | I18: 13.83 | J18: 1.75 | K18: 60.06 | L18: 27.67 | M18: 32.41 | N18: 307.1 | O18: 0 | P18: 1.08 | Q18: 7.07
A19: 27/02/2025 11:00 | B19: 25.05 | C19: 35.94 | D19: 39.07 | E19: 21.67 | F19: 8.54 | G19: 69.43 | H19: 20.18 | I19: 12.3 | J19: 1.68 | K19: 57.34 | L19: 30.08 | M19: 28.01 | N19: 342.3 | O19: 0 | P19: 0.96 | Q19: 6.51
A20: 27/02/2025 12:00 | B20: 22.11 | C20: 37.55 | D20: 38.13 | E20: 27.1 | F20: 11.04 | G20: 72.96 | H20: 20.4 | I20: 11.09 | J20: 1.28 | K20: 70.54 | L20: 32.13 | M20: 23.17 | N20: 357.6 | O20: 0 | P20: 0.83 | Q20: 6.23
... A23: 27/02/2025 15:00 | B23: 11.8 | C23: 34.11 | D23: 28.63 | E23: 21.35 | F23: 10.71 | G23: 50.47 | H23: 14.74 | I23: 7.39 | J23: 1.07 | K23: 70.62 | L23: 34.61 | M23: 15.95 | N23: 368.7 | O23: 0 | P23: 0.48 | Q23: 10.91
A24: 27/02/2025 16:00 | B24: 3.57 | C24: 21.93 | D24: 15.46 | E24: 24.21 | F24: 15.19 | G24: Calib. | H24: Calib. | I24: 9.17 | J24: 1.02 | K24: 333.33 | L24: 33.24 | M24: 16.49 | N24: 59.7 | O24: 0 | P24: 0.39 | Q24: 28.01
A25: 27/02/2025 17:00 | B25: 3.39 | C25: 22.25 | D25: 15.57 | E25: 21.97 | F25: 16.98 | G25: 48.27 | H25: 72.55 | I25: 10.62 | J25: 1.21 | K25: 50.14 | L25: 32.78 | M25: 19.97 | N25: 63.2 | O25: 0 | P25: 0.41 | Q25: 28.02
A26: 27/02/2025 18:00 | B26: 4.43 | C26: 21.91 | D26: 16.35 | E26: 18.13 | F26: 17.79 | G26: 48.27 | H26: 72.55 | I26: 8.96 | J26: 0.92 | K26: 45.08 | L26: 31.66 | M26: 20.88 | N26: 23.6 | O26: 0 | P26: 0.52 | Q26: 28.06
A27: 27/02/2025 19:00 | B27: 7.13 | C27: 24.26 | D27: 19.75 | E27: 11.55 | F27: 6.45 | G27: 54.49 | H27: 58.16 | I27: 8.7 | J27: 0.34 | K27: 206.05 | L27: 29.61 | M27: 39 | N27: 2 | O27: 0 | P27: 0.53 | Q27: 28.14
A28: 27/02/2025 20:00 | B28: 7.32 | C28: 24.45 | D28: 20 | E28: 11.25 | F28: 7.23 | G28: 65.45 | H28: 50.56 | I28: 10.4 | J28: 0.24 | K28: 196.64 | L28: 25.5 | M28: 43.78 | N28: 1.5 | O28: 0 | P28: 0.51 | Q28: 28.16
A29: 27/02/2025 21:00 | B29: 12.3 | C29: 25.31 | D29: 24.44 | E29: 11.65 | F29: 4.91 | G29: 79.55 | H29: 47.66 | I29: 10.42 | J29: 0.28 | K29: 198.21 | L29: 24.89 | M29: 50.69 | N29: 1.4 | O29: 0 | P29: 0.6 | Q29: 28.33
A30: 27/02/2025 22:00 | B30: 13.95 | C30: 25.93 | D30: 25.78 | E30: 11.75 | F30: 4.21 | G30: 86.57 | H30: 43.13 | I30: 10.52 | J30: 0.25 | K30: 220.23 | L30: 23.35 | M30: 50.8 | N30: 1.2 | O30: 0 | P30: 0.65 | Q30: 28.43
A31: 27/02/2025 23:00 | B31: 13.41 | C31: 25.3 | D31: 25.33 | E31: 11.75 | F31: 4.19 | G31: 86.57 | H31: 34 | I31: 10.45 | J31: 0.24 | K31: 196.67 | L31: 22.11 | M31: 58.38 | N31: 1.2 | O31: 0 | P31: 0.7 | Q31: 28.42
A32: 27/02/2025 24:00 | B32: 16.55 | C32: 23.99 | D32: 27.13 | E32: 11.93 | F32: 4.04 | G32: 86.26 | H32: 29.31 | I32: 10.71 | J32: 0.23 | K32: 206.84 | L32: 21.29 | M32: 60.38 | N32: 0.9 | O32: 0 | P32: 0.8 | Q32: 28.56
A34: Min | B34: =MIN(B9:B32) -> 3.39 | C34: =MIN(C9:C32) -> 21.91 | D34: =MIN(D9:D32) -> 15.46 | E34: =MIN(E9:E32) -> 11.16 | F34: =MIN(F9:F32) -> 3.91 | G34: =MIN(G9:G32) -> 48.27 | H34: =MIN(H9:H32) -> 14.54 | I34: =MIN(I9:I32) -> 7.39 | ... Q34: =MIN(Q9:Q32) -> 5.76
A35: Max | B35: =MAX(B9:B32) -> 35.17 | C35: =MAX(C9:C32) -> 37.97 | D35: =MAX(D9:D32) -> 42.92 | E35: =MAX(E9:E32) -> 28.02 | F35: =MAX(F9:F32) -> 17.79 | G35: =MAX(G9:G32) -> 114.07 | H35: =MAX(H9:H32) -> 72.55 | I35: =MAX(I9:I32) -> 14.76 | ... Q35: =MAX(Q9:Q32) -> 28.56
A36: Avg | B36: =AVERAGE(B9:B32) -> 19.526667 | C36: =AVERAGE(C9:C32) -> 27.239583 | D36: =AVERAGE(D9:D32) -> 31.07625 | E36: =AVERAGE(E9:E32) -> 15.880417 | F36: =AVERAGE(F9:F32) -> 7.4379167 | G36: =AVERAGE(G9:G32) -> 80.914783 | H36: =AVERAGE(H9:H32) -> 29.683043 | I36: =AVERAGE(I9:I32) -> 11.555 | ... Q36: =AVERAGE(Q9:Q32) -> 15.05875
A37: Stdev | B37: =STDEV(B9:B32) -> 10.02483 | C37: =STDEV(C9:C32) -> 5.4533209 | D37: =STDEV(D9:D32) -> 8.8336495 | E37: =STDEV(E9:E32) -> 5.7610736 | F37: =STDEV(F9:F32) -> 4.5139108 | G37: =STDEV(G9:G32) -> 20.472976 | H37: =STDEV(H9:H32) -> 18.490627 | I37: =STDEV(I9:I32) -> 2.2393205 | ... Q37: =STDEV(Q9:Q32) -> 10.468404
A38: Num | B38: =COUNT(B9:B32) -> 24 | C38: =COUNT(C9:C32) -> 24 | D38: =COUNT(D9:D32) -> 24 | E38: =COUNT(E9:E32) -> 24 | F38: =COUNT(F9:F32) -> 24 | G38: =COUNT(G9:G32)+1 -> 24 | H38: =COUNT(H9:H32)+1 -> 24 | I38: =COUNT(I9:I32) -> 24 | J38: =COUNT(J9:J32) -> 24 | K38: =COUNT(K9:K32) -> 24 | L38: =COUNT(L9:L32) -> 24 | M38: =COUNT(M9:M32) -> 24 | N38: =COUNT(N9:N32) -> 24 | O38: =COUNT(O9:O32) -> 24 | P38: =COUNT(P9:P32) -> 24 | Q38: =COUNT(Q9:Q32) -> 24
A39: DCR | B39: =IF(B38>=22,">90%",IF(B38<=22,"<90%")) -> >90% | C39: =IF(C38>=22,">90%",IF(C38<=22,"<90%")) -> >90% | D39: =IF(D38>=22,">90%",IF(D38<=22,"<90%")) -> >90% | E39: =IF(E38>=22,">90%",IF(E38<=22,"<90%")) -> >90% | F39: =IF(F38>=22,">90%",IF(F38<=22,"<90%")) -> >90% | G39: =IF(G38>=22,">90%",IF(G38<=22,"<90%")) -> >90% | H39: =IF(H38>=22,">90%",IF(H38<=22,"<90%")) -> >90% | I39: =IF(I38>=22,">90%",IF(I38<=22,"<90%")) -> >90% | ... Q39: =IF(Q38>=22,">90%",IF(Q38<=22,"<90%")) -> >90%
A40: Status | B40: =IF(B38>=22,"OK",IF(B38<=22,"LESS")) -> OK | C40: =IF(C38>=22,"OK",IF(C38<=22,"LESS")) -> OK | D40: =IF(D38>=22,"OK",IF(D38<=22,"LESS")) -> OK | E40: =IF(E38>=22,"OK",IF(E38<=22,"LESS")) -> OK | F40: =IF(F38>=22,"OK",IF(F38<=22,"LESS")) -> OK | G40: =IF(G38>=22,"OK",IF(G38<=22,"LESS")) -> OK | H40: =IF(H38>=22,"OK",IF(H38<=22,"LESS")) -> OK | I40: =IF(I38>=22,"OK",IF(I38<=22,"LESS")) -> OK | ... Q40: =IF(Q38>=22,"OK",IF(Q38<=22,"LESS")) -> OK
A43: Done by | B43: AKASH
A45: Comment

Sheet 28
A1: Station: | B1: IGKV ,RAIPUR
A2: Date: | B2: =$A$9 -> 28/02/2025 01:00 | D2: Power Off | G2: Pw.Off | L2: Link Fail | N2: Link F | P2: Maintenance | R2: Maint.
A3: Report Type: | B3: Mean | D3: Calibration | G3: Calib. | L3: Data Fail | N3: Data F | P3: Invalid | R3: Invalid
A4: Time Base: | B4: 01 Hour | D4: Zero Referrence | G4: Z.Ref | L4: Warm Up | N4: Wm. Up
A7: Date & Time | B7: NO | C7: NO2 | D7: NOX | E7: SO2 | F7: O3 | G7: PM 10 | H7: PM 2.5 | I7: BENZ | J7: WS | K7: WD | L7: TEMP | M7: HUM | N7: SR | O7: RG | P7: CO | Q7: NH3
B8: ug/m3 | C8: ug/m3 | D8: ppb | E8: ug/m3 | F8: ug/m3 | G8: ug/m3 | H8: ug/m3 | I8: ug/m3 | J8: m/sec | K8: deg | L8: degreC | M8: % | N8: w/m2 | O8: mm | P8: mg/m3 | Q8: ug/m3
A9: 28/02/2025 01:00 | B9: 27.53 | C9: 24.11 | D9: 36.03 | E9: 12.18 | F9: 4.64 | G9: 88.65 | H9: 26.78 | I9: 11.08 | J9: 0.24 | K9: 196.63 | L9: 21.01 | M9: 62.28 | N9: 1.3 | O9: 0 | P9: 0.86 | Q9: 28.99
A10: 28/02/2025 02:00 | B10: 32.05 | C10: 24.18 | D10: 39.31 | E10: 12.33 | F10: 4.57 | G10: 90.86 | H10: 26.78 | I10: 11.5 | J10: 0.21 | K10: 200.69 | L10: 19.83 | M10: 68.62 | N10: 1.3 | O10: 0 | P10: 0.9 | Q10: 29.19
A11: 28/02/2025 03:00 | B11: 33.06 | C11: 23.27 | D11: 39.67 | E11: 10.07 | F11: 4.57 | G11: 90.86 | H11: 26.53 | I11: 12.02 | J11: 0.32 | K11: 205.19 | L11: 19.38 | M11: 70.23 | N11: 1.2 | O11: 0 | P11: 0.96 | Q11: 29.27
A12: 28/02/2025 04:00 | B12: 36.76 | C12: 22.95 | D12: 42.8 | E12: 10.4 | F12: 4.72 | G12: 89.31 | H12: 26.53 | I12: 12.75 | J12: 0.22 | K12: 205.67 | L12: 18.72 | M12: 72.6 | N12: 1 | O12: 0 | P12: 1.01 | Q12: 29.4
A13: 28/02/2025 05:00 | B13: 43.98 | C13: 24.32 | D13: 49.32 | E13: 10.91 | F13: 4.39 | G13: 90.43 | H13: 25.87 | I13: 13.89 | J13: 0.27 | K13: 162.76 | L13: 19.11 | M13: 68.19 | N13: 1 | O13: 0 | P13: 1.05 | Q13: 29.66
A14: 28/02/2025 06:00 | B14: 47.28 | C14: 24.84 | D14: 52.24 | E14: 11.34 | F14: 4.66 | G14: 93.71 | H14: 27.27 | I14: 14.93 | J14: 0.25 | K14: 202.12 | L14: 18.1 | M14: 75.29 | N14: 1.4 | O14: 0 | P14: 1.11 | Q14: 29.81
A15: 28/02/2025 07:00 | B15: 46.44 | C15: 24.58 | D15: 51.43 | E15: 11.11 | F15: 4.53 | G15: 93.76 | H15: 27.27 | I15: 15.04 | J15: 0.22 | K15: 200.96 | L15: 17.48 | M15: 76.94 | N15: 16.6 | O15: 0 | P15: 1.12 | Q15: 29.77
A16: 28/02/2025 08:00 | B16: 44.48 | C16: 25.04 | D16: 49.81 | E16: 11.47 | F16: 4.44 | G16: 93.76 | H16: 26.58 | I16: 15.15 | J16: 0.29 | K16: 234.82 | L16: 21.58 | M16: 73.97 | N16: 55.2 | O16: 0 | P16: 1.13 | Q16: 29.65
A17: 28/02/2025 09:00 | B17: 37.83 | C17: 28.69 | D17: 45.14 | E17: 11.5 | F17: 4.72 | G17: 91.66 | H17: 28.41 | I17: 15.1 | J17: 0.35 | K17: 245.01 | L17: 26.04 | M17: 50.22 | N17: 222.8 | O17: 0 | P17: 1.12 | Q17: 29.4
A18: 28/02/2025 10:00 | B18: 26.99 | C18: 30.46 | D18: 38.48 | E18: 12.89 | F18: 5.12 | G18: 90.54 | H18: 38.24 | I18: 14.72 | J18: 0.72 | K18: 260.69 | L18: 29.23 | M18: 38.24 | N18: 280.4 | O18: 0 | P18: 1.08 | Q18: 28.97
A19: 28/02/2025 11:00 | B19: 16.18 | C19: 30.33 | D19: 30.17 | E19: 12.88 | F19: 5.63 | G19: 83.66 | H19: 39.31 | I19: 13.44 | J19: 0.65 | K19: 268.68 | L19: 32 | M19: 31.56 | N19: 329.4 | O19: 0 | P19: 1.01 | Q19: 28.54
A20: 28/02/2025 12:00 | B20: 7.73 | C20: 29.57 | D20: 23 | E20: 15.35 | F20: 9.24 | G20: 68.95 | H20: 42.5 | I20: 12.22 | J20: 0.81 | K20: 310.79 | L20: 33.37 | M20: 25.32 | N20: 317.7 | O20: 0 | P20: 0.94 | Q20: 28.19
... A32: 28/02/2025 24:00 | B32: 7.97 | C32: 21.59 | D32: 19.02 | E32: 10.81 | F32: 4.33 | G32: 110.66 | H32: 35.44 | I32: 10.7 | J32: 0.21 | K32: 272.43 | L32: 22.73 | M32: 60.09 | N32: 1 | O32: 0 | P32: 0.99 | Q32: 28.16
A34: Min | B34: =MIN(B9:B32) -> 3.27 | C34: =MIN(C9:C32) -> 18.57 | D34: =MIN(D9:D32) -> 13.67 | E34: =MIN(E9:E32) -> 10.07 | F34: =MIN(F9:F32) -> 4.33 | G34: =MIN(G9:G32) -> 46.69 | H34: =MIN(H9:H32) -> 25.87 | I34: =MIN(I9:I32) -> 6.84 | ... Q34: =MIN(Q9:Q32) -> 27.99
A35: Max | B35: =MAX(B9:B32) -> 47.28 | C35: =MAX(C9:C32) -> 30.46 | D35: =MAX(D9:D32) -> 52.24 | E35: =MAX(E9:E32) -> 19.67 | F35: =MAX(F9:F32) -> 12.27 | G35: =MAX(G9:G32) -> 110.66 | H35: =MAX(H9:H32) -> 42.97 | I35: =MAX(I9:I32) -> 15.15 | ... Q35: =MAX(Q9:Q32) -> 29.81
A36: Avg | B36: =AVERAGE(B9:B32) -> 19.025833 | C36: =AVERAGE(C9:C32) -> 24.280417 | D36: =AVERAGE(D9:D32) -> 29.075 | E36: =AVERAGE(E9:E32) -> 12.9475 | F36: =AVERAGE(F9:F32) -> 6.2479167 | G36: =AVERAGE(G9:G32) -> 81.9025 | H36: =AVERAGE(H9:H32) -> 34.69125 | I36: =AVERAGE(I9:I32) -> 11.262083 | ... Q36: =AVERAGE(Q9:Q32) -> 28.642917
A37: Stdev | B37: =STDEV(B9:B32) -> 16.954854 | C37: =STDEV(C9:C32) -> 3.2606141 | D37: =STDEV(D9:D32) -> 14.12299 | E37: =STDEV(E9:E32) -> 2.4673014 | F37: =STDEV(F9:F32) -> 2.6441601 | G37: =STDEV(G9:G32) -> 18.356978 | H37: =STDEV(H9:H32) -> 6.5572014 | I37: =STDEV(I9:I32) -> 2.6599542 | ... Q37: =STDEV(Q9:Q32) -> 0.6988343
A38: Num | B38: =COUNT(B9:B32) -> 24 | C38: =COUNT(C9:C32) -> 24 | D38: =COUNT(D9:D32) -> 24 | E38: =COUNT(E9:E32) -> 24 | F38: =COUNT(F9:F32) -> 24 | G38: =COUNT(G9:G32) -> 24 | H38: =COUNT(H9:H32) -> 24 | I38: =COUNT(I9:I32) -> 24 | ... Q38: =COUNT(Q9:Q32) -> 24
A39: DCR | B39: =IF(B38>=22,">90%",IF(B38<=22,"<90%")) -> >90% | C39: =IF(C38>=22,">90%",IF(C38<=22,"<90%")) -> >90% | D39: =IF(D38>=22,">90%",IF(D38<=22,"<90%")) -> >90% | E39: =IF(E38>=22,">90%",IF(E38<=22,"<90%")) -> >90% | F39: =IF(F38>=22,">90%",IF(F38<=22,"<90%")) -> >90% | G39: =IF(G38>=22,">90%",IF(G38<=22,"<90%")) -> >90% | H39: =IF(H38>=22,">90%",IF(H38<=22,"<90%")) -> >90% | I39: =IF(I38>=22,">90%",IF(I38<=22,"<90%")) -> >90% | ... Q39: =IF(Q38>=22,">90%",IF(Q38<=22,"<90%")) -> >90%
A40: Status | B40: =IF(B38>=22,"OK",IF(B38<=22,"LESS")) -> OK | C40: =IF(C38>=22,"OK",IF(C38<=22,"LESS")) -> OK | D40: =IF(D38>=22,"OK",IF(D38<=22,"LESS")) -> OK | E40: =IF(E38>=22,"OK",IF(E38<=22,"LESS")) -> OK | F40: =IF(F38>=22,"OK",IF(F38<=22,"LESS")) -> OK | G40: =IF(G38>=22,"OK",IF(G38<=22,"LESS")) -> OK | H40: =IF(H38>=22,"OK",IF(H38<=22,"LESS")) -> OK | I40: =IF(I38>=22,"OK",IF(I38<=22,"LESS")) -> OK | ... Q40: =IF(Q38>=22,"OK",IF(Q38<=22,"LESS")) -> OK
A43: Done by | B43: AKASH
A45: Comment

Sheet MONTHLY 31
A1: Station: | B1: IGKV, RAIPUR
A2: Date: | B2: =$A$9 -> 01/02/2025 01:00 | D2: Power Off | G2: Pw.Off | L2: Link Fail | N2: Link F | P2: Maintenance | R2: Maint.
A3: Report Type: | B3: Mean | D3: Calibration | G3: Calib. | L3: Data Fail | N3: Data F | P3: Invalid | R3: Invalid
A4: Time Base: | B4: 24 HRS | D4: Zero Referrence | G4: Z.Ref | L4: Warm Up | N4: Wm. Up
A7: Date & Time | B7: NO | C7: NO2 | D7: NOX | E7: SO2 | F7: O3 | G7: PM 10 | H7: PM 2.5 | I7: BENZ | J7: WS | K7: WD | L7: TEMP | M7: HUM | N7: SR | O7: RG | P7: CO | Q7: NH3
B8: ug/m3 | C8: ug/m3 | D8: ppb | E8: ug/m3 | F8: ug/m3 | G8: ug/m3 | H8: ug/m3 | I8: ug/m3 | J8: m/sec | K8: deg | L8: degreC | M8: % | N8: w/m2 | O8: mm | P8: mg/m3 | Q8: ug/m3
A9: ='01'!$B$2 -> 01/02/2025 01:00 | B9: ='01'!B36 -> 10.565417 | C9: ='01'!C36 -> 22.431667 | D9: ='01'!D36 -> 21.445 | E9: ='01'!E36 -> 9.8258333 | F9: ='01'!F36 -> 6.35125 | G9: ='01'!G36 -> 75.88 | H9: ='01'!H36 -> 23.797083 | I9: ='01'!I36 -> 10.302083 | ... Q9: ='01'!Q36 -> 12.954583
A10: ='02'!$B$2 -> 02/02/2025 01:00 | B10: ='02'!B36 -> 9.1875 | C10: ='02'!C36 -> 23.130833 | D10: ='02'!D36 -> 20.684167 | E10: ='02'!E36 -> 11.194583 | F10: ='02'!F36 -> 8.66875 | G10: ='02'!G36 -> 69.003333 | H10: ='02'!H36 -> 22.73 | I10: ='02'!I36 -> 12.201667 | ... Q10: ='02'!Q36 -> 12.951667
A11: ='03'!$B$2 -> 03/02/2025 01:00 | B11: ='03'!B36 -> 24.278571 | C11: ='03'!C36 -> 49.51 | D11: ='03'!D36 -> 46.82 | E11: ='03'!E36 -> 8.275 | F11: ='03'!F36 -> 5.79 | G11: ='03'!G36 -> 61.935 | H11: ='03'!H36 -> 20.085714 | I11: ='03'!I36 -> 5.7221429 | ... Q11: ='03'!Q36 -> 6.565
A12: ='04'!$B$2 -> 45692.042 | B12: ='04'!B36 -> 49.20125 | C12: ='04'!C36 -> 50.537917 | D12: ='04'!D36 -> 67.075833 | E12: ='04'!E36 -> 9.4058333 | F12: ='04'!F36 -> 5.4804167 | G12: ='04'!G36 -> 85.671667 | H12: ='04'!H36 -> 31.465833 | I12: ='04'!I36 -> 9.1295833 | ... Q12: ='04'!Q36 -> 8.1633333
A13: ='05'!$B$2 -> 05/02/2025 01:00 | B13: ='05'!B36 -> 35.493889 | C13: ='05'!C36 -> 32.865556 | D13: ='05'!D36 -> 46.992778 | E13: ='05'!E36 -> 9.5805556 | F13: ='05'!F36 -> 3.9072222 | G13: ='05'!G36 -> 83.498333 | H13: ='05'!H36 -> 29.085556 | I13: ='05'!I36 -> 9.38 | ... Q13: ='05'!Q36 -> 11.378333
A14: ='06'!$B$2 -> 06/02/2025 01:00 | B14: ='06'!B36 -> 8.9220833 | C14: ='06'!C36 -> 24.770833 | D14: ='06'!D36 -> 21.317917 | E14: ='06'!E36 -> 10.578333 | F14: ='06'!F36 -> 22.694167 | G14: ='06'!G36 -> 70.17125 | H14: ='06'!H36 -> 24.76625 | I14: ='06'!I36 -> 8.8545833 | ... Q14: ='06'!Q36 -> 12.957917
A15: ='07'!$B$2 -> 07/02/2025 01:00 | B15: ='07'!B36 -> 14.182083 | C15: ='07'!C36 -> 26.890833 | D15: ='07'!D36 -> 26.610833 | E15: ='07'!E36 -> 11.139167 | F15: ='07'!F36 -> 5.4804167 | G15: ='07'!G36 -> 80.76375 | H15: ='07'!H36 -> 25.991667 | I15: ='07'!I36 -> 9.13875 | ... Q15: ='07'!Q36 -> 12.99
A16: ='08'!$B$2 -> 08/02/2025 01:00 | B16: ='08'!B36 -> 19.378333 | C16: ='08'!C36 -> 26.614167 | D16: ='08'!D36 -> 30.6525 | E16: ='08'!E36 -> 11.76375 | F16: ='08'!F36 -> 18.939583 | G16: ='08'!G36 -> 88.63125 | H16: ='08'!H36 -> 26.160833 | I16: ='08'!I36 -> 13.16375 | ... Q16: ='08'!Q36 -> 13.0125
A17: ='09'!$B$2 -> 09/02/2025 01:00 | B17: ='09'!B36 -> 13.967083 | C17: ='09'!C36 -> 23.74375 | D17: ='09'!D36 -> 24.87 | E17: ='09'!E36 -> 12.494167 | F17: ='09'!F36 -> 31.611667 | G17: ='09'!G36 -> 82.554167 | H17: ='09'!H36 -> 25.177083 | I17: ='09'!I36 -> 8.97 | ... Q17: ='09'!Q36 -> 12.987917
A18: ='10'!$B$2 -> 10/02/2025 01:00 | B18: ='10'!B36 -> 13.83875 | C18: ='10'!C36 -> 22.467917 | D18: ='10'!D36 -> 24.0925 | E18: ='10'!E36 -> 11.480833 | F18: ='10'!F36 -> 25.320417 | G18: ='10'!G36 -> 71.485417 | H18: ='10'!H36 -> 26.132917 | I18: ='10'!I36 -> 10.311667 | ... Q18: ='10'!Q36 -> 12.9825
A19: ='11'!$B$2 -> 11/02/2025 01:00 | B19: ='11'!B36 -> 7.6929167 | C19: ='11'!C36 -> 22.744583 | D19: ='11'!D36 -> 19.310833 | E19: ='11'!E36 -> 11.684583 | F19: ='11'!F36 -> 23.54375 | G19: ='11'!G36 -> 88.834167 | H19: ='11'!H36 -> 33.845 | I19: ='11'!I36 -> 12.790833 | ... Q19: ='11'!Q36 -> 12.956667
A20: ='12'!$B$2 -> 12/02/2025 01:00 | B20: ='12'!B36 -> 8.8295833 | C20: ='12'!C36 -> 22.892917 | D20: ='12'!D36 -> 20.25 | E20: ='12'!E36 -> 10.787083 | F20: ='12'!F36 -> 33.78875 | G20: ='12'!G36 -> 71.547391 | H20: ='12'!H36 -> 32.738261 | I20: ='12'!I36 -> 10.403333 | ... Q20: ='12'!Q36 -> 12.95625
A21: ='13'!$B$2 -> 13/02/2025 01:00 | B21: ='13'!B36 -> 10.27125 | C21: ='13'!C36 -> 23.053333 | D21: ='13'!D36 -> 21.488333 | E21: ='13'!E36 -> 11.390417 | F21: ='13'!F36 -> 28.967083 | G21: ='13'!G36 -> 69.489583 | H21: ='13'!H36 -> 27.4325 | I21: ='13'!I36 -> 8.7316667 | ... Q21: ='13'!Q36 -> 12.967083
A22: ='14'!$B$2 -> 14/02/2025 01:00 | B22: ='14'!B36 -> 7.713913 | C22: ='14'!C36 -> 22.517826 | D22: ='14'!D36 -> 19.13913 | E22: ='14'!E36 -> 14.993478 | F22: ='14'!F36 -> 0 | G22: ='14'!G36 -> 76.648696 | H22: ='14'!H36 -> 32.520435 | I22: ='14'!I36 -> 8.246087 | ... Q22: ='14'!Q36 -> 12.965
A23: ='15'!$B$2 -> 15/02/2025 01:00 | B23: ='15'!B36 -> 12.585417 | C23: ='15'!C36 -> 24.399583 | D23: ='15'!D36 -> 24.051667 | E23: ='15'!E36 -> 11.495417 | F23: ='15'!F36 -> 22.67875 | G23: ='15'!G36 -> 83.85 | H23: ='15'!H36 -> 33.068333 | I23: ='15'!I36 -> 10.465833 | ... Q23: ='15'!Q36 -> -51.72625
A24: ='16'!$B$2 -> 16/02/2025 01:00 | B24: ='16'!B36 -> 8.2204167 | C24: ='16'!C36 -> 21.95875 | D24: ='16'!D36 -> 19.135833 | E24: ='16'!E36 -> 12.770833 | F24: ='16'!F36 -> 31.611667 | G24: ='16'!G36 -> 59.557917 | H24: ='16'!H36 -> 25.032917 | I24: ='16'!I36 -> 9.6179167 | ... Q24: ='16'!Q36 -> -51.580833
A25: ='17'!$B$2 -> 17/02/2025 01:00 | B25: ='17'!B36 -> 9.3041667 | C25: ='17'!C36 -> 22.116667 | D25: ='17'!D36 -> 20.10125 | E25: ='17'!E36 -> 11.484583 | F25: ='17'!F36 -> 11.72 | G25: ='17'!G36 -> 61.447083 | H25: ='17'!H36 -> 24.38125 | I25: ='17'!I36 -> 9.6329167 | ... Q25: ='17'!Q36 -> -51.760833
A26: ='18'!$B$2 -> 18/02/2025 01:00 | B26: ='18'!B36 -> 17.220417 | C26: ='18'!C36 -> 26.307083 | D26: ='18'!D36 -> 28.775417 | E26: ='18'!E36 -> 15.496667 | F26: ='18'!F36 -> 24.278333 | G26: ='18'!G36 -> 103.32125 | H26: ='18'!H36 -> 33.257917 | I26: ='18'!I36 -> 12.8975 | ... Q26: ='18'!Q36 -> -16.648333
A27: ='19'!$B$2 -> 19/02/2025 01:00 | B27: ='19'!B36 -> 11.066667 | C27: ='19'!C36 -> 29.805417 | D27: ='19'!D36 -> 25.63 | E27: ='19'!E36 -> 17.182917 | F27: ='19'!F36 -> 18.939583 | G27: ='19'!G36 -> 114.73708 | H27: ='19'!H36 -> 39.819167 | I27: ='19'!I36 -> 12.558333 | ... Q27: ='19'!Q36 -> 12.955
A28: ='20'!$B$2 -> 20/02/2025 01:00 | B28: ='20'!B36 -> 9.1658333 | C28: ='20'!C36 -> 26.1275 | D28: ='20'!D36 -> 22.23 | E28: ='20'!E36 -> 13.51625 | F28: ='20'!F36 -> 33.576667 | G28: ='20'!G36 -> 102.01542 | H28: ='20'!H36 -> 49.267083 | I28: ='20'!I36 -> 13.002917 | ... Q28: ='20'!Q36 -> 12.992083
A29: ='21'!$B$2 -> 21/02/2025 01:00 | B29: ='21'!B36 -> 11.120417 | C29: ='21'!C36 -> 26.607917 | D29: ='21'!D36 -> 24.0575 | E29: ='21'!E36 -> 12.236667 | F29: ='21'!F36 -> 10.064167 | G29: ='21'!G36 -> 86.947083 | H29: ='21'!H36 -> 36.010417 | I29: ='21'!I36 -> 10.430417 | ... Q29: ='21'!Q36 -> 12.962917
A30: ='22'!$B$2 -> 22/02/2025 01:00 | B30: ='22'!B36 -> 13.214167 | C30: ='22'!C36 -> 23.374583 | D30: ='22'!D36 -> 24.04375 | E30: ='22'!E36 -> 11.187083 | F30: ='22'!F36 -> 4.9995833 | G30: ='22'!G36 -> 70.786667 | H30: ='22'!H36 -> 27.047083 | I30: ='22'!I36 -> 11.1775 | ... Q30: ='22'!Q36 -> 12.940833
A31: ='23'!$B$2 -> 23/02/2025 01:00 | B31: ='23'!B36 -> 11.762083 | C31: ='23'!C36 -> 24.41 | D31: ='23'!D36 -> 23.45375 | E31: ='23'!E36 -> 10.817083 | F31: ='23'!F36 -> 4.91375 | G31: ='23'!G36 -> 63.835417 | H31: ='23'!H36 -> 43.3875 | I31: ='23'!I36 -> 7.7658333 | ... Q31: ='23'!Q36 -> 12.936667
A32: ='24'!$B$2 -> 24/02/2025 01:00 | B32: ='24'!B36 -> 19.036 | C32: ='24'!C36 -> 24.017368 | D32: ='24'!D36 -> 30.23625 | E32: ='24'!E36 -> 15.203333 | F32: ='24'!F36 -> 5.36 | G32: ='24'!G36 -> 77.491364 | H32: ='24'!H36 -> 31.726818 | I32: ='24'!I36 -> 10.351429 | ... Q32: ='24'!Q36 -> 12.96
A33: ='25'!$B$2 -> 25/02/2025 01:00 | B33: ='25'!B36 -> 5.6458333 | C33: ='25'!C36 -> 26.251667 | D33: ='25'!D36 -> 19.406667 | E33: ='25'!E36 -> 10.568 | F33: ='25'!F36 -> 4.9034783 | G33: ='25'!G36 -> 88.046522 | H33: ='25'!H36 -> 28.381739 | I33: ='25'!I36 -> 9.7483333 | ... Q33: ='25'!Q36 -> 8.84
A34: ='26'!$B$2 -> 26/02/2025 01:00 | B34: ='26'!B36 -> 13.522917 | C34: ='26'!C36 -> 24.496667 | D34: ='26'!D36 -> 24.83375 | E34: ='26'!E36 -> 13.33625 | F34: ='26'!F36 -> 5.4225 | G34: ='26'!G36 -> 91.449167 | H34: ='26'!H36 -> 29.53875 | I34: ='26'!I36 -> 10.01375 | ... Q34: ='26'!Q36 -> 6.6995833
A35: ='27'!$B$2 -> 27/02/2025 01:00 | B35: ='27'!B36 -> 19.526667 | C35: ='27'!C36 -> 27.239583 | D35: ='27'!D36 -> 31.07625 | E35: ='27'!E36 -> 15.880417 | F35: ='27'!F36 -> 7.4379167 | G35: ='27'!G36 -> 80.914783 | H35: ='27'!H36 -> 29.683043 | I35: ='27'!I36 -> 11.555 | ... Q35: ='27'!Q36 -> 15.05875
A36: ='28'!$B$2 -> 28/02/2025 01:00 | B36: ='28'!B36 -> 19.025833 | C36: ='28'!C36 -> 24.280417 | D36: ='28'!D36 -> 29.075 | E36: ='28'!E36 -> 12.9475 | F36: ='28'!F36 -> 6.2479167 | G36: ='28'!G36 -> 81.9025 | H36: ='28'!H36 -> 34.69125 | I36: ='28'!I36 -> 11.262083 | ... Q36: ='28'!Q36 -> 28.642917
A40: Min | B40: =MIN(B9:B36) -> 5.6458333 | C40: =MIN(C9:C36) -> 21.95875 | D40: =MIN(D9:D36) -> 19.135833 | E40: =MIN(E9:E36) -> 8.275 | F40: =MIN(F9:F36) -> 0 | G40: =MIN(G9:G36) -> 59.557917 | H40: =MIN(H9:H36) -> 20.085714 | I40: =MIN(I9:I36) -> 5.7221429 | ... Q40: =MIN(Q9:Q36) -> -51.760833
A41: Max | B41: =MAX(B9:B36) -> 49.20125 | C41: =MAX(C9:C36) -> 50.537917 | D41: =MAX(D9:D36) -> 67.075833 | E41: =MAX(E9:E36) -> 17.182917 | F41: =MAX(F9:F36) -> 33.78875 | G41: =MAX(G9:G36) -> 114.73708 | H41: =MAX(H9:H36) -> 49.267083 | I41: =MAX(I9:I36) -> 13.16375 | ... Q41: =MAX(Q9:Q36) -> 28.642917
A42: Avg | B42: =AVERAGE(B9:B36) -> 14.783552 | C42: =AVERAGE(C9:C36) -> 26.627333 | D42: =AVERAGE(D9:D36) -> 27.030604 | E42: =AVERAGE(E9:E36) -> 12.097022 | F42: =AVERAGE(F9:F36) -> 14.739207 | G42: =AVERAGE(G9:G36) -> 80.086295 | H42: =AVERAGE(H9:H36) -> 30.257943 | I42: =AVERAGE(I9:I36) -> 10.279497 | ... Q42: =AVERAGE(Q9:Q36) -> 4.7879018
A43: Stdev | B43: =STDEV(B9:B36) -> 9.1573388 | C43: =STDEV(C9:C36) -> 7.050932 | D43: =STDEV(D9:D36) -> 10.531427 | E43: =STDEV(E9:E36) -> 2.1123785 | F43: =STDEV(F9:F36) -> 10.961592 | G43: =STDEV(G9:G36) -> 13.114167 | H43: =STDEV(H9:H36) -> 6.4356729 | I43: =STDEV(I9:I36) -> 1.7561294 | ... Q43: =STDEV(Q9:Q36) -> 21.009944
A44: Num | B44: =COUNT(B9:B36) -> 28 | C44: =COUNT(C9:C36) -> 28 | D44: =COUNT(D9:D36) -> 28 | E44: =COUNT(E9:E36) -> 28 | F44: =COUNT(F9:F36) -> 28 | G44: =COUNT(G9:G36) -> 28 | H44: =COUNT(H9:H36) -> 28 | I44: =COUNT(I9:I36) -> 28 | ... Q44: =COUNT(Q9:Q36) -> 28
A45: DCR | B45: =IF(B44>=28,">90%",IF(B44<=28,"<90%")) -> >90% | C45: =IF(C44>=28,">90%",IF(C44<=28,"<90%")) -> >90% | D45: =IF(D44>=28,">90%",IF(D44<=28,"<90%")) -> >90% | E45: =IF(E44>=28,">90%",IF(E44<=28,"<90%")) -> >90% | F45: =IF(F44>=28,">90%",IF(F44<=28,"<90%")) -> >90% | G45: =IF(G44>=28,">90%",IF(G44<=28,"<90%")) -> >90% | H45: =IF(H44>=28,">90%",IF(H44<=28,"<90%")) -> >90% | I45: =IF(I44>=28,">90%",IF(I44<=28,"<90%")) -> >90% | ... Q45: =IF(Q44>=28,">90%",IF(Q44<=28,"<90%")) -> >90%
A46: Status | B46: =IF(B44>=28,"OK",IF(B44<=28,"LESS")) -> OK | C46: =IF(C44>=28,"OK",IF(C44<=28,"LESS")) -> OK | D46: =IF(D44>=28,"OK",IF(D44<=28,"LESS")) -> OK | E46: =IF(E44>=28,"OK",IF(E44<=28,"LESS")) -> OK | F46: =IF(F44>=28,"OK",IF(F44<=28,"LESS")) -> OK | G46: =IF(G44>=28,"OK",IF(G44<=28,"LESS")) -> OK | H46: =IF(H44>=28,"OK",IF(H44<=28,"LESS")) -> OK | I46: =IF(I44>=28,"OK",IF(I44<=28,"LESS")) -> OK | ... Q46: =IF(Q44>=28,"OK",IF(Q44<=28,"LESS")) -> OK
A49: Done by | B49: AKASH
A51: Comment
