Workbook

Sheet 01
A1: Station: | B1: IGKV RAIPUR
A2: Date: | B2: =$A$9 -> 01/02/2025 00:15 | C2: Power Off | G2: Pw.Off | J2: Link Fail | L2: Link F | N2: Maintenance | P2: Maint.
A3: Report Type: | B3: Mean | C3: Calibration | G3: Calib. | J3: Data Fail | L3: Data F | N3: Invalid | P3: Invalid
A4: Time Base: | B4: 15 Min | C4: Zero Referrence | G4: Z.Ref | J4: Warm Up | L4: Wm. Up
A7: Date & Time | B7: NO | C7: NO2 | D7: NOX | E7: SO2 | F7: O3 | G7: PM 10 | H7: PM 2.5 | I7: BENZ | J7: WS | K7: WD | L7: TEMP | M7: HUM | N7: SR | O7: RG | P7: CO | Q7: NH3
B8: ug/m3 | C8: ug/m3 | D8: ppb | E8: ug/m3 | F8: ug/m3 | G8: ug/m3 | H8: ug/m3 | I8: ug/m3 | J8: m/sec | K8: deg | L8: degreC | M8: % | N8: w/m2 | O8: mm | P8: mg/m3 | Q8: ug/m3
A9: 01/02/2025 00:15 | B9: 11 | C9: 26.45 | D9: 23.99 | E9: 10.13 | F9: Invalid | G9: 85.7 | H9: 26.02 | I9: 11.32 | J9: 0.14 | K9: 156.62 | L9: 21.92 | M9: 83.39 | N9: 1.3 | O9: 0 | P9: 0.96 | Q9: 12.97
A10: 01/02/2025 00:30 | B10: 11.25 | C10: 24.95 | D10: 23.41 | E10: 9.87 | F10: Invalid | G10: 85.7 | H10: 26.02 | I10: 11.4 | J10: 0.17 | K10: 189.37 | L10: 21.7 | M10: 87.51 | N10: 1.4 | O10: 0 | P10: 0.96 | Q10: 12.95
A11: 01/02/2025 00:45 | B11: 11.59 | C11: 23.63 | D11: 22.99 | E11: 9.71 | F11: Invalid | G11: 85.7 | H11: 26 | I11: 11.48 | J11: 0.15 | K11: 177.76 | L11: 21.21 | M11: 88.34 | N11: 1.6 | O11: 0 | P11: 0.97 | Q11: 12.95
A12: 01/02/2025 01:00 | B12: 11.86 | C12: 24.49 | D12: 23.66 | E12: 9.78 | F12: Invalid | G12: 85.84 | H12: 25.41 | I12: 11.54 | J12: 0.16 | K12: 218.05 | L12: 21.07 | M12: 88.69 | N12: 1.4 | O12: 0 | P12: 0.97 | Q12: 12.96
A13: 01/02/2025 01:15 | B13: 12.11 | C13: 24.53 | D13: 23.88 | E13: 9.86 | F13: Invalid | G13: 85.84 | H13: 25.41 | I13: 11.53 | J13: 0.09 | K13: 162.09 | L13: 20.97 | M13: 87.27 | N13: 1.3 | O13: 0 | P13: 0.97 | Q13: 12.96
A14: 01/02/2025 01:30 | B14: 12.39 | C14: 23.4 | D14: 23.52 | E14: 9.82 | F14: Invalid | G14: 85.84 | H14: 25.41 | I14: 11.59 | J14: 0.13 | K14: 192.97 | L14: 20.87 | M14: 87.37 | N14: 1.3 | O14: 0 | P14: 0.98 | Q14: 12.96
A15: 01/02/2025 01:45 | B15: 12.64 | C15: 23.58 | D15: 23.81 | E15: 9.67 | F15: Invalid | G15: 85.66 | H15: 25.53 | I15: 11.58 | J15: 0.13 | K15: 186.51 | L15: 20.72 | M15: 87.44 | N15: 1.4 | O15: 0 | P15: 0.98 | Q15: 12.95
A16: 01/02/2025 02:00 | B16: 12.83 | C16: 24.53 | D16: 24.46 | E16: 9.75 | F16: Invalid | G16: 80.47 | H16: 29.32 | I16: 11.55 | J16: 0.12 | K16: 144.3 | L16: 20.55 | M16: 87.86 | N16: 1.3 | O16: 0 | P16: 0.97 | Q16: 12.95
A17: 01/02/2025 02:15 | B17: 13.13 | C17: 23.89 | D17: 24.36 | E17: 8.91 | F17: Invalid | G17: 80.47 | H17: 29.32 | I17: 11.57 | J17: 0.2 | K17: 151.99 | L17: 20.46 | M17: 88.63 | N17: 1.4 | O17: 0 | P17: 0.99 | Q17: 12.95
A18: 01/02/2025 02:30 | B18: 13.34 | C18: 24.26 | D18: 24.72 | E18: 10.16 | F18: Invalid | G18: 80.47 | H18: 29.32 | I18: 11.54 | J18: 0.13 | K18: 171.8 | L18: 20.32 | M18: 88.46 | N18: 1.4 | O18: 0 | P18: 0.99 | Q18: 12.96
A19: 01/02/2025 02:45 | B19: 13.5 | C19: 24.49 | D19: 24.97 | E19: 10.24 | F19: Invalid | G19: 80.18 | H19: 29.19 | I19: 11.56 | J19: 0.15 | K19: 229.58 | L19: 20.08 | M19: 89.54 | N19: 1.4 | O19: 0 | P19: 1 | Q19: 12.96
A20: 01/02/2025 03:00 | B20: 13.64 | C20: 24.54 | D20: 25.11 | E20: 10.33 | F20: Invalid | G20: 71.72 | H20: 24.83 | I20: 11.64 | J20: 0.11 | K20: 199.99 | L20: 19.97 | M20: 90.19 | N20: 1.3 | O20: 0 | P20: 0.99 | Q20: 12.97
... A104: 01/02/2025 24:00 | B104: 14.89 | C104: 23.76 | D104: 25.7 | E104: 8.26 | F104: Invalid | G104: 95.67 | H104: 27.18 | I104: 11.67 | J104: 0.17 | K104: 200.86 | L104: 21.46 | M104: 79.14 | N104: 1.2 | O104: 0 | P104: 0.99 | Q104: 12.97
A106: Min | B106: =MIN(B9:B104) -> 4.06 | C106: =MIN(C9:C104) -> 16.51 | D106: =MIN(D9:D104) -> 13.96 | E106: =MIN(E9:E104) -> 6.83 | F106: =MIN(F9:F104) -> 0 | G106: =MIN(G9:G104) -> 37.15 | H106: =MIN(H9:H104) -> 16.62 | I106: =MIN(I9:I104) -> 5.68 | ... Q106: =MIN(Q9:Q104) -> 12.91
A107: Max | B107: =MAX(B9:B104) -> 16.44 | C107: =MAX(C9:C104) -> 27.11 | D107: =MAX(D9:D104) -> 27.57 | E107: =MAX(E9:E104) -> 11.06 | F107: =MAX(F9:F104) -> 0 | G107: =MAX(G9:G104) -> 145.38 | H107: =MAX(H9:H104) -> 29.32 | I107: =MAX(I9:I104) -> 12.58 | ... Q107: =MAX(Q9:Q104) -> 12.98
A108: Avg | B108: =AVERAGE(B9:B104) -> 10.149271 | C108: =AVERAGE(C9:C104) -> 21.721458 | D108: =AVERAGE(D9:D104) -> 20.838646 | E108: =AVERAGE(E9:E104) -> 9.5063542 | F108: =AVERAGE(F9:F104) -> #DIV/0! | G108: =AVERAGE(G9:G104) -> 71.219896 | H108: =AVERAGE(H9:H104) -> 22.801875 | I108: =AVERAGE(I9:I104) -> 10.100417 | ... Q108: =AVERAGE(Q9:Q104) -> 12.945417
A109: Stdev | B109: =STDEV(B9:B104) -> 4.0223639 | C109: =STDEV(C9:C104) -> 2.8424011 | D109: =STDEV(D9:D104) -> 4.4120616 | E109: =STDEV(E9:E104) -> 0.74675596 | F109: =STDEV(F9:F104) -> #DIV/0! | G109: =STDEV(G9:G104) -> 32.322386 | H109: =STDEV(H9:H104) -> 3.2465727 | I109: =STDEV(I9:I104) -> 2.1759832 | ... Q109: =STDEV(Q9:Q104) -> 0.019730642
A110: Num | B110: =COUNT(B9:B104) -> 96 | C110: =COUNT(C9:C104) -> 96 | D110: =COUNT(D9:D104) -> 96 | E110: =COUNT(E9:E104) -> 96 | F110: =COUNT(F9:F104) -> 0 | G110: =COUNT(G9:G104) -> 96 | H110: =COUNT(H9:H104) -> 96 | I110: =COUNT(I9:I104) -> 96 | ... Q110: =COUNT(Q9:Q104) -> 96
A111: DCR | B111: =IF(B110>=87,">90%",IF(B110<=87,"<90%")) -> >90% | C111: =IF(C110>=87,">90%",IF(C110<=87,"<90%")) -> >90% | D111: =IF(D110>=87,">90%",IF(D110<=87,"<90%")) -> >90% | E111: =IF(E110>=87,">90%",IF(E110<=87,"<90%")) -> >90% | F111: =IF(F110>=87,">90%",IF(F110<=87,"<90%")) -> <90% | G111: =IF(G110>=87,">90%",IF(G110<=87,"<90%")) -> >90% | H111: =IF(H110>=87,">90%",IF(H110<=87,"<90%")) -> >90% | I111: =IF(I110>=87,">90%",IF(I110<=87,"<90%")) -> >90% | ... Q111: =IF(Q110>=87,">90%",IF(Q110<=87,"<90%")) -> >90%
A112: Status | B112: =IF(B110>=87,"OK",IF(B110<=87,"LESS")) -> OK | C112: =IF(C110>=87,"OK",IF(C110<=87,"LESS")) -> OK | D112: =IF(D110>=87,"OK",IF(D110<=87,"LESS")) -> OK | E112: =IF(E110>=87,"OK",IF(E110<=87,"LESS")) -> OK | F112: =IF(F110>=87,"OK",IF(F110<=87,"LESS")) -> LESS | G112: =IF(G110>=87,"OK",IF(G110<=87,"LESS")) -> OK | H112: =IF(H110>=87,"OK",IF(H110<=87,"LESS")) -> OK | I112: =IF(I110>=87,"OK",IF(I110<=87,"LESS")) -> OK | ... Q112: =IF(Q110>=87,"OK",IF(Q110<=87,"LESS")) -> OK
A115: Done by | B115: AKASH
A117: Comment

Sheet 02
A1: Station: | B1: IGKV RAIPUR
A2: Date: | B2: =$A$9 -> 02/02/2025 00:15 | C2: Power Off | G2: Pw.Off | J2: Link Fail | L2: Link F | N2: Maintenance | P2: Maint.
A3: Report Type: | B3: Mean | C3: Calibration | G3: Calib. | J3: Data Fail | L3: Data F | N3: Invalid | P3: Invalid
A4: Time Base: | B4: 15 Min | C4: Zero Referrence | G4: Z.Ref | J4: Warm Up | L4: Wm. Up
A7: Date & Time | B7: NO | C7: NO2 | D7: NOX | E7: SO2 | F7: O3 | G7: PM 10 | H7: PM 2.5 | I7: BENZ | J7: WS | K7: WD | L7: TEMP | M7: HUM | N7: SR | O7: RG | P7: CO | Q7: NH3
B8: ug/m3 | C8: ug/m3 | D8: ppb | E8: ug/m3 | F8: ug/m3 | G8: ug/m3 | H8: ug/m3 | I8: ug/m3 | J8: m/sec | K8: deg | L8: degreC | M8: % | N8: w/m2 | O8: mm | P8: mg/m3 | Q8: ug/m3
A9: 02/02/2025 00:15 | B9: 14.48 | C9: 22.42 | D9: 24.68 | E9: 8.18 | F9: Invalid | G9: 95.67 | H9: 27.18 | I9: 11.86 | J9: 0.17 | K9: 207.42 | L9: 21.27 | M9: 79.39 | N9: 1.4 | O9: 0 | P9: 0.99 | Q9: 12.97
A10: 02/02/2025 00:30 | B10: 14.21 | C10: 23.38 | D10: 24.96 | E10: 8.09 | F10: Invalid | G10: 95.67 | H10: 27.18 | I10: 12.05 | J10: 0.14 | K10: 202.35 | L10: 20.95 | M10: 80.44 | N10: 1.4 | O10: 0 | P10: 1.01 | Q10: 12.96
A11: 02/02/2025 00:45 | B11: 13.98 | C11: 23.51 | D11: 24.84 | E11: 7.94 | F11: Invalid | G11: 96.08 | H11: 27.08 | I11: 12.19 | J11: 0.14 | K11: 215.2 | L11: 20.91 | M11: 82.35 | N11: 1.2 | O11: 0 | P11: 1.01 | Q11: 12.96
A12: 02/02/2025 01:00 | B12: 13.78 | C12: 23.39 | D12: 24.62 | E12: 7.94 | F12: Invalid | G12: 104.91 | H12: 24.13 | I12: 12.35 | J12: 0.15 | K12: 226.82 | L12: 20.78 | M12: 82.84 | N12: 1.3 | O12: 0 | P12: 1.02 | Q12: 12.96
A13: 02/02/2025 01:15 | B13: 13.63 | C13: 23.37 | D13: 24.49 | E13: 8.11 | F13: Invalid | G13: 104.91 | H13: 24.13 | I13: 12.52 | J13: 0.16 | K13: 203.88 | L13: 20.8 | M13: 83.61 | N13: 1.2 | O13: 0 | P13: 1.02 | Q13: 12.96
A14: 02/02/2025 01:30 | B14: 13.53 | C14: 23.33 | D14: 24.39 | E14: 7.66 | F14: Invalid | G14: 104.91 | H14: 24.13 | I14: 12.68 | J14: 0.17 | K14: 202.11 | L14: 20.67 | M14: 84.51 | N14: 1.3 | O14: 0 | P14: 1.03 | Q14: 12.97
A15: 02/02/2025 01:45 | B15: 13.42 | C15: 23.19 | D15: 24.23 | E15: 7.6 | F15: Invalid | G15: 104.27 | H15: 24.15 | I15: 12.77 | J15: 0.16 | K15: 211.01 | L15: 20.57 | M15: 84.05 | N15: 1.3 | O15: 0 | P15: 1.03 | Q15: 12.98
A16: 02/02/2025 02:00 | B16: 13.29 | C16: 23.15 | D16: 24.1 | E16: 7.65 | F16: Invalid | G16: 90.49 | H16: 24.78 | I16: 12.85 | J16: 0.13 | K16: 199.41 | L16: 20.49 | M16: 83.71 | N16: 1.3 | O16: 0 | P16: 1.02 | Q16: 12.96
A17: 02/02/2025 02:15 | B17: 13.2 | C17: 23 | D17: 23.95 | E17: 9.07 | F17: Invalid | G17: 90.49 | H17: 24.78 | I17: 12.94 | J17: 0.12 | K17: 157.46 | L17: 20.3 | M17: 83.76 | N17: 1.4 | O17: 0 | P17: 1.03 | Q17: 12.95
A18: 02/02/2025 02:30 | B18: 13.15 | C18: 22.77 | D18: 23.79 | E18: 11.22 | F18: Invalid | G18: 90.49 | H18: 24.78 | I18: 12.99 | J18: 0.11 | K18: 140.57 | L18: 20.19 | M18: 83.94 | N18: 1.3 | O18: 0 | P18: 1.03 | Q18: 12.96
A19: 02/02/2025 02:45 | B19: 13.02 | C19: 22.49 | D19: 23.54 | E19: 10.74 | F19: Invalid | G19: 90.24 | H19: 24.62 | I19: 13.02 | J19: 0.18 | K19: 157.08 | L19: 20.22 | M19: 84.27 | N19: 1.1 | O19: 0 | P19: 1.03 | Q19: 12.96
A20: 02/02/2025 03:00 | B20: 12.83 | C20: 22.55 | D20: 23.42 | E20: 11.03 | F20: Invalid | G20: 83.25 | H20: 21.37 | I20: 13.08 | J20: 0.18 | K20: 162.49 | L20: 20.24 | M20: 83.85 | N20: 1.3 | O20: 0 | P20: 1.02 | Q20: 12.93
... A104: 02/02/2025 24:00 | B104: 11 | C104: 23.6 | D104: 22.5 | E104: 8.84 | F104: Invalid | G104: 80.69 | H104: 24.4 | I104: 12.98 | J104: 0.19 | K104: 134.34 | L104: 21.92 | M104: 73.22 | N104: 1.4 | O104: 0 | P104: 1.1 | Q104: 12.94
A106: Min | B106: =MIN(B9:B104) -> 3.94 | C106: =MIN(C9:C104) -> 19.48 | D106: =MIN(D9:D104) -> 15.09 | E106: =MIN(E9:E104) -> 7.06 | F106: =MIN(F9:F104) -> 0 | G106: =MIN(G9:G104) -> 37.54 | H106: =MIN(H9:H104) -> 15.65 | I106: =MIN(I9:I104) -> 8.58 | ... Q106: =MIN(Q9:Q104) -> 12.9
A107: Max | B107: =MAX(B9:B104) -> 14.55 | C107: =MAX(C9:C104) -> 25.26 | D107: =MAX(D9:D104) -> 24.96 | E107: =MAX(E9:E104) -> 19.06 | F107: =MAX(F9:F104) -> 0 | G107: =MAX(G9:G104) -> 104.91 | H107: =MAX(H9:H104) -> 27.18 | I107: =MAX(I9:I104) -> 15.83 | ... Q107: =MAX(Q9:Q104) -> 12.98
A108: Avg | B108: =AVERAGE(B9:B104) -> 8.8175 | C108: =AVERAGE(C9:C104) -> 22.713646 | D108: =AVERAGE(D9:D104) -> 20.288958 | E108: =AVERAGE(E9:E104) -> 10.544792 | F108: =AVERAGE(F9:F104) -> #DIV/0! | G108: =AVERAGE(G9:G104) -> 65.308958 | H108: =AVERAGE(H9:H104) -> 21.862188 | I108: =AVERAGE(I9:I104) -> 11.943854 | ... Q108: =AVERAGE(Q9:Q104) -> 12.9425
A109: Stdev | B109: =STDEV(B9:B104) -> 3.9827903 | C109: =STDEV(C9:C104) -> 1.1651791 | D109: =STDEV(D9:D104) -> 3.2295007 | E109: =STDEV(E9:E104) -> 2.5085122 | F109: =STDEV(F9:F104) -> #DIV/0! | G109: =STDEV(G9:G104) -> 16.596399 | H109: =STDEV(H9:H104) -> 2.615075 | I109: =STDEV(I9:I104) -> 1.9079939 | ... Q109: =STDEV(Q9:Q104) -> 0.016795989
A110: Num | B110: =COUNT(B9:B104) -> 96 | C110: =COUNT(C9:C104) -> 96 | D110: =COUNT(D9:D104) -> 96 | E110: =COUNT(E9:E104) -> 96 | F110: =COUNT(F9:F104) -> 0 | G110: =COUNT(G9:G104) -> 96 | H110: =COUNT(H9:H104) -> 96 | I110: =COUNT(I9:I104) -> 96 | ... Q110: =COUNT(Q9:Q104) -> 96
A111: DCR | B111: =IF(B110>=87,">90%",IF(B110<=87,"<90%")) -> >90% | C111: =IF(C110>=87,">90%",IF(C110<=87,"<90%")) -> >90% | D111: =IF(D110>=87,">90%",IF(D110<=87,"<90%")) -> >90% | E111: =IF(E110>=87,">90%",IF(E110<=87,"<90%")) -> >90% | F111: =IF(F110>=87,">90%",IF(F110<=87,"<90%")) -> <90% | G111: =IF(G110>=87,">90%",IF(G110<=87,"<90%")) -> >90% | H111: =IF(H110>=87,">90%",IF(H110<=87,"<90%")) -> >90% | I111: =IF(I110>=87,">90%",IF(I110<=87,"<90%")) -> >90% | ... Q111: =IF(Q110>=87,">90%",IF(Q110<=87,"<90%")) -> >90%
A112: Status | B112: =IF(B110>=87,"OK",IF(B110<=87,"LESS")) -> OK | C112: =IF(C110>=87,"OK",IF(C110<=87,"LESS")) -> OK | D112: =IF(D110>=87,"OK",IF(D110<=87,"LESS")) -> OK | E112: =IF(E110>=87,"OK",IF(E110<=87,"LESS")) -> OK | F112: =IF(F110>=87,"OK",IF(F110<=87,"LESS")) -> LESS | G112: =IF(G110>=87,"OK",IF(G110<=87,"LESS")) -> OK | H112: =IF(H110>=87,"OK",IF(H110<=87,"LESS")) -> OK | I112: =IF(I110>=87,"OK",IF(I110<=87,"LESS")) -> OK | ... Q112: =IF(Q110>=87,"OK",IF(Q110<=87,"LESS")) -> OK
A115: Done by | B115: AKASH
A117: Comment

Sheet 03
A1: Station: | B1: IGKV RAIPUR
A2: Date: | B2: =$A$9 -> 03/02/2025 00:15 | C2: Power Off | G2: Pw.Off | J2: Link Fail | L2: Link F | N2: Maintenance | P2: Maint.
A3: Report Type: | B3: Mean | C3: Calibration | G3: Calib. | J3: Data Fail | L3: Data F | N3: Invalid | P3: Invalid
A4: Time Base: | B4: 15 Min | C4: Zero Referrence | G4: Z.Ref | J4: Warm Up | L4: Wm. Up
A7: Date & Time | B7: NO | C7: NO2 | D7: NOX | E7: SO2 | F7: O3 | G7: PM 10 | H7: PM 2.5 | I7: BENZ | J7: WS | K7: WD | L7: TEMP | M7: HUM | N7: SR | O7: RG | P7: CO | Q7: NH3
B8: ug/m3 | C8: ug/m3 | D8: ppb | E8: ug/m3 | F8: ug/m3 | G8: ug/m3 | H8: ug/m3 | I8: ug/m3 | J8: m/sec | K8: deg | L8: degreC | M8: % | N8: w/m2 | O8: mm | P8: mg/m3 | Q8: ug/m3
A9: 03/02/2025 00:15 | B9: 12.25 | C9: 21.03 | D9: 22.16 | E9: 9.2 | F9: Invalid | G9: 69.07 | H9: 17.42 | I9: 8.91 | J9: 0.17 | K9: 176.87 | L9: 20.83 | M9: 62.17 | N9: 1 | O9: 0 | P9: 0.77 | Q9: 14.58
A10: 03/02/2025 00:30 | B10: 12.36 | C10: 21.32 | D10: 22.4 | E10: 9.35 | F10: Invalid | G10: 72.23 | H10: 21.6 | I10: 9.13 | J10: 0.14 | K10: 205.45 | L10: 20.56 | M10: 65.19 | N10: 1.1 | O10: 0 | P10: 0.78 | Q10: 14.58
A11: 03/02/2025 00:45 | B11: 12.52 | C11: 21.42 | D11: 22.58 | E11: 9.64 | F11: Invalid | G11: 73.37 | H11: 21.67 | I11: 9.33 | J11: 0.26 | K11: 86.52 | L11: 20.57 | M11: 62.74 | N11: 0.9 | O11: 0 | P11: 0.77 | Q11: 14.58
A12: 03/02/2025 01:00 | B12: 12.84 | C12: 21.69 | D12: 22.98 | E12: 9.39 | F12: Invalid | G12: 73.37 | H12: 21.67 | I12: 9.5 | J12: 0.64 | K12: 41.06 | L12: 21.99 | M12: 51.4 | N12: 0 | O12: 0 | P12: 0.73 | Q12: 14.58
A13: 03/02/2025 01:15 | B13: 13.8 | C13: 22.41 | D13: 24.13 | E13: 9.5 | F13: Invalid | G13: 73.37 | H13: 21.67 | I13: 9.58 | J13: 0.2 | K13: 67.75 | L13: 22.41 | M13: 51.31 | N13: 0.9 | O13: 0 | P13: 0.74 | Q13: 14.58
A14: 03/02/2025 01:30 | B14: 14.84 | C14: 22.99 | D14: 25.27 | E14: 9.8 | F14: Invalid | G14: 77.78 | H14: 19.34 | I14: 9.77 | J14: 0.19 | K14: 142.35 | L14: 22.07 | M14: 54.42 | N14: 1.4 | O14: 0 | P14: 0.78 | Q14: 14.58
A15: 03/02/2025 01:45 | B15: 15.8 | C15: 23.55 | D15: 26.32 | E15: 10.2 | F15: Invalid | G15: 79.38 | H15: 19.3 | I15: 10.27 | J15: 0.23 | K15: 181.05 | L15: 21.53 | M15: 58 | N15: 1.6 | O15: 0 | P15: 0.81 | Q15: 14.58
A16: 03/02/2025 02:00 | B16: 16.73 | C16: 23.87 | D16: 27.24 | E16: 10.04 | F16: Invalid | G16: 79.38 | H16: 19.3 | I16: 10.91 | J16: 0.19 | K16: 194.6 | L16: 20.63 | M16: 64.44 | N16: 1.8 | O16: 0 | P16: 0.84 | Q16: 14.58
A17: 03/02/2025 02:15 | B17: 17.47 | C17: 24.02 | D17: 27.91 | E17: 8.29 | F17: Invalid | G17: 79.38 | H17: 19.3 | I17: 11.59 | J17: 0.22 | K17: 184.03 | L17: 20.18 | M17: 67.36 | N17: 1.6 | O17: 0 | P17: 0.88 | Q17: 14.58
A18: 03/02/2025 02:30 | B18: 17.97 | C18: 24.05 | D18: 28.33 | E18: 9.72 | F18: Invalid | G18: 96.26 | H18: 26.23 | I18: 12.27 | J18: 0.21 | K18: 167.84 | L18: 20.02 | M18: 66.39 | N18: 1.3 | O18: 0 | P18: 0.9 | Q18: 14.58
A19: 03/02/2025 02:45 | B19: 18.46 | C19: 23.85 | D19: 28.61 | E19: 10.16 | F19: Invalid | G19: 102.4 | H19: 26.34 | I19: 12.84 | J19: 0.14 | K19: 195.08 | L19: 19.75 | M19: 69.19 | N19: 1.3 | O19: 0 | P19: 0.92 | Q19: 14.58
A20: 03/02/2025 03:00 | B20: 18.76 | C20: 23.83 | D20: 28.85 | E20: 9.65 | F20: Invalid | G20: 102.4 | H20: 26.34 | I20: 13.29 | J20: 0.18 | K20: 183.01 | L20: 19.66 | M20: 67.65 | N20: 1.1 | O20: 0 | P20: 0.93 | Q20: 14.58
... A104: 03/02/2025 24:00 | B104: 7.08 | C104: 24.57 | D104: 19.87 | E104: 10.59 | F104: Invalid | G104: 107.8 | H104: 31.99 | I104: 11.92 | J104: 0.15 | K104: 200.21 | L104: 21.82 | M104: 64.27 | N104: 1.1 | O104: 0 | P104: 0.85 | Q104: 12.93
A106: Min | B106: =MIN(B9:B104) -> 3.77 | C106: =MIN(C9:C104) -> 21.03 | D106: =MIN(D9:D104) -> 16.66 | E106: =MIN(E9:E104) -> 8.29 | F106: =MIN(F9:F104) -> 0 | G106: =MIN(G9:G104) -> 66.95 | H106: =MIN(H9:H104) -> 17.42 | I106: =MIN(I9:I104) -> 8.91 | ... Q106: =MIN(Q9:Q104) -> 12.89
A107: Max | B107: =MAX(B9:B104) -> 43.65 | C107: =MAX(C9:C104) -> 32.41 | D107: =MAX(D9:D104) -> 50.39 | E107: =MAX(E9:E104) -> 44.16 | F107: =MAX(F9:F104) -> 0 | G107: =MAX(G9:G104) -> 137.72 | H107: =MAX(H9:H104) -> 40.85 | I107: =MAX(I9:I104) -> 17.16 | ... Q107: =MAX(Q9:Q104) -> 14.58
A108: Avg | B108: =AVERAGE(B9:B104) -> 15.995938 | C108: =AVERAGE(C9:C104) -> 25.836354 | D108: =AVERAGE(D9:D104) -> 27.677083 | E108: =AVERAGE(E9:E104) -> 13.822188 | F108: =AVERAGE(F9:F104) -> #DIV/0! | G108: =AVERAGE(G9:G104) -> 99.183021 | H108: =AVERAGE(H9:H104) -> 32.228542 | I108: =AVERAGE(I9:I104) -> 12.597188 | ... Q108: =AVERAGE(Q9:Q104) -> 13.783438
A109: Stdev | B109: =STDEV(B9:B104) -> 13.210722 | C109: =STDEV(C9:C104) -> 2.2374817 | D109: =STDEV(D9:D104) -> 10.709715 | E109: =STDEV(E9:E104) -> 7.6088153 | F109: =STDEV(F9:F104) -> #DIV/0! | G109: =STDEV(G9:G104) -> 19.934434 | H109: =STDEV(H9:H104) -> 6.9894752 | I109: =STDEV(I9:I104) -> 2.4639086 | ... Q109: =STDEV(Q9:Q104) -> 0.83488143
A110: Num | B110: =COUNT(B9:B104) -> 96 | C110: =COUNT(C9:C104) -> 96 | D110: =COUNT(D9:D104) -> 96 | E110: =COUNT(E9:E104) -> 96 | F110: =COUNT(F9:F104) -> 0 | G110: =COUNT(G9:G104) -> 96 | H110: =COUNT(H9:H104) -> 96 | I110: =COUNT(I9:I104) -> 96 | ... Q110: =COUNT(Q9:Q104) -> 96
A111: DCR | B111: =IF(B110>=87,">90%",IF(B110<=87,"<90%")) -> >90% | C111: =IF(C110>=87,">90%",IF(C110<=87,"<90%")) -> >90% | D111: =IF(D110>=87,">90%",IF(D110<=87,"<90%")) -> >90% | E111: =IF(E110>=87,">90%",IF(E110<=87,"<90%")) -> >90% | F111: =IF(F110>=87,">90%",IF(F110<=87,"<90%")) -> <90% | G111: =IF(G110>=87,">90%",IF(G110<=87,"<90%")) -> >90% | H111: =IF(H110>=87,">90%",IF(H110<=87,"<90%")) -> >90% | I111: =IF(I110>=87,">90%",IF(I110<=87,"<90%")) -> >90% | ... Q111: =IF(Q110>=87,">90%",IF(Q110<=87,"<90%")) -> >90%
A112: Status | B112: =IF(B110>=87,"OK",IF(B110<=87,"LESS")) -> OK | C112: =IF(C110>=87,"OK",IF(C110<=87,"LESS")) -> OK | D112: =IF(D110>=87,"OK",IF(D110<=87,"LESS")) -> OK | E112: =IF(E110>=87,"OK",IF(E110<=87,"LESS")) -> OK | F112: =IF(F110>=87,"OK",IF(F110<=87,"LESS")) -> LESS | G112: =IF(G110>=87,"OK",IF(G110<=87,"LESS")) -> OK | H112: =IF(H110>=87,"OK",IF(H110<=87,"LESS")) -> OK | I112: =IF(I110>=87,"OK",IF(I110<=87,"LESS")) -> OK | ... Q112: =IF(Q110>=87,"OK",IF(Q110<=87,"LESS")) -> OK
A115: Done by | B115: AKASH
A117: Comment

Sheet 04
A1: Station: | B1: IGKV RAIPUR
A2: Date: | B2: =$A$9 -> 04/02/2025 00:15 | C2: Power Off | G2: Pw.Off | J2: Link Fail | L2: Link F | N2: Maintenance | P2: Maint.
A3: Report Type: | B3: Mean | C3: Calibration | G3: Calib. | J3: Data Fail | L3: Data F | N3: Invalid | P3: Invalid
A4: Time Base: | B4: 15 Min | C4: Zero Referrence | G4: Z.Ref | J4: Warm Up | L4: Wm. Up
A7: Date & Time | B7: NO | C7: NO2 | D7: NOX | E7: SO2 | F7: O3 | G7: PM 10 | H7: PM 2.5 | I7: BENZ | J7: WS | K7: WD | L7: TEMP | M7: HUM | N7: SR | O7: RG | P7: CO | Q7: NH3
B8: ug/m3 | C8: ug/m3 | D8: ppb | E8: ug/m3 | F8: ug/m3 | G8: ug/m3 | H8: ug/m3 | I8: ug/m3 | J8: m/sec | K8: deg | L8: degreC | M8: % | N8: w/m2 | O8: mm | P8: mg/m3 | Q8: ug/m3
A9: 04/02/2025 00:15 | B9: 10.16 | C9: 25.67 | D9: 22.91 | E9: 11.28 | F9: Invalid | G9: 89.53 | H9: 26.38 | I9: 11.52 | J9: 0.09 | K9: 94.97 | L9: 23.86 | M9: 54.71 | N9: 1.2 | O9: 0 | P9: 0.9 | Q9: 12.96
A10: 04/02/2025 00:30 | B10: 10.42 | C10: 26.32 | D10: 23.46 | E10: 11.03 | F10: Invalid | G10: 102.25 | H10: 35.3 | I10: 11.72 | J10: 0.08 | K10: 133.61 | L10: 22.84 | M10: 60.18 | N10: 1.8 | O10: 0 | P10: 0.91 | Q10: 12.98
A11: 04/02/2025 00:45 | B11: 11.09 | C11: 27.03 | D11: 24.36 | E11: 10.84 | F11: Invalid | G11: 106.88 | H11: 35.44 | I11: 11.85 | J11: 0.33 | K11: 83.5 | L11: 23.2 | M11: 56.69 | N11: 0.8 | O11: 0 | P11: 0.92 | Q11: 12.97
A12: 04/02/2025 01:00 | B12: 12.16 | C12: 27.86 | D12: 25.66 | E12: 11.05 | F12: Invalid | G12: 106.88 | H12: 35.44 | I12: 11.96 | J12: 0.28 | K12: 184.61 | L12: 22.45 | M12: 63.58 | N12: 1.9 | O12: 0 | P12: 0.93 | Q12: 12.99
A13: 04/02/2025 01:15 | B13: 12.48 | C13: 28.21 | D13: 26.1 | E13: 11.18 | F13: Invalid | G13: 106.88 | H13: 35.44 | I13: 12.17 | J13: 0.21 | K13: 163.54 | L13: 21.67 | M13: 66.46 | N13: 1.5 | O13: 0 | P13: 0.94 | Q13: 12.99
A14: 04/02/2025 01:30 | B14: 12.38 | C14: 28.19 | D14: 26.01 | E14: 11.18 | F14: Invalid | G14: 113.17 | H14: 35.28 | I14: 12.37 | J14: 0.15 | K14: 226.79 | L14: 21.29 | M14: 68.55 | N14: 1.4 | O14: 0 | P14: 0.95 | Q14: 12.99
A15: 04/02/2025 01:45 | B15: 12.67 | C15: 28.13 | D15: 26.21 | E15: 10.84 | F15: Invalid | G15: 115.46 | H15: 35.28 | I15: 12.47 | J15: 0.07 | K15: 142.25 | L15: 21.34 | M15: 66.62 | N15: 1.1 | O15: 0 | P15: 0.96 | Q15: 12.99
A16: 04/02/2025 02:00 | B16: 13.21 | C16: 28.24 | D16: 26.7 | E16: 10.75 | F16: Invalid | G16: 115.46 | H16: 35.28 | I16: 12.56 | J16: 0.26 | K16: 198.74 | L16: 21.43 | M16: 67.83 | N16: 1.1 | O16: 0 | P16: 0.97 | Q16: 13
A17: 04/02/2025 02:15 | B17: 13.44 | C17: 28.33 | D17: 26.93 | E17: 9.1 | F17: Invalid | G17: 115.46 | H17: 35.28 | I17: 12.65 | J17: 0.08 | K17: 218.1 | L17: 21.06 | M17: 68.53 | N17: 1.3 | O17: 0 | P17: 0.98 | Q17: 13
A18: 04/02/2025 02:30 | B18: 13.89 | C18: 28.62 | D18: 27.44 | E18: 10.65 | F18: Invalid | G18: 108.31 | H18: 35.42 | I18: 12.74 | J18: 0.21 | K18: 103.22 | L18: 21.52 | M18: 66.16 | N18: 0.8 | O18: 0 | P18: 0.99 | Q18: 13
A19: 04/02/2025 02:45 | B19: 14.82 | C19: 28.84 | D19: 28.3 | E19: 11.03 | F19: Invalid | G19: 105.72 | H19: 35.42 | I19: 12.81 | J19: 0.01 | K19: 349.69 | L19: 21.15 | M19: 70.05 | N19: 1.4 | O19: 0 | P19: 1 | Q19: 13
A20: 04/02/2025 03:00 | B20: 15.34 | C20: 29.46 | D20: 29.05 | E20: 11.34 | F20: Invalid | G20: 105.72 | H20: 35.42 | I20: 12.88 | J20: 0.49 | K20: 63.8 | L20: 21.83 | M20: 65.39 | N20: 0.4 | O20: 0 | P20: 1.04 | Q20: 12.99
... A104: 04/02/2025 24:00 | B104: 24.66 | C104: 26.62 | D104: 35.04 | E104: 9.29 | F104: Invalid | G104: 107.32 | H104: 29.45 | I104: 12.39 | J104: 0.19 | K104: 203.37 | L104: 20.58 | M104: 66.76 | N104: 0.9 | O104: 0 | P104: 0.93 | Q104: 13
A106: Min | B106: =MIN(B9:B104) -> 4.03 | C106: =MIN(C9:C104) -> 22.27 | D106: =MIN(D9:D104) -> 16.8 | E106: =MIN(E9:E104) -> 8.03 | F106: =MIN(F9:F104) -> 0 | G106: =MIN(G9:G104) -> 45.71 | H106: =MIN(H9:H104) -> 22.1 | I106: =MIN(I9:I104) -> 6.78 | ... Q106: =MIN(Q9:Q104) -> 12.9
A107: Max | B107: =MAX(B9:B104) -> 24.66 | C107: =MAX(C9:C104) -> 29.46 | D107: =MAX(D9:D104) -> 35.12 | E107: =MAX(E9:E104) -> 24.56 | F107: =MAX(F9:F104) -> 0 | G107: =MAX(G9:G104) -> 115.46 | H107: =MAX(H9:H104) -> 50.92 | I107: =MAX(I9:I104) -> 12.93 | ... Q107: =MAX(Q9:Q104) -> 13
A108: Avg | B108: =AVERAGE(B9:B104) -> 10.409479 | C108: =AVERAGE(C9:C104) -> 26.135208 | D108: =AVERAGE(D9:D104) -> 23.35375 | E108: =AVERAGE(E9:E104) -> 11.507917 | F108: =AVERAGE(F9:F104) -> #DIV/0! | G108: =AVERAGE(G9:G104) -> 82.487604 | H108: =AVERAGE(H9:H104) -> 33.683958 | I108: =AVERAGE(I9:I104) -> 10.210833 | ... Q108: =AVERAGE(Q9:Q104) -> 12.954896
A109: Stdev | B109: =STDEV(B9:B104) -> 5.484585 | C109: =STDEV(C9:C104) -> 1.9081029 | D109: =STDEV(D9:D104) -> 5.016769 | E109: =STDEV(E9:E104) -> 2.9420161 | F109: =STDEV(F9:F104) -> #DIV/0! | G109: =STDEV(G9:G104) -> 19.232299 | H109: =STDEV(H9:H104) -> 6.3572969 | I109: =STDEV(I9:I104) -> 2.0148332 | ... Q109: =STDEV(Q9:Q104) -> 0.031986668
A110: Num | B110: =COUNT(B9:B104) -> 96 | C110: =COUNT(C9:C104) -> 96 | D110: =COUNT(D9:D104) -> 96 | E110: =COUNT(E9:E104) -> 96 | F110: =COUNT(F9:F104) -> 0 | G110: =COUNT(G9:G104) -> 96 | H110: =COUNT(H9:H104) -> 96 | I110: =COUNT(I9:I104) -> 96 | ... Q110: =COUNT(Q9:Q104) -> 96
A111: DCR | B111: =IF(B110>=87,">90%",IF(B110<=87,"<90%")) -> >90% | C111: =IF(C110>=87,">90%",IF(C110<=87,"<90%")) -> >90% | D111: =IF(D110>=87,">90%",IF(D110<=87,"<90%")) -> >90% | E111: =IF(E110>=87,">90%",IF(E110<=87,"<90%")) -> >90% | F111: =IF(F110>=87,">90%",IF(F110<=87,"<90%")) -> <90% | G111: =IF(G110>=87,">90%",IF(G110<=87,"<90%")) -> >90% | H111: =IF(H110>=87,">90%",IF(H110<=87,"<90%")) -> >90% | I111: =IF(I110>=87,">90%",IF(I110<=87,"<90%")) -> >90% | ... Q111: =IF(Q110>=87,">90%",IF(Q110<=87,"<90%")) -> >90%
A112: Status | B112: =IF(B110>=87,"OK",IF(B110<=87,"LESS")) -> OK | C112: =IF(C110>=87,"OK",IF(C110<=87,"LESS")) -> OK | D112: =IF(D110>=87,"OK",IF(D110<=87,"LESS")) -> OK | E112: =IF(E110>=87,"OK",IF(E110<=87,"LESS")) -> OK | F112: =IF(F110>=87,"OK",IF(F110<=87,"LESS")) -> LESS | G112: =IF(G110>=87,"OK",IF(G110<=87,"LESS")) -> OK | H112: =IF(H110>=87,"OK",IF(H110<=87,"LESS")) -> OK | I112: =IF(I110>=87,"OK",IF(I110<=87,"LESS")) -> OK | ... Q112: =IF(Q110>=87,"OK",IF(Q110<=87,"LESS")) -> OK
A115: Done by | B115: AKASH
A117: Comment

Sheet 05
A1: Station: | B1: IGKV RAIPUR
A2: Date: | B2: =$A$9 -> 05/02/2025 00:15 | C2: Power Off | G2: Pw.Off | J2: Link Fail | L2: Link F | N2: Maintenance | P2: Maint.
A3: Report Type: | B3: Mean | C3: Calibration | G3: Calib. | J3: Data Fail | L3: Data F | N3: Invalid | P3: Invalid
A4: Time Base: | B4: 15 Min | C4: Zero Referrence | G4: Z.Ref | J4: Warm Up | L4: Wm. Up
A7: Date & Time | B7: NO | C7: NO2 | D7: NOX | E7: SO2 | F7: O3 | G7: PM 10 | H7: PM 2.5 | I7: BENZ | J7: WS | K7: WD | L7: TEMP | M7: HUM | N7: SR | O7: RG | P7: CO | Q7: NH3
B8: ug/m3 | C8: ug/m3 | D8: ppb | E8: ug/m3 | F8: ug/m3 | G8: ug/m3 | H8: ug/m3 | I8: ug/m3 | J8: m/sec | K8: deg | L8: degreC | M8: % | N8: w/m2 | O8: mm | P8: mg/m3 | Q8: ug/m3
A9: 05/02/2025 00:15 | B9: Pw.Off | C9: Pw.Off | D9: Pw.Off | E9: Pw.Off | F9: Pw.Off | G9: Pw.Off | H9: Pw.Off | I9: Pw.Off | J9: Pw.Off | K9: Pw.Off | L9: Pw.Off | M9: Pw.Off | N9: Pw.Off | O9: Pw.Off | P9: Pw.Off | Q9: Pw.Off
A10: 05/02/2025 00:30 | B10: Pw.Off | C10: Pw.Off | D10: Pw.Off | E10: Pw.Off | F10: Pw.Off | G10: Pw.Off | H10: Pw.Off | I10: Pw.Off | J10: Pw.Off | K10: Pw.Off | L10: Pw.Off | M10: Pw.Off | N10: Pw.Off | O10: Pw.Off | P10: Pw.Off | Q10: Pw.Off
A11: 05/02/2025 00:45 | B11: Pw.Off | C11: Pw.Off | D11: Pw.Off | E11: Pw.Off | F11: Pw.Off | G11: Pw.Off | H11: Pw.Off | I11: Pw.Off | J11: Pw.Off | K11: Pw.Off | L11: Pw.Off | M11: Pw.Off | N11: Pw.Off | O11: Pw.Off | P11: Pw.Off | Q11: Pw.Off
A12: 05/02/2025 01:00 | B12: 5.33 | C12: 23.88 | D12: 18.1 | E12: 11.07 | F12: Invalid | G12: 72.43 | H12: 27.44 | I12: 14.68 | J12: 0.82 | K12: 289.82 | L12: 29.57 | M12: 45.13 | N12: 257.9 | O12: 0 | P12: 1.05 | Q12: 12.95
A13: 05/02/2025 01:15 | B13: 4.78 | C13: 24.32 | D13: 17.89 | E13: 11.49 | F13: Invalid | G13: 72.33 | H13: 27.49 | I13: 14.75 | J13: 0.62 | K13: 270.66 | L13: 30.08 | M13: 44.41 | N13: 276.4 | O13: 0 | P13: 1.06 | Q13: 12.95
A14: 05/02/2025 01:30 | B14: 4.45 | C14: 24.5 | D14: 17.72 | E14: 12 | F14: Invalid | G14: 69.43 | H14: 29.22 | I14: 14.75 | J14: 0.89 | K14: 292.63 | L14: 30.54 | M14: 43.32 | N14: 280.8 | O14: 0 | P14: 1.06 | Q14: 12.95
A15: 05/02/2025 01:45 | B15: 4.24 | C15: 24.68 | D15: 17.64 | E15: 11.5 | F15: Invalid | G15: 69.43 | H15: 29.22 | I15: 14.86 | J15: 0.61 | K15: 275.24 | L15: 30.96 | M15: 43.17 | N15: 285.9 | O15: 0 | P15: 1.05 | Q15: 12.95
A16: 05/02/2025 02:00 | B16: 4 | C16: 24.57 | D16: 17.39 | E16: 11.29 | F16: Invalid | G16: 69.43 | H16: 29.22 | I16: 14.79 | J16: 0.71 | K16: 270.15 | L16: 31.41 | M16: 41.39 | N16: 276.7 | O16: 0 | P16: 1.04 | Q16: 12.95
A17: 05/02/2025 02:15 | B17: 3.82 | C17: 24.18 | D17: 17.05 | E17: 12.1 | F17: Invalid | G17: 69.57 | H17: 29.23 | I17: 14.6 | J17: 0.78 | K17: 254.62 | L17: 32.13 | M17: 39.31 | N17: 278.9 | O17: 0 | P17: 1 | Q17: 12.95
A18: 05/02/2025 02:30 | B18: 3.75 | C18: 23.74 | D18: 16.76 | E18: 12.44 | F18: Invalid | G18: 72.54 | H18: 29.45 | I18: 14.34 | J18: 0.98 | K18: 285.68 | L18: 32.45 | M18: 37.74 | N18: 306 | O18: 0 | P18: 0.99 | Q18: 12.95
A19: 05/02/2025 02:45 | B19: 3.73 | C19: 23.54 | D19: 16.64 | E19: 12.14 | F19: Invalid | G19: 72.54 | H19: 29.45 | I19: 13.95 | J19: 1.2 | K19: 297.59 | L19: 32.24 | M19: 37.03 | N19: 307.9 | O19: 0 | P19: 0.97 | Q19: 12.94
A20: 05/02/2025 03:00 | B20: 3.75 | C20: 23.44 | D20: 16.6 | E20: 12.94 | F20: Invalid | G20: 72.54 | H20: 29.45 | I20: 13.65 | J20: 0.74 | K20: 308.29 | L20: 32.36 | M20: 37.46 | N20: 299.6 | O20: 0 | P20: 0.96 | Q20: 12.94
A21: 05/02/2025 03:15 | B21: 3.72 | C21: 23.43 | D21: 16.58 | E21: 13.65 | F21: Invalid | G21: 72.51 | H21: 29.51 | I21: 13.31 | J21: 0.83 | K21: 290.34 | L21: 32.59 | M21: 37.52 | N21: 310 | O21: 0 | P21: 0.95 | Q21: 12.95
A22: 05/02/2025 03:30 | B22: 3.7 | C22: 23.29 | D22: 16.49 | E22: 13.64 | F22: Invalid | G22: 71.9 | H22: 31.53 | I22: 13.25 | J22: 0.83 | K22: 279.53 | L22: 32.94 | M22: 36.07 | N22: 313.5 | O22: 0 | P22: 0.95 | Q22: 12.96
A23: 05/02/2025 03:45 | B23: 3.69 | C23: 23.13 | D23: 16.39 | E23: 12.68 | F23: Invalid | G23: 71.9 | H23: 31.53 | I23: 13.2 | J23: 1.02 | K23: 287.97 | L23: 32.85 | M23: 35.55 | N23: 299.5 | O23: 0 | P23: 0.93 | Q23: 12.94
... A66: 05/02/2025 14:30 | B66: 5.85 | C66: 21.36 | D66: 17.2 | E66: 11.02 | F66: Invalid | G66: 74.73 | H66: 39.96 | I66: 13.8 | J66: 0.13 | K66: 162.77 | L66: 22.98 | M66: 66.66 | N66: 1.4 | O66: 0 | P66: 0.99 | Q66: 12.94
A67: 05/02/2025 14:45 | B67: Pw.Off | C67: Pw.Off | D67: Pw.Off | E67: Pw.Off | F67: Invalid | G67: Pw.Off | H67: Pw.Off | I67: Pw.Off | J67: Pw.Off | K67: Pw.Off | L67: Pw.Off | M67: Pw.Off | N67: Pw.Off | O67: Pw.Off | P67: Pw.Off | Q67: Pw.Off
A68: 05/02/2025 15:00 | B68: 3.88 | C68: 17.39 | D68: 13.55 | E68: 9.83 | F68: Invalid | G68: 41.07 | H68: 27.49 | I68: 7.47 | J68: 0.8 | K68: 305.32 | L68: 33.37 | M68: 26.25 | N68: 87.6 | O68: 0 | P68: 0.49 | Q68: 12.93
A69: 05/02/2025 15:15 | B69: 4.13 | C69: 16.7 | D69: 13.39 | E69: 10.1 | F69: Invalid | G69: 41.07 | H69: 27.49 | I69: 7.44 | J69: 0.61 | K69: 276.41 | L69: 33.57 | M69: 27.07 | N69: 74.2 | O69: 0 | P69: 0.56 | Q69: 12.93
A70: 05/02/2025 15:30 | B70: 3.77 | C70: 16.33 | D70: 12.9 | E70: 9.81 | F70: Invalid | G70: 41.07 | H70: 27.49 | I70: 7.16 | J70: 0.62 | K70: 286.69 | L70: 33.45 | M70: 25.97 | N70: 78.4 | O70: 0 | P70: 0.56 | Q70: 12.92
A71: 05/02/2025 15:45 | B71: 3.57 | C71: 16.17 | D71: 12.66 | E71: 8.9 | F71: Invalid | G71: 40.82 | H71: 27.45 | I71: 6.95 | J71: 0.65 | K71: 269.09 | L71: 33.45 | M71: 26.64 | N71: 87.6 | O71: 0 | P71: 0.46 | Q71: 12.93
A72: 05/02/2025 16:00 | B72: 3.72 | C72: 17.17 | D72: 13.31 | E72: 10.47 | F72: Invalid | G72: 33.6 | H72: 25.97 | I72: 6.8 | J72: 0.78 | K72: 272.24 | L72: 33.13 | M72: 26.2 | N72: 55.2 | O72: 0 | P72: 0.42 | Q72: 12.94
A73: 05/02/2025 16:15 | B73: 3.77 | C73: 17.87 | D73: 13.71 | E73: 10.56 | F73: Invalid | G73: 33.6 | H73: 25.97 | I73: 6.65 | J73: 0.48 | K73: 259.25 | L73: 32.89 | M73: 27.63 | N73: 43.8 | O73: 0 | P73: 0.44 | Q73: 12.95
A74: 05/02/2025 16:30 | B74: 3.78 | C74: 18.28 | D74: 13.93 | E74: 12.28 | F74: Invalid | G74: 33.6 | H74: 25.97 | I74: 6.61 | J74: 0.48 | K74: 288.3 | L74: 32.72 | M74: 27.37 | N74: 40.6 | O74: 0 | P74: 0.44 | Q74: 12.95
A75: 05/02/2025 16:45 | B75: 3.85 | C75: 18.94 | D75: 14.34 | E75: 12.17 | F75: Invalid | G75: 33.49 | H75: 25.85 | I75: 6.61 | J75: 0.42 | K75: 271.43 | L75: 32.67 | M75: 27.99 | N75: 38.6 | O75: 0 | P75: 0.45 | Q75: 12.95
A76: 05/02/2025 17:00 | B76: 3.92 | C76: 19.34 | D76: 14.6 | E76: 11.77 | F76: Invalid | G76: 30.26 | H76: 21.93 | I76: 6.65 | J76: 0.48 | K76: 260.49 | L76: 32.03 | M76: 29.63 | N76: 26 | O76: 0 | P76: 0.43 | Q76: 12.94
A77: 05/02/2025 17:15 | B77: 3.9 | C77: 19.39 | D77: 14.61 | E77: 11.01 | F77: Invalid | G77: 30.26 | H77: 21.93 | I77: 6.69 | J77: 0.37 | K77: 255.71 | L77: 31.5 | M77: 30.33 | N77: 18.8 | O77: 0 | P77: 0.43 | Q77: 12.94
A78: 05/02/2025 17:30 | B78: 3.93 | C78: 19.21 | D78: 14.53 | E78: 10.48 | F78: Invalid | G78: 30.26 | H78: 21.93 | I78: 6.66 | J78: 0.4 | K78: 252.76 | L78: 31.09 | M78: 30.34 | N78: 12.3 | O78: 0 | P78: 0.43 | Q78: 12.93
A79: 05/02/2025 17:45 | B79: 3.95 | C79: 19.21 | D79: 14.56 | E79: 10.5 | F79: Invalid | G79: 30.54 | H79: 21.91 | I79: 6.6 | J79: 0.24 | K79: 177.8 | L79: 30.36 | M79: 34.53 | N79: 7.1 | O79: 0 | P79: 0.44 | Q79: 12.94
... A104: 05/02/2025 24:00 | B104: 12.52 | C104: 21.87 | D104: 22.82 | E104: 10.52 | F104: Invalid | G104: 58.52 | H104: 18.69 | I104: 10.94 | J104: 0.23 | K104: 184.44 | L104: 22.82 | M104: 66.7 | N104: 1.5 | O104: 0 | P104: 0.8 | Q104: 12.95
A106: Min | B106: =MIN(B9:B104) -> 3.57 | C106: =MIN(C9:C104) -> 16.17 | D106: =MIN(D9:D104) -> 12.66 | E106: =MIN(E9:E104) -> 8.79 | F106: =MIN(F9:F104) -> 0 | G106: =MIN(G9:G104) -> 30.26 | H106: =MIN(H9:H104) -> 18.69 | I106: =MIN(I9:I104) -> 6.53 | ... Q106: =MIN(Q9:Q104) -> 12.9
A107: Max | B107: =MAX(B9:B104) -> 12.52 | C107: =MAX(C9:C104) -> 24.68 | D107: =MAX(D9:D104) -> 22.82 | E107: =MAX(E9:E104) -> 19.4 | F107: =MAX(F9:F104) -> 0 | G107: =MAX(G9:G104) -> 185.6 | H107: =MAX(H9:H104) -> 57.58 | I107: =MAX(I9:I104) -> 14.86 | ... Q107: =MAX(Q9:Q104) -> 12.96
A108: Avg | B108: =AVERAGE(B9:B104) -> 5.2833696 | C108: =AVERAGE(C9:C104) -> 21.316957 | D108: =AVERAGE(D9:D104) -> 16.72587 | E108: =AVERAGE(E9:E104) -> 11.96337 | F108: =AVERAGE(F9:F104) -> #DIV/0! | G108: =AVERAGE(G9:G104) -> 71.56087 | H108: =AVERAGE(H9:H104) -> 29.692717 | I108: =AVERAGE(I9:I104) -> 10.144891 | ... Q108: =AVERAGE(Q9:Q104) -> 12.93663
A109: Stdev | B109: =STDEV(B9:B104) -> 1.9309181 | C109: =STDEV(C9:C104) -> 1.7791681 | D109: =STDEV(D9:D104) -> 1.9151359 | E109: =STDEV(E9:E104) -> 2.3538695 | F109: =STDEV(F9:F104) -> #DIV/0! | G109: =STDEV(G9:G104) -> 30.11372 | H109: =STDEV(H9:H104) -> 9.7113062 | I109: =STDEV(I9:I104) -> 2.6450283 | ... Q109: =STDEV(Q9:Q104) -> 0.010615888
A110: Num | B110: =COUNT(B9:B104)+4 -> 96 | C110: =COUNT(C9:C104)+4 -> 96 | D110: =COUNT(D9:D104)+4 -> 96 | E110: =COUNT(E9:E104)+4 -> 96 | F110: 0 | G110: =COUNT(G9:G104)+4 -> 96 | H110: =COUNT(H9:H104)+4 -> 96 | I110: =COUNT(I9:I104)+4 -> 96 | J110: =COUNT(J9:J104)+4 -> 96 | K110: =COUNT(K9:K104)+4 -> 96 | L110: =COUNT(L9:L104)+4 -> 96 | M110: =COUNT(M9:M104)+4 -> 96 | N110: =COUNT(N9:N104)+4 -> 96 | ... Q110: =COUNT(Q9:Q104)+4 -> 96
A111: DCR | B111: =IF(B110>=87,">90%",IF(B110<=87,"<90%")) -> >90% | C111: =IF(C110>=87,">90%",IF(C110<=87,"<90%")) -> >90% | D111: =IF(D110>=87,">90%",IF(D110<=87,"<90%")) -> >90% | E111: =IF(E110>=87,">90%",IF(E110<=87,"<90%")) -> >90% | F111: =IF(F110>=87,">90%",IF(F110<=87,"<90%")) -> <90% | G111: =IF(G110>=87,">90%",IF(G110<=87,"<90%")) -> >90% | H111: =IF(H110>=87,">90%",IF(H110<=87,"<90%")) -> >90% | I111: =IF(I110>=87,">90%",IF(I110<=87,"<90%")) -> >90% | ... Q111: =IF(Q110>=87,">90%",IF(Q110<=87,"<90%")) -> >90%
A112: Status | B112: =IF(B110>=87,"OK",IF(B110<=87,"LESS")) -> OK | C112: =IF(C110>=87,"OK",IF(C110<=87,"LESS")) -> OK | D112: =IF(D110>=87,"OK",IF(D110<=87,"LESS")) -> OK | E112: =IF(E110>=87,"OK",IF(E110<=87,"LESS")) -> OK | F112: =IF(F110>=87,"OK",IF(F110<=87,"LESS")) -> LESS | G112: =IF(G110>=87,"OK",IF(G110<=87,"LESS")) -> OK | H112: =IF(H110>=87,"OK",IF(H110<=87,"LESS")) -> OK | I112: =IF(I110>=87,"OK",IF(I110<=87,"LESS")) -> OK | ... Q112: =IF(Q110>=87,"OK",IF(Q110<=87,"LESS")) -> OK
A115: Done by | B115: AKASH
A117: Comment

Sheet 06
A1: Station: | B1: IGKV RAIPUR
A2: Date: | B2: =$A$9 -> 06/02/2025 00:15 | C2: Power Off | G2: Pw.Off | J2: Link Fail | L2: Link F | N2: Maintenance | P2: Maint.
A3: Report Type: | B3: Mean | C3: Calibration | G3: Calib. | J3: Data Fail | L3: Data F | N3: Invalid | P3: Invalid
A4: Time Base: | B4: 15 Min | C4: Zero Referrence | G4: Z.Ref | J4: Warm Up | L4: Wm. Up
A7: Date & Time | B7: NO | C7: NO2 | D7: NOX | E7: SO2 | F7: O3 | G7: PM 10 | H7: PM 2.5 | I7: BENZ | J7: WS | K7: WD | L7: TEMP | M7: HUM | N7: SR | O7: RG | P7: CO | Q7: NH3
B8: ug/m3 | C8: ug/m3 | D8: ppb | E8: ug/m3 | F8: ug/m3 | G8: ug/m3 | H8: ug/m3 | I8: ug/m3 | J8: m/sec | K8: deg | L8: degreC | M8: % | N8: w/m2 | O8: mm | P8: mg/m3 | Q8: ug/m3
A9: 06/02/2025 00:15 | B9: 13.52 | C9: 23.12 | D9: 24.27 | E9: 10.41 | F9: Invalid | G9: 58.52 | H9: 18.69 | I9: 11.08 | J9: 0.08 | K9: 166.75 | L9: 22.21 | M9: 67.66 | N9: 1.5 | O9: 0 | P9: 0.81 | Q9: 12.96
A10: 06/02/2025 00:30 | B10: 14.37 | C10: 22.49 | D10: 24.62 | E10: 10.88 | F10: Invalid | G10: 58.52 | H10: 18.69 | I10: 11.22 | J10: 0.15 | K10: 58.68 | L10: 22.87 | M10: 60.85 | N10: 0.6 | O10: 0 | P10: 0.83 | Q10: 12.96
A11: 06/02/2025 00:45 | B11: 16.08 | C11: 22.88 | D11: 26.2 | E11: 10.27 | F11: Invalid | G11: 59.39 | H11: 18.72 | I11: 11.33 | J11: 0.32 | K11: 49.85 | L11: 23.69 | M11: 56.23 | N11: 0.5 | O11: 0 | P11: 0.84 | Q11: 12.95
A12: 06/02/2025 01:00 | B12: 17.41 | C12: 23.21 | D12: 27.44 | E12: 11.14 | F12: Invalid | G12: 78.16 | H12: 19.57 | I12: 11.44 | J12: 0.38 | K12: 31.99 | L12: 23.81 | M12: 56.28 | N12: 0.8 | O12: 0 | P12: 0.85 | Q12: 12.98
A13: 06/02/2025 01:15 | B13: 18.26 | C13: 23.15 | D13: 28.09 | E13: 10.74 | F13: Invalid | G13: 78.16 | H13: 19.57 | I13: 11.53 | J13: 0.58 | K13: 23.39 | L13: 23.74 | M13: 57.67 | N13: 0.9 | O13: 0 | P13: 0.85 | Q13: 12.98
A14: 06/02/2025 01:30 | B14: 18.59 | C14: 23.11 | D14: 28.34 | E14: 10.36 | F14: Invalid | G14: 78.16 | H14: 19.57 | I14: 11.6 | J14: 0.58 | K14: 40.78 | L14: 23.87 | M14: 57.88 | N14: 0.9 | O14: 0 | P14: 0.82 | Q14: 12.98
A15: 06/02/2025 01:45 | B15: 17.97 | C15: 23.33 | D15: 27.95 | E15: 10.29 | F15: Invalid | G15: 78.32 | H15: 19.59 | I15: 11.62 | J15: 0.32 | K15: 46.92 | L15: 23.84 | M15: 58.45 | N15: 1.3 | O15: 0 | P15: 0.77 | Q15: 12.99
A16: 06/02/2025 02:00 | B16: 17.31 | C16: 23.67 | D16: 27.6 | E16: 10.55 | F16: Invalid | G16: 82.82 | H16: 20.45 | I16: 11.53 | J16: 0.44 | K16: 51.7 | L16: 23.53 | M16: 59.72 | N16: 1.4 | O16: 0 | P16: 0.76 | Q16: 12.98
A17: 06/02/2025 02:15 | B17: 16.89 | C17: 24.01 | D17: 27.44 | E17: 8.95 | F17: Invalid | G17: 82.82 | H17: 20.45 | I17: 11.33 | J17: 0.3 | K17: 328.48 | L17: 23.13 | M17: 61.96 | N17: 1.5 | O17: 0 | P17: 0.75 | Q17: 12.99
A18: 06/02/2025 02:30 | B18: 16.35 | C18: 24.26 | D18: 27.14 | E18: 10.45 | F18: Invalid | G18: 82.82 | H18: 20.45 | I18: 11.17 | J18: 0.54 | K18: 37.77 | L18: 23.13 | M18: 61.29 | N18: 1.1 | O18: 0 | P18: 0.72 | Q18: 12.98
A19: 06/02/2025 02:45 | B19: 15.73 | C19: 24.54 | D19: 26.79 | E19: 9.8 | F19: Invalid | G19: 82.18 | H19: 20.46 | I19: 11.05 | J19: 0.64 | K19: 39.78 | L19: 23.15 | M19: 61.34 | N19: 1.2 | O19: 0 | P19: 0.72 | Q19: 12.98
A20: 06/02/2025 03:00 | B20: 15.13 | C20: 24.83 | D20: 26.46 | E20: 9.68 | F20: Invalid | G20: 68.44 | H20: 20.55 | I20: 10.87 | J20: 0.65 | K20: 49 | L20: 22.85 | M20: 62.61 | N20: 1.5 | O20: 0 | P20: 0.71 | Q20: 12.98
... A104: 06/02/2025 24:00 | B104: 9.01 | C104: 26.03 | D104: 22.18 | E104: 9.99 | F104: Invalid | G104: 65.29 | H104: 20.06 | I104: 8.17 | J104: 0.83 | K104: 51.53 | L104: 21.43 | M104: 32.83 | N104: 1.3 | O104: 0 | P104: 0.67 | Q104: 12.95
A106: Min | B106: =MIN(B9:B104) -> 3.94 | C106: =MIN(C9:C104) -> 22.49 | D106: =MIN(D9:D104) -> 16.79 | E106: =MIN(E9:E104) -> 8.44 | F106: =MIN(F9:F104) -> 0 | G106: =MIN(G9:G104) -> 53.31 | H106: =MIN(H9:H104) -> 17.46 | I106: =MIN(I9:I104) -> 7.1 | ... Q106: =MIN(Q9:Q104) -> 12.92
A107: Max | B107: =MAX(B9:B104) -> 18.59 | C107: =MAX(C9:C104) -> 26.72 | D107: =MAX(D9:D104) -> 28.34 | E107: =MAX(E9:E104) -> 13.2 | F107: =MAX(F9:F104) -> 0 | G107: =MAX(G9:G104) -> 82.82 | H107: =MAX(H9:H104) -> 31.82 | I107: =MAX(I9:I104) -> 11.62 | ... Q107: =MAX(Q9:Q104) -> 12.99
A108: Avg | B108: =AVERAGE(B9:B104) -> 8.449375 | C108: =AVERAGE(C9:C104) -> 24.457708 | D108: =AVERAGE(D9:D104) -> 20.905937 | E108: =AVERAGE(E9:E104) -> 10.112812 | F108: =AVERAGE(F9:F104) -> #DIV/0! | G108: =AVERAGE(G9:G104) -> 67.101042 | H108: =AVERAGE(H9:H104) -> 24.01375 | I108: =AVERAGE(I9:I104) -> 8.7520833 | ... Q108: =AVERAGE(Q9:Q104) -> 12.95125
A109: Stdev | B109: =STDEV(B9:B104) -> 3.7147824 | C109: =STDEV(C9:C104) -> 0.96407739 | D109: =STDEV(D9:D104) -> 2.9283948 | E109: =STDEV(E9:E104) -> 0.93850464 | F109: =STDEV(F9:F104) -> #DIV/0! | G109: =STDEV(G9:G104) -> 8.8606694 | H109: =STDEV(H9:H104) -> 5.1486792 | I109: =STDEV(I9:I104) -> 1.2335169 | ... Q109: =STDEV(Q9:Q104) -> 0.01674892
A110: Num | B110: =COUNT(B9:B104) -> 96 | C110: =COUNT(C9:C104) -> 96 | D110: =COUNT(D9:D104) -> 96 | E110: =COUNT(E9:E104) -> 96 | F110: =COUNT(F9:F104) -> 0 | G110: =COUNT(G9:G104) -> 96 | H110: =COUNT(H9:H104) -> 96 | I110: =COUNT(I9:I104) -> 96 | ... Q110: =COUNT(Q9:Q104) -> 96
A111: DCR | B111: =IF(B110>=87,">90%",IF(B110<=87,"<90%")) -> >90% | C111: =IF(C110>=87,">90%",IF(C110<=87,"<90%")) -> >90% | D111: =IF(D110>=87,">90%",IF(D110<=87,"<90%")) -> >90% | E111: =IF(E110>=87,">90%",IF(E110<=87,"<90%")) -> >90% | F111: =IF(F110>=87,">90%",IF(F110<=87,"<90%")) -> <90% | G111: =IF(G110>=87,">90%",IF(G110<=87,"<90%")) -> >90% | H111: =IF(H110>=87,">90%",IF(H110<=87,"<90%")) -> >90% | I111: =IF(I110>=87,">90%",IF(I110<=87,"<90%")) -> >90% | ... Q111: =IF(Q110>=87,">90%",IF(Q110<=87,"<90%")) -> >90%
A112: Status | B112: =IF(B110>=87,"OK",IF(B110<=87,"LESS")) -> OK | C112: =IF(C110>=87,"OK",IF(C110<=87,"LESS")) -> OK | D112: =IF(D110>=87,"OK",IF(D110<=87,"LESS")) -> OK | E112: =IF(E110>=87,"OK",IF(E110<=87,"LESS")) -> OK | F112: =IF(F110>=87,"OK",IF(F110<=87,"LESS")) -> LESS | G112: =IF(G110>=87,"OK",IF(G110<=87,"LESS")) -> OK | H112: =IF(H110>=87,"OK",IF(H110<=87,"LESS")) -> OK | I112: =IF(I110>=87,"OK",IF(I110<=87,"LESS")) -> OK | ... Q112: =IF(Q110>=87,"OK",IF(Q110<=87,"LESS")) -> OK
A115: Done by | B115: AKASH
A117: Comment

Sheet 07
A1: Station: | B1: IGKV RAIPUR
A2: Date: | B2: =$A$9 -> 07/02/2025 00:15 | C2: Power Off | G2: Pw.Off | J2: Link Fail | L2: Link F | N2: Maintenance | P2: Maint.
A3: Report Type: | B3: Mean | C3: Calibration | G3: Calib. | J3: Data Fail | L3: Data F | N3: Invalid | P3: Invalid
A4: Time Base: | B4: 15 Min | C4: Zero Referrence | G4: Z.Ref | J4: Warm Up | L4: Wm. Up
A7: Date & Time | B7: NO | C7: NO2 | D7: NOX | E7: SO2 | F7: O3 | G7: PM 10 | H7: PM 2.5 | I7: BENZ | J7: WS | K7: WD | L7: TEMP | M7: HUM | N7: SR | O7: RG | P7: CO | Q7: NH3
B8: ug/m3 | C8: ug/m3 | D8: ppb | E8: ug/m3 | F8: ug/m3 | G8: ug/m3 | H8: ug/m3 | I8: ug/m3 | J8: m/sec | K8: deg | L8: degreC | M8: % | N8: w/m2 | O8: mm | P8: mg/m3 | Q8: ug/m3
A9: 07/02/2025 00:15 | B9: 8.84 | C9: 26.29 | D9: 22.18 | E9: 9.93 | F9: Invalid | G9: 65.29 | H9: 20.06 | I9: 7.89 | J9: 0.9 | K9: 49.91 | L9: 21.25 | M9: 32.91 | N9: 1.3 | O9: 0 | P9: 0.66 | Q9: 12.95
A10: 07/02/2025 00:30 | B10: 9.05 | C10: 26.05 | D10: 22.22 | E10: 9.52 | F10: Invalid | G10: 65.29 | H10: 20.06 | I10: 7.75 | J10: 0.71 | K10: 58.86 | L10: 21.06 | M10: 33.26 | N10: 1.3 | O10: 0 | P10: 0.65 | Q10: 12.97
A11: 07/02/2025 00:45 | B11: 9.08 | C11: 25.77 | D11: 22.09 | E11: 9.94 | F11: Invalid | G11: 65.24 | H11: 20.08 | I11: 7.67 | J11: 0.61 | K11: 56.74 | L11: 20.87 | M11: 33.93 | N11: 1.2 | O11: 0 | P11: 0.64 | Q11: 12.96
A12: 07/02/2025 01:00 | B12: 9.66 | C12: 25.72 | D12: 22.54 | E12: 9.71 | F12: Invalid | G12: 64.08 | H12: 20.74 | I12: 7.6 | J12: 0.6 | K12: 53.91 | L12: 20.71 | M12: 34.39 | N12: 1.3 | O12: 0 | P12: 0.64 | Q12: 12.95
A13: 07/02/2025 01:15 | B13: 10.39 | C13: 25.78 | D13: 23.15 | E13: 9.5 | F13: Invalid | G13: 64.08 | H13: 20.74 | I13: 7.5 | J13: 0.3 | K13: 50.5 | L13: 20.55 | M13: 35.36 | N13: 1.1 | O13: 0 | P13: 0.63 | Q13: 12.96
A14: 07/02/2025 01:30 | B14: 11.36 | C14: 25.93 | D14: 24.01 | E14: 9.33 | F14: Invalid | G14: 64.08 | H14: 20.74 | I14: 7.47 | J14: 0.42 | K14: 62.85 | L14: 20.46 | M14: 34.5 | N14: 1 | O14: 0 | P14: 0.62 | Q14: 12.98
A15: 07/02/2025 01:45 | B15: 11.79 | C15: 25.81 | D15: 24.29 | E15: 9.22 | F15: Invalid | G15: 63.95 | H15: 20.73 | I15: 7.42 | J15: 0.48 | K15: 58.81 | L15: 20.33 | M15: 34.29 | N15: 1.1 | O15: 0 | P15: 0.61 | Q15: 12.98
A16: 07/02/2025 02:00 | B16: 11.92 | C16: 25.69 | D16: 24.34 | E16: 8.78 | F16: Invalid | G16: 60.23 | H16: 20.47 | I16: 7.36 | J16: 0.46 | K16: 44.12 | L16: 20.22 | M16: 34.15 | N16: 1 | O16: 0 | P16: 0.61 | Q16: 12.98
A17: 07/02/2025 02:15 | B17: 12 | C17: 25.75 | D17: 24.43 | E17: 7.82 | F17: Invalid | G17: 60.23 | H17: 20.47 | I17: 7.3 | J17: 0.56 | K17: 49.37 | L17: 20.18 | M17: 33.45 | N17: 1.1 | O17: 0 | P17: 0.62 | Q17: 12.97
A18: 07/02/2025 02:30 | B18: 11.99 | C18: 25.63 | D18: 24.36 | E18: 9.64 | F18: Invalid | G18: 60.23 | H18: 20.47 | I18: 7.36 | J18: 0.25 | K18: 73.27 | L18: 20.01 | M18: 35 | N18: 1.3 | O18: 0 | P18: 0.66 | Q18: 12.97
A19: 07/02/2025 02:45 | B19: 11.88 | C19: 25.25 | D19: 24.07 | E19: 9.3 | F19: Invalid | G19: 60.24 | H19: 20.5 | I19: 7.39 | J19: 0.19 | K19: 162 | L19: 19.27 | M19: 46.22 | N19: 1.8 | O19: 0 | P19: 0.67 | Q19: 12.96
A20: 07/02/2025 03:00 | B20: 11.7 | C20: 24.59 | D20: 23.58 | E20: 8.95 | F20: Invalid | G20: 60.38 | H20: 21.48 | I20: 7.35 | J20: 0.17 | K20: 167.6 | L20: 18.68 | M20: 48.38 | N20: 1.4 | O20: 0 | P20: 0.67 | Q20: 12.95
... A104: 07/02/2025 24:00 | B104: 30.41 | C104: 28.13 | D104: 40.44 | E104: 9.66 | F104: Invalid | G104: 112.24 | H104: 29.57 | I104: 18.17 | J104: 0.11 | K104: 186.2 | L104: 19.55 | M104: 57.42 | N104: 1.2 | O104: 0 | P104: 1.12 | Q104: 13.05
A106: Min | B106: =MIN(B9:B104) -> 7.48 | C106: =MIN(C9:C104) -> 22.6 | D106: =MIN(D9:D104) -> 21.68 | E106: =MIN(E9:E104) -> 6.68 | F106: =MIN(F9:F104) -> 0 | G106: =MIN(G9:G104) -> 48.96 | H106: =MIN(H9:H104) -> 13.08 | I106: =MIN(I9:I104) -> 6.29 | ... Q106: =MIN(Q9:Q104) -> 12.94
A107: Max | B107: =MAX(B9:B104) -> 30.41 | C107: =MAX(C9:C104) -> 31.13 | D107: =MAX(D9:D104) -> 40.44 | E107: =MAX(E9:E104) -> 37.35 | F107: =MAX(F9:F104) -> 0 | G107: =MAX(G9:G104) -> 169.27 | H107: =MAX(H9:H104) -> 40.15 | I107: =MAX(I9:I104) -> 19.03 | ... Q107: =MAX(Q9:Q104) -> 13.06
A108: Avg | B108: =AVERAGE(B9:B104) -> 13.500312 | C108: =AVERAGE(C9:C104) -> 26.485 | D108: =AVERAGE(D9:D104) -> 26.014688 | E108: =AVERAGE(E9:E104) -> 9.9695833 | F108: =AVERAGE(F9:F104) -> #DIV/0! | G108: =AVERAGE(G9:G104) -> 75.479271 | H108: =AVERAGE(H9:H104) -> 24.749271 | I108: =AVERAGE(I9:I104) -> 8.8651042 | ... Q108: =AVERAGE(Q9:Q104) -> 12.981042
A109: Stdev | B109: =STDEV(B9:B104) -> 4.9268321 | C109: =STDEV(C9:C104) -> 2.5345785 | D109: =STDEV(D9:D104) -> 4.7003547 | E109: =STDEV(E9:E104) -> 4.4439553 | F109: =STDEV(F9:F104) -> #DIV/0! | G109: =STDEV(G9:G104) -> 32.073982 | H109: =STDEV(H9:H104) -> 7.3737561 | I109: =STDEV(I9:I104) -> 4.1460726 | ... Q109: =STDEV(Q9:Q104) -> 0.028744946
A110: Num | B110: =COUNT(B9:B104) -> 96 | C110: =COUNT(C9:C104) -> 96 | D110: =COUNT(D9:D104) -> 96 | E110: =COUNT(E9:E104) -> 96 | F110: =COUNT(F9:F104) -> 0 | G110: =COUNT(G9:G104) -> 96 | H110: =COUNT(H9:H104) -> 96 | I110: =COUNT(I9:I104) -> 96 | ... Q110: =COUNT(Q9:Q104) -> 96
A111: DCR | B111: =IF(B110>=87,">90%",IF(B110<=87,"<90%")) -> >90% | C111: =IF(C110>=87,">90%",IF(C110<=87,"<90%")) -> >90% | D111: =IF(D110>=87,">90%",IF(D110<=87,"<90%")) -> >90% | E111: =IF(E110>=87,">90%",IF(E110<=87,"<90%")) -> >90% | F111: =IF(F110>=87,">90%",IF(F110<=87,"<90%")) -> <90% | G111: =IF(G110>=87,">90%",IF(G110<=87,"<90%")) -> >90% | H111: =IF(H110>=87,">90%",IF(H110<=87,"<90%")) -> >90% | I111: =IF(I110>=87,">90%",IF(I110<=87,"<90%")) -> >90% | ... Q111: =IF(Q110>=87,">90%",IF(Q110<=87,"<90%")) -> >90%
A112: Status | B112: =IF(B110>=87,"OK",IF(B110<=87,"LESS")) -> OK | C112: =IF(C110>=87,"OK",IF(C110<=87,"LESS")) -> OK | D112: =IF(D110>=87,"OK",IF(D110<=87,"LESS")) -> OK | E112: =IF(E110>=87,"OK",IF(E110<=87,"LESS")) -> OK | F112: =IF(F110>=87,"OK",IF(F110<=87,"LESS")) -> LESS | G112: =IF(G110>=87,"OK",IF(G110<=87,"LESS")) -> OK | H112: =IF(H110>=87,"OK",IF(H110<=87,"LESS")) -> OK | I112: =IF(I110>=87,"OK",IF(I110<=87,"LESS")) -> OK | ... Q112: =IF(Q110>=87,"OK",IF(Q110<=87,"LESS")) -> OK
A115: Done by | B115: AKASH
A117: Comment

Sheet 08
A1: Station: | B1: IGKV RAIPUR
A2: Date: | B2: =$A$9 -> 08/02/2025 00:15 | C2: Power Off | G2: Pw.Off | J2: Link Fail | L2: Link F | N2: Maintenance | P2: Maint.
A3: Report Type: | B3: Mean | C3: Calibration | G3: Calib. | J3: Data Fail | L3: Data F | N3: Invalid | P3: Invalid
A4: Time Base: | B4: 15 Min | C4: Zero Referrence | G4: Z.Ref | J4: Warm Up | L4: Wm. Up
A7: Date & Time | B7: NO | C7: NO2 | D7: NOX | E7: SO2 | F7: O3 | G7: PM 10 | H7: PM 2.5 | I7: BENZ | J7: WS | K7: WD | L7: TEMP | M7: HUM | N7: SR | O7: RG | P7: CO | Q7: NH3
B8: ug/m3 | C8: ug/m3 | D8: ppb | E8: ug/m3 | F8: ug/m3 | G8: ug/m3 | H8: ug/m3 | I8: ug/m3 | J8: m/sec | K8: deg | L8: degreC | M8: % | N8: w/m2 | O8: mm | P8: mg/m3 | Q8: ug/m3
A9: 08/02/2025 00:15 | B9: 32.28 | C9: 28 | D9: 41.86 | E9: 10.01 | F9: Invalid | G9: 112.24 | H9: 29.57 | I9: 17.99 | J9: 0.16 | K9: 169.44 | L9: 19.67 | M9: 56.17 | N9: 1.2 | O9: 0 | P9: 1.12 | Q9: 13.05
A10: 08/02/2025 00:30 | B10: 32.63 | C10: 28.02 | D10: 42.16 | E10: 9.91 | F10: Invalid | G10: 112.24 | H10: 29.57 | I10: 17.85 | J10: 0.25 | K10: 163.66 | L10: 19.37 | M10: 65.01 | N10: 1.3 | O10: 0 | P10: 1.12 | Q10: 13.06
A11: 08/02/2025 00:45 | B11: 32.89 | C11: 27.74 | D11: 42.22 | E11: 10.03 | F11: Invalid | G11: 111.55 | H11: 29.5 | I11: 17.63 | J11: 0.22 | K11: 181.46 | L11: 18.83 | M11: 67.84 | N11: 1.6 | O11: 0 | P11: 1.12 | Q11: 13.05
A12: 08/02/2025 01:00 | B12: 32.91 | C12: 27.31 | D12: 42.01 | E12: 10.02 | F12: Invalid | G12: 96.59 | H12: 27.39 | I12: 17.43 | J12: 0.17 | K12: 165.93 | L12: 18.71 | M12: 64.69 | N12: 1.3 | O12: 0 | P12: 1.12 | Q12: 13.07
A13: 08/02/2025 01:15 | B13: 32.71 | C13: 27.21 | D13: 41.79 | E13: 9.76 | F13: Invalid | G13: 96.59 | H13: 27.39 | I13: 17.25 | J13: 0.22 | K13: 176.24 | L13: 18.71 | M13: 67.22 | N13: 1.3 | O13: 0 | P13: 1.11 | Q13: 13.06
A14: 08/02/2025 01:30 | B14: 32.49 | C14: 26.92 | D14: 41.47 | E14: 9.84 | F14: Invalid | G14: 96.59 | H14: 27.39 | I14: 17.12 | J14: 0.2 | K14: 210.1 | L14: 18.21 | M14: 66.81 | N14: 1.5 | O14: 0 | P14: 1.12 | Q14: 13.06
A15: 08/02/2025 01:45 | B15: 32.12 | C15: 26.63 | D15: 41.03 | E15: 9.92 | F15: Invalid | G15: 96.49 | H15: 27.26 | I15: 16.94 | J15: 0.16 | K15: 172.6 | L15: 18.05 | M15: 70.82 | N15: 1.4 | O15: 0 | P15: 1.12 | Q15: 13.06
A16: 08/02/2025 02:00 | B16: 31.7 | C16: 26.12 | D16: 40.42 | E16: 9.66 | F16: Invalid | G16: 94.34 | H16: 23.12 | I16: 16.68 | J16: 0.18 | K16: 214.45 | L16: 17.71 | M16: 71.73 | N16: 1.4 | O16: 0 | P16: 1.11 | Q16: 13.06
A17: 08/02/2025 02:15 | B17: 31.28 | C17: 25.86 | D17: 39.95 | E17: 8.15 | F17: Invalid | G17: 94.34 | H17: 23.12 | I17: 16.51 | J17: 0.11 | K17: 194.98 | L17: 17.64 | M17: 71.67 | N17: 1.2 | O17: 0 | P17: 1.11 | Q17: 13.05
A18: 08/02/2025 02:30 | B18: 30.81 | C18: 25.56 | D18: 39.41 | E18: 9.99 | F18: Invalid | G18: 94.34 | H18: 23.12 | I18: 16.35 | J18: 0.14 | K18: 217.53 | L18: 17.71 | M18: 69.79 | N18: 1.2 | O18: 0 | P18: 1.1 | Q18: 13.04
A19: 08/02/2025 02:45 | B19: 30.03 | C19: 25.43 | D19: 38.72 | E19: 10 | F19: Invalid | G19: 93.45 | H19: 23.11 | I19: 16.19 | J19: 0.11 | K19: 135.57 | L19: 17.82 | M19: 66.63 | N19: 1.1 | O19: 0 | P19: 1.05 | Q19: 13.03
A20: 08/02/2025 03:00 | B20: 29.55 | C20: 25.22 | D20: 38.23 | E20: 9.97 | F20: Invalid | G20: 74.24 | H20: 22.84 | I20: 16.09 | J20: 0.36 | K20: 66.39 | L20: 18.27 | M20: 61.52 | N20: 0.7 | O20: 0 | P20: 0.98 | Q20: 13.04
... A104: 08/02/2025 24:00 | B104: 25 | C104: 27.45 | D104: 35.74 | E104: 11.48 | F104: Invalid | G104: 140.65 | H104: 26.82 | I104: 12.66 | J104: 0.15 | K104: 117.12 | L104: 19.85 | M104: 41.47 | N104: 0.8 | O104: 0 | P104: 0.91 | Q104: 13.04
A106: Min | B106: =MIN(B9:B104) -> 3.86 | C106: =MIN(C9:C104) -> 24.71 | D106: =MIN(D9:D104) -> 18.21 | E106: =MIN(E9:E104) -> 8.15 | F106: =MIN(F9:F104) -> 0 | G106: =MIN(G9:G104) -> 56.68 | H106: =MIN(H9:H104) -> 18.99 | I106: =MIN(I9:I104) -> 8.12 | ... Q106: =MIN(Q9:Q104) -> 12.94
A107: Max | B107: =MAX(B9:B104) -> 32.91 | C107: =MAX(C9:C104) -> 28.19 | D107: =MAX(D9:D104) -> 42.22 | E107: =MAX(E9:E104) -> 17.99 | F107: =MAX(F9:F104) -> 0 | G107: =MAX(G9:G104) -> 140.65 | H107: =MAX(H9:H104) -> 30.23 | I107: =MAX(I9:I104) -> 17.99 | ... Q107: =MAX(Q9:Q104) -> 13.07
A108: Avg | B108: =AVERAGE(B9:B104) -> 18.558021 | C108: =AVERAGE(C9:C104) -> 26.295937 | D108: =AVERAGE(D9:D104) -> 29.972083 | E108: =AVERAGE(E9:E104) -> 11.264896 | F108: =AVERAGE(F9:F104) -> #DIV/0! | G108: =AVERAGE(G9:G104) -> 83.021354 | H108: =AVERAGE(H9:H104) -> 25.414062 | I108: =AVERAGE(I9:I104) -> 12.825729 | ... Q108: =AVERAGE(Q9:Q104) -> 13.002813
A109: Stdev | B109: =STDEV(B9:B104) -> 9.4548567 | C109: =STDEV(C9:C104) -> 0.93631144 | D109: =STDEV(D9:D104) -> 7.5398496 | E109: =STDEV(E9:E104) -> 1.8366927 | F109: =STDEV(F9:F104) -> #DIV/0! | G109: =STDEV(G9:G104) -> 18.171469 | H109: =STDEV(H9:H104) -> 3.2295173 | I109: =STDEV(I9:I104) -> 2.7333834 | ... Q109: =STDEV(Q9:Q104) -> 0.036983727
A110: Num | B110: =COUNT(B9:B104) -> 96 | C110: =COUNT(C9:C104) -> 96 | D110: =COUNT(D9:D104) -> 96 | E110: =COUNT(E9:E104) -> 96 | F110: =COUNT(F9:F104) -> 0 | G110: =COUNT(G9:G104) -> 96 | H110: =COUNT(H9:H104) -> 96 | I110: =COUNT(I9:I104) -> 96 | ... Q110: =COUNT(Q9:Q104) -> 96
A111: DCR | B111: =IF(B110>=87,">90%",IF(B110<=87,"<90%")) -> >90% | C111: =IF(C110>=87,">90%",IF(C110<=87,"<90%")) -> >90% | D111: =IF(D110>=87,">90%",IF(D110<=87,"<90%")) -> >90% | E111: =IF(E110>=87,">90%",IF(E110<=87,"<90%")) -> >90% | F111: =IF(F110>=87,">90%",IF(F110<=87,"<90%")) -> <90% | G111: =IF(G110>=87,">90%",IF(G110<=87,"<90%")) -> >90% | H111: =IF(H110>=87,">90%",IF(H110<=87,"<90%")) -> >90% | I111: =IF(I110>=87,">90%",IF(I110<=87,"<90%")) -> >90% | ... Q111: =IF(Q110>=87,">90%",IF(Q110<=87,"<90%")) -> >90%
A112: Status | B112: =IF(B110>=87,"OK",IF(B110<=87,"LESS")) -> OK | C112: =IF(C110>=87,"OK",IF(C110<=87,"LESS")) -> OK | D112: =IF(D110>=87,"OK",IF(D110<=87,"LESS")) -> OK | E112: =IF(E110>=87,"OK",IF(E110<=87,"LESS")) -> OK | F112: =IF(F110>=87,"OK",IF(F110<=87,"LESS")) -> LESS | G112: =IF(G110>=87,"OK",IF(G110<=87,"LESS")) -> OK | H112: =IF(H110>=87,"OK",IF(H110<=87,"LESS")) -> OK | I112: =IF(I110>=87,"OK",IF(I110<=87,"LESS")) -> OK | ... Q112: =IF(Q110>=87,"OK",IF(Q110<=87,"LESS")) -> OK
A115: Done by | B115: AKASH
A117: Comment

Sheet 09
A1: Station: | B1: IGKV RAIPUR
A2: Date: | B2: =$A$9 -> 09/02/2025 00:15 | C2: Power Off | G2: Pw.Off | J2: Link Fail | L2: Link F | N2: Maintenance | P2: Maint.
A3: Report Type: | B3: Mean | C3: Calibration | G3: Calib. | J3: Data Fail | L3: Data F | N3: Invalid | P3: Invalid
A4: Time Base: | B4: 15 Min | C4: Zero Referrence | G4: Z.Ref | J4: Warm Up | L4: Wm. Up
A7: Date & Time | B7: NO | C7: NO2 | D7: NOX | E7: SO2 | F7: O3 | G7: PM 10 | H7: PM 2.5 | I7: BENZ | J7: WS | K7: WD | L7: TEMP | M7: HUM | N7: SR | O7: RG | P7: CO | Q7: NH3
B8: ug/m3 | C8: ug/m3 | D8: ppb | E8: ug/m3 | F8: ug/m3 | G8: ug/m3 | H8: ug/m3 | I8: ug/m3 | J8: m/sec | K8: deg | L8: degreC | M8: % | N8: w/m2 | O8: mm | P8: mg/m3 | Q8: ug/m3
A9: 09/02/2025 00:15 | B9: 25.44 | C9: 27.84 | D9: 36.3 | E9: 11.54 | F9: Invalid | G9: 140.65 | H9: 26.82 | I9: 12.44 | J9: 0.18 | K9: 103.06 | L9: 19.26 | M9: 44.58 | N9: 1 | O9: 0 | P9: 0.89 | Q9: 13.04
A10: 09/02/2025 00:30 | B10: 25.56 | C10: 28.29 | D10: 36.63 | E10: 11.51 | F10: Invalid | G10: 140.65 | H10: 26.82 | I10: 12.24 | J10: 0.26 | K10: 71.53 | L10: 19.56 | M10: 40.57 | N10: 0.6 | O10: 0 | P10: 0.87 | Q10: 13.03
A11: 09/02/2025 00:45 | B11: 26.17 | C11: 28.33 | D11: 37.14 | E11: 11.5 | F11: Invalid | G11: 140.73 | H11: 26.91 | I11: 12.06 | J11: 0.17 | K11: 105.17 | L11: 19.41 | M11: 41.94 | N11: 0.9 | O11: 0 | P11: 0.86 | Q11: 13.05
A12: 09/02/2025 01:00 | B12: 26.58 | C12: 28.42 | D12: 37.51 | E12: 11.31 | F12: Invalid | G12: 142.42 | H12: 29.96 | I12: 11.84 | J12: 0.34 | K12: 74.94 | L12: 19.37 | M12: 40.04 | N12: 0.6 | O12: 0 | P12: 0.85 | Q12: 13.04
A13: 09/02/2025 01:15 | B13: 26.73 | C13: 28.48 | D13: 37.67 | E13: 11.59 | F13: Invalid | G13: 142.42 | H13: 29.96 | I13: 11.63 | J13: 0.38 | K13: 76.5 | L13: 19.32 | M13: 40.5 | N13: 0.7 | O13: 0 | P13: 0.83 | Q13: 13.04
A14: 09/02/2025 01:30 | B14: 26.63 | C14: 28.58 | D14: 37.64 | E14: 11.8 | F14: Invalid | G14: 142.42 | H14: 29.96 | I14: 11.45 | J14: 0.23 | K14: 80.21 | L14: 18.94 | M14: 42.25 | N14: 0.9 | O14: 0 | P14: 0.81 | Q14: 13.04
A15: 09/02/2025 01:45 | B15: 26.4 | C15: 28.59 | D15: 37.46 | E15: 11.71 | F15: Invalid | G15: 142.8 | H15: 29.88 | I15: 11.24 | J15: 0.42 | K15: 59.71 | L15: 18.8 | M15: 41.5 | N15: 0.5 | O15: 0 | P15: 0.8 | Q15: 13.04
A16: 09/02/2025 02:00 | B16: 26.18 | C16: 28.44 | D16: 37.21 | E16: 11.19 | F16: Invalid | G16: 151.03 | H16: 27.41 | I16: 11.02 | J16: 0.38 | K16: 58.75 | L16: 18.82 | M16: 40.03 | N16: 0.6 | O16: 0 | P16: 0.8 | Q16: 13.05
A17: 09/02/2025 02:15 | B17: 25.68 | C17: 28.44 | D17: 36.8 | E17: 9.54 | F17: Invalid | G17: 151.03 | H17: 27.41 | I17: 10.84 | J17: 0.13 | K17: 67.92 | L17: 18.59 | M17: 41.72 | N17: 0.9 | O17: 0 | P17: 0.77 | Q17: 13.03
A18: 09/02/2025 02:30 | B18: 25.22 | C18: 28.47 | D18: 36.45 | E18: 10.69 | F18: Invalid | G18: 151.03 | H18: 27.41 | I18: 10.73 | J18: 0.19 | K18: 171.7 | L18: 17.48 | M18: 58.34 | N18: 1.6 | O18: 0 | P18: 0.76 | Q18: 13.03
A19: 09/02/2025 02:45 | B19: 24.74 | C19: 28.14 | D19: 35.89 | E19: 10.87 | F19: Invalid | G19: 150.91 | H19: 27.39 | I19: 10.58 | J19: 0.15 | K19: 178.37 | L19: 16.83 | M19: 55.67 | N19: 1 | O19: 0 | P19: 0.74 | Q19: 13.04
A20: 09/02/2025 03:00 | B20: 24.63 | C20: 27.99 | D20: 35.72 | E20: 10.39 | F20: Invalid | G20: 147.39 | H20: 26.51 | I20: 10.41 | J20: 0.12 | K20: 149.4 | L20: 16.6 | M20: 59.62 | N20: 1 | O20: 0 | P20: 0.74 | Q20: 13.02
... A104: 09/02/2025 24:00 | B104: 20.43 | C104: 24.19 | D104: 30.37 | E104: 11.4 | F104: Invalid | G104: 67.56 | H104: 20.76 | I104: 9.18 | J104: 0.11 | K104: 189.33 | L104: 17.16 | M104: 65.41 | N104: 0.9 | O104: 0 | P104: 0.78 | Q104: 13.01
A106: Min | B106: =MIN(B9:B104) -> 3.85 | C106: =MIN(C9:C104) -> 17.32 | D106: =MIN(D9:D104) -> 13.73 | E106: =MIN(E9:E104) -> 7.41 | F106: =MIN(F9:F104) -> 0 | G106: =MIN(G9:G104) -> 36.92 | H106: =MIN(H9:H104) -> 17.16 | I106: =MIN(I9:I104) -> 6.46 | ... Q106: =MIN(Q9:Q104) -> 12.91
A107: Max | B107: =MAX(B9:B104) -> 29.01 | C107: =MAX(C9:C104) -> 28.79 | D107: =MAX(D9:D104) -> 39.62 | E107: =MAX(E9:E104) -> 28.88 | F107: =MAX(F9:F104) -> 0 | G107: =MAX(G9:G104) -> 151.03 | H107: =MAX(H9:H104) -> 33.18 | I107: =MAX(I9:I104) -> 12.44 | ... Q107: =MAX(Q9:Q104) -> 13.05
A108: Avg | B108: =AVERAGE(B9:B104) -> 13.161458 | C108: =AVERAGE(C9:C104) -> 23.282708 | D108: =AVERAGE(D9:D104) -> 24.069792 | E108: =AVERAGE(E9:E104) -> 11.552708 | F108: =AVERAGE(F9:F104) -> #DIV/0! | G108: =AVERAGE(G9:G104) -> 79.991563 | H108: =AVERAGE(H9:H104) -> 24.139062 | I108: =AVERAGE(I9:I104) -> 8.7827083 | ... Q108: =AVERAGE(Q9:Q104) -> 12.978125
A109: Stdev | B109: =STDEV(B9:B104) -> 9.2522181 | C109: =STDEV(C9:C104) -> 3.8337028 | D109: =STDEV(D9:D104) -> 9.0491144 | E109: =STDEV(E9:E104) -> 3.6949221 | F109: =STDEV(F9:F104) -> #DIV/0! | G109: =STDEV(G9:G104) -> 36.281611 | H109: =STDEV(H9:H104) -> 4.5843976 | I109: =STDEV(I9:I104) -> 1.5588724 | ... Q109: =STDEV(Q9:Q104) -> 0.043777247
A110: Num | B110: =COUNT(B9:B104) -> 96 | C110: =COUNT(C9:C104) -> 96 | D110: =COUNT(D9:D104) -> 96 | E110: =COUNT(E9:E104) -> 96 | F110: =COUNT(F9:F104) -> 0 | G110: =COUNT(G9:G104) -> 96 | H110: =COUNT(H9:H104) -> 96 | I110: =COUNT(I9:I104) -> 96 | ... Q110: =COUNT(Q9:Q104) -> 96
A111: DCR | B111: =IF(B110>=87,">90%",IF(B110<=87,"<90%")) -> >90% | C111: =IF(C110>=87,">90%",IF(C110<=87,"<90%")) -> >90% | D111: =IF(D110>=87,">90%",IF(D110<=87,"<90%")) -> >90% | E111: =IF(E110>=87,">90%",IF(E110<=87,"<90%")) -> >90% | F111: =IF(F110>=87,">90%",IF(F110<=87,"<90%")) -> <90% | G111: =IF(G110>=87,">90%",IF(G110<=87,"<90%")) -> >90% | H111: =IF(H110>=87,">90%",IF(H110<=87,"<90%")) -> >90% | I111: =IF(I110>=87,">90%",IF(I110<=87,"<90%")) -> >90% | ... Q111: =IF(Q110>=87,">90%",IF(Q110<=87,"<90%")) -> >90%
A112: Status | B112: =IF(B110>=87,"OK",IF(B110<=87,"LESS")) -> OK | C112: =IF(C110>=87,"OK",IF(C110<=87,"LESS")) -> OK | D112: =IF(D110>=87,"OK",IF(D110<=87,"LESS")) -> OK | E112: =IF(E110>=87,"OK",IF(E110<=87,"LESS")) -> OK | F112: =IF(F110>=87,"OK",IF(F110<=87,"LESS")) -> LESS | G112: =IF(G110>=87,"OK",IF(G110<=87,"LESS")) -> OK | H112: =IF(H110>=87,"OK",IF(H110<=87,"LESS")) -> OK | I112: =IF(I110>=87,"OK",IF(I110<=87,"LESS")) -> OK | ... Q112: =IF(Q110>=87,"OK",IF(Q110<=87,"LESS")) -> OK
A115: Done by | B115: AKASH
A117: Comment

Sheet 10
A1: Station: | B1: IGKV RAIPUR
A2: Date: | B2: =$A$9 -> 10/02/2025 00:15 | C2: Power Off | G2: Pw.Off | J2: Link Fail | L2: Link F | N2: Maintenance | P2: Maint.
A3: Report Type: | B3: Mean | C3: Calibration | G3: Calib. | J3: Data Fail | L3: Data F | N3: Invalid | P3: Invalid
A4: Time Base: | B4: 15 Min | C4: Zero Referrence | G4: Z.Ref | J4: Warm Up | L4: Wm. Up
A7: Date & Time | B7: NO | C7: NO2 | D7: NOX | E7: SO2 | F7: O3 | G7: PM 10 | H7: PM 2.5 | I7: BENZ | J7: WS | K7: WD | L7: TEMP | M7: HUM | N7: SR | O7: RG | P7: CO | Q7: NH3
B8: ug/m3 | C8: ug/m3 | D8: ppb | E8: ug/m3 | F8: ug/m3 | G8: ug/m3 | H8: ug/m3 | I8: ug/m3 | J8: m/sec | K8: deg | L8: degreC | M8: % | N8: w/m2 | O8: mm | P8: mg/m3 | Q8: ug/m3
A9: 10/02/2025 00:15 | B9: 20.56 | C9: 24.36 | D9: 30.56 | E9: 11.43 | F9: Invalid | G9: 67.56 | H9: 20.76 | I9: 9.32 | J9: 0.27 | K9: 165.18 | L9: 17.16 | M9: 63.8 | N9: 0.9 | O9: 0 | P9: 0.77 | Q9: 13
A10: 10/02/2025 00:30 | B10: 20.96 | C10: 24.25 | D10: 30.83 | E10: 11.39 | F10: Invalid | G10: 67.56 | H10: 20.76 | I10: 9.4 | J10: 0.23 | K10: 184.46 | L10: 17.03 | M10: 65.6 | N10: 0.9 | O10: 0 | P10: 0.79 | Q10: 13.01
A11: 10/02/2025 00:45 | B11: 21.28 | C11: 24.26 | D11: 31.09 | E11: 11.26 | F11: Invalid | G11: 67.7 | H11: 20.71 | I11: 9.4 | J11: 0.12 | K11: 208.31 | L11: 16.82 | M11: 62.55 | N11: 1 | O11: 0 | P11: 0.79 | Q11: 13
A12: 10/02/2025 01:00 | B12: 21.4 | C12: 24.14 | D12: 31.13 | E12: 11.02 | F12: Invalid | G12: 70.71 | H12: 19.06 | I12: 9.5 | J12: 0.12 | K12: 190.48 | L12: 16.93 | M12: 60.17 | N12: 0.7 | O12: 0 | P12: 0.79 | Q12: 13.02
A13: 10/02/2025 01:15 | B13: 21.32 | C13: 24.21 | D13: 31.1 | E13: 11.44 | F13: Invalid | G13: 70.71 | H13: 19.06 | I13: 9.56 | J13: 0.24 | K13: 194.21 | L13: 16.59 | M13: 64.31 | N13: 1.1 | O13: 0 | P13: 0.79 | Q13: 13.01
A14: 10/02/2025 01:30 | B14: 21.23 | C14: 24.19 | D14: 31.01 | E14: 11.1 | F14: Invalid | G14: 70.71 | H14: 19.06 | I14: 9.58 | J14: 0.19 | K14: 197.96 | L14: 16.09 | M14: 65.73 | N14: 1.2 | O14: 0 | P14: 0.79 | Q14: 13.01
A15: 10/02/2025 01:45 | B15: 21.09 | C15: 23.9 | D15: 30.75 | E15: 10.94 | F15: Invalid | G15: 70.87 | H15: 19.01 | I15: 9.56 | J15: 0.18 | K15: 224.94 | L15: 16.2 | M15: 65.04 | N15: 0.9 | O15: 0 | P15: 0.8 | Q15: 13.02
A16: 10/02/2025 02:00 | B16: 20.92 | C16: 23.66 | D16: 30.49 | E16: 10.76 | F16: Invalid | G16: 75.43 | H16: 17.34 | I16: 9.58 | J16: 0.14 | K16: 185.95 | L16: 15.91 | M16: 68.74 | N16: 1.2 | O16: 0 | P16: 0.8 | Q16: 13.02
A17: 10/02/2025 02:15 | B17: 20.79 | C17: 23.37 | D17: 30.24 | E17: 8.97 | F17: Invalid | G17: 75.43 | H17: 17.34 | I17: 9.59 | J17: 0.2 | K17: 156.83 | L17: 16.12 | M17: 62.46 | N17: 0.8 | O17: 0 | P17: 0.8 | Q17: 13.01
A18: 10/02/2025 02:30 | B18: 20.37 | C18: 23.17 | D18: 29.79 | E18: 10.47 | F18: Invalid | G18: 75.43 | H18: 17.34 | I18: 9.63 | J18: 0.07 | K18: 158.58 | L18: 16.31 | M18: 58.62 | N18: 0.7 | O18: 0 | P18: 0.81 | Q18: 13
A19: 10/02/2025 02:45 | B19: 20.46 | C19: 23.31 | D19: 29.94 | E19: 9.93 | F19: Invalid | G19: 75.07 | H19: 17.27 | I19: 9.69 | J19: 0.14 | K19: 230.97 | L19: 16.44 | M19: 58.36 | N19: 0.8 | O19: 0 | P19: 0.82 | Q19: 13
A20: 10/02/2025 03:00 | B20: 21.93 | C20: 23.66 | D20: 31.29 | E20: 10.47 | F20: Invalid | G20: 67.36 | H20: 14.95 | I20: 9.78 | J20: 0.09 | K20: 152.34 | L20: 16.56 | M20: 55.88 | N20: 0.8 | O20: 0 | P20: 0.83 | Q20: 13
... A104: 10/02/2025 24:00 | B104: 12.83 | C104: 22.24 | D104: 23.26 | E104: 8.44 | F104: Invalid | G104: 97.22 | H104: 27.88 | I104: 11.61 | J104: 0.22 | K104: 179.97 | L104: 21.21 | M104: 68.06 | N104: 1.2 | O104: 0 | P104: 1.01 | Q104: 12.97
A106: Min | B106: =MIN(B9:B104) -> 3.45 | C106: =MIN(C9:C104) -> 18.59 | D106: =MIN(D9:D104) -> 13.83 | E106: =MIN(E9:E104) -> 7.68 | F106: =MIN(F9:F104) -> 0 | G106: =MIN(G9:G104) -> 50.11 | H106: =MIN(H9:H104) -> 13.16 | I106: =MIN(I9:I104) -> 7.55 | ... Q106: =MIN(Q9:Q104) -> 12.91
A107: Max | B107: =MAX(B9:B104) -> 27.37 | C107: =MAX(C9:C104) -> 25.28 | D107: =MAX(D9:D104) -> 35.66 | E107: =MAX(E9:E104) -> 19.11 | F107: =MAX(F9:F104) -> 0 | G107: =MAX(G9:G104) -> 97.22 | H107: =MAX(H9:H104) -> 34.84 | I107: =MAX(I9:I104) -> 13.2 | ... Q107: =MAX(Q9:Q104) -> 13.05
A108: Avg | B108: =AVERAGE(B9:B104) -> 13.199271 | C108: =AVERAGE(C9:C104) -> 22.143125 | D108: =AVERAGE(D9:D104) -> 23.505104 | E108: =AVERAGE(E9:E104) -> 10.848438 | F108: =AVERAGE(F9:F104) -> #DIV/0! | G108: =AVERAGE(G9:G104) -> 68.023125 | H108: =AVERAGE(H9:H104) -> 24.804583 | I108: =AVERAGE(I9:I104) -> 10.100937 | ... Q108: =AVERAGE(Q9:Q104) -> 12.973646
A109: Stdev | B109: =STDEV(B9:B104) -> 8.6058558 | C109: =STDEV(C9:C104) -> 1.952578 | D109: =STDEV(D9:D104) -> 7.6465204 | E109: =STDEV(E9:E104) -> 2.406557 | F109: =STDEV(F9:F104) -> #DIV/0! | G109: =STDEV(G9:G104) -> 13.981611 | H109: =STDEV(H9:H104) -> 6.8628711 | I109: =STDEV(I9:I104) -> 1.5224627 | ... Q109: =STDEV(Q9:Q104) -> 0.037052446
A110: Num | B110: =COUNT(B9:B104) -> 96 | C110: =COUNT(C9:C104) -> 96 | D110: =COUNT(D9:D104) -> 96 | E110: =COUNT(E9:E104) -> 96 | F110: =COUNT(F9:F104) -> 0 | G110: =COUNT(G9:G104) -> 96 | H110: =COUNT(H9:H104) -> 96 | I110: =COUNT(I9:I104) -> 96 | ... Q110: =COUNT(Q9:Q104) -> 96
A111: DCR | B111: =IF(B110>=87,">90%",IF(B110<=87,"<90%")) -> >90% | C111: =IF(C110>=87,">90%",IF(C110<=87,"<90%")) -> >90% | D111: =IF(D110>=87,">90%",IF(D110<=87,"<90%")) -> >90% | E111: =IF(E110>=87,">90%",IF(E110<=87,"<90%")) -> >90% | F111: =IF(F110>=87,">90%",IF(F110<=87,"<90%")) -> <90% | G111: =IF(G110>=87,">90%",IF(G110<=87,"<90%")) -> >90% | H111: =IF(H110>=87,">90%",IF(H110<=87,"<90%")) -> >90% | I111: =IF(I110>=87,">90%",IF(I110<=87,"<90%")) -> >90% | ... Q111: =IF(Q110>=87,">90%",IF(Q110<=87,"<90%")) -> >90%
A112: Status | B112: =IF(B110>=87,"OK",IF(B110<=87,"LESS")) -> OK | C112: =IF(C110>=87,"OK",IF(C110<=87,"LESS")) -> OK | D112: =IF(D110>=87,"OK",IF(D110<=87,"LESS")) -> OK | E112: =IF(E110>=87,"OK",IF(E110<=87,"LESS")) -> OK | F112: =IF(F110>=87,"OK",IF(F110<=87,"LESS")) -> LESS | G112: =IF(G110>=87,"OK",IF(G110<=87,"LESS")) -> OK | H112: =IF(H110>=87,"OK",IF(H110<=87,"LESS")) -> OK | I112: =IF(I110>=87,"OK",IF(I110<=87,"LESS")) -> OK | ... Q112: =IF(Q110>=87,"OK",IF(Q110<=87,"LESS")) -> OK
A115: Done by | B115: AKASH
A117: Comment

Sheet 11
A1: Station: | B1: IGKV RAIPUR
A2: Date: | B2: =$A$9 -> 11/02/2025 00:15 | C2: Power Off | G2: Pw.Off | J2: Link Fail | L2: Link F | N2: Maintenance | P2: Maint.
A3: Report Type: | B3: Mean | C3: Calibration | G3: Calib. | J3: Data Fail | L3: Data F | N3: Invalid | P3: Invalid
A4: Time Base: | B4: 15 Min | C4: Zero Referrence | G4: Z.Ref | J4: Warm Up | L4: Wm. Up
A7: Date & Time | B7: NO | C7: NO2 | D7: NOX | E7: SO2 | F7: O3 | G7: PM 10 | H7: PM 2.5 | I7: BENZ | J7: WS | K7: WD | L7: TEMP | M7: HUM | N7: SR | O7: RG | P7: CO | Q7: NH3
B8: ug/m3 | C8: ug/m3 | D8: ppb | E8: ug/m3 | F8: ug/m3 | G8: ug/m3 | H8: ug/m3 | I8: ug/m3 | J8: m/sec | K8: deg | L8: degreC | M8: % | N8: w/m2 | O8: mm | P8: mg/m3 | Q8: ug/m3
A9: 11/02/2025 00:15 | B9: 12.57 | C9: 22.3 | D9: 23.09 | E9: 8.91 | F9: Invalid | G9: 97.22 | H9: 27.88 | I9: 11.93 | J9: 0.16 | K9: 204.65 | L9: 20.86 | M9: 67.7 | N9: 1.4 | O9: 0 | P9: 1.03 | Q9: 12.98
A10: 11/02/2025 00:30 | B10: 12.39 | C10: 22.7 | D10: 23.15 | E10: 8.65 | F10: Invalid | G10: 97.22 | H10: 27.88 | I10: 12.35 | J10: 0.12 | K10: 209.8 | L10: 20.57 | M10: 69.3 | N10: 1.3 | O10: 0 | P10: 1.07 | Q10: 12.99
A11: 11/02/2025 00:45 | B11: 12.21 | C11: 22.87 | D11: 23.09 | E11: 8.49 | F11: Invalid | G11: 97.28 | H11: 28.02 | I11: 12.82 | J11: 0.22 | K11: 170.22 | L11: 20.74 | M11: 70.74 | N11: 1.2 | O11: 0 | P11: 1.1 | Q11: 12.99
A12: 11/02/2025 01:00 | B12: 12.06 | C12: 22.89 | D12: 22.98 | E12: 8.85 | F12: Invalid | G12: 98.73 | H12: 32.66 | I12: 13.27 | J12: 0.22 | K12: 203.16 | L12: 20.57 | M12: 72.91 | N12: 1.3 | O12: 0 | P12: 1.11 | Q12: 12.98
A13: 11/02/2025 01:15 | B13: 11.95 | C13: 22.77 | D13: 22.83 | E13: 9.15 | F13: Invalid | G13: 98.73 | H13: 32.66 | I13: 13.61 | J13: 0.19 | K13: 197.63 | L13: 20.29 | M13: 72.21 | N13: 1.4 | O13: 0 | P13: 1.13 | Q13: 13
A14: 11/02/2025 01:30 | B14: 11.89 | C14: 22.81 | D14: 22.8 | E14: 8.75 | F14: Invalid | G14: 98.73 | H14: 32.66 | I14: 13.97 | J14: 0.13 | K14: 171.77 | L14: 20.38 | M14: 69.1 | N14: 1.1 | O14: 0 | P14: 1.15 | Q14: 12.99
A15: 11/02/2025 01:45 | B15: 11.72 | C15: 22.84 | D15: 22.69 | E15: 8.81 | F15: Invalid | G15: 98.62 | H15: 32.54 | I15: 14.24 | J15: 0.18 | K15: 221.51 | L15: 20.7 | M15: 65.29 | N15: 1 | O15: 0 | P15: 1.16 | Q15: 12.98
A16: 11/02/2025 02:00 | B16: 11.43 | C16: 22.9 | D16: 22.48 | E16: 8.71 | F16: Invalid | G16: 96.35 | H16: 28.68 | I16: 14.47 | J16: 0.17 | K16: 194.84 | L16: 20.73 | M16: 65.68 | N16: 1.2 | O16: 0 | P16: 1.16 | Q16: 12.98
A17: 11/02/2025 02:15 | B17: 11.07 | C17: 22.98 | D17: 22.24 | E17: 7.59 | F17: Invalid | G17: 96.35 | H17: 28.68 | I17: 14.6 | J17: 0.16 | K17: 193.63 | L17: 20.71 | M17: 64.76 | N17: 1.3 | O17: 0 | P17: 1.16 | Q17: 12.97
A18: 11/02/2025 02:30 | B18: 10.61 | C18: 22.99 | D18: 21.87 | E18: 8.6 | F18: Invalid | G18: 96.35 | H18: 28.68 | I18: 14.66 | J18: 0.14 | K18: 150.71 | L18: 20.67 | M18: 64.71 | N18: 1.3 | O18: 0 | P18: 1.16 | Q18: 12.98
A19: 11/02/2025 02:45 | B19: 10.14 | C19: 22.98 | D19: 21.49 | E19: 8.63 | F19: Invalid | G19: 96.26 | H19: 28.77 | I19: 14.68 | J19: 0.21 | K19: 117.83 | L19: 20.92 | M19: 64.21 | N19: 1.2 | O19: 0 | P19: 1.15 | Q19: 12.97
A20: 11/02/2025 03:00 | B20: 9.95 | C20: 23.01 | D20: 21.35 | E20: 8.83 | F20: Invalid | G20: 93.65 | H20: 31.84 | I20: 14.62 | J20: 0.19 | K20: 103.33 | L20: 21.05 | M20: 62.57 | N20: 1 | O20: 0 | P20: 1.14 | Q20: 12.96
... A104: 11/02/2025 24:00 | B104: 5.85 | C104: 21.36 | D104: 17.2 | E104: 11.02 | F104: Invalid | G104: 74.73 | H104: 39.96 | I104: 13.8 | J104: 0.13 | K104: 162.77 | L104: 22.98 | M104: 66.66 | N104: 1.4 | O104: 0 | P104: 0.99 | Q104: 12.94
A106: Min | B106: =MIN(B9:B104) -> 3.61 | C106: =MIN(C9:C104) -> 20.99 | D106: =MIN(D9:D104) -> 15.45 | E106: =MIN(E9:E104) -> 7.59 | F106: =MIN(F9:F104) -> 0 | G106: =MIN(G9:G104) -> 57.78 | H106: =MIN(H9:H104) -> 23.21 | I106: =MIN(I9:I104) -> 8.43 | ... Q106: =MIN(Q9:Q104) -> 12.9
A107: Max | B107: =MAX(B9:B104) -> 12.57 | C107: =MAX(C9:C104) -> 24.68 | D107: =MAX(D9:D104) -> 23.47 | E107: =MAX(E9:E104) -> 19.4 | F107: =MAX(F9:F104) -> 0 | G107: =MAX(G9:G104) -> 185.6 | H107: =MAX(H9:H104) -> 57.58 | I107: =MAX(I9:I104) -> 14.86 | ... Q107: =MAX(Q9:Q104) -> 13
A108: Avg | B108: =AVERAGE(B9:B104) -> 7.4295833 | C108: =AVERAGE(C9:C104) -> 22.497187 | D108: =AVERAGE(D9:D104) -> 19.063646 | E108: =AVERAGE(E9:E104) -> 11.140729 | F108: =AVERAGE(F9:F104) -> #DIV/0! | G108: =AVERAGE(G9:G104) -> 82.809375 | H108: =AVERAGE(H9:H104) -> 31.866562 | I108: =AVERAGE(I9:I104) -> 12.530521 | ... Q108: =AVERAGE(Q9:Q104) -> 12.949583
A109: Stdev | B109: =STDEV(B9:B104) -> 3.3158185 | C109: =STDEV(C9:C104) -> 0.8937699 | D109: =STDEV(D9:D104) -> 2.8099579 | E109: =STDEV(E9:E104) -> 2.9134538 | F109: =STDEV(F9:F104) -> #DIV/0! | G109: =STDEV(G9:G104) -> 24.763861 | H109: =STDEV(H9:H104) -> 7.9011583 | I109: =STDEV(I9:I104) -> 1.9468395 | ... Q109: =STDEV(Q9:Q104) -> 0.020820873
A110: Num | B110: =COUNT(B9:B104) -> 96 | C110: =COUNT(C9:C104) -> 96 | D110: =COUNT(D9:D104) -> 96 | E110: =COUNT(E9:E104) -> 96 | F110: =COUNT(F9:F104) -> 0 | G110: =COUNT(G9:G104) -> 96 | H110: =COUNT(H9:H104) -> 96 | I110: =COUNT(I9:I104) -> 96 | ... Q110: =COUNT(Q9:Q104) -> 96
A111: DCR | B111: =IF(B110>=87,">90%",IF(B110<=87,"<90%")) -> >90% | C111: =IF(C110>=87,">90%",IF(C110<=87,"<90%")) -> >90% | D111: =IF(D110>=87,">90%",IF(D110<=87,"<90%")) -> >90% | E111: =IF(E110>=87,">90%",IF(E110<=87,"<90%")) -> >90% | F111: =IF(F110>=87,">90%",IF(F110<=87,"<90%")) -> <90% | G111: =IF(G110>=87,">90%",IF(G110<=87,"<90%")) -> >90% | H111: =IF(H110>=87,">90%",IF(H110<=87,"<90%")) -> >90% | I111: =IF(I110>=87,">90%",IF(I110<=87,"<90%")) -> >90% | ... Q111: =IF(Q110>=87,">90%",IF(Q110<=87,"<90%")) -> >90%
A112: Status | B112: =IF(B110>=87,"OK",IF(B110<=87,"LESS")) -> OK | C112: =IF(C110>=87,"OK",IF(C110<=87,"LESS")) -> OK | D112: =IF(D110>=87,"OK",IF(D110<=87,"LESS")) -> OK | E112: =IF(E110>=87,"OK",IF(E110<=87,"LESS")) -> OK | F112: =IF(F110>=87,"OK",IF(F110<=87,"LESS")) -> LESS | G112: =IF(G110>=87,"OK",IF(G110<=87,"LESS")) -> OK | H112: =IF(H110>=87,"OK",IF(H110<=87,"LESS")) -> OK | I112: =IF(I110>=87,"OK",IF(I110<=87,"LESS")) -> OK | ... Q112: =IF(Q110>=87,"OK",IF(Q110<=87,"LESS")) -> OK
A115: Done by | B115: AKASH
A117: Comment

Sheet 12
A1: Station: | B1: IGKV RAIPUR
A2: Date: | B2: =$A$9 -> 12/02/2025 00:15 | C2: Power Off | G2: Pw.Off | J2: Link Fail | L2: Link F | N2: Maintenance | P2: Maint.
A3: Report Type: | B3: Mean | C3: Calibration | G3: Calib. | J3: Data Fail | L3: Data F | N3: Invalid | P3: Invalid
A4: Time Base: | B4: 15 Min | C4: Zero Referrence | G4: Z.Ref | J4: Warm Up | L4: Wm. Up
A7: Date & Time | B7: NO | C7: NO2 | D7: NOX | E7: SO2 | F7: O3 | G7: PM 10 | H7: PM 2.5 | I7: BENZ | J7: WS | K7: WD | L7: TEMP | M7: HUM | N7: SR | O7: RG | P7: CO | Q7: NH3
B8: ug/m3 | C8: ug/m3 | D8: ppb | E8: ug/m3 | F8: ug/m3 | G8: ug/m3 | H8: ug/m3 | I8: ug/m3 | J8: m/sec | K8: deg | L8: degreC | M8: % | N8: w/m2 | O8: mm | P8: mg/m3 | Q8: ug/m3
A9: 12/02/2025 00:15 | B9: 5.93 | C9: 21.19 | D9: 17.18 | E9: 10.69 | F9: Invalid | G9: 74.73 | H9: 39.96 | I9: 13.7 | J9: 0.21 | K9: 161.37 | L9: 23.01 | M9: 66.75 | N9: 1.3 | O9: 0 | P9: 0.98 | Q9: 12.92
A10: 12/02/2025 00:30 | B10: 5.96 | C10: 21.45 | D10: 17.33 | E10: 10.99 | F10: Invalid | G10: 74.73 | H10: 39.96 | I10: 13.69 | J10: 0.18 | K10: 153.05 | L10: 22.9 | M10: 66.26 | N10: 1.4 | O10: 0 | P10: 1 | Q10: 12.93
A11: 12/02/2025 00:45 | B11: 6.26 | C11: 21.53 | D11: 17.62 | E11: 10.67 | F11: Invalid | G11: 75.68 | H11: 39.92 | I11: 13.69 | J11: 0.15 | K11: 127.55 | L11: 22.91 | M11: 64.63 | N11: 1.3 | O11: 0 | P11: 1.05 | Q11: 12.94
A12: 12/02/2025 01:00 | B12: 7.02 | C12: 21.73 | D12: 18.33 | E12: 11.08 | F12: Invalid | G12: 96.23 | H12: 38.68 | I12: 13.66 | J12: 0.12 | K12: 73.11 | L12: 23.24 | M12: 62.66 | N12: 1.1 | O12: 0 | P12: 1.05 | Q12: 12.94
A13: 12/02/2025 01:15 | B13: 8.34 | C13: 22.14 | D13: 19.6 | E13: 10.79 | F13: Invalid | G13: 96.23 | H13: 38.68 | I13: 13.65 | J13: 0.07 | K13: 87.31 | L13: 23.34 | M13: 62.26 | N13: 1.4 | O13: 0 | P13: 1.06 | Q13: 12.94
A14: 12/02/2025 01:30 | B14: 9.47 | C14: 22.51 | D14: 20.7 | E14: 11.19 | F14: Invalid | G14: 96.23 | H14: 38.68 | I14: 13.63 | J14: 0.16 | K14: 186.25 | L14: 23.09 | M14: 64.67 | N14: 1.7 | O14: 0 | P14: 1.06 | Q14: 12.94
A15: 12/02/2025 01:45 | B15: 10.23 | C15: 22.52 | D15: 21.32 | E15: 11.24 | F15: Invalid | G15: 95.54 | H15: 38.63 | I15: 13.59 | J15: 0.18 | K15: 184.1 | L15: 22.54 | M15: 71.78 | N15: 2 | O15: 0 | P15: 1.05 | Q15: 12.95
A16: 12/02/2025 02:00 | B16: 10.95 | C16: 22.87 | D16: 22.08 | E16: 10.83 | F16: Invalid | G16: 75.48 | H16: 37.11 | I16: 13.51 | J16: 0.12 | K16: 129.16 | L16: 22.39 | M16: 69.32 | N16: 1.5 | O16: 0 | P16: 1.05 | Q16: 12.97
A17: 12/02/2025 02:15 | B17: 11.91 | C17: 23.16 | D17: 23 | E17: 8.38 | F17: Invalid | G17: 75.48 | H17: 37.11 | I17: 13.45 | J17: 0.15 | K17: 153.87 | L17: 22.61 | M17: 69.38 | N17: 1.4 | O17: 0 | P17: 1.05 | Q17: 12.97
A18: 12/02/2025 02:30 | B18: 12.92 | C18: 23.17 | D18: 23.81 | E18: 10.07 | F18: Invalid | G18: 75.48 | H18: 37.11 | I18: 13.38 | J18: 0.1 | K18: 150.21 | L18: 22.82 | M18: 66.8 | N18: 1.2 | O18: 0 | P18: 1.05 | Q18: 12.97
A19: 12/02/2025 02:45 | B19: 13.75 | C19: 23.17 | D19: 24.48 | E19: 10.33 | F19: Invalid | G19: 75.68 | H19: 37.01 | I19: 13.33 | J19: 0.24 | K19: 144.38 | L19: 22.48 | M19: 71.09 | N19: 1.7 | O19: 0 | P19: 1.06 | Q19: 12.96
A20: 12/02/2025 03:00 | B20: 14.23 | C20: 23.22 | D20: 24.9 | E20: 10.06 | F20: Invalid | G20: 81.63 | H20: 33.83 | I20: 13.33 | J20: 0.23 | K20: 170.62 | L20: 21.89 | M20: 73.06 | N20: 1.8 | O20: 0 | P20: 1.06 | Q20: 12.97
... A104: 12/02/2025 24:00 | B104: 13.39 | C104: 22.96 | D104: 24.08 | E104: 8.68 | F104: Invalid | G104: 80.8 | H104: 31.67 | I104: 8.34 | J104: 0.47 | K104: 50.52 | L104: 23.68 | M104: 38.32 | N104: 0.5 | O104: 0 | P104: 0.72 | Q104: 12.96
A106: Min | B106: =MIN(B9:B104) -> 3.59 | C106: =MIN(C9:C104) -> 19.12 | D106: =MIN(D9:D104) -> 14.41 | E106: =MIN(E9:E104) -> 7.67 | F106: =MIN(F9:F104) -> 0 | G106: =MIN(G9:G104) -> 0 | H106: =MIN(H9:H104) -> 0 | I106: =MIN(I9:I104) -> 3.76 | ... Q106: =MIN(Q9:Q104) -> 12.92
A107: Max | B107: =MAX(B9:B104) -> 15.68 | C107: =MAX(C9:C104) -> 25.11 | D107: =MAX(D9:D104) -> 25.68 | E107: =MAX(E9:E104) -> 15.95 | F107: =MAX(F9:F104) -> 0 | G107: =MAX(G9:G104) -> 98.41 | H107: =MAX(H9:H104) -> 41.52 | I107: =MAX(I9:I104) -> 14.5 | ... Q107: =MAX(Q9:Q104) -> 12.99
A108: Avg | B108: =AVERAGE(B9:B104) -> 8.3586458 | C108: =AVERAGE(C9:C104) -> 22.490208 | D108: =AVERAGE(D9:D104) -> 19.803646 | E108: =AVERAGE(E9:E104) -> 10.213229 | F108: =AVERAGE(F9:F104) -> #DIV/0! | G108: =AVERAGE(G9:G104) -> 64.906563 | H108: =AVERAGE(H9:H104) -> 30.783229 | I108: =AVERAGE(I9:I104) -> 10.139479 | ... Q108: =AVERAGE(Q9:Q104) -> 12.94875
A109: Stdev | B109: =STDEV(B9:B104) -> 4.2409735 | C109: =STDEV(C9:C104) -> 1.4031296 | D109: =STDEV(D9:D104) -> 3.4235534 | E109: =STDEV(E9:E104) -> 1.7877116 | F109: =STDEV(F9:F104) -> #DIV/0! | G109: =STDEV(G9:G104) -> 24.636791 | H109: =STDEV(H9:H104) -> 9.0148241 | I109: =STDEV(I9:I104) -> 3.71776 | ... Q109: =STDEV(Q9:Q104) -> 0.017121854
A110: Num | B110: =COUNT(B9:B104) -> 96 | C110: =COUNT(C9:C104) -> 96 | D110: =COUNT(D9:D104) -> 96 | E110: =COUNT(E9:E104) -> 96 | F110: =COUNT(F9:F104) -> 0 | G110: =COUNT(G9:G104) -> 96 | H110: =COUNT(H9:H104) -> 96 | I110: =COUNT(I9:I104) -> 96 | ... Q110: =COUNT(Q9:Q104) -> 96
A111: DCR | B111: =IF(B110>=87,">90%",IF(B110<=87,"<90%")) -> >90% | C111: =IF(C110>=87,">90%",IF(C110<=87,"<90%")) -> >90% | D111: =IF(D110>=87,">90%",IF(D110<=87,"<90%")) -> >90% | E111: =IF(E110>=87,">90%",IF(E110<=87,"<90%")) -> >90% | F111: =IF(F110>=87,">90%",IF(F110<=87,"<90%")) -> <90% | G111: =IF(G110>=87,">90%",IF(G110<=87,"<90%")) -> >90% | H111: =IF(H110>=87,">90%",IF(H110<=87,"<90%")) -> >90% | I111: =IF(I110>=87,">90%",IF(I110<=87,"<90%")) -> >90% | ... Q111: =IF(Q110>=87,">90%",IF(Q110<=87,"<90%")) -> >90%
A112: Status | B112: =IF(B110>=87,"OK",IF(B110<=87,"LESS")) -> OK | C112: =IF(C110>=87,"OK",IF(C110<=87,"LESS")) -> OK | D112: =IF(D110>=87,"OK",IF(D110<=87,"LESS")) -> OK | E112: =IF(E110>=87,"OK",IF(E110<=87,"LESS")) -> OK | F112: =IF(F110>=87,"OK",IF(F110<=87,"LESS")) -> LESS | G112: =IF(G110>=87,"OK",IF(G110<=87,"LESS")) -> OK | H112: =IF(H110>=87,"OK",IF(H110<=87,"LESS")) -> OK | I112: =IF(I110>=87,"OK",IF(I110<=87,"LESS")) -> OK | ... Q112: =IF(Q110>=87,"OK",IF(Q110<=87,"LESS")) -> OK
A115: Done by | B115: AKASH
A117: Comment

Sheet 13
A1: Station: | B1: IGKV RAIPUR
A2: Date: | B2: =$A$9 -> 13/02/2025 00:15 | C2: Power Off | G2: Pw.Off | J2: Link Fail | L2: Link F | N2: Maintenance | P2: Maint.
A3: Report Type: | B3: Mean | C3: Calibration | G3: Calib. | J3: Data Fail | L3: Data F | N3: Invalid | P3: Invalid
A4: Time Base: | B4: 15 Min | C4: Zero Referrence | G4: Z.Ref | J4: Warm Up | L4: Wm. Up
A7: Date & Time | B7: NO | C7: NO2 | D7: NOX | E7: SO2 | F7: O3 | G7: PM 10 | H7: PM 2.5 | I7: BENZ | J7: WS | K7: WD | L7: TEMP | M7: HUM | N7: SR | O7: RG | P7: CO | Q7: NH3
B8: ug/m3 | C8: ug/m3 | D8: ppb | E8: ug/m3 | F8: ug/m3 | G8: ug/m3 | H8: ug/m3 | I8: ug/m3 | J8: m/sec | K8: deg | L8: degreC | M8: % | N8: w/m2 | O8: mm | P8: mg/m3 | Q8: ug/m3
A9: 13/02/2025 00:15 | B9: 12.16 | C9: 22.89 | D9: 23.06 | E9: 9.01 | F9: Invalid | G9: 80.8 | H9: 31.67 | I9: 8.46 | J9: 0.14 | K9: 84.47 | L9: 23.31 | M9: 40.17 | N9: 1.2 | O9: 0 | P9: 0.72 | Q9: 12.96
A10: 13/02/2025 00:30 | B10: 12.34 | C10: 23.24 | D10: 23.39 | E10: 9.32 | F10: Invalid | G10: 76.85 | H10: 30 | I10: 8.51 | J10: 0.14 | K10: 64.93 | L10: 22.8 | M10: 41.89 | N10: 1.1 | O10: 0 | P10: 0.73 | Q10: 12.97
A11: 13/02/2025 00:45 | B11: 12.9 | C11: 23.19 | D11: 23.81 | E11: 9.43 | F11: Invalid | G11: 75.42 | H11: 29.98 | I11: 8.54 | J11: 0.1 | K11: 95.85 | L11: 22.53 | M11: 43.99 | N11: 1 | O11: 0 | P11: 0.74 | Q11: 12.96
A12: 13/02/2025 01:00 | B12: 13.22 | C12: 23.32 | D12: 24.13 | E12: 8.92 | F12: Invalid | G12: 75.42 | H12: 29.98 | I12: 8.55 | J12: 0.13 | K12: 106.43 | L12: 21.86 | M12: 49.03 | N12: 1.1 | O12: 0 | P12: 0.72 | Q12: 12.96
A13: 13/02/2025 01:15 | B13: 13.16 | C13: 23.32 | D13: 24.09 | E13: 8.8 | F13: Invalid | G13: 75.42 | H13: 29.98 | I13: 8.59 | J13: 0.15 | K13: 81.26 | L13: 21.85 | M13: 47.69 | N13: 0.9 | O13: 0 | P13: 0.66 | Q13: 12.97
A14: 13/02/2025 01:30 | B14: 13.33 | C14: 23.45 | D14: 24.29 | E14: 8.96 | F14: Invalid | G14: 82.13 | H14: 31.31 | I14: 8.67 | J14: 0.17 | K14: 90.16 | L14: 21.69 | M14: 49.24 | N14: 0.9 | O14: 0 | P14: 0.68 | Q14: 13
A15: 13/02/2025 01:45 | B15: 13.45 | C15: 23.51 | D15: 24.42 | E15: 8.82 | F15: Invalid | G15: 84.57 | H15: 31.34 | I15: 8.77 | J15: 0.22 | K15: 153.35 | L15: 21.05 | M15: 57.35 | N15: 1.3 | O15: 0 | P15: 0.68 | Q15: 12.99
A16: 13/02/2025 02:00 | B16: 13.39 | C16: 23.33 | D16: 24.28 | E16: 9 | F16: Invalid | G16: 84.57 | H16: 31.34 | I16: 8.84 | J16: 0.18 | K16: 159.79 | L16: 20.66 | M16: 52.38 | N16: 1 | O16: 0 | P16: 0.69 | Q16: 12.98
A17: 13/02/2025 02:15 | B17: 13.44 | C17: 23.54 | D17: 24.42 | E17: 9.65 | F17: Invalid | G17: 84.57 | H17: 31.34 | I17: 8.95 | J17: 0.18 | K17: 165.07 | L17: 20.46 | M17: 52.92 | N17: 1 | O17: 0 | P17: 0.69 | Q17: 12.98
A18: 13/02/2025 02:30 | B18: 13.74 | C18: 23.7 | D18: 24.75 | E18: 11.32 | F18: Invalid | G18: 84.88 | H18: 27.09 | I18: 9.04 | J18: 0.16 | K18: 154.56 | L18: 20.4 | M18: 52.28 | N18: 0.9 | O18: 0 | P18: 0.71 | Q18: 12.99
A19: 13/02/2025 02:45 | B19: 14.39 | C19: 23.88 | D19: 25.37 | E19: 11.42 | F19: Invalid | G19: 84.99 | H19: 27.03 | I19: 9.1 | J19: 0.18 | K19: 154.83 | L19: 20.26 | M19: 52.8 | N19: 0.8 | O19: 0 | P19: 0.72 | Q19: 13
A20: 13/02/2025 03:00 | B20: 14.96 | C20: 23.89 | D20: 25.83 | E20: 11.67 | F20: Invalid | G20: 84.99 | H20: 27.03 | I20: 9.19 | J20: 0.26 | K20: 168.66 | L20: 19.94 | M20: 59.85 | N20: 1 | O20: 0 | P20: 0.74 | Q20: 12.99
... A104: 13/02/2025 24:00 | B104: 6.26 | C104: 24.52 | D104: 19.18 | E104: 12.84 | F104: Invalid | G104: 54.96 | H104: 23.6 | I104: 8.38 | J104: 0.42 | K104: 27.83 | L104: 21.34 | M104: 33.88 | N104: 0.9 | O104: 0 | P104: 0.69 | Q104: 12.94
A106: Min | B106: =MIN(B9:B104) -> 2.56 | C106: =MIN(C9:C104) -> 17.81 | D106: =MIN(D9:D104) -> 14.11 | E106: =MIN(E9:E104) -> 8.8 | F106: =MIN(F9:F104) -> 0 | G106: =MIN(G9:G104) -> 49.89 | H106: =MIN(H9:H104) -> 18.99 | I106: =MIN(I9:I104) -> 6.28 | ... Q106: =MIN(Q9:Q104) -> 12.91
A107: Max | B107: =MAX(B9:B104) -> 20.15 | C107: =MAX(C9:C104) -> 26.6 | D107: =MAX(D9:D104) -> 29.71 | E107: =MAX(E9:E104) -> 13.12 | F107: =MAX(F9:F104) -> 0 | G107: =MAX(G9:G104) -> 95.06 | H107: =MAX(H9:H104) -> 34.53 | I107: =MAX(I9:I104) -> 10.42 | ... Q107: =MAX(Q9:Q104) -> 13
A108: Avg | B108: =AVERAGE(B9:B104) -> 9.6280208 | C108: =AVERAGE(C9:C104) -> 22.660937 | D108: =AVERAGE(D9:D104) -> 20.911458 | E108: =AVERAGE(E9:E104) -> 10.95125 | F108: =AVERAGE(F9:F104) -> #DIV/0! | G108: =AVERAGE(G9:G104) -> 66.643125 | H108: =AVERAGE(H9:H104) -> 26.146875 | I108: =AVERAGE(I9:I104) -> 8.5604167 | ... Q108: =AVERAGE(Q9:Q104) -> 12.958229
A109: Stdev | B109: =STDEV(B9:B104) -> 5.6445462 | C109: =STDEV(C9:C104) -> 2.0890673 | D109: =STDEV(D9:D104) -> 4.9201042 | E109: =STDEV(E9:E104) -> 1.0871075 | F109: =STDEV(F9:F104) -> #DIV/0! | G109: =STDEV(G9:G104) -> 12.000863 | H109: =STDEV(H9:H104) -> 4.4130129 | I109: =STDEV(I9:I104) -> 1.2255447 | ... Q109: =STDEV(Q9:Q104) -> 0.027376317
A110: Num | B110: =COUNT(B9:B104) -> 96 | C110: =COUNT(C9:C104) -> 96 | D110: =COUNT(D9:D104) -> 96 | E110: =COUNT(E9:E104) -> 96 | F110: =COUNT(F9:F104) -> 0 | G110: =COUNT(G9:G104) -> 96 | H110: =COUNT(H9:H104) -> 96 | I110: =COUNT(I9:I104) -> 96 | ... Q110: =COUNT(Q9:Q104) -> 96
A111: DCR | B111: =IF(B110>=87,">90%",IF(B110<=87,"<90%")) -> >90% | C111: =IF(C110>=87,">90%",IF(C110<=87,"<90%")) -> >90% | D111: =IF(D110>=87,">90%",IF(D110<=87,"<90%")) -> >90% | E111: =IF(E110>=87,">90%",IF(E110<=87,"<90%")) -> >90% | F111: =IF(F110>=87,">90%",IF(F110<=87,"<90%")) -> <90% | G111: =IF(G110>=87,">90%",IF(G110<=87,"<90%")) -> >90% | H111: =IF(H110>=87,">90%",IF(H110<=87,"<90%")) -> >90% | I111: =IF(I110>=87,">90%",IF(I110<=87,"<90%")) -> >90% | ... Q111: =IF(Q110>=87,">90%",IF(Q110<=87,"<90%")) -> >90%
A112: Status | B112: =IF(B110>=87,"OK",IF(B110<=87,"LESS")) -> OK | C112: =IF(C110>=87,"OK",IF(C110<=87,"LESS")) -> OK | D112: =IF(D110>=87,"OK",IF(D110<=87,"LESS")) -> OK | E112: =IF(E110>=87,"OK",IF(E110<=87,"LESS")) -> OK | F112: =IF(F110>=87,"OK",IF(F110<=87,"LESS")) -> LESS | G112: =IF(G110>=87,"OK",IF(G110<=87,"LESS")) -> OK | H112: =IF(H110>=87,"OK",IF(H110<=87,"LESS")) -> OK | I112: =IF(I110>=87,"OK",IF(I110<=87,"LESS")) -> OK | ... Q112: =IF(Q110>=87,"OK",IF(Q110<=87,"LESS")) -> OK
A115: Done by | B115: AKASH
A117: Comment

Sheet 14
A1: Station: | B1: IGKV RAIPUR
A2: Date: | B2: =$A$9 -> 14/02/2025 00:15 | C2: Power Off | G2: Pw.Off | J2: Link Fail | L2: Link F | N2: Maintenance | P2: Maint.
A3: Report Type: | B3: Mean | C3: Calibration | G3: Calib. | J3: Data Fail | L3: Data F | N3: Invalid | P3: Invalid
A4: Time Base: | B4: 15 Min | C4: Zero Referrence | G4: Z.Ref | J4: Warm Up | L4: Wm. Up
A7: Date & Time | B7: NO | C7: NO2 | D7: NOX | E7: SO2 | F7: O3 | G7: PM 10 | H7: PM 2.5 | I7: BENZ | J7: WS | K7: WD | L7: TEMP | M7: HUM | N7: SR | O7: RG | P7: CO | Q7: NH3
B8: ug/m3 | C8: ug/m3 | D8: ppb | E8: ug/m3 | F8: ug/m3 | G8: ug/m3 | H8: ug/m3 | I8: ug/m3 | J8: m/sec | K8: deg | L8: degreC | M8: % | N8: w/m2 | O8: mm | P8: mg/m3 | Q8: ug/m3
A9: 14/02/2025 00:15 | B9: 8.19 | C9: 24.62 | D9: 20.78 | E9: 12.97 | F9: Invalid | G9: 54.96 | H9: 23.6 | I9: 8.32 | J9: 0.87 | K9: 33.36 | L9: 21.47 | M9: 31.7 | N9: 0.4 | O9: 0 | P9: 0.7 | Q9: 12.95
A10: 14/02/2025 00:30 | B10: 8.38 | C10: 25.03 | D10: 21.14 | E10: 13.02 | F10: Invalid | G10: 68.3 | H10: 23.06 | I10: 8.13 | J10: 0.95 | K10: 25.17 | L10: 21.77 | M10: 29.47 | N10: 0.5 | O10: 0 | P10: 0.71 | Q10: 12.94
A11: 14/02/2025 00:45 | B11: 8.69 | C11: 24.89 | D11: 21.32 | E11: 13.4 | F11: Invalid | G11: 73.15 | H11: 23.06 | I11: 8.09 | J11: 0.85 | K11: 43.77 | L11: 21.56 | M11: 30.19 | N11: 1.1 | O11: 0 | P11: 0.71 | Q11: 12.95
A12: 14/02/2025 01:00 | B12: 8.75 | C12: 25 | D12: 21.43 | E12: 13.73 | F12: Invalid | G12: 73.15 | H12: 23.06 | I12: 8.07 | J12: 0.56 | K12: 40.37 | L12: 20.93 | M12: 32.64 | N12: 1.4 | O12: 0 | P12: 0.7 | Q12: 12.95
A13: 14/02/2025 01:15 | B13: 9.19 | C13: 25.24 | D13: 21.91 | E13: 13.8 | F13: Invalid | G13: 73.15 | H13: 23.06 | I13: 8 | J13: 0.52 | K13: 41.83 | L13: 20.42 | M13: 34.06 | N13: 1.2 | O13: 0 | P13: 0.7 | Q13: 12.96
A14: 14/02/2025 01:30 | B14: 9.47 | C14: 25.08 | D14: 22.05 | E14: 12.54 | F14: Invalid | G14: 71.04 | H14: 24.93 | I14: 7.88 | J14: 0.61 | K14: 39.61 | L14: 20.18 | M14: 34.94 | N14: 0.9 | O14: 0 | P14: 0.7 | Q14: 12.96
A15: 14/02/2025 01:45 | B15: 9.47 | C15: 24.96 | D15: 21.99 | E15: 12.38 | F15: Invalid | G15: 70.27 | H15: 24.96 | I15: 7.79 | J15: 0.38 | K15: 38.99 | L15: 19.83 | M15: 36.45 | N15: 1 | O15: 0 | P15: 0.69 | Q15: 12.97
A16: 14/02/2025 02:00 | B16: 9.87 | C16: 25.01 | D16: 22.33 | E16: 12.48 | F16: Invalid | G16: 70.27 | H16: 24.96 | I16: 7.7 | J16: 0.36 | K16: 57.85 | L16: 19.49 | M16: 37.97 | N16: 1 | O16: 0 | P16: 0.75 | Q16: 12.97
A17: 14/02/2025 02:15 | B17: 10.61 | C17: 24.87 | D17: 22.85 | E17: 8.44 | F17: Invalid | G17: 70.27 | H17: 24.96 | I17: 7.68 | J17: 0.27 | K17: 51.32 | L17: 19.24 | M17: 39.45 | N17: 0.9 | O17: 0 | P17: 0.76 | Q17: 12.97
A18: 14/02/2025 02:30 | B18: 11.29 | C18: 24.67 | D18: 23.29 | E18: 9.94 | F18: Invalid | G18: 70.09 | H18: 22.58 | I18: 7.69 | J18: 0.12 | K18: 80.07 | L18: 18.75 | M18: 45.9 | N18: 1.1 | O18: 0 | P18: 0.77 | Q18: 12.97
A19: 14/02/2025 02:45 | B19: 11.67 | C19: 24.36 | D19: 23.44 | E19: 9.55 | F19: Invalid | G19: 70.02 | H19: 22.54 | I19: 7.71 | J19: 0.24 | K19: 159.32 | L19: 17.8 | M19: 55.09 | N19: 1.2 | O19: 0 | P19: 0.76 | Q19: 12.98
A20: 14/02/2025 03:00 | B20: 11.91 | C20: 23.88 | D20: 23.37 | E20: 9.39 | F20: Invalid | G20: 70.02 | H20: 22.54 | I20: 7.68 | J20: 0.14 | K20: 165.06 | L20: 17.38 | M20: 53.73 | N20: 1 | O20: 0 | P20: 0.77 | Q20: 12.96
... A53: 14/02/2025 11:15 | B53: 7 | C53: 22.7 | D53: 18.83 | E53: 9.99 | F53: Invalid | G53: 70.25 | H53: 26.38 | I53: 8.43 | J53: 0.43 | K53: 0.85 | L53: 27.32 | M53: 12.85 | N53: 385.1 | O53: 0 | P53: 0.67 | Q53: 12.96
A54: 14/02/2025 11:30 | B54: Pw.Off | C54: Pw.Off | D54: Pw.Off | E54: Pw.Off | F54: Invalid | G54: Pw.Off | H54: Pw.Off | I54: Pw.Off | J54: Pw.Off | K54: Pw.Off | L54: Pw.Off | M54: Pw.Off | N54: Pw.Off | O54: Pw.Off | P54: Pw.Off | Q54: Pw.Off
A55: 14/02/2025 11:45 | B55: Pw.Off | C55: Pw.Off | D55: Pw.Off | E55: Pw.Off | F55: Invalid | G55: Pw.Off | H55: Pw.Off | I55: Pw.Off | J55: Pw.Off | K55: Pw.Off | L55: Pw.Off | M55: Pw.Off | N55: Pw.Off | O55: Pw.Off | P55: Pw.Off | Q55: Pw.Off
A56: 14/02/2025 12:00 | B56: Pw.Off | C56: Pw.Off | D56: Pw.Off | E56: Pw.Off | F56: Invalid | G56: Pw.Off | H56: Pw.Off | I56: Pw.Off | J56: Pw.Off | K56: Pw.Off | L56: Pw.Off | M56: Pw.Off | N56: Pw.Off | O56: Pw.Off | P56: Pw.Off | Q56: Pw.Off
A57: 14/02/2025 12:15 | B57: Pw.Off | C57: Pw.Off | D57: Pw.Off | E57: Pw.Off | F57: Invalid | G57: Pw.Off | H57: Pw.Off | I57: Pw.Off | J57: Pw.Off | K57: Pw.Off | L57: Pw.Off | M57: Pw.Off | N57: Pw.Off | O57: Pw.Off | P57: Pw.Off | Q57: Pw.Off
A58: 14/02/2025 12:30 | B58: Pw.Off | C58: Pw.Off | D58: Pw.Off | E58: Pw.Off | F58: Invalid | G58: Pw.Off | H58: Pw.Off | I58: Pw.Off | J58: Pw.Off | K58: Pw.Off | L58: Pw.Off | M58: Pw.Off | N58: Pw.Off | O58: Pw.Off | P58: Pw.Off | Q58: Pw.Off
A59: 14/02/2025 12:45 | B59: Pw.Off | C59: Pw.Off | D59: Pw.Off | E59: Pw.Off | F59: Invalid | G59: Pw.Off | H59: Pw.Off | I59: Pw.Off | J59: Pw.Off | K59: Pw.Off | L59: Pw.Off | M59: Pw.Off | N59: Pw.Off | O59: Pw.Off | P59: Pw.Off | Q59: Pw.Off
A60: 14/02/2025 13:00 | B60: Pw.Off | C60: Pw.Off | D60: Pw.Off | E60: Pw.Off | F60: Invalid | G60: Pw.Off | H60: Pw.Off | I60: Pw.Off | J60: Pw.Off | K60: Pw.Off | L60: Pw.Off | M60: Pw.Off | N60: Pw.Off | O60: Pw.Off | P60: Pw.Off | Q60: Pw.Off
A61: 14/02/2025 13:15 | B61: Wm. Up | C61: Wm. Up | D61: Wm. Up | E61: 31.97 | F61: Invalid | G61: 60.36 | H61: 19.75 | I61: Wm. Up | J61: 0.46 | K61: 283.44 | L61: 29.98 | M61: 11.88 | N61: 364.6 | O61: 0 | P61: 0.4 | Q61: Wm. Up
A62: 14/02/2025 13:30 | B62: 5.42 | C62: 19.19 | D62: 15.73 | E62: 3.68 | F62: Invalid | G62: 48.78 | H62: 103.11 | I62: Wm. Up | J62: 0.1 | K62: 82.99 | L62: 30.49 | M62: 10.85 | N62: 344.9 | O62: 0 | P62: 0.41 | Q62: Wm. Up
A63: 14/02/2025 13:45 | B63: 4.57 | C63: 23.1 | D63: 17.09 | E63: 3.68 | F63: Invalid | G63: 45.57 | H63: 104.41 | I63: 6.52 | J63: 0.52 | K63: 337.66 | L63: 30.3 | M63: 11.5 | N63: 336.4 | O63: 0 | P63: 0.33 | Q63: 12.25
A64: 14/02/2025 14:00 | B64: 3.79 | C64: 23.22 | D64: 16.52 | E64: 3.68 | F64: Invalid | G64: 45.57 | H64: 104.41 | I64: 7.46 | J64: 0.59 | K64: 355.53 | L64: 29.74 | M64: 11.72 | N64: 325.9 | O64: 0 | P64: 0.31 | Q64: 12.25
A65: 14/02/2025 14:15 | B65: 3.42 | C65: 22.92 | D65: 16.07 | E65: 3.68 | F65: Invalid | G65: 45.57 | H65: 104.41 | I65: 7.33 | J65: 0.67 | K65: 1.34 | L65: 29.66 | M65: 11.14 | N65: 337 | O65: 0 | P65: 0.51 | Q65: 12.25
A66: 14/02/2025 14:30 | B66: 3.33 | C66: 22.5 | D66: 15.78 | E66: 3.68 | F66: Invalid | G66: 61.65 | H66: 46.15 | I66: 7.26 | J66: 0.74 | K66: 346.24 | L66: 29.89 | M66: 10.06 | N66: 346.5 | O66: 0 | P66: 0.52 | Q66: 12.25
A67: 14/02/2025 14:45 | B67: 3.32 | C67: 22.15 | D67: 15.59 | E67: 3.68 | F67: Invalid | G67: 67.49 | H67: 45.26 | I67: 7.18 | J67: 0.81 | K67: 5.48 | L67: 30.03 | M67: 9.56 | N67: 328.8 | O67: 0 | P67: 0.5 | Q67: 12.25
A68: 14/02/2025 15:00 | B68: 3.43 | C68: 21.96 | D68: 15.57 | E68: 3.68 | F68: Invalid | G68: 67.49 | H68: 45.26 | I68: 7.05 | J68: 0.67 | K68: 325.1 | L68: 29.71 | M68: 9.69 | N68: 150.4 | O68: 0 | P68: 0.49 | Q68: 12.25
A69: 14/02/2025 15:15 | B69: 3.43 | C69: 21.73 | D69: 15.46 | E69: 3.68 | F69: Invalid | G69: 67.49 | H69: 45.26 | I69: 6.92 | J69: 0.69 | K69: 352.37 | L69: 29.11 | M69: 9.93 | N69: 46.7 | O69: 0 | P69: 0.48 | Q69: 12.25
A70: 14/02/2025 15:30 | B70: 3.41 | C70: 21.37 | D70: 15.25 | E70: 3.68 | F70: Invalid | G70: 58.92 | H70: 32.38 | I70: 6.87 | J70: 0.89 | K70: 12.33 | L70: 29.08 | M70: 9.83 | N70: 40.2 | O70: 0 | P70: 0.47 | Q70: 12.25
A71: 14/02/2025 15:45 | B71: 3.43 | C71: 20.97 | D71: 15.06 | E71: 3.68 | F71: Invalid | G71: 55.8 | H71: 32.06 | I71: 6.71 | J71: 0.8 | K71: 32.47 | L71: 28.98 | M71: 10.26 | N71: 44.1 | O71: 0 | P71: 0.47 | Q71: 12.25
A72: 14/02/2025 16:00 | B72: 3.48 | C72: 20.76 | D72: 14.99 | E72: 3.68 | F72: Invalid | G72: 55.8 | H72: 32.06 | I72: 6.5 | J72: 0.71 | K72: 331.98 | L72: 29.02 | M72: 11.61 | N72: 36.9 | O72: 0 | P72: 0.46 | Q72: 12.25
A73: 14/02/2025 16:15 | B73: 3.4 | C73: 20.37 | D73: 14.72 | E73: 3.68 | F73: Invalid | G73: 55.8 | H73: 32.06 | I73: 6.44 | J73: 0.45 | K73: 358.97 | L73: 28.89 | M73: 12.14 | N73: 50.2 | O73: 0 | P73: 0.44 | Q73: 12.25
A74: 14/02/2025 16:30 | B74: 3.37 | C74: 20.14 | D74: 14.58 | E74: 3.68 | F74: Invalid | G74: 46.03 | H74: 33.32 | I74: 6.37 | J74: 0.63 | K74: 338.27 | L74: 28.92 | M74: 11.71 | N74: 36.9 | O74: 0 | P74: 0.43 | Q74: 12.25
... A104: 14/02/2025 24:00 | B104: 4.82 | C104: 22 | D104: 16.71 | E104: 9.52 | F104: Invalid | G104: 67.05 | H104: 17.94 | I104: 9.71 | J104: 0.16 | K104: 142.76 | L104: 17.85 | M104: 56.03 | N104: 0.9 | O104: 0 | P104: 0.63 | Q104: 12.25
A106: Min | B106: =MIN(B9:B104) -> 3.32 | C106: =MIN(C9:C104) -> 19.19 | D106: =MIN(D9:D104) -> 14.52 | E106: =MIN(E9:E104) -> 3.68 | F106: =MIN(F9:F104) -> 0 | G106: =MIN(G9:G104) -> 36.55 | H106: =MIN(H9:H104) -> 14.19 | I106: =MIN(I9:I104) -> 6.14 | ... Q106: =MIN(Q9:Q104) -> 12.25
A107: Max | B107: =MAX(B9:B104) -> 13.6 | C107: =MAX(C9:C104) -> 25.24 | D107: =MAX(D9:D104) -> 24.67 | E107: =MAX(E9:E104) -> 31.97 | F107: =MAX(F9:F104) -> 0 | G107: =MAX(G9:G104) -> 194.55 | H107: =MAX(H9:H104) -> 104.41 | I107: =MAX(I9:I104) -> 9.71 | ... Q107: =MAX(Q9:Q104) -> 12.98
A108: Avg | B108: =AVERAGE(B9:B104) -> 7.4410227 | C108: =AVERAGE(C9:C104) -> 22.074886 | D108: =AVERAGE(D9:D104) -> 18.851477 | E108: =AVERAGE(E9:E104) -> 8.8782022 | F108: =AVERAGE(F9:F104) -> #DIV/0! | G108: =AVERAGE(G9:G104) -> 68.022809 | H108: =AVERAGE(H9:H104) -> 27.215843 | I108: =AVERAGE(I9:I104) -> 8.0834483 | ... Q108: =AVERAGE(Q9:Q104) -> 12.616667
A109: Stdev | B109: =STDEV(B9:B104) -> 3.8571111 | C109: =STDEV(C9:C104) -> 1.5930142 | D109: =STDEV(D9:D104) -> 3.4806419 | E109: =STDEV(E9:E104) -> 3.7901051 | F109: =STDEV(F9:F104) -> #DIV/0! | G109: =STDEV(G9:G104) -> 28.123805 | H109: =STDEV(H9:H104) -> 18.169066 | I109: =STDEV(I9:I104) -> 1.0252564 | ... Q109: =STDEV(Q9:Q104) -> 0.35635645
A110: Num | B110: =COUNT(B9:B104)+8 -> 96 | C110: =COUNT(C9:C104)+8 -> 96 | D110: =COUNT(D9:D104)+8 -> 96 | E110: =COUNT(E9:E104)+7 -> 96 | F110: 0 | G110: =COUNT(G9:G104)+7 -> 96 | H110: =COUNT(H9:H104)+7 -> 96 | I110: =COUNT(I9:I104)+7 -> 94 | J110: =COUNT(J9:J104)+7 -> 96 | K110: =COUNT(K9:K104)+7 -> 96 | L110: =COUNT(L9:L104)+7 -> 96 | M110: =COUNT(M9:M104)+7 -> 96 | N110: =COUNT(N9:N104)+7 -> 96 | ... P110: =COUNT(P9:P104)+7 -> 96 | Q110: =COUNT(Q9:Q104)+9 -> 96
A111: DCR | B111: =IF(B110>=87,">90%",IF(B110<=87,"<90%")) -> >90% | C111: =IF(C110>=87,">90%",IF(C110<=87,"<90%")) -> >90% | D111: =IF(D110>=87,">90%",IF(D110<=87,"<90%")) -> >90% | E111: =IF(E110>=87,">90%",IF(E110<=87,"<90%")) -> >90% | F111: =IF(F110>=87,">90%",IF(F110<=87,"<90%")) -> <90% | G111: =IF(G110>=87,">90%",IF(G110<=87,"<90%")) -> >90% | H111: =IF(H110>=87,">90%",IF(H110<=87,"<90%")) -> >90% | I111: =IF(I110>=87,">90%",IF(I110<=87,"<90%")) -> >90% | ... Q111: =IF(Q110>=87,">90%",IF(Q110<=87,"<90%")) -> >90%
A112: Status | B112: =IF(B110>=87,"OK",IF(B110<=87,"LESS")) -> OK | C112: =IF(C110>=87,"OK",IF(C110<=87,"LESS")) -> OK | D112: =IF(D110>=87,"OK",IF(D110<=87,"LESS")) -> OK | E112: =IF(E110>=87,"OK",IF(E110<=87,"LESS")) -> OK | F112: =IF(F110>=87,"OK",IF(F110<=87,"LESS")) -> LESS | G112: =IF(G110>=87,"OK",IF(G110<=87,"LESS")) -> OK | H112: =IF(H110>=87,"OK",IF(H110<=87,"LESS")) -> OK | I112: =IF(I110>=87,"OK",IF(I110<=87,"LESS")) -> OK | ... Q112: =IF(Q110>=87,"OK",IF(Q110<=87,"LESS")) -> OK
A115: Done by | B115: AKASH
A117: Comment

Sheet 15
A1: Station: | B1: IGKV RAIPUR
A2: Date: | B2: =$A$9 -> 15/02/2025 00:15 | C2: Power Off | G2: Pw.Off | J2: Link Fail | L2: Link F | N2: Maintenance | P2: Maint.
A3: Report Type: | B3: Mean | C3: Calibration | G3: Calib. | J3: Data Fail | L3: Data F | N3: Invalid | P3: Invalid
A4: Time Base: | B4: 15 Min | C4: Zero Referrence | G4: Z.Ref | J4: Warm Up | L4: Wm. Up
A7: Date & Time | B7: NO | C7: NO2 | D7: NOX | E7: SO2 | F7: O3 | G7: PM 10 | H7: PM 2.5 | I7: BENZ | J7: WS | K7: WD | L7: TEMP | M7: HUM | N7: SR | O7: RG | P7: CO | Q7: NH3
B8: ug/m3 | C8: ug/m3 | D8: ppb | E8: ug/m3 | F8: ug/m3 | G8: ug/m3 | H8: ug/m3 | I8: ug/m3 | J8: m/sec | K8: deg | L8: degreC | M8: % | N8: w/m2 | O8: mm | P8: mg/m3 | Q8: ug/m3
A9: 15/02/2025 00:15 | B9: 8.7 | C9: 22.98 | D9: 20.34 | E9: 9.89 | F9: Invalid | G9: 67.05 | H9: 17.94 | I9: 9.8 | J9: 0.19 | K9: 152.93 | L9: 18.15 | M9: 50.02 | N9: 0.8 | O9: 0 | P9: 0.64 | Q9: 11.25
A10: 15/02/2025 00:30 | B10: 10.35 | C10: 23.53 | D10: 21.94 | E10: 9.78 | F10: Invalid | G10: 52.36 | H10: 19.95 | I10: 9.84 | J10: 0.19 | K10: 164.61 | L10: 17.78 | M10: 58.62 | N10: 1 | O10: 0 | P10: 0.65 | Q10: 11.25
A11: 15/02/2025 00:45 | B11: 11.76 | C11: 24.08 | D11: 23.36 | E11: 9.8 | F11: Invalid | G11: 47.02 | H11: 19.98 | I11: 9.89 | J11: 0.25 | K11: 173.01 | L11: 17.38 | M11: 62.32 | N11: 1.2 | O11: 0 | P11: 0.66 | Q11: 11.25
A12: 15/02/2025 01:00 | B12: 12.81 | C12: 24.65 | D12: 24.5 | E12: 9.56 | F12: Invalid | G12: 47.02 | H12: 19.98 | I12: 9.98 | J12: 0.18 | K12: 164.28 | L12: 17.06 | M12: 60.99 | N12: 1.1 | O12: 0 | P12: 0.67 | Q12: 11.25
A13: 15/02/2025 01:15 | B13: 13.93 | C13: 24.91 | D13: 25.54 | E13: 9.74 | F13: Invalid | G13: 47.02 | H13: 19.98 | I13: 10.03 | J13: 0.26 | K13: 211.8 | L13: 16.48 | M13: 63.89 | N13: 1.5 | O13: 0 | P13: 0.68 | Q13: 11.25
A14: 15/02/2025 01:30 | B14: 14.38 | C14: 25.03 | D14: 25.96 | E14: 9.49 | F14: Invalid | G14: 81.04 | H14: 19.79 | I14: 10.08 | J14: 0.17 | K14: 208.34 | L14: 16.09 | M14: 63.09 | N14: 1.1 | O14: 0 | P14: 0.68 | Q14: 11.25
A15: 15/02/2025 01:45 | B15: 14.4 | C15: 24.83 | D15: 25.87 | E15: 9.83 | F15: Invalid | G15: 93.41 | H15: 19.78 | I15: 10.12 | J15: 0.12 | K15: 186.39 | L15: 15.92 | M15: 64.82 | N15: 1 | O15: 0 | P15: 0.68 | Q15: 11.25
A16: 15/02/2025 02:00 | B16: 14.33 | C16: 24.69 | D16: 25.74 | E16: 9.33 | F16: Invalid | G16: 93.41 | H16: 19.78 | I16: 10.13 | J16: 0.18 | K16: 138.12 | L16: 16.17 | M16: 60.92 | N16: 0.7 | O16: 0 | P16: 0.68 | Q16: 11.25
A17: 15/02/2025 02:15 | B17: 14.39 | C17: 24.75 | D17: 25.82 | E17: 8.83 | F17: Invalid | G17: 93.41 | H17: 19.78 | I17: 10.14 | J17: 0.2 | K17: 177.69 | L17: 16.23 | M17: 65.22 | N17: 0.9 | O17: 0 | P17: 0.69 | Q17: 11.25
A18: 15/02/2025 02:30 | B18: 14.38 | C18: 24.65 | D18: 25.76 | E18: 10.07 | F18: Invalid | G18: 63.28 | H18: 18.19 | I18: 10.17 | J18: 0.15 | K18: 169.63 | L18: 16 | M18: 66.68 | N18: 1 | O18: 0 | P18: 0.69 | Q18: 11.25
A19: 15/02/2025 02:45 | B19: 14.27 | C19: 24.39 | D19: 25.54 | E19: 10.25 | F19: Invalid | G19: 52.32 | H19: 18.16 | I19: 10.19 | J19: 0.13 | K19: 149.1 | L19: 16.02 | M19: 63.74 | N19: 0.8 | O19: 0 | P19: 0.69 | Q19: 11.25
A20: 15/02/2025 03:00 | B20: 14.18 | C20: 24.31 | D20: 25.42 | E20: 9.93 | F20: Invalid | G20: 52.32 | H20: 18.16 | I20: 10.21 | J20: 0.2 | K20: 186.64 | L20: 16.14 | M20: 67.44 | N20: 0.9 | O20: 0 | P20: 0.69 | Q20: 11.25
... A104: 15/02/2025 24:00 | B104: 8.98 | C104: 22.7 | D104: 20.41 | E104: 9.35 | F104: Invalid | G104: 59.77 | H104: 17.82 | I104: 9.35 | J104: 0.16 | K104: 177.07 | L104: 18.89 | M104: 58.09 | N104: 1 | O104: 0 | P104: 0.68 | Q104: 11.25
A106: Min | B106: =MIN(B9:B104) -> 4.48 | C106: =MIN(C9:C104) -> 20.75 | D106: =MIN(D9:D104) -> 17.22 | E106: =MIN(E9:E104) -> 8.36 | F106: =MIN(F9:F104) -> 0 | G106: =MIN(G9:G104) -> 38.16 | H106: =MIN(H9:H104) -> 6.64 | I106: =MIN(I9:I104) -> 7.11 | ... Q106: =MIN(Q9:Q104) -> 11.25
A107: Max | B107: =MAX(B9:B104) -> 25.92 | C107: =MAX(C9:C104) -> 27.69 | D107: =MAX(D9:D104) -> 35 | E107: =MAX(E9:E104) -> 16.29 | F107: =MAX(F9:F104) -> 0 | G107: =MAX(G9:G104) -> 169.61 | H107: =MAX(H9:H104) -> 45.41 | I107: =MAX(I9:I104) -> 13.35 | ... Q107: =MAX(Q9:Q104) -> 11.25
A108: Avg | B108: =AVERAGE(B9:B104) -> 11.856667 | C108: =AVERAGE(C9:C104) -> 23.973542 | D108: =AVERAGE(D9:D104) -> 23.384167 | E108: =AVERAGE(E9:E104) -> 10.827708 | F108: =AVERAGE(F9:F104) -> #DIV/0! | G108: =AVERAGE(G9:G104) -> 71.843438 | H108: =AVERAGE(H9:H104) -> 30.768021 | I108: =AVERAGE(I9:I104) -> 10.263542 | ... Q108: =AVERAGE(Q9:Q104) -> 11.25
A109: Stdev | B109: =STDEV(B9:B104) -> 6.297839 | C109: =STDEV(C9:C104) -> 1.7218723 | D109: =STDEV(D9:D104) -> 5.2787346 | E109: =STDEV(E9:E104) -> 1.5974503 | F109: =STDEV(F9:F104) -> #DIV/0! | G109: =STDEV(G9:G104) -> 26.75985 | H109: =STDEV(H9:H104) -> 11.296357 | I109: =STDEV(I9:I104) -> 1.8192375 | ... Q109: =STDEV(Q9:Q104) -> 0
A110: Num | B110: =COUNT(B9:B104) -> 96 | C110: =COUNT(C9:C104) -> 96 | D110: =COUNT(D9:D104) -> 96 | E110: =COUNT(E9:E104) -> 96 | F110: =COUNT(F9:F104) -> 0 | G110: =COUNT(G9:G104) -> 96 | H110: =COUNT(H9:H104) -> 96 | I110: =COUNT(I9:I104) -> 96 | ... Q110: =COUNT(Q9:Q104) -> 96
A111: DCR | B111: =IF(B110>=87,">90%",IF(B110<=87,"<90%")) -> >90% | C111: =IF(C110>=87,">90%",IF(C110<=87,"<90%")) -> >90% | D111: =IF(D110>=87,">90%",IF(D110<=87,"<90%")) -> >90% | E111: =IF(E110>=87,">90%",IF(E110<=87,"<90%")) -> >90% | F111: =IF(F110>=87,">90%",IF(F110<=87,"<90%")) -> <90% | G111: =IF(G110>=87,">90%",IF(G110<=87,"<90%")) -> >90% | H111: =IF(H110>=87,">90%",IF(H110<=87,"<90%")) -> >90% | I111: =IF(I110>=87,">90%",IF(I110<=87,"<90%")) -> >90% | ... Q111: =IF(Q110>=87,">90%",IF(Q110<=87,"<90%")) -> >90%
A112: Status | B112: =IF(B110>=87,"OK",IF(B110<=87,"LESS")) -> OK | C112: =IF(C110>=87,"OK",IF(C110<=87,"LESS")) -> OK | D112: =IF(D110>=87,"OK",IF(D110<=87,"LESS")) -> OK | E112: =IF(E110>=87,"OK",IF(E110<=87,"LESS")) -> OK | F112: =IF(F110>=87,"OK",IF(F110<=87,"LESS")) -> LESS | G112: =IF(G110>=87,"OK",IF(G110<=87,"LESS")) -> OK | H112: =IF(H110>=87,"OK",IF(H110<=87,"LESS")) -> OK | I112: =IF(I110>=87,"OK",IF(I110<=87,"LESS")) -> OK | ... Q112: =IF(Q110>=87,"OK",IF(Q110<=87,"LESS")) -> OK
A115: Done by | B115: AKASH
A117: Comment

Sheet 16
A1: Station: | B1: IGKV RAIPUR
A2: Date: | B2: =$A$9 -> 16/02/2025 00:15 | C2: Power Off | G2: Pw.Off | J2: Link Fail | L2: Link F | N2: Maintenance | P2: Maint.
A3: Report Type: | B3: Mean | C3: Calibration | G3: Calib. | J3: Data Fail | L3: Data F | N3: Invalid | P3: Invalid
A4: Time Base: | B4: 15 Min | C4: Zero Referrence | G4: Z.Ref | J4: Warm Up | L4: Wm. Up
A7: Date & Time | B7: NO | C7: NO2 | D7: NOX | E7: SO2 | F7: O3 | G7: PM 10 | H7: PM 2.5 | I7: BENZ | J7: WS | K7: WD | L7: TEMP | M7: HUM | N7: SR | O7: RG | P7: CO | Q7: NH3
B8: ug/m3 | C8: ug/m3 | D8: ppb | E8: ug/m3 | F8: ug/m3 | G8: ug/m3 | H8: ug/m3 | I8: ug/m3 | J8: m/sec | K8: deg | L8: degreC | M8: % | N8: w/m2 | O8: mm | P8: mg/m3 | Q8: ug/m3
A9: 16/02/2025 00:15 | B9: 7.88 | C9: 22.6 | D9: 19.47 | E9: 9.42 | F9: Invalid | G9: 59.77 | H9: 17.82 | I9: 9.26 | J9: 0.21 | K9: 183.57 | L9: 18.42 | M9: 63.41 | N9: 1.3 | O9: 0 | P9: 0.68 | Q9: 11.25
A10: 16/02/2025 00:30 | B10: 8.17 | C10: 22.17 | D10: 19.49 | E10: 10.12 | F10: Invalid | G10: 52.31 | H10: 19.42 | I10: 9.15 | J10: 0.24 | K10: 169.93 | L10: 18.09 | M10: 63.02 | N10: 1.2 | O10: 0 | P10: 0.68 | Q10: 11.25
A11: 16/02/2025 00:45 | B11: 9.44 | C11: 20.96 | D11: 19.87 | E11: 9.63 | F11: Invalid | G11: 49.6 | H11: 19.45 | I11: 9.03 | J11: 0.26 | K11: 170.59 | L11: 17.91 | M11: 63.33 | N11: 1 | O11: 0 | P11: 0.68 | Q11: 11.25
A12: 16/02/2025 01:00 | B12: 9.92 | C12: 20 | D12: 19.76 | E12: 9.94 | F12: Invalid | G12: 49.6 | H12: 19.45 | I12: 8.95 | J12: 0.18 | K12: 186.1 | L12: 18.04 | M12: 58.27 | N12: 0.9 | O12: 0 | P12: 0.66 | Q12: 11.25
A13: 16/02/2025 01:15 | B13: 9.04 | C13: 20.23 | D13: 19.17 | E13: 9.21 | F13: Invalid | G13: 49.6 | H13: 19.45 | I13: 8.89 | J13: 0.23 | K13: 168.31 | L13: 17.76 | M13: 63.01 | N13: 1 | O13: 0 | P13: 0.66 | Q13: 11.25
A14: 16/02/2025 01:30 | B14: 9.28 | C14: 19.46 | D14: 18.96 | E14: 9.63 | F14: Invalid | G14: 43.58 | H14: 16.33 | I14: 8.84 | J14: 0.27 | K14: 162.39 | L14: 17.74 | M14: 64.65 | N14: 0.9 | O14: 0 | P14: 0.66 | Q14: 11.25
A15: 16/02/2025 01:45 | B15: 8.84 | C15: 19.5 | D15: 18.63 | E15: 9.38 | F15: Invalid | G15: 41.4 | H15: 16.28 | I15: 8.79 | J15: 0.27 | K15: 162.44 | L15: 17.7 | M15: 64.39 | N15: 1 | O15: 0 | P15: 0.65 | Q15: 11.25
A16: 16/02/2025 02:00 | B16: 8.52 | C16: 19.34 | D16: 18.29 | E16: 9.68 | F16: Invalid | G16: 41.4 | H16: 16.28 | I16: 8.75 | J16: 0.22 | K16: 163.56 | L16: 17.61 | M16: 63.94 | N16: 0.9 | O16: 0 | P16: 0.65 | Q16: 11.25
A17: 16/02/2025 02:15 | B17: 7.51 | C17: 20.09 | D17: 17.87 | E17: 8.83 | F17: Invalid | G17: 41.4 | H17: 16.28 | I17: 8.79 | J17: 0.14 | K17: 147.77 | L17: 17.43 | M17: 65.23 | N17: 0.9 | O17: 0 | P17: 0.65 | Q17: 11.25
A18: 16/02/2025 02:30 | B18: 8.72 | C18: 19.3 | D18: 18.43 | E18: 10.26 | F18: Invalid | G18: 48.38 | H18: 16.72 | I18: 8.88 | J18: 0.12 | K18: 97.47 | L18: 17.66 | M18: 58.1 | N18: 0.8 | O18: 0 | P18: 0.66 | Q18: 11.25
A19: 16/02/2025 02:45 | B19: 9.35 | C19: 20 | D19: 19.3 | E19: 10.55 | F19: Invalid | G19: 50.92 | H19: 16.73 | I19: 8.98 | J19: 0.26 | K19: 138.96 | L19: 18.05 | M19: 56.57 | N19: 0.7 | O19: 0 | P19: 0.66 | Q19: 11.25
A20: 16/02/2025 03:00 | B20: 9.19 | C20: 22.06 | D20: 20.24 | E20: 10.59 | F20: Invalid | G20: 50.92 | H20: 16.73 | I20: 9.09 | J20: 0.16 | K20: 148.68 | L20: 17.78 | M20: 59.24 | N20: 1 | O20: 0 | P20: 0.67 | Q20: 11.25
... A104: 16/02/2025 24:00 | B104: 7.41 | C104: 20.84 | D104: 18.18 | E104: 10.49 | F104: Invalid | G104: 61.73 | H104: 20.95 | I104: 10.35 | J104: 0.18 | K104: 187.61 | L104: 20.04 | M104: 60.57 | N104: 1 | O104: 0 | P104: 0.84 | Q104: 11.25
A106: Min | B106: =MIN(B9:B104) -> 3.49 | C106: =MIN(C9:C104) -> 15.8 | D106: =MIN(D9:D104) -> 12.85 | E106: =MIN(E9:E104) -> 8.83 | F106: =MIN(F9:F104) -> 0 | G106: =MIN(G9:G104) -> 28.3 | H106: =MIN(H9:H104) -> 15.4 | I106: =MIN(I9:I104) -> 7.08 | ... Q106: =MIN(Q9:Q104) -> 11.25
A107: Max | B107: =MAX(B9:B104) -> 15.99 | C107: =MAX(C9:C104) -> 25.79 | D107: =MAX(D9:D104) -> 27.13 | E107: =MAX(E9:E104) -> 22.11 | F107: =MAX(F9:F104) -> 0 | G107: =MAX(G9:G104) -> 74.18 | H107: =MAX(H9:H104) -> 34.08 | I107: =MAX(I9:I104) -> 11.76 | ... Q107: =MAX(Q9:Q104) -> 11.25
A108: Avg | B108: =AVERAGE(B9:B104) -> 7.5682292 | C108: =AVERAGE(C9:C104) -> 21.399687 | D108: =AVERAGE(D9:D104) -> 18.600833 | E108: =AVERAGE(E9:E104) -> 11.922396 | F108: =AVERAGE(F9:F104) -> #DIV/0! | G108: =AVERAGE(G9:G104) -> 55.269167 | H108: =AVERAGE(H9:H104) -> 24.005833 | I108: =AVERAGE(I9:I104) -> 9.4213542 | ... Q108: =AVERAGE(Q9:Q104) -> 11.25
A109: Stdev | B109: =STDEV(B9:B104) -> 3.5932788 | C109: =STDEV(C9:C104) -> 3.0587009 | D109: =STDEV(D9:D104) -> 4.0109851 | E109: =STDEV(E9:E104) -> 2.8091837 | F109: =STDEV(F9:F104) -> #DIV/0! | G109: =STDEV(G9:G104) -> 13.266386 | H109: =STDEV(H9:H104) -> 6.065559 | I109: =STDEV(I9:I104) -> 1.2305263 | ... Q109: =STDEV(Q9:Q104) -> 0
A110: Num | B110: =COUNT(B9:B104) -> 96 | C110: =COUNT(C9:C104) -> 96 | D110: =COUNT(D9:D104) -> 96 | E110: =COUNT(E9:E104) -> 96 | F110: =COUNT(F9:F104) -> 0 | G110: =COUNT(G9:G104) -> 96 | H110: =COUNT(H9:H104) -> 96 | I110: =COUNT(I9:I104) -> 96 | ... Q110: =COUNT(Q9:Q104) -> 96
A111: DCR | B111: =IF(B110>=87,">90%",IF(B110<=87,"<90%")) -> >90% | C111: =IF(C110>=87,">90%",IF(C110<=87,"<90%")) -> >90% | D111: =IF(D110>=87,">90%",IF(D110<=87,"<90%")) -> >90% | E111: =IF(E110>=87,">90%",IF(E110<=87,"<90%")) -> >90% | F111: =IF(F110>=87,">90%",IF(F110<=87,"<90%")) -> <90% | G111: =IF(G110>=87,">90%",IF(G110<=87,"<90%")) -> >90% | H111: =IF(H110>=87,">90%",IF(H110<=87,"<90%")) -> >90% | I111: =IF(I110>=87,">90%",IF(I110<=87,"<90%")) -> >90% | ... Q111: =IF(Q110>=87,">90%",IF(Q110<=87,"<90%")) -> >90%
A112: Status | B112: =IF(B110>=87,"OK",IF(B110<=87,"LESS")) -> OK | C112: =IF(C110>=87,"OK",IF(C110<=87,"LESS")) -> OK | D112: =IF(D110>=87,"OK",IF(D110<=87,"LESS")) -> OK | E112: =IF(E110>=87,"OK",IF(E110<=87,"LESS")) -> OK | F112: =IF(F110>=87,"OK",IF(F110<=87,"LESS")) -> LESS | G112: =IF(G110>=87,"OK",IF(G110<=87,"LESS")) -> OK | H112: =IF(H110>=87,"OK",IF(H110<=87,"LESS")) -> OK | I112: =IF(I110>=87,"OK",IF(I110<=87,"LESS")) -> OK | ... Q112: =IF(Q110>=87,"OK",IF(Q110<=87,"LESS")) -> OK
A115: Done by | B115: AKASH
A117: Comment

Sheet 17
A1: Station: | B1: IGKV RAIPUR
A2: Date: | B2: =$A$9 -> 17/02/2025 00:15 | C2: Power Off | G2: Pw.Off | J2: Link Fail | L2: Link F | N2: Maintenance | P2: Maint.
A3: Report Type: | B3: Mean | C3: Calibration | G3: Calib. | J3: Data Fail | L3: Data F | N3: Invalid | P3: Invalid
A4: Time Base: | B4: 15 Min | C4: Zero Referrence | G4: Z.Ref | J4: Warm Up | L4: Wm. Up
A7: Date & Time | B7: NO | C7: NO2 | D7: NOX | E7: SO2 | F7: O3 | G7: PM 10 | H7: PM 2.5 | I7: BENZ | J7: WS | K7: WD | L7: TEMP | M7: HUM | N7: SR | O7: RG | P7: CO | Q7: NH3
B8: ug/m3 | C8: ug/m3 | D8: ppb | E8: ug/m3 | F8: ug/m3 | G8: ug/m3 | H8: ug/m3 | I8: ug/m3 | J8: m/sec | K8: deg | L8: degreC | M8: % | N8: w/m2 | O8: mm | P8: mg/m3 | Q8: ug/m3
A9: 17/02/2025 00:15 | B9: 7.24 | C9: 21.49 | D9: 18.39 | E9: 10.69 | F9: Invalid | G9: 61.73 | H9: 20.95 | I9: 10.48 | J9: 0.17 | K9: 184 | L9: 19.92 | M9: 59.73 | N9: 1 | O9: 0 | P9: 0.85 | Q9: 11.25
A10: 17/02/2025 00:30 | B10: 7.48 | C10: 21.38 | D10: 18.52 | E10: 10.54 | F10: Invalid | G10: 64.3 | H10: 22.22 | I10: 10.59 | J10: 0.17 | K10: 203.27 | L10: 19.56 | M10: 61.47 | N10: 1.2 | O10: 0 | P10: 0.91 | Q10: 11.25
A11: 17/02/2025 00:45 | B11: 7.8 | C11: 21.49 | D11: 18.84 | E11: 10.63 | F11: Invalid | G11: 65.23 | H11: 22.24 | I11: 10.72 | J11: 0.18 | K11: 186.19 | L11: 19.24 | M11: 64.96 | N11: 1.2 | O11: 0 | P11: 0.93 | Q11: 11.25
A12: 17/02/2025 01:00 | B12: 8.08 | C12: 21.34 | D12: 18.98 | E12: 10.45 | F12: Invalid | G12: 65.23 | H12: 22.24 | I12: 10.84 | J12: 0.14 | K12: 172.11 | L12: 18.89 | M12: 64.1 | N12: 1.2 | O12: 0 | P12: 0.95 | Q12: 11.25
A13: 17/02/2025 01:15 | B13: 8.18 | C13: 21.23 | D13: 19.01 | E13: 10.28 | F13: Invalid | G13: 65.23 | H13: 22.24 | I13: 10.93 | J13: 0.2 | K13: 163.26 | L13: 19.03 | M13: 65.99 | N13: 0.9 | O13: 0 | P13: 0.95 | Q13: 11.25
A14: 17/02/2025 01:30 | B14: 8.35 | C14: 21.1 | D14: 19.07 | E14: 10.8 | F14: Invalid | G14: 64.11 | H14: 22.08 | I14: 11.02 | J14: 0.18 | K14: 164.13 | L14: 19.09 | M14: 65.35 | N14: 0.9 | O14: 0 | P14: 0.95 | Q14: 11.25
A15: 17/02/2025 01:45 | B15: 8.53 | C15: 21.02 | D15: 19.18 | E15: 10.21 | F15: Invalid | G15: 63.7 | H15: 22.08 | I15: 11.09 | J15: 0.22 | K15: 159.62 | L15: 19.03 | M15: 64.41 | N15: 0.9 | O15: 0 | P15: 0.95 | Q15: 11.25
A16: 17/02/2025 02:00 | B16: 8.84 | C16: 20.66 | D16: 19.24 | E16: 10.43 | F16: Invalid | G16: 63.7 | H16: 22.08 | I16: 11.12 | J16: 0.14 | K16: 183.14 | L16: 18.93 | M16: 62.52 | N16: 1 | O16: 0 | P16: 0.95 | Q16: 11.25
A17: 17/02/2025 02:15 | B17: 9.08 | C17: 20.58 | D17: 19.38 | E17: 8.04 | F17: Invalid | G17: 63.7 | H17: 22.08 | I17: 11.12 | J17: 0.2 | K17: 184.76 | L17: 18.63 | M17: 64.47 | N17: 1.3 | O17: 0 | P17: 0.95 | Q17: 11.25
A18: 17/02/2025 02:30 | B18: 9.42 | C18: 20.1 | D18: 19.41 | E18: 9.77 | F18: Invalid | G18: 59.87 | H18: 22.45 | I18: 11.1 | J18: 0.18 | K18: 185.46 | L18: 18.22 | M18: 64.23 | N18: 1.2 | O18: 0 | P18: 0.95 | Q18: 11.25
A19: 17/02/2025 02:45 | B19: 9.77 | C19: 20.07 | D19: 19.67 | E19: 10.21 | F19: Invalid | G19: 58.48 | H19: 22.46 | I19: 11.06 | J19: 0.15 | K19: 205.19 | L19: 18.06 | M19: 65.71 | N19: 1.1 | O19: 0 | P19: 0.95 | Q19: 11.25
A20: 17/02/2025 03:00 | B20: 10.14 | C20: 19.85 | D20: 19.86 | E20: 9.83 | F20: Invalid | G20: 58.48 | H20: 22.46 | I20: 11.04 | J20: 0.19 | K20: 162.87 | L20: 18.25 | M20: 64.29 | N20: 1 | O20: 0 | P20: 0.95 | Q20: 11.25
... A104: 17/02/2025 24:00 | B104: 11.55 | C104: 21.12 | D104: 21.65 | E104: 9.15 | F104: Invalid | G104: 69.07 | H104: 17.42 | I104: 8.74 | J104: 0.13 | K104: 185.21 | L104: 20.79 | M104: 61.25 | N104: 1 | O104: 0 | P104: 0.74 | Q104: 11.25
A106: Min | B106: =MIN(B9:B104) -> 3.92 | C106: =MIN(C9:C104) -> 19.05 | D106: =MIN(D9:D104) -> 15.27 | E106: =MIN(E9:E104) -> 8.04 | F106: =MIN(F9:F104) -> 0 | G106: =MIN(G9:G104) -> 42.09 | H106: =MIN(H9:H104) -> 14.27 | I106: =MIN(I9:I104) -> 6.3 | ... Q106: =MIN(Q9:Q104) -> 11.25
A107: Max | B107: =MAX(B9:B104) -> 15.72 | C107: =MAX(C9:C104) -> 26.54 | D107: =MAX(D9:D104) -> 25.16 | E107: =MAX(E9:E104) -> 19.14 | F107: =MAX(F9:F104) -> 0 | G107: =MAX(G9:G104) -> 70.78 | H107: =MAX(H9:H104) -> 32.81 | I107: =MAX(I9:I104) -> 11.36 | ... Q107: =MAX(Q9:Q104) -> 11.25
A108: Avg | B108: =AVERAGE(B9:B104) -> 8.7051042 | C108: =AVERAGE(C9:C104) -> 21.690313 | D108: =AVERAGE(D9:D104) -> 19.665104 | E108: =AVERAGE(E9:E104) -> 10.736146 | F108: =AVERAGE(F9:F104) -> #DIV/0! | G108: =AVERAGE(G9:G104) -> 58.975417 | H108: =AVERAGE(H9:H104) -> 23.313333 | I108: =AVERAGE(I9:I104) -> 9.4841667 | ... Q108: =AVERAGE(Q9:Q104) -> 11.25
A109: Stdev | B109: =STDEV(B9:B104) -> 3.2147889 | C109: =STDEV(C9:C104) -> 1.8105094 | D109: =STDEV(D9:D104) -> 2.5940353 | E109: =STDEV(E9:E104) -> 2.1004858 | F109: =STDEV(F9:F104) -> #DIV/0! | G109: =STDEV(G9:G104) -> 9.6169546 | H109: =STDEV(H9:H104) -> 5.3140805 | I109: =STDEV(I9:I104) -> 1.7660272 | ... Q109: =STDEV(Q9:Q104) -> 0
A110: Num | B110: =COUNT(B9:B104) -> 96 | C110: =COUNT(C9:C104) -> 96 | D110: =COUNT(D9:D104) -> 96 | E110: =COUNT(E9:E104) -> 96 | F110: =COUNT(F9:F104) -> 0 | G110: =COUNT(G9:G104) -> 96 | H110: =COUNT(H9:H104) -> 96 | I110: =COUNT(I9:I104) -> 96 | ... Q110: =COUNT(Q9:Q104) -> 96
A111: DCR | B111: =IF(B110>=87,">90%",IF(B110<=87,"<90%")) -> >90% | C111: =IF(C110>=87,">90%",IF(C110<=87,"<90%")) -> >90% | D111: =IF(D110>=87,">90%",IF(D110<=87,"<90%")) -> >90% | E111: =IF(E110>=87,">90%",IF(E110<=87,"<90%")) -> >90% | F111: =IF(F110>=87,">90%",IF(F110<=87,"<90%")) -> <90% | G111: =IF(G110>=87,">90%",IF(G110<=87,"<90%")) -> >90% | H111: =IF(H110>=87,">90%",IF(H110<=87,"<90%")) -> >90% | I111: =IF(I110>=87,">90%",IF(I110<=87,"<90%")) -> >90% | ... Q111: =IF(Q110>=87,">90%",IF(Q110<=87,"<90%")) -> >90%
A112: Status | B112: =IF(B110>=87,"OK",IF(B110<=87,"LESS")) -> OK | C112: =IF(C110>=87,"OK",IF(C110<=87,"LESS")) -> OK | D112: =IF(D110>=87,"OK",IF(D110<=87,"LESS")) -> OK | E112: =IF(E110>=87,"OK",IF(E110<=87,"LESS")) -> OK | F112: =IF(F110>=87,"OK",IF(F110<=87,"LESS")) -> LESS | G112: =IF(G110>=87,"OK",IF(G110<=87,"LESS")) -> OK | H112: =IF(H110>=87,"OK",IF(H110<=87,"LESS")) -> OK | I112: =IF(I110>=87,"OK",IF(I110<=87,"LESS")) -> OK | ... Q112: =IF(Q110>=87,"OK",IF(Q110<=87,"LESS")) -> OK
A115: Done by | B115: AKASH
A117: Comment

Sheet 18
A1: Station: | B1: IGKV RAIPUR
A2: Date: | B2: =$A$9 -> 18/02/2025 00:15 | C2: Power Off | G2: Pw.Off | J2: Link Fail | L2: Link F | N2: Maintenance | P2: Maint.
A3: Report Type: | B3: Mean | C3: Calibration | G3: Calib. | J3: Data Fail | L3: Data F | N3: Invalid | P3: Invalid
A4: Time Base: | B4: 15 Min | C4: Zero Referrence | G4: Z.Ref | J4: Warm Up | L4: Wm. Up
A7: Date & Time | B7: NO | C7: NO2 | D7: NOX | E7: SO2 | F7: O3 | G7: PM 10 | H7: PM 2.5 | I7: BENZ | J7: WS | K7: WD | L7: TEMP | M7: HUM | N7: SR | O7: RG | P7: CO | Q7: NH3
B8: ug/m3 | C8: ug/m3 | D8: ppb | E8: ug/m3 | F8: ug/m3 | G8: ug/m3 | H8: ug/m3 | I8: ug/m3 | J8: m/sec | K8: deg | L8: degreC | M8: % | N8: w/m2 | O8: mm | P8: mg/m3 | Q8: ug/m3
A9: 18/02/2025 00:15 | B9: 12.25 | C9: 21.03 | D9: 22.16 | E9: 9.2 | F9: Invalid | G9: 69.07 | H9: 17.42 | I9: 8.91 | J9: 0.17 | K9: 176.87 | L9: 20.83 | M9: 62.17 | N9: 1 | O9: 0 | P9: 0.77 | Q9: 14.58
A10: 18/02/2025 00:30 | B10: 12.36 | C10: 21.32 | D10: 22.4 | E10: 9.35 | F10: Invalid | G10: 72.23 | H10: 21.6 | I10: 9.13 | J10: 0.14 | K10: 205.45 | L10: 20.56 | M10: 65.19 | N10: 1.1 | O10: 0 | P10: 0.78 | Q10: 14.58
A11: 18/02/2025 00:45 | B11: 12.52 | C11: 21.42 | D11: 22.58 | E11: 9.64 | F11: Invalid | G11: 73.37 | H11: 21.67 | I11: 9.33 | J11: 0.26 | K11: 86.52 | L11: 20.57 | M11: 62.74 | N11: 0.9 | O11: 0 | P11: 0.77 | Q11: 14.58
A12: 18/02/2025 01:00 | B12: 12.84 | C12: 21.69 | D12: 22.98 | E12: 9.39 | F12: Invalid | G12: 73.37 | H12: 21.67 | I12: 9.5 | J12: 0.64 | K12: 41.06 | L12: 21.99 | M12: 51.4 | N12: 0 | O12: 0 | P12: 0.73 | Q12: 14.58
A13: 18/02/2025 01:15 | B13: 13.8 | C13: 22.41 | D13: 24.13 | E13: 9.5 | F13: Invalid | G13: 73.37 | H13: 21.67 | I13: 9.58 | J13: 0.2 | K13: 67.75 | L13: 22.41 | M13: 51.31 | N13: 0.9 | O13: 0 | P13: 0.74 | Q13: 14.58
A14: 18/02/2025 01:30 | B14: 14.84 | C14: 22.99 | D14: 25.27 | E14: 9.8 | F14: Invalid | G14: 77.78 | H14: 19.34 | I14: 9.77 | J14: 0.19 | K14: 142.35 | L14: 22.07 | M14: 54.42 | N14: 1.4 | O14: 0 | P14: 0.78 | Q14: 14.58
A15: 18/02/2025 01:45 | B15: 15.8 | C15: 23.55 | D15: 26.32 | E15: 10.2 | F15: Invalid | G15: 79.38 | H15: 19.3 | I15: 10.27 | J15: 0.23 | K15: 181.05 | L15: 21.53 | M15: 58 | N15: 1.6 | O15: 0 | P15: 0.81 | Q15: 14.58
A16: 18/02/2025 02:00 | B16: 16.73 | C16: 23.87 | D16: 27.24 | E16: 10.04 | F16: Invalid | G16: 79.38 | H16: 19.3 | I16: 10.91 | J16: 0.19 | K16: 194.6 | L16: 20.63 | M16: 64.44 | N16: 1.8 | O16: 0 | P16: 0.84 | Q16: 14.58
A17: 18/02/2025 02:15 | B17: 17.47 | C17: 24.02 | D17: 27.91 | E17: 8.29 | F17: Invalid | G17: 79.38 | H17: 19.3 | I17: 11.59 | J17: 0.22 | K17: 184.03 | L17: 20.18 | M17: 67.36 | N17: 1.6 | O17: 0 | P17: 0.88 | Q17: 14.58
A18: 18/02/2025 02:30 | B18: 17.97 | C18: 24.05 | D18: 28.33 | E18: 9.72 | F18: Invalid | G18: 96.26 | H18: 26.23 | I18: 12.27 | J18: 0.21 | K18: 167.84 | L18: 20.02 | M18: 66.39 | N18: 1.3 | O18: 0 | P18: 0.9 | Q18: 14.58
A19: 18/02/2025 02:45 | B19: 18.46 | C19: 23.85 | D19: 28.61 | E19: 10.16 | F19: Invalid | G19: 102.4 | H19: 26.34 | I19: 12.84 | J19: 0.14 | K19: 195.08 | L19: 19.75 | M19: 69.19 | N19: 1.3 | O19: 0 | P19: 0.92 | Q19: 14.58
A20: 18/02/2025 03:00 | B20: 18.76 | C20: 23.83 | D20: 28.85 | E20: 9.65 | F20: Invalid | G20: 102.4 | H20: 26.34 | I20: 13.29 | J20: 0.18 | K20: 183.01 | L20: 19.66 | M20: 67.65 | N20: 1.1 | O20: 0 | P20: 0.93 | Q20: 14.58
... A104: 18/02/2025 24:00 | B104: 7.08 | C104: 24.57 | D104: 19.87 | E104: 10.59 | F104: Invalid | G104: 107.8 | H104: 31.99 | I104: 11.92 | J104: 0.15 | K104: 200.21 | L104: 21.82 | M104: 64.27 | N104: 1.1 | O104: 0 | P104: 0.85 | Q104: 12.93
A106: Min | B106: =MIN(B9:B104) -> 3.77 | C106: =MIN(C9:C104) -> 21.03 | D106: =MIN(D9:D104) -> 16.66 | E106: =MIN(E9:E104) -> 8.29 | F106: =MIN(F9:F104) -> 0 | G106: =MIN(G9:G104) -> 66.95 | H106: =MIN(H9:H104) -> 17.42 | I106: =MIN(I9:I104) -> 8.91 | ... Q106: =MIN(Q9:Q104) -> 12.89
A107: Max | B107: =MAX(B9:B104) -> 43.65 | C107: =MAX(C9:C104) -> 32.41 | D107: =MAX(D9:D104) -> 50.39 | E107: =MAX(E9:E104) -> 44.16 | F107: =MAX(F9:F104) -> 0 | G107: =MAX(G9:G104) -> 137.72 | H107: =MAX(H9:H104) -> 40.85 | I107: =MAX(I9:I104) -> 17.16 | ... Q107: =MAX(Q9:Q104) -> 14.58
A108: Avg | B108: =AVERAGE(B9:B104) -> 15.995938 | C108: =AVERAGE(C9:C104) -> 25.836354 | D108: =AVERAGE(D9:D104) -> 27.677083 | E108: =AVERAGE(E9:E104) -> 13.822188 | F108: =AVERAGE(F9:F104) -> #DIV/0! | G108: =AVERAGE(G9:G104) -> 99.183021 | H108: =AVERAGE(H9:H104) -> 32.228542 | I108: =AVERAGE(I9:I104) -> 12.597188 | ... Q108: =AVERAGE(Q9:Q104) -> 13.783438
A109: Stdev | B109: =STDEV(B9:B104) -> 13.210722 | C109: =STDEV(C9:C104) -> 2.2374817 | D109: =STDEV(D9:D104) -> 10.709715 | E109: =STDEV(E9:E104) -> 7.6088153 | F109: =STDEV(F9:F104) -> #DIV/0! | G109: =STDEV(G9:G104) -> 19.934434 | H109: =STDEV(H9:H104) -> 6.9894752 | I109: =STDEV(I9:I104) -> 2.4639086 | ... Q109: =STDEV(Q9:Q104) -> 0.83488143
A110: Num | B110: =COUNT(B9:B104) -> 96 | C110: =COUNT(C9:C104) -> 96 | D110: =COUNT(D9:D104) -> 96 | E110: =COUNT(E9:E104) -> 96 | F110: =COUNT(F9:F104) -> 0 | G110: =COUNT(G9:G104) -> 96 | H110: =COUNT(H9:H104) -> 96 | I110: =COUNT(I9:I104) -> 96 | ... Q110: =COUNT(Q9:Q104) -> 96
A111: DCR | B111: =IF(B110>=87,">90%",IF(B110<=87,"<90%")) -> >90% | C111: =IF(C110>=87,">90%",IF(C110<=87,"<90%")) -> >90% | D111: =IF(D110>=87,">90%",IF(D110<=87,"<90%")) -> >90% | E111: =IF(E110>=87,">90%",IF(E110<=87,"<90%")) -> >90% | F111: =IF(F110>=87,">90%",IF(F110<=87,"<90%")) -> <90% | G111: =IF(G110>=87,">90%",IF(G110<=87,"<90%")) -> >90% | H111: =IF(H110>=87,">90%",IF(H110<=87,"<90%")) -> >90% | I111: =IF(I110>=87,">90%",IF(I110<=87,"<90%")) -> >90% | ... Q111: =IF(Q110>=87,">90%",IF(Q110<=87,"<90%")) -> >90%
A112: Status | B112: =IF(B110>=87,"OK",IF(B110<=87,"LESS")) -> OK | C112: =IF(C110>=87,"OK",IF(C110<=87,"LESS")) -> OK | D112: =IF(D110>=87,"OK",IF(D110<=87,"LESS")) -> OK | E112: =IF(E110>=87,"OK",IF(E110<=87,"LESS")) -> OK | F112: =IF(F110>=87,"OK",IF(F110<=87,"LESS")) -> LESS | G112: =IF(G110>=87,"OK",IF(G110<=87,"LESS")) -> OK | H112: =IF(H110>=87,"OK",IF(H110<=87,"LESS")) -> OK | I112: =IF(I110>=87,"OK",IF(I110<=87,"LESS")) -> OK | ... Q112: =IF(Q110>=87,"OK",IF(Q110<=87,"LESS")) -> OK
A115: Done by | B115: AKASH
A117: Comment

Sheet 19
A1: Station: | B1: IGKV RAIPUR
A2: Date: | B2: =$A$9 -> 19/02/2025 00:15 | C2: Power Off | G2: Pw.Off | J2: Link Fail | L2: Link F | N2: Maintenance | P2: Maint.
A3: Report Type: | B3: Mean | C3: Calibration | G3: Calib. | J3: Data Fail | L3: Data F | N3: Invalid | P3: Invalid
A4: Time Base: | B4: 15 Min | C4: Zero Referrence | G4: Z.Ref | J4: Warm Up | L4: Wm. Up
A7: Date & Time | B7: NO | C7: NO2 | D7: NOX | E7: SO2 | F7: O3 | G7: PM 10 | H7: PM 2.5 | I7: BENZ | J7: WS | K7: WD | L7: TEMP | M7: HUM | N7: SR | O7: RG | P7: CO | Q7: NH3
B8: ug/m3 | C8: ug/m3 | D8: ppb | E8: ug/m3 | F8: ug/m3 | G8: ug/m3 | H8: ug/m3 | I8: ug/m3 | J8: m/sec | K8: deg | L8: degreC | M8: % | N8: w/m2 | O8: mm | P8: mg/m3 | Q8: ug/m3
A9: 19/02/2025 00:15 | B9: 6.61 | C9: 24.13 | D9: 19.26 | E9: 9.93 | F9: Invalid | G9: 107.8 | H9: 31.99 | I9: 11.87 | J9: 0.12 | K9: 158.95 | L9: 21.63 | M9: 66.95 | N9: 1.2 | O9: 0 | P9: 0.85 | Q9: 12.93
A10: 19/02/2025 00:30 | B10: 7.05 | C10: 24.78 | D10: 19.95 | E10: 10.4 | F10: Invalid | G10: 111.03 | H10: 31.45 | I10: 11.83 | J10: 0.35 | K10: 49.04 | L10: 22.04 | M10: 61.88 | N10: 0.5 | O10: 0 | P10: 0.86 | Q10: 12.95
A11: 19/02/2025 00:45 | B11: 8.26 | C11: 25.64 | D11: 21.37 | E11: 10.12 | F11: Invalid | G11: 112.2 | H11: 31.44 | I11: 11.79 | J11: 0.32 | K11: 39.82 | L11: 22.39 | M11: 59.8 | N11: 0.7 | O11: 0 | P11: 0.86 | Q11: 12.93
A12: 19/02/2025 01:00 | B12: 9.1 | C12: 26.29 | D12: 22.38 | E12: 9.89 | F12: Invalid | G12: 112.2 | H12: 31.44 | I12: 11.83 | J12: 0.41 | K12: 23.77 | L12: 22.74 | M12: 56.16 | N12: 0.7 | O12: 0 | P12: 0.87 | Q12: 12.94
A13: 19/02/2025 01:15 | B13: 9.59 | C13: 26.8 | D13: 23.05 | E13: 10.19 | F13: Invalid | G13: 112.2 | H13: 31.44 | I13: 11.94 | J13: 0.07 | K13: 210.43 | L13: 22.37 | M13: 59.76 | N13: 1.5 | O13: 0 | P13: 0.87 | Q13: 12.93
A14: 19/02/2025 01:30 | B14: 10.19 | C14: 27.34 | D14: 23.81 | E14: 10.2 | F14: Invalid | G14: 115.97 | H14: 30.73 | I14: 12.08 | J14: 0.11 | K14: 160.6 | L14: 22.02 | M14: 62.2 | N14: 1.4 | O14: 0 | P14: 0.88 | Q14: 12.94
A15: 19/02/2025 01:45 | B15: 10.84 | C15: 27.98 | D15: 24.66 | E15: 9.67 | F15: Invalid | G15: 117.34 | H15: 30.71 | I15: 12.23 | J15: 0.18 | K15: 172.95 | L15: 21.11 | M15: 69.98 | N15: 1.8 | O15: 0 | P15: 0.93 | Q15: 12.93
A16: 19/02/2025 02:00 | B16: 11.24 | C16: 27.9 | D16: 24.94 | E16: 9.97 | F16: Invalid | G16: 117.34 | H16: 30.71 | I16: 12.37 | J16: 0.18 | K16: 176.8 | L16: 20.74 | M16: 71.27 | N16: 1.5 | O16: 0 | P16: 0.96 | Q16: 12.93
A17: 19/02/2025 02:15 | B17: 11.58 | C17: 27.82 | D17: 25.17 | E17: 8.61 | F17: Invalid | G17: 117.34 | H17: 30.71 | I17: 12.51 | J17: 0.11 | K17: 165.18 | L17: 20.65 | M17: 70.35 | N17: 1.2 | O17: 0 | P17: 0.96 | Q17: 12.94
A18: 19/02/2025 02:30 | B18: 12.81 | C18: 27.82 | D18: 26.16 | E18: 10.09 | F18: Invalid | G18: 115.07 | H18: 31.13 | I18: 12.61 | J18: 0.15 | K18: 156.27 | L18: 20.81 | M18: 68.86 | N18: 1.1 | O18: 0 | P18: 0.98 | Q18: 12.95
A19: 19/02/2025 02:45 | B19: 14.28 | C19: 27.66 | D19: 27.25 | E19: 10.13 | F19: Invalid | G19: 114.24 | H19: 31.14 | I19: 12.71 | J19: 0.25 | K19: 178.28 | L19: 20.52 | M19: 73.83 | N19: 1.4 | O19: 0 | P19: 0.98 | Q19: 12.94
A20: 19/02/2025 03:00 | B20: 15.08 | C20: 27.53 | D20: 27.82 | E20: 9.64 | F20: Invalid | G20: 114.24 | H20: 31.14 | I20: 12.82 | J20: 0.15 | K20: 150 | L20: 20.14 | M20: 74.38 | N20: 1.4 | O20: 0 | P20: 0.99 | Q20: 12.95
... A104: 19/02/2025 24:00 | B104: 8.93 | C104: 24.97 | D104: 21.56 | E104: 8.77 | F104: Invalid | G104: 118.63 | H104: 35.91 | I104: 11.91 | J104: 0.15 | K104: 180.16 | L104: 22.29 | M104: 70.58 | N104: 1.4 | O104: 0 | P104: 0.98 | Q104: 12.98
A106: Min | B106: =MIN(B9:B104) -> 3.82 | C106: =MIN(C9:C104) -> 24.13 | D106: =MIN(D9:D104) -> 17.13 | E106: =MIN(E9:E104) -> 7.99 | F106: =MIN(F9:F104) -> 0 | G106: =MIN(G9:G104) -> 73.43 | H106: =MIN(H9:H104) -> 27.96 | I106: =MIN(I9:I104) -> 9.36 | ... Q106: =MIN(Q9:Q104) -> 12.89
A107: Max | B107: =MAX(B9:B104) -> 20.64 | C107: =MAX(C9:C104) -> 36.02 | D107: =MAX(D9:D104) -> 32.17 | E107: =MAX(E9:E104) -> 50.06 | F107: =MAX(F9:F104) -> 0 | G107: =MAX(G9:G104) -> 155.78 | H107: =MAX(H9:H104) -> 50.57 | I107: =MAX(I9:I104) -> 15.93 | ... Q107: =MAX(Q9:Q104) -> 12.99
A108: Avg | B108: =AVERAGE(B9:B104) -> 10.483854 | C108: =AVERAGE(C9:C104) -> 29.041042 | D108: =AVERAGE(D9:D104) -> 24.930938 | E108: =AVERAGE(E9:E104) -> 15.254271 | F108: =AVERAGE(F9:F104) -> #DIV/0! | G108: =AVERAGE(G9:G104) -> 109.98177 | H108: =AVERAGE(H9:H104) -> 38.611042 | I108: =AVERAGE(I9:I104) -> 12.334479 | ... Q108: =AVERAGE(Q9:Q104) -> 12.94625
A109: Stdev | B109: =STDEV(B9:B104) -> 5.6500643 | C109: =STDEV(C9:C104) -> 3.3092558 | D109: =STDEV(D9:D104) -> 4.6113366 | E109: =STDEV(E9:E104) -> 10.30774 | F109: =STDEV(F9:F104) -> #DIV/0! | G109: =STDEV(G9:G104) -> 18.233412 | H109: =STDEV(H9:H104) -> 6.7571969 | I109: =STDEV(I9:I104) -> 1.7767806 | ... Q109: =STDEV(Q9:Q104) -> 0.024591398
A110: Num | B110: =COUNT(B9:B104) -> 96 | C110: =COUNT(C9:C104) -> 96 | D110: =COUNT(D9:D104) -> 96 | E110: =COUNT(E9:E104) -> 96 | F110: =COUNT(F9:F104) -> 0 | G110: =COUNT(G9:G104) -> 96 | H110: =COUNT(H9:H104) -> 96 | I110: =COUNT(I9:I104) -> 96 | ... Q110: =COUNT(Q9:Q104) -> 96
A111: DCR | B111: =IF(B110>=87,">90%",IF(B110<=87,"<90%")) -> >90% | C111: =IF(C110>=87,">90%",IF(C110<=87,"<90%")) -> >90% | D111: =IF(D110>=87,">90%",IF(D110<=87,"<90%")) -> >90% | E111: =IF(E110>=87,">90%",IF(E110<=87,"<90%")) -> >90% | F111: =IF(F110>=87,">90%",IF(F110<=87,"<90%")) -> <90% | G111: =IF(G110>=87,">90%",IF(G110<=87,"<90%")) -> >90% | H111: =IF(H110>=87,">90%",IF(H110<=87,"<90%")) -> >90% | I111: =IF(I110>=87,">90%",IF(I110<=87,"<90%")) -> >90% | ... Q111: =IF(Q110>=87,">90%",IF(Q110<=87,"<90%")) -> >90%
A112: Status | B112: =IF(B110>=87,"OK",IF(B110<=87,"LESS")) -> OK | C112: =IF(C110>=87,"OK",IF(C110<=87,"LESS")) -> OK | D112: =IF(D110>=87,"OK",IF(D110<=87,"LESS")) -> OK | E112: =IF(E110>=87,"OK",IF(E110<=87,"LESS")) -> OK | F112: =IF(F110>=87,"OK",IF(F110<=87,"LESS")) -> LESS | G112: =IF(G110>=87,"OK",IF(G110<=87,"LESS")) -> OK | H112: =IF(H110>=87,"OK",IF(H110<=87,"LESS")) -> OK | I112: =IF(I110>=87,"OK",IF(I110<=87,"LESS")) -> OK | ... Q112: =IF(Q110>=87,"OK",IF(Q110<=87,"LESS")) -> OK
A115: Done by | B115: AKASH
A117: Comment

Sheet 20
A1: Station: | B1: IGKV RAIPUR
A2: Date: | B2: =$A$9 -> 20/02/2025 00:15 | C2: Power Off | G2: Pw.Off | J2: Link Fail | L2: Link F | N2: Maintenance | P2: Maint.
A3: Report Type: | B3: Mean | C3: Calibration | G3: Calib. | J3: Data Fail | L3: Data F | N3: Invalid | P3: Invalid
A4: Time Base: | B4: 15 Min | C4: Zero Referrence | G4: Z.Ref | J4: Warm Up | L4: Wm. Up
A7: Date & Time | B7: NO | C7: NO2 | D7: NOX | E7: SO2 | F7: O3 | G7: PM 10 | H7: PM 2.5 | I7: BENZ | J7: WS | K7: WD | L7: TEMP | M7: HUM | N7: SR | O7: RG | P7: CO | Q7: NH3
B8: ug/m3 | C8: ug/m3 | D8: ppb | E8: ug/m3 | F8: ug/m3 | G8: ug/m3 | H8: ug/m3 | I8: ug/m3 | J8: m/sec | K8: deg | L8: degreC | M8: % | N8: w/m2 | O8: mm | P8: mg/m3 | Q8: ug/m3
A9: 20/02/2025 00:15 | B9: 9.46 | C9: 25.03 | D9: 22.01 | E9: 8.43 | F9: Invalid | G9: 118.63 | H9: 35.91 | I9: 11.91 | J9: 0.14 | K9: 148.9 | L9: 22.25 | M9: 69.67 | N9: 1.2 | O9: 0 | P9: 0.98 | Q9: 12.97
A10: 20/02/2025 00:30 | B10: 9.57 | C10: 24.53 | D10: 21.84 | E10: 8.52 | F10: Invalid | G10: 117.03 | H10: 35.21 | I10: 11.94 | J10: 0.19 | K10: 156.61 | L10: 22.33 | M10: 68.63 | N10: 1.2 | O10: 0 | P10: 0.99 | Q10: 12.99
A11: 20/02/2025 00:45 | B11: 9.73 | C11: 24.48 | D11: 21.94 | E11: 8.66 | F11: Invalid | G11: 116.45 | H11: 35.2 | I11: 12 | J11: 0.16 | K11: 177.44 | L11: 22.43 | M11: 65.16 | N11: 1.1 | O11: 0 | P11: 0.99 | Q11: 13.01
A12: 20/02/2025 01:00 | B12: 9.83 | C12: 24.28 | D12: 21.92 | E12: 8.38 | F12: Invalid | G12: 116.45 | H12: 35.2 | I12: 12.06 | J12: 0.14 | K12: 198.8 | L12: 22.22 | M12: 67.61 | N12: 1.4 | O12: 0 | P12: 0.98 | Q12: 13.02
A13: 20/02/2025 01:15 | B13: 9.83 | C13: 24.16 | D13: 21.86 | E13: 8.36 | F13: Invalid | G13: 116.45 | H13: 35.2 | I13: 12.05 | J13: 0.18 | K13: 194.02 | L13: 22.02 | M13: 71.13 | N13: 1.4 | O13: 0 | P13: 0.98 | Q13: 13.01
A14: 20/02/2025 01:30 | B14: 9.93 | C14: 24.08 | D14: 21.89 | E14: 8.31 | F14: Invalid | G14: 108.84 | H14: 33.4 | I14: 12.03 | J14: 0.13 | K14: 176.25 | L14: 21.83 | M14: 71.94 | N14: 1.5 | O14: 0 | P14: 0.99 | Q14: 12.99
A15: 20/02/2025 01:45 | B15: 10.24 | C15: 24.14 | D15: 22.17 | E15: 8.73 | F15: Invalid | G15: 106.07 | H15: 33.38 | I15: 12 | J15: 0.19 | K15: 157.25 | L15: 22.07 | M15: 69.38 | N15: 1.4 | O15: 0 | P15: 0.99 | Q15: 13
A16: 20/02/2025 02:00 | B16: 10.71 | C16: 24.17 | D16: 22.56 | E16: 8.74 | F16: Invalid | G16: 106.07 | H16: 33.38 | I16: 11.97 | J16: 0.17 | K16: 193.57 | L16: 22.04 | M16: 71.17 | N16: 1.6 | O16: 0 | P16: 0.97 | Q16: 13.01
A17: 20/02/2025 02:15 | B17: 10.71 | C17: 23.77 | D17: 22.36 | E17: 9.02 | F17: Invalid | G17: 106.07 | H17: 33.38 | I17: 11.95 | J17: 0.08 | K17: 191.87 | L17: 22 | M17: 69.52 | N17: 1.4 | O17: 0 | P17: 0.92 | Q17: 13.02
A18: 20/02/2025 02:30 | B18: 10.83 | C18: 24.08 | D18: 22.62 | E18: 11.07 | F18: Invalid | G18: 104.1 | H18: 33.6 | I18: 11.87 | J18: 0.32 | K18: 49.99 | L18: 22.24 | M18: 65.19 | N18: 0.9 | O18: 0 | P18: 0.91 | Q18: 13.03
A19: 20/02/2025 02:45 | B19: 11.56 | C19: 25.1 | D19: 23.73 | E19: 11.45 | F19: Invalid | G19: 103.38 | H19: 33.61 | I19: 11.78 | J19: 0.26 | K19: 33.69 | L19: 22.75 | M19: 61.48 | N19: 0.8 | O19: 0 | P19: 0.9 | Q19: 13.02
A20: 20/02/2025 03:00 | B20: 12.15 | C20: 25.99 | D20: 24.68 | E20: 11.95 | F20: Invalid | G20: 103.38 | H20: 33.61 | I20: 11.73 | J20: 0.25 | K20: 42.75 | L20: 22.76 | M20: 62.05 | N20: 1.2 | O20: 0 | P20: 0.9 | Q20: 13.01
... A104: 20/02/2025 24:00 | B104: 9.4 | C104: 24.3 | D104: 21.58 | E104: 11.29 | F104: Invalid | G104: 89.53 | H104: 26.38 | I104: 11.38 | J104: 0.82 | K104: 56.85 | L104: 23.94 | M104: 53 | N104: 0.1 | O104: 0 | P104: 0.89 | Q104: 12.97
A106: Min | B106: =MIN(B9:B104) -> 3.71 | C106: =MIN(C9:C104) -> 22.72 | D106: =MIN(D9:D104) -> 17.67 | E106: =MIN(E9:E104) -> 8.31 | F106: =MIN(F9:F104) -> 0 | G106: =MIN(G9:G104) -> 47.34 | H106: =MIN(H9:H104) -> 20.86 | I106: =MIN(I9:I104) -> 8.27 | ... Q106: =MIN(Q9:Q104) -> 12.93
A107: Max | B107: =MAX(B9:B104) -> 14.91 | C107: =MAX(C9:C104) -> 28.27 | D107: =MAX(D9:D104) -> 27.23 | E107: =MAX(E9:E104) -> 25.82 | F107: =MAX(F9:F104) -> 0 | G107: =MAX(G9:G104) -> 273.98 | H107: =MAX(H9:H104) -> 149.81 | I107: =MAX(I9:I104) -> 18.56 | ... Q107: =MAX(Q9:Q104) -> 13.03
A108: Avg | B108: =AVERAGE(B9:B104) -> 8.7286458 | C108: =AVERAGE(C9:C104) -> 25.760729 | D108: =AVERAGE(D9:D104) -> 21.809375 | E108: =AVERAGE(E9:E104) -> 12.719792 | F108: =AVERAGE(F9:F104) -> #DIV/0! | G108: =AVERAGE(G9:G104) -> 102.6351 | H108: =AVERAGE(H9:H104) -> 42.294583 | I108: =AVERAGE(I9:I104) -> 12.712604 | ... Q108: =AVERAGE(Q9:Q104) -> 12.982292
A109: Stdev | B109: =STDEV(B9:B104) -> 3.8906253 | C109: =STDEV(C9:C104) -> 1.4998149 | D109: =STDEV(D9:D104) -> 3.280154 | E109: =STDEV(E9:E104) -> 3.5370618 | F109: =STDEV(F9:F104) -> #DIV/0! | G109: =STDEV(G9:G104) -> 37.239436 | H109: =STDEV(H9:H104) -> 24.25969 | I109: =STDEV(I9:I104) -> 2.2765552 | ... Q109: =STDEV(Q9:Q104) -> 0.026654877
A110: Num | B110: =COUNT(B9:B104) -> 96 | C110: =COUNT(C9:C104) -> 96 | D110: =COUNT(D9:D104) -> 96 | E110: =COUNT(E9:E104) -> 96 | F110: =COUNT(F9:F104) -> 0 | G110: =COUNT(G9:G104) -> 96 | H110: =COUNT(H9:H104) -> 96 | I110: =COUNT(I9:I104) -> 96 | ... Q110: =COUNT(Q9:Q104) -> 96
A111: DCR | B111: =IF(B110>=87,">90%",IF(B110<=87,"<90%")) -> >90% | C111: =IF(C110>=87,">90%",IF(C110<=87,"<90%")) -> >90% | D111: =IF(D110>=87,">90%",IF(D110<=87,"<90%")) -> >90% | E111: =IF(E110>=87,">90%",IF(E110<=87,"<90%")) -> >90% | F111: =IF(F110>=87,">90%",IF(F110<=87,"<90%")) -> <90% | G111: =IF(G110>=87,">90%",IF(G110<=87,"<90%")) -> >90% | H111: =IF(H110>=87,">90%",IF(H110<=87,"<90%")) -> >90% | I111: =IF(I110>=87,">90%",IF(I110<=87,"<90%")) -> >90% | ... Q111: =IF(Q110>=87,">90%",IF(Q110<=87,"<90%")) -> >90%
A112: Status | B112: =IF(B110>=87,"OK",IF(B110<=87,"LESS")) -> OK | C112: =IF(C110>=87,"OK",IF(C110<=87,"LESS")) -> OK | D112: =IF(D110>=87,"OK",IF(D110<=87,"LESS")) -> OK | E112: =IF(E110>=87,"OK",IF(E110<=87,"LESS")) -> OK | F112: =IF(F110>=87,"OK",IF(F110<=87,"LESS")) -> LESS | G112: =IF(G110>=87,"OK",IF(G110<=87,"LESS")) -> OK | H112: =IF(H110>=87,"OK",IF(H110<=87,"LESS")) -> OK | I112: =IF(I110>=87,"OK",IF(I110<=87,"LESS")) -> OK | ... Q112: =IF(Q110>=87,"OK",IF(Q110<=87,"LESS")) -> OK
A115: Done by | B115: AKASH
A117: Comment

Sheet 21
A1: Station: | B1: IGKV RAIPUR
A2: Date: | B2: =$A$9 -> 21/02/2025 00:15 | C2: Power Off | G2: Pw.Off | J2: Link Fail | L2: Link F | N2: Maintenance | P2: Maint.
A3: Report Type: | B3: Mean | C3: Calibration | G3: Calib. | J3: Data Fail | L3: Data F | N3: Invalid | P3: Invalid
A4: Time Base: | B4: 15 Min | C4: Zero Referrence | G4: Z.Ref | J4: Warm Up | L4: Wm. Up
A7: Date & Time | B7: NO | C7: NO2 | D7: NOX | E7: SO2 | F7: O3 | G7: PM 10 | H7: PM 2.5 | I7: BENZ | J7: WS | K7: WD | L7: TEMP | M7: HUM | N7: SR | O7: RG | P7: CO | Q7: NH3
B8: ug/m3 | C8: ug/m3 | D8: ppb | E8: ug/m3 | F8: ug/m3 | G8: ug/m3 | H8: ug/m3 | I8: ug/m3 | J8: m/sec | K8: deg | L8: degreC | M8: % | N8: w/m2 | O8: mm | P8: mg/m3 | Q8: ug/m3
A9: 21/02/2025 00:15 | B9: 10.16 | C9: 25.67 | D9: 22.91 | E9: 11.28 | F9: Invalid | G9: 89.53 | H9: 26.38 | I9: 11.52 | J9: 0.09 | K9: 94.97 | L9: 23.86 | M9: 54.71 | N9: 1.2 | O9: 0 | P9: 0.9 | Q9: 12.96
A10: 21/02/2025 00:30 | B10: 10.42 | C10: 26.32 | D10: 23.46 | E10: 11.03 | F10: Invalid | G10: 102.25 | H10: 35.3 | I10: 11.72 | J10: 0.08 | K10: 133.61 | L10: 22.84 | M10: 60.18 | N10: 1.8 | O10: 0 | P10: 0.91 | Q10: 12.98
A11: 21/02/2025 00:45 | B11: 11.09 | C11: 27.03 | D11: 24.36 | E11: 10.84 | F11: Invalid | G11: 106.88 | H11: 35.44 | I11: 11.85 | J11: 0.33 | K11: 83.5 | L11: 23.2 | M11: 56.69 | N11: 0.8 | O11: 0 | P11: 0.92 | Q11: 12.97
A12: 21/02/2025 01:00 | B12: 12.16 | C12: 27.86 | D12: 25.66 | E12: 11.05 | F12: Invalid | G12: 106.88 | H12: 35.44 | I12: 11.96 | J12: 0.28 | K12: 184.61 | L12: 22.45 | M12: 63.58 | N12: 1.9 | O12: 0 | P12: 0.93 | Q12: 12.99
A13: 21/02/2025 01:15 | B13: 12.48 | C13: 28.21 | D13: 26.1 | E13: 11.18 | F13: Invalid | G13: 106.88 | H13: 35.44 | I13: 12.17 | J13: 0.21 | K13: 163.54 | L13: 21.67 | M13: 66.46 | N13: 1.5 | O13: 0 | P13: 0.94 | Q13: 12.99
A14: 21/02/2025 01:30 | B14: 12.38 | C14: 28.19 | D14: 26.01 | E14: 11.18 | F14: Invalid | G14: 113.17 | H14: 35.28 | I14: 12.37 | J14: 0.15 | K14: 226.79 | L14: 21.29 | M14: 68.55 | N14: 1.4 | O14: 0 | P14: 0.95 | Q14: 12.99
A15: 21/02/2025 01:45 | B15: 12.67 | C15: 28.13 | D15: 26.21 | E15: 10.84 | F15: Invalid | G15: 115.46 | H15: 35.28 | I15: 12.47 | J15: 0.07 | K15: 142.25 | L15: 21.34 | M15: 66.62 | N15: 1.1 | O15: 0 | P15: 0.96 | Q15: 12.99
A16: 21/02/2025 02:00 | B16: 13.21 | C16: 28.24 | D16: 26.7 | E16: 10.75 | F16: Invalid | G16: 115.46 | H16: 35.28 | I16: 12.56 | J16: 0.26 | K16: 198.74 | L16: 21.43 | M16: 67.83 | N16: 1.1 | O16: 0 | P16: 0.97 | Q16: 13
A17: 21/02/2025 02:15 | B17: 13.44 | C17: 28.33 | D17: 26.93 | E17: 9.1 | F17: Invalid | G17: 115.46 | H17: 35.28 | I17: 12.65 | J17: 0.08 | K17: 218.1 | L17: 21.06 | M17: 68.53 | N17: 1.3 | O17: 0 | P17: 0.98 | Q17: 13
A18: 21/02/2025 02:30 | B18: 13.89 | C18: 28.62 | D18: 27.44 | E18: 10.65 | F18: Invalid | G18: 108.31 | H18: 35.42 | I18: 12.74 | J18: 0.21 | K18: 103.22 | L18: 21.52 | M18: 66.16 | N18: 0.8 | O18: 0 | P18: 0.99 | Q18: 13
A19: 21/02/2025 02:45 | B19: 14.82 | C19: 28.84 | D19: 28.3 | E19: 11.03 | F19: Invalid | G19: 105.72 | H19: 35.42 | I19: 12.81 | J19: 0.01 | K19: 349.69 | L19: 21.15 | M19: 70.05 | N19: 1.4 | O19: 0 | P19: 1 | Q19: 13
A20: 21/02/2025 03:00 | B20: 15.34 | C20: 29.46 | D20: 29.05 | E20: 11.34 | F20: Invalid | G20: 105.72 | H20: 35.42 | I20: 12.88 | J20: 0.49 | K20: 63.8 | L20: 21.83 | M20: 65.39 | N20: 0.4 | O20: 0 | P20: 1.04 | Q20: 12.99
... A104: 21/02/2025 24:00 | B104: 24.66 | C104: 26.62 | D104: 35.04 | E104: 9.29 | F104: Invalid | G104: 107.32 | H104: 29.45 | I104: 12.39 | J104: 0.19 | K104: 203.37 | L104: 20.58 | M104: 66.76 | N104: 0.9 | O104: 0 | P104: 0.93 | Q104: 13
A106: Min | B106: =MIN(B9:B104) -> 4.03 | C106: =MIN(C9:C104) -> 22.27 | D106: =MIN(D9:D104) -> 16.8 | E106: =MIN(E9:E104) -> 8.03 | F106: =MIN(F9:F104) -> 0 | G106: =MIN(G9:G104) -> 45.71 | H106: =MIN(H9:H104) -> 22.1 | I106: =MIN(I9:I104) -> 6.78 | ... Q106: =MIN(Q9:Q104) -> 12.9
A107: Max | B107: =MAX(B9:B104) -> 24.66 | C107: =MAX(C9:C104) -> 29.46 | D107: =MAX(D9:D104) -> 35.12 | E107: =MAX(E9:E104) -> 24.56 | F107: =MAX(F9:F104) -> 0 | G107: =MAX(G9:G104) -> 115.46 | H107: =MAX(H9:H104) -> 50.92 | I107: =MAX(I9:I104) -> 12.93 | ... Q107: =MAX(Q9:Q104) -> 13
A108: Avg | B108: =AVERAGE(B9:B104) -> 10.409479 | C108: =AVERAGE(C9:C104) -> 26.135208 | D108: =AVERAGE(D9:D104) -> 23.35375 | E108: =AVERAGE(E9:E104) -> 11.507917 | F108: =AVERAGE(F9:F104) -> #DIV/0! | G108: =AVERAGE(G9:G104) -> 82.487604 | H108: =AVERAGE(H9:H104) -> 33.683958 | I108: =AVERAGE(I9:I104) -> 10.210833 | ... Q108: =AVERAGE(Q9:Q104) -> 12.954896
A109: Stdev | B109: =STDEV(B9:B104) -> 5.484585 | C109: =STDEV(C9:C104) -> 1.9081029 | D109: =STDEV(D9:D104) -> 5.016769 | E109: =STDEV(E9:E104) -> 2.9420161 | F109: =STDEV(F9:F104) -> #DIV/0! | G109: =STDEV(G9:G104) -> 19.232299 | H109: =STDEV(H9:H104) -> 6.3572969 | I109: =STDEV(I9:I104) -> 2.0148332 | ... Q109: =STDEV(Q9:Q104) -> 0.031986668
A110: Num | B110: =COUNT(B9:B104) -> 96 | C110: =COUNT(C9:C104) -> 96 | D110: =COUNT(D9:D104) -> 96 | E110: =COUNT(E9:E104) -> 96 | F110: =COUNT(F9:F104) -> 0 | G110: =COUNT(G9:G104) -> 96 | H110: =COUNT(H9:H104) -> 96 | I110: =COUNT(I9:I104) -> 96 | ... Q110: =COUNT(Q9:Q104) -> 96
A111: DCR | B111: =IF(B110>=87,">90%",IF(B110<=87,"<90%")) -> >90% | C111: =IF(C110>=87,">90%",IF(C110<=87,"<90%")) -> >90% | D111: =IF(D110>=87,">90%",IF(D110<=87,"<90%")) -> >90% | E111: =IF(E110>=87,">90%",IF(E110<=87,"<90%")) -> >90% | F111: =IF(F110>=87,">90%",IF(F110<=87,"<90%")) -> <90% | G111: =IF(G110>=87,">90%",IF(G110<=87,"<90%")) -> >90% | H111: =IF(H110>=87,">90%",IF(H110<=87,"<90%")) -> >90% | I111: =IF(I110>=87,">90%",IF(I110<=87,"<90%")) -> >90% | ... Q111: =IF(Q110>=87,">90%",IF(Q110<=87,"<90%")) -> >90%
A112: Status | B112: =IF(B110>=87,"OK",IF(B110<=87,"LESS")) -> OK | C112: =IF(C110>=87,"OK",IF(C110<=87,"LESS")) -> OK | D112: =IF(D110>=87,"OK",IF(D110<=87,"LESS")) -> OK | E112: =IF(E110>=87,"OK",IF(E110<=87,"LESS")) -> OK | F112: =IF(F110>=87,"OK",IF(F110<=87,"LESS")) -> LESS | G112: =IF(G110>=87,"OK",IF(G110<=87,"LESS")) -> OK | H112: =IF(H110>=87,"OK",IF(H110<=87,"LESS")) -> OK | I112: =IF(I110>=87,"OK",IF(I110<=87,"LESS")) -> OK | ... Q112: =IF(Q110>=87,"OK",IF(Q110<=87,"LESS")) -> OK
A115: Done by | B115: AKASH
A117: Comment

Sheet 22
A1: Station: | B1: IGKV RAIPUR
A2: Date: | B2: =$A$9 -> 22/02/2025 00:15 | C2: Power Off | G2: Pw.Off | J2: Link Fail | L2: Link F | N2: Maintenance | P2: Maint.
A3: Report Type: | B3: Mean | C3: Calibration | G3: Calib. | J3: Data Fail | L3: Data F | N3: Invalid | P3: Invalid
A4: Time Base: | B4: 15 Min | C4: Zero Referrence | G4: Z.Ref | J4: Warm Up | L4: Wm. Up
A7: Date & Time | B7: NO | C7: NO2 | D7: NOX | E7: SO2 | F7: O3 | G7: PM 10 | H7: PM 2.5 | I7: BENZ | J7: WS | K7: WD | L7: TEMP | M7: HUM | N7: SR | O7: RG | P7: CO | Q7: NH3
B8: ug/m3 | C8: ug/m3 | D8: ppb | E8: ug/m3 | F8: ug/m3 | G8: ug/m3 | H8: ug/m3 | I8: ug/m3 | J8: m/sec | K8: deg | L8: degreC | M8: % | N8: w/m2 | O8: mm | P8: mg/m3 | Q8: ug/m3
A9: 22/02/2025 00:15 | B9: 24.63 | C9: 26.21 | D9: 34.8 | E9: 9.57 | F9: Invalid | G9: 107.32 | H9: 29.45 | I9: 12.46 | J9: 0.15 | K9: 163.76 | L9: 20.67 | M9: 64.15 | N9: 0.9 | O9: 0 | P9: 0.94 | Q9: 13
A10: 22/02/2025 00:30 | B10: 24.41 | C10: 26.01 | D10: 34.51 | E10: 9.68 | F10: Invalid | G10: 102.06 | H10: 25.56 | I10: 12.52 | J10: 0.16 | K10: 153.65 | L10: 20.57 | M10: 66.51 | N10: 0.9 | O10: 0 | P10: 0.95 | Q10: 12.98
A11: 22/02/2025 00:45 | B11: 24.07 | C11: 25.68 | D11: 34.07 | E11: 9.45 | F11: Invalid | G11: 100.15 | H11: 25.5 | I11: 12.59 | J11: 0.12 | K11: 178.72 | L11: 20.09 | M11: 64.72 | N11: 1 | O11: 0 | P11: 0.96 | Q11: 12.97
A12: 22/02/2025 01:00 | B12: 23.78 | C12: 25.42 | D12: 33.71 | E12: 9.28 | F12: Invalid | G12: 100.15 | H12: 25.5 | I12: 12.67 | J12: 0.14 | K12: 221.3 | L12: 20.11 | M12: 63.11 | N12: 0.9 | O12: 0 | P12: 0.97 | Q12: 12.98
A13: 22/02/2025 01:15 | B13: 23.43 | C13: 25.33 | D13: 33.37 | E13: 9.2 | F13: Invalid | G13: 100.15 | H13: 25.5 | I13: 12.78 | J13: 0.3 | K13: 183.07 | L13: 20.07 | M13: 65.12 | N13: 1 | O13: 0 | P13: 0.97 | Q13: 12.98
A14: 22/02/2025 01:30 | B14: 23.13 | C14: 25.37 | D14: 33.16 | E14: 8.9 | F14: Invalid | G14: 96.03 | H14: 24.11 | I14: 12.87 | J14: 0.14 | K14: 185.81 | L14: 19.77 | M14: 64.25 | N14: 1.1 | O14: 0 | P14: 0.98 | Q14: 12.99
A15: 22/02/2025 01:45 | B15: 22.89 | C15: 25.44 | D15: 33 | E15: 9.05 | F15: Invalid | G15: 94.54 | H15: 24.09 | I15: 12.9 | J15: 0.15 | K15: 165.48 | L15: 20.12 | M15: 61.02 | N15: 0.8 | O15: 0 | P15: 0.98 | Q15: 12.98
A16: 22/02/2025 02:00 | B16: 22.55 | C16: 25.22 | D16: 32.62 | E16: 9.16 | F16: Invalid | G16: 94.54 | H16: 24.09 | I16: 12.9 | J16: 0.13 | K16: 168.77 | L16: 19.86 | M16: 67.68 | N16: 1.2 | O16: 0 | P16: 1 | Q16: 12.98
A17: 22/02/2025 02:15 | B17: 22.3 | C17: 25.02 | D17: 32.3 | E17: 9.41 | F17: Invalid | G17: 94.54 | H17: 24.09 | I17: 12.94 | J17: 0.17 | K17: 183.32 | L17: 19.72 | M17: 66.17 | N17: 1 | O17: 0 | P17: 0.99 | Q17: 12.97
A18: 22/02/2025 02:30 | B18: 22.07 | C18: 24.68 | D18: 31.94 | E18: 11 | F18: Invalid | G18: 88 | H18: 24.42 | I18: 13.02 | J18: 0.2 | K18: 171.98 | L18: 19.25 | M18: 71.85 | N18: 1.2 | O18: 0 | P18: 1 | Q18: 12.98
A19: 22/02/2025 02:45 | B19: 21.66 | C19: 24.44 | D19: 31.49 | E19: 10.9 | F19: Invalid | G19: 85.63 | H19: 24.42 | I19: 13.1 | J19: 0.2 | K19: 195.87 | L19: 18.84 | M19: 73.15 | N19: 1.4 | O19: 0 | P19: 1 | Q19: 12.97
A20: 22/02/2025 03:00 | B20: 21.28 | C20: 24.32 | D20: 31.12 | E20: 11.09 | F20: Invalid | G20: 85.63 | H20: 24.42 | I20: 13.16 | J20: 0.16 | K20: 181.22 | L20: 18.68 | M20: 71.92 | N20: 1.1 | O20: 0 | P20: 1 | Q20: 12.96
... A104: 22/02/2025 24:00 | B104: 16.49 | C104: 23.98 | D104: 27.1 | E104: 10.17 | F104: Invalid | G104: 83 | H104: 26.23 | I104: 9.33 | J104: 0.14 | K104: 18.06 | L104: 23.11 | M104: 48.77 | N104: 1.2 | O104: 0 | P104: 0.73 | Q104: 12.97
A106: Min | B106: =MIN(B9:B104) -> 4.23 | C106: =MIN(C9:C104) -> 20.6 | D106: =MIN(D9:D104) -> 15.62 | E106: =MIN(E9:E104) -> 8.42 | F106: =MIN(F9:F104) -> 0 | G106: =MIN(G9:G104) -> 37 | H106: =MIN(H9:H104) -> 17.07 | I106: =MIN(I9:I104) -> 6.03 | ... Q106: =MIN(Q9:Q104) -> 12.89
A107: Max | B107: =MAX(B9:B104) -> 24.63 | C107: =MAX(C9:C104) -> 26.21 | D107: =MAX(D9:D104) -> 34.8 | E107: =MAX(E9:E104) -> 16.3 | F107: =MAX(F9:F104) -> 0 | G107: =MAX(G9:G104) -> 107.32 | H107: =MAX(H9:H104) -> 37.81 | I107: =MAX(I9:I104) -> 14.03 | ... Q107: =MAX(Q9:Q104) -> 13
A108: Avg | B108: =AVERAGE(B9:B104) -> 12.644583 | C108: =AVERAGE(C9:C104) -> 23.047292 | D108: =AVERAGE(D9:D104) -> 23.531979 | E108: =AVERAGE(E9:E104) -> 10.53125 | F108: =AVERAGE(F9:F104) -> #DIV/0! | G108: =AVERAGE(G9:G104) -> 67.493958 | H108: =AVERAGE(H9:H104) -> 25.801979 | I108: =AVERAGE(I9:I104) -> 10.952813 | ... Q108: =AVERAGE(Q9:Q104) -> 12.931354
A109: Stdev | B109: =STDEV(B9:B104) -> 6.680911 | C109: =STDEV(C9:C104) -> 1.4301575 | D109: =STDEV(D9:D104) -> 5.7501723 | E109: =STDEV(E9:E104) -> 1.4995994 | F109: =STDEV(F9:F104) -> #DIV/0! | G109: =STDEV(G9:G104) -> 17.407043 | H109: =STDEV(H9:H104) -> 5.1890629 | I109: =STDEV(I9:I104) -> 2.6580439 | ... Q109: =STDEV(Q9:Q104) -> 0.029792962
A110: Num | B110: =COUNT(B9:B104) -> 96 | C110: =COUNT(C9:C104) -> 96 | D110: =COUNT(D9:D104) -> 96 | E110: =COUNT(E9:E104) -> 96 | F110: =COUNT(F9:F104) -> 0 | G110: =COUNT(G9:G104) -> 96 | H110: =COUNT(H9:H104) -> 96 | I110: =COUNT(I9:I104) -> 96 | ... Q110: =COUNT(Q9:Q104) -> 96
A111: DCR | B111: =IF(B110>=87,">90%",IF(B110<=87,"<90%")) -> >90% | C111: =IF(C110>=87,">90%",IF(C110<=87,"<90%")) -> >90% | D111: =IF(D110>=87,">90%",IF(D110<=87,"<90%")) -> >90% | E111: =IF(E110>=87,">90%",IF(E110<=87,"<90%")) -> >90% | F111: =IF(F110>=87,">90%",IF(F110<=87,"<90%")) -> <90% | G111: =IF(G110>=87,">90%",IF(G110<=87,"<90%")) -> >90% | H111: =IF(H110>=87,">90%",IF(H110<=87,"<90%")) -> >90% | I111: =IF(I110>=87,">90%",IF(I110<=87,"<90%")) -> >90% | ... Q111: =IF(Q110>=87,">90%",IF(Q110<=87,"<90%")) -> >90%
A112: Status | B112: =IF(B110>=87,"OK",IF(B110<=87,"LESS")) -> OK | C112: =IF(C110>=87,"OK",IF(C110<=87,"LESS")) -> OK | D112: =IF(D110>=87,"OK",IF(D110<=87,"LESS")) -> OK | E112: =IF(E110>=87,"OK",IF(E110<=87,"LESS")) -> OK | F112: =IF(F110>=87,"OK",IF(F110<=87,"LESS")) -> LESS | G112: =IF(G110>=87,"OK",IF(G110<=87,"LESS")) -> OK | H112: =IF(H110>=87,"OK",IF(H110<=87,"LESS")) -> OK | I112: =IF(I110>=87,"OK",IF(I110<=87,"LESS")) -> OK | ... Q112: =IF(Q110>=87,"OK",IF(Q110<=87,"LESS")) -> OK
A115: Done by | B115: AKASH
A117: Comment

Sheet 23
A1: Station: | B1: IGKV RAIPUR
A2: Date: | B2: =$A$9 -> 23/02/2025 00:15 | C2: Power Off | G2: Pw.Off | J2: Link Fail | L2: Link F | N2: Maintenance | P2: Maint.
A3: Report Type: | B3: Mean | C3: Calibration | G3: Calib. | J3: Data Fail | L3: Data F | N3: Invalid | P3: Invalid
A4: Time Base: | B4: 15 Min | C4: Zero Referrence | G4: Z.Ref | J4: Warm Up | L4: Wm. Up
A7: Date & Time | B7: NO | C7: NO2 | D7: NOX | E7: SO2 | F7: O3 | G7: PM 10 | H7: PM 2.5 | I7: BENZ | J7: WS | K7: WD | L7: TEMP | M7: HUM | N7: SR | O7: RG | P7: CO | Q7: NH3
B8: ug/m3 | C8: ug/m3 | D8: ppb | E8: ug/m3 | F8: ug/m3 | G8: ug/m3 | H8: ug/m3 | I8: ug/m3 | J8: m/sec | K8: deg | L8: degreC | M8: % | N8: w/m2 | O8: mm | P8: mg/m3 | Q8: ug/m3
A9: 23/02/2025 00:15 | B9: 16.62 | C9: 24.1 | D9: 27.27 | E9: 10.29 | F9: Invalid | G9: 83 | H9: 26.23 | I9: 9.27 | J9: 0.17 | K9: 268.1 | L9: 22.59 | M9: 49.78 | N9: 1.1 | O9: 0 | P9: 0.73 | Q9: 12.96
A10: 23/02/2025 00:30 | B10: 16.85 | C10: 24.31 | D10: 27.56 | E10: 10.56 | F10: Invalid | G10: 81.49 | H10: 24.04 | I10: 9.24 | J10: 0.15 | K10: 201.14 | L10: 22.36 | M10: 50.9 | N10: 1.1 | O10: 0 | P10: 0.74 | Q10: 12.96
A11: 23/02/2025 00:45 | B11: 16.91 | C11: 24.57 | D11: 27.75 | E11: 10.53 | F11: Invalid | G11: 80.94 | H11: 24 | I11: 9.19 | J11: 0.24 | K11: 181.22 | L11: 21.89 | M11: 56.52 | N11: 1.4 | O11: 0 | P11: 0.74 | Q11: 12.95
A12: 23/02/2025 01:00 | B12: 16.84 | C12: 24.55 | D12: 27.68 | E12: 10.06 | F12: Invalid | G12: 80.94 | H12: 24 | I12: 9.18 | J12: 0.24 | K12: 163.07 | L12: 21.11 | M12: 59.58 | N12: 1.3 | O12: 0 | P12: 0.74 | Q12: 12.96
A13: 23/02/2025 01:15 | B13: 16.94 | C13: 24.49 | D13: 27.73 | E13: 9.99 | F13: Invalid | G13: 80.94 | H13: 24 | I13: 9.17 | J13: 0.17 | K13: 217.9 | L13: 21.19 | M13: 56.19 | N13: 0.8 | O13: 0 | P13: 0.75 | Q13: 12.96
A14: 23/02/2025 01:30 | B14: 17.15 | C14: 24.63 | D14: 27.97 | E14: 10.57 | F14: Invalid | G14: 82.75 | H14: 23.67 | I14: 9.16 | J14: 0.13 | K14: 137.99 | L14: 21.22 | M14: 56.04 | N14: 0.8 | O14: 0 | P14: 0.75 | Q14: 12.97
A15: 23/02/2025 01:45 | B15: 17.27 | C15: 24.63 | D15: 28.07 | E15: 10.48 | F15: Invalid | G15: 83.41 | H15: 23.67 | I15: 9.2 | J15: 0.04 | K15: 165.27 | L15: 21.45 | M15: 54.06 | N15: 0.7 | O15: 0 | P15: 0.76 | Q15: 12.95
A16: 23/02/2025 02:00 | B16: 17.18 | C16: 24.57 | D16: 27.97 | E16: 9.93 | F16: Invalid | G16: 83.41 | H16: 23.67 | I16: 9.23 | J16: 0.06 | K16: 189.16 | L16: 21.55 | M16: 51.61 | N16: 0.8 | O16: 0 | P16: 0.75 | Q16: 12.94
A17: 23/02/2025 02:15 | B17: 16.97 | C17: 24.44 | D17: 27.73 | E17: 7.28 | F17: Invalid | G17: 83.41 | H17: 23.67 | I17: 9.27 | J17: 0.37 | K17: 58.84 | L17: 21.53 | M17: 50.24 | N17: 0.6 | O17: 0 | P17: 0.74 | Q17: 12.94
A18: 23/02/2025 02:30 | B18: 17.11 | C18: 24.4 | D18: 27.82 | E18: 8.57 | F18: Invalid | G18: 81.71 | H18: 24.01 | I18: 9.27 | J18: 0.34 | K18: 43.74 | L18: 21.73 | M18: 48.24 | N18: 0.7 | O18: 0 | P18: 0.74 | Q18: 12.96
A19: 23/02/2025 02:45 | B19: 17.15 | C19: 24.6 | D19: 27.96 | E19: 9.49 | F19: Invalid | G19: 81.1 | H19: 24.02 | I19: 9.24 | J19: 0.45 | K19: 46.22 | L19: 21.76 | M19: 46.92 | N19: 0.8 | O19: 0 | P19: 0.74 | Q19: 12.96
A20: 23/02/2025 03:00 | B20: 17.11 | C20: 24.61 | D20: 27.93 | E20: 9.12 | F20: Invalid | G20: 81.1 | H20: 24.02 | I20: 9.26 | J20: 0.37 | K20: 38.62 | L20: 21.39 | M20: 49.05 | N20: 1.1 | O20: 0 | P20: 0.73 | Q20: 12.97
... A104: 23/02/2025 24:00 | B104: 14.69 | C104: 22.28 | D104: 24.77 | E104: 12.41 | F104: Invalid | G104: 62.74 | H104: 17.31 | I104: 11.28 | J104: 0.11 | K104: 203.66 | L104: 20.24 | M104: 47.41 | N104: 0.6 | O104: 0 | P104: 0.69 | Q104: 12.92
A106: Min | B106: =MIN(B9:B104) -> 4.71 | C106: =MIN(C9:C104) -> 18.99 | D106: =MIN(D9:D104) -> 15.89 | E106: =MIN(E9:E104) -> 7.28 | F106: =MIN(F9:F104) -> 0 | G106: =MIN(G9:G104) -> 31.35 | H106: =MIN(H9:H104) -> 5.58 | I106: =MIN(I9:I104) -> 4.62 | ... Q106: =MIN(Q9:Q104) -> 12.87
A107: Max | B107: =MAX(B9:B104) -> 17.27 | C107: =MAX(C9:C104) -> 30.6 | D107: =MAX(D9:D104) -> 28.73 | E107: =MAX(E9:E104) -> 13.33 | F107: =MAX(F9:F104) -> 0 | G107: =MAX(G9:G104) -> 84.38 | H107: =MAX(H9:H104) -> 103.62 | I107: =MAX(I9:I104) -> 11.28 | ... Q107: =MAX(Q9:Q104) -> 12.97
A108: Avg | B108: =AVERAGE(B9:B104) -> 11.27 | C108: =AVERAGE(C9:C104) -> 24.013542 | D108: =AVERAGE(D9:D104) -> 22.935417 | E108: =AVERAGE(E9:E104) -> 10.195833 | F108: =AVERAGE(F9:F104) -> #DIV/0! | G108: =AVERAGE(G9:G104) -> 61.357396 | H108: =AVERAGE(H9:H104) -> 37.095625 | I108: =AVERAGE(I9:I104) -> 7.5689583 | ... Q108: =AVERAGE(Q9:Q104) -> 12.928021
A109: Stdev | B109: =STDEV(B9:B104) -> 4.4000266 | C109: =STDEV(C9:C104) -> 3.4348925 | D109: =STDEV(D9:D104) -> 4.5909084 | E109: =STDEV(E9:E104) -> 1.8067276 | F109: =STDEV(F9:F104) -> #DIV/0! | G109: =STDEV(G9:G104) -> 15.799657 | H109: =STDEV(H9:H104) -> 24.755726 | I109: =STDEV(I9:I104) -> 1.9344889 | ... Q109: =STDEV(Q9:Q104) -> 0.025489721
A110: Num | B110: =COUNT(B9:B104) -> 96 | C110: =COUNT(C9:C104) -> 96 | D110: =COUNT(D9:D104) -> 96 | E110: =COUNT(E9:E104) -> 96 | F110: =COUNT(F9:F104) -> 0 | G110: =COUNT(G9:G104) -> 96 | H110: =COUNT(H9:H104) -> 96 | I110: =COUNT(I9:I104) -> 96 | ... Q110: =COUNT(Q9:Q104) -> 96
A111: DCR | B111: =IF(B110>=87,">90%",IF(B110<=87,"<90%")) -> >90% | C111: =IF(C110>=87,">90%",IF(C110<=87,"<90%")) -> >90% | D111: =IF(D110>=87,">90%",IF(D110<=87,"<90%")) -> >90% | E111: =IF(E110>=87,">90%",IF(E110<=87,"<90%")) -> >90% | F111: =IF(F110>=87,">90%",IF(F110<=87,"<90%")) -> <90% | G111: =IF(G110>=87,">90%",IF(G110<=87,"<90%")) -> >90% | H111: =IF(H110>=87,">90%",IF(H110<=87,"<90%")) -> >90% | I111: =IF(I110>=87,">90%",IF(I110<=87,"<90%")) -> >90% | ... Q111: =IF(Q110>=87,">90%",IF(Q110<=87,"<90%")) -> >90%
A112: Status | B112: =IF(B110>=87,"OK",IF(B110<=87,"LESS")) -> OK | C112: =IF(C110>=87,"OK",IF(C110<=87,"LESS")) -> OK | D112: =IF(D110>=87,"OK",IF(D110<=87,"LESS")) -> OK | E112: =IF(E110>=87,"OK",IF(E110<=87,"LESS")) -> OK | F112: =IF(F110>=87,"OK",IF(F110<=87,"LESS")) -> LESS | G112: =IF(G110>=87,"OK",IF(G110<=87,"LESS")) -> OK | H112: =IF(H110>=87,"OK",IF(H110<=87,"LESS")) -> OK | I112: =IF(I110>=87,"OK",IF(I110<=87,"LESS")) -> OK | ... Q112: =IF(Q110>=87,"OK",IF(Q110<=87,"LESS")) -> OK
A115: Done by | B115: AKASH
A117: Comment

Sheet 24
A1: Station: | B1: IGKV RAIPUR
A2: Date: | B2: =$A$9 -> 24/02/2025 00:15 | C2: Power Off | G2: Pw.Off | J2: Link Fail | L2: Link F | N2: Maintenance | P2: Maint.
A3: Report Type: | B3: Mean | C3: Calibration | G3: Calib. | J3: Data Fail | L3: Data F | N3: Invalid | P3: Invalid
A4: Time Base: | B4: 15 Min | C4: Zero Referrence | G4: Z.Ref | J4: Warm Up | L4: Wm. Up
A7: Date & Time | B7: NO | C7: NO2 | D7: NOX | E7: SO2 | F7: O3 | G7: PM 10 | H7: PM 2.5 | I7: BENZ | J7: WS | K7: WD | L7: TEMP | M7: HUM | N7: SR | O7: RG | P7: CO | Q7: NH3
B8: ug/m3 | C8: ug/m3 | D8: ppb | E8: ug/m3 | F8: ug/m3 | G8: ug/m3 | H8: ug/m3 | I8: ug/m3 | J8: m/sec | K8: deg | L8: degreC | M8: % | N8: w/m2 | O8: mm | P8: mg/m3 | Q8: ug/m3
A9: 24/02/2025 00:15 | B9: 17.53 | C9: 23.45 | D9: 27.66 | E9: 12.35 | F9: Invalid | G9: 62.74 | H9: 17.31 | I9: 11.5 | J9: 0.62 | K9: 37.48 | L9: 20.26 | M9: 47.38 | N9: 0.5 | O9: 0 | P9: 0.72 | Q9: 12.94
A10: 24/02/2025 00:30 | B10: 18.6 | C10: 23.39 | D10: 28.49 | E10: 12.17 | F10: Invalid | G10: 67.33 | H10: 21.43 | I10: 11.67 | J10: 0.67 | K10: 53.89 | L10: 21.15 | M10: 41.36 | N10: 0.3 | O10: 0 | P10: 0.74 | Q10: 12.95
A11: 24/02/2025 00:45 | B11: 19.45 | C11: 23.59 | D11: 29.27 | E11: 12.42 | F11: Invalid | G11: 68.99 | H11: 21.5 | I11: 11.76 | J11: 0.32 | K11: 91.37 | L11: 21.1 | M11: 41.88 | N11: 0.9 | O11: 0 | P11: 0.75 | Q11: 12.95
A12: 24/02/2025 01:00 | B12: 20.03 | C12: 23.59 | D12: 29.74 | E12: 11.62 | F12: Invalid | G12: 68.99 | H12: 21.5 | I12: 11.81 | J12: 0.28 | K12: 90.54 | L12: 20.57 | M12: 43.57 | N12: 1.1 | O12: 0 | P12: 0.75 | Q12: 12.97
A13: 24/02/2025 01:15 | B13: 20.3 | C13: 23.67 | D13: 29.99 | E13: 11.8 | F13: Invalid | G13: 68.99 | H13: 21.5 | I13: 11.81 | J13: 0.34 | K13: 89.37 | L13: 20.84 | M13: 41.1 | N13: 0.6 | O13: 0 | P13: 0.76 | Q13: 12.97
A14: 24/02/2025 01:30 | B14: 20.5 | C14: 23.52 | D14: 30.08 | E14: 12.24 | F14: Invalid | G14: 68.03 | H14: 22.26 | I14: 11.76 | J14: 0.4 | K14: 79.72 | L14: 20.98 | M14: 40.76 | N14: 0.4 | O14: 0 | P14: 0.77 | Q14: 12.94
A15: 24/02/2025 01:45 | B15: 20.46 | C15: 23.61 | D15: 30.1 | E15: 12.14 | F15: Invalid | G15: 67.69 | H15: 22.27 | I15: 11.47 | J15: 0.68 | K15: 59.72 | L15: 21.72 | M15: 38.41 | N15: 0.1 | O15: 0 | P15: 0.77 | Q15: 12.95
A16: 24/02/2025 02:00 | B16: 20.41 | C16: 23.72 | D16: 30.11 | E16: 12.28 | F16: Invalid | G16: 67.69 | H16: 22.27 | I16: 11.15 | J16: 0.32 | K16: 82.71 | L16: 21.53 | M16: 41.17 | N16: 1.1 | O16: 0 | P16: 0.76 | Q16: 12.97
A17: 24/02/2025 02:15 | B17: 20.25 | C17: 23.67 | D17: 29.96 | E17: 8.2 | F17: Invalid | G17: 67.69 | H17: 22.27 | I17: 11.03 | J17: 0.21 | K17: 109.88 | L17: 20.67 | M17: 46.38 | N17: 1.4 | O17: 0 | P17: 0.76 | Q17: 12.97
A18: 24/02/2025 02:30 | B18: 19.97 | C18: 23.69 | D18: 29.74 | E18: 9.85 | F18: Invalid | G18: 70.15 | H18: 26.16 | I18: 10.9 | J18: 0.26 | K18: 61.23 | L18: 20.37 | M18: 45.22 | N18: 0.9 | O18: 0 | P18: 0.76 | Q18: 12.95
A19: 24/02/2025 02:45 | B19: 19.81 | C19: 23.72 | D19: 29.63 | E19: 9.67 | F19: Invalid | G19: 71.05 | H19: 26.22 | I19: 10.78 | J19: 0.08 | K19: 144.18 | L19: 20.14 | M19: 47.2 | N19: 1.2 | O19: 0 | P19: 0.77 | Q19: 12.96
A20: 24/02/2025 03:00 | B20: 19.52 | C20: 23.43 | D20: 29.24 | E20: 9.9 | F20: Invalid | G20: 71.05 | H20: 26.22 | I20: 10.7 | J20: 0.21 | K20: 210.16 | L20: 19.05 | M20: 53.88 | N20: 1.6 | O20: 0 | P20: 0.75 | Q20: 12.96
... A52: 24/02/2025 11:00 | B52: 17.67 | C52: 28.38 | D52: 30.35 | E52: 20.19 | F52: Invalid | G52: 57.67 | H52: 38.43 | I52: 4.56 | J52: 0.65 | K52: 0.08 | L52: 30.09 | M52: 23.08 | N52: 349.7 | O52: 0 | P52: 0.85 | Q52: 12.94
A53: 24/02/2025 11:15 | B53: Pw.Off | C53: Pw.Off | D53: Pw.Off | E53: Pw.Off | F53: Invalid | G53: Pw.Off | H53: Pw.Off | I53: Pw.Off | J53: Pw.Off | K53: Pw.Off | L53: Pw.Off | M53: Pw.Off | N53: Pw.Off | O53: Pw.Off | P53: Pw.Off | Q53: Pw.Off
A54: 24/02/2025 11:30 | B54: Pw.Off | C54: Pw.Off | D54: Pw.Off | E54: Pw.Off | F54: Invalid | G54: Pw.Off | H54: Pw.Off | I54: Pw.Off | J54: Pw.Off | K54: Pw.Off | L54: Pw.Off | M54: Pw.Off | N54: Pw.Off | O54: Pw.Off | P54: Pw.Off | Q54: Pw.Off
A55: 24/02/2025 11:45 | B55: Pw.Off | C55: Pw.Off | D55: Pw.Off | E55: Pw.Off | F55: Invalid | G55: Pw.Off | H55: Pw.Off | I55: Pw.Off | J55: Pw.Off | K55: Pw.Off | L55: Pw.Off | M55: Pw.Off | N55: Pw.Off | O55: Pw.Off | P55: Pw.Off | Q55: Pw.Off
A56: 24/02/2025 12:00 | B56: Data F | C56: Data F | D56: Data F | E56: Data F | F56: Invalid | G56: 56.98 | H56: 40.96 | I56: Data F | J56: 0.38 | K56: 141.26 | L56: 32.3 | M56: 19.87 | N56: 371.7 | O56: 0 | P56: 0.51 | Q56: Data F
A57: 24/02/2025 12:15 | B57: 1.64 | C57: 5.61 | D57: 4.62 | E57: 11.26 | F57: Invalid | G57: 55.07 | H57: 42.08 | I57: Data F | J57: 0.09 | K57: 141.26 | L57: 32.37 | M57: 18.24 | N57: 381 | O57: 0 | P57: 0.64 | Q57: Data F
A58: 24/02/2025 12:30 | B58: Pw.Off | C58: Pw.Off | D58: Pw.Off | E58: Pw.Off | F58: Invalid | G58: Pw.Off | H58: Pw.Off | I58: Pw.Off | J58: Pw.Off | K58: Pw.Off | L58: Pw.Off | M58: Pw.Off | N58: Pw.Off | O58: Pw.Off | P58: Pw.Off | Q58: Pw.Off
A59: 24/02/2025 12:45 | B59: Data F | C59: Data F | D59: Data F | E59: 13.26 | F59: Invalid | G59: 59.6 | H59: 69.12 | I59: Data F | J59: 0.63 | K59: 77.39 | L59: 32.38 | M59: 17.19 | N59: 379.6 | O59: 0 | P59: 0.3 | Q59: Data F
A60: 24/02/2025 13:00 | B60: Data F | C60: Data F | D60: Data F | E60: 39.77 | F60: Invalid | G60: 59.6 | H60: 69.12 | I60: Data F | J60: 0.63 | K60: 77.39 | L60: 32.79 | M60: 17.04 | N60: 381.1 | O60: 0 | P60: 0.37 | Q60: Data F
A61: 24/02/2025 13:15 | B61: Pw.Off | C61: Pw.Off | D61: Pw.Off | E61: Pw.Off | F61: Invalid | G61: Pw.Off | H61: Pw.Off | I61: Pw.Off | J61: Pw.Off | K61: Pw.Off | L61: Pw.Off | M61: Pw.Off | N61: Pw.Off | O61: Pw.Off | P61: Pw.Off | Q61: Pw.Off
A62: 24/02/2025 13:30 | B62: Pw.Off | C62: Pw.Off | D62: Pw.Off | E62: Pw.Off | F62: Invalid | G62: Pw.Off | H62: Pw.Off | I62: Pw.Off | J62: Pw.Off | K62: Pw.Off | L62: Pw.Off | M62: Pw.Off | N62: Pw.Off | O62: Pw.Off | P62: Pw.Off | Q62: Pw.Off
A63: 24/02/2025 13:45 | B63: Data F | C63: Data F | D63: Data F | E63: Data F | F63: Invalid | G63: 59.6 | H63: 69.12 | I63: Data F | J63: 1.18 | K63: 0.56 | L63: 33.29 | M63: 15.39 | N63: 365.4 | O63: 0 | P63: 0.08 | Q63: Data F
A64: 24/02/2025 14:00 | B64: Data F | C64: Data F | D64: Data F | E64: Data F | F64: Invalid | G64: 54.74 | H64: 57.95 | I64: Data F | J64: 0.01 | K64: -0.44 | L64: 33.37 | M64: 15.78 | N64: 362.2 | O64: 0 | P64: 0.21 | Q64: Data F
A65: 24/02/2025 14:15 | B65: Pw.Off | C65: Pw.Off | D65: Pw.Off | E65: Pw.Off | F65: Invalid | G65: Pw.Off | H65: Pw.Off | I65: Pw.Off | J65: Pw.Off | K65: Pw.Off | L65: Pw.Off | M65: Pw.Off | N65: Pw.Off | O65: Pw.Off | P65: Pw.Off | Q65: Pw.Off
A66: 24/02/2025 14:30 | B66: Pw.Off | C66: Pw.Off | D66: Pw.Off | E66: Pw.Off | F66: Invalid | G66: Pw.Off | H66: Pw.Off | I66: Pw.Off | J66: Pw.Off | K66: Pw.Off | L66: Pw.Off | M66: Pw.Off | N66: Pw.Off | O66: Pw.Off | P66: Pw.Off | Q66: Pw.Off
A67: 24/02/2025 14:45 | B67: Pw.Off | C67: Pw.Off | D67: Pw.Off | E67: Pw.Off | F67: Invalid | G67: Pw.Off | H67: Pw.Off | I67: Pw.Off | J67: Pw.Off | K67: Pw.Off | L67: Pw.Off | M67: Pw.Off | N67: Pw.Off | O67: Pw.Off | P67: Pw.Off | Q67: Pw.Off
A68: 24/02/2025 15:00 | B68: Pw.Off | C68: Pw.Off | D68: Pw.Off | E68: Pw.Off | F68: Invalid | G68: Pw.Off | H68: Pw.Off | I68: Pw.Off | J68: Pw.Off | K68: Pw.Off | L68: Pw.Off | M68: Pw.Off | N68: Pw.Off | O68: Pw.Off | P68: Pw.Off | Q68: Pw.Off
A69: 24/02/2025 15:15 | B69: Pw.Off | C69: Pw.Off | D69: Pw.Off | E69: Pw.Off | F69: Invalid | G69: Pw.Off | H69: Pw.Off | I69: Pw.Off | J69: Pw.Off | K69: Pw.Off | L69: Pw.Off | M69: Pw.Off | N69: Pw.Off | O69: Pw.Off | P69: Pw.Off | Q69: Pw.Off
A70: 24/02/2025 15:30 | B70: Pw.Off | C70: Pw.Off | D70: Pw.Off | E70: Pw.Off | F70: Invalid | G70: Pw.Off | H70: Pw.Off | I70: Pw.Off | J70: Pw.Off | K70: Pw.Off | L70: Pw.Off | M70: Pw.Off | N70: Pw.Off | O70: Pw.Off | P70: Pw.Off | Q70: Pw.Off
A71: 24/02/2025 15:45 | B71: Pw.Off | C71: Pw.Off | D71: Pw.Off | E71: Pw.Off | F71: Invalid | G71: Pw.Off | H71: Pw.Off | I71: Pw.Off | J71: Pw.Off | K71: Pw.Off | L71: Pw.Off | M71: Pw.Off | N71: Pw.Off | O71: Pw.Off | P71: Pw.Off | Q71: Pw.Off
A72: 24/02/2025 16:00 | B72: Pw.Off | C72: Pw.Off | D72: Pw.Off | E72: Pw.Off | F72: Invalid | G72: Pw.Off | H72: Pw.Off | I72: Pw.Off | J72: Pw.Off | K72: Pw.Off | L72: Pw.Off | M72: Pw.Off | N72: Pw.Off | O72: Pw.Off | P72: Pw.Off | Q72: Pw.Off
A73: 24/02/2025 16:15 | B73: Pw.Off | C73: Pw.Off | D73: Pw.Off | E73: Pw.Off | F73: Invalid | G73: Pw.Off | H73: Pw.Off | I73: Pw.Off | J73: Pw.Off | K73: Pw.Off | L73: Pw.Off | M73: Pw.Off | N73: Pw.Off | O73: Pw.Off | P73: Pw.Off | Q73: Pw.Off
A74: 24/02/2025 16:30 | B74: Pw.Off | C74: Pw.Off | D74: Pw.Off | E74: Pw.Off | F74: Invalid | G74: Pw.Off | H74: Pw.Off | I74: Pw.Off | J74: Pw.Off | K74: Pw.Off | L74: Pw.Off | M74: Pw.Off | N74: Pw.Off | O74: Pw.Off | P74: Pw.Off | Q74: Pw.Off
A75: 24/02/2025 16:45 | B75: Data F | C75: Data F | D75: Data F | E75: Data F | F75: Invalid | G75: 51.09 | H75: 56.5 | I75: Data F | J75: 1.02 | K75: 24.37 | L75: 30.78 | M75: 19.88 | N75: 33.6 | O75: 0 | P75: 0.11 | Q75: Data F
A76: 24/02/2025 17:00 | B76: Data F | C76: Data F | D76: Data F | E76: 13.53 | F76: Invalid | G76: 45.34 | H76: 31.64 | I76: Data F | J76: 0.74 | K76: 359.55 | L76: 30.65 | M76: 20.34 | N76: 29.8 | O76: 0 | P76: 0.32 | Q76: Data F
A77: 24/02/2025 17:15 | B77: 5.59 | C77: 18.4 | D77: 15.13 | E77: 3.57 | F77: Invalid | G77: 44.62 | H77: 31.64 | I77: Data F | J77: 0.15 | K77: 0.64 | L77: 30.31 | M77: 20.44 | N77: 22.9 | O77: 0 | P77: 0.34 | Q77: Data F
A78: 24/02/2025 17:30 | B78: Pw.Off | C78: Pw.Off | D78: Pw.Off | E78: Pw.Off | F78: Invalid | G78: Pw.Off | H78: Pw.Off | I78: Pw.Off | J78: Pw.Off | K78: Pw.Off | L78: Pw.Off | M78: Pw.Off | N78: Pw.Off | O78: Pw.Off | P78: Pw.Off | Q78: Pw.Off
A79: 24/02/2025 17:45 | B79: Pw.Off | C79: Pw.Off | D79: Pw.Off | E79: Pw.Off | F79: Invalid | G79: Pw.Off | H79: Pw.Off | I79: Pw.Off | J79: Pw.Off | K79: Pw.Off | L79: Pw.Off | M79: Pw.Off | N79: Pw.Off | O79: Pw.Off | P79: Pw.Off | Q79: Pw.Off
A80: 24/02/2025 18:00 | B80: Pw.Off | C80: Pw.Off | D80: Pw.Off | E80: Pw.Off | F80: Invalid | G80: Pw.Off | H80: Pw.Off | I80: Pw.Off | J80: Pw.Off | K80: Pw.Off | L80: Pw.Off | M80: Pw.Off | N80: Pw.Off | O80: Pw.Off | P80: Pw.Off | Q80: Pw.Off
A81: 24/02/2025 18:15 | B81: Pw.Off | C81: Pw.Off | D81: Pw.Off | E81: Pw.Off | F81: Invalid | G81: Pw.Off | H81: Pw.Off | I81: Pw.Off | J81: Pw.Off | K81: Pw.Off | L81: Pw.Off | M81: Pw.Off | N81: Pw.Off | O81: Pw.Off | P81: Pw.Off | Q81: Pw.Off
A82: 24/02/2025 18:30 | B82: Pw.Off | C82: Pw.Off | D82: Pw.Off | E82: Pw.Off | F82: Invalid | G82: Pw.Off | H82: Pw.Off | I82: Pw.Off | J82: Pw.Off | K82: Pw.Off | L82: Pw.Off | M82: Pw.Off | N82: Pw.Off | O82: Pw.Off | P82: Pw.Off | Q82: Pw.Off
A83: 24/02/2025 18:45 | B83: 0.46 | C83: 0.55 | D83: 0.72 | E83: 7.87 | F83: Invalid | G83: 50.98 | H83: 24.21 | I83: Data F | J83: 0.4 | K83: 65.42 | L83: 27.33 | M83: 27.26 | N83: 1.2 | O83: 0 | P83: 0.56 | Q83: Data F
A84: 24/02/2025 19:00 | B84: 13.67 | C84: 30.42 | D84: 28.21 | E84: 3.91 | F84: Invalid | G84: 50.98 | H84: 24.21 | I84: Data F | J84: 0.49 | K84: 0.42 | L84: 27.03 | M84: 27.03 | N84: 0.7 | O84: 0 | P84: 0.61 | Q84: Data F
A85: 24/02/2025 19:15 | B85: Pw.Off | C85: Pw.Off | D85: Pw.Off | E85: Pw.Off | F85: Invalid | G85: Pw.Off | H85: Pw.Off | I85: Pw.Off | J85: Pw.Off | K85: Pw.Off | L85: Pw.Off | M85: Pw.Off | N85: Pw.Off | O85: Pw.Off | P85: Pw.Off | Q85: Pw.Off
A86: 24/02/2025 19:30 | B86: Pw.Off | C86: Pw.Off | D86: Pw.Off | E86: Pw.Off | F86: Invalid | G86: Pw.Off | H86: Pw.Off | I86: Pw.Off | J86: Pw.Off | K86: Pw.Off | L86: Pw.Off | M86: Pw.Off | N86: Pw.Off | O86: Pw.Off | P86: Pw.Off | Q86: Pw.Off
A87: 24/02/2025 19:45 | B87: Pw.Off | C87: Pw.Off | D87: Pw.Off | E87: Pw.Off | F87: Invalid | G87: Pw.Off | H87: Pw.Off | I87: Pw.Off | J87: Pw.Off | K87: Pw.Off | L87: Pw.Off | M87: Pw.Off | N87: Pw.Off | O87: Pw.Off | P87: Pw.Off | Q87: Pw.Off
A88: 24/02/2025 20:00 | B88: Data F | C88: Data F | D88: Data F | E88: Data F | F88: Invalid | G88: 50.98 | H88: 24.21 | I88: Data F | J88: 0.26 | K88: 164.75 | L88: 23.71 | M88: 44.78 | N88: 1.5 | O88: 0 | P88: 0.19 | Q88: Data F
A89: 24/02/2025 20:15 | B89: 1.23 | C89: 1.91 | D89: 2.09 | E89: 5.84 | F89: Invalid | G89: 62.96 | H89: 30.42 | I89: Data F | J89: 0.27 | K89: 164.73 | L89: 23.6 | M89: 44.21 | N89: 1 | O89: 0 | P89: 0.74 | Q89: Data F
A90: 24/02/2025 20:30 | B90: 17.69 | C90: 33.86 | D90: 33.23 | E90: 2.15 | F90: Invalid | G90: 173.26 | H90: 24.53 | I90: Data F | J90: -0.07 | K90: 164.73 | L90: 23.02 | M90: 49.92 | N90: 1.5 | O90: 0 | P90: 0.77 | Q90: Data F
A91: 24/02/2025 20:45 | B91: Pw.Off | C91: Pw.Off | D91: Pw.Off | E91: Pw.Off | F91: Invalid | G91: Pw.Off | H91: Pw.Off | I91: Pw.Off | J91: Pw.Off | K91: Pw.Off | L91: Pw.Off | M91: Pw.Off | N91: Pw.Off | O91: Pw.Off | P91: Pw.Off | Q91: Pw.Off
A92: 24/02/2025 21:00 | B92: Pw.Off | C92: Pw.Off | D92: Pw.Off | E92: Pw.Off | F92: Invalid | G92: Pw.Off | H92: Pw.Off | I92: Pw.Off | J92: Pw.Off | K92: Pw.Off | L92: Pw.Off | M92: Pw.Off | N92: Pw.Off | O92: Pw.Off | P92: Pw.Off | Q92: Pw.Off
A93: 24/02/2025 21:15 | B93: Pw.Off | C93: Pw.Off | D93: Pw.Off | E93: Pw.Off | F93: Invalid | G93: Pw.Off | H93: Pw.Off | I93: Pw.Off | J93: Pw.Off | K93: Pw.Off | L93: Pw.Off | M93: Pw.Off | N93: Pw.Off | O93: Pw.Off | P93: Pw.Off | Q93: Pw.Off
A94: 24/02/2025 21:30 | B94: Data F | C94: Data F | D94: Data F | E94: Data F | F94: Invalid | G94: 209.62 | H94: 24.44 | I94: Data F | J94: 0.11 | K94: 241.72 | L94: 22.51 | M94: 44.09 | N94: 0.6 | O94: 0 | P94: 0.18 | Q94: Data F
A95: 24/02/2025 21:45 | B95: 5.53 | C95: 7.6 | D95: 8.69 | E95: 10.6 | F95: Invalid | G95: 127.2 | H95: 28.68 | I95: Data F | J95: 0.17 | K95: 202.33 | L95: 22.48 | M95: 44.5 | N95: 0.7 | O95: 0 | P95: 0.83 | Q95: Data F
A96: 24/02/2025 22:00 | B96: 26.69 | C96: 37.72 | D96: 42.46 | E96: 4.24 | F96: Invalid | G96: 127.2 | H96: 28.68 | I96: Data F | J96: 0.23 | K96: 185.82 | L96: 21.93 | M96: 53.48 | N96: 1.3 | O96: 0 | P96: 0.88 | Q96: Data F
A97: 24/02/2025 22:15 | B97: 25.81 | C97: 38.46 | D97: 42.15 | E97: 0.12 | F97: Invalid | G97: 127.2 | H97: 28.68 | I97: Data F | J97: 0.23 | K97: -0.23 | L97: 21.06 | M97: 59.18 | N97: 1.5 | O97: 0 | P97: 0.91 | Q97: Data F
A98: 24/02/2025 22:30 | B98: Pw.Off | C98: Pw.Off | D98: Pw.Off | E98: Pw.Off | F98: Invalid | G98: Pw.Off | H98: Pw.Off | I98: Pw.Off | J98: Pw.Off | K98: Pw.Off | L98: Pw.Off | M98: Pw.Off | N98: Pw.Off | O98: Pw.Off | P98: Pw.Off | Q98: Pw.Off
A99: 24/02/2025 22:45 | B99: Pw.Off | C99: Pw.Off | D99: Pw.Off | E99: Pw.Off | F99: Invalid | G99: Pw.Off | H99: Pw.Off | I99: Pw.Off | J99: Pw.Off | K99: Pw.Off | L99: Pw.Off | M99: Pw.Off | N99: Pw.Off | O99: Pw.Off | P99: Pw.Off | Q99: Pw.Off
A100: 24/02/2025 23:00 | B100: Data F | C100: Data F | D100: Data F | E100: Data F | F100: Invalid | G100: 86.64 | H100: 23.68 | I100: Data F | J100: 0.22 | K100: 133.88 | L100: 20.29 | M100: 54.94 | N100: 1.1 | O100: 0 | P100: 0.09 | Q100: Data F
A101: 24/02/2025 23:15 | B101: 2.69 | C101: 3.55 | D101: 4.15 | E101: 6.61 | F101: Invalid | G101: 86.64 | H101: 23.68 | I101: Data F | J101: 0.16 | K101: 193.97 | L101: 20.5 | M101: 54.41 | N101: 0.7 | O101: 0 | P101: 0.84 | Q101: Data F
A102: 24/02/2025 23:30 | B102: 28.68 | C102: 38.78 | D102: 44.61 | E102: 4.28 | F102: Invalid | G102: 64.58 | H102: 21.05 | I102: Data F | J102: 0.2 | K102: 182.98 | L102: 20.32 | M102: 61.41 | N102: 1.1 | O102: 0 | P102: 0.96 | Q102: Data F
A103: 24/02/2025 23:45 | B103: 26.21 | C103: 39.4 | D103: 42.96 | E103: 0.09 | F103: Invalid | G103: 56.56 | H103: 21 | I103: Data F | J103: 0.21 | K103: 171.6 | L103: 19.98 | M103: 57.8 | N103: 1.1 | O103: 0 | P103: 0.96 | Q103: Data F
A104: 24/02/2025 24:00 | B104: Pw.Off | C104: Pw.Off | D104: Pw.Off | E104: Pw.Off | F104: Invalid | G104: Pw.Off | H104: Pw.Off | I104: Pw.Off | J104: Pw.Off | K104: Pw.Off | L104: Pw.Off | M104: Pw.Off | N104: Pw.Off | O104: Pw.Off | P104: Pw.Off | Q104: Pw.Off
A106: Min | B106: =MIN(B9:B104) -> 0.46 | C106: =MIN(C9:C104) -> 0.55 | D106: =MIN(D9:D104) -> 0.72 | E106: =MIN(E9:E104) -> 0.09 | F106: =MIN(F9:F104) -> 0 | G106: =MIN(G9:G104) -> 44.62 | H106: =MIN(H9:H104) -> 7.98 | I106: =MIN(I9:I104) -> 4.56 | ... Q106: =MIN(Q9:Q104) -> 12.91
A107: Max | B107: =MAX(B9:B104) -> 28.68 | C107: =MAX(C9:C104) -> 39.4 | D107: =MAX(D9:D104) -> 44.61 | E107: =MAX(E9:E104) -> 39.77 | F107: =MAX(F9:F104) -> 0 | G107: =MAX(G9:G104) -> 209.62 | H107: =MAX(H9:H104) -> 69.12 | I107: =MAX(I9:I104) -> 11.81 | ... Q107: =MAX(Q9:Q104) -> 12.98
A108: Avg | B108: =AVERAGE(B9:B104) -> 17.913036 | C108: =AVERAGE(C9:C104) -> 23.599464 | D108: =AVERAGE(D9:D104) -> 27.936607 | E108: =AVERAGE(E9:E104) -> 10.520339 | F108: =AVERAGE(F9:F104) -> #DIV/0! | G108: =AVERAGE(G9:G104) -> 69.152424 | H108: =AVERAGE(H9:H104) -> 26.566364 | I108: =AVERAGE(I9:I104) -> 9.6615909 | ... Q108: =AVERAGE(Q9:Q104) -> 12.950909
A109: Stdev | B109: =STDEV(B9:B104) -> 5.8529712 | C109: =STDEV(C9:C104) -> 7.6402105 | D109: =STDEV(D9:D104) -> 8.720632 | E109: =STDEV(E9:E104) -> 5.4233556 | F109: =STDEV(F9:F104) -> #DIV/0! | G109: =STDEV(G9:G104) -> 27.321522 | H109: =STDEV(H9:H104) -> 13.357567 | I109: =STDEV(I9:I104) -> 2.0033448 | ... Q109: =STDEV(Q9:Q104) -> 0.016256402
A110: Num | B110: =COUNT(B9:B104)+40 -> 96 | C110: =COUNT(C9:C104)+40 -> 96 | D110: =COUNT(D9:D104)+40 -> 96 | E110: =COUNT(E9:E104)+37 -> 96 | F110: 0 | G110: =COUNT(G9:G104)+30 -> 96 | H110: =COUNT(H9:H104)+30 -> 96 | I110: =COUNT(I9:I104)+52 -> 96 | J110: =COUNT(J9:J104)+30 -> 96 | K110: =COUNT(K9:K104)+30 -> 96 | L110: =COUNT(L9:L104)+30 -> 96 | M110: =COUNT(M9:M104)+30 -> 96 | N110: =COUNT(N9:N104)+30 -> 96 | O110: =COUNT(O9:O104)+30 -> 96 | P110: =COUNT(P9:P104)+30 -> 96 | Q110: =COUNT(Q9:Q104)+52 -> 96
A111: DCR | B111: =IF(B110>=87,">90%",IF(B110<=87,"<90%")) -> >90% | C111: =IF(C110>=87,">90%",IF(C110<=87,"<90%")) -> >90% | D111: =IF(D110>=87,">90%",IF(D110<=87,"<90%")) -> >90% | E111: =IF(E110>=87,">90%",IF(E110<=87,"<90%")) -> >90% | F111: =IF(F110>=87,">90%",IF(F110<=87,"<90%")) -> <90% | G111: =IF(G110>=87,">90%",IF(G110<=87,"<90%")) -> >90% | H111: =IF(H110>=87,">90%",IF(H110<=87,"<90%")) -> >90% | I111: =IF(I110>=87,">90%",IF(I110<=87,"<90%")) -> >90% | ... Q111: =IF(Q110>=87,">90%",IF(Q110<=87,"<90%")) -> >90%
A112: Status | B112: =IF(B110>=87,"OK",IF(B110<=87,"LESS")) -> OK | C112: =IF(C110>=87,"OK",IF(C110<=87,"LESS")) -> OK | D112: =IF(D110>=87,"OK",IF(D110<=87,"LESS")) -> OK | E112: =IF(E110>=87,"OK",IF(E110<=87,"LESS")) -> OK | F112: =IF(F110>=87,"OK",IF(F110<=87,"LESS")) -> LESS | G112: =IF(G110>=87,"OK",IF(G110<=87,"LESS")) -> OK | H112: =IF(H110>=87,"OK",IF(H110<=87,"LESS")) -> OK | I112: =IF(I110>=87,"OK",IF(I110<=87,"LESS")) -> OK | ... Q112: =IF(Q110>=87,"OK",IF(Q110<=87,"LESS")) -> OK
A115: Done by | B115: AKASH
A117: Comment

Sheet 25
A1: Station: | B1: IGKV RAIPUR
A2: Date: | B2: =$A$9 -> 25/02/2025 00:15 | C2: Power Off | G2: Pw.Off | J2: Link Fail | L2: Link F | N2: Maintenance | P2: Maint.
A3: Report Type: | B3: Mean | C3: Calibration | G3: Calib. | J3: Data Fail | L3: Data F | N3: Invalid | P3: Invalid
A4: Time Base: | B4: 15 Min | C4: Zero Referrence | G4: Z.Ref | J4: Warm Up | L4: Wm. Up
A7: Date & Time | B7: NO | C7: NO2 | D7: NOX | E7: SO2 | F7: O3 | G7: PM 10 | H7: PM 2.5 | I7: BENZ | J7: WS | K7: WD | L7: TEMP | M7: HUM | N7: SR | O7: RG | P7: CO | Q7: NH3
B8: ug/m3 | C8: ug/m3 | D8: ppb | E8: ug/m3 | F8: ug/m3 | G8: ug/m3 | H8: ug/m3 | I8: ug/m3 | J8: m/sec | K8: deg | L8: degreC | M8: % | N8: w/m2 | O8: mm | P8: mg/m3 | Q8: ug/m3
A9: 25/02/2025 00:15 | B9: Pw.Off | C9: Pw.Off | D9: Pw.Off | E9: Pw.Off | F9: Invalid | G9: Pw.Off | H9: Pw.Off | I9: Pw.Off | J9: Pw.Off | K9: Pw.Off | L9: Pw.Off | M9: Pw.Off | N9: Pw.Off | O9: Pw.Off | P9: Pw.Off | Q9: Pw.Off
A10: 25/02/2025 00:30 | B10: Pw.Off | C10: Pw.Off | D10: Pw.Off | E10: Pw.Off | F10: Invalid | G10: Pw.Off | H10: Pw.Off | I10: Pw.Off | J10: Pw.Off | K10: Pw.Off | L10: Pw.Off | M10: Pw.Off | N10: Pw.Off | O10: Pw.Off | P10: Pw.Off | Q10: Pw.Off
A11: 25/02/2025 00:45 | B11: Wm. Up | C11: Wm. Up | D11: Wm. Up | E11: 8.91 | F11: Invalid | G11: 92.75 | H11: 21.98 | I11: Data F | J11: 0.18 | K11: 132.47 | L11: 20.46 | M11: 53.58 | N11: 1 | O11: 0 | P11: 0.87 | Q11: Wm. Up
A12: 25/02/2025 01:00 | B12: 31.52 | C12: 36.72 | D12: 45.68 | E12: 6.16 | F12: Invalid | G12: 108.9 | H12: 22.03 | I12: Data F | J12: 0.23 | K12: 157.58 | L12: 20.03 | M12: 56.37 | N12: 1.2 | O12: 0 | P12: 0.95 | Q12: Wm. Up
A13: 25/02/2025 01:15 | B13: 32.96 | C13: 42.79 | D13: 50.14 | E13: 1.52 | F13: Invalid | G13: 108.9 | H13: 22.03 | I13: Data F | J13: 0.22 | K13: 178.25 | L13: 19.89 | M13: 54.63 | N13: 1 | O13: 0 | P13: 0.95 | Q13: Wm. Up
A14: 25/02/2025 01:30 | B14: 31.36 | C14: 43.98 | D14: 49.47 | E14: 1.52 | F14: Invalid | G14: 87.79 | H14: 21.82 | I14: Data F | J14: 0.12 | K14: 178.25 | L14: 19.94 | M14: 52.96 | N14: 0.8 | O14: 0 | P14: 0.95 | Q14: Data F
A15: 25/02/2025 01:45 | B15: Pw.Off | C15: Pw.Off | D15: Pw.Off | E15: Pw.Off | F15: Invalid | G15: Pw.Off | H15: Pw.Off | I15: Pw.Off | J15: Pw.Off | K15: Pw.Off | L15: Pw.Off | M15: Pw.Off | N15: Pw.Off | O15: Pw.Off | P15: Pw.Off | Q15: Pw.Off
A16: 25/02/2025 02:00 | B16: Pw.Off | C16: Pw.Off | D16: Pw.Off | E16: Pw.Off | F16: Invalid | G16: Pw.Off | H16: Pw.Off | I16: Pw.Off | J16: Pw.Off | K16: Pw.Off | L16: Pw.Off | M16: Pw.Off | N16: Pw.Off | O16: Pw.Off | P16: Pw.Off | Q16: Pw.Off
A17: 25/02/2025 02:15 | B17: Wm. Up | C17: Wm. Up | D17: Wm. Up | E17: Wm. Up | F17: Invalid | G17: 80.11 | H17: 21.81 | I17: Data F | J17: 0.43 | K17: 164.93 | L17: 20.63 | M17: 46.98 | N17: 0.7 | O17: 0 | P17: 0.1 | Q17: Wm. Up
A18: 25/02/2025 02:30 | B18: 0.72 | C18: 0.55 | D18: 0.91 | E18: 6.47 | F18: Invalid | G18: 72.11 | H18: 25.88 | I18: Data F | J18: 0.18 | K18: 100.85 | L18: 21.04 | M18: 45.02 | N18: 0.4 | O18: 0 | P18: 0.85 | Q18: Wm. Up
A19: 25/02/2025 02:45 | B19: 28.62 | C19: 44.61 | D19: 47.61 | E19: 5.05 | F19: Invalid | G19: 69.2 | H19: 25.94 | I19: Data F | J19: 0.23 | K19: 149.86 | L19: 21.02 | M19: 45.91 | N19: 0.8 | O19: 0 | P19: 0.91 | Q19: Wm. Up
A20: 25/02/2025 03:00 | B20: 24.91 | C20: 45.44 | D20: 45.06 | E20: 1.55 | F20: Invalid | G20: 69.2 | H20: 25.94 | I20: Data F | J20: 0.16 | K20: 169.54 | L20: 20.48 | M20: 48.5 | N20: 1.2 | O20: 0 | P20: 0.9 | Q20: Data F
A21: 25/02/2025 03:15 | B21: 22.48 | C21: 46.56 | D21: 43.71 | E21: 1.55 | F21: Invalid | G21: 69.2 | H21: 25.94 | I21: Data F | J21: 0.22 | K21: 179.61 | L21: 20.16 | M21: 51.13 | N21: 1.3 | O21: 0 | P21: 0.89 | Q21: Data F
A22: 25/02/2025 03:30 | B22: 20.96 | C22: 47.02 | D22: 42.72 | E22: 1.55 | F22: Invalid | G22: 57.03 | H22: 21.18 | I22: Data F | J22: 0.22 | K22: -0.25 | L22: 19.86 | M22: 53.1 | N22: 1.2 | O22: 0 | P22: 0.88 | Q22: Data F
A23: 25/02/2025 03:45 | B23: Pw.Off | C23: Pw.Off | D23: Pw.Off | E23: Pw.Off | F23: Invalid | G23: Pw.Off | H23: Pw.Off | I23: Pw.Off | J23: Pw.Off | K23: Pw.Off | L23: Pw.Off | M23: Pw.Off | N23: Pw.Off | O23: Pw.Off | P23: Pw.Off | Q23: Pw.Off
A24: 25/02/2025 04:00 | B24: Pw.Off | C24: Pw.Off | D24: Pw.Off | E24: Pw.Off | F24: Invalid | G24: Pw.Off | H24: Pw.Off | I24: Pw.Off | J24: Pw.Off | K24: Pw.Off | L24: Pw.Off | M24: Pw.Off | N24: Pw.Off | O24: Pw.Off | P24: Pw.Off | Q24: Pw.Off
A25: 25/02/2025 04:15 | B25: Wm. Up | C25: Wm. Up | D25: Wm. Up | E25: Wm. Up | F25: Invalid | G25: 52.61 | H25: 21.06 | I25: Data F | J25: 0.56 | K25: 69.22 | L25: 20.05 | M25: 48.85 | N25: 1.1 | O25: 0 | P25: 0.1 | Q25: Wm. Up
A26: 25/02/2025 04:30 | B26: 0.27 | C26: 0.54 | D26: 0.53 | E26: 10.57 | F26: Invalid | G26: 51.39 | H26: 20.96 | I26: Data F | J26: 0.35 | K26: 42.33 | L26: 19.99 | M26: 49.03 | N26: 0.8 | O26: 0 | P26: 0.77 | Q26: Wm. Up
A27: 25/02/2025 04:45 | B27: 21.66 | C27: 45.11 | D27: 42.29 | E27: 7.66 | F27: Invalid | G27: 50.95 | H27: 20.96 | I27: Data F | J27: 0.17 | K27: 33.97 | L27: 19.85 | M27: 50.44 | N27: 1.1 | O27: 0 | P27: 0.82 | Q27: Wm. Up
A28: 25/02/2025 05:00 | B28: 18.83 | C28: 47.1 | D28: 41.06 | E28: 2.65 | F28: Invalid | G28: 50.95 | H28: 20.96 | I28: Data F | J28: 0.13 | K28: 50.09 | L28: 19.42 | M28: 52.63 | N28: 1.1 | O28: 0 | P28: 0.81 | Q28: Data F
A29: 25/02/2025 05:15 | B29: 18.03 | C29: 48.01 | D29: 40.89 | E29: -1.1 | F29: Invalid | G29: 50.95 | H29: 20.96 | I29: Data F | J29: 0.1 | K29: 91.87 | L29: 19.14 | M29: 56.3 | N29: 1.2 | O29: 0 | P29: 0.8 | Q29: Data F
A30: 25/02/2025 05:30 | B30: 17.84 | C30: 47.99 | D30: 40.73 | E30: -2.92 | F30: Invalid | G30: 51.43 | H30: 14.33 | I30: Data F | J30: 0.16 | K30: 0.05 | L30: 18.96 | M30: 55.72 | N30: 1.1 | O30: 0 | P30: 0.8 | Q30: Data F
A31: 25/02/2025 05:45 | B31: Pw.Off | C31: Pw.Off | D31: Pw.Off | E31: Pw.Off | F31: Invalid | G31: Pw.Off | H31: Pw.Off | I31: Pw.Off | J31: Pw.Off | K31: Pw.Off | L31: Pw.Off | M31: Pw.Off | N31: Pw.Off | O31: Pw.Off | P31: Pw.Off | Q31: Pw.Off
A32: 25/02/2025 06:00 | B32: Pw.Off | C32: Pw.Off | D32: Pw.Off | E32: Pw.Off | F32: Invalid | G32: Pw.Off | H32: Pw.Off | I32: Pw.Off | J32: Pw.Off | K32: Pw.Off | L32: Pw.Off | M32: Pw.Off | N32: Pw.Off | O32: Pw.Off | P32: Pw.Off | Q32: Pw.Off
A33: 25/02/2025 06:15 | B33: Wm. Up | C33: Wm. Up | D33: Wm. Up | E33: Wm. Up | F33: Invalid | G33: 51.6 | H33: 14.23 | I33: Data F | J33: 0.43 | K33: 42.04 | L33: 18.93 | M33: 55.17 | N33: 1.2 | O33: 0 | P33: 0.72 | Q33: Wm. Up
A34: 25/02/2025 06:30 | B34: 20.28 | C34: 37.75 | D34: 37.11 | E34: 6.16 | F34: Invalid | G34: 63.69 | H34: 16.78 | I34: Data F | J34: 0.38 | K34: 38.72 | L34: 18.81 | M34: 55.76 | N34: 2.8 | O34: 0 | P34: 0.83 | Q34: Wm. Up
A35: 25/02/2025 06:45 | B35: 22.12 | C35: 47.68 | D35: 44 | E35: 1.95 | F35: Invalid | G35: 68.08 | H35: 16.82 | I35: Data F | J35: 0.22 | K35: 51.39 | L35: 18.83 | M35: 58.01 | N35: 7.5 | O35: 0 | P35: 0.85 | Q35: Wm. Up
A36: 25/02/2025 07:00 | B36: 21.31 | C36: 47.75 | D36: 43.39 | E36: 1.95 | F36: Invalid | G36: 68.08 | H36: 16.82 | I36: Data F | J36: 0.38 | K36: 40.33 | L36: 18.92 | M36: 56.29 | N36: 13.6 | O36: 0 | P36: 0.88 | Q36: Data F
A37: 25/02/2025 07:15 | B37: 21.48 | C37: 47.9 | D37: 43.61 | E37: 1.95 | F37: Invalid | G37: 68.08 | H37: 16.82 | I37: Data F | J37: 0.32 | K37: 0.33 | L37: 19.46 | M37: 53.57 | N37: 20.4 | O37: 0 | P37: 0.9 | Q37: Data F
A38: 25/02/2025 07:30 | B38: Pw.Off | C38: Pw.Off | D38: Pw.Off | E38: Pw.Off | F38: Invalid | G38: Pw.Off | H38: Pw.Off | I38: Pw.Off | J38: Pw.Off | K38: Pw.Off | L38: Pw.Off | M38: Pw.Off | N38: Pw.Off | O38: Pw.Off | P38: Pw.Off | Q38: Pw.Off
A39: 25/02/2025 07:45 | B39: Pw.Off | C39: Pw.Off | D39: Pw.Off | E39: Pw.Off | F39: Invalid | G39: Pw.Off | H39: Pw.Off | I39: Pw.Off | J39: Pw.Off | K39: Pw.Off | L39: Pw.Off | M39: Pw.Off | N39: Pw.Off | O39: Pw.Off | P39: Pw.Off | Q39: Pw.Off
A40: 25/02/2025 08:00 | B40: Wm. Up | C40: Wm. Up | D40: Wm. Up | E40: Wm. Up | F40: Invalid | G40: 95.06 | H40: 21.17 | I40: Data F | J40: 1.02 | K40: 51.86 | L40: 21.42 | M40: 47.67 | N40: 55.7 | O40: 0 | P40: 0.86 | Q40: Wm. Up
A41: 25/02/2025 08:15 | B41: 20.94 | C41: 36.52 | D41: 36.93 | E41: 5.43 | F41: Invalid | G41: 110.75 | H41: 21.57 | I41: Data F | J41: 1.16 | K41: 53.74 | L41: 22.17 | M41: 44.63 | N41: 113.8 | O41: 0 | P41: 0.95 | Q41: Wm. Up
A42: 25/02/2025 08:30 | B42: 24.45 | C42: 47.65 | D42: 45.86 | E42: 1.84 | F42: Invalid | G42: 74.91 | H42: 25.3 | I42: Data F | J42: 1.37 | K42: 57.22 | L42: 23.01 | M42: 41.63 | N42: 173.3 | O42: 0 | P42: 0.96 | Q42: Wm. Up
A43: 25/02/2025 08:45 | B43: 23.97 | C43: 47.16 | D43: 45.22 | E43: 0.07 | F43: Invalid | G43: 61.88 | H43: 25.36 | I43: Data F | J43: 1.2 | K43: 0.79 | L43: 23.78 | M43: 39 | N43: 222.2 | O43: 0 | P43: 0.95 | Q43: Data F
A44: 25/02/2025 09:00 | B44: Pw.Off | C44: Pw.Off | D44: Pw.Off | E44: Pw.Off | F44: Invalid | G44: Pw.Off | H44: Pw.Off | I44: Pw.Off | J44: Pw.Off | K44: Pw.Off | L44: Pw.Off | M44: Pw.Off | N44: Pw.Off | O44: Pw.Off | P44: Pw.Off | Q44: Pw.Off
A45: 25/02/2025 09:15 | B45: Pw.Off | C45: Pw.Off | D45: Pw.Off | E45: Pw.Off | F45: Invalid | G45: Pw.Off | H45: Pw.Off | I45: Pw.Off | J45: Pw.Off | K45: Pw.Off | L45: Pw.Off | M45: Pw.Off | N45: Pw.Off | O45: Pw.Off | P45: Pw.Off | Q45: Pw.Off
A46: 25/02/2025 09:30 | B46: Pw.Off | C46: Pw.Off | D46: Pw.Off | E46: Pw.Off | F46: Invalid | G46: Pw.Off | H46: Pw.Off | I46: Pw.Off | J46: Pw.Off | K46: Pw.Off | L46: Pw.Off | M46: Pw.Off | N46: Pw.Off | O46: Pw.Off | P46: Pw.Off | Q46: Pw.Off
A47: 25/02/2025 09:45 | B47: Wm. Up | C47: Wm. Up | D47: Wm. Up | E47: Wm. Up | F47: Invalid | G47: 61.88 | H47: 25.36 | I47: Data F | J47: 0.91 | K47: 65.3 | L47: 26.78 | M47: 30.84 | N47: 287.8 | O47: 0 | P47: 0.1 | Q47: Wm. Up
A48: 25/02/2025 10:00 | B48: Wm. Up | C48: Wm. Up | D48: Wm. Up | E48: 8.08 | F48: Invalid | G48: 150.65 | H48: 33.21 | I48: Data F | J48: 0.97 | K48: 59.89 | L48: 27.49 | M48: 29.44 | N48: 290.7 | O48: 0 | P48: 1.09 | Q48: Wm. Up
A49: 25/02/2025 10:15 | B49: 27.04 | C49: 37.46 | D49: 42.48 | E49: 10.23 | F49: Invalid | G49: 174.4 | H49: 33.21 | I49: Data F | J49: 0.8 | K49: 0.29 | L49: 28.31 | M49: 27.21 | N49: 246.7 | O49: 0 | P49: 1.17 | Q49: Wm. Up
A50: 25/02/2025 10:30 | B50: Pw.Off | C50: Pw.Off | D50: Pw.Off | E50: Pw.Off | F50: Invalid | G50: Pw.Off | H50: Pw.Off | I50: Pw.Off | J50: Pw.Off | K50: Pw.Off | L50: Pw.Off | M50: Pw.Off | N50: Pw.Off | O50: Pw.Off | P50: Pw.Off | Q50: Pw.Off
A51: 25/02/2025 10:45 | B51: Pw.Off | C51: Pw.Off | D51: Pw.Off | E51: Pw.Off | F51: Invalid | G51: Pw.Off | H51: Pw.Off | I51: Pw.Off | J51: Pw.Off | K51: Pw.Off | L51: Pw.Off | M51: Pw.Off | N51: Pw.Off | O51: Pw.Off | P51: Pw.Off | Q51: Pw.Off
A52: 25/02/2025 11:00 | B52: Pw.Off | C52: Pw.Off | D52: Pw.Off | E52: Pw.Off | F52: Invalid | G52: Pw.Off | H52: Pw.Off | I52: Pw.Off | J52: Pw.Off | K52: Pw.Off | L52: Pw.Off | M52: Pw.Off | N52: Pw.Off | O52: Pw.Off | P52: Pw.Off | Q52: Pw.Off
A53: 25/02/2025 11:15 | B53: Pw.Off | C53: Pw.Off | D53: Pw.Off | E53: Pw.Off | F53: Invalid | G53: Pw.Off | H53: Pw.Off | I53: Pw.Off | J53: Pw.Off | K53: Pw.Off | L53: Pw.Off | M53: Pw.Off | N53: Pw.Off | O53: Pw.Off | P53: Pw.Off | Q53: Pw.Off
A54: 25/02/2025 11:30 | B54: Pw.Off | C54: Pw.Off | D54: Pw.Off | E54: Pw.Off | F54: Invalid | G54: Pw.Off | H54: Pw.Off | I54: Pw.Off | J54: Pw.Off | K54: Pw.Off | L54: Pw.Off | M54: Pw.Off | N54: Pw.Off | O54: Pw.Off | P54: Pw.Off | Q54: Pw.Off
A55: 25/02/2025 11:45 | B55: Pw.Off | C55: Pw.Off | D55: Pw.Off | E55: Pw.Off | F55: Invalid | G55: Pw.Off | H55: Pw.Off | I55: Pw.Off | J55: Pw.Off | K55: Pw.Off | L55: Pw.Off | M55: Pw.Off | N55: Pw.Off | O55: Pw.Off | P55: Pw.Off | Q55: Pw.Off
A56: 25/02/2025 12:00 | B56: Pw.Off | C56: Pw.Off | D56: Pw.Off | E56: Pw.Off | F56: Invalid | G56: Pw.Off | H56: Pw.Off | I56: Pw.Off | J56: Pw.Off | K56: Pw.Off | L56: Pw.Off | M56: Pw.Off | N56: Pw.Off | O56: Pw.Off | P56: Pw.Off | Q56: Pw.Off
A57: 25/02/2025 12:15 | B57: Wm. Up | C57: Wm. Up | D57: Wm. Up | E57: Wm. Up | F57: Invalid | G57: 288.76 | H57: 164.22 | I57: Data F | J57: 1.32 | K57: 40.62 | L57: 31.37 | M57: 21.37 | N57: 363.7 | O57: 0 | P57: 0.35 | Q57: Wm. Up
A58: 25/02/2025 12:30 | B58: Wm. Up | C58: Wm. Up | D58: Wm. Up | E58: 38.52 | F58: Invalid | G58: 17.32 | H58: Data F | I58: Data F | J58: 0.76 | K58: 4.73 | L58: 31.1 | M58: 21.88 | N58: 355.3 | O58: 0 | P58: 0.68 | Q58: Wm. Up
A59: 25/02/2025 12:45 | B59: 1.5 | C59: 13.16 | D59: 8.84 | E59: 31.54 | F59: Invalid | G59: Data F | H59: Data F | I59: Data F | J59: 0.74 | K59: 13.14 | L59: 31.45 | M59: 22.06 | N59: 353.2 | O59: 0 | P59: 0.7 | Q59: Data F
A60: 25/02/2025 13:00 | B60: 3.3 | C60: 23.9 | D60: 16.48 | E60: 29.5 | F60: Invalid | G60: Data F | H60: Data F | I60: Data F | J60: 0.7 | K60: 72.79 | L60: 32.23 | M60: 20.69 | N60: 356.6 | O60: 0 | P60: 0.73 | Q60: Data F
A61: 25/02/2025 13:15 | B61: 2.54 | C61: 26.43 | D61: 17.2 | E61: 16.12 | F61: Invalid | G61: Data F | H61: Data F | I61: Data F | J61: 0.27 | K61: 164.07 | L61: 32.75 | M61: 20.21 | N61: 348.3 | O61: 0 | P61: 0.65 | Q61: Data F
A62: 25/02/2025 13:30 | B62: 2.18 | C62: 25.71 | D62: 16.53 | E62: 9.65 | F62: Invalid | G62: 38.73 | H62: 36.19 | I62: Data F | J62: 0.34 | K62: 64.52 | L62: 33.02 | M62: 20.1 | N62: 336.7 | O62: 0 | P62: 0.62 | Q62: 8.84
A63: 25/02/2025 13:45 | B63: 2.24 | C63: 23.68 | D63: 15.52 | E63: -5.52 | F63: Invalid | G63: 52.81 | H63: 36.76 | I63: 12.37 | J63: 0.76 | K63: 276.04 | L63: 32.36 | M63: 20.66 | N63: 338.3 | O63: 0 | P63: 0.56 | Q63: 6.57
A64: 25/02/2025 14:00 | B64: 2.37 | C64: 21.24 | D64: 14.34 | E64: -6.62 | F64: Invalid | G64: 52.81 | H64: 36.76 | I64: 12.5 | J64: 0.34 | K64: 162.49 | L64: 33.18 | M64: 19.54 | N64: 351.1 | O64: 0 | P64: 0.53 | Q64: 0.8
A65: 25/02/2025 14:15 | B65: 2.47 | C65: 19.09 | D65: 13.31 | E65: -10.31 | F65: Invalid | G65: 52.81 | H65: 36.76 | I65: 11.97 | J65: 0.39 | K65: 120.46 | L65: 33.69 | M65: 18.64 | N65: 350.9 | O65: 0 | P65: 0.73 | Q65: 0.8
A66: 25/02/2025 14:30 | B66: 2.46 | C66: 18.7 | D66: 13.09 | E66: 9.25 | F66: Invalid | G66: 44.01 | H66: 42.38 | I66: 11.68 | J66: 0.17 | K66: 133.61 | L66: 33.64 | M66: 18.96 | N66: 343.8 | O66: 0 | P66: 0.71 | Q66: 0.8
A67: 25/02/2025 14:45 | B67: 2.49 | C67: 21.46 | D67: 14.56 | E67: -9.35 | F67: Invalid | G67: 40.81 | H67: 42.46 | I67: 11.45 | J67: 0.79 | K67: 20.12 | L67: 33.27 | M67: 19.1 | N67: 307.1 | O67: 0 | P67: 0.73 | Q67: 0.8
A68: 25/02/2025 15:00 | B68: 2.58 | C68: 21.75 | D68: 14.79 | E68: 0.6 | F68: Invalid | G68: 40.81 | H68: 42.46 | I68: 11.01 | J68: 0.25 | K68: 316.81 | L68: 32.86 | M68: 19.53 | N68: 132.5 | O68: 0 | P68: 0.7 | Q68: 0.8
A69: 25/02/2025 15:15 | B69: 2.58 | C69: 21.02 | D69: 14.4 | E69: -9.16 | F69: Invalid | G69: 40.81 | H69: 42.46 | I69: 10.81 | J69: 0.65 | K69: 291.43 | L69: 32.21 | M69: 20.19 | N69: 66.7 | O69: 0 | P69: 0.71 | Q69: 0.8
A70: 25/02/2025 15:30 | B70: 2.41 | C70: 20.44 | D70: 13.96 | E70: -8.25 | F70: Invalid | G70: 40.06 | H70: 34.22 | I70: 9.48 | J70: 0.72 | K70: 304.06 | L70: 32.14 | M70: 19.64 | N70: 61.6 | O70: 0 | P70: 0.68 | Q70: 0.8
A71: 25/02/2025 15:45 | B71: 2.39 | C71: 20.19 | D71: 13.82 | E71: 5.63 | F71: Invalid | G71: 39.78 | H71: 34.01 | I71: 8.01 | J71: 0.6 | K71: 317.78 | L71: 31.92 | M71: 19.56 | N71: 61.2 | O71: 0 | P71: 0.68 | Q71: 0.8
A72: 25/02/2025 16:00 | B72: 2.47 | C72: 20.27 | D72: 13.92 | E72: 3.76 | F72: Invalid | G72: 39.78 | H72: 34.01 | I72: 7.73 | J72: 0.56 | K72: 299.95 | L72: 31.83 | M72: 20.47 | N72: 66.2 | O72: 0 | P72: 0.67 | Q72: 0.8
A73: 25/02/2025 16:15 | B73: 2.48 | C73: 20.39 | D73: 14 | E73: 9.85 | F73: Invalid | G73: 39.78 | H73: 34.01 | I73: 7.41 | J73: 0.65 | K73: 291.96 | L73: 31.65 | M73: 21.18 | N73: 59 | O73: 0 | P73: 0.67 | Q73: 0.8
A74: 25/02/2025 16:30 | B74: 2.45 | C74: 20.61 | D74: 14.08 | E74: 21.4 | F74: Invalid | G74: 58.28 | H74: 32.44 | I74: 7.22 | J74: 0.43 | K74: 338.27 | L74: 31.61 | M74: 21.29 | N74: 47.5 | O74: 0 | P74: 0.65 | Q74: 0.8
... A104: 25/02/2025 24:00 | B104: 13.33 | C104: 24.14 | D104: 24.65 | E104: 9.19 | F104: Invalid | G104: 101.17 | H104: 29.22 | I104: 11.56 | J104: 0.55 | K104: 51.23 | L104: 21.25 | M104: 58.52 | N104: 0.3 | O104: 0 | P104: 0.98 | Q104: 0.8
A106: Min | B106: =MIN(B9:B104) -> 0.27 | C106: =MIN(C9:C104) -> 0.54 | D106: =MIN(D9:D104) -> 0.53 | E106: =MIN(E9:E104) -> -10.44 | F106: =MIN(F9:F104) -> 0 | G106: =MIN(G9:G104) -> 17.32 | H106: =MIN(H9:H104) -> 14.23 | I106: =MIN(I9:I104) -> 6.75 | ... Q106: =MIN(Q9:Q104) -> 0.8
A107: Max | B107: =MAX(B9:B104) -> 32.96 | C107: =MAX(C9:C104) -> 48.01 | D107: =MAX(D9:D104) -> 50.14 | E107: =MAX(E9:E104) -> 38.52 | F107: =MAX(F9:F104) -> 0 | G107: =MAX(G9:G104) -> 288.76 | H107: =MAX(H9:H104) -> 164.22 | I107: =MAX(I9:I104) -> 12.5 | ... Q107: =MAX(Q9:Q104) -> 8.84
A108: Avg | B108: =AVERAGE(B9:B104) -> 10.388955 | C108: =AVERAGE(C9:C104) -> 29.939254 | D108: =AVERAGE(D9:D104) -> 25.265075 | E108: =AVERAGE(E9:E104) -> 6.6075714 | F108: =AVERAGE(F9:F104) -> #DIV/0! | G108: =AVERAGE(G9:G104) -> 80.950548 | H108: =AVERAGE(H9:H104) -> 30.510972 | I108: =AVERAGE(I9:I104) -> 9.6557143 | ... Q108: =AVERAGE(Q9:Q104) -> 1.1211628
A109: Stdev | B109: =STDEV(B9:B104) -> 9.3013021 | C109: =STDEV(C9:C104) -> 10.966155 | D109: =STDEV(D9:D104) -> 12.689333 | E109: =STDEV(E9:E104) -> 9.194683 | F109: =STDEV(F9:F104) -> #DIV/0! | G109: =STDEV(G9:G104) -> 38.812815 | H109: =STDEV(H9:H104) -> 17.47104 | I109: =STDEV(I9:I104) -> 1.6094843 | ... Q109: =STDEV(Q9:Q104) -> 1.4920363
A110: Num | B110: =COUNT(B9:B104)+29 -> 96 | C110: =COUNT(C9:C104)+29 -> 96 | D110: =COUNT(D9:D104)+29 -> 96 | E110: =COUNT(E9:E104)+26 -> 96 | F110: =COUNT(F9:F104) -> 0 | G110: =COUNT(G9:G104)+23 -> 96 | H110: =COUNT(H9:H104)+24 -> 96 | I110: =COUNT(I9:I104)+54 -> 96 | J110: =COUNT(J9:J104)+20 -> 96 | K110: =COUNT(K9:K104)+20 -> 96 | L110: =COUNT(L9:L104)+20 -> 96 | M110: =COUNT(M9:M104)+20 -> 96 | N110: =COUNT(N9:N104)+20 -> 96 | O110: =COUNT(O9:O104)+20 -> 96 | P110: =COUNT(P9:P104)+20 -> 96 | Q110: =COUNT(Q9:Q104)+53 -> 96
A111: DCR | B111: =IF(B110>=87,">90%",IF(B110<=87,"<90%")) -> >90% | C111: =IF(C110>=87,">90%",IF(C110<=87,"<90%")) -> >90% | D111: =IF(D110>=87,">90%",IF(D110<=87,"<90%")) -> >90% | E111: =IF(E110>=87,">90%",IF(E110<=87,"<90%")) -> >90% | F111: =IF(F110>=87,">90%",IF(F110<=87,"<90%")) -> <90% | G111: =IF(G110>=87,">90%",IF(G110<=87,"<90%")) -> >90% | H111: =IF(H110>=87,">90%",IF(H110<=87,"<90%")) -> >90% | I111: =IF(I110>=87,">90%",IF(I110<=87,"<90%")) -> >90% | ... Q111: =IF(Q110>=87,">90%",IF(Q110<=87,"<90%")) -> >90%
A112: Status | B112: =IF(B110>=87,"OK",IF(B110<=87,"LESS")) -> OK | C112: =IF(C110>=87,"OK",IF(C110<=87,"LESS")) -> OK | D112: =IF(D110>=87,"OK",IF(D110<=87,"LESS")) -> OK | E112: =IF(E110>=87,"OK",IF(E110<=87,"LESS")) -> OK | F112: =IF(F110>=87,"OK",IF(F110<=87,"LESS")) -> LESS | G112: =IF(G110>=87,"OK",IF(G110<=87,"LESS")) -> OK | H112: =IF(H110>=87,"OK",IF(H110<=87,"LESS")) -> OK | I112: =IF(I110>=87,"OK",IF(I110<=87,"LESS")) -> OK | ... Q112: =IF(Q110>=87,"OK",IF(Q110<=87,"LESS")) -> OK
A115: Done by | B115: AKASH
A117: Comment

Sheet 26
A1: Station: | B1: IGKV RAIPUR
A2: Date: | B2: =$A$9 -> 26/02/2025 00:15 | C2: Power Off | G2: Pw.Off | J2: Link Fail | L2: Link F | N2: Maintenance | P2: Maint.
A3: Report Type: | B3: Mean | C3: Calibration | G3: Calib. | J3: Data Fail | L3: Data F | N3: Invalid | P3: Invalid
A4: Time Base: | B4: 15 Min | C4: Zero Referrence | G4: Z.Ref | J4: Warm Up | L4: Wm. Up
A7: Date & Time | B7: NO | C7: NO2 | D7: NOX | E7: SO2 | F7: O3 | G7: PM 10 | H7: PM 2.5 | I7: BENZ | J7: WS | K7: WD | L7: TEMP | M7: HUM | N7: SR | O7: RG | P7: CO | Q7: NH3
B8: ug/m3 | C8: ug/m3 | D8: ppb | E8: ug/m3 | F8: ug/m3 | G8: ug/m3 | H8: ug/m3 | I8: ug/m3 | J8: m/sec | K8: deg | L8: degreC | M8: % | N8: w/m2 | O8: mm | P8: mg/m3 | Q8: ug/m3
A9: 26/02/2025 00:15 | B9: 16.17 | C9: 24.6 | D9: 27.17 | E9: 9.42 | F9: Invalid | G9: 101.17 | H9: 29.22 | I9: 11.6 | J9: 0.61 | K9: 41.57 | L9: 22.16 | M9: 53.13 | N9: 0.4 | O9: 0 | P9: 0.99 | Q9: 54.36
A10: 26/02/2025 00:30 | B10: 16.56 | C10: 24.47 | D10: 27.41 | E10: 9.76 | F10: Invalid | G10: 108.96 | H10: 32.42 | I10: 11.77 | J10: 0.5 | K10: 36.25 | L10: 22.07 | M10: 52.46 | N10: 0.7 | O10: 0 | P10: 1 | Q10: 54.36
A11: 26/02/2025 00:45 | B11: 16.77 | C11: 24.57 | D11: 27.63 | E11: 9.7 | F11: Invalid | G11: 111.8 | H11: 32.87 | I11: 11.97 | J11: 0.59 | K11: 53.73 | L11: 22.28 | M11: 51.46 | N11: 0.6 | O11: 0 | P11: 1 | Q11: 54.36
A12: 26/02/2025 01:00 | B12: 16.81 | C12: 24.41 | D12: 27.59 | E12: 9.52 | F12: Invalid | G12: 111.8 | H12: 32.87 | I12: 12.03 | J12: 0.49 | K12: 35.99 | L12: 22.26 | M12: 51.89 | N12: 0.8 | O12: 0 | P12: 1 | Q12: 54.36
A13: 26/02/2025 01:15 | B13: 16.88 | C13: 24.55 | D13: 27.71 | E13: 9.71 | F13: Invalid | G13: 111.8 | H13: 32.87 | I13: 12 | J13: 0.44 | K13: 36.29 | L13: 22.05 | M13: 52.76 | N13: 1 | O13: 0 | P13: 1 | Q13: 54.36
A14: 26/02/2025 01:30 | B14: 16.99 | C14: 24.42 | D14: 27.74 | E14: 9.58 | F14: Invalid | G14: 104.66 | H14: 26.32 | I14: 11.92 | J14: 0.07 | K14: 94.83 | L14: 21.42 | M14: 58.42 | N14: 1.5 | O14: 0 | P14: 1 | Q14: 54.36
A15: 26/02/2025 01:45 | B15: 17.06 | C15: 24.2 | D15: 27.68 | E15: 9.35 | F15: Invalid | G15: 102.07 | H15: 25.38 | I15: 11.87 | J15: 0.14 | K15: 149.86 | L15: 20.68 | M15: 62.12 | N15: 1.4 | O15: 0 | P15: 0.99 | Q15: 54.36
A16: 26/02/2025 02:00 | B16: 17.4 | C16: 23.94 | D16: 27.81 | E16: 9.29 | F16: Invalid | G16: 102.07 | H16: 25.38 | I16: 11.81 | J16: 0.16 | K16: 60.07 | L16: 20.46 | M16: 60.17 | N16: 0.9 | O16: 0 | P16: 0.99 | Q16: 54.36
A17: 26/02/2025 02:15 | B17: 18.18 | C17: 23.2 | D17: 28.05 | E17: 9.19 | F17: Invalid | G17: 102.07 | H17: 25.38 | I17: 11.76 | J17: 0.55 | K17: 57.74 | L17: 21.21 | M17: 50.84 | N17: 0.1 | O17: 0 | P17: 0.99 | Q17: 54.36
A18: 26/02/2025 02:30 | B18: 17.87 | C18: 23.37 | D18: 27.89 | E18: 10.04 | F18: Invalid | G18: 93.98 | H18: 28.26 | I18: 11.73 | J18: 0.14 | K18: 89.9 | L18: 21.17 | M18: 53.43 | N18: 1.1 | O18: 0 | P18: 0.99 | Q18: 54.36
A19: 26/02/2025 02:45 | B19: 17.49 | C19: 23.25 | D19: 27.52 | E19: 9.8 | F19: Invalid | G19: 91.04 | H19: 28.67 | I19: 11.76 | J19: 0.46 | K19: 29.54 | L19: 21 | M19: 49.72 | N19: 0.6 | O19: 0 | P19: 0.99 | Q19: 54.36
A20: 26/02/2025 03:00 | B20: 17.42 | C20: 22.98 | D20: 27.32 | E20: 10.02 | F20: Invalid | G20: 91.04 | H20: 28.67 | I20: 11.8 | J20: 0.34 | K20: 29.07 | L20: 20.89 | M20: 49.65 | N20: 0.8 | O20: 0 | P20: 0.96 | Q20: 54.36
... A104: 26/02/2025 24:00 | B104: 25.67 | C104: 23.47 | D104: 34.2 | E104: 12.75 | F104: Invalid | G104: 97.37 | H104: 19.27 | I104: 12.07 | J104: 0.18 | K104: 170.6 | L104: 19.82 | M104: 53.38 | N104: 0.7 | O104: 0 | P104: 1.02 | Q104: 54.36
A106: Min | B106: =MIN(B9:B104) -> 4.48 | C106: =MIN(C9:C104) -> 21.69 | D106: =MIN(D9:D104) -> 16.58 | E106: =MIN(E9:E104) -> 8.96 | F106: =MIN(F9:F104) -> 0 | G106: =MIN(G9:G104) -> 34.45 | H106: =MIN(H9:H104) -> 11.19 | I106: =MIN(I9:I104) -> 5.39 | ... Q106: =MIN(Q9:Q104) -> 54.36
A107: Max | B107: =MAX(B9:B104) -> 25.94 | C107: =MAX(C9:C104) -> 27.57 | D107: =MAX(D9:D104) -> 34.2 | E107: =MAX(E9:E104) -> 29.24 | F107: =MAX(F9:F104) -> 0 | G107: =MAX(G9:G104) -> 243.77 | H107: =MAX(H9:H104) -> 167.73 | I107: =MAX(I9:I104) -> 12.07 | ... Q107: =MAX(Q9:Q104) -> 54.36
A108: Avg | B108: =AVERAGE(B9:B104) -> 12.801354 | C108: =AVERAGE(C9:C104) -> 24.154687 | D108: =AVERAGE(D9:D104) -> 24.237396 | E108: =AVERAGE(E9:E104) -> 12.485729 | F108: =AVERAGE(F9:F104) -> #DIV/0! | G108: =AVERAGE(G9:G104) -> 80.950833 | H108: =AVERAGE(H9:H104) -> 31.745 | I108: =AVERAGE(I9:I104) -> 9.76875 | ... Q108: =AVERAGE(Q9:Q104) -> 54.36
A109: Stdev | B109: =STDEV(B9:B104) -> 6.1537646 | C109: =STDEV(C9:C104) -> 1.6553142 | D109: =STDEV(D9:D104) -> 4.8943839 | E109: =STDEV(E9:E104) -> 3.9422664 | F109: =STDEV(F9:F104) -> #DIV/0! | G109: =STDEV(G9:G104) -> 39.16562 | H109: =STDEV(H9:H104) -> 34.301275 | I109: =STDEV(I9:I104) -> 1.9744826 | ... Q109: =STDEV(Q9:Q104) -> 3.5713632e-14
A110: Num | B110: =COUNT(B9:B104) -> 96 | C110: =COUNT(C9:C104) -> 96 | D110: =COUNT(D9:D104) -> 96 | E110: =COUNT(E9:E104) -> 96 | F110: =COUNT(F9:F104) -> 0 | G110: =COUNT(G9:G104) -> 96 | H110: =COUNT(H9:H104) -> 96 | I110: =COUNT(I9:I104) -> 96 | ... Q110: =COUNT(Q9:Q104) -> 96
A111: DCR | B111: =IF(B110>=87,">90%",IF(B110<=87,"<90%")) -> >90% | C111: =IF(C110>=87,">90%",IF(C110<=87,"<90%")) -> >90% | D111: =IF(D110>=87,">90%",IF(D110<=87,"<90%")) -> >90% | E111: =IF(E110>=87,">90%",IF(E110<=87,"<90%")) -> >90% | F111: =IF(F110>=87,">90%",IF(F110<=87,"<90%")) -> <90% | G111: =IF(G110>=87,">90%",IF(G110<=87,"<90%")) -> >90% | H111: =IF(H110>=87,">90%",IF(H110<=87,"<90%")) -> >90% | I111: =IF(I110>=87,">90%",IF(I110<=87,"<90%")) -> >90% | ... Q111: =IF(Q110>=87,">90%",IF(Q110<=87,"<90%")) -> >90%
A112: Status | B112: =IF(B110>=87,"OK",IF(B110<=87,"LESS")) -> OK | C112: =IF(C110>=87,"OK",IF(C110<=87,"LESS")) -> OK | D112: =IF(D110>=87,"OK",IF(D110<=87,"LESS")) -> OK | E112: =IF(E110>=87,"OK",IF(E110<=87,"LESS")) -> OK | F112: =IF(F110>=87,"OK",IF(F110<=87,"LESS")) -> LESS | G112: =IF(G110>=87,"OK",IF(G110<=87,"LESS")) -> OK | H112: =IF(H110>=87,"OK",IF(H110<=87,"LESS")) -> OK | I112: =IF(I110>=87,"OK",IF(I110<=87,"LESS")) -> OK | ... Q112: =IF(Q110>=87,"OK",IF(Q110<=87,"LESS")) -> OK
A115: Done by | B115: AKASH
A117: Comment

Sheet 27
A1: Station: | B1: IGKV RAIPUR
A2: Date: | B2: =$A$9 -> 27/02/2025 00:15 | C2: Power Off | G2: Pw.Off | J2: Link Fail | L2: Link F | N2: Maintenance | P2: Maint.
A3: Report Type: | B3: Mean | C3: Calibration | G3: Calib. | J3: Data Fail | L3: Data F | N3: Invalid | P3: Invalid
A4: Time Base: | B4: 15 Min | C4: Zero Referrence | G4: Z.Ref | J4: Warm Up | L4: Wm. Up
A7: Date & Time | B7: NO | C7: NO2 | D7: NOX | E7: SO2 | F7: O3 | G7: PM 10 | H7: PM 2.5 | I7: BENZ | J7: WS | K7: WD | L7: TEMP | M7: HUM | N7: SR | O7: RG | P7: CO | Q7: NH3
B8: ug/m3 | C8: ug/m3 | D8: ppb | E8: ug/m3 | F8: ug/m3 | G8: ug/m3 | H8: ug/m3 | I8: ug/m3 | J8: m/sec | K8: deg | L8: degreC | M8: % | N8: w/m2 | O8: mm | P8: mg/m3 | Q8: ug/m3
A9: 27/02/2025 00:15 | B9: 26.44 | C9: 24.31 | D9: 35.26 | E9: 12.24 | F9: Invalid | G9: 97.37 | H9: 19.27 | I9: 12.09 | J9: 0.3 | K9: 165.57 | L9: 19.58 | M9: 60.43 | N9: 0.8 | O9: 0 | P9: 1.02 | Q9: 14.6
A10: 27/02/2025 00:30 | B10: 26.99 | C10: 24.04 | D10: 35.55 | E10: 12.69 | F10: Invalid | G10: 109.61 | H10: 22.92 | I10: 12.14 | J10: 0.26 | K10: 194.88 | L10: 19.11 | M10: 62 | N10: 1.1 | O10: 0 | P10: 1.04 | Q10: 14.6
A11: 27/02/2025 00:45 | B11: 27.12 | C11: 23.9 | D11: 35.58 | E11: 12.02 | F11: Invalid | G11: 114.07 | H11: 23.37 | I11: 12.21 | J11: 0.15 | K11: 220.05 | L11: 18.66 | M11: 57.07 | N11: 1.1 | O11: 0 | P11: 1.05 | Q11: 14.6
A12: 27/02/2025 01:00 | B12: 27.33 | C12: 24.01 | D12: 35.81 | E12: 12.4 | F12: Invalid | G12: 114.07 | H12: 23.37 | I12: 12.25 | J12: 0.2 | K12: 174.59 | L12: 18.78 | M12: 58.35 | N12: 0.8 | O12: 0 | P12: 1.04 | Q12: 14.6
A13: 27/02/2025 01:15 | B13: 27.81 | C13: 24.18 | D13: 36.28 | E13: 12.86 | F13: Invalid | G13: 114.07 | H13: 23.37 | I13: 12.27 | J13: 0.26 | K13: 159.71 | L13: 18.69 | M13: 62.83 | N13: 0.8 | O13: 0 | P13: 1.05 | Q13: 14.6
A14: 27/02/2025 01:30 | B14: 28.15 | C14: 24.33 | D14: 36.63 | E14: 12.82 | F14: Invalid | G14: 95.25 | H14: 12.43 | I14: 12.31 | J14: 0.19 | K14: 179.78 | L14: 18.6 | M14: 61.67 | N14: 0.7 | O14: 0 | P14: 1.07 | Q14: 14.6
A15: 27/02/2025 01:45 | B15: 29.24 | C15: 24.39 | D15: 37.54 | E15: 12.56 | F15: Invalid | G15: 88.41 | H15: 10.87 | I15: 12.42 | J15: 0.13 | K15: 127.59 | L15: 18.65 | M15: 61.86 | N15: 0.8 | O15: 0 | P15: 1.08 | Q15: 14.6
A16: 27/02/2025 02:00 | B16: 31.71 | C16: 24.63 | D16: 39.65 | E16: 12.67 | F16: Invalid | G16: 88.41 | H16: 10.87 | I16: 12.49 | J16: 0.14 | K16: 63.37 | L16: 19.46 | M16: 53.4 | N16: 0.3 | O16: 0 | P16: 1.09 | Q16: 14.6
