Workbook

Sheet 01
A1: Station: | B1: BHATAGAON RAIPUR
A2: Date: | B2: =$A$9 -> 01/07/2024 00:15 | D2: Power Off | G2: Pw.Off | L2: Link Fail | N2: Link F | P2: Maintenance | R2: Maint.
A3: Report Type: | B3: Mean | D3: Calibration | G3: Calib. | L3: Data Fail | N3: Data F | P3: Invalid | R3: Invalid
A4: Time Base: | B4: 15 Min | D4: Zero Referrence | G4: Z.Ref | L4: Warm Up | N4: Wm. Up
A7: Date & Time | B7: NO_BHATAGAON | C7: NO2__BHATAGAON | D7: NOX_BHATAGAON | E7: SO2__BHATAGAON | F7: O3__BHATAGAON | G7: PM10__BHATAGAON | H7: PM2_5__BHATAGAON | I7: BENZ__BHATAGAON | J7: WS__BHATAGAON | K7: WD__BHATAGAON | L7: TEMP__BHATAGAON | M7: HUM__BHATAGAON | N7: SR__BHATAGAON | O7: RG__BHATAGAON | P7: CO__BHATAGAON | Q7: NH3__BHATAGAON
B8: ug/m3 | C8: ug/m3 | D8: ppb | E8: ug/m3 | F8: ug/m3 | G8: ug/m3 | H8: ug/m3 | I8: ug/m3 | J8: m/sec | K8: deg | L8: degreC | M8: % | N8: w/m2 | O8: mm | P8: mg/m3 | Q8: ug/m3
A9: 01/07/2024 00:15 | B9: 8.32 | C9: 3.2 | D9: 12.12 | E9: 2.93 | F9: 3.09 | G9: 18.96 | H9: 6.68 | I9: 4.94 | J9: 1.19 | K9: 149.93 | L9: 22.86 | M9: 98.38 | N9: 17.3 | O9: 0 | P9: 0.34 | Q9: 9.29
A10: 01/07/2024 00:30 | B10: 8.37 | C10: 3.26 | D10: 12.19 | E10: 2.91 | F10: 4.2 | G10: 18.96 | H10: 6.68 | I10: 4.81 | J10: 1.51 | K10: 147.47 | L10: 22.88 | M10: 98.39 | N10: 17.2 | O10: 0 | P10: 0.35 | Q10: 9.32
A11: 01/07/2024 00:45 | B11: 8.34 | C11: 3.25 | D11: 12.16 | E11: 3.36 | F11: 2.89 | G11: 20.77 | H11: 6.66 | I11: 4.68 | J11: 1.64 | K11: 143.01 | L11: 22.95 | M11: 98.39 | N11: 17.1 | O11: 0 | P11: 0.33 | Q11: 9.32
A12: 01/07/2024 01:00 | B12: 8.31 | C12: 3.19 | D12: 12.1 | E12: 3.61 | F12: 3 | G12: 21.93 | H12: 6.65 | I12: 4.66 | J12: 1.56 | K12: 143.98 | L12: 23.06 | M12: 98.36 | N12: 17.5 | O12: 0 | P12: 0.31 | Q12: 9.31
A13: 01/07/2024 01:15 | B13: 8.3 | C13: 3.15 | D13: 12.08 | E13: 3.48 | F13: 4.13 | G13: 21.93 | H13: 6.65 | I13: 4.69 | J13: 1.06 | K13: 141.07 | L13: 23.13 | M13: 98.35 | N13: 17.7 | O13: 0 | P13: 0.37 | Q13: 9.3
A14: 01/07/2024 01:30 | B14: 8.35 | C14: 3.2 | D14: 12.14 | E14: 3.51 | F14: 2.45 | G14: 21.93 | H14: 6.65 | I14: 4.67 | J14: 0.72 | K14: 169.96 | L14: 23.16 | M14: 98.35 | N14: 17.8 | O14: 0 | P14: 0.36 | Q14: 9.27
A15: 01/07/2024 01:45 | B15: 8.34 | C15: 3.23 | D15: 12.15 | E15: 3.38 | F15: 3.16 | G15: 19.94 | H15: 5.64 | I15: 4.6 | J15: 0.34 | K15: 168.79 | L15: 23.14 | M15: 98.35 | N15: 17.8 | O15: 0 | P15: 0.35 | Q15: 9.29
A16: 01/07/2024 02:00 | B16: 8.33 | C16: 3.2 | D16: 12.13 | E16: 2.93 | F16: 3.5 | G16: 18.68 | H16: 5 | I16: 4.49 | J16: 0.51 | K16: 154.47 | L16: 23.21 | M16: 98.35 | N16: 17.9 | O16: 0 | P16: 0.34 | Q16: 9.31
A17: 01/07/2024 02:15 | B17: 8.32 | C17: 3.21 | D17: 12.13 | E17: 2.88 | F17: 3.66 | G17: 18.68 | H17: 5 | I17: 4.45 | J17: 0.37 | K17: 194.8 | L17: 23.33 | M17: 98.35 | N17: 18 | O17: 0 | P17: 0.34 | Q17: 9.3
A18: 01/07/2024 02:30 | B18: 8.34 | C18: 3.25 | D18: 12.15 | E18: 3.22 | F18: 3.63 | G18: 18.68 | H18: 5 | I18: 4.43 | J18: 0.29 | K18: 189.52 | L18: 23.41 | M18: 98.34 | N18: 18.1 | O18: 0 | P18: 0.34 | Q18: 9.3
A19: 01/07/2024 02:45 | B19: 8.37 | C19: 3.31 | D19: 12.21 | E19: 3.07 | F19: 3.44 | G19: 18.5 | H19: 5.41 | I19: 4.35 | J19: 0.17 | K19: 27.47 | L19: 23.45 | M19: 98.33 | N19: 17.8 | O19: 0 | P19: 0.33 | Q19: 9.31
A20: 01/07/2024 03:00 | B20: 8.39 | C20: 3.33 | D20: 12.24 | E20: 3.15 | F20: 3.68 | G20: 18.39 | H20: 5.68 | I20: 4.25 | J20: 0.39 | K20: 351.46 | L20: 23.53 | M20: 98.32 | N20: 17.7 | O20: 0 | P20: 0.32 | Q20: 9.35
... A104: 01/07/2024 24:00 | B104: 8.17 | C104: 3.19 | D104: 12 | E104: 3.2 | F104: 3.55 | G104: 30.39 | H104: 7.68 | I104: 3.95 | J104: 0.14 | K104: 300.54 | L104: 23.75 | M104: 98.33 | N104: 18.1 | O104: 0 | P104: 0.4 | Q104: 9.39
A106: Min | B106: =MIN(B9:B104) -> 8.12 | C106: =MIN(C9:C104) -> 3.08 | D106: =MIN(D9:D104) -> 11.92 | E106: =MIN(E9:E104) -> 2.78 | F106: =MIN(F9:F104) -> 2.39 | G106: =MIN(G9:G104) -> 14.64 | H106: =MIN(H9:H104) -> 3.46 | I106: =MIN(I9:I104) -> 1.04 | ... Q106: =MIN(Q9:Q104) -> 9.18
A107: Max | B107: =MAX(B9:B104) -> 8.41 | C107: =MAX(C9:C104) -> 3.56 | D107: =MAX(D9:D104) -> 12.37 | E107: =MAX(E9:E104) -> 4.97 | F107: =MAX(F9:F104) -> 8.31 | G107: =MAX(G9:G104) -> 54.4 | H107: =MAX(H9:H104) -> 14.09 | I107: =MAX(I9:I104) -> 4.94 | ... Q107: =MAX(Q9:Q104) -> 9.4
A108: Avg | B108: =AVERAGE(B9:B104) -> 8.2598958 | C108: =AVERAGE(C9:C104) -> 3.2446875 | D108: =AVERAGE(D9:D104) -> 12.093229 | E108: =AVERAGE(E9:E104) -> 3.9110417 | F108: =AVERAGE(F9:F104) -> 4.1796875 | G108: =AVERAGE(G9:G104) -> 27.276563 | H108: =AVERAGE(H9:H104) -> 8.4948958 | I108: =AVERAGE(I9:I104) -> 2.4802083 | ... Q108: =AVERAGE(Q9:Q104) -> 9.2879167
A109: Stdev | B109: =STDEV(B9:B104) -> 0.06864853 | C109: =STDEV(C9:C104) -> 0.084154659 | D109: =STDEV(D9:D104) -> 0.084747238 | E109: =STDEV(E9:E104) -> 0.61356161 | F109: =STDEV(F9:F104) -> 1.2181724 | G109: =STDEV(G9:G104) -> 10.601917 | H109: =STDEV(H9:H104) -> 3.3230411 | I109: =STDEV(I9:I104) -> 1.2439902 | ... Q109: =STDEV(Q9:Q104) -> 0.061505955
A110: Num | B110: =COUNT(B9:B104) -> 96 | C110: =COUNT(C9:C104) -> 96 | D110: =COUNT(D9:D104) -> 96 | E110: =COUNT(E9:E104) -> 96 | F110: =COUNT(F9:F104) -> 96 | G110: =COUNT(G9:G104) -> 96 | H110: =COUNT(H9:H104) -> 96 | I110: =COUNT(I9:I104) -> 96 | ... Q110: =COUNT(Q9:Q104) -> 96
A111: DCR | B111: =IF(B110>=87,">90%",IF(B110<=87,"<90%")) -> >90% | C111: =IF(C110>=87,">90%",IF(C110<=87,"<90%")) -> >90% | D111: =IF(D110>=87,">90%",IF(D110<=87,"<90%")) -> >90% | E111: =IF(E110>=87,">90%",IF(E110<=87,"<90%")) -> >90% | F111: =IF(F110>=87,">90%",IF(F110<=87,"<90%")) -> >90% | G111: =IF(G110>=87,">90%",IF(G110<=87,"<90%")) -> >90% | H111: =IF(H110>=87,">90%",IF(H110<=87,"<90%")) -> >90% | I111: =IF(I110>=87,">90%",IF(I110<=87,"<90%")) -> >90% | ... Q111: =IF(Q110>=87,">90%",IF(Q110<=87,"<90%")) -> >90%
A112: Status | B112: =IF(B110>=87,"OK",IF(B110<=87,"LESS")) -> OK | C112: =IF(C110>=87,"OK",IF(C110<=87,"LESS")) -> OK | D112: =IF(D110>=87,"OK",IF(D110<=87,"LESS")) -> OK | E112: =IF(E110>=87,"OK",IF(E110<=87,"LESS")) -> OK | F112: =IF(F110>=87,"OK",IF(F110<=87,"LESS")) -> OK | G112: =IF(G110>=87,"OK",IF(G110<=87,"LESS")) -> OK | H112: =IF(H110>=87,"OK",IF(H110<=87,"LESS")) -> OK | I112: =IF(I110>=87,"OK",IF(I110<=87,"LESS")) -> OK | ... Q112: =IF(Q110>=87,"OK",IF(Q110<=87,"LESS")) -> OK
A115: Done by | B115: RK
A117: Comment

Sheet 02
A1: Station: | B1: BHATAGAON RAIPUR
A2: Date: | B2: =$A$9 -> 02/07/2024 00:15 | D2: Power Off | G2: Pw.Off | L2: Link Fail | N2: Link F | P2: Maintenance | R2: Maint.
A3: Report Type: | B3: Mean | D3: Calibration | G3: Calib. | L3: Data Fail | N3: Data F | P3: Invalid | R3: Invalid
A4: Time Base: | B4: 15 Min | D4: Zero Referrence | G4: Z.Ref | L4: Warm Up | N4: Wm. Up
A7: Date & Time | B7: NO_BHATAGAON | C7: NO2__BHATAGAON | D7: NOX_BHATAGAON | E7: SO2__BHATAGAON | F7: O3__BHATAGAON | G7: PM10__BHATAGAON | H7: PM2_5__BHATAGAON | I7: BENZ__BHATAGAON | J7: WS__BHATAGAON | K7: WD__BHATAGAON | L7: TEMP__BHATAGAON | M7: HUM__BHATAGAON | N7: SR__BHATAGAON | O7: RG__BHATAGAON | P7: CO__BHATAGAON | Q7: NH3__BHATAGAON
B8: ug/m3 | C8: ug/m3 | D8: ppb | E8: ug/m3 | F8: ug/m3 | G8: ug/m3 | H8: ug/m3 | I8: ug/m3 | J8: m/sec | K8: deg | L8: degreC | M8: % | N8: w/m2 | O8: mm | P8: mg/m3 | Q8: ug/m3
A9: 02/07/2024 00:15 | B9: 8.21 | C9: 3.19 | D9: 12.02 | E9: 3.84 | F9: 3.1 | G9: 30.39 | H9: 7.68 | I9: 3.77 | J9: 0.05 | K9: 241.29 | L9: 23.74 | M9: 98.33 | N9: 18 | O9: 0 | P9: 0.38 | Q9: 9.37
A10: 02/07/2024 00:30 | B10: 8.19 | C10: 3.21 | D10: 12.02 | E10: 3.55 | F10: 3.53 | G10: 30.39 | H10: 7.68 | I10: 3.64 | J10: 0.16 | K10: 40.96 | L10: 23.75 | M10: 98.33 | N10: 18 | O10: 0 | P10: 0.37 | Q10: 9.34
A11: 02/07/2024 00:45 | B11: 8.22 | C11: 3.19 | D11: 12.04 | E11: 3.56 | F11: 3.18 | G11: 27.49 | H11: 6.51 | I11: 3.58 | J11: 0.2 | K11: 22.13 | L11: 23.88 | M11: 98.3 | N11: 17.9 | O11: 0 | P11: 0.36 | Q11: 9.33
A12: 02/07/2024 01:00 | B12: 8.33 | C12: 3.3 | D12: 12.18 | E12: 3.62 | F12: 3.49 | G12: 25.74 | H12: 5.8 | I12: 3.53 | J12: 0.15 | K12: 237.77 | L12: 23.91 | M12: 98.27 | N12: 17.7 | O12: 0 | P12: 0.35 | Q12: 9.35
A13: 02/07/2024 01:15 | B13: 8.28 | C13: 3.2 | D13: 12.09 | E13: 3.55 | F13: 3.39 | G13: 25.74 | H13: 5.8 | I13: 3.56 | J13: 0.08 | K13: 343.58 | L13: 23.89 | M13: 98.28 | N13: 17.6 | O13: 0 | P13: 0.33 | Q13: 9.33
A14: 02/07/2024 01:30 | B14: 8.26 | C14: 3.14 | D14: 12.04 | E14: 3.83 | F14: 3.32 | G14: 25.74 | H14: 5.8 | I14: 3.67 | J14: 0.19 | K14: 348.22 | L14: 24.02 | M14: 97.28 | N14: 17.5 | O14: 0 | P14: 0.34 | Q14: 9.35
A15: 02/07/2024 01:45 | B15: 8.24 | C15: 3.16 | D15: 12.03 | E15: 3.77 | F15: 3.52 | G15: 23.43 | H15: 4.73 | I15: 3.78 | J15: 0.22 | K15: 348.94 | L15: 24.07 | M15: 95.86 | N15: 17.8 | O15: 0 | P15: 0.32 | Q15: 9.38
A16: 02/07/2024 02:00 | B16: 8.23 | C16: 3.24 | D16: 12.07 | E16: 3.48 | F16: 3.95 | G16: 21.97 | H16: 4.06 | I16: 3.78 | J16: 0.22 | K16: 341.42 | L16: 23.83 | M16: 96.04 | N16: 18.1 | O16: 0 | P16: 0.31 | Q16: 9.36
A17: 02/07/2024 02:15 | B17: 8.19 | C17: 3.12 | D17: 11.97 | E17: 3.93 | F17: 4.03 | G17: 21.97 | H17: 4.06 | I17: 3.59 | J17: 0.55 | K17: 5.65 | L17: 23.6 | M17: 94.34 | N17: 17.8 | O17: 0 | P17: 0.3 | Q17: 9.31
A18: 02/07/2024 02:30 | B18: 8.16 | C18: 3.1 | D18: 11.94 | E18: 3.74 | F18: 4.77 | G18: 21.97 | H18: 4.06 | I18: 3.33 | J18: 0.57 | K18: 4.14 | L18: 23.33 | M18: 91.66 | N18: 17.7 | O18: 0 | P18: 0.28 | Q18: 9.34
A19: 02/07/2024 02:45 | B19: 8.13 | C19: 3.11 | D19: 11.92 | E19: 3.99 | F19: 5.61 | G19: 22.7 | H19: 3.83 | I19: 3.11 | J19: 0.37 | K19: 343.78 | L19: 23.14 | M19: 88.5 | N19: 17.8 | O19: 0 | P19: 0.28 | Q19: 9.3
A20: 02/07/2024 03:00 | B20: 8.16 | C20: 3.16 | D20: 11.97 | E20: 4.1 | F20: 2.87 | G20: 23.17 | H20: 3.68 | I20: 2.85 | J20: 0.5 | K20: 0.63 | L20: 22.88 | M20: 87.79 | N20: 17.7 | O20: 0 | P20: 0.26 | Q20: 9.21
... A104: 02/07/2024 24:00 | B104: 8.27 | C104: 3.27 | D104: 12.12 | E104: 4.7 | F104: 4.37 | G104: 23.79 | H104: 8.61 | I104: 3.37 | J104: 0.65 | K104: 10.05 | L104: 23.42 | M104: 96.68 | N104: 18.1 | O104: 0 | P104: 0.38 | Q104: 9.32
A106: Min | B106: =MIN(B9:B104) -> 8.11 | C106: =MIN(C9:C104) -> 3.02 | D106: =MIN(D9:D104) -> 11.87 | E106: =MIN(E9:E104) -> 3.08 | F106: =MIN(F9:F104) -> 2.55 | G106: =MIN(G9:G104) -> 14.58 | H106: =MIN(H9:H104) -> 1.11 | I106: =MIN(I9:I104) -> 0.96 | ... Q106: =MIN(Q9:Q104) -> 9.17
A107: Max | B107: =MAX(B9:B104) -> 8.39 | C107: =MAX(C9:C104) -> 3.71 | D107: =MAX(D9:D104) -> 12.43 | E107: =MAX(E9:E104) -> 5.06 | F107: =MAX(F9:F104) -> 6.28 | G107: =MAX(G9:G104) -> 46.52 | H107: =MAX(H9:H104) -> 14.84 | I107: =MAX(I9:I104) -> 4.86 | ... Q107: =MAX(Q9:Q104) -> 9.47
A108: Avg | B108: =AVERAGE(B9:B104) -> 8.2084375 | C108: =AVERAGE(C9:C104) -> 3.19375 | D108: =AVERAGE(D9:D104) -> 12.025417 | E108: =AVERAGE(E9:E104) -> 4.1141667 | F108: =AVERAGE(F9:F104) -> 3.9802083 | G108: =AVERAGE(G9:G104) -> 29.526562 | H108: =AVERAGE(H9:H104) -> 7.5639583 | I108: =AVERAGE(I9:I104) -> 2.3561458 | ... Q108: =AVERAGE(Q9:Q104) -> 9.2786458
A109: Stdev | B109: =STDEV(B9:B104) -> 0.051612486 | C109: =STDEV(C9:C104) -> 0.10525408 | D109: =STDEV(D9:D104) -> 0.09181121 | E109: =STDEV(E9:E104) -> 0.37026212 | F109: =STDEV(F9:F104) -> 0.84012152 | G109: =STDEV(G9:G104) -> 9.456236 | H109: =STDEV(H9:H104) -> 3.8591648 | I109: =STDEV(I9:I104) -> 1.1849747 | ... Q109: =STDEV(Q9:Q104) -> 0.083560502
A110: Num | B110: =COUNT(B9:B104) -> 96 | C110: =COUNT(C9:C104) -> 96 | D110: =COUNT(D9:D104) -> 96 | E110: =COUNT(E9:E104) -> 96 | F110: =COUNT(F9:F104) -> 96 | G110: =COUNT(G9:G104) -> 96 | H110: =COUNT(H9:H104) -> 96 | I110: =COUNT(I9:I104) -> 96 | ... Q110: =COUNT(Q9:Q104) -> 96
A111: DCR | B111: =IF(B110>=87,">90%",IF(B110<=87,"<90%")) -> >90% | C111: =IF(C110>=87,">90%",IF(C110<=87,"<90%")) -> >90% | D111: =IF(D110>=87,">90%",IF(D110<=87,"<90%")) -> >90% | E111: =IF(E110>=87,">90%",IF(E110<=87,"<90%")) -> >90% | F111: =IF(F110>=87,">90%",IF(F110<=87,"<90%")) -> >90% | G111: =IF(G110>=87,">90%",IF(G110<=87,"<90%")) -> >90% | H111: =IF(H110>=87,">90%",IF(H110<=87,"<90%")) -> >90% | I111: =IF(I110>=87,">90%",IF(I110<=87,"<90%")) -> >90% | ... Q111: =IF(Q110>=87,">90%",IF(Q110<=87,"<90%")) -> >90%
A112: Status | B112: =IF(B110>=87,"OK",IF(B110<=87,"LESS")) -> OK | C112: =IF(C110>=87,"OK",IF(C110<=87,"LESS")) -> OK | D112: =IF(D110>=87,"OK",IF(D110<=87,"LESS")) -> OK | E112: =IF(E110>=87,"OK",IF(E110<=87,"LESS")) -> OK | F112: =IF(F110>=87,"OK",IF(F110<=87,"LESS")) -> OK | G112: =IF(G110>=87,"OK",IF(G110<=87,"LESS")) -> OK | H112: =IF(H110>=87,"OK",IF(H110<=87,"LESS")) -> OK | I112: =IF(I110>=87,"OK",IF(I110<=87,"LESS")) -> OK | ... Q112: =IF(Q110>=87,"OK",IF(Q110<=87,"LESS")) -> OK
A115: Done by | B115: RK
A117: Comment

Sheet 03
A1: Station: | B1: BHATAGAON RAIPUR
A2: Date: | B2: =$A$9 -> 03/07/2024 00:15 | D2: Power Off | G2: Pw.Off | L2: Link Fail | N2: Link F | P2: Maintenance | R2: Maint.
A3: Report Type: | B3: Mean | D3: Calibration | G3: Calib. | L3: Data Fail | N3: Data F | P3: Invalid | R3: Invalid
A4: Time Base: | B4: 15 Min | D4: Zero Referrence | G4: Z.Ref | L4: Warm Up | N4: Wm. Up
A7: Date & Time | B7: NO_BHATAGAON | C7: NO2__BHATAGAON | D7: NOX_BHATAGAON | E7: SO2__BHATAGAON | F7: O3__BHATAGAON | G7: PM10__BHATAGAON | H7: PM2_5__BHATAGAON | I7: BENZ__BHATAGAON | J7: WS__BHATAGAON | K7: WD__BHATAGAON | L7: TEMP__BHATAGAON | M7: HUM__BHATAGAON | N7: SR__BHATAGAON | O7: RG__BHATAGAON | P7: CO__BHATAGAON | Q7: NH3__BHATAGAON
B8: ug/m3 | C8: ug/m3 | D8: ppb | E8: ug/m3 | F8: ug/m3 | G8: ug/m3 | H8: ug/m3 | I8: ug/m3 | J8: m/sec | K8: deg | L8: degreC | M8: % | N8: w/m2 | O8: mm | P8: mg/m3 | Q8: ug/m3
A9: 03/07/2024 00:15 | B9: 8.25 | C9: 3.21 | D9: 12.07 | E9: 4.54 | F9: 4.92 | G9: 23.79 | H9: 8.61 | I9: 3.07 | J9: 0.74 | K9: 13.51 | L9: 23.19 | M9: 97.41 | N9: 18 | O9: 0 | P9: 0.35 | Q9: 9.31
A10: 03/07/2024 00:30 | B10: 8.23 | C10: 3.23 | D10: 12.06 | E10: 4.29 | F10: 5.07 | G10: 23.79 | H10: 8.61 | I10: 2.58 | J10: 0.67 | K10: 10.56 | L10: 23.04 | M10: 97.88 | N10: 17.8 | O10: 0 | P10: 0.33 | Q10: 9.3
A11: 03/07/2024 00:45 | B11: 8.22 | C11: 3.24 | D11: 12.06 | E11: 4.54 | F11: 4.91 | G11: 19.84 | H11: 7.17 | I11: 2.17 | J11: 0.56 | K11: 5.91 | L11: 22.9 | M11: 98.3 | N11: 17.8 | O11: 0 | P11: 0.3 | Q11: 9.26
A12: 03/07/2024 01:00 | B12: 8.23 | C12: 3.26 | D12: 12.08 | E12: 4.72 | F12: 4.82 | G12: 17.44 | H12: 6.25 | I12: 1.92 | J12: 0.63 | K12: 5.84 | L12: 22.79 | M12: 98.32 | N12: 17.7 | O12: 0 | P12: 0.29 | Q12: 9.23
A13: 03/07/2024 01:15 | B13: 8.21 | C13: 3.16 | D13: 12.01 | E13: 4.68 | F13: 5.71 | G13: 17.44 | H13: 6.25 | I13: 1.76 | J13: 0.59 | K13: 16.07 | L13: 22.73 | M13: 98.32 | N13: 17.7 | O13: 0 | P13: 0.29 | Q13: 9.22
A14: 03/07/2024 01:30 | B14: 8.18 | C14: 3.15 | D14: 11.98 | E14: 4.57 | F14: 6.41 | G14: 17.44 | H14: 6.25 | I14: 1.68 | J14: 0.77 | K14: 19.52 | L14: 22.64 | M14: 98.33 | N14: 17.8 | O14: 0 | P14: 0.31 | Q14: 9.21
A15: 03/07/2024 01:45 | B15: 8.15 | C15: 3.11 | D15: 11.93 | E15: 4.53 | F15: 4.71 | G15: 15.73 | H15: 5.23 | I15: 1.59 | J15: 0.6 | K15: 8.44 | L15: 22.62 | M15: 98.33 | N15: 17.7 | O15: 0 | P15: 0.3 | Q15: 9.16
A16: 03/07/2024 02:00 | B16: 8.17 | C16: 3.21 | D16: 12.01 | E16: 4.52 | F16: 4.29 | G16: 14.64 | H16: 4.59 | I16: 1.5 | J16: 0.5 | K16: 25.9 | L16: 22.62 | M16: 98.33 | N16: 17.7 | O16: 0 | P16: 0.27 | Q16: 9.14
A17: 03/07/2024 02:15 | B17: 8.13 | C17: 3.09 | D17: 11.91 | E17: 4.49 | F17: 5.04 | G17: 14.64 | H17: 4.59 | I17: 1.38 | J17: 0.6 | K17: 14.13 | L17: 22.66 | M17: 98.33 | N17: 17.7 | O17: 0 | P17: 0.26 | Q17: 9.15
A18: 03/07/2024 02:30 | B18: 8.15 | C18: 3.12 | D18: 11.93 | E18: 4.64 | F18: 5.88 | G18: 14.64 | H18: 4.59 | I18: 1.23 | J18: 0.72 | K18: 11.18 | L18: 22.59 | M18: 98.33 | N18: 17.8 | O18: 0 | P18: 0.26 | Q18: 9.23
A19: 03/07/2024 02:45 | B19: 8.15 | C19: 3.1 | D19: 11.92 | E19: 4.78 | F19: 4.39 | G19: 12.3 | H19: 3.78 | I19: 1.13 | J19: 0.5 | K19: 13.69 | L19: 22.55 | M19: 98.33 | N19: 17.8 | O19: 0 | P19: 0.26 | Q19: 9.18
A20: 03/07/2024 03:00 | B20: 8.14 | C20: 3.12 | D20: 11.93 | E20: 4.34 | F20: 4.85 | G20: 10.81 | H20: 3.27 | I20: 1.06 | J20: 0.75 | K20: 11.78 | L20: 22.55 | M20: 98.32 | N20: 17.8 | O20: 0 | P20: 0.24 | Q20: 9.17
... A54: 03/07/2024 11:30 | B54: 8.17 | C54: 3.36 | D54: 12.08 | E54: 4.6 | F54: 5.47 | G54: 39.71 | H54: 9.92 | I54: 1.89 | J54: 0.52 | K54: 347.74 | L54: 28.07 | M54: 74.48 | N54: 381.3 | O54: 0 | P54: 0.76 | Q54: 9.28
A55: 03/07/2024 11:45 | B55: 8.19 | C55: 3.29 | D55: 12.05 | E55: 4.29 | F55: 4.94 | G55: Calib. | H55: Calib. | I55: 2.24 | J55: 0.54 | K55: 344.68 | L55: 27.75 | M55: 74.95 | N55: 247.8 | O55: 0 | P55: 0.74 | Q55: 9.28
A56: 03/07/2024 12:00 | B56: 8.2 | C56: 3.32 | D56: 12.08 | E56: 3.53 | F56: 5.32 | G56: Calib. | H56: Calib. | I56: 2.4 | J56: 0.57 | K56: 353.66 | L56: 27.36 | M56: 75.97 | N56: 365.6 | O56: 0 | P56: 0.73 | Q56: 9.3
A57: 03/07/2024 12:15 | B57: 8.18 | C57: 3.33 | D57: 12.08 | E57: 3.71 | F57: 4.19 | G57: Calib. | H57: Calib. | I57: 2.57 | J57: 0.52 | K57: 338.32 | L57: 28.16 | M57: 73.74 | N57: 374.4 | O57: 0 | P57: 0.7 | Q57: 9.29
A58: 03/07/2024 12:30 | B58: 8.19 | C58: 3.3 | D58: 12.07 | E58: 3.64 | F58: 4.47 | G58: 39.53 | H58: 13.33 | I58: 2.62 | J58: 0.55 | K58: 342.88 | L58: 28.21 | M58: 72.47 | N58: 391.8 | O58: 0 | P58: 0.69 | Q58: 9.27
A59: 03/07/2024 12:45 | B59: 8.26 | C59: 3.24 | D59: 12.09 | E59: 3.68 | F59: 4.83 | G59: 45.56 | H59: 14.43 | I59: 2.6 | J59: 0.58 | K59: 5.75 | L59: 27.88 | M59: 72.55 | N59: 348.6 | O59: 0 | P59: 0.67 | Q59: 9.25
A60: 03/07/2024 13:00 | B60: 8.29 | C60: 3.32 | D60: 12.16 | E60: 3.83 | F60: 5.02 | G60: 49.39 | H60: 15.13 | I60: 2.58 | J60: 0.53 | K60: 355.57 | L60: 27.92 | M60: 72.24 | N60: 356.7 | O60: 0 | P60: 0.65 | Q60: 9.27
A61: 03/07/2024 13:15 | B61: 8.34 | C61: 3.5 | D61: 12.29 | E61: 3.78 | F61: 4.72 | G61: 49.39 | H61: 15.13 | I61: 2.49 | J61: 0.51 | K61: 339.53 | L61: 28.13 | M61: 72.33 | N61: 209.7 | O61: 0 | P61: 0.55 | Q61: 9.27
A62: 03/07/2024 13:30 | B62: 8.29 | C62: 3.29 | D62: 12.14 | E62: 3.69 | F62: 4.47 | G62: 49.39 | H62: 15.13 | I62: 2.4 | J62: 0.61 | K62: 312.58 | L62: 28.94 | M62: 70.05 | N62: 314.7 | O62: 0 | P62: 0.57 | Q62: 9.24
A63: 03/07/2024 13:45 | B63: 8.28 | C63: 3.23 | D63: 12.1 | E63: 4.58 | F63: 5.74 | G63: 61.67 | H63: 16.48 | I63: 2.34 | J63: 0.59 | K63: 334.42 | L63: 29.19 | M63: 67.04 | N63: 504.7 | O63: 0 | P63: 0.55 | Q63: 9.23
A64: 03/07/2024 14:00 | B64: 8.27 | C64: 3.25 | D64: 12.1 | E64: 3.92 | F64: 5.79 | G64: 69.49 | H64: 17.34 | I64: 2.27 | J64: 0.55 | K64: 322.41 | L64: 30.22 | M64: 64.19 | N64: 693.8 | O64: 0 | P64: 0.52 | Q64: 9.25
A65: 03/07/2024 14:15 | B65: 8.27 | C65: 3.23 | D65: 12.09 | E65: 3.92 | F65: 8.75 | G65: 69.49 | H65: 17.34 | I65: 2.14 | J65: 0.53 | K65: 351.97 | L65: 30.83 | M65: 61.45 | N65: 627.9 | O65: 0 | P65: 0.47 | Q65: 9.24
A66: 03/07/2024 14:30 | B66: 8.25 | C66: 3.18 | D66: 12.05 | E66: 4.05 | F66: 6.9 | G66: 69.49 | H66: 17.34 | I66: 1.98 | J66: 0.53 | K66: 353.87 | L66: 29.67 | M66: 64.2 | N66: 356.1 | O66: 0 | P66: 0.45 | Q66: 9.25
A67: 03/07/2024 14:45 | B67: 8.27 | C67: 3.18 | D67: 12.07 | E67: 3.9 | F67: 5.28 | G67: 65.92 | H67: 18.82 | I67: 1.78 | J67: 0.61 | K67: 333.89 | L67: 29.67 | M67: 63.93 | N67: 288.1 | O67: 0 | P67: 0.42 | Q67: 9.26
A68: 03/07/2024 15:00 | B68: 8.27 | C68: 3.2 | D68: 12.08 | E68: 3.66 | F68: 4.76 | G68: 63.65 | H68: 19.76 | I68: 1.68 | J68: 0.57 | K68: 336.38 | L68: 29.46 | M68: 64.39 | N68: 275.7 | O68: 0 | P68: 0.43 | Q68: 9.24
A69: 03/07/2024 15:15 | B69: 8.27 | C69: 3.24 | D69: 12.1 | E69: 3.66 | F69: 5.39 | G69: 63.65 | H69: 19.76 | I69: 1.67 | J69: 0.63 | K69: 331.11 | L69: 29.84 | M69: 63.84 | N69: 281.4 | O69: 0 | P69: 0.43 | Q69: 9.26
... A104: 03/07/2024 24:00 | B104: 8.29 | C104: 3.24 | D104: 12.11 | E104: 3.03 | F104: 3.51 | G104: 34.43 | H104: 11.37 | I104: 4.04 | J104: 0.63 | K104: 151.36 | L104: 23.86 | M104: 90.13 | N104: 18.1 | O104: 0 | P104: 0.41 | Q104: 9.36
A106: Min | B106: =MIN(B9:B104) -> 8.08 | C106: =MIN(C9:C104) -> 3.01 | D106: =MIN(D9:D104) -> 11.83 | E106: =MIN(E9:E104) -> 2.91 | F106: =MIN(F9:F104) -> 2.7 | G106: =MIN(G9:G104) -> 8.52 | H106: =MIN(H9:H104) -> 1.53 | I106: =MIN(I9:I104) -> 0.57 | ... Q106: =MIN(Q9:Q104) -> 9.14
A107: Max | B107: =MAX(B9:B104) -> 8.42 | C107: =MAX(C9:C104) -> 3.59 | D107: =MAX(D9:D104) -> 12.4 | E107: =MAX(E9:E104) -> 4.98 | F107: =MAX(F9:F104) -> 8.75 | G107: =MAX(G9:G104) -> 69.49 | H107: =MAX(H9:H104) -> 19.76 | I107: =MAX(I9:I104) -> 4.04 | ... Q107: =MAX(Q9:Q104) -> 9.36
A108: Avg | B108: =AVERAGE(B9:B104) -> 8.2321875 | C108: =AVERAGE(C9:C104) -> 3.2198958 | D108: =AVERAGE(D9:D104) -> 12.058021 | E108: =AVERAGE(E9:E104) -> 4.0677083 | F108: =AVERAGE(F9:F104) -> 4.448125 | G108: =AVERAGE(G9:G104) -> 35.809462 | H108: =AVERAGE(H9:H104) -> 10.245161 | I108: =AVERAGE(I9:I104) -> 1.8420833 | ... Q108: =AVERAGE(Q9:Q104) -> 9.2434375
A109: Stdev | B109: =STDEV(B9:B104) -> 0.062089971 | C109: =STDEV(C9:C104) -> 0.11330903 | D109: =STDEV(D9:D104) -> 0.099447101 | E109: =STDEV(E9:E104) -> 0.58688917 | F109: =STDEV(F9:F104) -> 0.96928331 | G109: =STDEV(G9:G104) -> 17.899514 | H109: =STDEV(H9:H104) -> 5.8693483 | I109: =STDEV(I9:I104) -> 0.90756808 | ... Q109: =STDEV(Q9:Q104) -> 0.057598029
A110: Num | B110: =COUNT(B9:B104) -> 96 | C110: =COUNT(C9:C104) -> 96 | D110: =COUNT(D9:D104) -> 96 | E110: =COUNT(E9:E104) -> 96 | F110: =COUNT(F9:F104) -> 96 | G110: =COUNT(G9:G104)+3 -> 96 | H110: =COUNT(H9:H104)+3 -> 96 | I110: =COUNT(I9:I104) -> 96 | J110: =COUNT(J9:J104) -> 96 | K110: =COUNT(K9:K104) -> 96 | L110: =COUNT(L9:L104) -> 96 | M110: =COUNT(M9:M104) -> 96 | N110: =COUNT(N9:N104) -> 96 | O110: =COUNT(O9:O104) -> 96 | P110: =COUNT(P9:P104) -> 96 | Q110: =COUNT(Q9:Q104) -> 96
A111: DCR | B111: =IF(B110>=87,">90%",IF(B110<=87,"<90%")) -> >90% | C111: =IF(C110>=87,">90%",IF(C110<=87,"<90%")) -> >90% | D111: =IF(D110>=87,">90%",IF(D110<=87,"<90%")) -> >90% | E111: =IF(E110>=87,">90%",IF(E110<=87,"<90%")) -> >90% | F111: =IF(F110>=87,">90%",IF(F110<=87,"<90%")) -> >90% | G111: =IF(G110>=87,">90%",IF(G110<=87,"<90%")) -> >90% | H111: =IF(H110>=87,">90%",IF(H110<=87,"<90%")) -> >90% | I111: =IF(I110>=87,">90%",IF(I110<=87,"<90%")) -> >90% | ... Q111: =IF(Q110>=87,">90%",IF(Q110<=87,"<90%")) -> >90%
A112: Status | B112: =IF(B110>=87,"OK",IF(B110<=87,"LESS")) -> OK | C112: =IF(C110>=87,"OK",IF(C110<=87,"LESS")) -> OK | D112: =IF(D110>=87,"OK",IF(D110<=87,"LESS")) -> OK | E112: =IF(E110>=87,"OK",IF(E110<=87,"LESS")) -> OK | F112: =IF(F110>=87,"OK",IF(F110<=87,"LESS")) -> OK | G112: =IF(G110>=87,"OK",IF(G110<=87,"LESS")) -> OK | H112: =IF(H110>=87,"OK",IF(H110<=87,"LESS")) -> OK | I112: =IF(I110>=87,"OK",IF(I110<=87,"LESS")) -> OK | ... Q112: =IF(Q110>=87,"OK",IF(Q110<=87,"LESS")) -> OK
A115: Done by | B115: RK
A117: Comment

Sheet 04
A1: Station: | B1: BHATAGAON RAIPUR
A2: Date: | B2: =$A$9 -> 04/07/2024 00:15 | D2: Power Off | G2: Pw.Off | L2: Link Fail | N2: Link F | P2: Maintenance | R2: Maint.
A3: Report Type: | B3: Mean | D3: Calibration | G3: Calib. | L3: Data Fail | N3: Data F | P3: Invalid | R3: Invalid
A4: Time Base: | B4: 15 Min | D4: Zero Referrence | G4: Z.Ref | L4: Warm Up | N4: Wm. Up
A7: Date & Time | B7: NO_BHATAGAON | C7: NO2__BHATAGAON | D7: NOX_BHATAGAON | E7: SO2__BHATAGAON | F7: O3__BHATAGAON | G7: PM10__BHATAGAON | H7: PM2_5__BHATAGAON | I7: BENZ__BHATAGAON | J7: WS__BHATAGAON | K7: WD__BHATAGAON | L7: TEMP__BHATAGAON | M7: HUM__BHATAGAON | N7: SR__BHATAGAON | O7: RG__BHATAGAON | P7: CO__BHATAGAON | Q7: NH3__BHATAGAON
B8: ug/m3 | C8: ug/m3 | D8: ppb | E8: ug/m3 | F8: ug/m3 | G8: ug/m3 | H8: ug/m3 | I8: ug/m3 | J8: m/sec | K8: deg | L8: degreC | M8: % | N8: w/m2 | O8: mm | P8: mg/m3 | Q8: ug/m3
A9: 04/07/2024 00:15 | B9: 8.3 | C9: 3.22 | D9: 12.11 | E9: 4.32 | F9: 3.77 | G9: 34.43 | H9: 11.37 | I9: 4.22 | J9: 0.76 | K9: 162.68 | L9: 23.76 | M9: 90.4 | N9: 18.1 | O9: 0 | P9: 0.41 | Q9: 9.33
A10: 04/07/2024 00:30 | B10: 8.3 | C10: 3.2 | D10: 12.1 | E10: 4.86 | F10: 4.55 | G10: 34.43 | H10: 11.37 | I10: 4.36 | J10: 0.47 | K10: 163.8 | L10: 23.75 | M10: 89.54 | N10: 18.1 | O10: 0 | P10: 0.41 | Q10: 9.32
A11: 04/07/2024 00:45 | B11: 8.24 | C11: 3.14 | D11: 12.02 | E11: 4.84 | F11: 3.24 | G11: 32.31 | H11: 9.58 | I11: 4.4 | J11: 0.25 | K11: 234.56 | L11: 23.7 | M11: 89 | N11: 18.1 | O11: 0 | P11: 0.4 | Q11: 9.24
A12: 04/07/2024 01:00 | B12: 8.23 | C12: 3.11 | D12: 12 | E12: 4.56 | F12: 3.03 | G12: 30.95 | H12: 8.44 | I12: 4.33 | J12: 0.01 | K12: 195.57 | L12: 23.66 | M12: 89.83 | N12: 18.1 | O12: 0 | P12: 0.38 | Q12: 9.24
A13: 04/07/2024 01:15 | B13: 8.29 | C13: 3.24 | D13: 12.12 | E13: 4.53 | F13: 3.4 | G13: 30.95 | H13: 8.44 | I13: 4.22 | J13: 0.23 | K13: 341.82 | L13: 23.61 | M13: 90.91 | N13: 18.1 | O13: 0 | P13: 0.36 | Q13: 9.28
A14: 04/07/2024 01:30 | B14: 8.3 | C14: 3.22 | D14: 12.11 | E14: 4.27 | F14: 3.64 | G14: 30.95 | H14: 8.44 | I14: 4.08 | J14: 0.53 | K14: 335.87 | L14: 23.67 | M14: 90.6 | N14: 18.1 | O14: 0 | P14: 0.35 | Q14: 9.28
A15: 04/07/2024 01:45 | B15: 8.35 | C15: 3.31 | D15: 12.2 | E15: 4.54 | F15: 4.45 | G15: 30.4 | H15: 8.06 | I15: 4.02 | J15: 0.53 | K15: 343.03 | L15: 23.77 | M15: 90.3 | N15: 18.1 | O15: 0 | P15: 0.34 | Q15: 9.27
A16: 04/07/2024 02:00 | B16: 8.29 | C16: 3.25 | D16: 12.12 | E16: 4.65 | F16: 4.75 | G16: 30.04 | H16: 7.82 | I16: 3.71 | J16: 0.5 | K16: 344.62 | L16: 23.73 | M16: 90.6 | N16: 18.1 | O16: 0 | P16: 0.35 | Q16: 9.28
A17: 04/07/2024 02:15 | B17: 8.23 | C17: 3.13 | D17: 12.01 | E17: 4.8 | F17: 2.58 | G17: 30.04 | H17: 7.82 | I17: 3.51 | J17: 0.59 | K17: 13.58 | L17: 23.77 | M17: 91.09 | N17: 18.1 | O17: 0 | P17: 0.34 | Q17: 9.22
A18: 04/07/2024 02:30 | B18: 8.29 | C18: 3.27 | D18: 12.13 | E18: 4.81 | F18: 3.13 | G18: 30.04 | H18: 7.82 | I18: 3.31 | J18: 0.77 | K18: 319.6 | L18: 23.73 | M18: 92.34 | N18: 18.1 | O18: 0 | P18: 0.33 | Q18: 9.23
A19: 04/07/2024 02:45 | B19: 8.25 | C19: 3.13 | D19: 12.02 | E19: 4.75 | F19: 3.22 | G19: 28.11 | H19: 8 | I19: 3.17 | J19: 1.41 | K19: 329.69 | L19: 23.78 | M19: 93.82 | N19: 18.2 | O19: 0 | P19: 0.33 | Q19: 9.23
A20: 04/07/2024 03:00 | B20: 8.27 | C20: 3.15 | D20: 12.06 | E20: 4.36 | F20: 3.54 | G20: 26.88 | H20: 8.11 | I20: 3.13 | J20: 1.14 | K20: 314.18 | L20: 23.59 | M20: 97.41 | N20: 18.2 | O20: 0 | P20: 0.32 | Q20: 9.25
... A56: 04/07/2024 12:00 | B56: 8.32 | C56: 3.35 | D56: 12.2 | E56: 5.21 | F56: 2.73 | G56: 4.7 | H56: 1.76 | I56: 1.44 | J56: 0.55 | K56: 350.59 | L56: 25.55 | M56: 89.72 | N56: 315.4 | O56: 0 | P56: 0.4 | Q56: 9.15
A57: 04/07/2024 12:15 | B57: 8.31 | C57: 3.3 | D57: 12.16 | E57: 4.99 | F57: 4.49 | G57: Calib. | H57: Calib. | I57: 1.49 | J57: 0.27 | K57: 345.33 | L57: 25.86 | M57: 88.55 | N57: 513.3 | O57: 0 | P57: 0.39 | Q57: 9.19
A58: 04/07/2024 12:30 | B58: 8.28 | C58: 3.24 | D58: 12.11 | E58: 4.89 | F58: 5.27 | G58: Calib. | H58: Calib. | I58: 1.46 | J58: 0.36 | K58: 347.44 | L58: 26.2 | M58: 86.1 | N58: 467.7 | O58: 0 | P58: 0.38 | Q58: 9.2
A59: 04/07/2024 12:45 | B59: 8.28 | C59: 3.24 | D59: 12.11 | E59: 4.71 | F59: 7.32 | G59: Calib. | H59: Calib. | I59: 1.45 | J59: 0.46 | K59: 348.94 | L59: 26.69 | M59: 82.49 | N59: 541.5 | O59: 0 | P59: 0.37 | Q59: 9.19
A60: 04/07/2024 13:00 | B60: 8.27 | C60: 3.26 | D60: 12.1 | E60: 4.88 | F60: 8.23 | G60: 44.41 | H60: 16.32 | I60: 1.36 | J60: 0.6 | K60: 341.26 | L60: 26.78 | M60: 81.27 | N60: 416.9 | O60: 0 | P60: 0.36 | Q60: 9.19
A61: 04/07/2024 13:15 | B61: 8.3 | C61: 3.27 | D61: 12.14 | E61: 4.64 | F61: 8.63 | G61: 92.94 | H61: 34.17 | I61: 1.22 | J61: 0.54 | K61: 350.86 | L61: 26.7 | M61: 82.21 | N61: 431 | O61: 0 | P61: 0.35 | Q61: 9.21
A62: 04/07/2024 13:30 | B62: 8.29 | C62: 3.23 | D62: 12.11 | E62: 4.62 | F62: 7.68 | G62: 92.94 | H62: 34.17 | I62: 1.15 | J62: 0.66 | K62: 1.36 | L62: 26.38 | M62: 80.65 | N62: 308.6 | O62: 0 | P62: 0.35 | Q62: 9.21
A63: 04/07/2024 13:45 | B63: 8.27 | C63: 3.2 | D63: 12.08 | E63: 5.1 | F63: 6.53 | G63: 92.94 | H63: 34.17 | I63: 1.1 | J63: 0.61 | K63: 359.8 | L63: 26.24 | M63: 75.86 | N63: 393.3 | O63: 0 | P63: 0.34 | Q63: 9.18
A64: 04/07/2024 14:00 | B64: 8.27 | C64: 3.21 | D64: 12.08 | E64: 4.61 | F64: 7.19 | G64: 77.4 | H64: 29.52 | I64: 1.04 | J64: 0.63 | K64: 337.66 | L64: 27.33 | M64: 73.77 | N64: 644.9 | O64: 0 | P64: 0.34 | Q64: 9.2
A65: 04/07/2024 14:15 | B65: 8.24 | C65: 3.14 | D65: 12.02 | E65: 4.76 | F65: 7.12 | G65: 60.41 | H65: 24.43 | I65: 1 | J65: 0.6 | K65: 337.99 | L65: 27.7 | M65: 72.9 | N65: 511.4 | O65: 0 | P65: 0.35 | Q65: 9.23
A66: 04/07/2024 14:30 | B66: 8.21 | C66: 3.13 | D66: 11.99 | E66: 5.01 | F66: 5.42 | G66: 60.41 | H66: 24.43 | I66: 0.98 | J66: 0.58 | K66: 337.3 | L66: 27.26 | M66: 76.31 | N66: 339.5 | O66: 0 | P66: 0.34 | Q66: 9.22
A67: 04/07/2024 14:45 | B67: 8.3 | C67: 3.39 | D67: 12.2 | E67: 4.78 | F67: 5.16 | G67: 60.41 | H67: 24.43 | I67: 0.99 | J67: 0.59 | K67: 349.36 | L67: 27.34 | M67: 76.37 | N67: 261.9 | O67: 0 | P67: 0.33 | Q67: 9.22
A68: 04/07/2024 15:00 | B68: 8.31 | C68: 3.35 | D68: 12.18 | E68: 4.54 | F68: 4.92 | G68: 61.25 | H68: 23.5 | I68: 0.94 | J68: 0.45 | K68: 8.82 | L68: 27.07 | M68: 77.67 | N68: 262.7 | O68: 0 | P68: 0.34 | Q68: 9.2
A69: 04/07/2024 15:15 | B69: 8.35 | C69: 3.54 | D69: 12.32 | E69: 4.87 | F69: 4.75 | G69: 62.2 | H69: 22.43 | I69: 0.89 | J69: 0.3 | K69: 345.76 | L69: 27.28 | M69: 78.21 | N69: 257.4 | O69: 0 | P69: 0.33 | Q69: 9.2
A70: 04/07/2024 15:30 | B70: 8.25 | C70: 3.19 | D70: 12.05 | E70: 4.75 | F70: 4.65 | G70: 62.2 | H70: 22.43 | I70: 0.9 | J70: 0.27 | K70: 352.75 | L70: 26.98 | M70: 80.32 | N70: 133.4 | O70: 0 | P70: 0.33 | Q70: 9.21
A71: 04/07/2024 15:45 | B71: 8.23 | C71: 3.13 | D71: 12.01 | E71: 4.71 | F71: 4.41 | G71: 62.2 | H71: 22.43 | I71: 0.93 | J71: 0.3 | K71: 344.13 | L71: 26.66 | M71: 82.67 | N71: 185.5 | O71: 0 | P71: 0.32 | Q71: 9.22
... A104: 04/07/2024 24:00 | B104: 8.38 | C104: 3.45 | D104: 12.3 | E104: 3.99 | F104: 3.35 | G104: 41.27 | H104: 12.78 | I104: 4.35 | J104: 0.24 | K104: 153.41 | L104: 23.7 | M104: 95.71 | N104: 18.2 | O104: 0 | P104: 0.37 | Q104: 9.29
A106: Min | B106: =MIN(B9:B104) -> 8.21 | C106: =MIN(C9:C104) -> 3.08 | D106: =MIN(D9:D104) -> 11.97 | E106: =MIN(E9:E104) -> 3.22 | F106: =MIN(F9:F104) -> 2.33 | G106: =MIN(G9:G104) -> 4.7 | H106: =MIN(H9:H104) -> 1.76 | I106: =MIN(I9:I104) -> 0.89 | ... Q106: =MIN(Q9:Q104) -> 9.14
A107: Max | B107: =MAX(B9:B104) -> 8.41 | C107: =MAX(C9:C104) -> 3.59 | D107: =MAX(D9:D104) -> 12.39 | E107: =MAX(E9:E104) -> 5.21 | F107: =MAX(F9:F104) -> 8.63 | G107: =MAX(G9:G104) -> 92.94 | H107: =MAX(H9:H104) -> 34.17 | I107: =MAX(I9:I104) -> 4.52 | ... Q107: =MAX(Q9:Q104) -> 9.33
A108: Avg | B108: =AVERAGE(B9:B104) -> 8.2789583 | C108: =AVERAGE(C9:C104) -> 3.2295833 | D108: =AVERAGE(D9:D104) -> 12.100208 | E108: =AVERAGE(E9:E104) -> 4.205625 | F108: =AVERAGE(F9:F104) -> 4.1684375 | G108: =AVERAGE(G9:G104) -> 37.072688 | H108: =AVERAGE(H9:H104) -> 12.578495 | I108: =AVERAGE(I9:I104) -> 2.4829167 | ... Q108: =AVERAGE(Q9:Q104) -> 9.233125
A109: Stdev | B109: =STDEV(B9:B104) -> 0.039215442 | C109: =STDEV(C9:C104) -> 0.095000462 | D109: =STDEV(D9:D104) -> 0.078283952 | E109: =STDEV(E9:E104) -> 0.45381149 | F109: =STDEV(F9:F104) -> 1.1867925 | G109: =STDEV(G9:G104) -> 23.115405 | H109: =STDEV(H9:H104) -> 7.209418 | I109: =STDEV(I9:I104) -> 1.0887655 | ... Q109: =STDEV(Q9:Q104) -> 0.039691243
A110: Num | B110: =COUNT(B9:B104) -> 96 | C110: =COUNT(C9:C104) -> 96 | D110: =COUNT(D9:D104) -> 96 | E110: =COUNT(E9:E104) -> 96 | F110: =COUNT(F9:F104) -> 96 | G110: =COUNT(G9:G104)+3 -> 96 | H110: =COUNT(H9:H104)+3 -> 96 | I110: =COUNT(I9:I104) -> 96 | J110: =COUNT(J9:J104) -> 96 | K110: =COUNT(K9:K104) -> 96 | L110: =COUNT(L9:L104) -> 96 | M110: =COUNT(M9:M104) -> 96 | N110: =COUNT(N9:N104) -> 96 | O110: =COUNT(O9:O104) -> 96 | P110: =COUNT(P9:P104) -> 96 | Q110: =COUNT(Q9:Q104) -> 96
A111: DCR | B111: =IF(B110>=87,">90%",IF(B110<=87,"<90%")) -> >90% | C111: =IF(C110>=87,">90%",IF(C110<=87,"<90%")) -> >90% | D111: =IF(D110>=87,">90%",IF(D110<=87,"<90%")) -> >90% | E111: =IF(E110>=87,">90%",IF(E110<=87,"<90%")) -> >90% | F111: =IF(F110>=87,">90%",IF(F110<=87,"<90%")) -> >90% | G111: =IF(G110>=87,">90%",IF(G110<=87,"<90%")) -> >90% | H111: =IF(H110>=87,">90%",IF(H110<=87,"<90%")) -> >90% | I111: =IF(I110>=87,">90%",IF(I110<=87,"<90%")) -> >90% | ... Q111: =IF(Q110>=87,">90%",IF(Q110<=87,"<90%")) -> >90%
A112: Status | B112: =IF(B110>=87,"OK",IF(B110<=87,"LESS")) -> OK | C112: =IF(C110>=87,"OK",IF(C110<=87,"LESS")) -> OK | D112: =IF(D110>=87,"OK",IF(D110<=87,"LESS")) -> OK | E112: =IF(E110>=87,"OK",IF(E110<=87,"LESS")) -> OK | F112: =IF(F110>=87,"OK",IF(F110<=87,"LESS")) -> OK | G112: =IF(G110>=87,"OK",IF(G110<=87,"LESS")) -> OK | H112: =IF(H110>=87,"OK",IF(H110<=87,"LESS")) -> OK | I112: =IF(I110>=87,"OK",IF(I110<=87,"LESS")) -> OK | ... Q112: =IF(Q110>=87,"OK",IF(Q110<=87,"LESS")) -> OK
A115: Done by | B115: RK
A117: Comment

Sheet 05
A1: Station: | B1: BHATAGAON RAIPUR
A2: Date: | B2: =$A$9 -> 05/07/2024 00:15 | D2: Power Off | G2: Pw.Off | L2: Link Fail | N2: Link F | P2: Maintenance | R2: Maint.
A3: Report Type: | B3: Mean | D3: Calibration | G3: Calib. | L3: Data Fail | N3: Data F | P3: Invalid | R3: Invalid
A4: Time Base: | B4: 15 Min | D4: Zero Referrence | G4: Z.Ref | L4: Warm Up | N4: Wm. Up
A7: Date & Time | B7: NO_BHATAGAON | C7: NO2__BHATAGAON | D7: NOX_BHATAGAON | E7: SO2__BHATAGAON | F7: O3__BHATAGAON | G7: PM10__BHATAGAON | H7: PM2_5__BHATAGAON | I7: BENZ__BHATAGAON | J7: WS__BHATAGAON | K7: WD__BHATAGAON | L7: TEMP__BHATAGAON | M7: HUM__BHATAGAON | N7: SR__BHATAGAON | O7: RG__BHATAGAON | P7: CO__BHATAGAON | Q7: NH3__BHATAGAON
B8: ug/m3 | C8: ug/m3 | D8: ppb | E8: ug/m3 | F8: ug/m3 | G8: ug/m3 | H8: ug/m3 | I8: ug/m3 | J8: m/sec | K8: deg | L8: degreC | M8: % | N8: w/m2 | O8: mm | P8: mg/m3 | Q8: ug/m3
A9: 05/07/2024 00:15 | B9: 8.28 | C9: 3.23 | D9: 12.1 | E9: 4.36 | F9: 3.71 | G9: 36.33 | H9: 10.99 | I9: 4.23 | J9: 0.61 | K9: 179.27 | L9: 23.63 | M9: 96.34 | N9: 18.1 | O9: 0 | P9: 0.37 | Q9: 9.29
A10: 05/07/2024 00:30 | B10: 8.25 | C10: 3.14 | D10: 12.03 | E10: 4.58 | F10: 3.67 | G10: 36.33 | H10: 10.99 | I10: 4.16 | J10: 0.21 | K10: 152.52 | L10: 23.58 | M10: 96.32 | N10: 18.3 | O10: 0 | P10: 0.36 | Q10: 9.26
A11: 05/07/2024 00:45 | B11: 8.27 | C11: 3.2 | D11: 12.08 | E11: 4.78 | F11: 3.05 | G11: 36.33 | H11: 10.99 | I11: 4.05 | J11: 0.5 | K11: 156.84 | L11: 23.5 | M11: 96.62 | N11: 18.3 | O11: 0 | P11: 0.36 | Q11: 9.24
A12: 05/07/2024 01:00 | B12: 8.28 | C12: 3.18 | D12: 12.08 | E12: 4.76 | F12: 3.61 | G12: 34.31 | H12: 9.63 | I12: 3.95 | J12: 0.33 | K12: 157.43 | L12: 23.46 | M12: 96.55 | N12: 18.4 | O12: 0 | P12: 0.34 | Q12: 9.24
A13: 05/07/2024 01:15 | B13: 8.25 | C13: 3.18 | D13: 12.05 | E13: 4.54 | F13: 3.84 | G13: 32.1 | H13: 8.14 | I13: 3.85 | J13: 0.32 | K13: 200.31 | L13: 23.4 | M13: 95.82 | N13: 18.2 | O13: 0 | P13: 0.33 | Q13: 9.24
A14: 05/07/2024 01:30 | B14: 8.24 | C14: 3.12 | D14: 12.01 | E14: 4.67 | F14: 3.82 | G14: 32.1 | H14: 8.14 | I14: 3.78 | J14: 0.08 | K14: 231.44 | L14: 23.41 | M14: 95.19 | N14: 18.2 | O14: 0 | P14: 0.33 | Q14: 9.22
A15: 05/07/2024 01:45 | B15: 8.24 | C15: 3.18 | D15: 12.05 | E15: 4.53 | F15: 2.95 | G15: 32.1 | H15: 8.14 | I15: 3.68 | J15: 0.19 | K15: 186.73 | L15: 23.38 | M15: 95.04 | N15: 18.2 | O15: 0 | P15: 0.33 | Q15: 9.23
A16: 05/07/2024 02:00 | B16: 8.28 | C16: 3.22 | D16: 12.1 | E16: 4.48 | F16: 3.15 | G16: 30.17 | H16: 8.07 | I16: 3.56 | J16: 0.43 | K16: 157.36 | L16: 23.24 | M16: 95.94 | N16: 18.2 | O16: 0 | P16: 0.32 | Q16: 9.24
A17: 05/07/2024 02:15 | B17: 8.47 | C17: 3.58 | D17: 12.44 | E17: 4.38 | F17: 3.36 | G17: 27.96 | H17: 8 | I17: 3.57 | J17: 0.27 | K17: 151.28 | L17: 23.18 | M17: 96.44 | N17: 18.2 | O17: 0 | P17: 0.3 | Q17: 9.2
A18: 05/07/2024 02:30 | B18: 8.34 | C18: 3.3 | D18: 12.18 | E18: 4.39 | F18: 3.35 | G18: 27.96 | H18: 8 | I18: 3.75 | J18: 0.19 | K18: 218.16 | L18: 23.12 | M18: 97.21 | N18: 18.1 | O18: 0 | P18: 0.31 | Q18: 9.2
A19: 05/07/2024 02:45 | B19: 8.27 | C19: 3.18 | D19: 12.06 | E19: 4.47 | F19: 3.46 | G19: 27.96 | H19: 8 | I19: 3.81 | J19: 0.34 | K19: 172.02 | L19: 23.07 | M19: 97.89 | N19: 18.1 | O19: 0 | P19: 0.3 | Q19: 9.23
A20: 05/07/2024 03:00 | B20: 8.26 | C20: 3.14 | D20: 12.04 | E20: 4.55 | F20: 3.43 | G20: 25.9 | H20: 7.4 | I20: 4.03 | J20: 0.29 | K20: 341.34 | L20: 23.16 | M20: 97.65 | N20: 18.2 | O20: 0 | P20: 0.3 | Q20: 9.24
... A104: 05/07/2024 24:00 | B104: 8.25 | C104: 3.19 | D104: 12.06 | E104: 3.66 | F104: 3.71 | G104: 34.82 | H104: 9.08 | I104: 3.68 | J104: 0.59 | K104: 355.93 | L104: 24.28 | M104: 89.72 | N104: 17.8 | O104: 0 | P104: 0.34 | Q104: 9.22
A106: Min | B106: =MIN(B9:B104) -> 8.2 | C106: =MIN(C9:C104) -> 3.08 | D106: =MIN(D9:D104) -> 11.97 | E106: =MIN(E9:E104) -> 3.11 | F106: =MIN(F9:F104) -> 2.95 | G106: =MIN(G9:G104) -> 16.42 | H106: =MIN(H9:H104) -> 3.78 | I106: =MIN(I9:I104) -> 1.19 | ... Q106: =MIN(Q9:Q104) -> 9.12
A107: Max | B107: =MAX(B9:B104) -> 8.48 | C107: =MAX(C9:C104) -> 3.9 | D107: =MAX(D9:D104) -> 12.61 | E107: =MAX(E9:E104) -> 5.23 | F107: =MAX(F9:F104) -> 5.52 | G107: =MAX(G9:G104) -> 60.35 | H107: =MAX(H9:H104) -> 16.84 | I107: =MAX(I9:I104) -> 4.45 | ... Q107: =MAX(Q9:Q104) -> 9.29
A108: Avg | B108: =AVERAGE(B9:B104) -> 8.2627083 | C108: =AVERAGE(C9:C104) -> 3.213125 | D108: =AVERAGE(D9:D104) -> 12.079375 | E108: =AVERAGE(E9:E104) -> 4.1686458 | F108: =AVERAGE(F9:F104) -> 4.0208333 | G108: =AVERAGE(G9:G104) -> 35.034271 | H108: =AVERAGE(H9:H104) -> 9.0636458 | I108: =AVERAGE(I9:I104) -> 2.5894792 | ... Q108: =AVERAGE(Q9:Q104) -> 9.2036458
A109: Stdev | B109: =STDEV(B9:B104) -> 0.046757587 | C109: =STDEV(C9:C104) -> 0.12879451 | D109: =STDEV(D9:D104) -> 0.09968173 | E109: =STDEV(E9:E104) -> 0.55705923 | F109: =STDEV(F9:F104) -> 0.58130645 | G109: =STDEV(G9:G104) -> 11.284964 | H109: =STDEV(H9:H104) -> 3.208706 | I109: =STDEV(I9:I104) -> 1.0782748 | ... Q109: =STDEV(Q9:Q104) -> 0.043142842
A110: Num | B110: =COUNT(B9:B104) -> 96 | C110: =COUNT(C9:C104) -> 96 | D110: =COUNT(D9:D104) -> 96 | E110: =COUNT(E9:E104) -> 96 | F110: =COUNT(F9:F104) -> 96 | G110: =COUNT(G9:G104) -> 96 | H110: =COUNT(H9:H104) -> 96 | I110: =COUNT(I9:I104) -> 96 | ... Q110: =COUNT(Q9:Q104) -> 96
A111: DCR | B111: =IF(B110>=87,">90%",IF(B110<=87,"<90%")) -> >90% | C111: =IF(C110>=87,">90%",IF(C110<=87,"<90%")) -> >90% | D111: =IF(D110>=87,">90%",IF(D110<=87,"<90%")) -> >90% | E111: =IF(E110>=87,">90%",IF(E110<=87,"<90%")) -> >90% | F111: =IF(F110>=87,">90%",IF(F110<=87,"<90%")) -> >90% | G111: =IF(G110>=87,">90%",IF(G110<=87,"<90%")) -> >90% | H111: =IF(H110>=87,">90%",IF(H110<=87,"<90%")) -> >90% | I111: =IF(I110>=87,">90%",IF(I110<=87,"<90%")) -> >90% | ... Q111: =IF(Q110>=87,">90%",IF(Q110<=87,"<90%")) -> >90%
A112: Status | B112: =IF(B110>=87,"OK",IF(B110<=87,"LESS")) -> OK | C112: =IF(C110>=87,"OK",IF(C110<=87,"LESS")) -> OK | D112: =IF(D110>=87,"OK",IF(D110<=87,"LESS")) -> OK | E112: =IF(E110>=87,"OK",IF(E110<=87,"LESS")) -> OK | F112: =IF(F110>=87,"OK",IF(F110<=87,"LESS")) -> OK | G112: =IF(G110>=87,"OK",IF(G110<=87,"LESS")) -> OK | H112: =IF(H110>=87,"OK",IF(H110<=87,"LESS")) -> OK | I112: =IF(I110>=87,"OK",IF(I110<=87,"LESS")) -> OK | ... Q112: =IF(Q110>=87,"OK",IF(Q110<=87,"LESS")) -> OK
A115: Done by | B115: RK
A117: Comment

Sheet 06
A1: Station: | B1: BHATAGAON RAIPUR
A2: Date: | B2: =$A$9 -> 06/07/2024 00:15 | D2: Power Off | G2: Pw.Off | L2: Link Fail | N2: Link F | P2: Maintenance | R2: Maint.
A3: Report Type: | B3: Mean | D3: Calibration | G3: Calib. | L3: Data Fail | N3: Data F | P3: Invalid | R3: Invalid
A4: Time Base: | B4: 15 Min | D4: Zero Referrence | G4: Z.Ref | L4: Warm Up | N4: Wm. Up
A7: Date & Time | B7: NO_BHATAGAON | C7: NO2__BHATAGAON | D7: NOX_BHATAGAON | E7: SO2__BHATAGAON | F7: O3__BHATAGAON | G7: PM10__BHATAGAON | H7: PM2_5__BHATAGAON | I7: BENZ__BHATAGAON | J7: WS__BHATAGAON | K7: WD__BHATAGAON | L7: TEMP__BHATAGAON | M7: HUM__BHATAGAON | N7: SR__BHATAGAON | O7: RG__BHATAGAON | P7: CO__BHATAGAON | Q7: NH3__BHATAGAON
B8: ug/m3 | C8: ug/m3 | D8: ppb | E8: ug/m3 | F8: ug/m3 | G8: ug/m3 | H8: ug/m3 | I8: ug/m3 | J8: m/sec | K8: deg | L8: degreC | M8: % | N8: w/m2 | O8: mm | P8: mg/m3 | Q8: ug/m3
A9: 06/07/2024 00:15 | B9: 8.5 | C9: 3.78 | D9: 12.57 | E9: 3.04 | F9: 3.98 | G9: 36.24 | H9: 9.65 | I9: 3.51 | J9: 0.46 | K9: 3.79 | L9: 24.1 | M9: 91.34 | N9: 17.9 | O9: 0 | P9: 0.33 | Q9: 9.19
A10: 06/07/2024 00:30 | B10: 8.3 | C10: 3.29 | D10: 12.15 | E10: 3.23 | F10: 3.3 | G10: 36.24 | H10: 9.65 | I10: 3.29 | J10: 0.38 | K10: 351.29 | L10: 23.96 | M10: 92.64 | N10: 18 | O10: 0 | P10: 0.32 | Q10: 9.2
A11: 06/07/2024 00:45 | B11: 8.2 | C11: 3.13 | D11: 11.99 | E11: 2.9 | F11: 3.5 | G11: 36.24 | H11: 9.65 | I11: 3.12 | J11: 0.34 | K11: 16.91 | L11: 23.9 | M11: 93.29 | N11: 18 | O11: 0 | P11: 0.33 | Q11: 9.2
A12: 06/07/2024 01:00 | B12: 8.21 | C12: 3.1 | D12: 11.98 | E12: 2.84 | F12: 2.61 | G12: 34.47 | H12: 9.16 | I12: 2.91 | J12: 0.33 | K12: 239.2 | L12: 23.81 | M12: 93.89 | N12: 17.9 | O12: 0 | P12: 0.32 | Q12: 9.18
A13: 06/07/2024 01:15 | B13: 8.25 | C13: 3.14 | D13: 12.03 | E13: 2.66 | F13: 3.17 | G13: 32.54 | H13: 8.62 | I13: 2.79 | J13: 0.22 | K13: 317.61 | L13: 23.68 | M13: 95.3 | N13: 18 | O13: 0 | P13: 0.3 | Q13: 9.15
A14: 06/07/2024 01:30 | B14: 8.29 | C14: 3.13 | D14: 12.05 | E14: 3.09 | F14: 3.08 | G14: 32.54 | H14: 8.62 | I14: 2.92 | J14: 0.5 | K14: 322.97 | L14: 23.58 | M14: 96.13 | N14: 18 | O14: 0 | P14: 0.3 | Q14: 9.18
A15: 06/07/2024 01:45 | B15: 8.26 | C15: 3.14 | D15: 12.04 | E15: 3.21 | F15: 3.36 | G15: 32.54 | H15: 8.62 | I15: 3.05 | J15: 0.44 | K15: 343.94 | L15: 23.5 | M15: 97 | N15: 17.9 | O15: 0 | P15: 0.3 | Q15: 9.16
A16: 06/07/2024 02:00 | B16: 8.26 | C16: 3.15 | D16: 12.05 | E16: 3.04 | F16: 3.3 | G16: 29.52 | H16: 8.46 | I16: 3.1 | J16: 0.3 | K16: 335.84 | L16: 23.42 | M16: 97.28 | N16: 17.8 | O16: 0 | P16: 0.29 | Q16: 9.18
A17: 06/07/2024 02:15 | B17: 8.26 | C17: 3.11 | D17: 12.02 | E17: 2.81 | F17: 2.72 | G17: 26.05 | H17: 8.28 | I17: 3.07 | J17: 0.36 | K17: 334.27 | L17: 23.36 | M17: 97.24 | N17: 17.8 | O17: 0 | P17: 0.29 | Q17: 9.19
A18: 06/07/2024 02:30 | B18: 8.28 | C18: 3.13 | D18: 12.05 | E18: 3.02 | F18: 3.37 | G18: 26.05 | H18: 8.28 | I18: 3.08 | J18: 0.33 | K18: 336.98 | L18: 23.36 | M18: 97.55 | N18: 17.8 | O18: 0 | P18: 0.28 | Q18: 9.2
A19: 06/07/2024 02:45 | B19: 8.27 | C19: 3.15 | D19: 12.05 | E19: 2.91 | F19: 3.47 | G19: 26.05 | H19: 8.28 | I19: 3.11 | J19: 0.32 | K19: 193.45 | L19: 23.29 | M19: 98.28 | N19: 17.8 | O19: 0 | P19: 0.28 | Q19: 9.2
A20: 06/07/2024 03:00 | B20: 8.24 | C20: 3.13 | D20: 12.01 | E20: 3.24 | F20: 3.64 | G20: 25.18 | H20: 7.78 | I20: 3.14 | J20: 0.38 | K20: 352.16 | L20: 23.29 | M20: 98.3 | N20: 17.9 | O20: 0 | P20: 0.27 | Q20: 9.23
... A104: 06/07/2024 24:00 | B104: 8.15 | C104: 3.07 | D104: 11.92 | E104: 5.55 | F104: 4.06 | G104: 52.65 | H104: 13.1 | I104: 3.96 | J104: 0.59 | K104: 11.5 | L104: 25.11 | M104: 79.7 | N104: 17.8 | O104: 0 | P104: 0.34 | Q104: 9.27
A106: Min | B106: =MIN(B9:B104) -> 8.05 | C106: =MIN(C9:C104) -> 3.02 | D106: =MIN(D9:D104) -> 11.86 | E106: =MIN(E9:E104) -> 2.47 | F106: =MIN(F9:F104) -> 2.61 | G106: =MIN(G9:G104) -> 14.3 | H106: =MIN(H9:H104) -> 3.47 | I106: =MIN(I9:I104) -> 1.15 | ... Q106: =MIN(Q9:Q104) -> 9.1
A107: Max | B107: =MAX(B9:B104) -> 8.5 | C107: =MAX(C9:C104) -> 3.78 | D107: =MAX(D9:D104) -> 12.57 | E107: =MAX(E9:E104) -> 5.55 | F107: =MAX(F9:F104) -> 6.05 | G107: =MAX(G9:G104) -> 70.93 | H107: =MAX(H9:H104) -> 17.45 | I107: =MAX(I9:I104) -> 4.09 | ... Q107: =MAX(Q9:Q104) -> 9.29
A108: Avg | B108: =AVERAGE(B9:B104) -> 8.2139583 | C108: =AVERAGE(C9:C104) -> 3.1828125 | D108: =AVERAGE(D9:D104) -> 12.024167 | E108: =AVERAGE(E9:E104) -> 4.2347917 | F108: =AVERAGE(F9:F104) -> 4.0391667 | G108: =AVERAGE(G9:G104) -> 33.583646 | H108: =AVERAGE(H9:H104) -> 9.9008333 | I108: =AVERAGE(I9:I104) -> 2.6110417 | ... Q108: =AVERAGE(Q9:Q104) -> 9.2127083
A109: Stdev | B109: =STDEV(B9:B104) -> 0.076164354 | C109: =STDEV(C9:C104) -> 0.1306478 | D109: =STDEV(D9:D104) -> 0.11977757 | E109: =STDEV(E9:E104) -> 0.64635981 | F109: =STDEV(F9:F104) -> 0.75165175 | G109: =STDEV(G9:G104) -> 18.239958 | H109: =STDEV(H9:H104) -> 3.9307494 | I109: =STDEV(I9:I104) -> 0.8287295 | ... Q109: =STDEV(Q9:Q104) -> 0.045894138
A110: Num | B110: =COUNT(B9:B104) -> 96 | C110: =COUNT(C9:C104) -> 96 | D110: =COUNT(D9:D104) -> 96 | E110: =COUNT(E9:E104) -> 96 | F110: =COUNT(F9:F104) -> 96 | G110: =COUNT(G9:G104) -> 96 | H110: =COUNT(H9:H104) -> 96 | I110: =COUNT(I9:I104) -> 96 | ... Q110: =COUNT(Q9:Q104) -> 96
A111: DCR | B111: =IF(B110>=87,">90%",IF(B110<=87,"<90%")) -> >90% | C111: =IF(C110>=87,">90%",IF(C110<=87,"<90%")) -> >90% | D111: =IF(D110>=87,">90%",IF(D110<=87,"<90%")) -> >90% | E111: =IF(E110>=87,">90%",IF(E110<=87,"<90%")) -> >90% | F111: =IF(F110>=87,">90%",IF(F110<=87,"<90%")) -> >90% | G111: =IF(G110>=87,">90%",IF(G110<=87,"<90%")) -> >90% | H111: =IF(H110>=87,">90%",IF(H110<=87,"<90%")) -> >90% | I111: =IF(I110>=87,">90%",IF(I110<=87,"<90%")) -> >90% | ... Q111: =IF(Q110>=87,">90%",IF(Q110<=87,"<90%")) -> >90%
A112: Status | B112: =IF(B110>=87,"OK",IF(B110<=87,"LESS")) -> OK | C112: =IF(C110>=87,"OK",IF(C110<=87,"LESS")) -> OK | D112: =IF(D110>=87,"OK",IF(D110<=87,"LESS")) -> OK | E112: =IF(E110>=87,"OK",IF(E110<=87,"LESS")) -> OK | F112: =IF(F110>=87,"OK",IF(F110<=87,"LESS")) -> OK | G112: =IF(G110>=87,"OK",IF(G110<=87,"LESS")) -> OK | H112: =IF(H110>=87,"OK",IF(H110<=87,"LESS")) -> OK | I112: =IF(I110>=87,"OK",IF(I110<=87,"LESS")) -> OK | ... Q112: =IF(Q110>=87,"OK",IF(Q110<=87,"LESS")) -> OK
A115: Done by | B115: RK
A117: Comment

Sheet 07
A1: Station: | B1: BHATAGAON RAIPUR
A2: Date: | B2: =$A$9 -> 07/07/2024 00:15 | D2: Power Off | G2: Pw.Off | L2: Link Fail | N2: Link F | P2: Maintenance | R2: Maint.
A3: Report Type: | B3: Mean | D3: Calibration | G3: Calib. | L3: Data Fail | N3: Data F | P3: Invalid | R3: Invalid
A4: Time Base: | B4: 15 Min | D4: Zero Referrence | G4: Z.Ref | L4: Warm Up | N4: Wm. Up
A7: Date & Time | B7: NO_BHATAGAON | C7: NO2__BHATAGAON | D7: NOX_BHATAGAON | E7: SO2__BHATAGAON | F7: O3__BHATAGAON | G7: PM10__BHATAGAON | H7: PM2_5__BHATAGAON | I7: BENZ__BHATAGAON | J7: WS__BHATAGAON | K7: WD__BHATAGAON | L7: TEMP__BHATAGAON | M7: HUM__BHATAGAON | N7: SR__BHATAGAON | O7: RG__BHATAGAON | P7: CO__BHATAGAON | Q7: NH3__BHATAGAON
B8: ug/m3 | C8: ug/m3 | D8: ppb | E8: ug/m3 | F8: ug/m3 | G8: ug/m3 | H8: ug/m3 | I8: ug/m3 | J8: m/sec | K8: deg | L8: degreC | M8: % | N8: w/m2 | O8: mm | P8: mg/m3 | Q8: ug/m3
A9: 07/07/2024 00:15 | B9: 8.21 | C9: 3.16 | D9: 12.01 | E9: 5.79 | F9: 4.3 | G9: 52.32 | H9: 12.83 | I9: 3.69 | J9: 0.54 | K9: 11.55 | L9: 24.64 | M9: 79.23 | N9: 17.7 | O9: 0 | P9: 0.33 | Q9: 9.26
A10: 07/07/2024 00:30 | B10: 8.21 | C10: 3.17 | D10: 12.01 | E10: 5.65 | F10: 4.68 | G10: 52.32 | H10: 12.83 | I10: 3.34 | J10: 0.39 | K10: 18.17 | L10: 24.33 | M10: 81.61 | N10: 17.4 | O10: 0 | P10: 0.31 | Q10: 9.24
A11: 07/07/2024 00:45 | B11: 8.21 | C11: 3.17 | D11: 12.01 | E11: 5.65 | F11: 4.68 | G11: 52.32 | H11: 12.83 | I11: 3.34 | J11: 0.39 | K11: 18.17 | L11: 24.33 | M11: 81.61 | N11: 17.4 | O11: 0 | P11: 0.31 | Q11: 9.24
A12: 07/07/2024 01:00 | B12: 8.21 | C12: 3.17 | D12: 12.02 | E12: 5.59 | F12: 4.53 | G12: 50.65 | H12: 12.11 | I12: 2.89 | J12: 0.35 | K12: 0.49 | L12: 23.86 | M12: 84.92 | N12: 17.3 | O12: 0 | P12: 0.3 | Q12: 8.66
A13: 07/07/2024 01:15 | B13: 8.2 | C13: 3.16 | D13: 12 | E13: 5.88 | F13: 4.19 | G13: 44.28 | H13: 9.24 | I13: 2.53 | J13: 0.22 | K13: 342.41 | L13: 23.65 | M13: 87.96 | N13: 17.3 | O13: 0 | P13: 0.29 | Q13: 9.22
A14: 07/07/2024 01:30 | B14: 8.18 | C14: 3.15 | D14: 11.98 | E14: 5.96 | F14: 3.75 | G14: 44.28 | H14: 9.24 | I14: 2.4 | J14: 0.5 | K14: 159.76 | L14: 23.49 | M14: 89.67 | N14: 17.3 | O14: 0 | P14: 0.29 | Q14: 9.21
A15: 07/07/2024 01:45 | B15: 8.15 | C15: 3.11 | D15: 11.94 | E15: 5.93 | F15: 4.61 | G15: 44.28 | H15: 9.24 | I15: 2.37 | J15: 0.32 | K15: 343.66 | L15: 23.47 | M15: 90.63 | N15: 17.1 | O15: 0 | P15: 0.29 | Q15: 9.19
A16: 07/07/2024 02:00 | B16: 8.15 | C16: 3.1 | D16: 11.92 | E16: 6.05 | F16: 3.5 | G16: 40.39 | H16: 9.28 | I16: 2.54 | J16: 0.56 | K16: 13.59 | L16: 23.48 | M16: 91.16 | N16: 17 | O16: 0 | P16: 0.29 | Q16: 9.19
A17: 07/07/2024 02:15 | B17: 8.14 | C17: 3.08 | D17: 11.91 | E17: 5.83 | F17: 3.62 | G17: 35.93 | H17: 9.32 | I17: 2.63 | J17: 0.51 | K17: 6.55 | L17: 23.56 | M17: 91.52 | N17: 17 | O17: 0 | P17: 0.27 | Q17: 9.19
A18: 07/07/2024 02:30 | B18: 8.16 | C18: 3.18 | D18: 11.98 | E18: 5.75 | F18: 5.08 | G18: 35.93 | H18: 9.32 | I18: 2.49 | J18: 0.62 | K18: 3.9 | L18: 23.48 | M18: 92.81 | N18: 17 | O18: 0 | P18: 0.27 | Q18: 9.18
A19: 07/07/2024 02:45 | B19: 8.16 | C19: 3.13 | D19: 11.95 | E19: 5.49 | F19: 3.85 | G19: 35.93 | H19: 9.32 | I19: 2.37 | J19: 0.56 | K19: 359.75 | L19: 23.39 | M19: 93.86 | N19: 17.3 | O19: 0 | P19: 0.27 | Q19: 9.19
A20: 07/07/2024 03:00 | B20: 8.23 | C20: 3.27 | D20: 12.08 | E20: 5.81 | F20: 4.08 | G20: 30.44 | H20: 8.22 | I20: 2.25 | J20: 0.54 | K20: 357.63 | L20: 23.31 | M20: 94.82 | N20: 17.4 | O20: 0 | P20: 0.26 | Q20: 9.18
... A104: 07/07/2024 24:00 | B104: 8.33 | C104: 3.35 | D104: 12.21 | E104: 5.04 | F104: 3.34 | G104: 56.51 | H104: 15.94 | I104: 6.25 | J104: 0.49 | K104: 176.77 | L104: 25.03 | M104: 95.22 | N104: 17.5 | O104: 0 | P104: 0.69 | Q104: 9.66
A106: Min | B106: =MIN(B9:B104) -> 8.12 | C106: =MIN(C9:C104) -> 3.03 | D106: =MIN(D9:D104) -> 11.87 | E106: =MIN(E9:E104) -> 2.95 | F106: =MIN(F9:F104) -> 2.86 | G106: =MIN(G9:G104) -> 13.88 | H106: =MIN(H9:H104) -> 3.98 | I106: =MIN(I9:I104) -> 1.2 | ... Q106: =MIN(Q9:Q104) -> 8.66
A107: Max | B107: =MAX(B9:B104) -> 8.65 | C107: =MAX(C9:C104) -> 3.8 | D107: =MAX(D9:D104) -> 12.7 | E107: =MAX(E9:E104) -> 6.05 | F107: =MAX(F9:F104) -> 5.08 | G107: =MAX(G9:G104) -> 56.51 | H107: =MAX(H9:H104) -> 16.66 | I107: =MAX(I9:I104) -> 6.25 | ... Q107: =MAX(Q9:Q104) -> 9.66
A108: Avg | B108: =AVERAGE(B9:B104) -> 8.2048958 | C108: =AVERAGE(C9:C104) -> 3.1898958 | D108: =AVERAGE(D9:D104) -> 12.020417 | E108: =AVERAGE(E9:E104) -> 4.4485417 | F108: =AVERAGE(F9:F104) -> 3.8465625 | G108: =AVERAGE(G9:G104) -> 35.076042 | H108: =AVERAGE(H9:H104) -> 9.8484375 | I108: =AVERAGE(I9:I104) -> 2.9339583 | ... Q108: =AVERAGE(Q9:Q104) -> 9.2413542
A109: Stdev | B109: =STDEV(B9:B104) -> 0.071421577 | C109: =STDEV(C9:C104) -> 0.13001615 | D109: =STDEV(D9:D104) -> 0.12252533 | E109: =STDEV(E9:E104) -> 0.8023426 | F109: =STDEV(F9:F104) -> 0.47145872 | G109: =STDEV(G9:G104) -> 11.024286 | H109: =STDEV(H9:H104) -> 3.63055 | I109: =STDEV(I9:I104) -> 1.4239142 | ... Q109: =STDEV(Q9:Q104) -> 0.1086435
A110: Num | B110: =COUNT(B9:B104) -> 96 | C110: =COUNT(C9:C104) -> 96 | D110: =COUNT(D9:D104) -> 96 | E110: =COUNT(E9:E104) -> 96 | F110: =COUNT(F9:F104) -> 96 | G110: =COUNT(G9:G104) -> 96 | H110: =COUNT(H9:H104) -> 96 | I110: =COUNT(I9:I104) -> 96 | ... Q110: =COUNT(Q9:Q104) -> 96
A111: DCR | B111: =IF(B110>=87,">90%",IF(B110<=87,"<90%")) -> >90% | C111: =IF(C110>=87,">90%",IF(C110<=87,"<90%")) -> >90% | D111: =IF(D110>=87,">90%",IF(D110<=87,"<90%")) -> >90% | E111: =IF(E110>=87,">90%",IF(E110<=87,"<90%")) -> >90% | F111: =IF(F110>=87,">90%",IF(F110<=87,"<90%")) -> >90% | G111: =IF(G110>=87,">90%",IF(G110<=87,"<90%")) -> >90% | H111: =IF(H110>=87,">90%",IF(H110<=87,"<90%")) -> >90% | I111: =IF(I110>=87,">90%",IF(I110<=87,"<90%")) -> >90% | ... Q111: =IF(Q110>=87,">90%",IF(Q110<=87,"<90%")) -> >90%
A112: Status | B112: =IF(B110>=87,"OK",IF(B110<=87,"LESS")) -> OK | C112: =IF(C110>=87,"OK",IF(C110<=87,"LESS")) -> OK | D112: =IF(D110>=87,"OK",IF(D110<=87,"LESS")) -> OK | E112: =IF(E110>=87,"OK",IF(E110<=87,"LESS")) -> OK | F112: =IF(F110>=87,"OK",IF(F110<=87,"LESS")) -> OK | G112: =IF(G110>=87,"OK",IF(G110<=87,"LESS")) -> OK | H112: =IF(H110>=87,"OK",IF(H110<=87,"LESS")) -> OK | I112: =IF(I110>=87,"OK",IF(I110<=87,"LESS")) -> OK | ... Q112: =IF(Q110>=87,"OK",IF(Q110<=87,"LESS")) -> OK
A115: Done by | B115: RK
A117: Comment

Sheet 08
A1: Station: | B1: BHATAGAON RAIPUR
A2: Date: | B2: =$A$9 -> 08/07/2024 00:15 | D2: Power Off | G2: Pw.Off | L2: Link Fail | N2: Link F | P2: Maintenance | R2: Maint.
A3: Report Type: | B3: Mean | D3: Calibration | G3: Calib. | L3: Data Fail | N3: Data F | P3: Invalid | R3: Invalid
A4: Time Base: | B4: 15 Min | D4: Zero Referrence | G4: Z.Ref | L4: Warm Up | N4: Wm. Up
A7: Date & Time | B7: NO_BHATAGAON | C7: NO2__BHATAGAON | D7: NOX_BHATAGAON | E7: SO2__BHATAGAON | F7: O3__BHATAGAON | G7: PM10__BHATAGAON | H7: PM2_5__BHATAGAON | I7: BENZ__BHATAGAON | J7: WS__BHATAGAON | K7: WD__BHATAGAON | L7: TEMP__BHATAGAON | M7: HUM__BHATAGAON | N7: SR__BHATAGAON | O7: RG__BHATAGAON | P7: CO__BHATAGAON | Q7: NH3__BHATAGAON
B8: ug/m3 | C8: ug/m3 | D8: ppb | E8: ug/m3 | F8: ug/m3 | G8: ug/m3 | H8: ug/m3 | I8: ug/m3 | J8: m/sec | K8: deg | L8: degreC | M8: % | N8: w/m2 | O8: mm | P8: mg/m3 | Q8: ug/m3
A9: 08/07/2024 00:15 | B9: 8.42 | C9: 3.47 | D9: 12.33 | E9: 5.03 | F9: 3.4 | G9: 59.24 | H9: 18.79 | I9: 6.4 | J9: 0.5 | K9: 165.59 | L9: 24.95 | M9: 96.91 | N9: 17.3 | O9: 0 | P9: 0.69 | Q9: 9.66
A10: 08/07/2024 00:30 | B10: 8.37 | C10: 3.41 | D10: 12.27 | E10: 5.23 | F10: 3.39 | G10: 59.24 | H10: 18.79 | I10: 6.57 | J10: 0.36 | K10: 198.71 | L10: 24.94 | M10: 96.67 | N10: 17.7 | O10: 0 | P10: 0.68 | Q10: 9.68
A11: 08/07/2024 00:45 | B11: 8.3 | C11: 3.31 | D11: 12.17 | E11: 4.93 | F11: 3.78 | G11: 59.24 | H11: 18.79 | I11: 6.69 | J11: 1.05 | K11: 138.06 | L11: 24.88 | M11: 97.42 | N11: 17.6 | O11: 0 | P11: 0.67 | Q11: 9.65
A12: 08/07/2024 01:00 | B12: 8.25 | C12: 3.27 | D12: 12.1 | E12: 5.43 | F12: 3.02 | G12: 53.55 | H12: 16.79 | I12: 6.73 | J12: 1.35 | K12: 142.42 | L12: 24.82 | M12: 97.29 | N12: 17.6 | O12: 0 | P12: 0.65 | Q12: 9.63
A13: 08/07/2024 01:15 | B13: 8.24 | C13: 3.16 | D13: 12.03 | E13: 5.11 | F13: 3.8 | G13: 47.33 | H13: 14.61 | I13: 6.61 | J13: 1.18 | K13: 147.04 | L13: 24.85 | M13: 96.98 | N13: 17.7 | O13: 0 | P13: 0.6 | Q13: 9.6
A14: 08/07/2024 01:30 | B14: 8.23 | C14: 3.19 | D14: 12.04 | E14: 4.93 | F14: 3.31 | G14: 47.33 | H14: 14.61 | I14: 6.53 | J14: 0.87 | K14: 147.9 | L14: 24.82 | M14: 97.33 | N14: 17.7 | O14: 0 | P14: 0.61 | Q14: 9.53
A15: 08/07/2024 01:45 | B15: 8.23 | C15: 3.24 | D15: 12.06 | E15: 5.36 | F15: 3.16 | G15: 47.33 | H15: 14.61 | I15: 6.42 | J15: 0.62 | K15: 148.85 | L15: 24.73 | M15: 97.98 | N15: 17.8 | O15: 0 | P15: 0.57 | Q15: 9.48
A16: 08/07/2024 02:00 | B16: 8.24 | C16: 3.23 | D16: 12.07 | E16: 5.05 | F16: 3.56 | G16: 42.89 | H16: 13.79 | I16: 6.25 | J16: 0.16 | K16: 31.09 | L16: 24.67 | M16: 98.01 | N16: 17.6 | O16: 0 | P16: 0.55 | Q16: 9.48
A17: 08/07/2024 02:15 | B17: 8.35 | C17: 3.41 | D17: 12.26 | E17: 5.12 | F17: 3.44 | G17: 37.81 | H17: 12.9 | I17: 6.07 | J17: 0.34 | K17: 5.47 | L17: 24.5 | M17: 98.29 | N17: 17.6 | O17: 0 | P17: 0.53 | Q17: 9.48
A18: 08/07/2024 02:30 | B18: 8.41 | C18: 3.49 | D18: 12.35 | E18: 4.9 | F18: 2.84 | G18: 37.81 | H18: 12.9 | I18: 5.94 | J18: 0.33 | K18: 156.88 | L18: 24.53 | M18: 98.19 | N18: 17.4 | O18: 0 | P18: 0.51 | Q18: 9.46
A19: 08/07/2024 02:45 | B19: 8.22 | C19: 3.16 | D19: 12.02 | E19: 5.25 | F19: 3.38 | G19: 37.81 | H19: 12.9 | I19: 5.82 | J19: 0.66 | K19: 157 | L19: 24.57 | M19: 97.17 | N19: 17.4 | O19: 0 | P19: 0.49 | Q19: 9.41
A20: 08/07/2024 03:00 | B20: 8.2 | C20: 3.11 | D20: 11.98 | E20: 4.86 | F20: 3.97 | G20: 38.14 | H20: 12.71 | I20: 5.69 | J20: 0.94 | K20: 142.87 | L20: 24.6 | M20: 95.92 | N20: 17.6 | O20: 0 | P20: 0.49 | Q20: 9.4
... A104: 08/07/2024 24:00 | B104: 8.29 | C104: 3.19 | D104: 12.09 | E104: 4.33 | F104: 2.75 | G104: 64.88 | H104: 17.28 | I104: 7.04 | J104: 1.41 | K104: 148.45 | L104: 25.64 | M104: 96.83 | N104: 17.4 | O104: 0 | P104: 0.73 | Q104: 9.7
A106: Min | B106: =MIN(B9:B104) -> 8.11 | C106: =MIN(C9:C104) -> 3.06 | D106: =MIN(D9:D104) -> 11.88 | E106: =MIN(E9:E104) -> 2.36 | F106: =MIN(F9:F104) -> 2.58 | G106: =MIN(G9:G104) -> 9.25 | H106: =MIN(H9:H104) -> 3.95 | I106: =MIN(I9:I104) -> 2.89 | ... Q106: =MIN(Q9:Q104) -> 0
A107: Max | B107: =MAX(B9:B104) -> 8.42 | C107: =MAX(C9:C104) -> 3.49 | D107: =MAX(D9:D104) -> 12.35 | E107: =MAX(E9:E104) -> 5.93 | F107: =MAX(F9:F104) -> 8.26 | G107: =MAX(G9:G104) -> 85.52 | H107: =MAX(H9:H104) -> 23.29 | I107: =MAX(I9:I104) -> 7.13 | ... Q107: =MAX(Q9:Q104) -> 9.8
A108: Avg | B108: =AVERAGE(B9:B104) -> 8.2460417 | C108: =AVERAGE(C9:C104) -> 3.220625 | D108: =AVERAGE(D9:D104) -> 12.070208 | E108: =AVERAGE(E9:E104) -> 4.5475 | F108: =AVERAGE(F9:F104) -> 3.8488542 | G108: =AVERAGE(G9:G104) -> 40.199167 | H108: =AVERAGE(H9:H104) -> 13.021771 | I108: =AVERAGE(I9:I104) -> 5.4575 | ... Q108: =AVERAGE(Q9:Q104) -> 8.8040625
A109: Stdev | B109: =STDEV(B9:B104) -> 0.059585925 | C109: =STDEV(C9:C104) -> 0.097070918 | D109: =STDEV(D9:D104) -> 0.093425784 | E109: =STDEV(E9:E104) -> 0.52800718 | F109: =STDEV(F9:F104) -> 1.0722302 | G109: =STDEV(G9:G104) -> 21.767789 | H109: =STDEV(H9:H104) -> 6.1948697 | I109: =STDEV(I9:I104) -> 1.3450361 | ... Q109: =STDEV(Q9:Q104) -> 2.2914268
A110: Num | B110: =COUNT(B9:B104) -> 96 | C110: =COUNT(C9:C104) -> 96 | D110: =COUNT(D9:D104) -> 96 | E110: =COUNT(E9:E104) -> 96 | F110: =COUNT(F9:F104) -> 96 | G110: =COUNT(G9:G104) -> 96 | H110: =COUNT(H9:H104) -> 96 | I110: =COUNT(I9:I104) -> 96 | ... Q110: =COUNT(Q9:Q104) -> 96
A111: DCR | B111: =IF(B110>=87,">90%",IF(B110<=87,"<90%")) -> >90% | C111: =IF(C110>=87,">90%",IF(C110<=87,"<90%")) -> >90% | D111: =IF(D110>=87,">90%",IF(D110<=87,"<90%")) -> >90% | E111: =IF(E110>=87,">90%",IF(E110<=87,"<90%")) -> >90% | F111: =IF(F110>=87,">90%",IF(F110<=87,"<90%")) -> >90% | G111: =IF(G110>=87,">90%",IF(G110<=87,"<90%")) -> >90% | H111: =IF(H110>=87,">90%",IF(H110<=87,"<90%")) -> >90% | I111: =IF(I110>=87,">90%",IF(I110<=87,"<90%")) -> >90% | ... Q111: =IF(Q110>=87,">90%",IF(Q110<=87,"<90%")) -> >90%
A112: Status | B112: =IF(B110>=87,"OK",IF(B110<=87,"LESS")) -> OK | C112: =IF(C110>=87,"OK",IF(C110<=87,"LESS")) -> OK | D112: =IF(D110>=87,"OK",IF(D110<=87,"LESS")) -> OK | E112: =IF(E110>=87,"OK",IF(E110<=87,"LESS")) -> OK | F112: =IF(F110>=87,"OK",IF(F110<=87,"LESS")) -> OK | G112: =IF(G110>=87,"OK",IF(G110<=87,"LESS")) -> OK | H112: =IF(H110>=87,"OK",IF(H110<=87,"LESS")) -> OK | I112: =IF(I110>=87,"OK",IF(I110<=87,"LESS")) -> OK | ... Q112: =IF(Q110>=87,"OK",IF(Q110<=87,"LESS")) -> OK
A115: Done by | B115: RK
A117: Comment

Sheet 09
A1: Station: | B1: BHATAGAON RAIPUR
A2: Date: | B2: =$A$9 -> 09/07/2024 00:15 | D2: Power Off | G2: Pw.Off | L2: Link Fail | N2: Link F | P2: Maintenance | R2: Maint.
A3: Report Type: | B3: Mean | D3: Calibration | G3: Calib. | L3: Data Fail | N3: Data F | P3: Invalid | R3: Invalid
A4: Time Base: | B4: 15 Min | D4: Zero Referrence | G4: Z.Ref | L4: Warm Up | N4: Wm. Up
A7: Date & Time | B7: NO_BHATAGAON | C7: NO2__BHATAGAON | D7: NOX_BHATAGAON | E7: SO2__BHATAGAON | F7: O3__BHATAGAON | G7: PM10__BHATAGAON | H7: PM2_5__BHATAGAON | I7: BENZ__BHATAGAON | J7: WS__BHATAGAON | K7: WD__BHATAGAON | L7: TEMP__BHATAGAON | M7: HUM__BHATAGAON | N7: SR__BHATAGAON | O7: RG__BHATAGAON | P7: CO__BHATAGAON | Q7: NH3__BHATAGAON
B8: ug/m3 | C8: ug/m3 | D8: ppb | E8: ug/m3 | F8: ug/m3 | G8: ug/m3 | H8: ug/m3 | I8: ug/m3 | J8: m/sec | K8: deg | L8: degreC | M8: % | N8: w/m2 | O8: mm | P8: mg/m3 | Q8: ug/m3
A9: 09/07/2024 00:15 | B9: 8.29 | C9: 3.21 | D9: 12.1 | E9: 3.82 | F9: 3.18 | G9: 57.41 | H9: 16.48 | I9: 6.93 | J9: 1.29 | K9: 155.43 | L9: 25.2 | M9: 96.83 | N9: 18 | O9: 0 | P9: 0.7 | Q9: 9.7
A10: 09/07/2024 00:30 | B10: 8.37 | C10: 3.41 | D10: 12.26 | E10: 4.08 | F10: 4 | G10: 57.41 | H10: 16.48 | I10: 6.85 | J10: 1.7 | K10: 147.45 | L10: 24.6 | M10: 90.94 | N10: 18.3 | O10: 0 | P10: 0.67 | Q10: 9.72
A11: 09/07/2024 00:45 | B11: 8.34 | C11: 3.39 | D11: 12.24 | E11: 4.21 | F11: 3.35 | G11: 57.41 | H11: 16.48 | I11: 6.74 | J11: 0.66 | K11: 162.86 | L11: 24.16 | M11: 93.18 | N11: 18.2 | O11: 0 | P11: 0.65 | Q11: 9.63
A12: 09/07/2024 01:00 | B12: 8.33 | C12: 3.41 | D12: 12.24 | E12: 3.8 | F12: 3.11 | G12: 48.19 | H12: 14.31 | I12: 6.72 | J12: 0.3 | K12: 173.86 | L12: 23.75 | M12: 96.22 | N12: 18.2 | O12: 0 | P12: 0.61 | Q12: 9.58
A13: 09/07/2024 01:15 | B13: 8.26 | C13: 3.24 | D13: 12.1 | E13: 3.75 | F13: 3.63 | G13: 38.13 | H13: 11.95 | I13: 6.52 | J13: 0.48 | K13: 157.73 | L13: 23.48 | M13: 98.09 | N13: 17.8 | O13: 0 | P13: 0.53 | Q13: 9.59
A14: 09/07/2024 01:30 | B14: 8.25 | C14: 3.21 | D14: 12.07 | E14: 3.82 | F14: 4 | G14: 38.13 | H14: 11.95 | I14: 6.15 | J14: 0.08 | K14: 235.68 | L14: 23.29 | M14: 98.2 | N14: 17.4 | O14: 0 | P14: 0.54 | Q14: 9.58
A15: 09/07/2024 01:45 | B15: 8.23 | C15: 3.2 | D15: 12.05 | E15: 3.92 | F15: 2.6 | G15: 38.13 | H15: 11.95 | I15: 5.83 | J15: 0.4 | K15: 164.63 | L15: 23.15 | M15: 98.03 | N15: 17.4 | O15: 0 | P15: 0.51 | Q15: 9.5
A16: 09/07/2024 02:00 | B16: 8.21 | C16: 3.17 | D16: 12.01 | E16: 3.87 | F16: 3.19 | G16: 30.89 | H16: 10.32 | I16: 5.58 | J16: 0.58 | K16: 181 | L16: 23.04 | M16: 97.8 | N16: 17.2 | O16: 0 | P16: 0.48 | Q16: 9.5
A17: 09/07/2024 02:15 | B17: 8.21 | C17: 3.13 | D17: 12 | E17: 3.93 | F17: 3.68 | G17: 22.62 | H17: 8.46 | I17: 5.31 | J17: 0.67 | K17: 130.87 | L17: 23.06 | M17: 97.8 | N17: 17.2 | O17: 0 | P17: 0.46 | Q17: 9.52
A18: 09/07/2024 02:30 | B18: 8.23 | C18: 3.16 | D18: 12.03 | E18: 3.54 | F18: 3.89 | G18: 22.62 | H18: 8.46 | I18: 5.08 | J18: 0.21 | K18: 47.23 | L18: 23.03 | M18: 98.31 | N18: 17.2 | O18: 0 | P18: 0.45 | Q18: 9.47
A19: 09/07/2024 02:45 | B19: 8.25 | C19: 3.18 | D19: 12.05 | E19: 3.49 | F19: 3.87 | G19: 22.62 | H19: 8.46 | I19: 5.03 | J19: 0.72 | K19: 314.81 | L19: 22.97 | M19: 98.32 | N19: 17.4 | O19: 0 | P19: 0.44 | Q19: 9.45
A20: 09/07/2024 03:00 | B20: 8.26 | C20: 3.18 | D20: 12.05 | E20: 3.7 | F20: 3.08 | G20: 21.13 | H20: 7.42 | I20: 5.14 | J20: 0.53 | K20: 176.5 | L20: 22.9 | M20: 98.24 | N20: 17.2 | O20: 0 | P20: 0.43 | Q20: 9.48
... A104: 09/07/2024 24:00 | B104: 8.22 | C104: 3.2 | D104: 12.04 | E104: 4.65 | F104: 4.14 | G104: 22.57 | H104: 8.57 | I104: 4.77 | J104: 0.33 | K104: 349.99 | L104: 23.67 | M104: 96.53 | N104: 17.8 | O104: 0 | P104: 0.45 | Q104: 9.48
A106: Min | B106: =MIN(B9:B104) -> 8.18 | C106: =MIN(C9:C104) -> 3.1 | D106: =MIN(D9:D104) -> 11.95 | E106: =MIN(E9:E104) -> 3.2 | F106: =MIN(F9:F104) -> 2.41 | G106: =MIN(G9:G104) -> 10.6 | H106: =MIN(H9:H104) -> 1.19 | I106: =MIN(I9:I104) -> 2.89 | ... Q106: =MIN(Q9:Q104) -> 9.24
A107: Max | B107: =MAX(B9:B104) -> 8.37 | C107: =MAX(C9:C104) -> 3.43 | D107: =MAX(D9:D104) -> 12.26 | E107: =MAX(E9:E104) -> 5.33 | F107: =MAX(F9:F104) -> 7.28 | G107: =MAX(G9:G104) -> 57.41 | H107: =MAX(H9:H104) -> 16.48 | I107: =MAX(I9:I104) -> 6.93 | ... Q107: =MAX(Q9:Q104) -> 9.72
A108: Avg | B108: =AVERAGE(B9:B104) -> 8.2496875 | C108: =AVERAGE(C9:C104) -> 3.2161458 | D108: =AVERAGE(D9:D104) -> 12.070104 | E108: =AVERAGE(E9:E104) -> 4.0663542 | F108: =AVERAGE(F9:F104) -> 3.67 | G108: =AVERAGE(G9:G104) -> 24.639062 | H108: =AVERAGE(H9:H104) -> 7.083125 | I108: =AVERAGE(I9:I104) -> 4.7663542 | ... Q108: =AVERAGE(Q9:Q104) -> 9.4122917
A109: Stdev | B109: =STDEV(B9:B104) -> 0.039880166 | C109: =STDEV(C9:C104) -> 0.075774871 | D109: =STDEV(D9:D104) -> 0.065974394 | E109: =STDEV(E9:E104) -> 0.46906204 | F109: =STDEV(F9:F104) -> 0.62427895 | G109: =STDEV(G9:G104) -> 9.6167385 | H109: =STDEV(H9:H104) -> 3.7922648 | I109: =STDEV(I9:I104) -> 1.0082921 | ... Q109: =STDEV(Q9:Q104) -> 0.11770149
A110: Num | B110: =COUNT(B9:B104) -> 96 | C110: =COUNT(C9:C104) -> 96 | D110: =COUNT(D9:D104) -> 96 | E110: =COUNT(E9:E104) -> 96 | F110: =COUNT(F9:F104) -> 96 | G110: =COUNT(G9:G104) -> 96 | H110: =COUNT(H9:H104) -> 96 | I110: =COUNT(I9:I104) -> 96 | ... Q110: =COUNT(Q9:Q104) -> 96
A111: DCR | B111: =IF(B110>=87,">90%",IF(B110<=87,"<90%")) -> >90% | C111: =IF(C110>=87,">90%",IF(C110<=87,"<90%")) -> >90% | D111: =IF(D110>=87,">90%",IF(D110<=87,"<90%")) -> >90% | E111: =IF(E110>=87,">90%",IF(E110<=87,"<90%")) -> >90% | F111: =IF(F110>=87,">90%",IF(F110<=87,"<90%")) -> >90% | G111: =IF(G110>=87,">90%",IF(G110<=87,"<90%")) -> >90% | H111: =IF(H110>=87,">90%",IF(H110<=87,"<90%")) -> >90% | I111: =IF(I110>=87,">90%",IF(I110<=87,"<90%")) -> >90% | ... Q111: =IF(Q110>=87,">90%",IF(Q110<=87,"<90%")) -> >90%
A112: Status | B112: =IF(B110>=87,"OK",IF(B110<=87,"LESS")) -> OK | C112: =IF(C110>=87,"OK",IF(C110<=87,"LESS")) -> OK | D112: =IF(D110>=87,"OK",IF(D110<=87,"LESS")) -> OK | E112: =IF(E110>=87,"OK",IF(E110<=87,"LESS")) -> OK | F112: =IF(F110>=87,"OK",IF(F110<=87,"LESS")) -> OK | G112: =IF(G110>=87,"OK",IF(G110<=87,"LESS")) -> OK | H112: =IF(H110>=87,"OK",IF(H110<=87,"LESS")) -> OK | I112: =IF(I110>=87,"OK",IF(I110<=87,"LESS")) -> OK | ... Q112: =IF(Q110>=87,"OK",IF(Q110<=87,"LESS")) -> OK
A115: Done by | B115: RK
A117: Comment

Sheet 10
A1: Station: | B1: BHATAGAON RAIPUR
A2: Date: | B2: =$A$9 -> 10/07/2024 00:15 | D2: Power Off | G2: Pw.Off | L2: Link Fail | N2: Link F | P2: Maintenance | R2: Maint.
A3: Report Type: | B3: Mean | D3: Calibration | G3: Calib. | L3: Data Fail | N3: Data F | P3: Invalid | R3: Invalid
A4: Time Base: | B4: 15 Min | D4: Zero Referrence | G4: Z.Ref | L4: Warm Up | N4: Wm. Up
A7: Date & Time | B7: NO_BHATAGAON | C7: NO2__BHATAGAON | D7: NOX_BHATAGAON | E7: SO2__BHATAGAON | F7: O3__BHATAGAON | G7: PM10__BHATAGAON | H7: PM2_5__BHATAGAON | I7: BENZ__BHATAGAON | J7: WS__BHATAGAON | K7: WD__BHATAGAON | L7: TEMP__BHATAGAON | M7: HUM__BHATAGAON | N7: SR__BHATAGAON | O7: RG__BHATAGAON | P7: CO__BHATAGAON | Q7: NH3__BHATAGAON
B8: ug/m3 | C8: ug/m3 | D8: ppb | E8: ug/m3 | F8: ug/m3 | G8: ug/m3 | H8: ug/m3 | I8: ug/m3 | J8: m/sec | K8: deg | L8: degreC | M8: % | N8: w/m2 | O8: mm | P8: mg/m3 | Q8: ug/m3
A9: 10/07/2024 00:15 | B9: 8.22 | C9: 3.24 | D9: 12.06 | E9: 4.4 | F9: 3.33 | G9: 20.98 | H9: 7.59 | I9: 4.48 | J9: 0.28 | K9: 12.04 | L9: 23.52 | M9: 95.84 | N9: 17.8 | O9: 0 | P9: 0.43 | Q9: 9.46
A10: 10/07/2024 00:30 | B10: 8.29 | C10: 3.31 | D10: 12.15 | E10: 4.57 | F10: 2.95 | G10: 20.98 | H10: 7.59 | I10: 4.3 | J10: 0.3 | K10: 190.9 | L10: 23.26 | M10: 94.14 | N10: 17.9 | O10: 0 | P10: 0.4 | Q10: 9.38
A11: 10/07/2024 00:45 | B11: 8.25 | C11: 3.27 | D11: 12.1 | E11: 4.33 | F11: 4 | G11: 20.98 | H11: 7.59 | I11: 4.11 | J11: 0.07 | K11: 196.17 | L11: 23.08 | M11: 94.69 | N11: 17.9 | O11: 0 | P11: 0.4 | Q11: 9.4
A12: 10/07/2024 01:00 | B12: 8.21 | C12: 3.16 | D12: 12.01 | E12: 4.45 | F12: 3.13 | G12: 18.31 | H12: 6.5 | I12: 3.87 | J12: 0.15 | K12: 321.11 | L12: 22.99 | M12: 95.84 | N12: 17.8 | O12: 0 | P12: 0.39 | Q12: 9.38
A13: 10/07/2024 01:15 | B13: 8.22 | C13: 3.14 | D13: 12 | E13: 4.61 | F13: 3.15 | G13: 15.39 | H13: 5.31 | I13: 3.74 | J13: 0.55 | K13: 179.35 | L13: 22.84 | M13: 96.99 | N13: 17.8 | O13: 0 | P13: 0.36 | Q13: 9.3
A14: 10/07/2024 01:30 | B14: 8.23 | C14: 3.15 | D14: 12.02 | E14: 4.17 | F14: 3.61 | G14: 15.39 | H14: 5.31 | I14: 3.58 | J14: 0.08 | K14: 350.17 | L14: 22.75 | M14: 98.26 | N14: 17.8 | O14: 0 | P14: 0.36 | Q14: 9.29
A15: 10/07/2024 01:45 | B15: 8.24 | C15: 3.14 | D15: 12.02 | E15: 4.64 | F15: 3.52 | G15: 15.39 | H15: 5.31 | I15: 3.51 | J15: 0.13 | K15: 165.26 | L15: 22.74 | M15: 98.3 | N15: 17.7 | O15: 0 | P15: 0.35 | Q15: 9.31
A16: 10/07/2024 02:00 | B16: 8.24 | C16: 3.1 | D16: 12 | E16: 4.25 | F16: 4.04 | G16: 14.29 | H16: 5.16 | I16: 3.53 | J16: 0.34 | K16: 353.78 | L16: 22.68 | M16: 98.33 | N16: 17.7 | O16: 0 | P16: 0.35 | Q16: 8.93
A17: 10/07/2024 02:15 | B17: 8.24 | C17: 3.1 | D17: 12 | E17: 4.25 | F17: 4.04 | G17: 14.29 | H17: 5.16 | I17: 3.53 | J17: 0.34 | K17: 353.78 | L17: 22.68 | M17: 98.33 | N17: 17.7 | O17: 0 | P17: 0.35 | Q17: 8.93
A18: 10/07/2024 02:30 | B18: 8.26 | C18: 3.18 | D18: 12.06 | E18: 4.59 | F18: 3.61 | G18: 10.77 | H18: 4.69 | I18: 3.51 | J18: 0.07 | K18: 61.94 | L18: 22.59 | M18: 98.33 | N18: 17.7 | O18: 0 | P18: 0.34 | Q18: 8.18
A19: 10/07/2024 02:45 | B19: 8.27 | C19: 3.21 | D19: 12.09 | E19: 4.41 | F19: 3.41 | G19: 10.77 | H19: 4.69 | I19: 3.63 | J19: 0.13 | K19: 76.81 | L19: 22.5 | M19: 98.33 | N19: 17.6 | O19: 0 | P19: 0.33 | Q19: 9.35
A20: 10/07/2024 03:00 | B20: 8.28 | C20: 3.21 | D20: 12.09 | E20: 4.55 | F20: 3.97 | G20: 10.71 | H20: 4.13 | I20: 3.72 | J20: 0.05 | K20: 306.04 | L20: 22.41 | M20: 98.33 | N20: 17.7 | O20: 0 | P20: 0.33 | Q20: 9.38
... A104: 10/07/2024 24:00 | B104: 8.37 | C104: 3.35 | D104: 12.23 | E104: 4.42 | F104: 3.3 | G104: 27.3 | H104: 14.55 | I104: 4.93 | J104: 0.07 | K104: 247.35 | L104: 25.17 | M104: 90.65 | N104: 17.4 | O104: 0 | P104: 0.43 | Q104: 9.44
A106: Min | B106: =MIN(B9:B104) -> 8.18 | C106: =MIN(C9:C104) -> 3.07 | D106: =MIN(D9:D104) -> 11.95 | E106: =MIN(E9:E104) -> 3.39 | F106: =MIN(F9:F104) -> 2.37 | G106: =MIN(G9:G104) -> 7.6 | H106: =MIN(H9:H104) -> 1.31 | I106: =MIN(I9:I104) -> 1.89 | ... Q106: =MIN(Q9:Q104) -> 8.18
A107: Max | B107: =MAX(B9:B104) -> 8.42 | C107: =MAX(C9:C104) -> 3.47 | D107: =MAX(D9:D104) -> 12.33 | E107: =MAX(E9:E104) -> 6.04 | F107: =MAX(F9:F104) -> 10.74 | G107: =MAX(G9:G104) -> 162.78 | H107: =MAX(H9:H104) -> 24.04 | I107: =MAX(I9:I104) -> 6.43 | ... Q107: =MAX(Q9:Q104) -> 9.62
A108: Avg | B108: =AVERAGE(B9:B104) -> 8.285625 | C108: =AVERAGE(C9:C104) -> 3.24625 | D108: =AVERAGE(D9:D104) -> 12.114792 | E108: =AVERAGE(E9:E104) -> 4.6880208 | F108: =AVERAGE(F9:F104) -> 3.9128125 | G108: =AVERAGE(G9:G104) -> 36.596875 | H108: =AVERAGE(H9:H104) -> 9.2254167 | I108: =AVERAGE(I9:I104) -> 3.74875 | ... Q108: =AVERAGE(Q9:Q104) -> 9.3813542
A109: Stdev | B109: =STDEV(B9:B104) -> 0.068867722 | C109: =STDEV(C9:C104) -> 0.086465691 | D109: =STDEV(D9:D104) -> 0.093628371 | E109: =STDEV(E9:E104) -> 0.70249873 | F109: =STDEV(F9:F104) -> 1.0737212 | G109: =STDEV(G9:G104) -> 36.922442 | H109: =STDEV(H9:H104) -> 6.8368503 | I109: =STDEV(I9:I104) -> 1.1556363 | ... Q109: =STDEV(Q9:Q104) -> 0.17764909
A110: Num | B110: =COUNT(B9:B104) -> 96 | C110: =COUNT(C9:C104) -> 96 | D110: =COUNT(D9:D104) -> 96 | E110: =COUNT(E9:E104) -> 96 | F110: =COUNT(F9:F104) -> 96 | G110: =COUNT(G9:G104) -> 96 | H110: =COUNT(H9:H104) -> 96 | I110: =COUNT(I9:I104) -> 96 | ... Q110: =COUNT(Q9:Q104) -> 96
A111: DCR | B111: =IF(B110>=87,">90%",IF(B110<=87,"<90%")) -> >90% | C111: =IF(C110>=87,">90%",IF(C110<=87,"<90%")) -> >90% | D111: =IF(D110>=87,">90%",IF(D110<=87,"<90%")) -> >90% | E111: =IF(E110>=87,">90%",IF(E110<=87,"<90%")) -> >90% | F111: =IF(F110>=87,">90%",IF(F110<=87,"<90%")) -> >90% | G111: =IF(G110>=87,">90%",IF(G110<=87,"<90%")) -> >90% | H111: =IF(H110>=87,">90%",IF(H110<=87,"<90%")) -> >90% | I111: =IF(I110>=87,">90%",IF(I110<=87,"<90%")) -> >90% | ... Q111: =IF(Q110>=87,">90%",IF(Q110<=87,"<90%")) -> >90%
A112: Status | B112: =IF(B110>=87,"OK",IF(B110<=87,"LESS")) -> OK | C112: =IF(C110>=87,"OK",IF(C110<=87,"LESS")) -> OK | D112: =IF(D110>=87,"OK",IF(D110<=87,"LESS")) -> OK | E112: =IF(E110>=87,"OK",IF(E110<=87,"LESS")) -> OK | F112: =IF(F110>=87,"OK",IF(F110<=87,"LESS")) -> OK | G112: =IF(G110>=87,"OK",IF(G110<=87,"LESS")) -> OK | H112: =IF(H110>=87,"OK",IF(H110<=87,"LESS")) -> OK | I112: =IF(I110>=87,"OK",IF(I110<=87,"LESS")) -> OK | ... Q112: =IF(Q110>=87,"OK",IF(Q110<=87,"LESS")) -> OK
A115: Done by | B115: RK
A117: Comment

Sheet 11
A1: Station: | B1: BHATAGAON RAIPUR
A2: Date: | B2: =$A$9 -> 11/07/2024 00:15 | D2: Power Off | G2: Pw.Off | L2: Link Fail | N2: Link F | P2: Maintenance | R2: Maint.
A3: Report Type: | B3: Mean | D3: Calibration | G3: Calib. | L3: Data Fail | N3: Data F | P3: Invalid | R3: Invalid
A4: Time Base: | B4: 15 Min | D4: Zero Referrence | G4: Z.Ref | L4: Warm Up | N4: Wm. Up
A7: Date & Time | B7: NO_BHATAGAON | C7: NO2__BHATAGAON | D7: NOX_BHATAGAON | E7: SO2__BHATAGAON | F7: O3__BHATAGAON | G7: PM10__BHATAGAON | H7: PM2_5__BHATAGAON | I7: BENZ__BHATAGAON | J7: WS__BHATAGAON | K7: WD__BHATAGAON | L7: TEMP__BHATAGAON | M7: HUM__BHATAGAON | N7: SR__BHATAGAON | O7: RG__BHATAGAON | P7: CO__BHATAGAON | Q7: NH3__BHATAGAON
B8: ug/m3 | C8: ug/m3 | D8: ppb | E8: ug/m3 | F8: ug/m3 | G8: ug/m3 | H8: ug/m3 | I8: ug/m3 | J8: m/sec | K8: deg | L8: degreC | M8: % | N8: w/m2 | O8: mm | P8: mg/m3 | Q8: ug/m3
A9: 11/07/2024 00:15 | B9: 8.36 | C9: 3.27 | D9: 12.19 | E9: 4.47 | F9: 3.26 | G9: 33.47 | H9: 14.59 | I9: 4.63 | J9: 0.06 | K9: 188.93 | L9: 24.94 | M9: 92.22 | N9: 17.2 | O9: 0 | P9: 0.41 | Q9: 9.47
A10: 11/07/2024 00:30 | B10: 8.35 | C10: 3.23 | D10: 12.16 | E10: 4.85 | F10: 3.49 | G10: 33.47 | H10: 14.59 | I10: 4.44 | J10: 0.17 | K10: 334.92 | L10: 24.83 | M10: 92.58 | N10: 17.1 | O10: 0 | P10: 0.4 | Q10: 9.44
A11: 11/07/2024 00:45 | B11: 8.35 | C11: 3.21 | D11: 12.15 | E11: 4.49 | F11: 3.45 | G11: 33.47 | H11: 14.59 | I11: 4.48 | J11: 0.59 | K11: 156.41 | L11: 24.74 | M11: 92.83 | N11: 17.1 | O11: 0 | P11: 0.39 | Q11: 9.44
A12: 11/07/2024 01:00 | B12: 8.35 | C12: 3.24 | D12: 12.17 | E12: 4.49 | F12: 3.56 | G12: 28.5 | H12: 14.46 | I12: 4.54 | J12: 0.23 | K12: 178.51 | L12: 24.49 | M12: 93.86 | N12: 17.1 | O12: 0 | P12: 0.38 | Q12: 9.44
A13: 11/07/2024 01:15 | B13: 8.35 | C13: 3.24 | D13: 12.16 | E13: 4.75 | F13: 3.53 | G13: 23.06 | H13: 14.31 | I13: 4.58 | J13: 0.35 | K13: 142.04 | L13: 24.35 | M13: 94.31 | N13: 17.2 | O13: 0 | P13: 0.36 | Q13: 9.45
A14: 11/07/2024 01:30 | B14: 8.34 | C14: 3.24 | D14: 12.16 | E14: 4.73 | F14: 3.62 | G14: 23.06 | H14: 14.31 | I14: 4.78 | J14: 0.3 | K14: 159.07 | L14: 24.23 | M14: 94.94 | N14: 17 | O14: 0 | P14: 0.36 | Q14: 9.46
A15: 11/07/2024 01:45 | B15: 8.33 | C15: 3.2 | D15: 12.13 | E15: 4.55 | F15: 3.71 | G15: 23.06 | H15: 14.31 | I15: 4.82 | J15: 0.2 | K15: 357.31 | L15: 24.13 | M15: 95.81 | N15: 17 | O15: 0 | P15: 0.36 | Q15: 9.46
A16: 11/07/2024 02:00 | B16: 8.32 | C16: 3.21 | D16: 12.12 | E16: 4.88 | F16: 4.25 | G16: 19.31 | H16: 13.56 | I16: 4.83 | J16: 0.15 | K16: 336.14 | L16: 24.15 | M16: 95.79 | N16: 16.9 | O16: 0 | P16: 0.35 | Q16: 9.44
A17: 11/07/2024 02:15 | B17: 8.34 | C17: 3.24 | D17: 12.15 | E17: 4.92 | F17: 4.83 | G17: 15.03 | H17: 12.7 | I17: 4.94 | J17: 0.53 | K17: 337.55 | L17: 24.11 | M17: 96.32 | N17: 16.2 | O17: 0 | P17: 0.35 | Q17: 9.36
A18: 11/07/2024 02:30 | B18: 8.36 | C18: 3.32 | D18: 12.22 | E18: 4.88 | F18: 2.22 | G18: 15.03 | H18: 12.7 | I18: 4.93 | J18: 0.35 | K18: 335.48 | L18: 24.06 | M18: 96.51 | N18: 0.2 | O18: 0 | P18: 0.33 | Q18: 9.19
A19: 11/07/2024 02:45 | B19: 8.35 | C19: 3.29 | D19: 12.19 | E19: 4.76 | F19: 3.1 | G19: 15.03 | H19: 12.7 | I19: 4.78 | J19: 0.28 | K19: 348.75 | L19: 23.95 | M19: 96.92 | N19: 17 | O19: 0 | P19: 0.31 | Q19: 9.25
A20: 11/07/2024 03:00 | B20: 8.32 | C20: 3.22 | D20: 12.13 | E20: 4.57 | F20: 4.07 | G20: 18 | H20: 10.98 | I20: 4.54 | J20: 0.22 | K20: 359.39 | L20: 23.95 | M20: 96.73 | N20: 17 | O20: 0 | P20: 0.31 | Q20: 9.35
... A63: 11/07/2024 13:45 | B63: 8.33 | C63: 3.26 | D63: 12.16 | E63: 3.77 | F63: 4.63 | G63: 10.43 | H63: 4.43 | I63: 1.1 | J63: 0.69 | K63: 358.17 | L63: 27.85 | M63: 77.82 | N63: 832.7 | O63: 0 | P63: 0.32 | Q63: 9.23
A64: 11/07/2024 14:00 | B64: 8.28 | C64: 3.21 | D64: 12.09 | E64: 3.54 | F64: 6.74 | G64: Calib. | H64: Calib. | I64: 1.05 | J64: 0.61 | K64: 344.71 | L64: 28.53 | M64: 75.07 | N64: 694.5 | O64: 0 | P64: 0.33 | Q64: 9.2
A65: 11/07/2024 14:15 | B65: 8.33 | C65: 3.28 | D65: 12.16 | E65: 3.61 | F65: 8.23 | G65: Calib. | H65: Calib. | I65: 1.08 | J65: 0.44 | K65: 347.89 | L65: 28.6 | M65: 73.81 | N65: 714.1 | O65: 0 | P65: 0.33 | Q65: 9.24
A66: 11/07/2024 14:30 | B66: 8.33 | C66: 3.29 | D66: 12.17 | E66: 3.98 | F66: 7.25 | G66: Calib. | H66: Calib. | I66: 1.08 | J66: 0.48 | K66: 352.45 | L66: 28.16 | M66: 74.68 | N66: 440.9 | O66: 0 | P66: 0.32 | Q66: 9.25
A67: 11/07/2024 14:45 | B67: 8.33 | C67: 3.22 | D67: 12.14 | E67: 3.17 | F67: 6.85 | G67: 32.67 | H67: 4.52 | I67: 1.06 | J67: 0.28 | K67: 343.72 | L67: 27.98 | M67: 74.91 | N67: 229.7 | O67: 0 | P67: 0.33 | Q67: 9.26
A68: 11/07/2024 15:00 | B68: 8.33 | C68: 3.22 | D68: 12.14 | E68: 3.21 | F68: 6.12 | G68: 81.66 | H68: 11.3 | I68: 1.01 | J68: 0.31 | K68: 347.71 | L68: 28.17 | M68: 73.96 | N68: 212.6 | O68: 0 | P68: 0.32 | Q68: 9.25
A69: 11/07/2024 15:15 | B69: 8.32 | C69: 3.2 | D69: 12.12 | E69: 3.17 | F69: 5.67 | G69: 81.66 | H69: 11.3 | I69: 1 | J69: 0.57 | K69: 357.65 | L69: 28.37 | M69: 73.75 | N69: 238.8 | O69: 0 | P69: 0.33 | Q69: 9.24
A70: 11/07/2024 15:30 | B70: 8.33 | C70: 3.24 | D70: 12.14 | E70: 3 | F70: 5.69 | G70: 81.66 | H70: 11.3 | I70: 1.04 | J70: 0.55 | K70: 344.54 | L70: 29.09 | M70: 69.69 | N70: 334.2 | O70: 0 | P70: 0.33 | Q70: 9.26
A71: 11/07/2024 15:45 | B71: 8.33 | C71: 3.21 | D71: 12.13 | E71: 3.22 | F71: 6.32 | G71: 72.12 | H71: 10.9 | I71: 1.06 | J71: 0.58 | K71: 356.42 | L71: 29.26 | M71: 68.94 | N71: 166.9 | O71: 0 | P71: 0.34 | Q71: 9.28
A72: 11/07/2024 16:00 | B72: 8.32 | C72: 3.23 | D72: 12.13 | E72: 3.94 | F72: 5.78 | G72: 57.82 | H72: 10.32 | I72: 1.05 | J72: 0.58 | K72: 3.74 | L72: 28.87 | M72: 71.25 | N72: 183.8 | O72: 0 | P72: 0.36 | Q72: 9.29
A73: 11/07/2024 16:15 | B73: 8.29 | C73: 3.2 | D73: 12.09 | E73: 3.58 | F73: 5.12 | G73: 57.82 | H73: 10.32 | I73: 1.06 | J73: 0.71 | K73: 7.55 | L73: 28.64 | M73: 72.21 | N73: 148.9 | O73: 0 | P73: 0.36 | Q73: 9.2
A74: 11/07/2024 16:30 | B74: 8.29 | C74: 3.19 | D74: 12.09 | E74: 3.19 | F74: 5.38 | G74: 57.82 | H74: 10.32 | I74: 1.09 | J74: 0.61 | K74: 357.57 | L74: 28.72 | M74: 72.61 | N74: 115.3 | O74: 0 | P74: 0.37 | Q74: 9.22
A75: 11/07/2024 16:45 | B75: 8.28 | C75: 3.19 | D75: 12.08 | E75: 3.42 | F75: 4.88 | G75: 54.66 | H75: 9.3 | I75: 1.09 | J75: 0.73 | K75: 24.53 | L75: 28.81 | M75: 71.75 | N75: 116.9 | O75: 0 | P75: 0.38 | Q75: 9.26
A76: 11/07/2024 17:00 | B76: 8.29 | C76: 3.18 | D76: 12.08 | E76: 3.16 | F76: 5.81 | G76: 50.15 | H76: 7.85 | I76: 1.16 | J76: 0.67 | K76: 6.96 | L76: 28.94 | M76: 70.75 | N76: 146.4 | O76: 0 | P76: 0.4 | Q76: 9.33
A77: 11/07/2024 17:15 | B77: 8.28 | C77: 3.21 | D77: 12.09 | E77: 3.69 | F77: 3.81 | G77: 50.15 | H77: 7.85 | I77: 1.26 | J77: 0.65 | K77: 13.55 | L77: 29.14 | M77: 69.98 | N77: 118.8 | O77: 0 | P77: 0.4 | Q77: 9.25
A78: 11/07/2024 17:30 | B78: 8.28 | C78: 3.24 | D78: 12.11 | E78: 3.58 | F78: 4.42 | G78: 50.15 | H78: 7.85 | I78: 1.23 | J78: 0.64 | K78: 25.51 | L78: 28.98 | M78: 71.3 | N78: 87.3 | O78: 0 | P78: 0.41 | Q78: 9.22
... A104: 11/07/2024 24:00 | B104: 8.33 | C104: 3.18 | D104: 12.12 | E104: 5.01 | F104: 3.31 | G104: 42.31 | H104: 11.77 | I104: 2.6 | J104: 0.16 | K104: 297.66 | L104: 24.5 | M104: 90.41 | N104: 16.6 | O104: 0 | P104: 0.49 | Q104: 9.46
A106: Min | B106: =MIN(B9:B104) -> 8.27 | C106: =MIN(C9:C104) -> 3.15 | D106: =MIN(D9:D104) -> 12.06 | E106: =MIN(E9:E104) -> 2.85 | F106: =MIN(F9:F104) -> 2.22 | G106: =MIN(G9:G104) -> 10.43 | H106: =MIN(H9:H104) -> 2.37 | I106: =MIN(I9:I104) -> 1 | ... Q106: =MIN(Q9:Q104) -> 9.15
A107: Max | B107: =MAX(B9:B104) -> 8.4 | C107: =MAX(C9:C104) -> 3.46 | D107: =MAX(D9:D104) -> 12.31 | E107: =MAX(E9:E104) -> 5.01 | F107: =MAX(F9:F104) -> 8.23 | G107: =MAX(G9:G104) -> 81.66 | H107: =MAX(H9:H104) -> 16.86 | I107: =MAX(I9:I104) -> 5.09 | ... Q107: =MAX(Q9:Q104) -> 9.47
A108: Avg | B108: =AVERAGE(B9:B104) -> 8.3267708 | C108: =AVERAGE(C9:C104) -> 3.2539583 | D108: =AVERAGE(D9:D104) -> 12.151667 | E108: =AVERAGE(E9:E104) -> 3.8864583 | F108: =AVERAGE(F9:F104) -> 4.315 | G108: =AVERAGE(G9:G104) -> 35.977527 | H108: =AVERAGE(H9:H104) -> 9.5897849 | I108: =AVERAGE(I9:I104) -> 2.7771875 | ... Q108: =AVERAGE(Q9:Q104) -> 9.305
A109: Stdev | B109: =STDEV(B9:B104) -> 0.029468799 | C109: =STDEV(C9:C104) -> 0.066672478 | D109: =STDEV(D9:D104) -> 0.053796237 | E109: =STDEV(E9:E104) -> 0.61078031 | F109: =STDEV(F9:F104) -> 1.3011469 | G109: =STDEV(G9:G104) -> 15.627135 | H109: =STDEV(H9:H104) -> 3.3803151 | I109: =STDEV(I9:I104) -> 1.383428 | ... Q109: =STDEV(Q9:Q104) -> 0.078391729
A110: Num | B110: =COUNT(B9:B104) -> 96 | C110: =COUNT(C9:C104) -> 96 | D110: =COUNT(D9:D104) -> 96 | E110: =COUNT(E9:E104) -> 96 | F110: =COUNT(F9:F104) -> 96 | G110: =COUNT(G9:G104)+3 -> 96 | H110: =COUNT(H9:H104)+3 -> 96 | I110: =COUNT(I9:I104) -> 96 | J110: =COUNT(J9:J104) -> 96 | K110: =COUNT(K9:K104) -> 96 | L110: =COUNT(L9:L104) -> 96 | M110: =COUNT(M9:M104) -> 96 | N110: =COUNT(N9:N104) -> 96 | O110: =COUNT(O9:O104) -> 96 | P110: =COUNT(P9:P104) -> 96 | Q110: =COUNT(Q9:Q104) -> 96
A111: DCR | B111: =IF(B110>=87,">90%",IF(B110<=87,"<90%")) -> >90% | C111: =IF(C110>=87,">90%",IF(C110<=87,"<90%")) -> >90% | D111: =IF(D110>=87,">90%",IF(D110<=87,"<90%")) -> >90% | E111: =IF(E110>=87,">90%",IF(E110<=87,"<90%")) -> >90% | F111: =IF(F110>=87,">90%",IF(F110<=87,"<90%")) -> >90% | G111: =IF(G110>=87,">90%",IF(G110<=87,"<90%")) -> >90% | H111: =IF(H110>=87,">90%",IF(H110<=87,"<90%")) -> >90% | I111: =IF(I110>=87,">90%",IF(I110<=87,"<90%")) -> >90% | ... Q111: =IF(Q110>=87,">90%",IF(Q110<=87,"<90%")) -> >90%
A112: Status | B112: =IF(B110>=87,"OK",IF(B110<=87,"LESS")) -> OK | C112: =IF(C110>=87,"OK",IF(C110<=87,"LESS")) -> OK | D112: =IF(D110>=87,"OK",IF(D110<=87,"LESS")) -> OK | E112: =IF(E110>=87,"OK",IF(E110<=87,"LESS")) -> OK | F112: =IF(F110>=87,"OK",IF(F110<=87,"LESS")) -> OK | G112: =IF(G110>=87,"OK",IF(G110<=87,"LESS")) -> OK | H112: =IF(H110>=87,"OK",IF(H110<=87,"LESS")) -> OK | I112: =IF(I110>=87,"OK",IF(I110<=87,"LESS")) -> OK | ... Q112: =IF(Q110>=87,"OK",IF(Q110<=87,"LESS")) -> OK
A115: Done by | B115: RK
A117: Comment

Sheet 12
A1: Station: | B1: BHATAGAON RAIPUR
A2: Date: | B2: =$A$9 -> 12/07/2024 00:15 | D2: Power Off | G2: Pw.Off | L2: Link Fail | N2: Link F | P2: Maintenance | R2: Maint.
A3: Report Type: | B3: Mean | D3: Calibration | G3: Calib. | L3: Data Fail | N3: Data F | P3: Invalid | R3: Invalid
A4: Time Base: | B4: 15 Min | D4: Zero Referrence | G4: Z.Ref | L4: Warm Up | N4: Wm. Up
A7: Date & Time | B7: NO_BHATAGAON | C7: NO2__BHATAGAON | D7: NOX_BHATAGAON | E7: SO2__BHATAGAON | F7: O3__BHATAGAON | G7: PM10__BHATAGAON | H7: PM2_5__BHATAGAON | I7: BENZ__BHATAGAON | J7: WS__BHATAGAON | K7: WD__BHATAGAON | L7: TEMP__BHATAGAON | M7: HUM__BHATAGAON | N7: SR__BHATAGAON | O7: RG__BHATAGAON | P7: CO__BHATAGAON | Q7: NH3__BHATAGAON
B8: ug/m3 | C8: ug/m3 | D8: ppb | E8: ug/m3 | F8: ug/m3 | G8: ug/m3 | H8: ug/m3 | I8: ug/m3 | J8: m/sec | K8: deg | L8: degreC | M8: % | N8: w/m2 | O8: mm | P8: mg/m3 | Q8: ug/m3
A9: 12/07/2024 00:15 | B9: 8.34 | C9: 3.17 | D9: 12.12 | E9: 4.73 | F9: 3.58 | G9: 42.31 | H9: 11.77 | I9: 2.75 | J9: 0.44 | K9: 349.37 | L9: 24.36 | M9: 90.96 | N9: 16.6 | O9: 0 | P9: 0.48 | Q9: 9.44
A10: 12/07/2024 00:30 | B10: 8.32 | C10: 3.17 | D10: 12.11 | E10: 4.76 | F10: 3.68 | G10: 42.31 | H10: 11.77 | I10: 2.87 | J10: 0.18 | K10: 330.43 | L10: 24.35 | M10: 91.49 | N10: 16.6 | O10: 0 | P10: 0.46 | Q10: 9.43
A11: 12/07/2024 00:45 | B11: 8.34 | C11: 3.19 | D11: 12.13 | E11: 4.8 | F11: 3.86 | G11: 41.27 | H11: 10.93 | I11: 2.94 | J11: 0.46 | K11: 356.86 | L11: 24.28 | M11: 92.21 | N11: 16.5 | O11: 0 | P11: 0.46 | Q11: 9.43
A12: 12/07/2024 01:00 | B12: 8.34 | C12: 3.21 | D12: 12.14 | E12: 4.65 | F12: 4.34 | G12: 39.78 | H12: 9.73 | I12: 2.95 | J12: 0.2 | K12: 331.74 | L12: 24.24 | M12: 92.09 | N12: 16.4 | O12: 0 | P12: 0.45 | Q12: 9.43
A13: 12/07/2024 01:15 | B13: 8.31 | C13: 3.23 | D13: 12.13 | E13: 4.85 | F13: 3.12 | G13: 39.78 | H13: 9.73 | I13: 3.04 | J13: 0.21 | K13: 6.14 | L13: 24.18 | M13: 92.72 | N13: 16.6 | O13: 0 | P13: 0.42 | Q13: 9.32
A14: 12/07/2024 01:30 | B14: 8.36 | C14: 3.33 | D14: 12.22 | E14: 4.8 | F14: 2.85 | G14: 39.78 | H14: 9.73 | I14: 3.1 | J14: 0.38 | K14: 195.01 | L14: 24.02 | M14: 94.14 | N14: 16.6 | O14: 0 | P14: 0.41 | Q14: 9.27
A15: 12/07/2024 01:45 | B15: 8.4 | C15: 3.43 | D15: 12.3 | E15: 4.76 | F15: 3.99 | G15: 36.99 | H15: 9.91 | I15: 3.02 | J15: 0.22 | K15: 181.39 | L15: 23.9 | M15: 95.5 | N15: 16.5 | O15: 0 | P15: 0.41 | Q15: 9.33
A16: 12/07/2024 02:00 | B16: 8.29 | C16: 3.22 | D16: 12.11 | E16: 4.81 | F16: 4.31 | G16: 32.8 | H16: 10.18 | I16: 2.99 | J16: 0.06 | K16: 280.33 | L16: 23.81 | M16: 96.38 | N16: 16.4 | O16: 0 | P16: 0.4 | Q16: 9.34
A17: 12/07/2024 02:15 | B17: 8.27 | C17: 3.23 | D17: 12.1 | E17: 4.99 | F17: 2.42 | G17: 32.8 | H17: 10.18 | I17: 3.03 | J17: 0.3 | K17: 196.47 | L17: 23.77 | M17: 96.27 | N17: 16.3 | O17: 0 | P17: 0.38 | Q17: 9.23
A18: 12/07/2024 02:30 | B18: 8.29 | C18: 3.2 | D18: 12.1 | E18: 4.55 | F18: 3.28 | G18: 32.8 | H18: 10.18 | I18: 3.09 | J18: 0.09 | K18: 322.13 | L18: 23.69 | M18: 96.77 | N18: 16.3 | O18: 0 | P18: 0.37 | Q18: 9.31
A19: 12/07/2024 02:45 | B19: 8.28 | C19: 3.2 | D19: 12.09 | E19: 4.63 | F19: 4.33 | G19: 29.67 | H19: 9.05 | I19: 3.13 | J19: 0.32 | K19: 196.21 | L19: 23.69 | M19: 96.74 | N19: 16.2 | O19: 0 | P19: 0.36 | Q19: 9.35
A20: 12/07/2024 03:00 | B20: 8.3 | C20: 3.3 | D20: 12.16 | E20: 4.95 | F20: 3.82 | G20: 24.97 | H20: 7.34 | I20: 3.02 | J20: 0.54 | K20: 187.83 | L20: 23.55 | M20: 97.95 | N20: 16.3 | O20: 0 | P20: 0.36 | Q20: 9.37
... A104: 12/07/2024 24:00 | B104: 8.35 | C104: 3.21 | D104: 12.15 | E104: 5.55 | F104: 4.45 | G104: 30.44 | H104: 11.59 | I104: 4.69 | J104: 0.14 | K104: 38.52 | L104: 22.62 | M104: 98.33 | N104: 16.5 | O104: 0 | P104: 0.43 | Q104: 9.57
A106: Min | B106: =MIN(B9:B104) -> 8.27 | C106: =MIN(C9:C104) -> 3.17 | D106: =MIN(D9:D104) -> 12.06 | E106: =MIN(E9:E104) -> 3.15 | F106: =MIN(F9:F104) -> 2.42 | G106: =MIN(G9:G104) -> 17.12 | H106: =MIN(H9:H104) -> 2.8 | I106: =MIN(I9:I104) -> 1.33 | ... Q106: =MIN(Q9:Q104) -> 9.21
A107: Max | B107: =MAX(B9:B104) -> 8.52 | C107: =MAX(C9:C104) -> 3.58 | D107: =MAX(D9:D104) -> 12.48 | E107: =MAX(E9:E104) -> 5.55 | F107: =MAX(F9:F104) -> 16.65 | G107: =MAX(G9:G104) -> 83.78 | H107: =MAX(H9:H104) -> 33.52 | I107: =MAX(I9:I104) -> 4.69 | ... Q107: =MAX(Q9:Q104) -> 9.82
A108: Avg | B108: =AVERAGE(B9:B104) -> 8.3492708 | C108: =AVERAGE(C9:C104) -> 3.2871875 | D108: =AVERAGE(D9:D104) -> 12.187604 | E108: =AVERAGE(E9:E104) -> 4.3296875 | F108: =AVERAGE(F9:F104) -> 4.2525 | G108: =AVERAGE(G9:G104) -> 41.68625 | H108: =AVERAGE(H9:H104) -> 12.528854 | I108: =AVERAGE(I9:I104) -> 3.065 | ... Q108: =AVERAGE(Q9:Q104) -> 9.4436458
A109: Stdev | B109: =STDEV(B9:B104) -> 0.052959663 | C109: =STDEV(C9:C104) -> 0.088635304 | D109: =STDEV(D9:D104) -> 0.082356667 | E109: =STDEV(E9:E104) -> 0.47334521 | F109: =STDEV(F9:F104) -> 1.7996175 | G109: =STDEV(G9:G104) -> 19.033252 | H109: =STDEV(H9:H104) -> 7.2475247 | I109: =STDEV(I9:I104) -> 0.87003206 | ... Q109: =STDEV(Q9:Q104) -> 0.1564953
A110: Num | B110: =COUNT(B9:B104) -> 96 | C110: =COUNT(C9:C104) -> 96 | D110: =COUNT(D9:D104) -> 96 | E110: =COUNT(E9:E104) -> 96 | F110: =COUNT(F9:F104) -> 96 | G110: =COUNT(G9:G104) -> 96 | H110: =COUNT(H9:H104) -> 96 | I110: =COUNT(I9:I104) -> 96 | ... Q110: =COUNT(Q9:Q104) -> 96
A111: DCR | B111: =IF(B110>=87,">90%",IF(B110<=87,"<90%")) -> >90% | C111: =IF(C110>=87,">90%",IF(C110<=87,"<90%")) -> >90% | D111: =IF(D110>=87,">90%",IF(D110<=87,"<90%")) -> >90% | E111: =IF(E110>=87,">90%",IF(E110<=87,"<90%")) -> >90% | F111: =IF(F110>=87,">90%",IF(F110<=87,"<90%")) -> >90% | G111: =IF(G110>=87,">90%",IF(G110<=87,"<90%")) -> >90% | H111: =IF(H110>=87,">90%",IF(H110<=87,"<90%")) -> >90% | I111: =IF(I110>=87,">90%",IF(I110<=87,"<90%")) -> >90% | ... Q111: =IF(Q110>=87,">90%",IF(Q110<=87,"<90%")) -> >90%
A112: Status | B112: =IF(B110>=87,"OK",IF(B110<=87,"LESS")) -> OK | C112: =IF(C110>=87,"OK",IF(C110<=87,"LESS")) -> OK | D112: =IF(D110>=87,"OK",IF(D110<=87,"LESS")) -> OK | E112: =IF(E110>=87,"OK",IF(E110<=87,"LESS")) -> OK | F112: =IF(F110>=87,"OK",IF(F110<=87,"LESS")) -> OK | G112: =IF(G110>=87,"OK",IF(G110<=87,"LESS")) -> OK | H112: =IF(H110>=87,"OK",IF(H110<=87,"LESS")) -> OK | I112: =IF(I110>=87,"OK",IF(I110<=87,"LESS")) -> OK | ... Q112: =IF(Q110>=87,"OK",IF(Q110<=87,"LESS")) -> OK
A115: Done by | B115: RK
A117: Comment

Sheet 13
A1: Station: | B1: BHATAGAON RAIPUR
A2: Date: | B2: =$A$9 -> 13/07/2024 00:15 | D2: Power Off | G2: Pw.Off | L2: Link Fail | N2: Link F | P2: Maintenance | R2: Maint.
A3: Report Type: | B3: Mean | D3: Calibration | G3: Calib. | L3: Data Fail | N3: Data F | P3: Invalid | R3: Invalid
A4: Time Base: | B4: 15 Min | D4: Zero Referrence | G4: Z.Ref | L4: Warm Up | N4: Wm. Up
A7: Date & Time | B7: NO_BHATAGAON | C7: NO2__BHATAGAON | D7: NOX_BHATAGAON | E7: SO2__BHATAGAON | F7: O3__BHATAGAON | G7: PM10__BHATAGAON | H7: PM2_5__BHATAGAON | I7: BENZ__BHATAGAON | J7: WS__BHATAGAON | K7: WD__BHATAGAON | L7: TEMP__BHATAGAON | M7: HUM__BHATAGAON | N7: SR__BHATAGAON | O7: RG__BHATAGAON | P7: CO__BHATAGAON | Q7: NH3__BHATAGAON
B8: ug/m3 | C8: ug/m3 | D8: ppb | E8: ug/m3 | F8: ug/m3 | G8: ug/m3 | H8: ug/m3 | I8: ug/m3 | J8: m/sec | K8: deg | L8: degreC | M8: % | N8: w/m2 | O8: mm | P8: mg/m3 | Q8: ug/m3
A9: 13/07/2024 00:15 | B9: 8.35 | C9: 3.21 | D9: 12.15 | E9: 4.69 | F9: 2.81 | G9: 30.44 | H9: 11.59 | I9: 4.72 | J9: 0.49 | K9: 8.82 | L9: 22.72 | M9: 98.33 | N9: 16.5 | O9: 0 | P9: 0.41 | Q9: 9.45
A10: 13/07/2024 00:30 | B10: 8.36 | C10: 3.25 | D10: 12.18 | E10: 4.83 | F10: 3.54 | G10: 30.44 | H10: 11.59 | I10: 4.68 | J10: 0.4 | K10: 355.32 | L10: 22.73 | M10: 98.33 | N10: 16.6 | O10: 0 | P10: 0.38 | Q10: 9.44
A11: 13/07/2024 00:45 | B11: 8.32 | C11: 3.22 | D11: 12.13 | E11: 4.42 | F11: 4.32 | G11: 27.03 | H11: 10.21 | I11: 4.51 | J11: 0.34 | K11: 4.51 | L11: 22.74 | M11: 98.33 | N11: 16.6 | O11: 0 | P11: 0.39 | Q11: 9.52
A12: 13/07/2024 01:00 | B12: 8.35 | C12: 3.32 | D12: 12.2 | E12: 4.5 | F12: 2.96 | G12: 21.92 | H12: 8.23 | I12: 4.28 | J12: 0.17 | K12: 352.18 | L12: 22.74 | M12: 98.33 | N12: 16.4 | O12: 0 | P12: 0.37 | Q12: 9.47
A13: 13/07/2024 01:15 | B13: 8.3 | C13: 3.2 | D13: 12.1 | E13: 4.58 | F13: 3.17 | G13: 21.92 | H13: 8.23 | I13: 4.17 | J13: 0.19 | K13: 27.11 | L13: 22.8 | M13: 98.33 | N13: 16.4 | O13: 0 | P13: 0.35 | Q13: 9.44
A14: 13/07/2024 01:30 | B14: 8.31 | C14: 3.21 | D14: 12.11 | E14: 4.47 | F14: 4.17 | G14: 21.92 | H14: 8.23 | I14: 4.11 | J14: 0.07 | K14: 142.94 | L14: 22.89 | M14: 98.33 | N14: 16.5 | O14: 0 | P14: 0.36 | Q14: 9.48
A15: 13/07/2024 01:45 | B15: 8.36 | C15: 3.3 | D15: 12.2 | E15: 4.65 | F15: 3.01 | G15: 20.88 | H15: 7.32 | I15: 3.9 | J15: 0.98 | K15: 143.27 | L15: 22.76 | M15: 98.33 | N15: 16.7 | O15: 0 | P15: 0.34 | Q15: 9.49
A16: 13/07/2024 02:00 | B16: 8.39 | C16: 3.36 | D16: 12.26 | E16: 4.6 | F16: 3.36 | G16: 19.33 | H16: 5.97 | I16: 3.76 | J16: 0.23 | K16: 2.34 | L16: 22.76 | M16: 98.33 | N16: 16.6 | O16: 0 | P16: 0.33 | Q16: 9.43
A17: 13/07/2024 02:15 | B17: 8.34 | C17: 3.25 | D17: 12.16 | E17: 4.25 | F17: 3.87 | G17: 19.33 | H17: 5.97 | I17: 3.89 | J17: 0.63 | K17: 141.95 | L17: 22.82 | M17: 98.33 | N17: 16.5 | O17: 0 | P17: 0.34 | Q17: 9.45
A18: 13/07/2024 02:30 | B18: 8.29 | C18: 3.2 | D18: 12.1 | E18: 4.76 | F18: 2.94 | G18: 19.33 | H18: 5.97 | I18: 4.02 | J18: 1.23 | K18: 145.85 | L18: 22.89 | M18: 98.33 | N18: 16.3 | O18: 0 | P18: 0.33 | Q18: 9.43
A19: 13/07/2024 02:45 | B19: 8.34 | C19: 3.29 | D19: 12.18 | E19: 4.63 | F19: 3.37 | G19: 19.42 | H19: 5.23 | I19: 4.12 | J19: 1.17 | K19: 152.54 | L19: 22.97 | M19: 98.33 | N19: 16.4 | O19: 0 | P19: 0.31 | Q19: 9.41
A20: 13/07/2024 03:00 | B20: 8.39 | C20: 3.3 | D20: 12.22 | E20: 4.21 | F20: 3.33 | G20: 19.56 | H20: 4.18 | I20: 4.38 | J20: 0.13 | K20: 299.65 | L20: 22.99 | M20: 98.33 | N20: 16.6 | O20: 0 | P20: 0.31 | Q20: 9.43
... A104: 13/07/2024 24:00 | B104: 8.29 | C104: 3.2 | D104: 12.09 | E104: 2.95 | F104: 3.85 | G104: 18.33 | H104: 4.13 | I104: 3.98 | J104: 0.43 | K104: 19.73 | L104: 22.79 | M104: 98.88 | N104: 58.5 | O104: 0 | P104: 0.53 | Q104: 9.49
A106: Min | B106: =MIN(B9:B104) -> 8.28 | C106: =MIN(C9:C104) -> 3.13 | D106: =MIN(D9:D104) -> 12.09 | E106: =MIN(E9:E104) -> 2.95 | F106: =MIN(F9:F104) -> 2.53 | G106: =MIN(G9:G104) -> 18.33 | H106: =MIN(H9:H104) -> 2.18 | I106: =MIN(I9:I104) -> 2.66 | ... Q106: =MIN(Q9:Q104) -> 8.84
A107: Max | B107: =MAX(B9:B104) -> 8.46 | C107: =MAX(C9:C104) -> 3.74 | D107: =MAX(D9:D104) -> 12.51 | E107: =MAX(E9:E104) -> 5 | F107: =MAX(F9:F104) -> 7.17 | G107: =MAX(G9:G104) -> 47.5 | H107: =MAX(H9:H104) -> 13.49 | I107: =MAX(I9:I104) -> 5.46 | ... Q107: =MAX(Q9:Q104) -> 9.64
A108: Avg | B108: =AVERAGE(B9:B104) -> 8.3476042 | C108: =AVERAGE(C9:C104) -> 3.2704167 | D108: =AVERAGE(D9:D104) -> 12.177396 | E108: =AVERAGE(E9:E104) -> 4.296875 | F108: =AVERAGE(F9:F104) -> 3.6796875 | G108: =AVERAGE(G9:G104) -> 29.410104 | H108: =AVERAGE(H9:H104) -> 7.4284375 | I108: =AVERAGE(I9:I104) -> 3.7496875 | ... Q108: =AVERAGE(Q9:Q104) -> 9.444375
A109: Stdev | B109: =STDEV(B9:B104) -> 0.031144647 | C109: =STDEV(C9:C104) -> 0.095033697 | D109: =STDEV(D9:D104) -> 0.06770283 | E109: =STDEV(E9:E104) -> 0.38679061 | F109: =STDEV(F9:F104) -> 0.78626961 | G109: =STDEV(G9:G104) -> 8.9071206 | H109: =STDEV(H9:H104) -> 2.8540167 | I109: =STDEV(I9:I104) -> 0.72558717 | ... Q109: =STDEV(Q9:Q104) -> 0.1373571
A110: Num | B110: =COUNT(B9:B104) -> 96 | C110: =COUNT(C9:C104) -> 96 | D110: =COUNT(D9:D104) -> 96 | E110: =COUNT(E9:E104) -> 96 | F110: =COUNT(F9:F104) -> 96 | G110: =COUNT(G9:G104) -> 96 | H110: =COUNT(H9:H104) -> 96 | I110: =COUNT(I9:I104) -> 96 | ... Q110: =COUNT(Q9:Q104) -> 96
A111: DCR | B111: =IF(B110>=87,">90%",IF(B110<=87,"<90%")) -> >90% | C111: =IF(C110>=87,">90%",IF(C110<=87,"<90%")) -> >90% | D111: =IF(D110>=87,">90%",IF(D110<=87,"<90%")) -> >90% | E111: =IF(E110>=87,">90%",IF(E110<=87,"<90%")) -> >90% | F111: =IF(F110>=87,">90%",IF(F110<=87,"<90%")) -> >90% | G111: =IF(G110>=87,">90%",IF(G110<=87,"<90%")) -> >90% | H111: =IF(H110>=87,">90%",IF(H110<=87,"<90%")) -> >90% | I111: =IF(I110>=87,">90%",IF(I110<=87,"<90%")) -> >90% | ... Q111: =IF(Q110>=87,">90%",IF(Q110<=87,"<90%")) -> >90%
A112: Status | B112: =IF(B110>=87,"OK",IF(B110<=87,"LESS")) -> OK | C112: =IF(C110>=87,"OK",IF(C110<=87,"LESS")) -> OK | D112: =IF(D110>=87,"OK",IF(D110<=87,"LESS")) -> OK | E112: =IF(E110>=87,"OK",IF(E110<=87,"LESS")) -> OK | F112: =IF(F110>=87,"OK",IF(F110<=87,"LESS")) -> OK | G112: =IF(G110>=87,"OK",IF(G110<=87,"LESS")) -> OK | H112: =IF(H110>=87,"OK",IF(H110<=87,"LESS")) -> OK | I112: =IF(I110>=87,"OK",IF(I110<=87,"LESS")) -> OK | ... Q112: =IF(Q110>=87,"OK",IF(Q110<=87,"LESS")) -> OK
A115: Done by | B115: SR
A117: Comment

Sheet 14
A1: Station: | B1: BHATAGAON RAIPUR
A2: Date: | B2: =$A$9 -> 14/07/2024 00:15 | D2: Power Off | G2: Pw.Off | L2: Link Fail | N2: Link F | P2: Maintenance | R2: Maint.
A3: Report Type: | B3: Mean | D3: Calibration | G3: Calib. | L3: Data Fail | N3: Data F | P3: Invalid | R3: Invalid
A4: Time Base: | B4: 15 Min | D4: Zero Referrence | G4: Z.Ref | L4: Warm Up | N4: Wm. Up
A7: Date & Time | B7: NO_BHATAGAON | C7: NO2__BHATAGAON | D7: NOX_BHATAGAON | E7: SO2__BHATAGAON | F7: O3__BHATAGAON | G7: PM10__BHATAGAON | H7: PM2_5__BHATAGAON | I7: BENZ__BHATAGAON | J7: WS__BHATAGAON | K7: WD__BHATAGAON | L7: TEMP__BHATAGAON | M7: HUM__BHATAGAON | N7: SR__BHATAGAON | O7: RG__BHATAGAON | P7: CO__BHATAGAON | Q7: NH3__BHATAGAON
B8: ug/m3 | C8: ug/m3 | D8: ppb | E8: ug/m3 | F8: ug/m3 | G8: ug/m3 | H8: ug/m3 | I8: ug/m3 | J8: m/sec | K8: deg | L8: degreC | M8: % | N8: w/m2 | O8: mm | P8: mg/m3 | Q8: ug/m3
A9: 14/07/2024 00:15 | B9: 8.32 | C9: 3.22 | D9: 12.13 | E9: 5.16 | F9: 2.96 | G9: 18.33 | H9: 4.13 | I9: 3.92 | J9: 0.4 | K9: 355.14 | L9: 22.81 | M9: 98.88 | N9: 58.6 | O9: 0 | P9: 0.5 | Q9: 9.45
A10: 14/07/2024 00:30 | B10: 8.36 | C10: 3.34 | D10: 12.23 | E10: 4.68 | F10: 4.13 | G10: 18.33 | H10: 4.13 | I10: 3.87 | J10: 0.34 | K10: 358.56 | L10: 22.81 | M10: 98.88 | N10: 58.6 | O10: 0 | P10: 0.48 | Q10: 9.45
A11: 14/07/2024 00:45 | B11: 8.34 | C11: 3.29 | D11: 12.18 | E11: 4.56 | F11: 2.5 | G11: 18.47 | H11: 4.55 | I11: 3.77 | J11: 0.49 | K11: 10.93 | L11: 22.79 | M11: 98.88 | N11: 58.7 | O11: 0 | P11: 0.47 | Q11: 9.45
A12: 14/07/2024 01:00 | B12: 8.34 | C12: 3.28 | D12: 12.18 | E12: 4.8 | F12: 3.88 | G12: 18.68 | H12: 5.14 | I12: 3.64 | J12: 0.53 | K12: 4.71 | L12: 22.76 | M12: 98.88 | N12: 58.9 | O12: 0 | P12: 0.45 | Q12: 9.44
A13: 14/07/2024 01:15 | B13: 8.33 | C13: 3.25 | D13: 12.15 | E13: 4.39 | F13: 3.08 | G13: 18.68 | H13: 5.14 | I13: 3.48 | J13: 0.38 | K13: 349.61 | L13: 22.75 | M13: 98.88 | N13: 59 | O13: 0 | P13: 0.45 | Q13: 9.43
A14: 14/07/2024 01:30 | B14: 8.33 | C14: 3.15 | D14: 12.1 | E14: 4.46 | F14: 3.35 | G14: 18.68 | H14: 5.14 | I14: 3.32 | J14: 0.36 | K14: 349.88 | L14: 22.79 | M14: 98.88 | N14: 59.3 | O14: 0 | P14: 0.45 | Q14: 9.38
A15: 14/07/2024 01:45 | B15: 8.34 | C15: 3.13 | D15: 12.09 | E15: 4.24 | F15: 3.82 | G15: 17.73 | H15: 4.62 | I15: 3.16 | J15: 0.37 | K15: 13.86 | L15: 22.86 | M15: 98.86 | N15: 59.5 | O15: 0 | P15: 0.43 | Q15: 9.38
A16: 14/07/2024 02:00 | B16: 8.33 | C16: 3.15 | D16: 12.1 | E16: 4.71 | F16: 3.92 | G16: 16.3 | H16: 3.84 | I16: 2.96 | J16: 0.56 | K16: 8.65 | L16: 22.89 | M16: 98.85 | N16: 59.4 | O16: 0 | P16: 0.41 | Q16: 9.41
A17: 14/07/2024 02:15 | B17: 8.35 | C17: 3.24 | D17: 12.16 | E17: 4.62 | F17: 4.17 | G17: 16.3 | H17: 3.84 | I17: 2.8 | J17: 0.44 | K17: 0.19 | L17: 22.91 | M17: 98.85 | N17: 59.5 | O17: 0 | P17: 0.39 | Q17: 9.39
A18: 14/07/2024 02:30 | B18: 8.36 | C18: 3.21 | D18: 12.16 | E18: 4.72 | F18: 4.18 | G18: 16.3 | H18: 3.84 | I18: 2.61 | J18: 0.57 | K18: 359.15 | L18: 22.87 | M18: 98.85 | N18: 59.4 | O18: 0 | P18: 0.37 | Q18: 9.39
A19: 14/07/2024 02:45 | B19: 8.35 | C19: 3.18 | D19: 12.13 | E19: 4.33 | F19: 4.34 | G19: 14.37 | H19: 3.6 | I19: 2.42 | J19: 0.58 | K19: 12.95 | L19: 22.87 | M19: 98.85 | N19: 59.6 | O19: 0 | P19: 0.35 | Q19: 9.37
A20: 14/07/2024 03:00 | B20: 8.34 | C20: 3.2 | D20: 12.13 | E20: 4.3 | F20: 3.69 | G20: 11.46 | H20: 3.23 | I20: 2.29 | J20: 0.49 | K20: 4.47 | L20: 22.86 | M20: 98.85 | N20: 59.5 | O20: 0 | P20: 0.34 | Q20: 9.36
... A104: 14/07/2024 24:00 | B104: 8.4 | C104: 3.32 | D104: 12.24 | E104: 4.53 | F104: 3.24 | G104: 32.32 | H104: 13.37 | I104: 6.15 | J104: 0.43 | K104: 352.73 | L104: 23.83 | M104: 98.92 | N104: 53.3 | O104: 0 | P104: 0.76 | Q104: 9.71
A106: Min | B106: =MIN(B9:B104) -> 8.28 | C106: =MIN(C9:C104) -> 3.13 | D106: =MIN(D9:D104) -> 12.06 | E106: =MIN(E9:E104) -> 2.52 | F106: =MIN(F9:F104) -> 2.47 | G106: =MIN(G9:G104) -> 11.42 | H106: =MIN(H9:H104) -> 2 | I106: =MIN(I9:I104) -> 1.67 | ... Q106: =MIN(Q9:Q104) -> 9.17
A107: Max | B107: =MAX(B9:B104) -> 8.46 | C107: =MAX(C9:C104) -> 3.43 | D107: =MAX(D9:D104) -> 12.35 | E107: =MAX(E9:E104) -> 5.24 | F107: =MAX(F9:F104) -> 5.54 | G107: =MAX(G9:G104) -> 45.76 | H107: =MAX(H9:H104) -> 15.93 | I107: =MAX(I9:I104) -> 6.37 | ... Q107: =MAX(Q9:Q104) -> 9.86
A108: Avg | B108: =AVERAGE(B9:B104) -> 8.3430208 | C108: =AVERAGE(C9:C104) -> 3.2520833 | D108: =AVERAGE(D9:D104) -> 12.163958 | E108: =AVERAGE(E9:E104) -> 4.0614583 | F108: =AVERAGE(F9:F104) -> 3.6991667 | G108: =AVERAGE(G9:G104) -> 27.531667 | H108: =AVERAGE(H9:H104) -> 8.4871875 | I108: =AVERAGE(I9:I104) -> 3.5183333 | ... Q108: =AVERAGE(Q9:Q104) -> 9.4298958
A109: Stdev | B109: =STDEV(B9:B104) -> 0.037560332 | C109: =STDEV(C9:C104) -> 0.071139843 | D109: =STDEV(D9:D104) -> 0.064113044 | E109: =STDEV(E9:E104) -> 0.74196323 | F109: =STDEV(F9:F104) -> 0.60971895 | G109: =STDEV(G9:G104) -> 11.141521 | H109: =STDEV(H9:H104) -> 4.929091 | I109: =STDEV(I9:I104) -> 1.3016861 | ... Q109: =STDEV(Q9:Q104) -> 0.16673644
A110: Num | B110: =COUNT(B9:B104) -> 96 | C110: =COUNT(C9:C104) -> 96 | D110: =COUNT(D9:D104) -> 96 | E110: =COUNT(E9:E104) -> 96 | F110: =COUNT(F9:F104) -> 96 | G110: =COUNT(G9:G104) -> 96 | H110: =COUNT(H9:H104) -> 96 | I110: =COUNT(I9:I104) -> 96 | ... Q110: =COUNT(Q9:Q104) -> 96
A111: DCR | B111: =IF(B110>=87,">90%",IF(B110<=87,"<90%")) -> >90% | C111: =IF(C110>=87,">90%",IF(C110<=87,"<90%")) -> >90% | D111: =IF(D110>=87,">90%",IF(D110<=87,"<90%")) -> >90% | E111: =IF(E110>=87,">90%",IF(E110<=87,"<90%")) -> >90% | F111: =IF(F110>=87,">90%",IF(F110<=87,"<90%")) -> >90% | G111: =IF(G110>=87,">90%",IF(G110<=87,"<90%")) -> >90% | H111: =IF(H110>=87,">90%",IF(H110<=87,"<90%")) -> >90% | I111: =IF(I110>=87,">90%",IF(I110<=87,"<90%")) -> >90% | ... Q111: =IF(Q110>=87,">90%",IF(Q110<=87,"<90%")) -> >90%
A112: Status | B112: =IF(B110>=87,"OK",IF(B110<=87,"LESS")) -> OK | C112: =IF(C110>=87,"OK",IF(C110<=87,"LESS")) -> OK | D112: =IF(D110>=87,"OK",IF(D110<=87,"LESS")) -> OK | E112: =IF(E110>=87,"OK",IF(E110<=87,"LESS")) -> OK | F112: =IF(F110>=87,"OK",IF(F110<=87,"LESS")) -> OK | G112: =IF(G110>=87,"OK",IF(G110<=87,"LESS")) -> OK | H112: =IF(H110>=87,"OK",IF(H110<=87,"LESS")) -> OK | I112: =IF(I110>=87,"OK",IF(I110<=87,"LESS")) -> OK | ... Q112: =IF(Q110>=87,"OK",IF(Q110<=87,"LESS")) -> OK
A115: Done by | B115: RK
A117: Comment

Sheet 15
A1: Station: | B1: BHATAGAON RAIPUR
A2: Date: | B2: =$A$9 -> 15/07/2024 00:15 | D2: Power Off | G2: Pw.Off | L2: Link Fail | N2: Link F | P2: Maintenance | R2: Maint.
A3: Report Type: | B3: Mean | D3: Calibration | G3: Calib. | L3: Data Fail | N3: Data F | P3: Invalid | R3: Invalid
A4: Time Base: | B4: 15 Min | D4: Zero Referrence | G4: Z.Ref | L4: Warm Up | N4: Wm. Up
A7: Date & Time | B7: NO_BHATAGAON | C7: NO2__BHATAGAON | D7: NOX_BHATAGAON | E7: SO2__BHATAGAON | F7: O3__BHATAGAON | G7: PM10__BHATAGAON | H7: PM2_5__BHATAGAON | I7: BENZ__BHATAGAON | J7: WS__BHATAGAON | K7: WD__BHATAGAON | L7: TEMP__BHATAGAON | M7: HUM__BHATAGAON | N7: SR__BHATAGAON | O7: RG__BHATAGAON | P7: CO__BHATAGAON | Q7: NH3__BHATAGAON
B8: ug/m3 | C8: ug/m3 | D8: ppb | E8: ug/m3 | F8: ug/m3 | G8: ug/m3 | H8: ug/m3 | I8: ug/m3 | J8: m/sec | K8: deg | L8: degreC | M8: % | N8: w/m2 | O8: mm | P8: mg/m3 | Q8: ug/m3
A9: 15/07/2024 00:15 | B9: 8.38 | C9: 3.3 | D9: 12.22 | E9: 4.5 | F9: 3.35 | G9: 32.32 | H9: 13.37 | I9: 6.1 | J9: 1.1 | K9: 326.57 | L9: 23.82 | M9: 98.91 | N9: 53.7 | O9: 0 | P9: 0.74 | Q9: 9.72
A10: 15/07/2024 00:30 | B10: 8.37 | C10: 3.23 | D10: 12.18 | E10: 4.18 | F10: 3.15 | G10: 32.32 | H10: 13.37 | I10: 6.03 | J10: 0.84 | K10: 319.08 | L10: 23.88 | M10: 98.91 | N10: 53.5 | O10: 0 | P10: 0.73 | Q10: 9.68
A11: 15/07/2024 00:45 | B11: 8.37 | C11: 3.28 | D11: 12.2 | E11: 4.19 | F11: 3.57 | G11: 29.42 | H11: 13.46 | I11: 5.9 | J11: 0.33 | K11: 316.5 | L11: 23.86 | M11: 98.92 | N11: 53.4 | O11: 0 | P11: 0.71 | Q11: 9.68
A12: 15/07/2024 01:00 | B12: 8.34 | C12: 3.24 | D12: 12.15 | E12: 4.22 | F12: 3.02 | G12: 25.27 | H12: 13.6 | I12: 5.83 | J12: 0.69 | K12: 311.74 | L12: 23.9 | M12: 98.91 | N12: 53.6 | O12: 0 | P12: 0.71 | Q12: 9.72
A13: 15/07/2024 01:15 | B13: 8.34 | C13: 3.19 | D13: 12.13 | E13: 4.23 | F13: 3.13 | G13: 25.27 | H13: 13.6 | I13: 5.87 | J13: 0.74 | K13: 308.71 | L13: 23.85 | M13: 98.91 | N13: 53.7 | O13: 0 | P13: 0.62 | Q13: 9.72
A14: 15/07/2024 01:30 | B14: 8.35 | C14: 3.2 | D14: 12.14 | E14: 3.83 | F14: 3.19 | G14: 25.27 | H14: 13.6 | I14: 5.85 | J14: 0.52 | K14: 357.46 | L14: 23.81 | M14: 98.9 | N14: 53.8 | O14: 0 | P14: 0.64 | Q14: 9.74
A15: 15/07/2024 01:45 | B15: 8.39 | C15: 3.26 | D15: 12.21 | E15: 4.12 | F15: 3.27 | G15: 25.91 | H15: 14.36 | I15: 5.68 | J15: 0.6 | K15: 298.49 | L15: 23.72 | M15: 98.9 | N15: 53.9 | O15: 0 | P15: 0.62 | Q15: 9.69
A16: 15/07/2024 02:00 | B16: 8.41 | C16: 3.31 | D16: 12.25 | E16: 4.63 | F16: 3.42 | G16: 26.86 | H16: 15.5 | I16: 5.44 | J16: 0.5 | K16: 311.01 | L16: 23.57 | M16: 98.9 | N16: 53.8 | O16: 0 | P16: 0.62 | Q16: 9.67
A17: 15/07/2024 02:15 | B17: 8.38 | C17: 3.25 | D17: 12.19 | E17: 4.13 | F17: 4.55 | G17: 26.86 | H17: 15.5 | I17: 5.39 | J17: 0.52 | K17: 317.88 | L17: 23.51 | M17: 98.9 | N17: 53.8 | O17: 0 | P17: 0.61 | Q17: 9.67
A18: 15/07/2024 02:30 | B18: 8.35 | C18: 3.21 | D18: 12.15 | E18: 4.56 | F18: 2.92 | G18: 26.86 | H18: 15.5 | I18: 5.51 | J18: 0.52 | K18: 332.09 | L18: 23.52 | M18: 98.9 | N18: 53.7 | O18: 0 | P18: 0.6 | Q18: 9.61
A19: 15/07/2024 02:45 | B19: 8.33 | C19: 3.2 | D19: 12.13 | E19: 4.58 | F19: 3.03 | G19: 28.31 | H19: 13.85 | I19: 5.61 | J19: 0.84 | K19: 305.3 | L19: 23.52 | M19: 98.9 | N19: 53.7 | O19: 0 | P19: 0.58 | Q19: 9.5
A20: 15/07/2024 03:00 | B20: 8.35 | C20: 3.3 | D20: 12.2 | E20: 4.19 | F20: 4.4 | G20: 30.49 | H20: 11.39 | I20: 5.54 | J20: 0.64 | K20: 305.45 | L20: 23.46 | M20: 98.9 | N20: 53.4 | O20: 0 | P20: 0.58 | Q20: 9.53
... A104: 15/07/2024 24:00 | B104: 8.44 | C104: 3.33 | D104: 12.28 | E104: 4.28 | F104: 3.17 | G104: 45.14 | H104: 19.83 | I104: 7.36 | J104: 0.56 | K104: 203.28 | L104: 23.17 | M104: 98.98 | N104: 51.5 | O104: 0 | P104: 0.92 | Q104: 9.98
A106: Min | B106: =MIN(B9:B104) -> 8.29 | C106: =MIN(C9:C104) -> 3.11 | D106: =MIN(D9:D104) -> 12.07 | E106: =MIN(E9:E104) -> 3.58 | F106: =MIN(F9:F104) -> 2.48 | G106: =MIN(G9:G104) -> 21.61 | H106: =MIN(H9:H104) -> 8.18 | I106: =MIN(I9:I104) -> 5.21 | ... Q106: =MIN(Q9:Q104) -> 8.93
A107: Max | B107: =MAX(B9:B104) -> 8.62 | C107: =MAX(C9:C104) -> 3.72 | D107: =MAX(D9:D104) -> 12.61 | E107: =MAX(E9:E104) -> 5.42 | F107: =MAX(F9:F104) -> 6.24 | G107: =MAX(G9:G104) -> 76.06 | H107: =MAX(H9:H104) -> 24.99 | I107: =MAX(I9:I104) -> 8.09 | ... Q107: =MAX(Q9:Q104) -> 10.15
A108: Avg | B108: =AVERAGE(B9:B104) -> 8.3821875 | C108: =AVERAGE(C9:C104) -> 3.3153125 | D108: =AVERAGE(D9:D104) -> 12.228229 | E108: =AVERAGE(E9:E104) -> 4.4844792 | F108: =AVERAGE(F9:F104) -> 3.5069792 | G108: =AVERAGE(G9:G104) -> 43.494167 | H108: =AVERAGE(H9:H104) -> 16.558333 | I108: =AVERAGE(I9:I104) -> 6.3953125 | ... Q108: =AVERAGE(Q9:Q104) -> 9.7036458
A109: Stdev | B109: =STDEV(B9:B104) -> 0.060248662 | C109: =STDEV(C9:C104) -> 0.11730261 | D109: =STDEV(D9:D104) -> 0.10402424 | E109: =STDEV(E9:E104) -> 0.4743347 | F109: =STDEV(F9:F104) -> 0.54380167 | G109: =STDEV(G9:G104) -> 16.323706 | H109: =STDEV(H9:H104) -> 4.7163868 | I109: =STDEV(I9:I104) -> 0.84097306 | ... Q109: =STDEV(Q9:Q104) -> 0.28174314
A110: Num | B110: =COUNT(B9:B104) -> 96 | C110: =COUNT(C9:C104) -> 96 | D110: =COUNT(D9:D104) -> 96 | E110: =COUNT(E9:E104) -> 96 | F110: =COUNT(F9:F104) -> 96 | G110: =COUNT(G9:G104) -> 96 | H110: =COUNT(H9:H104) -> 96 | I110: =COUNT(I9:I104) -> 96 | ... Q110: =COUNT(Q9:Q104) -> 96
A111: DCR | B111: =IF(B110>=87,">90%",IF(B110<=87,"<90%")) -> >90% | C111: =IF(C110>=87,">90%",IF(C110<=87,"<90%")) -> >90% | D111: =IF(D110>=87,">90%",IF(D110<=87,"<90%")) -> >90% | E111: =IF(E110>=87,">90%",IF(E110<=87,"<90%")) -> >90% | F111: =IF(F110>=87,">90%",IF(F110<=87,"<90%")) -> >90% | G111: =IF(G110>=87,">90%",IF(G110<=87,"<90%")) -> >90% | H111: =IF(H110>=87,">90%",IF(H110<=87,"<90%")) -> >90% | I111: =IF(I110>=87,">90%",IF(I110<=87,"<90%")) -> >90% | ... Q111: =IF(Q110>=87,">90%",IF(Q110<=87,"<90%")) -> >90%
A112: Status | B112: =IF(B110>=87,"OK",IF(B110<=87,"LESS")) -> OK | C112: =IF(C110>=87,"OK",IF(C110<=87,"LESS")) -> OK | D112: =IF(D110>=87,"OK",IF(D110<=87,"LESS")) -> OK | E112: =IF(E110>=87,"OK",IF(E110<=87,"LESS")) -> OK | F112: =IF(F110>=87,"OK",IF(F110<=87,"LESS")) -> OK | G112: =IF(G110>=87,"OK",IF(G110<=87,"LESS")) -> OK | H112: =IF(H110>=87,"OK",IF(H110<=87,"LESS")) -> OK | I112: =IF(I110>=87,"OK",IF(I110<=87,"LESS")) -> OK | ... Q112: =IF(Q110>=87,"OK",IF(Q110<=87,"LESS")) -> OK
A115: Done by | B115: RK
A117: Comment

Sheet 16
A1: Station: | B1: BHATAGAON RAIPUR
A2: Date: | B2: =$A$9 -> 16/07/2024 00:15 | D2: Power Off | G2: Pw.Off | L2: Link Fail | N2: Link F | P2: Maintenance | R2: Maint.
A3: Report Type: | B3: Mean | D3: Calibration | G3: Calib. | L3: Data Fail | N3: Data F | P3: Invalid | R3: Invalid
A4: Time Base: | B4: 15 Min | D4: Zero Referrence | G4: Z.Ref | L4: Warm Up | N4: Wm. Up
A7: Date & Time | B7: NO_BHATAGAON | C7: NO2__BHATAGAON | D7: NOX_BHATAGAON | E7: SO2__BHATAGAON | F7: O3__BHATAGAON | G7: PM10__BHATAGAON | H7: PM2_5__BHATAGAON | I7: BENZ__BHATAGAON | J7: WS__BHATAGAON | K7: WD__BHATAGAON | L7: TEMP__BHATAGAON | M7: HUM__BHATAGAON | N7: SR__BHATAGAON | O7: RG__BHATAGAON | P7: CO__BHATAGAON | Q7: NH3__BHATAGAON
B8: ug/m3 | C8: ug/m3 | D8: ppb | E8: ug/m3 | F8: ug/m3 | G8: ug/m3 | H8: ug/m3 | I8: ug/m3 | J8: m/sec | K8: deg | L8: degreC | M8: % | N8: w/m2 | O8: mm | P8: mg/m3 | Q8: ug/m3
A9: 16/07/2024 00:15 | B9: 8.49 | C9: 3.4 | D9: 12.36 | E9: 3.93 | F9: 3.05 | G9: 45.14 | H9: 19.83 | I9: 7.47 | J9: 0.13 | K9: 295.49 | L9: 23.24 | M9: 98.48 | N9: 51.2 | O9: 0 | P9: 0.91 | Q9: 9.96
A10: 16/07/2024 00:30 | B10: 8.45 | C10: 3.36 | D10: 12.31 | E10: 4.16 | F10: 3.22 | G10: 45.14 | H10: 19.83 | I10: 7.55 | J10: 0.28 | K10: 186.07 | L10: 23.34 | M10: 98.46 | N10: 51.2 | O10: 0 | P10: 0.89 | Q10: 9.93
A11: 16/07/2024 00:45 | B11: 8.4 | C11: 3.27 | D11: 12.21 | E11: 4.2 | F11: 3.43 | G11: 43.05 | H11: 18.52 | I11: 7.55 | J11: 0.53 | K11: 295.34 | L11: 23.44 | M11: 98.46 | N11: 51.1 | O11: 0 | P11: 0.87 | Q11: 9.95
A12: 16/07/2024 01:00 | B12: 8.39 | C12: 3.26 | D12: 12.21 | E12: 4.15 | F12: 3.42 | G12: 40.06 | H12: 16.64 | I12: 7.63 | J12: 0.46 | K12: 9.34 | L12: 23.43 | M12: 98.92 | N12: 50.9 | O12: 0 | P12: 0.87 | Q12: 9.93
A13: 16/07/2024 01:15 | B13: 8.39 | C13: 3.31 | D13: 12.23 | E13: 4.54 | F13: 4.06 | G13: 40.06 | H13: 16.64 | I13: 7.72 | J13: 0.32 | K13: 31.29 | L13: 23.35 | M13: 98.55 | N13: 51.1 | O13: 0 | P13: 0.78 | Q13: 9.93
A14: 16/07/2024 01:30 | B14: 8.42 | C14: 3.39 | D14: 12.3 | E14: 4.32 | F14: 2.46 | G14: 40.06 | H14: 16.64 | I14: 7.82 | J14: 0.65 | K14: 349.19 | L14: 23.48 | M14: 98.99 | N14: 50.8 | O14: 0 | P14: 0.79 | Q14: 9.8
A15: 16/07/2024 01:45 | B15: 8.43 | C15: 3.39 | D15: 12.31 | E15: 4.5 | F15: 3.21 | G15: 40.78 | H15: 16.18 | I15: 7.8 | J15: 0.7 | K15: 341.97 | L15: 23.46 | M15: 98.82 | N15: 50.7 | O15: 0 | P15: 0.77 | Q15: 9.8
A16: 16/07/2024 02:00 | B16: 8.45 | C16: 3.49 | D16: 12.38 | E16: 3.94 | F16: 3.71 | G16: 41.85 | H16: 15.49 | I16: 7.64 | J16: 0.64 | K16: 354.72 | L16: 23.38 | M16: 99.01 | N16: 50.8 | O16: 0 | P16: 0.76 | Q16: 9.86
A17: 16/07/2024 02:15 | B17: 8.34 | C17: 3.23 | D17: 12.15 | E17: 4.13 | F17: 2.36 | G17: 41.85 | H17: 15.49 | I17: 7.53 | J17: 1.03 | K17: 346.06 | L17: 23.6 | M17: 99.05 | N17: 50.8 | O17: 0 | P17: 0.74 | Q17: 9.73
A18: 16/07/2024 02:30 | B18: 8.34 | C18: 3.23 | D18: 12.15 | E18: 4.04 | F18: 3.99 | G18: 41.85 | H18: 15.49 | I18: 7.47 | J18: 0.98 | K18: 342.39 | L18: 23.66 | M18: 99.03 | N18: 51 | O18: 0 | P18: 0.74 | Q18: 9.79
A19: 16/07/2024 02:45 | B19: 8.45 | C19: 3.44 | D19: 12.34 | E19: 4.35 | F19: 2.9 | G19: 40.66 | H19: 14.86 | I19: 7.39 | J19: 0.66 | K19: 338.81 | L19: 23.73 | M19: 99.04 | N19: 51.2 | O19: 0 | P19: 0.73 | Q19: 9.77
A20: 16/07/2024 03:00 | B20: 8.41 | C20: 3.31 | D20: 12.25 | E20: 3.97 | F20: 3.7 | G20: 38.88 | H20: 13.93 | I20: 7.31 | J20: 0.45 | K20: 315.1 | L20: 23.73 | M20: 99.03 | N20: 51.2 | O20: 0 | P20: 0.72 | Q20: 9.8
... A104: 16/07/2024 24:00 | B104: 8.37 | C104: 3.24 | D104: 12.18 | E104: 3.66 | F104: 3.2 | G104: 22.4 | H104: 6.39 | I104: 7.19 | J104: 0.53 | K104: 230.98 | L104: 24.28 | M104: 99.03 | N104: 116.5 | O104: 0 | P104: 0.72 | Q104: 9.83
A106: Min | B106: =MIN(B9:B104) -> 8.29 | C106: =MIN(C9:C104) -> 3.15 | D106: =MIN(D9:D104) -> 12.09 | E106: =MIN(E9:E104) -> 3.13 | F106: =MIN(F9:F104) -> 2.15 | G106: =MIN(G9:G104) -> 17.79 | H106: =MIN(H9:H104) -> 5.48 | I106: =MIN(I9:I104) -> 5.65 | ... Q106: =MIN(Q9:Q104) -> 9.05
A107: Max | B107: =MAX(B9:B104) -> 8.72 | C107: =MAX(C9:C104) -> 3.94 | D107: =MAX(D9:D104) -> 12.82 | E107: =MAX(E9:E104) -> 4.84 | F107: =MAX(F9:F104) -> 5.04 | G107: =MAX(G9:G104) -> 47.26 | H107: =MAX(H9:H104) -> 22.04 | I107: =MAX(I9:I104) -> 9.96 | ... Q107: =MAX(Q9:Q104) -> 9.96
A108: Avg | B108: =AVERAGE(B9:B104) -> 8.3748958 | C108: =AVERAGE(C9:C104) -> 3.2879167 | D108: =AVERAGE(D9:D104) -> 12.208229 | E108: =AVERAGE(E9:E104) -> 3.9215625 | F108: =AVERAGE(F9:F104) -> 3.47 | G108: =AVERAGE(G9:G104) -> 31.661354 | H108: =AVERAGE(H9:H104) -> 11.843854 | I108: =AVERAGE(I9:I104) -> 7.72125 | ... Q108: =AVERAGE(Q9:Q104) -> 9.6367708
A109: Stdev | B109: =STDEV(B9:B104) -> 0.058955733 | C109: =STDEV(C9:C104) -> 0.1067601 | D109: =STDEV(D9:D104) -> 0.099366359 | E109: =STDEV(E9:E104) -> 0.39207767 | F109: =STDEV(F9:F104) -> 0.49833829 | G109: =STDEV(G9:G104) -> 8.5549314 | H109: =STDEV(H9:H104) -> 4.2843788 | I109: =STDEV(I9:I104) -> 1.0329205 | ... Q109: =STDEV(Q9:Q104) -> 0.19436534
A110: Num | B110: =COUNT(B9:B104) -> 96 | C110: =COUNT(C9:C104) -> 96 | D110: =COUNT(D9:D104) -> 96 | E110: =COUNT(E9:E104) -> 96 | F110: =COUNT(F9:F104) -> 96 | G110: =COUNT(G9:G104) -> 96 | H110: =COUNT(H9:H104) -> 96 | I110: =COUNT(I9:I104) -> 96 | ... Q110: =COUNT(Q9:Q104) -> 96
A111: DCR | B111: =IF(B110>=87,">90%",IF(B110<=87,"<90%")) -> >90% | C111: =IF(C110>=87,">90%",IF(C110<=87,"<90%")) -> >90% | D111: =IF(D110>=87,">90%",IF(D110<=87,"<90%")) -> >90% | E111: =IF(E110>=87,">90%",IF(E110<=87,"<90%")) -> >90% | F111: =IF(F110>=87,">90%",IF(F110<=87,"<90%")) -> >90% | G111: =IF(G110>=87,">90%",IF(G110<=87,"<90%")) -> >90% | H111: =IF(H110>=87,">90%",IF(H110<=87,"<90%")) -> >90% | I111: =IF(I110>=87,">90%",IF(I110<=87,"<90%")) -> >90% | ... Q111: =IF(Q110>=87,">90%",IF(Q110<=87,"<90%")) -> >90%
A112: Status | B112: =IF(B110>=87,"OK",IF(B110<=87,"LESS")) -> OK | C112: =IF(C110>=87,"OK",IF(C110<=87,"LESS")) -> OK | D112: =IF(D110>=87,"OK",IF(D110<=87,"LESS")) -> OK | E112: =IF(E110>=87,"OK",IF(E110<=87,"LESS")) -> OK | F112: =IF(F110>=87,"OK",IF(F110<=87,"LESS")) -> OK | G112: =IF(G110>=87,"OK",IF(G110<=87,"LESS")) -> OK | H112: =IF(H110>=87,"OK",IF(H110<=87,"LESS")) -> OK | I112: =IF(I110>=87,"OK",IF(I110<=87,"LESS")) -> OK | ... Q112: =IF(Q110>=87,"OK",IF(Q110<=87,"LESS")) -> OK
A115: Done by | B115: RK
A117: Comment

Sheet 17
A1: Station: | B1: BHATAGAON RAIPUR
A2: Date: | B2: =$A$9 -> 17/07/2024 00:15 | D2: Power Off | G2: Pw.Off | L2: Link Fail | N2: Link F | P2: Maintenance | R2: Maint.
A3: Report Type: | B3: Mean | D3: Calibration | G3: Calib. | L3: Data Fail | N3: Data F | P3: Invalid | R3: Invalid
A4: Time Base: | B4: 15 Min | D4: Zero Referrence | G4: Z.Ref | L4: Warm Up | N4: Wm. Up
A7: Date & Time | B7: NO_BHATAGAON | C7: NO2__BHATAGAON | D7: NOX_BHATAGAON | E7: SO2__BHATAGAON | F7: O3__BHATAGAON | G7: PM10__BHATAGAON | H7: PM2_5__BHATAGAON | I7: BENZ__BHATAGAON | J7: WS__BHATAGAON | K7: WD__BHATAGAON | L7: TEMP__BHATAGAON | M7: HUM__BHATAGAON | N7: SR__BHATAGAON | O7: RG__BHATAGAON | P7: CO__BHATAGAON | Q7: NH3__BHATAGAON
B8: ug/m3 | C8: ug/m3 | D8: ppb | E8: ug/m3 | F8: ug/m3 | G8: ug/m3 | H8: ug/m3 | I8: ug/m3 | J8: m/sec | K8: deg | L8: degreC | M8: % | N8: w/m2 | O8: mm | P8: mg/m3 | Q8: ug/m3
A9: 17/07/2024 00:15 | B9: 8.37 | C9: 3.25 | D9: 12.18 | E9: 3.95 | F9: 4.12 | G9: 22.4 | H9: 6.39 | I9: 7.18 | J9: 0.13 | K9: 148.21 | L9: 24.26 | M9: 99.03 | N9: 116.5 | O9: 0 | P9: 0.71 | Q9: 9.83
A10: 17/07/2024 00:30 | B10: 8.32 | C10: 3.18 | D10: 12.11 | E10: 3.88 | F10: 2.74 | G10: 22.4 | H10: 6.39 | I10: 7.15 | J10: 0.24 | K10: 192.76 | L10: 24.27 | M10: 99.03 | N10: 116.3 | O10: 0 | P10: 0.69 | Q10: 9.7
A11: 17/07/2024 00:45 | B11: 8.34 | C11: 3.22 | D11: 12.14 | E11: 3.61 | F11: 3.07 | G11: 22.39 | H11: 7.1 | I11: 6.91 | J11: 0.17 | K11: 319.53 | L11: 24.3 | M11: 99.03 | N11: 116.5 | O11: 0 | P11: 0.66 | Q11: 9.65
A12: 17/07/2024 01:00 | B12: 8.4 | C12: 3.29 | D12: 12.23 | E12: 3.47 | F12: 4.21 | G12: 22.38 | H12: 8.13 | I12: 6.8 | J12: 0.41 | K12: 333.82 | L12: 24.31 | M12: 99.03 | N12: 116.6 | O12: 0 | P12: 0.65 | Q12: 9.72
A13: 17/07/2024 01:15 | B13: 8.32 | C13: 3.22 | D13: 12.13 | E13: 3.41 | F13: 2.56 | G13: 22.38 | H13: 8.13 | I13: 6.57 | J13: 0.16 | K13: 339.18 | L13: 24.25 | M13: 99.03 | N13: 116.9 | O13: 0 | P13: 0.55 | Q13: 9.72
A14: 17/07/2024 01:30 | B14: 8.39 | C14: 3.36 | D14: 12.26 | E14: 3.5 | F14: 3.16 | G14: 22.38 | H14: 8.13 | I14: 6.53 | J14: 0.2 | K14: 315.31 | L14: 24.24 | M14: 99.03 | N14: 117.6 | O14: 0 | P14: 0.55 | Q14: 9.66
A15: 17/07/2024 01:45 | B15: 8.39 | C15: 3.32 | D15: 12.23 | E15: 3.8 | F15: 3.48 | G15: 20.78 | H15: 7.32 | I15: 6.5 | J15: 0.21 | K15: 296.22 | L15: 24.26 | M15: 99.02 | N15: 117.8 | O15: 0 | P15: 0.54 | Q15: 9.64
A16: 17/07/2024 02:00 | B16: 8.35 | C16: 3.29 | D16: 12.19 | E16: 3.79 | F16: 4.31 | G16: 18.39 | H16: 6.1 | I16: 6.12 | J16: 0.19 | K16: 342.43 | L16: 24.19 | M16: 99.03 | N16: 118.1 | O16: 0 | P16: 0.53 | Q16: 9.72
A17: 17/07/2024 02:15 | B17: 8.3 | C17: 3.19 | D17: 12.1 | E17: 3.87 | F17: 5.17 | G17: 18.39 | H17: 6.1 | I17: 5.92 | J17: 0.24 | K17: 311.94 | L17: 24.08 | M17: 99.04 | N17: 118.2 | O17: 0 | P17: 0.53 | Q17: 9.6
A18: 17/07/2024 02:30 | B18: 8.28 | C18: 3.14 | D18: 12.05 | E18: 4.22 | F18: 6.13 | G18: 18.39 | H18: 6.1 | I18: 5.93 | J18: 0.38 | K18: 344.4 | L18: 23.99 | M18: 99.05 | N18: 118 | O18: 0 | P18: 0.53 | Q18: 9.35
A19: 17/07/2024 02:45 | B19: 8.26 | C19: 3.18 | D19: 12.06 | E19: 4.5 | F19: 4.85 | G19: 18.67 | H19: 5.37 | I19: 5.9 | J19: 0.33 | K19: 249.36 | L19: 23.8 | M19: 99.05 | N19: 117.8 | O19: 0 | P19: 0.52 | Q19: 9.13
A20: 17/07/2024 03:00 | B20: 8.27 | C20: 3.19 | D20: 12.08 | E20: 4.27 | F20: 2.47 | G20: 19.08 | H20: 4.27 | I20: 5.88 | J20: 0.67 | K20: 160.92 | L20: 23.73 | M20: 99.05 | N20: 117.4 | O20: 0 | P20: 0.49 | Q20: 9.16
... A104: 17/07/2024 24:00 | B104: 8.08 | C104: 3.15 | D104: 11.9 | E104: 4.27 | F104: 4.05 | G104: 12.03 | H104: 2.83 | I104: 4.17 | J104: 0.28 | K104: 17.48 | L104: 23.41 | M104: 99.03 | N104: 78.1 | O104: 0 | P104: 0.4 | Q104: 9.47
A106: Min | B106: =MIN(B9:B104) -> 7.97 | C106: =MIN(C9:C104) -> 3.02 | D106: =MIN(D9:D104) -> 11.77 | E106: =MIN(E9:E104) -> 3.2 | F106: =MIN(F9:F104) -> 2.45 | G106: =MIN(G9:G104) -> 11.76 | H106: =MIN(H9:H104) -> 2.83 | I106: =MIN(I9:I104) -> 3.39 | ... Q106: =MIN(Q9:Q104) -> 9
A107: Max | B107: =MAX(B9:B104) -> 8.54 | C107: =MAX(C9:C104) -> 3.57 | D107: =MAX(D9:D104) -> 12.48 | E107: =MAX(E9:E104) -> 5.55 | F107: =MAX(F9:F104) -> 9.48 | G107: =MAX(G9:G104) -> 59.33 | H107: =MAX(H9:H104) -> 21.1 | I107: =MAX(I9:I104) -> 7.18 | ... Q107: =MAX(Q9:Q104) -> 9.83
A108: Avg | B108: =AVERAGE(B9:B104) -> 8.24125 | C108: =AVERAGE(C9:C104) -> 3.1989583 | D108: =AVERAGE(D9:D104) -> 12.055208 | E108: =AVERAGE(E9:E104) -> 4.4816667 | F108: =AVERAGE(F9:F104) -> 3.9203125 | G108: =AVERAGE(G9:G104) -> 23.029479 | H108: =AVERAGE(H9:H104) -> 7.9233333 | I108: =AVERAGE(I9:I104) -> 4.8561458 | ... Q108: =AVERAGE(Q9:Q104) -> 9.5121875
A109: Stdev | B109: =STDEV(B9:B104) -> 0.13702286 | C109: =STDEV(C9:C104) -> 0.10218125 | D109: =STDEV(D9:D104) -> 0.1558743 | E109: =STDEV(E9:E104) -> 0.52877349 | F109: =STDEV(F9:F104) -> 1.1601202 | G109: =STDEV(G9:G104) -> 10.052168 | H109: =STDEV(H9:H104) -> 4.2595998 | I109: =STDEV(I9:I104) -> 1.0775815 | ... Q109: =STDEV(Q9:Q104) -> 0.1807307
A110: Num | B110: =COUNT(B9:B104) -> 96 | C110: =COUNT(C9:C104) -> 96 | D110: =COUNT(D9:D104) -> 96 | E110: =COUNT(E9:E104) -> 96 | F110: =COUNT(F9:F104) -> 96 | G110: =COUNT(G9:G104) -> 96 | H110: =COUNT(H9:H104) -> 96 | I110: =COUNT(I9:I104) -> 96 | ... Q110: =COUNT(Q9:Q104) -> 96
A111: DCR | B111: =IF(B110>=87,">90%",IF(B110<=87,"<90%")) -> >90% | C111: =IF(C110>=87,">90%",IF(C110<=87,"<90%")) -> >90% | D111: =IF(D110>=87,">90%",IF(D110<=87,"<90%")) -> >90% | E111: =IF(E110>=87,">90%",IF(E110<=87,"<90%")) -> >90% | F111: =IF(F110>=87,">90%",IF(F110<=87,"<90%")) -> >90% | G111: =IF(G110>=87,">90%",IF(G110<=87,"<90%")) -> >90% | H111: =IF(H110>=87,">90%",IF(H110<=87,"<90%")) -> >90% | I111: =IF(I110>=87,">90%",IF(I110<=87,"<90%")) -> >90% | ... Q111: =IF(Q110>=87,">90%",IF(Q110<=87,"<90%")) -> >90%
A112: Status | B112: =IF(B110>=87,"OK",IF(B110<=87,"LESS")) -> OK | C112: =IF(C110>=87,"OK",IF(C110<=87,"LESS")) -> OK | D112: =IF(D110>=87,"OK",IF(D110<=87,"LESS")) -> OK | E112: =IF(E110>=87,"OK",IF(E110<=87,"LESS")) -> OK | F112: =IF(F110>=87,"OK",IF(F110<=87,"LESS")) -> OK | G112: =IF(G110>=87,"OK",IF(G110<=87,"LESS")) -> OK | H112: =IF(H110>=87,"OK",IF(H110<=87,"LESS")) -> OK | I112: =IF(I110>=87,"OK",IF(I110<=87,"LESS")) -> OK | ... Q112: =IF(Q110>=87,"OK",IF(Q110<=87,"LESS")) -> OK
A115: Done by | B115: RK
A117: Comment

Sheet 18
A1: Station: | B1: BHATAGAON RAIPUR
A2: Date: | B2: =$A$9 -> 18/07/2024 00:15 | D2: Power Off | G2: Pw.Off | L2: Link Fail | N2: Link F | P2: Maintenance | R2: Maint.
A3: Report Type: | B3: Mean | D3: Calibration | G3: Calib. | L3: Data Fail | N3: Data F | P3: Invalid | R3: Invalid
A4: Time Base: | B4: 15 Min | D4: Zero Referrence | G4: Z.Ref | L4: Warm Up | N4: Wm. Up
A7: Date & Time | B7: NO_BHATAGAON | C7: NO2__BHATAGAON | D7: NOX_BHATAGAON | E7: SO2__BHATAGAON | F7: O3__BHATAGAON | G7: PM10__BHATAGAON | H7: PM2_5__BHATAGAON | I7: BENZ__BHATAGAON | J7: WS__BHATAGAON | K7: WD__BHATAGAON | L7: TEMP__BHATAGAON | M7: HUM__BHATAGAON | N7: SR__BHATAGAON | O7: RG__BHATAGAON | P7: CO__BHATAGAON | Q7: NH3__BHATAGAON
B8: ug/m3 | C8: ug/m3 | D8: ppb | E8: ug/m3 | F8: ug/m3 | G8: ug/m3 | H8: ug/m3 | I8: ug/m3 | J8: m/sec | K8: deg | L8: degreC | M8: % | N8: w/m2 | O8: mm | P8: mg/m3 | Q8: ug/m3
A9: 18/07/2024 00:15 | B9: 8.09 | C9: 3.18 | D9: 11.93 | E9: 4.15 | F9: 3.56 | G9: 12.03 | H9: 2.83 | I9: 3.95 | J9: 0.27 | K9: 348.14 | L9: 23.35 | M9: 99.03 | N9: 78.2 | O9: 0 | P9: 0.39 | Q9: 9.46
A10: 18/07/2024 00:30 | B10: 8.07 | C10: 3.15 | D10: 11.9 | E10: 4.08 | F10: 4.12 | G10: 12.03 | H10: 2.83 | I10: 3.82 | J10: 0.39 | K10: 25.32 | L10: 23.34 | M10: 99.03 | N10: 78.1 | O10: 0 | P10: 0.39 | Q10: 9.43
A11: 18/07/2024 00:45 | B11: 8.07 | C11: 3.15 | D11: 11.89 | E11: 4.21 | F11: 3.03 | G11: 12.41 | H11: 2.62 | I11: 3.66 | J11: 0.25 | K11: 16.12 | L11: 23.22 | M11: 99.03 | N11: 78.2 | O11: 0 | P11: 0.38 | Q11: 9.42
A12: 18/07/2024 01:00 | B12: 8.07 | C12: 3.1 | D12: 11.86 | E12: 4.2 | F12: 3.93 | G12: 12.96 | H12: 2.33 | I12: 3.51 | J12: 0.28 | K12: 171.91 | L12: 23.18 | M12: 99.03 | N12: 77.9 | O12: 0 | P12: 0.37 | Q12: 9.4
A13: 18/07/2024 01:15 | B13: 8.04 | C13: 3.08 | D13: 11.83 | E13: 4.37 | F13: 3.28 | G13: 12.96 | H13: 2.33 | I13: 3.38 | J13: 0.35 | K13: 4.9 | L13: 23.16 | M13: 99.03 | N13: 78 | O13: 0 | P13: 0.35 | Q13: 9.44
A14: 18/07/2024 01:30 | B14: 8.03 | C14: 3.02 | D14: 11.79 | E14: 3.89 | F14: 3.71 | G14: 12.96 | H14: 2.33 | I14: 3.41 | J14: 0.52 | K14: 12.2 | L14: 23.26 | M14: 99.03 | N14: 77.8 | O14: 0 | P14: 0.35 | Q14: 9.39
A15: 18/07/2024 01:45 | B15: 8.05 | C15: 3.01 | D15: 11.8 | E15: 4.31 | F15: 3.71 | G15: 12.46 | H15: 2.16 | I15: 3.27 | J15: 0.21 | K15: 13.6 | L15: 23.25 | M15: 99.03 | N15: 77.8 | O15: 0 | P15: 0.36 | Q15: 9.41
A16: 18/07/2024 02:00 | B16: 8.07 | C16: 3.06 | D16: 11.84 | E16: 4.39 | F16: 3.08 | G16: 11.71 | H16: 1.91 | I16: 3.18 | J16: 0.43 | K16: 349.62 | L16: 23.2 | M16: 99.03 | N16: 78 | O16: 0 | P16: 0.33 | Q16: 9.35
A17: 18/07/2024 02:15 | B17: 8.08 | C17: 3.06 | D17: 11.85 | E17: 3.88 | F17: 3.41 | G17: 11.71 | H17: 1.91 | I17: 3.24 | J17: 0.32 | K17: 258.97 | L17: 23.23 | M17: 99.03 | N17: 78.2 | O17: 0 | P17: 0.33 | Q17: 9.35
A18: 18/07/2024 02:30 | B18: 8.09 | C18: 3.02 | D18: 11.85 | E18: 4.1 | F18: 3.32 | G18: 11.71 | H18: 1.91 | I18: 3.18 | J18: 0.29 | K18: 315.2 | L18: 23.12 | M18: 99.03 | N18: 78.5 | O18: 0 | P18: 0.33 | Q18: 9.39
A19: 18/07/2024 02:45 | B19: 8.1 | C19: 3.09 | D19: 11.88 | E19: 4.08 | F19: 3.37 | G19: 10.37 | H19: 1.9 | I19: 3.18 | J19: 0.47 | K19: 7.33 | L19: 23.16 | M19: 99.03 | N19: 78.3 | O19: 0 | P19: 0.33 | Q19: 9.38
A20: 18/07/2024 03:00 | B20: 8.12 | C20: 3.09 | D20: 11.9 | E20: 4.18 | F20: 3.33 | G20: 8.45 | H20: 1.88 | I20: 3.3 | J20: 0.32 | K20: 349.5 | L20: 23.1 | M20: 99.03 | N20: 78.5 | O20: 0 | P20: 0.32 | Q20: 9.39
... A104: 18/07/2024 24:00 | B104: 8.03 | C104: 3.16 | D104: 11.86 | E104: 3.9 | F104: 3.74 | G104: 68.45 | H104: 15.4 | I104: 2.72 | J104: 0.25 | K104: 112.84 | L104: 26.13 | M104: 97.42 | N104: 72 | O104: 0 | P104: 0.65 | Q104: 9.43
A106: Min | B106: =MIN(B9:B104) -> 8 | C106: =MIN(C9:C104) -> 3 | D106: =MIN(D9:D104) -> 11.79 | E106: =MIN(E9:E104) -> 2.8 | F106: =MIN(F9:F104) -> 2.63 | G106: =MIN(G9:G104) -> 6.26 | H106: =MIN(H9:H104) -> 1.5 | I106: =MIN(I9:I104) -> 2.5 | ... Q106: =MIN(Q9:Q104) -> 9.33
A107: Max | B107: =MAX(B9:B104) -> 8.23 | C107: =MAX(C9:C104) -> 3.47 | D107: =MAX(D9:D104) -> 12.13 | E107: =MAX(E9:E104) -> 6.73 | F107: =MAX(F9:F104) -> 9.71 | G107: =MAX(G9:G104) -> 73.48 | H107: =MAX(H9:H104) -> 19.71 | I107: =MAX(I9:I104) -> 7.34 | ... Q107: =MAX(Q9:Q104) -> 9.68
A108: Avg | B108: =AVERAGE(B9:B104) -> 8.0771875 | C108: =AVERAGE(C9:C104) -> 3.1260417 | D108: =AVERAGE(D9:D104) -> 11.884063 | E108: =AVERAGE(E9:E104) -> 4.3458333 | F108: =AVERAGE(F9:F104) -> 3.9302083 | G108: =AVERAGE(G9:G104) -> 36.335833 | H108: =AVERAGE(H9:H104) -> 9.6383333 | I108: =AVERAGE(I9:I104) -> 5.0138542 | ... Q108: =AVERAGE(Q9:Q104) -> 9.455625
A109: Stdev | B109: =STDEV(B9:B104) -> 0.040437167 | C109: =STDEV(C9:C104) -> 0.089460125 | D109: =STDEV(D9:D104) -> 0.069563725 | E109: =STDEV(E9:E104) -> 0.90848013 | F109: =STDEV(F9:F104) -> 1.1238355 | G109: =STDEV(G9:G104) -> 22.674994 | H109: =STDEV(H9:H104) -> 6.3916415 | I109: =STDEV(I9:I104) -> 1.462415 | ... Q109: =STDEV(Q9:Q104) -> 0.076293236
A110: Num | B110: =COUNT(B9:B104) -> 96 | C110: =COUNT(C9:C104) -> 96 | D110: =COUNT(D9:D104) -> 96 | E110: =COUNT(E9:E104) -> 96 | F110: =COUNT(F9:F104) -> 96 | G110: =COUNT(G9:G104) -> 96 | H110: =COUNT(H9:H104) -> 96 | I110: =COUNT(I9:I104) -> 96 | ... Q110: =COUNT(Q9:Q104) -> 96
A111: DCR | B111: =IF(B110>=87,">90%",IF(B110<=87,"<90%")) -> >90% | C111: =IF(C110>=87,">90%",IF(C110<=87,"<90%")) -> >90% | D111: =IF(D110>=87,">90%",IF(D110<=87,"<90%")) -> >90% | E111: =IF(E110>=87,">90%",IF(E110<=87,"<90%")) -> >90% | F111: =IF(F110>=87,">90%",IF(F110<=87,"<90%")) -> >90% | G111: =IF(G110>=87,">90%",IF(G110<=87,"<90%")) -> >90% | H111: =IF(H110>=87,">90%",IF(H110<=87,"<90%")) -> >90% | I111: =IF(I110>=87,">90%",IF(I110<=87,"<90%")) -> >90% | ... Q111: =IF(Q110>=87,">90%",IF(Q110<=87,"<90%")) -> >90%
A112: Status | B112: =IF(B110>=87,"OK",IF(B110<=87,"LESS")) -> OK | C112: =IF(C110>=87,"OK",IF(C110<=87,"LESS")) -> OK | D112: =IF(D110>=87,"OK",IF(D110<=87,"LESS")) -> OK | E112: =IF(E110>=87,"OK",IF(E110<=87,"LESS")) -> OK | F112: =IF(F110>=87,"OK",IF(F110<=87,"LESS")) -> OK | G112: =IF(G110>=87,"OK",IF(G110<=87,"LESS")) -> OK | H112: =IF(H110>=87,"OK",IF(H110<=87,"LESS")) -> OK | I112: =IF(I110>=87,"OK",IF(I110<=87,"LESS")) -> OK | ... Q112: =IF(Q110>=87,"OK",IF(Q110<=87,"LESS")) -> OK
A115: Done by | B115: RK
A117: Comment

Sheet 19
A1: Station: | B1: BHATAGAON RAIPUR
A2: Date: | B2: =$A$9 -> 19/07/2024 00:15 | D2: Power Off | G2: Pw.Off | L2: Link Fail | N2: Link F | P2: Maintenance | R2: Maint.
A3: Report Type: | B3: Mean | D3: Calibration | G3: Calib. | L3: Data Fail | N3: Data F | P3: Invalid | R3: Invalid
A4: Time Base: | B4: 15 Min | D4: Zero Referrence | G4: Z.Ref | L4: Warm Up | N4: Wm. Up
A7: Date & Time | B7: NO_BHATAGAON | C7: NO2__BHATAGAON | D7: NOX_BHATAGAON | E7: SO2__BHATAGAON | F7: O3__BHATAGAON | G7: PM10__BHATAGAON | H7: PM2_5__BHATAGAON | I7: BENZ__BHATAGAON | J7: WS__BHATAGAON | K7: WD__BHATAGAON | L7: TEMP__BHATAGAON | M7: HUM__BHATAGAON | N7: SR__BHATAGAON | O7: RG__BHATAGAON | P7: CO__BHATAGAON | Q7: NH3__BHATAGAON
B8: ug/m3 | C8: ug/m3 | D8: ppb | E8: ug/m3 | F8: ug/m3 | G8: ug/m3 | H8: ug/m3 | I8: ug/m3 | J8: m/sec | K8: deg | L8: degreC | M8: % | N8: w/m2 | O8: mm | P8: mg/m3 | Q8: ug/m3
A9: 19/07/2024 00:15 | B9: 8.06 | C9: 3.22 | D9: 11.92 | E9: 4.47 | F9: 3.54 | G9: 68.45 | H9: 15.4 | I9: 3.09 | J9: 0.25 | K9: 191.22 | L9: 26.15 | M9: 94.21 | N9: 72 | O9: 0 | P9: 0.64 | Q9: 9.48
A10: 19/07/2024 00:30 | B10: 8.1 | C10: 3.31 | D10: 11.99 | E10: 4.6 | F10: 3.54 | G10: 68.45 | H10: 15.4 | I10: 3.55 | J10: 0.49 | K10: 96.56 | L10: 26.05 | M10: 95.99 | N10: 72.2 | O10: 0 | P10: 0.64 | Q10: 9.52
A11: 19/07/2024 00:45 | B11: 8.11 | C11: 3.18 | D11: 11.94 | E11: 4.29 | F11: 3.65 | G11: 67.87 | H11: 15.67 | I11: 3.92 | J11: 0.19 | K11: 17.34 | L11: 25.96 | M11: 97.11 | N11: 72.2 | O11: 0 | P11: 0.65 | Q11: 9.56
A12: 19/07/2024 01:00 | B12: 8.1 | C12: 3.16 | D12: 11.92 | E12: 4.42 | F12: 3.38 | G12: 67.05 | H12: 16.08 | I12: 4.15 | J12: 0.13 | K12: 300.21 | L12: 25.82 | M12: 98.8 | N12: 72.1 | O12: 0 | P12: 0.65 | Q12: 9.6
A13: 19/07/2024 01:15 | B13: 8.12 | C13: 3.19 | D13: 11.95 | E13: 4.23 | F13: 3.2 | G13: 67.05 | H13: 16.08 | I13: 4.42 | J13: 0.48 | K13: 113.91 | L13: 25.89 | M13: 95.99 | N13: 71.8 | O13: 0 | P13: 0.63 | Q13: 9.63
A14: 19/07/2024 01:30 | B14: 8.17 | C14: 3.26 | D14: 12.03 | E14: 4.37 | F14: 3.43 | G14: 67.05 | H14: 16.08 | I14: 4.66 | J14: 0.8 | K14: 128.49 | L14: 25.95 | M14: 96 | N14: 71.7 | O14: 0 | P14: 0.64 | Q14: 9.67
A15: 19/07/2024 01:45 | B15: 8.16 | C15: 3.2 | D15: 11.99 | E15: 4.81 | F15: 3.39 | G15: 69.15 | H15: 17.88 | I15: 4.87 | J15: 0.53 | K15: 320.27 | L15: 25.9 | M15: 96.56 | N15: 72.2 | O15: 0 | P15: 0.64 | Q15: 9.68
A16: 19/07/2024 02:00 | B16: 8.13 | C16: 3.08 | D16: 11.9 | E16: 4.94 | F16: 3.08 | G16: 72.32 | H16: 20.58 | I16: 5.15 | J16: 0.15 | K16: 90.75 | L16: 25.56 | M16: 98.44 | N16: 72 | O16: 0 | P16: 0.64 | Q16: 9.71
A17: 19/07/2024 02:15 | B17: 8.12 | C17: 3.08 | D17: 11.89 | E17: 4.77 | F17: 3.2 | G17: 72.32 | H17: 20.58 | I17: 5.42 | J17: 0.61 | K17: 321.04 | L17: 25.64 | M17: 98.83 | N17: 72.1 | O17: 0 | P17: 0.64 | Q17: 9.72
A18: 19/07/2024 02:30 | B18: 8.12 | C18: 3.1 | D18: 11.91 | E18: 4.52 | F18: 3.24 | G18: 72.32 | H18: 20.58 | I18: 5.64 | J18: 0.45 | K18: 320.57 | L18: 25.46 | M18: 98.93 | N18: 72.1 | O18: 0 | P18: 0.64 | Q18: 9.72
A19: 19/07/2024 02:45 | B19: 8.09 | C19: 3.07 | D19: 11.87 | E19: 4.35 | F19: 4.04 | G19: 72.65 | H19: 20.06 | I19: 5.8 | J19: 0.36 | K19: 322.75 | L19: 25.57 | M19: 97.88 | N19: 72.2 | O19: 0 | P19: 0.63 | Q19: 9.74
A20: 19/07/2024 03:00 | B20: 8.08 | C20: 3.02 | D20: 11.83 | E20: 4.84 | F20: 2.99 | G20: 73.14 | H20: 19.27 | I20: 5.9 | J20: 0.55 | K20: 302.12 | L20: 25.35 | M20: 98.51 | N20: 72.3 | O20: 0 | P20: 0.63 | Q20: 9.65
... A104: 19/07/2024 24:00 | B104: 8.1 | C104: 3.23 | D104: 11.96 | E104: 3.41 | F104: 3.54 | G104: 32.38 | H104: 12.1 | I104: 3.98 | J104: 0.47 | K104: 151.27 | L104: 23.38 | M104: 99.02 | N104: 68 | O104: 0 | P104: 0.53 | Q104: 9.01
A106: Min | B106: =MIN(B9:B104) -> 8.02 | C106: =MIN(C9:C104) -> 2.98 | D106: =MIN(D9:D104) -> 11.82 | E106: =MIN(E9:E104) -> 3.24 | F106: =MIN(F9:F104) -> 2.82 | G106: =MIN(G9:G104) -> 32.38 | H106: =MIN(H9:H104) -> 11.18 | I106: =MIN(I9:I104) -> 3.09 | ... Q106: =MIN(Q9:Q104) -> 0
A107: Max | B107: =MAX(B9:B104) -> 8.22 | C107: =MAX(C9:C104) -> 3.55 | D107: =MAX(D9:D104) -> 12.22 | E107: =MAX(E9:E104) -> 5.91 | F107: =MAX(F9:F104) -> 12.12 | G107: =MAX(G9:G104) -> 91.55 | H107: =MAX(H9:H104) -> 29.21 | I107: =MAX(I9:I104) -> 8.27 | ... Q107: =MAX(Q9:Q104) -> 9.87
A108: Avg | B108: =AVERAGE(B9:B104) -> 8.096875 | C108: =AVERAGE(C9:C104) -> 3.1545833 | D108: =AVERAGE(D9:D104) -> 11.915104 | E108: =AVERAGE(E9:E104) -> 4.6296875 | F108: =AVERAGE(F9:F104) -> 4.145625 | G108: =AVERAGE(G9:G104) -> 60.915208 | H108: =AVERAGE(H9:H104) -> 18.547813 | I108: =AVERAGE(I9:I104) -> 5.4767708 | ... Q108: =AVERAGE(Q9:Q104) -> 8.8807292
A109: Stdev | B109: =STDEV(B9:B104) -> 0.035401829 | C109: =STDEV(C9:C104) -> 0.080327182 | D109: =STDEV(D9:D104) -> 0.05805614 | E109: =STDEV(E9:E104) -> 0.55370799 | F109: =STDEV(F9:F104) -> 1.4747844 | G109: =STDEV(G9:G104) -> 12.275898 | H109: =STDEV(H9:H104) -> 4.01019 | I109: =STDEV(I9:I104) -> 1.2982729 | ... Q109: =STDEV(Q9:Q104) -> 2.5083315
A110: Num | B110: =COUNT(B9:B104) -> 96 | C110: =COUNT(C9:C104) -> 96 | D110: =COUNT(D9:D104) -> 96 | E110: =COUNT(E9:E104) -> 96 | F110: =COUNT(F9:F104) -> 96 | G110: =COUNT(G9:G104) -> 96 | H110: =COUNT(H9:H104) -> 96 | I110: =COUNT(I9:I104) -> 96 | ... Q110: =COUNT(Q9:Q104) -> 96
A111: DCR | B111: =IF(B110>=87,">90%",IF(B110<=87,"<90%")) -> >90% | C111: =IF(C110>=87,">90%",IF(C110<=87,"<90%")) -> >90% | D111: =IF(D110>=87,">90%",IF(D110<=87,"<90%")) -> >90% | E111: =IF(E110>=87,">90%",IF(E110<=87,"<90%")) -> >90% | F111: =IF(F110>=87,">90%",IF(F110<=87,"<90%")) -> >90% | G111: =IF(G110>=87,">90%",IF(G110<=87,"<90%")) -> >90% | H111: =IF(H110>=87,">90%",IF(H110<=87,"<90%")) -> >90% | I111: =IF(I110>=87,">90%",IF(I110<=87,"<90%")) -> >90% | ... Q111: =IF(Q110>=87,">90%",IF(Q110<=87,"<90%")) -> >90%
A112: Status | B112: =IF(B110>=87,"OK",IF(B110<=87,"LESS")) -> OK | C112: =IF(C110>=87,"OK",IF(C110<=87,"LESS")) -> OK | D112: =IF(D110>=87,"OK",IF(D110<=87,"LESS")) -> OK | E112: =IF(E110>=87,"OK",IF(E110<=87,"LESS")) -> OK | F112: =IF(F110>=87,"OK",IF(F110<=87,"LESS")) -> OK | G112: =IF(G110>=87,"OK",IF(G110<=87,"LESS")) -> OK | H112: =IF(H110>=87,"OK",IF(H110<=87,"LESS")) -> OK | I112: =IF(I110>=87,"OK",IF(I110<=87,"LESS")) -> OK | ... Q112: =IF(Q110>=87,"OK",IF(Q110<=87,"LESS")) -> OK
A115: Done by | B115: RK
A117: Comment

Sheet 20
A1: Station: | B1: BHATAGAON RAIPUR
A2: Date: | B2: =$A$9 -> 20/07/2024 00:15 | D2: Power Off | G2: Pw.Off | L2: Link Fail | N2: Link F | P2: Maintenance | R2: Maint.
A3: Report Type: | B3: Mean | D3: Calibration | G3: Calib. | L3: Data Fail | N3: Data F | P3: Invalid | R3: Invalid
A4: Time Base: | B4: 15 Min | D4: Zero Referrence | G4: Z.Ref | L4: Warm Up | N4: Wm. Up
A7: Date & Time | B7: NO_BHATAGAON | C7: NO2__BHATAGAON | D7: NOX_BHATAGAON | E7: SO2__BHATAGAON | F7: O3__BHATAGAON | G7: PM10__BHATAGAON | H7: PM2_5__BHATAGAON | I7: BENZ__BHATAGAON | J7: WS__BHATAGAON | K7: WD__BHATAGAON | L7: TEMP__BHATAGAON | M7: HUM__BHATAGAON | N7: SR__BHATAGAON | O7: RG__BHATAGAON | P7: CO__BHATAGAON | Q7: NH3__BHATAGAON
B8: ug/m3 | C8: ug/m3 | D8: ppb | E8: ug/m3 | F8: ug/m3 | G8: ug/m3 | H8: ug/m3 | I8: ug/m3 | J8: m/sec | K8: deg | L8: degreC | M8: % | N8: w/m2 | O8: mm | P8: mg/m3 | Q8: ug/m3
A9: 20/07/2024 00:15 | B9: 8.07 | C9: 3.11 | D9: 11.87 | E9: 2.86 | F9: 3.63 | G9: 32.38 | H9: 12.1 | I9: 4.22 | J9: 0.31 | K9: 156.02 | L9: 23.48 | M9: 99.02 | N9: 67.8 | O9: 0 | P9: 0.51 | Q9: 9.23
A10: 20/07/2024 00:30 | B10: 8.08 | C10: 3.05 | D10: 11.85 | E10: 2.87 | F10: 3.21 | G10: 32.38 | H10: 12.1 | I10: 4.52 | J10: 0.09 | K10: 316.41 | L10: 23.47 | M10: 99.03 | N10: 68 | O10: 0 | P10: 0.49 | Q10: 9.39
A11: 20/07/2024 00:45 | B11: 8.08 | C11: 3.04 | D11: 11.85 | E11: 2.51 | F11: 3.44 | G11: 29.71 | H11: 10.7 | I11: 4.74 | J11: 0.21 | K11: 327.8 | L11: 23.49 | M11: 99.03 | N11: 68.2 | O11: 0 | P11: 0.48 | Q11: 9.59
A12: 20/07/2024 01:00 | B12: 8.09 | C12: 3.02 | D12: 11.84 | E12: 2.91 | F12: 3.21 | G12: 25.87 | H12: 8.7 | I12: 4.85 | J12: 0.4 | K12: 359.29 | L12: 23.5 | M12: 99.03 | N12: 68.1 | O12: 0 | P12: 0.47 | Q12: 9.68
A13: 20/07/2024 01:15 | B13: 8.09 | C13: 3.02 | D13: 11.84 | E13: 2.83 | F13: 3.53 | G13: 25.87 | H13: 8.7 | I13: 4.85 | J13: 0.3 | K13: 328.12 | L13: 23.5 | M13: 99.03 | N13: 68.2 | O13: 0 | P13: 0.48 | Q13: 9.69
A14: 20/07/2024 01:30 | B14: 8.09 | C14: 3.09 | D14: 11.88 | E14: 2.99 | F14: 3.63 | G14: 25.87 | H14: 8.7 | I14: 4.75 | J14: 0.26 | K14: 345.92 | L14: 23.51 | M14: 99.04 | N14: 68.2 | O14: 0 | P14: 0.49 | Q14: 9.68
A15: 20/07/2024 01:45 | B15: 8.07 | C15: 3.1 | D15: 11.86 | E15: 3.11 | F15: 4.45 | G15: 22.99 | H15: 7.83 | I15: 4.61 | J15: 0.54 | K15: 12.5 | L15: 23.51 | M15: 99.05 | N15: 68.9 | O15: 7 | P15: 0.48 | Q15: 9.69
A16: 20/07/2024 02:00 | B16: 8.07 | C16: 3.08 | D16: 11.86 | E16: 3.33 | F16: 5.98 | G16: 18.67 | H16: 6.52 | I16: 4.53 | J16: 0.6 | K16: 312.45 | L16: 22.39 | M16: 99.08 | N16: 70.2 | O16: 11 | P16: 0.48 | Q16: 9.64
A17: 20/07/2024 02:15 | B17: 8.13 | C17: 3.17 | D17: 11.95 | E17: 3.32 | F17: 3.15 | G17: 18.67 | H17: 6.52 | I17: 4.42 | J17: 0.77 | K17: 323.68 | L17: 22.3 | M17: 99.08 | N17: 68.1 | O17: 0 | P17: 0.47 | Q17: 9.58
A18: 20/07/2024 02:30 | B18: 8.11 | C18: 3.13 | D18: 11.91 | E18: 3.36 | F18: 3.84 | G18: 18.67 | H18: 6.52 | I18: 4.31 | J18: 0.95 | K18: 324.88 | L18: 22.34 | M18: 99.08 | N18: 68.4 | O18: 0 | P18: 0.47 | Q18: 9.56
A19: 20/07/2024 02:45 | B19: 8.07 | C19: 3.02 | D19: 11.82 | E19: 2.96 | F19: 3.75 | G19: 16.68 | H19: 6.61 | I19: 4.22 | J19: 0.97 | K19: 339.26 | L19: 22.42 | M19: 99.08 | N19: 68.5 | O19: 0 | P19: 0.45 | Q19: 9.53
A20: 20/07/2024 03:00 | B20: 8.07 | C20: 3.02 | D20: 11.82 | E20: 2.94 | F20: 3.72 | G20: 13.81 | H20: 6.75 | I20: 4.1 | J20: 1.21 | K20: 333.46 | L20: 22.18 | M20: 99.08 | N20: 69.2 | O20: 0 | P20: 0.45 | Q20: 9.55
... A104: 20/07/2024 24:00 | B104: 8.12 | C104: 3.14 | D104: 11.93 | E104: 4.41 | F104: 8.46 | G104: 13.26 | H104: 3.89 | I104: 3.63 | J104: 0.49 | K104: 11.69 | L104: 22.97 | M104: 99.08 | N104: 65 | O104: 0.8 | P104: 0.41 | Q104: 9.46
A106: Min | B106: =MIN(B9:B104) -> 8.03 | C106: =MIN(C9:C104) -> 3.02 | D106: =MIN(D9:D104) -> 11.81 | E106: =MIN(E9:E104) -> 1.94 | F106: =MIN(F9:F104) -> 2.87 | G106: =MIN(G9:G104) -> 12.68 | H106: =MIN(H9:H104) -> 3.77 | I106: =MIN(I9:I104) -> 3.52 | ... Q106: =MIN(Q9:Q104) -> 9.23
A107: Max | B107: =MAX(B9:B104) -> 8.27 | C107: =MAX(C9:C104) -> 3.41 | D107: =MAX(D9:D104) -> 12.16 | E107: =MAX(E9:E104) -> 4.68 | F107: =MAX(F9:F104) -> 8.46 | G107: =MAX(G9:G104) -> 60.95 | H107: =MAX(H9:H104) -> 27.97 | I107: =MAX(I9:I104) -> 9.73 | ... Q107: =MAX(Q9:Q104) -> 9.85
A108: Avg | B108: =AVERAGE(B9:B104) -> 8.1154167 | C108: =AVERAGE(C9:C104) -> 3.1471875 | D108: =AVERAGE(D9:D104) -> 11.926563 | E108: =AVERAGE(E9:E104) -> 3.6983333 | F108: =AVERAGE(F9:F104) -> 3.7372917 | G108: =AVERAGE(G9:G104) -> 30.744479 | H108: =AVERAGE(H9:H104) -> 11.320833 | I108: =AVERAGE(I9:I104) -> 6.3491667 | ... Q108: =AVERAGE(Q9:Q104) -> 9.5653125
A109: Stdev | B109: =STDEV(B9:B104) -> 0.045234283 | C109: =STDEV(C9:C104) -> 0.086811388 | D109: =STDEV(D9:D104) -> 0.077484506 | E109: =STDEV(E9:E104) -> 0.77916104 | F109: =STDEV(F9:F104) -> 0.78998265 | G109: =STDEV(G9:G104) -> 13.775778 | H109: =STDEV(H9:H104) -> 6.9330883 | I109: =STDEV(I9:I104) -> 1.7877058 | ... Q109: =STDEV(Q9:Q104) -> 0.12739456
A110: Num | B110: =COUNT(B9:B104) -> 96 | C110: =COUNT(C9:C104) -> 96 | D110: =COUNT(D9:D104) -> 96 | E110: =COUNT(E9:E104) -> 96 | F110: =COUNT(F9:F104) -> 96 | G110: =COUNT(G9:G104) -> 96 | H110: =COUNT(H9:H104) -> 96 | I110: =COUNT(I9:I104) -> 96 | ... Q110: =COUNT(Q9:Q104) -> 96
A111: DCR | B111: =IF(B110>=87,">90%",IF(B110<=87,"<90%")) -> >90% | C111: =IF(C110>=87,">90%",IF(C110<=87,"<90%")) -> >90% | D111: =IF(D110>=87,">90%",IF(D110<=87,"<90%")) -> >90% | E111: =IF(E110>=87,">90%",IF(E110<=87,"<90%")) -> >90% | F111: =IF(F110>=87,">90%",IF(F110<=87,"<90%")) -> >90% | G111: =IF(G110>=87,">90%",IF(G110<=87,"<90%")) -> >90% | H111: =IF(H110>=87,">90%",IF(H110<=87,"<90%")) -> >90% | I111: =IF(I110>=87,">90%",IF(I110<=87,"<90%")) -> >90% | ... Q111: =IF(Q110>=87,">90%",IF(Q110<=87,"<90%")) -> >90%
A112: Status | B112: =IF(B110>=87,"OK",IF(B110<=87,"LESS")) -> OK | C112: =IF(C110>=87,"OK",IF(C110<=87,"LESS")) -> OK | D112: =IF(D110>=87,"OK",IF(D110<=87,"LESS")) -> OK | E112: =IF(E110>=87,"OK",IF(E110<=87,"LESS")) -> OK | F112: =IF(F110>=87,"OK",IF(F110<=87,"LESS")) -> OK | G112: =IF(G110>=87,"OK",IF(G110<=87,"LESS")) -> OK | H112: =IF(H110>=87,"OK",IF(H110<=87,"LESS")) -> OK | I112: =IF(I110>=87,"OK",IF(I110<=87,"LESS")) -> OK | ... Q112: =IF(Q110>=87,"OK",IF(Q110<=87,"LESS")) -> OK
A115: Done by | B115: RK
A117: Comment

Sheet 21
A1: Station: | B1: BHATAGAON RAIPUR
A2: Date: | B2: =$A$9 -> 21/07/2024 00:15 | D2: Power Off | G2: Pw.Off | L2: Link Fail | N2: Link F | P2: Maintenance | R2: Maint.
A3: Report Type: | B3: Mean | D3: Calibration | G3: Calib. | L3: Data Fail | N3: Data F | P3: Invalid | R3: Invalid
A4: Time Base: | B4: 15 Min | D4: Zero Referrence | G4: Z.Ref | L4: Warm Up | N4: Wm. Up
A7: Date & Time | B7: NO_BHATAGAON | C7: NO2__BHATAGAON | D7: NOX_BHATAGAON | E7: SO2__BHATAGAON | F7: O3__BHATAGAON | G7: PM10__BHATAGAON | H7: PM2_5__BHATAGAON | I7: BENZ__BHATAGAON | J7: WS__BHATAGAON | K7: WD__BHATAGAON | L7: TEMP__BHATAGAON | M7: HUM__BHATAGAON | N7: SR__BHATAGAON | O7: RG__BHATAGAON | P7: CO__BHATAGAON | Q7: NH3__BHATAGAON
B8: ug/m3 | C8: ug/m3 | D8: ppb | E8: ug/m3 | F8: ug/m3 | G8: ug/m3 | H8: ug/m3 | I8: ug/m3 | J8: m/sec | K8: deg | L8: degreC | M8: % | N8: w/m2 | O8: mm | P8: mg/m3 | Q8: ug/m3
A9: 21/07/2024 00:15 | B9: 8.13 | C9: 3.12 | D9: 11.93 | E9: 4.9 | F9: 3.67 | G9: 13.26 | H9: 3.89 | I9: 3.54 | J9: 0.59 | K9: 352.67 | L9: 23 | M9: 99.08 | N9: 65 | O9: 0 | P9: 0.38 | Q9: 9.47
A10: 21/07/2024 00:30 | B10: 8.12 | C10: 3.11 | D10: 11.91 | E10: 4.98 | F10: 3.53 | G10: 13.26 | H10: 3.89 | I10: 3.36 | J10: 0.52 | K10: 356.16 | L10: 23.03 | M10: 99.08 | N10: 65.1 | O10: 0 | P10: 0.38 | Q10: 9.45
A11: 21/07/2024 00:45 | B11: 8.09 | C11: 3.13 | D11: 11.9 | E11: 5.29 | F11: 4.67 | G11: 12.15 | H11: 4.17 | I11: 3.24 | J11: 0.56 | K11: 338.5 | L11: 23 | M11: 99.08 | N11: 65.1 | O11: 0.2 | P11: 0.39 | Q11: 9.47
A12: 21/07/2024 01:00 | B12: 8.06 | C12: 3.14 | D12: 11.88 | E12: 5.09 | F12: 3.41 | G12: 10.55 | H12: 4.58 | I12: 3.07 | J12: 0.7 | K12: 333.87 | L12: 23.03 | M12: 99.08 | N12: 65 | O12: 0 | P12: 0.38 | Q12: 9.33
A13: 21/07/2024 01:15 | B13: 8.08 | C13: 3.17 | D13: 11.91 | E13: 4.76 | F13: 3.56 | G13: 10.55 | H13: 4.58 | I13: 2.99 | J13: 0.73 | K13: 320.78 | L13: 23.01 | M13: 99.08 | N13: 65.1 | O13: 0.2 | P13: 0.36 | Q13: 9.25
A14: 21/07/2024 01:30 | B14: 8.34 | C14: 3.84 | D14: 12.47 | E14: 4.62 | F14: 4.06 | G14: 10.55 | H14: 4.58 | I14: 2.87 | J14: 0.69 | K14: 323.12 | L14: 23.01 | M14: 99.08 | N14: 65.1 | O14: 0.2 | P14: 0.37 | Q14: 9.35
A15: 21/07/2024 01:45 | B15: 8.2 | C15: 3.5 | D15: 12.18 | E15: 5.24 | F15: 3.4 | G15: 11.12 | H15: 4.85 | I15: 2.74 | J15: 0.57 | K15: 323.97 | L15: 22.99 | M15: 99.08 | N15: 65.1 | O15: 0 | P15: 0.35 | Q15: 9.36
A16: 21/07/2024 02:00 | B16: 8.06 | C16: 3.07 | D16: 11.84 | E16: 4.91 | F16: 4.23 | G16: 11.98 | H16: 5.24 | I16: 2.67 | J16: 0.89 | K16: 322.48 | L16: 22.95 | M16: 99.08 | N16: 65.1 | O16: 0.2 | P16: 0.36 | Q16: 9.38
A17: 21/07/2024 02:15 | B17: 8.07 | C17: 3.08 | D17: 11.85 | E17: 4.77 | F17: 3.39 | G17: 11.98 | H17: 5.24 | I17: 2.59 | J17: 0.64 | K17: 317.6 | L17: 22.96 | M17: 99.08 | N17: 65 | O17: 0 | P17: 0.34 | Q17: 9.38
A18: 21/07/2024 02:30 | B18: 8.35 | C18: 3.85 | D18: 12.49 | E18: 4.61 | F18: 3.38 | G18: 11.98 | H18: 5.24 | I18: 2.58 | J18: 0.97 | K18: 336.9 | L18: 23.08 | M18: 99.08 | N18: 65 | O18: 0.2 | P18: 0.33 | Q18: 9.34
A19: 21/07/2024 02:45 | B19: 8.3 | C19: 3.71 | D19: 12.37 | E19: 4.22 | F19: 4.09 | G19: 10.56 | H19: 5.24 | I19: 2.53 | J19: 0.19 | K19: 317.73 | L19: 23.06 | M19: 99.08 | N19: 65.1 | O19: 0 | P19: 0.33 | Q19: 9.36
A20: 21/07/2024 03:00 | B20: 8.09 | C20: 3.12 | D20: 11.9 | E20: 4.81 | F20: 3.71 | G20: Maint. | H20: Maint. | I20: 2.55 | J20: 0.31 | K20: 257.29 | L20: 23.03 | M20: 99.08 | N20: 65 | O20: 0 | P20: 0.33 | Q20: 9.45
A21: 21/07/2024 03:15 | B21: 8.03 | C21: 3.05 | D21: 11.81 | E21: 5.07 | F21: 3.39 | G21: Maint. | H21: Maint. | I21: 2.73 | J21: 0.46 | K21: 356.39 | L21: 23.14 | M21: 99.08 | N21: 65 | O21: 0 | P21: 0.32 | Q21: 9.4
A22: 21/07/2024 03:30 | B22: 8.07 | C22: 3.11 | D22: 11.87 | E22: 5 | F22: 3.45 | G22: Maint. | H22: Maint. | I22: 2.84 | J22: 0.92 | K22: 315.84 | L22: 23.15 | M22: 99.08 | N22: 65.2 | O22: 0 | P22: 0.32 | Q22: 9.38
A23: 21/07/2024 03:45 | B23: 8.09 | C23: 3.1 | D23: 11.88 | E23: 4.72 | F23: 3.45 | G23: Maint. | H23: Maint. | I23: 2.99 | J23: 0.84 | K23: 314.31 | L23: 23.12 | M23: 99.08 | N23: 65 | O23: 0 | P23: 0.32 | Q23: 9.4
A24: 21/07/2024 04:00 | B24: 8.15 | C24: 3.11 | D24: 11.93 | E24: 4.5 | F24: 3.4 | G24: Maint. | H24: Maint. | I24: 3.06 | J24: 0.89 | K24: 326.61 | L24: 23.13 | M24: 99.08 | N24: 65.1 | O24: 0 | P24: 0.32 | Q24: 9.43
A25: 21/07/2024 04:15 | B25: 8.12 | C25: 3.08 | D25: 11.89 | E25: 4.01 | F25: 3.31 | G25: Maint. | H25: Maint. | I25: 3.07 | J25: 0.62 | K25: 305.18 | L25: 23.1 | M25: 99.08 | N25: 65 | O25: 0 | P25: 0.31 | Q25: 9.42
A26: 21/07/2024 04:30 | B26: 8.12 | C26: 3.09 | D26: 11.9 | E26: 4.45 | F26: 3.45 | G26: Maint. | H26: Maint. | I26: 3.16 | J26: 0.48 | K26: 324.31 | L26: 22.97 | M26: 99.08 | N26: 65.2 | O26: 0 | P26: 0.31 | Q26: 9.44
A27: 21/07/2024 04:45 | B27: 8.14 | C27: 3.12 | D27: 11.93 | E27: 4.41 | F27: 3.46 | G27: Maint. | H27: Maint. | I27: 3.26 | J27: 0.51 | K27: 321.21 | L27: 22.82 | M27: 99.08 | N27: 65 | O27: 0 | P27: 0.31 | Q27: 9.46
A28: 21/07/2024 05:00 | B28: 8.13 | C28: 3.1 | D28: 11.92 | E28: 4.55 | F28: 3.43 | G28: 4.67 | H28: 1.22 | I28: 3.21 | J28: 0.39 | K28: 336.26 | L28: 22.85 | M28: 99.08 | N28: 64.6 | O28: 0 | P28: 0.31 | Q28: 9.46
A29: 21/07/2024 05:15 | B29: 8.11 | C29: 3.13 | D29: 11.91 | E29: 4.55 | F29: 3.84 | G29: 4.67 | H29: 1.22 | I29: 3.36 | J29: 0.73 | K29: 315.08 | L29: 22.88 | M29: 99.08 | N29: 65.2 | O29: 0 | P29: 0.31 | Q29: 9.45
A30: 21/07/2024 05:30 | B30: 8.16 | C30: 3.25 | D30: 12.01 | E30: 4.37 | F30: 3.67 | G30: 4.67 | H30: 1.22 | I30: 3.61 | J30: 0.61 | K30: 308.45 | L30: 22.82 | M30: 99.08 | N30: 69 | O30: 0 | P30: 0.32 | Q30: 9.37
A31: 21/07/2024 05:45 | B31: 8.43 | C31: 3.93 | D31: 12.59 | E31: 4.47 | F31: 3.16 | G31: 5.92 | H31: 2.01 | I31: 3.71 | J31: 0.51 | K31: 302.13 | L31: 22.88 | M31: 99.08 | N31: 87.5 | O31: 0 | P31: 0.31 | Q31: 9.3
A32: 21/07/2024 06:00 | B32: 8.14 | C32: 3.19 | D32: 11.97 | E32: 4.45 | F32: 4.2 | G32: 7.78 | H32: 3.13 | I32: 3.7 | J32: 0.45 | K32: 354.85 | L32: 23.03 | M32: 99.08 | N32: 97.8 | O32: 0 | P32: 0.32 | Q32: 9.35
A33: 21/07/2024 06:15 | B33: 8.07 | C33: 3.05 | D33: 11.84 | E33: 4.42 | F33: 3.65 | G33: 7.78 | H33: 3.13 | I33: 3.75 | J33: 0.33 | K33: 307.96 | L33: 23.14 | M33: 99.11 | N33: 106.8 | O33: 0 | P33: 0.33 | Q33: 9.36
A34: 21/07/2024 06:30 | B34: 8.06 | C34: 3.06 | D34: 11.83 | E34: 4.7 | F34: 3.44 | G34: 7.78 | H34: 3.13 | I34: 3.89 | J34: 0.25 | K34: 341.09 | L34: 23.18 | M34: 99.13 | N34: 121.1 | O34: 0 | P34: 0.34 | Q34: 9.36
A35: 21/07/2024 06:45 | B35: 8.04 | C35: 3.04 | D35: 11.81 | E35: 4.45 | F35: 3.57 | G35: 8.54 | H35: 2.36 | I35: 3.88 | J35: 0.53 | K35: 327.07 | L35: 23.36 | M35: 99.13 | N35: 170.8 | O35: 0 | P35: 0.34 | Q35: 9.36
A36: 21/07/2024 07:00 | B36: 8.09 | C36: 3.17 | D36: 11.92 | E36: 4.45 | F36: 3.37 | G36: 9.68 | H36: 1.21 | I36: 3.85 | J36: 0.54 | K36: 325.07 | L36: 23.86 | M36: 99.13 | N36: 152.2 | O36: 0 | P36: 0.34 | Q36: 9.37
A37: 21/07/2024 07:15 | B37: 8.27 | C37: 3.53 | D37: 12.25 | E37: 4.67 | F37: 3.48 | G37: 9.68 | H37: 1.21 | I37: 3.86 | J37: 0.48 | K37: 321 | L37: 24.04 | M37: 99.1 | N37: 149.3 | O37: 0 | P37: 0.34 | Q37: 9.4
A38: 21/07/2024 07:30 | B38: 8.38 | C38: 3.77 | D38: 12.46 | E38: 3.94 | F38: 3.36 | G38: 9.68 | H38: 1.21 | I38: 3.88 | J38: 0.6 | K38: 338.62 | L38: 24.22 | M38: 99.08 | N38: 141.2 | O38: 0 | P38: 0.36 | Q38: 9.46
A39: 21/07/2024 07:45 | B39: 8.18 | C39: 3.34 | D39: 12.08 | E39: 4.62 | F39: 3.36 | G39: 13.55 | H39: 3.84 | I39: 3.93 | J39: 0.55 | K39: 316.23 | L39: 24.39 | M39: 99.08 | N39: 213.3 | O39: 0 | P39: 0.37 | Q39: 9.5
... A104: 21/07/2024 24:00 | B104: 8.24 | C104: 3.69 | D104: 12.31 | E104: 4.39 | F104: 3.6 | G104: 7.63 | H104: 1.97 | I104: 1.83 | J104: 0.7 | K104: 359.55 | L104: 23.63 | M104: 99.08 | N104: 46.6 | O104: 0 | P104: 0.3 | Q104: 9.21
A106: Min | B106: =MIN(B9:B104) -> 8.03 | C106: =MIN(C9:C104) -> 3.01 | D106: =MIN(D9:D104) -> 11.81 | E106: =MIN(E9:E104) -> 3.15 | F106: =MIN(F9:F104) -> 2.52 | G106: =MIN(G9:G104) -> 4.67 | H106: =MIN(H9:H104) -> 1.21 | I106: =MIN(I9:I104) -> 1.83 | ... Q106: =MIN(Q9:Q104) -> 9.09
A107: Max | B107: =MAX(B9:B104) -> 9.22 | C107: =MAX(C9:C104) -> 5.23 | D107: =MAX(D9:D104) -> 13.9 | E107: =MAX(E9:E104) -> 6.15 | F107: =MAX(F9:F104) -> 5.11 | G107: =MAX(G9:G104) -> 54.93 | H107: =MAX(H9:H104) -> 27.2 | I107: =MAX(I9:I104) -> 9.44 | ... Q107: =MAX(Q9:Q104) -> 9.79
A108: Avg | B108: =AVERAGE(B9:B104) -> 8.2161458 | C108: =AVERAGE(C9:C104) -> 3.3626042 | D108: =AVERAGE(D9:D104) -> 12.120104 | E108: =AVERAGE(E9:E104) -> 4.8373958 | F108: =AVERAGE(F9:F104) -> 3.6579167 | G108: =AVERAGE(G9:G104) -> 24.552841 | H108: =AVERAGE(H9:H104) -> 9.0693182 | I108: =AVERAGE(I9:I104) -> 5.1855208 | ... Q108: =AVERAGE(Q9:Q104) -> 9.4728125
A109: Stdev | B109: =STDEV(B9:B104) -> 0.23510969 | C109: =STDEV(C9:C104) -> 0.46881765 | D109: =STDEV(D9:D104) -> 0.43124665 | E109: =STDEV(E9:E104) -> 0.6837655 | F109: =STDEV(F9:F104) -> 0.43907059 | G109: =STDEV(G9:G104) -> 15.888618 | H109: =STDEV(H9:H104) -> 7.5499458 | I109: =STDEV(I9:I104) -> 2.1427552 | ... Q109: =STDEV(Q9:Q104) -> 0.13593112
A110: Num | B110: =COUNT(B9:B104) -> 96 | C110: =COUNT(C9:C104) -> 96 | D110: =COUNT(D9:D104) -> 96 | E110: =COUNT(E9:E104) -> 96 | F110: =COUNT(F9:F104) -> 96 | G110: =COUNT(G9:G104)+8 -> 96 | H110: =COUNT(H9:H104)+8 -> 96 | I110: =COUNT(I9:I104) -> 96 | J110: =COUNT(J9:J104) -> 96 | K110: =COUNT(K9:K104) -> 96 | L110: =COUNT(L9:L104) -> 96 | M110: =COUNT(M9:M104) -> 96 | N110: =COUNT(N9:N104) -> 96 | O110: =COUNT(O9:O104) -> 96 | P110: =COUNT(P9:P104) -> 96 | Q110: =COUNT(Q9:Q104) -> 96
A111: DCR | B111: =IF(B110>=87,">90%",IF(B110<=87,"<90%")) -> >90% | C111: =IF(C110>=87,">90%",IF(C110<=87,"<90%")) -> >90% | D111: =IF(D110>=87,">90%",IF(D110<=87,"<90%")) -> >90% | E111: =IF(E110>=87,">90%",IF(E110<=87,"<90%")) -> >90% | F111: =IF(F110>=87,">90%",IF(F110<=87,"<90%")) -> >90% | G111: =IF(G110>=87,">90%",IF(G110<=87,"<90%")) -> >90% | H111: =IF(H110>=87,">90%",IF(H110<=87,"<90%")) -> >90% | I111: =IF(I110>=87,">90%",IF(I110<=87,"<90%")) -> >90% | ... Q111: =IF(Q110>=87,">90%",IF(Q110<=87,"<90%")) -> >90%
A112: Status | B112: =IF(B110>=87,"OK",IF(B110<=87,"LESS")) -> OK | C112: =IF(C110>=87,"OK",IF(C110<=87,"LESS")) -> OK | D112: =IF(D110>=87,"OK",IF(D110<=87,"LESS")) -> OK | E112: =IF(E110>=87,"OK",IF(E110<=87,"LESS")) -> OK | F112: =IF(F110>=87,"OK",IF(F110<=87,"LESS")) -> OK | G112: =IF(G110>=87,"OK",IF(G110<=87,"LESS")) -> OK | H112: =IF(H110>=87,"OK",IF(H110<=87,"LESS")) -> OK | I112: =IF(I110>=87,"OK",IF(I110<=87,"LESS")) -> OK | ... Q112: =IF(Q110>=87,"OK",IF(Q110<=87,"LESS")) -> OK
A115: Done by | B115: RK
A117: Comment

Sheet 22
A1: Station: | B1: BHATAGAON RAIPUR
A2: Date: | B2: =$A$9 -> 22/07/2024 00:15 | D2: Power Off | G2: Pw.Off | L2: Link Fail | N2: Link F | P2: Maintenance | R2: Maint.
A3: Report Type: | B3: Mean | D3: Calibration | G3: Calib. | L3: Data Fail | N3: Data F | P3: Invalid | R3: Invalid
A4: Time Base: | B4: 15 Min | D4: Zero Referrence | G4: Z.Ref | L4: Warm Up | N4: Wm. Up
A7: Date & Time | B7: NO_BHATAGAON | C7: NO2__BHATAGAON | D7: NOX_BHATAGAON | E7: SO2__BHATAGAON | F7: O3__BHATAGAON | G7: PM10__BHATAGAON | H7: PM2_5__BHATAGAON | I7: BENZ__BHATAGAON | J7: WS__BHATAGAON | K7: WD__BHATAGAON | L7: TEMP__BHATAGAON | M7: HUM__BHATAGAON | N7: SR__BHATAGAON | O7: RG__BHATAGAON | P7: CO__BHATAGAON | Q7: NH3__BHATAGAON
B8: ug/m3 | C8: ug/m3 | D8: ppb | E8: ug/m3 | F8: ug/m3 | G8: ug/m3 | H8: ug/m3 | I8: ug/m3 | J8: m/sec | K8: deg | L8: degreC | M8: % | N8: w/m2 | O8: mm | P8: mg/m3 | Q8: ug/m3
A9: 22/07/2024 00:15 | B9: 8.17 | C9: 3.44 | D9: 12.13 | E9: 4.36 | F9: 4.46 | G9: 7.63 | H9: 1.97 | I9: 1.81 | J9: 0.53 | K9: 15.78 | L9: 23.6 | M9: 99.08 | N9: 46.6 | O9: 0 | P9: 0.28 | Q9: 9.21
A10: 22/07/2024 00:30 | B10: 8.07 | C10: 3.09 | D10: 11.86 | E10: 4 | F10: 4.01 | G10: 7.63 | H10: 1.97 | I10: 1.55 | J10: 0.64 | K10: 3.29 | L10: 23.6 | M10: 99.08 | N10: 46.8 | O10: 0 | P10: 0.28 | Q10: 9.26
A11: 22/07/2024 00:45 | B11: 8.06 | C11: 3.02 | D11: 11.82 | E11: 4.05 | F11: 4.16 | G11: 7.73 | H11: 1.64 | I11: 1.41 | J11: 0.46 | K11: 7.48 | L11: 23.55 | M11: 99.08 | N11: 46.6 | O11: 0 | P11: 0.25 | Q11: 9.23
A12: 22/07/2024 01:00 | B12: 8.05 | C12: 3.02 | D12: 11.81 | E12: 4.27 | F12: 4.98 | G12: 7.88 | H12: 1.18 | I12: 1.29 | J12: 0.72 | K12: 6.06 | L12: 23.49 | M12: 99.08 | N12: 46.7 | O12: 0 | P12: 0.25 | Q12: 9.3
A13: 22/07/2024 01:15 | B13: 8.03 | C13: 2.95 | D13: 11.76 | E13: 4.17 | F13: 4.37 | G13: 7.88 | H13: 1.18 | I13: 1.17 | J13: 0.59 | K13: 358.8 | L13: 23.48 | M13: 99.08 | N13: 46.6 | O13: 0 | P13: 0.25 | Q13: 9.26
A14: 22/07/2024 01:30 | B14: 8.03 | C14: 2.95 | D14: 11.76 | E14: 4.35 | F14: 4.91 | G14: 7.88 | H14: 1.18 | I14: 1.1 | J14: 0.57 | K14: 7.37 | L14: 23.37 | M14: 99.08 | N14: 46.6 | O14: 0 | P14: 0.26 | Q14: 9.27
A15: 22/07/2024 01:45 | B15: 8.03 | C15: 2.96 | D15: 11.76 | E15: 3.88 | F15: 4.58 | G15: 8.35 | H15: 0.94 | I15: 1.02 | J15: 0.62 | K15: 358.14 | L15: 23.28 | M15: 99.08 | N15: 46.6 | O15: 0 | P15: 0.26 | Q15: 9.34
A16: 22/07/2024 02:00 | B16: 8.06 | C16: 3.04 | D16: 11.82 | E16: 4 | F16: 4.47 | G16: 9.06 | H16: 0.58 | I16: 1.06 | J16: 0.64 | K16: 8.97 | L16: 23.24 | M16: 99.08 | N16: 46.4 | O16: 0 | P16: 0.24 | Q16: 9.32
A17: 22/07/2024 02:15 | B17: 8.06 | C17: 2.95 | D17: 11.78 | E17: 4.1 | F17: 4.75 | G17: 9.06 | H17: 0.58 | I17: 1 | J17: 0.6 | K17: 3.79 | L17: 23.13 | M17: 99.08 | N17: 46.4 | O17: 0 | P17: 0.24 | Q17: 9.33
A18: 22/07/2024 02:30 | B18: 8.06 | C18: 2.96 | D18: 11.78 | E18: 4.1 | F18: 4.33 | G18: 9.06 | H18: 0.58 | I18: 0.9 | J18: 0.52 | K18: 357.11 | L18: 23.15 | M18: 99.08 | N18: 46.2 | O18: 0 | P18: 0.23 | Q18: 9.33
A19: 22/07/2024 02:45 | B19: 8.05 | C19: 3.06 | D19: 11.83 | E19: 4.11 | F19: 5.01 | G19: 8.29 | H19: 0.74 | I19: 0.85 | J19: 0.63 | K19: 351.99 | L19: 23.16 | M19: 99.08 | N19: 46 | O19: 0 | P19: 0.23 | Q19: 9.33
A20: 22/07/2024 03:00 | B20: 8.09 | C20: 3.1 | D20: 11.88 | E20: 3.9 | F20: 5.03 | G20: 7.13 | H20: 0.99 | I20: 0.79 | J20: 0.6 | K20: 354.65 | L20: 23.13 | M20: 99.08 | N20: 46 | O20: 0 | P20: 0.22 | Q20: 9.34
... A104: 22/07/2024 24:00 | B104: 8.06 | C104: 3.09 | D104: 11.85 | E104: 4.85 | F104: 4.16 | G104: 5.27 | H104: 1.11 | I104: 0.9 | J104: 0.69 | K104: 7.68 | L104: 23.06 | M104: 99.08 | N104: 48.5 | O104: 0 | P104: 0.28 | Q104: 9.25
A106: Min | B106: =MIN(B9:B104) -> 8.02 | C106: =MIN(C9:C104) -> 2.95 | D106: =MIN(D9:D104) -> 11.76 | E106: =MIN(E9:E104) -> 2.93 | F106: =MIN(F9:F104) -> 2.95 | G106: =MIN(G9:G104) -> 2.14 | H106: =MIN(H9:H104) -> 0.58 | I106: =MIN(I9:I104) -> 0.65 | ... Q106: =MIN(Q9:Q104) -> 0
A107: Max | B107: =MAX(B9:B104) -> 8.59 | C107: =MAX(C9:C104) -> 4.28 | D107: =MAX(D9:D104) -> 12.89 | E107: =MAX(E9:E104) -> 5.25 | F107: =MAX(F9:F104) -> 5.46 | G107: =MAX(G9:G104) -> 22.98 | H107: =MAX(H9:H104) -> 7.55 | I107: =MAX(I9:I104) -> 3 | ... Q107: =MAX(Q9:Q104) -> 9.65
A108: Avg | B108: =AVERAGE(B9:B104) -> 8.1071875 | C108: =AVERAGE(C9:C104) -> 3.1495833 | D108: =AVERAGE(D9:D104) -> 11.921458 | E108: =AVERAGE(E9:E104) -> 4.2073958 | F108: =AVERAGE(F9:F104) -> 3.9979167 | G108: =AVERAGE(G9:G104) -> 8.0072917 | H108: =AVERAGE(H9:H104) -> 2.583125 | I108: =AVERAGE(I9:I104) -> 1.3644792 | ... Q108: =AVERAGE(Q9:Q104) -> 8.9555208
A109: Stdev | B109: =STDEV(B9:B104) -> 0.089639079 | C109: =STDEV(C9:C104) -> 0.20327278 | D109: =STDEV(D9:D104) -> 0.17584071 | E109: =STDEV(E9:E104) -> 0.50970424 | F109: =STDEV(F9:F104) -> 0.58114935 | G109: =STDEV(G9:G104) -> 5.8658361 | H109: =STDEV(H9:H104) -> 1.8978128 | I109: =STDEV(I9:I104) -> 0.65921464 | ... Q109: =STDEV(Q9:Q104) -> 1.8800654
A110: Num | B110: =COUNT(B9:B104) -> 96 | C110: =COUNT(C9:C104) -> 96 | D110: =COUNT(D9:D104) -> 96 | E110: =COUNT(E9:E104) -> 96 | F110: =COUNT(F9:F104) -> 96 | G110: =COUNT(G9:G104) -> 96 | H110: =COUNT(H9:H104) -> 96 | I110: =COUNT(I9:I104) -> 96 | ... Q110: =COUNT(Q9:Q104) -> 96
A111: DCR | B111: =IF(B110>=87,">90%",IF(B110<=87,"<90%")) -> >90% | C111: =IF(C110>=87,">90%",IF(C110<=87,"<90%")) -> >90% | D111: =IF(D110>=87,">90%",IF(D110<=87,"<90%")) -> >90% | E111: =IF(E110>=87,">90%",IF(E110<=87,"<90%")) -> >90% | F111: =IF(F110>=87,">90%",IF(F110<=87,"<90%")) -> >90% | G111: =IF(G110>=87,">90%",IF(G110<=87,"<90%")) -> >90% | H111: =IF(H110>=87,">90%",IF(H110<=87,"<90%")) -> >90% | J111: =IF(J110>=87,">90%",IF(J110<=87,"<90%")) -> >90% | K111: =IF(K110>=87,">90%",IF(K110<=87,"<90%")) -> >90% | L111: =IF(L110>=87,">90%",IF(L110<=87,"<90%")) -> >90% | M111: =IF(M110>=87,">90%",IF(M110<=87,"<90%")) -> >90% | N111: =IF(N110>=87,">90%",IF(N110<=87,"<90%")) -> >90% | O111: =IF(O110>=87,">90%",IF(O110<=87,"<90%")) -> >90% | P111: =IF(P110>=87,">90%",IF(P110<=87,"<90%")) -> >90% | Q111: =IF(Q110>=87,">90%",IF(Q110<=87,"<90%")) -> >90%
A112: Status | B112: =IF(B110>=87,"OK",IF(B110<=87,"LESS")) -> OK | C112: =IF(C110>=87,"OK",IF(C110<=87,"LESS")) -> OK | D112: =IF(D110>=87,"OK",IF(D110<=87,"LESS")) -> OK | E112: =IF(E110>=87,"OK",IF(E110<=87,"LESS")) -> OK | F112: =IF(F110>=87,"OK",IF(F110<=87,"LESS")) -> OK | G112: =IF(G110>=87,"OK",IF(G110<=87,"LESS")) -> OK | H112: =IF(H110>=87,"OK",IF(H110<=87,"LESS")) -> OK | I112: =IF(I110>=87,"OK",IF(I110<=87,"LESS")) -> OK | ... Q112: =IF(Q110>=87,"OK",IF(Q110<=87,"LESS")) -> OK
A115: Done by | B115: SR
A117: Comment

Sheet 23
A1: Station: | B1: BHATAGAON RAIPUR
A2: Date: | B2: =$A$9 -> 23/07/2024 00:15 | D2: Power Off | G2: Pw.Off | L2: Link Fail | N2: Link F | P2: Maintenance | R2: Maint.
A3: Report Type: | B3: Mean | D3: Calibration | G3: Calib. | L3: Data Fail | N3: Data F | P3: Invalid | R3: Invalid
A4: Time Base: | B4: 15 Min | D4: Zero Referrence | G4: Z.Ref | L4: Warm Up | N4: Wm. Up
A7: Date & Time | B7: NO_BHATAGAON | C7: NO2__BHATAGAON | D7: NOX_BHATAGAON | E7: SO2__BHATAGAON | F7: O3__BHATAGAON | G7: PM10__BHATAGAON | H7: PM2_5__BHATAGAON | I7: BENZ__BHATAGAON | J7: WS__BHATAGAON | K7: WD__BHATAGAON | L7: TEMP__BHATAGAON | M7: HUM__BHATAGAON | N7: SR__BHATAGAON | O7: RG__BHATAGAON | P7: CO__BHATAGAON | Q7: NH3__BHATAGAON
B8: ug/m3 | C8: ug/m3 | D8: ppb | E8: ug/m3 | F8: ug/m3 | G8: ug/m3 | H8: ug/m3 | I8: ug/m3 | J8: m/sec | K8: deg | L8: degreC | M8: % | N8: w/m2 | O8: mm | P8: mg/m3 | Q8: ug/m3
A9: 23/07/2024 00:15 | B9: 8.06 | C9: 3.06 | D9: 11.84 | E9: 3.24 | F9: 4.38 | G9: 5.27 | H9: 1.11 | I9: 0.85 | J9: 0.62 | K9: 0.76 | L9: 23.05 | M9: 99.08 | N9: 48.3 | O9: 0 | P9: Maint. | Q9: Maint.
A10: 23/07/2024 00:30 | B10: 8.07 | C10: 3.03 | D10: 11.83 | E10: 3.24 | F10: 4.93 | G10: 5.27 | H10: 1.11 | I10: 0.76 | J10: 0.77 | K10: 10.6 | L10: 23.11 | M10: 99.07 | N10: 48.1 | O10: 0 | P10: Maint. | Q10: Maint.
A11: 23/07/2024 00:45 | B11: 8.06 | C11: 3.06 | D11: 11.83 | E11: 3.39 | F11: 4.47 | G11: 4.9 | H11: 1.04 | I11: 0.73 | J11: 0.59 | K11: 0.53 | L11: 23.11 | M11: 99.07 | N11: 48.1 | O11: 0 | P11: Maint. | Q11: Maint.
A12: 23/07/2024 01:00 | B12: 8.05 | C12: 2.99 | D12: 11.79 | E12: 3.76 | F12: 5.01 | G12: 4.37 | H12: 0.93 | I12: 0.7 | J12: 0.67 | K12: 5.62 | L12: 23.15 | M12: 99.05 | N12: 48.1 | O12: 0 | P12: Maint. | Q12: Maint.
A13: 23/07/2024 01:15 | B13: 8.07 | C13: 3.07 | D13: 11.85 | E13: 3.02 | F13: 5.05 | G13: 4.37 | H13: 0.93 | I13: 0.7 | J13: 0.68 | K13: 1.64 | L13: 23.16 | M13: 99.06 | N13: 48.1 | O13: 0 | P13: Maint. | Q13: Maint.
A14: 23/07/2024 01:30 | B14: 8.07 | C14: 3.03 | D14: 11.83 | E14: 3.59 | F14: 4.91 | G14: 4.37 | H14: 0.93 | I14: 0.66 | J14: 0.68 | K14: 6.6 | L14: 23.22 | M14: 99.05 | N14: 48.1 | O14: 0 | P14: Maint. | Q14: Maint.
A15: 23/07/2024 01:45 | B15: 8.11 | C15: 3.11 | D15: 11.9 | E15: 3.52 | F15: 5.27 | G15: 3.91 | H15: 0.88 | I15: 0.63 | J15: 0.72 | K15: 6.13 | L15: 23.2 | M15: 99.05 | N15: 48.1 | O15: 0 | P15: Maint. | Q15: Maint.
A16: 23/07/2024 02:00 | B16: 8.09 | C16: 3.05 | D16: 11.85 | E16: 3.2 | F16: 5.47 | G16: 3.23 | H16: 0.81 | I16: 0.6 | J16: 0.56 | K16: 1.67 | L16: 23.13 | M16: 99.06 | N16: 48.1 | O16: 0 | P16: Maint. | Q16: Maint.
A17: 23/07/2024 02:15 | B17: 8.12 | C17: 3.12 | D17: 11.92 | E17: 3.58 | F17: 5.43 | G17: 3.23 | H17: 0.81 | I17: 0.55 | J17: 0.63 | K17: 11.87 | L17: 23.08 | M17: 99.07 | N17: 48.1 | O17: 0 | P17: Maint. | Q17: Maint.
A18: 23/07/2024 02:30 | B18: 8.12 | C18: 3.1 | D18: 11.91 | E18: 3.51 | F18: 5.42 | G18: 3.23 | H18: 0.81 | I18: 0.53 | J18: 0.61 | K18: 6.34 | L18: 23.09 | M18: 99.07 | N18: 48.3 | O18: 0 | P18: Maint. | Q18: Maint.
A19: 23/07/2024 02:45 | B19: 8.12 | C19: 3.05 | D19: 11.88 | E19: 3.62 | F19: 5.53 | G19: 3.1 | H19: 0.83 | I19: 0.51 | J19: 0.65 | K19: 4.3 | L19: 22.63 | M19: 99.09 | N19: 48.2 | O19: 0 | P19: Maint. | Q19: Maint.
A20: 23/07/2024 03:00 | B20: 8.09 | C20: 3.05 | D20: 11.85 | E20: 3.61 | F20: 5.35 | G20: 2.9 | H20: 0.85 | I20: 0.48 | J20: 0.53 | K20: 356.93 | L20: 22.43 | M20: 99.13 | N20: 47.7 | O20: 0 | P20: Maint. | Q20: Maint.
... A104: 23/07/2024 24:00 | B104: 8.3 | C104: 3.16 | D104: 12.08 | E104: 4.83 | F104: 4.29 | G104: 7.67 | H104: 2.02 | I104: 0.82 | J104: 0.81 | K104: 12.63 | L104: 21.61 | M104: 99.1 | N104: 49.8 | O104: 0.4 | P104: Maint. | Q104: Maint.
A106: Min | B106: =MIN(B9:B104) -> 8 | C106: =MIN(C9:C104) -> 2.94 | D106: =MIN(D9:D104) -> 11.77 | E106: =MIN(E9:E104) -> 3.02 | F106: =MIN(F9:F104) -> 2.25 | G106: =MIN(G9:G104) -> 1.9 | H106: =MIN(H9:H104) -> 0.81 | I106: =MIN(I9:I104) -> 0.45 | ... Q106: =MIN(Q9:Q104) -> 0
A107: Max | B107: =MAX(B9:B104) -> 8.45 | C107: =MAX(C9:C104) -> 4.17 | D107: =MAX(D9:D104) -> 12.63 | E107: =MAX(E9:E104) -> 5.94 | F107: =MAX(F9:F104) -> 28.19 | G107: =MAX(G9:G104) -> 24.17 | H107: =MAX(H9:H104) -> 5.15 | I107: =MAX(I9:I104) -> 1.24 | ... Q107: =MAX(Q9:Q104) -> 0
A108: Avg | B108: =AVERAGE(B9:B104) -> 8.220625 | C108: =AVERAGE(C9:C104) -> 3.2097917 | D108: =AVERAGE(D9:D104) -> 12.042812 | E108: =AVERAGE(E9:E104) -> 4.0986458 | F108: =AVERAGE(F9:F104) -> 5.8882292 | G108: =AVERAGE(G9:G104) -> 6.4298958 | H108: =AVERAGE(H9:H104) -> 2.0088542 | I108: =AVERAGE(I9:I104) -> 0.81260417 | ... Q108: =AVERAGE(Q9:Q104) -> #DIV/0!
A109: Stdev | B109: =STDEV(B9:B104) -> 0.12214584 | C109: =STDEV(C9:C104) -> 0.16925831 | D109: =STDEV(D9:D104) -> 0.16783264 | E109: =STDEV(E9:E104) -> 0.56676296 | F109: =STDEV(F9:F104) -> 3.5186047 | G109: =STDEV(G9:G104) -> 5.5512543 | H109: =STDEV(H9:H104) -> 1.3422384 | I109: =STDEV(I9:I104) -> 0.23940824 | ... Q109: =STDEV(Q9:Q104) -> #DIV/0!
A110: Num | B110: =COUNT(B9:B104) -> 96 | C110: =COUNT(C9:C104) -> 96 | D110: =COUNT(D9:D104) -> 96 | E110: =COUNT(E9:E104) -> 96 | F110: =COUNT(F9:F104) -> 96 | G110: =COUNT(G9:G104) -> 96 | H110: =COUNT(H9:H104) -> 96 | I110: =COUNT(I9:I104) -> 96 | ... O110: =COUNT(O9:O104) -> 96 | P110: =COUNT(P9:P104)+96 -> 96 | Q110: =COUNT(Q9:Q104)+96 -> 96
A111: DCR | B111: =IF(B110>=87,">90%",IF(B110<=87,"<90%")) -> >90% | C111: =IF(C110>=87,">90%",IF(C110<=87,"<90%")) -> >90% | D111: =IF(D110>=87,">90%",IF(D110<=87,"<90%")) -> >90% | E111: =IF(E110>=87,">90%",IF(E110<=87,"<90%")) -> >90% | F111: =IF(F110>=87,">90%",IF(F110<=87,"<90%")) -> >90% | G111: =IF(G110>=87,">90%",IF(G110<=87,"<90%")) -> >90% | H111: =IF(H110>=87,">90%",IF(H110<=87,"<90%")) -> >90% | I111: =IF(I110>=87,">90%",IF(I110<=87,"<90%")) -> >90% | ... Q111: =IF(Q110>=87,">90%",IF(Q110<=87,"<90%")) -> >90%
A112: Status | B112: =IF(B110>=87,"OK",IF(B110<=87,"LESS")) -> OK | C112: =IF(C110>=87,"OK",IF(C110<=87,"LESS")) -> OK | D112: =IF(D110>=87,"OK",IF(D110<=87,"LESS")) -> OK | E112: =IF(E110>=87,"OK",IF(E110<=87,"LESS")) -> OK | F112: =IF(F110>=87,"OK",IF(F110<=87,"LESS")) -> OK | G112: =IF(G110>=87,"OK",IF(G110<=87,"LESS")) -> OK | H112: =IF(H110>=87,"OK",IF(H110<=87,"LESS")) -> OK | I112: =IF(I110>=87,"OK",IF(I110<=87,"LESS")) -> OK | ... Q112: =IF(Q110>=87,"OK",IF(Q110<=87,"LESS")) -> OK
A115: Done by | B115: RK
A117: Comment

Sheet 24
A1: Station: | B1: BHATAGAON RAIPUR
A2: Date: | B2: =$A$9 -> 24/07/2024 00:15 | D2: Power Off | G2: Pw.Off | L2: Link Fail | N2: Link F | P2: Maintenance | R2: Maint.
A3: Report Type: | B3: Mean | D3: Calibration | G3: Calib. | L3: Data Fail | N3: Data F | P3: Invalid | R3: Invalid
A4: Time Base: | B4: 15 Min | D4: Zero Referrence | G4: Z.Ref | L4: Warm Up | N4: Wm. Up
A7: Date & Time | B7: NO_BHATAGAON | C7: NO2__BHATAGAON | D7: NOX_BHATAGAON | E7: SO2__BHATAGAON | F7: O3__BHATAGAON | G7: PM10__BHATAGAON | H7: PM2_5__BHATAGAON | I7: BENZ__BHATAGAON | J7: WS__BHATAGAON | K7: WD__BHATAGAON | L7: TEMP__BHATAGAON | M7: HUM__BHATAGAON | N7: SR__BHATAGAON | O7: RG__BHATAGAON | P7: CO__BHATAGAON | Q7: NH3__BHATAGAON
B8: ug/m3 | C8: ug/m3 | D8: ppb | E8: ug/m3 | F8: ug/m3 | G8: ug/m3 | H8: ug/m3 | I8: ug/m3 | J8: m/sec | K8: deg | L8: degreC | M8: % | N8: w/m2 | O8: mm | P8: mg/m3 | Q8: ug/m3
A9: 24/07/2024 00:15 | B9: 8.28 | C9: 3.15 | D9: 12.06 | E9: 4.67 | F9: 4.49 | G9: 7.67 | H9: 2.02 | I9: 0.74 | J9: 0.66 | K9: 9.24 | L9: 21.47 | M9: 99.1 | N9: 49.8 | O9: 1.8 | P9: 0.24 | Q9: 9.29
A10: 24/07/2024 00:30 | B10: 8.49 | C10: 3.8 | D10: 12.57 | E10: 4.7 | F10: 5.61 | G10: 7.67 | H10: 2.02 | I10: 0.69 | J10: 0.62 | K10: 5.16 | L10: 21.35 | M10: 99.1 | N10: 49.8 | O10: 0.6 | P10: 0.22 | Q10: 9.26
A11: 24/07/2024 00:45 | B11: 8.36 | C11: 3.29 | D11: 12.2 | E11: 4.3 | F11: 5.71 | G11: 6.78 | H11: 2.05 | I11: 0.63 | J11: 0.82 | K11: 18.73 | L11: 21.32 | M11: 99.1 | N11: 49.7 | O11: 0.2 | P11: 0.21 | Q11: 9.27
A12: 24/07/2024 01:00 | B12: 8.33 | C12: 3.21 | D12: 12.13 | E12: 4.46 | F12: 5.33 | G12: 5.51 | H12: 2.1 | I12: 0.56 | J12: 0.72 | K12: 16.15 | L12: 21.32 | M12: 99.1 | N12: 49.6 | O12: 0.2 | P12: 0.2 | Q12: 9.3
A13: 24/07/2024 01:15 | B13: 8.33 | C13: 3.21 | D13: 12.13 | E13: 4.37 | F13: 5.83 | G13: 5.51 | H13: 2.1 | I13: 0.55 | J13: 0.67 | K13: 6.57 | L13: 21.31 | M13: 99.1 | N13: 49.6 | O13: 0 | P13: 0.19 | Q13: 9.3
A14: 24/07/2024 01:30 | B14: 8.32 | C14: 3.17 | D14: 12.1 | E14: 4.68 | F14: 4.97 | G14: 5.51 | H14: 2.1 | I14: 0.55 | J14: 0.68 | K14: 8.83 | L14: 21.35 | M14: 99.11 | N14: 49.6 | O14: 0.4 | P14: 0.19 | Q14: 9.3
A15: 24/07/2024 01:45 | B15: 8.31 | C15: 3.19 | D15: 12.1 | E15: 4.54 | F15: 4.97 | G15: 4.98 | H15: 1.88 | I15: 0.53 | J15: 0.6 | K15: 23.04 | L15: 21.31 | M15: 99.11 | N15: 49.6 | O15: 0.8 | P15: 0.18 | Q15: 9.28
A16: 24/07/2024 02:00 | B16: 8.31 | C16: 3.17 | D16: 12.09 | E16: 4.72 | F16: 5.3 | G16: 4.17 | H16: 1.57 | I16: 0.5 | J16: 0.69 | K16: 15.32 | L16: 21.26 | M16: 99.11 | N16: 49.6 | O16: 1.2 | P16: 0.18 | Q16: 9.26
A17: 24/07/2024 02:15 | B17: 8.31 | C17: 3.14 | D17: 12.08 | E17: 4.56 | F17: 7.17 | G17: 4.17 | H17: 1.57 | I17: 0.49 | J17: 0.75 | K17: 12.61 | L17: 21.19 | M17: 99.13 | N17: 49.6 | O17: 0.8 | P17: 0.19 | Q17: 9.26
A18: 24/07/2024 02:30 | B18: 8.28 | C18: 3.17 | D18: 12.07 | E18: 4.93 | F18: 3.73 | G18: 4.17 | H18: 1.57 | I18: 0.49 | J18: 0.72 | K18: 12.42 | L18: 21.18 | M18: 99.13 | N18: 49.6 | O18: 0.4 | P18: 0.18 | Q18: 9.15
A19: 24/07/2024 02:45 | B19: 8.28 | C19: 3.15 | D19: 12.06 | E19: 5.03 | F19: 5.01 | G19: 3.74 | H19: 1.74 | I19: 0.51 | J19: 0.62 | K19: 4.95 | L19: 21.17 | M19: 99.13 | N19: 49.7 | O19: 0.8 | P19: 0.17 | Q19: 9.12
A20: 24/07/2024 03:00 | B20: 8.29 | C20: 3.17 | D20: 12.08 | E20: 4.8 | F20: 4.4 | G20: 3.09 | H20: 2 | I20: 0.48 | J20: 0.52 | K20: 9.01 | L20: 21.11 | M20: 99.13 | N20: 49.7 | O20: 1 | P20: 0.18 | Q20: 9.16
... A67: 24/07/2024 14:45 | B67: 8.33 | C67: 3.29 | D67: 12.17 | E67: 4.22 | F67: 4.9 | G67: 3.74 | H67: 2.22 | I67: 0.91 | J67: 0.68 | K67: 354.25 | L67: 22.31 | M67: 99.13 | N67: 101.5 | O67: 0 | P67: 0.3 | Q67: 9.31
A68: 24/07/2024 15:00 | B68: Pw.Off | C68: Pw.Off | D68: Pw.Off | E68: Pw.Off | F68: Pw.Off | G68: Pw.Off | H68: Pw.Off | I68: Pw.Off | J68: Pw.Off | K68: Pw.Off | L68: Pw.Off | M68: Pw.Off | N68: Pw.Off | O68: Pw.Off | P68: Pw.Off | Q68: Pw.Off
A69: 24/07/2024 15:15 | B69: Pw.Off | C69: Pw.Off | D69: Pw.Off | E69: Pw.Off | F69: Pw.Off | G69: Pw.Off | H69: Pw.Off | I69: Pw.Off | J69: Pw.Off | K69: Pw.Off | L69: Pw.Off | M69: Pw.Off | N69: Pw.Off | O69: Pw.Off | P69: Pw.Off | Q69: Pw.Off
A70: 24/07/2024 15:30 | B70: Pw.Off | C70: Pw.Off | D70: Pw.Off | E70: Pw.Off | F70: Pw.Off | G70: Pw.Off | H70: Pw.Off | I70: Pw.Off | J70: Pw.Off | K70: Pw.Off | L70: Pw.Off | M70: Pw.Off | N70: Pw.Off | O70: Pw.Off | P70: Pw.Off | Q70: Pw.Off
A71: 24/07/2024 15:45 | B71: Pw.Off | C71: Pw.Off | D71: Pw.Off | E71: Pw.Off | F71: Pw.Off | G71: Pw.Off | H71: Pw.Off | I71: Pw.Off | J71: Pw.Off | K71: Pw.Off | L71: Pw.Off | M71: Pw.Off | N71: Pw.Off | O71: Pw.Off | P71: Pw.Off | Q71: Pw.Off
A72: 24/07/2024 16:00 | B72: Pw.Off | C72: Pw.Off | D72: Pw.Off | E72: Pw.Off | F72: Pw.Off | G72: Pw.Off | H72: Pw.Off | I72: Pw.Off | J72: Pw.Off | K72: Pw.Off | L72: Pw.Off | M72: Pw.Off | N72: Pw.Off | O72: Pw.Off | P72: Pw.Off | Q72: Pw.Off
A73: 24/07/2024 16:15 | B73: Pw.Off | C73: Pw.Off | D73: Pw.Off | E73: Pw.Off | F73: Pw.Off | G73: Pw.Off | H73: Pw.Off | I73: Pw.Off | J73: Pw.Off | K73: Pw.Off | L73: Pw.Off | M73: Pw.Off | N73: Pw.Off | O73: Pw.Off | P73: Pw.Off | Q73: Pw.Off
A74: 24/07/2024 16:30 | B74: Pw.Off | C74: Pw.Off | D74: Pw.Off | E74: Pw.Off | F74: Pw.Off | G74: Pw.Off | H74: Pw.Off | I74: Pw.Off | J74: Pw.Off | K74: Pw.Off | L74: Pw.Off | M74: Pw.Off | N74: Pw.Off | O74: Pw.Off | P74: Pw.Off | Q74: Pw.Off
A75: 24/07/2024 16:45 | B75: Pw.Off | C75: Pw.Off | D75: Pw.Off | E75: Pw.Off | F75: Pw.Off | G75: Pw.Off | H75: Pw.Off | I75: Pw.Off | J75: Pw.Off | K75: Pw.Off | L75: Pw.Off | M75: Pw.Off | N75: Pw.Off | O75: Pw.Off | P75: Pw.Off | Q75: Pw.Off
A76: 24/07/2024 17:00 | B76: Pw.Off | C76: Pw.Off | D76: Pw.Off | E76: Pw.Off | F76: Pw.Off | G76: Pw.Off | H76: Pw.Off | I76: Pw.Off | J76: Pw.Off | K76: Pw.Off | L76: Pw.Off | M76: Pw.Off | N76: Pw.Off | O76: Pw.Off | P76: Pw.Off | Q76: Pw.Off
A77: 24/07/2024 17:15 | B77: Pw.Off | C77: Pw.Off | D77: Pw.Off | E77: Pw.Off | F77: Pw.Off | G77: Pw.Off | H77: Pw.Off | I77: Pw.Off | J77: Pw.Off | K77: Pw.Off | L77: Pw.Off | M77: Pw.Off | N77: Pw.Off | O77: Pw.Off | P77: Pw.Off | Q77: Pw.Off
A78: 24/07/2024 17:30 | B78: Pw.Off | C78: Pw.Off | D78: Pw.Off | E78: Pw.Off | F78: Pw.Off | G78: Pw.Off | H78: Pw.Off | I78: Pw.Off | J78: Pw.Off | K78: Pw.Off | L78: Pw.Off | M78: Pw.Off | N78: Pw.Off | O78: Pw.Off | P78: Pw.Off | Q78: Pw.Off
A79: 24/07/2024 17:45 | B79: Pw.Off | C79: Pw.Off | D79: Pw.Off | E79: Pw.Off | F79: Pw.Off | G79: Pw.Off | H79: Pw.Off | I79: Pw.Off | J79: Pw.Off | K79: Pw.Off | L79: Pw.Off | M79: Pw.Off | N79: Pw.Off | O79: Pw.Off | P79: Pw.Off | Q79: Pw.Off
... A104: 24/07/2024 24:00 | B104: Pw.Off | C104: Pw.Off | D104: Pw.Off | E104: Pw.Off | F104: Pw.Off | G104: Pw.Off | H104: Pw.Off | I104: Pw.Off | J104: Pw.Off | K104: Pw.Off | L104: Pw.Off | M104: Pw.Off | N104: Pw.Off | O104: Pw.Off | P104: Pw.Off | Q104: Pw.Off
A106: Min | B106: =MIN(B9:B104) -> 8.25 | C106: =MIN(C9:C104) -> 3.14 | D106: =MIN(D9:D104) -> 12.06 | E106: =MIN(E9:E104) -> 3.07 | F106: =MIN(F9:F104) -> 2.27 | G106: =MIN(G9:G104) -> 1.72 | H106: =MIN(H9:H104) -> 1.28 | I106: =MIN(I9:I104) -> 0.43 | ... Q106: =MIN(Q9:Q104) -> 9.09
A107: Max | B107: =MAX(B9:B104) -> 8.49 | C107: =MAX(C9:C104) -> 3.8 | D107: =MAX(D9:D104) -> 12.57 | E107: =MAX(E9:E104) -> 5.03 | F107: =MAX(F9:F104) -> 7.63 | G107: =MAX(G9:G104) -> 7.67 | H107: =MAX(H9:H104) -> 2.4 | I107: =MAX(I9:I104) -> 1.05 | ... Q107: =MAX(Q9:Q104) -> 9.4
A108: Avg | B108: =AVERAGE(B9:B104) -> 8.3186441 | C108: =AVERAGE(C9:C104) -> 3.2781356 | D108: =AVERAGE(D9:D104) -> 12.157966 | E108: =AVERAGE(E9:E104) -> 4.2323729 | F108: =AVERAGE(F9:F104) -> 4.6345763 | G108: =AVERAGE(G9:G104) -> 3.4013559 | H108: =AVERAGE(H9:H104) -> 1.8235593 | I108: =AVERAGE(I9:I104) -> 0.66220339 | ... Q108: =AVERAGE(Q9:Q104) -> 9.2547458
A109: Stdev | B109: =STDEV(B9:B104) -> 0.04372554 | C109: =STDEV(C9:C104) -> 0.12035113 | D109: =STDEV(D9:D104) -> 0.093749109 | E109: =STDEV(E9:E104) -> 0.54718823 | F109: =STDEV(F9:F104) -> 1.0161376 | G109: =STDEV(G9:G104) -> 1.3895924 | H109: =STDEV(H9:H104) -> 0.33854029 | I109: =STDEV(I9:I104) -> 0.20643165 | ... Q109: =STDEV(Q9:Q104) -> 0.058908343
A110: Num | B110: =COUNT(B9:B104)+37 -> 96 | C110: =COUNT(C9:C104)+37 -> 96 | D110: =COUNT(D9:D104)+37 -> 96 | E110: =COUNT(E9:E104)+37 -> 96 | F110: =COUNT(F9:F104)+37 -> 96 | G110: =COUNT(G9:G104)+37 -> 96 | H110: =COUNT(H9:H104)+37 -> 96 | I110: =COUNT(I9:I104)+37 -> 96 | ... Q110: =COUNT(Q9:Q104)+37 -> 96
A111: DCR | B111: =IF(B110>=87,">90%",IF(B110<=87,"<90%")) -> >90% | C111: =IF(C110>=87,">90%",IF(C110<=87,"<90%")) -> >90% | D111: =IF(D110>=87,">90%",IF(D110<=87,"<90%")) -> >90% | E111: =IF(E110>=87,">90%",IF(E110<=87,"<90%")) -> >90% | F111: =IF(F110>=87,">90%",IF(F110<=87,"<90%")) -> >90% | G111: =IF(G110>=87,">90%",IF(G110<=87,"<90%")) -> >90% | H111: =IF(H110>=87,">90%",IF(H110<=87,"<90%")) -> >90% | I111: =IF(I110>=87,">90%",IF(I110<=87,"<90%")) -> >90% | ... Q111: =IF(Q110>=87,">90%",IF(Q110<=87,"<90%")) -> >90%
A112: Status | B112: =IF(B110>=87,"OK",IF(B110<=87,"LESS")) -> OK | C112: =IF(C110>=87,"OK",IF(C110<=87,"LESS")) -> OK | D112: =IF(D110>=87,"OK",IF(D110<=87,"LESS")) -> OK | E112: =IF(E110>=87,"OK",IF(E110<=87,"LESS")) -> OK | F112: =IF(F110>=87,"OK",IF(F110<=87,"LESS")) -> OK | G112: =IF(G110>=87,"OK",IF(G110<=87,"LESS")) -> OK | H112: =IF(H110>=87,"OK",IF(H110<=87,"LESS")) -> OK | I112: =IF(I110>=87,"OK",IF(I110<=87,"LESS")) -> OK | ... Q112: =IF(Q110>=87,"OK",IF(Q110<=87,"LESS")) -> OK
A115: Done by | B115: RK
A117: Comment

Sheet 25
A1: Station: | B1: BHATAGAON RAIPUR
A2: Date: | B2: =$A$9 -> 25/07/2024 00:15 | D2: Power Off | G2: Pw.Off | L2: Link Fail | N2: Link F | P2: Maintenance | R2: Maint.
A3: Report Type: | B3: Mean | D3: Calibration | G3: Calib. | L3: Data Fail | N3: Data F | P3: Invalid | R3: Invalid
A4: Time Base: | B4: 15 Min | D4: Zero Referrence | G4: Z.Ref | L4: Warm Up | N4: Wm. Up
A7: Date & Time | B7: NO_BHATAGAON | C7: NO2__BHATAGAON | D7: NOX_BHATAGAON | E7: SO2__BHATAGAON | F7: O3__BHATAGAON | G7: PM10__BHATAGAON | H7: PM2_5__BHATAGAON | I7: BENZ__BHATAGAON | J7: WS__BHATAGAON | K7: WD__BHATAGAON | L7: TEMP__BHATAGAON | M7: HUM__BHATAGAON | N7: SR__BHATAGAON | O7: RG__BHATAGAON | P7: CO__BHATAGAON | Q7: NH3__BHATAGAON
B8: ug/m3 | C8: ug/m3 | D8: ppb | E8: ug/m3 | F8: ug/m3 | G8: ug/m3 | H8: ug/m3 | I8: ug/m3 | J8: m/sec | K8: deg | L8: degreC | M8: % | N8: w/m2 | O8: mm | P8: mg/m3 | Q8: ug/m3
A9: 25/07/2024 00:15 | B9: 148.66 | C9: 100.3 | D9: 174.98 | E9: 5.13 | F9: 3.47 | G9: 155.6 | H9: 60.32 | I9: 1.88 | J9: 0.03 | K9: 340.83 | L9: 19.38 | M9: 68 | N9: 4.6 | O9: 0 | P9: 4.01 | Q9: 50.28
A10: 25/07/2024 00:30 | B10: 146.49 | C10: 100.67 | D10: 173.45 | E10: 4.98 | F10: 3.38 | G10: 142.32 | H10: 58.56 | I10: 1.88 | J10: 0.06 | K10: 352.81 | L10: 19.28 | M10: 68 | N10: 4.5 | O10: 0 | P10: 3.93 | Q10: 51.49
A11: 25/07/2024 00:45 | B11: 141.83 | C11: 98.85 | D11: 168.71 | E11: 5.75 | F11: 3.39 | G11: 142.32 | H11: 58.56 | I11: 1.89 | J11: 0.09 | K11: 289.51 | L11: 19.27 | M11: 67 | N11: 4.2 | O11: 0 | P11: 3.8 | Q11: 52.09
A12: 25/07/2024 01:00 | B12: 135.04 | C12: 96.71 | D12: 162.07 | E12: 5.09 | F12: 3.33 | G12: 142.32 | H12: 58.56 | I12: 1.86 | J12: 0.13 | K12: 301.14 | L12: 19.4 | M12: 65 | N12: 4.1 | O12: 0 | P12: 3.63 | Q12: 51.46
A13: 25/07/2024 01:15 | B13: 126.95 | C13: 94.2 | D13: 154.21 | E13: 4.89 | F13: 3.36 | G13: 127.74 | H13: 56.3 | I13: 1.81 | J13: 0.07 | K13: 342.85 | L13: 19.78 | M13: 63 | N13: 4.2 | O13: 0 | P13: 3.18 | Q13: 50.13
A14: 25/07/2024 01:30 | B14: 118.88 | C14: 92.5 | D14: 146.8 | E14: 5.03 | F14: 3.38 | G14: 93.73 | H14: 51.02 | I14: 1.76 | J14: 0.23 | K14: 281.56 | L14: 19.58 | M14: 62 | N14: 4 | O14: 0 | P14: 3.14 | Q14: 49.1
A15: 25/07/2024 01:45 | B15: 110.48 | C15: 90.12 | D15: 138.75 | E15: 4.68 | F15: 3.24 | G15: 93.73 | H15: 51.02 | I15: 1.69 | J15: 0.08 | K15: 57.27 | L15: 19.13 | M15: 65 | N15: 4.8 | O15: 0 | P15: 2.94 | Q15: 48.24
A16: 25/07/2024 02:00 | B16: 101.75 | C16: 86.84 | D16: 129.93 | E16: 4.58 | F16: 3.37 | G16: 93.73 | H16: 51.02 | I16: 1.62 | J16: 0.12 | K16: 359.78 | L16: 18.68 | M16: 67 | N16: 4.6 | O16: 0 | P16: 2.78 | Q16: 47.16
A17: 25/07/2024 02:15 | B17: 95.64 | C17: 82.07 | D17: 122.4 | E17: 4.21 | F17: 3.43 | G17: 85.75 | H17: 48.22 | I17: 1.54 | J17: 0.12 | K17: 13.27 | L17: 18.46 | M17: 70 | N17: 4.6 | O17: 0 | P17: 2.64 | Q17: 45.39
A18: 25/07/2024 02:30 | B18: 92.63 | C18: 83.81 | D18: 120.95 | E18: 4.68 | F18: 3.45 | G18: 67.12 | H18: 41.69 | I18: 1.48 | J18: 0.12 | K18: 353.56 | L18: 18.11 | M18: 73 | N18: 4.6 | O18: 0 | P18: 2.54 | Q18: 44.6
A19: 25/07/2024 02:45 | B19: 87.82 | C19: 82.8 | D19: 116.54 | E19: 4.76 | F19: 3.24 | G19: 67.12 | H19: 41.69 | I19: 1.44 | J19: 0.07 | K19: 341.73 | L19: 17.85 | M19: 74 | N19: 4.6 | O19: 0 | P19: 2.42 | Q19: 44.43
A20: 25/07/2024 03:00 | B20: 83.78 | C20: 81.19 | D20: 112.41 | E20: 4.12 | F20: 3.21 | G20: 67.12 | H20: 41.69 | I20: 1.4 | J20: 0.07 | K20: 315.78 | L20: 17.8 | M20: 73 | N20: 4.5 | O20: 0 | P20: 2.3 | Q20: 43.94
... A48: 25/07/2024 10:00 | B48: 39.35 | C48: 77.16 | D48: 74.56 | E48: 3.39 | F48: 3.33 | G48: 291.15 | H48: 31.65 | I48: 0.71 | J48: 0.27 | K48: 151.58 | L48: 26.4 | M48: 48 | N48: 492 | O48: 0 | P48: 1.1 | Q48: 40.27
A49: 25/07/2024 10:15 | B49: 36.37 | C49: 78.25 | D49: 72.76 | E49: 3.02 | F49: 3.46 | G49: Invalid | H49: Invalid | I49: 0.7 | J49: 0.13 | K49: 189.18 | L49: 27.51 | M49: 45 | N49: 512.6 | O49: 0 | P49: 1.09 | Q49: 40.3
A50: 25/07/2024 10:30 | B50: 32.39 | C50: 78.84 | D50: 69.9 | E50: 3.06 | F50: 3.97 | G50: Invalid | H50: Invalid | I50: 0.71 | J50: 0.11 | K50: 163.41 | L50: 27.49 | M50: 46 | N50: 531.8 | O50: 0 | P50: 1.08 | Q50: 40.34
A51: 25/07/2024 10:45 | B51: 30.41 | C51: 79.48 | D51: 68.66 | E51: 2.97 | F51: 3.78 | G51: Invalid | H51: Invalid | I51: 0.7 | J51: 0.43 | K51: 13.44 | L51: 30.57 | M51: 40 | N51: 533.7 | O51: 0 | P51: 1.07 | Q51: 40.37
A52: 25/07/2024 11:00 | B52: 27.54 | C52: 79.66 | D52: 66.46 | E52: 3.8 | F52: 3.97 | G52: Invalid | H52: Invalid | I52: 0.7 | J52: 0.54 | K52: 11.14 | L52: 31.79 | M52: 38 | N52: 543.1 | O52: 0 | P52: 1.1 | Q52: 40.52
A53: 25/07/2024 11:15 | B53: 10.81 | C53: 77.75 | D53: 51.99 | E53: 15.19 | F53: 23.11 | G53: Invalid | H53: Invalid | I53: 0.7 | J53: 0.84 | K53: 8.39 | L53: 32.27 | M53: 37 | N53: 537 | O53: 0 | P53: 1.95 | Q53: 32.34
A54: 25/07/2024 11:30 | B54: 1.99 | C54: 74.39 | D54: 43.06 | E54: 8.85 | F54: 17.97 | G54: Invalid | H54: Invalid | I54: 0.69 | J54: 0.61 | K54: 3.1 | L54: 31.32 | M54: 38 | N54: 545.7 | O54: 0 | P54: 2.41 | Q54: 23.14
A55: 25/07/2024 11:45 | B55: 1.41 | C55: 71.61 | D55: 41.07 | E55: 5.14 | F55: 15.35 | G55: Invalid | H55: Invalid | I55: 0.55 | J55: 0.35 | K55: 7.97 | L55: 32.89 | M55: 35 | N55: 527.9 | O55: 0 | P55: 2.22 | Q55: 22.84
A56: 25/07/2024 12:00 | B56: 1.27 | C56: 66.32 | D56: 38.03 | E56: 2.95 | F56: 16.59 | G56: Maint. | H56: Maint. | I56: 0.5 | J56: 0.86 | K56: 12.61 | L56: 32.62 | M56: 36 | N56: 544.1 | O56: 0 | P56: 1.87 | Q56: 23.03
A57: 25/07/2024 12:15 | B57: 1.26 | C57: 64.55 | D57: 37.05 | E57: 4.04 | F57: 13.43 | G57: Maint. | H57: Maint. | I57: 0.5 | J57: 0.93 | K57: 348.79 | L57: 32.81 | M57: 34 | N57: 557.5 | O57: 0 | P57: 1.61 | Q57: 22.73
A58: 25/07/2024 12:30 | B58: 1.42 | C58: 62.36 | D58: 35.97 | E58: 3.38 | F58: 10.75 | G58: Maint. | H58: Maint. | I58: 0.5 | J58: 0.74 | K58: 353.54 | L58: 33.51 | M58: 33 | N58: 547.2 | O58: 0 | P58: 1.45 | Q58: 23.35
A59: 25/07/2024 12:45 | B59: 2.11 | C59: 58.6 | D59: 34.45 | E59: 3.66 | F59: 10.38 | G59: Invalid | H59: Invalid | I59: 0.5 | J59: 0.43 | K59: 342.51 | L59: 33.18 | M59: 33 | N59: 531.3 | O59: 0 | P59: 1.32 | Q59: 25.59
A60: 25/07/2024 13:00 | B60: 2.4 | C60: 52.55 | D60: 31.35 | E60: 3.4 | F60: 15.68 | G60: 55.23 | H60: 49.03 | I60: 0.51 | J60: 0.38 | K60: 353.53 | L60: 32.77 | M60: 33 | N60: 518.6 | O60: 0 | P60: 1.13 | Q60: 24.8
A61: 25/07/2024 13:15 | B61: 2.61 | C61: 44.73 | D61: 27.2 | E61: 6.13 | F61: 28.48 | G61: 55.23 | H61: 49.03 | I61: 0.52 | J61: 0.22 | K61: 59.52 | L61: 32.16 | M61: 33 | N61: 506.4 | O61: 0 | P61: 0.91 | Q61: 23.95
A62: 25/07/2024 13:30 | B62: 4.97 | C62: 55.02 | D62: 34.76 | E62: 6.59 | F62: 25.74 | G62: 55.23 | H62: 49.03 | I62: 0.52 | J62: 0.51 | K62: 18.06 | L62: 32.06 | M62: 34 | N62: 492.7 | O62: 0 | P62: 0.97 | Q62: 21.94
A63: 25/07/2024 13:45 | B63: 3.54 | C63: 49.54 | D63: 30.59 | E63: 6.5 | F63: 27.77 | G63: 55.11 | H63: 47.67 | I63: 0.5 | J63: 0.35 | K63: 8.06 | L63: 32.18 | M63: 32 | N63: 475.3 | O63: 0 | P63: 0.96 | Q63: 23.87
A64: 25/07/2024 14:00 | B64: 3.11 | C64: 55.45 | D64: 33.51 | E64: 7.67 | F64: 29.09 | G64: 54.34 | H64: 39.6 | I64: 0.5 | J64: 0.45 | K64: 64.69 | L64: 32.45 | M64: 32 | N64: 437.3 | O64: 0 | P64: 0.99 | Q64: 22.09
A65: 25/07/2024 14:15 | B65: 3.86 | C65: 58.66 | D65: 35.88 | E65: 6.88 | F65: 22.07 | G65: 54.34 | H65: 39.6 | I65: 0.51 | J65: 0.29 | K65: 166.52 | L65: 31.48 | M65: 33 | N65: 435.9 | O65: 0 | P65: 0.93 | Q65: 23.07
A66: 25/07/2024 14:30 | B66: 2.54 | C66: 54.77 | D66: 32.68 | E66: 4.87 | F66: 11.86 | G66: 54.34 | H66: 39.6 | I66: 0.52 | J66: 0.11 | K66: 336.22 | L66: 31.04 | M66: 34 | N66: 417.6 | O66: 0 | P66: 0.94 | Q66: 24.85
A67: 25/07/2024 14:45 | B67: 2.17 | C67: 54.36 | D67: 32.15 | E67: 4.53 | F67: 12.42 | G67: 54.89 | H67: 39.28 | I67: 0.54 | J67: 0.11 | K67: 159.43 | L67: 31.97 | M67: 32 | N67: 340.4 | O67: 0 | P67: 0.92 | Q67: 25.49
A68: 25/07/2024 15:00 | B68: 1.53 | C68: 59.06 | D68: 34.23 | E68: 3.7 | F68: 10.76 | G68: 58.14 | H68: 37.34 | I68: 0.55 | J68: 0.09 | K68: 327.14 | L68: 30.89 | M68: 34 | N68: 249.1 | O68: 0 | P68: 0.9 | Q68: 26.24
A69: 25/07/2024 15:15 | B69: 1.42 | C69: 58.58 | D69: 33.88 | E69: 3.5 | F69: 7.68 | G69: 58.14 | H69: 37.34 | I69: 0.54 | J69: 0.08 | K69: 16 | L69: 31.09 | M69: 34 | N69: 197.3 | O69: 0 | P69: 0.9 | Q69: 27.36
A70: 25/07/2024 15:30 | B70: 1.54 | C70: 57.58 | D70: 33.43 | E70: 3.27 | F70: 6.41 | G70: 58.14 | H70: 37.34 | I70: 0.53 | J70: 0.05 | K70: 308.93 | L70: 29.97 | M70: 35 | N70: 168.8 | O70: 0 | P70: 0.9 | Q70: 28.72
A71: 25/07/2024 15:45 | B71: 1.97 | C71: 57.61 | D71: 33.79 | E71: 3.04 | F71: 6.19 | G71: 58.36 | H71: 37.26 | I71: 0.53 | J71: 0.14 | K71: 226.31 | L71: 29.41 | M71: 37 | N71: 144.5 | O71: 0 | P71: 0.89 | Q71: 29.22
... A104: 25/07/2024 24:00 | B104: 64.84 | C104: 100.59 | D104: 107.92 | E104: 2.15 | F104: 3.68 | G104: 112.38 | H104: 61.57 | I104: 1.47 | J104: 0.13 | K104: 343.01 | L104: 21.65 | M104: 64 | N104: 4.6 | O104: 0 | P104: 3.28 | Q104: 46.07
A106: Min | B106: =MIN(B9:B104) -> 1.19 | C106: =MIN(C9:C104) -> 44.73 | D106: =MIN(D9:D104) -> 26.98 | E106: =MIN(E9:E104) -> 1.89 | F106: =MIN(F9:F104) -> 3.1 | G106: =MIN(G9:G104) -> 54.34 | H106: =MIN(H9:H104) -> 27.51 | I106: =MIN(I9:I104) -> 0.5 | ... Q106: =MIN(Q9:Q104) -> 21.94
A107: Max | B107: =MAX(B9:B104) -> 148.66 | C107: =MAX(C9:C104) -> 103.79 | D107: =MAX(D9:D104) -> 174.98 | E107: =MAX(E9:E104) -> 15.19 | F107: =MAX(F9:F104) -> 33.7 | G107: =MAX(G9:G104) -> 291.15 | H107: =MAX(H9:H104) -> 65.34 | I107: =MAX(I9:I104) -> 1.89 | ... Q107: =MAX(Q9:Q104) -> 52.09
A108: Avg | B108: =AVERAGE(B9:B104) -> 49.069688 | C108: =AVERAGE(C9:C104) -> 78.1175 | D108: =AVERAGE(D9:D104) -> 82.876146 | E108: =AVERAGE(E9:E104) -> 4.3880208 | F108: =AVERAGE(F9:F104) -> 7.4672917 | G108: =AVERAGE(G9:G104) -> 106.02553 | H108: =AVERAGE(H9:H104) -> 43.391412 | I108: =AVERAGE(I9:I104) -> 0.95302083 | ... Q108: =AVERAGE(Q9:Q104) -> 38.888542
A109: Stdev | B109: =STDEV(B9:B104) -> 38.725974 | C109: =STDEV(C9:C104) -> 15.86311 | D109: =STDEV(D9:D104) -> 37.796015 | E109: =STDEV(E9:E104) -> 1.7541293 | F109: =STDEV(F9:F104) -> 7.7648728 | G109: =STDEV(G9:G104) -> 59.039324 | H109: =STDEV(H9:H104) -> 11.083708 | I109: =STDEV(I9:I104) -> 0.41784691 | ... Q109: =STDEV(Q9:Q104) -> 8.7313462
A110: Num | B110: =COUNT(B9:B104) -> 96 | C110: =COUNT(C9:C104) -> 96 | D110: =COUNT(D9:D104) -> 96 | E110: =COUNT(E9:E104) -> 96 | F110: =COUNT(F9:F104) -> 96 | G110: =COUNT(G9:G104)+11 -> 96 | H110: =COUNT(H9:H104)+11 -> 96 | I110: =COUNT(I9:I104) -> 96 | J110: =COUNT(J9:J104) -> 96 | K110: =COUNT(K9:K104) -> 96 | L110: =COUNT(L9:L104) -> 96 | M110: =COUNT(M9:M104) -> 96 | N110: =COUNT(N9:N104) -> 96 | O110: =COUNT(O9:O104) -> 96 | P110: =COUNT(P9:P104) -> 96 | Q110: =COUNT(Q9:Q104) -> 96
A111: DCR | B111: =IF(B110>=87,">90%",IF(B110<=87,"<90%")) -> >90% | C111: =IF(C110>=87,">90%",IF(C110<=87,"<90%")) -> >90% | D111: =IF(D110>=87,">90%",IF(D110<=87,"<90%")) -> >90% | E111: =IF(E110>=87,">90%",IF(E110<=87,"<90%")) -> >90% | F111: =IF(F110>=87,">90%",IF(F110<=87,"<90%")) -> >90% | G111: =IF(G110>=87,">90%",IF(G110<=87,"<90%")) -> >90% | H111: =IF(H110>=87,">90%",IF(H110<=87,"<90%")) -> >90% | I111: =IF(I110>=87,">90%",IF(I110<=87,"<90%")) -> >90% | ... Q111: =IF(Q110>=87,">90%",IF(Q110<=87,"<90%")) -> >90%
A112: Status | B112: =IF(B110>=87,"OK",IF(B110<=87,"LESS")) -> OK | C112: =IF(C110>=87,"OK",IF(C110<=87,"LESS")) -> OK | D112: =IF(D110>=87,"OK",IF(D110<=87,"LESS")) -> OK | E112: =IF(E110>=87,"OK",IF(E110<=87,"LESS")) -> OK | F112: =IF(F110>=87,"OK",IF(F110<=87,"LESS")) -> OK | G112: =IF(G110>=87,"OK",IF(G110<=87,"LESS")) -> OK | H112: =IF(H110>=87,"OK",IF(H110<=87,"LESS")) -> OK | I112: =IF(I110>=87,"OK",IF(I110<=87,"LESS")) -> OK | ... Q112: =IF(Q110>=87,"OK",IF(Q110<=87,"LESS")) -> OK
A115: Done by | B115: RK
A117: Comment

Sheet 26
A1: Station: | B1: BHATAGAON RAIPUR
A2: Date: | B2: =$A$9 -> 26/07/2024 00:15 | D2: Power Off | G2: Pw.Off | L2: Link Fail | N2: Link F | P2: Maintenance | R2: Maint.
A3: Report Type: | B3: Mean | D3: Calibration | G3: Calib. | L3: Data Fail | N3: Data F | P3: Invalid | R3: Invalid
A4: Time Base: | B4: 15 Min | D4: Zero Referrence | G4: Z.Ref | L4: Warm Up | N4: Wm. Up
A7: Date & Time | B7: NO_BHATAGAON | C7: NO2__BHATAGAON | D7: NOX_BHATAGAON | E7: SO2__BHATAGAON | F7: O3__BHATAGAON | G7: PM10__BHATAGAON | H7: PM2_5__BHATAGAON | I7: BENZ__BHATAGAON | J7: WS__BHATAGAON | K7: WD__BHATAGAON | L7: TEMP__BHATAGAON | M7: HUM__BHATAGAON | N7: SR__BHATAGAON | O7: RG__BHATAGAON | P7: CO__BHATAGAON | Q7: NH3__BHATAGAON
B8: ug/m3 | C8: ug/m3 | D8: ppb | E8: ug/m3 | F8: ug/m3 | G8: ug/m3 | H8: ug/m3 | I8: ug/m3 | J8: m/sec | K8: deg | L8: degreC | M8: % | N8: w/m2 | O8: mm | P8: mg/m3 | Q8: ug/m3
A9: 26/07/2024 00:15 | B9: 110.97 | C9: 96.7 | D9: 142.78 | E9: 4.86 | F9: 0.17 | G9: 157.56 | H9: 58.3 | I9: 1.53 | J9: Data F | K9: 79.19 | L9: 21.81 | M9: 59 | N9: 3.9 | O9: 0 | P9: 2.88 | Q9: 51.95
A10: 26/07/2024 00:30 | B10: 106.51 | C10: 94.7 | D10: 138.09 | E10: 4.77 | F10: 0.35 | G10: 105.44 | H10: 57.38 | I10: 1.5 | J10: 0.06 | K10: 313.47 | L10: 21.4 | M10: 61 | N10: 4.3 | O10: 0 | P10: 2.8 | Q10: 51.22
A11: 26/07/2024 00:45 | B11: 101.46 | C11: 94.25 | D11: 133.79 | E11: 4.62 | F11: 0.23 | G11: 105.44 | H11: 57.38 | I11: 1.47 | J11: 0.14 | K11: 354.18 | L11: 20.91 | M11: 64 | N11: 4.9 | O11: 0 | P11: 2.69 | Q11: 51.18
A12: 26/07/2024 01:00 | B12: 95.73 | C12: 93.19 | D12: 128.62 | E12: 4.56 | F12: 0.03 | G12: 105.44 | H12: 57.38 | I12: 1.44 | J12: 0.06 | K12: 314.08 | L12: 19.89 | M12: 69 | N12: 5.1 | O12: 0 | P12: 2.6 | Q12: 51
A13: 26/07/2024 01:15 | B13: 93.58 | C13: 92.09 | D13: 126.29 | E13: 5.02 | F13: 0.02 | G13: 92.47 | H13: 53.8 | I13: 1.41 | J13: 0.07 | K13: 350.95 | L13: 19.3 | M13: 72 | N13: 5 | O13: 0 | P13: 2.34 | Q13: 50.29
A14: 26/07/2024 01:30 | B14: 88.28 | C14: 90.6 | D14: 121.21 | E14: 4.94 | F14: 0.26 | G14: 62.18 | H14: 45.44 | I14: 1.27 | J14: 0.07 | K14: 291.29 | L14: 19.02 | M14: 74 | N14: 4.6 | O14: 0 | P14: 2.39 | Q14: 50.08
A15: 26/07/2024 01:45 | B15: 85.95 | C15: 88.11 | D15: 117.97 | E15: 4.7 | F15: 0.02 | G15: 62.18 | H15: 45.44 | I15: 1.35 | J15: 0.01 | K15: 338.36 | L15: 18.77 | M15: 75 | N15: 4.5 | O15: 0 | P15: 2.31 | Q15: 50.04
A16: 26/07/2024 02:00 | B16: 82.36 | C16: 83.3 | D16: 112.43 | E16: 4.76 | F16: Data F | G16: 62.18 | H16: 45.44 | I16: 1.22 | J16: 0.11 | K16: 288.03 | L16: 19 | M16: 73 | N16: 4.3 | O16: 0 | P16: 2.21 | Q16: 51.15
A17: 26/07/2024 02:15 | B17: 76.89 | C17: 85.31 | D17: 109.16 | E17: 4.12 | F17: 0.05 | G17: 61.52 | H17: 44.34 | I17: 1.2 | J17: 0.19 | K17: 335.27 | L17: 18.9 | M17: 75 | N17: 4.6 | O17: 0 | P17: 2.09 | Q17: 50.5
A18: 26/07/2024 02:30 | B18: 72.05 | C18: 85.87 | D18: 105.58 | E18: 4.2 | F18: 0.38 | G18: 59.98 | H18: 41.76 | I18: 1.17 | J18: 0.16 | K18: 353.87 | L18: 18.49 | M18: 77 | N18: 4.6 | O18: 0 | P18: 2 | Q18: 49.61
A19: 26/07/2024 02:45 | B19: 67.55 | C19: 84.39 | D19: 101.16 | E19: 4.65 | F19: 0.12 | G19: 59.98 | H19: 41.76 | I19: 1.12 | J19: 0.11 | K19: 313.91 | L19: 18.21 | M19: 79 | N19: 4.6 | O19: 0 | P19: 1.9 | Q19: 48.87
A20: 26/07/2024 03:00 | B20: 63.81 | C20: 82.92 | D20: 97.35 | E20: 4.24 | F20: 0.08 | G20: 59.98 | H20: 41.76 | I20: 1.08 | J20: 0.11 | K20: 339.43 | L20: 17.91 | M20: 81 | N20: 4.6 | O20: 0 | P20: 1.82 | Q20: 48.27
A21: 26/07/2024 03:15 | B21: 60.41 | C21: 81.57 | D21: 93.87 | E21: 4.09 | F21: Data F | G21: 65.56 | H21: 40.88 | I21: 1.04 | J21: 0.04 | K21: 267.88 | L21: 17.98 | M21: 82 | N21: 4.2 | O21: 0 | P21: 1.73 | Q21: 47.23
A22: 26/07/2024 03:30 | B22: 56.47 | C22: 79.45 | D22: 89.54 | E22: 3.96 | F22: Data F | G22: 78.58 | H22: 38.83 | I22: 1 | J22: 0.08 | K22: 279.41 | L22: 18.06 | M22: 81 | N22: 4.4 | O22: 0 | P22: 1.67 | Q22: 46.53
A23: 26/07/2024 03:45 | B23: 53.65 | C23: 77.06 | D23: 85.96 | E23: 3.68 | F23: Data F | G23: 78.58 | H23: 38.83 | I23: 0.97 | J23: 0.08 | K23: 289.19 | L23: 17.96 | M23: 81 | N23: 4.4 | O23: 0 | P23: 1.62 | Q23: 44.69
A24: 26/07/2024 04:00 | B24: 51.74 | C24: 77.29 | D24: 84.56 | E24: 2.55 | F24: Data F | G24: 78.58 | H24: 38.83 | I24: 0.95 | J24: 0.19 | K24: 71.91 | L24: 17.93 | M24: 82 | N24: 4 | O24: 0 | P24: 1.57 | Q24: 44.34
A25: 26/07/2024 04:15 | B25: 50.71 | C25: 76.97 | D25: 83.56 | E25: 4.15 | F25: Data F | G25: 76.08 | H25: 39.03 | I25: 0.94 | J25: 0.1 | K25: 61.26 | L25: 17.96 | M25: 82 | N25: 4.4 | O25: 0 | P25: 1.55 | Q25: 44.09
A26: 26/07/2024 04:30 | B26: 50.34 | C26: 76.49 | D26: 83 | E26: 3.8 | F26: Data F | G26: 70.25 | H26: 39.51 | I26: 0.94 | J26: 0.1 | K26: 87.69 | L26: 18 | M26: 80 | N26: 4.3 | O26: 0 | P26: 1.53 | Q26: 43.91
A27: 26/07/2024 04:45 | B27: 49.47 | C27: 75.45 | D27: 81.73 | E27: 3.97 | F27: Data F | G27: 70.25 | H27: 39.51 | I27: 0.94 | J27: 0.07 | K27: 50.9 | L27: 17.58 | M27: 82 | N27: 4.6 | O27: 0 | P27: 1.5 | Q27: 44.45
A28: 26/07/2024 05:00 | B28: 48.39 | C28: 74.86 | D28: 80.54 | E28: 4.01 | F28: Data F | G28: 70.25 | H28: 39.51 | I28: 0.94 | J28: 0.04 | K28: 97.94 | L28: 17.69 | M28: 80 | N28: 4.5 | O28: 0 | P28: 1.48 | Q28: 44.3
A29: 26/07/2024 05:15 | B29: 46.84 | C29: 73.95 | D29: 78.79 | E29: 4.24 | F29: Data F | G29: 68.7 | H29: 38.98 | I29: 0.92 | J29: 0.05 | K29: 126.86 | L29: 17.54 | M29: 82 | N29: 4.6 | O29: 0 | P29: 1.45 | Q29: 44.43
A30: 26/07/2024 05:30 | B30: 45.24 | C30: 74.2 | D30: 77.65 | E30: 4.39 | F30: Data F | G30: 65.09 | H30: 37.74 | I30: 0.92 | J30: 0.15 | K30: 99.97 | L30: 17.58 | M30: 82 | N30: 4 | O30: 0 | P30: 1.42 | Q30: 45.23
A31: 26/07/2024 05:45 | B31: 44.07 | C31: 73.7 | D31: 76.43 | E31: 4.06 | F31: Data F | G31: 65.09 | H31: 37.74 | I31: 0.9 | J31: 0.04 | K31: 143.03 | L31: 17.91 | M31: 79 | N31: 4.5 | O31: 0 | P31: 1.42 | Q31: 45.48
A32: 26/07/2024 06:00 | B32: 43.72 | C32: 73.69 | D32: 76.14 | E32: 4.15 | F32: Data F | G32: 65.09 | H32: 37.74 | I32: 0.9 | J32: 0.1 | K32: 288.72 | L32: 17.55 | M32: 82 | N32: 4.5 | O32: 0 | P32: 1.45 | Q32: 45.15
... A37: 26/07/2024 07:15 | B37: 71.63 | C37: 81.05 | D37: 102.59 | E37: 4.22 | F37: Data F | G37: 114.06 | H37: 43.55 | I37: 0.85 | J37: 0.19 | K37: 14.72 | L37: 17.46 | M37: 86 | N37: 32.4 | O37: 0 | P37: 1.61 | Q37: 44.39
A38: 26/07/2024 07:30 | B38: 82.27 | C38: 85.71 | D38: 113.69 | E38: 4.66 | F38: 0.07 | G38: 159.18 | H38: 53.59 | I38: 0.84 | J38: 0.1 | K38: 13.65 | L38: 18.02 | M38: 83 | N38: 49.2 | O38: 0 | P38: 1.75 | Q38: 44.53
A39: 26/07/2024 07:45 | B39: 91.04 | C39: 89.7 | D39: 122.92 | E39: 4.47 | F39: 0.05 | G39: 159.18 | H39: 53.59 | I39: 0.85 | J39: 0.1 | K39: 311.47 | L39: 19.04 | M39: 79 | N39: 77.6 | O39: 0 | P39: 1.85 | Q39: 45.2
A40: 26/07/2024 08:00 | B40: 98.58 | C40: 93.3 | D40: 130.96 | E40: 2.22 | F40: 0.05 | G40: 159.18 | H40: 53.59 | I40: 0.88 | J40: 0.09 | K40: 101.48 | L40: 20.79 | M40: 69 | N40: 135.5 | O40: 0 | P40: 1.92 | Q40: 45.69
A41: 26/07/2024 08:15 | B41: 101.14 | C41: 94.7 | D41: 133.79 | E41: 3.82 | F41: 0.02 | G41: 174.5 | H41: 60.07 | I41: 0.89 | J41: 0.5 | K41: 123.05 | L41: 21.96 | M41: 62 | N41: 178.5 | O41: 0 | P41: 2 | Q41: 46.3
A42: 26/07/2024 08:30 | B42: 101.07 | C42: 93.89 | D42: 133.28 | E42: 4.43 | F42: 0.03 | G42: 210.24 | H42: 75.21 | I42: 0.92 | J42: 0.73 | K42: 113.68 | L42: 22.35 | M42: 61 | N42: 231.2 | O42: 0 | P42: 2.03 | Q42: 46.56
A43: 26/07/2024 08:45 | B43: 98.23 | C43: 90.54 | D43: 129.15 | E43: 4.14 | F43: 0.05 | G43: 210.24 | H43: 75.21 | I43: 0.93 | J43: 0.7 | K43: 107.84 | L43: 23.04 | M43: 58 | N43: 276 | O43: 0 | P43: 2.07 | Q43: 47.07
A44: 26/07/2024 09:00 | B44: 94.46 | C44: 90 | D44: 125.84 | E44: 4.84 | F44: 0.11 | G44: 210.24 | H44: 75.21 | I44: 0.94 | J44: 0.71 | K44: 118.61 | L44: 23.95 | M44: 55 | N44: 323.4 | O44: 0 | P44: 2.08 | Q44: 48.17
A45: 26/07/2024 09:15 | B45: 88.78 | C45: 90.64 | D45: 121.63 | E45: 4.15 | F45: 0.02 | G45: 184.1 | H45: 73.76 | I45: 0.94 | J45: 0.98 | K45: 114.69 | L45: 24.33 | M45: 52 | N45: 365.2 | O45: 0 | P45: 2.07 | Q45: 48.68
A46: 26/07/2024 09:30 | B46: 82.08 | C46: 90.94 | D46: 116.42 | E46: 4.61 | F46: Data F | G46: 123.09 | H46: 70.39 | I46: 0.93 | J46: 0.85 | K46: 107.33 | L46: 24.76 | M46: 50 | N46: 406 | O46: 0 | P46: 2.01 | Q46: 48.25
A47: 26/07/2024 09:45 | B47: 72.08 | C47: 91.86 | D47: 108.92 | E47: 5.16 | F47: 0.01 | G47: 123.09 | H47: 70.39 | I47: 0.91 | J47: 0.65 | K47: 173.58 | L47: 26.2 | M47: 45 | N47: 435.3 | O47: 0 | P47: 1.94 | Q47: 47.6
A48: 26/07/2024 10:00 | B48: 65.9 | C48: 92.02 | D48: 104.05 | E48: 4.17 | F48: Data F | G48: 123.09 | H48: 70.39 | I48: 0.89 | J48: 0.64 | K48: 182.8 | L48: 26.95 | M48: 44 | N48: 467.7 | O48: 0 | P48: 1.87 | Q48: 47.1
A49: 26/07/2024 10:15 | B49: 56.97 | C49: 91.58 | D49: 96.64 | E49: 3.44 | F49: 0.01 | G49: 105.56 | H49: 67.28 | I49: 0.86 | J49: 1.1 | K49: 170.44 | L49: 26.98 | M49: 44 | N49: 499.8 | O49: 0 | P49: 1.76 | Q49: 46.29
A50: 26/07/2024 10:30 | B50: 49.67 | C50: 92.32 | D50: 91.2 | E50: 3.45 | F50: Data F | G50: 64.68 | H50: 60.01 | I50: 0.84 | J50: 1.16 | K50: 180.26 | L50: 26.98 | M50: 43 | N50: 522.3 | O50: 0 | P50: 1.67 | Q50: 45.51
A51: 26/07/2024 10:45 | B51: 42.71 | C51: 88.12 | D51: 83.3 | E51: 4.09 | F51: 0.3 | G51: 64.68 | H51: 60.01 | I51: 0.81 | J51: 0.71 | K51: 191.15 | L51: 27.8 | M51: 41 | N51: 528.3 | O51: 0 | P51: 1.58 | Q51: 44.64
A52: 26/07/2024 11:00 | B52: 37.83 | C52: 86.98 | D52: 78.75 | E52: 3.64 | F52: 0.71 | G52: 64.68 | H52: 60.01 | I52: 0.78 | J52: 0.36 | K52: 176.46 | L52: 28.57 | M52: 40 | N52: 540.5 | O52: 0 | P52: 1.52 | Q52: 42.99
A53: 26/07/2024 11:15 | B53: 33.76 | C53: 85.06 | D53: 74.43 | E53: 3.88 | F53: 2.07 | G53: 62.05 | H53: 57.95 | I53: 0.76 | J53: 0.74 | K53: 154.32 | L53: 29 | M53: 39 | N53: 562.7 | O53: 0 | P53: 1.48 | Q53: 41.81
A54: 26/07/2024 11:30 | B54: 32.83 | C54: 86.24 | D54: 74.34 | E54: 3.76 | F54: 1.13 | G54: Invalid | H54: 53.14 | I54: 0.75 | J54: 0.6 | K54: 163.45 | L54: 29.24 | M54: 38 | N54: 568.9 | O54: 0 | P54: 1.45 | Q54: 41.15
A55: 26/07/2024 11:45 | B55: 29.64 | C55: 84.33 | D55: 70.73 | E55: 3.29 | F55: 1.01 | G55: Invalid | H55: 53.14 | I55: 0.75 | J55: 0.92 | K55: 161.89 | L55: 29.29 | M55: 36 | N55: 588.4 | O55: 0 | P55: 1.39 | Q55: 41.39
A56: 26/07/2024 12:00 | B56: 26.12 | C56: 82.29 | D56: 66.78 | E56: 2.25 | F56: 1.13 | G56: Invalid | H56: 53.14 | I56: 0.75 | J56: 0.79 | K56: 174.04 | L56: 29.43 | M56: 36 | N56: 593.3 | O56: 0 | P56: 1.32 | Q56: 41.32
A57: 26/07/2024 12:15 | B57: 22.83 | C57: 78.94 | D57: 62.29 | E57: 3.02 | F57: 2.75 | G57: Invalid | H57: 47.79 | I57: 0.74 | J57: 0.91 | K57: 148.84 | L57: 29.46 | M57: 33 | N57: 597.6 | O57: 0 | P57: 1.26 | Q57: 41.76
A58: 26/07/2024 12:30 | B58: 20.55 | C58: 77.14 | D58: 59.47 | E58: 3.44 | F58: 2.11 | G58: 37.51 | H58: 35.32 | I58: 0.73 | J58: 0.72 | K58: 134.62 | L58: 29.29 | M58: 33 | N58: 578.9 | O58: 0 | P58: 1.21 | Q58: 41
A59: 26/07/2024 12:45 | B59: 18.45 | C59: 78.78 | D59: 58.69 | E59: 3.53 | F59: 1.21 | G59: 37.51 | H59: 35.32 | I59: 0.72 | J59: 0.18 | K59: 359.92 | L59: 30.65 | M59: 31 | N59: 565.4 | O59: 0 | P59: 1.15 | Q59: 42.66
A60: 26/07/2024 13:00 | B60: 15.09 | C60: 78.59 | D60: 55.88 | E60: 3.13 | F60: 0.77 | G60: 37.51 | H60: 35.32 | I60: 0.72 | J60: 0.14 | K60: 78.35 | L60: 31.46 | M60: 30 | N60: 541.7 | O60: 0 | P60: 1.1 | Q60: 43.29
A61: 26/07/2024 13:15 | B61: 13.03 | C61: 80.06 | D61: 55.05 | E61: 3.2 | F61: 0.49 | G61: 38.17 | H61: 32.61 | I61: 0.71 | J61: 0.1 | K61: 93.82 | L61: 32.23 | M61: 29 | N61: 529.8 | O61: 0 | P61: 1.05 | Q61: 42.72
A62: 26/07/2024 13:30 | B62: 10.22 | C62: 77.42 | D62: 51.34 | E62: 3.57 | F62: 1.09 | G62: 39.7 | H62: 26.3 | I62: 0.69 | J62: 0.64 | K62: 147.51 | L62: 30.78 | M62: 30 | N62: 525.3 | O62: 0 | P62: 1.07 | Q62: 42.01
A63: 26/07/2024 13:45 | B63: 7.7 | C63: 77.05 | D63: 49.11 | E63: 3.38 | F63: 1.3 | G63: 39.7 | H63: 26.3 | I63: 0.68 | J63: 1.27 | K63: 174.62 | L63: 29.97 | M63: 28 | N63: 511.6 | O63: 0 | P63: 1.01 | Q63: 41.48
A64: 26/07/2024 14:00 | B64: 6.3 | C64: 77.21 | D64: 48.08 | E64: 3.04 | F64: 0.9 | G64: 39.7 | H64: 26.3 | I64: 0.67 | J64: 0.63 | K64: 156.37 | L64: 30.29 | M64: 28 | N64: 475.6 | O64: 0 | P64: 0.96 | Q64: 40.66
A65: 26/07/2024 14:15 | B65: 4.41 | C65: 65.41 | D65: 40.05 | E65: 3.46 | F65: 7.71 | G65: 37.67 | H65: 25.45 | I65: 0.65 | J65: 0.38 | K65: 83.78 | L65: 30.97 | M65: 27 | N65: 450.2 | O65: 0 | P65: 0.87 | Q65: 39.96
A66: 26/07/2024 14:30 | B66: 6.15 | C66: 69.27 | D66: 43.57 | E66: 2.92 | F66: 4.76 | G66: 32.92 | H66: 23.49 | I66: 0.64 | J66: 0.28 | K66: 73.89 | L66: 30.86 | M66: 27 | N66: 433 | O66: 0 | P66: 0.87 | Q66: 39.23
A67: 26/07/2024 14:45 | B67: 5.27 | C67: 65.06 | D67: 40.55 | E67: 3.07 | F67: 7.22 | G67: 32.92 | H67: 23.49 | I67: 0.61 | J67: 0.49 | K67: 15.2 | L67: 31.75 | M67: 27 | N67: 410.3 | O67: 0 | P67: 0.83 | Q67: 37.61
A68: 26/07/2024 15:00 | B68: 4.73 | C68: 60.87 | D68: 37.8 | E68: 3.35 | F68: 10.05 | G68: 32.92 | H68: 23.49 | I68: 0.62 | J68: 0.11 | K68: 23.3 | L68: 32.48 | M68: 25 | N68: 254.9 | O68: 0 | P68: 0.79 | Q68: 37.58
A69: 26/07/2024 15:15 | B69: 4.66 | C69: 64.23 | D69: 39.6 | E69: 3.07 | F69: 8.03 | G69: 34.32 | H69: 21.87 | I69: 0.61 | J69: 0.47 | K69: 108.7 | L69: 30.78 | M69: 26 | N69: 299.3 | O69: 0 | P69: 0.79 | Q69: 37.82
... A88: 26/07/2024 20:00 | B88: 41.53 | C88: 83.6 | D88: 79.86 | E88: 2.44 | F88: 0.07 | G88: 147.67 | H88: 35.73 | I88: 0.86 | J88: 0.03 | K88: 303.57 | L88: 21.7 | M88: 59 | N88: 4.6 | O88: 0 | P88: 1.49 | Q88: 46.82
A89: 26/07/2024 20:15 | B89: 49.93 | C89: 86.58 | D89: 88.24 | E89: 4.01 | F89: Data F | G89: 149.75 | H89: 37.16 | I89: 0.85 | J89: 0.01 | K89: 94.71 | L89: 21.57 | M89: 58 | N89: 4.3 | O89: 0 | P89: 1.65 | Q89: 47.38
A90: 26/07/2024 20:30 | B90: 56.78 | C90: 88.99 | D90: 95.06 | E90: 4.11 | F90: Data F | G90: 154.59 | H90: 40.49 | I90: 0.89 | J90: 0.07 | K90: 354.42 | L90: 21.6 | M90: 60 | N90: 4.2 | O90: 0 | P90: 1.8 | Q90: 47.55
A91: 26/07/2024 20:45 | B91: 64.26 | C91: 91.2 | D91: 102.27 | E91: 4.36 | F91: Data F | G91: 154.59 | H91: 40.49 | I91: 0.95 | J91: 0.07 | K91: 325.86 | L91: 21.3 | M91: 63 | N91: 4.6 | O91: 0 | P91: 2.03 | Q91: 48.09
A92: 26/07/2024 21:00 | B92: 72.99 | C92: 94.03 | D92: 110.84 | E92: 4.59 | F92: Data F | G92: 154.59 | H92: 40.49 | I92: 1.01 | J92: 0.08 | K92: 353.86 | L92: 21.12 | M92: 62 | N92: 4.4 | O92: 0 | P92: 2.27 | Q92: 48.56
A93: 26/07/2024 21:15 | B93: 79.18 | C93: 96.32 | D93: 117.06 | E93: 4.82 | F93: Data F | G93: 155.45 | H93: 42.58 | I93: 1.09 | J93: 0.09 | K93: 8.77 | L93: 21.5 | M93: 56 | N93: 4.2 | O93: 0 | P93: 2.4 | Q93: 48.75
A94: 26/07/2024 21:30 | B94: 87.04 | C94: 102.01 | D94: 126.51 | E94: 5.05 | F94: Data F | G94: 157.45 | H94: 47.45 | I94: 1.29 | J94: 0.06 | K94: 84.15 | L94: 21.52 | M94: 57 | N94: 4.1 | O94: 0 | P94: 2.66 | Q94: 47.85
A95: 26/07/2024 21:45 | B95: 91.8 | C95: 101.11 | D95: 129.83 | E95: 4.73 | F95: Data F | G95: 157.45 | H95: 47.45 | I95: 1.33 | J95: 0.11 | K95: 359.08 | L95: 21.6 | M95: 54 | N95: 4.2 | O95: 0 | P95: 2.68 | Q95: 47.18
A96: 26/07/2024 22:00 | B96: 84.38 | C96: 103.03 | D96: 124.94 | E96: 4.19 | F96: Data F | G96: 157.45 | H96: 47.45 | I96: 1.39 | J96: 0.07 | K96: 35.71 | L96: 21.64 | M96: 51 | N96: 4.1 | O96: 0 | P96: 2.63 | Q96: 47.17
A97: 26/07/2024 22:15 | B97: 88.77 | C97: 96.41 | D97: 124.81 | E97: 4.77 | F97: Data F | G97: 145.76 | H97: 48.07 | I97: 1.4 | J97: 0.24 | K97: 5.09 | L97: 21.73 | M97: 57 | N97: 4.3 | O97: 0 | P97: 2.68 | Q97: 47.31
A98: 26/07/2024 22:30 | B98: 88.77 | C98: 97.82 | D98: 125.59 | E98: 4.87 | F98: 0.07 | G98: 118.48 | H98: 49.52 | I98: 1.4 | J98: 0.13 | K98: 319.96 | L98: 20.7 | M98: 59 | N98: 4.7 | O98: 0 | P98: 2.68 | Q98: 47.55
A99: 26/07/2024 22:45 | B99: 88.25 | C99: 96.15 | D99: 124.25 | E99: 4.78 | F99: 0.12 | G99: 118.48 | H99: 49.52 | I99: 1.41 | J99: 0.11 | K99: 107.02 | L99: 20.75 | M99: 56 | N99: 4.4 | O99: 0 | P99: 2.69 | Q99: 48.16
A100: 26/07/2024 23:00 | B100: 88.24 | C100: 95.24 | D100: 123.74 | E100: 4.82 | F100: 0.01 | G100: 118.48 | H100: 49.52 | I100: 1.43 | J100: 0.01 | K100: 251.08 | L100: 20.7 | M100: 54 | N100: 4.6 | O100: 0 | P100: 2.69 | Q100: 48.21
A101: 26/07/2024 23:15 | B101: 92.25 | C101: 94.9 | D101: 126.77 | E101: 4.88 | F101: 0.06 | G101: 117.28 | H101: 49.02 | I101: 1.43 | J101: 0.13 | K101: 333.96 | L101: 20.34 | M101: 61 | N101: 4.6 | O101: 0 | P101: 2.7 | Q101: 48.4
A102: 26/07/2024 23:30 | B102: 94.53 | C102: 94.54 | D102: 128.4 | E102: 4.92 | F102: 0.08 | G102: 114.47 | H102: 47.88 | I102: 1.43 | J102: 0.1 | K102: 339 | L102: 19.77 | M102: 63 | N102: 4.6 | O102: 0 | P102: 2.73 | Q102: 50.02
A103: 26/07/2024 23:45 | B103: 99.65 | C103: 94.93 | D103: 132.72 | E103: 4.59 | F103: Data F | G103: 114.47 | H103: 47.88 | I103: 1.44 | J103: 0.08 | K103: 290.82 | L103: 19.58 | M103: 63 | N103: 4.5 | O103: 0 | P103: 2.76 | Q103: 50.79
