Workbook

Sheet 01
A1: Station: | B1: BHATAGAON RAIPPUR
A2: Date: | B2: =$A$9 -> 01-04-2024 00:15 | D2: Power Off | G2: Pw.Off | L2: Link Fail | N2: Link F | P2: Maintenance | R2: Maint.
A3: Report Type: | B3: Mean | D3: Calibration | G3: Calib. | L3: Data Fail | N3: Data F | P3: Invalid | R3: Invalid
A4: Time Base: | B4: 15 Min | D4: Zero Referrence | G4: Z.Ref | L4: Warm Up | N4: Wm. Up
A7: Date & Time | B7: NO_BHATAGAON | C7: NO2__BHATAGAON | D7: NOX_BHATAGAON | E7: SO2__BHATAGAON | F7: O3__BHATAGAON | G7: PM10__BHATAGAON | H7: PM2_5__BHATAGAON | I7: BENZ__BHATAGAON | J7: WS__BHATAGAON | K7: WD__BHATAGAON | L7: TEMP__BHATAGAON | M7: HUM__BHATAGAON | N7: SR__BHATAGAON | O7: RG__BHATAGAON | P7: CO__BHATAGAON | Q7: NH3__BHATAGAON
B8: ug/m3 | C8: ug/m3 | D8: ppb | E8: ug/m3 | F8: ug/m3 | G8: ug/m3 | H8: ug/m3 | I8: ug/m3 | J8: m/sec | K8: deg | L8: degreC | M8: % | N8: w/m2 | O8: mm | P8: mg/m3 | Q8: ug/m3
A9: 01-04-2024 00:15 | B9: 5.93 | C9: 45.57 | D9: 28.49 | E9: 0.71 | F9: 3.98 | G9: 36.85 | H9: 20.48 | I9: 4.42 | J9: 0.02 | K9: 123.29 | L9: 25.37 | M9: 52.16 | N9: 26.4 | O9: 0 | P9: 0.51 | Q9: 9.63
A10: 01-04-2024 00:30 | B10: 6.1 | C10: 44.77 | D10: 28.2 | E10: 1.12 | F10: 3.82 | G10: 36.85 | H10: 20.48 | I10: 5.66 | J10: 0.09 | K10: 261.3 | L10: 24.97 | M10: 55.85 | N10: 26.4 | O10: 0 | P10: 0.51 | Q10: 9.56
A11: 01-04-2024 00:45 | B11: 6.64 | C11: 44.04 | D11: 28.25 | E11: 1.32 | F11: 3.76 | G11: 38.13 | H11: 21.51 | I11: 5.59 | J11: 0.38 | K11: 164.39 | L11: 25.01 | M11: 53.85 | N11: 25.7 | O11: 0 | P11: 0.51 | Q11: 9.67
A12: 01-04-2024 01:00 | B12: 6.68 | C12: 43.44 | D12: 27.97 | E12: 1.19 | F12: 3.84 | G12: 39.74 | H12: 22.78 | I12: 5.72 | J12: 0.06 | K12: 353.24 | L12: 24.61 | M12: 57.34 | N12: 26.6 | O12: 0 | P12: 0.5 | Q12: 9.63
A13: 01-04-2024 01:15 | B13: 6.52 | C13: 42.4 | D13: 27.3 | E13: 1.4 | F13: 3.69 | G13: 39.74 | H13: 22.78 | I13: 5.61 | J13: 0.06 | K13: 250.91 | L13: 24.34 | M13: 58.6 | N13: 26.3 | O13: 0 | P13: 0.49 | Q13: 9.71
A14: 01-04-2024 01:30 | B14: 6.39 | C14: 41.49 | D14: 26.72 | E14: 1.11 | F14: 3.79 | G14: 39.74 | H14: 22.78 | I14: 5.61 | J14: 0.02 | K14: 182.78 | L14: 24 | M14: 63.44 | N14: 26.4 | O14: 0 | P14: 0.51 | Q14: 9.54
A15: 01-04-2024 01:45 | B15: 6.4 | C15: 41 | D15: 26.48 | E15: 1.21 | F15: 3.77 | G15: 38.37 | H15: 21.81 | I15: 5.6 | J15: 0.25 | K15: 247.54 | L15: 24.12 | M15: 60.59 | N15: 25.9 | O15: 0 | P15: 0.51 | Q15: 9.49
A16: 01-04-2024 02:00 | B16: 6.54 | C16: 40.94 | D16: 26.55 | E16: 1.1 | F16: 3.91 | G16: 36.59 | H16: 20.6 | I16: 5.25 | J16: 0.23 | K16: 308.37 | L16: 23.78 | M16: 64.19 | N16: 26.5 | O16: 0 | P16: 0.5 | Q16: 9.56
A17: 01-04-2024 02:15 | B17: 6.69 | C17: 40.47 | D17: 26.43 | E17: 1.16 | F17: 3.49 | G17: 36.59 | H17: 20.6 | I17: 5.54 | J17: 0.22 | K17: 230.05 | L17: 23.57 | M17: 63.07 | N17: 26 | O17: 0 | P17: 0.51 | Q17: 9.67
A18: 01-04-2024 02:30 | B18: 6.7 | C18: 40.74 | D18: 26.58 | E18: 1.12 | F18: 3.54 | G18: 36.59 | H18: 20.6 | I18: 5.46 | J18: 0.24 | K18: 239.46 | L18: 24.04 | M18: 58.39 | N18: 26 | O18: 0 | P18: 0.5 | Q18: 9.59
A19: 01-04-2024 02:45 | B19: 6.61 | C19: 40.87 | D19: 26.58 | E19: 1.3 | F19: 3.39 | G19: 36.08 | H19: 20.29 | I19: 5.14 | J19: 0.23 | K19: 237.09 | L19: 23.94 | M19: 58.6 | N19: 26.2 | O19: 0 | P19: 0.49 | Q19: 9.45
A20: 01-04-2024 03:00 | B20: 6.7 | C20: 41.38 | D20: 26.91 | E20: 0.9 | F20: 3.56 | G20: 35.41 | H20: 19.9 | I20: 4.93 | J20: 0.26 | K20: 221.64 | L20: 23.94 | M20: 58.37 | N20: 26 | O20: 0 | P20: 0.48 | Q20: 9.53
... A54: 01-04-2024 11:30 | B54: 1.13 | C54: 42.3 | D54: 22.93 | E54: 2.75 | F54: 13.68 | G54: 54.24 | H54: 23.72 | I54: 2.68 | J54: 0.54 | K54: 324.66 | L54: 36.84 | M54: 26.27 | N54: 920.5 | O54: 0 | P54: 0.51 | Q54: 9.38
A55: 01-04-2024 11:45 | B55: 1.01 | C55: 43.48 | D55: 23.44 | E55: Calib. | F55: 17.41 | G55: 11.45 | H55: 5.01 | I55: 2.54 | J55: 0.45 | K55: 340.88 | L55: 36.69 | M55: 24.38 | N55: 922.7 | O55: 0 | P55: 0.51 | Q55: 9.44
A56: 01-04-2024 12:00 | B56: 0.78 | C56: 41.44 | D56: 22.19 | E56: Calib. | F56: 18.22 | G56: Calib. | H56: Calib. | I56: 2.71 | J56: 0.5 | K56: 332.72 | L56: 36.58 | M56: 23.78 | N56: 913.9 | O56: 0 | P56: 0.5 | Q56: 9.37
A57: 01-04-2024 12:15 | B57: Calib. | C57: Calib. | D57: Calib. | E57: 6 | F57: 18.06 | G57: Calib. | H57: Calib. | I57: 3.89 | J57: 0.34 | K57: 348.38 | L57: 35.78 | M57: 23.38 | N57: 913.9 | O57: 0 | P57: 0.48 | Q57: 9.3
A58: 01-04-2024 12:30 | B58: Calib. | C58: Calib. | D58: Calib. | E58: 2.39 | F58: 18.01 | G58: Calib. | H58: Calib. | I58: 5.34 | J58: 0.44 | K58: 343.22 | L58: 36.78 | M58: 22.34 | N58: 853.2 | O58: 0 | P58: 3.3 | Q58: 9.4
A59: 01-04-2024 12:45 | B59: 0.41 | C59: 44.29 | D59: 23.39 | E59: 2.43 | F59: 16.91 | G59: 66.43 | H59: 18.31 | I59: 6.08 | J59: 0.1 | K59: 350.52 | L59: 35.79 | M59: 21.97 | N59: 895.3 | O59: 0 | P59: 0.49 | Q59: 9.35
A60: 01-04-2024 13:00 | B60: 0.39 | C60: 42.06 | D60: 22.21 | E60: 2.69 | F60: 16.18 | G60: 66.43 | H60: 18.31 | I60: 6.43 | J60: 0.29 | K60: 5.03 | L60: 36.1 | M60: 21.59 | N60: 867 | O60: 0 | P60: 0.48 | Q60: 9.32
A61: 01-04-2024 13:15 | B61: 0.5 | C61: 41.2 | D61: 21.85 | E61: 2.45 | F61: 12.06 | G61: 66.43 | H61: 18.31 | I61: 6.25 | J61: 0.3 | K61: 332.06 | L61: 36.75 | M61: 21 | N61: 847 | O61: 0 | P61: 0.44 | Q61: 9.35
A62: 01-04-2024 13:30 | B62: 0.54 | C62: 39.52 | D62: 21.01 | E62: 2.21 | F62: 13.5 | G62: 66.43 | H62: 18.31 | I62: 5.41 | J62: 0.27 | K62: 2.95 | L62: 36.09 | M62: 20.99 | N62: 756.1 | O62: 0 | P62: 0.47 | Q62: 9.31
A63: 01-04-2024 13:45 | B63: 0.57 | C63: 50.62 | D63: 26.82 | E63: 3.2 | F63: 13.62 | G63: 64.1 | H63: 21.66 | I63: 5.11 | J63: 0.35 | K63: 355.44 | L63: 36.89 | M63: 20.86 | N63: 774.2 | O63: 0 | P63: 0.48 | Q63: 9.51
A64: 01-04-2024 14:00 | B64: 0.6 | C64: 57.78 | D64: 30.59 | E64: 2.08 | F64: 11.43 | G64: 63.51 | H64: 22.49 | I64: 4.78 | J64: 0.3 | K64: 347.51 | L64: 36.81 | M64: 20.97 | N64: 626.9 | O64: 0 | P64: 0.48 | Q64: 9.35
A65: 01-04-2024 14:15 | B65: 0.7 | C65: 58.45 | D65: 31.02 | E65: 2.2 | F65: 8.78 | G65: 63.51 | H65: 22.49 | I65: 4.41 | J65: 0.49 | K65: 338.87 | L65: 36.5 | M65: 21.59 | N65: 592.6 | O65: 0 | P65: 0.48 | Q65: 9.47
A66: 01-04-2024 14:30 | B66: 0.68 | C66: 57.65 | D66: 30.58 | E66: 2.54 | F66: 9.25 | G66: 63.51 | H66: 22.49 | I66: 4.17 | J66: 0.29 | K66: 349.33 | L66: 36.31 | M66: 21.62 | N66: 594 | O66: 0 | P66: 0.48 | Q66: 9.44
A67: 01-04-2024 14:45 | B67: 0.59 | C67: 40.87 | D67: 21.75 | E67: 2.25 | F67: 10.2 | G67: 56.36 | H67: 24.08 | I67: 3.97 | J67: 0.38 | K67: 327.34 | L67: 36.48 | M67: 21.79 | N67: 591.4 | O67: 0 | P67: 0.48 | Q67: 9.79
A68: 01-04-2024 15:00 | B68: 0.77 | C68: 55.97 | D68: 29.78 | E68: 2.77 | F68: 13.31 | G68: 54.58 | H68: 24.48 | I68: 3.72 | J68: 0.17 | K68: 339.31 | L68: 35.74 | M68: 22.1 | N68: 542.5 | O68: 0 | P68: 0.46 | Q68: 9.58
A69: 01-04-2024 15:15 | B69: 0.57 | C69: 35 | D69: 18.67 | E69: 2.73 | F69: 11.56 | G69: 54.58 | H69: 24.48 | I69: 3.52 | J69: 0.12 | K69: 336.84 | L69: 35.41 | M69: 22.94 | N69: 361.4 | O69: 0 | P69: 0.45 | Q69: 9.23
A70: 01-04-2024 15:30 | B70: 0.84 | C70: 58.09 | D70: 30.94 | E70: 2.64 | F70: 9.74 | G70: 54.58 | H70: 24.48 | I70: 3.29 | J70: 0.13 | K70: 333.39 | L70: 35.74 | M70: 21.42 | N70: 247 | O70: 0 | P70: 0.44 | Q70: 9.63
... A104: 01-04-2024 24:00 | B104: 44.59 | C104: 67.03 | D104: 70.7 | E104: 3.02 | F104: 4.01 | G104: 72.87 | H104: 16.39 | I104: 7.55 | J104: 0.18 | K104: 250.33 | L104: 26.14 | M104: 46.57 | N104: 39.4 | O104: 0 | P104: 1.29 | Q104: 10.39
A106: Min | B106: =MIN(B9:B104) -> 0.39 | C106: =MIN(C9:C104) -> 17.9 | D106: =MIN(D9:D104) -> 11.19 | E106: =MIN(E9:E104) -> 0.18 | F106: =MIN(F9:F104) -> 3.31 | G106: =MIN(G9:G104) -> 11.45 | H106: =MIN(H9:H104) -> 5.01 | I106: =MIN(I9:I104) -> 2.4 | ... Q106: =MIN(Q9:Q104) -> 9.16
A107: Max | B107: =MAX(B9:B104) -> 46.22 | C107: =MAX(C9:C104) -> 67.34 | D107: =MAX(D9:D104) -> 72.06 | E107: =MAX(E9:E104) -> 6 | F107: =MAX(F9:F104) -> 254.75 | G107: =MAX(G9:G104) -> 82.19 | H107: =MAX(H9:H104) -> 34.41 | I107: =MAX(I9:I104) -> 7.71 | ... Q107: =MAX(Q9:Q104) -> 10.45
A108: Avg | B108: =AVERAGE(B9:B104) -> 9.032234 | C108: =AVERAGE(C9:C104) -> 49.322872 | D108: =AVERAGE(D9:D104) -> 32.930638 | E108: =AVERAGE(E9:E104) -> 1.7726596 | F108: =AVERAGE(F9:F104) -> 18.798854 | G108: =AVERAGE(G9:G104) -> 52.116989 | H108: =AVERAGE(H9:H104) -> 22.197849 | I108: =AVERAGE(I9:I104) -> 4.916875 | ... Q108: =AVERAGE(Q9:Q104) -> 9.5986458
A109: Stdev | B109: =STDEV(B9:B104) -> 11.577264 | C109: =STDEV(C9:C104) -> 9.768675 | D109: =STDEV(D9:D104) -> 13.111015 | E109: =STDEV(E9:E104) -> 0.97610613 | F109: =STDEV(F9:F104) -> 50.981659 | G109: =STDEV(G9:G104) -> 15.515928 | H109: =STDEV(H9:H104) -> 4.7589273 | I109: =STDEV(I9:I104) -> 1.4217427 | ... Q109: =STDEV(Q9:Q104) -> 0.24148497
A110: Num | B110: =COUNT(B9:B104)+2 -> 96 | C110: =COUNT(C9:C104)+2 -> 96 | D110: =COUNT(D9:D104)+2 -> 96 | E110: =COUNT(E9:E104)+2 -> 96 | F110: =COUNT(F9:F104) -> 96 | G110: =COUNT(G9:G104)+3 -> 96 | H110: =COUNT(H9:H104)+3 -> 96 | I110: =COUNT(I9:I104) -> 96 | J110: =COUNT(J9:J104) -> 96 | K110: =COUNT(K9:K104) -> 96 | L110: =COUNT(L9:L104) -> 96 | M110: =COUNT(M9:M104) -> 96 | N110: =COUNT(N9:N104) -> 96 | O110: =COUNT(O9:O104) -> 96 | P110: =COUNT(P9:P104) -> 96 | Q110: =COUNT(Q9:Q104) -> 96
A111: DCR | B111: =IF(B110>=87,">90%",IF(B110<=87,"<90%")) -> >90% | C111: =IF(C110>=87,">90%",IF(C110<=87,"<90%")) -> >90% | D111: =IF(D110>=87,">90%",IF(D110<=87,"<90%")) -> >90% | E111: =IF(E110>=87,">90%",IF(E110<=87,"<90%")) -> >90% | F111: =IF(F110>=87,">90%",IF(F110<=87,"<90%")) -> >90% | G111: =IF(G110>=87,">90%",IF(G110<=87,"<90%")) -> >90% | H111: =IF(H110>=87,">90%",IF(H110<=87,"<90%")) -> >90% | I111: =IF(I110>=87,">90%",IF(I110<=87,"<90%")) -> >90% | ... Q111: =IF(Q110>=87,">90%",IF(Q110<=87,"<90%")) -> >90%
A112: Status | B112: =IF(B110>=87,"OK",IF(B110<=87,"LESS")) -> OK | C112: =IF(C110>=87,"OK",IF(C110<=87,"LESS")) -> OK | D112: =IF(D110>=87,"OK",IF(D110<=87,"LESS")) -> OK | E112: =IF(E110>=87,"OK",IF(E110<=87,"LESS")) -> OK | F112: =IF(F110>=87,"OK",IF(F110<=87,"LESS")) -> OK | G112: =IF(G110>=87,"OK",IF(G110<=87,"LESS")) -> OK | H112: =IF(H110>=87,"OK",IF(H110<=87,"LESS")) -> OK | I112: =IF(I110>=87,"OK",IF(I110<=87,"LESS")) -> OK | ... Q112: =IF(Q110>=87,"OK",IF(Q110<=87,"LESS")) -> OK
A115: Done by | B115: RK
A117: Comment

Sheet 02
A1: Station: | B1: BHATAGAON RAIPUR
A2: Date: | B2: =$A$9 -> 02-04-2024 00:15 | D2: Power Off | G2: Pw.Off | L2: Link Fail | N2: Link F | P2: Maintenance | R2: Maint.
A3: Report Type: | B3: Mean | D3: Calibration | G3: Calib. | L3: Data Fail | N3: Data F | P3: Invalid | R3: Invalid
A4: Time Base: | B4: 15 Min | D4: Zero Referrence | G4: Z.Ref | L4: Warm Up | N4: Wm. Up
A7: Date & Time | B7: NO_BHATAGAON | C7: NO2__BHATAGAON | D7: NOX_BHATAGAON | E7: SO2__BHATAGAON | F7: O3__BHATAGAON | G7: PM10__BHATAGAON | H7: PM2_5__BHATAGAON | I7: BENZ__BHATAGAON | J7: WS__BHATAGAON | K7: WD__BHATAGAON | L7: TEMP__BHATAGAON | M7: HUM__BHATAGAON | N7: SR__BHATAGAON | O7: RG__BHATAGAON | P7: CO__BHATAGAON | Q7: NH3__BHATAGAON
B8: ug/m3 | C8: ug/m3 | D8: ppb | E8: ug/m3 | F8: ug/m3 | G8: ug/m3 | H8: ug/m3 | I8: ug/m3 | J8: m/sec | K8: deg | L8: degreC | M8: % | N8: w/m2 | O8: mm | P8: mg/m3 | Q8: ug/m3
A9: 02-04-2024 00:15 | B9: 41.77 | C9: 65.98 | D9: 67.89 | E9: 2.66 | F9: 3.92 | G9: 72.87 | H9: 16.39 | I9: 7.44 | J9: 0.07 | K9: 273.89 | L9: 26.01 | M9: 47.67 | N9: 40 | O9: 0 | P9: 1.24 | Q9: 10.24
A10: 02-04-2024 00:30 | B10: 38.79 | C10: 64.79 | D10: 64.88 | E10: 2.85 | F10: 3.29 | G10: 72.87 | H10: 16.39 | I10: 8.23 | J10: 0.32 | K10: 340.08 | L10: 25.56 | M10: 51.22 | N10: 41.1 | O10: 0 | P10: 1.2 | Q10: 10.27
A11: 02-04-2024 00:45 | B11: 36.23 | C11: 63.98 | D11: 62.4 | E11: 2.46 | F11: 3.76 | G11: 64.92 | H11: 14.51 | I11: 7.97 | J11: 0.6 | K11: 345.25 | L11: 24.92 | M11: 55.15 | N11: 41.3 | O11: 0 | P11: 1.18 | Q11: 9.99
A12: 02-04-2024 01:00 | B12: 33.66 | C12: 63.34 | D12: 60.01 | E12: 2.57 | F12: 3.65 | G12: 62.93 | H12: 14.04 | I12: 7.71 | J12: 0.68 | K12: 332.17 | L12: 24.96 | M12: 51.94 | N12: 41.3 | O12: 0 | P12: 1.14 | Q12: 10.05
A13: 02-04-2024 01:15 | B13: 31.02 | C13: 62.81 | D13: 57.61 | E13: 2.4 | F13: 3.81 | G13: 62.93 | H13: 14.04 | I13: 7.86 | J13: 0.43 | K13: 330.08 | L13: 25.09 | M13: 50.43 | N13: 42.6 | O13: 0 | P13: 0.99 | Q13: 9.97
A14: 02-04-2024 01:30 | B14: 28.62 | C14: 62.54 | D14: 55.55 | E14: 2.5 | F14: 3.79 | G14: 62.93 | H14: 14.04 | I14: 7.75 | J14: 0.1 | K14: 341.68 | L14: 25.13 | M14: 48.49 | N14: 43.7 | O14: 0 | P14: 0.96 | Q14: 10.14
A15: 02-04-2024 01:45 | B15: 27.38 | C15: 55.12 | D15: 50.67 | E15: 2.32 | F15: 3.35 | G15: 61.82 | H15: 13.54 | I15: 7.49 | J15: 0.07 | K15: 61.71 | L15: 25.39 | M15: 46.12 | N15: 45.4 | O15: 0 | P15: 0.92 | Q15: 10.24
A16: 02-04-2024 02:00 | B16: 26.65 | C16: 52.4 | D16: 48.67 | E16: 2.41 | F16: 3.76 | G16: 61.54 | H16: 13.42 | I16: 6.62 | J16: 0.08 | K16: 264.68 | L16: 25.4 | M16: 45.66 | N16: 46.7 | O16: 0 | P16: 0.88 | Q16: 9.85
A17: 02-04-2024 02:15 | B17: 25.83 | C17: 52.26 | D17: 47.94 | E17: 2.06 | F17: 3.64 | G17: 61.54 | H17: 13.42 | I17: 6.35 | J17: 0.1 | K17: 276.22 | L17: 25.05 | M17: 47.35 | N17: 47.6 | O17: 0 | P17: 0.88 | Q17: 10.08
A18: 02-04-2024 02:30 | B18: 25.14 | C18: 53.05 | D18: 47.8 | E18: 2.19 | F18: 3.77 | G18: 61.54 | H18: 13.42 | I18: 6.3 | J18: 0.08 | K18: 233.36 | L18: 24.77 | M18: 46.4 | N18: 48 | O18: 0 | P18: 0.85 | Q18: 10.01
A19: 02-04-2024 02:45 | B19: 24.5 | C19: 53.77 | D19: 47.65 | E19: 2.48 | F19: 3.6 | G19: 60.75 | H19: 12.72 | I19: 6.36 | J19: 0.19 | K19: 205.61 | L19: 25.24 | M19: 44.48 | N19: 46.7 | O19: 0 | P19: 0.84 | Q19: 9.91
A20: 02-04-2024 03:00 | B20: 23.9 | C20: 53.7 | D20: 47.14 | E20: 2.26 | F20: 3.61 | G20: 60.56 | H20: 12.55 | I20: 6.24 | J20: 0.12 | K20: 321.45 | L20: 24.71 | M20: 50.58 | N20: 46.8 | O20: 0 | P20: 0.82 | Q20: 10.01
... A104: 02-04-2024 24:00 | B104: 134.24 | C104: 77.47 | D104: 148.04 | E104: 1.63 | F104: 3.51 | G104: 131.21 | H104: 63.44 | I104: 11.31 | J104: 0.35 | K104: 358.29 | L104: 24.67 | M104: 51.34 | N104: 20.7 | O104: 0 | P104: 1.96 | Q104: 12.04
A106: Min | B106: =MIN(B9:B104) -> 3.71 | C106: =MIN(C9:C104) -> 38.16 | D106: =MIN(D9:D104) -> 22.83 | E106: =MIN(E9:E104) -> 0.89 | F106: =MIN(F9:F104) -> 3.06 | G106: =MIN(G9:G104) -> 51.42 | H106: =MIN(H9:H104) -> 11.74 | I106: =MIN(I9:I104) -> 3.87 | ... Q106: =MIN(Q9:Q104) -> 9.22
A107: Max | B107: =MAX(B9:B104) -> 134.24 | C107: =MAX(C9:C104) -> 78.64 | D107: =MAX(D9:D104) -> 148.04 | E107: =MAX(E9:E104) -> 3.52 | F107: =MAX(F9:F104) -> 11.09 | G107: =MAX(G9:G104) -> 131.21 | H107: =MAX(H9:H104) -> 627.04 | I107: =MAX(I9:I104) -> 11.31 | ... Q107: =MAX(Q9:Q104) -> 12.04
A108: Avg | B108: =AVERAGE(B9:B104) -> 25.413229 | C108: =AVERAGE(C9:C104) -> 61.615833 | D108: =AVERAGE(D9:D104) -> 52.491354 | E108: =AVERAGE(E9:E104) -> 2.02 | F108: =AVERAGE(F9:F104) -> 5.0710417 | G108: =AVERAGE(G9:G104) -> 71.760208 | H108: =AVERAGE(H9:H104) -> 196.59823 | I108: =AVERAGE(I9:I104) -> 7.909375 | ... Q108: =AVERAGE(Q9:Q104) -> 9.9989583
A109: Stdev | B109: =STDEV(B9:B104) -> 27.793623 | C109: =STDEV(C9:C104) -> 8.002197 | D109: =STDEV(D9:D104) -> 24.900405 | E109: =STDEV(E9:E104) -> 0.55785869 | F109: =STDEV(F9:F104) -> 2.4769873 | G109: =STDEV(G9:G104) -> 18.194191 | H109: =STDEV(H9:H104) -> 192.90296 | I109: =STDEV(I9:I104) -> 2.0858131 | ... Q109: =STDEV(Q9:Q104) -> 0.54751011
A110: Num | B110: =COUNT(B9:B104) -> 96 | C110: =COUNT(C9:C104) -> 96 | D110: =COUNT(D9:D104) -> 96 | E110: =COUNT(E9:E104) -> 96 | F110: =COUNT(F9:F104) -> 96 | G110: =COUNT(G9:G104) -> 96 | H110: =COUNT(H9:H104) -> 96 | I110: =COUNT(I9:I104) -> 96 | ... Q110: =COUNT(Q9:Q104) -> 96
A111: DCR | B111: =IF(B110>=87,">90%",IF(B110<=87,"<90%")) -> >90% | C111: =IF(C110>=87,">90%",IF(C110<=87,"<90%")) -> >90% | D111: =IF(D110>=87,">90%",IF(D110<=87,"<90%")) -> >90% | E111: =IF(E110>=87,">90%",IF(E110<=87,"<90%")) -> >90% | F111: =IF(F110>=87,">90%",IF(F110<=87,"<90%")) -> >90% | G111: =IF(G110>=87,">90%",IF(G110<=87,"<90%")) -> >90% | H111: =IF(H110>=87,">90%",IF(H110<=87,"<90%")) -> >90% | I111: =IF(I110>=87,">90%",IF(I110<=87,"<90%")) -> >90% | ... Q111: =IF(Q110>=87,">90%",IF(Q110<=87,"<90%")) -> >90%
A112: Status | B112: =IF(B110>=87,"OK",IF(B110<=87,"LESS")) -> OK | C112: =IF(C110>=87,"OK",IF(C110<=87,"LESS")) -> OK | D112: =IF(D110>=87,"OK",IF(D110<=87,"LESS")) -> OK | E112: =IF(E110>=87,"OK",IF(E110<=87,"LESS")) -> OK | F112: =IF(F110>=87,"OK",IF(F110<=87,"LESS")) -> OK | G112: =IF(G110>=87,"OK",IF(G110<=87,"LESS")) -> OK | H112: =IF(H110>=87,"OK",IF(H110<=87,"LESS")) -> OK | I112: =IF(I110>=87,"OK",IF(I110<=87,"LESS")) -> OK | ... Q112: =IF(Q110>=87,"OK",IF(Q110<=87,"LESS")) -> OK
A115: Done by | B115: RK
A117: Comment

Sheet 03
A1: Station: | B1: BHATAGAON RAIPUR
A2: Date: | B2: =$A$9 -> 03-04-2024 00:15 | D2: Power Off | G2: Pw.Off | L2: Link Fail | N2: Link F | P2: Maintenance | R2: Maint.
A3: Report Type: | B3: Mean | D3: Calibration | G3: Calib. | L3: Data Fail | N3: Data F | P3: Invalid | R3: Invalid
A4: Time Base: | B4: 15 Min | D4: Zero Referrence | G4: Z.Ref | L4: Warm Up | N4: Wm. Up
A7: Date & Time | B7: NO_BHATAGAON | C7: NO2__BHATAGAON | D7: NOX_BHATAGAON | E7: SO2__BHATAGAON | F7: O3__BHATAGAON | G7: PM10__BHATAGAON | H7: PM2_5__BHATAGAON | I7: BENZ__BHATAGAON | J7: WS__BHATAGAON | K7: WD__BHATAGAON | L7: TEMP__BHATAGAON | M7: HUM__BHATAGAON | N7: SR__BHATAGAON | O7: RG__BHATAGAON | P7: CO__BHATAGAON | Q7: NH3__BHATAGAON
B8: ug/m3 | C8: ug/m3 | D8: ppb | E8: ug/m3 | F8: ug/m3 | G8: ug/m3 | H8: ug/m3 | I8: ug/m3 | J8: m/sec | K8: deg | L8: degreC | M8: % | N8: w/m2 | O8: mm | P8: mg/m3 | Q8: ug/m3
A9: 03-04-2024 00:15 | B9: 131.24 | C9: 76.82 | D9: 145.3 | E9: 3.2 | F9: 3.29 | G9: 131.21 | H9: 63.44 | I9: 11.58 | J9: 0.06 | K9: 97.77 | L9: 25.46 | M9: 43.29 | N9: 21.4 | O9: 0 | P9: 1.96 | Q9: 12.15
A10: 03-04-2024 00:30 | B10: 126.76 | C10: 72.74 | D10: 139.57 | E10: 3.22 | F10: 3.63 | G10: 131.21 | H10: 63.44 | I10: 11.51 | J10: 0.1 | K10: 206.68 | L10: 25.35 | M10: 44.81 | N10: 21.8 | O10: 0 | P10: 1.95 | Q10: 11.97
A11: 03-04-2024 00:45 | B11: 123.79 | C11: 68.69 | D11: 135.07 | E11: 2.58 | F11: 3.67 | G11: 130.13 | H11: 39.51 | I11: 11.31 | J11: 0.1 | K11: 287.34 | L11: 24.9 | M11: 47.88 | N11: 22 | O11: 0 | P11: 1.94 | Q11: 11.82
A12: 03-04-2024 01:00 | B12: 121.25 | C12: 68.64 | D12: 133.01 | E12: 2.43 | F12: 3.54 | G12: 129.86 | H12: 33.53 | I12: 10.88 | J12: 0.21 | K12: 254.02 | L12: 24.2 | M12: 51.2 | N12: 22.1 | O12: 0 | P12: 1.95 | Q12: 11.88
A13: 03-04-2024 01:15 | B13: 117.93 | C13: 68.09 | D13: 130.06 | E13: 2.48 | F13: 3.69 | G13: 129.86 | H13: 33.53 | I13: 10.94 | J13: 0.92 | K13: 199.99 | L13: 25.11 | M13: 43.71 | N13: 19.8 | O13: 0 | P13: 1.71 | Q13: 11.8
A14: 03-04-2024 01:30 | B14: 110.59 | C14: 67.14 | D14: 123.68 | E14: 2.49 | F14: 3.72 | G14: 129.86 | H14: 33.53 | I14: 11.37 | J14: 0.72 | K14: 207.95 | L14: 24.44 | M14: 47.94 | N14: 22.3 | O14: 0 | P14: 1.71 | Q14: 11.66
A15: 03-04-2024 01:45 | B15: 103.91 | C15: 65.61 | D15: 117.53 | E15: 2.72 | F15: 3.25 | G15: 124.73 | H15: 42.44 | I15: 11.82 | J15: 0.4 | K15: 162.56 | L15: 23.67 | M15: 51.58 | N15: 22.4 | O15: 0 | P15: 1.58 | Q15: 11.77
A16: 03-04-2024 02:00 | B16: 99.91 | C16: 64.36 | D16: 113.66 | E16: 2.46 | F16: 3.28 | G16: 123.45 | H16: 44.67 | I16: 11.45 | J16: 0.2 | K16: 218.18 | L16: 23.69 | M16: 49.04 | N16: 21.7 | O16: 0 | P16: 1.5 | Q16: 11.64
A17: 03-04-2024 02:15 | B17: 96.44 | C17: 62.99 | D17: 110.16 | E17: 2.28 | F17: 3.19 | G17: 123.45 | H17: 44.67 | I17: 9.87 | J17: 0.2 | K17: 338.48 | L17: 23.05 | M17: 54.63 | N17: 22.6 | O17: 0 | P17: 1.49 | Q17: 11.49
A18: 03-04-2024 02:30 | B18: 92.85 | C18: 61.43 | D18: 106.47 | E18: 2.32 | F18: 3.32 | G18: 123.45 | H18: 44.67 | I18: 9.05 | J18: 0.17 | K18: 321.76 | L18: 22.44 | M18: 57.33 | N18: 22.4 | O18: 0 | P18: 1.49 | Q18: 11.46
A19: 03-04-2024 02:45 | B19: 88.35 | C19: 60.67 | D19: 102.47 | E19: 2.39 | F19: 3.16 | G19: 102.82 | H19: 48.99 | I19: 9.82 | J19: 0.17 | K19: 306.64 | L19: 22.04 | M19: 58.89 | N19: 22.2 | O19: 0 | P19: 1.43 | Q19: 11.45
A20: 03-04-2024 03:00 | B20: 83.84 | C20: 59.91 | D20: 98.46 | E20: 2.44 | F20: 3.3 | G20: 97.66 | H20: 50.07 | I20: 11.21 | J20: 0.09 | K20: 60.44 | L20: 22.23 | M20: 59.5 | N20: 22.1 | O20: 0 | P20: 1.36 | Q20: 11.28
... A76: 03-04-2024 17:00 | B76: 5.16 | C76: 61.43 | D76: 36.15 | E76: 1.33 | F76: 7.71 | G76: 62.79 | H76: 0.51 | I76: 7.88 | J76: 0.55 | K76: 79.7 | L76: 34.12 | M76: 21.91 | N76: 91.1 | O76: 0 | P76: 0.66 | Q76: 9.91
A77: 03-04-2024 17:15 | B77: 4.88 | C77: 61.6 | D77: 36.02 | E77: 1.89 | F77: 19.98 | G77: Data F | H77: Data F | I77: 7.86 | J77: 0.54 | K77: 87.53 | L77: 33.84 | M77: 21.06 | N77: 69.9 | O77: 0 | P77: 0.58 | Q77: 9.77
A78: 03-04-2024 17:30 | B78: 4.55 | C78: 61.59 | D78: 35.75 | E78: 1.77 | F78: 16.4 | G78: Data F | H78: Data F | I78: 7.61 | J78: 0.57 | K78: 81.11 | L78: 33.84 | M78: 20.81 | N78: 53.5 | O78: 0 | P78: 0.53 | Q78: 9.63
A79: 03-04-2024 17:45 | B79: 4.7 | C79: 61.29 | D79: 35.72 | E79: 1.7 | F79: 9.43 | G79: Data F | H79: Data F | I79: 6.73 | J79: 0.3 | K79: 64.18 | L79: 33.35 | M79: 22.66 | N79: 41.8 | O79: 0 | P79: 0.55 | Q79: 9.69
A80: 03-04-2024 18:00 | B80: 4.98 | C80: 67.84 | D80: 39.36 | E80: 1.69 | F80: 10.16 | G80: Data F | H80: Data F | I80: 5.78 | J80: 0.34 | K80: 62.28 | L80: 32.99 | M80: 22.54 | N80: 29.6 | O80: 0 | P80: 0.67 | Q80: 9.29
A81: 03-04-2024 18:15 | B81: 4.68 | C81: 79.19 | D81: 45.05 | E81: 1.6 | F81: 11.72 | G81: Data F | H81: Data F | I81: 5.7 | J81: 0.33 | K81: 69.18 | L81: 32.52 | M81: 25 | N81: 21 | O81: 0 | P81: 0.81 | Q81: 9.46
A82: 03-04-2024 18:30 | B82: 6.01 | C82: 80.44 | D82: 46.77 | E82: 1.61 | F82: 6.18 | G82: Data F | H82: Data F | I82: 5.8 | J82: 0.2 | K82: 14.63 | L82: 31.69 | M82: 32.39 | N82: 19.3 | O82: 0 | P82: 0.9 | Q82: 9.85
A83: 03-04-2024 18:45 | B83: 10.47 | C83: 84.49 | D83: 52.46 | E83: 1.65 | F83: 3.89 | G83: Data F | H83: Data F | I83: 5.75 | J83: 0.17 | K83: 183.84 | L83: 31.15 | M83: 28.85 | N83: 18.2 | O83: 0 | P83: 1.04 | Q83: 9.66
A84: 03-04-2024 19:00 | B84: 13.4 | C84: 83.71 | D84: 54.4 | E84: 1.54 | F84: 3.67 | G84: Data F | H84: Data F | I84: 6.1 | J84: 0.28 | K84: 1.42 | L84: 30.79 | M84: 36.8 | N84: 19 | O84: 0 | P84: 1.17 | Q84: 10.05
A85: 03-04-2024 19:15 | B85: 18.14 | C85: 85.01 | D85: 58.88 | E85: 1.51 | F85: 3.55 | G85: 146.53 | H85: 93.49 | I85: 6.75 | J85: 0.06 | K85: 27.54 | L85: 29.96 | M85: 38.55 | N85: 18.7 | O85: 0 | P85: 1.31 | Q85: 9.84
A86: 03-04-2024 19:30 | B86: 23.52 | C86: 84.98 | D86: 63.18 | E86: 1.69 | F86: 3.56 | G86: 168.97 | H86: 93.49 | I86: 7.77 | J86: 0.16 | K86: 237.89 | L86: 29.58 | M86: 36.2 | N86: 18.5 | O86: 0 | P86: 1.52 | Q86: 10.01
A87: 03-04-2024 19:45 | B87: 28.02 | C87: 84.33 | D87: 66.45 | E87: 1.76 | F87: 3.59 | G87: 168.97 | H87: 93.49 | I87: 8.91 | J87: 0.24 | K87: 245.6 | L87: 29.72 | M87: 35.67 | N87: 18.1 | O87: 0 | P87: 1.55 | Q87: 10.23
A88: 03-04-2024 20:00 | B88: 32.17 | C88: 83.93 | D88: 69.57 | E88: 1.06 | F88: 3.03 | G88: 168.97 | H88: 93.49 | I88: 9.61 | J88: 0.35 | K88: 180.43 | L88: 30.06 | M88: 31.54 | N88: 17.2 | O88: 0 | P88: 1.6 | Q88: 10.42
A89: 03-04-2024 20:15 | B89: 33.2 | C89: 82.94 | D89: 69.88 | E89: 1.6 | F89: 3.07 | G89: 163.51 | H89: 59.58 | I89: 9.87 | J89: 1.02 | K89: 155.62 | L89: 30.3 | M89: 29.97 | N89: 16.9 | O89: 0 | P89: 1.59 | Q89: 10.55
A90: 03-04-2024 20:30 | B90: 32.21 | C90: 80.87 | D90: 68 | E90: 1.61 | F90: 3.27 | G90: 161.95 | H90: 49.89 | I90: 10.33 | J90: 0.46 | K90: 163.53 | L90: 30.31 | M90: 31.02 | N90: 18 | O90: 0 | P90: 1.54 | Q90: 10.58
A91: 03-04-2024 20:45 | B91: 30.81 | C91: 77.96 | D91: 65.36 | E91: 1.21 | F91: 3.36 | G91: 161.95 | H91: 49.89 | I91: 9.56 | J91: 0.14 | K91: 293.07 | L91: 29.81 | M91: 33.96 | N91: 18.8 | O91: 0 | P91: 1.53 | Q91: 10.18
A92: 03-04-2024 21:00 | B92: 30.64 | C92: 77.15 | D92: 64.8 | E92: 1.69 | F92: 3.63 | G92: 161.95 | H92: 49.89 | I92: 9 | J92: 0.01 | K92: 320.05 | L92: 28.94 | M92: 39.06 | N92: 19.1 | O92: 0 | P92: 1.55 | Q92: 10.28
A93: 03-04-2024 21:15 | B93: 32.32 | C93: 78.28 | D93: 66.73 | E93: 1.3 | F93: 3.5 | G93: 127.49 | H93: 42.06 | I93: 9.73 | J93: 0.17 | K93: 305.03 | L93: 28.28 | M93: 42.21 | N93: 18.8 | O93: 0 | P93: 1.58 | Q93: 10.34
A94: 03-04-2024 21:30 | B94: 33.96 | C94: 78.56 | D94: 68.2 | E94: 1.89 | F94: 3.36 | G94: 117.65 | H94: 39.82 | I94: 9.98 | J94: 0.09 | K94: 285.18 | L94: 28.35 | M94: 40.25 | N94: 18.2 | O94: 0 | P94: 1.61 | Q94: 10.41
A95: 03-04-2024 21:45 | B95: 32.37 | C95: 76.48 | D95: 65.84 | E95: 1.32 | F95: 3.53 | G95: 117.65 | H95: 39.82 | I95: 9.95 | J95: 0.83 | K95: 156.76 | L95: 28.74 | M95: 40.98 | N95: 16.9 | O95: 0 | P95: 1.56 | Q95: 10.07
A96: 03-04-2024 22:00 | B96: 29.31 | C96: 75.09 | D96: 62.65 | E96: 1.47 | F96: 3.45 | G96: 117.65 | H96: 39.82 | I96: 9.9 | J96: 0.64 | K96: 174.87 | L96: 28.78 | M96: 41.09 | N96: 17.7 | O96: 0 | P96: 1.5 | Q96: 10.5
... A104: 03-04-2024 24:00 | B104: 12.71 | C104: 61.45 | D104: 42.22 | E104: 0.47 | F104: 3.56 | G104: 62.79 | H104: 25.36 | I104: 7.64 | J104: 0.19 | K104: 183.44 | L104: 27.01 | M104: 47.94 | N104: 18.5 | O104: 0 | P104: 1.04 | Q104: 9.96
A106: Min | B106: =MIN(B9:B104) -> 4.5 | C106: =MIN(C9:C104) -> 57.19 | D106: =MIN(D9:D104) -> 35.14 | E106: =MIN(E9:E104) -> 0.47 | F106: =MIN(F9:F104) -> 2.9 | G106: =MIN(G9:G104) -> 52.42 | H106: =MIN(H9:H104) -> 0.51 | I106: =MIN(I9:I104) -> 5.7 | ... Q106: =MIN(Q9:Q104) -> 9.29
A107: Max | B107: =MAX(B9:B104) -> 131.24 | C107: =MAX(C9:C104) -> 98.54 | D107: =MAX(D9:D104) -> 145.3 | E107: =MAX(E9:E104) -> 4.2 | F107: =MAX(F9:F104) -> 27.38 | G107: =MAX(G9:G104) -> 215.85 | H107: =MAX(H9:H104) -> 99.04 | I107: =MAX(I9:I104) -> 12.48 | ... Q107: =MAX(Q9:Q104) -> 12.15
A108: Avg | B108: =AVERAGE(B9:B104) -> 40.657604 | C108: =AVERAGE(C9:C104) -> 70.991458 | D108: =AVERAGE(D9:D104) -> 69.614583 | E108: =AVERAGE(E9:E104) -> 2.0017708 | F108: =AVERAGE(F9:F104) -> 5.8617708 | G108: =AVERAGE(G9:G104) -> 135.13182 | H108: =AVERAGE(H9:H104) -> 34.998636 | I108: =AVERAGE(I9:I104) -> 9.4753125 | ... Q108: =AVERAGE(Q9:Q104) -> 10.429792
A109: Stdev | B109: =STDEV(B9:B104) -> 35.327886 | C109: =STDEV(C9:C104) -> 11.22446 | D109: =STDEV(D9:D104) -> 26.386846 | E109: =STDEV(E9:E104) -> 0.67508127 | F109: =STDEV(F9:F104) -> 4.8093514 | G109: =STDEV(G9:G104) -> 47.385941 | H109: =STDEV(H9:H104) -> 23.452724 | I109: =STDEV(I9:I104) -> 1.8356579 | ... Q109: =STDEV(Q9:Q104) -> 0.6701814
A110: Num | B110: =COUNT(B9:B104) -> 96 | C110: =COUNT(C9:C104) -> 96 | D110: =COUNT(D9:D104) -> 96 | E110: =COUNT(E9:E104) -> 96 | F110: =COUNT(F9:F104) -> 96 | G110: =COUNT(G9:G104)+8 -> 96 | H110: =COUNT(H9:H104)+8 -> 96 | I110: =COUNT(I9:I104) -> 96 | J110: =COUNT(J9:J104) -> 96 | K110: =COUNT(K9:K104) -> 96 | L110: =COUNT(L9:L104) -> 96 | M110: =COUNT(M9:M104) -> 96 | N110: =COUNT(N9:N104) -> 96 | O110: =COUNT(O9:O104) -> 96 | P110: =COUNT(P9:P104) -> 96 | Q110: =COUNT(Q9:Q104) -> 96
A111: DCR | B111: =IF(B110>=87,">90%",IF(B110<=87,"<90%")) -> >90% | C111: =IF(C110>=87,">90%",IF(C110<=87,"<90%")) -> >90% | D111: =IF(D110>=87,">90%",IF(D110<=87,"<90%")) -> >90% | E111: =IF(E110>=87,">90%",IF(E110<=87,"<90%")) -> >90% | F111: =IF(F110>=87,">90%",IF(F110<=87,"<90%")) -> >90% | G111: =IF(G110>=87,">90%",IF(G110<=87,"<90%")) -> >90% | H111: =IF(H110>=87,">90%",IF(H110<=87,"<90%")) -> >90% | I111: =IF(I110>=87,">90%",IF(I110<=87,"<90%")) -> >90% | ... Q111: =IF(Q110>=87,">90%",IF(Q110<=87,"<90%")) -> >90%
A112: Status | B112: =IF(B110>=87,"OK",IF(B110<=87,"LESS")) -> OK | C112: =IF(C110>=87,"OK",IF(C110<=87,"LESS")) -> OK | D112: =IF(D110>=87,"OK",IF(D110<=87,"LESS")) -> OK | E112: =IF(E110>=87,"OK",IF(E110<=87,"LESS")) -> OK | F112: =IF(F110>=87,"OK",IF(F110<=87,"LESS")) -> OK | G112: =IF(G110>=87,"OK",IF(G110<=87,"LESS")) -> OK | H112: =IF(H110>=87,"OK",IF(H110<=87,"LESS")) -> OK | I112: =IF(I110>=87,"OK",IF(I110<=87,"LESS")) -> OK | ... Q112: =IF(Q110>=87,"OK",IF(Q110<=87,"LESS")) -> OK
A115: Done by | B115: RK
A117: Comment

Sheet 04
A1: Station: | B1: BHATAGAON RAIPUR
A2: Date: | B2: =$A$9 -> 04-04-2024 00:15 | D2: Power Off | G2: Pw.Off | L2: Link Fail | N2: Link F | P2: Maintenance | R2: Maint.
A3: Report Type: | B3: Mean | D3: Calibration | G3: Calib. | L3: Data Fail | N3: Data F | P3: Invalid | R3: Invalid
A4: Time Base: | B4: 15 Min | D4: Zero Referrence | G4: Z.Ref | L4: Warm Up | N4: Wm. Up
A7: Date & Time | B7: NO_BHATAGAON | C7: NO2__BHATAGAON | D7: NOX_BHATAGAON | E7: SO2__BHATAGAON | F7: O3__BHATAGAON | G7: PM10__BHATAGAON | H7: PM2_5__BHATAGAON | I7: BENZ__BHATAGAON | J7: WS__BHATAGAON | K7: WD__BHATAGAON | L7: TEMP__BHATAGAON | M7: HUM__BHATAGAON | N7: SR__BHATAGAON | O7: RG__BHATAGAON | P7: CO__BHATAGAON | Q7: NH3__BHATAGAON
B8: ug/m3 | C8: ug/m3 | D8: ppb | E8: ug/m3 | F8: ug/m3 | G8: ug/m3 | H8: ug/m3 | I8: ug/m3 | J8: m/sec | K8: deg | L8: degreC | M8: % | N8: w/m2 | O8: mm | P8: mg/m3 | Q8: ug/m3
A9: 04-04-2024 00:15 | B9: 12.05 | C9: 60.82 | D9: 41.36 | E9: 0.81 | F9: 3.33 | G9: 53.07 | H9: 23.38 | I9: 7.5 | J9: 0.43 | K9: 208.53 | L9: 26.68 | M9: 49.54 | N9: 18.2 | O9: 0 | P9: 1 | Q9: 9.58
A10: 04-04-2024 00:30 | B10: 11.3 | C10: 59.95 | D10: 40.3 | E10: 0.89 | F10: 3.54 | G10: 50.29 | H10: 22.82 | I10: 7.25 | J10: 0.42 | K10: 202.91 | L10: 26.44 | M10: 51.14 | N10: 18.1 | O10: 0 | P10: 0.97 | Q10: 10.06
A11: 04-04-2024 00:45 | B11: 10.56 | C11: 58.27 | D11: 38.84 | E11: 0.99 | F11: 4.07 | G11: 50.29 | H11: 22.82 | I11: 7.15 | J11: 0.45 | K11: 190.38 | L11: 26.17 | M11: 52.64 | N11: 18.1 | O11: 0 | P11: 0.93 | Q11: 9.89
A12: 04-04-2024 01:00 | B12: 9.97 | C12: 57.14 | D12: 37.77 | E12: 0.81 | F12: 4.26 | G12: 50.29 | H12: 22.82 | I12: 7.34 | J12: 0.34 | K12: 226.11 | L12: 25.85 | M12: 53.8 | N12: 18.2 | O12: 0 | P12: 0.9 | Q12: 9.92
A13: 04-04-2024 01:15 | B13: 9.43 | C13: 53.91 | D13: 35.64 | E13: 0.82 | F13: 3.88 | G13: 45.51 | H13: 25.11 | I13: 7.17 | J13: 0.27 | K13: 184.11 | L13: 25.47 | M13: 56.32 | N13: 18.2 | O13: 0 | P13: 0.88 | Q13: 9.73
A14: 04-04-2024 01:30 | B14: 8.85 | C14: 52.17 | D14: 34.27 | E14: 0.64 | F14: 3.84 | G14: 44.15 | H14: 25.76 | I14: 7.03 | J14: 0.06 | K14: 245.83 | L14: 25.33 | M14: 56.72 | N14: 18.2 | O14: 0 | P14: 0.89 | Q14: 9.88
A15: 04-04-2024 01:45 | B15: 8.24 | C15: 53.4 | D15: 34.43 | E15: 0.79 | F15: 3.9 | G15: 44.15 | H15: 25.76 | I15: 7.37 | J15: 0.11 | K15: 291.04 | L15: 25.11 | M15: 57.46 | N15: 18.3 | O15: 0 | P15: 0.86 | Q15: 9.89
A16: 04-04-2024 02:00 | B16: 7.73 | C16: 53.85 | D16: 34.25 | E16: 1.04 | F16: 4.05 | G16: 44.15 | H16: 25.76 | I16: 7.34 | J16: 0.13 | K16: 265.22 | L16: 25.21 | M16: 57.65 | N16: 17.9 | O16: 0 | P16: 0.83 | Q16: 9.78
A17: 04-04-2024 02:15 | B17: 7.53 | C17: 53.73 | D17: 34.03 | E17: 0.79 | F17: 3.97 | G17: 44.42 | H17: 20.06 | I17: 7.05 | J17: 0.11 | K17: 296.26 | L17: 25.14 | M17: 58.6 | N17: 18.1 | O17: 0 | P17: 0.79 | Q17: 9.78
A18: 04-04-2024 02:30 | B18: 7.49 | C18: 53.52 | D18: 33.89 | E18: 0.96 | F18: 4.12 | G18: 44.5 | H18: 18.43 | I18: 6.84 | J18: 0.12 | K18: 314.29 | L18: 24.52 | M18: 63.36 | N18: 18.5 | O18: 0 | P18: 0.77 | Q18: 9.33
A19: 04-04-2024 02:45 | B19: 7.48 | C19: 53.72 | D19: 33.99 | E19: 0.93 | F19: 4.13 | G19: 44.5 | H19: 18.43 | I19: 6.39 | J19: 0.14 | K19: 352.41 | L19: 24.13 | M19: 64.76 | N19: 18.1 | O19: 0 | P19: 0.74 | Q19: 9.99
A20: 04-04-2024 03:00 | B20: 7.39 | C20: 52.67 | D20: 33.37 | E20: 0.99 | F20: 4.12 | G20: 44.5 | H20: 18.43 | I20: 6.61 | J20: 0.05 | K20: 34.66 | L20: 24.2 | M20: 63.41 | N20: 18.1 | O20: 0 | P20: 0.72 | Q20: 9.71
... A104: 04-04-2024 24:00 | B104: 16.7 | C104: 54.38 | D104: 41.72 | E104: 1.98 | F104: 3.97 | G104: 87.16 | H104: 30.66 | I104: 8.52 | J104: 0.03 | K104: 315.83 | L104: 27.65 | M104: 35.54 | N104: 18.1 | O104: 0 | P104: 1.22 | Q104: 9.94
A106: Min | B106: =MIN(B9:B104) -> 0.85 | C106: =MIN(C9:C104) -> 29.18 | D106: =MIN(D9:D104) -> 16.59 | E106: =MIN(E9:E104) -> 0.64 | F106: =MIN(F9:F104) -> 3.2 | G106: =MIN(G9:G104) -> 33.01 | H106: =MIN(H9:H104) -> 5.43 | I106: =MIN(I9:I104) -> 1.96 | ... Q106: =MIN(Q9:Q104) -> 9.2
A107: Max | B107: =MAX(B9:B104) -> 27.54 | C107: =MAX(C9:C104) -> 61 | D107: =MAX(D9:D104) -> 50.55 | E107: =MAX(E9:E104) -> 2.82 | F107: =MAX(F9:F104) -> 16.84 | G107: =MAX(G9:G104) -> 98.4 | H107: =MAX(H9:H104) -> 39.93 | I107: =MAX(I9:I104) -> 10.19 | ... Q107: =MAX(Q9:Q104) -> 10.12
A108: Avg | B108: =AVERAGE(B9:B104) -> 9.3713542 | C108: =AVERAGE(C9:C104) -> 50.840417 | D108: =AVERAGE(D9:D104) -> 33.996979 | E108: =AVERAGE(E9:E104) -> 1.49375 | F108: =AVERAGE(F9:F104) -> 6.0194792 | G108: =AVERAGE(G9:G104) -> 60.779583 | H108: =AVERAGE(H9:H104) -> 25.775729 | I108: =AVERAGE(I9:I104) -> 5.5376042 | ... Q108: =AVERAGE(Q9:Q104) -> 9.6323958
A109: Stdev | B109: =STDEV(B9:B104) -> 6.4612555 | C109: =STDEV(C9:C104) -> 5.6599868 | D109: =STDEV(D9:D104) -> 7.1372666 | E109: =STDEV(E9:E104) -> 0.55072631 | F109: =STDEV(F9:F104) -> 3.5337362 | G109: =STDEV(G9:G104) -> 17.880121 | H109: =STDEV(H9:H104) -> 8.0716426 | I109: =STDEV(I9:I104) -> 2.177795 | ... Q109: =STDEV(Q9:Q104) -> 0.23001485
A110: Num | B110: =COUNT(B9:B104) -> 96 | C110: =COUNT(C9:C104) -> 96 | D110: =COUNT(D9:D104) -> 96 | E110: =COUNT(E9:E104) -> 96 | F110: =COUNT(F9:F104) -> 96 | G110: =COUNT(G9:G104) -> 96 | H110: =COUNT(H9:H104) -> 96 | I110: =COUNT(I9:I104) -> 96 | ... Q110: =COUNT(Q9:Q104) -> 96
A111: DCR | B111: =IF(B110>=87,">90%",IF(B110<=87,"<90%")) -> >90% | C111: =IF(C110>=87,">90%",IF(C110<=87,"<90%")) -> >90% | D111: =IF(D110>=87,">90%",IF(D110<=87,"<90%")) -> >90% | E111: =IF(E110>=87,">90%",IF(E110<=87,"<90%")) -> >90% | F111: =IF(F110>=87,">90%",IF(F110<=87,"<90%")) -> >90% | G111: =IF(G110>=87,">90%",IF(G110<=87,"<90%")) -> >90% | H111: =IF(H110>=87,">90%",IF(H110<=87,"<90%")) -> >90% | I111: =IF(I110>=87,">90%",IF(I110<=87,"<90%")) -> >90% | ... Q111: =IF(Q110>=87,">90%",IF(Q110<=87,"<90%")) -> >90%
A112: Status | B112: =IF(B110>=87,"OK",IF(B110<=87,"LESS")) -> OK | C112: =IF(C110>=87,"OK",IF(C110<=87,"LESS")) -> OK | D112: =IF(D110>=87,"OK",IF(D110<=87,"LESS")) -> OK | E112: =IF(E110>=87,"OK",IF(E110<=87,"LESS")) -> OK | F112: =IF(F110>=87,"OK",IF(F110<=87,"LESS")) -> OK | G112: =IF(G110>=87,"OK",IF(G110<=87,"LESS")) -> OK | H112: =IF(H110>=87,"OK",IF(H110<=87,"LESS")) -> OK | I112: =IF(I110>=87,"OK",IF(I110<=87,"LESS")) -> OK | ... Q112: =IF(Q110>=87,"OK",IF(Q110<=87,"LESS")) -> OK
A115: Done by | B115: RK
A117: Comment

Sheet 05
A1: Station: | B1: BHATAGAON RAIPUR
A2: Date: | B2: =$A$9 -> 05-04-2024 00:15 | D2: Power Off | G2: Pw.Off | L2: Link Fail | N2: Link F | P2: Maintenance | R2: Maint.
A3: Report Type: | B3: Mean | D3: Calibration | G3: Calib. | L3: Data Fail | N3: Data F | P3: Invalid | R3: Invalid
A4: Time Base: | B4: 15 Min | D4: Zero Referrence | G4: Z.Ref | L4: Warm Up | N4: Wm. Up
A7: Date & Time | B7: NO_BHATAGAON | C7: NO2__BHATAGAON | D7: NOX_BHATAGAON | E7: SO2__BHATAGAON | F7: O3__BHATAGAON | G7: PM10__BHATAGAON | H7: PM2_5__BHATAGAON | I7: BENZ__BHATAGAON | J7: WS__BHATAGAON | K7: WD__BHATAGAON | L7: TEMP__BHATAGAON | M7: HUM__BHATAGAON | N7: SR__BHATAGAON | O7: RG__BHATAGAON | P7: CO__BHATAGAON | Q7: NH3__BHATAGAON
B8: ug/m3 | C8: ug/m3 | D8: ppb | E8: ug/m3 | F8: ug/m3 | G8: ug/m3 | H8: ug/m3 | I8: ug/m3 | J8: m/sec | K8: deg | L8: degreC | M8: % | N8: w/m2 | O8: mm | P8: mg/m3 | Q8: ug/m3
A9: 05-04-2024 00:15 | B9: 15.61 | C9: 56.81 | D9: 42.12 | E9: 1.28 | F9: 4.01 | G9: 82.71 | H9: 31.46 | I9: 8.52 | J9: 0.03 | K9: 117.54 | L9: 27.56 | M9: 35.81 | N9: 17.9 | O9: 0 | P9: 1.21 | Q9: 9.81
A10: 05-04-2024 00:30 | B10: 14.12 | C10: 58.12 | D10: 41.61 | E10: 1.24 | F10: 3.84 | G10: 81.44 | H10: 31.69 | I10: 8.85 | J10: 0.07 | K10: 72.87 | L10: 27.17 | M10: 37.71 | N10: 18.2 | O10: 0 | P10: 1.19 | Q10: 9.82
A11: 05-04-2024 00:45 | B11: 12.99 | C11: 58.66 | D11: 40.99 | E11: 1.27 | F11: 3.69 | G11: 81.44 | H11: 31.69 | I11: 9.23 | J11: 0.34 | K11: 184.71 | L11: 26.86 | M11: 37.8 | N11: 17.1 | O11: 0 | P11: 1.16 | Q11: 9.66
A12: 05-04-2024 01:00 | B12: 12.01 | C12: 60.72 | D12: 41.28 | E12: 1.55 | F12: 3.43 | G12: 81.44 | H12: 31.69 | I12: 9.56 | J12: 0.5 | K12: 207.06 | L12: 26.87 | M12: 43.25 | N12: 17.3 | O12: 0 | P12: 1.12 | Q12: 9.77
A13: 05-04-2024 01:15 | B13: 11.07 | C13: 60.54 | D13: 40.43 | E13: 1.46 | F13: 3.51 | G13: 77.55 | H13: 30.06 | I13: 9.35 | J13: 0.41 | K13: 179.26 | L13: 26.5 | M13: 45.52 | N13: 17.4 | O13: 0 | P13: 0.97 | Q13: 9.94
A14: 05-04-2024 01:30 | B14: 10.31 | C14: 57.21 | D14: 38.08 | E14: 1.07 | F14: 3.65 | G14: 76.44 | H14: 29.59 | I14: 9.1 | J14: 0.22 | K14: 223.08 | L14: 26.2 | M14: 45.65 | N14: 17.8 | O14: 0 | P14: 0.99 | Q14: 9.63
A15: 05-04-2024 01:45 | B15: 9.47 | C15: 53.59 | D15: 35.51 | E15: 1 | F15: 4.27 | G15: 76.44 | H15: 29.59 | I15: 8.93 | J15: 0.13 | K15: 231.21 | L15: 26.05 | M15: 45.9 | N15: 17.4 | O15: 0 | P15: 0.96 | Q15: 9.7
A16: 05-04-2024 02:00 | B16: 8.72 | C16: 50.74 | D16: 33.43 | E16: 1.45 | F16: 3.91 | G16: 76.44 | H16: 29.59 | I16: 8.73 | J16: 0.15 | K16: 306.18 | L16: 25.81 | M16: 46.26 | N16: 17.8 | O16: 0 | P16: 0.93 | Q16: 9.62
A17: 05-04-2024 02:15 | B17: 8.27 | C17: 49.72 | D17: 32.53 | E17: 1.05 | F17: 3.96 | G17: 72.36 | H17: 26 | I17: 8.51 | J17: 0.14 | K17: 26.31 | L17: 25.16 | M17: 48.56 | N17: 18.1 | O17: 0 | P17: 0.9 | Q17: 9.57
A18: 05-04-2024 02:30 | B18: 7.96 | C18: 49.45 | D18: 32.14 | E18: 1.11 | F18: 3.82 | G18: 71.19 | H18: 24.97 | I18: 8.29 | J18: 0.06 | K18: 232.94 | L18: 24.94 | M18: 46.3 | N18: 17.8 | O18: 0 | P18: 0.87 | Q18: 9.85
A19: 05-04-2024 02:45 | B19: 7.66 | C19: 49.49 | D19: 31.92 | E19: 1.31 | F19: 3.65 | G19: 71.19 | H19: 24.97 | I19: 8.16 | J19: 0.07 | K19: 45.52 | L19: 24.8 | M19: 47.59 | N19: 17.7 | O19: 0 | P19: 0.85 | Q19: 9.7
A20: 05-04-2024 03:00 | B20: 7.47 | C20: 45.44 | D20: 29.65 | E20: 1.27 | F20: 3.21 | G20: 71.19 | H20: 24.97 | I20: 8.02 | J20: 0.1 | K20: 301.68 | L20: 24.36 | M20: 52.52 | N20: 18.1 | O20: 0 | P20: 0.83 | Q20: 9.62
... A104: 05-04-2024 24:00 | B104: 60.44 | C104: 67.25 | D104: 83.53 | E104: 2.9 | F104: 3.58 | G104: 87.87 | H104: 81.48 | I104: 8.57 | J104: 0.18 | K104: 253.51 | L104: 25.43 | M104: 42.95 | N104: 16.8 | O104: 0 | P104: 1.33 | Q104: 10.48
A106: Min | B106: =MIN(B9:B104) -> 0.79 | C106: =MIN(C9:C104) -> 33.9 | D106: =MIN(D9:D104) -> 18.4 | E106: =MIN(E9:E104) -> 0.34 | F106: =MIN(F9:F104) -> 3.18 | G106: =MIN(G9:G104) -> 44.87 | H106: =MIN(H9:H104) -> 1.37 | I106: =MIN(I9:I104) -> 4.21 | ... Q106: =MIN(Q9:Q104) -> 9.23
A107: Max | B107: =MAX(B9:B104) -> 60.44 | C107: =MAX(C9:C104) -> 76.2 | D107: =MAX(D9:D104) -> 83.53 | E107: =MAX(E9:E104) -> 2.9 | F107: =MAX(F9:F104) -> 8.97 | G107: =MAX(G9:G104) -> 94.11 | H107: =MAX(H9:H104) -> 81.48 | I107: =MAX(I9:I104) -> 9.56 | ... Q107: =MAX(Q9:Q104) -> 10.52
A108: Avg | B108: =AVERAGE(B9:B104) -> 11.191771 | C108: =AVERAGE(C9:C104) -> 57.155 | D108: =AVERAGE(D9:D104) -> 38.756667 | E108: =AVERAGE(E9:E104) -> 1.3909375 | F108: =AVERAGE(F9:F104) -> 4.5580208 | G108: =AVERAGE(G9:G104) -> 67.13375 | H108: =AVERAGE(H9:H104) -> 22.685208 | I108: =AVERAGE(I9:I104) -> 7.2127083 | ... Q108: =AVERAGE(Q9:Q104) -> 9.6808333
A109: Stdev | B109: =STDEV(B9:B104) -> 12.308422 | C109: =STDEV(C9:C104) -> 7.3605989 | D109: =STDEV(D9:D104) -> 11.978553 | E109: =STDEV(E9:E104) -> 0.56425839 | F109: =STDEV(F9:F104) -> 1.4639662 | G109: =STDEV(G9:G104) -> 14.592155 | H109: =STDEV(H9:H104) -> 17.549242 | I109: =STDEV(I9:I104) -> 1.4704374 | ... Q109: =STDEV(Q9:Q104) -> 0.25393603
A110: Num | B110: =COUNT(B9:B104) -> 96 | C110: =COUNT(C9:C104) -> 96 | D110: =COUNT(D9:D104) -> 96 | E110: =COUNT(E9:E104) -> 96 | F110: =COUNT(F9:F104) -> 96 | G110: =COUNT(G9:G104) -> 96 | H110: =COUNT(H9:H104) -> 96 | I110: =COUNT(I9:I104) -> 96 | ... Q110: =COUNT(Q9:Q104) -> 96
A111: DCR | B111: =IF(B110>=87,">90%",IF(B110<=87,"<90%")) -> >90% | C111: =IF(C110>=87,">90%",IF(C110<=87,"<90%")) -> >90% | D111: =IF(D110>=87,">90%",IF(D110<=87,"<90%")) -> >90% | E111: =IF(E110>=87,">90%",IF(E110<=87,"<90%")) -> >90% | F111: =IF(F110>=87,">90%",IF(F110<=87,"<90%")) -> >90% | G111: =IF(G110>=87,">90%",IF(G110<=87,"<90%")) -> >90% | H111: =IF(H110>=87,">90%",IF(H110<=87,"<90%")) -> >90% | I111: =IF(I110>=87,">90%",IF(I110<=87,"<90%")) -> >90% | ... Q111: =IF(Q110>=87,">90%",IF(Q110<=87,"<90%")) -> >90%
A112: Status | B112: =IF(B110>=87,"OK",IF(B110<=87,"LESS")) -> OK | C112: =IF(C110>=87,"OK",IF(C110<=87,"LESS")) -> OK | D112: =IF(D110>=87,"OK",IF(D110<=87,"LESS")) -> OK | E112: =IF(E110>=87,"OK",IF(E110<=87,"LESS")) -> OK | F112: =IF(F110>=87,"OK",IF(F110<=87,"LESS")) -> OK | G112: =IF(G110>=87,"OK",IF(G110<=87,"LESS")) -> OK | H112: =IF(H110>=87,"OK",IF(H110<=87,"LESS")) -> OK | I112: =IF(I110>=87,"OK",IF(I110<=87,"LESS")) -> OK | ... Q112: =IF(Q110>=87,"OK",IF(Q110<=87,"LESS")) -> OK
A115: Done by | B115: RK
A117: Comment

Sheet 06
A1: Station: | B1: BHATAGAON RAIPUR
A2: Date: | B2: =$A$9 -> 06-04-2024 00:15 | D2: Power Off | G2: Pw.Off | L2: Link Fail | N2: Link F | P2: Maintenance | R2: Maint.
A3: Report Type: | B3: Mean | D3: Calibration | G3: Calib. | L3: Data Fail | N3: Data F | P3: Invalid | R3: Invalid
A4: Time Base: | B4: 15 Min | D4: Zero Referrence | G4: Z.Ref | L4: Warm Up | N4: Wm. Up
A7: Date & Time | B7: NO_BHATAGAON | C7: NO2__BHATAGAON | D7: NOX_BHATAGAON | E7: SO2__BHATAGAON | F7: O3__BHATAGAON | G7: PM10__BHATAGAON | H7: PM2_5__BHATAGAON | I7: BENZ__BHATAGAON | J7: WS__BHATAGAON | K7: WD__BHATAGAON | L7: TEMP__BHATAGAON | M7: HUM__BHATAGAON | N7: SR__BHATAGAON | O7: RG__BHATAGAON | P7: CO__BHATAGAON | Q7: NH3__BHATAGAON
B8: ug/m3 | C8: ug/m3 | D8: ppb | E8: ug/m3 | F8: ug/m3 | G8: ug/m3 | H8: ug/m3 | I8: ug/m3 | J8: m/sec | K8: deg | L8: degreC | M8: % | N8: w/m2 | O8: mm | P8: mg/m3 | Q8: ug/m3
A9: 06-04-2024 00:15 | B9: 60.89 | C9: 66.66 | D9: 83.58 | E9: 2.85 | F9: 3.43 | G9: 91.83 | H9: 55.4 | I9: 8.58 | J9: 0.2 | K9: 312.38 | L9: 25.34 | M9: 45.64 | N9: 17 | O9: 0 | P9: 1.32 | Q9: 10.6
A10: 06-04-2024 00:30 | B10: 62.12 | C10: 66.66 | D10: 84.56 | E10: 2.7 | F10: 3.3 | G10: 92.96 | H10: 47.95 | I10: 8.7 | J10: 0.33 | K10: 352.97 | L10: 24.82 | M10: 52.03 | N10: 17.1 | O10: 0 | P10: 1.36 | Q10: 10.65
A11: 06-04-2024 00:45 | B11: 62.32 | C11: 66.27 | D11: 84.52 | E11: 2.74 | F11: 3.47 | G11: 92.96 | H11: 47.95 | I11: 8.86 | J11: 0.43 | K11: 341.75 | L11: 24.91 | M11: 48.82 | N11: 16 | O11: 0 | P11: 1.35 | Q11: 10.72
A12: 06-04-2024 01:00 | B12: 60.16 | C12: 64.03 | D12: 81.62 | E12: 2.86 | F12: 3.58 | G12: 92.96 | H12: 47.95 | I12: 9.05 | J12: 0.71 | K12: 353.57 | L12: 25.58 | M12: 39.14 | N12: 15.8 | O12: 0 | P12: 1.34 | Q12: 10.7
A13: 06-04-2024 01:15 | B13: 56.91 | C13: 63.15 | D13: 78.55 | E13: 2.59 | F13: 3.39 | G13: 96.71 | H13: 33.41 | I13: 9.24 | J13: 0.76 | K13: 342.34 | L13: 26.01 | M13: 35.48 | N13: 15.8 | O13: 0 | P13: 1.18 | Q13: 10.23
A14: 06-04-2024 01:30 | B14: 53.16 | C14: 61.93 | D14: 74.91 | E14: 2.36 | F14: 3.52 | G14: 97.78 | H14: 29.26 | I14: 9.57 | J14: 0.6 | K14: 339.75 | L14: 26.14 | M14: 33.8 | N14: 16.4 | O14: 0 | P14: 1.18 | Q14: 10.37
A15: 06-04-2024 01:45 | B15: 49.11 | C15: 59.91 | D15: 70.6 | E15: 2.13 | F15: 3.51 | G15: 97.78 | H15: 29.26 | I15: 9.44 | J15: 0.45 | K15: 335.29 | L15: 26.21 | M15: 33.11 | N15: 16.8 | O15: 0 | P15: 1.07 | Q15: 10.15
A16: 06-04-2024 02:00 | B16: 46 | C16: 56.29 | D16: 66.22 | E16: 2.25 | F16: 3.77 | G16: 97.78 | H16: 29.26 | I16: 8.75 | J16: 0.18 | K16: 285.44 | L16: 26.01 | M16: 34.16 | N16: 17.4 | O16: 0 | P16: 0.97 | Q16: 10.2
A17: 06-04-2024 02:15 | B17: 43.72 | C17: 56.86 | D17: 64.69 | E17: 2.41 | F17: 3.5 | G17: 82.6 | H17: 26.16 | I17: 7.36 | J17: 0.18 | K17: 233.51 | L17: 25.98 | M17: 34.47 | N17: 17.3 | O17: 0 | P17: 0.93 | Q17: 10.1
A18: 06-04-2024 02:30 | B18: 41.54 | C18: 57.28 | D18: 63.16 | E18: 2.51 | F18: 3.36 | G18: 78.26 | H18: 25.27 | I18: 5.87 | J18: 0.06 | K18: 245.86 | L18: 25.88 | M18: 35.83 | N18: 17.3 | O18: 0 | P18: 0.92 | Q18: 9.96
A19: 06-04-2024 02:45 | B19: 39.62 | C19: 56.69 | D19: 61.31 | E19: 2.24 | F19: 3.46 | G19: 78.26 | H19: 25.27 | I19: 5.19 | J19: 0.55 | K19: 208.74 | L19: 25.49 | M19: 40.7 | N19: 16.7 | O19: 0 | P19: 0.96 | Q19: 9.74
A20: 06-04-2024 03:00 | B20: 38.21 | C20: 55.78 | D20: 59.71 | E20: 2.22 | F20: 3.58 | G20: 78.26 | H20: 25.27 | I20: 6.06 | J20: 0.12 | K20: 232.94 | L20: 24.74 | M20: 44.55 | N20: 17.7 | O20: 0 | P20: 0.94 | Q20: 9.92
... A47: 06-04-2024 09:45 | B47: 0.1 | C47: 0.97 | D47: 0.51 | E47: 1.79 | F47: 4.29 | G47: 95.38 | H47: 36.44 | I47: 10.49 | J47: 0.12 | K47: 220.69 | L47: 33.48 | M47: 26.07 | N47: 695.1 | O47: 0 | P47: 0.83 | Q47: 9.97
A48: 06-04-2024 10:00 | B48: Data F | C48: Data F | D48: Data F | E48: 1.68 | F48: 4.29 | G48: 95.38 | H48: 36.44 | I48: 10.04 | J48: 0.16 | K48: 293.47 | L48: 35.46 | M48: 23.87 | N48: 734.8 | O48: 0 | P48: 0.82 | Q48: 9.65
A49: 06-04-2024 10:15 | B49: Data F | C49: Data F | D49: Data F | E49: 1.66 | F49: 4.38 | G49: 86.75 | H49: 33.44 | I49: 9.85 | J49: 0.44 | K49: 199.6 | L49: 36.15 | M49: 21.37 | N49: 781.7 | O49: 0 | P49: 0.81 | Q49: 9.97
A50: 06-04-2024 10:30 | B50: Data F | C50: Data F | D50: Data F | E50: 1.66 | F50: 4.99 | G50: 84.28 | H50: 32.58 | I50: 9.67 | J50: 0.18 | K50: 311.85 | L50: 35.88 | M50: 20.66 | N50: 807.1 | O50: 0 | P50: 0.79 | Q50: 9.78
A51: 06-04-2024 10:45 | B51: Data F | C51: Data F | D51: Data F | E51: 1.49 | F51: 5.25 | G51: 84.28 | H51: 32.58 | I51: 9.37 | J51: 0.17 | K51: 89.87 | L51: 37.95 | M51: 18.6 | N51: 839.8 | O51: 0 | P51: 0.78 | Q51: 9.6
A52: 06-04-2024 11:00 | B52: Data F | C52: Data F | D52: Data F | E52: 1.48 | F52: 5.47 | G52: 84.28 | H52: 32.58 | I52: 9.26 | J52: 0.19 | K52: 357.67 | L52: 38.6 | M52: 17.36 | N52: 870 | O52: 0 | P52: 0.77 | Q52: 9.65
A53: 06-04-2024 11:15 | B53: Data F | C53: Data F | D53: Data F | E53: 1.01 | F53: 5.17 | G53: 79.4 | H53: 18.51 | I53: 9.24 | J53: 0.27 | K53: 75.67 | L53: 37.19 | M53: 18.23 | N53: 870 | O53: 0 | P53: 0.76 | Q53: 9.71
A54: 06-04-2024 11:30 | B54: Data F | C54: Data F | D54: Data F | E54: 1.27 | F54: 4.94 | G54: 78.01 | H54: 14.49 | I54: 9.08 | J54: 0.54 | K54: 5.9 | L54: 38.07 | M54: 18.36 | N54: 855.5 | O54: 0 | P54: 0.75 | Q54: 9.69
A55: 06-04-2024 11:45 | B55: Data F | C55: Data F | D55: Data F | E55: 1.58 | F55: 5.04 | G55: 78.01 | H55: 14.49 | I55: 9.62 | J55: 0.94 | K55: 336.65 | L55: 40.5 | M55: 16.03 | N55: 859 | O55: 0 | P55: 0.74 | Q55: 9.71
A56: 06-04-2024 12:00 | B56: Data F | C56: Data F | D56: Data F | E56: 0.63 | F56: 5.52 | G56: 78.01 | H56: 14.49 | I56: 10.3 | J56: 0.53 | K56: 346.41 | L56: 40.61 | M56: 15.08 | N56: 854.4 | O56: 0 | P56: 0.74 | Q56: 9.5
A57: 06-04-2024 12:15 | B57: Data F | C57: Data F | D57: Data F | E57: 1.08 | F57: 5.23 | G57: 73.76 | H57: 6.6 | I57: 10.32 | J57: 0.26 | K57: 38.44 | L57: 38.8 | M57: 16.53 | N57: 847.2 | O57: 0 | P57: 0.73 | Q57: 9.84
A58: 06-04-2024 12:30 | B58: Data F | C58: Data F | D58: Data F | E58: 0.83 | F58: 5.54 | G58: 72.54 | H58: 4.35 | I58: 10.42 | J58: 0.39 | K58: 325.13 | L58: 39.78 | M58: 16.52 | N58: 866.9 | O58: 0 | P58: 0.71 | Q58: 9.65
A59: 06-04-2024 12:45 | B59: Data F | C59: Data F | D59: Data F | E59: 0.65 | F59: 5.36 | G59: 72.54 | H59: 4.35 | I59: 10.72 | J59: 1.09 | K59: 344.15 | L59: 38.67 | M59: 18.23 | N59: 863.5 | O59: 0 | P59: 0.7 | Q59: 9.65
... A79: 06-04-2024 17:45 | B79: Data F | C79: Data F | D79: Data F | E79: 1.43 | F79: 4.67 | G79: 45.9 | H79: 19.5 | I79: 5.89 | J79: 0.17 | K79: 358.87 | L79: 34.05 | M79: 25.22 | N79: 45.8 | O79: 0 | P79: 0.63 | Q79: 9.59
A80: 06-04-2024 18:00 | B80: 2.32 | C80: 60.22 | D80: 33.25 | E80: 1.44 | F80: 4.02 | G80: 45.9 | H80: 19.5 | I80: 6.85 | J80: 0.1 | K80: 59.55 | L80: 32.85 | M80: 29.2 | N80: 28.7 | O80: 0 | P80: 0.8 | Q80: 9.67
A81: 06-04-2024 18:15 | B81: 4.45 | C81: 62.13 | D81: 35.95 | E81: 1.76 | F81: 3.56 | G81: 55.73 | H81: 22.11 | I81: 7.43 | J81: 0.23 | K81: 18.55 | L81: 31.92 | M81: 32.48 | N81: 23 | O81: 0 | P81: 0.92 | Q81: 9.74
A82: 06-04-2024 18:30 | B82: 8.25 | C82: 65.2 | D82: 40.6 | E82: 1.62 | F82: 3.83 | G82: 58.54 | H82: 22.86 | I82: 8.4 | J82: 0.04 | K82: 47.81 | L82: 31.22 | M82: 35.07 | N82: 20.9 | O82: 0 | P82: 1.04 | Q82: 9.84
A83: 06-04-2024 18:45 | B83: 12.16 | C83: 67.91 | D83: 45.15 | E83: 1.68 | F83: 3.78 | G83: 58.54 | H83: 22.86 | I83: 8.59 | J83: 0.23 | K83: 351.43 | L83: 30.91 | M83: 34.84 | N83: 20.6 | O83: 0 | P83: 1.33 | Q83: 9.83
A84: 06-04-2024 19:00 | B84: 15.84 | C84: 69.98 | D84: 49.19 | E84: 1.96 | F84: 3.67 | G84: 58.54 | H84: 22.86 | I84: 8.95 | J84: 0.41 | K84: 309.48 | L84: 30.87 | M84: 26.3 | N84: 19.2 | O84: 0 | P84: 1.2 | Q84: 10.06
A85: 06-04-2024 19:15 | B85: 15.85 | C85: 70.33 | D85: 49.37 | E85: 1.93 | F85: 3.56 | G85: 78.74 | H85: 26.94 | I85: 9.3 | J85: 0.55 | K85: 307.1 | L85: 31.13 | M85: 23.34 | N85: 19.2 | O85: 0 | P85: 1.08 | Q85: 10.12
A86: 06-04-2024 19:30 | B86: 14.51 | C86: 69.77 | D86: 48.01 | E86: 1.74 | F86: 3.74 | G86: 84.51 | H86: 28.11 | I86: 9.03 | J86: 0.84 | K86: 308.08 | L86: 31 | M86: 23.36 | N86: 19.1 | O86: 0 | P86: 1.12 | Q86: 10.03
A87: 06-04-2024 19:45 | B87: 13.07 | C87: 69.07 | D87: 46.49 | E87: 1.63 | F87: 3.53 | G87: 84.51 | H87: 28.11 | I87: 9.04 | J87: 0.98 | K87: 316.04 | L87: 30.77 | M87: 23.89 | N87: 19.8 | O87: 0 | P87: 1.1 | Q87: 9.73
A88: 06-04-2024 20:00 | B88: 11.82 | C88: 68.25 | D88: 45.06 | E88: 1.48 | F88: 3.36 | G88: 84.51 | H88: 28.11 | I88: 8.92 | J88: 0.71 | K88: 329.49 | L88: 30.39 | M88: 24.99 | N88: 20.5 | O88: 0 | P88: 1.08 | Q88: 9.66
A89: 06-04-2024 20:15 | B89: 11.48 | C89: 64.48 | D89: 42.82 | E89: 1.81 | F89: 3.73 | G89: 75.77 | H89: 23.52 | I89: 8.53 | J89: 1.43 | K89: 343.49 | L89: 30.22 | M89: 25.24 | N89: 19.7 | O89: 0 | P89: 1.08 | Q89: 9.97
A90: 06-04-2024 20:30 | B90: 10.97 | C90: 63.9 | D90: 42.11 | E90: 1.47 | F90: 3.55 | G90: 73.27 | H90: 22.21 | I90: 8.29 | J90: 1.7 | K90: 336.07 | L90: 30.33 | M90: 24.99 | N90: 19.9 | O90: 0 | P90: 1.06 | Q90: 9.73
A91: 06-04-2024 20:45 | B91: 10 | C91: 63.51 | D91: 41.12 | E91: 1.51 | F91: 3.58 | G91: 73.27 | H91: 22.21 | I91: 7.95 | J91: 1.36 | K91: 337.99 | L91: 29.93 | M91: 26.51 | N91: 20.4 | O91: 0 | P91: 1.04 | Q91: 9.67
... A104: 06-04-2024 24:00 | B104: 41.91 | C104: 68.4 | D104: 69.26 | E104: 2.38 | F104: 3.08 | G104: 97.5 | H104: 33.15 | I104: 8.29 | J104: 0.22 | K104: 331.7 | L104: 26.02 | M104: 41.11 | N104: 20.3 | O104: 0 | P104: 1.4 | Q104: 10.48
A106: Min | B106: =MIN(B9:B104) -> 0.1 | C106: =MIN(C9:C104) -> 0.97 | D106: =MIN(D9:D104) -> 0.51 | E106: =MIN(E9:E104) -> 0.63 | F106: =MIN(F9:F104) -> 3.05 | G106: =MIN(G9:G104) -> 44.84 | H106: =MIN(H9:H104) -> 4.35 | I106: =MIN(I9:I104) -> 5.19 | ... Q106: =MIN(Q9:Q104) -> 9.39
A107: Max | B107: =MAX(B9:B104) -> 62.32 | C107: =MAX(C9:C104) -> 70.33 | D107: =MAX(D9:D104) -> 84.56 | E107: =MAX(E9:E104) -> 2.86 | F107: =MAX(F9:F104) -> 7.21 | G107: =MAX(G9:G104) -> 97.78 | H107: =MAX(H9:H104) -> 55.4 | I107: =MAX(I9:I104) -> 10.96 | ... Q107: =MAX(Q9:Q104) -> 10.72
A108: Avg | B108: =AVERAGE(B9:B104) -> 23.109844 | C108: =AVERAGE(C9:C104) -> 52.223438 | D108: =AVERAGE(D9:D104) -> 45.738125 | E108: =AVERAGE(E9:E104) -> 1.5991667 | F108: =AVERAGE(F9:F104) -> 4.1613542 | G108: =AVERAGE(G9:G104) -> 76.445208 | H108: =AVERAGE(H9:H104) -> 27.692083 | I108: =AVERAGE(I9:I104) -> 8.7053125 | ... Q108: =AVERAGE(Q9:Q104) -> 9.9426042
A109: Stdev | B109: =STDEV(B9:B104) -> 19.531026 | C109: =STDEV(C9:C104) -> 18.633429 | D109: =STDEV(D9:D104) -> 22.45843 | E109: =STDEV(E9:E104) -> 0.53731235 | F109: =STDEV(F9:F104) -> 1.0989934 | G109: =STDEV(G9:G104) -> 16.403732 | H109: =STDEV(H9:H104) -> 9.1514267 | I109: =STDEV(I9:I104) -> 1.4684012 | ... Q109: =STDEV(Q9:Q104) -> 0.32170678
A110: Num | B110: =COUNT(B9:B104)+32 -> 96 | C110: =COUNT(C9:C104)+32 -> 96 | D110: =COUNT(D9:D104)+32 -> 96 | E110: =COUNT(E9:E104) -> 96 | F110: =COUNT(F9:F104) -> 96 | G110: =COUNT(G9:G104) -> 96 | H110: =COUNT(H9:H104) -> 96 | I110: =COUNT(I9:I104) -> 96 | J110: =COUNT(J9:J104) -> 96 | K110: =COUNT(K9:K104) -> 96 | L110: =COUNT(L9:L104) -> 96 | ... Q110: =COUNT(Q9:Q104) -> 96
A111: DCR | B111: =IF(B110>=87,">90%",IF(B110<=87,"<90%")) -> >90% | C111: =IF(C110>=87,">90%",IF(C110<=87,"<90%")) -> >90% | D111: =IF(D110>=87,">90%",IF(D110<=87,"<90%")) -> >90% | E111: =IF(E110>=87,">90%",IF(E110<=87,"<90%")) -> >90% | F111: =IF(F110>=87,">90%",IF(F110<=87,"<90%")) -> >90% | G111: =IF(G110>=87,">90%",IF(G110<=87,"<90%")) -> >90% | H111: =IF(H110>=87,">90%",IF(H110<=87,"<90%")) -> >90% | I111: =IF(I110>=87,">90%",IF(I110<=87,"<90%")) -> >90% | ... Q111: =IF(Q110>=87,">90%",IF(Q110<=87,"<90%")) -> >90%
A112: Status | B112: =IF(B110>=87,"OK",IF(B110<=87,"LESS")) -> OK | C112: =IF(C110>=87,"OK",IF(C110<=87,"LESS")) -> OK | D112: =IF(D110>=87,"OK",IF(D110<=87,"LESS")) -> OK | E112: =IF(E110>=87,"OK",IF(E110<=87,"LESS")) -> OK | F112: =IF(F110>=87,"OK",IF(F110<=87,"LESS")) -> OK | G112: =IF(G110>=87,"OK",IF(G110<=87,"LESS")) -> OK | H112: =IF(H110>=87,"OK",IF(H110<=87,"LESS")) -> OK | I112: =IF(I110>=87,"OK",IF(I110<=87,"LESS")) -> OK | ... Q112: =IF(Q110>=87,"OK",IF(Q110<=87,"LESS")) -> OK
A115: Done by | B115: RK
A117: Comment

Sheet 07
A1: Station: | B1: BHATAGAON RAIPUR
A2: Date: | B2: =$A$9 -> 07-04-2024 00:15 | D2: Power Off | G2: Pw.Off | L2: Link Fail | N2: Link F | P2: Maintenance | R2: Maint.
A3: Report Type: | B3: Mean | D3: Calibration | G3: Calib. | L3: Data Fail | N3: Data F | P3: Invalid | R3: Invalid
A4: Time Base: | B4: 15 Min | D4: Zero Referrence | G4: Z.Ref | L4: Warm Up | N4: Wm. Up
A7: Date & Time | B7: NO_BHATAGAON | C7: NO2__BHATAGAON | D7: NOX_BHATAGAON | E7: SO2__BHATAGAON | F7: O3__BHATAGAON | G7: PM10__BHATAGAON | H7: PM2_5__BHATAGAON | I7: BENZ__BHATAGAON | J7: WS__BHATAGAON | K7: WD__BHATAGAON | L7: TEMP__BHATAGAON | M7: HUM__BHATAGAON | N7: SR__BHATAGAON | O7: RG__BHATAGAON | P7: CO__BHATAGAON | Q7: NH3__BHATAGAON
B8: ug/m3 | C8: ug/m3 | D8: ppb | E8: ug/m3 | F8: ug/m3 | G8: ug/m3 | H8: ug/m3 | I8: ug/m3 | J8: m/sec | K8: deg | L8: degreC | M8: % | N8: w/m2 | O8: mm | P8: mg/m3 | Q8: ug/m3
A9: 07-04-2024 00:15 | B9: 41.47 | C9: 67.55 | D9: 68.47 | E9: 1.27 | F9: 3.1 | G9: 110.93 | H9: 39.29 | I9: 8.35 | J9: 0.54 | K9: 348.85 | L9: 26.41 | M9: 37.15 | N9: 19.2 | O9: 0 | P9: 1.37 | Q9: 10.17
A10: 07-04-2024 00:30 | B10: 39.63 | C10: 64.49 | D10: 65.4 | E10: 1.53 | F10: 3.43 | G10: 114.76 | H10: 41.05 | I10: 8.11 | J10: 0.2 | K10: 319.29 | L10: 26.92 | M10: 34.38 | N10: 20.4 | O10: 0 | P10: 1.35 | Q10: 10.44
A11: 07-04-2024 00:45 | B11: 37.4 | C11: 63.09 | D11: 62.87 | E11: 1.65 | F11: 3.62 | G11: 114.76 | H11: 41.05 | I11: 7.68 | J11: 0.06 | K11: 195.15 | L11: 26.79 | M11: 33.62 | N11: 20.7 | O11: 0 | P11: 1.17 | Q11: 10.27
A12: 07-04-2024 01:00 | B12: 35.82 | C12: 61.07 | D12: 60.55 | E12: 1.6 | F12: 3.54 | G12: 114.76 | H12: 41.05 | I12: 7.39 | J12: 0.17 | K12: 142.75 | L12: 26.47 | M12: 35.26 | N12: 20.7 | O12: 0 | P12: 1.18 | Q12: 10.28
A13: 07-04-2024 01:15 | B13: 34.65 | C13: 60.93 | D13: 59.54 | E13: 1.45 | F13: 3.23 | G13: 124.21 | H13: 46.38 | I13: 5.96 | J13: 0.15 | K13: 158.87 | L13: 25.95 | M13: 37.23 | N13: 20.5 | O13: 0 | P13: 1.11 | Q13: 10.14
A14: 07-04-2024 01:30 | B14: 33.69 | C14: 60.27 | D14: 58.42 | E14: 1.48 | F14: 3.14 | G14: 126.9 | H14: 47.91 | I14: 5.88 | J14: 0.08 | K14: 280.98 | L14: 25.39 | M14: 41.39 | N14: 20.9 | O14: 0 | P14: 1.14 | Q14: 10.25
A15: 07-04-2024 01:45 | B15: 32.82 | C15: 58.98 | D15: 57.05 | E15: 1.49 | F15: 3.1 | G15: 126.9 | H15: 47.91 | I15: 6.1 | J15: 0.24 | K15: 233.84 | L15: 25.12 | M15: 41.22 | N15: 20.4 | O15: 0 | P15: 1.11 | Q15: 10.06
A16: 07-04-2024 02:00 | B16: 31.78 | C16: 57.56 | D16: 55.47 | E16: 1.44 | F16: 3.33 | G16: 126.9 | H16: 47.91 | I16: 6.38 | J16: 0.23 | K16: 210.34 | L16: 25.38 | M16: 39.26 | N16: 20.1 | O16: 0 | P16: 1.04 | Q16: 10.25
A17: 07-04-2024 02:15 | B17: 30.95 | C17: 56.7 | D17: 54.37 | E17: 1.32 | F17: 3.2 | G17: 109.68 | H17: 43.64 | I17: 6.51 | J17: 0.17 | K17: 293.93 | L17: 25.17 | M17: 45.18 | N17: 20.5 | O17: 0 | P17: 1.05 | Q17: 10.22
A18: 07-04-2024 02:30 | B18: 30.79 | C18: 54.36 | D18: 53.02 | E18: 1.19 | F18: 3.38 | G18: 104.76 | H18: 42.42 | I18: 6.1 | J18: 0.23 | K18: 313.87 | L18: 24.24 | M18: 52.11 | N18: 20.9 | O18: 0 | P18: 1.07 | Q18: 10.1
A19: 07-04-2024 02:45 | B19: 30.96 | C19: 50.3 | D19: 51.03 | E19: 1.28 | F19: 3.25 | G19: 104.76 | H19: 42.42 | I19: 6.6 | J19: 0.22 | K19: 330.45 | L19: 23.56 | M19: 54.61 | N19: 21 | O19: 0 | P19: 1.08 | Q19: 10.06
A20: 07-04-2024 03:00 | B20: 30.12 | C20: 50.38 | D20: 50.39 | E20: 1.32 | F20: 3.22 | G20: 104.76 | H20: 42.42 | I20: 8.07 | J20: 0.22 | K20: 251.09 | L20: 23.71 | M20: 55.05 | N20: 20.3 | O20: 0 | P20: 1.03 | Q20: 10.15
... A104: 07-04-2024 24:00 | B104: 1.45 | C104: 47.06 | D104: 25.67 | E104: 1.18 | F104: 3.58 | G104: 32.01 | H104: 11.65 | I104: 7.3 | J104: 1.32 | K104: 1.29 | L104: 23.91 | M104: 46.38 | N104: 22.2 | O104: 0 | P104: 0.39 | Q104: 9.49
A106: Min | B106: =MIN(B9:B104) -> 0.1 | C106: =MIN(C9:C104) -> 47.06 | D106: =MIN(D9:D104) -> 25.16 | E106: =MIN(E9:E104) -> 0.6 | F106: =MIN(F9:F104) -> 2.81 | G106: =MIN(G9:G104) -> 32.01 | H106: =MIN(H9:H104) -> 11.04 | I106: =MIN(I9:I104) -> 5.88 | ... Q106: =MIN(Q9:Q104) -> 9.28
A107: Max | B107: =MAX(B9:B104) -> 41.47 | C107: =MAX(C9:C104) -> 67.55 | D107: =MAX(D9:D104) -> 68.47 | E107: =MAX(E9:E104) -> 2.64 | F107: =MAX(F9:F104) -> 6.18 | G107: =MAX(G9:G104) -> 126.9 | H107: =MAX(H9:H104) -> 47.91 | I107: =MAX(I9:I104) -> 10.95 | ... Q107: =MAX(Q9:Q104) -> 10.44
A108: Avg | B108: =AVERAGE(B9:B104) -> 12.551667 | C108: =AVERAGE(C9:C104) -> 54.561146 | D108: =AVERAGE(D9:D104) -> 38.49125 | E108: =AVERAGE(E9:E104) -> 1.565625 | F108: =AVERAGE(F9:F104) -> 3.6844792 | G108: =AVERAGE(G9:G104) -> 73.435208 | H108: =AVERAGE(H9:H104) -> 24.837708 | I108: =AVERAGE(I9:I104) -> 8.1647917 | ... Q108: =AVERAGE(Q9:Q104) -> 9.7905208
A109: Stdev | B109: =STDEV(B9:B104) -> 11.801779 | C109: =STDEV(C9:C104) -> 5.4037671 | D109: =STDEV(D9:D104) -> 10.497384 | E109: =STDEV(E9:E104) -> 0.52559302 | F109: =STDEV(F9:F104) -> 0.65060922 | G109: =STDEV(G9:G104) -> 26.157574 | H109: =STDEV(H9:H104) -> 9.9647041 | I109: =STDEV(I9:I104) -> 1.3169246 | ... Q109: =STDEV(Q9:Q104) -> 0.27058755
A110: Num | B110: =COUNT(B9:B104) -> 96 | C110: =COUNT(C9:C104) -> 96 | D110: =COUNT(D9:D104) -> 96 | E110: =COUNT(E9:E104) -> 96 | F110: =COUNT(F9:F104) -> 96 | G110: =COUNT(G9:G104) -> 96 | H110: =COUNT(H9:H104) -> 96 | I110: =COUNT(I9:I104) -> 96 | ... Q110: =COUNT(Q9:Q104) -> 96
A111: DCR | B111: =IF(B110>=87,">90%",IF(B110<=87,"<90%")) -> >90% | C111: =IF(C110>=87,">90%",IF(C110<=87,"<90%")) -> >90% | D111: =IF(D110>=87,">90%",IF(D110<=87,"<90%")) -> >90% | E111: =IF(E110>=87,">90%",IF(E110<=87,"<90%")) -> >90% | F111: =IF(F110>=87,">90%",IF(F110<=87,"<90%")) -> >90% | G111: =IF(G110>=87,">90%",IF(G110<=87,"<90%")) -> >90% | H111: =IF(H110>=87,">90%",IF(H110<=87,"<90%")) -> >90% | I111: =IF(I110>=87,">90%",IF(I110<=87,"<90%")) -> >90% | ... Q111: =IF(Q110>=87,">90%",IF(Q110<=87,"<90%")) -> >90%
A112: Status | B112: =IF(B110>=87,"OK",IF(B110<=87,"LESS")) -> OK | C112: =IF(C110>=87,"OK",IF(C110<=87,"LESS")) -> OK | D112: =IF(D110>=87,"OK",IF(D110<=87,"LESS")) -> OK | E112: =IF(E110>=87,"OK",IF(E110<=87,"LESS")) -> OK | F112: =IF(F110>=87,"OK",IF(F110<=87,"LESS")) -> OK | G112: =IF(G110>=87,"OK",IF(G110<=87,"LESS")) -> OK | H112: =IF(H110>=87,"OK",IF(H110<=87,"LESS")) -> OK | I112: =IF(I110>=87,"OK",IF(I110<=87,"LESS")) -> OK | ... Q112: =IF(Q110>=87,"OK",IF(Q110<=87,"LESS")) -> OK
A115: Done by | B115: RK
A117: Comment

Sheet 08
A1: Station: | B1: BHATAGAON RAIPUR
A2: Date: | B2: =$A$9 -> 08-04-2024 00:15 | D2: Power Off | G2: Pw.Off | L2: Link Fail | N2: Link F | P2: Maintenance | R2: Maint.
A3: Report Type: | B3: Mean | D3: Calibration | G3: Calib. | L3: Data Fail | N3: Data F | P3: Invalid | R3: Invalid
A4: Time Base: | B4: 15 Min | D4: Zero Referrence | G4: Z.Ref | L4: Warm Up | N4: Wm. Up
A7: Date & Time | B7: NO_BHATAGAON | C7: NO2__BHATAGAON | D7: NOX_BHATAGAON | E7: SO2__BHATAGAON | F7: O3__BHATAGAON | G7: PM10__BHATAGAON | H7: PM2_5__BHATAGAON | I7: BENZ__BHATAGAON | J7: WS__BHATAGAON | K7: WD__BHATAGAON | L7: TEMP__BHATAGAON | M7: HUM__BHATAGAON | N7: SR__BHATAGAON | O7: RG__BHATAGAON | P7: CO__BHATAGAON | Q7: NH3__BHATAGAON
B8: ug/m3 | C8: ug/m3 | D8: ppb | E8: ug/m3 | F8: ug/m3 | G8: ug/m3 | H8: ug/m3 | I8: ug/m3 | J8: m/sec | K8: deg | L8: degreC | M8: % | N8: w/m2 | O8: mm | P8: mg/m3 | Q8: ug/m3
A9: 08-04-2024 00:15 | B9: 1.6 | C9: 47.11 | D9: 25.82 | E9: 1.55 | F9: 3.79 | G9: 32.96 | H9: 9.43 | I9: 7.07 | J9: 0.77 | K9: 10.57 | L9: 23.38 | M9: 52.75 | N9: 23 | O9: 0 | P9: 0.38 | Q9: 9.58
A10: 08-04-2024 00:30 | B10: 1.74 | C10: 46.94 | D10: 25.84 | E10: 1.94 | F10: 3.36 | G10: 33.23 | H10: 8.79 | I10: 7.52 | J10: 1.23 | K10: 110.26 | L10: 22.9 | M10: 53.2 | N10: 18.9 | O10: 0 | P10: 0.38 | Q10: 9.49
A11: 08-04-2024 00:45 | B11: 1.87 | C11: 46.31 | D11: 25.61 | E11: 1.85 | F11: 3.45 | G11: 33.23 | H11: 8.79 | I11: 7.45 | J11: 1.35 | K11: 119.96 | L11: 23.11 | M11: 52 | N11: 21.1 | O11: 0 | P11: 0.37 | Q11: 9.53
A12: 08-04-2024 01:00 | B12: 1.81 | C12: 45.54 | D12: 25.16 | E12: 1.75 | F12: 3.29 | G12: 33.23 | H12: 8.79 | I12: 7.38 | J12: 0.49 | K12: 72.4 | L12: 22.39 | M12: 59.7 | N12: 19.9 | O12: 0 | P12: 0.36 | Q12: 9.56
A13: 08-04-2024 01:15 | B13: 1.93 | C13: 46 | D13: 25.5 | E13: 1.81 | F13: 3.34 | G13: 33.4 | H13: 11.35 | I13: 7.44 | J13: 0.59 | K13: 112.07 | L13: 21.55 | M13: 66.07 | N13: 19.7 | O13: 0.2 | P13: 0.39 | Q13: 9.55
A14: 08-04-2024 01:30 | B14: 2.08 | C14: 45.79 | D14: 25.51 | E14: 1.83 | F14: 3.76 | G14: 33.45 | H14: 12.08 | I14: 7.65 | J14: 0.27 | K14: 269.58 | L14: 21.19 | M14: 71.66 | N14: 19.8 | O14: 0 | P14: 0.41 | Q14: 9.57
A15: 08-04-2024 01:45 | B15: 1.89 | C15: 44.61 | D15: 24.74 | E15: 1.88 | F15: 3.7 | G15: 33.45 | H15: 12.08 | I15: 7.79 | J15: 1.04 | K15: 170.87 | L15: 20.3 | M15: 81.54 | N15: 22.8 | O15: 0.6 | P15: 0.4 | Q15: 9.57
A16: 08-04-2024 02:00 | B16: 1.64 | C16: 44.54 | D16: 24.51 | E16: 1.86 | F16: 3.59 | G16: 33.45 | H16: 12.08 | I16: 7.6 | J16: 1.22 | K16: 157.98 | L16: 19.29 | M16: 89.58 | N16: 22.3 | O16: 0.4 | P16: 0.39 | Q16: 9.59
A17: 08-04-2024 02:15 | B17: 1.48 | C17: 44.58 | D17: 24.4 | E17: 1.65 | F17: 3.79 | G17: 33.45 | H17: 22.11 | I17: 7.29 | J17: 1.54 | K17: 159.52 | L17: 18.99 | M17: 89.82 | N17: 21.6 | O17: 0.2 | P17: 0.38 | Q17: 9.6
A18: 08-04-2024 02:30 | B18: 1.12 | C18: 44.65 | D18: 24.15 | E18: 1.68 | F18: 3.97 | G18: 33.45 | H18: 25.16 | I18: 7.07 | J18: 0.94 | K18: 158.09 | L18: 18.65 | M18: 94.21 | N18: 21.6 | O18: 0.4 | P18: 0.37 | Q18: 9.62
A19: 08-04-2024 02:45 | B19: 0.64 | C19: 44.44 | D19: 23.66 | E19: 1.75 | F19: 4.14 | G19: 33.45 | H19: 25.16 | I19: 7.04 | J19: 1.47 | K19: 162.59 | L19: 18.34 | M19: 98.69 | N19: 21.9 | O19: 0.2 | P19: 0.36 | Q19: 9.57
A20: 08-04-2024 03:00 | B20: 0.29 | C20: 43.87 | D20: 23.07 | E20: 2.18 | F20: 3.72 | G20: 33.45 | H20: 25.16 | I20: 6.49 | J20: 1.48 | K20: 158.98 | L20: 18.02 | M20: 100.31 | N20: 22 | O20: 0.4 | P20: 0.35 | Q20: 9.52
... A104: 08-04-2024 24:00 | B104: 6.56 | C104: 45.45 | D104: 28.93 | E104: 1.05 | F104: 3.54 | G104: 31.35 | H104: 10.98 | I104: 7 | J104: 0.34 | K104: 55.16 | L104: 18.44 | M104: 92.31 | N104: 17.4 | O104: 0 | P104: 0.57 | Q104: 9.5
A106: Min | B106: =MIN(B9:B104) -> 0.1 | C106: =MIN(C9:C104) -> 35.65 | D106: =MIN(D9:D104) -> 18.63 | E106: =MIN(E9:E104) -> 0.76 | F106: =MIN(F9:F104) -> 2.72 | G106: =MIN(G9:G104) -> 15.45 | H106: =MIN(H9:H104) -> 5.91 | I106: =MIN(I9:I104) -> 2.14 | ... Q106: =MIN(Q9:Q104) -> 0
A107: Max | B107: =MAX(B9:B104) -> 6.67 | C107: =MAX(C9:C104) -> 48.54 | D107: =MAX(D9:D104) -> 29.33 | E107: =MAX(E9:E104) -> 2.18 | F107: =MAX(F9:F104) -> 7.43 | G107: =MAX(G9:G104) -> 38.5 | H107: =MAX(H9:H104) -> 25.16 | I107: =MAX(I9:I104) -> 8.43 | ... Q107: =MAX(Q9:Q104) -> 9.74
A108: Avg | B108: =AVERAGE(B9:B104) -> 1.443125 | C108: =AVERAGE(C9:C104) -> 42.314062 | D108: =AVERAGE(D9:D104) -> 23.185104 | E108: =AVERAGE(E9:E104) -> 1.6145833 | F108: =AVERAGE(F9:F104) -> 4.4673958 | G108: =AVERAGE(G9:G104) -> 24.416979 | H108: =AVERAGE(H9:H104) -> 10.3575 | I108: =AVERAGE(I9:I104) -> 5.5289583 | ... Q108: =AVERAGE(Q9:Q104) -> 9.084375
A109: Stdev | B109: =STDEV(B9:B104) -> 2.2239237 | C109: =STDEV(C9:C104) -> 3.714752 | D109: =STDEV(D9:D104) -> 3.3708962 | E109: =STDEV(E9:E104) -> 0.2898127 | F109: =STDEV(F9:F104) -> 1.1116666 | G109: =STDEV(G9:G104) -> 6.8690361 | H109: =STDEV(H9:H104) -> 4.0929524 | I109: =STDEV(I9:I104) -> 2.0651746 | ... Q109: =STDEV(Q9:Q104) -> 1.9068932
A110: Num | B110: =COUNT(B9:B104) -> 96 | C110: =COUNT(C9:C104) -> 96 | D110: =COUNT(D9:D104) -> 96 | E110: =COUNT(E9:E104) -> 96 | F110: =COUNT(F9:F104) -> 96 | G110: =COUNT(G9:G104) -> 96 | H110: =COUNT(H9:H104) -> 96 | I110: =COUNT(I9:I104) -> 96 | ... Q110: =COUNT(Q9:Q104) -> 96
A111: DCR | B111: =IF(B110>=87,">90%",IF(B110<=87,"<90%")) -> >90% | C111: =IF(C110>=87,">90%",IF(C110<=87,"<90%")) -> >90% | D111: =IF(D110>=87,">90%",IF(D110<=87,"<90%")) -> >90% | E111: =IF(E110>=87,">90%",IF(E110<=87,"<90%")) -> >90% | F111: =IF(F110>=87,">90%",IF(F110<=87,"<90%")) -> >90% | G111: =IF(G110>=87,">90%",IF(G110<=87,"<90%")) -> >90% | H111: =IF(H110>=87,">90%",IF(H110<=87,"<90%")) -> >90% | I111: =IF(I110>=87,">90%",IF(I110<=87,"<90%")) -> >90% | ... Q111: =IF(Q110>=87,">90%",IF(Q110<=87,"<90%")) -> >90%
A112: Status | B112: =IF(B110>=87,"OK",IF(B110<=87,"LESS")) -> OK | C112: =IF(C110>=87,"OK",IF(C110<=87,"LESS")) -> OK | D112: =IF(D110>=87,"OK",IF(D110<=87,"LESS")) -> OK | E112: =IF(E110>=87,"OK",IF(E110<=87,"LESS")) -> OK | F112: =IF(F110>=87,"OK",IF(F110<=87,"LESS")) -> OK | G112: =IF(G110>=87,"OK",IF(G110<=87,"LESS")) -> OK | H112: =IF(H110>=87,"OK",IF(H110<=87,"LESS")) -> OK | I112: =IF(I110>=87,"OK",IF(I110<=87,"LESS")) -> OK | ... Q112: =IF(Q110>=87,"OK",IF(Q110<=87,"LESS")) -> OK
A115: Done by | B115: RK
A117: Comment

Sheet 09
A1: Station: | B1: BHATAGAON RAIPUR
A2: Date: | B2: =$A$9 -> 09-04-2024 00:15 | D2: Power Off | G2: Pw.Off | L2: Link Fail | N2: Link F | P2: Maintenance | R2: Maint.
A3: Report Type: | B3: Mean | D3: Calibration | G3: Calib. | L3: Data Fail | N3: Data F | P3: Invalid | R3: Invalid
A4: Time Base: | B4: 15 Min | D4: Zero Referrence | G4: Z.Ref | L4: Warm Up | N4: Wm. Up
A7: Date & Time | B7: NO_BHATAGAON | C7: NO2__BHATAGAON | D7: NOX_BHATAGAON | E7: SO2__BHATAGAON | F7: O3__BHATAGAON | G7: PM10__BHATAGAON | H7: PM2_5__BHATAGAON | I7: BENZ__BHATAGAON | J7: WS__BHATAGAON | K7: WD__BHATAGAON | L7: TEMP__BHATAGAON | M7: HUM__BHATAGAON | N7: SR__BHATAGAON | O7: RG__BHATAGAON | P7: CO__BHATAGAON | Q7: NH3__BHATAGAON
B8: ug/m3 | C8: ug/m3 | D8: ppb | E8: ug/m3 | F8: ug/m3 | G8: ug/m3 | H8: ug/m3 | I8: ug/m3 | J8: m/sec | K8: deg | L8: degreC | M8: % | N8: w/m2 | O8: mm | P8: mg/m3 | Q8: ug/m3
A9: 09-04-2024 00:15 | B9: 6.68 | C9: 44.43 | D9: 28.49 | E9: 1.31 | F9: 3.07 | G9: 30.94 | H9: 12.67 | I9: 6.95 | J9: 0.51 | K9: 91.89 | L9: 18.53 | M9: 89.12 | N9: 17 | O9: 0 | P9: 0.58 | Q9: 9.32
A10: 09-04-2024 00:30 | B10: 6.7 | C10: 46.86 | D10: 29.77 | E10: 1.05 | F10: 2.65 | G10: 30.82 | H10: 13.16 | I10: 6.85 | J10: 1.48 | K10: 98.05 | L10: 18.91 | M10: 84.84 | N10: 16.4 | O10: 0 | P10: 0.56 | Q10: 9.59
A11: 09-04-2024 00:45 | B11: 6.12 | C11: 46.2 | D11: 28.96 | E11: 1.25 | F11: 3.45 | G11: 30.82 | H11: 13.16 | I11: 6.87 | J11: 0.67 | K11: 162.17 | L11: 18.99 | M11: 86.05 | N11: 16.6 | O11: 0 | P11: 0.55 | Q11: 9.4
A12: 09-04-2024 01:00 | B12: 5.28 | C12: 45.74 | D12: 28.05 | E12: 1.12 | F12: 3.58 | G12: 30.82 | H12: 13.16 | I12: 7.1 | J12: 0.04 | K12: 13.45 | L12: 18.88 | M12: 88.6 | N12: 16.7 | O12: 0 | P12: 0.53 | Q12: 9.58
A13: 09-04-2024 01:15 | B13: 4.78 | C13: 44.36 | D13: 26.93 | E13: 1.06 | F13: 3.38 | G13: 26.48 | H13: 12.09 | I13: 7.2 | J13: 0.3 | K13: 53.63 | L13: 18.6 | M13: 93.33 | N13: 17.4 | O13: 0.6 | P13: 0.42 | Q13: 9.29
A14: 09-04-2024 01:30 | B14: 4.42 | C14: 43.54 | D14: 26.21 | E14: 0.99 | F14: 3.1 | G14: 25.24 | H14: 11.79 | I14: 6.99 | J14: 0.24 | K14: 13.52 | L14: 18.01 | M14: 97.72 | N14: 17.3 | O14: 6.8 | P14: 0.44 | Q14: 9.63
A15: 09-04-2024 01:45 | B15: 4.06 | C15: 42.24 | D15: 25.24 | E15: 0.97 | F15: 3.32 | G15: 25.24 | H15: 11.79 | I15: 6.74 | J15: 0.59 | K15: 110.85 | L15: 16.82 | M15: 97.77 | N15: 17.5 | O15: 1 | P15: 0.43 | Q15: 9.47
A16: 09-04-2024 02:00 | B16: 3.72 | C16: 41.62 | D16: 24.64 | E16: 1.13 | F16: 3.57 | G16: 25.24 | H16: 11.79 | I16: 6.45 | J16: 0.68 | K16: 152.66 | L16: 17.21 | M16: 97.78 | N16: 16.2 | O16: 0 | P16: 0.41 | Q16: 9.55
A17: 09-04-2024 02:15 | B17: 3.46 | C17: 41.54 | D17: 24.4 | E17: 1.02 | F17: 3.05 | G17: 24.72 | H17: 9.24 | I17: 6.32 | J17: 0.92 | K17: 155.79 | L17: 17.52 | M17: 97.76 | N17: 17.6 | O17: 0 | P17: 0.4 | Q17: 9.49
A18: 09-04-2024 02:30 | B18: 3.23 | C18: 41.4 | D18: 24.14 | E18: 0.91 | F18: 3.49 | G18: 24.57 | H18: 8.51 | I18: 6.2 | J18: 1.66 | K18: 311.7 | L18: 17.71 | M18: 97.75 | N18: 18 | O18: 0 | P18: 0.38 | Q18: 9.28
A19: 09-04-2024 02:45 | B19: 2.16 | C19: 40.79 | D19: 22.96 | E19: 1.27 | F19: 4.32 | G19: 24.57 | H19: 8.51 | I19: 6.02 | J19: 1.21 | K19: 313.9 | L19: 17.92 | M19: 95.56 | N19: 18.7 | O19: 0 | P19: 0.36 | Q19: 9.57
A20: 09-04-2024 03:00 | B20: 1 | C20: 41.26 | D20: 22.27 | E20: 1.39 | F20: 3.91 | G20: 24.57 | H20: 8.51 | I20: 5.65 | J20: 0.05 | K20: 263.11 | L20: 18.19 | M20: 92.52 | N20: 17.7 | O20: 0.2 | P20: 0.34 | Q20: 9.4
... A52: 09-04-2024 11:00 | B52: 0.1 | C52: 39.49 | D52: 20.63 | E52: 12.81 | F52: 10.34 | G52: 21.12 | H52: 17.59 | I52: 3.48 | J52: 1.27 | K52: 161.92 | L52: 24.21 | M52: 64.45 | N52: 775.9 | O52: 0 | P52: 0.29 | Q52: 9.16
A53: 09-04-2024 11:15 | B53: 0.1 | C53: 38.22 | D53: 19.97 | E53: Calib. | F53: 7.52 | G53: 21.12 | H53: 17.59 | I53: 3.3 | J53: 1.23 | K53: 158.38 | L53: 24.91 | M53: 61 | N53: 842 | O53: 0 | P53: 0.29 | Q53: 9.15
A54: 09-04-2024 11:30 | B54: 0.1 | C54: 36 | D54: 18.81 | E54: Calib. | F54: 5.01 | G54: 21.12 | H54: 17.59 | I54: 3.55 | J54: 0.67 | K54: 165.09 | L54: 25.34 | M54: 59.9 | N54: 875.5 | O54: 0 | P54: 0.28 | Q54: 9.37
A55: 09-04-2024 11:45 | B55: 0.1 | C55: 33.53 | D55: 17.52 | E55: Calib. | F55: 5.04 | G55: 21.12 | H55: 17.59 | I55: 4.85 | J55: 0.94 | K55: 162.08 | L55: 25.75 | M55: 57.96 | N55: 894.1 | O55: 0 | P55: 0.28 | Q55: 9.3
A56: 09-04-2024 12:00 | B56: Calib. | C56: Calib. | D56: Calib. | E56: 7.82 | F56: 7.47 | G56: 20.18 | H56: 16.81 | I56: 6.99 | J56: 0.2 | K56: 166.03 | L56: 26.35 | M56: 56.88 | N56: 601.9 | O56: 0 | P56: 0.26 | Q56: 9.17
A57: 09-04-2024 12:15 | B57: Calib. | C57: Calib. | D57: Calib. | E57: 2.8 | F57: 6.59 | G57: Calib. | H57: Calib. | I57: 8.65 | J57: 0.21 | K57: 331.59 | L57: 26.8 | M57: 59 | N57: 322.5 | O57: 0 | P57: 0.26 | Q57: 9.31
A58: 09-04-2024 12:30 | B58: Calib. | C58: Calib. | D58: Calib. | E58: 2.79 | F58: 6.33 | G58: Calib. | H58: Calib. | I58: 9.6 | J58: 0.27 | K58: 321.72 | L58: 28.17 | M58: 54.74 | N58: 359.4 | O58: 0 | P58: 0.29 | Q58: 9.33
A59: 09-04-2024 12:45 | B59: 0.11 | C59: 30.18 | D59: 15.78 | E59: 2.82 | F59: 4.69 | G59: Calib. | H59: Calib. | I59: 10.91 | J59: 0.17 | K59: 292.1 | L59: 28.21 | M59: 54.48 | N59: 540.4 | O59: 0 | P59: 0.3 | Q59: 9.22
A60: 09-04-2024 13:00 | B60: 0.1 | C60: 30.52 | D60: 15.94 | E60: 3.34 | F60: 7.77 | G60: Calib. | H60: Calib. | I60: 12.59 | J60: 0.45 | K60: 167.43 | L60: 27.66 | M60: 53.74 | N60: 739.8 | O60: 0 | P60: 0.3 | Q60: 9.31
A61: 09-04-2024 13:15 | B61: 0.1 | C61: 28.87 | D61: 15.08 | E61: 3.01 | F61: 7.43 | G61: Calib. | H61: Calib. | I61: 13.78 | J61: 0.12 | K61: 141.47 | L61: 28.66 | M61: 52.61 | N61: 651.5 | O61: 0 | P61: 0.3 | Q61: 9.18
A62: 09-04-2024 13:30 | B62: 0.1 | C62: 28.36 | D62: 14.82 | E62: 3.11 | F62: 6.62 | G62: Calib. | H62: Calib. | I62: 12.75 | J62: 0.37 | K62: 142.16 | L62: 27.93 | M62: 53.31 | N62: 659 | O62: 0 | P62: 0.3 | Q62: 9.16
A63: 09-04-2024 13:45 | B63: 0.1 | C63: 27.69 | D63: 14.47 | E63: 3.76 | F63: 4.63 | G63: Calib. | H63: Calib. | I63: 10.72 | J63: 0.68 | K63: 106.34 | L63: 27.75 | M63: 54.92 | N63: 700.4 | O63: 0 | P63: 0.31 | Q63: 9.29
A64: 09-04-2024 14:00 | B64: 0.1 | C64: 27.28 | D64: 14.25 | E64: 3.29 | F64: 3.78 | G64: Calib. | H64: Calib. | I64: 10.04 | J64: 0.78 | K64: 105.09 | L64: 27.38 | M64: 56.05 | N64: 653.4 | O64: 0 | P64: 0.31 | Q64: 9.22
A65: 09-04-2024 14:15 | B65: 0.1 | C65: 32.05 | D65: 16.75 | E65: 3.3 | F65: 3.96 | G65: 48.77 | H65: 4.55 | I65: 10.05 | J65: 0.28 | K65: 140.33 | L65: 27.74 | M65: 55.02 | N65: 516.1 | O65: 0 | P65: 0.3 | Q65: 9.14
A66: 09-04-2024 14:30 | B66: 0.1 | C66: 32.6 | D66: 17.03 | E66: 3.14 | F66: 4.85 | G66: 48.77 | H66: 4.55 | I66: 10.21 | J66: 0.53 | K66: 173.92 | L66: 27.98 | M66: 48.91 | N66: 406.5 | O66: 0 | P66: 0.3 | Q66: 9.22
A67: 09-04-2024 14:45 | B67: 0.1 | C67: 32.33 | D67: 16.89 | E67: 3.17 | F67: 4.88 | G67: 48.77 | H67: 4.55 | I67: 10.09 | J67: 0.42 | K67: 171.65 | L67: 28.25 | M67: 48.31 | N67: 578.9 | O67: 0 | P67: 0.3 | Q67: 9.22
A68: 09-04-2024 15:00 | B68: 0.1 | C68: 31.69 | D68: 16.56 | E68: 3.14 | F68: 4.64 | G68: 47.66 | H68: 4.62 | I68: 9.64 | J68: 0.47 | K68: 175.56 | L68: 28.27 | M68: 47.16 | N68: 474 | O68: 0 | P68: 0.29 | Q68: 9.25
A69: 09-04-2024 15:15 | B69: 0.1 | C69: 30.81 | D69: 16.1 | E69: 3.06 | F69: 5.33 | G69: 32.11 | H69: 5.56 | I69: 9.09 | J69: 0.68 | K69: 169.9 | L69: 28.27 | M69: 47.08 | N69: 434.4 | O69: 0 | P69: 0.28 | Q69: 9.22
A70: 09-04-2024 15:30 | B70: 0.1 | C70: 28.59 | D70: 14.94 | E70: 3.61 | F70: 8.38 | G70: 32.11 | H70: 5.56 | I70: 8.75 | J70: 0.83 | K70: 173.69 | L70: 27.99 | M70: 47.76 | N70: 333.8 | O70: 0 | P70: 0.27 | Q70: 9.32
A71: 09-04-2024 15:45 | B71: 0.1 | C71: 27.12 | D71: 14.17 | E71: 3.33 | F71: 6.54 | G71: 32.11 | H71: 5.56 | I71: 8.16 | J71: 0.83 | K71: 157.51 | L71: 28.03 | M71: 44.64 | N71: 278.5 | O71: 0 | P71: 0.26 | Q71: 9.18
A72: 09-04-2024 16:00 | B72: 0.1 | C72: 25.41 | D72: 13.28 | E72: 0.78 | F72: 5.24 | G72: 31.85 | H72: 5.45 | I72: 6.92 | J72: 1.24 | K72: 154.55 | L72: 27.85 | M72: 42.23 | N72: 228.8 | O72: 0 | P72: 0.26 | Q72: 9.26
A73: 09-04-2024 16:15 | B73: 0.1 | C73: 24.94 | D73: 13.03 | E73: 0.94 | F73: 6.01 | G73: 28.21 | H73: 3.89 | I73: 6.65 | J73: 1.47 | K73: 155.64 | L73: 27.7 | M73: 44.16 | N73: 228.1 | O73: 0 | P73: 0.24 | Q73: 9.24
A74: 09-04-2024 16:30 | B74: 0.1 | C74: 25.49 | D74: 13.32 | E74: 0.89 | F74: 6.87 | G74: 28.21 | H74: 3.89 | I74: 6.58 | J74: 0.65 | K74: 169.91 | L74: 27.46 | M74: 49.44 | N74: 146.3 | O74: 0 | P74: 0.24 | Q74: 9.23
A75: 09-04-2024 16:45 | B75: 0.1 | C75: 26.15 | D75: 13.66 | E75: 0.54 | F75: 5.34 | G75: 28.21 | H75: 3.89 | I75: 6.32 | J75: 0.88 | K75: 168.95 | L75: 27.26 | M75: 45.36 | N75: 91.2 | O75: 0 | P75: 0.24 | Q75: 9.26
A76: 09-04-2024 17:00 | B76: 0.1 | C76: 30.07 | D76: 15.71 | E76: 0.73 | F76: 5.45 | G76: 28.21 | H76: 4.07 | I76: 5.55 | J76: 0.73 | K76: 159.21 | L76: 26.91 | M76: 48.31 | N76: 73.2 | O76: 0 | P76: 0.25 | Q76: 9.26
... A104: 09-04-2024 24:00 | B104: 53.52 | C104: 38.12 | D104: 62.76 | E104: 1.77 | F104: 3.12 | G104: 69.94 | H104: 21.46 | I104: 9.29 | J104: 0.08 | K104: 285.39 | L104: 21.56 | M104: 96.78 | N104: 21.3 | O104: 0 | P104: 1.27 | Q104: 9.88
A106: Min | B106: =MIN(B9:B104) -> 0.1 | C106: =MIN(C9:C104) -> 24.94 | D106: =MIN(D9:D104) -> 13.03 | E106: =MIN(E9:E104) -> 0.32 | F106: =MIN(F9:F104) -> 2.65 | G106: =MIN(G9:G104) -> 18.91 | H106: =MIN(H9:H104) -> 3.89 | I106: =MIN(I9:I104) -> 3.3 | ... Q106: =MIN(Q9:Q104) -> 9.14
A107: Max | B107: =MAX(B9:B104) -> 53.52 | C107: =MAX(C9:C104) -> 46.86 | D107: =MAX(D9:D104) -> 62.76 | E107: =MAX(E9:E104) -> 12.81 | F107: =MAX(F9:F104) -> 225.58 | G107: =MAX(G9:G104) -> 69.94 | H107: =MAX(H9:H104) -> 21.46 | I107: =MAX(I9:I104) -> 13.78 | ... Q107: =MAX(Q9:Q104) -> 9.92
A108: Avg | B108: =AVERAGE(B9:B104) -> 5.4702151 | C108: =AVERAGE(C9:C104) -> 37.122258 | D108: =AVERAGE(D9:D104) -> 23.701505 | E108: =AVERAGE(E9:E104) -> 1.6607527 | F108: =AVERAGE(F9:F104) -> 6.6814583 | G108: =AVERAGE(G9:G104) -> 30.824773 | H108: =AVERAGE(H9:H104) -> 10.6175 | I108: =AVERAGE(I9:I104) -> 6.3992708 | ... Q108: =AVERAGE(Q9:Q104) -> 9.3736458
A109: Stdev | B109: =STDEV(B9:B104) -> 11.357599 | C109: =STDEV(C9:C104) -> 5.1491648 | D109: =STDEV(D9:D104) -> 9.8022517 | E109: =STDEV(E9:E104) -> 1.5747997 | F109: =STDEV(F9:F104) -> 22.619472 | G109: =STDEV(G9:G104) -> 13.72222 | H109: =STDEV(H9:H104) -> 4.6831187 | I109: =STDEV(I9:I104) -> 2.3002889 | ... Q109: =STDEV(Q9:Q104) -> 0.15154725
A110: Num | B110: =COUNT(B9:B104)+3 -> 96 | C110: =COUNT(C9:C104)+3 -> 96 | D110: =COUNT(D9:D104)+3 -> 96 | E110: =COUNT(E9:E104)+3 -> 96 | F110: =COUNT(F9:F104) -> 96 | G110: =COUNT(G9:G104)+8 -> 96 | H110: =COUNT(H9:H104)+8 -> 96 | I110: =COUNT(I9:I104) -> 96 | J110: =COUNT(J9:J104) -> 96 | K110: =COUNT(K9:K104) -> 96 | L110: =COUNT(L9:L104) -> 96 | M110: =COUNT(M9:M104) -> 96 | N110: =COUNT(N9:N104) -> 96 | O110: =COUNT(O9:O104) -> 96 | P110: =COUNT(P9:P104) -> 96 | Q110: =COUNT(Q9:Q104) -> 96
A111: DCR | B111: =IF(B110>=87,">90%",IF(B110<=87,"<90%")) -> >90% | C111: =IF(C110>=87,">90%",IF(C110<=87,"<90%")) -> >90% | D111: =IF(D110>=87,">90%",IF(D110<=87,"<90%")) -> >90% | E111: =IF(E110>=87,">90%",IF(E110<=87,"<90%")) -> >90% | F111: =IF(F110>=87,">90%",IF(F110<=87,"<90%")) -> >90% | G111: =IF(G110>=87,">90%",IF(G110<=87,"<90%")) -> >90% | H111: =IF(H110>=87,">90%",IF(H110<=87,"<90%")) -> >90% | I111: =IF(I110>=87,">90%",IF(I110<=87,"<90%")) -> >90% | ... Q111: =IF(Q110>=87,">90%",IF(Q110<=87,"<90%")) -> >90%
A112: Status | B112: =IF(B110>=87,"OK",IF(B110<=87,"LESS")) -> OK | C112: =IF(C110>=87,"OK",IF(C110<=87,"LESS")) -> OK | D112: =IF(D110>=87,"OK",IF(D110<=87,"LESS")) -> OK | E112: =IF(E110>=87,"OK",IF(E110<=87,"LESS")) -> OK | F112: =IF(F110>=87,"OK",IF(F110<=87,"LESS")) -> OK | G112: =IF(G110>=87,"OK",IF(G110<=87,"LESS")) -> OK | H112: =IF(H110>=87,"OK",IF(H110<=87,"LESS")) -> OK | I112: =IF(I110>=87,"OK",IF(I110<=87,"LESS")) -> OK | ... Q112: =IF(Q110>=87,"OK",IF(Q110<=87,"LESS")) -> OK
A115: Done by | B115: RK
A117: Comment

Sheet 10
A1: Station: | B1: BHATAGAON RAIPUR
A2: Date: | B2: =$A$9 -> 10-04-2024 00:15 | D2: Power Off | G2: Pw.Off | L2: Link Fail | N2: Link F | P2: Maintenance | R2: Maint.
A3: Report Type: | B3: Mean | D3: Calibration | G3: Calib. | L3: Data Fail | N3: Data F | P3: Invalid | R3: Invalid
A4: Time Base: | B4: 15 Min | D4: Zero Referrence | G4: Z.Ref | L4: Warm Up | N4: Wm. Up
A7: Date & Time | B7: NO_BHATAGAON | C7: NO2__BHATAGAON | D7: NOX_BHATAGAON | E7: SO2__BHATAGAON | F7: O3__BHATAGAON | G7: PM10__BHATAGAON | H7: PM2_5__BHATAGAON | I7: BENZ__BHATAGAON | J7: WS__BHATAGAON | K7: WD__BHATAGAON | L7: TEMP__BHATAGAON | M7: HUM__BHATAGAON | N7: SR__BHATAGAON | O7: RG__BHATAGAON | P7: CO__BHATAGAON | Q7: NH3__BHATAGAON
B8: ug/m3 | C8: ug/m3 | D8: ppb | E8: ug/m3 | F8: ug/m3 | G8: ug/m3 | H8: ug/m3 | I8: ug/m3 | J8: m/sec | K8: deg | L8: degreC | M8: % | N8: w/m2 | O8: mm | P8: mg/m3 | Q8: ug/m3
A9: 10-04-2024 00:15 | B9: 55.69 | C9: 37.69 | D9: 64.27 | E9: 2.12 | F9: 3.35 | G9: 76.73 | H9: 24.37 | I9: 9.3 | J9: 0.18 | K9: 226.68 | L9: 21.92 | M9: 90.92 | N9: 20.8 | O9: 0 | P9: 1.31 | Q9: 9.73
A10: 10-04-2024 00:30 | B10: 56.07 | C10: 37.56 | D10: 64.51 | E10: 2 | F10: 3.58 | G10: 76.73 | H10: 24.37 | I10: 9.48 | J10: 0.31 | K10: 216.7 | L10: 22.29 | M10: 88.76 | N10: 20.8 | O10: 0 | P10: 1.34 | Q10: 9.99
A11: 10-04-2024 00:45 | B11: 55.57 | C11: 36.95 | D11: 63.79 | E11: 2.3 | F11: 3.2 | G11: 76.73 | H11: 24.37 | I11: 9.68 | J11: 0.04 | K11: 329.2 | L11: 22.08 | M11: 89.82 | N11: 21.4 | O11: 0 | P11: 1.34 | Q11: 10.07
A12: 10-04-2024 01:00 | B12: 53.78 | C12: 35.91 | D12: 61.81 | E12: 2.31 | F12: 3.43 | G12: 76.73 | H12: 24.48 | I12: 9.87 | J12: 0.22 | K12: 327.66 | L12: 21.84 | M12: 90.98 | N12: 21.5 | O12: 0 | P12: 1.31 | Q12: 9.8
A13: 10-04-2024 01:15 | B13: 51.45 | C13: 35.18 | D13: 59.56 | E13: 2.09 | F13: 3.22 | G13: 76.83 | H13: 26.07 | I13: 9.81 | J13: 0.35 | K13: 261.59 | L13: 21.8 | M13: 88.65 | N13: 20.8 | O13: 0 | P13: 1.12 | Q13: 9.94
A14: 10-04-2024 01:30 | B14: 48.6 | C14: 35.36 | D14: 57.37 | E14: 2.1 | F14: 3.1 | G14: 76.83 | H14: 26.07 | I14: 9.6 | J14: 0.34 | K14: 318.92 | L14: 22.02 | M14: 82.91 | N14: 21.3 | O14: 0 | P14: 1.14 | Q14: 9.9
A15: 10-04-2024 01:45 | B15: 45.38 | C15: 34.88 | D15: 54.53 | E15: 1.96 | F15: 2.8 | G15: 76.83 | H15: 26.07 | I15: 9.4 | J15: 0.32 | K15: 319.21 | L15: 21.76 | M15: 82.03 | N15: 21.5 | O15: 0 | P15: 1.09 | Q15: 9.82
A16: 10-04-2024 02:00 | B16: 42.01 | C16: 37.51 | D16: 53.21 | E16: 1.96 | F16: 3.01 | G16: 75.97 | H16: 25.69 | I16: 9.03 | J16: 0.51 | K16: 306 | L16: 21.3 | M16: 86.01 | N16: 20.5 | O16: 0.2 | P16: 1.03 | Q16: 9.91
A17: 10-04-2024 02:15 | B17: 38.32 | C17: 42.2 | D17: 52.69 | E17: 2.01 | F17: 3.45 | G17: 61.29 | H17: 19.25 | I17: 8.4 | J17: 1.59 | K17: 302.16 | L17: 20.86 | M17: 90.94 | N17: 20.7 | O17: 0 | P17: 0.97 | Q17: 9.72
A18: 10-04-2024 02:30 | B18: 31.57 | C18: 43.91 | D18: 48.18 | E18: 2.07 | F18: 3.5 | G18: 61.29 | H18: 19.25 | I18: 8.28 | J18: 1.69 | K18: 313.91 | L18: 20.15 | M18: 95.95 | N18: 21.1 | O18: 0 | P18: 0.87 | Q18: 9.55
A19: 10-04-2024 02:45 | B19: 25.79 | C19: 44.8 | D19: 44 | E19: 1.62 | F19: 3.41 | G19: 61.29 | H19: 19.25 | I19: 8.17 | J19: 1.63 | K19: 315.84 | L19: 19.89 | M19: 96.37 | N19: 21.3 | O19: 0 | P19: 0.79 | Q19: 9.35
A20: 10-04-2024 03:00 | B20: 21.54 | C20: 44.45 | D20: 40.42 | E20: 1.45 | F20: 2.76 | G20: 60.42 | H20: 19.17 | I20: 7.64 | J20: 1.24 | K20: 323.56 | L20: 19.61 | M20: 97.22 | N20: 20.7 | O20: 0 | P20: 0.74 | Q20: 9.45
... A104: 10-04-2024 24:00 | B104: 0.1 | C104: 33.8 | D104: 17.66 | E104: 1.85 | F104: 4.5 | G104: 35.38 | H104: 15.04 | I104: 4.95 | J104: 1.85 | K104: 309.06 | L104: 20.17 | M104: 74.76 | N104: 16.5 | O104: 0 | P104: 0.42 | Q104: 9.3
A106: Min | B106: =MIN(B9:B104) -> 0.1 | C106: =MIN(C9:C104) -> 27.21 | D106: =MIN(D9:D104) -> 14.21 | E106: =MIN(E9:E104) -> 0 | F106: =MIN(F9:F104) -> 2.76 | G106: =MIN(G9:G104) -> 25.88 | H106: =MIN(H9:H104) -> 11.01 | I106: =MIN(I9:I104) -> 4.95 | ... Q106: =MIN(Q9:Q104) -> 9.13
A107: Max | B107: =MAX(B9:B104) -> 56.07 | C107: =MAX(C9:C104) -> 56.42 | D107: =MAX(D9:D104) -> 64.51 | E107: =MAX(E9:E104) -> 2.31 | F107: =MAX(F9:F104) -> 6.03 | G107: =MAX(G9:G104) -> 92.71 | H107: =MAX(H9:H104) -> 26.07 | I107: =MAX(I9:I104) -> 9.87 | ... Q107: =MAX(Q9:Q104) -> 10.07
A108: Avg | B108: =AVERAGE(B9:B104) -> 10.269271 | C108: =AVERAGE(C9:C104) -> 37.557188 | D108: =AVERAGE(D9:D104) -> 27.7775 | E108: =AVERAGE(E9:E104) -> 1.2870833 | F108: =AVERAGE(F9:F104) -> 4.1515625 | G108: =AVERAGE(G9:G104) -> 45.105625 | H108: =AVERAGE(H9:H104) -> 17.178542 | I108: =AVERAGE(I9:I104) -> 6.8221875 | ... Q108: =AVERAGE(Q9:Q104) -> 9.3992708
A109: Stdev | B109: =STDEV(B9:B104) -> 14.585419 | C109: =STDEV(C9:C104) -> 6.5857915 | D109: =STDEV(D9:D104) -> 12.497744 | E109: =STDEV(E9:E104) -> 0.59158826 | F109: =STDEV(F9:F104) -> 0.92751431 | G109: =STDEV(G9:G104) -> 18.85943 | H109: =STDEV(H9:H104) -> 3.775544 | I109: =STDEV(I9:I104) -> 1.2380895 | ... Q109: =STDEV(Q9:Q104) -> 0.18270623
A110: Num | B110: =COUNT(B9:B104) -> 96 | C110: =COUNT(C9:C104) -> 96 | D110: =COUNT(D9:D104) -> 96 | E110: =COUNT(E9:E104) -> 96 | F110: =COUNT(F9:F104) -> 96 | G110: =COUNT(G9:G104) -> 96 | H110: =COUNT(H9:H104) -> 96 | I110: =COUNT(I9:I104) -> 96 | ... Q110: =COUNT(Q9:Q104) -> 96
A111: DCR | B111: =IF(B110>=87,">90%",IF(B110<=87,"<90%")) -> >90% | C111: =IF(C110>=87,">90%",IF(C110<=87,"<90%")) -> >90% | D111: =IF(D110>=87,">90%",IF(D110<=87,"<90%")) -> >90% | E111: =IF(E110>=87,">90%",IF(E110<=87,"<90%")) -> >90% | F111: =IF(F110>=87,">90%",IF(F110<=87,"<90%")) -> >90% | G111: =IF(G110>=87,">90%",IF(G110<=87,"<90%")) -> >90% | H111: =IF(H110>=87,">90%",IF(H110<=87,"<90%")) -> >90% | I111: =IF(I110>=87,">90%",IF(I110<=87,"<90%")) -> >90% | ... Q111: =IF(Q110>=87,">90%",IF(Q110<=87,"<90%")) -> >90%
A112: Status | B112: =IF(B110>=87,"OK",IF(B110<=87,"LESS")) -> OK | C112: =IF(C110>=87,"OK",IF(C110<=87,"LESS")) -> OK | D112: =IF(D110>=87,"OK",IF(D110<=87,"LESS")) -> OK | E112: =IF(E110>=87,"OK",IF(E110<=87,"LESS")) -> OK | F112: =IF(F110>=87,"OK",IF(F110<=87,"LESS")) -> OK | G112: =IF(G110>=87,"OK",IF(G110<=87,"LESS")) -> OK | H112: =IF(H110>=87,"OK",IF(H110<=87,"LESS")) -> OK | I112: =IF(I110>=87,"OK",IF(I110<=87,"LESS")) -> OK | ... Q112: =IF(Q110>=87,"OK",IF(Q110<=87,"LESS")) -> OK
A115: Done by | B115: RK
A117: Comment

Sheet 11
A1: Station: | B1: BHATAGAON RAIPUR
A2: Date: | B2: =$A$9 -> 11-04-2024 00:15 | D2: Power Off | G2: Pw.Off | L2: Link Fail | N2: Link F | P2: Maintenance | R2: Maint.
A3: Report Type: | B3: Mean | D3: Calibration | G3: Calib. | L3: Data Fail | N3: Data F | P3: Invalid | R3: Invalid
A4: Time Base: | B4: 15 Min | D4: Zero Referrence | G4: Z.Ref | L4: Warm Up | N4: Wm. Up
A7: Date & Time | B7: NO_BHATAGAON | C7: NO2__BHATAGAON | D7: NOX_BHATAGAON | E7: SO2__BHATAGAON | F7: O3__BHATAGAON | G7: PM10__BHATAGAON | H7: PM2_5__BHATAGAON | I7: BENZ__BHATAGAON | J7: WS__BHATAGAON | K7: WD__BHATAGAON | L7: TEMP__BHATAGAON | M7: HUM__BHATAGAON | N7: SR__BHATAGAON | O7: RG__BHATAGAON | P7: CO__BHATAGAON | Q7: NH3__BHATAGAON
B8: ug/m3 | C8: ug/m3 | D8: ppb | E8: ug/m3 | F8: ug/m3 | G8: ug/m3 | H8: ug/m3 | I8: ug/m3 | J8: m/sec | K8: deg | L8: degreC | M8: % | N8: w/m2 | O8: mm | P8: mg/m3 | Q8: ug/m3
A9: 11-04-2024 00:15 | B9: 0.1 | C9: 32.41 | D9: 16.93 | E9: 1.87 | F9: 6 | G9: 34.62 | H9: 13.23 | I9: 4.67 | J9: 2.83 | K9: 332.6 | L9: 20.37 | M9: 71.58 | N9: 16.5 | O9: 0 | P9: 0.39 | Q9: 9.19
A10: 11-04-2024 00:30 | B10: 0.1 | C10: 31.02 | D10: 16.21 | E10: 1.54 | F10: 7.36 | G10: 34.62 | H10: 13.23 | I10: 4.37 | J10: 3.85 | K10: 348.53 | L10: 19.78 | M10: 76.35 | N10: 17.9 | O10: 0 | P10: 0.35 | Q10: 9.26
A11: 11-04-2024 00:45 | B11: 0.1 | C11: 29.7 | D11: 15.52 | E11: 1.7 | F11: 8 | G11: 34.62 | H11: 13.23 | I11: 3.97 | J11: 3.73 | K11: 0.39 | L11: 19.1 | M11: 79.99 | N11: 17.3 | O11: 0 | P11: 0.31 | Q11: 9.24
A12: 11-04-2024 01:00 | B12: 0.1 | C12: 30.66 | D12: 16.02 | E12: 1.62 | F12: 7.58 | G12: 34.59 | H12: 13.1 | I12: 3.59 | J12: 3.48 | K12: 351.26 | L12: 19.24 | M12: 78.5 | N12: 16.5 | O12: 0 | P12: 0.29 | Q12: 9.2
A13: 11-04-2024 01:15 | B13: 0.1 | C13: 33.82 | D13: 17.67 | E13: 1.29 | F13: 7.11 | G13: 34.14 | H13: 11.38 | I13: 3.37 | J13: 3.15 | K13: 337.56 | L13: 18.97 | M13: 83.54 | N13: 17.4 | O13: 0 | P13: 0.28 | Q13: 9.32
A14: 11-04-2024 01:30 | B14: 0.1 | C14: 33.64 | D14: 17.57 | E14: 1.55 | F14: 6.74 | G14: 34.14 | H14: 11.38 | I14: 3.2 | J14: 2.79 | K14: 348.98 | L14: 18.05 | M14: 93.2 | N14: 17.5 | O14: 0.4 | P14: 0.29 | Q14: 9.22
A15: 11-04-2024 01:45 | B15: 0.1 | C15: 33.44 | D15: 17.47 | E15: 1.57 | F15: 6.01 | G15: 34.14 | H15: 11.38 | I15: 2.85 | J15: 1.64 | K15: 339.65 | L15: 17.57 | M15: 97.56 | N15: 16.9 | O15: 0.4 | P15: 0.29 | Q15: 9.26
A16: 11-04-2024 02:00 | B16: 0.1 | C16: 33.18 | D16: 17.34 | E16: 1.48 | F16: 4.4 | G16: 33.84 | H16: 11.27 | I16: 2.65 | J16: 0.85 | K16: 164.16 | L16: 17.34 | M16: 97.78 | N16: 16.7 | O16: 0.8 | P16: 0.28 | Q16: 9.2
A17: 11-04-2024 02:15 | B17: 0.1 | C17: 32.86 | D17: 17.17 | E17: 1.81 | F17: 4.18 | G17: 29.52 | H17: 9.55 | I17: 2.72 | J17: 0.51 | K17: 113.01 | L17: 17.06 | M17: 97.8 | N17: 17 | O17: 1 | P17: 0.28 | Q17: 9.24
A18: 11-04-2024 02:30 | B18: 0.1 | C18: 32.38 | D18: 16.92 | E18: 1.25 | F18: 3.45 | G18: 29.52 | H18: 9.55 | I18: 2.68 | J18: 1.49 | K18: 90.88 | L18: 17.05 | M18: 97.8 | N18: 17 | O18: 0.4 | P18: 0.28 | Q18: 9.18
A19: 11-04-2024 02:45 | B19: 0.1 | C19: 31.89 | D19: 16.66 | E19: 1.53 | F19: 3.39 | G19: 29.52 | H19: 9.55 | I19: 2.83 | J19: 1.93 | K19: 103.75 | L19: 17.26 | M19: 97.78 | N19: 17.4 | O19: 0 | P19: 0.27 | Q19: 9.28
A20: 11-04-2024 03:00 | B20: 0.1 | C20: 31.05 | D20: 16.22 | E20: 1.74 | F20: 3.77 | G20: 28.71 | H20: 9.47 | I20: 3.31 | J20: 1.12 | K20: 92.06 | L20: 17.44 | M20: 97.76 | N20: 17.9 | O20: 0 | P20: 0.27 | Q20: 9.29
... A104: 11-04-2024 24:00 | B104: 10.34 | C104: 30.25 | D104: 24.02 | E104: 1.3 | F104: 3.17 | G104: 31.51 | H104: 9.9 | I104: 5.46 | J104: 0.04 | K104: 123.39 | L104: 18.43 | M104: 97.83 | N104: 16.5 | O104: 0 | P104: 0.5 | Q104: 9.3
A106: Min | B106: =MIN(B9:B104) -> 0.1 | C106: =MIN(C9:C104) -> 25.07 | D106: =MIN(D9:D104) -> 13.1 | E106: =MIN(E9:E104) -> 0.63 | F106: =MIN(F9:F104) -> 2.84 | G106: =MIN(G9:G104) -> 7.15 | H106: =MIN(H9:H104) -> 3.89 | I106: =MIN(I9:I104) -> 1.92 | ... Q106: =MIN(Q9:Q104) -> 9.12
A107: Max | B107: =MAX(B9:B104) -> 11.23 | C107: =MAX(C9:C104) -> 33.87 | D107: =MAX(D9:D104) -> 24.02 | E107: =MAX(E9:E104) -> 2.22 | F107: =MAX(F9:F104) -> 8 | G107: =MAX(G9:G104) -> 34.62 | H107: =MAX(H9:H104) -> 13.23 | I107: =MAX(I9:I104) -> 6.54 | ... Q107: =MAX(Q9:Q104) -> 9.36
A108: Avg | B108: =AVERAGE(B9:B104) -> 1.3329167 | C108: =AVERAGE(C9:C104) -> 28.953125 | D108: =AVERAGE(D9:D104) -> 16.116354 | E108: =AVERAGE(E9:E104) -> 1.6505208 | F108: =AVERAGE(F9:F104) -> 4.3883333 | G108: =AVERAGE(G9:G104) -> 19.339062 | H108: =AVERAGE(H9:H104) -> 6.9752083 | I108: =AVERAGE(I9:I104) -> 3.6583333 | ... Q108: =AVERAGE(Q9:Q104) -> 9.2266667
A109: Stdev | B109: =STDEV(B9:B104) -> 2.6711156 | C109: =STDEV(C9:C104) -> 2.7565105 | D109: =STDEV(D9:D104) -> 2.4591407 | E109: =STDEV(E9:E104) -> 0.36212347 | F109: =STDEV(F9:F104) -> 1.1620061 | G109: =STDEV(G9:G104) -> 8.3287399 | H109: =STDEV(H9:H104) -> 2.3313091 | I109: =STDEV(I9:I104) -> 1.2664743 | ... Q109: =STDEV(Q9:Q104) -> 0.050983313
A110: Num | B110: =COUNT(B9:B104) -> 96 | C110: =COUNT(C9:C104) -> 96 | D110: =COUNT(D9:D104) -> 96 | E110: =COUNT(E9:E104) -> 96 | F110: =COUNT(F9:F104) -> 96 | G110: =COUNT(G9:G104) -> 96 | H110: =COUNT(H9:H104) -> 96 | I110: =COUNT(I9:I104) -> 96 | ... Q110: =COUNT(Q9:Q104) -> 96
A111: DCR | B111: =IF(B110>=87,">90%",IF(B110<=87,"<90%")) -> >90% | C111: =IF(C110>=87,">90%",IF(C110<=87,"<90%")) -> >90% | D111: =IF(D110>=87,">90%",IF(D110<=87,"<90%")) -> >90% | E111: =IF(E110>=87,">90%",IF(E110<=87,"<90%")) -> >90% | F111: =IF(F110>=87,">90%",IF(F110<=87,"<90%")) -> >90% | G111: =IF(G110>=87,">90%",IF(G110<=87,"<90%")) -> >90% | H111: =IF(H110>=87,">90%",IF(H110<=87,"<90%")) -> >90% | I111: =IF(I110>=87,">90%",IF(I110<=87,"<90%")) -> >90% | ... Q111: =IF(Q110>=87,">90%",IF(Q110<=87,"<90%")) -> >90%
A112: Status | B112: =IF(B110>=87,"OK",IF(B110<=87,"LESS")) -> OK | C112: =IF(C110>=87,"OK",IF(C110<=87,"LESS")) -> OK | D112: =IF(D110>=87,"OK",IF(D110<=87,"LESS")) -> OK | E112: =IF(E110>=87,"OK",IF(E110<=87,"LESS")) -> OK | F112: =IF(F110>=87,"OK",IF(F110<=87,"LESS")) -> OK | G112: =IF(G110>=87,"OK",IF(G110<=87,"LESS")) -> OK | H112: =IF(H110>=87,"OK",IF(H110<=87,"LESS")) -> OK | I112: =IF(I110>=87,"OK",IF(I110<=87,"LESS")) -> OK | ... Q112: =IF(Q110>=87,"OK",IF(Q110<=87,"LESS")) -> OK
A115: Done by | B115: RK
A117: Comment

Sheet 12
A1: Station: | B1: BHATAGAON RAIPUR
A2: Date: | B2: =$A$9 -> 12-04-2024 00:15 | D2: Power Off | G2: Pw.Off | L2: Link Fail | N2: Link F | P2: Maintenance | R2: Maint.
A3: Report Type: | B3: Mean | D3: Calibration | G3: Calib. | L3: Data Fail | N3: Data F | P3: Invalid | R3: Invalid
A4: Time Base: | B4: 15 Min | D4: Zero Referrence | G4: Z.Ref | L4: Warm Up | N4: Wm. Up
A7: Date & Time | B7: NO_BHATAGAON | C7: NO2__BHATAGAON | D7: NOX_BHATAGAON | E7: SO2__BHATAGAON | F7: O3__BHATAGAON | G7: PM10__BHATAGAON | H7: PM2_5__BHATAGAON | I7: BENZ__BHATAGAON | J7: WS__BHATAGAON | K7: WD__BHATAGAON | L7: TEMP__BHATAGAON | M7: HUM__BHATAGAON | N7: SR__BHATAGAON | O7: RG__BHATAGAON | P7: CO__BHATAGAON | Q7: NH3__BHATAGAON
B8: ug/m3 | C8: ug/m3 | D8: ppb | E8: ug/m3 | F8: ug/m3 | G8: ug/m3 | H8: ug/m3 | I8: ug/m3 | J8: m/sec | K8: deg | L8: degreC | M8: % | N8: w/m2 | O8: mm | P8: mg/m3 | Q8: ug/m3
A9: 12-04-2024 00:15 | B9: 10.28 | C9: 31.61 | D9: 24.68 | E9: 1.29 | F9: 3.31 | G9: 27.34 | H9: 9.82 | I9: 5.32 | J9: 0.2 | K9: 133.32 | L9: 18.42 | M9: 97.83 | N9: 16.6 | O9: 0 | P9: 0.49 | Q9: 9.33
A10: 12-04-2024 00:30 | B10: 10.29 | C10: 31.15 | D10: 24.45 | E10: 1.08 | F10: 3.26 | G10: 27.34 | H10: 9.82 | I10: 5.33 | J10: 0.1 | K10: 194.53 | L10: 18.34 | M10: 97.84 | N10: 16.7 | O10: 0 | P10: 0.49 | Q10: 9.37
A11: 12-04-2024 00:45 | B11: 10.33 | C11: 29.93 | D11: 23.84 | E11: 1.1 | F11: 2.95 | G11: 27.34 | H11: 9.82 | I11: 5.42 | J11: 0.07 | K11: 334.59 | L11: 18.13 | M11: 97.86 | N11: 16.8 | O11: 0 | P11: 0.48 | Q11: 9.3
A12: 12-04-2024 01:00 | B12: 10.45 | C12: 29.31 | D12: 23.61 | E12: 1.08 | F12: 2.97 | G12: 27.07 | H12: 9.66 | I12: 5.43 | J12: 0.16 | K12: 183.42 | L12: 18.15 | M12: 97.85 | N12: 16.4 | O12: 0 | P12: 0.48 | Q12: 9.35
A13: 12-04-2024 01:15 | B13: 10.57 | C13: 29.5 | D13: 23.81 | E13: 1.27 | F13: 3.02 | G13: 22.49 | H13: 6.92 | I13: 5.46 | J13: 0.09 | K13: 332.05 | L13: 18.16 | M13: 97.85 | N13: 16.9 | O13: 0 | P13: 0.46 | Q13: 9.35
A14: 12-04-2024 01:30 | B14: 10.64 | C14: 28.63 | D14: 23.41 | E14: 1.32 | F14: 3.19 | G14: 22.49 | H14: 6.92 | I14: 5.43 | J14: 0.13 | K14: 300.04 | L14: 18.03 | M14: 97.88 | N14: 17.1 | O14: 0 | P14: 0.46 | Q14: 9.33
A15: 12-04-2024 01:45 | B15: 10.71 | C15: 28.08 | D15: 23.18 | E15: 1.31 | F15: 3.61 | G15: 22.49 | H15: 6.92 | I15: 5.42 | J15: 0.14 | K15: 102.81 | L15: 17.83 | M15: 97.88 | N15: 16.7 | O15: 0 | P15: 0.46 | Q15: 9.32
A16: 12-04-2024 02:00 | B16: 10.61 | C16: 25.94 | D16: 21.98 | E16: 1.41 | F16: 3.57 | G16: 22.63 | H16: 6.98 | I16: 5.39 | J16: 0.14 | K16: 347.26 | L16: 18.04 | M16: 97.88 | N16: 16.7 | O16: 0 | P16: 0.46 | Q16: 9.35
A17: 12-04-2024 02:15 | B17: 10.49 | C17: 24.95 | D17: 21.37 | E17: 1.36 | F17: 3.27 | G17: 24.56 | H17: 8.07 | I17: 5.27 | J17: 0.11 | K17: 197.02 | L17: 17.91 | M17: 97.88 | N17: 16.6 | O17: 0 | P17: 0.45 | Q17: 9.37
A18: 12-04-2024 02:30 | B18: 10.28 | C18: 24.88 | D18: 21.17 | E18: 1.33 | F18: 3.23 | G18: 24.56 | H18: 8.07 | I18: 5.2 | J18: 0.13 | K18: 201.49 | L18: 17.69 | M18: 97.88 | N18: 16.9 | O18: 0 | P18: 0.44 | Q18: 9.39
A19: 12-04-2024 02:45 | B19: 10.04 | C19: 24.6 | D19: 20.82 | E19: 1.29 | F19: 3.5 | G19: 24.56 | H19: 8.07 | I19: 5.05 | J19: 0.09 | K19: 15.88 | L19: 17.53 | M19: 97.88 | N19: 16.7 | O19: 0 | P19: 0.44 | Q19: 9.31
A20: 12-04-2024 03:00 | B20: 10.02 | C20: 24.46 | D20: 20.73 | E20: 1.14 | F20: 2.89 | G20: 24.62 | H20: 8.09 | I20: 4.98 | J20: 0.2 | K20: 214.57 | L20: 17.69 | M20: 97.88 | N20: 16.4 | O20: 0 | P20: 0.44 | Q20: 9.35
... A104: 12-04-2024 24:00 | B104: 16.97 | C104: 29.12 | D104: 28.75 | E104: 0.65 | F104: 3.53 | G104: 54.34 | H104: 18.97 | I104: 6.41 | J104: 0.31 | K104: 88.54 | L104: 20.11 | M104: 91.1 | N104: 16.2 | O104: 0 | P104: 0.73 | Q104: 9.5
A106: Min | B106: =MIN(B9:B104) -> 0.1 | C106: =MIN(C9:C104) -> 23.45 | D106: =MIN(D9:D104) -> 13.12 | E106: =MIN(E9:E104) -> 0.58 | F106: =MIN(F9:F104) -> 2.68 | G106: =MIN(G9:G104) -> 16.51 | H106: =MIN(H9:H104) -> 6.92 | I106: =MIN(I9:I104) -> 3.8 | ... Q106: =MIN(Q9:Q104) -> 9.17
A107: Max | B107: =MAX(B9:B104) -> 24.43 | C107: =MAX(C9:C104) -> 31.61 | D107: =MAX(D9:D104) -> 33.03 | E107: =MAX(E9:E104) -> 2.46 | F107: =MAX(F9:F104) -> 4.22 | G107: =MAX(G9:G104) -> 152 | H107: =MAX(H9:H104) -> 23.3 | I107: =MAX(I9:I104) -> 6.41 | ... Q107: =MAX(Q9:Q104) -> 9.56
A108: Avg | B108: =AVERAGE(B9:B104) -> 9.9613542 | C108: =AVERAGE(C9:C104) -> 27.577604 | D108: =AVERAGE(D9:D104) -> 22.316562 | E108: =AVERAGE(E9:E104) -> 1.4240625 | F108: =AVERAGE(F9:F104) -> 3.4751042 | G108: =AVERAGE(G9:G104) -> 38.350417 | H108: =AVERAGE(H9:H104) -> 14.35375 | I108: =AVERAGE(I9:I104) -> 5.1778125 | ... Q108: =AVERAGE(Q9:Q104) -> 9.3466667
A109: Stdev | B109: =STDEV(B9:B104) -> 7.5561552 | C109: =STDEV(C9:C104) -> 2.1699599 | D109: =STDEV(D9:D104) -> 6.0260843 | E109: =STDEV(E9:E104) -> 0.45948158 | F109: =STDEV(F9:F104) -> 0.40505229 | G109: =STDEV(G9:G104) -> 26.044402 | H109: =STDEV(H9:H104) -> 4.9093522 | I109: =STDEV(I9:I104) -> 0.58545925 | ... Q109: =STDEV(Q9:Q104) -> 0.10698418
A110: Num | B110: =COUNT(B9:B104) -> 96 | C110: =COUNT(C9:C104) -> 96 | D110: =COUNT(D9:D104) -> 96 | E110: =COUNT(E9:E104) -> 96 | F110: =COUNT(F9:F104) -> 96 | G110: =COUNT(G9:G104) -> 96 | H110: =COUNT(H9:H104) -> 96 | I110: =COUNT(I9:I104) -> 96 | ... Q110: =COUNT(Q9:Q104) -> 96
A111: DCR | B111: =IF(B110>=87,">90%",IF(B110<=87,"<90%")) -> >90% | C111: =IF(C110>=87,">90%",IF(C110<=87,"<90%")) -> >90% | D111: =IF(D110>=87,">90%",IF(D110<=87,"<90%")) -> >90% | E111: =IF(E110>=87,">90%",IF(E110<=87,"<90%")) -> >90% | F111: =IF(F110>=87,">90%",IF(F110<=87,"<90%")) -> >90% | G111: =IF(G110>=87,">90%",IF(G110<=87,"<90%")) -> >90% | H111: =IF(H110>=87,">90%",IF(H110<=87,"<90%")) -> >90% | I111: =IF(I110>=87,">90%",IF(I110<=87,"<90%")) -> >90% | ... Q111: =IF(Q110>=87,">90%",IF(Q110<=87,"<90%")) -> >90%
A112: Status | B112: =IF(B110>=87,"OK",IF(B110<=87,"LESS")) -> OK | C112: =IF(C110>=87,"OK",IF(C110<=87,"LESS")) -> OK | D112: =IF(D110>=87,"OK",IF(D110<=87,"LESS")) -> OK | E112: =IF(E110>=87,"OK",IF(E110<=87,"LESS")) -> OK | F112: =IF(F110>=87,"OK",IF(F110<=87,"LESS")) -> OK | G112: =IF(G110>=87,"OK",IF(G110<=87,"LESS")) -> OK | H112: =IF(H110>=87,"OK",IF(H110<=87,"LESS")) -> OK | I112: =IF(I110>=87,"OK",IF(I110<=87,"LESS")) -> OK | ... Q112: =IF(Q110>=87,"OK",IF(Q110<=87,"LESS")) -> OK
A115: Done by | B115: RK
A117: Comment

Sheet 13
A1: Station: | B1: BHATAGAON RAIPUR
A2: Date: | B2: =$A$9 -> 13-04-2024 00:15 | D2: Power Off | G2: Pw.Off | L2: Link Fail | N2: Link F | P2: Maintenance | R2: Maint.
A3: Report Type: | B3: Mean | D3: Calibration | G3: Calib. | L3: Data Fail | N3: Data F | P3: Invalid | R3: Invalid
A4: Time Base: | B4: 15 Min | D4: Zero Referrence | G4: Z.Ref | L4: Warm Up | N4: Wm. Up
A7: Date & Time | B7: NO_BHATAGAON | C7: NO2__BHATAGAON | D7: NOX_BHATAGAON | E7: SO2__BHATAGAON | F7: O3__BHATAGAON | G7: PM10__BHATAGAON | H7: PM2_5__BHATAGAON | I7: BENZ__BHATAGAON | J7: WS__BHATAGAON | K7: WD__BHATAGAON | L7: TEMP__BHATAGAON | M7: HUM__BHATAGAON | N7: SR__BHATAGAON | O7: RG__BHATAGAON | P7: CO__BHATAGAON | Q7: NH3__BHATAGAON
B8: ug/m3 | C8: ug/m3 | D8: ppb | E8: ug/m3 | F8: ug/m3 | G8: ug/m3 | H8: ug/m3 | I8: ug/m3 | J8: m/sec | K8: deg | L8: degreC | M8: % | N8: w/m2 | O8: mm | P8: mg/m3 | Q8: ug/m3
A9: 13-04-2024 00:15 | B9: 16.9 | C9: 28.82 | D9: 28.53 | E9: 0.76 | F9: 3.14 | G9: 55.32 | H9: 19.23 | I9: 6.55 | J9: 0.3 | K9: 86.34 | L9: 20.12 | M9: 92.21 | N9: 16.2 | O9: 0 | P9: 0.72 | Q9: 9.51
A10: 13-04-2024 00:30 | B10: 16.84 | C10: 28.33 | D10: 28.23 | E10: 0.73 | F10: 3.6 | G10: 55.32 | H10: 19.23 | I10: 6.75 | J10: 0.23 | K10: 283.63 | L10: 19.64 | M10: 96.01 | N10: 17.1 | O10: 0 | P10: 0.71 | Q10: 9.46
A11: 13-04-2024 00:45 | B11: 16.68 | C11: 27.25 | D11: 27.54 | E11: 0.68 | F11: 3.38 | G11: 55.32 | H11: 19.23 | I11: 6.96 | J11: 0.18 | K11: 250.8 | L11: 19.16 | M11: 97.88 | N11: 16.9 | O11: 0 | P11: 0.71 | Q11: 9.48
A12: 13-04-2024 01:00 | B12: 16.34 | C12: 26.57 | D12: 26.9 | E12: 0.96 | F12: 3.09 | G12: 54.03 | H12: 19.21 | I12: 7.09 | J12: 0.21 | K12: 298.25 | L12: 18.96 | M12: 97.88 | N12: 16.7 | O12: 0 | P12: 0.69 | Q12: 9.4
A13: 13-04-2024 01:15 | B13: 16.1 | C13: 25.98 | D13: 26.41 | E13: 0.72 | F13: 3.86 | G13: 35.99 | H13: 18.81 | I13: 6.99 | J13: 0.18 | K13: 331.51 | L13: 18.66 | M13: 97.9 | N13: 16.8 | O13: 0 | P13: 0.59 | Q13: 9.43
A14: 13-04-2024 01:30 | B14: 15.88 | C14: 25.64 | D14: 26.05 | E14: 0.53 | F14: 3.25 | G14: 35.99 | H14: 18.81 | I14: 6.82 | J14: 0.1 | K14: 324.26 | L14: 18.44 | M14: 97.9 | N14: 16.8 | O14: 0 | P14: 0.62 | Q14: 9.41
A15: 13-04-2024 01:45 | B15: 15.52 | C15: 25.27 | D15: 25.57 | E15: 0.48 | F15: 3.28 | G15: 35.99 | H15: 18.81 | I15: 6.69 | J15: 0.12 | K15: 268.19 | L15: 18.3 | M15: 97.9 | N15: 16.6 | O15: 0 | P15: 0.6 | Q15: 9.47
A16: 13-04-2024 02:00 | B16: 15.23 | C16: 24.92 | D16: 25.15 | E16: 0.46 | F16: 3.33 | G16: 36.52 | H16: 18.71 | I16: 6.51 | J16: 0.17 | K16: 336.05 | L16: 18.35 | M16: 97.9 | N16: 16.6 | O16: 0 | P16: 0.6 | Q16: 9.45
A17: 13-04-2024 02:15 | B17: 15.33 | C17: 24.73 | D17: 25.14 | E17: 0.44 | F17: 3.31 | G17: 43.95 | H17: 17.01 | I17: 6.38 | J17: 0.08 | K17: 5.73 | L17: 18.03 | M17: 97.9 | N17: 16.6 | O17: 0 | P17: 0.59 | Q17: 9.5
A18: 13-04-2024 02:30 | B18: 15.88 | C18: 24.69 | D18: 25.56 | E18: 0.35 | F18: 3.48 | G18: 43.95 | H18: 17.01 | I18: 6.23 | J18: 0.12 | K18: 284.66 | L18: 18.12 | M18: 97.9 | N18: 16.4 | O18: 0 | P18: 0.58 | Q18: 9.46
A19: 13-04-2024 02:45 | B19: 16.12 | C19: 24.71 | D19: 25.76 | E19: 0.68 | F19: 3.48 | G19: 43.95 | H19: 17.01 | I19: 6.12 | J19: 0.14 | K19: 1.87 | L19: 18.07 | M19: 97.95 | N19: 16.7 | O19: 0 | P19: 0.57 | Q19: 9.46
A20: 13-04-2024 03:00 | B20: 16.16 | C20: 24.62 | D20: 25.74 | E20: 0.85 | F20: 3.03 | G20: 43.89 | H20: 17.02 | I20: 6 | J20: 0.09 | K20: 223.99 | L20: 18.09 | M20: 97.95 | N20: 16.3 | O20: 0 | P20: 0.56 | Q20: 9.38
... A104: 13-04-2024 24:00 | B104: 7.08 | C104: 25.49 | D104: 18.91 | E104: 1.26 | F104: 3.46 | G104: 31.19 | H104: 10.8 | I104: 4.81 | J104: 0.08 | K104: 265.7 | L104: 20.18 | M104: 90.8 | N104: 16.7 | O104: 0 | P104: 0.46 | Q104: 9.29
A106: Min | B106: =MIN(B9:B104) -> 0.1 | C106: =MIN(C9:C104) -> 21.46 | D106: =MIN(D9:D104) -> 11.21 | E106: =MIN(E9:E104) -> 0.35 | F106: =MIN(F9:F104) -> 2.78 | G106: =MIN(G9:G104) -> 20.83 | H106: =MIN(H9:H104) -> 9.24 | I106: =MIN(I9:I104) -> 3.07 | ... Q106: =MIN(Q9:Q104) -> 9.13
A107: Max | B107: =MAX(B9:B104) -> 27.51 | C107: =MAX(C9:C104) -> 41.73 | D107: =MAX(D9:D104) -> 37.95 | E107: =MAX(E9:E104) -> 2.87 | F107: =MAX(F9:F104) -> 5.68 | G107: =MAX(G9:G104) -> 165.74 | H107: =MAX(H9:H104) -> 54.72 | I107: =MAX(I9:I104) -> 10.14 | ... Q107: =MAX(Q9:Q104) -> 9.68
A108: Avg | B108: =AVERAGE(B9:B104) -> 10.937292 | C108: =AVERAGE(C9:C104) -> 27.863542 | D108: =AVERAGE(D9:D104) -> 23.248542 | E108: =AVERAGE(E9:E104) -> 1.5136458 | F108: =AVERAGE(F9:F104) -> 3.7492708 | G108: =AVERAGE(G9:G104) -> 63.737292 | H108: =AVERAGE(H9:H104) -> 24.309271 | I108: =AVERAGE(I9:I104) -> 5.8479167 | ... Q108: =AVERAGE(Q9:Q104) -> 9.3534375
A109: Stdev | B109: =STDEV(B9:B104) -> 9.9756558 | C109: =STDEV(C9:C104) -> 4.6532583 | D109: =STDEV(D9:D104) -> 8.6601033 | E109: =STDEV(E9:E104) -> 0.67675871 | F109: =STDEV(F9:F104) -> 0.67972014 | G109: =STDEV(G9:G104) -> 50.278309 | H109: =STDEV(H9:H104) -> 14.768225 | I109: =STDEV(I9:I104) -> 2.0312775 | ... Q109: =STDEV(Q9:Q104) -> 0.16366093
A110: Num | B110: =COUNT(B9:B104) -> 96 | C110: =COUNT(C9:C104) -> 96 | D110: =COUNT(D9:D104) -> 96 | E110: =COUNT(E9:E104) -> 96 | F110: =COUNT(F9:F104) -> 96 | G110: =COUNT(G9:G104) -> 96 | H110: =COUNT(H9:H104) -> 96 | I110: =COUNT(I9:I104) -> 96 | ... Q110: =COUNT(Q9:Q104) -> 96
A111: DCR | B111: =IF(B110>=87,">90%",IF(B110<=87,"<90%")) -> >90% | C111: =IF(C110>=87,">90%",IF(C110<=87,"<90%")) -> >90% | D111: =IF(D110>=87,">90%",IF(D110<=87,"<90%")) -> >90% | E111: =IF(E110>=87,">90%",IF(E110<=87,"<90%")) -> >90% | F111: =IF(F110>=87,">90%",IF(F110<=87,"<90%")) -> >90% | G111: =IF(G110>=87,">90%",IF(G110<=87,"<90%")) -> >90% | H111: =IF(H110>=87,">90%",IF(H110<=87,"<90%")) -> >90% | I111: =IF(I110>=87,">90%",IF(I110<=87,"<90%")) -> >90% | ... Q111: =IF(Q110>=87,">90%",IF(Q110<=87,"<90%")) -> >90%
A112: Status | B112: =IF(B110>=87,"OK",IF(B110<=87,"LESS")) -> OK | C112: =IF(C110>=87,"OK",IF(C110<=87,"LESS")) -> OK | D112: =IF(D110>=87,"OK",IF(D110<=87,"LESS")) -> OK | E112: =IF(E110>=87,"OK",IF(E110<=87,"LESS")) -> OK | F112: =IF(F110>=87,"OK",IF(F110<=87,"LESS")) -> OK | G112: =IF(G110>=87,"OK",IF(G110<=87,"LESS")) -> OK | H112: =IF(H110>=87,"OK",IF(H110<=87,"LESS")) -> OK | I112: =IF(I110>=87,"OK",IF(I110<=87,"LESS")) -> OK | ... Q112: =IF(Q110>=87,"OK",IF(Q110<=87,"LESS")) -> OK
A115: Done by | B115: SR
A117: Comment

Sheet 14
A1: Station: | B1: BHATAGAON RAIPUR
A2: Date: | B2: =$A$9 -> 14-04-2024 00:15 | D2: Power Off | G2: Pw.Off | L2: Link Fail | N2: Link F | P2: Maintenance | R2: Maint.
A3: Report Type: | B3: Mean | D3: Calibration | G3: Calib. | L3: Data Fail | N3: Data F | P3: Invalid | R3: Invalid
A4: Time Base: | B4: 15 Min | D4: Zero Referrence | G4: Z.Ref | L4: Warm Up | N4: Wm. Up
A7: Date & Time | B7: NO_BHATAGAON | C7: NO2__BHATAGAON | D7: NOX_BHATAGAON | E7: SO2__BHATAGAON | F7: O3__BHATAGAON | G7: PM10__BHATAGAON | H7: PM2_5__BHATAGAON | I7: BENZ__BHATAGAON | J7: WS__BHATAGAON | K7: WD__BHATAGAON | L7: TEMP__BHATAGAON | M7: HUM__BHATAGAON | N7: SR__BHATAGAON | O7: RG__BHATAGAON | P7: CO__BHATAGAON | Q7: NH3__BHATAGAON
B8: ug/m3 | C8: ug/m3 | D8: ppb | E8: ug/m3 | F8: ug/m3 | G8: ug/m3 | H8: ug/m3 | I8: ug/m3 | J8: m/sec | K8: deg | L8: degreC | M8: % | N8: w/m2 | O8: mm | P8: mg/m3 | Q8: ug/m3
A9: 14-04-2024 00:15 | B9: 6.95 | C9: 24.93 | D9: 18.52 | E9: 2.06 | F9: 2.76 | G9: 31.93 | H9: 11.81 | I9: 4.77 | J9: 0.22 | K9: 216.24 | L9: 19.91 | M9: 93.11 | N9: 16.3 | O9: 0 | P9: 0.45 | Q9: 9.21
A10: 14-04-2024 00:30 | B10: 6.96 | C10: 24.14 | D10: 18.11 | E10: 1.89 | F10: 3.18 | G10: 31.93 | H10: 11.81 | I10: 4.75 | J10: 0.22 | K10: 338.22 | L10: 19.57 | M10: 95.02 | N10: 16.6 | O10: 0 | P10: 0.46 | Q10: 9.32
A11: 14-04-2024 00:45 | B11: 7.2 | C11: 24.07 | D11: 18.27 | E11: 1.84 | F11: 3.31 | G11: 31.93 | H11: 11.81 | I11: 4.67 | J11: 0.14 | K11: 334.87 | L11: 19.28 | M11: 96.48 | N11: 16.6 | O11: 0 | P11: 0.46 | Q11: 9.31
A12: 14-04-2024 01:00 | B12: 7.54 | C12: 23.91 | D12: 18.46 | E12: 2.29 | F12: 3.15 | G12: 31.55 | H12: 11.62 | I12: 4.62 | J12: 0.13 | K12: 12.07 | L12: 19.14 | M12: 97.52 | N12: 16.3 | O12: 0 | P12: 0.46 | Q12: 9.33
A13: 14-04-2024 01:15 | B13: 7.85 | C13: 23.81 | D13: 18.65 | E13: 2.22 | F13: 3.19 | G13: 26.3 | H13: 8.96 | I13: 4.54 | J13: 0.12 | K13: 286.78 | L13: 19.28 | M13: 96.64 | N13: 16.6 | O13: 0 | P13: 0.44 | Q13: 9.23
A14: 14-04-2024 01:30 | B14: 8.25 | C14: 23.8 | D14: 18.97 | E14: 2.08 | F14: 3.09 | G14: 26.3 | H14: 8.96 | I14: 4.5 | J14: 0.09 | K14: 9.68 | L14: 19.1 | M14: 97.9 | N14: 16.6 | O14: 0 | P14: 0.45 | Q14: 9.33
A15: 14-04-2024 01:45 | B15: 8.88 | C15: 23.86 | D15: 19.51 | E15: 2.33 | F15: 3.03 | G15: 26.3 | H15: 8.96 | I15: 4.51 | J15: 0.06 | K15: 283.92 | L15: 19.02 | M15: 97.9 | N15: 16.5 | O15: 0 | P15: 0.45 | Q15: 9.34
A16: 14-04-2024 02:00 | B16: 9.39 | C16: 23.95 | D16: 19.96 | E16: 2.33 | F16: 3.13 | G16: 27.47 | H16: 9.02 | I16: 4.45 | J16: 0.09 | K16: 206.78 | L16: 19.19 | M16: 97.81 | N16: 16.3 | O16: 0 | P16: 0.45 | Q16: 9.32
A17: 14-04-2024 02:15 | B17: 9.84 | C17: 24.49 | D17: 20.6 | E17: 2.4 | F17: 3.12 | G17: 43.89 | H17: 10.14 | I17: 4.43 | J17: 0.15 | K17: 50.44 | L17: 19.31 | M17: 97.84 | N17: 16.6 | O17: 0 | P17: 0.44 | Q17: 9.31
A18: 14-04-2024 02:30 | B18: 10.5 | C18: 23.22 | D18: 20.47 | E18: 2.1 | F18: 3.14 | G18: 43.89 | H18: 10.14 | I18: 4.4 | J18: 0.14 | K18: 218.95 | L18: 19.23 | M18: 97.87 | N18: 16.4 | O18: 0 | P18: 0.45 | Q18: 9.31
A19: 14-04-2024 02:45 | B19: 11.12 | C19: 23.1 | D19: 20.91 | E19: 2.15 | F19: 3.25 | G19: 43.89 | H19: 10.14 | I19: 4.43 | J19: 0.15 | K19: 282.05 | L19: 19.02 | M19: 97.9 | N19: 16.5 | O19: 0 | P19: 0.45 | Q19: 9.33
A20: 14-04-2024 03:00 | B20: 11.71 | C20: 23.39 | D20: 21.53 | E20: 2.41 | F20: 3.03 | G20: 43.74 | H20: 10.31 | I20: 4.57 | J20: 0.13 | K20: 307.11 | L20: 18.59 | M20: 97.91 | N20: 16.7 | O20: 0 | P20: 0.45 | Q20: 9.35
... A104: 14-04-2024 24:00 | B104: 49.54 | C104: 33.94 | D104: 57.37 | E104: 1.4 | F104: 3.2 | G104: 86.42 | H104: 25.25 | I104: 8.84 | J104: 0.09 | K104: 284.48 | L104: 24.21 | M104: 77.17 | N104: 17 | O104: 0 | P104: 1.22 | Q104: 9.71
A106: Min | B106: =MIN(B9:B104) -> 0.1 | C106: =MIN(C9:C104) -> 22.46 | D106: =MIN(D9:D104) -> 11.73 | E106: =MIN(E9:E104) -> 0.28 | F106: =MIN(F9:F104) -> 2.76 | G106: =MIN(G9:G104) -> 24.72 | H106: =MIN(H9:H104) -> 8.96 | I106: =MIN(I9:I104) -> 3.78 | ... Q106: =MIN(Q9:Q104) -> 0
A107: Max | B107: =MAX(B9:B104) -> 49.54 | C107: =MAX(C9:C104) -> 36.6 | D107: =MAX(D9:D104) -> 57.37 | E107: =MAX(E9:E104) -> 2.54 | F107: =MAX(F9:F104) -> 6.77 | G107: =MAX(G9:G104) -> 86.69 | H107: =MAX(H9:H104) -> 26.72 | I107: =MAX(I9:I104) -> 8.99 | ... Q107: =MAX(Q9:Q104) -> 9.83
A108: Avg | B108: =AVERAGE(B9:B104) -> 12.056563 | C108: =AVERAGE(C9:C104) -> 27.218854 | D108: =AVERAGE(D9:D104) -> 23.808958 | E108: =AVERAGE(E9:E104) -> 1.7615625 | F108: =AVERAGE(F9:F104) -> 3.9465625 | G108: =AVERAGE(G9:G104) -> 40.862917 | H108: =AVERAGE(H9:H104) -> 16.617188 | I108: =AVERAGE(I9:I104) -> 5.4711458 | ... Q108: =AVERAGE(Q9:Q104) -> 9.2389583
A109: Stdev | B109: =STDEV(B9:B104) -> 13.388793 | C109: =STDEV(C9:C104) -> 3.8296263 | D109: =STDEV(D9:D104) -> 11.770413 | E109: =STDEV(E9:E104) -> 0.60388972 | F109: =STDEV(F9:F104) -> 0.99588926 | G109: =STDEV(G9:G104) -> 15.567648 | H109: =STDEV(H9:H104) -> 4.7483889 | I109: =STDEV(I9:I104) -> 1.2568791 | ... Q109: =STDEV(Q9:Q104) -> 0.96681624
A110: Num | B110: =COUNT(B9:B104) -> 96 | C110: =COUNT(C9:C104) -> 96 | D110: =COUNT(D9:D104) -> 96 | E110: =COUNT(E9:E104) -> 96 | F110: =COUNT(F9:F104) -> 96 | G110: =COUNT(G9:G104) -> 96 | H110: =COUNT(H9:H104) -> 96 | I110: =COUNT(I9:I104) -> 96 | ... Q110: =COUNT(Q9:Q104) -> 96
A111: DCR | B111: =IF(B110>=87,">90%",IF(B110<=87,"<90%")) -> >90% | C111: =IF(C110>=87,">90%",IF(C110<=87,"<90%")) -> >90% | D111: =IF(D110>=87,">90%",IF(D110<=87,"<90%")) -> >90% | E111: =IF(E110>=87,">90%",IF(E110<=87,"<90%")) -> >90% | F111: =IF(F110>=87,">90%",IF(F110<=87,"<90%")) -> >90% | G111: =IF(G110>=87,">90%",IF(G110<=87,"<90%")) -> >90% | H111: =IF(H110>=87,">90%",IF(H110<=87,"<90%")) -> >90% | I111: =IF(I110>=87,">90%",IF(I110<=87,"<90%")) -> >90% | ... Q111: =IF(Q110>=87,">90%",IF(Q110<=87,"<90%")) -> >90%
A112: Status | B112: =IF(B110>=87,"OK",IF(B110<=87,"LESS")) -> OK | C112: =IF(C110>=87,"OK",IF(C110<=87,"LESS")) -> OK | D112: =IF(D110>=87,"OK",IF(D110<=87,"LESS")) -> OK | E112: =IF(E110>=87,"OK",IF(E110<=87,"LESS")) -> OK | F112: =IF(F110>=87,"OK",IF(F110<=87,"LESS")) -> OK | G112: =IF(G110>=87,"OK",IF(G110<=87,"LESS")) -> OK | H112: =IF(H110>=87,"OK",IF(H110<=87,"LESS")) -> OK | I112: =IF(I110>=87,"OK",IF(I110<=87,"LESS")) -> OK | ... Q112: =IF(Q110>=87,"OK",IF(Q110<=87,"LESS")) -> OK
A115: Done by | B115: RK
A117: Comment

Sheet 15
A1: Station: | B1: BHATAGAON RAIPUR
A2: Date: | B2: =$A$9 -> 15-04-2024 00:15 | D2: Power Off | G2: Pw.Off | L2: Link Fail | N2: Link F | P2: Maintenance | R2: Maint.
A3: Report Type: | B3: Mean | D3: Calibration | G3: Calib. | L3: Data Fail | N3: Data F | P3: Invalid | R3: Invalid
A4: Time Base: | B4: 15 Min | D4: Zero Referrence | G4: Z.Ref | L4: Warm Up | N4: Wm. Up
A7: Date & Time | B7: NO_BHATAGAON | C7: NO2__BHATAGAON | D7: NOX_BHATAGAON | E7: SO2__BHATAGAON | F7: O3__BHATAGAON | G7: PM10__BHATAGAON | H7: PM2_5__BHATAGAON | I7: BENZ__BHATAGAON | J7: WS__BHATAGAON | K7: WD__BHATAGAON | L7: TEMP__BHATAGAON | M7: HUM__BHATAGAON | N7: SR__BHATAGAON | O7: RG__BHATAGAON | P7: CO__BHATAGAON | Q7: NH3__BHATAGAON
B8: ug/m3 | C8: ug/m3 | D8: ppb | E8: ug/m3 | F8: ug/m3 | G8: ug/m3 | H8: ug/m3 | I8: ug/m3 | J8: m/sec | K8: deg | L8: degreC | M8: % | N8: w/m2 | O8: mm | P8: mg/m3 | Q8: ug/m3
A9: 15-04-2024 00:15 | B9: 49.86 | C9: 33.54 | D9: 57.43 | E9: 1.54 | F9: 3.31 | G9: 82.64 | H9: 25.14 | I9: 8.74 | J9: 0.15 | K9: 258.02 | L9: 24.17 | M9: 75.32 | N9: 16.9 | O9: 0 | P9: 1.19 | Q9: 9.74
A10: 15-04-2024 00:30 | B10: 48.7 | C10: 33.13 | D10: 56.28 | E10: 1.02 | F10: 3.62 | G10: 82.64 | H10: 25.14 | I10: 8.61 | J10: 0.17 | K10: 308.42 | L10: 23.99 | M10: 78.32 | N10: 17.2 | O10: 0 | P10: 1.17 | Q10: 9.73
A11: 15-04-2024 00:45 | B11: 47.19 | C11: 32.11 | D11: 54.54 | E11: 1.59 | F11: 3.89 | G11: 82.64 | H11: 25.14 | I11: 8.4 | J11: 0.36 | K11: 175.71 | L11: 24.27 | M11: 73.73 | N11: 16 | O11: 0 | P11: 1.14 | Q11: 9.63
A12: 15-04-2024 01:00 | B12: 44.8 | C12: 31.38 | D12: 52.24 | E12: 1.43 | F12: 3.32 | G12: 81.76 | H12: 25.11 | I12: 8.37 | J12: 0.32 | K12: 162.18 | L12: 24.54 | M12: 72.26 | N12: 16.4 | O12: 0 | P12: 1.1 | Q12: 9.71
A13: 15-04-2024 01:15 | B13: 42.12 | C13: 31.99 | D13: 50.41 | E13: 1.47 | F13: 3.04 | G13: 66.94 | H13: 24.45 | I13: 8.31 | J13: 0.84 | K13: 171.12 | L13: 24.8 | M13: 70 | N13: 15.9 | O13: 0 | P13: 0.92 | Q13: 9.59
A14: 15-04-2024 01:30 | B14: 40.05 | C14: 30.09 | D14: 47.76 | E14: 1.06 | F14: 3.05 | G14: 66.94 | H14: 24.45 | I14: 8.2 | J14: 0.05 | K14: 100.76 | L14: 24.56 | M14: 71.7 | N14: 17.3 | O14: 0 | P14: 0.93 | Q14: 9.72
A15: 15-04-2024 01:45 | B15: 38.53 | C15: 29.5 | D15: 46.23 | E15: 0.92 | F15: 2.74 | G15: 66.94 | H15: 24.45 | I15: 7.87 | J15: 0.14 | K15: 312.98 | L15: 23.78 | M15: 77.7 | N15: 17.6 | O15: 0 | P15: 0.89 | Q15: 9.66
A16: 15-04-2024 02:00 | B16: 37.39 | C16: 28.93 | D16: 45.02 | E16: 1.42 | F16: 3.51 | G16: 66.46 | H16: 24.24 | I16: 6.95 | J16: 0.18 | K16: 147.28 | L16: 23.21 | M16: 80.71 | N16: 17.1 | O16: 0 | P16: 0.88 | Q16: 9.66
A17: 15-04-2024 02:15 | B17: 36.44 | C17: 28.48 | D17: 44.02 | E17: 1.01 | F17: 3.21 | G17: 59.74 | H17: 20.63 | I17: 6.71 | J17: 0.09 | K17: 232.7 | L17: 23.56 | M17: 78.72 | N17: 16.8 | O17: 0 | P17: 0.87 | Q17: 9.72
A18: 15-04-2024 02:30 | B18: 35.45 | C18: 27.8 | D18: 42.87 | E18: 1.05 | F18: 3.37 | G18: 59.74 | H18: 20.63 | I18: 7.35 | J18: 0.24 | K18: 348.49 | L18: 23.1 | M18: 82.76 | N18: 17.2 | O18: 0 | P18: 0.84 | Q18: 9.69
A19: 15-04-2024 02:45 | B19: 34.53 | C19: 27.17 | D19: 41.8 | E19: 1.01 | F19: 3.39 | G19: 59.74 | H19: 20.63 | I19: 7.48 | J19: 0.18 | K19: 315.78 | L19: 22.7 | M19: 84.12 | N19: 17.1 | O19: 0 | P19: 0.82 | Q19: 9.55
A20: 15-04-2024 03:00 | B20: 33.53 | C20: 26.84 | D20: 40.83 | E20: 1 | F20: 3.78 | G20: 59.17 | H20: 20.51 | I20: 7.14 | J20: 0.18 | K20: 298.07 | L20: 22.8 | M20: 81.6 | N20: 16.9 | O20: 0 | P20: 0.8 | Q20: 9.57
... A104: 15-04-2024 24:00 | B104: 33.71 | C104: 25.79 | D104: 40.43 | E104: 1.81 | F104: 3.73 | G104: 81 | H104: 24.49 | I104: 9.38 | J104: 0 | K104: 263.14 | L104: 23.13 | M104: 88.89 | N104: 15.5 | O104: 0 | P104: 1.31 | Q104: 9.45
A106: Min | B106: =MIN(B9:B104) -> 0.1 | C106: =MIN(C9:C104) -> 19.08 | D106: =MIN(D9:D104) -> 9.97 | E106: =MIN(E9:E104) -> 0.22 | F106: =MIN(F9:F104) -> 2.74 | G106: =MIN(G9:G104) -> 17.93 | H106: =MIN(H9:H104) -> 9.12 | I106: =MIN(I9:I104) -> 3.8 | ... Q106: =MIN(Q9:Q104) -> 9.09
A107: Max | B107: =MAX(B9:B104) -> 49.86 | C107: =MAX(C9:C104) -> 46.18 | D107: =MAX(D9:D104) -> 57.43 | E107: =MAX(E9:E104) -> 2.34 | F107: =MAX(F9:F104) -> 13.64 | G107: =MAX(G9:G104) -> 98.47 | H107: =MAX(H9:H104) -> 33.15 | I107: =MAX(I9:I104) -> 9.38 | ... Q107: =MAX(Q9:Q104) -> 9.79
A108: Avg | B108: =AVERAGE(B9:B104) -> 19.926667 | C108: =AVERAGE(C9:C104) -> 27.311875 | D108: =AVERAGE(D9:D104) -> 30.169062 | E108: =AVERAGE(E9:E104) -> 1.2494792 | F108: =AVERAGE(F9:F104) -> 4.8409375 | G108: =AVERAGE(G9:G104) -> 56.014792 | H108: =AVERAGE(H9:H104) -> 20.545208 | I108: =AVERAGE(I9:I104) -> 6.4490625 | ... Q108: =AVERAGE(Q9:Q104) -> 9.3802083
A109: Stdev | B109: =STDEV(B9:B104) -> 17.956066 | C109: =STDEV(C9:C104) -> 5.0240096 | D109: =STDEV(D9:D104) -> 15.478963 | E109: =STDEV(E9:E104) -> 0.44361047 | F109: =STDEV(F9:F104) -> 2.4541218 | G109: =STDEV(G9:G104) -> 19.109854 | H109: =STDEV(H9:H104) -> 5.7262737 | I109: =STDEV(I9:I104) -> 1.7326214 | ... Q109: =STDEV(Q9:Q104) -> 0.22735078
A110: Num | B110: =COUNT(B9:B104) -> 96 | C110: =COUNT(C9:C104) -> 96 | D110: =COUNT(D9:D104) -> 96 | E110: =COUNT(E9:E104) -> 96 | F110: =COUNT(F9:F104) -> 96 | G110: =COUNT(G9:G104) -> 96 | H110: =COUNT(H9:H104) -> 96 | I110: =COUNT(I9:I104) -> 96 | ... Q110: =COUNT(Q9:Q104) -> 96
A111: DCR | B111: =IF(B110>=87,">90%",IF(B110<=87,"<90%")) -> >90% | C111: =IF(C110>=87,">90%",IF(C110<=87,"<90%")) -> >90% | D111: =IF(D110>=87,">90%",IF(D110<=87,"<90%")) -> >90% | E111: =IF(E110>=87,">90%",IF(E110<=87,"<90%")) -> >90% | F111: =IF(F110>=87,">90%",IF(F110<=87,"<90%")) -> >90% | G111: =IF(G110>=87,">90%",IF(G110<=87,"<90%")) -> >90% | H111: =IF(H110>=87,">90%",IF(H110<=87,"<90%")) -> >90% | I111: =IF(I110>=87,">90%",IF(I110<=87,"<90%")) -> >90% | ... Q111: =IF(Q110>=87,">90%",IF(Q110<=87,"<90%")) -> >90%
A112: Status | B112: =IF(B110>=87,"OK",IF(B110<=87,"LESS")) -> OK | C112: =IF(C110>=87,"OK",IF(C110<=87,"LESS")) -> OK | D112: =IF(D110>=87,"OK",IF(D110<=87,"LESS")) -> OK | E112: =IF(E110>=87,"OK",IF(E110<=87,"LESS")) -> OK | F112: =IF(F110>=87,"OK",IF(F110<=87,"LESS")) -> OK | G112: =IF(G110>=87,"OK",IF(G110<=87,"LESS")) -> OK | H112: =IF(H110>=87,"OK",IF(H110<=87,"LESS")) -> OK | I112: =IF(I110>=87,"OK",IF(I110<=87,"LESS")) -> OK | ... Q112: =IF(Q110>=87,"OK",IF(Q110<=87,"LESS")) -> OK
A115: Done by | B115: RK
A117: Comment

Sheet 16
A1: Station: | B1: BHATAGAON RAIPUR
A2: Date: | B2: =$A$9 -> 16-04-2024 00:15 | D2: Power Off | G2: Pw.Off | L2: Link Fail | N2: Link F | P2: Maintenance | R2: Maint.
A3: Report Type: | B3: Mean | D3: Calibration | G3: Calib. | L3: Data Fail | N3: Data F | P3: Invalid | R3: Invalid
A4: Time Base: | B4: 15 Min | D4: Zero Referrence | G4: Z.Ref | L4: Warm Up | N4: Wm. Up
A7: Date & Time | B7: NO_BHATAGAON | C7: NO2__BHATAGAON | D7: NOX_BHATAGAON | E7: SO2__BHATAGAON | F7: O3__BHATAGAON | G7: PM10__BHATAGAON | H7: PM2_5__BHATAGAON | I7: BENZ__BHATAGAON | J7: WS__BHATAGAON | K7: WD__BHATAGAON | L7: TEMP__BHATAGAON | M7: HUM__BHATAGAON | N7: SR__BHATAGAON | O7: RG__BHATAGAON | P7: CO__BHATAGAON | Q7: NH3__BHATAGAON
B8: ug/m3 | C8: ug/m3 | D8: ppb | E8: ug/m3 | F8: ug/m3 | G8: ug/m3 | H8: ug/m3 | I8: ug/m3 | J8: m/sec | K8: deg | L8: degreC | M8: % | N8: w/m2 | O8: mm | P8: mg/m3 | Q8: ug/m3
A9: 16-04-2024 00:15 | B9: 33.76 | C9: 26.67 | D9: 40.93 | E9: 1.95 | F9: 3.44 | G9: 82.99 | H9: 25.71 | I9: 9.29 | J9: 0.12 | K9: 175.79 | L9: 22.82 | M9: 93.13 | N9: 15.4 | O9: 0 | P9: 1.3 | Q9: 9.41
A10: 16-04-2024 00:30 | B10: 33.87 | C10: 25.66 | D10: 40.49 | E10: 1.98 | F10: 3.16 | G10: 82.99 | H10: 25.71 | I10: 9.19 | J10: 0.2 | K10: 218.54 | L10: 22.82 | M10: 91.99 | N10: 15.1 | O10: 0 | P10: 1.28 | Q10: 9.43
A11: 16-04-2024 00:45 | B11: 33.69 | C11: 25.13 | D11: 40.07 | E11: 1.85 | F11: 2.88 | G11: 82.99 | H11: 25.71 | I11: 9.83 | J11: 0.34 | K11: 210.02 | L11: 23.02 | M11: 88.45 | N11: 14.9 | O11: 0 | P11: 1.27 | Q11: 9.44
A12: 16-04-2024 01:00 | B12: 33.19 | C12: 24.26 | D12: 39.21 | E12: 1.63 | F12: 3.34 | G12: 82.72 | H12: 25.86 | I12: 10.06 | J12: 0.16 | K12: 219.24 | L12: 22.88 | M12: 88.09 | N12: 15.5 | O12: 0 | P12: 1.26 | Q12: 9.39
A13: 16-04-2024 01:15 | B13: 32.73 | C13: 23.74 | D13: 38.57 | E13: 1.63 | F13: 3.33 | G13: 78.9 | H13: 27.89 | I13: 10.27 | J13: 0.07 | K13: 138.42 | L13: 22.64 | M13: 89.67 | N13: 15.3 | O13: 0 | P13: 1.08 | Q13: 9.48
A14: 16-04-2024 01:30 | B14: 32.25 | C14: 22.86 | D14: 37.73 | E14: 1.94 | F14: 3.48 | G14: 78.9 | H14: 27.89 | I14: 10.54 | J14: 0.28 | K14: 208.62 | L14: 22.66 | M14: 91.58 | N14: 14.9 | O14: 0 | P14: 1.12 | Q14: 9.43
A15: 16-04-2024 01:45 | B15: 31.8 | C15: 22.49 | D15: 37.17 | E15: 1.85 | F15: 3.08 | G15: 78.9 | H15: 27.89 | I15: 10.97 | J15: 0.22 | K15: 340.29 | L15: 22.51 | M15: 92.55 | N15: 15.4 | O15: 0 | P15: 1.11 | Q15: 9.37
A16: 16-04-2024 02:00 | B16: 31.42 | C16: 21.55 | D16: 36.37 | E16: 1.68 | F16: 3.67 | G16: 78.26 | H16: 27.82 | I16: 11.2 | J16: 0.15 | K16: 305.18 | L16: 22.04 | M16: 96.51 | N16: 15.5 | O16: 0 | P16: 1.1 | Q16: 9.44
A17: 16-04-2024 02:15 | B17: 30.71 | C17: 20.38 | D17: 35.19 | E17: 1.9 | F17: 3.24 | G17: 67.38 | H17: 26.6 | I17: 11.57 | J17: 0.19 | K17: 62.11 | L17: 21.77 | M17: 97.83 | N17: 15.3 | O17: 0 | P17: 1.08 | Q17: 9.38
A18: 16-04-2024 02:30 | B18: 29.92 | C18: 19.74 | D18: 34.23 | E18: 1.67 | F18: 3.09 | G18: 67.38 | H18: 26.6 | I18: 11.81 | J18: 0.09 | K18: 231.49 | L18: 21.8 | M18: 97.85 | N18: 15.3 | O18: 0 | P18: 1.06 | Q18: 9.49
A19: 16-04-2024 02:45 | B19: 29.62 | C19: 19.68 | D19: 33.96 | E19: 1.71 | F19: 3.41 | G19: 67.38 | H19: 26.6 | I19: 11.86 | J19: 0.22 | K19: 235.31 | L19: 21.97 | M19: 97.76 | N19: 14.9 | O19: 0 | P19: 1.04 | Q19: 9.45
A20: 16-04-2024 03:00 | B20: 29.36 | C20: 19.42 | D20: 33.61 | E20: 1.64 | F20: 3.48 | G20: 67.25 | H20: 26.58 | I20: 11.93 | J20: 0.12 | K20: 22.7 | L20: 21.92 | M20: 97.87 | N20: 15.2 | O20: 0 | P20: 1.01 | Q20: 9.41
... A104: 16-04-2024 24:00 | B104: 37.69 | C104: 29.13 | D104: 45.36 | E104: 0.85 | F104: 3.67 | G104: 108.5 | H104: 84.88 | I104: 8.57 | J104: 0.14 | K104: 278.35 | L104: 24.57 | M104: 77.65 | N104: 17.1 | O104: 0 | P104: 1.2 | Q104: 9.51
A106: Min | B106: =MIN(B9:B104) -> 0.1 | C106: =MIN(C9:C104) -> 19.09 | D106: =MIN(D9:D104) -> 10.99 | E106: =MIN(E9:E104) -> 0.29 | F106: =MIN(F9:F104) -> 2.86 | G106: =MIN(G9:G104) -> 42.03 | H106: =MIN(H9:H104) -> 13.16 | I106: =MIN(I9:I104) -> 7.99 | ... Q106: =MIN(Q9:Q104) -> 9.09
A107: Max | B107: =MAX(B9:B104) -> 37.69 | C107: =MAX(C9:C104) -> 36.01 | D107: =MAX(D9:D104) -> 45.36 | E107: =MAX(E9:E104) -> 2.41 | F107: =MAX(F9:F104) -> 6.63 | G107: =MAX(G9:G104) -> 114.35 | H107: =MAX(H9:H104) -> 88 | I107: =MAX(I9:I104) -> 11.96 | ... Q107: =MAX(Q9:Q104) -> 9.51
A108: Avg | B108: =AVERAGE(B9:B104) -> 16.317083 | C108: =AVERAGE(C9:C104) -> 25.922396 | D108: =AVERAGE(D9:D104) -> 26.548646 | E108: =AVERAGE(E9:E104) -> 1.46 | F108: =AVERAGE(F9:F104) -> 4.0365625 | G108: =AVERAGE(G9:G104) -> 64.705938 | H108: =AVERAGE(H9:H104) -> 25.129271 | I108: =AVERAGE(I9:I104) -> 9.7511458 | ... Q108: =AVERAGE(Q9:Q104) -> 9.2755208
A109: Stdev | B109: =STDEV(B9:B104) -> 13.05778 | C109: =STDEV(C9:C104) -> 4.5583427 | D109: =STDEV(D9:D104) -> 9.7606291 | E109: =STDEV(E9:E104) -> 0.5726963 | F109: =STDEV(F9:F104) -> 0.98648961 | G109: =STDEV(G9:G104) -> 19.496731 | H109: =STDEV(H9:H104) -> 13.729449 | I109: =STDEV(I9:I104) -> 1.2252801 | ... Q109: =STDEV(Q9:Q104) -> 0.12111647
A110: Num | B110: =COUNT(B9:B104) -> 96 | C110: =COUNT(C9:C104) -> 96 | D110: =COUNT(D9:D104) -> 96 | E110: =COUNT(E9:E104) -> 96 | F110: =COUNT(F9:F104) -> 96 | G110: =COUNT(G9:G104) -> 96 | H110: =COUNT(H9:H104) -> 96 | I110: =COUNT(I9:I104) -> 96 | ... Q110: =COUNT(Q9:Q104) -> 96
A111: DCR | B111: =IF(B110>=87,">90%",IF(B110<=87,"<90%")) -> >90% | C111: =IF(C110>=87,">90%",IF(C110<=87,"<90%")) -> >90% | D111: =IF(D110>=87,">90%",IF(D110<=87,"<90%")) -> >90% | E111: =IF(E110>=87,">90%",IF(E110<=87,"<90%")) -> >90% | F111: =IF(F110>=87,">90%",IF(F110<=87,"<90%")) -> >90% | G111: =IF(G110>=87,">90%",IF(G110<=87,"<90%")) -> >90% | H111: =IF(H110>=87,">90%",IF(H110<=87,"<90%")) -> >90% | I111: =IF(I110>=87,">90%",IF(I110<=87,"<90%")) -> >90% | ... Q111: =IF(Q110>=87,">90%",IF(Q110<=87,"<90%")) -> >90%
A112: Status | B112: =IF(B110>=87,"OK",IF(B110<=87,"LESS")) -> OK | C112: =IF(C110>=87,"OK",IF(C110<=87,"LESS")) -> OK | D112: =IF(D110>=87,"OK",IF(D110<=87,"LESS")) -> OK | E112: =IF(E110>=87,"OK",IF(E110<=87,"LESS")) -> OK | F112: =IF(F110>=87,"OK",IF(F110<=87,"LESS")) -> OK | G112: =IF(G110>=87,"OK",IF(G110<=87,"LESS")) -> OK | H112: =IF(H110>=87,"OK",IF(H110<=87,"LESS")) -> OK | I112: =IF(I110>=87,"OK",IF(I110<=87,"LESS")) -> OK | ... Q112: =IF(Q110>=87,"OK",IF(Q110<=87,"LESS")) -> OK
A115: Done by | B115: RK
A117: Comment

Sheet 17
A1: Station: | B1: BHATAGAON RAIPUR
A2: Date: | B2: =$A$9 -> 17-04-2024 00:15 | D2: Power Off | G2: Pw.Off | L2: Link Fail | N2: Link F | P2: Maintenance | R2: Maint.
A3: Report Type: | B3: Mean | D3: Calibration | G3: Calib. | L3: Data Fail | N3: Data F | P3: Invalid | R3: Invalid
A4: Time Base: | B4: 15 Min | D4: Zero Referrence | G4: Z.Ref | L4: Warm Up | N4: Wm. Up
A7: Date & Time | B7: NO_BHATAGAON | C7: NO2__BHATAGAON | D7: NOX_BHATAGAON | E7: SO2__BHATAGAON | F7: O3__BHATAGAON | G7: PM10__BHATAGAON | H7: PM2_5__BHATAGAON | I7: BENZ__BHATAGAON | J7: WS__BHATAGAON | K7: WD__BHATAGAON | L7: TEMP__BHATAGAON | M7: HUM__BHATAGAON | N7: SR__BHATAGAON | O7: RG__BHATAGAON | P7: CO__BHATAGAON | Q7: NH3__BHATAGAON
B8: ug/m3 | C8: ug/m3 | D8: ppb | E8: ug/m3 | F8: ug/m3 | G8: ug/m3 | H8: ug/m3 | I8: ug/m3 | J8: m/sec | K8: deg | L8: degreC | M8: % | N8: w/m2 | O8: mm | P8: mg/m3 | Q8: ug/m3
A9: 17-04-2024 00:15 | B9: 38.93 | C9: 28.78 | D9: 46.17 | E9: 1.58 | F9: 3.15 | G9: 107.3 | H9: 31.83 | I9: 8.99 | J9: 0.18 | K9: 233.97 | L9: 24.72 | M9: 73.12 | N9: 16.7 | O9: 0 | P9: 1.18 | Q9: 9.45
A10: 17-04-2024 00:30 | B10: 39.26 | C10: 27.82 | D10: 45.94 | E10: 1.49 | F10: 3.61 | G10: 107.3 | H10: 31.83 | I10: 9.32 | J10: 0.24 | K10: 351.91 | L10: 24.51 | M10: 74.25 | N10: 17.4 | O10: 0 | P10: 1.15 | Q10: 9.54
A11: 17-04-2024 00:45 | B11: 39.23 | C11: 26.9 | D11: 45.43 | E11: 1.7 | F11: 3.85 | G11: 107.3 | H11: 31.83 | I11: 9.14 | J11: 0.51 | K11: 342.55 | L11: 24.06 | M11: 76.91 | N11: 16.9 | O11: 0 | P11: 1.15 | Q11: 9.43
A12: 17-04-2024 01:00 | B12: 38.83 | C12: 26 | D12: 44.64 | E12: 1.66 | F12: 3.38 | G12: 107.33 | H12: 31.47 | I12: 8.81 | J12: 0.24 | K12: 222.88 | L12: 24.18 | M12: 75.65 | N12: 17 | O12: 0 | P12: 1.15 | Q12: 9.55
A13: 17-04-2024 01:15 | B13: 38.22 | C13: 24.59 | D13: 43.42 | E13: 1.85 | F13: 3.12 | G13: 107.78 | H13: 26.49 | I13: 9.54 | J13: 0.2 | K13: 9.59 | L13: 24.22 | M13: 77.78 | N13: 17.6 | O13: 0 | P13: 1.12 | Q13: 9.54
A14: 17-04-2024 01:30 | B14: 37.77 | C14: 23.87 | D14: 42.68 | E14: 1.58 | F14: 3.05 | G14: 107.78 | H14: 26.49 | I14: 10.32 | J14: 0.07 | K14: 224.45 | L14: 23.78 | M14: 78.75 | N14: 17.2 | O14: 0 | P14: 1.14 | Q14: 9.43
A15: 17-04-2024 01:45 | B15: 37.1 | C15: 23.53 | D15: 41.97 | E15: 1.82 | F15: 3.41 | G15: 107.78 | H15: 26.49 | I15: 10.37 | J15: 0.03 | K15: 67.43 | L15: 23.77 | M15: 79.8 | N15: 17.2 | O15: 0 | P15: 1.15 | Q15: 9.53
A16: 17-04-2024 02:00 | B16: 36.32 | C16: 23.37 | D16: 41.26 | E16: 1.94 | F16: 3.56 | G16: 109.18 | H16: 28.47 | I16: 10.23 | J16: 0.08 | K16: 145.19 | L16: 23.6 | M16: 79.48 | N16: 17.3 | O16: 0 | P16: 1.15 | Q16: 9.49
A17: 17-04-2024 02:15 | B17: 35.57 | C17: 23.11 | D17: 40.52 | E17: 1.63 | F17: 3.38 | G17: 132.85 | H17: 62.07 | I17: 10.13 | J17: 0.22 | K17: 216.01 | L17: 23.65 | M17: 80.92 | N17: 16.8 | O17: 0 | P17: 1.13 | Q17: 9.4
A18: 17-04-2024 02:30 | B18: 35.41 | C18: 22.82 | D18: 40.24 | E18: 1.51 | F18: 3.6 | G18: 132.85 | H18: 62.07 | I18: 10.08 | J18: 0.05 | K18: 306.73 | L18: 23.44 | M18: 85.65 | N18: 17.1 | O18: 0 | P18: 1.12 | Q18: 9.5
A19: 17-04-2024 02:45 | B19: 35.56 | C19: 22.61 | D19: 40.25 | E19: 1.72 | F19: 3.28 | G19: 132.85 | H19: 62.07 | I19: 10 | J19: 0.15 | K19: 317.1 | L19: 23.51 | M19: 84.78 | N19: 17.1 | O19: 0 | P19: 1.1 | Q19: 9.47
A20: 17-04-2024 03:00 | B20: 35.53 | C20: 22.23 | D20: 40.03 | E20: 1.95 | F20: 3.19 | G20: 132.21 | H20: 61.56 | I20: 9.92 | J20: 0.07 | K20: 77.24 | L20: 23.11 | M20: 87.98 | N20: 17.2 | O20: 0 | P20: 1.08 | Q20: 9.46
... A104: 17-04-2024 24:00 | B104: 27.12 | C104: 30.23 | D104: 37.47 | E104: 0.94 | F104: 3.81 | G104: 54.97 | H104: 18.63 | I104: 7.83 | J104: 0.38 | K104: 322.54 | L104: 27 | M104: 41.61 | N104: 16.5 | O104: 0 | P104: 1.22 | Q104: 9.42
A106: Min | B106: =MIN(B9:B104) -> 0.1 | C106: =MIN(C9:C104) -> 20.46 | D106: =MIN(D9:D104) -> 11.25 | E106: =MIN(E9:E104) -> 0.5 | F106: =MIN(F9:F104) -> 2.77 | G106: =MIN(G9:G104) -> 32.11 | H106: =MIN(H9:H104) -> 8.4 | I106: =MIN(I9:I104) -> 3.62 | ... Q106: =MIN(Q9:Q104) -> 9.09
A107: Max | B107: =MAX(B9:B104) -> 42.24 | C107: =MAX(C9:C104) -> 44.62 | D107: =MAX(D9:D104) -> 46.49 | E107: =MAX(E9:E104) -> 3.5 | F107: =MAX(F9:F104) -> 12.6 | G107: =MAX(G9:G104) -> 132.85 | H107: =MAX(H9:H104) -> 62.07 | I107: =MAX(I9:I104) -> 11.15 | ... Q107: =MAX(Q9:Q104) -> 9.66
A108: Avg | B108: =AVERAGE(B9:B104) -> 19.01625 | C108: =AVERAGE(C9:C104) -> 28.040104 | D108: =AVERAGE(D9:D104) -> 29.82 | E108: =AVERAGE(E9:E104) -> 1.8198958 | F108: =AVERAGE(F9:F104) -> 4.7116667 | G108: =AVERAGE(G9:G104) -> 79.379271 | H108: =AVERAGE(H9:H104) -> 27.355312 | I108: =AVERAGE(I9:I104) -> 8.5309375 | ... Q108: =AVERAGE(Q9:Q104) -> 9.3102083
A109: Stdev | B109: =STDEV(B9:B104) -> 16.461079 | C109: =STDEV(C9:C104) -> 5.4430762 | D109: =STDEV(D9:D104) -> 12.213941 | E109: =STDEV(E9:E104) -> 0.70850992 | F109: =STDEV(F9:F104) -> 2.1144698 | G109: =STDEV(G9:G104) -> 29.63459 | H109: =STDEV(H9:H104) -> 13.569147 | I109: =STDEV(I9:I104) -> 2.0627295 | ... Q109: =STDEV(Q9:Q104) -> 0.16869767
A110: Num | B110: =COUNT(B9:B104) -> 96 | C110: =COUNT(C9:C104) -> 96 | D110: =COUNT(D9:D104) -> 96 | E110: =COUNT(E9:E104) -> 96 | F110: =COUNT(F9:F104) -> 96 | G110: =COUNT(G9:G104) -> 96 | H110: =COUNT(H9:H104) -> 96 | I110: =COUNT(I9:I104) -> 96 | ... Q110: =COUNT(Q9:Q104) -> 96
A111: DCR | B111: =IF(B110>=87,">90%",IF(B110<=87,"<90%")) -> >90% | C111: =IF(C110>=87,">90%",IF(C110<=87,"<90%")) -> >90% | D111: =IF(D110>=87,">90%",IF(D110<=87,"<90%")) -> >90% | E111: =IF(E110>=87,">90%",IF(E110<=87,"<90%")) -> >90% | F111: =IF(F110>=87,">90%",IF(F110<=87,"<90%")) -> >90% | G111: =IF(G110>=87,">90%",IF(G110<=87,"<90%")) -> >90% | H111: =IF(H110>=87,">90%",IF(H110<=87,"<90%")) -> >90% | I111: =IF(I110>=87,">90%",IF(I110<=87,"<90%")) -> >90% | ... Q111: =IF(Q110>=87,">90%",IF(Q110<=87,"<90%")) -> >90%
A112: Status | B112: =IF(B110>=87,"OK",IF(B110<=87,"LESS")) -> OK | C112: =IF(C110>=87,"OK",IF(C110<=87,"LESS")) -> OK | D112: =IF(D110>=87,"OK",IF(D110<=87,"LESS")) -> OK | E112: =IF(E110>=87,"OK",IF(E110<=87,"LESS")) -> OK | F112: =IF(F110>=87,"OK",IF(F110<=87,"LESS")) -> OK | G112: =IF(G110>=87,"OK",IF(G110<=87,"LESS")) -> OK | H112: =IF(H110>=87,"OK",IF(H110<=87,"LESS")) -> OK | I112: =IF(I110>=87,"OK",IF(I110<=87,"LESS")) -> OK | ... Q112: =IF(Q110>=87,"OK",IF(Q110<=87,"LESS")) -> OK
A115: Done by | B115: RK
A117: Comment

Sheet 18
A1: Station: | B1: BHATAGAON RAIPUR
A2: Date: | B2: =$A$9 -> 18-04-2024 00:15 | D2: Power Off | G2: Pw.Off | L2: Link Fail | N2: Link F | P2: Maintenance | R2: Maint.
A3: Report Type: | B3: Mean | D3: Calibration | G3: Calib. | L3: Data Fail | N3: Data F | P3: Invalid | R3: Invalid
A4: Time Base: | B4: 15 Min | D4: Zero Referrence | G4: Z.Ref | L4: Warm Up | N4: Wm. Up
A7: Date & Time | B7: NO_BHATAGAON | C7: NO2__BHATAGAON | D7: NOX_BHATAGAON | E7: SO2__BHATAGAON | F7: O3__BHATAGAON | G7: PM10__BHATAGAON | H7: PM2_5__BHATAGAON | I7: BENZ__BHATAGAON | J7: WS__BHATAGAON | K7: WD__BHATAGAON | L7: TEMP__BHATAGAON | M7: HUM__BHATAGAON | N7: SR__BHATAGAON | O7: RG__BHATAGAON | P7: CO__BHATAGAON | Q7: NH3__BHATAGAON
B8: ug/m3 | C8: ug/m3 | D8: ppb | E8: ug/m3 | F8: ug/m3 | G8: ug/m3 | H8: ug/m3 | I8: ug/m3 | J8: m/sec | K8: deg | L8: degreC | M8: % | N8: w/m2 | O8: mm | P8: mg/m3 | Q8: ug/m3
A9: 18-04-2024 00:15 | B9: 25.43 | C9: 28.84 | D9: 35.38 | E9: 1.39 | F9: 3.59 | G9: 69.1 | H9: 9.85 | I9: 8.3 | J9: 0.36 | K9: 309.12 | L9: 26.52 | M9: 43.84 | N9: 16.6 | O9: 0 | P9: 1.17 | Q9: 9.39
A10: 18-04-2024 00:30 | B10: 23.85 | C10: 28.34 | D10: 33.86 | E10: 1.34 | F10: 3.37 | G10: 69.1 | H10: 9.85 | I10: 8.99 | J10: 0.62 | K10: 330.42 | L10: 26.54 | M10: 42.27 | N10: 16 | O10: 0 | P10: 1.12 | Q10: 9.25
A11: 18-04-2024 00:45 | B11: 22.21 | C11: 27.69 | D11: 32.2 | E11: 1.41 | F11: 3.51 | G11: 69.1 | H11: 9.85 | I11: 8.7 | J11: 0.51 | K11: 346.22 | L11: 26.61 | M11: 40.13 | N11: 16.7 | O11: 0 | P11: 1.08 | Q11: 9.4
A12: 18-04-2024 01:00 | B12: 20.91 | C12: 27.37 | D12: 31.03 | E12: 1.25 | F12: 3.41 | G12: 69.1 | H12: 9.85 | I12: 8.63 | J12: 0.42 | K12: 350.26 | L12: 26.39 | M12: 40.87 | N12: 17 | O12: 0 | P12: 1.03 | Q12: Data F
A13: 18-04-2024 01:15 | B13: 19.39 | C13: 26.99 | D13: 29.57 | E13: 1.25 | F13: 3.42 | G13: 47.45 | H13: 5.12 | I13: 8.37 | J13: 0.12 | K13: 336.79 | L13: 25.94 | M13: 42.11 | N13: 17.4 | O13: 0 | P13: 0.92 | Q13: Data F
A14: 18-04-2024 01:30 | B14: 19.39 | C14: 26.99 | D14: 29.57 | E14: 1.25 | F14: 3.42 | G14: 47.45 | H14: 5.12 | I14: 8.37 | J14: 0.12 | K14: 336.79 | L14: 25.94 | M14: 42.11 | N14: 17.4 | O14: 0 | P14: 0.92 | Q14: Data F
A15: 18-04-2024 01:45 | B15: 19.39 | C15: 26.99 | D15: 29.57 | E15: 1.25 | F15: 3.42 | G15: 47.45 | H15: 5.12 | I15: 8.37 | J15: 0.12 | K15: 336.79 | L15: 25.94 | M15: 42.11 | N15: 17.4 | O15: 0 | P15: 0.92 | Q15: Data F
A16: 18-04-2024 02:00 | B16: 16.46 | C16: 26.01 | D16: 26.66 | E16: 1.29 | F16: 3.41 | G16: 47.16 | H16: 5.69 | I16: 7.84 | J16: 0.05 | K16: 263.76 | L16: 25.41 | M16: 47.26 | N16: 17 | O16: 0 | P16: 0.88 | Q16: 9.3
A17: 18-04-2024 02:15 | B17: 15.12 | C17: 24.97 | D17: 25.09 | E17: 1.19 | F17: 3.51 | G17: 40.04 | H17: 19.12 | I17: 7.61 | J17: 0.14 | K17: 347.4 | L17: 24.12 | M17: 58.43 | N17: 17.3 | O17: 0 | P17: 0.82 | Q17: 9.25
A18: 18-04-2024 02:30 | B18: 14.83 | C18: 25.6 | D18: 25.19 | E18: 1.05 | F18: 3.17 | G18: 40.04 | H18: 19.12 | I18: 7.39 | J18: 0.13 | K18: 28.57 | L18: 23.74 | M18: 57.31 | N18: 16.9 | O18: 0 | P18: 0.79 | Q18: 9.26
A19: 18-04-2024 02:45 | B19: 14.52 | C19: 25.63 | D19: 24.96 | E19: 1.26 | F19: 3.63 | G19: 40.04 | H19: 19.12 | I19: 7.31 | J19: 0.14 | K19: 58.58 | L19: 24.13 | M19: 55.99 | N19: 16.5 | O19: 0 | P19: 0.75 | Q19: 9.19
A20: 18-04-2024 03:00 | B20: 14.06 | C20: 25.7 | D20: 24.62 | E20: 1.1 | F20: 3.74 | G20: 40.08 | H20: 19.19 | I20: 6.98 | J20: 0.16 | K20: 57.4 | L20: 24.94 | M20: 46.56 | N20: 16.1 | O20: 0 | P20: 0.75 | Q20: 9.3
A21: 18-04-2024 03:15 | B21: 13.57 | C21: 25.91 | D21: 24.34 | E21: 1.28 | F21: 3.33 | G21: 40.59 | H21: 20.44 | I21: 6.41 | J21: 0.33 | K21: 3.86 | L21: 24.99 | M21: 42.81 | N21: 16 | O21: 0 | P21: 0.73 | Q21: 9.34
A22: 18-04-2024 03:30 | B22: 13.17 | C22: 25.71 | D22: 23.92 | E22: 1.43 | F22: 3.28 | G22: 40.59 | H22: 20.44 | I22: 7.18 | J22: 0.11 | K22: 6.45 | L22: 25.35 | M22: 39.31 | N22: 16.5 | O22: 0 | P22: 0.72 | Q22: 9.24
A23: 18-04-2024 03:45 | B23: 12.82 | C23: 25.65 | D23: 23.6 | E23: 1.24 | F23: 3.3 | G23: 40.59 | H23: 20.44 | I23: 7.65 | J23: 0.04 | K23: 74.24 | L23: 24.76 | M23: 44.31 | N23: 16.9 | O23: 0 | P23: 0.72 | Q23: 9.23
A24: 18-04-2024 04:00 | B24: 12.64 | C24: 25.62 | D24: 23.44 | E24: 0.44 | F24: 3.33 | G24: 46.55 | H24: 21.23 | I24: 8.08 | J24: 0.1 | K24: 311.53 | L24: 24.52 | M24: 47.5 | N24: 17.1 | O24: 0 | P24: 0.72 | Q24: 9.24
A25: 18-04-2024 04:15 | B25: 12.81 | C25: 25.57 | D25: 23.55 | E25: 1.13 | F25: 3.49 | G25: 130.03 | H25: 34.5 | I25: 8.43 | J25: 0.08 | K25: 95.64 | L25: 23.8 | M25: 52.65 | N25: 16.8 | O25: 0 | P25: 0.72 | Q25: 9.26
A26: 18-04-2024 04:30 | B26: 13.04 | C26: 24.78 | D26: 23.32 | E26: 1 | F26: 3.25 | G26: 130.03 | H26: 34.5 | I26: 8.75 | J26: 0.26 | K26: 66.2 | L26: 24.64 | M26: 43.88 | N26: 16 | O26: 0 | P26: 0.72 | Q26: 9.23
A27: 18-04-2024 04:45 | B27: 12.96 | C27: 23.74 | D27: 22.71 | E27: 1.41 | F27: 3.18 | G27: 130.03 | H27: 34.5 | I27: 8.89 | J27: 0.36 | K27: 79.49 | L27: 24.91 | M27: 40.77 | N27: 16 | O27: 0 | P27: 0.71 | Q27: 9.22
... A104: 18-04-2024 24:00 | B104: 5.75 | C104: 36.29 | D104: 23.49 | E104: 1.6 | F104: 3.17 | G104: 65.31 | H104: 19.79 | I104: 7.54 | J104: 0.15 | K104: 264.62 | L104: 25.95 | M104: 46.68 | N104: 15.9 | O104: 0 | P104: 0.66 | Q104: 9.23
A106: Min | B106: =MIN(B9:B104) -> 0.1 | C106: =MIN(C9:C104) -> 23.65 | D106: =MIN(D9:D104) -> 14.4 | E106: =MIN(E9:E104) -> 0.44 | F106: =MIN(F9:F104) -> 2.91 | G106: =MIN(G9:G104) -> 27.76 | H106: =MIN(H9:H104) -> 5.12 | I106: =MIN(I9:I104) -> 6.17 | ... Q106: =MIN(Q9:Q104) -> 0
A107: Max | B107: =MAX(B9:B104) -> 34.04 | C107: =MAX(C9:C104) -> 44.32 | D107: =MAX(D9:D104) -> 41.78 | E107: =MAX(E9:E104) -> 2.19 | F107: =MAX(F9:F104) -> 5.4 | G107: =MAX(G9:G104) -> 148.63 | H107: =MAX(H9:H104) -> 43.06 | I107: =MAX(I9:I104) -> 10.27 | ... Q107: =MAX(Q9:Q104) -> 9.54
A108: Avg | B108: =AVERAGE(B9:B104) -> 10.539167 | C108: =AVERAGE(C9:C104) -> 31.842604 | D108: =AVERAGE(D9:D104) -> 25.008021 | E108: =AVERAGE(E9:E104) -> 1.4532292 | F108: =AVERAGE(F9:F104) -> 3.9502083 | G108: =AVERAGE(G9:G104) -> 67.421771 | H108: =AVERAGE(H9:H104) -> 22.749687 | I108: =AVERAGE(I9:I104) -> 8.2048958 | ... Q108: =AVERAGE(Q9:Q104) -> 9.1528261
A109: Stdev | B109: =STDEV(B9:B104) -> 10.795126 | C109: =STDEV(C9:C104) -> 5.3005553 | D109: =STDEV(D9:D104) -> 8.3305048 | E109: =STDEV(E9:E104) -> 0.32032055 | F109: =STDEV(F9:F104) -> 0.64916137 | G109: =STDEV(G9:G104) -> 35.581388 | H109: =STDEV(H9:H104) -> 9.9780284 | I109: =STDEV(I9:I104) -> 1.0889744 | ... Q109: =STDEV(Q9:Q104) -> 0.96971881
A110: Num | B110: =COUNT(B9:B104) -> 96 | C110: =COUNT(C9:C104) -> 96 | D110: =COUNT(D9:D104) -> 96 | E110: =COUNT(E9:E104) -> 96 | F110: =COUNT(F9:F104) -> 96 | G110: =COUNT(G9:G104) -> 96 | H110: =COUNT(H9:H104) -> 96 | I110: =COUNT(I9:I104) -> 96 | ... P110: =COUNT(P9:P104) -> 96 | Q110: =COUNT(Q9:Q104)+4 -> 96
A111: DCR | B111: =IF(B110>=87,">90%",IF(B110<=87,"<90%")) -> >90% | C111: =IF(C110>=87,">90%",IF(C110<=87,"<90%")) -> >90% | D111: =IF(D110>=87,">90%",IF(D110<=87,"<90%")) -> >90% | E111: =IF(E110>=87,">90%",IF(E110<=87,"<90%")) -> >90% | F111: =IF(F110>=87,">90%",IF(F110<=87,"<90%")) -> >90% | G111: =IF(G110>=87,">90%",IF(G110<=87,"<90%")) -> >90% | H111: =IF(H110>=87,">90%",IF(H110<=87,"<90%")) -> >90% | I111: =IF(I110>=87,">90%",IF(I110<=87,"<90%")) -> >90% | ... Q111: =IF(Q110>=87,">90%",IF(Q110<=87,"<90%")) -> >90%
A112: Status | B112: =IF(B110>=87,"OK",IF(B110<=87,"LESS")) -> OK | C112: =IF(C110>=87,"OK",IF(C110<=87,"LESS")) -> OK | D112: =IF(D110>=87,"OK",IF(D110<=87,"LESS")) -> OK | E112: =IF(E110>=87,"OK",IF(E110<=87,"LESS")) -> OK | F112: =IF(F110>=87,"OK",IF(F110<=87,"LESS")) -> OK | G112: =IF(G110>=87,"OK",IF(G110<=87,"LESS")) -> OK | H112: =IF(H110>=87,"OK",IF(H110<=87,"LESS")) -> OK | I112: =IF(I110>=87,"OK",IF(I110<=87,"LESS")) -> OK | ... Q112: =IF(Q110>=87,"OK",IF(Q110<=87,"LESS")) -> OK
A115: Done by | B115: RK
A117: Comment

Sheet 19
A1: Station: | B1: BHATAGAON RAIPUR
A2: Date: | B2: =$A$9 -> 19-04-2024 00:15 | D2: Power Off | G2: Pw.Off | L2: Link Fail | N2: Link F | P2: Maintenance | R2: Maint.
A3: Report Type: | B3: Mean | D3: Calibration | G3: Calib. | L3: Data Fail | N3: Data F | P3: Invalid | R3: Invalid
A4: Time Base: | B4: 15 Min | D4: Zero Referrence | G4: Z.Ref | L4: Warm Up | N4: Wm. Up
A7: Date & Time | B7: NO_BHATAGAON | C7: NO2__BHATAGAON | D7: NOX_BHATAGAON | E7: SO2__BHATAGAON | F7: O3__BHATAGAON | G7: PM10__BHATAGAON | H7: PM2_5__BHATAGAON | I7: BENZ__BHATAGAON | J7: WS__BHATAGAON | K7: WD__BHATAGAON | L7: TEMP__BHATAGAON | M7: HUM__BHATAGAON | N7: SR__BHATAGAON | O7: RG__BHATAGAON | P7: CO__BHATAGAON | Q7: NH3__BHATAGAON
B8: ug/m3 | C8: ug/m3 | D8: ppb | E8: ug/m3 | F8: ug/m3 | G8: ug/m3 | H8: ug/m3 | I8: ug/m3 | J8: m/sec | K8: deg | L8: degreC | M8: % | N8: w/m2 | O8: mm | P8: mg/m3 | Q8: ug/m3
A9: 19-04-2024 00:15 | B9: 5.66 | C9: 36.12 | D9: 23.33 | E9: 1.68 | F9: 3.5 | G9: 65.18 | H9: 20.95 | I9: 7.71 | J9: 0.14 | K9: 242.86 | L9: 25.76 | M9: 47.46 | N9: 15.8 | O9: 0 | P9: 0.65 | Q9: 9.3
A10: 19-04-2024 00:30 | B10: 5.79 | C10: 36.33 | D10: 23.54 | E10: 1.85 | F10: 3.73 | G10: 65.18 | H10: 20.95 | I10: 7.54 | J10: 0.03 | K10: 263.42 | L10: 25.63 | M10: 47.98 | N10: 15.9 | O10: 0 | P10: 0.65 | Q10: 9.28
A11: 19-04-2024 00:45 | B11: 6.22 | C11: 35.94 | D11: 23.69 | E11: 1.81 | F11: 3.65 | G11: 65.18 | H11: 20.95 | I11: 7.26 | J11: 0.01 | K11: 335.72 | L11: 25.38 | M11: 51.6 | N11: 15.9 | O11: 0 | P11: 0.65 | Q11: 9.15
A12: 19-04-2024 01:00 | B12: 6.47 | C12: 35.7 | D12: 23.76 | E12: 1.46 | F12: 3.36 | G12: 65.22 | H12: 20.92 | I12: 7.45 | J12: 0.1 | K12: 274.81 | L12: 25.34 | M12: 48.25 | N12: 15.8 | O12: 0 | P12: 0.65 | Q12: 9.25
A13: 19-04-2024 01:15 | B13: 6.03 | C13: 35.63 | D13: 23.37 | E13: 2.07 | F13: 3.48 | G13: 65.72 | H13: 20.55 | I13: 7.43 | J13: 0.13 | K13: 263.1 | L13: 25.41 | M13: 47.66 | N13: 15.7 | O13: 0 | P13: 0.64 | Q13: 9.28
A14: 19-04-2024 01:30 | B14: 5.45 | C14: 36.68 | D14: 23.45 | E14: 1.96 | F14: 3.51 | G14: 65.72 | H14: 20.55 | I14: 7.17 | J14: 0.15 | K14: 292.78 | L14: 25.3 | M14: 49 | N14: 15.8 | O14: 0 | P14: 0.65 | Q14: 9.22
A15: 19-04-2024 01:45 | B15: 5.16 | C15: 34.34 | D15: 22 | E15: 1.72 | F15: 3.79 | G15: 65.72 | H15: 20.55 | I15: 6.92 | J15: 0.12 | K15: 301.87 | L15: 24.89 | M15: 50.33 | N15: 16.2 | O15: 0 | P15: 0.65 | Q15: 9.26
A16: 19-04-2024 02:00 | B16: 4.93 | C16: 33.85 | D16: 21.56 | E16: 1.9 | F16: 3.65 | G16: 65.68 | H16: 20.56 | I16: 6.38 | J16: 0.15 | K16: 238.68 | L16: 24.9 | M16: 50.13 | N16: 15.6 | O16: 0 | P16: 0.63 | Q16: 9.25
A17: 19-04-2024 02:15 | B17: 4.82 | C17: 33.75 | D17: 21.42 | E17: 1.82 | F17: 3.4 | G17: 65.06 | H17: 20.65 | I17: 6.43 | J17: 0.21 | K17: 281.53 | L17: 24.82 | M17: 54.34 | N17: 15.6 | O17: 0 | P17: 0.63 | Q17: 9.27
A18: 19-04-2024 02:30 | B18: 4.86 | C18: 32.93 | D18: 21.02 | E18: 1.92 | F18: 3.21 | G18: 65.06 | H18: 20.65 | I18: 6.78 | J18: 0.22 | K18: 238.78 | L18: 24.5 | M18: 52.55 | N18: 15 | O18: 0 | P18: 0.62 | Q18: 9.28
A19: 19-04-2024 02:45 | B19: 4.74 | C19: 31.89 | D19: 20.38 | E19: 1.49 | F19: 3.63 | G19: 65.06 | H19: 20.65 | I19: 7.24 | J19: 0.18 | K19: 295.59 | L19: 24.9 | M19: 50.4 | N19: 15.8 | O19: 0 | P19: 0.61 | Q19: 9.2
A20: 19-04-2024 03:00 | B20: 4.61 | C20: 31.66 | D20: 20.16 | E20: 1.7 | F20: 3.61 | G20: 65.02 | H20: 20.69 | I20: 7.38 | J20: 0.18 | K20: 0.9 | L20: 23.87 | M20: 56.51 | N20: 16.3 | O20: 0 | P20: 0.62 | Q20: 9.18
... A104: 19-04-2024 24:00 | B104: 51.18 | C104: 50.49 | D104: 67.34 | E104: 2.68 | F104: 3.5 | G104: 104.64 | H104: 27.73 | I104: 9.68 | J104: 0.1 | K104: 45.52 | L104: 26.63 | M104: 47.6 | N104: 15.2 | O104: 0 | P104: 1.38 | Q104: 9.44
A106: Min | B106: =MIN(B9:B104) -> 0.1 | C106: =MIN(C9:C104) -> 31.21 | D106: =MIN(D9:D104) -> 19 | E106: =MIN(E9:E104) -> 0.74 | F106: =MIN(F9:F104) -> 3.14 | G106: =MIN(G9:G104) -> 12.68 | H106: =MIN(H9:H104) -> 13.39 | I106: =MIN(I9:I104) -> 5.58 | ... Q106: =MIN(Q9:Q104) -> 9.12
A107: Max | B107: =MAX(B9:B104) -> 54.47 | C107: =MAX(C9:C104) -> 58.25 | D107: =MAX(D9:D104) -> 71.7 | E107: =MAX(E9:E104) -> 2.68 | F107: =MAX(F9:F104) -> 9.78 | G107: =MAX(G9:G104) -> 160.11 | H107: =MAX(H9:H104) -> 32.21 | I107: =MAX(I9:I104) -> 12.47 | ... Q107: =MAX(Q9:Q104) -> 9.98
A108: Avg | B108: =AVERAGE(B9:B104) -> 13.908021 | C108: =AVERAGE(C9:C104) -> 42.083229 | D108: =AVERAGE(D9:D104) -> 33.06 | E108: =AVERAGE(E9:E104) -> 1.6923958 | F108: =AVERAGE(F9:F104) -> 4.6929167 | G108: =AVERAGE(G9:G104) -> 70.861458 | H108: =AVERAGE(H9:H104) -> 21.507292 | I108: =AVERAGE(I9:I104) -> 8.626875 | ... Q108: =AVERAGE(Q9:Q104) -> 9.32125
A109: Stdev | B109: =STDEV(B9:B104) -> 17.059865 | C109: =STDEV(C9:C104) -> 7.4863448 | D109: =STDEV(D9:D104) -> 15.225319 | E109: =STDEV(E9:E104) -> 0.37722182 | F109: =STDEV(F9:F104) -> 1.762396 | G109: =STDEV(G9:G104) -> 35.678269 | H109: =STDEV(H9:H104) -> 5.3359887 | I109: =STDEV(I9:I104) -> 2.0711875 | ... Q109: =STDEV(Q9:Q104) -> 0.17880451
A110: Num | B110: =COUNT(B9:B104) -> 96 | C110: =COUNT(C9:C104) -> 96 | D110: =COUNT(D9:D104) -> 96 | E110: =COUNT(E9:E104) -> 96 | F110: =COUNT(F9:F104) -> 96 | G110: =COUNT(G9:G104) -> 96 | H110: =COUNT(H9:H104) -> 96 | I110: =COUNT(I9:I104) -> 96 | ... Q110: =COUNT(Q9:Q104) -> 96
A111: DCR | B111: =IF(B110>=87,">90%",IF(B110<=87,"<90%")) -> >90% | C111: =IF(C110>=87,">90%",IF(C110<=87,"<90%")) -> >90% | D111: =IF(D110>=87,">90%",IF(D110<=87,"<90%")) -> >90% | E111: =IF(E110>=87,">90%",IF(E110<=87,"<90%")) -> >90% | F111: =IF(F110>=87,">90%",IF(F110<=87,"<90%")) -> >90% | G111: =IF(G110>=87,">90%",IF(G110<=87,"<90%")) -> >90% | H111: =IF(H110>=87,">90%",IF(H110<=87,"<90%")) -> >90% | I111: =IF(I110>=87,">90%",IF(I110<=87,"<90%")) -> >90% | ... Q111: =IF(Q110>=87,">90%",IF(Q110<=87,"<90%")) -> >90%
A112: Status | B112: =IF(B110>=87,"OK",IF(B110<=87,"LESS")) -> OK | C112: =IF(C110>=87,"OK",IF(C110<=87,"LESS")) -> OK | D112: =IF(D110>=87,"OK",IF(D110<=87,"LESS")) -> OK | E112: =IF(E110>=87,"OK",IF(E110<=87,"LESS")) -> OK | F112: =IF(F110>=87,"OK",IF(F110<=87,"LESS")) -> OK | G112: =IF(G110>=87,"OK",IF(G110<=87,"LESS")) -> OK | H112: =IF(H110>=87,"OK",IF(H110<=87,"LESS")) -> OK | I112: =IF(I110>=87,"OK",IF(I110<=87,"LESS")) -> OK | ... Q112: =IF(Q110>=87,"OK",IF(Q110<=87,"LESS")) -> OK
A115: Done by | B115: RK
A117: Comment

Sheet 20
A1: Station: | B1: BHATAGAON RAIPUR
A2: Date: | B2: =$A$9 -> 20-04-2024 00:15 | D2: Power Off | G2: Pw.Off | L2: Link Fail | N2: Link F | P2: Maintenance | R2: Maint.
A3: Report Type: | B3: Mean | D3: Calibration | G3: Calib. | L3: Data Fail | N3: Data F | P3: Invalid | R3: Invalid
A4: Time Base: | B4: 15 Min | D4: Zero Referrence | G4: Z.Ref | L4: Warm Up | N4: Wm. Up
A7: Date & Time | B7: NO_BHATAGAON | C7: NO2__BHATAGAON | D7: NOX_BHATAGAON | E7: SO2__BHATAGAON | F7: O3__BHATAGAON | G7: PM10__BHATAGAON | H7: PM2_5__BHATAGAON | I7: BENZ__BHATAGAON | J7: WS__BHATAGAON | K7: WD__BHATAGAON | L7: TEMP__BHATAGAON | M7: HUM__BHATAGAON | N7: SR__BHATAGAON | O7: RG__BHATAGAON | P7: CO__BHATAGAON | Q7: NH3__BHATAGAON
B8: ug/m3 | C8: ug/m3 | D8: ppb | E8: ug/m3 | F8: ug/m3 | G8: ug/m3 | H8: ug/m3 | I8: ug/m3 | J8: m/sec | K8: deg | L8: degreC | M8: % | N8: w/m2 | O8: mm | P8: mg/m3 | Q8: ug/m3
A9: 20-04-2024 00:15 | B9: 51.83 | C9: 50.58 | D9: 67.91 | E9: 2.69 | F9: 3.02 | G9: 89.91 | H9: 26.51 | I9: 9.49 | J9: 0.06 | K9: 44.15 | L9: 26.54 | M9: 49.09 | N9: 14.9 | O9: 0 | P9: 1.37 | Q9: 9.66
A10: 20-04-2024 00:30 | B10: 52.57 | C10: 48.27 | D10: 67.3 | E10: 2.94 | F10: 3.76 | G10: 89.91 | H10: 26.51 | I10: 9.39 | J10: 0.02 | K10: 62.43 | L10: 26.36 | M10: 49.53 | N10: 15 | O10: 0 | P10: 1.35 | Q10: 9.77
A11: 20-04-2024 00:45 | B11: 52.33 | C11: 46.98 | D11: 66.43 | E11: 2.72 | F11: 3.84 | G11: 89.91 | H11: 26.51 | I11: 9.22 | J11: 0.12 | K11: 346.77 | L11: 26.07 | M11: 53.45 | N11: 15 | O11: 0 | P11: 1.33 | Q11: 9.66
A12: 20-04-2024 01:00 | B12: 52.08 | C12: 46.29 | D12: 65.87 | E12: 2.45 | F12: 3.76 | G12: 90.72 | H12: 26.5 | I12: 8.72 | J12: 0.1 | K12: 304.9 | L12: 25.94 | M12: 54.29 | N12: 14.8 | O12: 0 | P12: 1.32 | Q12: 9.62
A13: 20-04-2024 01:15 | B13: 51.53 | C13: 45.3 | D13: 64.91 | E13: 3.1 | F13: 3.53 | G13: 102.12 | H13: 26.38 | I13: 8.76 | J13: 0.11 | K13: 291.56 | L13: 26 | M13: 54.64 | N13: 15 | O13: 0 | P13: 1.17 | Q13: 9.59
A14: 20-04-2024 01:30 | B14: 50.61 | C14: 44.23 | D14: 63.61 | E14: 2.55 | F14: 3.54 | G14: 102.12 | H14: 26.38 | I14: 9.14 | J14: 0.12 | K14: 316.04 | L14: 25.78 | M14: 58.7 | N14: 15 | O14: 0 | P14: 1.2 | Q14: 9.76
A15: 20-04-2024 01:45 | B15: 49.86 | C15: 43.06 | D15: 62.4 | E15: 2.31 | F15: 3.49 | G15: 102.12 | H15: 26.38 | I15: 9.35 | J15: 0.16 | K15: 273.52 | L15: 26.21 | M15: 51.09 | N15: 14.2 | O15: 0 | P15: 1.18 | Q15: 9.61
A16: 20-04-2024 02:00 | B16: 49.07 | C16: 42.26 | D16: 61.35 | E16: 2.86 | F16: 3.78 | G16: 101.56 | H16: 26.44 | I16: 9.18 | J16: 0.19 | K16: 335.9 | L16: 25.81 | M16: 55.76 | N16: 15.2 | O16: 0 | P16: 1.17 | Q16: 9.63
A17: 20-04-2024 02:15 | B17: 48.47 | C17: 42.24 | D17: 60.86 | E17: 3.02 | F17: 3.37 | G17: 92.03 | H17: 27.39 | I17: 9.25 | J17: 0.16 | K17: 254.31 | L17: 25.88 | M17: 51.35 | N17: 14.5 | O17: 0 | P17: 1.15 | Q17: 9.62
A18: 20-04-2024 02:30 | B18: 47.01 | C18: 43.58 | D18: 60.39 | E18: 2.53 | F18: 3.33 | G18: 92.03 | H18: 27.39 | I18: 9.48 | J18: 0.09 | K18: 269.02 | L18: 25.96 | M18: 49.12 | N18: 14.9 | O18: 0 | P18: 1.11 | Q18: 9.85
A19: 20-04-2024 02:45 | B19: 44.6 | C19: 43.41 | D19: 58.37 | E19: 2.49 | F19: 3.28 | G19: 92.03 | H19: 27.39 | I19: 9.92 | J19: 0.36 | K19: 204.09 | L19: 26.03 | M19: 49.65 | N19: 14.1 | O19: 0 | P19: 1.07 | Q19: 9.52
A20: 20-04-2024 03:00 | B20: 41.55 | C20: 43.56 | D20: 56 | E20: 2.59 | F20: 3.58 | G20: 90.32 | H20: 27.27 | I20: 10.01 | J20: 0.01 | K20: 280.61 | L20: 26.02 | M20: 50.54 | N20: 14.7 | O20: 0 | P20: 1.02 | Q20: 9.59
... A104: 20-04-2024 24:00 | B104: 2.5 | C104: 30.06 | D104: 17.63 | E104: 1.66 | F104: 4.16 | G104: 38.5 | H104: 18.36 | I104: 5.17 | J104: 0.49 | K104: 194.9 | L104: 26.69 | M104: 45.9 | N104: 15 | O104: 0 | P104: 0.4 | Q104: 9.17
A106: Min | B106: =MIN(B9:B104) -> 0.89 | C106: =MIN(C9:C104) -> 29.29 | D106: =MIN(D9:D104) -> 16.5 | E106: =MIN(E9:E104) -> 0.51 | F106: =MIN(F9:F104) -> 2.99 | G106: =MIN(G9:G104) -> 16.98 | H106: =MIN(H9:H104) -> 17.3 | I106: =MIN(I9:I104) -> 4.98 | ... Q106: =MIN(Q9:Q104) -> 9.11
A107: Max | B107: =MAX(B9:B104) -> 55.19 | C107: =MAX(C9:C104) -> 50.58 | D107: =MAX(D9:D104) -> 67.91 | E107: =MAX(E9:E104) -> 3.1 | F107: =MAX(F9:F104) -> 17.24 | G107: =MAX(G9:G104) -> 177.16 | H107: =MAX(H9:H104) -> 29.49 | I107: =MAX(I9:I104) -> 10.05 | ... Q107: =MAX(Q9:Q104) -> 9.85
A108: Avg | B108: =AVERAGE(B9:B104) -> 17.188646 | C108: =AVERAGE(C9:C104) -> 39.034896 | D108: =AVERAGE(D9:D104) -> 34.098229 | E108: =AVERAGE(E9:E104) -> 1.9663542 | F108: =AVERAGE(F9:F104) -> 5.5279167 | G108: =AVERAGE(G9:G104) -> 63.218021 | H108: =AVERAGE(H9:H104) -> 23.233646 | I108: =AVERAGE(I9:I104) -> 7.685625 | ... Q108: =AVERAGE(Q9:Q104) -> 9.3347917
A109: Stdev | B109: =STDEV(B9:B104) -> 19.542061 | C109: =STDEV(C9:C104) -> 5.8279022 | D109: =STDEV(D9:D104) -> 17.838624 | E109: =STDEV(E9:E104) -> 0.6567706 | F109: =STDEV(F9:F104) -> 2.6003477 | G109: =STDEV(G9:G104) -> 33.075482 | H109: =STDEV(H9:H104) -> 3.217421 | I109: =STDEV(I9:I104) -> 1.4784863 | ... Q109: =STDEV(Q9:Q104) -> 0.20795738
A110: Num | B110: =COUNT(B9:B104) -> 96 | C110: =COUNT(C9:C104) -> 96 | D110: =COUNT(D9:D104) -> 96 | E110: =COUNT(E9:E104) -> 96 | F110: =COUNT(F9:F104) -> 96 | G110: =COUNT(G9:G104) -> 96 | H110: =COUNT(H9:H104) -> 96 | I110: =COUNT(I9:I104) -> 96 | ... Q110: =COUNT(Q9:Q104) -> 96
A111: DCR | B111: =IF(B110>=87,">90%",IF(B110<=87,"<90%")) -> >90% | C111: =IF(C110>=87,">90%",IF(C110<=87,"<90%")) -> >90% | D111: =IF(D110>=87,">90%",IF(D110<=87,"<90%")) -> >90% | E111: =IF(E110>=87,">90%",IF(E110<=87,"<90%")) -> >90% | F111: =IF(F110>=87,">90%",IF(F110<=87,"<90%")) -> >90% | G111: =IF(G110>=87,">90%",IF(G110<=87,"<90%")) -> >90% | H111: =IF(H110>=87,">90%",IF(H110<=87,"<90%")) -> >90% | I111: =IF(I110>=87,">90%",IF(I110<=87,"<90%")) -> >90% | ... Q111: =IF(Q110>=87,">90%",IF(Q110<=87,"<90%")) -> >90%
A112: Status | B112: =IF(B110>=87,"OK",IF(B110<=87,"LESS")) -> OK | C112: =IF(C110>=87,"OK",IF(C110<=87,"LESS")) -> OK | D112: =IF(D110>=87,"OK",IF(D110<=87,"LESS")) -> OK | E112: =IF(E110>=87,"OK",IF(E110<=87,"LESS")) -> OK | F112: =IF(F110>=87,"OK",IF(F110<=87,"LESS")) -> OK | G112: =IF(G110>=87,"OK",IF(G110<=87,"LESS")) -> OK | H112: =IF(H110>=87,"OK",IF(H110<=87,"LESS")) -> OK | I112: =IF(I110>=87,"OK",IF(I110<=87,"LESS")) -> OK | ... Q112: =IF(Q110>=87,"OK",IF(Q110<=87,"LESS")) -> OK
A115: Done by | B115: RK
A117: Comment

Sheet 21
A1: Station: | B1: BHATAGAON RAIPUR
A2: Date: | B2: =$A$9 -> 21-04-2024 00:15 | D2: Power Off | G2: Pw.Off | L2: Link Fail | N2: Link F | P2: Maintenance | R2: Maint.
A3: Report Type: | B3: Mean | D3: Calibration | G3: Calib. | L3: Data Fail | N3: Data F | P3: Invalid | R3: Invalid
A4: Time Base: | B4: 15 Min | D4: Zero Referrence | G4: Z.Ref | L4: Warm Up | N4: Wm. Up
A7: Date & Time | B7: NO_BHATAGAON | C7: NO2__BHATAGAON | D7: NOX_BHATAGAON | E7: SO2__BHATAGAON | F7: O3__BHATAGAON | G7: PM10__BHATAGAON | H7: PM2_5__BHATAGAON | I7: BENZ__BHATAGAON | J7: WS__BHATAGAON | K7: WD__BHATAGAON | L7: TEMP__BHATAGAON | M7: HUM__BHATAGAON | N7: SR__BHATAGAON | O7: RG__BHATAGAON | P7: CO__BHATAGAON | Q7: NH3__BHATAGAON
B8: ug/m3 | C8: ug/m3 | D8: ppb | E8: ug/m3 | F8: ug/m3 | G8: ug/m3 | H8: ug/m3 | I8: ug/m3 | J8: m/sec | K8: deg | L8: degreC | M8: % | N8: w/m2 | O8: mm | P8: mg/m3 | Q8: ug/m3
A9: 21-04-2024 00:15 | B9: 2.54 | C9: 30.01 | D9: 17.64 | E9: 1.96 | F9: 4.24 | G9: 23.83 | H9: 16.18 | I9: 5.27 | J9: 0.28 | K9: 206.57 | L9: 26.41 | M9: 48.04 | N9: 15.2 | O9: 0 | P9: 0.38 | Q9: 9.16
A10: 21-04-2024 00:30 | B10: 2.5 | C10: 29.91 | D10: 17.55 | E10: 2.08 | F10: 4.25 | G10: 23.83 | H10: 16.18 | I10: 5.2 | J10: 0.44 | K10: 217.93 | L10: 26.09 | M10: 49.57 | N10: 15.1 | O10: 0 | P10: 0.38 | Q10: 9.21
A11: 21-04-2024 00:45 | B11: 2.51 | C11: 29.05 | D11: 17.12 | E11: 1.9 | F11: 4.18 | G11: 23.83 | H11: 16.18 | I11: 5.18 | J11: 0.45 | K11: 204.78 | L11: 25.85 | M11: 50.9 | N11: 14.9 | O11: 0 | P11: 0.37 | Q11: 9.16
A12: 21-04-2024 01:00 | B12: 2.54 | C12: 28.63 | D12: 16.91 | E12: 2.17 | F12: 3.99 | G12: 23.75 | H12: 15.91 | I12: 5.22 | J12: 0.25 | K12: 210.08 | L12: 25.81 | M12: 51.79 | N12: 14.9 | O12: 0 | P12: 0.36 | Q12: 9.2
A13: 21-04-2024 01:15 | B13: 2.63 | C13: 30.21 | D13: 17.82 | E13: 1.98 | F13: 4.06 | G13: 22.52 | H13: 12.14 | I13: 5.33 | J13: 0.15 | K13: 247.78 | L13: 25.56 | M13: 53.57 | N13: 15.2 | O13: 0 | P13: 0.39 | Q13: 9.18
A14: 21-04-2024 01:30 | B14: 2.54 | C14: 28.35 | D14: 16.76 | E14: 1.71 | F14: 4.1 | G14: 22.52 | H14: 12.14 | I14: 5.41 | J14: 0.23 | K14: 223.52 | L14: 25.35 | M14: 54.66 | N14: 15 | O14: 0 | P14: 0.42 | Q14: 9.17
A15: 21-04-2024 01:45 | B15: 2.45 | C15: 26.95 | D15: 15.96 | E15: 1.81 | F15: 4.09 | G15: 22.52 | H15: 12.14 | I15: 5.23 | J15: 0.22 | K15: 229.86 | L15: 25.28 | M15: 55.06 | N15: 14.9 | O15: 0 | P15: 0.41 | Q15: 9.18
A16: 21-04-2024 02:00 | B16: 2.32 | C16: 26.33 | D16: 15.54 | E16: 1.72 | F16: 4.31 | G16: 22.62 | H16: 12.12 | I16: 5.13 | J16: 0.18 | K16: 228.38 | L16: 25.27 | M16: 55.47 | N16: 14.9 | O16: 0 | P16: 0.4 | Q16: 9.17
A17: 21-04-2024 02:15 | B17: 2.28 | C17: 26.08 | D17: 15.38 | E17: 1.81 | F17: 4.48 | G17: 24.01 | H17: 11.91 | I17: 5.01 | J17: 0.18 | K17: 323.28 | L17: 25.09 | M17: 56.85 | N17: 15.4 | O17: 0 | P17: 0.39 | Q17: 9.21
A18: 21-04-2024 02:30 | B18: 2.25 | C18: 26.17 | D18: 15.4 | E18: 1.7 | F18: 4.71 | G18: 24.01 | H18: 11.91 | I18: 4.77 | J18: 0.23 | K18: 321.04 | L18: 24.87 | M18: 57.9 | N18: 15 | O18: 0 | P18: 0.39 | Q18: 9.18
A19: 21-04-2024 02:45 | B19: 2.3 | C19: 26.12 | D19: 15.41 | E19: 1.78 | F19: 4.28 | G19: 24.01 | H19: 11.91 | I19: 4.81 | J19: 0.1 | K19: 298.41 | L19: 24.78 | M19: 57.34 | N19: 15 | O19: 0 | P19: 0.39 | Q19: 9.13
A20: 21-04-2024 03:00 | B20: 2.34 | C20: 25.87 | D20: 15.32 | E20: 1.66 | F20: 4.43 | G20: 23.84 | H20: 11.97 | I20: 4.98 | J20: 0.28 | K20: 221.54 | L20: 25.47 | M20: 53.08 | N20: 14.3 | O20: 0 | P20: 0.38 | Q20: 9.19
... A104: 21-04-2024 24:00 | B104: 2.08 | C104: 28.09 | D104: 16.26 | E104: 0.87 | F104: 4.31 | G104: 46.29 | H104: 19.27 | I104: 5.65 | J104: 0.32 | K104: 207.49 | L104: 27.26 | M104: 47.14 | N104: 15.8 | O104: 0 | P104: 0.43 | Q104: 9.14
A106: Min | B106: =MIN(B9:B104) -> 1.34 | C106: =MIN(C9:C104) -> 25.74 | D106: =MIN(D9:D104) -> 15.29 | E106: =MIN(E9:E104) -> 0.06 | F106: =MIN(F9:F104) -> 3.27 | G106: =MIN(G9:G104) -> 20.94 | H106: =MIN(H9:H104) -> 2.28 | I106: =MIN(I9:I104) -> 4.65 | ... Q106: =MIN(Q9:Q104) -> 9.12
A107: Max | B107: =MAX(B9:B104) -> 5.03 | C107: =MAX(C9:C104) -> 39.42 | D107: =MAX(D9:D104) -> 23.88 | E107: =MAX(E9:E104) -> 2.87 | F107: =MAX(F9:F104) -> 6.96 | G107: =MAX(G9:G104) -> 66.66 | H107: =MAX(H9:H104) -> 119.21 | I107: =MAX(I9:I104) -> 8.7 | ... Q107: =MAX(Q9:Q104) -> 9.25
A108: Avg | B108: =AVERAGE(B9:B104) -> 2.8242708 | C108: =AVERAGE(C9:C104) -> 32.017188 | D108: =AVERAGE(D9:D104) -> 18.912812 | E108: =AVERAGE(E9:E104) -> 1.4951042 | F108: =AVERAGE(F9:F104) -> 4.5526042 | G108: =AVERAGE(G9:G104) -> 43.289167 | H108: =AVERAGE(H9:H104) -> 24.062188 | I108: =AVERAGE(I9:I104) -> 6.3897917 | ... Q108: =AVERAGE(Q9:Q104) -> 9.1696875
A109: Stdev | B109: =STDEV(B9:B104) -> 0.90316956 | C109: =STDEV(C9:C104) -> 4.1185727 | D109: =STDEV(D9:D104) -> 2.2100858 | E109: =STDEV(E9:E104) -> 0.74942784 | F109: =STDEV(F9:F104) -> 0.74128941 | G109: =STDEV(G9:G104) -> 13.100758 | H109: =STDEV(H9:H104) -> 21.67949 | I109: =STDEV(I9:I104) -> 0.97439642 | ... Q109: =STDEV(Q9:Q104) -> 0.026455648
A110: Num | B110: =COUNT(B9:B104) -> 96 | C110: =COUNT(C9:C104) -> 96 | D110: =COUNT(D9:D104) -> 96 | E110: =COUNT(E9:E104) -> 96 | F110: =COUNT(F9:F104) -> 96 | G110: =COUNT(G9:G104) -> 96 | H110: =COUNT(H9:H104) -> 96 | I110: =COUNT(I9:I104) -> 96 | ... Q110: =COUNT(Q9:Q104) -> 96
A111: DCR | B111: =IF(B110>=87,">90%",IF(B110<=87,"<90%")) -> >90% | C111: =IF(C110>=87,">90%",IF(C110<=87,"<90%")) -> >90% | D111: =IF(D110>=87,">90%",IF(D110<=87,"<90%")) -> >90% | E111: =IF(E110>=87,">90%",IF(E110<=87,"<90%")) -> >90% | F111: =IF(F110>=87,">90%",IF(F110<=87,"<90%")) -> >90% | G111: =IF(G110>=87,">90%",IF(G110<=87,"<90%")) -> >90% | H111: =IF(H110>=87,">90%",IF(H110<=87,"<90%")) -> >90% | I111: =IF(I110>=87,">90%",IF(I110<=87,"<90%")) -> >90% | ... Q111: =IF(Q110>=87,">90%",IF(Q110<=87,"<90%")) -> >90%
A112: Status | B112: =IF(B110>=87,"OK",IF(B110<=87,"LESS")) -> OK | C112: =IF(C110>=87,"OK",IF(C110<=87,"LESS")) -> OK | D112: =IF(D110>=87,"OK",IF(D110<=87,"LESS")) -> OK | E112: =IF(E110>=87,"OK",IF(E110<=87,"LESS")) -> OK | F112: =IF(F110>=87,"OK",IF(F110<=87,"LESS")) -> OK | G112: =IF(G110>=87,"OK",IF(G110<=87,"LESS")) -> OK | H112: =IF(H110>=87,"OK",IF(H110<=87,"LESS")) -> OK | I112: =IF(I110>=87,"OK",IF(I110<=87,"LESS")) -> OK | ... Q112: =IF(Q110>=87,"OK",IF(Q110<=87,"LESS")) -> OK
A115: Done by | B115: RK
A117: Comment

Sheet 22
A1: Station: | B1: BHATAGAON RAIPUR
A2: Date: | B2: =$A$9 -> 22-04-2024 00:15 | D2: Power Off | G2: Pw.Off | L2: Link Fail | N2: Link F | P2: Maintenance | R2: Maint.
A3: Report Type: | B3: Mean | D3: Calibration | G3: Calib. | L3: Data Fail | N3: Data F | P3: Invalid | R3: Invalid
A4: Time Base: | B4: 15 Min | D4: Zero Referrence | G4: Z.Ref | L4: Warm Up | N4: Wm. Up
A7: Date & Time | B7: NO_BHATAGAON | C7: NO2__BHATAGAON | D7: NOX_BHATAGAON | E7: SO2__BHATAGAON | F7: O3__BHATAGAON | G7: PM10__BHATAGAON | H7: PM2_5__BHATAGAON | I7: BENZ__BHATAGAON | J7: WS__BHATAGAON | K7: WD__BHATAGAON | L7: TEMP__BHATAGAON | M7: HUM__BHATAGAON | N7: SR__BHATAGAON | O7: RG__BHATAGAON | P7: CO__BHATAGAON | Q7: NH3__BHATAGAON
B8: ug/m3 | C8: ug/m3 | D8: ppb | E8: ug/m3 | F8: ug/m3 | G8: ug/m3 | H8: ug/m3 | I8: ug/m3 | J8: m/sec | K8: deg | L8: degreC | M8: % | N8: w/m2 | O8: mm | P8: mg/m3 | Q8: ug/m3
A9: 22-04-2024 00:15 | B9: 2.12 | C9: 30.6 | D9: 17.61 | E9: 1.31 | F9: 4.39 | G9: 36.43 | H9: 11.29 | I9: 5.4 | J9: 0.67 | K9: 182.08 | L9: 26.97 | M9: 48.38 | N9: 16 | O9: 0 | P9: 0.42 | Q9: 9.14
A10: 22-04-2024 00:30 | B10: 2.04 | C10: 31.64 | D10: 18.08 | E10: 1.57 | F10: 4.65 | G10: 36.43 | H10: 11.29 | I10: 5.73 | J10: 0.57 | K10: 185.06 | L10: 26.77 | M10: 49.14 | N10: 15.9 | O10: 0 | P10: 0.41 | Q10: 9.16
A11: 22-04-2024 00:45 | B11: 1.89 | C11: 30.48 | D11: 17.36 | E11: 1.31 | F11: 5.06 | G11: 36.43 | H11: 11.29 | I11: 5.71 | J11: 0.89 | K11: 181.21 | L11: 26.57 | M11: 49.34 | N11: 15.8 | O11: 0 | P11: 0.39 | Q11: 9.22
A12: 22-04-2024 01:00 | B12: 1.7 | C12: 28.98 | D12: 16.43 | E12: 1.64 | F12: 5.41 | G12: 36.28 | H12: 10.8 | I12: 5.49 | J12: 0.53 | K12: 188.38 | L12: 26.33 | M12: 50.36 | N12: 16.1 | O12: 0 | P12: 0.37 | Q12: 9.15
A13: 22-04-2024 01:15 | B13: 1.63 | C13: 27.7 | D13: 15.7 | E13: 1.18 | F13: 5.26 | G13: 34.23 | H13: 2.46 | I13: 5.27 | J13: 0.4 | K13: 204.66 | L13: 26.07 | M13: 51.55 | N13: 16 | O13: 0 | P13: 0.35 | Q13: 9.14
A14: 22-04-2024 01:30 | B14: 1.64 | C14: 27.25 | D14: 15.47 | E14: 1.36 | F14: 4.76 | G14: 34.23 | H14: 2.46 | I14: 4.97 | J14: 0.46 | K14: 192.31 | L14: 25.89 | M14: 52.27 | N14: 15.7 | O14: 0 | P14: 0.35 | Q14: 9.2
A15: 22-04-2024 01:45 | B15: 1.67 | C15: 26.85 | D15: 15.29 | E15: 1.52 | F15: 4.72 | G15: 34.23 | H15: 2.46 | I15: 4.84 | J15: 0.2 | K15: 199.77 | L15: 25.81 | M15: 52.65 | N15: 15.8 | O15: 0 | P15: 0.34 | Q15: 9.19
A16: 22-04-2024 02:00 | B16: 1.71 | C16: 26.01 | D16: 14.88 | E16: 1.62 | F16: 5.04 | G16: 33.7 | H16: 3 | I16: 4.72 | J16: 0.33 | K16: 194.38 | L16: 25.7 | M16: 53.15 | N16: 15.6 | O16: 0 | P16: 0.34 | Q16: 9.14
A17: 22-04-2024 02:15 | B17: 1.74 | C17: 25.79 | D17: 14.79 | E17: 1.07 | F17: 4.74 | G17: 24.65 | H17: 12.25 | I17: 4.67 | J17: 0.31 | K17: 212.4 | L17: 25.59 | M17: 53.58 | N17: 15.6 | O17: 0 | P17: 0.33 | Q17: 9.18
A18: 22-04-2024 02:30 | B18: 1.75 | C18: 25.88 | D18: 14.84 | E18: 1.4 | F18: 4.54 | G18: 24.65 | H18: 12.25 | I18: 4.44 | J18: 0.07 | K18: 242.31 | L18: 25.47 | M18: 54.6 | N18: 15.9 | O18: 0 | P18: 0.32 | Q18: 9.15
A19: 22-04-2024 02:45 | B19: 1.79 | C19: 26.28 | D19: 15.08 | E19: 1.31 | F19: 4.1 | G19: 24.65 | H19: 12.25 | I19: 4.51 | J19: 0.56 | K19: 312.22 | L19: 25.37 | M19: 56.45 | N19: 15.6 | O19: 0 | P19: 0.31 | Q19: 9.19
A20: 22-04-2024 03:00 | B20: 1.83 | C20: 25.84 | D20: 14.88 | E20: 1.56 | F20: 3.92 | G20: 24.92 | H20: 12.01 | I20: 4.37 | J20: 0.65 | K20: 304.96 | L20: 25.48 | M20: 55.82 | N20: 15.4 | O20: 0 | P20: 0.31 | Q20: 9.17
... A76: 22-04-2024 17:00 | B76: 2.74 | C76: 34.4 | D76: 20.09 | E76: 1.57 | F76: 4.76 | G76: 33.79 | H76: 4.47 | I76: 2.31 | J76: 1.88 | K76: 345.23 | L76: 27.88 | M76: 39.05 | N76: 63.9 | O76: 0 | P76: 0.33 | Q76: 9.17
A77: 22-04-2024 17:15 | B77: 2.95 | C77: 35.27 | D77: 20.71 | E77: 1.72 | F77: 4.66 | G77: 36.82 | H77: Maint. | I77: 2.4 | J77: 1.73 | K77: 355.37 | L77: 27.52 | M77: 40.39 | N77: 48.4 | O77: 0 | P77: 0.34 | Q77: 9.14
A78: 22-04-2024 17:30 | B78: 3.37 | C78: 36.09 | D78: 21.47 | E78: 1.59 | F78: 4.49 | G78: 36.82 | H78: Maint. | I78: 2.48 | J78: 1.57 | K78: 358.62 | L78: 27.17 | M78: 40.8 | N78: 37.7 | O78: 0 | P78: 0.36 | Q78: 9.13
A79: 22-04-2024 17:45 | B79: 3.85 | C79: 36.83 | D79: 22.25 | E79: 1.49 | F79: 4.42 | G79: 36.82 | H79: Maint. | I79: 2.78 | J79: 1.95 | K79: 342.5 | L79: 26.71 | M79: 43.14 | N79: 37.2 | O79: 0 | P79: 0.38 | Q79: 9.16
A80: 22-04-2024 18:00 | B80: 4.04 | C80: 37.46 | D80: 22.73 | E80: 1.79 | F80: 3.94 | G80: 37.02 | H80: Maint. | I80: 3.05 | J80: 1.45 | K80: 347.84 | L80: 26.26 | M80: 45.33 | N80: 27.7 | O80: 0 | P80: 0.4 | Q80: 9.23
A81: 22-04-2024 18:15 | B81: 4.25 | C81: 37.89 | D81: 23.13 | E81: 1.85 | F81: 3.51 | G81: 39.87 | H81: Maint. | I81: 3.31 | J81: 0.47 | K81: 357.98 | L81: 25.8 | M81: 47.95 | N81: 21.6 | O81: 0 | P81: 0.42 | Q81: 9.14
A82: 22-04-2024 18:30 | B82: 4.71 | C82: 39.32 | D82: 24.24 | E82: 1.79 | F82: 3.75 | G82: 39.87 | H82: Maint. | I82: 3.39 | J82: 0.58 | K82: 342.1 | L82: 25.53 | M82: 49.08 | N82: 16.9 | O82: 0 | P82: 0.44 | Q82: 9.16
A83: 22-04-2024 18:45 | B83: 5.21 | C83: 39.24 | D83: 24.6 | E83: 1.54 | F83: 3.78 | G83: 39.87 | H83: Maint. | I83: 3.56 | J83: 0.83 | K83: 344.24 | L83: 25.51 | M83: 48.16 | N83: 16.2 | O83: 0 | P83: 0.46 | Q83: 9.17
A84: 22-04-2024 19:00 | B84: 5.47 | C84: 38.58 | D84: 24.47 | E84: 1.56 | F84: 3.84 | G84: 40.04 | H84: Maint. | I84: 3.71 | J84: 0.72 | K84: 327.45 | L84: 25.46 | M84: 48.65 | N84: 15.9 | O84: 0 | P84: 0.49 | Q84: 9.17
A85: 22-04-2024 19:15 | B85: 5.63 | C85: 38.44 | D85: 24.52 | E85: 1.96 | F85: 3.46 | G85: 42.36 | H85: Maint. | I85: 3.86 | J85: 1.13 | K85: 331.63 | L85: 25.41 | M85: 48.33 | N85: 15.9 | O85: 0 | P85: 0.5 | Q85: 9.27
A86: 22-04-2024 19:30 | B86: 5.56 | C86: 38.07 | D86: 24.27 | E86: 1.87 | F86: 3.27 | G86: 42.36 | H86: Maint. | I86: 4.01 | J86: 0.96 | K86: 331.33 | L86: 25.46 | M86: 47.64 | N86: 16.3 | O86: 0 | P86: 0.51 | Q86: 9.17
A87: 22-04-2024 19:45 | B87: 5.39 | C87: 37.38 | D87: 23.77 | E87: 1.62 | F87: 3.82 | G87: 42.36 | H87: Maint. | I87: 4.08 | J87: 1.09 | K87: 335.79 | L87: 24.37 | M87: 65.33 | N87: 22.9 | O87: 1.4 | P87: 0.52 | Q87: 9.2
A88: 22-04-2024 20:00 | B88: 5.12 | C88: 37.06 | D88: 23.39 | E88: 1.1 | F88: 3.56 | G88: 42.2 | H88: Maint. | I88: 4 | J88: 0.69 | K88: 356.35 | L88: 21.39 | M88: 91.51 | N88: 18.1 | O88: 0.4 | P88: 0.51 | Q88: 9.17
A89: 22-04-2024 20:15 | B89: 5.4 | C89: 36.91 | D89: 23.53 | E89: 0.97 | F89: 3.5 | G89: 39.85 | H89: 24.59 | I89: 4.09 | J89: 1.33 | K89: 0.59 | L89: 21.78 | M89: 87.09 | N89: 17.9 | O89: 0 | P89: 0.53 | Q89: 9.13
A90: 22-04-2024 20:30 | B90: 6.26 | C90: 36.48 | D90: 24 | E90: 1.08 | F90: 4.12 | G90: 39.85 | H90: 24.59 | I90: 4.14 | J90: 1.17 | K90: 0.65 | L90: 22.07 | M90: 82.19 | N90: 19 | O90: 0 | P90: 0.57 | Q90: 9.2
A91: 22-04-2024 20:45 | B91: 7.3 | C91: 36.13 | D91: 24.65 | E91: 0.88 | F91: 3.61 | G91: 39.85 | H91: 24.59 | I91: 4.36 | J91: 0.61 | K91: 8.79 | L91: 22.46 | M91: 78.57 | N91: 19.2 | O91: 0 | P91: 0.61 | Q91: 9.16
A92: 22-04-2024 21:00 | B92: 8.32 | C92: 35.95 | D92: 25.37 | E92: 1.05 | F92: 3.34 | G92: 39.84 | H92: 25.87 | I92: 4.66 | J92: 0.73 | K92: 86.1 | L92: 22.89 | M92: 71.59 | N92: 19.4 | O92: 0 | P92: 0.63 | Q92: 9.14
A93: 22-04-2024 21:15 | B93: 9.31 | C93: 34.61 | D93: 25.47 | E93: 1.21 | F93: 3.41 | G93: 39.78 | H93: 47.62 | I93: 4.88 | J93: 0.33 | K93: 100.23 | L93: 23.04 | M93: 71.83 | N93: 18 | O93: 0 | P93: 0.64 | Q93: 9.17
A94: 22-04-2024 21:30 | B94: 10.24 | C94: 34.17 | D94: 25.99 | E94: 1.11 | F94: 3.51 | G94: 39.78 | H94: 47.62 | I94: 5.04 | J94: 0.3 | K94: 348.81 | L94: 23.16 | M94: 76.68 | N94: 17 | O94: 0 | P94: 0.66 | Q94: 9.23
A95: 22-04-2024 21:45 | B95: 11.42 | C95: 33.63 | D95: 26.65 | E95: 1.29 | F95: 3.7 | G95: 39.78 | H95: 47.62 | I95: 5.34 | J95: 0.78 | K95: 323.51 | L95: 23.06 | M95: 75.38 | N95: 16.7 | O95: 0 | P95: 0.68 | Q95: 9.17
A96: 22-04-2024 22:00 | B96: 11.83 | C96: 33.95 | D96: 27.14 | E96: 1.29 | F96: 3.56 | G96: 40.44 | H96: 47.18 | I96: 5.74 | J96: 0.19 | K96: 344.85 | L96: 22.77 | M96: 80.86 | N96: 18.6 | O96: 0.6 | P96: 0.69 | Q96: 9.15
A97: 22-04-2024 22:15 | B97: 10.64 | C97: 34.57 | D97: 26.51 | E97: 1.3 | F97: 4 | G97: 49.62 | H97: 41.01 | I97: 5.9 | J97: 0.08 | K97: 109.55 | L97: 21 | M97: 92.58 | N97: 17.8 | O97: 0.6 | P97: 0.67 | Q97: 9.2
A98: 22-04-2024 22:30 | B98: 10.1 | C98: 34.46 | D98: 26.02 | E98: 1.3 | F98: 2.87 | G98: 49.62 | H98: 41.01 | I98: 5.95 | J98: 0.23 | K98: 54.96 | L98: 20.48 | M98: 96.46 | N98: 16.6 | O98: 0.2 | P98: 0.65 | Q98: 9.17
A99: 22-04-2024 22:45 | B99: 10.83 | C99: 33.27 | D99: 25.99 | E99: 1.13 | F99: 3.22 | G99: 49.62 | H99: 41.01 | I99: 5.62 | J99: 0.62 | K99: 110.78 | L99: 20.48 | M99: 96.99 | N99: 16.5 | O99: 0.6 | P99: 0.65 | Q99: 9.25
A100: 22-04-2024 23:00 | B100: 11.81 | C100: 34.11 | D100: 27.21 | E100: 1.16 | F100: 2.67 | G100: 48.74 | H100: 39.07 | I100: 5.7 | J100: 0.48 | K100: 116.03 | L100: 21.17 | M100: 87.21 | N100: 18 | O100: 0 | P100: 0.64 | Q100: 9.21
... A104: 22-04-2024 24:00 | B104: 7.23 | C104: 35.37 | D104: 24.2 | E104: 2.37 | F104: 4.07 | G104: 35.91 | H104: 12.32 | I104: 6.17 | J104: 1.4 | K104: 164.39 | L104: 20.22 | M104: 95.35 | N104: 17.7 | O104: 0 | P104: 0.51 | Q104: 9.22
A106: Min | B106: =MIN(B9:B104) -> 1.5 | C106: =MIN(C9:C104) -> 25.79 | D106: =MIN(D9:D104) -> 14.79 | E106: =MIN(E9:E104) -> 0.3 | F106: =MIN(F9:F104) -> 2.67 | G106: =MIN(G9:G104) -> 24.65 | H106: =MIN(H9:H104) -> 2.46 | I106: =MIN(I9:I104) -> 1.99 | ... Q106: =MIN(Q9:Q104) -> 9.12
A107: Max | B107: =MAX(B9:B104) -> 12.04 | C107: =MAX(C9:C104) -> 41.93 | D107: =MAX(D9:D104) -> 28.41 | E107: =MAX(E9:E104) -> 2.37 | F107: =MAX(F9:F104) -> 7.68 | G107: =MAX(G9:G104) -> 54.16 | H107: =MAX(H9:H104) -> 79.03 | I107: =MAX(I9:I104) -> 6.65 | ... Q107: =MAX(Q9:Q104) -> 9.27
A108: Avg | B108: =AVERAGE(B9:B104) -> 4.4134375 | C108: =AVERAGE(C9:C104) -> 33.608542 | D108: =AVERAGE(D9:D104) -> 21.018646 | E108: =AVERAGE(E9:E104) -> 1.2865625 | F108: =AVERAGE(F9:F104) -> 4.6489583 | G108: =AVERAGE(G9:G104) -> 39.021875 | H108: =AVERAGE(H9:H104) -> 22.097143 | I108: =AVERAGE(I9:I104) -> 4.1494792 | ... Q108: =AVERAGE(Q9:Q104) -> 9.1733333
A109: Stdev | B109: =STDEV(B9:B104) -> 3.0670259 | C109: =STDEV(C9:C104) -> 4.3993002 | D109: =STDEV(D9:D104) -> 3.9578419 | E109: =STDEV(E9:E104) -> 0.50380411 | F109: =STDEV(F9:F104) -> 1.1514471 | G109: =STDEV(G9:G104) -> 7.760818 | H109: =STDEV(H9:H104) -> 20.392617 | I109: =STDEV(I9:I104) -> 1.0895488 | ... Q109: =STDEV(Q9:Q104) -> 0.032820618
A110: Num | B110: =COUNT(B9:B104) -> 96 | C110: =COUNT(C9:C104) -> 96 | D110: =COUNT(D9:D104) -> 96 | E110: =COUNT(E9:E104) -> 96 | F110: =COUNT(F9:F104) -> 96 | G110: =COUNT(G9:G104) -> 96 | H110: =COUNT(H9:H104)+12 -> 96 | I110: =COUNT(I9:I104) -> 96 | J110: =COUNT(J9:J104) -> 96 | K110: =COUNT(K9:K104) -> 96 | L110: =COUNT(L9:L104) -> 96 | M110: =COUNT(M9:M104) -> 96 | N110: =COUNT(N9:N104) -> 96 | O110: =COUNT(O9:O104) -> 96 | P110: =COUNT(P9:P104) -> 96 | Q110: =COUNT(Q9:Q104) -> 96
A111: DCR | B111: =IF(B110>=87,">90%",IF(B110<=87,"<90%")) -> >90% | C111: =IF(C110>=87,">90%",IF(C110<=87,"<90%")) -> >90% | D111: =IF(D110>=87,">90%",IF(D110<=87,"<90%")) -> >90% | E111: =IF(E110>=87,">90%",IF(E110<=87,"<90%")) -> >90% | F111: =IF(F110>=87,">90%",IF(F110<=87,"<90%")) -> >90% | G111: =IF(G110>=87,">90%",IF(G110<=87,"<90%")) -> >90% | H111: =IF(H110>=87,">90%",IF(H110<=87,"<90%")) -> >90% | J111: =IF(J110>=87,">90%",IF(J110<=87,"<90%")) -> >90% | K111: =IF(K110>=87,">90%",IF(K110<=87,"<90%")) -> >90% | L111: =IF(L110>=87,">90%",IF(L110<=87,"<90%")) -> >90% | M111: =IF(M110>=87,">90%",IF(M110<=87,"<90%")) -> >90% | N111: =IF(N110>=87,">90%",IF(N110<=87,"<90%")) -> >90% | O111: =IF(O110>=87,">90%",IF(O110<=87,"<90%")) -> >90% | P111: =IF(P110>=87,">90%",IF(P110<=87,"<90%")) -> >90% | Q111: =IF(Q110>=87,">90%",IF(Q110<=87,"<90%")) -> >90%
A112: Status | B112: =IF(B110>=87,"OK",IF(B110<=87,"LESS")) -> OK | C112: =IF(C110>=87,"OK",IF(C110<=87,"LESS")) -> OK | D112: =IF(D110>=87,"OK",IF(D110<=87,"LESS")) -> OK | E112: =IF(E110>=87,"OK",IF(E110<=87,"LESS")) -> OK | F112: =IF(F110>=87,"OK",IF(F110<=87,"LESS")) -> OK | G112: =IF(G110>=87,"OK",IF(G110<=87,"LESS")) -> OK | H112: =IF(H110>=87,"OK",IF(H110<=87,"LESS")) -> OK | I112: =IF(I110>=87,"OK",IF(I110<=87,"LESS")) -> OK | ... Q112: =IF(Q110>=87,"OK",IF(Q110<=87,"LESS")) -> OK
A115: Done by | B115: SR
A117: Comment

Sheet 23
A1: Station: | B1: BHATAGAON RAIPUR
A2: Date: | B2: =$A$9 -> 23-04-2024 00:15 | D2: Power Off | G2: Pw.Off | L2: Link Fail | N2: Link F | P2: Maintenance | R2: Maint.
A3: Report Type: | B3: Mean | D3: Calibration | G3: Calib. | L3: Data Fail | N3: Data F | P3: Invalid | R3: Invalid
A4: Time Base: | B4: 15 Min | D4: Zero Referrence | G4: Z.Ref | L4: Warm Up | N4: Wm. Up
A7: Date & Time | B7: NO_BHATAGAON | C7: NO2__BHATAGAON | D7: NOX_BHATAGAON | E7: SO2__BHATAGAON | F7: O3__BHATAGAON | G7: PM10__BHATAGAON | H7: PM2_5__BHATAGAON | I7: BENZ__BHATAGAON | J7: WS__BHATAGAON | K7: WD__BHATAGAON | L7: TEMP__BHATAGAON | M7: HUM__BHATAGAON | N7: SR__BHATAGAON | O7: RG__BHATAGAON | P7: CO__BHATAGAON | Q7: NH3__BHATAGAON
B8: ug/m3 | C8: ug/m3 | D8: ppb | E8: ug/m3 | F8: ug/m3 | G8: ug/m3 | H8: ug/m3 | I8: ug/m3 | J8: m/sec | K8: deg | L8: degreC | M8: % | N8: w/m2 | O8: mm | P8: mg/m3 | Q8: ug/m3
A9: 23-04-2024 00:15 | B9: 5.88 | C9: 34.67 | D9: 22.75 | E9: 1.51 | F9: 3.2 | G9: 29.28 | H9: 18.42 | I9: 5.61 | J9: 0.52 | K9: 165.12 | L9: 21.05 | M9: 88.32 | N9: 19 | O9: 0 | P9: 0.49 | Q9: 9.18
A10: 23-04-2024 00:30 | B10: 5.29 | C10: 33.21 | D10: 21.51 | E10: 1.44 | F10: 3.61 | G10: 29.28 | H10: 18.42 | I10: 5.13 | J10: 2.17 | K10: 322.13 | L10: 20.8 | M10: 93.58 | N10: 19 | O10: 0.8 | P10: 0.48 | Q10: 9.19
A11: 23-04-2024 00:45 | B11: 4.41 | C11: 31.61 | D11: 19.97 | E11: 1.6 | F11: 3.9 | G11: 29.28 | H11: 18.42 | I11: 5.12 | J11: 2.06 | K11: 330.99 | L11: 19.36 | M11: 97.81 | N11: 17.1 | O11: 1.2 | P11: 0.45 | Q11: 9.16
A12: 23-04-2024 01:00 | B12: 3.49 | C12: 30.17 | D12: 18.48 | E12: 1.65 | F12: 4 | G12: 29.02 | H12: 20.78 | I12: 5.01 | J12: 0.35 | K12: 294.84 | L12: 18.96 | M12: 97.93 | N12: 16.6 | O12: 0.4 | P12: 0.45 | Q12: 9.22
A13: 23-04-2024 01:15 | B13: 2.77 | C13: 29.38 | D13: 17.49 | E13: 1.89 | F13: 3.96 | G13: 25.29 | H13: 53.8 | I13: 4.68 | J13: 0.85 | K13: 177.69 | L13: 19.43 | M13: 97.89 | N13: 16.7 | O13: 0 | P13: 0.42 | Q13: 9.18
A14: 23-04-2024 01:30 | B14: 2.47 | C14: 28.33 | D14: 16.7 | E14: 1.61 | F14: 3.87 | G14: 25.29 | H14: 53.8 | I14: 4.46 | J14: 1.05 | K14: 164.98 | L14: 19.61 | M14: 97.07 | N14: 18 | O14: 0 | P14: 0.43 | Q14: 9.16
A15: 23-04-2024 01:45 | B15: 2.51 | C15: 28.1 | D15: 16.62 | E15: 1.81 | F15: 3.69 | G15: 25.29 | H15: 53.8 | I15: 4.34 | J15: 0.28 | K15: 186.36 | L15: 19.77 | M15: 97.24 | N15: 17.7 | O15: 0 | P15: 0.43 | Q15: 9.14
A16: 23-04-2024 02:00 | B16: 2.97 | C16: 26.77 | D16: 16.29 | E16: 1.64 | F16: 2.77 | G16: 24.95 | H16: 51.97 | I16: 4.25 | J16: 0.24 | K16: 209.98 | L16: 20.06 | M16: 95.16 | N16: 17.9 | O16: 0 | P16: 0.43 | Q16: 9.19
A17: 23-04-2024 02:15 | B17: 3.86 | C17: 26.23 | D17: 16.72 | E17: 1.6 | F17: 3.36 | G17: 20.11 | H17: 20.95 | I17: 4.4 | J17: 0.13 | K17: 2.84 | L17: 20.16 | M17: 97.89 | N17: 16.9 | O17: 0 | P17: 0.43 | Q17: 9.15
A18: 23-04-2024 02:30 | B18: 5.48 | C18: 26.01 | D18: 17.9 | E18: 1.82 | F18: 3.29 | G18: 20.11 | H18: 20.95 | I18: 4.56 | J18: 0.1 | K18: 358.45 | L18: 20.07 | M18: 97.89 | N18: 16.8 | O18: 0 | P18: 0.42 | Q18: 9.16
A19: 23-04-2024 02:45 | B19: 6.3 | C19: 25.29 | D19: 18.19 | E19: 1.51 | F19: 2.98 | G19: 20.11 | H19: 20.95 | I19: 4.76 | J19: 0.19 | K19: 331.46 | L19: 20.41 | M19: 97.89 | N19: 17 | O19: 0 | P19: 0.43 | Q19: 9.18
A20: 23-04-2024 03:00 | B20: 6.66 | C20: 24.76 | D20: 18.2 | E20: 1.71 | F20: 3.1 | G20: 19.95 | H20: 20.6 | I20: 4.96 | J20: 0.73 | K20: 98.58 | L20: 20.81 | M20: 95.51 | N20: 18 | O20: 0 | P20: 0.43 | Q20: 9.14
... A63: 23-04-2024 13:45 | B63: 1.94 | C63: 26.48 | D63: 15.31 | E63: 1.94 | F63: 6.01 | G63: 42.99 | H63: 3.72 | I63: 5.71 | J63: 0.75 | K63: 317.01 | L63: 35.09 | M63: 32.93 | N63: 825.1 | O63: 0 | P63: 0.65 | Q63: 9.11
A64: 23-04-2024 14:00 | B64: 2.18 | C64: 30.42 | D64: 17.56 | E64: 1.75 | F64: 6.76 | G64: Calib. | H64: Calib. | I64: 5.63 | J64: 0.69 | K64: 308.18 | L64: 36.04 | M64: 30.74 | N64: 786.6 | O64: 0 | P64: 0.66 | Q64: 9.13
A65: 23-04-2024 14:15 | B65: 1.59 | C65: 31.44 | D65: 17.62 | E65: 2.12 | F65: 11.77 | G65: Calib. | H65: Calib. | I65: 5.61 | J65: 0.14 | K65: 338.41 | L65: 35.07 | M65: 30.26 | N65: 727 | O65: 0 | P65: 0.67 | Q65: 9.11
A66: 23-04-2024 14:30 | B66: Calib. | C66: Calib. | D66: Calib. | E66: 2.02 | F66: 11.06 | G66: Calib. | H66: Calib. | I66: 5.57 | J66: 0.22 | K66: 306.49 | L66: 35.24 | M66: 30.54 | N66: 445.2 | O66: 0 | P66: 0.66 | Q66: 9.12
A67: 23-04-2024 14:45 | B67: Calib. | C67: Calib. | D67: Calib. | E67: 1.43 | F67: 9.71 | G67: Calib. | H67: Calib. | I67: 5.37 | J67: 0.31 | K67: 297.84 | L67: 34.38 | M67: 31.13 | N67: 489.7 | O67: 0 | P67: 0.63 | Q67: 9.11
A68: 23-04-2024 15:00 | B68: Calib. | C68: Calib. | D68: Calib. | E68: 1.59 | F68: 7.12 | G68: 33.78 | H68: 1.91 | I68: 5.2 | J68: 0.6 | K68: 324.05 | L68: 35.24 | M68: 30.01 | N68: 225.3 | O68: 0 | P68: 0.62 | Q68: 9.12
A69: 23-04-2024 15:15 | B69: Calib. | C69: Calib. | D69: Calib. | E69: 1.03 | F69: 6.2 | G69: 32.51 | H69: 20.38 | I69: 5.03 | J69: 0.33 | K69: 305.87 | L69: 34.89 | M69: 29.91 | N69: 246.7 | O69: 0 | P69: 0.62 | Q69: 9.12
A70: 23-04-2024 15:30 | B70: 1.44 | C70: 29.91 | D70: 16.7 | E70: 1.29 | F70: 7.07 | G70: 32.51 | H70: 20.38 | I70: 4.99 | J70: 0.3 | K70: 331.02 | L70: 34.39 | M70: 31.1 | N70: 265.9 | O70: 0 | P70: 0.59 | Q70: 9.14
A71: 23-04-2024 15:45 | B71: 1.28 | C71: 28.74 | D71: 15.97 | E71: 0.97 | F71: 6.47 | G71: 32.51 | H71: 20.38 | I71: 4.97 | J71: 0.53 | K71: 318.08 | L71: 34.37 | M71: 30.84 | N71: 202.1 | O71: 0 | P71: 0.58 | Q71: 9.12
A72: 23-04-2024 16:00 | B72: 1.35 | C72: 26.18 | D72: 14.68 | E72: 0.42 | F72: 6.38 | G72: 32.54 | H72: 20.17 | I72: 4.76 | J72: 0.18 | K72: 341.2 | L72: 34.16 | M72: 29.68 | N72: 276.3 | O72: 0 | P72: 0.57 | Q72: 9.1
A73: 23-04-2024 16:15 | B73: 1.39 | C73: 24.79 | D73: 13.99 | E73: 0.76 | F73: 6.02 | G73: 33.04 | H73: 17.21 | I73: 4.59 | J73: 0.18 | K73: 290.95 | L73: 33.63 | M73: 30.43 | N73: 138.7 | O73: 0 | P73: 0.55 | Q73: 9.1
A74: 23-04-2024 16:30 | B74: 1.59 | C74: 25.02 | D74: 14.27 | E74: 1.24 | F74: 6.62 | G74: 33.04 | H74: 17.21 | I74: 4.58 | J74: 0.36 | K74: 308.26 | L74: 33.63 | M74: 29.42 | N74: 131.9 | O74: 0 | P74: 0.55 | Q74: 9.15
A75: 23-04-2024 16:45 | B75: 1.61 | C75: 27.46 | D75: 15.56 | E75: 1.13 | F75: 7.11 | G75: 33.04 | H75: 17.21 | I75: 4.56 | J75: 0.3 | K75: 6.32 | L75: 33.47 | M75: 28.87 | N75: 106.2 | O75: 0 | P75: 0.55 | Q75: 9.15
A76: 23-04-2024 17:00 | B76: 1.49 | C76: 27.49 | D76: 15.48 | E76: 0.75 | F76: 6.4 | G76: 32.27 | H76: 17.53 | I76: 4.61 | J76: 0.25 | K76: 12.74 | L76: 33.25 | M76: 29.75 | N76: 88.7 | O76: 0 | P76: 0.55 | Q76: 9.11
A77: 23-04-2024 17:15 | B77: 1.54 | C77: 27.02 | D77: 15.28 | E77: 0.86 | F77: 6.11 | G77: 21.58 | H77: 22.93 | I77: 4.52 | J77: 0.13 | K77: 243.98 | L77: 32.98 | M77: 29.99 | N77: 92 | O77: 0 | P77: 0.54 | Q77: 9.11
A78: 23-04-2024 17:30 | B78: 1.53 | C78: 27.47 | D78: 15.5 | E78: 1.12 | F78: 5.96 | G78: 21.58 | H78: 22.93 | I78: 4.38 | J78: 0.03 | K78: 274.47 | L78: 32.66 | M78: 31.55 | N78: 53.5 | O78: 0 | P78: 0.53 | Q78: 9.11
A79: 23-04-2024 17:45 | B79: 1.61 | C79: 27.36 | D79: 15.5 | E79: 0.92 | F79: 5.58 | G79: 21.58 | H79: 22.93 | I79: 4.37 | J79: 0.13 | K79: 193.2 | L79: 32.07 | M79: 34.07 | N79: 39.6 | O79: 0 | P79: 0.52 | Q79: 9.16
A80: 23-04-2024 18:00 | B80: 1.48 | C80: 27.84 | D80: 15.66 | E80: 0.93 | F80: 6.17 | G80: 21.95 | H80: 22.41 | I80: 4.33 | J80: 0.43 | K80: 164.53 | L80: 31.52 | M80: 36.73 | N80: 37.9 | O80: 0 | P80: 0.5 | Q80: 9.13
A81: 23-04-2024 18:15 | B81: 1.42 | C81: 30.51 | D81: 17 | E81: 0.87 | F81: 6.46 | G81: 27.14 | H81: 13.54 | I81: 4.33 | J81: 0.53 | K81: 141.51 | L81: 31.43 | M81: 36.22 | N81: 23.9 | O81: 0 | P81: 0.5 | Q81: 9.11
... A104: 23-04-2024 24:00 | B104: 2.01 | C104: 32.71 | D104: 18.63 | E104: 3.2 | F104: 5.62 | G104: 88.66 | H104: 20.58 | I104: 5.56 | J104: 2.66 | K104: 348.88 | L104: 23.54 | M104: 50.53 | N104: 15.3 | O104: 0 | P104: 0.77 | Q104: 9.1
A106: Min | B106: =MIN(B9:B104) -> 1.03 | C106: =MIN(C9:C104) -> 22.07 | D106: =MIN(D9:D104) -> 12.85 | E106: =MIN(E9:E104) -> 0.42 | F106: =MIN(F9:F104) -> 2.77 | G106: =MIN(G9:G104) -> 17.64 | H106: =MIN(H9:H104) -> 1.91 | I106: =MIN(I9:I104) -> 4.25 | ... Q106: =MIN(Q9:Q104) -> 9.1
A107: Max | B107: =MAX(B9:B104) -> 56.05 | C107: =MAX(C9:C104) -> 43.04 | D107: =MAX(D9:D104) -> 63.12 | E107: =MAX(E9:E104) -> 3.2 | F107: =MAX(F9:F104) -> 29.52 | G107: =MAX(G9:G104) -> 133.07 | H107: =MAX(H9:H104) -> 98.85 | I107: =MAX(I9:I104) -> 14.57 | ... Q107: =MAX(Q9:Q104) -> 9.39
A108: Avg | B108: =AVERAGE(B9:B104) -> 11.561196 | C108: =AVERAGE(C9:C104) -> 29.771848 | D108: =AVERAGE(D9:D104) -> 24.74663 | E108: =AVERAGE(E9:E104) -> 1.4330208 | F108: =AVERAGE(F9:F104) -> 5.274375 | G108: =AVERAGE(G9:G104) -> 49.734891 | H108: =AVERAGE(H9:H104) -> 28.621739 | I108: =AVERAGE(I9:I104) -> 6.4685417 | ... Q108: =AVERAGE(Q9:Q104) -> 9.1719792
A109: Stdev | B109: =STDEV(B9:B104) -> 14.086303 | C109: =STDEV(C9:C104) -> 4.8407408 | D109: =STDEV(D9:D104) -> 12.762852 | E109: =STDEV(E9:E104) -> 0.55207764 | F109: =STDEV(F9:F104) -> 3.5619822 | G109: =STDEV(G9:G104) -> 29.849561 | H109: =STDEV(H9:H104) -> 20.576404 | I109: =STDEV(I9:I104) -> 2.4096477 | ... Q109: =STDEV(Q9:Q104) -> 0.060639049
A110: Num | B110: =COUNT(B9:B104)+4 -> 96 | C110: =COUNT(C9:C104)+4 -> 96 | D110: =COUNT(D9:D104)+4 -> 96 | E110: =COUNT(E9:E104) -> 96 | F110: =COUNT(F9:F104) -> 96 | G110: =COUNT(G9:G104)+4 -> 96 | H110: =COUNT(H9:H104)+4 -> 96 | I110: =COUNT(I9:I104) -> 96 | J110: =COUNT(J9:J104) -> 96 | K110: =COUNT(K9:K104) -> 96 | L110: =COUNT(L9:L104) -> 96 | M110: =COUNT(M9:M104) -> 96 | N110: =COUNT(N9:N104) -> 96 | O110: =COUNT(O9:O104) -> 96 | P110: =COUNT(P9:P104) -> 96 | Q110: =COUNT(Q9:Q104) -> 96
A111: DCR | B111: =IF(B110>=87,">90%",IF(B110<=87,"<90%")) -> >90% | C111: =IF(C110>=87,">90%",IF(C110<=87,"<90%")) -> >90% | D111: =IF(D110>=87,">90%",IF(D110<=87,"<90%")) -> >90% | E111: =IF(E110>=87,">90%",IF(E110<=87,"<90%")) -> >90% | F111: =IF(F110>=87,">90%",IF(F110<=87,"<90%")) -> >90% | G111: =IF(G110>=87,">90%",IF(G110<=87,"<90%")) -> >90% | H111: =IF(H110>=87,">90%",IF(H110<=87,"<90%")) -> >90% | I111: =IF(I110>=87,">90%",IF(I110<=87,"<90%")) -> >90% | ... Q111: =IF(Q110>=87,">90%",IF(Q110<=87,"<90%")) -> >90%
A112: Status | B112: =IF(B110>=87,"OK",IF(B110<=87,"LESS")) -> OK | C112: =IF(C110>=87,"OK",IF(C110<=87,"LESS")) -> OK | D112: =IF(D110>=87,"OK",IF(D110<=87,"LESS")) -> OK | E112: =IF(E110>=87,"OK",IF(E110<=87,"LESS")) -> OK | F112: =IF(F110>=87,"OK",IF(F110<=87,"LESS")) -> OK | G112: =IF(G110>=87,"OK",IF(G110<=87,"LESS")) -> OK | H112: =IF(H110>=87,"OK",IF(H110<=87,"LESS")) -> OK | I112: =IF(I110>=87,"OK",IF(I110<=87,"LESS")) -> OK | ... Q112: =IF(Q110>=87,"OK",IF(Q110<=87,"LESS")) -> OK
A115: Done by | B115: RK
A117: Comment

Sheet 24
A1: Station: | B1: BHATAGAON RAIPUR
A2: Date: | B2: =$A$9 -> 24-04-2024 00:15 | D2: Power Off | G2: Pw.Off | L2: Link Fail | N2: Link F | P2: Maintenance | R2: Maint.
A3: Report Type: | B3: Mean | D3: Calibration | G3: Calib. | L3: Data Fail | N3: Data F | P3: Invalid | R3: Invalid
A4: Time Base: | B4: 15 Min | D4: Zero Referrence | G4: Z.Ref | L4: Warm Up | N4: Wm. Up
A7: Date & Time | B7: NO_BHATAGAON | C7: NO2__BHATAGAON | D7: NOX_BHATAGAON | E7: SO2__BHATAGAON | F7: O3__BHATAGAON | G7: PM10__BHATAGAON | H7: PM2_5__BHATAGAON | I7: BENZ__BHATAGAON | J7: WS__BHATAGAON | K7: WD__BHATAGAON | L7: TEMP__BHATAGAON | M7: HUM__BHATAGAON | N7: SR__BHATAGAON | O7: RG__BHATAGAON | P7: CO__BHATAGAON | Q7: NH3__BHATAGAON
B8: ug/m3 | C8: ug/m3 | D8: ppb | E8: ug/m3 | F8: ug/m3 | G8: ug/m3 | H8: ug/m3 | I8: ug/m3 | J8: m/sec | K8: deg | L8: degreC | M8: % | N8: w/m2 | O8: mm | P8: mg/m3 | Q8: ug/m3
A9: 24-04-2024 00:15 | B9: 2.17 | C9: 30.28 | D9: 17.48 | E9: 2.57 | F9: 5.6 | G9: Data F | H9: Data F | I9: 5.02 | J9: 2.4 | K9: 352.86 | L9: 24.25 | M9: 44.28 | N9: 15.7 | O9: 0 | P9: 0.7 | Q9: 9.14
A10: 24-04-2024 00:30 | B10: 2.42 | C10: 29.45 | D10: 17.25 | E10: 2.4 | F10: 4.92 | G10: Data F | H10: Data F | I10: 4.62 | J10: 2.15 | K10: 357.57 | L10: 24.64 | M10: 41.59 | N10: 16.4 | O10: 0 | P10: 0.66 | Q10: 9.12
A11: 24-04-2024 00:45 | B11: 2.4 | C11: 30.02 | D11: 17.53 | E11: 2.62 | F11: 4.52 | G11: Data F | H11: Data F | I11: 4.37 | J11: 1.31 | K11: 0.24 | L11: 24.78 | M11: 40.37 | N11: 16.6 | O11: 0 | P11: 0.61 | Q11: 9.16
A12: 24-04-2024 01:00 | B12: 2.53 | C12: 28.55 | D12: 16.87 | E12: 2.45 | F12: 4.28 | G12: Data F | H12: Data F | I12: 4.2 | J12: 0.59 | K12: 359.25 | L12: 24.92 | M12: 40.3 | N12: 16.9 | O12: 0 | P12: 0.6 | Q12: 9.11
A13: 24-04-2024 01:15 | B13: 2.91 | C13: 27.14 | D13: 16.43 | E13: 2.42 | F13: 3.89 | G13: Data F | H13: Data F | I13: 4.24 | J13: 0.39 | K13: 90.79 | L13: 24.79 | M13: 40.83 | N13: 16.9 | O13: 0 | P13: 0.57 | Q13: 9.12
A14: 24-04-2024 01:30 | B14: 3.39 | C14: 25.77 | D14: 16.1 | E14: 2.3 | F14: 3.87 | G14: Data F | H14: Data F | I14: 4.66 | J14: 0.41 | K14: 106.03 | L14: 24.74 | M14: 41.6 | N14: 16.7 | O14: 0 | P14: 0.6 | Q14: 9.13
A15: 24-04-2024 01:45 | B15: 3.76 | C15: 25.04 | D15: 16.02 | E15: 2.35 | F15: 3.52 | G15: Data F | H15: Data F | I15: 5.06 | J15: 0.14 | K15: 79.85 | L15: 24.57 | M15: 44.84 | N15: 16.9 | O15: 0 | P15: 0.59 | Q15: 9.15
A16: 24-04-2024 02:00 | B16: 4.22 | C16: 24.22 | D16: 15.96 | E16: 2.37 | F16: 3.47 | G16: Data F | H16: Data F | I16: 5.34 | J16: 0.2 | K16: 259.85 | L16: 23.97 | M16: 50.47 | N16: 17.1 | O16: 0 | P16: 0.6 | Q16: 9.13
A17: 24-04-2024 02:15 | B17: 4.81 | C17: 23.47 | D17: 16.04 | E17: 2.57 | F17: 3.77 | G17: 55.92 | H17: 19.63 | I17: 5.68 | J17: 0.46 | K17: 162.67 | L17: 23.88 | M17: 54.12 | N17: 16.6 | O17: 0 | P17: 0.6 | Q17: 9.13
A18: 24-04-2024 02:30 | B18: 5.6 | C18: 23.66 | D18: 16.77 | E18: 2.28 | F18: 3.17 | G18: 55.92 | H18: 19.63 | I18: 5.87 | J18: 0.15 | K18: 305.46 | L18: 24.06 | M18: 53.05 | N18: 17.1 | O18: 0 | P18: 0.59 | Q18: 9.14
A19: 24-04-2024 02:45 | B19: 6.08 | C19: 24.05 | D19: 17.36 | E19: 2.24 | F19: 3.79 | G19: 55.92 | H19: 19.63 | I19: 5.91 | J19: 0.36 | K19: 207.9 | L19: 23.86 | M19: 51.16 | N19: 16.8 | O19: 0 | P19: 0.58 | Q19: 9.16
A20: 24-04-2024 03:00 | B20: 5.95 | C20: 23.87 | D20: 17.16 | E20: 2.41 | F20: 3.86 | G20: 55.55 | H20: 19.43 | I20: 6.11 | J20: 0.65 | K20: 308.9 | L20: 23.66 | M20: 51.8 | N20: 16.7 | O20: 0 | P20: 0.56 | Q20: 9.13
A21: 24-04-2024 03:15 | B21: 4.98 | C21: 23.98 | D21: 16.44 | E21: 2.43 | F21: 4.15 | G21: 50.27 | H21: 15.99 | I21: 5.87 | J21: 0.04 | K21: 195.44 | L21: 24.21 | M21: 47.05 | N21: 16.8 | O21: 0 | P21: 0.52 | Q21: 9.12
A22: 24-04-2024 03:30 | B22: 4.23 | C22: 23.77 | D22: 15.73 | E22: 2.32 | F22: 3.6 | G22: 50.27 | H22: 15.99 | I22: 5.45 | J22: 1.43 | K22: 150.44 | L22: 23.96 | M22: 48.76 | N22: 16.1 | O22: 0 | P22: 0.5 | Q22: 9.15
A23: 24-04-2024 03:45 | B23: 4.02 | C23: 23 | D23: 15.16 | E23: 2.17 | F23: 4.01 | G23: 50.27 | H23: 15.99 | I23: 5.19 | J23: 1.41 | K23: 156.84 | L23: 23.85 | M23: 49.16 | N23: 16.8 | O23: 0 | P23: 0.47 | Q23: 9.15
A24: 24-04-2024 04:00 | B24: 3.98 | C24: 22.64 | D24: 14.94 | E24: 1.49 | F24: 3.92 | G24: 48.1 | H24: 15.51 | I24: 5.04 | J24: 0.22 | K24: 175.06 | L24: 23.86 | M24: 50.62 | N24: 17 | O24: 0 | P24: 0.46 | Q24: 9.13
A25: 24-04-2024 04:15 | B25: 4.18 | C25: 22.4 | D25: 14.98 | E25: 1.05 | F25: 3.55 | G25: 11.31 | H25: 7.28 | I25: 4.89 | J25: 0.21 | K25: 179.93 | L25: 23.3 | M25: 54.43 | N25: 17.3 | O25: 0 | P25: 0.44 | Q25: 9.12
A26: 24-04-2024 04:30 | B26: 4.18 | C26: 22.4 | D26: 14.98 | E26: 1.05 | F26: 3.55 | G26: 11.31 | H26: 7.28 | I26: 4.89 | J26: 0.21 | K26: 179.93 | L26: 23.3 | M26: 54.43 | N26: 17.3 | O26: 0 | P26: 0.44 | Q26: 9.12
A27: 24-04-2024 04:45 | B27: 4.18 | C27: 22.4 | D27: 14.98 | E27: 1.05 | F27: 3.55 | G27: 11.31 | H27: 7.28 | I27: 4.89 | J27: 0.21 | K27: 179.93 | L27: 23.3 | M27: 54.43 | N27: 17.3 | O27: 0 | P27: 0.44 | Q27: 9.12
A28: 24-04-2024 05:00 | B28: 4.18 | C28: 22.4 | D28: 14.98 | E28: 1.05 | F28: 3.55 | G28: 11.31 | H28: 7.28 | I28: 4.89 | J28: 0.21 | K28: 179.93 | L28: 23.3 | M28: 54.43 | N28: 17.3 | O28: 0 | P28: 0.44 | Q28: 9.12
... A72: 24-04-2024 16:00 | B72: 1.51 | C72: 26.08 | D72: 14.76 | E72: 0.72 | F72: 6.18 | G72: 29.88 | H72: 20.64 | I72: 6.21 | J72: 0.3 | K72: 322.59 | L72: 34.95 | M72: 24.69 | N72: 313.4 | O72: 0 | P72: 0.55 | Q72: 9.1
A73: 24-04-2024 16:15 | B73: 1.45 | C73: 26.75 | D73: 15.06 | E73: 1.05 | F73: 6.38 | G73: 23.94 | H73: Data F | I73: 5.9 | J73: 0.5 | K73: 313.87 | L73: 34.67 | M73: 25.63 | N73: 143.6 | O73: 0 | P73: 0.54 | Q73: 9.13
A74: 24-04-2024 16:30 | B74: 1.62 | C74: 27.1 | D74: 15.38 | E74: 1.05 | F74: 5.79 | G74: 23.94 | H74: Data F | I74: 5.72 | J74: 0.24 | K74: 313.76 | L74: 34.47 | M74: 26 | N74: 131.7 | O74: 0 | P74: 0.54 | Q74: 9.11
A75: 24-04-2024 16:45 | B75: 1.78 | C75: 30.55 | D75: 17.31 | E75: 1.08 | F75: 5.52 | G75: 23.94 | H75: Data F | I75: 5.47 | J75: 0.12 | K75: 0.78 | L75: 34.3 | M75: 24.75 | N75: 102.4 | O75: 0 | P75: 0.55 | Q75: 9.11
A76: 24-04-2024 17:00 | B76: 1.76 | C76: 33.04 | D76: 18.59 | E76: 0.97 | F76: 4.95 | G76: 24.1 | H76: Data F | I76: 5.42 | J76: 0.21 | K76: 23.44 | L76: 34.04 | M76: 25.07 | N76: 88.5 | O76: 0 | P76: 0.55 | Q76: 9.17
A77: 24-04-2024 17:15 | B77: 1.69 | C77: 30.14 | D77: 17.02 | E77: 0.97 | F77: 5.14 | G77: 26.28 | H77: Data F | I77: 5.38 | J77: 0.21 | K77: 357.44 | L77: 33.68 | M77: 26.92 | N77: 80.2 | O77: 0 | P77: 0.55 | Q77: 9.14
A78: 24-04-2024 17:30 | B78: 1.68 | C78: 29.03 | D78: 16.44 | E78: 1.19 | F78: 5.01 | G78: 26.28 | H78: Data F | I78: 5.37 | J78: 0.2 | K78: 354.8 | L78: 32.8 | M78: 30.19 | N78: 62.6 | O78: 0 | P78: 0.56 | Q78: 9.13
A79: 24-04-2024 17:45 | B79: 1.86 | C79: 29.56 | D79: 16.85 | E79: 1.19 | F79: 4.1 | G79: 26.28 | H79: Data F | I79: 5.39 | J79: 0.13 | K79: 337.95 | L79: 32.14 | M79: 31.2 | N79: 47 | O79: 0 | P79: 0.57 | Q79: 9.1
A80: 24-04-2024 18:00 | B80: 2.18 | C80: 29.65 | D80: 17.16 | E80: 1.14 | F80: 4.13 | G80: 27.33 | H80: Data F | I80: 5.43 | J80: 0.17 | K80: 3.37 | L80: 31.86 | M80: 32.74 | N80: 31.1 | O80: 0 | P80: 0.59 | Q80: 9.1
A81: 24-04-2024 18:15 | B81: 2.24 | C81: 29.03 | D81: 16.88 | E81: 0.91 | F81: 4.41 | G81: 42.06 | H81: Data F | I81: 5.58 | J81: 0.23 | K81: 10.81 | L81: 30.8 | M81: 36.31 | N81: 24.2 | O81: 0 | P81: 0.58 | Q81: 9.15
A82: 24-04-2024 18:30 | B82: 2.27 | C82: 28.27 | D82: 16.51 | E82: 1.14 | F82: 4.18 | G82: 42.06 | H82: Data F | I82: 5.51 | J82: 0.16 | K82: 312.52 | L82: 30.56 | M82: 37.98 | N82: 19.9 | O82: 0 | P82: 0.61 | Q82: 9.1
A83: 24-04-2024 18:45 | B83: 3.02 | C83: 29.39 | D83: 17.69 | E83: 0.92 | F83: 3.92 | G83: 42.06 | H83: Data F | I83: 5.47 | J83: 0.17 | K83: 329.56 | L83: 29.69 | M83: 42.49 | N83: 19.1 | O83: 0 | P83: 0.7 | Q83: 9.1
A84: 24-04-2024 19:00 | B84: 5.2 | C84: 33.19 | D84: 21.43 | E84: 1.06 | F84: 3.61 | G84: 42.56 | H84: Data F | I84: 5.48 | J84: 0.11 | K84: 104.66 | L84: 29.41 | M84: 40.95 | N84: 19.1 | O84: 0 | P84: 0.89 | Q84: 9.13
... A88: 24-04-2024 20:00 | B88: 19.49 | C88: 34.2 | D88: 33.42 | E88: 0.02 | F88: 3.69 | G88: 51.58 | H88: Data F | I88: 7.74 | J88: 0.35 | K88: 355.06 | L88: 28.53 | M88: 54.5 | N88: 19.1 | O88: 0 | P88: 1.21 | Q88: 9.12
A89: 24-04-2024 20:15 | B89: 24.04 | C89: 34.02 | D89: 36.97 | E89: 0.43 | F89: 3.48 | G89: 80.93 | H89: 63.87 | I89: 8.07 | J89: 0.11 | K89: 357.18 | L89: 27.86 | M89: 54.35 | N89: 19.2 | O89: 0 | P89: 1.48 | Q89: 9.2
A90: 24-04-2024 20:30 | B90: 28.82 | C90: 34.01 | D90: 40.8 | E90: 0.75 | F90: 3.69 | G90: 80.93 | H90: 63.87 | I90: 9.75 | J90: 0.26 | K90: 349.22 | L90: 27.6 | M90: 54.74 | N90: 18.9 | O90: 0 | P90: 1.45 | Q90: 9.2
A91: 24-04-2024 20:45 | B91: 32.57 | C91: 34.08 | D91: 43.84 | E91: 0.78 | F91: 3.85 | G91: 80.93 | H91: 63.87 | I91: 11.26 | J91: 0.55 | K91: 357.39 | L91: 27.84 | M91: 49.68 | N91: 17.6 | O91: 0 | P91: 1.43 | Q91: 9.13
A92: 24-04-2024 21:00 | B92: 34.25 | C92: 34.28 | D92: 45.3 | E92: 0.87 | F92: 3.34 | G92: 81.8 | H92: 65.95 | I92: 10.64 | J92: 0.34 | K92: 0.08 | L92: 28.37 | M92: 42.98 | N92: 18.5 | O92: 0 | P92: 1.45 | Q92: 9.22
A93: 24-04-2024 21:15 | B93: 35.94 | C93: 34.28 | D93: 46.65 | E93: 1.01 | F93: 3.44 | G93: 93.97 | H93: 95.08 | I93: 9.55 | J93: 0.23 | K93: 39.03 | L93: 28.1 | M93: 40.81 | N93: 19.2 | O93: 0 | P93: 1.49 | Q93: 9.32
A94: 24-04-2024 21:30 | B94: 38.15 | C94: 34.07 | D94: 48.31 | E94: 1 | F94: 3.42 | G94: 93.97 | H94: 95.08 | I94: 9.43 | J94: 0.42 | K94: 357.22 | L94: 27.81 | M94: 42.8 | N94: 19.1 | O94: 0 | P94: 1.51 | Q94: 9.37
A95: 24-04-2024 21:45 | B95: 40.15 | C95: 33.9 | D95: 49.83 | E95: 1.36 | F95: 3.42 | G95: 93.97 | H95: 95.08 | I95: 9.26 | J95: 0.34 | K95: 342.98 | L95: 27.25 | M95: 46.03 | N95: 19.6 | O95: 0 | P95: 1.56 | Q95: 9.26
A96: 24-04-2024 22:00 | B96: 42.41 | C96: 33.45 | D96: 51.41 | E96: 1.08 | F96: 3.49 | G96: 95.25 | H96: 93.3 | I96: 9.59 | J96: 0.06 | K96: 342.57 | L96: 26.5 | M96: 49.86 | N96: 19.6 | O96: 0 | P96: 1.6 | Q96: 9.33
A97: 24-04-2024 22:15 | B97: 43.02 | C97: 33.13 | D97: 51.73 | E97: 1.2 | F97: 3.43 | G97: 113.26 | H97: 68.45 | I97: 9.69 | J97: 0.22 | K97: 210.43 | L97: 26.61 | M97: 46.89 | N97: 19.1 | O97: 0 | P97: 1.63 | Q97: 9.27
A98: 24-04-2024 22:30 | B98: 43.63 | C98: 32.99 | D98: 52.14 | E98: 1.45 | F98: 3.25 | G98: 113.26 | H98: 68.45 | I98: 9.82 | J98: 0.15 | K98: 254.78 | L98: 26.76 | M98: 48.16 | N98: 19.2 | O98: 0 | P98: 1.62 | Q98: 9.27
A99: 24-04-2024 22:45 | B99: 46.3 | C99: 32.62 | D99: 54.09 | E99: 1.15 | F99: 3.41 | G99: 113.26 | H99: 68.45 | I99: 9.34 | J99: 0.14 | K99: 336.48 | L99: 26.17 | M99: 55.52 | N99: 19.9 | O99: 0 | P99: 1.66 | Q99: 9.33
A100: 24-04-2024 23:00 | B100: 50.28 | C100: 32.42 | D100: 57.18 | E100: 1.28 | F100: 3.36 | G100: 114.27 | H100: 67.42 | I100: 9.3 | J100: 0.13 | K100: 309.05 | L100: 25.79 | M100: 57.95 | N100: 19.7 | O100: 0 | P100: 1.72 | Q100: 9.31
... A104: 24-04-2024 24:00 | B104: 59.9 | C104: 34.1 | D104: 65.77 | E104: 1.65 | F104: 2.89 | G104: 129.39 | H104: 52.94 | I104: 9.39 | J104: 0.2 | K104: 252.09 | L104: 25.31 | M104: 60.06 | N104: 19.3 | O104: 0 | P104: 1.73 | Q104: 9.33
A106: Min | B106: =MIN(B9:B104) -> 1.25 | C106: =MIN(C9:C104) -> 21.83 | D106: =MIN(D9:D104) -> 13.59 | E106: =MIN(E9:E104) -> 0.02 | F106: =MIN(F9:F104) -> 2.89 | G106: =MIN(G9:G104) -> 7.29 | H106: =MIN(H9:H104) -> 3.84 | I106: =MIN(I9:I104) -> 3.68 | ... Q106: =MIN(Q9:Q104) -> 9.09
A107: Max | B107: =MAX(B9:B104) -> 59.9 | C107: =MAX(C9:C104) -> 36.75 | D107: =MAX(D9:D104) -> 65.77 | E107: =MAX(E9:E104) -> 2.62 | F107: =MAX(F9:F104) -> 6.47 | G107: =MAX(G9:G104) -> 129.39 | H107: =MAX(H9:H104) -> 95.08 | I107: =MAX(I9:I104) -> 11.26 | ... Q107: =MAX(Q9:Q104) -> 9.43
A108: Avg | B108: =AVERAGE(B9:B104) -> 10.409896 | C108: =AVERAGE(C9:C104) -> 28.170521 | D108: =AVERAGE(D9:D104) -> 22.985938 | E108: =AVERAGE(E9:E104) -> 1.4705208 | F108: =AVERAGE(F9:F104) -> 4.280625 | G108: =AVERAGE(G9:G104) -> 49.083182 | H108: =AVERAGE(H9:H104) -> 28.537083 | I108: =AVERAGE(I9:I104) -> 6.2478125 | ... Q108: =AVERAGE(Q9:Q104) -> 9.1546875
A109: Stdev | B109: =STDEV(B9:B104) -> 15.529045 | C109: =STDEV(C9:C104) -> 4.5288185 | D109: =STDEV(D9:D104) -> 13.76846 | E109: =STDEV(E9:E104) -> 0.53348974 | F109: =STDEV(F9:F104) -> 0.9090884 | G109: =STDEV(G9:G104) -> 30.614265 | H109: =STDEV(H9:H104) -> 29.556072 | I109: =STDEV(I9:I104) -> 1.8940879 | ... Q109: =STDEV(Q9:Q104) -> 0.072488883
A110: Num | B110: =COUNT(B9:B104) -> 96 | C110: =COUNT(C9:C104) -> 96 | D110: =COUNT(D9:D104) -> 96 | E110: =COUNT(E9:E104) -> 96 | F110: =COUNT(F9:F104) -> 96 | G110: =COUNT(G9:G104)+8 -> 96 | H110: =COUNT(H9:H104)+24 -> 96 | I110: =COUNT(I9:I104) -> 96 | J110: =COUNT(J9:J104) -> 96 | K110: =COUNT(K9:K104) -> 96 | L110: =COUNT(L9:L104) -> 96 | M110: =COUNT(M9:M104) -> 96 | N110: =COUNT(N9:N104) -> 96 | O110: =COUNT(O9:O104) -> 96 | P110: =COUNT(P9:P104) -> 96 | Q110: =COUNT(Q9:Q104) -> 96
A111: DCR | B111: =IF(B110>=87,">90%",IF(B110<=87,"<90%")) -> >90% | C111: =IF(C110>=87,">90%",IF(C110<=87,"<90%")) -> >90% | D111: =IF(D110>=87,">90%",IF(D110<=87,"<90%")) -> >90% | E111: =IF(E110>=87,">90%",IF(E110<=87,"<90%")) -> >90% | F111: =IF(F110>=87,">90%",IF(F110<=87,"<90%")) -> >90% | G111: =IF(G110>=87,">90%",IF(G110<=87,"<90%")) -> >90% | H111: =IF(H110>=87,">90%",IF(H110<=87,"<90%")) -> >90% | I111: =IF(I110>=87,">90%",IF(I110<=87,"<90%")) -> >90% | ... Q111: =IF(Q110>=87,">90%",IF(Q110<=87,"<90%")) -> >90%
A112: Status | B112: =IF(B110>=87,"OK",IF(B110<=87,"LESS")) -> OK | C112: =IF(C110>=87,"OK",IF(C110<=87,"LESS")) -> OK | D112: =IF(D110>=87,"OK",IF(D110<=87,"LESS")) -> OK | E112: =IF(E110>=87,"OK",IF(E110<=87,"LESS")) -> OK | F112: =IF(F110>=87,"OK",IF(F110<=87,"LESS")) -> OK | G112: =IF(G110>=87,"OK",IF(G110<=87,"LESS")) -> OK | H112: =IF(H110>=87,"OK",IF(H110<=87,"LESS")) -> OK | I112: =IF(I110>=87,"OK",IF(I110<=87,"LESS")) -> OK | ... Q112: =IF(Q110>=87,"OK",IF(Q110<=87,"LESS")) -> OK
A115: Done by | B115: RK
A117: Comment

Sheet 25
A1: Station: | B1: BHATAGAON RAIPUR
A2: Date: | B2: =$A$9 -> 25-04-2024 00:15 | D2: Power Off | G2: Pw.Off | L2: Link Fail | N2: Link F | P2: Maintenance | R2: Maint.
A3: Report Type: | B3: Mean | D3: Calibration | G3: Calib. | L3: Data Fail | N3: Data F | P3: Invalid | R3: Invalid
A4: Time Base: | B4: 15 Min | D4: Zero Referrence | G4: Z.Ref | L4: Warm Up | N4: Wm. Up
A7: Date & Time | B7: NO_BHATAGAON | C7: NO2__BHATAGAON | D7: NOX_BHATAGAON | E7: SO2__BHATAGAON | F7: O3__BHATAGAON | G7: PM10__BHATAGAON | H7: PM2_5__BHATAGAON | I7: BENZ__BHATAGAON | J7: WS__BHATAGAON | K7: WD__BHATAGAON | L7: TEMP__BHATAGAON | M7: HUM__BHATAGAON | N7: SR__BHATAGAON | O7: RG__BHATAGAON | P7: CO__BHATAGAON | Q7: NH3__BHATAGAON
B8: ug/m3 | C8: ug/m3 | D8: ppb | E8: ug/m3 | F8: ug/m3 | G8: ug/m3 | H8: ug/m3 | I8: ug/m3 | J8: m/sec | K8: deg | L8: degreC | M8: % | N8: w/m2 | O8: mm | P8: mg/m3 | Q8: ug/m3
A9: 25-04-2024 00:15 | B9: 61.11 | C9: 33.69 | D9: 66.53 | E9: 1.69 | F9: 3.2 | G9: 144.23 | H9: 51.32 | I9: 9.4 | J9: 0.2 | K9: 305.2 | L9: 24.98 | M9: 62.58 | N9: 19.9 | O9: 0 | P9: 1.7 | Q9: 9.44
A10: 25-04-2024 00:30 | B10: 62.07 | C10: 32.81 | D10: 66.83 | E10: 1.81 | F10: 3.46 | G10: 144.23 | H10: 51.32 | I10: 9.33 | J10: 0.13 | K10: 257.81 | L10: 24.62 | M10: 63.81 | N10: 19.8 | O10: 0 | P10: 1.72 | Q10: 9.45
A11: 25-04-2024 00:45 | B11: 62.34 | C11: 31.89 | D11: 66.57 | E11: 1.51 | F11: 3.05 | G11: 144.23 | H11: 51.32 | I11: 8.96 | J11: 0.12 | K11: 242.53 | L11: 24.59 | M11: 59.26 | N11: 19.8 | O11: 0 | P11: 1.64 | Q11: 9.2
A12: 25-04-2024 01:00 | B12: 61.9 | C12: 30.65 | D12: 65.57 | E12: 1.74 | F12: 3.38 | G12: 143.48 | H12: 50.25 | I12: 9.16 | J12: 0.17 | K12: 248.05 | L12: 24.78 | M12: 59.49 | N12: 19.5 | O12: 0 | P12: 1.6 | Q12: 9.51
A13: 25-04-2024 01:15 | B13: 61.02 | C13: 30.13 | D13: 64.59 | E13: 1.55 | F13: 3.95 | G13: 132.93 | H13: 35.25 | I13: 8.41 | J13: 0.18 | K13: 244.85 | L13: 24.48 | M13: 59.53 | N13: 19.8 | O13: 0 | P13: 1.41 | Q13: 9.48
A14: 25-04-2024 01:30 | B14: 59.91 | C14: 29.82 | D14: 63.54 | E14: 1.83 | F14: 3.71 | G14: 132.93 | H14: 35.25 | I14: 8.99 | J14: 0.16 | K14: 335.85 | L14: 24.61 | M14: 61.59 | N14: 20 | O14: 0 | P14: 1.49 | Q14: 9.2
A15: 25-04-2024 01:45 | B15: 58.63 | C15: 27.86 | D15: 61.5 | E15: 1.36 | F15: 3.67 | G15: 132.93 | H15: 35.25 | I15: 9.73 | J15: 0.27 | K15: 338.69 | L15: 23.95 | M15: 68.54 | N15: 20.2 | O15: 0 | P15: 1.44 | Q15: 9.49
A16: 25-04-2024 02:00 | B16: 57.49 | C16: 26.59 | D16: 59.92 | E16: 1.13 | F16: 3.4 | G16: 131.42 | H16: 34.26 | I16: 11.04 | J16: 0.11 | K16: 274.71 | L16: 23.62 | M16: 66.71 | N16: 20.1 | O16: 0 | P16: 1.39 | Q16: 9.42
A17: 25-04-2024 02:15 | B17: 56.23 | C17: 26.06 | D17: 58.63 | E17: 1.47 | F17: 3.54 | G17: 105.72 | H17: 17.39 | I17: 11.17 | J17: 0.2 | K17: 338.74 | L17: 23.51 | M17: 70.74 | N17: 20.3 | O17: 0 | P17: 1.34 | Q17: 9.48
A18: 25-04-2024 02:30 | B18: 55.47 | C18: 25.75 | D18: 57.85 | E18: 1.57 | F18: 3.54 | G18: 105.72 | H18: 17.39 | I18: 10.88 | J18: 0.11 | K18: 289.81 | L18: 23.26 | M18: 68.81 | N18: 20.1 | O18: 0 | P18: 1.29 | Q18: 9.48
A19: 25-04-2024 02:45 | B19: 54.17 | C19: 25.33 | D19: 56.6 | E19: 1.73 | F19: 3.75 | G19: 105.72 | H19: 17.39 | I19: 10.47 | J19: 0.19 | K19: 267.6 | L19: 23.42 | M19: 67.99 | N19: 20 | O19: 0 | P19: 1.25 | Q19: 9.35
A20: 25-04-2024 03:00 | B20: 52.44 | C20: 25.02 | D20: 55.04 | E20: 1.49 | F20: 3.42 | G20: 104.57 | H20: 17.58 | I20: 10.37 | J20: 0.2 | K20: 321.59 | L20: 23.28 | M20: 73 | N20: 20.2 | O20: 0 | P20: 1.2 | Q20: 9.24
... A49: 25-04-2024 10:15 | B49: 2.81 | C49: 27.53 | D49: 16.55 | E49: 2.3 | F49: 36.83 | G49: 8.05 | H49: 0.27 | I49: 9.11 | J49: 0.11 | K49: 150.19 | L49: 34.32 | M49: 37.78 | N49: 842.7 | O49: 0 | P49: 0.36 | Q49: 9.13
A50: 25-04-2024 10:30 | B50: 1.26 | C50: 24.03 | D50: 13.49 | E50: 1.76 | F50: 23.2 | G50: Data F | H50: Data F | I50: 7.13 | J50: 0.54 | K50: 330.41 | L50: 37.09 | M50: 31.7 | N50: 883.1 | O50: 0 | P50: 0.33 | Q50: 9.1
A51: 25-04-2024 10:45 | B51: 1.19 | C51: 25.93 | D51: 14.42 | E51: 1.21 | F51: 9.13 | G51: Data F | H51: Data F | I51: 3.85 | J51: 0.53 | K51: 320.97 | L51: 37.78 | M51: 28.47 | N51: 897.7 | O51: 0 | P51: 0.35 | Q51: 9.14
A52: 25-04-2024 11:00 | B52: 1.4 | C52: 28.88 | D52: 16.13 | E52: 1.21 | F52: 7.25 | G52: Data F | H52: Data F | I52: 2.94 | J52: 0.98 | K52: 325.84 | L52: 39.45 | M52: 25.35 | N52: 920.6 | O52: 0 | P52: 0.39 | Q52: 9.11
A53: 25-04-2024 11:15 | B53: 1.74 | C53: 34.88 | D53: 19.54 | E53: 1.23 | F53: 5.17 | G53: 29.04 | H53: 40.27 | I53: 3.73 | J53: 0.47 | K53: 321.99 | L53: 40.13 | M53: 24.16 | N53: 901.9 | O53: 0 | P53: 0.43 | Q53: 9.09
A54: 25-04-2024 11:30 | B54: 1.83 | C54: 30.23 | D54: 17.18 | E54: 1.2 | F54: 4.44 | G54: 84.3 | H54: 116.91 | I54: 3.93 | J54: 0.2 | K54: 108.8 | L54: 37.9 | M54: 26.45 | N54: 885.8 | O54: 0 | P54: 0.48 | Q54: 9.1
A55: 25-04-2024 11:45 | B55: 1.76 | C55: 26.72 | D55: 15.29 | E55: 1.08 | F55: 4.86 | G55: 84.3 | H55: 116.91 | I55: 4.02 | J55: 0.92 | K55: 346.3 | L55: 38.57 | M55: 25.48 | N55: 755.3 | O55: 0 | P55: 0.51 | Q55: 9.11
A56: 25-04-2024 12:00 | B56: 1.68 | C56: 25.8 | D56: 14.74 | E56: 1.48 | F56: 9.72 | G56: 84.3 | H56: 116.91 | I56: 4.51 | J56: 1.08 | K56: 327.14 | L56: 39.33 | M56: 23.85 | N56: 962.1 | O56: 0 | P56: 0.51 | Q56: 9.1
A57: 25-04-2024 12:15 | B57: 1.31 | C57: 27.73 | D57: 15.46 | E57: 1.57 | F57: 13.38 | G57: 77.45 | H57: 80.36 | I57: 4.83 | J57: 0.96 | K57: 341.36 | L57: 40.33 | M57: 20.78 | N57: 959.8 | O57: 0 | P57: 0.47 | Q57: 9.08
A58: 25-04-2024 12:30 | B58: 1.12 | C58: 31.02 | D58: 17.02 | E58: 1.85 | F58: 11.7 | G58: 64.41 | H58: 10.79 | I58: 4.78 | J58: 1.19 | K58: 338.52 | L58: 40.21 | M58: 21.93 | N58: 906.5 | O58: 0 | P58: 0.45 | Q58: 9.09
A59: 25-04-2024 12:45 | B59: 1.23 | C59: 31.51 | D59: 17.37 | E59: 1.79 | F59: 9.56 | G59: 64.41 | H59: 10.79 | I59: 4.43 | J59: 1.05 | K59: 349.85 | L59: 39.58 | M59: 21.7 | N59: 715.9 | O59: 0 | P59: 0.45 | Q59: 9.09
A60: 25-04-2024 13:00 | B60: 1.44 | C60: 31.21 | D60: 17.38 | E60: 1.49 | F60: 6.79 | G60: 64.41 | H60: 10.79 | I60: 4.21 | J60: 0.99 | K60: 335.79 | L60: 40.44 | M60: 18.98 | N60: 801.3 | O60: 0 | P60: 0.45 | Q60: 9.1
A61: 25-04-2024 13:15 | B61: 1.52 | C61: 33.36 | D61: 18.57 | E61: 1.71 | F61: 12.52 | G61: 63.46 | H61: 16.03 | I61: 4.3 | J61: 0.2 | K61: 306.33 | L61: 38.38 | M61: 18.72 | N61: 326.1 | O61: 0 | P61: 0.44 | Q61: 9.1
A62: 25-04-2024 13:30 | B62: 1.07 | C62: 33.63 | D62: 18.35 | E62: 2.08 | F62: 21.59 | G62: 61.65 | H62: 26 | I62: 4.33 | J62: 1.33 | K62: 339.56 | L62: 37.47 | M62: 22.75 | N62: 361.4 | O62: 0 | P62: 0.44 | Q62: 9.1
A63: 25-04-2024 13:45 | B63: 0.92 | C63: 36.96 | D63: 19.97 | E63: 4.53 | F63: 23.79 | G63: 61.65 | H63: 26 | I63: 3.96 | J63: 0.91 | K63: 337.62 | L63: 37.49 | M63: 23.48 | N63: 424.7 | O63: 0 | P63: 0.44 | Q63: 9.13
