Workbook

Sheet 01
A1: Station: | B1: BHATAGAON ,RAIPUR
A2: Date: | B2: =$A$9 -> 01-01-2023 01:00 | D2: Power Off | G2: Pw.Off | L2: Link Fail | N2: Link F | P2: Maintenance | R2: Maint.
A3: Report Type: | B3: Mean | D3: Calibration | G3: Calib. | L3: Data Fail | N3: Data F | P3: Invalid | R3: Invalid
A4: Time Base: | B4: 01 Hour | D4: Zero Referrence | G4: Z.Ref | L4: Warm Up | N4: Wm. Up
A7: Date & Time | B7: NO_BHATAGAON | C7: NO2_BHATAGAON | D7: NOX_BHATAGAON | E7: SO2_BHATAGAON | F7: O3_BHATAGAON | G7: PM10_BHATAGAON | H7: PM2_5_BHATAGAON | I7: BENZ_BHATAGAON | J7: WS_BHATAGAON | K7: WD_BHATAGAON | L7: TEMP_BHATAGAON | M7: HUM BHATAGAON | N7: SR_BHATAGAON | O7: RG_BHATAGAON | P7: CO_BHATAGAON | Q7: NH3_BHATAGAON
B8: ug/m3 | C8: ug/m3 | D8: ppb | E8: ug/m3 | F8: ug/m3 | G8: mg/m3 | H8: ug/m3 | I8: ug/m3 | J8: m/sec | K8: deg | L8: degreC | M8: % | N8: w/m2 | O8: mm | P8: ug/m3 | Q8: ug/m3
A9: 01-01-2023 01:00 | B9: 26.9 | C9: 96.95 | D9: 75.08 | E9: 4.85 | F9: 2.54 | G9: 57.12 | H9: 29.84 | I9: 0.45 | J9: 1.01 | K9: 17.02 | L9: 20.76 | M9: 45 | N9: 24.2 | O9: 0 | P9: 1.48 | Q9: 34.62
A10: 01-01-2023 02:00 | B10: 16.55 | C10: 84 | D10: 59.4 | E10: 4.22 | F10: 1.43 | G10: 50.07 | H10: 27.63 | I10: 0.38 | J10: 0.93 | K10: 19.92 | L10: 20.01 | M10: 48 | N10: 24.2 | O10: 0 | P10: 1.15 | Q10: 33.07
A11: 01-01-2023 03:00 | B11: 10.96 | C11: 83.46 | D11: 54.85 | E11: 4.01 | F11: 0.42 | G11: 38.25 | H11: 24.16 | I11: 0.33 | J11: 0.45 | K11: 62.82 | L11: 19.09 | M11: 50 | N11: 24.3 | O11: 0 | P11: 1 | Q11: 32.85
A12: 01-01-2023 04:00 | B12: 7.21 | C12: 78.83 | D12: 49.29 | E12: 3.8 | F12: 0.54 | G12: 35.09 | H12: 19.24 | I12: 0.28 | J12: 0.38 | K12: 73.08 | L12: 18.25 | M12: 55 | N12: 24.2 | O12: 0 | P12: 0.85 | Q12: 32.32
A13: 01-01-2023 05:00 | B13: 5.9 | C13: 73.51 | D13: 45.3 | E13: 4.11 | F13: 0.54 | G13: 34.37 | H13: 17.23 | I13: 0.26 | J13: 0.82 | K13: 54.11 | L13: 17.57 | M13: 56 | N13: 24.1 | O13: 0 | P13: 0.77 | Q13: 31.65
A14: 01-01-2023 06:00 | B14: 5.23 | C14: 71.47 | D14: 43.21 | E14: 4.06 | F14: 1.17 | G14: 40.04 | H14: 19.53 | I14: 0.26 | J14: 0.92 | K14: 24.9 | L14: 17.49 | M14: 55 | N14: 24.3 | O14: 0 | P14: 0.7 | Q14: 32.16
A15: 01-01-2023 07:00 | B15: 6.42 | C15: 74.85 | D15: 46.46 | E15: 4.4 | F15: 0.61 | G15: 36.78 | H15: 19.38 | I15: 0.25 | J15: 0.91 | K15: 23.29 | L15: 17.18 | M15: 57 | N15: 33.8 | O15: 0 | P15: 0.69 | Q15: 31.57
A16: 01-01-2023 08:00 | B16: 7.9 | C16: 76.23 | D16: 48.3 | E16: 4.31 | F16: 0.69 | G16: 50.83 | H16: 21.47 | I16: 0.24 | J16: 1.27 | K16: 20.82 | L16: 19.31 | M16: 56 | N16: 151.9 | O16: 0 | P16: 0.75 | Q16: 29.7
A17: 01-01-2023 09:00 | B17: 8.64 | C17: 80.7 | D17: 51.46 | E17: 6.18 | F17: 0.6 | G17: 49.94 | H17: 24.72 | I17: 0.24 | J17: 1.41 | K17: 29.38 | L17: 23.35 | M17: 44 | N17: 255.7 | O17: 0 | P17: 0.82 | Q17: 29.33
A18: 01-01-2023 10:00 | B18: 13.1 | C18: 90.36 | D18: 60.37 | E18: 5.55 | F18: 0.78 | G18: 60.47 | H18: 26.2 | I18: 0.25 | J18: 0.97 | K18: 111.44 | L18: 26.02 | M18: 41 | N18: 309.7 | O18: 0 | P18: 0.88 | Q18: 30.37
A19: 01-01-2023 11:00 | B19: 13.2 | C19: 90.94 | D19: 60.72 | E19: 5.35 | F19: 1.84 | G19: 59.09 | H19: 25.98 | I19: 0.23 | J19: 1.56 | K19: 112.37 | L19: 25.65 | M19: 41 | N19: 340.2 | O19: 0 | P19: 0.87 | Q19: 30.48
A20: 01-01-2023 12:00 | B20: 12.99 | C20: 87.72 | D20: 58.83 | E20: 6.04 | F20: 3.52 | G20: 60.2 | H20: 27.97 | I20: 0.23 | J20: 1.37 | K20: 117.12 | L20: 26.55 | M20: 37 | N20: 349.5 | O20: 0 | P20: 0.84 | Q20: 29.91
... A32: 01-01-2023 24:00 | B32: 20.49 | C32: 109.29 | D32: 76.74 | E32: 6.08 | F32: 0.23 | G32: 86 | H32: 43.01 | I32: 0.51 | J32: 0.35 | K32: 34.19 | L32: 20.59 | M32: 51 | N32: 24.3 | O32: 0 | P32: 2.09 | Q32: 36.81
A34: Min | B34: =MIN(B9:B32) -> 3.51 | C34: =MIN(C9:C32) -> 71.47 | D34: =MIN(D9:D32) -> 43.21 | E34: =MIN(E9:E32) -> 3.8 | F34: =MIN(F9:F32) -> 0.23 | G34: =MIN(G9:G32) -> 34.37 | H34: =MIN(H9:H32) -> 17.23 | I34: =MIN(I9:I32) -> 0.19 | ... Q34: =MIN(Q9:Q32) -> 29.33
A35: Max | B35: =MAX(B9:B32) -> 26.9 | C35: =MAX(C9:C32) -> 118.35 | D35: =MAX(D9:D32) -> 82 | E35: =MAX(E9:E32) -> 9.14 | F35: =MAX(F9:F32) -> 6.74 | G35: =MAX(G9:G32) -> 99.85 | H35: =MAX(H9:H32) -> 44.53 | I35: =MAX(I9:I32) -> 0.51 | ... Q35: =MAX(Q9:Q32) -> 36.84
A36: Avg | B36: =AVERAGE(B9:B32) -> 11.988333 | C36: =AVERAGE(C9:C32) -> 90.7175 | D36: =AVERAGE(D9:D32) -> 59.514583 | E36: =AVERAGE(E9:E32) -> 5.7554167 | F36: =AVERAGE(F9:F32) -> 1.87125 | G36: =AVERAGE(G9:G32) -> 58.849167 | H36: =AVERAGE(H9:H32) -> 29.020833 | I36: =AVERAGE(I9:I32) -> 0.3 | ... Q36: =AVERAGE(Q9:Q32) -> 33.111667
A37: Stdev | B37: =STDEV(B9:B32) -> 6.6692517 | C37: =STDEV(C9:C32) -> 14.128175 | D37: =STDEV(D9:D32) -> 12.407132 | E37: =STDEV(E9:E32) -> 1.5369478 | F37: =STDEV(F9:F32) -> 1.8303797 | G37: =STDEV(G9:G32) -> 19.938149 | H37: =STDEV(H9:H32) -> 8.1581679 | I37: =STDEV(I9:I32) -> 0.1 | ... Q37: =STDEV(Q9:Q32) -> 2.4015098
A38: Num | B38: =COUNT(B9:B32) -> 24 | C38: =COUNT(C9:C32) -> 24 | D38: =COUNT(D9:D32) -> 24 | E38: =COUNT(E9:E32) -> 24 | F38: =COUNT(F9:F32) -> 24 | G38: =COUNT(G9:G32) -> 24 | H38: 24 | I38: =COUNT(I9:I32) -> 24 | J38: =COUNT(J9:J32) -> 24 | K38: =COUNT(K9:K32) -> 24 | L38: =COUNT(L9:L32) -> 24 | M38: =COUNT(M9:M32) -> 24 | N38: =COUNT(N9:N32) -> 24 | O38: =COUNT(O9:O32) -> 24 | P38: =COUNT(P9:P32) -> 24 | Q38: =COUNT(Q9:Q32) -> 24
A39: DCR | B39: =IF(B38>=22,">90%",IF(B38<=22,"<90%")) -> >90% | C39: =IF(C38>=22,">90%",IF(C38<=22,"<90%")) -> >90% | D39: =IF(D38>=22,">90%",IF(D38<=22,"<90%")) -> >90% | E39: =IF(E38>=22,">90%",IF(E38<=22,"<90%")) -> >90% | F39: =IF(F38>=22,">90%",IF(F38<=22,"<90%")) -> >90% | G39: =IF(G38>=22,">90%",IF(G38<=22,"<90%")) -> >90% | H39: =IF(H38>=22,">90%",IF(H38<=22,"<90%")) -> >90% | I39: =IF(I38>=22,">90%",IF(I38<=22,"<90%")) -> >90% | ... Q39: =IF(Q38>=22,">90%",IF(Q38<=22,"<90%")) -> >90%
A40: Status | B40: =IF(B38>=22,"OK",IF(B38<=22,"LESS")) -> OK | C40: =IF(C38>=22,"OK",IF(C38<=22,"LESS")) -> OK | D40: =IF(D38>=22,"OK",IF(D38<=22,"LESS")) -> OK | E40: =IF(E38>=22,"OK",IF(E38<=22,"LESS")) -> OK | F40: =IF(F38>=22,"OK",IF(F38<=22,"LESS")) -> OK | G40: =IF(G38>=22,"OK",IF(G38<=22,"LESS")) -> OK | H40: =IF(H38>=22,"OK",IF(H38<=22,"LESS")) -> OK | I40: =IF(I38>=22,"OK",IF(I38<=22,"LESS")) -> OK | ... Q40: =IF(Q38>=22,"OK",IF(Q38<=22,"LESS")) -> OK
A43: Done by | B43: RAHUL
A45: Comment

Sheet 02
A1: Station: | B1: BHATAGAON RAIPUR
A2: Date: | B2: =$A$9 -> 02-01-2023 01:00 | D2: Power Off | G2: Pw.Off | L2: Link Fail | N2: Link F | P2: Maintenance | R2: Maint.
A3: Report Type: | B3: Mean | D3: Calibration | G3: Calib. | L3: Data Fail | N3: Data F | P3: Invalid | R3: Invalid
A4: Time Base: | B4: 01 Hour | D4: Zero Referrence | G4: Z.Ref | L4: Warm Up | N4: Wm. Up
A7: Date & Time | B7: NO_BHATAGAON | C7: NO2_BHATAGAON | D7: NOX_BHATAGAON | E7: SO2_BHATAGAON | F7: O3_BHATAGAON | G7: PM10_BHATAGAON | H7: PM2_5_BHATAGAON | I7: BENZ_BHATAGAON | J7: WS_BHATAGAON | K7: WD_BHATAGAON | L7: TEMP_BHATAGAON | M7: HUM BHATAGAON | N7: SR_BHATAGAON | O7: RG_BHATAGAON | P7: CO_BHATAGAON | Q7: NH3_BHATAGAON
B8: ug/m3 | C8: ug/m3 | D8: ppb | E8: ug/m3 | F8: ug/m3 | G8: mg/m3 | H8: ug/m3 | I8: ug/m3 | J8: m/sec | K8: deg | L8: degreC | M8: % | N8: w/m2 | O8: mm | P8: ug/m3 | Q8: ug/m3
A9: 02-01-2023 01:00 | B9: 13.73 | C9: 100.62 | D9: 66.54 | E9: 4.95 | F9: 1.7 | G9: 83.21 | H9: 41.96 | I9: 0.46 | J9: 0.86 | K9: 19.13 | L9: 19.62 | M9: 52 | N9: 24.1 | O9: 0 | P9: 1.79 | Q9: 35.54
A10: 02-01-2023 02:00 | B10: 7.39 | C10: 89.93 | D10: 55.55 | E10: 6.62 | F10: 0.96 | G10: 77.05 | H10: 41.27 | I10: 0.37 | J10: 0.55 | K10: 37.77 | L10: 19.41 | M10: 53 | N10: 24.3 | O10: 0 | P10: 1.44 | Q10: 32.11
A11: 02-01-2023 03:00 | B11: 4.72 | C11: 81.27 | D11: 48.63 | E11: 5.12 | F11: 0.73 | G11: 63.02 | H11: 37.36 | I11: 0.35 | J11: 0.91 | K11: 52.95 | L11: 18.52 | M11: 57 | N11: 24.4 | O11: 0 | P11: 1.29 | Q11: 32.43
A12: 02-01-2023 04:00 | B12: 3.24 | C12: 76.77 | D12: 44.97 | E12: 5.2 | F12: 1.46 | G12: 58.68 | H12: 31.68 | I12: 0.33 | J12: 0.87 | K12: 41.91 | L12: 18.07 | M12: 59 | N12: 24.5 | O12: 0 | P12: 1.13 | Q12: 31.89
A13: 02-01-2023 05:00 | B13: 2.22 | C13: 70.73 | D13: 40.41 | E13: 3.84 | F13: 2.06 | G13: 56.28 | H13: 31.03 | I13: 0.27 | J13: 0.39 | K13: 58.13 | L13: 17.09 | M13: 63 | N13: 24.2 | O13: 0 | P13: 0.98 | Q13: 29.89
A14: 02-01-2023 06:00 | B14: 3.16 | C14: 68.69 | D14: 40.37 | E14: 3.83 | F14: 0.43 | G14: 51.96 | H14: 30.34 | I14: 0.25 | J14: 0.36 | K14: 70.24 | L14: 16.48 | M14: 64 | N14: 24.1 | O14: 0 | P14: 0.92 | Q14: 28.75
A15: 02-01-2023 07:00 | B15: 5.57 | C15: 74.26 | D15: 45.45 | E15: 3.63 | F15: 0.21 | G15: 51.19 | H15: 28.35 | I15: 0.25 | J15: 0.73 | K15: 69.09 | L15: 16.12 | M15: 67 | N15: 32.7 | O15: 0 | P15: 0.92 | Q15: 30.07
A16: 02-01-2023 08:00 | B16: 9.33 | C16: 83.16 | D16: 53.38 | E16: 3.79 | F16: 0.24 | G16: 57.88 | H16: 30.09 | I16: 0.24 | J16: 0.91 | K16: 57.1 | L16: 17.87 | M16: 65 | N16: 128.4 | O16: 0 | P16: 0.96 | Q16: 29.88
A17: 02-01-2023 09:00 | B17: 11.97 | C17: 89.91 | D17: 59.22 | E17: 5.2 | F17: 0.94 | G17: 61.29 | H17: 35.58 | I17: 0.24 | J17: 0.86 | K17: 47.12 | L17: 21.51 | M17: 56 | N17: 228.9 | O17: 0 | P17: 1.04 | Q17: 28.7
A18: 02-01-2023 10:00 | B18: 12.29 | C18: 90.95 | D18: 60.05 | E18: 5.22 | F18: 0.24 | G18: 64.09 | H18: 36.65 | I18: 0.26 | J18: 1.18 | K18: 118.8 | L18: 22.24 | M18: 54 | N18: 293.9 | O18: 0 | P18: 1.05 | Q18: 29.92
A19: 02-01-2023 11:00 | B19: 9.67 | C19: 89.04 | D19: 56.89 | E19: 14.32 | F19: 22.45 | G19: 217.71 | H19: 39.12 | I19: 0.26 | J19: 1.51 | K19: 118.11 | L19: 24.81 | M19: 49 | N19: 331.1 | O19: 0 | P19: 1.02 | Q19: 30.2
A20: 02-01-2023 12:00 | B20: 2.86 | C20: 70.83 | D20: 40.41 | E20: 7.71 | F20: 15.12 | G20: 173.52 | H20: 38.56 | I20: 0.19 | J20: 0.74 | K20: 90.51 | L20: 27.93 | M20: 39 | N20: 338.8 | O20: 0 | P20: 1.01 | Q20: 16.93
... A32: 02-01-2023 24:00 | B32: 6.43 | C32: 94.38 | D32: 56.66 | E32: 4.32 | F32: 1 | G32: 71.14 | H32: 48.78 | I32: 0.39 | J32: 0.37 | K32: 31.65 | L32: 20.01 | M32: 63 | N32: 24.4 | O32: 0 | P32: 1.65 | Q32: 33.55
A34: Min | B34: =MIN(B9:B32) -> 0.5 | C34: =MIN(C9:C32) -> 62.14 | D34: =MIN(D9:D32) -> 34.62 | E34: =MIN(E9:E32) -> 3.63 | F34: =MIN(F9:F32) -> 0.21 | G34: =MIN(G9:G32) -> 43.74 | H34: =MIN(H9:H32) -> 28.35 | I34: =MIN(I9:I32) -> 0.12 | ... Q34: =MIN(Q9:Q32) -> 16.68
A35: Max | B35: =MAX(B9:B32) -> 13.73 | C35: =MAX(C9:C32) -> 113.61 | D35: =MAX(D9:D32) -> 70.93 | E35: =MAX(E9:E32) -> 19.07 | F35: =MAX(F9:F32) -> 38.69 | G35: =MAX(G9:G32) -> 217.71 | H35: =MAX(H9:H32) -> 50.23 | I35: =MAX(I9:I32) -> 0.46 | ... Q35: =MAX(Q9:Q32) -> 35.54
A36: Avg | B36: =AVERAGE(B9:B32) -> 6.3666667 | C36: =AVERAGE(C9:C32) -> 86.445833 | D36: =AVERAGE(D9:D32) -> 52.615833 | E36: =AVERAGE(E9:E32) -> 6.6695833 | F36: =AVERAGE(F9:F32) -> 6.8533333 | G36: =AVERAGE(G9:G32) -> 88.050417 | H36: =AVERAGE(H9:H32) -> 38.462083 | I36: =AVERAGE(I9:I32) -> 0.27125 | ... Q36: =AVERAGE(Q9:Q32) -> 28.370833
A37: Stdev | B37: =STDEV(B9:B32) -> 3.7396741 | C37: =STDEV(C9:C32) -> 15.075708 | D37: =STDEV(D9:D32) -> 10.684282 | E37: =STDEV(E9:E32) -> 3.7288551 | F37: =STDEV(F9:F32) -> 10.192024 | G37: =STDEV(G9:G32) -> 42.786291 | H37: =STDEV(H9:H32) -> 6.6042832 | I37: =STDEV(I9:I32) -> 0.10224916 | ... Q37: =STDEV(Q9:Q32) -> 5.0973957
A38: Num | B38: =COUNT(B9:B32) -> 24 | C38: =COUNT(C9:C32) -> 24 | D38: =COUNT(D9:D32) -> 24 | E38: =COUNT(E9:E32) -> 24 | F38: 24 | G38: =COUNT(G9:G32) -> 24 | H38: =COUNT(H9:H32) -> 24 | I38: =COUNT(I9:I32) -> 24 | J38: =COUNT(J9:J32) -> 24 | K38: =COUNT(K9:K32) -> 24 | L38: =COUNT(L9:L32) -> 24 | M38: =COUNT(M9:M32) -> 24 | N38: =COUNT(N9:N32) -> 24 | ... Q38: =COUNT(Q9:Q32) -> 24
A39: DCR | B39: =IF(B38>=22,">90%",IF(B38<=22,"<90%")) -> >90% | C39: =IF(C38>=22,">90%",IF(C38<=22,"<90%")) -> >90% | D39: =IF(D38>=22,">90%",IF(D38<=22,"<90%")) -> >90% | E39: =IF(E38>=22,">90%",IF(E38<=22,"<90%")) -> >90% | F39: =IF(F38>=22,">90%",IF(F38<=22,"<90%")) -> >90% | G39: =IF(G38>=22,">90%",IF(G38<=22,"<90%")) -> >90% | H39: =IF(H38>=22,">90%",IF(H38<=22,"<90%")) -> >90% | I39: =IF(I38>=22,">90%",IF(I38<=22,"<90%")) -> >90% | ... Q39: =IF(Q38>=22,">90%",IF(Q38<=22,"<90%")) -> >90%
A40: Status | B40: =IF(B38>=22,"OK",IF(B38<=22,"LESS")) -> OK | C40: =IF(C38>=22,"OK",IF(C38<=22,"LESS")) -> OK | D40: =IF(D38>=22,"OK",IF(D38<=22,"LESS")) -> OK | E40: =IF(E38>=22,"OK",IF(E38<=22,"LESS")) -> OK | F40: =IF(F38>=22,"OK",IF(F38<=22,"LESS")) -> OK | G40: =IF(G38>=22,"OK",IF(G38<=22,"LESS")) -> OK | H40: =IF(H38>=22,"OK",IF(H38<=22,"LESS")) -> OK | I40: =IF(I38>=22,"OK",IF(I38<=22,"LESS")) -> OK | ... Q40: =IF(Q38>=22,"OK",IF(Q38<=22,"LESS")) -> OK
A43: Done by | B43: RAHUL
A45: Comment

Sheet 03
A1: Station: | B1: BHATAGAON RAIPUR
A2: Date: | B2: =$A$9 -> 03-01-2023 01:00 | D2: Power Off | G2: Pw.Off | L2: Link Fail | N2: Link F | P2: Maintenance | R2: Maint.
A3: Report Type: | B3: Mean | D3: Calibration | G3: Calib. | L3: Data Fail | N3: Data F | P3: Invalid | R3: Invalid
A4: Time Base: | B4: 01 Hour | D4: Zero Referrence | G4: Z.Ref | L4: Warm Up | N4: Wm. Up
A7: Date & Time | B7: NO_BHATAGAON | C7: NO2_BHATAGAON | D7: NOX_BHATAGAON | E7: SO2_BHATAGAON | F7: O3_BHATAGAON | G7: PM10_BHATAGAON | H7: PM2_5_BHATAGAON | I7: BENZ_BHATAGAON | J7: WS_BHATAGAON | K7: WD_BHATAGAON | L7: TEMP_BHATAGAON | M7: HUM BHATAGAON | N7: SR_BHATAGAON | O7: RG_BHATAGAON | P7: CO_BHATAGAON | Q7: NH3_BHATAGAON
B8: ug/m3 | C8: ug/m3 | D8: ppb | E8: ug/m3 | F8: ug/m3 | G8: mg/m3 | H8: ug/m3 | I8: ug/m3 | J8: m/sec | K8: deg | L8: degreC | M8: % | N8: w/m2 | O8: mm | P8: ug/m3 | Q8: ug/m3
A9: 03-01-2023 01:00 | B9: 5.69 | C9: 90.4 | D9: 54.45 | E9: 3.84 | F9: 0.93 | G9: 75.79 | H9: 44.01 | I9: 0.4 | J9: 0.58 | K9: 73.9 | L9: 19.28 | M9: 69 | N9: 24.3 | O9: 0 | P9: 1.54 | Q9: 34.86
A10: 03-01-2023 02:00 | B10: 2.44 | C10: 82.77 | D10: 47.63 | E10: 4.06 | F10: 0.96 | G10: 80.5 | H10: 44.71 | I10: 0.35 | J10: 0.54 | K10: 75.51 | L10: 18.66 | M10: 69 | N10: 24.4 | O10: 0 | P10: 1.37 | Q10: 33.85
A11: 03-01-2023 03:00 | B11: 3.25 | C11: 75.38 | D11: 43.32 | E11: 3.95 | F11: 0.56 | G11: 77.48 | H11: 44.77 | I11: 0.31 | J11: 0.48 | K11: 62.66 | L11: 18.15 | M11: 69 | N11: 24.3 | O11: 0 | P11: 1.27 | Q11: 31.45
A12: 03-01-2023 04:00 | B12: 4.61 | C12: 73.81 | D12: 44.37 | E12: 4.03 | F12: 2.86 | G12: 75.25 | H12: 44.76 | I12: 0.3 | J12: 0.99 | K12: 16.22 | L12: 17.56 | M12: 71 | N12: 24.3 | O12: 0 | P12: 1.21 | Q12: 33.41
A13: 03-01-2023 05:00 | B13: 4.34 | C13: 74.57 | D13: 44.57 | E13: 4.38 | F13: 7.48 | G13: 75.07 | H13: 45.09 | I13: 0.28 | J13: 0.76 | K13: 16.14 | L13: 17.38 | M13: 73 | N13: 24.5 | O13: 0 | P13: 1.16 | Q13: 32.86
A14: 03-01-2023 06:00 | B14: 5.01 | C14: 74.51 | D14: 45.04 | E14: 4.29 | F14: 0.18 | G14: 76.66 | H14: 45.01 | I14: 0.26 | J14: 0.61 | K14: 39.04 | L14: 16.91 | M14: 74 | N14: 24.4 | O14: 0 | P14: 1.15 | Q14: 31.37
A15: 03-01-2023 07:00 | B15: 9.12 | C15: 77.65 | D15: 50.16 | E15: 4.68 | F15: 0.13 | G15: 74.59 | H15: 44.26 | I15: 0.25 | J15: 0.82 | K15: 25.17 | L15: 16.51 | M15: 74 | N15: 31.9 | O15: 0 | P15: 1.2 | Q15: 29.68
A16: 03-01-2023 08:00 | B16: 10.41 | C16: 80.55 | D16: 52.8 | E16: 4.73 | F16: 0.57 | G16: 82.11 | H16: 43.59 | I16: 0.26 | J16: 0.52 | K16: 67.92 | L16: 17.39 | M16: 73 | N16: 96.9 | O16: 0 | P16: 1.26 | Q16: 31.81
A17: 03-01-2023 09:00 | B17: 10.15 | C17: 81.24 | D17: 52.8 | E17: 3.76 | F17: 0.28 | G17: 110.65 | H17: 51.23 | I17: 0.26 | J17: 1.14 | K17: 102.16 | L17: 18.79 | M17: 71 | N17: 157.9 | O17: 0 | P17: 1.29 | Q17: 31.56
A18: 03-01-2023 10:00 | B18: 10.22 | C18: 81.56 | D18: 53.21 | E18: 3.43 | F18: 0.04 | G18: 107.72 | H18: 51.2 | I18: 0.27 | J18: 0.88 | K18: 99.48 | L18: 22.06 | M18: 66 | N18: 227.6 | O18: 0 | P18: 1.32 | Q18: 30.38
A19: 03-01-2023 11:00 | B19: 9.15 | C19: 81.26 | D19: 52.18 | E19: 4.19 | F19: 0.66 | G19: 92.31 | H19: 52.57 | I19: 0.29 | J19: 0.78 | K19: 101.52 | L19: 24.27 | M19: 62 | N19: 278.6 | O19: 0 | P19: 1.36 | Q19: 33.2
A20: 03-01-2023 12:00 | B20: 5.64 | C20: 82.2 | D20: 49.76 | E20: 4.21 | F20: 2.16 | G20: 92 | H20: 52.43 | I20: 0.28 | J20: 0.97 | K20: 113.67 | L20: 25.54 | M20: 59 | N20: 284.2 | O20: 0 | P20: 1.37 | Q20: 34.04
... A32: 03-01-2023 24:00 | B32: 9.77 | C32: 94.69 | D32: 60.1 | E32: 4.51 | F32: 0.69 | G32: 80.05 | H32: 51.05 | I32: 0.39 | J32: 0.44 | K32: 89.23 | L32: 20.36 | M32: 78 | N32: 24.7 | O32: 0 | P32: 1.62 | Q32: 37.27
A34: Min | B34: =MIN(B9:B32) -> 2.44 | C34: =MIN(C9:C32) -> 73.81 | D34: =MIN(D9:D32) -> 43.32 | E34: =MIN(E9:E32) -> 3.43 | F34: =MIN(F9:F32) -> 0.04 | G34: =MIN(G9:G32) -> 61.69 | H34: =MIN(H9:H32) -> 43.59 | I34: =MIN(I9:I32) -> 0.25 | ... Q34: =MIN(Q9:Q32) -> 29.68
A35: Max | B35: =MAX(B9:B32) -> 23.42 | C35: =MAX(C9:C32) -> 114.62 | D35: =MAX(D9:D32) -> 81.36 | E35: =MAX(E9:E32) -> 6.86 | F35: =MAX(F9:F32) -> 7.48 | G35: =MAX(G9:G32) -> 197.83 | H35: =MAX(H9:H32) -> 52.57 | I35: =MAX(I9:I32) -> 0.48 | ... Q35: =MAX(Q9:Q32) -> 40.68
A36: Avg | B36: =AVERAGE(B9:B32) -> 9.0775 | C36: =AVERAGE(C9:C32) -> 89.501667 | D36: =AVERAGE(D9:D32) -> 56.519583 | E36: =AVERAGE(E9:E32) -> 4.6029167 | F36: =AVERAGE(F9:F32) -> 1.9675 | G36: =AVERAGE(G9:G32) -> 103.30833 | H36: =AVERAGE(H9:H32) -> 48.367083 | I36: =AVERAGE(I9:I32) -> 0.32833333 | ... Q36: =AVERAGE(Q9:Q32) -> 35.254583
A37: Stdev | B37: =STDEV(B9:B32) -> 6.3163496 | C37: =STDEV(C9:C32) -> 12.968152 | D37: =STDEV(D9:D32) -> 11.531269 | E37: =STDEV(E9:E32) -> 0.82659321 | F37: =STDEV(F9:F32) -> 2.1956484 | G37: =STDEV(G9:G32) -> 38.256889 | H37: =STDEV(H9:H32) -> 3.1900122 | I37: =STDEV(I9:I32) -> 0.078334104 | ... Q37: =STDEV(Q9:Q32) -> 3.5198258
A38: Num | B38: =COUNT(B9:B32) -> 24 | C38: =COUNT(C9:C32) -> 24 | D38: =COUNT(D9:D32) -> 24 | E38: 24 | F38: 24 | G38: =COUNT(G9:G32) -> 24 | H38: =COUNT(H9:H32) -> 24 | I38: 24 | J38: =COUNT(J9:J32) -> 24 | K38: =COUNT(K9:K32) -> 24 | L38: =COUNT(L9:L32) -> 24 | M38: =COUNT(M9:M32) -> 24 | N38: =COUNT(N9:N32) -> 24 | O38: =COUNT(O9:O32) -> 24 | P38: =COUNT(P9:P32) -> 24 | Q38: =COUNT(Q9:Q32) -> 24
A39: DCR | B39: =IF(B38>=22,">90%",IF(B38<=22,"<90%")) -> >90% | C39: =IF(C38>=22,">90%",IF(C38<=22,"<90%")) -> >90% | D39: =IF(D38>=22,">90%",IF(D38<=22,"<90%")) -> >90% | E39: =IF(E38>=22,">90%",IF(E38<=22,"<90%")) -> >90% | F39: =IF(F38>=22,">90%",IF(F38<=22,"<90%")) -> >90% | G39: =IF(G38>=22,">90%",IF(G38<=22,"<90%")) -> >90% | H39: =IF(H38>=22,">90%",IF(H38<=22,"<90%")) -> >90% | I39: =IF(I38>=22,">90%",IF(I38<=22,"<90%")) -> >90% | ... Q39: =IF(Q38>=22,">90%",IF(Q38<=22,"<90%")) -> >90%
A40: Status | B40: =IF(B38>=22,"OK",IF(B38<=22,"LESS")) -> OK | C40: =IF(C38>=22,"OK",IF(C38<=22,"LESS")) -> OK | D40: =IF(D38>=22,"OK",IF(D38<=22,"LESS")) -> OK | E40: =IF(E38>=22,"OK",IF(E38<=22,"LESS")) -> OK | F40: =IF(F38>=22,"OK",IF(F38<=22,"LESS")) -> OK | G40: =IF(G38>=22,"OK",IF(G38<=22,"LESS")) -> OK | H40: =IF(H38>=22,"OK",IF(H38<=22,"LESS")) -> OK | I40: =IF(I38>=22,"OK",IF(I38<=22,"LESS")) -> OK | ... Q40: =IF(Q38>=22,"OK",IF(Q38<=22,"LESS")) -> OK
A43: Done by | B43: RAHUL
A45: Comment

Sheet 04
A1: Station: | B1: BHATAGAON RAIPUR
A2: Date: | B2: =$A$9 -> 04-01-2023 01:00 | D2: Power Off | G2: Pw.Off | L2: Link Fail | N2: Link F | P2: Maintenance | R2: Maint.
A3: Report Type: | B3: Mean | D3: Calibration | G3: Calib. | L3: Data Fail | N3: Data F | P3: Invalid | R3: Invalid
A4: Time Base: | B4: 01 Hour | D4: Zero Referrence | G4: Z.Ref | L4: Warm Up | N4: Wm. Up
A7: Date & Time | B7: NO_BHATAGAON | C7: NO2_BHATAGAON | D7: NOX_BHATAGAON | E7: SO2_BHATAGAON | F7: O3_BHATAGAON | G7: PM10_BHATAGAON | H7: PM2_5_BHATAGAON | I7: BENZ_BHATAGAON | J7: WS_BHATAGAON | K7: WD_BHATAGAON | L7: TEMP_BHATAGAON | M7: HUM BHATAGAON | N7: SR_BHATAGAON | O7: RG_BHATAGAON | P7: CO_BHATAGAON | Q7: NH3_BHATAGAON
B8: ug/m3 | C8: ug/m3 | D8: ppb | E8: ug/m3 | F8: ug/m3 | G8: mg/m3 | H8: ug/m3 | I8: ug/m3 | J8: m/sec | K8: deg | L8: degreC | M8: % | N8: w/m2 | O8: mm | P8: ug/m3 | Q8: ug/m3
A9: 04-01-2023 01:00 | B9: 8.49 | C9: 87.93 | D9: 55.34 | E9: 4.48 | F9: 0.55 | G9: 76.72 | H9: 50.62 | I9: 0.37 | J9: 0.8 | K9: 88.35 | L9: 20.18 | M9: 79 | N9: 25 | O9: 0 | P9: 1.51 | Q9: 37.33
A10: 04-01-2023 02:00 | B10: 5.4 | C10: 80.17 | D10: 48.58 | E10: 4.28 | F10: 1.14 | G10: 63.37 | H10: 50.22 | I10: 0.36 | J10: 0.93 | K10: 92.34 | L10: 20.03 | M10: 80 | N10: 25.2 | O10: 0 | P10: 1.36 | Q10: 38.28
A11: 04-01-2023 03:00 | B11: 2.53 | C11: 76.17 | D11: 44.06 | E11: 4.27 | F11: 1.39 | G11: 80.45 | H11: 49.92 | I11: 0.31 | J11: 0.92 | K11: 95.03 | L11: 19.55 | M11: 81 | N11: 25 | O11: 0 | P11: 1.29 | Q11: 36.69
A12: 04-01-2023 04:00 | B12: 3.07 | C12: 72.96 | D12: 42.35 | E12: 4.59 | F12: 0.19 | G12: 84.21 | H12: 51.53 | I12: 0.28 | J12: 1.24 | K12: 97.51 | L12: 18.87 | M12: 81 | N12: 24.6 | O12: 0 | P12: 1.23 | Q12: 34.58
A13: 04-01-2023 05:00 | B13: 3.23 | C13: 70.59 | D13: 41.54 | E13: 4.02 | F13: 0.34 | G13: 81.21 | H13: 51.15 | I13: 0.28 | J13: 0.7 | K13: 93.85 | L13: 18.34 | M13: 81 | N13: 24.6 | O13: 0 | P13: 1.19 | Q13: 36.29
A14: 04-01-2023 06:00 | B14: 3.84 | C14: 71.92 | D14: 42.77 | E14: 3.58 | F14: 0.55 | G14: 73.12 | H14: 49.41 | I14: 0.27 | J14: 0.53 | K14: 90.35 | L14: 18.21 | M14: 81 | N14: 25 | O14: 0 | P14: 1.17 | Q14: 36.16
A15: 04-01-2023 07:00 | B15: 6.15 | C15: 74.2 | D15: 45.88 | E15: 3.5 | F15: 0.63 | G15: 80 | H15: 48.12 | I15: 0.25 | J15: 0.68 | K15: 49.52 | L15: 18.51 | M15: 81 | N15: 27.6 | O15: 0 | P15: 1.19 | Q15: 35.08
A16: 04-01-2023 08:00 | B16: 11.12 | C16: 77.15 | D16: 51.49 | E16: 3.63 | F16: 0.19 | G16: 79.49 | H16: 51.81 | I16: 0.26 | J16: 1.1 | K16: 14.44 | L16: 18.47 | M16: 81 | N16: 27.6 | O16: 0 | P16: 1.33 | Q16: 33.27
A17: 04-01-2023 09:00 | B17: 17.35 | C17: 82.84 | D17: 59.63 | E17: 3.37 | F17: 1.35 | G17: 95.68 | H17: 53.13 | I17: 0.27 | J17: 1.06 | K17: 11.34 | L17: 17.83 | M17: 91 | N17: 40.9 | O17: 0.4 | P17: 1.47 | Q17: 34.8
A18: 04-01-2023 10:00 | B18: 28.02 | C18: 90.01 | D18: 72.15 | E18: 3.54 | F18: 0.63 | G18: 98.6 | H18: 55.34 | I18: 0.26 | J18: 0.93 | K18: 347.56 | L18: 17.61 | M18: 92 | N18: 48 | O18: 0.4 | P18: 1.75 | Q18: 34.27
A19: 04-01-2023 11:00 | B19: 55.13 | C19: 109.65 | D19: 104.72 | E19: 13.73 | F19: 0.74 | G19: 117.78 | H19: 63.27 | I19: 0.27 | J19: 0.97 | K19: 353.38 | L19: 17.54 | M19: 93 | N19: 69.3 | O19: 0.2 | P19: 2.63 | Q19: 32.66
A20: 04-01-2023 12:00 | B20: 57.81 | C20: 113.39 | D20: 108.13 | E20: 7.74 | F20: 4.46 | G20: 135.54 | H20: 67.57 | I20: 0.26 | J20: 1.46 | K20: 117.58 | L20: 17.51 | M20: 94 | N20: 59 | O20: 0.4 | P20: 2.6 | Q20: 26.06
... A32: 04-01-2023 24:00 | B32: 39.34 | C32: 97.46 | D32: 85.33 | E32: 5.01 | F32: 4.18 | G32: 110.06 | H32: 66.67 | I32: 0.39 | J32: 0.57 | K32: 90.64 | L32: 17.62 | M32: 83 | N32: 25 | O32: 0 | P32: 2.29 | Q32: 36.34
A34: Min | B34: =MIN(B9:B32) -> 2.53 | C34: =MIN(C9:C32) -> 70.59 | D34: =MIN(D9:D32) -> 41.54 | E34: =MIN(E9:E32) -> 2.06 | F34: =MIN(F9:F32) -> 0.19 | G34: =MIN(G9:G32) -> 63.37 | H34: =MIN(H9:H32) -> 48.12 | I34: =MIN(I9:I32) -> 0.21 | ... Q34: =MIN(Q9:Q32) -> 24.73
A35: Max | B35: =MAX(B9:B32) -> 57.81 | C35: =MAX(C9:C32) -> 113.39 | D35: =MAX(D9:D32) -> 108.13 | E35: =MAX(E9:E32) -> 13.73 | F35: =MAX(F9:F32) -> 5.27 | G35: =MAX(G9:G32) -> 135.54 | H35: =MAX(H9:H32) -> 67.57 | I35: =MAX(I9:I32) -> 0.44 | ... Q35: =MAX(Q9:Q32) -> 38.28
A36: Avg | B36: =AVERAGE(B9:B32) -> 28.960417 | C36: =AVERAGE(C9:C32) -> 92.045 | D36: =AVERAGE(D9:D32) -> 73.680833 | E36: =AVERAGE(E9:E32) -> 4.3595833 | F36: =AVERAGE(F9:F32) -> 2.7766667 | G36: =AVERAGE(G9:G32) -> 92.51875 | H36: =AVERAGE(H9:H32) -> 58.105833 | I36: =AVERAGE(I9:I32) -> 0.29458333 | ... Q36: =AVERAGE(Q9:Q32) -> 32.405417
A37: Stdev | B37: =STDEV(B9:B32) -> 19.026814 | C37: =STDEV(C9:C32) -> 13.227811 | D37: =STDEV(D9:D32) -> 22.109568 | E37: =STDEV(E9:E32) -> 2.3481565 | F37: =STDEV(F9:F32) -> 1.9918261 | G37: =STDEV(G9:G32) -> 17.042369 | H37: =STDEV(H9:H32) -> 6.8357932 | I37: =STDEV(I9:I32) -> 0.064469687 | ... Q37: =STDEV(Q9:Q32) -> 4.4102854
A38: Num | B38: =COUNT(B9:B32) -> 24 | C38: =COUNT(C9:C32) -> 24 | D38: =COUNT(D9:D32) -> 24 | E38: =COUNT(E9:E32) -> 24 | F38: 24 | G38: 24 | H38: 24 | I38: 24 | J38: =COUNT(J9:J32) -> 24 | K38: =COUNT(K9:K32) -> 24 | L38: =COUNT(L9:L32) -> 24 | M38: =COUNT(M9:M32) -> 24 | N38: =COUNT(N9:N32) -> 24 | O38: =COUNT(O9:O32) -> 24 | P38: =COUNT(P9:P32) -> 24 | Q38: =COUNT(Q9:Q32) -> 24
A39: DCR | B39: =IF(B38>=22,">90%",IF(B38<=22,"<90%")) -> >90% | C39: =IF(C38>=22,">90%",IF(C38<=22,"<90%")) -> >90% | D39: =IF(D38>=22,">90%",IF(D38<=22,"<90%")) -> >90% | E39: =IF(E38>=22,">90%",IF(E38<=22,"<90%")) -> >90% | F39: =IF(F38>=22,">90%",IF(F38<=22,"<90%")) -> >90% | G39: =IF(G38>=22,">90%",IF(G38<=22,"<90%")) -> >90% | H39: =IF(H38>=22,">90%",IF(H38<=22,"<90%")) -> >90% | I39: =IF(I38>=22,">90%",IF(I38<=22,"<90%")) -> >90% | ... Q39: =IF(Q38>=22,">90%",IF(Q38<=22,"<90%")) -> >90%
A40: Status | B40: =IF(B38>=22,"OK",IF(B38<=22,"LESS")) -> OK | C40: =IF(C38>=22,"OK",IF(C38<=22,"LESS")) -> OK | D40: =IF(D38>=22,"OK",IF(D38<=22,"LESS")) -> OK | E40: =IF(E38>=22,"OK",IF(E38<=22,"LESS")) -> OK | F40: =IF(F38>=22,"OK",IF(F38<=22,"LESS")) -> OK | G40: =IF(G38>=22,"OK",IF(G38<=22,"LESS")) -> OK | H40: =IF(H38>=22,"OK",IF(H38<=22,"LESS")) -> OK | I40: =IF(I38>=22,"OK",IF(I38<=22,"LESS")) -> OK | ... Q40: =IF(Q38>=22,"OK",IF(Q38<=22,"LESS")) -> OK
A43: Done by | B43: RAHUL
A45: Comment

Sheet 05
A1: Station: | B1: BHATAGAON RAIPUR
A2: Date: | B2: =$A$9 -> 05-01-2023 01:00 | D2: Power Off | G2: Pw.Off | L2: Link Fail | N2: Link F | P2: Maintenance | R2: Maint.
A3: Report Type: | B3: Mean | D3: Calibration | G3: Calib. | L3: Data Fail | N3: Data F | P3: Invalid | R3: Invalid
A4: Time Base: | B4: 01 Hour | D4: Zero Referrence | G4: Z.Ref | L4: Warm Up | N4: Wm. Up
A7: Date & Time | B7: NO_BHATAGAON | C7: NO2_BHATAGAON | D7: NOX_BHATAGAON | E7: SO2_BHATAGAON | F7: O3_BHATAGAON | G7: PM10_BHATAGAON | H7: PM2_5_BHATAGAON | I7: BENZ_BHATAGAON | J7: WS_BHATAGAON | K7: WD_BHATAGAON | L7: TEMP_BHATAGAON | M7: HUM BHATAGAON | N7: SR_BHATAGAON | O7: RG_BHATAGAON | P7: CO_BHATAGAON | Q7: NH3_BHATAGAON
B8: ug/m3 | C8: ug/m3 | D8: ppb | E8: ug/m3 | F8: ug/m3 | G8: mg/m3 | H8: ug/m3 | I8: ug/m3 | J8: m/sec | K8: deg | L8: degreC | M8: % | N8: w/m2 | O8: mm | P8: ug/m3 | Q8: ug/m3
A9: 05-01-2023 01:00 | B9: 30.11 | C9: 89.65 | D9: 73.62 | E9: 4.06 | F9: 4.02 | G9: 102.31 | H9: 64.25 | I9: 0.34 | J9: 0.62 | K9: 123.89 | L9: 17.69 | M9: 84 | N9: 25.3 | O9: 0 | P9: 2.06 | Q9: 35.21
A10: 05-01-2023 02:00 | B10: 24.22 | C10: 81.46 | D10: 64.38 | E10: 3.89 | F10: 4.21 | G10: 89.41 | H10: 63.35 | I10: 0.31 | J10: 0.33 | K10: 73.54 | L10: 17.46 | M10: 84 | N10: 25.3 | O10: 0 | P10: 1.83 | Q10: 34.46
A11: 05-01-2023 03:00 | B11: 18.08 | C11: 76.64 | D11: 56.8 | E11: 4.22 | F11: 4.16 | G11: 78.57 | H11: 59.11 | I11: 0.3 | J11: 0.68 | K11: 73.62 | L11: 16.86 | M11: 86 | N11: 25 | O11: 0 | P11: 1.7 | Q11: 36.32
A12: 05-01-2023 04:00 | B12: 12.77 | C12: 71.73 | D12: 49.83 | E12: 3.91 | F12: 4.02 | G12: 70.04 | H12: 55.73 | I12: 0.26 | J12: 1.32 | K12: 31.6 | L12: 16.82 | M12: 84 | N12: 25 | O12: 0 | P12: 1.54 | Q12: 34.6
A13: 05-01-2023 05:00 | B13: 10.35 | C13: 71.64 | D13: 47.73 | E13: 3.55 | F13: 4.25 | G13: 78.72 | H13: 55.35 | I13: 0.22 | J13: 0.97 | K13: 43.8 | L13: 16.7 | M13: 85 | N13: 25.3 | O13: 0 | P13: 1.68 | Q13: 33.36
A14: 05-01-2023 06:00 | B14: 10.34 | C14: 70.07 | D14: 46.75 | E14: 3.42 | F14: 4.15 | G14: 79.83 | H14: 56.87 | I14: 0.22 | J14: 1.14 | K14: 28.97 | L14: 16.01 | M14: 87 | N14: 25 | O14: 0 | P14: 1.67 | Q14: 33.74
A15: 05-01-2023 07:00 | B15: 12.34 | C15: 70.51 | D15: 48.81 | E15: 3.04 | F15: 4.05 | G15: 79.82 | H15: 56.47 | I15: 0.21 | J15: 0.81 | K15: 30.17 | L15: 16.07 | M15: 87 | N15: 31.4 | O15: 0 | P15: 1.56 | Q15: 34.25
A16: 05-01-2023 08:00 | B16: 16.12 | C16: 72.2 | D16: 52.77 | E16: 3.24 | F16: 4.15 | G16: 82.51 | H16: 57.61 | I16: 0.19 | J16: 1.09 | K16: 24.44 | L16: 16.49 | M16: 85 | N16: 106.3 | O16: 0 | P16: 1.5 | Q16: 33.21
A17: 05-01-2023 09:00 | B17: 20.52 | C17: 75.37 | D17: 57.93 | E17: 3.66 | F17: 4.25 | G17: 87.48 | H17: 57.5 | I17: 0.21 | J17: 0.98 | K17: 36.34 | L17: 18.14 | M17: 81 | N17: 232.4 | O17: 0 | P17: 1.53 | Q17: 32.45
A18: 05-01-2023 10:00 | B18: 21.03 | C18: 78.98 | D18: 60.26 | E18: 3.75 | F18: 4.24 | G18: 86.92 | H18: 58.46 | I18: 0.21 | J18: 1.06 | K18: 113.72 | L18: 19.08 | M18: 75 | N18: 374.6 | O18: 0 | P18: 1.54 | Q18: 37.75
A19: 05-01-2023 11:00 | B19: 22.23 | C19: 88.88 | D19: 65.66 | E19: 4.89 | F19: 4.58 | G19: 84.75 | H19: 57.65 | I19: 0.22 | J19: 1.2 | K19: 84.39 | L19: 22.37 | M19: 69 | N19: 446.1 | O19: 0 | P19: 1.6 | Q19: 38.05
A20: 05-01-2023 12:00 | B20: 17.31 | C20: 88.91 | D20: 62.94 | E20: Calib. | F20: 3.92 | G20: Calib. | H20: Calib. | I20: 0.21 | J20: 1.25 | K20: 136.84 | L20: 22.2 | M20: 67 | N20: 508.1 | O20: 0 | P20: 1.53 | Q20: 30.07
A21: 05-01-2023 13:00 | B21: 8.96 | C21: 89.15 | D21: 52.84 | E21: 4.8 | F21: 4.43 | G21: Calib. | H21: Calib. | I21: 0.15 | J21: 0.9 | K21: 90.01 | L21: 25.23 | M21: 63 | N21: 515.5 | O21: 0 | P21: Maint. | Q21: 29.23
A22: 05-01-2023 14:00 | B22: 5.17 | C22: 85.69 | D22: 51.05 | E22: 6.06 | F22: 3.51 | G22: 106.36 | H22: 45.77 | I22: 0.16 | J22: 0.68 | K22: 76.68 | L22: 25.03 | M22: 59 | N22: 454.2 | O22: 0 | P22: Maint. | Q22: 31.83
A23: 05-01-2023 15:00 | B23: 6.15 | C23: 75.85 | D23: 45.44 | E23: 9.99 | F23: 10.39 | G23: 106.36 | H23: 50.28 | I23: 0.15 | J23: 0.98 | K23: 129.55 | L23: 26.16 | M23: 60 | N23: 359.1 | O23: 0 | P23: Maint. | Q23: 34.28
A24: 05-01-2023 16:00 | B24: 8.86 | C24: 89.35 | D24: 55.82 | E24: 11.88 | F24: 17.33 | G24: 106.31 | H24: 50.28 | I24: 0.14 | J24: 0.84 | K24: 58.08 | L24: 25.6 | M24: 60 | N24: 225.7 | O24: 0 | P24: Maint. | Q24: 30.01
A25: 05-01-2023 17:00 | B25: 8.61 | C25: 98.83 | D25: 61.26 | E25: 14.35 | F25: 5.1 | G25: 98.99 | H25: 54.18 | I25: 0.16 | J25: 1.37 | K25: 351.58 | L25: 24.5 | M25: 64 | N25: 89.2 | O25: 0 | P25: Maint. | Q25: 32.37
A26: 05-01-2023 18:00 | B26: 7.04 | C26: 98.05 | D26: 59.76 | E26: 4.24 | F26: 1.93 | G26: 102.83 | H26: 56.32 | I26: 0.17 | J26: 1.16 | K26: 350.69 | L26: 22.53 | M26: 69 | N26: 38.6 | O26: 0 | P26: Maint. | Q26: 33.89
A27: 05-01-2023 19:00 | B27: 9.87 | C27: 97.46 | D27: 61.63 | E27: 3.13 | F27: 0.64 | G27: 109.87 | H27: 59.78 | I27: 0.23 | J27: 1.44 | K27: 20.16 | L27: 21.47 | M27: 70 | N27: 24.7 | O27: 0 | P27: Maint. | Q27: 34.3
A28: 05-01-2023 20:00 | B28: 14.03 | C28: 100.5 | D28: 66.72 | E28: 4.05 | F28: 0.4 | G28: 119.01 | H28: 65.42 | I28: 0.29 | J28: 1.22 | K28: 21.72 | L28: 21.01 | M28: 70 | N28: 25 | O28: 0 | P28: Maint. | Q28: 35.29
A29: 05-01-2023 21:00 | B29: 17.45 | C29: 104.53 | D29: 71.68 | E29: 2.94 | F29: 0.14 | G29: 123.3 | H29: 66.68 | I29: 0.34 | J29: 0.85 | K29: 24.49 | L29: 20.97 | M29: 69 | N29: 25.2 | O29: 0 | P29: Maint. | Q29: 38.65
A30: 05-01-2023 22:00 | B30: 19.11 | C30: 104.51 | D30: 72.54 | E30: 4.08 | F30: 1.08 | G30: 124.5 | H30: 66.68 | I30: 0.35 | J30: 0.93 | K30: 23.9 | L30: 20.66 | M30: 70 | N30: 25 | O30: 0 | P30: Maint. | Q30: 39.84
A31: 05-01-2023 23:00 | B31: 18.1 | C31: 96.52 | D31: 67.78 | E31: 3.28 | F31: 0.42 | G31: 124.5 | H31: 65.8 | I31: 0.35 | J31: 0.95 | K31: 77.97 | L31: 20.09 | M31: 73 | N31: 25 | O31: 0 | P31: Maint. | Q31: 37.77
A32: 05-01-2023 24:00 | B32: 17.04 | C32: 91.57 | D32: 64.05 | E32: 3.07 | F32: 0.04 | G32: 118.47 | H32: 65.8 | I32: 0.34 | J32: 0.35 | K32: 57.44 | L32: 19.14 | M32: 76 | N32: 24.9 | O32: 0 | P32: Maint. | Q32: 41.87
A34: Min | B34: =MIN(B9:B32) -> 5.17 | C34: =MIN(C9:C32) -> 70.07 | D34: =MIN(D9:D32) -> 45.44 | E34: =MIN(E9:E32) -> 2.94 | F34: =MIN(F9:F32) -> 0.04 | G34: =MIN(G9:G32) -> 70.04 | H34: =MIN(H9:H32) -> 45.77 | I34: =MIN(I9:I32) -> 0.14 | ... Q34: =MIN(Q9:Q32) -> 29.23
A35: Max | B35: =MAX(B9:B32) -> 30.11 | C35: =MAX(C9:C32) -> 104.53 | D35: =MAX(D9:D32) -> 73.62 | E35: =MAX(E9:E32) -> 14.35 | F35: =MAX(F9:F32) -> 17.33 | G35: =MAX(G9:G32) -> 124.5 | H35: =MAX(H9:H32) -> 66.68 | I35: =MAX(I9:I32) -> 0.35 | ... Q35: =MAX(Q9:Q32) -> 41.87
A36: Avg | B36: =AVERAGE(B9:B32) -> 14.825417 | C36: =AVERAGE(C9:C32) -> 86.16875 | D36: =AVERAGE(D9:D32) -> 59.085417 | E36: =AVERAGE(E9:E32) -> 4.9347826 | F36: =AVERAGE(F9:F32) -> 3.9754167 | G36: =AVERAGE(G9:G32) -> 98.220909 | H36: =AVERAGE(H9:H32) -> 58.606364 | I36: =AVERAGE(I9:I32) -> 0.23875 | ... Q36: =AVERAGE(Q9:Q32) -> 34.7
A37: Stdev | B37: =STDEV(B9:B32) -> 6.3259541 | C37: =STDEV(C9:C32) -> 11.415513 | D37: =STDEV(D9:D32) -> 8.4127703 | E37: =STDEV(E9:E32) -> 2.9870446 | F37: =STDEV(F9:F32) -> 3.6190522 | G37: =STDEV(G9:G32) -> 17.197686 | H37: =STDEV(H9:H32) -> 5.7492513 | I37: =STDEV(I9:I32) -> 0.071280981 | ... Q37: =STDEV(Q9:Q32) -> 3.1269905
A38: Num | B38: =COUNT(B9:B32) -> 24 | C38: =COUNT(C9:C32) -> 24 | D38: =COUNT(D9:D32) -> 24 | E38: =COUNT(E9:E32)+1 -> 24 | F38: =COUNT(F9:F32) -> 24 | G38: =COUNT(G9:G32)+2 -> 24 | H38: =COUNT(H9:H32)+2 -> 24 | I38: =COUNT(I9:I32) -> 24 | J38: =COUNT(J9:J32) -> 24 | K38: =COUNT(K9:K32) -> 24 | L38: =COUNT(L9:L32) -> 24 | M38: =COUNT(M9:M32) -> 24 | N38: =COUNT(N9:N32) -> 24 | O38: =COUNT(O9:O32) -> 24 | P38: =COUNT(P9:P32)+12 -> 24 | Q38: =COUNT(Q9:Q32) -> 24
A39: DCR | B39: =IF(B38>=22,">90%",IF(B38<=22,"<90%")) -> >90% | C39: =IF(C38>=22,">90%",IF(C38<=22,"<90%")) -> >90% | D39: =IF(D38>=22,">90%",IF(D38<=22,"<90%")) -> >90% | E39: =IF(E38>=22,">90%",IF(E38<=22,"<90%")) -> >90% | F39: =IF(F38>=22,">90%",IF(F38<=22,"<90%")) -> >90% | G39: =IF(G38>=22,">90%",IF(G38<=22,"<90%")) -> >90% | H39: =IF(H38>=22,">90%",IF(H38<=22,"<90%")) -> >90% | I39: =IF(I38>=22,">90%",IF(I38<=22,"<90%")) -> >90% | ... Q39: =IF(Q38>=22,">90%",IF(Q38<=22,"<90%")) -> >90%
A40: Status | B40: =IF(B38>=22,"OK",IF(B38<=22,"LESS")) -> OK | C40: =IF(C38>=22,"OK",IF(C38<=22,"LESS")) -> OK | D40: =IF(D38>=22,"OK",IF(D38<=22,"LESS")) -> OK | E40: =IF(E38>=22,"OK",IF(E38<=22,"LESS")) -> OK | F40: =IF(F38>=22,"OK",IF(F38<=22,"LESS")) -> OK | G40: =IF(G38>=22,"OK",IF(G38<=22,"LESS")) -> OK | H40: =IF(H38>=22,"OK",IF(H38<=22,"LESS")) -> OK | I40: =IF(I38>=22,"OK",IF(I38<=22,"LESS")) -> OK | ... Q40: =IF(Q38>=22,"OK",IF(Q38<=22,"LESS")) -> OK
A43: Done by | B43: RAHUL
A45: Comment

Sheet 06
A1: Station: | B1: BHATAGAON RAIPUR
A2: Date: | B2: =$A$9 -> 06-01-2023 01:00 | D2: Power Off | G2: Pw.Off | L2: Link Fail | N2: Link F | P2: Maintenance | R2: Maint.
A3: Report Type: | B3: Mean | D3: Calibration | G3: Calib. | L3: Data Fail | N3: Data F | P3: Invalid | R3: Invalid
A4: Time Base: | B4: 01 Hour | D4: Zero Referrence | G4: Z.Ref | L4: Warm Up | N4: Wm. Up
A7: Date & Time | B7: NO_BHATAGAON | C7: NO2_BHATAGAON | D7: NOX_BHATAGAON | E7: SO2_BHATAGAON | F7: O3_BHATAGAON | G7: PM10_BHATAGAON | H7: PM2_5_BHATAGAON | I7: BENZ_BHATAGAON | J7: WS_BHATAGAON | K7: WD_BHATAGAON | L7: TEMP_BHATAGAON | M7: HUM BHATAGAON | N7: SR_BHATAGAON | O7: RG_BHATAGAON | P7: CO_BHATAGAON | Q7: NH3_BHATAGAON
B8: ug/m3 | C8: ug/m3 | D8: ppb | E8: ug/m3 | F8: ug/m3 | G8: mg/m3 | H8: ug/m3 | I8: ug/m3 | J8: m/sec | K8: deg | L8: degreC | M8: % | N8: w/m2 | O8: mm | P8: ug/m3 | Q8: ug/m3
A9: 06-01-2023 01:00 | B9: 15.01 | C9: 89.84 | D9: 61.08 | E9: 2.87 | F9: 0.1 | G9: 109.84 | H9: 64.17 | I9: 0.33 | J9: 0.79 | K9: 76.75 | L9: 18.5 | M9: 77 | N9: 24.8 | O9: 0 | P9: Maint. | Q9: 41.23
A10: 06-01-2023 02:00 | B10: 13.39 | C10: 84.26 | D10: 55.96 | E10: 2.87 | F10: 0.54 | G10: 104.83 | H10: 58.18 | I10: 0.29 | J10: 1.16 | K10: 27.98 | L10: 18.37 | M10: 75 | N10: 24.9 | O10: 0 | P10: Maint. | Q10: 39.83
A11: 06-01-2023 03:00 | B11: 9.8 | C11: 81.32 | D11: 52.74 | E11: 2.97 | F11: 0.34 | G11: 97.16 | H11: 56.42 | I11: 0.26 | J11: 1.1 | K11: 46.76 | L11: 17.9 | M11: 70 | N11: 25 | O11: 0 | P11: Maint. | Q11: 39.21
A12: 06-01-2023 04:00 | B12: 6.69 | C12: 76.39 | D12: 47.52 | E12: 2.78 | F12: 0.29 | G12: 91.73 | H12: 53.89 | I12: 0.24 | J12: 0.65 | K12: 50.04 | L12: 17.57 | M12: 72 | N12: 25.3 | O12: 0 | P12: Maint. | Q12: 39.59
A13: 06-01-2023 05:00 | B13: 6.69 | C13: 72.8 | D13: 44.91 | E13: 3.02 | F13: 0.28 | G13: 83.61 | H13: 51.97 | I13: 0.21 | J13: 0.53 | K13: 58.13 | L13: 16.74 | M13: 69 | N13: 24.7 | O13: 0 | P13: Maint. | Q13: 39.62
A14: 06-01-2023 06:00 | B14: 10.63 | C14: 74.41 | D14: 49.29 | E14: 3.21 | F14: 0.15 | G14: 75.9 | H14: 45.89 | I14: 0.19 | J14: 0.76 | K14: 50.7 | L14: 16.29 | M14: 71 | N14: 24.9 | O14: 0 | P14: Maint. | Q14: 37.19
A15: 06-01-2023 07:00 | B15: 12.42 | C15: 75.54 | D15: 51.65 | E15: 3.46 | F15: 0.04 | G15: 78.47 | H15: 45.08 | I15: 0.2 | J15: 0.36 | K15: 73.15 | L15: 15.71 | M15: 72 | N15: 37.7 | O15: 0 | P15: Maint. | Q15: 40.04
A16: 06-01-2023 08:00 | B16: 14.73 | C16: 80.36 | D16: 56.15 | E16: 3.52 | F16: 0.07 | G16: 78.47 | H16: 46.15 | I16: 0.2 | J16: 0.55 | K16: 68.55 | L16: 16.6 | M16: 71 | N16: 100.8 | O16: 0 | P16: Maint. | Q16: 39.97
A17: 06-01-2023 09:00 | B17: 19.03 | C17: 85.5 | D17: 62.44 | E17: 3.75 | F17: 0.29 | G17: 80.53 | H17: 47.75 | I17: 0.2 | J17: 0.57 | K17: 77.79 | L17: 17.5 | M17: 61 | N17: 145.8 | O17: 0 | P17: Maint. | Q17: 39.12
A18: 06-01-2023 10:00 | B18: 19.94 | C18: 85.97 | D18: 63.41 | E18: 4.27 | F18: 0.27 | G18: 80.63 | H18: 47.75 | I18: 0.22 | J18: 0.87 | K18: 99.13 | L18: 20.43 | M18: 58 | N18: 449.1 | O18: 0 | P18: Maint. | Q18: 37.81
A19: 06-01-2023 11:00 | B19: 22.72 | C19: 90.55 | D19: 68.08 | E19: 4.26 | F19: 0.3 | G19: 80.73 | H19: 45.89 | I19: 0.23 | J19: 1.69 | K19: 115.87 | L19: 22.73 | M19: 45 | N19: 591.7 | O19: 0 | P19: Maint. | Q19: 39.48
A20: 06-01-2023 12:00 | B20: 22.31 | C20: 90.92 | D20: 68.07 | E20: 4.36 | F20: 0.63 | G20: 80.73 | H20: 45 | I20: 0.22 | J20: 1.4 | K20: 124.7 | L20: 25.1 | M20: 38 | N20: 668.8 | O20: 0 | P20: Maint. | Q20: 40.05
... A24: 06-01-2023 16:00 | B24: 9.54 | C24: 87.07 | D24: 55.26 | E24: 13.39 | F24: 3.72 | G24: 64.58 | H24: 35.73 | I24: 0.2 | J24: 1.06 | K24: 72.83 | L24: 26.7 | M24: 34 | N24: 310.5 | O24: 0 | P24: Maint. | Q24: 40.94
A25: 06-01-2023 17:00 | B25: 10.85 | C25: 89.48 | D25: 58.08 | E25: 7.76 | F25: 4.18 | G25: 71.36 | H25: 35.71 | I25: 0.2 | J25: 1.34 | K25: 30.84 | L25: 25.33 | M25: 51 | N25: 106.9 | O25: 0 | P25: 0.88 | Q25: 37.77
A26: 06-01-2023 18:00 | B26: 10.03 | C26: 93.47 | D26: 59.63 | E26: 4.43 | F26: 0.81 | G26: 71.36 | H26: 35.58 | I26: 0.23 | J26: 1.06 | K26: 38.36 | L26: 22.96 | M26: 52 | N26: 43 | O26: 0 | P26: 1.04 | Q26: 39.61
A27: 06-01-2023 19:00 | B27: 25.19 | C27: 109.83 | D27: 80.82 | E27: 4.22 | F27: 0.07 | G27: 88.03 | H27: 41.92 | I27: 0.28 | J27: 0.42 | K27: 91.47 | L27: 20.95 | M27: 51 | N27: 24.8 | O27: 0 | P27: 1.51 | Q27: 40.51
A28: 06-01-2023 20:00 | B28: 30.99 | C28: 110.25 | D28: 84.66 | E28: 3.57 | F28: 0.12 | G28: 98.13 | H28: 44.46 | I28: 0.36 | J28: 0.3 | K28: 223.71 | L28: 19.83 | M28: 59 | N28: 24.9 | O28: 0 | P28: 1.71 | Q28: 41.09
A29: 06-01-2023 21:00 | B29: 38.79 | C29: 111.92 | D29: 92.87 | E29: 5.82 | F29: 0.24 | G29: 105.17 | H29: 46.74 | I29: 0.51 | J29: 0.38 | K29: 276.57 | L29: 18.49 | M29: 61 | N29: 24.8 | O29: 0 | P29: 2 | Q29: 44.91
A30: 06-01-2023 22:00 | B30: 82.01 | C30: 137.09 | D30: 141.42 | E30: 5.82 | F30: 0.33 | G30: 131.55 | H30: 54.52 | I30: 0.72 | J30: 0.15 | K30: 343.15 | L30: 16.91 | M30: 73 | N30: 24.9 | O30: 0 | P30: 2.53 | Q30: 47.29
A31: 06-01-2023 23:00 | B31: 102.82 | C31: 149.16 | D31: 164.77 | E31: 6.06 | F31: 0.14 | G31: 133.43 | H31: 57.94 | I31: 0.99 | J31: 0.16 | K31: 107.83 | L31: 16.06 | M31: 73 | N31: 24.6 | O31: 0 | P31: 2.73 | Q31: 48.11
A32: 06-01-2023 24:00 | B32: 116.93 | C32: 153.91 | D32: 178.54 | E32: 6.13 | F32: 0.16 | G32: 208.02 | H32: 63.61 | I32: 1.05 | J32: 0.2 | K32: 154.65 | L32: 15.11 | M32: 67 | N32: 24.6 | O32: 0 | P32: 2.82 | Q32: 47.65
A34: Min | B34: =MIN(B9:B32) -> 6.69 | C34: =MIN(C9:C32) -> 72.8 | D34: =MIN(D9:D32) -> 44.91 | E34: =MIN(E9:E32) -> 2.78 | F34: =MIN(F9:F32) -> 0.04 | G34: =MIN(G9:G32) -> 62.27 | H34: =MIN(H9:H32) -> 35.58 | I34: =MIN(I9:I32) -> 0.19 | ... Q34: =MIN(Q9:Q32) -> 37.19
A35: Max | B35: =MAX(B9:B32) -> 116.93 | C35: =MAX(C9:C32) -> 153.91 | D35: =MAX(D9:D32) -> 178.54 | E35: =MAX(E9:E32) -> 13.39 | F35: =MAX(F9:F32) -> 4.18 | G35: =MAX(G9:G32) -> 208.02 | H35: =MAX(H9:H32) -> 64.17 | I35: =MAX(I9:I32) -> 1.05 | ... Q35: =MAX(Q9:Q32) -> 48.11
A36: Avg | B36: =AVERAGE(B9:B32) -> 26.5725 | C36: =AVERAGE(C9:C32) -> 95.0075 | D36: =AVERAGE(D9:D32) -> 73.521667 | E36: =AVERAGE(E9:E32) -> 4.6733333 | F36: =AVERAGE(F9:F32) -> 0.67625 | G36: =AVERAGE(G9:G32) -> 92.294167 | H36: =AVERAGE(H9:H32) -> 47.637917 | I36: =AVERAGE(I9:I32) -> 0.33 | ... Q36: =AVERAGE(Q9:Q32) -> 40.794583
A37: Stdev | B37: =STDEV(B9:B32) -> 30.059289 | C37: =STDEV(C9:C32) -> 22.673927 | D37: =STDEV(D9:D32) -> 36.312205 | E37: =STDEV(E9:E32) -> 2.2440311 | F37: =STDEV(F9:F32) -> 1.0761356 | G37: =STDEV(G9:G32) -> 31.084876 | H37: =STDEV(H9:H32) -> 8.4190725 | I37: =STDEV(I9:I32) -> 0.24429134 | ... Q37: =STDEV(Q9:Q32) -> 3.0534043
A38: Num | B38: =COUNT(B9:B32) -> 24 | C38: =COUNT(C9:C32) -> 24 | D38: =COUNT(D9:D32) -> 24 | E38: =COUNT(E9:E32) -> 24 | F38: =COUNT(F9:F32) -> 24 | G38: =COUNT(G9:G32) -> 24 | H38: =COUNT(H9:H32) -> 24 | I38: 24 | J38: =COUNT(J9:J32) -> 24 | K38: =COUNT(K9:K32) -> 24 | L38: =COUNT(L9:L32) -> 24 | M38: =COUNT(M9:M32) -> 24 | N38: =COUNT(N9:N32) -> 24 | O38: =COUNT(O9:O32) -> 24 | P38: =COUNT(P9:P32)+16 -> 24 | Q38: =COUNT(Q9:Q32) -> 24
A39: DCR | B39: =IF(B38>=22,">90%",IF(B38<=22,"<90%")) -> >90% | C39: =IF(C38>=22,">90%",IF(C38<=22,"<90%")) -> >90% | D39: =IF(D38>=22,">90%",IF(D38<=22,"<90%")) -> >90% | E39: =IF(E38>=22,">90%",IF(E38<=22,"<90%")) -> >90% | F39: =IF(F38>=22,">90%",IF(F38<=22,"<90%")) -> >90% | G39: =IF(G38>=22,">90%",IF(G38<=22,"<90%")) -> >90% | H39: =IF(H38>=22,">90%",IF(H38<=22,"<90%")) -> >90% | I39: =IF(I38>=22,">90%",IF(I38<=22,"<90%")) -> >90% | ... Q39: =IF(Q38>=22,">90%",IF(Q38<=22,"<90%")) -> >90%
A40: Status | B40: =IF(B38>=22,"OK",IF(B38<=22,"LESS")) -> OK | C40: =IF(C38>=22,"OK",IF(C38<=22,"LESS")) -> OK | D40: =IF(D38>=22,"OK",IF(D38<=22,"LESS")) -> OK | E40: =IF(E38>=22,"OK",IF(E38<=22,"LESS")) -> OK | F40: =IF(F38>=22,"OK",IF(F38<=22,"LESS")) -> OK | G40: =IF(G38>=22,"OK",IF(G38<=22,"LESS")) -> OK | H40: =IF(H38>=22,"OK",IF(H38<=22,"LESS")) -> OK | I40: =IF(I38>=22,"OK",IF(I38<=22,"LESS")) -> OK | ... Q40: =IF(Q38>=22,"OK",IF(Q38<=22,"LESS")) -> OK
A43: Done by | B43: RAHUL
A45: Comment

Sheet 07
A1: Station: | B1: BHATAGAON RAIPUR
A2: Date: | B2: =$A$9 -> 07-01-2023 01:00 | D2: Power Off | G2: Pw.Off | L2: Link Fail | N2: Link F | P2: Maintenance | R2: Maint.
A3: Report Type: | B3: Mean | D3: Calibration | G3: Calib. | L3: Data Fail | N3: Data F | P3: Invalid | R3: Invalid
A4: Time Base: | B4: 01 Hour | D4: Zero Referrence | G4: Z.Ref | L4: Warm Up | N4: Wm. Up
A7: Date & Time | B7: NO_BHATAGAON | C7: NO2_BHATAGAON | D7: NOX_BHATAGAON | E7: SO2_BHATAGAON | F7: O3_BHATAGAON | G7: PM10_BHATAGAON | H7: PM2_5_BHATAGAON | I7: BENZ_BHATAGAON | J7: WS_BHATAGAON | K7: WD_BHATAGAON | L7: TEMP_BHATAGAON | M7: HUM BHATAGAON | N7: SR_BHATAGAON | O7: RG_BHATAGAON | P7: CO_BHATAGAON | Q7: NH3_BHATAGAON
B8: ug/m3 | C8: ug/m3 | D8: ppb | E8: ug/m3 | F8: ug/m3 | G8: mg/m3 | H8: ug/m3 | I8: ug/m3 | J8: m/sec | K8: deg | L8: degreC | M8: % | N8: w/m2 | O8: mm | P8: ug/m3 | Q8: ug/m3
A9: 07-01-2023 01:00 | B9: 108.55 | C9: 145.71 | D9: 167.46 | E9: 5.21 | F9: 0.24 | G9: 208.02 | H9: 63.61 | I9: 1.04 | J9: 0.33 | K9: 89.2 | L9: 15.74 | M9: 46 | N9: 24.2 | O9: 0 | P9: 2.61 | Q9: 47.06
A10: 07-01-2023 02:00 | B10: 78.42 | C10: 124.37 | D10: 131.52 | E10: 4.5 | F10: 0.04 | G10: 52.03 | H10: 51.31 | I10: 0.77 | J10: 0.44 | K10: 34.87 | L10: 15.53 | M10: 50 | N10: 24.3 | O10: 0 | P10: 2.05 | Q10: 44.65
A11: 07-01-2023 03:00 | B11: 51.91 | C11: 107.65 | D11: 101.04 | E11: 4.01 | F11: 0.09 | G11: 50.41 | H11: 39.8 | I11: 0.57 | J11: 0.62 | K11: 81.97 | L11: 14.88 | M11: 52 | N11: 24.4 | O11: 0 | P11: 1.66 | Q11: 40.47
A12: 07-01-2023 04:00 | B12: 36.17 | C12: 97.56 | D12: 82.85 | E12: 4.13 | F12: 0.08 | G12: 50.41 | H12: 34.11 | I12: 0.44 | J12: 0.41 | K12: 80.39 | L12: 14.16 | M12: 55 | N12: 24.4 | O12: 0 | P12: 1.33 | Q12: 37.34
A13: 07-01-2023 05:00 | B13: 25.14 | C13: 84.71 | D13: 66.91 | E13: 4.19 | F13: 0.41 | G13: 52.69 | H13: 32.55 | I13: 0.37 | J13: 0.39 | K13: 55.87 | L13: 13.58 | M13: 56 | N13: 24.2 | O13: 0 | P13: 1.08 | Q13: 36.8
A14: 07-01-2023 06:00 | B14: 19.72 | C14: 82.62 | D14: 61.41 | E14: 4.27 | F14: 0.14 | G14: 52.69 | H14: 28.68 | I14: 0.29 | J14: 0.38 | K14: 67.3 | L14: 13.34 | M14: 55 | N14: 24.3 | O14: 0 | P14: 0.9 | Q14: 35.86
A15: 07-01-2023 07:00 | B15: 19.49 | C15: 82.04 | D15: 60.91 | E15: 4.31 | F15: 0.12 | G15: 47.12 | H15: 25.79 | I15: 0.25 | J15: 0.45 | K15: 78.08 | L15: 12.66 | M15: 58 | N15: 40.6 | O15: 0 | P15: 0.79 | Q15: 33.1
A16: 07-01-2023 08:00 | B16: 28.38 | C16: 88.91 | D16: 71.83 | E16: 4.78 | F16: 0.06 | G16: 64.39 | H16: 27.97 | I16: 0.23 | J16: 0.87 | K16: 61.35 | L16: 14.94 | M16: 57 | N16: 225.8 | O16: 0 | P16: 0.87 | Q16: 34.59
A17: 07-01-2023 09:00 | B17: 29.57 | C17: 91.88 | D17: 74.09 | E17: 4.12 | F17: 0.73 | G17: 64.39 | H17: 29.64 | I17: 0.23 | J17: 1.22 | K17: 68.15 | L17: 19.6 | M17: 44 | N17: 470.2 | O17: 0 | P17: 0.88 | Q17: 34.71
A18: 07-01-2023 10:00 | B18: 26.71 | C18: 98.56 | D18: 73.88 | E18: 29.55 | F18: 0.76 | G18: 132.86 | H18: 29.64 | I18: 0.22 | J18: 1.09 | K18: 37.96 | L18: 22.75 | M18: 40 | N18: 645.9 | O18: 0 | P18: 0.89 | Q18: 33.84
A19: 07-01-2023 11:00 | B19: 26.82 | C19: 107.28 | D19: 80.71 | E19: 28.28 | F19: 2.11 | G19: 132.86 | H19: 29.24 | I19: 0.2 | J19: 0.83 | K19: 95.62 | L19: 24.12 | M19: 30 | N19: 759.8 | O19: 0 | P19: 0.91 | Q19: 26.85
A20: 07-01-2023 12:00 | B20: 21.39 | C20: 100.41 | D20: 72.57 | E20: 12.58 | F20: 1.51 | G20: 98.13 | H20: 29.06 | I20: 0.15 | J20: 0.95 | K20: 146.94 | L20: 24.43 | M20: 30 | N20: 802 | O20: 0 | P20: 0.77 | Q20: 25.2
... A32: 07-01-2023 24:00 | B32: 186.44 | C32: 189.89 | D32: 254.31 | E32: 6.52 | F32: 0.08 | G32: 211 | H32: 76.5 | I32: 1.19 | J32: 0.17 | K32: 303.33 | L32: 13.79 | M32: 68 | N32: 24.6 | O32: 0 | P32: 3.29 | Q32: 47.09
A34: Min | B34: =MIN(B9:B32) -> 13.95 | C34: =MIN(C9:C32) -> 82.04 | D34: =MIN(D9:D32) -> 60.91 | E34: =MIN(E9:E32) -> 4.01 | F34: =MIN(F9:F32) -> 0.04 | G34: =MIN(G9:G32) -> 45.84 | H34: =MIN(H9:H32) -> 25.79 | I34: =MIN(I9:I32) -> 0.12 | ... Q34: =MIN(Q9:Q32) -> 23.11
A35: Max | B35: =MAX(B9:B32) -> 189.76 | C35: =MAX(C9:C32) -> 194.23 | D35: =MAX(D9:D32) -> 259.37 | E35: =MAX(E9:E32) -> 29.55 | F35: =MAX(F9:F32) -> 2.85 | G35: =MAX(G9:G32) -> 211 | H35: =MAX(H9:H32) -> 76.5 | I35: =MAX(I9:I32) -> 1.19 | ... Q35: =MAX(Q9:Q32) -> 47.22
A36: Avg | B36: =AVERAGE(B9:B32) -> 58.599583 | C36: =AVERAGE(C9:C32) -> 117.65583 | D36: =AVERAGE(D9:D32) -> 111.62625 | E36: =AVERAGE(E9:E32) -> 10.010417 | F36: =AVERAGE(F9:F32) -> 0.70375 | G36: =AVERAGE(G9:G32) -> 99.233333 | H36: =AVERAGE(H9:H32) -> 39.343333 | I36: =AVERAGE(I9:I32) -> 0.43833333 | ... Q36: =AVERAGE(Q9:Q32) -> 34.639167
A37: Stdev | B37: =STDEV(B9:B32) -> 56.094862 | C37: =STDEV(C9:C32) -> 33.324025 | D37: =STDEV(D9:D32) -> 63.089685 | E37: =STDEV(E9:E32) -> 7.4728206 | F37: =STDEV(F9:F32) -> 0.79512543 | G37: =STDEV(G9:G32) -> 58.993296 | H37: =STDEV(H9:H32) -> 16.697184 | I37: =STDEV(I9:I32) -> 0.35796122 | ... Q37: =STDEV(Q9:Q32) -> 7.6058284
A38: Num | B38: =COUNT(B9:B32) -> 24 | C38: =COUNT(C9:C32) -> 24 | D38: =COUNT(D9:D32) -> 24 | E38: =COUNT(E9:E32) -> 24 | F38: =COUNT(F9:F32) -> 24 | G38: =COUNT(G9:G32) -> 24 | H38: =COUNT(H9:H32) -> 24 | I38: 24 | J38: =COUNT(J9:J32) -> 24 | K38: =COUNT(K9:K32) -> 24 | L38: =COUNT(L9:L32) -> 24 | M38: =COUNT(M9:M32) -> 24 | N38: =COUNT(N9:N32) -> 24 | O38: =COUNT(O9:O32) -> 24 | P38: =COUNT(P9:P32) -> 24 | Q38: =COUNT(Q9:Q32) -> 24
A39: DCR | B39: =IF(B38>=22,">90%",IF(B38<=22,"<90%")) -> >90% | C39: =IF(C38>=22,">90%",IF(C38<=22,"<90%")) -> >90% | D39: =IF(D38>=22,">90%",IF(D38<=22,"<90%")) -> >90% | E39: =IF(E38>=22,">90%",IF(E38<=22,"<90%")) -> >90% | F39: =IF(F38>=22,">90%",IF(F38<=22,"<90%")) -> >90% | G39: =IF(G38>=22,">90%",IF(G38<=22,"<90%")) -> >90% | H39: =IF(H38>=22,">90%",IF(H38<=22,"<90%")) -> >90% | I39: =IF(I38>=22,">90%",IF(I38<=22,"<90%")) -> >90% | ... Q39: =IF(Q38>=22,">90%",IF(Q38<=22,"<90%")) -> >90%
A40: Status | B40: =IF(B38>=22,"OK",IF(B38<=22,"LESS")) -> OK | C40: =IF(C38>=22,"OK",IF(C38<=22,"LESS")) -> OK | D40: =IF(D38>=22,"OK",IF(D38<=22,"LESS")) -> OK | E40: =IF(E38>=22,"OK",IF(E38<=22,"LESS")) -> OK | F40: =IF(F38>=22,"OK",IF(F38<=22,"LESS")) -> OK | G40: =IF(G38>=22,"OK",IF(G38<=22,"LESS")) -> OK | H40: =IF(H38>=22,"OK",IF(H38<=22,"LESS")) -> OK | I40: =IF(I38>=22,"OK",IF(I38<=22,"LESS")) -> OK | ... Q40: =IF(Q38>=22,"OK",IF(Q38<=22,"LESS")) -> OK
A43: Done by | B43: RAHUL
A45: Comment

Sheet 08
A1: Station: | B1: BHATAGAON RAIPUR
A2: Date: | B2: =$A$9 -> 08-01-2023 01:00 | D2: Power Off | G2: Pw.Off | L2: Link Fail | N2: Link F | P2: Maintenance | R2: Maint.
A3: Report Type: | B3: Mean | D3: Calibration | G3: Calib. | L3: Data Fail | N3: Data F | P3: Invalid | R3: Invalid
A4: Time Base: | B4: 01 Hour | D4: Zero Referrence | G4: Z.Ref | L4: Warm Up | N4: Wm. Up
A7: Date & Time | B7: NO_BHATAGAON | C7: NO2_BHATAGAON | D7: NOX_BHATAGAON | E7: SO2_BHATAGAON | F7: O3_BHATAGAON | G7: PM10_BHATAGAON | H7: PM2_5_BHATAGAON | I7: BENZ_BHATAGAON | J7: WS_BHATAGAON | K7: WD_BHATAGAON | L7: TEMP_BHATAGAON | M7: HUM BHATAGAON | N7: SR_BHATAGAON | O7: RG_BHATAGAON | P7: CO_BHATAGAON | Q7: NH3_BHATAGAON
B8: ug/m3 | C8: ug/m3 | D8: ppb | E8: ug/m3 | F8: ug/m3 | G8: mg/m3 | H8: ug/m3 | I8: ug/m3 | J8: m/sec | K8: deg | L8: degreC | M8: % | N8: w/m2 | O8: mm | P8: ug/m3 | Q8: ug/m3
A9: 08-01-2023 01:00 | B9: 165.97 | C9: 172.84 | D9: 228.48 | E9: 6.35 | F9: 0.1 | G9: 143.73 | H9: 76.5 | I9: 1.07 | J9: 0.18 | K9: 350.26 | L9: 13.04 | M9: 76 | N9: 24.4 | O9: 0 | P9: 2.91 | Q9: 42.8
A10: 08-01-2023 02:00 | B10: 160.75 | C10: 165.42 | D10: 220.2 | E10: 7.27 | F10: 0.17 | G10: 143.73 | H10: 75.42 | I10: 0.96 | J10: 0.48 | K10: 119.13 | L10: 14.75 | M10: 69 | N10: 24.3 | O10: 0 | P10: 2.62 | Q10: 43.81
A11: 08-01-2023 03:00 | B11: 135.73 | C11: 149.44 | D11: 191.32 | E11: 6.87 | F11: 0.35 | G11: 145.07 | H11: 76 | I11: 0.89 | J11: 0.27 | K11: 98.32 | L11: 14.54 | M11: 52 | N11: 24.3 | O11: 0 | P11: 2.59 | Q11: 43.43
A12: 08-01-2023 04:00 | B12: 101.18 | C12: 131.71 | D12: 153.82 | E12: 6.08 | F12: 0.89 | G12: 145.07 | H12: 76 | I12: 0.75 | J12: 0.35 | K12: 234.15 | L12: 14.25 | M12: 46 | N12: 24.3 | O12: 0 | P12: 2.22 | Q12: 40.19
A13: 08-01-2023 05:00 | B13: 71.42 | C13: 113.42 | D13: 119.87 | E13: 4.84 | F13: 0.25 | G13: 65.72 | H13: 63.23 | I13: 0.6 | J13: 0.36 | K13: 336.34 | L13: 13.16 | M13: 80 | N13: 24.9 | O13: 0 | P13: 1.74 | Q13: 35.42
A14: 08-01-2023 06:00 | B14: 66.82 | C14: 104.94 | D14: 111.49 | E14: 4.23 | F14: 0.09 | G14: 75.56 | H14: 47.64 | I14: 0.48 | J14: 0.15 | K14: 353.88 | L14: 10.65 | M14: 80 | N14: 24.5 | O14: 0 | P14: 1.6 | Q14: 36.75
A15: 08-01-2023 07:00 | B15: 71.8 | C15: 113.03 | D15: 119.82 | E15: 4.33 | F15: 0.1 | G15: 95.47 | H15: 47.39 | I15: 0.44 | J15: 0.3 | K15: 112.51 | L15: 12.05 | M15: 59 | N15: 38.9 | O15: 0 | P15: 1.58 | Q15: 36.96
A16: 08-01-2023 08:00 | B16: 67.91 | C16: 113.45 | D16: 116.67 | E16: 3.85 | F16: 0.24 | G16: 75.78 | H16: 47.39 | I16: 0.38 | J16: 1.18 | K16: 118.43 | L16: 14.68 | M16: 52 | N16: 227.7 | O16: 0 | P16: 1.31 | Q16: 33.84
A17: 08-01-2023 09:00 | B17: 54.38 | C17: 107.12 | D17: 102.73 | E17: 4.82 | F17: 0.43 | G17: 68.39 | H17: 41.85 | I17: 0.32 | J17: 1.47 | K17: 134.18 | L17: 18.94 | M17: 39 | N17: 472.3 | O17: 0 | P17: 1.14 | Q17: 33.92
A18: 08-01-2023 10:00 | B18: 41.48 | C18: 98.27 | D18: 87.49 | E18: 4.71 | F18: 0.28 | G18: 39.51 | H18: 37.31 | I18: 0.28 | J18: 1.18 | K18: 128.47 | L18: 22.67 | M18: 33 | N18: 645.7 | O18: 0 | P18: 0.98 | Q18: 34.54
A19: 08-01-2023 11:00 | B19: 30.24 | C19: 96.6 | D19: 77.56 | E19: 4.68 | F19: 0.45 | G19: 42.85 | H19: 31.36 | I19: 0.25 | J19: 1.7 | K19: 135.93 | L19: 23.67 | M19: 24 | N19: 763.3 | O19: 0 | P19: 0.85 | Q19: 33.8
A20: 08-01-2023 12:00 | B20: 22.43 | C20: 90.18 | D20: 67.48 | E20: 5 | F20: 0.58 | G20: 42.85 | H20: 27.33 | I20: 0.23 | J20: 0.87 | K20: 356.83 | L20: 29.88 | M20: 17 | N20: 797.6 | O20: 0 | P20: 0.75 | Q20: 31.91
... A32: 08-01-2023 24:00 | B32: 204.06 | C32: 215.17 | D32: 281.73 | E32: 7.02 | F32: 1.17 | G32: 238.79 | H32: 117.96 | I32: 1.3 | J32: 0.22 | K32: 309.66 | L32: 14.69 | M32: 67 | N32: 24.8 | O32: 0 | P32: 4.28 | Q32: 50.81
A34: Min | B34: =MIN(B9:B32) -> 9.93 | C34: =MIN(C9:C32) -> 89.61 | D34: =MIN(D9:D32) -> 58.99 | E34: =MIN(E9:E32) -> 3.85 | F34: =MIN(F9:F32) -> 0.09 | G34: =MIN(G9:G32) -> 30.92 | H34: =MIN(H9:H32) -> 21.07 | I34: =MIN(I9:I32) -> 0.22 | ... Q34: =MIN(Q9:Q32) -> 31.91
A35: Max | B35: =MAX(B9:B32) -> 204.06 | C35: =MAX(C9:C32) -> 215.17 | D35: =MAX(D9:D32) -> 281.73 | E35: =MAX(E9:E32) -> 15.77 | F35: =MAX(F9:F32) -> 4.34 | G35: =MAX(G9:G32) -> 238.79 | H35: =MAX(H9:H32) -> 117.96 | I35: =MAX(I9:I32) -> 1.3 | ... Q35: =MAX(Q9:Q32) -> 50.81
A36: Avg | B36: =AVERAGE(B9:B32) -> 71.552083 | C36: =AVERAGE(C9:C32) -> 124.53917 | D36: =AVERAGE(D9:D32) -> 125.84708 | E36: =AVERAGE(E9:E32) -> 6.5 | F36: =AVERAGE(F9:F32) -> 0.83958333 | G36: =AVERAGE(G9:G32) -> 100.2225 | H36: =AVERAGE(H9:H32) -> 49.628333 | I36: =AVERAGE(I9:I32) -> 0.50208333 | ... Q36: =AVERAGE(Q9:Q32) -> 37.895
A37: Stdev | B37: =STDEV(B9:B32) -> 60.150309 | C37: =STDEV(C9:C32) -> 37.156208 | D37: =STDEV(D9:D32) -> 68.169524 | E37: =STDEV(E9:E32) -> 2.5066711 | F37: =STDEV(F9:F32) -> 1.0129959 | G37: =STDEV(G9:G32) -> 61.653421 | H37: =STDEV(H9:H32) -> 25.668043 | I37: =STDEV(I9:I32) -> 0.32548264 | ... Q37: =STDEV(Q9:Q32) -> 4.8596377
A38: Num | B38: =COUNT(B9:B32) -> 24 | C38: =COUNT(C9:C32) -> 24 | D38: =COUNT(D9:D32) -> 24 | E38: =COUNT(E9:E32) -> 24 | F38: =COUNT(F9:F32) -> 24 | G38: 24 | H38: 24 | I38: =COUNT(I9:I32) -> 24 | J38: =COUNT(J9:J32) -> 24 | K38: =COUNT(K9:K32) -> 24 | L38: =COUNT(L9:L32) -> 24 | M38: =COUNT(M9:M32) -> 24 | N38: 24 | O38: =COUNT(O9:O32) -> 24 | P38: =COUNT(P9:P32) -> 24 | Q38: =COUNT(Q9:Q32) -> 24
A39: DCR | B39: =IF(B38>=22,">90%",IF(B38<=22,"<90%")) -> >90% | C39: =IF(C38>=22,">90%",IF(C38<=22,"<90%")) -> >90% | D39: =IF(D38>=22,">90%",IF(D38<=22,"<90%")) -> >90% | E39: =IF(E38>=22,">90%",IF(E38<=22,"<90%")) -> >90% | F39: =IF(F38>=22,">90%",IF(F38<=22,"<90%")) -> >90% | G39: =IF(G38>=22,">90%",IF(G38<=22,"<90%")) -> >90% | H39: =IF(H38>=22,">90%",IF(H38<=22,"<90%")) -> >90% | I39: =IF(I38>=22,">90%",IF(I38<=22,"<90%")) -> >90% | ... Q39: =IF(Q38>=22,">90%",IF(Q38<=22,"<90%")) -> >90%
A40: Status | B40: =IF(B38>=22,"OK",IF(B38<=22,"LESS")) -> OK | C40: =IF(C38>=22,"OK",IF(C38<=22,"LESS")) -> OK | D40: =IF(D38>=22,"OK",IF(D38<=22,"LESS")) -> OK | E40: =IF(E38>=22,"OK",IF(E38<=22,"LESS")) -> OK | F40: =IF(F38>=22,"OK",IF(F38<=22,"LESS")) -> OK | G40: =IF(G38>=22,"OK",IF(G38<=22,"LESS")) -> OK | H40: =IF(H38>=22,"OK",IF(H38<=22,"LESS")) -> OK | I40: =IF(I38>=22,"OK",IF(I38<=22,"LESS")) -> OK | ... Q40: =IF(Q38>=22,"OK",IF(Q38<=22,"LESS")) -> OK
A43: Done by | B43: RAHUL
A45: Comment

Sheet 09
A1: Station: | B1: BHATAGAON RAIPUR
A2: Date: | B2: =$A$9 -> 09-01-2023 01:00 | D2: Power Off | G2: Pw.Off | L2: Link Fail | N2: Link F | P2: Maintenance | R2: Maint.
A3: Report Type: | B3: Mean | D3: Calibration | G3: Calib. | L3: Data Fail | N3: Data F | P3: Invalid | R3: Invalid
A4: Time Base: | B4: 01 Hour | D4: Zero Referrence | G4: Z.Ref | L4: Warm Up | N4: Wm. Up
A7: Date & Time | B7: NO_BHATAGAON | C7: NO2_BHATAGAON | D7: NOX_BHATAGAON | E7: SO2_BHATAGAON | F7: O3_BHATAGAON | G7: PM10_BHATAGAON | H7: PM2_5_BHATAGAON | I7: BENZ_BHATAGAON | J7: WS_BHATAGAON | K7: WD_BHATAGAON | L7: TEMP_BHATAGAON | M7: HUM BHATAGAON | N7: SR_BHATAGAON | O7: RG_BHATAGAON | P7: CO_BHATAGAON | Q7: NH3_BHATAGAON
B8: ug/m3 | C8: ug/m3 | D8: ppb | E8: ug/m3 | F8: ug/m3 | G8: mg/m3 | H8: ug/m3 | I8: ug/m3 | J8: m/sec | K8: deg | L8: degreC | M8: % | N8: w/m2 | O8: mm | P8: ug/m3 | Q8: ug/m3
A9: 09-01-2023 01:00 | B9: 207.96 | C9: 208.1 | D9: 281.38 | E9: 6.25 | F9: 0.26 | G9: 203.59 | H9: 117.96 | I9: 1.34 | J9: 0.11 | K9: 330.12 | L9: 13.43 | M9: 78 | N9: 24.6 | O9: 0 | P9: 4.5 | Q9: 50.12
A10: 09-01-2023 02:00 | B10: 207.26 | C10: 205.83 | D10: 279.8 | E10: 6.41 | F10: 0.18 | G10: 203.59 | H10: 111.25 | I10: 1.42 | J10: 0.12 | K10: 341.44 | L10: 13.18 | M10: 77 | N10: 24.4 | O10: 0 | P10: 4.33 | Q10: 48.14
A11: 09-01-2023 03:00 | B11: 191.61 | C11: 190.05 | D11: 258.55 | E11: 6.4 | F11: 1.48 | G11: 209.25 | H11: 109.29 | I11: 1.41 | J11: 0.41 | K11: 72.64 | L11: 13.98 | M11: 63 | N11: 24.2 | O11: 0 | P11: 4.26 | Q11: 47.59
A12: 09-01-2023 04:00 | B12: 144.04 | C12: 163.08 | D12: 205.51 | E12: 7.02 | F12: 2.11 | G12: 209.25 | H12: 109.29 | I12: 1.24 | J12: 0.44 | K12: 105.09 | L12: 14.63 | M12: 53 | N12: 24.5 | O12: 0 | P12: 3.63 | Q12: 45.86
A13: 09-01-2023 05:00 | B13: 102.31 | C13: 140.18 | D13: 159.4 | E13: 5.82 | F13: 0.12 | G13: 182.74 | H13: 97.77 | I13: 0.95 | J13: 0.28 | K13: 285.33 | L13: 13.68 | M13: 71 | N13: 24.9 | O13: 0 | P13: 3.12 | Q13: 42.27
A14: 09-01-2023 06:00 | B14: 86.43 | C14: 128.01 | D14: 139.95 | E14: 5.62 | F14: 0.39 | G14: 144.72 | H14: 96.73 | I14: 0.73 | J14: 0.18 | K14: 358.99 | L14: 11.58 | M14: 77 | N14: 24.6 | O14: 0 | P14: 2.72 | Q14: 37.49
A15: 09-01-2023 07:00 | B15: 73.23 | C15: 114.12 | D15: 121.7 | E15: 5.26 | F15: 0.23 | G15: 120.5 | H15: 79.64 | I15: 0.59 | J15: 0.15 | K15: 340.2 | L15: 10.67 | M15: 82 | N15: 38.9 | O15: 0 | P15: 2.27 | Q15: 36.57
A16: 09-01-2023 08:00 | B16: 87.75 | C16: 127.83 | D16: 140.91 | E16: 5.28 | F16: 0.41 | G16: 130.47 | H16: 67.46 | I16: 0.44 | J16: 0.18 | K16: 144.62 | L16: 14.61 | M16: 82 | N16: 196 | O16: 0 | P16: 2.15 | Q16: 36.92
A17: 09-01-2023 09:00 | B17: 88.96 | C17: 134.03 | D17: 145.07 | E17: 7 | F17: 0.44 | G17: 161.2 | H17: 75.96 | I17: 0.4 | J17: 0.67 | K17: 359.86 | L17: 23.11 | M17: 51 | N17: 431.6 | O17: 0 | P17: 2.17 | Q17: 35.5
A18: 09-01-2023 10:00 | B18: 80.82 | C18: 132.73 | D18: 137.94 | E18: 7.77 | F18: 0.5 | G18: 161.2 | H18: 75.96 | I18: 0.36 | J18: 0.84 | K18: 54.28 | L18: 25.36 | M18: 28 | N18: 607.2 | O18: 0 | P18: 2.15 | Q18: 36.52
A19: 09-01-2023 11:00 | B19: 68.56 | C19: 131.5 | D19: 127.52 | E19: 6.94 | F19: 0.54 | G19: 141.45 | H19: 69.32 | I19: 0.34 | J19: 0.96 | K19: 83.68 | L19: 29.41 | M19: 21 | N19: 734 | O19: 0 | P19: 1.91 | Q19: 36.76
A20: 09-01-2023 12:00 | B20: 54.03 | C20: 130.67 | D20: 115.44 | E20: 7.03 | F20: 0.43 | G20: 94.9 | H20: 60 | I20: 0.3 | J20: 0.66 | K20: 137.91 | L20: 30.98 | M20: 21 | N20: 757.9 | O20: 0 | P20: 1.7 | Q20: 35.54
... A25: 09-01-2023 17:00 | B25: 21.73 | C25: 107.84 | D25: 76.63 | E25: 27.67 | F25: 6.3 | G25: 50.13 | H25: 27.93 | I25: 0.24 | J25: 0.73 | K25: 120.95 | L25: 26.9 | M25: 28 | N25: 3.1 | O25: 0 | P25: 1.06 | Q25: 38.32
A26: 09-01-2023 18:00 | B26: 32.97 | C26: 122.66 | D26: 94.13 | E26: 9.28 | F26: 0.32 | G26: 88.35 | H26: 38.56 | I26: 0.3 | J26: 0.38 | K26: 24.35 | L26: 25.3 | M26: 31 | N26: Maint. | O26: 0 | P26: 1.44 | Q26: 40.85
A27: 09-01-2023 19:00 | B27: 42.89 | C27: 135.68 | D27: 108.98 | E27: 10.68 | F27: 2.06 | G27: 112.15 | H27: 43.62 | I27: 0.38 | J27: 0.37 | K27: 93.32 | L27: 22.47 | M27: 37 | N27: Maint. | O27: 0 | P27: 1.78 | Q27: 41
A28: 09-01-2023 20:00 | B28: 54.12 | C28: 135.74 | D28: 116.62 | E28: 10.67 | F28: 0.46 | G28: 128.95 | H28: 57.05 | I28: 0.56 | J28: 0.34 | K28: 293.18 | L28: 21.66 | M28: 43 | N28: Maint. | O28: 0 | P28: 1.99 | Q28: 39.28
A29: 09-01-2023 21:00 | B29: 87.41 | C29: 149.52 | D29: 152.61 | E29: 7.62 | F29: 0.18 | G29: 218.29 | H29: 66.26 | I29: 0.79 | J29: 0.14 | K29: 328.96 | L29: 18.78 | M29: 51 | N29: Maint. | O29: 0 | P29: 2.77 | Q29: 44.03
A30: 09-01-2023 22:00 | B30: 160.82 | C30: 194.44 | D30: 236.28 | E30: 8.55 | F30: 0.03 | G30: 218.29 | H30: 79.26 | I30: 1.08 | J30: 0.15 | K30: 324.6 | L30: 17.99 | M30: 57 | N30: Maint. | O30: 0 | P30: 3.5 | Q30: 48.16
A31: 09-01-2023 23:00 | B31: 200.86 | C31: 213.57 | D31: 278.94 | E31: 8.4 | F31: 0.19 | G31: 235.76 | H31: 87.76 | I31: 1.27 | J31: 0.15 | K31: 359.97 | L31: 16.34 | M31: 64 | N31: Maint. | O31: 0 | P31: 3.93 | Q31: 49.16
A32: 09-01-2023 24:00 | B32: 232.21 | C32: 226.22 | D32: 310.8 | E32: 8.37 | F32: 0.17 | G32: 235.76 | H32: 94.56 | I32: 1.39 | J32: 0.13 | K32: 320.08 | L32: 15.27 | M32: 72 | N32: Maint. | O32: 0 | P32: 4.08 | Q32: 52.66
A34: Min | B34: =MIN(B9:B32) -> 20.03 | C34: =MIN(C9:C32) -> 106.26 | D34: =MIN(D9:D32) -> 74.7 | E34: =MIN(E9:E32) -> 5.26 | F34: =MIN(F9:F32) -> 0.03 | G34: =MIN(G9:G32) -> 50.13 | H34: =MIN(H9:H32) -> 27.93 | I34: =MIN(I9:I32) -> 0.24 | ... Q34: =MIN(Q9:Q32) -> 34.52
A35: Max | B35: =MAX(B9:B32) -> 232.21 | C35: =MAX(C9:C32) -> 226.22 | D35: =MAX(D9:D32) -> 310.8 | E35: =MAX(E9:E32) -> 27.67 | F35: =MAX(F9:F32) -> 6.3 | G35: =MAX(G9:G32) -> 235.76 | H35: =MAX(H9:H32) -> 117.96 | I35: =MAX(I9:I32) -> 1.42 | ... Q35: =MAX(Q9:Q32) -> 52.66
A36: Avg | B36: =AVERAGE(B9:B32) -> 98.250833 | C36: =AVERAGE(C9:C32) -> 147.84917 | D36: =AVERAGE(D9:D32) -> 160.215 | E36: =AVERAGE(E9:E32) -> 9.71875 | F36: =AVERAGE(F9:F32) -> 1.185 | G36: =AVERAGE(G9:G32) -> 144.95458 | H36: =AVERAGE(H9:H32) -> 70.780417 | I36: =AVERAGE(I9:I32) -> 0.695 | ... Q36: =AVERAGE(Q9:Q32) -> 41.3375
A37: Stdev | B37: =STDEV(B9:B32) -> 67.211823 | C37: =STDEV(C9:C32) -> 37.199325 | D37: =STDEV(D9:D32) -> 73.982234 | E37: =STDEV(E9:E32) -> 5.944691 | F37: =STDEV(F9:F32) -> 1.6807917 | G37: =STDEV(G9:G32) -> 63.34619 | H37: =STDEV(H9:H32) -> 28.771042 | I37: =STDEV(I9:I32) -> 0.44189316 | ... Q37: =STDEV(Q9:Q32) -> 5.4680863
A38: Num | B38: =COUNT(B9:B32) -> 24 | C38: =COUNT(C9:C32) -> 24 | D38: =COUNT(D9:D32) -> 24 | E38: =COUNT(E9:E32) -> 24 | F38: =COUNT(F9:F32) -> 24 | G38: =COUNT(G9:G32) -> 24 | H38: =COUNT(H9:H32) -> 24 | I38: =COUNT(I9:I32) -> 24 | ... M38: =COUNT(M9:M32) -> 24 | N38: =COUNT(N9:N32)+7 -> 24 | O38: =COUNT(O9:O32) -> 24 | P38: =COUNT(P9:P32) -> 24 | Q38: =COUNT(Q9:Q32) -> 24
A39: DCR | B39: =IF(B38>=22,">90%",IF(B38<=22,"<90%")) -> >90% | C39: =IF(C38>=22,">90%",IF(C38<=22,"<90%")) -> >90% | D39: =IF(D38>=22,">90%",IF(D38<=22,"<90%")) -> >90% | E39: =IF(E38>=22,">90%",IF(E38<=22,"<90%")) -> >90% | F39: =IF(F38>=22,">90%",IF(F38<=22,"<90%")) -> >90% | G39: =IF(G38>=22,">90%",IF(G38<=22,"<90%")) -> >90% | H39: =IF(H38>=22,">90%",IF(H38<=22,"<90%")) -> >90% | I39: =IF(I38>=22,">90%",IF(I38<=22,"<90%")) -> >90% | ... Q39: =IF(Q38>=22,">90%",IF(Q38<=22,"<90%")) -> >90%
A40: Status | B40: =IF(B38>=22,"OK",IF(B38<=22,"LESS")) -> OK | C40: =IF(C38>=22,"OK",IF(C38<=22,"LESS")) -> OK | D40: =IF(D38>=22,"OK",IF(D38<=22,"LESS")) -> OK | E40: =IF(E38>=22,"OK",IF(E38<=22,"LESS")) -> OK | F40: =IF(F38>=22,"OK",IF(F38<=22,"LESS")) -> OK | G40: =IF(G38>=22,"OK",IF(G38<=22,"LESS")) -> OK | H40: =IF(H38>=22,"OK",IF(H38<=22,"LESS")) -> OK | I40: =IF(I38>=22,"OK",IF(I38<=22,"LESS")) -> OK | ... Q40: =IF(Q38>=22,"OK",IF(Q38<=22,"LESS")) -> OK
A43: Done by | B43: RAHUL
A45: Comment

Sheet 10
A1: Station: | B1: BHATAGAON RAIPUR
A2: Date: | B2: =$A$9 -> 10-01-2023 01:00 | D2: Power Off | G2: Pw.Off | L2: Link Fail | N2: Link F | P2: Maintenance | R2: Maint.
A3: Report Type: | B3: Mean | D3: Calibration | G3: Calib. | L3: Data Fail | N3: Data F | P3: Invalid | R3: Invalid
A4: Time Base: | B4: 01 Hour | D4: Zero Referrence | G4: Z.Ref | L4: Warm Up | N4: Wm. Up
A7: Date & Time | B7: NO_BHATAGAON | C7: NO2_BHATAGAON | D7: NOX_BHATAGAON | E7: SO2_BHATAGAON | F7: O3_BHATAGAON | G7: PM10_BHATAGAON | H7: PM2_5_BHATAGAON | I7: BENZ_BHATAGAON | J7: WS_BHATAGAON | K7: WD_BHATAGAON | L7: TEMP_BHATAGAON | M7: HUM BHATAGAON | N7: SR_BHATAGAON | O7: RG_BHATAGAON | P7: CO_BHATAGAON | Q7: NH3_BHATAGAON
B8: ug/m3 | C8: ug/m3 | D8: ppb | E8: ug/m3 | F8: ug/m3 | G8: mg/m3 | H8: ug/m3 | I8: ug/m3 | J8: m/sec | K8: deg | L8: degreC | M8: % | N8: w/m2 | O8: mm | P8: ug/m3 | Q8: ug/m3
A9: 10-01-2023 01:00 | B9: 230.76 | C9: 223.81 | D9: 308.57 | E9: 7.74 | F9: 0.09 | G9: 219.87 | H9: 94.56 | I9: 1.4 | J9: 0.1 | K9: 296.47 | L9: 14.74 | M9: 77 | N9: Maint. | O9: 0 | P9: 3.92 | Q9: 53.81
A10: 10-01-2023 02:00 | B10: 212.63 | C10: 208.53 | D10: 285.6 | E10: 7.38 | F10: 0.24 | G10: 219.87 | H10: 93.24 | I10: 1.34 | J10: 0.1 | K10: 345.56 | L10: 14.48 | M10: 82 | N10: Maint. | O10: 0 | P10: 3.55 | Q10: 51.89
A11: 10-01-2023 03:00 | B11: 190.22 | C11: 188.11 | D11: 256.36 | E11: 7.62 | F11: 0.12 | G11: 167.45 | H11: 89.43 | I11: 1.33 | J11: 0.14 | K11: 329.58 | L11: 14.4 | M11: 82 | N11: Maint. | O11: 0 | P11: 3.54 | Q11: 47.44
A12: 10-01-2023 04:00 | B12: 171.99 | C12: 170.19 | D12: 231.85 | E12: 6.88 | F12: 0.31 | G12: 162.66 | H12: 89.43 | I12: 1.32 | J12: 0.14 | K12: 307.66 | L12: 13.41 | M12: 83 | N12: Maint. | O12: 0 | P12: 3.27 | Q12: 45.92
A13: 10-01-2023 05:00 | B13: 136.85 | C13: 146.52 | D13: 190.61 | E13: 5.31 | F13: 0.02 | G13: 115.7 | H13: 73.56 | I13: 1.14 | J13: 0.23 | K13: 340.41 | L13: 12.92 | M13: 85 | N13: Maint. | O13: 0 | P13: 2.78 | Q13: 44.96
A14: 10-01-2023 06:00 | B14: 127.17 | C14: 141.04 | D14: 179.82 | E14: 5.15 | F14: 0.12 | G14: 106.48 | H14: 66.45 | I14: 0.95 | J14: 0.17 | K14: 343.96 | L14: 12.96 | M14: 88 | N14: Maint. | O14: 0 | P14: 2.44 | Q14: 43.02
A15: 10-01-2023 07:00 | B15: 113.14 | C15: 131.97 | D15: 163.57 | E15: 4.72 | F15: 0.12 | G15: 106.48 | H15: 58.07 | I15: 0.81 | J15: 0.16 | K15: 342.4 | L15: 12.3 | M15: 89 | N15: Maint. | O15: 0 | P15: 2.15 | Q15: 39.53
A16: 10-01-2023 08:00 | B16: 107.23 | C16: 130.15 | D16: 156.67 | E16: 4.55 | F16: 0.4 | G16: 111.09 | H16: 58.22 | I16: 0.67 | J16: 0.24 | K16: 301.07 | L16: 15.91 | M16: 87 | N16: 67.5 | O16: 0 | P16: 2.16 | Q16: 41.61
A17: 10-01-2023 09:00 | B17: 106.21 | C17: 156.73 | D17: 170.91 | E17: 5.34 | F17: 0.2 | G17: 137.25 | H17: 63.66 | I17: 0.54 | J17: 0.63 | K17: 170.95 | L17: 22.52 | M17: 60 | N17: 263.3 | O17: 0 | P17: 2.22 | Q17: 41.51
A18: 10-01-2023 10:00 | B18: 99.55 | C18: 151.33 | D18: 163.35 | E18: 5.16 | F18: 0.71 | G18: 137.97 | H18: 67.23 | I18: 0.52 | J18: 0.67 | K18: 186.92 | L18: 23.94 | M18: 49 | N18: 449.7 | O18: 0 | P18: 2.2 | Q18: 40.29
A19: 10-01-2023 11:00 | B19: 72.98 | C19: 138.74 | D19: 135.09 | E19: 16.86 | F19: 2.43 | G19: 137.97 | H19: 67.23 | I19: 0.51 | J19: 0.49 | K19: 158.13 | L19: 27.4 | M19: 33 | N19: 543.2 | O19: 0 | P19: 2.01 | Q19: 40.12
A20: 10-01-2023 12:00 | B20: 5.01 | C20: 126.43 | D20: 73.79 | E20: 5.71 | F20: 4.51 | G20: Calib. | H20: Calib. | I20: 0.23 | J20: 0.86 | K20: 136.06 | L20: 29.18 | M20: 25 | N20: 602.2 | O20: 0 | P20: 1.42 | Q20: 25.85
A21: 10-01-2023 13:00 | B21: 3.23 | C21: 97.49 | D21: 55.83 | E21: 11.89 | F21: 10.09 | G21: 92.42 | H21: 35.51 | I21: 0.2 | J21: 0.45 | K21: 100.6 | L21: 31.87 | M21: 21 | N21: 597.1 | O21: 0 | P21: 1.05 | Q21: 26.08
A22: 10-01-2023 14:00 | B22: 4.26 | C22: 102.91 | D22: 60.21 | E22: 15.57 | F22: 8.48 | G22: 92.42 | H22: 35.51 | I22: 0.2 | J22: 0.8 | K22: 350.52 | L22: 32.42 | M22: 17 | N22: 547.4 | O22: 0 | P22: 1.08 | Q22: 25.61
A23: 10-01-2023 15:00 | B23: 3.96 | C23: 101.04 | D23: 58.94 | E23: 8.06 | F23: 3.42 | G23: 86.75 | H23: 36.46 | I23: 0.22 | J23: 0.42 | K23: 211.23 | L23: 31.71 | M23: 18 | N23: 359.7 | O23: 0 | P23: 1.09 | Q23: 31.1
A24: 10-01-2023 16:00 | B24: 2.38 | C24: 101.59 | D24: 57.97 | E24: 28.09 | F24: 20.02 | G24: 86.75 | H24: 37.19 | I24: 0.21 | J24: 0.71 | K24: 150.08 | L24: 29.7 | M24: 23 | N24: 166.9 | O24: 0 | P24: 1.06 | Q24: 34.56
A25: 10-01-2023 17:00 | B25: 2.38 | C25: 126.3 | D25: 71.02 | E25: 49.16 | F25: 34.7 | G25: 80.95 | H25: 37.63 | I25: 0.19 | J25: 0.39 | K25: 167.97 | L25: 27.68 | M25: 31 | N25: 0.4 | O25: 0 | P25: 1.13 | Q25: 34.92
A26: 10-01-2023 18:00 | B26: 7.81 | C26: 136.32 | D26: 78.45 | E26: 30.42 | F26: 9.25 | G26: 196.35 | H26: 54.07 | I26: 0.32 | J26: 0.11 | K26: 151.21 | L26: 25.13 | M26: 44 | N26: Maint. | O26: 0 | P26: 1.25 | Q26: 34.29
A27: 10-01-2023 19:00 | B27: 39.55 | C27: 165.83 | D27: 123.24 | E27: 6.1 | F27: 0.13 | G27: 209.97 | H27: 66.15 | I27: 0.44 | J27: 0.13 | K27: 141.57 | L27: 21.51 | M27: 57 | N27: Maint. | O27: 0 | P27: 1.96 | Q27: 40.24
A28: 10-01-2023 20:00 | B28: 79.97 | C28: 188.81 | D28: 168.32 | E28: 6 | F28: 0.12 | G28: 209.97 | H28: 82.79 | I28: 0.81 | J28: 0.08 | K28: 311.52 | L28: 19.93 | M28: 60 | N28: Maint. | O28: 0 | P28: 2.77 | Q28: 41.18
A29: 10-01-2023 21:00 | B29: 133.82 | C29: 209.67 | D29: 223.03 | E29: 6.36 | F29: 0.2 | G29: Invalid | H29: 107.65 | I29: 1.27 | J29: 0.09 | K29: 314.31 | L29: 19.05 | M29: 67 | N29: Maint. | O29: 0 | P29: 3.82 | Q29: 45.88
A30: 10-01-2023 22:00 | B30: 185.41 | C30: 242.2 | D30: 282.35 | E30: 7.08 | F30: 0.22 | G30: Invalid | H30: 121.92 | I30: 1.66 | J30: 0.1 | K30: 307.32 | L30: 18.09 | M30: 69 | N30: Maint. | O30: 0 | P30: 4.73 | Q30: 54.22
A31: 10-01-2023 23:00 | B31: 213.66 | C31: 254.58 | D31: 311.84 | E31: 7.53 | F31: 0.16 | G31: Invalid | H31: 125.29 | I31: 1.85 | J31: 0.18 | K31: 331.56 | L31: 17.42 | M31: 76 | N31: Maint. | O31: 0 | P31: 5.37 | Q31: 55.23
A32: 10-01-2023 24:00 | B32: 241.39 | C32: 260.86 | D32: 337.16 | E32: 8.13 | F32: 0.09 | G32: 241.31 | H32: 128.7 | I32: 2 | J32: 0.12 | K32: 358.38 | L32: 16.73 | M32: 75 | N32: Maint. | O32: 0 | P32: 5.58 | Q32: 55.76
A34: Min | B34: =MIN(B9:B32) -> 2.38 | C34: =MIN(C9:C32) -> 97.49 | D34: =MIN(D9:D32) -> 55.83 | E34: =MIN(E9:E32) -> 4.55 | F34: =MIN(F9:F32) -> 0.02 | G34: =MIN(G9:G32) -> 80.95 | H34: =MIN(H9:H32) -> 35.51 | I34: =MIN(I9:I32) -> 0.19 | ... Q34: =MIN(Q9:Q32) -> 25.61
A35: Max | B35: =MAX(B9:B32) -> 241.39 | C35: =MAX(C9:C32) -> 260.86 | D35: =MAX(D9:D32) -> 337.16 | E35: =MAX(E9:E32) -> 49.16 | F35: =MAX(F9:F32) -> 34.7 | G35: =MAX(G9:G32) -> 241.31 | H35: =MAX(H9:H32) -> 128.7 | I35: =MAX(I9:I32) -> 2 | ... Q35: =MAX(Q9:Q32) -> 55.76
A36: Avg | B36: =AVERAGE(B9:B32) -> 103.815 | C36: =AVERAGE(C9:C32) -> 162.54792 | D36: =AVERAGE(D9:D32) -> 172.68958 | E36: =AVERAGE(E9:E32) -> 11.117083 | F36: =AVERAGE(F9:F32) -> 4.00625 | G36: =AVERAGE(G9:G32) -> 145.984 | H36: =AVERAGE(H9:H32) -> 73.476087 | I36: =AVERAGE(I9:I32) -> 0.83875 | ... Q36: =AVERAGE(Q9:Q32) -> 41.459167
A37: Stdev | B37: =STDEV(B9:B32) -> 82.247239 | C37: =STDEV(C9:C32) -> 49.345741 | D37: =STDEV(D9:D32) -> 90.595235 | E37: =STDEV(E9:E32) -> 10.611316 | F37: =STDEV(F9:F32) -> 8.1239709 | G37: =STDEV(G9:G32) -> 53.26937 | H37: =STDEV(H9:H32) -> 29.122592 | I37: =STDEV(I9:I32) -> 0.57167422 | ... Q37: =STDEV(Q9:Q32) -> 9.0820898
A38: Num | B38: =COUNT(B9:B32) -> 24 | C38: =COUNT(C9:C32) -> 24 | D38: =COUNT(D9:D32) -> 24 | E38: =COUNT(E9:E32) -> 24 | F38: =COUNT(F9:F32) -> 24 | G38: =COUNT(G9:G32)+1 -> 21 | H38: =COUNT(H9:H32)+1 -> 24 | I38: =COUNT(I9:I32) -> 24 | J38: =COUNT(J9:J32) -> 24 | K38: =COUNT(K9:K32) -> 24 | L38: =COUNT(L9:L32) -> 24 | M38: =COUNT(M9:M32) -> 24 | N38: =COUNT(N9:N32) -> 10 | O38: =COUNT(O9:O32) -> 24 | P38: =COUNT(P9:P32) -> 24 | Q38: =COUNT(Q9:Q32) -> 24
A39: DCR | B39: =IF(B38>=22,">90%",IF(B38<=22,"<90%")) -> >90% | C39: =IF(C38>=22,">90%",IF(C38<=22,"<90%")) -> >90% | D39: =IF(D38>=22,">90%",IF(D38<=22,"<90%")) -> >90% | E39: =IF(E38>=22,">90%",IF(E38<=22,"<90%")) -> >90% | F39: =IF(F38>=22,">90%",IF(F38<=22,"<90%")) -> >90% | G39: =IF(G38>=22,">90%",IF(G38<=22,"<90%")) -> <90% | H39: =IF(H38>=22,">90%",IF(H38<=22,"<90%")) -> >90% | I39: =IF(I38>=22,">90%",IF(I38<=22,"<90%")) -> >90% | ... Q39: =IF(Q38>=22,">90%",IF(Q38<=22,"<90%")) -> >90%
A40: Status | B40: =IF(B38>=22,"OK",IF(B38<=22,"LESS")) -> OK | C40: =IF(C38>=22,"OK",IF(C38<=22,"LESS")) -> OK | D40: =IF(D38>=22,"OK",IF(D38<=22,"LESS")) -> OK | E40: =IF(E38>=22,"OK",IF(E38<=22,"LESS")) -> OK | F40: =IF(F38>=22,"OK",IF(F38<=22,"LESS")) -> OK | G40: =IF(G38>=22,"OK",IF(G38<=22,"LESS")) -> LESS | H40: =IF(H38>=22,"OK",IF(H38<=22,"LESS")) -> OK | I40: =IF(I38>=22,"OK",IF(I38<=22,"LESS")) -> OK | ... Q40: =IF(Q38>=22,"OK",IF(Q38<=22,"LESS")) -> OK
A43: Done by | B43: RAHUL
A45: Comment

Sheet 11
A1: Station: | B1: BHATAGAON RAIPUR
A2: Date: | B2: =$A$9 -> 11-01-2023 01:00 | D2: Power Off | G2: Pw.Off | L2: Link Fail | N2: Link F | P2: Maintenance | R2: Maint.
A3: Report Type: | B3: Mean | D3: Calibration | G3: Calib. | L3: Data Fail | N3: Data F | P3: Invalid | R3: Invalid
A4: Time Base: | B4: 01 Hour | D4: Zero Referrence | G4: Z.Ref | L4: Warm Up | N4: Wm. Up
A7: Date & Time | B7: NO_BHATAGAON | C7: NO2_BHATAGAON | D7: NOX_BHATAGAON | E7: SO2_BHATAGAON | F7: O3_BHATAGAON | G7: PM10_BHATAGAON | H7: PM2_5_BHATAGAON | I7: BENZ_BHATAGAON | J7: WS_BHATAGAON | K7: WD_BHATAGAON | L7: TEMP_BHATAGAON | M7: HUM BHATAGAON | N7: SR_BHATAGAON | O7: RG_BHATAGAON | P7: CO_BHATAGAON | Q7: NH3_BHATAGAON
B8: ug/m3 | C8: ug/m3 | D8: ppb | E8: ug/m3 | F8: ug/m3 | G8: mg/m3 | H8: ug/m3 | I8: ug/m3 | J8: m/sec | K8: deg | L8: degreC | M8: % | N8: w/m2 | O8: mm | P8: ug/m3 | Q8: ug/m3
A9: 11-01-2023 01:00 | B9: 244.01 | C9: 258.12 | D9: 337.51 | E9: 7.24 | F9: 0.21 | G9: 241.31 | H9: 128.7 | I9: 2.02 | J9: 0.1 | K9: 347.53 | L9: 15.96 | M9: 79 | N9: Maint. | O9: 0 | P9: 5.59 | Q9: 57.73
A10: 11-01-2023 02:00 | B10: 243.4 | C10: 250.58 | D10: 333.48 | E10: 7.08 | F10: 0.48 | G10: 207.56 | H10: 118.13 | I10: 2.03 | J10: 0.15 | K10: 295.42 | L10: 15.88 | M10: 80 | N10: Maint. | O10: 0 | P10: 5.41 | Q10: 58.54
A11: 11-01-2023 03:00 | B11: 218.87 | C11: 227.48 | D11: 301.06 | E11: 6.88 | F11: 0.56 | G11: 186.91 | H11: 113.25 | I11: 2.04 | J11: 0.13 | K11: 330.67 | L11: 15.32 | M11: 78 | N11: Maint. | O11: 0 | P11: 5.33 | Q11: 56.22
A12: 11-01-2023 04:00 | B12: 189.72 | C12: 198.78 | D12: 261.85 | E12: 6.6 | F12: 0.5 | G12: 164.23 | H12: 104.29 | I12: 2.01 | J12: 0.16 | K12: 320.89 | L12: 14.41 | M12: 83 | N12: Maint. | O12: 0 | P12: 5.21 | Q12: 51.18
A13: 11-01-2023 05:00 | B13: 151.78 | C13: 168.04 | D13: 214.45 | E13: 6.17 | F13: Z.Ref | G13: 137.41 | H13: 96.47 | I13: 1.84 | J13: 0.13 | K13: 297.62 | L13: 13.69 | M13: 85 | N13: Maint. | O13: 0 | P13: 4.39 | Q13: 48.3
A14: 11-01-2023 06:00 | B14: 141.54 | C14: 163.62 | D14: 203.8 | E14: 6.01 | F14: 0.1 | G14: 162.47 | H14: 81.85 | I14: 1.39 | J14: 0.22 | K14: 346.22 | L14: 13.84 | M14: 84 | N14: Maint. | O14: 0 | P14: 3.64 | Q14: 47.65
A15: 11-01-2023 07:00 | B15: 157.16 | C15: 171.45 | D15: 220.65 | E15: 5.5 | F15: 0.02 | G15: 164.11 | H15: 75.51 | I15: 1.08 | J15: 0.16 | K15: 334.59 | L15: 12.94 | M15: 87 | N15: Maint. | O15: 0 | P15: 3.18 | Q15: 45.06
A16: 11-01-2023 08:00 | B16: 175.91 | C16: 186.27 | D16: 243.69 | E16: 5.94 | F16: 0.4 | G16: 191.57 | H16: 81.86 | I16: 0.93 | J16: 0.42 | K16: 347.57 | L16: 17.17 | M16: 79 | N16: 69.6 | O16: 0 | P16: 3.12 | Q16: 45.9
A17: 11-01-2023 09:00 | B17: 168.86 | C17: 194.61 | D17: 239.84 | E17: 6.69 | F17: 0.41 | G17: 191.57 | H17: 81.86 | I17: 0.87 | J17: 1.57 | K17: 115.97 | L17: 20.47 | M17: 44 | N17: 296.2 | O17: 0 | P17: 2.92 | Q17: 47.71
A18: 11-01-2023 10:00 | B18: 121.16 | C18: 163.8 | D18: 187.56 | E18: 6.04 | F18: 0.28 | G18: Invalid | H18: 64.82 | I18: 0.74 | J18: 2.08 | K18: 119.74 | L18: 22.81 | M18: 43 | N18: 448.4 | O18: 0 | P18: 2.37 | Q18: 44.12
A19: 11-01-2023 11:00 | B19: 68.63 | C19: 138.64 | D19: 131.54 | E19: 13.21 | F19: 3.82 | G19: Invalid | H19: 54.33 | I19: 0.57 | J19: 1.29 | K19: 116.28 | L19: 28.12 | M19: 35 | N19: 539 | O19: 0 | P19: 1.76 | Q19: 38.64
A20: 11-01-2023 12:00 | B20: 3.91 | C20: 95.01 | D20: 55.57 | E20: 6.29 | F20: 16.36 | G20: 51.51 | H20: 39.94 | I20: 0.21 | J20: 1.13 | K20: 130.82 | L20: 26.47 | M20: 32 | N20: 572.8 | O20: 0 | P20: 0.47 | Q20: 24.25
A21: 11-01-2023 13:00 | B21: 1.73 | C21: 72.81 | D21: 41.14 | E21: 6.56 | F21: 9.03 | G21: 51.51 | H21: 34.53 | I21: 0.11 | J21: 0.6 | K21: 77.68 | L21: 30.65 | M21: 24 | N21: 567 | O21: 0 | P21: 0.62 | Q21: 20.86
A22: 11-01-2023 14:00 | B22: 3 | C22: 75.87 | D22: 43.13 | E22: 9.62 | F22: 21.89 | G22: 50.93 | H22: 31.16 | I22: 0.47 | J22: 0.87 | K22: 136.75 | L22: 31.65 | M22: 24 | N22: 504.4 | O22: 0 | P22: 0.73 | Q22: 22.06
A23: 11-01-2023 15:00 | B23: 3.12 | C23: 77.18 | D23: 45.09 | E23: 10.96 | F23: 26.53 | G23: 50.93 | H23: 26.99 | I23: 0.33 | J23: 0.39 | K23: 349.04 | L23: 31.81 | M23: 20 | N23: 408.4 | O23: 0 | P23: 0.75 | Q23: 22.06
A24: 11-01-2023 16:00 | B24: 2.34 | C24: 77.02 | D24: 43.71 | E24: 7.67 | F24: 11.49 | G24: 47.37 | H24: 26.99 | I24: 0.2 | J24: 0.36 | K24: 340.68 | L24: 31.07 | M24: 23 | N24: 261.8 | O24: 0 | P24: 0.76 | Q24: 25.12
A25: 11-01-2023 17:00 | B25: 7.63 | C25: 97.77 | D25: 60.49 | E25: 17.38 | F25: 12.09 | G25: 52.84 | H25: 27.64 | I25: 0.19 | J25: 0.11 | K25: 342.02 | L25: 27.94 | M25: 28 | N25: 3.9 | O25: 0 | P25: 1.16 | Q25: 27.53
A26: 11-01-2023 18:00 | B26: 23.64 | C26: 142.67 | D26: 96.55 | E26: 16.64 | F26: 4.95 | G26: 91.21 | H26: 33.28 | I26: 0.27 | J26: 0.07 | K26: 307.45 | L26: 25.42 | M26: 44 | N26: Maint. | O26: 0 | P26: 1.72 | Q26: 28.61
A27: 11-01-2023 19:00 | B27: 42.36 | C27: 143.9 | D27: 113.8 | E27: 5.09 | F27: 0.2 | G27: 187.96 | H27: 46.55 | I27: 0.38 | J27: 0.07 | K27: 289.5 | L27: 21.86 | M27: 53 | N27: Maint. | O27: 0 | P27: 1.92 | Q27: 35.66
A28: 11-01-2023 20:00 | B28: 82.85 | C28: 173.61 | D28: 162.67 | E28: 5.41 | F28: 0.23 | G28: 187.96 | H28: 59.73 | I28: 0.53 | J28: 0.15 | K28: 333 | L28: 20.11 | M28: 60 | N28: Maint. | O28: 0 | P28: 2.56 | Q28: 40.14
A29: 11-01-2023 21:00 | B29: 122.14 | C29: 192.16 | D29: 204.41 | E29: 4.54 | F29: 0.1 | G29: 228.58 | H29: 77.09 | I29: 0.76 | J29: 0.1 | K29: 315.96 | L29: 19.11 | M29: 62 | N29: Maint. | O29: 0 | P29: 3.26 | Q29: 41.94
A30: 11-01-2023 22:00 | B30: 157.33 | C30: 204.11 | D30: 239.23 | E30: 5.09 | F30: 1.04 | G30: 228.58 | H30: 88.62 | I30: 0.96 | J30: 0.08 | K30: 318.92 | L30: 18.15 | M30: 69 | N30: Maint. | O30: 0 | P30: 3.8 | Q30: 45.66
A31: 11-01-2023 23:00 | B31: 201.4 | C31: 230.71 | D31: 289.24 | E31: 5.73 | F31: 0.17 | G31: 242.78 | H31: 96.91 | I31: 1.17 | J31: 0.14 | K31: 318.82 | L31: 17.42 | M31: 71 | N31: Maint. | O31: 0 | P31: 4.23 | Q31: 52.45
A32: 11-01-2023 24:00 | B32: 203.97 | C32: 232 | D32: 292.02 | E32: 5.45 | F32: 0.11 | G32: 242.78 | H32: 96.91 | I32: 1.37 | J32: 0.14 | K32: 319.24 | L32: 16.97 | M32: 74 | N32: Maint. | O32: 0 | P32: 4.21 | Q32: 52.98
A34: Min | B34: =MIN(B9:B32) -> 1.73 | C34: =MIN(C9:C32) -> 72.81 | D34: =MIN(D9:D32) -> 41.14 | E34: =MIN(E9:E32) -> 4.54 | F34: =MIN(F9:F32) -> 0.02 | G34: =MIN(G9:G32) -> 47.37 | H34: =MIN(H9:H32) -> 26.99 | I34: =MIN(I9:I32) -> 0.11 | ... Q34: =MIN(Q9:Q32) -> 20.86
A35: Max | B35: =MAX(B9:B32) -> 244.01 | C35: =MAX(C9:C32) -> 258.12 | D35: =MAX(D9:D32) -> 337.51 | E35: =MAX(E9:E32) -> 17.38 | F35: =MAX(F9:F32) -> 26.53 | G35: =MAX(G9:G32) -> 242.78 | H35: =MAX(H9:H32) -> 128.7 | I35: =MAX(I9:I32) -> 2.04 | ... Q35: =MAX(Q9:Q32) -> 58.54
A36: Avg | B36: =AVERAGE(B9:B32) -> 114.01917 | C36: =AVERAGE(C9:C32) -> 164.00875 | D36: =AVERAGE(D9:D32) -> 181.77 | E36: =AVERAGE(E9:E32) -> 7.6579167 | F36: =AVERAGE(F9:F32) -> 4.8247826 | G36: =AVERAGE(G9:G32) -> 152.82182 | H36: =AVERAGE(H9:H32) -> 70.30875 | I36: =AVERAGE(I9:I32) -> 0.93625 | ... Q36: =AVERAGE(Q9:Q32) -> 40.84875
A37: Stdev | B37: =STDEV(B9:B32) -> 85.578807 | C37: =STDEV(C9:C32) -> 57.672698 | D37: =STDEV(D9:D32) -> 99.538698 | E37: =STDEV(E9:E32) -> 3.4812054 | F37: =STDEV(F9:F32) -> 7.7358697 | G37: =STDEV(G9:G32) -> 73.002581 | H37: =STDEV(H9:H32) -> 31.7906 | I37: =STDEV(I9:I32) -> 0.66099933 | ... Q37: =STDEV(Q9:Q32) -> 12.225854
A38: Num | B38: =COUNT(B9:B32) -> 24 | C38: =COUNT(C9:C32) -> 24 | D38: =COUNT(D9:D32) -> 24 | E38: =COUNT(E9:E32) -> 24 | F38: =COUNT(F9:F32)+1 -> 24 | G38: =COUNT(G9:G32) -> 22 | H38: =COUNT(H9:H32) -> 24 | I38: =COUNT(I9:I32) -> 24 | J38: =COUNT(J9:J32) -> 24 | K38: =COUNT(K9:K32) -> 24 | L38: =COUNT(L9:L32) -> 24 | M38: =COUNT(M9:M32) -> 24 | N38: =COUNT(N9:N32)+14 -> 24 | O38: =COUNT(O9:O32) -> 24 | P38: =COUNT(P9:P32) -> 24 | Q38: =COUNT(Q9:Q32) -> 24
A39: DCR | B39: =IF(B38>=22,">90%",IF(B38<=22,"<90%")) -> >90% | C39: =IF(C38>=22,">90%",IF(C38<=22,"<90%")) -> >90% | D39: =IF(D38>=22,">90%",IF(D38<=22,"<90%")) -> >90% | E39: =IF(E38>=22,">90%",IF(E38<=22,"<90%")) -> >90% | F39: =IF(F38>=22,">90%",IF(F38<=22,"<90%")) -> >90% | G39: =IF(G38>=22,">90%",IF(G38<=22,"<90%")) -> >90% | H39: =IF(H38>=22,">90%",IF(H38<=22,"<90%")) -> >90% | I39: =IF(I38>=22,">90%",IF(I38<=22,"<90%")) -> >90% | ... Q39: =IF(Q38>=22,">90%",IF(Q38<=22,"<90%")) -> >90%
A40: Status | B40: =IF(B38>=22,"OK",IF(B38<=22,"LESS")) -> OK | C40: =IF(C38>=22,"OK",IF(C38<=22,"LESS")) -> OK | D40: =IF(D38>=22,"OK",IF(D38<=22,"LESS")) -> OK | E40: =IF(E38>=22,"OK",IF(E38<=22,"LESS")) -> OK | F40: =IF(F38>=22,"OK",IF(F38<=22,"LESS")) -> OK | G40: =IF(G38>=22,"OK",IF(G38<=22,"LESS")) -> OK | H40: =IF(H38>=22,"OK",IF(H38<=22,"LESS")) -> OK | I40: =IF(I38>=22,"OK",IF(I38<=22,"LESS")) -> OK | ... Q40: =IF(Q38>=22,"OK",IF(Q38<=22,"LESS")) -> OK
A43: Done by | B43: RAHUL
A45: Comment

Sheet 12
A1: Station: | B1: BHATAGAON RAIPUR
A2: Date: | B2: =$A$9 -> 12-01-2023 01:00 | D2: Power Off | G2: Pw.Off | L2: Link Fail | N2: Link F | P2: Maintenance | R2: Maint.
A3: Report Type: | B3: Mean | D3: Calibration | G3: Calib. | L3: Data Fail | N3: Data F | P3: Invalid | R3: Invalid
A4: Time Base: | B4: 01 Hour | D4: Zero Referrence | G4: Z.Ref | L4: Warm Up | N4: Wm. Up
A7: Date & Time | B7: NO_BHATAGAON | C7: NO2_BHATAGAON | D7: NOX_BHATAGAON | E7: SO2_BHATAGAON | F7: O3_BHATAGAON | G7: PM10_BHATAGAON | H7: PM2_5_BHATAGAON | I7: BENZ_BHATAGAON | J7: WS_BHATAGAON | K7: WD_BHATAGAON | L7: TEMP_BHATAGAON | M7: HUM BHATAGAON | N7: SR_BHATAGAON | O7: RG_BHATAGAON | P7: CO_BHATAGAON | Q7: NH3_BHATAGAON
B8: ug/m3 | C8: ug/m3 | D8: ppb | E8: ug/m3 | F8: ug/m3 | G8: mg/m3 | H8: ug/m3 | I8: ug/m3 | J8: m/sec | K8: deg | L8: degreC | M8: % | N8: w/m2 | O8: mm | P8: ug/m3 | Q8: ug/m3
A9: 12-01-2023 01:00 | B9: 176.2 | C9: 201.86 | D9: 253.11 | E9: 5.59 | F9: 0.2 | G9: 155.74 | H9: 89.16 | I9: 1.29 | J9: 0.22 | K9: 345.07 | L9: 16.25 | M9: 79 | N9: Maint. | O9: 0 | P9: 3.91 | Q9: 49.39
A10: 12-01-2023 02:00 | B10: 135.34 | C10: 166.54 | D10: 200.85 | E10: 5.04 | F10: 0.15 | G10: 96.44 | H10: 70.94 | I10: 1.03 | J10: 0.11 | K10: 328.29 | L10: 15.37 | M10: 78 | N10: Maint. | O10: 0 | P10: 3.05 | Q10: 45.25
A11: 12-01-2023 03:00 | B11: 97.34 | C11: 138.02 | D11: 154.65 | E11: 4.61 | F11: 0.11 | G11: 82.88 | H11: 50.92 | I11: 0.84 | J11: 0.14 | K11: 338.45 | L11: 14.81 | M11: 76 | N11: Maint. | O11: 0 | P11: 2.56 | Q11: 43.71
A12: 12-01-2023 04:00 | B12: 66.67 | C12: 121.26 | D12: 120.8 | E12: 4.15 | F12: 0.12 | G12: 88.51 | H12: 50.92 | I12: 0.63 | J12: 0.16 | K12: 328.72 | L12: 14.27 | M12: 82 | N12: Maint. | O12: 0 | P12: 2.04 | Q12: 40.41
A13: 12-01-2023 05:00 | B13: 53.11 | C13: 107.28 | D13: 101.84 | E13: 4.6 | F13: 0.03 | G13: 111.12 | H13: 49.22 | I13: 0.49 | J13: 0.16 | K13: 344.29 | L13: 13.89 | M13: 88 | N13: Maint. | O13: 0 | P13: 1.71 | Q13: 36.38
A14: 12-01-2023 06:00 | B14: 58.83 | C14: 110.05 | D14: 108.33 | E14: 4.75 | F14: 0.01 | G14: 111.12 | H14: 53.69 | I14: 0.44 | J14: 0.12 | K14: 322.84 | L14: 13.85 | M14: 87 | N14: Maint. | O14: 0 | P14: 1.58 | Q14: 38.42
A15: 12-01-2023 07:00 | B15: 69.64 | C15: 115.24 | D15: 119.85 | E15: 4.82 | F15: 0.01 | G15: 97.49 | H15: 53.69 | I15: 0.41 | J15: 0.14 | K15: 338.77 | L15: 13.76 | M15: 89 | N15: Maint. | O15: 0 | P15: 1.56 | Q15: 38.64
A16: 12-01-2023 08:00 | B16: 80.58 | C16: 121.9 | D16: 132.08 | E16: 4.57 | F16: 0.05 | G16: 110.46 | H16: 55.76 | I16: 0.39 | J16: 0.53 | K16: 353.34 | L16: 16.62 | M16: 89 | N16: 66.5 | O16: 0 | P16: 1.7 | Q16: 38.54
A17: 12-01-2023 09:00 | B17: 73.53 | C17: 129.03 | D17: 130.59 | E17: 4.26 | F17: 0.16 | G17: 110.46 | H17: 55.76 | I17: 0.39 | J17: 0.99 | K17: 197.86 | L17: 20.11 | M17: 69 | N17: 287 | O17: 0 | P17: 1.66 | Q17: 36.93
A18: 12-01-2023 10:00 | B18: 52.56 | C18: 108.62 | D18: 102.51 | E18: 4.14 | F18: 0.27 | G18: 51.29 | H18: 46.66 | I18: 0.35 | J18: 1.06 | K18: 330.68 | L18: 24.12 | M18: 57 | N18: 433.4 | O18: 0 | P18: 1.45 | Q18: 38.3
A19: 12-01-2023 11:00 | B19: 29.25 | C19: 103.72 | D19: 81.11 | E19: 4.05 | F19: 0.29 | G19: 49.81 | H19: 40.85 | I19: 0.3 | J19: 0.66 | K19: 221.04 | L19: 27.44 | M19: 44 | N19: 528.2 | O19: 0 | P19: 1.25 | Q19: 36.33
A20: 12-01-2023 12:00 | B20: 14.77 | C20: 100.86 | D20: 67.92 | E20: 3.88 | F20: 0.69 | G20: 44.93 | H20: 38.45 | I20: 0.26 | J20: 0.44 | K20: 351.49 | L20: 31.67 | M20: 33 | N20: 550.9 | O20: 0 | P20: 1.14 | Q20: 35.32
A21: 12-01-2023 13:00 | B21: 7.35 | C21: 96.72 | D21: 59.69 | E21: 7.14 | F21: 2.7 | G21: 49.64 | H21: 33.78 | I21: 0.26 | J21: 0.38 | K21: 356.89 | L21: 31.13 | M21: 25 | N21: 553.2 | O21: 0 | P21: 1.02 | Q21: 35.5
A22: 12-01-2023 14:00 | B22: 2.03 | C22: 91.28 | D22: 52.42 | E22: 6.72 | F22: 3.96 | G22: 60.54 | H22: 33.58 | I22: 0.22 | J22: 0.25 | K22: 41.49 | L22: 31.57 | M22: 23 | N22: 469 | O22: 0 | P22: 1.02 | Q22: 35.1
A23: 12-01-2023 15:00 | B23: 1.5 | C23: 84.86 | D23: 48.43 | E23: 6.38 | F23: 5.32 | G23: 60.54 | H23: 33.58 | I23: 0.17 | J23: 0.23 | K23: 355.75 | L23: 30.26 | M23: 23 | N23: 378.7 | O23: 0 | P23: 0.98 | Q23: 32.38
A24: 12-01-2023 16:00 | B24: 1.55 | C24: 78.54 | D24: 44.97 | E24: 5.92 | F24: 6.13 | G24: 53.49 | H24: 32.66 | I24: 0.15 | J24: 0.23 | K24: 38.78 | L24: 29.96 | M24: 25 | N24: 222.1 | O24: 0 | P24: 0.94 | Q24: 28.92
A25: 12-01-2023 17:00 | B25: 1.91 | C25: 81 | D25: 46.65 | E25: 5.36 | F25: 2.81 | G25: 53.49 | H25: 31.57 | I25: 0.15 | J25: 0.25 | K25: 345.01 | L25: 28.42 | M25: 30 | N25: 6.9 | O25: 0 | P25: 0.94 | Q25: 31.98
A26: 12-01-2023 18:00 | B26: 16.96 | C26: 115.93 | D26: 77.99 | E26: 5.77 | F26: 1.67 | G26: 67.38 | H26: 32.08 | I26: 0.18 | J26: 0.23 | K26: 332.01 | L26: 26.5 | M26: 38 | N26: Maint. | O26: 0 | P26: 1.38 | Q26: 33.16
A27: 12-01-2023 19:00 | B27: 25.99 | C27: 118.01 | D27: 84.85 | E27: 5.61 | F27: 0.54 | G27: 67.38 | H27: 39.65 | I27: 0.27 | J27: 0.22 | K27: 322.83 | L27: 23.34 | M27: 46 | N27: Maint. | O27: 0 | P27: 1.4 | Q27: 34.71
A28: 12-01-2023 20:00 | B28: 48.66 | C28: 126.92 | D28: 109.48 | E28: 5.4 | F28: 0.61 | G28: 232.46 | H28: 47.79 | I28: 0.42 | J28: 0.09 | K28: 280.2 | L28: 21.6 | M28: 54 | N28: Maint. | O28: 0 | P28: 1.91 | Q28: 39.95
A29: 12-01-2023 21:00 | B29: 94.4 | C29: 160.7 | D29: 164.8 | E29: 4.71 | F29: 0.22 | G29: 232.46 | H29: 60.31 | I29: 0.8 | J29: 0.1 | K29: 321.5 | L29: 20.32 | M29: 57 | N29: Maint. | O29: 0 | P29: 2.55 | Q29: 44.29
A30: 12-01-2023 22:00 | B30: 128.09 | C30: 179.12 | D30: 201.99 | E30: 5.37 | F30: 0.13 | G30: 173.28 | H30: 66.19 | I30: 1 | J30: 0.11 | K30: 328.92 | L30: 19.66 | M30: 61 | N30: Maint. | O30: 0 | P30: 2.89 | Q30: 44.77
A31: 12-01-2023 23:00 | B31: 154.64 | C31: 190.56 | D31: 229.59 | E31: 5.75 | F31: 0.28 | G31: Invalid | H31: 73.97 | I31: 1.12 | J31: 0.09 | K31: 322.38 | L31: 18.84 | M31: 66 | N31: Maint. | O31: 0 | P31: 3.1 | Q31: 47.69
A32: 12-01-2023 24:00 | B32: 165.43 | C32: 193.81 | D32: 239.92 | E32: 5.87 | F32: 0.07 | G32: 149.71 | H32: 73.97 | I32: 1.18 | J32: 0.11 | K32: 325.79 | L32: 18.13 | M32: 67 | N32: Maint. | O32: 0 | P32: 3.14 | Q32: 50.99
A34: Min | B34: =MIN(B9:B32) -> 1.5 | C34: =MIN(C9:C32) -> 78.54 | D34: =MIN(D9:D32) -> 44.97 | E34: =MIN(E9:E32) -> 3.88 | F34: =MIN(F9:F32) -> 0.01 | G34: =MIN(G9:G32) -> 44.93 | H34: =MIN(H9:H32) -> 31.57 | I34: =MIN(I9:I32) -> 0.15 | ... Q34: =MIN(Q9:Q32) -> 28.92
A35: Max | B35: =MAX(B9:B32) -> 176.2 | C35: =MAX(C9:C32) -> 201.86 | D35: =MAX(D9:D32) -> 253.11 | E35: =MAX(E9:E32) -> 7.14 | F35: =MAX(F9:F32) -> 6.13 | G35: =MAX(G9:G32) -> 232.46 | H35: =MAX(H9:H32) -> 89.16 | I35: =MAX(I9:I32) -> 1.29 | ... Q35: =MAX(Q9:Q32) -> 50.99
A36: Avg | B36: =AVERAGE(B9:B32) -> 64.847083 | C36: =AVERAGE(C9:C32) -> 126.74292 | D36: =AVERAGE(D9:D32) -> 122.2675 | E36: =AVERAGE(E9:E32) -> 5.1858333 | F36: =AVERAGE(F9:F32) -> 1.1054167 | G36: =AVERAGE(G9:G32) -> 100.46174 | H36: =AVERAGE(H9:H32) -> 50.63125 | I36: =AVERAGE(I9:I32) -> 0.53083333 | ... Q36: =AVERAGE(Q9:Q32) -> 39.044167
A37: Stdev | B37: =STDEV(B9:B32) -> 54.860962 | C37: =STDEV(C9:C32) -> 36.546503 | D37: =STDEV(D9:D32) -> 63.641365 | E37: =STDEV(E9:E32) -> 0.86886191 | F37: =STDEV(F9:F32) -> 1.7665096 | G37: =STDEV(G9:G32) -> 55.174853 | H37: =STDEV(H9:H32) -> 15.714745 | I37: =STDEV(I9:I32) -> 0.36170991 | ... Q37: =STDEV(Q9:Q32) -> 5.749347
A38: Num | B38: =COUNT(B9:B32) -> 24 | C38: =COUNT(C9:C32) -> 24 | D38: =COUNT(D9:D32) -> 24 | E38: =COUNT(E9:E32) -> 24 | F38: =COUNT(F9:F32) -> 24 | G38: =COUNT(G9:G32) -> 23 | H38: =COUNT(H9:H32) -> 24 | I38: =COUNT(I9:I32) -> 24 | ... M38: =COUNT(M9:M32) -> 24 | N38: =COUNT(N9:N32)+14 -> 24 | O38: =COUNT(O9:O32) -> 24 | P38: =COUNT(P9:P32) -> 24 | Q38: =COUNT(Q9:Q32) -> 24
A39: DCR | B39: =IF(B38>=22,">90%",IF(B38<=22,"<90%")) -> >90% | C39: =IF(C38>=22,">90%",IF(C38<=22,"<90%")) -> >90% | D39: =IF(D38>=22,">90%",IF(D38<=22,"<90%")) -> >90% | E39: =IF(E38>=22,">90%",IF(E38<=22,"<90%")) -> >90% | F39: =IF(F38>=22,">90%",IF(F38<=22,"<90%")) -> >90% | G39: =IF(G38>=22,">90%",IF(G38<=22,"<90%")) -> >90% | H39: =IF(H38>=22,">90%",IF(H38<=22,"<90%")) -> >90% | I39: =IF(I38>=22,">90%",IF(I38<=22,"<90%")) -> >90% | ... Q39: =IF(Q38>=22,">90%",IF(Q38<=22,"<90%")) -> >90%
A40: Status | B40: =IF(B38>=22,"OK",IF(B38<=22,"LESS")) -> OK | C40: =IF(C38>=22,"OK",IF(C38<=22,"LESS")) -> OK | D40: =IF(D38>=22,"OK",IF(D38<=22,"LESS")) -> OK | E40: =IF(E38>=22,"OK",IF(E38<=22,"LESS")) -> OK | F40: =IF(F38>=22,"OK",IF(F38<=22,"LESS")) -> OK | G40: =IF(G38>=22,"OK",IF(G38<=22,"LESS")) -> OK | H40: =IF(H38>=22,"OK",IF(H38<=22,"LESS")) -> OK | I40: =IF(I38>=22,"OK",IF(I38<=22,"LESS")) -> OK | ... Q40: =IF(Q38>=22,"OK",IF(Q38<=22,"LESS")) -> OK
A43: Done by | B43: RAHUL
A45: Comment

Sheet 14
A1: Station: | B1: BHATAGAON RAIPUR
A2: Date: | B2: =$A$9 -> 14-01-2023 01:00 | D2: Power Off | G2: Pw.Off | L2: Link Fail | N2: Link F | P2: Maintenance | R2: Maint.
A3: Report Type: | B3: Mean | D3: Calibration | G3: Calib. | L3: Data Fail | N3: Data F | P3: Invalid | R3: Invalid
A4: Time Base: | B4: 01 Hour | D4: Zero Referrence | G4: Z.Ref | L4: Warm Up | N4: Wm. Up
A7: Date & Time | B7: NO_BHATAGAON | C7: NO2_BHATAGAON | D7: NOX_BHATAGAON | E7: SO2_BHATAGAON | F7: O3_BHATAGAON | G7: PM10_BHATAGAON | H7: PM2_5_BHATAGAON | I7: BENZ_BHATAGAON | J7: WS_BHATAGAON | K7: WD_BHATAGAON | L7: TEMP_BHATAGAON | M7: HUM BHATAGAON | N7: SR_BHATAGAON | O7: RG_BHATAGAON | P7: CO_BHATAGAON | Q7: NH3_BHATAGAON
B8: ug/m3 | C8: ug/m3 | D8: ppb | E8: ug/m3 | F8: ug/m3 | G8: mg/m3 | H8: ug/m3 | I8: ug/m3 | J8: m/sec | K8: deg | L8: degreC | M8: % | N8: w/m2 | O8: mm | P8: ug/m3 | Q8: ug/m3
A9: 14-01-2023 01:00 | B9: 77.22 | C9: 85.27 | D9: 109.4 | E9: 4.21 | F9: 5.6 | G9: 117.8 | H9: 52 | I9: 1.11 | J9: 0.18 | K9: 326.52 | L9: 19.93 | M9: 71 | N9: Invalid | O9: 0 | P9: 2.16 | Q9: 46.07
A10: 14-01-2023 02:00 | B10: 57.86 | C10: 80.28 | D10: 91.12 | E10: 3.8 | F10: 5.14 | G10: 89.81 | H10: 43.17 | I10: 1 | J10: 0.12 | K10: 329.28 | L10: 19.3 | M10: 80 | N10: Invalid | O10: 0 | P10: 1.67 | Q10: 44.82
A11: 14-01-2023 03:00 | B11: 39.8 | C11: 72.41 | D11: 72.25 | E11: 3.44 | F11: 5.4 | G11: 61.05 | H11: 35.82 | I11: 0.86 | J11: 0.06 | K11: 359.76 | L11: 17.93 | M11: 85 | N11: Invalid | O11: 0 | P11: 1.45 | Q11: 40.68
A12: 14-01-2023 04:00 | B12: 32.03 | C12: 68.29 | D12: 63.79 | E12: 3.48 | F12: 5.32 | G12: 66.63 | H12: 36.59 | I12: 0.8 | J12: 0.1 | K12: 281.03 | L12: 17.35 | M12: 87 | N12: Invalid | O12: 0 | P12: 1.27 | Q12: 39.44
A13: 14-01-2023 05:00 | B13: 27.53 | C13: 65.21 | D13: 58.48 | E13: 4 | F13: 5.26 | G13: 63.92 | H13: 36.24 | I13: 0.78 | J13: 0.1 | K13: 344.59 | L13: 17.18 | M13: 90 | N13: Invalid | O13: 0 | P13: 1.11 | Q13: 41.36
A14: 14-01-2023 06:00 | B14: 28.64 | C14: 66.48 | D14: 59.87 | E14: 4.26 | F14: 5.21 | G14: 75.06 | H14: 38.75 | I14: 0.74 | J14: 0.68 | K14: 347.82 | L14: 17.21 | M14: 90 | N14: Invalid | O14: 0 | P14: 1.07 | Q14: 40.67
A15: 14-01-2023 07:00 | B15: 34.98 | C15: 68.77 | D15: 66.42 | E15: 4.03 | F15: 5.13 | G15: 77.01 | H15: 38.58 | I15: 0.71 | J15: 0.22 | K15: 334.71 | L15: 17.31 | M15: 89 | N15: 12.6 | O15: 0 | P15: 1.15 | Q15: 37.95
A16: 14-01-2023 08:00 | B16: 45.52 | C16: 70.42 | D16: 75.67 | E16: 4.83 | F16: 5.28 | G16: 114.12 | H16: 45.99 | I16: 0.74 | J16: 0.37 | K16: 251.19 | L16: 18.86 | M16: 87 | N16: 119.2 | O16: 0 | P16: 1.24 | Q16: 42.2
A17: 14-01-2023 09:00 | B17: 40.92 | C17: 70.47 | D17: 71.67 | E17: 4.11 | F17: 5.21 | G17: 109.2 | H17: 45.64 | I17: 0.73 | J17: 0.77 | K17: 218.15 | L17: 22.75 | M17: 76 | N17: 276 | O17: 0 | P17: 1.25 | Q17: 41.73
A18: 14-01-2023 10:00 | B18: 31.3 | C18: 75.01 | D18: 64.89 | E18: 4.16 | F18: 5.29 | G18: 73.65 | H18: 47.62 | I18: 0.72 | J18: 0.35 | K18: 17.25 | L18: 27.9 | M18: 56 | N18: 401.1 | O18: 0 | P18: 1.28 | Q18: 40.15
A19: 14-01-2023 11:00 | B19: 26.94 | C19: 84.51 | D19: 63.39 | E19: 5.45 | F19: 13.82 | G19: 146.89 | H19: 47.16 | I19: 0.73 | J19: 0.44 | K19: 352.67 | L19: 30.73 | M19: 49 | N19: 517.9 | O19: 0 | P19: 1.33 | Q19: 39.21
A20: 14-01-2023 12:00 | B20: 2.31 | C20: 73.01 | D20: 42.56 | E20: 4.7 | F20: 14.42 | G20: 113.15 | H20: 45.35 | I20: 0.57 | J20: 0.81 | K20: 355.79 | L20: 31.47 | M20: 46 | N20: 565.6 | O20: 0 | P20: 1.35 | Q20: 25.26
A21: 14-01-2023 13:00 | B21: 1.18 | C21: 62.21 | D21: 35.69 | E21: 5.03 | F21: 15.85 | G21: Maint. | H21: 43.62 | I21: 0.53 | J21: 0.38 | K21: 29.37 | L21: 29.64 | M21: 45 | N21: 568.5 | O21: 0 | P21: 1.18 | Q21: 23.92
A22: 14-01-2023 14:00 | B22: 1.01 | C22: 48.46 | D22: 27.88 | E22: 5.11 | F22: 15.99 | G22: Maint. | H22: Maint. | I22: 0.5 | J22: 0.34 | K22: 358.29 | L22: 31.01 | M22: 42 | N22: 538.5 | O22: 0 | P22: 0.68 | Q22: 21.11
A23: 14-01-2023 15:00 | B23: 1.52 | C23: 47.16 | D23: 27.56 | E23: 6.04 | F23: 16 | G23: Calib. | H23: Calib. | I23: 0.53 | J23: 0.35 | K23: 350.43 | L23: 30.19 | M23: 39 | N23: 436.6 | O23: 0 | P23: 0.78 | Q23: 215.04
A24: 14-01-2023 16:00 | B24: 1.42 | C24: 53.13 | D24: 30.88 | E24: 6.42 | F24: 13.24 | G24: 47.85 | H24: 7.57 | I24: 0.57 | J24: 0.3 | K24: 40.97 | L24: 30.12 | M24: 39 | N24: 317.1 | O24: 0 | P24: 0.78 | Q24: 243.28
A25: 14-01-2023 17:00 | B25: 3.39 | C25: 62.76 | D25: 37.77 | E25: 5.33 | F25: 15.27 | G25: 47.85 | H25: 13.16 | I25: 0.53 | J25: 0.21 | K25: 39.69 | L25: 28.22 | M25: 43 | N25: 93.7 | O25: 0 | P25: 0.98 | Q25: 45.24
A26: 14-01-2023 18:00 | B26: 8.29 | C26: 76.42 | D26: 49.23 | E26: 5.95 | F26: 12.99 | G26: 54.36 | H26: 24.46 | I26: 0.55 | J26: 0.13 | K26: 318.53 | L26: 26.92 | M26: 51 | N26: 19.9 | O26: 0 | P26: 1.25 | Q26: 39.41
A27: 14-01-2023 19:00 | B27: 10.34 | C27: 76.06 | D27: 49.97 | E27: 3.62 | F27: 6.77 | G27: 69.86 | H27: 31.58 | I27: 0.62 | J27: 0.1 | K27: 304.2 | L27: 24.5 | M27: 60 | N27: Invalid | O27: 0 | P27: 1.26 | Q27: 39.11
A28: 14-01-2023 20:00 | B28: 35.41 | C28: 85.01 | D28: 75.72 | E28: 3.51 | F28: 5.3 | G28: 95.05 | H28: 42.96 | I28: 0.73 | J28: 0.12 | K28: 347.08 | L28: 22.73 | M28: 63 | N28: Invalid | O28: 0 | P28: 1.86 | Q28: 37.32
A29: 14-01-2023 21:00 | B29: 48.09 | C29: 86.77 | D29: 85.41 | E29: 4.28 | F29: 5.34 | G29: 115.65 | H29: 51.67 | I29: 0.9 | J29: 0.15 | K29: 314.31 | L29: 22.22 | M29: 61 | N29: Invalid | O29: 0 | P29: 2.06 | Q29: 32.59
A30: 14-01-2023 22:00 | B30: 48.2 | C30: 83.31 | D30: 84.8 | E30: 4.6 | F30: 5.39 | G30: 118.3 | H30: 51.67 | I30: 0.95 | J30: 0.11 | K30: 340.55 | L30: 21.66 | M30: 62 | N30: Invalid | O30: 0 | P30: 2.07 | Q30: 34.06
A31: 14-01-2023 23:00 | B31: 49.02 | C31: 82.71 | D31: 85.31 | E31: 4.2 | F31: 5.33 | G31: 118.3 | H31: 49.99 | I31: 0.96 | J31: 0.52 | K31: 347.29 | L31: 20.87 | M31: 64 | N31: Invalid | O31: 0 | P31: 2.07 | Q31: 34.19
A32: 14-01-2023 24:00 | B32: 45.09 | C32: 82.32 | D32: 82 | E32: 4.07 | F32: 5.37 | G32: 103.37 | H32: 42.2 | I32: 0.93 | J32: 0.16 | K32: 295.04 | L32: 20.64 | M32: 66 | N32: Invalid | O32: 0 | P32: 1.88 | Q32: 29.46
A34: Min | B34: =MIN(B9:B32) -> 1.01 | C34: =MIN(C9:C32) -> 47.16 | D34: =MIN(D9:D32) -> 27.56 | E34: =MIN(E9:E32) -> 3.44 | F34: =MIN(F9:F32) -> 5.13 | G34: =MIN(G9:G32) -> 47.85 | H34: =MIN(H9:H32) -> 7.57 | I34: =MIN(I9:I32) -> 0.5 | ... Q34: =MIN(Q9:Q32) -> 21.11
A35: Max | B35: =MAX(B9:B32) -> 77.22 | C35: =MAX(C9:C32) -> 86.77 | D35: =MAX(D9:D32) -> 109.4 | E35: =MAX(E9:E32) -> 6.42 | F35: =MAX(F9:F32) -> 16 | G35: =MAX(G9:G32) -> 146.89 | H35: =MAX(H9:H32) -> 52 | I35: =MAX(I9:I32) -> 1.11 | ... Q35: =MAX(Q9:Q32) -> 243.28
A36: Avg | B36: =AVERAGE(B9:B32) -> 29.08375 | C36: =AVERAGE(C9:C32) -> 71.935417 | D36: =AVERAGE(D9:D32) -> 62.98875 | E36: =AVERAGE(E9:E32) -> 4.52625 | F36: =AVERAGE(F9:F32) -> 8.4966667 | G36: =AVERAGE(G9:G32) -> 89.470476 | H36: =AVERAGE(H9:H32) -> 39.626818 | I36: =AVERAGE(I9:I32) -> 0.74125 | ... Q36: =AVERAGE(Q9:Q32) -> 53.094583
A37: Stdev | B37: =STDEV(B9:B32) -> 21.263025 | C37: =STDEV(C9:C32) -> 11.416845 | D37: =STDEV(D9:D32) -> 21.859119 | E37: =STDEV(E9:E32) -> 0.83820104 | F37: =STDEV(F9:F32) -> 4.5421472 | G37: =STDEV(G9:G32) -> 28.201529 | H37: =STDEV(H9:H32) -> 11.724632 | I37: =STDEV(I9:I32) -> 0.17170026 | ... Q37: =STDEV(Q9:Q32) -> 54.782513
A38: Num | B38: =COUNT(B9:B32) -> 24 | C38: =COUNT(C9:C32) -> 24 | D38: =COUNT(D9:D32) -> 24 | E38: =COUNT(E9:E32) -> 24 | F38: =COUNT(F9:F32) -> 24 | G38: =COUNT(G9:G32)+3 -> 24 | H38: =COUNT(H9:H32)+2 -> 24 | I38: =COUNT(I9:I32) -> 24 | J38: =COUNT(J9:J32) -> 24 | K38: =COUNT(K9:K32) -> 24 | L38: =COUNT(L9:L32) -> 24 | M38: =COUNT(M9:M32) -> 24 | N38: 24 | O38: =COUNT(O9:O32) -> 24 | P38: =COUNT(P9:P32) -> 24 | Q38: =COUNT(Q9:Q32) -> 24
A39: DCR | B39: =IF(B38>=22,">90%",IF(B38<=22,"<90%")) -> >90% | C39: =IF(C38>=22,">90%",IF(C38<=22,"<90%")) -> >90% | D39: =IF(D38>=22,">90%",IF(D38<=22,"<90%")) -> >90% | E39: =IF(E38>=22,">90%",IF(E38<=22,"<90%")) -> >90% | F39: =IF(F38>=22,">90%",IF(F38<=22,"<90%")) -> >90% | G39: =IF(G38>=22,">90%",IF(G38<=22,"<90%")) -> >90% | H39: =IF(H38>=22,">90%",IF(H38<=22,"<90%")) -> >90% | I39: =IF(I38>=22,">90%",IF(I38<=22,"<90%")) -> >90% | ... Q39: =IF(Q38>=22,">90%",IF(Q38<=22,"<90%")) -> >90%
A40: Status | B40: =IF(B38>=22,"OK",IF(B38<=22,"LESS")) -> OK | C40: =IF(C38>=22,"OK",IF(C38<=22,"LESS")) -> OK | D40: =IF(D38>=22,"OK",IF(D38<=22,"LESS")) -> OK | E40: =IF(E38>=22,"OK",IF(E38<=22,"LESS")) -> OK | F40: =IF(F38>=22,"OK",IF(F38<=22,"LESS")) -> OK | G40: =IF(G38>=22,"OK",IF(G38<=22,"LESS")) -> OK | H40: =IF(H38>=22,"OK",IF(H38<=22,"LESS")) -> OK | I40: =IF(I38>=22,"OK",IF(I38<=22,"LESS")) -> OK | ... Q40: =IF(Q38>=22,"OK",IF(Q38<=22,"LESS")) -> OK
A43: Done by | B43: RAHUL
A45: Comment

Sheet 13
A1: Station: | B1: BHATAGAON RAIPUR
A2: Date: | B2: =$A$9 -> 13-01-2023 01:00 | D2: Power Off | G2: Pw.Off | L2: Link Fail | N2: Link F | P2: Maintenance | R2: Maint.
A3: Report Type: | B3: Mean | D3: Calibration | G3: Calib. | L3: Data Fail | N3: Data F | P3: Invalid | R3: Invalid
A4: Time Base: | B4: 01 Hour | D4: Zero Referrence | G4: Z.Ref | L4: Warm Up | N4: Wm. Up
A7: Date & Time | B7: NO_BHATAGAON | C7: NO2_BHATAGAON | D7: NOX_BHATAGAON | E7: SO2_BHATAGAON | F7: O3_BHATAGAON | G7: PM10_BHATAGAON | H7: PM2_5_BHATAGAON | I7: BENZ_BHATAGAON | J7: WS_BHATAGAON | K7: WD_BHATAGAON | L7: TEMP_BHATAGAON | M7: HUM BHATAGAON | N7: SR_BHATAGAON | O7: RG_BHATAGAON | P7: CO_BHATAGAON | Q7: NH3_BHATAGAON
B8: ug/m3 | C8: ug/m3 | D8: ppb | E8: ug/m3 | F8: ug/m3 | G8: mg/m3 | H8: ug/m3 | I8: ug/m3 | J8: m/sec | K8: deg | L8: degreC | M8: % | N8: w/m2 | O8: mm | P8: ug/m3 | Q8: ug/m3
A9: 13-01-2023 01:00 | B9: 149.52 | C9: 182.26 | D9: 220.91 | E9: 4.39 | F9: 0.05 | G9: 149.71 | H9: 72.89 | I9: 1.14 | J9: 0.36 | K9: 317.87 | L9: 18.4 | M9: 66 | N9: Invalid | O9: 0 | P9: 2.87 | Q9: 49.27
A10: 13-01-2023 02:00 | B10: 104.33 | C10: 150.63 | D10: 167.21 | E10: 3.76 | F10: 0.19 | G10: Invalid | H10: 64.13 | I10: 0.8 | J10: 0.09 | K10: 307.56 | L10: 17.33 | M10: 72 | N10: Invalid | O10: 0 | P10: 2.29 | Q10: 43.75
A11: 13-01-2023 03:00 | B11: 78.07 | C11: 129.83 | D11: 134.67 | E11: 3.61 | F11: 0.2 | G11: 62.67 | H11: 53.12 | I11: 0.71 | J11: 0.22 | K11: 331.18 | L11: 16.74 | M11: 75 | N11: Invalid | O11: 0 | P11: 2.02 | Q11: 40.39
A12: 13-01-2023 04:00 | B12: 58.33 | C12: 113.13 | D12: 109.63 | E12: 3.71 | F12: 0.01 | G12: 80.67 | H12: 43.64 | I12: 0.58 | J12: 0.12 | K12: 343.7 | L12: 15.95 | M12: 79 | N12: Invalid | O12: 0 | P12: 1.72 | Q12: 40.62
A13: 13-01-2023 05:00 | B13: 46.21 | C13: 104.61 | D13: 95.2 | E13: 3.86 | F13: 0.02 | G13: 163.71 | H13: 39.88 | I13: 0.48 | J13: 0.13 | K13: 311.12 | L13: 15.76 | M13: 83 | N13: Invalid | O13: 0 | P13: 1.48 | Q13: 38.33
A14: 13-01-2023 06:00 | B14: 69.56 | C14: 115.18 | D14: 119.76 | E14: 4.1 | F14: 0.06 | G14: 163.71 | H14: 43.4 | I14: 0.42 | J14: 0.13 | K14: 329.35 | L14: 15.28 | M14: 85 | N14: Invalid | O14: 0 | P14: 1.36 | Q14: 37.52
A15: 13-01-2023 07:00 | B15: 82.54 | C15: 123.53 | D15: 134.78 | E15: 4.13 | F15: 0.22 | G15: 125.74 | H15: 46.14 | I15: 0.43 | J15: 0.19 | K15: 354.46 | L15: 15.52 | M15: 85 | N15: Invalid | O15: 0 | P15: 1.39 | Q15: 40.46
A16: 13-01-2023 08:00 | B16: 90.48 | C16: 132.89 | D16: 146.31 | E16: 4.54 | F16: 0.07 | G16: 221.24 | H16: 49.08 | I16: 0.42 | J16: 0.18 | K16: 353.49 | L16: 17.94 | M16: 80 | N16: 45.1 | O16: 0 | P16: 1.48 | Q16: 40.41
A17: 13-01-2023 09:00 | B17: 82.49 | C17: 129.05 | D17: 137.78 | E17: 4.12 | F17: 0.11 | G17: 221.24 | H17: 49.08 | I17: 0.39 | J17: 0.8 | K17: 229.05 | L17: 20.79 | M17: 66 | N17: 237.6 | O17: 0 | P17: 1.42 | Q17: 39.7
A18: 13-01-2023 10:00 | B18: 57.9 | C18: 116.78 | D18: 111.3 | E18: 3.89 | F18: 0.02 | G18: 59.17 | H18: 40.61 | I18: 0.35 | J18: 0.58 | K18: 185.51 | L18: 25.21 | M18: 59 | N18: 384.2 | O18: 0 | P18: 1.26 | Q18: 36.91
A19: 13-01-2023 11:00 | B19: 36.96 | C19: 108.15 | D19: 89.53 | E19: 3.74 | F19: 7.09 | G19: 59.17 | H19: 36.47 | I19: 0.31 | J19: 0.23 | K19: 354.92 | L19: 28.49 | M19: 46 | N19: 472.6 | O19: 0 | P19: 1.16 | Q19: 37.86
A20: 13-01-2023 12:00 | B20: 3.35 | C20: 97.46 | D20: 56.88 | E20: 3.38 | F20: 12.27 | G20: Maint. | H20: Maint. | I20: 0.21 | J20: 0.19 | K20: 333.68 | L20: 28.83 | M20: 41 | N20: 500.3 | O20: 0 | P20: 1.01 | Q20: 27.79
A21: 13-01-2023 13:00 | B21: 1.27 | C21: 66.38 | D21: 37.92 | E21: 3.62 | F21: 12.14 | G21: 59.18 | H21: 33.63 | I21: 0.14 | J21: 0.28 | K21: 359.42 | L21: 29.92 | M21: 39 | N21: 483.4 | O21: 0 | P21: 0.75 | Q21: 23.05
A22: 13-01-2023 14:00 | B22: 1.56 | C22: 50.23 | D22: 29.39 | E22: 3.91 | F22: 12.36 | G22: 58.38 | H22: 32.39 | I22: 0.1 | J22: 0.16 | K22: 275.77 | L22: 31.19 | M22: 37 | N22: 443.3 | O22: 0 | P22: 0.69 | Q22: 27.07
A23: 13-01-2023 15:00 | B23: 1.33 | C23: 51.02 | D23: 29.64 | E23: 3.44 | F23: 13.22 | G23: 59.72 | H23: 33 | I23: 0.1 | J23: 0.17 | K23: 252.82 | L23: 30.94 | M23: 34 | N23: 318.8 | O23: 0 | P23: 0.68 | Q23: 27.66
A24: 13-01-2023 16:00 | B24: 1.09 | C24: 46.75 | D24: 27.09 | E24: 4.78 | F24: 21.66 | G24: 58.47 | H24: 32.03 | I24: Invalid | J24: 0.33 | K24: 202.71 | L24: 29.87 | M24: 34 | N24: 199.5 | O24: 0 | P24: 0.64 | Q24: 25.65
A25: 13-01-2023 17:00 | B25: 1.44 | C25: 48.67 | D25: 28.43 | E25: 3.99 | F25: 20.29 | G25: 54.27 | H25: 30.86 | I25: 0.37 | J25: 0.1 | K25: 239.42 | L25: 28.66 | M25: 38 | N25: 32.6 | O25: 0 | P25: 0.67 | Q25: 23.77
A26: 13-01-2023 18:00 | B26: 1.97 | C26: 59.15 | D26: 34.63 | E26: 4.8 | F26: 16.26 | G26: 45.92 | H26: 29.8 | I26: 0.53 | J26: 0.11 | K26: 249.24 | L26: 27.43 | M26: 50 | N26: 20.8 | O26: 0 | P26: 0.73 | Q26: 29.27
A27: 13-01-2023 19:00 | B27: 35.84 | C27: 84.85 | D27: 75.98 | E27: 2.59 | F27: 5.2 | G27: Invalid | H27: 38.56 | I27: 0.64 | J27: 0.13 | K27: 114.04 | L27: 23.9 | M27: 63 | N27: Invalid | O27: 0 | P27: 1.46 | Q27: 33.27
A28: 13-01-2023 20:00 | B28: 67.75 | C28: 92.35 | D28: 105.71 | E28: 3.3 | F28: 5.34 | G28: Invalid | H28: 43.12 | I28: 0.94 | J28: 0.14 | K28: 355.39 | L28: 22.17 | M28: 67 | N28: Invalid | O28: 0 | P28: 1.98 | Q28: 36.52
A29: 13-01-2023 21:00 | B29: 91.2 | C29: 98.9 | D29: 126.53 | E29: 4.42 | F29: 5.39 | G29: 228.48 | H29: 53.24 | I29: 1.22 | J29: 0.21 | K29: 347.66 | L29: 21.4 | M29: 67 | N29: Invalid | O29: 0 | P29: 2.45 | Q29: 44.48
A30: 13-01-2023 22:00 | B30: 100.31 | C30: 100.34 | D30: 136.24 | E30: 4.58 | F30: 5.43 | G30: 212.92 | H30: 56.79 | I30: 1.31 | J30: 0.07 | K30: 325.49 | L30: 20.72 | M30: 71 | N30: Invalid | O30: 0 | P30: 2.51 | Q30: 46.2
A31: 13-01-2023 23:00 | B31: 99.85 | C31: 100.42 | D31: 135.91 | E31: 4.46 | F31: 5.34 | G31: 162 | H31: 56.54 | I31: 1.3 | J31: 0.12 | K31: 331.11 | L31: 20.06 | M31: 72 | N31: Invalid | O31: 0 | P31: 2.48 | Q31: 45.89
A32: 13-01-2023 24:00 | B32: 91.02 | C32: 94.06 | D32: 125.32 | E32: 4.73 | F32: 5.31 | G32: 131.46 | H32: 55.46 | I32: 1.25 | J32: 0.13 | K32: 342.83 | L32: 20.17 | M32: 70 | N32: Invalid | O32: 0 | P32: 2.41 | Q32: 44.01
A34: Min | B34: =MIN(B9:B32) -> 1.09 | C34: =MIN(C9:C32) -> 46.75 | D34: =MIN(D9:D32) -> 27.09 | E34: =MIN(E9:E32) -> 2.59 | F34: =MIN(F9:F32) -> 0.01 | G34: =MIN(G9:G32) -> 45.92 | H34: =MIN(H9:H32) -> 29.8 | I34: =MIN(I9:I32) -> 0.1 | ... Q34: =MIN(Q9:Q32) -> 23.05
A35: Max | B35: =MAX(B9:B32) -> 149.52 | C35: =MAX(C9:C32) -> 182.26 | D35: =MAX(D9:D32) -> 220.91 | E35: =MAX(E9:E32) -> 4.8 | F35: =MAX(F9:F32) -> 21.66 | G35: =MAX(G9:G32) -> 228.48 | H35: =MAX(H9:H32) -> 72.89 | I35: =MAX(I9:I32) -> 1.31 | ... Q35: =MAX(Q9:Q32) -> 49.27
A36: Avg | B36: =AVERAGE(B9:B32) -> 56.432083 | C36: =AVERAGE(C9:C32) -> 99.859167 | D36: =AVERAGE(D9:D32) -> 100.69792 | E36: =AVERAGE(E9:E32) -> 3.99375 | F36: =AVERAGE(F9:F32) -> 6.1770833 | G36: =AVERAGE(G9:G32) -> 118.8915 | H36: =AVERAGE(H9:H32) -> 44.950435 | I36: =AVERAGE(I9:I32) -> 0.61478261 | ... Q36: =AVERAGE(Q9:Q32) -> 36.660417
A37: Stdev | B37: =STDEV(B9:B32) -> 42.904247 | C37: =STDEV(C9:C32) -> 34.229138 | D37: =STDEV(D9:D32) -> 51.402155 | E37: =STDEV(E9:E32) -> 0.54019169 | F37: =STDEV(F9:F32) -> 6.8403092 | G37: =STDEV(G9:G32) -> 66.675482 | H37: =STDEV(H9:H32) -> 11.467184 | I37: =STDEV(I9:I32) -> 0.39758212 | ... Q37: =STDEV(Q9:Q32) -> 7.6992442
A38: Num | B38: =COUNT(B9:B32) -> 24 | C38: =COUNT(C9:C32) -> 24 | D38: =COUNT(D9:D32) -> 24 | E38: =COUNT(E9:E32) -> 24 | F38: =COUNT(F9:F32) -> 24 | G38: =COUNT(G9:G32)+1 -> 21 | H38: =COUNT(H9:H32)+1 -> 24 | I38: =COUNT(I9:I32) -> 23 | J38: =COUNT(J9:J32) -> 24 | K38: =COUNT(K9:K32) -> 24 | L38: =COUNT(L9:L32) -> 24 | M38: =COUNT(M9:M32) -> 24 | N38: =COUNT(N9:N32) -> 11 | O38: =COUNT(O9:O32) -> 24 | P38: =COUNT(P9:P32) -> 24 | Q38: =COUNT(Q9:Q32) -> 24
A39: DCR | B39: =IF(B38>=22,">90%",IF(B38<=22,"<90%")) -> >90% | C39: =IF(C38>=22,">90%",IF(C38<=22,"<90%")) -> >90% | D39: =IF(D38>=22,">90%",IF(D38<=22,"<90%")) -> >90% | E39: =IF(E38>=22,">90%",IF(E38<=22,"<90%")) -> >90% | F39: =IF(F38>=22,">90%",IF(F38<=22,"<90%")) -> >90% | G39: =IF(G38>=22,">90%",IF(G38<=22,"<90%")) -> <90% | H39: =IF(H38>=22,">90%",IF(H38<=22,"<90%")) -> >90% | I39: =IF(I38>=22,">90%",IF(I38<=22,"<90%")) -> >90% | ... Q39: =IF(Q38>=22,">90%",IF(Q38<=22,"<90%")) -> >90%
A40: Status | B40: =IF(B38>=22,"OK",IF(B38<=22,"LESS")) -> OK | C40: =IF(C38>=22,"OK",IF(C38<=22,"LESS")) -> OK | D40: =IF(D38>=22,"OK",IF(D38<=22,"LESS")) -> OK | E40: =IF(E38>=22,"OK",IF(E38<=22,"LESS")) -> OK | F40: =IF(F38>=22,"OK",IF(F38<=22,"LESS")) -> OK | G40: =IF(G38>=22,"OK",IF(G38<=22,"LESS")) -> LESS | H40: =IF(H38>=22,"OK",IF(H38<=22,"LESS")) -> OK | I40: =IF(I38>=22,"OK",IF(I38<=22,"LESS")) -> OK | ... Q40: =IF(Q38>=22,"OK",IF(Q38<=22,"LESS")) -> OK
A43: Done by | B43: RAHUL
A45: Comment

Sheet 15
A1: Station: | B1: BHATAGAON RAIPUR
A2: Date: | B2: =$A$9 -> 15-01-2023 01:00 | D2: Power Off | G2: Pw.Off | L2: Link Fail | N2: Link F | P2: Maintenance | R2: Maint.
A3: Report Type: | B3: Mean | D3: Calibration | G3: Calib. | L3: Data Fail | N3: Data F | P3: Invalid | R3: Invalid
A4: Time Base: | B4: 01 Hour | D4: Zero Referrence | G4: Z.Ref | L4: Warm Up | N4: Wm. Up
A7: Date & Time | B7: NO_BHATAGAON | C7: NO2_BHATAGAON | D7: NOX_BHATAGAON | E7: SO2_BHATAGAON | F7: O3_BHATAGAON | G7: PM10_BHATAGAON | H7: PM2_5_BHATAGAON | I7: BENZ_BHATAGAON | J7: WS_BHATAGAON | K7: WD_BHATAGAON | L7: TEMP_BHATAGAON | M7: HUM BHATAGAON | N7: SR_BHATAGAON | O7: RG_BHATAGAON | P7: CO_BHATAGAON | Q7: NH3_BHATAGAON
B8: ug/m3 | C8: ug/m3 | D8: ppb | E8: ug/m3 | F8: ug/m3 | G8: mg/m3 | H8: ug/m3 | I8: ug/m3 | J8: m/sec | K8: deg | L8: degreC | M8: % | N8: w/m2 | O8: mm | P8: ug/m3 | Q8: ug/m3
A9: 15-01-2023 01:00 | B9: 38.73 | C9: 77.17 | D9: 74.06 | E9: 3.61 | F9: 5.3 | G9: 85.28 | H9: 35.66 | I9: 0.87 | J9: 0.15 | K9: 245.33 | L9: 19.56 | M9: 70 | N9: Invalid | O9: 0 | P9: 1.7 | Q9: 24.42
A10: 15-01-2023 02:00 | B10: 32.87 | C10: 70.31 | D10: 65.58 | E10: 3.66 | F10: 5.6 | G10: 77.51 | H10: 35.42 | I10: 0.87 | J10: 0.42 | K10: 210.56 | L10: 20.11 | M10: 62 | N10: Invalid | O10: 0 | P10: 1.48 | Q10: 24.77
A11: 15-01-2023 03:00 | B11: 24.22 | C11: 67.34 | D11: 57 | E11: 3.58 | F11: 5.39 | G11: 75.9 | H11: 35.42 | I11: 0.82 | J11: 0.22 | K11: 238.7 | L11: 19.47 | M11: 65 | N11: Invalid | O11: 0 | P11: 1.35 | Q11: 22.93
A12: 15-01-2023 04:00 | B12: 19.3 | C12: 64.87 | D12: 51.69 | E12: 3.25 | F12: 5.3 | G12: 81.34 | H12: 35.37 | I12: 0.76 | J12: 0.57 | K12: 278.9 | L12: 18.77 | M12: 82 | N12: Invalid | O12: 0 | P12: 1.37 | Q12: 18.99
A13: 15-01-2023 05:00 | B13: 18.4 | C13: 60.96 | D13: 48.81 | E13: 2.37 | F13: 5.18 | G13: 81.34 | H13: 35.37 | I13: 0.72 | J13: 0.19 | K13: 238.23 | L13: 16.96 | M13: 82 | N13: Invalid | O13: 0 | P13: 1.3 | Q13: 16.44
A14: 15-01-2023 06:00 | B14: 23.57 | C14: 59.26 | D14: 52.02 | E14: 2.54 | F14: 5.29 | G14: 74.26 | H14: 32.79 | I14: 0.71 | J14: 0.12 | K14: 351.2 | L14: 16.28 | M14: 87 | N14: Invalid | O14: 0 | P14: 1.2 | Q14: 18.41
A15: 15-01-2023 07:00 | B15: 34.02 | C15: 60.74 | D15: 61.22 | E15: 2.53 | F15: 5.16 | G15: 70.44 | H15: 32.79 | I15: 0.69 | J15: 0.13 | K15: 331.43 | L15: 15.86 | M15: 89 | N15: 13.8 | O15: 0 | P15: 1.25 | Q15: 16.41
A16: 15-01-2023 08:00 | B16: 38.34 | C16: 67.97 | D16: 68.67 | E16: 2.72 | F16: 5.26 | G16: 70.14 | H16: 36.32 | I16: 0.69 | J16: 0.13 | K16: 321.55 | L16: 18.95 | M16: 87 | N16: 143.6 | O16: 0 | P16: 1.31 | Q16: 13.95
A17: 15-01-2023 09:00 | B17: 41.44 | C17: 71.24 | D17: 72.49 | E17: 4.58 | F17: 5.37 | G17: 79.19 | H17: 42.25 | I17: 0.73 | J17: 0.75 | K17: 353.26 | L17: 26.68 | M17: 64 | N17: 325.5 | O17: 0 | P17: 1.34 | Q17: 16.58
A18: 15-01-2023 10:00 | B18: 36.84 | C18: 81.84 | D18: 72.8 | E18: 4.55 | F18: 5.34 | G18: 97.1 | H18: 52.04 | I18: 0.72 | J18: 0.84 | K18: 356.32 | L18: 28.82 | M18: 44 | N18: 456.5 | O18: 0 | P18: 1.48 | Q18: 15.97
A19: 15-01-2023 11:00 | B19: 30.58 | C19: 83.21 | D19: 70.86 | E19: 4.77 | F19: 6.1 | G19: 101.31 | H19: 52.84 | I19: 0.7 | J19: 0.9 | K19: 141.94 | L19: 28.32 | M19: 46 | N19: 553.1 | O19: 0 | P19: 1.45 | Q19: 14.31
A20: 15-01-2023 12:00 | B20: 24.24 | C20: 77.69 | D20: 62.52 | E20: 5.34 | F20: 6.39 | G20: 101.31 | H20: 52.84 | I20: 0.7 | J20: 1.04 | K20: 127.48 | L20: 30.49 | M20: 41 | N20: 607.8 | O20: 0 | P20: 1.39 | Q20: 14.23
A21: 15-01-2023 13:00 | B21: 17.61 | C21: 79.69 | D21: 56.05 | E21: 4.06 | F21: 6.18 | G21: 89.9 | H21: 45.74 | I21: 0.7 | J21: 0.51 | K21: 349.59 | L21: 31.54 | M21: 40 | N21: 593.2 | O21: 0 | P21: 1.29 | Q21: 16.74
A22: 15-01-2023 14:00 | B22: 7.48 | C22: 80.3 | D22: 50.5 | E22: 4.77 | F22: 7.28 | G22: 80.65 | H22: 40.48 | I22: 0.68 | J22: 0.36 | K22: 347.08 | L22: 30.62 | M22: 35 | N22: 504 | O22: 0 | P22: 1.22 | Q22: 15.86
A23: 15-01-2023 15:00 | B23: 2.2 | C23: 76.93 | D23: 44.56 | E23: 4.24 | F23: 7.47 | G23: 80.65 | H23: 39.68 | I23: 0.66 | J23: 0.49 | K23: 349.68 | L23: 31.24 | M23: 32 | N23: 426 | O23: 0 | P23: 1.22 | Q23: 12.02
A24: 15-01-2023 16:00 | B24: 2.1 | C24: 72.32 | D24: 42.01 | E24: 3.11 | F24: 8.96 | G24: 75.34 | H24: 36.95 | I24: 0.63 | J24: 0.78 | K24: 353.57 | L24: 30 | M24: 35 | N24: 329.3 | O24: 0 | P24: 1.16 | Q24: 10.7
A25: 15-01-2023 17:00 | B25: 2.25 | C25: 65.98 | D25: 38.63 | E25: 3.97 | F25: 7.82 | G25: 67.86 | H25: 32.58 | I25: 0.6 | J25: 0.54 | K25: 359.93 | L25: 28 | M25: 40 | N25: 98 | O25: 0 | P25: 1.01 | Q25: 11.27
A26: 15-01-2023 18:00 | B26: 10.11 | C26: 78.71 | D26: 51.96 | E26: 4.66 | F26: 8.58 | G26: 59.46 | H26: 30.74 | I26: 0.6 | J26: 0.2 | K26: 349.1 | L26: 26.21 | M26: 48 | N26: 19 | O26: 0 | P26: 1.21 | Q26: 11.18
A27: 15-01-2023 19:00 | B27: 19.39 | C27: 81.41 | D27: 58.28 | E27: 4.03 | F27: 5.9 | G27: 64.31 | H27: 29.85 | I27: 0.68 | J27: 0.15 | K27: 345.19 | L27: 23.52 | M27: 62 | N27: Invalid | O27: 0 | P27: 1.31 | Q27: 12.94
A28: 15-01-2023 20:00 | B28: 24.64 | C28: 80.36 | D28: 64.07 | E28: 4.67 | F28: 5.41 | G28: 81.23 | H28: 34.29 | I28: 0.79 | J28: 1.16 | K28: 93.98 | L28: 22.68 | M28: 64 | N28: Invalid | O28: 0 | P28: 1.5 | Q28: 17.03
A29: 15-01-2023 21:00 | B29: 18.34 | C29: 82.13 | D29: 59.54 | E29: 3.66 | F29: 5.6 | G29: 81.23 | H29: 35.95 | I29: 0.79 | J29: 1.46 | K29: 27.79 | L29: 22.61 | M29: 52 | N29: Invalid | O29: 0 | P29: 1.48 | Q29: 15.76
A30: 15-01-2023 22:00 | B30: 13.59 | C30: 79.55 | D30: 54.67 | E30: 4.38 | F30: 6 | G30: 79.33 | H30: 35.95 | I30: 0.73 | J30: 1.1 | K30: 26.44 | L30: 21.86 | M30: 55 | N30: Invalid | O30: 0 | P30: 1.44 | Q30: 11.24
A31: 15-01-2023 23:00 | B31: 14.5 | C31: 77.63 | D31: 54.89 | E31: 4.5 | F31: 6.07 | G31: 87.83 | H31: 42.88 | I31: 0.74 | J31: 1.24 | K31: 27.28 | L31: 21.37 | M31: 52 | N31: Invalid | O31: 0 | P31: 1.46 | Q31: 10.77
A32: 15-01-2023 24:00 | B32: 12.83 | C32: 74.26 | D32: 51.68 | E32: 3.86 | F32: 5.41 | G32: 87.83 | H32: 42.88 | I32: 0.71 | J32: 0.29 | K32: 349.49 | L32: 20.32 | M32: 56 | N32: Invalid | O32: 0 | P32: 1.35 | Q32: 12.36
A34: Min | B34: =MIN(B9:B32) -> 2.1 | C34: =MIN(C9:C32) -> 59.26 | D34: =MIN(D9:D32) -> 38.63 | E34: =MIN(E9:E32) -> 2.37 | F34: =MIN(F9:F32) -> 5.16 | G34: =MIN(G9:G32) -> 59.46 | H34: =MIN(H9:H32) -> 29.85 | I34: =MIN(I9:I32) -> 0.6 | ... Q34: =MIN(Q9:Q32) -> 10.7
A35: Max | B35: =MAX(B9:B32) -> 41.44 | C35: =MAX(C9:C32) -> 83.21 | D35: =MAX(D9:D32) -> 74.06 | E35: =MAX(E9:E32) -> 5.34 | F35: =MAX(F9:F32) -> 8.96 | G35: =MAX(G9:G32) -> 101.31 | H35: =MAX(H9:H32) -> 52.84 | I35: =MAX(I9:I32) -> 0.87 | ... Q35: =MAX(Q9:Q32) -> 24.77
A36: Avg | B36: =AVERAGE(B9:B32) -> 21.149583 | C36: =AVERAGE(C9:C32) -> 73.827917 | D36: =AVERAGE(D9:D32) -> 57.69 | E36: =AVERAGE(E9:E32) -> 3.8920833 | F36: =AVERAGE(F9:F32) -> 6.0983333 | G36: =AVERAGE(G9:G32) -> 80.4475 | H36: =AVERAGE(H9:H32) -> 38.628333 | I36: =AVERAGE(I9:I32) -> 0.72041667 | ... Q36: =AVERAGE(Q9:Q32) -> 15.636667
A37: Stdev | B37: =STDEV(B9:B32) -> 11.949926 | C37: =STDEV(C9:C32) -> 7.4983111 | D37: =STDEV(D9:D32) -> 9.8271509 | E37: =STDEV(E9:E32) -> 0.81305639 | F37: =STDEV(F9:F32) -> 1.106061 | G37: =STDEV(G9:G32) -> 10.497708 | H37: =STDEV(H9:H32) -> 6.6730481 | I37: =STDEV(I9:I32) -> 0.070370397 | ... Q37: =STDEV(Q9:Q32) -> 4.0761754
A38: Num | B38: =COUNT(B9:B32) -> 24 | C38: =COUNT(C9:C32) -> 24 | D38: =COUNT(D9:D32) -> 24 | E38: =COUNT(E9:E32) -> 24 | F38: =COUNT(F9:F32) -> 24 | G38: =COUNT(G9:G32) -> 24 | H38: =COUNT(H9:H32) -> 24 | I38: =COUNT(I9:I32) -> 24 | ... M38: =COUNT(M9:M32) -> 24 | N38: 24 | O38: =COUNT(O9:O32) -> 24 | P38: =COUNT(P9:P32) -> 24 | Q38: =COUNT(Q9:Q32) -> 24
A39: DCR | B39: =IF(B38>=22,">90%",IF(B38<=22,"<90%")) -> >90% | C39: =IF(C38>=22,">90%",IF(C38<=22,"<90%")) -> >90% | D39: =IF(D38>=22,">90%",IF(D38<=22,"<90%")) -> >90% | E39: =IF(E38>=22,">90%",IF(E38<=22,"<90%")) -> >90% | F39: =IF(F38>=22,">90%",IF(F38<=22,"<90%")) -> >90% | G39: =IF(G38>=22,">90%",IF(G38<=22,"<90%")) -> >90% | H39: =IF(H38>=22,">90%",IF(H38<=22,"<90%")) -> >90% | I39: =IF(I38>=22,">90%",IF(I38<=22,"<90%")) -> >90% | ... Q39: =IF(Q38>=22,">90%",IF(Q38<=22,"<90%")) -> >90%
A40: Status | B40: =IF(B38>=22,"OK",IF(B38<=22,"LESS")) -> OK | C40: =IF(C38>=22,"OK",IF(C38<=22,"LESS")) -> OK | D40: =IF(D38>=22,"OK",IF(D38<=22,"LESS")) -> OK | E40: =IF(E38>=22,"OK",IF(E38<=22,"LESS")) -> OK | F40: =IF(F38>=22,"OK",IF(F38<=22,"LESS")) -> OK | G40: =IF(G38>=22,"OK",IF(G38<=22,"LESS")) -> OK | H40: =IF(H38>=22,"OK",IF(H38<=22,"LESS")) -> OK | I40: =IF(I38>=22,"OK",IF(I38<=22,"LESS")) -> OK | ... Q40: =IF(Q38>=22,"OK",IF(Q38<=22,"LESS")) -> OK
A43: Done by | B43: RAHUL
A45: Comment

Sheet 16
A1: Station: | B1: BHATAGAON RAIPUR
A2: Date: | B2: =$A$9 -> 16-01-2023 01:00 | D2: Power Off | G2: Pw.Off | L2: Link Fail | N2: Link F | P2: Maintenance | R2: Maint.
A3: Report Type: | B3: Mean | D3: Calibration | G3: Calib. | L3: Data Fail | N3: Data F | P3: Invalid | R3: Invalid
A4: Time Base: | B4: 01 Hour | D4: Zero Referrence | G4: Z.Ref | L4: Warm Up | N4: Wm. Up
A7: Date & Time | B7: NO_BHATAGAON | C7: NO2_BHATAGAON | D7: NOX_BHATAGAON | E7: SO2_BHATAGAON | F7: O3_BHATAGAON | G7: PM10_BHATAGAON | H7: PM2_5_BHATAGAON | I7: BENZ_BHATAGAON | J7: WS_BHATAGAON | K7: WD_BHATAGAON | L7: TEMP_BHATAGAON | M7: HUM BHATAGAON | N7: SR_BHATAGAON | O7: RG_BHATAGAON | P7: CO_BHATAGAON | Q7: NH3_BHATAGAON
B8: ug/m3 | C8: ug/m3 | D8: ppb | E8: ug/m3 | F8: ug/m3 | G8: mg/m3 | H8: ug/m3 | I8: ug/m3 | J8: m/sec | K8: deg | L8: degreC | M8: % | N8: w/m2 | O8: mm | P8: ug/m3 | Q8: ug/m3
A9: 16-01-2023 01:00 | B9: 11.5 | C9: 72.24 | D9: 49.1 | E9: 4.46 | F9: 5.33 | G9: 80.39 | H9: 36.38 | I9: 0.69 | J9: 0.38 | K9: 75.45 | L9: 19.04 | M9: 58 | N9: Invalid | O9: 0 | P9: 1.37 | Q9: 11.67
A10: 16-01-2023 02:00 | B10: 12.48 | C10: 69.09 | D10: 48.02 | E10: 4.82 | F10: 5.44 | G10: 93.12 | H10: 38.57 | I10: 0.67 | J10: 0.21 | K10: 352.72 | L10: 18.1 | M10: 58 | N10: Invalid | O10: 0 | P10: 1.38 | Q10: 9.66
A11: 16-01-2023 03:00 | B11: 12.64 | C11: 65.04 | D11: 46.33 | E11: 4.43 | F11: 5.39 | G11: 93.12 | H11: 41.27 | I11: 0.67 | J11: 0.48 | K11: 83.86 | L11: 17.51 | M11: 61 | N11: Invalid | O11: 0 | P11: 1.33 | Q11: 11.12
A12: 16-01-2023 04:00 | B12: 11.09 | C12: 61.9 | D12: 43.47 | E12: 4.56 | F12: 5.61 | G12: 91.61 | H12: 42.18 | I12: 0.66 | J12: 0.31 | K12: 106.41 | L12: 17.22 | M12: 59 | N12: Invalid | O12: 0 | P12: 1.29 | Q12: 10.93
A13: 16-01-2023 05:00 | B13: 6.85 | C13: 58.73 | D13: 38.32 | E13: 3.75 | F13: 5.68 | G13: 83.1 | H13: 42.18 | I13: 0.63 | J13: 0.45 | K13: 106.39 | L13: 16.89 | M13: 60 | N13: Invalid | O13: 0 | P13: 1.16 | Q13: 8.89
A14: 16-01-2023 06:00 | B14: 5.98 | C14: 56.85 | D14: 36.57 | E14: 3.84 | F14: 5.63 | G14: 75.07 | H14: 35.35 | I14: 0.62 | J14: 0.33 | K14: 142.38 | L14: 16.2 | M14: 61 | N14: Invalid | O14: 0 | P14: 1.03 | Q14: 6.86
A15: 16-01-2023 07:00 | B15: 10.43 | C15: 61.85 | D15: 42.91 | E15: 3.67 | F15: 5.42 | G15: 59.75 | H15: 30.82 | I15: 0.61 | J15: 0.46 | K15: 115.62 | L15: 16.27 | M15: 63 | N15: 12.4 | O15: 0 | P15: 0.94 | Q15: 8.32
A16: 16-01-2023 08:00 | B16: 11.23 | C16: 63.15 | D16: 44.28 | E16: 3.64 | F16: 6.06 | G16: 56.15 | H16: 29.17 | I16: 0.6 | J16: 1.58 | K16: 141.12 | L16: 17.19 | M16: 59 | N16: 138.1 | O16: 0 | P16: 0.89 | Q16: 8.29
A17: 16-01-2023 09:00 | B17: 9.85 | C17: 61.91 | D17: 42.43 | E17: 4.35 | F17: 5.14 | G17: 55.97 | H17: 30.69 | I17: 0.61 | J17: 1.35 | K17: 143.2 | L17: 18.98 | M17: 56 | N17: 307.7 | O17: 0 | P17: 0.86 | Q17: 6.44
A18: 16-01-2023 10:00 | B18: 9.16 | C18: 60.34 | D18: 41.06 | E18: 4.19 | F18: 5.85 | G18: 54.43 | H18: 30.69 | I18: 0.61 | J18: 0.92 | K18: 143.87 | L18: 21.72 | M18: 52 | N18: 436.3 | O18: 0 | P18: 0.84 | Q18: 8.5
A19: 16-01-2023 11:00 | B19: 13.2 | C19: 68.02 | D19: 48.54 | E19: 5.01 | F19: 6.15 | G19: 54.43 | H19: 28.09 | I19: 0.62 | J19: 1.22 | K19: 141.6 | L19: 23.59 | M19: 43 | N19: 499 | O19: 0 | P19: 0.82 | Q19: 8.54
A20: 16-01-2023 12:00 | B20: 20.42 | C20: 81.33 | D20: 61.67 | E20: 6.14 | F20: 11.26 | G20: 53.96 | H20: 28.09 | I20: 0.6 | J20: 0.78 | K20: 152.83 | L20: 27.08 | M20: 36 | N20: 543.7 | O20: 0 | P20: 0.8 | Q20: 22.96
A21: 16-01-2023 13:00 | B21: 3.83 | C21: 60.23 | D21: 36.73 | E21: 5.77 | F21: 14.61 | G21: 46.07 | H21: 27.58 | I21: 0.51 | J21: 0.81 | K21: 50.68 | L21: 30.91 | M21: 32 | N21: 535.7 | O21: 0 | P21: 0.85 | Q21: 23.6
A22: 16-01-2023 14:00 | B22: 2.65 | C22: 67.45 | D22: 39.51 | E22: 5.65 | F22: 14.03 | G22: 49.33 | H22: 27.58 | I22: 0.51 | J22: 0.69 | K22: 30.78 | L22: 31.18 | M22: 28 | N22: 513.1 | O22: 0 | P22: 0.9 | Q22: 26.91
A23: 16-01-2023 15:00 | B23: 4.88 | C23: 69.31 | D23: 40.76 | E23: 4.32 | F23: 22.08 | G23: 58.08 | H23: 31.4 | I23: 0.54 | J23: 0.6 | K23: 51.69 | L23: 30.21 | M23: 33 | N23: 425.9 | O23: 0 | P23: 0.96 | Q23: 29.9
A24: 16-01-2023 16:00 | B24: 6.84 | C24: 66.92 | D24: 41.4 | E24: 9.95 | F24: 35.75 | G24: 58.08 | H24: 31.4 | I24: 0.54 | J24: 0.53 | K24: 72.01 | L24: 29.5 | M24: 35 | N24: 297.3 | O24: 0 | P24: 0.96 | Q24: 29.08
A25: 16-01-2023 17:00 | B25: 1.91 | C25: 53.3 | D25: 31.36 | E25: 10.03 | F25: 38.02 | G25: 58.48 | H25: 27.54 | I25: 0.53 | J25: 0.68 | K25: 145.88 | L25: 26.3 | M25: 40 | N25: 109.1 | O25: 0 | P25: 0.85 | Q25: 27.17
A26: 16-01-2023 18:00 | B26: 15.16 | C26: 90.6 | D26: 62.57 | E26: 9.11 | F26: 10.43 | G26: 63.36 | H26: 31.6 | I26: 0.56 | J26: 0.34 | K26: 91.65 | L26: 25.57 | M26: 46 | N26: 18.5 | O26: 0 | P26: 1.58 | Q26: 30.48
... A32: 16-01-2023 24:00 | B32: 35.58 | C32: 89.14 | D32: 76.6 | E32: 4.54 | F32: 6.45 | G32: 108.02 | H32: 48.82 | I32: 0.93 | J32: 0.11 | K32: 341.27 | L32: 20.36 | M32: 67 | N32: 5 | O32: 0 | P32: 2.14 | Q32: 40.95
A34: Min | B34: =MIN(B9:B32) -> 1.91 | C34: =MIN(C9:C32) -> 53.3 | D34: =MIN(D9:D32) -> 31.36 | E34: =MIN(E9:E32) -> 3.64 | F34: =MIN(F9:F32) -> 5.14 | G34: =MIN(G9:G32) -> 46.07 | H34: =MIN(H9:H32) -> 27.54 | I34: =MIN(I9:I32) -> 0.51 | ... Q34: =MIN(Q9:Q32) -> 6.44
A35: Max | B35: =MAX(B9:B32) -> 35.58 | C35: =MAX(C9:C32) -> 94.42 | D35: =MAX(D9:D32) -> 78.03 | E35: =MAX(E9:E32) -> 10.03 | F35: =MAX(F9:F32) -> 38.02 | G35: =MAX(G9:G32) -> 108.02 | H35: =MAX(H9:H32) -> 48.82 | I35: =MAX(I9:I32) -> 0.93 | ... Q35: =MAX(Q9:Q32) -> 40.95
A36: Avg | B36: =AVERAGE(B9:B32) -> 13.53375 | C36: =AVERAGE(C9:C32) -> 72.27125 | D36: =AVERAGE(D9:D32) -> 50.862083 | E36: =AVERAGE(E9:E32) -> 5.2120833 | F36: =AVERAGE(F9:F32) -> 10.075 | G36: =AVERAGE(G9:G32) -> 73.325833 | H36: =AVERAGE(H9:H32) -> 35.147083 | I36: =AVERAGE(I9:I32) -> 0.65208333 | ... Q36: =AVERAGE(Q9:Q32) -> 21.49
A37: Stdev | B37: =STDEV(B9:B32) -> 8.9650863 | C37: =STDEV(C9:C32) -> 13.457902 | D37: =STDEV(D9:D32) -> 13.879701 | E37: =STDEV(E9:E32) -> 1.8486681 | F37: =STDEV(F9:F32) -> 9.2327724 | G37: =STDEV(G9:G32) -> 19.370334 | H37: =STDEV(H9:H32) -> 6.4148608 | I37: =STDEV(I9:I32) -> 0.11534369 | ... Q37: =STDEV(Q9:Q32) -> 12.61547
A38: Num | B38: =COUNT(B9:B32) -> 24 | C38: =COUNT(C9:C32) -> 24 | D38: =COUNT(D9:D32) -> 24 | E38: =COUNT(E9:E32) -> 24 | F38: =COUNT(F9:F32) -> 24 | G38: =COUNT(G9:G32) -> 24 | H38: =COUNT(H9:H32) -> 24 | I38: =COUNT(I9:I32) -> 24 | ... Q38: =COUNT(Q9:Q32) -> 24
A39: DCR | B39: =IF(B38>=22,">90%",IF(B38<=22,"<90%")) -> >90% | C39: =IF(C38>=22,">90%",IF(C38<=22,"<90%")) -> >90% | D39: =IF(D38>=22,">90%",IF(D38<=22,"<90%")) -> >90% | E39: =IF(E38>=22,">90%",IF(E38<=22,"<90%")) -> >90% | F39: =IF(F38>=22,">90%",IF(F38<=22,"<90%")) -> >90% | G39: =IF(G38>=22,">90%",IF(G38<=22,"<90%")) -> >90% | H39: =IF(H38>=22,">90%",IF(H38<=22,"<90%")) -> >90% | I39: =IF(I38>=22,">90%",IF(I38<=22,"<90%")) -> >90% | ... Q39: =IF(Q38>=22,">90%",IF(Q38<=22,"<90%")) -> >90%
A40: Status | B40: =IF(B38>=22,"OK",IF(B38<=22,"LESS")) -> OK | C40: =IF(C38>=22,"OK",IF(C38<=22,"LESS")) -> OK | D40: =IF(D38>=22,"OK",IF(D38<=22,"LESS")) -> OK | E40: =IF(E38>=22,"OK",IF(E38<=22,"LESS")) -> OK | F40: =IF(F38>=22,"OK",IF(F38<=22,"LESS")) -> OK | G40: =IF(G38>=22,"OK",IF(G38<=22,"LESS")) -> OK | H40: =IF(H38>=22,"OK",IF(H38<=22,"LESS")) -> OK | I40: =IF(I38>=22,"OK",IF(I38<=22,"LESS")) -> OK | ... Q40: =IF(Q38>=22,"OK",IF(Q38<=22,"LESS")) -> OK
A43: Done by | B43: RAHUL
A45: Comment

Sheet 17
A1: Station: | B1: BHATAGAON RAIPUR
A2: Date: | B2: =$A$9 -> 17-01-2023 01:00 | D2: Power Off | G2: Pw.Off | L2: Link Fail | N2: Link F | P2: Maintenance | R2: Maint.
A3: Report Type: | B3: Mean | D3: Calibration | G3: Calib. | L3: Data Fail | N3: Data F | P3: Invalid | R3: Invalid
A4: Time Base: | B4: 01 Hour | D4: Zero Referrence | G4: Z.Ref | L4: Warm Up | N4: Wm. Up
A7: Date & Time | B7: NO_BHATAGAON | C7: NO2_BHATAGAON | D7: NOX_BHATAGAON | E7: SO2_BHATAGAON | F7: O3_BHATAGAON | G7: PM10_BHATAGAON | H7: PM2_5_BHATAGAON | I7: BENZ_BHATAGAON | J7: WS_BHATAGAON | K7: WD_BHATAGAON | L7: TEMP_BHATAGAON | M7: HUM BHATAGAON | N7: SR_BHATAGAON | O7: RG_BHATAGAON | P7: CO_BHATAGAON | Q7: NH3_BHATAGAON
B8: ug/m3 | C8: ug/m3 | D8: ppb | E8: ug/m3 | F8: ug/m3 | G8: mg/m3 | H8: ug/m3 | I8: ug/m3 | J8: m/sec | K8: deg | L8: degreC | M8: % | N8: w/m2 | O8: mm | P8: ug/m3 | Q8: ug/m3
A9: 17-01-2023 01:00 | B9: 37.58 | C9: 85.2 | D9: 77.56 | E9: 4.27 | F9: 5.98 | G9: 119.15 | H9: 50.99 | I9: 0.94 | J9: 0.61 | K9: 133.92 | L9: 20.08 | M9: 67 | N9: 4.7 | O9: 0 | P9: 2.11 | Q9: 43.19
A10: 17-01-2023 02:00 | B10: 28.37 | C10: 81.41 | D10: 68.09 | E10: 3.96 | F10: 5.39 | G10: 119.15 | H10: 50.99 | I10: 0.92 | J10: 0.28 | K10: 292.69 | L10: 19.85 | M10: 69 | N10: 5 | O10: 0 | P10: 1.77 | Q10: 42.18
A11: 17-01-2023 03:00 | B11: 20.27 | C11: 76.1 | D11: 58.67 | E11: 3.82 | F11: 5.28 | G11: 104.52 | H11: 47.25 | I11: 0.82 | J11: 0.27 | K11: 346.47 | L11: 18.48 | M11: 73 | N11: 4.9 | O11: 0 | P11: 1.62 | Q11: 38.86
A12: 17-01-2023 04:00 | B12: 16.52 | C12: 71.14 | D12: 52.92 | E12: 3.83 | F12: 5.34 | G12: 94.93 | H12: 44.71 | I12: 0.79 | J12: 0.21 | K12: 359.75 | L12: 18.07 | M12: 75 | N12: 4.8 | O12: 0 | P12: 1.44 | Q12: 40.94
A13: 17-01-2023 05:00 | B13: 12.94 | C13: 66.64 | D13: 47.57 | E13: 4.07 | F13: 5.31 | G13: 80.07 | H13: 38.85 | I13: 0.76 | J13: 0.34 | K13: 121.88 | L13: 17.91 | M13: 72 | N13: 4.6 | O13: 0 | P13: 1.27 | Q13: 40.75
A14: 17-01-2023 06:00 | B14: 9.7 | C14: 66.29 | D14: 44.78 | E14: 3.87 | F14: 5.42 | G14: 76.87 | H14: 39.22 | I14: 0.7 | J14: 0.43 | K14: 89.54 | L14: 17.93 | M14: 71 | N14: 4.6 | O14: 0 | P14: 1.13 | Q14: 39.23
A15: 17-01-2023 07:00 | B15: 13.88 | C15: 67.7 | D15: 48.91 | E15: 4.03 | F15: 5.4 | G15: 78.14 | H15: 39.22 | I15: 0.68 | J15: 0.64 | K15: 121.64 | L15: 17.63 | M15: 72 | N15: 13.3 | O15: 0 | P15: 1.09 | Q15: 37.43
A16: 17-01-2023 08:00 | B16: 15.35 | C16: 68.42 | D16: 50.39 | E16: 4.24 | F16: 5.32 | G16: 87.93 | H16: 39.34 | I16: 0.68 | J16: 0.73 | K16: 144.41 | L16: 18.53 | M16: 70 | N16: 88.8 | O16: 0 | P16: 1.15 | Q16: 39.72
A17: 17-01-2023 09:00 | B17: 20.78 | C17: 74.22 | D17: 58.04 | E17: 4.83 | F17: 5.26 | G17: 99.68 | H17: 40.05 | I17: 0.68 | J17: 0.58 | K17: 93.63 | L17: 21.48 | M17: 61 | N17: 261.7 | O17: 0 | P17: 1.17 | Q17: 39.61
A18: 17-01-2023 10:00 | B18: 22.12 | C18: 75.83 | D18: 60 | E18: 4.6 | F18: 5.3 | G18: 99.68 | H18: 42.97 | I18: 0.67 | J18: 0.96 | K18: 136.74 | L18: 23.42 | M18: 52 | N18: 410.6 | O18: 0 | P18: 1.17 | Q18: 37.91
A19: 17-01-2023 11:00 | B19: 19.86 | C19: 77.26 | D19: 57.56 | E19: 4.85 | F19: 5.75 | G19: 99.05 | H19: 45.43 | I19: 0.69 | J19: 0.8 | K19: 121.85 | L19: 29.39 | M19: 50 | N19: 490.7 | O19: 0 | P19: 1.22 | Q19: 40.24
A20: 17-01-2023 12:00 | B20: 15.64 | C20: 87.01 | D20: 57.23 | E20: 5.12 | F20: 5.83 | G20: 96.36 | H20: 45.43 | I20: 0.69 | J20: 0.61 | K20: 134.17 | L20: 29.75 | M20: 36 | N20: 522.3 | O20: 0 | P20: 1.27 | Q20: 40.59
... A32: 17-01-2023 24:00 | B32: 132.29 | C32: 105.52 | D32: 163.54 | E32: 6.59 | F32: 5.32 | G32: 182.05 | H32: 74.97 | I32: 2.01 | J32: 0.14 | K32: 311.61 | L32: 20.81 | M32: 82 | N32: 4.8 | O32: 0 | P32: 4.81 | Q32: 53.16
A34: Min | B34: =MIN(B9:B32) -> 3.43 | C34: =MIN(C9:C32) -> 66.29 | D34: =MIN(D9:D32) -> 44.78 | E34: =MIN(E9:E32) -> 3.82 | F34: =MIN(F9:F32) -> 5.22 | G34: =MIN(G9:G32) -> 76.87 | H34: =MIN(H9:H32) -> 38.85 | I34: =MIN(I9:I32) -> 0.63 | ... Q34: =MIN(Q9:Q32) -> 37.43
A35: Max | B35: =MAX(B9:B32) -> 132.29 | C35: =MAX(C9:C32) -> 105.52 | D35: =MAX(D9:D32) -> 163.54 | E35: =MAX(E9:E32) -> 9.3 | F35: =MAX(F9:F32) -> 10.1 | G35: =MAX(G9:G32) -> 218.62 | H35: =MAX(H9:H32) -> 74.97 | I35: =MAX(I9:I32) -> 2.01 | ... Q35: =MAX(Q9:Q32) -> 53.71
A36: Avg | B36: =AVERAGE(B9:B32) -> 31.605417 | C36: =AVERAGE(C9:C32) -> 84.346667 | D36: =AVERAGE(D9:D32) -> 71.963333 | E36: =AVERAGE(E9:E32) -> 5.2754167 | F36: =AVERAGE(F9:F32) -> 6.21125 | G36: =AVERAGE(G9:G32) -> 116.62167 | H36: =AVERAGE(H9:H32) -> 48.4675 | I36: =AVERAGE(I9:I32) -> 0.88916667 | ... Q36: =AVERAGE(Q9:Q32) -> 42.741667
A37: Stdev | B37: =STDEV(B9:B32) -> 36.484761 | C37: =STDEV(C9:C32) -> 12.868205 | D37: =STDEV(D9:D32) -> 34.698256 | E37: =STDEV(E9:E32) -> 1.3383246 | F37: =STDEV(F9:F32) -> 1.5068865 | G37: =STDEV(G9:G32) -> 44.375499 | H37: =STDEV(H9:H32) -> 10.515257 | I37: =STDEV(I9:I32) -> 0.39686726 | ... Q37: =STDEV(Q9:Q32) -> 4.8583292
A38: Num | B38: =COUNT(B9:B32) -> 24 | C38: =COUNT(C9:C32) -> 24 | D38: =COUNT(D9:D32) -> 24 | E38: =COUNT(E9:E32) -> 24 | F38: =COUNT(F9:F32) -> 24 | G38: =COUNT(G9:G32) -> 24 | H38: =COUNT(H9:H32) -> 24 | I38: =COUNT(I9:I32) -> 24 | ... Q38: =COUNT(Q9:Q32) -> 24
A39: DCR | B39: =IF(B38>=22,">90%",IF(B38<=22,"<90%")) -> >90% | C39: =IF(C38>=22,">90%",IF(C38<=22,"<90%")) -> >90% | D39: =IF(D38>=22,">90%",IF(D38<=22,"<90%")) -> >90% | E39: =IF(E38>=22,">90%",IF(E38<=22,"<90%")) -> >90% | F39: =IF(F38>=22,">90%",IF(F38<=22,"<90%")) -> >90% | G39: =IF(G38>=22,">90%",IF(G38<=22,"<90%")) -> >90% | H39: =IF(H38>=22,">90%",IF(H38<=22,"<90%")) -> >90% | I39: =IF(I38>=22,">90%",IF(I38<=22,"<90%")) -> >90% | ... Q39: =IF(Q38>=22,">90%",IF(Q38<=22,"<90%")) -> >90%
A40: Status | B40: =IF(B38>=22,"OK",IF(B38<=22,"LESS")) -> OK | C40: =IF(C38>=22,"OK",IF(C38<=22,"LESS")) -> OK | D40: =IF(D38>=22,"OK",IF(D38<=22,"LESS")) -> OK | E40: =IF(E38>=22,"OK",IF(E38<=22,"LESS")) -> OK | F40: =IF(F38>=22,"OK",IF(F38<=22,"LESS")) -> OK | G40: =IF(G38>=22,"OK",IF(G38<=22,"LESS")) -> OK | H40: =IF(H38>=22,"OK",IF(H38<=22,"LESS")) -> OK | I40: =IF(I38>=22,"OK",IF(I38<=22,"LESS")) -> OK | ... Q40: =IF(Q38>=22,"OK",IF(Q38<=22,"LESS")) -> OK
A43: Done by | B43: RAHUL
A45: Comment

Sheet 18
A1: Station: | B1: BHATAGAON RAIPUR
A2: Date: | B2: =$A$9 -> 18-01-2023 01:00 | D2: Power Off | G2: Pw.Off | L2: Link Fail | N2: Link F | P2: Maintenance | R2: Maint.
A3: Report Type: | B3: Mean | D3: Calibration | G3: Calib. | L3: Data Fail | N3: Data F | P3: Invalid | R3: Invalid
A4: Time Base: | B4: 01 Hour | D4: Zero Referrence | G4: Z.Ref | L4: Warm Up | N4: Wm. Up
A7: Date & Time | B7: NO_BHATAGAON | C7: NO2_BHATAGAON | D7: NOX_BHATAGAON | E7: SO2_BHATAGAON | F7: O3_BHATAGAON | G7: PM10_BHATAGAON | H7: PM2_5_BHATAGAON | I7: BENZ_BHATAGAON | J7: WS_BHATAGAON | K7: WD_BHATAGAON | L7: TEMP_BHATAGAON | M7: HUM BHATAGAON | N7: SR_BHATAGAON | O7: RG_BHATAGAON | P7: CO_BHATAGAON | Q7: NH3_BHATAGAON
B8: ug/m3 | C8: ug/m3 | D8: ppb | E8: ug/m3 | F8: ug/m3 | G8: mg/m3 | H8: ug/m3 | I8: ug/m3 | J8: m/sec | K8: deg | L8: degreC | M8: % | N8: w/m2 | O8: mm | P8: ug/m3 | Q8: ug/m3
A9: 18-01-2023 01:00 | B9: 134.61 | C9: 102.16 | D9: 164.74 | E9: 5.83 | F9: 5.76 | G9: 182.05 | H9: 76.71 | I9: 2.1 | J9: 0.46 | K9: 178.79 | L9: 20.95 | M9: 80 | N9: 5 | O9: 0 | P9: 4.86 | Q9: 53.21
A10: 18-01-2023 02:00 | B10: 115.3 | C10: 95.43 | D10: 145.54 | E10: 5.49 | F10: 5.21 | G10: 181.89 | H10: 76.71 | I10: 2.05 | J10: 0.41 | K10: 47.63 | L10: 20.55 | M10: 74 | N10: 5.2 | O10: 0 | P10: 3.95 | Q10: 54.58
A11: 18-01-2023 03:00 | B11: 81.83 | C11: 87.72 | D11: 114.45 | E11: 4.5 | F11: 5.24 | G11: 94.04 | H11: 65.45 | I11: 1.74 | J11: 0.3 | K11: 106.99 | L11: 19.92 | M11: 72 | N11: 4.7 | O11: 0 | P11: 3.25 | Q11: 50.23
A12: 18-01-2023 04:00 | B12: 58.56 | C12: 81.09 | D12: 92.13 | E12: 4.6 | F12: 5.26 | G12: 80.72 | H12: 54.93 | I12: 1.33 | J12: 0.33 | K12: 77.18 | L12: 19.19 | M12: 72 | N12: 4.6 | O12: 0 | P12: 2.61 | Q12: 45.01
A13: 18-01-2023 05:00 | B13: 43.88 | C13: 74.89 | D13: 76.86 | E13: 4.66 | F13: 5.37 | G13: 73.3 | H13: 46.4 | I13: 1.19 | J13: 0.78 | K13: 47.03 | L13: 18.88 | M13: 71 | N13: 4.7 | O13: 0 | P13: 2.15 | Q13: 45.05
A14: 18-01-2023 06:00 | B14: 32.53 | C14: 72.85 | D14: 66.64 | E14: 4.38 | F14: 5.45 | G14: 73.3 | H14: 41.81 | I14: 1.03 | J14: 0.82 | K14: 97.16 | L14: 18.21 | M14: 67 | N14: 4.8 | O14: 0 | P14: 1.72 | Q14: 44.03
A15: 18-01-2023 07:00 | B15: 22.64 | C15: 71.9 | D15: 58.25 | E15: 4.26 | F15: 5.33 | G15: 65.99 | H15: 37.16 | I15: 0.87 | J15: 0.44 | K15: 68.43 | L15: 17.77 | M15: 65 | N15: 16 | O15: 0 | P15: 1.38 | Q15: 41.19
A16: 18-01-2023 08:00 | B16: 22.75 | C16: 72.47 | D16: 58.65 | E16: 4.05 | F16: 5.33 | G16: 70.02 | H16: 35.67 | I16: 0.8 | J16: 0.53 | K16: 127.53 | L16: 18.82 | M16: 61 | N16: 52.7 | O16: 0 | P16: 1.34 | Q16: 38.12
A17: 18-01-2023 09:00 | B17: 22.31 | C17: 72.35 | D17: 57.97 | E17: 3.1 | F17: 5.35 | G17: 70.31 | H17: 35.67 | I17: 0.78 | J17: 0.67 | K17: 121.84 | L17: 19.48 | M17: 57 | N17: 98.3 | O17: 0 | P17: 1.29 | Q17: 40.53
A18: 18-01-2023 10:00 | B18: 20.98 | C18: 76.43 | D18: 59.42 | E18: 3.4 | F18: 5.36 | G18: 78.81 | H18: 32.3 | I18: 0.75 | J18: 0.87 | K18: 120.77 | L18: 21.69 | M18: 56 | N18: 271.2 | O18: 0 | P18: 1.19 | Q18: 39.47
A19: 18-01-2023 11:00 | B19: 21.62 | C19: 78.74 | D19: 60.35 | E19: 5.56 | F19: 6.62 | G19: 78.81 | H19: 32.3 | I19: 0.71 | J19: 1.46 | K19: 152.65 | L19: 23.55 | M19: 50 | N19: 479.5 | O19: 0 | P19: 1.19 | Q19: 37.09
A20: 18-01-2023 12:00 | B20: 6.46 | C20: 72.97 | D20: 45.86 | E20: 4.11 | F20: 7.92 | G20: 75.99 | H20: 32.21 | I20: 0.65 | J20: 0.97 | K20: 157.49 | L20: 26.48 | M20: 48 | N20: 508 | O20: 0 | P20: 0.94 | Q20: 27.65
... A32: 18-01-2023 24:00 | B32: 17.08 | C32: 83.12 | D32: 59.98 | E32: 2.92 | F32: 5.4 | G32: 104.72 | H32: 47.55 | I32: 1.02 | J32: 0.22 | K32: 141.25 | L32: 20.92 | M32: 72 | N32: 4.8 | O32: 0 | P32: 2.08 | Q32: 44.44
A34: Min | B34: =MIN(B9:B32) -> 3.17 | C34: =MIN(C9:C32) -> 69.45 | D34: =MIN(D9:D32) -> 41.55 | E34: =MIN(E9:E32) -> 2.87 | F34: =MIN(F9:F32) -> 5.21 | G34: =MIN(G9:G32) -> 65.99 | H34: =MIN(H9:H32) -> 32.21 | I34: =MIN(I9:I32) -> 0.53 | ... Q34: =MIN(Q9:Q32) -> 27.65
A35: Max | B35: =MAX(B9:B32) -> 134.61 | C35: =MAX(C9:C32) -> 102.16 | D35: =MAX(D9:D32) -> 164.74 | E35: =MAX(E9:E32) -> 17.25 | F35: =MAX(F9:F32) -> 19.44 | G35: =MAX(G9:G32) -> 182.05 | H35: =MAX(H9:H32) -> 76.71 | I35: =MAX(I9:I32) -> 2.1 | ... Q35: =MAX(Q9:Q32) -> 54.58
A36: Avg | B36: =AVERAGE(B9:B32) -> 30.01875 | C36: =AVERAGE(C9:C32) -> 80.992083 | D36: =AVERAGE(D9:D32) -> 68.939167 | E36: =AVERAGE(E9:E32) -> 5.5633333 | F36: =AVERAGE(F9:F32) -> 7.6075 | G36: =AVERAGE(G9:G32) -> 95.424583 | H36: =AVERAGE(H9:H32) -> 43.423333 | I36: =AVERAGE(I9:I32) -> 0.94 | ... Q36: =AVERAGE(Q9:Q32) -> 39.297083
A37: Stdev | B37: =STDEV(B9:B32) -> 34.490279 | C37: =STDEV(C9:C32) -> 8.7052772 | D37: =STDEV(D9:D32) -> 31.028855 | E37: =STDEV(E9:E32) -> 3.7799375 | F37: =STDEV(F9:F32) -> 4.048228 | G37: =STDEV(G9:G32) -> 30.724592 | H37: =STDEV(H9:H32) -> 12.849728 | I37: =STDEV(I9:I32) -> 0.44937638 | ... Q37: =STDEV(Q9:Q32) -> 7.6452437
A38: Num | B38: =COUNT(B9:B32) -> 24 | C38: =COUNT(C9:C32) -> 24 | D38: =COUNT(D9:D32) -> 24 | E38: =COUNT(E9:E32) -> 24 | F38: =COUNT(F9:F32) -> 24 | G38: =COUNT(G9:G32) -> 24 | H38: =COUNT(H9:H32) -> 24 | I38: =COUNT(I9:I32) -> 24 | ... Q38: =COUNT(Q9:Q32) -> 24
A39: DCR | B39: =IF(B38>=22,">90%",IF(B38<=22,"<90%")) -> >90% | C39: =IF(C38>=22,">90%",IF(C38<=22,"<90%")) -> >90% | D39: =IF(D38>=22,">90%",IF(D38<=22,"<90%")) -> >90% | E39: =IF(E38>=22,">90%",IF(E38<=22,"<90%")) -> >90% | F39: =IF(F38>=22,">90%",IF(F38<=22,"<90%")) -> >90% | G39: =IF(G38>=22,">90%",IF(G38<=22,"<90%")) -> >90% | H39: =IF(H38>=22,">90%",IF(H38<=22,"<90%")) -> >90% | I39: =IF(I38>=22,">90%",IF(I38<=22,"<90%")) -> >90% | ... Q39: =IF(Q38>=22,">90%",IF(Q38<=22,"<90%")) -> >90%
A40: Status | B40: =IF(B38>=22,"OK",IF(B38<=22,"LESS")) -> OK | C40: =IF(C38>=22,"OK",IF(C38<=22,"LESS")) -> OK | D40: =IF(D38>=22,"OK",IF(D38<=22,"LESS")) -> OK | E40: =IF(E38>=22,"OK",IF(E38<=22,"LESS")) -> OK | F40: =IF(F38>=22,"OK",IF(F38<=22,"LESS")) -> OK | G40: =IF(G38>=22,"OK",IF(G38<=22,"LESS")) -> OK | H40: =IF(H38>=22,"OK",IF(H38<=22,"LESS")) -> OK | I40: =IF(I38>=22,"OK",IF(I38<=22,"LESS")) -> OK | ... Q40: =IF(Q38>=22,"OK",IF(Q38<=22,"LESS")) -> OK
A43: Done by | B43: RAHUL
A45: Comment

Sheet 19
A1: Station: | B1: BHATAGAON RAIPUR
A2: Date: | B2: =$A$9 -> 19-01-2023 01:00 | D2: Power Off | G2: Pw.Off | L2: Link Fail | N2: Link F | P2: Maintenance | R2: Maint.
A3: Report Type: | B3: Mean | D3: Calibration | G3: Calib. | L3: Data Fail | N3: Data F | P3: Invalid | R3: Invalid
A4: Time Base: | B4: 01 Hour | D4: Zero Referrence | G4: Z.Ref | L4: Warm Up | N4: Wm. Up
A7: Date & Time | B7: NO_BHATAGAON | C7: NO2_BHATAGAON | D7: NOX_BHATAGAON | E7: SO2_BHATAGAON | F7: O3_BHATAGAON | G7: PM10_BHATAGAON | H7: PM2_5_BHATAGAON | I7: BENZ_BHATAGAON | J7: WS_BHATAGAON | K7: WD_BHATAGAON | L7: TEMP_BHATAGAON | M7: HUM BHATAGAON | N7: SR_BHATAGAON | O7: RG_BHATAGAON | P7: CO_BHATAGAON | Q7: NH3_BHATAGAON
B8: ug/m3 | C8: ug/m3 | D8: ppb | E8: ug/m3 | F8: ug/m3 | G8: mg/m3 | H8: ug/m3 | I8: ug/m3 | J8: m/sec | K8: deg | L8: degreC | M8: % | N8: w/m2 | O8: mm | P8: ug/m3 | Q8: ug/m3
A9: 19-01-2023 01:00 | B9: 15.86 | C9: 81.23 | D9: 57.96 | E9: 4.43 | F9: 5.53 | G9: 108.08 | H9: 49.19 | I9: 0.92 | J9: 0.38 | K9: 69.07 | L9: 20.51 | M9: 69 | N9: 4.6 | O9: 0 | P9: 1.96 | Q9: 43.34
A10: 19-01-2023 02:00 | B10: 12.27 | C10: 76.7 | D10: 52.59 | E10: 4.92 | F10: 5.57 | G10: 108.08 | H10: 49.19 | I10: 0.88 | J10: 0.37 | K10: 83.54 | L10: 19.96 | M10: 70 | N10: 4.6 | O10: 0 | P10: 1.7 | Q10: 41.32
A11: 19-01-2023 03:00 | B11: 9.38 | C11: 69.6 | D11: 45.13 | E11: 4.57 | F11: 5.51 | G11: 87.15 | H11: 43.64 | I11: 0.84 | J11: 0.35 | K11: 82.78 | L11: 19.21 | M11: 70 | N11: 4.8 | O11: 0 | P11: 1.54 | Q11: 43.04
A12: 19-01-2023 04:00 | B12: 6.65 | C12: 68.69 | D12: 43.65 | E12: 4.03 | F12: 5.52 | G12: 73.95 | H12: 36.87 | I12: 0.77 | J12: 0.26 | K12: 59.9 | L12: 18.57 | M12: 69 | N12: 4.6 | O12: 0 | P12: 1.33 | Q12: 42.47
A13: 19-01-2023 05:00 | B13: 7.86 | C13: 66.78 | D13: 43.43 | E13: 3.4 | F13: 5.29 | G13: 71.74 | H13: 36.87 | I13: 0.7 | J13: 0.34 | K13: 114.65 | L13: 18.1 | M13: 71 | N13: 4.6 | O13: 0 | P13: 1.2 | Q13: 39.48
A14: 19-01-2023 06:00 | B14: 9.74 | C14: 66.09 | D14: 44.04 | E14: 3.39 | F14: 5.31 | G14: 70.93 | H14: 36.78 | I14: 0.7 | J14: 0.22 | K14: 68.62 | L14: 17.94 | M14: 72 | N14: 4.6 | O14: 0 | P14: 1.1 | Q14: 41.7
A15: 19-01-2023 07:00 | B15: 15.53 | C15: 69.45 | D15: 51.2 | E15: 3.58 | F15: 5.29 | G15: 70.93 | H15: 37.33 | I15: 0.69 | J15: 0.58 | K15: 76.34 | L15: 17.45 | M15: 71 | N15: 16.2 | O15: 0 | P15: 1.06 | Q15: 41.52
A16: 19-01-2023 08:00 | B16: 19.91 | C16: 72.17 | D16: 56.22 | E16: 3.98 | F16: 5.47 | G16: 81.37 | H16: 37.33 | I16: 0.66 | J16: 0.81 | K16: 29.53 | L16: 19.36 | M16: 66 | N16: 121.7 | O16: 0 | P16: 1.09 | Q16: 40.66
A17: 19-01-2023 09:00 | B17: 23.19 | C17: 73.94 | D17: 59.82 | E17: 4.34 | F17: 5.38 | G17: 90.45 | H17: 41.23 | I17: 0.69 | J17: 0.72 | K17: 95.71 | L17: 21.99 | M17: 57 | N17: 277.5 | O17: 0 | P17: 1.15 | Q17: 38.14
A18: 19-01-2023 10:00 | B18: 24.09 | C18: 76.13 | D18: 60.8 | E18: 5.48 | F18: 5.81 | G18: 112.59 | H18: 47.27 | I18: 0.69 | J18: 1.21 | K18: 152.22 | L18: 24.69 | M18: 51 | N18: 395.7 | O18: 0 | P18: 1.16 | Q18: 39.77
A19: 19-01-2023 11:00 | B19: 18.66 | C19: 103.63 | D19: 68.31 | E19: 6.9 | F19: 6.42 | G19: 112.59 | H19: 47.27 | I19: 0.68 | J19: 0.54 | K19: 135.04 | L19: 28.45 | M19: 47 | N19: 452.2 | O19: 0 | P19: 1.54 | Q19: 39.69
A20: 19-01-2023 12:00 | B20: 8.22 | C20: 99.08 | D20: 61.69 | E20: 27.7 | F20: 25.79 | G20: Calib. | H20: Calib. | I20: 0.57 | J20: 0.61 | K20: 50.85 | L20: 29.55 | M20: 40 | N20: 496.3 | O20: 0 | P20: 1.49 | Q20: 21.18
A21: 19-01-2023 13:00 | B21: Calib. | C21: Calib. | D21: Calib. | E21: 23.61 | F21: 30.46 | G21: Calib. | H21: Calib. | I21: 0.53 | J21: 0.82 | K21: 181.24 | L21: 31.33 | M21: 43 | N21: 507.8 | O21: 0 | P21: 1.35 | Q21: 22.31
A22: 19-01-2023 14:00 | B22: 1.5 | C22: 62.36 | D22: 35.96 | E22: 7.12 | F22: 10.01 | G22: 83.57 | H22: 32.33 | I22: 0.56 | J22: 0.89 | K22: 121.09 | L22: 31.85 | M22: 41 | N22: 488.3 | O22: 0 | P22: 1.25 | Q22: 30.39
A23: 19-01-2023 15:00 | B23: 2.76 | C23: 58.29 | D23: 33.74 | E23: 6.64 | F23: 12.16 | G23: 85.9 | H23: 34.26 | I23: 0.56 | J23: 0.76 | K23: 143.24 | L23: 29.16 | M23: 47 | N23: 359.5 | O23: 0 | P23: 1.2 | Q23: 31.67
A24: 19-01-2023 16:00 | B24: 4.52 | C24: 61.74 | D24: 37.65 | E24: 32.72 | F24: 31.09 | G24: 85.54 | H24: 37.2 | I24: 0.58 | J24: 0.8 | K24: 35.31 | L24: 30.02 | M24: 43 | N24: 223.6 | O24: 0 | P24: 1.29 | Q24: 30.52
A25: 19-01-2023 17:00 | B25: 4.91 | C25: 75.24 | D25: 45.11 | E25: 30.54 | F25: 23.66 | G25: 87.78 | H25: 36.88 | I25: 0.56 | J25: 0.88 | K25: 34.79 | L25: 28.81 | M25: 47 | N25: 108.2 | O25: 0 | P25: 1.57 | Q25: 30.94
A26: 19-01-2023 18:00 | B26: 10.1 | C26: 103.35 | D26: 65.35 | E26: 11.12 | F26: 4.24 | G26: 100.96 | H26: 39.24 | I26: 0.61 | J26: 0.3 | K26: 127.9 | L26: 26.69 | M26: 59 | N26: 25.8 | O26: 0 | P26: 1.87 | Q26: 33.66
A27: 19-01-2023 19:00 | B27: 37.92 | C27: 106.78 | D27: 85.4 | E27: 5.79 | F27: 0.28 | G27: 106.71 | H27: 43.1 | I27: 0.79 | J27: 0.16 | K27: 109.45 | L27: 24.08 | M27: 69 | N27: 4.7 | O27: 0 | P27: 2.46 | Q27: 33.51
A28: 19-01-2023 20:00 | B28: 51.04 | C28: 101.03 | D28: 92.75 | E28: 5.4 | F28: 0.17 | G28: 187.77 | H28: 53.45 | I28: 1.08 | J28: 0.17 | K28: 56.69 | L28: 22.44 | M28: 74 | N28: 4.7 | O28: 0 | P28: 2.79 | Q28: 39.07
A29: 19-01-2023 21:00 | B29: 62.64 | C29: 99.86 | D29: 105.76 | E29: 4.63 | F29: 0.04 | G29: 199.5 | H29: 62.89 | I29: 1.22 | J29: 0.12 | K29: 149.32 | L29: 22.02 | M29: 74 | N29: 4.7 | O29: 0 | P29: 3.16 | Q29: 45.46
A30: 19-01-2023 22:00 | B30: 76.88 | C30: 102.12 | D30: 117.19 | E30: 4.81 | F30: Data F | G30: 189.17 | H30: 66.46 | I30: 1.34 | J30: 0.17 | K30: 346.18 | L30: 22.4 | M30: 73 | N30: 4.8 | O30: 0 | P30: 3.16 | Q30: 45.91
A31: 19-01-2023 23:00 | B31: 92.22 | C31: 100.46 | D31: 128.72 | E31: 5 | F31: 0.02 | G31: 162.1 | H31: 66.93 | I31: 1.39 | J31: 0.18 | K31: 343.59 | L31: 20.69 | M31: 80 | N31: 4.7 | O31: 0 | P31: 3.32 | Q31: 47.17
A32: 19-01-2023 24:00 | B32: 99.81 | C32: 98.93 | D32: 135.05 | E32: 5.12 | F32: 0.03 | G32: 197.96 | H32: 69.99 | I32: 1.48 | J32: 0.35 | K32: 137.54 | L32: 20.84 | M32: 82 | N32: 4.4 | O32: 0 | P32: 3.35 | Q32: 51.15
A34: Min | B34: =MIN(B9:B32) -> 1.5 | C34: =MIN(C9:C32) -> 58.29 | D34: =MIN(D9:D32) -> 33.74 | E34: =MIN(E9:E32) -> 3.39 | F34: =MIN(F9:F32) -> 0.02 | G34: =MIN(G9:G32) -> 70.93 | H34: =MIN(H9:H32) -> 32.33 | I34: =MIN(I9:I32) -> 0.53 | ... Q34: =MIN(Q9:Q32) -> 21.18
A35: Max | B35: =MAX(B9:B32) -> 99.81 | C35: =MAX(C9:C32) -> 106.78 | D35: =MAX(D9:D32) -> 135.05 | E35: =MAX(E9:E32) -> 32.72 | F35: =MAX(F9:F32) -> 31.09 | G35: =MAX(G9:G32) -> 199.5 | H35: =MAX(H9:H32) -> 69.99 | I35: =MAX(I9:I32) -> 1.48 | ... Q35: =MAX(Q9:Q32) -> 51.15
A36: Avg | B36: =AVERAGE(B9:B32) -> 26.767826 | C36: =AVERAGE(C9:C32) -> 82.332609 | D36: =AVERAGE(D9:D32) -> 66.413913 | E36: =AVERAGE(E9:E32) -> 9.1341667 | F36: =AVERAGE(F9:F32) -> 8.6543478 | G36: =AVERAGE(G9:G32) -> 112.49182 | H36: =AVERAGE(H9:H32) -> 45.713636 | I36: =AVERAGE(I9:I32) -> 0.81208333 | ... Q36: =AVERAGE(Q9:Q32) -> 38.08625
A37: Stdev | B37: =STDEV(B9:B32) -> 29.296926 | C37: =STDEV(C9:C32) -> 16.709044 | D37: =STDEV(D9:D32) -> 29.961818 | E37: =STDEV(E9:E32) -> 9.1643733 | F37: =STDEV(F9:F32) -> 9.5424015 | G37: =STDEV(G9:G32) -> 44.005494 | H37: =STDEV(H9:H32) -> 11.473668 | I37: =STDEV(I9:I32) -> 0.28362528 | ... Q37: =STDEV(Q9:Q32) -> 7.4435036
A38: Num | B38: =COUNT(B9:B32)+1 -> 24 | C38: =COUNT(C9:C32)+1 -> 24 | D38: =COUNT(D9:D32)+1 -> 24 | E38: =COUNT(E9:E32) -> 24 | F38: =COUNT(F9:F32)+1 -> 24 | G38: =COUNT(G9:G32)+2 -> 24 | H38: =COUNT(H9:H32)+2 -> 24 | I38: =COUNT(I9:I32) -> 24 | J38: =COUNT(J9:J32) -> 24 | K38: =COUNT(K9:K32) -> 24 | L38: =COUNT(L9:L32) -> 24 | M38: =COUNT(M9:M32) -> 24 | N38: =COUNT(N9:N32) -> 24 | O38: =COUNT(O9:O32) -> 24 | P38: =COUNT(P9:P32) -> 24 | Q38: =COUNT(Q9:Q32) -> 24
A39: DCR | B39: =IF(B38>=22,">90%",IF(B38<=22,"<90%")) -> >90% | C39: =IF(C38>=22,">90%",IF(C38<=22,"<90%")) -> >90% | D39: =IF(D38>=22,">90%",IF(D38<=22,"<90%")) -> >90% | E39: =IF(E38>=22,">90%",IF(E38<=22,"<90%")) -> >90% | F39: =IF(F38>=22,">90%",IF(F38<=22,"<90%")) -> >90% | G39: =IF(G38>=22,">90%",IF(G38<=22,"<90%")) -> >90% | H39: =IF(H38>=22,">90%",IF(H38<=22,"<90%")) -> >90% | I39: =IF(I38>=22,">90%",IF(I38<=22,"<90%")) -> >90% | ... Q39: =IF(Q38>=22,">90%",IF(Q38<=22,"<90%")) -> >90%
A40: Status | B40: =IF(B38>=22,"OK",IF(B38<=22,"LESS")) -> OK | C40: =IF(C38>=22,"OK",IF(C38<=22,"LESS")) -> OK | D40: =IF(D38>=22,"OK",IF(D38<=22,"LESS")) -> OK | E40: =IF(E38>=22,"OK",IF(E38<=22,"LESS")) -> OK | F40: =IF(F38>=22,"OK",IF(F38<=22,"LESS")) -> OK | G40: =IF(G38>=22,"OK",IF(G38<=22,"LESS")) -> OK | H40: =IF(H38>=22,"OK",IF(H38<=22,"LESS")) -> OK | I40: =IF(I38>=22,"OK",IF(I38<=22,"LESS")) -> OK | ... Q40: =IF(Q38>=22,"OK",IF(Q38<=22,"LESS")) -> OK
A43: Done by | B43: RAHUL
A45: Comment

Sheet 20
A1: Station: | B1: BHATAGAON RAIPUR
A2: Date: | B2: =$A$9 -> 20-01-2023 01:00 | D2: Power Off | G2: Pw.Off | L2: Link Fail | N2: Link F | P2: Maintenance | R2: Maint.
A3: Report Type: | B3: Mean | D3: Calibration | G3: Calib. | L3: Data Fail | N3: Data F | P3: Invalid | R3: Invalid
A4: Time Base: | B4: 01 Hour | D4: Zero Referrence | G4: Z.Ref | L4: Warm Up | N4: Wm. Up
A7: Date & Time | B7: NO_BHATAGAON | C7: NO2_BHATAGAON | D7: NOX_BHATAGAON | E7: SO2_BHATAGAON | F7: O3_BHATAGAON | G7: PM10_BHATAGAON | H7: PM2_5_BHATAGAON | I7: BENZ_BHATAGAON | J7: WS_BHATAGAON | K7: WD_BHATAGAON | L7: TEMP_BHATAGAON | M7: HUM BHATAGAON | N7: SR_BHATAGAON | O7: RG_BHATAGAON | P7: CO_BHATAGAON | Q7: NH3_BHATAGAON
B8: ug/m3 | C8: ug/m3 | D8: ppb | E8: ug/m3 | F8: ug/m3 | G8: mg/m3 | H8: ug/m3 | I8: ug/m3 | J8: m/sec | K8: deg | L8: degreC | M8: % | N8: w/m2 | O8: mm | P8: ug/m3 | Q8: ug/m3
A9: 20-01-2023 01:00 | B9: 84.36 | C9: 93.66 | D9: 119.76 | E9: 4.38 | F9: 0.13 | G9: 167.03 | H9: 68.2 | I9: 1.45 | J9: 0.76 | K9: 151.73 | L9: 20.95 | M9: 72 | N9: 4.6 | O9: 0 | P9: 2.96 | Q9: 50.24
A10: 20-01-2023 02:00 | B10: 58.61 | C10: 87.55 | D10: 95.74 | E10: 4.16 | F10: 0.18 | G10: 88.26 | H10: 61.5 | I10: 1.18 | J10: 0.47 | K10: 133.04 | L10: 20.47 | M10: 75 | N10: 4.6 | O10: 0 | P10: 2.33 | Q10: 47.22
A11: 20-01-2023 03:00 | B11: 43.03 | C11: 78.71 | D11: 78.36 | E11: 4.06 | F11: 0.04 | G11: 70.37 | H11: 52.58 | I11: 1.03 | J11: 0.21 | K11: 77.89 | L11: 19.69 | M11: 78 | N11: 4.6 | O11: 0 | P11: 2.03 | Q11: 44.73
A12: 20-01-2023 04:00 | B12: 34.2 | C12: 74.7 | D12: 69.07 | E12: 3.97 | F12: 0.11 | G12: 71.99 | H12: 46.84 | I12: 0.96 | J12: 0.29 | K12: 102.2 | L12: 19.07 | M12: 80 | N12: 4.6 | O12: 0 | P12: 1.74 | Q12: 46.55
A13: 20-01-2023 05:00 | B13: 22.4 | C13: 71.55 | D13: 57.86 | E13: 3.7 | F13: 0.25 | G13: 71.56 | H13: 45.88 | I13: 0.86 | J13: 0.25 | K13: 95.04 | L13: 18.45 | M13: 84 | N13: 4.6 | O13: 0 | P13: 1.46 | Q13: 44.53
A14: 20-01-2023 06:00 | B14: 18.73 | C14: 69.8 | D14: 53.3 | E14: 3.87 | F14: 0.06 | G14: 95.91 | H14: 43.54 | I14: 0.78 | J14: 0.17 | K14: 120.33 | L14: 17.98 | M14: 86 | N14: 4.6 | O14: 0 | P14: 1.3 | Q14: 41.72
A15: 20-01-2023 07:00 | B15: 27.73 | C15: 68.69 | D15: 58.73 | E15: 3.74 | F15: 0.34 | G15: 97.45 | H15: 47.99 | I15: 0.76 | J15: 0.21 | K15: 111.05 | L15: 17.92 | M15: 88 | N15: 17.1 | O15: 0 | P15: 1.26 | Q15: 43.76
A16: 20-01-2023 08:00 | B16: 29.23 | C16: 74.24 | D16: 64.83 | E16: 3.78 | F16: 0.23 | G16: 108.11 | H16: 48.12 | I16: 0.76 | J16: 0.26 | K16: 138.25 | L16: 19.77 | M16: 83 | N16: 112.1 | O16: 0 | P16: 1.31 | Q16: 43.67
A17: 20-01-2023 09:00 | B17: 30.55 | C17: 75.57 | D17: 66.62 | E17: 3.69 | F17: 0.06 | G17: 108.05 | H17: 50.99 | I17: 0.74 | J17: 1.03 | K17: 163.36 | L17: 21.54 | M17: 77 | N17: 287.3 | O17: 0 | P17: 1.35 | Q17: 43.1
A18: 20-01-2023 10:00 | B18: 25.51 | C18: 72.01 | D18: 60.61 | E18: 3.83 | F18: 0.38 | G18: 102.62 | H18: 50.01 | I18: 0.74 | J18: 0.96 | K18: 207.33 | L18: 25.35 | M18: 70 | N18: 434 | O18: 0 | P18: 1.29 | Q18: 41.95
A19: 20-01-2023 11:00 | B19: 18.42 | C19: 72.54 | D19: 53.53 | E19: 4.43 | F19: 0.44 | G19: 84.75 | H19: 46.99 | I19: 0.74 | J19: 1.44 | K19: 204.84 | L19: 27.15 | M19: 57 | N19: 526.1 | O19: 0 | P19: 1.19 | Q19: 43.72
A20: 20-01-2023 12:00 | B20: 7.92 | C20: 70.38 | D20: 45.55 | E20: 3.78 | F20: 1.32 | G20: 64.78 | H20: 43.02 | I20: 0.7 | J20: 0.91 | K20: 194.86 | L20: 28.25 | M20: 51 | N20: 564.2 | O20: 0 | P20: 1.01 | Q20: 42.1
... A22: 20-01-2023 14:00 | B22: 3.87 | C22: 63.35 | D22: 38.3 | E22: 4.81 | F22: 2.63 | G22: 48.32 | H22: 33.56 | I22: 0.64 | J22: 1.17 | K22: 221.23 | L22: 30.8 | M22: 35 | N22: 582.1 | O22: 0 | P22: 0.76 | Q22: 40.05
A23: 20-01-2023 15:00 | B23: 2.91 | C23: 65.51 | D23: 38.65 | E23: 4.36 | F23: 1.71 | G23: 38.81 | H23: 29.98 | I23: Maint. | J23: 0.73 | K23: 357.88 | L23: 30.92 | M23: 35 | N23: 423.4 | O23: 0 | P23: 0.7 | Q23: 42.19
A24: 20-01-2023 16:00 | B24: 2.09 | C24: 64.35 | D24: 37.61 | E24: 4.24 | F24: 8.63 | G24: 41.94 | H24: 27.29 | I24: Maint. | J24: 0.83 | K24: 209.83 | L24: 29.27 | M24: 35 | N24: 293.7 | O24: 0 | P24: 0.65 | Q24: 41.45
A25: 20-01-2023 17:00 | B25: 3.88 | C25: 56.43 | D25: 34.1 | E25: 4.19 | F25: 12.65 | G25: 39.53 | H25: 25.22 | I25: Maint. | J25: 0.17 | K25: 282.93 | L25: 28.65 | M25: 37 | N25: 132.7 | O25: 0 | P25: 0.58 | Q25: 40.51
A26: 20-01-2023 18:00 | B26: 4.57 | C26: 63.13 | D26: 38.89 | E26: 4.6 | F26: 17.45 | G26: 38.47 | H26: 24.89 | I26: Maint. | J26: 0.11 | K26: 326.31 | L26: 27.49 | M26: 47 | N26: 27.2 | O26: 0 | P26: 0.63 | Q26: 44.5
A27: 20-01-2023 19:00 | B27: 23.91 | C27: 78.84 | D27: 63.1 | E27: 4 | F27: 0.12 | G27: 65.57 | H27: 24.04 | I27: 0.7 | J27: 0.19 | K27: 147.25 | L27: 24.5 | M27: 60 | N27: 4.8 | O27: 0 | P27: 0.93 | Q27: 45.95
A28: 20-01-2023 20:00 | B28: 78.16 | C28: 96 | D28: 114.84 | E28: 4.17 | F28: 0.05 | G28: 160.9 | H28: 34.71 | I28: 1.18 | J28: 0.17 | K28: 121.46 | L28: 22.98 | M28: 63 | N28: 4.6 | O28: 0 | P28: 2.16 | Q28: 45.26
A29: 20-01-2023 21:00 | B29: 86.54 | C29: 96.45 | D29: 120.1 | E29: 4.63 | F29: 0.12 | G29: 207.29 | H29: 53.87 | I29: 1.4 | J29: 0.33 | K29: 330.39 | L29: 23.05 | M29: 63 | N29: 4.7 | O29: 0 | P29: 2.52 | Q29: 48.72
A30: 20-01-2023 22:00 | B30: 107.25 | C30: 101.51 | D30: 142.44 | E30: 4.81 | F30: Maint. | G30: 199.03 | H30: 54.82 | I30: 1.6 | J30: 0.12 | K30: 316.19 | L30: 21.88 | M30: 68 | N30: 4.7 | O30: 0 | P30: 3.02 | Q30: 53.67
A31: 20-01-2023 23:00 | B31: 111.49 | C31: 104.39 | D31: 147.41 | E31: 5.27 | F31: 0.04 | G31: 175.1 | H31: 58.97 | I31: 1.71 | J31: 1.08 | K31: 184.07 | L31: 23.27 | M31: 73 | N31: 4.4 | O31: 0 | P31: 3.25 | Q31: 53.69
A32: 20-01-2023 24:00 | B32: 96.04 | C32: 94.78 | D32: 129.19 | E32: 5.31 | F32: 0.46 | G32: 144.1 | H32: 57.5 | I32: 1.71 | J32: 0.28 | K32: 292.2 | L32: 22.88 | M32: 59 | N32: 4.9 | O32: 0 | P32: 2.96 | Q32: 51.07
A34: Min | B34: =MIN(B9:B32) -> 2.09 | C34: =MIN(C9:C32) -> 56.43 | D34: =MIN(D9:D32) -> 34.1 | E34: =MIN(E9:E32) -> 3.69 | F34: =MIN(F9:F32) -> 0.04 | G34: =MIN(G9:G32) -> 38.47 | H34: =MIN(H9:H32) -> 24.04 | I34: =MIN(I9:I32) -> 0.64 | ... Q34: =MIN(Q9:Q32) -> 40.05
A35: Max | B35: =MAX(B9:B32) -> 111.49 | C35: =MAX(C9:C32) -> 104.39 | D35: =MAX(D9:D32) -> 147.41 | E35: =MAX(E9:E32) -> 5.31 | F35: =MAX(F9:F32) -> 17.45 | G35: =MAX(G9:G32) -> 207.29 | H35: =MAX(H9:H32) -> 68.2 | I35: =MAX(I9:I32) -> 1.71 | ... Q35: =MAX(Q9:Q32) -> 53.69
A36: Avg | B36: =AVERAGE(B9:B32) -> 38.544167 | C36: =AVERAGE(C9:C32) -> 77.550833 | D36: =AVERAGE(D9:D32) -> 73.706667 | E36: =AVERAGE(E9:E32) -> 4.2870833 | F36: =AVERAGE(F9:F32) -> 2.2104348 | G36: =AVERAGE(G9:G32) -> 97.567917 | H36: =AVERAGE(H9:H32) -> 44.470417 | I36: =AVERAGE(I9:I32) -> 1.014 | ... Q36: =AVERAGE(Q9:Q32) -> 45.08875
A37: Stdev | B37: =STDEV(B9:B32) -> 35.984633 | C37: =STDEV(C9:C32) -> 13.578611 | D37: =STDEV(D9:D32) -> 36.062297 | E37: =STDEV(E9:E32) -> 0.49607572 | F37: =STDEV(F9:F32) -> 4.5273115 | G37: =STDEV(G9:G32) -> 51.90018 | H37: =STDEV(H9:H32) -> 12.441367 | I37: =STDEV(I9:I32) -> 0.37129078 | ... Q37: =STDEV(Q9:Q32) -> 3.901154
A38: Num | B38: =COUNT(B9:B32) -> 24 | C38: =COUNT(C9:C32) -> 24 | D38: =COUNT(D9:D32) -> 24 | E38: =COUNT(E9:E32) -> 24 | F38: =COUNT(F9:F32)+1 -> 24 | G38: =COUNT(G9:G32) -> 24 | H38: =COUNT(H9:H32) -> 24 | I38: =COUNT(I9:I32)+4 -> 24 | J38: =COUNT(J9:J32) -> 24 | K38: =COUNT(K9:K32) -> 24 | L38: =COUNT(L9:L32) -> 24 | M38: =COUNT(M9:M32) -> 24 | N38: =COUNT(N9:N32) -> 24 | O38: =COUNT(O9:O32) -> 24 | P38: =COUNT(P9:P32) -> 24 | Q38: =COUNT(Q9:Q32) -> 24
A39: DCR | B39: =IF(B38>=22,">90%",IF(B38<=22,"<90%")) -> >90% | C39: =IF(C38>=22,">90%",IF(C38<=22,"<90%")) -> >90% | D39: =IF(D38>=22,">90%",IF(D38<=22,"<90%")) -> >90% | E39: =IF(E38>=22,">90%",IF(E38<=22,"<90%")) -> >90% | F39: =IF(F38>=22,">90%",IF(F38<=22,"<90%")) -> >90% | G39: =IF(G38>=22,">90%",IF(G38<=22,"<90%")) -> >90% | H39: =IF(H38>=22,">90%",IF(H38<=22,"<90%")) -> >90% | I39: =IF(I38>=22,">90%",IF(I38<=22,"<90%")) -> >90% | ... Q39: =IF(Q38>=22,">90%",IF(Q38<=22,"<90%")) -> >90%
A40: Status | B40: =IF(B38>=22,"OK",IF(B38<=22,"LESS")) -> OK | C40: =IF(C38>=22,"OK",IF(C38<=22,"LESS")) -> OK | D40: =IF(D38>=22,"OK",IF(D38<=22,"LESS")) -> OK | E40: =IF(E38>=22,"OK",IF(E38<=22,"LESS")) -> OK | F40: =IF(F38>=22,"OK",IF(F38<=22,"LESS")) -> OK | G40: =IF(G38>=22,"OK",IF(G38<=22,"LESS")) -> OK | H40: =IF(H38>=22,"OK",IF(H38<=22,"LESS")) -> OK | I40: =IF(I38>=22,"OK",IF(I38<=22,"LESS")) -> OK | ... Q40: =IF(Q38>=22,"OK",IF(Q38<=22,"LESS")) -> OK
A43: Done by | B43: RAHUL
A45: Comment

Sheet 21
A1: Station: | B1: BHATAGAON RAIPUR
A2: Date: | B2: =$A$9 -> 21-01-2023 01:00 | D2: Power Off | G2: Pw.Off | L2: Link Fail | N2: Link F | P2: Maintenance | R2: Maint.
A3: Report Type: | B3: Mean | D3: Calibration | G3: Calib. | L3: Data Fail | N3: Data F | P3: Invalid | R3: Invalid
A4: Time Base: | B4: 01 Hour | D4: Zero Referrence | G4: Z.Ref | L4: Warm Up | N4: Wm. Up
A7: Date & Time | B7: NO_BHATAGAON | C7: NO2_BHATAGAON | D7: NOX_BHATAGAON | E7: SO2_BHATAGAON | F7: O3_BHATAGAON | G7: PM10_BHATAGAON | H7: PM2_5_BHATAGAON | I7: BENZ_BHATAGAON | J7: WS_BHATAGAON | K7: WD_BHATAGAON | L7: TEMP_BHATAGAON | M7: HUM BHATAGAON | N7: SR_BHATAGAON | O7: RG_BHATAGAON | P7: CO_BHATAGAON | Q7: NH3_BHATAGAON
B8: ug/m3 | C8: ug/m3 | D8: ppb | E8: ug/m3 | F8: ug/m3 | G8: mg/m3 | H8: ug/m3 | I8: ug/m3 | J8: m/sec | K8: deg | L8: degreC | M8: % | N8: w/m2 | O8: mm | P8: ug/m3 | Q8: ug/m3
A9: 21-01-2023 01:00 | B9: 82.36 | C9: 89.67 | D9: 115.78 | E9: 4.85 | F9: 0.2 | G9: 91.58 | H9: 51.89 | I9: 1.59 | J9: 0.38 | K9: 258.28 | L9: 21.92 | M9: 66 | N9: 4.9 | O9: 0 | P9: 2.68 | Q9: 50.71
A10: 21-01-2023 02:00 | B10: 68.08 | C10: 84.17 | D10: 101.46 | E10: 4.47 | F10: Maint. | G10: 67.08 | H10: 45.26 | I10: 1.45 | J10: 0.14 | K10: 337.68 | L10: 19.84 | M10: 74 | N10: 4.9 | O10: 0 | P10: 2.12 | Q10: 49.68
A11: 21-01-2023 03:00 | B11: 50.1 | C11: 76.87 | D11: 83.02 | E11: 4.4 | F11: Maint. | G11: 62.68 | H11: 40.29 | I11: 1.1 | J11: 0.16 | K11: 31.99 | L11: 18.74 | M11: 77 | N11: 4.6 | O11: 0 | P11: 1.84 | Q11: 46.34
A12: 21-01-2023 04:00 | B12: 43.2 | C12: 72.88 | D12: 75.28 | E12: 3.8 | F12: 0.11 | G12: 65.5 | H12: 37.28 | I12: 0.97 | J12: 0.11 | K12: 345.56 | L12: 18.19 | M12: 80 | N12: 4.6 | O12: 0 | P12: 1.59 | Q12: 44.25
A13: 21-01-2023 05:00 | B13: 41.15 | C13: 70.84 | D13: 72.51 | E13: 4.34 | F13: Maint. | G13: 73.33 | H13: 36.33 | I13: 0.92 | J13: 0.17 | K13: 317.44 | L13: 17.67 | M13: 83 | N13: 4.5 | O13: 0 | P13: 1.42 | Q13: 45.77
A14: 21-01-2023 06:00 | B14: 46.86 | C14: 70.87 | D14: 77.11 | E14: 4.3 | F14: Maint. | G14: 71.11 | H14: 33.1 | I14: 0.86 | J14: 0.15 | K14: 342.47 | L14: 17.92 | M14: 82 | N14: 4.5 | O14: 0 | P14: 1.29 | Q14: 44.72
A15: 21-01-2023 07:00 | B15: 56.88 | C15: 74.69 | D15: 87.2 | E15: 4.63 | F15: 0.05 | G15: 87.75 | H15: 36.84 | I15: 0.81 | J15: 0.16 | K15: 323.04 | L15: 17.99 | M15: 83 | N15: 18.5 | O15: 0 | P15: 1.3 | Q15: 43.28
A16: 21-01-2023 08:00 | B16: 58.73 | C16: 75.03 | D16: 88.61 | E16: 4.85 | F16: 0.01 | G16: 88 | H16: 36.3 | I16: 0.8 | J16: 0.75 | K16: 345.09 | L16: 19.92 | M16: 80 | N16: 142.8 | O16: 0 | P16: 1.34 | Q16: 44.37
A17: 21-01-2023 09:00 | B17: 55.15 | C17: 77.07 | D17: 86.03 | E17: 3.88 | F17: Maint. | G17: 85.74 | H17: 37.53 | I17: 0.8 | J17: 0.35 | K17: 151.04 | L17: 23.35 | M17: 65 | N17: 313.8 | O17: 0 | P17: 1.37 | Q17: 44.49
A18: 21-01-2023 10:00 | B18: 44.92 | C18: 78.73 | D18: 79.7 | E18: 3.72 | F18: 0.67 | G18: 79.59 | H18: 40.58 | I18: 0.77 | J18: 0.47 | K18: 157.67 | L18: 26.45 | M18: 60 | N18: 444.7 | O18: 0 | P18: 1.33 | Q18: 43.36
A19: 21-01-2023 11:00 | B19: 33.6 | C19: 79.84 | D19: 70.89 | E19: 4.11 | F19: 1.23 | G19: 74.74 | H19: 39.4 | I19: 0.74 | J19: 0.61 | K19: 353.49 | L19: 32.21 | M19: 44 | N19: 522.1 | O19: 0 | P19: 1.47 | Q19: 42.15
A20: 21-01-2023 12:00 | B20: 26.09 | C20: 89.82 | D20: 66.59 | E20: 4.65 | F20: 1.45 | G20: 90.12 | H20: 40.99 | I20: 0.75 | J20: 0.9 | K20: 353.27 | L20: 33.04 | M20: 39 | N20: 531.8 | O20: 0 | P20: 1.69 | Q20: 44.38
A21: 21-01-2023 13:00 | B21: 15.21 | C21: 91.6 | D21: 63.17 | E21: 4.51 | F21: 1.52 | G21: 92.18 | H21: 40.78 | I21: 0.74 | J21: 0.36 | K21: 48.97 | L21: 32.05 | M21: 38 | N21: 521.5 | O21: 0 | P21: 1.74 | Q21: 43.61
A22: 21-01-2023 14:00 | B22: 6.72 | C22: 83.47 | D22: 51.37 | E22: 9.3 | F22: 7.01 | G22: 87.53 | H22: 39.67 | I22: 0.69 | J22: 0.96 | K22: 355.71 | L22: 33.97 | M22: 34 | N22: 481.9 | O22: 0 | P22: 1.73 | Q22: 43.46
A23: 21-01-2023 15:00 | B23: 5.59 | C23: 80.24 | D23: 48.92 | E23: 7.74 | F23: 13.06 | G23: 74.13 | H23: 37.7 | I23: 0.67 | J23: 0.53 | K23: 350.92 | L23: 33.49 | M23: 32 | N23: 414.3 | O23: 0 | P23: 1.68 | Q23: 41.63
A24: 21-01-2023 16:00 | B24: 4.61 | C24: 78.81 | D24: 47.22 | E24: 5.05 | F24: 4.46 | G24: 63.5 | H24: 35.73 | I24: 0.69 | J24: 0.53 | K24: 355.96 | L24: 31.92 | M24: 32 | N24: 270.6 | O24: 0 | P24: 1.54 | Q24: 44.3
A25: 21-01-2023 17:00 | B25: 8.08 | C25: 79.78 | D25: 48.91 | E25: 6.38 | F25: 10.84 | G25: 55.03 | H25: 33.41 | I25: 0.66 | J25: 0.79 | K25: 351.04 | L25: 29.89 | M25: 35 | N25: 147.9 | O25: 0 | P25: 1.39 | Q25: 43.35
A26: 21-01-2023 18:00 | B26: 11.47 | C26: 85.95 | D26: 57.05 | E26: 5.65 | F26: 8.34 | G26: 54.65 | H26: 31.39 | I26: 0.68 | J26: 0.49 | K26: 189.95 | L26: 28.05 | M26: 45 | N26: 27.8 | O26: 0 | P26: 1.43 | Q26: 42.63
A27: 21-01-2023 19:00 | B27: 31.58 | C27: 92.28 | D27: 76.67 | E27: 4.86 | F27: 0.66 | G27: 75.17 | H27: 31.39 | I27: 0.77 | J27: 0.16 | K27: 147.48 | L27: 24.34 | M27: 56 | N27: 4.7 | O27: 0 | P27: 1.51 | Q27: 46.89
A28: 21-01-2023 20:00 | B28: 47.05 | C28: 93.85 | D28: 89.94 | E28: 4.8 | F28: Maint. | G28: 141.3 | H28: 37.26 | I28: 0.92 | J28: 0.1 | K28: 130.04 | L28: 22.78 | M28: 71 | N28: 4.6 | O28: 0 | P28: 2.21 | Q28: 48.9
A29: 21-01-2023 21:00 | B29: 81.36 | C29: 102.67 | D29: 122.32 | E29: 5.26 | F29: 0.09 | G29: 181.46 | H29: 46.85 | I29: 1.44 | J29: 0.19 | K29: 338.89 | L29: 23.24 | M29: 71 | N29: 4.7 | O29: 0 | P29: 2.75 | Q29: 48.75
A30: 21-01-2023 22:00 | B30: 88.6 | C30: 99 | D30: 125.19 | E30: 5.71 | F30: 0.03 | G30: 172.72 | H30: 49.01 | I30: 1.46 | J30: 0.15 | K30: 320.38 | L30: 21.94 | M30: 64 | N30: 4.7 | O30: 0 | P30: 2.88 | Q30: 50.15
A31: 21-01-2023 23:00 | B31: 95.28 | C31: 98.22 | D31: 131.03 | E31: 5.7 | F31: Maint. | G31: 173.14 | H31: 53.36 | I31: 1.49 | J31: 0.08 | K31: 359.8 | L31: 20.95 | M31: 75 | N31: 4.8 | O31: 0 | P31: 2.93 | Q31: 52.54
A32: 21-01-2023 24:00 | B32: 118.58 | C32: 102.93 | D32: 152.31 | E32: 5.51 | F32: 0.06 | G32: 179.89 | H32: 58.69 | I32: 1.56 | J32: 0.4 | K32: 287.17 | L32: 21.33 | M32: 74 | N32: 4.6 | O32: 0 | P32: 3.08 | Q32: 53.28
A34: Min | B34: =MIN(B9:B32) -> 4.61 | C34: =MIN(C9:C32) -> 70.84 | D34: =MIN(D9:D32) -> 47.22 | E34: =MIN(E9:E32) -> 3.72 | F34: =MIN(F9:F32) -> 0.01 | G34: =MIN(G9:G32) -> 54.65 | H34: =MIN(H9:H32) -> 31.39 | I34: =MIN(I9:I32) -> 0.66 | ... Q34: =MIN(Q9:Q32) -> 41.63
A35: Max | B35: =MAX(B9:B32) -> 118.58 | C35: =MAX(C9:C32) -> 102.93 | D35: =MAX(D9:D32) -> 152.31 | E35: =MAX(E9:E32) -> 9.3 | F35: =MAX(F9:F32) -> 13.06 | G35: =MAX(G9:G32) -> 181.46 | H35: =MAX(H9:H32) -> 58.69 | I35: =MAX(I9:I32) -> 1.59 | ... Q35: =MAX(Q9:Q32) -> 53.28
A36: Avg | B36: =AVERAGE(B9:B32) -> 46.71875 | C36: =AVERAGE(C9:C32) -> 84.553333 | D36: =AVERAGE(D9:D32) -> 84.095 | E36: =AVERAGE(E9:E32) -> 5.1029167 | F36: =AVERAGE(F9:F32) -> 2.9288235 | G36: =AVERAGE(G9:G32) -> 95.33 | H36: =AVERAGE(H9:H32) -> 40.459583 | I36: =AVERAGE(I9:I32) -> 0.97208333 | ... Q36: =AVERAGE(Q9:Q32) -> 45.957917
A37: Stdev | B37: =STDEV(B9:B32) -> 31.067505 | C37: =STDEV(C9:C32) -> 9.9114443 | D37: =STDEV(D9:D32) -> 28.18564 | E37: =STDEV(E9:E32) -> 1.2630208 | F37: =STDEV(F9:F32) -> 4.2404892 | G37: =STDEV(G9:G32) -> 41.011625 | H37: =STDEV(H9:H32) -> 7.0505421 | I37: =STDEV(I9:I32) -> 0.32789154 | ... Q37: =STDEV(Q9:Q32) -> 3.3595574
A38: Num | B38: =COUNT(B9:B32) -> 24 | C38: =COUNT(C9:C32) -> 24 | D38: =COUNT(D9:D32) -> 24 | E38: =COUNT(E9:E32) -> 24 | F38: =COUNT(F9:F32)+7 -> 24 | G38: =COUNT(G9:G32) -> 24 | H38: =COUNT(H9:H32) -> 24 | I38: =COUNT(I9:I32) -> 24 | J38: =COUNT(J9:J32) -> 24 | K38: =COUNT(K9:K32) -> 24 | L38: =COUNT(L9:L32) -> 24 | M38: =COUNT(M9:M32) -> 24 | N38: =COUNT(N9:N32) -> 24 | ... Q38: =COUNT(Q9:Q32) -> 24
A39: DCR | B39: =IF(B38>=22,">90%",IF(B38<=22,"<90%")) -> >90% | C39: =IF(C38>=22,">90%",IF(C38<=22,"<90%")) -> >90% | D39: =IF(D38>=22,">90%",IF(D38<=22,"<90%")) -> >90% | E39: =IF(E38>=22,">90%",IF(E38<=22,"<90%")) -> >90% | F39: =IF(F38>=22,">90%",IF(F38<=22,"<90%")) -> >90% | G39: =IF(G38>=22,">90%",IF(G38<=22,"<90%")) -> >90% | H39: =IF(H38>=22,">90%",IF(H38<=22,"<90%")) -> >90% | I39: =IF(I38>=22,">90%",IF(I38<=22,"<90%")) -> >90% | ... Q39: =IF(Q38>=22,">90%",IF(Q38<=22,"<90%")) -> >90%
A40: Status | B40: =IF(B38>=22,"OK",IF(B38<=22,"LESS")) -> OK | C40: =IF(C38>=22,"OK",IF(C38<=22,"LESS")) -> OK | D40: =IF(D38>=22,"OK",IF(D38<=22,"LESS")) -> OK | E40: =IF(E38>=22,"OK",IF(E38<=22,"LESS")) -> OK | F40: =IF(F38>=22,"OK",IF(F38<=22,"LESS")) -> OK | G40: =IF(G38>=22,"OK",IF(G38<=22,"LESS")) -> OK | H40: =IF(H38>=22,"OK",IF(H38<=22,"LESS")) -> OK | I40: =IF(I38>=22,"OK",IF(I38<=22,"LESS")) -> OK | ... Q40: =IF(Q38>=22,"OK",IF(Q38<=22,"LESS")) -> OK
A43: Done by | B43: RAHUL
A45: Comment

Sheet 22
A1: Station: | B1: BHATAGAON RAIPUR
A2: Date: | B2: =$A$9 -> 22-01-2023 01:00 | D2: Power Off | G2: Pw.Off | L2: Link Fail | N2: Link F | P2: Maintenance | R2: Maint.
A3: Report Type: | B3: Mean | D3: Calibration | G3: Calib. | L3: Data Fail | N3: Data F | P3: Invalid | R3: Invalid
A4: Time Base: | B4: 01 Hour | D4: Zero Referrence | G4: Z.Ref | L4: Warm Up | N4: Wm. Up
A7: Date & Time | B7: NO_BHATAGAON | C7: NO2_BHATAGAON | D7: NOX_BHATAGAON | E7: SO2_BHATAGAON | F7: O3_BHATAGAON | G7: PM10_BHATAGAON | H7: PM2_5_BHATAGAON | I7: BENZ_BHATAGAON | J7: WS_BHATAGAON | K7: WD_BHATAGAON | L7: TEMP_BHATAGAON | M7: HUM BHATAGAON | N7: SR_BHATAGAON | O7: RG_BHATAGAON | P7: CO_BHATAGAON | Q7: NH3_BHATAGAON
B8: ug/m3 | C8: ug/m3 | D8: ppb | E8: ug/m3 | F8: ug/m3 | G8: mg/m3 | H8: ug/m3 | I8: ug/m3 | J8: m/sec | K8: deg | L8: degreC | M8: % | N8: w/m2 | O8: mm | P8: ug/m3 | Q8: ug/m3
A9: 22-01-2023 01:00 | B9: 110.97 | C9: 96.7 | D9: 142.78 | E9: 4.86 | F9: 0.35 | G9: 157.56 | H9: 58.3 | I9: 1.53 | J9: 0.14 | K9: 354.18 | L9: 21.81 | M9: 69 | N9: 5.1 | O9: 0 | P9: 2.88 | Q9: 51.95
A10: 22-01-2023 02:00 | B10: 93.58 | C10: 92.09 | D10: 126.29 | E10: 5.02 | F10: 0.26 | G10: 92.47 | H10: 53.8 | I10: 1.41 | J10: 0.11 | K10: 350.95 | L10: 19.3 | M10: 75 | N10: 5 | O10: 0 | P10: 2.39 | Q10: 51.15
A11: 22-01-2023 03:00 | B11: 76.89 | C11: 85.87 | D11: 109.16 | E11: 4.65 | F11: 0.38 | G11: 61.52 | H11: 44.34 | I11: 1.2 | J11: 0.19 | K11: 353.87 | L11: 18.9 | M11: 81 | N11: 4.6 | O11: 0 | P11: 2.09 | Q11: 50.5
A12: 22-01-2023 04:00 | B12: 60.41 | C12: 81.57 | D12: 93.87 | E12: 4.09 | F12: Data F | G12: 78.58 | H12: 40.88 | I12: 1.04 | J12: 0.19 | K12: 289.19 | L12: 18.06 | M12: 82 | N12: 4.4 | O12: 0 | P12: 1.73 | Q12: 47.23
A13: 22-01-2023 05:00 | B13: 50.71 | C13: 76.97 | D13: 83.56 | E13: 4.15 | F13: Data F | G13: 76.08 | H13: 39.51 | I13: 0.94 | J13: 0.1 | K13: 97.94 | L13: 18 | M13: 82 | N13: 4.6 | O13: 0 | P13: 1.55 | Q13: 44.45
A14: 22-01-2023 06:00 | B14: 46.84 | C14: 74.2 | D14: 78.79 | E14: 4.39 | F14: Data F | G14: 68.7 | H14: 38.98 | I14: 0.92 | J14: 0.15 | K14: 288.72 | L14: 17.91 | M14: 82 | N14: 4.6 | O14: 0 | P14: 1.45 | Q14: 45.48
A15: 22-01-2023 07:00 | B15: 66.16 | C15: 80.83 | D15: 98.07 | E15: 4.29 | F15: Data F | G15: 94.72 | H15: 39.25 | I15: 0.88 | J15: 0.11 | K15: 326.7 | L15: 17.32 | M15: 86 | N15: 17.4 | O15: 0 | P15: 1.59 | Q15: 45.38
A16: 22-01-2023 08:00 | B16: 98.58 | C16: 93.3 | D16: 130.96 | E16: 4.66 | F16: 0.07 | G16: 159.18 | H16: 53.59 | I16: 0.88 | J16: 0.19 | K16: 311.47 | L16: 20.79 | M16: 86 | N16: 135.5 | O16: 0 | P16: 1.92 | Q16: 45.69
A17: 22-01-2023 09:00 | B17: 101.14 | C17: 94.7 | D17: 133.79 | E17: 4.84 | F17: 0.11 | G17: 210.24 | H17: 75.21 | I17: 0.94 | J17: 0.73 | K17: 123.05 | L17: 23.95 | M17: 62 | N17: 323.4 | O17: 0 | P17: 2.08 | Q17: 48.17
A18: 22-01-2023 10:00 | B18: 88.78 | C18: 92.02 | D18: 121.63 | E18: 5.16 | F18: 0.02 | G18: 184.1 | H18: 73.76 | I18: 0.94 | J18: 0.98 | K18: 182.8 | L18: 26.95 | M18: 52 | N18: 467.7 | O18: 0 | P18: 2.07 | Q18: 48.68
A19: 22-01-2023 11:00 | B19: 56.97 | C19: 92.32 | D19: 96.64 | E19: 4.09 | F19: 0.71 | G19: 105.56 | H19: 67.28 | I19: 0.86 | J19: 1.16 | K19: 191.15 | L19: 28.57 | M19: 44 | N19: 540.5 | O19: 0 | P19: 1.76 | Q19: 46.29
A20: 22-01-2023 12:00 | B20: 33.76 | C20: 86.24 | D20: 74.43 | E20: 3.88 | F20: 2.07 | G20: 62.05 | H20: 57.95 | I20: 0.76 | J20: 0.92 | K20: 174.04 | L20: 29.43 | M20: 39 | N20: 593.3 | O20: 0 | P20: 1.48 | Q20: 41.81
A21: 22-01-2023 13:00 | B21: 22.83 | C21: 78.94 | D21: 62.29 | E21: 3.53 | F21: 2.75 | G21: 50.39 | H21: 47.79 | I21: 0.74 | J21: 0.91 | K21: 359.92 | L21: 31.46 | M21: 33 | N21: 597.6 | O21: 0 | P21: 1.26 | Q21: 43.29
A22: 22-01-2023 14:00 | B22: 13.03 | C22: 80.06 | D22: 55.05 | E22: 3.57 | F22: 1.3 | G22: 39.7 | H22: 32.61 | I22: 0.71 | J22: 1.27 | K22: 174.62 | L22: 32.23 | M22: 30 | N22: 529.8 | O22: 0 | P22: 1.07 | Q22: 42.72
A23: 22-01-2023 15:00 | B23: 6.15 | C23: 69.27 | D23: 43.57 | E23: 3.46 | F23: 10.05 | G23: 37.67 | H23: 25.45 | I23: 0.65 | J23: 0.49 | K23: 83.78 | L23: 32.48 | M23: 27 | N23: 450.2 | O23: 0 | P23: 0.87 | Q23: 39.96
A24: 22-01-2023 16:00 | B24: 4.66 | C24: 64.23 | D24: 39.6 | E24: 3.64 | F24: 12.7 | G24: 37.59 | H24: 21.87 | I24: 0.61 | J24: 0.57 | K24: 202.17 | L24: 30.78 | M24: 28 | N24: 299.3 | O24: 0 | P24: 0.79 | Q24: 39.1
A25: 22-01-2023 17:00 | B25: 3.53 | C25: 64.45 | D25: 38.48 | E25: 4.43 | F25: 4.55 | G25: 36.37 | H25: 17.57 | I25: 0.63 | J25: 0.51 | K25: 186.92 | L25: 29.19 | M25: 30 | N25: 166.6 | O25: 0 | P25: 0.73 | Q25: 41.6
A26: 22-01-2023 18:00 | B26: 18.7 | C26: 84.16 | D26: 61.86 | E26: 4.23 | F26: 3.91 | G26: 36.08 | H26: 16.28 | I26: 0.61 | J26: 0.23 | K26: 353.94 | L26: 28.14 | M26: 44 | N26: 27.7 | O26: 0 | P26: 0.9 | Q26: 41.38
A27: 22-01-2023 19:00 | B27: 48.42 | C27: 88.53 | D27: 88.11 | E27: 4.4 | F27: 0.2 | G27: 66.72 | H27: 24.96 | I27: 0.75 | J27: 0.17 | K27: 78.57 | L27: 24.38 | M27: 55 | N27: 4.6 | O27: 0 | P27: 1.7 | Q27: 39.99
A28: 22-01-2023 20:00 | B28: 41.76 | C28: 84.75 | D28: 80.67 | E28: 5 | F28: 0.27 | G28: 147.67 | H28: 35.73 | I28: 0.86 | J28: 0.17 | K28: 326.57 | L28: 22.68 | M28: 59 | N28: 4.6 | O28: 0 | P28: 1.62 | Q28: 46.82
A29: 22-01-2023 21:00 | B29: 72.99 | C29: 94.03 | D29: 110.84 | E29: 4.59 | F29: Data F | G29: 154.59 | H29: 40.49 | I29: 1.01 | J29: 0.08 | K29: 354.42 | L29: 21.6 | M29: 63 | N29: 4.6 | O29: 0 | P29: 2.27 | Q29: 48.56
A30: 22-01-2023 22:00 | B30: 91.8 | C30: 103.03 | D30: 129.83 | E30: 5.05 | F30: Data F | G30: 157.45 | H30: 47.45 | I30: 1.39 | J30: 0.11 | K30: 359.08 | L30: 21.64 | M30: 57 | N30: 4.2 | O30: 0 | P30: 2.68 | Q30: 48.75
A31: 22-01-2023 23:00 | B31: 88.77 | C31: 97.82 | D31: 125.59 | E31: 4.87 | F31: 0.12 | G31: 145.76 | H31: 49.52 | I31: 1.43 | J31: 0.24 | K31: 319.96 | L31: 21.73 | M31: 59 | N31: 4.7 | O31: 0 | P31: 2.69 | Q31: 48.21
A32: 22-01-2023 24:00 | B32: 102.84 | C32: 95.57 | D32: 135.63 | E32: 4.92 | F32: 0.08 | G32: 117.28 | H32: 49.02 | I32: 1.45 | J32: 0.13 | K32: 339 | L32: 20.34 | M32: 63 | N32: 4.6 | O32: 0 | P32: 2.76 | Q32: 50.81
A34: Min | B34: =MIN(B9:B32) -> 3.53 | C34: =MIN(C9:C32) -> 64.23 | D34: =MIN(D9:D32) -> 38.48 | E34: =MIN(E9:E32) -> 3.46 | F34: =MIN(F9:F32) -> 0.02 | G34: =MIN(G9:G32) -> 36.08 | H34: =MIN(H9:H32) -> 16.28 | I34: =MIN(I9:I32) -> 0.61 | ... Q34: =MIN(Q9:Q32) -> 39.1
A35: Max | B35: =MAX(B9:B32) -> 110.97 | C35: =MAX(C9:C32) -> 103.03 | D35: =MAX(D9:D32) -> 142.78 | E35: =MAX(E9:E32) -> 5.16 | F35: =MAX(F9:F32) -> 12.7 | G35: =MAX(G9:G32) -> 210.24 | H35: =MAX(H9:H32) -> 75.21 | I35: =MAX(I9:I32) -> 1.53 | ... Q35: =MAX(Q9:Q32) -> 51.95
A36: Avg | B36: =AVERAGE(B9:B32) -> 58.344583 | C36: =AVERAGE(C9:C32) -> 85.485417 | D36: =AVERAGE(D9:D32) -> 94.22875 | E36: =AVERAGE(E9:E32) -> 4.4070833 | F36: =AVERAGE(F9:F32) -> 2.2166667 | G36: =AVERAGE(G9:G32) -> 99.084583 | H36: =AVERAGE(H9:H32) -> 43.81625 | I36: =AVERAGE(I9:I32) -> 0.96416667 | ... Q36: =AVERAGE(Q9:Q32) -> 45.74875
A37: Stdev | B37: =STDEV(B9:B32) -> 34.706231 | C37: =STDEV(C9:C32) -> 10.463391 | D37: =STDEV(D9:D32) -> 32.811478 | E37: =STDEV(E9:E32) -> 0.52253961 | F37: =STDEV(F9:F32) -> 3.6328987 | G37: =STDEV(G9:G32) -> 53.21532 | H37: =STDEV(H9:H32) -> 16.180275 | I37: =STDEV(I9:I32) -> 0.28892479 | ... Q37: =STDEV(Q9:Q32) -> 3.8260268
A38: Num | B38: =COUNT(B9:B32) -> 24 | C38: =COUNT(C9:C32) -> 24 | D38: =COUNT(D9:D32) -> 24 | E38: =COUNT(E9:E32) -> 24 | F38: =COUNT(F9:F32)+6 -> 24 | G38: =COUNT(G9:G32) -> 24 | H38: =COUNT(H9:H32) -> 24 | I38: =COUNT(I9:I32) -> 24 | J38: =COUNT(J9:J32) -> 24 | K38: =COUNT(K9:K32) -> 24 | L38: =COUNT(L9:L32) -> 24 | M38: =COUNT(M9:M32) -> 24 | N38: =COUNT(N9:N32) -> 24 | ... Q38: =COUNT(Q9:Q32) -> 24
A39: DCR | B39: =IF(B38>=22,">90%",IF(B38<=22,"<90%")) -> >90% | C39: =IF(C38>=22,">90%",IF(C38<=22,"<90%")) -> >90% | D39: =IF(D38>=22,">90%",IF(D38<=22,"<90%")) -> >90% | E39: =IF(E38>=22,">90%",IF(E38<=22,"<90%")) -> >90% | F39: =IF(F38>=22,">90%",IF(F38<=22,"<90%")) -> >90% | G39: =IF(G38>=22,">90%",IF(G38<=22,"<90%")) -> >90% | H39: =IF(H38>=22,">90%",IF(H38<=22,"<90%")) -> >90% | I39: =IF(I38>=22,">90%",IF(I38<=22,"<90%")) -> >90% | ... Q39: =IF(Q38>=22,">90%",IF(Q38<=22,"<90%")) -> >90%
A40: Status | B40: =IF(B38>=22,"OK",IF(B38<=22,"LESS")) -> OK | C40: =IF(C38>=22,"OK",IF(C38<=22,"LESS")) -> OK | D40: =IF(D38>=22,"OK",IF(D38<=22,"LESS")) -> OK | E40: =IF(E38>=22,"OK",IF(E38<=22,"LESS")) -> OK | F40: =IF(F38>=22,"OK",IF(F38<=22,"LESS")) -> OK | G40: =IF(G38>=22,"OK",IF(G38<=22,"LESS")) -> OK | H40: =IF(H38>=22,"OK",IF(H38<=22,"LESS")) -> OK | I40: =IF(I38>=22,"OK",IF(I38<=22,"LESS")) -> OK | ... Q40: =IF(Q38>=22,"OK",IF(Q38<=22,"LESS")) -> OK
A43: Done by | B43: RAHUL
A45: Comment

Sheet 23
A1: Station: | B1: BHATAGAON RAIPUR
A2: Date: | B2: =$A$9 -> 23-01-2023 01:00 | D2: Power Off | G2: Pw.Off | L2: Link Fail | N2: Link F | P2: Maintenance | R2: Maint.
A3: Report Type: | B3: Mean | D3: Calibration | G3: Calib. | L3: Data Fail | N3: Data F | P3: Invalid | R3: Invalid
A4: Time Base: | B4: 01 Hour | D4: Zero Referrence | G4: Z.Ref | L4: Warm Up | N4: Wm. Up
A7: Date & Time | B7: NO_BHATAGAON | C7: NO2_BHATAGAON | D7: NOX_BHATAGAON | E7: SO2_BHATAGAON | F7: O3_BHATAGAON | G7: PM10_BHATAGAON | H7: PM2_5_BHATAGAON | I7: BENZ_BHATAGAON | J7: WS_BHATAGAON | K7: WD_BHATAGAON | L7: TEMP_BHATAGAON | M7: HUM BHATAGAON | N7: SR_BHATAGAON | O7: RG_BHATAGAON | P7: CO_BHATAGAON | Q7: NH3_BHATAGAON
B8: ug/m3 | C8: ug/m3 | D8: ppb | E8: ug/m3 | F8: ug/m3 | G8: mg/m3 | H8: ug/m3 | I8: ug/m3 | J8: m/sec | K8: deg | L8: degreC | M8: % | N8: w/m2 | O8: mm | P8: ug/m3 | Q8: ug/m3
A9: 23-01-2023 01:00 | B9: 104.87 | C9: 96.52 | D9: 137.79 | E9: 3.96 | F9: 0.01 | G9: 149.44 | H9: 47.63 | I9: 1.45 | J9: 0.14 | K9: 350.75 | L9: 20.13 | M9: 63 | N9: 4.7 | O9: 0 | P9: 2.69 | Q9: 50.02
A10: 23-01-2023 02:00 | B10: 89.56 | C10: 89.86 | D10: 121.8 | E10: 4.12 | F10: 0.01 | G10: 129.78 | H10: 45.95 | I10: 1.35 | J10: 0.12 | K10: 318.18 | L10: 19.57 | M10: 66 | N10: 4.5 | O10: 0 | P10: 2.23 | Q10: 47.14
A11: 23-01-2023 03:00 | B11: 77.52 | C11: 85.54 | D11: 109.79 | E11: 4 | F11: 0.01 | G11: 78.53 | H11: 42.02 | I11: 1.14 | J11: 0.17 | K11: 341.71 | L11: 18.54 | M11: 73 | N11: 4.6 | O11: 0 | P11: 2 | Q11: 46.35
A12: 23-01-2023 04:00 | B12: 68.18 | C12: 80.78 | D12: 99.67 | E12: 3.81 | F12: Maint. | G12: 74.39 | H12: 38.29 | I12: 1.13 | J12: 0.21 | K12: 358.25 | L12: 17.58 | M12: 77 | N12: 4.6 | O12: 0 | P12: 1.74 | Q12: 46.05
A13: 23-01-2023 05:00 | B13: 59.43 | C13: 76.49 | D13: 90.29 | E13: 3.52 | F13: 0.02 | G13: 76.62 | H13: 36.75 | I13: 0.99 | J13: 0.15 | K13: 348.82 | L13: 18.04 | M13: 77 | N13: 4.7 | O13: 0 | P13: 1.53 | Q13: 43.62
A14: 23-01-2023 06:00 | B14: 53.07 | C14: 74.72 | D14: 84.21 | E14: 3.29 | F14: 0.02 | G14: 73.4 | H14: 34.89 | I14: 0.92 | J14: 0.13 | K14: 333.37 | L14: 16.66 | M14: 78 | N14: 4.5 | O14: 0 | P14: 1.39 | Q14: 40.76
A15: 23-01-2023 07:00 | B15: 74.43 | C15: 79.32 | D15: 103.88 | E15: 3.96 | F15: Maint. | G15: 74.48 | H15: 36.56 | I15: 0.87 | J15: 0.15 | K15: 344.27 | L15: 16.64 | M15: 82 | N15: 17.9 | O15: 0 | P15: 1.46 | Q15: 43.81
A16: 23-01-2023 08:00 | B16: 76.69 | C16: 82.02 | D16: 106.24 | E16: 3.82 | F16: 0.01 | G16: 117.38 | H16: 39.3 | I16: 0.88 | J16: 0.34 | K16: 104.17 | L16: 20.07 | M16: 73 | N16: 155.3 | O16: 0 | P16: 1.57 | Q16: 43.78
A17: 23-01-2023 09:00 | B17: 73.21 | C17: 81.19 | D17: 103.8 | E17: 3.75 | F17: 0.16 | G17: 111.64 | H17: 42.47 | I17: 0.86 | J17: 1.07 | K17: 114.97 | L17: 22.12 | M17: 61 | N17: 348 | O17: 0 | P17: 1.56 | Q17: 42.43
A18: 23-01-2023 10:00 | B18: 62.65 | C18: 80.31 | D18: 94.73 | E18: 3.96 | F18: 0.38 | G18: 88.99 | H18: 41.3 | I18: 0.86 | J18: 0.91 | K18: 180.4 | L18: 25.36 | M18: 56 | N18: 484.8 | O18: 0 | P18: 1.46 | Q18: 42.49
A19: 23-01-2023 11:00 | B19: 45.58 | C19: 79.84 | D19: 80.35 | E19: 3.84 | F19: 2.04 | G19: 63.65 | H19: 37.3 | I19: 0.82 | J19: 0.83 | K19: 190.14 | L19: 28 | M19: 48 | N19: 561.1 | O19: 0 | P19: 1.3 | Q19: 43.8
A20: 23-01-2023 12:00 | B20: 5.41 | C20: 68.78 | D20: 42.71 | E20: 2.85 | F20: 8.36 | G20: 51.68 | H20: 33.44 | I20: 0.62 | J20: 0.7 | K20: 137.54 | L20: 29.82 | M20: 41 | N20: 596.3 | O20: 0 | P20: 0.89 | Q20: 31.43
A21: 23-01-2023 13:00 | B21: 3 | C21: 57.76 | D21: 34.48 | E21: 4.2 | F21: 21.5 | G21: 47.21 | H21: 30.78 | I21: 0.55 | J21: 0.68 | K21: 145.89 | L21: 31.57 | M21: 39 | N21: 589.4 | O21: 0 | P21: 0.81 | Q21: 26.15
A22: 23-01-2023 14:00 | B22: 2.48 | C22: 49.18 | D22: 29.55 | E22: 3.4 | F22: 10.45 | G22: 45.75 | H22: 29.82 | I22: 0.57 | J22: 0.58 | K22: 169.32 | L22: 33.05 | M22: 31 | N22: 547.5 | O22: 0 | P22: 0.73 | Q22: 27.08
A23: 23-01-2023 15:00 | B23: 2.77 | C23: 48.05 | D23: 29.14 | E23: 3.34 | F23: 9.45 | G23: 38.7 | H23: 27.12 | I23: 0.54 | J23: 0.95 | K23: 118.32 | L23: 31.36 | M23: 30 | N23: 480.9 | O23: 0 | P23: 0.66 | Q23: 26.6
A24: 23-01-2023 16:00 | B24: 4.04 | C24: 41.92 | D24: 26.79 | E24: 4.09 | F24: 25.46 | G24: 30.79 | H24: 20.78 | I24: 0.5 | J24: 1.12 | K24: 151.83 | L24: 31.5 | M24: 29 | N24: 249.8 | O24: 0 | P24: 0.61 | Q24: 24.32
A25: 23-01-2023 17:00 | B25: 2.76 | C25: 39.7 | D25: 24.36 | E25: 2.6 | F25: 22.14 | G25: 34.24 | H25: 21.62 | I25: 0.52 | J25: 0.72 | K25: 210.48 | L25: 29.43 | M25: 30 | N25: 173.3 | O25: 0 | P25: 0.53 | Q25: 24.74
A26: 23-01-2023 18:00 | B26: 3.12 | C26: 55.48 | D26: 33.54 | E26: 2.29 | F26: 12.16 | G26: 31.55 | H26: 21.08 | I26: 0.54 | J26: 0.23 | K26: 206.43 | L26: 28.26 | M26: 39 | N26: 27.8 | O26: 0 | P26: 0.58 | Q26: 28.15
A27: 23-01-2023 19:00 | B27: 52 | C27: 89.03 | D27: 91.24 | E27: 2.11 | F27: 3.79 | G27: 45.25 | H27: 24.24 | I27: 0.63 | J27: 0.1 | K27: 340.16 | L27: 25.04 | M27: 52 | N27: 4.9 | O27: 0 | P27: 1.45 | Q27: 34.04
... A32: 23-01-2023 24:00 | B32: 150.2 | C32: 107.03 | D32: 178.42 | E32: 5.88 | F32: 3.49 | G32: 198.71 | H32: 61.07 | I32: 1.87 | J32: 0.19 | K32: 351.99 | L32: 20.5 | M32: 71 | N32: 4.6 | O32: 0 | P32: 4.05 | Q32: 49.88
A34: Min | B34: =MIN(B9:B32) -> 2.48 | C34: =MIN(C9:C32) -> 39.7 | D34: =MIN(D9:D32) -> 24.36 | E34: =MIN(E9:E32) -> 2.11 | F34: =MIN(F9:F32) -> 0.01 | G34: =MIN(G9:G32) -> 30.79 | H34: =MIN(H9:H32) -> 20.78 | I34: =MIN(I9:I32) -> 0.5 | ... Q34: =MIN(Q9:Q32) -> 24.32
A35: Max | B35: =MAX(B9:B32) -> 150.2 | C35: =MAX(C9:C32) -> 107.18 | D35: =MAX(D9:D32) -> 179.63 | E35: =MAX(E9:E32) -> 5.88 | F35: =MAX(F9:F32) -> 25.46 | G35: =MAX(G9:G32) -> 214.74 | H35: =MAX(H9:H32) -> 61.07 | I35: =MAX(I9:I32) -> 1.87 | ... Q35: =MAX(Q9:Q32) -> 50.02
A36: Avg | B36: =AVERAGE(B9:B32) -> 59.915417 | C36: =AVERAGE(C9:C32) -> 77.467917 | D36: =AVERAGE(D9:D32) -> 91.01625 | E36: =AVERAGE(E9:E32) -> 3.7766667 | F36: =AVERAGE(F9:F32) -> 6.0718182 | G36: =AVERAGE(G9:G32) -> 95.874167 | H36: =AVERAGE(H9:H32) -> 37.693333 | I36: =AVERAGE(I9:I32) -> 0.95666667 | ... Q36: =AVERAGE(Q9:Q32) -> 39.07125
A37: Stdev | B37: =STDEV(B9:B32) -> 45.564407 | C37: =STDEV(C9:C32) -> 19.747708 | D37: =STDEV(D9:D32) -> 46.719879 | E37: =STDEV(E9:E32) -> 0.86793942 | F37: =STDEV(F9:F32) -> 7.8272099 | G37: =STDEV(G9:G32) -> 57.667451 | H37: =STDEV(H9:H32) -> 11.087133 | I37: =STDEV(I9:I32) -> 0.3957345 | ... Q37: =STDEV(Q9:Q32) -> 8.8640678
A38: Num | B38: =COUNT(B9:B32) -> 24 | C38: =COUNT(C9:C32) -> 24 | D38: =COUNT(D9:D32) -> 24 | E38: =COUNT(E9:E32) -> 24 | F38: =COUNT(F9:F32)+2 -> 24 | G38: =COUNT(G9:G32) -> 24 | H38: =COUNT(H9:H32) -> 24 | I38: =COUNT(I9:I32) -> 24 | J38: =COUNT(J9:J32) -> 24 | K38: =COUNT(K9:K32) -> 24 | L38: =COUNT(L9:L32) -> 24 | M38: =COUNT(M9:M32) -> 24 | N38: =COUNT(N9:N32) -> 24 | ... Q38: =COUNT(Q9:Q32) -> 24
A39: DCR | B39: =IF(B38>=22,">90%",IF(B38<=22,"<90%")) -> >90% | C39: =IF(C38>=22,">90%",IF(C38<=22,"<90%")) -> >90% | D39: =IF(D38>=22,">90%",IF(D38<=22,"<90%")) -> >90% | E39: =IF(E38>=22,">90%",IF(E38<=22,"<90%")) -> >90% | F39: =IF(F38>=22,">90%",IF(F38<=22,"<90%")) -> >90% | G39: =IF(G38>=22,">90%",IF(G38<=22,"<90%")) -> >90% | H39: =IF(H38>=22,">90%",IF(H38<=22,"<90%")) -> >90% | I39: =IF(I38>=22,">90%",IF(I38<=22,"<90%")) -> >90% | ... Q39: =IF(Q38>=22,">90%",IF(Q38<=22,"<90%")) -> >90%
A40: Status | B40: =IF(B38>=22,"OK",IF(B38<=22,"LESS")) -> OK | C40: =IF(C38>=22,"OK",IF(C38<=22,"LESS")) -> OK | D40: =IF(D38>=22,"OK",IF(D38<=22,"LESS")) -> OK | E40: =IF(E38>=22,"OK",IF(E38<=22,"LESS")) -> OK | F40: =IF(F38>=22,"OK",IF(F38<=22,"LESS")) -> OK | G40: =IF(G38>=22,"OK",IF(G38<=22,"LESS")) -> OK | H40: =IF(H38>=22,"OK",IF(H38<=22,"LESS")) -> OK | I40: =IF(I38>=22,"OK",IF(I38<=22,"LESS")) -> OK | ... Q40: =IF(Q38>=22,"OK",IF(Q38<=22,"LESS")) -> OK
A43: Done by | B43: RAHUL
A45: Comment

Sheet 24
A1: Station: | B1: BHATAGAON RAIPUR
A2: Date: | B2: =$A$9 -> 24-01-2023 01:00 | D2: Power Off | G2: Pw.Off | L2: Link Fail | N2: Link F | P2: Maintenance | R2: Maint.
A3: Report Type: | B3: Mean | D3: Calibration | G3: Calib. | L3: Data Fail | N3: Data F | P3: Invalid | R3: Invalid
A4: Time Base: | B4: 01 Hour | D4: Zero Referrence | G4: Z.Ref | L4: Warm Up | N4: Wm. Up
A7: Date & Time | B7: NO_BHATAGAON | C7: NO2_BHATAGAON | D7: NOX_BHATAGAON | E7: SO2_BHATAGAON | F7: O3_BHATAGAON | G7: PM10_BHATAGAON | H7: PM2_5_BHATAGAON | I7: BENZ_BHATAGAON | J7: WS_BHATAGAON | K7: WD_BHATAGAON | L7: TEMP_BHATAGAON | M7: HUM BHATAGAON | N7: SR_BHATAGAON | O7: RG_BHATAGAON | P7: CO_BHATAGAON | Q7: NH3_BHATAGAON
B8: ug/m3 | C8: ug/m3 | D8: ppb | E8: ug/m3 | F8: ug/m3 | G8: mg/m3 | H8: ug/m3 | I8: ug/m3 | J8: m/sec | K8: deg | L8: degreC | M8: % | N8: w/m2 | O8: mm | P8: ug/m3 | Q8: ug/m3
A9: 24-01-2023 01:00 | B9: 148.66 | C9: 100.67 | D9: 174.98 | E9: 5.75 | F9: 3.47 | G9: 155.6 | H9: 60.32 | I9: 1.89 | J9: 0.13 | K9: 352.81 | L9: 19.4 | M9: 68 | N9: 4.6 | O9: 0 | P9: 4.01 | Q9: 52.09
A10: 24-01-2023 02:00 | B10: 126.95 | C10: 94.2 | D10: 154.21 | E10: 5.03 | F10: 3.38 | G10: 127.74 | H10: 56.3 | I10: 1.81 | J10: 0.23 | K10: 359.78 | L10: 19.78 | M10: 67 | N10: 4.8 | O10: 0 | P10: 3.18 | Q10: 50.13
A11: 24-01-2023 03:00 | B11: 95.64 | C11: 83.81 | D11: 122.4 | E11: 4.76 | F11: 3.45 | G11: 85.75 | H11: 48.22 | I11: 1.54 | J11: 0.12 | K11: 353.56 | L11: 18.46 | M11: 74 | N11: 4.6 | O11: 0 | P11: 2.64 | Q11: 45.39
A12: 24-01-2023 04:00 | B12: 79.22 | C12: 79.57 | D12: 107.85 | E12: 4.03 | F12: 3.51 | G12: 71.82 | H12: 40.53 | I12: 1.36 | J12: 0.16 | K12: 352.89 | L12: 17.86 | M12: 77 | N12: 4.6 | O12: 0 | P12: 2.2 | Q12: 44.26
A13: 24-01-2023 05:00 | B13: 67.27 | C13: 74.79 | D13: 95.63 | E13: 3.79 | F13: 3.42 | G13: 70.62 | H13: 36.58 | I13: 1.21 | J13: 0.1 | K13: 304.93 | L13: 17.48 | M13: 76 | N13: 4.6 | O13: 0 | P13: 1.79 | Q13: 44.84
A14: 24-01-2023 06:00 | B14: 64.04 | C14: 76.38 | D14: 93.92 | E14: 3.94 | F14: 3.47 | G14: 64.64 | H14: 31.8 | I14: 0.95 | J14: 0.17 | K14: 340.89 | L14: 17.01 | M14: 81 | N14: 4.6 | O14: 0 | P14: 1.44 | Q14: 43.14
A15: 24-01-2023 07:00 | B15: 88.23 | C15: 81.88 | D15: 116.35 | E15: 4.07 | F15: 3.55 | G15: 96.27 | H15: 32.11 | I15: 0.86 | J15: 0.11 | K15: 354.65 | L15: 16.89 | M15: 82 | N15: 18.4 | O15: 0 | P15: 1.3 | Q15: 43.3
A16: 24-01-2023 08:00 | B16: 88.32 | C16: 81.64 | D16: 116.3 | E16: 4.13 | F16: 3.52 | G16: 94.81 | H16: 39.64 | I16: 0.85 | J16: 0.45 | K16: 258.43 | L16: 19.83 | M16: 76 | N16: 171.2 | O16: 0 | P16: 1.33 | Q16: 45.55
A17: 24-01-2023 09:00 | B17: 72.83 | C17: 80.39 | D17: 103.18 | E17: 3.61 | F17: 3.45 | G17: 85.01 | H17: 39.25 | I17: 0.81 | J17: 0.8 | K17: 202.47 | L17: 22.68 | M17: 66 | N17: 359.4 | O17: 0 | P17: 1.27 | Q17: 44.51
A18: 24-01-2023 10:00 | B18: 51.5 | C18: 78.07 | D18: 84.8 | E18: 3.39 | F18: 3.47 | G18: 70.04 | H18: 36.34 | I18: 0.75 | J18: 1.16 | K18: 196.5 | L18: 26.4 | M18: 66 | N18: 492 | O18: 0 | P18: 1.17 | Q18: 42.3
A19: 24-01-2023 11:00 | B19: 36.37 | C19: 79.66 | D19: 72.76 | E19: 3.8 | F19: 3.97 | G19: Invalid | H19: Invalid | I19: 0.71 | J19: 0.54 | K19: 189.18 | L19: 31.79 | M19: 46 | N19: 543.1 | O19: 0 | P19: 1.1 | Q19: 40.52
A20: 24-01-2023 12:00 | B20: 10.81 | C20: 77.75 | D20: 51.99 | E20: 15.19 | F20: 23.11 | G20: Invalid | H20: Invalid | I20: 0.7 | J20: 0.86 | K20: 12.61 | L20: 32.89 | M20: 38 | N20: 545.7 | O20: 0 | P20: 2.41 | Q20: 32.34
A21: 24-01-2023 13:00 | B21: 2.4 | C21: 64.55 | D21: 37.05 | E21: 4.04 | F21: 15.68 | G21: 55.23 | H21: 49.03 | I21: 0.51 | J21: 0.93 | K21: 353.54 | L21: 33.51 | M21: 34 | N21: 557.5 | O21: 0 | P21: 1.61 | Q21: 25.59
A22: 24-01-2023 14:00 | B22: 4.97 | C22: 55.45 | D22: 34.76 | E22: 7.67 | F22: 29.09 | G22: 55.23 | H22: 49.03 | I22: 0.52 | J22: 0.51 | K22: 64.69 | L22: 32.45 | M22: 34 | N22: 506.4 | O22: 0 | P22: 0.99 | Q22: 23.95
A23: 24-01-2023 15:00 | B23: 3.86 | C23: 59.06 | D23: 35.88 | E23: 6.88 | F23: 22.07 | G23: 58.14 | H23: 39.6 | I23: 0.55 | J23: 0.29 | K23: 336.22 | L23: 31.97 | M23: 34 | N23: 435.9 | O23: 0 | P23: 0.94 | Q23: 26.24
A24: 24-01-2023 16:00 | B24: 2.88 | C24: 59.71 | D24: 35.68 | E24: 3.5 | F24: 7.68 | G24: 59.66 | H24: 37.34 | I24: 0.54 | J24: 0.14 | K24: 308.93 | L24: 31.09 | M24: 37 | N24: 197.3 | O24: 0 | P24: 0.9 | Q24: 30.16
A25: 24-01-2023 17:00 | B25: 2.32 | C25: 58.73 | D25: 34.69 | E25: 7.85 | F25: 33.7 | G25: 59.66 | H25: 36.77 | I25: 0.56 | J25: 0.08 | K25: 298.04 | L25: 29.11 | M25: 38 | N25: 89 | O25: 0 | P25: 0.89 | Q25: 32.86
A26: 24-01-2023 18:00 | B26: 10.12 | C26: 70.12 | D26: 46.07 | E26: 8.65 | F26: 32.88 | G26: 62.11 | H26: 35.71 | I26: 0.53 | J26: 0.22 | K26: 340.22 | L26: 28.38 | M26: 48 | N26: 25.9 | O26: 0 | P26: 1.13 | Q26: 30.23
A27: 24-01-2023 19:00 | B27: 26.77 | C27: 85.14 | D27: 68.87 | E27: 4.17 | F27: 4.01 | G27: 151.06 | H27: 37.75 | I27: 0.66 | J27: 0.23 | K27: 99.28 | L27: 26.42 | M27: 53 | N27: 5 | O27: 0 | P27: 1.53 | Q27: 39.16
A28: 24-01-2023 20:00 | B28: 47.21 | C28: 103.79 | D28: 95.55 | E28: 3.73 | F28: 3.59 | G28: 179.91 | H28: 50.2 | I28: 0.86 | J28: 0.3 | K28: 101.02 | L28: 25.82 | M28: 58 | N28: 5 | O28: 0 | P28: 2.77 | Q28: 41.15
A29: 24-01-2023 21:00 | B29: 52.56 | C29: 100.47 | D29: 97.21 | E29: 6.24 | F29: 3.66 | G29: 179.91 | H29: 60.9 | I29: 1.29 | J29: 0.4 | K29: 113.14 | L29: 25.38 | M29: 55 | N29: 4.8 | O29: 0 | P29: 2.99 | Q29: 41.67
A30: 24-01-2023 22:00 | B30: 63.5 | C30: 97.61 | D30: 105.05 | E30: 5.21 | F30: 3.6 | G30: 191.84 | H30: 62.6 | I30: 1.33 | J30: 0.12 | K30: 121.52 | L30: 24.32 | M30: 67 | N30: 5 | O30: 0 | P30: 2.98 | Q30: 46.86
A31: 24-01-2023 23:00 | B31: 75.76 | C31: 102.74 | D31: 117.34 | E31: 4.81 | F31: 3.61 | G31: 191.84 | H31: 65.34 | I31: 1.49 | J31: 0.33 | K31: 130.27 | L31: 23.32 | M31: 69 | N31: 4.7 | O31: 0 | P31: 3.41 | Q31: 50.03
A32: 24-01-2023 24:00 | B32: 72.9 | C32: 103.17 | D32: 115.81 | E32: 4.12 | F32: 3.76 | G32: 189.78 | H32: 65.34 | I32: 1.53 | J32: 0.23 | K32: 343.01 | L32: 22.4 | M32: 68 | N32: 4.8 | O32: 0 | P32: 3.38 | Q32: 49.99
A34: Min | B34: =MIN(B9:B32) -> 2.32 | C34: =MIN(C9:C32) -> 55.45 | D34: =MIN(D9:D32) -> 34.69 | E34: =MIN(E9:E32) -> 3.39 | F34: =MIN(F9:F32) -> 3.38 | G34: =MIN(G9:G32) -> 55.23 | H34: =MIN(H9:H32) -> 31.8 | I34: =MIN(I9:I32) -> 0.51 | ... Q34: =MIN(Q9:Q32) -> 23.95
A35: Max | B35: =MAX(B9:B32) -> 148.66 | C35: =MAX(C9:C32) -> 103.79 | D35: =MAX(D9:D32) -> 174.98 | E35: =MAX(E9:E32) -> 15.19 | F35: =MAX(F9:F32) -> 33.7 | G35: =MAX(G9:G32) -> 191.84 | H35: =MAX(H9:H32) -> 65.34 | I35: =MAX(I9:I32) -> 1.89 | ... Q35: =MAX(Q9:Q32) -> 52.09
A36: Avg | B36: =AVERAGE(B9:B32) -> 53.962083 | C36: =AVERAGE(C9:C32) -> 81.222917 | D36: =AVERAGE(D9:D32) -> 88.26375 | E36: =AVERAGE(E9:E32) -> 5.3483333 | F36: =AVERAGE(F9:F32) -> 9.3791667 | G36: =AVERAGE(G9:G32) -> 107.12136 | H36: =AVERAGE(H9:H32) -> 45.940909 | I36: =AVERAGE(I9:I32) -> 0.99208333 | ... Q36: =AVERAGE(Q9:Q32) -> 40.260833
A37: Stdev | B37: =STDEV(B9:B32) -> 40.815728 | C37: =STDEV(C9:C32) -> 15.151837 | D37: =STDEV(D9:D32) -> 38.959064 | E37: =STDEV(E9:E32) -> 2.5760902 | F37: =STDEV(F9:F32) -> 10.418169 | G37: =STDEV(G9:G32) -> 52.45325 | H37: =STDEV(H9:H32) -> 11.265834 | I37: =STDEV(I9:I32) -> 0.43626856 | ... Q37: =STDEV(Q9:Q32) -> 8.3510728
A38: Num | B38: =COUNT(B9:B32) -> 24 | C38: =COUNT(C9:C32) -> 24 | D38: =COUNT(D9:D32) -> 24 | E38: =COUNT(E9:E32) -> 24 | F38: =COUNT(F9:F32) -> 24 | G38: =COUNT(G9:G32) -> 22 | H38: =COUNT(H9:H32) -> 22 | I38: =COUNT(I9:I32) -> 24 | ... Q38: =COUNT(Q9:Q32) -> 24
A39: DCR | B39: =IF(B38>=22,">90%",IF(B38<=22,"<90%")) -> >90% | C39: =IF(C38>=22,">90%",IF(C38<=22,"<90%")) -> >90% | D39: =IF(D38>=22,">90%",IF(D38<=22,"<90%")) -> >90% | E39: =IF(E38>=22,">90%",IF(E38<=22,"<90%")) -> >90% | F39: =IF(F38>=22,">90%",IF(F38<=22,"<90%")) -> >90% | G39: =IF(G38>=22,">90%",IF(G38<=22,"<90%")) -> >90% | H39: =IF(H38>=22,">90%",IF(H38<=22,"<90%")) -> >90% | I39: =IF(I38>=22,">90%",IF(I38<=22,"<90%")) -> >90% | ... Q39: =IF(Q38>=22,">90%",IF(Q38<=22,"<90%")) -> >90%
A40: Status | B40: =IF(B38>=22,"OK",IF(B38<=22,"LESS")) -> OK | C40: =IF(C38>=22,"OK",IF(C38<=22,"LESS")) -> OK | D40: =IF(D38>=22,"OK",IF(D38<=22,"LESS")) -> OK | E40: =IF(E38>=22,"OK",IF(E38<=22,"LESS")) -> OK | F40: =IF(F38>=22,"OK",IF(F38<=22,"LESS")) -> OK | G40: =IF(G38>=22,"OK",IF(G38<=22,"LESS")) -> OK | H40: =IF(H38>=22,"OK",IF(H38<=22,"LESS")) -> OK | I40: =IF(I38>=22,"OK",IF(I38<=22,"LESS")) -> OK | ... Q40: =IF(Q38>=22,"OK",IF(Q38<=22,"LESS")) -> OK
A43: Done by | B43: RAHUL
A45: Comment

Sheet 25
A1: Station: | B1: BHATAGAON RAIPUR
A2: Date: | B2: =$A$9 -> 25-01-2023 01:00 | D2: Power Off | G2: Pw.Off | L2: Link Fail | N2: Link F | P2: Maintenance | R2: Maint.
A3: Report Type: | B3: Mean | D3: Calibration | G3: Calib. | L3: Data Fail | N3: Data F | P3: Invalid | R3: Invalid
A4: Time Base: | B4: 01 Hour | D4: Zero Referrence | G4: Z.Ref | L4: Warm Up | N4: Wm. Up
A7: Date & Time | B7: NO_BHATAGAON | C7: NO2_BHATAGAON | D7: NOX_BHATAGAON | E7: SO2_BHATAGAON | F7: O3_BHATAGAON | G7: PM10_BHATAGAON | H7: PM2_5_BHATAGAON | I7: BENZ_BHATAGAON | J7: WS_BHATAGAON | K7: WD_BHATAGAON | L7: TEMP_BHATAGAON | M7: HUM BHATAGAON | N7: SR_BHATAGAON | O7: RG_BHATAGAON | P7: CO_BHATAGAON | Q7: NH3_BHATAGAON
B8: ug/m3 | C8: ug/m3 | D8: ppb | E8: ug/m3 | F8: ug/m3 | G8: mg/m3 | H8: ug/m3 | I8: ug/m3 | J8: m/sec | K8: deg | L8: degreC | M8: % | N8: w/m2 | O8: mm | P8: ug/m3 | Q8: ug/m3
A9: 25-01-2023 01:00 | B9: 65.21 | C9: 99.26 | D9: 107.49 | E9: 4.21 | F9: 3.5 | G9: 138.56 | H9: 61.57 | I9: 1.47 | J9: 0.14 | K9: 352.25 | L9: 21.13 | M9: 73 | N9: 4.6 | O9: 0 | P9: 3.25 | Q9: 46.77
A10: 25-01-2023 02:00 | B10: 62.12 | C10: 91.79 | D10: 100.88 | E10: 4.63 | F10: 3.44 | G10: 138.56 | H10: 56.72 | I10: 1.47 | J10: 0.34 | K10: 339.09 | L10: 21.66 | M10: 77 | N10: 4.5 | O10: 0 | P10: 2.89 | Q10: 48.98
A11: 25-01-2023 03:00 | B11: 51.27 | C11: 87.34 | D11: 89.73 | E11: 3.74 | F11: 3.67 | G11: 118.97 | H11: 53.77 | I11: 1.39 | J11: 0.26 | K11: 329.08 | L11: 20.88 | M11: 74 | N11: 4.7 | O11: 0 | P11: 2.47 | Q11: 48.68
A12: 25-01-2023 04:00 | B12: 39.35 | C12: 76.74 | D12: 73.43 | E12: 3.52 | F12: 3.43 | G12: 67.43 | H12: 45.79 | I12: 1.12 | J12: 0.2 | K12: 331.82 | L12: 19.3 | M12: 81 | N12: 4.8 | O12: 0 | P12: 2.07 | Q12: 44.48
A13: 25-01-2023 05:00 | B13: 35.06 | C13: 75.28 | D13: 70.07 | E13: 3 | F13: 3.49 | G13: 67.43 | H13: 44.47 | I13: 1.05 | J13: 0.34 | K13: 341.41 | L13: 19.35 | M13: 77 | N13: 4.7 | O13: 0 | P13: 1.83 | Q13: 43.5
A14: 25-01-2023 06:00 | B14: 33.46 | C14: 73.17 | D14: 67.63 | E14: 3.01 | F14: 3.39 | G14: 76.11 | H14: 35.45 | I14: 0.98 | J14: 0.43 | K14: 207.67 | L14: 18.8 | M14: 84 | N14: 4.6 | O14: 0 | P14: 1.59 | Q14: 45.65
A15: 25-01-2023 07:00 | B15: 29.15 | C15: 70.14 | D15: 62.5 | E15: 2.55 | F15: 3.41 | G15: 76.11 | H15: 34.83 | I15: 0.87 | J15: 0.49 | K15: 349.58 | L15: 19.18 | M15: 85 | N15: 25.3 | O15: 0 | P15: 1.38 | Q15: 44.13
A16: 25-01-2023 08:00 | B16: 29.58 | C16: 68.85 | D16: 62.13 | E16: 2.99 | F16: 3.44 | G16: 89.02 | H16: 37.22 | I16: 0.79 | J16: 0.67 | K16: 268.93 | L16: 20.46 | M16: 81 | N16: 167.9 | O16: 0 | P16: 1.41 | Q16: 41.53
A17: 25-01-2023 09:00 | B17: 26.4 | C17: 68.92 | D17: 58.83 | E17: 4.36 | F17: 3.43 | G17: 89.02 | H17: 37.22 | I17: 0.76 | J17: 0.33 | K17: 342.29 | L17: 24.27 | M17: 73 | N17: 351.4 | O17: 0 | P17: 1.33 | Q17: 42.93
A18: 25-01-2023 10:00 | B18: 20.73 | C18: 69.65 | D18: 55.14 | E18: 4.12 | F18: 3.56 | G18: 68.81 | H18: 34.19 | I18: 0.73 | J18: 0.98 | K18: 192.14 | L18: 26.38 | M18: 65 | N18: 481.1 | O18: 0 | P18: 1.24 | Q18: 43.08
A19: 25-01-2023 11:00 | B19: 12.53 | C19: 74.66 | D19: 49.7 | E19: 5.25 | F19: 5.87 | G19: 66.93 | H19: 32.8 | I19: 0.69 | J19: 0.44 | K19: 355.31 | L19: 30.38 | M19: 53 | N19: 536.9 | O19: 0 | P19: 1.21 | Q19: 42.72
A20: 25-01-2023 12:00 | B20: 4.98 | C20: 78.3 | D20: 47.06 | E20: 15.45 | F20: 30.75 | G20: 66.93 | H20: 31.89 | I20: 0.68 | J20: 0.64 | K20: 14.16 | L20: 33.15 | M20: 42 | N20: 605.1 | O20: 0 | P20: 2.57 | Q20: 33.56
A21: 25-01-2023 13:00 | B21: 1.5 | C21: 73.31 | D21: 42.08 | E21: 8.01 | F21: 19.66 | G21: Calib. | H21: Calib. | I21: 0.52 | J21: 0.45 | K21: 179.59 | L21: 33.16 | M21: 34 | N21: 682.8 | O21: 0 | P21: 2.42 | Q21: 25.91
A22: 25-01-2023 14:00 | B22: 2.88 | C22: 48.91 | D22: 29.5 | E22: 5.81 | F22: 20.04 | G22: Calib. | H22: Calib. | I22: 0.51 | J22: 0.97 | K22: 149.72 | L22: 34.2 | M22: 30 | N22: 553.3 | O22: 0 | P22: 1.07 | Q22: 26.31
A23: 25-01-2023 15:00 | B23: 5.53 | C23: 55.07 | D23: 34.37 | E23: 5.97 | F23: 20.55 | G23: Calib. | H23: Calib. | I23: 0.52 | J23: 0.79 | K23: 86.07 | L23: 34.43 | M23: 28 | N23: 472.2 | O23: 0 | P23: 0.99 | Q23: 30.42
A24: 25-01-2023 16:00 | B24: 7.14 | C24: 60.06 | D24: 37.67 | E24: 5.14 | F24: 20.77 | G24: 61.72 | H24: 26.35 | I24: 0.55 | J24: 0.73 | K24: 131.92 | L24: 32.69 | M24: 25 | N24: 213 | O24: 0 | P24: 0.97 | Q24: 35.74
A25: 25-01-2023 17:00 | B25: 3.98 | C25: 57.64 | D25: 35.41 | E25: 3.94 | F25: 16.56 | G25: 61.72 | H25: 26.35 | I25: 0.59 | J25: 0.57 | K25: 293.37 | L25: 30.42 | M25: 27 | N25: 162.7 | O25: 0 | P25: 0.88 | Q25: 38.7
A26: 25-01-2023 18:00 | B26: 19.63 | C26: 93.23 | D26: 63.55 | E26: 9.77 | F26: 12.26 | G26: 48.37 | H26: 22.5 | I26: 0.63 | J26: 0.19 | K26: 345.77 | L26: 29.4 | M26: 41 | N26: 29.9 | O26: 0 | P26: 1.67 | Q26: 39.07
A27: 25-01-2023 19:00 | B27: 19.81 | C27: 100.28 | D27: 69.22 | E27: 8.44 | F27: 9.46 | G27: 176.38 | H27: 37.47 | I27: 0.81 | J27: 0.41 | K27: 130.24 | L27: 27.39 | M27: 55 | N27: 5 | O27: 0 | P27: 2.14 | Q27: 41.81
A28: 25-01-2023 20:00 | B28: 17.12 | C28: 88.24 | D28: 62.84 | E28: 11.35 | F28: 7.23 | G28: 189.35 | H28: 50.43 | I28: 0.87 | J28: 0.51 | K28: 73.03 | L28: 26.95 | M28: 48 | N28: 5 | O28: 0 | P28: 1.98 | Q28: 46.88
A29: 25-01-2023 21:00 | B29: 38.01 | C29: 104.25 | D29: 88.43 | E29: 4.94 | F29: 3.86 | G29: 189.35 | H29: 63.74 | I29: 0.93 | J29: 0.1 | K29: 104.86 | L29: 26.37 | M29: 54 | N29: 5 | O29: 0 | P29: 2.75 | Q29: 48.42
A30: 25-01-2023 22:00 | B30: 63.12 | C30: 109.12 | D30: 109.2 | E30: 9.76 | F30: 3.71 | G30: 195.97 | H30: 72.23 | I30: 1.26 | J30: 0.1 | K30: 352.55 | L30: 24.97 | M30: 64 | N30: 4.9 | O30: 0 | P30: 3.17 | Q30: 48.53
A31: 25-01-2023 23:00 | B31: 43.47 | C31: 97.69 | D31: 89.19 | E31: 6.18 | F31: 5.99 | G31: 218.17 | H31: 81.63 | I31: 1.33 | J31: 0.79 | K31: 141.35 | L31: 24.85 | M31: 61 | N31: 4.9 | O31: 0 | P31: 2.91 | Q31: 52.91
A32: 25-01-2023 24:00 | B32: 42.49 | C32: 93.52 | D32: 86.1 | E32: 4.13 | F32: 3.74 | G32: 218.17 | H32: 81.63 | I32: 1.18 | J32: 0.2 | K32: 344.69 | L32: 22.54 | M32: 69 | N32: 5 | O32: 0 | P32: 2.92 | Q32: 53.53
A34: Min | B34: =MIN(B9:B32) -> 1.5 | C34: =MIN(C9:C32) -> 48.91 | D34: =MIN(D9:D32) -> 29.5 | E34: =MIN(E9:E32) -> 2.55 | F34: =MIN(F9:F32) -> 3.39 | G34: =MIN(G9:G32) -> 48.37 | H34: =MIN(H9:H32) -> 22.5 | I34: =MIN(I9:I32) -> 0.51 | ... Q34: =MIN(Q9:Q32) -> 25.91
A35: Max | B35: =MAX(B9:B32) -> 65.21 | C35: =MAX(C9:C32) -> 109.12 | D35: =MAX(D9:D32) -> 109.2 | E35: =MAX(E9:E32) -> 15.45 | F35: =MAX(F9:F32) -> 30.75 | G35: =MAX(G9:G32) -> 218.17 | H35: =MAX(H9:H32) -> 81.63 | I35: =MAX(I9:I32) -> 1.47 | ... Q35: =MAX(Q9:Q32) -> 53.53
A36: Avg | B36: =AVERAGE(B9:B32) -> 28.105 | C36: =AVERAGE(C9:C32) -> 79.809167 | D36: =AVERAGE(D9:D32) -> 66.339583 | E36: =AVERAGE(E9:E32) -> 5.8445833 | F36: =AVERAGE(F9:F32) -> 8.9670833 | G36: =AVERAGE(G9:G32) -> 115.38476 | H36: =AVERAGE(H9:H32) -> 46.107143 | I36: =AVERAGE(I9:I32) -> 0.90416667 | ... Q36: =AVERAGE(Q9:Q32) -> 42.26
A37: Stdev | B37: =STDEV(B9:B32) -> 19.798557 | C37: =STDEV(C9:C32) -> 16.473614 | D37: =STDEV(D9:D32) -> 23.195289 | E37: =STDEV(E9:E32) -> 3.1442895 | F37: =STDEV(F9:F32) -> 7.9611909 | G37: =STDEV(G9:G32) -> 58.975852 | H37: =STDEV(H9:H32) -> 17.722178 | I37: =STDEV(I9:I32) -> 0.31318722 | ... Q37: =STDEV(Q9:Q32) -> 7.4373827
A38: Num | B38: =COUNT(B9:B32) -> 24 | C38: =COUNT(C9:C32) -> 24 | D38: =COUNT(D9:D32) -> 24 | E38: =COUNT(E9:E32) -> 24 | F38: =COUNT(F9:F32) -> 24 | G38: =COUNT(G9:G32)+3 -> 24 | H38: =COUNT(H9:H32)+3 -> 24 | I38: =COUNT(I9:I32) -> 24 | J38: =COUNT(J9:J32) -> 24 | K38: =COUNT(K9:K32) -> 24 | L38: =COUNT(L9:L32) -> 24 | M38: =COUNT(M9:M32) -> 24 | N38: =COUNT(N9:N32) -> 24 | O38: =COUNT(O9:O32) -> 24 | P38: =COUNT(P9:P32) -> 24 | Q38: =COUNT(Q9:Q32) -> 24
A39: DCR | B39: =IF(B38>=22,">90%",IF(B38<=22,"<90%")) -> >90% | C39: =IF(C38>=22,">90%",IF(C38<=22,"<90%")) -> >90% | D39: =IF(D38>=22,">90%",IF(D38<=22,"<90%")) -> >90% | E39: =IF(E38>=22,">90%",IF(E38<=22,"<90%")) -> >90% | F39: =IF(F38>=22,">90%",IF(F38<=22,"<90%")) -> >90% | G39: =IF(G38>=22,">90%",IF(G38<=22,"<90%")) -> >90% | H39: =IF(H38>=22,">90%",IF(H38<=22,"<90%")) -> >90% | I39: =IF(I38>=22,">90%",IF(I38<=22,"<90%")) -> >90% | ... Q39: =IF(Q38>=22,">90%",IF(Q38<=22,"<90%")) -> >90%
A40: Status | B40: =IF(B38>=22,"OK",IF(B38<=22,"LESS")) -> OK | C40: =IF(C38>=22,"OK",IF(C38<=22,"LESS")) -> OK | D40: =IF(D38>=22,"OK",IF(D38<=22,"LESS")) -> OK | E40: =IF(E38>=22,"OK",IF(E38<=22,"LESS")) -> OK | F40: =IF(F38>=22,"OK",IF(F38<=22,"LESS")) -> OK | G40: =IF(G38>=22,"OK",IF(G38<=22,"LESS")) -> OK | H40: =IF(H38>=22,"OK",IF(H38<=22,"LESS")) -> OK | I40: =IF(I38>=22,"OK",IF(I38<=22,"LESS")) -> OK | ... Q40: =IF(Q38>=22,"OK",IF(Q38<=22,"LESS")) -> OK
A43: Done by | B43: rahul
A45: Comment

Sheet 26
A1: Station: | B1: BHATAGAON RAIPUR
A2: Date: | B2: =$A$9 -> 26-01-2023 01:00 | D2: Power Off | G2: Pw.Off | L2: Link Fail | N2: Link F | P2: Maintenance | R2: Maint.
A3: Report Type: | B3: Mean | D3: Calibration | G3: Calib. | L3: Data Fail | N3: Data F | P3: Invalid | R3: Invalid
A4: Time Base: | B4: 01 Hour | D4: Zero Referrence | G4: Z.Ref | L4: Warm Up | N4: Wm. Up
A7: Date & Time | B7: NO_BHATAGAON | C7: NO2_BHATAGAON | D7: NOX_BHATAGAON | E7: SO2_BHATAGAON | F7: O3_BHATAGAON | G7: PM10_BHATAGAON | H7: PM2_5_BHATAGAON | I7: BENZ_BHATAGAON | J7: WS_BHATAGAON | K7: WD_BHATAGAON | L7: TEMP_BHATAGAON | M7: HUM BHATAGAON | N7: SR_BHATAGAON | O7: RG_BHATAGAON | P7: CO_BHATAGAON | Q7: NH3_BHATAGAON
B8: ug/m3 | C8: ug/m3 | D8: ppb | E8: ug/m3 | F8: ug/m3 | G8: mg/m3 | H8: ug/m3 | I8: ug/m3 | J8: m/sec | K8: deg | L8: degreC | M8: % | N8: w/m2 | O8: mm | P8: ug/m3 | Q8: ug/m3
A9: 26-01-2023 01:00 | B9: 42.06 | C9: 93.6 | D9: 85.8 | E9: 3.85 | F9: 3.95 | G9: 166.52 | H9: 77.67 | I9: 1.15 | J9: 0.14 | K9: 319.08 | L9: 21.23 | M9: 73 | N9: 4.6 | O9: 0 | P9: 2.88 | Q9: 53.48
A10: 26-01-2023 02:00 | B10: 38.79 | C10: 87.89 | D10: 80.03 | E10: 3.99 | F10: 3.52 | G10: 167.53 | H10: 71.88 | I10: 1.11 | J10: 0.14 | K10: 313.54 | L10: 20.23 | M10: 78 | N10: 4.6 | O10: 0 | P10: 2.66 | Q10: 50.98
A11: 26-01-2023 03:00 | B11: 35.04 | C11: 81.96 | D11: 73.74 | E11: 3.79 | F11: 3.6 | G11: 167.53 | H11: 71.88 | I11: 1.1 | J11: 0.21 | K11: 335.77 | L11: 20.37 | M11: 79 | N11: 4.8 | O11: 0 | P11: 2.54 | Q11: 51.87
A12: 26-01-2023 04:00 | B12: 29.84 | C12: 76.98 | D12: 66.82 | E12: 3.79 | F12: 3.52 | G12: 137.66 | H12: 69.24 | I12: 1.06 | J12: 0.13 | K12: 354.49 | L12: 19.25 | M12: 81 | N12: 4.5 | O12: 0 | P12: 2.3 | Q12: 51.38
A13: 26-01-2023 05:00 | B13: 25.73 | C13: 73.55 | D13: 61.33 | E13: 4.56 | F13: 3.55 | G13: 105.72 | H13: 60.5 | I13: 0.95 | J13: 0.72 | K13: 270.98 | L13: 19.5 | M13: 77 | N13: 4.6 | O13: 0 | P13: 2.01 | Q13: 49.4
A14: 26-01-2023 06:00 | B14: 22.38 | C14: 72.31 | D14: 58.27 | E14: 4.48 | F14: 3.59 | G14: 103.82 | H14: 55.76 | I14: 0.89 | J14: 0.19 | K14: 339.88 | L14: 19.11 | M14: 78 | N14: 4.7 | O14: 0 | P14: 1.79 | Q14: 47.88
A15: 26-01-2023 07:00 | B15: 23.7 | C15: 69.98 | D15: 57.99 | E15: 4.34 | F15: 3.53 | G15: 77.32 | H15: 46.91 | I15: 0.86 | J15: 0.72 | K15: 245.49 | L15: 18.79 | M15: 78 | N15: 17 | O15: 0 | P15: 1.61 | Q15: 49.56
A16: 26-01-2023 08:00 | B16: 23.51 | C16: 68.54 | D16: 56.63 | E16: 4.68 | F16: 3.46 | G16: 77.32 | H16: 43.07 | I16: 0.81 | J16: 0.24 | K16: 237.39 | L16: 20.55 | M16: 81 | N16: 160.8 | O16: 0 | P16: 1.41 | Q16: 48.38
A17: 26-01-2023 09:00 | B17: 25.13 | C17: 69.68 | D17: 58.4 | E17: 3.35 | F17: 3.71 | G17: 84.27 | H17: 43.83 | I17: 0.77 | J17: 0.52 | K17: 353.31 | L17: 27.54 | M17: 64 | N17: 347.6 | O17: 0 | P17: 1.4 | Q17: 46.55
A18: 26-01-2023 10:00 | B18: 20.18 | C18: 72.2 | D18: 55.37 | E18: 3.54 | F18: 3.94 | G18: 84.27 | H18: 43.83 | I18: 0.76 | J18: 0.74 | K18: 352.31 | L18: 31.79 | M18: 44 | N18: 496.1 | O18: 0 | P18: 1.29 | Q18: 46.15
A19: 26-01-2023 11:00 | B19: 11.61 | C19: 75.06 | D19: 50.8 | E19: 2.88 | F19: 4.74 | G19: 61.11 | H19: 40.56 | I19: 0.72 | J19: 0.77 | K19: 359.75 | L19: 33.02 | M19: 36 | N19: 577.3 | O19: 0 | P19: 1.15 | Q19: 45.73
A20: 26-01-2023 12:00 | B20: 3.79 | C20: 73.98 | D20: 44.28 | E20: 2.9 | F20: 4.88 | G20: 61.11 | H20: 35.45 | I20: 0.66 | J20: 0.92 | K20: 356.26 | L20: 34.47 | M20: 31 | N20: 683.7 | O20: 0 | P20: 0.95 | Q20: 42.45
... A32: 26-01-2023 24:00 | B32: 66.73 | C32: 87 | D32: 101.11 | E32: 4.13 | F32: 3.53 | G32: 135.74 | H32: 56.36 | I32: 1.11 | J32: 0.06 | K32: 325.42 | L32: 21.02 | M32: 73 | N32: 4.6 | O32: 0 | P32: 2.38 | Q32: 54.01
A34: Min | B34: =MIN(B9:B32) -> 3.54 | C34: =MIN(C9:C32) -> 62.24 | D34: =MIN(D9:D32) -> 37.64 | E34: =MIN(E9:E32) -> 2.88 | F34: =MIN(F9:F32) -> 3.46 | G34: =MIN(G9:G32) -> 35.6 | H34: =MIN(H9:H32) -> 18.9 | I34: =MIN(I9:I32) -> 0.57 | ... Q34: =MIN(Q9:Q32) -> 39.38
A35: Max | B35: =MAX(B9:B32) -> 66.73 | C35: =MAX(C9:C32) -> 93.6 | D35: =MAX(D9:D32) -> 101.11 | E35: =MAX(E9:E32) -> 7.46 | F35: =MAX(F9:F32) -> 21.51 | G35: =MAX(G9:G32) -> 187.41 | H35: =MAX(H9:H32) -> 77.67 | I35: =MAX(I9:I32) -> 1.15 | ... Q35: =MAX(Q9:Q32) -> 54.01
