Workbook

Sheet 01
A1: Station: | B1: IGKV RAIPUR
A2: Date: | B2: =$A$9 -> 0 | C2: Power Off | G2: Pw.Off | J2: Link Fail | L2: Link F | N2: Maintenance | P2: Maint.
A3: Report Type: | B3: Mean | C3: Calibration | G3: Calib. | J3: Data Fail | L3: Data F | N3: Invalid | P3: Invalid
A4: Time Base: | B4: 15 Min | C4: Zero Referrence | G4: Z.Ref | J4: Warm Up | L4: Wm. Up
A7: Date & Time | B7: NO | C7: NO2 | D7: NOX | E7: SO2 | F7: O3 | G7: PM 10 | H7: PM 2.5 | I7: BENZ | J7: WS | K7: WD | L7: TEMP | M7: HUM | N7: SR | O7: RG | P7: CO | Q7: NH3
B8: ug/m3 | C8: ug/m3 | D8: ppb | E8: ug/m3 | F8: ug/m3 | G8: ug/m3 | H8: ug/m3 | I8: ug/m3 | J8: m/sec | K8: deg | L8: degreC | M8: % | N8: w/m2 | O8: mm | P8: mg/m3 | Q8: ug/m3
A106: Min | B106: =MIN(B9:B104) -> 0 | C106: =MIN(C9:C104) -> 0 | D106: =MIN(D9:D104) -> 0 | E106: =MIN(E9:E104) -> 0 | F106: =MIN(F9:F104) -> 0 | G106: =MIN(G9:G104) -> 0 | H106: =MIN(H9:H104) -> 0 | I106: =MIN(I9:I104) -> 0 | ... Q106: =MIN(Q9:Q104) -> 0
A107: Max | B107: =MAX(B9:B104) -> 0 | C107: =MAX(C9:C104) -> 0 | D107: =MAX(D9:D104) -> 0 | E107: =MAX(E9:E104) -> 0 | F107: =MAX(F9:F104) -> 0 | G107: =MAX(G9:G104) -> 0 | H107: =MAX(H9:H104) -> 0 | I107: =MAX(I9:I104) -> 0 | ... Q107: =MAX(Q9:Q104) -> 0
A108: Avg | B108: =AVERAGE(B9:B104) -> #DIV/0! | C108: =AVERAGE(C9:C104) -> #DIV/0! | D108: =AVERAGE(D9:D104) -> #DIV/0! | E108: =AVERAGE(E9:E104) -> #DIV/0! | F108: =AVERAGE(F9:F104) -> #DIV/0! | G108: =AVERAGE(G9:G104) -> #DIV/0! | H108: =AVERAGE(H9:H104) -> #DIV/0! | I108: =AVERAGE(I9:I104) -> #DIV/0! | ... Q108: =AVERAGE(Q9:Q104) -> #DIV/0!
A109: Stdev | B109: =STDEV(B9:B104) -> #DIV/0! | C109: =STDEV(C9:C104) -> #DIV/0! | D109: =STDEV(D9:D104) -> #DIV/0! | E109: =STDEV(E9:E104) -> #DIV/0! | F109: =STDEV(F9:F104) -> #DIV/0! | G109: =STDEV(G9:G104) -> #DIV/0! | H109: =STDEV(H9:H104) -> #DIV/0! | I109: =STDEV(I9:I104) -> #DIV/0! | ... Q109: =STDEV(Q9:Q104) -> #DIV/0!
A110: Num | B110: =COUNT(B9:B104) -> 0 | C110: =COUNT(C9:C104) -> 0 | D110: =COUNT(D9:D104) -> 0 | E110: =COUNT(E9:E104) -> 0 | F110: =COUNT(F9:F104) -> 0 | G110: =COUNT(G9:G104) -> 0 | H110: =COUNT(H9:H104) -> 0 | I110: =COUNT(I9:I104) -> 0 | ... Q110: =COUNT(Q9:Q104) -> 0
A111: DCR | B111: =IF(B110>=87,">90%",IF(B110<=87,"<90%")) -> <90% | C111: =IF(C110>=87,">90%",IF(C110<=87,"<90%")) -> <90% | D111: =IF(D110>=87,">90%",IF(D110<=87,"<90%")) -> <90% | E111: =IF(E110>=87,">90%",IF(E110<=87,"<90%")) -> <90% | F111: =IF(F110>=87,">90%",IF(F110<=87,"<90%")) -> <90% | G111: =IF(G110>=87,">90%",IF(G110<=87,"<90%")) -> <90% | H111: =IF(H110>=87,">90%",IF(H110<=87,"<90%")) -> <90% | I111: =IF(I110>=87,">90%",IF(I110<=87,"<90%")) -> <90% | ... Q111: =IF(Q110>=87,">90%",IF(Q110<=87,"<90%")) -> <90%
A112: Status | B112: =IF(B110>=87,"OK",IF(B110<=87,"LESS")) -> LESS | C112: =IF(C110>=87,"OK",IF(C110<=87,"LESS")) -> LESS | D112: =IF(D110>=87,"OK",IF(D110<=87,"LESS")) -> LESS | E112: =IF(E110>=87,"OK",IF(E110<=87,"LESS")) -> LESS | F112: =IF(F110>=87,"OK",IF(F110<=87,"LESS")) -> LESS | G112: =IF(G110>=87,"OK",IF(G110<=87,"LESS")) -> LESS | H112: =IF(H110>=87,"OK",IF(H110<=87,"LESS")) -> LESS | I112: =IF(I110>=87,"OK",IF(I110<=87,"LESS")) -> LESS | ... Q112: =IF(Q110>=87,"OK",IF(Q110<=87,"LESS")) -> LESS
A115: Done by | B115: AKASH
A117: Comment

Sheet 02
A1: Station: | B1: IGKV RAIPUR
A2: Date: | B2: =$A$9 -> 0 | C2: Power Off | G2: Pw.Off | J2: Link Fail | L2: Link F | N2: Maintenance | P2: Maint.
A3: Report Type: | B3: Mean | C3: Calibration | G3: Calib. | J3: Data Fail | L3: Data F | N3: Invalid | P3: Invalid
A4: Time Base: | B4: 15 Min | C4: Zero Referrence | G4: Z.Ref | J4: Warm Up | L4: Wm. Up
A7: Date & Time | B7: NO | C7: NO2 | D7: NOX | E7: SO2 | F7: O3 | G7: PM 10 | H7: PM 2.5 | I7: BENZ | J7: WS | K7: WD | L7: TEMP | M7: HUM | N7: SR | O7: RG | P7: CO | Q7: NH3
B8: ug/m3 | C8: ug/m3 | D8: ppb | E8: ug/m3 | F8: ug/m3 | G8: ug/m3 | H8: ug/m3 | I8: ug/m3 | J8: m/sec | K8: deg | L8: degreC | M8: % | N8: w/m2 | O8: mm | P8: mg/m3 | Q8: ug/m3
A106: Min | B106: =MIN(B9:B104) -> 0 | C106: =MIN(C9:C104) -> 0 | D106: =MIN(D9:D104) -> 0 | E106: =MIN(E9:E104) -> 0 | F106: =MIN(F9:F104) -> 0 | G106: =MIN(G9:G104) -> 0 | H106: =MIN(H9:H104) -> 0 | I106: =MIN(I9:I104) -> 0 | ... Q106: =MIN(Q9:Q104) -> 0
A107: Max | B107: =MAX(B9:B104) -> 0 | C107: =MAX(C9:C104) -> 0 | D107: =MAX(D9:D104) -> 0 | E107: =MAX(E9:E104) -> 0 | F107: =MAX(F9:F104) -> 0 | G107: =MAX(G9:G104) -> 0 | H107: =MAX(H9:H104) -> 0 | I107: =MAX(I9:I104) -> 0 | ... Q107: =MAX(Q9:Q104) -> 0
A108: Avg | B108: =AVERAGE(B9:B104) -> #DIV/0! | C108: =AVERAGE(C9:C104) -> #DIV/0! | D108: =AVERAGE(D9:D104) -> #DIV/0! | E108: =AVERAGE(E9:E104) -> #DIV/0! | F108: =AVERAGE(F9:F104) -> #DIV/0! | G108: =AVERAGE(G9:G104) -> #DIV/0! | H108: =AVERAGE(H9:H104) -> #DIV/0! | I108: =AVERAGE(I9:I104) -> #DIV/0! | ... Q108: =AVERAGE(Q9:Q104) -> #DIV/0!
A109: Stdev | B109: =STDEV(B9:B104) -> #DIV/0! | C109: =STDEV(C9:C104) -> #DIV/0! | D109: =STDEV(D9:D104) -> #DIV/0! | E109: =STDEV(E9:E104) -> #DIV/0! | F109: =STDEV(F9:F104) -> #DIV/0! | G109: =STDEV(G9:G104) -> #DIV/0! | H109: =STDEV(H9:H104) -> #DIV/0! | I109: =STDEV(I9:I104) -> #DIV/0! | ... Q109: =STDEV(Q9:Q104) -> #DIV/0!
A110: Num | B110: =COUNT(B9:B104) -> 0 | C110: =COUNT(C9:C104) -> 0 | D110: =COUNT(D9:D104) -> 0 | E110: =COUNT(E9:E104) -> 0 | F110: =COUNT(F9:F104) -> 0 | G110: =COUNT(G9:G104) -> 0 | H110: =COUNT(H9:H104) -> 0 | I110: =COUNT(I9:I104) -> 0 | ... Q110: =COUNT(Q9:Q104) -> 0
A111: DCR | B111: =IF(B110>=87,">90%",IF(B110<=87,"<90%")) -> <90% | C111: =IF(C110>=87,">90%",IF(C110<=87,"<90%")) -> <90% | D111: =IF(D110>=87,">90%",IF(D110<=87,"<90%")) -> <90% | E111: =IF(E110>=87,">90%",IF(E110<=87,"<90%")) -> <90% | F111: =IF(F110>=87,">90%",IF(F110<=87,"<90%")) -> <90% | G111: =IF(G110>=87,">90%",IF(G110<=87,"<90%")) -> <90% | H111: =IF(H110>=87,">90%",IF(H110<=87,"<90%")) -> <90% | I111: =IF(I110>=87,">90%",IF(I110<=87,"<90%")) -> <90% | ... Q111: =IF(Q110>=87,">90%",IF(Q110<=87,"<90%")) -> <90%
A112: Status | B112: =IF(B110>=87,"OK",IF(B110<=87,"LESS")) -> LESS | C112: =IF(C110>=87,"OK",IF(C110<=87,"LESS")) -> LESS | D112: =IF(D110>=87,"OK",IF(D110<=87,"LESS")) -> LESS | E112: =IF(E110>=87,"OK",IF(E110<=87,"LESS")) -> LESS | F112: =IF(F110>=87,"OK",IF(F110<=87,"LESS")) -> LESS | G112: =IF(G110>=87,"OK",IF(G110<=87,"LESS")) -> LESS | H112: =IF(H110>=87,"OK",IF(H110<=87,"LESS")) -> LESS | I112: =IF(I110>=87,"OK",IF(I110<=87,"LESS")) -> LESS | ... Q112: =IF(Q110>=87,"OK",IF(Q110<=87,"LESS")) -> LESS
A115: Done by | B115: SUROJIT
A117: Comment

Sheet 03
A1: Station: | B1: IGKV RAIPUR
A2: Date: | B2: =$A$9 -> 0 | C2: Power Off | G2: Pw.Off | J2: Link Fail | L2: Link F | N2: Maintenance | P2: Maint.
A3: Report Type: | B3: Mean | C3: Calibration | G3: Calib. | J3: Data Fail | L3: Data F | N3: Invalid | P3: Invalid
A4: Time Base: | B4: 15 Min | C4: Zero Referrence | G4: Z.Ref | J4: Warm Up | L4: Wm. Up
A7: Date & Time | B7: NO | C7: NO2 | D7: NOX | E7: SO2 | F7: O3 | G7: PM 10 | H7: PM 2.5 | I7: BENZ | J7: WS | K7: WD | L7: TEMP | M7: HUM | N7: SR | O7: RG | P7: CO | Q7: NH3
B8: ug/m3 | C8: ug/m3 | D8: ppb | E8: ug/m3 | F8: ug/m3 | G8: ug/m3 | H8: ug/m3 | I8: ug/m3 | J8: m/sec | K8: deg | L8: degreC | M8: % | N8: w/m2 | O8: mm | P8: mg/m3 | Q8: ug/m3
A106: Min | B106: =MIN(B9:B104) -> 0 | C106: =MIN(C9:C104) -> 0 | D106: =MIN(D9:D104) -> 0 | E106: =MIN(E9:E104) -> 0 | F106: =MIN(F9:F104) -> 0 | G106: =MIN(G9:G104) -> 0 | H106: =MIN(H9:H104) -> 0 | I106: =MIN(I9:I104) -> 0 | ... Q106: =MIN(Q9:Q104) -> 0
A107: Max | B107: =MAX(B9:B104) -> 0 | C107: =MAX(C9:C104) -> 0 | D107: =MAX(D9:D104) -> 0 | E107: =MAX(E9:E104) -> 0 | F107: =MAX(F9:F104) -> 0 | G107: =MAX(G9:G104) -> 0 | H107: =MAX(H9:H104) -> 0 | I107: =MAX(I9:I104) -> 0 | ... Q107: =MAX(Q9:Q104) -> 0
A108: Avg | B108: =AVERAGE(B9:B104) -> #DIV/0! | C108: =AVERAGE(C9:C104) -> #DIV/0! | D108: =AVERAGE(D9:D104) -> #DIV/0! | E108: =AVERAGE(E9:E104) -> #DIV/0! | F108: =AVERAGE(F9:F104) -> #DIV/0! | G108: =AVERAGE(G9:G104) -> #DIV/0! | H108: =AVERAGE(H9:H104) -> #DIV/0! | I108: =AVERAGE(I9:I104) -> #DIV/0! | ... Q108: =AVERAGE(Q9:Q104) -> #DIV/0!
A109: Stdev | B109: =STDEV(B9:B104) -> #DIV/0! | C109: =STDEV(C9:C104) -> #DIV/0! | D109: =STDEV(D9:D104) -> #DIV/0! | E109: =STDEV(E9:E104) -> #DIV/0! | F109: =STDEV(F9:F104) -> #DIV/0! | G109: =STDEV(G9:G104) -> #DIV/0! | H109: =STDEV(H9:H104) -> #DIV/0! | I109: =STDEV(I9:I104) -> #DIV/0! | ... Q109: =STDEV(Q9:Q104) -> #DIV/0!
A110: Num | B110: =COUNT(B9:B104) -> 0 | C110: =COUNT(C9:C104) -> 0 | D110: =COUNT(D9:D104) -> 0 | E110: =COUNT(E9:E104) -> 0 | F110: =COUNT(F9:F104) -> 0 | G110: =COUNT(G9:G104) -> 0 | H110: =COUNT(H9:H104) -> 0 | I110: =COUNT(I9:I104) -> 0 | ... Q110: =COUNT(Q9:Q104) -> 0
A111: DCR | B111: =IF(B110>=87,">90%",IF(B110<=87,"<90%")) -> <90% | C111: =IF(C110>=87,">90%",IF(C110<=87,"<90%")) -> <90% | D111: =IF(D110>=87,">90%",IF(D110<=87,"<90%")) -> <90% | E111: =IF(E110>=87,">90%",IF(E110<=87,"<90%")) -> <90% | F111: =IF(F110>=87,">90%",IF(F110<=87,"<90%")) -> <90% | G111: =IF(G110>=87,">90%",IF(G110<=87,"<90%")) -> <90% | H111: =IF(H110>=87,">90%",IF(H110<=87,"<90%")) -> <90% | I111: =IF(I110>=87,">90%",IF(I110<=87,"<90%")) -> <90% | ... Q111: =IF(Q110>=87,">90%",IF(Q110<=87,"<90%")) -> <90%
A112: Status | B112: =IF(B110>=87,"OK",IF(B110<=87,"LESS")) -> LESS | C112: =IF(C110>=87,"OK",IF(C110<=87,"LESS")) -> LESS | D112: =IF(D110>=87,"OK",IF(D110<=87,"LESS")) -> LESS | E112: =IF(E110>=87,"OK",IF(E110<=87,"LESS")) -> LESS | F112: =IF(F110>=87,"OK",IF(F110<=87,"LESS")) -> LESS | G112: =IF(G110>=87,"OK",IF(G110<=87,"LESS")) -> LESS | H112: =IF(H110>=87,"OK",IF(H110<=87,"LESS")) -> LESS | I112: =IF(I110>=87,"OK",IF(I110<=87,"LESS")) -> LESS | ... Q112: =IF(Q110>=87,"OK",IF(Q110<=87,"LESS")) -> LESS
A115: Done by | B115: AKASH
A117: Comment

Sheet 04
A1: Station: | B1: IGKV RAIPUR
A2: Date: | B2: =$A$9 -> 0 | C2: Power Off | G2: Pw.Off | J2: Link Fail | L2: Link F | N2: Maintenance | P2: Maint.
A3: Report Type: | B3: Mean | C3: Calibration | G3: Calib. | J3: Data Fail | L3: Data F | N3: Invalid | P3: Invalid
A4: Time Base: | B4: 15 Min | C4: Zero Referrence | G4: Z.Ref | J4: Warm Up | L4: Wm. Up
A7: Date & Time | B7: NO | C7: NO2 | D7: NOX | E7: SO2 | F7: O3 | G7: PM 10 | H7: PM 2.5 | I7: BENZ | J7: WS | K7: WD | L7: TEMP | M7: HUM | N7: SR | O7: RG | P7: CO | Q7: NH3
B8: ug/m3 | C8: ug/m3 | D8: ppb | E8: ug/m3 | F8: ug/m3 | G8: ug/m3 | H8: ug/m3 | I8: ug/m3 | J8: m/sec | K8: deg | L8: degreC | M8: % | N8: w/m2 | O8: mm | P8: mg/m3 | Q8: ug/m3
A106: Min | B106: =MIN(B9:B104) -> 0 | C106: =MIN(C9:C104) -> 0 | D106: =MIN(D9:D104) -> 0 | E106: =MIN(E9:E104) -> 0 | F106: =MIN(F9:F104) -> 0 | G106: =MIN(G9:G104) -> 0 | H106: =MIN(H9:H104) -> 0 | I106: =MIN(I9:I104) -> 0 | ... Q106: =MIN(Q9:Q104) -> 0
A107: Max | B107: =MAX(B9:B104) -> 0 | C107: =MAX(C9:C104) -> 0 | D107: =MAX(D9:D104) -> 0 | E107: =MAX(E9:E104) -> 0 | F107: =MAX(F9:F104) -> 0 | G107: =MAX(G9:G104) -> 0 | H107: =MAX(H9:H104) -> 0 | I107: =MAX(I9:I104) -> 0 | ... Q107: =MAX(Q9:Q104) -> 0
A108: Avg | B108: =AVERAGE(B9:B104) -> #DIV/0! | C108: =AVERAGE(C9:C104) -> #DIV/0! | D108: =AVERAGE(D9:D104) -> #DIV/0! | E108: =AVERAGE(E9:E104) -> #DIV/0! | F108: =AVERAGE(F9:F104) -> #DIV/0! | G108: =AVERAGE(G9:G104) -> #DIV/0! | H108: =AVERAGE(H9:H104) -> #DIV/0! | I108: =AVERAGE(I9:I104) -> #DIV/0! | ... Q108: =AVERAGE(Q9:Q104) -> #DIV/0!
A109: Stdev | B109: =STDEV(B9:B104) -> #DIV/0! | C109: =STDEV(C9:C104) -> #DIV/0! | D109: =STDEV(D9:D104) -> #DIV/0! | E109: =STDEV(E9:E104) -> #DIV/0! | F109: =STDEV(F9:F104) -> #DIV/0! | G109: =STDEV(G9:G104) -> #DIV/0! | H109: =STDEV(H9:H104) -> #DIV/0! | I109: =STDEV(I9:I104) -> #DIV/0! | ... Q109: =STDEV(Q9:Q104) -> #DIV/0!
A110: Num | B110: =COUNT(B9:B104) -> 0 | C110: =COUNT(C9:C104) -> 0 | D110: =COUNT(D9:D104) -> 0 | E110: =COUNT(E9:E104) -> 0 | F110: =COUNT(F9:F104) -> 0 | G110: =COUNT(G9:G104) -> 0 | H110: =COUNT(H9:H104) -> 0 | I110: =COUNT(I9:I104) -> 0 | ... Q110: =COUNT(Q9:Q104) -> 0
A111: DCR | B111: =IF(B110>=87,">90%",IF(B110<=87,"<90%")) -> <90% | C111: =IF(C110>=87,">90%",IF(C110<=87,"<90%")) -> <90% | D111: =IF(D110>=87,">90%",IF(D110<=87,"<90%")) -> <90% | E111: =IF(E110>=87,">90%",IF(E110<=87,"<90%")) -> <90% | F111: =IF(F110>=87,">90%",IF(F110<=87,"<90%")) -> <90% | G111: =IF(G110>=87,">90%",IF(G110<=87,"<90%")) -> <90% | H111: =IF(H110>=87,">90%",IF(H110<=87,"<90%")) -> <90% | I111: =IF(I110>=87,">90%",IF(I110<=87,"<90%")) -> <90% | ... Q111: =IF(Q110>=87,">90%",IF(Q110<=87,"<90%")) -> <90%
A112: Status | B112: =IF(B110>=87,"OK",IF(B110<=87,"LESS")) -> LESS | C112: =IF(C110>=87,"OK",IF(C110<=87,"LESS")) -> LESS | D112: =IF(D110>=87,"OK",IF(D110<=87,"LESS")) -> LESS | E112: =IF(E110>=87,"OK",IF(E110<=87,"LESS")) -> LESS | F112: =IF(F110>=87,"OK",IF(F110<=87,"LESS")) -> LESS | G112: =IF(G110>=87,"OK",IF(G110<=87,"LESS")) -> LESS | H112: =IF(H110>=87,"OK",IF(H110<=87,"LESS")) -> LESS | I112: =IF(I110>=87,"OK",IF(I110<=87,"LESS")) -> LESS | ... Q112: =IF(Q110>=87,"OK",IF(Q110<=87,"LESS")) -> LESS
A115: Done by | B115: AKASH
A117: Comment

Sheet 05
A1: Station: | B1: IGKV RAIPUR
A2: Date: | B2: =$A$9 -> 0 | C2: Power Off | G2: Pw.Off | J2: Link Fail | L2: Link F | N2: Maintenance | P2: Maint.
A3: Report Type: | B3: Mean | C3: Calibration | G3: Calib. | J3: Data Fail | L3: Data F | N3: Invalid | P3: Invalid
A4: Time Base: | B4: 15 Min | C4: Zero Referrence | G4: Z.Ref | J4: Warm Up | L4: Wm. Up
A7: Date & Time | B7: NO | C7: NO2 | D7: NOX | E7: SO2 | F7: O3 | G7: PM 10 | H7: PM 2.5 | I7: BENZ | J7: WS | K7: WD | L7: TEMP | M7: HUM | N7: SR | O7: RG | P7: CO | Q7: NH3
B8: ug/m3 | C8: ug/m3 | D8: ppb | E8: ug/m3 | F8: ug/m3 | G8: ug/m3 | H8: ug/m3 | I8: ug/m3 | J8: m/sec | K8: deg | L8: degreC | M8: % | N8: w/m2 | O8: mm | P8: mg/m3 | Q8: ug/m3
A106: Min | B106: =MIN(B9:B104) -> 0 | C106: =MIN(C9:C104) -> 0 | D106: =MIN(D9:D104) -> 0 | E106: =MIN(E9:E104) -> 0 | F106: =MIN(F9:F104) -> 0 | G106: =MIN(G9:G104) -> 0 | H106: =MIN(H9:H104) -> 0 | I106: =MIN(I9:I104) -> 0 | ... Q106: =MIN(Q9:Q104) -> 0
A107: Max | B107: =MAX(B9:B104) -> 0 | C107: =MAX(C9:C104) -> 0 | D107: =MAX(D9:D104) -> 0 | E107: =MAX(E9:E104) -> 0 | F107: =MAX(F9:F104) -> 0 | G107: =MAX(G9:G104) -> 0 | H107: =MAX(H9:H104) -> 0 | I107: =MAX(I9:I104) -> 0 | ... Q107: =MAX(Q9:Q104) -> 0
A108: Avg | B108: =AVERAGE(B9:B104) -> #DIV/0! | C108: =AVERAGE(C9:C104) -> #DIV/0! | D108: =AVERAGE(D9:D104) -> #DIV/0! | E108: =AVERAGE(E9:E104) -> #DIV/0! | F108: =AVERAGE(F9:F104) -> #DIV/0! | G108: =AVERAGE(G9:G104) -> #DIV/0! | H108: =AVERAGE(H9:H104) -> #DIV/0! | I108: =AVERAGE(I9:I104) -> #DIV/0! | ... Q108: =AVERAGE(Q9:Q104) -> #DIV/0!
A109: Stdev | B109: =STDEV(B9:B104) -> #DIV/0! | C109: =STDEV(C9:C104) -> #DIV/0! | D109: =STDEV(D9:D104) -> #DIV/0! | E109: =STDEV(E9:E104) -> #DIV/0! | F109: =STDEV(F9:F104) -> #DIV/0! | G109: =STDEV(G9:G104) -> #DIV/0! | H109: =STDEV(H9:H104) -> #DIV/0! | I109: =STDEV(I9:I104) -> #DIV/0! | ... Q109: =STDEV(Q9:Q104) -> #DIV/0!
A110: Num | B110: =COUNT(B9:B104) -> 0 | C110: =COUNT(C9:C104) -> 0 | D110: =COUNT(D9:D104) -> 0 | E110: =COUNT(E9:E104) -> 0 | F110: =COUNT(F9:F104) -> 0 | G110: =COUNT(G9:G104) -> 0 | H110: =COUNT(H9:H104) -> 0 | I110: =COUNT(I9:I104) -> 0 | ... Q110: =COUNT(Q9:Q104) -> 0
A111: DCR | B111: =IF(B110>=87,">90%",IF(B110<=87,"<90%")) -> <90% | C111: =IF(C110>=87,">90%",IF(C110<=87,"<90%")) -> <90% | D111: =IF(D110>=87,">90%",IF(D110<=87,"<90%")) -> <90% | E111: =IF(E110>=87,">90%",IF(E110<=87,"<90%")) -> <90% | F111: =IF(F110>=87,">90%",IF(F110<=87,"<90%")) -> <90% | G111: =IF(G110>=87,">90%",IF(G110<=87,"<90%")) -> <90% | H111: =IF(H110>=87,">90%",IF(H110<=87,"<90%")) -> <90% | I111: =IF(I110>=87,">90%",IF(I110<=87,"<90%")) -> <90% | ... Q111: =IF(Q110>=87,">90%",IF(Q110<=87,"<90%")) -> <90%
A112: Status | B112: =IF(B110>=87,"OK",IF(B110<=87,"LESS")) -> LESS | C112: =IF(C110>=87,"OK",IF(C110<=87,"LESS")) -> LESS | D112: =IF(D110>=87,"OK",IF(D110<=87,"LESS")) -> LESS | E112: =IF(E110>=87,"OK",IF(E110<=87,"LESS")) -> LESS | F112: =IF(F110>=87,"OK",IF(F110<=87,"LESS")) -> LESS | G112: =IF(G110>=87,"OK",IF(G110<=87,"LESS")) -> LESS | H112: =IF(H110>=87,"OK",IF(H110<=87,"LESS")) -> LESS | I112: =IF(I110>=87,"OK",IF(I110<=87,"LESS")) -> LESS | ... Q112: =IF(Q110>=87,"OK",IF(Q110<=87,"LESS")) -> LESS
A115: Done by | B115: AKASH
A117: Comment

Sheet 06
A1: Station: | B1: IGKV RAIPUR
A2: Date: | B2: =$A$9 -> 0 | C2: Power Off | G2: Pw.Off | J2: Link Fail | L2: Link F | N2: Maintenance | P2: Maint.
A3: Report Type: | B3: Mean | C3: Calibration | G3: Calib. | J3: Data Fail | L3: Data F | N3: Invalid | P3: Invalid
A4: Time Base: | B4: 15 Min | C4: Zero Referrence | G4: Z.Ref | J4: Warm Up | L4: Wm. Up
A7: Date & Time | B7: NO | C7: NO2 | D7: NOX | E7: SO2 | F7: O3 | G7: PM 10 | H7: PM 2.5 | I7: BENZ | J7: WS | K7: WD | L7: TEMP | M7: HUM | N7: SR | O7: RG | P7: CO | Q7: NH3
B8: ug/m3 | C8: ug/m3 | D8: ppb | E8: ug/m3 | F8: ug/m3 | G8: ug/m3 | H8: ug/m3 | I8: ug/m3 | J8: m/sec | K8: deg | L8: degreC | M8: % | N8: w/m2 | O8: mm | P8: mg/m3 | Q8: ug/m3
A106: Min | B106: =MIN(B9:B104) -> 0 | C106: =MIN(C9:C104) -> 0 | D106: =MIN(D9:D104) -> 0 | E106: =MIN(E9:E104) -> 0 | F106: =MIN(F9:F104) -> 0 | G106: =MIN(G9:G104) -> 0 | H106: =MIN(H9:H104) -> 0 | I106: =MIN(I9:I104) -> 0 | ... Q106: =MIN(Q9:Q104) -> 0
A107: Max | B107: =MAX(B9:B104) -> 0 | C107: =MAX(C9:C104) -> 0 | D107: =MAX(D9:D104) -> 0 | E107: =MAX(E9:E104) -> 0 | F107: =MAX(F9:F104) -> 0 | G107: =MAX(G9:G104) -> 0 | H107: =MAX(H9:H104) -> 0 | I107: =MAX(I9:I104) -> 0 | ... Q107: =MAX(Q9:Q104) -> 0
A108: Avg | B108: =AVERAGE(B9:B104) -> #DIV/0! | C108: =AVERAGE(C9:C104) -> #DIV/0! | D108: =AVERAGE(D9:D104) -> #DIV/0! | E108: =AVERAGE(E9:E104) -> #DIV/0! | F108: =AVERAGE(F9:F104) -> #DIV/0! | G108: =AVERAGE(G9:G104) -> #DIV/0! | H108: =AVERAGE(H9:H104) -> #DIV/0! | I108: =AVERAGE(I9:I104) -> #DIV/0! | ... Q108: =AVERAGE(Q9:Q104) -> #DIV/0!
A109: Stdev | B109: =STDEV(B9:B104) -> #DIV/0! | C109: =STDEV(C9:C104) -> #DIV/0! | D109: =STDEV(D9:D104) -> #DIV/0! | E109: =STDEV(E9:E104) -> #DIV/0! | F109: =STDEV(F9:F104) -> #DIV/0! | G109: =STDEV(G9:G104) -> #DIV/0! | H109: =STDEV(H9:H104) -> #DIV/0! | I109: =STDEV(I9:I104) -> #DIV/0! | ... Q109: =STDEV(Q9:Q104) -> #DIV/0!
A110: Num | B110: =COUNT(B9:B104) -> 0 | C110: =COUNT(C9:C104) -> 0 | D110: =COUNT(D9:D104) -> 0 | E110: =COUNT(E9:E104) -> 0 | F110: =COUNT(F9:F104) -> 0 | G110: =COUNT(G9:G104) -> 0 | H110: =COUNT(H9:H104) -> 0 | I110: =COUNT(I9:I104) -> 0 | ... Q110: =COUNT(Q9:Q104) -> 0
A111: DCR | B111: =IF(B110>=87,">90%",IF(B110<=87,"<90%")) -> <90% | C111: =IF(C110>=87,">90%",IF(C110<=87,"<90%")) -> <90% | D111: =IF(D110>=87,">90%",IF(D110<=87,"<90%")) -> <90% | E111: =IF(E110>=87,">90%",IF(E110<=87,"<90%")) -> <90% | F111: =IF(F110>=87,">90%",IF(F110<=87,"<90%")) -> <90% | G111: =IF(G110>=87,">90%",IF(G110<=87,"<90%")) -> <90% | H111: =IF(H110>=87,">90%",IF(H110<=87,"<90%")) -> <90% | I111: =IF(I110>=87,">90%",IF(I110<=87,"<90%")) -> <90% | ... Q111: =IF(Q110>=87,">90%",IF(Q110<=87,"<90%")) -> <90%
A112: Status | B112: =IF(B110>=87,"OK",IF(B110<=87,"LESS")) -> LESS | C112: =IF(C110>=87,"OK",IF(C110<=87,"LESS")) -> LESS | D112: =IF(D110>=87,"OK",IF(D110<=87,"LESS")) -> LESS | E112: =IF(E110>=87,"OK",IF(E110<=87,"LESS")) -> LESS | F112: =IF(F110>=87,"OK",IF(F110<=87,"LESS")) -> LESS | G112: =IF(G110>=87,"OK",IF(G110<=87,"LESS")) -> LESS | H112: =IF(H110>=87,"OK",IF(H110<=87,"LESS")) -> LESS | I112: =IF(I110>=87,"OK",IF(I110<=87,"LESS")) -> LESS | ... Q112: =IF(Q110>=87,"OK",IF(Q110<=87,"LESS")) -> LESS
A115: Done by | B115: AKASH
A117: Comment

Sheet 07
A1: Station: | B1: IGKV RAIPUR
A2: Date: | B2: =$A$9 -> 0 | C2: Power Off | G2: Pw.Off | J2: Link Fail | L2: Link F | N2: Maintenance | P2: Maint.
A3: Report Type: | B3: Mean | C3: Calibration | G3: Calib. | J3: Data Fail | L3: Data F | N3: Invalid | P3: Invalid
A4: Time Base: | B4: 15 Min | C4: Zero Referrence | G4: Z.Ref | J4: Warm Up | L4: Wm. Up
A7: Date & Time | B7: NO | C7: NO2 | D7: NOX | E7: SO2 | F7: O3 | G7: PM 10 | H7: PM 2.5 | I7: BENZ | J7: WS | K7: WD | L7: TEMP | M7: HUM | N7: SR | O7: RG | P7: CO | Q7: NH3
B8: ug/m3 | C8: ug/m3 | D8: ppb | E8: ug/m3 | F8: ug/m3 | G8: ug/m3 | H8: ug/m3 | I8: ug/m3 | J8: m/sec | K8: deg | L8: degreC | M8: % | N8: w/m2 | O8: mm | P8: mg/m3 | Q8: ug/m3
A106: Min | B106: =MIN(B9:B104) -> 0 | C106: =MIN(C9:C104) -> 0 | D106: =MIN(D9:D104) -> 0 | E106: =MIN(E9:E104) -> 0 | F106: =MIN(F9:F104) -> 0 | G106: =MIN(G9:G104) -> 0 | H106: =MIN(H9:H104) -> 0 | I106: =MIN(I9:I104) -> 0 | ... Q106: =MIN(Q9:Q104) -> 0
A107: Max | B107: =MAX(B9:B104) -> 0 | C107: =MAX(C9:C104) -> 0 | D107: =MAX(D9:D104) -> 0 | E107: =MAX(E9:E104) -> 0 | F107: =MAX(F9:F104) -> 0 | G107: =MAX(G9:G104) -> 0 | H107: =MAX(H9:H104) -> 0 | I107: =MAX(I9:I104) -> 0 | ... Q107: =MAX(Q9:Q104) -> 0
A108: Avg | B108: =AVERAGE(B9:B104) -> #DIV/0! | C108: =AVERAGE(C9:C104) -> #DIV/0! | D108: =AVERAGE(D9:D104) -> #DIV/0! | E108: =AVERAGE(E9:E104) -> #DIV/0! | F108: =AVERAGE(F9:F104) -> #DIV/0! | G108: =AVERAGE(G9:G104) -> #DIV/0! | H108: =AVERAGE(H9:H104) -> #DIV/0! | I108: =AVERAGE(I9:I104) -> #DIV/0! | ... Q108: =AVERAGE(Q9:Q104) -> #DIV/0!
A109: Stdev | B109: =STDEV(B9:B104) -> #DIV/0! | C109: =STDEV(C9:C104) -> #DIV/0! | D109: =STDEV(D9:D104) -> #DIV/0! | E109: =STDEV(E9:E104) -> #DIV/0! | F109: =STDEV(F9:F104) -> #DIV/0! | G109: =STDEV(G9:G104) -> #DIV/0! | H109: =STDEV(H9:H104) -> #DIV/0! | I109: =STDEV(I9:I104) -> #DIV/0! | ... Q109: =STDEV(Q9:Q104) -> #DIV/0!
A110: Num | B110: =COUNT(B9:B104) -> 0 | C110: =COUNT(C9:C104) -> 0 | D110: =COUNT(D9:D104) -> 0 | E110: =COUNT(E9:E104) -> 0 | F110: =COUNT(F9:F104) -> 0 | G110: =COUNT(G9:G104) -> 0 | H110: =COUNT(H9:H104) -> 0 | I110: =COUNT(I9:I104) -> 0 | ... Q110: =COUNT(Q9:Q104) -> 0
A111: DCR | B111: =IF(B110>=87,">90%",IF(B110<=87,"<90%")) -> <90% | C111: =IF(C110>=87,">90%",IF(C110<=87,"<90%")) -> <90% | D111: =IF(D110>=87,">90%",IF(D110<=87,"<90%")) -> <90% | E111: =IF(E110>=87,">90%",IF(E110<=87,"<90%")) -> <90% | F111: =IF(F110>=87,">90%",IF(F110<=87,"<90%")) -> <90% | G111: =IF(G110>=87,">90%",IF(G110<=87,"<90%")) -> <90% | H111: =IF(H110>=87,">90%",IF(H110<=87,"<90%")) -> <90% | I111: =IF(I110>=87,">90%",IF(I110<=87,"<90%")) -> <90% | ... Q111: =IF(Q110>=87,">90%",IF(Q110<=87,"<90%")) -> <90%
A112: Status | B112: =IF(B110>=87,"OK",IF(B110<=87,"LESS")) -> LESS | C112: =IF(C110>=87,"OK",IF(C110<=87,"LESS")) -> LESS | D112: =IF(D110>=87,"OK",IF(D110<=87,"LESS")) -> LESS | E112: =IF(E110>=87,"OK",IF(E110<=87,"LESS")) -> LESS | F112: =IF(F110>=87,"OK",IF(F110<=87,"LESS")) -> LESS | G112: =IF(G110>=87,"OK",IF(G110<=87,"LESS")) -> LESS | H112: =IF(H110>=87,"OK",IF(H110<=87,"LESS")) -> LESS | I112: =IF(I110>=87,"OK",IF(I110<=87,"LESS")) -> LESS | ... Q112: =IF(Q110>=87,"OK",IF(Q110<=87,"LESS")) -> LESS
A115: Done by | B115: AKASH
A117: Comment

Sheet 08
A1: Station: | B1: IGKV RAIPUR
A2: Date: | B2: =$A$9 -> 0 | C2: Power Off | G2: Pw.Off | J2: Link Fail | L2: Link F | N2: Maintenance | P2: Maint.
A3: Report Type: | B3: Mean | C3: Calibration | G3: Calib. | J3: Data Fail | L3: Data F | N3: Invalid | P3: Invalid
A4: Time Base: | B4: 15 Min | C4: Zero Referrence | G4: Z.Ref | J4: Warm Up | L4: Wm. Up
A7: Date & Time | B7: NO | C7: NO2 | D7: NOX | E7: SO2 | F7: O3 | G7: PM 10 | H7: PM 2.5 | I7: BENZ | J7: WS | K7: WD | L7: TEMP | M7: HUM | N7: SR | O7: RG | P7: CO | Q7: NH3
B8: ug/m3 | C8: ug/m3 | D8: ppb | E8: ug/m3 | F8: ug/m3 | G8: ug/m3 | H8: ug/m3 | I8: ug/m3 | J8: m/sec | K8: deg | L8: degreC | M8: % | N8: w/m2 | O8: mm | P8: mg/m3 | Q8: ug/m3
A106: Min | B106: =MIN(B9:B104) -> 0 | C106: =MIN(C9:C104) -> 0 | D106: =MIN(D9:D104) -> 0 | E106: =MIN(E9:E104) -> 0 | F106: =MIN(F9:F104) -> 0 | G106: =MIN(G9:G104) -> 0 | H106: =MIN(H9:H104) -> 0 | I106: =MIN(I9:I104) -> 0 | ... Q106: =MIN(Q9:Q104) -> 0
A107: Max | B107: =MAX(B9:B104) -> 0 | C107: =MAX(C9:C104) -> 0 | D107: =MAX(D9:D104) -> 0 | E107: =MAX(E9:E104) -> 0 | F107: =MAX(F9:F104) -> 0 | G107: =MAX(G9:G104) -> 0 | H107: =MAX(H9:H104) -> 0 | I107: =MAX(I9:I104) -> 0 | ... Q107: =MAX(Q9:Q104) -> 0
A108: Avg | B108: =AVERAGE(B9:B104) -> #DIV/0! | C108: =AVERAGE(C9:C104) -> #DIV/0! | D108: =AVERAGE(D9:D104) -> #DIV/0! | E108: =AVERAGE(E9:E104) -> #DIV/0! | F108: =AVERAGE(F9:F104) -> #DIV/0! | G108: =AVERAGE(G9:G104) -> #DIV/0! | H108: =AVERAGE(H9:H104) -> #DIV/0! | I108: =AVERAGE(I9:I104) -> #DIV/0! | ... Q108: =AVERAGE(Q9:Q104) -> #DIV/0!
A109: Stdev | B109: =STDEV(B9:B104) -> #DIV/0! | C109: =STDEV(C9:C104) -> #DIV/0! | D109: =STDEV(D9:D104) -> #DIV/0! | E109: =STDEV(E9:E104) -> #DIV/0! | F109: =STDEV(F9:F104) -> #DIV/0! | G109: =STDEV(G9:G104) -> #DIV/0! | H109: =STDEV(H9:H104) -> #DIV/0! | I109: =STDEV(I9:I104) -> #DIV/0! | ... Q109: =STDEV(Q9:Q104) -> #DIV/0!
A110: Num | B110: =COUNT(B9:B104) -> 0 | C110: =COUNT(C9:C104) -> 0 | D110: =COUNT(D9:D104) -> 0 | E110: =COUNT(E9:E104) -> 0 | F110: =COUNT(F9:F104) -> 0 | G110: =COUNT(G9:G104) -> 0 | H110: =COUNT(H9:H104) -> 0 | I110: =COUNT(I9:I104) -> 0 | ... Q110: =COUNT(Q9:Q104) -> 0
A111: DCR | B111: =IF(B110>=87,">90%",IF(B110<=87,"<90%")) -> <90% | C111: =IF(C110>=87,">90%",IF(C110<=87,"<90%")) -> <90% | D111: =IF(D110>=87,">90%",IF(D110<=87,"<90%")) -> <90% | E111: =IF(E110>=87,">90%",IF(E110<=87,"<90%")) -> <90% | F111: =IF(F110>=87,">90%",IF(F110<=87,"<90%")) -> <90% | G111: =IF(G110>=87,">90%",IF(G110<=87,"<90%")) -> <90% | H111: =IF(H110>=87,">90%",IF(H110<=87,"<90%")) -> <90% | I111: =IF(I110>=87,">90%",IF(I110<=87,"<90%")) -> <90% | ... Q111: =IF(Q110>=87,">90%",IF(Q110<=87,"<90%")) -> <90%
A112: Status | B112: =IF(B110>=87,"OK",IF(B110<=87,"LESS")) -> LESS | C112: =IF(C110>=87,"OK",IF(C110<=87,"LESS")) -> LESS | D112: =IF(D110>=87,"OK",IF(D110<=87,"LESS")) -> LESS | E112: =IF(E110>=87,"OK",IF(E110<=87,"LESS")) -> LESS | F112: =IF(F110>=87,"OK",IF(F110<=87,"LESS")) -> LESS | G112: =IF(G110>=87,"OK",IF(G110<=87,"LESS")) -> LESS | H112: =IF(H110>=87,"OK",IF(H110<=87,"LESS")) -> LESS | I112: =IF(I110>=87,"OK",IF(I110<=87,"LESS")) -> LESS | ... Q112: =IF(Q110>=87,"OK",IF(Q110<=87,"LESS")) -> LESS
A115: Done by | B115: AKASH
A117: Comment

Sheet 09
A1: Station: | B1: IGKV RAIPUR
A2: Date: | B2: =$A$9 -> 0 | C2: Power Off | G2: Pw.Off | J2: Link Fail | L2: Link F | N2: Maintenance | P2: Maint.
A3: Report Type: | B3: Mean | C3: Calibration | G3: Calib. | J3: Data Fail | L3: Data F | N3: Invalid | P3: Invalid
A4: Time Base: | B4: 15 Min | C4: Zero Referrence | G4: Z.Ref | J4: Warm Up | L4: Wm. Up
A7: Date & Time | B7: NO | C7: NO2 | D7: NOX | E7: SO2 | F7: O3 | G7: PM 10 | H7: PM 2.5 | I7: BENZ | J7: WS | K7: WD | L7: TEMP | M7: HUM | N7: SR | O7: RG | P7: CO | Q7: NH3
B8: ug/m3 | C8: ug/m3 | D8: ppb | E8: ug/m3 | F8: ug/m3 | G8: ug/m3 | H8: ug/m3 | I8: ug/m3 | J8: m/sec | K8: deg | L8: degreC | M8: % | N8: w/m2 | O8: mm | P8: mg/m3 | Q8: ug/m3
A106: Min | B106: =MIN(B9:B104) -> 0 | C106: =MIN(C9:C104) -> 0 | D106: =MIN(D9:D104) -> 0 | E106: =MIN(E9:E104) -> 0 | F106: =MIN(F9:F104) -> 0 | G106: =MIN(G9:G104) -> 0 | H106: =MIN(H9:H104) -> 0 | I106: =MIN(I9:I104) -> 0 | ... Q106: =MIN(Q9:Q104) -> 0
A107: Max | B107: =MAX(B9:B104) -> 0 | C107: =MAX(C9:C104) -> 0 | D107: =MAX(D9:D104) -> 0 | E107: =MAX(E9:E104) -> 0 | F107: =MAX(F9:F104) -> 0 | G107: =MAX(G9:G104) -> 0 | H107: =MAX(H9:H104) -> 0 | I107: =MAX(I9:I104) -> 0 | ... Q107: =MAX(Q9:Q104) -> 0
A108: Avg | B108: =AVERAGE(B9:B104) -> #DIV/0! | C108: =AVERAGE(C9:C104) -> #DIV/0! | D108: =AVERAGE(D9:D104) -> #DIV/0! | E108: =AVERAGE(E9:E104) -> #DIV/0! | F108: =AVERAGE(F9:F104) -> #DIV/0! | G108: =AVERAGE(G9:G104) -> #DIV/0! | H108: =AVERAGE(H9:H104) -> #DIV/0! | I108: =AVERAGE(I9:I104) -> #DIV/0! | ... Q108: =AVERAGE(Q9:Q104) -> #DIV/0!
A109: Stdev | B109: =STDEV(B9:B104) -> #DIV/0! | C109: =STDEV(C9:C104) -> #DIV/0! | D109: =STDEV(D9:D104) -> #DIV/0! | E109: =STDEV(E9:E104) -> #DIV/0! | F109: =STDEV(F9:F104) -> #DIV/0! | G109: =STDEV(G9:G104) -> #DIV/0! | H109: =STDEV(H9:H104) -> #DIV/0! | I109: =STDEV(I9:I104) -> #DIV/0! | ... Q109: =STDEV(Q9:Q104) -> #DIV/0!
A110: Num | B110: =COUNT(B9:B104) -> 0 | C110: =COUNT(C9:C104) -> 0 | D110: =COUNT(D9:D104) -> 0 | E110: =COUNT(E9:E104) -> 0 | F110: =COUNT(F9:F104) -> 0 | G110: =COUNT(G9:G104) -> 0 | H110: =COUNT(H9:H104) -> 0 | I110: =COUNT(I9:I104) -> 0 | ... Q110: =COUNT(Q9:Q104) -> 0
A111: DCR | B111: =IF(B110>=87,">90%",IF(B110<=87,"<90%")) -> <90% | C111: =IF(C110>=87,">90%",IF(C110<=87,"<90%")) -> <90% | D111: =IF(D110>=87,">90%",IF(D110<=87,"<90%")) -> <90% | E111: =IF(E110>=87,">90%",IF(E110<=87,"<90%")) -> <90% | F111: =IF(F110>=87,">90%",IF(F110<=87,"<90%")) -> <90% | G111: =IF(G110>=87,">90%",IF(G110<=87,"<90%")) -> <90% | H111: =IF(H110>=87,">90%",IF(H110<=87,"<90%")) -> <90% | I111: =IF(I110>=87,">90%",IF(I110<=87,"<90%")) -> <90% | ... Q111: =IF(Q110>=87,">90%",IF(Q110<=87,"<90%")) -> <90%
A112: Status | B112: =IF(B110>=87,"OK",IF(B110<=87,"LESS")) -> LESS | C112: =IF(C110>=87,"OK",IF(C110<=87,"LESS")) -> LESS | D112: =IF(D110>=87,"OK",IF(D110<=87,"LESS")) -> LESS | E112: =IF(E110>=87,"OK",IF(E110<=87,"LESS")) -> LESS | F112: =IF(F110>=87,"OK",IF(F110<=87,"LESS")) -> LESS | G112: =IF(G110>=87,"OK",IF(G110<=87,"LESS")) -> LESS | H112: =IF(H110>=87,"OK",IF(H110<=87,"LESS")) -> LESS | I112: =IF(I110>=87,"OK",IF(I110<=87,"LESS")) -> LESS | ... Q112: =IF(Q110>=87,"OK",IF(Q110<=87,"LESS")) -> LESS
A115: Done by | B115: AKASH
A117: Comment

Sheet 10
A1: Station: | B1: IGKV RAIPUR
A2: Date: | B2: =$A$9 -> 0 | C2: Power Off | G2: Pw.Off | J2: Link Fail | L2: Link F | N2: Maintenance | P2: Maint.
A3: Report Type: | B3: Mean | C3: Calibration | G3: Calib. | J3: Data Fail | L3: Data F | N3: Invalid | P3: Invalid
A4: Time Base: | B4: 15 Min | C4: Zero Referrence | G4: Z.Ref | J4: Warm Up | L4: Wm. Up
A7: Date & Time | B7: NO | C7: NO2 | D7: NOX | E7: SO2 | F7: O3 | G7: PM 10 | H7: PM 2.5 | I7: BENZ | J7: WS | K7: WD | L7: TEMP | M7: HUM | N7: SR | O7: RG | P7: CO | Q7: NH3
B8: ug/m3 | C8: ug/m3 | D8: ppb | E8: ug/m3 | F8: ug/m3 | G8: ug/m3 | H8: ug/m3 | I8: ug/m3 | J8: m/sec | K8: deg | L8: degreC | M8: % | N8: w/m2 | O8: mm | P8: mg/m3 | Q8: ug/m3
A106: Min | B106: =MIN(B9:B104) -> 0 | C106: =MIN(C9:C104) -> 0 | D106: =MIN(D9:D104) -> 0 | E106: =MIN(E9:E104) -> 0 | F106: =MIN(F9:F104) -> 0 | G106: =MIN(G9:G104) -> 0 | H106: =MIN(H9:H104) -> 0 | I106: =MIN(I9:I104) -> 0 | ... Q106: =MIN(Q9:Q104) -> 0
A107: Max | B107: =MAX(B9:B104) -> 0 | C107: =MAX(C9:C104) -> 0 | D107: =MAX(D9:D104) -> 0 | E107: =MAX(E9:E104) -> 0 | F107: =MAX(F9:F104) -> 0 | G107: =MAX(G9:G104) -> 0 | H107: =MAX(H9:H104) -> 0 | I107: =MAX(I9:I104) -> 0 | ... Q107: =MAX(Q9:Q104) -> 0
A108: Avg | B108: =AVERAGE(B9:B104) -> #DIV/0! | C108: =AVERAGE(C9:C104) -> #DIV/0! | D108: =AVERAGE(D9:D104) -> #DIV/0! | E108: =AVERAGE(E9:E104) -> #DIV/0! | F108: =AVERAGE(F9:F104) -> #DIV/0! | G108: =AVERAGE(G9:G104) -> #DIV/0! | H108: =AVERAGE(H9:H104) -> #DIV/0! | I108: =AVERAGE(I9:I104) -> #DIV/0! | ... Q108: =AVERAGE(Q9:Q104) -> #DIV/0!
A109: Stdev | B109: =STDEV(B9:B104) -> #DIV/0! | C109: =STDEV(C9:C104) -> #DIV/0! | D109: =STDEV(D9:D104) -> #DIV/0! | E109: =STDEV(E9:E104) -> #DIV/0! | F109: =STDEV(F9:F104) -> #DIV/0! | G109: =STDEV(G9:G104) -> #DIV/0! | H109: =STDEV(H9:H104) -> #DIV/0! | I109: =STDEV(I9:I104) -> #DIV/0! | ... Q109: =STDEV(Q9:Q104) -> #DIV/0!
A110: Num | B110: =COUNT(B9:B104) -> 0 | C110: =COUNT(C9:C104) -> 0 | D110: =COUNT(D9:D104) -> 0 | E110: =COUNT(E9:E104) -> 0 | F110: =COUNT(F9:F104) -> 0 | G110: =COUNT(G9:G104) -> 0 | H110: =COUNT(H9:H104) -> 0 | I110: =COUNT(I9:I104) -> 0 | ... Q110: =COUNT(Q9:Q104) -> 0
A111: DCR | B111: =IF(B110>=87,">90%",IF(B110<=87,"<90%")) -> <90% | C111: =IF(C110>=87,">90%",IF(C110<=87,"<90%")) -> <90% | D111: =IF(D110>=87,">90%",IF(D110<=87,"<90%")) -> <90% | E111: =IF(E110>=87,">90%",IF(E110<=87,"<90%")) -> <90% | F111: =IF(F110>=87,">90%",IF(F110<=87,"<90%")) -> <90% | G111: =IF(G110>=87,">90%",IF(G110<=87,"<90%")) -> <90% | H111: =IF(H110>=87,">90%",IF(H110<=87,"<90%")) -> <90% | I111: =IF(I110>=87,">90%",IF(I110<=87,"<90%")) -> <90% | ... Q111: =IF(Q110>=87,">90%",IF(Q110<=87,"<90%")) -> <90%
A112: Status | B112: =IF(B110>=87,"OK",IF(B110<=87,"LESS")) -> LESS | C112: =IF(C110>=87,"OK",IF(C110<=87,"LESS")) -> LESS | D112: =IF(D110>=87,"OK",IF(D110<=87,"LESS")) -> LESS | E112: =IF(E110>=87,"OK",IF(E110<=87,"LESS")) -> LESS | F112: =IF(F110>=87,"OK",IF(F110<=87,"LESS")) -> LESS | G112: =IF(G110>=87,"OK",IF(G110<=87,"LESS")) -> LESS | H112: =IF(H110>=87,"OK",IF(H110<=87,"LESS")) -> LESS | I112: =IF(I110>=87,"OK",IF(I110<=87,"LESS")) -> LESS | ... Q112: =IF(Q110>=87,"OK",IF(Q110<=87,"LESS")) -> LESS
A115: Done by | B115: AKASH
A117: Comment

Sheet 11
A1: Station: | B1: IGKV RAIPUR
A2: Date: | B2: =$A$9 -> 0 | C2: Power Off | G2: Pw.Off | J2: Link Fail | L2: Link F | N2: Maintenance | P2: Maint.
A3: Report Type: | B3: Mean | C3: Calibration | G3: Calib. | J3: Data Fail | L3: Data F | N3: Invalid | P3: Invalid
A4: Time Base: | B4: 15 Min | C4: Zero Referrence | G4: Z.Ref | J4: Warm Up | L4: Wm. Up
A7: Date & Time | B7: NO | C7: NO2 | D7: NOX | E7: SO2 | F7: O3 | G7: PM 10 | H7: PM 2.5 | I7: BENZ | J7: WS | K7: WD | L7: TEMP | M7: HUM | N7: SR | O7: RG | P7: CO | Q7: NH3
B8: ug/m3 | C8: ug/m3 | D8: ppb | E8: ug/m3 | F8: ug/m3 | G8: ug/m3 | H8: ug/m3 | I8: ug/m3 | J8: m/sec | K8: deg | L8: degreC | M8: % | N8: w/m2 | O8: mm | P8: mg/m3 | Q8: ug/m3
A106: Min | B106: =MIN(B9:B104) -> 0 | C106: =MIN(C9:C104) -> 0 | D106: =MIN(D9:D104) -> 0 | E106: =MIN(E9:E104) -> 0 | F106: =MIN(F9:F104) -> 0 | G106: =MIN(G9:G104) -> 0 | H106: =MIN(H9:H104) -> 0 | I106: =MIN(I9:I104) -> 0 | ... Q106: =MIN(Q9:Q104) -> 0
A107: Max | B107: =MAX(B9:B104) -> 0 | C107: =MAX(C9:C104) -> 0 | D107: =MAX(D9:D104) -> 0 | E107: =MAX(E9:E104) -> 0 | F107: =MAX(F9:F104) -> 0 | G107: =MAX(G9:G104) -> 0 | H107: =MAX(H9:H104) -> 0 | I107: =MAX(I9:I104) -> 0 | ... Q107: =MAX(Q9:Q104) -> 0
A108: Avg | B108: =AVERAGE(B9:B104) -> #DIV/0! | C108: =AVERAGE(C9:C104) -> #DIV/0! | D108: =AVERAGE(D9:D104) -> #DIV/0! | E108: =AVERAGE(E9:E104) -> #DIV/0! | F108: =AVERAGE(F9:F104) -> #DIV/0! | G108: =AVERAGE(G9:G104) -> #DIV/0! | H108: =AVERAGE(H9:H104) -> #DIV/0! | I108: =AVERAGE(I9:I104) -> #DIV/0! | ... Q108: =AVERAGE(Q9:Q104) -> #DIV/0!
A109: Stdev | B109: =STDEV(B9:B104) -> #DIV/0! | C109: =STDEV(C9:C104) -> #DIV/0! | D109: =STDEV(D9:D104) -> #DIV/0! | E109: =STDEV(E9:E104) -> #DIV/0! | F109: =STDEV(F9:F104) -> #DIV/0! | G109: =STDEV(G9:G104) -> #DIV/0! | H109: =STDEV(H9:H104) -> #DIV/0! | I109: =STDEV(I9:I104) -> #DIV/0! | ... Q109: =STDEV(Q9:Q104) -> #DIV/0!
A110: Num | B110: =COUNT(B9:B104) -> 0 | C110: =COUNT(C9:C104) -> 0 | D110: =COUNT(D9:D104) -> 0 | E110: =COUNT(E9:E104) -> 0 | F110: =COUNT(F9:F104) -> 0 | G110: =COUNT(G9:G104) -> 0 | H110: =COUNT(H9:H104) -> 0 | I110: =COUNT(I9:I104) -> 0 | ... Q110: =COUNT(Q9:Q104) -> 0
A111: DCR | B111: =IF(B110>=87,">90%",IF(B110<=87,"<90%")) -> <90% | C111: =IF(C110>=87,">90%",IF(C110<=87,"<90%")) -> <90% | D111: =IF(D110>=87,">90%",IF(D110<=87,"<90%")) -> <90% | E111: =IF(E110>=87,">90%",IF(E110<=87,"<90%")) -> <90% | F111: =IF(F110>=87,">90%",IF(F110<=87,"<90%")) -> <90% | G111: =IF(G110>=87,">90%",IF(G110<=87,"<90%")) -> <90% | H111: =IF(H110>=87,">90%",IF(H110<=87,"<90%")) -> <90% | I111: =IF(I110>=87,">90%",IF(I110<=87,"<90%")) -> <90% | ... Q111: =IF(Q110>=87,">90%",IF(Q110<=87,"<90%")) -> <90%
A112: Status | B112: =IF(B110>=87,"OK",IF(B110<=87,"LESS")) -> LESS | C112: =IF(C110>=87,"OK",IF(C110<=87,"LESS")) -> LESS | D112: =IF(D110>=87,"OK",IF(D110<=87,"LESS")) -> LESS | E112: =IF(E110>=87,"OK",IF(E110<=87,"LESS")) -> LESS | F112: =IF(F110>=87,"OK",IF(F110<=87,"LESS")) -> LESS | G112: =IF(G110>=87,"OK",IF(G110<=87,"LESS")) -> LESS | H112: =IF(H110>=87,"OK",IF(H110<=87,"LESS")) -> LESS | I112: =IF(I110>=87,"OK",IF(I110<=87,"LESS")) -> LESS | ... Q112: =IF(Q110>=87,"OK",IF(Q110<=87,"LESS")) -> LESS
A115: Done by | B115: AKASH
A117: Comment

Sheet 12
A1: Station: | B1: IGKV RAIPUR
A2: Date: | B2: =$A$9 -> 0 | C2: Power Off | G2: Pw.Off | J2: Link Fail | L2: Link F | N2: Maintenance | P2: Maint.
A3: Report Type: | B3: Mean | C3: Calibration | G3: Calib. | J3: Data Fail | L3: Data F | N3: Invalid | P3: Invalid
A4: Time Base: | B4: 15 Min | C4: Zero Referrence | G4: Z.Ref | J4: Warm Up | L4: Wm. Up
A7: Date & Time | B7: NO | C7: NO2 | D7: NOX | E7: SO2 | F7: O3 | G7: PM 10 | H7: PM 2.5 | I7: BENZ | J7: WS | K7: WD | L7: TEMP | M7: HUM | N7: SR | O7: RG | P7: CO | Q7: NH3
B8: ug/m3 | C8: ug/m3 | D8: ppb | E8: ug/m3 | F8: ug/m3 | G8: ug/m3 | H8: ug/m3 | I8: ug/m3 | J8: m/sec | K8: deg | L8: degreC | M8: % | N8: w/m2 | O8: mm | P8: mg/m3 | Q8: ug/m3
A106: Min | B106: =MIN(B9:B104) -> 0 | C106: =MIN(C9:C104) -> 0 | D106: =MIN(D9:D104) -> 0 | E106: =MIN(E9:E104) -> 0 | F106: =MIN(F9:F104) -> 0 | G106: =MIN(G9:G104) -> 0 | H106: =MIN(H9:H104) -> 0 | I106: =MIN(I9:I104) -> 0 | ... Q106: =MIN(Q9:Q104) -> 0
A107: Max | B107: =MAX(B9:B104) -> 0 | C107: =MAX(C9:C104) -> 0 | D107: =MAX(D9:D104) -> 0 | E107: =MAX(E9:E104) -> 0 | F107: =MAX(F9:F104) -> 0 | G107: =MAX(G9:G104) -> 0 | H107: =MAX(H9:H104) -> 0 | I107: =MAX(I9:I104) -> 0 | ... Q107: =MAX(Q9:Q104) -> 0
A108: Avg | B108: =AVERAGE(B9:B104) -> #DIV/0! | C108: =AVERAGE(C9:C104) -> #DIV/0! | D108: =AVERAGE(D9:D104) -> #DIV/0! | E108: =AVERAGE(E9:E104) -> #DIV/0! | F108: =AVERAGE(F9:F104) -> #DIV/0! | G108: =AVERAGE(G9:G104) -> #DIV/0! | H108: =AVERAGE(H9:H104) -> #DIV/0! | I108: =AVERAGE(I9:I104) -> #DIV/0! | ... Q108: =AVERAGE(Q9:Q104) -> #DIV/0!
A109: Stdev | B109: =STDEV(B9:B104) -> #DIV/0! | C109: =STDEV(C9:C104) -> #DIV/0! | D109: =STDEV(D9:D104) -> #DIV/0! | E109: =STDEV(E9:E104) -> #DIV/0! | F109: =STDEV(F9:F104) -> #DIV/0! | G109: =STDEV(G9:G104) -> #DIV/0! | H109: =STDEV(H9:H104) -> #DIV/0! | I109: =STDEV(I9:I104) -> #DIV/0! | ... Q109: =STDEV(Q9:Q104) -> #DIV/0!
A110: Num | B110: =COUNT(B9:B104) -> 0 | C110: =COUNT(C9:C104) -> 0 | D110: =COUNT(D9:D104) -> 0 | E110: =COUNT(E9:E104) -> 0 | F110: =COUNT(F9:F104) -> 0 | G110: =COUNT(G9:G104) -> 0 | H110: =COUNT(H9:H104) -> 0 | I110: =COUNT(I9:I104) -> 0 | ... Q110: =COUNT(Q9:Q104) -> 0
A111: DCR | B111: =IF(B110>=87,">90%",IF(B110<=87,"<90%")) -> <90% | C111: =IF(C110>=87,">90%",IF(C110<=87,"<90%")) -> <90% | D111: =IF(D110>=87,">90%",IF(D110<=87,"<90%")) -> <90% | E111: =IF(E110>=87,">90%",IF(E110<=87,"<90%")) -> <90% | F111: =IF(F110>=87,">90%",IF(F110<=87,"<90%")) -> <90% | G111: =IF(G110>=87,">90%",IF(G110<=87,"<90%")) -> <90% | H111: =IF(H110>=87,">90%",IF(H110<=87,"<90%")) -> <90% | I111: =IF(I110>=87,">90%",IF(I110<=87,"<90%")) -> <90% | ... Q111: =IF(Q110>=87,">90%",IF(Q110<=87,"<90%")) -> <90%
A112: Status | B112: =IF(B110>=87,"OK",IF(B110<=87,"LESS")) -> LESS | C112: =IF(C110>=87,"OK",IF(C110<=87,"LESS")) -> LESS | D112: =IF(D110>=87,"OK",IF(D110<=87,"LESS")) -> LESS | E112: =IF(E110>=87,"OK",IF(E110<=87,"LESS")) -> LESS | F112: =IF(F110>=87,"OK",IF(F110<=87,"LESS")) -> LESS | G112: =IF(G110>=87,"OK",IF(G110<=87,"LESS")) -> LESS | H112: =IF(H110>=87,"OK",IF(H110<=87,"LESS")) -> LESS | I112: =IF(I110>=87,"OK",IF(I110<=87,"LESS")) -> LESS | ... Q112: =IF(Q110>=87,"OK",IF(Q110<=87,"LESS")) -> LESS
A115: Done by | B115: AKASH
A117: Comment

Sheet 13
A1: Station: | B1: IGKV RAIPUR
A2: Date: | B2: =$A$9 -> 0 | C2: Power Off | G2: Pw.Off | J2: Link Fail | L2: Link F | N2: Maintenance | P2: Maint.
A3: Report Type: | B3: Mean | C3: Calibration | G3: Calib. | J3: Data Fail | L3: Data F | N3: Invalid | P3: Invalid
A4: Time Base: | B4: 15 Min | C4: Zero Referrence | G4: Z.Ref | J4: Warm Up | L4: Wm. Up
A7: Date & Time | B7: NO | C7: NO2 | D7: NOX | E7: SO2 | F7: O3 | G7: PM 10 | H7: PM 2.5 | I7: BENZ | J7: WS | K7: WD | L7: TEMP | M7: HUM | N7: SR | O7: RG | P7: CO | Q7: NH3
B8: ug/m3 | C8: ug/m3 | D8: ppb | E8: ug/m3 | F8: ug/m3 | G8: ug/m3 | H8: ug/m3 | I8: ug/m3 | J8: m/sec | K8: deg | L8: degreC | M8: % | N8: w/m2 | O8: mm | P8: mg/m3 | Q8: ug/m3
A106: Min | B106: =MIN(B9:B104) -> 0 | C106: =MIN(C9:C104) -> 0 | D106: =MIN(D9:D104) -> 0 | E106: =MIN(E9:E104) -> 0 | F106: =MIN(F9:F104) -> 0 | G106: =MIN(G9:G104) -> 0 | H106: =MIN(H9:H104) -> 0 | I106: =MIN(I9:I104) -> 0 | ... Q106: =MIN(Q9:Q104) -> 0
A107: Max | B107: =MAX(B9:B104) -> 0 | C107: =MAX(C9:C104) -> 0 | D107: =MAX(D9:D104) -> 0 | E107: =MAX(E9:E104) -> 0 | F107: =MAX(F9:F104) -> 0 | G107: =MAX(G9:G104) -> 0 | H107: =MAX(H9:H104) -> 0 | I107: =MAX(I9:I104) -> 0 | ... Q107: =MAX(Q9:Q104) -> 0
A108: Avg | B108: =AVERAGE(B9:B104) -> #DIV/0! | C108: =AVERAGE(C9:C104) -> #DIV/0! | D108: =AVERAGE(D9:D104) -> #DIV/0! | E108: =AVERAGE(E9:E104) -> #DIV/0! | F108: =AVERAGE(F9:F104) -> #DIV/0! | G108: =AVERAGE(G9:G104) -> #DIV/0! | H108: =AVERAGE(H9:H104) -> #DIV/0! | I108: =AVERAGE(I9:I104) -> #DIV/0! | ... Q108: =AVERAGE(Q9:Q104) -> #DIV/0!
A109: Stdev | B109: =STDEV(B9:B104) -> #DIV/0! | C109: =STDEV(C9:C104) -> #DIV/0! | D109: =STDEV(D9:D104) -> #DIV/0! | E109: =STDEV(E9:E104) -> #DIV/0! | F109: =STDEV(F9:F104) -> #DIV/0! | G109: =STDEV(G9:G104) -> #DIV/0! | H109: =STDEV(H9:H104) -> #DIV/0! | I109: =STDEV(I9:I104) -> #DIV/0! | ... Q109: =STDEV(Q9:Q104) -> #DIV/0!
A110: Num | B110: =COUNT(B9:B104) -> 0 | C110: =COUNT(C9:C104) -> 0 | D110: =COUNT(D9:D104) -> 0 | E110: =COUNT(E9:E104) -> 0 | F110: =COUNT(F9:F104) -> 0 | G110: =COUNT(G9:G104) -> 0 | H110: =COUNT(H9:H104) -> 0 | I110: =COUNT(I9:I104) -> 0 | ... Q110: =COUNT(Q9:Q104) -> 0
A111: DCR | B111: =IF(B110>=87,">90%",IF(B110<=87,"<90%")) -> <90% | C111: =IF(C110>=87,">90%",IF(C110<=87,"<90%")) -> <90% | D111: =IF(D110>=87,">90%",IF(D110<=87,"<90%")) -> <90% | E111: =IF(E110>=87,">90%",IF(E110<=87,"<90%")) -> <90% | F111: =IF(F110>=87,">90%",IF(F110<=87,"<90%")) -> <90% | G111: =IF(G110>=87,">90%",IF(G110<=87,"<90%")) -> <90% | H111: =IF(H110>=87,">90%",IF(H110<=87,"<90%")) -> <90% | I111: =IF(I110>=87,">90%",IF(I110<=87,"<90%")) -> <90% | ... Q111: =IF(Q110>=87,">90%",IF(Q110<=87,"<90%")) -> <90%
A112: Status | B112: =IF(B110>=87,"OK",IF(B110<=87,"LESS")) -> LESS | C112: =IF(C110>=87,"OK",IF(C110<=87,"LESS")) -> LESS | D112: =IF(D110>=87,"OK",IF(D110<=87,"LESS")) -> LESS | E112: =IF(E110>=87,"OK",IF(E110<=87,"LESS")) -> LESS | F112: =IF(F110>=87,"OK",IF(F110<=87,"LESS")) -> LESS | G112: =IF(G110>=87,"OK",IF(G110<=87,"LESS")) -> LESS | H112: =IF(H110>=87,"OK",IF(H110<=87,"LESS")) -> LESS | I112: =IF(I110>=87,"OK",IF(I110<=87,"LESS")) -> LESS | ... Q112: =IF(Q110>=87,"OK",IF(Q110<=87,"LESS")) -> LESS
A115: Done by | B115: AKASH
A117: Comment

Sheet 14
A1: Station: | B1: IGKV RAIPUR
A2: Date: | B2: =$A$9 -> 0 | C2: Power Off | G2: Pw.Off | J2: Link Fail | L2: Link F | N2: Maintenance | P2: Maint.
A3: Report Type: | B3: Mean | C3: Calibration | G3: Calib. | J3: Data Fail | L3: Data F | N3: Invalid | P3: Invalid
A4: Time Base: | B4: 15 Min | C4: Zero Referrence | G4: Z.Ref | J4: Warm Up | L4: Wm. Up
A7: Date & Time | B7: NO | C7: NO2 | D7: NOX | E7: SO2 | F7: O3 | G7: PM 10 | H7: PM 2.5 | I7: BENZ | J7: WS | K7: WD | L7: TEMP | M7: HUM | N7: SR | O7: RG | P7: CO | Q7: NH3
B8: ug/m3 | C8: ug/m3 | D8: ppb | E8: ug/m3 | F8: ug/m3 | G8: ug/m3 | H8: ug/m3 | I8: ug/m3 | J8: m/sec | K8: deg | L8: degreC | M8: % | N8: w/m2 | O8: mm | P8: mg/m3 | Q8: ug/m3
A106: Min | B106: =MIN(B9:B104) -> 0 | C106: =MIN(C9:C104) -> 0 | D106: =MIN(D9:D104) -> 0 | E106: =MIN(E9:E104) -> 0 | F106: =MIN(F9:F104) -> 0 | G106: =MIN(G9:G104) -> 0 | H106: =MIN(H9:H104) -> 0 | I106: =MIN(I9:I104) -> 0 | ... Q106: =MIN(Q9:Q104) -> 0
A107: Max | B107: =MAX(B9:B104) -> 0 | C107: =MAX(C9:C104) -> 0 | D107: =MAX(D9:D104) -> 0 | E107: =MAX(E9:E104) -> 0 | F107: =MAX(F9:F104) -> 0 | G107: =MAX(G9:G104) -> 0 | H107: =MAX(H9:H104) -> 0 | I107: =MAX(I9:I104) -> 0 | ... Q107: =MAX(Q9:Q104) -> 0
A108: Avg | B108: =AVERAGE(B9:B104) -> #DIV/0! | C108: =AVERAGE(C9:C104) -> #DIV/0! | D108: =AVERAGE(D9:D104) -> #DIV/0! | E108: =AVERAGE(E9:E104) -> #DIV/0! | F108: =AVERAGE(F9:F104) -> #DIV/0! | G108: =AVERAGE(G9:G104) -> #DIV/0! | H108: =AVERAGE(H9:H104) -> #DIV/0! | I108: =AVERAGE(I9:I104) -> #DIV/0! | ... Q108: =AVERAGE(Q9:Q104) -> #DIV/0!
A109: Stdev | B109: =STDEV(B9:B104) -> #DIV/0! | C109: =STDEV(C9:C104) -> #DIV/0! | D109: =STDEV(D9:D104) -> #DIV/0! | E109: =STDEV(E9:E104) -> #DIV/0! | F109: =STDEV(F9:F104) -> #DIV/0! | G109: =STDEV(G9:G104) -> #DIV/0! | H109: =STDEV(H9:H104) -> #DIV/0! | I109: =STDEV(I9:I104) -> #DIV/0! | ... Q109: =STDEV(Q9:Q104) -> #DIV/0!
A110: Num | B110: =COUNT(B9:B104) -> 0 | C110: =COUNT(C9:C104) -> 0 | D110: =COUNT(D9:D104) -> 0 | E110: =COUNT(E9:E104) -> 0 | F110: =COUNT(F9:F104) -> 0 | G110: =COUNT(G9:G104) -> 0 | H110: =COUNT(H9:H104) -> 0 | I110: =COUNT(I9:I104) -> 0 | ... Q110: =COUNT(Q9:Q104) -> 0
A111: DCR | B111: =IF(B110>=87,">90%",IF(B110<=87,"<90%")) -> <90% | C111: =IF(C110>=87,">90%",IF(C110<=87,"<90%")) -> <90% | D111: =IF(D110>=87,">90%",IF(D110<=87,"<90%")) -> <90% | E111: =IF(E110>=87,">90%",IF(E110<=87,"<90%")) -> <90% | F111: =IF(F110>=87,">90%",IF(F110<=87,"<90%")) -> <90% | G111: =IF(G110>=87,">90%",IF(G110<=87,"<90%")) -> <90% | H111: =IF(H110>=87,">90%",IF(H110<=87,"<90%")) -> <90% | I111: =IF(I110>=87,">90%",IF(I110<=87,"<90%")) -> <90% | ... Q111: =IF(Q110>=87,">90%",IF(Q110<=87,"<90%")) -> <90%
A112: Status | B112: =IF(B110>=87,"OK",IF(B110<=87,"LESS")) -> LESS | C112: =IF(C110>=87,"OK",IF(C110<=87,"LESS")) -> LESS | D112: =IF(D110>=87,"OK",IF(D110<=87,"LESS")) -> LESS | E112: =IF(E110>=87,"OK",IF(E110<=87,"LESS")) -> LESS | F112: =IF(F110>=87,"OK",IF(F110<=87,"LESS")) -> LESS | G112: =IF(G110>=87,"OK",IF(G110<=87,"LESS")) -> LESS | H112: =IF(H110>=87,"OK",IF(H110<=87,"LESS")) -> LESS | I112: =IF(I110>=87,"OK",IF(I110<=87,"LESS")) -> LESS | ... Q112: =IF(Q110>=87,"OK",IF(Q110<=87,"LESS")) -> LESS
A115: Done by | B115: AKASH
A117: Comment

Sheet 15
A1: Station: | B1: IGKV RAIPUR
A2: Date: | B2: =$A$9 -> 0 | C2: Power Off | G2: Pw.Off | J2: Link Fail | L2: Link F | N2: Maintenance | P2: Maint.
A3: Report Type: | B3: Mean | C3: Calibration | G3: Calib. | J3: Data Fail | L3: Data F | N3: Invalid | P3: Invalid
A4: Time Base: | B4: 15 Min | C4: Zero Referrence | G4: Z.Ref | J4: Warm Up | L4: Wm. Up
A7: Date & Time | B7: NO | C7: NO2 | D7: NOX | E7: SO2 | F7: O3 | G7: PM 10 | H7: PM 2.5 | I7: BENZ | J7: WS | K7: WD | L7: TEMP | M7: HUM | N7: SR | O7: RG | P7: CO | Q7: NH3
B8: ug/m3 | C8: ug/m3 | D8: ppb | E8: ug/m3 | F8: ug/m3 | G8: ug/m3 | H8: ug/m3 | I8: ug/m3 | J8: m/sec | K8: deg | L8: degreC | M8: % | N8: w/m2 | O8: mm | P8: mg/m3 | Q8: ug/m3
A106: Min | B106: =MIN(B9:B104) -> 0 | C106: =MIN(C9:C104) -> 0 | D106: =MIN(D9:D104) -> 0 | E106: =MIN(E9:E104) -> 0 | F106: =MIN(F9:F104) -> 0 | G106: =MIN(G9:G104) -> 0 | H106: =MIN(H9:H104) -> 0 | I106: =MIN(I9:I104) -> 0 | ... Q106: =MIN(Q9:Q104) -> 0
A107: Max | B107: =MAX(B9:B104) -> 0 | C107: =MAX(C9:C104) -> 0 | D107: =MAX(D9:D104) -> 0 | E107: =MAX(E9:E104) -> 0 | F107: =MAX(F9:F104) -> 0 | G107: =MAX(G9:G104) -> 0 | H107: =MAX(H9:H104) -> 0 | I107: =MAX(I9:I104) -> 0 | ... Q107: =MAX(Q9:Q104) -> 0
A108: Avg | B108: =AVERAGE(B9:B104) -> #DIV/0! | C108: =AVERAGE(C9:C104) -> #DIV/0! | D108: =AVERAGE(D9:D104) -> #DIV/0! | E108: =AVERAGE(E9:E104) -> #DIV/0! | F108: =AVERAGE(F9:F104) -> #DIV/0! | G108: =AVERAGE(G9:G104) -> #DIV/0! | H108: =AVERAGE(H9:H104) -> #DIV/0! | I108: =AVERAGE(I9:I104) -> #DIV/0! | ... Q108: =AVERAGE(Q9:Q104) -> #DIV/0!
A109: Stdev | B109: =STDEV(B9:B104) -> #DIV/0! | C109: =STDEV(C9:C104) -> #DIV/0! | D109: =STDEV(D9:D104) -> #DIV/0! | E109: =STDEV(E9:E104) -> #DIV/0! | F109: =STDEV(F9:F104) -> #DIV/0! | G109: =STDEV(G9:G104) -> #DIV/0! | H109: =STDEV(H9:H104) -> #DIV/0! | I109: =STDEV(I9:I104) -> #DIV/0! | ... Q109: =STDEV(Q9:Q104) -> #DIV/0!
A110: Num | B110: =COUNT(B9:B104) -> 0 | C110: =COUNT(C9:C104) -> 0 | D110: =COUNT(D9:D104) -> 0 | E110: =COUNT(E9:E104) -> 0 | F110: =COUNT(F9:F104) -> 0 | G110: =COUNT(G9:G104) -> 0 | H110: =COUNT(H9:H104) -> 0 | I110: =COUNT(I9:I104) -> 0 | ... Q110: =COUNT(Q9:Q104) -> 0
A111: DCR | B111: =IF(B110>=87,">90%",IF(B110<=87,"<90%")) -> <90% | C111: =IF(C110>=87,">90%",IF(C110<=87,"<90%")) -> <90% | D111: =IF(D110>=87,">90%",IF(D110<=87,"<90%")) -> <90% | E111: =IF(E110>=87,">90%",IF(E110<=87,"<90%")) -> <90% | F111: =IF(F110>=87,">90%",IF(F110<=87,"<90%")) -> <90% | G111: =IF(G110>=87,">90%",IF(G110<=87,"<90%")) -> <90% | H111: =IF(H110>=87,">90%",IF(H110<=87,"<90%")) -> <90% | I111: =IF(I110>=87,">90%",IF(I110<=87,"<90%")) -> <90% | ... Q111: =IF(Q110>=87,">90%",IF(Q110<=87,"<90%")) -> <90%
A112: Status | B112: =IF(B110>=87,"OK",IF(B110<=87,"LESS")) -> LESS | C112: =IF(C110>=87,"OK",IF(C110<=87,"LESS")) -> LESS | D112: =IF(D110>=87,"OK",IF(D110<=87,"LESS")) -> LESS | E112: =IF(E110>=87,"OK",IF(E110<=87,"LESS")) -> LESS | F112: =IF(F110>=87,"OK",IF(F110<=87,"LESS")) -> LESS | G112: =IF(G110>=87,"OK",IF(G110<=87,"LESS")) -> LESS | H112: =IF(H110>=87,"OK",IF(H110<=87,"LESS")) -> LESS | I112: =IF(I110>=87,"OK",IF(I110<=87,"LESS")) -> LESS | ... Q112: =IF(Q110>=87,"OK",IF(Q110<=87,"LESS")) -> LESS
A115: Done by | B115: AKASH
A117: Comment

Sheet 16
A1: Station: | B1: IGKV RAIPUR
A2: Date: | B2: =$A$9 -> 0 | C2: Power Off | G2: Pw.Off | J2: Link Fail | L2: Link F | N2: Maintenance | P2: Maint.
A3: Report Type: | B3: Mean | C3: Calibration | G3: Calib. | J3: Data Fail | L3: Data F | N3: Invalid | P3: Invalid
A4: Time Base: | B4: 15 Min | C4: Zero Referrence | G4: Z.Ref | J4: Warm Up | L4: Wm. Up
A7: Date & Time | B7: NO | C7: NO2 | D7: NOX | E7: SO2 | F7: O3 | G7: PM 10 | H7: PM 2.5 | I7: BENZ | J7: WS | K7: WD | L7: TEMP | M7: HUM | N7: SR | O7: RG | P7: CO | Q7: NH3
B8: ug/m3 | C8: ug/m3 | D8: ppb | E8: ug/m3 | F8: ug/m3 | G8: ug/m3 | H8: ug/m3 | I8: ug/m3 | J8: m/sec | K8: deg | L8: degreC | M8: % | N8: w/m2 | O8: mm | P8: mg/m3 | Q8: ug/m3
A106: Min | B106: =MIN(B9:B104) -> 0 | C106: =MIN(C9:C104) -> 0 | D106: =MIN(D9:D104) -> 0 | E106: =MIN(E9:E104) -> 0 | F106: =MIN(F9:F104) -> 0 | G106: =MIN(G9:G104) -> 0 | H106: =MIN(H9:H104) -> 0 | I106: =MIN(I9:I104) -> 0 | ... Q106: =MIN(Q9:Q104) -> 0
A107: Max | B107: =MAX(B9:B104) -> 0 | C107: =MAX(C9:C104) -> 0 | D107: =MAX(D9:D104) -> 0 | E107: =MAX(E9:E104) -> 0 | F107: =MAX(F9:F104) -> 0 | G107: =MAX(G9:G104) -> 0 | H107: =MAX(H9:H104) -> 0 | I107: =MAX(I9:I104) -> 0 | ... Q107: =MAX(Q9:Q104) -> 0
A108: Avg | B108: =AVERAGE(B9:B104) -> #DIV/0! | C108: =AVERAGE(C9:C104) -> #DIV/0! | D108: =AVERAGE(D9:D104) -> #DIV/0! | E108: =AVERAGE(E9:E104) -> #DIV/0! | F108: =AVERAGE(F9:F104) -> #DIV/0! | G108: =AVERAGE(G9:G104) -> #DIV/0! | H108: =AVERAGE(H9:H104) -> #DIV/0! | I108: =AVERAGE(I9:I104) -> #DIV/0! | ... Q108: =AVERAGE(Q9:Q104) -> #DIV/0!
A109: Stdev | B109: =STDEV(B9:B104) -> #DIV/0! | C109: =STDEV(C9:C104) -> #DIV/0! | D109: =STDEV(D9:D104) -> #DIV/0! | E109: =STDEV(E9:E104) -> #DIV/0! | F109: =STDEV(F9:F104) -> #DIV/0! | G109: =STDEV(G9:G104) -> #DIV/0! | H109: =STDEV(H9:H104) -> #DIV/0! | I109: =STDEV(I9:I104) -> #DIV/0! | ... Q109: =STDEV(Q9:Q104) -> #DIV/0!
A110: Num | B110: =COUNT(B9:B104) -> 0 | C110: =COUNT(C9:C104) -> 0 | D110: =COUNT(D9:D104) -> 0 | E110: =COUNT(E9:E104) -> 0 | F110: =COUNT(F9:F104) -> 0 | G110: =COUNT(G9:G104) -> 0 | H110: =COUNT(H9:H104) -> 0 | I110: =COUNT(I9:I104) -> 0 | ... Q110: =COUNT(Q9:Q104) -> 0
A111: DCR | B111: =IF(B110>=87,">90%",IF(B110<=87,"<90%")) -> <90% | C111: =IF(C110>=87,">90%",IF(C110<=87,"<90%")) -> <90% | D111: =IF(D110>=87,">90%",IF(D110<=87,"<90%")) -> <90% | E111: =IF(E110>=87,">90%",IF(E110<=87,"<90%")) -> <90% | F111: =IF(F110>=87,">90%",IF(F110<=87,"<90%")) -> <90% | G111: =IF(G110>=87,">90%",IF(G110<=87,"<90%")) -> <90% | H111: =IF(H110>=87,">90%",IF(H110<=87,"<90%")) -> <90% | I111: =IF(I110>=87,">90%",IF(I110<=87,"<90%")) -> <90% | ... Q111: =IF(Q110>=87,">90%",IF(Q110<=87,"<90%")) -> <90%
A112: Status | B112: =IF(B110>=87,"OK",IF(B110<=87,"LESS")) -> LESS | C112: =IF(C110>=87,"OK",IF(C110<=87,"LESS")) -> LESS | D112: =IF(D110>=87,"OK",IF(D110<=87,"LESS")) -> LESS | E112: =IF(E110>=87,"OK",IF(E110<=87,"LESS")) -> LESS | F112: =IF(F110>=87,"OK",IF(F110<=87,"LESS")) -> LESS | G112: =IF(G110>=87,"OK",IF(G110<=87,"LESS")) -> LESS | H112: =IF(H110>=87,"OK",IF(H110<=87,"LESS")) -> LESS | I112: =IF(I110>=87,"OK",IF(I110<=87,"LESS")) -> LESS | ... Q112: =IF(Q110>=87,"OK",IF(Q110<=87,"LESS")) -> LESS
A115: Done by | B115: AKASH
A117: Comment

Sheet 17
A1: Station: | B1: IGKV RAIPUR
A2: Date: | B2: =$A$9 -> 0 | C2: Power Off | G2: Pw.Off | J2: Link Fail | L2: Link F | N2: Maintenance | P2: Maint.
A3: Report Type: | B3: Mean | C3: Calibration | G3: Calib. | J3: Data Fail | L3: Data F | N3: Invalid | P3: Invalid
A4: Time Base: | B4: 15 Min | C4: Zero Referrence | G4: Z.Ref | J4: Warm Up | L4: Wm. Up
A7: Date & Time | B7: NO | C7: NO2 | D7: NOX | E7: SO2 | F7: O3 | G7: PM 10 | H7: PM 2.5 | I7: BENZ | J7: WS | K7: WD | L7: TEMP | M7: HUM | N7: SR | O7: RG | P7: CO | Q7: NH3
B8: ug/m3 | C8: ug/m3 | D8: ppb | E8: ug/m3 | F8: ug/m3 | G8: ug/m3 | H8: ug/m3 | I8: ug/m3 | J8: m/sec | K8: deg | L8: degreC | M8: % | N8: w/m2 | O8: mm | P8: mg/m3 | Q8: ug/m3
A106: Min | B106: =MIN(B9:B104) -> 0 | C106: =MIN(C9:C104) -> 0 | D106: =MIN(D9:D104) -> 0 | E106: =MIN(E9:E104) -> 0 | F106: =MIN(F9:F104) -> 0 | G106: =MIN(G9:G104) -> 0 | H106: =MIN(H9:H104) -> 0 | I106: =MIN(I9:I104) -> 0 | ... Q106: =MIN(Q9:Q104) -> 0
A107: Max | B107: =MAX(B9:B104) -> 0 | C107: =MAX(C9:C104) -> 0 | D107: =MAX(D9:D104) -> 0 | E107: =MAX(E9:E104) -> 0 | F107: =MAX(F9:F104) -> 0 | G107: =MAX(G9:G104) -> 0 | H107: =MAX(H9:H104) -> 0 | I107: =MAX(I9:I104) -> 0 | ... Q107: =MAX(Q9:Q104) -> 0
A108: Avg | B108: =AVERAGE(B9:B104) -> #DIV/0! | C108: =AVERAGE(C9:C104) -> #DIV/0! | D108: =AVERAGE(D9:D104) -> #DIV/0! | E108: =AVERAGE(E9:E104) -> #DIV/0! | F108: =AVERAGE(F9:F104) -> #DIV/0! | G108: =AVERAGE(G9:G104) -> #DIV/0! | H108: =AVERAGE(H9:H104) -> #DIV/0! | I108: =AVERAGE(I9:I104) -> #DIV/0! | ... Q108: =AVERAGE(Q9:Q104) -> #DIV/0!
A109: Stdev | B109: =STDEV(B9:B104) -> #DIV/0! | C109: =STDEV(C9:C104) -> #DIV/0! | D109: =STDEV(D9:D104) -> #DIV/0! | E109: =STDEV(E9:E104) -> #DIV/0! | F109: =STDEV(F9:F104) -> #DIV/0! | G109: =STDEV(G9:G104) -> #DIV/0! | H109: =STDEV(H9:H104) -> #DIV/0! | I109: =STDEV(I9:I104) -> #DIV/0! | ... Q109: =STDEV(Q9:Q104) -> #DIV/0!
A110: Num | B110: =COUNT(B9:B104) -> 0 | C110: =COUNT(C9:C104) -> 0 | D110: =COUNT(D9:D104) -> 0 | E110: =COUNT(E9:E104) -> 0 | F110: =COUNT(F9:F104) -> 0 | G110: =COUNT(G9:G104) -> 0 | H110: =COUNT(H9:H104) -> 0 | I110: =COUNT(I9:I104) -> 0 | ... Q110: =COUNT(Q9:Q104) -> 0
A111: DCR | B111: =IF(B110>=87,">90%",IF(B110<=87,"<90%")) -> <90% | C111: =IF(C110>=87,">90%",IF(C110<=87,"<90%")) -> <90% | D111: =IF(D110>=87,">90%",IF(D110<=87,"<90%")) -> <90% | E111: =IF(E110>=87,">90%",IF(E110<=87,"<90%")) -> <90% | F111: =IF(F110>=87,">90%",IF(F110<=87,"<90%")) -> <90% | G111: =IF(G110>=87,">90%",IF(G110<=87,"<90%")) -> <90% | H111: =IF(H110>=87,">90%",IF(H110<=87,"<90%")) -> <90% | I111: =IF(I110>=87,">90%",IF(I110<=87,"<90%")) -> <90% | ... Q111: =IF(Q110>=87,">90%",IF(Q110<=87,"<90%")) -> <90%
A112: Status | B112: =IF(B110>=87,"OK",IF(B110<=87,"LESS")) -> LESS | C112: =IF(C110>=87,"OK",IF(C110<=87,"LESS")) -> LESS | D112: =IF(D110>=87,"OK",IF(D110<=87,"LESS")) -> LESS | E112: =IF(E110>=87,"OK",IF(E110<=87,"LESS")) -> LESS | F112: =IF(F110>=87,"OK",IF(F110<=87,"LESS")) -> LESS | G112: =IF(G110>=87,"OK",IF(G110<=87,"LESS")) -> LESS | H112: =IF(H110>=87,"OK",IF(H110<=87,"LESS")) -> LESS | I112: =IF(I110>=87,"OK",IF(I110<=87,"LESS")) -> LESS | ... Q112: =IF(Q110>=87,"OK",IF(Q110<=87,"LESS")) -> LESS
A115: Done by | B115: AKASH
A117: Comment

Sheet 18
A1: Station: | B1: IGKV RAIPUR
A2: Date: | B2: =$A$9 -> 0 | C2: Power Off | G2: Pw.Off | J2: Link Fail | L2: Link F | N2: Maintenance | P2: Maint.
A3: Report Type: | B3: Mean | C3: Calibration | G3: Calib. | J3: Data Fail | L3: Data F | N3: Invalid | P3: Invalid
A4: Time Base: | B4: 15 Min | C4: Zero Referrence | G4: Z.Ref | J4: Warm Up | L4: Wm. Up
A7: Date & Time | B7: NO | C7: NO2 | D7: NOX | E7: SO2 | F7: O3 | G7: PM 10 | H7: PM 2.5 | I7: BENZ | J7: WS | K7: WD | L7: TEMP | M7: HUM | N7: SR | O7: RG | P7: CO | Q7: NH3
B8: ug/m3 | C8: ug/m3 | D8: ppb | E8: ug/m3 | F8: ug/m3 | G8: ug/m3 | H8: ug/m3 | I8: ug/m3 | J8: m/sec | K8: deg | L8: degreC | M8: % | N8: w/m2 | O8: mm | P8: mg/m3 | Q8: ug/m3
A106: Min | B106: =MIN(B9:B104) -> 0 | C106: =MIN(C9:C104) -> 0 | D106: =MIN(D9:D104) -> 0 | E106: =MIN(E9:E104) -> 0 | F106: =MIN(F9:F104) -> 0 | G106: =MIN(G9:G104) -> 0 | H106: =MIN(H9:H104) -> 0 | I106: =MIN(I9:I104) -> 0 | ... Q106: =MIN(Q9:Q104) -> 0
A107: Max | B107: =MAX(B9:B104) -> 0 | C107: =MAX(C9:C104) -> 0 | D107: =MAX(D9:D104) -> 0 | E107: =MAX(E9:E104) -> 0 | F107: =MAX(F9:F104) -> 0 | G107: =MAX(G9:G104) -> 0 | H107: =MAX(H9:H104) -> 0 | I107: =MAX(I9:I104) -> 0 | ... Q107: =MAX(Q9:Q104) -> 0
A108: Avg | B108: =AVERAGE(B9:B104) -> #DIV/0! | C108: =AVERAGE(C9:C104) -> #DIV/0! | D108: =AVERAGE(D9:D104) -> #DIV/0! | E108: =AVERAGE(E9:E104) -> #DIV/0! | F108: =AVERAGE(F9:F104) -> #DIV/0! | G108: =AVERAGE(G9:G104) -> #DIV/0! | H108: =AVERAGE(H9:H104) -> #DIV/0! | I108: =AVERAGE(I9:I104) -> #DIV/0! | ... Q108: =AVERAGE(Q9:Q104) -> #DIV/0!
A109: Stdev | B109: =STDEV(B9:B104) -> #DIV/0! | C109: =STDEV(C9:C104) -> #DIV/0! | D109: =STDEV(D9:D104) -> #DIV/0! | E109: =STDEV(E9:E104) -> #DIV/0! | F109: =STDEV(F9:F104) -> #DIV/0! | G109: =STDEV(G9:G104) -> #DIV/0! | H109: =STDEV(H9:H104) -> #DIV/0! | I109: =STDEV(I9:I104) -> #DIV/0! | ... Q109: =STDEV(Q9:Q104) -> #DIV/0!
A110: Num | B110: =COUNT(B9:B104) -> 0 | C110: =COUNT(C9:C104) -> 0 | D110: =COUNT(D9:D104) -> 0 | E110: =COUNT(E9:E104) -> 0 | F110: =COUNT(F9:F104) -> 0 | G110: =COUNT(G9:G104) -> 0 | H110: =COUNT(H9:H104) -> 0 | I110: =COUNT(I9:I104) -> 0 | ... Q110: =COUNT(Q9:Q104) -> 0
A111: DCR | B111: =IF(B110>=87,">90%",IF(B110<=87,"<90%")) -> <90% | C111: =IF(C110>=87,">90%",IF(C110<=87,"<90%")) -> <90% | D111: =IF(D110>=87,">90%",IF(D110<=87,"<90%")) -> <90% | E111: =IF(E110>=87,">90%",IF(E110<=87,"<90%")) -> <90% | F111: =IF(F110>=87,">90%",IF(F110<=87,"<90%")) -> <90% | G111: =IF(G110>=87,">90%",IF(G110<=87,"<90%")) -> <90% | H111: =IF(H110>=87,">90%",IF(H110<=87,"<90%")) -> <90% | I111: =IF(I110>=87,">90%",IF(I110<=87,"<90%")) -> <90% | ... Q111: =IF(Q110>=87,">90%",IF(Q110<=87,"<90%")) -> <90%
A112: Status | B112: =IF(B110>=87,"OK",IF(B110<=87,"LESS")) -> LESS | C112: =IF(C110>=87,"OK",IF(C110<=87,"LESS")) -> LESS | D112: =IF(D110>=87,"OK",IF(D110<=87,"LESS")) -> LESS | E112: =IF(E110>=87,"OK",IF(E110<=87,"LESS")) -> LESS | F112: =IF(F110>=87,"OK",IF(F110<=87,"LESS")) -> LESS | G112: =IF(G110>=87,"OK",IF(G110<=87,"LESS")) -> LESS | H112: =IF(H110>=87,"OK",IF(H110<=87,"LESS")) -> LESS | I112: =IF(I110>=87,"OK",IF(I110<=87,"LESS")) -> LESS | ... Q112: =IF(Q110>=87,"OK",IF(Q110<=87,"LESS")) -> LESS
A115: Done by | B115: AKASH
A117: Comment

Sheet 19
A1: Station: | B1: IGKV RAIPUR
A2: Date: | B2: =$A$9 -> 0 | C2: Power Off | G2: Pw.Off | J2: Link Fail | L2: Link F | N2: Maintenance | P2: Maint.
A3: Report Type: | B3: Mean | C3: Calibration | G3: Calib. | J3: Data Fail | L3: Data F | N3: Invalid | P3: Invalid
A4: Time Base: | B4: 15 Min | C4: Zero Referrence | G4: Z.Ref | J4: Warm Up | L4: Wm. Up
A7: Date & Time | B7: NO | C7: NO2 | D7: NOX | E7: SO2 | F7: O3 | G7: PM 10 | H7: PM 2.5 | I7: BENZ | J7: WS | K7: WD | L7: TEMP | M7: HUM | N7: SR | O7: RG | P7: CO | Q7: NH3
B8: ug/m3 | C8: ug/m3 | D8: ppb | E8: ug/m3 | F8: ug/m3 | G8: ug/m3 | H8: ug/m3 | I8: ug/m3 | J8: m/sec | K8: deg | L8: degreC | M8: % | N8: w/m2 | O8: mm | P8: mg/m3 | Q8: ug/m3
A106: Min | B106: =MIN(B9:B104) -> 0 | C106: =MIN(C9:C104) -> 0 | D106: =MIN(D9:D104) -> 0 | E106: =MIN(E9:E104) -> 0 | F106: =MIN(F9:F104) -> 0 | G106: =MIN(G9:G104) -> 0 | H106: =MIN(H9:H104) -> 0 | I106: =MIN(I9:I104) -> 0 | ... Q106: =MIN(Q9:Q104) -> 0
A107: Max | B107: =MAX(B9:B104) -> 0 | C107: =MAX(C9:C104) -> 0 | D107: =MAX(D9:D104) -> 0 | E107: =MAX(E9:E104) -> 0 | F107: =MAX(F9:F104) -> 0 | G107: =MAX(G9:G104) -> 0 | H107: =MAX(H9:H104) -> 0 | I107: =MAX(I9:I104) -> 0 | ... Q107: =MAX(Q9:Q104) -> 0
A108: Avg | B108: =AVERAGE(B9:B104) -> #DIV/0! | C108: =AVERAGE(C9:C104) -> #DIV/0! | D108: =AVERAGE(D9:D104) -> #DIV/0! | E108: =AVERAGE(E9:E104) -> #DIV/0! | F108: =AVERAGE(F9:F104) -> #DIV/0! | G108: =AVERAGE(G9:G104) -> #DIV/0! | H108: =AVERAGE(H9:H104) -> #DIV/0! | I108: =AVERAGE(I9:I104) -> #DIV/0! | ... Q108: =AVERAGE(Q9:Q104) -> #DIV/0!
A109: Stdev | B109: =STDEV(B9:B104) -> #DIV/0! | C109: =STDEV(C9:C104) -> #DIV/0! | D109: =STDEV(D9:D104) -> #DIV/0! | E109: =STDEV(E9:E104) -> #DIV/0! | F109: =STDEV(F9:F104) -> #DIV/0! | G109: =STDEV(G9:G104) -> #DIV/0! | H109: =STDEV(H9:H104) -> #DIV/0! | I109: =STDEV(I9:I104) -> #DIV/0! | ... Q109: =STDEV(Q9:Q104) -> #DIV/0!
A110: Num | B110: =COUNT(B9:B104) -> 0 | C110: =COUNT(C9:C104) -> 0 | D110: =COUNT(D9:D104) -> 0 | E110: =COUNT(E9:E104) -> 0 | F110: =COUNT(F9:F104) -> 0 | G110: =COUNT(G9:G104) -> 0 | H110: =COUNT(H9:H104) -> 0 | I110: =COUNT(I9:I104) -> 0 | ... Q110: =COUNT(Q9:Q104) -> 0
A111: DCR | B111: =IF(B110>=87,">90%",IF(B110<=87,"<90%")) -> <90% | C111: =IF(C110>=87,">90%",IF(C110<=87,"<90%")) -> <90% | D111: =IF(D110>=87,">90%",IF(D110<=87,"<90%")) -> <90% | E111: =IF(E110>=87,">90%",IF(E110<=87,"<90%")) -> <90% | F111: =IF(F110>=87,">90%",IF(F110<=87,"<90%")) -> <90% | G111: =IF(G110>=87,">90%",IF(G110<=87,"<90%")) -> <90% | H111: =IF(H110>=87,">90%",IF(H110<=87,"<90%")) -> <90% | I111: =IF(I110>=87,">90%",IF(I110<=87,"<90%")) -> <90% | ... Q111: =IF(Q110>=87,">90%",IF(Q110<=87,"<90%")) -> <90%
A112: Status | B112: =IF(B110>=87,"OK",IF(B110<=87,"LESS")) -> LESS | C112: =IF(C110>=87,"OK",IF(C110<=87,"LESS")) -> LESS | D112: =IF(D110>=87,"OK",IF(D110<=87,"LESS")) -> LESS | E112: =IF(E110>=87,"OK",IF(E110<=87,"LESS")) -> LESS | F112: =IF(F110>=87,"OK",IF(F110<=87,"LESS")) -> LESS | G112: =IF(G110>=87,"OK",IF(G110<=87,"LESS")) -> LESS | H112: =IF(H110>=87,"OK",IF(H110<=87,"LESS")) -> LESS | I112: =IF(I110>=87,"OK",IF(I110<=87,"LESS")) -> LESS | ... Q112: =IF(Q110>=87,"OK",IF(Q110<=87,"LESS")) -> LESS
A115: Done by | B115: AKASH
A117: Comment

Sheet 20
A1: Station: | B1: IGKV RAIPUR
A2: Date: | B2: =$A$9 -> 0 | C2: Power Off | G2: Pw.Off | J2: Link Fail | L2: Link F | N2: Maintenance | P2: Maint.
A3: Report Type: | B3: Mean | C3: Calibration | G3: Calib. | J3: Data Fail | L3: Data F | N3: Invalid | P3: Invalid
A4: Time Base: | B4: 15 Min | C4: Zero Referrence | G4: Z.Ref | J4: Warm Up | L4: Wm. Up
A7: Date & Time | B7: NO | C7: NO2 | D7: NOX | E7: SO2 | F7: O3 | G7: PM 10 | H7: PM 2.5 | I7: BENZ | J7: WS | K7: WD | L7: TEMP | M7: HUM | N7: SR | O7: RG | P7: CO | Q7: NH3
B8: ug/m3 | C8: ug/m3 | D8: ppb | E8: ug/m3 | F8: ug/m3 | G8: ug/m3 | H8: ug/m3 | I8: ug/m3 | J8: m/sec | K8: deg | L8: degreC | M8: % | N8: w/m2 | O8: mm | P8: mg/m3 | Q8: ug/m3
A106: Min | B106: =MIN(B9:B104) -> 0 | C106: =MIN(C9:C104) -> 0 | D106: =MIN(D9:D104) -> 0 | E106: =MIN(E9:E104) -> 0 | F106: =MIN(F9:F104) -> 0 | G106: =MIN(G9:G104) -> 0 | H106: =MIN(H9:H104) -> 0 | I106: =MIN(I9:I104) -> 0 | ... Q106: =MIN(Q9:Q104) -> 0
A107: Max | B107: =MAX(B9:B104) -> 0 | C107: =MAX(C9:C104) -> 0 | D107: =MAX(D9:D104) -> 0 | E107: =MAX(E9:E104) -> 0 | F107: =MAX(F9:F104) -> 0 | G107: =MAX(G9:G104) -> 0 | H107: =MAX(H9:H104) -> 0 | I107: =MAX(I9:I104) -> 0 | ... Q107: =MAX(Q9:Q104) -> 0
A108: Avg | B108: =AVERAGE(B9:B104) -> #DIV/0! | C108: =AVERAGE(C9:C104) -> #DIV/0! | D108: =AVERAGE(D9:D104) -> #DIV/0! | E108: =AVERAGE(E9:E104) -> #DIV/0! | F108: =AVERAGE(F9:F104) -> #DIV/0! | G108: =AVERAGE(G9:G104) -> #DIV/0! | H108: =AVERAGE(H9:H104) -> #DIV/0! | I108: =AVERAGE(I9:I104) -> #DIV/0! | ... Q108: =AVERAGE(Q9:Q104) -> #DIV/0!
A109: Stdev | B109: =STDEV(B9:B104) -> #DIV/0! | C109: =STDEV(C9:C104) -> #DIV/0! | D109: =STDEV(D9:D104) -> #DIV/0! | E109: =STDEV(E9:E104) -> #DIV/0! | F109: =STDEV(F9:F104) -> #DIV/0! | G109: =STDEV(G9:G104) -> #DIV/0! | H109: =STDEV(H9:H104) -> #DIV/0! | I109: =STDEV(I9:I104) -> #DIV/0! | ... Q109: =STDEV(Q9:Q104) -> #DIV/0!
A110: Num | B110: =COUNT(B9:B104) -> 0 | C110: =COUNT(C9:C104) -> 0 | D110: =COUNT(D9:D104) -> 0 | E110: =COUNT(E9:E104) -> 0 | F110: =COUNT(F9:F104) -> 0 | G110: =COUNT(G9:G104) -> 0 | H110: =COUNT(H9:H104) -> 0 | I110: =COUNT(I9:I104) -> 0 | ... Q110: =COUNT(Q9:Q104) -> 0
A111: DCR | B111: =IF(B110>=87,">90%",IF(B110<=87,"<90%")) -> <90% | C111: =IF(C110>=87,">90%",IF(C110<=87,"<90%")) -> <90% | D111: =IF(D110>=87,">90%",IF(D110<=87,"<90%")) -> <90% | E111: =IF(E110>=87,">90%",IF(E110<=87,"<90%")) -> <90% | F111: =IF(F110>=87,">90%",IF(F110<=87,"<90%")) -> <90% | G111: =IF(G110>=87,">90%",IF(G110<=87,"<90%")) -> <90% | H111: =IF(H110>=87,">90%",IF(H110<=87,"<90%")) -> <90% | I111: =IF(I110>=87,">90%",IF(I110<=87,"<90%")) -> <90% | ... Q111: =IF(Q110>=87,">90%",IF(Q110<=87,"<90%")) -> <90%
A112: Status | B112: =IF(B110>=87,"OK",IF(B110<=87,"LESS")) -> LESS | C112: =IF(C110>=87,"OK",IF(C110<=87,"LESS")) -> LESS | D112: =IF(D110>=87,"OK",IF(D110<=87,"LESS")) -> LESS | E112: =IF(E110>=87,"OK",IF(E110<=87,"LESS")) -> LESS | F112: =IF(F110>=87,"OK",IF(F110<=87,"LESS")) -> LESS | G112: =IF(G110>=87,"OK",IF(G110<=87,"LESS")) -> LESS | H112: =IF(H110>=87,"OK",IF(H110<=87,"LESS")) -> LESS | I112: =IF(I110>=87,"OK",IF(I110<=87,"LESS")) -> LESS | ... Q112: =IF(Q110>=87,"OK",IF(Q110<=87,"LESS")) -> LESS
A115: Done by | B115: AKASH
A117: Comment

Sheet 21
A1: Station: | B1: IGKV RAIPUR
A2: Date: | B2: =$A$9 -> 0 | C2: Power Off | G2: Pw.Off | J2: Link Fail | L2: Link F | N2: Maintenance | P2: Maint.
A3: Report Type: | B3: Mean | C3: Calibration | G3: Calib. | J3: Data Fail | L3: Data F | N3: Invalid | P3: Invalid
A4: Time Base: | B4: 15 Min | C4: Zero Referrence | G4: Z.Ref | J4: Warm Up | L4: Wm. Up
A7: Date & Time | B7: NO | C7: NO2 | D7: NOX | E7: SO2 | F7: O3 | G7: PM 10 | H7: PM 2.5 | I7: BENZ | J7: WS | K7: WD | L7: TEMP | M7: HUM | N7: SR | O7: RG | P7: CO | Q7: NH3
B8: ug/m3 | C8: ug/m3 | D8: ppb | E8: ug/m3 | F8: ug/m3 | G8: ug/m3 | H8: ug/m3 | I8: ug/m3 | J8: m/sec | K8: deg | L8: degreC | M8: % | N8: w/m2 | O8: mm | P8: mg/m3 | Q8: ug/m3
A106: Min | B106: =MIN(B9:B104) -> 0 | C106: =MIN(C9:C104) -> 0 | D106: =MIN(D9:D104) -> 0 | E106: =MIN(E9:E104) -> 0 | F106: =MIN(F9:F104) -> 0 | G106: =MIN(G9:G104) -> 0 | H106: =MIN(H9:H104) -> 0 | I106: =MIN(I9:I104) -> 0 | ... Q106: =MIN(Q9:Q104) -> 0
A107: Max | B107: =MAX(B9:B104) -> 0 | C107: =MAX(C9:C104) -> 0 | D107: =MAX(D9:D104) -> 0 | E107: =MAX(E9:E104) -> 0 | F107: =MAX(F9:F104) -> 0 | G107: =MAX(G9:G104) -> 0 | H107: =MAX(H9:H104) -> 0 | I107: =MAX(I9:I104) -> 0 | ... Q107: =MAX(Q9:Q104) -> 0
A108: Avg | B108: =AVERAGE(B9:B104) -> #DIV/0! | C108: =AVERAGE(C9:C104) -> #DIV/0! | D108: =AVERAGE(D9:D104) -> #DIV/0! | E108: =AVERAGE(E9:E104) -> #DIV/0! | F108: =AVERAGE(F9:F104) -> #DIV/0! | G108: =AVERAGE(G9:G104) -> #DIV/0! | H108: =AVERAGE(H9:H104) -> #DIV/0! | I108: =AVERAGE(I9:I104) -> #DIV/0! | ... Q108: =AVERAGE(Q9:Q104) -> #DIV/0!
A109: Stdev | B109: =STDEV(B9:B104) -> #DIV/0! | C109: =STDEV(C9:C104) -> #DIV/0! | D109: =STDEV(D9:D104) -> #DIV/0! | E109: =STDEV(E9:E104) -> #DIV/0! | F109: =STDEV(F9:F104) -> #DIV/0! | G109: =STDEV(G9:G104) -> #DIV/0! | H109: =STDEV(H9:H104) -> #DIV/0! | I109: =STDEV(I9:I104) -> #DIV/0! | ... Q109: =STDEV(Q9:Q104) -> #DIV/0!
A110: Num | B110: =COUNT(B9:B104) -> 0 | C110: =COUNT(C9:C104) -> 0 | D110: =COUNT(D9:D104) -> 0 | E110: =COUNT(E9:E104) -> 0 | F110: =COUNT(F9:F104) -> 0 | G110: =COUNT(G9:G104) -> 0 | H110: =COUNT(H9:H104) -> 0 | I110: =COUNT(I9:I104) -> 0 | ... Q110: =COUNT(Q9:Q104) -> 0
A111: DCR | B111: =IF(B110>=87,">90%",IF(B110<=87,"<90%")) -> <90% | C111: =IF(C110>=87,">90%",IF(C110<=87,"<90%")) -> <90% | D111: =IF(D110>=87,">90%",IF(D110<=87,"<90%")) -> <90% | E111: =IF(E110>=87,">90%",IF(E110<=87,"<90%")) -> <90% | F111: =IF(F110>=87,">90%",IF(F110<=87,"<90%")) -> <90% | G111: =IF(G110>=87,">90%",IF(G110<=87,"<90%")) -> <90% | H111: =IF(H110>=87,">90%",IF(H110<=87,"<90%")) -> <90% | I111: =IF(I110>=87,">90%",IF(I110<=87,"<90%")) -> <90% | ... Q111: =IF(Q110>=87,">90%",IF(Q110<=87,"<90%")) -> <90%
A112: Status | B112: =IF(B110>=87,"OK",IF(B110<=87,"LESS")) -> LESS | C112: =IF(C110>=87,"OK",IF(C110<=87,"LESS")) -> LESS | D112: =IF(D110>=87,"OK",IF(D110<=87,"LESS")) -> LESS | E112: =IF(E110>=87,"OK",IF(E110<=87,"LESS")) -> LESS | F112: =IF(F110>=87,"OK",IF(F110<=87,"LESS")) -> LESS | G112: =IF(G110>=87,"OK",IF(G110<=87,"LESS")) -> LESS | H112: =IF(H110>=87,"OK",IF(H110<=87,"LESS")) -> LESS | I112: =IF(I110>=87,"OK",IF(I110<=87,"LESS")) -> LESS | ... Q112: =IF(Q110>=87,"OK",IF(Q110<=87,"LESS")) -> LESS
A115: Done by | B115: AKASH
A117: Comment

Sheet 22
A1: Station: | B1: IGKV RAIPUR
A2: Date: | B2: =$A$9 -> 0 | C2: Power Off | G2: Pw.Off | J2: Link Fail | L2: Link F | N2: Maintenance | P2: Maint.
A3: Report Type: | B3: Mean | C3: Calibration | G3: Calib. | J3: Data Fail | L3: Data F | N3: Invalid | P3: Invalid
A4: Time Base: | B4: 15 Min | C4: Zero Referrence | G4: Z.Ref | J4: Warm Up | L4: Wm. Up
A7: Date & Time | B7: NO | C7: NO2 | D7: NOX | E7: SO2 | F7: O3 | G7: PM 10 | H7: PM 2.5 | I7: BENZ | J7: WS | K7: WD | L7: TEMP | M7: HUM | N7: SR | O7: RG | P7: CO | Q7: NH3
B8: ug/m3 | C8: ug/m3 | D8: ppb | E8: ug/m3 | F8: ug/m3 | G8: ug/m3 | H8: ug/m3 | I8: ug/m3 | J8: m/sec | K8: deg | L8: degreC | M8: % | N8: w/m2 | O8: mm | P8: mg/m3 | Q8: ug/m3
A106: Min | B106: =MIN(B9:B104) -> 0 | C106: =MIN(C9:C104) -> 0 | D106: =MIN(D9:D104) -> 0 | E106: =MIN(E9:E104) -> 0 | F106: =MIN(F9:F104) -> 0 | G106: =MIN(G9:G104) -> 0 | H106: =MIN(H9:H104) -> 0 | I106: =MIN(I9:I104) -> 0 | ... Q106: =MIN(Q9:Q104) -> 0
A107: Max | B107: =MAX(B9:B104) -> 0 | C107: =MAX(C9:C104) -> 0 | D107: =MAX(D9:D104) -> 0 | E107: =MAX(E9:E104) -> 0 | F107: =MAX(F9:F104) -> 0 | G107: =MAX(G9:G104) -> 0 | H107: =MAX(H9:H104) -> 0 | I107: =MAX(I9:I104) -> 0 | ... Q107: =MAX(Q9:Q104) -> 0
A108: Avg | B108: =AVERAGE(B9:B104) -> #DIV/0! | C108: =AVERAGE(C9:C104) -> #DIV/0! | D108: =AVERAGE(D9:D104) -> #DIV/0! | E108: =AVERAGE(E9:E104) -> #DIV/0! | F108: =AVERAGE(F9:F104) -> #DIV/0! | G108: =AVERAGE(G9:G104) -> #DIV/0! | H108: =AVERAGE(H9:H104) -> #DIV/0! | I108: =AVERAGE(I9:I104) -> #DIV/0! | ... Q108: =AVERAGE(Q9:Q104) -> #DIV/0!
A109: Stdev | B109: =STDEV(B9:B104) -> #DIV/0! | C109: =STDEV(C9:C104) -> #DIV/0! | D109: =STDEV(D9:D104) -> #DIV/0! | E109: =STDEV(E9:E104) -> #DIV/0! | F109: =STDEV(F9:F104) -> #DIV/0! | G109: =STDEV(G9:G104) -> #DIV/0! | H109: =STDEV(H9:H104) -> #DIV/0! | I109: =STDEV(I9:I104) -> #DIV/0! | ... Q109: =STDEV(Q9:Q104) -> #DIV/0!
A110: Num | B110: =COUNT(B9:B104) -> 0 | C110: =COUNT(C9:C104) -> 0 | D110: =COUNT(D9:D104) -> 0 | E110: =COUNT(E9:E104) -> 0 | F110: =COUNT(F9:F104) -> 0 | G110: =COUNT(G9:G104) -> 0 | H110: =COUNT(H9:H104) -> 0 | I110: =COUNT(I9:I104) -> 0 | ... Q110: =COUNT(Q9:Q104) -> 0
A111: DCR | B111: =IF(B110>=87,">90%",IF(B110<=87,"<90%")) -> <90% | C111: =IF(C110>=87,">90%",IF(C110<=87,"<90%")) -> <90% | D111: =IF(D110>=87,">90%",IF(D110<=87,"<90%")) -> <90% | E111: =IF(E110>=87,">90%",IF(E110<=87,"<90%")) -> <90% | F111: =IF(F110>=87,">90%",IF(F110<=87,"<90%")) -> <90% | G111: =IF(G110>=87,">90%",IF(G110<=87,"<90%")) -> <90% | H111: =IF(H110>=87,">90%",IF(H110<=87,"<90%")) -> <90% | I111: =IF(I110>=87,">90%",IF(I110<=87,"<90%")) -> <90% | ... Q111: =IF(Q110>=87,">90%",IF(Q110<=87,"<90%")) -> <90%
A112: Status | B112: =IF(B110>=87,"OK",IF(B110<=87,"LESS")) -> LESS | C112: =IF(C110>=87,"OK",IF(C110<=87,"LESS")) -> LESS | D112: =IF(D110>=87,"OK",IF(D110<=87,"LESS")) -> LESS | E112: =IF(E110>=87,"OK",IF(E110<=87,"LESS")) -> LESS | F112: =IF(F110>=87,"OK",IF(F110<=87,"LESS")) -> LESS | G112: =IF(G110>=87,"OK",IF(G110<=87,"LESS")) -> LESS | H112: =IF(H110>=87,"OK",IF(H110<=87,"LESS")) -> LESS | I112: =IF(I110>=87,"OK",IF(I110<=87,"LESS")) -> LESS | ... Q112: =IF(Q110>=87,"OK",IF(Q110<=87,"LESS")) -> LESS
A115: Done by | B115: AKASH
A117: Comment

Sheet 23
A1: Station: | B1: IGKV RAIPUR
A2: Date: | B2: =$A$9 -> 0 | C2: Power Off | G2: Pw.Off | J2: Link Fail | L2: Link F | N2: Maintenance | P2: Maint.
A3: Report Type: | B3: Mean | C3: Calibration | G3: Calib. | J3: Data Fail | L3: Data F | N3: Invalid | P3: Invalid
A4: Time Base: | B4: 15 Min | C4: Zero Referrence | G4: Z.Ref | J4: Warm Up | L4: Wm. Up
A7: Date & Time | B7: NO | C7: NO2 | D7: NOX | E7: SO2 | F7: O3 | G7: PM 10 | H7: PM 2.5 | I7: BENZ | J7: WS | K7: WD | L7: TEMP | M7: HUM | N7: SR | O7: RG | P7: CO | Q7: NH3
B8: ug/m3 | C8: ug/m3 | D8: ppb | E8: ug/m3 | F8: ug/m3 | G8: ug/m3 | H8: ug/m3 | I8: ug/m3 | J8: m/sec | K8: deg | L8: degreC | M8: % | N8: w/m2 | O8: mm | P8: mg/m3 | Q8: ug/m3
A106: Min | B106: =MIN(B9:B104) -> 0 | C106: =MIN(C9:C104) -> 0 | D106: =MIN(D9:D104) -> 0 | E106: =MIN(E9:E104) -> 0 | F106: =MIN(F9:F104) -> 0 | G106: =MIN(G9:G104) -> 0 | H106: =MIN(H9:H104) -> 0 | I106: =MIN(I9:I104) -> 0 | ... Q106: =MIN(Q9:Q104) -> 0
A107: Max | B107: =MAX(B9:B104) -> 0 | C107: =MAX(C9:C104) -> 0 | D107: =MAX(D9:D104) -> 0 | E107: =MAX(E9:E104) -> 0 | F107: =MAX(F9:F104) -> 0 | G107: =MAX(G9:G104) -> 0 | H107: =MAX(H9:H104) -> 0 | I107: =MAX(I9:I104) -> 0 | ... Q107: =MAX(Q9:Q104) -> 0
A108: Avg | B108: =AVERAGE(B9:B104) -> #DIV/0! | C108: =AVERAGE(C9:C104) -> #DIV/0! | D108: =AVERAGE(D9:D104) -> #DIV/0! | E108: =AVERAGE(E9:E104) -> #DIV/0! | F108: =AVERAGE(F9:F104) -> #DIV/0! | G108: =AVERAGE(G9:G104) -> #DIV/0! | H108: =AVERAGE(H9:H104) -> #DIV/0! | I108: =AVERAGE(I9:I104) -> #DIV/0! | ... Q108: =AVERAGE(Q9:Q104) -> #DIV/0!
A109: Stdev | B109: =STDEV(B9:B104) -> #DIV/0! | C109: =STDEV(C9:C104) -> #DIV/0! | D109: =STDEV(D9:D104) -> #DIV/0! | E109: =STDEV(E9:E104) -> #DIV/0! | F109: =STDEV(F9:F104) -> #DIV/0! | G109: =STDEV(G9:G104) -> #DIV/0! | H109: =STDEV(H9:H104) -> #DIV/0! | I109: =STDEV(I9:I104) -> #DIV/0! | ... Q109: =STDEV(Q9:Q104) -> #DIV/0!
A110: Num | B110: =COUNT(B9:B104) -> 0 | C110: =COUNT(C9:C104) -> 0 | D110: =COUNT(D9:D104) -> 0 | E110: =COUNT(E9:E104) -> 0 | F110: =COUNT(F9:F104) -> 0 | G110: =COUNT(G9:G104) -> 0 | H110: =COUNT(H9:H104) -> 0 | I110: =COUNT(I9:I104) -> 0 | ... Q110: =COUNT(Q9:Q104) -> 0
A111: DCR | B111: =IF(B110>=87,">90%",IF(B110<=87,"<90%")) -> <90% | C111: =IF(C110>=87,">90%",IF(C110<=87,"<90%")) -> <90% | D111: =IF(D110>=87,">90%",IF(D110<=87,"<90%")) -> <90% | E111: =IF(E110>=87,">90%",IF(E110<=87,"<90%")) -> <90% | F111: =IF(F110>=87,">90%",IF(F110<=87,"<90%")) -> <90% | G111: =IF(G110>=87,">90%",IF(G110<=87,"<90%")) -> <90% | H111: =IF(H110>=87,">90%",IF(H110<=87,"<90%")) -> <90% | I111: =IF(I110>=87,">90%",IF(I110<=87,"<90%")) -> <90% | ... Q111: =IF(Q110>=87,">90%",IF(Q110<=87,"<90%")) -> <90%
A112: Status | B112: =IF(B110>=87,"OK",IF(B110<=87,"LESS")) -> LESS | C112: =IF(C110>=87,"OK",IF(C110<=87,"LESS")) -> LESS | D112: =IF(D110>=87,"OK",IF(D110<=87,"LESS")) -> LESS | E112: =IF(E110>=87,"OK",IF(E110<=87,"LESS")) -> LESS | F112: =IF(F110>=87,"OK",IF(F110<=87,"LESS")) -> LESS | G112: =IF(G110>=87,"OK",IF(G110<=87,"LESS")) -> LESS | H112: =IF(H110>=87,"OK",IF(H110<=87,"LESS")) -> LESS | I112: =IF(I110>=87,"OK",IF(I110<=87,"LESS")) -> LESS | ... Q112: =IF(Q110>=87,"OK",IF(Q110<=87,"LESS")) -> LESS
A115: Done by | B115: AKASH
A117: Comment

Sheet 24
A1: Station: | B1: IGKV RAIPUR
A2: Date: | B2: =$A$9 -> 0 | C2: Power Off | G2: Pw.Off | J2: Link Fail | L2: Link F | N2: Maintenance | P2: Maint.
A3: Report Type: | B3: Mean | C3: Calibration | G3: Calib. | J3: Data Fail | L3: Data F | N3: Invalid | P3: Invalid
A4: Time Base: | B4: 15 Min | C4: Zero Referrence | G4: Z.Ref | J4: Warm Up | L4: Wm. Up
A7: Date & Time | B7: NO | C7: NO2 | D7: NOX | E7: SO2 | F7: O3 | G7: PM 10 | H7: PM 2.5 | I7: BENZ | J7: WS | K7: WD | L7: TEMP | M7: HUM | N7: SR | O7: RG | P7: CO | Q7: NH3
B8: ug/m3 | C8: ug/m3 | D8: ppb | E8: ug/m3 | F8: ug/m3 | G8: ug/m3 | H8: ug/m3 | I8: ug/m3 | J8: m/sec | K8: deg | L8: degreC | M8: % | N8: w/m2 | O8: mm | P8: mg/m3 | Q8: ug/m3
A106: Min | B106: =MIN(B9:B104) -> 0 | C106: =MIN(C9:C104) -> 0 | D106: =MIN(D9:D104) -> 0 | E106: =MIN(E9:E104) -> 0 | F106: =MIN(F9:F104) -> 0 | G106: =MIN(G9:G104) -> 0 | H106: =MIN(H9:H104) -> 0 | I106: =MIN(I9:I104) -> 0 | ... Q106: =MIN(Q9:Q104) -> 0
A107: Max | B107: =MAX(B9:B104) -> 0 | C107: =MAX(C9:C104) -> 0 | D107: =MAX(D9:D104) -> 0 | E107: =MAX(E9:E104) -> 0 | F107: =MAX(F9:F104) -> 0 | G107: =MAX(G9:G104) -> 0 | H107: =MAX(H9:H104) -> 0 | I107: =MAX(I9:I104) -> 0 | ... Q107: =MAX(Q9:Q104) -> 0
A108: Avg | B108: =AVERAGE(B9:B104) -> #DIV/0! | C108: =AVERAGE(C9:C104) -> #DIV/0! | D108: =AVERAGE(D9:D104) -> #DIV/0! | E108: =AVERAGE(E9:E104) -> #DIV/0! | F108: =AVERAGE(F9:F104) -> #DIV/0! | G108: =AVERAGE(G9:G104) -> #DIV/0! | H108: =AVERAGE(H9:H104) -> #DIV/0! | I108: =AVERAGE(I9:I104) -> #DIV/0! | ... Q108: =AVERAGE(Q9:Q104) -> #DIV/0!
A109: Stdev | B109: =STDEV(B9:B104) -> #DIV/0! | C109: =STDEV(C9:C104) -> #DIV/0! | D109: =STDEV(D9:D104) -> #DIV/0! | E109: =STDEV(E9:E104) -> #DIV/0! | F109: =STDEV(F9:F104) -> #DIV/0! | G109: =STDEV(G9:G104) -> #DIV/0! | H109: =STDEV(H9:H104) -> #DIV/0! | I109: =STDEV(I9:I104) -> #DIV/0! | ... Q109: =STDEV(Q9:Q104) -> #DIV/0!
A110: Num | B110: =COUNT(B9:B104) -> 0 | C110: =COUNT(C9:C104) -> 0 | D110: =COUNT(D9:D104) -> 0 | E110: =COUNT(E9:E104) -> 0 | F110: =COUNT(F9:F104) -> 0 | G110: =COUNT(G9:G104) -> 0 | H110: =COUNT(H9:H104) -> 0 | I110: =COUNT(I9:I104) -> 0 | ... Q110: =COUNT(Q9:Q104) -> 0
A111: DCR | B111: =IF(B110>=87,">90%",IF(B110<=87,"<90%")) -> <90% | C111: =IF(C110>=87,">90%",IF(C110<=87,"<90%")) -> <90% | D111: =IF(D110>=87,">90%",IF(D110<=87,"<90%")) -> <90% | E111: =IF(E110>=87,">90%",IF(E110<=87,"<90%")) -> <90% | F111: =IF(F110>=87,">90%",IF(F110<=87,"<90%")) -> <90% | G111: =IF(G110>=87,">90%",IF(G110<=87,"<90%")) -> <90% | H111: =IF(H110>=87,">90%",IF(H110<=87,"<90%")) -> <90% | I111: =IF(I110>=87,">90%",IF(I110<=87,"<90%")) -> <90% | ... Q111: =IF(Q110>=87,">90%",IF(Q110<=87,"<90%")) -> <90%
A112: Status | B112: =IF(B110>=87,"OK",IF(B110<=87,"LESS")) -> LESS | C112: =IF(C110>=87,"OK",IF(C110<=87,"LESS")) -> LESS | D112: =IF(D110>=87,"OK",IF(D110<=87,"LESS")) -> LESS | E112: =IF(E110>=87,"OK",IF(E110<=87,"LESS")) -> LESS | F112: =IF(F110>=87,"OK",IF(F110<=87,"LESS")) -> LESS | G112: =IF(G110>=87,"OK",IF(G110<=87,"LESS")) -> LESS | H112: =IF(H110>=87,"OK",IF(H110<=87,"LESS")) -> LESS | I112: =IF(I110>=87,"OK",IF(I110<=87,"LESS")) -> LESS | ... Q112: =IF(Q110>=87,"OK",IF(Q110<=87,"LESS")) -> LESS
A115: Done by | B115: AKASH
A117: Comment

Sheet 25
A1: Station: | B1: IGKV RAIPUR
A2: Date: | B2: =$A$9 -> 0 | C2: Power Off | G2: Pw.Off | J2: Link Fail | L2: Link F | N2: Maintenance | P2: Maint.
A3: Report Type: | B3: Mean | C3: Calibration | G3: Calib. | J3: Data Fail | L3: Data F | N3: Invalid | P3: Invalid
A4: Time Base: | B4: 15 Min | C4: Zero Referrence | G4: Z.Ref | J4: Warm Up | L4: Wm. Up
A7: Date & Time | B7: NO | C7: NO2 | D7: NOX | E7: SO2 | F7: O3 | G7: PM 10 | H7: PM 2.5 | I7: BENZ | J7: WS | K7: WD | L7: TEMP | M7: HUM | N7: SR | O7: RG | P7: CO | Q7: NH3
B8: ug/m3 | C8: ug/m3 | D8: ppb | E8: ug/m3 | F8: ug/m3 | G8: ug/m3 | H8: ug/m3 | I8: ug/m3 | J8: m/sec | K8: deg | L8: degreC | M8: % | N8: w/m2 | O8: mm | P8: mg/m3 | Q8: ug/m3
A106: Min | B106: =MIN(B9:B104) -> 0 | C106: =MIN(C9:C104) -> 0 | D106: =MIN(D9:D104) -> 0 | E106: =MIN(E9:E104) -> 0 | F106: =MIN(F9:F104) -> 0 | G106: =MIN(G9:G104) -> 0 | H106: =MIN(H9:H104) -> 0 | I106: =MIN(I9:I104) -> 0 | ... Q106: =MIN(Q9:Q104) -> 0
A107: Max | B107: =MAX(B9:B104) -> 0 | C107: =MAX(C9:C104) -> 0 | D107: =MAX(D9:D104) -> 0 | E107: =MAX(E9:E104) -> 0 | F107: =MAX(F9:F104) -> 0 | G107: =MAX(G9:G104) -> 0 | H107: =MAX(H9:H104) -> 0 | I107: =MAX(I9:I104) -> 0 | ... Q107: =MAX(Q9:Q104) -> 0
A108: Avg | B108: =AVERAGE(B9:B104) -> #DIV/0! | C108: =AVERAGE(C9:C104) -> #DIV/0! | D108: =AVERAGE(D9:D104) -> #DIV/0! | E108: =AVERAGE(E9:E104) -> #DIV/0! | F108: =AVERAGE(F9:F104) -> #DIV/0! | G108: =AVERAGE(G9:G104) -> #DIV/0! | H108: =AVERAGE(H9:H104) -> #DIV/0! | I108: =AVERAGE(I9:I104) -> #DIV/0! | ... Q108: =AVERAGE(Q9:Q104) -> #DIV/0!
A109: Stdev | B109: =STDEV(B9:B104) -> #DIV/0! | C109: =STDEV(C9:C104) -> #DIV/0! | D109: =STDEV(D9:D104) -> #DIV/0! | E109: =STDEV(E9:E104) -> #DIV/0! | F109: =STDEV(F9:F104) -> #DIV/0! | G109: =STDEV(G9:G104) -> #DIV/0! | H109: =STDEV(H9:H104) -> #DIV/0! | I109: =STDEV(I9:I104) -> #DIV/0! | ... Q109: =STDEV(Q9:Q104) -> #DIV/0!
A110: Num | B110: =COUNT(B9:B104) -> 0 | C110: =COUNT(C9:C104) -> 0 | D110: =COUNT(D9:D104) -> 0 | E110: =COUNT(E9:E104) -> 0 | F110: =COUNT(F9:F104) -> 0 | G110: =COUNT(G9:G104) -> 0 | H110: =COUNT(H9:H104) -> 0 | I110: =COUNT(I9:I104) -> 0 | ... Q110: =COUNT(Q9:Q104) -> 0
A111: DCR | B111: =IF(B110>=87,">90%",IF(B110<=87,"<90%")) -> <90% | C111: =IF(C110>=87,">90%",IF(C110<=87,"<90%")) -> <90% | D111: =IF(D110>=87,">90%",IF(D110<=87,"<90%")) -> <90% | E111: =IF(E110>=87,">90%",IF(E110<=87,"<90%")) -> <90% | F111: =IF(F110>=87,">90%",IF(F110<=87,"<90%")) -> <90% | G111: =IF(G110>=87,">90%",IF(G110<=87,"<90%")) -> <90% | H111: =IF(H110>=87,">90%",IF(H110<=87,"<90%")) -> <90% | I111: =IF(I110>=87,">90%",IF(I110<=87,"<90%")) -> <90% | ... Q111: =IF(Q110>=87,">90%",IF(Q110<=87,"<90%")) -> <90%
A112: Status | B112: =IF(B110>=87,"OK",IF(B110<=87,"LESS")) -> LESS | C112: =IF(C110>=87,"OK",IF(C110<=87,"LESS")) -> LESS | D112: =IF(D110>=87,"OK",IF(D110<=87,"LESS")) -> LESS | E112: =IF(E110>=87,"OK",IF(E110<=87,"LESS")) -> LESS | F112: =IF(F110>=87,"OK",IF(F110<=87,"LESS")) -> LESS | G112: =IF(G110>=87,"OK",IF(G110<=87,"LESS")) -> LESS | H112: =IF(H110>=87,"OK",IF(H110<=87,"LESS")) -> LESS | I112: =IF(I110>=87,"OK",IF(I110<=87,"LESS")) -> LESS | ... Q112: =IF(Q110>=87,"OK",IF(Q110<=87,"LESS")) -> LESS
A115: Done by | B115: AKASH
A117: Comment

Sheet 26
A1: Station: | B1: IGKV RAIPUR
A2: Date: | B2: =$A$9 -> 0 | C2: Power Off | G2: Pw.Off | J2: Link Fail | L2: Link F | N2: Maintenance | P2: Maint.
A3: Report Type: | B3: Mean | C3: Calibration | G3: Calib. | J3: Data Fail | L3: Data F | N3: Invalid | P3: Invalid
A4: Time Base: | B4: 15 Min | C4: Zero Referrence | G4: Z.Ref | J4: Warm Up | L4: Wm. Up
A7: Date & Time | B7: NO | C7: NO2 | D7: NOX | E7: SO2 | F7: O3 | G7: PM 10 | H7: PM 2.5 | I7: BENZ | J7: WS | K7: WD | L7: TEMP | M7: HUM | N7: SR | O7: RG | P7: CO | Q7: NH3
B8: ug/m3 | C8: ug/m3 | D8: ppb | E8: ug/m3 | F8: ug/m3 | G8: ug/m3 | H8: ug/m3 | I8: ug/m3 | J8: m/sec | K8: deg | L8: degreC | M8: % | N8: w/m2 | O8: mm | P8: mg/m3 | Q8: ug/m3
A106: Min | B106: =MIN(B9:B104) -> 0 | C106: =MIN(C9:C104) -> 0 | D106: =MIN(D9:D104) -> 0 | E106: =MIN(E9:E104) -> 0 | F106: =MIN(F9:F104) -> 0 | G106: =MIN(G9:G104) -> 0 | H106: =MIN(H9:H104) -> 0 | I106: =MIN(I9:I104) -> 0 | ... Q106: =MIN(Q9:Q104) -> 0
A107: Max | B107: =MAX(B9:B104) -> 0 | C107: =MAX(C9:C104) -> 0 | D107: =MAX(D9:D104) -> 0 | E107: =MAX(E9:E104) -> 0 | F107: =MAX(F9:F104) -> 0 | G107: =MAX(G9:G104) -> 0 | H107: =MAX(H9:H104) -> 0 | I107: =MAX(I9:I104) -> 0 | ... Q107: =MAX(Q9:Q104) -> 0
A108: Avg | B108: =AVERAGE(B9:B104) -> #DIV/0! | C108: =AVERAGE(C9:C104) -> #DIV/0! | D108: =AVERAGE(D9:D104) -> #DIV/0! | E108: =AVERAGE(E9:E104) -> #DIV/0! | F108: =AVERAGE(F9:F104) -> #DIV/0! | G108: =AVERAGE(G9:G104) -> #DIV/0! | H108: =AVERAGE(H9:H104) -> #DIV/0! | I108: =AVERAGE(I9:I104) -> #DIV/0! | ... Q108: =AVERAGE(Q9:Q104) -> #DIV/0!
A109: Stdev | B109: =STDEV(B9:B104) -> #DIV/0! | C109: =STDEV(C9:C104) -> #DIV/0! | D109: =STDEV(D9:D104) -> #DIV/0! | E109: =STDEV(E9:E104) -> #DIV/0! | F109: =STDEV(F9:F104) -> #DIV/0! | G109: =STDEV(G9:G104) -> #DIV/0! | H109: =STDEV(H9:H104) -> #DIV/0! | I109: =STDEV(I9:I104) -> #DIV/0! | ... Q109: =STDEV(Q9:Q104) -> #DIV/0!
A110: Num | B110: =COUNT(B9:B104) -> 0 | C110: =COUNT(C9:C104) -> 0 | D110: =COUNT(D9:D104) -> 0 | E110: =COUNT(E9:E104) -> 0 | F110: =COUNT(F9:F104) -> 0 | G110: =COUNT(G9:G104) -> 0 | H110: =COUNT(H9:H104) -> 0 | I110: =COUNT(I9:I104) -> 0 | ... Q110: =COUNT(Q9:Q104) -> 0
A111: DCR | B111: =IF(B110>=87,">90%",IF(B110<=87,"<90%")) -> <90% | C111: =IF(C110>=87,">90%",IF(C110<=87,"<90%")) -> <90% | D111: =IF(D110>=87,">90%",IF(D110<=87,"<90%")) -> <90% | E111: =IF(E110>=87,">90%",IF(E110<=87,"<90%")) -> <90% | F111: =IF(F110>=87,">90%",IF(F110<=87,"<90%")) -> <90% | G111: =IF(G110>=87,">90%",IF(G110<=87,"<90%")) -> <90% | H111: =IF(H110>=87,">90%",IF(H110<=87,"<90%")) -> <90% | I111: =IF(I110>=87,">90%",IF(I110<=87,"<90%")) -> <90% | ... Q111: =IF(Q110>=87,">90%",IF(Q110<=87,"<90%")) -> <90%
A112: Status | B112: =IF(B110>=87,"OK",IF(B110<=87,"LESS")) -> LESS | C112: =IF(C110>=87,"OK",IF(C110<=87,"LESS")) -> LESS | D112: =IF(D110>=87,"OK",IF(D110<=87,"LESS")) -> LESS | E112: =IF(E110>=87,"OK",IF(E110<=87,"LESS")) -> LESS | F112: =IF(F110>=87,"OK",IF(F110<=87,"LESS")) -> LESS | G112: =IF(G110>=87,"OK",IF(G110<=87,"LESS")) -> LESS | H112: =IF(H110>=87,"OK",IF(H110<=87,"LESS")) -> LESS | I112: =IF(I110>=87,"OK",IF(I110<=87,"LESS")) -> LESS | ... Q112: =IF(Q110>=87,"OK",IF(Q110<=87,"LESS")) -> LESS
A115: Done by | B115: AKASH
A117: Comment

Sheet 27
A1: Station: | B1: IGKV RAIPUR
A2: Date: | B2: =$A$9 -> 0 | C2: Power Off | G2: Pw.Off | J2: Link Fail | L2: Link F | N2: Maintenance | P2: Maint.
A3: Report Type: | B3: Mean | C3: Calibration | G3: Calib. | J3: Data Fail | L3: Data F | N3: Invalid | P3: Invalid
A4: Time Base: | B4: 15 Min | C4: Zero Referrence | G4: Z.Ref | J4: Warm Up | L4: Wm. Up
A7: Date & Time | B7: NO | C7: NO2 | D7: NOX | E7: SO2 | F7: O3 | G7: PM 10 | H7: PM 2.5 | I7: BENZ | J7: WS | K7: WD | L7: TEMP | M7: HUM | N7: SR | O7: RG | P7: CO | Q7: NH3
B8: ug/m3 | C8: ug/m3 | D8: ppb | E8: ug/m3 | F8: ug/m3 | G8: ug/m3 | H8: ug/m3 | I8: ug/m3 | J8: m/sec | K8: deg | L8: degreC | M8: % | N8: w/m2 | O8: mm | P8: mg/m3 | Q8: ug/m3
A106: Min | B106: =MIN(B9:B104) -> 0 | C106: =MIN(C9:C104) -> 0 | D106: =MIN(D9:D104) -> 0 | E106: =MIN(E9:E104) -> 0 | F106: =MIN(F9:F104) -> 0 | G106: =MIN(G9:G104) -> 0 | H106: =MIN(H9:H104) -> 0 | I106: =MIN(I9:I104) -> 0 | ... Q106: =MIN(Q9:Q104) -> 0
A107: Max | B107: =MAX(B9:B104) -> 0 | C107: =MAX(C9:C104) -> 0 | D107: =MAX(D9:D104) -> 0 | E107: =MAX(E9:E104) -> 0 | F107: =MAX(F9:F104) -> 0 | G107: =MAX(G9:G104) -> 0 | H107: =MAX(H9:H104) -> 0 | I107: =MAX(I9:I104) -> 0 | ... Q107: =MAX(Q9:Q104) -> 0
A108: Avg | B108: =AVERAGE(B9:B104) -> #DIV/0! | C108: =AVERAGE(C9:C104) -> #DIV/0! | D108: =AVERAGE(D9:D104) -> #DIV/0! | E108: =AVERAGE(E9:E104) -> #DIV/0! | F108: =AVERAGE(F9:F104) -> #DIV/0! | G108: =AVERAGE(G9:G104) -> #DIV/0! | H108: =AVERAGE(H9:H104) -> #DIV/0! | I108: =AVERAGE(I9:I104) -> #DIV/0! | ... Q108: =AVERAGE(Q9:Q104) -> #DIV/0!
A109: Stdev | B109: =STDEV(B9:B104) -> #DIV/0! | C109: =STDEV(C9:C104) -> #DIV/0! | D109: =STDEV(D9:D104) -> #DIV/0! | E109: =STDEV(E9:E104) -> #DIV/0! | F109: =STDEV(F9:F104) -> #DIV/0! | G109: =STDEV(G9:G104) -> #DIV/0! | H109: =STDEV(H9:H104) -> #DIV/0! | I109: =STDEV(I9:I104) -> #DIV/0! | ... Q109: =STDEV(Q9:Q104) -> #DIV/0!
A110: Num | B110: =COUNT(B9:B104) -> 0 | C110: =COUNT(C9:C104) -> 0 | D110: =COUNT(D9:D104) -> 0 | E110: =COUNT(E9:E104) -> 0 | F110: =COUNT(F9:F104) -> 0 | G110: =COUNT(G9:G104) -> 0 | H110: =COUNT(H9:H104) -> 0 | I110: =COUNT(I9:I104) -> 0 | ... Q110: =COUNT(Q9:Q104) -> 0
A111: DCR | B111: =IF(B110>=87,">90%",IF(B110<=87,"<90%")) -> <90% | C111: =IF(C110>=87,">90%",IF(C110<=87,"<90%")) -> <90% | D111: =IF(D110>=87,">90%",IF(D110<=87,"<90%")) -> <90% | E111: =IF(E110>=87,">90%",IF(E110<=87,"<90%")) -> <90% | F111: =IF(F110>=87,">90%",IF(F110<=87,"<90%")) -> <90% | G111: =IF(G110>=87,">90%",IF(G110<=87,"<90%")) -> <90% | H111: =IF(H110>=87,">90%",IF(H110<=87,"<90%")) -> <90% | I111: =IF(I110>=87,">90%",IF(I110<=87,"<90%")) -> <90% | ... Q111: =IF(Q110>=87,">90%",IF(Q110<=87,"<90%")) -> <90%
A112: Status | B112: =IF(B110>=87,"OK",IF(B110<=87,"LESS")) -> LESS | C112: =IF(C110>=87,"OK",IF(C110<=87,"LESS")) -> LESS | D112: =IF(D110>=87,"OK",IF(D110<=87,"LESS")) -> LESS | E112: =IF(E110>=87,"OK",IF(E110<=87,"LESS")) -> LESS | F112: =IF(F110>=87,"OK",IF(F110<=87,"LESS")) -> LESS | G112: =IF(G110>=87,"OK",IF(G110<=87,"LESS")) -> LESS | H112: =IF(H110>=87,"OK",IF(H110<=87,"LESS")) -> LESS | I112: =IF(I110>=87,"OK",IF(I110<=87,"LESS")) -> LESS | ... Q112: =IF(Q110>=87,"OK",IF(Q110<=87,"LESS")) -> LESS
A115: Done by | B115: AKASH
A117: Comment

Sheet 28
A1: Station: | B1: IGKV RAIPUR
A2: Date: | B2: =$A$9 -> 0 | C2: Power Off | G2: Pw.Off | J2: Link Fail | L2: Link F | N2: Maintenance | P2: Maint.
A3: Report Type: | B3: Mean | C3: Calibration | G3: Calib. | J3: Data Fail | L3: Data F | N3: Invalid | P3: Invalid
A4: Time Base: | B4: 15 Min | C4: Zero Referrence | G4: Z.Ref | J4: Warm Up | L4: Wm. Up
A7: Date & Time | B7: NO | C7: NO2 | D7: NOX | E7: SO2 | F7: O3 | G7: PM 10 | H7: PM 2.5 | I7: BENZ | J7: WS | K7: WD | L7: TEMP | M7: HUM | N7: SR | O7: RG | P7: CO | Q7: NH3
B8: ug/m3 | C8: ug/m3 | D8: ppb | E8: ug/m3 | F8: ug/m3 | G8: ug/m3 | H8: ug/m3 | I8: ug/m3 | J8: m/sec | K8: deg | L8: degreC | M8: % | N8: w/m2 | O8: mm | P8: mg/m3 | Q8: ug/m3
A106: Min | B106: =MIN(B9:B104) -> 0 | C106: =MIN(C9:C104) -> 0 | D106: =MIN(D9:D104) -> 0 | E106: =MIN(E9:E104) -> 0 | F106: =MIN(F9:F104) -> 0 | G106: =MIN(G9:G104) -> 0 | H106: =MIN(H9:H104) -> 0 | I106: =MIN(I9:I104) -> 0 | ... Q106: =MIN(Q9:Q104) -> 0
A107: Max | B107: =MAX(B9:B104) -> 0 | C107: =MAX(C9:C104) -> 0 | D107: =MAX(D9:D104) -> 0 | E107: =MAX(E9:E104) -> 0 | F107: =MAX(F9:F104) -> 0 | G107: =MAX(G9:G104) -> 0 | H107: =MAX(H9:H104) -> 0 | I107: =MAX(I9:I104) -> 0 | ... Q107: =MAX(Q9:Q104) -> 0
A108: Avg | B108: =AVERAGE(B9:B104) -> #DIV/0! | C108: =AVERAGE(C9:C104) -> #DIV/0! | D108: =AVERAGE(D9:D104) -> #DIV/0! | E108: =AVERAGE(E9:E104) -> #DIV/0! | F108: =AVERAGE(F9:F104) -> #DIV/0! | G108: =AVERAGE(G9:G104) -> #DIV/0! | H108: =AVERAGE(H9:H104) -> #DIV/0! | I108: =AVERAGE(I9:I104) -> #DIV/0! | ... Q108: =AVERAGE(Q9:Q104) -> #DIV/0!
A109: Stdev | B109: =STDEV(B9:B104) -> #DIV/0! | C109: =STDEV(C9:C104) -> #DIV/0! | D109: =STDEV(D9:D104) -> #DIV/0! | E109: =STDEV(E9:E104) -> #DIV/0! | F109: =STDEV(F9:F104) -> #DIV/0! | G109: =STDEV(G9:G104) -> #DIV/0! | H109: =STDEV(H9:H104) -> #DIV/0! | I109: =STDEV(I9:I104) -> #DIV/0! | ... Q109: =STDEV(Q9:Q104) -> #DIV/0!
A110: Num | B110: =COUNT(B9:B104) -> 0 | C110: =COUNT(C9:C104) -> 0 | D110: =COUNT(D9:D104) -> 0 | E110: =COUNT(E9:E104) -> 0 | F110: =COUNT(F9:F104) -> 0 | G110: =COUNT(G9:G104) -> 0 | H110: =COUNT(H9:H104) -> 0 | I110: =COUNT(I9:I104) -> 0 | ... Q110: =COUNT(Q9:Q104) -> 0
A111: DCR | B111: =IF(B110>=87,">90%",IF(B110<=87,"<90%")) -> <90% | C111: =IF(C110>=87,">90%",IF(C110<=87,"<90%")) -> <90% | D111: =IF(D110>=87,">90%",IF(D110<=87,"<90%")) -> <90% | E111: =IF(E110>=87,">90%",IF(E110<=87,"<90%")) -> <90% | F111: =IF(F110>=87,">90%",IF(F110<=87,"<90%")) -> <90% | G111: =IF(G110>=87,">90%",IF(G110<=87,"<90%")) -> <90% | H111: =IF(H110>=87,">90%",IF(H110<=87,"<90%")) -> <90% | I111: =IF(I110>=87,">90%",IF(I110<=87,"<90%")) -> <90% | ... Q111: =IF(Q110>=87,">90%",IF(Q110<=87,"<90%")) -> <90%
A112: Status | B112: =IF(B110>=87,"OK",IF(B110<=87,"LESS")) -> LESS | C112: =IF(C110>=87,"OK",IF(C110<=87,"LESS")) -> LESS | D112: =IF(D110>=87,"OK",IF(D110<=87,"LESS")) -> LESS | E112: =IF(E110>=87,"OK",IF(E110<=87,"LESS")) -> LESS | F112: =IF(F110>=87,"OK",IF(F110<=87,"LESS")) -> LESS | G112: =IF(G110>=87,"OK",IF(G110<=87,"LESS")) -> LESS | H112: =IF(H110>=87,"OK",IF(H110<=87,"LESS")) -> LESS | I112: =IF(I110>=87,"OK",IF(I110<=87,"LESS")) -> LESS | ... Q112: =IF(Q110>=87,"OK",IF(Q110<=87,"LESS")) -> LESS
A115: Done by | B115: AKASH
A117: Comment

Sheet 29
A1: Station: | B1: IGKV RAIPUR
A2: Date: | B2: =$A$9 -> 0 | C2: Power Off | G2: Pw.Off | J2: Link Fail | L2: Link F | N2: Maintenance | P2: Maint.
A3: Report Type: | B3: Mean | C3: Calibration | G3: Calib. | J3: Data Fail | L3: Data F | N3: Invalid | P3: Invalid
A4: Time Base: | B4: 15 Min | C4: Zero Referrence | G4: Z.Ref | J4: Warm Up | L4: Wm. Up
A7: Date & Time | B7: NO | C7: NO2 | D7: NOX | E7: SO2 | F7: O3 | G7: PM 10 | H7: PM 2.5 | I7: BENZ | J7: WS | K7: WD | L7: TEMP | M7: HUM | N7: SR | O7: RG | P7: CO | Q7: NH3
B8: ug/m3 | C8: ug/m3 | D8: ppb | E8: ug/m3 | F8: ug/m3 | G8: ug/m3 | H8: ug/m3 | I8: ug/m3 | J8: m/sec | K8: deg | L8: degreC | M8: % | N8: w/m2 | O8: mm | P8: mg/m3 | Q8: ug/m3
A106: Min | B106: =MIN(B9:B104) -> 0 | C106: =MIN(C9:C104) -> 0 | D106: =MIN(D9:D104) -> 0 | E106: =MIN(E9:E104) -> 0 | F106: =MIN(F9:F104) -> 0 | G106: =MIN(G9:G104) -> 0 | H106: =MIN(H9:H104) -> 0 | I106: =MIN(I9:I104) -> 0 | ... Q106: =MIN(Q9:Q104) -> 0
A107: Max | B107: =MAX(B9:B104) -> 0 | C107: =MAX(C9:C104) -> 0 | D107: =MAX(D9:D104) -> 0 | E107: =MAX(E9:E104) -> 0 | F107: =MAX(F9:F104) -> 0 | G107: =MAX(G9:G104) -> 0 | H107: =MAX(H9:H104) -> 0 | I107: =MAX(I9:I104) -> 0 | ... Q107: =MAX(Q9:Q104) -> 0
A108: Avg | B108: =AVERAGE(B9:B104) -> #DIV/0! | C108: =AVERAGE(C9:C104) -> #DIV/0! | D108: =AVERAGE(D9:D104) -> #DIV/0! | E108: =AVERAGE(E9:E104) -> #DIV/0! | F108: =AVERAGE(F9:F104) -> #DIV/0! | G108: =AVERAGE(G9:G104) -> #DIV/0! | H108: =AVERAGE(H9:H104) -> #DIV/0! | I108: =AVERAGE(I9:I104) -> #DIV/0! | ... Q108: =AVERAGE(Q9:Q104) -> #DIV/0!
A109: Stdev | B109: =STDEV(B9:B104) -> #DIV/0! | C109: =STDEV(C9:C104) -> #DIV/0! | D109: =STDEV(D9:D104) -> #DIV/0! | E109: =STDEV(E9:E104) -> #DIV/0! | F109: =STDEV(F9:F104) -> #DIV/0! | G109: =STDEV(G9:G104) -> #DIV/0! | H109: =STDEV(H9:H104) -> #DIV/0! | I109: =STDEV(I9:I104) -> #DIV/0! | ... Q109: =STDEV(Q9:Q104) -> #DIV/0!
A110: Num | B110: =COUNT(B9:B104) -> 0 | C110: =COUNT(C9:C104) -> 0 | D110: =COUNT(D9:D104) -> 0 | E110: =COUNT(E9:E104) -> 0 | F110: =COUNT(F9:F104) -> 0 | G110: =COUNT(G9:G104) -> 0 | H110: =COUNT(H9:H104) -> 0 | I110: =COUNT(I9:I104) -> 0 | ... Q110: =COUNT(Q9:Q104) -> 0
A111: DCR | B111: =IF(B110>=87,">90%",IF(B110<=87,"<90%")) -> <90% | C111: =IF(C110>=87,">90%",IF(C110<=87,"<90%")) -> <90% | D111: =IF(D110>=87,">90%",IF(D110<=87,"<90%")) -> <90% | E111: =IF(E110>=87,">90%",IF(E110<=87,"<90%")) -> <90% | F111: =IF(F110>=87,">90%",IF(F110<=87,"<90%")) -> <90% | G111: =IF(G110>=87,">90%",IF(G110<=87,"<90%")) -> <90% | H111: =IF(H110>=87,">90%",IF(H110<=87,"<90%")) -> <90% | I111: =IF(I110>=87,">90%",IF(I110<=87,"<90%")) -> <90% | ... Q111: =IF(Q110>=87,">90%",IF(Q110<=87,"<90%")) -> <90%
A112: Status | B112: =IF(B110>=87,"OK",IF(B110<=87,"LESS")) -> LESS | C112: =IF(C110>=87,"OK",IF(C110<=87,"LESS")) -> LESS | D112: =IF(D110>=87,"OK",IF(D110<=87,"LESS")) -> LESS | E112: =IF(E110>=87,"OK",IF(E110<=87,"LESS")) -> LESS | F112: =IF(F110>=87,"OK",IF(F110<=87,"LESS")) -> LESS | G112: =IF(G110>=87,"OK",IF(G110<=87,"LESS")) -> LESS | H112: =IF(H110>=87,"OK",IF(H110<=87,"LESS")) -> LESS | I112: =IF(I110>=87,"OK",IF(I110<=87,"LESS")) -> LESS | ... Q112: =IF(Q110>=87,"OK",IF(Q110<=87,"LESS")) -> LESS
A115: Done by | B115: AKASH
A117: Comment

Sheet 30
A1: Station: | B1: IGKV RAIPUR
A2: Date: | B2: =$A$9 -> 0 | C2: Power Off | G2: Pw.Off | J2: Link Fail | L2: Link F | N2: Maintenance | P2: Maint.
A3: Report Type: | B3: Mean | C3: Calibration | G3: Calib. | J3: Data Fail | L3: Data F | N3: Invalid | P3: Invalid
A4: Time Base: | B4: 15 Min | C4: Zero Referrence | G4: Z.Ref | J4: Warm Up | L4: Wm. Up
A7: Date & Time | B7: NO | C7: NO2 | D7: NOX | E7: SO2 | F7: O3 | G7: PM 10 | H7: PM 2.5 | I7: BENZ | J7: WS | K7: WD | L7: TEMP | M7: HUM | N7: SR | O7: RG | P7: CO | Q7: NH3
B8: ug/m3 | C8: ug/m3 | D8: ppb | E8: ug/m3 | F8: ug/m3 | G8: ug/m3 | H8: ug/m3 | I8: ug/m3 | J8: m/sec | K8: deg | L8: degreC | M8: % | N8: w/m2 | O8: mm | P8: mg/m3 | Q8: ug/m3
A106: Min | B106: =MIN(B9:B104) -> 0 | C106: =MIN(C9:C104) -> 0 | D106: =MIN(D9:D104) -> 0 | E106: =MIN(E9:E104) -> 0 | F106: =MIN(F9:F104) -> 0 | G106: =MIN(G9:G104) -> 0 | H106: =MIN(H9:H104) -> 0 | I106: =MIN(I9:I104) -> 0 | ... Q106: =MIN(Q9:Q104) -> 0
A107: Max | B107: =MAX(B9:B104) -> 0 | C107: =MAX(C9:C104) -> 0 | D107: =MAX(D9:D104) -> 0 | E107: =MAX(E9:E104) -> 0 | F107: =MAX(F9:F104) -> 0 | G107: =MAX(G9:G104) -> 0 | H107: =MAX(H9:H104) -> 0 | I107: =MAX(I9:I104) -> 0 | ... Q107: =MAX(Q9:Q104) -> 0
A108: Avg | B108: =AVERAGE(B9:B104) -> #DIV/0! | C108: =AVERAGE(C9:C104) -> #DIV/0! | D108: =AVERAGE(D9:D104) -> #DIV/0! | E108: =AVERAGE(E9:E104) -> #DIV/0! | F108: =AVERAGE(F9:F104) -> #DIV/0! | G108: =AVERAGE(G9:G104) -> #DIV/0! | H108: =AVERAGE(H9:H104) -> #DIV/0! | I108: =AVERAGE(I9:I104) -> #DIV/0! | ... Q108: =AVERAGE(Q9:Q104) -> #DIV/0!
A109: Stdev | B109: =STDEV(B9:B104) -> #DIV/0! | C109: =STDEV(C9:C104) -> #DIV/0! | D109: =STDEV(D9:D104) -> #DIV/0! | E109: =STDEV(E9:E104) -> #DIV/0! | F109: =STDEV(F9:F104) -> #DIV/0! | G109: =STDEV(G9:G104) -> #DIV/0! | H109: =STDEV(H9:H104) -> #DIV/0! | I109: =STDEV(I9:I104) -> #DIV/0! | ... Q109: =STDEV(Q9:Q104) -> #DIV/0!
A110: Num | B110: =COUNT(B9:B104) -> 0 | C110: =COUNT(C9:C104) -> 0 | D110: =COUNT(D9:D104) -> 0 | E110: =COUNT(E9:E104) -> 0 | F110: =COUNT(F9:F104) -> 0 | G110: =COUNT(G9:G104) -> 0 | H110: =COUNT(H9:H104) -> 0 | I110: =COUNT(I9:I104) -> 0 | ... Q110: =COUNT(Q9:Q104) -> 0
A111: DCR | B111: =IF(B110>=87,">90%",IF(B110<=87,"<90%")) -> <90% | C111: =IF(C110>=87,">90%",IF(C110<=87,"<90%")) -> <90% | D111: =IF(D110>=87,">90%",IF(D110<=87,"<90%")) -> <90% | E111: =IF(E110>=87,">90%",IF(E110<=87,"<90%")) -> <90% | F111: =IF(F110>=87,">90%",IF(F110<=87,"<90%")) -> <90% | G111: =IF(G110>=87,">90%",IF(G110<=87,"<90%")) -> <90% | H111: =IF(H110>=87,">90%",IF(H110<=87,"<90%")) -> <90% | I111: =IF(I110>=87,">90%",IF(I110<=87,"<90%")) -> <90% | ... Q111: =IF(Q110>=87,">90%",IF(Q110<=87,"<90%")) -> <90%
A112: Status | B112: =IF(B110>=87,"OK",IF(B110<=87,"LESS")) -> LESS | C112: =IF(C110>=87,"OK",IF(C110<=87,"LESS")) -> LESS | D112: =IF(D110>=87,"OK",IF(D110<=87,"LESS")) -> LESS | E112: =IF(E110>=87,"OK",IF(E110<=87,"LESS")) -> LESS | F112: =IF(F110>=87,"OK",IF(F110<=87,"LESS")) -> LESS | G112: =IF(G110>=87,"OK",IF(G110<=87,"LESS")) -> LESS | H112: =IF(H110>=87,"OK",IF(H110<=87,"LESS")) -> LESS | I112: =IF(I110>=87,"OK",IF(I110<=87,"LESS")) -> LESS | ... Q112: =IF(Q110>=87,"OK",IF(Q110<=87,"LESS")) -> LESS
A115: Done by | B115: AKASH
A117: Comment

Sheet 31
A1: Station: | B1: IGKV RAIPUR
A2: Date: | B2: =$A$9 -> 0 | C2: Power Off | G2: Pw.Off | J2: Link Fail | L2: Link F | N2: Maintenance | P2: Maint.
A3: Report Type: | B3: Mean | C3: Calibration | G3: Calib. | J3: Data Fail | L3: Data F | N3: Invalid | P3: Invalid
A4: Time Base: | B4: 15 Min | C4: Zero Referrence | G4: Z.Ref | J4: Warm Up | L4: Wm. Up
A7: Date & Time | B7: NO | C7: NO2 | D7: NOX | E7: SO2 | F7: O3 | G7: PM 10 | H7: PM 2.5 | I7: BENZ | J7: WS | K7: WD | L7: TEMP | M7: HUM | N7: SR | O7: RG | P7: CO | Q7: NH3
B8: ug/m3 | C8: ug/m3 | D8: ppb | E8: ug/m3 | F8: ug/m3 | G8: ug/m3 | H8: ug/m3 | I8: ug/m3 | J8: m/sec | K8: deg | L8: degreC | M8: % | N8: w/m2 | O8: mm | P8: mg/m3 | Q8: ug/m3
A106: Min | B106: =MIN(B9:B104) -> 0 | C106: =MIN(C9:C104) -> 0 | D106: =MIN(D9:D104) -> 0 | E106: =MIN(E9:E104) -> 0 | F106: =MIN(F9:F104) -> 0 | G106: =MIN(G9:G104) -> 0 | H106: =MIN(H9:H104) -> 0 | I106: =MIN(I9:I104) -> 0 | ... Q106: =MIN(Q9:Q104) -> 0
A107: Max | B107: =MAX(B9:B104) -> 0 | C107: =MAX(C9:C104) -> 0 | D107: =MAX(D9:D104) -> 0 | E107: =MAX(E9:E104) -> 0 | F107: =MAX(F9:F104) -> 0 | G107: =MAX(G9:G104) -> 0 | H107: =MAX(H9:H104) -> 0 | I107: =MAX(I9:I104) -> 0 | ... Q107: =MAX(Q9:Q104) -> 0
A108: Avg | B108: =AVERAGE(B9:B104) -> #DIV/0! | C108: =AVERAGE(C9:C104) -> #DIV/0! | D108: =AVERAGE(D9:D104) -> #DIV/0! | E108: =AVERAGE(E9:E104) -> #DIV/0! | F108: =AVERAGE(F9:F104) -> #DIV/0! | G108: =AVERAGE(G9:G104) -> #DIV/0! | H108: =AVERAGE(H9:H104) -> #DIV/0! | I108: =AVERAGE(I9:I104) -> #DIV/0! | ... Q108: =AVERAGE(Q9:Q104) -> #DIV/0!
A109: Stdev | B109: =STDEV(B9:B104) -> #DIV/0! | C109: =STDEV(C9:C104) -> #DIV/0! | D109: =STDEV(D9:D104) -> #DIV/0! | E109: =STDEV(E9:E104) -> #DIV/0! | F109: =STDEV(F9:F104) -> #DIV/0! | G109: =STDEV(G9:G104) -> #DIV/0! | H109: =STDEV(H9:H104) -> #DIV/0! | I109: =STDEV(I9:I104) -> #DIV/0! | ... Q109: =STDEV(Q9:Q104) -> #DIV/0!
A110: Num | B110: =COUNT(B9:B104) -> 0 | C110: =COUNT(C9:C104) -> 0 | D110: =COUNT(D9:D104) -> 0 | E110: =COUNT(E9:E104) -> 0 | F110: =COUNT(F9:F104) -> 0 | G110: =COUNT(G9:G104) -> 0 | H110: =COUNT(H9:H104) -> 0 | I110: =COUNT(I9:I104) -> 0 | ... Q110: =COUNT(Q9:Q104) -> 0
A111: DCR | B111: =IF(B110>=87,">90%",IF(B110<=87,"<90%")) -> <90% | C111: =IF(C110>=87,">90%",IF(C110<=87,"<90%")) -> <90% | D111: =IF(D110>=87,">90%",IF(D110<=87,"<90%")) -> <90% | E111: =IF(E110>=87,">90%",IF(E110<=87,"<90%")) -> <90% | F111: =IF(F110>=87,">90%",IF(F110<=87,"<90%")) -> <90% | G111: =IF(G110>=87,">90%",IF(G110<=87,"<90%")) -> <90% | H111: =IF(H110>=87,">90%",IF(H110<=87,"<90%")) -> <90% | I111: =IF(I110>=87,">90%",IF(I110<=87,"<90%")) -> <90% | ... Q111: =IF(Q110>=87,">90%",IF(Q110<=87,"<90%")) -> <90%
A112: Status | B112: =IF(B110>=87,"OK",IF(B110<=87,"LESS")) -> LESS | C112: =IF(C110>=87,"OK",IF(C110<=87,"LESS")) -> LESS | D112: =IF(D110>=87,"OK",IF(D110<=87,"LESS")) -> LESS | E112: =IF(E110>=87,"OK",IF(E110<=87,"LESS")) -> LESS | F112: =IF(F110>=87,"OK",IF(F110<=87,"LESS")) -> LESS | G112: =IF(G110>=87,"OK",IF(G110<=87,"LESS")) -> LESS | H112: =IF(H110>=87,"OK",IF(H110<=87,"LESS")) -> LESS | I112: =IF(I110>=87,"OK",IF(I110<=87,"LESS")) -> LESS | ... Q112: =IF(Q110>=87,"OK",IF(Q110<=87,"LESS")) -> LESS
A115: Done by | B115: SUROJIT
A117: Comment

Sheet MONTHLY 31
A1: Station: | B1: IGKV, Raipur
A2: Date: | B2: =$A$9 -> 0 | D2: Power Off | G2: Pw.Off | L2: Link Fail | N2: Link F | P2: Maintenance | R2: Maint.
A3: Report Type: | B3: Mean | D3: Calibration | G3: Calib. | L3: Data Fail | N3: Data F | P3: Invalid | R3: Invalid
A4: Time Base: | B4: 24 HRS | D4: Zero Referrence | G4: Z.Ref | L4: Warm Up | N4: Wm. Up
A7: Date & Time | B7: NO | C7: NO2 | D7: NOX | E7: SO2 | F7: O3 | G7: PM 10 | H7: PM 2.5 | I7: BENZ | J7: WS | K7: WD | L7: TEMP | M7: HUM | N7: SR | O7: RG | P7: CO | Q7: NH3
B8: ug/m3 | C8: ug/m3 | D8: ppb | E8: ug/m3 | F8: ug/m3 | G8: ug/m3 | H8: ug/m3 | I8: ug/m3 | J8: m/sec | K8: deg | L8: degreC | M8: % | N8: w/m2 | O8: mm | P8: mg/m3 | Q8: ug/m3
A9: ='01'!$B$2 -> 0 | B9: ='01'!B108 -> #DIV/0! | C9: ='01'!C108 -> #DIV/0! | D9: ='01'!D108 -> #DIV/0! | E9: ='01'!E108 -> #DIV/0! | F9: ='01'!F108 -> #DIV/0! | G9: ='01'!G108 -> #DIV/0! | H9: ='01'!H108 -> #DIV/0! | I9: ='01'!I108 -> #DIV/0! | ... Q9: ='01'!Q108 -> #DIV/0!
A10: ='02'!$B$2 -> 0 | B10: ='02'!B108 -> #DIV/0! | C10: ='02'!C108 -> #DIV/0! | D10: ='02'!D108 -> #DIV/0! | E10: ='02'!E108 -> #DIV/0! | F10: ='02'!F108 -> #DIV/0! | G10: ='02'!G108 -> #DIV/0! | H10: ='02'!H108 -> #DIV/0! | I10: ='02'!I108 -> #DIV/0! | ... Q10: ='02'!Q108 -> #DIV/0!
A11: ='03'!$B$2 -> 0 | B11: ='03'!B108 -> #DIV/0! | C11: ='03'!C108 -> #DIV/0! | D11: ='03'!D108 -> #DIV/0! | E11: ='03'!E108 -> #DIV/0! | F11: ='03'!F108 -> #DIV/0! | G11: ='03'!G108 -> #DIV/0! | H11: ='03'!H108 -> #DIV/0! | I11: ='03'!I108 -> #DIV/0! | ... Q11: ='03'!Q108 -> #DIV/0!
A12: ='04'!$B$2 -> 0 | B12: ='04'!B108 -> #DIV/0! | C12: ='04'!C108 -> #DIV/0! | D12: ='04'!D108 -> #DIV/0! | E12: ='04'!E108 -> #DIV/0! | F12: ='04'!F108 -> #DIV/0! | G12: ='04'!G108 -> #DIV/0! | H12: ='04'!H108 -> #DIV/0! | I12: ='04'!I108 -> #DIV/0! | ... Q12: ='04'!Q108 -> #DIV/0!
A13: ='05'!$B$2 -> 0 | B13: ='05'!B108 -> #DIV/0! | C13: ='05'!C108 -> #DIV/0! | D13: ='05'!D108 -> #DIV/0! | E13: ='05'!E108 -> #DIV/0! | F13: ='05'!F108 -> #DIV/0! | G13: ='05'!G108 -> #DIV/0! | H13: ='05'!H108 -> #DIV/0! | I13: ='05'!I108 -> #DIV/0! | ... Q13: ='05'!Q108 -> #DIV/0!
A14: ='06'!$B$2 -> 0 | B14: ='06'!B108 -> #DIV/0! | C14: ='06'!C108 -> #DIV/0! | D14: ='06'!D108 -> #DIV/0! | E14: ='06'!E108 -> #DIV/0! | F14: ='06'!F108 -> #DIV/0! | G14: ='06'!G108 -> #DIV/0! | H14: ='06'!H108 -> #DIV/0! | I14: ='06'!I108 -> #DIV/0! | ... Q14: ='06'!Q108 -> #DIV/0!
A15: ='07'!$B$2 -> 0 | B15: ='07'!B108 -> #DIV/0! | C15: ='07'!C108 -> #DIV/0! | D15: ='07'!D108 -> #DIV/0! | E15: ='07'!E108 -> #DIV/0! | F15: ='07'!F108 -> #DIV/0! | G15: ='07'!G108 -> #DIV/0! | H15: ='07'!H108 -> #DIV/0! | I15: ='07'!I108 -> #DIV/0! | ... Q15: ='07'!Q108 -> #DIV/0!
A16: ='08'!$B$2 -> 0 | B16: ='08'!B108 -> #DIV/0! | C16: ='08'!C108 -> #DIV/0! | D16: ='08'!D108 -> #DIV/0! | E16: ='08'!E108 -> #DIV/0! | F16: ='08'!F108 -> #DIV/0! | G16: ='08'!G108 -> #DIV/0! | H16: ='08'!H108 -> #DIV/0! | I16: ='08'!I108 -> #DIV/0! | ... Q16: ='08'!Q108 -> #DIV/0!
A17: ='09'!$B$2 -> 0 | B17: ='09'!B108 -> #DIV/0! | C17: ='09'!C108 -> #DIV/0! | D17: ='09'!D108 -> #DIV/0! | E17: ='09'!E108 -> #DIV/0! | F17: ='09'!F108 -> #DIV/0! | G17: ='09'!G108 -> #DIV/0! | H17: ='09'!H108 -> #DIV/0! | I17: ='09'!I108 -> #DIV/0! | ... Q17: ='09'!Q108 -> #DIV/0!
A18: ='10'!$B$2 -> 0 | B18: ='10'!B108 -> #DIV/0! | C18: ='10'!C108 -> #DIV/0! | D18: ='10'!D108 -> #DIV/0! | E18: ='10'!E108 -> #DIV/0! | F18: ='10'!F108 -> #DIV/0! | G18: ='10'!G108 -> #DIV/0! | H18: ='10'!H108 -> #DIV/0! | I18: ='10'!I108 -> #DIV/0! | ... Q18: ='10'!Q108 -> #DIV/0!
A19: ='11'!$B$2 -> 0 | B19: ='11'!B108 -> #DIV/0! | C19: ='11'!C108 -> #DIV/0! | D19: ='11'!D108 -> #DIV/0! | E19: ='11'!E108 -> #DIV/0! | F19: ='11'!F108 -> #DIV/0! | G19: ='11'!G108 -> #DIV/0! | H19: ='11'!H108 -> #DIV/0! | I19: ='11'!I108 -> #DIV/0! | ... Q19: ='11'!Q108 -> #DIV/0!
A20: ='12'!$B$2 -> 0 | B20: ='12'!B108 -> #DIV/0! | C20: ='12'!C108 -> #DIV/0! | D20: ='12'!D108 -> #DIV/0! | E20: ='12'!E108 -> #DIV/0! | F20: ='12'!F108 -> #DIV/0! | G20: ='12'!G108 -> #DIV/0! | H20: ='12'!H108 -> #DIV/0! | I20: ='12'!I108 -> #DIV/0! | ... Q20: ='12'!Q108 -> #DIV/0!
A21: ='13'!$B$2 -> 0 | B21: ='13'!B108 -> #DIV/0! | C21: ='13'!C108 -> #DIV/0! | D21: ='13'!D108 -> #DIV/0! | E21: ='13'!E108 -> #DIV/0! | F21: ='13'!F108 -> #DIV/0! | G21: ='13'!G108 -> #DIV/0! | H21: ='13'!H108 -> #DIV/0! | I21: ='13'!I108 -> #DIV/0! | ... Q21: ='13'!Q108 -> #DIV/0!
A22: ='14'!$B$2 -> 0 | B22: ='14'!B108 -> #DIV/0! | C22: ='14'!C108 -> #DIV/0! | D22: ='14'!D108 -> #DIV/0! | E22: ='14'!E108 -> #DIV/0! | F22: ='14'!F108 -> #DIV/0! | G22: ='14'!G108 -> #DIV/0! | H22: ='14'!H108 -> #DIV/0! | I22: ='14'!I108 -> #DIV/0! | ... Q22: ='14'!Q108 -> #DIV/0!
A23: ='15'!$B$2 -> 0 | B23: ='15'!B108 -> #DIV/0! | C23: ='15'!C108 -> #DIV/0! | D23: ='15'!D108 -> #DIV/0! | E23: ='15'!E108 -> #DIV/0! | F23: ='15'!F108 -> #DIV/0! | G23: ='15'!G108 -> #DIV/0! | H23: ='15'!H108 -> #DIV/0! | I23: ='15'!I108 -> #DIV/0! | ... Q23: ='15'!Q108 -> #DIV/0!
A24: ='16'!$B$2 -> 0 | B24: ='16'!B108 -> #DIV/0! | C24: ='16'!C108 -> #DIV/0! | D24: ='16'!D108 -> #DIV/0! | E24: ='16'!E108 -> #DIV/0! | F24: ='16'!F108 -> #DIV/0! | G24: ='16'!G108 -> #DIV/0! | H24: ='16'!H108 -> #DIV/0! | I24: ='16'!I108 -> #DIV/0! | ... Q24: ='16'!Q108 -> #DIV/0!
A25: ='17'!$B$2 -> 0 | B25: ='17'!B108 -> #DIV/0! | C25: ='17'!C108 -> #DIV/0! | D25: ='17'!D108 -> #DIV/0! | E25: ='17'!E108 -> #DIV/0! | F25: ='17'!F108 -> #DIV/0! | G25: ='17'!G108 -> #DIV/0! | H25: ='17'!H108 -> #DIV/0! | I25: ='17'!I108 -> #DIV/0! | ... Q25: ='17'!Q108 -> #DIV/0!
A26: ='18'!$B$2 -> 0 | B26: ='18'!B108 -> #DIV/0! | C26: ='18'!C108 -> #DIV/0! | D26: ='18'!D108 -> #DIV/0! | E26: ='18'!E108 -> #DIV/0! | F26: ='18'!F108 -> #DIV/0! | G26: ='18'!G108 -> #DIV/0! | H26: ='18'!H108 -> #DIV/0! | I26: ='18'!I108 -> #DIV/0! | ... Q26: ='18'!Q108 -> #DIV/0!
A27: ='19'!$B$2 -> 0 | B27: ='19'!B108 -> #DIV/0! | C27: ='19'!C108 -> #DIV/0! | D27: ='19'!D108 -> #DIV/0! | E27: ='19'!E108 -> #DIV/0! | F27: ='19'!F108 -> #DIV/0! | G27: ='19'!G108 -> #DIV/0! | H27: ='19'!H108 -> #DIV/0! | I27: ='19'!I108 -> #DIV/0! | ... Q27: ='19'!Q108 -> #DIV/0!
A28: ='20'!$B$2 -> 0 | B28: ='20'!B108 -> #DIV/0! | C28: ='20'!C108 -> #DIV/0! | D28: ='20'!D108 -> #DIV/0! | E28: ='20'!E108 -> #DIV/0! | F28: ='20'!F108 -> #DIV/0! | G28: ='20'!G108 -> #DIV/0! | H28: ='20'!H108 -> #DIV/0! | I28: ='20'!I108 -> #DIV/0! | ... Q28: ='20'!Q108 -> #DIV/0!
A29: ='21'!$B$2 -> 0 | B29: ='21'!B108 -> #DIV/0! | C29: ='21'!C108 -> #DIV/0! | D29: ='21'!D108 -> #DIV/0! | E29: ='21'!E108 -> #DIV/0! | F29: ='21'!F108 -> #DIV/0! | G29: ='21'!G108 -> #DIV/0! | H29: ='21'!H108 -> #DIV/0! | I29: ='21'!I108 -> #DIV/0! | ... Q29: ='21'!Q108 -> #DIV/0!
A30: ='22'!$B$2 -> 0 | B30: ='22'!B108 -> #DIV/0! | C30: ='22'!C108 -> #DIV/0! | D30: ='22'!D108 -> #DIV/0! | E30: ='22'!E108 -> #DIV/0! | F30: ='22'!F108 -> #DIV/0! | G30: ='22'!G108 -> #DIV/0! | H30: ='22'!H108 -> #DIV/0! | I30: ='22'!I108 -> #DIV/0! | ... Q30: ='22'!Q108 -> #DIV/0!
A31: ='23'!$B$2 -> 0 | B31: ='23'!B108 -> #DIV/0! | C31: ='23'!C108 -> #DIV/0! | D31: ='23'!D108 -> #DIV/0! | E31: ='23'!E108 -> #DIV/0! | F31: ='23'!F108 -> #DIV/0! | G31: ='23'!G108 -> #DIV/0! | H31: ='23'!H108 -> #DIV/0! | I31: ='23'!I108 -> #DIV/0! | ... Q31: ='23'!Q108 -> #DIV/0!
A32: ='24'!$B$2 -> 0 | B32: ='24'!B108 -> #DIV/0! | C32: ='24'!C108 -> #DIV/0! | D32: ='24'!D108 -> #DIV/0! | E32: ='24'!E108 -> #DIV/0! | F32: ='24'!F108 -> #DIV/0! | G32: ='24'!G108 -> #DIV/0! | H32: ='24'!H108 -> #DIV/0! | I32: ='24'!I108 -> #DIV/0! | ... Q32: ='24'!Q108 -> #DIV/0!
A33: ='25'!$B$2 -> 0 | B33: ='25'!B108 -> #DIV/0! | C33: ='25'!C108 -> #DIV/0! | D33: ='25'!D108 -> #DIV/0! | E33: ='25'!E108 -> #DIV/0! | F33: ='25'!F108 -> #DIV/0! | G33: ='25'!G108 -> #DIV/0! | H33: ='25'!H108 -> #DIV/0! | I33: ='25'!I108 -> #DIV/0! | ... Q33: ='25'!Q108 -> #DIV/0!
A34: ='26'!$B$2 -> 0 | B34: ='26'!B108 -> #DIV/0! | C34: ='26'!C108 -> #DIV/0! | D34: ='26'!D108 -> #DIV/0! | E34: ='26'!E108 -> #DIV/0! | F34: ='26'!F108 -> #DIV/0! | G34: ='26'!G108 -> #DIV/0! | H34: ='26'!H108 -> #DIV/0! | I34: ='26'!I108 -> #DIV/0! | ... Q34: ='26'!Q108 -> #DIV/0!
A35: ='27'!$B$2 -> 0 | B35: ='27'!B108 -> #DIV/0! | C35: ='27'!C108 -> #DIV/0! | D35: ='27'!D108 -> #DIV/0! | E35: ='27'!E108 -> #DIV/0! | F35: ='27'!F108 -> #DIV/0! | G35: ='27'!G108 -> #DIV/0! | H35: ='27'!H108 -> #DIV/0! | I35: ='27'!I108 -> #DIV/0! | ... Q35: ='27'!Q108 -> #DIV/0!
A36: ='28'!$B$2 -> 0 | B36: ='28'!B108 -> #DIV/0! | C36: ='28'!C108 -> #DIV/0! | D36: ='28'!D108 -> #DIV/0! | E36: ='28'!E108 -> #DIV/0! | F36: ='28'!F108 -> #DIV/0! | G36: ='28'!G108 -> #DIV/0! | H36: ='28'!H108 -> #DIV/0! | I36: ='28'!I108 -> #DIV/0! | ... Q36: ='28'!Q108 -> #DIV/0!
A37: ='29'!$B$2 -> 0 | B37: ='29'!B108 -> #DIV/0! | C37: ='29'!C108 -> #DIV/0! | D37: ='29'!D108 -> #DIV/0! | E37: ='29'!E108 -> #DIV/0! | F37: ='29'!F108 -> #DIV/0! | G37: ='29'!G108 -> #DIV/0! | H37: ='29'!H108 -> #DIV/0! | I37: ='29'!I108 -> #DIV/0! | ... Q37: ='29'!Q108 -> #DIV/0!
A38: ='30'!$B$2 -> 0 | B38: ='30'!B108 -> #DIV/0! | C38: ='30'!C108 -> #DIV/0! | D38: ='30'!D108 -> #DIV/0! | E38: ='30'!E108 -> #DIV/0! | F38: ='30'!F108 -> #DIV/0! | G38: ='30'!G108 -> #DIV/0! | H38: ='30'!H108 -> #DIV/0! | I38: ='30'!I108 -> #DIV/0! | ... Q38: ='30'!Q108 -> #DIV/0!
A39: ='31'!$B$2 -> 0 | B39: ='31'!B108 -> #DIV/0! | C39: ='31'!C108 -> #DIV/0! | D39: ='31'!D108 -> #DIV/0! | E39: ='31'!E108 -> #DIV/0! | F39: ='31'!F108 -> #DIV/0! | G39: ='31'!G108 -> #DIV/0! | H39: ='31'!H108 -> #DIV/0! | I39: ='31'!I108 -> #DIV/0! | ... Q39: ='31'!Q108 -> #DIV/0!
A41: Min | B41: =MIN(B9:B39) -> #DIV/0! | C41: =MIN(C9:C39) -> #DIV/0! | D41: =MIN(D9:D39) -> #DIV/0! | E41: =MIN(E9:E39) -> #DIV/0! | F41: =MIN(F9:F39) -> #DIV/0! | G41: =MIN(G9:G39) -> #DIV/0! | H41: =MIN(H9:H39) -> #DIV/0! | I41: =MIN(I9:I39) -> #DIV/0! | ... Q41: =MIN(Q9:Q39) -> #DIV/0!
A42: Max | B42: =MAX(B9:B39) -> #DIV/0! | C42: =MAX(C9:C39) -> #DIV/0! | D42: =MAX(D9:D39) -> #DIV/0! | E42: =MAX(E9:E39) -> #DIV/0! | F42: =MAX(F9:F39) -> #DIV/0! | G42: =MAX(G9:G39) -> #DIV/0! | H42: =MAX(H9:H39) -> #DIV/0! | I42: =MAX(I9:I39) -> #DIV/0! | ... Q42: =MAX(Q9:Q39) -> #DIV/0!
A43: Avg | B43: =AVERAGE(B9:B39) -> #DIV/0! | C43: =AVERAGE(C9:C39) -> #DIV/0! | D43: =AVERAGE(D9:D39) -> #DIV/0! | E43: =AVERAGE(E9:E39) -> #DIV/0! | F43: =AVERAGE(F9:F39) -> #DIV/0! | G43: =AVERAGE(G9:G39) -> #DIV/0! | H43: =AVERAGE(H9:H39) -> #DIV/0! | I43: =AVERAGE(I9:I39) -> #DIV/0! | ... Q43: =AVERAGE(Q9:Q39) -> #DIV/0!
A44: Stdev | B44: =STDEV(B9:B39) -> #DIV/0! | C44: =STDEV(C9:C39) -> #DIV/0! | D44: =STDEV(D9:D39) -> #DIV/0! | E44: =STDEV(E9:E39) -> #DIV/0! | F44: =STDEV(F9:F39) -> #DIV/0! | G44: =STDEV(G9:G39) -> #DIV/0! | H44: =STDEV(H9:H39) -> #DIV/0! | I44: =STDEV(I9:I39) -> #DIV/0! | ... Q44: =STDEV(Q9:Q39) -> #DIV/0!
A45: Num | B45: =COUNT(B9:B39) -> 0 | C45: =COUNT(C9:C39) -> 0 | D45: =COUNT(D9:D39) -> 0 | E45: =COUNT(E9:E39) -> 0 | F45: =COUNT(F9:F39) -> 0 | G45: =COUNT(G9:G39) -> 0 | H45: =COUNT(H9:H39) -> 0 | I45: =COUNT(I9:I39) -> 0 | ... Q45: =COUNT(Q9:Q39) -> 0
A46: DCR | B46: =IF(B45>=28,">90%",IF(B45<=28,"<90%")) -> <90% | C46: =IF(C45>=28,">90%",IF(C45<=28,"<90%")) -> <90% | D46: =IF(D45>=28,">90%",IF(D45<=28,"<90%")) -> <90% | E46: =IF(E45>=28,">90%",IF(E45<=28,"<90%")) -> <90% | F46: =IF(F45>=28,">90%",IF(F45<=28,"<90%")) -> <90% | G46: =IF(G45>=28,">90%",IF(G45<=28,"<90%")) -> <90% | H46: =IF(H45>=28,">90%",IF(H45<=28,"<90%")) -> <90% | I46: =IF(I45>=28,">90%",IF(I45<=28,"<90%")) -> <90% | ... Q46: =IF(Q45>=28,">90%",IF(Q45<=28,"<90%")) -> <90%
A47: Status | B47: =IF(B45>=28,"OK",IF(B45<=28,"LESS")) -> LESS | C47: =IF(C45>=28,"OK",IF(C45<=28,"LESS")) -> LESS | D47: =IF(D45>=28,"OK",IF(D45<=28,"LESS")) -> LESS | E47: =IF(E45>=28,"OK",IF(E45<=28,"LESS")) -> LESS | F47: =IF(F45>=28,"OK",IF(F45<=28,"LESS")) -> LESS | G47: =IF(G45>=28,"OK",IF(G45<=28,"LESS")) -> LESS | H47: =IF(H45>=28,"OK",IF(H45<=28,"LESS")) -> LESS | I47: =IF(I45>=28,"OK",IF(I45<=28,"LESS")) -> LESS | ... Q47: =IF(Q45>=28,"OK",IF(Q45<=28,"LESS")) -> LESS
A50: Done by | B50: AKASH
A52: Comment

Sheet CALIBRATION REPORT
C1: Report: | D1: Calibration Report Of IGKV, RAIPUR
C2: Date: | D2: 01/02/2026 00:15 - 28/02/2026 00:00
G5: SO2 | S5: PM 10
B7: Date | C7: Parameter | D7: Units | E7: ZRef. | F7: SRef. | G7: ZMes. | H7: SMes. | I7: Zero | J7: Factor | K7: SDiff% | L7: Status | M7: DONE BY | O7: Date | P7: Parameter | Q7: Blanks Count | R7: Calibration | S7: Referance Gauge | T7: Measure | U7: Old K | V7: New K | W7: Status | X7: DONE BY
C8: SO2 | D8: ug/m3 | E8: 0 | F8: 200 | G8: 0 | H8: 199.5 | I8: 0 | J8: =F8/H8 -> 1.0025063 | K8: =(H8-F8)*100/F8 -> -0.25 | L8: Valid | O8: 12.02.2026 12:10 | P8: PM 10 | Q8: 4249 | R8: 3256.35 | S8: 864 ug/cm2 | T8: 864.29 | U8: 0.9535 | V8: 0.9532 | W8: Valid | X8: SR
C9: SO2 | D9: ug/m3 | E9: 0 | F9: 200 | G9: 0 | I9: 0 | J9: =F9/H9 -> #DIV/0! | K9: =(H9-F9)*100/F9 -> -100 | L9: Valid | P9: PM 10 | S9: 864 ug/cm2 | W9: Valid | X9: AN
C10: SO2 | D10: ug/m3 | E10: 0 | F10: 200 | G10: 0 | I10: 0 | J10: =F10/H10 -> #DIV/0! | K10: =(H10-F10)*100/F10 -> -100 | L10: Valid | P10: PM 10 | S10: 864 ug/cm2 | W10: Valid | X10: AN
C11: SO2 | D11: ug/m3 | E11: 0 | F11: 200 | G11: 0 | I11: 0 | J11: =F11/H11 -> #DIV/0! | K11: =(H11-F11)*100/F11 -> -100 | L11: Valid | P11: PM 10 | S11: 864 ug/cm2 | W11: Valid | X11: an
C12: SO2 | D12: ug/m3 | E12: 0 | F12: 200 | G12: 0 | I12: 0 | J12: =F12/H12 -> #DIV/0! | K12: =(H12-F12)*100/F12 -> -100 | L12: Valid | P12: PM 10 | S12: 864 ug/cm2 | W12: Valid
C13: SO2 | D13: ug/m3 | E13: 0 | F13: 200 | G13: 0 | I13: 0 | J13: =F13/H13 -> #DIV/0! | K13: =(H13-F13)*100/F13 -> -100 | L13: Valid | P13: PM 10 | S13: 864 ug/cm2 | W13: Valid
C14: SO2 | D14: ug/m3 | E14: 0 | F14: 200 | G14: 0 | I14: 0 | J14: =F14/H14 -> #DIV/0! | K14: =(H14-F14)*100/F14 -> -100 | L14: Valid | P14: PM 10 | S14: 864 ug/cm2 | W14: Valid
P15: PM 10 | S15: 864 ug/cm2 | W15: Valid
P16: PM 10 | S16: 864 ug/cm2 | W16: Valid
P17: PM 10 | S17: 864 ug/cm2
C21: NO OF VALID CALIBRATION OF SO2 ARE | I21: =COUNT(B8:B20) -> 0 | P21: NO OF VALID CALIBRATION OF PM 10 ARE | T21: =COUNT(O8:O20) -> 0
G24: NOX | S24: PM 2.5
B26: Date | C26: Parameter | D26: Units | E26: ZRef. | F26: SRef. | G26: ZMes. | H26: SMes. | I26: Zero | J26: Factor | K26: SDiff% | L26: Status | M26: DONE BY | O26: Date | P26: Parameter | Q26: Blanks Count | R26: Calibration | S26: Referance Gauge | T26: Measure | U26: Old K | V26: New K | W26: Status | X26: DONE BY
C27: Nox | D27: ug/m3 | E27: 0 | F27: 200 | H27: 200.4 | I27: 0 | J27: =F27/H27 -> 0.99800399 | K27: =(H27-F27)*100/F27 -> 0.2 | L27: Valid | O27: 12.02.2026 12:10 | P27: PM 2.5 | Q27: 5729.77 | R27: 4483.12 | S27: 789 ug/cm2 | T27: 794.44 | U27: 0.9503 | V27: 0.9438 | W27: Valid | X27: SR
C28: Nox | D28: ug/m3 | E28: 0 | F28: 200 | I28: 0 | J28: =F28/H28 -> #DIV/0! | K28: =(H28-F28)*100/F28 -> -100 | L28: Valid | P28: PM 2.5 | S28: 789 ug/cm2 | W28: Valid | X28: AN
C29: Nox | D29: ug/m3 | E29: 0 | F29: 200 | I29: 0 | J29: =F29/H29 -> #DIV/0! | K29: =(H29-F29)*100/F29 -> -100 | L29: Valid | P29: PM 2.5 | S29: 789 ug/cm2 | W29: Valid | X29: AN
C30: Nox | D30: ug/m3 | E30: 0 | F30: 200 | I30: 0 | J30: =F30/H30 -> #DIV/0! | K30: =(H30-F30)*100/F30 -> -100 | L30: Valid | P30: PM 2.5 | S30: 789 ug/cm2 | W30: Valid
C31: Nox | D31: ug/m3 | E31: 0 | F31: 200 | I31: 0 | J31: =F31/H31 -> #DIV/0! | K31: =(H31-F31)*100/F31 -> -100 | L31: Valid | P31: PM 2.5 | S31: 789 ug/cm2 | W31: Valid
C32: Nox | D32: ug/m3 | E32: 0 | F32: 200 | I32: 0 | J32: =F32/H32 -> #DIV/0! | K32: =(H32-F32)*100/F32 -> -100 | L32: Valid | P32: PM 2.5 | S32: 789 ug/cm2 | W32: Valid
C33: Nox | D33: ug/m3 | E33: 0 | F33: 200 | I33: 0 | J33: =F33/H33 -> #DIV/0! | K33: =(H33-F33)*100/F33 -> -100 | L33: Valid | P33: PM 2.5 | S33: 789 ug/cm2 | W33: Valid
P34: PM 2.5 | S34: 789 ug/cm2 | W34: Valid
P35: PM 2.5 | S35: 789 ug/cm2 | W35: Valid
P36: PM 2.5 | S36: 789 ug/cm2
P37: PM 2.5 | S37: 789 ug/cm2
P40: NO OF VALID CALIBRATION OF PM 2.5 ARE | T40: =COUNT(O27:O39) -> 0
D41: No. OF VALID CALIBRATION OF NOX ARE | J41: =COUNT(B27:B39) -> 0
G44: NH3
B46: Date | C46: Parameter | D46: Units | E46: ZRef. | F46: SRef. | G46: ZMes. | H46: SMes. | I46: Zero | J46: Factor | K46: SDiff% | L46: Status | M46: DONE BY
C47: NH3 | D47: ug/m3 | E47: 0 | F47: 400 | G47: 0 | I47: 0 | J47: =F47/H47 -> #DIV/0! | K47: =(H47-F47)*100/F47 -> -100 | L47: Valid
C48: NH3 | D48: ug/m3 | E48: 0 | F48: 400 | G48: 0 | I48: 0 | J48: =F48/H48 -> #DIV/0! | K48: =(H48-F48)*100/F48 -> -100 | L48: Valid
C49: NH3 | D49: ug/m3 | E49: 0 | F49: 400 | G49: 0 | I49: 0 | J49: =F49/H49 -> #DIV/0! | K49: =(H49-F49)*100/F49 -> -100 | L49: Valid
C50: NH3 | D50: ug/m3 | E50: 0 | F50: 400 | G50: 0 | I50: 0 | J50: =F50/H50 -> #DIV/0! | K50: =(H50-F50)*100/F50 -> -100 | L50: Valid
C51: NH3 | D51: ug/m3 | E51: 0 | F51: 400 | G51: 0 | I51: 0 | J51: =F51/H51 -> #DIV/0! | K51: =(H51-F51)*100/F51 -> -100 | L51: Valid
D61: No. OF VALID CALIBRATION OF NH3 ARE | J61: =COUNT(B47:B59) -> 0
G64: CO
B66: Date | C66: Parameter | D66: Units | E66: ZRef. | F66: SRef. | G66: ZMes. | H66: SMes. | I66: Zero | J66: Factor | K66: SDiff% | L66: Status | M66: DONE BY
C67: CO | D67: mg/m3 | E67: 0 | F67: 5 | G67: 0 | I67: 0 | J67: =F67/H67 -> #DIV/0! | K67: =(H67-F67)*100/F67 -> -100 | L67: Valid
C68: CO | D68: mg/m3 | E68: 0 | F68: 5 | G68: 0 | I68: 0 | J68: =F68/H68 -> #DIV/0! | K68: =(H68-F68)*100/F68 -> -100 | L68: Valid
C69: CO | D69: mg/m3 | E69: 0 | F69: 5 | G69: 0 | I69: 0 | J69: =F69/H69 -> #DIV/0! | K69: =(H69-F69)*100/F69 -> -100 | L69: Valid
C70: CO | D70: mg/m3 | E70: 0 | F70: 5 | G70: 0 | I70: 0 | J70: =F70/H70 -> #DIV/0! | K70: =(H70-F70)*100/F70 -> -100 | L70: Valid
C71: CO | D71: mg/m3 | E71: 0 | F71: 5 | G71: 0 | I71: 0 | J71: =F71/H71 -> #DIV/0! | K71: =(H71-F71)*100/F71 -> -100 | L71: Valid
C72: CO | D72: mg/m3 | E72: 0 | F72: 5 | G72: 0 | I72: 0 | J72: =F72/H72 -> #DIV/0! | K72: =(H72-F72)*100/F72 -> -100 | L72: Valid
C73: CO | D73: mg/m3 | E73: 0 | F73: 5 | G73: 0 | I73: 0 | J73: =F73/H73 -> #DIV/0! | K73: =(H73-F73)*100/F73 -> -100 | L73: Valid
D81: No. OF VALID CALIBRATION OF CO ARE | J81: =COUNT(B67:B79) -> 0
G84: VOC
B86: Date | C86: Parameter | D86: Units | E86: ZRef. | F86: SRef. | G86: ZMes. | H86: SMes. | I86: Zero | J86: Factor | K86: SDiff% | L86: Status | M86: DONE BY
C87: VOC | D87: ug/m3 | E87: 0 | F87: 60 | G87: 0 | I87: 0 | J87: =F87/H87 -> #DIV/0! | K87: =(H87-F87)*100/F87 -> -100 | L87: Valid
C88: VOC | D88: ug/m3 | E88: 0 | F88: 60 | G88: 0 | I88: 0 | J88: =F88/H88 -> #DIV/0! | K88: =(H88-F88)*100/F88 -> -100 | L88: Valid
C89: VOC | D89: ug/m3 | E89: 0 | F89: 60 | G89: 0 | I89: 0 | J89: =F89/H89 -> #DIV/0! | K89: =(H89-F89)*100/F89 -> -100 | L89: Valid
C90: VOC | D90: ug/m3 | E90: 0 | F90: 60 | G90: 0 | I90: 0 | J90: =F90/H90 -> #DIV/0! | K90: =(H90-F90)*100/F90 -> -100 | L90: Valid
C91: VOC | D91: ug/m3 | E91: 0 | F91: 60 | G91: 0 | I91: 0 | J91: =F91/H91 -> #DIV/0! | K91: =(H91-F91)*100/F91 -> -100 | L91: Valid
C92: VOC | D92: ug/m3 | E92: 0 | F92: 60 | G92: 0 | I92: 0 | J92: =F92/H92 -> #DIV/0! | K92: =(H92-F92)*100/F92 -> -100 | L92: Valid
D101: No. OF VALID CALIBRATION OF VOC ARE | J101: =COUNT(B87:B99) -> 0
G104: O3
B106: Date | C106: Parameter | D106: Units | E106: ZRef. | F106: SRef. | G106: ZMes. | H106: SMes. | I106: Zero | J106: Factor | K106: SDiff% | L106: Status | M106: DONE BY
B107: 12.02.2026 16:15 | C107: O3 | D107: ug/m3 | E107: 0 | F107: 320 | G107: 0.28 | H107: 304.1 | I107: =G107-E107 -> 0.28 | J107: =F107/H107 -> 1.0522854 | K107: =(H107-F107)*100/F107 -> -4.96875 | L107: Valid | M107: SR
C108: O3 | D108: ug/m3 | E108: 0 | F108: 320 | G108: 0.8 | H108: 315.8 | I108: =G108-E108 -> 0.8 | J108: =F108/H108 -> 1.0132996 | K108: =(H108-F108)*100/F108 -> -1.3125 | L108: Valid | M108: SR
C109: O3 | D109: ug/m3 | E109: 0 | F109: 320 | G109: 0 | H109: 320.5 | I109: =G109-E109 -> 0 | J109: =F109/H109 -> 0.99843994 | K109: =(H109-F109)*100/F109 -> 0.15625 | L109: Valid
C110: O3 | D110: ug/m3 | E110: 0 | F110: 320 | G110: 0 | I110: =G110-E110 -> 0 | J110: =F110/H110 -> #DIV/0! | K110: =(H110-F110)*100/F110 -> -100 | L110: Valid
C111: O3 | D111: ug/m3 | E111: 0 | F111: 320 | G111: 0 | I111: =G111-E111 -> 0 | J111: =F111/H111 -> #DIV/0! | K111: =(H111-F111)*100/F111 -> -100 | L111: Valid
C112: O3 | D112: ug/m3 | E112: 0 | F112: 320 | G112: 0 | I112: =G112-E112 -> 0 | J112: =F112/H112 -> #DIV/0! | K112: =(H112-F112)*100/F112 -> -100 | L112: Valid
C113: O3 | D113: ug/m3 | E113: 0 | F113: 320 | G113: 0 | I113: =G113-E113 -> 0 | J113: =F113/H113 -> #DIV/0! | K113: =(H113-F113)*100/F113 -> -100 | L113: Valid
C114: O3 | D114: ug/m3 | E114: 0 | F114: 320 | G114: 0 | I114: =G114-E114 -> 0 | J114: =F114/H114 -> #DIV/0! | K114: =(H114-F114)*100/F114 -> -100 | L114: Valid
C115: O3 | D115: ug/m3 | E115: 0 | F115: 320 | G115: 0 | I115: =G115-E115 -> 0 | J115: =F115/H115 -> #DIV/0! | K115: =(H115-F115)*100/F115 -> -100 | L115: Valid
C119: NO OF VALID CALIBRATION OF O3 ARE | I119: =COUNT(B107:B118) -> 0

Sheet POWER OFF
B2: POWER OFF REPORT OF IGKV, RAIPUR | D2: ='MONTHLY 31'!$B$2 -> 0
B3: Month of
B7: Start Date | C7: Stop Date | D7: Duration (HH:MM)
D8: =C8-B8 -> 0
D9: =C9-B9 -> 0
D10: =C10-B10 -> 0
D11: =C11-B11 -> 0
D12: =C12-B12 -> 0
D13: =C13-B13 -> 0
D14: =C14-B14 -> 0
D15: =C15-B15 -> 0
D16: =C16-B16 -> 0
D17: =C17-B17 -> 0
D18: =C18-B18 -> 0
D19: =C19-B19 -> 0
... D23: =C23-B23 -> 0
B24: TOTAL | D24: =SUM(D7:D23) -> 0
B44: TOTAL | D44: =SUM(D11:D42) -> 0

Sheet MUX SIGNALS
B2: MUX signal Report REPORT OF IGKV, RAIPUR MONTH OF | F2: 1
B12: O3 | C12: MUX
C13: DATE | D13: +24v | E13: 5v | F13: 4mv | G13: I+24V | H13: 12V | I13: 5V sensor | J13: 3.3v | K13: l sig | L13: UV sig | M13: UV ref | N13: I LED | O13: Raw sig | P13: Pond. sig | Q13: Gas T
C15: IO sig | D15: UVO sig | E15: UV Measure | F15: LED status | G15: Mean sig | H15: Inst. meas | I15: Gas Pr. | J15: Option | K15: Pump | L15: SV span | M15: Pump Pr. | N15: SV zero | O15: Int T | P15: Flow | Q15: T. Genrator | R15: DONE BY
C18: DATE | D18: +24v | E18: 5v | F18: 4v | G18: I+24V | H18: 12V | I18: 5V sensor | J18: 3.3v | K18: l sig | L18: UV sig | M18: UV ref | N18: I LED | O18: Raw sig | P18: Pond. sig | Q18: Gas T
C20: IO sig | D20: UVO sig | E20: UV Measure | F20: LED status | G20: Mean sig | H20: Inst. meas | I20: Gas Pr. | J20: Option | K20: Pump | L20: SV span | M20: Pump Pr. | N20: SV zero | O20: Int T | P20: Flow | Q20: T. Genrator | R20: DONE BY
B25: NOX | C25: MUX
C26: DATE | D26: GND | E26: Int. T | F26: Conv. T | G26: B.P. T | H26: Samp pr. | I26: Cham. Pr. | J26: -15V | K26: +15V | L26: PM Sig. | M26: O2 | N26: Ozoneur | O26: H. volt. | P26: NH3 T | Q26: PM T | R26: Cham. T | S26: 2.5v Ref | T26: DONE BY
C29: DATE | D29: GND | E29: Int. T | F29: Conv. T | G29: B.P. T | H29: Samp pr. | I29: Cham. Pr. | J29: -15V | K29: +15V | L29: PM Sig. | M29: O2 | N29: Ozoneur | O29: H. volt. | P29: NH3 T | Q29: PM T | R29: Cham. T | S29: 2.5v Ref | T29: DONE BY
B36: CO | C36: MUX
C37: DATE | D37: GND | E37: Int. T | F37: Opt. T | G37: Aux. T | H37: Flow r. | I37: Pressure | J37: ps-15v | K37: ps+15v | L37: I. PBSE | M37: I. IR | N37: Mux11 | O37: Mux12
C39: Mux13 | D39: Mux14 | E39: O2 | F39: 2.5V Ref | G39: POS. 1 | H39: POS. 2 | I39: POS. 3 | J39: POS. 4 | K39: POS. 5 | L39: POS. 6 | M39: VCI amp | N39: RPM | O39: DONE BY
C42: DATE | D42: GND | E42: Int. T | F42: Opt. T | G42: Aux. T | H42: Flow r. | I42: Pressure | J42: ps-15v | K42: ps+15v | L42: I. PBSE | M42: I. IR | N42: Mux11 | O42: Mux12
C44: Mux13 | D44: Mux14 | E44: O2 | F44: 2.5V Ref | G44: POS. 1 | H44: POS. 2 | I44: POS. 3 | J44: POS. 4 | K44: POS. 5 | L44: POS. 6 | M44: VCI amp | N44: RPM | O44: DONE BY
B48: SO2 | C48: MUX
C49: DATE | D49: Option | E49: ps +4v | F49: ps +24v | G49: ps 5v | H49: I+24v | I49: ps +5v sensor | J49: 3.3v | K49: 12v | L49: I UV lamp | M49: Dark UV sig | N49: UV ref | O49: UV sig | P49: Ref .ratio | Q49: Mean sig
C51: Raw sig | D51: I UV Iamp | E51: Dark PM sig | F51: PM ref | G51: PM sig | H51: Mess ratio | I51: Raw trend | J51: Inst. Meas | K51: HV PM | L51: Int. T | M51: Gas pr | N51: Flow | O51: Chember T | P51: Pump pr. | Q51: DONE BY
C54: DATE | D54: Option | E54: ps +4v | F54: ps +24v | G54: ps 5v | H54: I+24v | I54: ps +5v sensor | J54: 3.3v | K54: 12v | L54: I UV lamp | M54: Dark UV sig | N54: UV ref | O54: UV sig | P54: Ref .ratio | Q54: Mean sig
C56: Raw sig | D56: I UV Iamp | E56: Dark PM sig | F56: PM ref | G56: PM sig | H56: Mess ratio | I56: Raw trend | J56: Inst. Meas | K56: HV PM | L56: Int. T | M56: Gas pr | N56: Flow | O56: Chember T | P56: Pump pr. | Q56: DONE BY
B61: PM10 | C61: MUX
C62: DATE | D62: GROUND | E62: PS+5V | F62: PS+15 | G62: PS-15V | H62: ps +600v | I62: Ref 2.5v | J62: Ref RH | K62: FilterT | L62: Int. temp. | M62: Up Press. | N62: Down press. | O62: Atm Pr. | P62: Rel. Hyg. | Q62: Atm. T | R62: Head T | S62: Ref A/D | T62: DONE BY
C65: DATE | D65: GROUND | E65: PS+5V | F65: PS+15 | G65: PS-15V | H65: ps +600v | I65: Ref 2.5v | J65: Ref RH | K65: FilterT | L65: Int. temp. | M65: Up Press. | N65: Down press. | O65: Atm Pr. | P65: Rel. Hyg. | Q65: Atm. T | R65: Head T | S65: Ref A/D | T65: DONE BY
B69: PM2.5 | C69: MUX
C70: DATE | D70: GROUND | E70: PS+5V | F70: PS+15 | G70: PS-15V | H70: ps +600v | I70: Ref 2.5v | J70: Ref RH | K70: FilterT | L70: Int. temp. | M70: Up Press. | N70: Down press. | O70: Atm Pr. | P70: Rel. Hyg. | Q70: Atm. T | R70: Head T | S70: Ref A/D | T70: DONE BY
C73: DATE | D73: GROUND | E73: PS+5V | F73: PS+15 | G73: PS-15V | H73: ps +600v | I73: Ref 2.5v | J73: Ref RH | K73: FilterT | L73: Int. temp. | M73: Up Press. | N73: Down press. | O73: Atm Pr. | P73: Rel. Hyg. | Q73: Atm. T | R73: Head T | S73: Ref A/D | T73: DONE BY
B77: VOC | C77: MUX
C78: DATE | D78: 24V | E78: Status code | F78: 24V | G78: I Power | H78: I Perip. | I78: 5v | J78: I 5V | K78: 5V sens | L78: GND | M78: Power | N78: Cooling fan | O78: Status code | P78: Temp. | Q78: Mixing fan | R78: Status code | S78: Carrier gaz | T78: Status code
C80: Column pr. | D80: Supply pr. | E80: Hot box | F80: Status code | G80: Temp. | H80: Vacuum pump | I80: Status code | J80: Trap pr. | K80: Atmo. Pr. | L80: Purge value | M80: Status code | N80: Pilot value | O80: Status code | P80: Zero valve | Q80: Status code | R80: Span valve | S80: Status code | T80: DONE BY
T81: K.Karmakar
C83: DATE | D83: 24V | E83: Status code | F83: 24V | G83: I Power | H83: I Perip. | I83: 5v | J83: I 5V | K83: 5V sens | L83: GND | M83: Power | N83: Cooling fan | O83: Status code | P83: Temp. | Q83: Mixing fan | R83: Status code | S83: Carrier gaz | T83: Status code
C85: Column pr. | D85: Supply pr. | E85: Hot box | F85: Status code | G85: Temp. | H85: Vacuum pump | I85: Status code | J85: Trap pr. | K85: Atmo. Pr. | L85: Purge value | M85: Status code | N85: Pilot value | O85: Status code | P85: Zero valve | Q85: Status code | R85: Span valve | S85: Status code | T85: DONE BY
