Workbook

Sheet 01
A1: Station: | B1: BHATAGAON ,RAIPUR
A2: Date: | B2: =$A$9 -> 01-06-2024 01:00 | D2: Power Off | G2: Pw.Off | L2: Link Fail | N2: Link F | P2: Maintenance | R2: Maint.
A3: Report Type: | B3: Mean | D3: Calibration | G3: Calib. | L3: Data Fail | N3: Data F | P3: Invalid | R3: Invalid
A4: Time Base: | B4: 01 Hour | D4: Zero Referrence | G4: Z.Ref | L4: Warm Up | N4: Wm. Up
A7: Date & Time | B7: NO_BHATAGAON | C7: NO2_BHATAGAON | D7: NOX_BHATAGAON | E7: SO2_BHATAGAON | F7: O3_BHATAGAON | G7: PM10_BHATAGAON | H7: PM2_5_BHATAGAON | I7: BENZ_BHATAGAON | J7: WS_BHATAGAON | K7: WD_BHATAGAON | L7: TEMP_BHATAGAON | M7: HUM BHATAGAON | N7: SR_BHATAGAON | O7: RG_BHATAGAON | P7: CO_BHATAGAON | Q7: NH3_BHATAGAON
B8: ug/m3 | C8: ug/m3 | D8: ppb | E8: ug/m3 | F8: ug/m3 | G8: mg/m3 | H8: ug/m3 | I8: ug/m3 | J8: m/sec | K8: deg | L8: degreC | M8: % | N8: w/m2 | O8: mm | P8: ug/m3 | Q8: ug/m3
A9: 01-06-2024 01:00 | B9: 4.36 | C9: 6.72 | D9: 8.16 | E9: 1.25 | F9: 3.5 | G9: 88.56 | H9: 33.82 | I9: 12.8 | J9: 0.58 | K9: 337.09 | L9: 32.19 | M9: 32.37 | N9: 11.6 | O9: 0 | P9: 0.98 | Q9: 10.47
A10: 01-06-2024 02:00 | B10: 3.98 | C10: 5.8 | D10: 7.37 | E10: 1.28 | F10: 3.66 | G10: 87.79 | H10: 30.27 | I10: 11.55 | J10: 1.07 | K10: 327.29 | L10: 31.88 | M10: 31.78 | N10: 11.4 | O10: 0 | P10: 0.91 | Q10: 10.19
A11: 01-06-2024 03:00 | B11: 3.17 | C11: 3.13 | D11: 5.32 | E11: 1.29 | F11: 3.81 | G11: 87.79 | H11: 32.01 | I11: 12.92 | J11: 1.32 | K11: 357.4 | L11: 32.43 | M11: 29.07 | N11: 11.9 | O11: 0 | P11: 0.86 | Q11: 10.09
A12: 01-06-2024 04:00 | B12: 3.67 | C12: 5.03 | D12: 6.72 | E12: 1.61 | F12: 3.99 | G12: 91.36 | H12: 34.18 | I12: 12.05 | J12: 0.64 | K12: 316.23 | L12: 31.26 | M12: 36.29 | N12: 12.1 | O12: 0 | P12: 0.77 | Q12: 10.21
A13: 01-06-2024 05:00 | B13: 4.06 | C13: 5.06 | D13: 7.05 | E13: 1.32 | F13: 3.58 | G13: 95.47 | H13: 35.2 | I13: 11.92 | J13: 0.57 | K13: 317.17 | L13: 30.27 | M13: 43.65 | N13: 11.9 | O13: 0 | P13: 0.66 | Q13: 10.26
A14: 01-06-2024 06:00 | B14: 4.68 | C14: 5.46 | D14: 7.59 | E14: 1.58 | F14: 3.69 | G14: 95.47 | H14: 35.2 | I14: 10.18 | J14: 0.71 | K14: 354.94 | L14: 28.59 | M14: 46.73 | N14: 54.8 | O14: 0 | P14: 0.7 | Q14: 10.36
A15: 01-06-2024 07:00 | B15: 6.45 | C15: 8.2 | D15: 10.61 | E15: 1.64 | F15: 3.51 | G15: 100.39 | H15: 38.53 | I15: 9.41 | J15: 1.14 | K15: 345.69 | L15: 33.59 | M15: 44.33 | N15: 215.1 | O15: 0 | P15: 0.72 | Q15: 10.47
A16: 01-06-2024 08:00 | B16: 6.08 | C16: 7.48 | D16: 9.93 | E16: 1.9 | F16: 4.01 | G16: 100.39 | H16: 38.53 | I16: 10.17 | J16: 1.24 | K16: 329.61 | L16: 36.96 | M16: 29.06 | N16: 411.7 | O16: 0 | P16: 0.7 | Q16: 10.5
A17: 01-06-2024 09:00 | B17: 3.87 | C17: 4.16 | D17: 6.42 | E17: 1.75 | F17: 4.26 | G17: 99.63 | H17: 38.36 | I17: 9.78 | J17: 1.35 | K17: 348.69 | L17: 40.25 | M17: 27.7 | N17: 579.8 | O17: 0 | P17: 0.71 | Q17: 10.44
A18: 01-06-2024 10:00 | B18: 2.75 | C18: 2.81 | D18: 4.81 | E18: 1.79 | F18: 5.55 | G18: 105.72 | H18: 43.04 | I18: 8.56 | J18: 2.54 | K18: 350.15 | L18: 41.8 | M18: 25.39 | N18: 698.3 | O18: 0 | P18: 0.8 | Q18: 10.26
A19: 01-06-2024 11:00 | B19: 2.63 | C19: 2.64 | D19: 4.63 | E19: 1.81 | F19: 6.13 | G19: 107.43 | H19: 43.38 | I19: 8.29 | J19: 2.09 | K19: 341.83 | L19: 43.04 | M19: 24.8 | N19: 771.4 | O19: 0 | P19: 0.78 | Q19: 10.03
A20: 01-06-2024 12:00 | B20: 2.61 | C20: 2.92 | D20: 4.76 | E20: 2 | F20: 6.46 | G20: 107.43 | H20: 43.38 | I20: 7.65 | J20: 1.61 | K20: 339.79 | L20: 43.36 | M20: 23.86 | N20: 790.7 | O20: 0 | P20: 0.76 | Q20: 9.7
... A32: 01-06-2024 24:00 | B32: 3.94 | C32: 8.21 | D32: 8.59 | E32: 1.94 | F32: 4.17 | G32: 82.3 | H32: 30.13 | I32: 13.62 | J32: 1.86 | K32: 168.68 | L32: 32.38 | M32: 38.51 | N32: 11.7 | O32: 0 | P32: 0.83 | Q32: 10.21
A34: Min | B34: =MIN(B9:B32) -> 2.57 | C34: =MIN(C9:C32) -> 2.17 | D34: =MIN(D9:D32) -> 4.35 | E34: =MIN(E9:E32) -> 0.76 | F34: =MIN(F9:F32) -> 3.5 | G34: =MIN(G9:G32) -> 46.71 | H34: =MIN(H9:H32) -> 19.61 | I34: =MIN(I9:I32) -> 4.62 | ... Q34: =MIN(Q9:Q32) -> 9.56
A35: Max | B35: =MAX(B9:B32) -> 6.45 | C35: =MAX(C9:C32) -> 9.69 | D35: =MAX(D9:D32) -> 10.69 | E35: =MAX(E9:E32) -> 2.06 | F35: =MAX(F9:F32) -> 6.6 | G35: =MAX(G9:G32) -> 107.43 | H35: =MAX(H9:H32) -> 43.38 | I35: =MAX(I9:I32) -> 14.4 | ... Q35: =MAX(Q9:Q32) -> 10.52
A36: Avg | B36: =AVERAGE(B9:B32) -> 3.6829167 | C36: =AVERAGE(C9:C32) -> 4.7104167 | D36: =AVERAGE(D9:D32) -> 6.5454167 | E36: =AVERAGE(E9:E32) -> 1.4966667 | F36: =AVERAGE(F9:F32) -> 4.6658333 | G36: =AVERAGE(G9:G32) -> 84.398333 | H36: =AVERAGE(H9:H32) -> 32.490417 | I36: =AVERAGE(I9:I32) -> 9.4125 | ... Q36: =AVERAGE(Q9:Q32) -> 10.082083
A37: Stdev | B37: =STDEV(B9:B32) -> 1.2178366 | C37: =STDEV(C9:C32) -> 2.4638755 | D37: =STDEV(D9:D32) -> 2.1991698 | E37: =STDEV(E9:E32) -> 0.42415816 | F37: =STDEV(F9:F32) -> 1.1155459 | G37: =STDEV(G9:G32) -> 20.560187 | H37: =STDEV(H9:H32) -> 7.1628902 | I37: =STDEV(I9:I32) -> 2.9237576 | ... Q37: =STDEV(Q9:Q32) -> 0.31696906
A38: Num | B38: =COUNT(B9:B32) -> 24 | C38: =COUNT(C9:C32) -> 24 | D38: =COUNT(D9:D32) -> 24 | E38: =COUNT(E9:E32) -> 24 | F38: =COUNT(F9:F32) -> 24 | G38: =COUNT(G9:G32) -> 24 | H38: =COUNT(H9:H32) -> 24 | I38: =COUNT(I9:I32) -> 24 | ... M38: =COUNT(M9:M32) -> 24 | N38: =COUNT(N9:N32)+12 -> 36 | O38: =COUNT(O9:O32) -> 24 | P38: =COUNT(P9:P32) -> 24 | Q38: =COUNT(Q9:Q32) -> 24
A39: DCR | B39: =IF(B38>=22,">90%",IF(B38<=22,"<90%")) -> >90% | C39: =IF(C38>=22,">90%",IF(C38<=22,"<90%")) -> >90% | D39: =IF(D38>=22,">90%",IF(D38<=22,"<90%")) -> >90% | E39: =IF(E38>=22,">90%",IF(E38<=22,"<90%")) -> >90% | F39: =IF(F38>=22,">90%",IF(F38<=22,"<90%")) -> >90% | G39: =IF(G38>=22,">90%",IF(G38<=22,"<90%")) -> >90% | H39: =IF(H38>=22,">90%",IF(H38<=22,"<90%")) -> >90% | I39: =IF(I38>=22,">90%",IF(I38<=22,"<90%")) -> >90% | ... Q39: =IF(Q38>=22,">90%",IF(Q38<=22,"<90%")) -> >90%
A40: Status | B40: =IF(B38>=22,"OK",IF(B38<=22,"LESS")) -> OK | C40: =IF(C38>=22,"OK",IF(C38<=22,"LESS")) -> OK | D40: =IF(D38>=22,"OK",IF(D38<=22,"LESS")) -> OK | E40: =IF(E38>=22,"OK",IF(E38<=22,"LESS")) -> OK | F40: =IF(F38>=22,"OK",IF(F38<=22,"LESS")) -> OK | G40: =IF(G38>=22,"OK",IF(G38<=22,"LESS")) -> OK | H40: =IF(H38>=22,"OK",IF(H38<=22,"LESS")) -> OK | I40: =IF(I38>=22,"OK",IF(I38<=22,"LESS")) -> OK | ... Q40: =IF(Q38>=22,"OK",IF(Q38<=22,"LESS")) -> OK
A43: Done by | B43: RAHUL
A45: Comment

Sheet 02
A1: Station: | B1: BHATAGAON RAIPUR
A2: Date: | B2: =$A$9 -> 02-06-2024 01:00 | D2: Power Off | G2: Pw.Off | L2: Link Fail | N2: Link F | P2: Maintenance | R2: Maint.
A3: Report Type: | B3: Mean | D3: Calibration | G3: Calib. | L3: Data Fail | N3: Data F | P3: Invalid | R3: Invalid
A4: Time Base: | B4: 01 Hour | D4: Zero Referrence | G4: Z.Ref | L4: Warm Up | N4: Wm. Up
A7: Date & Time | B7: NO_BHATAGAON | C7: NO2_BHATAGAON | D7: NOX_BHATAGAON | E7: SO2_BHATAGAON | F7: O3_BHATAGAON | G7: PM10_BHATAGAON | H7: PM2_5_BHATAGAON | I7: BENZ_BHATAGAON | J7: WS_BHATAGAON | K7: WD_BHATAGAON | L7: TEMP_BHATAGAON | M7: HUM BHATAGAON | N7: SR_BHATAGAON | O7: RG_BHATAGAON | P7: CO_BHATAGAON | Q7: NH3_BHATAGAON
B8: ug/m3 | C8: ug/m3 | D8: ppb | E8: ug/m3 | F8: ug/m3 | G8: mg/m3 | H8: ug/m3 | I8: ug/m3 | J8: m/sec | K8: deg | L8: degreC | M8: % | N8: w/m2 | O8: mm | P8: ug/m3 | Q8: ug/m3
A9: 02-06-2024 01:00 | B9: 3.23 | C9: 6.51 | D9: 7.14 | E9: 1.77 | F9: 4.2 | G9: 55.15 | H9: 24.84 | I9: 12.72 | J9: 1.19 | K9: 158.42 | L9: 31.46 | M9: 43.43 | N9: 11.9 | O9: 0 | P9: 0.65 | Q9: 9.9
A10: 02-06-2024 02:00 | B10: 3.14 | C10: 4.98 | D10: 6.23 | E10: 2.33 | F10: 4.05 | G10: 48.96 | H10: 22.19 | I10: 9.3 | J10: 0.94 | K10: 166.43 | L10: 30.84 | M10: 48.67 | N10: 11.7 | O10: 0 | P10: 0.56 | Q10: 9.82
A11: 02-06-2024 03:00 | B11: 3.23 | C11: 5.05 | D11: 6.36 | E11: 2.4 | F11: 4.49 | G11: 43.21 | H11: 21.24 | I11: 9.37 | J11: 0.97 | K11: 170.03 | L11: 30.25 | M11: 53.83 | N11: 11.9 | O11: 0 | P11: 0.52 | Q11: 9.87
A12: 02-06-2024 04:00 | B12: 3.2 | C12: 4.89 | D12: 6.27 | E12: 2.01 | F12: 4.15 | G12: 41.58 | H12: 20.24 | I12: 9.29 | J12: 1.18 | K12: 165.26 | L12: 29.56 | M12: 58.57 | N12: 11.9 | O12: 0 | P12: 0.46 | Q12: 9.78
A13: 02-06-2024 05:00 | B13: 3.2 | C13: 4.92 | D13: 6.25 | E13: 1.46 | F13: 4.16 | G13: 41.58 | H13: 17.66 | I13: 8.46 | J13: 1.25 | K13: 179.64 | L13: 29.2 | M13: 60.56 | N13: 11.6 | O13: 0 | P13: 0.4 | Q13: 9.72
A14: 02-06-2024 06:00 | B14: 3.34 | C14: 4.54 | D14: 6.19 | E14: 1.55 | F14: 4.24 | G14: 39.29 | H14: 15.73 | I14: 7.22 | J14: 1.66 | K14: 159.83 | L14: 29.03 | M14: 62.68 | N14: 53.6 | O14: 0 | P14: 0.38 | Q14: 9.59
A15: 02-06-2024 07:00 | B15: 3.45 | C15: 5.35 | D15: 6.7 | E15: 1.58 | F15: 4.26 | G15: 39.29 | H15: 16.53 | I15: 6.9 | J15: 0.45 | K15: 354.57 | L15: 30.92 | M15: 60.75 | N15: 196.3 | O15: 0 | P15: 0.4 | Q15: 9.71
A16: 02-06-2024 08:00 | B16: 3.45 | C16: 5.34 | D16: 6.7 | E16: 3.32 | F16: 4.38 | G16: 53.57 | H16: 17.4 | I16: 7.56 | J16: 0.81 | K16: 177.66 | L16: 32.1 | M16: 51.59 | N16: 373.3 | O16: 0 | P16: 0.44 | Q16: 9.73
A17: 02-06-2024 09:00 | B17: 3.14 | C17: 5.24 | D17: 6.37 | E17: 2.61 | F17: 6.11 | G17: 53.91 | H17: 18 | I17: 6.75 | J17: 0.54 | K17: 350.44 | L17: 34.61 | M17: 44.31 | N17: 527 | O17: 0 | P17: 0.48 | Q17: 9.66
A18: 02-06-2024 10:00 | B18: 2.96 | C18: 4.81 | D18: 6.03 | E18: 2.45 | F18: 8.19 | G18: 59.72 | H18: 21.61 | I18: 6.48 | J18: 0.54 | K18: 357.99 | L18: 36.41 | M18: 42.45 | N18: 702.1 | O18: 0 | P18: 0.49 | Q18: 9.57
A19: 02-06-2024 11:00 | B19: 2.89 | C19: 4.14 | D19: 5.63 | E19: 2.56 | F19: 9.49 | G19: 60.94 | H19: 23.29 | I19: 6.1 | J19: 0.91 | K19: 345.37 | L19: 38.22 | M19: 38.52 | N19: 743.7 | O19: 0 | P19: 0.48 | Q19: 9.46
A20: 02-06-2024 12:00 | B20: 2.92 | C20: 5.14 | D20: 6.17 | E20: 2.62 | F20: 9.09 | G20: 61.04 | H20: 26.41 | I20: 4.63 | J20: 1.32 | K20: 339.49 | L20: 40.91 | M20: 32.58 | N20: 769.7 | O20: 0 | P20: 0.54 | Q20: 9.6
... A32: 02-06-2024 24:00 | B32: 2.83 | C32: 3.09 | D32: 5.03 | E32: 0.98 | F32: 4.37 | G32: 45.44 | H32: 19.69 | I32: 8.67 | J32: 3.35 | K32: 108.14 | L32: 28.56 | M32: 65.91 | N32: 13.4 | O32: 0 | P32: 0.4 | Q32: 9.45
A34: Min | B34: =MIN(B9:B32) -> 2.77 | C34: =MIN(C9:C32) -> 3.09 | D34: =MIN(D9:D32) -> 5.03 | E34: =MIN(E9:E32) -> 0.71 | F34: =MIN(F9:F32) -> 4.05 | G34: =MIN(G9:G32) -> 39.29 | H34: =MIN(H9:H32) -> 15.73 | I34: =MIN(I9:I32) -> 4.19 | ... Q34: =MIN(Q9:Q32) -> 9.36
A35: Max | B35: =MAX(B9:B32) -> 3.45 | C35: =MAX(C9:C32) -> 6.51 | D35: =MAX(D9:D32) -> 7.14 | E35: =MAX(E9:E32) -> 3.32 | F35: =MAX(F9:F32) -> 12.05 | G35: =MAX(G9:G32) -> 89.79 | H35: =MAX(H9:H32) -> 29.34 | I35: =MAX(I9:I32) -> 12.72 | ... Q35: =MAX(Q9:Q32) -> 9.9
A36: Avg | B36: =AVERAGE(B9:B32) -> 3.0420833 | C36: =AVERAGE(C9:C32) -> 4.6416667 | D36: =AVERAGE(D9:D32) -> 6.0033333 | E36: =AVERAGE(E9:E32) -> 1.7070833 | F36: =AVERAGE(F9:F32) -> 5.9020833 | G36: =AVERAGE(G9:G32) -> 58.43875 | H36: =AVERAGE(H9:H32) -> 22.969583 | I36: =AVERAGE(I9:I32) -> 7.4179167 | ... Q36: =AVERAGE(Q9:Q32) -> 9.6175
A37: Stdev | B37: =STDEV(B9:B32) -> 0.19666743 | C37: =STDEV(C9:C32) -> 0.73459049 | D37: =STDEV(D9:D32) -> 0.49980576 | E37: =STDEV(E9:E32) -> 0.67864622 | F37: =STDEV(F9:F32) -> 2.2323257 | G37: =STDEV(G9:G32) -> 15.07785 | H37: =STDEV(H9:H32) -> 4.1094245 | I37: =STDEV(I9:I32) -> 2.0432816 | ... Q37: =STDEV(Q9:Q32) -> 0.13869736
A38: Num | B38: =COUNT(B9:B32) -> 24 | C38: =COUNT(C9:C32) -> 24 | D38: =COUNT(D9:D32) -> 24 | E38: =COUNT(E9:E32) -> 24 | F38: =COUNT(F9:F32) -> 24 | G38: =COUNT(G9:G32) -> 24 | H38: =COUNT(H9:H32) -> 24 | I38: =COUNT(I9:I32) -> 24 | ... Q38: =COUNT(Q9:Q32) -> 24
A39: DCR | B39: =IF(B38>=22,">90%",IF(B38<=22,"<90%")) -> >90% | C39: =IF(C38>=22,">90%",IF(C38<=22,"<90%")) -> >90% | D39: =IF(D38>=22,">90%",IF(D38<=22,"<90%")) -> >90% | E39: =IF(E38>=22,">90%",IF(E38<=22,"<90%")) -> >90% | F39: =IF(F38>=22,">90%",IF(F38<=22,"<90%")) -> >90% | G39: =IF(G38>=22,">90%",IF(G38<=22,"<90%")) -> >90% | H39: =IF(H38>=22,">90%",IF(H38<=22,"<90%")) -> >90% | I39: =IF(I38>=22,">90%",IF(I38<=22,"<90%")) -> >90% | ... Q39: =IF(Q38>=22,">90%",IF(Q38<=22,"<90%")) -> >90%
A40: Status | B40: =IF(B38>=22,"OK",IF(B38<=22,"LESS")) -> OK | C40: =IF(C38>=22,"OK",IF(C38<=22,"LESS")) -> OK | D40: =IF(D38>=22,"OK",IF(D38<=22,"LESS")) -> OK | E40: =IF(E38>=22,"OK",IF(E38<=22,"LESS")) -> OK | F40: =IF(F38>=22,"OK",IF(F38<=22,"LESS")) -> OK | G40: =IF(G38>=22,"OK",IF(G38<=22,"LESS")) -> OK | H40: =IF(H38>=22,"OK",IF(H38<=22,"LESS")) -> OK | I40: =IF(I38>=22,"OK",IF(I38<=22,"LESS")) -> OK | ... Q40: =IF(Q38>=22,"OK",IF(Q38<=22,"LESS")) -> OK
A43: Done by | B43: RAHUL
A45: Comment

Sheet 03
A1: Station: | B1: BHATAGAON RAIPUR
A2: Date: | B2: =$A$9 -> 03-06-2024 01:00 | D2: Power Off | G2: Pw.Off | L2: Link Fail | N2: Link F | P2: Maintenance | R2: Maint.
A3: Report Type: | B3: Mean | D3: Calibration | G3: Calib. | L3: Data Fail | N3: Data F | P3: Invalid | R3: Invalid
A4: Time Base: | B4: 01 Hour | D4: Zero Referrence | G4: Z.Ref | L4: Warm Up | N4: Wm. Up
A7: Date & Time | B7: NO_BHATAGAON | C7: NO2_BHATAGAON | D7: NOX_BHATAGAON | E7: SO2_BHATAGAON | F7: O3_BHATAGAON | G7: PM10_BHATAGAON | H7: PM2_5_BHATAGAON | I7: BENZ_BHATAGAON | J7: WS_BHATAGAON | K7: WD_BHATAGAON | L7: TEMP_BHATAGAON | M7: HUM BHATAGAON | N7: SR_BHATAGAON | O7: RG_BHATAGAON | P7: CO_BHATAGAON | Q7: NH3_BHATAGAON
B8: ug/m3 | C8: ug/m3 | D8: ppb | E8: ug/m3 | F8: ug/m3 | G8: mg/m3 | H8: ug/m3 | I8: ug/m3 | J8: m/sec | K8: deg | L8: degreC | M8: % | N8: w/m2 | O8: mm | P8: ug/m3 | Q8: ug/m3
A9: 03-06-2024 01:00 | B9: 2.8 | C9: 2.47 | D9: 4.68 | E9: 0.85 | F9: 4.22 | G9: 39.24 | H9: 18.41 | I9: 9.06 | J9: 2.99 | K9: 109.15 | L9: 26.5 | M9: 73.57 | N9: 13.1 | O9: 0 | P9: 0.36 | Q9: 9.49
A10: 03-06-2024 02:00 | B10: 2.81 | C10: 2.53 | D10: 4.72 | E10: 0.94 | F10: 4.42 | G10: 34.98 | H10: 17.03 | I10: 8.98 | J10: 2.46 | K10: 102.44 | L10: 26.1 | M10: 70.86 | N10: 12.5 | O10: 0 | P10: 0.36 | Q10: 9.55
A11: 03-06-2024 03:00 | B11: 2.85 | C11: 2.53 | D11: 4.76 | E11: 0.64 | F11: 4.95 | G11: 27.01 | H11: 15.16 | I11: 8.17 | J11: 2.44 | K11: 156.9 | L11: 26.59 | M11: 68.52 | N11: 12 | O11: 0 | P11: 0.34 | Q11: 9.52
A12: 03-06-2024 04:00 | B12: 2.85 | C12: 2.82 | D12: 4.91 | E12: 1.12 | F12: 5.34 | G12: 23.63 | H12: 13.75 | I12: 7.2 | J12: 2.47 | K12: 166.05 | L12: 26.79 | M12: 59.43 | N12: 12.1 | O12: 0 | P12: 0.31 | Q12: 9.49
A13: 03-06-2024 05:00 | B13: 2.77 | C13: 2.07 | D13: 4.45 | E13: 1.08 | F13: 4.45 | G13: 20.55 | H13: 11.94 | I13: 6.47 | J13: 2.47 | K13: 212.77 | L13: 26.97 | M13: 59.87 | N13: 12.1 | O13: 0 | P13: 0.28 | Q13: 9.41
A14: 03-06-2024 06:00 | B14: 2.82 | C14: 2.69 | D14: 4.81 | E14: 1.11 | F14: 5.27 | G14: 19.05 | H14: 9.26 | I14: 6.3 | J14: 0.76 | K14: 218.02 | L14: 26.97 | M14: 61.3 | N14: 55 | O14: 0 | P14: 0.26 | Q14: 9.46
A15: 03-06-2024 07:00 | B15: 2.71 | C15: 2.13 | D15: 4.43 | E15: 1.11 | F15: 5.52 | G15: 20.87 | H15: 9.26 | I15: 5.27 | J15: 0.82 | K15: 229.88 | L15: 27.56 | M15: 61.31 | N15: 187.4 | O15: 0 | P15: 0.26 | Q15: 9.48
A16: 03-06-2024 08:00 | B16: 2.67 | C16: 1.65 | D16: 4.15 | E16: 1.76 | F16: 5.91 | G16: 22.75 | H16: 11.06 | I16: 4.2 | J16: 0.69 | K16: 206.54 | L16: 28.84 | M16: 58.36 | N16: 402.6 | O16: 0 | P16: 0.27 | Q16: 9.48
A17: 03-06-2024 09:00 | B17: 2.58 | C17: 1.24 | D17: 3.86 | E17: 1.79 | F17: 9.62 | G17: 23.66 | H17: 11.29 | I17: 3.58 | J17: 0.56 | K17: 330.52 | L17: 30.2 | M17: 52.21 | N17: 550.7 | O17: 0 | P17: 0.28 | Q17: 9.39
A18: 03-06-2024 10:00 | B18: 2.58 | C18: 1.24 | D18: 3.86 | E18: 2.23 | F18: 11.92 | G18: 28.74 | H18: 11.29 | I18: 2.43 | J18: 0.76 | K18: 21.86 | L18: 31.98 | M18: 48.69 | N18: 730.6 | O18: 0 | P18: 0.31 | Q18: 9.37
A19: 03-06-2024 11:00 | B19: 2.54 | C19: 1.34 | D19: 3.89 | E19: 2.33 | F19: 14.31 | G19: 28.74 | H19: 11.28 | I19: 1.84 | J19: 0.83 | K19: 340.06 | L19: 34.08 | M19: 42.93 | N19: 852.3 | O19: 0 | P19: 0.34 | Q19: 9.47
A20: 03-06-2024 12:00 | B20: 2.63 | C20: 1.56 | D20: 4.07 | E20: Calib. | F20: 16.59 | G20: Calib. | H20: Calib. | I20: 3.28 | J20: 0.96 | K20: 328.25 | L20: 35.6 | M20: 38.77 | N20: 844.6 | O20: 0 | P20: 0.35 | Q20: 9.42
A21: 03-06-2024 13:00 | B21: 2.81 | C21: 0.96 | D21: 3.68 | E21: 2.96 | F21: 12.94 | G21: 74.14 | H21: 7.71 | I21: 7.7 | J21: 0.82 | K21: 357.12 | L21: 35.87 | M21: 35.02 | N21: 703.4 | O21: 0 | P21: 0.37 | Q21: 9.3
A22: 03-06-2024 14:00 | B22: 2.47 | C22: 1.1 | D22: 3.48 | E22: 3.99 | F22: 18.54 | G22: 74.14 | H22: 9.98 | I22: 9.85 | J22: 0.75 | K22: 352.58 | L22: 36.25 | M22: 33.64 | N22: 737.1 | O22: 0 | P22: 0.43 | Q22: 9.33
A23: 03-06-2024 15:00 | B23: 2.59 | C23: 1.66 | D23: 4.16 | E23: 3.13 | F23: 12.62 | G23: 57.14 | H23: 16.9 | I23: 7.64 | J23: 1.22 | K23: 348.95 | L23: 37.6 | M23: 31.04 | N23: 587.2 | O23: 0 | P23: 0.49 | Q23: 9.42
A24: 03-06-2024 16:00 | B24: 2.54 | C24: 1.31 | D24: 3.76 | E24: 3.07 | F24: 11.69 | G24: 57.14 | H24: 16.9 | I24: 5.94 | J24: 0.99 | K24: 359.48 | L24: 36.73 | M24: 31.32 | N24: 342.1 | O24: 0 | P24: 0.46 | Q24: 9.39
A25: 03-06-2024 17:00 | B25: 2.47 | C25: 0.96 | D25: 3.34 | E25: 0.66 | F25: 9.46 | G25: 46.61 | H25: 16.05 | I25: 4.42 | J25: 0.95 | K25: 351.16 | L25: 36.28 | M25: 31.39 | N25: 113.5 | O25: 0 | P25: 0.39 | Q25: 9.38
A26: 03-06-2024 18:00 | B26: 2.56 | C26: 1.55 | D26: 4.02 | E26: 0.62 | F26: 9.78 | G26: 43.83 | H26: 15.89 | I26: 3.24 | J26: 0.69 | K26: 353.75 | L26: 35.66 | M26: 32.02 | N26: 71 | O26: 0 | P26: 0.44 | Q26: 9.43
A27: 03-06-2024 19:00 | B27: 2.57 | C27: 1.35 | D27: 3.84 | E27: 0.88 | F27: 6.28 | G27: 45.02 | H27: 15.89 | I27: 3.08 | J27: 0.63 | K27: 352.21 | L27: 34.69 | M27: 36.6 | N27: 28.8 | O27: 0 | P27: 0.5 | Q27: 9.4
A28: 03-06-2024 20:00 | B28: 2.47 | C28: 1.01 | D28: 3.39 | E28: 1.02 | F28: 4.91 | G28: 49.38 | H28: 17.54 | I28: 3.92 | J28: 1.55 | K28: 336.34 | L28: 33.48 | M28: 38.54 | N28: 12.9 | O28: 0 | P28: 0.64 | Q28: 9.49
A29: 03-06-2024 21:00 | B29: 2.61 | C29: 1.67 | D29: 4.19 | E29: 0.53 | F29: 5.14 | G29: 50.82 | H29: 17.54 | I29: 4.31 | J29: 0.87 | K29: 326.25 | L29: 31.99 | M29: 40.55 | N29: 13 | O29: 0 | P29: 0.71 | Q29: 9.49
A30: 03-06-2024 22:00 | B30: 2.6 | C30: 1.6 | D30: 4.11 | E30: 0.56 | F30: 4.72 | G30: 55.48 | H30: 19.41 | I30: 5.06 | J30: 1.8 | K30: 194.52 | L30: 31.56 | M30: 45.77 | N30: 13 | O30: 0 | P30: 0.69 | Q30: 9.46
A31: 03-06-2024 23:00 | B31: 2.62 | C31: 1.26 | D31: 3.78 | E31: 0.43 | F31: 4.32 | G31: 55.48 | H31: 19.47 | I31: 5.76 | J31: 1.38 | K31: 164.41 | L31: 30.52 | M31: 49.27 | N31: 13 | O31: 0 | P31: 0.64 | Q31: 9.4
A32: 03-06-2024 24:00 | B32: 2.66 | C32: 1.48 | D32: 4.06 | E32: 0.69 | F32: 4.76 | G32: 50.13 | H32: 19.47 | I32: 5.66 | J32: 1.24 | K32: 162.85 | L32: 29.97 | M32: 50.68 | N32: 12.8 | O32: 0 | P32: 0.58 | Q32: 9.46
A34: Min | B34: =MIN(B9:B32) -> 2.47 | C34: =MIN(C9:C32) -> 0.96 | D34: =MIN(D9:D32) -> 3.34 | E34: =MIN(E9:E32) -> 0.43 | F34: =MIN(F9:F32) -> 4.22 | G34: =MIN(G9:G32) -> 19.05 | H34: =MIN(H9:H32) -> 7.71 | I34: =MIN(I9:I32) -> 1.84 | ... Q34: =MIN(Q9:Q32) -> 9.3
A35: Max | B35: =MAX(B9:B32) -> 2.85 | C35: =MAX(C9:C32) -> 2.82 | D35: =MAX(D9:D32) -> 4.91 | E35: =MAX(E9:E32) -> 3.99 | F35: =MAX(F9:F32) -> 18.54 | G35: =MAX(G9:G32) -> 74.14 | H35: =MAX(H9:H32) -> 19.47 | I35: =MAX(I9:I32) -> 9.85 | ... Q35: =MAX(Q9:Q32) -> 9.55
A36: Avg | B36: =AVERAGE(B9:B32) -> 2.6491667 | C36: =AVERAGE(C9:C32) -> 1.6741667 | D36: =AVERAGE(D9:D32) -> 4.1 | E36: =AVERAGE(E9:E32) -> 1.4565217 | F36: =AVERAGE(F9:F32) -> 8.2366667 | G36: =AVERAGE(G9:G32) -> 41.240435 | H36: =AVERAGE(H9:H32) -> 14.455652 | I36: =AVERAGE(I9:I32) -> 5.5566667 | ... Q36: =AVERAGE(Q9:Q32) -> 9.4366667
A37: Stdev | B37: =STDEV(B9:B32) -> 0.12437379 | C37: =STDEV(C9:C32) -> 0.5736528 | D37: =STDEV(D9:D32) -> 0.45005314 | E37: =STDEV(E9:E32) -> 1.013646 | F37: =STDEV(F9:F32) -> 4.35165 | G37: =STDEV(G9:G32) -> 16.811164 | H37: =STDEV(H9:H32) -> 3.7126024 | I37: =STDEV(I9:I32) -> 2.229743 | ... Q37: =STDEV(Q9:Q32) -> 0.060337217
A38: Num | B38: =COUNT(B9:B32) -> 24 | C38: =COUNT(C9:C32) -> 24 | D38: =COUNT(D9:D32) -> 24 | E38: =COUNT(E9:E32)+1 -> 24 | F38: =COUNT(F9:F32) -> 24 | G38: =COUNT(G9:G32)+1 -> 24 | H38: =COUNT(H9:H32)+1 -> 24 | I38: =COUNT(I9:I32) -> 24 | J38: =COUNT(J9:J32) -> 24 | K38: =COUNT(K9:K32) -> 24 | L38: =COUNT(L9:L32) -> 24 | M38: =COUNT(M9:M32) -> 24 | N38: =COUNT(N9:N32) -> 24 | O38: =COUNT(O9:O32) -> 24 | P38: =COUNT(P9:P32) -> 24 | Q38: =COUNT(Q9:Q32) -> 24
A39: DCR | B39: =IF(B38>=22,">90%",IF(B38<=22,"<90%")) -> >90% | C39: =IF(C38>=22,">90%",IF(C38<=22,"<90%")) -> >90% | D39: =IF(D38>=22,">90%",IF(D38<=22,"<90%")) -> >90% | E39: =IF(E38>=22,">90%",IF(E38<=22,"<90%")) -> >90% | F39: =IF(F38>=22,">90%",IF(F38<=22,"<90%")) -> >90% | G39: =IF(G38>=22,">90%",IF(G38<=22,"<90%")) -> >90% | H39: =IF(H38>=22,">90%",IF(H38<=22,"<90%")) -> >90% | I39: =IF(I38>=22,">90%",IF(I38<=22,"<90%")) -> >90% | ... Q39: =IF(Q38>=22,">90%",IF(Q38<=22,"<90%")) -> >90%
A40: Status | B40: =IF(B38>=22,"OK",IF(B38<=22,"LESS")) -> OK | C40: =IF(C38>=22,"OK",IF(C38<=22,"LESS")) -> OK | D40: =IF(D38>=22,"OK",IF(D38<=22,"LESS")) -> OK | E40: =IF(E38>=22,"OK",IF(E38<=22,"LESS")) -> OK | F40: =IF(F38>=22,"OK",IF(F38<=22,"LESS")) -> OK | G40: =IF(G38>=22,"OK",IF(G38<=22,"LESS")) -> OK | H40: =IF(H38>=22,"OK",IF(H38<=22,"LESS")) -> OK | I40: =IF(I38>=22,"OK",IF(I38<=22,"LESS")) -> OK | ... Q40: =IF(Q38>=22,"OK",IF(Q38<=22,"LESS")) -> OK
A43: Done by | B43: RAHUL
A45: Comment

Sheet 04
A1: Station: | B1: BHATAGAON RAIPUR
A2: Date: | B2: =$A$9 -> 04-06-2024 01:00 | D2: Power Off | G2: Pw.Off | L2: Link Fail | N2: Link F | P2: Maintenance | R2: Maint.
A3: Report Type: | B3: Mean | D3: Calibration | G3: Calib. | L3: Data Fail | N3: Data F | P3: Invalid | R3: Invalid
A4: Time Base: | B4: 01 Hour | D4: Zero Referrence | G4: Z.Ref | L4: Warm Up | N4: Wm. Up
A7: Date & Time | B7: NO_BHATAGAON | C7: NO2_BHATAGAON | D7: NOX_BHATAGAON | E7: SO2_BHATAGAON | F7: O3_BHATAGAON | G7: PM10_BHATAGAON | H7: PM2_5_BHATAGAON | I7: BENZ_BHATAGAON | J7: WS_BHATAGAON | K7: WD_BHATAGAON | L7: TEMP_BHATAGAON | M7: HUM BHATAGAON | N7: SR_BHATAGAON | O7: RG_BHATAGAON | P7: CO_BHATAGAON | Q7: NH3_BHATAGAON
B8: ug/m3 | C8: ug/m3 | D8: ppb | E8: ug/m3 | F8: ug/m3 | G8: mg/m3 | H8: ug/m3 | I8: ug/m3 | J8: m/sec | K8: deg | L8: degreC | M8: % | N8: w/m2 | O8: mm | P8: ug/m3 | Q8: ug/m3
A9: 04-06-2024 01:00 | B9: 2.98 | C9: 3.2 | D9: 6.08 | E9: 1.05 | F9: 4.83 | G9: 44.13 | H9: 17.8 | I9: 6.28 | J9: 1.12 | K9: 183.84 | L9: 29.18 | M9: 52.3 | N9: 13 | O9: 0 | P9: 0.55 | Q9: 9.44
A10: 04-06-2024 02:00 | B10: 2.99 | C10: 3.75 | D10: 6.65 | E10: 0.94 | F10: 5.54 | G10: 38.92 | H10: 13.85 | I10: 5.81 | J10: 0.81 | K10: 163.32 | L10: 28.76 | M10: 57.67 | N10: 13.3 | O10: 0 | P10: 0.47 | Q10: 9.42
A11: 04-06-2024 03:00 | B11: 3.04 | C11: 3.58 | D11: 6.53 | E11: 1.17 | F11: 4.43 | G11: 34.02 | H11: 13.67 | I11: 5.3 | J11: 0.89 | K11: 241.02 | L11: 27.66 | M11: 58.97 | N11: 13 | O11: 0 | P11: 0.43 | Q11: 9.39
A12: 04-06-2024 04:00 | B12: 3.12 | C12: 3.28 | D12: 6.3 | E12: 1.55 | F12: 4.18 | G12: 31.97 | H12: 13.26 | I12: 4.6 | J12: 0.73 | K12: 235.52 | L12: 27.44 | M12: 60.77 | N12: 13 | O12: 0 | P12: 0.4 | Q12: 9.41
A13: 04-06-2024 05:00 | B13: 3.28 | C13: 4.25 | D13: 7.44 | E13: 2.01 | F13: 4.7 | G13: 31.04 | H13: 12.58 | I13: 5.11 | J13: 0.46 | K13: 263.29 | L13: 27.04 | M13: 63.23 | N13: 13.2 | O13: 0 | P13: 0.38 | Q13: 9.4
A14: 04-06-2024 06:00 | B14: 3.25 | C14: 4.45 | D14: 7.6 | E14: 1.99 | F14: 4.86 | G14: 21.31 | H14: 10.59 | I14: 5.21 | J14: 0.36 | K14: 348.1 | L14: 27.34 | M14: 63.08 | N14: 44.4 | O14: 0 | P14: 0.36 | Q14: 9.43
A15: 04-06-2024 07:00 | B15: 3.18 | C15: 4.7 | D15: 7.75 | E15: 2.05 | F15: 5.58 | G15: 26.15 | H15: 11.37 | I15: 4.58 | J15: 0.5 | K15: 353.41 | L15: 28.6 | M15: 61.4 | N15: 199.6 | O15: 0 | P15: 0.35 | Q15: 9.41
A16: 04-06-2024 08:00 | B16: 3.07 | C16: 4.52 | D16: 7.51 | E16: 1.74 | F16: 8.78 | G16: 26.15 | H16: 11.94 | I16: 3.74 | J16: 0.63 | K16: 355.6 | L16: 29.46 | M16: 57.24 | N16: 312.2 | O16: 0 | P16: 0.33 | Q16: 9.36
A17: 04-06-2024 09:00 | B17: 2.91 | C17: 3.73 | D17: 6.55 | E17: 1.13 | F17: 7.92 | G17: 26.65 | H17: 11.94 | I17: 2.96 | J17: 0.69 | K17: 343.3 | L17: 33.5 | M17: 50.95 | N17: 589.4 | O17: 0 | P17: 0.4 | Q17: 9.38
A18: 04-06-2024 10:00 | B18: 2.97 | C18: 4.69 | D18: 7.57 | E18: 1.19 | F18: 7.39 | G18: 30.74 | H18: 14.42 | I18: 3.73 | J18: 1.26 | K18: 331.83 | L18: 36.54 | M18: 39.49 | N18: 730 | O18: 0 | P18: 0.53 | Q18: 9.39
A19: 04-06-2024 11:00 | B19: 2.91 | C19: 4.13 | D19: 6.95 | E19: 1.09 | F19: 7.34 | G19: 35.73 | H19: 17.14 | I19: 3.78 | J19: 1.57 | K19: 331.27 | L19: 39.96 | M19: 32.31 | N19: 816.4 | O19: 0 | P19: 0.53 | Q19: 9.4
A20: 04-06-2024 12:00 | B20: 2.87 | C20: 3.72 | D20: 6.5 | E20: 2.55 | F20: 7.29 | G20: 35.73 | H20: 17.14 | I20: 3.17 | J20: 2.24 | K20: 333.74 | L20: 40.23 | M20: 26.88 | N20: 841.7 | O20: 0 | P20: 0.51 | Q20: 9.39
... A32: 04-06-2024 24:00 | B32: 2.7 | C32: 1.81 | D32: 4.42 | E32: 1.61 | F32: 5.75 | G32: 38.46 | H32: 15.82 | I32: 7.53 | J32: 2.5 | K32: 196.14 | L32: 27.13 | M32: 63.05 | N32: 15.1 | O32: 0 | P32: 0.38 | Q32: 9.48
A34: Min | B34: =MIN(B9:B32) -> 2.57 | C34: =MIN(C9:C32) -> 1.27 | D34: =MIN(D9:D32) -> 3.84 | E34: =MIN(E9:E32) -> 0.9 | F34: =MIN(F9:F32) -> 4.18 | G34: =MIN(G9:G32) -> 21.31 | H34: =MIN(H9:H32) -> 10.59 | I34: =MIN(I9:I32) -> 2.96 | ... Q34: =MIN(Q9:Q32) -> 9.32
A35: Max | B35: =MAX(B9:B32) -> 3.28 | C35: =MAX(C9:C32) -> 4.7 | D35: =MAX(D9:D32) -> 7.75 | E35: =MAX(E9:E32) -> 2.55 | F35: =MAX(F9:F32) -> 11.25 | G35: =MAX(G9:G32) -> 62.37 | H35: =MAX(H9:H32) -> 21.18 | I35: =MAX(I9:I32) -> 7.74 | ... Q35: =MAX(Q9:Q32) -> 9.48
A36: Avg | B36: =AVERAGE(B9:B32) -> 2.885 | C36: =AVERAGE(C9:C32) -> 3.06375 | D36: =AVERAGE(D9:D32) -> 5.8541667 | E36: =AVERAGE(E9:E32) -> 1.5766667 | F36: =AVERAGE(F9:F32) -> 6.5141667 | G36: =AVERAGE(G9:G32) -> 38.784583 | H36: =AVERAGE(H9:H32) -> 16.288333 | I36: =AVERAGE(I9:I32) -> 4.8629167 | ... Q36: =AVERAGE(Q9:Q32) -> 9.3995833
A37: Stdev | B37: =STDEV(B9:B32) -> 0.19960831 | C37: =STDEV(C9:C32) -> 1.1153779 | D37: =STDEV(D9:D32) -> 1.2922004 | E37: =STDEV(E9:E32) -> 0.48117308 | F37: =STDEV(F9:F32) -> 1.9553403 | G37: =STDEV(G9:G32) -> 10.91171 | H37: =STDEV(H9:H32) -> 3.3069764 | I37: =STDEV(I9:I32) -> 1.4254106 | ... Q37: =STDEV(Q9:Q32) -> 0.04298424
A38: Num | B38: =COUNT(B9:B32) -> 24 | C38: =COUNT(C9:C32) -> 24 | D38: =COUNT(D9:D32) -> 24 | E38: =COUNT(E9:E32) -> 24 | F38: =COUNT(F9:F32) -> 24 | G38: =COUNT(G9:G32) -> 24 | H38: =COUNT(H9:H32) -> 24 | I38: =COUNT(I9:I32) -> 24 | ... Q38: =COUNT(Q9:Q32) -> 24
A39: DCR | B39: =IF(B38>=22,">90%",IF(B38<=22,"<90%")) -> >90% | C39: =IF(C38>=22,">90%",IF(C38<=22,"<90%")) -> >90% | D39: =IF(D38>=22,">90%",IF(D38<=22,"<90%")) -> >90% | E39: =IF(E38>=22,">90%",IF(E38<=22,"<90%")) -> >90% | F39: =IF(F38>=22,">90%",IF(F38<=22,"<90%")) -> >90% | G39: =IF(G38>=22,">90%",IF(G38<=22,"<90%")) -> >90% | H39: =IF(H38>=22,">90%",IF(H38<=22,"<90%")) -> >90% | I39: =IF(I38>=22,">90%",IF(I38<=22,"<90%")) -> >90% | ... Q39: =IF(Q38>=22,">90%",IF(Q38<=22,"<90%")) -> >90%
A40: Status | B40: =IF(B38>=22,"OK",IF(B38<=22,"LESS")) -> OK | C40: =IF(C38>=22,"OK",IF(C38<=22,"LESS")) -> OK | D40: =IF(D38>=22,"OK",IF(D38<=22,"LESS")) -> OK | E40: =IF(E38>=22,"OK",IF(E38<=22,"LESS")) -> OK | F40: =IF(F38>=22,"OK",IF(F38<=22,"LESS")) -> OK | G40: =IF(G38>=22,"OK",IF(G38<=22,"LESS")) -> OK | H40: =IF(H38>=22,"OK",IF(H38<=22,"LESS")) -> OK | I40: =IF(I38>=22,"OK",IF(I38<=22,"LESS")) -> OK | ... Q40: =IF(Q38>=22,"OK",IF(Q38<=22,"LESS")) -> OK
A43: Done by | B43: RAHUL
A45: Comment

Sheet 05
A1: Station: | B1: BHATAGAON RAIPUR
A2: Date: | B2: =$A$9 -> 05-06-2024 01:00 | D2: Power Off | G2: Pw.Off | L2: Link Fail | N2: Link F | P2: Maintenance | R2: Maint.
A3: Report Type: | B3: Mean | D3: Calibration | G3: Calib. | L3: Data Fail | N3: Data F | P3: Invalid | R3: Invalid
A4: Time Base: | B4: 01 Hour | D4: Zero Referrence | G4: Z.Ref | L4: Warm Up | N4: Wm. Up
A7: Date & Time | B7: NO_BHATAGAON | C7: NO2_BHATAGAON | D7: NOX_BHATAGAON | E7: SO2_BHATAGAON | F7: O3_BHATAGAON | G7: PM10_BHATAGAON | H7: PM2_5_BHATAGAON | I7: BENZ_BHATAGAON | J7: WS_BHATAGAON | K7: WD_BHATAGAON | L7: TEMP_BHATAGAON | M7: HUM BHATAGAON | N7: SR_BHATAGAON | O7: RG_BHATAGAON | P7: CO_BHATAGAON | Q7: NH3_BHATAGAON
B8: ug/m3 | C8: ug/m3 | D8: ppb | E8: ug/m3 | F8: ug/m3 | G8: mg/m3 | H8: ug/m3 | I8: ug/m3 | J8: m/sec | K8: deg | L8: degreC | M8: % | N8: w/m2 | O8: mm | P8: ug/m3 | Q8: ug/m3
A9: 05-06-2024 01:00 | B9: 2.75 | C9: 2.1 | D9: 4.76 | E9: 1.07 | F9: 5.31 | G9: 33.99 | H9: 15.51 | I9: 6.69 | J9: 3.15 | K9: 348.31 | L9: 27.38 | M9: 60.64 | N9: 14.9 | O9: 0 | P9: 0.35 | Q9: 9.46
A10: 05-06-2024 02:00 | B10: 2.58 | C10: 1.28 | D10: 3.77 | E10: 1.25 | F10: 7.4 | G10: 42.73 | H10: 16 | I10: 5.42 | J10: 2.63 | K10: 343.38 | L10: 27.35 | M10: 64.11 | N10: 17.1 | O10: 0 | P10: 0.34 | Q10: 9.46
A11: 05-06-2024 03:00 | B11: 2.55 | C11: 0.87 | D11: 3.33 | E11: 1.39 | F11: 7.09 | G11: 42.73 | H11: 16 | I11: 4.14 | J11: 0.86 | K11: 149.48 | L11: 25.3 | M11: 77.16 | N11: 15.7 | O11: 0.2 | P11: 0.29 | Q11: 9.41
A12: 05-06-2024 04:00 | B12: 2.65 | C12: 1.23 | D12: 3.79 | E12: 1.3 | F12: 4.37 | G12: 36.97 | H12: 13.66 | I12: 4.76 | J12: 1.34 | K12: 161.86 | L12: 25.77 | M12: 70.15 | N12: 16 | O12: 0 | P12: 0.28 | Q12: 9.45
A13: 05-06-2024 05:00 | B13: 2.61 | C13: 1.28 | D13: 3.79 | E13: 1.18 | F13: 4.41 | G13: 48.17 | H13: 13.66 | I13: 4.99 | J13: 1.71 | K13: 348.26 | L13: 25.97 | M13: 72.57 | N13: 16 | O13: 0 | P13: 0.29 | Q13: 9.44
A14: 05-06-2024 06:00 | B14: 2.73 | C14: 1.71 | D14: 4.35 | E14: 1.51 | F14: 5.04 | G14: 52.12 | H14: 13.5 | I14: 4.74 | J14: 3.4 | K14: 347.41 | L14: 25.29 | M14: 76.05 | N14: 40.6 | O14: 0 | P14: 0.34 | Q14: 9.51
A15: 05-06-2024 07:00 | B15: 2.64 | C15: 1.4 | D15: 3.95 | E15: 1.05 | F15: 5.99 | G15: 52.12 | H15: 16.26 | I15: 4.26 | J15: 3.3 | K15: 344.06 | L15: 24.58 | M15: 76.69 | N15: 83.5 | O15: 0 | P15: 0.34 | Q15: 9.42
A16: 05-06-2024 08:00 | B16: 2.57 | C16: 1.16 | D16: 3.65 | E16: 1.81 | F16: 6.66 | G16: 49.07 | H16: 16.26 | I16: 3.32 | J16: 3.13 | K16: 336 | L16: 29.74 | M16: 66.98 | N16: 419.1 | O16: 0 | P16: 0.33 | Q16: 9.44
A17: 05-06-2024 09:00 | B17: 2.73 | C17: 1.96 | D17: 4.6 | E17: 1.51 | F17: 6.82 | G17: 40.33 | H17: 11.93 | I17: 2.6 | J17: 1.84 | K17: 314.96 | L17: 32.83 | M17: 50.87 | N17: 598.2 | O17: 0 | P17: 0.32 | Q17: 9.47
A18: 05-06-2024 10:00 | B18: 2.5 | C18: 1.05 | D18: 3.46 | E18: 1.45 | F18: 7.58 | G18: 29.59 | H18: 9.05 | I18: 2.24 | J18: 0.95 | K18: 351.02 | L18: 33.78 | M18: 44.96 | N18: 849.7 | O18: 0 | P18: 0.32 | Q18: 9.45
A19: 05-06-2024 11:00 | B19: 2.64 | C19: 1.55 | D19: 4.11 | E19: 1.73 | F19: 13.15 | G19: 26.94 | H19: 9.85 | I19: 2.74 | J19: 0.66 | K19: 357.21 | L19: 33.4 | M19: 46.2 | N19: 923 | O19: 0 | P19: 0.71 | Q19: 9.5
A20: 05-06-2024 12:00 | B20: 2.62 | C20: 1.76 | D20: 4.29 | E20: 1.62 | F20: 11.14 | G20: 25.93 | H20: 13.46 | I20: 4.61 | J20: 1.41 | K20: 342.54 | L20: 35.15 | M20: 44.59 | N20: 630.2 | O20: 0 | P20: 0.71 | Q20: 9.38
... A32: 05-06-2024 24:00 | B32: 2.6 | C32: 1.63 | D32: 4.08 | E32: 2.32 | F32: 4.7 | G32: 40.56 | H32: 20.73 | I32: 5.99 | J32: 0.63 | K32: 169.81 | L32: 28.09 | M32: 51.81 | N32: 19.9 | O32: 0 | P32: 0.48 | Q32: 9.53
A34: Min | B34: =MIN(B9:B32) -> 2.42 | C34: =MIN(C9:C32) -> 0.87 | D34: =MIN(D9:D32) -> 3.33 | E34: =MIN(E9:E32) -> 1.05 | F34: =MIN(F9:F32) -> 4.05 | G34: =MIN(G9:G32) -> 25.93 | H34: =MIN(H9:H32) -> 9.05 | I34: =MIN(I9:I32) -> 2.24 | ... Q34: =MIN(Q9:Q32) -> 9.38
A35: Max | B35: =MAX(B9:B32) -> 2.79 | C35: =MAX(C9:C32) -> 2.89 | D35: =MAX(D9:D32) -> 4.78 | E35: =MAX(E9:E32) -> 2.41 | F35: =MAX(F9:F32) -> 21.49 | G35: =MAX(G9:G32) -> 52.12 | H35: =MAX(H9:H32) -> 20.73 | I35: =MAX(I9:I32) -> 6.94 | ... Q35: =MAX(Q9:Q32) -> 9.7
A36: Avg | B36: =AVERAGE(B9:B32) -> 2.5866667 | C36: =AVERAGE(C9:C32) -> 1.6125 | D36: =AVERAGE(D9:D32) -> 4.0508333 | E36: =AVERAGE(E9:E32) -> 1.7525 | F36: =AVERAGE(F9:F32) -> 7.1679167 | G36: =AVERAGE(G9:G32) -> 39.185417 | H36: =AVERAGE(H9:H32) -> 15.805833 | I36: =AVERAGE(I9:I32) -> 4.9516667 | ... Q36: =AVERAGE(Q9:Q32) -> 9.4841667
A37: Stdev | B37: =STDEV(B9:B32) -> 0.097162646 | C37: =STDEV(C9:C32) -> 0.47436227 | D37: =STDEV(D9:D32) -> 0.38310989 | E37: =STDEV(E9:E32) -> 0.43165254 | F37: =STDEV(F9:F32) -> 3.9468777 | G37: =STDEV(G9:G32) -> 7.3851155 | H37: =STDEV(H9:H32) -> 2.8646161 | I37: =STDEV(I9:I32) -> 1.3227201 | ... Q37: =STDEV(Q9:Q32) -> 0.065136423
A38: Num | B38: =COUNT(B9:B32) -> 24 | C38: =COUNT(C9:C32) -> 24 | D38: =COUNT(D9:D32) -> 24 | E38: =COUNT(E9:E32) -> 24 | F38: =COUNT(F9:F32) -> 24 | G38: =COUNT(G9:G32) -> 24 | H38: =COUNT(H9:H32) -> 24 | I38: =COUNT(I9:I32) -> 24 | ... Q38: =COUNT(Q9:Q32) -> 24
A39: DCR | B39: =IF(B38>=22,">90%",IF(B38<=22,"<90%")) -> >90% | C39: =IF(C38>=22,">90%",IF(C38<=22,"<90%")) -> >90% | D39: =IF(D38>=22,">90%",IF(D38<=22,"<90%")) -> >90% | E39: =IF(E38>=22,">90%",IF(E38<=22,"<90%")) -> >90% | F39: =IF(F38>=22,">90%",IF(F38<=22,"<90%")) -> >90% | G39: =IF(G38>=22,">90%",IF(G38<=22,"<90%")) -> >90% | H39: =IF(H38>=22,">90%",IF(H38<=22,"<90%")) -> >90% | I39: =IF(I38>=22,">90%",IF(I38<=22,"<90%")) -> >90% | ... Q39: =IF(Q38>=22,">90%",IF(Q38<=22,"<90%")) -> >90%
A40: Status | B40: =IF(B38>=22,"OK",IF(B38<=22,"LESS")) -> OK | C40: =IF(C38>=22,"OK",IF(C38<=22,"LESS")) -> OK | D40: =IF(D38>=22,"OK",IF(D38<=22,"LESS")) -> OK | E40: =IF(E38>=22,"OK",IF(E38<=22,"LESS")) -> OK | F40: =IF(F38>=22,"OK",IF(F38<=22,"LESS")) -> OK | G40: =IF(G38>=22,"OK",IF(G38<=22,"LESS")) -> OK | H40: =IF(H38>=22,"OK",IF(H38<=22,"LESS")) -> OK | I40: =IF(I38>=22,"OK",IF(I38<=22,"LESS")) -> OK | ... Q40: =IF(Q38>=22,"OK",IF(Q38<=22,"LESS")) -> OK
A43: Done by | B43: RAHUL
A45: Comment

Sheet 06
A1: Station: | B1: BHATAGAON RAIPUR
A2: Date: | B2: =$A$9 -> 06-06-2024 01:00 | D2: Power Off | G2: Pw.Off | L2: Link Fail | N2: Link F | P2: Maintenance | R2: Maint.
A3: Report Type: | B3: Mean | D3: Calibration | G3: Calib. | L3: Data Fail | N3: Data F | P3: Invalid | R3: Invalid
A4: Time Base: | B4: 01 Hour | D4: Zero Referrence | G4: Z.Ref | L4: Warm Up | N4: Wm. Up
A7: Date & Time | B7: NO_BHATAGAON | C7: NO2_BHATAGAON | D7: NOX_BHATAGAON | E7: SO2_BHATAGAON | F7: O3_BHATAGAON | G7: PM10_BHATAGAON | H7: PM2_5_BHATAGAON | I7: BENZ_BHATAGAON | J7: WS_BHATAGAON | K7: WD_BHATAGAON | L7: TEMP_BHATAGAON | M7: HUM BHATAGAON | N7: SR_BHATAGAON | O7: RG_BHATAGAON | P7: CO_BHATAGAON | Q7: NH3_BHATAGAON
B8: ug/m3 | C8: ug/m3 | D8: ppb | E8: ug/m3 | F8: ug/m3 | G8: mg/m3 | H8: ug/m3 | I8: ug/m3 | J8: m/sec | K8: deg | L8: degreC | M8: % | N8: w/m2 | O8: mm | P8: ug/m3 | Q8: ug/m3
A9: 06-06-2024 01:00 | B9: 2.55 | C9: 1.34 | D9: 3.89 | E9: 0.32 | F9: 4.16 | G9: 34.57 | H9: 20.73 | I9: 5.45 | J9: 0.69 | K9: 221.08 | L9: 28.19 | M9: 53.9 | N9: 20 | O9: 0 | P9: 0.45 | Q9: 9.47
A10: 06-06-2024 02:00 | B10: 2.6 | C10: 1.32 | D10: 3.92 | E10: 0.49 | F10: 3.94 | G10: 32.15 | H10: 17.72 | I10: 4.41 | J10: 0.66 | K10: 344.87 | L10: 27.83 | M10: 57.34 | N10: 20.3 | O10: 0 | P10: 0.44 | Q10: 9.46
A11: 06-06-2024 03:00 | B11: 2.66 | C11: 1.45 | D11: 4.04 | E11: 0.71 | F11: 4.71 | G11: 30.54 | H11: 16.36 | I11: 5.29 | J11: 1.02 | K11: 341.3 | L11: 27.49 | M11: 60.51 | N11: 20.3 | O11: 0 | P11: 0.43 | Q11: 9.52
A12: 06-06-2024 04:00 | B12: 2.68 | C12: 1.74 | D12: 4.2 | E12: 1.56 | F12: 4.79 | G12: 28.55 | H12: 15.55 | I12: 5.87 | J12: 0.51 | K12: 239.72 | L12: 26.97 | M12: 63 | N12: 20.2 | O12: 0 | P12: 0.41 | Q12: 9.5
A13: 06-06-2024 05:00 | B13: 2.68 | C13: 1.61 | D13: 4.14 | E13: 2.14 | F13: 4.16 | G13: 26.93 | H13: 13.49 | I13: 5.62 | J13: 0.46 | K13: 34.55 | L13: 26.9 | M13: 61.82 | N13: 20.5 | O13: 0 | P13: 0.41 | Q13: 9.47
A14: 06-06-2024 06:00 | B14: 2.59 | C14: 1.3 | D14: 3.9 | E14: 1.87 | F14: 4.03 | G14: 31.95 | H14: 11.98 | I14: 5.31 | J14: 0.2 | K14: 244.92 | L14: 26.59 | M14: 65.44 | N14: 63.6 | O14: 0 | P14: 0.4 | Q14: 9.51
A15: 06-06-2024 07:00 | B15: 2.61 | C15: 1.1 | D15: 3.81 | E15: 2.36 | F15: 3.68 | G15: 32.09 | H15: 12.36 | I15: 5.37 | J15: 0.42 | K15: 244.2 | L15: 28.38 | M15: 64.64 | N15: 219.8 | O15: 0 | P15: 0.4 | Q15: 9.48
A16: 06-06-2024 08:00 | B16: 2.68 | C16: 1.76 | D16: 4.21 | E16: 2.23 | F16: 6.95 | G16: 34.16 | H16: 12.36 | I16: 5.92 | J16: 0.44 | K16: 26.95 | L16: 30.13 | M16: 60.07 | N16: 427 | O16: 0 | P16: 0.41 | Q16: 9.52
A17: 06-06-2024 09:00 | B17: 2.54 | C17: 1.32 | D17: 3.88 | E17: 2.08 | F17: 6.85 | G17: 34.59 | H17: 12.55 | I17: 5.16 | J17: 0.54 | K17: 352.04 | L17: 32.59 | M17: 52.4 | N17: 506.8 | O17: 0 | P17: 0.38 | Q17: 9.48
A18: 06-06-2024 10:00 | B18: 2.45 | C18: 0.95 | D18: 3.6 | E18: 2 | F18: 8.44 | G18: 34.59 | H18: 12.55 | I18: 3.72 | J18: 0.64 | K18: 354.83 | L18: 34.79 | M18: 44.9 | N18: 761.6 | O18: 0 | P18: 0.44 | Q18: 9.43
A19: 06-06-2024 11:00 | B19: 2.46 | C19: 1.01 | D19: 3.65 | E19: 1.88 | F19: 10.08 | G19: 36.35 | H19: 15.45 | I19: 4.61 | J19: 1 | K19: 357.11 | L19: 36.06 | M19: 40.61 | N19: 844.9 | O19: 0 | P19: 0.59 | Q19: 9.43
A20: 06-06-2024 12:00 | B20: 2.46 | C20: 1.06 | D20: 3.67 | E20: 2.17 | F20: 8.87 | G20: 41.05 | H20: 17.25 | I20: 5.01 | J20: 1.49 | K20: 329.03 | L20: 38.98 | M20: 33.12 | N20: 852.2 | O20: 0 | P20: 0.61 | Q20: 9.43
... A32: 06-06-2024 24:00 | B32: 2.68 | C32: 1.76 | D32: 4.21 | E32: 1.21 | F32: 4.42 | G32: 40.88 | H32: 17.17 | I32: 4.52 | J32: 1.12 | K32: 194.06 | L32: 27.44 | M32: 62.52 | N32: 19 | O32: 0 | P32: 0.43 | Q32: 9.42
A34: Min | B34: =MIN(B9:B32) -> 2.38 | C34: =MIN(C9:C32) -> 0.87 | D34: =MIN(D9:D32) -> 3.51 | E34: =MIN(E9:E32) -> 0.32 | F34: =MIN(F9:F32) -> 3.68 | G34: =MIN(G9:G32) -> 26.93 | H34: =MIN(H9:H32) -> 11.98 | I34: =MIN(I9:I32) -> 3.72 | ... Q34: =MIN(Q9:Q32) -> 9.36
A35: Max | B35: =MAX(B9:B32) -> 2.7 | C35: =MAX(C9:C32) -> 1.79 | D35: =MAX(D9:D32) -> 4.23 | E35: =MAX(E9:E32) -> 2.36 | F35: =MAX(F9:F32) -> 10.08 | G35: =MAX(G9:G32) -> 45.44 | H35: =MAX(H9:H32) -> 20.73 | I35: =MAX(I9:I32) -> 6.75 | ... Q35: =MAX(Q9:Q32) -> 9.52
A36: Avg | B36: =AVERAGE(B9:B32) -> 2.56125 | C36: =AVERAGE(C9:C32) -> 1.3279167 | D36: =AVERAGE(D9:D32) -> 3.8925 | E36: =AVERAGE(E9:E32) -> 1.5179167 | F36: =AVERAGE(F9:F32) -> 6.2545833 | G36: =AVERAGE(G9:G32) -> 37.388333 | H36: =AVERAGE(H9:H32) -> 16.292083 | I36: =AVERAGE(I9:I32) -> 5.1679167 | ... Q36: =AVERAGE(Q9:Q32) -> 9.4370833
A37: Stdev | B37: =STDEV(B9:B32) -> 0.096922762 | C37: =STDEV(C9:C32) -> 0.28734132 | D37: =STDEV(D9:D32) -> 0.22130542 | E37: =STDEV(E9:E32) -> 0.5659158 | F37: =STDEV(F9:F32) -> 1.9892974 | G37: =STDEV(G9:G32) -> 5.7071372 | H37: =STDEV(H9:H32) -> 2.634883 | I37: =STDEV(I9:I32) -> 0.74905145 | ... Q37: =STDEV(Q9:Q32) -> 0.049998188
A38: Num | B38: =COUNT(B9:B32) -> 24 | C38: =COUNT(C9:C32) -> 24 | D38: =COUNT(D9:D32) -> 24 | E38: =COUNT(E9:E32) -> 24 | F38: =COUNT(F9:F32) -> 24 | G38: =COUNT(G9:G32) -> 24 | H38: =COUNT(H9:H32) -> 24 | I38: =COUNT(I9:I32) -> 24 | ... Q38: =COUNT(Q9:Q32) -> 24
A39: DCR | B39: =IF(B38>=22,">90%",IF(B38<=22,"<90%")) -> >90% | C39: =IF(C38>=22,">90%",IF(C38<=22,"<90%")) -> >90% | D39: =IF(D38>=22,">90%",IF(D38<=22,"<90%")) -> >90% | E39: =IF(E38>=22,">90%",IF(E38<=22,"<90%")) -> >90% | F39: =IF(F38>=22,">90%",IF(F38<=22,"<90%")) -> >90% | G39: =IF(G38>=22,">90%",IF(G38<=22,"<90%")) -> >90% | H39: =IF(H38>=22,">90%",IF(H38<=22,"<90%")) -> >90% | I39: =IF(I38>=22,">90%",IF(I38<=22,"<90%")) -> >90% | ... Q39: =IF(Q38>=22,">90%",IF(Q38<=22,"<90%")) -> >90%
A40: Status | B40: =IF(B38>=22,"OK",IF(B38<=22,"LESS")) -> OK | C40: =IF(C38>=22,"OK",IF(C38<=22,"LESS")) -> OK | D40: =IF(D38>=22,"OK",IF(D38<=22,"LESS")) -> OK | E40: =IF(E38>=22,"OK",IF(E38<=22,"LESS")) -> OK | F40: =IF(F38>=22,"OK",IF(F38<=22,"LESS")) -> OK | G40: =IF(G38>=22,"OK",IF(G38<=22,"LESS")) -> OK | H40: =IF(H38>=22,"OK",IF(H38<=22,"LESS")) -> OK | I40: =IF(I38>=22,"OK",IF(I38<=22,"LESS")) -> OK | ... Q40: =IF(Q38>=22,"OK",IF(Q38<=22,"LESS")) -> OK
A43: Done by | B43: RAHUL
A45: Comment

Sheet 07
A1: Station: | B1: BHATAGAON RAIPUR
A2: Date: | B2: =$A$9 -> 07-06-2024 01:00 | D2: Power Off | G2: Pw.Off | L2: Link Fail | N2: Link F | P2: Maintenance | R2: Maint.
A3: Report Type: | B3: Mean | D3: Calibration | G3: Calib. | L3: Data Fail | N3: Data F | P3: Invalid | R3: Invalid
A4: Time Base: | B4: 01 Hour | D4: Zero Referrence | G4: Z.Ref | L4: Warm Up | N4: Wm. Up
A7: Date & Time | B7: NO_BHATAGAON | C7: NO2_BHATAGAON | D7: NOX_BHATAGAON | E7: SO2_BHATAGAON | F7: O3_BHATAGAON | G7: PM10_BHATAGAON | H7: PM2_5_BHATAGAON | I7: BENZ_BHATAGAON | J7: WS_BHATAGAON | K7: WD_BHATAGAON | L7: TEMP_BHATAGAON | M7: HUM BHATAGAON | N7: SR_BHATAGAON | O7: RG_BHATAGAON | P7: CO_BHATAGAON | Q7: NH3_BHATAGAON
B8: ug/m3 | C8: ug/m3 | D8: ppb | E8: ug/m3 | F8: ug/m3 | G8: mg/m3 | H8: ug/m3 | I8: ug/m3 | J8: m/sec | K8: deg | L8: degreC | M8: % | N8: w/m2 | O8: mm | P8: ug/m3 | Q8: ug/m3
A9: 07-06-2024 01:00 | B9: 2.57 | C9: 1.1 | D9: 3.78 | E9: 1.57 | F9: 3.91 | G9: 37.36 | H9: 17.17 | I9: 4.56 | J9: 0.64 | K9: 262.56 | L9: 27.14 | M9: 61.44 | N9: 18.8 | O9: 0 | P9: 0.39 | Q9: 9.42
A10: 07-06-2024 02:00 | B10: 2.62 | C10: 1.4 | D10: 3.98 | E10: 1.88 | F10: 5.78 | G10: 35.99 | H10: 14.22 | I10: 4.69 | J10: 0.4 | K10: 348.93 | L10: 26.93 | M10: 61.89 | N10: 18.9 | O10: 0 | P10: 0.38 | Q10: 9.44
A11: 07-06-2024 03:00 | B11: 2.64 | C11: 1.5 | D11: 4.04 | E11: 1.6 | F11: 5.02 | G11: 30.59 | H11: 14.36 | I11: 4.63 | J11: 0.26 | K11: 321.87 | L11: 26.87 | M11: 63.1 | N11: 18.8 | O11: 0 | P11: 0.36 | Q11: 9.42
A12: 07-06-2024 04:00 | B12: 2.6 | C12: 1.08 | D12: 3.79 | E12: 1.75 | F12: 4.53 | G12: 31.35 | H12: 14.36 | I12: 4.05 | J12: 0.84 | K12: 255.92 | L12: 26.64 | M12: 65.63 | N12: 18.8 | O12: 0 | P12: 0.34 | Q12: 9.44
A13: 07-06-2024 05:00 | B13: 2.48 | C13: 0.82 | D13: 3.56 | E13: 1.36 | F13: 5.08 | G13: 31.35 | H13: 11.02 | I13: 3.84 | J13: 0.86 | K13: 193.51 | L13: 26.14 | M13: 67.95 | N13: 19.1 | O13: 0 | P13: 0.31 | Q13: 9.39
A14: 07-06-2024 06:00 | B14: 2.65 | C14: 1.21 | D14: 3.9 | E14: 1.62 | F14: 3.83 | G14: 31.13 | H14: 11.39 | I14: 4.45 | J14: 0.78 | K14: 231.62 | L14: 25.74 | M14: 70.71 | N14: 65.9 | O14: 0 | P14: 0.3 | Q14: 9.42
A15: 07-06-2024 07:00 | B15: 2.65 | C15: 1.59 | D15: 4.1 | E15: 1.81 | F15: 5.62 | G15: 28 | H15: 11.39 | I15: 4.9 | J15: 0.79 | K15: 200.21 | L15: 27.81 | M15: 67.99 | N15: 219.4 | O15: 0 | P15: 0.36 | Q15: 9.42
A16: 07-06-2024 08:00 | B16: 2.49 | C16: 1.14 | D16: 3.73 | E16: 2.05 | F16: 7.15 | G16: 31.6 | H16: 12.3 | I16: 4.75 | J16: 0.63 | K16: 23.69 | L16: 29.92 | M16: 58.32 | N16: 425.3 | O16: 0 | P16: 0.39 | Q16: 9.48
A17: 07-06-2024 09:00 | B17: 2.5 | C17: 1.13 | D17: 3.74 | E17: 1.83 | F17: 8.53 | G17: 31.6 | H17: 12.3 | I17: 3.98 | J17: 0.75 | K17: 30.84 | L17: 32.46 | M17: 51.64 | N17: 625 | O17: 0 | P17: 0.37 | Q17: 9.39
A18: 07-06-2024 10:00 | B18: 2.53 | C18: 1.08 | D18: 3.74 | E18: 2.22 | F18: 8.98 | G18: 30.05 | H18: 12.08 | I18: 3.12 | J18: 0.65 | K18: 357.05 | L18: 34.06 | M18: 44.47 | N18: 771.5 | O18: 0 | P18: 0.38 | Q18: 9.38
A19: 07-06-2024 11:00 | B19: 2.51 | C19: 1.35 | D19: 3.86 | E19: 2.16 | F19: 8.66 | G19: 32.7 | H19: 16.16 | I19: 3.01 | J19: 0.63 | K19: 356.54 | L19: 35.05 | M19: 40.08 | N19: 835 | O19: 0 | P19: 0.49 | Q19: 9.41
A20: 07-06-2024 12:00 | B20: 2.54 | C20: 1.46 | D20: 3.94 | E20: 2.23 | F20: 9.37 | G20: 38.97 | H20: 16.27 | I20: 3.81 | J20: 0.49 | K20: 328.67 | L20: 35.9 | M20: 37.97 | N20: 858 | O20: 0 | P20: 0.57 | Q20: 9.42
... A32: 07-06-2024 24:00 | B32: 2.32 | C32: 0.37 | D32: 3.19 | E32: 2.64 | F32: 6.06 | G32: 25.49 | H32: 10.74 | I32: 3.83 | J32: 0.3 | K32: 351.16 | L32: 26.54 | M32: 59.85 | N32: 16.6 | O32: 0 | P32: 0.27 | Q32: 9.41
A34: Min | B34: =MIN(B9:B32) -> 2.32 | C34: =MIN(C9:C32) -> 0.37 | D34: =MIN(D9:D32) -> 3.19 | E34: =MIN(E9:E32) -> 1.36 | F34: =MIN(F9:F32) -> 3.83 | G34: =MIN(G9:G32) -> 25.49 | H34: =MIN(H9:H32) -> 10.74 | I34: =MIN(I9:I32) -> 3.01 | ... Q34: =MIN(Q9:Q32) -> 9.34
A35: Max | B35: =MAX(B9:B32) -> 2.72 | C35: =MAX(C9:C32) -> 1.97 | D35: =MAX(D9:D32) -> 4.36 | E35: =MAX(E9:E32) -> 2.88 | F35: =MAX(F9:F32) -> 9.37 | G35: =MAX(G9:G32) -> 52.51 | H35: =MAX(H9:H32) -> 20.05 | I35: =MAX(I9:I32) -> 6.43 | ... Q35: =MAX(Q9:Q32) -> 9.48
A36: Avg | B36: =AVERAGE(B9:B32) -> 2.5483333 | C36: =AVERAGE(C9:C32) -> 1.22 | D36: =AVERAGE(D9:D32) -> 3.8241667 | E36: =AVERAGE(E9:E32) -> 2.1104167 | F36: =AVERAGE(F9:F32) -> 6.60125 | G36: =AVERAGE(G9:G32) -> 36.936667 | H36: =AVERAGE(H9:H32) -> 15.457083 | I36: =AVERAGE(I9:I32) -> 4.59375 | ... Q36: =AVERAGE(Q9:Q32) -> 9.4116667
A37: Stdev | B37: =STDEV(B9:B32) -> 0.096804 | C37: =STDEV(C9:C32) -> 0.35148134 | D37: =STDEV(D9:D32) -> 0.25647979 | E37: =STDEV(E9:E32) -> 0.46650858 | F37: =STDEV(F9:F32) -> 1.602781 | G37: =STDEV(G9:G32) -> 7.3090472 | H37: =STDEV(H9:H32) -> 3.2978207 | I37: =STDEV(I9:I32) -> 0.88158855 | ... Q37: =STDEV(Q9:Q32) -> 0.039305566
A38: Num | B38: =COUNT(B9:B32) -> 24 | C38: =COUNT(C9:C32) -> 24 | D38: =COUNT(D9:D32) -> 24 | E38: =COUNT(E9:E32) -> 24 | F38: =COUNT(F9:F32) -> 24 | G38: =COUNT(G9:G32) -> 24 | H38: =COUNT(H9:H32) -> 24 | I38: =COUNT(I9:I32) -> 24 | ... Q38: =COUNT(Q9:Q32) -> 24
A39: DCR | B39: =IF(B38>=22,">90%",IF(B38<=22,"<90%")) -> >90% | C39: =IF(C38>=22,">90%",IF(C38<=22,"<90%")) -> >90% | D39: =IF(D38>=22,">90%",IF(D38<=22,"<90%")) -> >90% | E39: =IF(E38>=22,">90%",IF(E38<=22,"<90%")) -> >90% | F39: =IF(F38>=22,">90%",IF(F38<=22,"<90%")) -> >90% | G39: =IF(G38>=22,">90%",IF(G38<=22,"<90%")) -> >90% | H39: =IF(H38>=22,">90%",IF(H38<=22,"<90%")) -> >90% | I39: =IF(I38>=22,">90%",IF(I38<=22,"<90%")) -> >90% | ... Q39: =IF(Q38>=22,">90%",IF(Q38<=22,"<90%")) -> >90%
A40: Status | B40: =IF(B38>=22,"OK",IF(B38<=22,"LESS")) -> OK | C40: =IF(C38>=22,"OK",IF(C38<=22,"LESS")) -> OK | D40: =IF(D38>=22,"OK",IF(D38<=22,"LESS")) -> OK | E40: =IF(E38>=22,"OK",IF(E38<=22,"LESS")) -> OK | F40: =IF(F38>=22,"OK",IF(F38<=22,"LESS")) -> OK | G40: =IF(G38>=22,"OK",IF(G38<=22,"LESS")) -> OK | H40: =IF(H38>=22,"OK",IF(H38<=22,"LESS")) -> OK | I40: =IF(I38>=22,"OK",IF(I38<=22,"LESS")) -> OK | ... Q40: =IF(Q38>=22,"OK",IF(Q38<=22,"LESS")) -> OK
A43: Done by | B43: RAHUL
A45: Comment

Sheet 08
A1: Station: | B1: BHATAGAON RAIPUR
A2: Date: | B2: =$A$9 -> 08-06-2024 01:00 | D2: Power Off | G2: Pw.Off | L2: Link Fail | N2: Link F | P2: Maintenance | R2: Maint.
A3: Report Type: | B3: Mean | D3: Calibration | G3: Calib. | L3: Data Fail | N3: Data F | P3: Invalid | R3: Invalid
A4: Time Base: | B4: 01 Hour | D4: Zero Referrence | G4: Z.Ref | L4: Warm Up | N4: Wm. Up
A7: Date & Time | B7: NO_BHATAGAON | C7: NO2_BHATAGAON | D7: NOX_BHATAGAON | E7: SO2_BHATAGAON | F7: O3_BHATAGAON | G7: PM10_BHATAGAON | H7: PM2_5_BHATAGAON | I7: BENZ_BHATAGAON | J7: WS_BHATAGAON | K7: WD_BHATAGAON | L7: TEMP_BHATAGAON | M7: HUM BHATAGAON | N7: SR_BHATAGAON | O7: RG_BHATAGAON | P7: CO_BHATAGAON | Q7: NH3_BHATAGAON
B8: ug/m3 | C8: ug/m3 | D8: ppb | E8: ug/m3 | F8: ug/m3 | G8: mg/m3 | H8: ug/m3 | I8: ug/m3 | J8: m/sec | K8: deg | L8: degreC | M8: % | N8: w/m2 | O8: mm | P8: ug/m3 | Q8: ug/m3
A9: 08-06-2024 01:00 | B9: 2.66 | C9: 1.22 | D9: 3.91 | E9: 2.8 | F9: 5.07 | G9: 21.51 | H9: 8.84 | I9: 3.46 | J9: 0.54 | K9: 352 | L9: 27.14 | M9: 52.83 | N9: 16.3 | O9: 0 | P9: 0.26 | Q9: 9.44
A10: 08-06-2024 02:00 | B10: 2.48 | C10: 1.03 | D10: 3.68 | E10: 2.49 | F10: 5.74 | G10: 21.51 | H10: 8.84 | I10: 3.63 | J10: 0.66 | K10: 207.58 | L10: 27.02 | M10: 60.14 | N10: 16.3 | O10: 0 | P10: 0.25 | Q10: 9.43
A11: 08-06-2024 03:00 | B11: 2.46 | C11: 0.84 | D11: 3.55 | E11: 2.44 | F11: 5.27 | G11: 22.1 | H11: 7.94 | I11: 3.34 | J11: 0.75 | K11: 349.76 | L11: 26.37 | M11: 65.52 | N11: 16.6 | O11: 0 | P11: 0.24 | Q11: 9.43
A12: 08-06-2024 04:00 | B12: 2.58 | C12: 1.22 | D12: 3.85 | E12: 2.17 | F12: 4.04 | G12: 22.1 | H12: 8.13 | I12: 3.13 | J12: 1.26 | K12: 210.93 | L12: 26.3 | M12: 69.85 | N12: 16.6 | O12: 0 | P12: 0.23 | Q12: 9.34
A13: 08-06-2024 05:00 | B13: 2.57 | C13: 0.93 | D13: 3.7 | E13: 1.31 | F13: 4.1 | G13: 20.43 | H13: 8.13 | I13: 3.97 | J13: 0.88 | K13: 218.39 | L13: 26.13 | M13: 72.35 | N13: 16.6 | O13: 0 | P13: 0.24 | Q13: 9.42
A14: 08-06-2024 06:00 | B14: 2.44 | C14: 0.78 | D14: 3.51 | E14: 1.62 | F14: 4.51 | G14: 22.41 | H14: 6.34 | I14: 4.53 | J14: 1.41 | K14: 284.02 | L14: 26.14 | M14: 73.74 | N14: 58.1 | O14: 0 | P14: 0.25 | Q14: 9.46
A15: 08-06-2024 07:00 | B15: 2.55 | C15: 1.06 | D15: 3.74 | E15: 1.29 | F15: 4.88 | G15: 23.05 | H15: 9.38 | I15: 4.4 | J15: 0.58 | K15: 351.09 | L15: 28.12 | M15: 72.82 | N15: 171.8 | O15: 0 | P15: 0.28 | Q15: 9.44
A16: 08-06-2024 08:00 | B16: 2.59 | C16: 1.35 | D16: 3.93 | E16: 3.03 | F16: 7.29 | G16: 26.97 | H16: 10.52 | I16: 4.02 | J16: 0.8 | K16: 30.49 | L16: 29.76 | M16: 63.18 | N16: 418.2 | O16: 0 | P16: 0.32 | Q16: 9.4
A17: 08-06-2024 09:00 | B17: 2.49 | C17: 0.89 | D17: 3.6 | E17: 2.47 | F17: 9.56 | G17: 26.97 | H17: 10.52 | I17: 3.01 | J17: 0.59 | K17: 22.85 | L17: 30.76 | M17: 57.4 | N17: 489.4 | O17: 0 | P17: 0.31 | Q17: 9.34
A18: 08-06-2024 10:00 | B18: 2.31 | C18: 0.43 | D18: 3.21 | E18: 2.84 | F18: 8.7 | G18: 26.2 | H18: 9.66 | I18: 2.2 | J18: 0.39 | K18: 349.91 | L18: 32.08 | M18: 57.27 | N18: 663.1 | O18: 0 | P18: 0.38 | Q18: 9.38
A19: 08-06-2024 11:00 | B19: 2.48 | C19: 1.06 | D19: 3.69 | E19: 2.47 | F19: 8.82 | G19: 29.59 | H19: 11.46 | I19: 2.68 | J19: 0.68 | K19: 327.56 | L19: 34.2 | M19: 48.49 | N19: 796.2 | O19: 0 | P19: 0.47 | Q19: 9.41
A20: 08-06-2024 12:00 | B20: 2.38 | C20: 0.65 | D20: 3.39 | E20: 2.63 | F20: 8.71 | G20: 29.73 | H20: 15.06 | I20: 2.72 | J20: 0.69 | K20: 340.31 | L20: 35.79 | M20: 41.7 | N20: 843 | O20: 0 | P20: 0.47 | Q20: 9.39
... A32: 08-06-2024 24:00 | B32: 2.71 | C32: 1.94 | D32: 4.34 | E32: 1.26 | F32: 6.81 | G32: 55.99 | H32: 18.38 | I32: 3.48 | J32: 1.74 | K32: 230.96 | L32: 24.79 | M32: 76.61 | N32: 17.1 | O32: 0 | P32: 0.46 | Q32: 9.43
A34: Min | B34: =MIN(B9:B32) -> 2.3 | C34: =MIN(C9:C32) -> 0.37 | D34: =MIN(D9:D32) -> 3.16 | E34: =MIN(E9:E32) -> 0.74 | F34: =MIN(F9:F32) -> 4.04 | G34: =MIN(G9:G32) -> 20.43 | H34: =MIN(H9:H32) -> 6.34 | I34: =MIN(I9:I32) -> 2.2 | ... Q34: =MIN(Q9:Q32) -> 9.31
A35: Max | B35: =MAX(B9:B32) -> 2.71 | C35: =MAX(C9:C32) -> 1.94 | D35: =MAX(D9:D32) -> 4.34 | E35: =MAX(E9:E32) -> 3.03 | F35: =MAX(F9:F32) -> 9.56 | G35: =MAX(G9:G32) -> 63.11 | H35: =MAX(H9:H32) -> 20.95 | I35: =MAX(I9:I32) -> 5.44 | ... Q35: =MAX(Q9:Q32) -> 9.49
A36: Avg | B36: =AVERAGE(B9:B32) -> 2.51 | C36: =AVERAGE(C9:C32) -> 1.0866667 | D36: =AVERAGE(D9:D32) -> 3.7229167 | E36: =AVERAGE(E9:E32) -> 1.9783333 | F36: =AVERAGE(F9:F32) -> 6.74125 | G36: =AVERAGE(G9:G32) -> 35.482083 | H36: =AVERAGE(H9:H32) -> 13.594583 | I36: =AVERAGE(I9:I32) -> 3.70625 | ... Q36: =AVERAGE(Q9:Q32) -> 9.4016667
A37: Stdev | B37: =STDEV(B9:B32) -> 0.11500473 | C37: =STDEV(C9:C32) -> 0.41990337 | D37: =STDEV(D9:D32) -> 0.31160844 | E37: =STDEV(E9:E32) -> 0.69832512 | F37: =STDEV(F9:F32) -> 1.7147729 | G37: =STDEV(G9:G32) -> 14.267279 | H37: =STDEV(H9:H32) -> 4.6492318 | I37: =STDEV(I9:I32) -> 0.83252269 | ... Q37: =STDEV(Q9:Q32) -> 0.050705172
A38: Num | B38: =COUNT(B9:B32) -> 24 | C38: =COUNT(C9:C32) -> 24 | D38: =COUNT(D9:D32) -> 24 | E38: =COUNT(E9:E32) -> 24 | F38: =COUNT(F9:F32) -> 24 | G38: =COUNT(G9:G32) -> 24 | H38: =COUNT(H9:H32) -> 24 | I38: =COUNT(I9:I32) -> 24 | ... Q38: =COUNT(Q9:Q32) -> 24
A39: DCR | B39: =IF(B38>=22,">90%",IF(B38<=22,"<90%")) -> >90% | C39: =IF(C38>=22,">90%",IF(C38<=22,"<90%")) -> >90% | D39: =IF(D38>=22,">90%",IF(D38<=22,"<90%")) -> >90% | E39: =IF(E38>=22,">90%",IF(E38<=22,"<90%")) -> >90% | F39: =IF(F38>=22,">90%",IF(F38<=22,"<90%")) -> >90% | G39: =IF(G38>=22,">90%",IF(G38<=22,"<90%")) -> >90% | H39: =IF(H38>=22,">90%",IF(H38<=22,"<90%")) -> >90% | I39: =IF(I38>=22,">90%",IF(I38<=22,"<90%")) -> >90% | ... Q39: =IF(Q38>=22,">90%",IF(Q38<=22,"<90%")) -> >90%
A40: Status | B40: =IF(B38>=22,"OK",IF(B38<=22,"LESS")) -> OK | C40: =IF(C38>=22,"OK",IF(C38<=22,"LESS")) -> OK | D40: =IF(D38>=22,"OK",IF(D38<=22,"LESS")) -> OK | E40: =IF(E38>=22,"OK",IF(E38<=22,"LESS")) -> OK | F40: =IF(F38>=22,"OK",IF(F38<=22,"LESS")) -> OK | G40: =IF(G38>=22,"OK",IF(G38<=22,"LESS")) -> OK | H40: =IF(H38>=22,"OK",IF(H38<=22,"LESS")) -> OK | I40: =IF(I38>=22,"OK",IF(I38<=22,"LESS")) -> OK | ... Q40: =IF(Q38>=22,"OK",IF(Q38<=22,"LESS")) -> OK
A43: Done by | B43: RAHUL
A45: Comment

Sheet 09
A1: Station: | B1: BHATAGAON RAIPUR
A2: Date: | B2: =$A$9 -> 09-06-2024 01:00 | D2: Power Off | G2: Pw.Off | L2: Link Fail | N2: Link F | P2: Maintenance | R2: Maint.
A3: Report Type: | B3: Mean | D3: Calibration | G3: Calib. | L3: Data Fail | N3: Data F | P3: Invalid | R3: Invalid
A4: Time Base: | B4: 01 Hour | D4: Zero Referrence | G4: Z.Ref | L4: Warm Up | N4: Wm. Up
A7: Date & Time | B7: NO_BHATAGAON | C7: NO2_BHATAGAON | D7: NOX_BHATAGAON | E7: SO2_BHATAGAON | F7: O3_BHATAGAON | G7: PM10_BHATAGAON | H7: PM2_5_BHATAGAON | I7: BENZ_BHATAGAON | J7: WS_BHATAGAON | K7: WD_BHATAGAON | L7: TEMP_BHATAGAON | M7: HUM BHATAGAON | N7: SR_BHATAGAON | O7: RG_BHATAGAON | P7: CO_BHATAGAON | Q7: NH3_BHATAGAON
B8: ug/m3 | C8: ug/m3 | D8: ppb | E8: ug/m3 | F8: ug/m3 | G8: mg/m3 | H8: ug/m3 | I8: ug/m3 | J8: m/sec | K8: deg | L8: degreC | M8: % | N8: w/m2 | O8: mm | P8: ug/m3 | Q8: ug/m3
A9: 09-06-2024 01:00 | B9: 2.69 | C9: 1.68 | D9: 4.18 | E9: 1.89 | F9: 5.5 | G9: 42.22 | H9: 16.14 | I9: 3.19 | J9: 0.38 | K9: 314.8 | L9: 24.61 | M9: 76.28 | N9: 16.5 | O9: 0 | P9: 0.41 | Q9: 9.45
A10: 09-06-2024 02:00 | B10: 2.88 | C10: 2.85 | D10: 4.94 | E10: 1.87 | F10: 5.71 | G10: 30.13 | H10: 13.36 | I10: 3.02 | J10: 0.43 | K10: 198.99 | L10: 24.82 | M10: 74.87 | N10: 16.6 | O10: 0 | P10: 0.36 | Q10: 9.42
A11: 09-06-2024 03:00 | B11: 2.77 | C11: 2 | D11: 4.41 | E11: 1.54 | F11: 5 | G11: 24.62 | H11: 9.78 | I11: 3.04 | J11: 1.14 | K11: 202.57 | L11: 24.59 | M11: 80.29 | N11: 16.9 | O11: 0 | P11: 0.33 | Q11: 9.36
A12: 09-06-2024 04:00 | B12: 2.65 | C12: 1.19 | D12: 3.89 | E12: 1.66 | F12: 4.56 | G12: 20.96 | H12: 10.56 | I12: 3.38 | J12: 1.2 | K12: 200.55 | L12: 23.97 | M12: 85.88 | N12: 16.7 | O12: 0 | P12: 0.3 | Q12: 9.41
A13: 09-06-2024 05:00 | B13: 2.73 | C13: 1.83 | D13: 4.28 | E13: 0.95 | F13: 4.92 | G13: 20.96 | H13: 10.56 | I13: 3.64 | J13: 0.63 | K13: 257.4 | L13: 23.79 | M13: 86.78 | N13: 16.7 | O13: 0 | P13: 0.3 | Q13: 9.42
A14: 09-06-2024 06:00 | B14: 2.73 | C14: 1.91 | D14: 4.33 | E14: 0.83 | F14: 4.96 | G14: 17.96 | H14: 9.51 | I14: 3.38 | J14: 1.26 | K14: 192.93 | L14: 24.04 | M14: 86.79 | N14: 43.6 | O14: 0 | P14: 0.3 | Q14: 9.38
A15: 09-06-2024 07:00 | B15: 2.75 | C15: 1.79 | D15: 4.28 | E15: 0.59 | F15: 4.8 | G15: 17.96 | H15: 7.45 | I15: 3.22 | J15: 1.27 | K15: 199.85 | L15: 25.72 | M15: 84.77 | N15: 169.8 | O15: 0 | P15: 0.29 | Q15: 9.43
A16: 09-06-2024 08:00 | B16: 2.33 | C16: 0.46 | D16: 3.25 | E16: 1.33 | F16: 4.69 | G16: 18.79 | H16: 9.35 | I16: 3.45 | J16: 0.9 | K16: 188.65 | L16: 28.79 | M16: 75.9 | N16: 446.3 | O16: 0 | P16: 0.29 | Q16: 9.4
A17: 09-06-2024 09:00 | B17: 2.69 | C17: 1.53 | D17: 4.1 | E17: 2.07 | F17: 5.8 | G17: 23.87 | H17: 9.35 | I17: 3.57 | J17: 0.53 | K17: 357.01 | L17: 31.21 | M17: 61.2 | N17: 619.7 | O17: 0 | P17: 0.32 | Q17: 9.44
A18: 09-06-2024 10:00 | B18: 2.4 | C18: 0.87 | D18: 3.53 | E18: 1.82 | F18: 7.33 | G18: 24.18 | H18: 9.32 | I18: 3.37 | J18: 0.71 | K18: 340.43 | L18: 36.09 | M18: 52.3 | N18: 754.6 | O18: 0 | P18: 0.38 | Q18: 9.41
A19: 09-06-2024 11:00 | B19: 2.51 | C19: 1.21 | D19: 3.79 | E19: 1.64 | F19: 7 | G19: 26.58 | H19: 9.28 | I19: 3.15 | J19: 1.41 | K19: 340.75 | L19: 38.18 | M19: 42.6 | N19: 847.9 | O19: 0 | P19: 0.49 | Q19: 9.37
A20: 09-06-2024 12:00 | B20: 2.44 | C20: 0.99 | D20: 3.62 | E20: 1.66 | F20: 7.03 | G20: 30.44 | H20: 14.78 | I20: 3.19 | J20: 0.92 | K20: 343.91 | L20: 38.43 | M20: 37.94 | N20: 881.4 | O20: 0 | P20: 0.49 | Q20: 9.37
... A32: 09-06-2024 24:00 | B32: 4.47 | C32: 6.31 | D32: 8.02 | E32: 2.45 | F32: 4.03 | G32: 48.09 | H32: 16.37 | I32: 7.76 | J32: 0.63 | K32: 302.38 | L32: 26.4 | M32: 78.67 | N32: 15.9 | O32: 0 | P32: 0.74 | Q32: 9.68
A34: Min | B34: =MIN(B9:B32) -> 2.33 | C34: =MIN(C9:C32) -> 0.46 | D34: =MIN(D9:D32) -> 3.25 | E34: =MIN(E9:E32) -> 0.59 | F34: =MIN(F9:F32) -> 3.68 | G34: =MIN(G9:G32) -> 17.96 | H34: =MIN(H9:H32) -> 7.45 | I34: =MIN(I9:I32) -> 3.02 | ... Q34: =MIN(Q9:Q32) -> 9.29
A35: Max | B35: =MAX(B9:B32) -> 4.47 | C35: =MAX(C9:C32) -> 6.31 | D35: =MAX(D9:D32) -> 8.02 | E35: =MAX(E9:E32) -> 2.45 | F35: =MAX(F9:F32) -> 10.77 | G35: =MAX(G9:G32) -> 64.42 | H35: =MAX(H9:H32) -> 20.2 | I35: =MAX(I9:I32) -> 9.1 | ... Q35: =MAX(Q9:Q32) -> 9.69
A36: Avg | B36: =AVERAGE(B9:B32) -> 2.75375 | C36: =AVERAGE(C9:C32) -> 1.7795833 | D36: =AVERAGE(D9:D32) -> 4.28125 | E36: =AVERAGE(E9:E32) -> 1.6825 | F36: =AVERAGE(F9:F32) -> 5.7375 | G36: =AVERAGE(G9:G32) -> 37.6925 | H36: =AVERAGE(H9:H32) -> 14.045417 | I36: =AVERAGE(I9:I32) -> 4.8525 | ... Q36: =AVERAGE(Q9:Q32) -> 9.4441667
A37: Stdev | B37: =STDEV(B9:B32) -> 0.47469727 | C37: =STDEV(C9:C32) -> 1.2574698 | D37: =STDEV(D9:D32) -> 1.032314 | E37: =STDEV(E9:E32) -> 0.4508181 | F37: =STDEV(F9:F32) -> 1.7353693 | G37: =STDEV(G9:G32) -> 17.221939 | H37: =STDEV(H9:H32) -> 4.0740803 | I37: =STDEV(I9:I32) -> 2.1851082 | ... Q37: =STDEV(Q9:Q32) -> 0.11549202
A38: Num | B38: =COUNT(B9:B32) -> 24 | C38: =COUNT(C9:C32) -> 24 | D38: =COUNT(D9:D32) -> 24 | E38: =COUNT(E9:E32) -> 24 | F38: =COUNT(F9:F32) -> 24 | G38: =COUNT(G9:G32) -> 24 | H38: =COUNT(H9:H32) -> 24 | I38: =COUNT(I9:I32) -> 24 | ... Q38: =COUNT(Q9:Q32) -> 24
A39: DCR | B39: =IF(B38>=22,">90%",IF(B38<=22,"<90%")) -> >90% | C39: =IF(C38>=22,">90%",IF(C38<=22,"<90%")) -> >90% | D39: =IF(D38>=22,">90%",IF(D38<=22,"<90%")) -> >90% | E39: =IF(E38>=22,">90%",IF(E38<=22,"<90%")) -> >90% | F39: =IF(F38>=22,">90%",IF(F38<=22,"<90%")) -> >90% | G39: =IF(G38>=22,">90%",IF(G38<=22,"<90%")) -> >90% | H39: =IF(H38>=22,">90%",IF(H38<=22,"<90%")) -> >90% | I39: =IF(I38>=22,">90%",IF(I38<=22,"<90%")) -> >90% | ... Q39: =IF(Q38>=22,">90%",IF(Q38<=22,"<90%")) -> >90%
A40: Status | B40: =IF(B38>=22,"OK",IF(B38<=22,"LESS")) -> OK | C40: =IF(C38>=22,"OK",IF(C38<=22,"LESS")) -> OK | D40: =IF(D38>=22,"OK",IF(D38<=22,"LESS")) -> OK | E40: =IF(E38>=22,"OK",IF(E38<=22,"LESS")) -> OK | F40: =IF(F38>=22,"OK",IF(F38<=22,"LESS")) -> OK | G40: =IF(G38>=22,"OK",IF(G38<=22,"LESS")) -> OK | H40: =IF(H38>=22,"OK",IF(H38<=22,"LESS")) -> OK | I40: =IF(I38>=22,"OK",IF(I38<=22,"LESS")) -> OK | ... Q40: =IF(Q38>=22,"OK",IF(Q38<=22,"LESS")) -> OK
A43: Done by | B43: RAHUL
A45: Comment

Sheet 10
A1: Station: | B1: BHATAGAON RAIPUR
A2: Date: | B2: =$A$9 -> 10-06-2024 01:00 | D2: Power Off | G2: Pw.Off | L2: Link Fail | N2: Link F | P2: Maintenance | R2: Maint.
A3: Report Type: | B3: Mean | D3: Calibration | G3: Calib. | L3: Data Fail | N3: Data F | P3: Invalid | R3: Invalid
A4: Time Base: | B4: 01 Hour | D4: Zero Referrence | G4: Z.Ref | L4: Warm Up | N4: Wm. Up
A7: Date & Time | B7: NO_BHATAGAON | C7: NO2_BHATAGAON | D7: NOX_BHATAGAON | E7: SO2_BHATAGAON | F7: O3_BHATAGAON | G7: PM10_BHATAGAON | H7: PM2_5_BHATAGAON | I7: BENZ_BHATAGAON | J7: WS_BHATAGAON | K7: WD_BHATAGAON | L7: TEMP_BHATAGAON | M7: HUM BHATAGAON | N7: SR_BHATAGAON | O7: RG_BHATAGAON | P7: CO_BHATAGAON | Q7: NH3_BHATAGAON
B8: ug/m3 | C8: ug/m3 | D8: ppb | E8: ug/m3 | F8: ug/m3 | G8: mg/m3 | H8: ug/m3 | I8: ug/m3 | J8: m/sec | K8: deg | L8: degreC | M8: % | N8: w/m2 | O8: mm | P8: ug/m3 | Q8: ug/m3
A9: 10-06-2024 01:00 | B9: 4.52 | C9: 6.61 | D9: 8.18 | E9: 2.87 | F9: 4.58 | G9: 50.69 | H9: 17.6 | I9: 7.58 | J9: 0.43 | K9: 262.07 | L9: 26.62 | M9: 75.51 | N9: 15.8 | O9: 0 | P9: 0.68 | Q9: 9.64
A10: 10-06-2024 02:00 | B10: 4.54 | C10: 6.65 | D10: 8.26 | E10: 2.46 | F10: 3.57 | G10: 50.69 | H10: 18.66 | I10: 6.79 | J10: 0.44 | K10: 359.13 | L10: 26.35 | M10: 80.48 | N10: 16 | O10: 0 | P10: 0.61 | Q10: 9.53
A11: 10-06-2024 03:00 | B11: 4.31 | C11: 4.82 | D11: 7.12 | E11: 2.47 | F11: 3.69 | G11: 49.16 | H11: 18.66 | I11: 7.37 | J11: 0.69 | K11: 191.7 | L11: 25.8 | M11: 80.03 | N11: 15.8 | O11: 0 | P11: 0.59 | Q11: 9.57
A12: 10-06-2024 04:00 | B12: 4.2 | C12: 5.35 | D12: 7.29 | E12: 2.72 | F12: 3.99 | G12: 43.36 | H12: 16.9 | I12: 7.52 | J12: 0.53 | K12: 205.86 | L12: 25.38 | M12: 78.64 | N12: 15.9 | O12: 0 | P12: 0.54 | Q12: 9.56
A13: 10-06-2024 05:00 | B13: 3.97 | C13: 5.37 | D13: 7.13 | E13: 1.53 | F13: 3.89 | G13: 35.62 | H13: 15.54 | I13: 7 | J13: 0.44 | K13: 202.46 | L13: 24.94 | M13: 80.37 | N13: 15.8 | O13: 0 | P13: 0.46 | Q13: 9.54
A14: 10-06-2024 06:00 | B14: 3.98 | C14: 5.29 | D14: 7.07 | E14: 1.86 | F14: 3.27 | G14: 25.94 | H14: 11.55 | I14: 6.16 | J14: 0.6 | K14: 281.98 | L14: 25.08 | M14: 79.92 | N14: 62 | O14: 0 | P14: 0.4 | Q14: 9.57
A15: 10-06-2024 07:00 | B15: 3.97 | C15: 4.21 | D15: 6.52 | E15: 1.5 | F15: 3.63 | G15: 25.72 | H15: 9.11 | I15: 5.82 | J15: 0.48 | K15: 23.73 | L15: 27.08 | M15: 78.26 | N15: 200.6 | O15: 0 | P15: 0.35 | Q15: 9.55
A16: 10-06-2024 08:00 | B16: 3.67 | C16: 4.58 | D16: 6.24 | E16: 1.68 | F16: 5.01 | G16: 25.72 | H16: 10.26 | I16: 5.82 | J16: 0.65 | K16: 26.42 | L16: 29.71 | M16: 69.36 | N16: 414.6 | O16: 0 | P16: 0.33 | Q16: 9.57
A17: 10-06-2024 09:00 | B17: 3.19 | C17: 4.33 | D17: 5.97 | E17: 1.39 | F17: 6.35 | G17: 24.06 | H17: 10.26 | I17: 4.64 | J17: 0.71 | K17: 347.16 | L17: 30.82 | M17: 57.34 | N17: 622 | O17: 0 | P17: 0.3 | Q17: 9.49
A18: 10-06-2024 10:00 | B18: 2.77 | C18: 2.7 | D18: 4.78 | E18: 1.13 | F18: 6.18 | G18: 19.94 | H18: 8.64 | I18: 3.3 | J18: 0.57 | K18: 32.17 | L18: 32.18 | M18: 53.36 | N18: 762.3 | O18: 0 | P18: 0.29 | Q18: 9.42
A19: 10-06-2024 11:00 | B19: 2.58 | C19: 1.53 | D19: 4.01 | E19: 1.25 | F19: 6.56 | G19: 21.66 | H19: 8.66 | I19: 2.64 | J19: 0.58 | K19: 357.85 | L19: 34.41 | M19: 47.69 | N19: 855.5 | O19: 0 | P19: 0.36 | Q19: 9.41
A20: 10-06-2024 12:00 | B20: 2.65 | C20: 1.81 | D20: 4.21 | E20: 0.94 | F20: 5.74 | G20: 22.09 | H20: 10.05 | I20: 3.5 | J20: 0.9 | K20: 346.26 | L20: 36.19 | M20: 41.88 | N20: 892.2 | O20: 0 | P20: 0.38 | Q20: 9.39
... A32: 10-06-2024 24:00 | B32: 8.74 | C32: 4.89 | D32: 13.34 | E32: 3.94 | F32: 4.04 | G32: 123.78 | H32: 38.26 | I32: 7.6 | J32: 0.62 | K32: 338.15 | L32: 30.43 | M32: 58.31 | N32: 18.6 | O32: 0 | P32: 0.73 | Q32: 9.72
A34: Min | B34: =MIN(B9:B32) -> 2.51 | C34: =MIN(C9:C32) -> 1.43 | D34: =MIN(D9:D32) -> 3.9 | E34: =MIN(E9:E32) -> 0.63 | F34: =MIN(F9:F32) -> 3.27 | G34: =MIN(G9:G32) -> 19.94 | H34: =MIN(H9:H32) -> 8.64 | I34: =MIN(I9:I32) -> 2.64 | ... Q34: =MIN(Q9:Q32) -> 9.34
A35: Max | B35: =MAX(B9:B32) -> 9.09 | C35: =MAX(C9:C32) -> 6.79 | D35: =MAX(D9:D32) -> 14.61 | E35: =MAX(E9:E32) -> 8.35 | F35: =MAX(F9:F32) -> 12.99 | G35: =MAX(G9:G32) -> 123.78 | H35: =MAX(H9:H32) -> 38.26 | I35: =MAX(I9:I32) -> 7.77 | ... Q35: =MAX(Q9:Q32) -> 9.73
A36: Avg | B36: =AVERAGE(B9:B32) -> 5.4029167 | C36: =AVERAGE(C9:C32) -> 4.2716667 | D36: =AVERAGE(D9:D32) -> 8.68 | E36: =AVERAGE(E9:E32) -> 2.7533333 | F36: =AVERAGE(F9:F32) -> 5.3904167 | G36: =AVERAGE(G9:G32) -> 46.327917 | H36: =AVERAGE(H9:H32) -> 16.814583 | I36: =AVERAGE(I9:I32) -> 5.95625 | ... Q36: =AVERAGE(Q9:Q32) -> 9.5004167
A37: Stdev | B37: =STDEV(B9:B32) -> 2.6132164 | C37: =STDEV(C9:C32) -> 1.5556004 | D37: =STDEV(D9:D32) -> 3.7901554 | E37: =STDEV(E9:E32) -> 2.2350132 | F37: =STDEV(F9:F32) -> 2.105214 | G37: =STDEV(G9:G32) -> 30.344759 | H37: =STDEV(H9:H32) -> 8.3736927 | I37: =STDEV(I9:I32) -> 1.4705864 | ... Q37: =STDEV(Q9:Q32) -> 0.11641303
A38: Num | B38: =COUNT(B9:B32) -> 24 | C38: =COUNT(C9:C32) -> 24 | D38: =COUNT(D9:D32) -> 24 | E38: =COUNT(E9:E32) -> 24 | F38: =COUNT(F9:F32) -> 24 | G38: =COUNT(G9:G32) -> 24 | H38: =COUNT(H9:H32) -> 24 | I38: =COUNT(I9:I32) -> 24 | ... Q38: =COUNT(Q9:Q32) -> 24
A39: DCR | B39: =IF(B38>=22,">90%",IF(B38<=22,"<90%")) -> >90% | C39: =IF(C38>=22,">90%",IF(C38<=22,"<90%")) -> >90% | D39: =IF(D38>=22,">90%",IF(D38<=22,"<90%")) -> >90% | E39: =IF(E38>=22,">90%",IF(E38<=22,"<90%")) -> >90% | F39: =IF(F38>=22,">90%",IF(F38<=22,"<90%")) -> >90% | G39: =IF(G38>=22,">90%",IF(G38<=22,"<90%")) -> >90% | H39: =IF(H38>=22,">90%",IF(H38<=22,"<90%")) -> >90% | I39: =IF(I38>=22,">90%",IF(I38<=22,"<90%")) -> >90% | ... Q39: =IF(Q38>=22,">90%",IF(Q38<=22,"<90%")) -> >90%
A40: Status | B40: =IF(B38>=22,"OK",IF(B38<=22,"LESS")) -> OK | C40: =IF(C38>=22,"OK",IF(C38<=22,"LESS")) -> OK | D40: =IF(D38>=22,"OK",IF(D38<=22,"LESS")) -> OK | E40: =IF(E38>=22,"OK",IF(E38<=22,"LESS")) -> OK | F40: =IF(F38>=22,"OK",IF(F38<=22,"LESS")) -> OK | G40: =IF(G38>=22,"OK",IF(G38<=22,"LESS")) -> OK | H40: =IF(H38>=22,"OK",IF(H38<=22,"LESS")) -> OK | I40: =IF(I38>=22,"OK",IF(I38<=22,"LESS")) -> OK | ... Q40: =IF(Q38>=22,"OK",IF(Q38<=22,"LESS")) -> OK
A43: Done by | B43: RAHUL
A45: Comment

Sheet 11
A1: Station: | B1: BHATAGAON RAIPUR
A2: Date: | B2: =$A$9 -> 11-06-2024 01:00 | D2: Power Off | G2: Pw.Off | L2: Link Fail | N2: Link F | P2: Maintenance | R2: Maint.
A3: Report Type: | B3: Mean | D3: Calibration | G3: Calib. | L3: Data Fail | N3: Data F | P3: Invalid | R3: Invalid
A4: Time Base: | B4: 01 Hour | D4: Zero Referrence | G4: Z.Ref | L4: Warm Up | N4: Wm. Up
A7: Date & Time | B7: NO_BHATAGAON | C7: NO2_BHATAGAON | D7: NOX_BHATAGAON | E7: SO2_BHATAGAON | F7: O3_BHATAGAON | G7: PM10_BHATAGAON | H7: PM2_5_BHATAGAON | I7: BENZ_BHATAGAON | J7: WS_BHATAGAON | K7: WD_BHATAGAON | L7: TEMP_BHATAGAON | M7: HUM BHATAGAON | N7: SR_BHATAGAON | O7: RG_BHATAGAON | P7: CO_BHATAGAON | Q7: NH3_BHATAGAON
B8: ug/m3 | C8: ug/m3 | D8: ppb | E8: ug/m3 | F8: ug/m3 | G8: mg/m3 | H8: ug/m3 | I8: ug/m3 | J8: m/sec | K8: deg | L8: degreC | M8: % | N8: w/m2 | O8: mm | P8: ug/m3 | Q8: ug/m3
A9: 11-06-2024 01:00 | B9: 8.4 | C9: 3.77 | D9: 12.48 | E9: 4.31 | F9: 3.64 | G9: 135.55 | H9: 41.96 | I9: 7.26 | J9: 1.36 | K9: 344.1 | L9: 29 | M9: 59.97 | N9: 18.3 | O9: 0 | P9: 0.73 | Q9: 9.64
A10: 11-06-2024 02:00 | B10: 8.85 | C10: 4.77 | D10: 13.36 | E10: 4.08 | F10: 3.74 | G10: 139.68 | H10: 45.52 | I10: 7.2 | J10: 1.19 | K10: 327.35 | L10: 28.29 | M10: 63.96 | N10: 18.3 | O10: 0 | P10: 0.66 | Q10: 9.63
A11: 11-06-2024 03:00 | B11: 8.56 | C11: 4.6 | D11: 13.04 | E11: 4.08 | F11: 4.39 | G11: 140.72 | H11: 56.29 | I11: 6.73 | J11: 0.55 | K11: 344.55 | L11: 27.8 | M11: 65.02 | N11: 18.2 | O11: 0 | P11: 0.65 | Q11: 9.66
A12: 11-06-2024 04:00 | B12: 8.57 | C12: 4.61 | D12: 13.05 | E12: 4.47 | F12: 4.35 | G12: 141.95 | H12: 56.29 | I12: 6.89 | J12: 0.95 | K12: 326.4 | L12: 27.43 | M12: 65.96 | N12: 18.2 | O12: 0 | P12: 0.6 | Q12: 9.62
A13: 11-06-2024 05:00 | B13: 8.53 | C13: 4.31 | D13: 12.87 | E13: 5.44 | F13: 4.62 | G13: 141.95 | H13: 50.78 | I13: 5.97 | J13: 0.97 | K13: 332.85 | L13: 27.04 | M13: 62.11 | N13: 18.2 | O13: 0 | P13: 0.51 | Q13: 9.54
A14: 11-06-2024 06:00 | B14: 8.27 | C14: 3.31 | D14: 12.14 | E14: 5.24 | F14: 3.86 | G14: 116.33 | H14: 40.39 | I14: 5.78 | J14: 0.42 | K14: 357.21 | L14: 27.04 | M14: 65.17 | N14: 58.9 | O14: 0 | P14: 0.47 | Q14: 9.51
A15: 11-06-2024 07:00 | B15: 8.65 | C15: 4.44 | D15: 13.03 | E15: 5.1 | F15: 4.19 | G15: 107.5 | H15: 36.68 | I15: 5.79 | J15: 0.56 | K15: 354.51 | L15: 28.54 | M15: 61 | N15: 181.2 | O15: 0 | P15: 0.45 | Q15: 9.57
A16: 11-06-2024 08:00 | B16: 8.51 | C16: 4.17 | D16: 12.78 | E16: 5.25 | F16: 5.73 | G16: 93.83 | H16: 36.68 | I16: 5.62 | J16: 0.55 | K16: 29.06 | L16: 31.09 | M16: 58.32 | N16: 369.9 | O16: 0 | P16: 0.44 | Q16: 9.6
A17: 11-06-2024 09:00 | B17: 8.5 | C17: 4.38 | D17: 12.88 | E17: 3.64 | F17: 5.69 | G17: 91.72 | H17: 30.34 | I17: 4.4 | J17: 1 | K17: 314.08 | L17: 35.39 | M17: 53.04 | N17: 621.1 | O17: 0 | P17: 0.51 | Q17: 9.54
A18: 11-06-2024 10:00 | B18: 8.48 | C18: 4.24 | D18: 12.79 | E18: 3.93 | F18: 5.22 | G18: 84.93 | H18: 23.94 | I18: 4.26 | J18: 1.34 | K18: 327.57 | L18: 38.47 | M18: 38.4 | N18: 767.1 | O18: 0 | P18: 0.51 | Q18: 9.46
A19: 11-06-2024 11:00 | B19: 8.39 | C19: 3.91 | D19: 12.54 | E19: 3.69 | F19: 5.91 | G19: 84.93 | H19: 26.52 | I19: 4.02 | J19: 1.59 | K19: 332.99 | L19: 40.21 | M19: 34.23 | N19: 842.8 | O19: 0 | P19: 0.51 | Q19: 9.42
A20: 11-06-2024 12:00 | B20: 8.41 | C20: 4.16 | D20: 12.69 | E20: 3.8 | F20: 7.04 | G20: 77.42 | H20: 29.04 | I20: 3.88 | J20: 2.17 | K20: 340.02 | L20: 40.26 | M20: 29.51 | N20: 868.1 | O20: 0 | P20: 0.52 | Q20: 9.5
... A32: 11-06-2024 24:00 | B32: 8.5 | C32: 4.23 | D32: 12.81 | E32: 4.91 | F32: 4.92 | G32: 61.01 | H32: 33.29 | I32: 5.41 | J32: 2.09 | K32: 196.62 | L32: 27.11 | M32: 63.63 | N32: 19.8 | O32: 0 | P32: 0.32 | Q32: 9.47
A34: Min | B34: =MIN(B9:B32) -> 8.2 | C34: =MIN(C9:C32) -> 3.29 | D34: =MIN(D9:D32) -> 12.11 | E34: =MIN(E9:E32) -> 3.51 | F34: =MIN(F9:F32) -> 3.64 | G34: =MIN(G9:G32) -> 61.01 | H34: =MIN(H9:H32) -> 23.94 | I34: =MIN(I9:I32) -> 3.55 | ... Q34: =MIN(Q9:Q32) -> 9.38
A35: Max | B35: =MAX(B9:B32) -> 8.85 | C35: =MAX(C9:C32) -> 4.98 | D35: =MAX(D9:D32) -> 13.36 | E35: =MAX(E9:E32) -> 5.44 | F35: =MAX(F9:F32) -> 7.7 | G35: =MAX(G9:G32) -> 141.95 | H35: =MAX(H9:H32) -> 56.29 | I35: =MAX(I9:I32) -> 7.26 | ... Q35: =MAX(Q9:Q32) -> 9.66
A36: Avg | B36: =AVERAGE(B9:B32) -> 8.4579167 | C36: =AVERAGE(C9:C32) -> 4.2058333 | D36: =AVERAGE(D9:D32) -> 12.753333 | E36: =AVERAGE(E9:E32) -> 4.44375 | F36: =AVERAGE(F9:F32) -> 5.6595833 | G36: =AVERAGE(G9:G32) -> 100.01083 | H36: =AVERAGE(H9:H32) -> 37.133333 | I36: =AVERAGE(I9:I32) -> 5.6808333 | ... Q36: =AVERAGE(Q9:Q32) -> 9.5241667
A37: Stdev | B37: =STDEV(B9:B32) -> 0.14003041 | C37: =STDEV(C9:C32) -> 0.47982711 | D37: =STDEV(D9:D32) -> 0.3475963 | E37: =STDEV(E9:E32) -> 0.58857095 | F37: =STDEV(F9:F32) -> 1.2788666 | G37: =STDEV(G9:G32) -> 25.523061 | H37: =STDEV(H9:H32) -> 8.3403778 | I37: =STDEV(I9:I32) -> 1.2073108 | ... Q37: =STDEV(Q9:Q32) -> 0.071012348
A38: Num | B38: =COUNT(B9:B32) -> 24 | C38: =COUNT(C9:C32) -> 24 | D38: =COUNT(D9:D32) -> 24 | E38: =COUNT(E9:E32) -> 24 | F38: =COUNT(F9:F32) -> 24 | G38: =COUNT(G9:G32) -> 24 | H38: =COUNT(H9:H32) -> 24 | I38: =COUNT(I9:I32) -> 24 | ... Q38: =COUNT(Q9:Q32) -> 24
A39: DCR | B39: =IF(B38>=22,">90%",IF(B38<=22,"<90%")) -> >90% | C39: =IF(C38>=22,">90%",IF(C38<=22,"<90%")) -> >90% | D39: =IF(D38>=22,">90%",IF(D38<=22,"<90%")) -> >90% | E39: =IF(E38>=22,">90%",IF(E38<=22,"<90%")) -> >90% | F39: =IF(F38>=22,">90%",IF(F38<=22,"<90%")) -> >90% | G39: =IF(G38>=22,">90%",IF(G38<=22,"<90%")) -> >90% | H39: =IF(H38>=22,">90%",IF(H38<=22,"<90%")) -> >90% | I39: =IF(I38>=22,">90%",IF(I38<=22,"<90%")) -> >90% | ... Q39: =IF(Q38>=22,">90%",IF(Q38<=22,"<90%")) -> >90%
A40: Status | B40: =IF(B38>=22,"OK",IF(B38<=22,"LESS")) -> OK | C40: =IF(C38>=22,"OK",IF(C38<=22,"LESS")) -> OK | D40: =IF(D38>=22,"OK",IF(D38<=22,"LESS")) -> OK | E40: =IF(E38>=22,"OK",IF(E38<=22,"LESS")) -> OK | F40: =IF(F38>=22,"OK",IF(F38<=22,"LESS")) -> OK | G40: =IF(G38>=22,"OK",IF(G38<=22,"LESS")) -> OK | H40: =IF(H38>=22,"OK",IF(H38<=22,"LESS")) -> OK | I40: =IF(I38>=22,"OK",IF(I38<=22,"LESS")) -> OK | ... Q40: =IF(Q38>=22,"OK",IF(Q38<=22,"LESS")) -> OK
A43: Done by | B43: RAHUL
A45: Comment

Sheet 12
A1: Station: | B1: BHATAGAON RAIPUR
A2: Date: | B2: =$A$9 -> 12-06-2024 01:00 | D2: Power Off | G2: Pw.Off | L2: Link Fail | N2: Link F | P2: Maintenance | R2: Maint.
A3: Report Type: | B3: Mean | D3: Calibration | G3: Calib. | L3: Data Fail | N3: Data F | P3: Invalid | R3: Invalid
A4: Time Base: | B4: 01 Hour | D4: Zero Referrence | G4: Z.Ref | L4: Warm Up | N4: Wm. Up
A7: Date & Time | B7: NO_BHATAGAON | C7: NO2_BHATAGAON | D7: NOX_BHATAGAON | E7: SO2_BHATAGAON | F7: O3_BHATAGAON | G7: PM10_BHATAGAON | H7: PM2_5_BHATAGAON | I7: BENZ_BHATAGAON | J7: WS_BHATAGAON | K7: WD_BHATAGAON | L7: TEMP_BHATAGAON | M7: HUM BHATAGAON | N7: SR_BHATAGAON | O7: RG_BHATAGAON | P7: CO_BHATAGAON | Q7: NH3_BHATAGAON
B8: ug/m3 | C8: ug/m3 | D8: ppb | E8: ug/m3 | F8: ug/m3 | G8: mg/m3 | H8: ug/m3 | I8: ug/m3 | J8: m/sec | K8: deg | L8: degreC | M8: % | N8: w/m2 | O8: mm | P8: ug/m3 | Q8: ug/m3
A9: 12-06-2024 01:00 | B9: 8.29 | C9: 3.27 | D9: 12.13 | E9: 4.6 | F9: 6.68 | G9: 56.24 | H9: 26.27 | I9: 5.36 | J9: 0.54 | K9: 294.92 | L9: 27.37 | M9: 59.39 | N9: 19.6 | O9: 0 | P9: 0.29 | Q9: 9.47
A10: 12-06-2024 02:00 | B10: 8.5 | C10: 4.15 | D10: 12.76 | E10: 4.55 | F10: 9.36 | G10: 44.08 | H10: 20.49 | I10: 4.75 | J10: 0.7 | K10: 31.7 | L10: 27.22 | M10: 62.27 | N10: 19.8 | O10: 0 | P10: 0.23 | Q10: 9.48
A11: 12-06-2024 03:00 | B11: 8.4 | C11: 3.9 | D11: 12.55 | E11: 4.74 | F11: 10.59 | G11: 38.69 | H11: 18.15 | I11: 2.88 | J11: 0.8 | K11: 31.73 | L11: 27.11 | M11: 61.38 | N11: 20 | O11: 0 | P11: 0.2 | Q11: 9.46
A12: 12-06-2024 04:00 | B12: 8.27 | C12: 3.46 | D12: 12.22 | E12: 4.7 | F12: 9.66 | G12: 35.46 | H12: 18.15 | I12: 1.82 | J12: 0.75 | K12: 26.98 | L12: 26.84 | M12: 61.52 | N12: 20 | O12: 0 | P12: 0.17 | Q12: 9.41
A13: 12-06-2024 05:00 | B13: 8.47 | C13: 4 | D13: 12.65 | E13: 4.49 | F13: 13.57 | G13: 31.45 | H13: 16.53 | I13: 1.36 | J13: 0.84 | K13: 355.59 | L13: 26.37 | M13: 72.25 | N13: 20.5 | O13: 0 | P13: 0.18 | Q13: 9.35
A14: 12-06-2024 06:00 | B14: 8.25 | C14: 3.37 | D14: 12.15 | E14: 4.71 | F14: 8.14 | G14: 37.3 | H14: 17.09 | I14: 2.3 | J14: 0.68 | K14: 348.68 | L14: 25.69 | M14: 73.13 | N14: 74.7 | O14: 0 | P14: 0.39 | Q14: 9.45
A15: 12-06-2024 07:00 | B15: 8.35 | C15: 3.8 | D15: 12.45 | E15: 4.45 | F15: 7.05 | G15: 37.89 | H15: 17.09 | I15: 2.4 | J15: 0.64 | K15: 359.75 | L15: 26.43 | M15: 70.13 | N15: 132.6 | O15: 0 | P15: 0.5 | Q15: 9.45
A16: 12-06-2024 08:00 | B16: 8.42 | C16: 4.15 | D16: 12.69 | E16: 4.25 | F16: 7.05 | G16: 51.94 | H16: 19.89 | I16: 3.51 | J16: 1.29 | K16: 350.57 | L16: 30.17 | M16: 63.34 | N16: 356.7 | O16: 0 | P16: 0.6 | Q16: 9.46
A17: 12-06-2024 09:00 | B17: 8.21 | C17: 3.24 | D17: 12.05 | E17: 4.72 | F17: 6.98 | G17: 51.94 | H17: 19.89 | I17: 3.38 | J17: 1.11 | K17: 343.9 | L17: 33.27 | M17: 50.9 | N17: 575.8 | O17: 0 | P17: 0.5 | Q17: 9.4
A18: 12-06-2024 10:00 | B18: 8.46 | C18: 4 | D18: 12.65 | E18: 4.94 | F18: 6.6 | G18: 46.11 | H18: 23.59 | I18: 2.8 | J18: 1.04 | K18: 335.08 | L18: 36.17 | M18: 41.97 | N18: 737 | O18: 0 | P18: 0.43 | Q18: 9.38
A19: 12-06-2024 11:00 | B19: 8.2 | C19: 3.22 | D19: 12.03 | E19: 4.88 | F19: 7.73 | G19: 45.37 | H19: 23.88 | I19: 2.67 | J19: 1.66 | K19: 317.45 | L19: 37.95 | M19: 37.05 | N19: 832.6 | O19: 0 | P19: 0.44 | Q19: 9.45
A20: 12-06-2024 12:00 | B20: 8.49 | C20: 4.18 | D20: 12.77 | E20: 4.93 | F20: 7.88 | G20: 50.65 | H20: 26.35 | I20: 2.48 | J20: 1.61 | K20: 334.11 | L20: 38.54 | M20: 34.6 | N20: 847.7 | O20: 0 | P20: 0.45 | Q20: 9.45
... A32: 12-06-2024 24:00 | B32: 8.2 | C32: 3.19 | D32: 12.01 | E32: 4.21 | F32: 5.57 | G32: 74.54 | H32: 23.36 | I32: 3.56 | J32: 0.49 | K32: 344.56 | L32: 28.43 | M32: 70.48 | N32: 17 | O32: 0 | P32: 0.64 | Q32: 9.52
A34: Min | B34: =MIN(B9:B32) -> 8.18 | C34: =MIN(C9:C32) -> 3.19 | D34: =MIN(D9:D32) -> 12.01 | E34: =MIN(E9:E32) -> 3.33 | F34: =MIN(F9:F32) -> 4.61 | G34: =MIN(G9:G32) -> 31.45 | H34: =MIN(H9:H32) -> 16.53 | I34: =MIN(I9:I32) -> 1.36 | ... Q34: =MIN(Q9:Q32) -> 9.35
A35: Max | B35: =MAX(B9:B32) -> 8.7 | C35: =MAX(C9:C32) -> 4.82 | D35: =MAX(D9:D32) -> 13.26 | E35: =MAX(E9:E32) -> 4.94 | F35: =MAX(F9:F32) -> 13.57 | G35: =MAX(G9:G32) -> 83.4 | H35: =MAX(H9:H32) -> 31.36 | I35: =MAX(I9:I32) -> 5.36 | ... Q35: =MAX(Q9:Q32) -> 9.62
A36: Avg | B36: =AVERAGE(B9:B32) -> 8.3758333 | C36: =AVERAGE(C9:C32) -> 3.8766667 | D36: =AVERAGE(D9:D32) -> 12.51625 | E36: =AVERAGE(E9:E32) -> 4.4041667 | F36: =AVERAGE(F9:F32) -> 7.2495833 | G36: =AVERAGE(G9:G32) -> 59.117917 | H36: =AVERAGE(H9:H32) -> 24.524583 | I36: =AVERAGE(I9:I32) -> 3.2516667 | ... Q36: =AVERAGE(Q9:Q32) -> 9.46375
A37: Stdev | B37: =STDEV(B9:B32) -> 0.13004737 | C37: =STDEV(C9:C32) -> 0.46472682 | D37: =STDEV(D9:D32) -> 0.34229167 | E37: =STDEV(E9:E32) -> 0.43568953 | F37: =STDEV(F9:F32) -> 1.9805104 | G37: =STDEV(G9:G32) -> 17.738414 | H37: =STDEV(H9:H32) -> 5.0955436 | I37: =STDEV(I9:I32) -> 0.9796746 | ... Q37: =STDEV(Q9:Q32) -> 0.067167053
A38: Num | B38: =COUNT(B9:B32) -> 24 | C38: =COUNT(C9:C32) -> 24 | D38: =COUNT(D9:D32) -> 24 | E38: =COUNT(E9:E32) -> 24 | F38: =COUNT(F9:F32) -> 24 | G38: =COUNT(G9:G32) -> 24 | H38: =COUNT(H9:H32) -> 24 | I38: =COUNT(I9:I32) -> 24 | ... Q38: =COUNT(Q9:Q32) -> 24
A39: DCR | B39: =IF(B38>=22,">90%",IF(B38<=22,"<90%")) -> >90% | C39: =IF(C38>=22,">90%",IF(C38<=22,"<90%")) -> >90% | D39: =IF(D38>=22,">90%",IF(D38<=22,"<90%")) -> >90% | E39: =IF(E38>=22,">90%",IF(E38<=22,"<90%")) -> >90% | F39: =IF(F38>=22,">90%",IF(F38<=22,"<90%")) -> >90% | G39: =IF(G38>=22,">90%",IF(G38<=22,"<90%")) -> >90% | H39: =IF(H38>=22,">90%",IF(H38<=22,"<90%")) -> >90% | I39: =IF(I38>=22,">90%",IF(I38<=22,"<90%")) -> >90% | ... Q39: =IF(Q38>=22,">90%",IF(Q38<=22,"<90%")) -> >90%
A40: Status | B40: =IF(B38>=22,"OK",IF(B38<=22,"LESS")) -> OK | C40: =IF(C38>=22,"OK",IF(C38<=22,"LESS")) -> OK | D40: =IF(D38>=22,"OK",IF(D38<=22,"LESS")) -> OK | E40: =IF(E38>=22,"OK",IF(E38<=22,"LESS")) -> OK | F40: =IF(F38>=22,"OK",IF(F38<=22,"LESS")) -> OK | G40: =IF(G38>=22,"OK",IF(G38<=22,"LESS")) -> OK | H40: =IF(H38>=22,"OK",IF(H38<=22,"LESS")) -> OK | I40: =IF(I38>=22,"OK",IF(I38<=22,"LESS")) -> OK | ... Q40: =IF(Q38>=22,"OK",IF(Q38<=22,"LESS")) -> OK
A43: Done by | B43: RAHUL
A45: Comment

Sheet 13
A1: Station: | B1: BHATAGAON RAIPUR
A2: Date: | B2: =$A$9 -> 13-06-2024 01:00 | D2: Power Off | G2: Pw.Off | L2: Link Fail | N2: Link F | P2: Maintenance | R2: Maint.
A3: Report Type: | B3: Mean | D3: Calibration | G3: Calib. | L3: Data Fail | N3: Data F | P3: Invalid | R3: Invalid
A4: Time Base: | B4: 01 Hour | D4: Zero Referrence | G4: Z.Ref | L4: Warm Up | N4: Wm. Up
A7: Date & Time | B7: NO_BHATAGAON | C7: NO2_BHATAGAON | D7: NOX_BHATAGAON | E7: SO2_BHATAGAON | F7: O3_BHATAGAON | G7: PM10_BHATAGAON | H7: PM2_5_BHATAGAON | I7: BENZ_BHATAGAON | J7: WS_BHATAGAON | K7: WD_BHATAGAON | L7: TEMP_BHATAGAON | M7: HUM BHATAGAON | N7: SR_BHATAGAON | O7: RG_BHATAGAON | P7: CO_BHATAGAON | Q7: NH3_BHATAGAON
B8: ug/m3 | C8: ug/m3 | D8: ppb | E8: ug/m3 | F8: ug/m3 | G8: mg/m3 | H8: ug/m3 | I8: ug/m3 | J8: m/sec | K8: deg | L8: degreC | M8: % | N8: w/m2 | O8: mm | P8: ug/m3 | Q8: ug/m3
A9: 13-06-2024 01:00 | B9: 8.4 | C9: 3.87 | D9: 12.53 | E9: 3.96 | F9: 5.86 | G9: 74.14 | H9: 57.86 | I9: 3.5 | J9: 0.5 | K9: 213.9 | L9: 27.75 | M9: 70.05 | N9: 17 | O9: 0 | P9: 0.57 | Q9: 9.51
A10: 13-06-2024 02:00 | B10: 8.37 | C10: 3.7 | D10: 12.42 | E10: 3.82 | F10: 6.06 | G10: 61.58 | H10: 57.86 | I10: 3.06 | J10: 0.67 | K10: 13.67 | L10: 27.82 | M10: 68.55 | N10: 17 | O10: 0 | P10: 0.41 | Q10: 9.47
A11: 13-06-2024 03:00 | B11: 8.19 | C11: 3.15 | D11: 11.99 | E11: 4.2 | F11: 9.02 | G11: 61.36 | H11: 54.14 | I11: 2.61 | J11: 0.7 | K11: 26.17 | L11: 27.92 | M11: 63.21 | N11: 17 | O11: 0 | P11: 0.35 | Q11: 9.43
A12: 13-06-2024 04:00 | B12: 8.25 | C12: 3.29 | D12: 12.11 | E12: 4.09 | F12: 10.32 | G12: 56.56 | H12: 35.96 | I12: 2.16 | J12: 0.69 | K12: 24 | L12: 27.78 | M12: 68.1 | N12: 17.1 | O12: 0 | P12: 0.27 | Q12: 9.37
A13: 13-06-2024 05:00 | B13: 8.46 | C13: 3.87 | D13: 12.58 | E13: 4.69 | F13: 8.43 | G13: 60.17 | H13: 35.96 | I13: 1.63 | J13: 0.65 | K13: 21.06 | L13: 27.38 | M13: 71.19 | N13: 17.1 | O13: 0 | P13: 0.25 | Q13: 9.43
A14: 13-06-2024 06:00 | B14: 8.42 | C14: 4.06 | D14: 12.64 | E14: 4.55 | F14: 5.48 | G14: 60.17 | H14: 25.21 | I14: 1.58 | J14: 0.65 | K14: 20.14 | L14: 27.17 | M14: 72.64 | N14: 33 | O14: 0 | P14: 0.26 | Q14: 9.42
A15: 13-06-2024 07:00 | B15: 8.16 | C15: 3.21 | D15: 11.99 | E15: 4.45 | F15: 5.1 | G15: 55.12 | H15: 28.77 | I15: 1.71 | J15: 0.57 | K15: 22.65 | L15: 28 | M15: 72.97 | N15: 158.5 | O15: 0 | P15: 0.28 | Q15: 9.41
A16: 13-06-2024 08:00 | B16: 8.3 | C16: 3.5 | D16: 12.26 | E16: 4.47 | F16: 4.32 | G16: 59.79 | H16: 28.77 | I16: 2.12 | J16: 0.64 | K16: 338.86 | L16: 29.39 | M16: 69.66 | N16: 184.8 | O16: 0 | P16: 0.46 | Q16: 9.38
A17: 13-06-2024 09:00 | B17: 8.22 | C17: 3.24 | D17: 12.06 | E17: 4.1 | F17: 4.49 | G17: 76.3 | H17: 41.44 | I17: 3.74 | J17: 0.6 | K17: 352.17 | L17: 30.45 | M17: 65.09 | N17: 347.7 | O17: 0 | P17: 0.66 | Q17: 9.42
A18: 13-06-2024 10:00 | B18: 8.47 | C18: 4.4 | D18: 12.86 | E18: 4.09 | F18: 6.46 | G18: 85.63 | H18: 41.87 | I18: 4.6 | J18: 0.79 | K18: 346.56 | L18: 34.13 | M18: 57.98 | N18: 747.2 | O18: 0 | P18: 0.73 | Q18: 9.5
A19: 13-06-2024 11:00 | B19: 8.24 | C19: 3.45 | D19: 12.18 | E19: 4.18 | F19: 8.92 | G19: 85.63 | H19: 41.87 | I19: 4.52 | J19: 0.61 | K19: 22.28 | L19: 34.33 | M19: 46.56 | N19: 833.4 | O19: 0 | P19: 0.68 | Q19: 9.46
A20: 13-06-2024 12:00 | B20: 8.39 | C20: 4.16 | D20: 12.68 | E20: 4.54 | F20: 9.77 | G20: 77.1 | H20: 37.13 | I20: 3.73 | J20: 0.72 | K20: 355.02 | L20: 35.86 | M20: 42.87 | N20: 637.6 | O20: 0 | P20: 0.6 | Q20: 9.39
... A32: 13-06-2024 24:00 | B32: 8.22 | C32: 3.27 | D32: 12.07 | E32: 3.61 | F32: 4.76 | G32: 80.86 | H32: 33.17 | I32: 6.72 | J32: 1.62 | K32: 159.69 | L32: 30.33 | M32: 54.87 | N32: 17.6 | O32: 0 | P32: 0.57 | Q32: 9.55
A34: Min | B34: =MIN(B9:B32) -> 8.15 | C34: =MIN(C9:C32) -> 3.15 | D34: =MIN(D9:D32) -> 11.97 | E34: =MIN(E9:E32) -> 3.53 | F34: =MIN(F9:F32) -> 4.32 | G34: =MIN(G9:G32) -> 55.12 | H34: =MIN(H9:H32) -> 25.21 | I34: =MIN(I9:I32) -> 1.58 | ... Q34: =MIN(Q9:Q32) -> 9.35
A35: Max | B35: =MAX(B9:B32) -> 8.47 | C35: =MAX(C9:C32) -> 4.4 | D35: =MAX(D9:D32) -> 12.86 | E35: =MAX(E9:E32) -> 4.69 | F35: =MAX(F9:F32) -> 10.32 | G35: =MAX(G9:G32) -> 90.57 | H35: =MAX(H9:H32) -> 57.86 | I35: =MAX(I9:I32) -> 6.73 | ... Q35: =MAX(Q9:Q32) -> 9.57
A36: Avg | B36: =AVERAGE(B9:B32) -> 8.3191667 | C36: =AVERAGE(C9:C32) -> 3.715 | D36: =AVERAGE(D9:D32) -> 12.385417 | E36: =AVERAGE(E9:E32) -> 4.16 | F36: =AVERAGE(F9:F32) -> 6.9620833 | G36: =AVERAGE(G9:G32) -> 72.312083 | H36: =AVERAGE(H9:H32) -> 38.777083 | I36: =AVERAGE(I9:I32) -> 3.3375 | ... Q36: =AVERAGE(Q9:Q32) -> 9.4445833
A37: Stdev | B37: =STDEV(B9:B32) -> 0.10391956 | C37: =STDEV(C9:C32) -> 0.41605811 | D37: =STDEV(D9:D32) -> 0.29511942 | E37: =STDEV(E9:E32) -> 0.34012785 | F37: =STDEV(F9:F32) -> 2.0146809 | G37: =STDEV(G9:G32) -> 10.581158 | H37: =STDEV(H9:H32) -> 8.0563491 | I37: =STDEV(I9:I32) -> 1.3909748 | ... Q37: =STDEV(Q9:Q32) -> 0.060718822
A38: Num | B38: =COUNT(B9:B32) -> 24 | C38: =COUNT(C9:C32) -> 24 | D38: =COUNT(D9:D32) -> 24 | E38: =COUNT(E9:E32) -> 24 | F38: =COUNT(F9:F32) -> 24 | G38: =COUNT(G9:G32) -> 24 | H38: =COUNT(H9:H32) -> 24 | I38: =COUNT(I9:I32) -> 24 | ... Q38: =COUNT(Q9:Q32) -> 24
A39: DCR | B39: =IF(B38>=22,">90%",IF(B38<=22,"<90%")) -> >90% | C39: =IF(C38>=22,">90%",IF(C38<=22,"<90%")) -> >90% | D39: =IF(D38>=22,">90%",IF(D38<=22,"<90%")) -> >90% | E39: =IF(E38>=22,">90%",IF(E38<=22,"<90%")) -> >90% | F39: =IF(F38>=22,">90%",IF(F38<=22,"<90%")) -> >90% | G39: =IF(G38>=22,">90%",IF(G38<=22,"<90%")) -> >90% | H39: =IF(H38>=22,">90%",IF(H38<=22,"<90%")) -> >90% | I39: =IF(I38>=22,">90%",IF(I38<=22,"<90%")) -> >90% | ... Q39: =IF(Q38>=22,">90%",IF(Q38<=22,"<90%")) -> >90%
A40: Status | B40: =IF(B38>=22,"OK",IF(B38<=22,"LESS")) -> OK | C40: =IF(C38>=22,"OK",IF(C38<=22,"LESS")) -> OK | D40: =IF(D38>=22,"OK",IF(D38<=22,"LESS")) -> OK | E40: =IF(E38>=22,"OK",IF(E38<=22,"LESS")) -> OK | F40: =IF(F38>=22,"OK",IF(F38<=22,"LESS")) -> OK | G40: =IF(G38>=22,"OK",IF(G38<=22,"LESS")) -> OK | H40: =IF(H38>=22,"OK",IF(H38<=22,"LESS")) -> OK | I40: =IF(I38>=22,"OK",IF(I38<=22,"LESS")) -> OK | ... Q40: =IF(Q38>=22,"OK",IF(Q38<=22,"LESS")) -> OK
A43: Done by | B43: RAHUL
A45: Comment

Sheet 14
A1: Station: | B1: BHATAGAON RAIPUR
A2: Date: | B2: =$A$9 -> 14-06-2024 01:00 | D2: Power Off | G2: Pw.Off | L2: Link Fail | N2: Link F | P2: Maintenance | R2: Maint.
A3: Report Type: | B3: Mean | D3: Calibration | G3: Calib. | L3: Data Fail | N3: Data F | P3: Invalid | R3: Invalid
A4: Time Base: | B4: 01 Hour | D4: Zero Referrence | G4: Z.Ref | L4: Warm Up | N4: Wm. Up
A7: Date & Time | B7: NO_BHATAGAON | C7: NO2_BHATAGAON | D7: NOX_BHATAGAON | E7: SO2_BHATAGAON | F7: O3_BHATAGAON | G7: PM10_BHATAGAON | H7: PM2_5_BHATAGAON | I7: BENZ_BHATAGAON | J7: WS_BHATAGAON | K7: WD_BHATAGAON | L7: TEMP_BHATAGAON | M7: HUM BHATAGAON | N7: SR_BHATAGAON | O7: RG_BHATAGAON | P7: CO_BHATAGAON | Q7: NH3_BHATAGAON
B8: ug/m3 | C8: ug/m3 | D8: ppb | E8: ug/m3 | F8: ug/m3 | G8: mg/m3 | H8: ug/m3 | I8: ug/m3 | J8: m/sec | K8: deg | L8: degreC | M8: % | N8: w/m2 | O8: mm | P8: ug/m3 | Q8: ug/m3
A9: 14-06-2024 01:00 | B9: 8.47 | C9: 4.18 | D9: 12.75 | E9: 4.08 | F9: 5.3 | G9: 75.09 | H9: 33.17 | I9: 6.48 | J9: 0.38 | K9: 280.97 | L9: 29.89 | M9: 58.33 | N9: 17.5 | O9: 0 | P9: 0.5 | Q9: 9.55
A10: 14-06-2024 02:00 | B10: 8.22 | C10: 3.37 | D10: 12.13 | E10: 4.38 | F10: 6.61 | G10: 66.3 | H10: 28.38 | I10: 5.46 | J10: 0.48 | K10: 29.2 | L10: 29.97 | M10: 60.49 | N10: 17.3 | O10: 0 | P10: 0.39 | Q10: 9.51
A11: 14-06-2024 03:00 | B11: 8.22 | C11: 3.19 | D11: 12.03 | E11: 4.14 | F11: 11.39 | G11: 61.66 | H11: 26.04 | I11: 4.02 | J11: 0.58 | K11: 20.67 | L11: 29.89 | M11: 57.41 | N11: 17.8 | O11: 0 | P11: 0.32 | Q11: 9.43
A12: 14-06-2024 04:00 | B12: 8.41 | C12: 3.79 | D12: 12.5 | E12: 4.05 | F12: 9.6 | G12: 59.38 | H12: 26.04 | I12: 2.72 | J12: 0.64 | K12: 24.74 | L12: 28.95 | M12: 55.43 | N12: 17.7 | O12: 0 | P12: 0.23 | Q12: 9.44
A13: 14-06-2024 05:00 | B13: 8.25 | C13: 3.42 | D13: 12.18 | E13: 3.5 | F13: 6.73 | G13: 53.32 | H13: 24.47 | I13: 2.13 | J13: 0.58 | K13: 16.98 | L13: 28.27 | M13: 55.64 | N13: 17.7 | O13: 0 | P13: 0.21 | Q13: 9.44
A14: 14-06-2024 06:00 | B14: 8.2 | C14: 3.27 | D14: 12.06 | E14: 3.64 | F14: 7.62 | G14: 46.18 | H14: 19.66 | I14: 1.72 | J14: 0.64 | K14: 18.09 | L14: 27.83 | M14: 53.88 | N14: 50.9 | O14: 0 | P14: 0.19 | Q14: 9.42
A15: 14-06-2024 07:00 | B15: 8.36 | C15: 3.71 | D15: 12.42 | E15: 3.83 | F15: 6.35 | G15: 43.23 | H15: 19.32 | I15: 1.44 | J15: 0.71 | K15: 29.25 | L15: 28.45 | M15: 55.33 | N15: 161.2 | O15: 0 | P15: 0.21 | Q15: 9.35
A16: 14-06-2024 08:00 | B16: 8.21 | C16: 3.17 | D16: 12.01 | E16: 4.17 | F16: 6.94 | G16: 44.54 | H16: 24.63 | I16: 1.58 | J16: 0.56 | K16: 4.38 | L16: 29.07 | M16: 55.32 | N16: 199.6 | O16: 0 | P16: 0.26 | Q16: 9.4
A17: 14-06-2024 09:00 | B17: 8.24 | C17: 3.43 | D17: 12.18 | E17: 4.09 | F17: 5.63 | G17: 45.02 | H17: 24.63 | I17: 1.75 | J17: 0.57 | K17: 359.68 | L17: 30 | M17: 54.91 | N17: 272.4 | O17: 0 | P17: 0.34 | Q17: 9.46
A18: 14-06-2024 10:00 | B18: 8.48 | C18: 4.39 | D18: 12.87 | E18: 4.17 | F18: 5.82 | G18: 53.22 | H18: 24.13 | I18: 2.47 | J18: 0.55 | K18: 337.23 | L18: 33.46 | M18: 49.74 | N18: 698.4 | O18: 0 | P18: 0.46 | Q18: 9.49
A19: 14-06-2024 11:00 | B19: 8.2 | C19: 3.28 | D19: 12.07 | E19: 3.72 | F19: 6.85 | G19: 55.56 | H19: 25.63 | I19: 2.71 | J19: 1.36 | K19: 339.14 | L19: 38.54 | M19: 38.89 | N19: 811.9 | O19: 0 | P19: 0.46 | Q19: 9.42
A20: 14-06-2024 12:00 | B20: 8.51 | C20: 4.31 | D20: 12.85 | E20: 4.59 | F20: 6.33 | G20: 62.81 | H20: 25.63 | I20: 2.69 | J20: 2.09 | K20: 334.92 | L20: 39.22 | M20: 31.75 | N20: 832.4 | O20: 0 | P20: 0.45 | Q20: 9.36
... A32: 14-06-2024 24:00 | B32: 8.36 | C32: 3.88 | D32: 12.5 | E32: 4.95 | F32: 11.85 | G32: 51.07 | H32: 30.66 | I32: 3.85 | J32: 0.84 | K32: 26.07 | L32: 27.18 | M32: 66.34 | N32: 17.6 | O32: 0 | P32: 0.29 | Q32: 9.52
A34: Min | B34: =MIN(B9:B32) -> 8.18 | C34: =MIN(C9:C32) -> 3.15 | D34: =MIN(D9:D32) -> 11.97 | E34: =MIN(E9:E32) -> 3.5 | F34: =MIN(F9:F32) -> 3.88 | G34: =MIN(G9:G32) -> 43.23 | H34: =MIN(H9:H32) -> 19.32 | I34: =MIN(I9:I32) -> 1.44 | ... Q34: =MIN(Q9:Q32) -> 9.35
A35: Max | B35: =MAX(B9:B32) -> 8.6 | C35: =MAX(C9:C32) -> 4.91 | D35: =MAX(D9:D32) -> 13.24 | E35: =MAX(E9:E32) -> 5.31 | F35: =MAX(F9:F32) -> 11.85 | G35: =MAX(G9:G32) -> 200.83 | H35: =MAX(H9:H32) -> 49.58 | I35: =MAX(I9:I32) -> 7.46 | ... Q35: =MAX(Q9:Q32) -> 9.64
A36: Avg | B36: =AVERAGE(B9:B32) -> 8.3216667 | C36: =AVERAGE(C9:C32) -> 3.7433333 | D36: =AVERAGE(D9:D32) -> 12.404167 | E36: =AVERAGE(E9:E32) -> 4.4725 | F36: =AVERAGE(F9:F32) -> 7.22375 | G36: =AVERAGE(G9:G32) -> 80.925833 | H36: =AVERAGE(H9:H32) -> 31.340833 | I36: =AVERAGE(I9:I32) -> 4.02375 | ... Q36: =AVERAGE(Q9:Q32) -> 9.4683333
A37: Stdev | B37: =STDEV(B9:B32) -> 0.12167907 | C37: =STDEV(C9:C32) -> 0.51365414 | D37: =STDEV(D9:D32) -> 0.36246639 | E37: =STDEV(E9:E32) -> 0.51715989 | F37: =STDEV(F9:F32) -> 2.0718818 | G37: =STDEV(G9:G32) -> 45.034271 | H37: =STDEV(H9:H32) -> 8.5747262 | I37: =STDEV(I9:I32) -> 1.9489636 | ... Q37: =STDEV(Q9:Q32) -> 0.076650912
A38: Num | B38: =COUNT(B9:B32) -> 24 | C38: =COUNT(C9:C32) -> 24 | D38: =COUNT(D9:D32) -> 24 | E38: =COUNT(E9:E32) -> 24 | F38: =COUNT(F9:F32) -> 24 | G38: =COUNT(G9:G32) -> 24 | H38: =COUNT(H9:H32) -> 24 | I38: =COUNT(I9:I32) -> 24 | ... Q38: =COUNT(Q9:Q32) -> 24
A39: DCR | B39: =IF(B38>=22,">90%",IF(B38<=22,"<90%")) -> >90% | C39: =IF(C38>=22,">90%",IF(C38<=22,"<90%")) -> >90% | D39: =IF(D38>=22,">90%",IF(D38<=22,"<90%")) -> >90% | E39: =IF(E38>=22,">90%",IF(E38<=22,"<90%")) -> >90% | F39: =IF(F38>=22,">90%",IF(F38<=22,"<90%")) -> >90% | G39: =IF(G38>=22,">90%",IF(G38<=22,"<90%")) -> >90% | H39: =IF(H38>=22,">90%",IF(H38<=22,"<90%")) -> >90% | I39: =IF(I38>=22,">90%",IF(I38<=22,"<90%")) -> >90% | ... Q39: =IF(Q38>=22,">90%",IF(Q38<=22,"<90%")) -> >90%
A40: Status | B40: =IF(B38>=22,"OK",IF(B38<=22,"LESS")) -> OK | C40: =IF(C38>=22,"OK",IF(C38<=22,"LESS")) -> OK | D40: =IF(D38>=22,"OK",IF(D38<=22,"LESS")) -> OK | E40: =IF(E38>=22,"OK",IF(E38<=22,"LESS")) -> OK | F40: =IF(F38>=22,"OK",IF(F38<=22,"LESS")) -> OK | G40: =IF(G38>=22,"OK",IF(G38<=22,"LESS")) -> OK | H40: =IF(H38>=22,"OK",IF(H38<=22,"LESS")) -> OK | I40: =IF(I38>=22,"OK",IF(I38<=22,"LESS")) -> OK | ... Q40: =IF(Q38>=22,"OK",IF(Q38<=22,"LESS")) -> OK
A43: Done by | B43: RAHUL
A45: Comment

Sheet 15
A1: Station: | B1: BHATAGAON RAIPUR
A2: Date: | B2: =$A$9 -> 15-06-2024 01:00 | D2: Power Off | G2: Pw.Off | L2: Link Fail | N2: Link F | P2: Maintenance | R2: Maint.
A3: Report Type: | B3: Mean | D3: Calibration | G3: Calib. | L3: Data Fail | N3: Data F | P3: Invalid | R3: Invalid
A4: Time Base: | B4: 01 Hour | D4: Zero Referrence | G4: Z.Ref | L4: Warm Up | N4: Wm. Up
A7: Date & Time | B7: NO_BHATAGAON | C7: NO2_BHATAGAON | D7: NOX_BHATAGAON | E7: SO2_BHATAGAON | F7: O3_BHATAGAON | G7: PM10_BHATAGAON | H7: PM2_5_BHATAGAON | I7: BENZ_BHATAGAON | J7: WS_BHATAGAON | K7: WD_BHATAGAON | L7: TEMP_BHATAGAON | M7: HUM BHATAGAON | N7: SR_BHATAGAON | O7: RG_BHATAGAON | P7: CO_BHATAGAON | Q7: NH3_BHATAGAON
B8: ug/m3 | C8: ug/m3 | D8: ppb | E8: ug/m3 | F8: ug/m3 | G8: mg/m3 | H8: ug/m3 | I8: ug/m3 | J8: m/sec | K8: deg | L8: degreC | M8: % | N8: w/m2 | O8: mm | P8: ug/m3 | Q8: ug/m3
A9: 15-06-2024 01:00 | B9: 8.23 | C9: 3.44 | D9: 12.17 | E9: 5.52 | F9: 10.37 | G9: 43.58 | H9: 29.25 | I9: 2.1 | J9: 0.73 | K9: 26 | L9: 26.73 | M9: 64.57 | N9: 16.8 | O9: 0 | P9: 0.21 | Q9: 9.47
A10: 15-06-2024 02:00 | B10: 8.23 | C10: 3.24 | D10: 12.07 | E10: 5.51 | F10: 9.31 | G10: 29.32 | H10: 24.06 | I10: 1.51 | J10: 0.6 | K10: 337.52 | L10: 26.22 | M10: 61.94 | N10: 16.9 | O10: 0 | P10: 0.22 | Q10: 9.39
A11: 15-06-2024 03:00 | B11: 8.28 | C11: 3.5 | D11: 12.25 | E11: 5.49 | F11: 5.44 | G11: 32.28 | H11: 22.91 | I11: 1.97 | J11: 0.49 | K11: 356.98 | L11: 26.02 | M11: 62.74 | N11: 16.9 | O11: 0 | P11: 0.24 | Q11: 9.43
A12: 15-06-2024 04:00 | B12: 8.26 | C12: 3.37 | D12: 12.16 | E12: 5.45 | F12: 5.42 | G12: 32.28 | H12: 18.98 | I12: 2.08 | J12: 1.48 | K12: 357.55 | L12: 25.19 | M12: 67.46 | N12: 17 | O12: 0 | P12: 0.24 | Q12: 9.42
A13: 15-06-2024 05:00 | B13: 8.23 | C13: 3.34 | D13: 12.11 | E13: 3.19 | F13: 4.51 | G13: 31.17 | H13: 18.98 | I13: 3.05 | J13: 0.62 | K13: 349.92 | L13: 24.93 | M13: 68.95 | N13: 17 | O13: 0 | P13: 0.23 | Q13: 9.43
A14: 15-06-2024 06:00 | B14: 8.38 | C14: 3.6 | D14: 12.37 | E14: 3.18 | F14: 4.55 | G14: 31.17 | H14: 13.86 | I14: 3.51 | J14: 0.73 | K14: 349.75 | L14: 25.59 | M14: 70.64 | N14: 47.3 | O14: 0 | P14: 0.23 | Q14: 9.36
A15: 15-06-2024 07:00 | B15: 8.21 | C15: 3.22 | D15: 12.04 | E15: 3.32 | F15: 5.47 | G15: 42.65 | H15: 14.14 | I15: 3.57 | J15: 0.58 | K15: 25.1 | L15: 26.32 | M15: 67.54 | N15: 149.9 | O15: 0 | P15: 0.27 | Q15: 9.42
A16: 15-06-2024 08:00 | B16: 8.47 | C16: 4.35 | D16: 12.84 | E16: 3.69 | F16: 4.88 | G16: 48.33 | H16: 14.14 | I16: 3.07 | J16: 0.67 | K16: 359.55 | L16: 29 | M16: 63.85 | N16: 394.1 | O16: 0 | P16: 0.39 | Q16: 9.48
A17: 15-06-2024 09:00 | B17: 8.25 | C17: 3.54 | D17: 12.24 | E17: 4.33 | F17: 5.5 | G17: 63.29 | H17: 18.27 | I17: 3.55 | J17: 0.68 | K17: 355.49 | L17: 30.02 | M17: 53.27 | N17: 333.3 | O17: 0 | P17: 0.57 | Q17: 9.49
A18: 15-06-2024 10:00 | B18: 8.42 | C18: 4.22 | D18: 12.74 | E18: 4.46 | F18: 5.8 | G18: 64.5 | H18: 18.33 | I18: 4.08 | J18: 0.57 | K18: 26.99 | L18: 31.33 | M18: 50.16 | N18: 696.9 | O18: 0 | P18: 0.71 | Q18: 9.51
A19: 15-06-2024 11:00 | B19: 8.2 | C19: 3.3 | D19: 12.08 | E19: 4.72 | F19: 7.69 | G19: 79.92 | H19: 28.93 | I19: 4.74 | J19: 0.62 | K19: 343.94 | L19: 34.71 | M19: 44.87 | N19: 804.4 | O19: 0 | P19: 0.79 | Q19: 9.41
A20: 15-06-2024 12:00 | B20: 8.32 | C20: 3.82 | D20: 12.44 | E20: 4.44 | F20: 8.74 | G20: 79.92 | H20: 28.93 | I20: 4.81 | J20: 1.01 | K20: 352.49 | L20: 36.53 | M20: 37.56 | N20: 856.8 | O20: 0 | P20: 0.72 | Q20: 9.5
... A32: 15-06-2024 24:00 | B32: 8.25 | C32: 3.35 | D32: 12.14 | E32: 4.36 | F32: 4.89 | G32: 76.33 | H32: 27.73 | I32: 4.35 | J32: 0.55 | K32: 25.3 | L32: 29.87 | M32: 52.43 | N32: 18.5 | O32: 0 | P32: 0.56 | Q32: 9.54
A34: Min | B34: =MIN(B9:B32) -> 8.16 | C34: =MIN(C9:C32) -> 3.22 | D34: =MIN(D9:D32) -> 12.02 | E34: =MIN(E9:E32) -> 3.18 | F34: =MIN(F9:F32) -> 3.61 | G34: =MIN(G9:G32) -> 29.32 | H34: =MIN(H9:H32) -> 13.86 | I34: =MIN(I9:I32) -> 1.51 | ... Q34: =MIN(Q9:Q32) -> 9.34
A35: Max | B35: =MAX(B9:B32) -> 8.57 | C35: =MAX(C9:C32) -> 4.35 | D35: =MAX(D9:D32) -> 12.85 | E35: =MAX(E9:E32) -> 5.52 | F35: =MAX(F9:F32) -> 11.08 | G35: =MAX(G9:G32) -> 97.89 | H35: =MAX(H9:H32) -> 33.71 | I35: =MAX(I9:I32) -> 5.21 | ... Q35: =MAX(Q9:Q32) -> 9.71
A36: Avg | B36: =AVERAGE(B9:B32) -> 8.305 | C36: =AVERAGE(C9:C32) -> 3.6329167 | D36: =AVERAGE(D9:D32) -> 12.33375 | E36: =AVERAGE(E9:E32) -> 4.37625 | F36: =AVERAGE(F9:F32) -> 6.57125 | G36: =AVERAGE(G9:G32) -> 63.092917 | H36: =AVERAGE(H9:H32) -> 25.18375 | I36: =AVERAGE(I9:I32) -> 3.54625 | ... Q36: =AVERAGE(Q9:Q32) -> 9.4716667
A37: Stdev | B37: =STDEV(B9:B32) -> 0.10574785 | C37: =STDEV(C9:C32) -> 0.34892978 | D37: =STDEV(D9:D32) -> 0.26246014 | E37: =STDEV(E9:E32) -> 0.70757892 | F37: =STDEV(F9:F32) -> 2.4295147 | G37: =STDEV(G9:G32) -> 22.090465 | H37: =STDEV(H9:H32) -> 6.6497949 | I37: =STDEV(I9:I32) -> 1.067039 | ... Q37: =STDEV(Q9:Q32) -> 0.09836342
A38: Num | B38: =COUNT(B9:B32) -> 24 | C38: =COUNT(C9:C32) -> 24 | D38: =COUNT(D9:D32) -> 24 | E38: =COUNT(E9:E32) -> 24 | F38: =COUNT(F9:F32) -> 24 | G38: =COUNT(G9:G32) -> 24 | H38: =COUNT(H9:H32) -> 24 | I38: =COUNT(I9:I32) -> 24 | ... Q38: =COUNT(Q9:Q32) -> 24
A39: DCR | B39: =IF(B38>=22,">90%",IF(B38<=22,"<90%")) -> >90% | C39: =IF(C38>=22,">90%",IF(C38<=22,"<90%")) -> >90% | D39: =IF(D38>=22,">90%",IF(D38<=22,"<90%")) -> >90% | E39: =IF(E38>=22,">90%",IF(E38<=22,"<90%")) -> >90% | F39: =IF(F38>=22,">90%",IF(F38<=22,"<90%")) -> >90% | G39: =IF(G38>=22,">90%",IF(G38<=22,"<90%")) -> >90% | H39: =IF(H38>=22,">90%",IF(H38<=22,"<90%")) -> >90% | I39: =IF(I38>=22,">90%",IF(I38<=22,"<90%")) -> >90% | ... Q39: =IF(Q38>=22,">90%",IF(Q38<=22,"<90%")) -> >90%
A40: Status | B40: =IF(B38>=22,"OK",IF(B38<=22,"LESS")) -> OK | C40: =IF(C38>=22,"OK",IF(C38<=22,"LESS")) -> OK | D40: =IF(D38>=22,"OK",IF(D38<=22,"LESS")) -> OK | E40: =IF(E38>=22,"OK",IF(E38<=22,"LESS")) -> OK | F40: =IF(F38>=22,"OK",IF(F38<=22,"LESS")) -> OK | G40: =IF(G38>=22,"OK",IF(G38<=22,"LESS")) -> OK | H40: =IF(H38>=22,"OK",IF(H38<=22,"LESS")) -> OK | I40: =IF(I38>=22,"OK",IF(I38<=22,"LESS")) -> OK | ... Q40: =IF(Q38>=22,"OK",IF(Q38<=22,"LESS")) -> OK
A43: Done by | B43: RAHUL
A45: Comment

Sheet 16
A1: Station: | B1: BHATAGAON RAIPUR
A2: Date: | B2: =$A$9 -> 16-06-2024 01:00 | D2: Power Off | G2: Pw.Off | L2: Link Fail | N2: Link F | P2: Maintenance | R2: Maint.
A3: Report Type: | B3: Mean | D3: Calibration | G3: Calib. | L3: Data Fail | N3: Data F | P3: Invalid | R3: Invalid
A4: Time Base: | B4: 01 Hour | D4: Zero Referrence | G4: Z.Ref | L4: Warm Up | N4: Wm. Up
A7: Date & Time | B7: NO_BHATAGAON | C7: NO2_BHATAGAON | D7: NOX_BHATAGAON | E7: SO2_BHATAGAON | F7: O3_BHATAGAON | G7: PM10_BHATAGAON | H7: PM2_5_BHATAGAON | I7: BENZ_BHATAGAON | J7: WS_BHATAGAON | K7: WD_BHATAGAON | L7: TEMP_BHATAGAON | M7: HUM BHATAGAON | N7: SR_BHATAGAON | O7: RG_BHATAGAON | P7: CO_BHATAGAON | Q7: NH3_BHATAGAON
B8: ug/m3 | C8: ug/m3 | D8: ppb | E8: ug/m3 | F8: ug/m3 | G8: mg/m3 | H8: ug/m3 | I8: ug/m3 | J8: m/sec | K8: deg | L8: degreC | M8: % | N8: w/m2 | O8: mm | P8: ug/m3 | Q8: ug/m3
A9: 16-06-2024 01:00 | B9: 8.36 | C9: 3.72 | D9: 12.42 | E9: 3.61 | F9: 4.51 | G9: 71.92 | H9: 27 | I9: 3.9 | J9: 0.41 | K9: 63.4 | L9: 29.65 | M9: 54.24 | N9: 18.5 | O9: 0 | P9: 0.49 | Q9: 9.44
A10: 16-06-2024 02:00 | B10: 8.33 | C10: 3.68 | D10: 12.37 | E10: 3.49 | F10: 4.77 | G10: 61.29 | H10: 23.87 | I10: 4.18 | J10: 0.43 | K10: 18.38 | L10: 29.67 | M10: 58.19 | N10: 18.7 | O10: 0 | P10: 0.42 | Q10: 9.48
A11: 16-06-2024 03:00 | B11: 8.21 | C11: 3.32 | D11: 12.09 | E11: 3.44 | F11: 4.9 | G11: 59 | H11: 20.86 | I11: 3.78 | J11: 0.32 | K11: 79.23 | L11: 29.3 | M11: 59.68 | N11: 18.6 | O11: 0 | P11: 0.37 | Q11: 9.49
A12: 16-06-2024 04:00 | B12: 8.3 | C12: 3.53 | D12: 12.27 | E12: 4.26 | F12: 5.31 | G12: 48.36 | H12: 20.86 | I12: 3.7 | J12: 0.52 | K12: 353.97 | L12: 29.23 | M12: 59.03 | N12: 18.5 | O12: 0 | P12: 0.3 | Q12: 9.49
A13: 16-06-2024 05:00 | B13: 8.43 | C13: 3.85 | D13: 12.55 | E13: 4.64 | F13: 4.11 | G13: 46.13 | H13: 19.4 | I13: 3.65 | J13: 0.54 | K13: 339.09 | L13: 28.8 | M13: 60.49 | N13: 18.5 | O13: 0 | P13: 0.27 | Q13: 9.42
A14: 16-06-2024 06:00 | B14: 8.22 | C14: 3.21 | D14: 12.05 | E14: 4.75 | F14: 4.42 | G14: 46.13 | H14: 17.2 | I14: 4.8 | J14: 1.46 | K14: 184.83 | L14: 28.46 | M14: 60.91 | N14: 29.7 | O14: 0 | P14: 0.25 | Q14: 9.47
A15: 16-06-2024 07:00 | B15: 8.28 | C15: 3.51 | D15: 12.24 | E15: 4.79 | F15: 4.36 | G15: 43.64 | H15: 15.57 | I15: 5.8 | J15: 3.43 | K15: 110.25 | L15: 28.36 | M15: 76.39 | N15: 53.3 | O15: 0 | P15: 0.25 | Q15: 9.5
A16: 16-06-2024 08:00 | B16: 8.32 | C16: 3.66 | D16: 12.36 | E16: 4.66 | F16: 4.78 | G16: 54.62 | H16: 15.57 | I16: 7.35 | J16: 2.16 | K16: 112.13 | L16: 26.28 | M16: 76.71 | N16: 91.1 | O16: 0 | P16: 0.28 | Q16: 9.51
A17: 16-06-2024 09:00 | B17: 8.35 | C17: 3.73 | D17: 12.42 | E17: 4.74 | F17: 4.87 | G17: 54.62 | H17: 15.38 | I17: 7.12 | J17: 1.01 | K17: 144.77 | L17: 27.86 | M17: 73.1 | N17: 251.8 | O17: 0 | P17: 0.28 | Q17: 9.49
A18: 16-06-2024 10:00 | B18: 8.22 | C18: 3.24 | D18: 12.06 | E18: 4.77 | F18: 3.98 | G18: 50.15 | H18: 15.46 | I18: 6.54 | J18: 1.31 | K18: 152.74 | L18: 28.99 | M18: 66.9 | N18: 395.7 | O18: 0 | P18: 0.28 | Q18: 9.45
A19: 16-06-2024 11:00 | B19: 8.3 | C19: 3.55 | D19: 12.29 | E19: 4.9 | F19: 4.78 | G19: 47.85 | H19: 15.46 | I19: 6.93 | J19: 1.39 | K19: 344.56 | L19: 34.01 | M19: 61.82 | N19: 498.9 | O19: 0 | P19: 0.32 | Q19: 9.49
A20: 16-06-2024 12:00 | B20: 8.37 | C20: 3.82 | D20: 12.48 | E20: 4.61 | F20: 5.26 | G20: 50.96 | H20: 19.47 | I20: 6.85 | J20: 1.27 | K20: 345.11 | L20: 34.01 | M20: 52.65 | N20: 434.4 | O20: 0 | P20: 0.43 | Q20: 9.53
... A32: 16-06-2024 24:00 | B32: 8.29 | C32: 3.45 | D32: 12.23 | E32: 4.57 | F32: 4.29 | G32: 136.67 | H32: 50.31 | I32: 7.45 | J32: 0.58 | K32: 203.99 | L32: 29.9 | M32: 54.59 | N32: 20.7 | O32: 0 | P32: 0.8 | Q32: 9.63
A34: Min | B34: =MIN(B9:B32) -> 8.19 | C34: =MIN(C9:C32) -> 3.2 | D34: =MIN(D9:D32) -> 12.01 | E34: =MIN(E9:E32) -> 3.44 | F34: =MIN(F9:F32) -> 3.69 | G34: =MIN(G9:G32) -> 43.64 | H34: =MIN(H9:H32) -> 15.38 | I34: =MIN(I9:I32) -> 3.65 | ... Q34: =MIN(Q9:Q32) -> 9.42
A35: Max | B35: =MAX(B9:B32) -> 8.91 | C35: =MAX(C9:C32) -> 5.64 | D35: =MAX(D9:D32) -> 13.87 | E35: =MAX(E9:E32) -> 5.56 | F35: =MAX(F9:F32) -> 6.51 | G35: =MAX(G9:G32) -> 144.76 | H35: =MAX(H9:H32) -> 50.31 | I35: =MAX(I9:I32) -> 7.58 | ... Q35: =MAX(Q9:Q32) -> 9.75
A36: Avg | B36: =AVERAGE(B9:B32) -> 8.3245833 | C36: =AVERAGE(C9:C32) -> 3.6833333 | D36: =AVERAGE(D9:D32) -> 12.37375 | E36: =AVERAGE(E9:E32) -> 4.6404167 | F36: =AVERAGE(F9:F32) -> 4.86875 | G36: =AVERAGE(G9:G32) -> 82.432083 | H36: =AVERAGE(H9:H32) -> 29.721667 | I36: =AVERAGE(I9:I32) -> 5.9158333 | ... Q36: =AVERAGE(Q9:Q32) -> 9.5266667
A37: Stdev | B37: =STDEV(B9:B32) -> 0.14744134 | C37: =STDEV(C9:C32) -> 0.51446609 | D37: =STDEV(D9:D32) -> 0.38555226 | E37: =STDEV(E9:E32) -> 0.54655028 | F37: =STDEV(F9:F32) -> 0.8852674 | G37: =STDEV(G9:G32) -> 34.96245 | H37: =STDEV(H9:H32) -> 12.419997 | I37: =STDEV(I9:I32) -> 1.3481901 | ... Q37: =STDEV(Q9:Q32) -> 0.09553814
A38: Num | B38: =COUNT(B9:B32) -> 24 | C38: =COUNT(C9:C32) -> 24 | D38: =COUNT(D9:D32) -> 24 | E38: =COUNT(E9:E32) -> 24 | F38: =COUNT(F9:F32) -> 24 | G38: =COUNT(G9:G32) -> 24 | H38: =COUNT(H9:H32) -> 24 | I38: =COUNT(I9:I32) -> 24 | ... Q38: =COUNT(Q9:Q32) -> 24
A39: DCR | B39: =IF(B38>=22,">90%",IF(B38<=22,"<90%")) -> >90% | C39: =IF(C38>=22,">90%",IF(C38<=22,"<90%")) -> >90% | D39: =IF(D38>=22,">90%",IF(D38<=22,"<90%")) -> >90% | E39: =IF(E38>=22,">90%",IF(E38<=22,"<90%")) -> >90% | F39: =IF(F38>=22,">90%",IF(F38<=22,"<90%")) -> >90% | G39: =IF(G38>=22,">90%",IF(G38<=22,"<90%")) -> >90% | H39: =IF(H38>=22,">90%",IF(H38<=22,"<90%")) -> >90% | I39: =IF(I38>=22,">90%",IF(I38<=22,"<90%")) -> >90% | ... Q39: =IF(Q38>=22,">90%",IF(Q38<=22,"<90%")) -> >90%
A40: Status | B40: =IF(B38>=22,"OK",IF(B38<=22,"LESS")) -> OK | C40: =IF(C38>=22,"OK",IF(C38<=22,"LESS")) -> OK | D40: =IF(D38>=22,"OK",IF(D38<=22,"LESS")) -> OK | E40: =IF(E38>=22,"OK",IF(E38<=22,"LESS")) -> OK | F40: =IF(F38>=22,"OK",IF(F38<=22,"LESS")) -> OK | G40: =IF(G38>=22,"OK",IF(G38<=22,"LESS")) -> OK | H40: =IF(H38>=22,"OK",IF(H38<=22,"LESS")) -> OK | I40: =IF(I38>=22,"OK",IF(I38<=22,"LESS")) -> OK | ... Q40: =IF(Q38>=22,"OK",IF(Q38<=22,"LESS")) -> OK
A43: Done by | B43: RAHUL
A45: Comment

Sheet 17
A1: Station: | B1: BHATAGAON RAIPUR
A2: Date: | B2: =$A$9 -> 17-06-2024 01:00 | D2: Power Off | G2: Pw.Off | L2: Link Fail | N2: Link F | P2: Maintenance | R2: Maint.
A3: Report Type: | B3: Mean | D3: Calibration | G3: Calib. | L3: Data Fail | N3: Data F | P3: Invalid | R3: Invalid
A4: Time Base: | B4: 01 Hour | D4: Zero Referrence | G4: Z.Ref | L4: Warm Up | N4: Wm. Up
A7: Date & Time | B7: NO_BHATAGAON | C7: NO2_BHATAGAON | D7: NOX_BHATAGAON | E7: SO2_BHATAGAON | F7: O3_BHATAGAON | G7: PM10_BHATAGAON | H7: PM2_5_BHATAGAON | I7: BENZ_BHATAGAON | J7: WS_BHATAGAON | K7: WD_BHATAGAON | L7: TEMP_BHATAGAON | M7: HUM BHATAGAON | N7: SR_BHATAGAON | O7: RG_BHATAGAON | P7: CO_BHATAGAON | Q7: NH3_BHATAGAON
B8: ug/m3 | C8: ug/m3 | D8: ppb | E8: ug/m3 | F8: ug/m3 | G8: mg/m3 | H8: ug/m3 | I8: ug/m3 | J8: m/sec | K8: deg | L8: degreC | M8: % | N8: w/m2 | O8: mm | P8: ug/m3 | Q8: ug/m3
A9: 17-06-2024 01:00 | B9: 8.36 | C9: 3.87 | D9: 12.5 | E9: 3.7 | F9: 6.89 | G9: 118.43 | H9: 44.22 | I9: 7.18 | J9: 0.56 | K9: 24.68 | L9: 29.39 | M9: 56.61 | N9: 21 | O9: 0 | P9: 0.63 | Q9: 9.61
A10: 17-06-2024 02:00 | B10: 8.18 | C10: 3.22 | D10: 12.01 | E10: 3.5 | F10: 6.09 | G10: 83.9 | H10: 29.3 | I10: 4.64 | J10: 0.63 | K10: 344.75 | L10: 28.01 | M10: 60.13 | N10: 20.8 | O10: 0 | P10: 0.4 | Q10: 9.49
A11: 17-06-2024 03:00 | B11: 8.28 | C11: 3.47 | D11: 12.23 | E11: 3.5 | F11: 6.36 | G11: 64.94 | H11: 29.3 | I11: 3.28 | J11: 0.52 | K11: 30.56 | L11: 27.64 | M11: 61.54 | N11: 20.4 | O11: 0 | P11: 0.29 | Q11: 9.45
A12: 17-06-2024 04:00 | B12: 8.24 | C12: 3.29 | D12: 12.1 | E12: 3.81 | F12: 6.07 | G12: 47.52 | H12: 19.58 | I12: 2.66 | J12: 0.64 | K12: 23.61 | L12: 27.62 | M12: 59.64 | N12: 20.7 | O12: 0 | P12: 0.22 | Q12: 9.39
A13: 17-06-2024 05:00 | B13: 8.27 | C13: 3.41 | D13: 12.19 | E13: 4.31 | F13: 5.92 | G13: 41.23 | H13: 18.08 | I13: 2.17 | J13: 0.65 | K13: 31.63 | L13: 27.54 | M13: 59.61 | N13: 20.8 | O13: 0 | P13: 0.19 | Q13: 9.43
A14: 17-06-2024 06:00 | B14: 8.3 | C14: 3.58 | D14: 12.3 | E14: 4.38 | F14: 5.66 | G14: 39.71 | H14: 13.38 | I14: 2.01 | J14: 0.56 | K14: 19.89 | L14: 27.05 | M14: 60.48 | N14: 46.4 | O14: 0 | P14: 0.16 | Q14: 9.45
A15: 17-06-2024 07:00 | B15: 8.2 | C15: 3.32 | D15: 12.09 | E15: 4.33 | F15: 5.83 | G15: 31.85 | H15: 12.62 | I15: 1.75 | J15: 0.55 | K15: 359.13 | L15: 26.9 | M15: 64.21 | N15: 80.5 | O15: 0 | P15: 0.16 | Q15: 9.44
A16: 17-06-2024 08:00 | B16: 8.37 | C16: 3.77 | D16: 12.45 | E16: 4.8 | F16: 6.22 | G16: 36.33 | H16: 14.3 | I16: 1.66 | J16: 0.65 | K16: 24.51 | L16: 27.91 | M16: 63.79 | N16: 193.2 | O16: 0 | P16: 0.22 | Q16: 9.45
A17: 17-06-2024 09:00 | B17: 8.27 | C17: 3.44 | D17: 12.2 | E17: 5.73 | F17: 7.22 | G17: 39.86 | H17: 14.3 | I17: 1.71 | J17: 0.68 | K17: 358.7 | L17: 29.56 | M17: 59.58 | N17: 293.1 | O17: 0 | P17: 0.28 | Q17: 9.4
A18: 17-06-2024 10:00 | B18: 8.22 | C18: 3.23 | D18: 12.05 | E18: 5.59 | F18: 7 | G18: 41.61 | H18: 11.23 | I18: 1.7 | J18: 0.55 | K18: 20.14 | L18: 29.29 | M18: 70 | N18: 204.9 | O18: 0.4 | P18: 0.31 | Q18: 9.48
A19: 17-06-2024 11:00 | B19: 8.26 | C19: 3.53 | D19: 12.24 | E19: 5.46 | F19: 5.54 | G19: 51 | H19: 20.16 | I19: 2.31 | J19: 0.59 | K19: 21.82 | L19: 30.49 | M19: 64.2 | N19: 256 | O19: 0 | P19: 0.37 | Q19: 9.47
A20: 17-06-2024 12:00 | B20: 8.27 | C20: 3.51 | D20: 12.24 | E20: 5.52 | F20: 5.71 | G20: 53.28 | H20: 20.74 | I20: 2.83 | J20: 0.44 | K20: 196.35 | L20: 31.79 | M20: 54.86 | N20: 346 | O20: 0 | P20: 0.4 | Q20: 9.47
... A32: 17-06-2024 24:00 | B32: 8.4 | C32: 3.96 | D32: 12.58 | E32: 4.61 | F32: 4.64 | G32: 67.22 | H32: 22.2 | I32: 5.33 | J32: 0.53 | K32: 16.8 | L32: 29.38 | M32: 64.06 | N32: 20.7 | O32: 0 | P32: 0.51 | Q32: 9.53
A34: Min | B34: =MIN(B9:B32) -> 8.18 | C34: =MIN(C9:C32) -> 3.14 | D34: =MIN(D9:D32) -> 11.99 | E34: =MIN(E9:E32) -> 3.15 | F34: =MIN(F9:F32) -> 3.85 | G34: =MIN(G9:G32) -> 31.85 | H34: =MIN(H9:H32) -> 11.23 | I34: =MIN(I9:I32) -> 1.66 | ... Q34: =MIN(Q9:Q32) -> 9.39
A35: Max | B35: =MAX(B9:B32) -> 8.4 | C35: =MAX(C9:C32) -> 4.11 | D35: =MAX(D9:D32) -> 12.64 | E35: =MAX(E9:E32) -> 5.73 | F35: =MAX(F9:F32) -> 7.82 | G35: =MAX(G9:G32) -> 118.43 | H35: =MAX(H9:H32) -> 44.22 | I35: =MAX(I9:I32) -> 7.18 | ... Q35: =MAX(Q9:Q32) -> 9.61
A36: Avg | B36: =AVERAGE(B9:B32) -> 8.2745833 | C36: =AVERAGE(C9:C32) -> 3.52125 | D36: =AVERAGE(D9:D32) -> 12.247917 | E36: =AVERAGE(E9:E32) -> 4.3245833 | F36: =AVERAGE(F9:F32) -> 5.8483333 | G36: =AVERAGE(G9:G32) -> 56.423333 | H36: =AVERAGE(H9:H32) -> 21.087083 | I36: =AVERAGE(I9:I32) -> 3.6541667 | ... Q36: =AVERAGE(Q9:Q32) -> 9.45875
A37: Stdev | B37: =STDEV(B9:B32) -> 0.063175337 | C37: =STDEV(C9:C32) -> 0.2524887 | D37: =STDEV(D9:D32) -> 0.17927339 | E37: =STDEV(E9:E32) -> 0.76448891 | F37: =STDEV(F9:F32) -> 1.0634835 | G37: =STDEV(G9:G32) -> 18.383826 | H37: =STDEV(H9:H32) -> 6.7639996 | I37: =STDEV(I9:I32) -> 1.5013701 | ... Q37: =STDEV(Q9:Q32) -> 0.055819001
A38: Num | B38: =COUNT(B9:B32) -> 24 | C38: =COUNT(C9:C32) -> 24 | D38: =COUNT(D9:D32) -> 24 | E38: =COUNT(E9:E32) -> 24 | F38: =COUNT(F9:F32) -> 24 | G38: =COUNT(G9:G32) -> 24 | H38: =COUNT(H9:H32) -> 24 | I38: =COUNT(I9:I32) -> 24 | ... Q38: =COUNT(Q9:Q32) -> 24
A39: DCR | B39: =IF(B38>=22,">90%",IF(B38<=22,"<90%")) -> >90% | C39: =IF(C38>=22,">90%",IF(C38<=22,"<90%")) -> >90% | D39: =IF(D38>=22,">90%",IF(D38<=22,"<90%")) -> >90% | E39: =IF(E38>=22,">90%",IF(E38<=22,"<90%")) -> >90% | F39: =IF(F38>=22,">90%",IF(F38<=22,"<90%")) -> >90% | G39: =IF(G38>=22,">90%",IF(G38<=22,"<90%")) -> >90% | H39: =IF(H38>=22,">90%",IF(H38<=22,"<90%")) -> >90% | I39: =IF(I38>=22,">90%",IF(I38<=22,"<90%")) -> >90% | ... Q39: =IF(Q38>=22,">90%",IF(Q38<=22,"<90%")) -> >90%
A40: Status | B40: =IF(B38>=22,"OK",IF(B38<=22,"LESS")) -> OK | C40: =IF(C38>=22,"OK",IF(C38<=22,"LESS")) -> OK | D40: =IF(D38>=22,"OK",IF(D38<=22,"LESS")) -> OK | E40: =IF(E38>=22,"OK",IF(E38<=22,"LESS")) -> OK | F40: =IF(F38>=22,"OK",IF(F38<=22,"LESS")) -> OK | G40: =IF(G38>=22,"OK",IF(G38<=22,"LESS")) -> OK | H40: =IF(H38>=22,"OK",IF(H38<=22,"LESS")) -> OK | I40: =IF(I38>=22,"OK",IF(I38<=22,"LESS")) -> OK | ... Q40: =IF(Q38>=22,"OK",IF(Q38<=22,"LESS")) -> OK
A43: Done by | B43: RAHUL
A45: Comment

Sheet 18
A1: Station: | B1: BHATAGAON RAIPUR
A2: Date: | B2: =$A$9 -> 18-06-2024 01:00 | D2: Power Off | G2: Pw.Off | L2: Link Fail | N2: Link F | P2: Maintenance | R2: Maint.
A3: Report Type: | B3: Mean | D3: Calibration | G3: Calib. | L3: Data Fail | N3: Data F | P3: Invalid | R3: Invalid
A4: Time Base: | B4: 01 Hour | D4: Zero Referrence | G4: Z.Ref | L4: Warm Up | N4: Wm. Up
A7: Date & Time | B7: NO_BHATAGAON | C7: NO2_BHATAGAON | D7: NOX_BHATAGAON | E7: SO2_BHATAGAON | F7: O3_BHATAGAON | G7: PM10_BHATAGAON | H7: PM2_5_BHATAGAON | I7: BENZ_BHATAGAON | J7: WS_BHATAGAON | K7: WD_BHATAGAON | L7: TEMP_BHATAGAON | M7: HUM BHATAGAON | N7: SR_BHATAGAON | O7: RG_BHATAGAON | P7: CO_BHATAGAON | Q7: NH3_BHATAGAON
B8: ug/m3 | C8: ug/m3 | D8: ppb | E8: ug/m3 | F8: ug/m3 | G8: mg/m3 | H8: ug/m3 | I8: ug/m3 | J8: m/sec | K8: deg | L8: degreC | M8: % | N8: w/m2 | O8: mm | P8: ug/m3 | Q8: ug/m3
A9: 18-06-2024 01:00 | B9: 8.35 | C9: 3.77 | D9: 12.44 | E9: 3.91 | F9: 5.64 | G9: 67.22 | H9: 22.2 | I9: 4.75 | J9: 0.56 | K9: 349.98 | L9: 28.99 | M9: 62.8 | N9: 20.7 | O9: 0 | P9: 0.46 | Q9: 9.51
A10: 18-06-2024 02:00 | B10: 8.14 | C10: 3.11 | D10: 11.93 | E10: 3.97 | F10: 6.69 | G10: 65.28 | H10: 21.43 | I10: 3.84 | J10: 0.79 | K10: 23.36 | L10: 28.58 | M10: 58.18 | N10: 20.9 | O10: 0 | P10: 0.43 | Q10: 9.48
A11: 18-06-2024 03:00 | B11: 8.23 | C11: 3.26 | D11: 12.08 | E11: 3.82 | F11: 7.24 | G11: 57.03 | H11: 17.57 | I11: 2.72 | J11: 0.7 | K11: 14.93 | L11: 27.73 | M11: 63.03 | N11: 20.8 | O11: 0 | P11: 0.32 | Q11: 9.37
A12: 18-06-2024 04:00 | B12: 8.29 | C12: 3.42 | D12: 12.2 | E12: 4 | F12: 7.09 | G12: 51.77 | H12: 17.57 | I12: 2.1 | J12: 0.71 | K12: 353.48 | L12: 26.88 | M12: 64.67 | N12: 20.7 | O12: 0 | P12: 0.27 | Q12: 9.4
A13: 18-06-2024 05:00 | B13: 8.22 | C13: 3.3 | D13: 12.09 | E13: 3.22 | F13: 5.48 | G13: 38.39 | H13: 14.92 | I13: 1.82 | J13: 0.62 | K13: 22.4 | L13: 26.66 | M13: 67.69 | N13: 20.8 | O13: 0 | P13: 0.25 | Q13: 9.39
A14: 18-06-2024 06:00 | B14: 8.39 | C14: 3.79 | D14: 12.48 | E14: 3.23 | F14: 6.28 | G14: 35.51 | H14: 13.1 | I14: 1.63 | J14: 0.63 | K14: 355.16 | L14: 26.31 | M14: 67.93 | N14: 59.5 | O14: 0 | P14: 0.23 | Q14: 9.38
A15: 18-06-2024 07:00 | B15: 8.17 | C15: 3.13 | D15: 11.96 | E15: 3.11 | F15: 4.54 | G15: 33.38 | H15: 13.61 | I15: 1.72 | J15: 0.45 | K15: 346.97 | L15: 26.81 | M15: 67.91 | N15: 175.9 | O15: 0 | P15: 0.23 | Q15: 9.38
A16: 18-06-2024 08:00 | B16: 8.22 | C16: 3.3 | D16: 12.09 | E16: 3.49 | F16: 6.52 | G16: 33.49 | H16: 13.61 | I16: 1.95 | J16: 0.72 | K16: 358.94 | L16: 28.89 | M16: 63.88 | N16: 368.3 | O16: 0 | P16: 0.26 | Q16: 9.37
A17: 18-06-2024 09:00 | B17: 8.23 | C17: 3.42 | D17: 12.16 | E17: 4.29 | F17: 6.51 | G17: 34.27 | H17: 12.06 | I17: 1.85 | J17: 0.67 | K17: 24.47 | L17: 30.6 | M17: 55.98 | N17: 582.3 | O17: 0 | P17: 0.28 | Q17: 9.45
A18: 18-06-2024 10:00 | B18: 8.34 | C18: 3.9 | D18: 12.5 | E18: 3.73 | F18: 8.28 | G18: 37.9 | H18: 12.12 | I18: 2.32 | J18: 0.77 | K18: 351.36 | L18: 32.67 | M18: 48.71 | N18: 686.8 | O18: 0 | P18: 0.41 | Q18: 9.45
A19: 18-06-2024 11:00 | B19: 8.17 | C19: 3.26 | D19: 12.03 | E19: 3.82 | F19: 8.7 | G19: 43.28 | H19: 18.97 | I19: 2.7 | J19: 0.75 | K19: 356.8 | L19: 34.47 | M19: 46.23 | N19: 869.7 | O19: 0 | P19: 0.54 | Q19: 9.46
A20: 18-06-2024 12:00 | B20: 8.22 | C20: 3.31 | D20: 12.09 | E20: 4.48 | F20: 8.74 | G20: 51.22 | H20: 20.53 | I20: 3.29 | J20: 1.12 | K20: 336.14 | L20: 36.88 | M20: 39.02 | N20: 885 | O20: 0 | P20: 0.57 | Q20: 9.36
... A32: 18-06-2024 24:00 | B32: 8.46 | C32: 4.16 | D32: 12.73 | E32: 4.3 | F32: 4.07 | G32: 30.95 | H32: 15.66 | I32: 3.31 | J32: 0.94 | K32: 229 | L32: 23.06 | M32: 98.4 | N32: 23.8 | O32: 0 | P32: 0.43 | Q32: 9.61
A34: Min | B34: =MIN(B9:B32) -> 8.14 | C34: =MIN(C9:C32) -> 3.11 | D34: =MIN(D9:D32) -> 11.93 | E34: =MIN(E9:E32) -> 3.11 | F34: =MIN(F9:F32) -> 3.74 | G34: =MIN(G9:G32) -> 30.95 | H34: =MIN(H9:H32) -> 12.06 | I34: =MIN(I9:I32) -> 1.63 | ... Q34: =MIN(Q9:Q32) -> 9.31
A35: Max | B35: =MAX(B9:B32) -> 8.46 | C35: =MAX(C9:C32) -> 4.16 | D35: =MAX(D9:D32) -> 12.73 | E35: =MAX(E9:E32) -> 4.71 | F35: =MAX(F9:F32) -> 10.81 | G35: =MAX(G9:G32) -> 84.46 | H35: =MAX(H9:H32) -> 33.39 | I35: =MAX(I9:I32) -> 4.75 | ... Q35: =MAX(Q9:Q32) -> 9.61
A36: Avg | B36: =AVERAGE(B9:B32) -> 8.2729167 | C36: =AVERAGE(C9:C32) -> 3.5066667 | D36: =AVERAGE(D9:D32) -> 12.23875 | E36: =AVERAGE(E9:E32) -> 3.9870833 | F36: =AVERAGE(F9:F32) -> 7.0820833 | G36: =AVERAGE(G9:G32) -> 52.089583 | H36: =AVERAGE(H9:H32) -> 20.9975 | I36: =AVERAGE(I9:I32) -> 2.56125 | ... Q36: =AVERAGE(Q9:Q32) -> 9.4333333
A37: Stdev | B37: =STDEV(B9:B32) -> 0.086249344 | C37: =STDEV(C9:C32) -> 0.30613533 | D37: =STDEV(D9:D32) -> 0.22698999 | E37: =STDEV(E9:E32) -> 0.46529541 | F37: =STDEV(F9:F32) -> 1.9557362 | G37: =STDEV(G9:G32) -> 16.265589 | H37: =STDEV(H9:H32) -> 7.3017385 | I37: =STDEV(I9:I32) -> 0.74703654 | ... Q37: =STDEV(Q9:Q32) -> 0.070628647
A38: Num | B38: =COUNT(B9:B32) -> 24 | C38: =COUNT(C9:C32) -> 24 | D38: =COUNT(D9:D32) -> 24 | E38: =COUNT(E9:E32) -> 24 | F38: =COUNT(F9:F32) -> 24 | G38: =COUNT(G9:G32) -> 24 | H38: =COUNT(H9:H32) -> 24 | I38: =COUNT(I9:I32) -> 24 | ... Q38: =COUNT(Q9:Q32) -> 24
A39: DCR | B39: =IF(B38>=22,">90%",IF(B38<=22,"<90%")) -> >90% | C39: =IF(C38>=22,">90%",IF(C38<=22,"<90%")) -> >90% | D39: =IF(D38>=22,">90%",IF(D38<=22,"<90%")) -> >90% | E39: =IF(E38>=22,">90%",IF(E38<=22,"<90%")) -> >90% | F39: =IF(F38>=22,">90%",IF(F38<=22,"<90%")) -> >90% | G39: =IF(G38>=22,">90%",IF(G38<=22,"<90%")) -> >90% | H39: =IF(H38>=22,">90%",IF(H38<=22,"<90%")) -> >90% | I39: =IF(I38>=22,">90%",IF(I38<=22,"<90%")) -> >90% | ... Q39: =IF(Q38>=22,">90%",IF(Q38<=22,"<90%")) -> >90%
A40: Status | B40: =IF(B38>=22,"OK",IF(B38<=22,"LESS")) -> OK | C40: =IF(C38>=22,"OK",IF(C38<=22,"LESS")) -> OK | D40: =IF(D38>=22,"OK",IF(D38<=22,"LESS")) -> OK | E40: =IF(E38>=22,"OK",IF(E38<=22,"LESS")) -> OK | F40: =IF(F38>=22,"OK",IF(F38<=22,"LESS")) -> OK | G40: =IF(G38>=22,"OK",IF(G38<=22,"LESS")) -> OK | H40: =IF(H38>=22,"OK",IF(H38<=22,"LESS")) -> OK | I40: =IF(I38>=22,"OK",IF(I38<=22,"LESS")) -> OK | ... Q40: =IF(Q38>=22,"OK",IF(Q38<=22,"LESS")) -> OK
A43: Done by | B43: RAHUL
A45: Comment

Sheet 19
A1: Station: | B1: BHATAGAON RAIPUR
A2: Date: | B2: =$A$9 -> 19-06-2024 01:00 | D2: Power Off | G2: Pw.Off | L2: Link Fail | N2: Link F | P2: Maintenance | R2: Maint.
A3: Report Type: | B3: Mean | D3: Calibration | G3: Calib. | L3: Data Fail | N3: Data F | P3: Invalid | R3: Invalid
A4: Time Base: | B4: 01 Hour | D4: Zero Referrence | G4: Z.Ref | L4: Warm Up | N4: Wm. Up
A7: Date & Time | B7: NO_BHATAGAON | C7: NO2_BHATAGAON | D7: NOX_BHATAGAON | E7: SO2_BHATAGAON | F7: O3_BHATAGAON | G7: PM10_BHATAGAON | H7: PM2_5_BHATAGAON | I7: BENZ_BHATAGAON | J7: WS_BHATAGAON | K7: WD_BHATAGAON | L7: TEMP_BHATAGAON | M7: HUM BHATAGAON | N7: SR_BHATAGAON | O7: RG_BHATAGAON | P7: CO_BHATAGAON | Q7: NH3_BHATAGAON
B8: ug/m3 | C8: ug/m3 | D8: ppb | E8: ug/m3 | F8: ug/m3 | G8: mg/m3 | H8: ug/m3 | I8: ug/m3 | J8: m/sec | K8: deg | L8: degreC | M8: % | N8: w/m2 | O8: mm | P8: ug/m3 | Q8: ug/m3
A9: 19-06-2024 01:00 | B9: 8.2 | C9: 3.31 | D9: 12.08 | E9: 4.06 | F9: 4.1 | G9: 27.09 | H9: 15.66 | I9: 3.7 | J9: 0.58 | K9: 93.97 | L9: 23.61 | M9: 98.33 | N9: 23.9 | O9: 0 | P9: 0.44 | Q9: 9.57
A10: 19-06-2024 02:00 | B10: 8.3 | C10: 3.5 | D10: 12.26 | E10: 3.84 | F10: 4.27 | G10: 27.09 | H10: 14.84 | I10: 3.55 | J10: 0.51 | K10: 354.69 | L10: 24.01 | M10: 97.14 | N10: 23.2 | O10: 0 | P10: 0.38 | Q10: 9.43
A11: 19-06-2024 03:00 | B11: 8.32 | C11: 3.59 | D11: 12.32 | E11: 4.09 | F11: 4.28 | G11: 23.03 | H11: 10.68 | I11: 3.16 | J11: 0.62 | K11: 345.23 | L11: 24.39 | M11: 91.68 | N11: 22.7 | O11: 0 | P11: 0.35 | Q11: 9.47
A12: 19-06-2024 04:00 | B12: 8.27 | C12: 3.51 | D12: 12.24 | E12: 4.86 | F12: 4.33 | G12: 25.47 | H12: 13.19 | I12: 3.12 | J12: 0.67 | K12: 339.7 | L12: 24.36 | M12: 92.48 | N12: 22.7 | O12: 0 | P12: 0.35 | Q12: 9.47
A13: 19-06-2024 05:00 | B13: 8.41 | C13: 3.96 | D13: 12.59 | E13: 5.14 | F13: 4.12 | G13: 38.04 | H13: 13.19 | I13: 3.94 | J13: 0.5 | K13: 219.18 | L13: 24.49 | M13: 94.66 | N13: 22.6 | O13: 0 | P13: 0.4 | Q13: 9.52
A14: 19-06-2024 06:00 | B14: 8.36 | C14: 3.74 | D14: 12.44 | E14: 4.66 | F14: 4.02 | G14: 38.04 | H14: 13.36 | I14: 4.08 | J14: 0.23 | K14: 350.18 | L14: 23.95 | M14: 94.04 | N14: 52.5 | O14: 0 | P14: 0.38 | Q14: 9.48
A15: 19-06-2024 07:00 | B15: 8.2 | C15: 3.17 | D15: 12 | E15: 4.93 | F15: 3.64 | G15: 33.69 | H15: 13.36 | I15: 4.45 | J15: 0.41 | K15: 328.99 | L15: 24.61 | M15: 89.73 | N15: 139.9 | O15: 0 | P15: 0.35 | Q15: 9.47
A16: 19-06-2024 08:00 | B16: 8.39 | C16: 4.09 | D16: 12.64 | E16: 5.52 | F16: 5.3 | G16: 29.16 | H16: 11.65 | I16: 4.57 | J16: 0.47 | K16: 343.64 | L16: 25.46 | M16: 84.97 | N16: 217.2 | O16: 0 | P16: 0.3 | Q16: 9.54
A17: 19-06-2024 09:00 | B17: 8.2 | C17: 3.41 | D17: 12.13 | E17: 5.68 | F17: 5.5 | G17: 29.16 | H17: 11.65 | I17: 3.71 | J17: 0.61 | K17: 359.55 | L17: 25.76 | M17: 80 | N17: 227.5 | O17: 0 | P17: 0.28 | Q17: 9.53
A18: 19-06-2024 10:00 | B18: 8.35 | C18: 3.89 | D18: 12.51 | E18: 5.73 | F18: 5.36 | G18: 30.82 | H18: 9.59 | I18: 2.77 | J18: 0.52 | K18: 359.05 | L18: 26.5 | M18: 79.24 | N18: 290.8 | O18: 0 | P18: 0.3 | Q18: 9.53
A19: 19-06-2024 11:00 | B19: 8.23 | C19: 3.37 | D19: 12.14 | E19: 5.42 | F19: 6.62 | G19: 30.82 | H19: 13.18 | I19: 2.42 | J19: 0.63 | K19: 348.27 | L19: 28.59 | M19: 74.33 | N19: 379.9 | O19: 0 | P19: 0.32 | Q19: 9.41
A20: 19-06-2024 12:00 | B20: 8.24 | C20: 3.46 | D20: 12.19 | E20: 5.8 | F20: 6.21 | G20: 39.8 | H20: 13.18 | I20: 2.33 | J20: 0.67 | K20: 352.42 | L20: 31.02 | M20: 65.29 | N20: 473.6 | O20: 0 | P20: 0.39 | Q20: 9.55
... A32: 19-06-2024 24:00 | B32: 8.18 | C32: 3.3 | D32: 12.06 | E32: 4.59 | F32: 4.7 | G32: 39.94 | H32: 14.95 | I32: 3.09 | J32: 0.52 | K32: 219.34 | L32: 24.25 | M32: 88.08 | N32: 24.9 | O32: 0 | P32: 0.37 | Q32: 9.51
A34: Min | B34: =MIN(B9:B32) -> 8.18 | C34: =MIN(C9:C32) -> 3.17 | D34: =MIN(D9:D32) -> 12 | E34: =MIN(E9:E32) -> 3.49 | F34: =MIN(F9:F32) -> 3.64 | G34: =MIN(G9:G32) -> 23.03 | H34: =MIN(H9:H32) -> 9.59 | I34: =MIN(I9:I32) -> 2.27 | ... Q34: =MIN(Q9:Q32) -> 9.41
A35: Max | B35: =MAX(B9:B32) -> 8.41 | C35: =MAX(C9:C32) -> 4.38 | D35: =MAX(D9:D32) -> 12.81 | E35: =MAX(E9:E32) -> 5.8 | F35: =MAX(F9:F32) -> 8.33 | G35: =MAX(G9:G32) -> 68.07 | H35: =MAX(H9:H32) -> 21.02 | I35: =MAX(I9:I32) -> 4.57 | ... Q35: =MAX(Q9:Q32) -> 9.64
A36: Avg | B36: =AVERAGE(B9:B32) -> 8.2795833 | C36: =AVERAGE(C9:C32) -> 3.6320833 | D36: =AVERAGE(D9:D32) -> 12.312917 | E36: =AVERAGE(E9:E32) -> 4.595 | F36: =AVERAGE(F9:F32) -> 5.4195833 | G36: =AVERAGE(G9:G32) -> 44.87375 | H36: =AVERAGE(H9:H32) -> 14.7325 | I36: =AVERAGE(I9:I32) -> 3.1941667 | ... Q36: =AVERAGE(Q9:Q32) -> 9.5225
A37: Stdev | B37: =STDEV(B9:B32) -> 0.06880844 | C37: =STDEV(C9:C32) -> 0.29452953 | D37: =STDEV(D9:D32) -> 0.20632349 | E37: =STDEV(E9:E32) -> 0.71217365 | F37: =STDEV(F9:F32) -> 1.3007238 | G37: =STDEV(G9:G32) -> 15.804415 | H37: =STDEV(H9:H32) -> 2.8608789 | I37: =STDEV(I9:I32) -> 0.73360881 | ... Q37: =STDEV(Q9:Q32) -> 0.058178885
A38: Num | B38: =COUNT(B9:B32) -> 24 | C38: =COUNT(C9:C32) -> 24 | D38: =COUNT(D9:D32) -> 24 | E38: =COUNT(E9:E32) -> 24 | F38: =COUNT(F9:F32) -> 24 | G38: =COUNT(G9:G32) -> 24 | H38: =COUNT(H9:H32) -> 24 | I38: =COUNT(I9:I32) -> 24 | ... Q38: =COUNT(Q9:Q32) -> 24
A39: DCR | B39: =IF(B38>=22,">90%",IF(B38<=22,"<90%")) -> >90% | C39: =IF(C38>=22,">90%",IF(C38<=22,"<90%")) -> >90% | D39: =IF(D38>=22,">90%",IF(D38<=22,"<90%")) -> >90% | E39: =IF(E38>=22,">90%",IF(E38<=22,"<90%")) -> >90% | F39: =IF(F38>=22,">90%",IF(F38<=22,"<90%")) -> >90% | G39: =IF(G38>=22,">90%",IF(G38<=22,"<90%")) -> >90% | H39: =IF(H38>=22,">90%",IF(H38<=22,"<90%")) -> >90% | I39: =IF(I38>=22,">90%",IF(I38<=22,"<90%")) -> >90% | ... Q39: =IF(Q38>=22,">90%",IF(Q38<=22,"<90%")) -> >90%
A40: Status | B40: =IF(B38>=22,"OK",IF(B38<=22,"LESS")) -> OK | C40: =IF(C38>=22,"OK",IF(C38<=22,"LESS")) -> OK | D40: =IF(D38>=22,"OK",IF(D38<=22,"LESS")) -> OK | E40: =IF(E38>=22,"OK",IF(E38<=22,"LESS")) -> OK | F40: =IF(F38>=22,"OK",IF(F38<=22,"LESS")) -> OK | G40: =IF(G38>=22,"OK",IF(G38<=22,"LESS")) -> OK | H40: =IF(H38>=22,"OK",IF(H38<=22,"LESS")) -> OK | I40: =IF(I38>=22,"OK",IF(I38<=22,"LESS")) -> OK | ... Q40: =IF(Q38>=22,"OK",IF(Q38<=22,"LESS")) -> OK
A43: Done by | B43: RAHUL
A45: Comment

Sheet 20
A1: Station: | B1: BHATAGAON RAIPUR
A2: Date: | B2: =$A$9 -> 20-06-2024 01:00 | D2: Power Off | G2: Pw.Off | L2: Link Fail | N2: Link F | P2: Maintenance | R2: Maint.
A3: Report Type: | B3: Mean | D3: Calibration | G3: Calib. | L3: Data Fail | N3: Data F | P3: Invalid | R3: Invalid
A4: Time Base: | B4: 01 Hour | D4: Zero Referrence | G4: Z.Ref | L4: Warm Up | N4: Wm. Up
A7: Date & Time | B7: NO_BHATAGAON | C7: NO2_BHATAGAON | D7: NOX_BHATAGAON | E7: SO2_BHATAGAON | F7: O3_BHATAGAON | G7: PM10_BHATAGAON | H7: PM2_5_BHATAGAON | I7: BENZ_BHATAGAON | J7: WS_BHATAGAON | K7: WD_BHATAGAON | L7: TEMP_BHATAGAON | M7: HUM BHATAGAON | N7: SR_BHATAGAON | O7: RG_BHATAGAON | P7: CO_BHATAGAON | Q7: NH3_BHATAGAON
B8: ug/m3 | C8: ug/m3 | D8: ppb | E8: ug/m3 | F8: ug/m3 | G8: mg/m3 | H8: ug/m3 | I8: ug/m3 | J8: m/sec | K8: deg | L8: degreC | M8: % | N8: w/m2 | O8: mm | P8: ug/m3 | Q8: ug/m3
A9: 20-06-2024 01:00 | B9: 8.37 | C9: 3.81 | D9: 12.48 | E9: 4.74 | F9: 3.83 | G9: 34.86 | H9: 12.41 | I9: 3.14 | J9: 0.38 | K9: 222.1 | L9: 24.32 | M9: 85.78 | N9: 25.2 | O9: 0 | P9: 0.31 | Q9: 9.44
A10: 20-06-2024 02:00 | B10: 8.17 | C10: 3.13 | D10: 11.96 | E10: 5.04 | F10: 4.6 | G10: 25.14 | H10: 11.8 | I10: 3.88 | J10: 0.69 | K10: 237.14 | L10: 24.21 | M10: 87.33 | N10: 25.7 | O10: 0 | P10: 0.29 | Q10: 9.51
A11: 20-06-2024 03:00 | B11: 8.18 | C11: 3.26 | D11: 12.04 | E11: 4.74 | F11: 4.46 | G11: 23.45 | H11: 9.01 | I11: 3.87 | J11: 0.64 | K11: 338.87 | L11: 24.13 | M11: 89.97 | N11: 25.9 | O11: 0 | P11: 0.26 | Q11: 9.51
A12: 20-06-2024 04:00 | B12: 8.42 | C12: 3.93 | D12: 12.58 | E12: 4.95 | F12: 4.32 | G12: 23.45 | H12: 10.08 | I12: 3.68 | J12: 0.56 | K12: 227.02 | L12: 24.21 | M12: 88.91 | N12: 26.1 | O12: 0 | P12: 0.25 | Q12: 9.55
A13: 20-06-2024 05:00 | B13: 8.2 | C13: 3.23 | D13: 12.03 | E13: 3.92 | F13: 3.99 | G13: 20.76 | H13: 10.08 | I13: 3.35 | J13: 0.52 | K13: 358.24 | L13: 24.22 | M13: 89.44 | N13: 26.5 | O13: 0 | P13: 0.23 | Q13: 9.51
A14: 20-06-2024 06:00 | B14: 8.26 | C14: 3.36 | D14: 12.15 | E14: 4.47 | F14: 3.52 | G14: 20.76 | H14: 7.5 | I14: 3.75 | J14: 0.46 | K14: 353.76 | L14: 24.36 | M14: 91.87 | N14: 82 | O14: 0 | P14: 0.22 | Q14: 9.49
A15: 20-06-2024 07:00 | B15: 8.25 | C15: 3.39 | D15: 12.16 | E15: 4.43 | F15: 4 | G15: 21.65 | H15: 8.15 | I15: 3.93 | J15: 0.44 | K15: 356.43 | L15: 26.29 | M15: 86.74 | N15: 213.4 | O15: 0 | P15: 0.23 | Q15: 9.57
A16: 20-06-2024 08:00 | B16: 8.47 | C16: 4.19 | D16: 12.75 | E16: 4.28 | F16: 4.28 | G16: 21.65 | H16: 8.15 | I16: 3.56 | J16: 0.3 | K16: 25.65 | L16: 26.73 | M16: 74.92 | N16: 230.1 | O16: 0 | P16: 0.21 | Q16: 9.58
A17: 20-06-2024 09:00 | B17: 8.19 | C17: 3.35 | D17: 12.09 | E17: 5.27 | F17: 4.8 | G17: 24.62 | H17: 7.18 | I17: 3.24 | J17: 0.66 | K17: 359.94 | L17: 29.7 | M17: 72.78 | N17: 629.4 | O17: 0 | P17: 0.22 | Q17: 9.52
A18: 20-06-2024 10:00 | B18: 8.23 | C18: 3.3 | D18: 12.1 | E18: 5.09 | F18: 5.59 | G18: 26.04 | H18: 8.43 | I18: 2.08 | J18: 0.81 | K18: 327.59 | L18: 29.7 | M18: 64.82 | N18: 614.2 | O18: 0 | P18: 0.3 | Q18: 9.44
A19: 20-06-2024 11:00 | B19: 8.22 | C19: 3.35 | D19: 12.12 | E19: 5.15 | F19: 5.35 | G19: 31.93 | H19: 9.2 | I19: 2.02 | J19: 1.19 | K19: 319.9 | L19: 33.45 | M19: 61.65 | N19: 873 | O19: 0 | P19: 0.33 | Q19: 9.56
A20: 20-06-2024 12:00 | B20: 8.31 | C20: 3.93 | D20: 12.49 | E20: 4.92 | F20: 5.71 | G20: 32.76 | H20: 9.07 | I20: 1.97 | J20: 1.05 | K20: 329.53 | L20: 32.76 | M20: 57.54 | N20: 791.1 | O20: 0 | P20: 0.33 | Q20: 9.57
... A32: 20-06-2024 24:00 | B32: 8.42 | C32: 3.81 | D32: 12.52 | E32: 4.39 | F32: 3.68 | G32: 22.9 | H32: 9.25 | I32: 5.25 | J32: 1.95 | K32: 197.49 | L32: 21.73 | M32: 98.42 | N32: 18.3 | O32: 0 | P32: 0.4 | Q32: 9.52
A34: Min | B34: =MIN(B9:B32) -> 8.16 | C34: =MIN(C9:C32) -> 3.13 | D34: =MIN(D9:D32) -> 11.96 | E34: =MIN(E9:E32) -> 3.62 | F34: =MIN(F9:F32) -> 3.52 | G34: =MIN(G9:G32) -> 20.76 | H34: =MIN(H9:H32) -> 7.18 | I34: =MIN(I9:I32) -> 1.65 | ... Q34: =MIN(Q9:Q32) -> 9.41
A35: Max | B35: =MAX(B9:B32) -> 8.47 | C35: =MAX(C9:C32) -> 4.19 | D35: =MAX(D9:D32) -> 12.75 | E35: =MAX(E9:E32) -> 5.27 | F35: =MAX(F9:F32) -> 7.13 | G35: =MAX(G9:G32) -> 50.61 | H35: =MAX(H9:H32) -> 15.06 | I35: =MAX(I9:I32) -> 5.25 | ... Q35: =MAX(Q9:Q32) -> 9.59
A36: Avg | B36: =AVERAGE(B9:B32) -> 8.2654167 | C36: =AVERAGE(C9:C32) -> 3.5354167 | D36: =AVERAGE(D9:D32) -> 12.249583 | E36: =AVERAGE(E9:E32) -> 4.4316667 | F36: =AVERAGE(F9:F32) -> 5.0829167 | G36: =AVERAGE(G9:G32) -> 32.070833 | H36: =AVERAGE(H9:H32) -> 10.527917 | I36: =AVERAGE(I9:I32) -> 2.7816667 | ... Q36: =AVERAGE(Q9:Q32) -> 9.5191667
A37: Stdev | B37: =STDEV(B9:B32) -> 0.085971642 | C37: =STDEV(C9:C32) -> 0.29392367 | D37: =STDEV(D9:D32) -> 0.21696482 | E37: =STDEV(E9:E32) -> 0.46573613 | F37: =STDEV(F9:F32) -> 1.1409511 | G37: =STDEV(G9:G32) -> 10.040264 | H37: =STDEV(H9:H32) -> 2.4884603 | I37: =STDEV(I9:I32) -> 0.96857433 | ... Q37: =STDEV(Q9:Q32) -> 0.048357066
A38: Num | B38: =COUNT(B9:B32) -> 24 | C38: =COUNT(C9:C32) -> 24 | D38: =COUNT(D9:D32) -> 24 | E38: =COUNT(E9:E32) -> 24 | F38: =COUNT(F9:F32) -> 24 | G38: =COUNT(G9:G32) -> 24 | H38: =COUNT(H9:H32) -> 24 | I38: =COUNT(I9:I32) -> 24 | ... Q38: =COUNT(Q9:Q32) -> 24
A39: DCR | B39: =IF(B38>=22,">90%",IF(B38<=22,"<90%")) -> >90% | C39: =IF(C38>=22,">90%",IF(C38<=22,"<90%")) -> >90% | D39: =IF(D38>=22,">90%",IF(D38<=22,"<90%")) -> >90% | E39: =IF(E38>=22,">90%",IF(E38<=22,"<90%")) -> >90% | F39: =IF(F38>=22,">90%",IF(F38<=22,"<90%")) -> >90% | G39: =IF(G38>=22,">90%",IF(G38<=22,"<90%")) -> >90% | H39: =IF(H38>=22,">90%",IF(H38<=22,"<90%")) -> >90% | I39: =IF(I38>=22,">90%",IF(I38<=22,"<90%")) -> >90% | ... Q39: =IF(Q38>=22,">90%",IF(Q38<=22,"<90%")) -> >90%
A40: Status | B40: =IF(B38>=22,"OK",IF(B38<=22,"LESS")) -> OK | C40: =IF(C38>=22,"OK",IF(C38<=22,"LESS")) -> OK | D40: =IF(D38>=22,"OK",IF(D38<=22,"LESS")) -> OK | E40: =IF(E38>=22,"OK",IF(E38<=22,"LESS")) -> OK | F40: =IF(F38>=22,"OK",IF(F38<=22,"LESS")) -> OK | G40: =IF(G38>=22,"OK",IF(G38<=22,"LESS")) -> OK | H40: =IF(H38>=22,"OK",IF(H38<=22,"LESS")) -> OK | I40: =IF(I38>=22,"OK",IF(I38<=22,"LESS")) -> OK | ... Q40: =IF(Q38>=22,"OK",IF(Q38<=22,"LESS")) -> OK
A43: Done by | B43: RAHUL
A45: Comment

Sheet 21
A1: Station: | B1: BHATAGAON RAIPUR
A2: Date: | B2: =$A$9 -> 21-06-2024 01:00 | D2: Power Off | G2: Pw.Off | L2: Link Fail | N2: Link F | P2: Maintenance | R2: Maint.
A3: Report Type: | B3: Mean | D3: Calibration | G3: Calib. | L3: Data Fail | N3: Data F | P3: Invalid | R3: Invalid
A4: Time Base: | B4: 01 Hour | D4: Zero Referrence | G4: Z.Ref | L4: Warm Up | N4: Wm. Up
A7: Date & Time | B7: NO_BHATAGAON | C7: NO2_BHATAGAON | D7: NOX_BHATAGAON | E7: SO2_BHATAGAON | F7: O3_BHATAGAON | G7: PM10_BHATAGAON | H7: PM2_5_BHATAGAON | I7: BENZ_BHATAGAON | J7: WS_BHATAGAON | K7: WD_BHATAGAON | L7: TEMP_BHATAGAON | M7: HUM BHATAGAON | N7: SR_BHATAGAON | O7: RG_BHATAGAON | P7: CO_BHATAGAON | Q7: NH3_BHATAGAON
B8: ug/m3 | C8: ug/m3 | D8: ppb | E8: ug/m3 | F8: ug/m3 | G8: mg/m3 | H8: ug/m3 | I8: ug/m3 | J8: m/sec | K8: deg | L8: degreC | M8: % | N8: w/m2 | O8: mm | P8: ug/m3 | Q8: ug/m3
A9: 21-06-2024 01:00 | B9: 8.21 | C9: 3.28 | D9: 12.07 | E9: 4.39 | F9: 3.87 | G9: 16.06 | H9: 9.25 | I9: 5.27 | J9: 0.42 | K9: 292.21 | L9: 21.73 | M9: 98.4 | N9: 17.8 | O9: 0 | P9: 0.36 | Q9: 9.56
A10: 21-06-2024 02:00 | B10: 8.42 | C10: 4 | D10: 12.62 | E10: 4.14 | F10: 4.3 | G10: 11.45 | H10: 6.87 | I10: 4.87 | J10: 1.6 | K10: 173.58 | L10: 21.83 | M10: 98.4 | N10: 18 | O10: 0 | P10: 0.25 | Q10: 9.53
A11: 21-06-2024 03:00 | B11: 8.21 | C11: 3.41 | D11: 12.14 | E11: 4.21 | F11: 4.28 | G11: 13.63 | H11: 5.43 | I11: 4.67 | J11: 1.02 | K11: 159.23 | L11: 21.95 | M11: 98.4 | N11: 17.8 | O11: 0 | P11: 0.23 | Q11: 9.51
A12: 21-06-2024 04:00 | B12: 8.21 | C12: 3.19 | D12: 12.02 | E12: 4.27 | F12: 3.53 | G12: 13.63 | H12: 4.7 | I12: 4.68 | J12: 0.78 | K12: 176.17 | L12: 22.12 | M12: 98.38 | N12: 17.7 | O12: 0 | P12: 0.19 | Q12: 9.49
A13: 21-06-2024 05:00 | B13: 8.23 | C13: 3.24 | D13: 12.07 | E13: 5.05 | F13: 3.57 | G13: 9.73 | H13: 3.38 | I13: 5.59 | J13: 1.38 | K13: 163.56 | L13: 22.28 | M13: 98.38 | N13: 17.4 | O13: 0 | P13: 0.18 | Q13: 9.47
A14: 21-06-2024 06:00 | B14: 8.29 | C14: 3.52 | D14: 12.25 | E14: 5.25 | F14: 4.05 | G14: 9.34 | H14: 3.38 | I14: 5.98 | J14: 0.89 | K14: 176.31 | L14: 22.43 | M14: 98.38 | N14: 33.6 | O14: 0 | P14: 0.17 | Q14: 9.54
A15: 21-06-2024 07:00 | B15: 8.25 | C15: 3.45 | D15: 12.19 | E15: 5.05 | F15: 4.15 | G15: 10.03 | H15: 5.79 | I15: 5.63 | J15: 0.86 | K15: 158.83 | L15: 22.95 | M15: 98.35 | N15: 91.7 | O15: 0 | P15: 0.17 | Q15: 9.55
A16: 21-06-2024 08:00 | B16: 8.42 | C16: 4.04 | D16: 12.64 | E16: 5.46 | F16: 3.89 | G16: 12.46 | H16: 5.79 | I16: 5.19 | J16: 0.99 | K16: 162.77 | L16: 23.55 | M16: 98.33 | N16: 105.3 | O16: 0 | P16: 0.18 | Q16: 9.58
A17: 21-06-2024 09:00 | B17: 8.2 | C17: 3.23 | D17: 12.03 | E17: 3.94 | F17: 3.48 | G17: 12.46 | H17: 4.17 | I17: 5.46 | J17: 0.75 | K17: 195.42 | L17: 24.22 | M17: 98.3 | N17: 163.7 | O17: 0 | P17: 0.18 | Q17: 9.49
A18: 21-06-2024 10:00 | B18: 8.24 | C18: 3.37 | D18: 12.15 | E18: 4.25 | F18: 4.15 | G18: 17.92 | H18: 4.2 | I18: 5.88 | J18: 0.68 | K18: 288.35 | L18: 26.14 | M18: 97.68 | N18: 312.8 | O18: 0 | P18: 0.25 | Q18: 9.61
A19: 21-06-2024 11:00 | B19: 8.45 | C19: 4.24 | D19: 12.77 | E19: 4.34 | F19: 4.64 | G19: 24.81 | H19: 6.63 | I19: 5.84 | J19: 0.54 | K19: 358.18 | L19: 27.73 | M19: 83.95 | N19: 447.4 | O19: 0 | P19: 0.39 | Q19: 9.65
A20: 21-06-2024 12:00 | B20: 8.22 | C20: 3.33 | D20: 12.11 | E20: 4.19 | F20: 4.89 | G20: 39.79 | H20: 10.37 | I20: 5.28 | J20: 0.55 | K20: 350.11 | L20: 30.29 | M20: 75.36 | N20: 671.3 | O20: 0 | P20: 0.49 | Q20: 9.6
... A32: 21-06-2024 24:00 | B32: 8.19 | C32: 3.31 | D32: 12.07 | E32: 4.81 | F32: 6.14 | G32: 23.31 | H32: 12.36 | I32: 3.97 | J32: 0.3 | K32: 325.34 | L32: 21.55 | M32: 98.4 | N32: 17.9 | O32: 0.4 | P32: 0.27 | Q32: 9.54
A34: Min | B34: =MIN(B9:B32) -> 8.18 | C34: =MIN(C9:C32) -> 3.16 | D34: =MIN(D9:D32) -> 11.99 | E34: =MIN(E9:E32) -> 3.8 | F34: =MIN(F9:F32) -> 3.48 | G34: =MIN(G9:G32) -> 9.34 | H34: =MIN(H9:H32) -> 3.38 | I34: =MIN(I9:I32) -> 3.53 | ... Q34: =MIN(Q9:Q32) -> 9.4
A35: Max | B35: =MAX(B9:B32) -> 8.45 | C35: =MAX(C9:C32) -> 4.24 | D35: =MAX(D9:D32) -> 12.77 | E35: =MAX(E9:E32) -> 5.46 | F35: =MAX(F9:F32) -> 6.51 | G35: =MAX(G9:G32) -> 52.97 | H35: =MAX(H9:H32) -> 22.28 | I35: =MAX(I9:I32) -> 6.21 | ... Q35: =MAX(Q9:Q32) -> 9.65
A36: Avg | B36: =AVERAGE(B9:B32) -> 8.26 | C36: =AVERAGE(C9:C32) -> 3.5220833 | D36: =AVERAGE(D9:D32) -> 12.236667 | E36: =AVERAGE(E9:E32) -> 4.4275 | F36: =AVERAGE(F9:F32) -> 4.7895833 | G36: =AVERAGE(G9:G32) -> 31.05 | H36: =AVERAGE(H9:H32) -> 11.51625 | I36: =AVERAGE(I9:I32) -> 5.2345833 | ... Q36: =AVERAGE(Q9:Q32) -> 9.5383333
A37: Stdev | B37: =STDEV(B9:B32) -> 0.080217097 | C37: =STDEV(C9:C32) -> 0.31484957 | D37: =STDEV(D9:D32) -> 0.22757066 | E37: =STDEV(E9:E32) -> 0.46782801 | F37: =STDEV(F9:F32) -> 0.96192958 | G37: =STDEV(G9:G32) -> 17.667896 | H37: =STDEV(H9:H32) -> 6.6639992 | I37: =STDEV(I9:I32) -> 0.74519317 | ... Q37: =STDEV(Q9:Q32) -> 0.058804515
A38: Num | B38: =COUNT(B9:B32) -> 24 | C38: =COUNT(C9:C32) -> 24 | D38: =COUNT(D9:D32) -> 24 | E38: =COUNT(E9:E32) -> 24 | F38: =COUNT(F9:F32) -> 24 | G38: =COUNT(G9:G32) -> 24 | H38: =COUNT(H9:H32) -> 24 | I38: =COUNT(I9:I32) -> 24 | ... Q38: =COUNT(Q9:Q32) -> 24
A39: DCR | B39: =IF(B38>=22,">90%",IF(B38<=22,"<90%")) -> >90% | C39: =IF(C38>=22,">90%",IF(C38<=22,"<90%")) -> >90% | D39: =IF(D38>=22,">90%",IF(D38<=22,"<90%")) -> >90% | E39: =IF(E38>=22,">90%",IF(E38<=22,"<90%")) -> >90% | F39: =IF(F38>=22,">90%",IF(F38<=22,"<90%")) -> >90% | G39: =IF(G38>=22,">90%",IF(G38<=22,"<90%")) -> >90% | H39: =IF(H38>=22,">90%",IF(H38<=22,"<90%")) -> >90% | I39: =IF(I38>=22,">90%",IF(I38<=22,"<90%")) -> >90% | ... Q39: =IF(Q38>=22,">90%",IF(Q38<=22,"<90%")) -> >90%
A40: Status | B40: =IF(B38>=22,"OK",IF(B38<=22,"LESS")) -> OK | C40: =IF(C38>=22,"OK",IF(C38<=22,"LESS")) -> OK | D40: =IF(D38>=22,"OK",IF(D38<=22,"LESS")) -> OK | E40: =IF(E38>=22,"OK",IF(E38<=22,"LESS")) -> OK | F40: =IF(F38>=22,"OK",IF(F38<=22,"LESS")) -> OK | G40: =IF(G38>=22,"OK",IF(G38<=22,"LESS")) -> OK | H40: =IF(H38>=22,"OK",IF(H38<=22,"LESS")) -> OK | I40: =IF(I38>=22,"OK",IF(I38<=22,"LESS")) -> OK | ... Q40: =IF(Q38>=22,"OK",IF(Q38<=22,"LESS")) -> OK
A43: Done by | B43: RAHUL
A45: Comment

Sheet 22
A1: Station: | B1: BHATAGAON RAIPUR
A2: Date: | B2: =$A$9 | D2: Power Off | G2: Pw.Off | L2: Link Fail | N2: Link F | P2: Maintenance | R2: Maint.
A3: Report Type: | B3: Mean | D3: Calibration | G3: Calib. | L3: Data Fail | N3: Data F | P3: Invalid | R3: Invalid
A4: Time Base: | B4: 01 Hour | D4: Zero Referrence | G4: Z.Ref | L4: Warm Up | N4: Wm. Up
A7: Date & Time | B7: NO_BHATAGAON | C7: NO2_BHATAGAON | D7: NOX_BHATAGAON | E7: SO2_BHATAGAON | F7: O3_BHATAGAON | G7: PM10_BHATAGAON | H7: PM2_5_BHATAGAON | I7: BENZ_BHATAGAON | J7: WS_BHATAGAON | K7: WD_BHATAGAON | L7: TEMP_BHATAGAON | M7: HUM BHATAGAON | N7: SR_BHATAGAON | O7: RG_BHATAGAON | P7: CO_BHATAGAON | Q7: NH3_BHATAGAON
B8: ug/m3 | C8: ug/m3 | D8: ppb | E8: ug/m3 | F8: ug/m3 | G8: mg/m3 | H8: ug/m3 | I8: ug/m3 | J8: m/sec | K8: deg | L8: degreC | M8: % | N8: w/m2 | O8: mm | P8: ug/m3 | Q8: ug/m3
B9: 8.46 | C9: 4.13 | D9: 12.71 | E9: 3.85 | F9: 7.97 | G9: 21.47 | H9: 10.22 | I9: 3.84 | J9: 0.55 | K9: 36.55 | L9: 21.51 | M9: 98.4 | N9: 17.6 | O9: 0.4 | P9: 0.25 | Q9: 9.49
A10: 22-06-2024 02:00 | B10: 8.15 | C10: 3.15 | D10: 11.96 | E10: 3.84 | F10: 4.44 | G10: 14.82 | H10: 7.15 | I10: 3.34 | J10: 0.59 | K10: 157.33 | L10: 21.59 | M10: 98.4 | N10: 17.9 | O10: 0 | P10: 0.24 | Q10: 9.49
A11: 22-06-2024 03:00 | B11: 8.24 | C11: 3.3 | D11: 12.1 | E11: 3.98 | F11: 3.87 | G11: 11.57 | H11: 5.01 | I11: 3.17 | J11: 0.52 | K11: 190.41 | L11: 21.37 | M11: 98.4 | N11: 17.8 | O11: 0 | P11: 0.21 | Q11: 9.43
A12: 22-06-2024 04:00 | B12: 8.25 | C12: 3.39 | D12: 12.16 | E12: 3.98 | F12: 4.18 | G12: 8.53 | H12: 3.5 | I12: 3.99 | J12: 0.38 | K12: 342.74 | L12: 21.56 | M12: 98.4 | N12: 17.7 | O12: 0 | P12: 0.2 | Q12: 9.45
A13: 22-06-2024 05:00 | B13: 8.35 | C13: 3.79 | D13: 12.45 | E13: 4.32 | F13: 4.32 | G13: 7.39 | H13: 2.45 | I13: 4.28 | J13: 0.53 | K13: 281.42 | L13: 21.59 | M13: 98.4 | N13: 17.7 | O13: 0 | P13: 0.21 | Q13: 9.49
A14: 22-06-2024 06:00 | B14: 8.4 | C14: 4.01 | D14: 12.61 | E14: 4.1 | F14: 4.35 | G14: 8.3 | H14: 1.72 | I14: 4.06 | J14: 1.47 | K14: 279.66 | L14: 21.8 | M14: 98.4 | N14: 45.7 | O14: 0 | P14: 0.2 | Q14: 9.47
A15: 22-06-2024 07:00 | B15: 8.18 | C15: 3.22 | D15: 12 | E15: 4.09 | F15: 3.75 | G15: 8.59 | H15: 1.48 | I15: 5.02 | J15: 1.36 | K15: 156.94 | L15: 22.36 | M15: 98.38 | N15: 104.9 | O15: 0 | P15: 0.22 | Q15: 9.49
A16: 22-06-2024 08:00 | B16: 8.24 | C16: 3.25 | D16: 12.08 | E16: 6.27 | F16: 3.6 | G16: 15.4 | H16: 3.67 | I16: 6.24 | J16: 1.28 | K16: 165.35 | L16: 23.17 | M16: 98.38 | N16: 195.5 | O16: 0 | P16: 0.22 | Q16: 9.47
A17: 22-06-2024 09:00 | B17: 8.44 | C17: 4.1 | D17: 12.68 | E17: 6.01 | F17: 4.03 | G17: 19.9 | H17: 3.67 | I17: 6.96 | J17: 1.1 | K17: 203.19 | L17: 23.93 | M17: 98.34 | N17: 210.1 | O17: 0 | P17: 0.25 | Q17: 9.55
A18: 22-06-2024 10:00 | B18: 8.21 | C18: 3.37 | D18: 12.11 | E18: 5.88 | F18: 4.72 | G18: 25.01 | H18: 6.16 | I18: 6.88 | J18: 0.51 | K18: 307.97 | L18: 24.79 | M18: 98.27 | N18: 291.6 | O18: 0 | P18: 0.29 | Q18: 9.58
A19: 22-06-2024 11:00 | B19: 8.22 | C19: 3.47 | D19: 12.18 | E19: 5.84 | F19: 4.9 | G19: 25.01 | H19: 7.96 | I19: 5.7 | J19: 0.57 | K19: 21.96 | L19: 24.8 | M19: 94.76 | N19: 211.2 | O19: 0 | P19: 0.33 | Q19: 9.54
A20: 22-06-2024 12:00 | B20: 8.24 | C20: 3.41 | D20: 12.17 | E20: 6.03 | F20: 5.2 | G20: 24.21 | H20: 8.55 | I20: 4.39 | J20: 0.56 | K20: 349 | L20: 27.34 | M20: 87.22 | N20: 672.2 | O20: 0 | P20: 0.35 | Q20: 9.49
A21: 22-06-2024 13:00 | B21: 8.24 | C21: 3.48 | D21: 12.2 | E21: 5.8 | F21: 5.9 | G21: 38.84 | H21: 10.81 | I21: 3.49 | J21: 0.56 | K21: 350.99 | L21: 29.33 | M21: 76.82 | N21: 890.7 | O21: 0 | P21: 0.41 | Q21: 9.47
... A32: 22-06-2024 24:00 | B32: 8.24 | C32: 3.53 | D32: 12.23 | E32: 4.03 | F32: 4.25 | G32: 55.15 | H32: 14.47 | I32: 5.28 | J32: 0.75 | K32: 199.85 | L32: 25.2 | M32: 96 | N32: 19.6 | O32: 0 | P32: 0.59 | Q32: 9.6
A34: Min | B34: =MIN(B9:B32) -> 8.15 | C34: =MIN(C9:C32) -> 3.15 | D34: =MIN(D9:D32) -> 11.96 | E34: =MIN(E9:E32) -> 3.84 | F34: =MIN(F9:F32) -> 3.6 | G34: =MIN(G9:G32) -> 7.39 | H34: =MIN(H9:H32) -> 0.81 | I34: =MIN(I9:I32) -> 2.96 | ... Q34: =MIN(Q9:Q32) -> 9.43
A35: Max | B35: =MAX(B9:B32) -> 8.46 | C35: =MAX(C9:C32) -> 4.13 | D35: =MAX(D9:D32) -> 12.71 | E35: =MAX(E9:E32) -> 6.27 | F35: =MAX(F9:F32) -> 12.68 | G35: =MAX(G9:G32) -> 58.67 | H35: =MAX(H9:H32) -> 20.54 | I35: =MAX(I9:I32) -> 6.96 | ... Q35: =MAX(Q9:Q32) -> 9.6
A36: Avg | B36: =AVERAGE(B9:B32) -> 8.2595833 | C36: =AVERAGE(C9:C32) -> 3.5354167 | D36: =AVERAGE(D9:D32) -> 12.242917 | E36: =AVERAGE(E9:E32) -> 4.9370833 | F36: =AVERAGE(F9:F32) -> 5.1016667 | G36: =AVERAGE(G9:G32) -> 31.234583 | H36: =AVERAGE(H9:H32) -> 8.9933333 | I36: =AVERAGE(I9:I32) -> 4.425 | ... Q36: =AVERAGE(Q9:Q32) -> 9.50875
A37: Stdev | B37: =STDEV(B9:B32) -> 0.082907972 | C37: =STDEV(C9:C32) -> 0.29053143 | D37: =STDEV(D9:D32) -> 0.21620198 | E37: =STDEV(E9:E32) -> 0.87078914 | F37: =STDEV(F9:F32) -> 1.8995827 | G37: =STDEV(G9:G32) -> 17.830137 | H37: =STDEV(H9:H32) -> 5.9468835 | I37: =STDEV(I9:I32) -> 1.1540967 | ... Q37: =STDEV(Q9:Q32) -> 0.045807964
A38: Num | B38: =COUNT(B9:B32) -> 24 | C38: =COUNT(C9:C32) -> 24 | D38: =COUNT(D9:D32) -> 24 | E38: =COUNT(E9:E32) -> 24 | F38: =COUNT(F9:F32) -> 24 | G38: =COUNT(G9:G32) -> 24 | H38: =COUNT(H9:H32) -> 24 | I38: =COUNT(I9:I32) -> 24 | ... Q38: =COUNT(Q9:Q32) -> 24
A39: DCR | B39: =IF(B38>=22,">90%",IF(B38<=22,"<90%")) -> >90% | C39: =IF(C38>=22,">90%",IF(C38<=22,"<90%")) -> >90% | D39: =IF(D38>=22,">90%",IF(D38<=22,"<90%")) -> >90% | E39: =IF(E38>=22,">90%",IF(E38<=22,"<90%")) -> >90% | F39: =IF(F38>=22,">90%",IF(F38<=22,"<90%")) -> >90% | G39: =IF(G38>=22,">90%",IF(G38<=22,"<90%")) -> >90% | H39: =IF(H38>=22,">90%",IF(H38<=22,"<90%")) -> >90% | I39: =IF(I38>=22,">90%",IF(I38<=22,"<90%")) -> >90% | ... Q39: =IF(Q38>=22,">90%",IF(Q38<=22,"<90%")) -> >90%
A40: Status | B40: =IF(B38>=22,"OK",IF(B38<=22,"LESS")) -> OK | C40: =IF(C38>=22,"OK",IF(C38<=22,"LESS")) -> OK | D40: =IF(D38>=22,"OK",IF(D38<=22,"LESS")) -> OK | E40: =IF(E38>=22,"OK",IF(E38<=22,"LESS")) -> OK | F40: =IF(F38>=22,"OK",IF(F38<=22,"LESS")) -> OK | G40: =IF(G38>=22,"OK",IF(G38<=22,"LESS")) -> OK | H40: =IF(H38>=22,"OK",IF(H38<=22,"LESS")) -> OK | I40: =IF(I38>=22,"OK",IF(I38<=22,"LESS")) -> OK | ... Q40: =IF(Q38>=22,"OK",IF(Q38<=22,"LESS")) -> OK
A43: Done by | B43: RAHUL
A45: Comment

Sheet 23
A1: Station: | B1: BHATAGAON RAIPUR
A2: Date: | B2: =$A$9 -> 23-06-2024 01:00 | D2: Power Off | G2: Pw.Off | L2: Link Fail | N2: Link F | P2: Maintenance | R2: Maint.
A3: Report Type: | B3: Mean | D3: Calibration | G3: Calib. | L3: Data Fail | N3: Data F | P3: Invalid | R3: Invalid
A4: Time Base: | B4: 01 Hour | D4: Zero Referrence | G4: Z.Ref | L4: Warm Up | N4: Wm. Up
A7: Date & Time | B7: NO_BHATAGAON | C7: NO2_BHATAGAON | D7: NOX_BHATAGAON | E7: SO2_BHATAGAON | F7: O3_BHATAGAON | G7: PM10_BHATAGAON | H7: PM2_5_BHATAGAON | I7: BENZ_BHATAGAON | J7: WS_BHATAGAON | K7: WD_BHATAGAON | L7: TEMP_BHATAGAON | M7: HUM BHATAGAON | N7: SR_BHATAGAON | O7: RG_BHATAGAON | P7: CO_BHATAGAON | Q7: NH3_BHATAGAON
B8: ug/m3 | C8: ug/m3 | D8: ug/m3 | E8: ug/m3 | F8: ug/m3 | G8: mg/m3 | H8: ug/m3 | I8: ug/m3 | J8: m/sec | K8: deg | L8: degreC | M8: % | N8: w/m2 | O8: mm | P8: ug/m3 | Q8: ug/m3
A9: 23-06-2024 01:00 | B9: 8.18 | C9: 3.24 | D9: 12.03 | E9: 4.74 | F9: 4.42 | G9: 51.86 | H9: 14.63 | I9: 4.81 | J9: 0.38 | K9: 173.33 | L9: 24.92 | M9: 97.73 | N9: 19.6 | O9: 0 | P9: 0.52 | Q9: 9.55
A10: 23-06-2024 02:00 | B10: 8.33 | C10: 3.63 | D10: 12.36 | E10: 4.7 | F10: 3.85 | G10: 49.85 | H10: 17.02 | I10: 4.48 | J10: 0.37 | K10: 190.41 | L10: 24.78 | M10: 98.3 | N10: 19.6 | O10: 0 | P10: 0.46 | Q10: 9.49
A11: 23-06-2024 03:00 | B11: 8.22 | C11: 3.25 | D11: 12.06 | E11: 4.68 | F11: 3.98 | G11: 44.29 | H11: 17.3 | I11: 5.6 | J11: 0.93 | K11: 218.02 | L11: 24.31 | M11: 98.3 | N11: 19.6 | O11: 0 | P11: 0.44 | Q11: 9.53
A12: 23-06-2024 04:00 | B12: 8.31 | C12: 3.72 | D12: 12.38 | E12: 4.72 | F12: 4.02 | G12: 36.56 | H12: 12.61 | I12: 5.76 | J12: 0.96 | K12: 164.67 | L12: 24.16 | M12: 98.31 | N12: 19.6 | O12: 0 | P12: 0.41 | Q12: 9.56
A13: 23-06-2024 05:00 | B13: 8.24 | C13: 3.53 | D13: 12.23 | E13: 3.92 | F13: 4.18 | G13: 31.6 | H13: 9.91 | I13: 5.23 | J13: 0.82 | K13: 161.77 | L13: 24.08 | M13: 98.32 | N13: 19.6 | O13: 0 | P13: 0.38 | Q13: 9.53
A14: 23-06-2024 06:00 | B14: 8.35 | C14: 3.77 | D14: 12.44 | E14: 3.7 | F14: 4.05 | G14: 31.63 | H14: 8.83 | I14: 5.07 | J14: 0.57 | K14: 116.49 | L14: 24.14 | M14: 98.31 | N14: 22.9 | O14: 0 | P14: 0.35 | Q14: 9.54
A15: 23-06-2024 07:00 | B15: 8.23 | C15: 3.23 | D15: 12.07 | E15: 3.68 | F15: 3.68 | G15: 40.77 | H15: 12.39 | I15: 6.2 | J15: 1.05 | K15: 356.78 | L15: 23.46 | M15: 98.35 | N15: 36.6 | O15: 0.2 | P15: 0.38 | Q15: 9.52
A16: 23-06-2024 08:00 | B16: 8.22 | C16: 3.28 | D16: 12.07 | E16: 4.16 | F16: 3.98 | G16: 47.03 | H16: 24.38 | I16: 6.9 | J16: 0.44 | K16: 287.64 | L16: 23.83 | M16: 98.35 | N16: 115.8 | O16: 0.2 | P16: 0.46 | Q16: 9.65
A17: 23-06-2024 09:00 | B17: 8.8 | C17: 4.83 | D17: 13.36 | E17: 3.93 | F17: 3.91 | G17: 47.29 | H17: 24.92 | I17: 6.85 | J17: 0.69 | K17: 353.98 | L17: 25.44 | M17: 98.34 | N17: 220.1 | O17: 0 | P17: 0.56 | Q17: 9.76
A18: 23-06-2024 10:00 | B18: 8.67 | C18: 4.46 | D18: 13.05 | E18: 3.98 | F18: 5.84 | G18: 47.01 | H18: 23.33 | I18: 6.65 | J18: 1.53 | K18: 156.29 | L18: 24.64 | M18: 98.38 | N18: 98.9 | O18: 3.2 | P18: 0.57 | Q18: 9.78
A19: 23-06-2024 11:00 | B19: 8.37 | C19: 3.74 | D19: 12.44 | E19: 3.69 | F19: 6.21 | G19: 45.29 | H19: 22.26 | I19: 6.52 | J19: 0.74 | K19: 336.39 | L19: 23.36 | M19: 98.38 | N19: 163.2 | O19: 3.2 | P19: 0.55 | Q19: 9.74
A20: 23-06-2024 12:00 | B20: 8.29 | C20: 3.47 | D20: 12.24 | E20: 4.94 | F20: 3.64 | G20: 40.06 | H20: 15.64 | I20: 6.07 | J20: 0.96 | K20: 328.67 | L20: 24.97 | M20: 98.38 | N20: 348.7 | O20: 0 | P20: 0.54 | Q20: 9.68
... A28: 23-06-2024 20:00 | B28: 8.31 | C28: 3.61 | D28: 12.33 | E28: 5.3 | F28: 4.56 | G28: 54.55 | H28: 16.59 | I28: 6.97 | J28: 1.72 | K28: 252.47 | L28: 26.19 | M28: 91.8 | N28: 19.1 | O28: 0 | P28: 0.63 | Q28: 9.58
A29: 23-06-2024 21:00 | B29: 8.23 | C29: 3.33 | D29: 12.11 | E29: 4.73 | F29: 3.61 | G29: 52.86 | H29: 17.35 | I29: 7.28 | J29: 1.13 | K29: 198.35 | L29: 25.35 | M29: 95.12 | N29: 18.9 | O29: 0 | P29: 0.6 | Q29: 9.54 | S29: z
A30: 23-06-2024 22:00 | B30: 8.19 | C30: 3.33 | D30: 12.08 | E30: 4.88 | F30: 3.91 | G30: 44.76 | H30: 17.38 | I30: 7.26 | J30: 1.15 | K30: 165.04 | L30: 24.86 | M30: 95.9 | N30: 18.8 | O30: 0 | P30: 0.58 | Q30: 9.61
A31: 23-06-2024 23:00 | B31: 8.43 | C31: 4.15 | D31: 12.71 | E31: 4.84 | F31: 4.18 | G31: 41.33 | H31: 18.41 | I31: 6.86 | J31: 0.33 | K31: 236.37 | L31: 24.75 | M31: 98.31 | N31: 18.9 | O31: 0 | P31: 0.54 | Q31: 9.56
A32: 23-06-2024 24:00 | B32: 8.15 | C32: 3.18 | D32: 11.96 | E32: 4.84 | F32: 3.84 | G32: 35.97 | H32: 18.5 | I32: 5.78 | J32: 0.58 | K32: 184.36 | L32: 24.59 | M32: 98.3 | N32: 18.9 | O32: 0 | P32: 0.5 | Q32: 9.55
A34: Min | B34: =MIN(B9:B32) -> 8.15 | C34: =MIN(C9:C32) -> 3.18 | D34: =MIN(D9:D32) -> 11.96 | E34: =MIN(E9:E32) -> 3.68 | F34: =MIN(F9:F32) -> 3.61 | G34: =MIN(G9:G32) -> 31.6 | H34: =MIN(H9:H32) -> 8.83 | I34: =MIN(I9:I32) -> 4.27 | ... Q34: =MIN(Q9:Q32) -> 9.49
A35: Max | B35: =MAX(B9:B32) -> 8.8 | C35: =MAX(C9:C32) -> 4.83 | D35: =MAX(D9:D32) -> 13.36 | E35: =MAX(E9:E32) -> 5.3 | F35: =MAX(F9:F32) -> 6.21 | G35: =MAX(G9:G32) -> 57.8 | H35: =MAX(H9:H32) -> 24.92 | I35: =MAX(I9:I32) -> 7.28 | ... Q35: =MAX(Q9:Q32) -> 9.83
A36: Avg | B36: =AVERAGE(B9:B32) -> 8.3395833 | C36: =AVERAGE(C9:C32) -> 3.7091667 | D36: =AVERAGE(D9:D32) -> 12.39875 | E36: =AVERAGE(E9:E32) -> 4.52875 | F36: =AVERAGE(F9:F32) -> 4.2033333 | G36: =AVERAGE(G9:G32) -> 46.18 | H36: =AVERAGE(H9:H32) -> 17.719167 | I36: =AVERAGE(I9:I32) -> 6.03375 | ... Q36: =AVERAGE(Q9:Q32) -> 9.6316667
A37: Stdev | B37: =STDEV(B9:B32) -> 0.1622258 | C37: =STDEV(C9:C32) -> 0.4506123 | D37: =STDEV(D9:D32) -> 0.36393158 | E37: =STDEV(E9:E32) -> 0.52687192 | F37: =STDEV(F9:F32) -> 0.63022195 | G37: =STDEV(G9:G32) -> 8.3076167 | H37: =STDEV(H9:H32) -> 4.2394359 | I37: =STDEV(I9:I32) -> 0.95463088 | ... Q37: =STDEV(Q9:Q32) -> 0.10024607
A38: Num | B38: =COUNT(B9:B32) -> 24 | C38: =COUNT(C9:C32) -> 24 | D38: =COUNT(D9:D32) -> 24 | E38: =COUNT(E9:E32) -> 24 | F38: =COUNT(F9:F32) -> 24 | G38: =COUNT(G9:G32) -> 24 | H38: =COUNT(H9:H32) -> 24 | I38: =COUNT(I9:I32) -> 24 | ... Q38: =COUNT(Q9:Q32) -> 24
A39: DCR | B39: =IF(B38>=22,">90%",IF(B38<=22,"<90%")) -> >90% | C39: =IF(C38>=22,">90%",IF(C38<=22,"<90%")) -> >90% | D39: =IF(D38>=22,">90%",IF(D38<=22,"<90%")) -> >90% | E39: =IF(E38>=22,">90%",IF(E38<=22,"<90%")) -> >90% | F39: =IF(F38>=22,">90%",IF(F38<=22,"<90%")) -> >90% | G39: =IF(G38>=22,">90%",IF(G38<=22,"<90%")) -> >90% | H39: =IF(H38>=22,">90%",IF(H38<=22,"<90%")) -> >90% | I39: =IF(I38>=22,">90%",IF(I38<=22,"<90%")) -> >90% | ... Q39: =IF(Q38>=22,">90%",IF(Q38<=22,"<90%")) -> >90%
A40: Status | B40: =IF(B38>=22,"OK",IF(B38<=22,"LESS")) -> OK | C40: =IF(C38>=22,"OK",IF(C38<=22,"LESS")) -> OK | D40: =IF(D38>=22,"OK",IF(D38<=22,"LESS")) -> OK | E40: =IF(E38>=22,"OK",IF(E38<=22,"LESS")) -> OK | F40: =IF(F38>=22,"OK",IF(F38<=22,"LESS")) -> OK | G40: =IF(G38>=22,"OK",IF(G38<=22,"LESS")) -> OK | H40: =IF(H38>=22,"OK",IF(H38<=22,"LESS")) -> OK | I40: =IF(I38>=22,"OK",IF(I38<=22,"LESS")) -> OK | ... Q40: =IF(Q38>=22,"OK",IF(Q38<=22,"LESS")) -> OK
A43: Done by | B43: RAHUL
A45: Comment

Sheet 24
A1: Station: | B1: BHATAGAON RAIPUR
A2: Date: | B2: =$A$9 -> 24-06-2024 01:00 | D2: Power Off | G2: Pw.Off | L2: Link Fail | N2: Link F | P2: Maintenance | R2: Maint.
A3: Report Type: | B3: Mean | D3: Calibration | G3: Calib. | L3: Data Fail | N3: Data F | P3: Invalid | R3: Invalid
A4: Time Base: | B4: 01 Hour | D4: Zero Referrence | G4: Z.Ref | L4: Warm Up | N4: Wm. Up
A7: Date & Time | B7: NO_BHATAGAON | C7: NO2_BHATAGAON | D7: NOX_BHATAGAON | E7: SO2_BHATAGAON | F7: O3_BHATAGAON | G7: PM10_BHATAGAON | H7: PM2_5_BHATAGAON | I7: BENZ_BHATAGAON | J7: WS_BHATAGAON | K7: WD_BHATAGAON | L7: TEMP_BHATAGAON | M7: HUM BHATAGAON | N7: SR_BHATAGAON | O7: RG_BHATAGAON | P7: CO_BHATAGAON | Q7: NH3_BHATAGAON
B8: ug/m3 | C8: ug/m3 | D8: ppb | E8: ug/m3 | F8: ug/m3 | G8: mg/m3 | H8: ug/m3 | I8: ug/m3 | J8: m/sec | K8: deg | L8: degreC | M8: % | N8: w/m2 | O8: mm | P8: ug/m3 | Q8: ug/m3
A9: 24-06-2024 01:00 | B9: 8.27 | C9: 3.4 | D9: 12.18 | E9: 4.64 | F9: 3.5 | G9: 34.29 | H9: 13.6 | I9: 5.81 | J9: 0.92 | K9: 173.18 | L9: 24.56 | M9: 98.32 | N9: 18.9 | O9: 0 | P9: 0.47 | Q9: 9.48
A10: 24-06-2024 02:00 | B10: 8.25 | C10: 3.44 | D10: 12.18 | E10: 4.82 | F10: 3.85 | G10: 33.78 | H10: 13.33 | I10: 6.44 | J10: 1.48 | K10: 258.46 | L10: 24.33 | M10: 98.34 | N10: 18.9 | O10: 0 | P10: 0.44 | Q10: 9.56
A11: 24-06-2024 03:00 | B11: 8.28 | C11: 3.54 | D11: 12.26 | E11: 4.81 | F11: 4.14 | G11: 27.35 | H11: 13.39 | I11: 6.87 | J11: 1.27 | K11: 155.57 | L11: 24.23 | M11: 98.35 | N11: 19.1 | O11: 0 | P11: 0.42 | Q11: 9.57
A12: 24-06-2024 04:00 | B12: 8.23 | C12: 3.41 | D12: 12.16 | E12: 4.99 | F12: 4.32 | G12: 25.91 | H12: 9.83 | I12: 6.45 | J12: 0.98 | K12: 169.57 | L12: 24.09 | M12: 98.35 | N12: 18.9 | O12: 0 | P12: 0.37 | Q12: 9.55
A13: 24-06-2024 05:00 | B13: 8.23 | C13: 3.4 | D13: 12.15 | E13: 3.7 | F13: 3.78 | G13: 25.95 | H13: 8.33 | I13: 5.86 | J13: 1.01 | K13: 165.05 | L13: 23.83 | M13: 98.35 | N13: 19.2 | O13: 0 | P13: 0.34 | Q13: 9.54
A14: 24-06-2024 06:00 | B14: 8.38 | C14: 3.65 | D14: 12.4 | E14: 3.87 | F14: 3.6 | G14: 25.23 | H14: 9.15 | I14: 6.22 | J14: 1.29 | K14: 161.59 | L14: 23.54 | M14: 98.35 | N14: 52.1 | O14: 0 | P14: 0.31 | Q14: 9.49
A15: 24-06-2024 07:00 | B15: 8.18 | C15: 3.17 | D15: 11.99 | E15: 3.92 | F15: 4.13 | G15: 25.43 | H15: 9.25 | I15: 6.81 | J15: 1.54 | K15: 160.8 | L15: 24.21 | M15: 98.33 | N15: 164.6 | O15: 0 | P15: 0.3 | Q15: 9.57
A16: 24-06-2024 08:00 | B16: 8.41 | C16: 3.94 | D16: 12.58 | E16: 4.48 | F16: 4.14 | G16: 21.01 | H16: 6.68 | I16: 6.72 | J16: 1.77 | K16: 187.3 | L16: 26.79 | M16: 98.28 | N16: 329.6 | O16: 0 | P16: 0.3 | Q16: 9.57
A17: 24-06-2024 09:00 | B17: 8.14 | C17: 3.15 | D17: 11.95 | E17: 4.45 | F17: 4.46 | G17: 24.24 | H17: 10.93 | I17: 6.19 | J17: 1.45 | K17: 150.98 | L17: 27.79 | M17: 85.69 | N17: 664.1 | O17: 0 | P17: 0.29 | Q17: 9.55
A18: 24-06-2024 10:00 | B18: 8.3 | C18: 3.63 | D18: 12.32 | E18: 4.65 | F18: 4.27 | G18: 26 | H18: 11.16 | I18: 5.16 | J18: 1.97 | K18: 153.22 | L18: 28.31 | M18: 80.71 | N18: 691.1 | O18: 0 | P18: 0.27 | Q18: 9.49
A19: 24-06-2024 11:00 | B19: 8.24 | C19: 3.31 | D19: 12.1 | E19: 4.59 | F19: 8.26 | G19: 26.07 | H19: 10.11 | I19: 5.23 | J19: 0.46 | K19: 281.65 | L19: 28.56 | M19: 78 | N19: 952.5 | O19: 0 | P19: 0.29 | Q19: 9.46
A20: 24-06-2024 12:00 | B20: 8.17 | C20: 3.24 | D20: 12.02 | E20: 4.62 | F20: 10.03 | G20: 18.25 | H20: 11.17 | I20: 4.25 | J20: 0.55 | K20: 353.39 | L20: 30.28 | M20: 69.21 | N20: 1012.8 | O20: 0 | P20: 0.27 | Q20: 9.45
... A32: 24-06-2024 24:00 | B32: 8.25 | C32: 3.24 | D32: 12.09 | E32: 5.26 | F32: 3.62 | G32: 40.77 | H32: 12.97 | I32: 5.88 | J32: 0.54 | K32: 168.72 | L32: 26.43 | M32: 86.59 | N32: 18.4 | O32: 0 | P32: 0.39 | Q32: 9.49
A34: Min | B34: =MIN(B9:B32) -> 8.14 | C34: =MIN(C9:C32) -> 3.15 | D34: =MIN(D9:D32) -> 11.95 | E34: =MIN(E9:E32) -> 3.7 | F34: =MIN(F9:F32) -> 3.45 | G34: =MIN(G9:G32) -> 18.25 | H34: =MIN(H9:H32) -> 6.68 | I34: =MIN(I9:I32) -> 2.16 | ... Q34: =MIN(Q9:Q32) -> 9.4
A35: Max | B35: =MAX(B9:B32) -> 8.41 | C35: =MAX(C9:C32) -> 3.94 | D35: =MAX(D9:D32) -> 12.58 | E35: =MAX(E9:E32) -> 5.26 | F35: =MAX(F9:F32) -> 10.12 | G35: =MAX(G9:G32) -> 58.58 | H35: =MAX(H9:H32) -> 15.62 | I35: =MAX(I9:I32) -> 6.87 | ... Q35: =MAX(Q9:Q32) -> 9.57
A36: Avg | B36: =AVERAGE(B9:B32) -> 8.2545833 | C36: =AVERAGE(C9:C32) -> 3.4345833 | D36: =AVERAGE(D9:D32) -> 12.186667 | E36: =AVERAGE(E9:E32) -> 4.6245833 | F36: =AVERAGE(F9:F32) -> 4.9158333 | G36: =AVERAGE(G9:G32) -> 34.15 | H36: =AVERAGE(H9:H32) -> 10.929167 | I36: =AVERAGE(I9:I32) -> 5.5325 | ... Q36: =AVERAGE(Q9:Q32) -> 9.5075
A37: Stdev | B37: =STDEV(B9:B32) -> 0.063450026 | C37: =STDEV(C9:C32) -> 0.18985072 | D37: =STDEV(D9:D32) -> 0.14695952 | E37: =STDEV(E9:E32) -> 0.45305705 | F37: =STDEV(F9:F32) -> 1.9384752 | G37: =STDEV(G9:G32) -> 11.624542 | H37: =STDEV(H9:H32) -> 2.6108684 | I37: =STDEV(I9:I32) -> 1.3030374 | ... Q37: =STDEV(Q9:Q32) -> 0.047019885
A38: Num | B38: =COUNT(B9:B32) -> 24 | C38: =COUNT(C9:C32) -> 24 | D38: =COUNT(D9:D32) -> 24 | E38: =COUNT(E9:E32) -> 24 | F38: =COUNT(F9:F32) -> 24 | G38: =COUNT(G9:G32) -> 24 | H38: =COUNT(H9:H32) -> 24 | I38: =COUNT(I9:I32) -> 24 | ... Q38: =COUNT(Q9:Q32) -> 24
A39: DCR | B39: =IF(B38>=22,">90%",IF(B38<=22,"<90%")) -> >90% | C39: =IF(C38>=22,">90%",IF(C38<=22,"<90%")) -> >90% | D39: =IF(D38>=22,">90%",IF(D38<=22,"<90%")) -> >90% | E39: =IF(E38>=22,">90%",IF(E38<=22,"<90%")) -> >90% | F39: =IF(F38>=22,">90%",IF(F38<=22,"<90%")) -> >90% | G39: =IF(G38>=22,">90%",IF(G38<=22,"<90%")) -> >90% | H39: =IF(H38>=22,">90%",IF(H38<=22,"<90%")) -> >90% | I39: =IF(I38>=22,">90%",IF(I38<=22,"<90%")) -> >90% | ... Q39: =IF(Q38>=22,">90%",IF(Q38<=22,"<90%")) -> >90%
A40: Status | B40: =IF(B38>=22,"OK",IF(B38<=22,"LESS")) -> OK | C40: =IF(C38>=22,"OK",IF(C38<=22,"LESS")) -> OK | D40: =IF(D38>=22,"OK",IF(D38<=22,"LESS")) -> OK | E40: =IF(E38>=22,"OK",IF(E38<=22,"LESS")) -> OK | F40: =IF(F38>=22,"OK",IF(F38<=22,"LESS")) -> OK | G40: =IF(G38>=22,"OK",IF(G38<=22,"LESS")) -> OK | H40: =IF(H38>=22,"OK",IF(H38<=22,"LESS")) -> OK | I40: =IF(I38>=22,"OK",IF(I38<=22,"LESS")) -> OK | ... Q40: =IF(Q38>=22,"OK",IF(Q38<=22,"LESS")) -> OK
A43: Done by | B43: RAHUL
A45: Comment

Sheet 25
A1: Station: | B1: BHATAGAON RAIPUR
A2: Date: | B2: =$A$9 -> 25-06-2024 01:00 | D2: Power Off | G2: Pw.Off | L2: Link Fail | N2: Link F | P2: Maintenance | R2: Maint.
A3: Report Type: | B3: Mean | D3: Calibration | G3: Calib. | L3: Data Fail | N3: Data F | P3: Invalid | R3: Invalid
A4: Time Base: | B4: 01 Hour | D4: Zero Referrence | G4: Z.Ref | L4: Warm Up | N4: Wm. Up
A7: Date & Time | B7: NO_BHATAGAON | C7: NO2_BHATAGAON | D7: NOX_BHATAGAON | E7: SO2_BHATAGAON | F7: O3_BHATAGAON | G7: PM10_BHATAGAON | H7: PM2_5_BHATAGAON | I7: BENZ_BHATAGAON | J7: WS_BHATAGAON | K7: WD_BHATAGAON | L7: TEMP_BHATAGAON | M7: HUM BHATAGAON | N7: SR_BHATAGAON | O7: RG_BHATAGAON | P7: CO_BHATAGAON | Q7: NH3_BHATAGAON
B8: ug/m3 | C8: ug/m3 | D8: ppb | E8: ug/m3 | F8: ug/m3 | G8: mg/m3 | H8: ug/m3 | I8: ug/m3 | J8: m/sec | K8: deg | L8: degreC | M8: % | N8: w/m2 | O8: mm | P8: ug/m3 | Q8: ug/m3
A9: 25-06-2024 01:00 | B9: 8.26 | C9: 3.33 | D9: 12.14 | E9: 5.14 | F9: 4.53 | G9: 40.83 | H9: 15.01 | I9: 6.3 | J9: 0.79 | K9: 189.75 | L9: 25.95 | M9: 87.98 | N9: 18.3 | O9: 0 | P9: 0.37 | Q9: 9.49
A10: 25-06-2024 02:00 | B10: 8.23 | C10: 3.39 | D10: 12.14 | E10: 5.14 | F10: 4.04 | G10: 33.57 | H10: 15.11 | I10: 6.32 | J10: 0.68 | K10: 237.94 | L10: 25.56 | M10: 90.38 | N10: 18.4 | O10: 0 | P10: 0.36 | Q10: 9.45
A11: 25-06-2024 03:00 | B11: 8.23 | C11: 3.37 | D11: 12.14 | E11: 4.92 | F11: 3.71 | G11: 30.67 | H11: 11.05 | I11: 5.75 | J11: 0.92 | K11: 183.33 | L11: 25.11 | M11: 91.56 | N11: 18.2 | O11: 0 | P11: 0.34 | Q11: 9.44
A12: 25-06-2024 04:00 | B12: 8.32 | C12: 3.48 | D12: 12.27 | E12: 5.18 | F12: 3.58 | G12: 22.16 | H12: 10.05 | I12: 5.34 | J12: 0.58 | K12: 277.58 | L12: 24.95 | M12: 93.43 | N12: 18.5 | O12: 0 | P12: 0.32 | Q12: 9.44
A13: 25-06-2024 05:00 | B13: 8.21 | C13: 3.16 | D13: 11.99 | E13: 4.32 | F13: 3.47 | G13: 25.7 | H13: 8.62 | I13: 5.75 | J13: 0.98 | K13: 163.66 | L13: 24.95 | M13: 92.95 | N13: 18.3 | O13: 0 | P13: 0.31 | Q13: 9.42
A14: 25-06-2024 06:00 | B14: 8.26 | C14: 3.24 | D14: 12.09 | E14: 4.74 | F14: 3.68 | G14: 25.86 | H14: 8.65 | I14: 6.31 | J14: 0.54 | K14: 306.21 | L14: 24.97 | M14: 95.08 | N14: 28.6 | O14: 0 | P14: 0.31 | Q14: 9.45
A15: 25-06-2024 07:00 | B15: 8.45 | C15: 3.84 | D15: 12.56 | E15: 4.83 | F15: 4.09 | G15: 25 | H15: 8.46 | I15: 6.08 | J15: 0.71 | K15: 166.89 | L15: 25.16 | M15: 94.02 | N15: 55.1 | O15: 0 | P15: 0.32 | Q15: 9.46
A16: 25-06-2024 08:00 | B16: 8.26 | C16: 3.33 | D16: 12.14 | E16: 4.72 | F16: 4.07 | G16: 28.33 | H16: 12.78 | I16: 5.51 | J16: 1.44 | K16: 231.81 | L16: 25.87 | M16: 90.65 | N16: 147.7 | O16: 0 | P16: 0.33 | Q16: 9.48
A17: 25-06-2024 09:00 | B17: 8.48 | C17: 3.84 | D17: 12.58 | E17: 4.34 | F17: 3.74 | G17: 28.61 | H17: 13.03 | I17: 5.87 | J17: 1.14 | K17: 162 | L17: 27.88 | M17: 86.03 | N17: 455.4 | O17: 0 | P17: 0.32 | Q17: 9.44
A18: 25-06-2024 10:00 | B18: 8.22 | C18: 3.18 | D18: 12 | E18: 4.02 | F18: 4.46 | G18: 29.8 | H18: 11.34 | I18: 6.23 | J18: 0.8 | K18: 344.73 | L18: 31.3 | M18: 75.49 | N18: 781.7 | O18: 0 | P18: 0.33 | Q18: 9.47
A19: 25-06-2024 11:00 | B19: 8.27 | C19: 3.56 | D19: 12.27 | E19: 4.07 | F19: 5 | G19: 29.89 | H19: 11.44 | I19: 5.86 | J19: 0.74 | K19: 342.73 | L19: 33.84 | M19: 55.02 | N19: 961 | O19: 0 | P19: 0.37 | Q19: 9.45
A20: 25-06-2024 12:00 | B20: 8.21 | C20: 3.35 | D20: 12.11 | E20: 4.28 | F20: 5.18 | G20: 33.08 | H20: 10.47 | I20: 4.15 | J20: 1.11 | K20: 335.09 | L20: 35.69 | M20: 50.26 | N20: 1010.7 | O20: 0 | P20: 0.42 | Q20: 9.41
... A32: 25-06-2024 24:00 | B32: 8.28 | C32: 3.36 | D32: 12.17 | E32: 5.23 | F32: 3.93 | G32: 48.72 | H32: 18.41 | I32: 6 | J32: 0.99 | K32: 310.1 | L32: 27.81 | M32: 75.15 | N32: 17.4 | O32: 0 | P32: 0.49 | Q32: 9.47
A34: Min | B34: =MIN(B9:B32) -> 8.18 | C34: =MIN(C9:C32) -> 3.13 | D34: =MIN(D9:D32) -> 11.97 | E34: =MIN(E9:E32) -> 4.02 | F34: =MIN(F9:F32) -> 3.47 | G34: =MIN(G9:G32) -> 22.16 | H34: =MIN(H9:H32) -> 8.46 | I34: =MIN(I9:I32) -> 3.43 | ... Q34: =MIN(Q9:Q32) -> 9.35
A35: Max | B35: =MAX(B9:B32) -> 8.48 | C35: =MAX(C9:C32) -> 3.84 | D35: =MAX(D9:D32) -> 12.58 | E35: =MAX(E9:E32) -> 5.23 | F35: =MAX(F9:F32) -> 5.62 | G35: =MAX(G9:G32) -> 62.92 | H35: =MAX(H9:H32) -> 23.44 | I35: =MAX(I9:I32) -> 6.32 | ... Q35: =MAX(Q9:Q32) -> 9.49
A36: Avg | B36: =AVERAGE(B9:B32) -> 8.255 | C36: =AVERAGE(C9:C32) -> 3.3945833 | D36: =AVERAGE(D9:D32) -> 12.165833 | E36: =AVERAGE(E9:E32) -> 4.5533333 | F36: =AVERAGE(F9:F32) -> 4.3308333 | G36: =AVERAGE(G9:G32) -> 40.41 | H36: =AVERAGE(H9:H32) -> 15.315833 | I36: =AVERAGE(I9:I32) -> 5.4220833 | ... Q36: =AVERAGE(Q9:Q32) -> 9.4308333
A37: Stdev | B37: =STDEV(B9:B32) -> 0.074891225 | C37: =STDEV(C9:C32) -> 0.19110614 | D37: =STDEV(D9:D32) -> 0.15703549 | E37: =STDEV(E9:E32) -> 0.36626988 | F37: =STDEV(F9:F32) -> 0.61144815 | G37: =STDEV(G9:G32) -> 12.882642 | H37: =STDEV(H9:H32) -> 4.8141096 | I37: =STDEV(I9:I32) -> 0.83272721 | ... Q37: =STDEV(Q9:Q32) -> 0.040423483
A38: Num | B38: =COUNT(B9:B32) -> 24 | C38: =COUNT(C9:C32) -> 24 | D38: =COUNT(D9:D32) -> 24 | E38: =COUNT(E9:E32) -> 24 | F38: =COUNT(F9:F32) -> 24 | G38: =COUNT(G9:G32) -> 24 | H38: =COUNT(H9:H32) -> 24 | I38: =COUNT(I9:I32) -> 24 | ... Q38: =COUNT(Q9:Q32) -> 24
A39: DCR | B39: =IF(B38>=22,">90%",IF(B38<=22,"<90%")) -> >90% | C39: =IF(C38>=22,">90%",IF(C38<=22,"<90%")) -> >90% | D39: =IF(D38>=22,">90%",IF(D38<=22,"<90%")) -> >90% | E39: =IF(E38>=22,">90%",IF(E38<=22,"<90%")) -> >90% | F39: =IF(F38>=22,">90%",IF(F38<=22,"<90%")) -> >90% | G39: =IF(G38>=22,">90%",IF(G38<=22,"<90%")) -> >90% | H39: =IF(H38>=22,">90%",IF(H38<=22,"<90%")) -> >90% | I39: =IF(I38>=22,">90%",IF(I38<=22,"<90%")) -> >90% | ... Q39: =IF(Q38>=22,">90%",IF(Q38<=22,"<90%")) -> >90%
A40: Status | B40: =IF(B38>=22,"OK",IF(B38<=22,"LESS")) -> OK | C40: =IF(C38>=22,"OK",IF(C38<=22,"LESS")) -> OK | D40: =IF(D38>=22,"OK",IF(D38<=22,"LESS")) -> OK | E40: =IF(E38>=22,"OK",IF(E38<=22,"LESS")) -> OK | F40: =IF(F38>=22,"OK",IF(F38<=22,"LESS")) -> OK | G40: =IF(G38>=22,"OK",IF(G38<=22,"LESS")) -> OK | H40: =IF(H38>=22,"OK",IF(H38<=22,"LESS")) -> OK | I40: =IF(I38>=22,"OK",IF(I38<=22,"LESS")) -> OK | ... Q40: =IF(Q38>=22,"OK",IF(Q38<=22,"LESS")) -> OK
A43: Done by | B43: RAHUL
A45: Comment

Sheet 26
A1: Station: | B1: BHATAGAON RAIPUR
A2: Date: | B2: =$A$9 -> 26-06-2024 01:00 | D2: Power Off | G2: Pw.Off | L2: Link Fail | N2: Link F | P2: Maintenance | R2: Maint.
A3: Report Type: | B3: Mean | D3: Calibration | G3: Calib. | L3: Data Fail | N3: Data F | P3: Invalid | R3: Invalid
A4: Time Base: | B4: 01 Hour | D4: Zero Referrence | G4: Z.Ref | L4: Warm Up | N4: Wm. Up
A7: Date & Time | B7: NO_BHATAGAON | C7: NO2_BHATAGAON | D7: NOX_BHATAGAON | E7: SO2_BHATAGAON | F7: O3_BHATAGAON | G7: PM10_BHATAGAON | H7: PM2_5_BHATAGAON | I7: BENZ_BHATAGAON | J7: WS_BHATAGAON | K7: WD_BHATAGAON | L7: TEMP_BHATAGAON | M7: HUM BHATAGAON | N7: SR_BHATAGAON | O7: RG_BHATAGAON | P7: CO_BHATAGAON | Q7: NH3_BHATAGAON
B8: ug/m3 | C8: ug/m3 | D8: ppb | E8: ug/m3 | F8: ug/m3 | G8: mg/m3 | H8: ug/m3 | I8: ug/m3 | J8: m/sec | K8: deg | L8: degreC | M8: % | N8: w/m2 | O8: mm | P8: ug/m3 | Q8: ug/m3
A9: 26-06-2024 01:00 | B9: 8.33 | C9: 3.62 | D9: 12.34 | E9: 4.99 | F9: 4.01 | G9: 47.53 | H9: 18.09 | I9: 6.09 | J9: 1.58 | K9: 151.1 | L9: 27.57 | M9: 77.05 | N9: 17.6 | O9: 0 | P9: 0.45 | Q9: 9.47
A10: 26-06-2024 02:00 | B10: 8.23 | C10: 3.31 | D10: 12.1 | E10: 5.03 | F10: 4.06 | G10: 42.47 | H10: 18.15 | I10: 5.74 | J10: 1.28 | K10: 154.85 | L10: 26.86 | M10: 77.27 | N10: 17.5 | O10: 0 | P10: 0.39 | Q10: 9.43
A11: 26-06-2024 03:00 | B11: 8.25 | C11: 3.24 | D11: 12.06 | E11: 5.23 | F11: 3.76 | G11: 38.91 | H11: 15.34 | I11: 5.32 | J11: 1.31 | K11: 180.72 | L11: 26.79 | M11: 79.71 | N11: 17.4 | O11: 0 | P11: 0.36 | Q11: 9.43
A12: 26-06-2024 04:00 | B12: 8.23 | C12: 3.22 | D12: 12.06 | E12: 5.15 | F12: 3.43 | G12: 36.53 | H12: 15.15 | I12: 5.73 | J12: 1.02 | K12: 152.49 | L12: 26.52 | M12: 82 | N12: 17.4 | O12: 0 | P12: 0.32 | Q12: 9.41
A13: 26-06-2024 05:00 | B13: 8.29 | C13: 3.43 | D13: 12.21 | E13: 3.67 | F13: 4.11 | G13: 33.72 | H13: 12.52 | I13: 6.35 | J13: 0.77 | K13: 232.08 | L13: 26.2 | M13: 84.46 | N13: 17.4 | O13: 0 | P13: 0.31 | Q13: 9.42
A14: 26-06-2024 06:00 | B14: 8.17 | C14: 3.17 | D14: 11.98 | E14: 3.64 | F14: 4.05 | G14: 32.46 | H14: 13 | I14: 5.88 | J14: 0.28 | K14: 359.78 | L14: 25.95 | M14: 85.72 | N14: 49.1 | O14: 0 | P14: 0.3 | Q14: 9.42
A15: 26-06-2024 07:00 | B15: 8.5 | C15: 3.99 | D15: 12.68 | E15: 3.91 | F15: 3.91 | G15: 34.82 | H15: 13.02 | I15: 5.24 | J15: 0.38 | K15: 230.16 | L15: 26.7 | M15: 85.89 | N15: 144.8 | O15: 0 | P15: 0.3 | Q15: 9.45
A16: 26-06-2024 08:00 | B16: 8.18 | C16: 3.11 | D16: 11.95 | E16: 5.38 | F16: 3.81 | G16: 34.92 | H16: 12.35 | I16: 5.14 | J16: 1.55 | K16: 191.2 | L16: 28.53 | M16: 82.34 | N16: 334.1 | O16: 0 | P16: 0.35 | Q16: 9.44
A17: 26-06-2024 09:00 | B17: 8.22 | C17: 3.2 | D17: 12.04 | E17: 5.3 | F17: 3.94 | G17: 35.15 | H17: 12.49 | I17: 6.13 | J17: 0.99 | K17: 334.78 | L17: 32.61 | M17: 72.43 | N17: 539.8 | O17: 0 | P17: 0.36 | Q17: 9.43
A18: 26-06-2024 10:00 | B18: 8.19 | C18: 3.34 | D18: 12.09 | E18: 5.25 | F18: 4.55 | G18: 39.17 | H18: 12.12 | I18: 6.03 | J18: 0.47 | K18: 341.92 | L18: 32.34 | M18: 58.88 | N18: 585.3 | O18: 0 | P18: 0.39 | Q18: 9.45
A19: 26-06-2024 11:00 | B19: 8.22 | C19: 3.48 | D19: 12.19 | E19: 5.34 | F19: 9.27 | G19: 39.36 | H19: 12.15 | I19: 4.8 | J19: 1.34 | K19: 345.06 | L19: 36.53 | M19: 51.83 | N19: 787.5 | O19: 0 | P19: 0.57 | Q19: 9.42
A20: 26-06-2024 12:00 | B20: 9.11 | C20: 3.72 | D20: 12.76 | E20: Data F | F20: 8.57 | G20: Data F | H20: Data F | I20: 6.47 | J20: 0.57 | K20: 353.05 | L20: 34.68 | M20: 52.3 | N20: 841.4 | O20: 0 | P20: 0.61 | Q20: 9.36
A21: 26-06-2024 13:00 | B21: 8.4 | C21: 3.36 | D21: 12.23 | E21: Data F | F21: 16.33 | G21: Data F | H21: Data F | I21: 12.05 | J21: 1.41 | K21: 342.21 | L21: 37.14 | M21: 51.02 | N21: 981.9 | O21: 0 | P21: 0.61 | Q21: 9.37
A22: 26-06-2024 14:00 | B22: 8.18 | C22: 3.46 | D22: 12.14 | E22: Data F | F22: 8.85 | G22: Data F | H22: Data F | I22: 10.53 | J22: 1.88 | K22: 322.55 | L22: 36.03 | M22: 53.27 | N22: 582.3 | O22: 0 | P22: 0.52 | Q22: 9.45
A23: 26-06-2024 15:00 | B23: 8.18 | C23: 3.37 | D23: 12.09 | E23: Data F | F23: 6.03 | G23: Data F | H23: Data F | I23: 8.79 | J23: 0.97 | K23: 341.81 | L23: 35.65 | M23: 50.95 | N23: 708.8 | O23: 0 | P23: 0.5 | Q23: 9.43
A24: 26-06-2024 16:00 | B24: 8.16 | C24: 3.27 | D24: 12.03 | E24: Data F | F24: 9.28 | G24: Data F | H24: Data F | I24: 7.69 | J24: 1.27 | K24: 200.1 | L24: 32.67 | M24: 74.67 | N24: 144.6 | O24: 0 | P24: 0.48 | Q24: 9.36
A25: 26-06-2024 17:00 | B25: 8.25 | C25: 3.49 | D25: 12.21 | E25: Data F | F25: 12.66 | G25: Data F | H25: Data F | I25: 6.64 | J25: 3.31 | K25: 343.73 | L25: 26.89 | M25: 87.32 | N25: 86 | O25: 0 | P25: 0.34 | Q25: 9.34
A26: 26-06-2024 18:00 | B26: 8.23 | C26: 3.21 | D26: 12.05 | E26: Data F | F26: 9.1 | G26: Data F | H26: Data F | I26: 3.33 | J26: 2.08 | K26: 335.79 | L26: 24.38 | M26: 98.35 | N26: 21 | O26: 5.2 | P26: 0.37 | Q26: 9.36
A27: 26-06-2024 19:00 | B27: 8.19 | C27: 3.24 | D27: 12.03 | E27: Data F | F27: 4.54 | G27: Data F | H27: Data F | I27: 4.16 | J27: 0.98 | K27: 353.49 | L27: 23.63 | M27: 98.37 | N27: 18.2 | O27: 0.2 | P27: 0.44 | Q27: 9.42
A28: 26-06-2024 20:00 | B28: 8.26 | C28: 3.44 | D28: 12.19 | E28: Data F | F28: 4.04 | G28: Data F | H28: Data F | I28: 4.37 | J28: 1.92 | K28: 176.16 | L28: 23.45 | M28: 98.37 | N28: 18.8 | O28: 0.2 | P28: 0.45 | Q28: 9.44
A29: 26-06-2024 21:00 | B29: 8.19 | C29: 3.19 | D29: 12.01 | E29: Data F | F29: 4.11 | G29: Data F | H29: Data F | I29: 4.58 | J29: 0.87 | K29: 179.35 | L29: 22.91 | M29: 98.35 | N29: 18.3 | O29: 0.4 | P29: 0.45 | Q29: 9.43
A30: 26-06-2024 22:00 | B30: 8.23 | C30: 3.24 | D30: 12.06 | E30: Data F | F30: 3.54 | G30: Data F | H30: Data F | I30: 4.47 | J30: 0.58 | K30: 289.05 | L30: 23.11 | M30: 98.38 | N30: 18.1 | O30: 0.2 | P30: 0.43 | Q30: 9.39
A31: 26-06-2024 23:00 | B31: 8.22 | C31: 3.17 | D31: 12.02 | E31: Data F | F31: 4.39 | G31: Data F | H31: Data F | I31: 4.88 | J31: 1.53 | K31: 165.9 | L31: 23.3 | M31: 98.38 | N31: 18.7 | O31: 0 | P31: 0.42 | Q31: 9.4
A32: 26-06-2024 24:00 | B32: 8.26 | C32: 3.36 | D32: 12.15 | E32: Data F | F32: 4.36 | G32: Data F | H32: Data F | I32: 4.97 | J32: 1.62 | K32: 150.2 | L32: 23.83 | M32: 98.35 | N32: 18.9 | O32: 0 | P32: 0.4 | Q32: 9.37
A34: Min | B34: =MIN(B9:B32) -> 8.16 | C34: =MIN(C9:C32) -> 3.11 | D34: =MIN(D9:D32) -> 11.95 | E34: =MIN(E9:E32) -> 3.64 | F34: =MIN(F9:F32) -> 3.43 | G34: =MIN(G9:G32) -> 32.46 | H34: =MIN(H9:H32) -> 12.12 | I34: =MIN(I9:I32) -> 3.33 | ... Q34: =MIN(Q9:Q32) -> 9.34
A35: Max | B35: =MAX(B9:B32) -> 9.11 | C35: =MAX(C9:C32) -> 3.99 | D35: =MAX(D9:D32) -> 12.76 | E35: =MAX(E9:E32) -> 5.38 | F35: =MAX(F9:F32) -> 16.33 | G35: =MAX(G9:G32) -> 47.53 | H35: =MAX(H9:H32) -> 18.15 | I35: =MAX(I9:I32) -> 12.05 | ... Q35: =MAX(Q9:Q32) -> 9.47
A36: Avg | B36: =AVERAGE(B9:B32) -> 8.2779167 | C36: =AVERAGE(C9:C32) -> 3.3595833 | D36: =AVERAGE(D9:D32) -> 12.152917 | E36: =AVERAGE(E9:E32) -> 4.8081818 | F36: =AVERAGE(F9:F32) -> 6.0291667 | G36: =AVERAGE(G9:G32) -> 37.730909 | H36: =AVERAGE(H9:H32) -> 14.034545 | I36: =AVERAGE(I9:I32) -> 6.0575 | ... Q36: =AVERAGE(Q9:Q32) -> 9.4120833
A37: Stdev | B37: =STDEV(B9:B32) -> 0.19318788 | C37: =STDEV(C9:C32) -> 0.20133207 | D37: =STDEV(D9:D32) -> 0.19738462 | E37: =STDEV(E9:E32) -> 0.69933995 | F37: =STDEV(F9:F32) -> 3.3618278 | G37: =STDEV(G9:G32) -> 4.3925402 | H37: =STDEV(H9:H32) -> 2.3057726 | I37: =STDEV(I9:I32) -> 1.9965367 | ... Q37: =STDEV(Q9:Q32) -> 0.035260418
A38: Num | B38: =COUNT(B9:B32) -> 24 | C38: =COUNT(C9:C32) -> 24 | D38: =COUNT(D9:D32) -> 24 | E38: =COUNT(E9:E32)+13 -> 24 | F38: =COUNT(F9:F32) -> 24 | G38: =COUNT(G9:G32)+13 -> 24 | H38: =COUNT(H9:H32)+13 -> 24 | I38: =COUNT(I9:I32) -> 24 | J38: =COUNT(J9:J32) -> 24 | K38: =COUNT(K9:K32) -> 24 | L38: =COUNT(L9:L32) -> 24 | M38: =COUNT(M9:M32) -> 24 | N38: =COUNT(N9:N32) -> 24 | O38: =COUNT(O9:O32) -> 24 | P38: =COUNT(P9:P32) -> 24 | Q38: =COUNT(Q9:Q32) -> 24
A39: DCR | B39: =IF(B38>=22,">90%",IF(B38<=22,"<90%")) -> >90% | C39: =IF(C38>=22,">90%",IF(C38<=22,"<90%")) -> >90% | D39: =IF(D38>=22,">90%",IF(D38<=22,"<90%")) -> >90% | E39: =IF(E38>=22,">90%",IF(E38<=22,"<90%")) -> >90% | F39: =IF(F38>=22,">90%",IF(F38<=22,"<90%")) -> >90% | G39: =IF(G38>=22,">90%",IF(G38<=22,"<90%")) -> >90% | H39: =IF(H38>=22,">90%",IF(H38<=22,"<90%")) -> >90% | I39: =IF(I38>=22,">90%",IF(I38<=22,"<90%")) -> >90% | ... Q39: =IF(Q38>=22,">90%",IF(Q38<=22,"<90%")) -> >90%
A40: Status | B40: =IF(B38>=22,"OK",IF(B38<=22,"LESS")) -> OK | C40: =IF(C38>=22,"OK",IF(C38<=22,"LESS")) -> OK | D40: =IF(D38>=22,"OK",IF(D38<=22,"LESS")) -> OK | E40: =IF(E38>=22,"OK",IF(E38<=22,"LESS")) -> OK | F40: =IF(F38>=22,"OK",IF(F38<=22,"LESS")) -> OK | G40: =IF(G38>=22,"OK",IF(G38<=22,"LESS")) -> OK | H40: =IF(H38>=22,"OK",IF(H38<=22,"LESS")) -> OK | I40: =IF(I38>=22,"OK",IF(I38<=22,"LESS")) -> OK | ... Q40: =IF(Q38>=22,"OK",IF(Q38<=22,"LESS")) -> OK
A43: Done by | B43: RAHUL
A45: Comment

Sheet 27
A1: Station: | B1: BHATAGAON RAIPUR
A2: Date: | B2: =$A$9 -> 27-06-2024 01:00 | D2: Power Off | G2: Pw.Off | L2: Link Fail | N2: Link F | P2: Maintenance | R2: Maint.
A3: Report Type: | B3: Mean | D3: Calibration | G3: Calib. | L3: Data Fail | N3: Data F | P3: Invalid | R3: Invalid
A4: Time Base: | B4: 01 Hour | D4: Zero Referrence | G4: Z.Ref | L4: Warm Up | N4: Wm. Up
A7: Date & Time | B7: NO_BHATAGAON | C7: NO2_BHATAGAON | D7: NOX_BHATAGAON | E7: SO2_BHATAGAON | F7: O3_BHATAGAON | G7: PM10_BHATAGAON | H7: PM2_5_BHATAGAON | I7: BENZ_BHATAGAON | J7: WS_BHATAGAON | K7: WD_BHATAGAON | L7: TEMP_BHATAGAON | M7: HUM BHATAGAON | N7: SR_BHATAGAON | O7: RG_BHATAGAON | P7: CO_BHATAGAON | Q7: NH3_BHATAGAON
B8: ug/m3 | C8: ug/m3 | D8: ppb | E8: ug/m3 | F8: ug/m3 | G8: mg/m3 | H8: ug/m3 | I8: ug/m3 | J8: m/sec | K8: deg | L8: degreC | M8: % | N8: w/m2 | O8: mm | P8: ug/m3 | Q8: ug/m3
A9: 27-06-2024 01:00 | B9: 2.98 | C9: 3.2 | D9: 6.08 | E9: 1.05 | F9: 4.83 | G9: 44.13 | H9: 17.8 | I9: 6.28 | J9: 1.12 | K9: 183.84 | L9: 29.18 | M9: 52.3 | N9: 13 | O9: 0 | P9: 0.55 | Q9: 9.44
A10: 27-06-2024 02:00 | B10: 2.99 | C10: 3.75 | D10: 6.65 | E10: 0.94 | F10: 5.54 | G10: 38.92 | H10: 13.85 | I10: 5.81 | J10: 0.81 | K10: 163.32 | L10: 28.76 | M10: 57.67 | N10: 13.3 | O10: 0 | P10: 0.47 | Q10: 9.42
A11: 27-06-2024 03:00 | B11: 3.04 | C11: 3.58 | D11: 6.53 | E11: 1.17 | F11: 4.43 | G11: 34.02 | H11: 13.67 | I11: 5.3 | J11: 0.89 | K11: 241.02 | L11: 27.66 | M11: 58.97 | N11: 13 | O11: 0 | P11: 0.43 | Q11: 9.39
A12: 27-06-2024 04:00 | B12: 3.12 | C12: 3.28 | D12: 6.3 | E12: 1.55 | F12: 4.18 | G12: 31.97 | H12: 13.26 | I12: 4.6 | J12: 0.73 | K12: 235.52 | L12: 27.44 | M12: 60.77 | N12: 13 | O12: 0 | P12: 0.4 | Q12: 9.41
A13: 27-06-2024 05:00 | B13: 3.28 | C13: 4.25 | D13: 7.44 | E13: 2.01 | F13: 4.7 | G13: 31.04 | H13: 12.58 | I13: 5.11 | J13: 0.46 | K13: 263.29 | L13: 27.04 | M13: 63.23 | N13: 13.2 | O13: 0 | P13: 0.38 | Q13: 9.4
A14: 27-06-2024 06:00 | B14: 3.25 | C14: 4.45 | D14: 7.6 | E14: 1.99 | F14: 4.86 | G14: 21.31 | H14: 10.59 | I14: 5.21 | J14: 0.36 | K14: 348.1 | L14: 27.34 | M14: 63.08 | N14: 44.4 | O14: 0 | P14: 0.36 | Q14: 9.43
A15: 27-06-2024 07:00 | B15: 3.18 | C15: 4.7 | D15: 7.75 | E15: 2.05 | F15: 5.58 | G15: 26.15 | H15: 11.37 | I15: 4.58 | J15: 0.5 | K15: 353.41 | L15: 28.6 | M15: 61.4 | N15: 199.6 | O15: 0 | P15: 0.35 | Q15: 9.41
A16: 27-06-2024 08:00 | B16: 3.07 | C16: 4.52 | D16: 7.51 | E16: 1.74 | F16: 8.78 | G16: 26.15 | H16: 11.94 | I16: 3.74 | J16: 0.63 | K16: 355.6 | L16: 29.46 | M16: 57.24 | N16: 312.2 | O16: 0 | P16: 0.33 | Q16: 9.36
A17: 27-06-2024 09:00 | B17: 2.91 | C17: 3.73 | D17: 6.55 | E17: 1.13 | F17: 7.92 | G17: 26.65 | H17: 11.94 | I17: 2.96 | J17: 0.69 | K17: 343.3 | L17: 33.5 | M17: 50.95 | N17: 589.4 | O17: 0 | P17: 0.4 | Q17: 9.38
A18: 27-06-2024 10:00 | B18: 2.97 | C18: 4.69 | D18: 7.57 | E18: 1.19 | F18: 7.39 | G18: 30.74 | H18: 14.42 | I18: 3.73 | J18: 1.26 | K18: 331.83 | L18: 36.54 | M18: 39.49 | N18: 730 | O18: 0 | P18: 0.53 | Q18: 9.39
A19: 27-06-2024 11:00 | B19: 2.91 | C19: 4.13 | D19: 6.95 | E19: 1.09 | F19: 7.34 | G19: 35.73 | H19: 17.14 | I19: 3.78 | J19: 1.57 | K19: 331.27 | L19: 39.96 | M19: 32.31 | N19: 816.4 | O19: 0 | P19: 0.53 | Q19: 9.4
A20: 27-06-2024 12:00 | B20: 2.87 | C20: 3.72 | D20: 6.5 | E20: 2.55 | F20: 7.29 | G20: 35.73 | H20: 17.14 | I20: 3.17 | J20: 2.24 | K20: 333.74 | L20: 40.23 | M20: 26.88 | N20: 841.7 | O20: 0 | P20: 0.51 | Q20: 9.39
... A32: 27-06-2024 24:00 | B32: 2.7 | C32: 1.81 | D32: 4.42 | E32: 1.61 | F32: 5.75 | G32: 38.46 | H32: 15.82 | I32: 7.53 | J32: 2.5 | K32: 196.14 | L32: 27.13 | M32: 63.05 | N32: 15.1 | O32: 0 | P32: 0.38 | Q32: 9.48
A34: Min | B34: =MIN(B9:B32) -> 2.57 | C34: =MIN(C9:C32) -> 1.27 | D34: =MIN(D9:D32) -> 3.84 | E34: =MIN(E9:E32) -> 0.9 | F34: =MIN(F9:F32) -> 4.18 | G34: =MIN(G9:G32) -> 21.31 | H34: =MIN(H9:H32) -> 10.59 | I34: =MIN(I9:I32) -> 2.96 | ... Q34: =MIN(Q9:Q32) -> 9.32
A35: Max | B35: =MAX(B9:B32) -> 3.28 | C35: =MAX(C9:C32) -> 4.7 | D35: =MAX(D9:D32) -> 7.75 | E35: =MAX(E9:E32) -> 2.55 | F35: =MAX(F9:F32) -> 11.25 | G35: =MAX(G9:G32) -> 62.37 | H35: =MAX(H9:H32) -> 21.18 | I35: =MAX(I9:I32) -> 7.74 | ... Q35: =MAX(Q9:Q32) -> 9.48
A36: Avg | B36: =AVERAGE(B9:B32) -> 2.885 | C36: =AVERAGE(C9:C32) -> 3.06375 | D36: =AVERAGE(D9:D32) -> 5.8541667 | E36: =AVERAGE(E9:E32) -> 1.5766667 | F36: =AVERAGE(F9:F32) -> 6.5141667 | G36: =AVERAGE(G9:G32) -> 38.784583 | H36: =AVERAGE(H9:H32) -> 16.288333 | I36: =AVERAGE(I9:I32) -> 4.8629167 | ... Q36: =AVERAGE(Q9:Q32) -> 9.3995833
A37: Stdev | B37: =STDEV(B9:B32) -> 0.19960831 | C37: =STDEV(C9:C32) -> 1.1153779 | D37: =STDEV(D9:D32) -> 1.2922004 | E37: =STDEV(E9:E32) -> 0.48117308 | F37: =STDEV(F9:F32) -> 1.9553403 | G37: =STDEV(G9:G32) -> 10.91171 | H37: =STDEV(H9:H32) -> 3.3069764 | I37: =STDEV(I9:I32) -> 1.4254106 | ... Q37: =STDEV(Q9:Q32) -> 0.04298424
A38: Num | B38: =COUNT(B9:B32) -> 24 | C38: =COUNT(C9:C32) -> 24 | D38: =COUNT(D9:D32) -> 24 | E38: =COUNT(E9:E32) -> 24 | F38: =COUNT(F9:F32) -> 24 | G38: =COUNT(G9:G32) -> 24 | H38: =COUNT(H9:H32) -> 24 | I38: =COUNT(I9:I32) -> 24 | ... Q38: =COUNT(Q9:Q32) -> 24
A39: DCR | B39: =IF(B38>=22,">90%",IF(B38<=22,"<90%")) -> >90% | C39: =IF(C38>=22,">90%",IF(C38<=22,"<90%")) -> >90% | D39: =IF(D38>=22,">90%",IF(D38<=22,"<90%")) -> >90% | E39: =IF(E38>=22,">90%",IF(E38<=22,"<90%")) -> >90% | F39: =IF(F38>=22,">90%",IF(F38<=22,"<90%")) -> >90% | G39: =IF(G38>=22,">90%",IF(G38<=22,"<90%")) -> >90% | H39: =IF(H38>=22,">90%",IF(H38<=22,"<90%")) -> >90% | I39: =IF(I38>=22,">90%",IF(I38<=22,"<90%")) -> >90% | ... Q39: =IF(Q38>=22,">90%",IF(Q38<=22,"<90%")) -> >90%
A40: Status | B40: =IF(B38>=22,"OK",IF(B38<=22,"LESS")) -> OK | C40: =IF(C38>=22,"OK",IF(C38<=22,"LESS")) -> OK | D40: =IF(D38>=22,"OK",IF(D38<=22,"LESS")) -> OK | E40: =IF(E38>=22,"OK",IF(E38<=22,"LESS")) -> OK | F40: =IF(F38>=22,"OK",IF(F38<=22,"LESS")) -> OK | G40: =IF(G38>=22,"OK",IF(G38<=22,"LESS")) -> OK | H40: =IF(H38>=22,"OK",IF(H38<=22,"LESS")) -> OK | I40: =IF(I38>=22,"OK",IF(I38<=22,"LESS")) -> OK | ... Q40: =IF(Q38>=22,"OK",IF(Q38<=22,"LESS")) -> OK
A43: Done by | B43: RAHUL
A45: Comment

Sheet 28
A1: Station: | B1: BHATAGAON RAIPUR
A2: Date: | B2: =$A$9 -> 28-06-2024 01:00 | D2: Power Off | G2: Pw.Off | L2: Link Fail | N2: Link F | P2: Maintenance | R2: Maint.
A3: Report Type: | B3: Mean | D3: Calibration | G3: Calib. | L3: Data Fail | N3: Data F | P3: Invalid | R3: Invalid
A4: Time Base: | B4: 01 Hour | D4: Zero Referrence | G4: Z.Ref | L4: Warm Up | N4: Wm. Up
A7: Date & Time | B7: NO_BHATAGAON | C7: NO2_BHATAGAON | D7: NOX_BHATAGAON | E7: SO2_BHATAGAON | F7: O3_BHATAGAON | G7: PM10_BHATAGAON | H7: PM2_5_BHATAGAON | I7: BENZ_BHATAGAON | J7: WS_BHATAGAON | K7: WD_BHATAGAON | L7: TEMP_BHATAGAON | M7: HUM BHATAGAON | N7: SR_BHATAGAON | O7: RG_BHATAGAON | P7: CO_BHATAGAON | Q7: NH3_BHATAGAON
B8: ug/m3 | C8: ug/m3 | D8: ppb | E8: ug/m3 | F8: ug/m3 | G8: mg/m3 | H8: ug/m3 | I8: ug/m3 | J8: m/sec | K8: deg | L8: degreC | M8: % | N8: w/m2 | O8: mm | P8: ug/m3 | Q8: ug/m3
A9: 28-06-2024 01:00 | B9: 8.26 | C9: 3.36 | D9: 12.16 | E9: Data F | F9: 3.98 | G9: Data F | H9: Data F | I9: 2.68 | J9: 0.71 | K9: 213.29 | L9: 24.67 | M9: 98.22 | N9: 17.4 | O9: 0 | P9: 0.35 | Q9: 9.31
A10: 28-06-2024 02:00 | B10: 8.18 | C10: 3.13 | D10: 11.97 | E10: Data F | F10: 3.8 | G10: Data F | H10: Data F | I10: 3.07 | J10: 0.34 | K10: 298.06 | L10: 24.25 | M10: 98.32 | N10: 17.1 | O10: 0 | P10: 0.29 | Q10: 9.33
A11: 28-06-2024 03:00 | B11: 8.2 | C11: 3.24 | D11: 12.04 | E11: Data F | F11: 4.85 | G11: Data F | H11: Data F | I11: 3.12 | J11: 0.5 | K11: 182 | L11: 24.31 | M11: 98.22 | N11: 17.4 | O11: 0 | P11: 0.3 | Q11: 9.29
A12: 28-06-2024 04:00 | B12: 8.18 | C12: 3.16 | D12: 11.97 | E12: Data F | F12: 4.7 | G12: Data F | H12: Data F | I12: 2.83 | J12: 0.75 | K12: 338.84 | L12: 24.36 | M12: 98.33 | N12: 17.3 | O12: 0 | P12: 0.28 | Q12: 9.29
A13: 28-06-2024 05:00 | B13: 8.21 | C13: 3.21 | D13: 12.04 | E13: Data F | F13: 4.33 | G13: Data F | H13: Data F | I13: 2.92 | J13: 1.29 | K13: 349.72 | L13: 23.61 | M13: 98.35 | N13: 17.9 | O13: 0.2 | P13: 0.26 | Q13: 9.3
A14: 28-06-2024 06:00 | B14: 8.2 | C14: 3.18 | D14: 12.01 | E14: Data F | F14: 3.96 | G14: Data F | H14: Data F | I14: 3.06 | J14: 0.35 | K14: 354.28 | L14: 23.03 | M14: 98.38 | N14: 24.9 | O14: 0.4 | P14: 0.25 | Q14: 9.29
A15: 28-06-2024 07:00 | B15: 8.19 | C15: 3.18 | D15: 12.01 | E15: Data F | F15: 4.12 | G15: Data F | H15: Data F | I15: 3.06 | J15: 0.54 | K15: 358.54 | L15: 23.28 | M15: 98.38 | N15: 74.1 | O15: 0 | P15: 0.27 | Q15: 9.29
A16: 28-06-2024 08:00 | B16: 8.31 | C16: 3.53 | D16: 12.28 | E16: Data F | F16: 4.77 | G16: Data F | H16: Data F | I16: 2.88 | J16: 0.58 | K16: 350.11 | L16: 24.2 | M16: 98.35 | N16: 194 | O16: 0 | P16: 0.29 | Q16: 9.3
A17: 28-06-2024 09:00 | B17: 8.14 | C17: 3.15 | D17: 11.95 | E17: Data F | F17: 5.01 | G17: Data F | H17: Data F | I17: 2.32 | J17: 0.73 | K17: 359.99 | L17: 24.93 | M17: 98.25 | N17: 203.8 | O17: 0 | P17: 0.31 | Q17: 9.3
A18: 28-06-2024 10:00 | B18: 8.22 | C18: 3.17 | D18: 12.02 | E18: Data F | F18: 4.44 | G18: Data F | H18: Data F | I18: 1.87 | J18: 0.62 | K18: 9.13 | L18: 26.48 | M18: 91.92 | N18: 325.9 | O18: 0 | P18: 0.34 | Q18: 9.27
A19: 28-06-2024 11:00 | B19: 8.22 | C19: 3.25 | D19: 12.07 | E19: Data F | F19: 6.53 | G19: Data F | H19: Data F | I19: 1.59 | J19: 0.62 | K19: 353.24 | L19: 28.01 | M19: 86.27 | N19: 417.2 | O19: 0 | P19: 0.36 | Q19: 9.3
A20: 28-06-2024 12:00 | B20: 8.18 | C20: 3.23 | D20: 12 | E20: 4.63 | F20: 6.58 | G20: 31.55 | H20: 6.31 | I20: 1.46 | J20: 0.7 | K20: 325.38 | L20: 27.53 | M20: 86.85 | N20: 203 | O20: 0 | P20: 0.52 | Q20: 9.32
A21: 28-06-2024 13:00 | B21: 8.18 | C21: 3.31 | D21: 12.06 | E21: 4.98 | F21: 5.91 | G21: 31.55 | H21: 6.31 | I21: 2.58 | J21: 0.58 | K21: 359.02 | L21: 27.7 | M21: 85.97 | N21: 334.2 | O21: 0 | P21: 0.61 | Q21: 9.42
A22: 28-06-2024 14:00 | B22: 8.3 | C22: 3.82 | D22: 12.43 | E22: 5.49 | F22: 5.27 | G22: 25.17 | H22: 4.78 | I22: 3.77 | J22: 0.62 | K22: 353.2 | L22: 29.9 | M22: 78.57 | N22: 664.7 | O22: 0 | P22: 0.69 | Q22: 9.41
A23: 28-06-2024 15:00 | B23: 8.22 | C23: 3.55 | D23: 12.22 | E23: 4.83 | F23: 6.38 | G23: 58.82 | H23: 14.04 | I23: 3.89 | J23: 0.63 | K23: 349.04 | L23: 30.86 | M23: 75.55 | N23: 738.5 | O23: 0 | P23: 0.69 | Q23: 9.32
A24: 28-06-2024 16:00 | B24: 8.26 | C24: 3.24 | D24: 12.04 | E24: 5.05 | F24: 6.38 | G24: 58.82 | H24: 14.04 | I24: 3.84 | J24: 0.62 | K24: 355.17 | L24: 29.11 | M24: 77.57 | N24: 281.5 | O24: 0 | P24: 0.7 | Q24: 9.41
A25: 28-06-2024 17:00 | B25: 8.3 | C25: 3.14 | D25: 12.05 | E25: 4.29 | F25: 8.01 | G25: 54.79 | H25: 15.09 | I25: 3.58 | J25: 0.52 | K25: 257.71 | L25: 28.13 | M25: 85.95 | N25: 205 | O25: 0 | P25: 0.58 | Q25: 9.43
A26: 28-06-2024 18:00 | B26: 8.35 | C26: 3.39 | D26: 12.24 | E26: 4.23 | F26: 6.92 | G26: 53.32 | H26: 15.09 | I26: 2.24 | J26: 0.58 | K26: 22.29 | L26: 26.01 | M26: 90.43 | N26: 51 | O26: 0 | P26: 0.37 | Q26: 9.32
A27: 28-06-2024 19:00 | B27: 8.19 | C27: 3.15 | D27: 11.99 | E27: 4.44 | F27: 5.25 | G27: 38.64 | H27: 12.91 | I27: 1.52 | J27: 0.5 | K27: 343.44 | L27: 25.2 | M27: 91.88 | N27: 25.3 | O27: 0 | P27: 0.36 | Q27: 9.31
A28: 28-06-2024 20:00 | B28: 8.27 | C28: 3.23 | D28: 12.09 | E28: 4.63 | F28: 4.51 | G28: 33.94 | H28: 11.67 | I28: 1.68 | J28: 0.55 | K28: 33.83 | L28: 25.09 | M28: 92.27 | N28: 17.3 | O28: 0 | P28: 0.39 | Q28: 9.36
A29: 28-06-2024 21:00 | B29: 8.29 | C29: 3.29 | D29: 12.14 | E29: 4.89 | F29: 4.2 | G29: 32.81 | H29: 9.32 | I29: 2.07 | J29: 0.63 | K29: 37.44 | L29: 25.11 | M29: 95.04 | N29: 17.3 | O29: 0 | P29: 0.44 | Q29: 9.36
A30: 28-06-2024 22:00 | B30: 8.31 | C30: 3.45 | D30: 12.24 | E30: 4.82 | F30: 4.16 | G30: 30.78 | H30: 6.98 | I30: 2.15 | J30: 0.52 | K30: 195.59 | L30: 24.59 | M30: 97.71 | N30: 17.3 | O30: 0 | P30: 0.44 | Q30: 9.36
A31: 28-06-2024 23:00 | B31: 8.2 | C31: 3.21 | D31: 12.02 | E31: 4.8 | F31: 4.03 | G31: 30.78 | H31: 7.13 | I31: 2.24 | J31: 0.48 | K31: 237.92 | L31: 24.32 | M31: 98.23 | N31: 17.4 | O31: 0 | P31: 0.4 | Q31: 9.36
A32: 28-06-2024 24:00 | B32: 8.27 | C32: 3.23 | D32: 12.1 | E32: 4.66 | F32: 3.52 | G32: 23.41 | H32: 7.13 | I32: 2.33 | J32: 0.5 | K32: 342.9 | L32: 24.37 | M32: 98.2 | N32: 17.4 | O32: 0 | P32: 0.37 | Q32: 9.34
A34: Min | B34: =MIN(B9:B32) -> 8.14 | C34: =MIN(C9:C32) -> 3.13 | D34: =MIN(D9:D32) -> 11.95 | E34: =MIN(E9:E32) -> 4.23 | F34: =MIN(F9:F32) -> 3.52 | G34: =MIN(G9:G32) -> 23.41 | H34: =MIN(H9:H32) -> 4.78 | I34: =MIN(I9:I32) -> 1.46 | ... Q34: =MIN(Q9:Q32) -> 9.27
A35: Max | B35: =MAX(B9:B32) -> 8.35 | C35: =MAX(C9:C32) -> 3.82 | D35: =MAX(D9:D32) -> 12.43 | E35: =MAX(E9:E32) -> 5.49 | F35: =MAX(F9:F32) -> 8.01 | G35: =MAX(G9:G32) -> 58.82 | H35: =MAX(H9:H32) -> 15.09 | I35: =MAX(I9:I32) -> 3.89 | ... Q35: =MAX(Q9:Q32) -> 9.43
A36: Avg | B36: =AVERAGE(B9:B32) -> 8.2345833 | C36: =AVERAGE(C9:C32) -> 3.2833333 | D36: =AVERAGE(D9:D32) -> 12.089167 | E36: =AVERAGE(E9:E32) -> 4.7492308 | F36: =AVERAGE(F9:F32) -> 5.0670833 | G36: =AVERAGE(G9:G32) -> 38.798462 | H36: =AVERAGE(H9:H32) -> 10.061538 | I36: =AVERAGE(I9:I32) -> 2.6145833 | ... Q36: =AVERAGE(Q9:Q32) -> 9.3329167
A37: Stdev | B37: =STDEV(B9:B32) -> 0.055087217 | C37: =STDEV(C9:C32) -> 0.16404312 | D37: =STDEV(D9:D32) -> 0.11806103 | E37: =STDEV(E9:E32) -> 0.33402748 | F37: =STDEV(F9:F32) -> 1.1837578 | G37: =STDEV(G9:G32) -> 12.858303 | H37: =STDEV(H9:H32) -> 3.8319313 | I37: =STDEV(I9:I32) -> 0.73544414 | ... Q37: =STDEV(Q9:Q32) -> 0.046201747
A38: Num | B38: =COUNT(B9:B32) -> 24 | C38: =COUNT(C9:C32) -> 24 | D38: =COUNT(D9:D32) -> 24 | E38: =COUNT(E9:E32)+11 -> 24 | F38: =COUNT(F9:F32) -> 24 | G38: =COUNT(G9:G32)+11 -> 24 | H38: =COUNT(H9:H32)+11 -> 24 | I38: =COUNT(I9:I32) -> 24 | J38: =COUNT(J9:J32) -> 24 | K38: =COUNT(K9:K32) -> 24 | L38: =COUNT(L9:L32) -> 24 | M38: =COUNT(M9:M32) -> 24 | N38: =COUNT(N9:N32) -> 24 | O38: =COUNT(O9:O32) -> 24 | P38: =COUNT(P9:P32) -> 24 | Q38: =COUNT(Q9:Q32) -> 24
A39: DCR | B39: =IF(B38>=22,">90%",IF(B38<=22,"<90%")) -> >90% | C39: =IF(C38>=22,">90%",IF(C38<=22,"<90%")) -> >90% | D39: =IF(D38>=22,">90%",IF(D38<=22,"<90%")) -> >90% | E39: =IF(E38>=22,">90%",IF(E38<=22,"<90%")) -> >90% | F39: =IF(F38>=22,">90%",IF(F38<=22,"<90%")) -> >90% | G39: =IF(G38>=22,">90%",IF(G38<=22,"<90%")) -> >90% | H39: =IF(H38>=22,">90%",IF(H38<=22,"<90%")) -> >90% | I39: =IF(I38>=22,">90%",IF(I38<=22,"<90%")) -> >90% | ... Q39: =IF(Q38>=22,">90%",IF(Q38<=22,"<90%")) -> >90%
A40: Status | B40: =IF(B38>=22,"OK",IF(B38<=22,"LESS")) -> OK | C40: =IF(C38>=22,"OK",IF(C38<=22,"LESS")) -> OK | D40: =IF(D38>=22,"OK",IF(D38<=22,"LESS")) -> OK | E40: =IF(E38>=22,"OK",IF(E38<=22,"LESS")) -> OK | F40: =IF(F38>=22,"OK",IF(F38<=22,"LESS")) -> OK | G40: =IF(G38>=22,"OK",IF(G38<=22,"LESS")) -> OK | H40: =IF(H38>=22,"OK",IF(H38<=22,"LESS")) -> OK | I40: =IF(I38>=22,"OK",IF(I38<=22,"LESS")) -> OK | ... Q40: =IF(Q38>=22,"OK",IF(Q38<=22,"LESS")) -> OK
A43: Done by | B43: RAHUL
A45: Comment

Sheet 29
A1: Station: | B1: BHATAGAON RAIPUR
A2: Date: | B2: =$A$9 -> 29-06-2024 01:00 | D2: Power Off | G2: Pw.Off | L2: Link Fail | N2: Link F | P2: Maintenance | R2: Maint.
A3: Report Type: | B3: Mean | D3: Calibration | G3: Calib. | L3: Data Fail | N3: Data F | P3: Invalid | R3: Invalid
A4: Time Base: | B4: 01 Hour | D4: Zero Referrence | G4: Z.Ref | L4: Warm Up | N4: Wm. Up
A7: Date & Time | B7: NO_BHATAGAON | C7: NO2_BHATAGAON | D7: NOX_BHATAGAON | E7: SO2_BHATAGAON | F7: O3_BHATAGAON | G7: PM10_BHATAGAON | H7: PM2_5_BHATAGAON | I7: BENZ_BHATAGAON | J7: WS_BHATAGAON | K7: WD_BHATAGAON | L7: TEMP_BHATAGAON | M7: HUM BHATAGAON | N7: SR_BHATAGAON | O7: RG_BHATAGAON | P7: CO_BHATAGAON | Q7: NH3_BHATAGAON
B8: ug/m3 | C8: ug/m3 | D8: ppb | E8: ug/m3 | F8: ug/m3 | G8: mg/m3 | H8: ug/m3 | I8: ug/m3 | J8: m/sec | K8: deg | L8: degreC | M8: % | N8: w/m2 | O8: mm | P8: ug/m3 | Q8: ug/m3
A9: 29-06-2024 01:00 | B9: 8.24 | C9: 3.17 | D9: 12.04 | E9: 5.11 | F9: 4.05 | G9: 23.81 | H9: 8.95 | I9: 2.45 | J9: 0.64 | K9: 15.34 | L9: 24.45 | M9: 97.36 | N9: 17.4 | O9: 0 | P9: 0.35 | Q9: 9.34
A10: 29-06-2024 02:00 | B10: 8.21 | C10: 3.23 | D10: 12.04 | E10: 5.04 | F10: 4.87 | G10: 23.81 | H10: 8.95 | I10: 2.54 | J10: 0.73 | K10: 16.73 | L10: 24.54 | M10: 96.16 | N10: 17.4 | O10: 0 | P10: 0.33 | Q10: 9.29
A11: 29-06-2024 03:00 | B11: 8.32 | C11: 3.47 | D11: 12.26 | E11: 5.11 | F11: 4.62 | G11: 17.77 | H11: 6.61 | I11: 1.98 | J11: 0.59 | K11: 358.86 | L11: 24.86 | M11: 92.78 | N11: 17.4 | O11: 0 | P11: 0.33 | Q11: 9.27
A12: 29-06-2024 04:00 | B12: 8.2 | C12: 3.2 | D12: 12.02 | E12: 5 | F12: 4.62 | G12: 17.74 | H12: 5.52 | I12: 1.79 | J12: 0.62 | K12: 344.15 | L12: 24.95 | M12: 98.32 | N12: 18.7 | O12: 1 | P12: 0.35 | Q12: 9.28
A13: 29-06-2024 05:00 | B13: 8.25 | C13: 3.18 | D13: 12.05 | E13: 3.54 | F13: 3.87 | G13: 23.4 | H13: 5.04 | I13: 2.16 | J13: 0.51 | K13: 356.45 | L13: 23.54 | M13: 98.35 | N13: 17.6 | O13: 0.2 | P13: 0.33 | Q13: 9.29
A14: 29-06-2024 06:00 | B14: 8.25 | C14: 3.14 | D14: 12.03 | E14: 3.51 | F14: 3.85 | G14: 23.4 | H14: 5.04 | I14: 2.31 | J14: 0.56 | K14: 10.68 | L14: 23.32 | M14: 98.35 | N14: 26.9 | O14: 0 | P14: 0.32 | Q14: 9.31
A15: 29-06-2024 07:00 | B15: 8.26 | C15: 3.29 | D15: 12.12 | E15: 3.58 | F15: 4.08 | G15: 19.23 | H15: 5.75 | I15: 2.2 | J15: 0.49 | K15: 334.89 | L15: 23.59 | M15: 98.35 | N15: 39.3 | O15: 0 | P15: 0.31 | Q15: 9.29
A16: 29-06-2024 08:00 | B16: 8.31 | C16: 3.42 | D16: 12.23 | E16: 3.95 | F16: 4.05 | G16: 15.25 | H16: 5.75 | I16: 2.04 | J16: 0.39 | K16: 350.08 | L16: 23.91 | M16: 98.34 | N16: 75.8 | O16: 0 | P16: 0.31 | Q16: 9.29
A17: 29-06-2024 09:00 | B17: 8.25 | C17: 3.29 | D17: 12.11 | E17: 4.51 | F17: 3.54 | G17: 17.54 | H17: 4.18 | I17: 2.17 | J17: 0.53 | K17: 355.02 | L17: 24.03 | M17: 98.33 | N17: 73.5 | O17: 0 | P17: 0.33 | Q17: 9.31
A18: 29-06-2024 10:00 | B18: 8.29 | C18: 3.23 | D18: 12.11 | E18: 4.27 | F18: 4.03 | G18: 17.54 | H18: 3.61 | I18: 2.19 | J18: 0.49 | K18: 353.58 | L18: 24.25 | M18: 98.33 | N18: 120.5 | O18: 0 | P18: 0.36 | Q18: 9.31
A19: 29-06-2024 11:00 | B19: 8.26 | C19: 3.26 | D19: 12.07 | E19: 4.51 | F19: 4.28 | G19: 17.46 | H19: 3.61 | I19: 2.14 | J19: 0.47 | K19: 359.19 | L19: 24.47 | M19: 98.33 | N19: 132.7 | O19: 0 | P19: 0.39 | Q19: 9.3
A20: 29-06-2024 12:00 | B20: 8.25 | C20: 3.37 | D20: 12.15 | E20: 4.82 | F20: 5.19 | G20: 22.11 | H20: 9.68 | I20: 1.94 | J20: 0.53 | K20: 6.55 | L20: 24.86 | M20: 97.15 | N20: 184.1 | O20: 0.2 | P20: 0.42 | Q20: 9.33
... A32: 29-06-2024 24:00 | B32: 8.44 | C32: 3.35 | D32: 12.29 | E32: 4.97 | F32: 3.38 | G32: 35.98 | H32: 14.23 | I32: 6.22 | J32: 0.41 | K32: 314.77 | L32: 23.1 | M32: 98.38 | N32: 17.7 | O32: 0 | P32: 0.69 | Q32: 9.72
A34: Min | B34: =MIN(B9:B32) -> 8.2 | C34: =MIN(C9:C32) -> 3.14 | D34: =MIN(D9:D32) -> 12.02 | E34: =MIN(E9:E32) -> 3.51 | F34: =MIN(F9:F32) -> 3.38 | G34: =MIN(G9:G32) -> 15.25 | H34: =MIN(H9:H32) -> 3.61 | I34: =MIN(I9:I32) -> 1.64 | ... Q34: =MIN(Q9:Q32) -> 9.27
A35: Max | B35: =MAX(B9:B32) -> 8.8 | C35: =MAX(C9:C32) -> 3.98 | D35: =MAX(D9:D32) -> 12.91 | E35: =MAX(E9:E32) -> 5.18 | F35: =MAX(F9:F32) -> 5.19 | G35: =MAX(G9:G32) -> 35.98 | H35: =MAX(H9:H32) -> 15.67 | I35: =MAX(I9:I32) -> 6.22 | ... Q35: =MAX(Q9:Q32) -> 9.78
A36: Avg | B36: =AVERAGE(B9:B32) -> 8.3579167 | C36: =AVERAGE(C9:C32) -> 3.38375 | D36: =AVERAGE(D9:D32) -> 12.240833 | E36: =AVERAGE(E9:E32) -> 4.3916667 | F36: =AVERAGE(F9:F32) -> 4.19875 | G36: =AVERAGE(G9:G32) -> 25.027917 | H36: =AVERAGE(H9:H32) -> 8.9770833 | I36: =AVERAGE(I9:I32) -> 3.11 | ... Q36: =AVERAGE(Q9:Q32) -> 9.4504167
A37: Stdev | B37: =STDEV(B9:B32) -> 0.14515297 | C37: =STDEV(C9:C32) -> 0.20316651 | D37: =STDEV(D9:D32) -> 0.21835186 | E37: =STDEV(E9:E32) -> 0.5265364 | F37: =STDEV(F9:F32) -> 0.52780359 | G37: =STDEV(G9:G32) -> 7.2612162 | H37: =STDEV(H9:H32) -> 3.9015944 | I37: =STDEV(I9:I32) -> 1.5010721 | ... Q37: =STDEV(Q9:Q32) -> 0.19859242
A38: Num | B38: =COUNT(B9:B32) -> 24 | C38: =COUNT(C9:C32) -> 24 | D38: =COUNT(D9:D32) -> 24 | E38: =COUNT(E9:E32) -> 24 | F38: =COUNT(F9:F32) -> 24 | G38: =COUNT(G9:G32) -> 24 | H38: =COUNT(H9:H32) -> 24 | I38: =COUNT(I9:I32) -> 24 | ... Q38: =COUNT(Q9:Q32) -> 24
A39: DCR | B39: =IF(B38>=22,">90%",IF(B38<=22,"<90%")) -> >90% | C39: =IF(C38>=22,">90%",IF(C38<=22,"<90%")) -> >90% | D39: =IF(D38>=22,">90%",IF(D38<=22,"<90%")) -> >90% | E39: =IF(E38>=22,">90%",IF(E38<=22,"<90%")) -> >90% | F39: =IF(F38>=22,">90%",IF(F38<=22,"<90%")) -> >90% | G39: =IF(G38>=22,">90%",IF(G38<=22,"<90%")) -> >90% | H39: =IF(H38>=22,">90%",IF(H38<=22,"<90%")) -> >90% | I39: =IF(I38>=22,">90%",IF(I38<=22,"<90%")) -> >90% | ... Q39: =IF(Q38>=22,">90%",IF(Q38<=22,"<90%")) -> >90%
A40: Status | B40: =IF(B38>=22,"OK",IF(B38<=22,"LESS")) -> OK | C40: =IF(C38>=22,"OK",IF(C38<=22,"LESS")) -> OK | D40: =IF(D38>=22,"OK",IF(D38<=22,"LESS")) -> OK | E40: =IF(E38>=22,"OK",IF(E38<=22,"LESS")) -> OK | F40: =IF(F38>=22,"OK",IF(F38<=22,"LESS")) -> OK | G40: =IF(G38>=22,"OK",IF(G38<=22,"LESS")) -> OK | H40: =IF(H38>=22,"OK",IF(H38<=22,"LESS")) -> OK | I40: =IF(I38>=22,"OK",IF(I38<=22,"LESS")) -> OK | ... Q40: =IF(Q38>=22,"OK",IF(Q38<=22,"LESS")) -> OK
A43: Done by | B43: RAHUL
A45: Comment

Sheet 30
A1: Station: | B1: BHATAGAON RAIPUR
A2: Date: | B2: =$A$9 -> 30-06-2024 01:00 | D2: Power Off | G2: Pw.Off | L2: Link Fail | N2: Link F | P2: Maintenance | R2: Maint.
A3: Report Type: | B3: Mean | D3: Calibration | G3: Calib. | L3: Data Fail | N3: Data F | P3: Invalid | R3: Invalid
A4: Time Base: | B4: 01 Hour | D4: Zero Referrence | G4: Z.Ref | L4: Warm Up | N4: Wm. Up
A7: Date & Time | B7: NO_BHATAGAON | C7: NO2_BHATAGAON | D7: NOX_BHATAGAON | E7: SO2_BHATAGAON | F7: O3_BHATAGAON | G7: PM10_BHATAGAON | H7: PM2_5_BHATAGAON | I7: BENZ_BHATAGAON | J7: WS_BHATAGAON | K7: WD_BHATAGAON | L7: TEMP_BHATAGAON | M7: HUM BHATAGAON | N7: SR_BHATAGAON | O7: RG_BHATAGAON | P7: CO_BHATAGAON | Q7: NH3_BHATAGAON
B8: ug/m3 | C8: ug/m3 | D8: ppb | E8: ug/m3 | F8: ug/m3 | G8: mg/m3 | H8: ug/m3 | I8: ug/m3 | J8: m/sec | K8: deg | L8: degreC | M8: % | N8: w/m2 | O8: mm | P8: ug/m3 | Q8: ug/m3
A9: 30-06-2024 01:00 | B9: 8.41 | C9: 3.34 | D9: 12.26 | E9: 5.01 | F9: 4.27 | G9: 28.26 | H9: 15.56 | I9: 6.34 | J9: 0.39 | K9: 290.97 | L9: 23.12 | M9: 98.38 | N9: 17.8 | O9: 0 | P9: 0.64 | Q9: 9.65
A10: 30-06-2024 02:00 | B10: 8.82 | C10: 3.99 | D10: 12.93 | E10: 5.34 | F10: 3.74 | G10: 26.78 | H10: 15.56 | I10: 5.81 | J10: 0.3 | K10: 337.1 | L10: 23.24 | M10: 98.38 | N10: 17.8 | O10: 0 | P10: 0.53 | Q10: 9.55
A11: 30-06-2024 03:00 | B11: 8.33 | C11: 3.21 | D11: 12.13 | E11: 4.92 | F11: 3.53 | G11: 25.69 | H11: 11.65 | I11: 5.33 | J11: 0.43 | K11: 333.32 | L11: 23.25 | M11: 98.38 | N11: 17.9 | O11: 1 | P11: 0.47 | Q11: 9.47
A12: 30-06-2024 04:00 | B12: 8.42 | C12: 3.33 | D12: 12.27 | E12: 4.69 | F12: 3.5 | G12: 21.23 | H12: 8.99 | I12: 4.73 | J12: 0.43 | K12: 350.48 | L12: 22.88 | M12: 98.38 | N12: 18.3 | O12: 0 | P12: 0.42 | Q12: 9.45
A13: 30-06-2024 05:00 | B13: 8.37 | C13: 3.22 | D13: 12.16 | E13: 4.65 | F13: 4.57 | G13: 19.57 | H13: 8.99 | I13: 4.39 | J13: 0.61 | K13: 359.45 | L13: 22.84 | M13: 98.35 | N13: 18.4 | O13: 0 | P13: 0.36 | Q13: 9.42
A14: 30-06-2024 06:00 | B14: 8.49 | C14: 3.6 | D14: 12.46 | E14: 4.51 | F14: 4.48 | G14: 16.33 | H14: 6.46 | I14: 3.55 | J14: 0.62 | K14: 19.07 | L14: 22.81 | M14: 98.33 | N14: 38.5 | O14: 0 | P14: 0.29 | Q14: 9.28
A15: 30-06-2024 07:00 | B15: 8.4 | C15: 3.37 | D15: 12.25 | E15: 4.35 | F15: 4.23 | G15: 14.34 | H15: 5.75 | I15: 2.51 | J15: 0.57 | K15: 3.81 | L15: 22.91 | M15: 98.33 | N15: 53.1 | O15: 0 | P15: 0.27 | Q15: 9.35
A16: 30-06-2024 08:00 | B16: 8.52 | C16: 3.63 | D16: 12.5 | E16: 4.26 | F16: 3.39 | G16: 20.73 | H16: 5.03 | I16: 2.13 | J16: 0.59 | K16: 358.21 | L16: 23.3 | M16: 98.33 | N16: 85.3 | O16: 0 | P16: 0.37 | Q16: 9.36
A17: 30-06-2024 09:00 | B17: 8.36 | C17: 3.23 | D17: 12.16 | E17: 4.28 | F17: 3.35 | G17: 26.29 | H17: 6.68 | I17: 1.94 | J17: 0.5 | K17: 353.3 | L17: 23.77 | M17: 98.32 | N17: 124.9 | O17: 0 | P17: 0.41 | Q17: 9.35
A18: 30-06-2024 10:00 | B18: 8.35 | C18: 3.33 | D18: 12.21 | E18: 4.5 | F18: 4.79 | G18: 32.72 | H18: 8.03 | I18: 2.47 | J18: 0.64 | K18: 354.42 | L18: 27.07 | M18: 96.84 | N18: 415.6 | O18: 0 | P18: 0.54 | Q18: 9.36
A19: 30-06-2024 11:00 | B19: 8.59 | C19: 3.91 | D19: 12.71 | E19: 4.56 | F19: 4.14 | G19: 41.66 | H19: 13.3 | I19: 2.71 | J19: 0.6 | K19: 357.67 | L19: 26.46 | M19: 88.31 | N19: 537.9 | O19: 0.2 | P19: 0.77 | Q19: 9.37
A20: 30-06-2024 12:00 | B20: 8.3 | C20: 3.28 | D20: 12.14 | E20: 4.19 | F20: 4.48 | G20: 47.05 | H20: 15.52 | I20: 3.24 | J20: 0.61 | K20: 346.67 | L20: 28.04 | M20: 80.69 | N20: 433.8 | O20: 0 | P20: 0.79 | Q20: 9.35
... A32: 30-06-2024 24:00 | B32: 8.32 | C32: 3.26 | D32: 12.15 | E32: 4.73 | F32: 4.06 | G32: 18.96 | H32: 8.12 | I32: 5.32 | J32: 1.04 | K32: 186.28 | L32: 22.83 | M32: 98.39 | N32: 17.3 | O32: 0 | P32: 0.39 | Q32: 9.32
A34: Min | B34: =MIN(B9:B32) -> 8.3 | C34: =MIN(C9:C32) -> 3.21 | D34: =MIN(D9:D32) -> 12.11 | E34: =MIN(E9:E32) -> 3.62 | F34: =MIN(F9:F32) -> 3.26 | G34: =MIN(G9:G32) -> 14.34 | H34: =MIN(H9:H32) -> 5.03 | I34: =MIN(I9:I32) -> 1.94 | ... Q34: =MIN(Q9:Q32) -> 9.26
A35: Max | B35: =MAX(B9:B32) -> 8.82 | C35: =MAX(C9:C32) -> 3.99 | D35: =MAX(D9:D32) -> 12.93 | E35: =MAX(E9:E32) -> 5.34 | F35: =MAX(F9:F32) -> 5.26 | G35: =MAX(G9:G32) -> 47.05 | H35: =MAX(H9:H32) -> 15.57 | I35: =MAX(I9:I32) -> 6.34 | ... Q35: =MAX(Q9:Q32) -> 9.65
A36: Avg | B36: =AVERAGE(B9:B32) -> 8.4029167 | C36: =AVERAGE(C9:C32) -> 3.4058333 | D36: =AVERAGE(D9:D32) -> 12.28875 | E36: =AVERAGE(E9:E32) -> 4.4691667 | F36: =AVERAGE(F9:F32) -> 4.24875 | G36: =AVERAGE(G9:G32) -> 30.92125 | H36: =AVERAGE(H9:H32) -> 11.22375 | I36: =AVERAGE(I9:I32) -> 3.4416667 | ... Q36: =AVERAGE(Q9:Q32) -> 9.3658333
A37: Stdev | B37: =STDEV(B9:B32) -> 0.11407393 | C37: =STDEV(C9:C32) -> 0.20899171 | D37: =STDEV(D9:D32) -> 0.19777705 | E37: =STDEV(E9:E32) -> 0.44445293 | F37: =STDEV(F9:F32) -> 0.57531324 | G37: =STDEV(G9:G32) -> 10.943127 | H37: =STDEV(H9:H32) -> 3.452661 | I37: =STDEV(I9:I32) -> 1.3151646 | ... Q37: =STDEV(Q9:Q32) -> 0.089826725
A38: Num | B38: =COUNT(B9:B32) -> 24 | C38: =COUNT(C9:C32) -> 24 | D38: =COUNT(D9:D32) -> 24 | E38: =COUNT(E9:E32) -> 24 | F38: =COUNT(F9:F32) -> 24 | G38: =COUNT(G9:G32) -> 24 | H38: =COUNT(H9:H32) -> 24 | I38: =COUNT(I9:I32) -> 24 | ... Q38: =COUNT(Q9:Q32) -> 24
A39: DCR | B39: =IF(B38>=22,">90%",IF(B38<=22,"<90%")) -> >90% | C39: =IF(C38>=22,">90%",IF(C38<=22,"<90%")) -> >90% | D39: =IF(D38>=22,">90%",IF(D38<=22,"<90%")) -> >90% | E39: =IF(E38>=22,">90%",IF(E38<=22,"<90%")) -> >90% | F39: =IF(F38>=22,">90%",IF(F38<=22,"<90%")) -> >90% | G39: =IF(G38>=22,">90%",IF(G38<=22,"<90%")) -> >90% | H39: =IF(H38>=22,">90%",IF(H38<=22,"<90%")) -> >90% | I39: =IF(I38>=22,">90%",IF(I38<=22,"<90%")) -> >90% | ... Q39: =IF(Q38>=22,">90%",IF(Q38<=22,"<90%")) -> >90%
A40: Status | B40: =IF(B38>=22,"OK",IF(B38<=22,"LESS")) -> OK | C40: =IF(C38>=22,"OK",IF(C38<=22,"LESS")) -> OK | D40: =IF(D38>=22,"OK",IF(D38<=22,"LESS")) -> OK | E40: =IF(E38>=22,"OK",IF(E38<=22,"LESS")) -> OK | F40: =IF(F38>=22,"OK",IF(F38<=22,"LESS")) -> OK | G40: =IF(G38>=22,"OK",IF(G38<=22,"LESS")) -> OK | H40: =IF(H38>=22,"OK",IF(H38<=22,"LESS")) -> OK | I40: =IF(I38>=22,"OK",IF(I38<=22,"LESS")) -> OK | ... Q40: =IF(Q38>=22,"OK",IF(Q38<=22,"LESS")) -> OK
A43: Done by | B43: RAHUL
A45: Comment

Sheet MONTHLY 31
A1: Station: | B1: BHATAGAON RAIPUR
A2: Date: | B2: =$A$9 -> 01-06-2024 01:00 | D2: Power Off | G2: Pw.Off | L2: Link Fail | N2: Link F | P2: Maintenance | R2: Maint.
A3: Report Type: | B3: Mean | D3: Calibration | G3: Calib. | L3: Data Fail | N3: Data F | P3: Invalid | R3: Invalid
A4: Time Base: | B4: 24 HRS | D4: Zero Referrence | G4: Z.Ref | L4: Warm Up | N4: Wm. Up
A7: Date & Time | B7: NO_BHATAGAON | C7: NO2_BHATAGAON | D7: NOX_BHATAGAON | E7: SO2_BHATAGAON | F7: O3_BHATAGAON | G7: PM10_BHATAGAON | H7: PM2_5_BHATAGAON | I7: BENZ_BHATAGAON | J7: WS_BHATAGAON | K7: WD_BHATAGAON | L7: TEMP_BHATAGAON | M7: HUM BHATAGAON | N7: SR_BHATAGAON | O7: RG_BHATAGAON | P7: CO_BHATAGAON | Q7: NH3_BHATAGAON
B8: ug/m3 | C8: ug/m3 | D8: ppb | E8: ug/m3 | F8: ug/m3 | G8: mg/m3 | H8: ug/m3 | I8: ug/m3 | J8: m/sec | K8: deg | L8: degreC | M8: % | N8: w/m2 | O8: mm | P8: ug/m3 | Q8: ug/m3
A9: ='01'!$B$2 -> 01-06-2024 01:00 | B9: ='01'!B36 -> 3.6829167 | C9: ='01'!C36 -> 4.7104167 | D9: ='01'!D36 -> 6.5454167 | E9: ='01'!E36 -> 1.4966667 | F9: ='01'!F36 -> 4.6658333 | G9: ='01'!G36 -> 84.398333 | H9: ='01'!H36 -> 32.490417 | I9: ='01'!I36 -> 9.4125 | ... O9: ='01'!O36 -> 0 | P9: ='01'!$P$36 -> 0.73833333 | Q9: ='01'!Q36 -> 10.082083
A10: ='02'!$B$2 -> 02-06-2024 01:00 | B10: ='02'!B36 -> 3.0420833 | C10: ='02'!C36 -> 4.6416667 | D10: ='02'!D36 -> 6.0033333 | E10: ='02'!E36 -> 1.7070833 | F10: ='02'!F36 -> 5.9020833 | G10: ='02'!G36 -> 58.43875 | H10: ='02'!H36 -> 22.969583 | I10: ='02'!I36 -> 7.4179167 | ... O10: ='02'!O36 -> 0 | P10: ='02'!$P$36 -> 0.47625 | Q10: ='02'!Q36 -> 9.6175
A11: ='03'!$B$2 -> 03-06-2024 01:00 | B11: ='03'!B36 -> 2.6491667 | C11: ='03'!C36 -> 1.6741667 | D11: ='03'!D36 -> 4.1 | E11: ='03'!E36 -> 1.4565217 | F11: ='03'!F36 -> 8.2366667 | G11: ='03'!G36 -> 41.240435 | H11: ='03'!H36 -> 14.455652 | I11: ='03'!I36 -> 5.5566667 | ... O11: ='03'!O36 -> 0 | P11: ='03'!$P$36 -> 0.41916667 | Q11: ='03'!Q36 -> 9.4366667
A12: ='04'!$B$2 -> 04-06-2024 01:00 | B12: ='04'!B36 -> 2.885 | C12: ='04'!C36 -> 3.06375 | D12: ='04'!D36 -> 5.8541667 | E12: ='04'!E36 -> 1.5766667 | F12: ='04'!F36 -> 6.5141667 | G12: ='04'!G36 -> 38.784583 | H12: ='04'!H36 -> 16.288333 | I12: ='04'!I36 -> 4.8629167 | ... O12: ='04'!O36 -> 0 | P12: ='04'!$P$36 -> 0.44166667 | Q12: ='04'!Q36 -> 9.3995833
A13: ='05'!$B$2 -> 05-06-2024 01:00 | B13: ='05'!B36 -> 2.5866667 | C13: ='05'!C36 -> 1.6125 | D13: ='05'!D36 -> 4.0508333 | E13: ='05'!E36 -> 1.7525 | F13: ='05'!F36 -> 7.1679167 | G13: ='05'!G36 -> 39.185417 | H13: ='05'!H36 -> 15.805833 | I13: ='05'!I36 -> 4.9516667 | ... O13: ='05'!O36 -> 0.0083333333 | P13: ='05'!$P$36 -> 0.46416667 | Q13: ='05'!Q36 -> 9.4841667
A14: ='06'!$B$2 -> 06-06-2024 01:00 | B14: ='06'!B36 -> 2.56125 | C14: ='06'!C36 -> 1.3279167 | D14: ='06'!D36 -> 3.8925 | E14: ='06'!E36 -> 1.5179167 | F14: ='06'!F36 -> 6.2545833 | G14: ='06'!G36 -> 37.388333 | H14: ='06'!H36 -> 16.292083 | I14: ='06'!I36 -> 5.1679167 | ... O14: ='06'!O36 -> 0 | P14: ='06'!$P$36 -> 0.45291667 | Q14: ='06'!Q36 -> 9.4370833
A15: ='07'!$B$2 -> 07-06-2024 01:00 | B15: ='07'!B36 -> 2.5483333 | C15: ='07'!C36 -> 1.22 | D15: ='07'!D36 -> 3.8241667 | E15: ='07'!E36 -> 2.1104167 | F15: ='07'!F36 -> 6.60125 | G15: ='07'!G36 -> 36.936667 | H15: ='07'!H36 -> 15.457083 | I15: ='07'!I36 -> 4.59375 | ... M15: ='07'!M36 -> 51.5975 | N15: ='07'!N37 -> 338.17536 | O15: ='07'!O37 -> 0.040824829 | P15: ='07'!$P$36 -> 0.41208333 | Q15: ='07'!Q36 -> 9.4116667
A16: ='08'!$B$2 -> 08-06-2024 01:00 | B16: ='08'!B36 -> 2.51 | C16: ='08'!C36 -> 1.0866667 | D16: ='08'!D36 -> 3.7229167 | E16: ='08'!E36 -> 1.9783333 | F16: ='08'!F36 -> 6.74125 | G16: ='08'!G36 -> 35.482083 | H16: ='08'!H36 -> 13.594583 | I16: ='08'!I36 -> 3.70625 | ... O16: ='08'!O36 -> 0 | P16: ='08'!$P$36 -> 0.4175 | Q16: ='08'!Q36 -> 9.4016667
A17: ='09'!$B$2 -> 09-06-2024 01:00 | B17: ='09'!B36 -> 2.75375 | C17: ='09'!C36 -> 1.7795833 | D17: ='09'!D36 -> 4.28125 | E17: ='09'!E36 -> 1.6825 | F17: ='09'!F36 -> 5.7375 | G17: ='09'!G36 -> 37.6925 | H17: ='09'!H36 -> 14.045417 | I17: ='09'!I36 -> 4.8525 | ... M17: ='09'!M36 -> 70.212917 | N17: ='09'!N37 -> 339.12133 | O17: ='09'!O37 -> 1.0614456 | P17: ='09'!$P$36 -> 0.46166667 | Q17: ='09'!Q36 -> 9.4441667
A18: ='10'!$B$2 -> 10-06-2024 01:00 | B18: ='10'!B36 -> 5.4029167 | C18: ='10'!C36 -> 4.2716667 | D18: ='10'!D36 -> 8.68 | E18: ='10'!E36 -> 2.7533333 | F18: ='10'!F36 -> 5.3904167 | G18: ='10'!G36 -> 46.327917 | H18: ='10'!H36 -> 16.814583 | I18: ='10'!I36 -> 5.95625 | ... O18: ='10'!O36 -> 0 | P18: ='10'!$P$36 -> 0.45458333 | Q18: ='10'!Q36 -> 9.5004167
A19: ='11'!$B$2 -> 11-06-2024 01:00 | B19: ='11'!B36 -> 8.4579167 | C19: ='11'!C36 -> 4.2058333 | D19: ='11'!D36 -> 12.753333 | E19: ='11'!E36 -> 4.44375 | F19: ='11'!F36 -> 5.6595833 | G19: ='11'!G36 -> 100.01083 | H19: ='11'!H36 -> 37.133333 | I19: ='11'!I36 -> 5.6808333 | ... Q19: ='11'!Q36 -> 9.5241667
A20: ='12'!$B$2 -> 12-06-2024 01:00 | B20: ='12'!B36 -> 8.3758333 | C20: ='12'!C36 -> 3.8766667 | D20: ='12'!D36 -> 12.51625 | E20: ='12'!E36 -> 4.4041667 | F20: ='12'!F36 -> 7.2495833 | G20: ='12'!G36 -> 59.117917 | H20: ='12'!H36 -> 24.524583 | I20: ='12'!I36 -> 3.2516667 | ... Q20: ='12'!Q36 -> 9.46375
A21: ='13'!$B$2 -> 13-06-2024 01:00 | B21: ='13'!B36 -> 8.3191667 | C21: ='13'!C36 -> 3.715 | D21: ='13'!D36 -> 12.385417 | E21: ='13'!E36 -> 4.16 | F21: ='13'!F36 -> 6.9620833 | G21: ='13'!G36 -> 72.312083 | H21: ='13'!H36 -> 38.777083 | I21: ='13'!I36 -> 3.3375 | ... Q21: ='13'!Q36 -> 9.4445833
A22: ='14'!$B$2 -> 14-06-2024 01:00 | B22: ='14'!B36 -> 8.3216667 | C22: ='14'!C36 -> 3.7433333 | D22: ='14'!D36 -> 12.404167 | E22: ='14'!E36 -> 4.4725 | F22: ='14'!F36 -> 7.22375 | G22: ='14'!G36 -> 80.925833 | H22: ='14'!H36 -> 31.340833 | I22: ='14'!I36 -> 4.02375 | ... Q22: ='14'!Q36 -> 9.4683333
