Workbook

Sheet 01
A1: Station: | B1: BHATAGAON RAIPUR
A2: Date: | B2: =$A$9 -> 01/01/2025 00:15 | D2: Power Off | G2: Pw.Off | L2: Link Fail | N2: Link F | P2: Maintenance | R2: Maint.
A3: Report Type: | B3: Mean | D3: Calibration | G3: Calib. | L3: Data Fail | N3: Data F | P3: Invalid | R3: Invalid
A4: Time Base: | B4: 15 Min | D4: Zero Referrence | G4: Z.Ref | L4: Warm Up | N4: Wm. Up
A7: Date & Time | B7: NO_BHATAGAON | C7: NO2__BHATAGAON | D7: NOX_BHATAGAON | E7: SO2__BHATAGAON | F7: O3__BHATAGAON | G7: PM10__BHATAGAON | H7: PM2_5__BHATAGAON | I7: BENZ__BHATAGAON | J7: WS__BHATAGAON | K7: WD__BHATAGAON | L7: TEMP__BHATAGAON | M7: HUM__BHATAGAON | N7: SR__BHATAGAON | O7: RG__BHATAGAON | P7: CO__BHATAGAON | Q7: NH3__BHATAGAON
B8: ug/m3 | C8: ug/m3 | D8: ppb | E8: ug/m3 | F8: ug/m3 | G8: ug/m3 | H8: ug/m3 | I8: ug/m3 | J8: m/sec | K8: deg | L8: degreC | M8: % | N8: w/m2 | O8: mm | P8: mg/m3 | Q8: ug/m3
A9: 01/01/2025 00:15 | B9: 72.09 | C9: 54.16 | D9: 84.73 | E9: 8.03 | F9: 2.13 | G9: 108.12 | H9: 33.38 | I9: Invalid | J9: 1.42 | K9: 56.29 | L9: 13.72 | M9: 69.27 | N9: 80.7 | O9: 0 | P9: 1.54 | Q9: 9.61
A10: 01/01/2025 00:30 | B10: 69.21 | C10: 53.03 | D10: 81.83 | E10: 8.21 | F10: 2.13 | G10: 108.12 | H10: 33.38 | I10: Invalid | J10: 0.33 | K10: 24.58 | L10: 13.56 | M10: 70.82 | N10: 84.5 | O10: 0 | P10: 1.51 | Q10: 9.59
A11: 01/01/2025 00:45 | B11: 66.95 | C11: 53.09 | D11: 80.05 | E11: 8.23 | F11: 2.13 | G11: 93.45 | H11: 35.8 | I11: Invalid | J11: 0.77 | K11: 286.95 | L11: 13.15 | M11: 75.91 | N11: 82.8 | O11: 0 | P11: 1.58 | Q11: 9.57
A12: 01/01/2025 01:00 | B12: 64.97 | C12: 52.6 | D12: 78.21 | E12: 8.37 | F12: 2.13 | G12: 91.82 | H12: 36.06 | I12: Invalid | J12: 1.37 | K12: 301.73 | L12: 12.84 | M12: 83.36 | N12: 83.2 | O12: 0 | P12: 1.5 | Q12: 9.57
A13: 01/01/2025 01:15 | B13: 62.45 | C13: 52.15 | D13: 75.95 | E13: 8.16 | F13: 2.13 | G13: 91.82 | H13: 36.06 | I13: Invalid | J13: 1.07 | K13: 267.24 | L13: 12.94 | M13: 75.3 | N13: 84.8 | O13: 0 | P13: 1.39 | Q13: 9.54
A14: 01/01/2025 01:30 | B14: 58.96 | C14: 51.74 | D14: 72.94 | E14: 7.93 | F14: 2.13 | G14: 91.82 | H14: 36.06 | I14: Invalid | J14: 0.69 | K14: 120.69 | L14: 13.43 | M14: 68.93 | N14: 84 | O14: 0 | P14: 1.37 | Q14: 9.42
A15: 01/01/2025 01:45 | B15: 55.45 | C15: 51.3 | D15: 69.89 | E15: 7.49 | F15: 2.13 | G15: 84.46 | H15: 34.69 | I15: Invalid | J15: 1.85 | K15: 99.55 | L15: 14.12 | M15: 63.16 | N15: 87 | O15: 0 | P15: 1.32 | Q15: 9.18
A16: 01/01/2025 02:00 | B16: 51.84 | C16: 51.16 | D16: 66.92 | E16: 7.68 | F16: 2.13 | G16: 81.3 | H16: 34.07 | I16: Invalid | J16: 2.6 | K16: 99.34 | L16: 14.19 | M16: 62.25 | N16: 87.5 | O16: 0 | P16: 1.28 | Q16: 8.94
A17: 01/01/2025 02:15 | B17: 47.97 | C17: 50.99 | D17: 63.73 | E17: 7.42 | F17: 2.13 | G17: 81.3 | H17: 34.07 | I17: Invalid | J17: 2.68 | K17: 104.02 | L17: 14.17 | M17: 62.21 | N17: 82.7 | O17: 0 | P17: 1.23 | Q17: 8.68
A18: 01/01/2025 02:30 | B18: 44.46 | C18: 51.09 | D18: 60.97 | E18: 7.21 | F18: 2.13 | G18: 81.3 | H18: 34.07 | I18: Invalid | J18: 2.24 | K18: 100.77 | L18: 14.09 | M18: 62.76 | N18: 83.3 | O18: 0 | P18: 1.19 | Q18: 8.43
A19: 01/01/2025 02:45 | B19: 41.36 | C19: 50.85 | D19: 58.36 | E19: 7.19 | F19: 2.13 | G19: 65.75 | H19: 32.82 | I19: Invalid | J19: 2.77 | K19: 108.16 | L19: 14.05 | M19: 62.16 | N19: 86 | O19: 0 | P19: 1.15 | Q19: 8.23
A20: 01/01/2025 03:00 | B20: 38.22 | C20: 50.12 | D20: 55.46 | E20: 7.08 | F20: 2.13 | G20: 58.72 | H20: 32.25 | I20: Invalid | J20: 2.32 | K20: 99.4 | L20: 14.04 | M20: 61.7 | N20: 87.7 | O20: 0 | P20: 1.1 | Q20: 8.21
... A52: 01/01/2025 11:00 | B52: 6.27 | C52: 50.84 | D52: 30.22 | E52: 5.13 | F52: 2.13 | G52: 61.84 | H52: 27.81 | I52: Invalid | J52: 1.4 | K52: 156.17 | L52: 20.48 | M52: 44.87 | N52: 544.3 | O52: 0 | P52: 0.73 | Q52: 8.21
A53: 01/01/2025 11:15 | B53: Pw.Off | C53: Pw.Off | D53: Pw.Off | E53: Pw.Off | F53: Pw.Off | G53: Pw.Off | H53: Pw.Off | I53: Pw.Off | J53: Pw.Off | K53: Pw.Off | L53: Pw.Off | M53: Pw.Off | N53: Pw.Off | O53: Pw.Off | P53: Pw.Off | Q53: Pw.Off
A54: 01/01/2025 11:30 | B54: Pw.Off | C54: Pw.Off | D54: Pw.Off | E54: Pw.Off | F54: Pw.Off | G54: Pw.Off | H54: Pw.Off | I54: Pw.Off | J54: Pw.Off | K54: Pw.Off | L54: Pw.Off | M54: Pw.Off | N54: Pw.Off | O54: Pw.Off | P54: Pw.Off | Q54: Pw.Off
A55: 01/01/2025 11:45 | B55: Pw.Off | C55: Pw.Off | D55: Pw.Off | E55: Pw.Off | F55: Pw.Off | G55: Pw.Off | H55: Pw.Off | I55: Pw.Off | J55: Pw.Off | K55: Pw.Off | L55: Pw.Off | M55: Pw.Off | N55: Pw.Off | O55: Pw.Off | P55: Pw.Off | Q55: Pw.Off
A56: 01/01/2025 12:00 | B56: Pw.Off | C56: Pw.Off | D56: Pw.Off | E56: Pw.Off | F56: Pw.Off | G56: Pw.Off | H56: Pw.Off | I56: Pw.Off | J56: Pw.Off | K56: Pw.Off | L56: Pw.Off | M56: Pw.Off | N56: Pw.Off | O56: Pw.Off | P56: Pw.Off | Q56: Pw.Off
A57: 01/01/2025 12:15 | B57: Pw.Off | C57: Pw.Off | D57: Pw.Off | E57: Pw.Off | F57: Pw.Off | G57: Pw.Off | H57: Pw.Off | I57: Pw.Off | J57: Pw.Off | K57: Pw.Off | L57: Pw.Off | M57: Pw.Off | N57: Pw.Off | O57: Pw.Off | P57: Pw.Off | Q57: Pw.Off
A58: 01/01/2025 12:30 | B58: Pw.Off | C58: Pw.Off | D58: Pw.Off | E58: Pw.Off | F58: Pw.Off | G58: Pw.Off | H58: Pw.Off | I58: Pw.Off | J58: Pw.Off | K58: Pw.Off | L58: Pw.Off | M58: Pw.Off | N58: Pw.Off | O58: Pw.Off | P58: Pw.Off | Q58: Pw.Off
A59: 01/01/2025 12:45 | B59: Pw.Off | C59: Pw.Off | D59: Pw.Off | E59: Pw.Off | F59: Pw.Off | G59: Pw.Off | H59: Pw.Off | I59: Pw.Off | J59: Pw.Off | K59: Pw.Off | L59: Pw.Off | M59: Pw.Off | N59: Pw.Off | O59: Pw.Off | P59: Pw.Off | Q59: Pw.Off
A60: 01/01/2025 13:00 | B60: Pw.Off | C60: Pw.Off | D60: Pw.Off | E60: Pw.Off | F60: Pw.Off | G60: Pw.Off | H60: Pw.Off | I60: Pw.Off | J60: Pw.Off | K60: Pw.Off | L60: Pw.Off | M60: Pw.Off | N60: Pw.Off | O60: Pw.Off | P60: Pw.Off | Q60: Pw.Off
A61: 01/01/2025 13:15 | B61: Pw.Off | C61: Pw.Off | D61: Pw.Off | E61: Pw.Off | F61: Pw.Off | G61: Pw.Off | H61: Pw.Off | I61: Pw.Off | J61: Pw.Off | K61: Pw.Off | L61: Pw.Off | M61: Pw.Off | N61: Pw.Off | O61: Pw.Off | P61: Pw.Off | Q61: Pw.Off
A62: 01/01/2025 13:30 | B62: Pw.Off | C62: Pw.Off | D62: Pw.Off | E62: Pw.Off | F62: Pw.Off | G62: Pw.Off | H62: Pw.Off | I62: Pw.Off | J62: Pw.Off | K62: Pw.Off | L62: Pw.Off | M62: Pw.Off | N62: Pw.Off | O62: Pw.Off | P62: Pw.Off | Q62: Pw.Off
A63: 01/01/2025 13:45 | B63: Pw.Off | C63: Pw.Off | D63: Pw.Off | E63: Pw.Off | F63: Pw.Off | G63: Pw.Off | H63: Pw.Off | I63: Pw.Off | J63: Pw.Off | K63: Pw.Off | L63: Pw.Off | M63: Pw.Off | N63: Pw.Off | O63: Pw.Off | P63: Pw.Off | Q63: Pw.Off
A64: 01/01/2025 14:00 | B64: Pw.Off | C64: Pw.Off | D64: Pw.Off | E64: Pw.Off | F64: Pw.Off | G64: Pw.Off | H64: Pw.Off | I64: Pw.Off | J64: Pw.Off | K64: Pw.Off | L64: Pw.Off | M64: Pw.Off | N64: Pw.Off | O64: Pw.Off | P64: Pw.Off | Q64: Pw.Off
... A104: 01/01/2025 24:00 | B104: Pw.Off | C104: Pw.Off | D104: Pw.Off | E104: Pw.Off | F104: Pw.Off | G104: Pw.Off | H104: Pw.Off | I104: Pw.Off | J104: Pw.Off | K104: Pw.Off | L104: Pw.Off | M104: Pw.Off | N104: Pw.Off | O104: Pw.Off | P104: Pw.Off | Q104: Pw.Off
A106: Min | B106: =MIN(B9:B104) -> 6.27 | C106: =MIN(C9:C104) -> 47.58 | D106: =MIN(D9:D104) -> 30.22 | E106: =MIN(E9:E104) -> 5.13 | F106: =MIN(F9:F104) -> 2.13 | G106: =MIN(G9:G104) -> 44.16 | H106: =MIN(H9:H104) -> 26.06 | I106: =MIN(I9:I104) -> 0 | ... Q106: =MIN(Q9:Q104) -> 8.21
A107: Max | B107: =MAX(B9:B104) -> 72.09 | C107: =MAX(C9:C104) -> 54.16 | D107: =MAX(D9:D104) -> 84.73 | E107: =MAX(E9:E104) -> 8.37 | F107: =MAX(F9:F104) -> 2.13 | G107: =MAX(G9:G104) -> 108.12 | H107: =MAX(H9:H104) -> 36.06 | I107: =MAX(I9:I104) -> 0 | ... Q107: =MAX(Q9:Q104) -> 9.61
A108: Avg | B108: =AVERAGE(B9:B104) -> 29.749091 | C108: =AVERAGE(C9:C104) -> 49.881591 | D108: =AVERAGE(D9:D104) -> 48.541364 | E108: =AVERAGE(E9:E104) -> 6.8454545 | F108: =AVERAGE(F9:F104) -> 2.13 | G108: =AVERAGE(G9:G104) -> 71.768182 | H108: =AVERAGE(H9:H104) -> 30.74 | I108: =AVERAGE(I9:I104) -> #DIV/0! | ... Q108: =AVERAGE(Q9:Q104) -> 8.4475
A109: Stdev | B109: =STDEV(B9:B104) -> 18.526613 | C109: =STDEV(C9:C104) -> 1.6203789 | D109: =STDEV(D9:D104) -> 15.461061 | E109: =STDEV(E9:E104) -> 0.870732 | F109: =STDEV(F9:F104) -> 4.4922336e-16 | G109: =STDEV(G9:G104) -> 15.78505 | H109: =STDEV(H9:H104) -> 3.0116418 | I109: =STDEV(I9:I104) -> #DIV/0! | ... Q109: =STDEV(Q9:Q104) -> 0.48364471
A110: Num | B110: =COUNT(B9:B104)+52 -> 96 | C110: =COUNT(C9:C104)+52 -> 96 | D110: =COUNT(D9:D104)+52 -> 96 | E110: =COUNT(E9:E104)+52 -> 96 | F110: =COUNT(F9:F104)+52 -> 96 | G110: =COUNT(G9:G104)+52 -> 96 | H110: =COUNT(H9:H104)+52 -> 96 | I110: =COUNT(I9:I104) -> 0 | J110: =COUNT(J9:J104)+52 -> 96 | K110: =COUNT(K9:K104)+52 -> 96 | L110: =COUNT(L9:L104)+52 -> 96 | M110: =COUNT(M9:M104)+52 -> 96 | N110: =COUNT(N9:N104)+52 -> 96 | O110: =COUNT(O9:O104)+52 -> 96 | P110: =COUNT(P9:P104)+52 -> 96 | Q110: =COUNT(Q9:Q104)+52 -> 96
A111: DCR | B111: =IF(B110>=87,">90%",IF(B110<=87,"<90%")) -> >90% | C111: =IF(C110>=87,">90%",IF(C110<=87,"<90%")) -> >90% | D111: =IF(D110>=87,">90%",IF(D110<=87,"<90%")) -> >90% | E111: =IF(E110>=87,">90%",IF(E110<=87,"<90%")) -> >90% | F111: =IF(F110>=87,">90%",IF(F110<=87,"<90%")) -> >90% | G111: =IF(G110>=87,">90%",IF(G110<=87,"<90%")) -> >90% | H111: =IF(H110>=87,">90%",IF(H110<=87,"<90%")) -> >90% | I111: =IF(I110>=87,">90%",IF(I110<=87,"<90%")) -> <90% | ... Q111: =IF(Q110>=87,">90%",IF(Q110<=87,"<90%")) -> >90%
A112: Status | B112: =IF(B110>=87,"OK",IF(B110<=87,"LESS")) -> OK | C112: =IF(C110>=87,"OK",IF(C110<=87,"LESS")) -> OK | D112: =IF(D110>=87,"OK",IF(D110<=87,"LESS")) -> OK | E112: =IF(E110>=87,"OK",IF(E110<=87,"LESS")) -> OK | F112: =IF(F110>=87,"OK",IF(F110<=87,"LESS")) -> OK | G112: =IF(G110>=87,"OK",IF(G110<=87,"LESS")) -> OK | H112: =IF(H110>=87,"OK",IF(H110<=87,"LESS")) -> OK | I112: =IF(I110>=87,"OK",IF(I110<=87,"LESS")) -> LESS | ... Q112: =IF(Q110>=87,"OK",IF(Q110<=87,"LESS")) -> OK
A115: Done by | B115: RK
A117: Comment

Sheet 02
A1: Station: | B1: BHATAGAON RAIPUR
A2: Date: | B2: =$A$9 -> 02/01/2025 00:15 | D2: Power Off | G2: Pw.Off | L2: Link Fail | N2: Link F | P2: Maintenance | R2: Maint.
A3: Report Type: | B3: Mean | D3: Calibration | G3: Calib. | L3: Data Fail | N3: Data F | P3: Invalid | R3: Invalid
A4: Time Base: | B4: 15 Min | D4: Zero Referrence | G4: Z.Ref | L4: Warm Up | N4: Wm. Up
A7: Date & Time | B7: NO_BHATAGAON | C7: NO2__BHATAGAON | D7: NOX_BHATAGAON | E7: SO2__BHATAGAON | F7: O3__BHATAGAON | G7: PM10__BHATAGAON | H7: PM2_5__BHATAGAON | I7: BENZ__BHATAGAON | J7: WS__BHATAGAON | K7: WD__BHATAGAON | L7: TEMP__BHATAGAON | M7: HUM__BHATAGAON | N7: SR__BHATAGAON | O7: RG__BHATAGAON | P7: CO__BHATAGAON | Q7: NH3__BHATAGAON
B8: ug/m3 | C8: ug/m3 | D8: ppb | E8: ug/m3 | F8: ug/m3 | G8: ug/m3 | H8: ug/m3 | I8: ug/m3 | J8: m/sec | K8: deg | L8: degreC | M8: % | N8: w/m2 | O8: mm | P8: mg/m3 | Q8: ug/m3
A9: 02/01/2025 00:15 | B9: 132.98 | C9: 47.92 | D9: 130.3 | E9: 8.41 | F9: 2.13 | G9: 186.39 | H9: 45.08 | I9: Invalid | J9: 0.98 | K9: 316.04 | L9: 11.01 | M9: 86.97 | N9: 97.9 | O9: 0 | P9: 2.1 | Q9: 10.29
A10: 02/01/2025 00:30 | B10: 133.76 | C10: 47.79 | D10: 130.86 | E10: 8.32 | F10: 2.13 | G10: 186.39 | H10: 45.08 | I10: Invalid | J10: 2.55 | K10: 346.84 | L10: 10.62 | M10: 91.03 | N10: 98.1 | O10: 0 | P10: 2.1 | Q10: 10.31
A11: 02/01/2025 00:45 | B11: 132.57 | C11: 47.21 | D11: 129.59 | E11: 7.88 | F11: 2.13 | G11: 157.3 | H11: 54.93 | I11: Invalid | J11: 1.63 | K11: 250.29 | L11: 10.54 | M11: 92.36 | N11: 97.7 | O11: 0 | P11: 2.08 | Q11: 10.28
A12: 02/01/2025 01:00 | B12: 130.25 | C12: 45.73 | D12: 126.96 | E12: 7.98 | F12: 2.15 | G12: 144.84 | H12: 59.15 | I12: Invalid | J12: 2.43 | K12: 334.39 | L12: 10.54 | M12: 92.85 | N12: 98.2 | O12: 0 | P12: 2.04 | Q12: 10.29
A13: 02/01/2025 01:15 | B13: 128.5 | C13: 43.39 | D13: 124.34 | E13: 8.45 | F13: 2.13 | G13: 144.84 | H13: 59.15 | I13: Invalid | J13: 2.17 | K13: 300.51 | L13: 10.18 | M13: 95.33 | N13: 98.4 | O13: 0 | P13: 1.77 | Q13: 10.25
A14: 02/01/2025 01:30 | B14: 128.67 | C14: 43.52 | D14: 124.55 | E14: 8.09 | F14: 2.13 | G14: 144.84 | H14: 59.15 | I14: Invalid | J14: 2.51 | K14: 322.3 | L14: 9.92 | M14: 97.35 | N14: 98.6 | O14: 0 | P14: 1.85 | Q14: 10.25
A15: 02/01/2025 01:45 | B15: 129.21 | C15: 43.22 | D15: 124.82 | E15: 7.88 | F15: 2.13 | G15: 136.41 | H15: 49.53 | I15: Invalid | J15: 1.17 | K15: 348.63 | L15: 9.87 | M15: 91.05 | N15: 98.3 | O15: 0 | P15: 1.81 | Q15: 10.27
A16: 02/01/2025 02:00 | B16: 126.47 | C16: 42.7 | D16: 122.35 | E16: 8.19 | F16: 2.13 | G16: 132.8 | H16: 45.18 | I16: Invalid | J16: 1.63 | K16: 58.14 | L16: 10.75 | M16: 66.94 | N16: 97.7 | O16: 0 | P16: 1.75 | Q16: 10.26
A17: 02/01/2025 02:15 | B17: 121.1 | C17: 42.57 | D17: 117.98 | E17: 7.57 | F17: 2.26 | G17: 132.8 | H17: 45.18 | I17: Invalid | J17: 0.85 | K17: 15.03 | L17: 11.31 | M17: 56.96 | N17: 98 | O17: 0 | P17: 1.69 | Q17: 10.24
A18: 02/01/2025 02:30 | B18: 114.96 | C18: 42.09 | D18: 112.8 | E18: 7.48 | F18: 2.13 | G18: 132.8 | H18: 45.18 | I18: Invalid | J18: 2.13 | K18: 237.58 | L18: 11.1 | M18: 61.34 | N18: 98.3 | O18: 0 | P18: 1.66 | Q18: 10.18
A19: 02/01/2025 02:45 | B19: 108.96 | C19: 41.92 | D19: 107.9 | E19: 6.99 | F19: 2.13 | G19: 92.59 | H19: 31.68 | I19: Invalid | J19: 2.61 | K19: 197.7 | L19: 10.8 | M19: 72.47 | N19: 98.3 | O19: 0 | P19: 1.6 | Q19: 10.14
A20: 02/01/2025 03:00 | B20: 103.97 | C20: 41.97 | D20: 103.92 | E20: 6.79 | F20: 2.13 | G20: 75.36 | H20: 25.58 | I20: Invalid | J20: 2.35 | K20: 212.8 | L20: 9.95 | M20: 89.97 | N20: 99.1 | O20: 0 | P20: 1.56 | Q20: 10.09
... A104: 02/01/2025 24:00 | B104: 100.98 | C104: 48.03 | D104: 104.69 | E104: 6.33 | F104: 2.13 | G104: 79.14 | H104: 45.07 | I104: Invalid | J104: 0.97 | K104: 339.17 | L104: 13.77 | M104: 45.36 | N104: 147.3 | O104: 0 | P104: 2.03 | Q104: 9.97
A106: Min | B106: =MIN(B9:B104) -> 3.34 | C106: =MIN(C9:C104) -> 38.11 | D106: =MIN(D9:D104) -> 34.21 | E106: =MIN(E9:E104) -> 4.65 | F106: =MIN(F9:F104) -> 2.13 | G106: =MIN(G9:G104) -> 34.91 | H106: =MIN(H9:H104) -> 0.6 | I106: =MIN(I9:I104) -> 0 | ... Q106: =MIN(Q9:Q104) -> 8.21
A107: Max | B107: =MAX(B9:B104) -> 134.33 | C107: =MAX(C9:C104) -> 74.67 | D107: =MAX(D9:D104) -> 136.27 | E107: =MAX(E9:E104) -> 12.13 | F107: =MAX(F9:F104) -> 5 | G107: =MAX(G9:G104) -> 242.04 | H107: =MAX(H9:H104) -> 65.25 | I107: =MAX(I9:I104) -> 0 | ... Q107: =MAX(Q9:Q104) -> 10.31
A108: Avg | B108: =AVERAGE(B9:B104) -> 61.586458 | C108: =AVERAGE(C9:C104) -> 53.068021 | D108: =AVERAGE(D9:D104) -> 75.7375 | E108: =AVERAGE(E9:E104) -> 7.0536458 | F108: =AVERAGE(F9:F104) -> 2.2005208 | G108: =AVERAGE(G9:G104) -> 103.9949 | H108: =AVERAGE(H9:H104) -> 32.914688 | I108: =AVERAGE(I9:I104) -> #DIV/0! | ... Q108: =AVERAGE(Q9:Q104) -> 9.1742708
A109: Stdev | B109: =STDEV(B9:B104) -> 46.401342 | C109: =STDEV(C9:C104) -> 10.736706 | D109: =STDEV(D9:D104) -> 34.504851 | E109: =STDEV(E9:E104) -> 1.7759849 | F109: =STDEV(F9:F104) -> 0.38280233 | G109: =STDEV(G9:G104) -> 55.37641 | H109: =STDEV(H9:H104) -> 17.316285 | I109: =STDEV(I9:I104) -> #DIV/0! | ... Q109: =STDEV(Q9:Q104) -> 0.87251933
A110: Num | B110: =COUNT(B9:B104) -> 96 | C110: =COUNT(C9:C104) -> 96 | D110: =COUNT(D9:D104) -> 96 | E110: =COUNT(E9:E104) -> 96 | F110: =COUNT(F9:F104) -> 96 | G110: =COUNT(G9:G104) -> 96 | H110: =COUNT(H9:H104) -> 96 | I110: =COUNT(I9:I104) -> 0 | ... Q110: =COUNT(Q9:Q104) -> 96
A111: DCR | B111: =IF(B110>=87,">90%",IF(B110<=87,"<90%")) -> >90% | C111: =IF(C110>=87,">90%",IF(C110<=87,"<90%")) -> >90% | D111: =IF(D110>=87,">90%",IF(D110<=87,"<90%")) -> >90% | E111: =IF(E110>=87,">90%",IF(E110<=87,"<90%")) -> >90% | F111: =IF(F110>=87,">90%",IF(F110<=87,"<90%")) -> >90% | G111: =IF(G110>=87,">90%",IF(G110<=87,"<90%")) -> >90% | H111: =IF(H110>=87,">90%",IF(H110<=87,"<90%")) -> >90% | I111: =IF(I110>=87,">90%",IF(I110<=87,"<90%")) -> <90% | ... Q111: =IF(Q110>=87,">90%",IF(Q110<=87,"<90%")) -> >90%
A112: Status | B112: =IF(B110>=87,"OK",IF(B110<=87,"LESS")) -> OK | C112: =IF(C110>=87,"OK",IF(C110<=87,"LESS")) -> OK | D112: =IF(D110>=87,"OK",IF(D110<=87,"LESS")) -> OK | E112: =IF(E110>=87,"OK",IF(E110<=87,"LESS")) -> OK | F112: =IF(F110>=87,"OK",IF(F110<=87,"LESS")) -> OK | G112: =IF(G110>=87,"OK",IF(G110<=87,"LESS")) -> OK | H112: =IF(H110>=87,"OK",IF(H110<=87,"LESS")) -> OK | I112: =IF(I110>=87,"OK",IF(I110<=87,"LESS")) -> LESS | ... Q112: =IF(Q110>=87,"OK",IF(Q110<=87,"LESS")) -> OK
A115: Done by | B115: RK
A117: Comment

Sheet 03
A1: Station: | B1: BHATAGAON RAIPUR
A2: Date: | B2: =$A$9 -> 03/01/2025 00:15 | D2: Power Off | G2: Pw.Off | L2: Link Fail | N2: Link F | P2: Maintenance | R2: Maint.
A3: Report Type: | B3: Mean | D3: Calibration | G3: Calib. | L3: Data Fail | N3: Data F | P3: Invalid | R3: Invalid
A4: Time Base: | B4: 15 Min | D4: Zero Referrence | G4: Z.Ref | L4: Warm Up | N4: Wm. Up
A7: Date & Time | B7: NO_BHATAGAON | C7: NO2__BHATAGAON | D7: NOX_BHATAGAON | E7: SO2__BHATAGAON | F7: O3__BHATAGAON | G7: PM10__BHATAGAON | H7: PM2_5__BHATAGAON | I7: BENZ__BHATAGAON | J7: WS__BHATAGAON | K7: WD__BHATAGAON | L7: TEMP__BHATAGAON | M7: HUM__BHATAGAON | N7: SR__BHATAGAON | O7: RG__BHATAGAON | P7: CO__BHATAGAON | Q7: NH3__BHATAGAON
B8: ug/m3 | C8: ug/m3 | D8: ppb | E8: ug/m3 | F8: ug/m3 | G8: ug/m3 | H8: ug/m3 | I8: ug/m3 | J8: m/sec | K8: deg | L8: degreC | M8: % | N8: w/m2 | O8: mm | P8: mg/m3 | Q8: ug/m3
A9: 03/01/2025 00:15 | B9: 96.43 | C9: 47.6 | D9: 100.82 | E9: 6.6 | F9: 2.13 | G9: 79.14 | H9: 45.07 | I9: Invalid | J9: 2.42 | K9: 266.13 | L9: 13.11 | M9: 50.36 | N9: 147.3 | O9: 0 | P9: 1.96 | Q9: 9.93
A10: 03/01/2025 00:30 | B10: 91.28 | C10: 47.53 | D10: 96.66 | E10: 6.63 | F10: 2.13 | G10: 79.14 | H10: 45.07 | I10: Invalid | J10: 2.26 | K10: 311.14 | L10: 12.6 | M10: 53.52 | N10: 146.9 | O10: 0 | P10: 1.88 | Q10: 9.91
A11: 03/01/2025 00:45 | B11: 86.72 | C11: 47.38 | D11: 92.92 | E11: 5.93 | F11: 2.13 | G11: 74.3 | H11: 36.8 | I11: Invalid | J11: 0.84 | K11: 38.73 | L11: 12.79 | M11: 47.74 | N11: 145.9 | O11: 0 | P11: 1.83 | Q11: 9.87
A12: 03/01/2025 01:00 | B12: 82.51 | C12: 46.73 | D12: 89.21 | E12: 6.15 | F12: 2.13 | G12: 72.22 | H12: 33.25 | I12: Invalid | J12: 0.98 | K12: 7.41 | L12: 13.26 | M12: 44.41 | N12: 146 | O12: 0 | P12: 1.75 | Q12: 9.83
A13: 03/01/2025 01:15 | B13: 77.85 | C13: 46.81 | D13: 85.51 | E13: 5.99 | F13: 2.13 | G13: 72.22 | H13: 33.25 | I13: Invalid | J13: 1.06 | K13: 312.45 | L13: 13.27 | M13: 44.04 | N13: 146.4 | O13: 0 | P13: 1.49 | Q13: 9.79
A14: 03/01/2025 01:30 | B14: 73.33 | C14: 46.86 | D14: 81.91 | E14: 5.64 | F14: 2.13 | G14: 72.22 | H14: 33.25 | I14: Invalid | J14: 1.79 | K14: 333.37 | L14: 13.17 | M14: 43.43 | N14: 146.8 | O14: 0 | P14: 1.5 | Q14: 9.77
A15: 03/01/2025 01:45 | B15: 69.47 | C15: 46.32 | D15: 78.53 | E15: 5.57 | F15: 2.13 | G15: 58.87 | H15: 19.51 | I15: Invalid | J15: 1.15 | K15: 334.49 | L15: 13.05 | M15: 44.22 | N15: 147.6 | O15: 0 | P15: 1.43 | Q15: 9.73
A16: 03/01/2025 02:00 | B16: 65.8 | C16: 45.5 | D16: 75.16 | E16: 5.08 | F16: 2.13 | G16: 53.15 | H16: 13.62 | I16: Invalid | J16: 1.34 | K16: 344.76 | L16: 12.64 | M16: 44.91 | N16: 148.2 | O16: 0 | P16: 1.32 | Q16: 9.71
A17: 03/01/2025 02:15 | B17: 62.03 | C17: 44.17 | D17: 71.45 | E17: 5.15 | F17: 2.13 | G17: 53.15 | H17: 13.62 | I17: Invalid | J17: 1.45 | K17: 9.9 | L17: 12.3 | M17: 45.67 | N17: 148.6 | O17: 0 | P17: 1.26 | Q17: 9.67
A18: 03/01/2025 02:30 | B18: 58.97 | C18: 44.11 | D18: 68.96 | E18: 5.51 | F18: 2.13 | G18: 53.15 | H18: 13.62 | I18: Invalid | J18: 2.02 | K18: 306.17 | L18: 11.9 | M18: 52.31 | N18: 148.6 | O18: 0 | P18: 1.23 | Q18: 9.63
A19: 03/01/2025 02:45 | B19: 56.4 | C19: 43.47 | D19: 66.56 | E19: 5.28 | F19: 2.13 | G19: 48.83 | H19: 13.66 | I19: Invalid | J19: 2.76 | K19: 270.73 | L19: 11.29 | M19: 55.79 | N19: 148 | O19: 0 | P19: 1.19 | Q19: 9.64
A20: 03/01/2025 03:00 | B20: 54.06 | C20: 42.52 | D20: 64.19 | E20: 4.91 | F20: 2.13 | G20: 46.98 | H20: 13.68 | I20: Invalid | J20: 2.18 | K20: 296.96 | L20: 11.24 | M20: 55.73 | N20: 147.6 | O20: 0 | P20: 1.12 | Q20: 9.64
... A104: 03/01/2025 24:00 | B104: 226.64 | C104: 50.35 | D104: 206.68 | E104: 9.39 | F104: 2.13 | G104: 224.96 | H104: 65.28 | I104: Invalid | J104: 0.9 | K104: 295.71 | L104: 12.2 | M104: 72.02 | N104: 53.5 | O104: 0 | P104: 2.29 | Q104: 10.83
A106: Min | B106: =MIN(B9:B104) -> 15.93 | C106: =MIN(C9:C104) -> 40.07 | D106: =MIN(D9:D104) -> 41.34 | E106: =MIN(E9:E104) -> 4.71 | F106: =MIN(F9:F104) -> 2.13 | G106: =MIN(G9:G104) -> 31.07 | H106: =MIN(H9:H104) -> 0.03 | I106: =MIN(I9:I104) -> 0 | ... Q106: =MIN(Q9:Q104) -> 8.34
A107: Max | B107: =MAX(B9:B104) -> 226.64 | C107: =MAX(C9:C104) -> 62.26 | D107: =MAX(D9:D104) -> 206.7 | E107: =MAX(E9:E104) -> 13.14 | F107: =MAX(F9:F104) -> 2.13 | G107: =MAX(G9:G104) -> 224.96 | H107: =MAX(H9:H104) -> 150.14 | I107: =MAX(I9:I104) -> 0 | ... Q107: =MAX(Q9:Q104) -> 10.83
A108: Avg | B108: =AVERAGE(B9:B104) -> 69.267396 | C108: =AVERAGE(C9:C104) -> 50.73625 | D108: =AVERAGE(D9:D104) -> 80.67875 | E108: =AVERAGE(E9:E104) -> 7.0464583 | F108: =AVERAGE(F9:F104) -> 2.13 | G108: =AVERAGE(G9:G104) -> 101.83896 | H108: =AVERAGE(H9:H104) -> 33.39 | I108: =AVERAGE(I9:I104) -> #DIV/0! | ... Q108: =AVERAGE(Q9:Q104) -> 9.5439583
A109: Stdev | B109: =STDEV(B9:B104) -> 52.640385 | C109: =STDEV(C9:C104) -> 7.2583005 | D109: =STDEV(D9:D104) -> 42.161371 | E109: =STDEV(E9:E104) -> 2.4419112 | F109: =STDEV(F9:F104) -> 2.6785224e-15 | G109: =STDEV(G9:G104) -> 54.277709 | H109: =STDEV(H9:H104) -> 28.101194 | I109: =STDEV(I9:I104) -> #DIV/0! | ... Q109: =STDEV(Q9:Q104) -> 0.63873473
A110: Num | B110: =COUNT(B9:B104) -> 96 | C110: =COUNT(C9:C104) -> 96 | D110: =COUNT(D9:D104) -> 96 | E110: =COUNT(E9:E104) -> 96 | F110: =COUNT(F9:F104) -> 96 | G110: =COUNT(G9:G104) -> 96 | H110: =COUNT(H9:H104) -> 96 | I110: =COUNT(I9:I104) -> 0 | ... Q110: =COUNT(Q9:Q104) -> 96
A111: DCR | B111: =IF(B110>=87,">90%",IF(B110<=87,"<90%")) -> >90% | C111: =IF(C110>=87,">90%",IF(C110<=87,"<90%")) -> >90% | D111: =IF(D110>=87,">90%",IF(D110<=87,"<90%")) -> >90% | E111: =IF(E110>=87,">90%",IF(E110<=87,"<90%")) -> >90% | F111: =IF(F110>=87,">90%",IF(F110<=87,"<90%")) -> >90% | G111: =IF(G110>=87,">90%",IF(G110<=87,"<90%")) -> >90% | H111: =IF(H110>=87,">90%",IF(H110<=87,"<90%")) -> >90% | I111: =IF(I110>=87,">90%",IF(I110<=87,"<90%")) -> <90% | ... Q111: =IF(Q110>=87,">90%",IF(Q110<=87,"<90%")) -> >90%
A112: Status | B112: =IF(B110>=87,"OK",IF(B110<=87,"LESS")) -> OK | C112: =IF(C110>=87,"OK",IF(C110<=87,"LESS")) -> OK | D112: =IF(D110>=87,"OK",IF(D110<=87,"LESS")) -> OK | E112: =IF(E110>=87,"OK",IF(E110<=87,"LESS")) -> OK | F112: =IF(F110>=87,"OK",IF(F110<=87,"LESS")) -> OK | G112: =IF(G110>=87,"OK",IF(G110<=87,"LESS")) -> OK | H112: =IF(H110>=87,"OK",IF(H110<=87,"LESS")) -> OK | I112: =IF(I110>=87,"OK",IF(I110<=87,"LESS")) -> LESS | ... Q112: =IF(Q110>=87,"OK",IF(Q110<=87,"LESS")) -> OK
A115: Done by | B115: RK
A117: Comment

Sheet 04
A1: Station: | B1: BHATAGAON RAIPUR
A2: Date: | B2: =$A$9 -> 04/01/2025 00:15 | D2: Power Off | G2: Pw.Off | L2: Link Fail | N2: Link F | P2: Maintenance | R2: Maint.
A3: Report Type: | B3: Mean | D3: Calibration | G3: Calib. | L3: Data Fail | N3: Data F | P3: Invalid | R3: Invalid
A4: Time Base: | B4: 15 Min | D4: Zero Referrence | G4: Z.Ref | L4: Warm Up | N4: Wm. Up
A7: Date & Time | B7: NO_BHATAGAON | C7: NO2__BHATAGAON | D7: NOX_BHATAGAON | E7: SO2__BHATAGAON | F7: O3__BHATAGAON | G7: PM10__BHATAGAON | H7: PM2_5__BHATAGAON | I7: BENZ__BHATAGAON | J7: WS__BHATAGAON | K7: WD__BHATAGAON | L7: TEMP__BHATAGAON | M7: HUM__BHATAGAON | N7: SR__BHATAGAON | O7: RG__BHATAGAON | P7: CO__BHATAGAON | Q7: NH3__BHATAGAON
B8: ug/m3 | C8: ug/m3 | D8: ppb | E8: ug/m3 | F8: ug/m3 | G8: ug/m3 | H8: ug/m3 | I8: ug/m3 | J8: m/sec | K8: deg | L8: degreC | M8: % | N8: w/m2 | O8: mm | P8: mg/m3 | Q8: ug/m3
A9: 04/01/2025 00:15 | B9: 223.38 | C9: 49.09 | D9: 203.41 | E9: 9.97 | F9: 2.13 | G9: 224.96 | H9: 65.28 | I9: Invalid | J9: 0.76 | K9: 222.84 | L9: 11.83 | M9: 72.23 | N9: 53.9 | O9: 0 | P9: 2.26 | Q9: 10.83
A10: 04/01/2025 00:30 | B10: 218.56 | C10: 47.67 | D10: 198.8 | E10: 9.77 | F10: 2.13 | G10: 224.96 | H10: 65.28 | I10: Invalid | J10: 0.61 | K10: 242.09 | L10: 11.39 | M10: 78.17 | N10: 53.7 | O10: 0 | P10: 2.24 | Q10: 10.82
A11: 04/01/2025 00:45 | B11: 215.03 | C11: 47.01 | D11: 195.62 | E11: 9.43 | F11: 2.13 | G11: 178.52 | H11: 53.85 | I11: Invalid | J11: 0.27 | K11: 188.65 | L11: 11.12 | M11: 78.84 | N11: 53.7 | O11: 0 | P11: 2.22 | Q11: 10.76
A12: 04/01/2025 01:00 | B12: 211.11 | C12: 45.73 | D12: 191.81 | E12: 9.34 | F12: 2.13 | G12: 158.62 | H12: 48.95 | I12: Invalid | J12: 0.61 | K12: 269.66 | L12: 11 | M12: 78.87 | N12: 53.8 | O12: 0 | P12: 2.2 | Q12: 10.7
A13: 04/01/2025 01:15 | B13: 205.03 | C13: 45.1 | D13: 186.6 | E13: 9.15 | F13: 2.13 | G13: 158.62 | H13: 48.95 | I13: Invalid | J13: 0.13 | K13: 337.29 | L13: 10.69 | M13: 77.75 | N13: 53.9 | O13: 0 | P13: 1.91 | Q13: 10.62
A14: 04/01/2025 01:30 | B14: 197.62 | C14: 44.43 | D14: 180.32 | E14: 8.8 | F14: 2.13 | G14: 158.62 | H14: 48.95 | I14: Invalid | J14: 0.37 | K14: 198.45 | L14: 10.54 | M14: 79.12 | N14: 53.6 | O14: 0 | P14: 1.97 | Q14: 10.53
A15: 04/01/2025 01:45 | B15: 189.63 | C15: 43.77 | D15: 173.56 | E15: 8.37 | F15: 2.13 | G15: 115.1 | H15: 38.7 | I15: Invalid | J15: 0.77 | K15: 280.72 | L15: 10.49 | M15: 77.55 | N15: 53.7 | O15: 0 | P15: 1.92 | Q15: 10.46
A16: 04/01/2025 02:00 | B16: 181.07 | C16: 43.36 | D16: 166.48 | E16: 7.89 | F16: 2.13 | G16: 96.45 | H16: 34.31 | I16: Invalid | J16: 0.63 | K16: 152.88 | L16: 10.28 | M16: 77 | N16: 53.7 | O16: 0 | P16: 1.87 | Q16: 10.36
A17: 04/01/2025 02:15 | B17: 172.42 | C17: 43.77 | D17: 159.76 | E17: 7.63 | F17: 2.13 | G17: 96.45 | H17: 34.31 | I17: Invalid | J17: 0.34 | K17: 196.32 | L17: 10.13 | M17: 80.2 | N17: 53.6 | O17: 0 | P17: 1.82 | Q17: 10.27
A18: 04/01/2025 02:30 | B18: 164.27 | C18: 43.81 | D18: 153.24 | E18: 7.36 | F18: 2.13 | G18: 96.45 | H18: 34.31 | I18: Invalid | J18: 0.88 | K18: 313.19 | L18: 9.93 | M18: 85.54 | N18: 53.8 | O18: 0 | P18: 1.77 | Q18: 10.17
A19: 04/01/2025 02:45 | B19: 157.49 | C19: 44.08 | D19: 147.94 | E19: 7.47 | F19: 2.13 | G19: 99.7 | H19: 35.57 | I19: Invalid | J19: 0.96 | K19: 240.8 | L19: 9.79 | M19: 86.69 | N19: 53.8 | O19: 0 | P19: 1.73 | Q19: 10.12
A20: 04/01/2025 03:00 | B20: 151.52 | C20: 44.08 | D20: 143.16 | E20: 7.76 | F20: 2.13 | G20: 101.17 | H20: 36.14 | I20: Invalid | J20: 0.86 | K20: 226.11 | L20: 9.59 | M20: 88.1 | N20: 53.8 | O20: 0 | P20: 1.67 | Q20: 10.08
... A104: 04/01/2025 24:00 | B104: 287.88 | C104: 47.59 | D104: 254.35 | E104: 10.74 | F104: 2.13 | G104: 215.06 | H104: 58.65 | I104: Invalid | J104: 1.03 | K104: 308.4 | L104: 11.32 | M104: 90.73 | N104: 52.9 | O104: 0 | P104: 2.93 | Q104: 10.97
A106: Min | B106: =MIN(B9:B104) -> 21.23 | C106: =MIN(C9:C104) -> 38.43 | D106: =MIN(D9:D104) -> 44.04 | E106: =MIN(E9:E104) -> 4.1 | F106: =MIN(F9:F104) -> 2.13 | G106: =MIN(G9:G104) -> 45.12 | H106: =MIN(H9:H104) -> 12.86 | I106: =MIN(I9:I104) -> 0 | ... Q106: =MIN(Q9:Q104) -> 8.21
A107: Max | B107: =MAX(B9:B104) -> 287.88 | C107: =MAX(C9:C104) -> 57.64 | D107: =MAX(D9:D104) -> 254.35 | E107: =MAX(E9:E104) -> 13.81 | F107: =MAX(F9:F104) -> 2.13 | G107: =MAX(G9:G104) -> 261.71 | H107: =MAX(H9:H104) -> 65.28 | I107: =MAX(I9:I104) -> 0 | ... Q107: =MAX(Q9:Q104) -> 10.97
A108: Avg | B108: =AVERAGE(B9:B104) -> 106.26854 | C108: =AVERAGE(C9:C104) -> 49.285417 | D108: =AVERAGE(D9:D104) -> 109.59844 | E108: =AVERAGE(E9:E104) -> 7.5254167 | F108: =AVERAGE(F9:F104) -> 2.13 | G108: =AVERAGE(G9:G104) -> 113.23771 | H108: =AVERAGE(H9:H104) -> 32.180833 | I108: =AVERAGE(I9:I104) -> #DIV/0! | ... Q108: =AVERAGE(Q9:Q104) -> 9.603125
A109: Stdev | B109: =STDEV(B9:B104) -> 68.963644 | C109: =STDEV(C9:C104) -> 6.4337461 | D109: =STDEV(D9:D104) -> 53.810313 | E109: =STDEV(E9:E104) -> 2.1755618 | F109: =STDEV(F9:F104) -> 2.6785224e-15 | G109: =STDEV(G9:G104) -> 59.403146 | H109: =STDEV(H9:H104) -> 13.301545 | I109: =STDEV(I9:I104) -> #DIV/0! | ... Q109: =STDEV(Q9:Q104) -> 0.75826021
A110: Num | B110: =COUNT(B9:B104) -> 96 | C110: =COUNT(C9:C104) -> 96 | D110: =COUNT(D9:D104) -> 96 | E110: =COUNT(E9:E104) -> 96 | F110: =COUNT(F9:F104) -> 96 | G110: =COUNT(G9:G104) -> 96 | H110: =COUNT(H9:H104) -> 96 | I110: =COUNT(I9:I104) -> 0 | ... Q110: =COUNT(Q9:Q104) -> 96
A111: DCR | B111: =IF(B110>=87,">90%",IF(B110<=87,"<90%")) -> >90% | C111: =IF(C110>=87,">90%",IF(C110<=87,"<90%")) -> >90% | D111: =IF(D110>=87,">90%",IF(D110<=87,"<90%")) -> >90% | E111: =IF(E110>=87,">90%",IF(E110<=87,"<90%")) -> >90% | F111: =IF(F110>=87,">90%",IF(F110<=87,"<90%")) -> >90% | G111: =IF(G110>=87,">90%",IF(G110<=87,"<90%")) -> >90% | H111: =IF(H110>=87,">90%",IF(H110<=87,"<90%")) -> >90% | I111: =IF(I110>=87,">90%",IF(I110<=87,"<90%")) -> <90% | ... Q111: =IF(Q110>=87,">90%",IF(Q110<=87,"<90%")) -> >90%
A112: Status | B112: =IF(B110>=87,"OK",IF(B110<=87,"LESS")) -> OK | C112: =IF(C110>=87,"OK",IF(C110<=87,"LESS")) -> OK | D112: =IF(D110>=87,"OK",IF(D110<=87,"LESS")) -> OK | E112: =IF(E110>=87,"OK",IF(E110<=87,"LESS")) -> OK | F112: =IF(F110>=87,"OK",IF(F110<=87,"LESS")) -> OK | G112: =IF(G110>=87,"OK",IF(G110<=87,"LESS")) -> OK | H112: =IF(H110>=87,"OK",IF(H110<=87,"LESS")) -> OK | I112: =IF(I110>=87,"OK",IF(I110<=87,"LESS")) -> LESS | ... Q112: =IF(Q110>=87,"OK",IF(Q110<=87,"LESS")) -> OK
A115: Done by | B115: RK
A117: Comment

Sheet 05
A1: Station: | B1: BHATAGAON RAIPUR
A2: Date: | B2: =$A$9 -> 05/01/2025 00:15 | D2: Power Off | G2: Pw.Off | L2: Link Fail | N2: Link F | P2: Maintenance | R2: Maint.
A3: Report Type: | B3: Mean | D3: Calibration | G3: Calib. | L3: Data Fail | N3: Data F | P3: Invalid | R3: Invalid
A4: Time Base: | B4: 15 Min | D4: Zero Referrence | G4: Z.Ref | L4: Warm Up | N4: Wm. Up
A7: Date & Time | B7: NO_BHATAGAON | C7: NO2__BHATAGAON | D7: NOX_BHATAGAON | E7: SO2__BHATAGAON | F7: O3__BHATAGAON | G7: PM10__BHATAGAON | H7: PM2_5__BHATAGAON | I7: BENZ__BHATAGAON | J7: WS__BHATAGAON | K7: WD__BHATAGAON | L7: TEMP__BHATAGAON | M7: HUM__BHATAGAON | N7: SR__BHATAGAON | O7: RG__BHATAGAON | P7: CO__BHATAGAON | Q7: NH3__BHATAGAON
B8: ug/m3 | C8: ug/m3 | D8: ppb | E8: ug/m3 | F8: ug/m3 | G8: ug/m3 | H8: ug/m3 | I8: ug/m3 | J8: m/sec | K8: deg | L8: degreC | M8: % | N8: w/m2 | O8: mm | P8: mg/m3 | Q8: ug/m3
A9: 05/01/2025 00:15 | B9: 293.81 | C9: 46.65 | D9: 258.61 | E9: 12.29 | F9: 2.13 | G9: 215.06 | H9: 58.65 | I9: Invalid | J9: 1.03 | K9: 308.71 | L9: 11.16 | M9: 86.61 | N9: 52.8 | O9: 0 | P9: 2.92 | Q9: 11.09
A10: 05/01/2025 00:30 | B10: 294.09 | C10: 46.5 | D10: 258.76 | E10: 11.43 | F10: 2.13 | G10: 215.06 | H10: 58.65 | I10: Invalid | J10: 0.91 | K10: 267.35 | L10: 11.38 | M10: 79.55 | N10: 52.6 | O10: 0 | P10: 2.91 | Q10: 11.15
A11: 05/01/2025 00:45 | B11: 289.44 | C11: 46.19 | D11: 254.86 | E11: 11.17 | F11: 2.13 | G11: 186.92 | H11: 58.91 | I11: Invalid | J11: 0.87 | K11: 260.76 | L11: 11.67 | M11: 72.3 | N11: 52.6 | O11: 0 | P11: 2.81 | Q11: 11.13
A12: 05/01/2025 01:00 | B12: 281.95 | C12: 45.31 | D12: 248.4 | E12: 11.33 | F12: 2.13 | G12: 174.46 | H12: 59.02 | I12: Invalid | J12: 1.03 | K12: 217.96 | L12: 11.76 | M12: 72.64 | N12: 52.7 | O12: 0 | P12: 2.81 | Q12: 11.1
A13: 05/01/2025 01:15 | B13: 272.69 | C13: 44.53 | D13: 240.56 | E13: 10.91 | F13: 2.13 | G13: 174.46 | H13: 59.02 | I13: Invalid | J13: 0.62 | K13: 333.18 | L13: 11.32 | M13: 77.1 | N13: 53.1 | O13: 0 | P13: 2.34 | Q13: 11.04
A14: 05/01/2025 01:30 | B14: 262.74 | C14: 44.36 | D14: 232.5 | E14: 10.71 | F14: 2.13 | G14: 174.46 | H14: 59.02 | I14: Invalid | J14: 0.59 | K14: 310.29 | L14: 10.79 | M14: 80.99 | N14: 52.9 | O14: 0 | P14: 2.38 | Q14: 11.02
A15: 05/01/2025 01:45 | B15: 253.94 | C15: 44.1 | D15: 225.31 | E15: 10.72 | F15: 2.13 | G15: 144.12 | H15: 53.19 | I15: Invalid | J15: 0.65 | K15: 275.16 | L15: 10.59 | M15: 85.4 | N15: 52.8 | O15: 0 | P15: 2.3 | Q15: 10.94
A16: 05/01/2025 02:00 | B16: 245.83 | C16: 43.17 | D16: 218.31 | E16: 10.13 | F16: 2.13 | G16: 131.12 | H16: 50.55 | I16: Invalid | J16: 1.04 | K16: 238.41 | L16: 10.47 | M16: 87.17 | N16: 52.9 | O16: 0 | P16: 2.25 | Q16: 10.85
A17: 05/01/2025 02:15 | B17: 235.67 | C17: 42.75 | D17: 209.95 | E17: 9.58 | F17: 2.13 | G17: 131.12 | H17: 50.55 | I17: Invalid | J17: 0.89 | K17: 274.36 | L17: 10.17 | M17: 89.53 | N17: 53.1 | O17: 0 | P17: 2.18 | Q17: 10.75
A18: 05/01/2025 02:30 | B18: 225.57 | C18: 42.21 | D18: 201.57 | E18: 9.47 | F18: 2.13 | G18: 131.12 | H18: 50.55 | I18: Invalid | J18: 0.46 | K18: 68.94 | L18: 9.74 | M18: 93.36 | N18: 53.1 | O18: 0 | P18: 2.09 | Q18: 10.65
A19: 05/01/2025 02:45 | B19: 216.28 | C19: 41.89 | D19: 193.95 | E19: 9.04 | F19: 2.13 | G19: 109.08 | H19: 48.03 | I19: Invalid | J19: 1 | K19: 269.03 | L19: 9.44 | M19: 96.42 | N19: 53.1 | O19: 0 | P19: 2.03 | Q19: 10.55
A20: 05/01/2025 03:00 | B20: 208.27 | C20: 42.04 | D20: 187.6 | E20: 8.94 | F20: 2.13 | G20: 99.64 | H20: 46.95 | I20: Invalid | J20: 0.61 | K20: 320.41 | L20: 9.4 | M20: 97.88 | N20: 53.1 | O20: 0 | P20: 1.96 | Q20: 10.49
... A104: 05/01/2025 24:00 | B104: 52.3 | C104: 64.23 | D104: 74.12 | E104: 6.08 | F104: 2.13 | G104: 134.12 | H104: 57.79 | I104: Invalid | J104: 1.08 | K104: 302.3 | L104: 13.51 | M104: 71.27 | N104: 106.8 | O104: 0 | P104: 1.83 | Q104: 9.38
A106: Min | B106: =MIN(B9:B104) -> 6.07 | C106: =MIN(C9:C104) -> 39.03 | D106: =MIN(D9:D104) -> 38.32 | E106: =MIN(E9:E104) -> 5.49 | F106: =MIN(F9:F104) -> 2.13 | G106: =MIN(G9:G104) -> 59.97 | H106: =MIN(H9:H104) -> 24.51 | I106: =MIN(I9:I104) -> 0 | ... Q106: =MIN(Q9:Q104) -> 8.21
A107: Max | B107: =MAX(B9:B104) -> 294.09 | C107: =MAX(C9:C104) -> 76.38 | D107: =MAX(D9:D104) -> 258.76 | E107: =MAX(E9:E104) -> 12.29 | F107: =MAX(F9:F104) -> 2.13 | G107: =MAX(G9:G104) -> 420.55 | H107: =MAX(H9:H104) -> 66.49 | I107: =MAX(I9:I104) -> 0 | ... Q107: =MAX(Q9:Q104) -> 11.15
A108: Avg | B108: =AVERAGE(B9:B104) -> 106.57 | C108: =AVERAGE(C9:C104) -> 57.460208 | D108: =AVERAGE(D9:D104) -> 114.1051 | E108: =AVERAGE(E9:E104) -> 7.9254167 | F108: =AVERAGE(F9:F104) -> 2.13 | G108: =AVERAGE(G9:G104) -> 129.45458 | H108: =AVERAGE(H9:H104) -> 40.844792 | I108: =AVERAGE(I9:I104) -> #DIV/0! | ... Q108: =AVERAGE(Q9:Q104) -> 9.5405208
A109: Stdev | B109: =STDEV(B9:B104) -> 83.885101 | C109: =STDEV(C9:C104) -> 13.0391 | D109: =STDEV(D9:D104) -> 61.269686 | E109: =STDEV(E9:E104) -> 1.4312629 | F109: =STDEV(F9:F104) -> 2.6785224e-15 | G109: =STDEV(G9:G104) -> 72.974145 | H109: =STDEV(H9:H104) -> 12.338413 | I109: =STDEV(I9:I104) -> #DIV/0! | ... Q109: =STDEV(Q9:Q104) -> 0.91458633
A110: Num | B110: =COUNT(B9:B104) -> 96 | C110: =COUNT(C9:C104) -> 96 | D110: =COUNT(D9:D104) -> 96 | E110: =COUNT(E9:E104) -> 96 | F110: =COUNT(F9:F104) -> 96 | G110: =COUNT(G9:G104) -> 96 | H110: =COUNT(H9:H104) -> 96 | I110: =COUNT(I9:I104) -> 0 | ... Q110: =COUNT(Q9:Q104) -> 96
A111: DCR | B111: =IF(B110>=87,">90%",IF(B110<=87,"<90%")) -> >90% | C111: =IF(C110>=87,">90%",IF(C110<=87,"<90%")) -> >90% | D111: =IF(D110>=87,">90%",IF(D110<=87,"<90%")) -> >90% | E111: =IF(E110>=87,">90%",IF(E110<=87,"<90%")) -> >90% | F111: =IF(F110>=87,">90%",IF(F110<=87,"<90%")) -> >90% | G111: =IF(G110>=87,">90%",IF(G110<=87,"<90%")) -> >90% | H111: =IF(H110>=87,">90%",IF(H110<=87,"<90%")) -> >90% | I111: =IF(I110>=87,">90%",IF(I110<=87,"<90%")) -> <90% | ... Q111: =IF(Q110>=87,">90%",IF(Q110<=87,"<90%")) -> >90%
A112: Status | B112: =IF(B110>=87,"OK",IF(B110<=87,"LESS")) -> OK | C112: =IF(C110>=87,"OK",IF(C110<=87,"LESS")) -> OK | D112: =IF(D110>=87,"OK",IF(D110<=87,"LESS")) -> OK | E112: =IF(E110>=87,"OK",IF(E110<=87,"LESS")) -> OK | F112: =IF(F110>=87,"OK",IF(F110<=87,"LESS")) -> OK | G112: =IF(G110>=87,"OK",IF(G110<=87,"LESS")) -> OK | H112: =IF(H110>=87,"OK",IF(H110<=87,"LESS")) -> OK | I112: =IF(I110>=87,"OK",IF(I110<=87,"LESS")) -> LESS | ... Q112: =IF(Q110>=87,"OK",IF(Q110<=87,"LESS")) -> OK
A115: Done by | B115: RK
A117: Comment

Sheet 06
A1: Station: | B1: BHATAGAON RAIPUR
A2: Date: | B2: =$A$9 -> 06/01/2025 00:15 | D2: Power Off | G2: Pw.Off | L2: Link Fail | N2: Link F | P2: Maintenance | R2: Maint.
A3: Report Type: | B3: Mean | D3: Calibration | G3: Calib. | L3: Data Fail | N3: Data F | P3: Invalid | R3: Invalid
A4: Time Base: | B4: 15 Min | D4: Zero Referrence | G4: Z.Ref | L4: Warm Up | N4: Wm. Up
A7: Date & Time | B7: NO_BHATAGAON | C7: NO2__BHATAGAON | D7: NOX_BHATAGAON | E7: SO2__BHATAGAON | F7: O3__BHATAGAON | G7: PM10__BHATAGAON | H7: PM2_5__BHATAGAON | I7: BENZ__BHATAGAON | J7: WS__BHATAGAON | K7: WD__BHATAGAON | L7: TEMP__BHATAGAON | M7: HUM__BHATAGAON | N7: SR__BHATAGAON | O7: RG__BHATAGAON | P7: CO__BHATAGAON | Q7: NH3__BHATAGAON
B8: ug/m3 | C8: ug/m3 | D8: ppb | E8: ug/m3 | F8: ug/m3 | G8: ug/m3 | H8: ug/m3 | I8: ug/m3 | J8: m/sec | K8: deg | L8: degreC | M8: % | N8: w/m2 | O8: mm | P8: mg/m3 | Q8: ug/m3
A9: 06/01/2025 00:15 | B9: 49.59 | C9: 64.32 | D9: 72 | E9: 6.94 | F9: 2.13 | G9: 134.12 | H9: 57.79 | I9: Invalid | J9: 1.06 | K9: 291.37 | L9: 12.95 | M9: 75.39 | N9: 106.5 | O9: 0 | P9: 1.8 | Q9: 9.35
A10: 06/01/2025 00:30 | B10: 47.13 | C10: 64.85 | D10: 70.3 | E10: 7.46 | F10: 2.13 | G10: 134.12 | H10: 57.79 | I10: Invalid | J10: 1.17 | K10: 333.41 | L10: 12.91 | M10: 78.97 | N10: 105.6 | O10: 0 | P10: 1.77 | Q10: 9.33
A11: 06/01/2025 00:45 | B11: 45.52 | C11: 65.06 | D11: 69.12 | E11: 7.57 | F11: 2.13 | G11: 124.61 | H11: 56.79 | I11: Invalid | J11: 0.76 | K11: 289.74 | L11: 13.35 | M11: 71.83 | N11: 105.6 | O11: 0 | P11: 1.75 | Q11: 9.33
A12: 06/01/2025 01:00 | B12: 43.13 | C12: 64.45 | D12: 66.88 | E12: 7.66 | F12: 2.13 | G12: 120.53 | H12: 56.36 | I12: Invalid | J12: 0.94 | K12: 290.07 | L12: 13.29 | M12: 72.56 | N12: 106.4 | O12: 0 | P12: 1.65 | Q12: 9.18
A13: 06/01/2025 01:15 | B13: 40.82 | C13: 63.69 | D13: 64.63 | E13: 7.03 | F13: 2.13 | G13: 120.53 | H13: 56.36 | I13: Invalid | J13: 0.33 | K13: 297.8 | L13: 12.99 | M13: 74.61 | N13: 106.5 | O13: 0 | P13: 1.51 | Q13: 8.98
A14: 06/01/2025 01:30 | B14: 38.75 | C14: 63.74 | D14: 63 | E14: 6.98 | F14: 2.13 | G14: 120.53 | H14: 56.36 | I14: Invalid | J14: 0.97 | K14: 335.2 | L14: 12.31 | M14: 81.35 | N14: 106.6 | O14: 0 | P14: 1.52 | Q14: 8.83
A15: 06/01/2025 01:45 | B15: 37.01 | C15: 63.46 | D15: 61.46 | E15: 7.03 | F15: 2.13 | G15: 128.22 | H15: 53.69 | I15: Invalid | J15: 1.11 | K15: 314.05 | L15: 11.78 | M15: 84.15 | N15: 106.4 | O15: 0 | P15: 1.49 | Q15: 8.71
A16: 06/01/2025 02:00 | B16: 35.66 | C16: 63.02 | D16: 60.15 | E16: 7 | F16: 2.13 | G16: 131.52 | H16: 52.55 | I16: Invalid | J16: 0.78 | K16: 268.53 | L16: 11.46 | M16: 86.53 | N16: 106.8 | O16: 0 | P16: 1.46 | Q16: 8.59
A17: 06/01/2025 02:15 | B17: 34.11 | C17: 61.96 | D17: 58.35 | E17: 7.23 | F17: 2.13 | G17: 131.52 | H17: 52.55 | I17: Invalid | J17: 0.3 | K17: 212.78 | L17: 11.28 | M17: 89.09 | N17: 106.7 | O17: 0 | P17: 1.43 | Q17: 8.48
A18: 06/01/2025 02:30 | B18: 32.66 | C18: 61.13 | D18: 56.75 | E18: 6.89 | F18: 2.13 | G18: 131.52 | H18: 52.55 | I18: Invalid | J18: 1.1 | K18: 319.83 | L18: 11.13 | M18: 91.97 | N18: 106.5 | O18: 0 | P18: 1.41 | Q18: 8.38
A19: 06/01/2025 02:45 | B19: 31.31 | C19: 60.3 | D19: 55.24 | E19: 6.85 | F19: 2.13 | G19: 122.31 | H19: 52.34 | I19: Invalid | J19: 1.16 | K19: 319.86 | L19: 10.91 | M19: 95.11 | N19: 106.3 | O19: 0 | P19: 1.35 | Q19: 8.26
A20: 06/01/2025 03:00 | B20: 29.97 | C20: 60.18 | D20: 54.1 | E20: 6.94 | F20: 2.13 | G20: 118.36 | H20: 52.24 | I20: Invalid | J20: 1.11 | K20: 300.16 | L20: 10.86 | M20: 97.03 | N20: 106.1 | O20: 0 | P20: 1.35 | Q20: 8.21
... A104: 06/01/2025 24:00 | B104: 74.41 | C104: 67.41 | D104: 93.52 | E104: 7.41 | F104: 2.13 | G104: 162.32 | H104: 53.59 | I104: Invalid | J104: 0.3 | K104: 245.84 | L104: 13.76 | M104: 76.64 | N104: 91.7 | O104: 0 | P104: 1.65 | Q104: 9.61
A106: Min | B106: =MIN(B9:B104) -> 1.93 | C106: =MIN(C9:C104) -> 52.04 | D106: =MIN(D9:D104) -> 28.11 | E106: =MIN(E9:E104) -> 6.52 | F106: =MIN(F9:F104) -> 2.13 | G106: =MIN(G9:G104) -> 67.03 | H106: =MIN(H9:H104) -> 38.82 | I106: =MIN(I9:I104) -> 0 | ... Q106: =MIN(Q9:Q104) -> 8.21
A107: Max | B107: =MAX(B9:B104) -> 76.85 | C107: =MAX(C9:C104) -> 79.99 | D107: =MAX(D9:D104) -> 96.03 | E107: =MAX(E9:E104) -> 15.77 | F107: =MAX(F9:F104) -> 27.21 | G107: =MAX(G9:G104) -> 207.95 | H107: =MAX(H9:H104) -> 61.23 | I107: =MAX(I9:I104) -> 0 | ... Q107: =MAX(Q9:Q104) -> 9.62
A108: Avg | B108: =AVERAGE(B9:B104) -> 29.942812 | C108: =AVERAGE(C9:C104) -> 65.447604 | D108: =AVERAGE(D9:D104) -> 56.829479 | E108: =AVERAGE(E9:E104) -> 8.3008333 | F108: =AVERAGE(F9:F104) -> 3.8686458 | G108: =AVERAGE(G9:G104) -> 127.565 | H108: =AVERAGE(H9:H104) -> 50.505937 | I108: =AVERAGE(I9:I104) -> #DIV/0! | ... Q108: =AVERAGE(Q9:Q104) -> 8.58625
A109: Stdev | B109: =STDEV(B9:B104) -> 20.829073 | C109: =STDEV(C9:C104) -> 8.9628946 | D109: =STDEV(D9:D104) -> 16.085205 | E109: =STDEV(E9:E104) -> 1.6855795 | F109: =STDEV(F9:F104) -> 4.6887187 | G109: =STDEV(G9:G104) -> 33.391623 | H109: =STDEV(H9:H104) -> 6.6877654 | I109: =STDEV(I9:I104) -> #DIV/0! | ... Q109: =STDEV(Q9:Q104) -> 0.52525132
A110: Num | B110: =COUNT(B9:B104) -> 96 | C110: =COUNT(C9:C104) -> 96 | D110: =COUNT(D9:D104) -> 96 | E110: =COUNT(E9:E104) -> 96 | F110: =COUNT(F9:F104) -> 96 | G110: =COUNT(G9:G104) -> 96 | H110: =COUNT(H9:H104) -> 96 | I110: =COUNT(I9:I104) -> 0 | ... Q110: =COUNT(Q9:Q104) -> 96
A111: DCR | B111: =IF(B110>=87,">90%",IF(B110<=87,"<90%")) -> >90% | C111: =IF(C110>=87,">90%",IF(C110<=87,"<90%")) -> >90% | D111: =IF(D110>=87,">90%",IF(D110<=87,"<90%")) -> >90% | E111: =IF(E110>=87,">90%",IF(E110<=87,"<90%")) -> >90% | F111: =IF(F110>=87,">90%",IF(F110<=87,"<90%")) -> >90% | G111: =IF(G110>=87,">90%",IF(G110<=87,"<90%")) -> >90% | H111: =IF(H110>=87,">90%",IF(H110<=87,"<90%")) -> >90% | I111: =IF(I110>=87,">90%",IF(I110<=87,"<90%")) -> <90% | ... Q111: =IF(Q110>=87,">90%",IF(Q110<=87,"<90%")) -> >90%
A112: Status | B112: =IF(B110>=87,"OK",IF(B110<=87,"LESS")) -> OK | C112: =IF(C110>=87,"OK",IF(C110<=87,"LESS")) -> OK | D112: =IF(D110>=87,"OK",IF(D110<=87,"LESS")) -> OK | E112: =IF(E110>=87,"OK",IF(E110<=87,"LESS")) -> OK | F112: =IF(F110>=87,"OK",IF(F110<=87,"LESS")) -> OK | G112: =IF(G110>=87,"OK",IF(G110<=87,"LESS")) -> OK | H112: =IF(H110>=87,"OK",IF(H110<=87,"LESS")) -> OK | I112: =IF(I110>=87,"OK",IF(I110<=87,"LESS")) -> LESS | ... Q112: =IF(Q110>=87,"OK",IF(Q110<=87,"LESS")) -> OK
A115: Done by | B115: RK
A117: Comment

Sheet 07
A1: Station: | B1: BHATAGAON RAIPUR
A2: Date: | B2: =$A$9 -> 07/01/2025 00:15 | D2: Power Off | G2: Pw.Off | L2: Link Fail | N2: Link F | P2: Maintenance | R2: Maint.
A3: Report Type: | B3: Mean | D3: Calibration | G3: Calib. | L3: Data Fail | N3: Data F | P3: Invalid | R3: Invalid
A4: Time Base: | B4: 15 Min | D4: Zero Referrence | G4: Z.Ref | L4: Warm Up | N4: Wm. Up
A7: Date & Time | B7: NO_BHATAGAON | C7: NO2__BHATAGAON | D7: NOX_BHATAGAON | E7: SO2__BHATAGAON | F7: O3__BHATAGAON | G7: PM10__BHATAGAON | H7: PM2_5__BHATAGAON | I7: BENZ__BHATAGAON | J7: WS__BHATAGAON | K7: WD__BHATAGAON | L7: TEMP__BHATAGAON | M7: HUM__BHATAGAON | N7: SR__BHATAGAON | O7: RG__BHATAGAON | P7: CO__BHATAGAON | Q7: NH3__BHATAGAON
B8: ug/m3 | C8: ug/m3 | D8: ppb | E8: ug/m3 | F8: ug/m3 | G8: ug/m3 | H8: ug/m3 | I8: ug/m3 | J8: m/sec | K8: deg | L8: degreC | M8: % | N8: w/m2 | O8: mm | P8: mg/m3 | Q8: ug/m3
A9: 07/01/2025 00:15 | B9: 69.93 | C9: 66.42 | D9: 89.4 | E9: 7.53 | F9: 2.13 | G9: 162.32 | H9: 53.59 | I9: Invalid | J9: 1.05 | K9: 304.88 | L9: 13.34 | M9: 79.87 | N9: 87.8 | O9: 0 | P9: 1.6 | Q9: 9.59
A10: 07/01/2025 00:30 | B10: 65.22 | C10: 65.34 | D10: 85.07 | E10: 7.47 | F10: 2.13 | G10: 162.32 | H10: 53.59 | I10: Invalid | J10: 0.54 | K10: 147.32 | L10: 12.88 | M10: 83.58 | N10: 96.5 | O10: 0 | P10: 1.57 | Q10: 9.51
A11: 07/01/2025 00:45 | B11: 61.24 | C11: 64.76 | D11: 81.57 | E11: 7.63 | F11: 2.13 | G11: 104.76 | H11: 51.31 | I11: Invalid | J11: 1.24 | K11: 306.99 | L11: 12.58 | M11: 86.3 | N11: 96.8 | O11: 0 | P11: 1.54 | Q11: 9.47
A12: 07/01/2025 01:00 | B12: 58.44 | C12: 64.38 | D12: 79.12 | E12: 6.83 | F12: 2.13 | G12: 80.09 | H12: 50.33 | I12: Invalid | J12: 0.88 | K12: 349.08 | L12: 12.35 | M12: 93.31 | N12: 96.6 | O12: 0 | P12: 1.51 | Q12: 9.44
A13: 07/01/2025 01:15 | B13: 55.13 | C13: 63.62 | D13: 76.07 | E13: 7.03 | F13: 2.13 | G13: 80.09 | H13: 50.33 | I13: Invalid | J13: 0.56 | K13: 319.21 | L13: 12 | M13: 92.86 | N13: 97.8 | O13: 0 | P13: 1.45 | Q13: 9.44
A14: 07/01/2025 01:30 | B14: 51.72 | C14: 63.03 | D14: 73.03 | E14: 6.94 | F14: 2.13 | G14: 80.09 | H14: 50.33 | I14: Invalid | J14: 0.13 | K14: 118.68 | L14: 11.92 | M14: 92 | N14: 107.7 | O14: 0 | P14: 1.46 | Q14: 9.42
A15: 07/01/2025 01:45 | B15: 48.59 | C15: 62.75 | D15: 70.37 | E15: 6.93 | F15: 2.13 | G15: 99 | H15: 49.73 | I15: Invalid | J15: 1.19 | K15: 324.87 | L15: 11.82 | M15: 94.96 | N15: 99.5 | O15: 0 | P15: 1.43 | Q15: 9.37
A16: 07/01/2025 02:00 | B16: 45.91 | C16: 61.06 | D16: 67.34 | E16: 7.32 | F16: 2.13 | G16: 107.11 | H16: 49.47 | I16: Invalid | J16: 1.21 | K16: 283.93 | L16: 11.6 | M16: 95.38 | N16: 102.5 | O16: 0 | P16: 1.4 | Q16: 9.19
A17: 07/01/2025 02:15 | B17: 43.31 | C17: 58.93 | D17: 64.14 | E17: 6.81 | F17: 2.13 | G17: 107.11 | H17: 49.47 | I17: Invalid | J17: 0.73 | K17: 290.68 | L17: 11.51 | M17: 94.24 | N17: 97 | O17: 0 | P17: 1.39 | Q17: 8.94
A18: 07/01/2025 02:30 | B18: 41.09 | C18: 59.11 | D18: 62.46 | E18: 6.57 | F18: 2.13 | G18: 107.11 | H18: 49.47 | I18: Invalid | J18: 0.72 | K18: 224.69 | L18: 11.67 | M18: 91.98 | N18: 100.7 | O18: 0 | P18: 1.34 | Q18: 8.76
A19: 07/01/2025 02:45 | B19: 39.06 | C19: 58.91 | D19: 60.73 | E19: 6.47 | F19: 2.13 | G19: 94.25 | H19: 49.46 | I19: Invalid | J19: 0.95 | K19: 240.93 | L19: 12.17 | M19: 88.26 | N19: 102.1 | O19: 0 | P19: 1.33 | Q19: 8.6
A20: 07/01/2025 03:00 | B20: 37.01 | C20: 58.46 | D20: 58.85 | E20: 6.71 | F20: 2.13 | G20: 88.74 | H20: 49.46 | I20: Invalid | J20: 0.65 | K20: 350.9 | L20: 12.09 | M20: 89.24 | N20: 102.5 | O20: 0 | P20: 1.29 | Q20: 8.44
... A104: 07/01/2025 24:00 | B104: 18.49 | C104: 56.18 | D104: 42.8 | E104: 6.45 | F104: 2.13 | G104: 92.39 | H104: 28.32 | I104: Invalid | J104: 2.39 | K104: 338.15 | L104: 13.06 | M104: 56.28 | N104: 55.1 | O104: 0 | P104: 0.8 | Q104: 8.21
A106: Min | B106: =MIN(B9:B104) -> 4.07 | C106: =MIN(C9:C104) -> 49.8 | D106: =MIN(D9:D104) -> 31.55 | E106: =MIN(E9:E104) -> 5.29 | F106: =MIN(F9:F104) -> 2.13 | G106: =MIN(G9:G104) -> 49.24 | H106: =MIN(H9:H104) -> 19.51 | I106: =MIN(I9:I104) -> 0 | ... Q106: =MIN(Q9:Q104) -> 8.21
A107: Max | B107: =MAX(B9:B104) -> 69.93 | C107: =MAX(C9:C104) -> 76.06 | D107: =MAX(D9:D104) -> 89.4 | E107: =MAX(E9:E104) -> 9.74 | F107: =MAX(F9:F104) -> 2.16 | G107: =MAX(G9:G104) -> 338.23 | H107: =MAX(H9:H104) -> 65.1 | I107: =MAX(I9:I104) -> 0 | ... Q107: =MAX(Q9:Q104) -> 9.59
A108: Avg | B108: =AVERAGE(B9:B104) -> 22.674271 | C108: =AVERAGE(C9:C104) -> 61.074167 | D108: =AVERAGE(D9:D104) -> 48.716146 | E108: =AVERAGE(E9:E104) -> 6.9370833 | F108: =AVERAGE(F9:F104) -> 2.1304167 | G108: =AVERAGE(G9:G104) -> 107.95938 | H108: =AVERAGE(H9:H104) -> 39.995729 | I108: =AVERAGE(I9:I104) -> #DIV/0! | ... Q108: =AVERAGE(Q9:Q104) -> 8.3321875
A109: Stdev | B109: =STDEV(B9:B104) -> 15.034199 | C109: =STDEV(C9:C104) -> 6.9211091 | D109: =STDEV(D9:D104) -> 12.410719 | E109: =STDEV(E9:E104) -> 1.1092975 | F109: =STDEV(F9:F104) -> 0.0032172779 | G109: =STDEV(G9:G104) -> 63.190981 | H109: =STDEV(H9:H104) -> 13.957463 | I109: =STDEV(I9:I104) -> #DIV/0! | ... Q109: =STDEV(Q9:Q104) -> 0.34930669
A110: Num | B110: =COUNT(B9:B104) -> 96 | C110: =COUNT(C9:C104) -> 96 | D110: =COUNT(D9:D104) -> 96 | E110: =COUNT(E9:E104) -> 96 | F110: =COUNT(F9:F104) -> 96 | G110: =COUNT(G9:G104) -> 96 | H110: =COUNT(H9:H104) -> 96 | I110: =COUNT(I9:I104) -> 0 | ... Q110: =COUNT(Q9:Q104) -> 96
A111: DCR | B111: =IF(B110>=87,">90%",IF(B110<=87,"<90%")) -> >90% | C111: =IF(C110>=87,">90%",IF(C110<=87,"<90%")) -> >90% | D111: =IF(D110>=87,">90%",IF(D110<=87,"<90%")) -> >90% | E111: =IF(E110>=87,">90%",IF(E110<=87,"<90%")) -> >90% | F111: =IF(F110>=87,">90%",IF(F110<=87,"<90%")) -> >90% | G111: =IF(G110>=87,">90%",IF(G110<=87,"<90%")) -> >90% | H111: =IF(H110>=87,">90%",IF(H110<=87,"<90%")) -> >90% | I111: =IF(I110>=87,">90%",IF(I110<=87,"<90%")) -> <90% | ... Q111: =IF(Q110>=87,">90%",IF(Q110<=87,"<90%")) -> >90%
A112: Status | B112: =IF(B110>=87,"OK",IF(B110<=87,"LESS")) -> OK | C112: =IF(C110>=87,"OK",IF(C110<=87,"LESS")) -> OK | D112: =IF(D110>=87,"OK",IF(D110<=87,"LESS")) -> OK | E112: =IF(E110>=87,"OK",IF(E110<=87,"LESS")) -> OK | F112: =IF(F110>=87,"OK",IF(F110<=87,"LESS")) -> OK | G112: =IF(G110>=87,"OK",IF(G110<=87,"LESS")) -> OK | H112: =IF(H110>=87,"OK",IF(H110<=87,"LESS")) -> OK | I112: =IF(I110>=87,"OK",IF(I110<=87,"LESS")) -> LESS | ... Q112: =IF(Q110>=87,"OK",IF(Q110<=87,"LESS")) -> OK
A115: Done by | B115: RK
A117: Comment

Sheet 08
A1: Station: | B1: BHATAGAON RAIPUR
A2: Date: | B2: =$A$9 -> 08/01/2025 00:15 | D2: Power Off | G2: Pw.Off | L2: Link Fail | N2: Link F | P2: Maintenance | R2: Maint.
A3: Report Type: | B3: Mean | D3: Calibration | G3: Calib. | L3: Data Fail | N3: Data F | P3: Invalid | R3: Invalid
A4: Time Base: | B4: 15 Min | D4: Zero Referrence | G4: Z.Ref | L4: Warm Up | N4: Wm. Up
A7: Date & Time | B7: NO_BHATAGAON | C7: NO2__BHATAGAON | D7: NOX_BHATAGAON | E7: SO2__BHATAGAON | F7: O3__BHATAGAON | G7: PM10__BHATAGAON | H7: PM2_5__BHATAGAON | I7: BENZ__BHATAGAON | J7: WS__BHATAGAON | K7: WD__BHATAGAON | L7: TEMP__BHATAGAON | M7: HUM__BHATAGAON | N7: SR__BHATAGAON | O7: RG__BHATAGAON | P7: CO__BHATAGAON | Q7: NH3__BHATAGAON
B8: ug/m3 | C8: ug/m3 | D8: ppb | E8: ug/m3 | F8: ug/m3 | G8: ug/m3 | H8: ug/m3 | I8: ug/m3 | J8: m/sec | K8: deg | L8: degreC | M8: % | N8: w/m2 | O8: mm | P8: mg/m3 | Q8: ug/m3
A9: 08/01/2025 00:15 | B9: 17.88 | C9: 55.23 | D9: 41.82 | E9: 6.32 | F9: 2.13 | G9: 92.39 | H9: 28.32 | I9: Invalid | J9: 2.57 | K9: 338.76 | L9: 12.86 | M9: 57.21 | N9: 55.2 | O9: 0 | P9: 0.77 | Q9: 8.21
A10: 08/01/2025 00:30 | B10: 17.05 | C10: 54.23 | D10: 40.63 | E10: 6.61 | F10: 2.13 | G10: 92.39 | H10: 28.32 | I10: Invalid | J10: 2.68 | K10: 336.01 | L10: 12.65 | M10: 58.03 | N10: 55.2 | O10: 0 | P10: 0.76 | Q10: 8.21
A11: 08/01/2025 00:45 | B11: 16.19 | C11: 53.77 | D11: 39.7 | E11: 6.37 | F11: 2.13 | G11: 93.9 | H11: 28.81 | I11: Invalid | J11: 2.17 | K11: 343.16 | L11: 12.33 | M11: 60.23 | N11: 55.4 | O11: 0 | P11: 0.74 | Q11: 8.21
A12: 08/01/2025 01:00 | B12: 15.8 | C12: 53.35 | D12: 39.16 | E12: 6.37 | F12: 2.13 | G12: 94.54 | H12: 29.02 | I12: Invalid | J12: 1.97 | K12: 352.94 | L12: 12.14 | M12: 61.48 | N12: 55.2 | O12: 0 | P12: 0.73 | Q12: 8.21
A13: 08/01/2025 01:15 | B13: 15.43 | C13: 52.55 | D13: 38.45 | E13: 6.42 | F13: 2.13 | G13: 94.54 | H13: 29.02 | I13: Invalid | J13: 2.37 | K13: 349.82 | L13: 12.14 | M13: 60.87 | N13: 54.9 | O13: 0 | P13: 0.71 | Q13: 8.21
A14: 08/01/2025 01:30 | B14: 14.7 | C14: 52.04 | D14: 37.6 | E14: 6.58 | F14: 2.13 | G14: 94.54 | H14: 29.02 | I14: Invalid | J14: 1.81 | K14: 350.69 | L14: 12.09 | M14: 61.21 | N14: 55.5 | O14: 0 | P14: 0.73 | Q14: 8.21
A15: 08/01/2025 01:45 | B15: 14.1 | C15: 51.59 | D15: 36.88 | E15: 6.42 | F15: 2.13 | G15: 93 | H15: 30.01 | I15: Invalid | J15: 1.51 | K15: 343.24 | L15: 11.96 | M15: 62.68 | N15: 55.4 | O15: 0 | P15: 0.73 | Q15: 8.21
A16: 08/01/2025 02:00 | B16: 13.77 | C16: 51.68 | D16: 36.67 | E16: 6.38 | F16: 2.13 | G16: 92.3 | H16: 30.43 | I16: Invalid | J16: 2 | K16: 348.6 | L16: 11.77 | M16: 63.36 | N16: 55.2 | O16: 0 | P16: 0.74 | Q16: 8.21
A17: 08/01/2025 02:15 | B17: 13.3 | C17: 51.68 | D17: 36.29 | E17: 6.21 | F17: 2.13 | G17: 92.3 | H17: 30.43 | I17: Invalid | J17: 1.62 | K17: 348.16 | L17: 11.61 | M17: 64.08 | N17: 55.5 | O17: 0 | P17: 0.75 | Q17: 8.21
A18: 08/01/2025 02:30 | B18: 12.59 | C18: 51.46 | D18: 35.6 | E18: 6.19 | F18: 2.13 | G18: 92.3 | H18: 30.43 | I18: Invalid | J18: 0.85 | K18: 25.64 | L18: 11.26 | M18: 66.31 | N18: 55.7 | O18: 0 | P18: 0.74 | Q18: 8.21
A19: 08/01/2025 02:45 | B19: 11.97 | C19: 51.29 | D19: 35.02 | E19: 5.75 | F19: 2.13 | G19: 83.18 | H19: 27.88 | I19: Invalid | J19: 0.51 | K19: 38.16 | L19: 10.87 | M19: 68.86 | N19: 55.6 | O19: 0 | P19: 0.74 | Q19: 8.21
A20: 08/01/2025 03:00 | B20: 11.61 | C20: 50.77 | D20: 34.46 | E20: 5.47 | F20: 2.13 | G20: 79.27 | H20: 26.79 | I20: Invalid | J20: 0.9 | K20: 33.36 | L20: 10.73 | M20: 70.15 | N20: 55.4 | O20: 0 | P20: 0.73 | Q20: 8.21
... A104: 08/01/2025 24:00 | B104: 155.27 | C104: 52.17 | D104: 150.4 | E104: 8.92 | F104: 2.13 | G104: 163.7 | H104: 57.43 | I104: Invalid | J104: 1.5 | K104: 282.82 | L104: 9.86 | M104: 81.03 | N104: 57.5 | O104: 0 | P104: 2.12 | Q104: 10.08
A106: Min | B106: =MIN(B9:B104) -> 3.05 | C106: =MIN(C9:C104) -> 45.2 | D106: =MIN(D9:D104) -> 31.27 | E106: =MIN(E9:E104) -> 5 | F106: =MIN(F9:F104) -> 2.13 | G106: =MIN(G9:G104) -> 44.44 | H106: =MIN(H9:H104) -> 21.1 | I106: =MIN(I9:I104) -> 0 | ... Q106: =MIN(Q9:Q104) -> 8.21
A107: Max | B107: =MAX(B9:B104) -> 175.66 | C107: =MAX(C9:C104) -> 77.41 | D107: =MAX(D9:D104) -> 172.16 | E107: =MAX(E9:E104) -> 13.06 | F107: =MAX(F9:F104) -> 5.02 | G107: =MAX(G9:G104) -> 237.2 | H107: =MAX(H9:H104) -> 57.61 | I107: =MAX(I9:I104) -> 0 | ... Q107: =MAX(Q9:Q104) -> 10.2
A108: Avg | B108: =AVERAGE(B9:B104) -> 33.159583 | C108: =AVERAGE(C9:C104) -> 59.299896 | D108: =AVERAGE(D9:D104) -> 56.196562 | E108: =AVERAGE(E9:E104) -> 7.6178125 | F108: =AVERAGE(F9:F104) -> 2.2346875 | G108: =AVERAGE(G9:G104) -> 96.172917 | H108: =AVERAGE(H9:H104) -> 31.853438 | I108: =AVERAGE(I9:I104) -> #DIV/0! | ... Q108: =AVERAGE(Q9:Q104) -> 8.5217708
A109: Stdev | B109: =STDEV(B9:B104) -> 49.296675 | C109: =STDEV(C9:C104) -> 8.591783 | D109: =STDEV(D9:D104) -> 40.138863 | E109: =STDEV(E9:E104) -> 2.3448026 | F109: =STDEV(F9:F104) -> 0.4387637 | G109: =STDEV(G9:G104) -> 57.23226 | H109: =STDEV(H9:H104) -> 9.8654815 | I109: =STDEV(I9:I104) -> #DIV/0! | ... Q109: =STDEV(Q9:Q104) -> 0.66054681
A110: Num | B110: =COUNT(B9:B104) -> 96 | C110: =COUNT(C9:C104) -> 96 | D110: =COUNT(D9:D104) -> 96 | E110: =COUNT(E9:E104) -> 96 | F110: =COUNT(F9:F104) -> 96 | G110: =COUNT(G9:G104) -> 96 | H110: =COUNT(H9:H104) -> 96 | I110: =COUNT(I9:I104) -> 0 | ... Q110: =COUNT(Q9:Q104) -> 96
A111: DCR | B111: =IF(B110>=87,">90%",IF(B110<=87,"<90%")) -> >90% | C111: =IF(C110>=87,">90%",IF(C110<=87,"<90%")) -> >90% | D111: =IF(D110>=87,">90%",IF(D110<=87,"<90%")) -> >90% | E111: =IF(E110>=87,">90%",IF(E110<=87,"<90%")) -> >90% | F111: =IF(F110>=87,">90%",IF(F110<=87,"<90%")) -> >90% | G111: =IF(G110>=87,">90%",IF(G110<=87,"<90%")) -> >90% | H111: =IF(H110>=87,">90%",IF(H110<=87,"<90%")) -> >90% | I111: =IF(I110>=87,">90%",IF(I110<=87,"<90%")) -> <90% | ... Q111: =IF(Q110>=87,">90%",IF(Q110<=87,"<90%")) -> >90%
A112: Status | B112: =IF(B110>=87,"OK",IF(B110<=87,"LESS")) -> OK | C112: =IF(C110>=87,"OK",IF(C110<=87,"LESS")) -> OK | D112: =IF(D110>=87,"OK",IF(D110<=87,"LESS")) -> OK | E112: =IF(E110>=87,"OK",IF(E110<=87,"LESS")) -> OK | F112: =IF(F110>=87,"OK",IF(F110<=87,"LESS")) -> OK | G112: =IF(G110>=87,"OK",IF(G110<=87,"LESS")) -> OK | H112: =IF(H110>=87,"OK",IF(H110<=87,"LESS")) -> OK | I112: =IF(I110>=87,"OK",IF(I110<=87,"LESS")) -> LESS | ... Q112: =IF(Q110>=87,"OK",IF(Q110<=87,"LESS")) -> OK
A115: Done by | B115: RK
A117: Comment

Sheet 09
A1: Station: | B1: BHATAGAON RAIPUR
A2: Date: | B2: =$A$9 -> 09/01/2025 00:15 | D2: Power Off | G2: Pw.Off | L2: Link Fail | N2: Link F | P2: Maintenance | R2: Maint.
A3: Report Type: | B3: Mean | D3: Calibration | G3: Calib. | L3: Data Fail | N3: Data F | P3: Invalid | R3: Invalid
A4: Time Base: | B4: 15 Min | D4: Zero Referrence | G4: Z.Ref | L4: Warm Up | N4: Wm. Up
A7: Date & Time | B7: NO_BHATAGAON | C7: NO2__BHATAGAON | D7: NOX_BHATAGAON | E7: SO2__BHATAGAON | F7: O3__BHATAGAON | G7: PM10__BHATAGAON | H7: PM2_5__BHATAGAON | I7: BENZ__BHATAGAON | J7: WS__BHATAGAON | K7: WD__BHATAGAON | L7: TEMP__BHATAGAON | M7: HUM__BHATAGAON | N7: SR__BHATAGAON | O7: RG__BHATAGAON | P7: CO__BHATAGAON | Q7: NH3__BHATAGAON
B8: ug/m3 | C8: ug/m3 | D8: ppb | E8: ug/m3 | F8: ug/m3 | G8: ug/m3 | H8: ug/m3 | I8: ug/m3 | J8: m/sec | K8: deg | L8: degreC | M8: % | N8: w/m2 | O8: mm | P8: mg/m3 | Q8: ug/m3
A9: 09/01/2025 00:15 | B9: 151.15 | C9: 51.16 | D9: 146.57 | E9: 9.02 | F9: 2.13 | G9: 163.7 | H9: 57.43 | I9: Invalid | J9: 1.43 | K9: 309.03 | L9: 9.79 | M9: 85.47 | N9: 57.4 | O9: 0 | P9: 2.1 | Q9: 10.07
A10: 09/01/2025 00:30 | B10: 146.85 | C10: 50.66 | D10: 142.86 | E10: 9.03 | F10: 2.13 | G10: 163.7 | H10: 57.43 | I10: Invalid | J10: 1.21 | K10: 279.26 | L10: 9.73 | M10: 85.07 | N10: 57.4 | O10: 0 | P10: 2.05 | Q10: 10.06
A11: 09/01/2025 00:45 | B11: 141.26 | C11: 50.08 | D11: 138.07 | E11: 8.9 | F11: 2.13 | G11: 149.73 | H11: 53.77 | I11: Invalid | J11: 1.01 | K11: 250.36 | L11: 9.8 | M11: 86.88 | N11: 57.4 | O11: 0 | P11: 2 | Q11: 10.06
A12: 09/01/2025 01:00 | B12: 135.71 | C12: 48.81 | D12: 132.95 | E12: 8.49 | F12: 2.13 | G12: 143.75 | H12: 52.2 | I12: Invalid | J12: 1.15 | K12: 287.81 | L12: 9.6 | M12: 88.31 | N12: 57.5 | O12: 0 | P12: 1.98 | Q12: 10.03
A13: 09/01/2025 01:15 | B13: 129.75 | C13: 48.02 | D13: 127.76 | E13: 8.42 | F13: 2.13 | G13: 143.75 | H13: 52.2 | I13: Invalid | J13: 0.52 | K13: 221.85 | L13: 9.88 | M13: 85.29 | N13: 56.9 | O13: 0 | P13: 1.71 | Q13: 9.99
A14: 09/01/2025 01:30 | B14: 123.7 | C14: 47.66 | D14: 122.72 | E14: 8.55 | F14: 2.13 | G14: 143.75 | H14: 52.2 | I14: Invalid | J14: 0.86 | K14: 274.63 | L14: 9.9 | M14: 84.86 | N14: 57.5 | O14: 0 | P14: 1.75 | Q14: 9.96
A15: 09/01/2025 01:45 | B15: 118.17 | C15: 48.37 | D15: 118.66 | E15: 8.16 | F15: 2.13 | G15: 129.56 | H15: 50.07 | I15: Invalid | J15: 1.09 | K15: 283.68 | L15: 9.63 | M15: 88.04 | N15: 57.7 | O15: 0 | P15: 1.73 | Q15: 9.93
A16: 09/01/2025 02:00 | B16: 113.9 | C16: 48.36 | D16: 115.23 | E16: 8.74 | F16: 2.13 | G16: 123.48 | H16: 49.16 | I16: Invalid | J16: 0.5 | K16: 270.3 | L16: 9.32 | M16: 91.79 | N16: 57.6 | O16: 0 | P16: 1.7 | Q16: 9.88
A17: 09/01/2025 02:15 | B17: 109.49 | C17: 47.77 | D17: 111.39 | E17: 8.3 | F17: 2.13 | G17: 123.48 | H17: 49.16 | I17: Invalid | J17: 0.25 | K17: 338.97 | L17: 9.36 | M17: 92.98 | N17: 57.6 | O17: 0 | P17: 1.68 | Q17: 9.81
A18: 09/01/2025 02:30 | B18: 105.34 | C18: 47.04 | D18: 107.68 | E18: 7.98 | F18: 2.13 | G18: 123.48 | H18: 49.16 | I18: Invalid | J18: 0.8 | K18: 320.39 | L18: 9.17 | M18: 95.47 | N18: 57.7 | O18: 0 | P18: 1.66 | Q18: 9.75
A19: 09/01/2025 02:45 | B19: 101.88 | C19: 46.44 | D19: 104.58 | E19: 8.13 | F19: 2.13 | G19: 133.05 | H19: 48.44 | I19: Invalid | J19: 0.77 | K19: 225.31 | L19: 9.14 | M19: 95.16 | N19: 57.8 | O19: 0 | P19: 1.64 | Q19: 9.75
A20: 09/01/2025 03:00 | B20: 98.54 | C20: 46.42 | D20: 101.9 | E20: 7.92 | F20: 2.13 | G20: 137.14 | H20: 48.13 | I20: Invalid | J20: 0.7 | K20: 325.17 | L20: 8.86 | M20: 96.49 | N20: 57.8 | O20: 0 | P20: 1.62 | Q20: 9.74
... A104: 09/01/2025 24:00 | B104: 102.32 | C104: 57.69 | D104: 110.81 | E104: 8.63 | F104: 2.13 | G104: 182.58 | H104: 45.69 | I104: Invalid | J104: 1.03 | K104: 269.34 | L104: 10.3 | M104: 79.5 | N104: 76.5 | O104: 0 | P104: 1.76 | Q104: 9.66
A106: Min | B106: =MIN(B9:B104) -> 1.93 | C106: =MIN(C9:C104) -> 40.42 | D106: =MIN(D9:D104) -> 23.94 | E106: =MIN(E9:E104) -> 5.26 | F106: =MIN(F9:F104) -> 2.13 | G106: =MIN(G9:G104) -> 44.84 | H106: =MIN(H9:H104) -> 17.72 | I106: =MIN(I9:I104) -> 0 | ... Q106: =MIN(Q9:Q104) -> 8.21
A107: Max | B107: =MAX(B9:B104) -> 151.15 | C107: =MAX(C9:C104) -> 87.93 | D107: =MAX(D9:D104) -> 146.57 | E107: =MAX(E9:E104) -> 10.37 | F107: =MAX(F9:F104) -> 14.9 | G107: =MAX(G9:G104) -> 201.67 | H107: =MAX(H9:H104) -> 63.83 | I107: =MAX(I9:I104) -> 0 | ... Q107: =MAX(Q9:Q104) -> 10.07
A108: Avg | B108: =AVERAGE(B9:B104) -> 55.630937 | C108: =AVERAGE(C9:C104) -> 55.562604 | D108: =AVERAGE(D9:D104) -> 72.264271 | E108: =AVERAGE(E9:E104) -> 7.5753125 | F108: =AVERAGE(F9:F104) -> 2.7861458 | G108: =AVERAGE(G9:G104) -> 108.90927 | H108: =AVERAGE(H9:H104) -> 38.814375 | I108: =AVERAGE(I9:I104) -> #DIV/0! | ... Q108: =AVERAGE(Q9:Q104) -> 9.0280208
A109: Stdev | B109: =STDEV(B9:B104) -> 39.239343 | C109: =STDEV(C9:C104) -> 12.390218 | D109: =STDEV(D9:D104) -> 29.348101 | E109: =STDEV(E9:E104) -> 1.247636 | F109: =STDEV(F9:F104) -> 1.9830091 | G109: =STDEV(G9:G104) -> 46.277718 | H109: =STDEV(H9:H104) -> 13.855119 | I109: =STDEV(I9:I104) -> #DIV/0! | ... Q109: =STDEV(Q9:Q104) -> 0.65850488
A110: Num | B110: =COUNT(B9:B104) -> 96 | C110: =COUNT(C9:C104) -> 96 | D110: =COUNT(D9:D104) -> 96 | E110: =COUNT(E9:E104) -> 96 | F110: =COUNT(F9:F104) -> 96 | G110: =COUNT(G9:G104) -> 96 | H110: =COUNT(H9:H104) -> 96 | I110: =COUNT(I9:I104) -> 0 | ... Q110: =COUNT(Q9:Q104) -> 96
A111: DCR | B111: =IF(B110>=87,">90%",IF(B110<=87,"<90%")) -> >90% | C111: =IF(C110>=87,">90%",IF(C110<=87,"<90%")) -> >90% | D111: =IF(D110>=87,">90%",IF(D110<=87,"<90%")) -> >90% | E111: =IF(E110>=87,">90%",IF(E110<=87,"<90%")) -> >90% | F111: =IF(F110>=87,">90%",IF(F110<=87,"<90%")) -> >90% | G111: =IF(G110>=87,">90%",IF(G110<=87,"<90%")) -> >90% | H111: =IF(H110>=87,">90%",IF(H110<=87,"<90%")) -> >90% | I111: =IF(I110>=87,">90%",IF(I110<=87,"<90%")) -> <90% | ... Q111: =IF(Q110>=87,">90%",IF(Q110<=87,"<90%")) -> >90%
A112: Status | B112: =IF(B110>=87,"OK",IF(B110<=87,"LESS")) -> OK | C112: =IF(C110>=87,"OK",IF(C110<=87,"LESS")) -> OK | D112: =IF(D110>=87,"OK",IF(D110<=87,"LESS")) -> OK | E112: =IF(E110>=87,"OK",IF(E110<=87,"LESS")) -> OK | F112: =IF(F110>=87,"OK",IF(F110<=87,"LESS")) -> OK | G112: =IF(G110>=87,"OK",IF(G110<=87,"LESS")) -> OK | H112: =IF(H110>=87,"OK",IF(H110<=87,"LESS")) -> OK | I112: =IF(I110>=87,"OK",IF(I110<=87,"LESS")) -> LESS | ... Q112: =IF(Q110>=87,"OK",IF(Q110<=87,"LESS")) -> OK
A115: Done by | B115: RK
A117: Comment

Sheet 10
A1: Station: | B1: BHATAGAON RAIPUR
A2: Date: | B2: =$A$9 -> 10/01/2025 00:15 | D2: Power Off | G2: Pw.Off | L2: Link Fail | N2: Link F | P2: Maintenance | R2: Maint.
A3: Report Type: | B3: Mean | D3: Calibration | G3: Calib. | L3: Data Fail | N3: Data F | P3: Invalid | R3: Invalid
A4: Time Base: | B4: 15 Min | D4: Zero Referrence | G4: Z.Ref | L4: Warm Up | N4: Wm. Up
A7: Date & Time | B7: NO_BHATAGAON | C7: NO2__BHATAGAON | D7: NOX_BHATAGAON | E7: SO2__BHATAGAON | F7: O3__BHATAGAON | G7: PM10__BHATAGAON | H7: PM2_5__BHATAGAON | I7: BENZ__BHATAGAON | J7: WS__BHATAGAON | K7: WD__BHATAGAON | L7: TEMP__BHATAGAON | M7: HUM__BHATAGAON | N7: SR__BHATAGAON | O7: RG__BHATAGAON | P7: CO__BHATAGAON | Q7: NH3__BHATAGAON
B8: ug/m3 | C8: ug/m3 | D8: ppb | E8: ug/m3 | F8: ug/m3 | G8: ug/m3 | H8: ug/m3 | I8: ug/m3 | J8: m/sec | K8: deg | L8: degreC | M8: % | N8: w/m2 | O8: mm | P8: mg/m3 | Q8: ug/m3
A9: 10/01/2025 00:15 | B9: 110.6 | C9: 57.11 | D9: 117.15 | E9: 10.06 | F9: 2.13 | G9: 182.58 | H9: 45.69 | I9: Invalid | J9: 1.23 | K9: 293.77 | L9: 10.26 | M9: 82.34 | N9: 76.7 | O9: 0 | P9: 1.8 | Q9: 9.72
A10: 10/01/2025 00:30 | B10: 116.02 | C10: 55.94 | D10: 120.89 | E10: 9.93 | F10: 2.13 | G10: 182.58 | H10: 45.69 | I10: Invalid | J10: 0.65 | K10: 331.03 | L10: 10.26 | M10: 85.55 | N10: 76.5 | O10: 0 | P10: 1.84 | Q10: 9.77
A11: 10/01/2025 00:45 | B11: 117.97 | C11: 54.72 | D11: 121.82 | E11: 10.14 | F11: 2.13 | G11: 176.56 | H11: 48.52 | I11: Invalid | J11: 1.12 | K11: 303.6 | L11: 10.49 | M11: 79.91 | N11: 76.4 | O11: 0 | P11: 1.86 | Q11: 9.78
A12: 10/01/2025 01:00 | B12: 117.02 | C12: 52.6 | D12: 119.95 | E12: 10.16 | F12: 2.13 | G12: 173.98 | H12: 49.73 | I12: Invalid | J12: 0.8 | K12: 338.74 | L12: 10.34 | M12: 75.59 | N12: 76.4 | O12: 0 | P12: 1.87 | Q12: 9.78
A13: 10/01/2025 01:15 | B13: 114.37 | C13: 51.57 | D13: 117.28 | E13: 9.83 | F13: 2.13 | G13: 173.98 | H13: 49.73 | I13: Invalid | J13: 1.36 | K13: 330.34 | L13: 10.39 | M13: 68.49 | N13: 76.2 | O13: 0 | P13: 1.73 | Q13: 9.84
A14: 10/01/2025 01:30 | B14: 110.78 | C14: 51.16 | D14: 114.19 | E14: 10.21 | F14: 2.13 | G14: 173.98 | H14: 49.73 | I14: Invalid | J14: 0.19 | K14: 290.87 | L14: 10.63 | M14: 63.49 | N14: 76.1 | O14: 0 | P14: 1.74 | Q14: 9.82
A15: 10/01/2025 01:45 | B15: 106.82 | C15: 50.68 | D15: 110.77 | E15: 9.73 | F15: 2.13 | G15: 128.89 | H15: 49.14 | I15: Invalid | J15: 1.64 | K15: 185.06 | L15: 10.75 | M15: 64.24 | N15: 75.6 | O15: 0 | P15: 1.75 | Q15: 9.79
A16: 10/01/2025 02:00 | B16: 102.11 | C16: 50.03 | D16: 106.65 | E16: 9.73 | F16: 2.13 | G16: 109.57 | H16: 48.89 | I16: Invalid | J16: 0.81 | K16: 331.09 | L16: 10.22 | M16: 71.47 | N16: 76.7 | O16: 0 | P16: 1.72 | Q16: 9.78
A17: 10/01/2025 02:15 | B17: 97.52 | C17: 49.35 | D17: 102.61 | E17: 9.27 | F17: 2.13 | G17: 109.57 | H17: 48.89 | I17: Invalid | J17: 0.95 | K17: 251.83 | L17: 9.74 | M17: 73.6 | N17: 76.7 | O17: 0 | P17: 1.68 | Q17: 9.77
A18: 10/01/2025 02:30 | B18: 93.19 | C18: 48.64 | D18: 98.76 | E18: 9.13 | F18: 2.13 | G18: 109.57 | H18: 48.89 | I18: Invalid | J18: 1.27 | K18: 332.85 | L18: 9.25 | M18: 78.57 | N18: 77 | O18: 0 | P18: 1.66 | Q18: 9.75
A19: 10/01/2025 02:45 | B19: 89.5 | C19: 48.07 | D19: 95.51 | E19: 8.95 | F19: 2.13 | G19: 108.06 | H19: 47.12 | I19: Invalid | J19: 1.51 | K19: 348.56 | L19: 8.75 | M19: 83.22 | N19: 77.1 | O19: 0 | P19: 1.62 | Q19: 9.72
A20: 10/01/2025 03:00 | B20: 86.24 | C20: 46.04 | D20: 91.84 | E20: 8.8 | F20: 2.13 | G20: 107.42 | H20: 46.32 | I20: Invalid | J20: 0.81 | K20: 238.4 | L20: 8.97 | M20: 80.35 | N20: 76.8 | O20: 0 | P20: 1.61 | Q20: 9.66
... A104: 10/01/2025 24:00 | B104: 43.18 | C104: 61.62 | D104: 65.45 | E104: 8.13 | F104: 2.13 | G104: 87.34 | H104: 43.93 | I104: Invalid | J104: 1.32 | K104: 278.74 | L104: 13.44 | M104: 48.72 | N104: 64.5 | O104: 0 | P104: 1.46 | Q104: 8.69
A106: Min | B106: =MIN(B9:B104) -> 3.88 | C106: =MIN(C9:C104) -> 45.2 | D106: =MIN(D9:D104) -> 29.8 | E106: =MIN(E9:E104) -> 6.18 | F106: =MIN(F9:F104) -> 2.13 | G106: =MIN(G9:G104) -> 60.25 | H106: =MIN(H9:H104) -> 26.81 | I106: =MIN(I9:I104) -> 0 | ... Q106: =MIN(Q9:Q104) -> 8.21
A107: Max | B107: =MAX(B9:B104) -> 117.97 | C107: =MAX(C9:C104) -> 66.67 | D107: =MAX(D9:D104) -> 121.82 | E107: =MAX(E9:E104) -> 10.21 | F107: =MAX(F9:F104) -> 2.13 | G107: =MAX(G9:G104) -> 182.58 | H107: =MAX(H9:H104) -> 49.73 | I107: =MAX(I9:I104) -> 0 | ... Q107: =MAX(Q9:Q104) -> 9.84
A108: Avg | B108: =AVERAGE(B9:B104) -> 47.594792 | C108: =AVERAGE(C9:C104) -> 55.336875 | D108: =AVERAGE(D9:D104) -> 65.699375 | E108: =AVERAGE(E9:E104) -> 7.9701042 | F108: =AVERAGE(F9:F104) -> 2.13 | G108: =AVERAGE(G9:G104) -> 109.28083 | H108: =AVERAGE(H9:H104) -> 39.487292 | I108: =AVERAGE(I9:I104) -> #DIV/0! | ... Q108: =AVERAGE(Q9:Q104) -> 8.8595833
A109: Stdev | B109: =STDEV(B9:B104) -> 32.814268 | C109: =STDEV(C9:C104) -> 6.9418879 | D109: =STDEV(D9:D104) -> 24.685593 | E109: =STDEV(E9:E104) -> 1.086044 | F109: =STDEV(F9:F104) -> 2.6785224e-15 | G109: =STDEV(G9:G104) -> 35.309461 | H109: =STDEV(H9:H104) -> 7.5056099 | I109: =STDEV(I9:I104) -> #DIV/0! | ... Q109: =STDEV(Q9:Q104) -> 0.6500784
A110: Num | B110: =COUNT(B9:B104) -> 96 | C110: =COUNT(C9:C104) -> 96 | D110: =COUNT(D9:D104) -> 96 | E110: =COUNT(E9:E104) -> 96 | F110: =COUNT(F9:F104) -> 96 | G110: =COUNT(G9:G104) -> 96 | H110: =COUNT(H9:H104) -> 96 | I110: =COUNT(I9:I104) -> 0 | ... P110: =COUNT(P9:P104) -> 96 | Q110: =COUNT(Q9:Q104)+2 -> 98
A111: DCR | B111: =IF(B110>=87,">90%",IF(B110<=87,"<90%")) -> >90% | C111: =IF(C110>=87,">90%",IF(C110<=87,"<90%")) -> >90% | D111: =IF(D110>=87,">90%",IF(D110<=87,"<90%")) -> >90% | E111: =IF(E110>=87,">90%",IF(E110<=87,"<90%")) -> >90% | F111: =IF(F110>=87,">90%",IF(F110<=87,"<90%")) -> >90% | G111: =IF(G110>=87,">90%",IF(G110<=87,"<90%")) -> >90% | H111: =IF(H110>=87,">90%",IF(H110<=87,"<90%")) -> >90% | I111: =IF(I110>=87,">90%",IF(I110<=87,"<90%")) -> <90% | ... Q111: =IF(Q110>=87,">90%",IF(Q110<=87,"<90%")) -> >90%
A112: Status | B112: =IF(B110>=87,"OK",IF(B110<=87,"LESS")) -> OK | C112: =IF(C110>=87,"OK",IF(C110<=87,"LESS")) -> OK | D112: =IF(D110>=87,"OK",IF(D110<=87,"LESS")) -> OK | E112: =IF(E110>=87,"OK",IF(E110<=87,"LESS")) -> OK | F112: =IF(F110>=87,"OK",IF(F110<=87,"LESS")) -> OK | G112: =IF(G110>=87,"OK",IF(G110<=87,"LESS")) -> OK | H112: =IF(H110>=87,"OK",IF(H110<=87,"LESS")) -> OK | I112: =IF(I110>=87,"OK",IF(I110<=87,"LESS")) -> LESS | ... Q112: =IF(Q110>=87,"OK",IF(Q110<=87,"LESS")) -> OK
A115: Done by | B115: RK
A117: Comment

Sheet 11
A1: Station: | B1: BHATAGAON RAIPUR
A2: Date: | B2: =$A$9 -> 11/01/2025 00:15 | D2: Power Off | G2: Pw.Off | L2: Link Fail | N2: Link F | P2: Maintenance | R2: Maint.
A3: Report Type: | B3: Mean | D3: Calibration | G3: Calib. | L3: Data Fail | N3: Data F | P3: Invalid | R3: Invalid
A4: Time Base: | B4: 15 Min | D4: Zero Referrence | G4: Z.Ref | L4: Warm Up | N4: Wm. Up
A7: Date & Time | B7: NO_BHATAGAON | C7: NO2__BHATAGAON | D7: NOX_BHATAGAON | E7: SO2__BHATAGAON | F7: O3__BHATAGAON | G7: PM10__BHATAGAON | H7: PM2_5__BHATAGAON | I7: BENZ__BHATAGAON | J7: WS__BHATAGAON | K7: WD__BHATAGAON | L7: TEMP__BHATAGAON | M7: HUM__BHATAGAON | N7: SR__BHATAGAON | O7: RG__BHATAGAON | P7: CO__BHATAGAON | Q7: NH3__BHATAGAON
B8: ug/m3 | C8: ug/m3 | D8: ppb | E8: ug/m3 | F8: ug/m3 | G8: ug/m3 | H8: ug/m3 | I8: ug/m3 | J8: m/sec | K8: deg | L8: degreC | M8: % | N8: w/m2 | O8: mm | P8: mg/m3 | Q8: ug/m3
A9: 11/01/2025 00:15 | B9: 40.54 | C9: 61.43 | D9: 63.23 | E9: 7.85 | F9: 2.13 | G9: 87.34 | H9: 43.93 | I9: Invalid | J9: 0.92 | K9: 284.52 | L9: 12.75 | M9: 52.8 | N9: 64.8 | O9: 0 | P9: 1.42 | Q9: 8.46
A10: 11/01/2025 00:30 | B10: 37.91 | C10: 60.78 | D10: 60.77 | E10: 7.51 | F10: 2.13 | G10: 87.34 | H10: 43.93 | I10: Invalid | J10: 1.47 | K10: 350.84 | L10: 12.02 | M10: 58.55 | N10: 64.9 | O10: 0 | P10: 1.39 | Q10: 8.26
A11: 11/01/2025 00:45 | B11: 35.83 | C11: 60.33 | D11: 58.87 | E11: 7.39 | F11: 2.13 | G11: 88.56 | H11: 42.64 | I11: Invalid | J11: 1.58 | K11: 304.79 | L11: 11.53 | M11: 65.42 | N11: 64.7 | O11: 0 | P11: 1.36 | Q11: 8.21
A12: 11/01/2025 01:00 | B12: 35.45 | C12: 60.07 | D12: 58.44 | E12: 7.47 | F12: 2.13 | G12: 89.11 | H12: 42.08 | I12: Invalid | J12: 1.53 | K12: 298.51 | L12: 11.1 | M12: 65.61 | N12: 64.7 | O12: 0 | P12: 1.35 | Q12: 8.21
A13: 11/01/2025 01:15 | B13: 34.83 | C13: 59.9 | D13: 57.85 | E13: 7.34 | F13: 2.13 | G13: 89.11 | H13: 42.08 | I13: Invalid | J13: 1.55 | K13: 277.5 | L13: 10.78 | M13: 62.36 | N13: 64.6 | O13: 0 | P13: 1.3 | Q13: 8.21
A14: 11/01/2025 01:30 | B14: 33.02 | C14: 59.51 | D14: 56.19 | E14: 7.18 | F14: 2.13 | G14: 89.11 | H14: 42.08 | I14: Invalid | J14: 1.03 | K14: 309.08 | L14: 10.76 | M14: 64.47 | N14: 64 | O14: 0 | P14: 1.29 | Q14: 8.21
A15: 11/01/2025 01:45 | B15: 31.05 | C15: 58.98 | D15: 54.34 | E15: 7.51 | F15: 2.13 | G15: 92.24 | H15: 41.6 | I15: Invalid | J15: 0.79 | K15: 170.13 | L15: 11.35 | M15: 60.14 | N15: 63.5 | O15: 0 | P15: 1.26 | Q15: 8.21
A16: 11/01/2025 02:00 | B16: 28.77 | C16: 57.93 | D16: 51.96 | E16: 7.37 | F16: 2.13 | G16: 93.58 | H16: 41.39 | I16: Invalid | J16: 1.32 | K16: 329.2 | L16: 11.67 | M16: 63.03 | N16: 64.2 | O16: 0 | P16: 1.21 | Q16: 8.21
A17: 11/01/2025 02:15 | B17: 26.81 | C17: 56.08 | D17: 49.43 | E17: 7.45 | F17: 2.13 | G17: 93.58 | H17: 41.39 | I17: Invalid | J17: 1.59 | K17: 299.68 | L17: 11.1 | M17: 77.29 | N17: 64.8 | O17: 0 | P17: 1.21 | Q17: 8.21
A18: 11/01/2025 02:30 | B18: 25.36 | C18: 55.39 | D18: 47.89 | E18: 7.45 | F18: 2.13 | G18: 93.58 | H18: 41.39 | I18: Invalid | J18: 0.49 | K18: 21.58 | L18: 10.86 | M18: 70.18 | N18: 64.3 | O18: 0 | P18: 1.16 | Q18: 8.21
A19: 11/01/2025 02:45 | B19: 24.09 | C19: 54.28 | D19: 46.3 | E19: 7.23 | F19: 2.13 | G19: 93.78 | H19: 40.71 | I19: Invalid | J19: 1.59 | K19: 269.94 | L19: 10.83 | M19: 69.34 | N19: 64.6 | O19: 0 | P19: 1.15 | Q19: 8.21
A20: 11/01/2025 03:00 | B20: 22.93 | C20: 53.35 | D20: 44.89 | E20: 7.09 | F20: 2.13 | G20: 93.86 | H20: 40.41 | I20: Invalid | J20: 1.23 | K20: 222.87 | L20: 10.58 | M20: 70.39 | N20: 64.4 | O20: 0 | P20: 1.13 | Q20: 8.21
... A104: 11/01/2025 24:00 | B104: 74.83 | C104: 54.48 | D104: 87.1 | E104: 7.82 | F104: 2.13 | G104: 108.12 | H104: 33.38 | I104: Invalid | J104: 1.65 | K104: 82.21 | L104: 13.91 | M104: 69.08 | N104: 72.3 | O104: 0 | P104: 1.6 | Q104: 9.64
A106: Min | B106: =MIN(B9:B104) -> 3.5 | C106: =MIN(C9:C104) -> 42.94 | D106: =MIN(D9:D104) -> 25.36 | E106: =MIN(E9:E104) -> 4.41 | F106: =MIN(F9:F104) -> 2.13 | G106: =MIN(G9:G104) -> 39.92 | H106: =MIN(H9:H104) -> 22.06 | I106: =MIN(I9:I104) -> 0 | ... Q106: =MIN(Q9:Q104) -> 0
A107: Max | B107: =MAX(B9:B104) -> 101.42 | C107: =MAX(C9:C104) -> 63.15 | D107: =MAX(D9:D104) -> 104.22 | E107: =MAX(E9:E104) -> 10.62 | F107: =MAX(F9:F104) -> 2.13 | G107: =MAX(G9:G104) -> 173.35 | H107: =MAX(H9:H104) -> 53.64 | I107: =MAX(I9:I104) -> 0 | ... Q107: =MAX(Q9:Q104) -> 9.79
A108: Avg | B108: =AVERAGE(B9:B104) -> 43.140833 | C108: =AVERAGE(C9:C104) -> 53.967396 | D108: =AVERAGE(D9:D104) -> 61.414896 | E108: =AVERAGE(E9:E104) -> 7.2064583 | F108: =AVERAGE(F9:F104) -> 2.13 | G108: =AVERAGE(G9:G104) -> 98.897292 | H108: =AVERAGE(H9:H104) -> 37.072812 | I108: =AVERAGE(I9:I104) -> #DIV/0! | ... Q108: =AVERAGE(Q9:Q104) -> 8.5578125
A109: Stdev | B109: =STDEV(B9:B104) -> 29.596327 | C109: =STDEV(C9:C104) -> 6.0941667 | D109: =STDEV(D9:D104) -> 23.404584 | E109: =STDEV(E9:E104) -> 1.3998225 | F109: =STDEV(F9:F104) -> 2.6785224e-15 | G109: =STDEV(G9:G104) -> 38.290608 | H109: =STDEV(H9:H104) -> 9.6256808 | I109: =STDEV(I9:I104) -> #DIV/0! | ... Q109: =STDEV(Q9:Q104) -> 1.4095988
A110: Num | B110: =COUNT(B9:B104) -> 96 | C110: =COUNT(C9:C104) -> 96 | D110: =COUNT(D9:D104) -> 96 | E110: =COUNT(E9:E104) -> 96 | F110: =COUNT(F9:F104) -> 96 | G110: =COUNT(G9:G104) -> 96 | H110: =COUNT(H9:H104) -> 96 | I110: =COUNT(I9:I104) -> 0 | ... Q110: =COUNT(Q9:Q104) -> 96
A111: DCR | B111: =IF(B110>=87,">90%",IF(B110<=87,"<90%")) -> >90% | C111: =IF(C110>=87,">90%",IF(C110<=87,"<90%")) -> >90% | D111: =IF(D110>=87,">90%",IF(D110<=87,"<90%")) -> >90% | E111: =IF(E110>=87,">90%",IF(E110<=87,"<90%")) -> >90% | F111: =IF(F110>=87,">90%",IF(F110<=87,"<90%")) -> >90% | G111: =IF(G110>=87,">90%",IF(G110<=87,"<90%")) -> >90% | H111: =IF(H110>=87,">90%",IF(H110<=87,"<90%")) -> >90% | I111: =IF(I110>=87,">90%",IF(I110<=87,"<90%")) -> <90% | ... Q111: =IF(Q110>=87,">90%",IF(Q110<=87,"<90%")) -> >90%
A112: Status | B112: =IF(B110>=87,"OK",IF(B110<=87,"LESS")) -> OK | C112: =IF(C110>=87,"OK",IF(C110<=87,"LESS")) -> OK | D112: =IF(D110>=87,"OK",IF(D110<=87,"LESS")) -> OK | E112: =IF(E110>=87,"OK",IF(E110<=87,"LESS")) -> OK | F112: =IF(F110>=87,"OK",IF(F110<=87,"LESS")) -> OK | G112: =IF(G110>=87,"OK",IF(G110<=87,"LESS")) -> OK | H112: =IF(H110>=87,"OK",IF(H110<=87,"LESS")) -> OK | I112: =IF(I110>=87,"OK",IF(I110<=87,"LESS")) -> LESS | ... Q112: =IF(Q110>=87,"OK",IF(Q110<=87,"LESS")) -> OK
A115: Done by | B115: RK
A117: Comment

Sheet 12
A1: Station: | B1: BHATAGAON RAIPUR
A2: Date: | B2: =$A$9 -> 12/01/2025 00:15 | D2: Power Off | G2: Pw.Off | L2: Link Fail | N2: Link F | P2: Maintenance | R2: Maint.
A3: Report Type: | B3: Mean | D3: Calibration | G3: Calib. | L3: Data Fail | N3: Data F | P3: Invalid | R3: Invalid
A4: Time Base: | B4: 15 Min | D4: Zero Referrence | G4: Z.Ref | L4: Warm Up | N4: Wm. Up
A7: Date & Time | B7: NO_BHATAGAON | C7: NO2__BHATAGAON | D7: NOX_BHATAGAON | E7: SO2__BHATAGAON | F7: O3__BHATAGAON | G7: PM10__BHATAGAON | H7: PM2_5__BHATAGAON | I7: BENZ__BHATAGAON | J7: WS__BHATAGAON | K7: WD__BHATAGAON | L7: TEMP__BHATAGAON | M7: HUM__BHATAGAON | N7: SR__BHATAGAON | O7: RG__BHATAGAON | P7: CO__BHATAGAON | Q7: NH3__BHATAGAON
B8: ug/m3 | C8: ug/m3 | D8: ppb | E8: ug/m3 | F8: ug/m3 | G8: ug/m3 | H8: ug/m3 | I8: ug/m3 | J8: m/sec | K8: deg | L8: degreC | M8: % | N8: w/m2 | O8: mm | P8: mg/m3 | Q8: ug/m3
A9: 12/01/2025 00:15 | B9: 72.09 | C9: 54.16 | D9: 84.73 | E9: 8.03 | F9: 2.13 | G9: 108.12 | H9: 33.38 | I9: Invalid | J9: 1.42 | K9: 56.29 | L9: 13.72 | M9: 69.27 | N9: 80.7 | O9: 0 | P9: 1.54 | Q9: 9.61
A10: 12/01/2025 00:30 | B10: 69.21 | C10: 53.03 | D10: 81.83 | E10: 8.21 | F10: 2.13 | G10: 108.12 | H10: 33.38 | I10: Invalid | J10: 0.33 | K10: 24.58 | L10: 13.56 | M10: 70.82 | N10: 84.5 | O10: 0 | P10: 1.51 | Q10: 9.59
A11: 12/01/2025 00:45 | B11: 66.95 | C11: 53.09 | D11: 80.05 | E11: 8.23 | F11: 2.13 | G11: 93.45 | H11: 35.8 | I11: Invalid | J11: 0.77 | K11: 286.95 | L11: 13.15 | M11: 75.91 | N11: 82.8 | O11: 0 | P11: 1.58 | Q11: 9.57
A12: 12/01/2025 01:00 | B12: 64.97 | C12: 52.6 | D12: 78.21 | E12: 8.37 | F12: 2.13 | G12: 91.82 | H12: 36.06 | I12: Invalid | J12: 1.37 | K12: 301.73 | L12: 12.84 | M12: 83.36 | N12: 83.2 | O12: 0 | P12: 1.5 | Q12: 9.57
A13: 12/01/2025 01:15 | B13: 62.45 | C13: 52.15 | D13: 75.95 | E13: 8.16 | F13: 2.13 | G13: 91.82 | H13: 36.06 | I13: Invalid | J13: 1.07 | K13: 267.24 | L13: 12.94 | M13: 75.3 | N13: 84.8 | O13: 0 | P13: 1.39 | Q13: 9.54
A14: 12/01/2025 01:30 | B14: 58.96 | C14: 51.74 | D14: 72.94 | E14: 7.93 | F14: 2.13 | G14: 91.82 | H14: 36.06 | I14: Invalid | J14: 0.69 | K14: 120.69 | L14: 13.43 | M14: 68.93 | N14: 84 | O14: 0 | P14: 1.37 | Q14: 9.42
A15: 12/01/2025 01:45 | B15: 55.45 | C15: 51.3 | D15: 69.89 | E15: 7.49 | F15: 2.13 | G15: 84.46 | H15: 34.69 | I15: Invalid | J15: 1.85 | K15: 99.55 | L15: 14.12 | M15: 63.16 | N15: 87 | O15: 0 | P15: 1.32 | Q15: 9.18
A16: 12/01/2025 02:00 | B16: 51.84 | C16: 51.16 | D16: 66.92 | E16: 7.68 | F16: 2.13 | G16: 81.3 | H16: 34.07 | I16: Invalid | J16: 2.6 | K16: 99.34 | L16: 14.19 | M16: 62.25 | N16: 87.5 | O16: 0 | P16: 1.28 | Q16: 8.94
A17: 12/01/2025 02:15 | B17: 47.97 | C17: 50.99 | D17: 63.73 | E17: 7.42 | F17: 2.13 | G17: 81.3 | H17: 34.07 | I17: Invalid | J17: 2.68 | K17: 104.02 | L17: 14.17 | M17: 62.21 | N17: 82.7 | O17: 0 | P17: 1.23 | Q17: 8.68
A18: 12/01/2025 02:30 | B18: 44.46 | C18: 51.09 | D18: 60.97 | E18: 7.21 | F18: 2.13 | G18: 81.3 | H18: 34.07 | I18: Invalid | J18: 2.24 | K18: 100.77 | L18: 14.09 | M18: 62.76 | N18: 83.3 | O18: 0 | P18: 1.19 | Q18: 8.43
A19: 12/01/2025 02:45 | B19: 41.36 | C19: 50.85 | D19: 58.36 | E19: 7.19 | F19: 2.13 | G19: 65.75 | H19: 32.82 | I19: Invalid | J19: 2.77 | K19: 108.16 | L19: 14.05 | M19: 62.16 | N19: 86 | O19: 0 | P19: 1.15 | Q19: 8.23
A20: 12/01/2025 03:00 | B20: 38.22 | C20: 50.12 | D20: 55.46 | E20: 7.08 | F20: 2.13 | G20: 58.72 | H20: 32.25 | I20: Invalid | J20: 2.32 | K20: 99.4 | L20: 14.04 | M20: 61.7 | N20: 87.7 | O20: 0 | P20: 1.1 | Q20: 8.21
... A104: 12/01/2025 24:00 | B104: 45.87 | C104: 59.92 | D104: 66.71 | E104: 6.39 | F104: 2.13 | G104: 136.37 | H104: 48.84 | I104: Invalid | J104: 1.09 | K104: 16.73 | L104: 15.19 | M104: 73.64 | N104: 95.3 | O104: 0 | P104: 1.68 | Q104: 8.6
A106: Min | B106: =MIN(B9:B104) -> 3.08 | C106: =MIN(C9:C104) -> 47.58 | D106: =MIN(D9:D104) -> 0 | E106: =MIN(E9:E104) -> 0 | F106: =MIN(F9:F104) -> 2.13 | G106: =MIN(G9:G104) -> 0 | H106: =MIN(H9:H104) -> 0 | I106: =MIN(I9:I104) -> 0 | ... Q106: =MIN(Q9:Q104) -> 8.21
A107: Max | B107: =MAX(B9:B104) -> 72.09 | C107: =MAX(C9:C104) -> 63.61 | D107: =MAX(D9:D104) -> 84.73 | E107: =MAX(E9:E104) -> 9.69 | F107: =MAX(F9:F104) -> 2.18 | G107: =MAX(G9:G104) -> 156.75 | H107: =MAX(H9:H104) -> 52.54 | I107: =MAX(I9:I104) -> 0 | ... Q107: =MAX(Q9:Q104) -> 9.61
A108: Avg | B108: =AVERAGE(B9:B104) -> 21.736042 | C108: =AVERAGE(C9:C104) -> 54.005521 | D108: =AVERAGE(D9:D104) -> 43.963646 | E108: =AVERAGE(E9:E104) -> 7.19625 | F108: =AVERAGE(F9:F104) -> 2.1307292 | G108: =AVERAGE(G9:G104) -> 84.350312 | H108: =AVERAGE(H9:H104) -> 33.135104 | I108: =AVERAGE(I9:I104) -> #DIV/0! | ... Q108: =AVERAGE(Q9:Q104) -> 8.3627083
A109: Stdev | B109: =STDEV(B9:B104) -> 18.861468 | C109: =STDEV(C9:C104) -> 5.2531316 | D109: =STDEV(D9:D104) -> 16.237978 | E109: =STDEV(E9:E104) -> 1.4353384 | F109: =STDEV(F9:F104) -> 0.0054762245 | G109: =STDEV(G9:G104) -> 30.939715 | H109: =STDEV(H9:H104) -> 8.4264283 | I109: =STDEV(I9:I104) -> #DIV/0! | ... Q109: =STDEV(Q9:Q104) -> 0.37159253
A110: Num | B110: =COUNT(B9:B104) -> 96 | C110: =COUNT(C9:C104) -> 96 | D110: =COUNT(D9:D104) -> 96 | E110: =COUNT(E9:E104) -> 96 | F110: =COUNT(F9:F104) -> 96 | G110: =COUNT(G9:G104) -> 96 | H110: =COUNT(H9:H104) -> 96 | I110: =COUNT(I9:I104) -> 0 | ... Q110: =COUNT(Q9:Q104) -> 96
A111: DCR | B111: =IF(B110>=87,">90%",IF(B110<=87,"<90%")) -> >90% | C111: =IF(C110>=87,">90%",IF(C110<=87,"<90%")) -> >90% | D111: =IF(D110>=87,">90%",IF(D110<=87,"<90%")) -> >90% | E111: =IF(E110>=87,">90%",IF(E110<=87,"<90%")) -> >90% | F111: =IF(F110>=87,">90%",IF(F110<=87,"<90%")) -> >90% | G111: =IF(G110>=87,">90%",IF(G110<=87,"<90%")) -> >90% | H111: =IF(H110>=87,">90%",IF(H110<=87,"<90%")) -> >90% | I111: =IF(I110>=87,">90%",IF(I110<=87,"<90%")) -> <90% | ... Q111: =IF(Q110>=87,">90%",IF(Q110<=87,"<90%")) -> >90%
A112: Status | B112: =IF(B110>=87,"OK",IF(B110<=87,"LESS")) -> OK | C112: =IF(C110>=87,"OK",IF(C110<=87,"LESS")) -> OK | D112: =IF(D110>=87,"OK",IF(D110<=87,"LESS")) -> OK | E112: =IF(E110>=87,"OK",IF(E110<=87,"LESS")) -> OK | F112: =IF(F110>=87,"OK",IF(F110<=87,"LESS")) -> OK | G112: =IF(G110>=87,"OK",IF(G110<=87,"LESS")) -> OK | H112: =IF(H110>=87,"OK",IF(H110<=87,"LESS")) -> OK | I112: =IF(I110>=87,"OK",IF(I110<=87,"LESS")) -> LESS | ... Q112: =IF(Q110>=87,"OK",IF(Q110<=87,"LESS")) -> OK
A115: Done by | B115: RK
A117: Comment

Sheet 13
A1: Station: | B1: BHATAGAON RAIPUR
A2: Date: | B2: =$A$9 -> 13/01/2025 00:15 | D2: Power Off | G2: Pw.Off | L2: Link Fail | N2: Link F | P2: Maintenance | R2: Maint.
A3: Report Type: | B3: Mean | D3: Calibration | G3: Calib. | L3: Data Fail | N3: Data F | P3: Invalid | R3: Invalid
A4: Time Base: | B4: 15 Min | D4: Zero Referrence | G4: Z.Ref | L4: Warm Up | N4: Wm. Up
A7: Date & Time | B7: NO_BHATAGAON | C7: NO2__BHATAGAON | D7: NOX_BHATAGAON | E7: SO2__BHATAGAON | F7: O3__BHATAGAON | G7: PM10__BHATAGAON | H7: PM2_5__BHATAGAON | I7: BENZ__BHATAGAON | J7: WS__BHATAGAON | K7: WD__BHATAGAON | L7: TEMP__BHATAGAON | M7: HUM__BHATAGAON | N7: SR__BHATAGAON | O7: RG__BHATAGAON | P7: CO__BHATAGAON | Q7: NH3__BHATAGAON
B8: ug/m3 | C8: ug/m3 | D8: ppb | E8: ug/m3 | F8: ug/m3 | G8: ug/m3 | H8: ug/m3 | I8: ug/m3 | J8: m/sec | K8: deg | L8: degreC | M8: % | N8: w/m2 | O8: mm | P8: mg/m3 | Q8: ug/m3
A9: 13/01/2025 00:15 | B9: 44.37 | C9: 59.61 | D9: 65.35 | E9: 7.01 | F9: 2.13 | G9: 136.37 | H9: 48.84 | I9: Invalid | J9: 0.88 | K9: 194.22 | L9: 15.01 | M9: 73.63 | N9: 101 | O9: 0 | P9: 1.68 | Q9: 8.47
A10: 13/01/2025 00:30 | B10: 42.71 | C10: 59.14 | D10: 63.77 | E10: 7.08 | F10: 2.13 | G10: 136.37 | H10: 48.84 | I10: Invalid | J10: 1.7 | K10: 99.89 | L10: 14.93 | M10: 72.41 | N10: 88.8 | O10: 0 | P10: 1.56 | Q10: 8.36
A11: 13/01/2025 00:45 | B11: 41.01 | C11: 58.67 | D11: 62.16 | E11: 7.1 | F11: 2.13 | G11: 126.27 | H11: 49.28 | I11: Invalid | J11: 0.89 | K11: 320.18 | L11: 14.88 | M11: 71.8 | N11: 93.4 | O11: 0 | P11: 1.6 | Q11: 8.26
A12: 13/01/2025 01:00 | B12: 39.34 | C12: 57.84 | D12: 60.39 | E12: 6.43 | F12: 2.13 | G12: 121.93 | H12: 49.47 | I12: Invalid | J12: 1.69 | K12: 322.03 | L12: 14.93 | M12: 70.82 | N12: 95.4 | O12: 0 | P12: 1.48 | Q12: 8.21
A13: 13/01/2025 01:15 | B13: 37.28 | C13: 56.96 | D13: 58.28 | E13: 6.52 | F13: 2.13 | G13: 121.93 | H13: 49.47 | I13: Invalid | J13: 0.87 | K13: 314.59 | L13: 14.84 | M13: 71.43 | N13: 99.4 | O13: 0 | P13: 1.39 | Q13: 8.21
A14: 13/01/2025 01:30 | B14: 34.95 | C14: 55.9 | D14: 55.86 | E14: 6.45 | F14: 2.13 | G14: 121.93 | H14: 49.47 | I14: Invalid | J14: 0.8 | K14: 348.18 | L14: 14.82 | M14: 71.52 | N14: 93.8 | O14: 0 | P14: 1.4 | Q14: 8.21
A15: 13/01/2025 01:45 | B15: 32.71 | C15: 56.16 | D15: 54.2 | E15: 6.49 | F15: 2.13 | G15: 105.37 | H15: 44.73 | I15: Invalid | J15: 1.2 | K15: 324.31 | L15: 14.66 | M15: 72.91 | N15: 98 | O15: 0 | P15: 1.46 | Q15: 8.21
A16: 13/01/2025 02:00 | B16: 30.68 | C16: 55.86 | D16: 52.41 | E16: 7.03 | F16: 2.13 | G16: 97.89 | H16: 42.6 | I16: Invalid | J16: 1.88 | K16: 349.87 | L16: 14.55 | M16: 73.4 | N16: 89 | O16: 0 | P16: 1.42 | Q16: 8.21
A17: 13/01/2025 02:15 | B17: 28.39 | C17: 55.26 | D17: 50.26 | E17: 7.51 | F17: 2.13 | G17: 97.89 | H17: 42.6 | I17: Invalid | J17: 2.4 | K17: 344.23 | L17: 14.39 | M17: 74.5 | N17: 95 | O17: 0 | P17: 1.36 | Q17: 8.21
A18: 13/01/2025 02:30 | B18: 25.96 | C18: 54.63 | D18: 47.98 | E18: 6.98 | F18: 2.13 | G18: 97.89 | H18: 42.6 | I18: Invalid | J18: 2.81 | K18: 349.26 | L18: 14.36 | M18: 74.36 | N18: 102.9 | O18: 0 | P18: 1.32 | Q18: 8.21
A19: 13/01/2025 02:45 | B19: 23.53 | C19: 53.86 | D19: 45.64 | E19: 6.82 | F19: 2.13 | G19: 92.43 | H19: 40.89 | I19: Invalid | J19: 2.52 | K19: 352.96 | L19: 14.5 | M19: 72.41 | N19: 91.1 | O19: 0 | P19: 1.27 | Q19: 8.21
A20: 13/01/2025 03:00 | B20: 21.27 | C20: 53.4 | D20: 43.58 | E20: 6.2 | F20: 2.13 | G20: 90.09 | H20: 40.12 | I20: Invalid | J20: 1.74 | K20: 356.75 | L20: 14.59 | M20: 71.48 | N20: 104.1 | O20: 0 | P20: 1.23 | Q20: 8.21
... A49: 13/01/2025 10:15 | B49: 31.3 | C49: 56.64 | D49: 53.32 | E49: 8.2 | F49: 2.13 | G49: 132.06 | H49: 52.34 | I49: Invalid | J49: 1.44 | K49: 2.61 | L49: 20.3 | M49: 53.26 | N49: 383 | O49: 0 | P49: 1.11 | Q49: 8.21
A50: 13/01/2025 10:30 | B50: 33.26 | C50: 58.53 | D50: 55.87 | E50: 9.01 | F50: 2.13 | G50: Calib. | H50: Calib. | I50: Invalid | J50: 2.9 | K50: 343.27 | L50: 22.07 | M50: 47.77 | N50: 393.8 | O50: 0 | P50: 1.11 | Q50: 8.21
A51: 13/01/2025 10:45 | B51: 35.2 | C51: 72.39 | D51: 64.67 | E51: 27.07 | F51: 2.17 | G51: Calib. | H51: Calib. | I51: Invalid | J51: 2.46 | K51: 342.28 | L51: 22.64 | M51: 46.48 | N51: 404.5 | O51: 0 | P51: 1.09 | Q51: 8.21
A52: 13/01/2025 11:00 | B52: 35.05 | C52: 87.97 | D52: 72.69 | E52: 18.79 | F52: 2.13 | G52: Calib. | H52: Calib. | I52: Invalid | J52: 2.29 | K52: 346.61 | L52: 23.13 | M52: 44.97 | N52: 399.5 | O52: 0 | P52: 1.08 | Q52: 8.24
A53: 13/01/2025 11:15 | B53: 34.52 | C53: 87.88 | D53: 72.22 | E53: 14.36 | F53: 2.13 | G53: 102.21 | H53: 48.84 | I53: Invalid | J53: 0.61 | K53: 66.41 | L53: 22.39 | M53: 47.97 | N53: 400.1 | O53: 0 | P53: 1.08 | Q53: 8.34
A54: 13/01/2025 11:30 | B54: 33.82 | C54: 86.71 | D54: 71.05 | E54: 15.09 | F54: 2.13 | G54: 102.21 | H54: 48.84 | I54: Invalid | J54: 2.04 | K54: 345.51 | L54: 22.27 | M54: 47.69 | N54: 416.5 | O54: 0 | P54: 1.08 | Q54: 8.35
A55: 13/01/2025 11:45 | B55: 31.01 | C55: 88.78 | D55: 69.87 | E55: 14.88 | F55: 2.13 | G55: 98.87 | H55: 47.6 | I55: Invalid | J55: 2.33 | K55: 341.16 | L55: 23.75 | M55: 44.25 | N55: 436.8 | O55: 0 | P55: 1.06 | Q55: 8.36
A56: 13/01/2025 12:00 | B56: 29.63 | C56: 88.59 | D56: 68.68 | E56: 14.19 | F56: 2.13 | G56: 97.44 | H56: 47.06 | I56: Invalid | J56: 3.16 | K56: 340.46 | L56: 24.37 | M56: 42.8 | N56: 472.8 | O56: 0 | P56: 1.05 | Q56: 8.32
A57: 13/01/2025 12:15 | B57: Calib. | C57: Calib. | D57: Calib. | E57: 15.38 | F57: 2.13 | G57: 97.44 | H57: 47.06 | I57: Invalid | J57: 3.47 | K57: 343.26 | L57: 24.6 | M57: 40.99 | N57: 504.7 | O57: 0 | P57: 1.01 | Q57: 8.22
A58: 13/01/2025 12:30 | B58: Calib. | C58: Calib. | D58: Calib. | E58: 15.72 | F58: 2.27 | G58: 97.44 | H58: 47.06 | I58: Invalid | J58: 3.21 | K58: 343.28 | L58: 24.91 | M58: 40.32 | N58: 472.4 | O58: 0 | P58: 1.03 | Q58: 8.21
A59: 13/01/2025 12:45 | B59: Calib. | C59: Calib. | D59: Calib. | E59: 15.21 | F59: 2.58 | G59: 122.62 | H59: 48.93 | I59: Invalid | J59: 1.62 | K59: 343.47 | L59: 24.67 | M59: 41.17 | N59: 389.6 | O59: 0 | P59: 1.1 | Q59: 8.21
A60: 13/01/2025 13:00 | B60: Calib. | C60: Calib. | D60: Calib. | E60: 13.69 | F60: 2.37 | G60: 133.42 | H60: 49.73 | I60: Invalid | J60: 1.93 | K60: 344.22 | L60: 23.65 | M60: 43.05 | N60: 368.7 | O60: 0 | P60: 1.11 | Q60: 8.21
A61: 13/01/2025 13:15 | B61: 18.24 | C61: 114.59 | D61: 73.12 | E61: 4.82 | F61: 3.29 | G61: 133.42 | H61: 49.73 | I61: Invalid | J61: 1.92 | K61: 345.22 | L61: 23.76 | M61: 42.48 | N61: 433.6 | O61: 0 | P61: 1.05 | Q61: 8.21
A62: 13/01/2025 13:30 | B62: 12.9 | C62: 113.33 | D62: 68.18 | E62: 4.22 | F62: 2.46 | G62: 133.42 | H62: 49.73 | I62: Invalid | J62: 2.39 | K62: 341.08 | L62: 24.15 | M62: 42.13 | N62: 413.6 | O62: 0 | P62: 1.07 | Q62: 8.21
A63: 13/01/2025 13:45 | B63: 11.86 | C63: 108.46 | D63: 64.8 | E63: 8.88 | F63: 2.13 | G63: 124.56 | H63: 48.55 | I63: Invalid | J63: 3.22 | K63: 341.76 | L63: 24.42 | M63: 41.75 | N63: 400.8 | O63: 0 | P63: 1.07 | Q63: 8.21
A64: 13/01/2025 14:00 | B64: 11.97 | C64: 102.62 | D64: 61.84 | E64: 11.35 | F64: 2.16 | G64: 120.77 | H64: 48.05 | I64: Invalid | J64: 2.06 | K64: 348.78 | L64: 24.34 | M64: 41.43 | N64: 376.6 | O64: 0 | P64: 1.07 | Q64: 8.21
A65: 13/01/2025 14:15 | B65: 11.98 | C65: 93.81 | D65: 57.24 | E65: 10.91 | F65: 2.13 | G65: 120.77 | H65: 48.05 | I65: Invalid | J65: 2.62 | K65: 347.77 | L65: 23.54 | M65: 43.78 | N65: 342.4 | O65: 0 | P65: 1.07 | Q65: 8.21
A66: 13/01/2025 14:30 | B66: 11.64 | C66: 91.03 | D66: 55.51 | E66: 10.92 | F66: 2.13 | G66: 120.77 | H66: 48.05 | I66: Invalid | J66: 3.16 | K66: 339.06 | L66: 23.72 | M66: 43.7 | N66: 293.4 | O66: 0 | P66: 1.08 | Q66: 8.21
A67: 13/01/2025 14:45 | B67: 8.69 | C67: 89.87 | D67: 52.54 | E67: 14.08 | F67: 5.3 | G67: 107.61 | H67: 45.87 | I67: Invalid | J67: 3.12 | K67: 345.49 | L67: 23.54 | M67: 44.14 | N67: 254.3 | O67: 0 | P67: 1.04 | Q67: 8.21
A68: 13/01/2025 15:00 | B68: 4.66 | C68: 94.56 | D68: 51.77 | E68: 12.6 | F68: 4.87 | G68: 101.97 | H68: 44.93 | I68: Invalid | J68: 2.86 | K68: 343.68 | L68: 23.4 | M68: 44.55 | N68: 245.2 | O68: 0 | P68: 1.06 | Q68: 8.21
A69: 13/01/2025 15:15 | B69: 4.13 | C69: 92.16 | D69: 50.08 | E69: 10.66 | F69: 2.42 | G69: 101.97 | H69: 44.93 | I69: Invalid | J69: 2.2 | K69: 347.57 | L69: 23.14 | M69: 45.78 | N69: 227 | O69: 0 | P69: 1.05 | Q69: 8.21
A70: 13/01/2025 15:30 | B70: 4.65 | C70: 87.65 | D70: 48.15 | E70: 9.99 | F70: 2.32 | G70: 101.97 | H70: 44.93 | I70: Invalid | J70: 2.48 | K70: 345.22 | L70: 22.61 | M70: 47.05 | N70: 196.7 | O70: 0 | P70: 1.06 | Q70: 8.21
A71: 13/01/2025 15:45 | B71: 5.22 | C71: 89.43 | D71: 49.53 | E71: 11.78 | F71: 3.17 | G71: 127.39 | H71: 48 | I71: Invalid | J71: 2.57 | K71: 347.57 | L71: 22.49 | M71: 47.51 | N71: 180.8 | O71: 0 | P71: 1.08 | Q71: 8.21
A72: 13/01/2025 16:00 | B72: 5.64 | C72: 88.26 | D72: 49.26 | E72: 8.75 | F72: 2.14 | G72: 138.29 | H72: 49.31 | I72: Invalid | J72: 2.41 | K72: 343.93 | L72: 21.96 | M72: 54.01 | N72: 170.1 | O72: 0 | P72: 1.08 | Q72: 8.21
... A104: 13/01/2025 24:00 | B104: 26.12 | C104: 71.01 | D104: 56.67 | E104: 6.24 | F104: 2.13 | G104: 96.21 | H104: 51.4 | I104: Invalid | J104: 2.11 | K104: 345.69 | L104: 13.75 | M104: 83.51 | N104: 103 | O104: 0 | P104: 1.36 | Q104: 8.21
A106: Min | B106: =MIN(B9:B104) -> 4.13 | C106: =MIN(C9:C104) -> 46.02 | D106: =MIN(D9:D104) -> 34.32 | E106: =MIN(E9:E104) -> 4.22 | F106: =MIN(F9:F104) -> 2.13 | G106: =MIN(G9:G104) -> 81.36 | H106: =MIN(H9:H104) -> 37.61 | I106: =MIN(I9:I104) -> 0 | ... Q106: =MIN(Q9:Q104) -> 8.21
A107: Max | B107: =MAX(B9:B104) -> 44.37 | C107: =MAX(C9:C104) -> 114.59 | D107: =MAX(D9:D104) -> 73.12 | E107: =MAX(E9:E104) -> 27.07 | F107: =MAX(F9:F104) -> 5.3 | G107: =MAX(G9:G104) -> 194.16 | H107: =MAX(H9:H104) -> 60.63 | I107: =MAX(I9:I104) -> 0 | ... Q107: =MAX(Q9:Q104) -> 8.47
A108: Avg | B108: =AVERAGE(B9:B104) -> 23.255217 | C108: =AVERAGE(C9:C104) -> 71.27087 | D108: =AVERAGE(D9:D104) -> 54.536413 | E108: =AVERAGE(E9:E104) -> 8.8085417 | F108: =AVERAGE(F9:F104) -> 2.2333333 | G108: =AVERAGE(G9:G104) -> 124.06 | H108: =AVERAGE(H9:H104) -> 48.02043 | I108: =AVERAGE(I9:I104) -> #DIV/0! | ... Q108: =AVERAGE(Q9:Q104) -> 8.2207292
A109: Stdev | B109: =STDEV(B9:B104) -> 10.544905 | C109: =STDEV(C9:C104) -> 18.755876 | D109: =STDEV(D9:D104) -> 11.410527 | E109: =STDEV(E9:E104) -> 3.2926387 | F109: =STDEV(F9:F104) -> 0.45277313 | G109: =STDEV(G9:G104) -> 30.911644 | H109: =STDEV(H9:H104) -> 6.5432228 | I109: =STDEV(I9:I104) -> #DIV/0! | ... Q109: =STDEV(Q9:Q104) -> 0.040216383
A110: Num | B110: =COUNT(B9:B104)+4 -> 96 | C110: =COUNT(C9:C104)+4 -> 96 | D110: =COUNT(D9:D104)+4 -> 96 | E110: =COUNT(E9:E104) -> 96 | F110: =COUNT(F9:F104) -> 96 | G110: =COUNT(G9:G104)+3 -> 96 | H110: =COUNT(H9:H104)+3 -> 96 | I110: =COUNT(I9:I104) -> 0 | J110: =COUNT(J9:J104) -> 96 | K110: =COUNT(K9:K104) -> 96 | L110: =COUNT(L9:L104) -> 96 | M110: =COUNT(M9:M104) -> 96 | N110: =COUNT(N9:N104) -> 96 | O110: =COUNT(O9:O104) -> 96 | P110: =COUNT(P9:P104) -> 96 | Q110: =COUNT(Q9:Q104) -> 96
A111: DCR | B111: =IF(B110>=87,">90%",IF(B110<=87,"<90%")) -> >90% | C111: =IF(C110>=87,">90%",IF(C110<=87,"<90%")) -> >90% | D111: =IF(D110>=87,">90%",IF(D110<=87,"<90%")) -> >90% | E111: =IF(E110>=87,">90%",IF(E110<=87,"<90%")) -> >90% | F111: =IF(F110>=87,">90%",IF(F110<=87,"<90%")) -> >90% | G111: =IF(G110>=87,">90%",IF(G110<=87,"<90%")) -> >90% | H111: =IF(H110>=87,">90%",IF(H110<=87,"<90%")) -> >90% | I111: =IF(I110>=87,">90%",IF(I110<=87,"<90%")) -> <90% | ... Q111: =IF(Q110>=87,">90%",IF(Q110<=87,"<90%")) -> >90%
A112: Status | B112: =IF(B110>=87,"OK",IF(B110<=87,"LESS")) -> OK | C112: =IF(C110>=87,"OK",IF(C110<=87,"LESS")) -> OK | D112: =IF(D110>=87,"OK",IF(D110<=87,"LESS")) -> OK | E112: =IF(E110>=87,"OK",IF(E110<=87,"LESS")) -> OK | F112: =IF(F110>=87,"OK",IF(F110<=87,"LESS")) -> OK | G112: =IF(G110>=87,"OK",IF(G110<=87,"LESS")) -> OK | H112: =IF(H110>=87,"OK",IF(H110<=87,"LESS")) -> OK | I112: =IF(I110>=87,"OK",IF(I110<=87,"LESS")) -> LESS | ... Q112: =IF(Q110>=87,"OK",IF(Q110<=87,"LESS")) -> OK
A115: Done by | B115: SR
A117: Comment

Sheet 14
A1: Station: | B1: BHATAGAON RAIPUR
A2: Date: | B2: =$A$9 -> 14/01/2025 00:15 | D2: Power Off | G2: Pw.Off | L2: Link Fail | N2: Link F | P2: Maintenance | R2: Maint.
A3: Report Type: | B3: Mean | D3: Calibration | G3: Calib. | L3: Data Fail | N3: Data F | P3: Invalid | R3: Invalid
A4: Time Base: | B4: 15 Min | D4: Zero Referrence | G4: Z.Ref | L4: Warm Up | N4: Wm. Up
A7: Date & Time | B7: NO_BHATAGAON | C7: NO2__BHATAGAON | D7: NOX_BHATAGAON | E7: SO2__BHATAGAON | F7: O3__BHATAGAON | G7: PM10__BHATAGAON | H7: PM2_5__BHATAGAON | I7: BENZ__BHATAGAON | J7: WS__BHATAGAON | K7: WD__BHATAGAON | L7: TEMP__BHATAGAON | M7: HUM__BHATAGAON | N7: SR__BHATAGAON | O7: RG__BHATAGAON | P7: CO__BHATAGAON | Q7: NH3__BHATAGAON
B8: ug/m3 | C8: ug/m3 | D8: ppb | E8: ug/m3 | F8: ug/m3 | G8: ug/m3 | H8: ug/m3 | I8: ug/m3 | J8: m/sec | K8: deg | L8: degreC | M8: % | N8: w/m2 | O8: mm | P8: mg/m3 | Q8: ug/m3
A9: 14/01/2025 00:15 | B9: 23.74 | C9: 69.27 | D9: 53.85 | E9: 6.77 | F9: 2.13 | G9: 96.21 | H9: 51.4 | I9: Invalid | J9: 2.28 | K9: 345.18 | L9: 13.57 | M9: 83.82 | N9: 103.5 | O9: 0 | P9: 1.3 | Q9: 8.21
A10: 14/01/2025 00:30 | B10: 21.57 | C10: 67.73 | D10: 51.31 | E10: 6.63 | F10: 2.13 | G10: 96.21 | H10: 51.4 | I10: Invalid | J10: 2.87 | K10: 349.43 | L10: 13.42 | M10: 84.56 | N10: 105.1 | O10: 0 | P10: 1.24 | Q10: 8.21
A11: 14/01/2025 00:45 | B11: 19.64 | C11: 66.54 | D11: 49.14 | E11: 6.53 | F11: 2.13 | G11: 81.81 | H11: 48.75 | I11: Invalid | J11: 1.84 | K11: 336.22 | L11: 13.3 | M11: 85.92 | N11: 106.5 | O11: 0 | P11: 1.19 | Q11: 8.21
A12: 14/01/2025 01:00 | B12: 18.31 | C12: 62.75 | D12: 46.09 | E12: 6.78 | F12: 2.13 | G12: 75.63 | H12: 47.62 | I12: Invalid | J12: 1.71 | K12: 353.68 | L12: 13.12 | M12: 87.29 | N12: 106 | O12: 0 | P12: 1.13 | Q12: 8.21
A13: 14/01/2025 01:15 | B13: 17.01 | C13: 61.79 | D13: 44.54 | E13: 6.24 | F13: 2.13 | G13: 75.63 | H13: 47.62 | I13: Invalid | J13: 1.02 | K13: 8.54 | L13: 12.97 | M13: 88.29 | N13: 106.7 | O13: 0 | P13: 1.12 | Q13: 8.21
A14: 14/01/2025 01:30 | B14: 15.98 | C14: 61.41 | D14: 43.53 | E14: 6.27 | F14: 2.13 | G14: 75.63 | H14: 47.62 | I14: Invalid | J14: 1.32 | K14: 347.41 | L14: 12.79 | M14: 89.8 | N14: 106.6 | O14: 0 | P14: 1.13 | Q14: 8.21
A15: 14/01/2025 01:45 | B15: 15.15 | C15: 60.63 | D15: 42.45 | E15: 6.35 | F15: 2.13 | G15: 68.84 | H15: 44.62 | I15: Invalid | J15: 2.63 | K15: 352.41 | L15: 12.76 | M15: 90.4 | N15: 106 | O15: 0 | P15: 1.07 | Q15: 8.21
A16: 14/01/2025 02:00 | B16: 14.24 | C16: 59.05 | D16: 40.89 | E16: 6.24 | F16: 2.13 | G16: 65.93 | H16: 43.34 | I16: Invalid | J16: 2.91 | K16: 348.18 | L16: 12.66 | M16: 91.02 | N16: 108 | O16: 0 | P16: 1.04 | Q16: 8.21
A17: 14/01/2025 02:15 | B17: 13.01 | C17: 58.11 | D17: 39.42 | E17: 6.74 | F17: 2.13 | G17: 65.93 | H17: 43.34 | I17: Invalid | J17: 2.69 | K17: 353.19 | L17: 12.52 | M17: 91.74 | N17: 111.4 | O17: 0 | P17: 1 | Q17: 8.21
A18: 14/01/2025 02:30 | B18: 11.82 | C18: 57.56 | D18: 38.18 | E18: 6.37 | F18: 2.13 | G18: 65.93 | H18: 43.34 | I18: Invalid | J18: 2.2 | K18: 344.16 | L18: 12.39 | M18: 92.95 | N18: 114.2 | O18: 0 | P18: 0.97 | Q18: 8.21
A19: 14/01/2025 02:45 | B19: 11.08 | C19: 57.01 | D19: 37.29 | E19: 6.33 | F19: 2.13 | G19: 73.03 | H19: 40.7 | I19: Invalid | J19: 1.37 | K19: 355.09 | L19: 12.2 | M19: 94.88 | N19: 115.9 | O19: 0 | P19: 0.94 | Q19: 8.21
A20: 14/01/2025 03:00 | B20: 10.68 | C20: 58.06 | D20: 37.52 | E20: 6.42 | F20: 2.13 | G20: 76.24 | H20: 39.56 | I20: Invalid | J20: 0.72 | K20: 61.09 | L20: 12.02 | M20: 93.98 | N20: 112.3 | O20: 0 | P20: 0.92 | Q20: 8.21
... A104: 14/01/2025 24:00 | B104: 21.9 | C104: 71.48 | D104: 53.53 | E104: 7.17 | F104: 2.13 | G104: 117.6 | H104: 50.23 | I104: Invalid | J104: 0.85 | K104: 327.23 | L104: 14.44 | M104: 84.32 | N104: 75.9 | O104: 0 | P104: 1.3 | Q104: 8.21
A106: Min | B106: =MIN(B9:B104) -> 5.04 | C106: =MIN(C9:C104) -> 48.42 | D106: =MIN(D9:D104) -> 30.02 | E106: =MIN(E9:E104) -> 5.31 | F106: =MIN(F9:F104) -> 2.13 | G106: =MIN(G9:G104) -> 62.4 | H106: =MIN(H9:H104) -> 34.76 | I106: =MIN(I9:I104) -> 0 | ... Q106: =MIN(Q9:Q104) -> 8.21
A107: Max | B107: =MAX(B9:B104) -> 24.9 | C107: =MAX(C9:C104) -> 73.69 | D107: =MAX(D9:D104) -> 55.53 | E107: =MAX(E9:E104) -> 7.63 | F107: =MAX(F9:F104) -> 2.13 | G107: =MAX(G9:G104) -> 119.65 | H107: =MAX(H9:H104) -> 51.4 | I107: =MAX(I9:I104) -> 0 | ... Q107: =MAX(Q9:Q104) -> 8.21
A108: Avg | B108: =AVERAGE(B9:B104) -> 13.368333 | C108: =AVERAGE(C9:C104) -> 62.639583 | D108: =AVERAGE(D9:D104) -> 42.070312 | E108: =AVERAGE(E9:E104) -> 6.3875 | F108: =AVERAGE(F9:F104) -> 2.13 | G108: =AVERAGE(G9:G104) -> 84.968021 | H108: =AVERAGE(H9:H104) -> 40.230937 | I108: =AVERAGE(I9:I104) -> #DIV/0! | ... Q108: =AVERAGE(Q9:Q104) -> 8.21
A109: Stdev | B109: =STDEV(B9:B104) -> 6.0941162 | C109: =STDEV(C9:C104) -> 7.4495512 | D109: =STDEV(D9:D104) -> 6.7257813 | E109: =STDEV(E9:E104) -> 0.54093486 | F109: =STDEV(F9:F104) -> 2.6785224e-15 | G109: =STDEV(G9:G104) -> 15.714986 | H109: =STDEV(H9:H104) -> 4.537566 | I109: =STDEV(I9:I104) -> #DIV/0! | ... Q109: =STDEV(Q9:Q104) -> 7.1427264e-15
A110: Num | B110: =COUNT(B9:B104) -> 96 | C110: =COUNT(C9:C104) -> 96 | D110: =COUNT(D9:D104) -> 96 | E110: =COUNT(E9:E104) -> 96 | F110: =COUNT(F9:F104) -> 96 | G110: =COUNT(G9:G104) -> 96 | H110: =COUNT(H9:H104) -> 96 | I110: =COUNT(I9:I104) -> 0 | ... Q110: =COUNT(Q9:Q104) -> 96
A111: DCR | B111: =IF(B110>=87,">90%",IF(B110<=87,"<90%")) -> >90% | C111: =IF(C110>=87,">90%",IF(C110<=87,"<90%")) -> >90% | D111: =IF(D110>=87,">90%",IF(D110<=87,"<90%")) -> >90% | E111: =IF(E110>=87,">90%",IF(E110<=87,"<90%")) -> >90% | F111: =IF(F110>=87,">90%",IF(F110<=87,"<90%")) -> >90% | G111: =IF(G110>=87,">90%",IF(G110<=87,"<90%")) -> >90% | H111: =IF(H110>=87,">90%",IF(H110<=87,"<90%")) -> >90% | I111: =IF(I110>=87,">90%",IF(I110<=87,"<90%")) -> <90% | ... Q111: =IF(Q110>=87,">90%",IF(Q110<=87,"<90%")) -> >90%
A112: Status | B112: =IF(B110>=87,"OK",IF(B110<=87,"LESS")) -> OK | C112: =IF(C110>=87,"OK",IF(C110<=87,"LESS")) -> OK | D112: =IF(D110>=87,"OK",IF(D110<=87,"LESS")) -> OK | E112: =IF(E110>=87,"OK",IF(E110<=87,"LESS")) -> OK | F112: =IF(F110>=87,"OK",IF(F110<=87,"LESS")) -> OK | G112: =IF(G110>=87,"OK",IF(G110<=87,"LESS")) -> OK | H112: =IF(H110>=87,"OK",IF(H110<=87,"LESS")) -> OK | I112: =IF(I110>=87,"OK",IF(I110<=87,"LESS")) -> LESS | ... Q112: =IF(Q110>=87,"OK",IF(Q110<=87,"LESS")) -> OK
A115: Done by | B115: RK
A117: Comment

Sheet 15
A1: Station: | B1: BHATAGAON RAIPUR
A2: Date: | B2: =$A$9 -> 15/01/2025 00:15 | D2: Power Off | G2: Pw.Off | L2: Link Fail | N2: Link F | P2: Maintenance | R2: Maint.
A3: Report Type: | B3: Mean | D3: Calibration | G3: Calib. | L3: Data Fail | N3: Data F | P3: Invalid | R3: Invalid
A4: Time Base: | B4: 15 Min | D4: Zero Referrence | G4: Z.Ref | L4: Warm Up | N4: Wm. Up
A7: Date & Time | B7: NO_BHATAGAON | C7: NO2__BHATAGAON | D7: NOX_BHATAGAON | E7: SO2__BHATAGAON | F7: O3__BHATAGAON | G7: PM10__BHATAGAON | H7: PM2_5__BHATAGAON | I7: BENZ__BHATAGAON | J7: WS__BHATAGAON | K7: WD__BHATAGAON | L7: TEMP__BHATAGAON | M7: HUM__BHATAGAON | N7: SR__BHATAGAON | O7: RG__BHATAGAON | P7: CO__BHATAGAON | Q7: NH3__BHATAGAON
B8: ug/m3 | C8: ug/m3 | D8: ppb | E8: ug/m3 | F8: ug/m3 | G8: ug/m3 | H8: ug/m3 | I8: ug/m3 | J8: m/sec | K8: deg | L8: degreC | M8: % | N8: w/m2 | O8: mm | P8: mg/m3 | Q8: ug/m3
A9: 15/01/2025 00:15 | B9: 20.01 | C9: 70.84 | D9: 51.68 | E9: 7.08 | F9: 2.13 | G9: 117.6 | H9: 50.23 | I9: Invalid | J9: 0.5 | K9: 5.34 | L9: 14.54 | M9: 82.44 | N9: 76 | O9: 0 | P9: 1.27 | Q9: 8.21
A10: 15/01/2025 00:30 | B10: 17.81 | C10: 69.73 | D10: 49.34 | E10: 7.17 | F10: 2.13 | G10: 117.6 | H10: 50.23 | I10: Invalid | J10: 0.6 | K10: 128.13 | L10: 14.65 | M10: 78.78 | N10: 75.6 | O10: 0 | P10: 1.25 | Q10: 8.21
A11: 15/01/2025 00:45 | B11: 15.83 | C11: 68.75 | D11: 47.24 | E11: 6.48 | F11: 2.13 | G11: 109.04 | H11: 50.19 | I11: Invalid | J11: 0.68 | K11: 341.01 | L11: 14.82 | M11: 74.43 | N11: 75.9 | O11: 0 | P11: 1.22 | Q11: 8.21
A12: 15/01/2025 01:00 | B12: 14.18 | C12: 67.5 | D12: 45.26 | E12: 6.63 | F12: 2.13 | G12: 105.37 | H12: 50.17 | I12: Invalid | J12: 0.51 | K12: 0.51 | L12: 14.76 | M12: 73.84 | N12: 76.1 | O12: 0 | P12: 1.18 | Q12: 8.21
A13: 15/01/2025 01:15 | B13: 12.53 | C13: 66.03 | D13: 43.17 | E13: 6.45 | F13: 2.13 | G13: 105.37 | H13: 50.17 | I13: Invalid | J13: 0.9 | K13: 322.65 | L13: 14.58 | M13: 73.44 | N13: 76.4 | O13: 0 | P13: 1.06 | Q13: 8.21
A14: 15/01/2025 01:30 | B14: 10.99 | C14: 64.76 | D14: 41.27 | E14: 5.77 | F14: 2.13 | G14: 105.37 | H14: 50.17 | I14: Invalid | J14: 1.38 | K14: 321.1 | L14: 14.36 | M14: 73.12 | N14: 76.8 | O14: 0 | P14: 1.07 | Q14: 8.21
A15: 15/01/2025 01:45 | B15: 9.71 | C15: 63.45 | D15: 39.56 | E15: 5.96 | F15: 2.13 | G15: 94.68 | H15: 45.77 | I15: Invalid | J15: 1.39 | K15: 306.84 | L15: 14.23 | M15: 72.41 | N15: 76.4 | O15: 0 | P15: 1.04 | Q15: 8.21
A16: 15/01/2025 02:00 | B16: 8.75 | C16: 59.51 | D16: 36.73 | E16: 5.71 | F16: 2.13 | G16: 89.85 | H16: 43.79 | I16: Invalid | J16: 1.19 | K16: 318.23 | L16: 14.17 | M16: 71.13 | N16: 76.1 | O16: 0 | P16: 0.99 | Q16: 8.21
A17: 15/01/2025 02:15 | B17: 8.21 | C17: 57.36 | D17: 35.18 | E17: 5.79 | F17: 2.13 | G17: 89.85 | H17: 43.79 | I17: Invalid | J17: 0.53 | K17: 329.8 | L17: 14.11 | M17: 71.21 | N17: 75.5 | O17: 0 | P17: 0.97 | Q17: 8.21
A18: 15/01/2025 02:30 | B18: 7.96 | C18: 56.77 | D18: 34.67 | E18: 5.62 | F18: 2.13 | G18: 89.85 | H18: 43.79 | I18: Invalid | J18: 1.09 | K18: 333.26 | L18: 13.98 | M18: 71.44 | N18: 75.3 | O18: 0 | P18: 0.95 | Q18: 8.21
A19: 15/01/2025 02:45 | B19: 7.82 | C19: 56.04 | D19: 34.18 | E19: 5.53 | F19: 2.13 | G19: 77.23 | H19: 42.15 | I19: Invalid | J19: 1.2 | K19: 310.7 | L19: 13.77 | M19: 72.71 | N19: 75.4 | O19: 0 | P19: 0.92 | Q19: 8.21
A20: 15/01/2025 03:00 | B20: 7.63 | C20: 55.15 | D20: 33.56 | E20: 5.77 | F20: 2.13 | G20: 71.53 | H20: 41.45 | I20: Invalid | J20: 1.51 | K20: 336.1 | L20: 13.65 | M20: 74.09 | N20: 75.1 | O20: 0 | P20: 0.9 | Q20: 8.21
... A104: 15/01/2025 24:00 | B104: 117.53 | C104: 70.09 | D104: 129.49 | E104: 6.14 | F104: 2.13 | G104: 139.22 | H104: 45.33 | I104: Invalid | J104: 1.85 | K104: 291.78 | L104: 14.36 | M104: 77.13 | N104: 59.3 | O104: 0 | P104: 2.14 | Q104: 9.82
A106: Min | B106: =MIN(B9:B104) -> 3.56 | C106: =MIN(C9:C104) -> 53.06 | D106: =MIN(D9:D104) -> 29.97 | E106: =MIN(E9:E104) -> 5 | F106: =MIN(F9:F104) -> 2.13 | G106: =MIN(G9:G104) -> 57.21 | H106: =MIN(H9:H104) -> 27 | I106: =MIN(I9:I104) -> 0 | ... Q106: =MIN(Q9:Q104) -> 8.21
A107: Max | B107: =MAX(B9:B104) -> 119.56 | C107: =MAX(C9:C104) -> 75.2 | D107: =MAX(D9:D104) -> 132.17 | E107: =MAX(E9:E104) -> 8.89 | F107: =MAX(F9:F104) -> 2.13 | G107: =MAX(G9:G104) -> 151.17 | H107: =MAX(H9:H104) -> 50.23 | I107: =MAX(I9:I104) -> 0 | ... Q107: =MAX(Q9:Q104) -> 9.82
A108: Avg | B108: =AVERAGE(B9:B104) -> 27.028854 | C108: =AVERAGE(C9:C104) -> 61.935833 | D108: =AVERAGE(D9:D104) -> 52.657292 | E108: =AVERAGE(E9:E104) -> 6.6332292 | F108: =AVERAGE(F9:F104) -> 2.13 | G108: =AVERAGE(G9:G104) -> 94.825417 | H108: =AVERAGE(H9:H104) -> 38.347187 | I108: =AVERAGE(I9:I104) -> #DIV/0! | ... Q108: =AVERAGE(Q9:Q104) -> 8.414375
A109: Stdev | B109: =STDEV(B9:B104) -> 34.083948 | C109: =STDEV(C9:C104) -> 6.6272137 | D109: =STDEV(D9:D104) -> 30.015691 | E109: =STDEV(E9:E104) -> 0.86725883 | F109: =STDEV(F9:F104) -> 2.6785224e-15 | G109: =STDEV(G9:G104) -> 26.505304 | H109: =STDEV(H9:H104) -> 6.4072767 | I109: =STDEV(I9:I104) -> #DIV/0! | ... Q109: =STDEV(Q9:Q104) -> 0.5065961
A110: Num | B110: =COUNT(B9:B104) -> 96 | C110: =COUNT(C9:C104) -> 96 | D110: =COUNT(D9:D104) -> 96 | E110: =COUNT(E9:E104) -> 96 | F110: =COUNT(F9:F104) -> 96 | G110: =COUNT(G9:G104) -> 96 | H110: =COUNT(H9:H104) -> 96 | I110: =COUNT(I9:I104) -> 0 | ... Q110: =COUNT(Q9:Q104) -> 96
A111: DCR | B111: =IF(B110>=87,">90%",IF(B110<=87,"<90%")) -> >90% | C111: =IF(C110>=87,">90%",IF(C110<=87,"<90%")) -> >90% | D111: =IF(D110>=87,">90%",IF(D110<=87,"<90%")) -> >90% | E111: =IF(E110>=87,">90%",IF(E110<=87,"<90%")) -> >90% | F111: =IF(F110>=87,">90%",IF(F110<=87,"<90%")) -> >90% | G111: =IF(G110>=87,">90%",IF(G110<=87,"<90%")) -> >90% | H111: =IF(H110>=87,">90%",IF(H110<=87,"<90%")) -> >90% | I111: =IF(I110>=87,">90%",IF(I110<=87,"<90%")) -> <90% | ... Q111: =IF(Q110>=87,">90%",IF(Q110<=87,"<90%")) -> >90%
A112: Status | B112: =IF(B110>=87,"OK",IF(B110<=87,"LESS")) -> OK | C112: =IF(C110>=87,"OK",IF(C110<=87,"LESS")) -> OK | D112: =IF(D110>=87,"OK",IF(D110<=87,"LESS")) -> OK | E112: =IF(E110>=87,"OK",IF(E110<=87,"LESS")) -> OK | F112: =IF(F110>=87,"OK",IF(F110<=87,"LESS")) -> OK | G112: =IF(G110>=87,"OK",IF(G110<=87,"LESS")) -> OK | H112: =IF(H110>=87,"OK",IF(H110<=87,"LESS")) -> OK | I112: =IF(I110>=87,"OK",IF(I110<=87,"LESS")) -> LESS | ... Q112: =IF(Q110>=87,"OK",IF(Q110<=87,"LESS")) -> OK
A115: Done by | B115: RK
A117: Comment

Sheet 16
A1: Station: | B1: BHATAGAON RAIPUR
A2: Date: | B2: =$A$9 -> 16/01/2025 00:15 | D2: Power Off | G2: Pw.Off | L2: Link Fail | N2: Link F | P2: Maintenance | R2: Maint.
A3: Report Type: | B3: Mean | D3: Calibration | G3: Calib. | L3: Data Fail | N3: Data F | P3: Invalid | R3: Invalid
A4: Time Base: | B4: 15 Min | D4: Zero Referrence | G4: Z.Ref | L4: Warm Up | N4: Wm. Up
A7: Date & Time | B7: NO_BHATAGAON | C7: NO2__BHATAGAON | D7: NOX_BHATAGAON | E7: SO2__BHATAGAON | F7: O3__BHATAGAON | G7: PM10__BHATAGAON | H7: PM2_5__BHATAGAON | I7: BENZ__BHATAGAON | J7: WS__BHATAGAON | K7: WD__BHATAGAON | L7: TEMP__BHATAGAON | M7: HUM__BHATAGAON | N7: SR__BHATAGAON | O7: RG__BHATAGAON | P7: CO__BHATAGAON | Q7: NH3__BHATAGAON
B8: ug/m3 | C8: ug/m3 | D8: ppb | E8: ug/m3 | F8: ug/m3 | G8: ug/m3 | H8: ug/m3 | I8: ug/m3 | J8: m/sec | K8: deg | L8: degreC | M8: % | N8: w/m2 | O8: mm | P8: mg/m3 | Q8: ug/m3
A9: 16/01/2025 00:15 | B9: 116.4 | C9: 69.39 | D9: 128.22 | E9: 7.6 | F9: 2.13 | G9: 139.22 | H9: 45.33 | I9: Invalid | J9: 1.65 | K9: 308.24 | L9: 14.38 | M9: 75.53 | N9: 59.3 | O9: 0 | P9: 2.16 | Q9: 9.81
A10: 16/01/2025 00:30 | B10: 114.5 | C10: 67.83 | D10: 125.88 | E10: 7.92 | F10: 2.13 | G10: 139.22 | H10: 45.33 | I10: Invalid | J10: 1.84 | K10: 333.9 | L10: 14.31 | M10: 77.57 | N10: 59.3 | O10: 0 | P10: 2.13 | Q10: 9.84
A11: 16/01/2025 00:45 | B11: 112.57 | C11: 68.62 | D11: 124.74 | E11: 8.02 | F11: 2.13 | G11: 142.96 | H11: 47.86 | I11: Invalid | J11: 1.81 | K11: 326.06 | L11: 14.22 | M11: 83.13 | N11: 59.4 | O11: 0 | P11: 2.12 | Q11: 9.77
A12: 16/01/2025 01:00 | B12: 110.85 | C12: 67.88 | D12: 122.98 | E12: 8.28 | F12: 2.13 | G12: 144.56 | H12: 48.94 | I12: Invalid | J12: 0.76 | K12: 10.77 | L12: 14.03 | M12: 79.55 | N12: 59.3 | O12: 0 | P12: 2.13 | Q12: 9.75
A13: 16/01/2025 01:15 | B13: 108.54 | C13: 67.15 | D13: 120.75 | E13: 8.83 | F13: 2.13 | G13: 144.56 | H13: 48.94 | I13: Invalid | J13: 1.49 | K13: 223.34 | L13: 14.19 | M13: 80.28 | N13: 59.4 | O13: 0 | P13: 1.9 | Q13: 9.75
A14: 16/01/2025 01:30 | B14: 105.79 | C14: 66.35 | D14: 118.13 | E14: 9.14 | F14: 2.13 | G14: 144.56 | H14: 48.94 | I14: Invalid | J14: 1.72 | K14: 272.07 | L14: 14.04 | M14: 78.71 | N14: 59.3 | O14: 0 | P14: 1.99 | Q14: 9.7
A15: 16/01/2025 01:45 | B15: 102.98 | C15: 65.42 | D15: 115.38 | E15: 8.84 | F15: 2.13 | G15: 157.41 | H15: 51.7 | I15: Invalid | J15: 1.73 | K15: 301.48 | L15: 13.78 | M15: 83.81 | N15: 59.5 | O15: 0 | P15: 1.99 | Q15: 9.69
A16: 16/01/2025 02:00 | B16: 100.58 | C16: 64.61 | D16: 113.03 | E16: 8.59 | F16: 2.13 | G16: 162.92 | H16: 52.95 | I16: Invalid | J16: 1.86 | K16: 300.51 | L16: 13.51 | M16: 88.28 | N16: 59.4 | O16: 0 | P16: 1.99 | Q16: 9.69
A17: 16/01/2025 02:15 | B17: 98.37 | C17: 64.08 | D17: 110.99 | E17: 8.63 | F17: 2.13 | G17: 162.92 | H17: 52.95 | I17: Invalid | J17: 1.35 | K17: 108.54 | L17: 13.38 | M17: 86.75 | N17: 59.4 | O17: 0 | P17: 1.99 | Q17: 9.66
A18: 16/01/2025 02:30 | B18: 96.55 | C18: 62.85 | D18: 108.89 | E18: 8.55 | F18: 2.13 | G18: 162.92 | H18: 52.95 | I18: Invalid | J18: 1.83 | K18: 123.12 | L18: 13.29 | M18: 88.34 | N18: 59.3 | O18: 0 | P18: 1.99 | Q18: 9.64
A19: 16/01/2025 02:45 | B19: 95.25 | C19: 61.95 | D19: 107.38 | E19: 8.83 | F19: 2.13 | G19: 177.27 | H19: 59.17 | I19: Invalid | J19: 1.57 | K19: 325.59 | L19: 13.24 | M19: 91.04 | N19: 59.3 | O19: 0 | P19: 1.99 | Q19: 9.64
A20: 16/01/2025 03:00 | B20: 94.42 | C20: 59.13 | D20: 105.23 | E20: 9 | F20: 2.13 | G20: 183.42 | H20: 61.97 | I20: Invalid | J20: 0.9 | K20: 330.7 | L20: 13.1 | M20: 93.15 | N20: 59.2 | O20: 0 | P20: 1.99 | Q20: 9.67
... A104: 16/01/2025 24:00 | B104: 18.65 | C104: 62.79 | D104: 46.38 | E104: 6.68 | F104: 2.13 | G104: 97.15 | H104: 36.25 | I104: Invalid | J104: 1 | K104: 342.04 | L104: 16.13 | M104: 54.72 | N104: 70.4 | O104: 0 | P104: 0.99 | Q104: 8.21
A106: Min | B106: =MIN(B9:B104) -> 2.28 | C106: =MIN(C9:C104) -> 51.82 | D106: =MIN(D9:D104) -> 31.69 | E106: =MIN(E9:E104) -> 4.27 | F106: =MIN(F9:F104) -> 2.13 | G106: =MIN(G9:G104) -> 0 | H106: =MIN(H9:H104) -> 32.17 | I106: =MIN(I9:I104) -> 0 | ... Q106: =MIN(Q9:Q104) -> 0
A107: Max | B107: =MAX(B9:B104) -> 116.4 | C107: =MAX(C9:C104) -> 97.43 | D107: =MAX(D9:D104) -> 128.22 | E107: =MAX(E9:E104) -> 12.54 | F107: =MAX(F9:F104) -> 22.22 | G107: =MAX(G9:G104) -> 183.42 | H107: =MAX(H9:H104) -> 64.67 | I107: =MAX(I9:I104) -> 0 | ... Q107: =MAX(Q9:Q104) -> 9.84
A108: Avg | B108: =AVERAGE(B9:B104) -> 40.955 | C108: =AVERAGE(C9:C104) -> 68.755104 | D108: =AVERAGE(D9:D104) -> 67.388229 | E108: =AVERAGE(E9:E104) -> 7.3717708 | F108: =AVERAGE(F9:F104) -> 2.9017708 | G108: =AVERAGE(G9:G104) -> 115.35135 | H108: =AVERAGE(H9:H104) -> 43.983958 | I108: =AVERAGE(I9:I104) -> #DIV/0! | ... Q108: =AVERAGE(Q9:Q104) -> 8.4977083
A109: Stdev | B109: =STDEV(B9:B104) -> 38.98209 | C109: =STDEV(C9:C104) -> 9.9730472 | D109: =STDEV(D9:D104) -> 27.879822 | E109: =STDEV(E9:E104) -> 1.5820593 | F109: =STDEV(F9:F104) -> 2.4524411 | G109: =STDEV(G9:G104) -> 37.240451 | H109: =STDEV(H9:H104) -> 9.6503365 | I109: =STDEV(I9:I104) -> #DIV/0! | ... Q109: =STDEV(Q9:Q104) -> 1.4080875
A110: Num | B110: =COUNT(B9:B104) -> 96 | C110: =COUNT(C9:C104) -> 96 | D110: =COUNT(D9:D104) -> 96 | E110: =COUNT(E9:E104) -> 96 | F110: =COUNT(F9:F104) -> 96 | G110: =COUNT(G9:G104) -> 96 | H110: =COUNT(H9:H104) -> 96 | I110: =COUNT(I9:I104) -> 0 | ... Q110: =COUNT(Q9:Q104) -> 96
A111: DCR | B111: =IF(B110>=87,">90%",IF(B110<=87,"<90%")) -> >90% | C111: =IF(C110>=87,">90%",IF(C110<=87,"<90%")) -> >90% | D111: =IF(D110>=87,">90%",IF(D110<=87,"<90%")) -> >90% | E111: =IF(E110>=87,">90%",IF(E110<=87,"<90%")) -> >90% | F111: =IF(F110>=87,">90%",IF(F110<=87,"<90%")) -> >90% | G111: =IF(G110>=87,">90%",IF(G110<=87,"<90%")) -> >90% | H111: =IF(H110>=87,">90%",IF(H110<=87,"<90%")) -> >90% | I111: =IF(I110>=87,">90%",IF(I110<=87,"<90%")) -> <90% | ... Q111: =IF(Q110>=87,">90%",IF(Q110<=87,"<90%")) -> >90%
A112: Status | B112: =IF(B110>=87,"OK",IF(B110<=87,"LESS")) -> OK | C112: =IF(C110>=87,"OK",IF(C110<=87,"LESS")) -> OK | D112: =IF(D110>=87,"OK",IF(D110<=87,"LESS")) -> OK | E112: =IF(E110>=87,"OK",IF(E110<=87,"LESS")) -> OK | F112: =IF(F110>=87,"OK",IF(F110<=87,"LESS")) -> OK | G112: =IF(G110>=87,"OK",IF(G110<=87,"LESS")) -> OK | H112: =IF(H110>=87,"OK",IF(H110<=87,"LESS")) -> OK | I112: =IF(I110>=87,"OK",IF(I110<=87,"LESS")) -> LESS | ... Q112: =IF(Q110>=87,"OK",IF(Q110<=87,"LESS")) -> OK
A115: Done by | B115: RK
A117: Comment

Sheet 17
A1: Station: | B1: BHATAGAON RAIPUR
A2: Date: | B2: =$A$9 -> 17/01/2025 00:15 | D2: Power Off | G2: Pw.Off | L2: Link Fail | N2: Link F | P2: Maintenance | R2: Maint.
A3: Report Type: | B3: Mean | D3: Calibration | G3: Calib. | L3: Data Fail | N3: Data F | P3: Invalid | R3: Invalid
A4: Time Base: | B4: 15 Min | D4: Zero Referrence | G4: Z.Ref | L4: Warm Up | N4: Wm. Up
A7: Date & Time | B7: NO_BHATAGAON | C7: NO2__BHATAGAON | D7: NOX_BHATAGAON | E7: SO2__BHATAGAON | F7: O3__BHATAGAON | G7: PM10__BHATAGAON | H7: PM2_5__BHATAGAON | I7: BENZ__BHATAGAON | J7: WS__BHATAGAON | K7: WD__BHATAGAON | L7: TEMP__BHATAGAON | M7: HUM__BHATAGAON | N7: SR__BHATAGAON | O7: RG__BHATAGAON | P7: CO__BHATAGAON | Q7: NH3__BHATAGAON
B8: ug/m3 | C8: ug/m3 | D8: ppb | E8: ug/m3 | F8: ug/m3 | G8: ug/m3 | H8: ug/m3 | I8: ug/m3 | J8: m/sec | K8: deg | L8: degreC | M8: % | N8: w/m2 | O8: mm | P8: mg/m3 | Q8: ug/m3
A9: 17/01/2025 00:15 | B9: 17.91 | C9: 61.88 | D9: 45.31 | E9: 6.69 | F9: 2.13 | G9: 97.15 | H9: 36.25 | I9: Invalid | J9: 1.21 | K9: 346.08 | L9: 16.04 | M9: 53.44 | N9: 70.4 | O9: 0 | P9: 0.98 | Q9: 8.21
A10: 17/01/2025 00:30 | B10: 17.09 | C10: 60.88 | D10: 44.14 | E10: 6.77 | F10: 2.13 | G10: 97.15 | H10: 36.25 | I10: Invalid | J10: 0.69 | K10: 347.35 | L10: 15.91 | M10: 53.18 | N10: 70.3 | O10: 0 | P10: 0.96 | Q10: 8.21
A11: 17/01/2025 00:45 | B11: 16.33 | C11: 60.4 | D11: 43.27 | E11: 5.78 | F11: 2.13 | G11: 75.83 | H11: 34.61 | I11: Invalid | J11: 0.91 | K11: 329.91 | L11: 15.76 | M11: 53.08 | N11: 70.4 | O11: 0 | P11: 0.89 | Q11: 8.21
A12: 17/01/2025 01:00 | B12: 15.6 | C12: 58.76 | D12: 41.84 | E12: 5.93 | F12: 2.13 | G12: 66.7 | H12: 33.87 | I12: Invalid | J12: 0.73 | K12: 348.69 | L12: 15.58 | M12: 53.89 | N12: 70.5 | O12: 0 | P12: 0.89 | Q12: 8.21
A13: 17/01/2025 01:15 | B13: 14.75 | C13: 57.79 | D13: 40.64 | E13: 6.55 | F13: 2.13 | G13: 66.7 | H13: 33.87 | I13: Invalid | J13: 1.19 | K13: 342.06 | L13: 15.57 | M13: 53.55 | N13: 70.2 | O13: 0 | P13: 0.84 | Q13: 8.21
A14: 17/01/2025 01:30 | B14: 13.78 | C14: 56.28 | D14: 39.08 | E14: 6.32 | F14: 2.13 | G14: 66.7 | H14: 33.87 | I14: Invalid | J14: 1.25 | K14: 346.26 | L14: 15.53 | M14: 53.02 | N14: 70.3 | O14: 0 | P14: 0.84 | Q14: 8.21
A15: 17/01/2025 01:45 | B15: 12.87 | C15: 56.53 | D15: 38.48 | E15: 6.19 | F15: 2.13 | G15: 58.75 | H15: 29.14 | I15: Invalid | J15: 1.34 | K15: 345.62 | L15: 15.4 | M15: 52.86 | N15: 70.4 | O15: 0 | P15: 0.84 | Q15: 8.21
A16: 17/01/2025 02:00 | B16: 12.04 | C16: 56.13 | D16: 37.61 | E16: 6.07 | F16: 2.13 | G16: 55.35 | H16: 27.12 | I16: Invalid | J16: 0.69 | K16: 319.03 | L16: 15.24 | M16: 53.03 | N16: 70.4 | O16: 0 | P16: 0.82 | Q16: 8.21
A17: 17/01/2025 02:15 | B17: 11.26 | C17: 55.04 | D17: 36.41 | E17: 5.87 | F17: 2.13 | G17: 55.35 | H17: 27.12 | I17: Invalid | J17: 0.21 | K17: 30.51 | L17: 15.05 | M17: 53.76 | N17: 70.3 | O17: 0 | P17: 0.79 | Q17: 8.21
A18: 17/01/2025 02:30 | B18: 10.49 | C18: 54 | D18: 35.24 | E18: 5.57 | F18: 2.13 | G18: 55.35 | H18: 27.12 | I18: Invalid | J18: 0.36 | K18: 1.35 | L18: 14.92 | M18: 54.79 | N18: 70.3 | O18: 0 | P18: 0.77 | Q18: 8.21
A19: 17/01/2025 02:45 | B19: 9.78 | C19: 52.99 | D19: 34.15 | E19: 5.43 | F19: 2.13 | G19: 40.78 | H19: 25.04 | I19: Invalid | J19: 0.49 | K19: 6.38 | L19: 14.77 | M19: 54.96 | N19: 70.3 | O19: 0 | P19: 0.74 | Q19: 8.21
A20: 17/01/2025 03:00 | B20: 9.17 | C20: 52.07 | D20: 33.18 | E20: 5.66 | F20: 2.13 | G20: 34.54 | H20: 24.15 | I20: Invalid | J20: 0.73 | K20: 11.83 | L20: 14.68 | M20: 55.05 | N20: 70.1 | O20: 0 | P20: 0.72 | Q20: 8.21
... A104: 17/01/2025 24:00 | B104: 48.64 | C104: 59.41 | D104: 68.67 | E104: 6.42 | F104: 2.13 | G104: 79.66 | H104: 28.07 | I104: Invalid | J104: 2.22 | K104: 351.76 | L104: 14.58 | M104: 51.01 | N104: 75.4 | O104: 0 | P104: 1.06 | Q104: 9.49
A106: Min | B106: =MIN(B9:B104) -> 7.65 | C106: =MIN(C9:C104) -> 47.04 | D106: =MIN(D9:D104) -> 29.74 | E106: =MIN(E9:E104) -> 5.23 | F106: =MIN(F9:F104) -> 2.13 | G106: =MIN(G9:G104) -> 32.61 | H106: =MIN(H9:H104) -> 18.76 | I106: =MIN(I9:I104) -> 0 | ... Q106: =MIN(Q9:Q104) -> 8.21
A107: Max | B107: =MAX(B9:B104) -> 50.48 | C107: =MAX(C9:C104) -> 73.54 | D107: =MAX(D9:D104) -> 70.47 | E107: =MAX(E9:E104) -> 8.13 | F107: =MAX(F9:F104) -> 2.14 | G107: =MAX(G9:G104) -> 109.39 | H107: =MAX(H9:H104) -> 36.25 | I107: =MAX(I9:I104) -> 0 | ... Q107: =MAX(Q9:Q104) -> 9.68
A108: Avg | B108: =AVERAGE(B9:B104) -> 22.389583 | C108: =AVERAGE(C9:C104) -> 61.299271 | D108: =AVERAGE(D9:D104) -> 48.604896 | E108: =AVERAGE(E9:E104) -> 6.2869792 | F108: =AVERAGE(F9:F104) -> 2.1301042 | G108: =AVERAGE(G9:G104) -> 65.332188 | H108: =AVERAGE(H9:H104) -> 25.879167 | I108: =AVERAGE(I9:I104) -> #DIV/0! | ... Q108: =AVERAGE(Q9:Q104) -> 8.4720833
A109: Stdev | B109: =STDEV(B9:B104) -> 12.595265 | C109: =STDEV(C9:C104) -> 8.6329138 | D109: =STDEV(D9:D104) -> 11.858179 | E109: =STDEV(E9:E104) -> 0.63712532 | F109: =STDEV(F9:F104) -> 0.0010206207 | G109: =STDEV(G9:G104) -> 20.423535 | H109: =STDEV(H9:H104) -> 4.8375182 | I109: =STDEV(I9:I104) -> #DIV/0! | ... Q109: =STDEV(Q9:Q104) -> 0.49456396
A110: Num | B110: =COUNT(B9:B104) -> 96 | C110: =COUNT(C9:C104) -> 96 | D110: =COUNT(D9:D104) -> 96 | E110: =COUNT(E9:E104) -> 96 | F110: =COUNT(F9:F104) -> 96 | G110: =COUNT(G9:G104) -> 96 | H110: =COUNT(H9:H104) -> 96 | I110: =COUNT(I9:I104) -> 0 | ... Q110: =COUNT(Q9:Q104) -> 96
A111: DCR | B111: =IF(B110>=87,">90%",IF(B110<=87,"<90%")) -> >90% | C111: =IF(C110>=87,">90%",IF(C110<=87,"<90%")) -> >90% | D111: =IF(D110>=87,">90%",IF(D110<=87,"<90%")) -> >90% | E111: =IF(E110>=87,">90%",IF(E110<=87,"<90%")) -> >90% | F111: =IF(F110>=87,">90%",IF(F110<=87,"<90%")) -> >90% | G111: =IF(G110>=87,">90%",IF(G110<=87,"<90%")) -> >90% | H111: =IF(H110>=87,">90%",IF(H110<=87,"<90%")) -> >90% | I111: =IF(I110>=87,">90%",IF(I110<=87,"<90%")) -> <90% | ... Q111: =IF(Q110>=87,">90%",IF(Q110<=87,"<90%")) -> >90%
A112: Status | B112: =IF(B110>=87,"OK",IF(B110<=87,"LESS")) -> OK | C112: =IF(C110>=87,"OK",IF(C110<=87,"LESS")) -> OK | D112: =IF(D110>=87,"OK",IF(D110<=87,"LESS")) -> OK | E112: =IF(E110>=87,"OK",IF(E110<=87,"LESS")) -> OK | F112: =IF(F110>=87,"OK",IF(F110<=87,"LESS")) -> OK | G112: =IF(G110>=87,"OK",IF(G110<=87,"LESS")) -> OK | H112: =IF(H110>=87,"OK",IF(H110<=87,"LESS")) -> OK | I112: =IF(I110>=87,"OK",IF(I110<=87,"LESS")) -> LESS | ... Q112: =IF(Q110>=87,"OK",IF(Q110<=87,"LESS")) -> OK
A115: Done by | B115: RK
A117: Comment

Sheet 18
A1: Station: | B1: BHATAGAON RAIPUR
A2: Date: | B2: =$A$9 -> 18/01/2025 00:15 | D2: Power Off | G2: Pw.Off | L2: Link Fail | N2: Link F | P2: Maintenance | R2: Maint.
A3: Report Type: | B3: Mean | D3: Calibration | G3: Calib. | L3: Data Fail | N3: Data F | P3: Invalid | R3: Invalid
A4: Time Base: | B4: 15 Min | D4: Zero Referrence | G4: Z.Ref | L4: Warm Up | N4: Wm. Up
A7: Date & Time | B7: NO_BHATAGAON | C7: NO2__BHATAGAON | D7: NOX_BHATAGAON | E7: SO2__BHATAGAON | F7: O3__BHATAGAON | G7: PM10__BHATAGAON | H7: PM2_5__BHATAGAON | I7: BENZ__BHATAGAON | J7: WS__BHATAGAON | K7: WD__BHATAGAON | L7: TEMP__BHATAGAON | M7: HUM__BHATAGAON | N7: SR__BHATAGAON | O7: RG__BHATAGAON | P7: CO__BHATAGAON | Q7: NH3__BHATAGAON
B8: ug/m3 | C8: ug/m3 | D8: ppb | E8: ug/m3 | F8: ug/m3 | G8: ug/m3 | H8: ug/m3 | I8: ug/m3 | J8: m/sec | K8: deg | L8: degreC | M8: % | N8: w/m2 | O8: mm | P8: mg/m3 | Q8: ug/m3
A9: 18/01/2025 00:15 | B9: 47.99 | C9: 59.3 | D9: 68.09 | E9: 7.7 | F9: 2.13 | G9: 79.66 | H9: 28.07 | I9: Invalid | J9: 1.42 | K9: 358.07 | L9: 14.26 | M9: 53.32 | N9: 75.6 | O9: 0 | P9: 1.05 | Q9: 9.37
A10: 18/01/2025 00:30 | B10: 47.46 | C10: 58.87 | D10: 67.44 | E10: 7.34 | F10: 2.13 | G10: 79.66 | H10: 28.07 | I10: Invalid | J10: 1.9 | K10: 351.56 | L10: 14 | M10: 53.93 | N10: 75.3 | O10: 0 | P10: 1.06 | Q10: 9.27
A11: 18/01/2025 00:45 | B11: 46.95 | C11: 58.5 | D11: 66.84 | E11: 6.93 | F11: 2.13 | G11: 83.07 | H11: 27.53 | I11: Invalid | J11: 1.21 | K11: 356.92 | L11: 14.07 | M11: 52.56 | N11: 75 | O11: 0 | P11: 1.05 | Q11: 9.21
A12: 18/01/2025 01:00 | B12: 45.88 | C12: 56.54 | D12: 64.96 | E12: 6.48 | F12: 2.13 | G12: 84.54 | H12: 27.3 | I12: Invalid | J12: 1.58 | K12: 349.96 | L12: 13.99 | M12: 53.33 | N12: 75.3 | O12: 0 | P12: 1.01 | Q12: 9.1
A13: 18/01/2025 01:15 | B13: 44.34 | C13: 55.9 | D13: 63.38 | E13: 6.5 | F13: 2.13 | G13: 84.54 | H13: 27.3 | I13: Invalid | J13: 1.83 | K13: 347.7 | L13: 13.88 | M13: 54.25 | N13: 75.4 | O13: 0 | P13: 0.89 | Q13: 8.93
A14: 18/01/2025 01:30 | B14: 42.61 | C14: 55.72 | D14: 61.91 | E14: 6.45 | F14: 2.13 | G14: 84.54 | H14: 27.3 | I14: Invalid | J14: 1.72 | K14: 347.32 | L14: 13.68 | M14: 55.17 | N14: 75.6 | O14: 0 | P14: 0.9 | Q14: 8.8
A15: 18/01/2025 01:45 | B15: 40.87 | C15: 54.93 | D15: 60.1 | E15: 6.03 | F15: 2.13 | G15: 76.5 | H15: 27.16 | I15: Invalid | J15: 2.08 | K15: 344.97 | L15: 13.58 | M15: 55.49 | N15: 75.6 | O15: 0 | P15: 0.87 | Q15: 8.7
A16: 18/01/2025 02:00 | B16: 39.27 | C16: 54.34 | D16: 58.5 | E16: 6.47 | F16: 2.13 | G16: 72.87 | H16: 27.1 | I16: Invalid | J16: 1.7 | K16: 345.75 | L16: 13.42 | M16: 55.87 | N16: 75.6 | O16: 0 | P16: 0.86 | Q16: 8.6
A17: 18/01/2025 02:15 | B17: 37.78 | C17: 54.01 | D17: 57.14 | E17: 6.43 | F17: 2.13 | G17: 72.87 | H17: 27.1 | I17: Invalid | J17: 1.59 | K17: 345.17 | L17: 13.33 | M17: 55.72 | N17: 75.6 | O17: 0 | P17: 0.82 | Q17: 8.5
A18: 18/01/2025 02:30 | B18: 36.25 | C18: 53.28 | D18: 55.53 | E18: 6.15 | F18: 2.13 | G18: 72.87 | H18: 27.1 | I18: Invalid | J18: 1.53 | K18: 349.55 | L18: 13.26 | M18: 55.71 | N18: 75.7 | O18: 0 | P18: 0.79 | Q18: 8.38
A19: 18/01/2025 02:45 | B19: 34.87 | C19: 53.17 | D19: 54.36 | E19: 5.93 | F19: 2.13 | G19: 69.73 | H19: 26.65 | I19: Invalid | J19: 0.94 | K19: 345.51 | L19: 13.08 | M19: 56.83 | N19: 76.1 | O19: 0 | P19: 0.81 | Q19: 8.28
A20: 18/01/2025 03:00 | B20: 33.71 | C20: 52.74 | D20: 53.22 | E20: 6.71 | F20: 2.13 | G20: 68.38 | H20: 26.45 | I20: Invalid | J20: 0.28 | K20: 33.94 | L20: 12.89 | M20: 57.48 | N20: 76.1 | O20: 0 | P20: 0.79 | Q20: 8.22
... A104: 18/01/2025 24:00 | B104: 90.96 | C104: 73.65 | D104: 110.04 | E104: 7.81 | F104: 2.13 | G104: 136.32 | H104: 44.13 | I104: Invalid | J104: 1.72 | K104: 311.96 | L104: 12.44 | M104: 82.57 | N104: 64 | O104: 0 | P104: 1.69 | Q104: 9.73
A106: Min | B106: =MIN(B9:B104) -> 12.1 | C106: =MIN(C9:C104) -> 50.06 | D106: =MIN(D9:D104) -> 45.74 | E106: =MIN(E9:E104) -> 5.62 | F106: =MIN(F9:F104) -> 2.13 | G106: =MIN(G9:G104) -> 53.61 | H106: =MIN(H9:H104) -> 22.26 | I106: =MIN(I9:I104) -> 0 | ... Q106: =MIN(Q9:Q104) -> 8.21
A107: Max | B107: =MAX(B9:B104) -> 90.96 | C107: =MAX(C9:C104) -> 76.32 | D107: =MAX(D9:D104) -> 110.04 | E107: =MAX(E9:E104) -> 8.98 | F107: =MAX(F9:F104) -> 2.13 | G107: =MAX(G9:G104) -> 136.32 | H107: =MAX(H9:H104) -> 44.3 | I107: =MAX(I9:I104) -> 0 | ... Q107: =MAX(Q9:Q104) -> 9.73
A108: Avg | B108: =AVERAGE(B9:B104) -> 36.200104 | C108: =AVERAGE(C9:C104) -> 63.506354 | D108: =AVERAGE(D9:D104) -> 60.833125 | E108: =AVERAGE(E9:E104) -> 6.9729167 | F108: =AVERAGE(F9:F104) -> 2.13 | G108: =AVERAGE(G9:G104) -> 82.394375 | H108: =AVERAGE(H9:H104) -> 28.245313 | I108: =AVERAGE(I9:I104) -> #DIV/0! | ... Q108: =AVERAGE(Q9:Q104) -> 8.40625
A109: Stdev | B109: =STDEV(B9:B104) -> 16.436765 | C109: =STDEV(C9:C104) -> 9.5048823 | D109: =STDEV(D9:D104) -> 14.558632 | E109: =STDEV(E9:E104) -> 0.80558696 | F109: =STDEV(F9:F104) -> 2.6785224e-15 | G109: =STDEV(G9:G104) -> 22.170854 | H109: =STDEV(H9:H104) -> 6.009466 | I109: =STDEV(I9:I104) -> #DIV/0! | ... Q109: =STDEV(Q9:Q104) -> 0.40711113
A110: Num | B110: =COUNT(B9:B104) -> 96 | C110: =COUNT(C9:C104) -> 96 | D110: =COUNT(D9:D104) -> 96 | E110: =COUNT(E9:E104) -> 96 | F110: =COUNT(F9:F104) -> 96 | G110: =COUNT(G9:G104) -> 96 | H110: =COUNT(H9:H104) -> 96 | I110: =COUNT(I9:I104) -> 0 | ... Q110: =COUNT(Q9:Q104) -> 96
A111: DCR | B111: =IF(B110>=87,">90%",IF(B110<=87,"<90%")) -> >90% | C111: =IF(C110>=87,">90%",IF(C110<=87,"<90%")) -> >90% | D111: =IF(D110>=87,">90%",IF(D110<=87,"<90%")) -> >90% | E111: =IF(E110>=87,">90%",IF(E110<=87,"<90%")) -> >90% | F111: =IF(F110>=87,">90%",IF(F110<=87,"<90%")) -> >90% | G111: =IF(G110>=87,">90%",IF(G110<=87,"<90%")) -> >90% | H111: =IF(H110>=87,">90%",IF(H110<=87,"<90%")) -> >90% | I111: =IF(I110>=87,">90%",IF(I110<=87,"<90%")) -> <90% | ... Q111: =IF(Q110>=87,">90%",IF(Q110<=87,"<90%")) -> >90%
A112: Status | B112: =IF(B110>=87,"OK",IF(B110<=87,"LESS")) -> OK | C112: =IF(C110>=87,"OK",IF(C110<=87,"LESS")) -> OK | D112: =IF(D110>=87,"OK",IF(D110<=87,"LESS")) -> OK | E112: =IF(E110>=87,"OK",IF(E110<=87,"LESS")) -> OK | F112: =IF(F110>=87,"OK",IF(F110<=87,"LESS")) -> OK | G112: =IF(G110>=87,"OK",IF(G110<=87,"LESS")) -> OK | H112: =IF(H110>=87,"OK",IF(H110<=87,"LESS")) -> OK | I112: =IF(I110>=87,"OK",IF(I110<=87,"LESS")) -> LESS | ... Q112: =IF(Q110>=87,"OK",IF(Q110<=87,"LESS")) -> OK
A115: Done by | B115: RK
A117: Comment

Sheet 19
A1: Station: | B1: BHATAGAON RAIPUR
A2: Date: | B2: =$A$9 -> 19/01/2025 00:15 | D2: Power Off | G2: Pw.Off | L2: Link Fail | N2: Link F | P2: Maintenance | R2: Maint.
A3: Report Type: | B3: Mean | D3: Calibration | G3: Calib. | L3: Data Fail | N3: Data F | P3: Invalid | R3: Invalid
A4: Time Base: | B4: 15 Min | D4: Zero Referrence | G4: Z.Ref | L4: Warm Up | N4: Wm. Up
A7: Date & Time | B7: NO_BHATAGAON | C7: NO2__BHATAGAON | D7: NOX_BHATAGAON | E7: SO2__BHATAGAON | F7: O3__BHATAGAON | G7: PM10__BHATAGAON | H7: PM2_5__BHATAGAON | I7: BENZ__BHATAGAON | J7: WS__BHATAGAON | K7: WD__BHATAGAON | L7: TEMP__BHATAGAON | M7: HUM__BHATAGAON | N7: SR__BHATAGAON | O7: RG__BHATAGAON | P7: CO__BHATAGAON | Q7: NH3__BHATAGAON
B8: ug/m3 | C8: ug/m3 | D8: ppb | E8: ug/m3 | F8: ug/m3 | G8: ug/m3 | H8: ug/m3 | I8: ug/m3 | J8: m/sec | K8: deg | L8: degreC | M8: % | N8: w/m2 | O8: mm | P8: mg/m3 | Q8: ug/m3
A9: 19/01/2025 00:15 | B9: 90.03 | C9: 73.19 | D9: 109.06 | E9: 8.19 | F9: 2.13 | G9: 136.32 | H9: 44.13 | I9: Invalid | J9: 0.97 | K9: 243.15 | L9: 12.45 | M9: 81.16 | N9: 60.4 | O9: 0 | P9: 1.69 | Q9: 9.76
A10: 19/01/2025 00:30 | B10: 86.65 | C10: 72.7 | D10: 106.09 | E10: 8.54 | F10: 2.13 | G10: 136.32 | H10: 44.13 | I10: Invalid | J10: 1.74 | K10: 270.72 | L10: 12.44 | M10: 81.64 | N10: 59.1 | O10: 0 | P10: 1.7 | Q10: 9.73
A11: 19/01/2025 00:45 | B11: 83.82 | C11: 72.24 | D11: 103.58 | E11: 8.74 | F11: 2.13 | G11: 138.47 | H11: 44.29 | I11: Invalid | J11: 1.64 | K11: 288.05 | L11: 12.3 | M11: 81.6 | N11: 58.3 | O11: 0 | P11: 1.71 | Q11: 9.71
A12: 19/01/2025 01:00 | B12: 82.51 | C12: 71.5 | D12: 102.14 | E12: 8.37 | F12: 2.13 | G12: 139.39 | H12: 44.35 | I12: Invalid | J12: 1.96 | K12: 327.09 | L12: 11.98 | M12: 86.51 | N12: 57.5 | O12: 0 | P12: 1.72 | Q12: 9.7
A13: 19/01/2025 01:15 | B13: 80.42 | C13: 71.48 | D13: 100.46 | E13: 8.77 | F13: 2.13 | G13: 139.39 | H13: 44.35 | I13: Invalid | J13: 1.58 | K13: 1.15 | L13: 12.11 | M13: 80.54 | N13: 56 | O13: 0 | P13: 1.58 | Q13: 9.7
A14: 19/01/2025 01:30 | B14: 77.58 | C14: 70.95 | D14: 97.91 | E14: 8.86 | F14: 2.13 | G14: 139.39 | H14: 44.35 | I14: Invalid | J14: 1.74 | K14: 345.48 | L14: 12.18 | M14: 79.51 | N14: 56.6 | O14: 0 | P14: 1.66 | Q14: 9.68
A15: 19/01/2025 01:45 | B15: 75.34 | C15: 70.29 | D15: 95.76 | E15: 9.41 | F15: 2.13 | G15: 197.36 | H15: 51.47 | I15: Invalid | J15: 0.84 | K15: 342.49 | L15: 11.96 | M15: 81.11 | N15: 56.2 | O15: 0 | P15: 1.67 | Q15: 9.63
A16: 19/01/2025 02:00 | B16: 73.5 | C16: 67.4 | D16: 92.78 | E16: 9.44 | F16: 2.13 | G16: 222.2 | H16: 54.52 | I16: Invalid | J16: 0.95 | K16: 287.19 | L16: 11.75 | M16: 81.22 | N16: 55.4 | O16: 0 | P16: 1.68 | Q16: 9.61
A17: 19/01/2025 02:15 | B17: 71.51 | C17: 65.81 | D17: 90.35 | E17: 9.39 | F17: 2.13 | G17: 222.2 | H17: 54.52 | I17: Invalid | J17: 1.67 | K17: 286.01 | L17: 11.65 | M17: 79.69 | N17: 55 | O17: 0 | P17: 1.64 | Q17: 9.48
A18: 19/01/2025 02:30 | B18: 69.39 | C18: 64.96 | D18: 88.21 | E18: 8.89 | F18: 2.13 | G18: 222.2 | H18: 54.52 | I18: Invalid | J18: 1.73 | K18: 302.22 | L18: 11.54 | M18: 79.63 | N18: 55 | O18: 0 | P18: 1.63 | Q18: 9.37
A19: 19/01/2025 02:45 | B19: 67.35 | C19: 63.84 | D19: 85.99 | E19: 9.07 | F19: 2.13 | G19: 213.74 | H19: 64.39 | I19: Invalid | J19: 1.11 | K19: 294.73 | L19: 11.5 | M19: 81 | N19: 54.8 | O19: 0 | P19: 1.6 | Q19: 9.27
A20: 19/01/2025 03:00 | B20: 65.33 | C20: 62.45 | D20: 83.64 | E20: 9.06 | F20: 2.13 | G20: 210.12 | H20: 68.62 | I20: Invalid | J20: 1.7 | K20: 336.86 | L20: 11.09 | M20: 83.86 | N20: 55 | O20: 0 | P20: 1.58 | Q20: 9.15
... A104: 19/01/2025 24:00 | B104: 212.16 | C104: 74.09 | D104: 207.47 | E104: 9.71 | F104: 2.13 | G104: 210.96 | H104: 61.24 | I104: Invalid | J104: 1.77 | K104: 303.58 | L104: 11.32 | M104: 80.14 | N104: 80.8 | O104: 0 | P104: 2.24 | Q104: 10.41
A106: Min | B106: =MIN(B9:B104) -> 11.97 | C106: =MIN(C9:C104) -> 55.53 | D106: =MIN(D9:D104) -> 45.4 | E106: =MIN(E9:E104) -> 4.73 | F106: =MIN(F9:F104) -> 2.13 | G106: =MIN(G9:G104) -> 58.44 | H106: =MIN(H9:H104) -> 27.71 | I106: =MIN(I9:I104) -> 0 | ... Q106: =MIN(Q9:Q104) -> 8.21
A107: Max | B107: =MAX(B9:B104) -> 212.16 | C107: =MAX(C9:C104) -> 76.3 | D107: =MAX(D9:D104) -> 207.47 | E107: =MAX(E9:E104) -> 11.1 | F107: =MAX(F9:F104) -> 2.13 | G107: =MAX(G9:G104) -> 222.2 | H107: =MAX(H9:H104) -> 68.62 | I107: =MAX(I9:I104) -> 0 | ... Q107: =MAX(Q9:Q104) -> 10.41
A108: Avg | B108: =AVERAGE(B9:B104) -> 62.475 | C108: =AVERAGE(C9:C104) -> 67.624063 | D108: =AVERAGE(D9:D104) -> 84.054375 | E108: =AVERAGE(E9:E104) -> 7.258125 | F108: =AVERAGE(F9:F104) -> 2.13 | G108: =AVERAGE(G9:G104) -> 127.64167 | H108: =AVERAGE(H9:H104) -> 43.523854 | I108: =AVERAGE(I9:I104) -> #DIV/0! | ... Q108: =AVERAGE(Q9:Q104) -> 8.8366667
A109: Stdev | B109: =STDEV(B9:B104) -> 45.841284 | C109: =STDEV(C9:C104) -> 7.1127909 | D109: =STDEV(D9:D104) -> 37.237783 | E109: =STDEV(E9:E104) -> 1.7862665 | F109: =STDEV(F9:F104) -> 2.6785224e-15 | G109: =STDEV(G9:G104) -> 49.45847 | H109: =STDEV(H9:H104) -> 13.672634 | I109: =STDEV(I9:I104) -> #DIV/0! | ... Q109: =STDEV(Q9:Q104) -> 0.69663653
A110: Num | B110: =COUNT(B9:B104) -> 96 | C110: =COUNT(C9:C104) -> 96 | D110: =COUNT(D9:D104) -> 96 | E110: =COUNT(E9:E104) -> 96 | F110: =COUNT(F9:F104) -> 96 | G110: =COUNT(G9:G104) -> 96 | H110: =COUNT(H9:H104) -> 96 | I110: =COUNT(I9:I104) -> 0 | ... Q110: =COUNT(Q9:Q104) -> 96
A111: DCR | B111: =IF(B110>=87,">90%",IF(B110<=87,"<90%")) -> >90% | C111: =IF(C110>=87,">90%",IF(C110<=87,"<90%")) -> >90% | D111: =IF(D110>=87,">90%",IF(D110<=87,"<90%")) -> >90% | E111: =IF(E110>=87,">90%",IF(E110<=87,"<90%")) -> >90% | F111: =IF(F110>=87,">90%",IF(F110<=87,"<90%")) -> >90% | G111: =IF(G110>=87,">90%",IF(G110<=87,"<90%")) -> >90% | H111: =IF(H110>=87,">90%",IF(H110<=87,"<90%")) -> >90% | I111: =IF(I110>=87,">90%",IF(I110<=87,"<90%")) -> <90% | ... Q111: =IF(Q110>=87,">90%",IF(Q110<=87,"<90%")) -> >90%
A112: Status | B112: =IF(B110>=87,"OK",IF(B110<=87,"LESS")) -> OK | C112: =IF(C110>=87,"OK",IF(C110<=87,"LESS")) -> OK | D112: =IF(D110>=87,"OK",IF(D110<=87,"LESS")) -> OK | E112: =IF(E110>=87,"OK",IF(E110<=87,"LESS")) -> OK | F112: =IF(F110>=87,"OK",IF(F110<=87,"LESS")) -> OK | G112: =IF(G110>=87,"OK",IF(G110<=87,"LESS")) -> OK | H112: =IF(H110>=87,"OK",IF(H110<=87,"LESS")) -> OK | I112: =IF(I110>=87,"OK",IF(I110<=87,"LESS")) -> LESS | ... Q112: =IF(Q110>=87,"OK",IF(Q110<=87,"LESS")) -> OK
A115: Done by | B115: RK
A117: Comment

Sheet 20
A1: Station: | B1: BHATAGAON RAIPUR
A2: Date: | B2: =$A$9 -> 20/01/2025 00:15 | D2: Power Off | G2: Pw.Off | L2: Link Fail | N2: Link F | P2: Maintenance | R2: Maint.
A3: Report Type: | B3: Mean | D3: Calibration | G3: Calib. | L3: Data Fail | N3: Data F | P3: Invalid | R3: Invalid
A4: Time Base: | B4: 15 Min | D4: Zero Referrence | G4: Z.Ref | L4: Warm Up | N4: Wm. Up
A7: Date & Time | B7: NO_BHATAGAON | C7: NO2__BHATAGAON | D7: NOX_BHATAGAON | E7: SO2__BHATAGAON | F7: O3__BHATAGAON | G7: PM10__BHATAGAON | H7: PM2_5__BHATAGAON | I7: BENZ__BHATAGAON | J7: WS__BHATAGAON | K7: WD__BHATAGAON | L7: TEMP__BHATAGAON | M7: HUM__BHATAGAON | N7: SR__BHATAGAON | O7: RG__BHATAGAON | P7: CO__BHATAGAON | Q7: NH3__BHATAGAON
B8: ug/m3 | C8: ug/m3 | D8: ppb | E8: ug/m3 | F8: ug/m3 | G8: ug/m3 | H8: ug/m3 | I8: ug/m3 | J8: m/sec | K8: deg | L8: degreC | M8: % | N8: w/m2 | O8: mm | P8: mg/m3 | Q8: ug/m3
A9: 20/01/2025 00:15 | B9: 213.64 | C9: 73.08 | D9: 208.13 | E9: 10.13 | F9: 2.13 | G9: 210.96 | H9: 61.24 | I9: Invalid | J9: 1.74 | K9: 298.13 | L9: 11.15 | M9: 81.6 | N9: 81 | O9: 0 | P9: 2.22 | Q9: 10.44
A10: 20/01/2025 00:30 | B10: 214.26 | C10: 71.63 | D10: 207.87 | E10: 10.24 | F10: 2.13 | G10: 210.96 | H10: 61.24 | I10: Invalid | J10: 1.5 | K10: 330.9 | L10: 10.9 | M10: 82.64 | N10: 80.9 | O10: 0 | P10: 2.17 | Q10: 10.43
A11: 20/01/2025 00:45 | B11: 214.23 | C11: 68.53 | D11: 206.23 | E11: 10.12 | F11: 2.13 | G11: 196.7 | H11: 59.06 | I11: Invalid | J11: 1.35 | K11: 331.62 | L11: 10.91 | M11: 83.93 | N11: 80.5 | O11: 0 | P11: 2.2 | Q11: 10.41
A12: 20/01/2025 01:00 | B12: 216.81 | C12: 68.81 | D12: 208.44 | E12: 10.55 | F12: 2.13 | G12: 190.58 | H12: 58.13 | I12: Invalid | J12: 1.15 | K12: 313.65 | L12: 11.01 | M12: 83.85 | N12: 80.2 | O12: 0 | P12: 2.2 | Q12: 10.41
A13: 20/01/2025 01:15 | B13: 215.47 | C13: 69.19 | D13: 207.57 | E13: 10.09 | F13: 2.13 | G13: 190.58 | H13: 58.13 | I13: Invalid | J13: 0.78 | K13: 5.1 | L13: 11.31 | M13: 80.52 | N13: 79.8 | O13: 0 | P13: 1.96 | Q13: 10.4
A14: 20/01/2025 01:30 | B14: 208.47 | C14: 68.55 | D14: 201.61 | E14: 10.11 | F14: 2.13 | G14: 190.58 | H14: 58.13 | I14: Invalid | J14: 1.58 | K14: 9.2 | L14: 12.08 | M14: 71.03 | N14: 79.4 | O14: 0 | P14: 2 | Q14: 10.4
A15: 20/01/2025 01:45 | B15: 200.64 | C15: 67.44 | D15: 194.76 | E15: 9.71 | F15: 2.13 | G15: 175.07 | H15: 54.19 | I15: Invalid | J15: 0.82 | K15: 307.68 | L15: 12.02 | M15: 70.97 | N15: 80.6 | O15: 0 | P15: 2 | Q15: 10.38
A16: 20/01/2025 02:00 | B16: 193.27 | C16: 66.54 | D16: 188.38 | E16: 9.52 | F16: 2.13 | G16: 168.42 | H16: 52.5 | I16: Invalid | J16: 0.17 | K16: 266.97 | L16: 11.75 | M16: 73.32 | N16: 80.5 | O16: 0 | P16: 2 | Q16: 10.32
A17: 20/01/2025 02:15 | B17: 186.75 | C17: 65.13 | D17: 182.41 | E17: 9.85 | F17: 2.13 | G17: 168.42 | H17: 52.5 | I17: Invalid | J17: 0.77 | K17: 322.45 | L17: 11.48 | M17: 74.77 | N17: 81.1 | O17: 0 | P17: 2.01 | Q17: 10.29
A18: 20/01/2025 02:30 | B18: 180.52 | C18: 64.17 | D18: 176.91 | E18: 9.89 | F18: 2.13 | G18: 168.42 | H18: 52.5 | I18: Invalid | J18: 1.47 | K18: 307.85 | L18: 11 | M18: 79.34 | N18: 81.1 | O18: 0 | P18: 2.01 | Q18: 10.25
A19: 20/01/2025 02:45 | B19: 174.48 | C19: 63.16 | D19: 171.54 | E19: 9.61 | F19: 2.13 | G19: 192.29 | H19: 60.52 | I19: Invalid | J19: 1.55 | K19: 291.27 | L19: 10.87 | M19: 79.59 | N19: 80.8 | O19: 0 | P19: 2.01 | Q19: 10.22
A20: 20/01/2025 03:00 | B20: 167.97 | C20: 61.74 | D20: 165.58 | E20: 9.91 | F20: 2.13 | G20: 203.08 | H20: 64.14 | I20: Invalid | J20: 1.76 | K20: 280.53 | L20: 10.66 | M20: 79.41 | N20: 81.1 | O20: 0 | P20: 1.96 | Q20: 10.19
... A48: 20/01/2025 10:00 | B48: 97.69 | C48: 68.6 | D48: 112.8 | E48: 8.85 | F48: 2.13 | G48: 144.38 | H48: 49.92 | I48: Invalid | J48: 2.64 | K48: 341.68 | L48: 26.94 | M48: 25.5 | N48: 582.2 | O48: 0 | P48: 1.6 | Q48: 9.78
A49: 20/01/2025 10:15 | B49: Calib. | C49: Calib. | D49: Calib. | E49: 8.77 | F49: 2.13 | G49: 144.38 | H49: 49.92 | I49: Invalid | J49: 2.45 | K49: 334.6 | L49: 27.26 | M49: 26.14 | N49: 604 | O49: 0 | P49: 1.61 | Q49: 9.79
A50: 20/01/2025 10:30 | B50: Calib. | C50: Calib. | D50: Calib. | E50: 8.11 | F50: 2.13 | G50: 144.38 | H50: 49.92 | I50: Invalid | J50: 1.95 | K50: 110.27 | L50: 22.83 | M50: 33.71 | N50: 633.7 | O50: 0 | P50: 1.6 | Q50: 9.75
A51: 20/01/2025 10:45 | B51: Calib. | C51: Calib. | D51: Calib. | E51: 7.5 | F51: 2.13 | G51: 133.45 | H51: 48.63 | I51: Invalid | J51: 0.88 | K51: 32.78 | L51: 23.11 | M51: 31.66 | N51: 661 | O51: 0 | P51: 1.55 | Q51: 9.7
A52: 20/01/2025 11:00 | B52: 55.28 | C52: 81.25 | D52: 85.4 | E52: 8.7 | F52: 2.44 | G52: 128.77 | H52: 48.05 | I52: Invalid | J52: 1.57 | K52: 342.08 | L52: 25.72 | M52: 26.92 | N52: 678.8 | O52: 0 | P52: 1.29 | Q52: 9.37
A53: 20/01/2025 11:15 | B53: 19.42 | C53: 98.36 | D53: 65.59 | E53: 3.79 | F53: 2.53 | G53: 128.77 | H53: 48.05 | I53: Invalid | J53: 2.18 | K53: 343.75 | L53: 26.65 | M53: 25.78 | N53: 691.4 | O53: 0 | P53: 0.89 | Q53: 8.35
A54: 20/01/2025 11:30 | B54: 14.54 | C54: 99.05 | D54: 62.04 | E54: 4.62 | F54: 2.13 | G54: 128.77 | H54: 48.05 | I54: Invalid | J54: 1.23 | K54: 4.84 | L54: 26.14 | M54: 26.13 | N54: 707.6 | O54: 0 | P54: 0.78 | Q54: 8.21
A55: 20/01/2025 11:45 | B55: 11.3 | C55: 96.85 | D55: 58.29 | E55: 5.32 | F55: 2.14 | G55: 128.77 | H55: 48.05 | I55: Invalid | J55: 1.35 | K55: 124.59 | L55: 24.63 | M55: 27.9 | N55: 719 | O55: 0 | P55: 0.75 | Q55: 8.21
A56: 20/01/2025 12:00 | B56: 7.21 | C56: 92.72 | D56: 52.85 | E56: 14.72 | F56: 2.43 | G56: Calib. | H56: Calib. | I56: Invalid | J56: 1.45 | K56: 115.44 | L56: 23.79 | M56: 29.19 | N56: 724.7 | O56: 0 | P56: 0.69 | Q56: 8.21
A57: 20/01/2025 12:15 | B57: 4.96 | C57: 86.52 | D57: 47.8 | E57: 44.92 | F57: 3 | G57: Calib. | H57: Calib. | I57: Invalid | J57: 0.35 | K57: 64.82 | L57: 24.57 | M57: 27.4 | N57: 718.9 | O57: 0 | P57: 0.63 | Q57: 8.21
A58: 20/01/2025 12:30 | B58: 3.9 | C58: 80.86 | D58: 43.99 | E58: Calib. | F58: 3.78 | G58: Calib. | H58: Calib. | I58: Invalid | J58: 2.42 | K58: 137.65 | L58: 23.83 | M58: 28.51 | N58: 714.4 | O58: 0 | P58: 0.6 | Q58: 8.21
A59: 20/01/2025 12:45 | B59: 3.18 | C59: 74.71 | D59: 40.2 | E59: Calib. | F59: 4.29 | G59: Calib. | H59: Calib. | I59: Invalid | J59: 0.7 | K59: 74.29 | L59: 24.15 | M59: 28.79 | N59: 694.9 | O59: 0 | P59: 0.56 | Q59: 8.21
A60: 20/01/2025 13:00 | B60: 2.75 | C60: 69.68 | D60: 37.24 | E60: Calib. | F60: 8.45 | G60: 16.87 | H60: 8.66 | I60: Invalid | J60: 1.59 | K60: 124.74 | L60: 24.64 | M60: 27.56 | N60: 667.1 | O60: 0 | P60: 0.5 | Q60: 8.21
A61: 20/01/2025 13:15 | B61: 2.33 | C61: 65.05 | D61: 34.47 | E61: Calib. | F61: 7.85 | G61: 37.02 | H61: 19 | I61: Invalid | J61: 1.87 | K61: 134.79 | L61: 24.08 | M61: 28.49 | N61: 659.6 | O61: 0 | P61: 0.62 | Q61: 8.21
A62: 20/01/2025 13:30 | B62: 2.07 | C62: 59.42 | D62: 31.33 | E62: 14.71 | F62: 19.62 | G62: 37.02 | H62: 19 | I62: Invalid | J62: 2.53 | K62: 116.53 | L62: 24.12 | M62: 27.94 | N62: 622.7 | O62: 0 | P62: Calib. | Q62: 8.21
A63: 20/01/2025 13:45 | B63: 1.89 | C63: 54.69 | D63: 28.71 | E63: 11.07 | F63: 11.88 | G63: 37.02 | H63: 19 | I63: Invalid | J63: 2.12 | K63: 131.65 | L63: 23.82 | M63: 28.11 | N63: 572.2 | O63: 0 | P63: Calib. | Q63: 8.21
A64: 20/01/2025 14:00 | B64: 1.94 | C64: 52.61 | D64: 27.67 | E64: 20.55 | F64: 21.64 | G64: 38.79 | H64: 18.72 | I64: Invalid | J64: 0.86 | K64: 311.13 | L64: 25.62 | M64: 25.5 | N64: 549.6 | O64: 0 | P64: 0.58 | Q64: 8.21
A65: 20/01/2025 14:15 | B65: 2.24 | C65: 55.95 | D65: 29.66 | E65: 12.95 | F65: 10.24 | G65: 40.91 | H65: 18.38 | I65: Invalid | J65: 1.39 | K65: 335.13 | L65: 26.96 | M65: 23.56 | N65: 453.8 | O65: 0 | P65: 0.63 | Q65: 8.21
A66: 20/01/2025 14:30 | B66: 2.76 | C66: 59.27 | D66: 31.8 | E66: 10.26 | F66: 4.23 | G66: 40.91 | H66: 18.38 | I66: Invalid | J66: 1.98 | K66: 315.45 | L66: 26.19 | M66: 25.28 | N66: 193.7 | O66: 0 | P66: 0.65 | Q66: 8.21
A67: 20/01/2025 14:45 | B67: 3.22 | C67: 60.64 | D67: 32.88 | E67: 9.94 | F67: 2.75 | G67: 40.91 | H67: 18.38 | I67: Invalid | J67: 0.74 | K67: 9.24 | L67: 25.52 | M67: 25.36 | N67: 173.1 | O67: 0 | P67: 0.66 | Q67: 8.21
A68: 20/01/2025 15:00 | B68: 3.22 | C68: 62.05 | D68: 33.62 | E68: 9.49 | F68: 3.06 | G68: 46.83 | H68: 21.24 | I68: Invalid | J68: 1.5 | K68: 299.95 | L68: 25.58 | M68: 24.85 | N68: 235.6 | O68: 0 | P68: 0.67 | Q68: 8.21
A69: 20/01/2025 15:15 | B69: 3.39 | C69: 62.83 | D69: 34.17 | E69: 9.01 | F69: 2.35 | G69: 53.9 | H69: 24.66 | I69: Invalid | J69: 2.45 | K69: 321.71 | L69: 25.42 | M69: 24.86 | N69: 180.5 | O69: 0 | P69: 0.68 | Q69: 8.21
A70: 20/01/2025 15:30 | B70: 4.02 | C70: 63.69 | D70: 35.12 | E70: 8.2 | F70: 2.13 | G70: 53.9 | H70: 24.66 | I70: Invalid | J70: 1.86 | K70: 318.43 | L70: 25.16 | M70: 24.3 | N70: 138.5 | O70: 0 | P70: 0.68 | Q70: 8.21
A71: 20/01/2025 15:45 | B71: 4.62 | C71: 64.34 | D71: 35.94 | E71: 7.59 | F71: 2.13 | G71: 53.9 | H71: 24.66 | I71: Invalid | J71: 2.5 | K71: 324.92 | L71: 24.76 | M71: 25.42 | N71: 129.9 | O71: 0 | P71: 0.69 | Q71: 8.21
A72: 20/01/2025 16:00 | B72: 5.18 | C72: 64.74 | D72: 36.6 | E72: 6.39 | F72: 2.13 | G72: 65.17 | H72: 24.54 | I72: Invalid | J72: 1.99 | K72: 307.45 | L72: 24.4 | M72: 24.6 | N72: 120.8 | O72: 0 | P72: 0.68 | Q72: 8.21
A73: 20/01/2025 16:15 | B73: 5.82 | C73: 72.09 | D73: 40.96 | E73: 10.1 | F73: 11.45 | G73: 78.64 | H73: 24.4 | I73: Invalid | J73: 2.95 | K73: 328.46 | L73: 24.02 | M73: 25.65 | N73: 114.7 | O73: 0 | P73: 0.67 | Q73: 8.21
A74: 20/01/2025 16:30 | B74: 4.51 | C74: 85.03 | D74: 46.67 | E74: 11 | F74: 14.24 | G74: 78.64 | H74: 24.4 | I74: Invalid | J74: 2.22 | K74: 304.63 | L74: 23.54 | M74: 25.81 | N74: 108.4 | O74: 0 | P74: 0.66 | Q74: 8.21
A75: 20/01/2025 16:45 | B75: 3.92 | C75: 85.94 | D75: 46.66 | E75: 10.18 | F75: 12 | G75: 78.64 | H75: 24.4 | I75: Invalid | J75: 2.91 | K75: 329.15 | L75: 23.21 | M75: 26.44 | N75: 103.6 | O75: 0 | P75: 0.67 | Q75: 8.21
... A104: 20/01/2025 24:00 | B104: 169.94 | C104: 68.17 | D104: 170.52 | E104: 7.56 | F104: 2.13 | G104: 137.33 | H104: 43.11 | I104: Invalid | J104: 1.49 | K104: 316.24 | L104: 12.42 | M104: 76.82 | N104: 76 | O104: 0 | P104: 2.01 | Q104: 10.19
A106: Min | B106: =MIN(B9:B104) -> 1.89 | C106: =MIN(C9:C104) -> 52.61 | D106: =MIN(D9:D104) -> 27.67 | E106: =MIN(E9:E104) -> 3.79 | F106: =MIN(F9:F104) -> 2.13 | G106: =MIN(G9:G104) -> 16.87 | H106: =MIN(H9:H104) -> 8.66 | I106: =MIN(I9:I104) -> 0 | ... Q106: =MIN(Q9:Q104) -> 8.21
A107: Max | B107: =MAX(B9:B104) -> 216.81 | C107: =MAX(C9:C104) -> 99.05 | D107: =MAX(D9:D104) -> 208.44 | E107: =MAX(E9:E104) -> 44.92 | F107: =MAX(F9:F104) -> 21.64 | G107: =MAX(G9:G104) -> 219.99 | H107: =MAX(H9:H104) -> 65.4 | I107: =MAX(I9:I104) -> 0 | ... Q107: =MAX(Q9:Q104) -> 10.44
A108: Avg | B108: =AVERAGE(B9:B104) -> 97.077634 | C108: =AVERAGE(C9:C104) -> 69.488387 | D108: =AVERAGE(D9:D104) -> 112.77806 | E108: =AVERAGE(E9:E104) -> 9.0896739 | F108: =AVERAGE(F9:F104) -> 3.294375 | G108: =AVERAGE(G9:G104) -> 136.55565 | H108: =AVERAGE(H9:H104) -> 43.335652 | I108: =AVERAGE(I9:I104) -> #DIV/0! | ... Q108: =AVERAGE(Q9:Q104) -> 9.3851042
A109: Stdev | B109: =STDEV(B9:B104) -> 71.98728 | C109: =STDEV(C9:C104) -> 10.762018 | D109: =STDEV(D9:D104) -> 56.202223 | E109: =STDEV(E9:E104) -> 4.3680313 | F109: =STDEV(F9:F104) -> 3.4741399 | G109: =STDEV(G9:G104) -> 53.862506 | H109: =STDEV(H9:H104) -> 16.37135 | I109: =STDEV(I9:I104) -> #DIV/0! | ... Q109: =STDEV(Q9:Q104) -> 0.87495924
A110: Num | B110: =COUNT(B9:B104)+3 -> 96 | C110: =COUNT(C9:C104)+3 -> 96 | D110: =COUNT(D9:D104)+3 -> 96 | E110: =COUNT(E9:E104)+4 -> 96 | F110: =COUNT(F9:F104) -> 96 | G110: =COUNT(G9:G104)+4 -> 96 | H110: =COUNT(H9:H104)+4 -> 96 | I110: =COUNT(I9:I104) -> 0 | J110: =COUNT(J9:J104) -> 96 | K110: =COUNT(K9:K104) -> 96 | L110: =COUNT(L9:L104) -> 96 | M110: =COUNT(M9:M104) -> 96 | N110: =COUNT(N9:N104) -> 96 | O110: =COUNT(O9:O104) -> 96 | P110: =COUNT(P9:P104)+2 -> 96 | Q110: =COUNT(Q9:Q104) -> 96
A111: DCR | B111: =IF(B110>=87,">90%",IF(B110<=87,"<90%")) -> >90% | C111: =IF(C110>=87,">90%",IF(C110<=87,"<90%")) -> >90% | D111: =IF(D110>=87,">90%",IF(D110<=87,"<90%")) -> >90% | E111: =IF(E110>=87,">90%",IF(E110<=87,"<90%")) -> >90% | F111: =IF(F110>=87,">90%",IF(F110<=87,"<90%")) -> >90% | G111: =IF(G110>=87,">90%",IF(G110<=87,"<90%")) -> >90% | H111: =IF(H110>=87,">90%",IF(H110<=87,"<90%")) -> >90% | I111: =IF(I110>=87,">90%",IF(I110<=87,"<90%")) -> <90% | ... Q111: =IF(Q110>=87,">90%",IF(Q110<=87,"<90%")) -> >90%
A112: Status | B112: =IF(B110>=87,"OK",IF(B110<=87,"LESS")) -> OK | C112: =IF(C110>=87,"OK",IF(C110<=87,"LESS")) -> OK | D112: =IF(D110>=87,"OK",IF(D110<=87,"LESS")) -> OK | E112: =IF(E110>=87,"OK",IF(E110<=87,"LESS")) -> OK | F112: =IF(F110>=87,"OK",IF(F110<=87,"LESS")) -> OK | G112: =IF(G110>=87,"OK",IF(G110<=87,"LESS")) -> OK | H112: =IF(H110>=87,"OK",IF(H110<=87,"LESS")) -> OK | I112: =IF(I110>=87,"OK",IF(I110<=87,"LESS")) -> LESS | ... Q112: =IF(Q110>=87,"OK",IF(Q110<=87,"LESS")) -> OK
A115: Done by | B115: RK
A117: Comment

Sheet 21
A1: Station: | B1: BHATAGAON RAIPUR
A2: Date: | B2: =$A$9 -> 21/01/2025 00:15 | D2: Power Off | G2: Pw.Off | L2: Link Fail | N2: Link F | P2: Maintenance | R2: Maint.
A3: Report Type: | B3: Mean | D3: Calibration | G3: Calib. | L3: Data Fail | N3: Data F | P3: Invalid | R3: Invalid
A4: Time Base: | B4: 15 Min | D4: Zero Referrence | G4: Z.Ref | L4: Warm Up | N4: Wm. Up
A7: Date & Time | B7: NO_BHATAGAON | C7: NO2__BHATAGAON | D7: NOX_BHATAGAON | E7: SO2__BHATAGAON | F7: O3__BHATAGAON | G7: PM10__BHATAGAON | H7: PM2_5__BHATAGAON | I7: BENZ__BHATAGAON | J7: WS__BHATAGAON | K7: WD__BHATAGAON | L7: TEMP__BHATAGAON | M7: HUM__BHATAGAON | N7: SR__BHATAGAON | O7: RG__BHATAGAON | P7: CO__BHATAGAON | Q7: NH3__BHATAGAON
B8: ug/m3 | C8: ug/m3 | D8: ppb | E8: ug/m3 | F8: ug/m3 | G8: ug/m3 | H8: ug/m3 | I8: ug/m3 | J8: m/sec | K8: deg | L8: degreC | M8: % | N8: w/m2 | O8: mm | P8: mg/m3 | Q8: ug/m3
A9: 21/01/2025 00:15 | B9: 170.52 | C9: 67.82 | D9: 170.8 | E9: 7.73 | F9: 2.13 | G9: 131.78 | H9: 43.93 | I9: Invalid | J9: 1.75 | K9: 289.38 | L9: 12.26 | M9: 78.06 | N9: 75.8 | O9: 0 | P9: 1.98 | Q9: 10.19
A10: 21/01/2025 00:30 | B10: 168.93 | C10: 67.77 | D10: 169.5 | E10: 7.68 | F10: 2.13 | G10: 131.78 | H10: 43.93 | I10: Invalid | J10: 1.65 | K10: 307.68 | L10: 12.21 | M10: 77.92 | N10: 75.9 | O10: 0 | P10: 1.95 | Q10: 10.16
A11: 21/01/2025 00:45 | B11: 165.82 | C11: 66.86 | D11: 166.53 | E11: 7.34 | F11: 2.13 | G11: 131.78 | H11: 43.93 | I11: Invalid | J11: 1.57 | K11: 319.6 | L11: 12.19 | M11: 78.62 | N11: 75.8 | O11: 0 | P11: 1.92 | Q11: 10.12
A12: 21/01/2025 01:00 | B12: 163.41 | C12: 66.16 | D12: 164.23 | E12: 7.7 | F12: 2.13 | G12: 126.73 | H12: 40.45 | I12: Invalid | J12: 1.72 | K12: 309.14 | L12: 12.01 | M12: 80.04 | N12: 76 | O12: 0 | P12: 1.87 | Q12: 10.11
A13: 21/01/2025 01:15 | B13: 160.34 | C13: 65.35 | D13: 161.35 | E13: 7.29 | F13: 2.13 | G13: 120.7 | H13: 36.28 | I13: Invalid | J13: 1.72 | K13: 307.44 | L13: 11.73 | M13: 80.13 | N13: 76 | O13: 0 | P13: 1.64 | Q13: 10.12
A14: 21/01/2025 01:30 | B14: 155.59 | C14: 64.72 | D14: 157.21 | E14: 7.05 | F14: 2.13 | G14: 120.7 | H14: 36.28 | I14: Invalid | J14: 1.58 | K14: 316.33 | L14: 11.65 | M14: 79.51 | N14: 76.1 | O14: 0 | P14: 1.66 | Q14: 10.06
A15: 21/01/2025 01:45 | B15: 150.85 | C15: 65.04 | D15: 153.58 | E15: 7.13 | F15: 2.13 | G15: 120.7 | H15: 36.28 | I15: Invalid | J15: 1.73 | K15: 1.71 | L15: 11.73 | M15: 82.02 | N15: 75.8 | O15: 0 | P15: 1.65 | Q15: 10.05
A16: 21/01/2025 02:00 | B16: 146.21 | C16: 64.66 | D16: 149.65 | E16: 7.34 | F16: 2.13 | G16: 106.07 | H16: 36.31 | I16: Invalid | J16: 1.8 | K16: 355.29 | L16: 11.66 | M16: 82.88 | N16: 76.2 | O16: 0 | P16: 1.61 | Q16: 10.03
A17: 21/01/2025 02:15 | B17: 140.95 | C17: 64.13 | D17: 145.16 | E17: 7.42 | F17: 2.13 | G17: 88.59 | H17: 36.34 | I17: Invalid | J17: 0.2 | K17: 236.99 | L17: 11.4 | M17: 87.37 | N17: 75.7 | O17: 0 | P17: 1.56 | Q17: 10
A18: 21/01/2025 02:30 | B18: 135.18 | C18: 63.49 | D18: 140.2 | E18: 7.19 | F18: 2.13 | G18: 88.59 | H18: 36.34 | I18: Invalid | J18: 0.94 | K18: 301.45 | L18: 11.38 | M18: 83.69 | N18: 76.1 | O18: 0 | P18: 1.53 | Q18: 10
A19: 21/01/2025 02:45 | B19: 128.81 | C19: 63.11 | D19: 134.89 | E19: 6.68 | F19: 2.13 | G19: 88.59 | H19: 36.34 | I19: Invalid | J19: 0.56 | K19: 300.13 | L19: 11.17 | M19: 83.52 | N19: 75.9 | O19: 0 | P19: 1.48 | Q19: 9.96
A20: 21/01/2025 03:00 | B20: 122.54 | C20: 63.1 | D20: 129.86 | E20: 6.39 | F20: 2.13 | G20: 87.31 | H20: 36.14 | I20: Invalid | J20: 1.66 | K20: 295.65 | L20: 11.14 | M20: 84.03 | N20: 76.3 | O20: 0 | P20: 1.44 | Q20: 9.94
... A104: 21/01/2025 24:00 | B104: 170.25 | C104: 72.84 | D104: 173.21 | E104: 8.53 | F104: 2.13 | G104: 221.53 | H104: 49.34 | I104: Invalid | J104: 0.51 | K104: 86.11 | L104: 13.19 | M104: 91.04 | N104: 76.4 | O104: 0 | P104: 2.58 | Q104: 10.07
A106: Min | B106: =MIN(B9:B104) -> 6.42 | C106: =MIN(C9:C104) -> 54.4 | D106: =MIN(D9:D104) -> 44.7 | E106: =MIN(E9:E104) -> 4.28 | F106: =MIN(F9:F104) -> 2.13 | G106: =MIN(G9:G104) -> 54.16 | H106: =MIN(H9:H104) -> 28.84 | I106: =MIN(I9:I104) -> 0 | ... Q106: =MIN(Q9:Q104) -> 8.21
A107: Max | B107: =MAX(B9:B104) -> 170.52 | C107: =MAX(C9:C104) -> 81.32 | D107: =MAX(D9:D104) -> 173.21 | E107: =MAX(E9:E104) -> 10.84 | F107: =MAX(F9:F104) -> 2.13 | G107: =MAX(G9:G104) -> 246.81 | H107: =MAX(H9:H104) -> 49.34 | I107: =MAX(I9:I104) -> 0 | ... Q107: =MAX(Q9:Q104) -> 10.19
A108: Avg | B108: =AVERAGE(B9:B104) -> 81.129167 | C108: =AVERAGE(C9:C104) -> 70.002917 | D108: =AVERAGE(D9:D104) -> 100.25667 | E108: =AVERAGE(E9:E104) -> 7.0172917 | F108: =AVERAGE(F9:F104) -> 2.13 | G108: =AVERAGE(G9:G104) -> 110.17979 | H108: =AVERAGE(H9:H104) -> 35.413438 | I108: =AVERAGE(I9:I104) -> #DIV/0! | ... Q108: =AVERAGE(Q9:Q104) -> 9.1979167
A109: Stdev | B109: =STDEV(B9:B104) -> 50.844352 | C109: =STDEV(C9:C104) -> 8.7054093 | D109: =STDEV(D9:D104) -> 37.634245 | E109: =STDEV(E9:E104) -> 1.4605316 | F109: =STDEV(F9:F104) -> 2.6785224e-15 | G109: =STDEV(G9:G104) -> 40.401759 | H109: =STDEV(H9:H104) -> 5.3525504 | I109: =STDEV(I9:I104) -> #DIV/0! | ... Q109: =STDEV(Q9:Q104) -> 0.7992311
A110: Num | B110: =COUNT(B9:B104) -> 96 | C110: =COUNT(C9:C104) -> 96 | D110: =COUNT(D9:D104) -> 96 | E110: =COUNT(E9:E104) -> 96 | F110: =COUNT(F9:F104) -> 96 | G110: =COUNT(G9:G104) -> 96 | H110: =COUNT(H9:H104) -> 96 | I110: =COUNT(I9:I104) -> 0 | ... Q110: =COUNT(Q9:Q104) -> 96
A111: DCR | B111: =IF(B110>=87,">90%",IF(B110<=87,"<90%")) -> >90% | C111: =IF(C110>=87,">90%",IF(C110<=87,"<90%")) -> >90% | D111: =IF(D110>=87,">90%",IF(D110<=87,"<90%")) -> >90% | E111: =IF(E110>=87,">90%",IF(E110<=87,"<90%")) -> >90% | F111: =IF(F110>=87,">90%",IF(F110<=87,"<90%")) -> >90% | G111: =IF(G110>=87,">90%",IF(G110<=87,"<90%")) -> >90% | H111: =IF(H110>=87,">90%",IF(H110<=87,"<90%")) -> >90% | I111: =IF(I110>=87,">90%",IF(I110<=87,"<90%")) -> <90% | ... Q111: =IF(Q110>=87,">90%",IF(Q110<=87,"<90%")) -> >90%
A112: Status | B112: =IF(B110>=87,"OK",IF(B110<=87,"LESS")) -> OK | C112: =IF(C110>=87,"OK",IF(C110<=87,"LESS")) -> OK | D112: =IF(D110>=87,"OK",IF(D110<=87,"LESS")) -> OK | E112: =IF(E110>=87,"OK",IF(E110<=87,"LESS")) -> OK | F112: =IF(F110>=87,"OK",IF(F110<=87,"LESS")) -> OK | G112: =IF(G110>=87,"OK",IF(G110<=87,"LESS")) -> OK | H112: =IF(H110>=87,"OK",IF(H110<=87,"LESS")) -> OK | I112: =IF(I110>=87,"OK",IF(I110<=87,"LESS")) -> LESS | ... Q112: =IF(Q110>=87,"OK",IF(Q110<=87,"LESS")) -> OK
A115: Done by | B115: RK
A117: Comment

Sheet 22
A1: Station: | B1: BHATAGAON RAIPUR
A2: Date: | B2: =$A$9 -> 22/01/2025 00:15 | D2: Power Off | G2: Pw.Off | L2: Link Fail | N2: Link F | P2: Maintenance | R2: Maint.
A3: Report Type: | B3: Mean | D3: Calibration | G3: Calib. | L3: Data Fail | N3: Data F | P3: Invalid | R3: Invalid
A4: Time Base: | B4: 15 Min | D4: Zero Referrence | G4: Z.Ref | L4: Warm Up | N4: Wm. Up
A7: Date & Time | B7: NO_BHATAGAON | C7: NO2__BHATAGAON | D7: NOX_BHATAGAON | E7: SO2__BHATAGAON | F7: O3__BHATAGAON | G7: PM10__BHATAGAON | H7: PM2_5__BHATAGAON | I7: BENZ__BHATAGAON | J7: WS__BHATAGAON | K7: WD__BHATAGAON | L7: TEMP__BHATAGAON | M7: HUM__BHATAGAON | N7: SR__BHATAGAON | O7: RG__BHATAGAON | P7: CO__BHATAGAON | Q7: NH3__BHATAGAON
B8: ug/m3 | C8: ug/m3 | D8: ppb | E8: ug/m3 | F8: ug/m3 | G8: ug/m3 | H8: ug/m3 | I8: ug/m3 | J8: m/sec | K8: deg | L8: degreC | M8: % | N8: w/m2 | O8: mm | P8: mg/m3 | Q8: ug/m3
A9: 22/01/2025 00:15 | B9: 177.04 | C9: 73.22 | D9: 178.85 | E9: 8.62 | F9: 2.13 | G9: 191.33 | H9: 50.97 | I9: Invalid | J9: 1.76 | K9: 288.16 | L9: 13.01 | M9: 92.64 | N9: 76.4 | O9: 0 | P9: 2.59 | Q9: 10.15
A10: 22/01/2025 00:30 | B10: 181.1 | C10: 72.4 | D10: 181.68 | E10: 8.64 | F10: 2.13 | G10: 191.33 | H10: 50.97 | I10: Invalid | J10: 1.8 | K10: 283.45 | L10: 12.92 | M10: 92.91 | N10: 76.4 | O10: 0 | P10: 2.57 | Q10: 10.21
A11: 22/01/2025 00:45 | B11: 182.34 | C11: 71.41 | D11: 182.16 | E11: 8.84 | F11: 2.13 | G11: 191.33 | H11: 50.97 | I11: Invalid | J11: 1.15 | K11: 279.97 | L11: 12.85 | M11: 92.97 | N11: 76.3 | O11: 0 | P11: 2.55 | Q11: 10.23
A12: 22/01/2025 01:00 | B12: 181.1 | C12: 67.64 | D12: 179.19 | E12: 8.07 | F12: 2.13 | G12: 173.78 | H12: 50.16 | I12: Invalid | J12: 0.6 | K12: 287.16 | L12: 12.74 | M12: 93.83 | N12: 76.5 | O12: 0 | P12: 2.5 | Q12: 10.22
A13: 22/01/2025 01:15 | B13: 179.02 | C13: 66.24 | D13: 176.79 | E13: 8.42 | F13: 2.13 | G13: 152.81 | H13: 49.19 | I13: Invalid | J13: 1.75 | K13: 287.53 | L13: 12.63 | M13: 94.1 | N13: 76.5 | O13: 0 | P13: 2.15 | Q13: 10.21
A14: 22/01/2025 01:30 | B14: 176.75 | C14: 66.13 | D14: 174.91 | E14: 8.37 | F14: 2.13 | G14: 152.81 | H14: 49.19 | I14: Invalid | J14: 0.89 | K14: 134.08 | L14: 12.46 | M14: 96.36 | N14: 76.4 | O14: 0 | P14: 2.21 | Q14: 10.19
A15: 22/01/2025 01:45 | B15: 174.71 | C15: 65.34 | D15: 172.86 | E15: 8.34 | F15: 2.13 | G15: 152.81 | H15: 49.19 | I15: Invalid | J15: 1.38 | K15: 313.17 | L15: 12.37 | M15: 96.49 | N15: 76.5 | O15: 0 | P15: 2.18 | Q15: 10.16
A16: 22/01/2025 02:00 | B16: 172.98 | C16: 64.85 | D16: 171.22 | E16: 8.18 | F16: 2.13 | G16: 142.9 | H16: 48.15 | I16: Invalid | J16: 0.16 | K16: 151.61 | L16: 12.19 | M16: 98.28 | N16: 76.3 | O16: 0 | P16: 2.14 | Q16: 10.15
A17: 22/01/2025 02:15 | B17: 171.49 | C17: 63.5 | D17: 169.32 | E17: 8.48 | F17: 2.13 | G17: 131.05 | H17: 46.85 | I17: Invalid | J17: 1.2 | K17: 313.15 | L17: 12.27 | M17: 100.71 | N17: 76.1 | O17: 0 | P17: 2.13 | Q17: 10.16
A18: 22/01/2025 02:30 | B18: 168.79 | C18: 62.42 | D18: 166.6 | E18: 8.08 | F18: 2.13 | G18: 131.05 | H18: 46.85 | I18: Invalid | J18: 0.68 | K18: 266.39 | L18: 12.46 | M18: 99.43 | N18: 76.3 | O18: 0 | P18: 2.12 | Q18: 10.15
A19: 22/01/2025 02:45 | B19: 165.23 | C19: 61.74 | D19: 163.38 | E19: 8.35 | F19: 2.13 | G19: 131.05 | H19: 46.85 | I19: Invalid | J19: 0.83 | K19: 206.79 | L19: 12.46 | M19: 98.74 | N19: 76.3 | O19: 0 | P19: 2.1 | Q19: 10.13
A20: 22/01/2025 03:00 | B20: 162.19 | C20: 62.31 | D20: 161.24 | E20: 8.65 | F20: 2.13 | G20: 129.69 | H20: 47.93 | I20: Invalid | J20: 0.32 | K20: 184.05 | L20: 12.37 | M20: 98.05 | N20: 76.4 | O20: 0 | P20: 2.11 | Q20: 10.12
... A104: 22/01/2025 24:00 | B104: 186.06 | C104: 74.73 | D104: 186.88 | E104: 9.21 | F104: 2.13 | G104: 206 | H104: 66.01 | I104: Invalid | J104: 1.35 | K104: 321.68 | L104: 14.44 | M104: 84.49 | N104: 74.5 | O104: 0 | P104: 2.67 | Q104: 10.1
A106: Min | B106: =MIN(B9:B104) -> 2.32 | C106: =MIN(C9:C104) -> 53.74 | D106: =MIN(D9:D104) -> 35 | E106: =MIN(E9:E104) -> 6.55 | F106: =MIN(F9:F104) -> 2.13 | G106: =MIN(G9:G104) -> 70.01 | H106: =MIN(H9:H104) -> 22.02 | I106: =MIN(I9:I104) -> 0 | ... Q106: =MIN(Q9:Q104) -> 8.21
A107: Max | B107: =MAX(B9:B104) -> 186.06 | C107: =MAX(C9:C104) -> 125.22 | D107: =MAX(D9:D104) -> 186.88 | E107: =MAX(E9:E104) -> 25.38 | F107: =MAX(F9:F104) -> 51.29 | G107: =MAX(G9:G104) -> 216.77 | H107: =MAX(H9:H104) -> 66.01 | I107: =MAX(I9:I104) -> 0 | ... Q107: =MAX(Q9:Q104) -> 10.23
A108: Avg | B108: =AVERAGE(B9:B104) -> 93.206354 | C108: =AVERAGE(C9:C104) -> 74.473125 | D108: =AVERAGE(D9:D104) -> 112.2776 | E108: =AVERAGE(E9:E104) -> 9.0885417 | F108: =AVERAGE(F9:F104) -> 4.9805208 | G108: =AVERAGE(G9:G104) -> 137.54073 | H108: =AVERAGE(H9:H104) -> 43.524583 | I108: =AVERAGE(I9:I104) -> #DIV/0! | ... Q108: =AVERAGE(Q9:Q104) -> 9.2955208
A109: Stdev | B109: =STDEV(B9:B104) -> 70.978567 | C109: =STDEV(C9:C104) -> 13.640534 | D109: =STDEV(D9:D104) -> 52.841334 | E109: =STDEV(E9:E104) -> 2.5528927 | F109: =STDEV(F9:F104) -> 8.1157144 | G109: =STDEV(G9:G104) -> 42.525852 | H109: =STDEV(H9:H104) -> 9.8195782 | I109: =STDEV(I9:I104) -> #DIV/0! | ... Q109: =STDEV(Q9:Q104) -> 0.86540878
A110: Num | B110: =COUNT(B9:B104) -> 96 | C110: =COUNT(C9:C104) -> 96 | D110: =COUNT(D9:D104) -> 96 | E110: =COUNT(E9:E104) -> 96 | F110: =COUNT(F9:F104) -> 96 | G110: =COUNT(G9:G104) -> 96 | H110: =COUNT(H9:H104) -> 96 | I110: =COUNT(I9:I104) -> 0 | ... Q110: =COUNT(Q9:Q104) -> 96
A111: DCR | B111: =IF(B110>=87,">90%",IF(B110<=87,"<90%")) -> >90% | C111: =IF(C110>=87,">90%",IF(C110<=87,"<90%")) -> >90% | D111: =IF(D110>=87,">90%",IF(D110<=87,"<90%")) -> >90% | E111: =IF(E110>=87,">90%",IF(E110<=87,"<90%")) -> >90% | F111: =IF(F110>=87,">90%",IF(F110<=87,"<90%")) -> >90% | G111: =IF(G110>=87,">90%",IF(G110<=87,"<90%")) -> >90% | H111: =IF(H110>=87,">90%",IF(H110<=87,"<90%")) -> >90% | J111: =IF(J110>=87,">90%",IF(J110<=87,"<90%")) -> >90% | K111: =IF(K110>=87,">90%",IF(K110<=87,"<90%")) -> >90% | L111: =IF(L110>=87,">90%",IF(L110<=87,"<90%")) -> >90% | M111: =IF(M110>=87,">90%",IF(M110<=87,"<90%")) -> >90% | N111: =IF(N110>=87,">90%",IF(N110<=87,"<90%")) -> >90% | O111: =IF(O110>=87,">90%",IF(O110<=87,"<90%")) -> >90% | P111: =IF(P110>=87,">90%",IF(P110<=87,"<90%")) -> >90% | Q111: =IF(Q110>=87,">90%",IF(Q110<=87,"<90%")) -> >90%
A112: Status | B112: =IF(B110>=87,"OK",IF(B110<=87,"LESS")) -> OK | C112: =IF(C110>=87,"OK",IF(C110<=87,"LESS")) -> OK | D112: =IF(D110>=87,"OK",IF(D110<=87,"LESS")) -> OK | E112: =IF(E110>=87,"OK",IF(E110<=87,"LESS")) -> OK | F112: =IF(F110>=87,"OK",IF(F110<=87,"LESS")) -> OK | G112: =IF(G110>=87,"OK",IF(G110<=87,"LESS")) -> OK | H112: =IF(H110>=87,"OK",IF(H110<=87,"LESS")) -> OK | I112: =IF(I110>=87,"OK",IF(I110<=87,"LESS")) -> LESS | ... Q112: =IF(Q110>=87,"OK",IF(Q110<=87,"LESS")) -> OK
A115: Done by | B115: RK
A117: Comment

Sheet 23
A1: Station: | B1: BHATAGAON RAIPUR
A2: Date: | B2: =$A$9 -> 23/01/2025 00:15 | D2: Power Off | G2: Pw.Off | L2: Link Fail | N2: Link F | P2: Maintenance | R2: Maint.
A3: Report Type: | B3: Mean | D3: Calibration | G3: Calib. | L3: Data Fail | N3: Data F | P3: Invalid | R3: Invalid
A4: Time Base: | B4: 15 Min | D4: Zero Referrence | G4: Z.Ref | L4: Warm Up | N4: Wm. Up
A7: Date & Time | B7: NO_BHATAGAON | C7: NO2__BHATAGAON | D7: NOX_BHATAGAON | E7: SO2__BHATAGAON | F7: O3__BHATAGAON | G7: PM10__BHATAGAON | H7: PM2_5__BHATAGAON | I7: BENZ__BHATAGAON | J7: WS__BHATAGAON | K7: WD__BHATAGAON | L7: TEMP__BHATAGAON | M7: HUM__BHATAGAON | N7: SR__BHATAGAON | O7: RG__BHATAGAON | P7: CO__BHATAGAON | Q7: NH3__BHATAGAON
B8: ug/m3 | C8: ug/m3 | D8: ppb | E8: ug/m3 | F8: ug/m3 | G8: ug/m3 | H8: ug/m3 | I8: ug/m3 | J8: m/sec | K8: deg | L8: degreC | M8: % | N8: w/m2 | O8: mm | P8: mg/m3 | Q8: ug/m3
A9: 23/01/2025 00:15 | B9: 192.18 | C9: 74.77 | D9: 191.8 | E9: 11.15 | F9: 2.13 | G9: 204.91 | H9: 68 | I9: Invalid | J9: 1.65 | K9: 320.57 | L9: 14.12 | M9: 86.47 | N9: 74.6 | O9: 0 | P9: 2.69 | Q9: 10.17
A10: 23/01/2025 00:30 | B10: 194.54 | C10: 75.3 | D10: 193.97 | E10: 11.07 | F10: 2.13 | G10: 204.91 | H10: 68 | I10: Invalid | J10: 1.72 | K10: 284.47 | L10: 13.96 | M10: 88.18 | N10: 74.5 | O10: 0 | P10: 2.69 | Q10: 10.21
A11: 23/01/2025 00:45 | B11: 195 | C11: 75.34 | D11: 194.37 | E11: 11.12 | F11: 2.13 | G11: 204.91 | H11: 68 | I11: Invalid | J11: 1.01 | K11: 315.9 | L11: 13.93 | M11: 91.43 | N11: 74.6 | O11: 0 | P11: 2.69 | Q11: 10.24
A12: 23/01/2025 01:00 | B12: 194.75 | C12: 74.36 | D12: 193.65 | E12: 11.57 | F12: 2.13 | G12: 192.72 | H12: 66.59 | I12: Invalid | J12: 1.59 | K12: 320.68 | L12: 13.73 | M12: 93.36 | N12: 74.7 | O12: 0 | P12: 2.7 | Q12: 10.27
A13: 23/01/2025 01:15 | B13: 192.82 | C13: 73.35 | D13: 191.57 | E13: 11.24 | F13: 2.13 | G13: 178.14 | H13: 64.91 | I13: Invalid | J13: 1.81 | K13: 314.46 | L13: 13.61 | M13: 94.65 | N13: 74.7 | O13: 0 | P13: 2.45 | Q13: 10.26
A14: 23/01/2025 01:30 | B14: 190.33 | C14: 71.9 | D14: 188.82 | E14: 11.48 | F14: 2.13 | G14: 178.14 | H14: 64.91 | I14: Invalid | J14: 2.1 | K14: 340.73 | L14: 13.54 | M14: 97.27 | N14: 74.3 | O14: 0 | P14: 2.53 | Q14: 10.27
A15: 23/01/2025 01:45 | B15: 187.08 | C15: 70.55 | D15: 185.51 | E15: 11.65 | F15: 2.13 | G15: 178.14 | H15: 64.91 | I15: Invalid | J15: 0.63 | K15: 278.93 | L15: 13.73 | M15: 90.8 | N15: 74.1 | O15: 0 | P15: 2.52 | Q15: 10.29
A16: 23/01/2025 02:00 | B16: 183.11 | C16: 68.16 | D16: 181.08 | E16: 11.2 | F16: 2.13 | G16: 175.59 | H16: 64.33 | I16: Invalid | J16: 0.39 | K16: 332.38 | L16: 14.07 | M16: 85.68 | N16: 74.4 | O16: 0 | P16: 2.51 | Q16: 10.24
A17: 23/01/2025 02:15 | B17: 179.04 | C17: 65.25 | D17: 176.29 | E17: 10.86 | F17: 2.13 | G17: 172.55 | H17: 63.6 | I17: Invalid | J17: 0.78 | K17: 84.05 | L17: 13.99 | M17: 85.59 | N17: 74.4 | O17: 0 | P17: 2.51 | Q17: 10.22
A18: 23/01/2025 02:30 | B18: 174.78 | C18: 65.07 | D18: 172.78 | E18: 10.85 | F18: 2.13 | G18: 172.55 | H18: 63.6 | I18: Invalid | J18: 0.15 | K18: 65.92 | L18: 14.15 | M18: 84.13 | N18: 74.5 | O18: 0 | P18: 2.44 | Q18: 10.2
A19: 23/01/2025 02:45 | B19: 170.09 | C19: 64.59 | D19: 168.77 | E19: 10.57 | F19: 2.13 | G19: 172.55 | H19: 63.6 | I19: Invalid | J19: 1.79 | K19: 300.62 | L19: 13.6 | M19: 89.01 | N19: 75 | O19: 0 | P19: 2.45 | Q19: 10.17
A20: 23/01/2025 03:00 | B20: 166.25 | C20: 63.68 | D20: 165.21 | E20: 10.59 | F20: 2.13 | G20: 188.57 | H20: 65.62 | I20: Invalid | J20: 1.24 | K20: 299.99 | L20: 13.1 | M20: 91.7 | N20: 74.9 | O20: 0 | P20: 2.41 | Q20: 10.12
... A104: 23/01/2025 24:00 | B104: 53.29 | C104: 72.54 | D104: 79.26 | E104: 7.53 | F104: 2.13 | G104: 202.18 | H104: 63.61 | I104: Invalid | J104: 0.5 | K104: 266.8 | L104: 16.35 | M104: 80.38 | N104: 74.4 | O104: 0 | P104: 1.8 | Q104: 8.21
A106: Min | B106: =MIN(B9:B104) -> 3.76 | C106: =MIN(C9:C104) -> 57.84 | D106: =MIN(D9:D104) -> 34.41 | E106: =MIN(E9:E104) -> 2.81 | F106: =MIN(F9:F104) -> 2.13 | G106: =MIN(G9:G104) -> 0 | H106: =MIN(H9:H104) -> 17.6 | I106: =MIN(I9:I104) -> 0 | ... Q106: =MIN(Q9:Q104) -> 0
A107: Max | B107: =MAX(B9:B104) -> 195 | C107: =MAX(C9:C104) -> 84.46 | D107: =MAX(D9:D104) -> 194.37 | E107: =MAX(E9:E104) -> 11.65 | F107: =MAX(F9:F104) -> 2.18 | G107: =MAX(G9:G104) -> 207.71 | H107: =MAX(H9:H104) -> 68.81 | I107: =MAX(I9:I104) -> 0 | ... Q107: =MAX(Q9:Q104) -> 10.29
A108: Avg | B108: =AVERAGE(B9:B104) -> 79.225417 | C108: =AVERAGE(C9:C104) -> 72.392396 | D108: =AVERAGE(D9:D104) -> 99.97875 | E108: =AVERAGE(E9:E104) -> 7.4325 | F108: =AVERAGE(F9:F104) -> 2.1305208 | G108: =AVERAGE(G9:G104) -> 145.22281 | H108: =AVERAGE(H9:H104) -> 48.070521 | I108: =AVERAGE(I9:I104) -> #DIV/0! | ... Q108: =AVERAGE(Q9:Q104) -> 8.8538542
A109: Stdev | B109: =STDEV(B9:B104) -> 65.754933 | C109: =STDEV(C9:C104) -> 8.0510721 | D109: =STDEV(D9:D104) -> 50.403213 | E109: =STDEV(E9:E104) -> 2.5936522 | F109: =STDEV(F9:F104) -> 0.0051031036 | G109: =STDEV(G9:G104) -> 57.36146 | H109: =STDEV(H9:H104) -> 17.626605 | I109: =STDEV(I9:I104) -> #DIV/0! | ... Q109: =STDEV(Q9:Q104) -> 1.571424
A110: Num | B110: =COUNT(B9:B104) -> 96 | C110: =COUNT(C9:C104) -> 96 | D110: =COUNT(D9:D104) -> 96 | E110: =COUNT(E9:E104) -> 96 | F110: =COUNT(F9:F104) -> 96 | G110: =COUNT(G9:G104) -> 96 | H110: =COUNT(H9:H104) -> 96 | I110: =COUNT(I9:I104) -> 0 | ... Q110: =COUNT(Q9:Q104) -> 96
A111: DCR | B111: =IF(B110>=87,">90%",IF(B110<=87,"<90%")) -> >90% | C111: =IF(C110>=87,">90%",IF(C110<=87,"<90%")) -> >90% | D111: =IF(D110>=87,">90%",IF(D110<=87,"<90%")) -> >90% | E111: =IF(E110>=87,">90%",IF(E110<=87,"<90%")) -> >90% | F111: =IF(F110>=87,">90%",IF(F110<=87,"<90%")) -> >90% | G111: =IF(G110>=87,">90%",IF(G110<=87,"<90%")) -> >90% | H111: =IF(H110>=87,">90%",IF(H110<=87,"<90%")) -> >90% | I111: =IF(I110>=87,">90%",IF(I110<=87,"<90%")) -> <90% | ... Q111: =IF(Q110>=87,">90%",IF(Q110<=87,"<90%")) -> >90%
A112: Status | B112: =IF(B110>=87,"OK",IF(B110<=87,"LESS")) -> OK | C112: =IF(C110>=87,"OK",IF(C110<=87,"LESS")) -> OK | D112: =IF(D110>=87,"OK",IF(D110<=87,"LESS")) -> OK | E112: =IF(E110>=87,"OK",IF(E110<=87,"LESS")) -> OK | F112: =IF(F110>=87,"OK",IF(F110<=87,"LESS")) -> OK | G112: =IF(G110>=87,"OK",IF(G110<=87,"LESS")) -> OK | H112: =IF(H110>=87,"OK",IF(H110<=87,"LESS")) -> OK | I112: =IF(I110>=87,"OK",IF(I110<=87,"LESS")) -> LESS | ... Q112: =IF(Q110>=87,"OK",IF(Q110<=87,"LESS")) -> OK
A115: Done by | B115: RK
A117: Comment

Sheet 24
A1: Station: | B1: BHATAGAON RAIPUR
A2: Date: | B2: =$A$9 -> 24/01/2025 00:15 | D2: Power Off | G2: Pw.Off | L2: Link Fail | N2: Link F | P2: Maintenance | R2: Maint.
A3: Report Type: | B3: Mean | D3: Calibration | G3: Calib. | L3: Data Fail | N3: Data F | P3: Invalid | R3: Invalid
A4: Time Base: | B4: 15 Min | D4: Zero Referrence | G4: Z.Ref | L4: Warm Up | N4: Wm. Up
A7: Date & Time | B7: NO_BHATAGAON | C7: NO2__BHATAGAON | D7: NOX_BHATAGAON | E7: SO2__BHATAGAON | F7: O3__BHATAGAON | G7: PM10__BHATAGAON | H7: PM2_5__BHATAGAON | I7: BENZ__BHATAGAON | J7: WS__BHATAGAON | K7: WD__BHATAGAON | L7: TEMP__BHATAGAON | M7: HUM__BHATAGAON | N7: SR__BHATAGAON | O7: RG__BHATAGAON | P7: CO__BHATAGAON | Q7: NH3__BHATAGAON
B8: ug/m3 | C8: ug/m3 | D8: ppb | E8: ug/m3 | F8: ug/m3 | G8: ug/m3 | H8: ug/m3 | I8: ug/m3 | J8: m/sec | K8: deg | L8: degreC | M8: % | N8: w/m2 | O8: mm | P8: mg/m3 | Q8: ug/m3
A9: 24/01/2025 00:15 | B9: 52.79 | C9: 71.44 | D9: 78.28 | E9: 7.51 | F9: 2.13 | G9: 195.73 | H9: 63.49 | I9: Invalid | J9: 1.21 | K9: 339.01 | L9: 16.13 | M9: 80.29 | N9: 74.6 | O9: 0 | P9: 1.74 | Q9: 8.21
A10: 24/01/2025 00:30 | B10: 51.7 | C10: 69.08 | D10: 76.18 | E10: 7.58 | F10: 2.13 | G10: 195.73 | H10: 63.49 | I10: Invalid | J10: 0.5 | K10: 324.09 | L10: 15.71 | M10: 85.21 | N10: 74.7 | O10: 0 | P10: 1.77 | Q10: 8.21
A11: 24/01/2025 00:45 | B11: 50.34 | C11: 66.42 | D11: 73.7 | E11: 7.53 | F11: 2.13 | G11: 195.73 | H11: 63.49 | I11: Invalid | J11: 0.62 | K11: 193.26 | L11: 15.36 | M11: 85.56 | N11: 74.5 | O11: 0 | P11: 1.72 | Q11: 8.21
A12: 24/01/2025 01:00 | B12: 48.99 | C12: 63.71 | D12: 71.19 | E12: 7.09 | F12: 2.13 | G12: 177.43 | H12: 58.24 | I12: Invalid | J12: 1.83 | K12: 282.85 | L12: 15.15 | M12: 87.72 | N12: 74.9 | O12: 0 | P12: 1.79 | Q12: 8.21
A13: 24/01/2025 01:15 | B13: 47.32 | C13: 64 | D13: 70 | E13: 7.23 | F13: 2.13 | G13: 155.58 | H13: 51.96 | I13: Invalid | J13: 0.6 | K13: 259.3 | L13: 14.85 | M13: 90.66 | N13: 74.7 | O13: 0 | P13: 1.58 | Q13: 8.21
A14: 24/01/2025 01:30 | B14: 45.24 | C14: 64.48 | D14: 68.59 | E14: 7.52 | F14: 2.13 | G14: 155.58 | H14: 51.96 | I14: Invalid | J14: 1.72 | K14: 339.5 | L14: 14.74 | M14: 93.1 | N14: 74.8 | O14: 0 | P14: 1.65 | Q14: 8.21
A15: 24/01/2025 01:45 | B15: 43.62 | C15: 65.05 | D15: 67.59 | E15: 7.65 | F15: 2.13 | G15: 155.58 | H15: 51.96 | I15: Invalid | J15: 0.35 | K15: 300.47 | L15: 14.57 | M15: 95.02 | N15: 74.4 | O15: 0 | P15: 1.62 | Q15: 8.21
A16: 24/01/2025 02:00 | B16: 42.38 | C16: 65.22 | D16: 66.68 | E16: 7.61 | F16: 2.13 | G16: 147.67 | H16: 52.53 | I16: Invalid | J16: 0.53 | K16: 280.37 | L16: 14.87 | M16: 91.84 | N16: 74.1 | O16: 0 | P16: 1.6 | Q16: 8.21
A17: 24/01/2025 02:15 | B17: 41.49 | C17: 65.17 | D17: 65.94 | E17: 7.24 | F17: 2.13 | G17: 138.22 | H17: 53.25 | I17: Invalid | J17: 0.8 | K17: 292.78 | L17: 14.74 | M17: 92.56 | N17: 74.6 | O17: 0 | P17: 1.57 | Q17: 8.21
A18: 24/01/2025 02:30 | B18: 40.53 | C18: 65.28 | D18: 65.23 | E18: 6.92 | F18: 2.13 | G18: 138.22 | H18: 53.25 | I18: Invalid | J18: 1.62 | K18: 291.52 | L18: 14.44 | M18: 93.82 | N18: 74.8 | O18: 0 | P18: 1.54 | Q18: 8.21
A19: 24/01/2025 02:45 | B19: 39.58 | C19: 65.27 | D19: 64.47 | E19: 7.42 | F19: 2.13 | G19: 138.22 | H19: 53.25 | I19: Invalid | J19: 1.82 | K19: 282.72 | L19: 14.18 | M19: 95.77 | N19: 74.9 | O19: 0 | P19: 1.53 | Q19: 8.21
A20: 24/01/2025 03:00 | B20: 38.82 | C20: 64.66 | D20: 63.53 | E20: 7.5 | F20: 2.13 | G20: 143.42 | H20: 51.91 | I20: Invalid | J20: 1.83 | K20: 302.78 | L20: 13.99 | M20: 97 | N20: 74.8 | O20: 0 | P20: 1.48 | Q20: 8.21
... A43: 24/01/2025 08:45 | B43: 76.15 | C43: 61.31 | D43: 91.72 | E43: 9.34 | F43: 2.13 | G43: 177.6 | H43: 66.19 | I43: Invalid | J43: 2.57 | K43: 320.26 | L43: 21.07 | M43: 62.47 | N43: 298.1 | O43: 0 | P43: 1.58 | Q43: 9.01
A44: 24/01/2025 09:00 | B44: 73.87 | C44: 63.2 | D44: 90.88 | E44: 9 | F44: 2.13 | G44: 187.62 | H44: Data F | I44: Invalid | J44: 2.5 | K44: 326.15 | L44: 22.12 | M44: 58.55 | N44: 335.3 | O44: 0 | P44: 1.57 | Q44: 8.94
A45: 24/01/2025 09:15 | B45: 72.02 | C45: 66.99 | D45: 91.37 | E45: 8.94 | F45: 2.13 | G45: 199.6 | H45: Data F | I45: Invalid | J45: 2.2 | K45: 334.14 | L45: 23.01 | M45: 56.07 | N45: 373.7 | O45: 0 | P45: 1.57 | Q45: 8.85
A46: 24/01/2025 09:30 | B46: 69.95 | C46: 70.09 | D46: 91.34 | E46: 9.41 | F46: 2.13 | G46: 199.6 | H46: Data F | I46: Invalid | J46: 2.13 | K46: 322.07 | L46: 24.14 | M46: 52.35 | N46: 406.6 | O46: 0 | P46: 1.58 | Q46: 8.78
A47: 24/01/2025 09:45 | B47: 67.92 | C47: 73.12 | D47: 91.29 | E47: 9.81 | F47: 2.13 | G47: 199.6 | H47: Data F | I47: Invalid | J47: 2.13 | K47: 326.41 | L47: 25.03 | M47: 48.89 | N47: 431.2 | O47: 0 | P47: 1.6 | Q47: 8.7
A48: 24/01/2025 10:00 | B48: 66.88 | C48: 76.29 | D48: 92.11 | E48: 9.67 | F48: 2.13 | G48: 207.85 | H48: Data F | I48: Invalid | J48: 2.34 | K48: 338.9 | L48: 26.34 | M48: 44.16 | N48: 444.7 | O48: 0 | P48: 1.61 | Q48: 8.68
A49: 24/01/2025 10:15 | B49: 65.82 | C49: 79.02 | D49: 92.69 | E49: 10.24 | F49: 2.13 | G49: 217.71 | H49: Data F | I49: Invalid | J49: 2.29 | K49: 335.54 | L49: 26.89 | M49: 41.28 | N49: 454.8 | O49: 0 | P49: 1.62 | Q49: 8.67
A50: 24/01/2025 10:30 | B50: 64.05 | C50: 81.83 | D50: 92.74 | E50: 9.96 | F50: 2.17 | G50: 217.71 | H50: Data F | I50: Invalid | J50: 1.56 | K50: 320.66 | L50: 26.82 | M50: 41.67 | N50: 477.7 | O50: 0 | P50: 1.62 | Q50: 8.66
A51: 24/01/2025 10:45 | B51: 62.15 | C51: 84.51 | D51: 92.61 | E51: 9.65 | F51: 2.16 | G51: 217.71 | H51: Data F | I51: Invalid | J51: 2.1 | K51: 326.11 | L51: 27.61 | M51: 39.15 | N51: 503.2 | O51: 0 | P51: 1.62 | Q51: 8.64
A52: 24/01/2025 11:00 | B52: 59.56 | C52: 87.12 | D52: 91.91 | E52: 9.29 | F52: 2.13 | G52: 204.44 | H52: Data F | I52: Invalid | J52: 0.82 | K52: 322.01 | L52: 28.04 | M52: 37.66 | N52: 541 | O52: 0 | P52: 1.62 | Q52: 8.58
A53: 24/01/2025 11:15 | B53: 55.61 | C53: 89.18 | D53: 89.81 | E53: 9.18 | F53: 2.13 | G53: 188.57 | H53: Data F | I53: Invalid | J53: 2.36 | K53: 329.05 | L53: 28.91 | M53: 35.86 | N53: 557.8 | O53: 0 | P53: 1.6 | Q53: 8.45
A54: 24/01/2025 11:30 | B54: 51.45 | C54: 87.51 | D54: 85.6 | E54: 9.41 | F54: 2.13 | G54: 188.57 | H54: Data F | I54: Invalid | J54: 2.69 | K54: 329.81 | L54: 28.53 | M54: 36.42 | N54: 572.2 | O54: 0 | P54: 1.56 | Q54: 8.27
A55: 24/01/2025 11:45 | B55: 47.58 | C55: 87.5 | D55: 82.49 | E55: 8.07 | F55: 2.13 | G55: 188.57 | H55: Data F | I55: Invalid | J55: 2.86 | K55: 330.84 | L55: 30.06 | M55: 31.6 | N55: 593.7 | O55: 0 | P55: 1.54 | Q55: 8.21
... A92: 24/01/2025 21:00 | B92: 116.1 | C92: 79.89 | D92: 133.47 | E92: 7.26 | F92: 2.13 | G92: 230.88 | H92: Data F | I92: Invalid | J92: 1.36 | K92: 301.31 | L92: 17.36 | M92: 75.6 | N92: 71.3 | O92: 0 | P92: 2.28 | Q92: 9.51
A93: 24/01/2025 21:15 | B93: 127.4 | C93: 78.83 | D93: 141.97 | E93: 7.98 | F93: 2.13 | G93: 253.1 | H93: 66.7 | I93: Invalid | J93: 1.82 | K93: 288.2 | L93: 17.2 | M93: 77.34 | N93: 71.4 | O93: 0 | P93: 2.57 | Q93: 9.59
A94: 24/01/2025 21:30 | B94: 148.94 | C94: 81.82 | D94: 160.81 | E94: 8.78 | F94: 2.13 | G94: 253.1 | H94: 66.7 | I94: Invalid | J94: 1.77 | K94: 318.33 | L94: 17.06 | M94: 79.28 | N94: 71.2 | O94: 0 | P94: 2.38 | Q94: 9.61
A95: 24/01/2025 21:45 | B95: 169.22 | C95: 88.06 | D95: 180.33 | E95: 11.11 | F95: 2.13 | G95: 253.1 | H95: 66.7 | I95: Invalid | J95: 1.66 | K95: 312.3 | L95: 16.91 | M95: 84 | N95: 71.1 | O95: 0 | P95: 2.26 | Q95: 9.61
A96: 24/01/2025 22:00 | B96: 178.67 | C96: 87.06 | D96: 187.39 | E96: 11.11 | F96: 2.13 | G96: 241.57 | H96: 68.18 | I96: Invalid | J96: 1.79 | K96: 273.67 | L96: 16.85 | M96: 83.11 | N96: 71.2 | O96: 0 | P96: 2.52 | Q96: 9.78
A97: 24/01/2025 22:15 | B97: 186.47 | C97: 85.69 | D97: 192.93 | E97: 11.08 | F97: 2.13 | G97: 227.79 | H97: 69.95 | I97: Invalid | J97: 1.41 | K97: 275.69 | L97: 16.81 | M97: 82.19 | N97: 71.1 | O97: 0 | P97: 2.55 | Q97: 9.85
A98: 24/01/2025 22:30 | B98: 209.1 | C98: 86.31 | D98: 211.39 | E98: 10.63 | F98: 2.13 | G98: 227.79 | H98: 69.95 | I98: Invalid | J98: 1.69 | K98: 294.22 | L98: 16.63 | M98: 82.83 | N98: 71.2 | O98: 0 | P98: 2.64 | Q98: 9.85
A99: 24/01/2025 22:45 | B99: 225.14 | C99: 86.85 | D99: 224.55 | E99: 10.96 | F99: 2.13 | G99: 227.79 | H99: 69.95 | I99: Invalid | J99: 1.72 | K99: 309.63 | L99: 16.37 | M99: 81.85 | N99: 71 | O99: 0 | P99: 2.77 | Q99: 9.97
A100: 24/01/2025 23:00 | B100: 236.74 | C100: 86.64 | D100: 233.74 | E100: 11.04 | F100: 2.13 | G100: 211.35 | H100: 63.63 | I100: Invalid | J100: 1.77 | K100: 328.67 | L100: 16.54 | M100: 78.04 | N100: 71 | O100: 0 | P100: 2.85 | Q100: 10.1
A101: 24/01/2025 23:15 | B101: 237.39 | C101: 85.36 | D101: 233.59 | E101: 10.7 | F101: 2.13 | G101: 191.7 | H101: 56.07 | I101: Invalid | J101: 1.79 | K101: 315.3 | L101: 16.48 | M101: 74.64 | N101: 70.8 | O101: 0 | P101: 2.76 | Q101: 10.23
A102: 24/01/2025 23:30 | B102: 229.26 | C102: 83.84 | D102: 226.27 | E102: 9.95 | F102: 2.13 | G102: 191.7 | H102: 56.07 | I102: Invalid | J102: 1.82 | K102: 258.49 | L102: 16.8 | M102: 69.23 | N102: 71.1 | O102: 0 | P102: 2.75 | Q102: 10.3
A103: 24/01/2025 23:45 | B103: 218.69 | C103: 82.62 | D103: 217.16 | E103: 9.81 | F103: 2.13 | G103: 191.7 | H103: 56.07 | I103: Invalid | J103: 1.78 | K103: 274.78 | L103: 16.66 | M103: 68.16 | N103: 71.3 | O103: 0 | P103: 2.66 | Q103: 10.25
A104: 24/01/2025 24:00 | B104: 209.52 | C104: 76.5 | D104: 206.61 | E104: 7.97 | F104: 2.13 | G104: 149.07 | H104: 51.5 | I104: Invalid | J104: 0.73 | K104: 288.66 | L104: 16.44 | M104: 69.72 | N104: 71.2 | O104: 0 | P104: 2.4 | Q104: 10.25
A106: Min | B106: =MIN(B9:B104) -> 4.9 | C106: =MIN(C9:C104) -> 57.32 | D106: =MIN(D9:D104) -> 42.95 | E106: =MIN(E9:E104) -> 4.54 | F106: =MIN(F9:F104) -> 2.13 | G106: =MIN(G9:G104) -> 53.61 | H106: =MIN(H9:H104) -> 50.32 | I106: =MIN(I9:I104) -> 0 | ... Q106: =MIN(Q9:Q104) -> 8.21
A107: Max | B107: =MAX(B9:B104) -> 237.39 | C107: =MAX(C9:C104) -> 90.55 | D107: =MAX(D9:D104) -> 233.74 | E107: =MAX(E9:E104) -> 11.11 | F107: =MAX(F9:F104) -> 2.32 | G107: =MAX(G9:G104) -> 253.1 | H107: =MAX(H9:H104) -> 72.8 | I107: =MAX(I9:I104) -> 0 | ... Q107: =MAX(Q9:Q104) -> 10.3
A108: Avg | B108: =AVERAGE(B9:B104) -> 62.956042 | C108: =AVERAGE(C9:C104) -> 75.558646 | D108: =AVERAGE(D9:D104) -> 88.585833 | E108: =AVERAGE(E9:E104) -> 7.7407292 | F108: =AVERAGE(F9:F104) -> 2.1327083 | G108: =AVERAGE(G9:G104) -> 154.45573 | H108: =AVERAGE(H9:H104) -> 61.185957 | I108: =AVERAGE(I9:I104) -> #DIV/0! | ... Q108: =AVERAGE(Q9:Q104) -> 8.5926042
A109: Stdev | B109: =STDEV(B9:B104) -> 57.945134 | C109: =STDEV(C9:C104) -> 11.055308 | D109: =STDEV(D9:D104) -> 47.758985 | E109: =STDEV(E9:E104) -> 1.6872495 | F109: =STDEV(F9:F104) -> 0.019972569 | G109: =STDEV(G9:G104) -> 60.632761 | H109: =STDEV(H9:H104) -> 7.587634 | I109: =STDEV(I9:I104) -> #DIV/0! | ... Q109: =STDEV(Q9:Q104) -> 0.61827816
A110: Num | B110: =COUNT(B9:B104) -> 96 | C110: =COUNT(C9:C104) -> 96 | D110: =COUNT(D9:D104) -> 96 | E110: =COUNT(E9:E104) -> 96 | F110: =COUNT(F9:F104) -> 96 | G110: =COUNT(G9:G104) -> 96 | H110: =COUNT(H9:H104)+49 -> 96 | I110: =COUNT(I9:I104) -> 0 | J110: =COUNT(J9:J104) -> 96 | K110: =COUNT(K9:K104) -> 96 | L110: =COUNT(L9:L104) -> 96 | M110: =COUNT(M9:M104) -> 96 | N110: =COUNT(N9:N104) -> 96 | O110: =COUNT(O9:O104) -> 96 | P110: =COUNT(P9:P104) -> 96 | Q110: =COUNT(Q9:Q104) -> 96
A111: DCR | B111: =IF(B110>=87,">90%",IF(B110<=87,"<90%")) -> >90% | C111: =IF(C110>=87,">90%",IF(C110<=87,"<90%")) -> >90% | D111: =IF(D110>=87,">90%",IF(D110<=87,"<90%")) -> >90% | E111: =IF(E110>=87,">90%",IF(E110<=87,"<90%")) -> >90% | F111: =IF(F110>=87,">90%",IF(F110<=87,"<90%")) -> >90% | G111: =IF(G110>=87,">90%",IF(G110<=87,"<90%")) -> >90% | H111: =IF(H110>=87,">90%",IF(H110<=87,"<90%")) -> >90% | I111: =IF(I110>=87,">90%",IF(I110<=87,"<90%")) -> <90% | ... Q111: =IF(Q110>=87,">90%",IF(Q110<=87,"<90%")) -> >90%
A112: Status | B112: =IF(B110>=87,"OK",IF(B110<=87,"LESS")) -> OK | C112: =IF(C110>=87,"OK",IF(C110<=87,"LESS")) -> OK | D112: =IF(D110>=87,"OK",IF(D110<=87,"LESS")) -> OK | E112: =IF(E110>=87,"OK",IF(E110<=87,"LESS")) -> OK | F112: =IF(F110>=87,"OK",IF(F110<=87,"LESS")) -> OK | G112: =IF(G110>=87,"OK",IF(G110<=87,"LESS")) -> OK | H112: =IF(H110>=87,"OK",IF(H110<=87,"LESS")) -> OK | I112: =IF(I110>=87,"OK",IF(I110<=87,"LESS")) -> LESS | ... Q112: =IF(Q110>=87,"OK",IF(Q110<=87,"LESS")) -> OK
A115: Done by | B115: RK
A117: Comment

Sheet 25
A1: Station: | B1: BHATAGAON RAIPUR
A2: Date: | B2: =$A$9 -> 25/01/2025 00:15 | D2: Power Off | G2: Pw.Off | L2: Link Fail | N2: Link F | P2: Maintenance | R2: Maint.
A3: Report Type: | B3: Mean | D3: Calibration | G3: Calib. | L3: Data Fail | N3: Data F | P3: Invalid | R3: Invalid
A4: Time Base: | B4: 15 Min | D4: Zero Referrence | G4: Z.Ref | L4: Warm Up | N4: Wm. Up
A7: Date & Time | B7: NO_BHATAGAON | C7: NO2__BHATAGAON | D7: NOX_BHATAGAON | E7: SO2__BHATAGAON | F7: O3__BHATAGAON | G7: PM10__BHATAGAON | H7: PM2_5__BHATAGAON | I7: BENZ__BHATAGAON | J7: WS__BHATAGAON | K7: WD__BHATAGAON | L7: TEMP__BHATAGAON | M7: HUM__BHATAGAON | N7: SR__BHATAGAON | O7: RG__BHATAGAON | P7: CO__BHATAGAON | Q7: NH3__BHATAGAON
B8: ug/m3 | C8: ug/m3 | D8: ppb | E8: ug/m3 | F8: ug/m3 | G8: ug/m3 | H8: ug/m3 | I8: ug/m3 | J8: m/sec | K8: deg | L8: degreC | M8: % | N8: w/m2 | O8: mm | P8: mg/m3 | Q8: ug/m3
A9: 25/01/2025 00:15 | B9: 202.64 | C9: 74.78 | D9: 200.2 | E9: 8.44 | F9: 2.13 | G9: 98.12 | H9: 46.03 | I9: Invalid | J9: 1.82 | K9: 293.65 | L9: 16.23 | M9: 70.4 | N9: 71 | O9: 0 | P9: 2.32 | Q9: 10.21
A10: 25/01/2025 00:30 | B10: 195.17 | C10: 74.3 | D10: 193.95 | E10: 8.19 | F10: 2.13 | G10: 98.12 | H10: 46.03 | I10: Invalid | J10: 1.55 | K10: 281.54 | L10: 16.12 | M10: 72.05 | N10: 70.9 | O10: 0 | P10: 2.24 | Q10: 10.19
A11: 25/01/2025 00:45 | B11: 187.52 | C11: 72.75 | D11: 187.01 | E11: 8.18 | F11: 2.13 | G11: 98.12 | H11: 46.03 | I11: Invalid | J11: 0.94 | K11: 315.69 | L11: 15.93 | M11: 74.06 | N11: 71.2 | O11: 0 | P11: 2.32 | Q11: 10.13
A12: 25/01/2025 01:00 | B12: 179.88 | C12: 71.6 | D12: 180.28 | E12: 7.48 | F12: 2.13 | G12: 88.94 | H12: 36.76 | I12: Invalid | J12: 0.27 | K12: 2.13 | L12: 15.93 | M12: 77.84 | N12: 70.9 | O12: 0 | P12: 2.13 | Q12: 10.06
A13: 25/01/2025 01:15 | B13: 172.65 | C13: 69.8 | D13: 173.54 | E13: 7.79 | F13: 2.13 | G13: 77.96 | H13: 25.68 | I13: Invalid | J13: 0.35 | K13: 203.68 | L13: 15.78 | M13: 79.03 | N13: 71 | O13: 0 | P13: 1.92 | Q13: 10.01
A14: 25/01/2025 01:30 | B14: 165.18 | C14: 68.01 | D14: 166.62 | E14: 7.64 | F14: 2.13 | G14: 77.96 | H14: 25.68 | I14: Invalid | J14: 1.26 | K14: 318.43 | L14: 15.83 | M14: 77.43 | N14: 71 | O14: 0 | P14: 1.83 | Q14: 9.96
A15: 25/01/2025 01:45 | B15: 157.93 | C15: 66.59 | D15: 160.06 | E15: 7.36 | F15: 2.13 | G15: 77.96 | H15: 25.68 | I15: Invalid | J15: 1 | K15: 49.35 | L15: 15.81 | M15: 76.13 | N15: 70.9 | O15: 0 | P15: 1.89 | Q15: 9.93
A16: 25/01/2025 02:00 | B16: 150.58 | C16: 66.89 | D16: 154.33 | E16: 7.17 | F16: 2.13 | G16: 77.71 | H16: 28.37 | I16: Invalid | J16: 1.68 | K16: 343.05 | L16: 15.74 | M16: 76.99 | N16: 71.2 | O16: 0 | P16: 1.96 | Q16: 9.9
A17: 25/01/2025 02:15 | B17: 142.93 | C17: 67.27 | D17: 148.39 | E17: 7.19 | F17: 2.13 | G17: 77.4 | H17: 31.57 | I17: Invalid | J17: 1.54 | K17: 356.01 | L17: 15.35 | M17: 79.56 | N17: 71.2 | O17: 0 | P17: 1.85 | Q17: 9.88
A18: 25/01/2025 02:30 | B18: 134.33 | C18: 67.12 | D18: 141.41 | E18: 6.97 | F18: 2.13 | G18: 77.4 | H18: 31.57 | I18: Invalid | J18: 1.47 | K18: 354.14 | L18: 15.16 | M18: 79 | N18: 70.8 | O18: 0 | P18: 1.78 | Q18: 9.86
A19: 25/01/2025 02:45 | B19: 125.51 | C19: 66.82 | D19: 134.19 | E19: 6.78 | F19: 2.13 | G19: 77.4 | H19: 31.57 | I19: Invalid | J19: 1.3 | K19: 353.1 | L19: 15.28 | M19: 76.82 | N19: 71 | O19: 0 | P19: 1.71 | Q19: 9.83
A20: 25/01/2025 03:00 | B20: 117.35 | C20: 66.4 | D20: 127.42 | E20: 6.7 | F20: 2.13 | G20: 77.39 | H20: 35.17 | I20: Invalid | J20: 1.24 | K20: 359.14 | L20: 15.18 | M20: 77.71 | N20: 71.1 | O20: 0 | P20: 1.63 | Q20: 9.8
... A104: 25/01/2025 24:00 | B104: 140.29 | C104: 74.39 | D104: 149.99 | E104: 8.3 | F104: 2.13 | G104: 193.57 | H104: 56.91 | I104: Invalid | J104: 0.46 | K104: 339.91 | L104: 16.49 | M104: 77.63 | N104: 67.9 | O104: 0 | P104: 2.6 | Q104: 9.71
A106: Min | B106: =MIN(B9:B104) -> 3.42 | C106: =MIN(C9:C104) -> 60.64 | D106: =MIN(D9:D104) -> 38.87 | E106: =MIN(E9:E104) -> 3.8 | F106: =MIN(F9:F104) -> 2.13 | G106: =MIN(G9:G104) -> 61.61 | H106: =MIN(H9:H104) -> 23.55 | I106: =MIN(I9:I104) -> 0 | ... Q106: =MIN(Q9:Q104) -> 8.21
A107: Max | B107: =MAX(B9:B104) -> 202.64 | C107: =MAX(C9:C104) -> 83.7 | D107: =MAX(D9:D104) -> 200.2 | E107: =MAX(E9:E104) -> 8.44 | F107: =MAX(F9:F104) -> 2.97 | G107: =MAX(G9:G104) -> 211.53 | H107: =MAX(H9:H104) -> 56.91 | I107: =MAX(I9:I104) -> 0 | ... Q107: =MAX(Q9:Q104) -> 10.21
A108: Avg | B108: =AVERAGE(B9:B104) -> 63.560104 | C108: =AVERAGE(C9:C104) -> 71.515208 | D108: =AVERAGE(D9:D104) -> 86.958125 | E108: =AVERAGE(E9:E104) -> 6.1790625 | F108: =AVERAGE(F9:F104) -> 2.1547917 | G108: =AVERAGE(G9:G104) -> 97.224688 | H108: =AVERAGE(H9:H104) -> 32.796771 | I108: =AVERAGE(I9:I104) -> #DIV/0! | ... Q108: =AVERAGE(Q9:Q104) -> 8.7409375
A109: Stdev | B109: =STDEV(B9:B104) -> 54.305459 | C109: =STDEV(C9:C104) -> 6.2327112 | D109: =STDEV(D9:D104) -> 43.185704 | E109: =STDEV(E9:E104) -> 1.0981114 | F109: =STDEV(F9:F104) -> 0.13096387 | G109: =STDEV(G9:G104) -> 44.411151 | H109: =STDEV(H9:H104) -> 9.2867131 | I109: =STDEV(I9:I104) -> #DIV/0! | ... Q109: =STDEV(Q9:Q104) -> 0.70846918
A110: Num | B110: =COUNT(B9:B104) -> 96 | C110: =COUNT(C9:C104) -> 96 | D110: =COUNT(D9:D104) -> 96 | E110: =COUNT(E9:E104) -> 96 | F110: =COUNT(F9:F104) -> 96 | G110: =COUNT(G9:G104) -> 96 | H110: =COUNT(H9:H104) -> 96 | I110: =COUNT(I9:I104) -> 0 | ... Q110: =COUNT(Q9:Q104) -> 96
A111: DCR | B111: =IF(B110>=87,">90%",IF(B110<=87,"<90%")) -> >90% | C111: =IF(C110>=87,">90%",IF(C110<=87,"<90%")) -> >90% | D111: =IF(D110>=87,">90%",IF(D110<=87,"<90%")) -> >90% | E111: =IF(E110>=87,">90%",IF(E110<=87,"<90%")) -> >90% | F111: =IF(F110>=87,">90%",IF(F110<=87,"<90%")) -> >90% | G111: =IF(G110>=87,">90%",IF(G110<=87,"<90%")) -> >90% | H111: =IF(H110>=87,">90%",IF(H110<=87,"<90%")) -> >90% | I111: =IF(I110>=87,">90%",IF(I110<=87,"<90%")) -> <90% | ... Q111: =IF(Q110>=87,">90%",IF(Q110<=87,"<90%")) -> >90%
A112: Status | B112: =IF(B110>=87,"OK",IF(B110<=87,"LESS")) -> OK | C112: =IF(C110>=87,"OK",IF(C110<=87,"LESS")) -> OK | D112: =IF(D110>=87,"OK",IF(D110<=87,"LESS")) -> OK | E112: =IF(E110>=87,"OK",IF(E110<=87,"LESS")) -> OK | F112: =IF(F110>=87,"OK",IF(F110<=87,"LESS")) -> OK | G112: =IF(G110>=87,"OK",IF(G110<=87,"LESS")) -> OK | H112: =IF(H110>=87,"OK",IF(H110<=87,"LESS")) -> OK | I112: =IF(I110>=87,"OK",IF(I110<=87,"LESS")) -> LESS | ... Q112: =IF(Q110>=87,"OK",IF(Q110<=87,"LESS")) -> OK
A115: Done by | B115: RK
A117: Comment

Sheet 26
A1: Station: | B1: BHATAGAON RAIPUR
A2: Date: | B2: =$A$9 -> 26/01/2025 00:15 | D2: Power Off | G2: Pw.Off | L2: Link Fail | N2: Link F | P2: Maintenance | R2: Maint.
A3: Report Type: | B3: Mean | D3: Calibration | G3: Calib. | L3: Data Fail | N3: Data F | P3: Invalid | R3: Invalid
A4: Time Base: | B4: 15 Min | D4: Zero Referrence | G4: Z.Ref | L4: Warm Up | N4: Wm. Up
A7: Date & Time | B7: NO_BHATAGAON | C7: NO2__BHATAGAON | D7: NOX_BHATAGAON | E7: SO2__BHATAGAON | F7: O3__BHATAGAON | G7: PM10__BHATAGAON | H7: PM2_5__BHATAGAON | I7: BENZ__BHATAGAON | J7: WS__BHATAGAON | K7: WD__BHATAGAON | L7: TEMP__BHATAGAON | M7: HUM__BHATAGAON | N7: SR__BHATAGAON | O7: RG__BHATAGAON | P7: CO__BHATAGAON | Q7: NH3__BHATAGAON
B8: ug/m3 | C8: ug/m3 | D8: ppb | E8: ug/m3 | F8: ug/m3 | G8: ug/m3 | H8: ug/m3 | I8: ug/m3 | J8: m/sec | K8: deg | L8: degreC | M8: % | N8: w/m2 | O8: mm | P8: mg/m3 | Q8: ug/m3
A9: 26/01/2025 00:15 | B9: 135.92 | C9: 73.51 | D9: 146.03 | E9: 9.04 | F9: 2.13 | G9: 182.52 | H9: 57.17 | I9: Invalid | J9: 0.46 | K9: 37.87 | L9: 16.64 | M9: 75.72 | N9: 68.3 | O9: 0 | P9: 2.56 | Q9: 9.77
A10: 26/01/2025 00:30 | B10: 128.82 | C10: 72.33 | D10: 139.72 | E10: 8.94 | F10: 2.13 | G10: 182.52 | H10: 57.17 | I10: Invalid | J10: 0.73 | K10: 357.95 | L10: 16.55 | M10: 75.57 | N10: 68.5 | O10: 0 | P10: 2.48 | Q10: 9.78
A11: 26/01/2025 00:45 | B11: 121.45 | C11: 71.36 | D11: 133.3 | E11: 8.18 | F11: 2.13 | G11: 182.52 | H11: 57.17 | I11: Invalid | J11: 1.66 | K11: 342.6 | L11: 16.13 | M11: 79.2 | N11: 68.8 | O11: 0 | P11: 2.41 | Q11: 9.77
A12: 26/01/2025 01:00 | B12: 115.13 | C12: 68.16 | D12: 126.56 | E12: 8.25 | F12: 2.13 | G12: 137 | H12: 51.42 | I12: Invalid | J12: 1.28 | K12: 53.39 | L12: 15.9 | M12: 80.92 | N12: 68.5 | O12: 0 | P12: 2.16 | Q12: 9.73
A13: 26/01/2025 01:15 | B13: 110.26 | C13: 65.5 | D13: 121.26 | E13: 7.29 | F13: 2.13 | G13: 82.59 | H13: 44.54 | I13: Invalid | J13: 1.19 | K13: 7.34 | L13: 15.47 | M13: 84.66 | N13: 68.7 | O13: 0 | P13: 1.91 | Q13: 9.67
A14: 26/01/2025 01:30 | B14: 105.88 | C14: 65.52 | D14: 117.76 | E14: 7.39 | F14: 2.13 | G14: 82.59 | H14: 44.54 | I14: Invalid | J14: 1.08 | K14: 356.51 | L14: 15.22 | M14: 83.89 | N14: 68.4 | O14: 0 | P14: 1.89 | Q14: 9.65
A15: 26/01/2025 01:45 | B15: 101.6 | C15: 65.13 | D15: 114.13 | E15: 7.71 | F15: 2.13 | G15: 82.59 | H15: 44.54 | I15: Invalid | J15: 2.05 | K15: 352.04 | L15: 15.25 | M15: 82.41 | N15: 68.1 | O15: 0 | P15: 1.82 | Q15: 9.59
A16: 26/01/2025 02:00 | B16: 97.25 | C16: 64.96 | D16: 110.55 | E16: 7.39 | F16: 2.13 | G16: 87.1 | H16: 42.76 | I16: Invalid | J16: 1.53 | K16: 345.45 | L16: 15.23 | M16: 83.5 | N16: 68.4 | O16: 0 | P16: 1.8 | Q16: 9.55
A17: 26/01/2025 02:15 | B17: 93.66 | C17: 63.92 | D17: 107.13 | E17: 7.52 | F17: 2.13 | G17: 92.48 | H17: 40.53 | I17: Invalid | J17: 1.25 | K17: 69.17 | L17: 15.19 | M17: 86.34 | N17: 68.3 | O17: 0 | P17: 1.76 | Q17: 9.54
A18: 26/01/2025 02:30 | B18: 90.1 | C18: 63.62 | D18: 104.12 | E18: 7.58 | F18: 2.13 | G18: 92.48 | H18: 40.53 | I18: Invalid | J18: 0.56 | K18: 38.8 | L18: 15.14 | M18: 86.44 | N18: 68.4 | O18: 0 | P18: 1.75 | Q18: 9.45
A19: 26/01/2025 02:45 | B19: 86.79 | C19: 62.62 | D19: 100.94 | E19: 7.41 | F19: 2.13 | G19: 92.48 | H19: 40.53 | I19: Invalid | J19: 1.34 | K19: 78.99 | L19: 15.02 | M19: 86.57 | N19: 68.4 | O19: 0 | P19: 1.72 | Q19: 9.28
A20: 26/01/2025 03:00 | B20: 83.99 | C20: 59.69 | D20: 97.16 | E20: 7.59 | F20: 2.13 | G20: 115.81 | H20: 42.48 | I20: Invalid | J20: 0.84 | K20: 104.35 | L20: 14.93 | M20: 84.68 | N20: 68.4 | O20: 0 | P20: 1.74 | Q20: 9.06
... A104: 26/01/2025 24:00 | B104: 56.65 | C104: 68.62 | D104: 79.91 | E104: 5.53 | F104: 2.13 | G104: 93.48 | H104: 28.96 | I104: Invalid | J104: 0.99 | K104: 41.28 | L104: 16.31 | M104: 54.88 | N104: 72.8 | O104: 0 | P104: 1.35 | Q104: 8.21
A106: Min | B106: =MIN(B9:B104) -> 4.78 | C106: =MIN(C9:C104) -> 59.29 | D106: =MIN(D9:D104) -> 39.62 | E106: =MIN(E9:E104) -> 3.77 | F106: =MIN(F9:F104) -> 2.13 | G106: =MIN(G9:G104) -> 40.81 | H106: =MIN(H9:H104) -> 20.17 | I106: =MIN(I9:I104) -> 0 | ... Q106: =MIN(Q9:Q104) -> 8.21
A107: Max | B107: =MAX(B9:B104) -> 135.92 | C107: =MAX(C9:C104) -> 76.51 | D107: =MAX(D9:D104) -> 146.03 | E107: =MAX(E9:E104) -> 9.04 | F107: =MAX(F9:F104) -> 2.32 | G107: =MAX(G9:G104) -> 182.52 | H107: =MAX(H9:H104) -> 165.61 | I107: =MAX(I9:I104) -> 0 | ... Q107: =MAX(Q9:Q104) -> 9.78
A108: Avg | B108: =AVERAGE(B9:B104) -> 41.840729 | C108: =AVERAGE(C9:C104) -> 68.444792 | D108: =AVERAGE(D9:D104) -> 67.936771 | E108: =AVERAGE(E9:E104) -> 6.271875 | F108: =AVERAGE(F9:F104) -> 2.1332292 | G108: =AVERAGE(G9:G104) -> 89.898958 | H108: =AVERAGE(H9:H104) -> 51.641979 | I108: =AVERAGE(I9:I104) -> #DIV/0! | ... Q108: =AVERAGE(Q9:Q104) -> 8.3940625
A109: Stdev | B109: =STDEV(B9:B104) -> 31.768233 | C109: =STDEV(C9:C104) -> 5.5450547 | D109: =STDEV(D9:D104) -> 24.620366 | E109: =STDEV(E9:E104) -> 1.3821191 | F109: =STDEV(F9:F104) -> 0.022313309 | G109: =STDEV(G9:G104) -> 33.710264 | H109: =STDEV(H9:H104) -> 35.363353 | I109: =STDEV(I9:I104) -> #DIV/0! | ... Q109: =STDEV(Q9:Q104) -> 0.46024382
A110: Num | B110: =COUNT(B9:B104) -> 96 | C110: =COUNT(C9:C104) -> 96 | D110: =COUNT(D9:D104) -> 96 | E110: =COUNT(E9:E104) -> 96 | F110: =COUNT(F9:F104) -> 96 | G110: =COUNT(G9:G104) -> 96 | H110: =COUNT(H9:H104) -> 96 | I110: =COUNT(I9:I104) -> 0 | ... Q110: =COUNT(Q9:Q104) -> 96
A111: DCR | B111: =IF(B110>=87,">90%",IF(B110<=87,"<90%")) -> >90% | C111: =IF(C110>=87,">90%",IF(C110<=87,"<90%")) -> >90% | D111: =IF(D110>=87,">90%",IF(D110<=87,"<90%")) -> >90% | E111: =IF(E110>=87,">90%",IF(E110<=87,"<90%")) -> >90% | F111: =IF(F110>=87,">90%",IF(F110<=87,"<90%")) -> >90% | G111: =IF(G110>=87,">90%",IF(G110<=87,"<90%")) -> >90% | H111: =IF(H110>=87,">90%",IF(H110<=87,"<90%")) -> >90% | I111: =IF(I110>=87,">90%",IF(I110<=87,"<90%")) -> <90% | ... P111: =IF(P110>=87,">90%",IF(P110<=87,"<90%")) -> >90%
A112: Status | B112: =IF(B110>=87,"OK",IF(B110<=87,"LESS")) -> OK | C112: =IF(C110>=87,"OK",IF(C110<=87,"LESS")) -> OK | D112: =IF(D110>=87,"OK",IF(D110<=87,"LESS")) -> OK | E112: =IF(E110>=87,"OK",IF(E110<=87,"LESS")) -> OK | F112: =IF(F110>=87,"OK",IF(F110<=87,"LESS")) -> OK | G112: =IF(G110>=87,"OK",IF(G110<=87,"LESS")) -> OK | H112: =IF(H110>=87,"OK",IF(H110<=87,"LESS")) -> OK | I112: =IF(I110>=87,"OK",IF(I110<=87,"LESS")) -> LESS | ... Q112: =IF(Q110>=87,"OK",IF(Q110<=87,"LESS")) -> OK
A115: Done by | B115: RK
A117: Comment

Sheet 27
A1: Station: | B1: BHATAGAON RAIPUR
A2: Date: | B2: =$A$9 -> 27/01/2025 00:15 | D2: Power Off | G2: Pw.Off | L2: Link Fail | N2: Link F | P2: Maintenance | R2: Maint.
A3: Report Type: | B3: Mean | D3: Calibration | G3: Calib. | L3: Data Fail | N3: Data F | P3: Invalid | R3: Invalid
A4: Time Base: | B4: 15 Min | D4: Zero Referrence | G4: Z.Ref | L4: Warm Up | N4: Wm. Up
A7: Date & Time | B7: NO_BHATAGAON | C7: NO2__BHATAGAON | D7: NOX_BHATAGAON | E7: SO2__BHATAGAON | F7: O3__BHATAGAON | G7: PM10__BHATAGAON | H7: PM2_5__BHATAGAON | I7: BENZ__BHATAGAON | J7: WS__BHATAGAON | K7: WD__BHATAGAON | L7: TEMP__BHATAGAON | M7: HUM__BHATAGAON | N7: SR__BHATAGAON | O7: RG__BHATAGAON | P7: CO__BHATAGAON | Q7: NH3__BHATAGAON
B8: ug/m3 | C8: ug/m3 | D8: ppb | E8: ug/m3 | F8: ug/m3 | G8: ug/m3 | H8: ug/m3 | I8: ug/m3 | J8: m/sec | K8: deg | L8: degreC | M8: % | N8: w/m2 | O8: mm | P8: mg/m3 | Q8: ug/m3
A9: 27/01/2025 00:15 | B9: 53.91 | C9: 68.79 | D9: 77.79 | E9: 5.81 | F9: 2.13 | G9: 85.06 | H9: 31.55 | I9: Invalid | J9: 0.54 | K9: 358.57 | L9: 15.96 | M9: 56.58 | N9: 72.6 | O9: 0 | P9: 1.3 | Q9: 8.21
A10: 27/01/2025 00:30 | B10: 50.54 | C10: 68.17 | D10: 74.77 | E10: 5.48 | F10: 2.13 | G10: 85.06 | H10: 31.55 | I10: Invalid | J10: 0.62 | K10: 348.76 | L10: 16.29 | M10: 48.2 | N10: 72.5 | O10: 0 | P10: 1.28 | Q10: 8.21
A11: 27/01/2025 00:45 | B11: 46.65 | C11: 67.89 | D11: 71.51 | E11: 5.2 | F11: 2.13 | G11: 85.06 | H11: 31.55 | I11: Invalid | J11: 0.67 | K11: 11.65 | L11: 16 | M11: 49 | N11: 73 | O11: 0 | P11: 1.24 | Q11: 8.21
A12: 27/01/2025 01:00 | B12: 43.01 | C12: 67.22 | D12: 68.24 | E12: 5.27 | F12: 2.13 | G12: 71.74 | H12: 26.67 | I12: Invalid | J12: 0.85 | K12: 359.35 | L12: 15.71 | M12: 49.35 | N12: 73 | O12: 0 | P12: 1.19 | Q12: 8.21
A13: 27/01/2025 01:15 | B13: 39.58 | C13: 66.68 | D13: 65.2 | E13: 4.93 | F13: 2.13 | G13: 55.82 | H13: 20.83 | I13: Invalid | J13: 1.02 | K13: 345.1 | L13: 15.43 | M13: 48.41 | N13: 73.1 | O13: 0 | P13: 1.13 | Q13: 8.21
A14: 27/01/2025 01:30 | B14: 36.3 | C14: 66.17 | D14: 62.3 | E14: 4.95 | F14: 2.13 | G14: 55.82 | H14: 20.83 | I14: Invalid | J14: 1.25 | K14: 319.79 | L14: 15.21 | M14: 47.97 | N14: 73 | O14: 0 | P14: 1.12 | Q14: 8.21
A15: 27/01/2025 01:45 | B15: 33.32 | C15: 65.65 | D15: 59.64 | E15: 4.81 | F15: 2.13 | G15: 55.82 | H15: 20.83 | I15: Invalid | J15: 0.61 | K15: 34.36 | L15: 15.04 | M15: 48.98 | N15: 73.2 | O15: 0 | P15: 1.09 | Q15: 8.21
A16: 27/01/2025 02:00 | B16: 30.59 | C16: 63.96 | D16: 56.57 | E16: 4.67 | F16: 2.13 | G16: 55.48 | H16: 17.99 | I16: Invalid | J16: 1.38 | K16: 231.33 | L16: 14.65 | M16: 51.45 | N16: 72.9 | O16: 0 | P16: 1.04 | Q16: 8.21
A17: 27/01/2025 02:15 | B17: 28.2 | C17: 61.66 | D17: 53.46 | E17: 4.55 | F17: 2.13 | G17: 55.08 | H17: 14.6 | I17: Invalid | J17: 1.4 | K17: 184.85 | L17: 14.54 | M17: 52.63 | N17: 73 | O17: 0 | P17: 1.01 | Q17: 8.21
A18: 27/01/2025 02:30 | B18: 26.52 | C18: 61.81 | D18: 52.19 | E18: 4.66 | F18: 2.13 | G18: 55.08 | H18: 14.6 | I18: Invalid | J18: 1.65 | K18: 196.77 | L18: 14.09 | M18: 62.62 | N18: 73.2 | O18: 0 | P18: 1 | Q18: 8.21
A19: 27/01/2025 02:45 | B19: 25.22 | C19: 61.41 | D19: 50.94 | E19: 4.6 | F19: 2.13 | G19: 55.08 | H19: 14.6 | I19: Invalid | J19: 1.17 | K19: 255 | L19: 13.47 | M19: 74.85 | N19: 73.4 | O19: 0 | P19: 0.97 | Q19: 8.21
A20: 27/01/2025 03:00 | B20: 24.5 | C20: 60.21 | D20: 49.72 | E20: 4.84 | F20: 2.13 | G20: 59.12 | H20: 19.66 | I20: Invalid | J20: 1.69 | K20: 324.15 | L20: 12.84 | M20: 80.95 | N20: 73.4 | O20: 0 | P20: 0.93 | Q20: 8.21
... A44: 27/01/2025 09:00 | B44: 23.52 | C44: 60.76 | D44: 49.23 | E44: 5.27 | F44: 2.13 | G44: 70.26 | H44: 67.9 | I44: Invalid | J44: 1.81 | K44: 107.09 | L44: 18.66 | M44: 34.77 | N44: 465.9 | O44: 0 | P44: 0.74 | Q44: 8.21
A45: 27/01/2025 09:15 | B45: 23.12 | C45: 61.63 | D45: 49.37 | E45: 4.99 | F45: 2.13 | G45: 68.57 | H45: Data F | I45: Invalid | J45: 2.79 | K45: 122.85 | L45: 18.62 | M45: 34.97 | N45: 506.8 | O45: 0 | P45: 0.73 | Q45: 8.21
A46: 27/01/2025 09:30 | B46: 22.44 | C46: 62.57 | D46: 49.31 | E46: 5.28 | F46: 2.13 | G46: 68.57 | H46: Data F | I46: Invalid | J46: 0.68 | K46: 35.18 | L46: 20.22 | M46: 32.91 | N46: 530.2 | O46: 0 | P46: 0.72 | Q46: 8.21
A47: 27/01/2025 09:45 | B47: 22.78 | C47: 63.98 | D47: 50.32 | E47: 5.21 | F47: 2.13 | G47: 68.57 | H47: Data F | I47: Invalid | J47: 1.81 | K47: 351.67 | L47: 24.06 | M47: 26.61 | N47: 552.1 | O47: 0 | P47: 0.72 | Q47: 8.21
A48: 27/01/2025 10:00 | B48: 23.7 | C48: 65.74 | D48: 51.97 | E48: 5.33 | F48: 2.13 | G48: 69.71 | H48: Data F | I48: Invalid | J48: 2.19 | K48: 336.3 | L48: 26.04 | M48: 24.75 | N48: 571.1 | O48: 0 | P48: 0.73 | Q48: 8.21
A49: 27/01/2025 10:15 | B49: 24.13 | C49: 67.66 | D49: 53.32 | E49: 5.71 | F49: 2.13 | G49: 71.08 | H49: Data F | I49: Invalid | J49: 2.67 | K49: 337.13 | L49: 26.81 | M49: 23.24 | N49: 586.5 | O49: 0 | P49: 0.74 | Q49: 8.21
A50: 27/01/2025 10:30 | B50: 23.2 | C50: 82.83 | D50: 60.51 | E50: 11.16 | F50: 3.25 | G50: 71.08 | H50: Data F | I50: Invalid | J50: 2.57 | K50: 334.08 | L50: 27.85 | M50: 21.37 | N50: 597.7 | O50: 0 | P50: 0.76 | Q50: 8.21
A51: 27/01/2025 10:45 | B51: 15.71 | C51: 105.19 | D51: 66.18 | E51: 10.35 | F51: 3.33 | G51: 71.08 | H51: Data F | I51: Invalid | J51: 1.3 | K51: 346.38 | L51: 27.47 | M51: 20.97 | N51: 612 | O51: 0 | P51: 0.73 | Q51: 8.21
A52: 27/01/2025 11:00 | B52: 13.28 | C52: 106.03 | D52: 64.67 | E52: 7.4 | F52: 2.13 | G52: 69.87 | H52: 50.83 | I52: Invalid | J52: 2 | K52: 336 | L52: 27.84 | M52: 20.12 | N52: 614.9 | O52: 0 | P52: 0.72 | Q52: 8.21
A53: 27/01/2025 11:15 | B53: 13.81 | C53: 100.9 | D53: 62.42 | E53: 6.81 | F53: 2.13 | G53: 68.42 | H53: 28.72 | I53: Invalid | J53: 0.57 | K53: 17.08 | L53: 27.65 | M53: 20.62 | N53: 607.9 | O53: 0 | P53: 0.71 | Q53: 8.21
A54: 27/01/2025 11:30 | B54: 14.27 | C54: 95.54 | D54: 59.98 | E54: 6.88 | F54: 2.13 | G54: 68.42 | H54: 28.72 | I54: Invalid | J54: 0.37 | K54: 343.83 | L54: 25.09 | M54: 23.93 | N54: 608.7 | O54: 0 | P54: 0.71 | Q54: 8.21
A55: 27/01/2025 11:45 | B55: 14.92 | C55: 94.06 | D55: 59.73 | E55: 7.9 | F55: 2.13 | G55: 68.42 | H55: 28.72 | I55: Invalid | J55: 1.63 | K55: 340.38 | L55: 27.21 | M55: 22.8 | N55: 593.1 | O55: 0 | P55: 0.73 | Q55: 8.21
A56: 27/01/2025 12:00 | B56: 16.88 | C56: 95.61 | D56: 62.11 | E56: 10.1 | F56: 2.13 | G56: 69.49 | H56: 39.31 | I56: Invalid | J56: 1.49 | K56: 340.72 | L56: 27.32 | M56: 22.47 | N56: 599.2 | O56: 0 | P56: 0.77 | Q56: 8.21
A57: 27/01/2025 12:15 | B57: 17.68 | C57: 99.41 | D57: 64.74 | E57: 10.05 | F57: 2.13 | G57: 70.78 | H57: 51.97 | I57: Invalid | J57: 2.3 | K57: 332.5 | L57: 28.14 | M57: 21.54 | N57: 615 | O57: 0 | P57: 0.8 | Q57: 8.21
A58: 27/01/2025 12:30 | B58: 17.71 | C58: 100.81 | D58: 65.49 | E58: 11.89 | F58: 2.13 | G58: 70.78 | H58: 51.97 | I58: Invalid | J58: 1.9 | K58: 318.16 | L58: 28.71 | M58: 21.26 | N58: 632.1 | O58: 0 | P58: 0.79 | Q58: 8.21
A59: 27/01/2025 12:45 | B59: 14.87 | C59: 102.36 | D59: 64.02 | E59: 12.75 | F59: 2.13 | G59: 70.78 | H59: 51.97 | I59: Invalid | J59: 2.34 | K59: 323.95 | L59: 29.18 | M59: 20.78 | N59: 647.4 | O59: 0 | P59: 0.77 | Q59: 8.21
A60: 27/01/2025 13:00 | B60: 11.3 | C60: 103.32 | D60: 61.67 | E60: 10.08 | F60: 3.18 | G60: 76.56 | H60: 57.57 | I60: Invalid | J60: 3.21 | K60: 325.59 | L60: 29.5 | M60: 22.39 | N60: 659.2 | O60: 0 | P60: 0.73 | Q60: 8.21
A61: 27/01/2025 13:15 | B61: 6.78 | C61: 98.46 | D61: 55.51 | E61: 9.11 | F61: 6.63 | G61: 83.48 | H61: 64.26 | I61: Invalid | J61: 2.05 | K61: 299.36 | L61: 28.73 | M61: 23.28 | N61: 645.6 | O61: 0 | P61: 0.63 | Q61: 8.21
A62: 27/01/2025 13:30 | B62: 4.53 | C62: 90.82 | D62: 49.71 | E62: 9.12 | F62: 9.98 | G62: 83.48 | H62: 64.26 | I62: Invalid | J62: 2.14 | K62: 310.51 | L62: 28.97 | M62: 23.22 | N62: 595.5 | O62: 0 | P62: 0.6 | Q62: 8.21
A63: 27/01/2025 13:45 | B63: 3.48 | C63: 84.12 | D63: 45.36 | E63: 7.15 | F63: 6.94 | G63: 83.48 | H63: 64.26 | I63: Invalid | J63: 2.06 | K63: 306.55 | L63: 28.61 | M63: 24.08 | N63: 458.6 | O63: 0 | P63: 0.58 | Q63: 8.21
... A104: 27/01/2025 24:00 | B104: 101.09 | C104: 67.59 | D104: 115 | E104: 5.92 | F104: 2.13 | G104: 115.02 | H104: 33.11 | I104: Invalid | J104: 0.94 | K104: 225.23 | L104: 14.61 | M104: 57.16 | N104: 75.7 | O104: 0 | P104: 1.39 | Q104: 9.98
A106: Min | B106: =MIN(B9:B104) -> 3.44 | C106: =MIN(C9:C104) -> 56.38 | D106: =MIN(D9:D104) -> 34.59 | E106: =MIN(E9:E104) -> 4.31 | F106: =MIN(F9:F104) -> 2.13 | G106: =MIN(G9:G104) -> 41.21 | H106: =MIN(H9:H104) -> 14.6 | I106: =MIN(I9:I104) -> 0 | ... Q106: =MIN(Q9:Q104) -> 8.21
A107: Max | B107: =MAX(B9:B104) -> 101.09 | C107: =MAX(C9:C104) -> 106.03 | D107: =MAX(D9:D104) -> 115 | E107: =MAX(E9:E104) -> 12.75 | F107: =MAX(F9:F104) -> 10.34 | G107: =MAX(G9:G104) -> 155.43 | H107: =MAX(H9:H104) -> 67.9 | I107: =MAX(I9:I104) -> 0 | ... Q107: =MAX(Q9:Q104) -> 10.02
A108: Avg | B108: =AVERAGE(B9:B104) -> 31.563021 | C108: =AVERAGE(C9:C104) -> 71.460313 | D108: =AVERAGE(D9:D104) -> 61.270625 | E108: =AVERAGE(E9:E104) -> 6.4516667 | F108: =AVERAGE(F9:F104) -> 2.8145833 | G108: =AVERAGE(G9:G104) -> 80.703646 | H108: =AVERAGE(H9:H104) -> 37.371236 | I108: =AVERAGE(I9:I104) -> #DIV/0! | ... Q108: =AVERAGE(Q9:Q104) -> 8.4728125
A109: Stdev | B109: =STDEV(B9:B104) -> 27.076549 | C109: =STDEV(C9:C104) -> 13.168287 | D109: =STDEV(D9:D104) -> 22.305834 | E109: =STDEV(E9:E104) -> 1.751279 | F109: =STDEV(F9:F104) -> 1.6068308 | G109: =STDEV(G9:G104) -> 31.22643 | H109: =STDEV(H9:H104) -> 12.728505 | I109: =STDEV(I9:I104) -> #DIV/0! | ... Q109: =STDEV(Q9:Q104) -> 0.58171019
A110: Num | B110: =COUNT(B9:B104) -> 96 | C110: =COUNT(C9:C104) -> 96 | D110: =COUNT(D9:D104) -> 96 | E110: =COUNT(E9:E104) -> 96 | F110: =COUNT(F9:F104) -> 96 | G110: =COUNT(G9:G104) -> 96 | H110: =COUNT(H9:H104)+7 -> 96 | I110: =COUNT(I9:I104) -> 0 | J110: =COUNT(J9:J104) -> 96 | K110: =COUNT(K9:K104) -> 96 | L110: =COUNT(L9:L104) -> 96 | M110: =COUNT(M9:M104) -> 96 | N110: =COUNT(N9:N104) -> 96 | O110: =COUNT(O9:O104) -> 96 | P110: =COUNT(P9:P104) -> 96 | Q110: =COUNT(Q9:Q104) -> 96
A111: DCR | B111: =IF(B110>=87,">90%",IF(B110<=87,"<90%")) -> >90% | C111: =IF(C110>=87,">90%",IF(C110<=87,"<90%")) -> >90% | D111: =IF(D110>=87,">90%",IF(D110<=87,"<90%")) -> >90% | E111: =IF(E110>=87,">90%",IF(E110<=87,"<90%")) -> >90% | F111: =IF(F110>=87,">90%",IF(F110<=87,"<90%")) -> >90% | G111: =IF(G110>=87,">90%",IF(G110<=87,"<90%")) -> >90% | H111: =IF(H110>=87,">90%",IF(H110<=87,"<90%")) -> >90% | I111: =IF(I110>=87,">90%",IF(I110<=87,"<90%")) -> <90% | ... Q111: =IF(Q110>=87,">90%",IF(Q110<=87,"<90%")) -> >90%
