Workbook

Sheet 01
A1: Station: | B1: BHATAGAON RAIPUR
A2: Date: | B2: =$A$9 -> 01/01/2025 01:00 | D2: Power Off | G2: Pw.Off | L2: Link Fail | N2: Link F | P2: Maintenance | R2: Maint.
A3: Report Type: | B3: Mean | D3: Calibration | G3: Calib. | L3: Data Fail | N3: Data F | P3: Invalid | R3: Invalid
A4: Time Base: | B4: 01 Hour | D4: Zero Referrence | G4: Z.Ref | L4: Warm Up | N4: Wm. Up
A7: Date & Time | B7: NO_BHATAGAON | C7: NO2__BHATAGAON | D7: NOX_BHATAGAON | E7: SO2__BHATAGAON | F7: O3__BHATAGAON | G7: PM10__BHATAGAON | H7: PM2_5__BHATAGAON | I7: BENZ__BHATAGAON | J7: WS__BHATAGAON | K7: WD__BHATAGAON | L7: TEMP__BHATAGAON | M7: HUM__BHATAGAON | N7: SR__BHATAGAON | O7: RG__BHATAGAON | P7: CO__BHATAGAON | Q7: NH3__BHATAGAON
B8: ug/m3 | C8: ug/m3 | D8: ppb | E8: ug/m3 | F8: ug/m3 | G8: mg/m3 | H8: ug/m3 | I8: ug/m3 | J8: m/sec | K8: deg | L8: degreC | M8: % | N8: w/m2 | O8: mm | P8: ug/m3 | Q8: ug/m3
A9: 01/01/2025 01:00 | B9: 72.09 | C9: 54.16 | D9: 84.73 | E9: 8.37 | F9: 2.13 | G9: 108.12 | H9: 36.06 | I9: Invalid | J9: 1.42 | K9: 301.73 | L9: 13.72 | M9: 83.36 | N9: 84.5 | O9: 0 | P9: 1.58 | Q9: 9.61
A10: 01/01/2025 02:00 | B10: 62.45 | C10: 52.15 | D10: 75.95 | E10: 8.16 | F10: 2.13 | G10: 91.82 | H10: 36.06 | I10: Invalid | J10: 2.6 | K10: 267.24 | L10: 14.19 | M10: 75.3 | N10: 87.5 | O10: 0 | P10: 1.39 | Q10: 9.54
A11: 01/01/2025 03:00 | B11: 47.97 | C11: 51.09 | D11: 63.73 | E11: 7.42 | F11: 2.13 | G11: 81.3 | H11: 34.07 | I11: Invalid | J11: 2.77 | K11: 108.16 | L11: 14.17 | M11: 62.76 | N11: 87.7 | O11: 0 | P11: 1.23 | Q11: 8.68
A12: 01/01/2025 04:00 | B12: 34.93 | C12: 49.24 | D12: 52.23 | E12: 7.28 | F12: 2.13 | G12: 58.72 | H12: 32.25 | I12: Invalid | J12: 2.45 | K12: 105.85 | L12: 13.93 | M12: 68.9 | N12: 96.3 | O12: 0 | P12: 1.05 | Q12: 8.21
A13: 01/01/2025 05:00 | B13: 27.16 | C13: 48.4 | D13: 45.69 | E13: 7.17 | F13: 2.13 | G13: 57.13 | H13: 29.92 | I13: Invalid | J13: 1.03 | K13: 332.5 | L13: 12.98 | M13: 70.88 | N13: 99.5 | O13: 0 | P13: 0.89 | Q13: 8.21
A14: 01/01/2025 06:00 | B14: 25.89 | C14: 50.29 | D14: 45.66 | E14: 7.16 | F14: 2.13 | G14: 63.22 | H14: 28.58 | I14: Invalid | J14: 1.25 | K14: 321.58 | L14: 12.14 | M14: 81.27 | N14: 95.1 | O14: 0 | P14: 0.83 | Q14: 8.21
A15: 01/01/2025 07:00 | B15: 26.78 | C15: 50.6 | D15: 46.54 | E15: 7.39 | F15: 2.13 | G15: 80.81 | H15: 27.96 | I15: Invalid | J15: 3.16 | K15: 116.95 | L15: 12.04 | M15: 83.1 | N15: 105 | O15: 0 | P15: 0.78 | Q15: 8.21
A16: 01/01/2025 08:00 | B16: 21.79 | C16: 48.75 | D16: 41.22 | E16: 7.34 | F16: 2.13 | G16: 85.81 | H16: 33.64 | I16: Invalid | J16: 3.2 | K16: 122.38 | L16: 13.16 | M16: 75.84 | N16: 206.8 | O16: 0 | P16: 0.85 | Q16: 8.21
A17: 01/01/2025 09:00 | B17: 17.04 | C17: 48.61 | D17: 37.68 | E17: 6.12 | F17: 2.13 | G17: 85.81 | H17: 33.64 | I17: Invalid | J17: 2.78 | K17: 154.92 | L17: 16.47 | M17: 68.31 | N17: 381.6 | O17: 0 | P17: 0.82 | Q17: 8.21
A18: 01/01/2025 10:00 | B18: 12.97 | C18: 49.88 | D18: 34.42 | E18: 5.91 | F18: 2.13 | G18: 72.32 | H18: 30.48 | I18: Invalid | J18: 1.74 | K18: 280.04 | L18: 20.46 | M18: 57.41 | N18: 445.6 | O18: 0 | P18: 0.78 | Q18: 8.21
A19: 01/01/2025 11:00 | B19: 9.21 | C19: 51.35 | D19: 32.61 | E19: 6.01 | F19: 2.13 | G19: 66.46 | H19: 27.97 | I19: Invalid | J19: 1.4 | K19: 236.56 | L19: 20.48 | M19: 49.53 | N19: 544.3 | O19: 0 | P19: 0.76 | Q19: 8.21
A20: 01/01/2025 12:00 | B20: Pw.Off | C20: Pw.Off | D20: Pw.Off | E20: Pw.Off | F20: Pw.Off | G20: Pw.Off | H20: Pw.Off | I20: Pw.Off | J20: Pw.Off | K20: Pw.Off | L20: Pw.Off | M20: Pw.Off | N20: Pw.Off | O20: Pw.Off | P20: Pw.Off | Q20: Pw.Off
A21: 01/01/2025 13:00 | B21: Pw.Off | C21: Pw.Off | D21: Pw.Off | E21: Pw.Off | F21: Pw.Off | G21: Pw.Off | H21: Pw.Off | I21: Pw.Off | J21: Pw.Off | K21: Pw.Off | L21: Pw.Off | M21: Pw.Off | N21: Pw.Off | O21: Pw.Off | P21: Pw.Off | Q21: Pw.Off
A22: 01/01/2025 14:00 | B22: Pw.Off | C22: Pw.Off | D22: Pw.Off | E22: Pw.Off | F22: Pw.Off | G22: Pw.Off | H22: Pw.Off | I22: Pw.Off | J22: Pw.Off | K22: Pw.Off | L22: Pw.Off | M22: Pw.Off | N22: Pw.Off | O22: Pw.Off | P22: Pw.Off | Q22: Pw.Off
A23: 01/01/2025 15:00 | B23: Pw.Off | C23: Pw.Off | D23: Pw.Off | E23: Pw.Off | F23: Pw.Off | G23: Pw.Off | H23: Pw.Off | I23: Pw.Off | J23: Pw.Off | K23: Pw.Off | L23: Pw.Off | M23: Pw.Off | N23: Pw.Off | O23: Pw.Off | P23: Pw.Off | Q23: Pw.Off
A24: 01/01/2025 16:00 | B24: Pw.Off | C24: Pw.Off | D24: Pw.Off | E24: Pw.Off | F24: Pw.Off | G24: Pw.Off | H24: Pw.Off | I24: Pw.Off | J24: Pw.Off | K24: Pw.Off | L24: Pw.Off | M24: Pw.Off | N24: Pw.Off | O24: Pw.Off | P24: Pw.Off | Q24: Pw.Off
A25: 01/01/2025 17:00 | B25: Pw.Off | C25: Pw.Off | D25: Pw.Off | E25: Pw.Off | F25: Pw.Off | G25: Pw.Off | H25: Pw.Off | I25: Pw.Off | J25: Pw.Off | K25: Pw.Off | L25: Pw.Off | M25: Pw.Off | N25: Pw.Off | O25: Pw.Off | P25: Pw.Off | Q25: Pw.Off
A26: 01/01/2025 18:00 | B26: Pw.Off | C26: Pw.Off | D26: Pw.Off | E26: Pw.Off | F26: Pw.Off | G26: Pw.Off | H26: Pw.Off | I26: Pw.Off | J26: Pw.Off | K26: Pw.Off | L26: Pw.Off | M26: Pw.Off | N26: Pw.Off | O26: Pw.Off | P26: Pw.Off | Q26: Pw.Off
A27: 01/01/2025 19:00 | B27: Pw.Off | C27: Pw.Off | D27: Pw.Off | E27: Pw.Off | F27: Pw.Off | G27: Pw.Off | H27: Pw.Off | I27: Pw.Off | J27: Pw.Off | K27: Pw.Off | L27: Pw.Off | M27: Pw.Off | N27: Pw.Off | O27: Pw.Off | P27: Pw.Off | Q27: Pw.Off
A28: 01/01/2025 20:00 | B28: Pw.Off | C28: Pw.Off | D28: Pw.Off | E28: Pw.Off | F28: Pw.Off | G28: Pw.Off | H28: Pw.Off | I28: Pw.Off | J28: Pw.Off | K28: Pw.Off | L28: Pw.Off | M28: Pw.Off | N28: Pw.Off | O28: Pw.Off | P28: Pw.Off | Q28: Pw.Off
A29: 01/01/2025 21:00 | B29: Pw.Off | C29: Pw.Off | D29: Pw.Off | E29: Pw.Off | F29: Pw.Off | G29: Pw.Off | H29: Pw.Off | I29: Pw.Off | J29: Pw.Off | K29: Pw.Off | L29: Pw.Off | M29: Pw.Off | N29: Pw.Off | O29: Pw.Off | P29: Pw.Off | Q29: Pw.Off
A30: 01/01/2025 22:00 | B30: Pw.Off | C30: Pw.Off | D30: Pw.Off | E30: Pw.Off | F30: Pw.Off | G30: Pw.Off | H30: Pw.Off | I30: Pw.Off | J30: Pw.Off | K30: Pw.Off | L30: Pw.Off | M30: Pw.Off | N30: Pw.Off | O30: Pw.Off | P30: Pw.Off | Q30: Pw.Off
A31: 01/01/2025 23:00 | B31: Pw.Off | C31: Pw.Off | D31: Pw.Off | E31: Pw.Off | F31: Pw.Off | G31: Pw.Off | H31: Pw.Off | I31: Pw.Off | J31: Pw.Off | K31: Pw.Off | L31: Pw.Off | M31: Pw.Off | N31: Pw.Off | O31: Pw.Off | P31: Pw.Off | Q31: Pw.Off
A32: 01/01/2025 24:00 | B32: Pw.Off | C32: Pw.Off | D32: Pw.Off | E32: Pw.Off | F32: Pw.Off | G32: Pw.Off | H32: Pw.Off | I32: Pw.Off | J32: Pw.Off | K32: Pw.Off | L32: Pw.Off | M32: Pw.Off | N32: Pw.Off | O32: Pw.Off | P32: Pw.Off | Q32: Pw.Off
A34: Min | B34: =MIN(B9:B32) -> 9.21 | C34: =MIN(C9:C32) -> 48.4 | D34: =MIN(D9:D32) -> 32.61 | E34: =MIN(E9:E32) -> 5.91 | F34: =MIN(F9:F32) -> 2.13 | G34: =MIN(G9:G32) -> 57.13 | H34: =MIN(H9:H32) -> 27.96 | I34: =MIN(I9:I32) -> 0 | ... Q34: =MIN(Q9:Q32) -> 8.21
A35: Max | B35: =MAX(B9:B32) -> 72.09 | C35: =MAX(C9:C32) -> 54.16 | D35: =MAX(D9:D32) -> 84.73 | E35: =MAX(E9:E32) -> 8.37 | F35: =MAX(F9:F32) -> 2.13 | G35: =MAX(G9:G32) -> 108.12 | H35: =MAX(H9:H32) -> 36.06 | I35: =MAX(I9:I32) -> 0 | ... Q35: =MAX(Q9:Q32) -> 9.61
A36: Avg | B36: =AVERAGE(B9:B32) -> 32.570909 | C36: =AVERAGE(C9:C32) -> 50.410909 | D36: =AVERAGE(D9:D32) -> 50.950909 | E36: =AVERAGE(E9:E32) -> 7.1209091 | F36: =AVERAGE(F9:F32) -> 2.13 | G36: =AVERAGE(G9:G32) -> 77.410909 | H36: =AVERAGE(H9:H32) -> 31.875455 | I36: =AVERAGE(I9:I32) -> #DIV/0! | ... Q36: =AVERAGE(Q9:Q32) -> 8.5009091
A37: Stdev | B37: =STDEV(B9:B32) -> 20.228761 | C37: =STDEV(C9:C32) -> 1.7370115 | D37: =STDEV(D9:D32) -> 16.989754 | E37: =STDEV(E9:E32) -> 0.81125156 | F37: =STDEV(F9:F32) -> 4.6576469e-16 | G37: =STDEV(G9:G32) -> 15.576667 | H37: =STDEV(H9:H32) -> 3.0564501 | I37: =STDEV(I9:I32) -> #DIV/0! | ... Q37: =STDEV(Q9:Q32) -> 0.54944435
A38: Num | B38: =COUNT(B9:B32)+13 -> 24 | C38: =COUNT(C9:C32)+13 -> 24 | D38: =COUNT(D9:D32)+13 -> 24 | E38: =COUNT(E9:E32)+13 -> 24 | F38: =COUNT(F9:F32)+13 -> 24 | G38: =COUNT(G9:G32)+13 -> 24 | H38: =COUNT(H9:H32)+13 -> 24 | I38: =COUNT(I9:I32) -> 0 | J38: =COUNT(J9:J32)+13 -> 24 | K38: =COUNT(K9:K32)+13 -> 24 | L38: =COUNT(L9:L32)+13 -> 24 | M38: =COUNT(M9:M32)+13 -> 24 | N38: =COUNT(N9:N32)+13 -> 24 | O38: =COUNT(O9:O32)+13 -> 24 | P38: =COUNT(P9:P32)+13 -> 24 | Q38: =COUNT(Q9:Q32)+13 -> 24
A39: DCR | B39: =IF(B38>=22,">90%",IF(B38<=22,"<90%")) -> >90% | C39: =IF(C38>=22,">90%",IF(C38<=22,"<90%")) -> >90% | D39: =IF(D38>=22,">90%",IF(D38<=22,"<90%")) -> >90% | E39: =IF(E38>=22,">90%",IF(E38<=22,"<90%")) -> >90% | F39: =IF(F38>=22,">90%",IF(F38<=22,"<90%")) -> >90% | G39: =IF(G38>=22,">90%",IF(G38<=22,"<90%")) -> >90% | H39: =IF(H38>=22,">90%",IF(H38<=22,"<90%")) -> >90% | I39: =IF(I38>=22,">90%",IF(I38<=22,"<90%")) -> <90% | ... Q39: =IF(Q38>=22,">90%",IF(Q38<=22,"<90%")) -> >90%
A40: Status | B40: =IF(B38>=22,"OK",IF(B38<=22,"LESS")) -> OK | C40: =IF(C38>=22,"OK",IF(C38<=22,"LESS")) -> OK | D40: =IF(D38>=22,"OK",IF(D38<=22,"LESS")) -> OK | E40: =IF(E38>=22,"OK",IF(E38<=22,"LESS")) -> OK | F40: =IF(F38>=22,"OK",IF(F38<=22,"LESS")) -> OK | G40: =IF(G38>=22,"OK",IF(G38<=22,"LESS")) -> OK | H40: =IF(H38>=22,"OK",IF(H38<=22,"LESS")) -> OK | I40: =IF(I38>=22,"OK",IF(I38<=22,"LESS")) -> LESS | ... Q40: =IF(Q38>=22,"OK",IF(Q38<=22,"LESS")) -> OK
A43: Done by | B43: RAHUL
A45: Comment

Sheet 02
A1: Station: | B1: BHATAGAON RAIPUR
A2: Date: | B2: =$A$9 -> 02/01/2025 01:00 | D2: Power Off | G2: Pw.Off | L2: Link Fail | N2: Link F | P2: Maintenance | R2: Maint.
A3: Report Type: | B3: Mean | D3: Calibration | G3: Calib. | L3: Data Fail | N3: Data F | P3: Invalid | R3: Invalid
A4: Time Base: | B4: 01 Hour | D4: Zero Referrence | G4: Z.Ref | L4: Warm Up | N4: Wm. Up
A7: Date & Time | B7: NO_BHATAGAON | C7: NO2__BHATAGAON | D7: NOX_BHATAGAON | E7: SO2__BHATAGAON | F7: O3__BHATAGAON | G7: PM10__BHATAGAON | H7: PM2_5__BHATAGAON | I7: BENZ__BHATAGAON | J7: WS__BHATAGAON | K7: WD__BHATAGAON | L7: TEMP__BHATAGAON | M7: HUM__BHATAGAON | N7: SR__BHATAGAON | O7: RG__BHATAGAON | P7: CO__BHATAGAON | Q7: NH3__BHATAGAON
B8: ug/m3 | C8: ug/m3 | D8: ppb | E8: ug/m3 | F8: ug/m3 | G8: mg/m3 | H8: ug/m3 | I8: ug/m3 | J8: m/sec | K8: deg | L8: degreC | M8: % | N8: w/m2 | O8: mm | P8: ug/m3 | Q8: ug/m3
A9: 02/01/2025 01:00 | B9: 133.76 | C9: 47.92 | D9: 130.86 | E9: 8.41 | F9: 2.15 | G9: 186.39 | H9: 59.15 | I9: Invalid | J9: 2.55 | K9: 346.84 | L9: 11.01 | M9: 92.85 | N9: 98.2 | O9: 0 | P9: 2.1 | Q9: 10.31
A10: 02/01/2025 02:00 | B10: 129.21 | C10: 43.52 | D10: 124.82 | E10: 8.45 | F10: 2.13 | G10: 144.84 | H10: 59.15 | I10: Invalid | J10: 2.51 | K10: 348.63 | L10: 10.75 | M10: 97.35 | N10: 98.6 | O10: 0 | P10: 1.85 | Q10: 10.27
A11: 02/01/2025 03:00 | B11: 121.1 | C11: 42.57 | D11: 117.98 | E11: 7.57 | F11: 2.26 | G11: 132.8 | H11: 45.18 | I11: Invalid | J11: 2.61 | K11: 237.58 | L11: 11.31 | M11: 89.97 | N11: 99.1 | O11: 0 | P11: 1.69 | Q11: 10.24
A12: 02/01/2025 04:00 | B12: 100.24 | C12: 42.18 | D12: 101.03 | E12: 6.64 | F12: 2.13 | G12: 78.26 | H12: 39.87 | I12: Invalid | J12: 2.53 | K12: 227.19 | L12: 9.47 | M12: 94.23 | N12: 98.9 | O12: 0 | P12: 1.52 | Q12: 10
A13: 02/01/2025 05:00 | B13: 85.68 | C13: 40.44 | D13: 88.46 | E13: 5.9 | F13: 2.13 | G13: 78.26 | H13: 39.87 | I13: Invalid | J13: 2.18 | K13: 348.03 | L13: 9.6 | M13: 97.47 | N13: 99 | O13: 0 | P13: 1.34 | Q13: 9.93
A14: 02/01/2025 06:00 | B14: 69.85 | C14: 38.93 | D14: 74.76 | E14: 5.54 | F14: 2.13 | G14: 77.66 | H14: 16.69 | I14: Invalid | J14: 1.63 | K14: 79.94 | L14: 9.58 | M14: 79.06 | N14: 99.1 | O14: 0 | P14: 1.11 | Q14: 9.8
A15: 02/01/2025 07:00 | B15: 56.27 | C15: 39.07 | D15: 63.95 | E15: 4.77 | F15: 2.13 | G15: 47.99 | H15: 3 | I15: Invalid | J15: 1.81 | K15: 352 | L15: 9.4 | M15: 82.43 | N15: 110.5 | O15: 0 | P15: 0.92 | Q15: 9.66
A16: 02/01/2025 08:00 | B16: 50.51 | C16: 41.5 | D16: 60.29 | E16: 5.22 | F16: 2.13 | G16: 57.55 | H16: 16.29 | I16: Invalid | J16: 1.52 | K16: 328.11 | L16: 11.55 | M16: 83.65 | N16: 291.5 | O16: 0 | P16: 1 | Q16: 8.88
A17: 02/01/2025 09:00 | B17: 45.47 | C17: 43.63 | D17: 56.97 | E17: 5.53 | F17: 2.13 | G17: 59.63 | H17: 42.48 | I17: Invalid | J17: 2.94 | K17: 352.45 | L17: 16.63 | M17: 62.4 | N17: 543.6 | O17: 0 | P17: 0.93 | Q17: 8.67
A18: 02/01/2025 10:00 | B18: 41.02 | C18: 45.93 | D18: 54.69 | E18: 5.61 | F18: 2.13 | G18: 59.63 | H18: 42.48 | I18: Invalid | J18: 3.75 | K18: 338.07 | L18: 23.43 | M18: 45.28 | N18: 659.5 | O18: 0 | P18: 0.83 | Q18: 8.49
A19: 02/01/2025 11:00 | B19: 35.35 | C19: 69.39 | D19: 53.09 | E19: 8.11 | F19: 2.15 | G19: 48.81 | H19: 20.44 | I19: Invalid | J19: 3.2 | K19: 338.12 | L19: 25.49 | M19: 33.07 | N19: 732.2 | O19: 0 | P19: 0.78 | Q19: 8.21
A20: 02/01/2025 12:00 | B20: 16.28 | C20: 68.58 | D20: 47.51 | E20: 7.59 | F20: 2.13 | G20: 74.73 | H20: 27.47 | I20: Invalid | J20: 2.94 | K20: 341.83 | L20: 25.87 | M20: 32.35 | N20: 783.5 | O20: 0 | P20: 0.7 | Q20: 8.21
... A32: 02/01/2025 24:00 | B32: 112.27 | C32: 49.46 | D32: 114.49 | E32: 7.9 | F32: 2.13 | G32: 101.65 | H32: 45.07 | I32: Invalid | J32: 2.02 | K32: 339.17 | L32: 14.38 | M32: 45.36 | N32: 147.3 | O32: 0 | P32: 2.1 | Q32: 10.09
A34: Min | B34: =MIN(B9:B32) -> 5.56 | C34: =MIN(C9:C32) -> 38.93 | D34: =MIN(D9:D32) -> 35.49 | E34: =MIN(E9:E32) -> 4.77 | F34: =MIN(F9:F32) -> 2.13 | G34: =MIN(G9:G32) -> 47.99 | H34: =MIN(H9:H32) -> 3 | I34: =MIN(I9:I32) -> 0 | ... Q34: =MIN(Q9:Q32) -> 8.21
A35: Max | B35: =MAX(B9:B32) -> 134.33 | C35: =MAX(C9:C32) -> 74.67 | D35: =MAX(D9:D32) -> 136.27 | E35: =MAX(E9:E32) -> 12.13 | F35: =MAX(F9:F32) -> 5 | G35: =MAX(G9:G32) -> 242.04 | H35: =MAX(H9:H32) -> 65.25 | I35: =MAX(I9:I32) -> 0 | ... Q35: =MAX(Q9:Q32) -> 10.31
A36: Avg | B36: =AVERAGE(B9:B32) -> 66.332083 | C36: =AVERAGE(C9:C32) -> 54.432083 | D36: =AVERAGE(D9:D32) -> 79.375833 | E36: =AVERAGE(E9:E32) -> 7.54875 | F36: =AVERAGE(F9:F32) -> 2.2904167 | G36: =AVERAGE(G9:G32) -> 117.3625 | H36: =AVERAGE(H9:H32) -> 39.5325 | I36: =AVERAGE(I9:I32) -> #DIV/0! | ... Q36: =AVERAGE(Q9:Q32) -> 9.25625
A37: Stdev | B37: =STDEV(B9:B32) -> 48.098129 | C37: =STDEV(C9:C32) -> 11.637792 | D37: =STDEV(D9:D32) -> 36.183278 | E37: =STDEV(E9:E32) -> 1.991524 | F37: =STDEV(F9:F32) -> 0.59153065 | G37: =STDEV(G9:G32) -> 60.387786 | H37: =STDEV(H9:H32) -> 16.961856 | I37: =STDEV(I9:I32) -> #DIV/0! | ... Q37: =STDEV(Q9:Q32) -> 0.89493168
A38: Num | B38: =COUNT(B9:B32) -> 24 | C38: =COUNT(C9:C32) -> 24 | D38: =COUNT(D9:D32) -> 24 | E38: =COUNT(E9:E32) -> 24 | F38: =COUNT(F9:F32) -> 24 | G38: =COUNT(G9:G32) -> 24 | H38: =COUNT(H9:H32) -> 24 | I38: =COUNT(I9:I32) -> 0 | ... Q38: =COUNT(Q9:Q32) -> 24
A39: DCR | B39: =IF(B38>=22,">90%",IF(B38<=22,"<90%")) -> >90% | C39: =IF(C38>=22,">90%",IF(C38<=22,"<90%")) -> >90% | D39: =IF(D38>=22,">90%",IF(D38<=22,"<90%")) -> >90% | E39: =IF(E38>=22,">90%",IF(E38<=22,"<90%")) -> >90% | F39: =IF(F38>=22,">90%",IF(F38<=22,"<90%")) -> >90% | G39: =IF(G38>=22,">90%",IF(G38<=22,"<90%")) -> >90% | H39: =IF(H38>=22,">90%",IF(H38<=22,"<90%")) -> >90% | I39: =IF(I38>=22,">90%",IF(I38<=22,"<90%")) -> <90% | ... Q39: =IF(Q38>=22,">90%",IF(Q38<=22,"<90%")) -> >90%
A40: Status | B40: =IF(B38>=22,"OK",IF(B38<=22,"LESS")) -> OK | C40: =IF(C38>=22,"OK",IF(C38<=22,"LESS")) -> OK | D40: =IF(D38>=22,"OK",IF(D38<=22,"LESS")) -> OK | E40: =IF(E38>=22,"OK",IF(E38<=22,"LESS")) -> OK | F40: =IF(F38>=22,"OK",IF(F38<=22,"LESS")) -> OK | G40: =IF(G38>=22,"OK",IF(G38<=22,"LESS")) -> OK | H40: =IF(H38>=22,"OK",IF(H38<=22,"LESS")) -> OK | I40: =IF(I38>=22,"OK",IF(I38<=22,"LESS")) -> LESS | ... Q40: =IF(Q38>=22,"OK",IF(Q38<=22,"LESS")) -> OK
A43: Done by | B43: RAHUL
A45: Comment

Sheet 03
A1: Station: | B1: BHATAGAON RAIPUR
A2: Date: | B2: =$A$9 -> 03/01/2025 01:00 | D2: Power Off | G2: Pw.Off | L2: Link Fail | N2: Link F | P2: Maintenance | R2: Maint.
A3: Report Type: | B3: Mean | D3: Calibration | G3: Calib. | L3: Data Fail | N3: Data F | P3: Invalid | R3: Invalid
A4: Time Base: | B4: 01 Hour | D4: Zero Referrence | G4: Z.Ref | L4: Warm Up | N4: Wm. Up
A7: Date & Time | B7: NO_BHATAGAON | C7: NO2__BHATAGAON | D7: NOX_BHATAGAON | E7: SO2__BHATAGAON | F7: O3__BHATAGAON | G7: PM10__BHATAGAON | H7: PM2_5__BHATAGAON | I7: BENZ__BHATAGAON | J7: WS__BHATAGAON | K7: WD__BHATAGAON | L7: TEMP__BHATAGAON | M7: HUM__BHATAGAON | N7: SR__BHATAGAON | O7: RG__BHATAGAON | P7: CO__BHATAGAON | Q7: NH3__BHATAGAON
B8: ug/m3 | C8: ug/m3 | D8: ppb | E8: ug/m3 | F8: ug/m3 | G8: mg/m3 | H8: ug/m3 | I8: ug/m3 | J8: m/sec | K8: deg | L8: degreC | M8: % | N8: w/m2 | O8: mm | P8: ug/m3 | Q8: ug/m3
A9: 03/01/2025 01:00 | B9: 96.43 | C9: 47.6 | D9: 100.82 | E9: 6.63 | F9: 2.13 | G9: 79.14 | H9: 45.07 | I9: Invalid | J9: 2.42 | K9: 311.14 | L9: 13.26 | M9: 53.52 | N9: 147.3 | O9: 0 | P9: 1.96 | Q9: 9.93
A10: 03/01/2025 02:00 | B10: 77.85 | C10: 46.86 | D10: 85.51 | E10: 5.99 | F10: 2.13 | G10: 72.22 | H10: 33.25 | I10: Invalid | J10: 1.79 | K10: 344.76 | L10: 13.27 | M10: 44.91 | N10: 148.2 | O10: 0 | P10: 1.5 | Q10: 9.79
A11: 03/01/2025 03:00 | B11: 62.03 | C11: 44.17 | D11: 71.45 | E11: 5.51 | F11: 2.13 | G11: 53.15 | H11: 13.68 | I11: Invalid | J11: 2.76 | K11: 306.17 | L11: 12.3 | M11: 55.79 | N11: 148.6 | O11: 0 | P11: 1.26 | Q11: 9.67
A12: 03/01/2025 04:00 | B12: 51.67 | C12: 41.9 | D12: 61.95 | E12: 5.26 | F12: 2.13 | G12: 77.23 | H12: 13.68 | I12: Invalid | J12: 2.72 | K12: 357.18 | L12: 10.89 | M12: 61.58 | N12: 147.8 | O12: 0 | P12: 1.07 | Q12: 9.52
A13: 03/01/2025 05:00 | B13: 44.81 | C13: 41.4 | D13: 55.86 | E13: 5.11 | F13: 2.13 | G13: 77.23 | H13: 14.61 | I13: Invalid | J13: 2.9 | K13: 320.5 | L13: 10.64 | M13: 63.88 | N13: 148.2 | O13: 0 | P13: 0.92 | Q13: 8.78
A14: 03/01/2025 06:00 | B14: 50.99 | C14: 42.94 | D14: 61.65 | E14: 5.5 | F14: 2.13 | G14: 88.26 | H14: 150.14 | I14: Invalid | J14: 2.92 | K14: 328.62 | L14: 9.42 | M14: 94.7 | N14: 149 | O14: 0 | P14: 0.78 | Q14: 9.19
A15: 03/01/2025 07:00 | B15: 64.69 | C15: 41.34 | D15: 71.74 | E15: 6.59 | F15: 2.13 | G15: 103.14 | H15: 150.14 | I15: Invalid | J15: 2.92 | K15: 357.36 | L15: 8.53 | M15: 93.81 | N15: 160.1 | O15: 0 | P15: 0.77 | Q15: 9.76
A16: 03/01/2025 08:00 | B16: 76.64 | C16: 40.49 | D16: 81.12 | E16: 6.55 | F16: 2.13 | G16: 103.14 | H16: 37.79 | I16: Invalid | J16: 4.32 | K16: 328.18 | L16: 12.01 | M16: 77.46 | N16: 352.9 | O16: 0 | P16: 0.93 | Q16: 9.86
A17: 03/01/2025 09:00 | B17: 72.78 | C17: 42.41 | D17: 77.92 | E17: 6.9 | F17: 2.13 | G17: 98.26 | H17: 0.76 | I17: Invalid | J17: 2.36 | K17: 131.17 | L17: 18.03 | M17: 48.7 | N17: 602.3 | O17: 0 | P17: 0.89 | Q17: 9.83
A18: 03/01/2025 10:00 | B18: 59.86 | C18: 48.07 | D18: 69.37 | E18: 6.01 | F18: 2.13 | G18: 76.35 | H18: 59.39 | I18: Invalid | J18: 1.58 | K18: 141.33 | L18: 20.81 | M18: 36.13 | N18: 707.3 | O18: 0 | P18: 0.84 | Q18: 9.68
A19: 03/01/2025 11:00 | B19: 50.02 | C19: 51.71 | D19: 64.68 | E19: 5.71 | F19: 2.13 | G19: 76.35 | H19: 59.39 | I19: Invalid | J19: 1.75 | K19: 353.33 | L19: 26.68 | M19: 27.08 | N19: 733.1 | O19: 0 | P19: 0.8 | Q19: 9.73
A20: 03/01/2025 12:00 | B20: 44.3 | C20: 54.07 | D20: 61.59 | E20: 6.04 | F20: 2.13 | G20: 65.3 | H20: 23.54 | I20: Invalid | J20: 1.53 | K20: 335.28 | L20: 27.98 | M20: 20.87 | N20: 750.4 | O20: 0 | P20: 0.78 | Q20: 9.75
... A32: 03/01/2025 24:00 | B32: 226.64 | C32: 52.96 | D32: 206.7 | E32: 13.14 | F32: 2.13 | G32: 224.96 | H32: 65.28 | I32: Invalid | J32: 0.9 | K32: 315.01 | L32: 12.2 | M32: 84.38 | N32: 53.7 | O32: 0 | P32: 2.34 | Q32: 10.83
A34: Min | B34: =MIN(B9:B32) -> 16.62 | C34: =MIN(C9:C32) -> 40.49 | D34: =MIN(D9:D32) -> 42.51 | E34: =MIN(E9:E32) -> 5.11 | F34: =MIN(F9:F32) -> 2.13 | G34: =MIN(G9:G32) -> 53.15 | H34: =MIN(H9:H32) -> 0.76 | I34: =MIN(I9:I32) -> 0 | ... Q34: =MIN(Q9:Q32) -> 8.41
A35: Max | B35: =MAX(B9:B32) -> 226.64 | C35: =MAX(C9:C32) -> 62.26 | D35: =MAX(D9:D32) -> 206.7 | E35: =MAX(E9:E32) -> 13.14 | F35: =MAX(F9:F32) -> 2.13 | G35: =MAX(G9:G32) -> 224.96 | H35: =MAX(H9:H32) -> 150.14 | I35: =MAX(I9:I32) -> 0 | ... Q35: =MAX(Q9:Q32) -> 10.83
A36: Avg | B36: =AVERAGE(B9:B32) -> 74.867083 | C36: =AVERAGE(C9:C32) -> 51.56875 | D36: =AVERAGE(D9:D32) -> 84.940417 | E36: =AVERAGE(E9:E32) -> 7.4383333 | F36: =AVERAGE(F9:F32) -> 2.13 | G36: =AVERAGE(G9:G32) -> 112.40875 | H36: =AVERAGE(H9:H32) -> 43.950417 | I36: =AVERAGE(I9:I32) -> #DIV/0! | ... Q36: =AVERAGE(Q9:Q32) -> 9.65625
A37: Stdev | B37: =STDEV(B9:B32) -> 55.950512 | C37: =STDEV(C9:C32) -> 7.4418583 | D37: =STDEV(D9:D32) -> 44.737937 | E37: =STDEV(E9:E32) -> 2.5330642 | F37: =STDEV(F9:F32) -> 4.5364061e-16 | G37: =STDEV(G9:G32) -> 53.687721 | H37: =STDEV(H9:H32) -> 36.631846 | I37: =STDEV(I9:I32) -> #DIV/0! | ... Q37: =STDEV(Q9:Q32) -> 0.59552543
A38: Num | B38: =COUNT(B9:B32) -> 24 | C38: =COUNT(C9:C32) -> 24 | D38: =COUNT(D9:D32) -> 24 | E38: =COUNT(E9:E32) -> 24 | F38: =COUNT(F9:F32) -> 24 | G38: =COUNT(G9:G32) -> 24 | H38: =COUNT(H9:H32) -> 24 | I38: =COUNT(I9:I32) -> 0 | ... Q38: =COUNT(Q9:Q32) -> 24
A39: DCR | B39: =IF(B38>=22,">90%",IF(B38<=22,"<90%")) -> >90% | C39: =IF(C38>=22,">90%",IF(C38<=22,"<90%")) -> >90% | D39: =IF(D38>=22,">90%",IF(D38<=22,"<90%")) -> >90% | E39: =IF(E38>=22,">90%",IF(E38<=22,"<90%")) -> >90% | F39: =IF(F38>=22,">90%",IF(F38<=22,"<90%")) -> >90% | G39: =IF(G38>=22,">90%",IF(G38<=22,"<90%")) -> >90% | H39: =IF(H38>=22,">90%",IF(H38<=22,"<90%")) -> >90% | I39: =IF(I38>=22,">90%",IF(I38<=22,"<90%")) -> <90% | ... Q39: =IF(Q38>=22,">90%",IF(Q38<=22,"<90%")) -> >90%
A40: Status | B40: =IF(B38>=22,"OK",IF(B38<=22,"LESS")) -> OK | C40: =IF(C38>=22,"OK",IF(C38<=22,"LESS")) -> OK | D40: =IF(D38>=22,"OK",IF(D38<=22,"LESS")) -> OK | E40: =IF(E38>=22,"OK",IF(E38<=22,"LESS")) -> OK | F40: =IF(F38>=22,"OK",IF(F38<=22,"LESS")) -> OK | G40: =IF(G38>=22,"OK",IF(G38<=22,"LESS")) -> OK | H40: =IF(H38>=22,"OK",IF(H38<=22,"LESS")) -> OK | I40: =IF(I38>=22,"OK",IF(I38<=22,"LESS")) -> LESS | ... Q40: =IF(Q38>=22,"OK",IF(Q38<=22,"LESS")) -> OK
A43: Done by | B43: RAHUL
A45: Comment

Sheet 04
A1: Station: | B1: BHATAGAON RAIPUR
A2: Date: | B2: =$A$9 -> 04/01/2025 01:00 | D2: Power Off | G2: Pw.Off | L2: Link Fail | N2: Link F | P2: Maintenance | R2: Maint.
A3: Report Type: | B3: Mean | D3: Calibration | G3: Calib. | L3: Data Fail | N3: Data F | P3: Invalid | R3: Invalid
A4: Time Base: | B4: 01 Hour | D4: Zero Referrence | G4: Z.Ref | L4: Warm Up | N4: Wm. Up
A7: Date & Time | B7: NO_BHATAGAON | C7: NO2__BHATAGAON | D7: NOX_BHATAGAON | E7: SO2__BHATAGAON | F7: O3__BHATAGAON | G7: PM10__BHATAGAON | H7: PM2_5__BHATAGAON | I7: BENZ__BHATAGAON | J7: WS__BHATAGAON | K7: WD__BHATAGAON | L7: TEMP__BHATAGAON | M7: HUM__BHATAGAON | N7: SR__BHATAGAON | O7: RG__BHATAGAON | P7: CO__BHATAGAON | Q7: NH3__BHATAGAON
B8: ug/m3 | C8: ug/m3 | D8: ppb | E8: ug/m3 | F8: ug/m3 | G8: mg/m3 | H8: ug/m3 | I8: ug/m3 | J8: m/sec | K8: deg | L8: degreC | M8: % | N8: w/m2 | O8: mm | P8: ug/m3 | Q8: ug/m3
A9: 04/01/2025 01:00 | B9: 223.38 | C9: 49.09 | D9: 203.41 | E9: 9.97 | F9: 2.13 | G9: 224.96 | H9: 65.28 | I9: Invalid | J9: 0.76 | K9: 269.66 | L9: 11.83 | M9: 78.87 | N9: 53.9 | O9: 0 | P9: 2.26 | Q9: 10.83
A10: 04/01/2025 02:00 | B10: 205.03 | C10: 45.1 | D10: 186.6 | E10: 9.15 | F10: 2.13 | G10: 158.62 | H10: 48.95 | I10: Invalid | J10: 0.77 | K10: 337.29 | L10: 10.69 | M10: 79.12 | N10: 53.9 | O10: 0 | P10: 1.97 | Q10: 10.62
A11: 04/01/2025 03:00 | B11: 172.42 | C11: 44.08 | D11: 159.76 | E11: 7.76 | F11: 2.13 | G11: 101.17 | H11: 36.14 | I11: Invalid | J11: 0.96 | K11: 313.19 | L11: 10.13 | M11: 88.1 | N11: 53.8 | O11: 0 | P11: 1.82 | Q11: 10.27
A12: 04/01/2025 04:00 | B12: 145.84 | C12: 42.16 | D12: 137.6 | E12: 7.9 | F12: 2.13 | G12: 110.22 | H12: 42.27 | I12: Invalid | J12: 0.93 | K12: 311.31 | L12: 9.55 | M12: 93.95 | N12: 53.8 | O12: 0 | P12: 1.65 | Q12: 10.1
A13: 04/01/2025 05:00 | B13: 131.11 | C13: 40.78 | D13: 125.07 | E13: 8.06 | F13: 2.13 | G13: 139.29 | H13: 42.27 | I13: Invalid | J13: 0.96 | K13: 312.69 | L13: 9.58 | M13: 96.92 | N13: 54.2 | O13: 0 | P13: 1.51 | Q13: 10
A14: 04/01/2025 06:00 | B14: 121.63 | C14: 39.25 | D14: 116.44 | E14: 7.82 | F14: 2.13 | G14: 139.29 | H14: 40.26 | I14: Invalid | J14: 0.94 | K14: 311.32 | L14: 8.69 | M14: 97.25 | N14: 54.2 | O14: 0 | P14: 1.42 | Q14: 9.91
A15: 04/01/2025 07:00 | B15: 114.07 | C15: 41.19 | D15: 112.22 | E15: 7.84 | F15: 2.13 | G15: 122.07 | H15: 39.02 | I15: Invalid | J15: 0.96 | K15: 321.9 | L15: 8.79 | M15: 97.1 | N15: 67.5 | O15: 0 | P15: 1.29 | Q15: 9.77
A16: 04/01/2025 08:00 | B16: 120.64 | C16: 41.45 | D16: 116.88 | E16: 7.88 | F16: 2.13 | G16: 127.98 | H16: 43.8 | I16: Invalid | J16: 1 | K16: 354.75 | L16: 12.07 | M16: 88.78 | N16: 219.1 | O16: 0 | P16: 1.4 | Q16: 9.9
A17: 04/01/2025 09:00 | B17: 119.38 | C17: 42.57 | D17: 116.29 | E17: 8.22 | F17: 2.13 | G17: 127.98 | H17: 43.8 | I17: Invalid | J17: 1.63 | K17: 117.48 | L17: 17.59 | M17: 52.03 | N17: 493.3 | O17: 0 | P17: 1.38 | Q17: 9.9
A18: 04/01/2025 10:00 | B18: 104.86 | C18: 45.42 | D18: 104.84 | E18: 6.61 | F18: 2.13 | G18: 102.4 | H18: 37.69 | I18: Invalid | J18: 1.51 | K18: 110.26 | L18: 20.44 | M18: 40.09 | N18: 640.7 | O18: 0 | P18: 1.23 | Q18: 9.83
A19: 04/01/2025 11:00 | B19: 84.85 | C19: 50.83 | D19: 91.2 | E19: 6.09 | F19: 2.13 | G19: 70.12 | H19: 26.76 | I19: Invalid | J19: 2 | K19: 340.7 | L19: 26.72 | M19: 32.34 | N19: 653.2 | O19: 0 | P19: 1.07 | Q19: 9.59
A20: 04/01/2025 12:00 | B20: 69.55 | C20: 53.83 | D20: 81.39 | E20: 6.36 | F20: 2.13 | G20: 77.76 | H20: 23.4 | I20: Invalid | J20: 2.6 | K20: 348.47 | L20: 27.73 | M20: 25.21 | N20: 805.3 | O20: 0 | P20: 0.98 | Q20: 9.5
... A32: 04/01/2025 24:00 | B32: 287.88 | C32: 51.8 | D32: 254.35 | E32: 13.81 | F32: 2.13 | G32: 261.71 | H32: 58.65 | I32: Invalid | J32: 1.04 | K32: 337.27 | L32: 11.69 | M32: 90.73 | N32: 52.9 | O32: 0 | P32: 2.93 | Q32: 10.97
A34: Min | B34: =MIN(B9:B32) -> 22.56 | C34: =MIN(C9:C32) -> 39.25 | D34: =MIN(D9:D32) -> 45.94 | E34: =MIN(E9:E32) -> 4.99 | F34: =MIN(F9:F32) -> 2.13 | G34: =MIN(G9:G32) -> 46.2 | H34: =MIN(H9:H32) -> 13.73 | I34: =MIN(I9:I32) -> 0 | ... Q34: =MIN(Q9:Q32) -> 8.21
A35: Max | B35: =MAX(B9:B32) -> 287.88 | C35: =MAX(C9:C32) -> 57.64 | D35: =MAX(D9:D32) -> 254.35 | E35: =MAX(E9:E32) -> 13.81 | F35: =MAX(F9:F32) -> 2.13 | G35: =MAX(G9:G32) -> 261.71 | H35: =MAX(H9:H32) -> 65.28 | I35: =MAX(I9:I32) -> 0 | ... Q35: =MAX(Q9:Q32) -> 10.97
A36: Avg | B36: =AVERAGE(B9:B32) -> 114.04667 | C36: =AVERAGE(C9:C32) -> 50.041667 | D36: =AVERAGE(D9:D32) -> 115.76208 | E36: =AVERAGE(E9:E32) -> 7.9416667 | F36: =AVERAGE(F9:F32) -> 2.13 | G36: =AVERAGE(G9:G32) -> 126.06417 | H36: =AVERAGE(H9:H32) -> 34.800417 | I36: =AVERAGE(I9:I32) -> #DIV/0! | ... Q36: =AVERAGE(Q9:Q32) -> 9.6879167
A37: Stdev | B37: =STDEV(B9:B32) -> 73.783608 | C37: =STDEV(C9:C32) -> 6.4514816 | D37: =STDEV(D9:D32) -> 57.743745 | E37: =STDEV(E9:E32) -> 2.2109366 | F37: =STDEV(F9:F32) -> 4.5364061e-16 | G37: =STDEV(G9:G32) -> 65.412929 | H37: =STDEV(H9:H32) -> 14.430866 | I37: =STDEV(I9:I32) -> #DIV/0! | ... Q37: =STDEV(Q9:Q32) -> 0.7702116
A38: Num | B38: =COUNT(B9:B32) -> 24 | C38: =COUNT(C9:C32) -> 24 | D38: =COUNT(D9:D32) -> 24 | E38: =COUNT(E9:E32) -> 24 | F38: =COUNT(F9:F32) -> 24 | G38: =COUNT(G9:G32) -> 24 | H38: =COUNT(H9:H32) -> 24 | I38: =COUNT(I9:I32) -> 0 | ... Q38: =COUNT(Q9:Q32) -> 24
A39: DCR | B39: =IF(B38>=22,">90%",IF(B38<=22,"<90%")) -> >90% | C39: =IF(C38>=22,">90%",IF(C38<=22,"<90%")) -> >90% | D39: =IF(D38>=22,">90%",IF(D38<=22,"<90%")) -> >90% | E39: =IF(E38>=22,">90%",IF(E38<=22,"<90%")) -> >90% | F39: =IF(F38>=22,">90%",IF(F38<=22,"<90%")) -> >90% | G39: =IF(G38>=22,">90%",IF(G38<=22,"<90%")) -> >90% | H39: =IF(H38>=22,">90%",IF(H38<=22,"<90%")) -> >90% | I39: =IF(I38>=22,">90%",IF(I38<=22,"<90%")) -> <90% | ... Q39: =IF(Q38>=22,">90%",IF(Q38<=22,"<90%")) -> >90%
A40: Status | B40: =IF(B38>=22,"OK",IF(B38<=22,"LESS")) -> OK | C40: =IF(C38>=22,"OK",IF(C38<=22,"LESS")) -> OK | D40: =IF(D38>=22,"OK",IF(D38<=22,"LESS")) -> OK | E40: =IF(E38>=22,"OK",IF(E38<=22,"LESS")) -> OK | F40: =IF(F38>=22,"OK",IF(F38<=22,"LESS")) -> OK | G40: =IF(G38>=22,"OK",IF(G38<=22,"LESS")) -> OK | H40: =IF(H38>=22,"OK",IF(H38<=22,"LESS")) -> OK | I40: =IF(I38>=22,"OK",IF(I38<=22,"LESS")) -> LESS | ... Q40: =IF(Q38>=22,"OK",IF(Q38<=22,"LESS")) -> OK
A43: Done by | B43: RAHUL
A45: Comment

Sheet 05
A1: Station: | B1: BHATAGAON RAIPUR
A2: Date: | B2: =$A$9 -> 05/01/2025 01:00 | D2: Power Off | G2: Pw.Off | L2: Link Fail | N2: Link F | P2: Maintenance | R2: Maint.
A3: Report Type: | B3: Mean | D3: Calibration | G3: Calib. | L3: Data Fail | N3: Data F | P3: Invalid | R3: Invalid
A4: Time Base: | B4: 01 Hour | D4: Zero Referrence | G4: Z.Ref | L4: Warm Up | N4: Wm. Up
A7: Date & Time | B7: NO_BHATAGAON | C7: NO2__BHATAGAON | D7: NOX_BHATAGAON | E7: SO2__BHATAGAON | F7: O3__BHATAGAON | G7: PM10__BHATAGAON | H7: PM2_5__BHATAGAON | I7: BENZ__BHATAGAON | J7: WS__BHATAGAON | K7: WD__BHATAGAON | L7: TEMP__BHATAGAON | M7: HUM__BHATAGAON | N7: SR__BHATAGAON | O7: RG__BHATAGAON | P7: CO__BHATAGAON | Q7: NH3__BHATAGAON
B8: ug/m3 | C8: ug/m3 | D8: ppb | E8: ug/m3 | F8: ug/m3 | G8: mg/m3 | H8: ug/m3 | I8: ug/m3 | J8: m/sec | K8: deg | L8: degreC | M8: % | N8: w/m2 | O8: mm | P8: ug/m3 | Q8: ug/m3
A9: 05/01/2025 01:00 | B9: 294.09 | C9: 46.65 | D9: 258.76 | E9: 12.29 | F9: 2.13 | G9: 215.06 | H9: 59.02 | I9: Invalid | J9: 1.03 | K9: 308.71 | L9: 11.76 | M9: 86.61 | N9: 52.8 | O9: 0 | P9: 2.92 | Q9: 11.15
A10: 05/01/2025 02:00 | B10: 272.69 | C10: 44.53 | D10: 240.56 | E10: 10.91 | F10: 2.13 | G10: 174.46 | H10: 59.02 | I10: Invalid | J10: 1.04 | K10: 333.18 | L10: 11.32 | M10: 87.17 | N10: 53.1 | O10: 0 | P10: 2.38 | Q10: 11.04
A11: 05/01/2025 03:00 | B11: 235.67 | C11: 42.75 | D11: 209.95 | E11: 9.58 | F11: 2.13 | G11: 131.12 | H11: 50.55 | I11: Invalid | J11: 1 | K11: 320.41 | L11: 10.17 | M11: 97.88 | N11: 53.1 | O11: 0 | P11: 2.18 | Q11: 10.75
A12: 05/01/2025 04:00 | B12: 200.6 | C12: 42.34 | D12: 181.61 | E12: 8.73 | F12: 2.13 | G12: 116.61 | H12: 46.95 | I12: Invalid | J12: 1.04 | K12: 346.64 | L12: 9.15 | M12: 103.6 | N12: 53.2 | O12: 0 | P12: 1.88 | Q12: 10.43
A13: 05/01/2025 05:00 | B13: 172.67 | C13: 39.85 | D13: 157.48 | E13: 8.4 | F13: 2.13 | G13: 119.44 | H13: 44.26 | I13: Invalid | J13: 1.06 | K13: 315.15 | L13: 8.72 | M13: 101.43 | N13: 53.4 | O13: 0 | P13: 1.63 | Q13: 10.24
A14: 05/01/2025 06:00 | B14: 167.47 | C14: 39.64 | D14: 153.44 | E14: 8.46 | F14: 2.13 | G14: 134.23 | H14: 43.33 | I14: Invalid | J14: 1.07 | K14: 307.86 | L14: 8.57 | M14: 103.11 | N14: 53.3 | O14: 0 | P14: 1.47 | Q14: 10.25
A15: 05/01/2025 07:00 | B15: 190.92 | C15: 40.26 | D15: 172.76 | E15: 8.97 | F15: 2.13 | G15: 152.76 | H15: 43.49 | I15: Invalid | J15: 1.07 | K15: 335.25 | L15: 8.57 | M15: 102.72 | N15: 62.3 | O15: 0 | P15: 1.36 | Q15: 10.28
A16: 05/01/2025 08:00 | B16: 196.72 | C16: 43.31 | D16: 178.19 | E16: 9.38 | F16: 2.13 | G16: 152.76 | H16: 43.49 | I16: Invalid | J16: 1.94 | K16: 307.64 | L16: 12.5 | M16: 97.69 | N16: 207.2 | O16: 0 | P16: 1.52 | Q16: 10.34
A17: 05/01/2025 09:00 | B17: 172.65 | C17: 48.88 | D17: 162.18 | E17: 8.61 | F17: 2.13 | G17: 130.35 | H17: 43.34 | I17: Invalid | J17: 1.93 | K17: 112.48 | L17: 16.56 | M17: 65.11 | N17: 451.2 | O17: 0 | P17: 1.39 | Q17: 10.26
A18: 05/01/2025 10:00 | B18: 141.19 | C18: 51.05 | D18: 136.41 | E18: 8.11 | F18: 2.13 | G18: 90.05 | H18: 41.71 | I18: Invalid | J18: 1.68 | K18: 345.56 | L18: 23.97 | M18: 44.16 | N18: 565.2 | O18: 0 | P18: 1.22 | Q18: 10.12
A19: 05/01/2025 11:00 | B19: 112.91 | C19: 57.02 | D19: 116.67 | E19: 7.82 | F19: 2.13 | G19: 85.28 | H19: 32.88 | I19: Invalid | J19: 1.89 | K19: 124.97 | L19: 21.98 | M19: 41.08 | N19: 636.7 | O19: 0 | P19: 1.1 | Q19: 9.88
A20: 05/01/2025 12:00 | B20: 84.36 | C20: 62.89 | D20: 96.79 | E20: 7.23 | F20: 2.13 | G20: 72.89 | H20: 31.05 | I20: Invalid | J20: 1.12 | K20: 107.76 | L20: 23.25 | M20: 36.32 | N20: 716 | O20: 0 | P20: 0.97 | Q20: 9.6
... A32: 05/01/2025 24:00 | B32: 60.99 | C32: 65.3 | D32: 81.65 | E32: 8.56 | F32: 2.13 | G32: 156.48 | H32: 65.12 | I32: Invalid | J32: 1.08 | K32: 345.11 | L32: 14.14 | M32: 71.27 | N32: 106.8 | O32: 0 | P32: 1.94 | Q32: 9.46
A34: Min | B34: =MIN(B9:B32) -> 10.45 | C34: =MIN(C9:C32) -> 39.64 | D34: =MIN(D9:D32) -> 44.27 | E34: =MIN(E9:E32) -> 6.11 | F34: =MIN(F9:F32) -> 2.13 | G34: =MIN(G9:G32) -> 64.89 | H34: =MIN(H9:H32) -> 25.5 | I34: =MIN(I9:I32) -> 0 | ... Q34: =MIN(Q9:Q32) -> 8.21
A35: Max | B35: =MAX(B9:B32) -> 294.09 | C35: =MAX(C9:C32) -> 76.38 | D35: =MAX(D9:D32) -> 258.76 | E35: =MAX(E9:E32) -> 12.29 | F35: =MAX(F9:F32) -> 2.13 | G35: =MAX(G9:G32) -> 420.55 | H35: =MAX(H9:H32) -> 66.49 | I35: =MAX(I9:I32) -> 0 | ... Q35: =MAX(Q9:Q32) -> 11.15
A36: Avg | B36: =AVERAGE(B9:B32) -> 113.23458 | C36: =AVERAGE(C9:C32) -> 58.530417 | D36: =AVERAGE(D9:D32) -> 119.33917 | E36: =AVERAGE(E9:E32) -> 8.2754167 | F36: =AVERAGE(F9:F32) -> 2.13 | G36: =AVERAGE(G9:G32) -> 150.61583 | H36: =AVERAGE(H9:H32) -> 42.662917 | I36: =AVERAGE(I9:I32) -> #DIV/0! | ... Q36: =AVERAGE(Q9:Q32) -> 9.6120833
A37: Stdev | B37: =STDEV(B9:B32) -> 87.148601 | C37: =STDEV(C9:C32) -> 13.433637 | D37: =STDEV(D9:D32) -> 63.832314 | E37: =STDEV(E9:E32) -> 1.4580004 | F37: =STDEV(F9:F32) -> 4.5364061e-16 | G37: =STDEV(G9:G32) -> 96.688096 | H37: =STDEV(H9:H32) -> 13.165409 | I37: =STDEV(I9:I32) -> #DIV/0! | ... Q37: =STDEV(Q9:Q32) -> 0.91910627
A38: Num | B38: =COUNT(B9:B32) -> 24 | C38: =COUNT(C9:C32) -> 24 | D38: =COUNT(D9:D32) -> 24 | E38: =COUNT(E9:E32) -> 24 | F38: =COUNT(F9:F32) -> 24 | G38: =COUNT(G9:G32) -> 24 | H38: =COUNT(H9:H32) -> 24 | I38: =COUNT(I9:I32) -> 0 | ... Q38: =COUNT(Q9:Q32) -> 24
A39: DCR | B39: =IF(B38>=22,">90%",IF(B38<=22,"<90%")) -> >90% | C39: =IF(C38>=22,">90%",IF(C38<=22,"<90%")) -> >90% | D39: =IF(D38>=22,">90%",IF(D38<=22,"<90%")) -> >90% | E39: =IF(E38>=22,">90%",IF(E38<=22,"<90%")) -> >90% | F39: =IF(F38>=22,">90%",IF(F38<=22,"<90%")) -> >90% | G39: =IF(G38>=22,">90%",IF(G38<=22,"<90%")) -> >90% | H39: =IF(H38>=22,">90%",IF(H38<=22,"<90%")) -> >90% | I39: =IF(I38>=22,">90%",IF(I38<=22,"<90%")) -> <90% | ... Q39: =IF(Q38>=22,">90%",IF(Q38<=22,"<90%")) -> >90%
A40: Status | B40: =IF(B38>=22,"OK",IF(B38<=22,"LESS")) -> OK | C40: =IF(C38>=22,"OK",IF(C38<=22,"LESS")) -> OK | D40: =IF(D38>=22,"OK",IF(D38<=22,"LESS")) -> OK | E40: =IF(E38>=22,"OK",IF(E38<=22,"LESS")) -> OK | F40: =IF(F38>=22,"OK",IF(F38<=22,"LESS")) -> OK | G40: =IF(G38>=22,"OK",IF(G38<=22,"LESS")) -> OK | H40: =IF(H38>=22,"OK",IF(H38<=22,"LESS")) -> OK | I40: =IF(I38>=22,"OK",IF(I38<=22,"LESS")) -> LESS | ... Q40: =IF(Q38>=22,"OK",IF(Q38<=22,"LESS")) -> OK
A43: Done by | B43: RAHUL
A45: Comment

Sheet 06
A1: Station: | B1: BHATAGAON RAIPUR
A2: Date: | B2: =$A$9 -> 06/01/2025 01:00 | D2: Power Off | G2: Pw.Off | L2: Link Fail | N2: Link F | P2: Maintenance | R2: Maint.
A3: Report Type: | B3: Mean | D3: Calibration | G3: Calib. | L3: Data Fail | N3: Data F | P3: Invalid | R3: Invalid
A4: Time Base: | B4: 01 Hour | D4: Zero Referrence | G4: Z.Ref | L4: Warm Up | N4: Wm. Up
A7: Date & Time | B7: NO_BHATAGAON | C7: NO2__BHATAGAON | D7: NOX_BHATAGAON | E7: SO2__BHATAGAON | F7: O3__BHATAGAON | G7: PM10__BHATAGAON | H7: PM2_5__BHATAGAON | I7: BENZ__BHATAGAON | J7: WS__BHATAGAON | K7: WD__BHATAGAON | L7: TEMP__BHATAGAON | M7: HUM__BHATAGAON | N7: SR__BHATAGAON | O7: RG__BHATAGAON | P7: CO__BHATAGAON | Q7: NH3__BHATAGAON
B8: ug/m3 | C8: ug/m3 | D8: ppb | E8: ug/m3 | F8: ug/m3 | G8: mg/m3 | H8: ug/m3 | I8: ug/m3 | J8: m/sec | K8: deg | L8: degreC | M8: % | N8: w/m2 | O8: mm | P8: ug/m3 | Q8: ug/m3
A9: 06/01/2025 01:00 | B9: 49.59 | C9: 65.06 | D9: 72 | E9: 7.66 | F9: 2.13 | G9: 134.12 | H9: 57.79 | I9: Invalid | J9: 1.17 | K9: 333.41 | L9: 13.35 | M9: 78.97 | N9: 106.5 | O9: 0 | P9: 1.8 | Q9: 9.35
A10: 06/01/2025 02:00 | B10: 40.82 | C10: 63.74 | D10: 64.63 | E10: 7.03 | F10: 2.13 | G10: 131.52 | H10: 56.36 | I10: Invalid | J10: 1.11 | K10: 335.2 | L10: 12.99 | M10: 86.53 | N10: 106.8 | O10: 0 | P10: 1.52 | Q10: 8.98
A11: 06/01/2025 03:00 | B11: 34.11 | C11: 61.96 | D11: 58.35 | E11: 7.23 | F11: 2.13 | G11: 131.52 | H11: 52.55 | I11: Invalid | J11: 1.16 | K11: 319.86 | L11: 11.28 | M11: 97.03 | N11: 106.7 | O11: 0 | P11: 1.43 | Q11: 8.48
A12: 06/01/2025 04:00 | B12: 28.36 | C12: 59.38 | D12: 52.39 | E12: 7.23 | F12: 2.13 | G12: 118.36 | H12: 53.38 | I12: Invalid | J12: 1.1 | K12: 333.85 | L12: 10.82 | M12: 98.77 | N12: 107 | O12: 0 | P12: 1.32 | Q12: 8.21
A13: 06/01/2025 05:00 | B13: 22.96 | C13: 58.67 | D13: 47.46 | E13: 7.07 | F13: 2.13 | G13: 106.51 | H13: 53.38 | I13: Invalid | J13: 1.12 | K13: 292.95 | L13: 10.62 | M13: 100.46 | N13: 106.7 | O13: 0 | P13: 1.18 | Q13: 8.21
A14: 06/01/2025 06:00 | B14: 32.66 | C14: 54.73 | D14: 52.75 | E14: 7.79 | F14: 2.13 | G14: 142.63 | H14: 53.87 | I14: Invalid | J14: 1.15 | K14: 355.66 | L14: 10.35 | M14: 101.75 | N14: 106 | O14: 0 | P14: 1.22 | Q14: 8.21
A15: 06/01/2025 07:00 | B15: 54.11 | C15: 53.21 | D15: 69.21 | E15: 8.79 | F15: 2.29 | G15: 170.3 | H15: 61.23 | I15: Invalid | J15: 1.13 | K15: 329.29 | L15: 9.77 | M15: 102.62 | N15: 115.2 | O15: 0 | P15: 1.26 | Q15: 9.32
A16: 06/01/2025 08:00 | B16: 65.04 | C16: 53.18 | D16: 78.34 | E16: 9.28 | F16: 2.13 | G16: 170.3 | H16: 61.23 | I16: Invalid | J16: 1.22 | K16: 286.21 | L16: 11.67 | M16: 102.62 | N16: 220.2 | O16: 0 | P16: 1.38 | Q16: 9.49
A17: 06/01/2025 09:00 | B17: 60.44 | C17: 56.42 | D17: 75.51 | E17: 8.93 | F17: 2.13 | G17: 160.19 | H17: 60.64 | I17: Invalid | J17: 1.36 | K17: 197.99 | L17: 15.41 | M17: 81.12 | N17: 397.7 | O17: 0 | P17: 1.32 | Q17: 9.42
A18: 06/01/2025 10:00 | B18: 49.92 | C18: 59.25 | D18: 68.5 | E18: 8.43 | F18: 2.13 | G18: 139.4 | H18: 56.68 | I18: Invalid | J18: 1.28 | K18: 179.06 | L18: 17.91 | M18: 71.56 | N18: 518.8 | O18: 0 | P18: 1.28 | Q18: 9.34
A19: 06/01/2025 11:00 | B19: 37.41 | C19: 63.15 | D19: 60.22 | E19: 8.07 | F19: 2.13 | G19: 139.4 | H19: 56.68 | I19: Invalid | J19: 1.28 | K19: 194.66 | L19: 21.34 | M19: 53.95 | N19: 594.2 | O19: 0 | P19: 1.24 | Q19: 8.57
A20: 06/01/2025 12:00 | B20: 24.41 | C20: 69.77 | D20: 51.75 | E20: 8.42 | F20: 2.13 | G20: 107.63 | H20: 56.33 | I20: Invalid | J20: 1.5 | K20: 352.55 | L20: 24.73 | M20: 39.04 | N20: 657.3 | O20: 0 | P20: 1.16 | Q20: 8.21
... A32: 06/01/2025 24:00 | B32: 76.85 | C32: 70.1 | D32: 96.03 | E32: 7.86 | F32: 2.13 | G32: 172.12 | H32: 53.59 | I32: Invalid | J32: 1.08 | K32: 281.57 | L32: 13.76 | M32: 87.31 | N32: 91.7 | O32: 0 | P32: 1.72 | Q32: 9.62
A34: Min | B34: =MIN(B9:B32) -> 2.34 | C34: =MIN(C9:C32) -> 53.18 | D34: =MIN(D9:D32) -> 29.1 | E34: =MIN(E9:E32) -> 7.03 | F34: =MIN(F9:F32) -> 2.13 | G34: =MIN(G9:G32) -> 83.88 | H34: =MIN(H9:H32) -> 38.85 | I34: =MIN(I9:I32) -> 0 | ... Q34: =MIN(Q9:Q32) -> 8.21
A35: Max | B35: =MAX(B9:B32) -> 76.85 | C35: =MAX(C9:C32) -> 79.99 | D35: =MAX(D9:D32) -> 96.03 | E35: =MAX(E9:E32) -> 15.77 | F35: =MAX(F9:F32) -> 27.21 | G35: =MAX(G9:G32) -> 207.95 | H35: =MAX(H9:H32) -> 61.23 | I35: =MAX(I9:I32) -> 0 | ... Q35: =MAX(Q9:Q32) -> 9.62
A36: Avg | B36: =AVERAGE(B9:B32) -> 33.119167 | C36: =AVERAGE(C9:C32) -> 67.085 | D36: =AVERAGE(D9:D32) -> 59.512083 | E36: =AVERAGE(E9:E32) -> 8.9054167 | F36: =AVERAGE(F9:F32) -> 5.4454167 | G36: =AVERAGE(G9:G32) -> 140.02875 | H36: =AVERAGE(H9:H32) -> 51.967083 | I36: =AVERAGE(I9:I32) -> #DIV/0! | ... Q36: =AVERAGE(Q9:Q32) -> 8.6733333
A37: Stdev | B37: =STDEV(B9:B32) -> 22.084141 | C37: =STDEV(C9:C32) -> 9.3749852 | D37: =STDEV(D9:D32) -> 16.473348 | E37: =STDEV(E9:E32) -> 2.2000415 | F37: =STDEV(F9:F32) -> 6.98955 | G37: =STDEV(G9:G32) -> 34.408719 | H37: =STDEV(H9:H32) -> 6.5980422 | I37: =STDEV(I9:I32) -> #DIV/0! | ... Q37: =STDEV(Q9:Q32) -> 0.57268754
A38: Num | B38: =COUNT(B9:B32) -> 24 | C38: =COUNT(C9:C32) -> 24 | D38: =COUNT(D9:D32) -> 24 | E38: =COUNT(E9:E32) -> 24 | F38: =COUNT(F9:F32) -> 24 | G38: =COUNT(G9:G32) -> 24 | H38: =COUNT(H9:H32) -> 24 | I38: =COUNT(I9:I32) -> 0 | ... Q38: =COUNT(Q9:Q32) -> 24
A39: DCR | B39: =IF(B38>=22,">90%",IF(B38<=22,"<90%")) -> >90% | C39: =IF(C38>=22,">90%",IF(C38<=22,"<90%")) -> >90% | D39: =IF(D38>=22,">90%",IF(D38<=22,"<90%")) -> >90% | E39: =IF(E38>=22,">90%",IF(E38<=22,"<90%")) -> >90% | F39: =IF(F38>=22,">90%",IF(F38<=22,"<90%")) -> >90% | G39: =IF(G38>=22,">90%",IF(G38<=22,"<90%")) -> >90% | H39: =IF(H38>=22,">90%",IF(H38<=22,"<90%")) -> >90% | I39: =IF(I38>=22,">90%",IF(I38<=22,"<90%")) -> <90% | ... Q39: =IF(Q38>=22,">90%",IF(Q38<=22,"<90%")) -> >90%
A40: Status | B40: =IF(B38>=22,"OK",IF(B38<=22,"LESS")) -> OK | C40: =IF(C38>=22,"OK",IF(C38<=22,"LESS")) -> OK | D40: =IF(D38>=22,"OK",IF(D38<=22,"LESS")) -> OK | E40: =IF(E38>=22,"OK",IF(E38<=22,"LESS")) -> OK | F40: =IF(F38>=22,"OK",IF(F38<=22,"LESS")) -> OK | G40: =IF(G38>=22,"OK",IF(G38<=22,"LESS")) -> OK | H40: =IF(H38>=22,"OK",IF(H38<=22,"LESS")) -> OK | I40: =IF(I38>=22,"OK",IF(I38<=22,"LESS")) -> LESS | ... Q40: =IF(Q38>=22,"OK",IF(Q38<=22,"LESS")) -> OK
A43: Done by | B43: RAHUL
A45: Comment

Sheet 07
A1: Station: | B1: BHATAGAON RAIPUR
A2: Date: | B2: =$A$9 -> 07/01/2025 01:00 | D2: Power Off | G2: Pw.Off | L2: Link Fail | N2: Link F | P2: Maintenance | R2: Maint.
A3: Report Type: | B3: Mean | D3: Calibration | G3: Calib. | L3: Data Fail | N3: Data F | P3: Invalid | R3: Invalid
A4: Time Base: | B4: 01 Hour | D4: Zero Referrence | G4: Z.Ref | L4: Warm Up | N4: Wm. Up
A7: Date & Time | B7: NO_BHATAGAON | C7: NO2__BHATAGAON | D7: NOX_BHATAGAON | E7: SO2__BHATAGAON | F7: O3__BHATAGAON | G7: PM10__BHATAGAON | H7: PM2_5__BHATAGAON | I7: BENZ__BHATAGAON | J7: WS__BHATAGAON | K7: WD__BHATAGAON | L7: TEMP__BHATAGAON | M7: HUM__BHATAGAON | N7: SR__BHATAGAON | O7: RG__BHATAGAON | P7: CO__BHATAGAON | Q7: NH3__BHATAGAON
B8: ug/m3 | C8: ug/m3 | D8: ppb | E8: ug/m3 | F8: ug/m3 | G8: mg/m3 | H8: ug/m3 | I8: ug/m3 | J8: m/sec | K8: deg | L8: degreC | M8: % | N8: w/m2 | O8: mm | P8: ug/m3 | Q8: ug/m3
A9: 07/01/2025 01:00 | B9: 69.93 | C9: 66.42 | D9: 89.4 | E9: 7.63 | F9: 2.13 | G9: 162.32 | H9: 53.59 | I9: Invalid | J9: 1.24 | K9: 349.08 | L9: 13.34 | M9: 93.31 | N9: 96.8 | O9: 0 | P9: 1.6 | Q9: 9.59
A10: 07/01/2025 02:00 | B10: 55.13 | C10: 63.62 | D10: 76.07 | E10: 7.32 | F10: 2.13 | G10: 107.11 | H10: 50.33 | I10: Invalid | J10: 1.21 | K10: 324.87 | L10: 12 | M10: 95.38 | N10: 107.7 | O10: 0 | P10: 1.46 | Q10: 9.44
A11: 07/01/2025 03:00 | B11: 43.31 | C11: 59.11 | D11: 64.14 | E11: 6.81 | F11: 2.13 | G11: 107.11 | H11: 49.47 | I11: Invalid | J11: 0.95 | K11: 350.9 | L11: 12.17 | M11: 94.24 | N11: 102.5 | O11: 0 | P11: 1.39 | Q11: 8.94
A12: 07/01/2025 04:00 | B12: 34.97 | C12: 57.25 | D12: 56.58 | E12: 6.78 | F12: 2.13 | G12: 88.74 | H12: 49.46 | I12: Invalid | J12: 1.28 | K12: 256.45 | L12: 11.82 | M12: 96.76 | N12: 111.1 | O12: 0 | P12: 1.28 | Q12: 8.29
A13: 07/01/2025 05:00 | B13: 28.12 | C13: 55.06 | D13: 49.94 | E13: 6.67 | F13: 2.13 | G13: 80.04 | H13: 46.38 | I13: Invalid | J13: 1.25 | K13: 226.48 | L13: 11.27 | M13: 100.27 | N13: 104 | O13: 0 | P13: 1.21 | Q13: 8.21
A14: 07/01/2025 06:00 | B14: 23.1 | C14: 52.97 | D14: 44.83 | E14: 6.32 | F14: 2.13 | G14: 338.23 | H14: 43.12 | I14: Invalid | J14: 1.26 | K14: 305.86 | L14: 10.77 | M14: 102.6 | N14: 89.8 | O14: 0 | P14: 1.16 | Q14: 8.21
A15: 07/01/2025 07:00 | B15: 24.94 | C15: 50.94 | D15: 44.85 | E15: 6.27 | F15: 2.13 | G15: 338.23 | H15: 39.66 | I15: Invalid | J15: 1.19 | K15: 318.96 | L15: 10.37 | M15: 102.58 | N15: 95.7 | O15: 0 | P15: 1.11 | Q15: 8.21
A16: 07/01/2025 08:00 | B16: 32.39 | C16: 50.12 | D16: 50.62 | E16: 6.73 | F16: 2.13 | G16: 108.12 | H16: 39.98 | I16: Invalid | J16: 1.69 | K16: 336.37 | L16: 12.63 | M16: 102.58 | N16: 200.9 | O16: 0 | P16: 1.12 | Q16: 8.21
A17: 07/01/2025 09:00 | B17: 36.28 | C17: 56.19 | D17: 57.08 | E17: 8.48 | F17: 2.13 | G17: 145.15 | H17: 50.17 | I17: Invalid | J17: 2.03 | K17: 352 | L17: 20.21 | M17: 79.1 | N17: 363.8 | O17: 0 | P17: 1.18 | Q17: 8.21
A18: 07/01/2025 10:00 | B18: 35.6 | C18: 66.87 | D18: 59.85 | E18: 9.45 | F18: 2.13 | G18: 201.92 | H18: 61.13 | I18: Invalid | J18: 2.2 | K18: 346.7 | L18: 23.8 | M18: 51.59 | N18: 460.2 | O18: 0 | P18: 1.3 | Q18: 8.21
A19: 07/01/2025 11:00 | B19: 31.73 | C19: 71.49 | D19: 60.37 | E19: 9.74 | F19: 2.16 | G19: 214.82 | H19: 62.49 | I19: Invalid | J19: 2.06 | K19: 345 | L19: 26.09 | M19: 44.26 | N19: 571.8 | O19: 0 | P19: 1.34 | Q19: 8.21
A20: 07/01/2025 12:00 | B20: 29.35 | C20: 74.19 | D20: 59.94 | E20: 9.15 | F20: 2.13 | G20: 214.82 | H20: 65.1 | I20: Invalid | J20: 2.65 | K20: 340.15 | L20: 27.14 | M20: 36.69 | N20: 630.5 | O20: 0 | P20: 1.33 | Q20: 8.21
... A32: 07/01/2025 24:00 | B32: 18.82 | C32: 58.97 | D32: 44.49 | E32: 6.45 | F32: 2.13 | G32: 92.39 | H32: 28.32 | I32: Invalid | J32: 2.43 | K32: 338.15 | L32: 13.62 | M32: 56.28 | N32: 55.1 | O32: 0 | P32: 0.84 | Q32: 8.21
A34: Min | B34: =MIN(B9:B32) -> 4.11 | C34: =MIN(C9:C32) -> 50.12 | D34: =MIN(D9:D32) -> 32.71 | E34: =MIN(E9:E32) -> 5.84 | F34: =MIN(F9:F32) -> 2.13 | G34: =MIN(G9:G32) -> 52.86 | H34: =MIN(H9:H32) -> 21.83 | I34: =MIN(I9:I32) -> 0 | ... Q34: =MIN(Q9:Q32) -> 8.21
A35: Max | B35: =MAX(B9:B32) -> 69.93 | C35: =MAX(C9:C32) -> 76.06 | D35: =MAX(D9:D32) -> 89.4 | E35: =MAX(E9:E32) -> 9.74 | F35: =MAX(F9:F32) -> 2.16 | G35: =MAX(G9:G32) -> 338.23 | H35: =MAX(H9:H32) -> 65.1 | I35: =MAX(I9:I32) -> 0 | ... Q35: =MAX(Q9:Q32) -> 9.59
A36: Avg | B36: =AVERAGE(B9:B32) -> 24.489583 | C36: =AVERAGE(C9:C32) -> 62.127917 | D36: =AVERAGE(D9:D32) -> 50.4075 | E36: =AVERAGE(E9:E32) -> 7.1854167 | F36: =AVERAGE(F9:F32) -> 2.1316667 | G36: =AVERAGE(G9:G32) -> 128.27042 | H36: =AVERAGE(H9:H32) -> 41.950417 | I36: =AVERAGE(I9:I32) -> #DIV/0! | ... Q36: =AVERAGE(Q9:Q32) -> 8.3525
A37: Stdev | B37: =STDEV(B9:B32) -> 16.362183 | C37: =STDEV(C9:C32) -> 7.2158937 | D37: =STDEV(D9:D32) -> 13.492138 | E37: =STDEV(E9:E32) -> 1.1347016 | F37: =STDEV(F9:F32) -> 0.0063702206 | G37: =STDEV(G9:G32) -> 81.470961 | H37: =STDEV(H9:H32) -> 14.576406 | I37: =STDEV(I9:I32) -> #DIV/0! | ... Q37: =STDEV(Q9:Q32) -> 0.38837734
A38: Num | B38: =COUNT(B9:B32) -> 24 | C38: =COUNT(C9:C32) -> 24 | D38: =COUNT(D9:D32) -> 24 | E38: =COUNT(E9:E32) -> 24 | F38: =COUNT(F9:F32) -> 24 | G38: =COUNT(G9:G32) -> 24 | H38: =COUNT(H9:H32) -> 24 | I38: =COUNT(I9:I32) -> 0 | ... Q38: =COUNT(Q9:Q32) -> 24
A39: DCR | B39: =IF(B38>=22,">90%",IF(B38<=22,"<90%")) -> >90% | C39: =IF(C38>=22,">90%",IF(C38<=22,"<90%")) -> >90% | D39: =IF(D38>=22,">90%",IF(D38<=22,"<90%")) -> >90% | E39: =IF(E38>=22,">90%",IF(E38<=22,"<90%")) -> >90% | F39: =IF(F38>=22,">90%",IF(F38<=22,"<90%")) -> >90% | G39: =IF(G38>=22,">90%",IF(G38<=22,"<90%")) -> >90% | H39: =IF(H38>=22,">90%",IF(H38<=22,"<90%")) -> >90% | I39: =IF(I38>=22,">90%",IF(I38<=22,"<90%")) -> <90% | ... Q39: =IF(Q38>=22,">90%",IF(Q38<=22,"<90%")) -> >90%
A40: Status | B40: =IF(B38>=22,"OK",IF(B38<=22,"LESS")) -> OK | C40: =IF(C38>=22,"OK",IF(C38<=22,"LESS")) -> OK | D40: =IF(D38>=22,"OK",IF(D38<=22,"LESS")) -> OK | E40: =IF(E38>=22,"OK",IF(E38<=22,"LESS")) -> OK | F40: =IF(F38>=22,"OK",IF(F38<=22,"LESS")) -> OK | G40: =IF(G38>=22,"OK",IF(G38<=22,"LESS")) -> OK | H40: =IF(H38>=22,"OK",IF(H38<=22,"LESS")) -> OK | I40: =IF(I38>=22,"OK",IF(I38<=22,"LESS")) -> LESS | ... Q40: =IF(Q38>=22,"OK",IF(Q38<=22,"LESS")) -> OK
A43: Done by | B43: RAHUL
A45: Comment

Sheet 08
A1: Station: | B1: BHATAGAON RAIPUR
A2: Date: | B2: =$A$9 -> 08/01/2025 01:00 | D2: Power Off | G2: Pw.Off | L2: Link Fail | N2: Link F | P2: Maintenance | R2: Maint.
A3: Report Type: | B3: Mean | D3: Calibration | G3: Calib. | L3: Data Fail | N3: Data F | P3: Invalid | R3: Invalid
A4: Time Base: | B4: 01 Hour | D4: Zero Referrence | G4: Z.Ref | L4: Warm Up | N4: Wm. Up
A7: Date & Time | B7: NO_BHATAGAON | C7: NO2__BHATAGAON | D7: NOX_BHATAGAON | E7: SO2__BHATAGAON | F7: O3__BHATAGAON | G7: PM10__BHATAGAON | H7: PM2_5__BHATAGAON | I7: BENZ__BHATAGAON | J7: WS__BHATAGAON | K7: WD__BHATAGAON | L7: TEMP__BHATAGAON | M7: HUM__BHATAGAON | N7: SR__BHATAGAON | O7: RG__BHATAGAON | P7: CO__BHATAGAON | Q7: NH3__BHATAGAON
B8: ug/m3 | C8: ug/m3 | D8: ppb | E8: ug/m3 | F8: ug/m3 | G8: mg/m3 | H8: ug/m3 | I8: ug/m3 | J8: m/sec | K8: deg | L8: degreC | M8: % | N8: w/m2 | O8: mm | P8: ug/m3 | Q8: ug/m3
A9: 08/01/2025 01:00 | B9: 17.88 | C9: 55.23 | D9: 41.82 | E9: 6.61 | F9: 2.13 | G9: 94.54 | H9: 29.02 | I9: Invalid | J9: 2.68 | K9: 352.94 | L9: 12.86 | M9: 61.48 | N9: 55.4 | O9: 0 | P9: 0.77 | Q9: 8.21
A10: 08/01/2025 02:00 | B10: 15.43 | C10: 52.55 | D10: 38.45 | E10: 6.58 | F10: 2.13 | G10: 94.54 | H10: 30.43 | I10: Invalid | J10: 2.37 | K10: 350.69 | L10: 12.14 | M10: 63.36 | N10: 55.5 | O10: 0 | P10: 0.74 | Q10: 8.21
A11: 08/01/2025 03:00 | B11: 13.3 | C11: 51.68 | D11: 36.29 | E11: 6.21 | F11: 2.13 | G11: 92.3 | H11: 30.43 | I11: Invalid | J11: 1.62 | K11: 348.16 | L11: 11.61 | M11: 70.15 | N11: 55.7 | O11: 0 | P11: 0.75 | Q11: 8.21
A12: 08/01/2025 04:00 | B12: 11.83 | C12: 49.49 | D12: 33.78 | E12: 5.78 | F12: 2.13 | G12: 79.27 | H12: 28.26 | I12: Invalid | J12: 1.16 | K12: 118.3 | L12: 10.56 | M12: 76.55 | N12: 55.5 | O12: 0 | P12: 0.79 | Q12: 8.21
A13: 08/01/2025 05:00 | B13: 11.85 | C13: 48.44 | D13: 33.43 | E13: 6.21 | F13: 2.13 | G13: 79.07 | H13: 30.38 | I13: Invalid | J13: 0.99 | K13: 105.45 | L13: 9.83 | M13: 78.23 | N13: 55.2 | O13: 0 | P13: 0.78 | Q13: 8.21
A14: 08/01/2025 06:00 | B14: 11.33 | C14: 47.17 | D14: 32.35 | E14: 5.73 | F14: 2.13 | G14: 79.07 | H14: 30.38 | I14: Invalid | J14: 1.1 | K14: 68.74 | L14: 9.52 | M14: 81.72 | N14: 55.5 | O14: 0 | P14: 0.74 | Q14: 8.21
A15: 08/01/2025 07:00 | B15: 12.63 | C15: 49.92 | D15: 34.83 | E15: 5.68 | F15: 2.13 | G15: 60.95 | H15: 27.62 | I15: Invalid | J15: 0.93 | K15: 334.07 | L15: 9.15 | M15: 79.93 | N15: 65 | O15: 0 | P15: 0.7 | Q15: 8.21
A16: 08/01/2025 08:00 | B16: 17.82 | C16: 52.64 | D16: 40.42 | E16: 5.72 | F16: 2.13 | G16: 68.25 | H16: 27.76 | I16: Invalid | J16: 0.77 | K16: 296.49 | L16: 11.15 | M16: 80.33 | N16: 186.7 | O16: 0 | P16: 0.69 | Q16: 8.21
A17: 08/01/2025 09:00 | B17: 19.43 | C17: 54.95 | D17: 42.91 | E17: 5.9 | F17: 2.13 | G17: 68.25 | H17: 29 | I17: Invalid | J17: 2.09 | K17: 351.08 | L17: 18.25 | M17: 54.97 | N17: 435.5 | O17: 0 | P17: 0.69 | Q17: 8.21
A18: 08/01/2025 10:00 | B18: 19 | C18: 56.03 | D18: 42.94 | E18: 5.35 | F18: 2.13 | G18: 60.4 | H18: 29.66 | I18: Invalid | J18: 2.2 | K18: 339.23 | L18: 18.83 | M18: 44.93 | N18: 588.6 | O18: 0 | P18: 0.68 | Q18: 8.21
A19: 08/01/2025 11:00 | B19: 15.65 | C19: 66.48 | D19: 43.17 | E19: 8.27 | F19: 2.14 | G19: 62.22 | H19: 29.66 | I19: Invalid | J19: 2.43 | K19: 342.55 | L19: 23.99 | M19: 34.36 | N19: 676.6 | O19: 0 | P19: 0.79 | Q19: 8.21
A20: 08/01/2025 12:00 | B20: 9.32 | C20: 70.55 | D20: 42.96 | E20: 7.47 | F20: 2.49 | G20: 62.22 | H20: 28.14 | I20: Invalid | J20: 1.75 | K20: 339.22 | L20: 24.34 | M20: 29.06 | N20: 718.6 | O20: 0 | P20: 0.79 | Q20: 8.21
... A32: 08/01/2025 24:00 | B32: 169.27 | C32: 58.42 | D32: 164.89 | E32: 12.63 | F32: 2.13 | G32: 197.67 | H32: 57.61 | I32: Invalid | J32: 1.5 | K32: 309.85 | L32: 10.5 | M32: 81.4 | N32: 57.6 | O32: 0 | P32: 2.27 | Q32: 10.16
A34: Min | B34: =MIN(B9:B32) -> 4.19 | C34: =MIN(C9:C32) -> 47.17 | D34: =MIN(D9:D32) -> 32.35 | E34: =MIN(E9:E32) -> 5.35 | F34: =MIN(F9:F32) -> 2.13 | G34: =MIN(G9:G32) -> 45.39 | H34: =MIN(H9:H32) -> 24.15 | I34: =MIN(I9:I32) -> 0 | ... Q34: =MIN(Q9:Q32) -> 8.21
A35: Max | B35: =MAX(B9:B32) -> 175.66 | C35: =MAX(C9:C32) -> 77.41 | D35: =MAX(D9:D32) -> 172.16 | E35: =MAX(E9:E32) -> 13.06 | F35: =MAX(F9:F32) -> 5.02 | G35: =MAX(G9:G32) -> 237.2 | H35: =MAX(H9:H32) -> 57.61 | I35: =MAX(I9:I32) -> 0 | ... Q35: =MAX(Q9:Q32) -> 10.2
A36: Avg | B36: =AVERAGE(B9:B32) -> 36.59625 | C36: =AVERAGE(C9:C32) -> 60.832917 | D36: =AVERAGE(D9:D32) -> 59.360833 | E36: =AVERAGE(E9:E32) -> 8.16625 | F36: =AVERAGE(F9:F32) -> 2.42125 | G36: =AVERAGE(G9:G32) -> 104.80417 | H36: =AVERAGE(H9:H32) -> 33.49125 | I36: =AVERAGE(I9:I32) -> #DIV/0! | ... Q36: =AVERAGE(Q9:Q32) -> 8.55375
A37: Stdev | B37: =STDEV(B9:B32) -> 53.590962 | C37: =STDEV(C9:C32) -> 9.1066991 | D37: =STDEV(D9:D32) -> 43.623944 | E37: =STDEV(E9:E32) -> 2.5133864 | F37: =STDEV(F9:F32) -> 0.80969298 | G37: =STDEV(G9:G32) -> 62.367615 | H37: =STDEV(H9:H32) -> 10.280586 | I37: =STDEV(I9:I32) -> #DIV/0! | ... Q37: =STDEV(Q9:Q32) -> 0.70701954
A38: Num | B38: =COUNT(B9:B32) -> 24 | C38: =COUNT(C9:C32) -> 24 | D38: =COUNT(D9:D32) -> 24 | E38: =COUNT(E9:E32) -> 24 | F38: =COUNT(F9:F32) -> 24 | G38: =COUNT(G9:G32) -> 24 | H38: =COUNT(H9:H32) -> 24 | I38: =COUNT(I9:I32) -> 0 | ... Q38: =COUNT(Q9:Q32) -> 24
A39: DCR | B39: =IF(B38>=22,">90%",IF(B38<=22,"<90%")) -> >90% | C39: =IF(C38>=22,">90%",IF(C38<=22,"<90%")) -> >90% | D39: =IF(D38>=22,">90%",IF(D38<=22,"<90%")) -> >90% | E39: =IF(E38>=22,">90%",IF(E38<=22,"<90%")) -> >90% | F39: =IF(F38>=22,">90%",IF(F38<=22,"<90%")) -> >90% | G39: =IF(G38>=22,">90%",IF(G38<=22,"<90%")) -> >90% | H39: =IF(H38>=22,">90%",IF(H38<=22,"<90%")) -> >90% | I39: =IF(I38>=22,">90%",IF(I38<=22,"<90%")) -> <90% | ... Q39: =IF(Q38>=22,">90%",IF(Q38<=22,"<90%")) -> >90%
A40: Status | B40: =IF(B38>=22,"OK",IF(B38<=22,"LESS")) -> OK | C40: =IF(C38>=22,"OK",IF(C38<=22,"LESS")) -> OK | D40: =IF(D38>=22,"OK",IF(D38<=22,"LESS")) -> OK | E40: =IF(E38>=22,"OK",IF(E38<=22,"LESS")) -> OK | F40: =IF(F38>=22,"OK",IF(F38<=22,"LESS")) -> OK | G40: =IF(G38>=22,"OK",IF(G38<=22,"LESS")) -> OK | H40: =IF(H38>=22,"OK",IF(H38<=22,"LESS")) -> OK | I40: =IF(I38>=22,"OK",IF(I38<=22,"LESS")) -> LESS | ... Q40: =IF(Q38>=22,"OK",IF(Q38<=22,"LESS")) -> OK
A43: Done by | B43: RAHUL
A45: Comment

Sheet 09
A1: Station: | B1: BHATAGAON RAIPUR
A2: Date: | B2: =$A$9 -> 09/01/2025 01:00 | D2: Power Off | G2: Pw.Off | L2: Link Fail | N2: Link F | P2: Maintenance | R2: Maint.
A3: Report Type: | B3: Mean | D3: Calibration | G3: Calib. | L3: Data Fail | N3: Data F | P3: Invalid | R3: Invalid
A4: Time Base: | B4: 01 Hour | D4: Zero Referrence | G4: Z.Ref | L4: Warm Up | N4: Wm. Up
A7: Date & Time | B7: NO_BHATAGAON | C7: NO2__BHATAGAON | D7: NOX_BHATAGAON | E7: SO2__BHATAGAON | F7: O3__BHATAGAON | G7: PM10__BHATAGAON | H7: PM2_5__BHATAGAON | I7: BENZ__BHATAGAON | J7: WS__BHATAGAON | K7: WD__BHATAGAON | L7: TEMP__BHATAGAON | M7: HUM__BHATAGAON | N7: SR__BHATAGAON | O7: RG__BHATAGAON | P7: CO__BHATAGAON | Q7: NH3__BHATAGAON
B8: ug/m3 | C8: ug/m3 | D8: ppb | E8: ug/m3 | F8: ug/m3 | G8: mg/m3 | H8: ug/m3 | I8: ug/m3 | J8: m/sec | K8: deg | L8: degreC | M8: % | N8: w/m2 | O8: mm | P8: ug/m3 | Q8: ug/m3
A9: 09/01/2025 01:00 | B9: 151.15 | C9: 51.16 | D9: 146.57 | E9: 9.03 | F9: 2.13 | G9: 163.7 | H9: 57.43 | I9: Invalid | J9: 1.43 | K9: 309.03 | L9: 9.8 | M9: 88.31 | N9: 57.5 | O9: 0 | P9: 2.1 | Q9: 10.07
A10: 09/01/2025 02:00 | B10: 129.75 | C10: 48.37 | D10: 127.76 | E10: 8.74 | F10: 2.13 | G10: 143.75 | H10: 52.2 | I10: Invalid | J10: 1.09 | K10: 283.68 | L10: 9.9 | M10: 91.79 | N10: 57.7 | O10: 0 | P10: 1.75 | Q10: 9.99
A11: 09/01/2025 03:00 | B11: 109.49 | C11: 47.77 | D11: 111.39 | E11: 8.3 | F11: 2.13 | G11: 137.14 | H11: 49.16 | I11: Invalid | J11: 0.8 | K11: 338.97 | L11: 9.36 | M11: 96.49 | N11: 57.8 | O11: 0 | P11: 1.68 | Q11: 9.81
A12: 09/01/2025 04:00 | B12: 95.34 | C12: 46.08 | D12: 99.16 | E12: 8.36 | F12: 2.13 | G12: 165.09 | H12: 53.7 | I12: Invalid | J12: 1.55 | K12: 340.76 | L12: 8.91 | M12: 95.62 | N12: 58 | O12: 0 | P12: 1.61 | Q12: 9.71
A13: 09/01/2025 05:00 | B13: 85.7 | C13: 42.64 | D13: 89.63 | E13: 8.89 | F13: 2.13 | G13: 165.09 | H13: 57.54 | I13: Invalid | J13: 1.4 | K13: 355.9 | L13: 8.27 | M13: 100.67 | N13: 58 | O13: 0 | P13: 1.57 | Q13: 9.66
A14: 09/01/2025 06:00 | B14: 87.63 | C14: 41.52 | D14: 90.26 | E14: 9.32 | F14: 2.13 | G14: 201.67 | H14: 63.83 | I14: Invalid | J14: 1.23 | K14: 344.71 | L14: 8.67 | M14: 95.35 | N14: 57.7 | O14: 0 | P14: 1.63 | Q14: 9.68
A15: 09/01/2025 07:00 | B15: 81.62 | C15: 42.11 | D15: 85.55 | E15: 8.79 | F15: 2.13 | G15: 201.67 | H15: 63.83 | I15: Invalid | J15: 1.5 | K15: 359.04 | L15: 8.72 | M15: 79.5 | N15: 66.7 | O15: 0 | P15: 1.6 | Q15: 9.65
A16: 09/01/2025 08:00 | B16: 70.16 | C16: 44.04 | D16: 77.16 | E16: 7.63 | F16: 2.13 | G16: 138.69 | H16: 59.2 | I16: Invalid | J16: 1.32 | K16: 322.97 | L16: 10.2 | M16: 74.16 | N16: 188.9 | O16: 0 | P16: 1.39 | Q16: 9.53
A17: 09/01/2025 09:00 | B17: 61.83 | C17: 44.1 | D17: 70.86 | E17: 6.42 | F17: 2.13 | G17: 99.04 | H17: 47.51 | I17: Invalid | J17: 2.03 | K17: 347.03 | L17: 14.68 | M17: 61.27 | N17: 434.6 | O17: 0 | P17: 1.25 | Q17: 9.44
A18: 09/01/2025 10:00 | B18: 52.17 | C18: 46.85 | D18: 63.86 | E18: 5.97 | F18: 2.13 | G18: 96.85 | H18: 45.83 | I18: Invalid | J18: 2.89 | K18: 121.05 | L18: 16.94 | M18: 48.7 | N18: 567.3 | O18: 0 | P18: 1.12 | Q18: 8.93
A19: 09/01/2025 11:00 | B19: 47.44 | C19: 51.86 | D19: 62.45 | E19: 6.17 | F19: 2.13 | G19: 77.47 | H19: 39.14 | I19: Invalid | J19: 2.35 | K19: 122.62 | L19: 18.81 | M19: 37.31 | N19: 655.4 | O19: 0 | P19: 0.98 | Q19: 8.59
A20: 09/01/2025 12:00 | B20: 34.33 | C20: 64.27 | D20: 55.63 | E20: 8.38 | F20: 2.13 | G20: 71.82 | H20: 35.02 | I20: Invalid | J20: 2.18 | K20: 119.69 | L20: 21.96 | M20: 30.93 | N20: 731 | O20: 0 | P20: 0.78 | Q20: 8.22
... A32: 09/01/2025 24:00 | B32: 102.32 | C32: 59.57 | D32: 110.81 | E32: 8.68 | F32: 2.13 | G32: 182.58 | H32: 45.69 | I32: Invalid | J32: 1.54 | K32: 279.54 | L32: 10.89 | M32: 79.5 | N32: 79.6 | O32: 0 | P32: 1.76 | Q32: 9.69
A34: Min | B34: =MIN(B9:B32) -> 2.36 | C34: =MIN(C9:C32) -> 41.52 | D34: =MIN(D9:D32) -> 25.57 | E34: =MIN(E9:E32) -> 5.97 | F34: =MIN(F9:F32) -> 2.13 | G34: =MIN(G9:G32) -> 50.59 | H34: =MIN(H9:H32) -> 18.94 | I34: =MIN(I9:I32) -> 0 | ... Q34: =MIN(Q9:Q32) -> 8.21
A35: Max | B35: =MAX(B9:B32) -> 151.15 | C35: =MAX(C9:C32) -> 87.93 | D35: =MAX(D9:D32) -> 146.57 | E35: =MAX(E9:E32) -> 10.37 | F35: =MAX(F9:F32) -> 14.9 | G35: =MAX(G9:G32) -> 201.67 | H35: =MAX(H9:H32) -> 63.83 | I35: =MAX(I9:I32) -> 0 | ... Q35: =MAX(Q9:Q32) -> 10.07
A36: Avg | B36: =AVERAGE(B9:B32) -> 60.114167 | C36: =AVERAGE(C9:C32) -> 57.989583 | D36: =AVERAGE(D9:D32) -> 76.345417 | E36: =AVERAGE(E9:E32) -> 8.1116667 | F36: =AVERAGE(F9:F32) -> 3.7020833 | G36: =AVERAGE(G9:G32) -> 121.715 | H36: =AVERAGE(H9:H32) -> 40.891667 | I36: =AVERAGE(I9:I32) -> #DIV/0! | ... Q36: =AVERAGE(Q9:Q32) -> 9.1058333
A37: Stdev | B37: =STDEV(B9:B32) -> 40.572535 | C37: =STDEV(C9:C32) -> 14.145633 | D37: =STDEV(D9:D32) -> 30.138624 | E37: =STDEV(E9:E32) -> 1.2107944 | F37: =STDEV(F9:F32) -> 3.4240022 | G37: =STDEV(G9:G32) -> 51.302257 | H37: =STDEV(H9:H32) -> 14.368129 | I37: =STDEV(I9:I32) -> #DIV/0! | ... Q37: =STDEV(Q9:Q32) -> 0.67138349
A38: Num | B38: =COUNT(B9:B32) -> 24 | C38: =COUNT(C9:C32) -> 24 | D38: =COUNT(D9:D32) -> 24 | E38: =COUNT(E9:E32) -> 24 | F38: =COUNT(F9:F32) -> 24 | G38: =COUNT(G9:G32) -> 24 | H38: =COUNT(H9:H32) -> 24 | I38: =COUNT(I9:I32) -> 0 | ... Q38: =COUNT(Q9:Q32) -> 24
A39: DCR | B39: =IF(B38>=22,">90%",IF(B38<=22,"<90%")) -> >90% | C39: =IF(C38>=22,">90%",IF(C38<=22,"<90%")) -> >90% | D39: =IF(D38>=22,">90%",IF(D38<=22,"<90%")) -> >90% | E39: =IF(E38>=22,">90%",IF(E38<=22,"<90%")) -> >90% | F39: =IF(F38>=22,">90%",IF(F38<=22,"<90%")) -> >90% | G39: =IF(G38>=22,">90%",IF(G38<=22,"<90%")) -> >90% | H39: =IF(H38>=22,">90%",IF(H38<=22,"<90%")) -> >90% | I39: =IF(I38>=22,">90%",IF(I38<=22,"<90%")) -> <90% | ... Q39: =IF(Q38>=22,">90%",IF(Q38<=22,"<90%")) -> >90%
A40: Status | B40: =IF(B38>=22,"OK",IF(B38<=22,"LESS")) -> OK | C40: =IF(C38>=22,"OK",IF(C38<=22,"LESS")) -> OK | D40: =IF(D38>=22,"OK",IF(D38<=22,"LESS")) -> OK | E40: =IF(E38>=22,"OK",IF(E38<=22,"LESS")) -> OK | F40: =IF(F38>=22,"OK",IF(F38<=22,"LESS")) -> OK | G40: =IF(G38>=22,"OK",IF(G38<=22,"LESS")) -> OK | H40: =IF(H38>=22,"OK",IF(H38<=22,"LESS")) -> OK | I40: =IF(I38>=22,"OK",IF(I38<=22,"LESS")) -> LESS | ... Q40: =IF(Q38>=22,"OK",IF(Q38<=22,"LESS")) -> OK
A43: Done by | B43: RAHUL
A45: Comment

Sheet 10
A1: Station: | B1: BHATAGAON RAIPUR
A2: Date: | B2: =$A$9 -> 10/01/2025 01:00 | D2: Power Off | G2: Pw.Off | L2: Link Fail | N2: Link F | P2: Maintenance | R2: Maint.
A3: Report Type: | B3: Mean | D3: Calibration | G3: Calib. | L3: Data Fail | N3: Data F | P3: Invalid | R3: Invalid
A4: Time Base: | B4: 01 Hour | D4: Zero Referrence | G4: Z.Ref | L4: Warm Up | N4: Wm. Up
A7: Date & Time | B7: NO_BHATAGAON | C7: NO2__BHATAGAON | D7: NOX_BHATAGAON | E7: SO2__BHATAGAON | F7: O3__BHATAGAON | G7: PM10__BHATAGAON | H7: PM2_5__BHATAGAON | I7: BENZ__BHATAGAON | J7: WS__BHATAGAON | K7: WD__BHATAGAON | L7: TEMP__BHATAGAON | M7: HUM__BHATAGAON | N7: SR__BHATAGAON | O7: RG__BHATAGAON | P7: CO__BHATAGAON | Q7: NH3__BHATAGAON
B8: ug/m3 | C8: ug/m3 | D8: ppb | E8: ug/m3 | F8: ug/m3 | G8: mg/m3 | H8: ug/m3 | I8: ug/m3 | J8: m/sec | K8: deg | L8: degreC | M8: % | N8: w/m2 | O8: mm | P8: ug/m3 | Q8: ug/m3
A9: 10/01/2025 01:00 | B9: 117.97 | C9: 57.11 | D9: 121.82 | E9: 10.16 | F9: 2.13 | G9: 182.58 | H9: 49.73 | I9: Invalid | J9: 1.23 | K9: 338.74 | L9: 10.49 | M9: 85.55 | N9: 76.7 | O9: 0 | P9: 1.87 | Q9: 9.78
A10: 10/01/2025 02:00 | B10: 114.37 | C10: 51.57 | D10: 117.28 | E10: 10.21 | F10: 2.13 | G10: 173.98 | H10: 49.73 | I10: Invalid | J10: 1.64 | K10: 331.09 | L10: 10.75 | M10: 71.47 | N10: 76.7 | O10: 0 | P10: 1.75 | Q10: 9.84
A11: 10/01/2025 03:00 | B11: 97.52 | C11: 49.35 | D11: 102.61 | E11: 9.27 | F11: 2.13 | G11: 109.57 | H11: 48.89 | I11: Invalid | J11: 1.51 | K11: 348.56 | L11: 9.74 | M11: 83.22 | N11: 77.1 | O11: 0 | P11: 1.68 | Q11: 9.77
A12: 10/01/2025 04:00 | B12: 82.68 | C12: 46.38 | D12: 88.93 | E12: 8.73 | F12: 2.13 | G12: 115.39 | H12: 46.32 | I12: Invalid | J12: 1.38 | K12: 348.12 | L12: 9.25 | M12: 86.51 | N12: 90.6 | O12: 0 | P12: 1.57 | Q12: 9.63
A13: 10/01/2025 05:00 | B13: 70.14 | C13: 46.07 | D13: 78.64 | E13: 8.2 | F13: 2.13 | G13: 115.39 | H13: 45.35 | I13: Invalid | J13: 1.32 | K13: 305.02 | L13: 9.19 | M13: 73.79 | N13: 99.6 | O13: 0 | P13: 1.46 | Q13: 9.52
A14: 10/01/2025 06:00 | B14: 64.92 | C14: 46.03 | D14: 74.73 | E14: 8.23 | F14: 2.13 | G14: 129.65 | H14: 45.26 | I14: Invalid | J14: 1.32 | K14: 329.53 | L14: 8.53 | M14: 80.31 | N14: 108.8 | O14: 0 | P14: 1.32 | Q14: 9.52
A15: 10/01/2025 07:00 | B15: 80.96 | C15: 46.75 | D15: 87.98 | E15: 9.37 | F15: 2.13 | G15: 129.65 | H15: 44.11 | I15: Invalid | J15: 1.59 | K15: 342.75 | L15: 8.42 | M15: 83.82 | N15: 111.5 | O15: 0 | P15: 1.25 | Q15: 9.61
A16: 10/01/2025 08:00 | B16: 80.65 | C16: 48.28 | D16: 87.84 | E16: 9.13 | F16: 2.13 | G16: 127.38 | H16: 45.55 | I16: Invalid | J16: 1.01 | K16: 353.05 | L16: 11.25 | M16: 63.61 | N16: 231.4 | O16: 0 | P16: 1.23 | Q16: 9.62
A17: 10/01/2025 09:00 | B17: 71.74 | C17: 50.45 | D17: 81.68 | E17: 8.3 | F17: 2.13 | G17: 120.62 | H17: 45.55 | I17: Invalid | J17: 1.96 | K17: 344.17 | L17: 16.2 | M17: 47.33 | N17: 482.5 | O17: 0 | P17: 1.18 | Q17: 9.5
A18: 10/01/2025 10:00 | B18: 58.6 | C18: 52.26 | D18: 72.09 | E18: 7.55 | F18: 2.13 | G18: 112.14 | H18: 42.65 | I18: Invalid | J18: 1.16 | K18: 356.07 | L18: 20.68 | M18: 42.51 | N18: 602.1 | O18: 0 | P18: 1.08 | Q18: 9.26
A19: 10/01/2025 11:00 | B19: 45.99 | C19: 53.7 | D19: 63.22 | E19: 7.15 | F19: 2.13 | G19: 89.94 | H19: 38.25 | I19: Invalid | J19: 1.43 | K19: 130.37 | L19: 20.96 | M19: 36.47 | N19: 642.1 | O19: 0 | P19: 1 | Q19: 8.5
A20: 10/01/2025 12:00 | B20: 34.31 | C20: 57.98 | D20: 54.6 | E20: 6.95 | F20: 2.13 | G20: 87.98 | H20: 35.22 | I20: Invalid | J20: 2.14 | K20: 126.57 | L20: 22.24 | M20: 32.83 | N20: 707.9 | O20: 0 | P20: 0.93 | Q20: 8.21
... A32: 10/01/2025 24:00 | B32: 50.28 | C32: 63.55 | D32: 72.15 | E32: 9.08 | F32: 2.13 | G32: 119.57 | H32: 45.39 | I32: Invalid | J32: 1.32 | K32: 338.15 | L32: 13.91 | M32: 48.72 | N32: 64.5 | O32: 0 | P32: 1.5 | Q32: 9.16
A34: Min | B34: =MIN(B9:B32) -> 4.31 | C34: =MIN(C9:C32) -> 46.03 | D34: =MIN(D9:D32) -> 30.54 | E34: =MIN(E9:E32) -> 6.75 | F34: =MIN(F9:F32) -> 2.13 | G34: =MIN(G9:G32) -> 60.28 | H34: =MIN(H9:H32) -> 27.22 | I34: =MIN(I9:I32) -> 0 | ... Q34: =MIN(Q9:Q32) -> 8.21
A35: Max | B35: =MAX(B9:B32) -> 117.97 | C35: =MAX(C9:C32) -> 66.67 | D35: =MAX(D9:D32) -> 121.82 | E35: =MAX(E9:E32) -> 10.21 | F35: =MAX(F9:F32) -> 2.13 | G35: =MAX(G9:G32) -> 182.58 | H35: =MAX(H9:H32) -> 49.73 | I35: =MAX(I9:I32) -> 0 | ... Q35: =MAX(Q9:Q32) -> 9.84
A36: Avg | B36: =AVERAGE(B9:B32) -> 51.212083 | C36: =AVERAGE(C9:C32) -> 56.152917 | D36: =AVERAGE(D9:D32) -> 68.713333 | E36: =AVERAGE(E9:E32) -> 8.2816667 | F36: =AVERAGE(F9:F32) -> 2.13 | G36: =AVERAGE(G9:G32) -> 117.16625 | H36: =AVERAGE(H9:H32) -> 40.59625 | I36: =AVERAGE(I9:I32) -> #DIV/0! | ... Q36: =AVERAGE(Q9:Q32) -> 8.925
A37: Stdev | B37: =STDEV(B9:B32) -> 34.191508 | C37: =STDEV(C9:C32) -> 7.0629625 | D37: =STDEV(D9:D32) -> 25.641981 | E37: =STDEV(E9:E32) -> 1.120348 | F37: =STDEV(F9:F32) -> 4.5364061e-16 | G37: =STDEV(G9:G32) -> 38.063281 | H37: =STDEV(H9:H32) -> 7.4968821 | I37: =STDEV(I9:I32) -> #DIV/0! | ... Q37: =STDEV(Q9:Q32) -> 0.66667246
A38: Num | B38: =COUNT(B9:B32) -> 24 | C38: =COUNT(C9:C32) -> 24 | D38: =COUNT(D9:D32) -> 24 | E38: =COUNT(E9:E32) -> 24 | F38: =COUNT(F9:F32) -> 24 | G38: =COUNT(G9:G32) -> 24 | H38: =COUNT(H9:H32) -> 24 | I38: =COUNT(I9:I32) -> 0 | ... Q38: =COUNT(Q9:Q32) -> 24
A39: DCR | B39: =IF(B38>=22,">90%",IF(B38<=22,"<90%")) -> >90% | C39: =IF(C38>=22,">90%",IF(C38<=22,"<90%")) -> >90% | D39: =IF(D38>=22,">90%",IF(D38<=22,"<90%")) -> >90% | E39: =IF(E38>=22,">90%",IF(E38<=22,"<90%")) -> >90% | F39: =IF(F38>=22,">90%",IF(F38<=22,"<90%")) -> >90% | G39: =IF(G38>=22,">90%",IF(G38<=22,"<90%")) -> >90% | H39: =IF(H38>=22,">90%",IF(H38<=22,"<90%")) -> >90% | I39: =IF(I38>=22,">90%",IF(I38<=22,"<90%")) -> <90% | ... Q39: =IF(Q38>=22,">90%",IF(Q38<=22,"<90%")) -> >90%
A40: Status | B40: =IF(B38>=22,"OK",IF(B38<=22,"LESS")) -> OK | C40: =IF(C38>=22,"OK",IF(C38<=22,"LESS")) -> OK | D40: =IF(D38>=22,"OK",IF(D38<=22,"LESS")) -> OK | E40: =IF(E38>=22,"OK",IF(E38<=22,"LESS")) -> OK | F40: =IF(F38>=22,"OK",IF(F38<=22,"LESS")) -> OK | G40: =IF(G38>=22,"OK",IF(G38<=22,"LESS")) -> OK | H40: =IF(H38>=22,"OK",IF(H38<=22,"LESS")) -> OK | I40: =IF(I38>=22,"OK",IF(I38<=22,"LESS")) -> LESS | ... Q40: =IF(Q38>=22,"OK",IF(Q38<=22,"LESS")) -> OK
A43: Done by | B43: RAHUL
A45: Comment

Sheet 11
A1: Station: | B1: BHATAGAON RAIPUR
A2: Date: | B2: =$A$9 -> 11/01/2025 01:00 | D2: Power Off | G2: Pw.Off | L2: Link Fail | N2: Link F | P2: Maintenance | R2: Maint.
A3: Report Type: | B3: Mean | D3: Calibration | G3: Calib. | L3: Data Fail | N3: Data F | P3: Invalid | R3: Invalid
A4: Time Base: | B4: 01 Hour | D4: Zero Referrence | G4: Z.Ref | L4: Warm Up | N4: Wm. Up
A7: Date & Time | B7: NO_BHATAGAON | C7: NO2__BHATAGAON | D7: NOX_BHATAGAON | E7: SO2__BHATAGAON | F7: O3__BHATAGAON | G7: PM10__BHATAGAON | H7: PM2_5__BHATAGAON | I7: BENZ__BHATAGAON | J7: WS__BHATAGAON | K7: WD__BHATAGAON | L7: TEMP__BHATAGAON | M7: HUM__BHATAGAON | N7: SR__BHATAGAON | O7: RG__BHATAGAON | P7: CO__BHATAGAON | Q7: NH3__BHATAGAON
B8: ug/m3 | C8: ug/m3 | D8: ppb | E8: ug/m3 | F8: ug/m3 | G8: mg/m3 | H8: ug/m3 | I8: ug/m3 | J8: m/sec | K8: deg | L8: degreC | M8: % | N8: w/m2 | O8: mm | P8: ug/m3 | Q8: ug/m3
A9: 11/01/2025 01:00 | B9: 40.54 | C9: 61.43 | D9: 63.23 | E9: 7.85 | F9: 2.13 | G9: 89.11 | H9: 43.93 | I9: Invalid | J9: 1.58 | K9: 350.84 | L9: 12.75 | M9: 65.61 | N9: 64.9 | O9: 0 | P9: 1.42 | Q9: 8.46
A10: 11/01/2025 02:00 | B10: 34.83 | C10: 59.9 | D10: 57.85 | E10: 7.51 | F10: 2.13 | G10: 93.58 | H10: 42.08 | I10: Invalid | J10: 1.55 | K10: 329.2 | L10: 11.67 | M10: 64.47 | N10: 64.6 | O10: 0 | P10: 1.3 | Q10: 8.21
A11: 11/01/2025 03:00 | B11: 26.81 | C11: 56.08 | D11: 49.43 | E11: 7.45 | F11: 2.13 | G11: 93.86 | H11: 41.39 | I11: Invalid | J11: 1.59 | K11: 299.68 | L11: 11.1 | M11: 77.29 | N11: 64.8 | O11: 0 | P11: 1.21 | Q11: 8.21
A12: 11/01/2025 04:00 | B12: 24.86 | C12: 52.75 | D12: 44.35 | E12: 8.33 | F12: 2.13 | G12: 100.83 | H12: 40.41 | I12: Invalid | J12: 0.87 | K12: 240.49 | L12: 10.29 | M12: 94.04 | N12: 64.5 | O12: 0 | P12: 1.14 | Q12: 8.21
A13: 11/01/2025 05:00 | B13: 38.72 | C13: 47.91 | D13: 53.2 | E13: 8.91 | F13: 2.13 | G13: 130.32 | H13: 45.83 | I13: Invalid | J13: 1.63 | K13: 296.2 | L13: 9.28 | M13: 99.11 | N13: 64.7 | O13: 0 | P13: 1.2 | Q13: 8.21
A14: 11/01/2025 06:00 | B14: 63.62 | C14: 44.47 | D14: 72.49 | E14: 9.21 | F14: 2.13 | G14: 144.23 | H14: 45.9 | I14: Invalid | J14: 1.42 | K14: 315.62 | L14: 9.14 | M14: 100.47 | N14: 62.5 | O14: 0 | P14: 1.24 | Q14: 9.16
A15: 11/01/2025 07:00 | B15: 88.54 | C15: 44.57 | D15: 92.91 | E15: 9.8 | F15: 2.13 | G15: 148.6 | H15: 49.32 | I15: Invalid | J15: 1.67 | K15: 330.55 | L15: 8.59 | M15: 98.87 | N15: 71.6 | O15: 0 | P15: 1.3 | Q15: 9.69
A16: 11/01/2025 08:00 | B16: 101.42 | C16: 46.44 | D16: 104.22 | E16: 10.62 | F16: 2.13 | G16: 155.99 | H16: 53.64 | I16: Invalid | J16: 1.88 | K16: 347.68 | L16: 11.8 | M16: 95.83 | N16: 187.4 | O16: 0 | P16: 1.3 | Q16: 9.79
A17: 11/01/2025 09:00 | B17: 100.42 | C17: 50.71 | D17: 103.17 | E17: 8.81 | F17: 2.13 | G17: 155.99 | H17: 53.64 | I17: Invalid | J17: 2.43 | K17: 354.3 | L17: 16.69 | M17: 66.8 | N17: 401.9 | O17: 0 | P17: 1.3 | Q17: 9.78
A18: 11/01/2025 10:00 | B18: 85.06 | C18: 56.94 | D18: 94.38 | E18: 7.49 | F18: 2.13 | G18: 126.11 | H18: 51.86 | I18: Invalid | J18: 2.21 | K18: 124.22 | L18: 19.38 | M18: 49.83 | N18: 552.4 | O18: 0 | P18: 1.3 | Q18: 9.63
A19: 11/01/2025 11:00 | B19: 64.12 | C19: 62.56 | D19: 80.78 | E19: 6.98 | F19: 2.13 | G19: 112.99 | H19: 47.72 | I19: Invalid | J19: 2.31 | K19: 342.37 | L19: 25.08 | M19: 38.55 | N19: 644 | O19: 0 | P19: 1.23 | Q19: 9.51
A20: 11/01/2025 12:00 | B20: 47.21 | C20: 63.15 | D20: 69.32 | E20: 6.6 | F20: 2.13 | G20: 94.27 | H20: 45.72 | I20: Invalid | J20: 2.13 | K20: 339.57 | L20: 23.32 | M20: 40.71 | N20: 686.1 | O20: 0 | P20: 1.16 | Q20: 8.86
... A32: 11/01/2025 24:00 | B32: 79.94 | C32: 55.8 | D32: 91.88 | E32: 7.88 | F32: 2.13 | G32: 108.12 | H32: 33.38 | I32: Invalid | J32: 1.65 | K32: 105.39 | L32: 14.29 | M32: 69.08 | N32: 86.1 | O32: 0 | P32: 1.65 | Q32: 9.66
A34: Min | B34: =MIN(B9:B32) -> 4.55 | C34: =MIN(C9:C32) -> 44.47 | D34: =MIN(D9:D32) -> 27.22 | E34: =MIN(E9:E32) -> 5.52 | F34: =MIN(F9:F32) -> 2.13 | G34: =MIN(G9:G32) -> 40.39 | H34: =MIN(H9:H32) -> 22.16 | I34: =MIN(I9:I32) -> 0 | ... Q34: =MIN(Q9:Q32) -> 8.21
A35: Max | B35: =MAX(B9:B32) -> 101.42 | C35: =MAX(C9:C32) -> 63.15 | D35: =MAX(D9:D32) -> 104.22 | E35: =MAX(E9:E32) -> 10.62 | F35: =MAX(F9:F32) -> 2.13 | G35: =MAX(G9:G32) -> 173.35 | H35: =MAX(H9:H32) -> 53.64 | I35: =MAX(I9:I32) -> 0 | ... Q35: =MAX(Q9:Q32) -> 9.79
A36: Avg | B36: =AVERAGE(B9:B32) -> 47.484583 | C36: =AVERAGE(C9:C32) -> 55.077083 | D36: =AVERAGE(D9:D32) -> 64.987083 | E36: =AVERAGE(E9:E32) -> 7.5633333 | F36: =AVERAGE(F9:F32) -> 2.13 | G36: =AVERAGE(G9:G32) -> 106.89333 | H36: =AVERAGE(H9:H32) -> 38.51125 | I36: =AVERAGE(I9:I32) -> #DIV/0! | ... Q36: =AVERAGE(Q9:Q32) -> 8.805
A37: Stdev | B37: =STDEV(B9:B32) -> 31.026557 | C37: =STDEV(C9:C32) -> 5.9548654 | D37: =STDEV(D9:D32) -> 24.142576 | E37: =STDEV(E9:E32) -> 1.4078311 | F37: =STDEV(F9:F32) -> 4.5364061e-16 | G37: =STDEV(G9:G32) -> 41.284832 | H37: =STDEV(H9:H32) -> 9.804939 | I37: =STDEV(I9:I32) -> #DIV/0! | ... Q37: =STDEV(Q9:Q32) -> 0.67254222
A38: Num | B38: =COUNT(B9:B32) -> 24 | C38: =COUNT(C9:C32) -> 24 | D38: =COUNT(D9:D32) -> 24 | E38: =COUNT(E9:E32) -> 24 | F38: =COUNT(F9:F32) -> 24 | G38: =COUNT(G9:G32) -> 24 | H38: =COUNT(H9:H32) -> 24 | I38: =COUNT(I9:I32) -> 0 | ... Q38: =COUNT(Q9:Q32) -> 24
A39: DCR | B39: =IF(B38>=22,">90%",IF(B38<=22,"<90%")) -> >90% | C39: =IF(C38>=22,">90%",IF(C38<=22,"<90%")) -> >90% | D39: =IF(D38>=22,">90%",IF(D38<=22,"<90%")) -> >90% | E39: =IF(E38>=22,">90%",IF(E38<=22,"<90%")) -> >90% | F39: =IF(F38>=22,">90%",IF(F38<=22,"<90%")) -> >90% | G39: =IF(G38>=22,">90%",IF(G38<=22,"<90%")) -> >90% | H39: =IF(H38>=22,">90%",IF(H38<=22,"<90%")) -> >90% | I39: =IF(I38>=22,">90%",IF(I38<=22,"<90%")) -> <90% | ... Q39: =IF(Q38>=22,">90%",IF(Q38<=22,"<90%")) -> >90%
A40: Status | B40: =IF(B38>=22,"OK",IF(B38<=22,"LESS")) -> OK | C40: =IF(C38>=22,"OK",IF(C38<=22,"LESS")) -> OK | D40: =IF(D38>=22,"OK",IF(D38<=22,"LESS")) -> OK | E40: =IF(E38>=22,"OK",IF(E38<=22,"LESS")) -> OK | F40: =IF(F38>=22,"OK",IF(F38<=22,"LESS")) -> OK | G40: =IF(G38>=22,"OK",IF(G38<=22,"LESS")) -> OK | H40: =IF(H38>=22,"OK",IF(H38<=22,"LESS")) -> OK | I40: =IF(I38>=22,"OK",IF(I38<=22,"LESS")) -> LESS | ... Q40: =IF(Q38>=22,"OK",IF(Q38<=22,"LESS")) -> OK
A43: Done by | B43: RAHUL
A45: Comment

Sheet 12
A1: Station: | B1: BHATAGAON RAIPUR
A2: Date: | B2: =$A$9 -> 12/01/2025 01:00 | D2: Power Off | G2: Pw.Off | L2: Link Fail | N2: Link F | P2: Maintenance | R2: Maint.
A3: Report Type: | B3: Mean | D3: Calibration | G3: Calib. | L3: Data Fail | N3: Data F | P3: Invalid | R3: Invalid
A4: Time Base: | B4: 01 Hour | D4: Zero Referrence | G4: Z.Ref | L4: Warm Up | N4: Wm. Up
A7: Date & Time | B7: NO_BHATAGAON | C7: NO2__BHATAGAON | D7: NOX_BHATAGAON | E7: SO2__BHATAGAON | F7: O3__BHATAGAON | G7: PM10__BHATAGAON | H7: PM2_5__BHATAGAON | I7: BENZ__BHATAGAON | J7: WS__BHATAGAON | K7: WD__BHATAGAON | L7: TEMP__BHATAGAON | M7: HUM__BHATAGAON | N7: SR__BHATAGAON | O7: RG__BHATAGAON | P7: CO__BHATAGAON | Q7: NH3__BHATAGAON
B8: ug/m3 | C8: ug/m3 | D8: ppb | E8: ug/m3 | F8: ug/m3 | G8: mg/m3 | H8: ug/m3 | I8: ug/m3 | J8: m/sec | K8: deg | L8: degreC | M8: % | N8: w/m2 | O8: mm | P8: ug/m3 | Q8: ug/m3
A9: 12/01/2025 01:00 | B9: 72.09 | C9: 54.16 | D9: 84.73 | E9: 8.37 | F9: 2.13 | G9: 108.12 | H9: 36.06 | I9: Invalid | J9: 1.42 | K9: 301.73 | L9: 13.72 | M9: 83.36 | N9: 84.5 | O9: 0 | P9: 1.58 | Q9: 9.61
A10: 12/01/2025 02:00 | B10: 62.45 | C10: 52.15 | D10: 75.95 | E10: 8.16 | F10: 2.13 | G10: 91.82 | H10: 36.06 | I10: Invalid | J10: 2.6 | K10: 267.24 | L10: 14.19 | M10: 75.3 | N10: 87.5 | O10: 0 | P10: 1.39 | Q10: 9.54
A11: 12/01/2025 03:00 | B11: 47.97 | C11: 51.09 | D11: 63.73 | E11: 7.42 | F11: 2.13 | G11: 81.3 | H11: 34.07 | I11: Invalid | J11: 2.77 | K11: 108.16 | L11: 14.17 | M11: 62.76 | N11: 87.7 | O11: 0 | P11: 1.23 | Q11: 8.68
A12: 12/01/2025 04:00 | B12: 34.93 | C12: 49.24 | D12: 52.23 | E12: 7.28 | F12: 2.13 | G12: 58.72 | H12: 32.25 | I12: Invalid | J12: 2.45 | K12: 105.85 | L12: 13.93 | M12: 68.9 | N12: 96.3 | O12: 0 | P12: 1.05 | Q12: 8.21
A13: 12/01/2025 05:00 | B13: 27.16 | C13: 48.4 | D13: 45.69 | E13: 7.17 | F13: 2.13 | G13: 57.13 | H13: 29.92 | I13: Invalid | J13: 1.03 | K13: 332.5 | L13: 12.98 | M13: 70.88 | N13: 99.5 | O13: 0 | P13: 0.89 | Q13: 8.21
A14: 12/01/2025 06:00 | B14: 25.89 | C14: 50.29 | D14: 45.66 | E14: 7.16 | F14: 2.13 | G14: 63.22 | H14: 28.58 | I14: Invalid | J14: 1.25 | K14: 321.58 | L14: 12.14 | M14: 81.27 | N14: 95.1 | O14: 0 | P14: 0.83 | Q14: 8.21
A15: 12/01/2025 07:00 | B15: 26.78 | C15: 50.6 | D15: 46.54 | E15: 7.39 | F15: 2.13 | G15: 80.81 | H15: 27.96 | I15: Invalid | J15: 3.16 | K15: 116.95 | L15: 12.04 | M15: 83.1 | N15: 105 | O15: 0 | P15: 0.78 | Q15: 8.21
A16: 12/01/2025 08:00 | B16: 21.79 | C16: 48.75 | D16: 41.22 | E16: 7.34 | F16: 2.13 | G16: 85.81 | H16: 33.64 | I16: Invalid | J16: 3.2 | K16: 122.38 | L16: 13.16 | M16: 75.84 | N16: 206.8 | O16: 0 | P16: 0.85 | Q16: 8.21
A17: 12/01/2025 09:00 | B17: 17.04 | C17: 48.61 | D17: 37.68 | E17: 6.12 | F17: 2.13 | G17: 85.81 | H17: 33.64 | I17: Invalid | J17: 2.78 | K17: 154.92 | L17: 16.47 | M17: 68.31 | N17: 381.6 | O17: 0 | P17: 0.82 | Q17: 8.21
A18: 12/01/2025 10:00 | B18: 12.97 | C18: 49.88 | D18: 34.42 | E18: 5.91 | F18: 2.13 | G18: 72.32 | H18: 30.48 | I18: Invalid | J18: 1.74 | K18: 280.04 | L18: 20.46 | M18: 57.41 | N18: 445.6 | O18: 0 | P18: 0.78 | Q18: 8.21
A19: 12/01/2025 11:00 | B19: 9.21 | C19: 51.35 | D19: 32.61 | E19: 6.01 | F19: 2.13 | G19: 66.46 | H19: 27.97 | I19: Invalid | J19: 1.4 | K19: 236.56 | L19: 20.48 | M19: 49.53 | N19: 544.3 | O19: 0 | P19: 0.76 | Q19: 8.21
A20: 12/01/2025 12:00 | B20: 5.48 | C20: 50.52 | D20: 27.98 | E20: 5.24 | F20: 2.13 | G20: 61.84 | H20: 27.81 | I20: Invalid | J20: 2.09 | K20: 334.9 | L20: 25.58 | M20: 42.75 | N20: 671.5 | O20: 0 | P20: 0.72 | Q20: 8.21
... A32: 12/01/2025 24:00 | B32: 51.96 | C32: 63.5 | D32: 73.46 | E32: 9.16 | F32: 2.13 | G32: 156.75 | H32: 52.54 | I32: Invalid | J32: 1.43 | K32: 106.01 | L32: 15.81 | M32: 73.64 | N32: 96.3 | O32: 0 | P32: 1.83 | Q32: 9.03
A34: Min | B34: =MIN(B9:B32) -> 3.35 | C34: =MIN(C9:C32) -> 48.4 | D34: =MIN(D9:D32) -> 27.98 | E34: =MIN(E9:E32) -> 5.24 | F34: =MIN(F9:F32) -> 2.13 | G34: =MIN(G9:G32) -> 57.13 | H34: =MIN(H9:H32) -> 27.77 | I34: =MIN(I9:I32) -> 0 | ... Q34: =MIN(Q9:Q32) -> 8.21
A35: Max | B35: =MAX(B9:B32) -> 72.09 | C35: =MAX(C9:C32) -> 63.61 | D35: =MAX(D9:D32) -> 84.73 | E35: =MAX(E9:E32) -> 9.69 | F35: =MAX(F9:F32) -> 2.18 | G35: =MAX(G9:G32) -> 156.75 | H35: =MAX(H9:H32) -> 52.54 | I35: =MAX(I9:I32) -> 0 | ... Q35: =MAX(Q9:Q32) -> 9.61
A36: Avg | B36: =AVERAGE(B9:B32) -> 24.082083 | C36: =AVERAGE(C9:C32) -> 54.734583 | D36: =AVERAGE(D9:D32) -> 46.313333 | E36: =AVERAGE(E9:E32) -> 7.5591667 | F36: =AVERAGE(F9:F32) -> 2.1329167 | G36: =AVERAGE(G9:G32) -> 91.265833 | H36: =AVERAGE(H9:H32) -> 34.933333 | I36: =AVERAGE(I9:I32) -> #DIV/0! | ... Q36: =AVERAGE(Q9:Q32) -> 8.4129167
A37: Stdev | B37: =STDEV(B9:B32) -> 20.540189 | C37: =STDEV(C9:C32) -> 5.329847 | D37: =STDEV(D9:D32) -> 17.144164 | E37: =STDEV(E9:E32) -> 1.1965673 | F37: =STDEV(F9:F32) -> 0.010826363 | G37: =STDEV(G9:G32) -> 30.92011 | H37: =STDEV(H9:H32) -> 8.0283712 | I37: =STDEV(I9:I32) -> #DIV/0! | ... Q37: =STDEV(Q9:Q32) -> 0.43521588
A38: Num | B38: =COUNT(B9:B32) -> 24 | C38: =COUNT(C9:C32) -> 24 | D38: =COUNT(D9:D32) -> 24 | E38: =COUNT(E9:E32) -> 24 | F38: =COUNT(F9:F32) -> 24 | G38: =COUNT(G9:G32) -> 24 | H38: =COUNT(H9:H32) -> 24 | I38: =COUNT(I9:I32) -> 0 | ... Q38: =COUNT(Q9:Q32) -> 24
A39: DCR | B39: =IF(B38>=22,">90%",IF(B38<=22,"<90%")) -> >90% | C39: =IF(C38>=22,">90%",IF(C38<=22,"<90%")) -> >90% | D39: =IF(D38>=22,">90%",IF(D38<=22,"<90%")) -> >90% | E39: =IF(E38>=22,">90%",IF(E38<=22,"<90%")) -> >90% | F39: =IF(F38>=22,">90%",IF(F38<=22,"<90%")) -> >90% | G39: =IF(G38>=22,">90%",IF(G38<=22,"<90%")) -> >90% | H39: =IF(H38>=22,">90%",IF(H38<=22,"<90%")) -> >90% | I39: =IF(I38>=22,">90%",IF(I38<=22,"<90%")) -> <90% | ... Q39: =IF(Q38>=22,">90%",IF(Q38<=22,"<90%")) -> >90%
A40: Status | B40: =IF(B38>=22,"OK",IF(B38<=22,"LESS")) -> OK | C40: =IF(C38>=22,"OK",IF(C38<=22,"LESS")) -> OK | D40: =IF(D38>=22,"OK",IF(D38<=22,"LESS")) -> OK | E40: =IF(E38>=22,"OK",IF(E38<=22,"LESS")) -> OK | F40: =IF(F38>=22,"OK",IF(F38<=22,"LESS")) -> OK | G40: =IF(G38>=22,"OK",IF(G38<=22,"LESS")) -> OK | H40: =IF(H38>=22,"OK",IF(H38<=22,"LESS")) -> OK | I40: =IF(I38>=22,"OK",IF(I38<=22,"LESS")) -> LESS | ... Q40: =IF(Q38>=22,"OK",IF(Q38<=22,"LESS")) -> OK
A43: Done by | B43: RAHUL
A45: Comment

Sheet 13
A1: Station: | B1: BHATAGAON RAIPUR
A2: Date: | B2: =$A$9 -> 13/01/2025 01:00 | D2: Power Off | G2: Pw.Off | L2: Link Fail | N2: Link F | P2: Maintenance | R2: Maint.
A3: Report Type: | B3: Mean | D3: Calibration | G3: Calib. | L3: Data Fail | N3: Data F | P3: Invalid | R3: Invalid
A4: Time Base: | B4: 01 Hour | D4: Zero Referrence | G4: Z.Ref | L4: Warm Up | N4: Wm. Up
A7: Date & Time | B7: NO_BHATAGAON | C7: NO2__BHATAGAON | D7: NOX_BHATAGAON | E7: SO2__BHATAGAON | F7: O3__BHATAGAON | G7: PM10__BHATAGAON | H7: PM2_5__BHATAGAON | I7: BENZ__BHATAGAON | J7: WS__BHATAGAON | K7: WD__BHATAGAON | L7: TEMP__BHATAGAON | M7: HUM__BHATAGAON | N7: SR__BHATAGAON | O7: RG__BHATAGAON | P7: CO__BHATAGAON | Q7: NH3__BHATAGAON
B8: ug/m3 | C8: ug/m3 | D8: ppb | E8: ug/m3 | F8: ug/m3 | G8: mg/m3 | H8: ug/m3 | I8: ug/m3 | J8: m/sec | K8: deg | L8: degreC | M8: % | N8: w/m2 | O8: mm | P8: ug/m3 | Q8: ug/m3
A9: 13/01/2025 01:00 | B9: 44.37 | C9: 59.61 | D9: 65.35 | E9: 7.1 | F9: 2.13 | G9: 136.37 | H9: 49.47 | I9: Invalid | J9: 1.7 | K9: 322.03 | L9: 15.01 | M9: 73.63 | N9: 101 | O9: 0 | P9: 1.68 | Q9: 8.47
A10: 13/01/2025 02:00 | B10: 37.28 | C10: 56.96 | D10: 58.28 | E10: 7.03 | F10: 2.13 | G10: 121.93 | H10: 49.47 | I10: Invalid | J10: 1.88 | K10: 349.87 | L10: 14.84 | M10: 73.4 | N10: 99.4 | O10: 0 | P10: 1.46 | Q10: 8.21
A11: 13/01/2025 03:00 | B11: 28.39 | C11: 55.26 | D11: 50.26 | E11: 7.51 | F11: 2.13 | G11: 97.89 | H11: 42.6 | I11: Invalid | J11: 2.81 | K11: 356.75 | L11: 14.59 | M11: 74.5 | N11: 104.1 | O11: 0 | P11: 1.36 | Q11: 8.21
A12: 13/01/2025 04:00 | B12: 19.3 | C12: 52.88 | D12: 41.73 | E12: 6.61 | F12: 2.13 | G12: 90.09 | H12: 40.12 | I12: Invalid | J12: 2.07 | K12: 355.23 | L12: 14.42 | M12: 76.67 | N12: 107.9 | O12: 0 | P12: 1.2 | Q12: 8.21
A13: 13/01/2025 05:00 | B13: 14.56 | C13: 49.85 | D13: 36.33 | E13: 6.36 | F13: 2.13 | G13: 86.07 | H13: 39.74 | I13: Invalid | J13: 2.05 | K13: 347.75 | L13: 13.68 | M13: 79.99 | N13: 121.9 | O13: 0 | P13: 1.06 | Q13: 8.21
A14: 13/01/2025 06:00 | B14: 14.72 | C14: 48.74 | D14: 34.86 | E14: 6.62 | F14: 2.13 | G14: 86.07 | H14: 39.74 | I14: Invalid | J14: 1.98 | K14: 331.81 | L14: 13.33 | M14: 87.97 | N14: 112.5 | O14: 0 | P14: 0.97 | Q14: 8.21
A15: 13/01/2025 07:00 | B15: 20.99 | C15: 49.28 | D15: 41.2 | E15: 6.54 | F15: 2.13 | G15: 96.26 | H15: 38.53 | I15: Invalid | J15: 2.35 | K15: 358.49 | L15: 12.91 | M15: 92.49 | N15: 114.5 | O15: 0 | P15: 0.94 | Q15: 8.21
A16: 13/01/2025 08:00 | B16: 24.96 | C16: 51.31 | D16: 45.44 | E16: 7.23 | F16: 2.13 | G16: 105.47 | H16: 40.8 | I16: Invalid | J16: 2.43 | K16: 355.01 | L16: 14.59 | M16: 86.81 | N16: 190.9 | O16: 0 | P16: 1.04 | Q16: 8.21
A17: 13/01/2025 09:00 | B17: 28.93 | C17: 52.28 | D17: 49.13 | E17: 7.91 | F17: 2.13 | G17: 194.16 | H17: 51.49 | I17: Invalid | J17: 2.54 | K17: 349.7 | L17: 17.89 | M17: 77.28 | N17: 314.4 | O17: 0 | P17: 1.13 | Q17: 8.21
A18: 13/01/2025 10:00 | B18: 29.74 | C18: 54.65 | D18: 51.02 | E18: 8.28 | F18: 2.13 | G18: 194.16 | H18: 52.34 | I18: Invalid | J18: 2.74 | K18: 347.08 | L18: 19.54 | M18: 60.13 | N18: 387 | O18: 0 | P18: 1.12 | Q18: 8.21
A19: 13/01/2025 11:00 | B19: 35.2 | C19: 87.97 | D19: 72.69 | E19: 27.07 | F19: 2.17 | G19: 132.06 | H19: 52.34 | I19: Invalid | J19: 2.9 | K19: 346.61 | L19: 23.13 | M19: 53.26 | N19: 404.5 | O19: 0 | P19: 1.11 | Q19: 8.24
A20: 13/01/2025 12:00 | B20: 34.52 | C20: 88.78 | D20: 72.22 | E20: 15.09 | F20: 2.13 | G20: 102.21 | H20: 48.84 | I20: Invalid | J20: 3.16 | K20: 345.51 | L20: 24.37 | M20: 47.97 | N20: 472.8 | O20: 0 | P20: 1.08 | Q20: 8.36
A21: 13/01/2025 13:00 | B21: Calib. | C21: Calib. | D21: Calib. | E21: 15.72 | F21: 2.58 | G21: 133.42 | H21: 49.73 | I21: Invalid | J21: 3.47 | K21: 344.22 | L21: 24.91 | M21: 43.05 | N21: 504.7 | O21: 0 | P21: 1.11 | Q21: 8.22
A22: 13/01/2025 14:00 | B22: Calib. | C22: Calib. | D22: Calib. | E22: 11.35 | F22: 3.29 | G22: 133.42 | H22: 49.73 | I22: Invalid | J22: 3.22 | K22: 348.78 | L22: 24.42 | M22: 42.48 | N22: 433.6 | O22: 0 | P22: 1.07 | Q22: 8.21
A23: 13/01/2025 15:00 | B23: 11.98 | C23: 94.56 | D23: 57.24 | E23: 14.08 | F23: 5.3 | G23: 120.77 | H23: 48.05 | I23: Invalid | J23: 3.16 | K23: 347.77 | L23: 23.72 | M23: 44.55 | N23: 342.4 | O23: 0 | P23: 1.08 | Q23: 8.21
A24: 13/01/2025 16:00 | B24: 5.64 | C24: 92.16 | D24: 50.08 | E24: 11.78 | F24: 3.17 | G24: 138.29 | H24: 49.31 | I24: Invalid | J24: 2.57 | K24: 347.57 | L24: 23.14 | M24: 54.01 | N24: 227 | O24: 0 | P24: 1.08 | Q24: 8.21
A25: 13/01/2025 17:00 | B25: 7.34 | C25: 87.8 | D25: 49.2 | E25: 9.76 | F25: 2.2 | G25: 138.29 | H25: 49.31 | I25: Invalid | J25: 1.83 | K25: 352.95 | L25: 21.17 | M25: 54.42 | N25: 157.5 | O25: 0 | P25: 1.24 | Q25: 8.21
A26: 13/01/2025 18:00 | B26: 13.65 | C26: 96.14 | D26: 58.8 | E26: 10.61 | F26: 2.15 | G26: 145.29 | H26: 48.78 | I26: Invalid | J26: 2.29 | K26: 349.37 | L26: 19.99 | M26: 66.28 | N26: 115.8 | O26: 0 | P26: 1.4 | Q26: 8.21
A27: 13/01/2025 19:00 | B27: 22.46 | C27: 91.45 | D27: 62.97 | E27: 8.85 | F27: 2.13 | G27: 163.34 | H27: 52.03 | I27: Invalid | J27: 1.84 | K27: 351.03 | L27: 17.76 | M27: 78.63 | N27: 107.6 | O27: 0 | P27: 1.52 | Q27: 8.21
A28: 13/01/2025 20:00 | B28: 30.21 | C28: 87.6 | D28: 68.02 | E28: 8.79 | F28: 2.13 | G28: 170.61 | H28: 58.2 | I28: Invalid | J28: 2.05 | K28: 357.08 | L28: 16.96 | M28: 74.65 | N28: 107.3 | O28: 0 | P28: 1.57 | Q28: 8.21
A29: 13/01/2025 21:00 | B29: 31.79 | C29: 86.19 | D29: 67.98 | E29: 8.6 | F29: 2.13 | G29: 170.61 | H29: 58.2 | I29: Invalid | J29: 1.87 | K29: 348.53 | L29: 16.74 | M29: 73.19 | N29: 104.4 | O29: 0 | P29: 1.84 | Q29: 8.21
A30: 13/01/2025 22:00 | B30: 37.25 | C30: 80.13 | D30: 70.1 | E30: 8.65 | F30: 2.13 | G30: 178.66 | H30: 60.63 | I30: Invalid | J30: 2.4 | K30: 354.69 | L30: 16.29 | M30: 77.72 | N30: 105 | O30: 0 | P30: 1.99 | Q30: 8.21
A31: 13/01/2025 23:00 | B31: 37.67 | C31: 79.68 | D31: 70.47 | E31: 8.48 | F31: 2.13 | G31: 178.66 | H31: 60.63 | I31: Invalid | J31: 2.85 | K31: 351.08 | L31: 15.64 | M31: 83.41 | N31: 105.8 | O31: 0 | P31: 1.72 | Q31: 8.21
A32: 13/01/2025 24:00 | B32: 33.22 | C32: 75.24 | D32: 64.58 | E32: 7.78 | F32: 2.13 | G32: 135.58 | H32: 58.74 | I32: Invalid | J32: 2.59 | K32: 349.89 | L32: 14.36 | M32: 83.51 | N32: 103.9 | O32: 0 | P32: 1.54 | Q32: 8.21
A34: Min | B34: =MIN(B9:B32) -> 5.64 | C34: =MIN(C9:C32) -> 48.74 | D34: =MIN(D9:D32) -> 34.86 | E34: =MIN(E9:E32) -> 6.36 | F34: =MIN(F9:F32) -> 2.13 | G34: =MIN(G9:G32) -> 86.07 | H34: =MIN(H9:H32) -> 38.53 | I34: =MIN(I9:I32) -> 0 | ... Q34: =MIN(Q9:Q32) -> 8.21
A35: Max | B35: =MAX(B9:B32) -> 44.37 | C35: =MAX(C9:C32) -> 96.14 | D35: =MAX(D9:D32) -> 72.69 | E35: =MAX(E9:E32) -> 27.07 | F35: =MAX(F9:F32) -> 5.3 | G35: =MAX(G9:G32) -> 194.16 | H35: =MAX(H9:H32) -> 60.63 | I35: =MAX(I9:I32) -> 0 | ... Q35: =MAX(Q9:Q32) -> 8.47
A36: Avg | B36: =AVERAGE(B9:B32) -> 25.644091 | C36: =AVERAGE(C9:C32) -> 71.750909 | D36: =AVERAGE(D9:D32) -> 56.270455 | E36: =AVERAGE(E9:E32) -> 9.9083333 | F36: =AVERAGE(F9:F32) -> 2.3779167 | G36: =AVERAGE(G9:G32) -> 135.40333 | H36: =AVERAGE(H9:H32) -> 49.534167 | I36: =AVERAGE(I9:I32) -> #DIV/0! | ... Q36: =AVERAGE(Q9:Q32) -> 8.22875
A37: Stdev | B37: =STDEV(B9:B32) -> 10.838808 | C37: =STDEV(C9:C32) -> 18.169755 | D37: =STDEV(D9:D32) -> 11.981432 | E37: =STDEV(E9:E32) -> 4.5313053 | F37: =STDEV(F9:F32) -> 0.69814648 | G37: =STDEV(G9:G32) -> 33.81191 | H37: =STDEV(H9:H32) -> 6.7125851 | I37: =STDEV(I9:I32) -> #DIV/0! | ... Q37: =STDEV(Q9:Q32) -> 0.05995016
A38: Num | B38: =COUNT(B9:B32)+2 -> 24 | C38: =COUNT(C9:C32)+2 -> 24 | D38: =COUNT(D9:D32)+2 -> 24 | E38: =COUNT(E9:E32) -> 24 | F38: =COUNT(F9:F32) -> 24 | G38: =COUNT(G9:G32) -> 24 | H38: =COUNT(H9:H32) -> 24 | I38: =COUNT(I9:I32) -> 0 | J38: =COUNT(J9:J32) -> 24 | K38: =COUNT(K9:K32) -> 24 | L38: =COUNT(L9:L32) -> 24 | ... Q38: =COUNT(Q9:Q32) -> 24
A39: DCR | B39: =IF(B38>=22,">90%",IF(B38<=22,"<90%")) -> >90% | C39: =IF(C38>=22,">90%",IF(C38<=22,"<90%")) -> >90% | D39: =IF(D38>=22,">90%",IF(D38<=22,"<90%")) -> >90% | E39: =IF(E38>=22,">90%",IF(E38<=22,"<90%")) -> >90% | F39: =IF(F38>=22,">90%",IF(F38<=22,"<90%")) -> >90% | G39: =IF(G38>=22,">90%",IF(G38<=22,"<90%")) -> >90% | H39: =IF(H38>=22,">90%",IF(H38<=22,"<90%")) -> >90% | I39: =IF(I38>=22,">90%",IF(I38<=22,"<90%")) -> <90% | ... Q39: =IF(Q38>=22,">90%",IF(Q38<=22,"<90%")) -> >90%
A40: Status | B40: =IF(B38>=22,"OK",IF(B38<=22,"LESS")) -> OK | C40: =IF(C38>=22,"OK",IF(C38<=22,"LESS")) -> OK | D40: =IF(D38>=22,"OK",IF(D38<=22,"LESS")) -> OK | E40: =IF(E38>=22,"OK",IF(E38<=22,"LESS")) -> OK | F40: =IF(F38>=22,"OK",IF(F38<=22,"LESS")) -> OK | G40: =IF(G38>=22,"OK",IF(G38<=22,"LESS")) -> OK | H40: =IF(H38>=22,"OK",IF(H38<=22,"LESS")) -> OK | I40: =IF(I38>=22,"OK",IF(I38<=22,"LESS")) -> LESS | ... Q40: =IF(Q38>=22,"OK",IF(Q38<=22,"LESS")) -> OK
A43: Done by | B43: RAHUL
A45: Comment

Sheet 14
A1: Station: | B1: BHATAGAON RAIPUR
A2: Date: | B2: =$A$9 -> 14/01/2025 01:00 | D2: Power Off | G2: Pw.Off | L2: Link Fail | N2: Link F | P2: Maintenance | R2: Maint.
A3: Report Type: | B3: Mean | D3: Calibration | G3: Calib. | L3: Data Fail | N3: Data F | P3: Invalid | R3: Invalid
A4: Time Base: | B4: 01 Hour | D4: Zero Referrence | G4: Z.Ref | L4: Warm Up | N4: Wm. Up
A7: Date & Time | B7: NO_BHATAGAON | C7: NO2__BHATAGAON | D7: NOX_BHATAGAON | E7: SO2__BHATAGAON | F7: O3__BHATAGAON | G7: PM10__BHATAGAON | H7: PM2_5__BHATAGAON | I7: BENZ__BHATAGAON | J7: WS__BHATAGAON | K7: WD__BHATAGAON | L7: TEMP__BHATAGAON | M7: HUM__BHATAGAON | N7: SR__BHATAGAON | O7: RG__BHATAGAON | P7: CO__BHATAGAON | Q7: NH3__BHATAGAON
B8: ug/m3 | C8: ug/m3 | D8: ppb | E8: ug/m3 | F8: ug/m3 | G8: mg/m3 | H8: ug/m3 | I8: ug/m3 | J8: m/sec | K8: deg | L8: degreC | M8: % | N8: w/m2 | O8: mm | P8: ug/m3 | Q8: ug/m3
A9: 14/01/2025 01:00 | B9: 23.74 | C9: 69.27 | D9: 53.85 | E9: 6.78 | F9: 2.13 | G9: 96.21 | H9: 51.4 | I9: Invalid | J9: 2.87 | K9: 353.68 | L9: 13.57 | M9: 87.29 | N9: 106.5 | O9: 0 | P9: 1.3 | Q9: 8.21
A10: 14/01/2025 02:00 | B10: 17.01 | C10: 61.79 | D10: 44.54 | E10: 6.35 | F10: 2.13 | G10: 75.63 | H10: 47.62 | I10: Invalid | J10: 2.91 | K10: 352.41 | L10: 12.97 | M10: 91.02 | N10: 108 | O10: 0 | P10: 1.13 | Q10: 8.21
A11: 14/01/2025 03:00 | B11: 13.01 | C11: 58.11 | D11: 39.42 | E11: 6.74 | F11: 2.13 | G11: 76.24 | H11: 43.34 | I11: Invalid | J11: 2.69 | K11: 355.09 | L11: 12.52 | M11: 94.88 | N11: 115.9 | O11: 0 | P11: 1 | Q11: 8.21
A12: 14/01/2025 04:00 | B12: 10.15 | C12: 57.6 | D12: 36.85 | E12: 6.59 | F12: 2.13 | G12: 76.24 | H12: 39.56 | I12: Invalid | J12: 1.88 | K12: 349.93 | L12: 12.17 | M12: 93.45 | N12: 104.8 | O12: 0 | P12: 0.91 | Q12: 8.21
A13: 14/01/2025 05:00 | B13: 8.37 | C13: 53.94 | D13: 33.52 | E13: 6.27 | F13: 2.13 | G13: 75.32 | H13: 40.15 | I13: Invalid | J13: 1.97 | K13: 351.4 | L13: 12.01 | M13: 93.37 | N13: 102.8 | O13: 0 | P13: 0.82 | Q13: 8.21
A14: 14/01/2025 06:00 | B14: 7.74 | C14: 50.22 | D14: 31.04 | E14: 6.11 | F14: 2.13 | G14: 75.43 | H14: 40.15 | I14: Invalid | J14: 2.13 | K14: 350.08 | L14: 11.59 | M14: 91.99 | N14: 104 | O14: 0 | P14: 0.74 | Q14: 8.21
A15: 14/01/2025 07:00 | B15: 8.94 | C15: 51.02 | D15: 32.44 | E15: 6.51 | F15: 2.13 | G15: 75.43 | H15: 37.15 | I15: Invalid | J15: 0.96 | K15: 90.57 | L15: 11.08 | M15: 96.04 | N15: 122.3 | O15: 0 | P15: 0.68 | Q15: 8.21
A16: 14/01/2025 08:00 | B16: 16.38 | C16: 54.62 | D16: 40.29 | E16: 6.5 | F16: 2.13 | G16: 80.27 | H16: 36.85 | I16: Invalid | J16: 1.33 | K16: 349.48 | L16: 12.22 | M16: 96.33 | N16: 193.2 | O16: 0 | P16: 0.7 | Q16: 8.21
A17: 14/01/2025 09:00 | B17: 24.18 | C17: 58.11 | D17: 48.37 | E17: 6.29 | F17: 2.13 | G17: 80.27 | H17: 36.97 | I17: Invalid | J17: 2.26 | K17: 356.77 | L17: 13.75 | M17: 87.43 | N17: 344.1 | O17: 0 | P17: 0.71 | Q17: 8.21
A18: 14/01/2025 10:00 | B18: 24.9 | C18: 57.54 | D18: 48.35 | E18: 6.03 | F18: 2.13 | G18: 78.4 | H18: 37.84 | I18: Invalid | J18: 2.13 | K18: 111.99 | L18: 15.95 | M18: 81.51 | N18: 402.6 | O18: 0 | P18: 0.71 | Q18: 8.21
A19: 14/01/2025 11:00 | B19: 23.5 | C19: 58.67 | D19: 47.53 | E19: 6.29 | F19: 2.13 | G19: 77.81 | H19: 37.84 | I19: Invalid | J19: 3.33 | K19: 114.14 | L19: 19.15 | M19: 74.44 | N19: 505 | O19: 0 | P19: 0.7 | Q19: 8.21
A20: 14/01/2025 12:00 | B20: 18.25 | C20: 61.05 | D20: 44.84 | E20: 6.53 | F20: 2.13 | G20: 80.56 | H20: 38 | I20: Invalid | J20: 3.18 | K20: 119.04 | L20: 19.04 | M20: 67.83 | N20: 534.3 | O20: 0 | P20: 0.7 | Q20: 8.21
... A32: 14/01/2025 24:00 | B32: 24.39 | C32: 71.49 | D32: 55.53 | E32: 7.5 | F32: 2.13 | G32: 119.65 | H32: 50.79 | I32: Invalid | J32: 1.49 | K32: 349.05 | L32: 14.98 | M32: 89.47 | N32: 76 | O32: 0 | P32: 1.32 | Q32: 8.21
A34: Min | B34: =MIN(B9:B32) -> 5.47 | C34: =MIN(C9:C32) -> 50.22 | D34: =MIN(D9:D32) -> 31.04 | E34: =MIN(E9:E32) -> 6.03 | F34: =MIN(F9:F32) -> 2.13 | G34: =MIN(G9:G32) -> 75.32 | H34: =MIN(H9:H32) -> 36.85 | I34: =MIN(I9:I32) -> 0 | ... Q34: =MIN(Q9:Q32) -> 8.21
A35: Max | B35: =MAX(B9:B32) -> 24.9 | C35: =MAX(C9:C32) -> 73.69 | D35: =MAX(D9:D32) -> 55.53 | E35: =MAX(E9:E32) -> 7.63 | F35: =MAX(F9:F32) -> 2.13 | G35: =MAX(G9:G32) -> 119.65 | H35: =MAX(H9:H32) -> 51.4 | I35: =MAX(I9:I32) -> 0 | ... Q35: =MAX(Q9:Q32) -> 8.21
A36: Avg | B36: =AVERAGE(B9:B32) -> 14.62375 | C36: =AVERAGE(C9:C32) -> 63.673333 | D36: =AVERAGE(D9:D32) -> 43.385 | E36: =AVERAGE(E9:E32) -> 6.6741667 | F36: =AVERAGE(F9:F32) -> 2.13 | G36: =AVERAGE(G9:G32) -> 88.1275 | H36: =AVERAGE(H9:H32) -> 41.215833 | I36: =AVERAGE(I9:I32) -> #DIV/0! | ... Q36: =AVERAGE(Q9:Q32) -> 8.21
A37: Stdev | B37: =STDEV(B9:B32) -> 6.5061936 | C37: =STDEV(C9:C32) -> 7.5513435 | D37: =STDEV(D9:D32) -> 6.8723036 | E37: =STDEV(E9:E32) -> 0.47776578 | F37: =STDEV(F9:F32) -> 4.5364061e-16 | G37: =STDEV(G9:G32) -> 15.397053 | H37: =STDEV(H9:H32) -> 4.8507587 | I37: =STDEV(I9:I32) -> #DIV/0! | ... Q37: =STDEV(Q9:Q32) -> 5.4436873e-15
A38: Num | B38: =COUNT(B9:B32) -> 24 | C38: =COUNT(C9:C32) -> 24 | D38: =COUNT(D9:D32) -> 24 | E38: =COUNT(E9:E32) -> 24 | F38: =COUNT(F9:F32) -> 24 | G38: =COUNT(G9:G32) -> 24 | H38: =COUNT(H9:H32) -> 24 | I38: =COUNT(I9:I32) -> 0 | ... Q38: =COUNT(Q9:Q32) -> 24
A39: DCR | B39: =IF(B38>=22,">90%",IF(B38<=22,"<90%")) -> >90% | C39: =IF(C38>=22,">90%",IF(C38<=22,"<90%")) -> >90% | D39: =IF(D38>=22,">90%",IF(D38<=22,"<90%")) -> >90% | E39: =IF(E38>=22,">90%",IF(E38<=22,"<90%")) -> >90% | F39: =IF(F38>=22,">90%",IF(F38<=22,"<90%")) -> >90% | G39: =IF(G38>=22,">90%",IF(G38<=22,"<90%")) -> >90% | H39: =IF(H38>=22,">90%",IF(H38<=22,"<90%")) -> >90% | I39: =IF(I38>=22,">90%",IF(I38<=22,"<90%")) -> <90% | ... Q39: =IF(Q38>=22,">90%",IF(Q38<=22,"<90%")) -> >90%
A40: Status | B40: =IF(B38>=22,"OK",IF(B38<=22,"LESS")) -> OK | C40: =IF(C38>=22,"OK",IF(C38<=22,"LESS")) -> OK | D40: =IF(D38>=22,"OK",IF(D38<=22,"LESS")) -> OK | E40: =IF(E38>=22,"OK",IF(E38<=22,"LESS")) -> OK | F40: =IF(F38>=22,"OK",IF(F38<=22,"LESS")) -> OK | G40: =IF(G38>=22,"OK",IF(G38<=22,"LESS")) -> OK | H40: =IF(H38>=22,"OK",IF(H38<=22,"LESS")) -> OK | I40: =IF(I38>=22,"OK",IF(I38<=22,"LESS")) -> LESS | ... Q40: =IF(Q38>=22,"OK",IF(Q38<=22,"LESS")) -> OK
A43: Done by | B43: RAHUL
A45: Comment

Sheet 15
A1: Station: | B1: BHATAGAON RAIPUR
A2: Date: | B2: =$A$9 -> 15/01/2025 01:00 | D2: Power Off | G2: Pw.Off | L2: Link Fail | N2: Link F | P2: Maintenance | R2: Maint.
A3: Report Type: | B3: Mean | D3: Calibration | G3: Calib. | L3: Data Fail | N3: Data F | P3: Invalid | R3: Invalid
A4: Time Base: | B4: 01 Hour | D4: Zero Referrence | G4: Z.Ref | L4: Warm Up | N4: Wm. Up
A7: Date & Time | B7: NO_BHATAGAON | C7: NO2__BHATAGAON | D7: NOX_BHATAGAON | E7: SO2__BHATAGAON | F7: O3__BHATAGAON | G7: PM10__BHATAGAON | H7: PM2_5__BHATAGAON | I7: BENZ__BHATAGAON | J7: WS__BHATAGAON | K7: WD__BHATAGAON | L7: TEMP__BHATAGAON | M7: HUM__BHATAGAON | N7: SR__BHATAGAON | O7: RG__BHATAGAON | P7: CO__BHATAGAON | Q7: NH3__BHATAGAON
B8: ug/m3 | C8: ug/m3 | D8: ppb | E8: ug/m3 | F8: ug/m3 | G8: mg/m3 | H8: ug/m3 | I8: ug/m3 | J8: m/sec | K8: deg | L8: degreC | M8: % | N8: w/m2 | O8: mm | P8: ug/m3 | Q8: ug/m3
A9: 15/01/2025 01:00 | B9: 20.01 | C9: 70.84 | D9: 51.68 | E9: 7.17 | F9: 2.13 | G9: 117.6 | H9: 50.23 | I9: Invalid | J9: 0.68 | K9: 341.01 | L9: 14.82 | M9: 82.44 | N9: 76.1 | O9: 0 | P9: 1.27 | Q9: 8.21
A10: 15/01/2025 02:00 | B10: 12.53 | C10: 66.03 | D10: 43.17 | E10: 6.45 | F10: 2.13 | G10: 105.37 | H10: 50.17 | I10: Invalid | J10: 1.39 | K10: 322.65 | L10: 14.58 | M10: 73.44 | N10: 76.8 | O10: 0 | P10: 1.07 | Q10: 8.21
A11: 15/01/2025 03:00 | B11: 8.21 | C11: 57.36 | D11: 35.18 | E11: 5.79 | F11: 2.13 | G11: 89.85 | H11: 43.79 | I11: Invalid | J11: 1.51 | K11: 336.1 | L11: 14.11 | M11: 74.09 | N11: 75.5 | O11: 0 | P11: 0.97 | Q11: 8.21
A12: 15/01/2025 04:00 | B12: 7.48 | C12: 54.34 | D12: 33.01 | E12: 5.95 | F12: 2.13 | G12: 76.73 | H12: 41.45 | I12: Invalid | J12: 2.53 | K12: 352.28 | L12: 13.52 | M12: 79.08 | N12: 75.7 | O12: 0 | P12: 0.88 | Q12: 8.21
A13: 15/01/2025 05:00 | B13: 7.56 | C13: 54.91 | D13: 33.37 | E13: 6.24 | F13: 2.13 | G13: 80.42 | H13: 38.57 | I13: Invalid | J13: 2.34 | K13: 353.47 | L13: 12.98 | M13: 83.08 | N13: 75.9 | O13: 0 | P13: 0.81 | Q13: 8.21
A14: 15/01/2025 06:00 | B14: 11.21 | C14: 56.8 | D14: 37.29 | E14: 6.7 | F14: 2.13 | G14: 95.7 | H14: 41.1 | I14: Invalid | J14: 1.93 | K14: 355.47 | L14: 12.44 | M14: 86.48 | N14: 76.4 | O14: 0 | P14: 0.82 | Q14: 8.21
A15: 15/01/2025 07:00 | B15: 18.59 | C15: 56.17 | D15: 42.88 | E15: 6.77 | F15: 2.13 | G15: 108.2 | H15: 44.09 | I15: Invalid | J15: 2.11 | K15: 349.99 | L15: 12.24 | M15: 88.5 | N15: 86.5 | O15: 0 | P15: 0.88 | Q15: 8.21
A16: 15/01/2025 08:00 | B16: 25.21 | C16: 57.3 | D16: 48.77 | E16: 7.71 | F16: 2.13 | G16: 125.32 | H16: 47.24 | I16: Invalid | J16: 2.19 | K16: 355.04 | L16: 13.29 | M16: 88.57 | N16: 178.2 | O16: 0 | P16: 0.96 | Q16: 8.21
A17: 15/01/2025 09:00 | B17: 25.09 | C17: 58.83 | D17: 49.14 | E17: 7.43 | F17: 2.13 | G17: 125.32 | H17: 47.24 | I17: Invalid | J17: 2.28 | K17: 116.95 | L17: 16.64 | M17: 75.35 | N17: 336.8 | O17: 0 | P17: 0.98 | Q17: 8.21
A18: 15/01/2025 10:00 | B18: 22.95 | C18: 60.83 | D18: 48.11 | E18: 7.07 | F18: 2.13 | G18: 105.84 | H18: 44.55 | I18: Invalid | J18: 3.26 | K18: 123.97 | L18: 18.47 | M18: 64.38 | N18: 461.4 | O18: 0 | P18: 0.96 | Q18: 8.21
A19: 15/01/2025 11:00 | B19: 17.82 | C19: 59.91 | D19: 44.22 | E19: 6.62 | F19: 2.13 | G19: 100.15 | H19: 40.87 | I19: Invalid | J19: 2.76 | K19: 120.32 | L19: 19.9 | M19: 58.07 | N19: 495 | O19: 0 | P19: 0.91 | Q19: 8.21
A20: 15/01/2025 12:00 | B20: 11.86 | C20: 58.9 | D20: 38.9 | E20: 6.68 | F20: 2.13 | G20: 95.07 | H20: 40.16 | I20: Invalid | J20: 3.19 | K20: 120.33 | L20: 22.08 | M20: 50.32 | N20: 578.2 | O20: 0 | P20: 0.85 | Q20: 8.21
... A32: 15/01/2025 24:00 | B32: 119.56 | C32: 72.11 | D32: 132.17 | E32: 8.72 | F32: 2.13 | G32: 148.52 | H32: 45.33 | I32: Invalid | J32: 1.86 | K32: 307.19 | L32: 14.42 | M32: 79.93 | N32: 59.8 | O32: 0 | P32: 2.17 | Q32: 9.82
A34: Min | B34: =MIN(B9:B32) -> 4.1 | C34: =MIN(C9:C32) -> 54.34 | D34: =MIN(D9:D32) -> 31.56 | E34: =MIN(E9:E32) -> 5.79 | F34: =MIN(F9:F32) -> 2.13 | G34: =MIN(G9:G32) -> 60.65 | H34: =MIN(H9:H32) -> 27.71 | I34: =MIN(I9:I32) -> 0 | ... Q34: =MIN(Q9:Q32) -> 8.21
A35: Max | B35: =MAX(B9:B32) -> 119.56 | C35: =MAX(C9:C32) -> 75.2 | D35: =MAX(D9:D32) -> 132.17 | E35: =MAX(E9:E32) -> 8.89 | F35: =MAX(F9:F32) -> 2.13 | G35: =MAX(G9:G32) -> 151.17 | H35: =MAX(H9:H32) -> 50.23 | I35: =MAX(I9:I32) -> 0 | ... Q35: =MAX(Q9:Q32) -> 9.82
A36: Avg | B36: =AVERAGE(B9:B32) -> 29.818333 | C36: =AVERAGE(C9:C32) -> 62.987083 | D36: =AVERAGE(D9:D32) -> 55.24875 | E36: =AVERAGE(E9:E32) -> 6.9329167 | F36: =AVERAGE(F9:F32) -> 2.13 | G36: =AVERAGE(G9:G32) -> 100.59292 | H36: =AVERAGE(H9:H32) -> 39.587917 | I36: =AVERAGE(I9:I32) -> #DIV/0! | ... Q36: =AVERAGE(Q9:Q32) -> 8.4354167
A37: Stdev | B37: =STDEV(B9:B32) -> 36.201755 | C37: =STDEV(C9:C32) -> 6.7260755 | D37: =STDEV(D9:D32) -> 31.644968 | E37: =STDEV(E9:E32) -> 0.88062468 | F37: =STDEV(F9:F32) -> 4.5364061e-16 | G37: =STDEV(G9:G32) -> 27.697807 | H37: =STDEV(H9:H32) -> 6.558783 | I37: =STDEV(I9:I32) -> #DIV/0! | ... Q37: =STDEV(Q9:Q32) -> 0.53862126
A38: Num | B38: =COUNT(B9:B32) -> 24 | C38: =COUNT(C9:C32) -> 24 | D38: =COUNT(D9:D32) -> 24 | E38: =COUNT(E9:E32) -> 24 | F38: =COUNT(F9:F32) -> 24 | G38: =COUNT(G9:G32) -> 24 | H38: =COUNT(H9:H32) -> 24 | I38: =COUNT(I9:I32) -> 0 | ... Q38: =COUNT(Q9:Q32) -> 24
A39: DCR | B39: =IF(B38>=22,">90%",IF(B38<=22,"<90%")) -> >90% | C39: =IF(C38>=22,">90%",IF(C38<=22,"<90%")) -> >90% | D39: =IF(D38>=22,">90%",IF(D38<=22,"<90%")) -> >90% | E39: =IF(E38>=22,">90%",IF(E38<=22,"<90%")) -> >90% | F39: =IF(F38>=22,">90%",IF(F38<=22,"<90%")) -> >90% | G39: =IF(G38>=22,">90%",IF(G38<=22,"<90%")) -> >90% | H39: =IF(H38>=22,">90%",IF(H38<=22,"<90%")) -> >90% | I39: =IF(I38>=22,">90%",IF(I38<=22,"<90%")) -> <90% | ... Q39: =IF(Q38>=22,">90%",IF(Q38<=22,"<90%")) -> >90%
A40: Status | B40: =IF(B38>=22,"OK",IF(B38<=22,"LESS")) -> OK | C40: =IF(C38>=22,"OK",IF(C38<=22,"LESS")) -> OK | D40: =IF(D38>=22,"OK",IF(D38<=22,"LESS")) -> OK | E40: =IF(E38>=22,"OK",IF(E38<=22,"LESS")) -> OK | F40: =IF(F38>=22,"OK",IF(F38<=22,"LESS")) -> OK | G40: =IF(G38>=22,"OK",IF(G38<=22,"LESS")) -> OK | H40: =IF(H38>=22,"OK",IF(H38<=22,"LESS")) -> OK | I40: =IF(I38>=22,"OK",IF(I38<=22,"LESS")) -> LESS | ... Q40: =IF(Q38>=22,"OK",IF(Q38<=22,"LESS")) -> OK
A43: Done by | B43: RAHUL
A45: Comment

Sheet 16
A1: Station: | B1: BHATAGAON RAIPUR
A2: Date: | B2: =$A$9 -> 16/01/2025 01:00 | D2: Power Off | G2: Pw.Off | L2: Link Fail | N2: Link F | P2: Maintenance | R2: Maint.
A3: Report Type: | B3: Mean | D3: Calibration | G3: Calib. | L3: Data Fail | N3: Data F | P3: Invalid | R3: Invalid
A4: Time Base: | B4: 01 Hour | D4: Zero Referrence | G4: Z.Ref | L4: Warm Up | N4: Wm. Up
A7: Date & Time | B7: NO_BHATAGAON | C7: NO2__BHATAGAON | D7: NOX_BHATAGAON | E7: SO2__BHATAGAON | F7: O3__BHATAGAON | G7: PM10__BHATAGAON | H7: PM2_5__BHATAGAON | I7: BENZ__BHATAGAON | J7: WS__BHATAGAON | K7: WD__BHATAGAON | L7: TEMP__BHATAGAON | M7: HUM__BHATAGAON | N7: SR__BHATAGAON | O7: RG__BHATAGAON | P7: CO__BHATAGAON | Q7: NH3__BHATAGAON
B8: ug/m3 | C8: ug/m3 | D8: ppb | E8: ug/m3 | F8: ug/m3 | G8: mg/m3 | H8: ug/m3 | I8: ug/m3 | J8: m/sec | K8: deg | L8: degreC | M8: % | N8: w/m2 | O8: mm | P8: ug/m3 | Q8: ug/m3
A9: 16/01/2025 01:00 | B9: 116.4 | C9: 69.39 | D9: 128.22 | E9: 8.28 | F9: 2.13 | G9: 144.56 | H9: 48.94 | I9: Invalid | J9: 1.84 | K9: 333.9 | L9: 14.38 | M9: 83.13 | N9: 59.4 | O9: 0 | P9: 2.16 | Q9: 9.84
A10: 16/01/2025 02:00 | B10: 108.54 | C10: 67.15 | D10: 120.75 | E10: 9.14 | F10: 2.13 | G10: 162.92 | H10: 52.95 | I10: Invalid | J10: 1.86 | K10: 301.48 | L10: 14.19 | M10: 88.28 | N10: 59.5 | O10: 0 | P10: 1.99 | Q10: 9.75
A11: 16/01/2025 03:00 | B11: 98.37 | C11: 64.08 | D11: 110.99 | E11: 9 | F11: 2.13 | G11: 183.42 | H11: 61.97 | I11: Invalid | J11: 1.83 | K11: 330.7 | L11: 13.38 | M11: 93.15 | N11: 59.4 | O11: 0 | P11: 1.99 | Q11: 9.67
A12: 16/01/2025 04:00 | B12: 93.45 | C12: 57 | D12: 103.35 | E12: 8.88 | F12: 2.13 | G12: 183.42 | H12: 64.67 | I12: Invalid | J12: 1.86 | K12: 347.13 | L12: 12.92 | M12: 92.7 | N12: 59.3 | O12: 0 | P12: 1.99 | Q12: 9.66
A13: 16/01/2025 05:00 | B13: 88.55 | C13: 55.92 | D13: 98.85 | E13: 8.43 | F13: 2.13 | G13: 180.02 | H13: 64.67 | I13: Invalid | J13: 1.85 | K13: 338.4 | L13: 12.71 | M13: 91.66 | N13: 59.3 | O13: 0 | P13: 1.91 | Q13: 9.62
A14: 16/01/2025 06:00 | B14: 92.16 | C14: 57.03 | D14: 102.12 | E14: 7.87 | F14: 2.13 | G14: 166.49 | H14: 61.88 | I14: Invalid | J14: 1.84 | K14: 341.06 | L14: 13.15 | M14: 93.28 | N14: 59.5 | O14: 0 | P14: 1.81 | Q14: 9.64
A15: 16/01/2025 07:00 | B15: 88.99 | C15: 58.09 | D15: 100.13 | E15: 7.36 | F15: 2.13 | G15: 160.22 | H15: 54.97 | I15: Invalid | J15: 1.36 | K15: 335.44 | L15: 13.27 | M15: 83.38 | N15: 72.9 | O15: 0 | P15: 1.67 | Q15: 9.65
A16: 16/01/2025 08:00 | B16: 73.94 | C16: 57.46 | D16: 86.83 | E16: 7.02 | F16: 2.13 | G16: 140.86 | H16: 53.15 | I16: Invalid | J16: 2.74 | K16: 119.33 | L16: 14.7 | M16: 79.87 | N16: 215.4 | O16: 0 | P16: 1.53 | Q16: 9.24
A17: 16/01/2025 09:00 | B17: 60.81 | C17: 59.48 | D17: 77.64 | E17: 7.73 | F17: 2.13 | G17: 121.31 | H17: 50.39 | I17: Invalid | J17: 3.11 | K17: 120.28 | L17: 17.2 | M17: 68.8 | N17: 302.1 | O17: 0 | P17: 1.42 | Q17: 8.54
A18: 16/01/2025 10:00 | B18: 46.1 | C18: 65.92 | D18: 67.79 | E18: 7.58 | F18: 2.13 | G18: 106.21 | H18: 47.5 | I18: Invalid | J18: 2.44 | K18: 121.56 | L18: 19.18 | M18: 60.5 | N18: 400.5 | O18: 0 | P18: 1.25 | Q18: 8.21
A19: 16/01/2025 11:00 | B19: 31.14 | C19: 70.89 | D19: 58.74 | E19: 7.47 | F19: 2.13 | G19: 94.56 | H19: 41.72 | I19: Invalid | J19: 2.03 | K19: 248.58 | L19: 24.14 | M19: 51.82 | N19: 587.7 | O19: 0 | P19: 1.12 | Q19: 8.21
A20: 16/01/2025 12:00 | B20: 19.43 | C20: 72.19 | D20: 51.64 | E20: 7.33 | F20: 2.13 | G20: 90.29 | H20: 40.13 | I20: Invalid | J20: 2.37 | K20: 340.4 | L20: 27.61 | M20: 41.14 | N20: 650.5 | O20: 0 | P20: 0.99 | Q20: 8.21
... A32: 16/01/2025 24:00 | B32: 20.74 | C32: 70.06 | D32: 51.86 | E32: 6.68 | F32: 2.13 | G32: 129.28 | H32: 38.83 | I32: Invalid | J32: 1.99 | K32: 344.75 | L32: 16.57 | M32: 56.14 | N32: 70.5 | O32: 0 | P32: 1.14 | Q32: 8.21
A34: Min | B34: =MIN(B9:B32) -> 2.65 | C34: =MIN(C9:C32) -> 55.92 | D34: =MIN(D9:D32) -> 36.89 | E34: =MIN(E9:E32) -> 5.36 | F34: =MIN(F9:F32) -> 2.13 | G34: =MIN(G9:G32) -> 80.28 | H34: =MIN(H9:H32) -> 35.04 | I34: =MIN(I9:I32) -> 0 | ... Q34: =MIN(Q9:Q32) -> 8.21
A35: Max | B35: =MAX(B9:B32) -> 116.4 | C35: =MAX(C9:C32) -> 97.43 | D35: =MAX(D9:D32) -> 128.22 | E35: =MAX(E9:E32) -> 12.54 | F35: =MAX(F9:F32) -> 22.22 | G35: =MAX(G9:G32) -> 183.42 | H35: =MAX(H9:H32) -> 64.67 | I35: =MAX(I9:I32) -> 0 | ... Q35: =MAX(Q9:Q32) -> 9.84
A36: Avg | B36: =AVERAGE(B9:B32) -> 43.465 | C36: =AVERAGE(C9:C32) -> 70.582083 | D36: =AVERAGE(D9:D32) -> 69.72375 | E36: =AVERAGE(E9:E32) -> 7.93625 | F36: =AVERAGE(F9:F32) -> 3.6208333 | G36: =AVERAGE(G9:G32) -> 123.16958 | H36: =AVERAGE(H9:H32) -> 45.3675 | I36: =AVERAGE(I9:I32) -> #DIV/0! | ... Q36: =AVERAGE(Q9:Q32) -> 8.6983333
A37: Stdev | B37: =STDEV(B9:B32) -> 40.158213 | C37: =STDEV(C9:C32) -> 10.539092 | D37: =STDEV(D9:D32) -> 28.656924 | E37: =STDEV(E9:E32) -> 1.8261621 | F37: =STDEV(F9:F32) -> 4.2966842 | G37: =STDEV(G9:G32) -> 34.958126 | H37: =STDEV(H9:H32) -> 10.263696 | I37: =STDEV(I9:I32) -> #DIV/0! | ... Q37: =STDEV(Q9:Q32) -> 0.68574724
A38: Num | B38: =COUNT(B9:B32) -> 24 | C38: =COUNT(C9:C32) -> 24 | D38: =COUNT(D9:D32) -> 24 | E38: =COUNT(E9:E32) -> 24 | F38: =COUNT(F9:F32) -> 24 | G38: =COUNT(G9:G32) -> 24 | H38: =COUNT(H9:H32) -> 24 | I38: =COUNT(I9:I32) -> 0 | ... Q38: =COUNT(Q9:Q32) -> 24
A39: DCR | B39: =IF(B38>=22,">90%",IF(B38<=22,"<90%")) -> >90% | C39: =IF(C38>=22,">90%",IF(C38<=22,"<90%")) -> >90% | D39: =IF(D38>=22,">90%",IF(D38<=22,"<90%")) -> >90% | E39: =IF(E38>=22,">90%",IF(E38<=22,"<90%")) -> >90% | F39: =IF(F38>=22,">90%",IF(F38<=22,"<90%")) -> >90% | G39: =IF(G38>=22,">90%",IF(G38<=22,"<90%")) -> >90% | H39: =IF(H38>=22,">90%",IF(H38<=22,"<90%")) -> >90% | I39: =IF(I38>=22,">90%",IF(I38<=22,"<90%")) -> <90% | ... Q39: =IF(Q38>=22,">90%",IF(Q38<=22,"<90%")) -> >90%
A40: Status | B40: =IF(B38>=22,"OK",IF(B38<=22,"LESS")) -> OK | C40: =IF(C38>=22,"OK",IF(C38<=22,"LESS")) -> OK | D40: =IF(D38>=22,"OK",IF(D38<=22,"LESS")) -> OK | E40: =IF(E38>=22,"OK",IF(E38<=22,"LESS")) -> OK | F40: =IF(F38>=22,"OK",IF(F38<=22,"LESS")) -> OK | G40: =IF(G38>=22,"OK",IF(G38<=22,"LESS")) -> OK | H40: =IF(H38>=22,"OK",IF(H38<=22,"LESS")) -> OK | I40: =IF(I38>=22,"OK",IF(I38<=22,"LESS")) -> LESS | ... Q40: =IF(Q38>=22,"OK",IF(Q38<=22,"LESS")) -> OK
A43: Done by | B43: RAHUL
A45: Comment

Sheet 17
A1: Station: | B1: BHATAGAON RAIPUR
A2: Date: | B2: =$A$9 -> 17/01/2025 01:00 | D2: Power Off | G2: Pw.Off | L2: Link Fail | N2: Link F | P2: Maintenance | R2: Maint.
A3: Report Type: | B3: Mean | D3: Calibration | G3: Calib. | L3: Data Fail | N3: Data F | P3: Invalid | R3: Invalid
A4: Time Base: | B4: 01 Hour | D4: Zero Referrence | G4: Z.Ref | L4: Warm Up | N4: Wm. Up
A7: Date & Time | B7: NO_BHATAGAON | C7: NO2__BHATAGAON | D7: NOX_BHATAGAON | E7: SO2__BHATAGAON | F7: O3__BHATAGAON | G7: PM10__BHATAGAON | H7: PM2_5__BHATAGAON | I7: BENZ__BHATAGAON | J7: WS__BHATAGAON | K7: WD__BHATAGAON | L7: TEMP__BHATAGAON | M7: HUM__BHATAGAON | N7: SR__BHATAGAON | O7: RG__BHATAGAON | P7: CO__BHATAGAON | Q7: NH3__BHATAGAON
B8: ug/m3 | C8: ug/m3 | D8: ppb | E8: ug/m3 | F8: ug/m3 | G8: mg/m3 | H8: ug/m3 | I8: ug/m3 | J8: m/sec | K8: deg | L8: degreC | M8: % | N8: w/m2 | O8: mm | P8: ug/m3 | Q8: ug/m3
A9: 17/01/2025 01:00 | B9: 17.91 | C9: 61.88 | D9: 45.31 | E9: 6.77 | F9: 2.13 | G9: 97.15 | H9: 36.25 | I9: Invalid | J9: 1.21 | K9: 348.69 | L9: 16.04 | M9: 53.89 | N9: 70.5 | O9: 0 | P9: 0.98 | Q9: 8.21
A10: 17/01/2025 02:00 | B10: 14.75 | C10: 57.79 | D10: 40.64 | E10: 6.55 | F10: 2.13 | G10: 66.7 | H10: 33.87 | I10: Invalid | J10: 1.34 | K10: 346.26 | L10: 15.57 | M10: 53.55 | N10: 70.4 | O10: 0 | P10: 0.84 | Q10: 8.21
A11: 17/01/2025 03:00 | B11: 11.26 | C11: 55.04 | D11: 36.41 | E11: 5.87 | F11: 2.13 | G11: 55.35 | H11: 27.12 | I11: Invalid | J11: 0.73 | K11: 30.51 | L11: 15.05 | M11: 55.05 | N11: 70.3 | O11: 0 | P11: 0.79 | Q11: 8.21
A12: 17/01/2025 04:00 | B12: 8.6 | C12: 51.36 | D12: 32.36 | E12: 5.79 | F12: 2.13 | G12: 44.99 | H12: 24.15 | I12: Invalid | J12: 1.91 | K12: 345.61 | L12: 14.69 | M12: 56.94 | N12: 70.3 | O12: 0 | P12: 0.7 | Q12: 8.21
A13: 17/01/2025 05:00 | B13: 8.91 | C13: 49.02 | D13: 31.33 | E13: 5.89 | F13: 2.13 | G13: 44.99 | H13: 20.87 | I13: Invalid | J13: 2.16 | K13: 354.16 | L13: 14.26 | M13: 59.35 | N13: 70.4 | O13: 0 | P13: 0.62 | Q13: 8.21
A14: 17/01/2025 06:00 | B14: 10.13 | C14: 48.43 | D14: 31.6 | E14: 6.08 | F14: 2.13 | G14: 38.37 | H14: 20.15 | I14: Invalid | J14: 2.29 | K14: 353.47 | L14: 13.77 | M14: 58.82 | N14: 70.2 | O14: 0 | P14: 0.57 | Q14: 8.21
A15: 17/01/2025 07:00 | B15: 14.23 | C15: 50.85 | D15: 36.61 | E15: 6.67 | F15: 2.13 | G15: 41.46 | H15: 20.8 | I15: Invalid | J15: 2.17 | K15: 350.71 | L15: 13.37 | M15: 56.54 | N15: 83.5 | O15: 0 | P15: 0.55 | Q15: 8.21
A16: 17/01/2025 08:00 | B16: 20.02 | C16: 53.07 | D16: 42.41 | E16: 6.71 | F16: 2.13 | G16: 56.29 | H16: 20.8 | I16: Invalid | J16: 2.33 | K16: 355.81 | L16: 14.14 | M16: 50.32 | N16: 133.7 | O16: 0 | P16: 0.64 | Q16: 8.21
A17: 17/01/2025 09:00 | B17: 24.31 | C17: 54.44 | D17: 46.56 | E17: 6.21 | F17: 2.13 | G17: 56.29 | H17: 22.46 | I17: Invalid | J17: 2.65 | K17: 359.39 | L17: 15.99 | M17: 43.24 | N17: 235.2 | O17: 0 | P17: 0.66 | Q17: 8.21
A18: 17/01/2025 10:00 | B18: 28.68 | C18: 55.63 | D18: 50.69 | E18: 6.1 | F18: 2.13 | G18: 51.9 | H18: 22.46 | I18: Invalid | J18: 1.63 | K18: 347.35 | L18: 21.8 | M18: 36.4 | N18: 537 | O18: 0 | P18: 0.65 | Q18: 8.21
A19: 17/01/2025 11:00 | B19: 30.46 | C19: 58.28 | D19: 53.27 | E19: 6.26 | F19: 2.13 | G19: 56.8 | H19: 22.13 | I19: Invalid | J19: 2.45 | K19: 350.64 | L19: 24.03 | M19: 34.64 | N19: 596.3 | O19: 0 | P19: 0.66 | Q19: 8.21
A20: 17/01/2025 12:00 | B20: 29.8 | C20: 64.21 | D20: 55.89 | E20: 6.86 | F20: 2.13 | G20: 66.85 | H20: 22.13 | I20: Invalid | J20: 3.3 | K20: 356.16 | L20: 26.3 | M20: 29.45 | N20: 603.6 | O20: 0 | P20: 0.68 | Q20: 8.21
... A32: 17/01/2025 24:00 | B32: 50.48 | C32: 60.03 | D32: 70.47 | E32: 7.76 | F32: 2.13 | G32: 84.71 | H32: 30.33 | I32: Invalid | J32: 2.31 | K32: 351.76 | L32: 14.87 | M32: 51.01 | N32: 75.4 | O32: 0 | P32: 1.11 | Q32: 9.68
A34: Min | B34: =MIN(B9:B32) -> 8.6 | C34: =MIN(C9:C32) -> 48.43 | D34: =MIN(D9:D32) -> 31.33 | E34: =MIN(E9:E32) -> 5.68 | F34: =MIN(F9:F32) -> 2.13 | G34: =MIN(G9:G32) -> 38.37 | H34: =MIN(H9:H32) -> 20.15 | I34: =MIN(I9:I32) -> 0 | ... Q34: =MIN(Q9:Q32) -> 8.21
A35: Max | B35: =MAX(B9:B32) -> 50.48 | C35: =MAX(C9:C32) -> 73.54 | D35: =MAX(D9:D32) -> 70.47 | E35: =MAX(E9:E32) -> 8.13 | F35: =MAX(F9:F32) -> 2.14 | G35: =MAX(G9:G32) -> 109.39 | H35: =MAX(H9:H32) -> 36.25 | I35: =MAX(I9:I32) -> 0 | ... Q35: =MAX(Q9:Q32) -> 9.68
A36: Avg | B36: =AVERAGE(B9:B32) -> 23.8875 | C36: =AVERAGE(C9:C32) -> 62.204167 | D36: =AVERAGE(D9:D32) -> 49.869583 | E36: =AVERAGE(E9:E32) -> 6.6604167 | F36: =AVERAGE(F9:F32) -> 2.1304167 | G36: =AVERAGE(G9:G32) -> 70.036667 | H36: =AVERAGE(H9:H32) -> 27.0925 | I36: =AVERAGE(I9:I32) -> #DIV/0! | ... Q36: =AVERAGE(Q9:Q32) -> 8.4995833
A37: Stdev | B37: =STDEV(B9:B32) -> 12.971817 | C37: =STDEV(C9:C32) -> 8.6812241 | D37: =STDEV(D9:D32) -> 12.006497 | E37: =STDEV(E9:E32) -> 0.6856446 | F37: =STDEV(F9:F32) -> 0.0020412415 | G37: =STDEV(G9:G32) -> 20.993099 | H37: =STDEV(H9:H32) -> 5.0769824 | I37: =STDEV(I9:I32) -> #DIV/0! | ... Q37: =STDEV(Q9:Q32) -> 0.53337709
A38: Num | B38: =COUNT(B9:B32) -> 24 | C38: =COUNT(C9:C32) -> 24 | D38: =COUNT(D9:D32) -> 24 | E38: =COUNT(E9:E32) -> 24 | F38: =COUNT(F9:F32) -> 24 | G38: =COUNT(G9:G32) -> 24 | H38: =COUNT(H9:H32) -> 24 | I38: =COUNT(I9:I32) -> 0 | ... Q38: =COUNT(Q9:Q32) -> 24
A39: DCR | B39: =IF(B38>=22,">90%",IF(B38<=22,"<90%")) -> >90% | C39: =IF(C38>=22,">90%",IF(C38<=22,"<90%")) -> >90% | D39: =IF(D38>=22,">90%",IF(D38<=22,"<90%")) -> >90% | E39: =IF(E38>=22,">90%",IF(E38<=22,"<90%")) -> >90% | F39: =IF(F38>=22,">90%",IF(F38<=22,"<90%")) -> >90% | G39: =IF(G38>=22,">90%",IF(G38<=22,"<90%")) -> >90% | H39: =IF(H38>=22,">90%",IF(H38<=22,"<90%")) -> >90% | I39: =IF(I38>=22,">90%",IF(I38<=22,"<90%")) -> <90% | ... Q39: =IF(Q38>=22,">90%",IF(Q38<=22,"<90%")) -> >90%
A40: Status | B40: =IF(B38>=22,"OK",IF(B38<=22,"LESS")) -> OK | C40: =IF(C38>=22,"OK",IF(C38<=22,"LESS")) -> OK | D40: =IF(D38>=22,"OK",IF(D38<=22,"LESS")) -> OK | E40: =IF(E38>=22,"OK",IF(E38<=22,"LESS")) -> OK | F40: =IF(F38>=22,"OK",IF(F38<=22,"LESS")) -> OK | G40: =IF(G38>=22,"OK",IF(G38<=22,"LESS")) -> OK | H40: =IF(H38>=22,"OK",IF(H38<=22,"LESS")) -> OK | I40: =IF(I38>=22,"OK",IF(I38<=22,"LESS")) -> LESS | ... Q40: =IF(Q38>=22,"OK",IF(Q38<=22,"LESS")) -> OK
A43: Done by | B43: RAHUL
A45: Comment

Sheet 18
A1: Station: | B1: BHATAGAON RAIPUR
A2: Date: | B2: =$A$9 -> 18/01/2025 01:00 | D2: Power Off | G2: Pw.Off | L2: Link Fail | N2: Link F | P2: Maintenance | R2: Maint.
A3: Report Type: | B3: Mean | D3: Calibration | G3: Calib. | L3: Data Fail | N3: Data F | P3: Invalid | R3: Invalid
A4: Time Base: | B4: 01 Hour | D4: Zero Referrence | G4: Z.Ref | L4: Warm Up | N4: Wm. Up
A7: Date & Time | B7: NO_BHATAGAON | C7: NO2__BHATAGAON | D7: NOX_BHATAGAON | E7: SO2__BHATAGAON | F7: O3__BHATAGAON | G7: PM10__BHATAGAON | H7: PM2_5__BHATAGAON | I7: BENZ__BHATAGAON | J7: WS__BHATAGAON | K7: WD__BHATAGAON | L7: TEMP__BHATAGAON | M7: HUM__BHATAGAON | N7: SR__BHATAGAON | O7: RG__BHATAGAON | P7: CO__BHATAGAON | Q7: NH3__BHATAGAON
B8: ug/m3 | C8: ug/m3 | D8: ppb | E8: ug/m3 | F8: ug/m3 | G8: mg/m3 | H8: ug/m3 | I8: ug/m3 | J8: m/sec | K8: deg | L8: degreC | M8: % | N8: w/m2 | O8: mm | P8: ug/m3 | Q8: ug/m3
A9: 18/01/2025 01:00 | B9: 47.99 | C9: 59.3 | D9: 68.09 | E9: 7.7 | F9: 2.13 | G9: 84.54 | H9: 28.07 | I9: Invalid | J9: 1.9 | K9: 358.07 | L9: 14.26 | M9: 53.93 | N9: 75.6 | O9: 0 | P9: 1.06 | Q9: 9.37
A10: 18/01/2025 02:00 | B10: 44.34 | C10: 55.9 | D10: 63.38 | E10: 6.5 | F10: 2.13 | G10: 84.54 | H10: 27.3 | I10: Invalid | J10: 2.08 | K10: 347.7 | L10: 13.88 | M10: 55.87 | N10: 75.6 | O10: 0 | P10: 0.9 | Q10: 8.93
A11: 18/01/2025 03:00 | B11: 37.78 | C11: 54.01 | D11: 57.14 | E11: 6.71 | F11: 2.13 | G11: 72.87 | H11: 27.1 | I11: Invalid | J11: 1.59 | K11: 349.55 | L11: 13.33 | M11: 57.48 | N11: 76.1 | O11: 0 | P11: 0.82 | Q11: 8.5
A12: 18/01/2025 04:00 | B12: 32.43 | C12: 52.81 | D12: 52.22 | E12: 7.14 | F12: 2.13 | G12: 68.38 | H12: 26.45 | I12: Invalid | J12: 2.09 | K12: 348.86 | L12: 12.67 | M12: 60.42 | N12: 76.6 | O12: 0 | P12: 0.77 | Q12: 8.21
A13: 18/01/2025 05:00 | B13: 28.45 | C13: 52.19 | D13: 48.71 | E13: 6.22 | F13: 2.13 | G13: 64.5 | H13: 23.32 | I13: Invalid | J13: 1.03 | K13: 342.04 | L13: 12 | M13: 63.32 | N13: 76.7 | O13: 0 | P13: 0.71 | Q13: 8.21
A14: 18/01/2025 06:00 | B14: 30 | C14: 50.51 | D14: 48.99 | E14: 5.89 | F14: 2.13 | G14: 61.19 | H14: 23.08 | I14: Invalid | J14: 2.14 | K14: 356.52 | L14: 11.4 | M14: 67.15 | N14: 76.9 | O14: 0 | P14: 0.67 | Q14: 8.21
A15: 18/01/2025 07:00 | B15: 32.67 | C15: 50.26 | D15: 50.99 | E15: 6.11 | F15: 2.13 | G15: 59.43 | H15: 23.73 | I15: Invalid | J15: 1.99 | K15: 358.16 | L15: 11.21 | M15: 65.85 | N15: 87.7 | O15: 0 | P15: 0.65 | Q15: 8.21
A16: 18/01/2025 08:00 | B16: 37.58 | C16: 51.43 | D16: 55.63 | E16: 6.25 | F16: 2.13 | G16: 63.42 | H16: 23.73 | I16: Invalid | J16: 2.77 | K16: 356.3 | L16: 13.59 | M16: 63.6 | N16: 210.8 | O16: 0 | P16: 0.67 | Q16: 8.21
A17: 18/01/2025 09:00 | B17: 39.8 | C17: 54.11 | D17: 58.81 | E17: 7.45 | F17: 2.13 | G17: 75.97 | H17: 26.64 | I17: Invalid | J17: 2.27 | K17: 349.47 | L17: 18.68 | M17: 47.19 | N17: 399.3 | O17: 0 | P17: 0.71 | Q17: 8.21
A18: 18/01/2025 10:00 | B18: 42.53 | C18: 57.04 | D18: 62.53 | E18: 6.95 | F18: 2.13 | G18: 87.39 | H18: 27.13 | I18: Invalid | J18: 1.87 | K18: 354.2 | L18: 20.39 | M18: 43.09 | N18: 539.5 | O18: 0 | P18: 0.73 | Q18: 8.21
A19: 18/01/2025 11:00 | B19: 42.53 | C19: 61.49 | D19: 63.43 | E19: 7.15 | F19: 2.13 | G19: 87.39 | H19: 30.1 | I19: Invalid | J19: 1.78 | K19: 356.32 | L19: 23.91 | M19: 37.9 | N19: 608.3 | O19: 0 | P19: 0.76 | Q19: 8.21
A20: 18/01/2025 12:00 | B20: 38.96 | C20: 66.78 | D20: 62.86 | E20: 7.53 | F20: 2.13 | G20: 84.44 | H20: 30.1 | I20: Invalid | J20: 1.4 | K20: 352.98 | L20: 25.11 | M20: 33.21 | N20: 629 | O20: 0 | P20: 0.77 | Q20: 8.21
... A32: 18/01/2025 24:00 | B32: 90.96 | C32: 73.74 | D32: 110.04 | E32: 8.68 | F32: 2.13 | G32: 136.32 | H32: 44.3 | I32: Invalid | J32: 1.73 | K32: 311.96 | L32: 12.93 | M32: 82.57 | N32: 67.6 | O32: 0 | P32: 1.72 | Q32: 9.73
A34: Min | B34: =MIN(B9:B32) -> 12.91 | C34: =MIN(C9:C32) -> 50.26 | D34: =MIN(D9:D32) -> 47.07 | E34: =MIN(E9:E32) -> 5.89 | F34: =MIN(F9:F32) -> 2.13 | G34: =MIN(G9:G32) -> 59.43 | H34: =MIN(H9:H32) -> 23.08 | I34: =MIN(I9:I32) -> 0 | ... Q34: =MIN(Q9:Q32) -> 8.21
A35: Max | B35: =MAX(B9:B32) -> 90.96 | C35: =MAX(C9:C32) -> 76.32 | D35: =MAX(D9:D32) -> 110.04 | E35: =MAX(E9:E32) -> 8.98 | F35: =MAX(F9:F32) -> 2.13 | G35: =MAX(G9:G32) -> 136.32 | H35: =MAX(H9:H32) -> 44.3 | I35: =MAX(I9:I32) -> 0 | ... Q35: =MAX(Q9:Q32) -> 9.73
A36: Avg | B36: =AVERAGE(B9:B32) -> 38.475417 | C36: =AVERAGE(C9:C32) -> 64.245833 | D36: =AVERAGE(D9:D32) -> 62.71 | E36: =AVERAGE(E9:E32) -> 7.2754167 | F36: =AVERAGE(F9:F32) -> 2.13 | G36: =AVERAGE(G9:G32) -> 86.034167 | H36: =AVERAGE(H9:H32) -> 29.27375 | I36: =AVERAGE(I9:I32) -> #DIV/0! | ... Q36: =AVERAGE(Q9:Q32) -> 8.4533333
A37: Stdev | B37: =STDEV(B9:B32) -> 17.466997 | C37: =STDEV(C9:C32) -> 9.6755496 | D37: =STDEV(D9:D32) -> 15.544141 | E37: =STDEV(E9:E32) -> 0.87261715 | F37: =STDEV(F9:F32) -> 4.5364061e-16 | G37: =STDEV(G9:G32) -> 23.004953 | H37: =STDEV(H9:H32) -> 6.4567692 | I37: =STDEV(I9:I32) -> #DIV/0! | ... Q37: =STDEV(Q9:Q32) -> 0.46361216
A38: Num | B38: =COUNT(B9:B32) -> 24 | C38: =COUNT(C9:C32) -> 24 | D38: =COUNT(D9:D32) -> 24 | E38: =COUNT(E9:E32) -> 24 | F38: =COUNT(F9:F32) -> 24 | G38: =COUNT(G9:G32) -> 24 | H38: =COUNT(H9:H32) -> 24 | I38: =COUNT(I9:I32) -> 0 | ... Q38: =COUNT(Q9:Q32) -> 24
A39: DCR | B39: =IF(B38>=22,">90%",IF(B38<=22,"<90%")) -> >90% | C39: =IF(C38>=22,">90%",IF(C38<=22,"<90%")) -> >90% | D39: =IF(D38>=22,">90%",IF(D38<=22,"<90%")) -> >90% | E39: =IF(E38>=22,">90%",IF(E38<=22,"<90%")) -> >90% | F39: =IF(F38>=22,">90%",IF(F38<=22,"<90%")) -> >90% | G39: =IF(G38>=22,">90%",IF(G38<=22,"<90%")) -> >90% | H39: =IF(H38>=22,">90%",IF(H38<=22,"<90%")) -> >90% | I39: =IF(I38>=22,">90%",IF(I38<=22,"<90%")) -> <90% | ... Q39: =IF(Q38>=22,">90%",IF(Q38<=22,"<90%")) -> >90%
A40: Status | B40: =IF(B38>=22,"OK",IF(B38<=22,"LESS")) -> OK | C40: =IF(C38>=22,"OK",IF(C38<=22,"LESS")) -> OK | D40: =IF(D38>=22,"OK",IF(D38<=22,"LESS")) -> OK | E40: =IF(E38>=22,"OK",IF(E38<=22,"LESS")) -> OK | F40: =IF(F38>=22,"OK",IF(F38<=22,"LESS")) -> OK | G40: =IF(G38>=22,"OK",IF(G38<=22,"LESS")) -> OK | H40: =IF(H38>=22,"OK",IF(H38<=22,"LESS")) -> OK | I40: =IF(I38>=22,"OK",IF(I38<=22,"LESS")) -> LESS | ... Q40: =IF(Q38>=22,"OK",IF(Q38<=22,"LESS")) -> OK
A43: Done by | B43: RAHUL
A45: Comment

Sheet 19
A1: Station: | B1: BHATAGAON RAIPUR
A2: Date: | B2: =$A$9 -> 19/01/2025 01:00 | D2: Power Off | G2: Pw.Off | L2: Link Fail | N2: Link F | P2: Maintenance | R2: Maint.
A3: Report Type: | B3: Mean | D3: Calibration | G3: Calib. | L3: Data Fail | N3: Data F | P3: Invalid | R3: Invalid
A4: Time Base: | B4: 01 Hour | D4: Zero Referrence | G4: Z.Ref | L4: Warm Up | N4: Wm. Up
A7: Date & Time | B7: NO_BHATAGAON | C7: NO2__BHATAGAON | D7: NOX_BHATAGAON | E7: SO2__BHATAGAON | F7: O3__BHATAGAON | G7: PM10__BHATAGAON | H7: PM2_5__BHATAGAON | I7: BENZ__BHATAGAON | J7: WS__BHATAGAON | K7: WD__BHATAGAON | L7: TEMP__BHATAGAON | M7: HUM__BHATAGAON | N7: SR__BHATAGAON | O7: RG__BHATAGAON | P7: CO__BHATAGAON | Q7: NH3__BHATAGAON
B8: ug/m3 | C8: ug/m3 | D8: ppb | E8: ug/m3 | F8: ug/m3 | G8: mg/m3 | H8: ug/m3 | I8: ug/m3 | J8: m/sec | K8: deg | L8: degreC | M8: % | N8: w/m2 | O8: mm | P8: ug/m3 | Q8: ug/m3
A9: 19/01/2025 01:00 | B9: 90.03 | C9: 73.19 | D9: 109.06 | E9: 8.74 | F9: 2.13 | G9: 139.39 | H9: 44.35 | I9: Invalid | J9: 1.96 | K9: 327.09 | L9: 12.45 | M9: 86.51 | N9: 60.4 | O9: 0 | P9: 1.72 | Q9: 9.76
A10: 19/01/2025 02:00 | B10: 80.42 | C10: 71.48 | D10: 100.46 | E10: 9.44 | F10: 2.13 | G10: 222.2 | H10: 54.52 | I10: Invalid | J10: 1.74 | K10: 345.48 | L10: 12.18 | M10: 81.22 | N10: 56.6 | O10: 0 | P10: 1.68 | Q10: 9.7
A11: 19/01/2025 03:00 | B11: 71.51 | C11: 65.81 | D11: 90.35 | E11: 9.39 | F11: 2.13 | G11: 222.2 | H11: 68.62 | I11: Invalid | J11: 1.73 | K11: 336.86 | L11: 11.65 | M11: 83.86 | N11: 55 | O11: 0 | P11: 1.64 | Q11: 9.48
A12: 19/01/2025 04:00 | B12: 63.2 | C12: 61.37 | D12: 81.37 | E12: 8.89 | F12: 2.13 | G12: 210.12 | H12: 68.62 | I12: Invalid | J12: 1.59 | K12: 336.9 | L12: 10.91 | M12: 91.86 | N12: 54.6 | O12: 0 | P12: 1.55 | Q12: 9.03
A13: 19/01/2025 05:00 | B13: 64.32 | C13: 58.26 | D13: 80.19 | E13: 8.88 | F13: 2.13 | G13: 160.8 | H13: 65.68 | I13: Invalid | J13: 1.81 | K13: 339.64 | L13: 10.19 | M13: 94.65 | N13: 54.3 | O13: 0 | P13: 1.48 | Q13: 8.86
A14: 19/01/2025 06:00 | B14: 69.91 | C14: 57.59 | D14: 84.68 | E14: 8.76 | F14: 2.13 | G14: 165.5 | H14: 62.62 | I14: Invalid | J14: 1.75 | K14: 339.53 | L14: 10.07 | M14: 92.97 | N14: 53.9 | O14: 0 | P14: 1.44 | Q14: 9.03
A15: 19/01/2025 07:00 | B15: 71.17 | C15: 56.41 | D15: 85.17 | E15: 8.37 | F15: 2.13 | G15: 165.5 | H15: 59.36 | I15: Invalid | J15: 1.55 | K15: 307.32 | L15: 10.31 | M15: 87.9 | N15: 64.3 | O15: 0 | P15: 1.43 | Q15: 9.1
A16: 19/01/2025 08:00 | B16: 70.89 | C16: 56.02 | D16: 84.72 | E16: 8.16 | F16: 2.13 | G16: 130.28 | H16: 54.67 | I16: Invalid | J16: 1.19 | K16: 336.56 | L16: 13.52 | M16: 80.95 | N16: 210.2 | O16: 0 | P16: 1.38 | Q16: 9.1
A17: 19/01/2025 09:00 | B17: 65.76 | C17: 58.1 | D17: 80.43 | E17: 6.54 | F17: 2.13 | G17: 127.32 | H17: 53.06 | I17: Invalid | J17: 1.4 | K17: 111.3 | L17: 18.16 | M17: 54.31 | N17: 436.4 | O17: 0 | P17: 1.32 | Q17: 8.87
A18: 19/01/2025 10:00 | B18: 56.21 | C18: 62.63 | D18: 74.45 | E18: 5.8 | F18: 2.13 | G18: 86.66 | H18: 46.86 | I18: Invalid | J18: 2.07 | K18: 117 | L18: 22.7 | M18: 42.01 | N18: 613.2 | O18: 0 | P18: 1.19 | Q18: 8.33
A19: 19/01/2025 11:00 | B19: 48.61 | C19: 64.74 | D19: 70.56 | E19: 5.72 | F19: 2.13 | G19: 81.16 | H19: 37.28 | I19: Invalid | J19: 2.91 | K19: 123.87 | L19: 21.35 | M19: 40.56 | N19: 663.3 | O19: 0 | P19: 1.1 | Q19: 8.21
A20: 19/01/2025 12:00 | B20: 41.86 | C20: 68.64 | D20: 66.52 | E20: 5.57 | F20: 2.13 | G20: 78.7 | H20: 35.47 | I20: Invalid | J20: 1.23 | K20: 342.55 | L20: 26.12 | M20: 33.86 | N20: 725.4 | O20: 0 | P20: 0.97 | Q20: 8.21
... A32: 19/01/2025 24:00 | B32: 212.16 | C32: 75.75 | D32: 207.47 | E32: 11.1 | F32: 2.13 | G32: 210.96 | H32: 61.24 | I32: Invalid | J32: 1.77 | K32: 303.58 | L32: 11.84 | M32: 80.14 | N32: 81 | O32: 0 | P32: 2.34 | Q32: 10.41
A34: Min | B34: =MIN(B9:B32) -> 12.43 | C34: =MIN(C9:C32) -> 56.02 | D34: =MIN(D9:D32) -> 46.27 | E34: =MIN(E9:E32) -> 5.45 | F34: =MIN(F9:F32) -> 2.13 | G34: =MIN(G9:G32) -> 69.16 | H34: =MIN(H9:H32) -> 27.98 | I34: =MIN(I9:I32) -> 0 | ... Q34: =MIN(Q9:Q32) -> 8.21
A35: Max | B35: =MAX(B9:B32) -> 212.16 | C35: =MAX(C9:C32) -> 76.3 | D35: =MAX(D9:D32) -> 207.47 | E35: =MAX(E9:E32) -> 11.1 | F35: =MAX(F9:F32) -> 2.13 | G35: =MAX(G9:G32) -> 222.2 | H35: =MAX(H9:H32) -> 68.62 | I35: =MAX(I9:I32) -> 0 | ... Q35: =MAX(Q9:Q32) -> 10.41
A36: Avg | B36: =AVERAGE(B9:B32) -> 67.265417 | C36: =AVERAGE(C9:C32) -> 68.520833 | D36: =AVERAGE(D9:D32) -> 87.852083 | E36: =AVERAGE(E9:E32) -> 7.62875 | F36: =AVERAGE(F9:F32) -> 2.13 | G36: =AVERAGE(G9:G32) -> 137.05667 | H36: =AVERAGE(H9:H32) -> 45.69875 | I36: =AVERAGE(I9:I32) -> #DIV/0! | ... Q36: =AVERAGE(Q9:Q32) -> 8.9020833
A37: Stdev | B37: =STDEV(B9:B32) -> 49.631124 | C37: =STDEV(C9:C32) -> 7.1669337 | D37: =STDEV(D9:D32) -> 40.420527 | E37: =STDEV(E9:E32) -> 1.7857949 | F37: =STDEV(F9:F32) -> 4.5364061e-16 | G37: =STDEV(G9:G32) -> 53.355357 | H37: =STDEV(H9:H32) -> 14.576315 | I37: =STDEV(I9:I32) -> #DIV/0! | ... Q37: =STDEV(Q9:Q32) -> 0.73818802
A38: Num | B38: =COUNT(B9:B32) -> 24 | C38: =COUNT(C9:C32) -> 24 | D38: =COUNT(D9:D32) -> 24 | E38: =COUNT(E9:E32) -> 24 | F38: =COUNT(F9:F32) -> 24 | G38: =COUNT(G9:G32) -> 24 | H38: =COUNT(H9:H32) -> 24 | I38: =COUNT(I9:I32) -> 0 | ... Q38: =COUNT(Q9:Q32) -> 24
A39: DCR | B39: =IF(B38>=22,">90%",IF(B38<=22,"<90%")) -> >90% | C39: =IF(C38>=22,">90%",IF(C38<=22,"<90%")) -> >90% | D39: =IF(D38>=22,">90%",IF(D38<=22,"<90%")) -> >90% | E39: =IF(E38>=22,">90%",IF(E38<=22,"<90%")) -> >90% | F39: =IF(F38>=22,">90%",IF(F38<=22,"<90%")) -> >90% | G39: =IF(G38>=22,">90%",IF(G38<=22,"<90%")) -> >90% | H39: =IF(H38>=22,">90%",IF(H38<=22,"<90%")) -> >90% | I39: =IF(I38>=22,">90%",IF(I38<=22,"<90%")) -> <90% | ... Q39: =IF(Q38>=22,">90%",IF(Q38<=22,"<90%")) -> >90%
A40: Status | B40: =IF(B38>=22,"OK",IF(B38<=22,"LESS")) -> OK | C40: =IF(C38>=22,"OK",IF(C38<=22,"LESS")) -> OK | D40: =IF(D38>=22,"OK",IF(D38<=22,"LESS")) -> OK | E40: =IF(E38>=22,"OK",IF(E38<=22,"LESS")) -> OK | F40: =IF(F38>=22,"OK",IF(F38<=22,"LESS")) -> OK | G40: =IF(G38>=22,"OK",IF(G38<=22,"LESS")) -> OK | H40: =IF(H38>=22,"OK",IF(H38<=22,"LESS")) -> OK | I40: =IF(I38>=22,"OK",IF(I38<=22,"LESS")) -> LESS | ... Q40: =IF(Q38>=22,"OK",IF(Q38<=22,"LESS")) -> OK
A43: Done by | B43: RAHUL
A45: Comment

Sheet 20
A1: Station: | B1: BHATAGAON RAIPUR
A2: Date: | B2: =$A$9 -> 20/01/2025 01:00 | D2: Power Off | G2: Pw.Off | L2: Link Fail | N2: Link F | P2: Maintenance | R2: Maint.
A3: Report Type: | B3: Mean | D3: Calibration | G3: Calib. | L3: Data Fail | N3: Data F | P3: Invalid | R3: Invalid
A4: Time Base: | B4: 01 Hour | D4: Zero Referrence | G4: Z.Ref | L4: Warm Up | N4: Wm. Up
A7: Date & Time | B7: NO_BHATAGAON | C7: NO2__BHATAGAON | D7: NOX_BHATAGAON | E7: SO2__BHATAGAON | F7: O3__BHATAGAON | G7: PM10__BHATAGAON | H7: PM2_5__BHATAGAON | I7: BENZ__BHATAGAON | J7: WS__BHATAGAON | K7: WD__BHATAGAON | L7: TEMP__BHATAGAON | M7: HUM__BHATAGAON | N7: SR__BHATAGAON | O7: RG__BHATAGAON | P7: CO__BHATAGAON | Q7: NH3__BHATAGAON
B8: ug/m3 | C8: ug/m3 | D8: ppb | E8: ug/m3 | F8: ug/m3 | G8: mg/m3 | H8: ug/m3 | I8: ug/m3 | J8: m/sec | K8: deg | L8: degreC | M8: % | N8: w/m2 | O8: mm | P8: ug/m3 | Q8: ug/m3
A9: 20/01/2025 01:00 | B9: 216.81 | C9: 73.08 | D9: 208.44 | E9: 10.55 | F9: 2.13 | G9: 210.96 | H9: 61.24 | I9: Invalid | J9: 1.74 | K9: 331.62 | L9: 11.15 | M9: 83.93 | N9: 81 | O9: 0 | P9: 2.22 | Q9: 10.44
A10: 20/01/2025 02:00 | B10: 215.47 | C10: 69.19 | D10: 207.57 | E10: 10.11 | F10: 2.13 | G10: 190.58 | H10: 58.13 | I10: Invalid | J10: 1.58 | K10: 307.68 | L10: 12.08 | M10: 80.52 | N10: 80.6 | O10: 0 | P10: 2 | Q10: 10.4
A11: 20/01/2025 03:00 | B11: 186.75 | C11: 65.13 | D11: 182.41 | E11: 9.91 | F11: 2.13 | G11: 203.08 | H11: 64.14 | I11: Invalid | J11: 1.76 | K11: 322.45 | L11: 11.48 | M11: 79.59 | N11: 81.1 | O11: 0 | P11: 2.01 | Q11: 10.29
A12: 20/01/2025 04:00 | B12: 161.16 | C12: 60.57 | D12: 159.51 | E12: 9.46 | F12: 2.13 | G12: 203.08 | H12: 64.97 | I12: Invalid | J12: 1.71 | K12: 333.88 | L12: 10.44 | M12: 91.01 | N12: 81.3 | O12: 0 | P12: 1.94 | Q12: 10.13
A13: 20/01/2025 05:00 | B13: 137.36 | C13: 58.47 | D13: 139.33 | E13: 9.34 | F13: 2.13 | G13: 171.02 | H13: 65.4 | I13: Invalid | J13: 1.79 | K13: 359.31 | L13: 10.06 | M13: 91.33 | N13: 81.2 | O13: 0 | P13: 1.79 | Q13: 9.97
A14: 20/01/2025 06:00 | B14: 124.81 | C14: 58.25 | D14: 129.15 | E14: 9.43 | F14: 2.13 | G14: 163.99 | H14: 65.4 | I14: Invalid | J14: 1.76 | K14: 325.34 | L14: 9.71 | M14: 85.42 | N14: 81.6 | O14: 0 | P14: 1.7 | Q14: 9.93
A15: 20/01/2025 07:00 | B15: 127.76 | C15: 59.52 | D15: 132.17 | E15: 8.1 | F15: 2.13 | G15: 150.72 | H15: 59.96 | I15: Invalid | J15: 1.75 | K15: 324.15 | L15: 9.05 | M15: 85.92 | N15: 92.1 | O15: 0 | P15: 1.67 | Q15: 9.9
A16: 20/01/2025 08:00 | B16: 130.1 | C16: 57.89 | D16: 133.15 | E16: 8.98 | F16: 2.13 | G16: 152.65 | H16: 55.86 | I16: Invalid | J16: 1.96 | K16: 266.12 | L16: 11.54 | M16: 93.82 | N16: 261.2 | O16: 0 | P16: 1.73 | Q16: 9.95
A17: 20/01/2025 09:00 | B17: 120.94 | C17: 60.81 | D17: 125.66 | E17: 8.6 | F17: 2.13 | G17: 152.65 | H17: 53.59 | I17: Invalid | J17: 1.57 | K17: 332.21 | L17: 20.33 | M17: 70.51 | N17: 481.9 | O17: 0 | P17: 1.66 | Q17: 9.88
A18: 20/01/2025 10:00 | B18: 112.06 | C18: 68.6 | D18: 121.42 | E18: 9.2 | F18: 2.13 | G18: 144.38 | H18: 53.59 | I18: Invalid | J18: 2.73 | K18: 353 | L18: 26.94 | M18: 41.12 | N18: 582.2 | O18: 0 | P18: 1.66 | Q18: 9.82
A19: 20/01/2025 11:00 | B19: 92.18 | C19: 81.25 | D19: 109.43 | E19: 8.77 | F19: 2.44 | G19: 144.38 | H19: 49.92 | I19: Invalid | J19: 2.45 | K19: 342.08 | L19: 27.26 | M19: 33.71 | N19: 678.8 | O19: 0 | P19: 1.61 | Q19: 9.79
A20: 20/01/2025 12:00 | B20: 19.42 | C20: 99.05 | D20: 65.59 | E20: Calib. | F20: 2.53 | G20: Calib. | H20: Calib. | I20: Invalid | J20: 2.18 | K20: 343.75 | L20: 26.65 | M20: 29.19 | N20: 724.7 | O20: 0 | P20: 0.89 | Q20: 8.35
A21: 20/01/2025 13:00 | B21: 4.96 | C21: 86.52 | D21: 47.8 | E21: Calib. | F21: 8.45 | G21: 16.87 | H21: 8.66 | I21: Invalid | J21: 2.42 | K21: 137.65 | L21: 24.64 | M21: 28.79 | N21: 718.9 | O21: 0 | P21: 0.63 | Q21: 8.21
A22: 20/01/2025 14:00 | B22: 2.33 | C22: 65.05 | D22: 34.47 | E22: 20.55 | F22: 21.64 | G22: 38.79 | H22: 19 | I22: Invalid | J22: 2.53 | K22: 311.13 | L22: 25.62 | M22: 28.49 | N22: 659.6 | O22: 0 | P22: 0.62 | Q22: 8.21
A23: 20/01/2025 15:00 | B23: 3.22 | C23: 62.05 | D23: 33.62 | E23: 12.95 | F23: 10.24 | G23: 46.83 | H23: 21.24 | I23: Invalid | J23: 1.98 | K23: 335.13 | L23: 26.96 | M23: 25.36 | N23: 453.8 | O23: 0 | P23: 0.67 | Q23: 8.21
A24: 20/01/2025 16:00 | B24: 5.18 | C24: 64.74 | D24: 36.6 | E24: 9.01 | F24: 2.35 | G24: 65.17 | H24: 24.66 | I24: Invalid | J24: 2.5 | K24: 324.92 | L24: 25.42 | M24: 25.42 | N24: 180.5 | O24: 0 | P24: 0.69 | Q24: 8.21
A25: 20/01/2025 17:00 | B25: 5.82 | C25: 85.94 | D25: 46.67 | E25: 11 | F25: 14.24 | G25: 78.64 | H25: 24.4 | I25: Invalid | J25: 2.95 | K25: 332.71 | L25: 24.02 | M25: 26.44 | N25: 114.7 | O25: 0 | P25: 0.67 | Q25: 8.21
A26: 20/01/2025 18:00 | B26: 9.52 | C26: 83.06 | D26: 47.52 | E26: 6.35 | F26: 2.8 | G26: 64.02 | H26: 21.82 | I26: Invalid | J26: 2.54 | K26: 331.9 | L26: 22.45 | M26: 38.59 | N26: 92.9 | O26: 0 | P26: 0.76 | Q26: 8.21
A27: 20/01/2025 19:00 | B27: 46.73 | C27: 81.9 | D27: 78.89 | E27: 6.06 | F27: 2.13 | G27: 117.19 | H27: 24.47 | I27: Invalid | J27: 1.73 | K27: 302.5 | L27: 18.23 | M27: 56.17 | N27: 76.4 | O27: 0 | P27: 1.01 | Q27: 8.21
A28: 20/01/2025 20:00 | B28: 96.88 | C28: 83.67 | D28: 118.14 | E28: 6.29 | F28: 2.13 | G28: 166.42 | H28: 29.15 | I28: Invalid | J28: 1.79 | K28: 307.13 | L28: 16.15 | M28: 63.73 | N28: 75.9 | O28: 0 | P28: 1.71 | Q28: 9.79
A29: 20/01/2025 21:00 | B29: 130.92 | C29: 78.36 | D29: 142.94 | E29: 8.6 | F29: 2.13 | G29: 175.6 | H29: 35.92 | I29: Invalid | J29: 1.72 | K29: 300.64 | L29: 15.62 | M29: 69.55 | N29: 75.7 | O29: 0 | P29: 0.95 | Q29: 9.92
A30: 20/01/2025 22:00 | B30: 175.7 | C30: 75.19 | D30: 178.81 | E30: 10.23 | F30: 2.13 | G30: 197.47 | H30: 45.11 | I30: Invalid | J30: 1.42 | K30: 344.57 | L30: 14.7 | M30: 70.8 | N30: 75.5 | O30: 0 | P30: 0.92 | Q30: 10.18
A31: 20/01/2025 23:00 | B31: 175.75 | C31: 74.36 | D31: 178.41 | E31: 8.88 | F31: 2.13 | G31: 219.99 | H31: 51.54 | I31: Invalid | J31: 1.65 | K31: 319.74 | L31: 14.89 | M31: 72.63 | N31: 76.1 | O31: 0 | P31: 0.82 | Q31: 10.22
A32: 20/01/2025 24:00 | B32: 169.94 | C32: 71.34 | D32: 171.28 | E32: 8.18 | F32: 2.13 | G32: 141.98 | H32: 43.11 | I32: Invalid | J32: 1.73 | K32: 316.49 | L32: 13.05 | M32: 77.91 | N32: 76 | O32: 0 | P32: 0.25 | Q32: 10.19
A34: Min | B34: =MIN(B9:B32) -> 2.33 | C34: =MIN(C9:C32) -> 57.89 | D34: =MIN(D9:D32) -> 33.62 | E34: =MIN(E9:E32) -> 6.06 | F34: =MIN(F9:F32) -> 2.13 | G34: =MIN(G9:G32) -> 16.87 | H34: =MIN(H9:H32) -> 8.66 | I34: =MIN(I9:I32) -> 0 | ... Q34: =MIN(Q9:Q32) -> 8.21
A35: Max | B35: =MAX(B9:B32) -> 216.81 | C35: =MAX(C9:C32) -> 99.05 | D35: =MAX(D9:D32) -> 208.44 | E35: =MAX(E9:E32) -> 20.55 | F35: =MAX(F9:F32) -> 21.64 | G35: =MAX(G9:G32) -> 219.99 | H35: =MAX(H9:H32) -> 65.4 | I35: =MAX(I9:I32) -> 0 | ... Q35: =MAX(Q9:Q32) -> 10.44
A36: Avg | B36: =AVERAGE(B9:B32) -> 102.99042 | C36: =AVERAGE(C9:C32) -> 71.832917 | D36: =AVERAGE(D9:D32) -> 117.87417 | E36: =AVERAGE(E9:E32) -> 9.5704545 | F36: =AVERAGE(F9:F32) -> 4.1154167 | G36: =AVERAGE(G9:G32) -> 139.84609 | H36: =AVERAGE(H9:H32) -> 43.533913 | I36: =AVERAGE(I9:I32) -> #DIV/0! | ... Q36: =AVERAGE(Q9:Q32) -> 9.4425
A37: Stdev | B37: =STDEV(B9:B32) -> 73.130288 | C37: =STDEV(C9:C32) -> 11.200857 | D37: =STDEV(D9:D32) -> 56.72895 | E37: =STDEV(E9:E32) -> 2.9052817 | F37: =STDEV(F9:F32) -> 4.8416445 | G37: =STDEV(G9:G32) -> 59.915024 | H37: =STDEV(H9:H32) -> 18.135486 | I37: =STDEV(I9:I32) -> #DIV/0! | ... Q37: =STDEV(Q9:Q32) -> 0.89498725
A38: Num | B38: =COUNT(B9:B32) -> 24 | C38: =COUNT(C9:C32) -> 24 | D38: =COUNT(D9:D32) -> 24 | E38: =COUNT(E9:E32)+2 -> 24 | F38: =COUNT(F9:F32) -> 24 | G38: =COUNT(G9:G32)+1 -> 24 | H38: =COUNT(H9:H32)+1 -> 24 | I38: =COUNT(I9:I32) -> 0 | J38: =COUNT(J9:J32) -> 24 | K38: =COUNT(K9:K32) -> 24 | L38: =COUNT(L9:L32) -> 24 | M38: =COUNT(M9:M32) -> 24 | N38: =COUNT(N9:N32) -> 24 | O38: =COUNT(O9:O32) -> 24 | P38: =COUNT(P9:P32) -> 24 | Q38: =COUNT(Q9:Q32) -> 24
A39: DCR | B39: =IF(B38>=22,">90%",IF(B38<=22,"<90%")) -> >90% | C39: =IF(C38>=22,">90%",IF(C38<=22,"<90%")) -> >90% | D39: =IF(D38>=22,">90%",IF(D38<=22,"<90%")) -> >90% | E39: =IF(E38>=22,">90%",IF(E38<=22,"<90%")) -> >90% | F39: =IF(F38>=22,">90%",IF(F38<=22,"<90%")) -> >90% | G39: =IF(G38>=22,">90%",IF(G38<=22,"<90%")) -> >90% | H39: =IF(H38>=22,">90%",IF(H38<=22,"<90%")) -> >90% | I39: =IF(I38>=22,">90%",IF(I38<=22,"<90%")) -> <90% | ... Q39: =IF(Q38>=22,">90%",IF(Q38<=22,"<90%")) -> >90%
A40: Status | B40: =IF(B38>=22,"OK",IF(B38<=22,"LESS")) -> OK | C40: =IF(C38>=22,"OK",IF(C38<=22,"LESS")) -> OK | D40: =IF(D38>=22,"OK",IF(D38<=22,"LESS")) -> OK | E40: =IF(E38>=22,"OK",IF(E38<=22,"LESS")) -> OK | F40: =IF(F38>=22,"OK",IF(F38<=22,"LESS")) -> OK | G40: =IF(G38>=22,"OK",IF(G38<=22,"LESS")) -> OK | H40: =IF(H38>=22,"OK",IF(H38<=22,"LESS")) -> OK | I40: =IF(I38>=22,"OK",IF(I38<=22,"LESS")) -> LESS | ... Q40: =IF(Q38>=22,"OK",IF(Q38<=22,"LESS")) -> OK
A43: Done by | B43: RAHUL
A45: Comment

Sheet 21
A1: Station: | B1: BHATAGAON RAIPUR
A2: Date: | B2: =$A$9 -> 21/01/2025 01:00 | D2: Power Off | G2: Pw.Off | L2: Link Fail | N2: Link F | P2: Maintenance | R2: Maint.
A3: Report Type: | B3: Mean | D3: Calibration | G3: Calib. | L3: Data Fail | N3: Data F | P3: Invalid | R3: Invalid
A4: Time Base: | B4: 01 Hour | D4: Zero Referrence | G4: Z.Ref | L4: Warm Up | N4: Wm. Up
A7: Date & Time | B7: NO_BHATAGAON | C7: NO2__BHATAGAON | D7: NOX_BHATAGAON | E7: SO2__BHATAGAON | F7: O3__BHATAGAON | G7: PM10__BHATAGAON | H7: PM2_5__BHATAGAON | I7: BENZ__BHATAGAON | J7: WS__BHATAGAON | K7: WD__BHATAGAON | L7: TEMP__BHATAGAON | M7: HUM__BHATAGAON | N7: SR__BHATAGAON | O7: RG__BHATAGAON | P7: CO__BHATAGAON | Q7: NH3__BHATAGAON
B8: ug/m3 | C8: ug/m3 | D8: ppb | E8: ug/m3 | F8: ug/m3 | G8: mg/m3 | H8: ug/m3 | I8: ug/m3 | J8: m/sec | K8: deg | L8: degreC | M8: % | N8: w/m2 | O8: mm | P8: ug/m3 | Q8: ug/m3
A9: 21/01/2025 01:00 | B9: 170.52 | C9: 67.82 | D9: 170.8 | E9: 7.73 | F9: 2.13 | G9: 131.78 | H9: 43.93 | I9: Invalid | J9: 1.75 | K9: 319.6 | L9: 12.26 | M9: 80.04 | N9: 76 | O9: 0 | P9: 1.98 | Q9: 10.19
A10: 21/01/2025 02:00 | B10: 160.34 | C10: 65.35 | D10: 161.35 | E10: 7.34 | F10: 2.13 | G10: 120.7 | H10: 36.31 | I10: Invalid | J10: 1.8 | K10: 355.29 | L10: 11.73 | M10: 82.88 | N10: 76.2 | O10: 0 | P10: 1.66 | Q10: 10.12
A11: 21/01/2025 03:00 | B11: 140.95 | C11: 64.13 | D11: 145.16 | E11: 7.42 | F11: 2.13 | G11: 88.59 | H11: 36.34 | I11: Invalid | J11: 1.66 | K11: 301.45 | L11: 11.4 | M11: 87.37 | N11: 76.3 | O11: 0 | P11: 1.56 | Q11: 10
A12: 21/01/2025 04:00 | B12: 117.01 | C12: 62.56 | D12: 125.14 | E12: 6.55 | F12: 2.13 | G12: 85.77 | H12: 35.9 | I12: Invalid | J12: 1.44 | K12: 331.08 | L12: 10.79 | M12: 92.99 | N12: 76.5 | O12: 0 | P12: 1.4 | Q12: 9.9
A13: 21/01/2025 05:00 | B13: 110.42 | C13: 59 | D13: 117.74 | E13: 6.66 | F13: 2.13 | G13: 87.78 | H13: 30.45 | I13: Invalid | J13: 1.69 | K13: 336.75 | L13: 10.43 | M13: 100.22 | N13: 76.4 | O13: 0 | P13: 1.25 | Q13: 9.84
A14: 21/01/2025 06:00 | B14: 117.03 | C14: 57.48 | D14: 121.79 | E14: 8.28 | F14: 2.13 | G14: 100.76 | H14: 31.31 | I14: Invalid | J14: 1.72 | K14: 275.06 | L14: 10.22 | M14: 99.99 | N14: 76.5 | O14: 0 | P14: 1.18 | Q14: 9.83
A15: 21/01/2025 07:00 | B15: 118.66 | C15: 55.73 | D15: 122.89 | E15: 8.3 | F15: 2.13 | G15: 111.31 | H15: 33.8 | I15: Invalid | J15: 1.77 | K15: 330.41 | L15: 9.97 | M15: 96.68 | N15: 87.7 | O15: 0 | P15: 1.12 | Q15: 9.87
A16: 21/01/2025 08:00 | B16: 119.09 | C16: 56.29 | D16: 123.53 | E16: 8.65 | F16: 2.13 | G16: 119.77 | H16: 37.13 | I16: Invalid | J16: 1.76 | K16: 356.04 | L16: 13.33 | M16: 95.43 | N16: 235.9 | O16: 0 | P16: 1.21 | Q16: 9.88
A17: 21/01/2025 09:00 | B17: 120.74 | C17: 61.2 | D17: 125.49 | E17: 7.72 | F17: 2.13 | G17: 152.71 | H17: 40.98 | I17: Invalid | J17: 1.89 | K17: 322.56 | L17: 19.78 | M17: 67.31 | N17: 463 | O17: 0 | P17: 1.28 | Q17: 9.89
A18: 21/01/2025 10:00 | B18: 109.91 | C18: 67.71 | D18: 119.32 | E18: 7.17 | F18: 2.13 | G18: 156.55 | H18: 42 | I18: Invalid | J18: 2 | K18: 357.9 | L18: 23.78 | M18: 54.19 | N18: 596.6 | O18: 0 | P18: 1.27 | Q18: 9.83
A19: 21/01/2025 11:00 | B19: 87.54 | C19: 72.72 | D19: 104.72 | E19: 6.33 | F19: 2.13 | G19: 107.89 | H19: 42.4 | I19: Invalid | J19: 2.99 | K19: 342.54 | L19: 27.46 | M19: 42.18 | N19: 654.5 | O19: 0 | P19: 1.19 | Q19: 9.71
A20: 21/01/2025 12:00 | B20: 64.06 | C20: 76.49 | D20: 88.51 | E20: 5.34 | F20: 2.13 | G20: 77.19 | H20: 34.77 | I20: Invalid | J20: 1.67 | K20: 344.95 | L20: 28.12 | M20: 34.67 | N20: 685.1 | O20: 0 | P20: 1.07 | Q20: 8.94
... A32: 21/01/2025 24:00 | B32: 170.25 | C32: 72.88 | D32: 173.21 | E32: 10.84 | F32: 2.13 | G32: 246.81 | H32: 49.34 | I32: Invalid | J32: 1.56 | K32: 309.66 | L32: 13.65 | M32: 91.04 | N32: 76.5 | O32: 0 | P32: 2.58 | Q32: 10.07
A34: Min | B34: =MIN(B9:B32) -> 7.18 | C34: =MIN(C9:C32) -> 55.73 | D34: =MIN(D9:D32) -> 45.73 | E34: =MIN(E9:E32) -> 4.59 | F34: =MIN(F9:F32) -> 2.13 | G34: =MIN(G9:G32) -> 54.44 | H34: =MIN(H9:H32) -> 29.26 | I34: =MIN(I9:I32) -> 0 | ... Q34: =MIN(Q9:Q32) -> 8.21
A35: Max | B35: =MAX(B9:B32) -> 170.52 | C35: =MAX(C9:C32) -> 81.32 | D35: =MAX(D9:D32) -> 173.21 | E35: =MAX(E9:E32) -> 10.84 | F35: =MAX(F9:F32) -> 2.13 | G35: =MAX(G9:G32) -> 246.81 | H35: =MAX(H9:H32) -> 49.34 | I35: =MAX(I9:I32) -> 0 | ... Q35: =MAX(Q9:Q32) -> 10.19
A36: Avg | B36: =AVERAGE(B9:B32) -> 87.243333 | C36: =AVERAGE(C9:C32) -> 71.0025 | D36: =AVERAGE(D9:D32) -> 104.98917 | E36: =AVERAGE(E9:E32) -> 7.3820833 | F36: =AVERAGE(F9:F32) -> 2.13 | G36: =AVERAGE(G9:G32) -> 115.24542 | H36: =AVERAGE(H9:H32) -> 36.04375 | I36: =AVERAGE(I9:I32) -> #DIV/0! | ... Q36: =AVERAGE(Q9:Q32) -> 9.2583333
A37: Stdev | B37: =STDEV(B9:B32) -> 52.865006 | C37: =STDEV(C9:C32) -> 8.7864418 | D37: =STDEV(D9:D32) -> 39.440508 | E37: =STDEV(E9:E32) -> 1.4908445 | F37: =STDEV(F9:F32) -> 4.5364061e-16 | G37: =STDEV(G9:G32) -> 43.353983 | H37: =STDEV(H9:H32) -> 5.6349868 | I37: =STDEV(I9:I32) -> #DIV/0! | ... Q37: =STDEV(Q9:Q32) -> 0.80838899
A38: Num | B38: =COUNT(B9:B32) -> 24 | C38: =COUNT(C9:C32) -> 24 | D38: =COUNT(D9:D32) -> 24 | E38: =COUNT(E9:E32) -> 24 | F38: =COUNT(F9:F32) -> 24 | G38: =COUNT(G9:G32) -> 24 | H38: =COUNT(H9:H32) -> 24 | I38: =COUNT(I9:I32) -> 0 | ... Q38: =COUNT(Q9:Q32) -> 24
A39: DCR | B39: =IF(B38>=22,">90%",IF(B38<=22,"<90%")) -> >90% | C39: =IF(C38>=22,">90%",IF(C38<=22,"<90%")) -> >90% | D39: =IF(D38>=22,">90%",IF(D38<=22,"<90%")) -> >90% | E39: =IF(E38>=22,">90%",IF(E38<=22,"<90%")) -> >90% | F39: =IF(F38>=22,">90%",IF(F38<=22,"<90%")) -> >90% | G39: =IF(G38>=22,">90%",IF(G38<=22,"<90%")) -> >90% | H39: =IF(H38>=22,">90%",IF(H38<=22,"<90%")) -> >90% | I39: =IF(I38>=22,">90%",IF(I38<=22,"<90%")) -> <90% | ... Q39: =IF(Q38>=22,">90%",IF(Q38<=22,"<90%")) -> >90%
A40: Status | B40: =IF(B38>=22,"OK",IF(B38<=22,"LESS")) -> OK | C40: =IF(C38>=22,"OK",IF(C38<=22,"LESS")) -> OK | D40: =IF(D38>=22,"OK",IF(D38<=22,"LESS")) -> OK | E40: =IF(E38>=22,"OK",IF(E38<=22,"LESS")) -> OK | F40: =IF(F38>=22,"OK",IF(F38<=22,"LESS")) -> OK | G40: =IF(G38>=22,"OK",IF(G38<=22,"LESS")) -> OK | H40: =IF(H38>=22,"OK",IF(H38<=22,"LESS")) -> OK | I40: =IF(I38>=22,"OK",IF(I38<=22,"LESS")) -> LESS | ... Q40: =IF(Q38>=22,"OK",IF(Q38<=22,"LESS")) -> OK
A43: Done by | B43: RAHUL
A45: Comment

Sheet 22
A1: Station: | B1: BHATAGAON RAIPUR
A2: Date: | B2: =$A$9 -> 22/01/2025 01:00 | D2: Power Off | G2: Pw.Off | L2: Link Fail | N2: Link F | P2: Maintenance | R2: Maint.
A3: Report Type: | B3: Mean | D3: Calibration | G3: Calib. | L3: Data Fail | N3: Data F | P3: Invalid | R3: Invalid
A4: Time Base: | B4: 01 Hour | D4: Zero Referrence | G4: Z.Ref | L4: Warm Up | N4: Wm. Up
A7: Date & Time | B7: NO_BHATAGAON | C7: NO2__BHATAGAON | D7: NOX_BHATAGAON | E7: SO2__BHATAGAON | F7: O3__BHATAGAON | G7: PM10__BHATAGAON | H7: PM2_5__BHATAGAON | I7: BENZ__BHATAGAON | J7: WS__BHATAGAON | K7: WD__BHATAGAON | L7: TEMP__BHATAGAON | M7: HUM__BHATAGAON | N7: SR__BHATAGAON | O7: RG__BHATAGAON | P7: CO__BHATAGAON | Q7: NH3__BHATAGAON
B8: ug/m3 | C8: ug/m3 | D8: ppb | E8: ug/m3 | F8: ug/m3 | G8: mg/m3 | H8: ug/m3 | I8: ug/m3 | J8: m/sec | K8: deg | L8: degreC | M8: % | N8: w/m2 | O8: mm | P8: ug/m3 | Q8: ug/m3
A9: 22/01/2025 01:00 | B9: 182.34 | C9: 73.22 | D9: 182.16 | E9: 8.84 | F9: 2.13 | G9: 191.33 | H9: 50.97 | I9: Invalid | J9: 1.8 | K9: 288.16 | L9: 13.01 | M9: 93.83 | N9: 76.5 | O9: 0 | P9: 2.59 | Q9: 10.23
A10: 22/01/2025 02:00 | B10: 179.02 | C10: 66.24 | D10: 176.79 | E10: 8.42 | F10: 2.13 | G10: 152.81 | H10: 49.19 | I10: Invalid | J10: 1.75 | K10: 313.17 | L10: 12.63 | M10: 98.28 | N10: 76.5 | O10: 0 | P10: 2.21 | Q10: 10.21
A11: 22/01/2025 03:00 | B11: 171.49 | C11: 63.5 | D11: 169.32 | E11: 8.65 | F11: 2.13 | G11: 131.05 | H11: 47.93 | I11: Invalid | J11: 1.2 | K11: 313.15 | L11: 12.46 | M11: 100.71 | N11: 76.4 | O11: 0 | P11: 2.13 | Q11: 10.16
A12: 22/01/2025 04:00 | B12: 159.5 | C12: 61.67 | D12: 158.75 | E12: 8.99 | F12: 2.13 | G12: 146.71 | H12: 51.2 | I12: Invalid | J12: 1.77 | K12: 298.3 | L12: 12.21 | M12: 101.42 | N12: 76.6 | O12: 0 | P12: 2.1 | Q12: 10.1
A13: 22/01/2025 05:00 | B13: 150.46 | C13: 58.67 | D13: 149.93 | E13: 8.97 | F13: 2.13 | G13: 168.98 | H13: 53.58 | I13: Invalid | J13: 1.69 | K13: 331.39 | L13: 11.36 | M13: 103.19 | N13: 76.7 | O13: 0 | P13: 2.06 | Q13: 10.1
A14: 22/01/2025 06:00 | B14: 140.45 | C14: 56.67 | D14: 140.66 | E14: 8.09 | F14: 2.13 | G14: 128.17 | H14: 47.07 | I14: Invalid | J14: 1.79 | K14: 305.73 | L14: 10.75 | M14: 103.63 | N14: 76.7 | O14: 0 | P14: 1.86 | Q14: 10
A15: 22/01/2025 07:00 | B15: 151.96 | C15: 56.62 | D15: 148.86 | E15: 8.46 | F15: 2.13 | G15: 144.01 | H15: 44.56 | I15: Invalid | J15: 1.81 | K15: 351.2 | L15: 10.66 | M15: 103.62 | N15: 87.2 | O15: 0 | P15: 1.7 | Q15: 9.93
A16: 22/01/2025 08:00 | B16: 165.37 | C16: 60.66 | D16: 162.94 | E16: 8.58 | F16: 2.13 | G16: 155.63 | H16: 45.28 | I16: Invalid | J16: 1.83 | K16: 331.46 | L16: 13.65 | M16: 103.02 | N16: 212.1 | O16: 0 | P16: 1.76 | Q16: 10.04
A17: 22/01/2025 09:00 | B17: 166.18 | C17: 71.22 | D17: 165.77 | E17: 9.16 | F17: 2.13 | G17: 172.25 | H17: 49.33 | I17: Invalid | J17: 2.81 | K17: 326.08 | L17: 20.6 | M17: 71.99 | N17: 459.2 | O17: 0 | P17: 1.8 | Q17: 10.13
A18: 22/01/2025 10:00 | B18: 152.09 | C18: 73.26 | D18: 157.7 | E18: 8.27 | F18: 2.13 | G18: 182.76 | H18: 51.79 | I18: Invalid | J18: 2.89 | K18: 343.42 | L18: 25.63 | M18: 51.5 | N18: 581.6 | O18: 0 | P18: 1.75 | Q18: 10.11
A19: 22/01/2025 11:00 | B19: 124.44 | C19: 125.22 | D19: 136.88 | E19: 18.63 | F19: 41.59 | G19: 117.5 | H19: 47.66 | I19: Invalid | J19: 2.88 | K19: 352.32 | L19: 27.68 | M19: 50 | N19: 631.2 | O19: 0 | P19: 1.6 | Q19: 9.9
A20: 22/01/2025 12:00 | B20: 2.63 | C20: 76.28 | D20: 40.57 | E20: 25.38 | F20: 51.29 | G20: 86.62 | H20: 39.71 | I20: Invalid | J20: 1.88 | K20: 355.72 | L20: 28.29 | M20: 36.47 | N20: 684.1 | O20: 0 | P20: 0.57 | Q20: 8.21
... A32: 22/01/2025 24:00 | B32: 186.06 | C32: 76.49 | D32: 186.88 | E32: 10.55 | F32: 2.13 | G32: 206.91 | H32: 66.01 | I32: Invalid | J32: 1.71 | K32: 321.68 | L32: 14.61 | M32: 84.49 | N32: 74.5 | O32: 0 | P32: 2.69 | Q32: 10.1
A34: Min | B34: =MIN(B9:B32) -> 2.63 | C34: =MIN(C9:C32) -> 56.62 | D34: =MIN(D9:D32) -> 37.34 | E34: =MIN(E9:E32) -> 6.99 | F34: =MIN(F9:F32) -> 2.13 | G34: =MIN(G9:G32) -> 81.77 | H34: =MIN(H9:H32) -> 28.69 | I34: =MIN(I9:I32) -> 0 | ... Q34: =MIN(Q9:Q32) -> 8.21
A35: Max | B35: =MAX(B9:B32) -> 186.06 | C35: =MAX(C9:C32) -> 125.22 | D35: =MAX(D9:D32) -> 186.88 | E35: =MAX(E9:E32) -> 25.38 | F35: =MAX(F9:F32) -> 51.29 | G35: =MAX(G9:G32) -> 216.77 | H35: =MAX(H9:H32) -> 66.01 | I35: =MAX(I9:I32) -> 0 | ... Q35: =MAX(Q9:Q32) -> 10.23
A36: Avg | B36: =AVERAGE(B9:B32) -> 100.83917 | C36: =AVERAGE(C9:C32) -> 77.630417 | D36: =AVERAGE(D9:D32) -> 118.17 | E36: =AVERAGE(E9:E32) -> 10.363333 | F36: =AVERAGE(F9:F32) -> 8.8045833 | G36: =AVERAGE(G9:G32) -> 143.17417 | H36: =AVERAGE(H9:H32) -> 44.794583 | I36: =AVERAGE(I9:I32) -> #DIV/0! | ... Q36: =AVERAGE(Q9:Q32) -> 9.3691667
A37: Stdev | B37: =STDEV(B9:B32) -> 72.647178 | C37: =STDEV(C9:C32) -> 16.326998 | D37: =STDEV(D9:D32) -> 54.20511 | E37: =STDEV(E9:E32) -> 4.1016419 | F37: =STDEV(F9:F32) -> 14.04461 | G37: =STDEV(G9:G32) -> 42.131676 | H37: =STDEV(H9:H32) -> 9.631616 | I37: =STDEV(I9:I32) -> #DIV/0! | ... Q37: =STDEV(Q9:Q32) -> 0.88170249
A38: Num | B38: =COUNT(B9:B32) -> 24 | C38: =COUNT(C9:C32) -> 24 | D38: =COUNT(D9:D32) -> 24 | E38: =COUNT(E9:E32) -> 24 | F38: =COUNT(F9:F32) -> 24 | G38: =COUNT(G9:G32) -> 24 | H38: =COUNT(H9:H32) -> 24 | I38: =COUNT(I9:I32) -> 0 | ... Q38: =COUNT(Q9:Q32) -> 24
A39: DCR | B39: =IF(B38>=22,">90%",IF(B38<=22,"<90%")) -> >90% | C39: =IF(C38>=22,">90%",IF(C38<=22,"<90%")) -> >90% | D39: =IF(D38>=22,">90%",IF(D38<=22,"<90%")) -> >90% | E39: =IF(E38>=22,">90%",IF(E38<=22,"<90%")) -> >90% | F39: =IF(F38>=22,">90%",IF(F38<=22,"<90%")) -> >90% | G39: =IF(G38>=22,">90%",IF(G38<=22,"<90%")) -> >90% | H39: =IF(H38>=22,">90%",IF(H38<=22,"<90%")) -> >90% | I39: =IF(I38>=22,">90%",IF(I38<=22,"<90%")) -> <90% | ... Q39: =IF(Q38>=22,">90%",IF(Q38<=22,"<90%")) -> >90%
A40: Status | B40: =IF(B38>=22,"OK",IF(B38<=22,"LESS")) -> OK | C40: =IF(C38>=22,"OK",IF(C38<=22,"LESS")) -> OK | D40: =IF(D38>=22,"OK",IF(D38<=22,"LESS")) -> OK | E40: =IF(E38>=22,"OK",IF(E38<=22,"LESS")) -> OK | F40: =IF(F38>=22,"OK",IF(F38<=22,"LESS")) -> OK | G40: =IF(G38>=22,"OK",IF(G38<=22,"LESS")) -> OK | H40: =IF(H38>=22,"OK",IF(H38<=22,"LESS")) -> OK | I40: =IF(I38>=22,"OK",IF(I38<=22,"LESS")) -> LESS | ... Q40: =IF(Q38>=22,"OK",IF(Q38<=22,"LESS")) -> OK
A43: Done by | B43: RAHUL
A45: Comment

Sheet 23
A1: Station: | B1: BHATAGAON RAIPUR
A2: Date: | B2: =$A$9 -> 23/01/2025 01:00 | D2: Power Off | G2: Pw.Off | L2: Link Fail | N2: Link F | P2: Maintenance | R2: Maint.
A3: Report Type: | B3: Mean | D3: Calibration | G3: Calib. | L3: Data Fail | N3: Data F | P3: Invalid | R3: Invalid
A4: Time Base: | B4: 01 Hour | D4: Zero Referrence | G4: Z.Ref | L4: Warm Up | N4: Wm. Up
A7: Date & Time | B7: NO_BHATAGAON | C7: NO2__BHATAGAON | D7: NOX_BHATAGAON | E7: SO2__BHATAGAON | F7: O3__BHATAGAON | G7: PM10__BHATAGAON | H7: PM2_5__BHATAGAON | I7: BENZ__BHATAGAON | J7: WS__BHATAGAON | K7: WD__BHATAGAON | L7: TEMP__BHATAGAON | M7: HUM__BHATAGAON | N7: SR__BHATAGAON | O7: RG__BHATAGAON | P7: CO__BHATAGAON | Q7: NH3__BHATAGAON
B8: ug/m3 | C8: ug/m3 | D8: ppb | E8: ug/m3 | F8: ug/m3 | G8: mg/m3 | H8: ug/m3 | I8: ug/m3 | J8: m/sec | K8: deg | L8: degreC | M8: % | N8: w/m2 | O8: mm | P8: ug/m3 | Q8: ug/m3
A9: 23/01/2025 01:00 | B9: 195 | C9: 75.34 | D9: 194.37 | E9: 11.57 | F9: 2.13 | G9: 204.91 | H9: 68 | I9: Invalid | J9: 1.72 | K9: 320.68 | L9: 14.12 | M9: 93.36 | N9: 74.7 | O9: 0 | P9: 2.7 | Q9: 10.27
A10: 23/01/2025 02:00 | B10: 192.82 | C10: 73.35 | D10: 191.57 | E10: 11.65 | F10: 2.13 | G10: 178.14 | H10: 64.91 | I10: Invalid | J10: 2.1 | K10: 340.73 | L10: 14.07 | M10: 97.27 | N10: 74.7 | O10: 0 | P10: 2.53 | Q10: 10.29
A11: 23/01/2025 03:00 | B11: 179.04 | C11: 65.25 | D11: 176.29 | E11: 10.86 | F11: 2.13 | G11: 188.57 | H11: 65.62 | I11: Invalid | J11: 1.79 | K11: 300.62 | L11: 14.15 | M11: 91.7 | N11: 75 | O11: 0 | P11: 2.51 | Q11: 10.22
A12: 23/01/2025 04:00 | B12: 162.21 | C12: 63.02 | D12: 161.63 | E12: 10.8 | F12: 2.13 | G12: 207.71 | H12: 68.39 | I12: Invalid | J12: 1.22 | K12: 357.48 | L12: 12.96 | M12: 97.09 | N12: 74.7 | O12: 0 | P12: 2.4 | Q12: 10.1
A13: 23/01/2025 05:00 | B13: 148.52 | C13: 61.24 | D13: 149.72 | E13: 10.88 | F13: 2.13 | G13: 205.86 | H13: 68.81 | I13: Invalid | J13: 1.48 | K13: 279.83 | L13: 12.91 | M13: 92.18 | N13: 74.6 | O13: 0 | P13: 2.31 | Q13: 10
A14: 23/01/2025 06:00 | B14: 131.87 | C14: 61.7 | D14: 136.43 | E14: 10.13 | F14: 2.13 | G14: 188.23 | H14: 63.73 | I14: Invalid | J14: 1.8 | K14: 339.03 | L14: 12.8 | M14: 98.28 | N14: 75.1 | O14: 0 | P14: 2.15 | Q14: 9.96
A15: 23/01/2025 07:00 | B15: 144.69 | C15: 60.57 | D15: 146.29 | E15: 9.88 | F15: 2.13 | G15: 197.55 | H15: 65.84 | I15: Invalid | J15: 1.8 | K15: 334.58 | L15: 11.92 | M15: 100.15 | N15: 85.7 | O15: 0 | P15: 2.14 | Q15: 9.91
A16: 23/01/2025 08:00 | B16: 153.02 | C16: 63.86 | D16: 154.67 | E16: 9.8 | F16: 2.13 | G16: 197.92 | H16: 66.22 | I16: Invalid | J16: 2.04 | K16: 338.86 | L16: 15.58 | M16: 95.06 | N16: 227.4 | O16: 0 | P16: 2.1 | Q16: 9.94
A17: 23/01/2025 09:00 | B17: 149.8 | C17: 69.86 | D17: 153.25 | E17: 7.23 | F17: 2.13 | G17: 177.82 | H17: 59.93 | I17: Invalid | J17: 1.9 | K17: 201.3 | L17: 19.28 | M17: 67.21 | N17: 442.4 | O17: 0 | P17: 2.02 | Q17: 9.97
A18: 23/01/2025 10:00 | B18: 119.53 | C18: 75.94 | D18: 131.99 | E18: 6.01 | F18: 2.13 | G18: 153.18 | H18: 52.3 | I18: Invalid | J18: 2.63 | K18: 177.01 | L18: 23.23 | M18: 59.83 | N18: 570.9 | O18: 0 | P18: 1.81 | Q18: 9.93
A19: 23/01/2025 11:00 | B19: 86.67 | C19: 79.14 | D19: 108.47 | E19: 5.23 | F19: 2.13 | G19: 119.92 | H19: 47.92 | I19: Invalid | J19: 1.49 | K19: 297.59 | L19: 27.27 | M19: 44.93 | N19: 621.1 | O19: 0 | P19: 1.56 | Q19: 9.77
A20: 23/01/2025 12:00 | B20: 59.1 | C20: 81.04 | D20: 88.22 | E20: 4.71 | F20: 2.13 | G20: 98.03 | H20: 41.83 | I20: Invalid | J20: 1.38 | K20: 193.93 | L20: 27.19 | M20: 35.52 | N20: 671.5 | O20: 0 | P20: 1.32 | Q20: 8.68
... A32: 23/01/2025 24:00 | B32: 53.29 | C32: 75.46 | D32: 79.26 | E32: 9 | F32: 2.13 | G32: 207.59 | H32: 63.71 | I32: Invalid | J32: 1.61 | K32: 301.25 | L32: 16.35 | M32: 86.5 | N32: 74.8 | O32: 0 | P32: 2.07 | Q32: 8.21
A34: Min | B34: =MIN(B9:B32) -> 4.9 | C34: =MIN(C9:C32) -> 60.57 | D34: =MIN(D9:D32) -> 36.67 | E34: =MIN(E9:E32) -> 3.5 | F34: =MIN(F9:F32) -> 2.13 | G34: =MIN(G9:G32) -> 46.24 | H34: =MIN(H9:H32) -> 19.69 | I34: =MIN(I9:I32) -> 0 | ... Q34: =MIN(Q9:Q32) -> 8.21
A35: Max | B35: =MAX(B9:B32) -> 195 | C35: =MAX(C9:C32) -> 84.46 | D35: =MAX(D9:D32) -> 194.37 | E35: =MAX(E9:E32) -> 11.65 | F35: =MAX(F9:F32) -> 2.18 | G35: =MAX(G9:G32) -> 207.71 | H35: =MAX(H9:H32) -> 68.81 | I35: =MAX(I9:I32) -> 0 | ... Q35: =MAX(Q9:Q32) -> 10.29
A36: Avg | B36: =AVERAGE(B9:B32) -> 83.976667 | C36: =AVERAGE(C9:C32) -> 73.855833 | D36: =AVERAGE(D9:D32) -> 104.05042 | E36: =AVERAGE(E9:E32) -> 7.8525 | F36: =AVERAGE(F9:F32) -> 2.1320833 | G36: =AVERAGE(G9:G32) -> 150.47458 | H36: =AVERAGE(H9:H32) -> 49.13875 | I36: =AVERAGE(I9:I32) -> #DIV/0! | ... Q36: =AVERAGE(Q9:Q32) -> 9.065
A37: Stdev | B37: =STDEV(B9:B32) -> 67.612411 | C37: =STDEV(C9:C32) -> 8.0058717 | D37: =STDEV(D9:D32) -> 51.741287 | E37: =STDEV(E9:E32) -> 2.5229214 | F37: =STDEV(F9:F32) -> 0.010206207 | G37: =STDEV(G9:G32) -> 55.722514 | H37: =STDEV(H9:H32) -> 17.605874 | I37: =STDEV(I9:I32) -> #DIV/0! | ... Q37: =STDEV(Q9:Q32) -> 0.92071806
A38: Num | B38: =COUNT(B9:B32) -> 24 | C38: =COUNT(C9:C32) -> 24 | D38: =COUNT(D9:D32) -> 24 | E38: =COUNT(E9:E32) -> 24 | F38: =COUNT(F9:F32) -> 24 | G38: =COUNT(G9:G32) -> 24 | H38: =COUNT(H9:H32) -> 24 | I38: =COUNT(I9:I32) -> 0 | ... Q38: =COUNT(Q9:Q32) -> 24
A39: DCR | B39: =IF(B38>=22,">90%",IF(B38<=22,"<90%")) -> >90% | C39: =IF(C38>=22,">90%",IF(C38<=22,"<90%")) -> >90% | D39: =IF(D38>=22,">90%",IF(D38<=22,"<90%")) -> >90% | E39: =IF(E38>=22,">90%",IF(E38<=22,"<90%")) -> >90% | F39: =IF(F38>=22,">90%",IF(F38<=22,"<90%")) -> >90% | G39: =IF(G38>=22,">90%",IF(G38<=22,"<90%")) -> >90% | H39: =IF(H38>=22,">90%",IF(H38<=22,"<90%")) -> >90% | I39: =IF(I38>=22,">90%",IF(I38<=22,"<90%")) -> <90% | ... Q39: =IF(Q38>=22,">90%",IF(Q38<=22,"<90%")) -> >90%
A40: Status | B40: =IF(B38>=22,"OK",IF(B38<=22,"LESS")) -> OK | C40: =IF(C38>=22,"OK",IF(C38<=22,"LESS")) -> OK | D40: =IF(D38>=22,"OK",IF(D38<=22,"LESS")) -> OK | E40: =IF(E38>=22,"OK",IF(E38<=22,"LESS")) -> OK | F40: =IF(F38>=22,"OK",IF(F38<=22,"LESS")) -> OK | G40: =IF(G38>=22,"OK",IF(G38<=22,"LESS")) -> OK | H40: =IF(H38>=22,"OK",IF(H38<=22,"LESS")) -> OK | I40: =IF(I38>=22,"OK",IF(I38<=22,"LESS")) -> LESS | ... Q40: =IF(Q38>=22,"OK",IF(Q38<=22,"LESS")) -> OK
A43: Done by | B43: RAHUL
A45: Comment

Sheet 24
A1: Station: | B1: BHATAGAON RAIPUR
A2: Date: | B2: =$A$9 -> 24/01/2025 01:00 | D2: Power Off | G2: Pw.Off | L2: Link Fail | N2: Link F | P2: Maintenance | R2: Maint.
A3: Report Type: | B3: Mean | D3: Calibration | G3: Calib. | L3: Data Fail | N3: Data F | P3: Invalid | R3: Invalid
A4: Time Base: | B4: 01 Hour | D4: Zero Referrence | G4: Z.Ref | L4: Warm Up | N4: Wm. Up
A7: Date & Time | B7: NO_BHATAGAON | C7: NO2__BHATAGAON | D7: NOX_BHATAGAON | E7: SO2__BHATAGAON | F7: O3__BHATAGAON | G7: PM10__BHATAGAON | H7: PM2_5__BHATAGAON | I7: BENZ__BHATAGAON | J7: WS__BHATAGAON | K7: WD__BHATAGAON | L7: TEMP__BHATAGAON | M7: HUM__BHATAGAON | N7: SR__BHATAGAON | O7: RG__BHATAGAON | P7: CO__BHATAGAON | Q7: NH3__BHATAGAON
B8: ug/m3 | C8: ug/m3 | D8: ppb | E8: ug/m3 | F8: ug/m3 | G8: mg/m3 | H8: ug/m3 | I8: ug/m3 | J8: m/sec | K8: deg | L8: degreC | M8: % | N8: w/m2 | O8: mm | P8: ug/m3 | Q8: ug/m3
A9: 24/01/2025 01:00 | B9: 52.79 | C9: 71.44 | D9: 78.28 | E9: 7.58 | F9: 2.13 | G9: 195.73 | H9: 63.49 | I9: Invalid | J9: 1.83 | K9: 339.01 | L9: 16.13 | M9: 87.72 | N9: 74.9 | O9: 0 | P9: 1.79 | Q9: 8.21
A10: 24/01/2025 02:00 | B10: 47.32 | C10: 65.22 | D10: 70 | E10: 7.65 | F10: 2.13 | G10: 155.58 | H10: 52.53 | I10: Invalid | J10: 1.72 | K10: 339.5 | L10: 14.87 | M10: 95.02 | N10: 74.8 | O10: 0 | P10: 1.65 | Q10: 8.21
A11: 24/01/2025 03:00 | B11: 41.49 | C11: 65.28 | D11: 65.94 | E11: 7.5 | F11: 2.13 | G11: 143.42 | H11: 53.25 | I11: Invalid | J11: 1.83 | K11: 302.78 | L11: 14.74 | M11: 97 | N11: 74.9 | O11: 0 | P11: 1.57 | Q11: 8.21
A12: 24/01/2025 04:00 | B12: 38.44 | C12: 62.02 | D12: 61.58 | E12: 7.29 | F12: 2.13 | G12: 149.63 | H12: 52.58 | I12: Invalid | J12: 1.81 | K12: 277.91 | L12: 14.05 | M12: 102.55 | N12: 74.6 | O12: 0 | P12: 1.47 | Q12: 8.21
A13: 24/01/2025 05:00 | B13: 37.21 | C13: 61.02 | D13: 60.05 | E13: 7.46 | F13: 2.13 | G13: 145.22 | H13: 57.92 | I13: Invalid | J13: 1.83 | K13: 356.14 | L13: 14.03 | M13: 100.6 | N13: 74.8 | O13: 0 | P13: 1.44 | Q13: 8.21
A14: 24/01/2025 06:00 | B14: 47.77 | C14: 63.29 | D14: 70 | E14: 8.71 | F14: 2.13 | G14: 202.2 | H14: 66.33 | I14: Invalid | J14: 1.95 | K14: 312.53 | L14: 14.44 | M14: 103.14 | N14: 75.1 | O14: 0 | P14: 1.52 | Q14: 8.21
A15: 24/01/2025 07:00 | B15: 61.18 | C15: 62.79 | D15: 80.35 | E15: 9.74 | F15: 2.13 | G15: 246.29 | H15: 72.8 | I15: Invalid | J15: 1.59 | K15: 316.48 | L15: 13.42 | M15: 103.55 | N15: 83 | O15: 0 | P15: 1.55 | Q15: 8.22
A16: 24/01/2025 08:00 | B16: 76.04 | C16: 59.72 | D16: 90.54 | E16: 9.29 | F16: 2.13 | G16: 168.45 | H16: 70.48 | I16: Invalid | J16: 1.82 | K16: 308.77 | L16: 15.52 | M16: 103.32 | N16: 180.1 | O16: 0 | P16: 1.55 | Q16: 8.89
A17: 24/01/2025 09:00 | B17: 77.65 | C17: 63.2 | D17: 92.29 | E17: 9.49 | F17: 2.13 | G17: 187.62 | H17: Data F | I17: Invalid | J17: 2.57 | K17: 330.98 | L17: 22.12 | M17: 78.63 | N17: 335.3 | O17: 0 | P17: 1.58 | Q17: 9.02
A18: 24/01/2025 10:00 | B18: 72.02 | C18: 76.29 | D18: 92.11 | E18: 9.81 | F18: 2.13 | G18: 207.85 | H18: Data F | I18: Invalid | J18: 2.34 | K18: 338.9 | L18: 26.34 | M18: 56.07 | N18: 444.7 | O18: 0 | P18: 1.61 | Q18: 8.85
A19: 24/01/2025 11:00 | B19: 65.82 | C19: 87.12 | D19: 92.74 | E19: 10.24 | F19: 2.17 | G19: 217.71 | H19: Data F | I19: Invalid | J19: 2.29 | K19: 335.54 | L19: 28.04 | M19: 41.67 | N19: 541 | O19: 0 | P19: 1.62 | Q19: 8.67
A20: 24/01/2025 12:00 | B20: 55.61 | C20: 89.18 | D20: 89.81 | E20: 9.41 | F20: 2.13 | G20: 188.57 | H20: Data F | I20: Invalid | J20: 2.86 | K20: 330.84 | L20: 30.53 | M20: 36.42 | N20: 610.5 | O20: 0 | P20: 1.6 | Q20: 8.45
A21: 24/01/2025 13:00 | B21: 39.8 | C21: 88.91 | D21: 76.99 | E21: 7.85 | F21: 2.13 | G21: 135.96 | H21: Data F | I21: Invalid | J21: 2.8 | K21: 336.45 | L21: 28.79 | M21: 38.71 | N21: 631.2 | O21: 0 | P21: 1.46 | Q21: 8.21
A22: 24/01/2025 14:00 | B22: 24.96 | C22: 90.55 | D22: 64.59 | E22: 6.78 | F22: 2.32 | G22: 56.24 | H22: Data F | I22: Invalid | J22: 2.55 | K22: 325.07 | L22: 29.58 | M22: 34.88 | N22: 574.4 | O22: 0 | P22: 1.18 | Q22: 8.21
A23: 24/01/2025 15:00 | B23: 11.3 | C23: 89.52 | D23: 54.46 | E23: 6.65 | F23: 2.13 | G23: 55.21 | H23: Data F | I23: Invalid | J23: 2.6 | K23: 322.92 | L23: 29.53 | M23: 32.54 | N23: 399.3 | O23: 0 | P23: 1.07 | Q23: 8.21
A24: 24/01/2025 16:00 | B24: 5.68 | C24: 83.42 | D24: 46.14 | E24: 6.44 | F24: 2.13 | G24: 57.85 | H24: Data F | I24: Invalid | J24: 2.72 | K24: 336.98 | L24: 27.31 | M24: 31.5 | N24: 213.4 | O24: 0 | P24: 0.9 | Q24: 8.21
A25: 24/01/2025 17:00 | B25: 7.41 | C25: 76.43 | D25: 43.99 | E25: 4.77 | F25: 2.13 | G25: 62.5 | H25: Data F | I25: Invalid | J25: 2.59 | K25: 343.52 | L25: 26.09 | M25: 35.36 | N25: 121.6 | O25: 0 | P25: 0.88 | Q25: 8.21
A26: 24/01/2025 18:00 | B26: 13.11 | C26: 81.6 | D26: 51.77 | E26: 5.17 | F26: 2.13 | G26: 78.46 | H26: Data F | I26: Invalid | J26: 1.81 | K26: 331.51 | L26: 24.2 | M26: 47.32 | N26: 90.3 | O26: 0 | P26: 1.02 | Q26: 8.21
A27: 24/01/2025 19:00 | B27: 42.24 | C27: 88.52 | D27: 78.75 | E27: 6.4 | F27: 2.13 | G27: 136.22 | H27: Data F | I27: Invalid | J27: 1.74 | K27: 294.45 | L27: 20.83 | M27: 60.12 | N27: 72 | O27: 0 | P27: 1.48 | Q27: 8.21
A28: 24/01/2025 20:00 | B28: 81.43 | C28: 88.15 | D28: 107.72 | E28: 7.16 | F28: 2.13 | G28: 199.58 | H28: Data F | I28: Invalid | J28: 1.85 | K28: 287.33 | L28: 19.04 | M28: 67.96 | N28: 71.7 | O28: 0 | P28: 1.75 | Q28: 9.26
A29: 24/01/2025 21:00 | B29: 116.1 | C29: 83.12 | D29: 133.47 | E29: 7.28 | F29: 2.13 | G29: 230.88 | H29: Data F | I29: Invalid | J29: 1.82 | K29: 328.23 | L29: 18.04 | M29: 76.38 | N29: 71.5 | O29: 0 | P29: 2.52 | Q29: 9.51
A30: 24/01/2025 22:00 | B30: 178.67 | C30: 88.06 | D30: 187.39 | E30: 11.11 | F30: 2.13 | G30: 253.1 | H30: 68.18 | I30: Invalid | J30: 1.82 | K30: 318.33 | L30: 17.2 | M30: 84 | N30: 71.4 | O30: 0 | P30: 2.57 | Q30: 9.78
A31: 24/01/2025 23:00 | B31: 236.74 | C31: 86.85 | D31: 233.74 | E31: 11.08 | F31: 2.13 | G31: 227.79 | H31: 69.95 | I31: Invalid | J31: 1.77 | K31: 328.67 | L31: 16.81 | M31: 82.83 | N31: 71.2 | O31: 0 | P31: 2.85 | Q31: 10.1
A32: 24/01/2025 24:00 | B32: 237.39 | C32: 85.36 | D32: 233.59 | E32: 10.7 | F32: 2.13 | G32: 191.7 | H32: 56.07 | I32: Invalid | J32: 1.82 | K32: 315.3 | L32: 16.8 | M32: 74.64 | N32: 71.3 | O32: 0 | P32: 2.76 | Q32: 10.3
A34: Min | B34: =MIN(B9:B32) -> 5.68 | C34: =MIN(C9:C32) -> 59.72 | D34: =MIN(D9:D32) -> 43.99 | E34: =MIN(E9:E32) -> 4.77 | F34: =MIN(F9:F32) -> 2.13 | G34: =MIN(G9:G32) -> 55.21 | H34: =MIN(H9:H32) -> 52.53 | I34: =MIN(I9:I32) -> 0 | ... Q34: =MIN(Q9:Q32) -> 8.21
A35: Max | B35: =MAX(B9:B32) -> 237.39 | C35: =MAX(C9:C32) -> 90.55 | D35: =MAX(D9:D32) -> 233.74 | E35: =MAX(E9:E32) -> 11.11 | F35: =MAX(F9:F32) -> 2.32 | G35: =MAX(G9:G32) -> 253.1 | H35: =MAX(H9:H32) -> 72.8 | I35: =MAX(I9:I32) -> 0 | ... Q35: =MAX(Q9:Q32) -> 10.3
A36: Avg | B36: =AVERAGE(B9:B32) -> 69.507083 | C36: =AVERAGE(C9:C32) -> 77.3775 | D36: =AVERAGE(D9:D32) -> 94.012083 | E36: =AVERAGE(E9:E32) -> 8.1483333 | F36: =AVERAGE(F9:F32) -> 2.1395833 | G36: =AVERAGE(G9:G32) -> 162.24 | H36: =AVERAGE(H9:H32) -> 62.143636 | I36: =AVERAGE(I9:I32) -> #DIV/0! | ... Q36: =AVERAGE(Q9:Q32) -> 8.6575
A37: Stdev | B37: =STDEV(B9:B32) -> 63.56066 | C37: =STDEV(C9:C32) -> 11.500858 | D37: =STDEV(D9:D32) -> 52.593492 | E37: =STDEV(E9:E32) -> 1.7810053 | F37: =STDEV(F9:F32) -> 0.03928482 | G37: =STDEV(G9:G32) -> 62.070325 | H37: =STDEV(H9:H32) -> 7.8579797 | I37: =STDEV(I9:I32) -> #DIV/0! | ... Q37: =STDEV(Q9:Q32) -> 0.66557755
A38: Num | B38: =COUNT(B9:B32) -> 24 | C38: =COUNT(C9:C32) -> 24 | D38: =COUNT(D9:D32) -> 24 | E38: =COUNT(E9:E32) -> 24 | F38: =COUNT(F9:F32) -> 24 | G38: =COUNT(G9:G32) -> 24 | H38: =COUNT(H9:H32)+13 -> 24 | I38: =COUNT(I9:I32) -> 0 | J38: =COUNT(J9:J32) -> 24 | K38: =COUNT(K9:K32) -> 24 | L38: =COUNT(L9:L32) -> 24 | M38: =COUNT(M9:M32) -> 24 | N38: =COUNT(N9:N32) -> 24 | O38: =COUNT(O9:O32) -> 24 | P38: =COUNT(P9:P32) -> 24 | Q38: =COUNT(Q9:Q32) -> 24
A39: DCR | B39: =IF(B38>=22,">90%",IF(B38<=22,"<90%")) -> >90% | C39: =IF(C38>=22,">90%",IF(C38<=22,"<90%")) -> >90% | D39: =IF(D38>=22,">90%",IF(D38<=22,"<90%")) -> >90% | E39: =IF(E38>=22,">90%",IF(E38<=22,"<90%")) -> >90% | F39: =IF(F38>=22,">90%",IF(F38<=22,"<90%")) -> >90% | G39: =IF(G38>=22,">90%",IF(G38<=22,"<90%")) -> >90% | H39: =IF(H38>=22,">90%",IF(H38<=22,"<90%")) -> >90% | I39: =IF(I38>=22,">90%",IF(I38<=22,"<90%")) -> <90% | ... Q39: =IF(Q38>=22,">90%",IF(Q38<=22,"<90%")) -> >90%
A40: Status | B40: =IF(B38>=22,"OK",IF(B38<=22,"LESS")) -> OK | C40: =IF(C38>=22,"OK",IF(C38<=22,"LESS")) -> OK | D40: =IF(D38>=22,"OK",IF(D38<=22,"LESS")) -> OK | E40: =IF(E38>=22,"OK",IF(E38<=22,"LESS")) -> OK | F40: =IF(F38>=22,"OK",IF(F38<=22,"LESS")) -> OK | G40: =IF(G38>=22,"OK",IF(G38<=22,"LESS")) -> OK | H40: =IF(H38>=22,"OK",IF(H38<=22,"LESS")) -> OK | I40: =IF(I38>=22,"OK",IF(I38<=22,"LESS")) -> LESS | ... Q40: =IF(Q38>=22,"OK",IF(Q38<=22,"LESS")) -> OK
A43: Done by | B43: RAHUL
A45: Comment

Sheet 25
A1: Station: | B1: BHATAGAON RAIPUR
A2: Date: | B2: =$A$9 -> 25/01/2025 01:00 | D2: Power Off | G2: Pw.Off | L2: Link Fail | N2: Link F | P2: Maintenance | R2: Maint.
A3: Report Type: | B3: Mean | D3: Calibration | G3: Calib. | L3: Data Fail | N3: Data F | P3: Invalid | R3: Invalid
A4: Time Base: | B4: 01 Hour | D4: Zero Referrence | G4: Z.Ref | L4: Warm Up | N4: Wm. Up
A7: Date & Time | B7: NO_BHATAGAON | C7: NO2__BHATAGAON | D7: NOX_BHATAGAON | E7: SO2__BHATAGAON | F7: O3__BHATAGAON | G7: PM10__BHATAGAON | H7: PM2_5__BHATAGAON | I7: BENZ__BHATAGAON | J7: WS__BHATAGAON | K7: WD__BHATAGAON | L7: TEMP__BHATAGAON | M7: HUM__BHATAGAON | N7: SR__BHATAGAON | O7: RG__BHATAGAON | P7: CO__BHATAGAON | Q7: NH3__BHATAGAON
B8: ug/m3 | C8: ug/m3 | D8: ppb | E8: ug/m3 | F8: ug/m3 | G8: mg/m3 | H8: ug/m3 | I8: ug/m3 | J8: m/sec | K8: deg | L8: degreC | M8: % | N8: w/m2 | O8: mm | P8: ug/m3 | Q8: ug/m3
A9: 25/01/2025 01:00 | B9: 202.64 | C9: 74.78 | D9: 200.2 | E9: 8.44 | F9: 2.13 | G9: 98.12 | H9: 46.03 | I9: Invalid | J9: 1.82 | K9: 315.69 | L9: 16.23 | M9: 77.84 | N9: 71.2 | O9: 0 | P9: 2.32 | Q9: 10.21
A10: 25/01/2025 02:00 | B10: 172.65 | C10: 69.8 | D10: 173.54 | E10: 7.79 | F10: 2.13 | G10: 77.96 | H10: 28.37 | I10: Invalid | J10: 1.68 | K10: 343.05 | L10: 15.83 | M10: 79.03 | N10: 71.2 | O10: 0 | P10: 1.96 | Q10: 10.01
A11: 25/01/2025 03:00 | B11: 142.93 | C11: 67.27 | D11: 148.39 | E11: 7.19 | F11: 2.13 | G11: 77.4 | H11: 35.17 | I11: Invalid | J11: 1.54 | K11: 359.14 | L11: 15.35 | M11: 79.56 | N11: 71.2 | O11: 0 | P11: 1.85 | Q11: 9.88
A12: 25/01/2025 04:00 | B12: 109.91 | C12: 65.99 | D12: 121.25 | E12: 6.67 | F12: 2.13 | G12: 77.38 | H12: 39.46 | I12: Invalid | J12: 1.82 | K12: 321.58 | L12: 14.92 | M12: 86.99 | N12: 71.3 | O12: 0 | P12: 1.56 | Q12: 9.78
A13: 25/01/2025 05:00 | B13: 86 | C13: 61.84 | D13: 99.27 | E13: 6.04 | F13: 2.13 | G13: 68.61 | H13: 27.31 | I13: Invalid | J13: 1.22 | K13: 356.29 | L13: 14.28 | M13: 89.97 | N13: 71.3 | O13: 0 | P13: 1.27 | Q13: 9.36
A14: 25/01/2025 06:00 | B14: 72.55 | C14: 62.7 | D14: 88.7 | E14: 6.53 | F14: 2.13 | G14: 90.41 | H14: 31.16 | I14: Invalid | J14: 1.84 | K14: 316.53 | L14: 13.65 | M14: 97.35 | N14: 71.4 | O14: 0 | P14: 1.15 | Q14: 8.65
A15: 25/01/2025 07:00 | B15: 66.69 | C15: 64.47 | D15: 85.58 | E15: 6.81 | F15: 2.13 | G15: 119.36 | H15: 35.36 | I15: Invalid | J15: 1.21 | K15: 359.19 | L15: 13.69 | M15: 93.24 | N15: 81.7 | O15: 0 | P15: 1.06 | Q15: 8.36
A16: 25/01/2025 08:00 | B16: 55.13 | C16: 65.33 | D16: 76.17 | E16: 6.09 | F16: 2.13 | G16: 74.15 | H16: 35.45 | I16: Invalid | J16: 2.57 | K16: 351.93 | L16: 15.85 | M16: 89.9 | N16: 216.5 | O16: 0 | P16: 1.08 | Q16: 8.21
A17: 25/01/2025 09:00 | B17: 50.8 | C17: 63.46 | D17: 72.44 | E17: 5.87 | F17: 2.15 | G17: 77.08 | H17: 32.03 | I17: Invalid | J17: 2.89 | K17: 114.37 | L17: 20.52 | M17: 74.65 | N17: 390.6 | O17: 0 | P17: 1.04 | Q17: 8.21
A18: 25/01/2025 10:00 | B18: 41.09 | C18: 66.65 | D18: 65.22 | E18: 6.35 | F18: 2.13 | G18: 82.32 | H18: 30.58 | I18: Invalid | J18: 1.48 | K18: 354.04 | L18: 24.14 | M18: 59.05 | N18: 504.5 | O18: 0 | P18: 0.96 | Q18: 8.21
A19: 25/01/2025 11:00 | B19: 35.57 | C19: 72.76 | D19: 62.76 | E19: 6.38 | F19: 2.13 | G19: 72.22 | H19: 32.34 | I19: Invalid | J19: 2.44 | K19: 348 | L19: 24.88 | M19: 47.78 | N19: 568.9 | O19: 0 | P19: 0.9 | Q19: 8.21
A20: 25/01/2025 12:00 | B20: 23.88 | C20: 77.53 | D20: 56.21 | E20: 5.94 | F20: 2.13 | G20: 79.16 | H20: 24.03 | I20: Invalid | J20: 2.18 | K20: 346.92 | L20: 25.8 | M20: 44.39 | N20: 605.5 | O20: 0 | P20: 0.83 | Q20: 8.21
... A32: 25/01/2025 24:00 | B32: 140.29 | C32: 76.08 | D32: 149.99 | E32: 8.3 | F32: 2.13 | G32: 202.82 | H32: 56.91 | I32: Invalid | J32: 1.77 | K32: 344.47 | L32: 16.49 | M32: 88.78 | N32: 68.8 | O32: 0 | P32: 2.64 | Q32: 9.71
A34: Min | B34: =MIN(B9:B32) -> 4.38 | C34: =MIN(C9:C32) -> 61.84 | D34: =MIN(D9:D32) -> 40.32 | E34: =MIN(E9:E32) -> 4.38 | F34: =MIN(F9:F32) -> 2.13 | G34: =MIN(G9:G32) -> 66.2 | H34: =MIN(H9:H32) -> 24.03 | I34: =MIN(I9:I32) -> 0 | ... Q34: =MIN(Q9:Q32) -> 8.21
A35: Max | B35: =MAX(B9:B32) -> 202.64 | C35: =MAX(C9:C32) -> 83.7 | D35: =MAX(D9:D32) -> 200.2 | E35: =MAX(E9:E32) -> 8.44 | F35: =MAX(F9:F32) -> 2.97 | G35: =MAX(G9:G32) -> 211.53 | H35: =MAX(H9:H32) -> 56.91 | I35: =MAX(I9:I32) -> 0 | ... Q35: =MAX(Q9:Q32) -> 10.21
A36: Avg | B36: =AVERAGE(B9:B32) -> 69.063333 | C36: =AVERAGE(C9:C32) -> 72.682917 | D36: =AVERAGE(D9:D32) -> 91.39375 | E36: =AVERAGE(E9:E32) -> 6.5058333 | F36: =AVERAGE(F9:F32) -> 2.1991667 | G36: =AVERAGE(G9:G32) -> 101.22 | H36: =AVERAGE(H9:H32) -> 33.955833 | I36: =AVERAGE(I9:I32) -> #DIV/0! | ... Q36: =AVERAGE(Q9:Q32) -> 8.7970833
A37: Stdev | B37: =STDEV(B9:B32) -> 57.89119 | C37: =STDEV(C9:C32) -> 6.5351468 | D37: =STDEV(D9:D32) -> 46.184202 | E37: =STDEV(E9:E32) -> 1.0907912 | F37: =STDEV(F9:F32) -> 0.22698241 | G37: =STDEV(G9:G32) -> 45.994786 | H37: =STDEV(H9:H32) -> 9.5818456 | I37: =STDEV(I9:I32) -> #DIV/0! | ... Q37: =STDEV(Q9:Q32) -> 0.74807858
A38: Num | B38: =COUNT(B9:B32) -> 24 | C38: =COUNT(C9:C32) -> 24 | D38: =COUNT(D9:D32) -> 24 | E38: =COUNT(E9:E32) -> 24 | F38: =COUNT(F9:F32) -> 24 | G38: =COUNT(G9:G32) -> 24 | H38: =COUNT(H9:H32) -> 24 | I38: =COUNT(I9:I32) -> 0 | ... Q38: =COUNT(Q9:Q32) -> 24
A39: DCR | B39: =IF(B38>=22,">90%",IF(B38<=22,"<90%")) -> >90% | C39: =IF(C38>=22,">90%",IF(C38<=22,"<90%")) -> >90% | D39: =IF(D38>=22,">90%",IF(D38<=22,"<90%")) -> >90% | E39: =IF(E38>=22,">90%",IF(E38<=22,"<90%")) -> >90% | F39: =IF(F38>=22,">90%",IF(F38<=22,"<90%")) -> >90% | G39: =IF(G38>=22,">90%",IF(G38<=22,"<90%")) -> >90% | H39: =IF(H38>=22,">90%",IF(H38<=22,"<90%")) -> >90% | I39: =IF(I38>=22,">90%",IF(I38<=22,"<90%")) -> <90% | ... Q39: =IF(Q38>=22,">90%",IF(Q38<=22,"<90%")) -> >90%
A40: Status | B40: =IF(B38>=22,"OK",IF(B38<=22,"LESS")) -> OK | C40: =IF(C38>=22,"OK",IF(C38<=22,"LESS")) -> OK | D40: =IF(D38>=22,"OK",IF(D38<=22,"LESS")) -> OK | E40: =IF(E38>=22,"OK",IF(E38<=22,"LESS")) -> OK | F40: =IF(F38>=22,"OK",IF(F38<=22,"LESS")) -> OK | G40: =IF(G38>=22,"OK",IF(G38<=22,"LESS")) -> OK | H40: =IF(H38>=22,"OK",IF(H38<=22,"LESS")) -> OK | I40: =IF(I38>=22,"OK",IF(I38<=22,"LESS")) -> LESS | ... Q40: =IF(Q38>=22,"OK",IF(Q38<=22,"LESS")) -> OK
A43: Done by | B43: RAHUL
A45: Comment

Sheet 26
A1: Station: | B1: BHATAGAON RAIPUR
A2: Date: | B2: =$A$9 -> 26/01/2025 01:00 | D2: Power Off | G2: Pw.Off | L2: Link Fail | N2: Link F | P2: Maintenance | R2: Maint.
A3: Report Type: | B3: Mean | D3: Calibration | G3: Calib. | L3: Data Fail | N3: Data F | P3: Invalid | R3: Invalid
A4: Time Base: | B4: 01 Hour | D4: Zero Referrence | G4: Z.Ref | L4: Warm Up | N4: Wm. Up
A7: Date & Time | B7: NO_BHATAGAON | C7: NO2__BHATAGAON | D7: NOX_BHATAGAON | E7: SO2__BHATAGAON | F7: O3__BHATAGAON | G7: PM10__BHATAGAON | H7: PM2_5__BHATAGAON | I7: BENZ__BHATAGAON | J7: WS__BHATAGAON | K7: WD__BHATAGAON | L7: TEMP__BHATAGAON | M7: HUM__BHATAGAON | N7: SR__BHATAGAON | O7: RG__BHATAGAON | P7: CO__BHATAGAON | Q7: NH3__BHATAGAON
B8: ug/m3 | C8: ug/m3 | D8: ppb | E8: ug/m3 | F8: ug/m3 | G8: mg/m3 | H8: ug/m3 | I8: ug/m3 | J8: m/sec | K8: deg | L8: degreC | M8: % | N8: w/m2 | O8: mm | P8: ug/m3 | Q8: ug/m3
A9: 26/01/2025 01:00 | B9: 135.92 | C9: 73.51 | D9: 146.03 | E9: 9.04 | F9: 2.13 | G9: 182.52 | H9: 57.17 | I9: Invalid | J9: 1.66 | K9: 357.95 | L9: 16.64 | M9: 80.92 | N9: 68.8 | O9: 0 | P9: 2.56 | Q9: 9.78
A10: 26/01/2025 02:00 | B10: 110.26 | C10: 65.52 | D10: 121.26 | E10: 7.71 | F10: 2.13 | G10: 87.1 | H10: 44.54 | I10: Invalid | J10: 2.05 | K10: 356.51 | L10: 15.47 | M10: 84.66 | N10: 68.7 | O10: 0 | P10: 1.91 | Q10: 9.67
A11: 26/01/2025 03:00 | B11: 93.66 | C11: 63.92 | D11: 107.13 | E11: 7.59 | F11: 2.13 | G11: 115.81 | H11: 42.48 | I11: Invalid | J11: 1.34 | K11: 104.35 | L11: 15.19 | M11: 86.57 | N11: 68.4 | O11: 0 | P11: 1.76 | Q11: 9.54
A12: 26/01/2025 04:00 | B12: 80.51 | C12: 61.41 | D12: 94.3 | E12: 7.53 | F12: 2.13 | G12: 143.69 | H12: 44.81 | I12: Invalid | J12: 1.42 | K12: 332.93 | L12: 14.81 | M12: 83.17 | N12: 68.5 | O12: 0 | P12: 1.7 | Q12: 8.85
A13: 26/01/2025 05:00 | B13: 64.01 | C13: 62.74 | D13: 82.24 | E13: 6.94 | F13: 2.13 | G13: 93.43 | H13: 42.8 | I13: Invalid | J13: 1.53 | K13: 350.46 | L13: 14.58 | M13: 73.61 | N13: 68.6 | O13: 0 | P13: 1.47 | Q13: 8.21
A14: 26/01/2025 06:00 | B14: 51.65 | C14: 60.66 | D14: 71.03 | E14: 6.59 | F14: 2.13 | G14: 111.7 | H14: 34.7 | I14: Invalid | J14: 1.09 | K14: 74.21 | L14: 13.92 | M14: 77.78 | N14: 68.8 | O14: 0 | P14: 1.26 | Q14: 8.21
A15: 26/01/2025 07:00 | B15: 45.86 | C15: 60.65 | D15: 67.08 | E15: 6.47 | F15: 2.13 | G15: 169.14 | H15: 32.1 | I15: Invalid | J15: 1.15 | K15: 355.59 | L15: 13.61 | M15: 79.1 | N15: 79.1 | O15: 0 | P15: 1.13 | Q15: 8.21
A16: 26/01/2025 08:00 | B16: 43.04 | C16: 62.25 | D16: 65.39 | E16: 6.76 | F16: 2.13 | G16: 86.69 | H16: 29.09 | I16: Invalid | J16: 2.91 | K16: 121.53 | L16: 15.31 | M16: 72.66 | N16: 229.4 | O16: 0 | P16: 1.18 | Q16: 8.21
A17: 26/01/2025 09:00 | B17: 38.63 | C17: 63.38 | D17: 61.89 | E17: 5.26 | F17: 2.13 | G17: 90.9 | H17: 28.5 | I17: Invalid | J17: 2.75 | K17: 112.67 | L17: 19.17 | M17: 62.44 | N17: 415.8 | O17: 0 | P17: 1.1 | Q17: 8.21
A18: 26/01/2025 10:00 | B18: 30.02 | C18: 64.71 | D18: 55.95 | E18: 5.01 | F18: 2.13 | G18: 74.82 | H18: 25.53 | I18: Invalid | J18: 2.97 | K18: 340.52 | L18: 22.13 | M18: 47.85 | N18: 537.1 | O18: 0 | P18: 0.99 | Q18: 8.21
A19: 26/01/2025 11:00 | B19: 23.67 | C19: 68.29 | D19: 51.81 | E19: 5.06 | F19: 2.13 | G19: 83.51 | H19: 88.96 | I19: Invalid | J19: 2.7 | K19: 348.36 | L19: 24.28 | M19: 41.01 | N19: 602.1 | O19: 0 | P19: 0.89 | Q19: 8.21
A20: 26/01/2025 12:00 | B20: 18.22 | C20: 69.81 | D20: 48.39 | E20: 4.89 | F20: 2.13 | G20: 105.16 | H20: 90.96 | I20: Invalid | J20: 2.47 | K20: 120.9 | L20: 23.67 | M20: 42.95 | N20: 632.7 | O20: 0 | P20: 0.81 | Q20: 8.21
... A32: 26/01/2025 24:00 | B32: 61.16 | C32: 69.58 | D32: 84.02 | E32: 7.69 | F32: 2.13 | G32: 100.52 | H32: 28.96 | I32: Invalid | J32: 1.78 | K32: 350.54 | L32: 16.31 | M32: 62.16 | N32: 73.3 | O32: 0 | P32: 1.38 | Q32: 8.21
A34: Min | B34: =MIN(B9:B32) -> 5.58 | C34: =MIN(C9:C32) -> 60.65 | D34: =MIN(D9:D32) -> 40.42 | E34: =MIN(E9:E32) -> 4.21 | F34: =MIN(F9:F32) -> 2.13 | G34: =MIN(G9:G32) -> 47.54 | H34: =MIN(H9:H32) -> 23.37 | I34: =MIN(I9:I32) -> 0 | ... Q34: =MIN(Q9:Q32) -> 8.21
A35: Max | B35: =MAX(B9:B32) -> 135.92 | C35: =MAX(C9:C32) -> 76.51 | D35: =MAX(D9:D32) -> 146.03 | E35: =MAX(E9:E32) -> 9.04 | F35: =MAX(F9:F32) -> 2.32 | G35: =MAX(G9:G32) -> 182.52 | H35: =MAX(H9:H32) -> 90.96 | I35: =MAX(I9:I32) -> 0 | ... Q35: =MAX(Q9:Q32) -> 9.78
A36: Avg | B36: =AVERAGE(B9:B32) -> 45.184583 | C36: =AVERAGE(C9:C32) -> 69.342083 | D36: =AVERAGE(D9:D32) -> 70.625 | E36: =AVERAGE(E9:E32) -> 6.615 | F36: =AVERAGE(F9:F32) -> 2.1425 | G36: =AVERAGE(G9:G32) -> 96.685833 | H36: =AVERAGE(H9:H32) -> 38.97 | I36: =AVERAGE(I9:I32) -> #DIV/0! | ... Q36: =AVERAGE(Q9:Q32) -> 8.4183333
A37: Stdev | B37: =STDEV(B9:B32) -> 34.034602 | C37: =STDEV(C9:C32) -> 5.6520062 | D37: =STDEV(D9:D32) -> 26.609507 | E37: =STDEV(E9:E32) -> 1.315797 | F37: =STDEV(F9:F32) -> 0.043961446 | G37: =STDEV(G9:G32) -> 34.430374 | H37: =STDEV(H9:H32) -> 17.937298 | I37: =STDEV(I9:I32) -> #DIV/0! | ... Q37: =STDEV(Q9:Q32) -> 0.49927484
A38: Num | B38: =COUNT(B9:B32) -> 24 | C38: =COUNT(C9:C32) -> 24 | D38: =COUNT(D9:D32) -> 24 | E38: =COUNT(E9:E32) -> 24 | F38: =COUNT(F9:F32) -> 24 | G38: =COUNT(G9:G32) -> 24 | H38: =COUNT(H9:H32) -> 24 | I38: =COUNT(I9:I32) -> 0 | ... Q38: =COUNT(Q9:Q32) -> 24
A39: DCR | B39: =IF(B38>=22,">90%",IF(B38<=22,"<90%")) -> >90% | C39: =IF(C38>=22,">90%",IF(C38<=22,"<90%")) -> >90% | D39: =IF(D38>=22,">90%",IF(D38<=22,"<90%")) -> >90% | E39: =IF(E38>=22,">90%",IF(E38<=22,"<90%")) -> >90% | F39: =IF(F38>=22,">90%",IF(F38<=22,"<90%")) -> >90% | G39: =IF(G38>=22,">90%",IF(G38<=22,"<90%")) -> >90% | H39: =IF(H38>=22,">90%",IF(H38<=22,"<90%")) -> >90% | I39: =IF(I38>=22,">90%",IF(I38<=22,"<90%")) -> <90% | ... Q39: =IF(Q38>=22,">90%",IF(Q38<=22,"<90%")) -> >90%
A40: Status | B40: =IF(B38>=22,"OK",IF(B38<=22,"LESS")) -> OK | C40: =IF(C38>=22,"OK",IF(C38<=22,"LESS")) -> OK | D40: =IF(D38>=22,"OK",IF(D38<=22,"LESS")) -> OK | E40: =IF(E38>=22,"OK",IF(E38<=22,"LESS")) -> OK | F40: =IF(F38>=22,"OK",IF(F38<=22,"LESS")) -> OK | G40: =IF(G38>=22,"OK",IF(G38<=22,"LESS")) -> OK | H40: =IF(H38>=22,"OK",IF(H38<=22,"LESS")) -> OK | I40: =IF(I38>=22,"OK",IF(I38<=22,"LESS")) -> LESS | ... Q40: =IF(Q38>=22,"OK",IF(Q38<=22,"LESS")) -> OK
A43: Done by | B43: RAHUL
A45: Comment

Sheet 27
A1: Station: | B1: BHATAGAON RAIPUR
A2: Date: | B2: =$A$9 -> 27/01/2025 01:00 | D2: Power Off | G2: Pw.Off | L2: Link Fail | N2: Link F | P2: Maintenance | R2: Maint.
A3: Report Type: | B3: Mean | D3: Calibration | G3: Calib. | L3: Data Fail | N3: Data F | P3: Invalid | R3: Invalid
A4: Time Base: | B4: 01 Hour | D4: Zero Referrence | G4: Z.Ref | L4: Warm Up | N4: Wm. Up
A7: Date & Time | B7: NO_BHATAGAON | C7: NO2__BHATAGAON | D7: NOX_BHATAGAON | E7: SO2__BHATAGAON | F7: O3__BHATAGAON | G7: PM10__BHATAGAON | H7: PM2_5__BHATAGAON | I7: BENZ__BHATAGAON | J7: WS__BHATAGAON | K7: WD__BHATAGAON | L7: TEMP__BHATAGAON | M7: HUM__BHATAGAON | N7: SR__BHATAGAON | O7: RG__BHATAGAON | P7: CO__BHATAGAON | Q7: NH3__BHATAGAON
B8: ug/m3 | C8: ug/m3 | D8: ppb | E8: ug/m3 | F8: ug/m3 | G8: mg/m3 | H8: ug/m3 | I8: ug/m3 | J8: m/sec | K8: deg | L8: degreC | M8: % | N8: w/m2 | O8: mm | P8: ug/m3 | Q8: ug/m3
A9: 27/01/2025 01:00 | B9: 53.91 | C9: 68.79 | D9: 77.79 | E9: 5.81 | F9: 2.13 | G9: 85.06 | H9: 31.55 | I9: Invalid | J9: 0.85 | K9: 359.35 | L9: 16.29 | M9: 56.58 | N9: 73 | O9: 0 | P9: 1.3 | Q9: 8.21
A10: 27/01/2025 02:00 | B10: 39.58 | C10: 66.68 | D10: 65.2 | E10: 4.95 | F10: 2.13 | G10: 55.82 | H10: 20.83 | I10: Invalid | J10: 1.38 | K10: 345.1 | L10: 15.43 | M10: 51.45 | N10: 73.2 | O10: 0 | P10: 1.13 | Q10: 8.21
A11: 27/01/2025 03:00 | B11: 28.2 | C11: 61.81 | D11: 53.46 | E11: 4.84 | F11: 2.13 | G11: 59.12 | H11: 19.66 | I11: Invalid | J11: 1.69 | K11: 324.15 | L11: 14.54 | M11: 80.95 | N11: 73.4 | O11: 0 | P11: 1.01 | Q11: 8.21
A12: 27/01/2025 04:00 | B12: 24.07 | C12: 59.4 | D12: 48.96 | E12: 4.87 | F12: 2.13 | G12: 69.05 | H12: 28.8 | I12: Invalid | J12: 1.84 | K12: 352.16 | L12: 12.4 | M12: 88.64 | N12: 73.2 | O12: 0 | P12: 0.94 | Q12: 8.21
A13: 27/01/2025 05:00 | B13: 26.93 | C13: 57.74 | D13: 50.37 | E13: 5.28 | F13: 2.13 | G13: 76.29 | H13: 35.52 | I13: Invalid | J13: 1.71 | K13: 335.14 | L13: 12.41 | M13: 88.05 | N13: 72.9 | O13: 0 | P13: 0.9 | Q13: 8.21
A14: 27/01/2025 06:00 | B14: 25.9 | C14: 59.53 | D14: 50.03 | E14: 5.12 | F14: 2.13 | G14: 77.65 | H14: 49.06 | I14: Invalid | J14: 1.91 | K14: 349.07 | L14: 12.64 | M14: 67.09 | N14: 73.2 | O14: 0 | P14: 0.84 | Q14: 8.21
A15: 27/01/2025 07:00 | B15: 24.29 | C15: 58.65 | D15: 48.23 | E15: 5.13 | F15: 2.13 | G15: 75.05 | H15: 61.27 | I15: Invalid | J15: 2.06 | K15: 351.19 | L15: 12.71 | M15: 56.19 | N15: 84.4 | O15: 0 | P15: 0.79 | Q15: 8.21
A16: 27/01/2025 08:00 | B16: 24.32 | C16: 58.36 | D16: 48.61 | E16: 5.04 | F16: 2.13 | G16: 70.21 | H16: 47.87 | I16: Invalid | J16: 1.85 | K16: 112.14 | L16: 14.61 | M16: 55.83 | N16: 255.6 | O16: 0 | P16: 0.77 | Q16: 8.21
A17: 27/01/2025 09:00 | B17: 24.89 | C17: 60.76 | D17: 49.58 | E17: 5.45 | F17: 2.13 | G17: 71.68 | H17: 67.9 | I17: Invalid | J17: 2.13 | K17: 123.21 | L17: 18.66 | M17: 42.58 | N17: 465.9 | O17: 0 | P17: 0.77 | Q17: 8.21
A18: 27/01/2025 10:00 | B18: 23.7 | C18: 65.74 | D18: 51.97 | E18: 5.33 | F18: 2.13 | G18: 69.71 | H18: 61.9 | I18: Invalid | J18: 2.79 | K18: 351.67 | L18: 26.04 | M18: 34.97 | N18: 571.1 | O18: 0 | P18: 0.73 | Q18: 8.21
A19: 27/01/2025 11:00 | B19: 24.13 | C19: 106.03 | D19: 66.18 | E19: 11.16 | F19: 3.33 | G19: 71.08 | H19: 60.33 | I19: Invalid | J19: 2.67 | K19: 346.38 | L19: 27.85 | M19: 23.24 | N19: 614.9 | O19: 0 | P19: 0.76 | Q19: 8.21
A20: 27/01/2025 12:00 | B20: 16.88 | C20: 100.9 | D20: 62.42 | E20: 10.1 | F20: 2.13 | G20: 69.49 | H20: 39.31 | I20: Invalid | J20: 1.63 | K20: 343.83 | L20: 27.65 | M20: 23.93 | N20: 608.7 | O20: 0 | P20: 0.77 | Q20: 8.21
... A32: 27/01/2025 24:00 | B32: 101.09 | C32: 69.43 | D32: 115 | E32: 7.49 | F32: 2.13 | G32: 130.1 | H32: 37.08 | I32: Invalid | J32: 1.73 | K32: 306.1 | L32: 15.32 | M32: 65.35 | N32: 76.3 | O32: 0 | P32: 1.41 | Q32: 10.02
A34: Min | B34: =MIN(B9:B32) -> 3.68 | C34: =MIN(C9:C32) -> 57.74 | D34: =MIN(D9:D32) -> 35.6 | E34: =MIN(E9:E32) -> 4.84 | F34: =MIN(F9:F32) -> 2.13 | G34: =MIN(G9:G32) -> 41.37 | H34: =MIN(H9:H32) -> 18.45 | I34: =MIN(I9:I32) -> 0 | ... Q34: =MIN(Q9:Q32) -> 8.21
A35: Max | B35: =MAX(B9:B32) -> 101.09 | C35: =MAX(C9:C32) -> 106.03 | D35: =MAX(D9:D32) -> 115 | E35: =MAX(E9:E32) -> 12.75 | F35: =MAX(F9:F32) -> 10.34 | G35: =MAX(G9:G32) -> 155.43 | H35: =MAX(H9:H32) -> 67.9 | I35: =MAX(I9:I32) -> 0 | ... Q35: =MAX(Q9:Q32) -> 10.02
A36: Avg | B36: =AVERAGE(B9:B32) -> 34.308333 | C36: =AVERAGE(C9:C32) -> 73.872917 | D36: =AVERAGE(D9:D32) -> 63.922083 | E36: =AVERAGE(E9:E32) -> 7.07375 | F36: =AVERAGE(F9:F32) -> 3.3433333 | G36: =AVERAGE(G9:G32) -> 83.775 | H36: =AVERAGE(H9:H32) -> 42.322917 | I36: =AVERAGE(I9:I32) -> #DIV/0! | ... Q36: =AVERAGE(Q9:Q32) -> 8.50625
A37: Stdev | B37: =STDEV(B9:B32) -> 28.5762 | C37: =STDEV(C9:C32) -> 14.934648 | D37: =STDEV(D9:D32) -> 23.112116 | E37: =STDEV(E9:E32) -> 2.1496851 | F37: =STDEV(F9:F32) -> 2.4515313 | G37: =STDEV(G9:G32) -> 31.71382 | H37: =STDEV(H9:H32) -> 14.309406 | I37: =STDEV(I9:I32) -> #DIV/0! | ... Q37: =STDEV(Q9:Q32) -> 0.6283575
A38: Num | B38: =COUNT(B9:B32) -> 24 | C38: =COUNT(C9:C32) -> 24 | D38: =COUNT(D9:D32) -> 24 | E38: =COUNT(E9:E32) -> 24 | F38: =COUNT(F9:F32) -> 24 | G38: =COUNT(G9:G32) -> 24 | H38: =COUNT(H9:H32) -> 24 | I38: =COUNT(I9:I32) -> 0 | ... Q38: =COUNT(Q9:Q32) -> 24
A39: DCR | B39: =IF(B38>=22,">90%",IF(B38<=22,"<90%")) -> >90% | C39: =IF(C38>=22,">90%",IF(C38<=22,"<90%")) -> >90% | D39: =IF(D38>=22,">90%",IF(D38<=22,"<90%")) -> >90% | E39: =IF(E38>=22,">90%",IF(E38<=22,"<90%")) -> >90% | F39: =IF(F38>=22,">90%",IF(F38<=22,"<90%")) -> >90% | G39: =IF(G38>=22,">90%",IF(G38<=22,"<90%")) -> >90% | H39: =IF(H38>=22,">90%",IF(H38<=22,"<90%")) -> >90% | I39: =IF(I38>=22,">90%",IF(I38<=22,"<90%")) -> <90% | ... Q39: =IF(Q38>=22,">90%",IF(Q38<=22,"<90%")) -> >90%
A40: Status | B40: =IF(B38>=22,"OK",IF(B38<=22,"LESS")) -> OK | C40: =IF(C38>=22,"OK",IF(C38<=22,"LESS")) -> OK | D40: =IF(D38>=22,"OK",IF(D38<=22,"LESS")) -> OK | E40: =IF(E38>=22,"OK",IF(E38<=22,"LESS")) -> OK | F40: =IF(F38>=22,"OK",IF(F38<=22,"LESS")) -> OK | G40: =IF(G38>=22,"OK",IF(G38<=22,"LESS")) -> OK | H40: =IF(H38>=22,"OK",IF(H38<=22,"LESS")) -> OK | I40: =IF(I38>=22,"OK",IF(I38<=22,"LESS")) -> LESS | ... Q40: =IF(Q38>=22,"OK",IF(Q38<=22,"LESS")) -> OK
A43: Done by | B43: RAHUL
A45: Comment

Sheet 28
A1: Station: | B1: BHATAGAON RAIPUR
A2: Date: | B2: =$A$9 -> 28/01/2025 01:00 | D2: Power Off | G2: Pw.Off | L2: Link Fail | N2: Link F | P2: Maintenance | R2: Maint.
A3: Report Type: | B3: Mean | D3: Calibration | G3: Calib. | L3: Data Fail | N3: Data F | P3: Invalid | R3: Invalid
A4: Time Base: | B4: 01 Hour | D4: Zero Referrence | G4: Z.Ref | L4: Warm Up | N4: Wm. Up
A7: Date & Time | B7: NO_BHATAGAON | C7: NO2__BHATAGAON | D7: NOX_BHATAGAON | E7: SO2__BHATAGAON | F7: O3__BHATAGAON | G7: PM10__BHATAGAON | H7: PM2_5__BHATAGAON | I7: BENZ__BHATAGAON | J7: WS__BHATAGAON | K7: WD__BHATAGAON | L7: TEMP__BHATAGAON | M7: HUM__BHATAGAON | N7: SR__BHATAGAON | O7: RG__BHATAGAON | P7: CO__BHATAGAON | Q7: NH3__BHATAGAON
B8: ug/m3 | C8: ug/m3 | D8: ppb | E8: ug/m3 | F8: ug/m3 | G8: mg/m3 | H8: ug/m3 | I8: ug/m3 | J8: m/sec | K8: deg | L8: degreC | M8: % | N8: w/m2 | O8: mm | P8: ug/m3 | Q8: ug/m3
A9: 28/01/2025 01:00 | B9: 101.03 | C9: 66.16 | D9: 114.21 | E9: 7.15 | F9: 2.13 | G9: 96.98 | H9: 28.36 | I9: Invalid | J9: 1.81 | K9: 314.15 | L9: 14.95 | M9: 64.96 | N9: 76.4 | O9: 0 | P9: 1.38 | Q9: 9.98
A10: 28/01/2025 02:00 | B10: 92.43 | C10: 64.43 | D10: 106.41 | E10: 7.26 | F10: 2.13 | G10: 90.89 | H10: 27.4 | I10: Invalid | J10: 1.82 | K10: 270.32 | L10: 13.56 | M10: 78.56 | N10: 76.4 | O10: 0 | P10: 1.25 | Q10: 10
A11: 28/01/2025 03:00 | B11: 85.15 | C11: 61.48 | D11: 99.03 | E11: 7.94 | F11: 2.13 | G11: 114.02 | H11: 34.26 | I11: Invalid | J11: 1.93 | K11: 344.1 | L11: 12.54 | M11: 82.64 | N11: 76 | O11: 0 | P11: 1.25 | Q11: 9.74
A12: 28/01/2025 04:00 | B12: 78.43 | C12: 56.25 | D12: 90.67 | E12: 8.29 | F12: 2.13 | G12: 145.64 | H12: 49.83 | I12: Invalid | J12: 1.77 | K12: 304.07 | L12: 12.38 | M12: 76.39 | N12: 76.1 | O12: 0 | P12: 1.25 | Q12: 9.31
A13: 28/01/2025 05:00 | B13: 69.54 | C13: 55.19 | D13: 83.23 | E13: 8.88 | F13: 2.13 | G13: 181.33 | H13: 62.97 | I13: Invalid | J13: 1.74 | K13: 329.84 | L13: 12.11 | M13: 78.8 | N13: 76.3 | O13: 0 | P13: 1.3 | Q13: 8.79
A14: 28/01/2025 06:00 | B14: 69.22 | C14: 61.31 | D14: 84.25 | E14: 9.04 | F14: 2.13 | G14: 203.3 | H14: 66.38 | I14: Invalid | J14: 1.34 | K14: 94.92 | L14: 12.35 | M14: 69.29 | N14: 76 | O14: 0 | P14: 1.32 | Q14: 8.62
A15: 28/01/2025 07:00 | B15: 61.58 | C15: 60.8 | D15: 79.78 | E15: 7.93 | F15: 2.13 | G15: 164.81 | H15: 66.84 | I15: Invalid | J15: 1.43 | K15: 112.08 | L15: 12.36 | M15: 58.3 | N15: 87.7 | O15: 0 | P15: 1.31 | Q15: 8.43
A16: 28/01/2025 08:00 | B16: 49.31 | C16: 56.84 | D16: 67.87 | E16: 6.89 | F16: 2.13 | G16: 75.25 | H16: 20.47 | I16: Invalid | J16: 1.4 | K16: 348.22 | L16: 15.12 | M16: 54.16 | N16: 263.2 | O16: 0 | P16: 1.13 | Q16: 8.21
A17: 28/01/2025 09:00 | B17: 46.4 | C17: 58.47 | D17: 65.58 | E17: 6.1 | F17: 2.13 | G17: 77.9 | H17: 46.06 | I17: Invalid | J17: 1.33 | K17: 104.57 | L17: 19.13 | M17: 42.05 | N17: 462.9 | O17: 0 | P17: 1.06 | Q17: 8.21
A18: 28/01/2025 10:00 | B18: 41.5 | C18: 63.65 | D18: 62.75 | E18: 5.87 | F18: 2.13 | G18: 81.11 | H18: 24.4 | I18: Invalid | J18: 0.75 | K18: 50.75 | L18: 22.63 | M18: 36.83 | N18: 552.9 | O18: 0 | P18: 1 | Q18: 8.21
A19: 28/01/2025 11:00 | B19: 32.54 | C19: 68.6 | D19: 58.64 | E19: 5.58 | F19: 2.13 | G19: 87.59 | H19: 27.95 | I19: Invalid | J19: 2.72 | K19: 121.88 | L19: 23.98 | M19: 29.59 | N19: 607.8 | O19: 0 | P19: 0.95 | Q19: 8.21
A20: 28/01/2025 12:00 | B20: 20.99 | C20: 69.26 | D20: 51.56 | E20: 5.49 | F20: 2.13 | G20: 91.63 | H20: 25.94 | I20: Invalid | J20: 2.02 | K20: 115.99 | L20: 24.97 | M20: 28.93 | N20: 637.9 | O20: 0 | P20: 0.86 | Q20: 8.21
... A32: 28/01/2025 24:00 | B32: 98 | C32: 85.66 | D32: 121.97 | E32: 9.02 | F32: 2.13 | G32: 118.53 | H32: 41.43 | I32: Invalid | J32: 1.45 | K32: 350.83 | L32: 15.79 | M32: 67.24 | N32: 77.7 | O32: 0 | P32: 1.94 | Q32: 9.77
A34: Min | B34: =MIN(B9:B32) -> 7.6 | C34: =MIN(C9:C32) -> 55.19 | D34: =MIN(D9:D32) -> 41.13 | E34: =MIN(E9:E32) -> 5.19 | F34: =MIN(F9:F32) -> 2.13 | G34: =MIN(G9:G32) -> 59.32 | H34: =MIN(H9:H32) -> 16.17 | I34: =MIN(I9:I32) -> 0 | ... Q34: =MIN(Q9:Q32) -> 8.21
A35: Max | B35: =MAX(B9:B32) -> 101.03 | C35: =MAX(C9:C32) -> 85.66 | D35: =MAX(D9:D32) -> 121.97 | E35: =MAX(E9:E32) -> 9.04 | F35: =MAX(F9:F32) -> 2.13 | G35: =MAX(G9:G32) -> 203.3 | H35: =MAX(H9:H32) -> 66.84 | I35: =MAX(I9:I32) -> 0 | ... Q35: =MAX(Q9:Q32) -> 10
A36: Avg | B36: =AVERAGE(B9:B32) -> 51.844167 | C36: =AVERAGE(C9:C32) -> 69.18625 | D36: =AVERAGE(D9:D32) -> 75.956667 | E36: =AVERAGE(E9:E32) -> 7.185 | F36: =AVERAGE(F9:F32) -> 2.13 | G36: =AVERAGE(G9:G32) -> 109.19125 | H36: =AVERAGE(H9:H32) -> 34.37 | I36: =AVERAGE(I9:I32) -> #DIV/0! | ... Q36: =AVERAGE(Q9:Q32) -> 8.7204167
A37: Stdev | B37: =STDEV(B9:B32) -> 32.427182 | C37: =STDEV(C9:C32) -> 9.5108509 | D37: =STDEV(D9:D32) -> 26.90233 | E37: =STDEV(E9:E32) -> 1.3724019 | F37: =STDEV(F9:F32) -> 4.5364061e-16 | G37: =STDEV(G9:G32) -> 41.441061 | H37: =STDEV(H9:H32) -> 15.202326 | I37: =STDEV(I9:I32) -> #DIV/0! | ... Q37: =STDEV(Q9:Q32) -> 0.68177823
A38: Num | B38: =COUNT(B9:B32) -> 24 | C38: =COUNT(C9:C32) -> 24 | D38: =COUNT(D9:D32) -> 24 | E38: =COUNT(E9:E32) -> 24 | F38: =COUNT(F9:F32) -> 24 | G38: =COUNT(G9:G32) -> 24 | H38: =COUNT(H9:H32) -> 24 | I38: =COUNT(I9:I32) -> 0 | ... Q38: =COUNT(Q9:Q32) -> 24
A39: DCR | B39: =IF(B38>=22,">90%",IF(B38<=22,"<90%")) -> >90% | C39: =IF(C38>=22,">90%",IF(C38<=22,"<90%")) -> >90% | D39: =IF(D38>=22,">90%",IF(D38<=22,"<90%")) -> >90% | E39: =IF(E38>=22,">90%",IF(E38<=22,"<90%")) -> >90% | F39: =IF(F38>=22,">90%",IF(F38<=22,"<90%")) -> >90% | G39: =IF(G38>=22,">90%",IF(G38<=22,"<90%")) -> >90% | H39: =IF(H38>=22,">90%",IF(H38<=22,"<90%")) -> >90% | I39: =IF(I38>=22,">90%",IF(I38<=22,"<90%")) -> <90% | ... Q39: =IF(Q38>=22,">90%",IF(Q38<=22,"<90%")) -> >90%
A40: Status | B40: =IF(B38>=22,"OK",IF(B38<=22,"LESS")) -> OK | C40: =IF(C38>=22,"OK",IF(C38<=22,"LESS")) -> OK | D40: =IF(D38>=22,"OK",IF(D38<=22,"LESS")) -> OK | E40: =IF(E38>=22,"OK",IF(E38<=22,"LESS")) -> OK | F40: =IF(F38>=22,"OK",IF(F38<=22,"LESS")) -> OK | G40: =IF(G38>=22,"OK",IF(G38<=22,"LESS")) -> OK | H40: =IF(H38>=22,"OK",IF(H38<=22,"LESS")) -> OK | I40: =IF(I38>=22,"OK",IF(I38<=22,"LESS")) -> LESS | ... Q40: =IF(Q38>=22,"OK",IF(Q38<=22,"LESS")) -> OK
A43: Done by | B43: RAHUL
A45: Comment

Sheet 29
A1: Station: | B1: BHATAGAON RAIPUR
A2: Date: | B2: =$A$9 -> 29/01/2025 01:00 | D2: Power Off | G2: Pw.Off | L2: Link Fail | N2: Link F | P2: Maintenance | R2: Maint.
A3: Report Type: | B3: Mean | D3: Calibration | G3: Calib. | L3: Data Fail | N3: Data F | P3: Invalid | R3: Invalid
A4: Time Base: | B4: 01 Hour | D4: Zero Referrence | G4: Z.Ref | L4: Warm Up | N4: Wm. Up
A7: Date & Time | B7: NO_BHATAGAON | C7: NO2__BHATAGAON | D7: NOX_BHATAGAON | E7: SO2__BHATAGAON | F7: O3__BHATAGAON | G7: PM10__BHATAGAON | H7: PM2_5__BHATAGAON | I7: BENZ__BHATAGAON | J7: WS__BHATAGAON | K7: WD__BHATAGAON | L7: TEMP__BHATAGAON | M7: HUM__BHATAGAON | N7: SR__BHATAGAON | O7: RG__BHATAGAON | P7: CO__BHATAGAON | Q7: NH3__BHATAGAON
B8: ug/m3 | C8: ug/m3 | D8: ppb | E8: ug/m3 | F8: ug/m3 | G8: mg/m3 | H8: ug/m3 | I8: ug/m3 | J8: m/sec | K8: deg | L8: degreC | M8: % | N8: w/m2 | O8: mm | P8: ug/m3 | Q8: ug/m3
A9: 29/01/2025 01:00 | B9: 95.56 | C9: 80.54 | D9: 117.34 | E9: 6.77 | F9: 2.13 | G9: 117.62 | H9: 49.15 | I9: Invalid | J9: 1.64 | K9: 314.19 | L9: 15.18 | M9: 68.88 | N9: 77.5 | O9: 0 | P9: 1.86 | Q9: 9.77
A10: 29/01/2025 02:00 | B10: 86.12 | C10: 74.69 | D10: 106.71 | E10: 6.82 | F10: 2.13 | G10: 113.47 | H10: 39.91 | I10: Invalid | J10: 1.67 | K10: 320.73 | L10: 14.42 | M10: 85.54 | N10: 77.7 | O10: 0 | P10: 1.69 | Q10: 9.53
A11: 29/01/2025 03:00 | B11: 79.1 | C11: 70.86 | D11: 99.07 | E11: 6.71 | F11: 2.13 | G11: 116.43 | H11: 43.83 | I11: Invalid | J11: 1.7 | K11: 329.63 | L11: 13.58 | M11: 86.42 | N11: 77.6 | O11: 0 | P11: 1.67 | Q11: 9.12
A12: 29/01/2025 04:00 | B12: 71.58 | C12: 66.99 | D12: 91.03 | E12: 6.82 | F12: 2.13 | G12: 129.19 | H12: 40.95 | I12: Invalid | J12: 1.66 | K12: 334.62 | L12: 12.98 | M12: 94.94 | N12: 77.8 | O12: 0 | P12: 1.56 | Q12: 8.67
A13: 29/01/2025 05:00 | B13: 74.13 | C13: 61.67 | D13: 90.18 | E13: 6.38 | F13: 2.13 | G13: 143.74 | H13: 44 | I13: Invalid | J13: 1.64 | K13: 339.1 | L13: 13.25 | M13: 97.92 | N13: 77.6 | O13: 0 | P13: 1.48 | Q13: 8.59
A14: 29/01/2025 06:00 | B14: 73.53 | C14: 61.71 | D14: 89.83 | E14: 6.76 | F14: 2.13 | G14: 142.6 | H14: 46.21 | I14: Invalid | J14: 1.33 | K14: 341.98 | L14: 13.33 | M14: 78.63 | N14: 77.8 | O14: 0 | P14: 1.37 | Q14: 8.57
A15: 29/01/2025 07:00 | B15: 71.87 | C15: 61.74 | D15: 88.33 | E15: 6.76 | F15: 2.13 | G15: 131.98 | H15: 48.06 | I15: Invalid | J15: 1.43 | K15: 356.37 | L15: 13.09 | M15: 67.73 | N15: 93.3 | O15: 0 | P15: 1.36 | Q15: 8.44
A16: 29/01/2025 08:00 | B16: 66.22 | C16: 61.93 | D16: 83.84 | E16: 6.63 | F16: 2.13 | G16: 126.73 | H16: 42.17 | I16: Invalid | J16: 1.71 | K16: 124.62 | L16: 15.17 | M16: 66.19 | N16: 196.3 | O16: 0 | P16: 1.28 | Q16: 8.21
A17: 29/01/2025 09:00 | B17: 59.12 | C17: 62.36 | D17: 78.11 | E17: 6.46 | F17: 2.13 | G17: 111.03 | H17: 37.53 | I17: Invalid | J17: 2.17 | K17: 119.44 | L17: 18.43 | M17: 53.93 | N17: 386.6 | O17: 0 | P17: 1.22 | Q17: 8.21
A18: 29/01/2025 10:00 | B18: 38.3 | C18: 85.33 | D18: 66.19 | E18: 8.72 | F18: 2.13 | G18: 93.27 | H18: 26.37 | I18: Invalid | J18: 2.52 | K18: 126.99 | L18: 22.99 | M18: 47.46 | N18: 516 | O18: 0 | P18: 1.07 | Q18: 8.21
A19: 29/01/2025 11:00 | B19: 10.1 | C19: 88.2 | D19: 50.36 | E19: 8.57 | F19: 2.28 | G19: 87.78 | H19: 42.58 | I19: Invalid | J19: 1.97 | K19: 332.12 | L19: 28.21 | M19: 38.78 | N19: 556.3 | O19: 0 | P19: 0.91 | Q19: 8.21
A20: 29/01/2025 12:00 | B20: 5.46 | C20: 87.84 | D20: 48.89 | E20: 6.86 | F20: 2.13 | G20: 102.98 | H20: 52.99 | I20: Invalid | J20: 1.91 | K20: 332.76 | L20: 29.55 | M20: 31.05 | N20: 589.3 | O20: 0 | P20: 0.91 | Q20: 8.21
... A32: 29/01/2025 24:00 | B32: 91.65 | C32: 82.63 | D32: 115.29 | E32: 8.84 | F32: 2.13 | G32: 162.55 | H32: 49.48 | I32: Invalid | J32: 1.63 | K32: 311.52 | L32: 17.31 | M32: 89.67 | N32: 77.2 | O32: 0 | P32: 2.06 | Q32: 9.53
A34: Min | B34: =MIN(B9:B32) -> 3.99 | C34: =MIN(C9:C32) -> 61.67 | D34: =MIN(D9:D32) -> 40.6 | E34: =MIN(E9:E32) -> 6.38 | F34: =MIN(F9:F32) -> 2.13 | G34: =MIN(G9:G32) -> 87.78 | H34: =MIN(H9:H32) -> 26.37 | I34: =MIN(I9:I32) -> 0 | ... Q34: =MIN(Q9:Q32) -> 8.21
A35: Max | B35: =MAX(B9:B32) -> 95.56 | C35: =MAX(C9:C32) -> 93.85 | D35: =MAX(D9:D32) -> 117.34 | E35: =MAX(E9:E32) -> 8.96 | F35: =MAX(F9:F32) -> 3.01 | G35: =MAX(G9:G32) -> 170.36 | H35: =MAX(H9:H32) -> 56.81 | I35: =MAX(I9:I32) -> 0 | ... Q35: =MAX(Q9:Q32) -> 9.77
A36: Avg | B36: =AVERAGE(B9:B32) -> 49.287917 | C36: =AVERAGE(C9:C32) -> 77.7 | D36: =AVERAGE(D9:D32) -> 78.049583 | E36: =AVERAGE(E9:E32) -> 7.4325 | F36: =AVERAGE(F9:F32) -> 2.25625 | G36: =AVERAGE(G9:G32) -> 125.5975 | H36: =AVERAGE(H9:H32) -> 46.362083 | I36: =AVERAGE(I9:I32) -> #DIV/0! | ... Q36: =AVERAGE(Q9:Q32) -> 8.5870833
A37: Stdev | B37: =STDEV(B9:B32) -> 34.85921 | C37: =STDEV(C9:C32) -> 10.495515 | D37: =STDEV(D9:D32) -> 27.146806 | E37: =STDEV(E9:E32) -> 0.95024596 | F37: =STDEV(F9:F32) -> 0.2619627 | G37: =STDEV(G9:G32) -> 24.821174 | H37: =STDEV(H9:H32) -> 7.1239248 | I37: =STDEV(I9:I32) -> #DIV/0! | ... Q37: =STDEV(Q9:Q32) -> 0.52946634
A38: Num | B38: =COUNT(B9:B32) -> 24 | C38: =COUNT(C9:C32) -> 24 | D38: =COUNT(D9:D32) -> 24 | E38: =COUNT(E9:E32) -> 24 | F38: =COUNT(F9:F32) -> 24 | G38: =COUNT(G9:G32) -> 24 | H38: =COUNT(H9:H32) -> 24 | I38: =COUNT(I9:I32) -> 0 | ... Q38: =COUNT(Q9:Q32) -> 24
A39: DCR | B39: =IF(B38>=22,">90%",IF(B38<=22,"<90%")) -> >90% | C39: =IF(C38>=22,">90%",IF(C38<=22,"<90%")) -> >90% | D39: =IF(D38>=22,">90%",IF(D38<=22,"<90%")) -> >90% | E39: =IF(E38>=22,">90%",IF(E38<=22,"<90%")) -> >90% | F39: =IF(F38>=22,">90%",IF(F38<=22,"<90%")) -> >90% | G39: =IF(G38>=22,">90%",IF(G38<=22,"<90%")) -> >90% | H39: =IF(H38>=22,">90%",IF(H38<=22,"<90%")) -> >90% | I39: =IF(I38>=22,">90%",IF(I38<=22,"<90%")) -> <90% | ... Q39: =IF(Q38>=22,">90%",IF(Q38<=22,"<90%")) -> >90%
A40: Status | B40: =IF(B38>=22,"OK",IF(B38<=22,"LESS")) -> OK | C40: =IF(C38>=22,"OK",IF(C38<=22,"LESS")) -> OK | D40: =IF(D38>=22,"OK",IF(D38<=22,"LESS")) -> OK | E40: =IF(E38>=22,"OK",IF(E38<=22,"LESS")) -> OK | F40: =IF(F38>=22,"OK",IF(F38<=22,"LESS")) -> OK | G40: =IF(G38>=22,"OK",IF(G38<=22,"LESS")) -> OK | H40: =IF(H38>=22,"OK",IF(H38<=22,"LESS")) -> OK | I40: =IF(I38>=22,"OK",IF(I38<=22,"LESS")) -> LESS | ... Q40: =IF(Q38>=22,"OK",IF(Q38<=22,"LESS")) -> OK
A43: Done by | B43: RAHUL
A45: Comment

Sheet 30
A1: Station: | B1: BHATAGAON RAIPUR
A2: Date: | B2: =$A$9 -> 30/01/2025 01:00 | D2: Power Off | G2: Pw.Off | L2: Link Fail | N2: Link F | P2: Maintenance | R2: Maint.
A3: Report Type: | B3: Mean | D3: Calibration | G3: Calib. | L3: Data Fail | N3: Data F | P3: Invalid | R3: Invalid
A4: Time Base: | B4: 01 Hour | D4: Zero Referrence | G4: Z.Ref | L4: Warm Up | N4: Wm. Up
A7: Date & Time | B7: NO_BHATAGAON | C7: NO2__BHATAGAON | D7: NOX_BHATAGAON | E7: SO2__BHATAGAON | F7: O3__BHATAGAON | G7: PM10__BHATAGAON | H7: PM2_5__BHATAGAON | I7: BENZ__BHATAGAON | J7: WS__BHATAGAON | K7: WD__BHATAGAON | L7: TEMP__BHATAGAON | M7: HUM__BHATAGAON | N7: SR__BHATAGAON | O7: RG__BHATAGAON | P7: CO__BHATAGAON | Q7: NH3__BHATAGAON
B8: ug/m3 | C8: ug/m3 | D8: ppb | E8: ug/m3 | F8: ug/m3 | G8: mg/m3 | H8: ug/m3 | I8: ug/m3 | J8: m/sec | K8: deg | L8: degreC | M8: % | N8: w/m2 | O8: mm | P8: ug/m3 | Q8: ug/m3
A9: 30/01/2025 01:00 | B9: 81.62 | C9: 77.02 | D9: 104.32 | E9: 8.19 | F9: 2.13 | G9: 134.29 | H9: 47.19 | I9: Invalid | J9: 1.62 | K9: 289.71 | L9: 16.13 | M9: 91.54 | N9: 77.1 | O9: 0 | P9: 1.87 | Q9: 9.15
A10: 30/01/2025 02:00 | B10: 71.17 | C10: 67.76 | D10: 91.1 | E10: 7.92 | F10: 2.13 | G10: 119.17 | H10: 41.66 | I10: Invalid | J10: 1.49 | K10: 301.95 | L10: 15.65 | M10: 94.95 | N10: 76.9 | O10: 0 | P10: 1.5 | Q10: 8.48
A11: 30/01/2025 03:00 | B11: 65.15 | C11: 65.72 | D11: 85.21 | E11: 8.08 | F11: 2.13 | G11: 100.54 | H11: 37.71 | I11: Invalid | J11: 1.71 | K11: 294.37 | L11: 15.65 | M11: 96.35 | N11: 75.6 | O11: 0 | P11: 1.44 | Q11: 8.21
A12: 30/01/2025 04:00 | B12: 56.8 | C12: 64.01 | D12: 77.62 | E12: 7.52 | F12: 2.13 | G12: 91.89 | H12: 35.5 | I12: Invalid | J12: 1.41 | K12: 311.04 | L12: 15.29 | M12: 101.39 | N12: 76 | O12: 0 | P12: 1.4 | Q12: 8.21
A13: 30/01/2025 05:00 | B13: 47.31 | C13: 60.86 | D13: 68.36 | E13: 7.15 | F13: 2.13 | G13: 70.76 | H13: 32.63 | I13: Invalid | J13: 1.66 | K13: 311.07 | L13: 14.58 | M13: 104.48 | N13: 76.6 | O13: 0 | P13: 1.22 | Q13: 8.21
A14: 30/01/2025 06:00 | B14: 44.56 | C14: 57.69 | D14: 64.26 | E14: 7.13 | F14: 2.13 | G14: 72.02 | H14: 29.79 | I14: Invalid | J14: 1.62 | K14: 285.62 | L14: 14.54 | M14: 104.49 | N14: 76.6 | O14: 0 | P14: 1.01 | Q14: 8.21
A15: 30/01/2025 07:00 | B15: 43.37 | C15: 57.54 | D15: 63.31 | E15: 7.03 | F15: 2.13 | G15: 71.28 | H15: 27.84 | I15: Invalid | J15: 1.63 | K15: 329.26 | L15: 14.29 | M15: 104.12 | N15: 87.3 | O15: 0 | P15: 0.92 | Q15: 8.21
A16: 30/01/2025 08:00 | B16: 50.36 | C16: 60.83 | D16: 70.79 | E16: 7.63 | F16: 2.13 | G16: 75.13 | H16: 28.15 | I16: Invalid | J16: 1.26 | K16: 335.63 | L16: 17.59 | M16: 104.22 | N16: 220.5 | O16: 0 | P16: 1.03 | Q16: 8.21
A17: 30/01/2025 09:00 | B17: 50.41 | C17: 62.76 | D17: 70.89 | E17: 7.56 | F17: 2.13 | G17: 82.82 | H17: 19.16 | I17: Invalid | J17: 1.33 | K17: 316.36 | L17: 22.86 | M17: 84.33 | N17: 385.4 | O17: 0 | P17: 1.02 | Q17: 8.21
A18: 30/01/2025 10:00 | B18: 43.17 | C18: 64.64 | D18: 66.48 | E18: 7.46 | F18: 2.13 | G18: 85.28 | H18: 23.78 | I18: Invalid | J18: 1.53 | K18: 276.25 | L18: 25 | M18: 70.82 | N18: 511.4 | O18: 0 | P18: 0.97 | Q18: 8.21
A19: 30/01/2025 11:00 | B19: 27.98 | C19: 72.77 | D19: 55.87 | E19: 9.7 | F19: 7.7 | G19: 72.36 | H19: 28.07 | I19: Invalid | J19: 1.52 | K19: 268.85 | L19: 26.87 | M19: 61.13 | N19: 564.4 | O19: 0 | P19: 0.86 | Q19: 8.21
A20: 30/01/2025 12:00 | B20: 3.62 | C20: 65.51 | D20: 35.68 | E20: 10.19 | F20: 7.87 | G20: 64.94 | H20: 26.55 | I20: Invalid | J20: 1.71 | K20: 282.14 | L20: 27.85 | M20: 51.43 | N20: 576 | O20: 0 | P20: 0.62 | Q20: 8.21
... A32: 30/01/2025 24:00 | B32: 17.61 | C32: 58.27 | D32: 42.43 | E32: 5.11 | F32: 2.13 | G32: 72.48 | H32: 25.32 | I32: Invalid | J32: 1.17 | K32: 248.52 | L32: 18.65 | M32: 87.81 | N32: 76.4 | O32: 0 | P32: 0.83 | Q32: 8.21
A34: Min | B34: =MIN(B9:B32) -> 3.47 | C34: =MIN(C9:C32) -> 57.54 | D34: =MIN(D9:D32) -> 33.54 | E34: =MIN(E9:E32) -> 5.11 | F34: =MIN(F9:F32) -> 2.13 | G34: =MIN(G9:G32) -> 60.29 | H34: =MIN(H9:H32) -> 19.16 | I34: =MIN(I9:I32) -> 0 | ... Q34: =MIN(Q9:Q32) -> 8.21
A35: Max | B35: =MAX(B9:B32) -> 81.62 | C35: =MAX(C9:C32) -> 77.02 | D35: =MAX(D9:D32) -> 104.32 | E35: =MAX(E9:E32) -> 11.17 | F35: =MAX(F9:F32) -> 12.97 | G35: =MAX(G9:G32) -> 134.29 | H35: =MAX(H9:H32) -> 47.19 | I35: =MAX(I9:I32) -> 0 | ... Q35: =MAX(Q9:Q32) -> 9.15
A36: Avg | B36: =AVERAGE(B9:B32) -> 29.955417 | C36: =AVERAGE(C9:C32) -> 63.584583 | D36: =AVERAGE(D9:D32) -> 55.53125 | E36: =AVERAGE(E9:E32) -> 7.65375 | F36: =AVERAGE(F9:F32) -> 3.5229167 | G36: =AVERAGE(G9:G32) -> 78.79875 | H36: =AVERAGE(H9:H32) -> 28.27375 | I36: =AVERAGE(I9:I32) -> #DIV/0! | ... Q36: =AVERAGE(Q9:Q32) -> 8.2604167
A37: Stdev | B37: =STDEV(B9:B32) -> 24.363786 | C37: =STDEV(C9:C32) -> 4.7028687 | D37: =STDEV(D9:D32) -> 20.561445 | E37: =STDEV(E9:E32) -> 1.6117202 | F37: =STDEV(F9:F32) -> 2.7946182 | G37: =STDEV(G9:G32) -> 17.624325 | H37: =STDEV(H9:H32) -> 6.4034867 | I37: =STDEV(I9:I32) -> #DIV/0! | ... Q37: =STDEV(Q9:Q32) -> 0.19731853
A38: Num | B38: =COUNT(B9:B32) -> 24 | C38: =COUNT(C9:C32) -> 24 | D38: =COUNT(D9:D32) -> 24 | E38: =COUNT(E9:E32) -> 24 | F38: =COUNT(F9:F32) -> 24 | G38: =COUNT(G9:G32) -> 24 | H38: =COUNT(H9:H32) -> 24 | I38: =COUNT(I9:I32) -> 0 | ... Q38: =COUNT(Q9:Q32) -> 24
A39: DCR | B39: =IF(B38>=22,">90%",IF(B38<=22,"<90%")) -> >90% | C39: =IF(C38>=22,">90%",IF(C38<=22,"<90%")) -> >90% | D39: =IF(D38>=22,">90%",IF(D38<=22,"<90%")) -> >90% | E39: =IF(E38>=22,">90%",IF(E38<=22,"<90%")) -> >90% | F39: =IF(F38>=22,">90%",IF(F38<=22,"<90%")) -> >90% | G39: =IF(G38>=22,">90%",IF(G38<=22,"<90%")) -> >90% | H39: =IF(H38>=22,">90%",IF(H38<=22,"<90%")) -> >90% | I39: =IF(I38>=22,">90%",IF(I38<=22,"<90%")) -> <90% | ... Q39: =IF(Q38>=22,">90%",IF(Q38<=22,"<90%")) -> >90%
A40: Status | B40: =IF(B38>=22,"OK",IF(B38<=22,"LESS")) -> OK | C40: =IF(C38>=22,"OK",IF(C38<=22,"LESS")) -> OK | D40: =IF(D38>=22,"OK",IF(D38<=22,"LESS")) -> OK | E40: =IF(E38>=22,"OK",IF(E38<=22,"LESS")) -> OK | F40: =IF(F38>=22,"OK",IF(F38<=22,"LESS")) -> OK | G40: =IF(G38>=22,"OK",IF(G38<=22,"LESS")) -> OK | H40: =IF(H38>=22,"OK",IF(H38<=22,"LESS")) -> OK | I40: =IF(I38>=22,"OK",IF(I38<=22,"LESS")) -> LESS | ... Q40: =IF(Q38>=22,"OK",IF(Q38<=22,"LESS")) -> OK
A43: Done by | B43: RAHUL
A45: Comment

Sheet 31
A1: Station: | B1: BHATAGAON RAIPUR
A2: Date: | B2: =$A$9 -> 31/01/2025 01:00 | D2: Power Off | G2: Pw.Off | L2: Link Fail | N2: Link F | P2: Maintenance | R2: Maint.
A3: Report Type: | B3: Mean | D3: Calibration | G3: Calib. | L3: Data Fail | N3: Data F | P3: Invalid | R3: Invalid
A4: Time Base: | B4: 01 Hour | D4: Zero Referrence | G4: Z.Ref | L4: Warm Up | N4: Wm. Up
A7: Date & Time | B7: NO_BHATAGAON | C7: NO2__BHATAGAON | D7: NOX_BHATAGAON | E7: SO2__BHATAGAON | F7: O3__BHATAGAON | G7: PM10__BHATAGAON | H7: PM2_5__BHATAGAON | I7: BENZ__BHATAGAON | J7: WS__BHATAGAON | K7: WD__BHATAGAON | L7: TEMP__BHATAGAON | M7: HUM__BHATAGAON | N7: SR__BHATAGAON | O7: RG__BHATAGAON | P7: CO__BHATAGAON | Q7: NH3__BHATAGAON
B8: ug/m3 | C8: ug/m3 | D8: ppb | E8: ug/m3 | F8: ug/m3 | G8: mg/m3 | H8: ug/m3 | I8: ug/m3 | J8: m/sec | K8: deg | L8: degreC | M8: % | N8: w/m2 | O8: mm | P8: ug/m3 | Q8: ug/m3
