Workbook

Sheet 01
A1: Station: | B1: IGKV ,RAIPUR
A2: Date: | B2: =$A$9 -> 45078.042 | D2: Power Off | G2: Pw.Off | L2: Link Fail | N2: Link F | P2: Maintenance | R2: Maint.
A3: Report Type: | B3: Mean | D3: Calibration | G3: Calib. | L3: Data Fail | N3: Data F | P3: Invalid | R3: Invalid
A4: Time Base: | B4: 01 Hour | D4: Zero Referrence | G4: Z.Ref | L4: Warm Up | N4: Wm. Up
A7: Date & Time | B7: NO | C7: NO2 | D7: NOX | E7: SO2 | F7: O3 | G7: PM 10 | H7: PM 2.5 | I7: BENZ | J7: WS | K7: WD | L7: TEMP | M7: HUM | N7: SR | O7: RG | P7: CO | Q7: NH3
B8: ug/m3 | C8: ug/m3 | D8: ppb | E8: ug/m3 | F8: ug/m3 | G8: ug/m3 | H8: ug/m3 | I8: ug/m3 | J8: m/sec | K8: deg | L8: degreC | M8: % | N8: w/m2 | O8: mm | P8: mg/m3 | Q8: ug/m3
A9: 45078.042 | B9: 47.45 | C9: 68.26 | D9: 72.67 | E9: 6.68 | F9: 4.95 | G9: 100.58 | H9: 31.4 | I9: 7.12 | J9: 0.27 | K9: 248.6 | L9: 30.52 | M9: 44.63 | N9: 0 | O9: 0 | P9: 0.89 | Q9: 6.05
A10: 01/06/2023 02:00 | B10: 30.63 | C10: 63.59 | D10: 55.72 | E10: 7.33 | F10: 5.13 | G10: 112.38 | H10: 32.99 | I10: 7.52 | J10: 0.25 | K10: 205.32 | L10: 30.65 | M10: 47.63 | N10: 0 | O10: 0 | P10: 0.85 | Q10: 6.31
A11: 01/06/2023 03:00 | B11: 35.51 | C11: 62.32 | D11: 59.11 | E11: 15.82 | F11: 6.59 | G11: 112.38 | H11: 32.99 | I11: 8.97 | J11: 0.55 | K11: 175.87 | L11: 30.27 | M11: 48.77 | N11: 0 | O11: 0 | P11: 0.87 | Q11: 6.46
A12: 01/06/2023 04:00 | B12: 38.42 | C12: 61.93 | D12: 62.12 | E12: 18.11 | F12: 6.2 | G12: 104.24 | H12: 32.56 | I12: 9.32 | J12: 0.51 | K12: 72.34 | L12: 30.16 | M12: 41.45 | N12: 0 | O12: 0 | P12: 0.85 | Q12: 6.58
A13: 01/06/2023 05:00 | B13: 42.5 | C13: 64.07 | D13: 66.51 | E13: 9.69 | F13: 4.28 | G13: 104.24 | H13: 31.86 | I13: 8.12 | J13: 0.2 | K13: 168.61 | L13: 28.58 | M13: 49.66 | N13: 0 | O13: 0 | P13: 0.85 | Q13: 6.68
A14: 01/06/2023 06:00 | B14: 47 | C14: 65.31 | D14: 70.77 | E14: 9.01 | F14: 3.8 | G14: 99.78 | H14: 31.11 | I14: 8.33 | J14: 0.27 | K14: 167.93 | L14: 27.89 | M14: 51.6 | N14: 22.3 | O14: 0 | P14: 0.85 | Q14: 6.89
A15: 01/06/2023 07:00 | B15: 47.95 | C15: 66.15 | D15: 71.97 | E15: 15.39 | F15: 6.69 | G15: 104.72 | H15: 33.37 | I15: 8.66 | J15: 0.32 | K15: 340.83 | L15: 30.75 | M15: 50.13 | N15: 62.9 | O15: 0 | P15: 0.93 | Q15: 7.04
A16: 01/06/2023 08:00 | B16: 41.3 | C16: 62.79 | D16: 63.4 | E16: 19.53 | F16: 17.75 | G16: 123.82 | H16: 37.78 | I16: 9.28 | J16: 0.72 | K16: 27.5 | L16: 34.21 | M16: 39.18 | N16: 92.3 | O16: 0 | P16: 0.97 | Q16: 7.01
A17: 01/06/2023 09:00 | B17: 34.51 | C17: 63.45 | D17: 58.02 | E17: 22.1 | F17: 27.09 | G17: 123.82 | H17: 37.78 | I17: 9.08 | J17: 1.39 | K17: 47.31 | L17: 36.65 | M17: 32.06 | N17: 133.9 | O17: 0 | P17: 0.9 | Q17: 6.77
A18: 01/06/2023 10:00 | B18: 25.12 | C18: 58.97 | D18: 48.31 | E18: 16.6 | F18: 26.89 | G18: 109.24 | H18: 35.46 | I18: 7.93 | J18: 1.41 | K18: 42.73 | L18: 38.37 | M18: 25.29 | N18: 173 | O18: 0 | P18: 0.84 | Q18: 6.31
A19: 01/06/2023 11:00 | B19: 18.59 | C19: 56.18 | D19: 43.22 | E19: 13.59 | F19: 27.72 | G19: 101.61 | H19: 35.27 | I19: 7.64 | J19: 1.47 | K19: 40.07 | L19: 39.37 | M19: 19.57 | N19: 213.4 | O19: 0 | P19: 0.78 | Q19: 5.89
A20: 01/06/2023 12:00 | B20: 13.96 | C20: 50.88 | D20: 36.34 | E20: 13.37 | F20: 32.53 | G20: 91.87 | H20: 32.34 | I20: 6.82 | J20: 1.31 | K20: 53.61 | L20: 40.59 | M20: 15.75 | N20: 756.2 | O20: 0 | P20: 0.72 | Q20: 5.54
A21: 01/06/2023 13:00 | B21: 9.14 | C21: 51.62 | D21: 32.11 | E21: 13.23 | F21: 32.03 | G21: 89.94 | H21: 32.24 | I21: 6.55 | J21: 1.36 | K21: 304.18 | L21: 41.45 | M21: 13.37 | N21: 782.6 | O21: 0 | P21: 0.67 | Q21: 5.26
... A32: 01/06/2023 24:00 | B32: 44.93 | C32: 66.99 | D32: 69.99 | E32: 20.04 | F32: 4.08 | G32: 132.13 | H32: 35.92 | I32: 9.44 | J32: 0.29 | K32: 237.9 | L32: 30.28 | M32: 35.58 | N32: 0 | O32: 0 | P32: 1.04 | Q32: 6.57
A34: Min | B34: =MIN(B9:B32) -> 3.48 | C34: =MIN(C9:C32) -> 50.88 | D34: =MIN(D9:D32) -> 32.11 | E34: =MIN(E9:E32) -> 6.68 | F34: =MIN(F9:F32) -> 3.8 | G34: =MIN(G9:G32) -> 68.37 | H34: =MIN(H9:H32) -> 19.26 | I34: =MIN(I9:I32) -> 3.59 | ... Q34: =MIN(Q9:Q32) -> 5.19
A35: Max | B35: =MAX(B9:B32) -> 47.95 | C35: =MAX(C9:C32) -> 74.32 | D35: =MAX(D9:D32) -> 72.67 | E35: =MAX(E9:E32) -> 35.07 | F35: =MAX(F9:F32) -> 51.75 | G35: =MAX(G9:G32) -> 132.13 | H35: =MAX(H9:H32) -> 37.78 | I35: =MAX(I9:I32) -> 9.49 | ... Q35: =MAX(Q9:Q32) -> 7.04
A36: Avg | B36: =AVERAGE(B9:B32) -> 26.481667 | C36: =AVERAGE(C9:C32) -> 63.257083 | D36: =AVERAGE(D9:D32) -> 52.53375 | E36: =AVERAGE(E9:E32) -> 15.250833 | F36: =AVERAGE(F9:F32) -> 19.224583 | G36: =AVERAGE(G9:G32) -> 99.514167 | H36: =AVERAGE(H9:H32) -> 30.383333 | I36: =AVERAGE(I9:I32) -> 7.4270833 | ... Q36: =AVERAGE(Q9:Q32) -> 6.0833333
A37: Stdev | B37: =STDEV(B9:B32) -> 15.606115 | C37: =STDEV(C9:C32) -> 6.0892353 | D37: =STDEV(D9:D32) -> 14.360094 | E37: =STDEV(E9:E32) -> 6.5312912 | F37: =STDEV(F9:F32) -> 14.999469 | G37: =STDEV(G9:G32) -> 17.477445 | H37: =STDEV(H9:H32) -> 5.5370591 | I37: =STDEV(I9:I32) -> 1.8259303 | ... Q37: =STDEV(Q9:Q32) -> 0.58067926
A38: Num | B38: =COUNT(B9:B32) -> 24 | C38: =COUNT(C9:C32) -> 24 | D38: =COUNT(D9:D32) -> 24 | E38: =COUNT(E9:E32) -> 24 | F38: =COUNT(F9:F32) -> 24 | G38: =COUNT(G9:G32) -> 24 | H38: =COUNT(H9:H32) -> 24 | I38: =COUNT(I9:I32) -> 24 | ... Q38: =COUNT(Q9:Q32) -> 24
A39: DCR | B39: =IF(B38>=22,">90%",IF(B38<=22,"<90%")) -> >90% | C39: =IF(C38>=22,">90%",IF(C38<=22,"<90%")) -> >90% | D39: =IF(D38>=22,">90%",IF(D38<=22,"<90%")) -> >90% | E39: =IF(E38>=22,">90%",IF(E38<=22,"<90%")) -> >90% | F39: =IF(F38>=22,">90%",IF(F38<=22,"<90%")) -> >90% | G39: =IF(G38>=22,">90%",IF(G38<=22,"<90%")) -> >90% | H39: =IF(H38>=22,">90%",IF(H38<=22,"<90%")) -> >90% | I39: =IF(I38>=22,">90%",IF(I38<=22,"<90%")) -> >90% | ... Q39: =IF(Q38>=22,">90%",IF(Q38<=22,"<90%")) -> >90%
A40: Status | B40: =IF(B38>=22,"OK",IF(B38<=22,"LESS")) -> OK | C40: =IF(C38>=22,"OK",IF(C38<=22,"LESS")) -> OK | D40: =IF(D38>=22,"OK",IF(D38<=22,"LESS")) -> OK | E40: =IF(E38>=22,"OK",IF(E38<=22,"LESS")) -> OK | F40: =IF(F38>=22,"OK",IF(F38<=22,"LESS")) -> OK | G40: =IF(G38>=22,"OK",IF(G38<=22,"LESS")) -> OK | H40: =IF(H38>=22,"OK",IF(H38<=22,"LESS")) -> OK | I40: =IF(I38>=22,"OK",IF(I38<=22,"LESS")) -> OK | ... Q40: =IF(Q38>=22,"OK",IF(Q38<=22,"LESS")) -> OK
A43: Done by | B43: AKASH
A45: Comment

Sheet 02
A1: Station: | B1: IGKV ,RAIPUR
A2: Date: | B2: =$A$9 -> 02/06/2023 01:00 | D2: Power Off | G2: Pw.Off | L2: Link Fail | N2: Link F | P2: Maintenance | R2: Maint.
A3: Report Type: | B3: Mean | D3: Calibration | G3: Calib. | L3: Data Fail | N3: Data F | P3: Invalid | R3: Invalid
A4: Time Base: | B4: 01 Hour | D4: Zero Referrence | G4: Z.Ref | L4: Warm Up | N4: Wm. Up
A7: Date & Time | B7: NO | C7: NO2 | D7: NOX | E7: SO2 | F7: O3 | G7: PM 10 | H7: PM 2.5 | I7: BENZ | J7: WS | K7: WD | L7: TEMP | M7: HUM | N7: SR | O7: RG | P7: CO | Q7: NH3
B8: ug/m3 | C8: ug/m3 | D8: ppb | E8: ug/m3 | F8: ug/m3 | G8: ug/m3 | H8: ug/m3 | I8: ug/m3 | J8: m/sec | K8: deg | L8: degreC | M8: % | N8: w/m2 | O8: mm | P8: mg/m3 | Q8: ug/m3
A9: 02/06/2023 01:00 | B9: 54.09 | C9: 67.02 | D9: 77.35 | E9: 23.65 | F9: 3.99 | G9: 132.13 | H9: 40.07 | I9: 11.06 | J9: 0.2 | K9: 212.43 | L9: 29.84 | M9: 35.22 | N9: 0 | O9: 0 | P9: 1.15 | Q9: 6.91
A10: 02/06/2023 02:00 | B10: 56.98 | C10: 65.74 | D10: 79 | E10: 28.48 | F10: 3.89 | G10: 149.04 | H10: 43.81 | I10: 11.63 | J10: 0.22 | K10: 193.74 | L10: 29.97 | M10: 37.74 | N10: 0 | O10: 0 | P10: 1.18 | Q10: 7.25
A11: 02/06/2023 03:00 | B11: 70.25 | C11: 64.92 | D11: 89.2 | E11: 27.48 | F11: 4.48 | G11: 150.46 | H11: 43.81 | I11: 11.66 | J11: 0.29 | K11: 212.11 | L11: 29.89 | M11: 35.95 | N11: 0 | O11: 0 | P11: 1.13 | Q11: 7.53
A12: 02/06/2023 04:00 | B12: 54.26 | C12: 62.72 | D12: 74.77 | E12: 23.31 | F12: 4.38 | G12: 150.46 | H12: 42.76 | I12: 11.21 | J12: 0.37 | K12: 163.06 | L12: 29.35 | M12: 37.54 | N12: 0 | O12: 0 | P12: 1.07 | Q12: 7.55
A13: 02/06/2023 05:00 | B13: 57.14 | C13: 64.57 | D13: 78.51 | E13: 20.68 | F13: 4.46 | G13: 144.42 | H13: 50.1 | I13: 10.98 | J13: 0.6 | K13: 69.67 | L13: 29.31 | M13: 29.29 | N13: 0 | O13: 0 | P13: 1.07 | Q13: 7.51
A14: 02/06/2023 06:00 | B14: 58.71 | C14: 64.63 | D14: 79.8 | E14: 7.88 | F14: 4.05 | G14: 137.79 | H14: 77.51 | I14: 10.75 | J14: 0.21 | K14: 238.09 | L14: 28.16 | M14: 41.95 | N14: 21.7 | O14: 0 | P14: 1.07 | Q14: 7.47
A15: 02/06/2023 07:00 | B15: 53.38 | C15: 62.1 | D15: 74.21 | E15: 11.76 | F15: 4.89 | G15: 136.7 | H15: 85.9 | I15: 10.54 | J15: 0.21 | K15: 320.07 | L15: 30.51 | M15: 42.41 | N15: 61.6 | O15: 0 | P15: 1.04 | Q15: 7.35
A16: 02/06/2023 08:00 | B16: 49.44 | C16: 61.33 | D16: 70.65 | E16: 12.96 | F16: 14.85 | G16: 128.29 | H16: 85.9 | I16: 10.33 | J16: 0.43 | K16: 296.79 | L16: 35.4 | M16: 29.02 | N16: 86.9 | O16: 0 | P16: 1 | Q16: 7.27
A17: 02/06/2023 09:00 | B17: 36.55 | C17: 63.6 | D17: 59.4 | E17: 41.59 | F17: 26.64 | G17: 115.95 | H17: 85.51 | I17: 9.48 | J17: 0.8 | K17: 335.27 | L17: 36.95 | M17: 23.53 | N17: 120.5 | O17: 0 | P17: 0.95 | Q17: 6.96
A18: 02/06/2023 10:00 | B18: 24.89 | C18: 65.66 | D18: 52.03 | E18: 45.1 | F18: 41.14 | G18: 124.48 | H18: 75.92 | I18: 9.64 | J18: 0.85 | K18: 314.88 | L18: 39.5 | M18: 20.1 | N18: 141.4 | O18: 0 | P18: 0.94 | Q18: 6.49
A19: 02/06/2023 11:00 | B19: 15.36 | C19: 62.11 | D19: 43.73 | E19: 32.55 | F19: 44.69 | G19: 124.48 | H19: 75.92 | I19: 9.07 | J19: 0.48 | K19: 338.58 | L19: 40.62 | M19: 16.61 | N19: 185.1 | O19: 0 | P19: 0.87 | Q19: 6.04
A20: 02/06/2023 12:00 | B20: 8.83 | C20: 58.86 | D20: 36.79 | E20: 30.85 | F20: 56.37 | G20: 121.41 | H20: 63.45 | I20: 7.78 | J20: 1.05 | K20: 310.15 | L20: 41.52 | M20: 13.73 | N20: 692.8 | O20: 0 | P20: 0.77 | Q20: 5.54
... A32: 02/06/2023 24:00 | B32: 32.69 | C32: 62.81 | D32: 57.99 | E32: 27.78 | F32: 7.13 | G32: 100 | H32: 27.74 | I32: 9.1 | J32: 0.24 | K32: 320.1 | L32: 34.19 | M32: 30.37 | N32: 0 | O32: 0 | P32: 0.75 | Q32: 6.18
A34: Min | B34: =MIN(B9:B32) -> 4.65 | C34: =MIN(C9:C32) -> 44.7 | D34: =MIN(D9:D32) -> 26.08 | E34: =MIN(E9:E32) -> 7.88 | F34: =MIN(F9:F32) -> 3.89 | G34: =MIN(G9:G32) -> 45.48 | H34: =MIN(H9:H32) -> 16.05 | I34: =MIN(I9:I32) -> 4.29 | ... Q34: =MIN(Q9:Q32) -> 4.77
A35: Max | B35: =MAX(B9:B32) -> 70.25 | C35: =MAX(C9:C32) -> 67.02 | D35: =MAX(D9:D32) -> 89.2 | E35: =MAX(E9:E32) -> 45.1 | F35: =MAX(F9:F32) -> 60.38 | G35: =MAX(G9:G32) -> 150.46 | H35: =MAX(H9:H32) -> 85.9 | I35: =MAX(I9:I32) -> 11.66 | ... Q35: =MAX(Q9:Q32) -> 7.55
A36: Avg | B36: =AVERAGE(B9:B32) -> 29.46125 | C36: =AVERAGE(C9:C32) -> 59.095 | D36: =AVERAGE(D9:D32) -> 53.214167 | E36: =AVERAGE(E9:E32) -> 22.662083 | F36: =AVERAGE(F9:F32) -> 24.888333 | G36: =AVERAGE(G9:G32) -> 103.01708 | H36: =AVERAGE(H9:H32) -> 44.930833 | I36: =AVERAGE(I9:I32) -> 8.3358333 | ... Q36: =AVERAGE(Q9:Q32) -> 6.0995833
A37: Stdev | B37: =STDEV(B9:B32) -> 22.249832 | C37: =STDEV(C9:C32) -> 7.1116011 | D37: =STDEV(D9:D32) -> 20.762403 | E37: =STDEV(E9:E32) -> 11.286599 | F37: =STDEV(F9:F32) -> 20.039584 | G37: =STDEV(G9:G32) -> 36.458288 | H37: =STDEV(H9:H32) -> 24.709697 | I37: =STDEV(I9:I32) -> 2.4652311 | ... Q37: =STDEV(Q9:Q32) -> 1.0666342
A38: Num | B38: =COUNT(B9:B32) -> 24 | C38: =COUNT(C9:C32) -> 24 | D38: =COUNT(D9:D32) -> 24 | E38: =COUNT(E9:E32) -> 24 | F38: =COUNT(F9:F32) -> 24 | G38: =COUNT(G9:G32) -> 24 | H38: =COUNT(H9:H32) -> 24 | I38: =COUNT(I9:I32) -> 24 | ... Q38: =COUNT(Q9:Q32) -> 24
A39: DCR | B39: =IF(B38>=22,">90%",IF(B38<=22,"<90%")) -> >90% | C39: =IF(C38>=22,">90%",IF(C38<=22,"<90%")) -> >90% | D39: =IF(D38>=22,">90%",IF(D38<=22,"<90%")) -> >90% | E39: =IF(E38>=22,">90%",IF(E38<=22,"<90%")) -> >90% | F39: =IF(F38>=22,">90%",IF(F38<=22,"<90%")) -> >90% | G39: =IF(G38>=22,">90%",IF(G38<=22,"<90%")) -> >90% | H39: =IF(H38>=22,">90%",IF(H38<=22,"<90%")) -> >90% | I39: =IF(I38>=22,">90%",IF(I38<=22,"<90%")) -> >90% | ... Q39: =IF(Q38>=22,">90%",IF(Q38<=22,"<90%")) -> >90%
A40: Status | B40: =IF(B38>=22,"OK",IF(B38<=22,"LESS")) -> OK | C40: =IF(C38>=22,"OK",IF(C38<=22,"LESS")) -> OK | D40: =IF(D38>=22,"OK",IF(D38<=22,"LESS")) -> OK | E40: =IF(E38>=22,"OK",IF(E38<=22,"LESS")) -> OK | F40: =IF(F38>=22,"OK",IF(F38<=22,"LESS")) -> OK | G40: =IF(G38>=22,"OK",IF(G38<=22,"LESS")) -> OK | H40: =IF(H38>=22,"OK",IF(H38<=22,"LESS")) -> OK | I40: =IF(I38>=22,"OK",IF(I38<=22,"LESS")) -> OK | ... Q40: =IF(Q38>=22,"OK",IF(Q38<=22,"LESS")) -> OK
A43: Done by | B43: AKASH
A45: Comment

Sheet 03
A1: Station: | B1: IGKV ,RAIPUR
A2: Date: | B2: =$A$9 -> 03/06/2023 01:00 | D2: Power Off | G2: Pw.Off | L2: Link Fail | N2: Link F | P2: Maintenance | R2: Maint.
A3: Report Type: | B3: Mean | D3: Calibration | G3: Calib. | L3: Data Fail | N3: Data F | P3: Invalid | R3: Invalid
A4: Time Base: | B4: 01 Hour | D4: Zero Referrence | G4: Z.Ref | L4: Warm Up | N4: Wm. Up
A7: Date & Time | B7: NO | C7: NO2 | D7: NOX | E7: SO2 | F7: O3 | G7: PM 10 | H7: PM 2.5 | I7: BENZ | J7: WS | K7: WD | L7: TEMP | M7: HUM | N7: SR | O7: RG | P7: CO | Q7: NH3
B8: ug/m3 | C8: ug/m3 | D8: ppb | E8: ug/m3 | F8: ug/m3 | G8: ug/m3 | H8: ug/m3 | I8: ug/m3 | J8: m/sec | K8: deg | L8: degreC | M8: % | N8: w/m2 | O8: mm | P8: mg/m3 | Q8: ug/m3
A9: 03/06/2023 01:00 | B9: 31.29 | C9: 63.07 | D9: 56.18 | E9: 23.33 | F9: 6.29 | G9: 107.55 | H9: 31.56 | I9: 8.95 | J9: 0.28 | K9: 234.18 | L9: 32.19 | M9: 32.63 | N9: 0 | O9: 0 | P9: 0.79 | Q9: 6.28
A10: 03/06/2023 02:00 | B10: 32.96 | C10: 61.23 | D10: 57.38 | E10: 33.93 | F10: 8.04 | G10: 107.55 | H10: 33 | I10: 9.12 | J10: 0.13 | K10: 221.78 | L10: 32.16 | M10: 33.83 | N10: 0 | O10: 0 | P10: 0.78 | Q10: 6.34
A11: 03/06/2023 03:00 | B11: 34.56 | C11: 60.29 | D11: 58.17 | E11: 41.46 | F11: 7.91 | G11: 118.17 | H11: 34.27 | I11: 8.98 | J11: 0.39 | K11: 72.01 | L11: 31.32 | M11: 31.05 | N11: 0 | O11: 0 | P11: 0.78 | Q11: 6.39
A12: 03/06/2023 04:00 | B12: 30.35 | C12: 58.85 | D12: 53.9 | E12: 39.33 | F12: 10.49 | G12: 118.17 | H12: 34.27 | I12: 8.31 | J12: 0.59 | K12: 64.04 | L12: 30.79 | M12: 30.38 | N12: 0 | O12: 0 | P12: 0.78 | Q12: 6.39
A13: 03/06/2023 05:00 | B13: 36.52 | C13: 60.97 | D13: 60.1 | E13: 37.33 | F13: 8.96 | G13: 107.45 | H13: 33.68 | I13: 7.61 | J13: 0.55 | K13: 56.18 | L13: 30.67 | M13: 32.87 | N13: 0 | O13: 0 | P13: 0.79 | Q13: 6.36
A14: 03/06/2023 06:00 | B14: 34.41 | C14: 59.93 | D14: 57.27 | E14: 15.29 | F14: 6.87 | G14: 106.36 | H14: 32.83 | I14: 7.38 | J14: 0.39 | K14: 70.95 | L14: 30.05 | M14: 36.35 | N14: 16.9 | O14: 0 | P14: 0.75 | Q14: 6.45
A15: 03/06/2023 07:00 | B15: 35.17 | C15: 59.98 | D15: 58.5 | E15: 13.09 | F15: 8.36 | G15: 95.42 | H15: 28.99 | I15: 7.72 | J15: 0.27 | K15: 36.67 | L15: 31.12 | M15: 35.57 | N15: 59.8 | O15: 0 | P15: 0.83 | Q15: 6.5
A16: 03/06/2023 08:00 | B16: 36.15 | C16: 61.84 | D16: 60.25 | E16: 17.14 | F16: 14.06 | G16: 92.78 | H16: 28.37 | I16: 8.34 | J16: 0.57 | K16: 49.71 | L16: 33.32 | M16: 36.44 | N16: 148.5 | O16: 0 | P16: 0.86 | Q16: 6.55
A17: 03/06/2023 09:00 | B17: 28.14 | C17: 58.79 | D17: 52.24 | E17: 32.86 | F17: 26.14 | G17: 93.65 | H17: 28.37 | I17: 8.12 | J17: 0.76 | K17: 61.97 | L17: 36.45 | M17: 31.85 | N17: 174.9 | O17: 0 | P17: 0.8 | Q17: 6.49
A18: 03/06/2023 10:00 | B18: 22.57 | C18: 65.17 | D18: 50.05 | E18: 50.99 | F18: 18.7 | G18: 93.65 | H18: 28.26 | I18: 7.39 | J18: 1.02 | K18: 76.47 | L18: 37.61 | M18: 27.97 | N18: 195.1 | O18: 0 | P18: 0.78 | Q18: 6.25
A19: 03/06/2023 11:00 | B19: 18.95 | C19: 63.67 | D19: 45.36 | E19: 15.56 | F19: 23.95 | G19: 93.51 | H19: 26.71 | I19: 7.25 | J19: 1.24 | K19: 91.35 | L19: 39.78 | M19: 25.04 | N19: 185.1 | O19: 0 | P19: 0.75 | Q19: 5.99
A20: 03/06/2023 12:00 | B20: 10.63 | C20: 57.3 | D20: 37.42 | E20: 10.81 | F20: 36.94 | G20: 90.03 | H20: 25.88 | I20: 6.91 | J20: 1.03 | K20: 81.28 | L20: 41.2 | M20: 21.26 | N20: 782.8 | O20: 0 | P20: 0.65 | Q20: 5.57
... A32: 03/06/2023 24:00 | B32: 50.04 | C32: 74.51 | D32: 76.77 | E32: 33.35 | F32: 6.54 | G32: 233.53 | H32: 136.79 | I32: 17.03 | J32: 0.35 | K32: 295.95 | L32: 32.46 | M32: 36.71 | N32: 0 | O32: 0 | P32: 1.67 | Q32: 7.24
A34: Min | B34: =MIN(B9:B32) -> 3.29 | C34: =MIN(C9:C32) -> 48.94 | D34: =MIN(D9:D32) -> 27.16 | E34: =MIN(E9:E32) -> 9.44 | F34: =MIN(F9:F32) -> 4.1 | G34: =MIN(G9:G32) -> 62.94 | H34: =MIN(H9:H32) -> 23.13 | I34: =MIN(I9:I32) -> 4.68 | ... Q34: =MIN(Q9:Q32) -> 4.85
A35: Max | B35: =MAX(B9:B32) -> 62.22 | C35: =MAX(C9:C32) -> 75.93 | D35: =MAX(D9:D32) -> 88.68 | E35: =MAX(E9:E32) -> 50.99 | F35: =MAX(F9:F32) -> 62.74 | G35: =MAX(G9:G32) -> 233.53 | H35: =MAX(H9:H32) -> 136.79 | I35: =MAX(I9:I32) -> 17.03 | ... Q35: =MAX(Q9:Q32) -> 7.24
A36: Avg | B36: =AVERAGE(B9:B32) -> 24.02 | C36: =AVERAGE(C9:C32) -> 61.845 | D36: =AVERAGE(D9:D32) -> 50.322917 | E36: =AVERAGE(E9:E32) -> 22.315833 | F36: =AVERAGE(F9:F32) -> 24.739583 | G36: =AVERAGE(G9:G32) -> 96.346667 | H36: =AVERAGE(H9:H32) -> 41.160833 | I36: =AVERAGE(I9:I32) -> 7.8933333 | ... Q36: =AVERAGE(Q9:Q32) -> 5.8658333
A37: Stdev | B37: =STDEV(B9:B32) -> 18.029238 | C37: =STDEV(C9:C32) -> 8.256877 | D37: =STDEV(D9:D32) -> 17.316553 | E37: =STDEV(E9:E32) -> 11.660752 | F37: =STDEV(F9:F32) -> 20.389397 | G37: =STDEV(G9:G32) -> 34.290115 | H37: =STDEV(H9:H32) -> 23.294525 | I37: =STDEV(I9:I32) -> 2.7714016 | ... Q37: =STDEV(Q9:Q32) -> 0.71975187
A38: Num | B38: =COUNT(B9:B32) -> 24 | C38: =COUNT(C9:C32) -> 24 | D38: =COUNT(D9:D32) -> 24 | E38: =COUNT(E9:E32) -> 24 | F38: =COUNT(F9:F32) -> 24 | G38: =COUNT(G9:G32) -> 24 | H38: =COUNT(H9:H32) -> 24 | I38: =COUNT(I9:I32) -> 24 | ... Q38: =COUNT(Q9:Q32) -> 24
A39: DCR | B39: =IF(B38>=22,">90%",IF(B38<=22,"<90%")) -> >90% | C39: =IF(C38>=22,">90%",IF(C38<=22,"<90%")) -> >90% | D39: =IF(D38>=22,">90%",IF(D38<=22,"<90%")) -> >90% | E39: =IF(E38>=22,">90%",IF(E38<=22,"<90%")) -> >90% | F39: =IF(F38>=22,">90%",IF(F38<=22,"<90%")) -> >90% | G39: =IF(G38>=22,">90%",IF(G38<=22,"<90%")) -> >90% | H39: =IF(H38>=22,">90%",IF(H38<=22,"<90%")) -> >90% | I39: =IF(I38>=22,">90%",IF(I38<=22,"<90%")) -> >90% | ... Q39: =IF(Q38>=22,">90%",IF(Q38<=22,"<90%")) -> >90%
A40: Status | B40: =IF(B38>=22,"OK",IF(B38<=22,"LESS")) -> OK | C40: =IF(C38>=22,"OK",IF(C38<=22,"LESS")) -> OK | D40: =IF(D38>=22,"OK",IF(D38<=22,"LESS")) -> OK | E40: =IF(E38>=22,"OK",IF(E38<=22,"LESS")) -> OK | F40: =IF(F38>=22,"OK",IF(F38<=22,"LESS")) -> OK | G40: =IF(G38>=22,"OK",IF(G38<=22,"LESS")) -> OK | H40: =IF(H38>=22,"OK",IF(H38<=22,"LESS")) -> OK | I40: =IF(I38>=22,"OK",IF(I38<=22,"LESS")) -> OK | ... Q40: =IF(Q38>=22,"OK",IF(Q38<=22,"LESS")) -> OK
A43: Done by | B43: AKASH
A45: Comment

Sheet 04
A1: Station: | B1: IGKV ,RAIPUR
A2: Date: | B2: =$A$9 -> 04/06/2023 01:00 | D2: Power Off | G2: Pw.Off | L2: Link Fail | N2: Link F | P2: Maintenance | R2: Maint.
A3: Report Type: | B3: Mean | D3: Calibration | G3: Calib. | L3: Data Fail | N3: Data F | P3: Invalid | R3: Invalid
A4: Time Base: | B4: 01 Hour | D4: Zero Referrence | G4: Z.Ref | L4: Warm Up | N4: Wm. Up
A7: Date & Time | B7: NO | C7: NO2 | D7: NOX | E7: SO2 | F7: O3 | G7: PM 10 | H7: PM 2.5 | I7: BENZ | J7: WS | K7: WD | L7: TEMP | M7: HUM | N7: SR | O7: RG | P7: CO | Q7: NH3
B8: ug/m3 | C8: ug/m3 | D8: ppb | E8: ug/m3 | F8: ug/m3 | G8: ug/m3 | H8: ug/m3 | I8: ug/m3 | J8: m/sec | K8: deg | L8: degreC | M8: % | N8: w/m2 | O8: mm | P8: mg/m3 | Q8: ug/m3
A9: 04/06/2023 01:00 | B9: 46.87 | C9: 67.6 | D9: 70.99 | E9: 40.63 | F9: 7.89 | G9: 233.53 | H9: 136.79 | I9: 15.13 | J9: 0.36 | K9: 326.17 | L9: 32.31 | M9: 35.78 | N9: 0 | O9: 0 | P9: 1.23 | Q9: 7.26
A10: 04/06/2023 02:00 | B10: 48.52 | C10: 66.96 | D10: 72.85 | E10: 34.86 | F10: 6.78 | G10: 132.92 | H10: 118.55 | I10: 10.69 | J10: 0.32 | K10: 75.29 | L10: 30.99 | M10: 37.34 | N10: 0 | O10: 0 | P10: 1.16 | Q10: 7.33
A11: 04/06/2023 03:00 | B11: 41.27 | C11: 61.74 | D11: 64.3 | E11: 15.88 | F11: 10.71 | G11: 105.55 | H11: 86.2 | I11: 10.49 | J11: 0.63 | K11: 54.18 | L11: 31.13 | M11: 36.89 | N11: 0 | O11: 0 | P11: 1.11 | Q11: 7.2
A12: 04/06/2023 04:00 | B12: 42.36 | C12: 63.79 | D12: 66.25 | E12: 20.63 | F12: 7.6 | G12: 98.49 | H12: 64.09 | I12: 9.69 | J12: 0.29 | K12: 188.16 | L12: 30.33 | M12: 44.64 | N12: 0 | O12: 0 | P12: 1.01 | Q12: 6.99
A13: 04/06/2023 05:00 | B13: 43.49 | C13: 64.11 | D13: 67.33 | E13: 13.06 | F13: 5.32 | G13: 79.4 | H13: 52.68 | I13: 9.74 | J13: 0.45 | K13: 253.35 | L13: 28.4 | M13: 48.95 | N13: 0 | O13: 0 | P13: 1.03 | Q13: 6.97
A14: 04/06/2023 06:00 | B14: 40.09 | C14: 63.25 | D14: 64.15 | E14: 7.18 | F14: 5.65 | G14: 79.4 | H14: 52.68 | I14: 9.63 | J14: 0.32 | K14: 244.84 | L14: 28.03 | M14: 52.24 | N14: 20.5 | O14: 0 | P14: 0.97 | Q14: 6.76
A15: 04/06/2023 07:00 | B15: 37.71 | C15: 60.38 | D15: 60.75 | E15: 8.83 | F15: 4.88 | G15: 59.55 | H15: 46.09 | I15: 9.9 | J15: 0.19 | K15: 289.83 | L15: 29.8 | M15: 53.82 | N15: 63.6 | O15: 0 | P15: 0.94 | Q15: 6.69
A16: 04/06/2023 08:00 | B16: 38 | C16: 62.93 | D16: 61.14 | E16: 22.35 | F16: 11.19 | G16: 86.59 | H16: 53.14 | I16: 10.83 | J16: 0.68 | K16: 319.44 | L16: 31.81 | M16: 40.1 | N16: 132 | O16: 0 | P16: 0.96 | Q16: 6.66
A17: 04/06/2023 09:00 | B17: 33.82 | C17: 62.39 | D17: 57.65 | E17: 27.82 | F17: 14.71 | G17: 90.12 | H17: 66.24 | I17: 9.67 | J17: 1.05 | K17: 312.19 | L17: 35.06 | M17: 32.45 | N17: 235.2 | O17: 0 | P17: 0.93 | Q17: 6.54
A18: 04/06/2023 10:00 | B18: 23.45 | C18: 61.84 | D18: 49.52 | E18: 33.98 | F18: 33.43 | G18: 101.05 | H18: 66.24 | I18: 9.28 | J18: 1.07 | K18: 347.3 | L18: 36.04 | M18: 30.64 | N18: 256.1 | O18: 0 | P18: 0.9 | Q18: 6.23
A19: 04/06/2023 11:00 | B19: 15.12 | C19: 64.68 | D19: 44.88 | E19: 54.44 | F19: 51.54 | G19: 105.21 | H19: 41.23 | I19: 8.47 | J19: 0.82 | K19: 130.55 | L19: 38.74 | M19: 29.35 | N19: 318.4 | O19: 0 | P19: 0.93 | Q19: 5.91
A20: 04/06/2023 12:00 | B20: 7.84 | C20: 58.84 | D20: 34.82 | E20: 61.17 | F20: 78.12 | G20: 105.21 | H20: 35.17 | I20: 7.86 | J20: 0.41 | K20: 106.83 | L20: 40.52 | M20: 24.59 | N20: 679.4 | O20: 0 | P20: 0.85 | Q20: 5.48
... A32: 04/06/2023 24:00 | B32: 5.23 | C32: 50.36 | D32: 29.29 | E32: 9.9 | F32: 20.65 | G32: 68.06 | H32: 39.2 | I32: 4.19 | J32: 0.51 | K32: 130.31 | L32: 31.52 | M32: 44.31 | N32: 0 | O32: 0 | P32: 0.53 | Q32: 4.79
A34: Min | B34: =MIN(B9:B32) -> 3.38 | C34: =MIN(C9:C32) -> 47.04 | D34: =MIN(D9:D32) -> 26.47 | E34: =MIN(E9:E32) -> 7.18 | F34: =MIN(F9:F32) -> 4.88 | G34: =MIN(G9:G32) -> 46.29 | H34: =MIN(H9:H32) -> 35.17 | I34: =MIN(I9:I32) -> 4.19 | ... Q34: =MIN(Q9:Q32) -> 4.69
A35: Max | B35: =MAX(B9:B32) -> 48.52 | C35: =MAX(C9:C32) -> 67.6 | D35: =MAX(D9:D32) -> 72.85 | E35: =MAX(E9:E32) -> 68.1 | F35: =MAX(F9:F32) -> 83.97 | G35: =MAX(G9:G32) -> 233.53 | H35: =MAX(H9:H32) -> 136.79 | I35: =MAX(I9:I32) -> 15.13 | ... Q35: =MAX(Q9:Q32) -> 7.33
A36: Avg | B36: =AVERAGE(B9:B32) -> 20.107083 | C36: =AVERAGE(C9:C32) -> 58.096667 | D36: =AVERAGE(D9:D32) -> 45.147083 | E36: =AVERAGE(E9:E32) -> 25.645 | F36: =AVERAGE(F9:F32) -> 31.565833 | G36: =AVERAGE(G9:G32) -> 96.30125 | H36: =AVERAGE(H9:H32) -> 62.550417 | I36: =AVERAGE(I9:I32) -> 7.8895833 | ... Q36: =AVERAGE(Q9:Q32) -> 5.8079167
A37: Stdev | B37: =STDEV(B9:B32) -> 17.568866 | C37: =STDEV(C9:C32) -> 6.0525307 | D37: =STDEV(D9:D32) -> 16.818053 | E37: =STDEV(E9:E32) -> 17.522829 | F37: =STDEV(F9:F32) -> 24.139059 | G37: =STDEV(G9:G32) -> 36.411281 | H37: =STDEV(H9:H32) -> 23.847495 | I37: =STDEV(I9:I32) -> 2.6977083 | ... Q37: =STDEV(Q9:Q32) -> 0.96755173
A38: Num | B38: =COUNT(B9:B32) -> 24 | C38: =COUNT(C9:C32) -> 24 | D38: =COUNT(D9:D32) -> 24 | E38: =COUNT(E9:E32) -> 24 | F38: =COUNT(F9:F32) -> 24 | G38: =COUNT(G9:G32) -> 24 | H38: =COUNT(H9:H32) -> 24 | I38: =COUNT(I9:I32) -> 24 | ... Q38: =COUNT(Q9:Q32) -> 24
A39: DCR | B39: =IF(B38>=22,">90%",IF(B38<=22,"<90%")) -> >90% | C39: =IF(C38>=22,">90%",IF(C38<=22,"<90%")) -> >90% | D39: =IF(D38>=22,">90%",IF(D38<=22,"<90%")) -> >90% | E39: =IF(E38>=22,">90%",IF(E38<=22,"<90%")) -> >90% | F39: =IF(F38>=22,">90%",IF(F38<=22,"<90%")) -> >90% | G39: =IF(G38>=22,">90%",IF(G38<=22,"<90%")) -> >90% | H39: =IF(H38>=22,">90%",IF(H38<=22,"<90%")) -> >90% | I39: =IF(I38>=22,">90%",IF(I38<=22,"<90%")) -> >90% | ... Q39: =IF(Q38>=22,">90%",IF(Q38<=22,"<90%")) -> >90%
A40: Status | B40: =IF(B38>=22,"OK",IF(B38<=22,"LESS")) -> OK | C40: =IF(C38>=22,"OK",IF(C38<=22,"LESS")) -> OK | D40: =IF(D38>=22,"OK",IF(D38<=22,"LESS")) -> OK | E40: =IF(E38>=22,"OK",IF(E38<=22,"LESS")) -> OK | F40: =IF(F38>=22,"OK",IF(F38<=22,"LESS")) -> OK | G40: =IF(G38>=22,"OK",IF(G38<=22,"LESS")) -> OK | H40: =IF(H38>=22,"OK",IF(H38<=22,"LESS")) -> OK | I40: =IF(I38>=22,"OK",IF(I38<=22,"LESS")) -> OK | ... Q40: =IF(Q38>=22,"OK",IF(Q38<=22,"LESS")) -> OK
A43: Done by | B43: AKASH
A45: Comment

Sheet 05
A1: Station: | B1: IGKV ,RAIPUR
A2: Date: | B2: =$A$9 -> 05/06/2023 01:00 | D2: Power Off | G2: Pw.Off | L2: Link Fail | N2: Link F | P2: Maintenance | R2: Maint.
A3: Report Type: | B3: Mean | D3: Calibration | G3: Calib. | L3: Data Fail | N3: Data F | P3: Invalid | R3: Invalid
A4: Time Base: | B4: 01 Hour | D4: Zero Referrence | G4: Z.Ref | L4: Warm Up | N4: Wm. Up
A7: Date & Time | B7: NO | C7: NO2 | D7: NOX | E7: SO2 | F7: O3 | G7: PM 10 | H7: PM 2.5 | I7: BENZ | J7: WS | K7: WD | L7: TEMP | M7: HUM | N7: SR | O7: RG | P7: CO | Q7: NH3
B8: ug/m3 | C8: ug/m3 | D8: ppb | E8: ug/m3 | F8: ug/m3 | G8: ug/m3 | H8: ug/m3 | I8: ug/m3 | J8: m/sec | K8: deg | L8: degreC | M8: % | N8: w/m2 | O8: mm | P8: mg/m3 | Q8: ug/m3
A9: 05/06/2023 01:00 | B9: 4.85 | C9: 51.07 | D9: 29.36 | E9: 8.34 | F9: 22.46 | G9: 49.28 | H9: 34.58 | I9: 4.21 | J9: 0.21 | K9: 153.5 | L9: 30.91 | M9: 48.34 | N9: 0 | O9: 0 | P9: 0.53 | Q9: 4.87
A10: 05/06/2023 02:00 | B10: 6.76 | C10: 54.11 | D10: 32.65 | E10: 8 | F10: 18.49 | G10: 46.7 | H10: 30.98 | I10: 4.06 | J10: 0.27 | K10: 164.33 | L10: 29.87 | M10: 49.52 | N10: 0 | O10: 0 | P10: 0.53 | Q10: 4.96
A11: 05/06/2023 03:00 | B11: 6.91 | C11: 52.34 | D11: 31.84 | E11: 5.68 | F11: 20.9 | G11: 32.77 | H11: 19.72 | I11: 4.22 | J11: 0.25 | K11: 167.07 | L11: 29.66 | M11: 49.08 | N11: 0 | O11: 0 | P11: 0.52 | Q11: 4.96
A12: 05/06/2023 04:00 | B12: 9.31 | C12: 53.08 | D12: 34.15 | E12: 5.47 | F12: 19.41 | G12: 30.09 | H12: 20.81 | I12: 4.08 | J12: 0.2 | K12: 231.77 | L12: 29.25 | M12: 52.72 | N12: 0 | O12: 0 | P12: 0.51 | Q12: 4.98
A13: 05/06/2023 05:00 | B13: 10.83 | C13: 58.92 | D13: 38.4 | E13: 5.04 | F13: 9.68 | G13: 30.78 | H13: 20.81 | I13: 4.05 | J13: 0.29 | K13: 172.99 | L13: 28.64 | M13: 55.83 | N13: 0 | O13: 0 | P13: 0.54 | Q13: 5.14
A14: 05/06/2023 06:00 | B14: 12.35 | C14: 61.57 | D14: 40.97 | E14: 5.07 | F14: 8.05 | G14: 36.11 | H14: 19.9 | I14: 4.39 | J14: 0.21 | K14: 219.47 | L14: 28.48 | M14: 57.78 | N14: 38.5 | O14: 0 | P14: 0.55 | Q14: 5.31
A15: 05/06/2023 07:00 | B15: 12.66 | C15: 55.7 | D15: 38.21 | E15: 5.14 | F15: 8.94 | G15: 36.11 | H15: 20.99 | I15: 4.49 | J15: 0.4 | K15: 282.1 | L15: 29.95 | M15: 51.39 | N15: 91.6 | O15: 0 | P15: 0.56 | Q15: 5.33
A16: 05/06/2023 08:00 | B16: 12.31 | C16: 57.17 | D16: 38.68 | E16: 6.31 | F16: 12.38 | G16: 38.78 | H16: 23 | I16: 4.76 | J16: 0.78 | K16: 290.7 | L16: 31.43 | M16: 47.15 | N16: 133.6 | O16: 0 | P16: 0.6 | Q16: 5.32
A17: 05/06/2023 09:00 | B17: 11.65 | C17: 59.22 | D17: 37.93 | E17: 7.34 | F17: 14.94 | G17: 46.12 | H17: 25.21 | I17: 5.18 | J17: 0.61 | K17: 307.23 | L17: 33.61 | M17: 44.78 | N17: 178.7 | O17: 0 | P17: 0.68 | Q17: 5.25
A18: 05/06/2023 10:00 | B18: 8.9 | C18: 56.41 | D18: 35.57 | E18: 29.63 | F18: 29.24 | G18: 58.16 | H18: 29.64 | I18: 6.07 | J18: 0.79 | K18: 330.82 | L18: 35.45 | M18: 38.86 | N18: 217.4 | O18: 0 | P18: 0.85 | Q18: 5.19
A19: 05/06/2023 11:00 | B19: 6.66 | C19: 56.16 | D19: 33.01 | E19: 34.01 | F19: 47.57 | G19: 83.33 | H19: 46.44 | I19: 6.91 | J19: 0.74 | K19: 323.36 | L19: 36.77 | M19: 37 | N19: 276.5 | O19: 0 | P19: 0.9 | Q19: 5.08
A20: 05/06/2023 12:00 | B20: 3.87 | C20: 53.2 | D20: 29.86 | E20: 37.13 | F20: 61.06 | G20: 97.07 | H20: 54.26 | I20: 6.73 | J20: 0.83 | K20: 334.05 | L20: 38.64 | M20: 32.42 | N20: 672.8 | O20: 0 | P20: 0.89 | Q20: 4.98
... A32: 05/06/2023 24:00 | B32: 9.51 | C32: 58.86 | D32: 37.33 | E32: 6.23 | F32: 15.62 | G32: 58.41 | H32: 26.43 | I32: 5.3 | J32: 0.16 | K32: 251.12 | L32: 28.27 | M32: 59.3 | N32: 0 | O32: 0 | P32: 0.65 | Q32: 5.26
A34: Min | B34: =MIN(B9:B32) -> 2.11 | C34: =MIN(C9:C32) -> 42.01 | D34: =MIN(D9:D32) -> 22.31 | E34: =MIN(E9:E32) -> 5.04 | F34: =MIN(F9:F32) -> 8.05 | G34: =MIN(G9:G32) -> 30.09 | H34: =MIN(H9:H32) -> 19.72 | I34: =MIN(I9:I32) -> 4.05 | ... Q34: =MIN(Q9:Q32) -> 4.73
A35: Max | B35: =MAX(B9:B32) -> 12.66 | C35: =MAX(C9:C32) -> 61.57 | D35: =MAX(D9:D32) -> 40.97 | E35: =MAX(E9:E32) -> 37.13 | F35: =MAX(F9:F32) -> 83.25 | G35: =MAX(G9:G32) -> 185.57 | H35: =MAX(H9:H32) -> 54.8 | I35: =MAX(I9:I32) -> 6.91 | ... Q35: =MAX(Q9:Q32) -> 5.33
A36: Avg | B36: =AVERAGE(B9:B32) -> 7.0308333 | C36: =AVERAGE(C9:C32) -> 54.27 | D36: =AVERAGE(D9:D32) -> 32.824583 | E36: =AVERAGE(E9:E32) -> 16.044167 | F36: =AVERAGE(F9:F32) -> 31.883333 | G36: =AVERAGE(G9:G32) -> 75.55625 | H36: =AVERAGE(H9:H32) -> 36.527917 | I36: =AVERAGE(I9:I32) -> 5.3645833 | ... Q36: =AVERAGE(Q9:Q32) -> 5.0345833
A37: Stdev | B37: =STDEV(B9:B32) -> 3.3968027 | C37: =STDEV(C9:C32) -> 4.9466862 | D37: =STDEV(D9:D32) -> 5.019236 | E37: =STDEV(E9:E32) -> 11.467238 | F37: =STDEV(F9:F32) -> 21.283831 | G37: =STDEV(G9:G32) -> 43.452539 | H37: =STDEV(H9:H32) -> 13.320748 | I37: =STDEV(I9:I32) -> 0.92337744 | ... Q37: =STDEV(Q9:Q32) -> 0.19133352
A38: Num | B38: =COUNT(B9:B32) -> 24 | C38: =COUNT(C9:C32) -> 24 | D38: =COUNT(D9:D32) -> 24 | E38: =COUNT(E9:E32) -> 24 | F38: =COUNT(F9:F32) -> 24 | G38: =COUNT(G9:G32) -> 24 | H38: =COUNT(H9:H32) -> 24 | I38: =COUNT(I9:I32) -> 24 | ... Q38: =COUNT(Q9:Q32) -> 24
A39: DCR | B39: =IF(B38>=22,">90%",IF(B38<=22,"<90%")) -> >90% | C39: =IF(C38>=22,">90%",IF(C38<=22,"<90%")) -> >90% | D39: =IF(D38>=22,">90%",IF(D38<=22,"<90%")) -> >90% | E39: =IF(E38>=22,">90%",IF(E38<=22,"<90%")) -> >90% | F39: =IF(F38>=22,">90%",IF(F38<=22,"<90%")) -> >90% | G39: =IF(G38>=22,">90%",IF(G38<=22,"<90%")) -> >90% | H39: =IF(H38>=22,">90%",IF(H38<=22,"<90%")) -> >90% | I39: =IF(I38>=22,">90%",IF(I38<=22,"<90%")) -> >90% | ... Q39: =IF(Q38>=22,">90%",IF(Q38<=22,"<90%")) -> >90%
A40: Status | B40: =IF(B38>=22,"OK",IF(B38<=22,"LESS")) -> OK | C40: =IF(C38>=22,"OK",IF(C38<=22,"LESS")) -> OK | D40: =IF(D38>=22,"OK",IF(D38<=22,"LESS")) -> OK | E40: =IF(E38>=22,"OK",IF(E38<=22,"LESS")) -> OK | F40: =IF(F38>=22,"OK",IF(F38<=22,"LESS")) -> OK | G40: =IF(G38>=22,"OK",IF(G38<=22,"LESS")) -> OK | H40: =IF(H38>=22,"OK",IF(H38<=22,"LESS")) -> OK | I40: =IF(I38>=22,"OK",IF(I38<=22,"LESS")) -> OK | ... Q40: =IF(Q38>=22,"OK",IF(Q38<=22,"LESS")) -> OK
A43: Done by | B43: AKASH
A45: Comment

Sheet 06
A1: Station: | B1: IGKV ,RAIPUR
A2: Date: | B2: =$A$9 -> 06/06/2023 01:00 | D2: Power Off | G2: Pw.Off | L2: Link Fail | N2: Link F | P2: Maintenance | R2: Maint.
A3: Report Type: | B3: Mean | D3: Calibration | G3: Calib. | L3: Data Fail | N3: Data F | P3: Invalid | R3: Invalid
A4: Time Base: | B4: 01 Hour | D4: Zero Referrence | G4: Z.Ref | L4: Warm Up | N4: Wm. Up
A7: Date & Time | B7: NO | C7: NO2 | D7: NOX | E7: SO2 | F7: O3 | G7: PM 10 | H7: PM 2.5 | I7: BENZ | J7: WS | K7: WD | L7: TEMP | M7: HUM | N7: SR | O7: RG | P7: CO | Q7: NH3
B8: ug/m3 | C8: ug/m3 | D8: ppb | E8: ug/m3 | F8: ug/m3 | G8: ug/m3 | H8: ug/m3 | I8: ug/m3 | J8: m/sec | K8: deg | L8: degreC | M8: % | N8: w/m2 | O8: mm | P8: mg/m3 | Q8: ug/m3
A9: 06/06/2023 01:00 | B9: 11.66 | C9: 63.47 | D9: 40.59 | E9: 6.14 | F9: 12.84 | G9: 51.53 | H9: 25.75 | I9: 5.32 | J9: 0.13 | K9: 221.53 | L9: 27.9 | M9: 60.57 | N9: 0 | O9: 0 | P9: 0.65 | Q9: 5.33
A10: 06/06/2023 02:00 | B10: 12.52 | C10: 60.21 | D10: 40.4 | E10: 6.07 | F10: 11.42 | G10: 51.53 | H10: 22.91 | I10: 5.47 | J10: 0.14 | K10: 243 | L10: 27.61 | M10: 63.29 | N10: 0 | O10: 0 | P10: 0.65 | Q10: 5.35
A11: 06/06/2023 03:00 | B11: 14.52 | C11: 62.81 | D11: 43.42 | E11: 6.4 | F11: 9.64 | G11: 44.15 | H11: 22.91 | I11: 5.52 | J11: 0.15 | K11: 238.73 | L11: 27.01 | M11: 65.34 | N11: 0 | O11: 0 | P11: 0.65 | Q11: 5.41
A12: 06/06/2023 04:00 | B12: 16.68 | C12: 63.91 | D12: 45.53 | E12: 6.79 | F12: 5.77 | G12: 36.83 | H12: 22.1 | I12: 5.62 | J12: 0.21 | K12: 224.27 | L12: 26.57 | M12: 68.04 | N12: 0 | O12: 0 | P12: 0.65 | Q12: 5.51
A13: 06/06/2023 05:00 | B13: 21.77 | C13: 64.16 | D13: 49.71 | E13: 6.02 | F13: 4.71 | G13: 45.49 | H13: 22.1 | I13: 5.6 | J13: 0.15 | K13: 246.51 | L13: 26.66 | M13: 68.3 | N13: 0 | O13: 0 | P13: 0.65 | Q13: 5.7
A14: 06/06/2023 06:00 | B14: 26.18 | C14: 69.75 | D14: 55.75 | E14: 6.16 | F14: 4.11 | G14: 59.01 | H14: 20.64 | I14: 5.67 | J14: 0.16 | K14: 130.13 | L14: 26.84 | M14: 68.39 | N14: 21.4 | O14: 0 | P14: 0.67 | Q14: 6.06
A15: 06/06/2023 07:00 | B15: 26.87 | C15: 66.46 | D15: 54.83 | E15: 6.19 | F15: 7.64 | G15: 72.42 | H15: 25.08 | I15: 6.41 | J15: 0.52 | K15: 53.09 | L15: 29.28 | M15: 64.58 | N15: 69.2 | O15: 0 | P15: 0.71 | Q15: 6.2
A16: 06/06/2023 08:00 | B16: 25.4 | C16: 63.9 | D16: 51.63 | E16: 6.22 | F16: 15.17 | G16: 75.29 | H16: 27.2 | I16: 6.45 | J16: 0.38 | K16: 136.35 | L16: 32.34 | M16: 53.77 | N16: 99.1 | O16: 0 | P16: 0.71 | Q16: 6.22
A17: 06/06/2023 09:00 | B17: 21.8 | C17: 63 | D17: 49.35 | E17: 6.09 | F17: 20.24 | G17: 75.29 | H17: 30.15 | I17: 6.41 | J17: 0.38 | K17: 269.45 | L17: 34.22 | M17: 45.22 | N17: 126.9 | O17: 0 | P17: 0.69 | Q17: 6
A18: 06/06/2023 10:00 | B18: 13.31 | C18: 55.51 | D18: 37.17 | E18: 6.86 | F18: 21.87 | G18: 52.25 | H18: 31.47 | I18: 6.06 | J18: 0.46 | K18: 295.64 | L18: 36.99 | M18: 39.28 | N18: 138.8 | O18: 0 | P18: 0.66 | Q18: 5.49
A19: 06/06/2023 11:00 | B19: 8.69 | C19: 52.37 | D19: 32.48 | E19: 10.38 | F19: 37.1 | G19: 39.95 | H19: 36.37 | I19: 6.27 | J19: 0.74 | K19: 332.83 | L19: 38.77 | M19: 30.65 | N19: 163.2 | O19: 0 | P19: 0.68 | Q19: 5.23
A20: 06/06/2023 12:00 | B20: 4.73 | C20: 48.91 | D20: 28.3 | E20: 12.2 | F20: 49.92 | G20: 40.88 | H20: 36.73 | I20: 6.26 | J20: 0.82 | K20: 351.84 | L20: 39.94 | M20: 25.53 | N20: 860.1 | O20: 0 | P20: 0.67 | Q20: 4.97
... A32: 06/06/2023 24:00 | B32: 58.3 | C32: 66.98 | D32: 81.2 | E32: 10.11 | F32: 11.09 | G32: 67.51 | H32: 33.9 | I32: 6.28 | J32: 0.21 | K32: 179.84 | L32: 31.22 | M32: 41 | N32: 0 | O32: 0 | P32: 0.85 | Q32: 5.95
A34: Min | B34: =MIN(B9:B32) -> 2.98 | C34: =MIN(C9:C32) -> 44.57 | D34: =MIN(D9:D32) -> 24.63 | E34: =MIN(E9:E32) -> 6.02 | F34: =MIN(F9:F32) -> 4.11 | G34: =MIN(G9:G32) -> 36.83 | H34: =MIN(H9:H32) -> 20.64 | I34: =MIN(I9:I32) -> 4.5 | ... Q34: =MIN(Q9:Q32) -> 4.83
A35: Max | B35: =MAX(B9:B32) -> 58.3 | C35: =MAX(C9:C32) -> 69.75 | D35: =MAX(D9:D32) -> 81.2 | E35: =MAX(E9:E32) -> 21.27 | F35: =MAX(F9:F32) -> 49.92 | G35: =MAX(G9:G32) -> 78.03 | H35: =MAX(H9:H32) -> 39.95 | I35: =MAX(I9:I32) -> 6.45 | ... Q35: =MAX(Q9:Q32) -> 6.22
A36: Avg | B36: =AVERAGE(B9:B32) -> 15.47875 | C36: =AVERAGE(C9:C32) -> 60.025417 | D36: =AVERAGE(D9:D32) -> 42.40375 | E36: =AVERAGE(E9:E32) -> 10.9225 | F36: =AVERAGE(F9:F32) -> 24.028333 | G36: =AVERAGE(G9:G32) -> 58.065833 | H36: =AVERAGE(H9:H32) -> 31.341667 | I36: =AVERAGE(I9:I32) -> 5.8108333 | ... Q36: =AVERAGE(Q9:Q32) -> 5.5304167
A37: Stdev | B37: =STDEV(B9:B32) -> 11.650797 | C37: =STDEV(C9:C32) -> 6.3892831 | D37: =STDEV(D9:D32) -> 11.667465 | E37: =STDEV(E9:E32) -> 4.9934272 | F37: =STDEV(F9:F32) -> 14.813914 | G37: =STDEV(G9:G32) -> 13.360332 | H37: =STDEV(H9:H32) -> 6.1577937 | I37: =STDEV(I9:I32) -> 0.51319898 | ... Q37: =STDEV(Q9:Q32) -> 0.36313226
A38: Num | B38: =COUNT(B9:B32) -> 24 | C38: =COUNT(C9:C32) -> 24 | D38: =COUNT(D9:D32) -> 24 | E38: =COUNT(E9:E32) -> 24 | F38: =COUNT(F9:F32) -> 24 | G38: =COUNT(G9:G32) -> 24 | H38: =COUNT(H9:H32) -> 24 | I38: =COUNT(I9:I32) -> 24 | ... Q38: =COUNT(Q9:Q32) -> 24
A39: DCR | B39: =IF(B38>=22,">90%",IF(B38<=22,"<90%")) -> >90% | C39: =IF(C38>=22,">90%",IF(C38<=22,"<90%")) -> >90% | D39: =IF(D38>=22,">90%",IF(D38<=22,"<90%")) -> >90% | E39: =IF(E38>=22,">90%",IF(E38<=22,"<90%")) -> >90% | F39: =IF(F38>=22,">90%",IF(F38<=22,"<90%")) -> >90% | G39: =IF(G38>=22,">90%",IF(G38<=22,"<90%")) -> >90% | H39: =IF(H38>=22,">90%",IF(H38<=22,"<90%")) -> >90% | I39: =IF(I38>=22,">90%",IF(I38<=22,"<90%")) -> >90% | ... Q39: =IF(Q38>=22,">90%",IF(Q38<=22,"<90%")) -> >90%
A40: Status | B40: =IF(B38>=22,"OK",IF(B38<=22,"LESS")) -> OK | C40: =IF(C38>=22,"OK",IF(C38<=22,"LESS")) -> OK | D40: =IF(D38>=22,"OK",IF(D38<=22,"LESS")) -> OK | E40: =IF(E38>=22,"OK",IF(E38<=22,"LESS")) -> OK | F40: =IF(F38>=22,"OK",IF(F38<=22,"LESS")) -> OK | G40: =IF(G38>=22,"OK",IF(G38<=22,"LESS")) -> OK | H40: =IF(H38>=22,"OK",IF(H38<=22,"LESS")) -> OK | I40: =IF(I38>=22,"OK",IF(I38<=22,"LESS")) -> OK | ... Q40: =IF(Q38>=22,"OK",IF(Q38<=22,"LESS")) -> OK
A43: Done by | B43: AKASH
A45: Comment

Sheet 07
A1: Station: | B1: IGKV ,RAIPUR
A2: Date: | B2: =$A$9 -> 07/06/2023 01:00 | D2: Power Off | G2: Pw.Off | L2: Link Fail | N2: Link F | P2: Maintenance | R2: Maint.
A3: Report Type: | B3: Mean | D3: Calibration | G3: Calib. | L3: Data Fail | N3: Data F | P3: Invalid | R3: Invalid
A4: Time Base: | B4: 01 Hour | D4: Zero Referrence | G4: Z.Ref | L4: Warm Up | N4: Wm. Up
A7: Date & Time | B7: NO | C7: NO2 | D7: NOX | E7: SO2 | F7: O3 | G7: PM 10 | H7: PM 2.5 | I7: BENZ | J7: WS | K7: WD | L7: TEMP | M7: HUM | N7: SR | O7: RG | P7: CO | Q7: NH3
B8: ug/m3 | C8: ug/m3 | D8: ppb | E8: ug/m3 | F8: ug/m3 | G8: ug/m3 | H8: ug/m3 | I8: ug/m3 | J8: m/sec | K8: deg | L8: degreC | M8: % | N8: w/m2 | O8: mm | P8: mg/m3 | Q8: ug/m3
A9: 07/06/2023 01:00 | B9: 34.56 | C9: 65.7 | D9: 59.79 | E9: 7.98 | F9: 5.4 | G9: 80.2 | H9: 40.84 | I9: 6.55 | J9: 0.31 | K9: 248.92 | L9: 30.12 | M9: 44.43 | N9: 0 | O9: 0 | P9: 0.79 | Q9: 6.29
A10: 07/06/2023 02:00 | B10: 47.3 | C10: 69.09 | D10: 70.21 | E10: 8.67 | F10: 3.99 | G10: 86.18 | H10: 40.84 | I10: 6.81 | J10: 0.29 | K10: 125.24 | L10: 30.25 | M10: 43.12 | N10: 0 | O10: 0 | P10: 0.85 | Q10: 6.67
A11: 07/06/2023 03:00 | B11: 48.82 | C11: 69.02 | D11: 74.17 | E11: 9.83 | F11: 4.06 | G11: 86.18 | H11: 37.26 | I11: 10.4 | J11: 0.36 | K11: 132.82 | L11: 30.19 | M11: 44.42 | N11: 0 | O11: 0 | P11: 0.91 | Q11: 6.94
A12: 07/06/2023 04:00 | B12: 52.39 | C12: 69.36 | D12: 74.87 | E12: 9.76 | F12: 3.95 | G12: 92.91 | H12: 35.98 | I12: 12.87 | J12: 0.21 | K12: 184.64 | L12: 29.77 | M12: 48.9 | N12: 0 | O12: 0 | P12: 0.92 | Q12: 7.1
A13: 07/06/2023 05:00 | B13: 60.17 | C13: 68.8 | D13: 83.15 | E13: 26.24 | F13: 3.82 | G13: 107.59 | H13: 39.41 | I13: 13.47 | J13: 0.55 | K13: 133.67 | L13: 29.43 | M13: 45.42 | N13: 0 | O13: 0 | P13: 1 | Q13: 7.46
A14: 07/06/2023 06:00 | B14: 61.97 | C14: 70.69 | D14: 83.9 | E14: 23.05 | F14: 3.82 | G14: 134.84 | H14: 49.69 | I14: 13.66 | J14: 0.29 | K14: 180.28 | L14: 29.1 | M14: 50.72 | N14: 21.9 | O14: 0 | P14: 1.13 | Q14: 7.76
A15: 07/06/2023 07:00 | B15: 57.97 | C15: 66.85 | D15: 79.01 | E15: 32.19 | F15: 5.75 | G15: 171.49 | H15: 57.02 | I15: 14.87 | J15: 0.42 | K15: 52.84 | L15: 30.82 | M15: 42.48 | N15: 65.2 | O15: 0 | P15: 1.26 | Q15: 7.81
A16: 07/06/2023 08:00 | B16: 53.03 | C16: 68.79 | D16: 74.63 | E16: 28.13 | F16: 13.07 | G16: 200.04 | H16: 74.14 | I16: 15.09 | J16: 1.36 | K16: 58.55 | L16: 34.08 | M16: 37.71 | N16: 98.3 | O16: 0 | P16: 1.23 | Q16: 7.8
A17: 07/06/2023 09:00 | B17: 44.42 | C17: 65.3 | D17: 68.7 | E17: 20.84 | F17: 26.17 | G17: 200.04 | H17: 74.14 | I17: 13.47 | J17: 1.2 | K17: 60.52 | L17: 36.52 | M17: 28.69 | N17: 171.1 | O17: 0 | P17: 1.04 | Q17: 7.53
A18: 07/06/2023 10:00 | B18: 30.44 | C18: 57.94 | D18: 53.19 | E18: 28.05 | F18: 40.1 | G18: 109.65 | H18: 67.44 | I18: 12.26 | J18: 0.92 | K18: 60.58 | L18: 38.66 | M18: 26.24 | N18: 162.5 | O18: 0 | P18: 1.01 | Q18: 6.87
A19: 07/06/2023 11:00 | B19: 19.82 | C19: 64.73 | D19: 44.12 | E19: 28.72 | F19: 50.81 | G19: 109.65 | H19: 60.82 | I19: 10.93 | J19: 0.78 | K19: 71.45 | L19: 40.85 | M19: 22.66 | N19: 190.9 | O19: 0 | P19: 0.94 | Q19: 6.32
A20: 07/06/2023 12:00 | B20: 11.63 | C20: 62.65 | D20: 41.01 | E20: 24.9 | F20: 53.48 | G20: 95.55 | H20: 60.46 | I20: 10.32 | J20: 0.99 | K20: 70.91 | L20: 42.16 | M20: 18.68 | N20: 773.8 | O20: 0 | P20: 0.86 | Q20: 5.9
... A32: 07/06/2023 24:00 | B32: 37.89 | C32: 67.82 | D32: 64.35 | E32: 18.99 | F32: 10.41 | G32: 103.55 | H32: 47.82 | I32: 6.45 | J32: 0.44 | K32: 312.45 | L32: 32.69 | M32: 37.68 | N32: 0 | O32: 0 | P32: 0.87 | Q32: 6.04
A34: Min | B34: =MIN(B9:B32) -> 5.31 | C34: =MIN(C9:C32) -> 52.88 | D34: =MIN(D9:D32) -> 30.84 | E34: =MIN(E9:E32) -> 7.98 | F34: =MIN(F9:F32) -> 3.82 | G34: =MIN(G9:G32) -> 49.85 | H34: =MIN(H9:H32) -> 35.98 | I34: =MIN(I9:I32) -> 5.75 | ... Q34: =MIN(Q9:Q32) -> 5.09
A35: Max | B35: =MAX(B9:B32) -> 61.97 | C35: =MAX(C9:C32) -> 70.69 | D35: =MAX(D9:D32) -> 83.9 | E35: =MAX(E9:E32) -> 74.99 | F35: =MAX(F9:F32) -> 61.77 | G35: =MAX(G9:G32) -> 200.04 | H35: =MAX(H9:H32) -> 74.14 | I35: =MAX(I9:I32) -> 15.09 | ... Q35: =MAX(Q9:Q32) -> 7.81
A36: Avg | B36: =AVERAGE(B9:B32) -> 27.915833 | C36: =AVERAGE(C9:C32) -> 63.234167 | D36: =AVERAGE(D9:D32) -> 53.469583 | E36: =AVERAGE(E9:E32) -> 28.435 | F36: =AVERAGE(F9:F32) -> 28.194167 | G36: =AVERAGE(G9:G32) -> 108.22 | H36: =AVERAGE(H9:H32) -> 50.226667 | I36: =AVERAGE(I9:I32) -> 9.2458333 | ... Q36: =AVERAGE(Q9:Q32) -> 6.2283333
A37: Stdev | B37: =STDEV(B9:B32) -> 20.494297 | C37: =STDEV(C9:C32) -> 5.17388 | D37: =STDEV(D9:D32) -> 18.396306 | E37: =STDEV(E9:E32) -> 17.396022 | F37: =STDEV(F9:F32) -> 21.842079 | G37: =STDEV(G9:G32) -> 36.419959 | H37: =STDEV(H9:H32) -> 10.61626 | I37: =STDEV(I9:I32) -> 3.2723996 | ... Q37: =STDEV(Q9:Q32) -> 0.9606595
A38: Num | B38: =COUNT(B9:B32) -> 24 | C38: =COUNT(C9:C32) -> 24 | D38: =COUNT(D9:D32) -> 24 | E38: =COUNT(E9:E32) -> 24 | F38: =COUNT(F9:F32) -> 24 | G38: =COUNT(G9:G32) -> 24 | H38: =COUNT(H9:H32) -> 24 | I38: =COUNT(I9:I32) -> 24 | ... Q38: =COUNT(Q9:Q32) -> 24
A39: DCR | B39: =IF(B38>=22,">90%",IF(B38<=22,"<90%")) -> >90% | C39: =IF(C38>=22,">90%",IF(C38<=22,"<90%")) -> >90% | D39: =IF(D38>=22,">90%",IF(D38<=22,"<90%")) -> >90% | E39: =IF(E38>=22,">90%",IF(E38<=22,"<90%")) -> >90% | F39: =IF(F38>=22,">90%",IF(F38<=22,"<90%")) -> >90% | G39: =IF(G38>=22,">90%",IF(G38<=22,"<90%")) -> >90% | H39: =IF(H38>=22,">90%",IF(H38<=22,"<90%")) -> >90% | I39: =IF(I38>=22,">90%",IF(I38<=22,"<90%")) -> >90% | ... Q39: =IF(Q38>=22,">90%",IF(Q38<=22,"<90%")) -> >90%
A40: Status | B40: =IF(B38>=22,"OK",IF(B38<=22,"LESS")) -> OK | C40: =IF(C38>=22,"OK",IF(C38<=22,"LESS")) -> OK | D40: =IF(D38>=22,"OK",IF(D38<=22,"LESS")) -> OK | E40: =IF(E38>=22,"OK",IF(E38<=22,"LESS")) -> OK | F40: =IF(F38>=22,"OK",IF(F38<=22,"LESS")) -> OK | G40: =IF(G38>=22,"OK",IF(G38<=22,"LESS")) -> OK | H40: =IF(H38>=22,"OK",IF(H38<=22,"LESS")) -> OK | I40: =IF(I38>=22,"OK",IF(I38<=22,"LESS")) -> OK | ... Q40: =IF(Q38>=22,"OK",IF(Q38<=22,"LESS")) -> OK
A43: Done by | B43: AKASH
A45: Comment

Sheet 08
A1: Station: | B1: IGKV ,RAIPUR
A2: Date: | B2: =$A$9 -> 08/06/2023 01:00 | D2: Power Off | G2: Pw.Off | L2: Link Fail | N2: Link F | P2: Maintenance | R2: Maint.
A3: Report Type: | B3: Mean | D3: Calibration | G3: Calib. | L3: Data Fail | N3: Data F | P3: Invalid | R3: Invalid
A4: Time Base: | B4: 01 Hour | D4: Zero Referrence | G4: Z.Ref | L4: Warm Up | N4: Wm. Up
A7: Date & Time | B7: NO | C7: NO2 | D7: NOX | E7: SO2 | F7: O3 | G7: PM 10 | H7: PM 2.5 | I7: BENZ | J7: WS | K7: WD | L7: TEMP | M7: HUM | N7: SR | O7: RG | P7: CO | Q7: NH3
B8: ug/m3 | C8: ug/m3 | D8: ppb | E8: ug/m3 | F8: ug/m3 | G8: ug/m3 | H8: ug/m3 | I8: ug/m3 | J8: m/sec | K8: deg | L8: degreC | M8: % | N8: w/m2 | O8: mm | P8: mg/m3 | Q8: ug/m3
A9: 08/06/2023 01:00 | B9: 18.02 | C9: 62.69 | D9: 46.16 | E9: 31.18 | F9: 15.79 | G9: 97.74 | H9: 47.82 | I9: 7.49 | J9: 0.27 | K9: 219.04 | L9: 31.9 | M9: 43 | N9: 0 | O9: 0 | P9: 0.84 | Q9: 6.05
A10: 08/06/2023 02:00 | B10: 19.63 | C10: 63.12 | D10: 47.68 | E10: 16.76 | F10: 9.75 | G10: 93.2 | H10: 41.08 | I10: 7.47 | J10: 0.21 | K10: 213.08 | L10: 30.56 | M10: 45.26 | N10: 0 | O10: 0 | P10: 0.85 | Q10: 6.04
A11: 08/06/2023 03:00 | B11: 19.6 | C11: 57.49 | D11: 44.64 | E11: 10.37 | F11: 10.25 | G11: 92.94 | H11: 39.65 | I11: 7.09 | J11: 0.2 | K11: 186.33 | L11: 29.88 | M11: 47.15 | N11: 0 | O11: 0 | P11: 0.78 | Q11: 5.99
A12: 08/06/2023 04:00 | B12: 22.49 | C12: 62.72 | D12: 49.76 | E12: 9.58 | F12: 9.58 | G12: 80.18 | H12: 36.61 | I12: 6.95 | J12: 0.27 | K12: 254.81 | L12: 29.06 | M12: 49.72 | N12: 0 | O12: 0 | P12: 0.79 | Q12: 6
A13: 08/06/2023 05:00 | B13: 22.4 | C13: 60.4 | D13: 48.47 | E13: 7.65 | F13: 7.17 | G13: 61.28 | H13: 32.91 | I13: 7.06 | J13: 0.2 | K13: 216.55 | L13: 28.33 | M13: 51.29 | N13: 0 | O13: 0 | P13: 0.77 | Q13: 6.02
A14: 08/06/2023 06:00 | B14: 24.34 | C14: 62.17 | D14: 50.18 | E14: 6.96 | F14: 5.6 | G14: 58.93 | H14: 30.24 | I14: 7.34 | J14: 0.2 | K14: 192.52 | L14: 27.98 | M14: 54.71 | N14: 20.8 | O14: 0 | P14: 0.78 | Q14: 6.06
A15: 08/06/2023 07:00 | B15: 26.3 | C15: 60.61 | D15: 51.05 | E15: 7.81 | F15: 7.74 | G15: 65.17 | H15: 29.69 | I15: 7.78 | J15: 0.27 | K15: 215.21 | L15: 31.05 | M15: 53 | N15: 68.9 | O15: 0 | P15: 0.82 | Q15: 6.14
A16: 08/06/2023 08:00 | B16: 24.62 | C16: 60.51 | D16: 50.31 | E16: 34.2 | F16: 11.84 | G16: 85.53 | H16: 31.74 | I16: 8.73 | J16: 0.95 | K16: 324.34 | L16: 33.78 | M16: 44.02 | N16: 106.5 | O16: 0 | P16: 0.87 | Q16: 6.17
A17: 08/06/2023 09:00 | B17: 23.51 | C17: 64.2 | D17: 51.35 | E17: 22.02 | F17: 20.41 | G17: 96.95 | H17: 39.13 | I17: 8.72 | J17: 0.98 | K17: 331.1 | L17: 36.25 | M17: 32.9 | N17: 130 | O17: 0 | P17: 0.83 | Q17: 6.15
A18: 08/06/2023 10:00 | B18: 16.61 | C18: 52.45 | D18: 39.67 | E18: 20.3 | F18: 33.44 | G18: 96.95 | H18: 40 | I18: 8.17 | J18: 0.81 | K18: 346.44 | L18: 38.43 | M18: 26.37 | N18: 159 | O18: 0 | P18: 0.78 | Q18: 5.81
A19: 08/06/2023 11:00 | B19: 10.92 | C19: 59.96 | D19: 36.95 | E19: 33.59 | F19: 39.77 | G19: 91.22 | H19: 40 | I19: 7.41 | J19: 0.79 | K19: 348.29 | L19: 40.32 | M19: 21.38 | N19: 184.9 | O19: 0 | P19: 0.72 | Q19: 5.48
A20: 08/06/2023 12:00 | B20: 7.58 | C20: 59.98 | D20: 36.37 | E20: 22.26 | F20: 50.38 | G20: 76.45 | H20: 41.45 | I20: 7.06 | J20: 1.32 | K20: 49.51 | L20: 41.12 | M20: 18.43 | N20: 744.4 | O20: 0 | P20: 0.7 | Q20: 5.54
... A32: 08/06/2023 24:00 | B32: 41.82 | C32: 65.77 | D32: 66.85 | E32: 8 | F32: 3.99 | G32: 105.93 | H32: 40.68 | I32: 11.21 | J32: 0.24 | K32: 190.43 | L32: 32.13 | M32: 43.65 | N32: 0 | O32: 0 | P32: 1.2 | Q32: 6.14
A34: Min | B34: =MIN(B9:B32) -> 4.23 | C34: =MIN(C9:C32) -> 44.84 | D34: =MIN(D9:D32) -> 28.79 | E34: =MIN(E9:E32) -> 6.96 | F34: =MIN(F9:F32) -> 3.99 | G34: =MIN(G9:G32) -> 58.14 | H34: =MIN(H9:H32) -> 29.69 | I34: =MIN(I9:I32) -> 5.01 | ... Q34: =MIN(Q9:Q32) -> 5.21
A35: Max | B35: =MAX(B9:B32) -> 45.3 | C35: =MAX(C9:C32) -> 68.79 | D35: =MAX(D9:D32) -> 69.48 | E35: =MAX(E9:E32) -> 34.2 | F35: =MAX(F9:F32) -> 55.52 | G35: =MAX(G9:G32) -> 105.93 | H35: =MAX(H9:H32) -> 47.82 | I35: =MAX(I9:I32) -> 12.03 | ... Q35: =MAX(Q9:Q32) -> 6.17
A36: Avg | B36: =AVERAGE(B9:B32) -> 16.595417 | C36: =AVERAGE(C9:C32) -> 61.141667 | D36: =AVERAGE(D9:D32) -> 44.009583 | E36: =AVERAGE(E9:E32) -> 17.600417 | F36: =AVERAGE(F9:F32) -> 27.539583 | G36: =AVERAGE(G9:G32) -> 81.588333 | H36: =AVERAGE(H9:H32) -> 37.320833 | I36: =AVERAGE(I9:I32) -> 7.5125 | ... Q36: =AVERAGE(Q9:Q32) -> 5.735
A37: Stdev | B37: =STDEV(B9:B32) -> 11.154168 | C37: =STDEV(C9:C32) -> 5.0382413 | D37: =STDEV(D9:D32) -> 10.044191 | E37: =STDEV(E9:E32) -> 8.1256002 | F37: =STDEV(F9:F32) -> 17.990509 | G37: =STDEV(G9:G32) -> 15.433888 | H37: =STDEV(H9:H32) -> 4.2005434 | I37: =STDEV(I9:I32) -> 1.6861643 | ... Q37: =STDEV(Q9:Q32) -> 0.31663997
A38: Num | B38: =COUNT(B9:B32) -> 24 | C38: =COUNT(C9:C32) -> 24 | D38: =COUNT(D9:D32) -> 24 | E38: =COUNT(E9:E32) -> 24 | F38: =COUNT(F9:F32) -> 24 | G38: =COUNT(G9:G32) -> 24 | H38: =COUNT(H9:H32) -> 24 | I38: =COUNT(I9:I32) -> 24 | ... Q38: =COUNT(Q9:Q32) -> 24
A39: DCR | B39: =IF(B38>=22,">90%",IF(B38<=22,"<90%")) -> >90% | C39: =IF(C38>=22,">90%",IF(C38<=22,"<90%")) -> >90% | D39: =IF(D38>=22,">90%",IF(D38<=22,"<90%")) -> >90% | E39: =IF(E38>=22,">90%",IF(E38<=22,"<90%")) -> >90% | F39: =IF(F38>=22,">90%",IF(F38<=22,"<90%")) -> >90% | G39: =IF(G38>=22,">90%",IF(G38<=22,"<90%")) -> >90% | H39: =IF(H38>=22,">90%",IF(H38<=22,"<90%")) -> >90% | I39: =IF(I38>=22,">90%",IF(I38<=22,"<90%")) -> >90% | ... Q39: =IF(Q38>=22,">90%",IF(Q38<=22,"<90%")) -> >90%
A40: Status | B40: =IF(B38>=22,"OK",IF(B38<=22,"LESS")) -> OK | C40: =IF(C38>=22,"OK",IF(C38<=22,"LESS")) -> OK | D40: =IF(D38>=22,"OK",IF(D38<=22,"LESS")) -> OK | E40: =IF(E38>=22,"OK",IF(E38<=22,"LESS")) -> OK | F40: =IF(F38>=22,"OK",IF(F38<=22,"LESS")) -> OK | G40: =IF(G38>=22,"OK",IF(G38<=22,"LESS")) -> OK | H40: =IF(H38>=22,"OK",IF(H38<=22,"LESS")) -> OK | I40: =IF(I38>=22,"OK",IF(I38<=22,"LESS")) -> OK | ... Q40: =IF(Q38>=22,"OK",IF(Q38<=22,"LESS")) -> OK
A43: Done by | B43: AKASH
A45: Comment

Sheet 09
A1: Station: | B1: IGKV ,RAIPUR
A2: Date: | B2: =$A$9 -> 09/06/2023 01:00 | D2: Power Off | G2: Pw.Off | L2: Link Fail | N2: Link F | P2: Maintenance | R2: Maint.
A3: Report Type: | B3: Mean | D3: Calibration | G3: Calib. | L3: Data Fail | N3: Data F | P3: Invalid | R3: Invalid
A4: Time Base: | B4: 01 Hour | D4: Zero Referrence | G4: Z.Ref | L4: Warm Up | N4: Wm. Up
A7: Date & Time | B7: NO | C7: NO2 | D7: NOX | E7: SO2 | F7: O3 | G7: PM 10 | H7: PM 2.5 | I7: BENZ | J7: WS | K7: WD | L7: TEMP | M7: HUM | N7: SR | O7: RG | P7: CO | Q7: NH3
B8: ug/m3 | C8: ug/m3 | D8: ppb | E8: ug/m3 | F8: ug/m3 | G8: ug/m3 | H8: ug/m3 | I8: ug/m3 | J8: m/sec | K8: deg | L8: degreC | M8: % | N8: w/m2 | O8: mm | P8: mg/m3 | Q8: ug/m3
A9: 09/06/2023 01:00 | B9: 38.19 | C9: 63.84 | D9: 62.93 | E9: 6.87 | F9: 3.95 | G9: 105.93 | H9: 40.68 | I9: 10.95 | J9: 0.25 | K9: 225.59 | L9: 30.75 | M9: 45.27 | N9: 0 | O9: 0 | P9: 1.1 | Q9: 6.35
A10: 09/06/2023 02:00 | B10: 30.76 | C10: 60.92 | D10: 55.28 | E10: 5.37 | F10: 3.99 | G10: 105.78 | H10: 39.83 | I10: 10.91 | J10: 0.19 | K10: 214.12 | L10: 29.91 | M10: 47.32 | N10: 0 | O10: 0 | P10: 1.15 | Q10: 6.42
A11: 09/06/2023 03:00 | B11: 30.21 | C11: 61.73 | D11: 55.34 | E11: 6.6 | F11: 3.85 | G11: 103.32 | H11: 38.55 | I11: 11.26 | J11: 0.19 | K11: 189.09 | L11: 29.3 | M11: 50.57 | N11: 0 | O11: 0 | P11: 1.18 | Q11: 6.47
A12: 09/06/2023 04:00 | B12: 31.77 | C12: 61.57 | D12: 56.4 | E12: 6.3 | F12: 3.94 | G12: 101.88 | H12: 36.05 | I12: 11.33 | J12: 0.2 | K12: 194.84 | L12: 28.38 | M12: 52.71 | N12: 0 | O12: 0 | P12: 1.16 | Q12: 6.49
A13: 09/06/2023 05:00 | B13: 40.22 | C13: 62.44 | D13: 63.34 | E13: 25.69 | F13: 4.23 | G13: 95.58 | H13: 36.05 | I13: 11.36 | J13: 0.39 | K13: 310.48 | L13: 29.43 | M13: 53.29 | N13: 0 | O13: 0 | P13: 1.16 | Q13: 6.6
A14: 09/06/2023 06:00 | B14: 42.72 | C14: 63.67 | D14: 66.4 | E14: 19.55 | F14: 5.59 | G14: 103.93 | H14: 39.19 | I14: 11.02 | J14: 0.46 | K14: 68.42 | L14: 29.7 | M14: 30.94 | N14: 30.9 | O14: 0 | P14: 1.11 | Q14: 6.71
A15: 09/06/2023 07:00 | B15: 45.24 | C15: 66.57 | D15: 70.02 | E15: 45.75 | F15: 9.82 | G15: 115.41 | H15: 43.97 | I15: 11.17 | J15: 0.33 | K15: 57.3 | L15: 32.13 | M15: 30.85 | N15: 99.6 | O15: 0 | P15: 1.14 | Q15: 6.93
A16: 09/06/2023 08:00 | B16: 37.87 | C16: 66.02 | D16: 63.81 | E16: 68.89 | F16: 14.14 | G16: 136.69 | H16: 52.63 | I16: 10.76 | J16: 0.39 | K16: 322.36 | L16: 35.42 | M16: 26.23 | N16: 133.2 | O16: 0 | P16: 1.13 | Q16: 6.93
A17: 09/06/2023 09:00 | B17: 31.97 | C17: 62.83 | D17: 56.27 | E17: 63.58 | F17: 22 | G17: 169.35 | H17: 64.59 | I17: 10.52 | J17: 1.11 | K17: 346.39 | L17: 37.02 | M17: 25.01 | N17: 145.6 | O17: 0 | P17: 1.03 | Q17: 6.86
A18: 09/06/2023 10:00 | B18: 21.88 | C18: 62.29 | D18: 47.3 | E18: 32.07 | F18: 37.47 | G18: 169.35 | H18: 64.59 | I18: 9.45 | J18: 0.79 | K18: 31.01 | L18: 39.9 | M18: 21.57 | N18: 151.8 | O18: 0 | P18: 0.91 | Q18: 6.48
A19: 09/06/2023 11:00 | B19: 16.51 | C19: 62.31 | D19: 44.41 | E19: 41.97 | F19: 42.08 | G19: 94.28 | H19: 49.93 | I19: 8.03 | J19: 0.63 | K19: 340.56 | L19: 41.49 | M19: 14.32 | N19: 179.4 | O19: 0 | P19: 0.86 | Q19: 6.1
A20: 09/06/2023 12:00 | B20: 9.9 | C20: 60.68 | D20: 37.16 | E20: 49.73 | F20: 48.74 | G20: 94.28 | H20: 47.09 | I20: 7.13 | J20: 1.14 | K20: 312.29 | L20: 42.37 | M20: 14.25 | N20: 747.6 | O20: 0 | P20: 0.76 | Q20: 5.76
... A32: 09/06/2023 24:00 | B32: 40.67 | C32: 66.55 | D32: 66.01 | E32: 9.55 | F32: 4.52 | G32: 68.98 | H32: 25.34 | I32: 9.32 | J32: 0.26 | K32: 328.47 | L32: 32.8 | M32: 43.52 | N32: 0 | O32: 0 | P32: 0.92 | Q32: 6.01
A34: Min | B34: =MIN(B9:B32) -> 5.75 | C34: =MIN(C9:C32) -> 40.71 | D34: =MIN(D9:D32) -> 24.71 | E34: =MIN(E9:E32) -> 5.37 | F34: =MIN(F9:F32) -> 3.85 | G34: =MIN(G9:G32) -> 47.85 | H34: =MIN(H9:H32) -> 25.34 | I34: =MIN(I9:I32) -> 4.05 | ... Q34: =MIN(Q9:Q32) -> 5.15
A35: Max | B35: =MAX(B9:B32) -> 45.24 | C35: =MAX(C9:C32) -> 66.57 | D35: =MAX(D9:D32) -> 70.02 | E35: =MAX(E9:E32) -> 68.89 | F35: =MAX(F9:F32) -> 50.51 | G35: =MAX(G9:G32) -> 169.35 | H35: =MAX(H9:H32) -> 64.59 | I35: =MAX(I9:I32) -> 11.36 | ... Q35: =MAX(Q9:Q32) -> 6.93
A36: Avg | B36: =AVERAGE(B9:B32) -> 22.249167 | C36: =AVERAGE(C9:C32) -> 59.379167 | D36: =AVERAGE(D9:D32) -> 47.471667 | E36: =AVERAGE(E9:E32) -> 20.4625 | F36: =AVERAGE(F9:F32) -> 23.714583 | G36: =AVERAGE(G9:G32) -> 91.31 | H36: =AVERAGE(H9:H32) -> 38.417083 | I36: =AVERAGE(I9:I32) -> 8.2466667 | ... Q36: =AVERAGE(Q9:Q32) -> 5.9475
A37: Stdev | B37: =STDEV(B9:B32) -> 14.21037 | C37: =STDEV(C9:C32) -> 6.6633775 | D37: =STDEV(D9:D32) -> 14.054576 | E37: =STDEV(E9:E32) -> 19.260079 | F37: =STDEV(F9:F32) -> 16.313867 | G37: =STDEV(G9:G32) -> 33.546577 | H37: =STDEV(H9:H32) -> 11.158278 | I37: =STDEV(I9:I32) -> 2.5237044 | ... Q37: =STDEV(Q9:Q32) -> 0.63963475
A38: Num | B38: =COUNT(B9:B32) -> 24 | C38: =COUNT(C9:C32) -> 24 | D38: =COUNT(D9:D32) -> 24 | E38: =COUNT(E9:E32) -> 24 | F38: =COUNT(F9:F32) -> 24 | G38: =COUNT(G9:G32) -> 24 | H38: =COUNT(H9:H32) -> 24 | I38: =COUNT(I9:I32) -> 24 | ... Q38: =COUNT(Q9:Q32) -> 24
A39: DCR | B39: =IF(B38>=22,">90%",IF(B38<=22,"<90%")) -> >90% | C39: =IF(C38>=22,">90%",IF(C38<=22,"<90%")) -> >90% | D39: =IF(D38>=22,">90%",IF(D38<=22,"<90%")) -> >90% | E39: =IF(E38>=22,">90%",IF(E38<=22,"<90%")) -> >90% | F39: =IF(F38>=22,">90%",IF(F38<=22,"<90%")) -> >90% | G39: =IF(G38>=22,">90%",IF(G38<=22,"<90%")) -> >90% | H39: =IF(H38>=22,">90%",IF(H38<=22,"<90%")) -> >90% | I39: =IF(I38>=22,">90%",IF(I38<=22,"<90%")) -> >90% | ... Q39: =IF(Q38>=22,">90%",IF(Q38<=22,"<90%")) -> >90%
A40: Status | B40: =IF(B38>=22,"OK",IF(B38<=22,"LESS")) -> OK | C40: =IF(C38>=22,"OK",IF(C38<=22,"LESS")) -> OK | D40: =IF(D38>=22,"OK",IF(D38<=22,"LESS")) -> OK | E40: =IF(E38>=22,"OK",IF(E38<=22,"LESS")) -> OK | F40: =IF(F38>=22,"OK",IF(F38<=22,"LESS")) -> OK | G40: =IF(G38>=22,"OK",IF(G38<=22,"LESS")) -> OK | H40: =IF(H38>=22,"OK",IF(H38<=22,"LESS")) -> OK | I40: =IF(I38>=22,"OK",IF(I38<=22,"LESS")) -> OK | ... Q40: =IF(Q38>=22,"OK",IF(Q38<=22,"LESS")) -> OK
A43: Done by | B43: AKASH
A45: Comment

Sheet 10
A1: Station: | B1: IGKV ,RAIPUR
A2: Date: | B2: =$A$9 -> 10/06/2023 01:00 | D2: Power Off | G2: Pw.Off | L2: Link Fail | N2: Link F | P2: Maintenance | R2: Maint.
A3: Report Type: | B3: Mean | D3: Calibration | G3: Calib. | L3: Data Fail | N3: Data F | P3: Invalid | R3: Invalid
A4: Time Base: | B4: 01 Hour | D4: Zero Referrence | G4: Z.Ref | L4: Warm Up | N4: Wm. Up
A7: Date & Time | B7: NO | C7: NO2 | D7: NOX | E7: SO2 | F7: O3 | G7: PM 10 | H7: PM 2.5 | I7: BENZ | J7: WS | K7: WD | L7: TEMP | M7: HUM | N7: SR | O7: RG | P7: CO | Q7: NH3
B8: ug/m3 | C8: ug/m3 | D8: ppb | E8: ug/m3 | F8: ug/m3 | G8: ug/m3 | H8: ug/m3 | I8: ug/m3 | J8: m/sec | K8: deg | L8: degreC | M8: % | N8: w/m2 | O8: mm | P8: mg/m3 | Q8: ug/m3
A9: 10/06/2023 01:00 | B9: 43.55 | C9: 61.99 | D9: 66.27 | E9: 17.81 | F9: 4.14 | G9: 85.65 | H9: 26.6 | I9: 9.43 | J9: 0.23 | K9: 222.12 | L9: 32.28 | M9: 45.5 | N9: 0 | O9: 0 | P9: 0.88 | Q9: 6.31
A10: 10/06/2023 02:00 | B10: 38.95 | C10: 61.73 | D10: 62.44 | E10: 22.81 | F10: 7.04 | G10: 85.65 | H10: 29.35 | I10: 9.62 | J10: 0.4 | K10: 248.98 | L10: 32.31 | M10: 39.61 | N10: 0 | O10: 0 | P10: 0.79 | Q10: 6.55
A11: 10/06/2023 03:00 | B11: 27.08 | C11: 59.61 | D11: 51.81 | E11: 24.48 | F11: 13.12 | G11: 85.06 | H11: 29.36 | I11: 7.96 | J11: 0.53 | K11: 274.9 | L11: 32.56 | M11: 40.42 | N11: 0 | O11: 0 | P11: 0.78 | Q11: 6.51
A12: 10/06/2023 04:00 | B12: 23.96 | C12: 57.3 | D12: 47.11 | E12: 38.91 | F12: 12.71 | G12: 67.89 | H12: 29.36 | I12: 6.97 | J12: 0.37 | K12: 286.06 | L12: 32.74 | M12: 35.23 | N12: 0 | O12: 0 | P12: 0.66 | Q12: 6.39
A13: 10/06/2023 05:00 | B13: 21.5 | C13: 53.75 | D13: 43.91 | E13: 36.8 | F13: 9.18 | G13: 61.09 | H13: 28.67 | I13: 6.6 | J13: 0.24 | K13: 184.21 | L13: 31.9 | M13: 46.16 | N13: 0 | O13: 0 | P13: 0.65 | Q13: 6.32
A14: 10/06/2023 06:00 | B14: 33.12 | C14: 58.85 | D14: 56.21 | E14: 21.14 | F14: 7.16 | G14: 58.46 | H14: 28.62 | I14: 6.58 | J14: 0.42 | K14: 259.49 | L14: 31.39 | M14: 45.25 | N14: 12.5 | O14: 0 | P14: 0.65 | Q14: 6.34
A15: 10/06/2023 07:00 | B15: 31.35 | C15: 57.26 | D15: 54.01 | E15: 13.87 | F15: 10.12 | G15: 63.73 | H15: 26.13 | I15: 6.89 | J15: 0.25 | K15: 199.73 | L15: 31.79 | M15: 47.3 | N15: 36.6 | O15: 0 | P15: 0.73 | Q15: 6.33
A16: 10/06/2023 08:00 | B16: 28.49 | C16: 58.56 | D16: 52.4 | E16: 15.6 | F16: 13.9 | G16: 70.73 | H16: 29.7 | I16: 7.97 | J16: 0.27 | K16: 228.01 | L16: 33.37 | M16: 52.08 | N16: 150.3 | O16: 0 | P16: 0.73 | Q16: 6.38
A17: 10/06/2023 09:00 | B17: 26.5 | C17: 58.24 | D17: 50.63 | E17: 13.62 | F17: 13.09 | G17: 70.73 | H17: 29.7 | I17: 8.11 | J17: 0.62 | K17: 268.32 | L17: 33.96 | M17: 44.34 | N17: 139 | O17: 0 | P17: 0.89 | Q17: 6.26
A18: 10/06/2023 10:00 | B18: 18.9 | C18: 53.81 | D18: 42.23 | E18: 20.57 | F18: 25.76 | G18: 83.34 | H18: 33.65 | I18: 12.45 | J18: 0.34 | K18: 253.29 | L18: 35.2 | M18: 43.15 | N18: 258.6 | O18: 0 | P18: 1 | Q18: 6.15
A19: 10/06/2023 11:00 | B19: 13.24 | C19: 56.89 | D19: 39.18 | E19: 13.39 | F19: 37.31 | G19: 85.96 | H19: 35.34 | I19: 11.46 | J19: 0.64 | K19: 274.22 | L19: 39.54 | M19: 32.17 | N19: 236.6 | O19: 0 | P19: 0.93 | Q19: 5.89
A20: 10/06/2023 12:00 | B20: 8 | C20: 58.35 | D20: 35.3 | E20: 9.78 | F20: 33.09 | G20: 85.96 | H20: 35.34 | I20: 10.09 | J20: 1.5 | K20: 295.67 | L20: 40.31 | M20: 24.49 | N20: 404 | O20: 0 | P20: 0.83 | Q20: 5.5
... A32: 10/06/2023 24:00 | B32: 8.55 | C32: 53.62 | D32: 33.83 | E32: 8 | F32: 23.53 | G32: 65.68 | H32: 26.55 | I32: 5.42 | J32: 0.94 | K32: 262.24 | L32: 32.95 | M32: 38.35 | N32: 0 | O32: 0 | P32: 0.64 | Q32: 5.22
A34: Min | B34: =MIN(B9:B32) -> 4.79 | C34: =MIN(C9:C32) -> 44.39 | D34: =MIN(D9:D32) -> 25.99 | E34: =MIN(E9:E32) -> 7.6 | F34: =MIN(F9:F32) -> 4.14 | G34: =MIN(G9:G32) -> 52.18 | H34: =MIN(H9:H32) -> 25.46 | I34: =MIN(I9:I32) -> 5.42 | ... Q34: =MIN(Q9:Q32) -> 4.95
A35: Max | B35: =MAX(B9:B32) -> 43.55 | C35: =MAX(C9:C32) -> 62.17 | D35: =MAX(D9:D32) -> 66.27 | E35: =MAX(E9:E32) -> 38.91 | F35: =MAX(F9:F32) -> 52.96 | G35: =MAX(G9:G32) -> 85.96 | H35: =MAX(H9:H32) -> 35.34 | I35: =MAX(I9:I32) -> 12.45 | ... Q35: =MAX(Q9:Q32) -> 6.55
A36: Avg | B36: =AVERAGE(B9:B32) -> 17.698333 | C36: =AVERAGE(C9:C32) -> 55.057917 | D36: =AVERAGE(D9:D32) -> 41.782917 | E36: =AVERAGE(E9:E32) -> 16.862917 | F36: =AVERAGE(F9:F32) -> 24.282917 | G36: =AVERAGE(G9:G32) -> 71.055 | H36: =AVERAGE(H9:H32) -> 30.159167 | I36: =AVERAGE(I9:I32) -> 7.8608333 | ... Q36: =AVERAGE(Q9:Q32) -> 5.70625
A37: Stdev | B37: =STDEV(B9:B32) -> 11.798865 | C37: =STDEV(C9:C32) -> 5.0542208 | D37: =STDEV(D9:D32) -> 11.611493 | E37: =STDEV(E9:E32) -> 8.8342025 | F37: =STDEV(F9:F32) -> 14.235075 | G37: =STDEV(G9:G32) -> 12.109452 | H37: =STDEV(H9:H32) -> 3.1665575 | I37: =STDEV(I9:I32) -> 1.8623546 | ... Q37: =STDEV(Q9:Q32) -> 0.5963134
A38: Num | B38: =COUNT(B9:B32) -> 24 | C38: =COUNT(C9:C32) -> 24 | D38: =COUNT(D9:D32) -> 24 | E38: =COUNT(E9:E32) -> 24 | F38: =COUNT(F9:F32) -> 24 | G38: =COUNT(G9:G32) -> 24 | H38: =COUNT(H9:H32) -> 24 | I38: =COUNT(I9:I32) -> 24 | ... Q38: =COUNT(Q9:Q32) -> 24
A39: DCR | B39: =IF(B38>=22,">90%",IF(B38<=22,"<90%")) -> >90% | C39: =IF(C38>=22,">90%",IF(C38<=22,"<90%")) -> >90% | D39: =IF(D38>=22,">90%",IF(D38<=22,"<90%")) -> >90% | E39: =IF(E38>=22,">90%",IF(E38<=22,"<90%")) -> >90% | F39: =IF(F38>=22,">90%",IF(F38<=22,"<90%")) -> >90% | G39: =IF(G38>=22,">90%",IF(G38<=22,"<90%")) -> >90% | H39: =IF(H38>=22,">90%",IF(H38<=22,"<90%")) -> >90% | I39: =IF(I38>=22,">90%",IF(I38<=22,"<90%")) -> >90% | ... Q39: =IF(Q38>=22,">90%",IF(Q38<=22,"<90%")) -> >90%
A40: Status | B40: =IF(B38>=22,"OK",IF(B38<=22,"LESS")) -> OK | C40: =IF(C38>=22,"OK",IF(C38<=22,"LESS")) -> OK | D40: =IF(D38>=22,"OK",IF(D38<=22,"LESS")) -> OK | E40: =IF(E38>=22,"OK",IF(E38<=22,"LESS")) -> OK | F40: =IF(F38>=22,"OK",IF(F38<=22,"LESS")) -> OK | G40: =IF(G38>=22,"OK",IF(G38<=22,"LESS")) -> OK | H40: =IF(H38>=22,"OK",IF(H38<=22,"LESS")) -> OK | I40: =IF(I38>=22,"OK",IF(I38<=22,"LESS")) -> OK | ... Q40: =IF(Q38>=22,"OK",IF(Q38<=22,"LESS")) -> OK
A43: Done by | B43: AKASH
A45: Comment

Sheet 11
A1: Station: | B1: IGKV ,RAIPUR
A2: Date: | B2: =$A$9 -> 11/06/2023 01:00 | D2: Power Off | G2: Pw.Off | L2: Link Fail | N2: Link F | P2: Maintenance | R2: Maint.
A3: Report Type: | B3: Mean | D3: Calibration | G3: Calib. | L3: Data Fail | N3: Data F | P3: Invalid | R3: Invalid
A4: Time Base: | B4: 01 Hour | D4: Zero Referrence | G4: Z.Ref | L4: Warm Up | N4: Wm. Up
A7: Date & Time | B7: NO | C7: NO2 | D7: NOX | E7: SO2 | F7: O3 | G7: PM 10 | H7: PM 2.5 | I7: BENZ | J7: WS | K7: WD | L7: TEMP | M7: HUM | N7: SR | O7: RG | P7: CO | Q7: NH3
B8: ug/m3 | C8: ug/m3 | D8: ppb | E8: ug/m3 | F8: ug/m3 | G8: ug/m3 | H8: ug/m3 | I8: ug/m3 | J8: m/sec | K8: deg | L8: degreC | M8: % | N8: w/m2 | O8: mm | P8: mg/m3 | Q8: ug/m3
A9: 11/06/2023 01:00 | B9: 8.43 | C9: 54.6 | D9: 34.24 | E9: 7.7 | F9: 18.78 | G9: 52.98 | H9: 23.56 | I9: 5.73 | J9: 0.82 | K9: 263.11 | L9: 32.43 | M9: 40.35 | N9: 0 | O9: 0 | P9: 0.61 | Q9: 5.13
A10: 11/06/2023 02:00 | B10: 8.03 | C10: 51.89 | D10: 32.34 | E10: 7.98 | F10: 19.86 | G10: 40.74 | H10: 19.58 | I10: 5.53 | J10: 0.66 | K10: 258.22 | L10: 31.61 | M10: 42.92 | N10: 0 | O10: 0 | P10: 0.58 | Q10: 5.12
A11: 11/06/2023 03:00 | B11: 8.05 | C11: 51.49 | D11: 32.31 | E11: 6.23 | F11: 21.84 | G11: 28.87 | H11: 17.19 | I11: 4.94 | J11: 0.46 | K11: 256.45 | L11: 30.89 | M11: 44.89 | N11: 0 | O11: 0 | P11: 0.53 | Q11: 5.12
A12: 11/06/2023 04:00 | B12: 9.27 | C12: 55.58 | D12: 35.43 | E12: 7.9 | F12: 10.97 | G12: 24.42 | H12: 14.5 | I12: 4.97 | J12: 1.01 | K12: 266.38 | L12: 30.73 | M12: 44.33 | N12: 0 | O12: 0 | P12: 0.55 | Q12: 5.12
A13: 11/06/2023 05:00 | B13: 9.99 | C13: 57.54 | D13: 36.91 | E13: 8.51 | F13: 8.05 | G13: 24.42 | H13: 15.03 | I13: 4.91 | J13: 1.04 | K13: 271.53 | L13: 30.64 | M13: 45.33 | N13: 0 | O13: 0 | P13: 0.53 | Q13: 5.14
A14: 11/06/2023 06:00 | B14: 10.07 | C14: 55.14 | D14: 35.83 | E14: 6.67 | F14: 9.77 | G14: 21.06 | H14: 15.03 | I14: 4.87 | J14: 0.75 | K14: 260.65 | L14: 29.91 | M14: 46.72 | N14: 25.9 | O14: 0 | P14: 0.5 | Q14: 5.14
A15: 11/06/2023 07:00 | B15: 10.58 | C15: 57.5 | D15: 37.48 | E15: 5.92 | F15: 7.34 | G15: 20.45 | H15: 10.88 | I15: 4.63 | J15: 1.1 | K15: 265.03 | L15: 30.54 | M15: 46.84 | N15: 71.9 | O15: 0 | P15: 0.5 | Q15: 5.16
A16: 11/06/2023 08:00 | B16: 10.65 | C16: 55.47 | D16: 36.47 | E16: 7.82 | F16: 7.56 | G16: 23.21 | H16: 12.4 | I16: 4.53 | J16: 1.51 | K16: 268.22 | L16: 32.91 | M16: 46.44 | N16: 116.4 | O16: 0 | P16: 0.52 | Q16: 5.13
A17: 11/06/2023 09:00 | B17: 10.39 | C17: 54.46 | D17: 35.55 | E17: 8 | F17: 10.21 | G17: 27.83 | H17: 13.14 | I17: 4.92 | J17: 1.68 | K17: 291.32 | L17: 35.14 | M17: 40.59 | N17: 143.1 | O17: 0 | P17: 0.56 | Q17: 5.16
A18: 11/06/2023 10:00 | B18: 9.42 | C18: 49.12 | D18: 32.17 | E18: 6.46 | F18: 14.82 | G18: 35.09 | H18: 13.89 | I18: 4.86 | J18: 1.6 | K18: 293 | L18: 36.78 | M18: 32.99 | N18: 186.4 | O18: 0 | P18: 0.54 | Q18: 4.95
A19: 11/06/2023 11:00 | B19: 7.42 | C19: 43.68 | D19: 27.67 | E19: 8.08 | F19: 21.86 | G19: 37.66 | H19: 18.9 | I19: 4.86 | J19: 1.37 | K19: 309.78 | L19: 39.42 | M19: 30 | N19: 202.2 | O19: 0 | P19: 0.55 | Q19: 4.79
A20: 11/06/2023 12:00 | B20: 6.82 | C20: 47.12 | D20: 29.04 | E20: 7.04 | F20: 28.77 | G20: 41.88 | H20: 18.9 | I20: 4.85 | J20: 1.51 | K20: 348.26 | L20: 41.11 | M20: 21.18 | N20: 672.2 | O20: 0 | P20: 0.55 | Q20: 4.97
... A32: 11/06/2023 24:00 | B32: 11.72 | C32: 51.58 | D32: 34.94 | E32: 15.18 | F32: 20.79 | G32: 48.96 | H32: 19.28 | I32: 5.78 | J32: 0.73 | K32: 263.64 | L32: 33.45 | M32: 35.17 | N32: 0 | O32: 0 | P32: 0.84 | Q32: 5.52
A34: Min | B34: =MIN(B9:B32) -> 6.14 | C34: =MIN(C9:C32) -> 39.29 | D34: =MIN(D9:D32) -> 24.4 | E34: =MIN(E9:E32) -> 5.92 | F34: =MIN(F9:F32) -> 7.34 | G34: =MIN(G9:G32) -> 20.45 | H34: =MIN(H9:H32) -> 10.88 | I34: =MIN(I9:I32) -> 3.32 | ... Q34: =MIN(Q9:Q32) -> 4.79
A35: Max | B35: =MAX(B9:B32) -> 19.71 | C35: =MAX(C9:C32) -> 60.57 | D35: =MAX(D9:D32) -> 46.41 | E35: =MAX(E9:E32) -> 16.67 | F35: =MAX(F9:F32) -> 45.39 | G35: =MAX(G9:G32) -> 56.39 | H35: =MAX(H9:H32) -> 24.23 | I35: =MAX(I9:I32) -> 5.78 | ... Q35: =MAX(Q9:Q32) -> 5.52
A36: Avg | B36: =AVERAGE(B9:B32) -> 8.9825 | C36: =AVERAGE(C9:C32) -> 50.890833 | D36: =AVERAGE(D9:D32) -> 32.58 | E36: =AVERAGE(E9:E32) -> 9.8254167 | F36: =AVERAGE(F9:F32) -> 21.9375 | G36: =AVERAGE(G9:G32) -> 42.340417 | H36: =AVERAGE(H9:H32) -> 18.720833 | I36: =AVERAGE(I9:I32) -> 4.7508333 | ... Q36: =AVERAGE(Q9:Q32) -> 5.1183333
A37: Stdev | B37: =STDEV(B9:B32) -> 2.7477505 | C37: =STDEV(C9:C32) -> 5.9870171 | D37: =STDEV(D9:D32) -> 4.8892686 | E37: =STDEV(E9:E32) -> 3.2243489 | F37: =STDEV(F9:F32) -> 10.813096 | G37: =STDEV(G9:G32) -> 13.19892 | H37: =STDEV(H9:H32) -> 3.8559338 | I37: =STDEV(I9:I32) -> 0.56723522 | ... Q37: =STDEV(Q9:Q32) -> 0.16714135
A38: Num | B38: =COUNT(B9:B32) -> 24 | C38: =COUNT(C9:C32) -> 24 | D38: =COUNT(D9:D32) -> 24 | E38: =COUNT(E9:E32) -> 24 | F38: =COUNT(F9:F32) -> 24 | G38: =COUNT(G9:G32) -> 24 | H38: =COUNT(H9:H32) -> 24 | I38: =COUNT(I9:I32) -> 24 | ... Q38: =COUNT(Q9:Q32) -> 24
A39: DCR | B39: =IF(B38>=22,">90%",IF(B38<=22,"<90%")) -> >90% | C39: =IF(C38>=22,">90%",IF(C38<=22,"<90%")) -> >90% | D39: =IF(D38>=22,">90%",IF(D38<=22,"<90%")) -> >90% | E39: =IF(E38>=22,">90%",IF(E38<=22,"<90%")) -> >90% | F39: =IF(F38>=22,">90%",IF(F38<=22,"<90%")) -> >90% | G39: =IF(G38>=22,">90%",IF(G38<=22,"<90%")) -> >90% | H39: =IF(H38>=22,">90%",IF(H38<=22,"<90%")) -> >90% | I39: =IF(I38>=22,">90%",IF(I38<=22,"<90%")) -> >90% | ... Q39: =IF(Q38>=22,">90%",IF(Q38<=22,"<90%")) -> >90%
A40: Status | B40: =IF(B38>=22,"OK",IF(B38<=22,"LESS")) -> OK | C40: =IF(C38>=22,"OK",IF(C38<=22,"LESS")) -> OK | D40: =IF(D38>=22,"OK",IF(D38<=22,"LESS")) -> OK | E40: =IF(E38>=22,"OK",IF(E38<=22,"LESS")) -> OK | F40: =IF(F38>=22,"OK",IF(F38<=22,"LESS")) -> OK | G40: =IF(G38>=22,"OK",IF(G38<=22,"LESS")) -> OK | H40: =IF(H38>=22,"OK",IF(H38<=22,"LESS")) -> OK | I40: =IF(I38>=22,"OK",IF(I38<=22,"LESS")) -> OK | ... Q40: =IF(Q38>=22,"OK",IF(Q38<=22,"LESS")) -> OK
A43: Done by | B43: AKASH
A45: Comment

Sheet 12
A1: Station: | B1: IGKV ,RAIPUR
A2: Date: | B2: =$A$9 -> 12/06/2023 01:00 | D2: Power Off | G2: Pw.Off | L2: Link Fail | N2: Link F | P2: Maintenance | R2: Maint.
A3: Report Type: | B3: Mean | D3: Calibration | G3: Calib. | L3: Data Fail | N3: Data F | P3: Invalid | R3: Invalid
A4: Time Base: | B4: 01 Hour | D4: Zero Referrence | G4: Z.Ref | L4: Warm Up | N4: Wm. Up
A7: Date & Time | B7: NO | C7: NO2 | D7: NOX | E7: SO2 | F7: O3 | G7: PM 10 | H7: PM 2.5 | I7: BENZ | J7: WS | K7: WD | L7: TEMP | M7: HUM | N7: SR | O7: RG | P7: CO | Q7: NH3
B8: ug/m3 | C8: ug/m3 | D8: ppb | E8: ug/m3 | F8: ug/m3 | G8: ug/m3 | H8: ug/m3 | I8: ug/m3 | J8: m/sec | K8: deg | L8: degreC | M8: % | N8: w/m2 | O8: mm | P8: mg/m3 | Q8: ug/m3
A9: 12/06/2023 01:00 | B9: 12.59 | C9: 57.52 | D9: 38.82 | E9: 14.2 | F9: 15.03 | G9: 46.37 | H9: 19.65 | I9: 6.85 | J9: 1.08 | K9: 271.33 | L9: 33.29 | M9: 38.06 | N9: 0 | O9: 0 | P9: 0.68 | Q9: 5.43
A10: 12/06/2023 02:00 | B10: 12.28 | C10: 58 | D10: 38.98 | E10: 25.51 | F10: 19.2 | G10: 47.91 | H10: 19.65 | I10: 7.2 | J10: 0.49 | K10: 268.46 | L10: 32.68 | M10: 40.22 | N10: 0 | O10: 0 | P10: 0.93 | Q10: 5.48
A11: 12/06/2023 03:00 | B11: 12.07 | C11: 53.33 | D11: 36.5 | E11: 16.57 | F11: 18.69 | G11: 47.91 | H11: 18.84 | I11: 6.87 | J11: 0.44 | K11: 323.93 | L11: 32.05 | M11: 42.84 | N11: 0 | O11: 0 | P11: 0.97 | Q11: 5.52
A12: 12/06/2023 04:00 | B12: 16.12 | C12: 54.24 | D12: 39.8 | E12: 15.14 | F12: 12.01 | G12: 46.51 | H12: 16.45 | I12: 6.64 | J12: 0.39 | K12: 218.16 | L12: 31.13 | M12: 46.35 | N12: 0 | O12: 0 | P12: 0.79 | Q12: 5.52
A13: 12/06/2023 05:00 | B13: 13.67 | C13: 54.71 | D13: 38.5 | E13: 15.28 | F13: 19 | G13: 42.9 | H13: 18.94 | I13: 6.36 | J13: 0.37 | K13: 242.9 | L13: 30.82 | M13: 45.61 | N13: 0 | O13: 0 | P13: 0.7 | Q13: 5.57
A14: 12/06/2023 06:00 | B14: 14.3 | C14: 54.45 | D14: 38.87 | E14: 13.78 | F14: 16.1 | G14: 42.9 | H14: 18.94 | I14: 5.56 | J14: 0.31 | K14: 255.85 | L14: 31.06 | M14: 45.48 | N14: 8.7 | O14: 0 | P14: 0.65 | Q14: 5.52
A15: 12/06/2023 07:00 | B15: 16.63 | C15: 55.84 | D15: 40.9 | E15: 13.29 | F15: 8.76 | G15: 39.1 | H15: 16.47 | I15: 5.61 | J15: 1.17 | K15: 260.1 | L15: 31.81 | M15: 45.55 | N15: 44 | O15: 0 | P15: 0.67 | Q15: 5.66
A16: 12/06/2023 08:00 | B16: 16.61 | C16: 60.13 | D16: 43.57 | E16: 11.31 | F16: 10.31 | G16: 35.95 | H16: 14.27 | I16: 7.01 | J16: 1.29 | K16: 262.68 | L16: 33.21 | M16: 42.95 | N16: 124.9 | O16: 0 | P16: 0.83 | Q16: 5.64
A17: 12/06/2023 09:00 | B17: 14.74 | C17: 55.18 | D17: 38.87 | E17: 16.38 | F17: 13.87 | G17: 35.95 | H17: 12.58 | I17: 6.94 | J17: 1.33 | K17: 276.03 | L17: 35.9 | M17: 39.09 | N17: 121.7 | O17: 0 | P17: 0.79 | Q17: 5.45
A18: 12/06/2023 10:00 | B18: 11.82 | C18: 49.06 | D18: 34.06 | E18: 18.01 | F18: 19.18 | G18: 39.15 | H18: 16.74 | I18: 8 | J18: 1.32 | K18: 294.94 | L18: 37.87 | M18: 33.69 | N18: 125.6 | O18: 0 | P18: 0.87 | Q18: 5.28
A19: 12/06/2023 11:00 | B19: 9.17 | C19: 46.64 | D19: 30.67 | E19: 13.81 | F19: 24.26 | G19: 43.93 | H19: 18.22 | I19: 8.1 | J19: 1.22 | K19: 285.91 | L19: 39.59 | M19: 30.15 | N19: 132.2 | O19: 0 | P19: 0.91 | Q19: 5.07
A20: 12/06/2023 12:00 | B20: 5.73 | C20: 47.5 | D20: 27.34 | E20: 10.24 | F20: 26.5 | G20: 43.93 | H20: 19.63 | I20: 7.68 | J20: 1.54 | K20: 281.84 | L20: 40.91 | M20: 26.75 | N20: 778.2 | O20: 0 | P20: 0.79 | Q20: 4.9
... A32: 12/06/2023 24:00 | B32: 15.11 | C32: 47.8 | D32: 36.05 | E32: 15.07 | F32: 20.64 | G32: 53.33 | H32: 17.28 | I32: 4.7 | J32: 0.59 | K32: 359.36 | L32: 33.28 | M32: 41.77 | N32: 0 | O32: 0 | P32: 0.5 | Q32: 4.92
A34: Min | B34: =MIN(B9:B32) -> 4.4 | C34: =MIN(C9:C32) -> 38.66 | D34: =MIN(D9:D32) -> 23.29 | E34: =MIN(E9:E32) -> 7.88 | F34: =MIN(F9:F32) -> 8.76 | G34: =MIN(G9:G32) -> 33.44 | H34: =MIN(H9:H32) -> 12.58 | I34: =MIN(I9:I32) -> 4.51 | ... Q34: =MIN(Q9:Q32) -> 4.87
A35: Max | B35: =MAX(B9:B32) -> 16.63 | C35: =MAX(C9:C32) -> 66.58 | D35: =MAX(D9:D32) -> 43.57 | E35: =MAX(E9:E32) -> 25.51 | F35: =MAX(F9:F32) -> 54.31 | G35: =MAX(G9:G32) -> 60.12 | H35: =MAX(H9:H32) -> 20.11 | I35: =MAX(I9:I32) -> 8.1 | ... Q35: =MAX(Q9:Q32) -> 5.72
A36: Avg | B36: =AVERAGE(B9:B32) -> 10.032083 | C36: =AVERAGE(C9:C32) -> 52.185417 | D36: =AVERAGE(D9:D32) -> 34.099583 | E36: =AVERAGE(E9:E32) -> 13.631667 | F36: =AVERAGE(F9:F32) -> 26.079167 | G36: =AVERAGE(G9:G32) -> 43.580417 | H36: =AVERAGE(H9:H32) -> 17.624167 | I36: =AVERAGE(I9:I32) -> 6.2158333 | ... Q36: =AVERAGE(Q9:Q32) -> 5.3025
A37: Stdev | B37: =STDEV(B9:B32) -> 4.2486611 | C37: =STDEV(C9:C32) -> 6.7730547 | D37: =STDEV(D9:D32) -> 5.5747681 | E37: =STDEV(E9:E32) -> 3.6495022 | F37: =STDEV(F9:F32) -> 12.935924 | G37: =STDEV(G9:G32) -> 8.1223093 | H37: =STDEV(H9:H32) -> 1.8350759 | I37: =STDEV(I9:I32) -> 1.0520453 | ... Q37: =STDEV(Q9:Q32) -> 0.30710783
A38: Num | B38: =COUNT(B9:B32) -> 24 | C38: =COUNT(C9:C32) -> 24 | D38: =COUNT(D9:D32) -> 24 | E38: =COUNT(E9:E32) -> 24 | F38: =COUNT(F9:F32) -> 24 | G38: =COUNT(G9:G32) -> 24 | H38: =COUNT(H9:H32) -> 24 | I38: =COUNT(I9:I32) -> 24 | ... Q38: =COUNT(Q9:Q32) -> 24
A39: DCR | B39: =IF(B38>=22,">90%",IF(B38<=22,"<90%")) -> >90% | C39: =IF(C38>=22,">90%",IF(C38<=22,"<90%")) -> >90% | D39: =IF(D38>=22,">90%",IF(D38<=22,"<90%")) -> >90% | E39: =IF(E38>=22,">90%",IF(E38<=22,"<90%")) -> >90% | F39: =IF(F38>=22,">90%",IF(F38<=22,"<90%")) -> >90% | G39: =IF(G38>=22,">90%",IF(G38<=22,"<90%")) -> >90% | H39: =IF(H38>=22,">90%",IF(H38<=22,"<90%")) -> >90% | I39: =IF(I38>=22,">90%",IF(I38<=22,"<90%")) -> >90% | ... Q39: =IF(Q38>=22,">90%",IF(Q38<=22,"<90%")) -> >90%
A40: Status | B40: =IF(B38>=22,"OK",IF(B38<=22,"LESS")) -> OK | C40: =IF(C38>=22,"OK",IF(C38<=22,"LESS")) -> OK | D40: =IF(D38>=22,"OK",IF(D38<=22,"LESS")) -> OK | E40: =IF(E38>=22,"OK",IF(E38<=22,"LESS")) -> OK | F40: =IF(F38>=22,"OK",IF(F38<=22,"LESS")) -> OK | G40: =IF(G38>=22,"OK",IF(G38<=22,"LESS")) -> OK | H40: =IF(H38>=22,"OK",IF(H38<=22,"LESS")) -> OK | I40: =IF(I38>=22,"OK",IF(I38<=22,"LESS")) -> OK | ... Q40: =IF(Q38>=22,"OK",IF(Q38<=22,"LESS")) -> OK
A43: Done by | B43: AKASH
A45: Comment

Sheet 13
A1: Station: | B1: IGKV ,RAIPUR
A2: Date: | B2: =$A$9 -> 13/06/2023 01:00 | D2: Power Off | G2: Pw.Off | L2: Link Fail | N2: Link F | P2: Maintenance | R2: Maint.
A3: Report Type: | B3: Mean | D3: Calibration | G3: Calib. | L3: Data Fail | N3: Data F | P3: Invalid | R3: Invalid
A4: Time Base: | B4: 01 Hour | D4: Zero Referrence | G4: Z.Ref | L4: Warm Up | N4: Wm. Up
A7: Date & Time | B7: NO | C7: NO2 | D7: NOX | E7: SO2 | F7: O3 | G7: PM 10 | H7: PM 2.5 | I7: BENZ | J7: WS | K7: WD | L7: TEMP | M7: HUM | N7: SR | O7: RG | P7: CO | Q7: NH3
B8: ug/m3 | C8: ug/m3 | D8: ppb | E8: ug/m3 | F8: ug/m3 | G8: ug/m3 | H8: ug/m3 | I8: ug/m3 | J8: m/sec | K8: deg | L8: degreC | M8: % | N8: w/m2 | O8: mm | P8: mg/m3 | Q8: ug/m3
A9: 13/06/2023 01:00 | B9: 11.62 | C9: 47.09 | D9: 32.56 | E9: 19.04 | F9: 15.05 | G9: 50.81 | H9: 17.26 | I9: 4.52 | J9: 0.5 | K9: 319.15 | L9: 33.2 | M9: 48.08 | N9: 0 | O9: 0 | P9: 0.52 | Q9: 5.06
A10: 13/06/2023 02:00 | B10: 9.72 | C10: 46.49 | D10: 30.8 | E10: 14.26 | F10: 15.47 | G10: 47.44 | H10: 16.28 | I10: 4.68 | J10: 0.34 | K10: 230.42 | L10: 31.74 | M10: 48.34 | N10: 0 | O10: 0 | P10: 0.47 | Q10: 5.15
A11: 13/06/2023 03:00 | B11: 10.54 | C11: 46.47 | D11: 31.46 | E11: 11.02 | F11: 17.26 | G11: 44.19 | H11: 15.44 | I11: 4.33 | J11: 0.41 | K11: 232.43 | L11: 31.35 | M11: 51.7 | N11: 0 | O11: 0 | P11: 0.46 | Q11: 5.12
A12: 13/06/2023 04:00 | B12: 11.26 | C12: 46.99 | D12: 32.19 | E12: 7.9 | F12: 12.72 | G12: 35.84 | H12: 14.58 | I12: 4.32 | J12: 0.58 | K12: 256.58 | L12: 31.13 | M12: 51.15 | N12: 0 | O12: 0 | P12: 0.45 | Q12: 5.18
A13: 13/06/2023 05:00 | B13: 10.45 | C13: 46.06 | D13: 31.4 | E13: 7.65 | F13: 18.67 | G13: 35.78 | H13: 15.28 | I13: 4.16 | J13: 0.28 | K13: 210 | L13: 31.05 | M13: 50.39 | N13: 0 | O13: 0 | P13: 0.41 | Q13: 5.17
A14: 13/06/2023 06:00 | B14: 11.31 | C14: 46.02 | D14: 31.73 | E14: 7.64 | F14: 15.67 | G14: 30.45 | H14: 15.28 | I14: 3.83 | J14: 0.17 | K14: 259.46 | L14: 30.48 | M14: 53.06 | N14: 0 | O14: 0 | P14: 0.42 | Q14: 5.25
A15: 13/06/2023 07:00 | B15: 13.45 | C15: 52.4 | D15: 37.12 | E15: 7.5 | F15: 13.39 | G15: 24.77 | H15: 11.88 | I15: 3.94 | J15: 0.26 | K15: 245.55 | L15: 30.8 | M15: 53.21 | N15: 22.8 | O15: 0 | P15: 0.45 | Q15: 5.27
A16: 13/06/2023 08:00 | B16: 13.7 | C16: 50.57 | D16: 36.36 | E16: 7.89 | F16: 13.23 | G16: 24.77 | H16: 12.51 | I16: 4.5 | J16: 0.27 | K16: 193.3 | L16: 31.87 | M16: 51.99 | N16: 85.6 | O16: 0 | P16: 0.46 | Q16: 5.35
A17: 13/06/2023 09:00 | B17: 13.51 | C17: 46.29 | D17: 33.62 | E17: 8.33 | F17: 17.8 | G17: 25.57 | H17: 12.51 | I17: 4.58 | J17: 0.58 | K17: 259.11 | L17: 33.72 | M17: 47.96 | N17: 211 | O17: 0 | P17: 0.45 | Q17: 5.31
A18: 13/06/2023 10:00 | B18: 12.24 | C18: 46.01 | D18: 32.81 | E18: 10.79 | F18: 19.73 | G18: 25.57 | H18: 12.84 | I18: 4.63 | J18: 0.85 | K18: 257.63 | L18: 34.9 | M18: 42.86 | N18: 254.1 | O18: 0 | P18: 0.45 | Q18: 5.22
A19: 13/06/2023 11:00 | B19: 8.24 | C19: 43.29 | D19: 26.92 | E19: 10.64 | F19: 25.57 | G19: 34.24 | H19: 17.38 | I19: 4.49 | J19: 0.76 | K19: 268.15 | L19: 38.67 | M19: 37.89 | N19: 301 | O19: 0 | P19: 0.44 | Q19: 4.94
A20: 13/06/2023 12:00 | B20: 6.07 | C20: 46.4 | D20: 27.01 | E20: 8.71 | F20: 20.54 | G20: 34.24 | H20: 17.38 | I20: 4.74 | J20: 1.16 | K20: 285.53 | L20: 39.57 | M20: 29.25 | N20: 725.8 | O20: 0 | P20: 0.46 | Q20: 4.9
... A32: 13/06/2023 24:00 | B32: 9.76 | C32: 47.58 | D32: 31.65 | E32: 10.98 | F32: 17.63 | G32: 47.68 | H32: 18.88 | I32: 5 | J32: 0.41 | K32: 244.32 | L32: 32.12 | M32: 54.44 | N32: 0 | O32: 0 | P32: 0.64 | Q32: 5.22
A34: Min | B34: =MIN(B9:B32) -> 4.17 | C34: =MIN(C9:C32) -> 42.47 | D34: =MIN(D9:D32) -> 23.78 | E34: =MIN(E9:E32) -> 5.79 | F34: =MIN(F9:F32) -> 10.95 | G34: =MIN(G9:G32) -> 24.77 | H34: =MIN(H9:H32) -> 11.88 | I34: =MIN(I9:I32) -> 3.83 | ... Q34: =MIN(Q9:Q32) -> 4.69
A35: Max | B35: =MAX(B9:B32) -> 13.7 | C35: =MAX(C9:C32) -> 56.9 | D35: =MAX(D9:D32) -> 37.9 | E35: =MAX(E9:E32) -> 19.04 | F35: =MAX(F9:F32) -> 38.02 | G35: =MAX(G9:G32) -> 71.09 | H35: =MAX(H9:H32) -> 25.57 | I35: =MAX(I9:I32) -> 5.92 | ... Q35: =MAX(Q9:Q32) -> 5.35
A36: Avg | B36: =AVERAGE(B9:B32) -> 9.4708333 | C36: =AVERAGE(C9:C32) -> 47.845 | D36: =AVERAGE(D9:D32) -> 31.247917 | E36: =AVERAGE(E9:E32) -> 10.09875 | F36: =AVERAGE(F9:F32) -> 22.215 | G36: =AVERAGE(G9:G32) -> 40.977917 | H36: =AVERAGE(H9:H32) -> 17.75625 | I36: =AVERAGE(I9:I32) -> 4.69 | ... Q36: =AVERAGE(Q9:Q32) -> 5.0904167
A37: Stdev | B37: =STDEV(B9:B32) -> 2.7777359 | C37: =STDEV(C9:C32) -> 3.3936642 | D37: =STDEV(D9:D32) -> 3.532084 | E37: =STDEV(E9:E32) -> 3.2881835 | F37: =STDEV(F9:F32) -> 8.1303425 | G37: =STDEV(G9:G32) -> 12.878323 | H37: =STDEV(H9:H32) -> 3.8218773 | I37: =STDEV(I9:I32) -> 0.47370877 | ... Q37: =STDEV(Q9:Q32) -> 0.16783737
A38: Num | B38: =COUNT(B9:B32) -> 24 | C38: =COUNT(C9:C32) -> 24 | D38: =COUNT(D9:D32) -> 24 | E38: =COUNT(E9:E32) -> 24 | F38: =COUNT(F9:F32) -> 24 | G38: =COUNT(G9:G32) -> 24 | H38: =COUNT(H9:H32) -> 24 | I38: =COUNT(I9:I32) -> 24 | ... Q38: =COUNT(Q9:Q32) -> 24
A39: DCR | B39: =IF(B38>=22,">90%",IF(B38<=22,"<90%")) -> >90% | C39: =IF(C38>=22,">90%",IF(C38<=22,"<90%")) -> >90% | D39: =IF(D38>=22,">90%",IF(D38<=22,"<90%")) -> >90% | E39: =IF(E38>=22,">90%",IF(E38<=22,"<90%")) -> >90% | F39: =IF(F38>=22,">90%",IF(F38<=22,"<90%")) -> >90% | G39: =IF(G38>=22,">90%",IF(G38<=22,"<90%")) -> >90% | H39: =IF(H38>=22,">90%",IF(H38<=22,"<90%")) -> >90% | I39: =IF(I38>=22,">90%",IF(I38<=22,"<90%")) -> >90% | ... Q39: =IF(Q38>=22,">90%",IF(Q38<=22,"<90%")) -> >90%
A40: Status | B40: =IF(B38>=22,"OK",IF(B38<=22,"LESS")) -> OK | C40: =IF(C38>=22,"OK",IF(C38<=22,"LESS")) -> OK | D40: =IF(D38>=22,"OK",IF(D38<=22,"LESS")) -> OK | E40: =IF(E38>=22,"OK",IF(E38<=22,"LESS")) -> OK | F40: =IF(F38>=22,"OK",IF(F38<=22,"LESS")) -> OK | G40: =IF(G38>=22,"OK",IF(G38<=22,"LESS")) -> OK | H40: =IF(H38>=22,"OK",IF(H38<=22,"LESS")) -> OK | I40: =IF(I38>=22,"OK",IF(I38<=22,"LESS")) -> OK | ... Q40: =IF(Q38>=22,"OK",IF(Q38<=22,"LESS")) -> OK
A43: Done by | B43: AKASH
A45: Comment

Sheet 14
A1: Station: | B1: IGKV ,RAIPUR
A2: Date: | B2: =$A$9 -> 14/06/2023 01:00 | D2: Power Off | G2: Pw.Off | L2: Link Fail | N2: Link F | P2: Maintenance | R2: Maint.
A3: Report Type: | B3: Mean | D3: Calibration | G3: Calib. | L3: Data Fail | N3: Data F | P3: Invalid | R3: Invalid
A4: Time Base: | B4: 01 Hour | D4: Zero Referrence | G4: Z.Ref | L4: Warm Up | N4: Wm. Up
A7: Date & Time | B7: NO | C7: NO2 | D7: NOX | E7: SO2 | F7: O3 | G7: PM 10 | H7: PM 2.5 | I7: BENZ | J7: WS | K7: WD | L7: TEMP | M7: HUM | N7: SR | O7: RG | P7: CO | Q7: NH3
B8: ug/m3 | C8: ug/m3 | D8: ppb | E8: ug/m3 | F8: ug/m3 | G8: ug/m3 | H8: ug/m3 | I8: ug/m3 | J8: m/sec | K8: deg | L8: degreC | M8: % | N8: w/m2 | O8: mm | P8: mg/m3 | Q8: ug/m3
A9: 14/06/2023 01:00 | B9: 13.29 | C9: 50.1 | D9: 35.79 | E9: 10.25 | F9: 19.03 | G9: 46.04 | H9: 18.88 | I9: 4.91 | J9: 0.86 | K9: 263.17 | L9: 33.7 | M9: 47.46 | N9: 0 | O9: 0 | P9: 0.62 | Q9: 5.3
A10: 14/06/2023 02:00 | B10: 10.74 | C10: 46.3 | D10: 31.76 | E10: 27.32 | F10: 29.44 | G10: 45.09 | H10: 16.16 | I10: 4.78 | J10: 0.65 | K10: 255.63 | L10: 33.69 | M10: 39.74 | N10: 0 | O10: 0 | P10: 0.53 | Q10: 5.23
A11: 14/06/2023 03:00 | B11: 10.85 | C11: 44.69 | D11: 31.01 | E11: 17.11 | F11: 20.64 | G11: 31.61 | H11: 14.34 | I11: 4.65 | J11: 0.82 | K11: 292.37 | L11: 33.33 | M11: 41.05 | N11: 0 | O11: 0 | P11: 0.62 | Q11: 5.09
A12: 14/06/2023 04:00 | B12: 10.24 | C12: 45.01 | D12: 30.22 | E12: 17.4 | F12: 18.39 | G12: 32.32 | H12: 14.85 | I12: 6.22 | J12: 0.7 | K12: 262.75 | L12: 32.66 | M12: 42.48 | N12: 0 | O12: 0 | P12: 0.77 | Q12: 5.05
A13: 14/06/2023 05:00 | B13: 9.67 | C13: 40.46 | D13: 27.85 | E13: 7.13 | F13: 23.4 | G13: 32.32 | H13: 14.85 | I13: 5.6 | J13: 0.4 | K13: 241.85 | L13: 32.22 | M13: 38.92 | N13: 0 | O13: 0 | P13: 0.49 | Q13: 5.07
A14: 14/06/2023 06:00 | B14: 10.51 | C14: 42.73 | D14: 29.71 | E14: 10.74 | F14: 22.24 | G14: 28.36 | H14: 11.84 | I14: 4.02 | J14: 0.81 | K14: 250.82 | L14: 32.58 | M14: 39.41 | N14: 28.7 | O14: 0 | P14: 0.48 | Q14: 5.08
A15: 14/06/2023 07:00 | B15: 11.14 | C15: 44.35 | D15: 31.06 | E15: 9.85 | F15: 15.97 | G15: 25.67 | H15: 11.84 | I15: 4.48 | J15: 0.81 | K15: 267.73 | L15: 33.02 | M15: 43.65 | N15: 108.1 | O15: 0 | P15: 0.48 | Q15: 5.07
A16: 14/06/2023 08:00 | B16: 11.68 | C16: 47.39 | D16: 33.08 | E16: 12.84 | F16: 14.24 | G16: 30.64 | H16: 15.01 | I16: 5.41 | J16: 1.3 | K16: 295.63 | L16: 34.53 | M16: 42.85 | N16: 121.5 | O16: 0 | P16: 0.55 | Q16: 5.04
A17: 14/06/2023 09:00 | B17: 11.52 | C17: 48.07 | D17: 32.91 | E17: 8.38 | F17: 12.37 | G17: 35.13 | H17: 16.97 | I17: 5.3 | J17: 1.85 | K17: 311.75 | L17: 36.01 | M17: 38.03 | N17: 146.1 | O17: 0 | P17: 0.55 | Q17: 5
A18: 14/06/2023 10:00 | B18: 10.34 | C18: 45.3 | D18: 30.91 | E18: 7.35 | F18: 17.58 | G18: 39.72 | H18: 16.97 | I18: 5.22 | J18: 1.56 | K18: 321.5 | L18: 37.63 | M18: 33.75 | N18: 176.4 | O18: 0 | P18: 0.55 | Q18: 4.96
A19: 14/06/2023 11:00 | B19: 8.39 | C19: 43.74 | D19: 28.05 | E19: 7.65 | F19: 22.53 | G19: 40.72 | H19: 18.03 | I19: 5.07 | J19: 1.45 | K19: 317.2 | L19: 38.94 | M19: 29.92 | N19: 221.3 | O19: 0 | P19: 0.53 | Q19: 4.85
A20: 14/06/2023 12:00 | B20: 7.03 | C20: 40.24 | D20: 25.44 | E20: 7.45 | F20: 23.63 | G20: 47.39 | H20: 18.03 | I20: 4.9 | J20: 1.38 | K20: 339.02 | L20: 40.16 | M20: 27.48 | N20: 460.5 | O20: 0 | P20: 0.52 | Q20: 4.8
A21: 14/06/2023 13:00 | B21: 5.13 | C21: 39.75 | D21: 23.68 | E21: 8.3 | F21: 32.98 | G21: Calib. | H21: Calib. | I21: 4.67 | J21: 1.03 | K21: 350.93 | L21: 39.95 | M21: 88.16 | N21: 501.5 | O21: 0 | P21: 0.52 | Q21: 4.94
A22: 14/06/2023 14:00 | B22: 3.32 | C22: 40.63 | D22: 22.85 | E22: 5.09 | F22: 16.69 | G22: Calib. | H22: Calib. | I22: 4.48 | J22: 2.15 | K22: 335.63 | L22: 29.11 | M22: 90.19 | N22: 123 | O22: 0 | P22: 0.45 | Q22: 4.6
A23: 14/06/2023 15:00 | B23: 2.02 | C23: 31.63 | D23: 16.03 | E23: 3.88 | F23: 32.66 | G23: 39.97 | H23: 1.7 | I23: 3.82 | J23: 2.8 | K23: 297.38 | L23: 26.5 | M23: 90.93 | N23: 39.4 | O23: 0 | P23: 0.37 | Q23: 4.12
A24: 14/06/2023 16:00 | B24: 6.36 | C24: 39.22 | D24: 23.77 | E24: 3.7 | F24: 10.62 | G24: 39.97 | H24: 3.9 | I24: 1.95 | J24: 0.7 | K24: 176.99 | L24: 27.99 | M24: 81.45 | N24: 32.1 | O24: 0 | P24: 0.43 | Q24: 4.44
A25: 14/06/2023 17:00 | B25: 16.3 | C25: 42.87 | D25: 33.71 | E25: 5.01 | F25: 11.62 | G25: 41.84 | H25: 5.03 | I25: 2.96 | J25: 0.54 | K25: 149.89 | L25: 29.53 | M25: 81.41 | N25: 55.4 | O25: 0 | P25: 0.57 | Q25: 4.84
A26: 14/06/2023 18:00 | B26: 17.16 | C26: 48.5 | D26: 38.06 | E26: 4.94 | F26: 13.6 | G26: 47.34 | H26: 14.78 | I26: 3.19 | J26: 0.22 | K26: 276.24 | L26: 29.84 | M26: 74.41 | N26: 53.2 | O26: 0 | P26: 0.59 | Q26: 5.06
A27: 14/06/2023 19:00 | B27: 27.99 | C27: 49.78 | D27: 47.41 | E27: 5.35 | F27: 8.71 | G27: 75.2 | H27: 16.78 | I27: 4.09 | J27: 0.51 | K27: 246.76 | L27: 30.35 | M27: 76.64 | N27: 23.7 | O27: 0 | P27: 0.74 | Q27: 5.43
A28: 14/06/2023 20:00 | B28: 15.21 | C28: 40.62 | D28: 31.76 | E28: 6.43 | F28: 22.97 | G28: 75.2 | H28: 16.78 | I28: 4.02 | J28: 0.45 | K28: 254.93 | L28: 30.95 | M28: 56.13 | N28: 0 | O28: 0 | P28: 0.54 | Q28: 5.43
A29: 14/06/2023 21:00 | B29: 18.55 | C29: 51.98 | D29: 40.99 | E29: 6.15 | F29: 12.34 | G29: 54.25 | H29: 17.21 | I29: 4.52 | J29: 0.24 | K29: 180.93 | L29: 30.49 | M29: 62.65 | N29: 0 | O29: 0 | P29: 0.7 | Q29: 5.47
A30: 14/06/2023 22:00 | B30: 17.88 | C30: 48.26 | D30: 38.51 | E30: 5.91 | F30: 9.33 | G30: 52.73 | H30: 17.21 | I30: 4.99 | J30: 0.24 | K30: 180.18 | L30: 29.13 | M30: 75.23 | N30: 0 | O30: 0 | P30: 0.7 | Q30: 5.52
A31: 14/06/2023 23:00 | B31: 20.15 | C31: 49.03 | D31: 40.73 | E31: 6.21 | F31: 7.56 | G31: 48.71 | H31: 16.87 | I31: 5.79 | J31: 0.15 | K31: 206.69 | L31: 28.87 | M31: 73.83 | N31: 0 | O31: 0 | P31: 0.75 | Q31: 5.62
A32: 14/06/2023 24:00 | B32: 23.46 | C32: 50.05 | D32: 43.92 | E32: 5.59 | F32: 5.04 | G32: 51.78 | H32: 16.87 | I32: 6.49 | J32: 0.16 | K32: 206.05 | L32: 28.39 | M32: 80.74 | N32: 0 | O32: 0 | P32: 0.82 | Q32: 5.74
A34: Min | B34: =MIN(B9:B32) -> 2.02 | C34: =MIN(C9:C32) -> 31.63 | D34: =MIN(D9:D32) -> 16.03 | E34: =MIN(E9:E32) -> 3.7 | F34: =MIN(F9:F32) -> 5.04 | G34: =MIN(G9:G32) -> 25.67 | H34: =MIN(H9:H32) -> 1.7 | I34: =MIN(I9:I32) -> 1.95 | ... Q34: =MIN(Q9:Q32) -> 4.12
A35: Max | B35: =MAX(B9:B32) -> 27.99 | C35: =MAX(C9:C32) -> 51.98 | D35: =MAX(D9:D32) -> 47.41 | E35: =MAX(E9:E32) -> 27.32 | F35: =MAX(F9:F32) -> 32.98 | G35: =MAX(G9:G32) -> 75.2 | H35: =MAX(H9:H32) -> 18.88 | I35: =MAX(I9:I32) -> 6.49 | ... Q35: =MAX(Q9:Q32) -> 5.74
A36: Avg | B36: =AVERAGE(B9:B32) -> 12.455417 | C36: =AVERAGE(C9:C32) -> 44.6125 | D36: =AVERAGE(D9:D32) -> 32.050417 | E36: =AVERAGE(E9:E32) -> 8.75125 | F36: =AVERAGE(F9:F32) -> 17.649167 | G36: =AVERAGE(G9:G32) -> 43.727273 | H36: =AVERAGE(H9:H32) -> 14.313636 | I36: =AVERAGE(I9:I32) -> 4.6470833 | ... Q36: =AVERAGE(Q9:Q32) -> 5.0729167
A37: Stdev | B37: =STDEV(B9:B32) -> 6.2282114 | C37: =STDEV(C9:C32) -> 4.7023928 | D37: =STDEV(D9:D32) -> 7.2173393 | E37: =STDEV(E9:E32) -> 5.3602923 | F37: =STDEV(F9:F32) -> 7.6223783 | G37: =STDEV(G9:G32) -> 13.033976 | H37: =STDEV(H9:H32) -> 4.7572476 | I37: =STDEV(I9:I32) -> 1.0207733 | ... Q37: =STDEV(Q9:Q32) -> 0.3719336
A38: Num | B38: =COUNT(B9:B32) -> 24 | C38: =COUNT(C9:C32) -> 24 | D38: =COUNT(D9:D32) -> 24 | E38: =COUNT(E9:E32) -> 24 | F38: =COUNT(F9:F32) -> 24 | G38: 24 | H38: 24 | I38: =COUNT(I9:I32) -> 24 | J38: =COUNT(J9:J32) -> 24 | K38: =COUNT(K9:K32) -> 24 | L38: =COUNT(L9:L32) -> 24 | M38: =COUNT(M9:M32) -> 24 | N38: =COUNT(N9:N32) -> 24 | O38: =COUNT(O9:O32) -> 24 | P38: =COUNT(P9:P32) -> 24 | Q38: =COUNT(Q9:Q32) -> 24
A39: DCR | B39: =IF(B38>=22,">90%",IF(B38<=22,"<90%")) -> >90% | C39: =IF(C38>=22,">90%",IF(C38<=22,"<90%")) -> >90% | D39: =IF(D38>=22,">90%",IF(D38<=22,"<90%")) -> >90% | E39: =IF(E38>=22,">90%",IF(E38<=22,"<90%")) -> >90% | F39: =IF(F38>=22,">90%",IF(F38<=22,"<90%")) -> >90% | G39: =IF(G38>=22,">90%",IF(G38<=22,"<90%")) -> >90% | H39: =IF(H38>=22,">90%",IF(H38<=22,"<90%")) -> >90% | I39: =IF(I38>=22,">90%",IF(I38<=22,"<90%")) -> >90% | ... Q39: =IF(Q38>=22,">90%",IF(Q38<=22,"<90%")) -> >90%
A40: Status | B40: =IF(B38>=22,"OK",IF(B38<=22,"LESS")) -> OK | C40: =IF(C38>=22,"OK",IF(C38<=22,"LESS")) -> OK | D40: =IF(D38>=22,"OK",IF(D38<=22,"LESS")) -> OK | E40: =IF(E38>=22,"OK",IF(E38<=22,"LESS")) -> OK | F40: =IF(F38>=22,"OK",IF(F38<=22,"LESS")) -> OK | G40: =IF(G38>=22,"OK",IF(G38<=22,"LESS")) -> OK | H40: =IF(H38>=22,"OK",IF(H38<=22,"LESS")) -> OK | I40: =IF(I38>=22,"OK",IF(I38<=22,"LESS")) -> OK | ... Q40: =IF(Q38>=22,"OK",IF(Q38<=22,"LESS")) -> OK
A43: Done by | B43: AKASH
A45: Comment

Sheet 15
A1: Station: | B1: IGKV ,RAIPUR
A2: Date: | B2: =$A$9 -> 15/06/2023 01:00 | D2: Power Off | G2: Pw.Off | L2: Link Fail | N2: Link F | P2: Maintenance | R2: Maint.
A3: Report Type: | B3: Mean | D3: Calibration | G3: Calib. | L3: Data Fail | N3: Data F | P3: Invalid | R3: Invalid
A4: Time Base: | B4: 01 Hour | D4: Zero Referrence | G4: Z.Ref | L4: Warm Up | N4: Wm. Up
A7: Date & Time | B7: NO | C7: NO2 | D7: NOX | E7: SO2 | F7: O3 | G7: PM 10 | H7: PM 2.5 | I7: BENZ | J7: WS | K7: WD | L7: TEMP | M7: HUM | N7: SR | O7: RG | P7: CO | Q7: NH3
B8: ug/m3 | C8: ug/m3 | D8: ppb | E8: ug/m3 | F8: ug/m3 | G8: ug/m3 | H8: ug/m3 | I8: ug/m3 | J8: m/sec | K8: deg | L8: degreC | M8: % | N8: w/m2 | O8: mm | P8: mg/m3 | Q8: ug/m3
A9: 15/06/2023 01:00 | B9: 26.03 | C9: 51.38 | D9: 46.67 | E9: 6.69 | F9: 4.65 | G9: 51.78 | H9: 14.88 | I9: 7.74 | J9: 0.15 | K9: 183.17 | L9: 27.56 | M9: 75.82 | N9: 0 | O9: 0 | P9: 0.87 | Q9: 5.9
A10: 15/06/2023 02:00 | B10: 35.15 | C10: 52.55 | D10: 53.74 | E10: 6.02 | F10: 5.41 | G10: 47.26 | H10: 14.47 | I10: 7.62 | J10: 0.2 | K10: 209.18 | L10: 27.6 | M10: 72.46 | N10: 0 | O10: 0 | P10: 0.8 | Q10: 6.07
A11: 15/06/2023 03:00 | B11: 31.26 | C11: 52.08 | D11: 51 | E11: 8.56 | F11: 8.51 | G11: 40.07 | H11: 10.99 | I11: 6.67 | J11: 0.18 | K11: 230.63 | L11: 28.12 | M11: 69.74 | N11: 0 | O11: 0 | P11: 0.79 | Q11: 6.22
A12: 15/06/2023 04:00 | B12: 30.42 | C12: 49.86 | D12: 48.47 | E12: 7.78 | F12: 7.97 | G12: 40.95 | H12: 11.89 | I12: 6.08 | J12: 0.22 | K12: 228.91 | L12: 28.05 | M12: 62.31 | N12: 0 | O12: 0 | P12: 0.73 | Q12: 6.2
A13: 15/06/2023 05:00 | B13: 30.91 | C13: 49.83 | D13: 49.34 | E13: 10.67 | F13: 6.72 | G13: 40.95 | H13: 11.89 | I13: 5.99 | J13: 0.56 | K13: 252.11 | L13: 28.77 | M13: 59.83 | N13: 0 | O13: 0 | P13: 0.81 | Q13: 6.18
A14: 15/06/2023 06:00 | B14: 31.46 | C14: 50.93 | D14: 50.58 | E14: 12.94 | F14: 5.11 | G14: 38.7 | H14: 12.1 | I14: 6.54 | J14: 0.55 | K14: 250.87 | L14: 28.91 | M14: 60.81 | N14: 23.4 | O14: 0 | P14: 0.83 | Q14: 6.2
A15: 15/06/2023 07:00 | B15: 32.09 | C15: 52.14 | D15: 51.93 | E15: 13.87 | F15: 5.31 | G15: 38.7 | H15: 14 | I15: 6.86 | J15: 0.62 | K15: 256.78 | L15: 30.13 | M15: 61.58 | N15: 77.7 | O15: 0 | P15: 0.88 | Q15: 6.2
A16: 15/06/2023 08:00 | B16: 32.09 | C16: 52.57 | D16: 51.91 | E16: 15.86 | F16: 7.29 | G16: 44.66 | H16: 14.38 | I16: 8.02 | J16: 0.77 | K16: 275.34 | L16: 32.49 | M16: 54.54 | N16: 124.8 | O16: 0 | P16: 1 | Q16: 6.17
A17: 15/06/2023 09:00 | B17: 29.85 | C17: 50.58 | D17: 49.11 | E17: 15.51 | F17: 9.13 | G17: 51.34 | H17: 17.29 | I17: 8.63 | J17: 1.64 | K17: 306.21 | L17: 34.09 | M17: 46.27 | N17: 161.4 | O17: 0 | P17: 0.97 | Q17: 6.08
A18: 15/06/2023 10:00 | B18: 23.79 | C18: 47.86 | D18: 42.1 | E18: 10.19 | F18: 13.98 | G18: 52.04 | H18: 22.03 | I18: 7.69 | J18: 1.36 | K18: 305.86 | L18: 35.86 | M18: 43.48 | N18: 182.7 | O18: 0 | P18: 0.85 | Q18: 5.83
A19: 15/06/2023 11:00 | B19: 20.01 | C19: 45.21 | D19: 38.49 | E19: 6.08 | F19: 24.4 | G19: 53.32 | H19: 24.7 | I19: 7.12 | J19: 1.37 | K19: 308.38 | L19: 37.54 | M19: 39.53 | N19: 243 | O19: 0 | P19: 0.8 | Q19: 5.62
A20: 15/06/2023 12:00 | B20: 7.78 | C20: 32.43 | D20: 22.13 | E20: 7.07 | F20: 49.95 | G20: 53.32 | H20: 24.7 | I20: 6.26 | J20: 1.15 | K20: 295.06 | L20: 38.84 | M20: 36.58 | N20: 829.3 | O20: 0 | P20: 0.61 | Q20: 5.21
... A32: 15/06/2023 24:00 | B32: 28.35 | C32: 46.53 | D32: 45.87 | E32: 9.8 | F32: 3.96 | G32: 74.94 | H32: 24.79 | I32: 7.14 | J32: 0.19 | K32: 196.56 | L32: 30.16 | M32: 70.84 | N32: 0 | O32: 0 | P32: 0.82 | Q32: 5.99
A34: Min | B34: =MIN(B9:B32) -> 2.89 | C34: =MIN(C9:C32) -> 32.43 | D34: =MIN(D9:D32) -> 19.81 | E34: =MIN(E9:E32) -> 4.24 | F34: =MIN(F9:F32) -> 3.96 | G34: =MIN(G9:G32) -> 38.7 | H34: =MIN(H9:H32) -> 10.99 | I34: =MIN(I9:I32) -> 3.57 | ... Q34: =MIN(Q9:Q32) -> 4.31
A35: Max | B35: =MAX(B9:B32) -> 36.88 | C35: =MAX(C9:C32) -> 56.1 | D35: =MAX(D9:D32) -> 57.84 | E35: =MAX(E9:E32) -> 46.67 | F35: =MAX(F9:F32) -> 49.95 | G35: =MAX(G9:G32) -> 79.05 | H35: =MAX(H9:H32) -> 24.79 | I35: =MAX(I9:I32) -> 8.63 | ... Q35: =MAX(Q9:Q32) -> 6.22
A36: Avg | B36: =AVERAGE(B9:B32) -> 21.773333 | C36: =AVERAGE(C9:C32) -> 46.225 | D36: =AVERAGE(D9:D32) -> 40.342083 | E36: =AVERAGE(E9:E32) -> 12.342917 | F36: =AVERAGE(F9:F32) -> 13.64375 | G36: =AVERAGE(G9:G32) -> 55.067917 | H36: =AVERAGE(H9:H32) -> 19.229583 | I36: =AVERAGE(I9:I32) -> 6.1241667 | ... Q36: =AVERAGE(Q9:Q32) -> 5.51
A37: Stdev | B37: =STDEV(B9:B32) -> 10.942631 | C37: =STDEV(C9:C32) -> 6.8658569 | D37: =STDEV(D9:D32) -> 12.163053 | E37: =STDEV(E9:E32) -> 9.3521248 | F37: =STDEV(F9:F32) -> 11.18105 | G37: =STDEV(G9:G32) -> 13.855603 | H37: =STDEV(H9:H32) -> 4.9342067 | I37: =STDEV(I9:I32) -> 1.5564394 | ... Q37: =STDEV(Q9:Q32) -> 0.6962321
A38: Num | B38: =COUNT(B9:B32) -> 24 | C38: =COUNT(C9:C32) -> 24 | D38: =COUNT(D9:D32) -> 24 | E38: =COUNT(E9:E32) -> 24 | F38: =COUNT(F9:F32) -> 24 | G38: =COUNT(G9:G32) -> 24 | H38: =COUNT(H9:H32) -> 24 | I38: =COUNT(I9:I32) -> 24 | ... Q38: =COUNT(Q9:Q32) -> 24
A39: DCR | B39: =IF(B38>=22,">90%",IF(B38<=22,"<90%")) -> >90% | C39: =IF(C38>=22,">90%",IF(C38<=22,"<90%")) -> >90% | D39: =IF(D38>=22,">90%",IF(D38<=22,"<90%")) -> >90% | E39: =IF(E38>=22,">90%",IF(E38<=22,"<90%")) -> >90% | F39: =IF(F38>=22,">90%",IF(F38<=22,"<90%")) -> >90% | G39: =IF(G38>=22,">90%",IF(G38<=22,"<90%")) -> >90% | H39: =IF(H38>=22,">90%",IF(H38<=22,"<90%")) -> >90% | I39: =IF(I38>=22,">90%",IF(I38<=22,"<90%")) -> >90% | ... Q39: =IF(Q38>=22,">90%",IF(Q38<=22,"<90%")) -> >90%
A40: Status | B40: =IF(B38>=22,"OK",IF(B38<=22,"LESS")) -> OK | C40: =IF(C38>=22,"OK",IF(C38<=22,"LESS")) -> OK | D40: =IF(D38>=22,"OK",IF(D38<=22,"LESS")) -> OK | E40: =IF(E38>=22,"OK",IF(E38<=22,"LESS")) -> OK | F40: =IF(F38>=22,"OK",IF(F38<=22,"LESS")) -> OK | G40: =IF(G38>=22,"OK",IF(G38<=22,"LESS")) -> OK | H40: =IF(H38>=22,"OK",IF(H38<=22,"LESS")) -> OK | I40: =IF(I38>=22,"OK",IF(I38<=22,"LESS")) -> OK | ... Q40: =IF(Q38>=22,"OK",IF(Q38<=22,"LESS")) -> OK
A43: Done by | B43: AKASH
A45: Comment

Sheet 16
A1: Station: | B1: IGKV ,RAIPUR
A2: Date: | B2: =$A$9 -> 16/06/2023 01:00 | D2: Power Off | G2: Pw.Off | L2: Link Fail | N2: Link F | P2: Maintenance | R2: Maint.
A3: Report Type: | B3: Mean | D3: Calibration | G3: Calib. | L3: Data Fail | N3: Data F | P3: Invalid | R3: Invalid
A4: Time Base: | B4: 01 Hour | D4: Zero Referrence | G4: Z.Ref | L4: Warm Up | N4: Wm. Up
A7: Date & Time | B7: NO | C7: NO2 | D7: NOX | E7: SO2 | F7: O3 | G7: PM 10 | H7: PM 2.5 | I7: BENZ | J7: WS | K7: WD | L7: TEMP | M7: HUM | N7: SR | O7: RG | P7: CO | Q7: NH3
B8: ug/m3 | C8: ug/m3 | D8: ppb | E8: ug/m3 | F8: ug/m3 | G8: ug/m3 | H8: ug/m3 | I8: ug/m3 | J8: m/sec | K8: deg | L8: degreC | M8: % | N8: w/m2 | O8: mm | P8: mg/m3 | Q8: ug/m3
A9: 16/06/2023 01:00 | B9: 29.07 | C9: 45.31 | D9: 45.94 | E9: 8.6 | F9: 10.48 | G9: 72.56 | H9: 23.99 | I9: 6.95 | J9: 0.4 | K9: 238.28 | L9: 31.06 | M9: 65.19 | N9: 0 | O9: 0 | P9: 0.74 | Q9: 6.04
A10: 16/06/2023 02:00 | B10: 24.07 | C10: 41.54 | D10: 38.54 | E10: 7.23 | F10: 17.2 | G10: 69.89 | H10: 20.22 | I10: 6.16 | J10: 0.45 | K10: 246.37 | L10: 31.9 | M10: 49.21 | N10: 0 | O10: 0 | P10: 0.63 | Q10: 6.04
A11: 16/06/2023 03:00 | B11: 24.4 | C11: 40.18 | D11: 39.51 | E11: 7.55 | F11: 13.97 | G11: 56.99 | H11: 17.95 | I11: 5.28 | J11: 0.22 | K11: 199.83 | L11: 30.72 | M11: 56.38 | N11: 0 | O11: 0 | P11: 0.59 | Q11: 5.9
A12: 16/06/2023 04:00 | B12: 24.85 | C12: 43.09 | D12: 41.4 | E12: 8.08 | F12: 9.94 | G12: 53.25 | H12: 17.24 | I12: 5.33 | J12: 0.2 | K12: 197.3 | L12: 29.99 | M12: 61.28 | N12: 0 | O12: 0 | P12: 0.6 | Q12: 5.82
A13: 16/06/2023 05:00 | B13: 26.42 | C13: 45.24 | D13: 43.78 | E13: 7.84 | F13: 6.66 | G13: 53.25 | H13: 15.34 | I13: 5.35 | J13: 0.2 | K13: 196.05 | L13: 29.1 | M13: 67.13 | N13: 0 | O13: 0 | P13: 0.58 | Q13: 5.8
A14: 16/06/2023 06:00 | B14: 25.6 | C14: 44.62 | D14: 42.77 | E14: 9.01 | F14: 8.37 | G14: 47.79 | H14: 15.77 | I14: 5.33 | J14: 0.19 | K14: 231.01 | L14: 28.68 | M14: 62.79 | N14: 21.8 | O14: 0 | P14: 0.58 | Q14: 5.84
A15: 16/06/2023 07:00 | B15: 25.49 | C15: 45.51 | D15: 42.97 | E15: 10.9 | F15: 7.65 | G15: 50.76 | H15: 15.77 | I15: 5.96 | J15: 0.22 | K15: 188.61 | L15: 30.91 | M15: 62.23 | N15: 85.4 | O15: 0 | P15: 0.65 | Q15: 5.87
A16: 16/06/2023 08:00 | B16: 25.54 | C16: 46.33 | D16: 43.64 | E16: 14.79 | F16: 13.46 | G16: 50.76 | H16: 16.01 | I16: 7 | J16: 0.47 | K16: 296.95 | L16: 34.33 | M16: 55.23 | N16: 112.7 | O16: 0 | P16: 0.65 | Q16: 5.88
A17: 16/06/2023 09:00 | B17: 24.02 | C17: 45.69 | D17: 41.59 | E17: 14.87 | F17: 15.54 | G17: 64.55 | H17: 22.97 | I17: 6.69 | J17: 1.04 | K17: 317.84 | L17: 36.03 | M17: 39.33 | N17: 141.8 | O17: 0 | P17: 0.64 | Q17: 5.74
A18: 16/06/2023 10:00 | B18: 20.25 | C18: 45.12 | D18: 38.77 | E18: 11.13 | F18: 18.53 | G18: 64.55 | H18: 25.23 | I18: 6.41 | J18: 1.15 | K18: 311.54 | L18: 37.97 | M18: 34.27 | N18: 171.7 | O18: 0 | P18: 0.65 | Q18: 5.61
A19: 16/06/2023 11:00 | B19: 15.58 | C19: 43.29 | D19: 33.2 | E19: 7.58 | F19: 18.76 | G19: 64.95 | H19: 26.5 | I19: 6.02 | J19: 1.1 | K19: 303.66 | L19: 39.43 | M19: 29.96 | N19: 196.6 | O19: 0 | P19: 0.61 | Q19: 5.34
A20: 16/06/2023 12:00 | B20: 13.49 | C20: 41.48 | D20: 31.45 | E20: 6.12 | F20: 19.03 | G20: 64.95 | H20: 26.5 | I20: 5.58 | J20: 1.28 | K20: 311.11 | L20: 40.54 | M20: 25.31 | N20: 798.4 | O20: 0 | P20: 0.57 | Q20: 5.14
... A32: 16/06/2023 24:00 | B32: 9.38 | C32: 41.34 | D32: 28.08 | E32: 25.39 | F32: 11.36 | G32: 66.59 | H32: 24.96 | I32: 14.38 | J32: 0.61 | K32: 255.55 | L32: 34.07 | M32: 32.66 | N32: 0 | O32: 0 | P32: 1.41 | Q32: 4.98
A34: Min | B34: =MIN(B9:B32) -> 4.94 | C34: =MIN(C9:C32) -> 31.98 | D34: =MIN(D9:D32) -> 19.6 | E34: =MIN(E9:E32) -> 5.56 | F34: =MIN(F9:F32) -> 6.66 | G34: =MIN(G9:G32) -> 47.79 | H34: =MIN(H9:H32) -> 15.34 | I34: =MIN(I9:I32) -> 3.87 | ... Q34: =MIN(Q9:Q32) -> 4.61
A35: Max | B35: =MAX(B9:B32) -> 29.07 | C35: =MAX(C9:C32) -> 46.33 | D35: =MAX(D9:D32) -> 45.94 | E35: =MAX(E9:E32) -> 31.98 | F35: =MAX(F9:F32) -> 35.18 | G35: =MAX(G9:G32) -> 72.56 | H35: =MAX(H9:H32) -> 27.72 | I35: =MAX(I9:I32) -> 14.38 | ... Q35: =MAX(Q9:Q32) -> 6.04
A36: Avg | B36: =AVERAGE(B9:B32) -> 15.5325 | C36: =AVERAGE(C9:C32) -> 41.178333 | D36: =AVERAGE(D9:D32) -> 32.717917 | E36: =AVERAGE(E9:E32) -> 11.2 | F36: =AVERAGE(F9:F32) -> 18.06 | G36: =AVERAGE(G9:G32) -> 57.38625 | H36: =AVERAGE(H9:H32) -> 22.2325 | I36: =AVERAGE(I9:I32) -> 6.1629167 | ... Q36: =AVERAGE(Q9:Q32) -> 5.2795833
A37: Stdev | B37: =STDEV(B9:B32) -> 8.5886549 | C37: =STDEV(C9:C32) -> 3.6347222 | D37: =STDEV(D9:D32) -> 8.496279 | E37: =STDEV(E9:E32) -> 6.5944562 | F37: =STDEV(F9:F32) -> 7.5431017 | G37: =STDEV(G9:G32) -> 7.2320313 | H37: =STDEV(H9:H32) -> 4.1013574 | I37: =STDEV(I9:I32) -> 2.4973629 | ... Q37: =STDEV(Q9:Q32) -> 0.52470678
A38: Num | B38: =COUNT(B9:B32) -> 24 | C38: =COUNT(C9:C32) -> 24 | D38: =COUNT(D9:D32) -> 24 | E38: =COUNT(E9:E32) -> 24 | F38: =COUNT(F9:F32) -> 24 | G38: =COUNT(G9:G32) -> 24 | H38: =COUNT(H9:H32) -> 24 | I38: =COUNT(I9:I32) -> 24 | ... Q38: =COUNT(Q9:Q32) -> 24
A39: DCR | B39: =IF(B38>=22,">90%",IF(B38<=22,"<90%")) -> >90% | C39: =IF(C38>=22,">90%",IF(C38<=22,"<90%")) -> >90% | D39: =IF(D38>=22,">90%",IF(D38<=22,"<90%")) -> >90% | E39: =IF(E38>=22,">90%",IF(E38<=22,"<90%")) -> >90% | F39: =IF(F38>=22,">90%",IF(F38<=22,"<90%")) -> >90% | G39: =IF(G38>=22,">90%",IF(G38<=22,"<90%")) -> >90% | H39: =IF(H38>=22,">90%",IF(H38<=22,"<90%")) -> >90% | I39: =IF(I38>=22,">90%",IF(I38<=22,"<90%")) -> >90% | ... Q39: =IF(Q38>=22,">90%",IF(Q38<=22,"<90%")) -> >90%
A40: Status | B40: =IF(B38>=22,"OK",IF(B38<=22,"LESS")) -> OK | C40: =IF(C38>=22,"OK",IF(C38<=22,"LESS")) -> OK | D40: =IF(D38>=22,"OK",IF(D38<=22,"LESS")) -> OK | E40: =IF(E38>=22,"OK",IF(E38<=22,"LESS")) -> OK | F40: =IF(F38>=22,"OK",IF(F38<=22,"LESS")) -> OK | G40: =IF(G38>=22,"OK",IF(G38<=22,"LESS")) -> OK | H40: =IF(H38>=22,"OK",IF(H38<=22,"LESS")) -> OK | I40: =IF(I38>=22,"OK",IF(I38<=22,"LESS")) -> OK | ... Q40: =IF(Q38>=22,"OK",IF(Q38<=22,"LESS")) -> OK
A43: Done by | B43: AKASH
A45: Comment

Sheet 17
A1: Station: | B1: IGKV ,RAIPUR
A2: Date: | B2: =$A$9 -> 17/06/2023 01:00 | D2: Power Off | G2: Pw.Off | L2: Link Fail | N2: Link F | P2: Maintenance | R2: Maint.
A3: Report Type: | B3: Mean | D3: Calibration | G3: Calib. | L3: Data Fail | N3: Data F | P3: Invalid | R3: Invalid
A4: Time Base: | B4: 01 Hour | D4: Zero Referrence | G4: Z.Ref | L4: Warm Up | N4: Wm. Up
A7: Date & Time | B7: NO | C7: NO2 | D7: NOX | E7: SO2 | F7: O3 | G7: PM 10 | H7: PM 2.5 | I7: BENZ | J7: WS | K7: WD | L7: TEMP | M7: HUM | N7: SR | O7: RG | P7: CO | Q7: NH3
B8: ug/m3 | C8: ug/m3 | D8: ppb | E8: ug/m3 | F8: ug/m3 | G8: ug/m3 | H8: ug/m3 | I8: ug/m3 | J8: m/sec | K8: deg | L8: degreC | M8: % | N8: w/m2 | O8: mm | P8: mg/m3 | Q8: ug/m3
A9: 17/06/2023 01:00 | B9: 8.85 | C9: 38.86 | D9: 26.36 | E9: 32.43 | F9: 18.05 | G9: 72.62 | H9: 25.15 | I9: 17.89 | J9: 0.35 | K9: 235.02 | L9: 33.2 | M9: 35.67 | N9: 0 | O9: 0 | P9: 1.62 | Q9: 5.06
A10: 17/06/2023 02:00 | B10: 10.54 | C10: 41.2 | D10: 28.77 | E10: 10.33 | F10: 17.24 | G10: 72.62 | H10: 25.15 | I10: 10.73 | J10: 0.34 | K10: 238.11 | L10: 32.21 | M10: 36.46 | N10: 0 | O10: 0 | P10: 0.88 | Q10: 5.08
A11: 17/06/2023 03:00 | B11: 24.11 | C11: 45.41 | D11: 42.01 | E11: 8.05 | F11: 16.41 | G11: 62.31 | H11: 22.18 | I11: 8.49 | J11: 0.18 | K11: 240.01 | L11: 31.42 | M11: 44.6 | N11: 0 | O11: 0 | P11: 0.8 | Q11: 5.13
A12: 17/06/2023 04:00 | B12: 24.27 | C12: 48.17 | D12: 42.93 | E12: 10.06 | F12: 6.31 | G12: 51.25 | H12: 21.54 | I12: 8.37 | J12: 0.31 | K12: 243.97 | L12: 31.1 | M12: 49.46 | N12: 0 | O12: 0 | P12: 0.85 | Q12: 5.41
A13: 17/06/2023 05:00 | B13: 19.73 | C13: 49.91 | D13: 40.85 | E13: 8.89 | F13: 6.18 | G13: 51.25 | H13: 20.2 | I13: 8.41 | J13: 0.29 | K13: 181.91 | L13: 29.46 | M13: 53.55 | N13: 0 | O13: 0 | P13: 0.81 | Q13: 5.5
A14: 17/06/2023 06:00 | B14: 20.59 | C14: 48.66 | D14: 40.41 | E14: 11.31 | F14: 6.2 | G14: 48.03 | H14: 18.21 | I14: 8.25 | J14: 0.24 | K14: 190.92 | L14: 29.11 | M14: 54.79 | N14: 22 | O14: 0 | P14: 0.76 | Q14: 5.63
A15: 17/06/2023 07:00 | B15: 22.55 | C15: 51.03 | D15: 43.48 | E15: 10.16 | F15: 7.67 | G15: 47.36 | H15: 17.95 | I15: 8 | J15: 0.28 | K15: 248.55 | L15: 31.18 | M15: 54.57 | N15: 68.9 | O15: 0 | P15: 0.75 | Q15: 5.7
A16: 17/06/2023 08:00 | B16: 22.07 | C16: 50.98 | D16: 42.36 | E16: 10.96 | F16: 10.97 | G16: 48.11 | H16: 17.95 | I16: 7.98 | J16: 0.74 | K16: 281.01 | L16: 34.07 | M16: 39.63 | N16: 117.2 | O16: 0 | P16: 0.83 | Q16: 5.73
A17: 17/06/2023 09:00 | B17: 20.17 | C17: 47.06 | D17: 38.5 | E17: 11.83 | F17: 14.55 | G17: 52.76 | H17: 20.89 | I17: 8.22 | J17: 0.99 | K17: 300.99 | L17: 36.52 | M17: 33.58 | N17: 151.6 | O17: 0 | P17: 0.76 | Q17: 5.62
A18: 17/06/2023 10:00 | B18: 16.61 | C18: 48.22 | D18: 37.46 | E18: 11.67 | F18: 20.59 | G18: 54.1 | H18: 24.07 | I18: 7.83 | J18: 0.98 | K18: 335 | L18: 38.62 | M18: 27.78 | N18: 183.9 | O18: 0 | P18: 0.76 | Q18: 5.46
A19: 17/06/2023 11:00 | B19: 13.53 | C19: 42.7 | D19: 32.12 | E19: 12.68 | F19: 17.94 | G19: 62.26 | H19: 24.37 | I19: 7.07 | J19: 1.07 | K19: 353.61 | L19: 39.45 | M19: 26.54 | N19: 214.8 | O19: 0 | P19: 0.69 | Q19: 5.22
A20: 17/06/2023 12:00 | B20: 11.44 | C20: 42.01 | D20: 30.08 | E20: 12.98 | F20: 28.14 | G20: 66.5 | H20: 26.46 | I20: 6.45 | J20: 1.25 | K20: 332.31 | L20: 41.08 | M20: 24.25 | N20: 757.9 | O20: 0 | P20: 0.64 | Q20: 5.07
... A32: 17/06/2023 24:00 | B32: 7.04 | C32: 35.18 | D32: 22.98 | E32: 16.43 | F32: 19.53 | G32: 50.98 | H32: 18.54 | I32: 6.2 | J32: 0.57 | K32: 259.11 | L32: 34.67 | M32: 35.13 | N32: 0 | O32: 0 | P32: 0.74 | Q32: 4.88
A34: Min | B34: =MIN(B9:B32) -> 3.1 | C34: =MIN(C9:C32) -> 31.99 | D34: =MIN(D9:D32) -> 18.41 | E34: =MIN(E9:E32) -> 8.05 | F34: =MIN(F9:F32) -> 6.18 | G34: =MIN(G9:G32) -> 47.36 | H34: =MIN(H9:H32) -> 15.98 | I34: =MIN(I9:I32) -> 3.94 | ... Q34: =MIN(Q9:Q32) -> 4.59
A35: Max | B35: =MAX(B9:B32) -> 24.27 | C35: =MAX(C9:C32) -> 51.03 | D35: =MAX(D9:D32) -> 43.48 | E35: =MAX(E9:E32) -> 32.43 | F35: =MAX(F9:F32) -> 44.07 | G35: =MAX(G9:G32) -> 72.62 | H35: =MAX(H9:H32) -> 26.46 | I35: =MAX(I9:I32) -> 17.89 | ... Q35: =MAX(Q9:Q32) -> 5.73
A36: Avg | B36: =AVERAGE(B9:B32) -> 11.5175 | C36: =AVERAGE(C9:C32) -> 43.059583 | D36: =AVERAGE(D9:D32) -> 30.474167 | E36: =AVERAGE(E9:E32) -> 13.577917 | F36: =AVERAGE(F9:F32) -> 20.38 | G36: =AVERAGE(G9:G32) -> 55.449167 | H36: =AVERAGE(H9:H32) -> 21.187083 | I36: =AVERAGE(I9:I32) -> 7.2604167 | ... Q36: =AVERAGE(Q9:Q32) -> 5.13
A37: Stdev | B37: =STDEV(B9:B32) -> 7.6321723 | C37: =STDEV(C9:C32) -> 5.714442 | D37: =STDEV(D9:D32) -> 8.3489447 | E37: =STDEV(E9:E32) -> 5.0427598 | F37: =STDEV(F9:F32) -> 9.9557696 | G37: =STDEV(G9:G32) -> 7.6075163 | H37: =STDEV(H9:H32) -> 3.1843346 | I37: =STDEV(I9:I32) -> 2.8124374 | ... Q37: =STDEV(Q9:Q32) -> 0.33690406
A38: Num | B38: =COUNT(B9:B32) -> 24 | C38: =COUNT(C9:C32) -> 24 | D38: =COUNT(D9:D32) -> 24 | E38: =COUNT(E9:E32) -> 24 | F38: =COUNT(F9:F32) -> 24 | G38: =COUNT(G9:G32) -> 24 | H38: =COUNT(H9:H32) -> 24 | I38: =COUNT(I9:I32) -> 24 | ... Q38: =COUNT(Q9:Q32) -> 24
A39: DCR | B39: =IF(B38>=22,">90%",IF(B38<=22,"<90%")) -> >90% | C39: =IF(C38>=22,">90%",IF(C38<=22,"<90%")) -> >90% | D39: =IF(D38>=22,">90%",IF(D38<=22,"<90%")) -> >90% | E39: =IF(E38>=22,">90%",IF(E38<=22,"<90%")) -> >90% | F39: =IF(F38>=22,">90%",IF(F38<=22,"<90%")) -> >90% | G39: =IF(G38>=22,">90%",IF(G38<=22,"<90%")) -> >90% | H39: =IF(H38>=22,">90%",IF(H38<=22,"<90%")) -> >90% | I39: =IF(I38>=22,">90%",IF(I38<=22,"<90%")) -> >90% | ... Q39: =IF(Q38>=22,">90%",IF(Q38<=22,"<90%")) -> >90%
A40: Status | B40: =IF(B38>=22,"OK",IF(B38<=22,"LESS")) -> OK | C40: =IF(C38>=22,"OK",IF(C38<=22,"LESS")) -> OK | D40: =IF(D38>=22,"OK",IF(D38<=22,"LESS")) -> OK | E40: =IF(E38>=22,"OK",IF(E38<=22,"LESS")) -> OK | F40: =IF(F38>=22,"OK",IF(F38<=22,"LESS")) -> OK | G40: =IF(G38>=22,"OK",IF(G38<=22,"LESS")) -> OK | H40: =IF(H38>=22,"OK",IF(H38<=22,"LESS")) -> OK | I40: =IF(I38>=22,"OK",IF(I38<=22,"LESS")) -> OK | ... Q40: =IF(Q38>=22,"OK",IF(Q38<=22,"LESS")) -> OK
A43: Done by | B43: AKASH
A45: Comment

Sheet 18
A1: Station: | B1: IGKV ,RAIPUR
A2: Date: | B2: =$A$9 -> 18/06/2023 01:00 | D2: Power Off | G2: Pw.Off | L2: Link Fail | N2: Link F | P2: Maintenance | R2: Maint.
A3: Report Type: | B3: Mean | D3: Calibration | G3: Calib. | L3: Data Fail | N3: Data F | P3: Invalid | R3: Invalid
A4: Time Base: | B4: 01 Hour | D4: Zero Referrence | G4: Z.Ref | L4: Warm Up | N4: Wm. Up
A7: Date & Time | B7: NO | C7: NO2 | D7: NOX | E7: SO2 | F7: O3 | G7: PM 10 | H7: PM 2.5 | I7: BENZ | J7: WS | K7: WD | L7: TEMP | M7: HUM | N7: SR | O7: RG | P7: CO | Q7: NH3
B8: ug/m3 | C8: ug/m3 | D8: ppb | E8: ug/m3 | F8: ug/m3 | G8: ug/m3 | H8: ug/m3 | I8: ug/m3 | J8: m/sec | K8: deg | L8: degreC | M8: % | N8: w/m2 | O8: mm | P8: mg/m3 | Q8: ug/m3
A9: 18/06/2023 01:00 | B9: 8.24 | C9: 36.25 | D9: 24.5 | E9: 9.64 | F9: 20.74 | G9: 49.64 | H9: 18.54 | I9: 5.8 | J9: 0.57 | K9: 262.46 | L9: 34.12 | M9: 35.81 | N9: 0 | O9: 0 | P9: 0.51 | Q9: 4.89
A10: 18/06/2023 02:00 | B10: 9.14 | C10: 38.33 | D10: 26.31 | E10: 8.44 | F10: 20.35 | G10: 47.51 | H10: 16.2 | I10: 4.59 | J10: 0.35 | K10: 248.85 | L10: 33.5 | M10: 44.44 | N10: 0 | O10: 0 | P10: 0.46 | Q10: 4.92
A11: 18/06/2023 03:00 | B11: 10.97 | C11: 38 | D11: 27.6 | E11: 6.1 | F11: 14.27 | G11: 41.66 | H11: 13.96 | I11: 4.49 | J11: 0.22 | K11: 192.15 | L11: 31.28 | M11: 48.24 | N11: 0 | O11: 0 | P11: 0.45 | Q11: 4.97
A12: 18/06/2023 04:00 | B12: 10.91 | C12: 36.59 | D12: 26.69 | E12: 6.27 | F12: 14.46 | G12: 40.24 | H12: 12.93 | I12: 4.44 | J12: 0.21 | K12: 216.8 | L12: 31.29 | M12: 46.96 | N12: 0 | O12: 0 | P12: 0.43 | Q12: 4.97
A13: 18/06/2023 05:00 | B13: 12.62 | C13: 40.99 | D13: 30.24 | E13: 6.48 | F13: 13.82 | G13: 38.31 | H13: 12.64 | I13: 4.56 | J13: 0.33 | K13: 254.16 | L13: 30.7 | M13: 50.15 | N13: 0 | O13: 0 | P13: 0.43 | Q13: 5.07
A14: 18/06/2023 06:00 | B14: 14.07 | C14: 42.09 | D14: 32.23 | E14: 6.53 | F14: 13.35 | G14: 37.69 | H14: 13.44 | I14: 4.33 | J14: 0.19 | K14: 197.2 | L14: 30.63 | M14: 49.05 | N14: 25.6 | O14: 0 | P14: 0.42 | Q14: 5.09
A15: 18/06/2023 07:00 | B15: 15.37 | C15: 44.35 | D15: 34.45 | E15: 8.29 | F15: 13.56 | G15: 37.69 | H15: 13.44 | I15: 4.51 | J15: 0.61 | K15: 281.19 | L15: 32.79 | M15: 48.38 | N15: 83.8 | O15: 0 | P15: 0.53 | Q15: 5.16
A16: 18/06/2023 08:00 | B16: 15.54 | C16: 47.22 | D16: 36 | E16: 12.39 | F16: 11.71 | G16: 45.37 | H16: 12.53 | I16: 8.29 | J16: 1.05 | K16: 297.91 | L16: 34.77 | M16: 41.39 | N16: 105.4 | O16: 0 | P16: 0.68 | Q16: 5.23
A17: 18/06/2023 09:00 | B17: 15.3 | C17: 44.56 | D17: 34.51 | E17: 12.57 | F17: 19.72 | G17: 56.66 | H17: 17.1 | I17: 7.42 | J17: 1.25 | K17: 327.35 | L17: 36.74 | M17: 36.07 | N17: 144.1 | O17: 0 | P17: 0.61 | Q17: 5.2
A18: 18/06/2023 10:00 | B18: 12.79 | C18: 37.79 | D18: 28.69 | E18: 9.52 | F18: 20.51 | G18: 59.41 | H18: 17.87 | I18: 6.13 | J18: 0.9 | K18: 353.3 | L18: 37.78 | M18: 32.31 | N18: 177.7 | O18: 0 | P18: 0.57 | Q18: 5
A19: 18/06/2023 11:00 | B19: 11.59 | C19: 36.51 | D19: 27.32 | E19: 10.31 | F19: 26.42 | G19: 65.33 | H19: 22.75 | I19: 5.72 | J19: 0.86 | K19: 339.81 | L19: 39.27 | M19: 30.47 | N19: 225.3 | O19: 0 | P19: 0.54 | Q19: 4.88
A20: 18/06/2023 12:00 | B20: 10.2 | C20: 36.66 | D20: 26.29 | E20: 10.42 | F20: 27.72 | G20: 66.35 | H20: 22.75 | I20: 5.32 | J20: 1.27 | K20: 337.89 | L20: 39.68 | M20: 28.56 | N20: 688.9 | O20: 0 | P20: 0.5 | Q20: 4.8
... A32: 18/06/2023 24:00 | B32: 11.1 | C32: 44.82 | D32: 31.27 | E32: 17.58 | F32: 15.64 | G32: 74.32 | H32: 23.21 | I32: 4.5 | J32: 0.57 | K32: 277.47 | L32: 35.09 | M32: 35.85 | N32: 0 | O32: 0 | P32: 0.59 | Q32: 5.02
A34: Min | B34: =MIN(B9:B32) -> 5.5 | C34: =MIN(C9:C32) -> 34.48 | D34: =MIN(D9:D32) -> 21.24 | E34: =MIN(E9:E32) -> 6.1 | F34: =MIN(F9:F32) -> 11.71 | G34: =MIN(G9:G32) -> 37.69 | H34: =MIN(H9:H32) -> 12.53 | I34: =MIN(I9:I32) -> 4.05 | ... Q34: =MIN(Q9:Q32) -> 4.5
A35: Max | B35: =MAX(B9:B32) -> 15.54 | C35: =MAX(C9:C32) -> 50.5 | D35: =MAX(D9:D32) -> 36 | E35: =MAX(E9:E32) -> 17.58 | F35: =MAX(F9:F32) -> 36.88 | G35: =MAX(G9:G32) -> 74.32 | H35: =MAX(H9:H32) -> 23.21 | I35: =MAX(I9:I32) -> 8.29 | ... Q35: =MAX(Q9:Q32) -> 5.23
A36: Avg | B36: =AVERAGE(B9:B32) -> 10.229167 | C36: =AVERAGE(C9:C32) -> 40.34125 | D36: =AVERAGE(D9:D32) -> 28.13125 | E36: =AVERAGE(E9:E32) -> 9.575 | F36: =AVERAGE(F9:F32) -> 22.052083 | G36: =AVERAGE(G9:G32) -> 56.689167 | H36: =AVERAGE(H9:H32) -> 18.653333 | I36: =AVERAGE(I9:I32) -> 5.02 | ... Q36: =AVERAGE(Q9:Q32) -> 4.8633333
A37: Stdev | B37: =STDEV(B9:B32) -> 3.0485234 | C37: =STDEV(C9:C32) -> 4.2231086 | D37: =STDEV(D9:D32) -> 4.0702658 | E37: =STDEV(E9:E32) -> 2.9218234 | F37: =STDEV(F9:F32) -> 8.2671808 | G37: =STDEV(G9:G32) -> 11.810999 | H37: =STDEV(H9:H32) -> 3.8182043 | I37: =STDEV(I9:I32) -> 1.0233364 | ... Q37: =STDEV(Q9:Q32) -> 0.21975612
A38: Num | B38: =COUNT(B9:B32) -> 24 | C38: =COUNT(C9:C32) -> 24 | D38: =COUNT(D9:D32) -> 24 | E38: =COUNT(E9:E32) -> 24 | F38: =COUNT(F9:F32) -> 24 | G38: =COUNT(G9:G32) -> 24 | H38: =COUNT(H9:H32) -> 24 | I38: =COUNT(I9:I32) -> 24 | ... Q38: =COUNT(Q9:Q32) -> 24
A39: DCR | B39: =IF(B38>=22,">90%",IF(B38<=22,"<90%")) -> >90% | C39: =IF(C38>=22,">90%",IF(C38<=22,"<90%")) -> >90% | D39: =IF(D38>=22,">90%",IF(D38<=22,"<90%")) -> >90% | E39: =IF(E38>=22,">90%",IF(E38<=22,"<90%")) -> >90% | F39: =IF(F38>=22,">90%",IF(F38<=22,"<90%")) -> >90% | G39: =IF(G38>=22,">90%",IF(G38<=22,"<90%")) -> >90% | H39: =IF(H38>=22,">90%",IF(H38<=22,"<90%")) -> >90% | I39: =IF(I38>=22,">90%",IF(I38<=22,"<90%")) -> >90% | ... Q39: =IF(Q38>=22,">90%",IF(Q38<=22,"<90%")) -> >90%
A40: Status | B40: =IF(B38>=22,"OK",IF(B38<=22,"LESS")) -> OK | C40: =IF(C38>=22,"OK",IF(C38<=22,"LESS")) -> OK | D40: =IF(D38>=22,"OK",IF(D38<=22,"LESS")) -> OK | E40: =IF(E38>=22,"OK",IF(E38<=22,"LESS")) -> OK | F40: =IF(F38>=22,"OK",IF(F38<=22,"LESS")) -> OK | G40: =IF(G38>=22,"OK",IF(G38<=22,"LESS")) -> OK | H40: =IF(H38>=22,"OK",IF(H38<=22,"LESS")) -> OK | I40: =IF(I38>=22,"OK",IF(I38<=22,"LESS")) -> OK | ... Q40: =IF(Q38>=22,"OK",IF(Q38<=22,"LESS")) -> OK
A43: Done by | B43: AKASH
A45: Comment

Sheet 19
A1: Station: | B1: IGKV ,RAIPUR
A2: Date: | B2: =$A$9 -> 19/06/2023 01:00 | D2: Power Off | G2: Pw.Off | L2: Link Fail | N2: Link F | P2: Maintenance | R2: Maint.
A3: Report Type: | B3: Mean | D3: Calibration | G3: Calib. | L3: Data Fail | N3: Data F | P3: Invalid | R3: Invalid
A4: Time Base: | B4: 01 Hour | D4: Zero Referrence | G4: Z.Ref | L4: Warm Up | N4: Wm. Up
A7: Date & Time | B7: NO | C7: NO2 | D7: NOX | E7: SO2 | F7: O3 | G7: PM 10 | H7: PM 2.5 | I7: BENZ | J7: WS | K7: WD | L7: TEMP | M7: HUM | N7: SR | O7: RG | P7: CO | Q7: NH3
B8: ug/m3 | C8: ug/m3 | D8: ppb | E8: ug/m3 | F8: ug/m3 | G8: ug/m3 | H8: ug/m3 | I8: ug/m3 | J8: m/sec | K8: deg | L8: degreC | M8: % | N8: w/m2 | O8: mm | P8: mg/m3 | Q8: ug/m3
A9: 19/06/2023 01:00 | B9: 10.44 | C9: 40.59 | D9: 28.53 | E9: 35.66 | F9: 20.17 | G9: 73.81 | H9: 22.7 | I9: 5.43 | J9: 0.28 | K9: 245.87 | L9: 34.09 | M9: 41.11 | N9: 0 | O9: 0 | P9: 0.65 | Q9: 5.12
A10: 19/06/2023 02:00 | B10: 10.32 | C10: 38.58 | D10: 27.39 | E10: 11.28 | F10: 18 | G10: 74.25 | H10: 22.37 | I10: 6.23 | J10: 0.36 | K10: 258.88 | L10: 32.98 | M10: 41.32 | N10: 0 | O10: 0 | P10: 0.64 | Q10: 5.05
A11: 19/06/2023 03:00 | B11: 11.14 | C11: 40.48 | D11: 29.04 | E11: 14.51 | F11: 14.12 | G11: 75.03 | H11: 21.94 | I11: 7.32 | J11: 0.59 | K11: 253.56 | L11: 32.88 | M11: 42.33 | N11: 0 | O11: 0 | P11: 0.79 | Q11: 5.04
A12: 19/06/2023 04:00 | B12: 12.05 | C12: 42 | D12: 30.56 | E12: 19.19 | F12: 12.56 | G12: 75.03 | H12: 22.22 | I12: 7.76 | J12: 0.64 | K12: 262.07 | L12: 33.05 | M12: 39.43 | N12: 0 | O12: 0 | P12: 0.67 | Q12: 5.04
A13: 19/06/2023 05:00 | B13: 12.93 | C13: 43.31 | D13: 31.95 | E13: 21.92 | F13: 12.1 | G13: 74.72 | H13: 22.22 | I13: 6.1 | J13: 0.38 | K13: 275.4 | L13: 32.25 | M13: 43.15 | N13: 0 | O13: 0 | P13: 0.58 | Q13: 5.09
A14: 19/06/2023 06:00 | B14: 15.25 | C14: 45.46 | D14: 34.94 | E14: 11.42 | F14: 7.87 | G14: 74.72 | H14: 21.45 | I14: 6.38 | J14: 0.34 | K14: 183.96 | L14: 30.81 | M14: 54.42 | N14: 30.5 | O14: 0 | P14: 0.65 | Q14: 5.18
A15: 19/06/2023 07:00 | B15: 16.07 | C15: 44.68 | D15: 35.05 | E15: 9.37 | F15: 10.41 | G15: 69.1 | H15: 19.47 | I15: 6.5 | J15: 0.24 | K15: 218.62 | L15: 32.6 | M15: 52.96 | N15: 110 | O15: 0 | P15: 0.64 | Q15: 5.28
A16: 19/06/2023 08:00 | B16: 18.5 | C16: 44.26 | D16: 36.2 | E16: 31.71 | F16: 12.14 | G16: 70.98 | H16: 22.32 | I16: 6.48 | J16: 0.22 | K16: 312.84 | L16: 34.38 | M16: 44.97 | N16: 147.7 | O16: 0 | P16: 0.67 | Q16: 5.27
A17: 19/06/2023 09:00 | B17: 19.4 | C17: 46.37 | D17: 38.74 | E17: 49.51 | F17: 16.27 | G17: 86.2 | H17: 32.86 | I17: 6.36 | J17: 1.29 | K17: 60.64 | L17: 36.54 | M17: 37.24 | N17: 194.3 | O17: 0 | P17: 0.72 | Q17: 5.32
A18: 19/06/2023 10:00 | B18: 15.89 | C18: 39.43 | D18: 31.81 | E18: 35.86 | F18: 23.68 | G18: 86.2 | H18: 32.86 | I18: 5.99 | J18: 0.82 | K18: 50.95 | L18: 38.25 | M18: 32.08 | N18: 196.1 | O18: 0 | P18: 0.63 | Q18: 5.25
A19: 19/06/2023 11:00 | B19: 14.81 | C19: 37.85 | D19: 30.55 | E19: 34.29 | F19: 33.2 | G19: 84.72 | H19: 33.82 | I19: 5.47 | J19: 0.81 | K19: 316.93 | L19: 39.76 | M19: 30.7 | N19: 229.3 | O19: 0 | P19: 0.62 | Q19: 5.11
A20: 19/06/2023 12:00 | B20: 10.64 | C20: 39.89 | D20: 28.3 | E20: 17.18 | F20: 36.03 | G20: 82.95 | H20: 33.82 | I20: 5.29 | J20: 1.1 | K20: 314.64 | L20: 40.05 | M20: 28.11 | N20: 754.9 | O20: 0 | P20: 0.59 | Q20: 4.94
... A32: 19/06/2023 24:00 | B32: 6.65 | C32: 30.7 | D32: 20.33 | E32: 6.4 | F32: 20.58 | G32: 62.46 | H32: 20.45 | I32: 4.18 | J32: 0.69 | K32: 250.33 | L32: 34.81 | M32: 35.33 | N32: 0 | O32: 0 | P32: 0.48 | Q32: 4.53
A34: Min | B34: =MIN(B9:B32) -> 4.84 | C34: =MIN(C9:C32) -> 30.36 | D34: =MIN(D9:D32) -> 18.76 | E34: =MIN(E9:E32) -> 6.4 | F34: =MIN(F9:F32) -> 7.87 | G34: =MIN(G9:G32) -> 62.46 | H34: =MIN(H9:H32) -> 19.47 | I34: =MIN(I9:I32) -> 4.18 | ... Q34: =MIN(Q9:Q32) -> 4.48
A35: Max | B35: =MAX(B9:B32) -> 19.4 | C35: =MAX(C9:C32) -> 46.37 | D35: =MAX(D9:D32) -> 38.74 | E35: =MAX(E9:E32) -> 49.51 | F35: =MAX(F9:F32) -> 36.03 | G35: =MAX(G9:G32) -> 86.2 | H35: =MAX(H9:H32) -> 33.82 | I35: =MAX(I9:I32) -> 7.76 | ... Q35: =MAX(Q9:Q32) -> 5.32
A36: Avg | B36: =AVERAGE(B9:B32) -> 9.8833333 | C36: =AVERAGE(C9:C32) -> 39.051667 | D36: =AVERAGE(D9:D32) -> 27.14875 | E36: =AVERAGE(E9:E32) -> 17.72 | F36: =AVERAGE(F9:F32) -> 23.205 | G36: =AVERAGE(G9:G32) -> 74.959583 | H36: =AVERAGE(H9:H32) -> 26.11125 | I36: =AVERAGE(I9:I32) -> 5.7679167 | ... Q36: =AVERAGE(Q9:Q32) -> 4.8525
A37: Stdev | B37: =STDEV(B9:B32) -> 4.7412057 | C37: =STDEV(C9:C32) -> 4.7240455 | D37: =STDEV(D9:D32) -> 5.7564439 | E37: =STDEV(E9:E32) -> 11.35733 | F37: =STDEV(F9:F32) -> 8.6529181 | G37: =STDEV(G9:G32) -> 6.3163924 | H37: =STDEV(H9:H32) -> 5.2877597 | I37: =STDEV(I9:I32) -> 0.89053467 | ... Q37: =STDEV(Q9:Q32) -> 0.310501
A38: Num | B38: =COUNT(B9:B32) -> 24 | C38: =COUNT(C9:C32) -> 24 | D38: =COUNT(D9:D32) -> 24 | E38: =COUNT(E9:E32) -> 24 | F38: =COUNT(F9:F32) -> 24 | G38: =COUNT(G9:G32) -> 24 | H38: =COUNT(H9:H32) -> 24 | I38: =COUNT(I9:I32) -> 24 | ... Q38: =COUNT(Q9:Q32) -> 24
A39: DCR | B39: =IF(B38>=22,">90%",IF(B38<=22,"<90%")) -> >90% | C39: =IF(C38>=22,">90%",IF(C38<=22,"<90%")) -> >90% | D39: =IF(D38>=22,">90%",IF(D38<=22,"<90%")) -> >90% | E39: =IF(E38>=22,">90%",IF(E38<=22,"<90%")) -> >90% | F39: =IF(F38>=22,">90%",IF(F38<=22,"<90%")) -> >90% | G39: =IF(G38>=22,">90%",IF(G38<=22,"<90%")) -> >90% | H39: =IF(H38>=22,">90%",IF(H38<=22,"<90%")) -> >90% | I39: =IF(I38>=22,">90%",IF(I38<=22,"<90%")) -> >90% | ... Q39: =IF(Q38>=22,">90%",IF(Q38<=22,"<90%")) -> >90%
A40: Status | B40: =IF(B38>=22,"OK",IF(B38<=22,"LESS")) -> OK | C40: =IF(C38>=22,"OK",IF(C38<=22,"LESS")) -> OK | D40: =IF(D38>=22,"OK",IF(D38<=22,"LESS")) -> OK | E40: =IF(E38>=22,"OK",IF(E38<=22,"LESS")) -> OK | F40: =IF(F38>=22,"OK",IF(F38<=22,"LESS")) -> OK | G40: =IF(G38>=22,"OK",IF(G38<=22,"LESS")) -> OK | H40: =IF(H38>=22,"OK",IF(H38<=22,"LESS")) -> OK | I40: =IF(I38>=22,"OK",IF(I38<=22,"LESS")) -> OK | ... Q40: =IF(Q38>=22,"OK",IF(Q38<=22,"LESS")) -> OK
A43: Done by | B43: AKASH
A45: Comment

Sheet 20
A1: Station: | B1: IGKV ,RAIPUR
A2: Date: | B2: =$A$9 -> 20/06/2023 01:00 | D2: Power Off | G2: Pw.Off | L2: Link Fail | N2: Link F | P2: Maintenance | R2: Maint.
A3: Report Type: | B3: Mean | D3: Calibration | G3: Calib. | L3: Data Fail | N3: Data F | P3: Invalid | R3: Invalid
A4: Time Base: | B4: 01 Hour | D4: Zero Referrence | G4: Z.Ref | L4: Warm Up | N4: Wm. Up
A7: Date & Time | B7: NO | C7: NO2 | D7: NOX | E7: SO2 | F7: O3 | G7: PM 10 | H7: PM 2.5 | I7: BENZ | J7: WS | K7: WD | L7: TEMP | M7: HUM | N7: SR | O7: RG | P7: CO | Q7: NH3
B8: ug/m3 | C8: ug/m3 | D8: ppb | E8: ug/m3 | F8: ug/m3 | G8: ug/m3 | H8: ug/m3 | I8: ug/m3 | J8: m/sec | K8: deg | L8: degreC | M8: % | N8: w/m2 | O8: mm | P8: mg/m3 | Q8: ug/m3
A9: 20/06/2023 01:00 | B9: 6.23 | C9: 32.78 | D9: 21.08 | E9: 6.65 | F9: 18.6 | G9: 61.47 | H9: 19.15 | I9: 3.83 | J9: 0.19 | K9: 214.48 | L9: 33.29 | M9: 39.91 | N9: 0 | O9: 0 | P9: 0.45 | Q9: 4.64
A10: 20/06/2023 02:00 | B10: 7.92 | C10: 35.5 | D10: 23.72 | E10: 6.82 | F10: 15.36 | G10: 59.69 | H10: 19.15 | I10: 3.71 | J10: 0.21 | K10: 202.42 | L10: 32.11 | M10: 44.98 | N10: 0 | O10: 0 | P10: 0.44 | Q10: 4.71
A11: 20/06/2023 03:00 | B11: 9.42 | C11: 37.4 | D11: 26.06 | E11: 5.92 | F11: 13.16 | G11: 57.61 | H11: 16.6 | I11: 3.68 | J11: 0.2 | K11: 203.68 | L11: 31.16 | M11: 44.4 | N11: 0 | O11: 0 | P11: 0.43 | Q11: 4.85
A12: 20/06/2023 04:00 | B12: 11.24 | C12: 39.29 | D12: 28.5 | E12: 6.52 | F12: 13.82 | G12: 55.17 | H12: 16.6 | I12: 3.74 | J12: 0.16 | K12: 222.63 | L12: 30.93 | M12: 44.75 | N12: 0 | O12: 0 | P12: 0.44 | Q12: 4.89
A13: 20/06/2023 05:00 | B13: 12.49 | C13: 39.86 | D13: 29.79 | E13: 6.32 | F13: 12.67 | G13: 55.17 | H13: 15.22 | I13: 3.69 | J13: 0.21 | K13: 214.25 | L13: 30.55 | M13: 51.05 | N13: 0 | O13: 0 | P13: 0.43 | Q13: 4.95
A14: 20/06/2023 06:00 | B14: 12.91 | C14: 41.18 | D14: 30.62 | E14: 6.74 | F14: 9.28 | G14: 54.49 | H14: 15.91 | I14: 3.87 | J14: 0.18 | K14: 253.49 | L14: 30.17 | M14: 50.31 | N14: 23 | O14: 0 | P14: 0.44 | Q14: 5.06
A15: 20/06/2023 07:00 | B15: 14.04 | C15: 42.75 | D15: 32.55 | E15: 7.38 | F15: 10.03 | G15: 54.49 | H15: 15.91 | I15: 4.19 | J15: 0.37 | K15: 168.79 | L15: 32.44 | M15: 49.61 | N15: 73.6 | O15: 0 | P15: 0.48 | Q15: 5.14
A16: 20/06/2023 08:00 | B16: 17.8 | C16: 44.44 | D16: 35.28 | E16: 42.7 | F16: 14.4 | G16: 57.9 | H16: 15.7 | I16: 4.75 | J16: 0.96 | K16: 160.83 | L16: 34.92 | M16: 42.97 | N16: 116.3 | O16: 0 | P16: 0.57 | Q16: 5.18
A17: 20/06/2023 09:00 | B17: 16.05 | C17: 44.82 | D17: 35.13 | E17: 28.11 | F17: 16.9 | G17: 70.19 | H17: 19.41 | I17: 4.86 | J17: 1.23 | K17: 45 | L17: 36.14 | M17: 40.77 | N17: 146 | O17: 0 | P17: 0.54 | Q17: 5.24
A18: 20/06/2023 10:00 | B18: 14.73 | C18: 40.12 | D18: 31.73 | E18: 26.65 | F18: 21.59 | G18: 73.07 | H18: 21.21 | I18: 4.45 | J18: 0.81 | K18: 323.93 | L18: 37.84 | M18: 37.81 | N18: 183.7 | O18: 0 | P18: 0.56 | Q18: 5.19
A19: 20/06/2023 11:00 | B19: 11.93 | C19: 37.94 | D19: 28.34 | E19: 12.44 | F19: 23.27 | G19: 73.07 | H19: 22.38 | I19: 4.55 | J19: 0.8 | K19: 309.82 | L19: 39.11 | M19: 33.95 | N19: 249.4 | O19: 0 | P19: 0.55 | Q19: 5.02
A20: 20/06/2023 12:00 | B20: 8.9 | C20: 35.31 | D20: 24.52 | E20: 9.92 | F20: 24.96 | G20: 68.21 | H20: 22.38 | I20: 4.51 | J20: 1.06 | K20: 299.04 | L20: 39.56 | M20: 31.88 | N20: 645.3 | O20: 0 | P20: 0.53 | Q20: 4.83
... A32: 20/06/2023 24:00 | B32: 5 | C32: 36.22 | D32: 21.86 | E32: 7.42 | F32: 19.54 | G32: 32.79 | H32: 14.95 | I32: 3.63 | J32: 0.43 | K32: 149.14 | L32: 31.62 | M32: 55.31 | N32: 0 | O32: 0 | P32: 0.43 | Q32: 4.48
A34: Min | B34: =MIN(B9:B32) -> 1.55 | C34: =MIN(C9:C32) -> 28.82 | D34: =MIN(D9:D32) -> 16.65 | E34: =MIN(E9:E32) -> 5.92 | F34: =MIN(F9:F32) -> 9.28 | G34: =MIN(G9:G32) -> 32.79 | H34: =MIN(H9:H32) -> 14.95 | I34: =MIN(I9:I32) -> 3.46 | ... Q34: =MIN(Q9:Q32) -> 4.37
A35: Max | B35: =MAX(B9:B32) -> 17.8 | C35: =MAX(C9:C32) -> 44.82 | D35: =MAX(D9:D32) -> 35.28 | E35: =MAX(E9:E32) -> 42.7 | F35: =MAX(F9:F32) -> 34.39 | G35: =MAX(G9:G32) -> 73.07 | H35: =MAX(H9:H32) -> 23.87 | I35: =MAX(I9:I32) -> 5.18 | ... Q35: =MAX(Q9:Q32) -> 5.24
A36: Avg | B36: =AVERAGE(B9:B32) -> 7.7804167 | C36: =AVERAGE(C9:C32) -> 36.805833 | D36: =AVERAGE(D9:D32) -> 24.274583 | E36: =AVERAGE(E9:E32) -> 12.389167 | F36: =AVERAGE(F9:F32) -> 21.9475 | G36: =AVERAGE(G9:G32) -> 59.27625 | H36: =AVERAGE(H9:H32) -> 19.074583 | I36: =AVERAGE(I9:I32) -> 4.25875 | ... Q36: =AVERAGE(Q9:Q32) -> 4.7383333
A37: Stdev | B37: =STDEV(B9:B32) -> 4.9484292 | C37: =STDEV(C9:C32) -> 4.1450263 | D37: =STDEV(D9:D32) -> 5.8198797 | E37: =STDEV(E9:E32) -> 9.0003241 | F37: =STDEV(F9:F32) -> 7.5680888 | G37: =STDEV(G9:G32) -> 9.5445604 | H37: =STDEV(H9:H32) -> 3.0180644 | I37: =STDEV(I9:I32) -> 0.56128976 | ... Q37: =STDEV(Q9:Q32) -> 0.28160513
A38: Num | B38: =COUNT(B9:B32) -> 24 | C38: =COUNT(C9:C32) -> 24 | D38: =COUNT(D9:D32) -> 24 | E38: =COUNT(E9:E32) -> 24 | F38: =COUNT(F9:F32) -> 24 | G38: =COUNT(G9:G32) -> 24 | H38: =COUNT(H9:H32) -> 24 | I38: =COUNT(I9:I32) -> 24 | ... Q38: =COUNT(Q9:Q32) -> 24
A39: DCR | B39: =IF(B38>=22,">90%",IF(B38<=22,"<90%")) -> >90% | C39: =IF(C38>=22,">90%",IF(C38<=22,"<90%")) -> >90% | D39: =IF(D38>=22,">90%",IF(D38<=22,"<90%")) -> >90% | E39: =IF(E38>=22,">90%",IF(E38<=22,"<90%")) -> >90% | F39: =IF(F38>=22,">90%",IF(F38<=22,"<90%")) -> >90% | G39: =IF(G38>=22,">90%",IF(G38<=22,"<90%")) -> >90% | H39: =IF(H38>=22,">90%",IF(H38<=22,"<90%")) -> >90% | I39: =IF(I38>=22,">90%",IF(I38<=22,"<90%")) -> >90% | ... Q39: =IF(Q38>=22,">90%",IF(Q38<=22,"<90%")) -> >90%
A40: Status | B40: =IF(B38>=22,"OK",IF(B38<=22,"LESS")) -> OK | C40: =IF(C38>=22,"OK",IF(C38<=22,"LESS")) -> OK | D40: =IF(D38>=22,"OK",IF(D38<=22,"LESS")) -> OK | E40: =IF(E38>=22,"OK",IF(E38<=22,"LESS")) -> OK | F40: =IF(F38>=22,"OK",IF(F38<=22,"LESS")) -> OK | G40: =IF(G38>=22,"OK",IF(G38<=22,"LESS")) -> OK | H40: =IF(H38>=22,"OK",IF(H38<=22,"LESS")) -> OK | I40: =IF(I38>=22,"OK",IF(I38<=22,"LESS")) -> OK | ... Q40: =IF(Q38>=22,"OK",IF(Q38<=22,"LESS")) -> OK
A43: Done by | B43: AKASH
A45: Comment

Sheet 21
A1: Station: | B1: IGKV ,RAIPUR
A2: Date: | B2: =$A$9 -> 21/06/2023 01:00 | D2: Power Off | G2: Pw.Off | L2: Link Fail | N2: Link F | P2: Maintenance | R2: Maint.
A3: Report Type: | B3: Mean | D3: Calibration | G3: Calib. | L3: Data Fail | N3: Data F | P3: Invalid | R3: Invalid
A4: Time Base: | B4: 01 Hour | D4: Zero Referrence | G4: Z.Ref | L4: Warm Up | N4: Wm. Up
A7: Date & Time | B7: NO | C7: NO2 | D7: NOX | E7: SO2 | F7: O3 | G7: PM 10 | H7: PM 2.5 | I7: BENZ | J7: WS | K7: WD | L7: TEMP | M7: HUM | N7: SR | O7: RG | P7: CO | Q7: NH3
B8: ug/m3 | C8: ug/m3 | D8: ppb | E8: ug/m3 | F8: ug/m3 | G8: ug/m3 | H8: ug/m3 | I8: ug/m3 | J8: m/sec | K8: deg | L8: degreC | M8: % | N8: w/m2 | O8: mm | P8: mg/m3 | Q8: ug/m3
A9: 21/06/2023 01:00 | B9: 7.05 | C9: 35.21 | D9: 23 | E9: 7 | F9: 19.4 | G9: 32.79 | H9: 12.05 | I9: 3.61 | J9: 0.3 | K9: 233.1 | L9: 30.49 | M9: 55.73 | N9: 0 | O9: 0 | P9: 0.42 | Q9: 4.49
A10: 21/06/2023 02:00 | B10: 7.62 | C10: 34.66 | D10: 23.17 | E10: 7.14 | F10: 20.11 | G10: 25.59 | H10: 11.65 | I10: 3.32 | J10: 0.66 | K10: 254.58 | L10: 30.12 | M10: 57.36 | N10: 0 | O10: 0 | P10: 0.41 | Q10: 4.51
A11: 21/06/2023 03:00 | B11: 7.9 | C11: 37.74 | D11: 25.01 | E11: 4.98 | F11: 15.64 | G11: 24.42 | H11: 9.54 | I11: 3.3 | J11: 0.7 | K11: 252.15 | L11: 29.93 | M11: 59.41 | N11: 0 | O11: 0 | P11: 0.4 | Q11: 4.52
A12: 21/06/2023 04:00 | B12: 8.61 | C12: 37.22 | D12: 25.07 | E12: 5.16 | F12: 10.55 | G12: 24.42 | H12: 9.54 | I12: 3.33 | J12: 0.78 | K12: 253.72 | L12: 29.37 | M12: 61.74 | N12: 0 | O12: 0 | P12: 0.42 | Q12: 4.54
A13: 21/06/2023 05:00 | B13: 9.12 | C13: 39.83 | D13: 26.99 | E13: 5.01 | F13: 9.24 | G13: 21.16 | H13: 9.47 | I13: 3.32 | J13: 0.79 | K13: 243.77 | L13: 28.96 | M13: 63.79 | N13: 0 | O13: 0 | P13: 0.41 | Q13: 4.59
A14: 21/06/2023 06:00 | B14: 10.43 | C14: 39.61 | D14: 28.01 | E14: 5.31 | F14: 11.2 | G14: 23.48 | H14: 10.28 | I14: 3.24 | J14: 0.47 | K14: 242.6 | L14: 29.02 | M14: 64.48 | N14: 19.8 | O14: 0 | P14: 0.41 | Q14: 4.68
A15: 21/06/2023 07:00 | B15: 11.24 | C15: 38.76 | D15: 28.22 | E15: 5.02 | F15: 13.01 | G15: 23.48 | H15: 10.38 | I15: 3.25 | J15: 0.53 | K15: 251.96 | L15: 30.43 | M15: 63.74 | N15: 87.6 | O15: 0 | P15: 0.41 | Q15: 4.71
A16: 21/06/2023 08:00 | B16: 11.43 | C16: 39.96 | D16: 28.79 | E16: 6.49 | F16: 10.4 | G16: 22.31 | H16: 10.38 | I16: 3.35 | J16: 1.07 | K16: 276.57 | L16: 32.37 | M16: 57.74 | N16: 131 | O16: 0 | P16: 0.43 | Q16: 4.73
A17: 21/06/2023 09:00 | B17: 10.94 | C17: 40.38 | D17: 28.47 | E17: 9.85 | F17: 10.96 | G17: 25.84 | H17: 10.24 | I17: 4.05 | J17: 1.19 | K17: 263.66 | L17: 34.08 | M17: 49.83 | N17: 160.6 | O17: 0 | P17: 0.53 | Q17: 4.66
A18: 21/06/2023 10:00 | B18: 9.13 | C18: 36.79 | D18: 25.28 | E18: 10.37 | F18: 17.06 | G18: 37.63 | H18: 14.85 | I18: 4.95 | J18: 1.02 | K18: 295.49 | L18: 36.05 | M18: 45.95 | N18: 196.8 | O18: 0 | P18: 0.56 | Q18: 4.6
A19: 21/06/2023 11:00 | B19: 8.73 | C19: 35.75 | D19: 24.63 | E19: 9.64 | F19: 24.08 | G19: 41.95 | H19: 15.98 | I19: 4.76 | J19: 1.31 | K19: 318.32 | L19: 37.41 | M19: 41.16 | N19: 220.6 | O19: 0 | P19: 0.56 | Q19: 4.47
A20: 21/06/2023 12:00 | B20: 6.6 | C20: 31.81 | D20: 20.87 | E20: 12.05 | F20: 33.57 | G20: 45.79 | H20: 17.85 | I20: 4.47 | J20: 0.75 | K20: 358.8 | L20: 38.97 | M20: 36.72 | N20: 711.6 | O20: 0 | P20: 0.54 | Q20: 4.44
... A32: 21/06/2023 24:00 | B32: 10.79 | C32: 41.52 | D32: 29.3 | E32: 7 | F32: 8.41 | G32: 20.15 | H32: 11.59 | I32: 3.94 | J32: 1.09 | K32: 255.51 | L32: 29.31 | M32: 71.39 | N32: 0 | O32: 0 | P32: 0.39 | Q32: 4.65
A34: Min | B34: =MIN(B9:B32) -> 5.35 | C34: =MIN(C9:C32) -> 31.76 | D34: =MIN(D9:D32) -> 19.85 | E34: =MIN(E9:E32) -> 4.98 | F34: =MIN(F9:F32) -> 8.41 | G34: =MIN(G9:G32) -> 20.15 | H34: =MIN(H9:H32) -> 9.47 | I34: =MIN(I9:I32) -> 3.24 | ... Q34: =MIN(Q9:Q32) -> 4.29
A35: Max | B35: =MAX(B9:B32) -> 11.43 | C35: =MAX(C9:C32) -> 41.56 | D35: =MAX(D9:D32) -> 29.3 | E35: =MAX(E9:E32) -> 12.13 | F35: =MAX(F9:F32) -> 41.6 | G35: =MAX(G9:G32) -> 56.98 | H35: =MAX(H9:H32) -> 20.03 | I35: =MAX(I9:I32) -> 4.95 | ... Q35: =MAX(Q9:Q32) -> 4.73
A36: Avg | B36: =AVERAGE(B9:B32) -> 8.2695833 | C36: =AVERAGE(C9:C32) -> 36.97125 | D36: =AVERAGE(D9:D32) -> 24.809167 | E36: =AVERAGE(E9:E32) -> 8.0575 | F36: =AVERAGE(F9:F32) -> 19.1925 | G36: =AVERAGE(G9:G32) -> 35.93625 | H36: =AVERAGE(H9:H32) -> 14.579583 | I36: =AVERAGE(I9:I32) -> 3.9845833 | ... Q36: =AVERAGE(Q9:Q32) -> 4.5154167
A37: Stdev | B37: =STDEV(B9:B32) -> 1.9029599 | C37: =STDEV(C9:C32) -> 2.9788447 | D37: =STDEV(D9:D32) -> 2.9601512 | E37: =STDEV(E9:E32) -> 2.3914781 | F37: =STDEV(F9:F32) -> 9.7235775 | G37: =STDEV(G9:G32) -> 12.956462 | H37: =STDEV(H9:H32) -> 3.9142521 | I37: =STDEV(I9:I32) -> 0.52901039 | ... Q37: =STDEV(Q9:Q32) -> 0.12978173
A38: Num | B38: =COUNT(B9:B32) -> 24 | C38: =COUNT(C9:C32) -> 24 | D38: =COUNT(D9:D32) -> 24 | E38: =COUNT(E9:E32) -> 24 | F38: =COUNT(F9:F32) -> 24 | G38: =COUNT(G9:G32) -> 24 | H38: =COUNT(H9:H32) -> 24 | I38: =COUNT(I9:I32) -> 24 | ... Q38: =COUNT(Q9:Q32) -> 24
A39: DCR | B39: =IF(B38>=22,">90%",IF(B38<=22,"<90%")) -> >90% | C39: =IF(C38>=22,">90%",IF(C38<=22,"<90%")) -> >90% | D39: =IF(D38>=22,">90%",IF(D38<=22,"<90%")) -> >90% | E39: =IF(E38>=22,">90%",IF(E38<=22,"<90%")) -> >90% | F39: =IF(F38>=22,">90%",IF(F38<=22,"<90%")) -> >90% | G39: =IF(G38>=22,">90%",IF(G38<=22,"<90%")) -> >90% | H39: =IF(H38>=22,">90%",IF(H38<=22,"<90%")) -> >90% | I39: =IF(I38>=22,">90%",IF(I38<=22,"<90%")) -> >90% | ... Q39: =IF(Q38>=22,">90%",IF(Q38<=22,"<90%")) -> >90%
A40: Status | B40: =IF(B38>=22,"OK",IF(B38<=22,"LESS")) -> OK | C40: =IF(C38>=22,"OK",IF(C38<=22,"LESS")) -> OK | D40: =IF(D38>=22,"OK",IF(D38<=22,"LESS")) -> OK | E40: =IF(E38>=22,"OK",IF(E38<=22,"LESS")) -> OK | F40: =IF(F38>=22,"OK",IF(F38<=22,"LESS")) -> OK | G40: =IF(G38>=22,"OK",IF(G38<=22,"LESS")) -> OK | H40: =IF(H38>=22,"OK",IF(H38<=22,"LESS")) -> OK | I40: =IF(I38>=22,"OK",IF(I38<=22,"LESS")) -> OK | ... Q40: =IF(Q38>=22,"OK",IF(Q38<=22,"LESS")) -> OK
A43: Done by | B43: AKASH
A45: Comment

Sheet 22
A1: Station: | B1: IGKV ,RAIPUR
A2: Date: | B2: =$A$9 -> 22/06/2023 01:00 | D2: Power Off | G2: Pw.Off | L2: Link Fail | N2: Link F | P2: Maintenance | R2: Maint.
A3: Report Type: | B3: Mean | D3: Calibration | G3: Calib. | L3: Data Fail | N3: Data F | P3: Invalid | R3: Invalid
A4: Time Base: | B4: 01 Hour | D4: Zero Referrence | G4: Z.Ref | L4: Warm Up | N4: Wm. Up
A7: Date & Time | B7: NO | C7: NO2 | D7: NOX | E7: SO2 | F7: O3 | G7: PM 10 | H7: PM 2.5 | I7: BENZ | J7: WS | K7: WD | L7: TEMP | M7: HUM | N7: SR | O7: RG | P7: CO | Q7: NH3
B8: ug/m3 | C8: ug/m3 | D8: ppb | E8: ug/m3 | F8: ug/m3 | G8: ug/m3 | H8: ug/m3 | I8: ug/m3 | J8: m/sec | K8: deg | L8: degreC | M8: % | N8: w/m2 | O8: mm | P8: mg/m3 | Q8: ug/m3
A9: 22/06/2023 01:00 | B9: 8.78 | C9: 44.33 | D9: 28.91 | E9: 6.54 | F9: 8.62 | G9: 19.36 | H9: 11.59 | I9: 3.85 | J9: 0.77 | K9: 81.94 | L9: 27.41 | M9: 91.83 | N9: 0 | O9: 0 | P9: 0.38 | Q9: 4.61
A10: 22/06/2023 02:00 | B10: 10.23 | C10: 45.38 | D10: 30.86 | E10: 6.88 | F10: 4.46 | G10: 18.19 | H10: 8.38 | I10: 3.69 | J10: 0.94 | K10: 82.62 | L10: 24.93 | M10: 94.86 | N10: 0 | O10: 0 | P10: 0.36 | Q10: 4.65
A11: 22/06/2023 03:00 | B11: 12.63 | C11: 46.08 | D11: 33.16 | E11: 5.49 | F11: 5.33 | G11: 17.94 | H11: 7.42 | I11: 3.69 | J11: 0.58 | K11: 219.49 | L11: 25.09 | M11: 96.53 | N11: 0 | O11: 0 | P11: 0.36 | Q11: 4.79
A12: 22/06/2023 04:00 | B12: 14.14 | C12: 48.4 | D12: 35.58 | E12: 6.1 | F12: 5.39 | G12: 16.1 | H12: 7.78 | I12: 3.69 | J12: 0.58 | K12: 269.12 | L12: 25.63 | M12: 97.72 | N12: 0 | O12: 0 | P12: 0.37 | Q12: 4.91
A13: 22/06/2023 05:00 | B13: 15.79 | C13: 44.66 | D13: 34.95 | E13: 5.79 | F13: 5.36 | G13: 13.61 | H13: 7.78 | I13: 3.62 | J13: 0.41 | K13: 245.07 | L13: 26.1 | M13: 97.39 | N13: 0 | O13: 0 | P13: 0.36 | Q13: 5
A14: 22/06/2023 06:00 | B14: 17.04 | C14: 45.81 | D14: 36.13 | E14: 5.66 | F14: 5.02 | G14: 15.87 | H14: 6.49 | I14: 3.55 | J14: 0.36 | K14: 245.73 | L14: 26.21 | M14: 93.29 | N14: 41.6 | O14: 0 | P14: 0.36 | Q14: 5.06
A15: 22/06/2023 07:00 | B15: 17.98 | C15: 46.96 | D15: 37.59 | E15: 5.82 | F15: 6.97 | G15: 15.87 | H15: 7.38 | I15: 3.62 | J15: 0.41 | K15: 243.61 | L15: 26.94 | M15: 89.7 | N15: 67.7 | O15: 0 | P15: 0.37 | Q15: 5.13
A16: 22/06/2023 08:00 | B16: 18.1 | C16: 44.44 | D16: 36.53 | E16: 5.8 | F16: 7.02 | G16: 13.45 | H16: 7.86 | I16: 3.54 | J16: 0.61 | K16: 262.32 | L16: 29.07 | M16: 85.48 | N16: 143.1 | O16: 0 | P16: 0.36 | Q16: 5.17
A17: 22/06/2023 09:00 | B17: 18.31 | C17: 46.23 | D17: 37.8 | E17: 5.67 | F17: 8.78 | G17: 18.7 | H17: 7.86 | I17: 3.7 | J17: 0.84 | K17: 271.35 | L17: 29.48 | M17: 74.58 | N17: 194 | O17: 0 | P17: 0.37 | Q17: 5.12
A18: 22/06/2023 10:00 | B18: 15.46 | C18: 43.19 | D18: 33.51 | E18: 5.87 | F18: 13.19 | G18: 18.7 | H18: 10.59 | I18: 3.59 | J18: 0.56 | K18: 264.74 | L18: 30.26 | M18: 73.3 | N18: 223.5 | O18: 0 | P18: 0.38 | Q18: 4.99
A19: 22/06/2023 11:00 | B19: 12.64 | C19: 41.85 | D19: 30.24 | E19: 11.08 | F19: 19.23 | G19: 18.47 | H19: 11.7 | I19: 3.92 | J19: 0.4 | K19: 264.06 | L19: 30.75 | M19: 70.71 | N19: 212.2 | O19: 0 | P19: 0.48 | Q19: 4.92
A20: 22/06/2023 12:00 | B20: 11.2 | C20: 40.91 | D20: 29.31 | E20: 10.3 | F20: 22.69 | G20: 29.01 | H20: 12.44 | I20: 4.27 | J20: 0.35 | K20: 240.64 | L20: 31.3 | M20: 66.96 | N20: 188.1 | O20: 0 | P20: 0.44 | Q20: 4.81
A21: 45099.542 | B21: 9.44 | C21: 39.16 | D21: 26.31 | E21: 9.47 | F21: 25.73 | G21: 30.4 | H21: 13.75 | I21: 4.72 | J21: 0.26 | K21: 228.73 | L21: 30.98 | M21: 70.22 | N21: 135.9 | O21: 0 | P21: 0.48 | Q21: 4.78
A22: 22/06/2023 14:00 | B22: 9.14 | C22: 41.33 | D22: 27.88 | E22: 10.39 | F22: 19.75 | G22: 35.02 | H22: 15.29 | I22: 5.38 | J22: 0.72 | K22: 304.43 | L22: 34.04 | M22: 63.62 | N22: 738.3 | O22: 0 | P22: 0.49 | Q22: 4.69
A23: 22/06/2023 15:00 | B23: 8.13 | C23: 39.6 | D23: 26.17 | E23: 7.96 | F23: 21.06 | G23: 37.07 | H23: 23.84 | I23: 5 | J23: 0.51 | K23: 286.54 | L23: 35.05 | M23: 54.31 | N23: 685.3 | O23: 0 | P23: 0.47 | Q23: 4.56
A24: 22/06/2023 16:00 | B24: 5.75 | C24: 36.74 | D24: 22.65 | E24: 8.84 | F24: 29.22 | G24: 38.26 | H24: 24.53 | I24: 4.99 | J24: 0.73 | K24: 257.64 | L24: 35.39 | M24: 52.75 | N24: 555.7 | O24: 0 | P24: 0.47 | Q24: 4.46
A25: 22/06/2023 17:00 | B25: 4.2 | C25: 34.21 | D25: 20.2 | E25: 19.56 | F25: 40.24 | G25: 39.66 | H25: 27.25 | I25: 5.72 | J25: 0.47 | K25: 244.84 | L25: 35.38 | M25: 54.31 | N25: 360 | O25: 0 | P25: 0.57 | Q25: 4.27
A26: 22/06/2023 18:00 | B26: 4.72 | C26: 37.07 | D26: 22.06 | E26: 14.96 | F26: 44.11 | G26: 40.15 | H26: 27.25 | I26: 6.06 | J26: 2.18 | K26: 295.02 | L26: 34.09 | M26: 58.05 | N26: 60.4 | O26: 0 | P26: 0.55 | Q26: 4.24
A27: 22/06/2023 19:00 | B27: 5.99 | C27: 41.15 | D27: 25.25 | E27: 7.41 | F27: 8.18 | G27: 40.15 | H27: 26.06 | I27: 5.6 | J27: 1.75 | K27: 311.42 | L27: 30.29 | M27: 73.81 | N27: 4.2 | O27: 0 | P27: 0.53 | Q27: 4.37
A28: 22/06/2023 20:00 | B28: 7.3 | C28: 39.96 | D28: 25.26 | E28: 8.23 | F28: 9.35 | G28: 41.11 | H28: 17.88 | I28: 5.4 | J28: 0.69 | K28: 318.25 | L28: 27.91 | M28: 75.4 | N28: 0 | O28: 0 | P28: 0.59 | Q28: 4.45
A29: 22/06/2023 21:00 | B29: 10.42 | C29: 43.13 | D29: 29.84 | E29: 10.59 | F29: 7.75 | G29: 41.11 | H29: 15.9 | I29: 5.66 | J29: 0.77 | K29: 333.15 | L29: 28.03 | M29: 75.64 | N29: 0 | O29: 0 | P29: 0.6 | Q29: 4.69
A30: 22/06/2023 22:00 | B30: 12.63 | C30: 45.2 | D30: 32.7 | E30: 8.78 | F30: 6.75 | G30: 41.09 | H30: 14.86 | I30: 5.49 | J30: 1.36 | K30: 65.29 | L30: 27.26 | M30: 86.12 | N30: 0 | O30: 0 | P30: 0.58 | Q30: 4.81
A31: 22/06/2023 23:00 | B31: 14.03 | C31: 47.71 | D31: 35.14 | E31: 7.35 | F31: 7.47 | G31: 41.09 | H31: 14.73 | I31: 5.36 | J31: 0.62 | K31: 85.19 | L31: 26.23 | M31: 85.92 | N31: 0 | O31: 0 | P31: 0.57 | Q31: 4.89
A32: 22/06/2023 24:00 | B32: 14.96 | C32: 46.55 | D32: 34.88 | E32: 7.16 | F32: 6.75 | G32: 37.77 | H32: 12.14 | I32: 5.31 | J32: 0.26 | K32: 206.49 | L32: 26.28 | M32: 85.93 | N32: 0 | O32: 0 | P32: 0.56 | Q32: 4.94
A34: Min | B34: =MIN(B9:B32) -> 4.2 | C34: =MIN(C9:C32) -> 34.21 | D34: =MIN(D9:D32) -> 20.2 | E34: =MIN(E9:E32) -> 5.49 | F34: =MIN(F9:F32) -> 4.46 | G34: =MIN(G9:G32) -> 13.45 | H34: =MIN(H9:H32) -> 6.49 | I34: =MIN(I9:I32) -> 3.54 | ... Q34: =MIN(Q9:Q32) -> 4.24
A35: Max | B35: =MAX(B9:B32) -> 18.31 | C35: =MAX(C9:C32) -> 48.4 | D35: =MAX(D9:D32) -> 37.8 | E35: =MAX(E9:E32) -> 19.56 | F35: =MAX(F9:F32) -> 44.11 | G35: =MAX(G9:G32) -> 41.11 | H35: =MAX(H9:H32) -> 27.25 | I35: =MAX(I9:I32) -> 6.06 | ... Q35: =MAX(Q9:Q32) -> 5.17
A36: Avg | B36: =AVERAGE(B9:B32) -> 11.625417 | C36: =AVERAGE(C9:C32) -> 42.91875 | D36: =AVERAGE(D9:D32) -> 30.537917 | E36: =AVERAGE(E9:E32) -> 8.4041667 | F36: =AVERAGE(F9:F32) -> 14.100833 | G36: =AVERAGE(G9:G32) -> 28.25625 | H36: =AVERAGE(H9:H32) -> 14.197917 | I36: =AVERAGE(I9:I32) -> 4.5591667 | ... Q36: =AVERAGE(Q9:Q32) -> 4.7629167
A37: Stdev | B37: =STDEV(B9:B32) -> 4.3602981 | C37: =STDEV(C9:C32) -> 3.7503998 | D37: =STDEV(D9:D32) -> 5.1944477 | E37: =STDEV(E9:E32) -> 3.3203652 | F37: =STDEV(F9:F32) -> 11.311476 | G37: =STDEV(G9:G32) -> 11.123144 | H37: =STDEV(H9:H32) -> 6.8572374 | I37: =STDEV(I9:I32) -> 0.89717875 | ... Q37: =STDEV(Q9:Q32) -> 0.26959679
A38: Num | B38: =COUNT(B9:B32) -> 24 | C38: =COUNT(C9:C32) -> 24 | D38: =COUNT(D9:D32) -> 24 | E38: =COUNT(E9:E32) -> 24 | F38: =COUNT(F9:F32) -> 24 | G38: =COUNT(G9:G32) -> 24 | H38: =COUNT(H9:H32) -> 24 | I38: =COUNT(I9:I32) -> 24 | ... Q38: =COUNT(Q9:Q32) -> 24
A39: DCR | B39: =IF(B38>=22,">90%",IF(B38<=22,"<90%")) -> >90% | C39: =IF(C38>=22,">90%",IF(C38<=22,"<90%")) -> >90% | D39: =IF(D38>=22,">90%",IF(D38<=22,"<90%")) -> >90% | E39: =IF(E38>=22,">90%",IF(E38<=22,"<90%")) -> >90% | F39: =IF(F38>=22,">90%",IF(F38<=22,"<90%")) -> >90% | G39: =IF(G38>=22,">90%",IF(G38<=22,"<90%")) -> >90% | H39: =IF(H38>=22,">90%",IF(H38<=22,"<90%")) -> >90% | I39: =IF(I38>=22,">90%",IF(I38<=22,"<90%")) -> >90% | ... Q39: =IF(Q38>=22,">90%",IF(Q38<=22,"<90%")) -> >90%
A40: Status | B40: =IF(B38>=22,"OK",IF(B38<=22,"LESS")) -> OK | C40: =IF(C38>=22,"OK",IF(C38<=22,"LESS")) -> OK | D40: =IF(D38>=22,"OK",IF(D38<=22,"LESS")) -> OK | E40: =IF(E38>=22,"OK",IF(E38<=22,"LESS")) -> OK | F40: =IF(F38>=22,"OK",IF(F38<=22,"LESS")) -> OK | G40: =IF(G38>=22,"OK",IF(G38<=22,"LESS")) -> OK | H40: =IF(H38>=22,"OK",IF(H38<=22,"LESS")) -> OK | I40: =IF(I38>=22,"OK",IF(I38<=22,"LESS")) -> OK | ... Q40: =IF(Q38>=22,"OK",IF(Q38<=22,"LESS")) -> OK
A43: Done by | B43: AKASH
A45: Comment

Sheet 23
A1: Station: | B1: IGKV ,RAIPUR
A2: Date: | B2: =$A$9 -> 23/06/2023 01:00 | D2: Power Off | G2: Pw.Off | L2: Link Fail | N2: Link F | P2: Maintenance | R2: Maint.
A3: Report Type: | B3: Mean | D3: Calibration | G3: Calib. | L3: Data Fail | N3: Data F | P3: Invalid | R3: Invalid
A4: Time Base: | B4: 01 Hour | D4: Zero Referrence | G4: Z.Ref | L4: Warm Up | N4: Wm. Up
A7: Date & Time | B7: NO | C7: NO2 | D7: NOX | E7: SO2 | F7: O3 | G7: PM 10 | H7: PM 2.5 | I7: BENZ | J7: WS | K7: WD | L7: TEMP | M7: HUM | N7: SR | O7: RG | P7: CO | Q7: NH3
B8: ug/m3 | C8: ug/m3 | D8: ppb | E8: ug/m3 | F8: ug/m3 | G8: ug/m3 | H8: ug/m3 | I8: ug/m3 | J8: m/sec | K8: deg | L8: degreC | M8: % | N8: w/m2 | O8: mm | P8: mg/m3 | Q8: ug/m3
A9: 23/06/2023 01:00 | B9: 15.13 | C9: 48.84 | D9: 36.22 | E9: 6.74 | F9: 5.08 | G9: 28.8 | H9: 10.33 | I9: 5.15 | J9: 0.18 | K9: 139.76 | L9: 26.38 | M9: 85.41 | N9: 0 | O9: 0 | P9: 0.54 | Q9: 4.97
A10: 45100.083 | B10: 16.01 | C10: 46.91 | D10: 36.3 | E10: 6.85 | F10: 7.63 | G10: 24.38 | H10: 8.57 | I10: 4.97 | J10: 0.2 | K10: 201.4 | L10: 26.03 | M10: 84.65 | N10: 0 | O10: 0 | P10: 0.5 | Q10: 5.06
A11: 23/06/2023 03:00 | B11: 16.71 | C11: 47.07 | D11: 36.84 | E11: 6.42 | F11: 4.47 | G11: 16.22 | H11: 6.05 | I11: 4.77 | J11: 0.49 | K11: 250.02 | L11: 26.04 | M11: 87 | N11: 0 | O11: 0 | P11: 0.49 | Q11: 5.08
A12: 23/06/2023 04:00 | B12: 17.87 | C12: 47.6 | D12: 38.15 | E12: 6.57 | F12: 4.28 | G12: 11.72 | H12: 4.65 | I12: 4.63 | J12: 0.39 | K12: 248.25 | L12: 25.82 | M12: 90.34 | N12: 0 | O12: 0 | P12: 0.48 | Q12: 5.15
A13: 23/06/2023 05:00 | B13: 19 | C13: 46.65 | D13: 38.51 | E13: 6.57 | F13: 4.18 | G13: 11.58 | H13: 4.83 | I13: 4.47 | J13: 0.52 | K13: 246.46 | L13: 25.49 | M13: 90.06 | N13: 0 | O13: 0 | P13: 0.46 | Q13: 5.18
A14: 23/06/2023 06:00 | B14: 19.86 | C14: 47.86 | D14: 39.72 | E14: 5.92 | F14: 4 | G14: 14.94 | H14: 4.93 | I14: 4.38 | J14: 0.65 | K14: 250.73 | L14: 25.34 | M14: 89.82 | N14: 5.5 | O14: 0 | P14: 0.45 | Q14: 5.25
A15: 23/06/2023 07:00 | B15: 19.93 | C15: 47.59 | D15: 39.8 | E15: 6.48 | F15: 4.06 | G15: 14.94 | H15: 6.08 | I15: 4.27 | J15: 0.76 | K15: 260.41 | L15: 25.71 | M15: 88.11 | N15: 59.2 | O15: 0 | P15: 0.44 | Q15: 5.23
A16: 23/06/2023 08:00 | B16: 20.12 | C16: 47.08 | D16: 39.63 | E16: 6.26 | F16: 4.18 | G16: 12.08 | H16: 6.08 | I16: 4.13 | J16: 1.13 | K16: 279.44 | L16: 26.21 | M16: 87.09 | N16: 112.8 | O16: 0 | P16: 0.43 | Q16: 5.24
A17: 23/06/2023 09:00 | B17: 19.7 | C17: 48.85 | D17: 39.55 | E17: 6.06 | F17: 4.74 | G17: 10.94 | H17: 4.32 | I17: 4 | J17: 1.3 | K17: 267.21 | L17: 26.85 | M17: 82.65 | N17: 239.6 | O17: 0 | P17: 0.44 | Q17: 5.2
A18: 23/06/2023 10:00 | B18: 17.29 | C18: 46.41 | D18: 36.74 | E18: 6.9 | F18: 5.29 | G18: 10.94 | H18: 5.79 | I18: 4.17 | J18: 1.11 | K18: 290.39 | L18: 28.45 | M18: 78.7 | N18: 335.6 | O18: 0 | P18: 0.48 | Q18: 5.05
A19: 23/06/2023 11:00 | B19: 15.6 | C19: 44.6 | D19: 34.73 | E19: 7.05 | F19: 6.21 | G19: 12.93 | H19: 5.79 | I19: 4.34 | J19: 0.87 | K19: 274.68 | L19: 29.45 | M19: 73.18 | N19: 417.4 | O19: 0 | P19: 0.47 | Q19: 5.02
A20: 23/06/2023 12:00 | B20: 12.73 | C20: 39.01 | D20: 29.51 | E20: 7.54 | F20: 8.69 | G20: 16.26 | H20: 6.69 | I20: 4.32 | J20: 1.4 | K20: 297.74 | L20: 30.82 | M20: 66.34 | N20: 479.1 | O20: 0 | P20: 0.47 | Q20: 4.84
A21: 23/06/2023 13:00 | B21: 8.98 | C21: 39.72 | D21: 26.9 | E21: 22.2 | F21: 23.93 | G21: 16.26 | H21: 15.35 | I21: 6.45 | J21: 1.32 | K21: 282.46 | L21: 30.6 | M21: 68.51 | N21: 399.8 | O21: 0 | P21: 0.92 | Q21: 4.64
A22: 23/06/2023 14:00 | B22: 3.31 | C22: 29.47 | D22: 17.01 | E22: 15.11 | F22: 27.38 | G22: Calib. | H22: Calib. | I22: 6.98 | J22: 1.22 | K22: 288.74 | L22: 30.88 | M22: 66.43 | N22: 365.5 | O22: 0 | P22: 0.84 | Q22: 4.2
A23: 23/06/2023 15:00 | B23: 3.86 | C23: 32.33 | D23: 18.65 | E23: 7.4 | F23: 16.47 | G23: Calib. | H23: Calib. | I23: 5.94 | J23: 1.1 | K23: 294.99 | L23: 31.05 | M23: 64.94 | N23: 254.5 | O23: 0 | P23: 0.68 | Q23: 4.03
A24: 23/06/2023 16:00 | B24: 5.13 | C24: 38.02 | D24: 22.93 | E24: 6.74 | F24: 13.56 | G24: 37.81 | H24: 10.96 | I24: 5.51 | J24: 1.19 | K24: 301.88 | L24: 31.16 | M24: 63.87 | N24: 192.1 | O24: 0 | P24: 0.64 | Q24: 4.13
A25: 23/06/2023 17:00 | B25: 7.41 | C25: 38.13 | D25: 23.64 | E25: 7.09 | F25: 13.53 | G25: 34.02 | H25: 9.83 | I25: 5.37 | J25: 1.46 | K25: 304.42 | L25: 31.09 | M25: 67.01 | N25: 149 | O25: 0 | P25: 0.63 | Q25: 4.24
A26: 23/06/2023 18:00 | B26: 7.53 | C26: 40.01 | D26: 25.89 | E26: 7.7 | F26: 14.56 | G26: 28.34 | H26: 8.14 | I26: 4.8 | J26: 0.81 | K26: 307.98 | L26: 29.2 | M26: 83.66 | N26: 101.7 | O26: 0 | P26: 0.61 | Q26: 4.3
A27: 23/06/2023 19:00 | B27: 8.73 | C27: 40.17 | D27: 26.68 | E27: 7.12 | F27: 17.12 | G27: 28.34 | H27: 8.14 | I27: 4.84 | J27: 1.08 | K27: 296.05 | L27: 28.84 | M27: 74.55 | N27: 10.8 | O27: 0 | P27: 0.61 | Q27: 4.42
A28: 23/06/2023 20:00 | B28: 8.55 | C28: 38.84 | D28: 26.11 | E28: 6.57 | F28: 17.41 | G28: 28.34 | H28: 8.14 | I28: 4.56 | J28: 0.74 | K28: 274.98 | L28: 28.76 | M28: 75.48 | N28: 0 | O28: 0 | P28: 0.58 | Q28: 4.49
A29: 23/06/2023 21:00 | B29: 9.73 | C29: 40.91 | D29: 27.79 | E29: 6.11 | F29: 11.11 | G29: 25.33 | H29: 7.95 | I29: 4.65 | J29: 0.77 | K29: 252.85 | L29: 28.37 | M29: 77.77 | N29: 0 | O29: 0 | P29: 0.57 | Q29: 4.5
A30: 23/06/2023 22:00 | B30: 10.59 | C30: 40.29 | D30: 28.5 | E30: 5.66 | F30: 8.68 | G30: 20.8 | H30: 7.66 | I30: 4.64 | J30: 0.81 | K30: 257.19 | L30: 27.51 | M30: 79.53 | N30: 0 | O30: 0 | P30: 0.54 | Q30: 4.5
A31: 23/06/2023 23:00 | B31: 11.17 | C31: 41.36 | D31: 29.52 | E31: 5.86 | F31: 7.43 | G31: 20.8 | H31: 7.66 | I31: 4.41 | J31: 1.19 | K31: 270.09 | L31: 27.05 | M31: 79.79 | N31: 0 | O31: 0 | P31: 0.52 | Q31: 4.54
A32: 23/06/2023 24:00 | B32: 11.53 | C32: 40.43 | D32: 29.19 | E32: 5.65 | F32: 5.68 | G32: 20.8 | H32: 7.66 | I32: 4.4 | J32: 1.1 | K32: 263.66 | L32: 26.88 | M32: 83.07 | N32: 0 | O32: 0 | P32: 0.52 | Q32: 4.51
A34: Min | B34: =MIN(B9:B32) -> 3.31 | C34: =MIN(C9:C32) -> 29.47 | D34: =MIN(D9:D32) -> 17.01 | E34: =MIN(E9:E32) -> 5.65 | F34: =MIN(F9:F32) -> 4 | G34: =MIN(G9:G32) -> 10.94 | H34: =MIN(H9:H32) -> 4.32 | I34: =MIN(I9:I32) -> 4 | ... Q34: =MIN(Q9:Q32) -> 4.03
A35: Max | B35: =MAX(B9:B32) -> 20.12 | C35: =MAX(C9:C32) -> 48.85 | D35: =MAX(D9:D32) -> 39.8 | E35: =MAX(E9:E32) -> 22.2 | F35: =MAX(F9:F32) -> 27.38 | G35: =MAX(G9:G32) -> 37.81 | H35: =MAX(H9:H32) -> 15.35 | I35: =MAX(I9:I32) -> 6.98 | ... Q35: =MAX(Q9:Q32) -> 5.25
A36: Avg | B36: =AVERAGE(B9:B32) -> 12.769583 | C36: =AVERAGE(C9:C32) -> 42.422917 | D36: =AVERAGE(D9:D32) -> 31.187917 | E36: =AVERAGE(E9:E32) -> 7.6070833 | F36: =AVERAGE(F9:F32) -> 9.98625 | G36: =AVERAGE(G9:G32) -> 20.298636 | H36: =AVERAGE(H9:H32) -> 7.5272727 | I36: =AVERAGE(I9:I32) -> 4.8395833 | ... Q36: =AVERAGE(Q9:Q32) -> 4.7404167
A37: Stdev | B37: =STDEV(B9:B32) -> 5.4312217 | C37: =STDEV(C9:C32) -> 5.2318427 | D37: =STDEV(D9:D32) -> 6.9823124 | E37: =STDEV(E9:E32) -> 3.6029583 | F37: =STDEV(F9:F32) -> 6.6457602 | G37: =STDEV(G9:G32) -> 8.039245 | H37: =STDEV(H9:H32) -> 2.5286627 | I37: =STDEV(I9:I32) -> 0.74192745 | ... Q37: =STDEV(Q9:Q32) -> 0.40503869
A38: Num | B38: =COUNT(B9:B32) -> 24 | C38: =COUNT(C9:C32) -> 24 | D38: =COUNT(D9:D32) -> 24 | E38: =COUNT(E9:E32) -> 24 | F38: =COUNT(F9:F32) -> 24 | G38: 24 | H38: 24 | I38: =COUNT(I9:I32) -> 24 | J38: =COUNT(J9:J32) -> 24 | K38: =COUNT(K9:K32) -> 24 | L38: =COUNT(L9:L32) -> 24 | M38: =COUNT(M9:M32) -> 24 | N38: =COUNT(N9:N32) -> 24 | O38: =COUNT(O9:O32) -> 24 | P38: =COUNT(P9:P32) -> 24 | Q38: =COUNT(Q9:Q32) -> 24
A39: DCR | B39: =IF(B38>=22,">90%",IF(B38<=22,"<90%")) -> >90% | C39: =IF(C38>=22,">90%",IF(C38<=22,"<90%")) -> >90% | D39: =IF(D38>=22,">90%",IF(D38<=22,"<90%")) -> >90% | E39: =IF(E38>=22,">90%",IF(E38<=22,"<90%")) -> >90% | F39: =IF(F38>=22,">90%",IF(F38<=22,"<90%")) -> >90% | G39: =IF(G38>=22,">90%",IF(G38<=22,"<90%")) -> >90% | H39: =IF(H38>=22,">90%",IF(H38<=22,"<90%")) -> >90% | I39: =IF(I38>=22,">90%",IF(I38<=22,"<90%")) -> >90% | ... Q39: =IF(Q38>=22,">90%",IF(Q38<=22,"<90%")) -> >90%
A40: Status | B40: =IF(B38>=22,"OK",IF(B38<=22,"LESS")) -> OK | C40: =IF(C38>=22,"OK",IF(C38<=22,"LESS")) -> OK | D40: =IF(D38>=22,"OK",IF(D38<=22,"LESS")) -> OK | E40: =IF(E38>=22,"OK",IF(E38<=22,"LESS")) -> OK | F40: =IF(F38>=22,"OK",IF(F38<=22,"LESS")) -> OK | G40: =IF(G38>=22,"OK",IF(G38<=22,"LESS")) -> OK | H40: =IF(H38>=22,"OK",IF(H38<=22,"LESS")) -> OK | I40: =IF(I38>=22,"OK",IF(I38<=22,"LESS")) -> OK | ... Q40: =IF(Q38>=22,"OK",IF(Q38<=22,"LESS")) -> OK
A43: Done by | B43: AKASH
A45: Comment

Sheet 24
A1: Station: | B1: IGKV ,RAIPUR
A2: Date: | B2: =$A$9 -> 24/06/2023 01:00 | D2: Power Off | G2: Pw.Off | L2: Link Fail | N2: Link F | P2: Maintenance | R2: Maint.
A3: Report Type: | B3: Mean | D3: Calibration | G3: Calib. | L3: Data Fail | N3: Data F | P3: Invalid | R3: Invalid
A4: Time Base: | B4: 01 Hour | D4: Zero Referrence | G4: Z.Ref | L4: Warm Up | N4: Wm. Up
A7: Date & Time | B7: NO | C7: NO2 | D7: NOX | E7: SO2 | F7: O3 | G7: PM 10 | H7: PM 2.5 | I7: BENZ | J7: WS | K7: WD | L7: TEMP | M7: HUM | N7: SR | O7: RG | P7: CO | Q7: NH3
B8: ug/m3 | C8: ug/m3 | D8: ppb | E8: ug/m3 | F8: ug/m3 | G8: ug/m3 | H8: ug/m3 | I8: ug/m3 | J8: m/sec | K8: deg | L8: degreC | M8: % | N8: w/m2 | O8: mm | P8: mg/m3 | Q8: ug/m3
A9: 24/06/2023 01:00 | B9: 10.42 | C9: 40.32 | D9: 28.38 | E9: 5.92 | F9: 5.69 | G9: 21.49 | H9: 5.99 | I9: 4.35 | J9: 1 | K9: 259.44 | L9: 26.6 | M9: 85.74 | N9: 0 | O9: 0 | P9: 0.56 | Q9: 4.6
A10: 24/06/2023 02:00 | B10: 11.18 | C10: 40.31 | D10: 28.98 | E10: 7.68 | F10: 6.77 | G10: 21.49 | H10: 5.99 | I10: 4.67 | J10: 0.76 | K10: 261.96 | L10: 26.47 | M10: 85.97 | N10: 0 | O10: 0 | P10: 0.61 | Q10: 4.6
A11: 24/06/2023 03:00 | B11: 12.41 | C11: 41.88 | D11: 30.75 | E11: 6.65 | F11: 6.63 | G11: 21.43 | H11: 6.3 | I11: 4.97 | J11: 0.7 | K11: 258.52 | L11: 26.52 | M11: 86.71 | N11: 0 | O11: 0 | P11: 0.63 | Q11: 4.66
A12: 24/06/2023 04:00 | B12: 13.13 | C12: 40.75 | D12: 30.63 | E12: 6.28 | F12: 6.42 | G12: 21.32 | H12: 6.75 | I12: 4.88 | J12: 0.83 | K12: 259.62 | L12: 26.15 | M12: 86.98 | N12: 0 | O12: 0 | P12: 0.62 | Q12: 4.67
A13: 24/06/2023 05:00 | B13: 14.26 | C13: 41.89 | D13: 32.28 | E13: 6.15 | F13: 6.29 | G13: 21.32 | H13: 6.75 | I13: 4.68 | J13: 0.61 | K13: 259.5 | L13: 26 | M13: 87.94 | N13: 0 | O13: 0 | P13: 0.56 | Q13: 4.74
A14: 24/06/2023 06:00 | B14: 14.55 | C14: 40.24 | D14: 31.38 | E14: 5.82 | F14: 5.61 | G14: 21.32 | H14: 6.75 | I14: 4.49 | J14: 0.66 | K14: 266.44 | L14: 25.9 | M14: 88.13 | N14: 2.1 | O14: 0 | P14: 0.52 | Q14: 4.75
A15: 24/06/2023 07:00 | B15: 14.84 | C15: 40.41 | D15: 31.82 | E15: 6.38 | F15: 6.01 | G15: 21.91 | H15: 8.03 | I15: 4.29 | J15: 0.81 | K15: 271.53 | L15: 26.41 | M15: 86.86 | N15: 62.1 | O15: 0 | P15: 0.52 | Q15: 4.75
A16: 24/06/2023 08:00 | B16: 15.56 | C16: 40.56 | D16: 32.63 | E16: 6.32 | F16: 5.79 | G16: 22.79 | H16: 9.95 | I16: 4.61 | J16: 1.28 | K16: 271.74 | L16: 27.38 | M16: 84 | N16: 163.7 | O16: 0 | P16: 0.55 | Q16: 4.83
A17: 24/06/2023 09:00 | B17: 15.35 | C17: 42.24 | D17: 33.29 | E17: 7.86 | F17: 5.78 | G17: 22.79 | H17: 9.95 | I17: 5.9 | J17: 0.93 | K17: 286.59 | L17: 28.1 | M17: 78.15 | N17: 275.3 | O17: 0 | P17: 0.62 | Q17: 4.82
A18: 24/06/2023 10:00 | B18: 15.42 | C18: 38.39 | D18: 31.38 | E18: 6.93 | F18: 7.82 | G18: 22.79 | H18: 9.95 | I18: 6.58 | J18: 1.28 | K18: 292.36 | L18: 28.91 | M18: 70.69 | N18: 357.6 | O18: 0 | P18: 0.63 | Q18: 4.83
A19: 24/06/2023 11:00 | B19: 14.37 | C19: 40.42 | D19: 31.38 | E19: 12.34 | F19: 8.79 | G19: 28.9 | H19: 11.91 | I19: 6.22 | J19: 1.28 | K19: 288.93 | L19: 28.95 | M19: 69.38 | N19: 240.3 | O19: 0 | P19: 0.6 | Q19: 4.76
A20: 24/06/2023 12:00 | B20: 12.69 | C20: 41.18 | D20: 30.65 | E20: 12.51 | F20: 11.41 | G20: 31.25 | H20: 12.71 | I20: 5.8 | J20: 0.88 | K20: 289.66 | L20: 29.51 | M20: 66.95 | N20: 239.2 | O20: 0 | P20: 0.57 | Q20: 4.71
... A32: 24/06/2023 24:00 | B32: 8.98 | C32: 36.87 | D32: 25.42 | E32: 8.02 | F32: 10.8 | G32: 27.09 | H32: 11.44 | I32: 4.36 | J32: 0.64 | K32: 256.87 | L32: 27.74 | M32: 78.07 | N32: 0 | O32: 0 | P32: 0.46 | Q32: 4.43
A34: Min | B34: =MIN(B9:B32) -> 5.26 | C34: =MIN(C9:C32) -> 32.72 | D34: =MIN(D9:D32) -> 20.17 | E34: =MIN(E9:E32) -> 5.82 | F34: =MIN(F9:F32) -> 5.61 | G34: =MIN(G9:G32) -> 21.32 | H34: =MIN(H9:H32) -> 5.99 | I34: =MIN(I9:I32) -> 4.29 | ... Q34: =MIN(Q9:Q32) -> 4.19
A35: Max | B35: =MAX(B9:B32) -> 15.56 | C35: =MAX(C9:C32) -> 42.24 | D35: =MAX(D9:D32) -> 33.29 | E35: =MAX(E9:E32) -> 14.02 | F35: =MAX(F9:F32) -> 25.41 | G35: =MAX(G9:G32) -> 36.77 | H35: =MAX(H9:H32) -> 14.1 | I35: =MAX(I9:I32) -> 6.58 | ... Q35: =MAX(Q9:Q32) -> 4.83
A36: Avg | B36: =AVERAGE(B9:B32) -> 10.5675 | C36: =AVERAGE(C9:C32) -> 38.930417 | D36: =AVERAGE(D9:D32) -> 27.689583 | E36: =AVERAGE(E9:E32) -> 9.0604167 | F36: =AVERAGE(F9:F32) -> 11.5675 | G36: =AVERAGE(G9:G32) -> 27.444167 | H36: =AVERAGE(H9:H32) -> 10.614167 | I36: =AVERAGE(I9:I32) -> 5.1404167 | ... Q36: =AVERAGE(Q9:Q32) -> 4.5545833
A37: Stdev | B37: =STDEV(B9:B32) -> 3.5984855 | C37: =STDEV(C9:C32) -> 2.575938 | D37: =STDEV(D9:D32) -> 4.0611441 | E37: =STDEV(E9:E32) -> 2.6553285 | F37: =STDEV(F9:F32) -> 5.9870231 | G37: =STDEV(G9:G32) -> 5.460617 | H37: =STDEV(H9:H32) -> 2.9069406 | I37: =STDEV(I9:I32) -> 0.71933834 | ... Q37: =STDEV(Q9:Q32) -> 0.20108357
A38: Num | B38: =COUNT(B9:B32) -> 24 | C38: =COUNT(C9:C32) -> 24 | D38: =COUNT(D9:D32) -> 24 | E38: =COUNT(E9:E32) -> 24 | F38: =COUNT(F9:F32) -> 24 | G38: =COUNT(G9:G32) -> 24 | H38: =COUNT(H9:H32) -> 24 | I38: =COUNT(I9:I32) -> 24 | ... Q38: =COUNT(Q9:Q32) -> 24
A39: DCR | B39: =IF(B38>=22,">90%",IF(B38<=22,"<90%")) -> >90% | C39: =IF(C38>=22,">90%",IF(C38<=22,"<90%")) -> >90% | D39: =IF(D38>=22,">90%",IF(D38<=22,"<90%")) -> >90% | E39: =IF(E38>=22,">90%",IF(E38<=22,"<90%")) -> >90% | F39: =IF(F38>=22,">90%",IF(F38<=22,"<90%")) -> >90% | G39: =IF(G38>=22,">90%",IF(G38<=22,"<90%")) -> >90% | H39: =IF(H38>=22,">90%",IF(H38<=22,"<90%")) -> >90% | I39: =IF(I38>=22,">90%",IF(I38<=22,"<90%")) -> >90% | ... Q39: =IF(Q38>=22,">90%",IF(Q38<=22,"<90%")) -> >90%
A40: Status | B40: =IF(B38>=22,"OK",IF(B38<=22,"LESS")) -> OK | C40: =IF(C38>=22,"OK",IF(C38<=22,"LESS")) -> OK | D40: =IF(D38>=22,"OK",IF(D38<=22,"LESS")) -> OK | E40: =IF(E38>=22,"OK",IF(E38<=22,"LESS")) -> OK | F40: =IF(F38>=22,"OK",IF(F38<=22,"LESS")) -> OK | G40: =IF(G38>=22,"OK",IF(G38<=22,"LESS")) -> OK | H40: =IF(H38>=22,"OK",IF(H38<=22,"LESS")) -> OK | I40: =IF(I38>=22,"OK",IF(I38<=22,"LESS")) -> OK | ... Q40: =IF(Q38>=22,"OK",IF(Q38<=22,"LESS")) -> OK
A43: Done by | B43: AKASH
A45: Comment

Sheet 25
A1: Station: | B1: IGKV ,RAIPUR
A2: Date: | B2: =$A$9 -> 25/06/2023 01:00 | D2: Power Off | G2: Pw.Off | L2: Link Fail | N2: Link F | P2: Maintenance | R2: Maint.
A3: Report Type: | B3: Mean | D3: Calibration | G3: Calib. | L3: Data Fail | N3: Data F | P3: Invalid | R3: Invalid
A4: Time Base: | B4: 01 Hour | D4: Zero Referrence | G4: Z.Ref | L4: Warm Up | N4: Wm. Up
A7: Date & Time | B7: NO | C7: NO2 | D7: NOX | E7: SO2 | F7: O3 | G7: PM 10 | H7: PM 2.5 | I7: BENZ | J7: WS | K7: WD | L7: TEMP | M7: HUM | N7: SR | O7: RG | P7: CO | Q7: NH3
B8: ug/m3 | C8: ug/m3 | D8: ppb | E8: ug/m3 | F8: ug/m3 | G8: ug/m3 | H8: ug/m3 | I8: ug/m3 | J8: m/sec | K8: deg | L8: degreC | M8: % | N8: w/m2 | O8: mm | P8: mg/m3 | Q8: ug/m3
A9: 25/06/2023 01:00 | B9: 9.55 | C9: 39.64 | D9: 27.19 | E9: 8.02 | F9: 10.13 | G9: 25.62 | H9: 10.36 | I9: 4.08 | J9: 0.8 | K9: 260.05 | L9: 27.51 | M9: 80.26 | N9: 0 | O9: 0 | P9: 0.43 | Q9: 4.44
A10: 25/06/2023 02:00 | B10: 9.95 | C10: 38.41 | D10: 26.96 | E10: 8.44 | F10: 9.38 | G10: 25.17 | H10: 12.1 | I10: 4 | J10: 0.82 | K10: 257.94 | L10: 27.39 | M10: 82.93 | N10: 0 | O10: 0 | P10: 0.43 | Q10: 4.45
A11: 25/06/2023 03:00 | B11: 10.4 | C11: 39.18 | D11: 27.76 | E11: 5.28 | F11: 7.39 | G11: 23.39 | H11: 12.1 | I11: 3.92 | J11: 0.94 | K11: 261.98 | L11: 27.12 | M11: 83.23 | N11: 0 | O11: 0 | P11: 0.43 | Q11: 4.52
A12: 25/06/2023 04:00 | B12: 10.66 | C12: 39.19 | D12: 27.85 | E12: 4.83 | F12: 6.85 | G12: 22.79 | H12: 11.63 | I12: 3.82 | J12: 0.99 | K12: 264.28 | L12: 26.65 | M12: 83.22 | N12: 0 | O12: 0 | P12: 0.42 | Q12: 4.47
A13: 25/06/2023 05:00 | B13: 10.9 | C13: 37.72 | D13: 27.06 | E13: 4.72 | F13: 6.22 | G13: 22.79 | H13: 11.06 | I13: 3.68 | J13: 1.05 | K13: 302.89 | L13: 26.2 | M13: 95.17 | N13: 0 | O13: 0 | P13: 0.4 | Q13: 4.46
A14: 25/06/2023 06:00 | B14: 12.54 | C14: 40.96 | D14: 30.41 | E14: 4.81 | F14: 4.96 | G14: 20.11 | H14: 11.06 | I14: 3.63 | J14: 1.2 | K14: 287.68 | L14: 24.48 | M14: 97.43 | N14: 0 | O14: 0 | P14: 0.44 | Q14: 4.62
A15: 25/06/2023 07:00 | B15: 14.4 | C15: 40.1 | D15: 30.79 | E15: 4.43 | F15: 5.37 | G15: 20.11 | H15: 12.49 | I15: 3.7 | J15: 0.47 | K15: 324.67 | L15: 24.65 | M15: 98.37 | N15: 0 | O15: 0 | P15: 0.48 | Q15: 4.66
A16: 25/06/2023 08:00 | B16: 15.83 | C16: 42.96 | D16: 34.09 | E16: 4.62 | F16: 5.26 | G16: 17.66 | H16: 12.49 | I16: 4.03 | J16: 0.44 | K16: 227.3 | L16: 24.61 | M16: 98.9 | N16: 0 | O16: 0 | P16: 0.52 | Q16: 4.84
A17: 25/06/2023 09:00 | B17: 16.09 | C17: 39.57 | D17: 32.53 | E17: 4.64 | F17: 5.72 | G17: 16.55 | H17: 10.79 | I17: 4.08 | J17: 0.42 | K17: 206.34 | L17: 24.72 | M17: 98.93 | N17: 0 | O17: 0 | P17: 0.49 | Q17: 4.84
A18: 25/06/2023 10:00 | B18: 17.96 | C18: 43.23 | D18: 35.94 | E18: 4.64 | F18: 4.94 | G18: 13.73 | H18: 7.74 | I18: 4.03 | J18: 0.38 | K18: 253.02 | L18: 24.68 | M18: 98.93 | N18: 25.9 | O18: 0 | P18: 0.5 | Q18: 4.89
A19: 25/06/2023 11:00 | B19: 18.64 | C19: 41.11 | D19: 34.82 | E19: 6.54 | F19: 5.19 | G19: 13.73 | H19: 8.32 | I19: 4.06 | J19: 0.45 | K19: 271.97 | L19: 24.85 | M19: 98.93 | N19: 35.7 | O19: 0 | P19: 0.49 | Q19: 4.93
A20: 25/06/2023 12:00 | B20: 21.48 | C20: 43.25 | D20: 37.7 | E20: 5.95 | F20: 4.54 | G20: 16.97 | H20: 9.86 | I20: 4.33 | J20: 1.27 | K20: 299.71 | L20: 24.95 | M20: 98.93 | N20: 78.1 | O20: 0 | P20: 0.57 | Q20: 5.03
... A32: 25/06/2023 24:00 | B32: 17.52 | C32: 41.81 | D32: 34.73 | E32: 5.79 | F32: 6.63 | G32: 22.1 | H32: 12.02 | I32: 5.04 | J32: 0.72 | K32: 261.59 | L32: 26.06 | M32: 95.71 | N32: 0 | O32: 0 | P32: 0.63 | Q32: 4.93
A34: Min | B34: =MIN(B9:B32) -> 9.55 | C34: =MIN(C9:C32) -> 37.72 | D34: =MIN(D9:D32) -> 26.96 | E34: =MIN(E9:E32) -> 4.43 | F34: =MIN(F9:F32) -> 4.54 | G34: =MIN(G9:G32) -> 13.73 | H34: =MIN(H9:H32) -> 7.74 | I34: =MIN(I9:I32) -> 3.63 | ... Q34: =MIN(Q9:Q32) -> 4.44
A35: Max | B35: =MAX(B9:B32) -> 23.32 | C35: =MAX(C9:C32) -> 45.46 | D35: =MAX(D9:D32) -> 41.41 | E35: =MAX(E9:E32) -> 8.44 | F35: =MAX(F9:F32) -> 10.13 | G35: =MAX(G9:G32) -> 25.62 | H35: =MAX(H9:H32) -> 12.49 | I35: =MAX(I9:I32) -> 6.23 | ... Q35: =MAX(Q9:Q32) -> 5.28
A36: Avg | B36: =AVERAGE(B9:B32) -> 17.13625 | C36: =AVERAGE(C9:C32) -> 41.740417 | D36: =AVERAGE(D9:D32) -> 34.288333 | E36: =AVERAGE(E9:E32) -> 5.7495833 | F36: =AVERAGE(F9:F32) -> 6.4016667 | G36: =AVERAGE(G9:G32) -> 19.809167 | H36: =AVERAGE(H9:H32) -> 11.114583 | I36: =AVERAGE(I9:I32) -> 4.6995833 | ... Q36: =AVERAGE(Q9:Q32) -> 4.8858333
A37: Stdev | B37: =STDEV(B9:B32) -> 4.4368014 | C37: =STDEV(C9:C32) -> 2.2201459 | D37: =STDEV(D9:D32) -> 4.5653531 | E37: =STDEV(E9:E32) -> 0.9975469 | F37: =STDEV(F9:F32) -> 1.4114983 | G37: =STDEV(G9:G32) -> 3.3831024 | H37: =STDEV(H9:H32) -> 1.2266497 | I37: =STDEV(I9:I32) -> 0.85456055 | ... Q37: =STDEV(Q9:Q32) -> 0.27185221
A38: Num | B38: =COUNT(B9:B32) -> 24 | C38: =COUNT(C9:C32) -> 24 | D38: =COUNT(D9:D32) -> 24 | E38: =COUNT(E9:E32) -> 24 | F38: =COUNT(F9:F32) -> 24 | G38: =COUNT(G9:G32) -> 24 | H38: =COUNT(H9:H32) -> 24 | I38: =COUNT(I9:I32) -> 24 | ... Q38: =COUNT(Q9:Q32) -> 24
A39: DCR | B39: =IF(B38>=22,">90%",IF(B38<=22,"<90%")) -> >90% | C39: =IF(C38>=22,">90%",IF(C38<=22,"<90%")) -> >90% | D39: =IF(D38>=22,">90%",IF(D38<=22,"<90%")) -> >90% | E39: =IF(E38>=22,">90%",IF(E38<=22,"<90%")) -> >90% | F39: =IF(F38>=22,">90%",IF(F38<=22,"<90%")) -> >90% | G39: =IF(G38>=22,">90%",IF(G38<=22,"<90%")) -> >90% | H39: =IF(H38>=22,">90%",IF(H38<=22,"<90%")) -> >90% | I39: =IF(I38>=22,">90%",IF(I38<=22,"<90%")) -> >90% | ... Q39: =IF(Q38>=22,">90%",IF(Q38<=22,"<90%")) -> >90%
A40: Status | B40: =IF(B38>=22,"OK",IF(B38<=22,"LESS")) -> OK | C40: =IF(C38>=22,"OK",IF(C38<=22,"LESS")) -> OK | D40: =IF(D38>=22,"OK",IF(D38<=22,"LESS")) -> OK | E40: =IF(E38>=22,"OK",IF(E38<=22,"LESS")) -> OK | F40: =IF(F38>=22,"OK",IF(F38<=22,"LESS")) -> OK | G40: =IF(G38>=22,"OK",IF(G38<=22,"LESS")) -> OK | H40: =IF(H38>=22,"OK",IF(H38<=22,"LESS")) -> OK | I40: =IF(I38>=22,"OK",IF(I38<=22,"LESS")) -> OK | ... Q40: =IF(Q38>=22,"OK",IF(Q38<=22,"LESS")) -> OK
A43: Done by | B43: AKASH
A45: Comment

Sheet 26
A1: Station: | B1: IGKV ,RAIPUR
A2: Date: | B2: =$A$9 -> 26/06/2023 01:00 | D2: Power Off | G2: Pw.Off | L2: Link Fail | N2: Link F | P2: Maintenance | R2: Maint.
A3: Report Type: | B3: Mean | D3: Calibration | G3: Calib. | L3: Data Fail | N3: Data F | P3: Invalid | R3: Invalid
A4: Time Base: | B4: 01 Hour | D4: Zero Referrence | G4: Z.Ref | L4: Warm Up | N4: Wm. Up
A7: Date & Time | B7: NO | C7: NO2 | D7: NOX | E7: SO2 | F7: O3 | G7: PM 10 | H7: PM 2.5 | I7: BENZ | J7: WS | K7: WD | L7: TEMP | M7: HUM | N7: SR | O7: RG | P7: CO | Q7: NH3
B8: ug/m3 | C8: ug/m3 | D8: ppb | E8: ug/m3 | F8: ug/m3 | G8: ug/m3 | H8: ug/m3 | I8: ug/m3 | J8: m/sec | K8: deg | L8: degreC | M8: % | N8: w/m2 | O8: mm | P8: mg/m3 | Q8: ug/m3
A9: 26/06/2023 01:00 | B9: 16.8 | C9: 41.57 | D9: 34.15 | E9: 5.65 | F9: 6.65 | G9: 22.1 | H9: 12.02 | I9: 4.72 | J9: 0.77 | K9: 260.82 | L9: 26.09 | M9: 95.11 | N9: 0 | O9: 0 | P9: 0.58 | Q9: 4.87
A10: 26/06/2023 02:00 | B10: 16.49 | C10: 40.12 | D10: 32.78 | E10: 6.26 | F10: 5.73 | G10: 21.86 | H10: 11.48 | I10: 4.66 | J10: 0.97 | K10: 270.02 | L10: 26.11 | M10: 94 | N10: 0 | O10: 0 | P10: 0.55 | Q10: 4.86
A11: 26/06/2023 03:00 | B11: 16.32 | C11: 40.25 | D11: 33.07 | E11: 5.66 | F11: 6.66 | G11: 23.37 | H11: 11.48 | I11: 4.48 | J11: 0.59 | K11: 275.83 | L11: 26.03 | M11: 95.44 | N11: 0 | O11: 0 | P11: 0.56 | Q11: 4.85
A12: 26/06/2023 04:00 | B12: 16.56 | C12: 38.13 | D12: 32.1 | E12: 5.53 | F12: 9.5 | G12: 23.37 | H12: 10.42 | I12: 4.47 | J12: 1.93 | K12: 335.55 | L12: 25.24 | M12: 98.3 | N12: 0 | O12: 0 | P12: 0.54 | Q12: 4.88
A13: 26/06/2023 05:00 | B13: 14.37 | C13: 40.93 | D13: 31.82 | E13: 5.47 | F13: 5.21 | G13: 19.37 | H13: 9.43 | I13: 4.23 | J13: 2.5 | K13: 287.64 | L13: 23.96 | M13: 98.9 | N13: 0 | O13: 0 | P13: 0.52 | Q13: 4.75
A14: 26/06/2023 06:00 | B14: 13.61 | C14: 41.81 | D14: 31.53 | E14: 5.47 | F14: 5.54 | G14: 16.46 | H14: 8.48 | I14: 4 | J14: 1.27 | K14: 295.89 | L14: 23.78 | M14: 98.9 | N14: 0 | O14: 0 | P14: 0.49 | Q14: 4.74
A15: 26/06/2023 07:00 | B15: 12.94 | C15: 42.51 | D15: 31.18 | E15: 5.08 | F15: 5.63 | G15: 14.15 | H15: 6.1 | I15: 3.87 | J15: 1.01 | K15: 286.94 | L15: 23.94 | M15: 98.9 | N15: 14.1 | O15: 0 | P15: 0.47 | Q15: 4.68
A16: 26/06/2023 08:00 | B16: 12.67 | C16: 43.1 | D16: 31.19 | E16: 5.47 | F16: 4.88 | G16: 10.82 | H16: 6.01 | I16: 3.67 | J16: 1.22 | K16: 281.12 | L16: 24.03 | M16: 98.93 | N16: 44.2 | O16: 0 | P16: 0.47 | Q16: 4.66
A17: 26/06/2023 09:00 | B17: 11.99 | C17: 43.55 | D17: 31.3 | E17: 5.22 | F17: 5.33 | G17: 8.96 | H17: 5.06 | I17: 3.59 | J17: 1.06 | K17: 287.14 | L17: 24.75 | M17: 98.83 | N17: 94.7 | O17: 0 | P17: 0.47 | Q17: 4.65
A18: 26/06/2023 10:00 | B18: 11.79 | C18: 44.49 | D18: 31.57 | E18: 4.85 | F18: 5.82 | G18: 12.14 | H18: 5.06 | I18: 3.58 | J18: 1.13 | K18: 290.42 | L18: 24.93 | M18: 93.86 | N18: 58.1 | O18: 0 | P18: 0.49 | Q18: 4.69
A19: 26/06/2023 11:00 | B19: 11.84 | C19: 43.16 | D19: 30.68 | E19: 6.3 | F19: 5.65 | G19: 12.8 | H19: 3.55 | I19: 3.59 | J19: 1.34 | K19: 278.98 | L19: 24.73 | M19: 95.17 | N19: 67.4 | O19: 0 | P19: 0.5 | Q19: 4.66
A20: 26/06/2023 12:00 | B20: 11.37 | C20: 43.04 | D20: 30.53 | E20: 5.88 | F20: 5.11 | G20: 12.8 | H20: 2.77 | I20: 3.75 | J20: 1.36 | K20: 268.72 | L20: 24.51 | M20: 95.72 | N20: 80.7 | O20: 0 | P20: 0.52 | Q20: 4.62
... A32: 26/06/2023 24:00 | B32: 9.28 | C32: 40.65 | D32: 27.56 | E32: 4.62 | F32: 5.84 | G32: 2.47 | H32: 0.93 | I32: 3.25 | J32: 1.23 | K32: 260.14 | L32: 24.03 | M32: 98.5 | N32: 0 | O32: 0 | P32: 0.43 | Q32: 4.46
A34: Min | B34: =MIN(B9:B32) -> 9.15 | C34: =MIN(C9:C32) -> 38.13 | D34: =MIN(D9:D32) -> 27.08 | E34: =MIN(E9:E32) -> 4.57 | F34: =MIN(F9:F32) -> 4.62 | G34: =MIN(G9:G32) -> 2.47 | H34: =MIN(H9:H32) -> 0.93 | I34: =MIN(I9:I32) -> 3.25 | ... Q34: =MIN(Q9:Q32) -> 4.43
A35: Max | B35: =MAX(B9:B32) -> 16.8 | C35: =MAX(C9:C32) -> 44.49 | D35: =MAX(D9:D32) -> 34.15 | E35: =MAX(E9:E32) -> 6.3 | F35: =MAX(F9:F32) -> 9.5 | G35: =MAX(G9:G32) -> 23.37 | H35: =MAX(H9:H32) -> 12.02 | I35: =MAX(I9:I32) -> 5.02 | ... Q35: =MAX(Q9:Q32) -> 4.88
A36: Avg | B36: =AVERAGE(B9:B32) -> 11.894583 | C36: =AVERAGE(C9:C32) -> 41.72 | D36: =AVERAGE(D9:D32) -> 30.140417 | E36: =AVERAGE(E9:E32) -> 5.4533333 | F36: =AVERAGE(F9:F32) -> 5.69375 | G36: =AVERAGE(G9:G32) -> 11.78 | H36: =AVERAGE(H9:H32) -> 5.1733333 | I36: =AVERAGE(I9:I32) -> 4.0970833 | ... Q36: =AVERAGE(Q9:Q32) -> 4.6229167
A37: Stdev | B37: =STDEV(B9:B32) -> 2.5524753 | C37: =STDEV(C9:C32) -> 1.5369563 | D37: =STDEV(D9:D32) -> 2.0170566 | E37: =STDEV(E9:E32) -> 0.46977947 | F37: =STDEV(F9:F32) -> 0.99878105 | G37: =STDEV(G9:G32) -> 6.5658458 | H37: =STDEV(H9:H32) -> 3.4977977 | I37: =STDEV(I9:I32) -> 0.52260617 | ... Q37: =STDEV(Q9:Q32) -> 0.14414604
A38: Num | B38: =COUNT(B9:B32) -> 24 | C38: =COUNT(C9:C32) -> 24 | D38: =COUNT(D9:D32) -> 24 | E38: =COUNT(E9:E32) -> 24 | F38: =COUNT(F9:F32) -> 24 | G38: =COUNT(G9:G32) -> 24 | H38: =COUNT(H9:H32) -> 24 | I38: =COUNT(I9:I32) -> 24 | ... Q38: =COUNT(Q9:Q32) -> 24
A39: DCR | B39: =IF(B38>=22,">90%",IF(B38<=22,"<90%")) -> >90% | C39: =IF(C38>=22,">90%",IF(C38<=22,"<90%")) -> >90% | D39: =IF(D38>=22,">90%",IF(D38<=22,"<90%")) -> >90% | E39: =IF(E38>=22,">90%",IF(E38<=22,"<90%")) -> >90% | F39: =IF(F38>=22,">90%",IF(F38<=22,"<90%")) -> >90% | G39: =IF(G38>=22,">90%",IF(G38<=22,"<90%")) -> >90% | H39: =IF(H38>=22,">90%",IF(H38<=22,"<90%")) -> >90% | I39: =IF(I38>=22,">90%",IF(I38<=22,"<90%")) -> >90% | ... Q39: =IF(Q38>=22,">90%",IF(Q38<=22,"<90%")) -> >90%
A40: Status | B40: =IF(B38>=22,"OK",IF(B38<=22,"LESS")) -> OK | C40: =IF(C38>=22,"OK",IF(C38<=22,"LESS")) -> OK | D40: =IF(D38>=22,"OK",IF(D38<=22,"LESS")) -> OK | E40: =IF(E38>=22,"OK",IF(E38<=22,"LESS")) -> OK | F40: =IF(F38>=22,"OK",IF(F38<=22,"LESS")) -> OK | G40: =IF(G38>=22,"OK",IF(G38<=22,"LESS")) -> OK | H40: =IF(H38>=22,"OK",IF(H38<=22,"LESS")) -> OK | I40: =IF(I38>=22,"OK",IF(I38<=22,"LESS")) -> OK | ... Q40: =IF(Q38>=22,"OK",IF(Q38<=22,"LESS")) -> OK
A43: Done by | B43: AKASH
A45: Comment

Sheet 27
A1: Station: | B1: IGKV ,RAIPUR
A2: Date: | B2: =$A$9 -> 27/06/2023 01:00 | D2: Power Off | G2: Pw.Off | L2: Link Fail | N2: Link F | P2: Maintenance | R2: Maint.
A3: Report Type: | B3: Mean | D3: Calibration | G3: Calib. | L3: Data Fail | N3: Data F | P3: Invalid | R3: Invalid
A4: Time Base: | B4: 01 Hour | D4: Zero Referrence | G4: Z.Ref | L4: Warm Up | N4: Wm. Up
A7: Date & Time | B7: NO | C7: NO2 | D7: NOX | E7: SO2 | F7: O3 | G7: PM 10 | H7: PM 2.5 | I7: BENZ | J7: WS | K7: WD | L7: TEMP | M7: HUM | N7: SR | O7: RG | P7: CO | Q7: NH3
B8: ug/m3 | C8: ug/m3 | D8: ppb | E8: ug/m3 | F8: ug/m3 | G8: ug/m3 | H8: ug/m3 | I8: ug/m3 | J8: m/sec | K8: deg | L8: degreC | M8: % | N8: w/m2 | O8: mm | P8: mg/m3 | Q8: ug/m3
A9: 27/06/2023 01:00 | B9: 9.2 | C9: 40.37 | D9: 27.43 | E9: 4.72 | F9: 4.82 | G9: 4.66 | H9: 0.81 | I9: 3.09 | J9: 0.86 | K9: 253.41 | L9: 24.14 | M9: 98.48 | N9: 0 | O9: 0 | P9: 0.41 | Q9: 4.42
A10: 27/06/2023 02:00 | B10: 9.92 | C10: 39.7 | D10: 27.45 | E10: 4.68 | F10: 4.25 | G10: 4.66 | H10: 0.8 | I10: 3.01 | J10: 1.06 | K10: 261.54 | L10: 23.98 | M10: 98.1 | N10: 0 | O10: 0 | P10: 0.4 | Q10: 4.46
A11: 27/06/2023 03:00 | B11: 10.42 | C11: 39.72 | D11: 27.84 | E11: 5.93 | F11: 4.62 | G11: 3.35 | H11: 0.68 | I11: 2.92 | J11: 1.33 | K11: 257.17 | L11: 23.94 | M11: 97.82 | N11: 0 | O11: 0 | P11: 0.39 | Q11: 4.5
A12: 27/06/2023 04:00 | B12: 10.59 | C12: 39.21 | D12: 27.86 | E12: 6.17 | F12: 4.56 | G12: 2.81 | H12: 0.61 | I12: 2.78 | J12: 1.23 | K12: 253.96 | L12: 23.94 | M12: 96.76 | N12: 0 | O12: 0 | P12: 0.38 | Q12: 4.51
A13: 27/06/2023 05:00 | B13: 10.71 | C13: 38.61 | D13: 27.59 | E13: 5.52 | F13: 4.26 | G13: 2.18 | H13: 0.59 | I13: 2.65 | J13: 1.39 | K13: 261.04 | L13: 23.86 | M13: 95.88 | N13: 0 | O13: 0 | P13: 0.36 | Q13: 4.47
A14: 27/06/2023 06:00 | B14: 10.87 | C14: 38.04 | D14: 27.36 | E14: 5.87 | F14: 4.15 | G14: 1.97 | H14: 0.59 | I14: 2.53 | J14: 1.15 | K14: 256.15 | L14: 23.44 | M14: 97.25 | N14: 0 | O14: 0 | P14: 0.35 | Q14: 4.49
A15: 27/06/2023 07:00 | B15: 11.33 | C15: 39.86 | D15: 28.57 | E15: 5.91 | F15: 4.66 | G15: 1.47 | H15: 0.6 | I15: 2.43 | J15: 1.25 | K15: 256.33 | L15: 23.33 | M15: 97.96 | N15: 0.6 | O15: 0 | P15: 0.35 | Q15: 4.51
A16: 27/06/2023 08:00 | B16: 11.55 | C16: 40 | D16: 28.96 | E16: 6.09 | F16: 4.31 | G16: 1.18 | H16: 0.61 | I16: 2.41 | J16: 1.25 | K16: 261.07 | L16: 23.2 | M16: 98.24 | N16: 17.2 | O16: 0 | P16: 0.35 | Q16: 4.51
A17: 27/06/2023 09:00 | B17: 11.63 | C17: 39.89 | D17: 29.03 | E17: 5.49 | F17: 4.51 | G17: 1.12 | H17: 0.61 | I17: 2.39 | J17: 2.03 | K17: 260.22 | L17: 23.28 | M17: 98.06 | N17: 52.1 | O17: 0 | P17: 0.35 | Q17: 4.56
A18: 27/06/2023 10:00 | B18: 11.08 | C18: 39.68 | D18: 27.91 | E18: 5.31 | F18: 4.52 | G18: 1.04 | H18: 0.61 | I18: 2.35 | J18: 1.89 | K18: 259.6 | L18: 23.32 | M18: 97.99 | N18: 92.6 | O18: 0 | P18: 0.34 | Q18: 4.47
A19: 27/06/2023 11:00 | B19: 10.19 | C19: 37.91 | D19: 26.78 | E19: 4.99 | F19: 4.3 | G19: 1.14 | H19: 0.63 | I19: 2.27 | J19: 1.78 | K19: 265.6 | L19: 23.73 | M19: 95.96 | N19: 87 | O19: 0 | P19: 0.33 | Q19: 4.45
A20: 27/06/2023 12:00 | B20: 9.87 | C20: 38.84 | D20: 27.16 | E20: 4.98 | F20: 4.48 | G20: 1.28 | H20: 0.64 | I20: 2.25 | J20: 1.63 | K20: 264.48 | L20: 24.21 | M20: 92.5 | N20: 109.5 | O20: 0 | P20: 0.35 | Q20: 4.43
... A32: 27/06/2023 24:00 | B32: 10.96 | C32: 38.92 | D32: 28.07 | E32: 4.91 | F32: 4.9 | G32: 2.37 | H32: 0.83 | I32: 2.34 | J32: 1.11 | K32: 259.42 | L32: 24.98 | M32: 93.9 | N32: 0 | O32: 0 | P32: 0.36 | Q32: 4.5
A34: Min | B34: =MIN(B9:B32) -> 9.2 | C34: =MIN(C9:C32) -> 37.53 | D34: =MIN(D9:D32) -> 26.31 | E34: =MIN(E9:E32) -> 4.42 | F34: =MIN(F9:F32) -> 4.15 | G34: =MIN(G9:G32) -> 1.04 | H34: =MIN(H9:H32) -> 0.59 | I34: =MIN(I9:I32) -> 2.25 | ... Q34: =MIN(Q9:Q32) -> 4.42
A35: Max | B35: =MAX(B9:B32) -> 11.63 | C35: =MAX(C9:C32) -> 40.37 | D35: =MAX(D9:D32) -> 29.03 | E35: =MAX(E9:E32) -> 6.17 | F35: =MAX(F9:F32) -> 4.99 | G35: =MAX(G9:G32) -> 4.66 | H35: =MAX(H9:H32) -> 0.83 | I35: =MAX(I9:I32) -> 3.09 | ... Q35: =MAX(Q9:Q32) -> 4.56
A36: Avg | B36: =AVERAGE(B9:B32) -> 10.402083 | C36: =AVERAGE(C9:C32) -> 38.927917 | D36: =AVERAGE(D9:D32) -> 27.510417 | E36: =AVERAGE(E9:E32) -> 5.1820833 | F36: =AVERAGE(F9:F32) -> 4.5820833 | G36: =AVERAGE(G9:G32) -> 1.90625 | H36: =AVERAGE(H9:H32) -> 0.65791667 | I36: =AVERAGE(I9:I32) -> 2.4508333 | ... Q36: =AVERAGE(Q9:Q32) -> 4.46625
A37: Stdev | B37: =STDEV(B9:B32) -> 0.66624828 | C37: =STDEV(C9:C32) -> 0.7394415 | D37: =STDEV(D9:D32) -> 0.71604274 | E37: =STDEV(E9:E32) -> 0.49398098 | F37: =STDEV(F9:F32) -> 0.21707501 | G37: =STDEV(G9:G32) -> 1.012349 | H37: =STDEV(H9:H32) -> 0.065340524 | I37: =STDEV(I9:I32) -> 0.25134277 | ... Q37: =STDEV(Q9:Q32) -> 0.038988571
A38: Num | B38: =COUNT(B9:B32) -> 24 | C38: =COUNT(C9:C32) -> 24 | D38: =COUNT(D9:D32) -> 24 | E38: =COUNT(E9:E32) -> 24 | F38: =COUNT(F9:F32) -> 24 | G38: =COUNT(G9:G32) -> 24 | H38: =COUNT(H9:H32) -> 24 | I38: =COUNT(I9:I32) -> 24 | ... Q38: =COUNT(Q9:Q32) -> 24
A39: DCR | B39: =IF(B38>=22,">90%",IF(B38<=22,"<90%")) -> >90% | C39: =IF(C38>=22,">90%",IF(C38<=22,"<90%")) -> >90% | D39: =IF(D38>=22,">90%",IF(D38<=22,"<90%")) -> >90% | E39: =IF(E38>=22,">90%",IF(E38<=22,"<90%")) -> >90% | F39: =IF(F38>=22,">90%",IF(F38<=22,"<90%")) -> >90% | G39: =IF(G38>=22,">90%",IF(G38<=22,"<90%")) -> >90% | H39: =IF(H38>=22,">90%",IF(H38<=22,"<90%")) -> >90% | I39: =IF(I38>=22,">90%",IF(I38<=22,"<90%")) -> >90% | ... Q39: =IF(Q38>=22,">90%",IF(Q38<=22,"<90%")) -> >90%
A40: Status | B40: =IF(B38>=22,"OK",IF(B38<=22,"LESS")) -> OK | C40: =IF(C38>=22,"OK",IF(C38<=22,"LESS")) -> OK | D40: =IF(D38>=22,"OK",IF(D38<=22,"LESS")) -> OK | E40: =IF(E38>=22,"OK",IF(E38<=22,"LESS")) -> OK | F40: =IF(F38>=22,"OK",IF(F38<=22,"LESS")) -> OK | G40: =IF(G38>=22,"OK",IF(G38<=22,"LESS")) -> OK | H40: =IF(H38>=22,"OK",IF(H38<=22,"LESS")) -> OK | I40: =IF(I38>=22,"OK",IF(I38<=22,"LESS")) -> OK | ... Q40: =IF(Q38>=22,"OK",IF(Q38<=22,"LESS")) -> OK
A43: Done by | B43: AKASH
A45: Comment

Sheet 28
A1: Station: | B1: IGKV ,RAIPUR
A2: Date: | B2: =$A$9 -> 28/06/2023 01:00 | D2: Power Off | G2: Pw.Off | L2: Link Fail | N2: Link F | P2: Maintenance | R2: Maint.
A3: Report Type: | B3: Mean | D3: Calibration | G3: Calib. | L3: Data Fail | N3: Data F | P3: Invalid | R3: Invalid
A4: Time Base: | B4: 01 Hour | D4: Zero Referrence | G4: Z.Ref | L4: Warm Up | N4: Wm. Up
A7: Date & Time | B7: NO | C7: NO2 | D7: NOX | E7: SO2 | F7: O3 | G7: PM 10 | H7: PM 2.5 | I7: BENZ | J7: WS | K7: WD | L7: TEMP | M7: HUM | N7: SR | O7: RG | P7: CO | Q7: NH3
B8: ug/m3 | C8: ug/m3 | D8: ppb | E8: ug/m3 | F8: ug/m3 | G8: ug/m3 | H8: ug/m3 | I8: ug/m3 | J8: m/sec | K8: deg | L8: degreC | M8: % | N8: w/m2 | O8: mm | P8: mg/m3 | Q8: ug/m3
A9: 28/06/2023 01:00 | B9: 10.59 | C9: 38.02 | D9: 27.18 | E9: 5.16 | F9: 4.94 | G9: 2.43 | H9: 0.83 | I9: 2.29 | J9: 1.18 | K9: 258.36 | L9: 25.02 | M9: 92.47 | N9: 0 | O9: 0 | P9: 0.35 | Q9: 4.49
A10: 28/06/2023 02:00 | B10: 10.72 | C10: 38.2 | D10: 27.46 | E10: 4.86 | F10: 4.91 | G10: 3.71 | H10: 0.83 | I10: 2.27 | J10: 1.19 | K10: 258.8 | L10: 25.06 | M10: 91.36 | N10: 0 | O10: 0 | P10: 0.34 | Q10: 4.54
A11: 28/06/2023 03:00 | B11: 10.91 | C11: 38 | D11: 27.38 | E11: 6.27 | F11: 4.74 | G11: 4.28 | H11: 0.86 | I11: 2.25 | J11: 0.87 | K11: 256.27 | L11: 24.91 | M11: 91.22 | N11: 0 | O11: 0 | P11: 0.34 | Q11: 4.53
A12: 28/06/2023 04:00 | B12: 11.16 | C12: 39.21 | D12: 28.25 | E12: 6.15 | F12: 4.75 | G12: 4.28 | H12: 0.86 | I12: 2.21 | J12: 1.11 | K12: 257.47 | L12: 24.94 | M12: 91.26 | N12: 0 | O12: 0 | P12: 0.35 | Q12: 4.54
A13: 28/06/2023 05:00 | B13: 11.32 | C13: 37.86 | D13: 27.74 | E13: 6.12 | F13: 4.62 | G13: 3.35 | H13: 0.86 | I13: 2.2 | J13: 1.17 | K13: 258.96 | L13: 24.73 | M13: 92.32 | N13: 0 | O13: 0 | P13: 0.34 | Q13: 4.52
A14: 28/06/2023 06:00 | B14: 11.01 | C14: 38.93 | D14: 28.05 | E14: 6.48 | F14: 4.45 | G14: 2.38 | H14: 0.87 | I14: 2.13 | J14: 1.02 | K14: 255.63 | L14: 24.7 | M14: 91.74 | N14: 0.2 | O14: 0 | P14: 0.34 | Q14: 4.52
A15: 28/06/2023 07:00 | B15: 10.97 | C15: 37.42 | D15: 27.22 | E15: 6.42 | F15: 4.74 | G15: 1.77 | H15: 0.88 | I15: 2.14 | J15: 1.29 | K15: 254.17 | L15: 24.72 | M15: 91.8 | N15: 7.4 | O15: 0 | P15: 0.33 | Q15: 4.5
A16: 28/06/2023 08:00 | B16: 10.87 | C16: 39.38 | D16: 28.17 | E16: 6.37 | F16: 4.89 | G16: 1.77 | H16: 0.89 | I16: 2.13 | J16: 1.12 | K16: 256.35 | L16: 24.5 | M16: 93.88 | N16: 39.3 | O16: 0 | P16: 0.34 | Q16: 4.51
A17: 28/06/2023 09:00 | B17: 11.06 | C17: 38.12 | D17: 27.74 | E17: 6.38 | F17: 4.5 | G17: 1.41 | H17: 0.93 | I17: 2.15 | J17: 1.29 | K17: 254.09 | L17: 24.94 | M17: 93.96 | N17: 92.4 | O17: 0 | P17: 0.34 | Q17: 4.5
A18: 28/06/2023 10:00 | B18: 11.08 | C18: 38.78 | D18: 27.97 | E18: 6.42 | F18: 4.87 | G18: 1.3 | H18: 0.93 | I18: 2.18 | J18: 1.25 | K18: 257.61 | L18: 25.71 | M18: 90.68 | N18: 142.9 | O18: 0 | P18: 0.35 | Q18: 4.52
A19: 28/06/2023 11:00 | B19: 11.2 | C19: 36.98 | D19: 27.26 | E19: 5.73 | F19: 4.73 | G19: 2.24 | H19: 2.06 | I19: 2.16 | J19: 1.03 | K19: 255.98 | L19: 26.6 | M19: 88.25 | N19: 282.6 | O19: 0 | P19: 0.34 | Q19: 4.51
A20: 28/06/2023 12:00 | B20: 9.67 | C20: 36.12 | D20: 25.25 | E20: 5.85 | F20: 5.09 | G20: 2.24 | H20: 2.06 | I20: 2.19 | J20: 1.35 | K20: 258.22 | L20: 27.1 | M20: 84.9 | N20: 344.8 | O20: 0 | P20: 0.37 | Q20: 4.44
A21: 28/06/2023 13:00 | B21: 9.46 | C21: 34.47 | D21: 24.11 | E21: 5.71 | F21: 6.64 | G21: Calib. | H21: Calib. | I21: 2.19 | J21: 1.38 | K21: 253.43 | L21: 27.95 | M21: 82.31 | N21: 624.6 | O21: 0 | P21: 0.34 | Q21: 4.38
A22: 28/06/2023 14:00 | B22: 6.42 | C22: 33.38 | D22: 21.53 | E22: 4.83 | F22: 4.52 | G22: Calib. | H22: Calib. | I22: 2.06 | J22: 1.32 | K22: 259.57 | L22: 27.49 | M22: 83.9 | N22: 345.6 | O22: 0 | P22: 0.34 | Q22: 4.25
A23: 28/06/2023 15:00 | B23: 6.44 | C23: 35.09 | D23: 22.34 | E23: 5.03 | F23: 3.62 | G23: 2.8 | H23: 1.57 | I23: 2.08 | J23: 1.12 | K23: 257 | L23: 27.18 | M23: 83.34 | N23: 240.7 | O23: 0 | P23: 0.33 | Q23: 4.22
A24: 28/06/2023 16:00 | B24: 6.75 | C24: 36.75 | D24: 23.34 | E24: 5.2 | F24: 4.26 | G24: 3.69 | H24: 2.14 | I24: 2.13 | J24: 1.01 | K24: 254.37 | L24: 27.87 | M24: 82.14 | N24: 368 | O24: 0 | P24: 0.34 | Q24: 4.28
A25: 28/06/2023 17:00 | B25: 6.94 | C25: 36.51 | D25: 23.47 | E25: 4.91 | F25: 6.48 | G25: 5.1 | H25: 3.07 | I25: 2.16 | J25: 1.04 | K25: 259.26 | L25: 27.74 | M25: 81.85 | N25: 117.1 | O25: 0 | P25: 0.35 | Q25: 4.3
A26: 28/06/2023 18:00 | B26: 7.16 | C26: 36.74 | D26: 23.7 | E26: 5.49 | F26: 7.02 | G26: 5.1 | H26: 3.07 | I26: 2.19 | J26: 0.75 | K26: 255.5 | L26: 27.34 | M26: 83.82 | N26: 37 | O26: 0 | P26: 0.35 | Q26: 4.3
A27: 28/06/2023 19:00 | B27: 8.22 | C27: 37.49 | D27: 24.75 | E27: 5.3 | F27: 7.06 | G27: 5.1 | H27: 3.07 | I27: 2.25 | J27: 0.54 | K27: 250.62 | L27: 27.07 | M27: 86.42 | N27: 0 | O27: 0 | P27: 0.37 | Q27: 4.38
A28: 28/06/2023 20:00 | B28: 8.78 | C28: 36.61 | D28: 25.08 | E28: 6.08 | F28: 6.49 | G28: 6.38 | H28: 3.28 | I28: 2.31 | J28: 0.7 | K28: 255.32 | L28: 26.84 | M28: 89.94 | N28: 0 | O28: 0 | P28: 0.38 | Q28: 4.45
A29: 28/06/2023 21:00 | B29: 9.89 | C29: 36.96 | D29: 26.2 | E29: 6.09 | F29: 6.98 | G29: 8.4 | H29: 3.62 | I29: 2.38 | J29: 0.32 | K29: 254.8 | L29: 26.28 | M29: 90.83 | N29: 0 | O29: 0 | P29: 0.37 | Q29: 4.47
A30: 28/06/2023 22:00 | B30: 10.73 | C30: 35.71 | D30: 26.16 | E30: 6.51 | F30: 7.07 | G30: 11.15 | H30: 6.47 | I30: 2.53 | J30: 0.37 | K30: 243.17 | L30: 26.25 | M30: 90.2 | N30: 0 | O30: 0 | P30: 0.37 | Q30: 4.55
A31: 28/06/2023 23:00 | B31: 11.93 | C31: 36.66 | D31: 27.26 | E31: 6.62 | F31: 4.71 | G31: 11.1 | H31: 7.71 | I31: 2.56 | J31: 0.61 | K31: 249.26 | L31: 26.13 | M31: 90.38 | N31: 0 | O31: 0 | P31: 0.37 | Q31: 4.55
A32: 28/06/2023 24:00 | B32: 12.36 | C32: 37.02 | D32: 28.21 | E32: 6.95 | F32: 4.7 | G32: 12.29 | H32: 5.62 | I32: 2.55 | J32: 0.58 | K32: 244.28 | L32: 26.06 | M32: 90.14 | N32: 0 | O32: 0 | P32: 0.38 | Q32: 4.61
A34: Min | B34: =MIN(B9:B32) -> 6.42 | C34: =MIN(C9:C32) -> 33.38 | D34: =MIN(D9:D32) -> 21.53 | E34: =MIN(E9:E32) -> 4.83 | F34: =MIN(F9:F32) -> 3.62 | G34: =MIN(G9:G32) -> 1.3 | H34: =MIN(H9:H32) -> 0.83 | I34: =MIN(I9:I32) -> 2.06 | ... Q34: =MIN(Q9:Q32) -> 4.22
A35: Max | B35: =MAX(B9:B32) -> 12.36 | C35: =MAX(C9:C32) -> 39.38 | D35: =MAX(D9:D32) -> 28.25 | E35: =MAX(E9:E32) -> 6.95 | F35: =MAX(F9:F32) -> 7.07 | G35: =MAX(G9:G32) -> 12.29 | H35: =MAX(H9:H32) -> 7.71 | I35: =MAX(I9:I32) -> 2.56 | ... Q35: =MAX(Q9:Q32) -> 4.61
A36: Avg | B36: =AVERAGE(B9:B32) -> 9.8183333 | C36: =AVERAGE(C9:C32) -> 37.100417 | D36: =AVERAGE(D9:D32) -> 26.075833 | E36: =AVERAGE(E9:E32) -> 5.8720833 | F36: =AVERAGE(F9:F32) -> 5.2825 | G36: =AVERAGE(G9:G32) -> 4.6486364 | H36: =AVERAGE(H9:H32) -> 2.3854545 | I36: =AVERAGE(I9:I32) -> 2.2370833 | ... Q36: =AVERAGE(Q9:Q32) -> 4.4525
A37: Stdev | B37: =STDEV(B9:B32) -> 1.8511681 | C37: =STDEV(C9:C32) -> 1.4644022 | D37: =STDEV(D9:D32) -> 2.0589168 | E37: =STDEV(E9:E32) -> 0.63299824 | F37: =STDEV(F9:F32) -> 1.0547378 | G37: =STDEV(G9:G32) -> 3.288384 | H37: =STDEV(H9:H32) -> 1.9882961 | I37: =STDEV(I9:I32) -> 0.13976624 | ... Q37: =STDEV(Q9:Q32) -> 0.10907716
A38: Num | B38: =COUNT(B9:B32) -> 24 | C38: =COUNT(C9:C32) -> 24 | D38: =COUNT(D9:D32) -> 24 | E38: =COUNT(E9:E32) -> 24 | F38: =COUNT(F9:F32) -> 24 | G38: 24 | H38: 24 | I38: =COUNT(I9:I32) -> 24 | J38: =COUNT(J9:J32) -> 24 | K38: =COUNT(K9:K32) -> 24 | L38: =COUNT(L9:L32) -> 24 | M38: =COUNT(M9:M32) -> 24 | N38: =COUNT(N9:N32) -> 24 | O38: =COUNT(O9:O32) -> 24 | P38: =COUNT(P9:P32) -> 24 | Q38: =COUNT(Q9:Q32) -> 24
A39: DCR | B39: =IF(B38>=22,">90%",IF(B38<=22,"<90%")) -> >90% | C39: =IF(C38>=22,">90%",IF(C38<=22,"<90%")) -> >90% | D39: =IF(D38>=22,">90%",IF(D38<=22,"<90%")) -> >90% | E39: =IF(E38>=22,">90%",IF(E38<=22,"<90%")) -> >90% | F39: =IF(F38>=22,">90%",IF(F38<=22,"<90%")) -> >90% | G39: =IF(G38>=22,">90%",IF(G38<=22,"<90%")) -> >90% | H39: =IF(H38>=22,">90%",IF(H38<=22,"<90%")) -> >90% | I39: =IF(I38>=22,">90%",IF(I38<=22,"<90%")) -> >90% | ... Q39: =IF(Q38>=22,">90%",IF(Q38<=22,"<90%")) -> >90%
A40: Status | B40: =IF(B38>=22,"OK",IF(B38<=22,"LESS")) -> OK | C40: =IF(C38>=22,"OK",IF(C38<=22,"LESS")) -> OK | D40: =IF(D38>=22,"OK",IF(D38<=22,"LESS")) -> OK | E40: =IF(E38>=22,"OK",IF(E38<=22,"LESS")) -> OK | F40: =IF(F38>=22,"OK",IF(F38<=22,"LESS")) -> OK | G40: =IF(G38>=22,"OK",IF(G38<=22,"LESS")) -> OK | H40: =IF(H38>=22,"OK",IF(H38<=22,"LESS")) -> OK | I40: =IF(I38>=22,"OK",IF(I38<=22,"LESS")) -> OK | ... Q40: =IF(Q38>=22,"OK",IF(Q38<=22,"LESS")) -> OK
A43: Done by | B43: AKASH
A45: Comment

Sheet 29
A1: Station: | B1: IGKV ,RAIPUR
A2: Date: | B2: =$A$9 -> 29/06/2023 01:00 | D2: Power Off | G2: Pw.Off | L2: Link Fail | N2: Link F | P2: Maintenance | R2: Maint.
A3: Report Type: | B3: Mean | D3: Calibration | G3: Calib. | L3: Data Fail | N3: Data F | P3: Invalid | R3: Invalid
A4: Time Base: | B4: 01 Hour | D4: Zero Referrence | G4: Z.Ref | L4: Warm Up | N4: Wm. Up
A7: Date & Time | B7: NO | C7: NO2 | D7: NOX | E7: SO2 | F7: O3 | G7: PM 10 | H7: PM 2.5 | I7: BENZ | J7: WS | K7: WD | L7: TEMP | M7: HUM | N7: SR | O7: RG | P7: CO | Q7: NH3
B8: ug/m3 | C8: ug/m3 | D8: ppb | E8: ug/m3 | F8: ug/m3 | G8: ug/m3 | H8: ug/m3 | I8: ug/m3 | J8: m/sec | K8: deg | L8: degreC | M8: % | N8: w/m2 | O8: mm | P8: mg/m3 | Q8: ug/m3
A9: 29/06/2023 01:00 | B9: 13.62 | C9: 38.16 | D9: 29.81 | E9: 7.13 | F9: 5.52 | G9: 13.16 | H9: 5.85 | I9: 2.47 | J9: 0.55 | K9: 249.33 | L9: 25.83 | M9: 90.37 | N9: 0 | O9: 0 | P9: 0.38 | Q9: 4.65
A10: 29/06/2023 02:00 | B10: 14.12 | C10: 38.01 | D10: 30.14 | E10: 6.77 | F10: 4.82 | G10: 9.43 | H10: 4.4 | I10: 2.46 | J10: 0.43 | K10: 243.84 | L10: 25.78 | M10: 90.6 | N10: 0 | O10: 0 | P10: 0.37 | Q10: 4.66
A11: 29/06/2023 03:00 | B11: 15.3 | C11: 38.09 | D11: 31.1 | E11: 6.23 | F11: 2.83 | G11: 8.79 | H11: 3.4 | I11: 2.46 | J11: 0.44 | K11: 235.57 | L11: 25.52 | M11: 90.38 | N11: 0 | O11: 0 | P11: 0.37 | Q11: 4.7
A12: 29/06/2023 04:00 | B12: 15.96 | C12: 38.04 | D12: 31.63 | E12: 6.13 | F12: 3.86 | G12: 7.14 | H12: 3.22 | I12: 2.42 | J12: 0.53 | K12: 248.88 | L12: 25.38 | M12: 90.16 | N12: 0 | O12: 0 | P12: 0.36 | Q12: 4.75
A13: 29/06/2023 05:00 | B13: 16.8 | C13: 38.71 | D13: 32.51 | E13: 6.75 | F13: 3.48 | G13: 8.13 | H13: 3.16 | I13: 2.42 | J13: 0.34 | K13: 245.51 | L13: 25.15 | M13: 90.32 | N13: 0 | O13: 0 | P13: 0.35 | Q13: 4.78
A14: 29/06/2023 06:00 | B14: 17.18 | C14: 37.31 | D14: 32.14 | E14: 6.5 | F14: 3.43 | G14: 8.16 | H14: 4 | I14: 2.39 | J14: 0.63 | K14: 252.31 | L14: 25.6 | M14: 90.41 | N14: 18.8 | O14: 0 | P14: 0.34 | Q14: 4.79
A15: 29/06/2023 07:00 | B15: 17.7 | C15: 40.38 | D15: 34.12 | E15: 6.3 | F15: 2.82 | G15: 8.14 | H15: 4.31 | I15: 2.42 | J15: 0.84 | K15: 257.05 | L15: 26.3 | M15: 85.21 | N15: 91.9 | O15: 0 | P15: 0.37 | Q15: 4.87
A16: 29/06/2023 08:00 | B16: 17.52 | C16: 38.87 | D16: 33.24 | E16: 6.33 | F16: 3.33 | G16: 6.54 | H16: 4.38 | I16: 2.41 | J16: 0.96 | K16: 253.47 | L16: 27.73 | M16: 84.45 | N16: 148.2 | O16: 0 | P16: 0.36 | Q16: 4.83
A17: 29/06/2023 09:00 | B17: 16.79 | C17: 38.06 | D17: 32.2 | E17: 6.19 | F17: 4.02 | G17: 8.46 | H17: 3.22 | I17: 2.47 | J17: 1.04 | K17: 265.73 | L17: 28.42 | M17: 78.99 | N17: 231.1 | O17: 0 | P17: 0.35 | Q17: 4.73
A18: 29/06/2023 10:00 | B18: 14.79 | C18: 35.73 | D18: 29.1 | E18: 5.63 | F18: 4.65 | G18: 10.17 | H18: 3.28 | I18: 2.4 | J18: 1.14 | K18: 259.82 | L18: 29.28 | M18: 76.63 | N18: 290.1 | O18: 0 | P18: 0.36 | Q18: 4.6
A19: 29/06/2023 11:00 | B19: 12.62 | C19: 36.11 | D19: 26.79 | E19: 6.15 | F19: 5 | G19: 9.14 | H19: 3.97 | I19: 2.35 | J19: 1.27 | K19: 257.02 | L19: 30.11 | M19: 73.11 | N19: 348.9 | O19: 0 | P19: 0.35 | Q19: 4.46
A20: 29/06/2023 12:00 | B20: 10.97 | C20: 30.71 | D20: 23.8 | E20: 6.42 | F20: 7.01 | G20: 9.37 | H20: 4.01 | I20: 2.43 | J20: 0.88 | K20: 251.95 | L20: 29.99 | M20: 73.51 | N20: 300.5 | O20: 0 | P20: 0.33 | Q20: 4.44
... A32: 29/06/2023 24:00 | B32: 9.16 | C32: 32.06 | D32: 22.61 | E32: 6.56 | F32: 10.69 | G32: 10.87 | H32: 8.09 | I32: 3.05 | J32: 0.32 | K32: 240.51 | L32: 28.06 | M32: 80.19 | N32: 0 | O32: 0 | P32: 0.42 | Q32: 4.38
A34: Min | B34: =MIN(B9:B32) -> 6.1 | C34: =MIN(C9:C32) -> 26.86 | D34: =MIN(D9:D32) -> 17.55 | E34: =MIN(E9:E32) -> 5.22 | F34: =MIN(F9:F32) -> 2.82 | G34: =MIN(G9:G32) -> 6.54 | H34: =MIN(H9:H32) -> 2.57 | I34: =MIN(I9:I32) -> 2.33 | ... Q34: =MIN(Q9:Q32) -> 4.04
A35: Max | B35: =MAX(B9:B32) -> 17.7 | C35: =MAX(C9:C32) -> 40.38 | D35: =MAX(D9:D32) -> 34.12 | E35: =MAX(E9:E32) -> 7.13 | F35: =MAX(F9:F32) -> 15.19 | G35: =MAX(G9:G32) -> 14.88 | H35: =MAX(H9:H32) -> 8.09 | I35: =MAX(I9:I32) -> 3.96 | ... Q35: =MAX(Q9:Q32) -> 4.87
A36: Avg | B36: =AVERAGE(B9:B32) -> 11.320833 | C36: =AVERAGE(C9:C32) -> 34.352083 | D36: =AVERAGE(D9:D32) -> 25.822083 | E36: =AVERAGE(E9:E32) -> 6.19375 | F36: =AVERAGE(F9:F32) -> 7.0366667 | G36: =AVERAGE(G9:G32) -> 10.354167 | H36: =AVERAGE(H9:H32) -> 4.7570833 | I36: =AVERAGE(I9:I32) -> 2.665 | ... Q36: =AVERAGE(Q9:Q32) -> 4.4583333
A37: Stdev | B37: =STDEV(B9:B32) -> 4.389417 | C37: =STDEV(C9:C32) -> 4.0432649 | D37: =STDEV(D9:D32) -> 5.4721937 | E37: =STDEV(E9:E32) -> 0.41877474 | F37: =STDEV(F9:F32) -> 3.7687868 | G37: =STDEV(G9:G32) -> 2.1334824 | H37: =STDEV(H9:H32) -> 1.6349458 | I37: =STDEV(I9:I32) -> 0.4531532 | ... Q37: =STDEV(Q9:Q32) -> 0.26448747
A38: Num | B38: =COUNT(B9:B32) -> 24 | C38: =COUNT(C9:C32) -> 24 | D38: =COUNT(D9:D32) -> 24 | E38: =COUNT(E9:E32) -> 24 | F38: =COUNT(F9:F32) -> 24 | G38: =COUNT(G9:G32) -> 24 | H38: =COUNT(H9:H32) -> 24 | I38: =COUNT(I9:I32) -> 24 | ... Q38: =COUNT(Q9:Q32) -> 24
A39: DCR | B39: =IF(B38>=22,">90%",IF(B38<=22,"<90%")) -> >90% | C39: =IF(C38>=22,">90%",IF(C38<=22,"<90%")) -> >90% | D39: =IF(D38>=22,">90%",IF(D38<=22,"<90%")) -> >90% | E39: =IF(E38>=22,">90%",IF(E38<=22,"<90%")) -> >90% | F39: =IF(F38>=22,">90%",IF(F38<=22,"<90%")) -> >90% | G39: =IF(G38>=22,">90%",IF(G38<=22,"<90%")) -> >90% | H39: =IF(H38>=22,">90%",IF(H38<=22,"<90%")) -> >90% | I39: =IF(I38>=22,">90%",IF(I38<=22,"<90%")) -> >90% | ... Q39: =IF(Q38>=22,">90%",IF(Q38<=22,"<90%")) -> >90%
A40: Status | B40: =IF(B38>=22,"OK",IF(B38<=22,"LESS")) -> OK | C40: =IF(C38>=22,"OK",IF(C38<=22,"LESS")) -> OK | D40: =IF(D38>=22,"OK",IF(D38<=22,"LESS")) -> OK | E40: =IF(E38>=22,"OK",IF(E38<=22,"LESS")) -> OK | F40: =IF(F38>=22,"OK",IF(F38<=22,"LESS")) -> OK | G40: =IF(G38>=22,"OK",IF(G38<=22,"LESS")) -> OK | H40: =IF(H38>=22,"OK",IF(H38<=22,"LESS")) -> OK | I40: =IF(I38>=22,"OK",IF(I38<=22,"LESS")) -> OK | ... Q40: =IF(Q38>=22,"OK",IF(Q38<=22,"LESS")) -> OK
A43: Done by | B43: AKASH
A45: Comment

Sheet 30
A1: Station: | B1: IGKV ,RAIPUR
A2: Date: | B2: =$A$9 -> 30/06/2023 01:00 | D2: Power Off | G2: Pw.Off | L2: Link Fail | N2: Link F | P2: Maintenance | R2: Maint.
A3: Report Type: | B3: Mean | D3: Calibration | G3: Calib. | L3: Data Fail | N3: Data F | P3: Invalid | R3: Invalid
A4: Time Base: | B4: 01 Hour | D4: Zero Referrence | G4: Z.Ref | L4: Warm Up | N4: Wm. Up
A7: Date & Time | B7: NO | C7: NO2 | D7: NOX | E7: SO2 | F7: O3 | G7: PM 10 | H7: PM 2.5 | I7: BENZ | J7: WS | K7: WD | L7: TEMP | M7: HUM | N7: SR | O7: RG | P7: CO | Q7: NH3
B8: ug/m3 | C8: ug/m3 | D8: ppb | E8: ug/m3 | F8: ug/m3 | G8: ug/m3 | H8: ug/m3 | I8: ug/m3 | J8: m/sec | K8: deg | L8: degreC | M8: % | N8: w/m2 | O8: mm | P8: mg/m3 | Q8: ug/m3
A9: 30/06/2023 01:00 | B9: 9.04 | C9: 30.65 | D9: 22.13 | E9: 6.96 | F9: 11.85 | G9: 11.1 | H9: 5.82 | I9: 2.9 | J9: 0.3 | K9: 242.27 | L9: 27.97 | M9: 80.44 | N9: 0 | O9: 0 | P9: 0.39 | Q9: 4.4
A10: 30/06/2023 02:00 | B10: 9.94 | C10: 32.17 | D10: 23.74 | E10: 6.88 | F10: 7.92 | G10: 8.68 | H10: 5.64 | I10: 2.82 | J10: 0.44 | K10: 245.73 | L10: 27.65 | M10: 80.2 | N10: 0 | O10: 0 | P10: 0.4 | Q10: 4.43
A11: 30/06/2023 03:00 | B11: 11.02 | C11: 34.64 | D11: 25.65 | E11: 5.6 | F11: 7.47 | G11: 8.24 | H11: 4.05 | I11: 2.89 | J11: 0.68 | K11: 281.16 | L11: 27.59 | M11: 79.4 | N11: 0 | O11: 0 | P11: 0.4 | Q11: 4.47
A12: 30/06/2023 04:00 | B12: 11.38 | C12: 34.67 | D12: 26.16 | E12: 5.78 | F12: 7.32 | G12: 8.26 | H12: 4.47 | I12: 2.97 | J12: 0.55 | K12: 257.72 | L12: 27.56 | M12: 82.06 | N12: 0 | O12: 0 | P12: 0.41 | Q12: 4.52
A13: 30/06/2023 05:00 | B13: 11.87 | C13: 35.43 | D13: 26.98 | E13: 5.48 | F13: 8.19 | G13: 8 | H13: 5.8 | I13: 3.21 | J13: 0.43 | K13: 258.18 | L13: 26.79 | M13: 85.98 | N13: 0 | O13: 0 | P13: 0.42 | Q13: 4.52
A14: 30/06/2023 06:00 | B14: 12.23 | C14: 36.13 | D14: 27.64 | E14: 5.94 | F14: 6.49 | G14: 9.87 | H14: 4.42 | I14: 3.4 | J14: 0.16 | K14: 230.84 | L14: 26.19 | M14: 88.73 | N14: 23.9 | O14: 0 | P14: 0.43 | Q14: 4.56
A15: 30/06/2023 07:00 | B15: 13.54 | C15: 34.64 | D15: 27.44 | E15: 6.01 | F15: 5.08 | G15: 10.86 | H15: 4.4 | I15: 3.37 | J15: 0.66 | K15: 247.99 | L15: 27.51 | M15: 88.12 | N15: 78.2 | O15: 0 | P15: 0.41 | Q15: 4.62
A16: 30/06/2023 08:00 | B16: 13.89 | C16: 37.75 | D16: 29.82 | E16: 6.19 | F16: 5.06 | G16: 9.46 | H16: 5.08 | I16: 3.47 | J16: 1.06 | K16: 263.68 | L16: 28.42 | M16: 80.72 | N16: 179.8 | O16: 0 | P16: 0.43 | Q16: 4.68
A17: 30/06/2023 09:00 | B17: 13.25 | C17: 35.94 | D17: 28.36 | E17: 5.85 | F17: 4.54 | G17: 10.96 | H17: 3.94 | I17: 3.51 | J17: 1.37 | K17: 263.37 | L17: 28.67 | M17: 72.15 | N17: 194.1 | O17: 0 | P17: 0.43 | Q17: 4.61
A18: 30/06/2023 10:00 | B18: 11.65 | C18: 34.74 | D18: 26.45 | E18: 5.75 | F18: 5.28 | G18: 12.4 | H18: 4.11 | I18: 3.43 | J18: 1.13 | K18: 266.12 | L18: 29.29 | M18: 71.36 | N18: 263.2 | O18: 0 | P18: 0.43 | Q18: 4.51
A19: 30/06/2023 11:00 | B19: 9.41 | C19: 34.61 | D19: 24.43 | E19: 5.32 | F19: 5.58 | G19: 12.43 | H19: 4.06 | I19: 3.27 | J19: 1.19 | K19: 253.77 | L19: 29.59 | M19: 70.01 | N19: 322.4 | O19: 0 | P19: 0.41 | Q19: 4.35
A20: 30/06/2023 12:00 | B20: 8.71 | C20: 34.12 | D20: 22.86 | E20: 5.03 | F20: 5.85 | G20: 11.69 | H20: 4.16 | I20: 3.31 | J20: 1.04 | K20: 261.7 | L20: 29.78 | M20: 67.32 | N20: 324.9 | O20: 0 | P20: 0.41 | Q20: 4.26
... A32: 30/06/2023 24:00 | B32: 9 | C32: 33.56 | D32: 23.39 | E32: 7.24 | F32: 7.13 | G32: 24.23 | H32: 7.36 | I32: 3.8 | J32: 0.13 | K32: 222.71 | L32: 27.44 | M32: 85.81 | N32: 0 | O32: 0 | P32: 0.49 | Q32: 4.4
A34: Min | B34: =MIN(B9:B32) -> 4.6 | C34: =MIN(C9:C32) -> 27.16 | D34: =MIN(D9:D32) -> 16.77 | E34: =MIN(E9:E32) -> 4.47 | F34: =MIN(F9:F32) -> 4.54 | G34: =MIN(G9:G32) -> 8 | H34: =MIN(H9:H32) -> 3.41 | I34: =MIN(I9:I32) -> 2.76 | ... Q34: =MIN(Q9:Q32) -> 3.98
A35: Max | B35: =MAX(B9:B32) -> 13.89 | C35: =MAX(C9:C32) -> 37.75 | D35: =MAX(D9:D32) -> 29.82 | E35: =MAX(E9:E32) -> 7.53 | F35: =MAX(F9:F32) -> 19.69 | G35: =MAX(G9:G32) -> 24.23 | H35: =MAX(H9:H32) -> 7.36 | I35: =MAX(I9:I32) -> 3.8 | ... Q35: =MAX(Q9:Q32) -> 4.68
A36: Avg | B36: =AVERAGE(B9:B32) -> 8.80625 | C36: =AVERAGE(C9:C32) -> 32.967917 | D36: =AVERAGE(D9:D32) -> 23.121667 | E36: =AVERAGE(E9:E32) -> 5.9716667 | F36: =AVERAGE(F9:F32) -> 9.1804167 | G36: =AVERAGE(G9:G32) -> 12.7825 | H36: =AVERAGE(H9:H32) -> 5.17875 | I36: =AVERAGE(I9:I32) -> 3.1595833 | ... Q36: =AVERAGE(Q9:Q32) -> 4.33625
A37: Stdev | B37: =STDEV(B9:B32) -> 2.9969518 | C37: =STDEV(C9:C32) -> 2.6666621 | D37: =STDEV(D9:D32) -> 3.6207886 | E37: =STDEV(E9:E32) -> 0.86466212 | F37: =STDEV(F9:F32) -> 4.2406362 | G37: =STDEV(G9:G32) -> 3.9751798 | H37: =STDEV(H9:H32) -> 1.1090784 | I37: =STDEV(I9:I32) -> 0.28254248 | ... Q37: =STDEV(Q9:Q32) -> 0.19905893
A38: Num | B38: =COUNT(B9:B32) -> 24 | C38: =COUNT(C9:C32) -> 24 | D38: =COUNT(D9:D32) -> 24 | E38: =COUNT(E9:E32) -> 24 | F38: =COUNT(F9:F32) -> 24 | G38: =COUNT(G9:G32) -> 24 | H38: =COUNT(H9:H32) -> 24 | I38: =COUNT(I9:I32) -> 24 | ... Q38: =COUNT(Q9:Q32) -> 24
A39: DCR | B39: =IF(B38>=22,">90%",IF(B38<=22,"<90%")) -> >90% | C39: =IF(C38>=22,">90%",IF(C38<=22,"<90%")) -> >90% | D39: =IF(D38>=22,">90%",IF(D38<=22,"<90%")) -> >90% | E39: =IF(E38>=22,">90%",IF(E38<=22,"<90%")) -> >90% | F39: =IF(F38>=22,">90%",IF(F38<=22,"<90%")) -> >90% | G39: =IF(G38>=22,">90%",IF(G38<=22,"<90%")) -> >90% | H39: =IF(H38>=22,">90%",IF(H38<=22,"<90%")) -> >90% | I39: =IF(I38>=22,">90%",IF(I38<=22,"<90%")) -> >90% | ... Q39: =IF(Q38>=22,">90%",IF(Q38<=22,"<90%")) -> >90%
A40: Status | B40: =IF(B38>=22,"OK",IF(B38<=22,"LESS")) -> OK | C40: =IF(C38>=22,"OK",IF(C38<=22,"LESS")) -> OK | D40: =IF(D38>=22,"OK",IF(D38<=22,"LESS")) -> OK | E40: =IF(E38>=22,"OK",IF(E38<=22,"LESS")) -> OK | F40: =IF(F38>=22,"OK",IF(F38<=22,"LESS")) -> OK | G40: =IF(G38>=22,"OK",IF(G38<=22,"LESS")) -> OK | H40: =IF(H38>=22,"OK",IF(H38<=22,"LESS")) -> OK | I40: =IF(I38>=22,"OK",IF(I38<=22,"LESS")) -> OK | ... Q40: =IF(Q38>=22,"OK",IF(Q38<=22,"LESS")) -> OK
A43: Done by | B43: AKASH
A45: Comment

Sheet MONTHLY 31
A1: Station: | B1: IGKV, RAIPUR
A2: Date: | B2: =$A$9 -> 45078.042 | D2: Power Off | G2: Pw.Off | L2: Link Fail | N2: Link F | P2: Maintenance | R2: Maint.
A3: Report Type: | B3: Mean | D3: Calibration | G3: Calib. | L3: Data Fail | N3: Data F | P3: Invalid | R3: Invalid
A4: Time Base: | B4: 24 HRS | D4: Zero Referrence | G4: Z.Ref | L4: Warm Up | N4: Wm. Up
A7: Date & Time | B7: NO | C7: NO2 | D7: NOX | E7: SO2 | F7: O3 | G7: PM 10 | H7: PM 2.5 | I7: BENZ | J7: WS | K7: WD | L7: TEMP | M7: HUM | N7: SR | O7: RG | P7: CO | Q7: NH3
B8: ug/m3 | C8: ug/m3 | D8: ppb | E8: ug/m3 | F8: ug/m3 | G8: ug/m3 | H8: ug/m3 | I8: ug/m3 | J8: m/sec | K8: deg | L8: degreC | M8: % | N8: w/m2 | O8: mm | P8: mg/m3 | Q8: ug/m3
A9: ='01'!$B$2 -> 45078.042 | B9: ='01'!B36 -> 26.481667 | C9: ='01'!C36 -> 63.257083 | D9: ='01'!D36 -> 52.53375 | E9: ='01'!E36 -> 15.250833 | F9: ='01'!F36 -> 19.224583 | G9: ='01'!G36 -> 99.514167 | H9: ='01'!H36 -> 30.383333 | I9: ='01'!I36 -> 7.4270833 | ... Q9: ='01'!Q36 -> 6.0833333
A10: ='02'!$B$2 -> 02/06/2023 01:00 | B10: ='02'!B36 -> 29.46125 | C10: ='02'!C36 -> 59.095 | D10: ='02'!D36 -> 53.214167 | E10: ='02'!E36 -> 22.662083 | F10: ='02'!F36 -> 24.888333 | G10: ='02'!G36 -> 103.01708 | H10: ='02'!H36 -> 44.930833 | I10: ='02'!I36 -> 8.3358333 | ... Q10: ='02'!Q36 -> 6.0995833
A11: ='03'!$B$2 -> 03/06/2023 01:00 | B11: ='03'!B36 -> 24.02 | C11: ='03'!C36 -> 61.845 | D11: ='03'!D36 -> 50.322917 | E11: ='03'!E36 -> 22.315833 | F11: ='03'!F36 -> 24.739583 | G11: ='03'!G36 -> 96.346667 | H11: ='03'!H36 -> 41.160833 | I11: ='03'!I36 -> 7.8933333 | ... Q11: ='03'!Q36 -> 5.8658333
A12: ='04'!$B$2 -> 04/06/2023 01:00 | B12: ='04'!B36 -> 20.107083 | C12: ='04'!C36 -> 58.096667 | D12: ='04'!D36 -> 45.147083 | E12: ='04'!E36 -> 25.645 | F12: ='04'!F36 -> 31.565833 | G12: ='04'!G36 -> 96.30125 | H12: ='04'!H36 -> 62.550417 | I12: ='04'!I36 -> 7.8895833 | ... Q12: ='04'!Q36 -> 5.8079167
A13: ='05'!$B$2 -> 05/06/2023 01:00 | B13: ='05'!B36 -> 7.0308333 | C13: ='05'!C36 -> 54.27 | D13: ='05'!D36 -> 32.824583 | E13: ='05'!E36 -> 16.044167 | F13: ='05'!F36 -> 31.883333 | G13: ='05'!G36 -> 75.55625 | H13: ='05'!H36 -> 36.527917 | I13: ='05'!I36 -> 5.3645833 | ... Q13: ='05'!Q36 -> 5.0345833
A14: ='06'!$B$2 -> 06/06/2023 01:00 | B14: ='06'!B36 -> 15.47875 | C14: ='06'!C36 -> 60.025417 | D14: ='06'!D36 -> 42.40375 | E14: ='06'!E36 -> 10.9225 | F14: ='06'!F36 -> 24.028333 | G14: ='06'!G36 -> 58.065833 | H14: ='06'!H36 -> 31.341667 | I14: ='06'!I36 -> 5.8108333 | ... Q14: ='06'!Q36 -> 5.5304167
A15: ='07'!$B$2 -> 07/06/2023 01:00 | B15: ='07'!B36 -> 27.915833 | C15: ='07'!C36 -> 63.234167 | D15: ='07'!D36 -> 53.469583 | E15: ='07'!E36 -> 28.435 | F15: ='07'!F36 -> 28.194167 | G15: ='07'!G36 -> 108.22 | H15: ='07'!H36 -> 50.226667 | I15: ='07'!I36 -> 9.2458333 | ... Q15: ='07'!Q36 -> 6.2283333
A16: ='08'!$B$2 -> 08/06/2023 01:00 | B16: ='08'!B36 -> 16.595417 | C16: ='08'!C36 -> 61.141667 | D16: ='08'!D36 -> 44.009583 | E16: ='08'!E36 -> 17.600417 | F16: ='08'!F36 -> 27.539583 | G16: ='08'!G36 -> 81.588333 | H16: ='08'!H36 -> 37.320833 | I16: ='08'!I36 -> 7.5125 | ... Q16: ='08'!Q36 -> 5.735
A17: ='09'!$B$2 -> 09/06/2023 01:00 | B17: ='09'!B36 -> 22.249167 | C17: ='09'!C36 -> 59.379167 | D17: ='09'!D36 -> 47.471667 | E17: ='09'!E36 -> 20.4625 | F17: ='09'!F36 -> 23.714583 | G17: ='09'!G36 -> 91.31 | H17: ='09'!H36 -> 38.417083 | I17: ='09'!I36 -> 8.2466667 | ... Q17: ='09'!Q36 -> 5.9475
A18: ='10'!$B$2 -> 10/06/2023 01:00 | B18: ='10'!B36 -> 17.698333 | C18: ='10'!C36 -> 55.057917 | D18: ='10'!D36 -> 41.782917 | E18: ='10'!E36 -> 16.862917 | F18: ='10'!F36 -> 24.282917 | G18: ='10'!G36 -> 71.055 | H18: ='10'!H36 -> 30.159167 | I18: ='10'!I36 -> 7.8608333 | ... Q18: ='10'!Q36 -> 5.70625
A19: ='11'!$B$2 -> 11/06/2023 01:00 | B19: ='11'!B36 -> 8.9825 | C19: ='11'!C36 -> 50.890833 | D19: ='11'!D36 -> 32.58 | E19: ='11'!E36 -> 9.8254167 | F19: ='11'!F36 -> 21.9375 | G19: ='11'!G36 -> 42.340417 | H19: ='11'!H36 -> 18.720833 | I19: ='11'!I36 -> 4.7508333 | ... Q19: ='11'!Q36 -> 5.1183333
A20: ='12'!$B$2 -> 12/06/2023 01:00 | B20: ='12'!B36 -> 10.032083 | C20: ='12'!C36 -> 52.185417 | D20: ='12'!D36 -> 34.099583 | E20: ='12'!E36 -> 13.631667 | F20: ='12'!F36 -> 26.079167 | G20: ='12'!G36 -> 43.580417 | H20: ='12'!H36 -> 17.624167 | I20: ='12'!I36 -> 6.2158333 | ... Q20: ='12'!Q36 -> 5.3025
A21: ='13'!$B$2 -> 13/06/2023 01:00 | B21: ='13'!B36 -> 9.4708333 | C21: ='13'!C36 -> 47.845 | D21: ='13'!D36 -> 31.247917 | E21: ='13'!E36 -> 10.09875 | F21: ='13'!F36 -> 22.215 | G21: ='13'!G36 -> 40.977917 | H21: ='13'!H36 -> 17.75625 | I21: ='13'!I36 -> 4.69 | ... Q21: ='13'!Q36 -> 5.0904167
A22: ='14'!$B$2 -> 14/06/2023 01:00 | B22: ='14'!B36 -> 12.455417 | C22: ='14'!C36 -> 44.6125 | D22: ='14'!D36 -> 32.050417 | E22: ='14'!E36 -> 8.75125 | F22: ='14'!F36 -> 17.649167 | G22: ='14'!G36 -> 43.727273 | H22: ='14'!H36 -> 14.313636 | I22: ='14'!I36 -> 4.6470833 | ... Q22: ='14'!Q36 -> 5.0729167
A23: ='15'!$B$2 -> 15/06/2023 01:00 | B23: ='15'!B36 -> 21.773333 | C23: ='15'!C36 -> 46.225 | D23: ='15'!D36 -> 40.342083 | E23: ='15'!E36 -> 12.342917 | F23: ='15'!F36 -> 13.64375 | G23: ='15'!G36 -> 55.067917 | H23: ='15'!H36 -> 19.229583 | I23: ='15'!I36 -> 6.1241667 | ... Q23: ='15'!Q36 -> 5.51
A24: ='16'!$B$2 -> 16/06/2023 01:00 | B24: ='16'!B36 -> 15.5325 | C24: ='16'!C36 -> 41.178333 | D24: ='16'!D36 -> 32.717917 | E24: ='16'!E36 -> 11.2 | F24: ='16'!F36 -> 18.06 | G24: ='16'!G36 -> 57.38625 | H24: ='16'!H36 -> 22.2325 | I24: ='16'!I36 -> 6.1629167 | ... Q24: ='16'!Q36 -> 5.2795833
A25: ='17'!$B$2 -> 17/06/2023 01:00 | B25: ='17'!B36 -> 11.5175 | C25: ='17'!C36 -> 43.059583 | D25: ='17'!D36 -> 30.474167 | E25: ='17'!E36 -> 13.577917 | F25: ='17'!F36 -> 20.38 | G25: ='17'!G36 -> 55.449167 | H25: ='17'!H36 -> 21.187083 | I25: ='17'!I36 -> 7.2604167 | ... Q25: ='17'!Q36 -> 5.13
A26: ='18'!$B$2 -> 18/06/2023 01:00 | B26: ='18'!B36 -> 10.229167 | C26: ='18'!C36 -> 40.34125 | D26: ='18'!D36 -> 28.13125 | E26: ='18'!E36 -> 9.575 | F26: ='18'!F36 -> 22.052083 | G26: ='18'!G36 -> 56.689167 | H26: ='18'!H36 -> 18.653333 | I26: ='18'!I36 -> 5.02 | ... Q26: ='18'!Q36 -> 4.8633333
A27: ='19'!$B$2 -> 19/06/2023 01:00 | B27: ='19'!B36 -> 9.8833333 | C27: ='19'!C36 -> 39.051667 | D27: ='19'!D36 -> 27.14875 | E27: ='19'!E36 -> 17.72 | F27: ='19'!F36 -> 23.205 | G27: ='19'!G36 -> 74.959583 | H27: ='19'!H36 -> 26.11125 | I27: ='19'!I36 -> 5.7679167 | ... Q27: ='19'!Q36 -> 4.8525
A28: ='20'!$B$2 -> 20/06/2023 01:00 | B28: ='20'!B36 -> 7.7804167 | C28: ='20'!C36 -> 36.805833 | D28: ='20'!D36 -> 24.274583 | E28: ='20'!E36 -> 12.389167 | F28: ='20'!F36 -> 21.9475 | G28: ='20'!G36 -> 59.27625 | H28: ='20'!H36 -> 19.074583 | I28: ='20'!I36 -> 4.25875 | ... Q28: ='20'!Q36 -> 4.7383333
A29: ='21'!$B$2 -> 21/06/2023 01:00 | B29: ='21'!B36 -> 8.2695833 | C29: ='21'!C36 -> 36.97125 | D29: ='21'!D36 -> 24.809167 | E29: ='21'!E36 -> 8.0575 | F29: ='21'!F36 -> 19.1925 | G29: ='21'!G36 -> 35.93625 | H29: ='21'!H36 -> 14.579583 | I29: ='21'!I36 -> 3.9845833 | ... Q29: ='21'!Q36 -> 4.5154167
A30: ='22'!$B$2 -> 22/06/2023 01:00 | B30: ='22'!B36 -> 11.625417 | C30: ='22'!C36 -> 42.91875 | D30: ='22'!D36 -> 30.537917 | E30: ='22'!E36 -> 8.4041667 | F30: ='22'!F36 -> 14.100833 | G30: ='22'!G36 -> 28.25625 | H30: ='22'!H36 -> 14.197917 | I30: ='22'!I36 -> 4.5591667 | ... Q30: ='22'!Q36 -> 4.7629167
A31: ='23'!$B$2 -> 23/06/2023 01:00 | B31: ='23'!B36 -> 12.769583 | C31: ='23'!C36 -> 42.422917 | D31: ='23'!D36 -> 31.187917 | E31: ='23'!E36 -> 7.6070833 | F31: ='23'!F36 -> 9.98625 | G31: ='23'!G36 -> 20.298636 | H31: ='23'!H36 -> 7.5272727 | I31: ='23'!I36 -> 4.8395833 | ... Q31: ='23'!Q36 -> 4.7404167
A32: ='24'!$B$2 -> 24/06/2023 01:00 | B32: ='24'!B36 -> 10.5675 | C32: ='24'!C36 -> 38.930417 | D32: ='24'!D36 -> 27.689583 | E32: ='24'!E36 -> 9.0604167 | F32: ='24'!F36 -> 11.5675 | G32: ='24'!G36 -> 27.444167 | H32: ='24'!H36 -> 10.614167 | I32: ='24'!I36 -> 5.1404167 | ... Q32: ='24'!Q36 -> 4.5545833
A33: ='25'!$B$2 -> 25/06/2023 01:00 | B33: ='25'!B36 -> 17.13625 | C33: ='25'!C36 -> 41.740417 | D33: ='25'!D36 -> 34.288333 | E33: ='25'!E36 -> 5.7495833 | F33: ='25'!F36 -> 6.4016667 | G33: ='25'!G36 -> 19.809167 | H33: ='25'!H36 -> 11.114583 | I33: ='25'!I36 -> 4.6995833 | ... Q33: ='25'!Q36 -> 4.8858333
A34: ='26'!$B$2 -> 26/06/2023 01:00 | B34: ='26'!B36 -> 11.894583 | C34: ='26'!C36 -> 41.72 | D34: ='26'!D36 -> 30.140417 | E34: ='26'!E36 -> 5.4533333 | F34: ='26'!F36 -> 5.69375 | G34: ='26'!G36 -> 11.78 | H34: ='26'!H36 -> 5.1733333 | I34: ='26'!I36 -> 4.0970833 | ... Q34: ='26'!Q36 -> 4.6229167
A35: ='27'!$B$2 -> 27/06/2023 01:00 | B35: ='27'!B36 -> 10.402083 | C35: ='27'!C36 -> 38.927917 | D35: ='27'!D36 -> 27.510417 | E35: ='27'!E36 -> 5.1820833 | F35: ='27'!F36 -> 4.5820833 | G35: ='27'!G36 -> 1.90625 | H35: ='27'!H36 -> 0.65791667 | I35: ='27'!I36 -> 2.4508333 | ... Q35: ='27'!Q36 -> 4.46625
