Workbook

Sheet 01
A1: Station: | B1: IGKV ,RAIPUR
A2: Date: | B2: =$A$9 -> 45505.042 | D2: Power Off | G2: Pw.Off | L2: Link Fail | N2: Link F | P2: Maintenance | R2: Maint.
A3: Report Type: | B3: Mean | D3: Calibration | G3: Calib. | L3: Data Fail | N3: Data F | P3: Invalid | R3: Invalid
A4: Time Base: | B4: 01 Hour | D4: Zero Referrence | G4: Z.Ref | L4: Warm Up | N4: Wm. Up
A7: Date & Time | B7: NO | C7: NO2 | D7: NOX | E7: SO2 | F7: O3 | G7: PM 10 | H7: PM 2.5 | I7: BENZ | J7: WS | K7: WD | L7: TEMP | M7: HUM | N7: SR | O7: RG | P7: CO | Q7: NH3
B8: ug/m3 | C8: ug/m3 | D8: ppb | E8: ug/m3 | F8: ug/m3 | G8: ug/m3 | H8: ug/m3 | I8: ug/m3 | J8: m/sec | K8: deg | L8: degreC | M8: % | N8: w/m2 | O8: mm | P8: mg/m3 | Q8: ug/m3
A9: 45505.042 | B9: 9.23 | C9: 4.17 | D9: 14 | E9: 11.79 | F9: 4.44 | G9: 24.01 | H9: 10.42 | I9: 4.19 | J9: 0.79 | K9: 280.75 | L9: 25.28 | M9: 109.33 | N9: 2.9 | O9: 0 | P9: 0.4 | Q9: 4.68
A10: 45505.083 | B10: 9.2 | C10: 4.17 | D10: 14 | E10: 11.42 | F10: 4.24 | G10: 24.01 | H10: 10.42 | I10: 4.12 | J10: 0.8 | K10: 279.59 | L10: 24.8 | M10: 105.58 | N10: 3.5 | O10: 0.2 | P10: 0.38 | Q10: 4.66
A11: 45505.125 | B11: 9.21 | C11: 4.19 | D11: 14 | E11: 10.7 | F11: 4.52 | G11: 19.83 | H11: 10.09 | I11: 4 | J11: 0.44 | K11: 276.88 | L11: 24.77 | M11: 102.91 | N11: 2.5 | O11: 0 | P11: 0.36 | Q11: 4.68
A12: 45505.167 | B12: 9.18 | C12: 4.22 | D12: 14 | E12: 10.52 | F12: 4.55 | G12: 13.99 | H12: 7.43 | I12: 3.84 | J12: 0.24 | K12: 270.05 | L12: 24.95 | M12: 102.62 | N12: 2.5 | O12: 0 | P12: 0.33 | Q12: 4.67
A13: 45505.208 | B13: 9.15 | C13: 4.28 | D13: 14 | E13: 11.12 | F13: 4.9 | G13: 11.36 | H13: 5.93 | I13: 3.76 | J13: 0.26 | K13: 271.12 | L13: 25.12 | M13: 103.78 | N13: 2.5 | O13: 0 | P13: 0.28 | Q13: 4.68
A14: 45505.25 | B14: 9.15 | C14: 4.27 | D14: 14 | E14: 11.62 | F14: 4.22 | G14: 10.95 | H14: 4.95 | I14: 3.51 | J14: 0.36 | K14: 278.55 | L14: 25.22 | M14: 104.36 | N14: 13.1 | O14: 0.4 | P14: 0.26 | Q14: 4.68
A15: 45505.292 | B15: 9.18 | C15: 4.2 | D15: 14 | E15: 12.16 | F15: 4.65 | G15: 10.95 | H15: 4.34 | I15: 3.55 | J15: 0.64 | K15: 277.09 | L15: 25.52 | M15: 102.78 | N15: 44.8 | O15: 0.2 | P15: 0.25 | Q15: 4.67
A16: 45505.333 | B16: 9.2 | C16: 4.19 | D16: 14 | E16: 12.68 | F16: 3.75 | G16: 18.87 | H16: 3.39 | I16: 3.33 | J16: 0.81 | K16: 278.91 | L16: 25.77 | M16: 99.16 | N16: 95.5 | O16: 0 | P16: 0.25 | Q16: 4.67
A17: 45505.375 | B17: 9.2 | C17: 4.17 | D17: 14 | E17: 13.3 | F17: 4.13 | G17: 21.65 | H17: 3.31 | I17: 3.23 | J17: 0.95 | K17: 280.56 | L17: 25.99 | M17: 97.31 | N17: 137.9 | O17: 0 | P17: 0.28 | Q17: 4.67
A18: 45505.417 | B18: 9.18 | C18: 4.23 | D18: 14 | E18: 13.06 | F18: 6.15 | G18: 21.65 | H18: 4.84 | I18: 3.2 | J18: 0.98 | K18: 284.4 | L18: 26.16 | M18: 97.48 | N18: 109.6 | O18: 0 | P18: 0.29 | Q18: 4.67
A19: 45505.458 | B19: 9.17 | C19: 4.23 | D19: 14 | E19: 9.21 | F19: 5.41 | G19: 15.78 | H19: 9.59 | I19: 3.19 | J19: 1.03 | K19: 280.79 | L19: 26.63 | M19: 94.29 | N19: 140.7 | O19: 0 | P19: 0.27 | Q19: 4.67
A20: 45505.5 | B20: 9.18 | C20: 4.23 | D20: 14 | E20: 9.03 | F20: 5.53 | G20: 14.88 | H20: 9.59 | I20: 3.37 | J20: 0.95 | K20: 284.6 | L20: 26.71 | M20: 92.32 | N20: 132.3 | O20: 0 | P20: 0.28 | Q20: 4.68
... A32: 45506 | B32: 9.23 | C32: 4.26 | D32: 14 | E32: 9.43 | F32: 5.55 | G32: 26.12 | H32: 16.73 | I32: 3.7 | J32: 0.33 | K32: 275.68 | L32: 25.72 | M32: 96.57 | N32: 2.4 | O32: 0.2 | P32: 0.34 | Q32: 4.67
A34: Min | B34: =MIN(B9:B32) -> 9.14 | C34: =MIN(C9:C32) -> 4.1 | D34: =MIN(D9:D32) -> 14 | E34: =MIN(E9:E32) -> 8.58 | F34: =MIN(F9:F32) -> 3.75 | G34: =MIN(G9:G32) -> 10.95 | H34: =MIN(H9:H32) -> 3.31 | I34: =MIN(I9:I32) -> 3.19 | ... Q34: =MIN(Q9:Q32) -> 4.65
A35: Max | B35: =MAX(B9:B32) -> 9.25 | C35: =MAX(C9:C32) -> 4.28 | D35: =MAX(D9:D32) -> 14 | E35: =MAX(E9:E32) -> 13.3 | F35: =MAX(F9:F32) -> 6.15 | G35: =MAX(G9:G32) -> 33.67 | H35: =MAX(H9:H32) -> 16.73 | I35: =MAX(I9:I32) -> 4.25 | ... Q35: =MAX(Q9:Q32) -> 4.68
A36: Avg | B36: =AVERAGE(B9:B32) -> 9.1983333 | C36: =AVERAGE(C9:C32) -> 4.1966667 | D36: =AVERAGE(D9:D32) -> 14 | E36: =AVERAGE(E9:E32) -> 10.563333 | F36: =AVERAGE(F9:F32) -> 4.83125 | G36: =AVERAGE(G9:G32) -> 20.59625 | H36: =AVERAGE(H9:H32) -> 10.121667 | I36: =AVERAGE(I9:I32) -> 3.7095833 | ... Q36: =AVERAGE(Q9:Q32) -> 4.67
A37: Stdev | B37: =STDEV(B9:B32) -> 0.03239252 | C37: =STDEV(C9:C32) -> 0.05738252 | D37: =STDEV(D9:D32) -> 0 | E37: =STDEV(E9:E32) -> 1.3861698 | F37: =STDEV(F9:F32) -> 0.62980544 | G37: =STDEV(G9:G32) -> 6.1172172 | H37: =STDEV(H9:H32) -> 4.475743 | I37: =STDEV(I9:I32) -> 0.33233664 | ... Q37: =STDEV(Q9:Q32) -> 0.007801895
A38: Num | B38: =COUNT(B9:B32) -> 24 | C38: =COUNT(C9:C32) -> 24 | D38: =COUNT(D9:D32) -> 24 | E38: =COUNT(E9:E32) -> 24 | F38: =COUNT(F9:F32) -> 24 | G38: =COUNT(G9:G32) -> 24 | H38: =COUNT(H9:H32) -> 24 | I38: =COUNT(I9:I32) -> 24 | ... Q38: =COUNT(Q9:Q32) -> 24
A39: DCR | B39: =IF(B38>=22,">90%",IF(B38<=22,"<90%")) -> >90% | C39: =IF(C38>=22,">90%",IF(C38<=22,"<90%")) -> >90% | D39: =IF(D38>=22,">90%",IF(D38<=22,"<90%")) -> >90% | E39: =IF(E38>=22,">90%",IF(E38<=22,"<90%")) -> >90% | F39: =IF(F38>=22,">90%",IF(F38<=22,"<90%")) -> >90% | G39: =IF(G38>=22,">90%",IF(G38<=22,"<90%")) -> >90% | H39: =IF(H38>=22,">90%",IF(H38<=22,"<90%")) -> >90% | I39: =IF(I38>=22,">90%",IF(I38<=22,"<90%")) -> >90% | ... Q39: =IF(Q38>=22,">90%",IF(Q38<=22,"<90%")) -> >90%
A40: Status | B40: =IF(B38>=22,"OK",IF(B38<=22,"LESS")) -> OK | C40: =IF(C38>=22,"OK",IF(C38<=22,"LESS")) -> OK | D40: =IF(D38>=22,"OK",IF(D38<=22,"LESS")) -> OK | E40: =IF(E38>=22,"OK",IF(E38<=22,"LESS")) -> OK | F40: =IF(F38>=22,"OK",IF(F38<=22,"LESS")) -> OK | G40: =IF(G38>=22,"OK",IF(G38<=22,"LESS")) -> OK | H40: =IF(H38>=22,"OK",IF(H38<=22,"LESS")) -> OK | I40: =IF(I38>=22,"OK",IF(I38<=22,"LESS")) -> OK | ... Q40: =IF(Q38>=22,"OK",IF(Q38<=22,"LESS")) -> OK
A43: Done by | B43: AKASH
A45: Comment

Sheet 02
A1: Station: | B1: IGKV ,RAIPUR
A2: Date: | B2: =$A$9 -> 45506.042 | D2: Power Off | G2: Pw.Off | L2: Link Fail | N2: Link F | P2: Maintenance | R2: Maint.
A3: Report Type: | B3: Mean | D3: Calibration | G3: Calib. | L3: Data Fail | N3: Data F | P3: Invalid | R3: Invalid
A4: Time Base: | B4: 01 Hour | D4: Zero Referrence | G4: Z.Ref | L4: Warm Up | N4: Wm. Up
A7: Date & Time | B7: NO | C7: NO2 | D7: NOX | E7: SO2 | F7: O3 | G7: PM 10 | H7: PM 2.5 | I7: BENZ | J7: WS | K7: WD | L7: TEMP | M7: HUM | N7: SR | O7: RG | P7: CO | Q7: NH3
B8: ug/m3 | C8: ug/m3 | D8: ppb | E8: ug/m3 | F8: ug/m3 | G8: ug/m3 | H8: ug/m3 | I8: ug/m3 | J8: m/sec | K8: deg | L8: degreC | M8: % | N8: w/m2 | O8: mm | P8: mg/m3 | Q8: ug/m3
A9: 45506.042 | B9: 9.23 | C9: 4.2 | D9: 14 | E9: 10 | F9: 4.28 | G9: 29.64 | H9: 12.47 | I9: 3.47 | J9: 0.78 | K9: 282.84 | L9: 25.29 | M9: 101.61 | N9: 2.8 | O9: 5.8 | P9: 0.33 | Q9: 4.67
A10: 45506.083 | B10: 9.21 | C10: 4.21 | D10: 14 | E10: 10.46 | F10: 4.15 | G10: 30.23 | H10: 10.31 | I10: 3.39 | J10: 0.65 | K10: 278.72 | L10: 24.72 | M10: 101.78 | N10: 2.6 | O10: 0.2 | P10: 0.32 | Q10: 4.67
A11: 45506.125 | B11: 9.21 | C11: 4.16 | D11: 14 | E11: 9.01 | F11: 4.02 | G11: 30.23 | H11: 14.69 | I11: 3.36 | J11: 0.77 | K11: 279.88 | L11: 24.56 | M11: 102.58 | N11: 2.9 | O11: 0.2 | P11: 0.32 | Q11: 4.67
A12: 45506.167 | B12: 9.22 | C12: 4.15 | D12: 14 | E12: 9.71 | F12: 3.71 | G12: 23.14 | H12: 14.69 | I12: 3.22 | J12: 0.84 | K12: 278.99 | L12: 24.61 | M12: 102.51 | N12: 3 | O12: 0.2 | P12: 0.34 | Q12: 4.66
A13: 45506.208 | B13: 9.22 | C13: 4.25 | D13: 14 | E13: 9.7 | F13: 3.93 | G13: 16.91 | H13: 10.89 | I13: 3.18 | J13: 0.7 | K13: 281.24 | L13: 24.5 | M13: 102.72 | N13: 2.6 | O13: 0 | P13: 0.35 | Q13: 4.67
A14: 45506.25 | B14: 9.11 | C14: 4.32 | D14: 14 | E14: 8.2 | F14: 3.65 | G14: 12.49 | H14: 8.51 | I14: 3.27 | J14: 0.7 | K14: 280.35 | L14: 24.46 | M14: 101.37 | N14: 6.8 | O14: 0.2 | P14: 0.34 | Q14: 4.68
A15: 45506.292 | B15: 9.11 | C15: 4.31 | D15: 14 | E15: 7.41 | F15: 3.66 | G15: 12.04 | H15: 8.04 | I15: 3.3 | J15: 0.81 | K15: 281.79 | L15: 24.34 | M15: 101.77 | N15: 25.1 | O15: 0.6 | P15: 0.33 | Q15: 4.67
A16: 45506.333 | B16: 9.09 | C16: 4.35 | D16: 14 | E16: 6.7 | F16: 3.78 | G16: 10.77 | H16: 6.09 | I16: 3.37 | J16: 0.86 | K16: 280.34 | L16: 24.36 | M16: 101.8 | N16: 41.8 | O16: 0.4 | P16: 0.32 | Q16: 4.69
A17: 45506.375 | B17: 9.16 | C17: 4.34 | D17: 14 | E17: 6.51 | F17: 5.18 | G17: 10.77 | H17: 5.08 | I17: 3.36 | J17: 1.04 | K17: 281.63 | L17: 24.93 | M17: 101.52 | N17: 110.6 | O17: 0.2 | P17: 0.33 | Q17: 4.67
A18: 45506.417 | B18: 9.17 | C18: 4.24 | D18: 14 | E18: 7.45 | F18: 3.69 | G18: 14.33 | H18: 4.58 | I18: 3.27 | J18: 1.06 | K18: 282.42 | L18: 25.41 | M18: 98.09 | N18: 100.3 | O18: 0 | P18: 0.29 | Q18: 4.67
A19: 45506.458 | B19: 9.19 | C19: 4.23 | D19: 14 | E19: 9.84 | F19: 4.18 | G19: 14.33 | H19: 3.3 | I19: 3.18 | J19: 1.21 | K19: 284.65 | L19: 25.75 | M19: 93.66 | N19: 99.2 | O19: 0 | P19: 0.29 | Q19: 4.66
A20: 45506.5 | B20: 9.19 | C20: 4.2 | D20: 14 | E20: 10.79 | F20: 4.46 | G20: 10.97 | H20: 2.44 | I20: 3.08 | J20: 1.11 | K20: 282.85 | L20: 26.05 | M20: 92.04 | N20: 73.6 | O20: 0 | P20: 0.3 | Q20: 4.67
... A32: 45507 | B32: 9.19 | C32: 4.28 | D32: 14 | E32: 11.51 | F32: 4.02 | G32: 6.72 | H32: 4.84 | I32: 3.09 | J32: 0.99 | K32: 279.29 | L32: 25.04 | M32: 97.17 | N32: 2.5 | O32: 0 | P32: 0.28 | Q32: 4.67
A34: Min | B34: =MIN(B9:B32) -> 9.09 | C34: =MIN(C9:C32) -> 4.15 | D34: =MIN(D9:D32) -> 14 | E34: =MIN(E9:E32) -> 6.51 | F34: =MIN(F9:F32) -> 3.65 | G34: =MIN(G9:G32) -> 6.72 | H34: =MIN(H9:H32) -> 2.44 | I34: =MIN(I9:I32) -> 2.94 | ... Q34: =MIN(Q9:Q32) -> 4.66
A35: Max | B35: =MAX(B9:B32) -> 9.23 | C35: =MAX(C9:C32) -> 4.35 | D35: =MAX(D9:D32) -> 14 | E35: =MAX(E9:E32) -> 11.57 | F35: =MAX(F9:F32) -> 5.29 | G35: =MAX(G9:G32) -> 30.23 | H35: =MAX(H9:H32) -> 14.69 | I35: =MAX(I9:I32) -> 3.47 | ... Q35: =MAX(Q9:Q32) -> 4.69
A36: Avg | B36: =AVERAGE(B9:B32) -> 9.17875 | C36: =AVERAGE(C9:C32) -> 4.2370833 | D36: =AVERAGE(D9:D32) -> 14 | E36: =AVERAGE(E9:E32) -> 9.55125 | F36: =AVERAGE(F9:F32) -> 4.1929167 | G36: =AVERAGE(G9:G32) -> 15.429167 | H36: =AVERAGE(H9:H32) -> 6.88875 | I36: =AVERAGE(I9:I32) -> 3.1833333 | ... Q36: =AVERAGE(Q9:Q32) -> 4.6695833
A37: Stdev | B37: =STDEV(B9:B32) -> 0.037336601 | C37: =STDEV(C9:C32) -> 0.054651399 | D37: =STDEV(D9:D32) -> 0 | E37: =STDEV(E9:E32) -> 1.4387897 | F37: =STDEV(F9:F32) -> 0.41570766 | G37: =STDEV(G9:G32) -> 6.8621741 | H37: =STDEV(H9:H32) -> 3.5365794 | I37: =STDEV(I9:I32) -> 0.15516237 | ... Q37: =STDEV(Q9:Q32) -> 0.0085867272
A38: Num | B38: =COUNT(B9:B32) -> 24 | C38: =COUNT(C9:C32) -> 24 | D38: =COUNT(D9:D32) -> 24 | E38: =COUNT(E9:E32) -> 24 | F38: =COUNT(F9:F32) -> 24 | G38: =COUNT(G9:G32) -> 24 | H38: =COUNT(H9:H32) -> 24 | I38: =COUNT(I9:I32) -> 24 | ... Q38: =COUNT(Q9:Q32) -> 24
A39: DCR | B39: =IF(B38>=22,">90%",IF(B38<=22,"<90%")) -> >90% | C39: =IF(C38>=22,">90%",IF(C38<=22,"<90%")) -> >90% | D39: =IF(D38>=22,">90%",IF(D38<=22,"<90%")) -> >90% | E39: =IF(E38>=22,">90%",IF(E38<=22,"<90%")) -> >90% | F39: =IF(F38>=22,">90%",IF(F38<=22,"<90%")) -> >90% | G39: =IF(G38>=22,">90%",IF(G38<=22,"<90%")) -> >90% | H39: =IF(H38>=22,">90%",IF(H38<=22,"<90%")) -> >90% | I39: =IF(I38>=22,">90%",IF(I38<=22,"<90%")) -> >90% | ... Q39: =IF(Q38>=22,">90%",IF(Q38<=22,"<90%")) -> >90%
A40: Status | B40: =IF(B38>=22,"OK",IF(B38<=22,"LESS")) -> OK | C40: =IF(C38>=22,"OK",IF(C38<=22,"LESS")) -> OK | D40: =IF(D38>=22,"OK",IF(D38<=22,"LESS")) -> OK | E40: =IF(E38>=22,"OK",IF(E38<=22,"LESS")) -> OK | F40: =IF(F38>=22,"OK",IF(F38<=22,"LESS")) -> OK | G40: =IF(G38>=22,"OK",IF(G38<=22,"LESS")) -> OK | H40: =IF(H38>=22,"OK",IF(H38<=22,"LESS")) -> OK | I40: =IF(I38>=22,"OK",IF(I38<=22,"LESS")) -> OK | ... Q40: =IF(Q38>=22,"OK",IF(Q38<=22,"LESS")) -> OK
A43: Done by | B43: AKASH
A45: Comment

Sheet 03
A1: Station: | B1: IGKV ,RAIPUR
A2: Date: | B2: =$A$9 -> 45507.042 | D2: Power Off | G2: Pw.Off | L2: Link Fail | N2: Link F | P2: Maintenance | R2: Maint.
A3: Report Type: | B3: Mean | D3: Calibration | G3: Calib. | L3: Data Fail | N3: Data F | P3: Invalid | R3: Invalid
A4: Time Base: | B4: 01 Hour | D4: Zero Referrence | G4: Z.Ref | L4: Warm Up | N4: Wm. Up
A7: Date & Time | B7: NO | C7: NO2 | D7: NOX | E7: SO2 | F7: O3 | G7: PM 10 | H7: PM 2.5 | I7: BENZ | J7: WS | K7: WD | L7: TEMP | M7: HUM | N7: SR | O7: RG | P7: CO | Q7: NH3
B8: ug/m3 | C8: ug/m3 | D8: ppb | E8: ug/m3 | F8: ug/m3 | G8: ug/m3 | H8: ug/m3 | I8: ug/m3 | J8: m/sec | K8: deg | L8: degreC | M8: % | N8: w/m2 | O8: mm | P8: mg/m3 | Q8: ug/m3
A9: 45507.042 | B9: 9.41 | C9: 4.1 | D9: 14.13 | E9: 10.39 | F9: 3.95 | G9: 5.39 | H9: 4.04 | I9: 3.16 | J9: 0.96 | K9: 279.5 | L9: 25.09 | M9: 96.41 | N9: 2.3 | O9: 0 | P9: 0.28 | Q9: 4.66
A10: 45507.083 | B10: 9.41 | C10: 4.1 | D10: 14.13 | E10: 9.62 | F10: 3.8 | G10: 8.14 | H10: 4.36 | I10: 3.17 | J10: 1.02 | K10: 279.7 | L10: 25.11 | M10: 91.56 | N10: 2.5 | O10: 0 | P10: 0.27 | Q10: 4.67
A11: 45507.125 | B11: 9.4 | C11: 4.08 | D11: 14.12 | E11: 10.74 | F11: 3.72 | G11: 8.14 | H11: 4.93 | I11: 3.11 | J11: 0.86 | K11: 279.18 | L11: 24.65 | M11: 98.66 | N11: 3.6 | O11: 0.6 | P11: 0.26 | Q11: 4.67
A12: 45507.167 | B12: 9.4 | C12: 4.11 | D12: 14.13 | E12: 10.56 | F12: 3.57 | G12: 6.62 | H12: 7.95 | I12: 3.06 | J12: 0.82 | K12: 278.56 | L12: 24.05 | M12: 100.7 | N12: 2.5 | O12: 0.8 | P12: 0.24 | Q12: 4.67
A13: 45507.208 | B13: 9.42 | C13: 4.09 | D13: 14.13 | E13: 11.32 | F13: 4.08 | G13: 5.59 | H13: 9.55 | I13: 2.97 | J13: 1.01 | K13: 277.82 | L13: 23.96 | M13: 100.3 | N13: 2.8 | O13: 1 | P13: 0.2 | Q13: 4.67
A14: 45507.25 | B14: 9.41 | C14: 4.1 | D14: 14.13 | E14: 11.64 | F14: 4.18 | G14: 4.49 | H14: 9.55 | I14: 2.83 | J14: 1.1 | K14: 281.59 | L14: 23.4 | M14: 103.11 | N14: 4.5 | O14: 2 | P14: 0.2 | Q14: 4.69
A15: 45507.292 | B15: 9.43 | C15: 4.1 | D15: 14.15 | E15: 12.09 | F15: 3.78 | G15: 10.98 | H15: 7.32 | I15: 2.75 | J15: 0.99 | K15: 279.5 | L15: 23.36 | M15: 101.79 | N15: 7.9 | O15: 3 | P15: 0.2 | Q15: 4.67
A16: 45507.333 | B16: 9.43 | C16: 4.11 | D16: 14.15 | E16: 12.43 | F16: 3.72 | G16: 10.98 | H16: 5.94 | I16: 2.72 | J16: 0.85 | K16: 279.24 | L16: 23.47 | M16: 101.82 | N16: 8.5 | O16: 2.6 | P16: 0.2 | Q16: 4.66
A17: 45507.375 | B17: 9.41 | C17: 4.07 | D17: 14.13 | E17: 13.09 | F17: 3.59 | G17: 7.91 | H17: 5.1 | I17: 2.83 | J17: 0.68 | K17: 322.75 | L17: 23.48 | M17: 102.43 | N17: 9.6 | O17: 10.2 | P17: 0.27 | Q17: 4.67
A18: 45507.417 | B18: 9.3 | C18: 4.11 | D18: 14.04 | E18: 11.73 | F18: 3.61 | G18: 6.9 | H18: 5.1 | I18: 3.07 | J18: 0.98 | K18: 282.16 | L18: 23.69 | M18: 101.94 | N18: 69.1 | O18: 5.4 | P18: 0.27 | Q18: 4.66
A19: 45507.458 | B19: 9.31 | C19: 4.1 | D19: 14.05 | E19: 9.26 | F19: 3.77 | G19: 5.78 | H19: 3.89 | I19: 3.04 | J19: 0.91 | K19: 278.51 | L19: 23.96 | M19: 101.87 | N19: 97.3 | O19: 0.6 | P19: 0.26 | Q19: 4.67
A20: 45507.5 | B20: 9.32 | C20: 4.07 | D20: 14.05 | E20: 8.59 | F20: 3.94 | G20: 5.09 | H20: 3.59 | I20: 3.02 | J20: 0.93 | K20: 280.6 | L20: 24.11 | M20: 101.6 | N20: 84.1 | O20: 0.6 | P20: 0.26 | Q20: 4.67
... A32: 45508 | B32: 9.38 | C32: 4.08 | D32: 14.1 | E32: 8.67 | F32: 4.22 | G32: 11.72 | H32: 4.84 | I32: 2.91 | J32: 0.52 | K32: 272.83 | L32: 25.24 | M32: 98.9 | N32: 2.5 | O32: 0 | P32: 0.22 | Q32: 4.67
A34: Min | B34: =MIN(B9:B32) -> 9.3 | C34: =MIN(C9:C32) -> 4.07 | D34: =MIN(D9:D32) -> 14.04 | E34: =MIN(E9:E32) -> 7.51 | F34: =MIN(F9:F32) -> 3.57 | G34: =MIN(G9:G32) -> 3.73 | H34: =MIN(H9:H32) -> 3.59 | I34: =MIN(I9:I32) -> 2.69 | ... Q34: =MIN(Q9:Q32) -> 4.66
A35: Max | B35: =MAX(B9:B32) -> 9.43 | C35: =MAX(C9:C32) -> 4.11 | D35: =MAX(D9:D32) -> 14.15 | E35: =MAX(E9:E32) -> 13.09 | F35: =MAX(F9:F32) -> 5.04 | G35: =MAX(G9:G32) -> 13.59 | H35: =MAX(H9:H32) -> 9.55 | I35: =MAX(I9:I32) -> 3.17 | ... Q35: =MAX(Q9:Q32) -> 4.69
A36: Avg | B36: =AVERAGE(B9:B32) -> 9.38375 | C36: =AVERAGE(C9:C32) -> 4.0933333 | D36: =AVERAGE(D9:D32) -> 14.106667 | E36: =AVERAGE(E9:E32) -> 10.005833 | F36: =AVERAGE(F9:F32) -> 4.0625 | G36: =AVERAGE(G9:G32) -> 8.0895833 | H36: =AVERAGE(H9:H32) -> 5.5708333 | I36: =AVERAGE(I9:I32) -> 2.9208333 | ... Q36: =AVERAGE(Q9:Q32) -> 4.6695833
A37: Stdev | B37: =STDEV(B9:B32) -> 0.038313637 | C37: =STDEV(C9:C32) -> 0.011293194 | D37: =STDEV(D9:D32) -> 0.031714304 | E37: =STDEV(E9:E32) -> 1.6016511 | F37: =STDEV(F9:F32) -> 0.3955431 | G37: =STDEV(G9:G32) -> 2.8995914 | H37: =STDEV(H9:H32) -> 1.6108381 | I37: =STDEV(I9:I32) -> 0.14358505 | ... Q37: =STDEV(Q9:Q32) -> 0.0075060362
A38: Num | B38: =COUNT(B9:B32) -> 24 | C38: =COUNT(C9:C32) -> 24 | D38: =COUNT(D9:D32) -> 24 | E38: =COUNT(E9:E32) -> 24 | F38: =COUNT(F9:F32) -> 24 | G38: =COUNT(G9:G32) -> 24 | H38: =COUNT(H9:H32) -> 24 | I38: =COUNT(I9:I32) -> 24 | ... Q38: =COUNT(Q9:Q32) -> 24
A39: DCR | B39: =IF(B38>=22,">90%",IF(B38<=22,"<90%")) -> >90% | C39: =IF(C38>=22,">90%",IF(C38<=22,"<90%")) -> >90% | D39: =IF(D38>=22,">90%",IF(D38<=22,"<90%")) -> >90% | E39: =IF(E38>=22,">90%",IF(E38<=22,"<90%")) -> >90% | F39: =IF(F38>=22,">90%",IF(F38<=22,"<90%")) -> >90% | G39: =IF(G38>=22,">90%",IF(G38<=22,"<90%")) -> >90% | H39: =IF(H38>=22,">90%",IF(H38<=22,"<90%")) -> >90% | I39: =IF(I38>=22,">90%",IF(I38<=22,"<90%")) -> >90% | ... Q39: =IF(Q38>=22,">90%",IF(Q38<=22,"<90%")) -> >90%
A40: Status | B40: =IF(B38>=22,"OK",IF(B38<=22,"LESS")) -> OK | C40: =IF(C38>=22,"OK",IF(C38<=22,"LESS")) -> OK | D40: =IF(D38>=22,"OK",IF(D38<=22,"LESS")) -> OK | E40: =IF(E38>=22,"OK",IF(E38<=22,"LESS")) -> OK | F40: =IF(F38>=22,"OK",IF(F38<=22,"LESS")) -> OK | G40: =IF(G38>=22,"OK",IF(G38<=22,"LESS")) -> OK | H40: =IF(H38>=22,"OK",IF(H38<=22,"LESS")) -> OK | I40: =IF(I38>=22,"OK",IF(I38<=22,"LESS")) -> OK | ... Q40: =IF(Q38>=22,"OK",IF(Q38<=22,"LESS")) -> OK
A43: Done by | B43: AKASH
A45: Comment

Sheet 04
A1: Station: | B1: IGKV ,RAIPUR
A2: Date: | B2: =$A$9 -> 45508.042 | D2: Power Off | G2: Pw.Off | L2: Link Fail | N2: Link F | P2: Maintenance | R2: Maint.
A3: Report Type: | B3: Mean | D3: Calibration | G3: Calib. | L3: Data Fail | N3: Data F | P3: Invalid | R3: Invalid
A4: Time Base: | B4: 01 Hour | D4: Zero Referrence | G4: Z.Ref | L4: Warm Up | N4: Wm. Up
A7: Date & Time | B7: NO | C7: NO2 | D7: NOX | E7: SO2 | F7: O3 | G7: PM 10 | H7: PM 2.5 | I7: BENZ | J7: WS | K7: WD | L7: TEMP | M7: HUM | N7: SR | O7: RG | P7: CO | Q7: NH3
B8: ug/m3 | C8: ug/m3 | D8: ppb | E8: ug/m3 | F8: ug/m3 | G8: ug/m3 | H8: ug/m3 | I8: ug/m3 | J8: m/sec | K8: deg | L8: degreC | M8: % | N8: w/m2 | O8: mm | P8: mg/m3 | Q8: ug/m3
A9: 45508.042 | B9: 9.3 | C9: 4.08 | D9: 14.02 | E9: 9.02 | F9: 3.9 | G9: 11.72 | H9: 3.69 | I9: 2.84 | J9: 0.47 | K9: 270.21 | L9: 24.95 | M9: 99.2 | N9: 2 | O9: 0 | P9: 0.22 | Q9: 4.66
A10: 45508.083 | B10: 9.28 | C10: 4.1 | D10: 14.02 | E10: 9.73 | F10: 3.58 | G10: 14.05 | H10: 10.81 | I10: 2.8 | J10: 0.46 | K10: 267.19 | L10: 24.8 | M10: 97.85 | N10: 2.4 | O10: 0 | P10: 0.22 | Q10: 4.66
A11: 45508.125 | B11: 9.3 | C11: 4.1 | D11: 14.03 | E11: 9.3 | F11: 3.65 | G11: 14.05 | H11: 10.81 | I11: 2.73 | J11: 0.49 | K11: 271.43 | L11: 24.94 | M11: 97.6 | N11: 2.4 | O11: 0 | P11: 0.22 | Q11: 4.66
A12: 45508.167 | B12: 9.3 | C12: 4.07 | D12: 14.03 | E12: 9.23 | F12: 3.93 | G12: 10.78 | H12: 14.39 | I12: 2.74 | J12: 0.57 | K12: 271.25 | L12: 25.03 | M12: 95.31 | N12: 2.4 | O12: 0 | P12: 0.27 | Q12: 4.66
A13: 45508.208 | B13: 9.26 | C13: 4.13 | D13: 14 | E13: 8.15 | F13: 3.63 | G13: 8.46 | H13: 14.39 | I13: 2.81 | J13: 0.56 | K13: 273.8 | L13: 24.89 | M13: 100.5 | N13: 3 | O13: 0.8 | P13: 0.26 | Q13: 4.68
A14: 45508.25 | B14: 9.24 | C14: 4.12 | D14: 14 | E14: 7.69 | F14: 4.26 | G14: 6.16 | H14: 10.46 | I14: 2.9 | J14: 0.44 | K14: 270.96 | L14: 24.48 | M14: 100.45 | N14: 14.5 | O14: 0 | P14: 0.26 | Q14: 4.67
A15: 45508.292 | B15: 9.24 | C15: 4.12 | D15: 14 | E15: 7.22 | F15: 4.09 | G15: 14.14 | H15: 7.57 | I15: 2.89 | J15: 0.68 | K15: 274.82 | L15: 25.06 | M15: 99.2 | N15: 47.6 | O15: 0 | P15: 0.26 | Q15: 4.67
A16: 45508.333 | B16: 9.24 | C16: 4.12 | D16: 14 | E16: 7.14 | F16: 4.03 | G16: 14.14 | H16: 7.52 | I16: 2.92 | J16: 0.69 | K16: 272.54 | L16: 26.01 | M16: 95.87 | N16: 146.3 | O16: 0 | P16: 0.25 | Q16: 4.68
A17: 45508.375 | B17: 9.35 | C17: 4.09 | D17: 14.08 | E17: 7.77 | F17: 4.94 | G17: 10.73 | H17: 8.52 | I17: 2.93 | J17: 0.7 | K17: 272.72 | L17: 26.92 | M17: 90.29 | N17: 158.8 | O17: 0 | P17: 0.22 | Q17: 4.67
A18: 45508.417 | B18: 9.34 | C18: 4.08 | D18: 14.07 | E18: 8.07 | F18: 5.58 | G18: 10.19 | H18: 11.62 | I18: 2.82 | J18: 1.02 | K18: 277.24 | L18: 27.36 | M18: 87.17 | N18: 183.8 | O18: 0 | P18: 0.22 | Q18: 4.67
A19: 45508.458 | B19: 9.34 | C19: 4.08 | D19: 14.06 | E19: 10.82 | F19: 4.82 | G19: 7.78 | H19: 11.62 | I19: 2.77 | J19: 0.8 | K19: 274.09 | L19: 27.58 | M19: 83.79 | N19: 175.2 | O19: 0 | P19: 0.22 | Q19: 4.67
A20: 45508.5 | B20: 9.32 | C20: 4.08 | D20: 14.05 | E20: 11.24 | F20: 4.32 | G20: 7.8 | H20: 10.14 | I20: 2.69 | J20: 0.71 | K20: 274.19 | L20: 27.4 | M20: 95.28 | N20: 152.3 | O20: 0.6 | P20: 0.23 | Q20: 4.67
... A32: 45509 | B32: 9.27 | C32: 4.1 | D32: 14.01 | E32: 12.27 | F32: 5.15 | G32: 17.1 | H32: 10.55 | I32: 3.14 | J32: 0.62 | K32: 280.46 | L32: 25.57 | M32: 98.97 | N32: 3.3 | O32: 0 | P32: 0.34 | Q32: 4.67
A34: Min | B34: =MIN(B9:B32) -> 9.23 | C34: =MIN(C9:C32) -> 4.06 | D34: =MIN(D9:D32) -> 14 | E34: =MIN(E9:E32) -> 7.14 | F34: =MIN(F9:F32) -> 3.58 | G34: =MIN(G9:G32) -> 6.16 | H34: =MIN(H9:H32) -> 3.69 | I34: =MIN(I9:I32) -> 2.61 | ... Q34: =MIN(Q9:Q32) -> 4.66
A35: Max | B35: =MAX(B9:B32) -> 9.35 | C35: =MAX(C9:C32) -> 4.16 | D35: =MAX(D9:D32) -> 14.08 | E35: =MAX(E9:E32) -> 13.68 | F35: =MAX(F9:F32) -> 6.9 | G35: =MAX(G9:G32) -> 18.65 | H35: =MAX(H9:H32) -> 14.39 | I35: =MAX(I9:I32) -> 3.2 | ... Q35: =MAX(Q9:Q32) -> 4.69
A36: Avg | B36: =AVERAGE(B9:B32) -> 9.2845833 | C36: =AVERAGE(C9:C32) -> 4.10125 | D36: =AVERAGE(D9:D32) -> 14.022917 | E36: =AVERAGE(E9:E32) -> 10.05875 | F36: =AVERAGE(F9:F32) -> 4.6975 | G36: =AVERAGE(G9:G32) -> 13.479583 | H36: =AVERAGE(H9:H32) -> 9.52375 | I36: =AVERAGE(I9:I32) -> 2.8141667 | ... Q36: =AVERAGE(Q9:Q32) -> 4.6695833
A37: Stdev | B37: =STDEV(B9:B32) -> 0.036113248 | C37: =STDEV(C9:C32) -> 0.023831382 | D37: =STDEV(D9:D32) -> 0.024931064 | E37: =STDEV(E9:E32) -> 1.9478245 | F37: =STDEV(F9:F32) -> 0.91049079 | G37: =STDEV(G9:G32) -> 3.5398716 | H37: =STDEV(H9:H32) -> 2.9734664 | I37: =STDEV(I9:I32) -> 0.16215711 | ... Q37: =STDEV(Q9:Q32) -> 0.0075060362
A38: Num | B38: =COUNT(B9:B32) -> 24 | C38: =COUNT(C9:C32) -> 24 | D38: =COUNT(D9:D32) -> 24 | E38: =COUNT(E9:E32) -> 24 | F38: =COUNT(F9:F32) -> 24 | G38: =COUNT(G9:G32) -> 24 | H38: =COUNT(H9:H32) -> 24 | I38: =COUNT(I9:I32) -> 24 | ... Q38: =COUNT(Q9:Q32) -> 24
A39: DCR | B39: =IF(B38>=22,">90%",IF(B38<=22,"<90%")) -> >90% | C39: =IF(C38>=22,">90%",IF(C38<=22,"<90%")) -> >90% | D39: =IF(D38>=22,">90%",IF(D38<=22,"<90%")) -> >90% | E39: =IF(E38>=22,">90%",IF(E38<=22,"<90%")) -> >90% | F39: =IF(F38>=22,">90%",IF(F38<=22,"<90%")) -> >90% | G39: =IF(G38>=22,">90%",IF(G38<=22,"<90%")) -> >90% | H39: =IF(H38>=22,">90%",IF(H38<=22,"<90%")) -> >90% | I39: =IF(I38>=22,">90%",IF(I38<=22,"<90%")) -> >90% | ... Q39: =IF(Q38>=22,">90%",IF(Q38<=22,"<90%")) -> >90%
A40: Status | B40: =IF(B38>=22,"OK",IF(B38<=22,"LESS")) -> OK | C40: =IF(C38>=22,"OK",IF(C38<=22,"LESS")) -> OK | D40: =IF(D38>=22,"OK",IF(D38<=22,"LESS")) -> OK | E40: =IF(E38>=22,"OK",IF(E38<=22,"LESS")) -> OK | F40: =IF(F38>=22,"OK",IF(F38<=22,"LESS")) -> OK | G40: =IF(G38>=22,"OK",IF(G38<=22,"LESS")) -> OK | H40: =IF(H38>=22,"OK",IF(H38<=22,"LESS")) -> OK | I40: =IF(I38>=22,"OK",IF(I38<=22,"LESS")) -> OK | ... Q40: =IF(Q38>=22,"OK",IF(Q38<=22,"LESS")) -> OK
A43: Done by | B43: AKASH
A45: Comment

Sheet 05
A1: Station: | B1: IGKV ,RAIPUR
A2: Date: | B2: =$A$9 -> 45509.042 | D2: Power Off | G2: Pw.Off | L2: Link Fail | N2: Link F | P2: Maintenance | R2: Maint.
A3: Report Type: | B3: Mean | D3: Calibration | G3: Calib. | L3: Data Fail | N3: Data F | P3: Invalid | R3: Invalid
A4: Time Base: | B4: 01 Hour | D4: Zero Referrence | G4: Z.Ref | L4: Warm Up | N4: Wm. Up
A7: Date & Time | B7: NO | C7: NO2 | D7: NOX | E7: SO2 | F7: O3 | G7: PM 10 | H7: PM 2.5 | I7: BENZ | J7: WS | K7: WD | L7: TEMP | M7: HUM | N7: SR | O7: RG | P7: CO | Q7: NH3
B8: ug/m3 | C8: ug/m3 | D8: ppb | E8: ug/m3 | F8: ug/m3 | G8: ug/m3 | H8: ug/m3 | I8: ug/m3 | J8: m/sec | K8: deg | L8: degreC | M8: % | N8: w/m2 | O8: mm | P8: mg/m3 | Q8: ug/m3
A9: 45509.042 | B9: 9.34 | C9: 4.06 | D9: 14.05 | E9: 11.24 | F9: 4.78 | G9: 17.1 | H9: 10.55 | I9: 3.1 | J9: 0.39 | K9: 272.53 | L9: 25.25 | M9: 97.22 | N9: 3.4 | O9: 0 | P9: 0.32 | Q9: 4.68
A10: 45509.083 | B10: 9.31 | C10: 4.07 | D10: 14.03 | E10: 11.26 | F10: 4.27 | G10: 12.7 | H10: 8.88 | I10: 3.14 | J10: 0.36 | K10: 270.86 | L10: 24.93 | M10: 95.63 | N10: 3 | O10: 0 | P10: 0.31 | Q10: 4.68
A11: 45509.125 | B11: 9.31 | C11: 4.08 | D11: 14.05 | E11: 9.21 | F11: 4.27 | G11: 17.56 | H11: 9.5 | I11: 3.31 | J11: 0.16 | K11: 263.99 | L11: 24.63 | M11: 97.42 | N11: 2.4 | O11: 0 | P11: 0.31 | Q11: 4.66
A12: 45509.167 | B12: 9.3 | C12: 4.11 | D12: 14.06 | E12: 9.82 | F12: 3.92 | G12: 17.56 | H12: 11.5 | I12: 3.23 | J12: 0.09 | K12: 212.41 | L12: 24.57 | M12: 98.39 | N12: 2.2 | O12: 0 | P12: 0.26 | Q12: 4.67
A13: 45509.208 | B13: 9.32 | C13: 4.1 | D13: 14.06 | E13: 10.26 | F13: 3.6 | G13: 14.46 | H13: 11.5 | I13: 3.05 | J13: 0.13 | K13: 260.83 | L13: 24.63 | M13: 98.29 | N13: 2.1 | O13: 0 | P13: 0.25 | Q13: 4.67
A14: 45509.25 | B14: 9.32 | C14: 4.08 | D14: 14.06 | E14: 11.02 | F14: 3.57 | G14: 15.49 | H14: 8.42 | I14: 2.99 | J14: 0.3 | K14: 274.42 | L14: 24.66 | M14: 97.64 | N14: 15 | O14: 0 | P14: 0.25 | Q14: 4.67
A15: 45509.292 | B15: 9.33 | C15: 4.09 | D15: 14.05 | E15: 11.3 | F15: 3.59 | G15: 15.49 | H15: 6.54 | I15: 2.98 | J15: 0.32 | K15: 278.23 | L15: 25.51 | M15: 96.12 | N15: 64.1 | O15: 0 | P15: 0.26 | Q15: 4.66
A16: 45509.333 | B16: 9.31 | C16: 4.08 | D16: 14.04 | E16: 11.98 | F16: 3.8 | G16: 15.02 | H16: 5.17 | I16: 3.06 | J16: 0.8 | K16: 284.81 | L16: 26.95 | M16: 92.28 | N16: 112.3 | O16: 0 | P16: 0.31 | Q16: 4.67
A17: 45509.375 | B17: 9.3 | C17: 4.07 | D17: 14.03 | E17: 11.14 | F17: 4.6 | G17: 20.2 | H17: 5.37 | I17: 3.11 | J17: 1.06 | K17: 289.67 | L17: 28.1 | M17: 85.61 | N17: 175.1 | O17: 0 | P17: 0.31 | Q17: 4.66
A18: 45509.417 | B18: 9.3 | C18: 4.08 | D18: 14.04 | E18: 10.6 | F18: 4.77 | G18: 20.2 | H18: 11.39 | I18: 3.26 | J18: 0.85 | K18: 284.81 | L18: 28.92 | M18: 80.4 | N18: 319.2 | O18: 0 | P18: 0.33 | Q18: 4.66
A19: 45509.458 | B19: 9.32 | C19: 4.07 | D19: 14.04 | E19: 10.21 | F19: 4.77 | G19: 20.09 | H19: 13.11 | I19: 3.58 | J19: 0.86 | K19: 290.38 | L19: 29.72 | M19: 77.98 | N19: 492 | O19: 0 | P19: 0.35 | Q19: 4.67
A20: 45509.5 | B20: 9.31 | C20: 4.11 | D20: 14.05 | E20: 10.36 | F20: 6.02 | G20: 29.54 | H20: 13.11 | I20: 3.88 | J20: 1.09 | K20: 287.13 | L20: 30.18 | M20: 75.78 | N20: 446.6 | O20: 0 | P20: 0.39 | Q20: 4.67
... A32: 45510 | B32: 9.52 | C32: 4.07 | D32: 14.21 | E32: 10.73 | F32: 4.86 | G32: 34.7 | H32: 15.8 | I32: 6.24 | J32: 0.66 | K32: 282.61 | L32: 26.79 | M32: 89.8 | N32: 2.4 | O32: 0 | P32: 0.58 | Q32: 4.67
A34: Min | B34: =MIN(B9:B32) -> 9.3 | C34: =MIN(C9:C32) -> 4.06 | D34: =MIN(D9:D32) -> 14.03 | E34: =MIN(E9:E32) -> 8.63 | F34: =MIN(F9:F32) -> 3.57 | G34: =MIN(G9:G32) -> 12.7 | H34: =MIN(H9:H32) -> 5.17 | I34: =MIN(I9:I32) -> 2.98 | ... Q34: =MIN(Q9:Q32) -> 4.66
A35: Max | B35: =MAX(B9:B32) -> 9.53 | C35: =MAX(C9:C32) -> 4.12 | D35: =MAX(D9:D32) -> 14.22 | E35: =MAX(E9:E32) -> 12.23 | F35: =MAX(F9:F32) -> 11.2 | G35: =MAX(G9:G32) -> 41.45 | H35: =MAX(H9:H32) -> 20.37 | I35: =MAX(I9:I32) -> 6.24 | ... Q35: =MAX(Q9:Q32) -> 4.69
A36: Avg | B36: =AVERAGE(B9:B32) -> 9.36625 | C36: =AVERAGE(C9:C32) -> 4.0866667 | D36: =AVERAGE(D9:D32) -> 14.089583 | E36: =AVERAGE(E9:E32) -> 10.5275 | F36: =AVERAGE(F9:F32) -> 6.1516667 | G36: =AVERAGE(G9:G32) -> 26.116667 | H36: =AVERAGE(H9:H32) -> 12.26 | I36: =AVERAGE(I9:I32) -> 3.8841667 | ... Q36: =AVERAGE(Q9:Q32) -> 4.6725
A37: Stdev | B37: =STDEV(B9:B32) -> 0.079005366 | C37: =STDEV(C9:C32) -> 0.015510632 | D37: =STDEV(D9:D32) -> 0.064772456 | E37: =STDEV(E9:E32) -> 1.0613619 | F37: =STDEV(F9:F32) -> 2.4727026 | G37: =STDEV(G9:G32) -> 9.2692346 | H37: =STDEV(H9:H32) -> 3.8682082 | I37: =STDEV(I9:I32) -> 0.82249312 | ... Q37: =STDEV(Q9:Q32) -> 0.0084698955
A38: Num | B38: =COUNT(B9:B32) -> 24 | C38: =COUNT(C9:C32) -> 24 | D38: =COUNT(D9:D32) -> 24 | E38: =COUNT(E9:E32) -> 24 | F38: =COUNT(F9:F32) -> 24 | G38: =COUNT(G9:G32) -> 24 | H38: =COUNT(H9:H32) -> 24 | I38: =COUNT(I9:I32) -> 24 | ... Q38: =COUNT(Q9:Q32) -> 24
A39: DCR | B39: =IF(B38>=22,">90%",IF(B38<=22,"<90%")) -> >90% | C39: =IF(C38>=22,">90%",IF(C38<=22,"<90%")) -> >90% | D39: =IF(D38>=22,">90%",IF(D38<=22,"<90%")) -> >90% | E39: =IF(E38>=22,">90%",IF(E38<=22,"<90%")) -> >90% | F39: =IF(F38>=22,">90%",IF(F38<=22,"<90%")) -> >90% | G39: =IF(G38>=22,">90%",IF(G38<=22,"<90%")) -> >90% | H39: =IF(H38>=22,">90%",IF(H38<=22,"<90%")) -> >90% | I39: =IF(I38>=22,">90%",IF(I38<=22,"<90%")) -> >90% | ... Q39: =IF(Q38>=22,">90%",IF(Q38<=22,"<90%")) -> >90%
A40: Status | B40: =IF(B38>=22,"OK",IF(B38<=22,"LESS")) -> OK | C40: =IF(C38>=22,"OK",IF(C38<=22,"LESS")) -> OK | D40: =IF(D38>=22,"OK",IF(D38<=22,"LESS")) -> OK | E40: =IF(E38>=22,"OK",IF(E38<=22,"LESS")) -> OK | F40: =IF(F38>=22,"OK",IF(F38<=22,"LESS")) -> OK | G40: =IF(G38>=22,"OK",IF(G38<=22,"LESS")) -> OK | H40: =IF(H38>=22,"OK",IF(H38<=22,"LESS")) -> OK | I40: =IF(I38>=22,"OK",IF(I38<=22,"LESS")) -> OK | ... Q40: =IF(Q38>=22,"OK",IF(Q38<=22,"LESS")) -> OK
A43: Done by | B43: AKASH
A45: Comment

Sheet 06
A1: Station: | B1: IGKV ,RAIPUR
A2: Date: | B2: =$A$9 -> 45510.042 | D2: Power Off | G2: Pw.Off | L2: Link Fail | N2: Link F | P2: Maintenance | R2: Maint.
A3: Report Type: | B3: Mean | D3: Calibration | G3: Calib. | L3: Data Fail | N3: Data F | P3: Invalid | R3: Invalid
A4: Time Base: | B4: 01 Hour | D4: Zero Referrence | G4: Z.Ref | L4: Warm Up | N4: Wm. Up
A7: Date & Time | B7: NO | C7: NO2 | D7: NOX | E7: SO2 | F7: O3 | G7: PM 10 | H7: PM 2.5 | I7: BENZ | J7: WS | K7: WD | L7: TEMP | M7: HUM | N7: SR | O7: RG | P7: CO | Q7: NH3
B8: ug/m3 | C8: ug/m3 | D8: ppb | E8: ug/m3 | F8: ug/m3 | G8: ug/m3 | H8: ug/m3 | I8: ug/m3 | J8: m/sec | K8: deg | L8: degreC | M8: % | N8: w/m2 | O8: mm | P8: mg/m3 | Q8: ug/m3
A9: 45510.042 | B9: 9.16 | C9: 4.26 | D9: 14.01 | E9: 10.87 | F9: 4.67 | G9: 41.81 | H9: 13.12 | I9: 8.23 | J9: 0.64 | K9: 280.27 | L9: 26.77 | M9: 92.09 | N9: 2.4 | O9: 0 | P9: 0.6 | Q9: 4.67
A10: 45510.083 | B10: 9.16 | C10: 4.26 | D10: 14 | E10: 11.02 | F10: 4.86 | G10: 41.81 | H10: 15.85 | I10: 8.21 | J10: 0.53 | K10: 277.4 | L10: 26.58 | M10: 94.64 | N10: 2.3 | O10: 0 | P10: 0.56 | Q10: 4.69
A11: 45510.125 | B11: 9.14 | C11: 4.28 | D11: 14 | E11: 9.91 | F11: 5.3 | G11: 30.29 | H11: 17.07 | I11: 7.27 | J11: 0.48 | K11: 280.72 | L11: 26.49 | M11: 94.08 | N11: 2.3 | O11: 0 | P11: 0.54 | Q11: 4.69
A12: 45510.167 | B12: 9.1 | C12: 4.34 | D12: 14 | E12: 9.16 | F12: 6.65 | G12: 29.09 | H12: 17.07 | I12: 6.27 | J12: 0.5 | K12: 280.12 | L12: 26.17 | M12: 95.44 | N12: 2.3 | O12: 0 | P12: 0.52 | Q12: 4.67
A13: 45510.208 | B13: 9.11 | C13: 4.32 | D13: 14 | E13: 8.18 | F13: 5.96 | G13: 24.98 | H13: 12.78 | I13: 5.59 | J13: 0.44 | K13: 281.39 | L13: 25.84 | M13: 96.99 | N13: 2.1 | O13: 0 | P13: 0.48 | Q13: 4.68
A14: 45510.25 | B14: 9.12 | C14: 4.31 | D14: 14 | E14: 7.53 | F14: 5.57 | G14: 17.57 | H14: 9.81 | I14: 5.07 | J14: 0.23 | K14: 273.77 | L14: 25.66 | M14: 98.12 | N14: 17.3 | O14: 0 | P14: 0.45 | Q14: 4.67
A15: 45510.292 | B15: 9.11 | C15: 4.34 | D15: 14 | E15: 7.63 | F15: 5.12 | G15: 25.07 | H15: 9.32 | I15: 5.24 | J15: 0.53 | K15: 282.47 | L15: 26.27 | M15: 97.56 | N15: 51.6 | O15: 0 | P15: 0.48 | Q15: 4.67
A16: 45510.333 | B16: 9.13 | C16: 4.31 | D16: 14 | E16: 7.99 | F16: 5.38 | G16: 29.66 | H16: 10.21 | I16: 5.32 | J16: 0.57 | K16: 279.27 | L16: 27.26 | M16: 93.98 | N16: 104.9 | O16: 0 | P16: 0.45 | Q16: 4.68
A17: 45510.375 | B17: 9.1 | C17: 4.35 | D17: 14 | E17: 9.37 | F17: 5.42 | G17: 39.79 | H17: 16.89 | I17: 5.93 | J17: 0.64 | K17: 295.66 | L17: 28.21 | M17: 88.71 | N17: 157.6 | O17: 0 | P17: 0.5 | Q17: 4.66
A18: 45510.417 | B18: 9.09 | C18: 4.34 | D18: 14 | E18: 10.09 | F18: 4.95 | G18: 39.79 | H18: 16.89 | I18: 6.23 | J18: 0.85 | K18: 307.81 | L18: 28.81 | M18: 83.05 | N18: 175.1 | O18: 0 | P18: 0.52 | Q18: 4.66
A19: 45510.458 | B19: 9.12 | C19: 4.32 | D19: 14 | E19: 10.7 | F19: 6.08 | G19: 48.92 | H19: 13.4 | I19: 6.31 | J19: 1.19 | K19: 316.43 | L19: 29.98 | M19: 78.2 | N19: 479.1 | O19: 0 | P19: 0.53 | Q19: 4.68
A20: 45510.5 | B20: 9.09 | C20: 4.36 | D20: 14 | E20: 10.63 | F20: 5.54 | G20: 54.71 | H20: 18.08 | I20: 6.09 | J20: 0.86 | K20: 309.96 | L20: 31.06 | M20: 74.06 | N20: 501 | O20: 0 | P20: 0.52 | Q20: 4.67
A21: 45510.542 | B21: 10.79 | C21: 4.41 | D21: 15.34 | E21: 10.54 | F21: 21.44 | G21: 54.71 | H21: 18.39 | I21: 5.58 | J21: 0.96 | K21: 293.62 | L21: 31.47 | M21: 71.45 | N21: 650.3 | O21: 0 | P21: 0.53 | Q21: 4.67
A22: 45510.583 | B22: 11.75 | C22: 4.36 | D22: 16.07 | E22: Calib. | F22: Calib. | G22: Calib. | H22: Calib. | I22: 7.3 | J22: 0.55 | K22: 286.49 | L22: 31.36 | M22: 77.13 | N22: 237.3 | O22: 0 | P22: 0.48 | Q22: 4.66
A23: 45510.625 | B23: 8.99 | C23: 4.58 | D23: 14 | E23: 6.21 | F23: 23.75 | G23: Calib. | H23: Calib. | I23: 12.64 | J23: 0.56 | K23: 357.15 | L23: 30.9 | M23: 80.41 | N23: 173.3 | O23: 0 | P23: 0.39 | Q23: 4.66
A24: 45510.667 | B24: 8.97 | C24: 4.56 | D24: 14 | E24: 6.76 | F24: 9.07 | G24: 18.54 | H24: 2.15 | I24: 9.8 | J24: 1.26 | K24: 337.52 | L24: 25.99 | M24: 101.29 | N24: 16.8 | O24: 12.8 | P24: 0.35 | Q24: 4.66
A25: 45510.708 | B25: 9.04 | C25: 4.52 | D25: 14 | E25: 4.99 | F25: 4.74 | G25: 23.59 | H25: 6.84 | I25: 5.65 | J25: 0.91 | K25: 302.86 | L25: 25.36 | M25: 101.48 | N25: 9.9 | O25: 1.6 | P25: 0.36 | Q25: 4.66
A26: 45510.75 | B26: 9.09 | C26: 4.41 | D26: 14 | E26: 6.04 | F26: 2.53 | G26: 35.1 | H26: 6.7 | I26: 4.54 | J26: 0.56 | K26: 284.12 | L26: 24.59 | M26: 102.75 | N26: 4.1 | O26: 2.2 | P26: 0.38 | Q26: 4.67
A27: 45510.792 | B27: 9.02 | C27: 4.46 | D27: 14 | E27: 6.92 | F27: 2.42 | G27: 33.55 | H27: 9.89 | I27: 4.64 | J27: 0.72 | K27: 279.33 | L27: 24.6 | M27: 102.87 | N27: 3 | O27: 1 | P27: 0.39 | Q27: 4.69
A28: 45510.833 | B28: 9.07 | C28: 4.41 | D28: 14 | E28: 7.35 | F28: 2.46 | G28: 27.7 | H28: 9.34 | I28: 4.68 | J28: 0.44 | K28: 272.61 | L28: 24.38 | M28: 102.53 | N28: 3.2 | O28: 0.8 | P28: 0.38 | Q28: 4.68
A29: 45510.875 | B29: 9.1 | C29: 4.36 | D29: 14 | E29: 8.37 | F29: 2.32 | G29: 30.62 | H29: 8.8 | I29: 4.74 | J29: 0.26 | K29: 267.46 | L29: 24.44 | M29: 103.21 | N29: 2.2 | O29: 0.2 | P29: 0.38 | Q29: 4.67
A30: 45510.917 | B30: 9.09 | C30: 4.38 | D30: 14 | E30: 8.79 | F30: 2.63 | G30: 29.98 | H30: 8.38 | I30: 4.59 | J30: 0.36 | K30: 273.51 | L30: 24.55 | M30: 103.25 | N30: 2.5 | O30: 0.2 | P30: 0.36 | Q30: 4.68
A31: 45510.958 | B31: 9.05 | C31: 4.42 | D31: 14 | E31: 7.87 | F31: 3.7 | G31: 26.68 | H31: 6.71 | I31: 4.39 | J31: 0.38 | K31: 273.38 | L31: 24.74 | M31: 102.88 | N31: 2.4 | O31: 0.2 | P31: 0.34 | Q31: 4.68
A32: 45511 | B32: 9.07 | C32: 4.38 | D32: 14 | E32: 6.91 | F32: 4.76 | G32: 29.15 | H32: 5.08 | I32: 4.24 | J32: 0.37 | K32: 279.85 | L32: 24.82 | M32: 103.06 | N32: 2.5 | O32: 0.2 | P32: 0.3 | Q32: 4.67
A34: Min | B34: =MIN(B9:B32) -> 8.97 | C34: =MIN(C9:C32) -> 4.26 | D34: =MIN(D9:D32) -> 14 | E34: =MIN(E9:E32) -> 4.99 | F34: =MIN(F9:F32) -> 2.32 | G34: =MIN(G9:G32) -> 17.57 | H34: =MIN(H9:H32) -> 2.15 | I34: =MIN(I9:I32) -> 4.24 | ... Q34: =MIN(Q9:Q32) -> 4.66
A35: Max | B35: =MAX(B9:B32) -> 11.75 | C35: =MAX(C9:C32) -> 4.58 | D35: =MAX(D9:D32) -> 16.07 | E35: =MAX(E9:E32) -> 11.02 | F35: =MAX(F9:F32) -> 23.75 | G35: =MAX(G9:G32) -> 54.71 | H35: =MAX(H9:H32) -> 18.39 | I35: =MAX(I9:I32) -> 12.64 | ... Q35: =MAX(Q9:Q32) -> 4.69
A36: Avg | B36: =AVERAGE(B9:B32) -> 9.2691667 | C36: =AVERAGE(C9:C32) -> 4.3766667 | D36: =AVERAGE(D9:D32) -> 14.1425 | E36: =AVERAGE(E9:E32) -> 8.4273913 | F36: =AVERAGE(F9:F32) -> 6.3182609 | G36: =AVERAGE(G9:G32) -> 33.323182 | H36: =AVERAGE(H9:H32) -> 11.489545 | I36: =AVERAGE(I9:I32) -> 6.1895833 | ... Q36: =AVERAGE(Q9:Q32) -> 4.6725
A37: Stdev | B37: =STDEV(B9:B32) -> 0.63404099 | C37: =STDEV(C9:C32) -> 0.08473317 | D37: =STDEV(D9:D32) -> 0.49313769 | E37: =STDEV(E9:E32) -> 1.7404524 | F37: =STDEV(F9:F32) -> 5.3861689 | G37: =STDEV(G9:G32) -> 10.328663 | H37: =STDEV(H9:H32) -> 4.7188008 | I37: =STDEV(I9:I32) -> 1.9607307 | ... Q37: =STDEV(Q9:Q32) -> 0.0098907071
A38: Num | B38: =COUNT(B9:B32) -> 24 | C38: =COUNT(C9:C32) -> 24 | D38: =COUNT(D9:D32) -> 24 | E38: 24 | F38: 24 | G38: 24 | H38: 24 | I38: =COUNT(I9:I32) -> 24 | J38: =COUNT(J9:J32) -> 24 | K38: =COUNT(K9:K32) -> 24 | L38: =COUNT(L9:L32) -> 24 | M38: =COUNT(M9:M32) -> 24 | N38: =COUNT(N9:N32) -> 24 | O38: =COUNT(O9:O32) -> 24 | P38: =COUNT(P9:P32) -> 24 | Q38: =COUNT(Q9:Q32) -> 24
A39: DCR | B39: =IF(B38>=22,">90%",IF(B38<=22,"<90%")) -> >90% | C39: =IF(C38>=22,">90%",IF(C38<=22,"<90%")) -> >90% | D39: =IF(D38>=22,">90%",IF(D38<=22,"<90%")) -> >90% | E39: =IF(E38>=22,">90%",IF(E38<=22,"<90%")) -> >90% | F39: =IF(F38>=22,">90%",IF(F38<=22,"<90%")) -> >90% | G39: =IF(G38>=22,">90%",IF(G38<=22,"<90%")) -> >90% | H39: =IF(H38>=22,">90%",IF(H38<=22,"<90%")) -> >90% | I39: =IF(I38>=22,">90%",IF(I38<=22,"<90%")) -> >90% | ... Q39: =IF(Q38>=22,">90%",IF(Q38<=22,"<90%")) -> >90%
A40: Status | B40: =IF(B38>=22,"OK",IF(B38<=22,"LESS")) -> OK | C40: =IF(C38>=22,"OK",IF(C38<=22,"LESS")) -> OK | D40: =IF(D38>=22,"OK",IF(D38<=22,"LESS")) -> OK | E40: =IF(E38>=22,"OK",IF(E38<=22,"LESS")) -> OK | F40: =IF(F38>=22,"OK",IF(F38<=22,"LESS")) -> OK | G40: =IF(G38>=22,"OK",IF(G38<=22,"LESS")) -> OK | H40: =IF(H38>=22,"OK",IF(H38<=22,"LESS")) -> OK | I40: =IF(I38>=22,"OK",IF(I38<=22,"LESS")) -> OK | ... Q40: =IF(Q38>=22,"OK",IF(Q38<=22,"LESS")) -> OK
A43: Done by | B43: AKASH
A45: Comment

Sheet 07
A1: Station: | B1: IGKV ,RAIPUR
A2: Date: | B2: =$A$9 -> 45511.042 | D2: Power Off | G2: Pw.Off | L2: Link Fail | N2: Link F | P2: Maintenance | R2: Maint.
A3: Report Type: | B3: Mean | D3: Calibration | G3: Calib. | L3: Data Fail | N3: Data F | P3: Invalid | R3: Invalid
A4: Time Base: | B4: 01 Hour | D4: Zero Referrence | G4: Z.Ref | L4: Warm Up | N4: Wm. Up
A7: Date & Time | B7: NO | C7: NO2 | D7: NOX | E7: SO2 | F7: O3 | G7: PM 10 | H7: PM 2.5 | I7: BENZ | J7: WS | K7: WD | L7: TEMP | M7: HUM | N7: SR | O7: RG | P7: CO | Q7: NH3
B8: ug/m3 | C8: ug/m3 | D8: ppb | E8: ug/m3 | F8: ug/m3 | G8: ug/m3 | H8: ug/m3 | I8: ug/m3 | J8: m/sec | K8: deg | L8: degreC | M8: % | N8: w/m2 | O8: mm | P8: mg/m3 | Q8: ug/m3
A9: 45511.042 | B9: 9.32 | C9: 4.2 | D9: 14.07 | E9: 6.85 | F9: 5.27 | G9: 27.48 | H9: 9.26 | I9: 4.03 | J9: 0.68 | K9: 279.05 | L9: 24.87 | M9: 102.25 | N9: 2.8 | O9: 1.8 | P9: 0.28 | Q9: 4.67
A10: 45511.083 | B10: 9.32 | C10: 4.09 | D10: 14.05 | E10: 7.2 | F10: 4.12 | G10: 20.17 | H10: 8.98 | I10: 4.04 | J10: 0.8 | K10: 283.1 | L10: 24.31 | M10: 101.99 | N10: 2.8 | O10: 0 | P10: 0.28 | Q10: 4.67
A11: 45511.125 | B11: 9.31 | C11: 4.09 | D11: 14.05 | E11: 9.02 | F11: 4.2 | G11: 15.11 | H11: 11.27 | I11: 3.77 | J11: 0.56 | K11: 280.47 | L11: 24.22 | M11: 101.88 | N11: 2.6 | O11: 0 | P11: 0.29 | Q11: 4.67
A12: 45511.167 | B12: 9.32 | C12: 4.08 | D12: 14.06 | E12: 9.67 | F12: 2.65 | G12: 12.62 | H12: 10.59 | I12: 4.2 | J12: 0.61 | K12: 310.61 | L12: 24.32 | M12: 101.87 | N12: 3.1 | O12: 0 | P12: 0.33 | Q12: 4.67
A13: 45511.208 | B13: 9.35 | C13: 4.06 | D13: 14.06 | E13: 10.09 | F13: 2.32 | G13: 14.25 | H13: 8.14 | I13: 4.63 | J13: 0.9 | K13: 285.91 | L13: 24.02 | M13: 101.82 | N13: 3.2 | O13: 7 | P13: 0.33 | Q13: 4.67
A14: 45511.25 | B14: 10.45 | C14: 4.07 | D14: 14.51 | E14: 10.01 | F14: 2.22 | G14: 13.59 | H14: 6.31 | I14: 4.6 | J14: 0.16 | K14: 258.47 | L14: 23.99 | M14: 101.67 | N14: 10.7 | O14: 0.2 | P14: 0.48 | Q14: 4.67
A15: 45511.292 | B15: 9.33 | C15: 6 | D15: 14.31 | E15: 3.7 | F15: 6.12 | G15: 12.97 | H15: 5.44 | I15: 5.32 | J15: 0.44 | K15: 275.2 | L15: 24.09 | M15: 101.53 | N15: 26.3 | O15: 0 | P15: 0.51 | Q15: 4.87
A16: 45511.333 | B16: 8 | C16: 6 | D16: 14 | E16: Data F | F16: 6.83 | G16: 17.56 | H16: 6.68 | I16: 5.09 | J16: 0.38 | K16: 277.82 | L16: 24.6 | M16: 101.47 | N16: 62.4 | O16: 0 | P16: 0.46 | Q16: 4.6
A17: 45511.375 | B17: 8 | C17: 6 | D17: 14 | E17: Data F | F17: 6.24 | G17: 17.63 | H17: 6.39 | I17: 4.96 | J17: 0.36 | K17: 292.06 | L17: 25.07 | M17: 101.46 | N17: 74.1 | O17: 0.2 | P17: 0.47 | Q17: 4.59
A18: 45511.417 | B18: 8 | C18: 6 | D18: 14 | E18: Data F | F18: 6.3 | G18: 19.65 | H18: 7.13 | I18: 5.38 | J18: 0.43 | K18: 283.75 | L18: 25.53 | M18: 100.65 | N18: 101.5 | O18: 0.2 | P18: 0.52 | Q18: 4.59
A19: 45511.458 | B19: 8 | C19: 6 | D19: 14 | E19: 9.82 | F19: 7.13 | G19: 22.59 | H19: 8.76 | I19: 5.73 | J19: 0.61 | K19: 282.97 | L19: 26 | M19: 100.5 | N19: 99.2 | O19: 0 | P19: 0.55 | Q19: 4.58
A20: 45511.5 | B20: 8 | C20: 6 | D20: 14 | E20: 10.43 | F20: 6.6 | G20: 23.8 | H20: 14.1 | I20: 6.04 | J20: 0.52 | K20: 294.06 | L20: 26.47 | M20: 96.71 | N20: 96.5 | O20: 0 | P20: 0.6 | Q20: 4.57
A21: 45511.542 | B21: 8 | C21: 6 | D21: 14 | E21: 11.08 | F21: 6.28 | G21: 44.13 | H21: 18.02 | I21: 6.51 | J21: 0.42 | K21: 298.57 | L21: 26.58 | M21: 96.17 | N21: 94 | O21: 0.2 | P21: 0.63 | Q21: 4.58
A22: 45511.583 | B22: 8 | C22: 6 | D22: 14 | E22: 11.24 | F22: 6.39 | G22: 43.33 | H22: 17.47 | I22: 6.95 | J22: 0.41 | K22: 326.66 | L22: 27.04 | M22: 95.54 | N22: 94.7 | O22: 0 | P22: 0.69 | Q22: 4.56
A23: 45511.625 | B23: 8 | C23: 6 | D23: 14 | E23: 11.4 | F23: 6.55 | G23: 45.39 | H23: 24.65 | I23: 7.16 | J23: 0.14 | K23: 306.4 | L23: 27.12 | M23: 96.86 | N23: 55.1 | O23: 0.4 | P23: 0.6 | Q23: 4.57
A24: 45511.667 | B24: 8 | C24: 6 | D24: 14 | E24: 11.8 | F24: 6.92 | G24: 45 | H24: 22.71 | I24: 7.29 | J24: 0.17 | K24: 313.38 | L24: 26.96 | M24: 95.62 | N24: 70.3 | O24: 0.2 | P24: 0.63 | Q24: 4.56
A25: 45511.708 | B25: 8 | C25: 6 | D25: 14 | E25: 10.55 | F25: 7.35 | G25: 46.11 | H25: 18.92 | I25: 7.18 | J25: 0.24 | K25: 270.81 | L25: 26.78 | M25: 98.65 | N25: 28.1 | O25: 0.8 | P25: 0.62 | Q25: 4.58
A26: 45511.75 | B26: 8 | C26: 6 | D26: 14 | E26: 10.01 | F26: 7.89 | G26: 45.1 | H26: 24.08 | I26: 7.25 | J26: 0.42 | K26: 279.35 | L26: 26.22 | M26: 99.21 | N26: 12.8 | O26: 0.2 | P26: 0.65 | Q26: 4.57
A27: 45511.792 | B27: 8 | C27: 6 | D27: 14 | E27: 10.06 | F27: 7.84 | G27: 43.84 | H27: 22.58 | I27: 7.25 | J27: 0.83 | K27: 304.13 | L27: 26.09 | M27: 98.98 | N27: 4.5 | O27: 1.6 | P27: 0.61 | Q27: 4.58
A28: 45511.833 | B28: 8 | C28: 6 | D28: 14 | E28: 9.5 | F28: 6.19 | G28: 41.62 | H28: 18.47 | I28: 7.14 | J28: 0.87 | K28: 283.16 | L28: 24.6 | M28: 99.23 | N28: 2.5 | O28: 0 | P28: 0.57 | Q28: 4.58
A29: 45511.875 | B29: 8 | C29: 6 | D29: 14 | E29: 9.44 | F29: 5.84 | G29: 31.2 | H29: 17.49 | I29: 6.85 | J29: 0.63 | K29: 285.17 | L29: 24.56 | M29: 98.97 | N29: 2.4 | O29: 0 | P29: 0.54 | Q29: 4.57
A30: 45511.917 | B30: 8 | C30: 6 | D30: 14 | E30: 10 | F30: 5.58 | G30: 24.49 | H30: 13.34 | I30: 7.1 | J30: 0.51 | K30: 281.84 | L30: 24.77 | M30: 99.04 | N30: 2.6 | O30: 0 | P30: 0.59 | Q30: 4.58
... A32: 45512 | B32: 8 | C32: 6 | D32: 14 | E32: 11.1 | F32: 5.56 | G32: 21.45 | H32: 9.05 | I32: 6.41 | J32: 0.56 | K32: 282.87 | L32: 24.85 | M32: 98.63 | N32: 2.9 | O32: 0 | P32: 0.5 | Q32: 4.59
A34: Min | B34: =MIN(B9:B32) -> 8 | C34: =MIN(C9:C32) -> 4.06 | D34: =MIN(D9:D32) -> 14 | E34: =MIN(E9:E32) -> 3.7 | F34: =MIN(F9:F32) -> 2.22 | G34: =MIN(G9:G32) -> 12.62 | H34: =MIN(H9:H32) -> 5.44 | I34: =MIN(I9:I32) -> 3.77 | ... Q34: =MIN(Q9:Q32) -> 4.56
A35: Max | B35: =MAX(B9:B32) -> 10.45 | C35: =MAX(C9:C32) -> 6 | D35: =MAX(D9:D32) -> 14.51 | E35: =MAX(E9:E32) -> 11.8 | F35: =MAX(F9:F32) -> 7.89 | G35: =MAX(G9:G32) -> 46.11 | H35: =MAX(H9:H32) -> 24.65 | I35: =MAX(I9:I32) -> 7.29 | ... Q35: =MAX(Q9:Q32) -> 4.87
A36: Avg | B36: =AVERAGE(B9:B32) -> 8.4333333 | C36: =AVERAGE(C9:C32) -> 5.5245833 | D36: =AVERAGE(D9:D32) -> 14.04625 | E36: =AVERAGE(E9:E32) -> 9.6780952 | F36: =AVERAGE(F9:F32) -> 5.7558333 | G36: =AVERAGE(G9:G32) -> 27.995417 | H36: =AVERAGE(H9:H32) -> 13.369167 | I36: =AVERAGE(I9:I32) -> 5.9129167 | ... Q36: =AVERAGE(Q9:Q32) -> 4.6133333
A37: Stdev | B37: =STDEV(B9:B32) -> 0.72323348 | C37: =STDEV(C9:C32) -> 0.84149442 | D37: =STDEV(D9:D32) -> 0.11831471 | E37: =STDEV(E9:E32) -> 1.8252113 | F37: =STDEV(F9:F32) -> 1.5889754 | G37: =STDEV(G9:G32) -> 12.607514 | H37: =STDEV(H9:H32) -> 6.2308614 | I37: =STDEV(I9:I32) -> 1.2436289 | ... Q37: =STDEV(Q9:Q32) -> 0.068503676
A38: Num | B38: =COUNT(B9:B32) -> 24 | C38: =COUNT(C9:C32) -> 24 | D38: =COUNT(D9:D32) -> 24 | E38: 24 | F38: =COUNT(F9:F32) -> 24 | G38: =COUNT(G9:G32) -> 24 | H38: =COUNT(H9:H32) -> 24 | I38: =COUNT(I9:I32) -> 24 | J38: =COUNT(J9:J32) -> 24 | K38: =COUNT(K9:K32) -> 24 | L38: =COUNT(L9:L32) -> 24 | M38: =COUNT(M9:M32) -> 24 | ... Q38: =COUNT(Q9:Q32) -> 24
A39: DCR | B39: =IF(B38>=22,">90%",IF(B38<=22,"<90%")) -> >90% | C39: =IF(C38>=22,">90%",IF(C38<=22,"<90%")) -> >90% | D39: =IF(D38>=22,">90%",IF(D38<=22,"<90%")) -> >90% | E39: =IF(E38>=22,">90%",IF(E38<=22,"<90%")) -> >90% | F39: =IF(F38>=22,">90%",IF(F38<=22,"<90%")) -> >90% | G39: =IF(G38>=22,">90%",IF(G38<=22,"<90%")) -> >90% | H39: =IF(H38>=22,">90%",IF(H38<=22,"<90%")) -> >90% | I39: =IF(I38>=22,">90%",IF(I38<=22,"<90%")) -> >90% | ... Q39: =IF(Q38>=22,">90%",IF(Q38<=22,"<90%")) -> >90%
A40: Status | B40: =IF(B38>=22,"OK",IF(B38<=22,"LESS")) -> OK | C40: =IF(C38>=22,"OK",IF(C38<=22,"LESS")) -> OK | D40: =IF(D38>=22,"OK",IF(D38<=22,"LESS")) -> OK | E40: =IF(E38>=22,"OK",IF(E38<=22,"LESS")) -> OK | F40: =IF(F38>=22,"OK",IF(F38<=22,"LESS")) -> OK | G40: =IF(G38>=22,"OK",IF(G38<=22,"LESS")) -> OK | H40: =IF(H38>=22,"OK",IF(H38<=22,"LESS")) -> OK | I40: =IF(I38>=22,"OK",IF(I38<=22,"LESS")) -> OK | ... Q40: =IF(Q38>=22,"OK",IF(Q38<=22,"LESS")) -> OK
A43: Done by | B43: AKASH
A45: Comment

Sheet 08
A1: Station: | B1: IGKV ,RAIPUR
A2: Date: | B2: =$A$9 -> 45512.042 | D2: Power Off | G2: Pw.Off | L2: Link Fail | N2: Link F | P2: Maintenance | R2: Maint.
A3: Report Type: | B3: Mean | D3: Calibration | G3: Calib. | L3: Data Fail | N3: Data F | P3: Invalid | R3: Invalid
A4: Time Base: | B4: 01 Hour | D4: Zero Referrence | G4: Z.Ref | L4: Warm Up | N4: Wm. Up
A7: Date & Time | B7: NO | C7: NO2 | D7: NOX | E7: SO2 | F7: O3 | G7: PM 10 | H7: PM 2.5 | I7: BENZ | J7: WS | K7: WD | L7: TEMP | M7: HUM | N7: SR | O7: RG | P7: CO | Q7: NH3
B8: ug/m3 | C8: ug/m3 | D8: ppb | E8: ug/m3 | F8: ug/m3 | G8: ug/m3 | H8: ug/m3 | I8: ug/m3 | J8: m/sec | K8: deg | L8: degreC | M8: % | N8: w/m2 | O8: mm | P8: mg/m3 | Q8: ug/m3
A9: 45512.042 | B9: 9.27 | C9: 4.09 | D9: 14.01 | E9: 11.69 | F9: 5.29 | G9: 17.57 | H9: 8.42 | I9: 6.09 | J9: 0.66 | K9: 282.34 | L9: 24.68 | M9: 97.9 | N9: 2.8 | O9: 0 | P9: 0.47 | Q9: 4.56
A10: 45512.083 | B10: 9.3 | C10: 4.08 | D10: 14.03 | E10: 11.03 | F10: 5.99 | G10: 17.16 | H10: 6.44 | I10: 5.9 | J10: 0.72 | K10: 282.46 | L10: 24.51 | M10: 98.08 | N10: 2.5 | O10: 0 | P10: 0.46 | Q10: 4.6
A11: 45512.125 | B11: 9.27 | C11: 4.09 | D11: 14.01 | E11: 10.72 | F11: 5.78 | G11: 18.09 | H11: 5.41 | I11: 7.39 | J11: 0.76 | K11: 287.67 | L11: 24.47 | M11: 96.33 | N11: 2.5 | O11: 0.2 | P11: 0.56 | Q11: 4.58
A12: 45512.167 | B12: 9.24 | C12: 4.11 | D12: 14 | E12: 11.04 | F12: 5.39 | G12: 17.38 | H12: 12.41 | I12: 8.6 | J12: 0.64 | K12: 284.2 | L12: 24.39 | M12: 98.4 | N12: 2.5 | O12: 0.6 | P12: 0.65 | Q12: 4.59
A13: 45512.208 | B13: 9.27 | C13: 4.07 | D13: 14.01 | E13: 10.53 | F13: 5.58 | G13: 35.13 | H13: 17.53 | I13: 8.68 | J13: 0.57 | K13: 281.51 | L13: 24.21 | M13: 99.62 | N13: 2.4 | O13: 0 | P13: 0.63 | Q13: 4.58
A14: 45512.25 | B14: 9.28 | C14: 4.07 | D14: 14 | E14: 10.15 | F14: 5.86 | G14: 33.63 | H14: 16.35 | I14: 8.35 | J14: 0.47 | K14: 280.37 | L14: 24.37 | M14: 99.74 | N14: 10.3 | O14: 0 | P14: 0.59 | Q14: 4.58
A15: 45512.292 | B15: 9.26 | C15: 4.09 | D15: 14 | E15: 10.76 | F15: 5.38 | G15: 28.92 | H15: 12.53 | I15: 8.78 | J15: 0.55 | K15: 299.4 | L15: 24.89 | M15: 99.04 | N15: 38.4 | O15: 0 | P15: 0.64 | Q15: 4.57
A16: 45512.333 | B16: 9.26 | C16: 4.08 | D16: 14.01 | E16: 11.1 | F16: 5.47 | G16: 49.37 | H16: 11.75 | I16: 8.77 | J16: 0.69 | K16: 309.15 | L16: 24.94 | M16: 97.63 | N16: 37.7 | O16: 0.2 | P16: 0.62 | Q16: 4.58
A17: 45512.375 | B17: 9.27 | C17: 4.08 | D17: 14 | E17: 11.32 | F17: 5.29 | G17: 51.06 | H17: 16.46 | I17: 8.06 | J17: 1.06 | K17: 312.05 | L17: 24.25 | M17: 98.33 | N17: 61 | O17: 0.4 | P17: 0.59 | Q17: 4.58
A18: 45512.417 | B18: 9.26 | C18: 4.09 | D18: 14 | E18: 11.71 | F18: 5.35 | G18: 48.75 | H18: 15.52 | I18: 7.24 | J18: 0.85 | K18: 297.65 | L18: 24.36 | M18: 98.03 | N18: 105.8 | O18: 0.4 | P18: 0.54 | Q18: 4.58
A19: 45512.458 | B19: 9.28 | C19: 4.07 | D19: 14 | E19: 9.52 | F19: 6 | G19: 38.52 | H19: 16.43 | I19: 6.57 | J19: 0.71 | K19: 285.99 | L19: 25.23 | M19: 97.46 | N19: 151.3 | O19: 0.2 | P19: 0.53 | Q19: 4.58
A20: 45512.5 | B20: 9.29 | C20: 4.1 | D20: 14.03 | E20: 8.47 | F20: 6.96 | G20: 41.82 | H20: 15.65 | I20: 6.34 | J20: 0.67 | K20: 286.55 | L20: 25.86 | M20: 96.97 | N20: 161.3 | O20: 0.6 | P20: 0.51 | Q20: 4.59
... A32: 45513 | B32: 9.31 | C32: 4.09 | D32: 14.02 | E32: 9.31 | F32: 6.56 | G32: 26.14 | H32: 13.73 | I32: 5.72 | J32: 0.53 | K32: 284.86 | L32: 25.13 | M32: 95.5 | N32: 2.3 | O32: 0 | P32: 0.4 | Q32: 4.59
A34: Min | B34: =MIN(B9:B32) -> 9.24 | C34: =MIN(C9:C32) -> 4.07 | D34: =MIN(D9:D32) -> 14 | E34: =MIN(E9:E32) -> 7.18 | F34: =MIN(F9:F32) -> 5.29 | G34: =MIN(G9:G32) -> 17.16 | H34: =MIN(H9:H32) -> 5.41 | I34: =MIN(I9:I32) -> 5.44 | ... Q34: =MIN(Q9:Q32) -> 4.56
A35: Max | B35: =MAX(B9:B32) -> 9.31 | C35: =MAX(C9:C32) -> 4.12 | D35: =MAX(D9:D32) -> 14.04 | E35: =MAX(E9:E32) -> 11.71 | F35: =MAX(F9:F32) -> 10.7 | G35: =MAX(G9:G32) -> 51.06 | H35: =MAX(H9:H32) -> 19.49 | I35: =MAX(I9:I32) -> 8.78 | ... Q35: =MAX(Q9:Q32) -> 4.6
A36: Avg | B36: =AVERAGE(B9:B32) -> 9.2725 | C36: =AVERAGE(C9:C32) -> 4.09 | D36: =AVERAGE(D9:D32) -> 14.011667 | E36: =AVERAGE(E9:E32) -> 9.79125 | F36: =AVERAGE(F9:F32) -> 6.9933333 | G36: =AVERAGE(G9:G32) -> 34.453333 | H36: =AVERAGE(H9:H32) -> 15.18 | I36: =AVERAGE(I9:I32) -> 6.7633333 | ... Q36: =AVERAGE(Q9:Q32) -> 4.5808333
A37: Stdev | B37: =STDEV(B9:B32) -> 0.018474424 | C37: =STDEV(C9:C32) -> 0.012853692 | D37: =STDEV(D9:D32) -> 0.013405601 | E37: =STDEV(E9:E32) -> 1.4307958 | F37: =STDEV(F9:F32) -> 1.6792951 | G37: =STDEV(G9:G32) -> 10.072635 | H37: =STDEV(H9:H32) -> 3.9055846 | I37: =STDEV(I9:I32) -> 1.1494674 | ... Q37: =STDEV(Q9:Q32) -> 0.0092861124
A38: Num | B38: =COUNT(B9:B32) -> 24 | C38: =COUNT(C9:C32) -> 24 | D38: =COUNT(D9:D32) -> 24 | E38: =COUNT(E9:E32) -> 24 | F38: =COUNT(F9:F32) -> 24 | G38: =COUNT(G9:G32) -> 24 | H38: =COUNT(H9:H32) -> 24 | I38: =COUNT(I9:I32) -> 24 | ... Q38: =COUNT(Q9:Q32) -> 24
A39: DCR | B39: =IF(B38>=22,">90%",IF(B38<=22,"<90%")) -> >90% | C39: =IF(C38>=22,">90%",IF(C38<=22,"<90%")) -> >90% | D39: =IF(D38>=22,">90%",IF(D38<=22,"<90%")) -> >90% | E39: =IF(E38>=22,">90%",IF(E38<=22,"<90%")) -> >90% | F39: =IF(F38>=22,">90%",IF(F38<=22,"<90%")) -> >90% | G39: =IF(G38>=22,">90%",IF(G38<=22,"<90%")) -> >90% | H39: =IF(H38>=22,">90%",IF(H38<=22,"<90%")) -> >90% | I39: =IF(I38>=22,">90%",IF(I38<=22,"<90%")) -> >90% | ... Q39: =IF(Q38>=22,">90%",IF(Q38<=22,"<90%")) -> >90%
A40: Status | B40: =IF(B38>=22,"OK",IF(B38<=22,"LESS")) -> OK | C40: =IF(C38>=22,"OK",IF(C38<=22,"LESS")) -> OK | D40: =IF(D38>=22,"OK",IF(D38<=22,"LESS")) -> OK | E40: =IF(E38>=22,"OK",IF(E38<=22,"LESS")) -> OK | F40: =IF(F38>=22,"OK",IF(F38<=22,"LESS")) -> OK | G40: =IF(G38>=22,"OK",IF(G38<=22,"LESS")) -> OK | H40: =IF(H38>=22,"OK",IF(H38<=22,"LESS")) -> OK | I40: =IF(I38>=22,"OK",IF(I38<=22,"LESS")) -> OK | ... Q40: =IF(Q38>=22,"OK",IF(Q38<=22,"LESS")) -> OK
A43: Done by | B43: AKASH
A45: Comment

Sheet 09
A1: Station: | B1: IGKV ,RAIPUR
A2: Date: | B2: =$A$9 -> 45513.042 | D2: Power Off | G2: Pw.Off | L2: Link Fail | N2: Link F | P2: Maintenance | R2: Maint.
A3: Report Type: | B3: Mean | D3: Calibration | G3: Calib. | L3: Data Fail | N3: Data F | P3: Invalid | R3: Invalid
A4: Time Base: | B4: 01 Hour | D4: Zero Referrence | G4: Z.Ref | L4: Warm Up | N4: Wm. Up
A7: Date & Time | B7: NO | C7: NO2 | D7: NOX | E7: SO2 | F7: O3 | G7: PM 10 | H7: PM 2.5 | I7: BENZ | J7: WS | K7: WD | L7: TEMP | M7: HUM | N7: SR | O7: RG | P7: CO | Q7: NH3
B8: ug/m3 | C8: ug/m3 | D8: ppb | E8: ug/m3 | F8: ug/m3 | G8: ug/m3 | H8: ug/m3 | I8: ug/m3 | J8: m/sec | K8: deg | L8: degreC | M8: % | N8: w/m2 | O8: mm | P8: mg/m3 | Q8: ug/m3
A9: 45513.042 | B9: 9.22 | C9: 4.15 | D9: 14 | E9: 9.26 | F9: 6.38 | G9: 25.54 | H9: 12.06 | I9: 5.57 | J9: 0.5 | K9: 279.65 | L9: 24.84 | M9: 96.35 | N9: 2.1 | O9: 0 | P9: 0.4 | Q9: 4.57
A10: 45513.083 | B10: 9.24 | C10: 4.11 | D10: 14 | E10: 9.97 | F10: 5.88 | G10: 22.89 | H10: 11.51 | I10: 5.23 | J10: 0.54 | K10: 279.52 | L10: 24.71 | M10: 96.13 | N10: 2.2 | O10: 0 | P10: 0.37 | Q10: 4.63
A11: 45513.125 | B11: 9.24 | C11: 4.11 | D11: 14 | E11: 10.52 | F11: 5.59 | G11: 21.49 | H11: 11.18 | I11: 4.81 | J11: 0.52 | K11: 281.54 | L11: 24.71 | M11: 95.44 | N11: 2.4 | O11: 0 | P11: 0.36 | Q11: 4.64
A12: 45513.167 | B12: 9.23 | C12: 4.13 | D12: 14 | E12: 10.98 | F12: 5.67 | G12: 19.59 | H12: 8.98 | I12: 4.44 | J12: 0.66 | K12: 284.8 | L12: 24.66 | M12: 94.69 | N12: 2.3 | O12: 0 | P12: 0.35 | Q12: 4.57
A13: 45513.208 | B13: 9.23 | C13: 4.14 | D13: 14 | E13: 11.27 | F13: 5.62 | G13: 16.19 | H13: 6.86 | I13: 4.11 | J13: 0.81 | K13: 284 | L13: 24.71 | M13: 95.56 | N13: 2.5 | O13: 0.6 | P13: 0.33 | Q13: 4.58
A14: 45513.25 | B14: 9.24 | C14: 4.14 | D14: 14 | E14: 11.59 | F14: 5.39 | G14: 19.55 | H14: 5.94 | I14: 3.91 | J14: 0.84 | K14: 281.05 | L14: 23.84 | M14: 99.9 | N14: 4.6 | O14: 4.6 | P14: 0.33 | Q14: 4.64
A15: 45513.292 | B15: 9.2 | C15: 4.21 | D15: 14 | E15: 10.67 | F15: 5.49 | G15: 19.3 | H15: 5.52 | I15: 4.25 | J15: 0.7 | K15: 283.07 | L15: 23.54 | M15: 99.9 | N15: 23.1 | O15: 1.2 | P15: 0.33 | Q15: 4.62
A16: 45513.333 | B16: 9.19 | C16: 4.22 | D16: 14 | E16: 10.18 | F16: 5.44 | G16: 17.68 | H16: 5.49 | I16: 4.55 | J16: 0.77 | K16: 282.06 | L16: 23.64 | M16: 99.9 | N16: 56.7 | O16: 2.2 | P16: 0.32 | Q16: 4.58
A17: 45513.375 | B17: 9.19 | C17: 4.2 | D17: 14 | E17: 9.77 | F17: 5.68 | G17: 16.23 | H17: 9.21 | I17: 4.49 | J17: 0.59 | K17: 280.04 | L17: 24.69 | M17: 99.88 | N17: 120 | O17: 0 | P17: 0.31 | Q17: 4.6
A18: 45513.417 | B18: 9.19 | C18: 4.21 | D18: 14 | E18: 9.77 | F18: 5.43 | G18: 15.65 | H18: 14.42 | I18: 4.48 | J18: 0.67 | K18: 288.91 | L18: 25.59 | M18: 99.88 | N18: 156 | O18: 0 | P18: 0.31 | Q18: 4.59
A19: 45513.458 | B19: 9.19 | C19: 4.18 | D19: 14 | E19: 10.86 | F19: 5.78 | G19: 21.46 | H19: 14.09 | I19: 4.46 | J19: 0.81 | K19: 296.64 | L19: 26.6 | M19: 90.9 | N19: 244.3 | O19: 0 | P19: 0.37 | Q19: 4.78
A20: 45513.5 | B20: 9.21 | C20: 4.18 | D20: 14 | E20: 11.19 | F20: 5.51 | G20: 42.33 | H20: 18.02 | I20: 5.15 | J20: 0.73 | K20: 290.73 | L20: 26.38 | M20: 89.6 | N20: 127.3 | O20: 0 | P20: 0.45 | Q20: 4.79
... A32: 45514 | B32: 9.21 | C32: 4.17 | D32: 14 | E32: 11.81 | F32: 6.37 | G32: 71.41 | H32: 36.87 | I32: 6.64 | J32: 0.1 | K32: 217.54 | L32: 26.06 | M32: 96.74 | N32: 2.4 | O32: 0 | P32: 0.59 | Q32: 5.07
A34: Min | B34: =MIN(B9:B32) -> 9.19 | C34: =MIN(C9:C32) -> 4.11 | D34: =MIN(D9:D32) -> 14 | E34: =MIN(E9:E32) -> 9.26 | F34: =MIN(F9:F32) -> 5.39 | G34: =MIN(G9:G32) -> 15.65 | H34: =MIN(H9:H32) -> 5.49 | I34: =MIN(I9:I32) -> 3.91 | ... Q34: =MIN(Q9:Q32) -> 4.57
A35: Max | B35: =MAX(B9:B32) -> 9.24 | C35: =MAX(C9:C32) -> 4.22 | D35: =MAX(D9:D32) -> 14 | E35: =MAX(E9:E32) -> 12.38 | F35: =MAX(F9:F32) -> 12.08 | G35: =MAX(G9:G32) -> 72.74 | H35: =MAX(H9:H32) -> 37.25 | I35: =MAX(I9:I32) -> 6.64 | ... Q35: =MAX(Q9:Q32) -> 8.24
A36: Avg | B36: =AVERAGE(B9:B32) -> 9.2175 | C36: =AVERAGE(C9:C32) -> 4.1591667 | D36: =AVERAGE(D9:D32) -> 14 | E36: =AVERAGE(E9:E32) -> 10.737917 | F36: =AVERAGE(F9:F32) -> 6.90125 | G36: =AVERAGE(G9:G32) -> 44.11625 | H36: =AVERAGE(H9:H32) -> 20.04 | I36: =AVERAGE(I9:I32) -> 5.3320833 | ... Q36: =AVERAGE(Q9:Q32) -> 4.83375
A37: Stdev | B37: =STDEV(B9:B32) -> 0.016746187 | C37: =STDEV(C9:C32) -> 0.033089689 | D37: =STDEV(D9:D32) -> 0 | E37: =STDEV(E9:E32) -> 0.86369267 | F37: =STDEV(F9:F32) -> 1.9898991 | G37: =STDEV(G9:G32) -> 23.838645 | H37: =STDEV(H9:H32) -> 10.765802 | I37: =STDEV(I9:I32) -> 0.83417743 | ... Q37: =STDEV(Q9:Q32) -> 0.76350344
A38: Num | B38: =COUNT(B9:B32) -> 24 | C38: =COUNT(C9:C32) -> 24 | D38: =COUNT(D9:D32) -> 24 | E38: =COUNT(E9:E32) -> 24 | F38: =COUNT(F9:F32) -> 24 | G38: =COUNT(G9:G32) -> 24 | H38: =COUNT(H9:H32) -> 24 | I38: =COUNT(I9:I32) -> 24 | ... Q38: =COUNT(Q9:Q32) -> 24
A39: DCR | B39: =IF(B38>=22,">90%",IF(B38<=22,"<90%")) -> >90% | C39: =IF(C38>=22,">90%",IF(C38<=22,"<90%")) -> >90% | D39: =IF(D38>=22,">90%",IF(D38<=22,"<90%")) -> >90% | E39: =IF(E38>=22,">90%",IF(E38<=22,"<90%")) -> >90% | F39: =IF(F38>=22,">90%",IF(F38<=22,"<90%")) -> >90% | G39: =IF(G38>=22,">90%",IF(G38<=22,"<90%")) -> >90% | H39: =IF(H38>=22,">90%",IF(H38<=22,"<90%")) -> >90% | I39: =IF(I38>=22,">90%",IF(I38<=22,"<90%")) -> >90% | ... Q39: =IF(Q38>=22,">90%",IF(Q38<=22,"<90%")) -> >90%
A40: Status | B40: =IF(B38>=22,"OK",IF(B38<=22,"LESS")) -> OK | C40: =IF(C38>=22,"OK",IF(C38<=22,"LESS")) -> OK | D40: =IF(D38>=22,"OK",IF(D38<=22,"LESS")) -> OK | E40: =IF(E38>=22,"OK",IF(E38<=22,"LESS")) -> OK | F40: =IF(F38>=22,"OK",IF(F38<=22,"LESS")) -> OK | G40: =IF(G38>=22,"OK",IF(G38<=22,"LESS")) -> OK | H40: =IF(H38>=22,"OK",IF(H38<=22,"LESS")) -> OK | I40: =IF(I38>=22,"OK",IF(I38<=22,"LESS")) -> OK | ... Q40: =IF(Q38>=22,"OK",IF(Q38<=22,"LESS")) -> OK
A43: Done by | B43: AKASH
A45: Comment

Sheet 10
A1: Station: | B1: IGKV ,RAIPUR
A2: Date: | B2: =$A$9 -> 45514.042 | D2: Power Off | G2: Pw.Off | L2: Link Fail | N2: Link F | P2: Maintenance | R2: Maint.
A3: Report Type: | B3: Mean | D3: Calibration | G3: Calib. | L3: Data Fail | N3: Data F | P3: Invalid | R3: Invalid
A4: Time Base: | B4: 01 Hour | D4: Zero Referrence | G4: Z.Ref | L4: Warm Up | N4: Wm. Up
A7: Date & Time | B7: NO | C7: NO2 | D7: NOX | E7: SO2 | F7: O3 | G7: PM 10 | H7: PM 2.5 | I7: BENZ | J7: WS | K7: WD | L7: TEMP | M7: HUM | N7: SR | O7: RG | P7: CO | Q7: NH3
B8: ug/m3 | C8: ug/m3 | D8: ppb | E8: ug/m3 | F8: ug/m3 | G8: ug/m3 | H8: ug/m3 | I8: ug/m3 | J8: m/sec | K8: deg | L8: degreC | M8: % | N8: w/m2 | O8: mm | P8: mg/m3 | Q8: ug/m3
A9: 45514.042 | B9: 9.19 | C9: 4.21 | D9: 14 | E9: 11.96 | F9: 6.45 | G9: 71.44 | H9: 37.27 | I9: 6.91 | J9: 0.16 | K9: 206.06 | L9: 25.83 | M9: 97.09 | N9: 2.2 | O9: 0 | P9: 0.6 | Q9: 4.58
A10: 45514.083 | B10: 9.2 | C10: 4.17 | D10: 14 | E10: 10.5 | F10: 6.97 | G10: 71.55 | H10: 38.94 | I10: 6.82 | J10: 0.13 | K10: 195.52 | L10: 25.67 | M10: 98.12 | N10: 2.1 | O10: 0 | P10: 0.57 | Q10: 4.58
A11: 45514.125 | B11: 9.2 | C11: 4.17 | D11: 14 | E11: 10.49 | F11: 7.76 | G11: 70.47 | H11: 37.63 | I11: 6.36 | J11: 0.13 | K11: 205.54 | L11: 25.61 | M11: 98.44 | N11: 2.1 | O11: 0 | P11: 0.52 | Q11: 4.57
A12: 45514.167 | B12: 9.2 | C12: 4.17 | D12: 14 | E12: 10.34 | F12: 7.62 | G12: 64.05 | H12: 29.26 | I12: 5.85 | J12: 0.13 | K12: 186.81 | L12: 25.72 | M12: 98.79 | N12: 2.3 | O12: 0 | P12: 0.48 | Q12: 4.59
A13: 45514.208 | B13: 9.21 | C13: 4.16 | D13: 14 | E13: 10.76 | F13: 8.22 | G13: 54.1 | H13: 27.42 | I13: 5.7 | J13: 0.44 | K13: 283.39 | L13: 25.64 | M13: 98.95 | N13: 2.3 | O13: 0 | P13: 0.47 | Q13: 4.58
A14: 45514.25 | B14: 9.21 | C14: 4.16 | D14: 14 | E14: 10.79 | F14: 8.28 | G14: 50.23 | H14: 26.4 | I14: 5.75 | J14: 0.52 | K14: 285.9 | L14: 25.62 | M14: 95.81 | N14: 5.8 | O14: 0 | P14: 0.46 | Q14: 4.58
A15: 45514.292 | B15: 9.22 | C15: 4.19 | D15: 14 | E15: 11.56 | F15: 6.33 | G15: 49 | H15: 23.6 | I15: 5.42 | J15: 0.47 | K15: 279.39 | L15: 25.84 | M15: 95.59 | N15: 59.8 | O15: 0 | P15: 0.44 | Q15: 4.57
A16: 45514.333 | B16: 9.21 | C16: 4.19 | D16: 14 | E16: 12.19 | F16: 5.96 | G16: 44.94 | H16: 22.64 | I16: 5.31 | J16: 0.68 | K16: 285.32 | L16: 27.31 | M16: 92.54 | N16: 113.6 | O16: 0 | P16: 0.46 | Q16: 4.59
A17: 45514.375 | B17: 9.22 | C17: 4.17 | D17: 14 | E17: 13.12 | F17: 5.91 | G17: 48.09 | H17: 24.81 | I17: 6.26 | J17: 0.68 | K17: 288.41 | L17: 29.02 | M17: 82.57 | N17: 260.9 | O17: 0 | P17: 0.53 | Q17: 4.58
A18: 45514.417 | B18: 9.21 | C18: 4.18 | D18: 14 | E18: 12.87 | F18: 6.03 | G18: 47.79 | H18: 22.96 | I18: 6.87 | J18: 0.69 | K18: 291.01 | L18: 29.98 | M18: 77.61 | N18: 254.4 | O18: 0 | P18: 0.56 | Q18: 4.57
A19: 45514.458 | B19: 9.17 | C19: 4.24 | D19: 14 | E19: 8.45 | F19: 8.25 | G19: 56.28 | H19: 17.23 | I19: 7 | J19: 0.75 | K19: 285.15 | L19: 30.39 | M19: 71.91 | N19: 706.1 | O19: 0 | P19: 0.53 | Q19: 4.57
A20: 45514.5 | B20: 9.18 | C20: 4.23 | D20: 14 | E20: 9.29 | F20: 10.08 | G20: 54.62 | H20: 21.65 | I20: 6.48 | J20: 0.89 | K20: 286.49 | L20: 30.76 | M20: 70.37 | N20: 678.2 | O20: 0 | P20: 0.46 | Q20: 4.58
... A32: 45515 | B32: 9.15 | C32: 4.25 | D32: 14 | E32: 8.84 | F32: 9.33 | G32: 45.7 | H32: 16.96 | I32: 4.68 | J32: 0.42 | K32: 279.53 | L32: 25.68 | M32: 91.07 | N32: 2.1 | O32: 0 | P32: 0.4 | Q32: 4.58
A34: Min | B34: =MIN(B9:B32) -> 9.15 | C34: =MIN(C9:C32) -> 4.16 | D34: =MIN(D9:D32) -> 14 | E34: =MIN(E9:E32) -> 7.29 | F34: =MIN(F9:F32) -> 5.91 | G34: =MIN(G9:G32) -> 44.94 | H34: =MIN(H9:H32) -> 16.96 | I34: =MIN(I9:I32) -> 3.89 | ... Q34: =MIN(Q9:Q32) -> 4.57
A35: Max | B35: =MAX(B9:B32) -> 9.22 | C35: =MAX(C9:C32) -> 4.26 | D35: =MAX(D9:D32) -> 14 | E35: =MAX(E9:E32) -> 13.12 | F35: =MAX(F9:F32) -> 14.54 | G35: =MAX(G9:G32) -> 71.55 | H35: =MAX(H9:H32) -> 38.94 | I35: =MAX(I9:I32) -> 7 | ... Q35: =MAX(Q9:Q32) -> 4.59
A36: Avg | B36: =AVERAGE(B9:B32) -> 9.1866667 | C36: =AVERAGE(C9:C32) -> 4.2095833 | D36: =AVERAGE(D9:D32) -> 14 | E36: =AVERAGE(E9:E32) -> 10.139583 | F36: =AVERAGE(F9:F32) -> 8.90875 | G36: =AVERAGE(G9:G32) -> 54.541667 | H36: =AVERAGE(H9:H32) -> 27.010417 | I36: =AVERAGE(I9:I32) -> 5.5341667 | ... Q36: =AVERAGE(Q9:Q32) -> 4.5816667
A37: Stdev | B37: =STDEV(B9:B32) -> 0.020359095 | C37: =STDEV(C9:C32) -> 0.032097564 | D37: =STDEV(D9:D32) -> 0 | E37: =STDEV(E9:E32) -> 1.6400251 | F37: =STDEV(F9:F32) -> 2.3736274 | G37: =STDEV(G9:G32) -> 8.5440387 | H37: =STDEV(H9:H32) -> 6.0692923 | I37: =STDEV(I9:I32) -> 0.91018353 | ... Q37: =STDEV(Q9:Q32) -> 0.0070196412
A38: Num | B38: =COUNT(B9:B32) -> 24 | C38: =COUNT(C9:C32) -> 24 | D38: =COUNT(D9:D32) -> 24 | E38: =COUNT(E9:E32) -> 24 | F38: =COUNT(F9:F32) -> 24 | G38: =COUNT(G9:G32) -> 24 | H38: =COUNT(H9:H32) -> 24 | I38: =COUNT(I9:I32) -> 24 | ... Q38: =COUNT(Q9:Q32) -> 24
A39: DCR | B39: =IF(B38>=22,">90%",IF(B38<=22,"<90%")) -> >90% | C39: =IF(C38>=22,">90%",IF(C38<=22,"<90%")) -> >90% | D39: =IF(D38>=22,">90%",IF(D38<=22,"<90%")) -> >90% | E39: =IF(E38>=22,">90%",IF(E38<=22,"<90%")) -> >90% | F39: =IF(F38>=22,">90%",IF(F38<=22,"<90%")) -> >90% | G39: =IF(G38>=22,">90%",IF(G38<=22,"<90%")) -> >90% | H39: =IF(H38>=22,">90%",IF(H38<=22,"<90%")) -> >90% | I39: =IF(I38>=22,">90%",IF(I38<=22,"<90%")) -> >90% | ... Q39: =IF(Q38>=22,">90%",IF(Q38<=22,"<90%")) -> >90%
A40: Status | B40: =IF(B38>=22,"OK",IF(B38<=22,"LESS")) -> OK | C40: =IF(C38>=22,"OK",IF(C38<=22,"LESS")) -> OK | D40: =IF(D38>=22,"OK",IF(D38<=22,"LESS")) -> OK | E40: =IF(E38>=22,"OK",IF(E38<=22,"LESS")) -> OK | F40: =IF(F38>=22,"OK",IF(F38<=22,"LESS")) -> OK | G40: =IF(G38>=22,"OK",IF(G38<=22,"LESS")) -> OK | H40: =IF(H38>=22,"OK",IF(H38<=22,"LESS")) -> OK | I40: =IF(I38>=22,"OK",IF(I38<=22,"LESS")) -> OK | ... Q40: =IF(Q38>=22,"OK",IF(Q38<=22,"LESS")) -> OK
A43: Done by | B43: AKASH
A45: Comment

Sheet 11
A1: Station: | B1: IGKV ,RAIPUR
A2: Date: | B2: =$A$9 -> 45515.042 | D2: Power Off | G2: Pw.Off | L2: Link Fail | N2: Link F | P2: Maintenance | R2: Maint.
A3: Report Type: | B3: Mean | D3: Calibration | G3: Calib. | L3: Data Fail | N3: Data F | P3: Invalid | R3: Invalid
A4: Time Base: | B4: 01 Hour | D4: Zero Referrence | G4: Z.Ref | L4: Warm Up | N4: Wm. Up
A7: Date & Time | B7: NO | C7: NO2 | D7: NOX | E7: SO2 | F7: O3 | G7: PM 10 | H7: PM 2.5 | I7: BENZ | J7: WS | K7: WD | L7: TEMP | M7: HUM | N7: SR | O7: RG | P7: CO | Q7: NH3
B8: ug/m3 | C8: ug/m3 | D8: ppb | E8: ug/m3 | F8: ug/m3 | G8: ug/m3 | H8: ug/m3 | I8: ug/m3 | J8: m/sec | K8: deg | L8: degreC | M8: % | N8: w/m2 | O8: mm | P8: mg/m3 | Q8: ug/m3
A9: 45515.042 | B9: 9.31 | C9: 4.15 | D9: 14.05 | E9: 9.16 | F9: 8.08 | G9: 41.44 | H9: 16.96 | I9: 4.55 | J9: 0.52 | K9: 280.98 | L9: 25.73 | M9: 90.74 | N9: 2.1 | O9: 0 | P9: 0.4 | Q9: 4.6
A10: 45515.083 | B10: 9.34 | C10: 4.07 | D10: 14.06 | E10: 9.57 | F10: 6.46 | G10: 39.44 | H10: 16.83 | I10: 4.13 | J10: 0.7 | K10: 283.37 | L10: 25.73 | M10: 88.76 | N10: 2.4 | O10: 0 | P10: 0.38 | Q10: 4.58
A11: 45515.125 | B11: 9.33 | C11: 4.07 | D11: 14.06 | E11: 10.99 | F11: 6.64 | G11: 38.76 | H11: 16.02 | I11: 3.86 | J11: 0.61 | K11: 282.53 | L11: 25.61 | M11: 89.24 | N11: 2.3 | O11: 0 | P11: 0.37 | Q11: 4.57
A12: 45515.167 | B12: 9.33 | C12: 4.09 | D12: 14.06 | E12: 11.82 | F12: 5.81 | G12: 34.76 | H12: 12.71 | I12: 3.69 | J12: 0.49 | K12: 278.77 | L12: 25.39 | M12: 89.16 | N12: 2.4 | O12: 0 | P12: 0.35 | Q12: 4.58
A13: 45515.208 | B13: 9.34 | C13: 4.07 | D13: 14.05 | E13: 11.78 | F13: 5.77 | G13: 27.76 | H13: 8.9 | I13: 3.51 | J13: 0.53 | K13: 280.5 | L13: 25.2 | M13: 89.54 | N13: 2.2 | O13: 0 | P13: 0.34 | Q13: 4.58
A14: 45515.25 | B14: 9.34 | C14: 4.12 | D14: 14.07 | E14: 11.51 | F14: 6.2 | G14: 23.19 | H14: 6.4 | I14: 3.44 | J14: 0.52 | K14: 283.1 | L14: 24.86 | M14: 90.58 | N14: 10.8 | O14: 0 | P14: 0.32 | Q14: 4.57
A15: 45515.292 | B15: 9.34 | C15: 4.1 | D15: 14.07 | E15: 10.22 | F15: 6.32 | G15: 22.24 | H15: 5.07 | I15: 3.54 | J15: 0.53 | K15: 282.66 | L15: 25.06 | M15: 90.77 | N15: 24 | O15: 0 | P15: 0.3 | Q15: 4.58
A16: 45515.333 | B16: 9.33 | C16: 4.1 | D16: 14.07 | E16: 10.17 | F16: 6.44 | G16: 23.45 | H16: 10.15 | I16: 3.41 | J16: 0.7 | K16: 280.84 | L16: 25.78 | M16: 90.8 | N16: 116.7 | O16: 0 | P16: 0.3 | Q16: 4.59
A17: 45515.375 | B17: 9.31 | C17: 4.1 | D17: 14.06 | E17: 11.52 | F17: 6.74 | G17: 24.24 | H17: 14.02 | I17: 3.57 | J17: 0.87 | K17: 287.25 | L17: 26.57 | M17: 86.17 | N17: 158.2 | O17: 0 | P17: 0.3 | Q17: 4.59
A18: 45515.417 | B18: 9.32 | C18: 4.09 | D18: 14.04 | E18: 10.51 | F18: 6.93 | G18: 26.87 | H18: 13.49 | I18: 3.93 | J18: 0.74 | K18: 286.06 | L18: 27.57 | M18: 85.69 | N18: 196.1 | O18: 0 | P18: 0.33 | Q18: 4.58
A19: 45515.458 | B19: 9.32 | C19: 4.07 | D19: 14.05 | E19: 10.85 | F19: 7.1 | G19: 34.62 | H19: 11.15 | I19: 4.06 | J19: 0.91 | K19: 284.66 | L19: 28.02 | M19: 83.12 | N19: 193.9 | O19: 0 | P19: 0.34 | Q19: 4.59
A20: 45515.5 | B20: 9.32 | C20: 4.07 | D20: 14.05 | E20: 11.43 | F20: 6.03 | G20: 35.58 | H20: 15.97 | I20: 4.14 | J20: 0.81 | K20: 283.93 | L20: 28.15 | M20: 84.28 | N20: 226.6 | O20: 0 | P20: 0.35 | Q20: 4.59
... A32: 45516 | B32: 9.32 | C32: 4.1 | D32: 14.05 | E32: 11.63 | F32: 5.97 | G32: 42.17 | H32: 15.67 | I32: 7.97 | J32: 0.18 | K32: 261.5 | L32: 25.51 | M32: 99.82 | N32: 2.2 | O32: 0 | P32: 0.82 | Q32: 4.58
A34: Min | B34: =MIN(B9:B32) -> 9.28 | C34: =MIN(C9:C32) -> 4.07 | D34: =MIN(D9:D32) -> 14.01 | E34: =MIN(E9:E32) -> 9.16 | F34: =MIN(F9:F32) -> 5.18 | G34: =MIN(G9:G32) -> 22.24 | H34: =MIN(H9:H32) -> 5.07 | I34: =MIN(I9:I32) -> 3.41 | ... Q34: =MIN(Q9:Q32) -> 4.57
A35: Max | B35: =MAX(B9:B32) -> 9.34 | C35: =MAX(C9:C32) -> 4.15 | D35: =MAX(D9:D32) -> 14.07 | E35: =MAX(E9:E32) -> 12.26 | F35: =MAX(F9:F32) -> 19.01 | G35: =MAX(G9:G32) -> 53.01 | H35: =MAX(H9:H32) -> 22.34 | I35: =MAX(I9:I32) -> 7.97 | ... Q35: =MAX(Q9:Q32) -> 4.6
A36: Avg | B36: =AVERAGE(B9:B32) -> 9.315 | C36: =AVERAGE(C9:C32) -> 4.09 | D36: =AVERAGE(D9:D32) -> 14.047083 | E36: =AVERAGE(E9:E32) -> 10.9225 | F36: =AVERAGE(F9:F32) -> 8.4454167 | G36: =AVERAGE(G9:G32) -> 37.357917 | H36: =AVERAGE(H9:H32) -> 15.760833 | I36: =AVERAGE(I9:I32) -> 4.6125 | ... Q36: =AVERAGE(Q9:Q32) -> 4.5845833
A37: Stdev | B37: =STDEV(B9:B32) -> 0.018177865 | C37: =STDEV(C9:C32) -> 0.020641874 | D37: =STDEV(D9:D32) -> 0.017062332 | E37: =STDEV(E9:E32) -> 0.87774043 | F37: =STDEV(F9:F32) -> 4.1004252 | G37: =STDEV(G9:G32) -> 8.9977161 | H37: =STDEV(H9:H32) -> 4.8159011 | I37: =STDEV(I9:I32) -> 1.1715959 | ... Q37: =STDEV(Q9:Q32) -> 0.0083297094
A38: Num | B38: =COUNT(B9:B32) -> 24 | C38: =COUNT(C9:C32) -> 24 | D38: =COUNT(D9:D32) -> 24 | E38: =COUNT(E9:E32) -> 24 | F38: =COUNT(F9:F32) -> 24 | G38: =COUNT(G9:G32) -> 24 | H38: =COUNT(H9:H32) -> 24 | I38: =COUNT(I9:I32) -> 24 | ... Q38: =COUNT(Q9:Q32) -> 24
A39: DCR | B39: =IF(B38>=22,">90%",IF(B38<=22,"<90%")) -> >90% | C39: =IF(C38>=22,">90%",IF(C38<=22,"<90%")) -> >90% | D39: =IF(D38>=22,">90%",IF(D38<=22,"<90%")) -> >90% | E39: =IF(E38>=22,">90%",IF(E38<=22,"<90%")) -> >90% | F39: =IF(F38>=22,">90%",IF(F38<=22,"<90%")) -> >90% | G39: =IF(G38>=22,">90%",IF(G38<=22,"<90%")) -> >90% | H39: =IF(H38>=22,">90%",IF(H38<=22,"<90%")) -> >90% | I39: =IF(I38>=22,">90%",IF(I38<=22,"<90%")) -> >90% | ... Q39: =IF(Q38>=22,">90%",IF(Q38<=22,"<90%")) -> >90%
A40: Status | B40: =IF(B38>=22,"OK",IF(B38<=22,"LESS")) -> OK | C40: =IF(C38>=22,"OK",IF(C38<=22,"LESS")) -> OK | D40: =IF(D38>=22,"OK",IF(D38<=22,"LESS")) -> OK | E40: =IF(E38>=22,"OK",IF(E38<=22,"LESS")) -> OK | F40: =IF(F38>=22,"OK",IF(F38<=22,"LESS")) -> OK | G40: =IF(G38>=22,"OK",IF(G38<=22,"LESS")) -> OK | H40: =IF(H38>=22,"OK",IF(H38<=22,"LESS")) -> OK | I40: =IF(I38>=22,"OK",IF(I38<=22,"LESS")) -> OK | ... Q40: =IF(Q38>=22,"OK",IF(Q38<=22,"LESS")) -> OK
A43: Done by | B43: AKASH
A45: Comment

Sheet 12
A1: Station: | B1: IGKV ,RAIPUR
A2: Date: | B2: =$A$9 -> 45516.042 | D2: Power Off | G2: Pw.Off | L2: Link Fail | N2: Link F | P2: Maintenance | R2: Maint.
A3: Report Type: | B3: Mean | D3: Calibration | G3: Calib. | L3: Data Fail | N3: Data F | P3: Invalid | R3: Invalid
A4: Time Base: | B4: 01 Hour | D4: Zero Referrence | G4: Z.Ref | L4: Warm Up | N4: Wm. Up
A7: Date & Time | B7: NO | C7: NO2 | D7: NOX | E7: SO2 | F7: O3 | G7: PM 10 | H7: PM 2.5 | I7: BENZ | J7: WS | K7: WD | L7: TEMP | M7: HUM | N7: SR | O7: RG | P7: CO | Q7: NH3
B8: ug/m3 | C8: ug/m3 | D8: ppb | E8: ug/m3 | F8: ug/m3 | G8: ug/m3 | H8: ug/m3 | I8: ug/m3 | J8: m/sec | K8: deg | L8: degreC | M8: % | N8: w/m2 | O8: mm | P8: mg/m3 | Q8: ug/m3
A9: 45516.042 | B9: 9.29 | C9: 4.12 | D9: 14.03 | E9: 10.38 | F9: 8.34 | G9: 41.11 | H9: 17.86 | I9: 7.68 | J9: 0.24 | K9: 268.08 | L9: 25.49 | M9: 99.74 | N9: 2.5 | O9: 0 | P9: 0.71 | Q9: 4.58
A10: 45516.083 | B10: 9.3 | C10: 4.09 | D10: 14.04 | E10: 9.2 | F10: 8.91 | G10: 36.33 | H10: 16.47 | I10: 6.53 | J10: 0.13 | K10: 250.93 | L10: 25.21 | M10: 98.95 | N10: 2.4 | O10: 0 | P10: 0.61 | Q10: 4.59
A11: 45516.125 | B11: 9.3 | C11: 4.1 | D11: 14.04 | E11: 10.32 | F11: 8.78 | G11: 35.35 | H11: 12.25 | I11: 5.95 | J11: 0.14 | K11: 267.16 | L11: 25.03 | M11: 99.06 | N11: 2.4 | O11: 0 | P11: 0.6 | Q11: 4.59
A12: 45516.167 | B12: 9.29 | C12: 4.09 | D12: 14.03 | E12: 10.66 | F12: 6.82 | G12: 33.44 | H12: 9.3 | I12: 6.18 | J12: 0.16 | K12: 255.88 | L12: 24.88 | M12: 98.99 | N12: 2.4 | O12: 0 | P12: 0.59 | Q12: 4.56
A13: 45516.208 | B13: 9.29 | C13: 4.09 | D13: 14.02 | E13: 10.02 | F13: 7.1 | G13: 25.21 | H13: 6.99 | I13: 5.64 | J13: 0.16 | K13: 255.33 | L13: 24.79 | M13: 99.8 | N13: 2.1 | O13: 0 | P13: 0.53 | Q13: 4.58
A14: 45516.25 | B14: 9.29 | C14: 4.1 | D14: 14.03 | E14: 10.47 | F14: 5.67 | G14: 21.45 | H14: 5.39 | I14: 5.38 | J14: 0.21 | K14: 271.07 | L14: 24.95 | M14: 99.76 | N14: 18.9 | O14: 0 | P14: 0.53 | Q14: 4.59
A15: 45516.292 | B15: 9.28 | C15: 4.09 | D15: 14.01 | E15: 11.37 | F15: 5.62 | G15: 19.32 | H15: 12.64 | I15: 5.08 | J15: 0.41 | K15: 282.24 | L15: 25.89 | M15: 99.35 | N15: 63.7 | O15: 0 | P15: 0.49 | Q15: 4.59
A16: 45516.333 | B16: 9.25 | C16: 4.11 | D16: 14 | E16: 12.13 | F16: 5.51 | G16: 19.23 | H16: 11.82 | I16: 4.83 | J16: 0.63 | K16: 284.98 | L16: 26.94 | M16: 94.67 | N16: 128.6 | O16: 0 | P16: 0.45 | Q16: 4.58
A17: 45516.375 | B17: 9.26 | C17: 4.1 | D17: 14.01 | E17: 12.62 | F17: 5.8 | G17: 18.32 | H17: 11.79 | I17: 5.6 | J17: 0.76 | K17: 285.6 | L17: 28.4 | M17: 87.72 | N17: 233.7 | O17: 0 | P17: 0.51 | Q17: 4.58
A18: 45516.417 | B18: 9.26 | C18: 4.11 | D18: 14.02 | E18: 14.55 | F18: 8.1 | G18: 17.41 | H18: 11.87 | I18: 6.89 | J18: 0.86 | K18: 288.46 | L18: 29.24 | M18: 81.85 | N18: 284.3 | O18: 0 | P18: 0.54 | Q18: 4.56
A19: 45516.458 | B19: 9.27 | C19: 4.1 | D19: 14.01 | E19: 14.88 | F19: 7.82 | G19: 27.94 | H19: 11.6 | I19: 6.87 | J19: 0.94 | K19: 292.48 | L19: 30.13 | M19: 78.15 | N19: 395.7 | O19: 0 | P19: 0.52 | Q19: 4.57
A20: 45516.5 | B20: 9.28 | C20: 4.1 | D20: 14.01 | E20: 12.14 | F20: 9.5 | G20: 35.58 | H20: 16.13 | I20: 6.83 | J20: 0.88 | K20: 287.78 | L20: 30.4 | M20: 75.82 | N20: 634.7 | O20: 0 | P20: 0.51 | Q20: 4.57
... A32: 45517 | B32: 9.29 | C32: 4.07 | D32: 14.02 | E32: 9.06 | F32: 10.66 | G32: 65.81 | H32: 28.99 | I32: 6 | J32: 0.14 | K32: 233.57 | L32: 27.16 | M32: 90.92 | N32: 2.1 | O32: 0 | P32: 0.58 | Q32: 4.59
A34: Min | B34: =MIN(B9:B32) -> 9.25 | C34: =MIN(C9:C32) -> 4.07 | D34: =MIN(D9:D32) -> 14 | E34: =MIN(E9:E32) -> 8.26 | F34: =MIN(F9:F32) -> 5.51 | G34: =MIN(G9:G32) -> 17.41 | H34: =MIN(H9:H32) -> 5.39 | I34: =MIN(I9:I32) -> 4.83 | ... Q34: =MIN(Q9:Q32) -> 4.56
A35: Max | B35: =MAX(B9:B32) -> 9.31 | C35: =MAX(C9:C32) -> 4.12 | D35: =MAX(D9:D32) -> 14.05 | E35: =MAX(E9:E32) -> 14.88 | F35: =MAX(F9:F32) -> 14.77 | G35: =MAX(G9:G32) -> 75.46 | H35: =MAX(H9:H32) -> 33.15 | I35: =MAX(I9:I32) -> 7.68 | ... Q35: =MAX(Q9:Q32) -> 4.59
A36: Avg | B36: =AVERAGE(B9:B32) -> 9.285 | C36: =AVERAGE(C9:C32) -> 4.09375 | D36: =AVERAGE(D9:D32) -> 14.024167 | E36: =AVERAGE(E9:E32) -> 10.52625 | F36: =AVERAGE(F9:F32) -> 9.7983333 | G36: =AVERAGE(G9:G32) -> 44.627083 | H36: =AVERAGE(H9:H32) -> 19.87375 | I36: =AVERAGE(I9:I32) -> 6.3354167 | ... Q36: =AVERAGE(Q9:Q32) -> 4.5808333
A37: Stdev | B37: =STDEV(B9:B32) -> 0.016151457 | C37: =STDEV(C9:C32) -> 0.013125647 | D37: =STDEV(D9:D32) -> 0.012481871 | E37: =STDEV(E9:E32) -> 1.7216115 | F37: =STDEV(F9:F32) -> 2.9917389 | G37: =STDEV(G9:G32) -> 20.151119 | H37: =STDEV(H9:H32) -> 8.9509076 | I37: =STDEV(I9:I32) -> 0.67080081 | ... Q37: =STDEV(Q9:Q32) -> 0.0097430763
A38: Num | B38: =COUNT(B9:B32) -> 24 | C38: =COUNT(C9:C32) -> 24 | D38: =COUNT(D9:D32) -> 24 | E38: =COUNT(E9:E32) -> 24 | F38: =COUNT(F9:F32) -> 24 | G38: =COUNT(G9:G32) -> 24 | H38: =COUNT(H9:H32) -> 24 | I38: =COUNT(I9:I32) -> 24 | ... Q38: =COUNT(Q9:Q32) -> 24
A39: DCR | B39: =IF(B38>=22,">90%",IF(B38<=22,"<90%")) -> >90% | C39: =IF(C38>=22,">90%",IF(C38<=22,"<90%")) -> >90% | D39: =IF(D38>=22,">90%",IF(D38<=22,"<90%")) -> >90% | E39: =IF(E38>=22,">90%",IF(E38<=22,"<90%")) -> >90% | F39: =IF(F38>=22,">90%",IF(F38<=22,"<90%")) -> >90% | G39: =IF(G38>=22,">90%",IF(G38<=22,"<90%")) -> >90% | H39: =IF(H38>=22,">90%",IF(H38<=22,"<90%")) -> >90% | I39: =IF(I38>=22,">90%",IF(I38<=22,"<90%")) -> >90% | ... Q39: =IF(Q38>=22,">90%",IF(Q38<=22,"<90%")) -> >90%
A40: Status | B40: =IF(B38>=22,"OK",IF(B38<=22,"LESS")) -> OK | C40: =IF(C38>=22,"OK",IF(C38<=22,"LESS")) -> OK | D40: =IF(D38>=22,"OK",IF(D38<=22,"LESS")) -> OK | E40: =IF(E38>=22,"OK",IF(E38<=22,"LESS")) -> OK | F40: =IF(F38>=22,"OK",IF(F38<=22,"LESS")) -> OK | G40: =IF(G38>=22,"OK",IF(G38<=22,"LESS")) -> OK | H40: =IF(H38>=22,"OK",IF(H38<=22,"LESS")) -> OK | I40: =IF(I38>=22,"OK",IF(I38<=22,"LESS")) -> OK | ... Q40: =IF(Q38>=22,"OK",IF(Q38<=22,"LESS")) -> OK
A43: Done by | B43: AKASH
A45: Comment

Sheet 13
A1: Station: | B1: IGKV ,RAIPUR
A2: Date: | B2: =$A$9 -> 45517.042 | D2: Power Off | G2: Pw.Off | L2: Link Fail | N2: Link F | P2: Maintenance | R2: Maint.
A3: Report Type: | B3: Mean | D3: Calibration | G3: Calib. | L3: Data Fail | N3: Data F | P3: Invalid | R3: Invalid
A4: Time Base: | B4: 01 Hour | D4: Zero Referrence | G4: Z.Ref | L4: Warm Up | N4: Wm. Up
A7: Date & Time | B7: NO | C7: NO2 | D7: NOX | E7: SO2 | F7: O3 | G7: PM 10 | H7: PM 2.5 | I7: BENZ | J7: WS | K7: WD | L7: TEMP | M7: HUM | N7: SR | O7: RG | P7: CO | Q7: NH3
B8: ug/m3 | C8: ug/m3 | D8: ppb | E8: ug/m3 | F8: ug/m3 | G8: ug/m3 | H8: ug/m3 | I8: ug/m3 | J8: m/sec | K8: deg | L8: degreC | M8: % | N8: w/m2 | O8: mm | P8: mg/m3 | Q8: ug/m3
A9: 45517.042 | B9: 9.22 | C9: 4.19 | D9: 14 | E9: 9.2 | F9: 9.39 | G9: 61.87 | H9: 29.03 | I9: 6.19 | J9: 0.3 | K9: 260.7 | L9: 27.28 | M9: 91.8 | N9: 2.2 | O9: 0 | P9: 0.58 | Q9: 4.58
A10: 45517.083 | B10: 9.21 | C10: 4.15 | D10: 14 | E10: 9.75 | F10: 8.13 | G10: 62 | H10: 28.89 | I10: 5.85 | J10: 0.13 | K10: 194.57 | L10: 26.6 | M10: 96.48 | N10: 2.1 | O10: 0 | P10: 0.55 | Q10: 4.58
A11: 45517.125 | B11: 9.24 | C11: 4.16 | D11: 14 | E11: 8.26 | F11: 6.64 | G11: 61.67 | H11: 27.6 | I11: 5.65 | J11: 0.15 | K11: 264.37 | L11: 26.47 | M11: 97.5 | N11: 2.1 | O11: 0 | P11: 0.53 | Q11: 4.57
A12: 45517.167 | B12: 9.2 | C12: 4.21 | D12: 14 | E12: 8.4 | F12: 6.3 | G12: 57.6 | H12: 21.21 | I12: 5.42 | J12: 0.13 | K12: 262.85 | L12: 26.52 | M12: 97.77 | N12: 2.1 | O12: 0 | P12: 0.51 | Q12: 4.59
A13: 45517.208 | B13: 9.21 | C13: 4.18 | D13: 14 | E13: 7.84 | F13: 9.62 | G13: 45.73 | H13: 18.21 | I13: 5.23 | J13: 0.14 | K13: 251.29 | L13: 26.34 | M13: 97.28 | N13: 2.1 | O13: 0 | P13: 0.46 | Q13: 4.58
A14: 45517.25 | B14: 9.21 | C14: 4.2 | D14: 14 | E14: 6.37 | F14: 9.75 | G14: 42.03 | H14: 17.87 | I14: 4.54 | J14: 0.17 | K14: 266.11 | L14: 26.25 | M14: 97.43 | N14: 18.8 | O14: 0 | P14: 0.4 | Q14: 4.59
A15: 45517.292 | B15: 9.19 | C15: 4.19 | D15: 14 | E15: 6.61 | F15: 9.96 | G15: 39.94 | H15: 16.35 | I15: 4.51 | J15: 0.4 | K15: 285.14 | L15: 27.49 | M15: 96.19 | N15: 85.5 | O15: 0 | P15: 0.4 | Q15: 4.59
A16: 45517.333 | B16: 9.21 | C16: 4.18 | D16: 14 | E16: 6.96 | F16: 10.77 | G16: 39.23 | H16: 17.14 | I16: 4.85 | J16: 0.66 | K16: 286.46 | L16: 28.66 | M16: 88.49 | N16: 124.8 | O16: 0 | P16: 0.46 | Q16: 4.59
A17: 45517.375 | B17: 9.22 | C17: 4.19 | D17: 14 | E17: 7.68 | F17: 10.51 | G17: 43.77 | H17: 16.58 | I17: 6 | J17: 0.73 | K17: 288.11 | L17: 30.78 | M17: 82.14 | N17: 271.1 | O17: 0 | P17: 0.56 | Q17: 4.58
A18: 45517.417 | B18: 9.21 | C18: 4.19 | D18: 14 | E18: 8.25 | F18: 9.97 | G18: 58.77 | H18: 14.54 | I18: 6.35 | J18: 0.87 | K18: 294.26 | L18: 31.23 | M18: 72.66 | N18: 442 | O18: 0 | P18: 0.59 | Q18: 4.58
A19: 45517.458 | B19: 9.19 | C19: 4.23 | D19: 14 | E19: 10.62 | F19: 9.78 | G19: 66.12 | H19: 16.84 | I19: 6.82 | J19: 0.74 | K19: 303.66 | L19: 31.89 | M19: 74.82 | N19: 600.1 | O19: 0 | P19: 0.64 | Q19: 4.58
A20: 45517.5 | B20: 9.17 | C20: 4.23 | D20: 14 | E20: 14.03 | F20: 10.26 | G20: 69.23 | H20: 19.05 | I20: 6.84 | J20: 0.76 | K20: 299.9 | L20: 33.61 | M20: 68.23 | N20: 768.7 | O20: 0 | P20: 0.61 | Q20: 4.57
... A32: 45518 | B32: 9.19 | C32: 4.21 | D32: 14 | E32: 10.36 | F32: 13.06 | G32: 91.07 | H32: 25.07 | I32: 8.64 | J32: 0.27 | K32: 262.89 | L32: 28.72 | M32: 84.04 | N32: 2.2 | O32: 0 | P32: 0.66 | Q32: 4.59
A34: Min | B34: =MIN(B9:B32) -> 9.12 | C34: =MIN(C9:C32) -> 4.15 | D34: =MIN(D9:D32) -> 14 | E34: =MIN(E9:E32) -> 6.37 | F34: =MIN(F9:F32) -> 6.3 | G34: =MIN(G9:G32) -> 39.23 | H34: =MIN(H9:H32) -> 14.54 | I34: =MIN(I9:I32) -> 4.51 | ... Q34: =MIN(Q9:Q32) -> 4.57
A35: Max | B35: =MAX(B9:B32) -> 9.25 | C35: =MAX(C9:C32) -> 4.33 | D35: =MAX(D9:D32) -> 14.01 | E35: =MAX(E9:E32) -> 14.03 | F35: =MAX(F9:F32) -> 27.93 | G35: =MAX(G9:G32) -> 92.37 | H35: =MAX(H9:H32) -> 29.03 | I35: =MAX(I9:I32) -> 8.64 | ... Q35: =MAX(Q9:Q32) -> 4.6
A36: Avg | B36: =AVERAGE(B9:B32) -> 9.195 | C36: =AVERAGE(C9:C32) -> 4.2154167 | D36: =AVERAGE(D9:D32) -> 14.000417 | E36: =AVERAGE(E9:E32) -> 9.7241667 | F36: =AVERAGE(F9:F32) -> 11.147083 | G36: =AVERAGE(G9:G32) -> 64.285417 | H36: =AVERAGE(H9:H32) -> 22.494583 | I36: =AVERAGE(I9:I32) -> 5.9383333 | ... Q36: =AVERAGE(Q9:Q32) -> 4.5841667
A37: Stdev | B37: =STDEV(B9:B32) -> 0.030786784 | C37: =STDEV(C9:C32) -> 0.044622003 | D37: =STDEV(D9:D32) -> 0.0020412415 | E37: =STDEV(E9:E32) -> 2.0705364 | F37: =STDEV(F9:F32) -> 4.5702692 | G37: =STDEV(G9:G32) -> 16.287619 | H37: =STDEV(H9:H32) -> 4.9787278 | I37: =STDEV(I9:I32) -> 1.0488323 | ... Q37: =STDEV(Q9:Q32) -> 0.0092861124
A38: Num | B38: =COUNT(B9:B32) -> 24 | C38: =COUNT(C9:C32) -> 24 | D38: =COUNT(D9:D32) -> 24 | E38: =COUNT(E9:E32) -> 24 | F38: =COUNT(F9:F32) -> 24 | G38: =COUNT(G9:G32) -> 24 | H38: =COUNT(H9:H32) -> 24 | I38: =COUNT(I9:I32) -> 24 | ... Q38: =COUNT(Q9:Q32) -> 24
A39: DCR | B39: =IF(B38>=22,">90%",IF(B38<=22,"<90%")) -> >90% | C39: =IF(C38>=22,">90%",IF(C38<=22,"<90%")) -> >90% | D39: =IF(D38>=22,">90%",IF(D38<=22,"<90%")) -> >90% | E39: =IF(E38>=22,">90%",IF(E38<=22,"<90%")) -> >90% | F39: =IF(F38>=22,">90%",IF(F38<=22,"<90%")) -> >90% | G39: =IF(G38>=22,">90%",IF(G38<=22,"<90%")) -> >90% | H39: =IF(H38>=22,">90%",IF(H38<=22,"<90%")) -> >90% | I39: =IF(I38>=22,">90%",IF(I38<=22,"<90%")) -> >90% | ... Q39: =IF(Q38>=22,">90%",IF(Q38<=22,"<90%")) -> >90%
A40: Status | B40: =IF(B38>=22,"OK",IF(B38<=22,"LESS")) -> OK | C40: =IF(C38>=22,"OK",IF(C38<=22,"LESS")) -> OK | D40: =IF(D38>=22,"OK",IF(D38<=22,"LESS")) -> OK | E40: =IF(E38>=22,"OK",IF(E38<=22,"LESS")) -> OK | F40: =IF(F38>=22,"OK",IF(F38<=22,"LESS")) -> OK | G40: =IF(G38>=22,"OK",IF(G38<=22,"LESS")) -> OK | H40: =IF(H38>=22,"OK",IF(H38<=22,"LESS")) -> OK | I40: =IF(I38>=22,"OK",IF(I38<=22,"LESS")) -> OK | ... Q40: =IF(Q38>=22,"OK",IF(Q38<=22,"LESS")) -> OK
A43: Done by | B43: AKASH
A45: Comment

Sheet 14
A1: Station: | B1: IGKV ,RAIPUR
A2: Date: | B2: =$A$9 -> 45518.042 | D2: Power Off | G2: Pw.Off | L2: Link Fail | N2: Link F | P2: Maintenance | R2: Maint.
A3: Report Type: | B3: Mean | D3: Calibration | G3: Calib. | L3: Data Fail | N3: Data F | P3: Invalid | R3: Invalid
A4: Time Base: | B4: 01 Hour | D4: Zero Referrence | G4: Z.Ref | L4: Warm Up | N4: Wm. Up
A7: Date & Time | B7: NO | C7: NO2 | D7: NOX | E7: SO2 | F7: O3 | G7: PM 10 | H7: PM 2.5 | I7: BENZ | J7: WS | K7: WD | L7: TEMP | M7: HUM | N7: SR | O7: RG | P7: CO | Q7: NH3
B8: ug/m3 | C8: ug/m3 | D8: ppb | E8: ug/m3 | F8: ug/m3 | G8: ug/m3 | H8: ug/m3 | I8: ug/m3 | J8: m/sec | K8: deg | L8: degreC | M8: % | N8: w/m2 | O8: mm | P8: mg/m3 | Q8: ug/m3
A9: 45518.042 | B9: 9.3 | C9: 4.11 | D9: 14.03 | E9: 10.79 | F9: 14.52 | G9: 84.52 | H9: 23.53 | I9: 8.98 | J9: 0.23 | K9: 267.86 | L9: 28.67 | M9: 84.02 | N9: 2.1 | O9: 0 | P9: 0.59 | Q9: 4.59
A10: 45518.083 | B10: 9.3 | C10: 4.12 | D10: 14.04 | E10: 9.71 | F10: 12.87 | G10: 79.06 | H10: 26.4 | I10: 12.25 | J10: 0.24 | K10: 260.17 | L10: 28.49 | M10: 87.52 | N10: 2.4 | O10: 0 | P10: 0.6 | Q10: 4.59
A11: 45518.125 | B11: 9.29 | C11: 4.08 | D11: 14.02 | E11: 6.76 | F11: 12.41 | G11: 78.17 | H11: 29.66 | I11: 8.62 | J11: 0.13 | K11: 203 | L11: 28.14 | M11: 92.5 | N11: 2.3 | O11: 0 | P11: 0.53 | Q11: 4.6
A12: 45518.167 | B12: 9.29 | C12: 4.07 | D12: 14.02 | E12: 7.27 | F12: 11.04 | G12: 74.1 | H12: 29.01 | I12: 7.51 | J12: 0.15 | K12: 195.47 | L12: 27.94 | M12: 92.79 | N12: 2.1 | O12: 0 | P12: 0.54 | Q12: 4.61
A13: 45518.208 | B13: 9.3 | C13: 4.08 | D13: 14.03 | E13: 7.89 | F13: 7.67 | G13: 62.98 | H13: 25.12 | I13: 7.68 | J13: 0.12 | K13: 189.3 | L13: 27.73 | M13: 93.81 | N13: 2.1 | O13: 0 | P13: 0.54 | Q13: 4.59
A14: 45518.25 | B14: 9.31 | C14: 4.08 | D14: 14.05 | E14: 8.15 | F14: 6.71 | G14: 46.59 | H14: 20.11 | I14: 7.08 | J14: 0.16 | K14: 265.42 | L14: 27.59 | M14: 96.15 | N14: 12.3 | O14: 0 | P14: 0.5 | Q14: 4.61
A15: 45518.292 | B15: 9.29 | C15: 4.07 | D15: 14.03 | E15: 8.88 | F15: 6.68 | G15: 45.27 | H15: 19.03 | I15: 6.66 | J15: 0.18 | K15: 272.54 | L15: 28.23 | M15: 96.05 | N15: 39 | O15: 0 | P15: 0.48 | Q15: 4.59
A16: 45518.333 | B16: 9.32 | C16: 4.09 | D16: 14.03 | E16: 9.07 | F16: 7.28 | G16: 43.56 | H16: 16.13 | I16: 6.32 | J16: 0.38 | K16: 278.06 | L16: 28.38 | M16: 91.86 | N16: 53.6 | O16: 0 | P16: 0.48 | Q16: 4.59
A17: 45518.375 | B17: 9.32 | C17: 4.08 | D17: 14.06 | E17: 9.15 | F17: 9.45 | G17: 36.14 | H17: 16.51 | I17: 6.28 | J17: 0.33 | K17: 277.69 | L17: 28.84 | M17: 89.76 | N17: 73.3 | O17: 0 | P17: 0.5 | Q17: 4.6
A18: 45518.417 | B18: 9.32 | C18: 4.09 | D18: 14.05 | E18: 8.65 | F18: 11.59 | G18: 34.79 | H18: 15.58 | I18: 8.05 | J18: 0.43 | K18: 282.02 | L18: 29.14 | M18: 88.39 | N18: 76.1 | O18: 0 | P18: 0.55 | Q18: 4.6
A19: 45518.458 | B19: 9.3 | C19: 4.08 | D19: 14.03 | E19: 9.23 | F19: 12.43 | G19: 52.48 | H19: 17.02 | I19: 9.66 | J19: 0.19 | K19: 299.97 | L19: 29.37 | M19: 85.23 | N19: 91.2 | O19: 0 | P19: 0.67 | Q19: 4.59
A20: 45518.5 | B20: 9.3 | C20: 4.09 | D20: 14.03 | E20: 9.7 | F20: 15.53 | G20: 81.65 | H20: 21.83 | I20: 9.42 | J20: 0.26 | K20: 304.98 | L20: 29.71 | M20: 86.19 | N20: 92.7 | O20: 0 | P20: 0.68 | Q20: 4.6
... A32: 45519 | B32: 9.33 | C32: 4.07 | D32: 14.05 | E32: 9.69 | F32: 5.61 | G32: 90.13 | H32: 21.49 | I32: 6.53 | J32: 0.18 | K32: 206.66 | L32: 26.25 | M32: 96.94 | N32: 2.2 | O32: 0 | P32: 0.66 | Q32: 4.59
A34: Min | B34: =MIN(B9:B32) -> 9.28 | C34: =MIN(C9:C32) -> 4.07 | D34: =MIN(D9:D32) -> 14.02 | E34: =MIN(E9:E32) -> 6.76 | F34: =MIN(F9:F32) -> 5.61 | G34: =MIN(G9:G32) -> 34.79 | H34: =MIN(H9:H32) -> 12.15 | I34: =MIN(I9:I32) -> 5.72 | ... Q34: =MIN(Q9:Q32) -> 4.59
A35: Max | B35: =MAX(B9:B32) -> 9.33 | C35: =MAX(C9:C32) -> 4.12 | D35: =MAX(D9:D32) -> 14.06 | E35: =MAX(E9:E32) -> 16.01 | F35: =MAX(F9:F32) -> 19.88 | G35: =MAX(G9:G32) -> 90.13 | H35: =MAX(H9:H32) -> 29.66 | I35: =MAX(I9:I32) -> 12.25 | ... Q35: =MAX(Q9:Q32) -> 4.61
A36: Avg | B36: =AVERAGE(B9:B32) -> 9.3008333 | C36: =AVERAGE(C9:C32) -> 4.08625 | D36: =AVERAGE(D9:D32) -> 14.035417 | E36: =AVERAGE(E9:E32) -> 9.4979167 | F36: =AVERAGE(F9:F32) -> 10.3175 | G36: =AVERAGE(G9:G32) -> 64.0925 | H36: =AVERAGE(H9:H32) -> 20.08125 | I36: =AVERAGE(I9:I32) -> 7.5 | ... Q36: =AVERAGE(Q9:Q32) -> 4.5979167
A37: Stdev | B37: =STDEV(B9:B32) -> 0.01348644 | C37: =STDEV(C9:C32) -> 0.013125647 | D37: =STDEV(D9:D32) -> 0.012150923 | E37: =STDEV(E9:E32) -> 1.920987 | F37: =STDEV(F9:F32) -> 3.4898589 | G37: =STDEV(G9:G32) -> 19.600734 | H37: =STDEV(H9:H32) -> 5.0805737 | I37: =STDEV(I9:I32) -> 1.5248492 | ... Q37: =STDEV(Q9:Q32) -> 0.0077902764
A38: Num | B38: =COUNT(B9:B32) -> 24 | C38: =COUNT(C9:C32) -> 24 | D38: =COUNT(D9:D32) -> 24 | E38: =COUNT(E9:E32) -> 24 | F38: =COUNT(F9:F32) -> 24 | G38: =COUNT(G9:G32) -> 24 | H38: =COUNT(H9:H32) -> 24 | I38: =COUNT(I9:I32) -> 24 | ... Q38: =COUNT(Q9:Q32) -> 24
A39: DCR | B39: =IF(B38>=22,">90%",IF(B38<=22,"<90%")) -> >90% | C39: =IF(C38>=22,">90%",IF(C38<=22,"<90%")) -> >90% | D39: =IF(D38>=22,">90%",IF(D38<=22,"<90%")) -> >90% | E39: =IF(E38>=22,">90%",IF(E38<=22,"<90%")) -> >90% | F39: =IF(F38>=22,">90%",IF(F38<=22,"<90%")) -> >90% | G39: =IF(G38>=22,">90%",IF(G38<=22,"<90%")) -> >90% | H39: =IF(H38>=22,">90%",IF(H38<=22,"<90%")) -> >90% | I39: =IF(I38>=22,">90%",IF(I38<=22,"<90%")) -> >90% | ... Q39: =IF(Q38>=22,">90%",IF(Q38<=22,"<90%")) -> >90%
A40: Status | B40: =IF(B38>=22,"OK",IF(B38<=22,"LESS")) -> OK | C40: =IF(C38>=22,"OK",IF(C38<=22,"LESS")) -> OK | D40: =IF(D38>=22,"OK",IF(D38<=22,"LESS")) -> OK | E40: =IF(E38>=22,"OK",IF(E38<=22,"LESS")) -> OK | F40: =IF(F38>=22,"OK",IF(F38<=22,"LESS")) -> OK | G40: =IF(G38>=22,"OK",IF(G38<=22,"LESS")) -> OK | H40: =IF(H38>=22,"OK",IF(H38<=22,"LESS")) -> OK | I40: =IF(I38>=22,"OK",IF(I38<=22,"LESS")) -> OK | ... Q40: =IF(Q38>=22,"OK",IF(Q38<=22,"LESS")) -> OK
A43: Done by | B43: AKASH
A45: Comment

Sheet 15
A1: Station: | B1: IGKV ,RAIPUR
A2: Date: | B2: =$A$9 -> 45519.042 | D2: Power Off | G2: Pw.Off | L2: Link Fail | N2: Link F | P2: Maintenance | R2: Maint.
A3: Report Type: | B3: Mean | D3: Calibration | G3: Calib. | L3: Data Fail | N3: Data F | P3: Invalid | R3: Invalid
A4: Time Base: | B4: 01 Hour | D4: Zero Referrence | G4: Z.Ref | L4: Warm Up | N4: Wm. Up
A7: Date & Time | B7: NO | C7: NO2 | D7: NOX | E7: SO2 | F7: O3 | G7: PM 10 | H7: PM 2.5 | I7: BENZ | J7: WS | K7: WD | L7: TEMP | M7: HUM | N7: SR | O7: RG | P7: CO | Q7: NH3
B8: ug/m3 | C8: ug/m3 | D8: ppb | E8: ug/m3 | F8: ug/m3 | G8: ug/m3 | H8: ug/m3 | I8: ug/m3 | J8: m/sec | K8: deg | L8: degreC | M8: % | N8: w/m2 | O8: mm | P8: mg/m3 | Q8: ug/m3
A9: 45519.042 | B9: 9.28 | C9: 4.08 | D9: 14.02 | E9: 10.4 | F9: 5.65 | G9: 87.33 | H9: 32.55 | I9: 6.78 | J9: 0.19 | K9: 246.95 | L9: 26.06 | M9: 97.66 | N9: 2.2 | O9: 0 | P9: 0.66 | Q9: 4.59
A10: 45519.083 | B10: 9.28 | C10: 4.08 | D10: 14.02 | E10: 10.39 | F10: 5.62 | G10: 75.78 | H10: 30.36 | I10: 6.63 | J10: 0.19 | K10: 251.08 | L10: 25.96 | M10: 95.92 | N10: 2.1 | O10: 0 | P10: 0.63 | Q10: 4.59
A11: 45519.125 | B11: 9.28 | C11: 4.08 | D11: 14.02 | E11: 11.42 | F11: 5.45 | G11: 70.6 | H11: 23.97 | I11: 6.41 | J11: 0.24 | K11: 270.87 | L11: 25.88 | M11: 96.21 | N11: 2.1 | O11: 0 | P11: 0.61 | Q11: 4.58
A12: 45519.167 | B12: 9.27 | C12: 4.09 | D12: 14.02 | E12: 11.88 | F12: 6.13 | G12: 51.55 | H12: 21.83 | I12: 6.4 | J12: 0.15 | K12: 229.52 | L12: 25.87 | M12: 97.75 | N12: 2.1 | O12: 0 | P12: 0.57 | Q12: 4.58
A13: 45519.208 | B13: 9.26 | C13: 4.09 | D13: 14 | E13: 10.98 | F13: 6.69 | G13: 31.34 | H13: 15.59 | I13: 6.36 | J13: 0.29 | K13: 275.84 | L13: 25.92 | M13: 98.04 | N13: 2.1 | O13: 0 | P13: 0.53 | Q13: 4.58
A14: 45519.25 | B14: 9.25 | C14: 4.09 | D14: 14.01 | E14: 9.51 | F14: 7.31 | G14: 21.27 | H14: 11.25 | I14: 5.93 | J14: 0.09 | K14: 248.39 | L14: 25.69 | M14: 98.48 | N14: 10.7 | O14: 0 | P14: 0.48 | Q14: 4.6
A15: 45519.292 | B15: 9.26 | C15: 4.09 | D15: 14 | E15: 9.28 | F15: 7.62 | G15: 21.81 | H15: 9.3 | I15: 5.36 | J15: 0.17 | K15: 285.17 | L15: 26.21 | M15: 98.54 | N15: 31.3 | O15: 0 | P15: 0.45 | Q15: 4.59
A16: 45519.333 | B16: 9.26 | C16: 4.1 | D16: 14.01 | E16: 9.44 | F16: 7.97 | G16: 24.92 | H16: 8.6 | I16: 5.12 | J16: 0.36 | K16: 295.64 | L16: 27.26 | M16: 94.97 | N16: 99.4 | O16: 0 | P16: 0.46 | Q16: 4.58
A17: 45519.375 | B17: 9.27 | C17: 4.11 | D17: 14.02 | E17: 10.86 | F17: 7.53 | G17: 24.79 | H17: 6.34 | I17: 5.8 | J17: 0.53 | K17: 313.73 | L17: 27.68 | M17: 87.85 | N17: 127.9 | O17: 0 | P17: 0.54 | Q17: 4.58
A18: 45519.417 | B18: 9.3 | C18: 4.09 | D18: 14.03 | E18: 11.67 | F18: 8.6 | G18: 53.41 | H18: 13.73 | I18: 6.07 | J18: 0.91 | K18: 352.13 | L18: 27.93 | M18: 90.54 | N18: 208.1 | O18: 1.2 | P18: 0.56 | Q18: 4.59
A19: 45519.458 | B19: 9.31 | C19: 4.08 | D19: 14.04 | E19: 10.32 | F19: 7.21 | G19: 58.24 | H19: 13.3 | I19: 5.98 | J19: 0.45 | K19: 316.19 | L19: 26.54 | M19: 96.07 | N19: 180.4 | O19: 0.4 | P19: 0.54 | Q19: 4.58
A20: 45519.5 | B20: 9.29 | C20: 4.09 | D20: 14.04 | E20: 11.21 | F20: 6.92 | G20: 54.89 | H20: 12.26 | I20: 5.58 | J20: 0.93 | K20: 337.36 | L20: 28.11 | M20: 91.05 | N20: 337 | O20: 0 | P20: 0.55 | Q20: 4.6
... A32: 45520 | B32: 9.3 | C32: 4.1 | D32: 14.03 | E32: 8.86 | F32: 9.89 | G32: 41.64 | H32: 21.8 | I32: 5.46 | J32: 0.3 | K32: 278.98 | L32: 26.02 | M32: 94.15 | N32: 2.2 | O32: 0 | P32: 0.51 | Q32: 4.59
A34: Min | B34: =MIN(B9:B32) -> 9.25 | C34: =MIN(C9:C32) -> 4.07 | D34: =MIN(D9:D32) -> 14 | E34: =MIN(E9:E32) -> 8.86 | F34: =MIN(F9:F32) -> 5.45 | G34: =MIN(G9:G32) -> 21.27 | H34: =MIN(H9:H32) -> 6.34 | I34: =MIN(I9:I32) -> 4.91 | ... Q34: =MIN(Q9:Q32) -> 4.58
A35: Max | B35: =MAX(B9:B32) -> 9.31 | C35: =MAX(C9:C32) -> 4.13 | D35: =MAX(D9:D32) -> 14.04 | E35: =MAX(E9:E32) -> 25.69 | F35: =MAX(F9:F32) -> 12.1 | G35: =MAX(G9:G32) -> 135.48 | H35: =MAX(H9:H32) -> 54.41 | I35: =MAX(I9:I32) -> 6.78 | ... Q35: =MAX(Q9:Q32) -> 4.61
A36: Avg | B36: =AVERAGE(B9:B32) -> 9.28375 | C36: =AVERAGE(C9:C32) -> 4.0916667 | D36: =AVERAGE(D9:D32) -> 14.025833 | E36: =AVERAGE(E9:E32) -> 12.187917 | F36: =AVERAGE(F9:F32) -> 7.69 | G36: =AVERAGE(G9:G32) -> 68.912917 | H36: =AVERAGE(H9:H32) -> 25.155833 | I36: =AVERAGE(I9:I32) -> 5.8316667 | ... Q36: =AVERAGE(Q9:Q32) -> 4.58875
A37: Stdev | B37: =STDEV(B9:B32) -> 0.016100905 | C37: =STDEV(C9:C32) -> 0.013077251 | D37: =STDEV(D9:D32) -> 0.012481871 | E37: =STDEV(E9:E32) -> 4.4198819 | F37: =STDEV(F9:F32) -> 1.7830214 | G37: =STDEV(G9:G32) -> 34.407384 | H37: =STDEV(H9:H32) -> 14.10727 | I37: =STDEV(I9:I32) -> 0.52708936 | ... Q37: =STDEV(Q9:Q32) -> 0.0085019179
A38: Num | B38: =COUNT(B9:B32) -> 24 | C38: =COUNT(C9:C32) -> 24 | D38: =COUNT(D9:D32) -> 24 | E38: =COUNT(E9:E32) -> 24 | F38: =COUNT(F9:F32) -> 24 | G38: =COUNT(G9:G32) -> 24 | H38: =COUNT(H9:H32) -> 24 | I38: =COUNT(I9:I32) -> 24 | ... Q38: =COUNT(Q9:Q32) -> 24
A39: DCR | B39: =IF(B38>=22,">90%",IF(B38<=22,"<90%")) -> >90% | C39: =IF(C38>=22,">90%",IF(C38<=22,"<90%")) -> >90% | D39: =IF(D38>=22,">90%",IF(D38<=22,"<90%")) -> >90% | E39: =IF(E38>=22,">90%",IF(E38<=22,"<90%")) -> >90% | F39: =IF(F38>=22,">90%",IF(F38<=22,"<90%")) -> >90% | G39: =IF(G38>=22,">90%",IF(G38<=22,"<90%")) -> >90% | H39: =IF(H38>=22,">90%",IF(H38<=22,"<90%")) -> >90% | I39: =IF(I38>=22,">90%",IF(I38<=22,"<90%")) -> >90% | ... Q39: =IF(Q38>=22,">90%",IF(Q38<=22,"<90%")) -> >90%
A40: Status | B40: =IF(B38>=22,"OK",IF(B38<=22,"LESS")) -> OK | C40: =IF(C38>=22,"OK",IF(C38<=22,"LESS")) -> OK | D40: =IF(D38>=22,"OK",IF(D38<=22,"LESS")) -> OK | E40: =IF(E38>=22,"OK",IF(E38<=22,"LESS")) -> OK | F40: =IF(F38>=22,"OK",IF(F38<=22,"LESS")) -> OK | G40: =IF(G38>=22,"OK",IF(G38<=22,"LESS")) -> OK | H40: =IF(H38>=22,"OK",IF(H38<=22,"LESS")) -> OK | I40: =IF(I38>=22,"OK",IF(I38<=22,"LESS")) -> OK | ... Q40: =IF(Q38>=22,"OK",IF(Q38<=22,"LESS")) -> OK
A43: Done by | B43: AKASH
A45: Comment

Sheet 16
A1: Station: | B1: IGKV ,RAIPUR
A2: Date: | B2: =$A$9 -> 45520.042 | D2: Power Off | G2: Pw.Off | L2: Link Fail | N2: Link F | P2: Maintenance | R2: Maint.
A3: Report Type: | B3: Mean | D3: Calibration | G3: Calib. | L3: Data Fail | N3: Data F | P3: Invalid | R3: Invalid
A4: Time Base: | B4: 01 Hour | D4: Zero Referrence | G4: Z.Ref | L4: Warm Up | N4: Wm. Up
A7: Date & Time | B7: NO | C7: NO2 | D7: NOX | E7: SO2 | F7: O3 | G7: PM 10 | H7: PM 2.5 | I7: BENZ | J7: WS | K7: WD | L7: TEMP | M7: HUM | N7: SR | O7: RG | P7: CO | Q7: NH3
B8: ug/m3 | C8: ug/m3 | D8: ppb | E8: ug/m3 | F8: ug/m3 | G8: ug/m3 | H8: ug/m3 | I8: ug/m3 | J8: m/sec | K8: deg | L8: degreC | M8: % | N8: w/m2 | O8: mm | P8: mg/m3 | Q8: ug/m3
A9: 45520.042 | B9: 9.12 | C9: 4.31 | D9: 14 | E9: 8.33 | F9: 10.5 | G9: 38.21 | H9: 20.59 | I9: 5.03 | J9: 0.4 | K9: 275.9 | L9: 25.96 | M9: 95.41 | N9: 2.4 | O9: 0 | P9: 0.44 | Q9: 4.6
A10: 45520.083 | B10: 9.13 | C10: 4.3 | D10: 14 | E10: 7.84 | F10: 9.52 | G10: 28.27 | H10: 16.09 | I10: 4.82 | J10: 0.45 | K10: 279.33 | L10: 25.43 | M10: 94.11 | N10: 2.4 | O10: 0 | P10: 0.43 | Q10: 4.6
A11: 45520.125 | B11: 9.13 | C11: 4.29 | D11: 14 | E11: 10.87 | F11: 9.13 | G11: 27.46 | H11: 14.37 | I11: 4.54 | J11: 0.49 | K11: 279.05 | L11: 25.13 | M11: 93.92 | N11: 2.3 | O11: 0 | P11: 0.4 | Q11: 4.6
A12: 45520.167 | B12: 9.11 | C12: 4.32 | D12: 14 | E12: 11.07 | F12: 7.62 | G12: 23.3 | H12: 13.49 | I12: 4.41 | J12: 0.39 | K12: 278.34 | L12: 25.16 | M12: 93.7 | N12: 2.2 | O12: 0 | P12: 0.4 | Q12: 4.6
A13: 45520.208 | B13: 9.11 | C13: 4.32 | D13: 14 | E13: 11.96 | F13: 6.82 | G13: 19.31 | H13: 10.23 | I13: 4.08 | J13: 0.29 | K13: 276.36 | L13: 25.21 | M13: 94.59 | N13: 2.1 | O13: 0 | P13: 0.38 | Q13: 4.59
A14: 45520.25 | B14: 9.11 | C14: 4.32 | D14: 14 | E14: 12.01 | F14: 6.1 | G14: 15.32 | H14: 8.69 | I14: 3.8 | J14: 0.38 | K14: 278.85 | L14: 25.2 | M14: 94.52 | N14: 6.8 | O14: 0 | P14: 0.35 | Q14: 4.58
A15: 45520.292 | B15: 9.09 | C15: 4.35 | D15: 14 | E15: 12.35 | F15: 5.85 | G15: 22.34 | H15: 8.08 | I15: 3.65 | J15: 0.42 | K15: 291.82 | L15: 25.52 | M15: 94.48 | N15: 44.1 | O15: 0 | P15: 0.34 | Q15: 4.57
A16: 45520.333 | B16: 9.1 | C16: 4.34 | D16: 14 | E16: 13.1 | F16: 5.78 | G16: 21.15 | H16: 6.55 | I16: 3.57 | J16: 0.52 | K16: 293.4 | L16: 26.81 | M16: 92.38 | N16: 122.1 | O16: 0 | P16: 0.34 | Q16: 4.58
A17: 45520.375 | B17: 9.11 | C17: 4.35 | D17: 14 | E17: 12.91 | F17: 6.5 | G17: 23.16 | H17: 6.44 | I17: 4.88 | J17: 0.83 | K17: 302.77 | L17: 27.18 | M17: 88.25 | N17: 148.4 | O17: 0 | P17: 0.39 | Q17: 4.57
A18: 45520.417 | B18: 9.12 | C18: 4.32 | D18: 14 | E18: 12.32 | F18: 6.85 | G18: 29.13 | H18: 6.29 | I18: 4.81 | J18: 1.01 | K18: 321.93 | L18: 27.84 | M18: 84.54 | N18: 229.4 | O18: 0 | P18: 0.41 | Q18: 4.58
A19: 45520.458 | B19: 9.11 | C19: 4.33 | D19: 14 | E19: 12.06 | F19: 7.12 | G19: 41.69 | H19: 9.52 | I19: 4.81 | J19: 1.08 | K19: 322.14 | L19: 27.16 | M19: 90.72 | N19: 234.6 | O19: 0.6 | P19: 0.41 | Q19: 4.59
A20: 45520.5 | B20: 9.11 | C20: 4.33 | D20: 14 | E20: 11.88 | F20: 6.02 | G20: 42.09 | H20: 10.1 | I20: 4.78 | J20: 0.52 | K20: 328.82 | L20: 25.34 | M20: 97.41 | N20: 99.4 | O20: 0.8 | P20: 0.42 | Q20: 4.58
... A32: 45521 | B32: 9.12 | C32: 4.32 | D32: 14 | E32: 9.23 | F32: 6.06 | G32: 61.09 | H32: 16.91 | I32: 7.82 | J32: 0.14 | K32: 224.64 | L32: 26.04 | M32: 96.76 | N32: 2.4 | O32: 0 | P32: 0.69 | Q32: 4.58
A34: Min | B34: =MIN(B9:B32) -> 9.09 | C34: =MIN(C9:C32) -> 4.26 | D34: =MIN(D9:D32) -> 14 | E34: =MIN(E9:E32) -> 7.81 | F34: =MIN(F9:F32) -> 5.2 | G34: =MIN(G9:G32) -> 15.32 | H34: =MIN(H9:H32) -> 6.29 | I34: =MIN(I9:I32) -> 3.57 | ... Q34: =MIN(Q9:Q32) -> 4.57
A35: Max | B35: =MAX(B9:B32) -> 9.14 | C35: =MAX(C9:C32) -> 4.35 | D35: =MAX(D9:D32) -> 14 | E35: =MAX(E9:E32) -> 13.35 | F35: =MAX(F9:F32) -> 10.5 | G35: =MAX(G9:G32) -> 61.36 | H35: =MAX(H9:H32) -> 20.59 | I35: =MAX(I9:I32) -> 7.92 | ... Q35: =MAX(Q9:Q32) -> 4.6
A36: Avg | B36: =AVERAGE(B9:B32) -> 9.1195833 | C36: =AVERAGE(C9:C32) -> 4.3116667 | D36: =AVERAGE(D9:D32) -> 14 | E36: =AVERAGE(E9:E32) -> 10.910833 | F36: =AVERAGE(F9:F32) -> 6.7604167 | G36: =AVERAGE(G9:G32) -> 37.161667 | H36: =AVERAGE(H9:H32) -> 11.532917 | I36: =AVERAGE(I9:I32) -> 5.19625 | ... Q36: =AVERAGE(Q9:Q32) -> 4.5875
A37: Stdev | B37: =STDEV(B9:B32) -> 0.013344651 | C37: =STDEV(C9:C32) -> 0.023343683 | D37: =STDEV(D9:D32) -> 0 | E37: =STDEV(E9:E32) -> 1.929832 | F37: =STDEV(F9:F32) -> 1.3029247 | G37: =STDEV(G9:G32) -> 13.087269 | H37: =STDEV(H9:H32) -> 3.7774497 | I37: =STDEV(I9:I32) -> 1.2832222 | ... Q37: =STDEV(Q9:Q32) -> 0.0089685441
A38: Num | B38: =COUNT(B9:B32) -> 24 | C38: =COUNT(C9:C32) -> 24 | D38: =COUNT(D9:D32) -> 24 | E38: =COUNT(E9:E32) -> 24 | F38: =COUNT(F9:F32) -> 24 | G38: =COUNT(G9:G32) -> 24 | H38: =COUNT(H9:H32) -> 24 | I38: =COUNT(I9:I32) -> 24 | ... Q38: =COUNT(Q9:Q32) -> 24
A39: DCR | B39: =IF(B38>=22,">90%",IF(B38<=22,"<90%")) -> >90% | C39: =IF(C38>=22,">90%",IF(C38<=22,"<90%")) -> >90% | D39: =IF(D38>=22,">90%",IF(D38<=22,"<90%")) -> >90% | E39: =IF(E38>=22,">90%",IF(E38<=22,"<90%")) -> >90% | F39: =IF(F38>=22,">90%",IF(F38<=22,"<90%")) -> >90% | G39: =IF(G38>=22,">90%",IF(G38<=22,"<90%")) -> >90% | H39: =IF(H38>=22,">90%",IF(H38<=22,"<90%")) -> >90% | I39: =IF(I38>=22,">90%",IF(I38<=22,"<90%")) -> >90% | ... Q39: =IF(Q38>=22,">90%",IF(Q38<=22,"<90%")) -> >90%
A40: Status | B40: =IF(B38>=22,"OK",IF(B38<=22,"LESS")) -> OK | C40: =IF(C38>=22,"OK",IF(C38<=22,"LESS")) -> OK | D40: =IF(D38>=22,"OK",IF(D38<=22,"LESS")) -> OK | E40: =IF(E38>=22,"OK",IF(E38<=22,"LESS")) -> OK | F40: =IF(F38>=22,"OK",IF(F38<=22,"LESS")) -> OK | G40: =IF(G38>=22,"OK",IF(G38<=22,"LESS")) -> OK | H40: =IF(H38>=22,"OK",IF(H38<=22,"LESS")) -> OK | I40: =IF(I38>=22,"OK",IF(I38<=22,"LESS")) -> OK | ... Q40: =IF(Q38>=22,"OK",IF(Q38<=22,"LESS")) -> OK
A43: Done by | B43: AKASH
A45: Comment

Sheet 17
A1: Station: | B1: IGKV ,RAIPUR
A2: Date: | B2: =$A$9 -> 45521.042 | D2: Power Off | G2: Pw.Off | L2: Link Fail | N2: Link F | P2: Maintenance | R2: Maint.
A3: Report Type: | B3: Mean | D3: Calibration | G3: Calib. | L3: Data Fail | N3: Data F | P3: Invalid | R3: Invalid
A4: Time Base: | B4: 01 Hour | D4: Zero Referrence | G4: Z.Ref | L4: Warm Up | N4: Wm. Up
A7: Date & Time | B7: NO | C7: NO2 | D7: NOX | E7: SO2 | F7: O3 | G7: PM 10 | H7: PM 2.5 | I7: BENZ | J7: WS | K7: WD | L7: TEMP | M7: HUM | N7: SR | O7: RG | P7: CO | Q7: NH3
B8: ug/m3 | C8: ug/m3 | D8: ppb | E8: ug/m3 | F8: ug/m3 | G8: ug/m3 | H8: ug/m3 | I8: ug/m3 | J8: m/sec | K8: deg | L8: degreC | M8: % | N8: w/m2 | O8: mm | P8: mg/m3 | Q8: ug/m3
A9: 45521.042 | B9: 9.27 | C9: 4.1 | D9: 14.01 | E9: 9.85 | F9: 6.51 | G9: 59.01 | H9: 15.17 | I9: 7.56 | J9: 0.34 | K9: 263.08 | L9: 26.07 | M9: 97.14 | N9: 2.3 | O9: 0 | P9: 0.67 | Q9: 4.57
A10: 45521.083 | B10: 9.26 | C10: 4.09 | D10: 14.01 | E10: 10.38 | F10: 5.81 | G10: 54.36 | H10: 14.49 | I10: 7.45 | J10: 0.33 | K10: 267.6 | L10: 26.06 | M10: 90.97 | N10: 2.4 | O10: 0 | P10: 0.65 | Q10: 4.59
A11: 45521.125 | B11: 9.26 | C11: 4.1 | D11: 14.02 | E11: 12.57 | F11: 5.58 | G11: 53.96 | H11: 15.92 | I11: 7.27 | J11: 0.36 | K11: 266.29 | L11: 25.6 | M11: 92.39 | N11: 2.4 | O11: 0 | P11: 0.6 | Q11: 4.59
A12: 45521.167 | B12: 9.27 | C12: 4.07 | D12: 14 | E12: 12.05 | F12: 7.32 | G12: 53.7 | H12: 15.19 | I12: 7.09 | J12: 0.43 | K12: 269.46 | L12: 25.51 | M12: 93.45 | N12: 2.4 | O12: 0 | P12: 0.56 | Q12: 4.6
A13: 45521.208 | B13: 9.27 | C13: 4.08 | D13: 14 | E13: 10.93 | F13: 7.62 | G13: 52.05 | H13: 21.09 | I13: 7.11 | J13: 0.36 | K13: 272.49 | L13: 25.26 | M13: 95.59 | N13: 2.1 | O13: 0 | P13: 0.53 | Q13: 4.6
A14: 45521.25 | B14: 9.26 | C14: 4.09 | D14: 14 | E14: 10.26 | F14: 9.01 | G14: 49.21 | H14: 20.2 | I14: 6.9 | J14: 0.57 | K14: 279.73 | L14: 25.65 | M14: 95.87 | N14: 14 | O14: 0 | P14: 0.49 | Q14: 4.59
A15: 45521.292 | B15: 9.27 | C15: 4.09 | D15: 14.01 | E15: 10.16 | F15: 8.63 | G15: 46.5 | H15: 21.05 | I15: 6.27 | J15: 0.75 | K15: 281.6 | L15: 25.99 | M15: 96.14 | N15: 60.7 | O15: 0 | P15: 0.45 | Q15: 4.6
A16: 45521.333 | B16: 9.26 | C16: 4.07 | D16: 14 | E16: 10.28 | F16: 8.85 | G16: 44.75 | H16: 20.97 | I16: 5.99 | J16: 0.75 | K16: 277.04 | L16: 26.43 | M16: 91.56 | N16: 89.6 | O16: 0 | P16: 0.45 | Q16: 4.6
A17: 45521.375 | B17: 9.28 | C17: 4.09 | D17: 14.02 | E17: 11.12 | F17: 7.63 | G17: 40.37 | H17: 20.24 | I17: 6.09 | J17: 0.77 | K17: 285.39 | L17: 28.63 | M17: 87.59 | N17: 277.1 | O17: 0 | P17: 0.5 | Q17: 4.6
A18: 45521.417 | B18: 9.28 | C18: 4.11 | D18: 14.02 | E18: 11.95 | F18: 7.47 | G18: 44.44 | H18: 16.67 | I18: 7.27 | J18: 0.88 | K18: 282.58 | L18: 28.5 | M18: 81.39 | N18: 226.3 | O18: 0 | P18: 0.52 | Q18: 4.59
A19: 45521.458 | B19: 9.26 | C19: 4.1 | D19: 14.01 | E19: 10.83 | F19: 7.47 | G19: 43.72 | H19: 19.21 | I19: 7.51 | J19: 0.94 | K19: 282.13 | L19: 29.12 | M19: 80 | N19: 317.1 | O19: 0 | P19: 0.53 | Q19: 4.6
A20: 45521.5 | B20: 9.25 | C20: 4.11 | D20: 14 | E20: 11.83 | F20: 7.63 | G20: 44.65 | H20: 19.66 | I20: 7.87 | J20: 0.9 | K20: 299.01 | L20: 30.34 | M20: 77.43 | N20: 437.5 | O20: 0 | P20: 0.56 | Q20: 4.6
... A32: 45522 | B32: 9.25 | C32: 4.11 | D32: 14 | E32: 10.28 | F32: 12.27 | G32: 62.04 | H32: 32.53 | I32: 5.6 | J32: 0.45 | K32: 275.26 | L32: 27.34 | M32: 91.15 | N32: 2.2 | O32: 0 | P32: 0.42 | Q32: 4.59
A34: Min | B34: =MIN(B9:B32) -> 9.22 | C34: =MIN(C9:C32) -> 4.07 | D34: =MIN(D9:D32) -> 14 | E34: =MIN(E9:E32) -> 9.85 | F34: =MIN(F9:F32) -> 5.58 | G34: =MIN(G9:G32) -> 40.37 | H34: =MIN(H9:H32) -> 14.49 | I34: =MIN(I9:I32) -> 5.6 | ... Q34: =MIN(Q9:Q32) -> 4.57
A35: Max | B35: =MAX(B9:B32) -> 9.28 | C35: =MAX(C9:C32) -> 4.15 | D35: =MAX(D9:D32) -> 14.02 | E35: =MAX(E9:E32) -> 13.18 | F35: =MAX(F9:F32) -> 17.38 | G35: =MAX(G9:G32) -> 62.04 | H35: =MAX(H9:H32) -> 32.53 | I35: =MAX(I9:I32) -> 8.53 | ... Q35: =MAX(Q9:Q32) -> 4.6
A36: Avg | B36: =AVERAGE(B9:B32) -> 9.2545833 | C36: =AVERAGE(C9:C32) -> 4.1091667 | D36: =AVERAGE(D9:D32) -> 14.005417 | E36: =AVERAGE(E9:E32) -> 11.336667 | F36: =AVERAGE(F9:F32) -> 10.30125 | G36: =AVERAGE(G9:G32) -> 54.23125 | H36: =AVERAGE(H9:H32) -> 22.38375 | I36: =AVERAGE(I9:I32) -> 7.1641667 | ... Q36: =AVERAGE(Q9:Q32) -> 4.5916667
A37: Stdev | B37: =STDEV(B9:B32) -> 0.017687914 | C37: =STDEV(C9:C32) -> 0.023203573 | D37: =STDEV(D9:D32) -> 0.0077902764 | E37: =STDEV(E9:E32) -> 1.0738985 | F37: =STDEV(F9:F32) -> 3.3554645 | G37: =STDEV(G9:G32) -> 7.12136 | H37: =STDEV(H9:H32) -> 5.3050221 | I37: =STDEV(I9:I32) -> 0.81527225 | ... Q37: =STDEV(Q9:Q32) -> 0.0086811473
A38: Num | B38: =COUNT(B9:B32) -> 24 | C38: =COUNT(C9:C32) -> 24 | D38: =COUNT(D9:D32) -> 24 | E38: =COUNT(E9:E32) -> 24 | F38: =COUNT(F9:F32) -> 24 | G38: =COUNT(G9:G32) -> 24 | H38: =COUNT(H9:H32) -> 24 | I38: =COUNT(I9:I32) -> 24 | ... Q38: =COUNT(Q9:Q32) -> 24
A39: DCR | B39: =IF(B38>=22,">90%",IF(B38<=22,"<90%")) -> >90% | C39: =IF(C38>=22,">90%",IF(C38<=22,"<90%")) -> >90% | D39: =IF(D38>=22,">90%",IF(D38<=22,"<90%")) -> >90% | E39: =IF(E38>=22,">90%",IF(E38<=22,"<90%")) -> >90% | F39: =IF(F38>=22,">90%",IF(F38<=22,"<90%")) -> >90% | G39: =IF(G38>=22,">90%",IF(G38<=22,"<90%")) -> >90% | H39: =IF(H38>=22,">90%",IF(H38<=22,"<90%")) -> >90% | I39: =IF(I38>=22,">90%",IF(I38<=22,"<90%")) -> >90% | ... Q39: =IF(Q38>=22,">90%",IF(Q38<=22,"<90%")) -> >90%
A40: Status | B40: =IF(B38>=22,"OK",IF(B38<=22,"LESS")) -> OK | C40: =IF(C38>=22,"OK",IF(C38<=22,"LESS")) -> OK | D40: =IF(D38>=22,"OK",IF(D38<=22,"LESS")) -> OK | E40: =IF(E38>=22,"OK",IF(E38<=22,"LESS")) -> OK | F40: =IF(F38>=22,"OK",IF(F38<=22,"LESS")) -> OK | G40: =IF(G38>=22,"OK",IF(G38<=22,"LESS")) -> OK | H40: =IF(H38>=22,"OK",IF(H38<=22,"LESS")) -> OK | I40: =IF(I38>=22,"OK",IF(I38<=22,"LESS")) -> OK | ... Q40: =IF(Q38>=22,"OK",IF(Q38<=22,"LESS")) -> OK
A43: Done by | B43: AKASH
A45: Comment

Sheet 18
A1: Station: | B1: IGKV ,RAIPUR
A2: Date: | B2: =$A$9 -> 45522.042 | D2: Power Off | G2: Pw.Off | L2: Link Fail | N2: Link F | P2: Maintenance | R2: Maint.
A3: Report Type: | B3: Mean | D3: Calibration | G3: Calib. | L3: Data Fail | N3: Data F | P3: Invalid | R3: Invalid
A4: Time Base: | B4: 01 Hour | D4: Zero Referrence | G4: Z.Ref | L4: Warm Up | N4: Wm. Up
A7: Date & Time | B7: NO | C7: NO2 | D7: NOX | E7: SO2 | F7: O3 | G7: PM 10 | H7: PM 2.5 | I7: BENZ | J7: WS | K7: WD | L7: TEMP | M7: HUM | N7: SR | O7: RG | P7: CO | Q7: NH3
B8: ug/m3 | C8: ug/m3 | D8: ppb | E8: ug/m3 | F8: ug/m3 | G8: ug/m3 | H8: ug/m3 | I8: ug/m3 | J8: m/sec | K8: deg | L8: degreC | M8: % | N8: w/m2 | O8: mm | P8: mg/m3 | Q8: ug/m3
A9: 45522.042 | B9: 9.25 | C9: 4.11 | D9: 14 | E9: 10.56 | F9: 13.23 | G9: 61.89 | H9: 31.08 | I9: 5.42 | J9: 0.45 | K9: 275.26 | L9: 27.28 | M9: 91.19 | N9: 2.2 | O9: 0 | P9: 0.4 | Q9: 4.59
A10: 45522.083 | B10: 9.25 | C10: 4.11 | D10: 14 | E10: 10.53 | F10: 13.46 | G10: 62.75 | H10: 28.58 | I10: 5.15 | J10: 0.43 | K10: 274.5 | L10: 27.24 | M10: 92.08 | N10: 2.4 | O10: 0 | P10: 0.37 | Q10: 4.59
A11: 45522.125 | B11: 9.23 | C11: 4.15 | D11: 14 | E11: 9.7 | F11: 12.53 | G11: 62.08 | H11: 32.59 | I11: 4.93 | J11: 0.27 | K11: 270.98 | L11: 26.88 | M11: 93.44 | N11: 2.2 | O11: 0 | P11: 0.37 | Q11: 4.59
A12: 45522.167 | B12: 9.24 | C12: 4.13 | D12: 14 | E12: 10.66 | F12: 10.27 | G12: 57.74 | H12: 31.16 | I12: 4.94 | J12: 0.47 | K12: 275.33 | L12: 26.79 | M12: 93.35 | N12: 2.1 | O12: 0 | P12: 0.37 | Q12: 4.6
A13: 45522.208 | B13: 9.24 | C13: 4.14 | D13: 14 | E13: 11.5 | F13: 8.08 | G13: 56.15 | H13: 33.16 | I13: 5.17 | J13: 0.41 | K13: 279.17 | L13: 26.8 | M13: 91.93 | N13: 2.3 | O13: 0 | P13: 0.41 | Q13: 4.59
A14: 45522.25 | B14: 9.23 | C14: 4.13 | D14: 14 | E14: 11.52 | F14: 7 | G14: 66.98 | H14: 31.02 | I14: 6.71 | J14: 0.43 | K14: 283.15 | L14: 26.76 | M14: 92.63 | N14: 12.3 | O14: 0 | P14: 0.54 | Q14: 4.59
A15: 45522.292 | B15: 9.22 | C15: 4.14 | D15: 14 | E15: 11.54 | F15: 6.55 | G15: 66.04 | H15: 33.74 | I15: 6.97 | J15: 0.83 | K15: 313.77 | L15: 27.01 | M15: 89.33 | N15: 49.5 | O15: 0 | P15: 0.53 | Q15: 4.6
A16: 45522.333 | B16: 9.23 | C16: 4.13 | D16: 14 | E16: 11.35 | F16: 7.69 | G16: 64.11 | H16: 32.25 | I16: 6.68 | J16: 0.7 | K16: 292.85 | L16: 26.87 | M16: 87.45 | N16: 82.1 | O16: 0 | P16: 0.51 | Q16: 4.59
A17: 45522.375 | B17: 9.23 | C17: 4.15 | D17: 14 | E17: 9.76 | F17: 7.9 | G17: 62.67 | H17: 26.92 | I17: 6.23 | J17: 1.22 | K17: 310.1 | L17: 26.68 | M17: 83.01 | N17: 125 | O17: 0 | P17: 0.47 | Q17: 4.59
A18: 45522.417 | B18: 9.21 | C18: 4.15 | D18: 14 | E18: 8.73 | F18: 12.76 | G18: 52.87 | H18: 19.67 | I18: 5.75 | J18: 0.42 | K18: 338.8 | L18: 27.24 | M18: 82.08 | N18: 124 | O18: 0 | P18: 0.47 | Q18: 4.58
A19: 45522.458 | B19: 9.23 | C19: 4.15 | D19: 14 | E19: 16.5 | F19: 10.19 | G19: 37.87 | H19: 15.1 | I19: 5.55 | J19: 0.66 | K19: 53.91 | L19: 27.14 | M19: 85.89 | N19: 50.9 | O19: 0 | P19: 0.52 | Q19: 4.59
A20: 45522.5 | B20: 9.22 | C20: 4.13 | D20: 14 | E20: 21.2 | F20: 8.13 | G20: 69.15 | H20: 27.03 | I20: 5.7 | J20: 0.62 | K20: 68.32 | L20: 26.43 | M20: 94.37 | N20: 52.7 | O20: 0.4 | P20: 0.56 | Q20: 4.6
... A32: 45523 | B32: 9.23 | C32: 4.13 | D32: 14 | E32: 10.41 | F32: 7.04 | G32: 92.42 | H32: 19.14 | I32: 7.27 | J32: 0.61 | K32: 64.86 | L32: 26.09 | M32: 90.46 | N32: 2.1 | O32: 0 | P32: 0.62 | Q32: 4.6
A34: Min | B34: =MIN(B9:B32) -> 9.21 | C34: =MIN(C9:C32) -> 4.11 | D34: =MIN(D9:D32) -> 14 | E34: =MIN(E9:E32) -> 8.56 | F34: =MIN(F9:F32) -> 6.55 | G34: =MIN(G9:G32) -> 37.87 | H34: =MIN(H9:H32) -> 15 | I34: =MIN(I9:I32) -> 4.73 | ... Q34: =MIN(Q9:Q32) -> 4.58
A35: Max | B35: =MAX(B9:B32) -> 9.25 | C35: =MAX(C9:C32) -> 4.16 | D35: =MAX(D9:D32) -> 14.01 | E35: =MAX(E9:E32) -> 21.2 | F35: =MAX(F9:F32) -> 17.22 | G35: =MAX(G9:G32) -> 98.27 | H35: =MAX(H9:H32) -> 36.76 | I35: =MAX(I9:I32) -> 7.28 | ... Q35: =MAX(Q9:Q32) -> 4.6
A36: Avg | B36: =AVERAGE(B9:B32) -> 9.23375 | C36: =AVERAGE(C9:C32) -> 4.1358333 | D36: =AVERAGE(D9:D32) -> 14.000417 | E36: =AVERAGE(E9:E32) -> 11.505417 | F36: =AVERAGE(F9:F32) -> 10.372083 | G36: =AVERAGE(G9:G32) -> 70.901667 | H36: =AVERAGE(H9:H32) -> 26.053333 | I36: =AVERAGE(I9:I32) -> 5.8416667 | ... Q36: =AVERAGE(Q9:Q32) -> 4.5925
A37: Stdev | B37: =STDEV(B9:B32) -> 0.0096964808 | C37: =STDEV(C9:C32) -> 0.014116493 | D37: =STDEV(D9:D32) -> 0.0020412415 | E37: =STDEV(E9:E32) -> 2.7757177 | F37: =STDEV(F9:F32) -> 3.180257 | G37: =STDEV(G9:G32) -> 15.58651 | H37: =STDEV(H9:H32) -> 7.1544329 | I37: =STDEV(I9:I32) -> 0.77541387 | ... Q37: =STDEV(Q9:Q32) -> 0.0060791876
A38: Num | B38: =COUNT(B9:B32) -> 24 | C38: =COUNT(C9:C32) -> 24 | D38: =COUNT(D9:D32) -> 24 | E38: =COUNT(E9:E32) -> 24 | F38: =COUNT(F9:F32) -> 24 | G38: =COUNT(G9:G32) -> 24 | H38: =COUNT(H9:H32) -> 24 | I38: =COUNT(I9:I32) -> 24 | ... Q38: =COUNT(Q9:Q32) -> 24
A39: DCR | B39: =IF(B38>=22,">90%",IF(B38<=22,"<90%")) -> >90% | C39: =IF(C38>=22,">90%",IF(C38<=22,"<90%")) -> >90% | D39: =IF(D38>=22,">90%",IF(D38<=22,"<90%")) -> >90% | E39: =IF(E38>=22,">90%",IF(E38<=22,"<90%")) -> >90% | F39: =IF(F38>=22,">90%",IF(F38<=22,"<90%")) -> >90% | G39: =IF(G38>=22,">90%",IF(G38<=22,"<90%")) -> >90% | H39: =IF(H38>=22,">90%",IF(H38<=22,"<90%")) -> >90% | I39: =IF(I38>=22,">90%",IF(I38<=22,"<90%")) -> >90% | ... Q39: =IF(Q38>=22,">90%",IF(Q38<=22,"<90%")) -> >90%
A40: Status | B40: =IF(B38>=22,"OK",IF(B38<=22,"LESS")) -> OK | C40: =IF(C38>=22,"OK",IF(C38<=22,"LESS")) -> OK | D40: =IF(D38>=22,"OK",IF(D38<=22,"LESS")) -> OK | E40: =IF(E38>=22,"OK",IF(E38<=22,"LESS")) -> OK | F40: =IF(F38>=22,"OK",IF(F38<=22,"LESS")) -> OK | G40: =IF(G38>=22,"OK",IF(G38<=22,"LESS")) -> OK | H40: =IF(H38>=22,"OK",IF(H38<=22,"LESS")) -> OK | I40: =IF(I38>=22,"OK",IF(I38<=22,"LESS")) -> OK | ... Q40: =IF(Q38>=22,"OK",IF(Q38<=22,"LESS")) -> OK
A43: Done by | B43: AKASH
A45: Comment

Sheet 19
A1: Station: | B1: IGKV ,RAIPUR
A2: Date: | B2: =$A$9 -> 45523.042 | D2: Power Off | G2: Pw.Off | L2: Link Fail | N2: Link F | P2: Maintenance | R2: Maint.
A3: Report Type: | B3: Mean | D3: Calibration | G3: Calib. | L3: Data Fail | N3: Data F | P3: Invalid | R3: Invalid
A4: Time Base: | B4: 01 Hour | D4: Zero Referrence | G4: Z.Ref | L4: Warm Up | N4: Wm. Up
A7: Date & Time | B7: NO | C7: NO2 | D7: NOX | E7: SO2 | F7: O3 | G7: PM 10 | H7: PM 2.5 | I7: BENZ | J7: WS | K7: WD | L7: TEMP | M7: HUM | N7: SR | O7: RG | P7: CO | Q7: NH3
B8: ug/m3 | C8: ug/m3 | D8: ppb | E8: ug/m3 | F8: ug/m3 | G8: ug/m3 | H8: ug/m3 | I8: ug/m3 | J8: m/sec | K8: deg | L8: degreC | M8: % | N8: w/m2 | O8: mm | P8: mg/m3 | Q8: ug/m3
A9: 45523.042 | B9: 9.28 | C9: 4.1 | D9: 14.02 | E9: 10.68 | F9: 6.85 | G9: 91.57 | H9: 19.41 | I9: 6.92 | J9: 0.55 | K9: 262.05 | L9: 25.98 | M9: 94.14 | N9: 2.3 | O9: 0 | P9: 0.59 | Q9: 4.6
A10: 45523.083 | B10: 9.29 | C10: 4.07 | D10: 14.01 | E10: 10.85 | F10: 5.48 | G10: 86.2 | H10: 21.05 | I10: 6.55 | J10: 0.14 | K10: 228.01 | L10: 25.65 | M10: 93.44 | N10: 2.2 | O10: 0 | P10: 0.56 | Q10: 4.6
A11: 45523.125 | B11: 9.29 | C11: 4.08 | D11: 14.03 | E11: 9.99 | F11: 5.57 | G11: 76.88 | H11: 20.66 | I11: 6.34 | J11: 0.15 | K11: 228.9 | L11: 25.51 | M11: 93.54 | N11: 2.2 | O11: 0 | P11: 0.58 | Q11: 4.6
A12: 45523.167 | B12: 9.29 | C12: 4.07 | D12: 14.02 | E12: 9.82 | F12: 5.42 | G12: 81.09 | H12: 18.2 | I12: 6.49 | J12: 0.15 | K12: 216.07 | L12: 25.7 | M12: 95.9 | N12: 2.3 | O12: 0 | P12: 0.59 | Q12: 4.6
A13: 45523.208 | B13: 9.28 | C13: 4.09 | D13: 14.02 | E13: 8.66 | F13: 5.29 | G13: 84.57 | H13: 22.93 | I13: 6.45 | J13: 0.18 | K13: 249.93 | L13: 25.41 | M13: 97.52 | N13: 2.2 | O13: 0 | P13: 0.6 | Q13: 4.58
A14: 45523.25 | B14: 9.28 | C14: 4.09 | D14: 14.02 | E14: 8.5 | F14: 5.3 | G14: 83.69 | H14: 23.03 | I14: 7.07 | J14: 0.39 | K14: 165.2 | L14: 25.4 | M14: 97.68 | N14: 5.5 | O14: 0 | P14: 0.65 | Q14: 4.59
A15: 45523.292 | B15: 9.3 | C15: 4.07 | D15: 14.03 | E15: 8.74 | F15: 6.04 | G15: 91.73 | H15: 31.72 | I15: 7.05 | J15: 0.16 | K15: 191.75 | L15: 26.23 | M15: 96.92 | N15: 57.4 | O15: 0 | P15: 0.66 | Q15: 4.6
A16: 45523.333 | B16: 9.27 | C16: 4.11 | D16: 14.03 | E16: 9.8 | F16: 8.46 | G16: 102.31 | H16: 39.29 | I16: 7.17 | J16: 0.24 | K16: 323.05 | L16: 28.38 | M16: 90.45 | N16: 150.1 | O16: 0 | P16: 0.66 | Q16: 4.6
A17: 45523.375 | B17: 9.26 | C17: 4.1 | D17: 14.01 | E17: 13.2 | F17: 8.02 | G17: 101.84 | H17: 41.75 | I17: 7.13 | J17: 0.5 | K17: 348.59 | L17: 29.64 | M17: 79.91 | N17: 300.2 | O17: 0 | P17: 0.66 | Q17: 4.59
A18: 45523.417 | B18: 9.27 | C18: 4.1 | D18: 14.02 | E18: 13.65 | F18: 9.24 | G18: 128.74 | H18: 47.73 | I18: 7.04 | J18: 0.28 | K18: 332.17 | L18: 31.04 | M18: 72.21 | N18: 264.9 | O18: 0 | P18: 0.66 | Q18: 4.59
A19: 45523.458 | B19: 9.29 | C19: 4.1 | D19: 14.03 | E19: 19.31 | F19: 10.42 | G19: 128.5 | H19: 46.31 | I19: 6.83 | J19: 0.42 | K19: 356.94 | L19: 31.8 | M19: 66.06 | N19: 632.2 | O19: 0 | P19: 0.66 | Q19: 4.59
A20: 45523.5 | B20: 9.32 | C20: 4.08 | D20: 14.04 | E20: 25.71 | F20: 18.23 | G20: 126.06 | H20: 41.88 | I20: 6.49 | J20: 0.94 | K20: 325.35 | L20: 32.44 | M20: 61.01 | N20: 796 | O20: 0 | P20: 0.65 | Q20: 4.59
... A23: 45523.625 | B23: 9.33 | C23: 4.11 | D23: 14.03 | E23: 10.79 | F23: 20.41 | G23: 80.21 | H23: 35.24 | I23: 5.63 | J23: 0.74 | K23: 58.59 | L23: 33.62 | M23: 59.79 | N23: 611.3 | O23: 0 | P23: 0.56 | Q23: 4.57
A24: 45523.667 | B24: 9.74 | C24: 4.1 | D24: 14.37 | E24: Calib. | F24: 6.28 | G24: Calib. | H24: Calib. | I24: 5.8 | J24: 0.52 | K24: 50.38 | L24: 33.85 | M24: 56.16 | N24: 499.5 | O24: 0 | P24: 0.59 | Q24: 4.56
A25: 45523.708 | B25: 11.58 | C25: 4.22 | D25: 15.94 | E25: 16.3 | F25: 29.08 | G25: Calib. | H25: Calib. | I25: 8.31 | J25: 0.48 | K25: 61.33 | L25: 33.78 | M25: 58.57 | N25: 152.9 | O25: 0 | P25: 0.57 | Q25: 4.59
A26: 45523.75 | B26: 9.34 | C26: 4.08 | D26: 14.07 | E26: 11.2 | F26: 24.77 | G26: 57.02 | H26: 5.51 | I26: 8.57 | J26: 0.38 | K26: 154.9 | L26: 32.76 | M26: 66.11 | N26: 38.7 | O26: 0 | P26: 0.49 | Q26: 4.58
A27: 45523.792 | B27: 9.3 | C27: 4.08 | D27: 14.03 | E27: 10.17 | F27: 21.25 | G27: 57.02 | H27: 9.11 | I27: 7.58 | J27: 0.3 | K27: 216.24 | L27: 31.58 | M27: 79.24 | N27: 5.6 | O27: 0 | P27: 0.48 | Q27: 4.59
A28: 45523.833 | B28: 9.33 | C28: 4.11 | D28: 14.06 | E28: 11 | F28: 23.39 | G28: 60.4 | H28: 11.27 | I28: 7.06 | J28: 0.2 | K28: 185.57 | L28: 29.95 | M28: 82.56 | N28: 2.2 | O28: 0 | P28: 0.48 | Q28: 4.6
A29: 45523.875 | B29: 9.33 | C29: 4.09 | D29: 14.06 | E29: 11.7 | F29: 16.03 | G29: 66.95 | H29: 18.14 | I29: 7.26 | J29: 0.6 | K29: 345.85 | L29: 29.65 | M29: 83.65 | N29: 2.4 | O29: 0 | P29: 0.56 | Q29: 4.6
A30: 45523.917 | B30: 9.34 | C30: 4.1 | D30: 14.06 | E30: 13.5 | F30: 17.77 | G30: 66.95 | H30: 18.14 | I30: 6.48 | J30: 0.21 | K30: 319.53 | L30: 28.85 | M30: 80.38 | N30: 2.4 | O30: 0 | P30: 0.51 | Q30: 4.61
A31: 45523.958 | B31: 9.26 | C31: 4.1 | D31: 14.01 | E31: 14.16 | F31: 13.94 | G31: 73.38 | H31: 20.06 | I31: 5.62 | J31: 0.19 | K31: 189.35 | L31: 28.39 | M31: 86.29 | N31: 2.3 | O31: 0 | P31: 0.54 | Q31: 4.6
A32: 45524 | B32: 9.27 | C32: 4.12 | D32: 14.03 | E32: 13.44 | F32: 15.9 | G32: 89.72 | H32: 31.25 | I32: 5.61 | J32: 0.27 | K32: 275.95 | L32: 27.85 | M32: 88.67 | N32: 2.2 | O32: 0 | P32: 0.52 | Q32: 4.61
A34: Min | B34: =MIN(B9:B32) -> 9.26 | C34: =MIN(C9:C32) -> 4.07 | D34: =MIN(D9:D32) -> 14.01 | E34: =MIN(E9:E32) -> 8.5 | F34: =MIN(F9:F32) -> 5.29 | G34: =MIN(G9:G32) -> 57.02 | H34: =MIN(H9:H32) -> 5.51 | I34: =MIN(I9:I32) -> 5.61 | ... Q34: =MIN(Q9:Q32) -> 4.56
A35: Max | B35: =MAX(B9:B32) -> 11.58 | C35: =MAX(C9:C32) -> 4.22 | D35: =MAX(D9:D32) -> 15.94 | E35: =MAX(E9:E32) -> 25.71 | F35: =MAX(F9:F32) -> 29.08 | G35: =MAX(G9:G32) -> 128.74 | H35: =MAX(H9:H32) -> 47.73 | I35: =MAX(I9:I32) -> 8.57 | ... Q35: =MAX(Q9:Q32) -> 4.61
A36: Avg | B36: =AVERAGE(B9:B32) -> 9.4116667 | C36: =AVERAGE(C9:C32) -> 4.1 | D36: =AVERAGE(D9:D32) -> 14.12625 | E36: =AVERAGE(E9:E32) -> 12.953043 | F36: =AVERAGE(F9:F32) -> 13.442083 | G36: =AVERAGE(G9:G32) -> 89.362273 | H36: =AVERAGE(H9:H32) -> 27.388636 | I36: =AVERAGE(I9:I32) -> 6.715 | ... Q36: =AVERAGE(Q9:Q32) -> 4.5916667
A37: Stdev | B37: =STDEV(B9:B32) -> 0.47137788 | C37: =STDEV(C9:C32) -> 0.03134659 | D37: =STDEV(D9:D32) -> 0.39282491 | E37: =STDEV(E9:E32) -> 4.6120321 | F37: =STDEV(F9:F32) -> 7.4256693 | G37: =STDEV(G9:G32) -> 22.607861 | H37: =STDEV(H9:H32) -> 12.556188 | I37: =STDEV(I9:I32) -> 0.78862566 | ... Q37: =STDEV(Q9:Q32) -> 0.012038585
A38: Num | B38: =COUNT(B9:B32) -> 24 | C38: =COUNT(C9:C32) -> 24 | D38: =COUNT(D9:D32) -> 24 | E38: 24 | F38: 24 | G38: 24 | H38: 24 | I38: =COUNT(I9:I32) -> 24 | J38: =COUNT(J9:J32) -> 24 | K38: =COUNT(K9:K32) -> 24 | L38: =COUNT(L9:L32) -> 24 | M38: =COUNT(M9:M32) -> 24 | N38: =COUNT(N9:N32) -> 24 | O38: =COUNT(O9:O32) -> 24 | P38: =COUNT(P9:P32) -> 24 | Q38: =COUNT(Q9:Q32) -> 24
A39: DCR | B39: =IF(B38>=22,">90%",IF(B38<=22,"<90%")) -> >90% | C39: =IF(C38>=22,">90%",IF(C38<=22,"<90%")) -> >90% | D39: =IF(D38>=22,">90%",IF(D38<=22,"<90%")) -> >90% | E39: =IF(E38>=22,">90%",IF(E38<=22,"<90%")) -> >90% | F39: =IF(F38>=22,">90%",IF(F38<=22,"<90%")) -> >90% | G39: =IF(G38>=22,">90%",IF(G38<=22,"<90%")) -> >90% | H39: =IF(H38>=22,">90%",IF(H38<=22,"<90%")) -> >90% | I39: =IF(I38>=22,">90%",IF(I38<=22,"<90%")) -> >90% | ... Q39: =IF(Q38>=22,">90%",IF(Q38<=22,"<90%")) -> >90%
A40: Status | B40: =IF(B38>=22,"OK",IF(B38<=22,"LESS")) -> OK | C40: =IF(C38>=22,"OK",IF(C38<=22,"LESS")) -> OK | D40: =IF(D38>=22,"OK",IF(D38<=22,"LESS")) -> OK | E40: =IF(E38>=22,"OK",IF(E38<=22,"LESS")) -> OK | F40: =IF(F38>=22,"OK",IF(F38<=22,"LESS")) -> OK | G40: =IF(G38>=22,"OK",IF(G38<=22,"LESS")) -> OK | H40: =IF(H38>=22,"OK",IF(H38<=22,"LESS")) -> OK | I40: =IF(I38>=22,"OK",IF(I38<=22,"LESS")) -> OK | ... Q40: =IF(Q38>=22,"OK",IF(Q38<=22,"LESS")) -> OK
A43: Done by | B43: AKASH
A45: Comment

Sheet 20
A1: Station: | B1: IGKV ,RAIPUR
A2: Date: | B2: =$A$9 -> 45524.042 | D2: Power Off | G2: Pw.Off | L2: Link Fail | N2: Link F | P2: Maintenance | R2: Maint.
A3: Report Type: | B3: Mean | D3: Calibration | G3: Calib. | L3: Data Fail | N3: Data F | P3: Invalid | R3: Invalid
A4: Time Base: | B4: 01 Hour | D4: Zero Referrence | G4: Z.Ref | L4: Warm Up | N4: Wm. Up
A7: Date & Time | B7: NO | C7: NO2 | D7: NOX | E7: SO2 | F7: O3 | G7: PM 10 | H7: PM 2.5 | I7: BENZ | J7: WS | K7: WD | L7: TEMP | M7: HUM | N7: SR | O7: RG | P7: CO | Q7: NH3
B8: ug/m3 | C8: ug/m3 | D8: ppb | E8: ug/m3 | F8: ug/m3 | G8: ug/m3 | H8: ug/m3 | I8: ug/m3 | J8: m/sec | K8: deg | L8: degreC | M8: % | N8: w/m2 | O8: mm | P8: mg/m3 | Q8: ug/m3
A9: 45524.042 | B9: 9.38 | C9: 4.07 | D9: 14.09 | E9: 11.02 | F9: 20.56 | G9: 89.72 | H9: 31.25 | I9: 5.19 | J9: 0.53 | K9: 277.44 | L9: 27.97 | M9: 86.25 | N9: 2.2 | O9: 0 | P9: 0.43 | Q9: 4.6
A10: 45524.083 | B10: 9.36 | C10: 4.09 | D10: 14.08 | E10: 11.02 | F10: 18.48 | G10: 81.42 | H10: 25.69 | I10: 6.58 | J10: 0.69 | K10: 279.29 | L10: 27.82 | M10: 85.92 | N10: 2.3 | O10: 0 | P10: 0.53 | Q10: 4.6
A11: 45524.125 | B11: 9.37 | C11: 4.08 | D11: 14.1 | E11: 10.18 | F11: 14.21 | G11: 65.63 | H11: 25.69 | I11: 6.76 | J11: 0.84 | K11: 286.03 | L11: 27.63 | M11: 89.24 | N11: 2.2 | O11: 0 | P11: 0.51 | Q11: 4.59
A12: 45524.167 | B12: 9.36 | C12: 4.12 | D12: 14.1 | E12: 10.31 | F12: 12.6 | G12: 65.63 | H12: 24.77 | I12: 5.94 | J12: 0.57 | K12: 279.88 | L12: 27.44 | M12: 90.63 | N12: 2.4 | O12: 0 | P12: 0.47 | Q12: 4.59
A13: 45524.208 | B13: 9.37 | C13: 4.11 | D13: 14.1 | E13: 10.59 | F13: 11.35 | G13: 50.36 | H13: 24.77 | I13: 5.48 | J13: 0.33 | K13: 269.23 | L13: 27.22 | M13: 91.52 | N13: 2.4 | O13: 0 | P13: 0.43 | Q13: 4.6
A14: 45524.25 | B14: 9.36 | C14: 4.07 | D14: 14.08 | E14: 10.99 | F14: 10.27 | G14: 35.94 | H14: 21.24 | I14: 5.19 | J14: 0.5 | K14: 277.14 | L14: 26.99 | M14: 92.59 | N14: 8.7 | O14: 0 | P14: 0.41 | Q14: 4.59
A15: 45524.292 | B15: 9.36 | C15: 4.08 | D15: 14.08 | E15: 11.01 | F15: 12.19 | G15: 38.07 | H15: 19.62 | I15: 4.98 | J15: 0.38 | K15: 272.53 | L15: 27.16 | M15: 92.33 | N15: 43.8 | O15: 0 | P15: 0.4 | Q15: 4.6
A16: 45524.333 | B16: 9.3 | C16: 4.1 | D16: 14.03 | E16: 9.72 | F16: 13.85 | G16: 38.07 | H16: 16.83 | I16: 4.61 | J16: 0.4 | K16: 270.77 | L16: 27.66 | M16: 91.59 | N16: 90 | O16: 0 | P16: 0.33 | Q16: 4.59
A17: 45524.375 | B17: 9.29 | C17: 4.07 | D17: 14.02 | E17: 9.78 | F17: 15.01 | G17: 37 | H17: 17.66 | I17: 4.49 | J17: 0.43 | K17: 273.22 | L17: 28.27 | M17: 87.26 | N17: 111.9 | O17: 0 | P17: 0.35 | Q17: 4.6
A18: 45524.417 | B18: 9.31 | C18: 4.07 | D18: 14.04 | E18: 10.77 | F18: 17.25 | G18: 42.08 | H18: 21.5 | I18: 5.07 | J18: 0.52 | K18: 276.04 | L18: 28.94 | M18: 84.81 | N18: 200.4 | O18: 0 | P18: 0.36 | Q18: 4.6
A19: 45524.458 | B19: 9.33 | C19: 4.1 | D19: 14.06 | E19: 11.58 | F19: 17.2 | G19: 42.08 | H19: 26.07 | I19: 5.79 | J19: 0.55 | K19: 272.15 | L19: 29.87 | M19: 80.47 | N19: 253.5 | O19: 0 | P19: 0.4 | Q19: 4.6
A20: 45524.5 | B20: 9.32 | C20: 4.1 | D20: 14.05 | E20: 11.1 | F20: 13.93 | G20: 50.02 | H20: 26.07 | I20: 5.9 | J20: 0.75 | K20: 279.37 | L20: 30.89 | M20: 77.34 | N20: 378.3 | O20: 0 | P20: 0.42 | Q20: 4.58
... A32: 45525 | B32: 9.34 | C32: 4.11 | D32: 14.08 | E32: 8.62 | F32: 9 | G32: 49.72 | H32: 20.8 | I32: 4.57 | J32: 0.21 | K32: 216.5 | L32: 26.89 | M32: 97.83 | N32: 2.5 | O32: 0 | P32: 0.44 | Q32: 4.58
A34: Min | B34: =MIN(B9:B32) -> 9.29 | C34: =MIN(C9:C32) -> 4.07 | D34: =MIN(D9:D32) -> 14.02 | E34: =MIN(E9:E32) -> 7.91 | F34: =MIN(F9:F32) -> 9 | G34: =MIN(G9:G32) -> 35.46 | H34: =MIN(H9:H32) -> 16.83 | I34: =MIN(I9:I32) -> 4.04 | ... Q34: =MIN(Q9:Q32) -> 4.57
A35: Max | B35: =MAX(B9:B32) -> 9.4 | C35: =MAX(C9:C32) -> 4.12 | D35: =MAX(D9:D32) -> 14.13 | E35: =MAX(E9:E32) -> 11.58 | F35: =MAX(F9:F32) -> 23.45 | G35: =MAX(G9:G32) -> 89.72 | H35: =MAX(H9:H32) -> 35.54 | I35: =MAX(I9:I32) -> 6.76 | ... Q35: =MAX(Q9:Q32) -> 4.6
A36: Avg | B36: =AVERAGE(B9:B32) -> 9.3525 | C36: =AVERAGE(C9:C32) -> 4.0904167 | D36: =AVERAGE(D9:D32) -> 14.08 | E36: =AVERAGE(E9:E32) -> 10.037917 | F36: =AVERAGE(F9:F32) -> 15.393333 | G36: =AVERAGE(G9:G32) -> 49.765833 | H36: =AVERAGE(H9:H32) -> 24.65 | I36: =AVERAGE(I9:I32) -> 5.2504167 | ... Q36: =AVERAGE(Q9:Q32) -> 4.59125
A37: Stdev | B37: =STDEV(B9:B32) -> 0.032604348 | C37: =STDEV(C9:C32) -> 0.014589802 | D37: =STDEV(D9:D32) -> 0.029781815 | E37: =STDEV(E9:E32) -> 1.1145324 | F37: =STDEV(F9:F32) -> 3.8500849 | G37: =STDEV(G9:G32) -> 14.113683 | H37: =STDEV(H9:H32) -> 5.2344154 | I37: =STDEV(I9:I32) -> 0.75271959 | ... Q37: =STDEV(Q9:Q32) -> 0.0085019179
A38: Num | B38: =COUNT(B9:B32) -> 24 | C38: =COUNT(C9:C32) -> 24 | D38: =COUNT(D9:D32) -> 24 | E38: =COUNT(E9:E32) -> 24 | F38: =COUNT(F9:F32) -> 24 | G38: =COUNT(G9:G32) -> 24 | H38: =COUNT(H9:H32) -> 24 | I38: =COUNT(I9:I32) -> 24 | ... Q38: =COUNT(Q9:Q32) -> 24
A39: DCR | B39: =IF(B38>=22,">90%",IF(B38<=22,"<90%")) -> >90% | C39: =IF(C38>=22,">90%",IF(C38<=22,"<90%")) -> >90% | D39: =IF(D38>=22,">90%",IF(D38<=22,"<90%")) -> >90% | E39: =IF(E38>=22,">90%",IF(E38<=22,"<90%")) -> >90% | F39: =IF(F38>=22,">90%",IF(F38<=22,"<90%")) -> >90% | G39: =IF(G38>=22,">90%",IF(G38<=22,"<90%")) -> >90% | H39: =IF(H38>=22,">90%",IF(H38<=22,"<90%")) -> >90% | I39: =IF(I38>=22,">90%",IF(I38<=22,"<90%")) -> >90% | ... Q39: =IF(Q38>=22,">90%",IF(Q38<=22,"<90%")) -> >90%
A40: Status | B40: =IF(B38>=22,"OK",IF(B38<=22,"LESS")) -> OK | C40: =IF(C38>=22,"OK",IF(C38<=22,"LESS")) -> OK | D40: =IF(D38>=22,"OK",IF(D38<=22,"LESS")) -> OK | E40: =IF(E38>=22,"OK",IF(E38<=22,"LESS")) -> OK | F40: =IF(F38>=22,"OK",IF(F38<=22,"LESS")) -> OK | G40: =IF(G38>=22,"OK",IF(G38<=22,"LESS")) -> OK | H40: =IF(H38>=22,"OK",IF(H38<=22,"LESS")) -> OK | I40: =IF(I38>=22,"OK",IF(I38<=22,"LESS")) -> OK | ... Q40: =IF(Q38>=22,"OK",IF(Q38<=22,"LESS")) -> OK
A43: Done by | B43: AKASH
A45: Comment

Sheet 21
A1: Station: | B1: IGKV ,RAIPUR
A2: Date: | B2: =$A$9 -> 45525.042 | D2: Power Off | G2: Pw.Off | L2: Link Fail | N2: Link F | P2: Maintenance | R2: Maint.
A3: Report Type: | B3: Mean | D3: Calibration | G3: Calib. | L3: Data Fail | N3: Data F | P3: Invalid | R3: Invalid
A4: Time Base: | B4: 01 Hour | D4: Zero Referrence | G4: Z.Ref | L4: Warm Up | N4: Wm. Up
A7: Date & Time | B7: NO | C7: NO2 | D7: NOX | E7: SO2 | F7: O3 | G7: PM 10 | H7: PM 2.5 | I7: BENZ | J7: WS | K7: WD | L7: TEMP | M7: HUM | N7: SR | O7: RG | P7: CO | Q7: NH3
B8: ug/m3 | C8: ug/m3 | D8: ppb | E8: ug/m3 | F8: ug/m3 | G8: ug/m3 | H8: ug/m3 | I8: ug/m3 | J8: m/sec | K8: deg | L8: degreC | M8: % | N8: w/m2 | O8: mm | P8: mg/m3 | Q8: ug/m3
A9: 45525.042 | B9: Pw.Off | C9: Pw.Off | D9: Pw.Off | E9: Pw.Off | F9: Pw.Off | G9: Pw.Off | H9: Pw.Off | I9: Pw.Off | J9: Pw.Off | K9: Pw.Off | L9: Pw.Off | M9: Pw.Off | N9: Pw.Off | O9: Pw.Off | P9: Pw.Off | Q9: Pw.Off
A10: 45525.083 | B10: Pw.Off | C10: Pw.Off | D10: Pw.Off | E10: Pw.Off | F10: Pw.Off | G10: Pw.Off | H10: Pw.Off | I10: Pw.Off | J10: Pw.Off | K10: Pw.Off | L10: Pw.Off | M10: Pw.Off | N10: Pw.Off | O10: Pw.Off | P10: Pw.Off | Q10: Pw.Off
A11: 45525.125 | B11: Pw.Off | C11: Pw.Off | D11: Pw.Off | E11: Pw.Off | F11: Pw.Off | G11: Pw.Off | H11: Pw.Off | I11: Pw.Off | J11: Pw.Off | K11: Pw.Off | L11: Pw.Off | M11: Pw.Off | N11: Pw.Off | O11: Pw.Off | P11: Pw.Off | Q11: Pw.Off
A12: 45525.167 | B12: Pw.Off | C12: Pw.Off | D12: Pw.Off | E12: Pw.Off | F12: Pw.Off | G12: Pw.Off | H12: Pw.Off | I12: Pw.Off | J12: Pw.Off | K12: Pw.Off | L12: Pw.Off | M12: Pw.Off | N12: Pw.Off | O12: Pw.Off | P12: Pw.Off | Q12: Pw.Off
A13: 45525.208 | B13: Pw.Off | C13: Pw.Off | D13: Pw.Off | E13: Pw.Off | F13: Pw.Off | G13: Pw.Off | H13: Pw.Off | I13: Pw.Off | J13: Pw.Off | K13: Pw.Off | L13: Pw.Off | M13: Pw.Off | N13: Pw.Off | O13: Pw.Off | P13: Pw.Off | Q13: Pw.Off
A14: 45525.25 | B14: Pw.Off | C14: Pw.Off | D14: Pw.Off | E14: Pw.Off | F14: Pw.Off | G14: Pw.Off | H14: Pw.Off | I14: Pw.Off | J14: Pw.Off | K14: Pw.Off | L14: Pw.Off | M14: Pw.Off | N14: Pw.Off | O14: Pw.Off | P14: Pw.Off | Q14: Pw.Off
A15: 45525.292 | B15: Pw.Off | C15: Pw.Off | D15: Pw.Off | E15: Pw.Off | F15: Pw.Off | G15: Pw.Off | H15: Pw.Off | I15: Pw.Off | J15: Pw.Off | K15: Pw.Off | L15: Pw.Off | M15: Pw.Off | N15: Pw.Off | O15: Pw.Off | P15: Pw.Off | Q15: Pw.Off
A16: 45525.333 | B16: Pw.Off | C16: Pw.Off | D16: Pw.Off | E16: Pw.Off | F16: Pw.Off | G16: Pw.Off | H16: Pw.Off | I16: Pw.Off | J16: Pw.Off | K16: Pw.Off | L16: Pw.Off | M16: Pw.Off | N16: Pw.Off | O16: Pw.Off | P16: Pw.Off | Q16: Pw.Off
A17: 45525.375 | B17: Pw.Off | C17: Pw.Off | D17: Pw.Off | E17: Pw.Off | F17: Pw.Off | G17: Pw.Off | H17: Pw.Off | I17: Pw.Off | J17: Pw.Off | K17: Pw.Off | L17: Pw.Off | M17: Pw.Off | N17: Pw.Off | O17: Pw.Off | P17: Pw.Off | Q17: Pw.Off
A18: 45525.417 | B18: Pw.Off | C18: Pw.Off | D18: Pw.Off | E18: Pw.Off | F18: Pw.Off | G18: Pw.Off | H18: Pw.Off | I18: Pw.Off | J18: Pw.Off | K18: Pw.Off | L18: Pw.Off | M18: Pw.Off | N18: Pw.Off | O18: Pw.Off | P18: Pw.Off | Q18: Pw.Off
A19: 45525.458 | B19: Pw.Off | C19: Pw.Off | D19: Pw.Off | E19: Pw.Off | F19: Pw.Off | G19: Pw.Off | H19: Pw.Off | I19: Pw.Off | J19: Pw.Off | K19: Pw.Off | L19: Pw.Off | M19: Pw.Off | N19: Pw.Off | O19: Pw.Off | P19: Pw.Off | Q19: Pw.Off
A20: 45525.5 | B20: Pw.Off | C20: Pw.Off | D20: Pw.Off | E20: Pw.Off | F20: Pw.Off | G20: Pw.Off | H20: Pw.Off | I20: Pw.Off | J20: Pw.Off | K20: Pw.Off | L20: Pw.Off | M20: Pw.Off | N20: Pw.Off | O20: Pw.Off | P20: Pw.Off | Q20: Pw.Off
... A25: 45525.708 | B25: Pw.Off | C25: Pw.Off | D25: Pw.Off | E25: Pw.Off | F25: Pw.Off | G25: Pw.Off | H25: Pw.Off | I25: Pw.Off | J25: Pw.Off | K25: Pw.Off | L25: Pw.Off | M25: Pw.Off | N25: Pw.Off | O25: Pw.Off | P25: Pw.Off | Q25: Pw.Off
A26: 45525.75 | B26: 9.19 | C26: 4.23 | D26: 14 | E26: 8.41 | F26: 12.85 | G26: 39.89 | H26: 12.61 | I26: 4.29 | J26: 0.17 | K26: 358.68 | L26: 28.71 | M26: 80.68 | N26: 10.5 | O26: 0 | P26: 0.42 | Q26: 4.59
A27: 45525.792 | B27: 9.2 | C27: 4.21 | D27: 14 | E27: 10.4 | F27: 13.04 | G27: 45.91 | H27: 18.07 | I27: 4.61 | J27: 0.67 | K27: 310.68 | L27: 28.84 | M27: 81.27 | N27: 2.8 | O27: 0 | P27: 0.47 | Q27: 4.58
A28: 45525.833 | B28: 9.19 | C28: 4.21 | D28: 14 | E28: 10.58 | F28: 11.61 | G28: 56.12 | H28: 24.71 | I28: 5.3 | J28: 0.34 | K28: 178.68 | L28: 28.02 | M28: 87.02 | N28: 2.6 | O28: 0 | P28: 0.52 | Q28: 4.58
A29: 45525.875 | B29: 9.19 | C29: 4.2 | D29: 14 | E29: 10.33 | F29: 15.39 | G29: 56.12 | H29: 25.4 | I29: 5.39 | J29: 0.25 | K29: 256.91 | L29: 28.08 | M29: 90.57 | N29: 2.6 | O29: 0 | P29: 0.53 | Q29: 4.59
A30: 45525.917 | B30: 9.21 | C30: 4.15 | D30: 14 | E30: 9.7 | F30: 17.68 | G30: 54.15 | H30: 25.4 | I30: 5.29 | J30: 0.69 | K30: 282.9 | L30: 26.67 | M30: 99.46 | N30: 3.9 | O30: 14 | P30: 0.43 | Q30: 4.6
A31: 45525.958 | B31: 9.25 | C31: 4.14 | D31: 14 | E31: 8.39 | F31: 14.01 | G31: 49.93 | H31: 18.94 | I31: 4.92 | J31: 0.99 | K31: 72.67 | L31: 24.21 | M31: 99.68 | N31: 3.1 | O31: 10.2 | P31: 0.39 | Q31: 4.62
A32: 45526 | B32: 9.22 | C32: 4.2 | D32: 14 | E32: 7.94 | F32: 13.55 | G32: 38.83 | H32: 13.59 | I32: 4.58 | J32: 0.32 | K32: 246.49 | L32: 24.36 | M32: 99.65 | N32: 2.3 | O32: 0.4 | P32: 0.35 | Q32: 4.61
A34: Min | B34: =MIN(B9:B32) -> 9.19 | C34: =MIN(C9:C32) -> 4.14 | D34: =MIN(D9:D32) -> 14 | E34: =MIN(E9:E32) -> 7.94 | F34: =MIN(F9:F32) -> 11.61 | G34: =MIN(G9:G32) -> 38.83 | H34: =MIN(H9:H32) -> 12.61 | I34: =MIN(I9:I32) -> 4.29 | ... Q34: =MIN(Q9:Q32) -> 4.58
A35: Max | B35: =MAX(B9:B32) -> 9.25 | C35: =MAX(C9:C32) -> 4.23 | D35: =MAX(D9:D32) -> 14 | E35: =MAX(E9:E32) -> 10.58 | F35: =MAX(F9:F32) -> 17.68 | G35: =MAX(G9:G32) -> 56.12 | H35: =MAX(H9:H32) -> 25.4 | I35: =MAX(I9:I32) -> 5.39 | ... Q35: =MAX(Q9:Q32) -> 4.62
A36: Avg | B36: =AVERAGE(B9:B32) -> 9.2071429 | C36: =AVERAGE(C9:C32) -> 4.1914286 | D36: =AVERAGE(D9:D32) -> 14 | E36: =AVERAGE(E9:E32) -> 9.3928571 | F36: =AVERAGE(F9:F32) -> 14.018571 | G36: =AVERAGE(G9:G32) -> 48.707143 | H36: =AVERAGE(H9:H32) -> 19.817143 | I36: =AVERAGE(I9:I32) -> 4.9114286 | ... Q36: =AVERAGE(Q9:Q32) -> 4.5957143
A37: Stdev | B37: =STDEV(B9:B32) -> 0.022146697 | C37: =STDEV(C9:C32) -> 0.033380918 | D37: =STDEV(D9:D32) -> 0 | E37: =STDEV(E9:E32) -> 1.1164485 | F37: =STDEV(F9:F32) -> 1.9845606 | G37: =STDEV(G9:G32) -> 7.3501127 | H37: =STDEV(H9:H32) -> 5.4896682 | I37: =STDEV(I9:I32) -> 0.43017162 | ... Q37: =STDEV(Q9:Q32) -> 0.015118579
A38: Num | B38: 24 | C38: 24 | D38: 24 | E38: 24 | F38: 24 | G38: 24 | H38: 24 | I38: 24 | J38: 24 | K38: 24 | L38: 24 | M38: 24 | N38: 24 | O38: 24 | P38: 24 | Q38: 24
A39: DCR | B39: =IF(B38>=22,">90%",IF(B38<=22,"<90%")) -> >90% | C39: =IF(C38>=22,">90%",IF(C38<=22,"<90%")) -> >90% | D39: =IF(D38>=22,">90%",IF(D38<=22,"<90%")) -> >90% | E39: =IF(E38>=22,">90%",IF(E38<=22,"<90%")) -> >90% | F39: =IF(F38>=22,">90%",IF(F38<=22,"<90%")) -> >90% | G39: =IF(G38>=22,">90%",IF(G38<=22,"<90%")) -> >90% | H39: =IF(H38>=22,">90%",IF(H38<=22,"<90%")) -> >90% | I39: =IF(I38>=22,">90%",IF(I38<=22,"<90%")) -> >90% | ... Q39: =IF(Q38>=22,">90%",IF(Q38<=22,"<90%")) -> >90%
A40: Status | B40: =IF(B38>=22,"OK",IF(B38<=22,"LESS")) -> OK | C40: =IF(C38>=22,"OK",IF(C38<=22,"LESS")) -> OK | D40: =IF(D38>=22,"OK",IF(D38<=22,"LESS")) -> OK | E40: =IF(E38>=22,"OK",IF(E38<=22,"LESS")) -> OK | F40: =IF(F38>=22,"OK",IF(F38<=22,"LESS")) -> OK | G40: =IF(G38>=22,"OK",IF(G38<=22,"LESS")) -> OK | H40: =IF(H38>=22,"OK",IF(H38<=22,"LESS")) -> OK | I40: =IF(I38>=22,"OK",IF(I38<=22,"LESS")) -> OK | ... Q40: =IF(Q38>=22,"OK",IF(Q38<=22,"LESS")) -> OK
A43: Done by | B43: AKASH
A45: Comment

Sheet 22
A1: Station: | B1: IGKV ,RAIPUR
A2: Date: | B2: =$A$9 -> 45526.042 | D2: Power Off | G2: Pw.Off | L2: Link Fail | N2: Link F | P2: Maintenance | R2: Maint.
A3: Report Type: | B3: Mean | D3: Calibration | G3: Calib. | L3: Data Fail | N3: Data F | P3: Invalid | R3: Invalid
A4: Time Base: | B4: 01 Hour | D4: Zero Referrence | G4: Z.Ref | L4: Warm Up | N4: Wm. Up
A7: Date & Time | B7: NO | C7: NO2 | D7: NOX | E7: SO2 | F7: O3 | G7: PM 10 | H7: PM 2.5 | I7: BENZ | J7: WS | K7: WD | L7: TEMP | M7: HUM | N7: SR | O7: RG | P7: CO | Q7: NH3
B8: ug/m3 | C8: ug/m3 | D8: ppb | E8: ug/m3 | F8: ug/m3 | G8: ug/m3 | H8: ug/m3 | I8: ug/m3 | J8: m/sec | K8: deg | L8: degreC | M8: % | N8: w/m2 | O8: mm | P8: mg/m3 | Q8: ug/m3
A9: 45526.042 | B9: 9.15 | C9: 4.26 | D9: 14 | E9: 8.12 | F9: 12.61 | G9: 33.82 | H9: 11.99 | I9: 4.23 | J9: 0.18 | K9: 230.73 | L9: 24.65 | M9: 99.66 | N9: 2.4 | O9: 0.4 | P9: 0.35 | Q9: 4.6
A10: 45526.083 | B10: 9.15 | C10: 4.26 | D10: 14 | E10: 8.08 | F10: 11.3 | G10: 27.96 | H10: 11.99 | I10: 4.2 | J10: 0.13 | K10: 238.23 | L10: 24.79 | M10: 99.68 | N10: 2.4 | O10: 0.4 | P10: 0.38 | Q10: 4.59
A11: 45526.125 | B11: 11.11 | C11: 4.26 | D11: 15.54 | E11: 8.97 | F11: 10.88 | G11: 21.12 | H11: 8.56 | I11: 3.76 | J11: 0.09 | K11: 211.8 | L11: 24.75 | M11: 99.68 | N11: 2.3 | O11: 0.2 | P11: 0.47 | Q11: 4.59
A12: 45526.167 | B12: 9.23 | C12: 6 | D12: 14.25 | E12: 2.18 | F12: 13.65 | G12: 17.55 | H12: 10.13 | I12: 3.79 | J12: 0.09 | K12: 229.71 | L12: 24.94 | M12: 99.66 | N12: 2.2 | O12: 0 | P12: 0.47 | Q12: 4.91
A13: 45526.208 | B13: 8 | C13: 6 | D13: 14 | E13: Data F | F13: 14.97 | G13: 25.05 | H13: 10.13 | I13: 3.11 | J13: 0.11 | K13: 243.16 | L13: 25.18 | M13: 99.65 | N13: 2.3 | O13: 0 | P13: 0.38 | Q13: 4.65
A14: 45526.25 | B14: 8 | C14: 6 | D14: 14 | E14: Data F | F14: 10.83 | G14: 25.05 | H14: 7.84 | I14: 3 | J14: 0.12 | K14: 234.45 | L14: 25.36 | M14: 99.63 | N14: 4.5 | O14: 0.2 | P14: 0.36 | Q14: 4.67
A15: 45526.292 | B15: 8 | C15: 6 | D15: 14 | E15: Data F | F15: 11.73 | G15: 22.16 | H15: 6.28 | I15: 2.88 | J15: 0.17 | K15: 317.6 | L15: 25.63 | M15: 99.63 | N15: 7.2 | O15: 0.2 | P15: 0.41 | Q15: 4.68
A16: 45526.333 | B16: 8 | C16: 6 | D16: 14 | E16: Data F | F16: 11.45 | G16: 18.38 | H16: 4.93 | I16: 3.25 | J16: Data F | K16: Data F | L16: 25.59 | M16: 99.63 | N16: 12.7 | O16: 0 | P16: 0.38 | Q16: 4.65
A17: 45526.375 | B17: Pw.Off | C17: Pw.Off | D17: Pw.Off | E17: Pw.Off | F17: Pw.Off | G17: Pw.Off | H17: Pw.Off | I17: Pw.Off | J17: Pw.Off | K17: Pw.Off | L17: Pw.Off | M17: Pw.Off | N17: Pw.Off | O17: Pw.Off | P17: Pw.Off | Q17: Pw.Off
A18: 45526.417 | B18: 8.89 | C18: 6 | D18: 14 | E18: 2.68 | F18: 12.87 | G18: 21.25 | H18: 12.15 | I18: 3.98 | J18: 0.19 | K18: 187.75 | L18: 25.53 | M18: 99.67 | N18: 15.2 | O18: 1.2 | P18: 0.32 | Q18: 2.23
A19: 45526.458 | B19: 8 | C19: 6 | D19: 14 | E19: 7.66 | F19: 13.82 | G19: 21.25 | H19: 12.15 | I19: 3.66 | J19: 0.34 | K19: 176.8 | L19: 25.88 | M19: 99.65 | N19: 32.4 | O19: 0.2 | P19: 0.17 | Q19: Maint.
A20: 45526.5 | B20: 8 | C20: 6 | D20: 14 | E20: 5.4 | F20: 14.02 | G20: 15.26 | H20: 12.38 | I20: 3.66 | J20: 0.33 | K20: 151.93 | L20: 26.18 | M20: 99.65 | N20: 80.4 | O20: 0.2 | P20: 0.16 | Q20: Maint.
A21: 45526.542 | B21: 8 | C21: 6 | D21: 14 | E21: 3.68 | F21: 14.13 | G21: 15.81 | H21: 12.38 | I21: 3.45 | J21: 0.18 | K21: 262.45 | L21: 27.18 | M21: 99.65 | N21: 158.2 | O21: 0 | P21: 0.15 | Q21: Maint.
A22: 45526.583 | B22: 8 | C22: 6 | D22: 14 | E22: 3.92 | F22: 13.37 | G22: 16.43 | H22: 16.82 | I22: 3.69 | J22: 0.46 | K22: 275.9 | L22: 28.58 | M22: 99.65 | N22: 208.7 | O22: 0 | P22: 0.2 | Q22: Maint.
A23: 45526.625 | B23: 8 | C23: 6 | D23: 14 | E23: 3.5 | F23: 11.91 | G23: 24.93 | H23: 16.82 | I23: 3.84 | J23: 0.51 | K23: 275.64 | L23: 29.39 | M23: 94.43 | N23: 207.6 | O23: 0 | P23: 0.31 | Q23: Maint.
A24: 45526.667 | B24: 8 | C24: 6 | D24: 14 | E24: 3.83 | F24: 12.53 | G24: 26.69 | H24: 15.75 | I24: 3.72 | J24: 0.52 | K24: 276.55 | L24: 29.62 | M24: 99.63 | N24: 121.5 | O24: 4.8 | P24: 0.31 | Q24: Maint.
A25: 45526.708 | B25: 8 | C25: 6 | D25: 14 | E25: 4.38 | F25: 10.38 | G25: 26.69 | H25: 15.75 | I25: 3.82 | J25: 0.27 | K25: 262.35 | L25: 26.2 | M25: 99.65 | N25: 66.8 | O25: 0.2 | P25: 0.31 | Q25: Maint.
A26: 45526.75 | B26: 8 | C26: 6 | D26: 14 | E26: 4.96 | F26: 10.64 | G26: 19.19 | H26: 11.31 | I26: 3.88 | J26: 0.18 | K26: 196.84 | L26: 26.19 | M26: 99.76 | N26: 18.8 | O26: 0 | P26: 0.33 | Q26: Maint.
A27: 45526.792 | B27: 8 | C27: 6 | D27: 14 | E27: 10.26 | F27: 11.66 | G27: 14.34 | H27: 8.47 | I27: 4.25 | J27: 0.15 | K27: 250.3 | L27: 26.17 | M27: 99.77 | N27: 3.8 | O27: 0 | P27: 0.34 | Q27: Maint.
A28: 45526.833 | B28: 8 | C28: 6 | D28: 14 | E28: 9.19 | F28: 11.24 | G28: 19.3 | H28: 9.04 | I28: 4.76 | J28: 0.75 | K28: 274.95 | L28: 26.12 | M28: 99.75 | N28: 4.4 | O28: 0 | P28: 0.32 | Q28: Maint.
A29: 45526.875 | B29: 8 | C29: 6 | D29: 14 | E29: 8.64 | F29: 13.98 | G29: 19.3 | H29: 9.04 | I29: 4.8 | J29: 0.41 | K29: 270.06 | L29: 24.86 | M29: 99.11 | N29: 3.1 | O29: 0 | P29: 0.27 | Q29: Maint.
A30: 45526.917 | B30: 8 | C30: 6 | D30: 14 | E30: 7.96 | F30: 14.47 | G30: 13.85 | H30: 7.73 | I30: 3.84 | J30: 0.64 | K30: 276.46 | L30: 24.97 | M30: 99.24 | N30: 2.3 | O30: 0.2 | P30: 0.23 | Q30: Maint.
... A32: 45527 | B32: 8 | C32: 6 | D32: 14 | E32: 8.19 | F32: 10.09 | G32: 8.52 | H32: 3.89 | I32: 3.72 | J32: 0.72 | K32: 278.23 | L32: 25 | M32: 93.53 | N32: 2.4 | O32: 0 | P32: 0.28 | Q32: Maint.
A34: Min | B34: =MIN(B9:B32) -> 8 | C34: =MIN(C9:C32) -> 4.26 | D34: =MIN(D9:D32) -> 14 | E34: =MIN(E9:E32) -> 2.18 | F34: =MIN(F9:F32) -> 10.09 | G34: =MIN(G9:G32) -> 8.52 | H34: =MIN(H9:H32) -> 3.89 | I34: =MIN(I9:I32) -> 2.88 | ... Q34: =MIN(Q9:Q32) -> 2.23
A35: Max | B35: =MAX(B9:B32) -> 11.11 | C35: =MAX(C9:C32) -> 6 | D35: =MAX(D9:D32) -> 15.54 | E35: =MAX(E9:E32) -> 10.26 | F35: =MAX(F9:F32) -> 14.97 | G35: =MAX(G9:G32) -> 33.82 | H35: =MAX(H9:H32) -> 16.82 | I35: =MAX(I9:I32) -> 4.8 | ... Q35: =MAX(Q9:Q32) -> 4.91
A36: Avg | B36: =AVERAGE(B9:B32) -> 8.3273913 | C36: =AVERAGE(C9:C32) -> 5.7730435 | D36: =AVERAGE(D9:D32) -> 14.077826 | E36: =AVERAGE(E9:E32) -> 6.3010526 | F36: =AVERAGE(F9:F32) -> 12.374783 | G36: =AVERAGE(G9:G32) -> 20.253478 | H36: =AVERAGE(H9:H32) -> 10.481739 | I36: =AVERAGE(I9:I32) -> 3.7873913 | ... Q36: =AVERAGE(Q9:Q32) -> 4.3966667
A37: Stdev | B37: =STDEV(B9:B32) -> 0.7433598 | C37: =STDEV(C9:C32) -> 0.59916939 | D37: =STDEV(D9:D32) -> 0.32296857 | E37: =STDEV(E9:E32) -> 2.554399 | F37: =STDEV(F9:F32) -> 1.4439651 | G37: =STDEV(G9:G32) -> 5.864176 | H37: =STDEV(H9:H32) -> 3.67306 | I37: =STDEV(I9:I32) -> 0.47488963 | ... Q37: =STDEV(Q9:Q32) -> 0.81833673
A38: Num | B38: 24 | C38: 24 | D38: 24 | E38: 24 | F38: 24 | G38: 24 | H38: 24 | I38: 24 | J38: 24 | K38: 24 | L38: 24 | M38: 24 | N38: 24 | O38: 24 | P38: 24 | Q38: 24
A39: DCR | B39: =IF(B38>=22,">90%",IF(B38<=22,"<90%")) -> >90% | C39: =IF(C38>=22,">90%",IF(C38<=22,"<90%")) -> >90% | D39: =IF(D38>=22,">90%",IF(D38<=22,"<90%")) -> >90% | E39: =IF(E38>=22,">90%",IF(E38<=22,"<90%")) -> >90% | F39: =IF(F38>=22,">90%",IF(F38<=22,"<90%")) -> >90% | G39: =IF(G38>=22,">90%",IF(G38<=22,"<90%")) -> >90% | H39: =IF(H38>=22,">90%",IF(H38<=22,"<90%")) -> >90% | I39: =IF(I38>=22,">90%",IF(I38<=22,"<90%")) -> >90% | ... Q39: =IF(Q38>=22,">90%",IF(Q38<=22,"<90%")) -> >90%
A40: Status | B40: =IF(B38>=22,"OK",IF(B38<=22,"LESS")) -> OK | C40: =IF(C38>=22,"OK",IF(C38<=22,"LESS")) -> OK | D40: =IF(D38>=22,"OK",IF(D38<=22,"LESS")) -> OK | E40: =IF(E38>=22,"OK",IF(E38<=22,"LESS")) -> OK | F40: =IF(F38>=22,"OK",IF(F38<=22,"LESS")) -> OK | G40: =IF(G38>=22,"OK",IF(G38<=22,"LESS")) -> OK | H40: =IF(H38>=22,"OK",IF(H38<=22,"LESS")) -> OK | I40: =IF(I38>=22,"OK",IF(I38<=22,"LESS")) -> OK | ... Q40: =IF(Q38>=22,"OK",IF(Q38<=22,"LESS")) -> OK
A43: Done by | B43: AKASH
A45: Comment

Sheet 23
A1: Station: | B1: IGKV ,RAIPUR
A2: Date: | B2: =$A$9 -> 45527.042 | D2: Power Off | G2: Pw.Off | L2: Link Fail | N2: Link F | P2: Maintenance | R2: Maint.
A3: Report Type: | B3: Mean | D3: Calibration | G3: Calib. | L3: Data Fail | N3: Data F | P3: Invalid | R3: Invalid
A4: Time Base: | B4: 01 Hour | D4: Zero Referrence | G4: Z.Ref | L4: Warm Up | N4: Wm. Up
A7: Date & Time | B7: NO | C7: NO2 | D7: NOX | E7: SO2 | F7: O3 | G7: PM 10 | H7: PM 2.5 | I7: BENZ | J7: WS | K7: WD | L7: TEMP | M7: HUM | N7: SR | O7: RG | P7: CO | Q7: NH3
B8: ug/m3 | C8: ug/m3 | D8: ppb | E8: ug/m3 | F8: ug/m3 | G8: ug/m3 | H8: ug/m3 | I8: ug/m3 | J8: m/sec | K8: deg | L8: degreC | M8: % | N8: w/m2 | O8: mm | P8: mg/m3 | Q8: ug/m3
A9: 45527.042 | B9: 9.15 | C9: 4.35 | D9: 14 | E9: 8.67 | F9: 8.6 | G9: 10.39 | H9: 2.72 | I9: 3.56 | J9: 0.43 | K9: 272.74 | L9: 24.78 | M9: 94.77 | N9: 2.4 | O9: 0 | P9: 0.27 | Q9: Maint.
A10: 45527.083 | B10: 9.15 | C10: 4.28 | D10: 14 | E10: 9.16 | F10: 8.76 | G10: 10.39 | H10: 2.39 | I10: 3.41 | J10: 0.37 | K10: 276.34 | L10: 24.64 | M10: 96.37 | N10: 2.2 | O10: 0 | P10: 0.26 | Q10: Maint.
A11: 45527.125 | B11: 9.14 | C11: 4.28 | D11: 14 | E11: 9.01 | F11: 8.06 | G11: 8.62 | H11: 4.36 | I11: 3.4 | J11: 0.35 | K11: 270.36 | L11: 24.86 | M11: 95.73 | N11: 2.3 | O11: 0 | P11: 0.25 | Q11: Maint.
A12: 45527.167 | B12: 9.14 | C12: 4.28 | D12: 14 | E12: 10.21 | F12: 8.03 | G12: 12.38 | H12: 5.14 | I12: 3.18 | J12: 0.32 | K12: 275.04 | L12: 24.71 | M12: 96.67 | N12: 2.3 | O12: 0 | P12: 0.23 | Q12: Maint.
A13: 45527.208 | B13: 9.12 | C13: 4.32 | D13: 14 | E13: 10.42 | F13: 9.36 | G13: 12.38 | H13: 5.14 | I13: 3.35 | J13: 0.32 | K13: 274.04 | L13: 24.55 | M13: 96.58 | N13: 2.3 | O13: 0 | P13: 0.22 | Q13: Maint.
A14: 45527.25 | B14: 9.15 | C14: 4.29 | D14: 14 | E14: 8.15 | F14: 11.89 | G14: 8.78 | H14: 4.47 | I14: 3.23 | J14: 0.22 | K14: 275.45 | L14: 24.53 | M14: 97.9 | N14: 5.8 | O14: 0 | P14: 0.16 | Q14: Maint.
A15: 45527.292 | B15: 9.1 | C15: 4.36 | D15: 14 | E15: 7.76 | F15: 11.35 | G15: 8.39 | H15: 4.47 | I15: 3.09 | J15: 0.24 | K15: 274.02 | L15: 25.01 | M15: 96.88 | N15: 21.7 | O15: 0 | P15: 0.14 | Q15: Maint.
A16: 45527.333 | B16: 9.08 | C16: 4.36 | D16: 14 | E16: 8.07 | F16: 11.1 | G16: 6.08 | H16: 7.28 | I16: 3.09 | J16: 0.18 | K16: 263.97 | L16: 25.64 | M16: 96.31 | N16: 63.9 | O16: 0 | P16: 0.17 | Q16: Maint.
A17: 45527.375 | B17: 9.11 | C17: 4.36 | D17: 14 | E17: 7.74 | F17: 11.06 | G17: 11.15 | H17: 7.28 | I17: 3.28 | J17: 0.44 | K17: 284.01 | L17: 26.38 | M17: 93.16 | N17: 128.7 | O17: 0 | P17: 0.23 | Q17: Maint.
A18: 45527.417 | B18: 9.14 | C18: 4.28 | D18: 14 | E18: 7.69 | F18: 11.29 | G18: 18.31 | H18: 6.69 | I18: 3.27 | J18: 0.59 | K18: 287.24 | L18: 27.88 | M18: 89.23 | N18: 313.8 | O18: 0 | P18: 0.27 | Q18: 6
A19: 45527.458 | B19: 9.17 | C19: 4.25 | D19: 14 | E19: 12.02 | F19: 11.39 | G19: 27.11 | H19: 12.47 | I19: 4.18 | J19: 0.75 | K19: 310.95 | L19: 29.5 | M19: 82.36 | N19: 461.7 | O19: 0 | P19: 0.37 | Q19: Maint.
A20: 45527.5 | B20: 9.16 | C20: 4.24 | D20: 14 | E20: 12.13 | F20: 11.69 | G20: 35.7 | H20: 12.47 | I20: 4.99 | J20: 0.85 | K20: 314.46 | L20: 30.72 | M20: 78.27 | N20: 599.9 | O20: 0 | P20: 0.38 | Q20: Maint.
A21: 45527.542 | B21: 9.15 | C21: 4.25 | D21: 14 | E21: 12.28 | F21: 12.5 | G21: 38.67 | H21: 14.14 | I21: 5.05 | J21: 0.85 | K21: 320.27 | L21: 30.6 | M21: 73.12 | N21: 453.7 | O21: 0 | P21: 0.38 | Q21: Maint.
A22: 45527.583 | B22: 9.16 | C22: 4.27 | D22: 14 | E22: 12.55 | F22: 16.18 | G22: 38.67 | H22: 14.14 | I22: 4.95 | J22: 0.62 | K22: 319.2 | L22: 30.37 | M22: 74.39 | N22: 233.3 | O22: 0 | P22: 0.39 | Q22: Maint.
A23: 45527.625 | B23: 9.14 | C23: 4.32 | D23: 14 | E23: 12.63 | F23: 20.17 | G23: 41.18 | H23: 12.93 | I23: 4.65 | J23: 0.33 | K23: 301.35 | L23: 29.96 | M23: 78.5 | N23: 128 | O23: 0 | P23: 0.41 | Q23: Maint.
A24: 45527.667 | B24: 9.08 | C24: 4.35 | D24: 14 | E24: 11.79 | F24: 26.98 | G24: 41.18 | H24: 16.77 | I24: 4.63 | J24: 0.27 | K24: 263.22 | L24: 30.81 | M24: 80.03 | N24: 273.3 | O24: 0 | P24: 0.4 | Q24: Maint.
A25: 45527.708 | B25: 9.15 | C25: 4.3 | D25: 14 | E25: 11.93 | F25: 22.08 | G25: 41.1 | H25: 16.77 | I25: 4.71 | J25: 1 | K25: 286.91 | L25: 30.76 | M25: 99.3 | N25: 124.8 | O25: 4.2 | P25: 0.4 | Q25: Maint.
A26: 45527.75 | B26: 9.15 | C26: 4.24 | D26: 14 | E26: 10.91 | F26: 13.18 | G26: 34.95 | H26: 15.79 | I26: 4.71 | J26: 0.97 | K26: 278.43 | L26: 25.59 | M26: 99.58 | N26: 48 | O26: 0 | P26: 0.37 | Q26: Maint.
A27: 45527.792 | B27: 9.14 | C27: 4.3 | D27: 14 | E27: 8.4 | F27: 11.17 | G27: 24.88 | H27: 15.79 | I27: 4.47 | J27: 0.48 | K27: 267.35 | L27: 25.75 | M27: 99.58 | N27: 5.2 | O27: 0 | P27: 0.38 | Q27: Maint.
A28: 45527.833 | B28: 9.13 | C28: 4.3 | D28: 14 | E28: 9.15 | F28: 10.58 | G28: 23.68 | H28: 11.52 | I28: 4.16 | J28: 0.3 | K28: 278.45 | L28: 25.72 | M28: 98.05 | N28: 2.7 | O28: 0 | P28: 0.37 | Q28: Maint.
A29: 45527.875 | B29: 9.14 | C29: 4.29 | D29: 14 | E29: 9.55 | F29: 9.75 | G29: 17.4 | H29: 8.21 | I29: 4.02 | J29: 0.21 | K29: 270.74 | L29: 25.89 | M29: 98.73 | N29: 2.4 | O29: 0 | P29: 0.36 | Q29: Maint.
A30: 45527.917 | B30: 9.13 | C30: 4.3 | D30: 14 | E30: 10.22 | F30: 10.04 | G30: 14.73 | H30: 6.14 | I30: 3.94 | J30: 0.19 | K30: 252.65 | L30: 25.9 | M30: 97.38 | N30: 2.5 | O30: 0 | P30: 0.37 | Q30: Maint.
... A32: 45528 | B32: 9.12 | C32: 4.31 | D32: 14 | E32: 10.25 | F32: 11.79 | G32: 14.91 | H32: 3.69 | I32: 3.69 | J32: 0.14 | K32: 262.68 | L32: 25.67 | M32: 99.59 | N32: 2.1 | O32: 0.2 | P32: 0.32 | Q32: Maint.
A34: Min | B34: =MIN(B9:B32) -> 9.08 | C34: =MIN(C9:C32) -> 4.24 | D34: =MIN(D9:D32) -> 14 | E34: =MIN(E9:E32) -> 7.69 | F34: =MIN(F9:F32) -> 8.03 | G34: =MIN(G9:G32) -> 6.08 | H34: =MIN(H9:H32) -> 2.39 | I34: =MIN(I9:I32) -> 3.09 | ... Q34: =MIN(Q9:Q32) -> 6
A35: Max | B35: =MAX(B9:B32) -> 9.17 | C35: =MAX(C9:C32) -> 4.36 | D35: =MAX(D9:D32) -> 14 | E35: =MAX(E9:E32) -> 12.63 | F35: =MAX(F9:F32) -> 26.98 | G35: =MAX(G9:G32) -> 41.18 | H35: =MAX(H9:H32) -> 16.77 | I35: =MAX(I9:I32) -> 5.05 | ... Q35: =MAX(Q9:Q32) -> 6
A36: Avg | B36: =AVERAGE(B9:B32) -> 9.1341667 | C36: =AVERAGE(C9:C32) -> 4.2991667 | D36: =AVERAGE(D9:D32) -> 14 | E36: =AVERAGE(E9:E32) -> 10.069583 | F36: =AVERAGE(F9:F32) -> 12.305833 | G36: =AVERAGE(G9:G32) -> 21.4975 | H36: =AVERAGE(H9:H32) -> 8.97 | I36: =AVERAGE(I9:I32) -> 3.95 | ... Q36: =AVERAGE(Q9:Q32) -> 6
A37: Stdev | B37: =STDEV(B9:B32) -> 0.0233902 | C37: =STDEV(C9:C32) -> 0.037056557 | D37: =STDEV(D9:D32) -> 0 | E37: =STDEV(E9:E32) -> 1.6903318 | F37: =STDEV(F9:F32) -> 4.653596 | G37: =STDEV(G9:G32) -> 12.503784 | H37: =STDEV(H9:H32) -> 4.914763 | I37: =STDEV(I9:I32) -> 0.67478821 | ... Q37: =STDEV(Q9:Q32) -> #DIV/0!
A38: Num | B38: 24 | C38: 24 | D38: 24 | E38: 24 | F38: 24 | G38: 24 | H38: 24 | I38: 24 | J38: 24 | K38: 24 | L38: 24 | M38: 24 | N38: 24 | O38: 24 | P38: 24 | Q38: 24
A39: DCR | B39: =IF(B38>=22,">90%",IF(B38<=22,"<90%")) -> >90% | C39: =IF(C38>=22,">90%",IF(C38<=22,"<90%")) -> >90% | D39: =IF(D38>=22,">90%",IF(D38<=22,"<90%")) -> >90% | E39: =IF(E38>=22,">90%",IF(E38<=22,"<90%")) -> >90% | F39: =IF(F38>=22,">90%",IF(F38<=22,"<90%")) -> >90% | G39: =IF(G38>=22,">90%",IF(G38<=22,"<90%")) -> >90% | H39: =IF(H38>=22,">90%",IF(H38<=22,"<90%")) -> >90% | I39: =IF(I38>=22,">90%",IF(I38<=22,"<90%")) -> >90% | ... Q39: =IF(Q38>=22,">90%",IF(Q38<=22,"<90%")) -> >90%
A40: Status | B40: =IF(B38>=22,"OK",IF(B38<=22,"LESS")) -> OK | C40: =IF(C38>=22,"OK",IF(C38<=22,"LESS")) -> OK | D40: =IF(D38>=22,"OK",IF(D38<=22,"LESS")) -> OK | E40: =IF(E38>=22,"OK",IF(E38<=22,"LESS")) -> OK | F40: =IF(F38>=22,"OK",IF(F38<=22,"LESS")) -> OK | G40: =IF(G38>=22,"OK",IF(G38<=22,"LESS")) -> OK | H40: =IF(H38>=22,"OK",IF(H38<=22,"LESS")) -> OK | I40: =IF(I38>=22,"OK",IF(I38<=22,"LESS")) -> OK | ... Q40: =IF(Q38>=22,"OK",IF(Q38<=22,"LESS")) -> OK
A43: Done by | B43: AKASH
A45: Comment

Sheet 24
A1: Station: | B1: IGKV ,RAIPUR
A2: Date: | B2: =$A$9 -> 45528.042 | D2: Power Off | G2: Pw.Off | L2: Link Fail | N2: Link F | P2: Maintenance | R2: Maint.
A3: Report Type: | B3: Mean | D3: Calibration | G3: Calib. | L3: Data Fail | N3: Data F | P3: Invalid | R3: Invalid
A4: Time Base: | B4: 01 Hour | D4: Zero Referrence | G4: Z.Ref | L4: Warm Up | N4: Wm. Up
A7: Date & Time | B7: NO | C7: NO2 | D7: NOX | E7: SO2 | F7: O3 | G7: PM 10 | H7: PM 2.5 | I7: BENZ | J7: WS | K7: WD | L7: TEMP | M7: HUM | N7: SR | O7: RG | P7: CO | Q7: NH3
B8: ug/m3 | C8: ug/m3 | D8: ppb | E8: ug/m3 | F8: ug/m3 | G8: ug/m3 | H8: ug/m3 | I8: ug/m3 | J8: m/sec | K8: deg | L8: degreC | M8: % | N8: w/m2 | O8: mm | P8: mg/m3 | Q8: ug/m3
A9: 45528.042 | B9: 9.26 | C9: 4.21 | D9: 14.01 | E9: 8.68 | F9: 14.04 | G9: 20.72 | H9: 4.49 | I9: 3.21 | J9: 0.22 | K9: 262.82 | L9: 25.69 | M9: 99.58 | N9: 2.4 | O9: 0.2 | P9: 0.27 | Q9: -2.83
A10: 45528.083 | B10: 9.23 | C10: 4.23 | D10: 14 | E10: 8.49 | F10: 14.67 | G10: 20.72 | H10: 4.49 | I10: 3.26 | J10: 0.2 | K10: 256.61 | L10: 25.65 | M10: 99.55 | N10: 2.4 | O10: 0.2 | P10: 0.25 | Q10: -2.83
A11: 45528.125 | B11: 9.17 | C11: 4.22 | D11: 14 | E11: 8.91 | F11: 14.67 | G11: 15.15 | H11: 4.39 | I11: 3.21 | J11: 0.29 | K11: 272.84 | L11: 25.52 | M11: 99.53 | N11: 2.5 | O11: 0 | P11: 0.25 | Q11: -2.84
A12: 45528.167 | B12: 9.19 | C12: 4.24 | D12: 14 | E12: 9.14 | F12: 12.44 | G12: 11.82 | H12: 5.06 | I12: 3.21 | J12: 0.34 | K12: 270.53 | L12: 25.49 | M12: 98.83 | N12: 2.8 | O12: 0.2 | P12: 0.3 | Q12: -2.84
A13: 45528.208 | B13: 9.21 | C13: 4.16 | D13: 14 | E13: 9.59 | F13: 10.74 | G13: 10.1 | H13: 5.06 | I13: 3.23 | J13: 0.31 | K13: 265.91 | L13: 25.32 | M13: 98.57 | N13: 2.5 | O13: 0 | P13: 0.31 | Q13: -2.86
A14: 45528.25 | B14: 9.19 | C14: 4.22 | D14: 14 | E14: 9.94 | F14: 8.4 | G14: 8.52 | H14: 3.93 | I14: 3.1 | J14: 0.34 | K14: 271.57 | L14: 25.19 | M14: 98.38 | N14: 9.7 | O14: 0 | P14: 0.3 | Q14: -2.83
A15: 45528.292 | B15: 9.2 | C15: 4.2 | D15: 14 | E15: 10.53 | F15: 8.36 | G15: 12.3 | H15: 3.41 | I15: 3.05 | J15: 0.6 | K15: 272.74 | L15: 26.12 | M15: 97.81 | N15: 86.4 | O15: 0 | P15: 0.31 | Q15: -2.82
A16: 45528.333 | B16: 9.18 | C16: 4.23 | D16: 14 | E16: 10.84 | F16: 8.24 | G16: 12.3 | H16: 3.97 | I16: 3.24 | J16: 0.8 | K16: 279.93 | L16: 26.64 | M16: 94.1 | N16: 114.3 | O16: 0 | P16: 0.31 | Q16: -2.82
A17: 45528.375 | B17: 9.28 | C17: 4.23 | D17: 14.01 | E17: 11.39 | F17: 10.08 | G17: 9.19 | H17: 3.97 | I17: 3.23 | J17: 0.94 | K17: 279.6 | L17: 26.75 | M17: 86.87 | N17: 160.6 | O17: 0 | P17: 0.3 | Q17: -2.84
A18: 45528.417 | B18: 9.28 | C18: 4.08 | D18: 14.01 | E18: 10.62 | F18: 10.68 | G18: 8.8 | H18: 3.02 | I18: 3.16 | J18: 0.92 | K18: 277.41 | L18: 27.45 | M18: 87.24 | N18: 203.1 | O18: 0 | P18: 0.25 | Q18: -2.83
A19: 45528.458 | B19: 9.22 | C19: 4.2 | D19: 14 | E19: 10.93 | F19: 11.54 | G19: 10.3 | H19: 2.71 | I19: 3.18 | J19: 1.15 | K19: 278.36 | L19: 28.47 | M19: 82.22 | N19: 365.6 | O19: 0 | P19: 0.22 | Q19: -2.81
A20: 45528.5 | B20: 9.16 | C20: 4.24 | D20: 14 | E20: 10.99 | F20: 12.12 | G20: 10.3 | H20: 2.4 | I20: 2.87 | J20: 1.02 | K20: 284.96 | L20: 28.52 | M20: 79.06 | N20: 398.8 | O20: 0 | P20: 0.23 | Q20: -2.82
... A32: 45529 | B32: 9.38 | C32: 4.07 | D32: 14.09 | E32: 8.49 | F32: 8.07 | G32: 5.23 | H32: 3.01 | I32: 2.58 | J32: 0.46 | K32: 269.39 | L32: 25.27 | M32: 98.07 | N32: 3.1 | O32: 0 | P32: 0.3 | Q32: 5.03
A34: Min | B34: =MIN(B9:B32) -> 9.15 | C34: =MIN(C9:C32) -> 4.05 | D34: =MIN(D9:D32) -> 14 | E34: =MIN(E9:E32) -> 6.12 | F34: =MIN(F9:F32) -> 8.07 | G34: =MIN(G9:G32) -> 0 | H34: =MIN(H9:H32) -> 0 | I34: =MIN(I9:I32) -> 1.78 | ... Q34: =MIN(Q9:Q32) -> -2.86
A35: Max | B35: =MAX(B9:B32) -> 9.38 | C35: =MAX(C9:C32) -> 4.28 | D35: =MAX(D9:D32) -> 14.09 | E35: =MAX(E9:E32) -> 11.39 | F35: =MAX(F9:F32) -> 22.25 | G35: =MAX(G9:G32) -> 20.72 | H35: =MAX(H9:H32) -> 5.06 | I35: =MAX(I9:I32) -> 3.26 | ... Q35: =MAX(Q9:Q32) -> 5.07
A36: Avg | B36: =AVERAGE(B9:B32) -> 9.26 | C36: =AVERAGE(C9:C32) -> 4.1579167 | D36: =AVERAGE(D9:D32) -> 14.023333 | E36: =AVERAGE(E9:E32) -> 9.20625 | F36: =AVERAGE(F9:F32) -> 13.267083 | G36: =AVERAGE(G9:G32) -> 8.1175 | H36: =AVERAGE(H9:H32) -> 2.8795833 | I36: =AVERAGE(I9:I32) -> 2.7029167 | ... Q36: =AVERAGE(Q9:Q32) -> 0.77458333
A37: Stdev | B37: =STDEV(B9:B32) -> 0.070402569 | C37: =STDEV(C9:C32) -> 0.070277658 | D37: =STDEV(D9:D32) -> 0.031714304 | E37: =STDEV(E9:E32) -> 1.6012354 | F37: =STDEV(F9:F32) -> 3.7002367 | G37: =STDEV(G9:G32) -> 5.6169574 | H37: =STDEV(H9:H32) -> 1.507265 | I37: =STDEV(I9:I32) -> 0.53178517 | ... Q37: =STDEV(Q9:Q32) -> 4.0028978
A38: Num | B38: =COUNT(B9:B32) -> 24 | C38: =COUNT(C9:C32) -> 24 | D38: =COUNT(D9:D32) -> 24 | E38: =COUNT(E9:E32) -> 24 | F38: =COUNT(F9:F32) -> 24 | G38: =COUNT(G9:G32) -> 24 | H38: =COUNT(H9:H32) -> 24 | I38: =COUNT(I9:I32) -> 24 | ... Q38: =COUNT(Q9:Q32) -> 24
A39: DCR | B39: =IF(B38>=22,">90%",IF(B38<=22,"<90%")) -> >90% | C39: =IF(C38>=22,">90%",IF(C38<=22,"<90%")) -> >90% | D39: =IF(D38>=22,">90%",IF(D38<=22,"<90%")) -> >90% | E39: =IF(E38>=22,">90%",IF(E38<=22,"<90%")) -> >90% | F39: =IF(F38>=22,">90%",IF(F38<=22,"<90%")) -> >90% | G39: =IF(G38>=22,">90%",IF(G38<=22,"<90%")) -> >90% | H39: =IF(H38>=22,">90%",IF(H38<=22,"<90%")) -> >90% | I39: =IF(I38>=22,">90%",IF(I38<=22,"<90%")) -> >90% | ... Q39: =IF(Q38>=22,">90%",IF(Q38<=22,"<90%")) -> >90%
A40: Status | B40: =IF(B38>=22,"OK",IF(B38<=22,"LESS")) -> OK | C40: =IF(C38>=22,"OK",IF(C38<=22,"LESS")) -> OK | D40: =IF(D38>=22,"OK",IF(D38<=22,"LESS")) -> OK | E40: =IF(E38>=22,"OK",IF(E38<=22,"LESS")) -> OK | F40: =IF(F38>=22,"OK",IF(F38<=22,"LESS")) -> OK | G40: =IF(G38>=22,"OK",IF(G38<=22,"LESS")) -> OK | H40: =IF(H38>=22,"OK",IF(H38<=22,"LESS")) -> OK | I40: =IF(I38>=22,"OK",IF(I38<=22,"LESS")) -> OK | ... Q40: =IF(Q38>=22,"OK",IF(Q38<=22,"LESS")) -> OK
A43: Done by | B43: AKASH
A45: Comment

Sheet 25
A1: Station: | B1: IGKV ,RAIPUR
A2: Date: | B2: =$A$9 -> 45529.042 | D2: Power Off | G2: Pw.Off | L2: Link Fail | N2: Link F | P2: Maintenance | R2: Maint.
A3: Report Type: | B3: Mean | D3: Calibration | G3: Calib. | L3: Data Fail | N3: Data F | P3: Invalid | R3: Invalid
A4: Time Base: | B4: 01 Hour | D4: Zero Referrence | G4: Z.Ref | L4: Warm Up | N4: Wm. Up
A7: Date & Time | B7: NO | C7: NO2 | D7: NOX | E7: SO2 | F7: O3 | G7: PM 10 | H7: PM 2.5 | I7: BENZ | J7: WS | K7: WD | L7: TEMP | M7: HUM | N7: SR | O7: RG | P7: CO | Q7: NH3
B8: ug/m3 | C8: ug/m3 | D8: ppb | E8: ug/m3 | F8: ug/m3 | G8: ug/m3 | H8: ug/m3 | I8: ug/m3 | J8: m/sec | K8: deg | L8: degreC | M8: % | N8: w/m2 | O8: mm | P8: mg/m3 | Q8: ug/m3
A9: 45529.042 | B9: 9.38 | C9: 4.12 | D9: 14.07 | E9: 9.46 | F9: 8.07 | G9: 4.79 | H9: 3.19 | I9: 2.56 | J9: 0.61 | K9: 271.69 | L9: 25.03 | M9: 90.14 | N9: 3.4 | O9: 0 | P9: 0.3 | Q9: 5.03
A10: 45529.083 | B10: 9.34 | C10: 4.11 | D10: 14.07 | E10: 9.64 | F10: 7.81 | G10: 5.79 | H10: 3.15 | I10: 2.56 | J10: 0.63 | K10: 272.56 | L10: 24.65 | M10: 92.56 | N10: 2.8 | O10: 0 | P10: 0.3 | Q10: 5.03
A11: 45529.125 | B11: 9.34 | C11: 4.08 | D11: 14.06 | E11: 9.31 | F11: 8.12 | G11: 4.79 | H11: 3.05 | I11: 2.54 | J11: 1.02 | K11: 276.12 | L11: 24.09 | M11: 97.21 | N11: 2.9 | O11: 0.4 | P11: 0.29 | Q11: 5.03
A12: 45529.167 | B12: 9.34 | C12: 4.07 | D12: 14.06 | E12: 8.96 | F12: 8.45 | G12: 4.46 | H12: 2.87 | I12: 2.59 | J12: 0.77 | K12: 273.88 | L12: 23.47 | M12: 99.67 | N12: 2.6 | O12: 1.8 | P12: 0.28 | Q12: 5.04
A13: 45529.208 | B13: 9.37 | C13: 4.1 | D13: 14.11 | E13: 7.14 | F13: 9.35 | G13: 5.67 | H13: 2.75 | I13: 2.7 | J13: 0.39 | K13: 267.53 | L13: 23.83 | M13: 99.62 | N13: 2.8 | O13: 0 | P13: 0.23 | Q13: 5.03
A14: 45529.25 | B14: 9.36 | C14: 4.09 | D14: 14.09 | E14: 6.54 | F14: 9.89 | G14: 4.46 | H14: 2.67 | I14: 2.65 | J14: 0.41 | K14: 268.98 | L14: 24.05 | M14: 96.72 | N14: 9.9 | O14: 0 | P14: 0.22 | Q14: 5.04
A15: 45529.292 | B15: 9.28 | C15: 4.09 | D15: 14.02 | E15: 6.06 | F15: 8.91 | G15: 3.44 | H15: 2.59 | I15: 2.74 | J15: 0.61 | K15: 273.14 | L15: 24.35 | M15: 96.41 | N15: 31.3 | O15: 0 | P15: 0.23 | Q15: 5.03
A16: 45529.333 | B16: 9.28 | C16: 4.09 | D16: 14.02 | E16: 6.09 | F16: 8.98 | G16: 3.04 | H16: 2.51 | I16: 2.8 | J16: 0.53 | K16: 273.02 | L16: 24.76 | M16: 93.8 | N16: 50.7 | O16: 0 | P16: 0.25 | Q16: 5.04
A17: 45529.375 | B17: 9.3 | C17: 4.09 | D17: 14.04 | E17: 6.53 | F17: 7.88 | G17: 2.88 | H17: 2.48 | I17: 2.8 | J17: 0.8 | K17: 275.44 | L17: 25.68 | M17: 89.49 | N17: 118 | O17: 0 | P17: 0.29 | Q17: 5.04
A18: 45529.417 | B18: 9.3 | C18: 4.09 | D18: 14.04 | E18: 6.65 | F18: 8.01 | G18: 4.14 | H18: 2.55 | I18: 2.79 | J18: 0.99 | K18: 276.54 | L18: 26.31 | M18: 85.73 | N18: 218.2 | O18: 0 | P18: 0.3 | Q18: 5.03
A19: 45529.458 | B19: 9.31 | C19: 4.09 | D19: 14.05 | E19: 9.51 | F19: 8.22 | G19: 5.52 | H19: 2.51 | I19: 2.85 | J19: 0.82 | K19: 278.65 | L19: 26.1 | M19: 84.37 | N19: 106 | O19: 0 | P19: 0.31 | Q19: 5.03
A20: 45529.5 | B20: 9.3 | C20: 4.08 | D20: 14.04 | E20: 9.54 | F20: 7.99 | G20: 6.66 | H20: 2.48 | I20: 3.01 | J20: 0.81 | K20: 278.04 | L20: 26.22 | M20: 86.04 | N20: 110.6 | O20: 0 | P20: 0.31 | Q20: 5.03
... A32: 45530 | B32: 9.31 | C32: 4.07 | D32: 14.04 | E32: 9.45 | F32: 11.12 | G32: 18.28 | H32: 5.41 | I32: 3.16 | J32: 0.24 | K32: 270.23 | L32: 25.21 | M32: 95.19 | N32: 2.2 | O32: 0 | P32: 0.29 | Q32: 5.04
A34: Min | B34: =MIN(B9:B32) -> 9.28 | C34: =MIN(C9:C32) -> 4.06 | D34: =MIN(D9:D32) -> 14.02 | E34: =MIN(E9:E32) -> 6.06 | F34: =MIN(F9:F32) -> 7.7 | G34: =MIN(G9:G32) -> 2.88 | H34: =MIN(H9:H32) -> 2.47 | I34: =MIN(I9:I32) -> 2.54 | ... Q34: =MIN(Q9:Q32) -> 5.03
A35: Max | B35: =MAX(B9:B32) -> 9.41 | C35: =MAX(C9:C32) -> 4.12 | D35: =MAX(D9:D32) -> 14.12 | E35: =MAX(E9:E32) -> 10.99 | F35: =MAX(F9:F32) -> 15.52 | G35: =MAX(G9:G32) -> 18.28 | H35: =MAX(H9:H32) -> 6.75 | I35: =MAX(I9:I32) -> 3.3 | ... Q35: =MAX(Q9:Q32) -> 5.05
A36: Avg | B36: =AVERAGE(B9:B32) -> 9.3320833 | C36: =AVERAGE(C9:C32) -> 4.08625 | D36: =AVERAGE(D9:D32) -> 14.06 | E36: =AVERAGE(E9:E32) -> 8.6816667 | F36: =AVERAGE(F9:F32) -> 9.4883333 | G36: =AVERAGE(G9:G32) -> 9.2116667 | H36: =AVERAGE(H9:H32) -> 3.1670833 | I36: =AVERAGE(I9:I32) -> 2.8820833 | ... Q36: =AVERAGE(Q9:Q32) -> 5.0358333
A37: Stdev | B37: =STDEV(B9:B32) -> 0.038218953 | C37: =STDEV(C9:C32) -> 0.013452816 | D37: =STDEV(D9:D32) -> 0.029340579 | E37: =STDEV(E9:E32) -> 1.5797266 | F37: =STDEV(F9:F32) -> 1.9682759 | G37: =STDEV(G9:G32) -> 5.2499687 | H37: =STDEV(H9:H32) -> 1.0220333 | I37: =STDEV(I9:I32) -> 0.22740462 | ... Q37: =STDEV(Q9:Q32) -> 0.0077553161
A38: Num | B38: =COUNT(B9:B32) -> 24 | C38: =COUNT(C9:C32) -> 24 | D38: =COUNT(D9:D32) -> 24 | E38: =COUNT(E9:E32) -> 24 | F38: =COUNT(F9:F32) -> 24 | G38: =COUNT(G9:G32) -> 24 | H38: =COUNT(H9:H32) -> 24 | I38: =COUNT(I9:I32) -> 24 | ... Q38: =COUNT(Q9:Q32) -> 24
A39: DCR | B39: =IF(B38>=22,">90%",IF(B38<=22,"<90%")) -> >90% | C39: =IF(C38>=22,">90%",IF(C38<=22,"<90%")) -> >90% | D39: =IF(D38>=22,">90%",IF(D38<=22,"<90%")) -> >90% | E39: =IF(E38>=22,">90%",IF(E38<=22,"<90%")) -> >90% | F39: =IF(F38>=22,">90%",IF(F38<=22,"<90%")) -> >90% | G39: =IF(G38>=22,">90%",IF(G38<=22,"<90%")) -> >90% | H39: =IF(H38>=22,">90%",IF(H38<=22,"<90%")) -> >90% | I39: =IF(I38>=22,">90%",IF(I38<=22,"<90%")) -> >90% | ... Q39: =IF(Q38>=22,">90%",IF(Q38<=22,"<90%")) -> >90%
A40: Status | B40: =IF(B38>=22,"OK",IF(B38<=22,"LESS")) -> OK | C40: =IF(C38>=22,"OK",IF(C38<=22,"LESS")) -> OK | D40: =IF(D38>=22,"OK",IF(D38<=22,"LESS")) -> OK | E40: =IF(E38>=22,"OK",IF(E38<=22,"LESS")) -> OK | F40: =IF(F38>=22,"OK",IF(F38<=22,"LESS")) -> OK | G40: =IF(G38>=22,"OK",IF(G38<=22,"LESS")) -> OK | H40: =IF(H38>=22,"OK",IF(H38<=22,"LESS")) -> OK | I40: =IF(I38>=22,"OK",IF(I38<=22,"LESS")) -> OK | ... Q40: =IF(Q38>=22,"OK",IF(Q38<=22,"LESS")) -> OK
A43: Done by | B43: AKASH
A45: Comment

Sheet 26
A1: Station: | B1: IGKV ,RAIPUR
A2: Date: | B2: =$A$9 -> 45530.042 | D2: Power Off | G2: Pw.Off | L2: Link Fail | N2: Link F | P2: Maintenance | R2: Maint.
A3: Report Type: | B3: Mean | D3: Calibration | G3: Calib. | L3: Data Fail | N3: Data F | P3: Invalid | R3: Invalid
A4: Time Base: | B4: 01 Hour | D4: Zero Referrence | G4: Z.Ref | L4: Warm Up | N4: Wm. Up
A7: Date & Time | B7: NO | C7: NO2 | D7: NOX | E7: SO2 | F7: O3 | G7: PM 10 | H7: PM 2.5 | I7: BENZ | J7: WS | K7: WD | L7: TEMP | M7: HUM | N7: SR | O7: RG | P7: CO | Q7: NH3
B8: ug/m3 | C8: ug/m3 | D8: ppb | E8: ug/m3 | F8: ug/m3 | G8: ug/m3 | H8: ug/m3 | I8: ug/m3 | J8: m/sec | K8: deg | L8: degreC | M8: % | N8: w/m2 | O8: mm | P8: mg/m3 | Q8: ug/m3
A9: 45530.042 | B9: 9.25 | C9: 4.14 | D9: 14 | E9: 9.17 | F9: 11.28 | G9: 14.17 | H9: 4.27 | I9: 2.87 | J9: 0.35 | K9: 270.52 | L9: 25.22 | M9: 92.2 | N9: 2.4 | O9: 0 | P9: 0.26 | Q9: 5.06
A10: 45530.083 | B10: 9.22 | C10: 4.14 | D10: 14 | E10: 9.05 | F10: 10.8 | G10: 16.83 | H10: 3.19 | I10: 2.94 | J10: 0.22 | K10: 272.23 | L10: 25.1 | M10: 93.47 | N10: 2.4 | O10: 0 | P10: 0.26 | Q10: 5.04
A11: 45530.125 | B11: 9.21 | C11: 4.16 | D11: 14 | E11: 9.73 | F11: 10.73 | G11: 12.3 | H11: 2.6 | I11: 2.89 | J11: 0.24 | K11: 271.29 | L11: 24.91 | M11: 94.17 | N11: 2.4 | O11: 0 | P11: 0.29 | Q11: 5.04
A12: 45530.167 | B12: 9.22 | C12: 4.18 | D12: 14 | E12: 10.33 | F12: 8.75 | G12: 9.17 | H12: 1.91 | I12: 3.03 | J12: 0.31 | K12: 269.35 | L12: 24.94 | M12: 94.14 | N12: 2.3 | O12: 0 | P12: 0.32 | Q12: 5.04
A13: 45530.208 | B13: 9.19 | C13: 4.2 | D13: 14 | E13: 10.67 | F13: 7.81 | G13: 6.86 | H13: 1.58 | I13: 3 | J13: 0.27 | K13: 262.57 | L13: 24.98 | M13: 92.33 | N13: 2.3 | O13: 0 | P13: 0.33 | Q13: 5.04
A14: 45530.25 | B14: 9.19 | C14: 4.21 | D14: 14 | E14: 11.15 | F14: 7.84 | G14: 8.05 | H14: 1.6 | I14: 2.96 | J14: 0.44 | K14: 273.16 | L14: 24.99 | M14: 91.88 | N14: 9.8 | O14: 0 | P14: 0.32 | Q14: 5.03
A15: 45530.292 | B15: 9.18 | C15: 4.2 | D15: 14 | E15: 11.55 | F15: 7.7 | G15: 12.16 | H15: 1.77 | I15: 2.91 | J15: 0.58 | K15: 274.49 | L15: 25.45 | M15: 90.76 | N15: 59.1 | O15: 0 | P15: 0.32 | Q15: 5.04
A16: 45530.333 | B16: 9.21 | C16: 4.21 | D16: 14 | E16: 11.8 | F16: 8.27 | G16: 9.08 | H16: 1.81 | I16: 3 | J16: 0.71 | K16: 278.26 | L16: 25.97 | M16: 87.5 | N16: 99.9 | O16: 0 | P16: 0.32 | Q16: 5.03
A17: 45530.375 | B17: 9.26 | C17: 4.12 | D17: 14 | E17: 11.52 | F17: 8.99 | G17: 9.25 | H17: 1.81 | I17: 2.98 | J17: 0.76 | K17: 276.2 | L17: 26.51 | M17: 85.6 | N17: 123.7 | O17: 0 | P17: 0.28 | Q17: 5.05
A18: 45530.417 | B18: 9.22 | C18: 4.15 | D18: 14 | E18: 10.39 | F18: 10.21 | G18: 7.33 | H18: 1.88 | I18: 2.93 | J18: 0.86 | K18: 279.13 | L18: 26.96 | M18: 84.12 | N18: 145.7 | O18: 0 | P18: 0.24 | Q18: 5.05
A19: 45530.458 | B19: 9.23 | C19: 4.19 | D19: 14 | E19: 8.88 | F19: 11.59 | G19: 6.2 | H19: 1.87 | I19: 2.91 | J19: 0.98 | K19: 279.99 | L19: 27.93 | M19: 83.61 | N19: 272.3 | O19: 0 | P19: 0.24 | Q19: 5.05
A20: 45530.5 | B20: 9.22 | C20: 4.16 | D20: 14 | E20: 8.71 | F20: 13.29 | G20: 10.11 | H20: 2.3 | I20: 2.81 | J20: 1.15 | K20: 283.97 | L20: 28.42 | M20: 78.09 | N20: 309 | O20: 0 | P20: 0.26 | Q20: 5.04
... A32: 45531 | B32: 9.23 | C32: 4.13 | D32: 14 | E32: 8.41 | F32: 10.92 | G32: 27.68 | H32: 5.6 | I32: 3.28 | J32: 0.23 | K32: 261.58 | L32: 25.65 | M32: 92.22 | N32: 2.3 | O32: 0 | P32: 0.32 | Q32: 5.04
A34: Min | B34: =MIN(B9:B32) -> 9.18 | C34: =MIN(C9:C32) -> 4.09 | D34: =MIN(D9:D32) -> 14 | E34: =MIN(E9:E32) -> 7.18 | F34: =MIN(F9:F32) -> 7.7 | G34: =MIN(G9:G32) -> 6.2 | H34: =MIN(H9:H32) -> 1.58 | I34: =MIN(I9:I32) -> 2.81 | ... Q34: =MIN(Q9:Q32) -> 5.03
A35: Max | B35: =MAX(B9:B32) -> 9.35 | C35: =MAX(C9:C32) -> 4.21 | D35: =MAX(D9:D32) -> 14.08 | E35: =MAX(E9:E32) -> 11.8 | F35: =MAX(F9:F32) -> 18.88 | G35: =MAX(G9:G32) -> 30.19 | H35: =MAX(H9:H32) -> 5.6 | I35: =MAX(I9:I32) -> 3.9 | ... Q35: =MAX(Q9:Q32) -> 5.06
A36: Avg | B36: =AVERAGE(B9:B32) -> 9.2358333 | C36: =AVERAGE(C9:C32) -> 4.1495833 | D36: =AVERAGE(D9:D32) -> 14.005833 | E36: =AVERAGE(E9:E32) -> 9.55125 | F36: =AVERAGE(F9:F32) -> 11.902917 | G36: =AVERAGE(G9:G32) -> 17.258333 | H36: =AVERAGE(H9:H32) -> 2.81875 | I36: =AVERAGE(I9:I32) -> 3.1604167 | ... Q36: =AVERAGE(Q9:Q32) -> 5.0420833
A37: Stdev | B37: =STDEV(B9:B32) -> 0.038325456 | C37: =STDEV(C9:C32) -> 0.034068877 | D37: =STDEV(D9:D32) -> 0.018862585 | E37: =STDEV(E9:E32) -> 1.367172 | F37: =STDEV(F9:F32) -> 3.3819283 | G37: =STDEV(G9:G32) -> 8.0873082 | H37: =STDEV(H9:H32) -> 0.99900086 | I37: =STDEV(I9:I32) -> 0.32435192 | ... Q37: =STDEV(Q9:Q32) -> 0.0077902764
A38: Num | B38: =COUNT(B9:B32) -> 24 | C38: =COUNT(C9:C32) -> 24 | D38: =COUNT(D9:D32) -> 24 | E38: =COUNT(E9:E32) -> 24 | F38: =COUNT(F9:F32) -> 24 | G38: =COUNT(G9:G32) -> 24 | H38: =COUNT(H9:H32) -> 24 | I38: =COUNT(I9:I32) -> 24 | ... Q38: =COUNT(Q9:Q32) -> 24
A39: DCR | B39: =IF(B38>=22,">90%",IF(B38<=22,"<90%")) -> >90% | C39: =IF(C38>=22,">90%",IF(C38<=22,"<90%")) -> >90% | D39: =IF(D38>=22,">90%",IF(D38<=22,"<90%")) -> >90% | E39: =IF(E38>=22,">90%",IF(E38<=22,"<90%")) -> >90% | F39: =IF(F38>=22,">90%",IF(F38<=22,"<90%")) -> >90% | G39: =IF(G38>=22,">90%",IF(G38<=22,"<90%")) -> >90% | H39: =IF(H38>=22,">90%",IF(H38<=22,"<90%")) -> >90% | I39: =IF(I38>=22,">90%",IF(I38<=22,"<90%")) -> >90% | ... Q39: =IF(Q38>=22,">90%",IF(Q38<=22,"<90%")) -> >90%
A40: Status | B40: =IF(B38>=22,"OK",IF(B38<=22,"LESS")) -> OK | C40: =IF(C38>=22,"OK",IF(C38<=22,"LESS")) -> OK | D40: =IF(D38>=22,"OK",IF(D38<=22,"LESS")) -> OK | E40: =IF(E38>=22,"OK",IF(E38<=22,"LESS")) -> OK | F40: =IF(F38>=22,"OK",IF(F38<=22,"LESS")) -> OK | G40: =IF(G38>=22,"OK",IF(G38<=22,"LESS")) -> OK | H40: =IF(H38>=22,"OK",IF(H38<=22,"LESS")) -> OK | I40: =IF(I38>=22,"OK",IF(I38<=22,"LESS")) -> OK | ... Q40: =IF(Q38>=22,"OK",IF(Q38<=22,"LESS")) -> OK
A43: Done by | B43: AKASH
A45: Comment

Sheet 27
A1: Station: | B1: IGKV ,RAIPUR
A2: Date: | B2: =$A$9 -> 45531.042 | D2: Power Off | G2: Pw.Off | L2: Link Fail | N2: Link F | P2: Maintenance | R2: Maint.
A3: Report Type: | B3: Mean | D3: Calibration | G3: Calib. | L3: Data Fail | N3: Data F | P3: Invalid | R3: Invalid
A4: Time Base: | B4: 01 Hour | D4: Zero Referrence | G4: Z.Ref | L4: Warm Up | N4: Wm. Up
A7: Date & Time | B7: NO | C7: NO2 | D7: NOX | E7: SO2 | F7: O3 | G7: PM 10 | H7: PM 2.5 | I7: BENZ | J7: WS | K7: WD | L7: TEMP | M7: HUM | N7: SR | O7: RG | P7: CO | Q7: NH3
B8: ug/m3 | C8: ug/m3 | D8: ppb | E8: ug/m3 | F8: ug/m3 | G8: ug/m3 | H8: ug/m3 | I8: ug/m3 | J8: m/sec | K8: deg | L8: degreC | M8: % | N8: w/m2 | O8: mm | P8: mg/m3 | Q8: ug/m3
A9: 45531.042 | B9: 9.27 | C9: 4.17 | D9: 14.04 | E9: 9.16 | F9: 9.22 | G9: 25.36 | H9: 9.04 | I9: 3.24 | J9: 0.36 | K9: 272.55 | L9: 25.98 | M9: 90.99 | N9: 2.3 | O9: 0 | P9: 0.32 | Q9: 5.04
A10: 45531.083 | B10: 9.27 | C10: 4.08 | D10: 14.02 | E10: 9.9 | F10: 9.19 | G10: 29.11 | H10: 6.61 | I10: 3.18 | J10: 0.34 | K10: 271.01 | L10: 26.02 | M10: 91.78 | N10: 2.2 | O10: 0 | P10: 0.32 | Q10: 5.04
A11: 45531.125 | B11: 9.28 | C11: 4.09 | D11: 14.01 | E11: 10.41 | F11: 9.1 | G11: 22.2 | H11: 7.56 | I11: 3.19 | J11: 0.35 | K11: 269.62 | L11: 26.07 | M11: 91.08 | N11: 2.4 | O11: 0 | P11: 0.32 | Q11: 5.05
A12: 45531.167 | B12: 9.26 | C12: 4.11 | D12: 14.02 | E12: 9.63 | F12: 10.93 | G12: 21.32 | H12: 5.79 | I12: 3.12 | J12: 0.27 | K12: 272.77 | L12: 25.82 | M12: 92.59 | N12: 2.4 | O12: 0 | P12: 0.27 | Q12: 5.1
A13: 45531.208 | B13: 9.28 | C13: 4.1 | D13: 14.03 | E13: 8.66 | F13: 11.67 | G13: 21.63 | H13: 4.44 | I13: 2.91 | J13: 0.23 | K13: 261.52 | L13: 25.75 | M13: 96.04 | N13: 2.8 | O13: 0.4 | P13: 0.23 | Q13: 5.23
A14: 45531.25 | B14: 9.28 | C14: 4.09 | D14: 14.03 | E14: 8.15 | F14: 11.46 | G14: 15.85 | H14: 3.46 | I14: 2.93 | J14: 0.28 | K14: 265.08 | L14: 25.28 | M14: 98.31 | N14: 11.8 | O14: 0 | P14: 0.23 | Q14: 5.23
A15: 45531.292 | B15: 9.27 | C15: 4.14 | D15: 14 | E15: 8.78 | F15: 10.54 | G15: 15.76 | H15: 2.74 | I15: 3.05 | J15: 0.51 | K15: 270.88 | L15: 25.64 | M15: 97.25 | N15: 46.7 | O15: 0 | P15: 0.23 | Q15: 5.31
A16: 45531.333 | B16: 9.26 | C16: 4.13 | D16: 14 | E16: 8.56 | F16: 9.77 | G16: 17.61 | H16: 2.4 | I16: 3.21 | J16: 0.58 | K16: 273.78 | L16: 26.31 | M16: 92.68 | N16: 94.2 | O16: 0 | P16: 0.29 | Q16: 5.28
A17: 45531.375 | B17: 9.26 | C17: 4.1 | D17: 14 | E17: 8.77 | F17: 10.1 | G17: 19.84 | H17: 4.11 | I17: 3.1 | J17: 0.97 | K17: 283.09 | L17: 27.06 | M17: 87.45 | N17: 143.9 | O17: 0 | P17: 0.3 | Q17: 5.19
A18: 45531.417 | B18: 9.25 | C18: 4.11 | D18: 14 | E18: 9.02 | F18: 9.74 | G18: 21.31 | H18: 5.18 | I18: 3.18 | J18: 0.9 | K18: 279.74 | L18: 28.58 | M18: 83.19 | N18: 286.7 | O18: 0 | P18: 0.31 | Q18: 5.15
A19: 45531.458 | B19: 9.25 | C19: 4.12 | D19: 14 | E19: 10.28 | F19: 9.67 | G19: 25.16 | H19: 6.91 | I19: 3.45 | J19: 1.03 | K19: 293.95 | L19: 29.2 | M19: 75.75 | N19: 405.2 | O19: 0 | P19: 0.37 | Q19: 5.16
A20: 45531.5 | B20: 9.24 | C20: 4.12 | D20: 14 | E20: 11.02 | F20: 9.39 | G20: 31.6 | H20: 7.84 | I20: 4.65 | J20: 0.88 | K20: 288.28 | L20: 30.4 | M20: 74.64 | N20: 553.1 | O20: 0 | P20: 0.46 | Q20: 5.14
... A32: 45532 | B32: 9.31 | C32: 4.1 | D32: 14.04 | E32: 8.68 | F32: 13.91 | G32: 32.52 | H32: 9.28 | I32: 3.95 | J32: 0.29 | K32: 265.43 | L32: 27.25 | M32: 88.03 | N32: 2.2 | O32: 0 | P32: 0.32 | Q32: 5.14
A34: Min | B34: =MIN(B9:B32) -> 9.24 | C34: =MIN(C9:C32) -> 4.07 | D34: =MIN(D9:D32) -> 14 | E34: =MIN(E9:E32) -> 8.15 | F34: =MIN(F9:F32) -> 9.1 | G34: =MIN(G9:G32) -> 15.76 | H34: =MIN(H9:H32) -> 2.4 | I34: =MIN(I9:I32) -> 2.91 | ... Q34: =MIN(Q9:Q32) -> 5.04
A35: Max | B35: =MAX(B9:B32) -> 9.35 | C35: =MAX(C9:C32) -> 4.17 | D35: =MAX(D9:D32) -> 14.07 | E35: =MAX(E9:E32) -> 11.64 | F35: =MAX(F9:F32) -> 13.91 | G35: =MAX(G9:G32) -> 43.62 | H35: =MAX(H9:H32) -> 11.72 | I35: =MAX(I9:I32) -> 5.83 | ... Q35: =MAX(Q9:Q32) -> 5.31
A36: Avg | B36: =AVERAGE(B9:B32) -> 9.2783333 | C36: =AVERAGE(C9:C32) -> 4.10125 | D36: =AVERAGE(D9:D32) -> 14.020833 | E36: =AVERAGE(E9:E32) -> 9.5754167 | F36: =AVERAGE(F9:F32) -> 10.9925 | G36: =AVERAGE(G9:G32) -> 27.4025 | H36: =AVERAGE(H9:H32) -> 6.6454167 | I36: =AVERAGE(I9:I32) -> 3.9883333 | ... Q36: =AVERAGE(Q9:Q32) -> 5.1541667
A37: Stdev | B37: =STDEV(B9:B32) -> 0.027452198 | C37: =STDEV(C9:C32) -> 0.02401313 | D37: =STDEV(D9:D32) -> 0.020198292 | E37: =STDEV(E9:E32) -> 0.84346583 | F37: =STDEV(F9:F32) -> 1.389749 | G37: =STDEV(G9:G32) -> 7.0847468 | H37: =STDEV(H9:H32) -> 2.621576 | I37: =STDEV(I9:I32) -> 0.94133424 | ... Q37: =STDEV(Q9:Q32) -> 0.064059528
A38: Num | B38: =COUNT(B9:B32) -> 24 | C38: =COUNT(C9:C32) -> 24 | D38: =COUNT(D9:D32) -> 24 | E38: =COUNT(E9:E32) -> 24 | F38: =COUNT(F9:F32) -> 24 | G38: =COUNT(G9:G32) -> 24 | H38: =COUNT(H9:H32) -> 24 | I38: =COUNT(I9:I32) -> 24 | ... Q38: =COUNT(Q9:Q32) -> 24
A39: DCR | B39: =IF(B38>=22,">90%",IF(B38<=22,"<90%")) -> >90% | C39: =IF(C38>=22,">90%",IF(C38<=22,"<90%")) -> >90% | D39: =IF(D38>=22,">90%",IF(D38<=22,"<90%")) -> >90% | E39: =IF(E38>=22,">90%",IF(E38<=22,"<90%")) -> >90% | F39: =IF(F38>=22,">90%",IF(F38<=22,"<90%")) -> >90% | G39: =IF(G38>=22,">90%",IF(G38<=22,"<90%")) -> >90% | H39: =IF(H38>=22,">90%",IF(H38<=22,"<90%")) -> >90% | I39: =IF(I38>=22,">90%",IF(I38<=22,"<90%")) -> >90% | ... Q39: =IF(Q38>=22,">90%",IF(Q38<=22,"<90%")) -> >90%
A40: Status | B40: =IF(B38>=22,"OK",IF(B38<=22,"LESS")) -> OK | C40: =IF(C38>=22,"OK",IF(C38<=22,"LESS")) -> OK | D40: =IF(D38>=22,"OK",IF(D38<=22,"LESS")) -> OK | E40: =IF(E38>=22,"OK",IF(E38<=22,"LESS")) -> OK | F40: =IF(F38>=22,"OK",IF(F38<=22,"LESS")) -> OK | G40: =IF(G38>=22,"OK",IF(G38<=22,"LESS")) -> OK | H40: =IF(H38>=22,"OK",IF(H38<=22,"LESS")) -> OK | I40: =IF(I38>=22,"OK",IF(I38<=22,"LESS")) -> OK | ... Q40: =IF(Q38>=22,"OK",IF(Q38<=22,"LESS")) -> OK
A43: Done by | B43: AKASH
A45: Comment

Sheet 28
A1: Station: | B1: IGKV ,RAIPUR
A2: Date: | B2: =$A$9 -> 45532.042 | D2: Power Off | G2: Pw.Off | L2: Link Fail | N2: Link F | P2: Maintenance | R2: Maint.
A3: Report Type: | B3: Mean | D3: Calibration | G3: Calib. | L3: Data Fail | N3: Data F | P3: Invalid | R3: Invalid
A4: Time Base: | B4: 01 Hour | D4: Zero Referrence | G4: Z.Ref | L4: Warm Up | N4: Wm. Up
A7: Date & Time | B7: NO | C7: NO2 | D7: NOX | E7: SO2 | F7: O3 | G7: PM 10 | H7: PM 2.5 | I7: BENZ | J7: WS | K7: WD | L7: TEMP | M7: HUM | N7: SR | O7: RG | P7: CO | Q7: NH3
B8: ug/m3 | C8: ug/m3 | D8: ppb | E8: ug/m3 | F8: ug/m3 | G8: ug/m3 | H8: ug/m3 | I8: ug/m3 | J8: m/sec | K8: deg | L8: degreC | M8: % | N8: w/m2 | O8: mm | P8: mg/m3 | Q8: ug/m3
A9: 45532.042 | B9: 9.37 | C9: 4.06 | D9: 14.07 | E9: 7.84 | F9: 16.12 | G9: 29.51 | H9: 10.59 | I9: 3.71 | J9: 0.49 | K9: 272.85 | L9: 27.31 | M9: 85.64 | N9: 2.3 | O9: 0 | P9: 0.3 | Q9: 5.13
A10: 45532.083 | B10: 9.34 | C10: 4.09 | D10: 14.08 | E10: 7.71 | F10: 17.51 | G10: 31.93 | H10: 11.96 | I10: 3.5 | J10: 0.63 | K10: 277.29 | L10: 27.17 | M10: 84.53 | N10: 2.4 | O10: 0 | P10: 0.27 | Q10: 5.11
A11: 45532.125 | B11: 9.35 | C11: 4.09 | D11: 14.07 | E11: 10.29 | F11: 12.33 | G11: 29.02 | H11: 8.6 | I11: 3.55 | J11: 0.55 | K11: 278.25 | L11: 26.88 | M11: 86.77 | N11: 2.4 | O11: 0 | P11: 0.32 | Q11: 5.04
A12: 45532.167 | B12: 9.33 | C12: 4.1 | D12: 14.06 | E12: 10.76 | F12: 10.93 | G12: 22.84 | H12: 7.2 | I12: 3.44 | J12: 0.29 | K12: 265.11 | L12: 26.72 | M12: 89.88 | N12: 2.3 | O12: 0 | P12: 0.33 | Q12: 5.04
A13: 45532.208 | B13: 9.32 | C13: 4.08 | D13: 14.06 | E13: 11.37 | F13: 9.43 | G13: 21.1 | H13: 5.49 | I13: 3.24 | J13: 0.14 | K13: 260.8 | L13: 26.13 | M13: 92.16 | N13: 2.2 | O13: 0 | P13: 0.33 | Q13: 5.04
A14: 45532.25 | B14: 9.33 | C14: 4.09 | D14: 14.05 | E14: 11.71 | F14: 8.37 | G14: 21.99 | H14: 5.95 | I14: 3.21 | J14: 0.13 | K14: 193.31 | L14: 25.62 | M14: 93.5 | N14: 10.9 | O14: 0 | P14: 0.33 | Q14: 5.03
A15: 45532.292 | B15: 9.32 | C15: 4.07 | D15: 14.04 | E15: 12.28 | F15: 7.99 | G15: 24.85 | H15: 4.82 | I15: 3.25 | J15: 0.31 | K15: 273.73 | L15: 26.36 | M15: 94.1 | N15: 45.4 | O15: 0 | P15: 0.33 | Q15: 5.05
A16: 45532.333 | B16: 9.36 | C16: 4.07 | D16: 14.07 | E16: 12.86 | F16: 9.77 | G16: 23.18 | H16: 5.03 | I16: 3.53 | J16: 0.6 | K16: 279.99 | L16: 27.71 | M16: 88.52 | N16: 201.3 | O16: 0 | P16: 0.33 | Q16: 5.05
A17: 45532.375 | B17: 9.37 | C17: 4.08 | D17: 14.08 | E17: 12.44 | F17: 10.79 | G17: 27.03 | H17: 7.32 | I17: 4.42 | J17: 0.75 | K17: 292.16 | L17: 29.29 | M17: 82.25 | N17: 252.3 | O17: 0 | P17: 0.35 | Q17: 5.04
A18: 45532.417 | B18: 9.34 | C18: 4.09 | D18: 14.07 | E18: 13.04 | F18: 13.06 | G18: 28.9 | H18: 6.81 | I18: 4.96 | J18: 0.82 | K18: 325.33 | L18: 30.27 | M18: 75.14 | N18: 423.8 | O18: 0 | P18: 0.42 | Q18: 5.04
A19: 45532.458 | B19: 9.44 | C19: 4.11 | D19: 14.16 | E19: 10.03 | F19: 14.78 | G19: 33.31 | H19: 5.96 | I19: 5.39 | J19: 0.88 | K19: 329.32 | L19: 30.67 | M19: 68.72 | N19: 399.9 | O19: 0 | P19: 0.43 | Q19: 5.05
A20: 45532.5 | B20: 9.5 | C20: 4.08 | D20: 14.17 | E20: 9.82 | F20: 13.09 | G20: 38.25 | H20: 8.86 | I20: 5.26 | J20: 0.83 | K20: 300.7 | L20: 31.62 | M20: 70.13 | N20: 586.8 | O20: 0 | P20: 0.44 | Q20: 5.03
... A32: 45533 | B32: 9.35 | C32: 4.09 | D32: 14.07 | E32: 9.57 | F32: 8.45 | G32: 34.25 | H32: 7.21 | I32: 6.62 | J32: 0.29 | K32: 308.04 | L32: 28.6 | M32: 79.54 | N32: 2.3 | O32: 0 | P32: 0.56 | Q32: 5.04
A34: Min | B34: =MIN(B9:B32) -> 9.3 | C34: =MIN(C9:C32) -> 4.06 | D34: =MIN(D9:D32) -> 14.03 | E34: =MIN(E9:E32) -> 6.8 | F34: =MIN(F9:F32) -> 7.99 | G34: =MIN(G9:G32) -> 21.1 | H34: =MIN(H9:H32) -> 4.82 | I34: =MIN(I9:I32) -> 3.21 | ... Q34: =MIN(Q9:Q32) -> 5.02
A35: Max | B35: =MAX(B9:B32) -> 9.5 | C35: =MAX(C9:C32) -> 4.12 | D35: =MAX(D9:D32) -> 14.17 | E35: =MAX(E9:E32) -> 13.19 | F35: =MAX(F9:F32) -> 40.43 | G35: =MAX(G9:G32) -> 49.28 | H35: =MAX(H9:H32) -> 13.58 | I35: =MAX(I9:I32) -> 6.94 | ... Q35: =MAX(Q9:Q32) -> 5.13
A36: Avg | B36: =AVERAGE(B9:B32) -> 9.3595833 | C36: =AVERAGE(C9:C32) -> 4.0883333 | D36: =AVERAGE(D9:D32) -> 14.07875 | E36: =AVERAGE(E9:E32) -> 10.3475 | F36: =AVERAGE(F9:F32) -> 16.577083 | G36: =AVERAGE(G9:G32) -> 34.265833 | H36: =AVERAGE(H9:H32) -> 8.66625 | I36: =AVERAGE(I9:I32) -> 4.9133333 | ... Q36: =AVERAGE(Q9:Q32) -> 5.0483333
A37: Stdev | B37: =STDEV(B9:B32) -> 0.047500953 | C37: =STDEV(C9:C32) -> 0.014939491 | D37: =STDEV(D9:D32) -> 0.038370335 | E37: =STDEV(E9:E32) -> 2.0231814 | F37: =STDEV(F9:F32) -> 9.2220428 | G37: =STDEV(G9:G32) -> 8.9989728 | H37: =STDEV(H9:H32) -> 2.6634234 | I37: =STDEV(I9:I32) -> 1.1967335 | ... Q37: =STDEV(Q9:Q32) -> 0.023713263
A38: Num | B38: =COUNT(B9:B32) -> 24 | C38: =COUNT(C9:C32) -> 24 | D38: =COUNT(D9:D32) -> 24 | E38: =COUNT(E9:E32) -> 24 | F38: =COUNT(F9:F32) -> 24 | G38: =COUNT(G9:G32) -> 24 | H38: =COUNT(H9:H32) -> 24 | I38: =COUNT(I9:I32) -> 24 | ... Q38: =COUNT(Q9:Q32) -> 24
A39: DCR | B39: =IF(B38>=22,">90%",IF(B38<=22,"<90%")) -> >90% | C39: =IF(C38>=22,">90%",IF(C38<=22,"<90%")) -> >90% | D39: =IF(D38>=22,">90%",IF(D38<=22,"<90%")) -> >90% | E39: =IF(E38>=22,">90%",IF(E38<=22,"<90%")) -> >90% | F39: =IF(F38>=22,">90%",IF(F38<=22,"<90%")) -> >90% | G39: =IF(G38>=22,">90%",IF(G38<=22,"<90%")) -> >90% | H39: =IF(H38>=22,">90%",IF(H38<=22,"<90%")) -> >90% | I39: =IF(I38>=22,">90%",IF(I38<=22,"<90%")) -> >90% | ... Q39: =IF(Q38>=22,">90%",IF(Q38<=22,"<90%")) -> >90%
A40: Status | B40: =IF(B38>=22,"OK",IF(B38<=22,"LESS")) -> OK | C40: =IF(C38>=22,"OK",IF(C38<=22,"LESS")) -> OK | D40: =IF(D38>=22,"OK",IF(D38<=22,"LESS")) -> OK | E40: =IF(E38>=22,"OK",IF(E38<=22,"LESS")) -> OK | F40: =IF(F38>=22,"OK",IF(F38<=22,"LESS")) -> OK | G40: =IF(G38>=22,"OK",IF(G38<=22,"LESS")) -> OK | H40: =IF(H38>=22,"OK",IF(H38<=22,"LESS")) -> OK | I40: =IF(I38>=22,"OK",IF(I38<=22,"LESS")) -> OK | ... Q40: =IF(Q38>=22,"OK",IF(Q38<=22,"LESS")) -> OK
A43: Done by | B43: AKASH
A45: Comment

Sheet 29
A1: Station: | B1: IGKV ,RAIPUR
A2: Date: | B2: =$A$9 -> 45533.042 | D2: Power Off | G2: Pw.Off | L2: Link Fail | N2: Link F | P2: Maintenance | R2: Maint.
A3: Report Type: | B3: Mean | D3: Calibration | G3: Calib. | L3: Data Fail | N3: Data F | P3: Invalid | R3: Invalid
A4: Time Base: | B4: 01 Hour | D4: Zero Referrence | G4: Z.Ref | L4: Warm Up | N4: Wm. Up
A7: Date & Time | B7: NO | C7: NO2 | D7: NOX | E7: SO2 | F7: O3 | G7: PM 10 | H7: PM 2.5 | I7: BENZ | J7: WS | K7: WD | L7: TEMP | M7: HUM | N7: SR | O7: RG | P7: CO | Q7: NH3
B8: ug/m3 | C8: ug/m3 | D8: ppb | E8: ug/m3 | F8: ug/m3 | G8: ug/m3 | H8: ug/m3 | I8: ug/m3 | J8: m/sec | K8: deg | L8: degreC | M8: % | N8: w/m2 | O8: mm | P8: mg/m3 | Q8: ug/m3
A9: 45533.042 | B9: 9.21 | C9: 4.16 | D9: 14 | E9: 11.27 | F9: 7.4 | G9: 40.8 | H9: 9.59 | I9: 6.97 | J9: 0.37 | K9: 298.27 | L9: 28.34 | M9: 78.73 | N9: 2.2 | O9: 0 | P9: 0.57 | Q9: 5.03
A10: 45533.083 | B10: 9.22 | C10: 4.14 | D10: 14 | E10: 10.52 | F10: 7.32 | G10: 50.44 | H10: 8.75 | I10: 6.86 | J10: 0.35 | K10: 263.25 | L10: 28.06 | M10: 80.42 | N10: 2.4 | O10: 0 | P10: 0.54 | Q10: 5.05
A11: 45533.125 | B11: 9.23 | C11: 4.13 | D11: 14 | E11: 11.1 | F11: 8.05 | G11: 56.04 | H11: 8.86 | I11: 6.08 | J11: 0.17 | K11: 215.86 | L11: 27.71 | M11: 89.28 | N11: 2.7 | O11: 0 | P11: 0.47 | Q11: 5.03
A12: 45533.167 | B12: 9.22 | C12: 4.14 | D12: 14 | E12: 9.73 | F12: 7.93 | G12: 56.17 | H12: 7.9 | I12: 6.64 | J12: 0.15 | K12: 178.21 | L12: 26.71 | M12: 97.12 | N12: 2.3 | O12: 0.2 | P12: 0.46 | Q12: 5.03
A13: 45533.208 | B13: 9.24 | C13: 4.14 | D13: 14 | E13: 8.16 | F13: 7.9 | G13: 45.42 | H13: 9.81 | I13: 6.89 | J13: 0.27 | K13: 257.64 | L13: 26.45 | M13: 96.98 | N13: 2.4 | O13: 0.2 | P13: 0.46 | Q13: 5.05
A14: 45533.25 | B14: 9.27 | C14: 4.11 | D14: 14 | E14: 7.24 | F14: 9.74 | G14: 44.91 | H14: 7.44 | I14: 6.2 | J14: 0.15 | K14: 185.58 | L14: 26.13 | M14: 97.45 | N14: 4.4 | O14: 0 | P14: 0.41 | Q14: 5.04
A15: 45533.292 | B15: 9.23 | C15: 4.18 | D15: 14 | E15: 8.4 | F15: 9.41 | G15: 41.64 | H15: 6.94 | I15: 6.57 | J15: 0.19 | K15: 304.38 | L15: 26.3 | M15: 97.57 | N15: 11.8 | O15: 0.6 | P15: 0.49 | Q15: 5.04
A16: 45533.333 | B16: 9.22 | C16: 4.19 | D16: 14 | E16: 8.88 | F16: 7.71 | G16: 49.77 | H16: 9.78 | I16: 7.02 | J16: 0.4 | K16: 268.89 | L16: 26.39 | M16: 97.36 | N16: 53.8 | O16: 0.4 | P16: 0.52 | Q16: 5.01
A17: 45533.375 | B17: 9.19 | C17: 4.2 | D17: 14 | E17: 9.29 | F17: 8.19 | G17: 47.2 | H17: 14.35 | I17: 6.89 | J17: 0.38 | K17: 295.2 | L17: 27.39 | M17: 95.11 | N17: 103.6 | O17: 0 | P17: 0.56 | Q17: 5.04
A18: 45533.417 | B18: 9.2 | C18: 4.17 | D18: 14 | E18: 10.87 | F18: 8.71 | G18: 59.99 | H18: 14.4 | I18: 6.92 | J18: 0.38 | K18: 344.01 | L18: 28.25 | M18: 87.54 | N18: 125.1 | O18: 0 | P18: 0.64 | Q18: 5.05
A19: 45533.458 | B19: 9.21 | C19: 4.17 | D19: 14 | E19: 11.18 | F19: 8.76 | G19: 88.2 | H19: 20.65 | I19: 6.91 | J19: 0.52 | K19: 67.51 | L19: 28.26 | M19: 83.59 | N19: 70.6 | O19: 0 | P19: 0.68 | Q19: 5.04
A20: 45533.5 | B20: 9.27 | C20: 4.16 | D20: 14.01 | E20: 10.82 | F20: 11.14 | G20: 95.41 | H20: 24.21 | I20: 6.83 | J20: 0.73 | K20: 160.26 | L20: 28.08 | M20: 93.75 | N20: 51.9 | O20: 0.4 | P20: 0.67 | Q20: 5.05
... A32: 45534 | B32: 9.23 | C32: 4.14 | D32: 14 | E32: 8.69 | F32: 9.34 | G32: 25.67 | H32: 9.43 | I32: 4.8 | J32: 0.11 | K32: 246.38 | L32: 25.91 | M32: 98.67 | N32: 2.2 | O32: 0 | P32: 0.38 | Q32: 5.05
A34: Min | B34: =MIN(B9:B32) -> 9.19 | C34: =MIN(C9:C32) -> 4.1 | D34: =MIN(D9:D32) -> 14 | E34: =MIN(E9:E32) -> 7.1 | F34: =MIN(F9:F32) -> 7.32 | G34: =MIN(G9:G32) -> 22.95 | H34: =MIN(H9:H32) -> 5.71 | I34: =MIN(I9:I32) -> 4.6 | ... Q34: =MIN(Q9:Q32) -> 5.01
A35: Max | B35: =MAX(B9:B32) -> 9.27 | C35: =MAX(C9:C32) -> 4.2 | D35: =MAX(D9:D32) -> 14.01 | E35: =MAX(E9:E32) -> 11.86 | F35: =MAX(F9:F32) -> 15.43 | G35: =MAX(G9:G32) -> 95.41 | H35: =MAX(H9:H32) -> 24.21 | I35: =MAX(I9:I32) -> 7.02 | ... Q35: =MAX(Q9:Q32) -> 5.05
A36: Avg | B36: =AVERAGE(B9:B32) -> 9.2304167 | C36: =AVERAGE(C9:C32) -> 4.1475 | D36: =AVERAGE(D9:D32) -> 14.000833 | E36: =AVERAGE(E9:E32) -> 9.5708333 | F36: =AVERAGE(F9:F32) -> 9.6425 | G36: =AVERAGE(G9:G32) -> 47.706667 | H36: =AVERAGE(H9:H32) -> 10.929583 | I36: =AVERAGE(I9:I32) -> 5.94375 | ... Q36: =AVERAGE(Q9:Q32) -> 5.0395833
A37: Stdev | B37: =STDEV(B9:B32) -> 0.022356629 | C37: =STDEV(C9:C32) -> 0.027066745 | D37: =STDEV(D9:D32) -> 0.0028232985 | E37: =STDEV(E9:E32) -> 1.4929717 | F37: =STDEV(F9:F32) -> 2.0996568 | G37: =STDEV(G9:G32) -> 19.585966 | H37: =STDEV(H9:H32) -> 4.6872217 | I37: =STDEV(I9:I32) -> 0.91448162 | ... Q37: =STDEV(Q9:Q32) -> 0.010417029
A38: Num | B38: =COUNT(B9:B32) -> 24 | C38: =COUNT(C9:C32) -> 24 | D38: =COUNT(D9:D32) -> 24 | E38: =COUNT(E9:E32) -> 24 | F38: =COUNT(F9:F32) -> 24 | G38: =COUNT(G9:G32) -> 24 | H38: =COUNT(H9:H32) -> 24 | I38: =COUNT(I9:I32) -> 24 | ... Q38: =COUNT(Q9:Q32) -> 24
A39: DCR | B39: =IF(B38>=22,">90%",IF(B38<=22,"<90%")) -> >90% | C39: =IF(C38>=22,">90%",IF(C38<=22,"<90%")) -> >90% | D39: =IF(D38>=22,">90%",IF(D38<=22,"<90%")) -> >90% | E39: =IF(E38>=22,">90%",IF(E38<=22,"<90%")) -> >90% | F39: =IF(F38>=22,">90%",IF(F38<=22,"<90%")) -> >90% | G39: =IF(G38>=22,">90%",IF(G38<=22,"<90%")) -> >90% | H39: =IF(H38>=22,">90%",IF(H38<=22,"<90%")) -> >90% | I39: =IF(I38>=22,">90%",IF(I38<=22,"<90%")) -> >90% | ... Q39: =IF(Q38>=22,">90%",IF(Q38<=22,"<90%")) -> >90%
A40: Status | B40: =IF(B38>=22,"OK",IF(B38<=22,"LESS")) -> OK | C40: =IF(C38>=22,"OK",IF(C38<=22,"LESS")) -> OK | D40: =IF(D38>=22,"OK",IF(D38<=22,"LESS")) -> OK | E40: =IF(E38>=22,"OK",IF(E38<=22,"LESS")) -> OK | F40: =IF(F38>=22,"OK",IF(F38<=22,"LESS")) -> OK | G40: =IF(G38>=22,"OK",IF(G38<=22,"LESS")) -> OK | H40: =IF(H38>=22,"OK",IF(H38<=22,"LESS")) -> OK | I40: =IF(I38>=22,"OK",IF(I38<=22,"LESS")) -> OK | ... Q40: =IF(Q38>=22,"OK",IF(Q38<=22,"LESS")) -> OK
A43: Done by | B43: AKASH
A45: Comment

Sheet 30
A1: Station: | B1: IGKV ,RAIPUR
A2: Date: | B2: =$A$9 -> 45534.042 | D2: Power Off | G2: Pw.Off | L2: Link Fail | N2: Link F | P2: Maintenance | R2: Maint.
A3: Report Type: | B3: Mean | D3: Calibration | G3: Calib. | L3: Data Fail | N3: Data F | P3: Invalid | R3: Invalid
A4: Time Base: | B4: 01 Hour | D4: Zero Referrence | G4: Z.Ref | L4: Warm Up | N4: Wm. Up
A7: Date & Time | B7: NO | C7: NO2 | D7: NOX | E7: SO2 | F7: O3 | G7: PM 10 | H7: PM 2.5 | I7: BENZ | J7: WS | K7: WD | L7: TEMP | M7: HUM | N7: SR | O7: RG | P7: CO | Q7: NH3
B8: ug/m3 | C8: ug/m3 | D8: ppb | E8: ug/m3 | F8: ug/m3 | G8: ug/m3 | H8: ug/m3 | I8: ug/m3 | J8: m/sec | K8: deg | L8: degreC | M8: % | N8: w/m2 | O8: mm | P8: mg/m3 | Q8: ug/m3
A9: 45534.042 | B9: 9.28 | C9: 4.21 | D9: 14.02 | E9: 8.43 | F9: 10.49 | G9: 26.34 | H9: 11.53 | I9: 4.64 | J9: 0.16 | K9: 213.39 | L9: 25.69 | M9: 98.57 | N9: 2.2 | O9: 0 | P9: 0.37 | Q9: 5.05
A10: 45534.083 | B10: 9.15 | C10: 4.25 | D10: 14 | E10: 9.29 | F10: 10.54 | G10: 27.13 | H10: 8.56 | I10: 4.46 | J10: 0.24 | K10: 339.77 | L10: 25.71 | M10: 97.35 | N10: 2.2 | O10: 0 | P10: 0.41 | Q10: 5.04
A11: 45534.125 | B11: 9.21 | C11: 4.16 | D11: 14 | E11: 9.97 | F11: 9.58 | G11: 30.58 | H11: 9.7 | I11: 4.49 | J11: 0.51 | K11: 320.74 | L11: 25.38 | M11: 92.29 | N11: 2.7 | O11: 0 | P11: 0.44 | Q11: 5.04
A12: 45534.167 | B12: 9.24 | C12: 4.17 | D12: 14 | E12: 10 | F12: 8.93 | G12: 22.67 | H12: 9.14 | I12: 4.42 | J12: 0.25 | K12: 328.91 | L12: 24.83 | M12: 92.02 | N12: 2.2 | O12: 0 | P12: 0.42 | Q12: 5.04
A13: 45534.208 | B13: 9.26 | C13: 4.1 | D13: 14 | E13: 11.02 | F13: 8.02 | G13: 24.56 | H13: 10.39 | I13: 4.24 | J13: 0.46 | K13: 64.3 | L13: 24.77 | M13: 93.23 | N13: 2.2 | O13: 0 | P13: 0.44 | Q13: 5.04
A14: 45534.25 | B14: 9.24 | C14: 4.13 | D14: 14 | E14: 11.3 | F14: 7.54 | G14: 42.11 | H14: 12.1 | I14: 4.41 | J14: 0.45 | K14: 79.87 | L14: 24.71 | M14: 94.6 | N14: 13 | O14: 0 | P14: 0.47 | Q14: 5.04
A15: 45534.292 | B15: 9.25 | C15: 4.13 | D15: 14 | E15: 13.15 | F15: 8.05 | G15: 61.22 | H15: 16.04 | I15: 4.75 | J15: 0.98 | K15: 171.83 | L15: 25.16 | M15: 94.2 | N15: 61.8 | O15: 0 | P15: 0.51 | Q15: 5.04
A16: 45534.333 | B16: 9.27 | C16: 4.09 | D16: 14.01 | E16: 13.09 | F16: 9.09 | G16: 94.43 | H16: 22.06 | I16: 5.27 | J16: 1.15 | K16: 63.08 | L16: 26.43 | M16: 94.7 | N16: 106 | O16: 0 | P16: 0.51 | Q16: 5.05
A17: 45534.375 | B17: 9.25 | C17: 4.16 | D17: 14 | E17: 12.58 | F17: 10.11 | G17: 107.19 | H17: 25.2 | I17: 5.3 | J17: 0.53 | K17: 80.66 | L17: 28.39 | M17: 86.27 | N17: 198.8 | O17: 0 | P17: 0.47 | Q17: 5.04
A18: 45534.417 | B18: 9.21 | C18: 4.18 | D18: 14 | E18: 13.81 | F18: 14.55 | G18: 92.47 | H18: 22.88 | I18: 5.17 | J18: 0.41 | K18: 198.14 | L18: 29.27 | M18: 80.03 | N18: 233.3 | O18: 0 | P18: 0.48 | Q18: 5.05
A19: 45534.458 | B19: 9.18 | C19: 4.2 | D19: 14 | E19: 12.48 | F19: 16.73 | G19: 74.99 | H19: 22.57 | I19: 5.02 | J19: 0.26 | K19: 148.96 | L19: 30.34 | M19: 77.02 | N19: 254.5 | O19: 0 | P19: 0.44 | Q19: 5.03
A20: 45534.5 | B20: 9.19 | C20: 4.22 | D20: 14 | E20: 12.01 | F20: 15.99 | G20: 63.06 | H20: 19.46 | I20: 5 | J20: 0.57 | K20: 143.36 | L20: 32.33 | M20: 71.4 | N20: 843.1 | O20: 0 | P20: 0.5 | Q20: 5.05
... A32: 45535 | B32: 9.22 | C32: 4.16 | D32: 14 | E32: 12.52 | F32: 10.41 | G32: 128.36 | H32: 40.15 | I32: 7.18 | J32: 0.58 | K32: 66.4 | L32: 28.19 | M32: 85.63 | N32: 2.2 | O32: 0 | P32: 0.66 | Q32: 5.03
A34: Min | B34: =MIN(B9:B32) -> 9.15 | C34: =MIN(C9:C32) -> 4.08 | D34: =MIN(D9:D32) -> 14 | E34: =MIN(E9:E32) -> 8.43 | F34: =MIN(F9:F32) -> 7.54 | G34: =MIN(G9:G32) -> 22.67 | H34: =MIN(H9:H32) -> 8.56 | I34: =MIN(I9:I32) -> 4.2 | ... Q34: =MIN(Q9:Q32) -> 5.03
A35: Max | B35: =MAX(B9:B32) -> 9.28 | C35: =MAX(C9:C32) -> 4.25 | D35: =MAX(D9:D32) -> 14.02 | E35: =MAX(E9:E32) -> 13.81 | F35: =MAX(F9:F32) -> 20.46 | G35: =MAX(G9:G32) -> 128.36 | H35: =MAX(H9:H32) -> 40.15 | I35: =MAX(I9:I32) -> 7.18 | ... Q35: =MAX(Q9:Q32) -> 5.06
A36: Avg | B36: =AVERAGE(B9:B32) -> 9.2258333 | C36: =AVERAGE(C9:C32) -> 4.1645833 | D36: =AVERAGE(D9:D32) -> 14.002917 | E36: =AVERAGE(E9:E32) -> 11.5875 | F36: =AVERAGE(F9:F32) -> 12.947083 | G36: =AVERAGE(G9:G32) -> 63.72375 | H36: =AVERAGE(H9:H32) -> 20.536667 | I36: =AVERAGE(I9:I32) -> 4.9108333 | ... Q36: =AVERAGE(Q9:Q32) -> 5.0416667
A37: Stdev | B37: =STDEV(B9:B32) -> 0.03877658 | C37: =STDEV(C9:C32) -> 0.049076619 | D37: =STDEV(D9:D32) -> 0.0055003294 | E37: =STDEV(E9:E32) -> 1.2917136 | F37: =STDEV(F9:F32) -> 4.0535079 | G37: =STDEV(G9:G32) -> 29.62715 | H37: =STDEV(H9:H32) -> 8.5827454 | I37: =STDEV(I9:I32) -> 0.71808875 | ... Q37: =STDEV(Q9:Q32) -> 0.0076138699
A38: Num | B38: =COUNT(B9:B32) -> 24 | C38: =COUNT(C9:C32) -> 24 | D38: =COUNT(D9:D32) -> 24 | E38: =COUNT(E9:E32) -> 24 | F38: =COUNT(F9:F32) -> 24 | G38: =COUNT(G9:G32) -> 24 | H38: =COUNT(H9:H32) -> 24 | I38: =COUNT(I9:I32) -> 24 | ... Q38: =COUNT(Q9:Q32) -> 24
A39: DCR | B39: =IF(B38>=22,">90%",IF(B38<=22,"<90%")) -> >90% | C39: =IF(C38>=22,">90%",IF(C38<=22,"<90%")) -> >90% | D39: =IF(D38>=22,">90%",IF(D38<=22,"<90%")) -> >90% | E39: =IF(E38>=22,">90%",IF(E38<=22,"<90%")) -> >90% | F39: =IF(F38>=22,">90%",IF(F38<=22,"<90%")) -> >90% | G39: =IF(G38>=22,">90%",IF(G38<=22,"<90%")) -> >90% | H39: =IF(H38>=22,">90%",IF(H38<=22,"<90%")) -> >90% | I39: =IF(I38>=22,">90%",IF(I38<=22,"<90%")) -> >90% | ... Q39: =IF(Q38>=22,">90%",IF(Q38<=22,"<90%")) -> >90%
A40: Status | B40: =IF(B38>=22,"OK",IF(B38<=22,"LESS")) -> OK | C40: =IF(C38>=22,"OK",IF(C38<=22,"LESS")) -> OK | D40: =IF(D38>=22,"OK",IF(D38<=22,"LESS")) -> OK | E40: =IF(E38>=22,"OK",IF(E38<=22,"LESS")) -> OK | F40: =IF(F38>=22,"OK",IF(F38<=22,"LESS")) -> OK | G40: =IF(G38>=22,"OK",IF(G38<=22,"LESS")) -> OK | H40: =IF(H38>=22,"OK",IF(H38<=22,"LESS")) -> OK | I40: =IF(I38>=22,"OK",IF(I38<=22,"LESS")) -> OK | ... Q40: =IF(Q38>=22,"OK",IF(Q38<=22,"LESS")) -> OK
A43: Done by | B43: AKASH
A45: Comment

Sheet 31
A1: Station: | B1: IGKV ,RAIPUR
A2: Date: | B2: =$A$9 -> 45535.042 | D2: Power Off | G2: Pw.Off | L2: Link Fail | N2: Link F | P2: Maintenance | R2: Maint.
A3: Report Type: | B3: Mean | D3: Calibration | G3: Calib. | L3: Data Fail | N3: Data F | P3: Invalid | R3: Invalid
A4: Time Base: | B4: 01 Hour | D4: Zero Referrence | G4: Z.Ref | L4: Warm Up | N4: Wm. Up
A7: Date & Time | B7: NO | C7: NO2 | D7: NOX | E7: SO2 | F7: O3 | G7: PM 10 | H7: PM 2.5 | I7: BENZ | J7: WS | K7: WD | L7: TEMP | M7: HUM | N7: SR | O7: RG | P7: CO | Q7: NH3
B8: ug/m3 | C8: ug/m3 | D8: ppb | E8: ug/m3 | F8: ug/m3 | G8: ug/m3 | H8: ug/m3 | I8: ug/m3 | J8: m/sec | K8: deg | L8: degreC | M8: % | N8: w/m2 | O8: mm | P8: mg/m3 | Q8: ug/m3
A9: 45535.042 | B9: 9.29 | C9: 4.11 | D9: 14.05 | E9: 12.71 | F9: 14.23 | G9: 152.4 | H9: 41.1 | I9: 7.16 | J9: 0.79 | K9: 55.57 | L9: 28.03 | M9: 85.93 | N9: 2.4 | O9: 0 | P9: 0.63 | Q9: 5.04
A10: 45535.083 | B10: 9.27 | C10: 4.12 | D10: 14.03 | E10: 12.33 | F10: 13.75 | G10: 125.57 | H10: 38.32 | I10: 6.43 | J10: 0.95 | K10: 61.35 | L10: 27.67 | M10: 88.67 | N10: 2.5 | O10: 0 | P10: 0.56 | Q10: 5.04
A11: 45535.125 | B11: 9.28 | C11: 4.11 | D11: 14.04 | E11: 9.09 | F11: 12.86 | G11: 95.56 | H11: 37.17 | I11: 5.73 | J11: 1.17 | K11: 58.22 | L11: 27.16 | M11: 90.4 | N11: 2.4 | O11: 0 | P11: 0.47 | Q11: 5.03
A12: 45535.167 | B12: 9.3 | C12: 4.1 | D12: 14.04 | E12: 9.65 | F12: 9.54 | G12: 85.99 | H12: 28.55 | I12: 5.67 | J12: 0.76 | K12: 59.34 | L12: 26.98 | M12: 88.64 | N12: 2.4 | O12: 0 | P12: 0.41 | Q12: 5.04
A13: 45535.208 | B13: 9.31 | C13: 4.07 | D13: 14.03 | E13: 9.47 | F13: 8.98 | G13: 75.99 | H13: 22.46 | I13: 5.28 | J13: 0.78 | K13: 63.38 | L13: 26.94 | M13: 89.36 | N13: 2.4 | O13: 0 | P13: 0.35 | Q13: 5.07
A14: 45535.25 | B14: 9.28 | C14: 4.1 | D14: 14.03 | E14: 7.86 | F14: 8.82 | G14: 57.87 | H14: 23.82 | I14: 5.12 | J14: 0.66 | K14: 62.58 | L14: 26.54 | M14: 91.16 | N14: 12.4 | O14: 0 | P14: 0.34 | Q14: 5.05
A15: 45535.292 | B15: 9.27 | C15: 4.12 | D15: 14.01 | E15: 7.51 | F15: 9.15 | G15: 51.76 | H15: 18.54 | I15: 5.55 | J15: 1.01 | K15: 60.76 | L15: 27.49 | M15: 90.86 | N15: 48.3 | O15: 0 | P15: 0.43 | Q15: 5.04
A16: 45535.333 | B16: 9.26 | C16: 4.09 | D16: 14 | E16: 7.6 | F16: 9.55 | G16: 56.88 | H16: 18.03 | I16: 5.54 | J16: 1.28 | K16: 57.05 | L16: 28.9 | M16: 83.67 | N16: 201 | O16: 0 | P16: 0.42 | Q16: 5.05
A17: 45535.375 | B17: 9.27 | C17: 4.09 | D17: 14.02 | E17: 7.98 | F17: 10.08 | G17: 61.39 | H17: 19.63 | I17: 5.39 | J17: 1.07 | K17: 57.46 | L17: 30.36 | M17: 77.66 | N17: 310.4 | O17: 0 | P17: 0.41 | Q17: 5.04
A18: 45535.417 | B18: 9.26 | C18: 4.1 | D18: 14.01 | E18: 7.79 | F18: 12.36 | G18: 54.98 | H18: 19.64 | I18: 5.16 | J18: 1.05 | K18: 64.22 | L18: 31.51 | M18: 71.48 | N18: 610.5 | O18: 0 | P18: 0.41 | Q18: 5.04
A19: 45535.458 | B19: 9.27 | C19: 4.07 | D19: 14 | E19: 9.68 | F19: 14.34 | G19: 55.51 | H19: 16.3 | I19: 5.02 | J19: 1.28 | K19: 57.26 | L19: 31.86 | M19: 66.37 | N19: 406.3 | O19: 0 | P19: 0.4 | Q19: 5.04
A20: 45535.5 | B20: 9.34 | C20: 4.09 | D20: 14.07 | E20: 10.49 | F20: 16.82 | G20: 55.74 | H20: 15.86 | I20: 4.79 | J20: 1.27 | K20: 56.13 | L20: 32.09 | M20: 67.09 | N20: 603.3 | O20: 0 | P20: 0.38 | Q20: 5.03
... A32: 45536 | B32: 9.38 | C32: 4.06 | D32: 14.09 | E32: 10.52 | F32: 8.94 | G32: 71.65 | H32: 10.2 | I32: 5.79 | J32: 1.15 | K32: 53.62 | L32: 27.54 | M32: 91.74 | N32: 2.4 | O32: 0 | P32: 0.34 | Q32: 5.06
A34: Min | B34: =MIN(B9:B32) -> 9.26 | C34: =MIN(C9:C32) -> 4.06 | D34: =MIN(D9:D32) -> 14 | E34: =MIN(E9:E32) -> 6.87 | F34: =MIN(F9:F32) -> 8.82 | G34: =MIN(G9:G32) -> 19.18 | H34: =MIN(H9:H32) -> 0 | I34: =MIN(I9:I32) -> 4.79 | ... Q34: =MIN(Q9:Q32) -> 5.02
A35: Max | B35: =MAX(B9:B32) -> 10.96 | C35: =MAX(C9:C32) -> 4.17 | D35: =MAX(D9:D32) -> 14.97 | E35: =MAX(E9:E32) -> 12.71 | F35: =MAX(F9:F32) -> 19.46 | G35: =MAX(G9:G32) -> 152.4 | H35: =MAX(H9:H32) -> 41.1 | I35: =MAX(I9:I32) -> 12.43 | ... Q35: =MAX(Q9:Q32) -> 5.07
A36: Avg | B36: =AVERAGE(B9:B32) -> 9.4325 | C36: =AVERAGE(C9:C32) -> 4.0945833 | D36: =AVERAGE(D9:D32) -> 14.129167 | E36: =AVERAGE(E9:E32) -> 9.3 | F36: =AVERAGE(F9:F32) -> 12.505833 | G36: =AVERAGE(G9:G32) -> 64.822917 | H36: =AVERAGE(H9:H32) -> 17.297083 | I36: =AVERAGE(I9:I32) -> 6.4125 | ... Q36: =AVERAGE(Q9:Q32) -> 5.0429167
A37: Stdev | B37: =STDEV(B9:B32) -> 0.39362584 | C37: =STDEV(C9:C32) -> 0.022453656 | D37: =STDEV(D9:D32) -> 0.25993171 | E37: =STDEV(E9:E32) -> 1.5299076 | F37: =STDEV(F9:F32) -> 3.327886 | G37: =STDEV(G9:G32) -> 28.296718 | H37: =STDEV(H9:H32) -> 10.618532 | I37: =STDEV(I9:I32) -> 1.954358 | ... Q37: =STDEV(Q9:Q32) -> 0.012328534
A38: Num | B38: =COUNT(B9:B32) -> 24 | C38: =COUNT(C9:C32) -> 24 | D38: =COUNT(D9:D32) -> 24 | E38: =COUNT(E9:E32) -> 24 | F38: =COUNT(F9:F32) -> 24 | G38: =COUNT(G9:G32) -> 24 | H38: =COUNT(H9:H32) -> 24 | I38: =COUNT(I9:I32) -> 24 | ... Q38: =COUNT(Q9:Q32) -> 24
A39: DCR | B39: =IF(B38>=22,">90%",IF(B38<=22,"<90%")) -> >90% | C39: =IF(C38>=22,">90%",IF(C38<=22,"<90%")) -> >90% | D39: =IF(D38>=22,">90%",IF(D38<=22,"<90%")) -> >90% | E39: =IF(E38>=22,">90%",IF(E38<=22,"<90%")) -> >90% | F39: =IF(F38>=22,">90%",IF(F38<=22,"<90%")) -> >90% | G39: =IF(G38>=22,">90%",IF(G38<=22,"<90%")) -> >90% | H39: =IF(H38>=22,">90%",IF(H38<=22,"<90%")) -> >90% | I39: =IF(I38>=22,">90%",IF(I38<=22,"<90%")) -> >90% | ... Q39: =IF(Q38>=22,">90%",IF(Q38<=22,"<90%")) -> >90%
A40: Status | B40: =IF(B38>=22,"OK",IF(B38<=22,"LESS")) -> OK | C40: =IF(C38>=22,"OK",IF(C38<=22,"LESS")) -> OK | D40: =IF(D38>=22,"OK",IF(D38<=22,"LESS")) -> OK | E40: =IF(E38>=22,"OK",IF(E38<=22,"LESS")) -> OK | F40: =IF(F38>=22,"OK",IF(F38<=22,"LESS")) -> OK | G40: =IF(G38>=22,"OK",IF(G38<=22,"LESS")) -> OK | H40: =IF(H38>=22,"OK",IF(H38<=22,"LESS")) -> OK | I40: =IF(I38>=22,"OK",IF(I38<=22,"LESS")) -> OK | ... Q40: =IF(Q38>=22,"OK",IF(Q38<=22,"LESS")) -> OK
A43: Done by | B43: AKASH
A45: Comment

Sheet MONTHLY 31
A1: Station: | B1: IGKV, RAIPUR
A2: Date: | B2: =$A$9 -> 45505.042 | D2: Power Off | G2: Pw.Off | L2: Link Fail | N2: Link F | P2: Maintenance | R2: Maint.
A3: Report Type: | B3: Mean | D3: Calibration | G3: Calib. | L3: Data Fail | N3: Data F | P3: Invalid | R3: Invalid
A4: Time Base: | B4: 24 HRS | D4: Zero Referrence | G4: Z.Ref | L4: Warm Up | N4: Wm. Up
A7: Date & Time | B7: NO | C7: NO2 | D7: NOX | E7: SO2 | F7: O3 | G7: PM 10 | H7: PM 2.5 | I7: BENZ | J7: WS | K7: WD | L7: TEMP | M7: HUM | N7: SR | O7: RG | P7: CO | Q7: NH3
B8: ug/m3 | C8: ug/m3 | D8: ppb | E8: ug/m3 | F8: ug/m3 | G8: ug/m3 | H8: ug/m3 | I8: ug/m3 | J8: m/sec | K8: deg | L8: degreC | M8: % | N8: w/m2 | O8: mm | P8: mg/m3 | Q8: ug/m3
A9: ='01'!$B$2 -> 45505.042 | B9: ='01'!B36 -> 9.1983333 | C9: ='01'!C36 -> 4.1966667 | D9: ='01'!D36 -> 14 | E9: ='01'!E36 -> 10.563333 | F9: ='01'!F36 -> 4.83125 | G9: ='01'!G36 -> 20.59625 | H9: ='01'!H36 -> 10.121667 | I9: ='01'!I36 -> 3.7095833 | ... Q9: ='01'!Q36 -> 4.67
A10: ='02'!$B$2 -> 45506.042 | B10: ='02'!B36 -> 9.17875 | C10: ='02'!C36 -> 4.2370833 | D10: ='02'!D36 -> 14 | E10: ='02'!E36 -> 9.55125 | F10: ='02'!F36 -> 4.1929167 | G10: ='02'!G36 -> 15.429167 | H10: ='02'!H36 -> 6.88875 | I10: ='02'!I36 -> 3.1833333 | ... Q10: ='02'!Q36 -> 4.6695833
A11: ='03'!$B$2 -> 45507.042 | B11: ='03'!B36 -> 9.38375 | C11: ='03'!C36 -> 4.0933333 | D11: ='03'!D36 -> 14.106667 | E11: ='03'!E36 -> 10.005833 | F11: ='03'!F36 -> 4.0625 | G11: ='03'!G36 -> 8.0895833 | H11: ='03'!H36 -> 5.5708333 | I11: ='03'!I36 -> 2.9208333 | ... Q11: ='03'!Q36 -> 4.6695833
A12: ='04'!$B$2 -> 45508.042 | B12: ='04'!B36 -> 9.2845833 | C12: ='04'!C36 -> 4.10125 | D12: ='04'!D36 -> 14.022917 | E12: ='04'!E36 -> 10.05875 | F12: ='04'!F36 -> 4.6975 | G12: ='04'!G36 -> 13.479583 | H12: ='04'!H36 -> 9.52375 | I12: ='04'!I36 -> 2.8141667 | ... Q12: ='04'!Q36 -> 4.6695833
A13: ='05'!$B$2 -> 45509.042 | B13: ='05'!B36 -> 9.36625 | C13: ='05'!C36 -> 4.0866667 | D13: ='05'!D36 -> 14.089583 | E13: ='05'!E36 -> 10.5275 | F13: ='05'!F36 -> 6.1516667 | G13: ='05'!G36 -> 26.116667 | H13: ='05'!H36 -> 12.26 | I13: ='05'!I36 -> 3.8841667 | ... Q13: ='05'!Q36 -> 4.6725
A14: ='06'!$B$2 -> 45510.042 | B14: ='06'!B36 -> 9.2691667 | C14: ='06'!C36 -> 4.3766667 | D14: ='06'!D36 -> 14.1425 | E14: ='06'!E36 -> 8.4273913 | F14: ='06'!F36 -> 6.3182609 | G14: ='06'!G36 -> 33.323182 | H14: ='06'!H36 -> 11.489545 | I14: ='06'!I36 -> 6.1895833 | ... Q14: ='06'!Q36 -> 4.6725
A15: ='07'!$B$2 -> 45511.042 | B15: ='07'!B36 -> 8.4333333 | C15: ='07'!C36 -> 5.5245833 | D15: ='07'!D36 -> 14.04625 | E15: ='07'!E36 -> 9.6780952 | F15: ='07'!F36 -> 5.7558333 | G15: ='07'!G36 -> 27.995417 | H15: ='07'!H36 -> 13.369167 | I15: ='07'!I36 -> 5.9129167 | ... Q15: ='07'!Q36 -> 4.6133333
A16: ='08'!$B$2 -> 45512.042 | B16: ='08'!B36 -> 9.2725 | C16: ='08'!C36 -> 4.09 | D16: ='08'!D36 -> 14.011667 | E16: ='08'!E36 -> 9.79125 | F16: ='08'!F36 -> 6.9933333 | G16: ='08'!G36 -> 34.453333 | H16: ='08'!H36 -> 15.18 | I16: ='08'!I36 -> 6.7633333 | ... Q16: ='08'!Q36 -> 4.5808333
A17: ='09'!$B$2 -> 45513.042 | B17: ='09'!B36 -> 9.2175 | C17: ='09'!C36 -> 4.1591667 | D17: ='09'!D36 -> 14 | E17: ='09'!E36 -> 10.737917 | F17: ='09'!F36 -> 6.90125 | G17: ='09'!G36 -> 44.11625 | H17: ='09'!H36 -> 20.04 | I17: ='09'!I36 -> 5.3320833 | ... Q17: ='09'!Q36 -> 4.83375
A18: ='10'!$B$2 -> 45514.042 | B18: ='10'!B36 -> 9.1866667 | C18: ='10'!C36 -> 4.2095833 | D18: ='10'!D36 -> 14 | E18: ='10'!E36 -> 10.139583 | F18: ='10'!F36 -> 8.90875 | G18: ='10'!G36 -> 54.541667 | H18: ='10'!H36 -> 27.010417 | I18: ='10'!I36 -> 5.5341667 | ... Q18: ='10'!Q36 -> 4.5816667
A19: ='11'!$B$2 -> 45515.042 | B19: ='11'!B36 -> 9.315 | C19: ='11'!C36 -> 4.09 | D19: ='11'!D36 -> 14.047083 | E19: ='11'!E36 -> 10.9225 | F19: ='11'!F36 -> 8.4454167 | G19: ='11'!G36 -> 37.357917 | H19: ='11'!H36 -> 15.760833 | I19: ='11'!I36 -> 4.6125 | ... Q19: ='11'!Q36 -> 4.5845833
A20: ='12'!$B$2 -> 45516.042 | B20: ='12'!B36 -> 9.285 | C20: ='12'!C36 -> 4.09375 | D20: ='12'!D36 -> 14.024167 | E20: ='12'!E36 -> 10.52625 | F20: ='12'!F36 -> 9.7983333 | G20: ='12'!G36 -> 44.627083 | H20: ='12'!H36 -> 19.87375 | I20: ='12'!I36 -> 6.3354167 | ... Q20: ='12'!Q36 -> 4.5808333
A21: ='13'!$B$2 -> 45517.042 | B21: ='13'!B36 -> 9.195 | C21: ='13'!C36 -> 4.2154167 | D21: ='13'!D36 -> 14.000417 | E21: ='13'!E36 -> 9.7241667 | F21: ='13'!F36 -> 11.147083 | G21: ='13'!G36 -> 64.285417 | H21: ='13'!H36 -> 22.494583 | I21: ='13'!I36 -> 5.9383333 | ... Q21: ='13'!Q36 -> 4.5841667
A22: ='14'!$B$2 -> 45518.042 | B22: ='14'!B36 -> 9.3008333 | C22: ='14'!C36 -> 4.08625 | D22: ='14'!D36 -> 14.035417 | E22: ='14'!E36 -> 9.4979167 | F22: ='14'!F36 -> 10.3175 | G22: ='14'!G36 -> 64.0925 | H22: ='14'!H36 -> 20.08125 | I22: ='14'!I36 -> 7.5 | ... Q22: ='14'!Q36 -> 4.5979167
A23: ='15'!$B$2 -> 45519.042 | B23: ='15'!B36 -> 9.28375 | C23: ='15'!C36 -> 4.0916667 | D23: ='15'!D36 -> 14.025833 | E23: ='15'!E36 -> 12.187917 | F23: ='15'!F36 -> 7.69 | G23: ='15'!G36 -> 68.912917 | H23: ='15'!H36 -> 25.155833 | I23: ='15'!I36 -> 5.8316667 | ... Q23: ='15'!Q36 -> 4.58875
