Workbook

Sheet 01
A1: Station: | B1: BHATAGAON RAIPUR
A2: Date: | B2: =$A$9 -> 01/02/2025 00:15 | D2: Power Off | G2: Pw.Off | L2: Link Fail | N2: Link F | P2: Maintenance | R2: Maint.
A3: Report Type: | B3: Mean | D3: Calibration | G3: Calib. | L3: Data Fail | N3: Data F | P3: Invalid | R3: Invalid
A4: Time Base: | B4: 15 Min | D4: Zero Referrence | G4: Z.Ref | L4: Warm Up | N4: Wm. Up
A7: Date & Time | B7: NO_BHATAGAON | C7: NO2__BHATAGAON | D7: NOX_BHATAGAON | E7: SO2__BHATAGAON | F7: O3__BHATAGAON | G7: PM10__BHATAGAON | H7: PM2_5__BHATAGAON | I7: BENZ__BHATAGAON | J7: WS__BHATAGAON | K7: WD__BHATAGAON | L7: TEMP__BHATAGAON | M7: HUM__BHATAGAON | N7: SR__BHATAGAON | O7: RG__BHATAGAON | P7: CO__BHATAGAON | Q7: NH3__BHATAGAON
B8: ug/m3 | C8: ug/m3 | D8: ppb | E8: ug/m3 | F8: ug/m3 | G8: ug/m3 | H8: ug/m3 | I8: ug/m3 | J8: m/sec | K8: deg | L8: degreC | M8: % | N8: w/m2 | O8: mm | P8: mg/m3 | Q8: ug/m3
A9: 01/02/2025 00:15 | B9: 79.79 | C9: 54.29 | D9: 90.97 | E9: 6.37 | F9: 2.13 | G9: 115.85 | H9: 33.82 | I9: Invalid | J9: 0.57 | K9: 72.81 | L9: 17.68 | M9: 95.68 | N9: 78.8 | O9: 0 | P9: 1.31 | Q9: 9.79
A10: 01/02/2025 00:30 | B10: 78.84 | C10: 53.56 | D10: 89.83 | E10: 6.28 | F10: 2.13 | G10: 115.85 | H10: 33.82 | I10: Invalid | J10: 0.24 | K10: 52.38 | L10: 17.53 | M10: 96.59 | N10: 79 | O10: 0 | P10: 1.31 | Q10: 9.79
A11: 01/02/2025 00:45 | B11: 78 | C11: 52.58 | D11: 88.64 | E11: 6.92 | F11: 2.13 | G11: 115.85 | H11: 33.82 | I11: Invalid | J11: 0.55 | K11: 274.79 | L11: 17.37 | M11: 98.04 | N11: 78.8 | O11: 0 | P11: 1.28 | Q11: 9.79
A12: 01/02/2025 01:00 | B12: 77.39 | C12: 52.5 | D12: 88.11 | E12: 6.61 | F12: 2.13 | G12: 112.61 | H12: 32.47 | I12: Invalid | J12: 0.57 | K12: 299.02 | L12: 17.17 | M12: 99.85 | N12: 78.8 | O12: 0 | P12: 1.24 | Q12: 9.78
A13: 01/02/2025 01:15 | B13: 77.78 | C13: 50.37 | D13: 87.31 | E13: 6.78 | F13: 2.13 | G13: 108.73 | H13: 30.86 | I13: Invalid | J13: 0.62 | K13: 281.83 | L13: 16.99 | M13: 100.95 | N13: 78.6 | O13: 0 | P13: 1.29 | Q13: 9.78
A14: 01/02/2025 01:30 | B14: 78.05 | C14: 51.45 | D14: 88.1 | E14: 6.57 | F14: 2.13 | G14: 108.73 | H14: 30.86 | I14: Invalid | J14: 0.33 | K14: 267.98 | L14: 16.86 | M14: 102.16 | N14: 78.8 | O14: 0 | P14: 1.31 | Q14: 9.77
A15: 01/02/2025 01:45 | B15: 76.88 | C15: 49.53 | D15: 86.15 | E15: 6.89 | F15: 2.13 | G15: 108.73 | H15: 30.86 | I15: Invalid | J15: 0.31 | K15: 292.75 | L15: 16.77 | M15: 102.94 | N15: 78.7 | O15: 0 | P15: 1.28 | Q15: 9.79
A16: 01/02/2025 02:00 | B16: 75.1 | C16: 50.26 | D16: 85.11 | E16: 6.75 | F16: 2.13 | G16: 106.22 | H16: 31.45 | I16: Invalid | J16: 0.59 | K16: 346.53 | L16: 16.63 | M16: 104.29 | N16: 78.8 | O16: 0 | P16: 1.26 | Q16: 9.8
A17: 01/02/2025 02:15 | B17: 73.31 | C17: 50 | D17: 83.54 | E17: 6.55 | F17: 2.13 | G17: 103.22 | H17: 32.18 | I17: Invalid | J17: 0.35 | K17: 329.61 | L17: 16.49 | M17: 105.21 | N17: 78.5 | O17: 0 | P17: 1.25 | Q17: 9.81
A18: 01/02/2025 02:30 | B18: 71.17 | C18: 50.84 | D18: 82.26 | E18: 6.07 | F18: 2.13 | G18: 103.22 | H18: 32.18 | I18: Invalid | J18: 0.28 | K18: 258.47 | L18: 16.74 | M18: 104.17 | N18: 78.3 | O18: 0 | P18: 1.21 | Q18: 9.78
A19: 01/02/2025 02:45 | B19: 69.25 | C19: 48.38 | D19: 79.43 | E19: 6.19 | F19: 2.13 | G19: 103.22 | H19: 32.18 | I19: Invalid | J19: 0.22 | K19: 283.31 | L19: 16.64 | M19: 104.06 | N19: 78.6 | O19: 0 | P19: 1.19 | Q19: 9.78
A20: 01/02/2025 03:00 | B20: 67.01 | C20: 51.13 | D20: 79.07 | E20: 6.5 | F20: 2.13 | G20: 100.73 | H20: 31.58 | I20: Invalid | J20: 0.52 | K20: 277.27 | L20: 16.71 | M20: 101.99 | N20: 78.5 | O20: 0 | P20: 1.16 | Q20: 9.75
... A104: 01/02/2025 24:00 | B104: 107.1 | C104: 57.29 | D104: 114.45 | E104: 6.21 | F104: 2.13 | G104: 166.93 | H104: 40.04 | I104: Invalid | J104: 0.67 | K104: 302.77 | L104: 17.98 | M104: 79.06 | N104: 78.5 | O104: 0 | P104: 1.88 | Q104: 9.91
A106: Min | B106: =MIN(B9:B104) -> 3.25 | C106: =MIN(C9:C104) -> 46.27 | D106: =MIN(D9:D104) -> 26.36 | E106: =MIN(E9:E104) -> 5.03 | F106: =MIN(F9:F104) -> 2.13 | G106: =MIN(G9:G104) -> 39.61 | H106: =MIN(H9:H104) -> 17.98 | I106: =MIN(I9:I104) -> 0 | ... Q106: =MIN(Q9:Q104) -> 9.15
A107: Max | B107: =MAX(B9:B104) -> 107.1 | C107: =MAX(C9:C104) -> 64.84 | D107: =MAX(D9:D104) -> 114.65 | E107: =MAX(E9:E104) -> 8.57 | F107: =MAX(F9:F104) -> 2.13 | G107: =MAX(G9:G104) -> 191.05 | H107: =MAX(H9:H104) -> 42.09 | I107: =MAX(I9:I104) -> 0 | ... Q107: =MAX(Q9:Q104) -> 9.91
A108: Avg | B108: =AVERAGE(B9:B104) -> 44.4725 | C108: =AVERAGE(C9:C104) -> 54.015 | D108: =AVERAGE(D9:D104) -> 62.508333 | E108: =AVERAGE(E9:E104) -> 6.3905208 | F108: =AVERAGE(F9:F104) -> 2.13 | G108: =AVERAGE(G9:G104) -> 83.636354 | H108: =AVERAGE(H9:H104) -> 27.384792 | I108: =AVERAGE(I9:I104) -> #DIV/0! | ... Q108: =AVERAGE(Q9:Q104) -> 9.6017708
A109: Stdev | B109: =STDEV(B9:B104) -> 29.891747 | C109: =STDEV(C9:C104) -> 4.9786747 | D109: =STDEV(D9:D104) -> 24.053156 | E109: =STDEV(E9:E104) -> 0.80940052 | F109: =STDEV(F9:F104) -> 2.6785224e-15 | G109: =STDEV(G9:G104) -> 44.108563 | H109: =STDEV(H9:H104) -> 6.1186142 | I109: =STDEV(I9:I104) -> #DIV/0! | ... Q109: =STDEV(Q9:Q104) -> 0.19480081
A110: Num | B110: =COUNT(B9:B104) -> 96 | C110: =COUNT(C9:C104) -> 96 | D110: =COUNT(D9:D104) -> 96 | E110: =COUNT(E9:E104) -> 96 | F110: =COUNT(F9:F104) -> 96 | G110: =COUNT(G9:G104) -> 96 | H110: =COUNT(H9:H104) -> 96 | I110: =COUNT(I9:I104) -> 0 | ... Q110: =COUNT(Q9:Q104) -> 96
A111: DCR | B111: =IF(B110>=87,">90%",IF(B110<=87,"<90%")) -> >90% | C111: =IF(C110>=87,">90%",IF(C110<=87,"<90%")) -> >90% | D111: =IF(D110>=87,">90%",IF(D110<=87,"<90%")) -> >90% | E111: =IF(E110>=87,">90%",IF(E110<=87,"<90%")) -> >90% | F111: =IF(F110>=87,">90%",IF(F110<=87,"<90%")) -> >90% | G111: =IF(G110>=87,">90%",IF(G110<=87,"<90%")) -> >90% | H111: =IF(H110>=87,">90%",IF(H110<=87,"<90%")) -> >90% | I111: =IF(I110>=87,">90%",IF(I110<=87,"<90%")) -> <90% | ... Q111: =IF(Q110>=87,">90%",IF(Q110<=87,"<90%")) -> >90%
A112: Status | B112: =IF(B110>=87,"OK",IF(B110<=87,"LESS")) -> OK | C112: =IF(C110>=87,"OK",IF(C110<=87,"LESS")) -> OK | D112: =IF(D110>=87,"OK",IF(D110<=87,"LESS")) -> OK | E112: =IF(E110>=87,"OK",IF(E110<=87,"LESS")) -> OK | F112: =IF(F110>=87,"OK",IF(F110<=87,"LESS")) -> OK | G112: =IF(G110>=87,"OK",IF(G110<=87,"LESS")) -> OK | H112: =IF(H110>=87,"OK",IF(H110<=87,"LESS")) -> OK | I112: =IF(I110>=87,"OK",IF(I110<=87,"LESS")) -> LESS | ... Q112: =IF(Q110>=87,"OK",IF(Q110<=87,"LESS")) -> OK
A115: Done by | B115: RK
A117: Comment

Sheet 02
A1: Station: | B1: BHATAGAON RAIPUR
A2: Date: | B2: =$A$9 -> 02/02/2025 00:15 | D2: Power Off | G2: Pw.Off | L2: Link Fail | N2: Link F | P2: Maintenance | R2: Maint.
A3: Report Type: | B3: Mean | D3: Calibration | G3: Calib. | L3: Data Fail | N3: Data F | P3: Invalid | R3: Invalid
A4: Time Base: | B4: 15 Min | D4: Zero Referrence | G4: Z.Ref | L4: Warm Up | N4: Wm. Up
A7: Date & Time | B7: NO_BHATAGAON | C7: NO2__BHATAGAON | D7: NOX_BHATAGAON | E7: SO2__BHATAGAON | F7: O3__BHATAGAON | G7: PM10__BHATAGAON | H7: PM2_5__BHATAGAON | I7: BENZ__BHATAGAON | J7: WS__BHATAGAON | K7: WD__BHATAGAON | L7: TEMP__BHATAGAON | M7: HUM__BHATAGAON | N7: SR__BHATAGAON | O7: RG__BHATAGAON | P7: CO__BHATAGAON | Q7: NH3__BHATAGAON
B8: ug/m3 | C8: ug/m3 | D8: ppb | E8: ug/m3 | F8: ug/m3 | G8: ug/m3 | H8: ug/m3 | I8: ug/m3 | J8: m/sec | K8: deg | L8: degreC | M8: % | N8: w/m2 | O8: mm | P8: mg/m3 | Q8: ug/m3
A9: 02/02/2025 00:15 | B9: 106.68 | C9: 56.85 | D9: 113.88 | E9: 7.34 | F9: 2.13 | G9: 140.24 | H9: 37.59 | I9: Invalid | J9: 0.65 | K9: 307.18 | L9: 17.76 | M9: 82.39 | N9: 78.6 | O9: 0 | P9: 1.76 | Q9: 9.94
A10: 02/02/2025 00:30 | B10: 106.16 | C10: 51.32 | D10: 110.57 | E10: 6.71 | F10: 2.13 | G10: 140.24 | H10: 37.59 | I10: Invalid | J10: 0.64 | K10: 306.3 | L10: 17.52 | M10: 82.61 | N10: 78.7 | O10: 0 | P10: 1.7 | Q10: 9.97
A11: 02/02/2025 00:45 | B11: 104.97 | C11: 52.2 | D11: 110.07 | E11: 7.08 | F11: 2.13 | G11: 140.24 | H11: 37.59 | I11: Invalid | J11: 0.66 | K11: 299.6 | L11: 17.25 | M11: 83.38 | N11: 78.6 | O11: 0 | P11: 1.69 | Q11: 9.95
A12: 02/02/2025 01:00 | B12: 103.79 | C12: 52.34 | D12: 109.2 | E12: 6.88 | F12: 2.13 | G12: 144.42 | H12: 39.16 | I12: Invalid | J12: 0.26 | K12: 267.38 | L12: 16.97 | M12: 84.92 | N12: 78.7 | O12: 0 | P12: 1.7 | Q12: 9.91
A13: 02/02/2025 01:15 | B13: 102.47 | C13: 52.53 | D13: 108.24 | E13: 6.55 | F13: 2.13 | G13: 149.43 | H13: 41.03 | I13: Invalid | J13: 0.62 | K13: 279.85 | L13: 16.74 | M13: 87.51 | N13: 78.6 | O13: 0 | P13: 1.46 | Q13: 9.91
A14: 02/02/2025 01:30 | B14: 100.78 | C14: 52.13 | D14: 106.68 | E14: 6.54 | F14: 2.13 | G14: 149.43 | H14: 41.03 | I14: Invalid | J14: 0.59 | K14: 281.12 | L14: 16.71 | M14: 87.19 | N14: 78.3 | O14: 0 | P14: 1.41 | Q14: 9.9
A15: 02/02/2025 01:45 | B15: 98.87 | C15: 51.45 | D15: 104.79 | E15: 6.74 | F15: 2.13 | G15: 149.43 | H15: 41.03 | I15: Invalid | J15: 0.65 | K15: 304 | L15: 16.71 | M15: 87.78 | N15: 78.4 | O15: 0 | P15: 1.41 | Q15: 9.9
A16: 02/02/2025 02:00 | B16: 96.67 | C16: 51.61 | D16: 103.11 | E16: 6.48 | F16: 2.13 | G16: 133.1 | H16: 34.85 | I16: Invalid | J16: 0.63 | K16: 298.36 | L16: 16.52 | M16: 87.97 | N16: 78.6 | O16: 0 | P16: 1.32 | Q16: 9.89
A17: 02/02/2025 02:15 | B17: 94.8 | C17: 49.08 | D17: 100.29 | E17: 6.42 | F17: 2.13 | G17: 113.58 | H17: 26.67 | I17: Invalid | J17: 0.17 | K17: 290.94 | L17: 16.53 | M17: 86.11 | N17: 78.2 | O17: 0 | P17: 1.49 | Q17: 9.9
A18: 02/02/2025 02:30 | B18: 91.38 | C18: 49.44 | D18: 97.74 | E18: 6.16 | F18: 2.13 | G18: 113.58 | H18: 26.67 | I18: Invalid | J18: 0.56 | K18: 159.47 | L18: 17.21 | M18: 76.75 | N18: 77.3 | O18: 0 | P18: 1.48 | Q18: 9.91
A19: 02/02/2025 02:45 | B19: 86.8 | C19: 50.01 | D19: 94.36 | E19: 5.95 | F19: 2.13 | G19: 113.58 | H19: 26.67 | I19: Invalid | J19: 0.2 | K19: 283.8 | L19: 17.37 | M19: 74.15 | N19: 78.5 | O19: 0 | P19: 1.39 | Q19: 9.89
A20: 02/02/2025 03:00 | B20: 82.08 | C20: 50.07 | D20: 90.6 | E20: 5.26 | F20: 2.13 | G20: 97.66 | H20: 21.81 | I20: Invalid | J20: 0.67 | K20: 309.59 | L20: 16.95 | M20: 77.8 | N20: 78.8 | O20: 0 | P20: 1.37 | Q20: 9.89
... A64: 02/02/2025 14:00 | B64: 7.01 | C64: 64.59 | D64: 37.99 | E64: 5.39 | F64: 2.13 | G64: 54.79 | H64: 43.29 | I64: Invalid | J64: 0.51 | K64: 220.91 | L64: 29.97 | M64: 33.48 | N64: 517.6 | O64: 0 | P64: 0.68 | Q64: 9.51
A65: 02/02/2025 14:15 | B65: 6.09 | C65: 63.18 | D65: 36.52 | E65: 5.57 | F65: 2.13 | G65: 47.04 | H65: Data F | I65: Invalid | J65: 0.68 | K65: 283.65 | L65: 29.68 | M65: 33.49 | N65: 478.7 | O65: 0 | P65: 0.73 | Q65: 9.49
A66: 02/02/2025 14:30 | B66: 5.25 | C66: 61.95 | D66: 35.2 | E66: 5.51 | F66: 2.13 | G66: 47.04 | H66: Data F | I66: Invalid | J66: 0.78 | K66: 298.57 | L66: 29.9 | M66: 33.82 | N66: 359.9 | O66: 0 | P66: 0.66 | Q66: 9.49
A67: 02/02/2025 14:45 | B67: 4.78 | C67: 62.53 | D67: 35.13 | E67: 5.56 | F67: 2.13 | G67: 47.04 | H67: Data F | I67: Invalid | J67: 0.66 | K67: 244.23 | L67: 29.11 | M67: 32.47 | N67: 224.6 | O67: 0 | P67: 0.69 | Q67: 9.48
A68: 02/02/2025 15:00 | B68: 4.16 | C68: 62.17 | D68: 34.44 | E68: 5.51 | F68: 2.13 | G68: 44.36 | H68: 18.69 | I68: Invalid | J68: 0.58 | K68: 292.86 | L68: 29 | M68: 34.35 | N68: 216.7 | O68: 0 | P68: 0.64 | Q68: 9.45
A69: 02/02/2025 15:15 | B69: 3.81 | C69: 60.06 | D69: 33.05 | E69: 5.48 | F69: 2.13 | G69: 41.15 | H69: 41.02 | I69: Invalid | J69: 0.93 | K69: 299.87 | L69: 28.66 | M69: 35.47 | N69: 228.5 | O69: 0 | P69: 0.63 | Q69: 9.41
A70: 02/02/2025 15:30 | B70: 3.5 | C70: 59.94 | D70: 32.74 | E70: 5.32 | F70: 2.13 | G70: 41.15 | H70: 41.02 | I70: Invalid | J70: 0.76 | K70: 287.46 | L70: 28.64 | M70: 34.04 | N70: 186.2 | O70: 0 | P70: 0.63 | Q70: 9.39
A71: 02/02/2025 15:45 | B71: 3.3 | C71: 59.11 | D71: 32.16 | E71: 5.46 | F71: 2.16 | G71: 41.15 | H71: 41.02 | I71: Invalid | J71: 0.7 | K71: 279.26 | L71: 28.39 | M71: 33.87 | N71: 152.9 | O71: 0 | P71: 0.61 | Q71: 9.38
A72: 02/02/2025 16:00 | B72: 3.15 | C72: 57.95 | D72: 31.43 | E72: 5.67 | F72: 2.22 | G72: 43.16 | H72: 38.68 | I72: Invalid | J72: 0.77 | K72: 280.16 | L72: 28.16 | M72: 34.06 | N72: 136.9 | O72: 0 | P72: 0.6 | Q72: 9.36
A73: 02/02/2025 16:15 | B73: 3.05 | C73: 57.85 | D73: 31.3 | E73: 6.14 | F73: 2.22 | G73: 45.56 | H73: 35.88 | I73: Invalid | J73: 0.78 | K73: 277.34 | L73: 27.91 | M73: 33.79 | N73: 129.8 | O73: 0 | P73: 0.61 | Q73: 9.36
A74: 02/02/2025 16:30 | B74: 3.07 | C74: 57.28 | D74: 31.01 | E74: 6.4 | F74: 2.14 | G74: 45.56 | H74: 35.88 | I74: Invalid | J74: 0.51 | K74: 277.43 | L74: 27.72 | M74: 33.36 | N74: 123.4 | O74: 0 | P74: 0.62 | Q74: 9.34
A75: 02/02/2025 16:45 | B75: 3.23 | C75: 58.21 | D75: 31.63 | E75: 6.61 | F75: 2.13 | G75: 45.56 | H75: 35.88 | I75: Invalid | J75: 0.35 | K75: 272.35 | L75: 27.45 | M75: 33.65 | N75: 116.8 | O75: 0 | P75: 0.63 | Q75: 9.35
A76: 02/02/2025 17:00 | B76: 3.35 | C76: 56.91 | D76: 31.05 | E76: 6.33 | F76: 2.31 | G76: 47.34 | H76: 27.74 | I76: Invalid | J76: 0.26 | K76: 300.27 | L76: 27.12 | M76: 34.69 | N76: 111.1 | O76: 0 | P76: 0.67 | Q76: 9.35
A77: 02/02/2025 17:15 | B77: 3.58 | C77: 55.01 | D77: 30.23 | E77: 5.92 | F77: 2.13 | G77: 49.47 | H77: 18.01 | I77: Invalid | J77: 0.62 | K77: 309.99 | L77: 26.87 | M77: 36.64 | N77: 102.8 | O77: 0 | P77: 0.73 | Q77: 9.34
A78: 02/02/2025 17:30 | B78: 4.34 | C78: 55.64 | D78: 31.17 | E78: 5.92 | F78: 2.13 | G78: 49.47 | H78: 18.01 | I78: Invalid | J78: 0.88 | K78: 295.96 | L78: 26.45 | M78: 38.77 | N78: 95 | O78: 0 | P78: 0.66 | Q78: 9.35
A79: 02/02/2025 17:45 | B79: 4.99 | C79: 55.84 | D79: 31.8 | E79: 5.91 | F79: 2.13 | G79: 49.47 | H79: 18.01 | I79: Invalid | J79: 1.13 | K79: 309.52 | L79: 25.82 | M79: 40.21 | N79: 88.1 | O79: 0 | P79: 0.67 | Q79: 9.38
... A104: 02/02/2025 24:00 | B104: 60.58 | C104: 58.75 | D104: 77.9 | E104: 6.02 | F104: 2.13 | G104: 105.64 | H104: 34.21 | I104: Invalid | J104: 0.41 | K104: 340.66 | L104: 18.56 | M104: 76.53 | N104: 80.6 | O104: 0 | P104: 1.19 | Q104: 9.71
A106: Min | B106: =MIN(B9:B104) -> 3.05 | C106: =MIN(C9:C104) -> 46.74 | D106: =MIN(D9:D104) -> 30.23 | E106: =MIN(E9:E104) -> 5.2 | F106: =MIN(F9:F104) -> 2.13 | G106: =MIN(G9:G104) -> 41.15 | H106: =MIN(H9:H104) -> 5.51 | I106: =MIN(I9:I104) -> 0 | ... Q106: =MIN(Q9:Q104) -> 9.34
A107: Max | B107: =MAX(B9:B104) -> 106.68 | C107: =MAX(C9:C104) -> 71.75 | D107: =MAX(D9:D104) -> 113.88 | E107: =MAX(E9:E104) -> 7.78 | F107: =MAX(F9:F104) -> 2.31 | G107: =MAX(G9:G104) -> 149.43 | H107: =MAX(H9:H104) -> 75.33 | I107: =MAX(I9:I104) -> 0 | ... Q107: =MAX(Q9:Q104) -> 9.97
A108: Avg | B108: =AVERAGE(B9:B104) -> 42.412708 | C108: =AVERAGE(C9:C104) -> 56.769687 | D108: =AVERAGE(D9:D104) -> 62.295312 | E108: =AVERAGE(E9:E104) -> 6.1725 | F108: =AVERAGE(F9:F104) -> 2.1341667 | G108: =AVERAGE(G9:G104) -> 80.960104 | H108: =AVERAGE(H9:H104) -> 31.241183 | I108: =AVERAGE(I9:I104) -> #DIV/0! | ... Q108: =AVERAGE(Q9:Q104) -> 9.6358333
A109: Stdev | B109: =STDEV(B9:B104) -> 31.966574 | C109: =STDEV(C9:C104) -> 6.0183394 | D109: =STDEV(D9:D104) -> 23.507075 | E109: =STDEV(E9:E104) -> 0.67227814 | F109: =STDEV(F9:F104) -> 0.022462444 | G109: =STDEV(G9:G104) -> 26.222251 | H109: =STDEV(H9:H104) -> 17.544535 | I109: =STDEV(I9:I104) -> #DIV/0! | ... Q109: =STDEV(Q9:Q104) -> 0.17153589
A110: Num | B110: =COUNT(B9:B104) -> 96 | C110: =COUNT(C9:C104) -> 96 | D110: =COUNT(D9:D104) -> 96 | E110: =COUNT(E9:E104) -> 96 | F110: =COUNT(F9:F104) -> 96 | G110: =COUNT(G9:G104) -> 96 | H110: =COUNT(H9:H104)+3 -> 96 | I110: =COUNT(I9:I104) -> 0 | J110: =COUNT(J9:J104) -> 96 | K110: =COUNT(K9:K104) -> 96 | L110: =COUNT(L9:L104) -> 96 | M110: =COUNT(M9:M104) -> 96 | N110: =COUNT(N9:N104) -> 96 | O110: =COUNT(O9:O104) -> 96 | P110: =COUNT(P9:P104) -> 96 | Q110: =COUNT(Q9:Q104) -> 96
A111: DCR | B111: =IF(B110>=87,">90%",IF(B110<=87,"<90%")) -> >90% | C111: =IF(C110>=87,">90%",IF(C110<=87,"<90%")) -> >90% | D111: =IF(D110>=87,">90%",IF(D110<=87,"<90%")) -> >90% | E111: =IF(E110>=87,">90%",IF(E110<=87,"<90%")) -> >90% | F111: =IF(F110>=87,">90%",IF(F110<=87,"<90%")) -> >90% | G111: =IF(G110>=87,">90%",IF(G110<=87,"<90%")) -> >90% | H111: =IF(H110>=87,">90%",IF(H110<=87,"<90%")) -> >90% | J111: =IF(J110>=87,">90%",IF(J110<=87,"<90%")) -> >90% | K111: =IF(K110>=87,">90%",IF(K110<=87,"<90%")) -> >90% | L111: =IF(L110>=87,">90%",IF(L110<=87,"<90%")) -> >90% | M111: =IF(M110>=87,">90%",IF(M110<=87,"<90%")) -> >90% | N111: =IF(N110>=87,">90%",IF(N110<=87,"<90%")) -> >90% | O111: =IF(O110>=87,">90%",IF(O110<=87,"<90%")) -> >90% | P111: =IF(P110>=87,">90%",IF(P110<=87,"<90%")) -> >90% | Q111: =IF(Q110>=87,">90%",IF(Q110<=87,"<90%")) -> >90%
A112: Status | B112: =IF(B110>=87,"OK",IF(B110<=87,"LESS")) -> OK | C112: =IF(C110>=87,"OK",IF(C110<=87,"LESS")) -> OK | D112: =IF(D110>=87,"OK",IF(D110<=87,"LESS")) -> OK | E112: =IF(E110>=87,"OK",IF(E110<=87,"LESS")) -> OK | F112: =IF(F110>=87,"OK",IF(F110<=87,"LESS")) -> OK | G112: =IF(G110>=87,"OK",IF(G110<=87,"LESS")) -> OK | H112: =IF(H110>=87,"OK",IF(H110<=87,"LESS")) -> OK | I112: =IF(I110>=87,"OK",IF(I110<=87,"LESS")) -> LESS | ... Q112: =IF(Q110>=87,"OK",IF(Q110<=87,"LESS")) -> OK
A115: Done by | B115: RK
A117: Comment

Sheet 03
A1: Station: | B1: BHATAGAON RAIPUR
A2: Date: | B2: =$A$9 -> 03/02/2025 00:15 | D2: Power Off | G2: Pw.Off | L2: Link Fail | N2: Link F | P2: Maintenance | R2: Maint.
A3: Report Type: | B3: Mean | D3: Calibration | G3: Calib. | L3: Data Fail | N3: Data F | P3: Invalid | R3: Invalid
A4: Time Base: | B4: 15 Min | D4: Zero Referrence | G4: Z.Ref | L4: Warm Up | N4: Wm. Up
A7: Date & Time | B7: NO_BHATAGAON | C7: NO2__BHATAGAON | D7: NOX_BHATAGAON | E7: SO2__BHATAGAON | F7: O3__BHATAGAON | G7: PM10__BHATAGAON | H7: PM2_5__BHATAGAON | I7: BENZ__BHATAGAON | J7: WS__BHATAGAON | K7: WD__BHATAGAON | L7: TEMP__BHATAGAON | M7: HUM__BHATAGAON | N7: SR__BHATAGAON | O7: RG__BHATAGAON | P7: CO__BHATAGAON | Q7: NH3__BHATAGAON
B8: ug/m3 | C8: ug/m3 | D8: ppb | E8: ug/m3 | F8: ug/m3 | G8: ug/m3 | H8: ug/m3 | I8: ug/m3 | J8: m/sec | K8: deg | L8: degreC | M8: % | N8: w/m2 | O8: mm | P8: mg/m3 | Q8: ug/m3
A9: 03/02/2025 00:15 | B9: 62.67 | C9: 60.41 | D9: 80.44 | E9: 6.45 | F9: 2.13 | G9: 103.12 | H9: 35.04 | I9: Invalid | J9: 0.62 | K9: 305.7 | L9: 18.52 | M9: 78.04 | N9: 80.3 | O9: 0 | P9: 1.21 | Q9: 9.7
A10: 03/02/2025 00:30 | B10: 62.67 | C10: 58.73 | D10: 79.56 | E10: 6.27 | F10: 2.13 | G10: 103.12 | H10: 35.04 | I10: Invalid | J10: 0.59 | K10: 344.83 | L10: 18.79 | M10: 72.78 | N10: 80.4 | O10: 0 | P10: 1.16 | Q10: 9.74
A11: 03/02/2025 00:45 | B11: 61.52 | C11: 59.09 | D11: 78.83 | E11: 5.94 | F11: 2.14 | G11: 103.12 | H11: 35.04 | I11: Invalid | J11: 0.98 | K11: 322.73 | L11: 18.88 | M11: 70.2 | N11: 79.6 | O11: 0 | P11: 1.16 | Q11: 9.76
A12: 03/02/2025 01:00 | B12: 59.65 | C12: 58.95 | D12: 77.26 | E12: 5.76 | F12: 2.13 | G12: 104 | H12: 35.21 | I12: Invalid | J12: 0.93 | K12: 335.34 | L12: 19.04 | M12: 71.01 | N12: 80.6 | O12: 0 | P12: 1.16 | Q12: 9.76
A13: 03/02/2025 01:15 | B13: 57.64 | C13: 58.06 | D13: 75.18 | E13: 6.57 | F13: 2.13 | G13: 105.04 | H13: 35.42 | I13: Invalid | J13: 0.37 | K13: 355.33 | L13: 18.94 | M13: 68.48 | N13: 81.1 | O13: 0 | P13: 1.05 | Q13: 9.76
A14: 03/02/2025 01:30 | B14: 55.84 | C14: 53.08 | D14: 71.13 | E14: 5.89 | F14: 2.13 | G14: 105.04 | H14: 35.42 | I14: Invalid | J14: 0.45 | K14: 309.08 | L14: 18.68 | M14: 69.92 | N14: 80.8 | O14: 0 | P14: 1.02 | Q14: 9.76
A15: 03/02/2025 01:45 | B15: 54.34 | C15: 52.82 | D15: 69.8 | E15: 5.88 | F15: 2.13 | G15: 105.04 | H15: 35.42 | I15: Invalid | J15: 0.67 | K15: 315.03 | L15: 18.28 | M15: 73.54 | N15: 80.8 | O15: 0 | P15: 1.05 | Q15: 9.75
A16: 03/02/2025 02:00 | B16: 53.48 | C16: 52.81 | D16: 69.1 | E16: 6.04 | F16: 2.13 | G16: 107.64 | H16: 37.38 | I16: Invalid | J16: 0.64 | K16: 314.56 | L16: 18.14 | M16: 72.29 | N16: 80.4 | O16: 0 | P16: 1.03 | Q16: 9.74
A17: 03/02/2025 02:15 | B17: 52.4 | C17: 52.73 | D17: 68.2 | E17: 6.02 | F17: 2.13 | G17: 110.75 | H17: 39.72 | I17: Invalid | J17: 0.62 | K17: 298.7 | L17: 18.16 | M17: 71.24 | N17: 80.8 | O17: 0 | P17: 0.99 | Q17: 9.72
A18: 03/02/2025 02:30 | B18: 51.06 | C18: 52.45 | D18: 66.97 | E18: 6.41 | F18: 2.13 | G18: 110.75 | H18: 39.72 | I18: Invalid | J18: 0.94 | K18: 337.37 | L18: 17.97 | M18: 74.48 | N18: 80.6 | O18: 0 | P18: 1.04 | Q18: 9.71
A19: 03/02/2025 02:45 | B19: 49.83 | C19: 51.97 | D19: 65.74 | E19: 6.32 | F19: 2.13 | G19: 110.75 | H19: 39.72 | I19: Invalid | J19: 0.59 | K19: 320.56 | L19: 17.71 | M19: 74.72 | N19: 81.2 | O19: 0 | P19: 1.07 | Q19: 9.69
A20: 03/02/2025 03:00 | B20: 48.61 | C20: 51.64 | D20: 64.58 | E20: 6.46 | F20: 2.13 | G20: 117.52 | H20: 43.75 | I20: Invalid | J20: 0.64 | K20: 267.24 | L20: 17.58 | M20: 75.95 | N20: 81 | O20: 0 | P20: 1.05 | Q20: 9.68
... A104: 03/02/2025 24:00 | B104: 131.62 | C104: 60.66 | D104: 135.87 | E104: 7.4 | F104: 2.13 | G104: 142.37 | H104: 40.88 | I104: Invalid | J104: 0.36 | K104: 88.08 | L104: 19.1 | M104: 84.39 | N104: 75 | O104: 0 | P104: 2.06 | Q104: 10.09
A106: Min | B106: =MIN(B9:B104) -> 3.43 | C106: =MIN(C9:C104) -> 45.93 | D106: =MIN(D9:D104) -> 33.29 | E106: =MIN(E9:E104) -> 5.45 | F106: =MIN(F9:F104) -> 2.13 | G106: =MIN(G9:G104) -> 63.3 | H106: =MIN(H9:H104) -> 3.29 | I106: =MIN(I9:I104) -> 0 | ... Q106: =MIN(Q9:Q104) -> 9.46
A107: Max | B107: =MAX(B9:B104) -> 131.62 | C107: =MAX(C9:C104) -> 69.91 | D107: =MAX(D9:D104) -> 135.87 | E107: =MAX(E9:E104) -> 8.87 | F107: =MAX(F9:F104) -> 2.45 | G107: =MAX(G9:G104) -> 185.53 | H107: =MAX(H9:H104) -> 72.82 | I107: =MAX(I9:I104) -> 0 | ... Q107: =MAX(Q9:Q104) -> 10.09
A108: Avg | B108: =AVERAGE(B9:B104) -> 40.322396 | C108: =AVERAGE(C9:C104) -> 59.2075 | D108: =AVERAGE(D9:D104) -> 61.892812 | E108: =AVERAGE(E9:E104) -> 6.6751042 | F108: =AVERAGE(F9:F104) -> 2.1436458 | G108: =AVERAGE(G9:G104) -> 102.3124 | H108: =AVERAGE(H9:H104) -> 36.736146 | I108: =AVERAGE(I9:I104) -> #DIV/0! | ... Q108: =AVERAGE(Q9:Q104) -> 9.6610417
A109: Stdev | B109: =STDEV(B9:B104) -> 29.88761 | C109: =STDEV(C9:C104) -> 7.5253244 | D109: =STDEV(D9:D104) -> 23.632593 | E109: =STDEV(E9:E104) -> 0.83953244 | F109: =STDEV(F9:F104) -> 0.048560755 | G109: =STDEV(G9:G104) -> 30.117447 | H109: =STDEV(H9:H104) -> 13.586743 | I109: =STDEV(I9:I104) -> #DIV/0! | ... Q109: =STDEV(Q9:Q104) -> 0.12904083
A110: Num | B110: =COUNT(B9:B104) -> 96 | C110: =COUNT(C9:C104) -> 96 | D110: =COUNT(D9:D104) -> 96 | E110: =COUNT(E9:E104) -> 96 | F110: =COUNT(F9:F104) -> 96 | G110: =COUNT(G9:G104) -> 96 | H110: =COUNT(H9:H104) -> 96 | I110: =COUNT(I9:I104) -> 0 | ... Q110: =COUNT(Q9:Q104) -> 96
A111: DCR | B111: =IF(B110>=87,">90%",IF(B110<=87,"<90%")) -> >90% | C111: =IF(C110>=87,">90%",IF(C110<=87,"<90%")) -> >90% | D111: =IF(D110>=87,">90%",IF(D110<=87,"<90%")) -> >90% | E111: =IF(E110>=87,">90%",IF(E110<=87,"<90%")) -> >90% | F111: =IF(F110>=87,">90%",IF(F110<=87,"<90%")) -> >90% | G111: =IF(G110>=87,">90%",IF(G110<=87,"<90%")) -> >90% | H111: =IF(H110>=87,">90%",IF(H110<=87,"<90%")) -> >90% | I111: =IF(I110>=87,">90%",IF(I110<=87,"<90%")) -> <90% | ... Q111: =IF(Q110>=87,">90%",IF(Q110<=87,"<90%")) -> >90%
A112: Status | B112: =IF(B110>=87,"OK",IF(B110<=87,"LESS")) -> OK | C112: =IF(C110>=87,"OK",IF(C110<=87,"LESS")) -> OK | D112: =IF(D110>=87,"OK",IF(D110<=87,"LESS")) -> OK | E112: =IF(E110>=87,"OK",IF(E110<=87,"LESS")) -> OK | F112: =IF(F110>=87,"OK",IF(F110<=87,"LESS")) -> OK | G112: =IF(G110>=87,"OK",IF(G110<=87,"LESS")) -> OK | H112: =IF(H110>=87,"OK",IF(H110<=87,"LESS")) -> OK | I112: =IF(I110>=87,"OK",IF(I110<=87,"LESS")) -> LESS | ... Q112: =IF(Q110>=87,"OK",IF(Q110<=87,"LESS")) -> OK
A115: Done by | B115: RK
A117: Comment

Sheet 04
A1: Station: | B1: BHATAGAON RAIPUR
A2: Date: | B2: =$A$9 -> 04/02/2025 00:15 | D2: Power Off | G2: Pw.Off | L2: Link Fail | N2: Link F | P2: Maintenance | R2: Maint.
A3: Report Type: | B3: Mean | D3: Calibration | G3: Calib. | L3: Data Fail | N3: Data F | P3: Invalid | R3: Invalid
A4: Time Base: | B4: 15 Min | D4: Zero Referrence | G4: Z.Ref | L4: Warm Up | N4: Wm. Up
A7: Date & Time | B7: NO_BHATAGAON | C7: NO2__BHATAGAON | D7: NOX_BHATAGAON | E7: SO2__BHATAGAON | F7: O3__BHATAGAON | G7: PM10__BHATAGAON | H7: PM2_5__BHATAGAON | I7: BENZ__BHATAGAON | J7: WS__BHATAGAON | K7: WD__BHATAGAON | L7: TEMP__BHATAGAON | M7: HUM__BHATAGAON | N7: SR__BHATAGAON | O7: RG__BHATAGAON | P7: CO__BHATAGAON | Q7: NH3__BHATAGAON
B8: ug/m3 | C8: ug/m3 | D8: ppb | E8: ug/m3 | F8: ug/m3 | G8: ug/m3 | H8: ug/m3 | I8: ug/m3 | J8: m/sec | K8: deg | L8: degreC | M8: % | N8: w/m2 | O8: mm | P8: mg/m3 | Q8: ug/m3
A9: 04/02/2025 00:15 | B9: 137.41 | C9: 58.86 | D9: 139.57 | E9: 9.44 | F9: 2.13 | G9: 138.24 | H9: 38.56 | I9: Invalid | J9: 0.71 | K9: 342.38 | L9: 18.93 | M9: 89.34 | N9: 75 | O9: 0 | P9: 2.03 | Q9: 10.11
A10: 04/02/2025 00:30 | B10: 139.7 | C10: 58.7 | D10: 141.32 | E10: 9.46 | F10: 2.13 | G10: 138.24 | H10: 38.56 | I10: Invalid | J10: 0.37 | K10: 51 | L10: 19.11 | M10: 84.84 | N10: 74.3 | O10: 0 | P10: 2.14 | Q10: 10.16
A11: 04/02/2025 00:45 | B11: 136.58 | C11: 58.61 | D11: 138.77 | E11: 9.32 | F11: 2.13 | G11: 138.24 | H11: 38.56 | I11: Invalid | J11: 0.43 | K11: 4.23 | L11: 19.67 | M11: 74.66 | N11: 74.8 | O11: 0 | P11: 2.08 | Q11: 10.21
A12: 04/02/2025 01:00 | B12: 132.3 | C12: 57.58 | D12: 134.8 | E12: 8.95 | F12: 2.13 | G12: 140.21 | H12: 38.1 | I12: Invalid | J12: 0.56 | K12: 269.37 | L12: 19.32 | M12: 77.63 | N12: 75.3 | O12: 0 | P12: 2.1 | Q12: 10.21
A13: 04/02/2025 01:15 | B13: 127.91 | C13: 58.64 | D13: 131.83 | E13: 8.68 | F13: 2.13 | G13: 142.57 | H13: 37.55 | I13: Invalid | J13: 0.61 | K13: 291.33 | L13: 18.97 | M13: 78.43 | N13: 75.4 | O13: 0 | P13: 1.87 | Q13: 10.21
A14: 04/02/2025 01:30 | B14: 123.98 | C14: 58.62 | D14: 128.67 | E14: 8.85 | F14: 2.13 | G14: 142.57 | H14: 37.55 | I14: Invalid | J14: 0.63 | K14: 295.66 | L14: 18.67 | M14: 80.91 | N14: 75.3 | O14: 0 | P14: 1.94 | Q14: 10.22
A15: 04/02/2025 01:45 | B15: 120.28 | C15: 55.48 | D15: 124.07 | E15: 8.99 | F15: 2.13 | G15: 142.57 | H15: 37.55 | I15: Invalid | J15: 0.18 | K15: 65.98 | L15: 18.43 | M15: 84.73 | N15: 75.3 | O15: 0 | P15: 1.95 | Q15: 10.21
A16: 04/02/2025 02:00 | B16: 117.2 | C16: 56.24 | D16: 121.99 | E16: 9.12 | F16: 2.13 | G16: 147.18 | H16: 42.49 | I16: Invalid | J16: 0.78 | K16: 153.13 | L16: 18.78 | M16: 82.67 | N16: 74.2 | O16: 0 | P16: 1.96 | Q16: 10.17
A17: 04/02/2025 02:15 | B17: 114.82 | C17: 56.88 | D17: 120.42 | E17: 9.23 | F17: 2.13 | G17: 152.7 | H17: 48.39 | I17: Invalid | J17: 0.25 | K17: 221.83 | L17: 18.76 | M17: 85.28 | N17: 75.2 | O17: 0 | P17: 1.88 | Q17: 10.15
A18: 04/02/2025 02:30 | B18: 112.53 | C18: 51.61 | D18: 115.83 | E18: 8.76 | F18: 2.13 | G18: 152.7 | H18: 48.39 | I18: Invalid | J18: 0.95 | K18: 330.81 | L18: 18.26 | M18: 89.8 | N18: 75.6 | O18: 0 | P18: 1.78 | Q18: 10.13
A19: 04/02/2025 02:45 | B19: 109.93 | C19: 51.64 | D19: 113.76 | E19: 8.83 | F19: 2.13 | G19: 152.7 | H19: 48.39 | I19: Invalid | J19: 0.61 | K19: 307.67 | L19: 17.8 | M19: 92.4 | N19: 75.2 | O19: 0 | P19: 1.74 | Q19: 10.11
A20: 04/02/2025 03:00 | B20: 107.6 | C20: 52.18 | D20: 112.17 | E20: 8.45 | F20: 2.13 | G20: 140.52 | H20: 44.99 | I20: Invalid | J20: 0.28 | K20: 305.47 | L20: 17.81 | M20: 89.13 | N20: 75 | O20: 0 | P20: 1.73 | Q20: 10.09
... A104: 04/02/2025 24:00 | B104: 216.27 | C104: 55.95 | D104: 201.29 | E104: 10.06 | F104: 2.13 | G104: 212.14 | H104: 56.09 | I104: Invalid | J104: 0.08 | K104: 230.4 | L104: 19.18 | M104: 74.2 | N104: 78.7 | O104: 0 | P104: 2.21 | Q104: 10.59
A106: Min | B106: =MIN(B9:B104) -> 2.99 | C106: =MIN(C9:C104) -> 47.6 | D106: =MIN(D9:D104) -> 29.18 | E106: =MIN(E9:E104) -> 4.87 | F106: =MIN(F9:F104) -> 2.13 | G106: =MIN(G9:G104) -> 53.02 | H106: =MIN(H9:H104) -> 16.64 | I106: =MIN(I9:I104) -> 0 | ... Q106: =MIN(Q9:Q104) -> 9.52
A107: Max | B107: =MAX(B9:B104) -> 219.32 | C107: =MAX(C9:C104) -> 66.98 | D107: =MAX(D9:D104) -> 204.18 | E107: =MAX(E9:E104) -> 11.97 | F107: =MAX(F9:F104) -> 2.76 | G107: =MAX(G9:G104) -> 256.42 | H107: =MAX(H9:H104) -> 63.81 | I107: =MAX(I9:I104) -> 0 | ... Q107: =MAX(Q9:Q104) -> 10.59
A108: Avg | B108: =AVERAGE(B9:B104) -> 66.656667 | C108: =AVERAGE(C9:C104) -> 57.73 | D108: =AVERAGE(D9:D104) -> 82.238542 | E108: =AVERAGE(E9:E104) -> 7.2648958 | F108: =AVERAGE(F9:F104) -> 2.1722917 | G108: =AVERAGE(G9:G104) -> 117.97427 | H108: =AVERAGE(H9:H104) -> 39.624792 | I108: =AVERAGE(I9:I104) -> #DIV/0! | ... Q108: =AVERAGE(Q9:Q104) -> 9.8470833
A109: Stdev | B109: =STDEV(B9:B104) -> 61.183421 | C109: =STDEV(C9:C104) -> 4.5378114 | D109: =STDEV(D9:D104) -> 48.817918 | E109: =STDEV(E9:E104) -> 1.8117691 | F109: =STDEV(F9:F104) -> 0.13676318 | G109: =STDEV(G9:G104) -> 58.958596 | H109: =STDEV(H9:H104) -> 11.340484 | I109: =STDEV(I9:I104) -> #DIV/0! | ... Q109: =STDEV(Q9:Q104) -> 0.27846919
A110: Num | B110: =COUNT(B9:B104) -> 96 | C110: =COUNT(C9:C104) -> 96 | D110: =COUNT(D9:D104) -> 96 | E110: =COUNT(E9:E104) -> 96 | F110: =COUNT(F9:F104) -> 96 | G110: =COUNT(G9:G104) -> 96 | H110: =COUNT(H9:H104) -> 96 | I110: =COUNT(I9:I104) -> 0 | ... Q110: =COUNT(Q9:Q104) -> 96
A111: DCR | B111: =IF(B110>=87,">90%",IF(B110<=87,"<90%")) -> >90% | C111: =IF(C110>=87,">90%",IF(C110<=87,"<90%")) -> >90% | D111: =IF(D110>=87,">90%",IF(D110<=87,"<90%")) -> >90% | E111: =IF(E110>=87,">90%",IF(E110<=87,"<90%")) -> >90% | F111: =IF(F110>=87,">90%",IF(F110<=87,"<90%")) -> >90% | G111: =IF(G110>=87,">90%",IF(G110<=87,"<90%")) -> >90% | H111: =IF(H110>=87,">90%",IF(H110<=87,"<90%")) -> >90% | I111: =IF(I110>=87,">90%",IF(I110<=87,"<90%")) -> <90% | ... Q111: =IF(Q110>=87,">90%",IF(Q110<=87,"<90%")) -> >90%
A112: Status | B112: =IF(B110>=87,"OK",IF(B110<=87,"LESS")) -> OK | C112: =IF(C110>=87,"OK",IF(C110<=87,"LESS")) -> OK | D112: =IF(D110>=87,"OK",IF(D110<=87,"LESS")) -> OK | E112: =IF(E110>=87,"OK",IF(E110<=87,"LESS")) -> OK | F112: =IF(F110>=87,"OK",IF(F110<=87,"LESS")) -> OK | G112: =IF(G110>=87,"OK",IF(G110<=87,"LESS")) -> OK | H112: =IF(H110>=87,"OK",IF(H110<=87,"LESS")) -> OK | I112: =IF(I110>=87,"OK",IF(I110<=87,"LESS")) -> LESS | ... Q112: =IF(Q110>=87,"OK",IF(Q110<=87,"LESS")) -> OK
A115: Done by | B115: RK
A117: Comment

Sheet 05
A1: Station: | B1: BHATAGAON RAIPUR
A2: Date: | B2: =$A$9 -> 05/02/2025 00:15 | D2: Power Off | G2: Pw.Off | L2: Link Fail | N2: Link F | P2: Maintenance | R2: Maint.
A3: Report Type: | B3: Mean | D3: Calibration | G3: Calib. | L3: Data Fail | N3: Data F | P3: Invalid | R3: Invalid
A4: Time Base: | B4: 15 Min | D4: Zero Referrence | G4: Z.Ref | L4: Warm Up | N4: Wm. Up
A7: Date & Time | B7: NO_BHATAGAON | C7: NO2__BHATAGAON | D7: NOX_BHATAGAON | E7: SO2__BHATAGAON | F7: O3__BHATAGAON | G7: PM10__BHATAGAON | H7: PM2_5__BHATAGAON | I7: BENZ__BHATAGAON | J7: WS__BHATAGAON | K7: WD__BHATAGAON | L7: TEMP__BHATAGAON | M7: HUM__BHATAGAON | N7: SR__BHATAGAON | O7: RG__BHATAGAON | P7: CO__BHATAGAON | Q7: NH3__BHATAGAON
B8: ug/m3 | C8: ug/m3 | D8: ppb | E8: ug/m3 | F8: ug/m3 | G8: ug/m3 | H8: ug/m3 | I8: ug/m3 | J8: m/sec | K8: deg | L8: degreC | M8: % | N8: w/m2 | O8: mm | P8: mg/m3 | Q8: ug/m3
A9: 05/02/2025 00:15 | B9: 212.26 | C9: 55.24 | D9: 197.7 | E9: 10.9 | F9: 2.13 | G9: 159.6 | H9: 46.86 | I9: Invalid | J9: 0.51 | K9: 305.21 | L9: 19.31 | M9: 67.28 | N9: 79 | O9: 0 | P9: 2.13 | Q9: 10.6
A10: 05/02/2025 00:30 | B10: 206.21 | C10: 53.8 | D10: 192.09 | E10: 10.4 | F10: 2.13 | G10: 159.6 | H10: 46.86 | I10: Invalid | J10: 0.55 | K10: 354.08 | L10: 19.09 | M10: 64.76 | N10: 79.1 | O10: 0 | P10: 2.18 | Q10: 10.59
A11: 05/02/2025 00:45 | B11: 199.64 | C11: 52.78 | D11: 186.29 | E11: 9.64 | F11: 2.13 | G11: 159.6 | H11: 46.86 | I11: Invalid | J11: 0.62 | K11: 263.42 | L11: 18.91 | M11: 65.55 | N11: 79 | O11: 0 | P11: 2.25 | Q11: 10.58
A12: 05/02/2025 01:00 | B12: 193.14 | C12: 52.9 | D12: 181.15 | E12: 9.57 | F12: 2.13 | G12: 130.98 | H12: 33.84 | I12: Invalid | J12: 0.34 | K12: 287.42 | L12: 18.46 | M12: 68.94 | N12: 79.1 | O12: 0 | P12: 2.2 | Q12: 10.56
A13: 05/02/2025 01:15 | B13: 187.34 | C13: 55.26 | D13: 177.73 | E13: 9.07 | F13: 2.13 | G13: 96.77 | H13: 18.27 | I13: Invalid | J13: 0.17 | K13: 332.49 | L13: 18.09 | M13: 73.14 | N13: 79.2 | O13: 0 | P13: 2.16 | Q13: 10.5
A14: 05/02/2025 01:30 | B14: 180.19 | C14: 53.6 | D14: 171.12 | E14: 9.39 | F14: 2.13 | G14: 96.77 | H14: 18.27 | I14: Invalid | J14: 0.18 | K14: 282.38 | L14: 17.85 | M14: 75.16 | N14: 79.1 | O14: 0 | P14: 2.06 | Q14: 10.48
A15: 05/02/2025 01:45 | B15: 171.97 | C15: 54.24 | D15: 164.87 | E15: 8.99 | F15: 2.13 | G15: 96.77 | H15: 18.27 | I15: Invalid | J15: 0.4 | K15: 310.97 | L15: 17.82 | M15: 74.22 | N15: 79.1 | O15: 0 | P15: 2.03 | Q15: 10.45
A16: 05/02/2025 02:00 | B16: 163.96 | C16: 52.94 | D16: 157.77 | E16: 8.61 | F16: 2.13 | G16: 93.29 | H16: 28.49 | I16: Invalid | J16: 0.14 | K16: 165.3 | L16: 17.54 | M16: 75.79 | N16: 79 | O16: 0 | P16: 1.98 | Q16: 10.44
A17: 05/02/2025 02:15 | B17: 156.62 | C17: 53.05 | D17: 151.94 | E17: 8.58 | F17: 2.13 | G17: 89.13 | H17: 40.71 | I17: Invalid | J17: 0.62 | K17: 280.66 | L17: 17.37 | M17: 78.41 | N17: 79.2 | O17: 0 | P17: 1.92 | Q17: 10.4
A18: 05/02/2025 02:30 | B18: 149.72 | C18: 52.16 | D18: 145.94 | E18: 8.01 | F18: 2.13 | G18: 89.13 | H18: 40.71 | I18: Invalid | J18: 0.46 | K18: 267.97 | L18: 17.2 | M18: 79.17 | N18: 79.1 | O18: 0 | P18: 1.82 | Q18: 10.37
A19: 05/02/2025 02:45 | B19: 143.1 | C19: 51.48 | D19: 140.28 | E19: 7.8 | F19: 2.13 | G19: 89.13 | H19: 40.71 | I19: Invalid | J19: 0.54 | K19: 286.16 | L19: 16.97 | M19: 80.55 | N19: 79.1 | O19: 0 | P19: 1.76 | Q19: 10.34
A20: 05/02/2025 03:00 | B20: 136.47 | C20: 52.56 | D20: 135.52 | E20: 7.7 | F20: 2.13 | G20: 92.18 | H20: 42.83 | I20: Invalid | J20: 0.55 | K20: 296.53 | L20: 16.88 | M20: 81.52 | N20: 79 | O20: 0 | P20: 1.69 | Q20: 10.32
... A50: 05/02/2025 10:30 | B50: 61.74 | C50: 68.77 | D50: 84.06 | E50: 6.29 | F50: 2.13 | G50: 155.89 | H50: 58.97 | I50: Invalid | J50: 0.87 | K50: 324.7 | L50: 32.3 | M50: 28.89 | N50: 558.1 | O50: 0 | P50: 1.26 | Q50: 9.89
A51: 05/02/2025 10:45 | B51: Calib. | C51: Calib. | D51: Calib. | E51: 11.86 | F51: 19.2 | G51: 155.89 | H51: 58.97 | I51: Invalid | J51: 0.55 | K51: 302.29 | L51: 31.9 | M51: 28.63 | N51: 575.9 | O51: 0 | P51: 0.9 | Q51: 10.06
A52: 05/02/2025 11:00 | B52: Calib. | C52: Calib. | D52: Calib. | E52: 17.11 | F52: 29.9 | G52: 155.89 | H52: 58.97 | I52: Invalid | J52: 0.4 | K52: 299.21 | L52: 31.79 | M52: 28.84 | N52: 574.6 | O52: 0 | P52: 0.6 | Q52: 9.96
A53: 05/02/2025 11:15 | B53: Calib. | C53: Calib. | D53: Calib. | E53: 12.51 | F53: 15.26 | G53: 155.89 | H53: 58.97 | I53: Invalid | J53: 0.14 | K53: 299.78 | L53: 32.03 | M53: 28.98 | N53: 583 | O53: 0 | P53: 0.62 | Q53: 9.73
A54: 05/02/2025 11:30 | B54: 2.42 | C54: 87.01 | D54: 46.03 | E54: 4.33 | F54: 10.58 | G54: 155.89 | H54: 58.97 | I54: Invalid | J54: 0.39 | K54: 189.68 | L54: 30.03 | M54: 32.15 | N54: 583.7 | O54: 0 | P54: 0.61 | Q54: 9.65
A55: 05/02/2025 11:45 | B55: 1.98 | C55: 77.9 | D55: 40.91 | E55: 3.35 | F55: 11.53 | G55: 155.89 | H55: 58.97 | I55: Invalid | J55: 0.33 | K55: 285.85 | L55: 31.04 | M55: 29.95 | N55: 576.8 | O55: 0 | P55: 0.57 | Q55: 9.6
A56: 05/02/2025 12:00 | B56: 1.98 | C56: 70.93 | D56: 37.27 | E56: 8.09 | F56: 11.55 | G56: 155.89 | H56: 58.97 | I56: Invalid | J56: 0.75 | K56: 292.11 | L56: 32.46 | M56: 27.96 | N56: 568 | O56: 0 | P56: 0.55 | Q56: 9.58
A57: 05/02/2025 12:15 | B57: 1.95 | C57: 68.83 | D57: 36.15 | E57: 40.05 | F57: 18.33 | G57: 155.89 | H57: 58.97 | I57: Invalid | J57: 0.44 | K57: 214.01 | L57: 30.96 | M57: 29.7 | N57: 557.7 | O57: 0 | P57: 0.55 | Q57: 9.59
A58: 05/02/2025 12:30 | B58: 1.78 | C58: 63.46 | D58: 33.2 | E58: 90.83 | F58: 17.35 | G58: 155.89 | H58: 58.97 | I58: Invalid | J58: 0.25 | K58: 196.37 | L58: 30.93 | M58: 30.1 | N58: 568.8 | O58: 0 | P58: 0.52 | Q58: 9.58
A59: 05/02/2025 12:45 | B59: 2.01 | C59: 64.53 | D59: 33.95 | E59: Calib. | F59: 14.08 | G59: 155.89 | H59: 58.97 | I59: Invalid | J59: 0.12 | K59: 168.76 | L59: 31.2 | M59: 29.66 | N59: 541 | O59: 0 | P59: 0.57 | Q59: 9.57
A60: 05/02/2025 13:00 | B60: 1.84 | C60: 64.07 | D60: 33.58 | E60: Calib. | F60: 16.01 | G60: 155.89 | H60: 58.97 | I60: Invalid | J60: 1.26 | K60: 155.9 | L60: 29.48 | M60: 32.3 | N60: 547.7 | O60: 0 | P60: 0.55 | Q60: 9.57
A61: 05/02/2025 13:15 | B61: 2.03 | C61: 59.04 | D61: 31.1 | E61: Calib. | F61: 15.76 | G61: 155.89 | H61: 58.97 | I61: Invalid | J61: 0.41 | K61: 173.73 | L61: 30.1 | M61: 31.32 | N61: 508.1 | O61: 0 | P61: 0.61 | Q61: 9.56
A62: 05/02/2025 13:30 | B62: 4.01 | C62: 53.23 | D62: 29.65 | E62: Calib. | F62: 7.98 | G62: 155.89 | H62: 58.97 | I62: Invalid | J62: 0.5 | K62: 216.99 | L62: 30.05 | M62: 30.2 | N62: 513 | O62: 0 | P62: 0.59 | Q62: 9.56
A63: 05/02/2025 13:45 | B63: 3.41 | C63: 51.47 | D63: 28.25 | E63: 3.65 | F63: 9.09 | G63: 155.89 | H63: 58.97 | I63: Invalid | J63: 0.84 | K63: 288.36 | L63: 31.11 | M63: 27.26 | N63: 434.1 | O63: 0 | P63: 0.59 | Q63: 9.58
A64: 05/02/2025 14:00 | B64: 2.36 | C64: 52.82 | D64: 28.11 | E64: 7.86 | F64: 13.3 | G64: Calib. | H64: Calib. | I64: Invalid | J64: 0.87 | K64: 295.15 | L64: 31.86 | M64: 27.07 | N64: 504 | O64: 0 | P64: 0.52 | Q64: 9.6
A65: 05/02/2025 14:15 | B65: 2.05 | C65: 53.89 | D65: 28.42 | E65: 7.67 | F65: 11.88 | G65: Calib. | H65: Calib. | I65: Invalid | J65: 0.39 | K65: 290.26 | L65: 31.16 | M65: 24.98 | N65: 471.9 | O65: 0 | P65: 0.51 | Q65: 9.57
A66: 05/02/2025 14:30 | B66: 2.27 | C66: 53.37 | D66: 28.33 | E66: 6.11 | F66: 6.39 | G66: Calib. | H66: Calib. | I66: Invalid | J66: 0.09 | K66: 212.27 | L66: 30.64 | M66: 26.25 | N66: 408.4 | O66: 0 | P66: 0.46 | Q66: 9.57
A67: 05/02/2025 14:45 | B67: 2.65 | C67: 53.06 | D67: 28.47 | E67: 5.97 | F67: 3.78 | G67: Calib. | H67: Calib. | I67: Invalid | J67: 0.41 | K67: 227.25 | L67: 30.42 | M67: 26.63 | N67: 228.6 | O67: 0 | P67: 0.48 | Q67: 9.58
A68: 05/02/2025 15:00 | B68: 3.05 | C68: 53.75 | D68: 29.15 | E68: 5.89 | F68: 2.98 | G68: 8.39 | H68: 4.1 | I68: Invalid | J68: 0.64 | K68: 265.36 | L68: 30.59 | M68: 25.33 | N68: 317.4 | O68: 0 | P68: 0.5 | Q68: 9.59
A69: 05/02/2025 15:15 | B69: 3.07 | C69: 53.45 | D69: 29.02 | E69: 5.96 | F69: 3.42 | G69: 75.55 | H69: 36.92 | I69: Invalid | J69: 0.59 | K69: 246.43 | L69: 28.81 | M69: 28 | N69: 202.2 | O69: 0 | P69: 0.46 | Q69: 9.6
A70: 05/02/2025 15:30 | B70: 2.92 | C70: 53.46 | D70: 28.9 | E70: 5.47 | F70: 4.06 | G70: 75.55 | H70: 36.92 | I70: Invalid | J70: 0.76 | K70: 280.42 | L70: 29.16 | M70: 27.68 | N70: 173.5 | O70: 0 | P70: 0.47 | Q70: 9.59
A71: 05/02/2025 15:45 | B71: 2.68 | C71: 54.69 | D71: 29.35 | E71: 5.91 | F71: 7.44 | G71: 75.55 | H71: 36.92 | I71: Invalid | J71: 0.55 | K71: 265.81 | L71: 28.42 | M71: 28.07 | N71: 160.9 | O71: 0 | P71: 0.49 | Q71: 9.58
A72: 05/02/2025 16:00 | B72: 2.85 | C72: 57.66 | D72: 31.04 | E72: 7.76 | F72: 6.85 | G72: 74.23 | H72: 36.05 | I72: Invalid | J72: 0.64 | K72: 308.23 | L72: 28.99 | M72: 28.29 | N72: 144.5 | O72: 0 | P72: 0.56 | Q72: 9.59
A73: 05/02/2025 16:15 | B73: 3.01 | C73: 61.77 | D73: 33.31 | E73: 8.02 | F73: 6.55 | G73: 63.7 | H73: 28.17 | I73: Invalid | J73: 0.5 | K73: 281.47 | L73: 28.82 | M73: 27.13 | N73: 134.3 | O73: 0 | P73: 0.53 | Q73: 9.6
A74: 05/02/2025 16:30 | B74: 2.79 | C74: 63.23 | D74: 33.9 | E74: 8.9 | F74: 11.64 | G74: 63.7 | H74: 28.17 | I74: Invalid | J74: 0.51 | K74: 266.23 | L74: 28.34 | M74: 28.19 | N74: 123.9 | O74: 0 | P74: 0.52 | Q74: 9.6
A75: 05/02/2025 16:45 | B75: 3.13 | C75: 68.76 | D75: 37.06 | E75: 8.61 | F75: 10.03 | G75: 63.7 | H75: 28.17 | I75: Invalid | J75: 0.69 | K75: 286.78 | L75: 28.15 | M75: 29.1 | N75: 116.3 | O75: 0 | P75: 0.53 | Q75: 9.59
A76: 05/02/2025 17:00 | B76: 3.15 | C76: 70.09 | D76: 37.76 | E76: 7.99 | F76: 5.59 | G76: 61.32 | H76: 27.32 | I76: Invalid | J76: 0.51 | K76: 305.28 | L76: 28.05 | M76: 29.01 | N76: 109.1 | O76: 0 | P76: 0.59 | Q76: 9.59
A77: 05/02/2025 17:15 | B77: 4.56 | C77: 70.62 | D77: 39.18 | E77: 7.68 | F77: 4.01 | G77: 42.29 | H77: 20.55 | I77: Invalid | J77: 0.35 | K77: 281.74 | L77: 27.73 | M77: 29.5 | N77: 101.9 | O77: 0 | P77: 0.65 | Q77: 9.55
A78: 05/02/2025 17:30 | B78: 5.48 | C78: 70.82 | D78: 40.02 | E78: 7.09 | F78: 2.14 | G78: 42.29 | H78: 20.55 | I78: Invalid | J78: 0.1 | K78: 286.3 | L78: 27.21 | M78: 30.29 | N78: 93.6 | O78: 0 | P78: 0.64 | Q78: 9.57
A79: 05/02/2025 17:45 | B79: 5.58 | C79: 71.28 | D79: 40.34 | E79: 7.31 | F79: 2.13 | G79: 42.29 | H79: 20.55 | I79: Invalid | J79: 0.18 | K79: 249.79 | L79: 26.69 | M79: 31.24 | N79: 85.9 | O79: 0 | P79: 0.57 | Q79: 9.57
... A104: 05/02/2025 24:00 | B104: 50.53 | C104: 58.9 | D104: 69.92 | E104: 4.17 | F104: 2.13 | G104: 90.02 | H104: 12.09 | I104: Invalid | J104: 0.26 | K104: 293.24 | L104: 19.05 | M104: 62.62 | N104: 78.3 | O104: 0 | P104: 1.01 | Q104: 9.83
A106: Min | B106: =MIN(B9:B104) -> 1.78 | C106: =MIN(C9:C104) -> 47.36 | D106: =MIN(D9:D104) -> 28.11 | E106: =MIN(E9:E104) -> 3.35 | F106: =MIN(F9:F104) -> 2.13 | G106: =MIN(G9:G104) -> 8.39 | H106: =MIN(H9:H104) -> 4.1 | I106: =MIN(I9:I104) -> 0 | ... Q106: =MIN(Q9:Q104) -> 9.54
A107: Max | B107: =MAX(B9:B104) -> 212.26 | C107: =MAX(C9:C104) -> 87.01 | D107: =MAX(D9:D104) -> 197.7 | E107: =MAX(E9:E104) -> 90.83 | F107: =MAX(F9:F104) -> 29.9 | G107: =MAX(G9:G104) -> 271.63 | H107: =MAX(H9:H104) -> 87 | I107: =MAX(I9:I104) -> 0 | ... Q107: =MAX(Q9:Q104) -> 10.6
A108: Avg | B108: =AVERAGE(B9:B104) -> 63.80129 | C108: =AVERAGE(C9:C104) -> 59.000215 | D108: =AVERAGE(D9:D104) -> 80.612903 | E108: =AVERAGE(E9:E104) -> 8.6946739 | F108: =AVERAGE(F9:F104) -> 4.5995833 | G108: =AVERAGE(G9:G104) -> 104.15641 | H108: =AVERAGE(H9:H104) -> 35.505109 | I108: =AVERAGE(I9:I104) -> #DIV/0! | ... Q108: =AVERAGE(Q9:Q104) -> 9.8742708
A109: Stdev | B109: =STDEV(B9:B104) -> 58.501849 | C109: =STDEV(C9:C104) -> 8.2733644 | D109: =STDEV(D9:D104) -> 44.515887 | E109: =STDEV(E9:E104) -> 9.4602089 | F109: =STDEV(F9:F104) -> 5.1104977 | G109: =STDEV(G9:G104) -> 49.288557 | H109: =STDEV(H9:H104) -> 18.622451 | I109: =STDEV(I9:I104) -> #DIV/0! | ... Q109: =STDEV(Q9:Q104) -> 0.30071754
A110: Num | B110: =COUNT(B9:B104)+3 -> 96 | C110: =COUNT(C9:C104)+3 -> 96 | D110: =COUNT(D9:D104)+3 -> 96 | E110: =COUNT(E9:E104)+4 -> 96 | F110: =COUNT(F9:F104) -> 96 | G110: =COUNT(G9:G104)+4 -> 96 | H110: =COUNT(H9:H104)+4 -> 96 | I110: =COUNT(I9:I104) -> 0 | J110: =COUNT(J9:J104) -> 96 | K110: =COUNT(K9:K104) -> 96 | L110: =COUNT(L9:L104) -> 96 | M110: =COUNT(M9:M104) -> 96 | N110: =COUNT(N9:N104) -> 96 | O110: =COUNT(O9:O104) -> 96 | P110: =COUNT(P9:P104) -> 96 | Q110: =COUNT(Q9:Q104) -> 96
A111: DCR | B111: =IF(B110>=87,">90%",IF(B110<=87,"<90%")) -> >90% | C111: =IF(C110>=87,">90%",IF(C110<=87,"<90%")) -> >90% | D111: =IF(D110>=87,">90%",IF(D110<=87,"<90%")) -> >90% | E111: =IF(E110>=87,">90%",IF(E110<=87,"<90%")) -> >90% | F111: =IF(F110>=87,">90%",IF(F110<=87,"<90%")) -> >90% | G111: =IF(G110>=87,">90%",IF(G110<=87,"<90%")) -> >90% | H111: =IF(H110>=87,">90%",IF(H110<=87,"<90%")) -> >90% | I111: =IF(I110>=87,">90%",IF(I110<=87,"<90%")) -> <90% | ... Q111: =IF(Q110>=87,">90%",IF(Q110<=87,"<90%")) -> >90%
A112: Status | B112: =IF(B110>=87,"OK",IF(B110<=87,"LESS")) -> OK | C112: =IF(C110>=87,"OK",IF(C110<=87,"LESS")) -> OK | D112: =IF(D110>=87,"OK",IF(D110<=87,"LESS")) -> OK | E112: =IF(E110>=87,"OK",IF(E110<=87,"LESS")) -> OK | F112: =IF(F110>=87,"OK",IF(F110<=87,"LESS")) -> OK | G112: =IF(G110>=87,"OK",IF(G110<=87,"LESS")) -> OK | H112: =IF(H110>=87,"OK",IF(H110<=87,"LESS")) -> OK | I112: =IF(I110>=87,"OK",IF(I110<=87,"LESS")) -> LESS | ... Q112: =IF(Q110>=87,"OK",IF(Q110<=87,"LESS")) -> OK
A115: Done by | B115: RK
A117: Comment

Sheet 06
A1: Station: | B1: BHATAGAON RAIPUR
A2: Date: | B2: =$A$9 -> 06/02/2025 00:15 | D2: Power Off | G2: Pw.Off | L2: Link Fail | N2: Link F | P2: Maintenance | R2: Maint.
A3: Report Type: | B3: Mean | D3: Calibration | G3: Calib. | L3: Data Fail | N3: Data F | P3: Invalid | R3: Invalid
A4: Time Base: | B4: 15 Min | D4: Zero Referrence | G4: Z.Ref | L4: Warm Up | N4: Wm. Up
A7: Date & Time | B7: NO_BHATAGAON | C7: NO2__BHATAGAON | D7: NOX_BHATAGAON | E7: SO2__BHATAGAON | F7: O3__BHATAGAON | G7: PM10__BHATAGAON | H7: PM2_5__BHATAGAON | I7: BENZ__BHATAGAON | J7: WS__BHATAGAON | K7: WD__BHATAGAON | L7: TEMP__BHATAGAON | M7: HUM__BHATAGAON | N7: SR__BHATAGAON | O7: RG__BHATAGAON | P7: CO__BHATAGAON | Q7: NH3__BHATAGAON
B8: ug/m3 | C8: ug/m3 | D8: ppb | E8: ug/m3 | F8: ug/m3 | G8: ug/m3 | H8: ug/m3 | I8: ug/m3 | J8: m/sec | K8: deg | L8: degreC | M8: % | N8: w/m2 | O8: mm | P8: mg/m3 | Q8: ug/m3
A9: 06/02/2025 00:15 | B9: 49.32 | C9: 56.8 | D9: 67.85 | E9: 4.87 | F9: 2.13 | G9: 85.6 | H9: 20.76 | I9: Invalid | J9: 0.59 | K9: 291.97 | L9: 19.09 | M9: 61.81 | N9: 77.9 | O9: 0 | P9: 0.94 | Q9: 9.82
A10: 06/02/2025 00:30 | B10: 48.34 | C10: 54.58 | D10: 65.9 | E10: 4.42 | F10: 2.13 | G10: 85.6 | H10: 20.76 | I10: Invalid | J10: 1.42 | K10: 341.69 | L10: 19.19 | M10: 62.06 | N10: 77.2 | O10: 0 | P10: 0.92 | Q10: 9.81
A11: 06/02/2025 00:45 | B11: 46.6 | C11: 55.1 | D11: 64.78 | E11: 4.55 | F11: 2.13 | G11: 85.6 | H11: 20.76 | I11: Invalid | J11: 1.55 | K11: 351.95 | L11: 19.47 | M11: 61.42 | N11: 77.8 | O11: 0 | P11: 0.91 | Q11: 9.79
A12: 06/02/2025 01:00 | B12: 44.51 | C12: 55.25 | D12: 63.19 | E12: 4.56 | F12: 2.13 | G12: 84.59 | H12: 20.5 | I12: Invalid | J12: 1.07 | K12: 354.84 | L12: 19.39 | M12: 62.99 | N12: 78.4 | O12: 0 | P12: 0.89 | Q12: 9.78
A13: 06/02/2025 01:15 | B13: 42.94 | C13: 55.04 | D13: 61.81 | E13: 4.91 | F13: 2.13 | G13: 75.49 | H13: 18.48 | I13: Invalid | J13: 0.69 | K13: 355.84 | L13: 19.42 | M13: 63.68 | N13: 78.3 | O13: 0 | P13: 0.78 | Q13: 9.75
A14: 06/02/2025 01:30 | B14: 41.29 | C14: 54.74 | D14: 60.33 | E14: 5.27 | F14: 2.13 | G14: 75.49 | H14: 18.48 | I14: Invalid | J14: 1.09 | K14: 352.75 | L14: 19.48 | M14: 63.61 | N14: 78.1 | O14: 0 | P14: 0.8 | Q14: 9.74
A15: 06/02/2025 01:45 | B15: 39.33 | C15: 54.31 | D15: 58.54 | E15: 4.71 | F15: 2.13 | G15: 75.49 | H15: 18.48 | I15: Invalid | J15: 0.77 | K15: 345.98 | L15: 19.39 | M15: 64.07 | N15: 78.4 | O15: 0 | P15: 0.79 | Q15: 9.74
A16: 06/02/2025 02:00 | B16: 37.32 | C16: 53.49 | D16: 56.49 | E16: 4.86 | F16: 2.13 | G16: 75.79 | H16: 20.56 | I16: Invalid | J16: 0.88 | K16: 349.81 | L16: 19.31 | M16: 64.22 | N16: 78.2 | O16: 0 | P16: 0.75 | Q16: 9.73
A17: 06/02/2025 02:15 | B17: 35.34 | C17: 51.28 | D17: 53.76 | E17: 4.67 | F17: 2.13 | G17: 78.53 | H17: 39.3 | I17: Invalid | J17: 0.98 | K17: 352.4 | L17: 19.29 | M17: 64.26 | N17: 78.3 | O17: 0 | P17: 0.83 | Q17: 9.74
A18: 06/02/2025 02:30 | B18: 32.89 | C18: 52.55 | D18: 52.45 | E18: 4.84 | F18: 2.13 | G18: 78.53 | H18: 39.3 | I18: Invalid | J18: 1.07 | K18: 352.46 | L18: 19.2 | M18: 64.9 | N18: 78.5 | O18: 0 | P18: 0.79 | Q18: 9.73
A19: 06/02/2025 02:45 | B19: 30.1 | C19: 52.94 | D19: 50.42 | E19: 5 | F19: 2.13 | G19: 78.53 | H19: 39.3 | I19: Invalid | J19: 1.25 | K19: 351.21 | L19: 19.04 | M19: 65.7 | N19: 78.6 | O19: 0 | P19: 0.78 | Q19: 9.72
A20: 06/02/2025 03:00 | B20: 27.3 | C20: 53.66 | D20: 48.55 | E20: 4.51 | F20: 2.13 | G20: 76.85 | H20: 35.78 | I20: Invalid | J20: 1.4 | K20: 355.59 | L20: 18.94 | M20: 65.4 | N20: 78.6 | O20: 0 | P20: 0.73 | Q20: 9.71
... A100: 06/02/2025 23:00 | B100: 19.02 | C100: 62.12 | D100: 46.33 | E100: 4.6 | F100: 2.13 | G100: 85.37 | H100: 35.65 | I100: Invalid | J100: 0.97 | K100: 350.7 | L100: 17.97 | M100: 37.21 | N100: 78.1 | O100: 0 | P100: 0.93 | Q100: 9.62
A101: 06/02/2025 23:15 | B101: 18.73 | C101: 62.7 | D101: 46.41 | E101: 4.98 | F101: 2.13 | G101: 74.18 | H101: Data F | I101: Invalid | J101: 0.65 | K101: 348.1 | L101: 17.85 | M101: 34.84 | N101: 78 | O101: 0 | P101: 0.91 | Q101: 9.61
A102: 06/02/2025 23:30 | B102: 18 | C102: 61.7 | D102: 45.3 | E102: 5.02 | F102: 2.13 | G102: 74.18 | H102: Data F | I102: Invalid | J102: 0.41 | K102: 9.75 | L102: 17.67 | M102: 34.25 | N102: 78.2 | O102: 0 | P102: 0.88 | Q102: 9.63
A103: 06/02/2025 23:45 | B103: 17.13 | C103: 60.38 | D103: 43.9 | E103: 4.2 | F103: 2.13 | G103: 74.18 | H103: Data F | I103: Invalid | J103: 0.3 | K103: 15.31 | L103: 17.39 | M103: 34.72 | N103: 78.2 | O103: 0 | P103: 0.87 | Q103: 9.66
A104: 06/02/2025 24:00 | B104: 16.42 | C104: 59.5 | D104: 42.88 | E104: 3.73 | F104: 2.13 | G104: 72.67 | H104: Data F | I104: Invalid | J104: 0.49 | K104: 351.38 | L104: 17.1 | M104: 34.64 | N104: 78.1 | O104: 0 | P104: 0.84 | Q104: 9.66
A106: Min | B106: =MIN(B9:B104) -> 4.58 | C106: =MIN(C9:C104) -> 51.28 | D106: =MIN(D9:D104) -> 30.69 | E106: =MIN(E9:E104) -> 3.73 | F106: =MIN(F9:F104) -> 2.13 | G106: =MIN(G9:G104) -> 57.75 | H106: =MIN(H9:H104) -> 3.21 | I106: =MIN(I9:I104) -> 0 | ... Q106: =MIN(Q9:Q104) -> 9.55
A107: Max | B107: =MAX(B9:B104) -> 49.32 | C107: =MAX(C9:C104) -> 67.79 | D107: =MAX(D9:D104) -> 67.85 | E107: =MAX(E9:E104) -> 7.4 | F107: =MAX(F9:F104) -> 2.18 | G107: =MAX(G9:G104) -> 97.5 | H107: =MAX(H9:H104) -> 57.1 | I107: =MAX(I9:I104) -> 0 | ... Q107: =MAX(Q9:Q104) -> 9.82
A108: Avg | B108: =AVERAGE(B9:B104) -> 13.989688 | C108: =AVERAGE(C9:C104) -> 58.749687 | D108: =AVERAGE(D9:D104) -> 40.536875 | E108: =AVERAGE(E9:E104) -> 5.6291667 | F108: =AVERAGE(F9:F104) -> 2.1305208 | G108: =AVERAGE(G9:G104) -> 73.023333 | H108: =AVERAGE(H9:H104) -> 23.810978 | I108: =AVERAGE(I9:I104) -> #DIV/0! | ... Q108: =AVERAGE(Q9:Q104) -> 9.6227083
A109: Stdev | B109: =STDEV(B9:B104) -> 11.13083 | C109: =STDEV(C9:C104) -> 4.5262259 | D109: =STDEV(D9:D104) -> 8.7597897 | E109: =STDEV(E9:E104) -> 0.8124371 | F109: =STDEV(F9:F104) -> 0.0051031036 | G109: =STDEV(G9:G104) -> 11.820178 | H109: =STDEV(H9:H104) -> 12.660208 | I109: =STDEV(I9:I104) -> #DIV/0! | ... Q109: =STDEV(Q9:Q104) -> 0.063120256
A110: Num | B110: =COUNT(B9:B104) -> 96 | C110: =COUNT(C9:C104) -> 96 | D110: =COUNT(D9:D104) -> 96 | E110: =COUNT(E9:E104) -> 96 | F110: =COUNT(F9:F104) -> 96 | G110: =COUNT(G9:G104) -> 96 | H110: =COUNT(H9:H104)+4 -> 96 | I110: =COUNT(I9:I104) -> 0 | J110: =COUNT(J9:J104) -> 96 | K110: =COUNT(K9:K104) -> 96 | L110: =COUNT(L9:L104) -> 96 | M110: =COUNT(M9:M104) -> 96 | N110: =COUNT(N9:N104) -> 96 | O110: =COUNT(O9:O104) -> 96 | P110: =COUNT(P9:P104) -> 96 | Q110: =COUNT(Q9:Q104) -> 96
A111: DCR | B111: =IF(B110>=87,">90%",IF(B110<=87,"<90%")) -> >90% | C111: =IF(C110>=87,">90%",IF(C110<=87,"<90%")) -> >90% | D111: =IF(D110>=87,">90%",IF(D110<=87,"<90%")) -> >90% | E111: =IF(E110>=87,">90%",IF(E110<=87,"<90%")) -> >90% | F111: =IF(F110>=87,">90%",IF(F110<=87,"<90%")) -> >90% | G111: =IF(G110>=87,">90%",IF(G110<=87,"<90%")) -> >90% | H111: =IF(H110>=87,">90%",IF(H110<=87,"<90%")) -> >90% | I111: =IF(I110>=87,">90%",IF(I110<=87,"<90%")) -> <90% | ... Q111: =IF(Q110>=87,">90%",IF(Q110<=87,"<90%")) -> >90%
A112: Status | B112: =IF(B110>=87,"OK",IF(B110<=87,"LESS")) -> OK | C112: =IF(C110>=87,"OK",IF(C110<=87,"LESS")) -> OK | D112: =IF(D110>=87,"OK",IF(D110<=87,"LESS")) -> OK | E112: =IF(E110>=87,"OK",IF(E110<=87,"LESS")) -> OK | F112: =IF(F110>=87,"OK",IF(F110<=87,"LESS")) -> OK | G112: =IF(G110>=87,"OK",IF(G110<=87,"LESS")) -> OK | H112: =IF(H110>=87,"OK",IF(H110<=87,"LESS")) -> OK | I112: =IF(I110>=87,"OK",IF(I110<=87,"LESS")) -> LESS | ... Q112: =IF(Q110>=87,"OK",IF(Q110<=87,"LESS")) -> OK
A115: Done by | B115: RK
A117: Comment

Sheet 07
A1: Station: | B1: BHATAGAON RAIPUR
A2: Date: | B2: =$A$9 -> 07/02/2025 00:15 | D2: Power Off | G2: Pw.Off | L2: Link Fail | N2: Link F | P2: Maintenance | R2: Maint.
A3: Report Type: | B3: Mean | D3: Calibration | G3: Calib. | L3: Data Fail | N3: Data F | P3: Invalid | R3: Invalid
A4: Time Base: | B4: 15 Min | D4: Zero Referrence | G4: Z.Ref | L4: Warm Up | N4: Wm. Up
A7: Date & Time | B7: NO_BHATAGAON | C7: NO2__BHATAGAON | D7: NOX_BHATAGAON | E7: SO2__BHATAGAON | F7: O3__BHATAGAON | G7: PM10__BHATAGAON | H7: PM2_5__BHATAGAON | I7: BENZ__BHATAGAON | J7: WS__BHATAGAON | K7: WD__BHATAGAON | L7: TEMP__BHATAGAON | M7: HUM__BHATAGAON | N7: SR__BHATAGAON | O7: RG__BHATAGAON | P7: CO__BHATAGAON | Q7: NH3__BHATAGAON
B8: ug/m3 | C8: ug/m3 | D8: ppb | E8: ug/m3 | F8: ug/m3 | G8: ug/m3 | H8: ug/m3 | I8: ug/m3 | J8: m/sec | K8: deg | L8: degreC | M8: % | N8: w/m2 | O8: mm | P8: mg/m3 | Q8: ug/m3
A9: 07/02/2025 00:15 | B9: 16.14 | C9: 58.74 | D9: 42.26 | E9: 4.43 | F9: 2.13 | G9: 60.57 | H9: Data F | I9: Invalid | J9: 0.54 | K9: 350.53 | L9: 16.9 | M9: 35.24 | N9: 78 | O9: 0 | P9: 0.82 | Q9: 9.65
A10: 07/02/2025 00:30 | B10: 15.61 | C10: 57.83 | D10: 41.35 | E10: 4.68 | F10: 2.13 | G10: 60.57 | H10: Data F | I10: Invalid | J10: 0.56 | K10: 2.78 | L10: 16.91 | M10: 34.44 | N10: 77.6 | O10: 0 | P10: 0.8 | Q10: 9.65
A11: 07/02/2025 00:45 | B11: 14.72 | C11: 56.64 | D11: 40.02 | E11: 4.27 | F11: 2.13 | G11: 60.57 | H11: Data F | I11: Invalid | J11: 0.71 | K11: 346.42 | L11: 16.8 | M11: 34.02 | N11: 77.6 | O11: 0 | P11: 0.78 | Q11: 9.65
A12: 07/02/2025 01:00 | B12: 13.73 | C12: 55.69 | D12: 38.73 | E12: 4.28 | F12: 2.13 | G12: 59.82 | H12: Data F | I12: Invalid | J12: 0.83 | K12: 351.46 | L12: 16.77 | M12: 33.05 | N12: 77.9 | O12: 0 | P12: 0.74 | Q12: 9.67
A13: 07/02/2025 01:15 | B13: 12.9 | C13: 53.63 | D13: 36.99 | E13: 4.78 | F13: 2.13 | G13: 53.86 | H13: Data F | I13: Invalid | J13: 0.54 | K13: 359.64 | L13: 16.57 | M13: 33.39 | N13: 77.9 | O13: 0 | P13: 0.68 | Q13: 9.66
A14: 07/02/2025 01:30 | B14: 12.37 | C14: 50.89 | D14: 35.13 | E14: 4.52 | F14: 2.13 | G14: 53.86 | H14: Data F | I14: Invalid | J14: 0.44 | K14: 1.18 | L14: 16.39 | M14: 34.26 | N14: 78.1 | O14: 0 | P14: 0.66 | Q14: 9.67
A15: 07/02/2025 01:45 | B15: 12.27 | C15: 50.65 | D15: 34.92 | E15: 4.19 | F15: 2.13 | G15: 53.86 | H15: Data F | I15: Invalid | J15: 0.7 | K15: 345.7 | L15: 16.09 | M15: 35.47 | N15: 78 | O15: 0 | P15: 0.64 | Q15: 9.64
A16: 07/02/2025 02:00 | B16: 11.94 | C16: 50.04 | D16: 34.34 | E16: 4.67 | F16: 2.13 | G16: 53.04 | H16: Data F | I16: Invalid | J16: 1.24 | K16: 356.3 | L16: 16.16 | M16: 34.04 | N16: 77.6 | O16: 0 | P16: 0.61 | Q16: 9.61
A17: 07/02/2025 02:15 | B17: 11.44 | C17: 49.94 | D17: 33.89 | E17: 4.69 | F17: 2.13 | G17: 45.73 | H17: Data F | I17: Invalid | J17: 0.77 | K17: 5.01 | L17: 16.11 | M17: 34.21 | N17: 78.1 | O17: 0 | P17: 0.6 | Q17: 9.6
A18: 07/02/2025 02:30 | B18: 11.12 | C18: 49.17 | D18: 33.22 | E18: 4.72 | F18: 2.13 | G18: 45.73 | H18: Data F | I18: Invalid | J18: 0.34 | K18: 24.69 | L18: 15.83 | M18: 34.62 | N18: 78.3 | O18: 0 | P18: 0.59 | Q18: 9.6
A19: 07/02/2025 02:45 | B19: 10.93 | C19: 48.66 | D19: 32.81 | E19: 4.4 | F19: 2.13 | G19: 45.73 | H19: Data F | I19: Invalid | J19: 0.52 | K19: 83.36 | L19: 15.62 | M19: 35.23 | N19: 77.9 | O19: 0 | P19: 0.58 | Q19: 9.58
A20: 07/02/2025 03:00 | B20: 10.72 | C20: 47.37 | D20: 31.97 | E20: 4.44 | F20: 2.13 | G20: 45.16 | H20: Data F | I20: Invalid | J20: 0.36 | K20: 31.4 | L20: 15.55 | M20: 35.15 | N20: 78.2 | O20: 0 | P20: 0.58 | Q20: 9.57
... A44: 07/02/2025 09:00 | B44: 15.54 | C44: 52.4 | D44: 38.46 | E44: 6.39 | F44: 2.13 | G44: 55.49 | H44: Data F | I44: Invalid | J44: 1.94 | K44: 106.68 | L44: 18.28 | M44: 28 | N44: 415.1 | O44: 0 | P44: 0.53 | Q44: 9.66
A45: 07/02/2025 09:15 | B45: 15.22 | C45: 53.03 | D45: 38.53 | E45: 6.03 | F45: 2.13 | G45: 55.84 | H45: 11.73 | I45: Invalid | J45: 0.7 | K45: 61.25 | L45: 19.68 | M45: 26.22 | N45: 443.1 | O45: 0 | P45: 0.53 | Q45: 9.67
A46: 07/02/2025 09:30 | B46: 15.36 | C46: 54.03 | D46: 39.16 | E46: 6.01 | F46: 2.13 | G46: 55.84 | H46: 11.73 | I46: Invalid | J46: 1.81 | K46: 352.87 | L46: 23.19 | M46: 20.51 | N46: 477.4 | O46: 0 | P46: 0.53 | Q46: 9.66
A47: 07/02/2025 09:45 | B47: 15.68 | C47: 54 | D47: 39.41 | E47: 6.04 | F47: 2.13 | G47: 55.84 | H47: 11.73 | I47: Invalid | J47: 1.38 | K47: 358.08 | L47: 24.39 | M47: 19.9 | N47: 507.1 | O47: 0 | P47: 0.54 | Q47: 9.67
A48: 07/02/2025 10:00 | B48: 16.48 | C48: 55.32 | D48: 40.75 | E48: 5.96 | F48: 2.13 | G48: 56.02 | H48: 13.84 | I48: Invalid | J48: 0.9 | K48: 63.6 | L48: 24.11 | M48: 21.9 | N48: 528.8 | O48: 0 | P48: 0.54 | Q48: 9.64
A49: 07/02/2025 10:15 | B49: 17.12 | C49: 55.93 | D49: 41.57 | E49: 6.04 | F49: 2.13 | G49: 57.7 | H49: 32.79 | I49: Invalid | J49: 0.96 | K49: 29.44 | L49: 22.74 | M49: 22.07 | N49: 544.2 | O49: 0 | P49: 0.55 | Q49: 9.67
A50: 07/02/2025 10:30 | B50: 16.89 | C50: 56.89 | D50: 41.89 | E50: 6.28 | F50: 2.17 | G50: 57.7 | H50: 32.79 | I50: Invalid | J50: 1.77 | K50: 106.49 | L50: 21.29 | M50: 23.91 | N50: 561.1 | O50: 0 | P50: 0.54 | Q50: 9.67
A51: 07/02/2025 10:45 | B51: 9.68 | C51: 63.88 | D51: 39.76 | E51: 8.54 | F51: 9.84 | G51: 57.7 | H51: 32.79 | I51: Invalid | J51: 1.8 | K51: 104.63 | L51: 20.65 | M51: 24.3 | N51: 571.4 | O51: 0 | P51: 0.42 | Q51: 9.73
A52: 07/02/2025 11:00 | B52: 5.17 | C52: 67.06 | D52: 37.81 | E52: 7.31 | F52: 3.9 | G52: 56.24 | H52: 31.8 | I52: Invalid | J52: 1.37 | K52: 99.22 | L52: 21.9 | M52: 23.49 | N52: 563.6 | O52: 0 | P52: 0.42 | Q52: 9.68
A53: 07/02/2025 11:15 | B53: 5.37 | C53: 66.25 | D53: 37.54 | E53: 7.17 | F53: 2.14 | G53: 44.59 | H53: Data F | I53: Invalid | J53: 0.58 | K53: 54.74 | L53: 23.54 | M53: 21.23 | N53: 558.8 | O53: 0 | P53: 0.43 | Q53: 9.67
A54: 07/02/2025 11:30 | B54: 6 | C54: 66.16 | D54: 38 | E54: 7.62 | F54: 2.13 | G54: 44.59 | H54: Data F | I54: Invalid | J54: 0.98 | K54: 96.14 | L54: 23.74 | M54: 20.3 | N54: 565.3 | O54: 0 | P54: 0.43 | Q54: 9.68
A55: 07/02/2025 11:45 | B55: 6.49 | C55: 66.61 | D55: 38.63 | E55: 8.74 | F55: 3.04 | G55: 44.59 | H55: Data F | I55: Invalid | J55: 0.82 | K55: 84.13 | L55: 23.61 | M55: 19.26 | N55: 568.6 | O55: 0 | P55: 0.42 | Q55: 9.69
A56: 07/02/2025 12:00 | B56: 7.89 | C56: 73.52 | D56: 43.36 | E56: 11.41 | F56: 2.98 | G56: 44.74 | H56: Data F | I56: Invalid | J56: 1.15 | K56: 350.14 | L56: 26.45 | M56: 15.67 | N56: 562.7 | O56: 0 | P56: 0.42 | Q56: 9.75
A57: 07/02/2025 12:15 | B57: 9.13 | C57: 77.04 | D57: 46.2 | E57: 9.58 | F57: 2.13 | G57: 46.06 | H57: Data F | I57: Invalid | J57: 1.18 | K57: 349.21 | L57: 27.85 | M57: 14.66 | N57: 553.6 | O57: 0 | P57: 0.44 | Q57: 9.8
A58: 07/02/2025 12:30 | B58: 10.28 | C58: 77.33 | D58: 47.27 | E58: 9.08 | F58: 2.13 | G58: 46.06 | H58: Data F | I58: Invalid | J58: 1.11 | K58: 100.05 | L58: 25.69 | M58: 15.56 | N58: 554.1 | O58: 0 | P58: 0.44 | Q58: 9.83
A59: 07/02/2025 12:45 | B59: 8.61 | C59: 75.51 | D59: 44.98 | E59: 9.08 | F59: 2.13 | G59: 46.06 | H59: Data F | I59: Invalid | J59: 0.56 | K59: 69.41 | L59: 24.66 | M59: 16.41 | N59: 543.6 | O59: 0 | P59: 0.41 | Q59: 9.86
A60: 07/02/2025 13:00 | B60: 8.28 | C60: 73.63 | D60: 43.73 | E60: 7.07 | F60: 2.13 | G60: 47.06 | H60: Data F | I60: Invalid | J60: 1.29 | K60: 350.44 | L60: 28.34 | M60: 13.74 | N60: 529.4 | O60: 0 | P60: 0.42 | Q60: 9.88
A61: 07/02/2025 13:15 | B61: 9.73 | C61: 71.63 | D61: 43.85 | E61: 7.01 | F61: 2.13 | G61: 55.03 | H61: Data F | I61: Invalid | J61: 1.08 | K61: 330.79 | L61: 28.22 | M61: 14.59 | N61: 521.4 | O61: 0 | P61: 0.44 | Q61: 9.94
A62: 07/02/2025 13:30 | B62: 10.61 | C62: 70.06 | D62: 43.73 | E62: 6.65 | F62: 2.13 | G62: 55.03 | H62: Data F | I62: Invalid | J62: 1.64 | K62: 339.57 | L62: 29.47 | M62: 14.13 | N62: 510.7 | O62: 0 | P62: 0.46 | Q62: 9.99
A63: 07/02/2025 13:45 | B63: 11.39 | C63: 70.56 | D63: 44.62 | E63: 7.41 | F63: 2.13 | G63: 55.03 | H63: Data F | I63: Invalid | J63: 0.83 | K63: 335.5 | L63: 29.41 | M63: 14.46 | N63: 406.9 | O63: 0 | P63: 0.49 | Q63: 10.09
A64: 07/02/2025 14:00 | B64: 12.91 | C64: 70.59 | D64: 45.86 | E64: 6.26 | F64: 2.13 | G64: 53.93 | H64: Data F | I64: Invalid | J64: 0.77 | K64: 350.73 | L64: 28.81 | M64: 15.74 | N64: 430.4 | O64: 0 | P64: 0.51 | Q64: 10.13
A65: 07/02/2025 14:15 | B65: 13.44 | C65: 70.77 | D65: 46.38 | E65: 6.4 | F65: 2.13 | G65: 45.16 | H65: 21.09 | I65: Invalid | J65: 0.85 | K65: 1.17 | L65: 27.06 | M65: 17.21 | N65: 347.4 | O65: 0 | P65: 0.52 | Q65: 10.16
A66: 07/02/2025 14:30 | B66: 13.53 | C66: 69.44 | D66: 45.75 | E66: 6.11 | F66: 2.13 | G66: 45.16 | H66: 21.09 | I66: Invalid | J66: 1.07 | K66: 346.7 | L66: 27.42 | M66: 17.78 | N66: 275.2 | O66: 0 | P66: 0.54 | Q66: 10.16
A67: 07/02/2025 14:45 | B67: 13.79 | C67: 68.67 | D67: 45.56 | E67: 6.58 | F67: 2.13 | G67: 45.16 | H67: 21.09 | I67: Invalid | J67: 1.51 | K67: 339.34 | L67: 27.38 | M67: 18.29 | N67: 237.4 | O67: 0 | P67: 0.64 | Q67: 10.16
A68: 07/02/2025 15:00 | B68: 14.1 | C68: 68.6 | D68: 45.77 | E68: 6.79 | F68: 2.13 | G68: 48.28 | H68: 19.28 | I68: Invalid | J68: 1.26 | K68: 344.96 | L68: 27.28 | M68: 17.5 | N68: 286.5 | O68: 0 | P68: 0.63 | Q68: 10.18
A69: 07/02/2025 15:15 | B69: 14.32 | C69: 70.31 | D69: 46.84 | E69: 8.5 | F69: 2.13 | G69: 73.26 | H69: Data F | I69: Invalid | J69: 1.24 | K69: 351.94 | L69: 27.01 | M69: 17.82 | N69: 253.5 | O69: 0 | P69: 0.67 | Q69: 10.19
A70: 07/02/2025 15:30 | B70: 15.44 | C70: 76.7 | D70: 51.08 | E70: 13.41 | F70: 2.61 | G70: 73.26 | H70: Data F | I70: Invalid | J70: 1.19 | K70: 353.75 | L70: 25.96 | M70: 19.92 | N70: 213.8 | O70: 0 | P70: 0.69 | Q70: 10.22
A71: 07/02/2025 15:45 | B71: 13.1 | C71: 89.72 | D71: 56 | E71: 16.61 | F71: 2.43 | G71: 73.26 | H71: Data F | I71: Invalid | J71: 1.86 | K71: 337.87 | L71: 25.96 | M71: 21.34 | N71: 176.3 | O71: 0 | P71: 0.66 | Q71: 10.31
A72: 07/02/2025 16:00 | B72: 10.74 | C72: 93.3 | D72: 55.98 | E72: 12.28 | F72: 2.14 | G72: 72.87 | H72: Data F | I72: Invalid | J72: 1.43 | K72: 348.46 | L72: 25.26 | M72: 23.4 | N72: 150.7 | O72: 0 | P72: 0.68 | Q72: 10.33
A73: 07/02/2025 16:15 | B73: 14.77 | C73: 107.2 | D73: 66.48 | E73: 42.72 | F73: 7.62 | G73: 69.75 | H73: Data F | I73: Invalid | J73: 1.28 | K73: 354.48 | L73: 24.88 | M73: 23.85 | N73: 148.7 | O73: 0 | P73: 0.8 | Q73: 10.31
A74: 07/02/2025 16:30 | B74: 11.15 | C74: 118.84 | D74: 69.65 | E74: 75.61 | F74: 17.07 | G74: 69.75 | H74: Data F | I74: Invalid | J74: 1.44 | K74: 350.19 | L74: 24.44 | M74: 25 | N74: 132.7 | O74: 0 | P74: 0.83 | Q74: 10.45
A75: 07/02/2025 16:45 | B75: 13.47 | C75: 129.42 | D75: 77.04 | E75: 65.4 | F75: 10.21 | G75: 69.75 | H75: Data F | I75: Invalid | J75: 1.21 | K75: 356.38 | L75: 23.9 | M75: 26.38 | N75: 120.2 | O75: 0 | P75: 0.91 | Q75: 10.43
A76: 07/02/2025 17:00 | B76: 10.35 | C76: 123.27 | D76: 71.33 | E76: 58.21 | F76: 15.37 | G76: 71.5 | H76: Data F | I76: Invalid | J76: 0.52 | K76: 47.98 | L76: 23.06 | M76: 26.34 | N76: 111.5 | O76: 0 | P76: 0.97 | Q76: 10.39
A77: 07/02/2025 17:15 | B77: 6.61 | C77: 117.61 | D77: 65.37 | E77: 27.15 | F77: 11.86 | G77: 85.43 | H77: Data F | I77: Invalid | J77: 0.59 | K77: 52.93 | L77: 22.55 | M77: 27.89 | N77: 100.8 | O77: 0 | P77: 1.06 | Q77: 10.2
A78: 07/02/2025 17:30 | B78: 15.92 | C78: 130.97 | D78: 79.82 | E78: 25.86 | F78: 7.38 | G78: 85.43 | H78: Data F | I78: Invalid | J78: 0.75 | K78: 357.76 | L78: 22.19 | M78: 30.56 | N78: 91.9 | O78: 0 | P78: 1.3 | Q78: 10.15
A79: 07/02/2025 17:45 | B79: 40.69 | C79: 158.9 | D79: 114.27 | E79: 33.58 | F79: 3.69 | G79: 85.43 | H79: Data F | I79: Invalid | J79: 0.9 | K79: 357.56 | L79: 21.79 | M79: 30.78 | N79: 84.3 | O79: 0 | P79: 1.36 | Q79: 10.16
A80: 07/02/2025 18:00 | B80: 38.31 | C80: 147.39 | D80: 106.35 | E80: 20.57 | F80: 2.85 | G80: 84.9 | H80: Data F | I80: Invalid | J80: 0.53 | K80: 13.3 | L80: 21.21 | M80: 31.25 | N80: 79.3 | O80: 0 | P80: 1.6 | Q80: 10.37
... A88: 07/02/2025 20:00 | B88: 65.14 | C88: 55.37 | D88: 79.79 | E88: 10.24 | F88: 2.21 | G88: 93.91 | H88: Data F | I88: Invalid | J88: 0.54 | K88: 33.72 | L88: 18.49 | M88: 48.03 | N88: 77.3 | O88: 0 | P88: 1.59 | Q88: 10.64
A89: 07/02/2025 20:15 | B89: 72.81 | C89: 55.75 | D89: 86.14 | E89: 10 | F89: 2.13 | G89: 121.44 | H89: 45.1 | I89: Invalid | J89: 0.31 | K89: 302.65 | L89: 18.53 | M89: 46.13 | N89: 77.3 | O89: 0 | P89: 1.67 | Q89: 10.72
A90: 07/02/2025 20:30 | B90: 78.45 | C90: 53.27 | D90: 89.36 | E90: 10.09 | F90: 2.13 | G90: 121.44 | H90: 45.1 | I90: Invalid | J90: 0.61 | K90: 304.83 | L90: 18.25 | M90: 48.14 | N90: 77.5 | O90: 0 | P90: 1.74 | Q90: 10.85
A91: 07/02/2025 20:45 | B91: 86.98 | C91: 49.03 | D91: 93.99 | E91: 10.3 | F91: 2.13 | G91: 121.44 | H91: 45.1 | I91: Invalid | J91: 0.53 | K91: 301.13 | L91: 17.93 | M91: 52.53 | N91: 77.5 | O91: 0 | P91: 1.83 | Q91: 11.01
A92: 07/02/2025 21:00 | B92: 92.98 | C92: 46.07 | D92: 97.26 | E92: 10.95 | F92: 2.13 | G92: 122.45 | H92: 54.04 | I92: Invalid | J92: 0.6 | K92: 348.31 | L92: 17.55 | M92: 53.41 | N92: 77.5 | O92: 0 | P92: 1.91 | Q92: 11.09
A93: 07/02/2025 21:15 | B93: 100.14 | C93: 52.66 | D93: 106.44 | E93: 11.02 | F93: 2.13 | G93: 130.47 | H93: Data F | I93: Invalid | J93: 0.61 | K93: 327.21 | L93: 17.33 | M93: 54.73 | N93: 77.4 | O93: 0 | P93: 2.03 | Q93: 11.1
A94: 07/02/2025 21:30 | B94: 111.58 | C94: 46.97 | D94: 112.64 | E94: 11.05 | F94: 2.13 | G94: 130.47 | H94: Data F | I94: Invalid | J94: 0.67 | K94: 351.74 | L94: 17.21 | M94: 56.49 | N94: 77.4 | O94: 0 | P94: 2.5 | Q94: 11.07
A95: 07/02/2025 21:45 | B95: 120.11 | C95: 43.41 | D95: 117.62 | E95: 11.08 | F95: 2.13 | G95: 130.47 | H95: Data F | I95: Invalid | J95: 0.58 | K95: 300.57 | L95: 17.12 | M95: 59.27 | N95: 77.4 | O95: 0 | P95: 2.6 | Q95: 11.05
A96: 07/02/2025 22:00 | B96: 124.28 | C96: 43.84 | D96: 121.19 | E96: 10.75 | F96: 2.13 | G96: 132.75 | H96: Data F | I96: Invalid | J96: 0.54 | K96: 335.66 | L96: 16.97 | M96: 58.14 | N96: 77.3 | O96: 0 | P96: 2.44 | Q96: 11.04
A97: 07/02/2025 22:15 | B97: 127.7 | C97: 46.83 | D97: 125.5 | E97: 11.13 | F97: 2.13 | G97: 150.93 | H97: Data F | I97: Invalid | J97: 0.51 | K97: 30.4 | L97: 17.15 | M97: 57.27 | N97: 77.3 | O97: 0 | P97: 2.87 | Q97: 11
A98: 07/02/2025 22:30 | B98: 131.51 | C98: 47.7 | D98: 129 | E98: 11.17 | F98: 2.13 | G98: 150.93 | H98: Data F | I98: Invalid | J98: 0.47 | K98: 277.57 | L98: 17.01 | M98: 57.76 | N98: 77.5 | O98: 0 | P98: 2.58 | Q98: 10.95
A99: 07/02/2025 22:45 | B99: 133.65 | C99: 48.13 | D99: 130.95 | E99: 11.05 | F99: 2.13 | G99: 150.93 | H99: Data F | I99: Invalid | J99: 0.68 | K99: 243.73 | L99: 17.09 | M99: 52.7 | N99: 77.2 | O99: 0 | P99: 2.5 | Q99: 10.95
A100: 07/02/2025 23:00 | B100: 134.8 | C100: 49.07 | D100: 132.36 | E100: 10.94 | F100: 2.13 | G100: 153.36 | H100: Data F | I100: Invalid | J100: 0.61 | K100: 256.6 | L100: 16.7 | M100: 57.79 | N100: 77.5 | O100: 0 | P100: 2.55 | Q100: 10.92
A101: 07/02/2025 23:15 | B101: 137.47 | C101: 49.13 | D101: 134.53 | E101: 11.44 | F101: 2.13 | G101: 172.74 | H101: Data F | I101: Invalid | J101: 0.47 | K101: 10.12 | L101: 16.33 | M101: 61.68 | N101: 77.5 | O101: 0 | P101: 2.57 | Q101: 10.85
A102: 07/02/2025 23:30 | B102: 142.24 | C102: 54.25 | D102: 141.04 | E102: 11.5 | F102: 2.13 | G102: 172.74 | H102: Data F | I102: Invalid | J102: 0.66 | K102: 340.84 | L102: 16.08 | M102: 66.72 | N102: 77.5 | O102: 0 | P102: 2.54 | Q102: 10.8
A103: 07/02/2025 23:45 | B103: 145.9 | C103: 60.05 | D103: 147 | E103: 11.61 | F103: 2.18 | G103: 172.74 | H103: Data F | I103: Invalid | J103: 0.46 | K103: 329.02 | L103: 16.19 | M103: 63.71 | N103: 77.4 | O103: 0 | P103: 2.58 | Q103: 10.81
A104: 07/02/2025 24:00 | B104: 150.86 | C104: 55.63 | D104: 148.66 | E104: 8.02 | F104: 2.13 | G104: 175.32 | H104: Data F | I104: Invalid | J104: 0.65 | K104: 313.6 | L104: 15.95 | M104: 62.49 | N104: 77.4 | O104: 0 | P104: 2.6 | Q104: 10.81
A106: Min | B106: =MIN(B9:B104) -> 5.17 | C106: =MIN(C9:C104) -> 43.41 | D106: =MIN(D9:D104) -> 30.12 | E106: =MIN(E9:E104) -> 3.85 | F106: =MIN(F9:F104) -> 2.13 | G106: =MIN(G9:G104) -> 40.03 | H106: =MIN(H9:H104) -> 11.73 | I106: =MIN(I9:I104) -> 0 | ... Q106: =MIN(Q9:Q104) -> 9.5
A107: Max | B107: =MAX(B9:B104) -> 150.86 | C107: =MAX(C9:C104) -> 158.9 | D107: =MAX(D9:D104) -> 148.66 | E107: =MAX(E9:E104) -> 75.61 | F107: =MAX(F9:F104) -> 17.07 | G107: =MAX(G9:G104) -> 175.32 | H107: =MAX(H9:H104) -> 54.04 | I107: =MAX(I9:I104) -> 0 | ... Q107: =MAX(Q9:Q104) -> 11.1
A108: Avg | B108: =AVERAGE(B9:B104) -> 33.209375 | C108: =AVERAGE(C9:C104) -> 65.238333 | D108: =AVERAGE(D9:D104) -> 59.339062 | E108: =AVERAGE(E9:E104) -> 10.496979 | F108: =AVERAGE(F9:F104) -> 2.8985417 | G108: =AVERAGE(G9:G104) -> 73.462812 | H108: =AVERAGE(H9:H104) -> 28.193125 | I108: =AVERAGE(I9:I104) -> #DIV/0! | ... Q108: =AVERAGE(Q9:Q104) -> 10.039792
A109: Stdev | B109: =STDEV(B9:B104) -> 40.913381 | C109: =STDEV(C9:C104) -> 25.365776 | D109: =STDEV(D9:D104) -> 33.344228 | E109: =STDEV(E9:E104) -> 11.839847 | F109: =STDEV(F9:F104) -> 2.5716822 | G109: =STDEV(G9:G104) -> 35.237125 | H109: =STDEV(H9:H104) -> 13.788677 | I109: =STDEV(I9:I104) -> #DIV/0! | ... Q109: =STDEV(Q9:Q104) -> 0.50636575
A110: Num | B110: =COUNT(B9:B104) -> 96 | C110: =COUNT(C9:C104) -> 96 | D110: =COUNT(D9:D104) -> 96 | E110: =COUNT(E9:E104) -> 96 | F110: =COUNT(F9:F104) -> 96 | G110: =COUNT(G9:G104) -> 96 | H110: =COUNT(H9:H104)+80 -> 96 | I110: =COUNT(I9:I104) -> 0 | J110: =COUNT(J9:J104) -> 96 | K110: =COUNT(K9:K104) -> 96 | L110: =COUNT(L9:L104) -> 96 | M110: =COUNT(M9:M104) -> 96 | N110: =COUNT(N9:N104) -> 96 | O110: =COUNT(O9:O104) -> 96 | P110: =COUNT(P9:P104) -> 96 | Q110: =COUNT(Q9:Q104) -> 96
A111: DCR | B111: =IF(B110>=87,">90%",IF(B110<=87,"<90%")) -> >90% | C111: =IF(C110>=87,">90%",IF(C110<=87,"<90%")) -> >90% | D111: =IF(D110>=87,">90%",IF(D110<=87,"<90%")) -> >90% | E111: =IF(E110>=87,">90%",IF(E110<=87,"<90%")) -> >90% | F111: =IF(F110>=87,">90%",IF(F110<=87,"<90%")) -> >90% | G111: =IF(G110>=87,">90%",IF(G110<=87,"<90%")) -> >90% | H111: =IF(H110>=87,">90%",IF(H110<=87,"<90%")) -> >90% | I111: =IF(I110>=87,">90%",IF(I110<=87,"<90%")) -> <90% | ... Q111: =IF(Q110>=87,">90%",IF(Q110<=87,"<90%")) -> >90%
A112: Status | B112: =IF(B110>=87,"OK",IF(B110<=87,"LESS")) -> OK | C112: =IF(C110>=87,"OK",IF(C110<=87,"LESS")) -> OK | D112: =IF(D110>=87,"OK",IF(D110<=87,"LESS")) -> OK | E112: =IF(E110>=87,"OK",IF(E110<=87,"LESS")) -> OK | F112: =IF(F110>=87,"OK",IF(F110<=87,"LESS")) -> OK | G112: =IF(G110>=87,"OK",IF(G110<=87,"LESS")) -> OK | H112: =IF(H110>=87,"OK",IF(H110<=87,"LESS")) -> OK | I112: =IF(I110>=87,"OK",IF(I110<=87,"LESS")) -> LESS | ... Q112: =IF(Q110>=87,"OK",IF(Q110<=87,"LESS")) -> OK
A115: Done by | B115: RK
A117: Comment

Sheet 08
A1: Station: | B1: BHATAGAON RAIPUR
A2: Date: | B2: =$A$9 -> 08/02/2025 00:15 | D2: Power Off | G2: Pw.Off | L2: Link Fail | N2: Link F | P2: Maintenance | R2: Maint.
A3: Report Type: | B3: Mean | D3: Calibration | G3: Calib. | L3: Data Fail | N3: Data F | P3: Invalid | R3: Invalid
A4: Time Base: | B4: 15 Min | D4: Zero Referrence | G4: Z.Ref | L4: Warm Up | N4: Wm. Up
A7: Date & Time | B7: NO_BHATAGAON | C7: NO2__BHATAGAON | D7: NOX_BHATAGAON | E7: SO2__BHATAGAON | F7: O3__BHATAGAON | G7: PM10__BHATAGAON | H7: PM2_5__BHATAGAON | I7: BENZ__BHATAGAON | J7: WS__BHATAGAON | K7: WD__BHATAGAON | L7: TEMP__BHATAGAON | M7: HUM__BHATAGAON | N7: SR__BHATAGAON | O7: RG__BHATAGAON | P7: CO__BHATAGAON | Q7: NH3__BHATAGAON
B8: ug/m3 | C8: ug/m3 | D8: ppb | E8: ug/m3 | F8: ug/m3 | G8: ug/m3 | H8: ug/m3 | I8: ug/m3 | J8: m/sec | K8: deg | L8: degreC | M8: % | N8: w/m2 | O8: mm | P8: mg/m3 | Q8: ug/m3
A9: 08/02/2025 00:15 | B9: 151.95 | C9: 55.93 | D9: 149.7 | E9: 10.73 | F9: 2.13 | G9: 196.03 | H9: Maint. | I9: Invalid | J9: 0.62 | K9: 326.62 | L9: 15.73 | M9: 63.7 | N9: 77.5 | O9: 0 | P9: 2.6 | Q9: 10.82
A10: 08/02/2025 00:30 | B10: 150.16 | C10: 55.36 | D10: 147.97 | E10: 10.1 | F10: 2.13 | G10: 196.03 | H10: Maint. | I10: Invalid | J10: 0.51 | K10: 281 | L10: 15.72 | M10: 57.28 | N10: 77.2 | O10: 0 | P10: 2.57 | Q10: 10.86
A11: 08/02/2025 00:45 | B11: 145.2 | C11: 56.36 | D11: 144.51 | E11: 9.87 | F11: 2.13 | G11: 196.03 | H11: Maint. | I11: Invalid | J11: 0.57 | K11: 240.36 | L11: 15.79 | M11: 58.52 | N11: 77.4 | O11: 0 | P11: 2.53 | Q11: 10.83
A12: 08/02/2025 01:00 | B12: 142.04 | C12: 53.04 | D12: 140.24 | E12: 9.55 | F12: 2.13 | G12: 193.41 | H12: Maint. | I12: Invalid | J12: 0.4 | K12: 305.22 | L12: 15.65 | M12: 59.43 | N12: 77.5 | O12: 0 | P12: 2.49 | Q12: 10.81
A13: 08/02/2025 01:15 | B13: 138.93 | C13: 57.76 | D13: 140.21 | E13: 9.73 | F13: 2.13 | G13: 172.45 | H13: 48.47 | I13: Invalid | J13: 0.49 | K13: 257.71 | L13: 15.42 | M13: 60.68 | N13: 77.4 | O13: 0 | P13: 2.19 | Q13: 10.75
A14: 08/02/2025 01:30 | B14: 135.6 | C14: 52.63 | D14: 134.87 | E14: 9.37 | F14: 2.13 | G14: 172.45 | H14: 48.47 | I14: Invalid | J14: 0.49 | K14: 257.83 | L14: 15.47 | M14: 60.49 | N14: 77.2 | O14: 0 | P14: 2.22 | Q14: 10.73
A15: 08/02/2025 01:45 | B15: 130.94 | C15: 54.72 | D15: 132.22 | E15: 9.24 | F15: 2.13 | G15: 172.45 | H15: 48.47 | I15: Invalid | J15: 0.62 | K15: 207.14 | L15: 15.39 | M15: 68.85 | N15: 77 | O15: 0 | P15: 2.17 | Q15: 10.7
A16: 08/02/2025 02:00 | B16: 128.01 | C16: 48.3 | D16: 126.51 | E16: 9.23 | F16: 2.13 | G16: 169.99 | H16: 48.29 | I16: Invalid | J16: 0.68 | K16: 208.25 | L16: 15.11 | M16: 72.68 | N16: 77.2 | O16: 0 | P16: 1.91 | Q16: 10.64
A17: 08/02/2025 02:15 | B17: 125.82 | C17: 47.06 | D17: 124.11 | E17: 8.76 | F17: 2.13 | G17: 147.85 | H17: 46.7 | I17: Invalid | J17: 0.67 | K17: 232.94 | L17: 15.08 | M17: 73.72 | N17: 77.4 | O17: 0 | P17: 1.94 | Q17: 10.56
A18: 08/02/2025 02:30 | B18: 123.49 | C18: 46.55 | D18: 121.98 | E18: 8.43 | F18: 2.13 | G18: 147.85 | H18: 46.7 | I18: Invalid | J18: 0.47 | K18: 333.63 | L18: 14.8 | M18: 75.02 | N18: 77.7 | O18: 0 | P18: 1.87 | Q18: 10.5
A19: 08/02/2025 02:45 | B19: 120.9 | C19: 46.48 | D19: 119.86 | E19: 8.03 | F19: 2.13 | G19: 147.85 | H19: 46.7 | I19: Invalid | J19: 0.56 | K19: 330.14 | L19: 14.33 | M19: 78.8 | N19: 77.4 | O19: 0 | P19: 1.81 | Q19: 10.47
A20: 08/02/2025 03:00 | B20: 118.17 | C20: 46.01 | D20: 117.43 | E20: 8.23 | F20: 2.13 | G20: 147.3 | H20: 45.36 | I20: Invalid | J20: 0.65 | K20: 300.7 | L20: 13.96 | M20: 80.91 | N20: 77.4 | O20: 0 | P20: 1.84 | Q20: 10.43
A21: 08/02/2025 03:15 | B21: 115.43 | C21: 46.13 | D21: 115.29 | E21: 7.84 | F21: 2.13 | G21: 142.31 | H21: 33.31 | I21: Invalid | J21: 0.56 | K21: 336.49 | L21: 13.79 | M21: 83.75 | N21: 77.4 | O21: 0 | P21: 1.77 | Q21: 10.39
A22: 08/02/2025 03:30 | B22: 112.28 | C22: 46.04 | D22: 112.72 | E22: 7.81 | F22: 2.13 | G22: 142.31 | H22: 33.31 | I22: Invalid | J22: 1.24 | K22: 354.05 | L22: 13.93 | M22: 70.8 | N22: 75.7 | O22: 0 | P22: 1.55 | Q22: 10.35
A23: 08/02/2025 03:45 | B23: 107.48 | C23: 46.72 | D23: 109.22 | E23: 7.54 | F23: 2.13 | G23: 142.31 | H23: 33.31 | I23: Invalid | J23: 0.48 | K23: 19.45 | L23: 15.01 | M23: 55.1 | N23: 76.8 | O23: 0 | P23: 1.71 | Q23: 10.34
A24: 08/02/2025 04:00 | B24: 102.14 | C24: 56.13 | D24: 109.86 | E24: 7.55 | F24: 2.13 | G24: 139.57 | H24: 34.09 | I24: Invalid | J24: 0.56 | K24: 27.84 | L24: 14.81 | M24: 56.08 | N24: 77.4 | O24: 0 | P24: 1.67 | Q24: 10.31
... A28: 08/02/2025 05:00 | B28: 83.59 | C28: 48.76 | D28: 91.13 | E28: 6.63 | F28: 2.13 | G28: 110.43 | H28: 51.97 | I28: Invalid | J28: 1.38 | K28: 358.81 | L28: 14.89 | M28: 44.51 | N28: 77.2 | O28: 0 | P28: 1.36 | Q28: 10.23
A29: 08/02/2025 05:15 | B29: 79.34 | C29: 52.31 | D29: 89.58 | E29: 6.27 | F29: 2.13 | G29: 70.65 | H29: Maint. | I29: Invalid | J29: 1.2 | K29: 357.1 | L29: 14.84 | M29: 45.05 | N29: 77.4 | O29: 0 | P29: 1.27 | Q29: 10.18
A30: 08/02/2025 05:30 | B30: 75.5 | C30: 51.49 | D30: 86.07 | E30: 6.03 | F30: 2.13 | G30: 70.65 | H30: Maint. | I30: Invalid | J30: 1.1 | K30: 353.75 | L30: 14.56 | M30: 46.51 | N30: 77.4 | O30: 0 | P30: 1.22 | Q30: 10.19
A31: 08/02/2025 05:45 | B31: 72.24 | C31: 50.06 | D31: 82.7 | E31: 6.25 | F31: 2.13 | G31: 70.65 | H31: Maint. | I31: Invalid | J31: 0.38 | K31: 21.62 | L31: 14.37 | M31: 45.64 | N31: 77.6 | O31: 0 | P31: 1.15 | Q31: 10.16
A32: 08/02/2025 06:00 | B32: 69.17 | C32: 50.05 | D32: 80.24 | E32: 5.71 | F32: 2.13 | G32: 70.51 | H32: Maint. | I32: Invalid | J32: 0.46 | K32: 48.67 | L32: 14.13 | M32: 46.42 | N32: 77.4 | O32: 0 | P32: 1.11 | Q32: 10.13
A33: 08/02/2025 06:15 | B33: 66.44 | C33: 48.97 | D33: 77.49 | E33: 5.44 | F33: 2.13 | G33: 69.32 | H33: Maint. | I33: Invalid | J33: 0.55 | K33: 6.69 | L33: 14.1 | M33: 45.45 | N33: 77.3 | O33: 0 | P33: 1.02 | Q33: 10.1
A34: 08/02/2025 06:30 | B34: 64.25 | C34: 43.74 | D34: 73 | E34: 5.5 | F34: 2.13 | G34: 69.32 | H34: Maint. | I34: Invalid | J34: 0.27 | K34: 42.95 | L34: 14.02 | M34: 44.78 | N34: 78 | O34: 0 | P34: 1.01 | Q34: 10.09
A35: 08/02/2025 06:45 | B35: 61.97 | C35: 43.77 | D35: 71.19 | E35: 5.36 | F35: 2.13 | G35: 69.32 | H35: Maint. | I35: Invalid | J35: 0.39 | K35: 23.95 | L35: 13.99 | M35: 45.6 | N35: 81.3 | O35: 0 | P35: 0.96 | Q35: 10.04
A36: 08/02/2025 07:00 | B36: 60.32 | C36: 44.13 | D36: 70.05 | E36: 4.88 | F36: 2.13 | G36: 66.79 | H36: Maint. | I36: Invalid | J36: 0.7 | K36: 345.41 | L36: 14 | M36: 45.43 | N36: 91.4 | O36: 0 | P36: 0.91 | Q36: 10.01
A37: 08/02/2025 07:15 | B37: 59.39 | C37: 45.81 | D37: 70.18 | E37: 5.34 | F37: 2.13 | G37: 44.02 | H37: Maint. | I37: Invalid | J37: 0.57 | K37: 358.18 | L37: 14.22 | M37: 46.17 | N37: 105.9 | O37: 0 | P37: 1.03 | Q37: 9.98
A38: 08/02/2025 07:30 | B38: 58.94 | C38: 46.58 | D38: 70.22 | E38: 4.99 | F38: 2.13 | G38: 44.02 | H38: Maint. | I38: Invalid | J38: 0.36 | K38: 14.7 | L38: 14.68 | M38: 43.32 | N38: 123.7 | O38: 0 | P38: 1.03 | Q38: 9.95
A39: 08/02/2025 07:45 | B39: 57.76 | C39: 46.47 | D39: 69.22 | E39: 5.26 | F39: 2.13 | G39: 44.02 | H39: Maint. | I39: Invalid | J39: 0.44 | K39: 48.05 | L39: 15.39 | M39: 40.49 | N39: 183.2 | O39: 0 | P39: 1.02 | Q39: 9.95
A40: 08/02/2025 08:00 | B40: 56.3 | C40: 47.23 | D40: 68.45 | E40: 5.54 | F40: 2.13 | G40: 44.67 | H40: Maint. | I40: Invalid | J40: 0.65 | K40: 78.51 | L40: 16.57 | M40: 37.4 | N40: 237.5 | O40: 0 | P40: 0.99 | Q40: 9.92
... A72: 08/02/2025 16:00 | B72: 13.21 | C72: 56.98 | D72: 38.99 | E72: 5.83 | F72: 2.13 | G72: 75.67 | H72: Maint. | I72: Invalid | J72: 0.81 | K72: 6.47 | L72: 26.16 | M72: 25.43 | N72: 135.6 | O72: 0 | P72: 0.62 | Q72: 9.64
A73: 08/02/2025 16:15 | B73: 13.04 | C73: 56.66 | D73: 38.68 | E73: 6.1 | F73: 2.13 | G73: 79.02 | H73: 36.66 | I73: Invalid | J73: 1.46 | K73: 339.16 | L73: 25.69 | M73: 26.48 | N73: 126.2 | O73: 0 | P73: 0.66 | Q73: 9.63
A74: 08/02/2025 16:30 | B74: 12.95 | C74: 55.95 | D74: 38.24 | E74: 5.93 | F74: 2.13 | G74: 79.02 | H74: 36.66 | I74: Invalid | J74: 1.45 | K74: 331.67 | L74: 25.73 | M74: 27.04 | N74: 119.7 | O74: 0 | P74: 0.69 | Q74: 9.62
A75: 08/02/2025 16:45 | B75: 13 | C75: 55.42 | D75: 38 | E75: 6.07 | F75: 2.13 | G75: 79.02 | H75: 36.66 | I75: Invalid | J75: 1.56 | K75: 339.76 | L75: 25.47 | M75: 26.79 | N75: 114.6 | O75: 0 | P75: 0.67 | Q75: 9.61
A76: 08/02/2025 17:00 | B76: 13.22 | C76: 55.38 | D76: 38.16 | E76: 5.99 | F76: 2.13 | G76: 77.75 | H76: 38.75 | I76: Invalid | J76: 1.63 | K76: 331.09 | L76: 25.09 | M76: 27.24 | N76: 109.2 | O76: 0 | P76: 0.69 | Q76: 9.6
A77: 08/02/2025 17:15 | B77: 13.36 | C77: 57.39 | D77: 39.32 | E77: 6.37 | F77: 2.13 | G77: 66.32 | H77: 55.94 | I77: Invalid | J77: 1.57 | K77: 350.23 | L77: 24.56 | M77: 27.73 | N77: 101.8 | O77: 0 | P77: 0.68 | Q77: 9.6
A78: 08/02/2025 17:30 | B78: 13.92 | C78: 57.52 | D78: 39.84 | E78: 6.18 | F78: 2.13 | G78: 66.32 | H78: 55.94 | I78: Invalid | J78: 1.23 | K78: 355.89 | L78: 24.02 | M78: 27.81 | N78: 93.8 | O78: 0 | P78: 0.71 | Q78: 9.6
A79: 08/02/2025 17:45 | B79: 15.15 | C79: 57.96 | D79: 41.05 | E79: 6.35 | F79: 2.13 | G79: 66.32 | H79: 55.94 | I79: Invalid | J79: 1.14 | K79: 0.38 | L79: 23.34 | M79: 28.9 | N79: 86.2 | O79: 0 | P79: 0.74 | Q79: 9.61
A80: 08/02/2025 18:00 | B80: 17 | C80: 58.04 | D80: 42.58 | E80: 5.69 | F80: 2.13 | G80: 69.05 | H80: 55.4 | I80: Invalid | J80: 1.01 | K80: 353.16 | L80: 22.67 | M80: 29.21 | N80: 80.8 | O80: 0 | P80: 0.8 | Q80: 9.6
A81: 08/02/2025 18:15 | B81: 19.24 | C81: 58.78 | D81: 44.77 | E81: 6.29 | F81: 2.13 | G81: 93.57 | H81: 51.13 | I81: Invalid | J81: 0.92 | K81: 359.85 | L81: 22.09 | M81: 29.76 | N81: 79 | O81: 0 | P81: 0.85 | Q81: 9.62
A82: 08/02/2025 18:30 | B82: 21.54 | C82: 59.66 | D82: 47.07 | E82: 6.3 | F82: 2.13 | G82: 93.57 | H82: 51.13 | I82: Invalid | J82: 0.82 | K82: 356.58 | L82: 21.47 | M82: 30.7 | N82: 78.5 | O82: 0 | P82: 0.89 | Q82: 9.65
A83: 08/02/2025 18:45 | B83: 23.47 | C83: 60.03 | D83: 48.8 | E83: 5.99 | F83: 2.13 | G83: 93.57 | H83: 51.13 | I83: Invalid | J83: 0.86 | K83: 3.98 | L83: 21.05 | M83: 31.4 | N83: 78.4 | O83: 0 | P83: 0.95 | Q83: 9.66
A84: 08/02/2025 19:00 | B84: 26.21 | C84: 60.58 | D84: 51.29 | E84: 6.51 | F84: 2.13 | G84: 91.88 | H84: 57.73 | I84: Invalid | J84: 0.62 | K84: 22.44 | L84: 20.5 | M84: 32.58 | N84: 78.7 | O84: 0 | P84: 1.15 | Q84: 9.66
A85: 08/02/2025 19:15 | B85: 28.77 | C85: 61.26 | D85: 53.71 | E85: 6.55 | F85: 2.13 | G85: 76.67 | H85: Maint. | I85: Invalid | J85: 0.74 | K85: 70.06 | L85: 20.28 | M85: 33.14 | N85: 78.3 | O85: 0 | P85: 1.09 | Q85: 9.67
A86: 08/02/2025 19:30 | B86: 30.66 | C86: 61.18 | D86: 55.18 | E86: 6.81 | F86: 2.13 | G86: 76.67 | H86: Maint. | I86: Invalid | J86: 0.63 | K86: 54.46 | L86: 19.98 | M86: 34.17 | N86: 78.4 | O86: 0 | P86: 1.37 | Q86: 9.7
A87: 08/02/2025 19:45 | B87: 32.96 | C87: 57.53 | D87: 55.12 | E87: 6.59 | F87: 2.13 | G87: 76.67 | H87: Maint. | I87: Invalid | J87: 0.63 | K87: 66.78 | L87: 19.73 | M87: 34.43 | N87: 78.2 | O87: 0 | P87: 1.53 | Q87: 9.71
A88: 08/02/2025 20:00 | B88: 35.15 | C88: 57.76 | D88: 56.99 | E88: 6.21 | F88: 2.13 | G88: 78.86 | H88: Maint. | I88: Invalid | J88: 0.43 | K88: 353.96 | L88: 19.28 | M88: 35.63 | N88: 78.4 | O88: 0 | P88: 1.66 | Q88: 9.67
A89: 08/02/2025 20:15 | B89: 37.11 | C89: 58.15 | D89: 58.77 | E89: 6.49 | F89: 2.13 | G89: 96.38 | H89: Maint. | I89: Invalid | J89: 0.57 | K89: 63.56 | L89: 19.06 | M89: 36.39 | N89: 78.1 | O89: 0 | P89: 1.59 | Q89: 9.71
A90: 08/02/2025 20:30 | B90: 37.83 | C90: 57.54 | D90: 59.03 | E90: 6.55 | F90: 2.13 | G90: 96.38 | H90: Maint. | I90: Invalid | J90: 0.55 | K90: 67.64 | L90: 18.81 | M90: 37.08 | N90: 78.1 | O90: 0 | P90: 1.49 | Q90: 9.7
A91: 08/02/2025 20:45 | B91: 37.77 | C91: 57.07 | D91: 58.73 | E91: 6.68 | F91: 2.13 | G91: 96.38 | H91: Maint. | I91: Invalid | J91: 0.58 | K91: 42.95 | L91: 18.45 | M91: 37.69 | N91: 78.1 | O91: 0 | P91: 1.5 | Q91: 9.71
A92: 08/02/2025 21:00 | B92: 38.21 | C92: 56.78 | D92: 58.93 | E92: 6.66 | F92: 2.13 | G92: 97.91 | H92: Maint. | I92: Invalid | J92: 0.77 | K92: 64.09 | L92: 18.27 | M92: 38.55 | N92: 77.9 | O92: 0 | P92: 1.68 | Q92: 9.69
A93: 08/02/2025 21:15 | B93: 39.15 | C93: 56.14 | D93: 59.35 | E93: 6.66 | F93: 2.13 | G93: 111.69 | H93: Maint. | I93: Invalid | J93: 0.66 | K93: 52.86 | L93: 18.14 | M93: 38.16 | N93: 77.9 | O93: 0 | P93: 1.56 | Q93: 9.7
A94: 08/02/2025 21:30 | B94: 39.96 | C94: 57.44 | D94: 60.68 | E94: 6.95 | F94: 2.13 | G94: 111.69 | H94: Maint. | I94: Invalid | J94: 0.61 | K94: 61.7 | L94: 17.91 | M94: 38.45 | N94: 78.2 | O94: 0 | P94: 1.47 | Q94: 9.69
A95: 08/02/2025 21:45 | B95: 40.38 | C95: 58.81 | D95: 61.73 | E95: 6.71 | F95: 2.13 | G95: 111.69 | H95: Maint. | I95: Invalid | J95: 0.59 | K95: 45.83 | L95: 17.6 | M95: 38.06 | N95: 78 | O95: 0 | P95: 1.47 | Q95: 9.7
A96: 08/02/2025 22:00 | B96: 40.28 | C96: 58.81 | D96: 61.65 | E96: 6.44 | F96: 2.13 | G96: 109.01 | H96: Maint. | I96: Invalid | J96: 0.57 | K96: 32.94 | L96: 17.58 | M96: 36.03 | N96: 77.8 | O96: 0 | P96: 1.47 | Q96: 9.72
... A103: 08/02/2025 23:45 | B103: 46.02 | C103: 59.18 | D103: 66.45 | E103: 6.56 | F103: 2.13 | G103: 87.74 | H103: Maint. | I103: Invalid | J103: 0.63 | K103: 331.72 | L103: 16.59 | M103: 34.11 | N103: 78.1 | O103: 0 | P103: 1.4 | Q103: 9.77
A104: 08/02/2025 24:00 | B104: 46.25 | C104: 57.43 | D104: 65.71 | E104: 7 | F104: 2.13 | G104: 85.97 | H104: 9.13 | I104: Invalid | J104: 0.59 | K104: 339.24 | L104: 16.23 | M104: 35.4 | N104: 78 | O104: 0 | P104: 1.25 | Q104: 9.76
A106: Min | B106: =MIN(B9:B104) -> 12.95 | C106: =MIN(C9:C104) -> 43.74 | D106: =MIN(D9:D104) -> 38 | E106: =MIN(E9:E104) -> 3.89 | F106: =MIN(F9:F104) -> 2.13 | G106: =MIN(G9:G104) -> 42.69 | H106: =MIN(H9:H104) -> 9.13 | I106: =MIN(I9:I104) -> 0 | ... Q106: =MIN(Q9:Q104) -> 9.6
A107: Max | B107: =MAX(B9:B104) -> 151.95 | C107: =MAX(C9:C104) -> 61.26 | D107: =MAX(D9:D104) -> 149.7 | E107: =MAX(E9:E104) -> 10.73 | F107: =MAX(F9:F104) -> 2.13 | G107: =MAX(G9:G104) -> 196.03 | H107: =MAX(H9:H104) -> 57.73 | I107: =MAX(I9:I104) -> 0 | ... Q107: =MAX(Q9:Q104) -> 10.86
A108: Avg | B108: =AVERAGE(B9:B104) -> 54.31125 | C108: =AVERAGE(C9:C104) -> 53.952083 | D108: =AVERAGE(D9:D104) -> 70.365208 | E108: =AVERAGE(E9:E104) -> 6.1733333 | F108: =AVERAGE(F9:F104) -> 2.13 | G108: =AVERAGE(G9:G104) -> 87.559583 | H108: =AVERAGE(H9:H104) -> 44.162414 | I108: =AVERAGE(I9:I104) -> #DIV/0! | ... Q108: =AVERAGE(Q9:Q104) -> 9.9336458
A109: Stdev | B109: =STDEV(B9:B104) -> 38.582854 | C109: =STDEV(C9:C104) -> 4.8311655 | D109: =STDEV(D9:D104) -> 29.956458 | E109: =STDEV(E9:E104) -> 1.5423671 | F109: =STDEV(F9:F104) -> 2.6785224e-15 | G109: =STDEV(G9:G104) -> 40.270635 | H109: =STDEV(H9:H104) -> 10.237401 | I109: =STDEV(I9:I104) -> #DIV/0! | ... Q109: =STDEV(Q9:Q104) -> 0.34808081
A110: Num | B110: =COUNT(B9:B104) -> 96 | C110: =COUNT(C9:C104) -> 96 | D110: =COUNT(D9:D104) -> 96 | E110: =COUNT(E9:E104) -> 96 | F110: =COUNT(F9:F104) -> 96 | G110: =COUNT(G9:G104) -> 96 | H110: =COUNT(H9:H104)+67 -> 96 | I110: =COUNT(I9:I104) -> 0 | J110: =COUNT(J9:J104) -> 96 | K110: =COUNT(K9:K104) -> 96 | L110: =COUNT(L9:L104) -> 96 | M110: =COUNT(M9:M104) -> 96 | N110: =COUNT(N9:N104) -> 96 | O110: =COUNT(O9:O104) -> 96 | P110: =COUNT(P9:P104) -> 96 | Q110: =COUNT(Q9:Q104) -> 96
A111: DCR | B111: =IF(B110>=87,">90%",IF(B110<=87,"<90%")) -> >90% | C111: =IF(C110>=87,">90%",IF(C110<=87,"<90%")) -> >90% | D111: =IF(D110>=87,">90%",IF(D110<=87,"<90%")) -> >90% | E111: =IF(E110>=87,">90%",IF(E110<=87,"<90%")) -> >90% | F111: =IF(F110>=87,">90%",IF(F110<=87,"<90%")) -> >90% | G111: =IF(G110>=87,">90%",IF(G110<=87,"<90%")) -> >90% | H111: =IF(H110>=87,">90%",IF(H110<=87,"<90%")) -> >90% | I111: =IF(I110>=87,">90%",IF(I110<=87,"<90%")) -> <90% | ... Q111: =IF(Q110>=87,">90%",IF(Q110<=87,"<90%")) -> >90%
A112: Status | B112: =IF(B110>=87,"OK",IF(B110<=87,"LESS")) -> OK | C112: =IF(C110>=87,"OK",IF(C110<=87,"LESS")) -> OK | D112: =IF(D110>=87,"OK",IF(D110<=87,"LESS")) -> OK | E112: =IF(E110>=87,"OK",IF(E110<=87,"LESS")) -> OK | F112: =IF(F110>=87,"OK",IF(F110<=87,"LESS")) -> OK | G112: =IF(G110>=87,"OK",IF(G110<=87,"LESS")) -> OK | H112: =IF(H110>=87,"OK",IF(H110<=87,"LESS")) -> OK | I112: =IF(I110>=87,"OK",IF(I110<=87,"LESS")) -> LESS | ... Q112: =IF(Q110>=87,"OK",IF(Q110<=87,"LESS")) -> OK
A115: Done by | B115: RK
A117: Comment

Sheet 09
A1: Station: | B1: BHATAGAON RAIPUR
A2: Date: | B2: =$A$9 -> 09/02/2025 00:15 | D2: Power Off | G2: Pw.Off | L2: Link Fail | N2: Link F | P2: Maintenance | R2: Maint.
A3: Report Type: | B3: Mean | D3: Calibration | G3: Calib. | L3: Data Fail | N3: Data F | P3: Invalid | R3: Invalid
A4: Time Base: | B4: 15 Min | D4: Zero Referrence | G4: Z.Ref | L4: Warm Up | N4: Wm. Up
A7: Date & Time | B7: NO_BHATAGAON | C7: NO2__BHATAGAON | D7: NOX_BHATAGAON | E7: SO2__BHATAGAON | F7: O3__BHATAGAON | G7: PM10__BHATAGAON | H7: PM2_5__BHATAGAON | I7: BENZ__BHATAGAON | J7: WS__BHATAGAON | K7: WD__BHATAGAON | L7: TEMP__BHATAGAON | M7: HUM__BHATAGAON | N7: SR__BHATAGAON | O7: RG__BHATAGAON | P7: CO__BHATAGAON | Q7: NH3__BHATAGAON
B8: ug/m3 | C8: ug/m3 | D8: ppb | E8: ug/m3 | F8: ug/m3 | G8: ug/m3 | H8: ug/m3 | I8: ug/m3 | J8: m/sec | K8: deg | L8: degreC | M8: % | N8: w/m2 | O8: mm | P8: mg/m3 | Q8: ug/m3
A9: 09/02/2025 00:15 | B9: 46.33 | C9: 54.51 | D9: 64.25 | E9: 6.61 | F9: 2.13 | G9: 71.84 | H9: Data F | I9: Invalid | J9: 0.6 | K9: 337.09 | L9: 16.14 | M9: 35.18 | N9: 77.9 | O9: 0 | P9: 1.2 | Q9: 9.79
A10: 09/02/2025 00:30 | B10: 45.66 | C10: 53.94 | D10: 63.42 | E10: 6.03 | F10: 2.13 | G10: 71.84 | H10: Data F | I10: Invalid | J10: 0.48 | K10: 357.76 | L10: 16.47 | M10: 33.9 | N10: 77.5 | O10: 0 | P10: 1.19 | Q10: 9.77
A11: 09/02/2025 00:45 | B11: 44.32 | C11: 53.49 | D11: 62.11 | E11: 6.57 | F11: 2.13 | G11: 71.84 | H11: Data F | I11: Invalid | J11: 0.46 | K11: 355.8 | L11: 16.57 | M11: 33.45 | N11: 77.8 | O11: 0 | P11: 1.11 | Q11: 9.76
A12: 09/02/2025 01:00 | B12: 42.79 | C12: 53.19 | D12: 60.73 | E12: 5.88 | F12: 2.13 | G12: 71.13 | H12: Data F | I12: Invalid | J12: 0.51 | K12: 24.89 | L12: 16.55 | M12: 33.76 | N12: 77.8 | O12: 0 | P12: 1.12 | Q12: 9.75
A13: 09/02/2025 01:15 | B13: 41.33 | C13: 52.11 | D13: 58.99 | E13: 6.51 | F13: 2.35 | G13: 65.51 | H13: Data F | I13: Invalid | J13: 0.38 | K13: 9.48 | L13: 16.42 | M13: 33.78 | N13: 77.8 | O13: 0 | P13: 0.95 | Q13: 9.75
A14: 09/02/2025 01:30 | B14: 39.68 | C14: 51.54 | D14: 57.37 | E14: 6.34 | F14: 2.13 | G14: 65.51 | H14: Data F | I14: Invalid | J14: 0.54 | K14: 63.3 | L14: 16.56 | M14: 32.88 | N14: 77.5 | O14: 0 | P14: 0.94 | Q14: 9.75
A15: 09/02/2025 01:45 | B15: 38.01 | C15: 50.29 | D15: 55.38 | E15: 6.25 | F15: 2.13 | G15: 65.51 | H15: Data F | I15: Invalid | J15: 0.68 | K15: 349.19 | L15: 16.24 | M15: 33.48 | N15: 78.2 | O15: 0 | P15: 0.89 | Q15: 9.73
A16: 09/02/2025 02:00 | B16: 36.4 | C16: 48.56 | D16: 53.18 | E16: 6.17 | F16: 2.13 | G16: 64.76 | H16: Data F | I16: Invalid | J16: 0.69 | K16: 347.36 | L16: 15.83 | M16: 32.07 | N16: 78.2 | O16: 0 | P16: 1 | Q16: 9.7
A17: 09/02/2025 02:15 | B17: 35.29 | C17: 50 | D17: 53.05 | E17: 6.26 | F17: 2.13 | G17: 58.04 | H17: Data F | I17: Invalid | J17: 0.43 | K17: 355.84 | L17: 15.51 | M17: 31.48 | N17: 78.2 | O17: 0 | P17: 0.97 | Q17: 9.69
A18: 09/02/2025 02:30 | B18: 34.38 | C18: 51.27 | D18: 52.98 | E18: 6.19 | F18: 2.13 | G18: 58.04 | H18: Data F | I18: Invalid | J18: 0.52 | K18: 348.49 | L18: 15.19 | M18: 31.76 | N18: 78.1 | O18: 0 | P18: 0.91 | Q18: 9.7
A19: 09/02/2025 02:45 | B19: 33.13 | C19: 51.32 | D19: 52.01 | E19: 5.8 | F19: 2.13 | G19: 58.04 | H19: Data F | I19: Invalid | J19: 0.57 | K19: 339.7 | L19: 14.9 | M19: 32.38 | N19: 78.4 | O19: 0 | P19: 0.89 | Q19: 9.72
A20: 09/02/2025 03:00 | B20: 32.26 | C20: 51.88 | D20: 51.59 | E20: 6.05 | F20: 2.13 | G20: 58.33 | H20: Data F | I20: Invalid | J20: 0.49 | K20: 352 | L20: 14.63 | M20: 32.8 | N20: 78.2 | O20: 0 | P20: 0.86 | Q20: 9.72
A21: 09/02/2025 03:15 | B21: 31.61 | C21: 52.14 | D21: 51.22 | E21: 5.25 | F21: 2.13 | G21: 60.68 | H21: 36.5 | I21: Invalid | J21: 0.45 | K21: 0.19 | L21: 14.27 | M21: 33.92 | N21: 78.4 | O21: 0 | P21: 0.82 | Q21: 9.75
A22: 09/02/2025 03:30 | B22: 31.16 | C22: 52.13 | D22: 50.85 | E22: 5.37 | F22: 2.13 | G22: 60.68 | H22: 36.5 | I22: Invalid | J22: 0.62 | K22: 344.44 | L22: 13.75 | M22: 39.15 | N22: 78.5 | O22: 0 | P22: 0.79 | Q22: 9.76
A23: 09/02/2025 03:45 | B23: 30.92 | C23: 52.1 | D23: 50.64 | E23: 5.34 | F23: 2.13 | G23: 60.68 | H23: 36.5 | I23: Invalid | J23: 0.64 | K23: 56 | L23: 13.59 | M23: 37.32 | N23: 78.3 | O23: 0 | P23: 0.77 | Q23: 9.72
A24: 09/02/2025 04:00 | B24: 30.89 | C24: 52.32 | D24: 50.73 | E24: 5.65 | F24: 2.13 | G24: 60.61 | H24: 36.98 | I24: Invalid | J24: 0.59 | K24: 65.63 | L24: 13.6 | M24: 38.21 | N24: 78.5 | O24: 0 | P24: 0.74 | Q24: 9.7
A25: 09/02/2025 04:15 | B25: 30.83 | C25: 52.22 | D25: 50.63 | E25: 5.49 | F25: 2.13 | G25: 60.03 | H25: 41.34 | I25: Invalid | J25: 0.37 | K25: 123.68 | L25: 12.88 | M25: 41.51 | N25: 78.3 | O25: 0 | P25: 0.71 | Q25: 9.7
A26: 09/02/2025 04:30 | B26: 30.12 | C26: 49.63 | D26: 48.7 | E26: 5.41 | F26: 2.13 | G26: 60.03 | H26: 41.34 | I26: Invalid | J26: 0.43 | K26: 301.92 | L26: 12.7 | M26: 42.22 | N26: 78.2 | O26: 0 | P26: 0.64 | Q26: 9.72
A27: 09/02/2025 04:45 | B27: 29.61 | C27: 49.21 | D27: 48.08 | E27: 5.49 | F27: 2.13 | G27: 60.03 | H27: 41.34 | I27: Invalid | J27: 0.14 | K27: 110.32 | L27: 12.35 | M27: 43.97 | N27: 78.3 | O27: 0 | P27: 0.61 | Q27: 9.7
A28: 09/02/2025 05:00 | B28: 30.05 | C28: 49.94 | D28: 48.81 | E28: 5.43 | F28: 2.13 | G28: 59.49 | H28: 40.64 | I28: Invalid | J28: 0.71 | K28: 246.15 | L28: 12.66 | M28: 43.84 | N28: 77.6 | O28: 0 | P28: 0.63 | Q28: 9.68
A29: 09/02/2025 05:15 | B29: 31.1 | C29: 50.64 | D29: 50.02 | E29: 5.72 | F29: 2.13 | G29: 54.59 | H29: 34.34 | I29: Invalid | J29: 0.56 | K29: 248.02 | L29: 12.63 | M29: 44.78 | N29: 78.2 | O29: 0 | P29: 0.59 | Q29: 9.65
A30: 09/02/2025 05:30 | B30: 31.75 | C30: 50.36 | D30: 50.4 | E30: 5.48 | F30: 2.13 | G30: 54.59 | H30: 34.34 | I30: Invalid | J30: 0.66 | K30: 251.95 | L30: 12.24 | M30: 55.7 | N30: 78.3 | O30: 0 | P30: 0.61 | Q30: 9.64
A31: 09/02/2025 05:45 | B31: 32.8 | C31: 50.15 | D31: 51.13 | E31: 5.5 | F31: 2.13 | G31: 54.59 | H31: 34.34 | I31: Invalid | J31: 0.75 | K31: 221.01 | L31: 11.85 | M31: 67.35 | N31: 77.6 | O31: 0 | P31: 0.61 | Q31: 9.65
A32: 09/02/2025 06:00 | B32: 34.29 | C32: 49.56 | D32: 52.01 | E32: 5.62 | F32: 2.13 | G32: 55.72 | H32: 34.29 | I32: Invalid | J32: 0.46 | K32: 277.27 | L32: 11.38 | M32: 72.47 | N32: 78.4 | O32: 0 | P32: 0.61 | Q32: 9.64
... A88: 09/02/2025 20:00 | B88: 59.34 | C88: 64.17 | D88: 79.74 | E88: 7.55 | F88: 2.13 | G88: 155.04 | H88: 84.63 | I88: Invalid | J88: 0.22 | K88: 296.33 | L88: 19.08 | M88: 29.25 | N88: 73.3 | O88: 0 | P88: 1 | Q88: 9.87
A89: 09/02/2025 20:15 | B89: 61.68 | C89: 64.06 | D89: 81.55 | E89: 8.11 | F89: 2.13 | G89: 111.58 | H89: Data F | I89: Invalid | J89: 0.75 | K89: 318.32 | L89: 18.62 | M89: 43.77 | N89: 74.6 | O89: 0 | P89: 1.08 | Q89: 9.91
A90: 09/02/2025 20:30 | B90: 65.28 | C90: 63.92 | D90: 84.37 | E90: 7.9 | F90: 2.13 | G90: 111.58 | H90: Data F | I90: Invalid | J90: 0.46 | K90: 293.19 | L90: 17.57 | M90: 35.07 | N90: 74.5 | O90: 0 | P90: 1.12 | Q90: 9.92
A91: 09/02/2025 20:45 | B91: 67.1 | C91: 64.27 | D91: 86.01 | E91: 7.88 | F91: 2.13 | G91: 111.58 | H91: Data F | I91: Invalid | J91: 0.39 | K91: 287.46 | L91: 17.34 | M91: 39.54 | N91: 74.3 | O91: 0 | P91: 1.14 | Q91: 9.94
A92: 09/02/2025 21:00 | B92: 83.01 | C92: 65.83 | D92: 99.59 | E92: 8.06 | F92: 2.13 | G92: 112.16 | H92: Data F | I92: Invalid | J92: 0.63 | K92: 313.69 | L92: 16.96 | M92: 44.02 | N92: 74.5 | O92: 0 | P92: 1.31 | Q92: 9.87
A93: 09/02/2025 21:15 | B93: 94.45 | C93: 67.48 | D93: 109.62 | E93: 8.59 | F93: 2.13 | G93: 116.78 | H93: Data F | I93: Invalid | J93: 0.65 | K93: 312.66 | L93: 16.68 | M93: 44.76 | N93: 74.2 | O93: 0 | P93: 1.37 | Q93: 9.94
A94: 09/02/2025 21:30 | B94: 103.55 | C94: 68.45 | D94: 117.42 | E94: 9.19 | F94: 2.13 | G94: 116.78 | H94: Data F | I94: Invalid | J94: 0.67 | K94: 308.99 | L94: 16.53 | M94: 47.53 | N94: 74.2 | O94: 0 | P94: 1.44 | Q94: 10.01
A95: 09/02/2025 21:45 | B95: 111.49 | C95: 69.12 | D95: 124.14 | E95: 8.83 | F95: 2.13 | G95: 116.78 | H95: Data F | I95: Invalid | J95: 0.64 | K95: 318.3 | L95: 16.33 | M95: 46.87 | N95: 74.3 | O95: 0 | P95: 1.5 | Q95: 10.07
A96: 09/02/2025 22:00 | B96: 121.48 | C96: 69.71 | D96: 132.46 | E96: 9.25 | F96: 2.13 | G96: 121.35 | H96: Data F | I96: Invalid | J96: 0.45 | K96: 60.52 | L96: 16.15 | M96: 47.44 | N96: 74.4 | O96: 0 | P96: 1.77 | Q96: 10.09
A97: 09/02/2025 22:15 | B97: 135.65 | C97: 68.25 | D97: 143.06 | E97: 9.41 | F97: 2.13 | G97: 157.91 | H97: Data F | I97: Invalid | J97: 0.45 | K97: 347.13 | L97: 15.78 | M97: 51.43 | N97: 74.4 | O97: 0 | P97: 2.08 | Q97: 10.13
A98: 09/02/2025 22:30 | B98: 147.1 | C98: 68.81 | D98: 152.54 | E98: 9.46 | F98: 2.13 | G98: 157.91 | H98: Data F | I98: Invalid | J98: 0.59 | K98: 257.27 | L98: 15.55 | M98: 49.79 | N98: 74.4 | O98: 0 | P98: 1.92 | Q98: 10.19
A99: 09/02/2025 22:45 | B99: 155.96 | C99: 68.9 | D99: 159.69 | E99: 9.65 | F99: 2.13 | G99: 157.91 | H99: Data F | I99: Invalid | J99: 0.12 | K99: 258.22 | L99: 15.23 | M99: 51.25 | N99: 74.4 | O99: 0 | P99: 1.86 | Q99: 10.28
A100: 09/02/2025 23:00 | B100: 166.3 | C100: 68.95 | D100: 168.01 | E100: 9.47 | F100: 2.13 | G100: 156.33 | H100: Data F | I100: Invalid | J100: 0.56 | K100: 265.95 | L100: 14.97 | M100: 51.7 | N100: 74.3 | O100: 0 | P100: 1.93 | Q100: 10.3
A101: 09/02/2025 23:15 | B101: 174.59 | C101: 68.89 | D101: 174.63 | E101: 9.74 | F101: 2.13 | G101: 142.07 | H101: 79.71 | I101: Invalid | J101: 0.54 | K101: 297.14 | L101: 14.81 | M101: 50.45 | N101: 74.3 | O101: 0 | P101: 1.82 | Q101: 10.35
A102: 09/02/2025 23:30 | B102: 180.86 | C102: 67.9 | D102: 179.14 | E102: 9.81 | F102: 2.13 | G102: 142.07 | H102: 79.71 | I102: Invalid | J102: 0.61 | K102: 287.94 | L102: 14.49 | M102: 51.74 | N102: 74.3 | O102: 0 | P102: 1.76 | Q102: 10.42
A103: 09/02/2025 23:45 | B103: 185.62 | C103: 67.31 | D103: 182.64 | E103: 9.4 | F103: 2.13 | G103: 142.07 | H103: 79.71 | I103: Invalid | J103: 0.62 | K103: 286.65 | L103: 14.48 | M103: 51.33 | N103: 74.4 | O103: 0 | P103: 1.7 | Q103: 10.47
A104: 09/02/2025 24:00 | B104: 188.76 | C104: 66.76 | D104: 184.87 | E104: 7.56 | F104: 2.13 | G104: 141.3 | H104: 76.41 | I104: Invalid | J104: 0.59 | K104: 235.97 | L104: 14.34 | M104: 53.68 | N104: 74.2 | O104: 0 | P104: 1.78 | Q104: 10.49
A106: Min | B106: =MIN(B9:B104) -> 4.71 | C106: =MIN(C9:C104) -> 46.93 | D106: =MIN(D9:D104) -> 27.64 | E106: =MIN(E9:E104) -> 4.09 | F106: =MIN(F9:F104) -> 2.13 | G106: =MIN(G9:G104) -> 36.9 | H106: =MIN(H9:H104) -> 10.01 | I106: =MIN(I9:I104) -> 0 | ... Q106: =MIN(Q9:Q104) -> 9.27
A107: Max | B107: =MAX(B9:B104) -> 188.76 | C107: =MAX(C9:C104) -> 69.71 | D107: =MAX(D9:D104) -> 184.87 | E107: =MAX(E9:E104) -> 9.81 | F107: =MAX(F9:F104) -> 2.35 | G107: =MAX(G9:G104) -> 160.47 | H107: =MAX(H9:H104) -> 95.21 | I107: =MAX(I9:I104) -> 0 | ... Q107: =MAX(Q9:Q104) -> 10.49
A108: Avg | B108: =AVERAGE(B9:B104) -> 47.734271 | C108: =AVERAGE(C9:C104) -> 54.980521 | D108: =AVERAGE(D9:D104) -> 65.627292 | E108: =AVERAGE(E9:E104) -> 6.3098958 | F108: =AVERAGE(F9:F104) -> 2.1322917 | G108: =AVERAGE(G9:G104) -> 80.937604 | H108: =AVERAGE(H9:H104) -> 42.039028 | I108: =AVERAGE(I9:I104) -> #DIV/0! | ... Q108: =AVERAGE(Q9:Q104) -> 9.7329167
A109: Stdev | B109: =STDEV(B9:B104) -> 43.444973 | C109: =STDEV(C9:C104) -> 6.732748 | D109: =STDEV(D9:D104) -> 37.562205 | E109: =STDEV(E9:E104) -> 1.429436 | F109: =STDEV(F9:F104) -> 0.022453656 | G109: =STDEV(G9:G104) -> 36.131116 | H109: =STDEV(H9:H104) -> 19.430481 | I109: =STDEV(I9:I104) -> #DIV/0! | ... Q109: =STDEV(Q9:Q104) -> 0.25228604
A110: Num | B110: =COUNT(B9:B104) -> 96 | C110: =COUNT(C9:C104) -> 96 | D110: =COUNT(D9:D104) -> 96 | E110: =COUNT(E9:E104) -> 96 | F110: =COUNT(F9:F104) -> 96 | G110: =COUNT(G9:G104) -> 96 | H110: =COUNT(H9:H104)+24 -> 96 | I110: =COUNT(I9:I104) -> 0 | J110: =COUNT(J9:J104) -> 96 | K110: =COUNT(K9:K104) -> 96 | L110: =COUNT(L9:L104) -> 96 | M110: =COUNT(M9:M104) -> 96 | N110: =COUNT(N9:N104) -> 96 | O110: =COUNT(O9:O104) -> 96 | P110: =COUNT(P9:P104) -> 96 | Q110: =COUNT(Q9:Q104) -> 96
A111: DCR | B111: =IF(B110>=87,">90%",IF(B110<=87,"<90%")) -> >90% | C111: =IF(C110>=87,">90%",IF(C110<=87,"<90%")) -> >90% | D111: =IF(D110>=87,">90%",IF(D110<=87,"<90%")) -> >90% | E111: =IF(E110>=87,">90%",IF(E110<=87,"<90%")) -> >90% | F111: =IF(F110>=87,">90%",IF(F110<=87,"<90%")) -> >90% | G111: =IF(G110>=87,">90%",IF(G110<=87,"<90%")) -> >90% | H111: =IF(H110>=87,">90%",IF(H110<=87,"<90%")) -> >90% | I111: =IF(I110>=87,">90%",IF(I110<=87,"<90%")) -> <90% | ... Q111: =IF(Q110>=87,">90%",IF(Q110<=87,"<90%")) -> >90%
A112: Status | B112: =IF(B110>=87,"OK",IF(B110<=87,"LESS")) -> OK | C112: =IF(C110>=87,"OK",IF(C110<=87,"LESS")) -> OK | D112: =IF(D110>=87,"OK",IF(D110<=87,"LESS")) -> OK | E112: =IF(E110>=87,"OK",IF(E110<=87,"LESS")) -> OK | F112: =IF(F110>=87,"OK",IF(F110<=87,"LESS")) -> OK | G112: =IF(G110>=87,"OK",IF(G110<=87,"LESS")) -> OK | H112: =IF(H110>=87,"OK",IF(H110<=87,"LESS")) -> OK | I112: =IF(I110>=87,"OK",IF(I110<=87,"LESS")) -> LESS | ... Q112: =IF(Q110>=87,"OK",IF(Q110<=87,"LESS")) -> OK
A115: Done by | B115: RK
A117: Comment

Sheet 10
A1: Station: | B1: BHATAGAON RAIPUR
A2: Date: | B2: =$A$9 -> 10/02/2025 00:15 | D2: Power Off | G2: Pw.Off | L2: Link Fail | N2: Link F | P2: Maintenance | R2: Maint.
A3: Report Type: | B3: Mean | D3: Calibration | G3: Calib. | L3: Data Fail | N3: Data F | P3: Invalid | R3: Invalid
A4: Time Base: | B4: 15 Min | D4: Zero Referrence | G4: Z.Ref | L4: Warm Up | N4: Wm. Up
A7: Date & Time | B7: NO_BHATAGAON | C7: NO2__BHATAGAON | D7: NOX_BHATAGAON | E7: SO2__BHATAGAON | F7: O3__BHATAGAON | G7: PM10__BHATAGAON | H7: PM2_5__BHATAGAON | I7: BENZ__BHATAGAON | J7: WS__BHATAGAON | K7: WD__BHATAGAON | L7: TEMP__BHATAGAON | M7: HUM__BHATAGAON | N7: SR__BHATAGAON | O7: RG__BHATAGAON | P7: CO__BHATAGAON | Q7: NH3__BHATAGAON
B8: ug/m3 | C8: ug/m3 | D8: ppb | E8: ug/m3 | F8: ug/m3 | G8: ug/m3 | H8: ug/m3 | I8: ug/m3 | J8: m/sec | K8: deg | L8: degreC | M8: % | N8: w/m2 | O8: mm | P8: mg/m3 | Q8: ug/m3
A9: 10/02/2025 00:15 | B9: 187.81 | C9: 65.93 | D9: 183.67 | E9: 8.13 | F9: 2.13 | G9: 135.15 | H9: 52.15 | I9: Invalid | J9: 0.35 | K9: 307.71 | L9: 14.43 | M9: 56.12 | N9: 74.3 | O9: 0 | P9: 1.77 | Q9: 10.57
A10: 10/02/2025 00:30 | B10: 186.39 | C10: 65.31 | D10: 182.22 | E10: 8.26 | F10: 2.13 | G10: 135.15 | H10: 52.15 | I10: Invalid | J10: 0.47 | K10: 303.71 | L10: 14.24 | M10: 64.49 | N10: 74.2 | O10: 0 | P10: 1.82 | Q10: 10.54
A11: 10/02/2025 00:45 | B11: 186.57 | C11: 64.09 | D11: 181.72 | E11: 8.04 | F11: 2.13 | G11: 135.15 | H11: 52.15 | I11: Invalid | J11: 0.54 | K11: 215.92 | L11: 14.56 | M11: 61.21 | N11: 73.6 | O11: 0 | P11: 1.83 | Q11: 10.52
A12: 10/02/2025 01:00 | B12: 187.52 | C12: 62.42 | D12: 181.61 | E12: 7.74 | F12: 2.13 | G12: 134.77 | H12: 45.89 | I12: Invalid | J12: 0.58 | K12: 330.38 | L12: 14.43 | M12: 64.19 | N12: 74.5 | O12: 0 | P12: 1.86 | Q12: 10.55
A13: 10/02/2025 01:15 | B13: 188.23 | C13: 61.22 | D13: 181.56 | E13: 8.19 | F13: 2.13 | G13: 131.7 | H13: 2.09 | I13: Invalid | J13: 0.63 | K13: 275.22 | L13: 14.03 | M13: 63.48 | N13: 74.5 | O13: 0 | P13: 1.63 | Q13: 10.55
A14: 10/02/2025 01:30 | B14: 187.29 | C14: 60.54 | D14: 180.45 | E14: 8.14 | F14: 2.13 | G14: 131.7 | H14: 2.09 | I14: Invalid | J14: 0.61 | K14: 286.84 | L14: 13.63 | M14: 63.82 | N14: 74.5 | O14: 0 | P14: 1.7 | Q14: 10.55
A15: 10/02/2025 01:45 | B15: 185.36 | C15: 59.81 | D15: 178.51 | E15: 8.21 | F15: 2.13 | G15: 131.7 | H15: 2.09 | I15: Invalid | J15: 0.22 | K15: 150.99 | L15: 13.43 | M15: 63.32 | N15: 74.4 | O15: 0 | P15: 1.7 | Q15: 10.58
A16: 10/02/2025 02:00 | B16: 182.42 | C16: 58.92 | D16: 175.7 | E16: 8.42 | F16: 2.13 | G16: 129.23 | H16: 61.24 | I16: Invalid | J16: 0.55 | K16: 286.13 | L16: 14.23 | M16: 54.95 | N16: 73.2 | O16: 0 | P16: 1.7 | Q16: 10.57
A17: 10/02/2025 02:15 | B17: 179.04 | C17: 58.43 | D17: 172.73 | E17: 8.55 | F17: 2.13 | G17: 107.05 | H17: 36.45 | I17: Invalid | J17: 0.68 | K17: 301.02 | L17: 13.65 | M17: 60.38 | N17: 74.7 | O17: 0 | P17: 1.68 | Q17: 10.57
A18: 10/02/2025 02:30 | B18: 173.14 | C18: 56.92 | D18: 167.21 | E18: 8.28 | F18: 2.13 | G18: 107.05 | H18: 36.45 | I18: Invalid | J18: 0.33 | K18: 156.76 | L18: 13.45 | M18: 47.31 | N18: 74.6 | O18: 0 | P18: 1.6 | Q18: 10.61
A19: 10/02/2025 02:45 | B19: 165.73 | C19: 54.53 | D19: 160.02 | E19: 7.8 | F19: 2.13 | G19: 107.05 | H19: 36.45 | I19: Invalid | J19: 0.19 | K19: 41.54 | L19: 13.35 | M19: 55.32 | N19: 74.5 | O19: 0 | P19: 1.51 | Q19: 10.58
A20: 10/02/2025 03:00 | B20: 160.44 | C20: 54.7 | D20: 155.86 | E20: 8.08 | F20: 2.13 | G20: 98.94 | H20: 48.31 | I20: Invalid | J20: 0.45 | K20: 289.27 | L20: 13.08 | M20: 55.76 | N20: 74.5 | O20: 0 | P20: 1.47 | Q20: 10.52
A21: 10/02/2025 03:15 | B21: 155.63 | C21: 54.97 | D21: 152.15 | E21: 7.46 | F21: 2.13 | G21: 25.96 | H21: Maint. | I21: Invalid | J21: 0.59 | K21: 246.06 | L21: 13.2 | M21: 59.82 | N21: 74.1 | O21: 0 | P21: 1.51 | Q21: 10.5
A22: 10/02/2025 03:30 | B22: 150.46 | C22: 55.24 | D22: 148.14 | E22: 7.56 | F22: 2.13 | G22: 25.96 | H22: Maint. | I22: Invalid | J22: 0.64 | K22: 333.57 | L22: 13.04 | M22: 64.79 | N22: 74.6 | O22: 0 | P22: 1.46 | Q22: 10.49
A23: 10/02/2025 03:45 | B23: 145.4 | C23: 54.21 | D23: 143.55 | E23: 7.46 | F23: 2.13 | G23: 25.96 | H23: Maint. | I23: Invalid | J23: 0.65 | K23: 335.86 | L23: 12.7 | M23: 68.8 | N23: 74.7 | O23: 0 | P23: 1.47 | Q23: 10.48
A24: 10/02/2025 04:00 | B24: 141.35 | C24: 53.63 | D24: 140 | E24: 7.94 | F24: 2.13 | G24: 34.12 | H24: Maint. | I24: Invalid | J24: 0.64 | K24: 274.56 | L24: 12.73 | M24: 70.22 | N24: 74.2 | O24: 0 | P24: 1.47 | Q24: 10.46
A25: 10/02/2025 04:15 | B25: 138.33 | C25: 52.8 | D25: 137.14 | E25: 7.55 | F25: 2.13 | G25: 99.45 | H25: 48.95 | I25: Invalid | J25: 0.57 | K25: 289.01 | L25: 12.74 | M25: 72.1 | N25: 74.3 | O25: 0 | P25: 1.45 | Q25: 10.43
A26: 10/02/2025 04:30 | B26: 136.16 | C26: 50.56 | D26: 134.23 | E26: 7.8 | F26: 2.13 | G26: 99.45 | H26: 48.95 | I26: Invalid | J26: 0.67 | K26: 325.07 | L26: 12.33 | M26: 76.85 | N26: 74.4 | O26: 0 | P26: 1.46 | Q26: 10.4
A27: 10/02/2025 04:45 | B27: 135.32 | C27: 49.94 | D27: 133.23 | E27: 7.96 | F27: 2.13 | G27: 99.45 | H27: 48.95 | I27: Invalid | J27: 0.35 | K27: 191.25 | L27: 12.33 | M27: 77.87 | N27: 74.1 | O27: 0 | P27: 1.48 | Q27: 10.35
A28: 10/02/2025 05:00 | B28: 135.94 | C28: 50.45 | D28: 134 | E28: 7.94 | F28: 2.13 | G28: 100.87 | H28: 47.86 | I28: Invalid | J28: 0.31 | K28: 313.16 | L28: 12.66 | M28: 74.21 | N28: 74.1 | O28: 0 | P28: 1.48 | Q28: 10.35
A29: 10/02/2025 05:15 | B29: 137.8 | C29: 49.65 | D29: 135.07 | E29: 8.25 | F29: 2.13 | G29: 112.29 | H29: 38.09 | I29: Invalid | J29: 0.35 | K29: 334.04 | L29: 12.48 | M29: 77.6 | N29: 73.7 | O29: 0 | P29: 1.49 | Q29: 10.34
A30: 10/02/2025 05:30 | B30: 142.08 | C30: 49.85 | D30: 138.61 | E30: 8.55 | F30: 2.13 | G30: 112.29 | H30: 38.09 | I30: Invalid | J30: 0.21 | K30: 332.97 | L30: 12.08 | M30: 79.29 | N30: 73.9 | O30: 0 | P30: 1.52 | Q30: 10.34
A31: 10/02/2025 05:45 | B31: 147.37 | C31: 50.65 | D31: 143.26 | E31: 8.87 | F31: 2.13 | G31: 112.29 | H31: 38.09 | I31: Invalid | J31: 0.44 | K31: 281.91 | L31: 12.31 | M31: 79.37 | N31: 73.4 | O31: 0 | P31: 1.53 | Q31: 10.35
A32: 10/02/2025 06:00 | B32: 153.72 | C32: 51.48 | D32: 148.79 | E32: 9.06 | F32: 2.13 | G32: 117.28 | H32: 40.53 | I32: Invalid | J32: 0.42 | K32: 250.96 | L32: 12.37 | M32: 78.37 | N32: 73.6 | O32: 0 | P32: 1.56 | Q32: 10.36
A33: 10/02/2025 06:15 | B33: 160.34 | C33: 51.89 | D33: 154.31 | E33: 9.23 | F33: 2.13 | G33: 162.2 | H33: 60.02 | I33: Invalid | J33: 0.52 | K33: 273.33 | L33: 12.55 | M33: 78.91 | N33: 73.9 | O33: 0 | P33: 1.59 | Q33: 10.4
A34: 10/02/2025 06:30 | B34: 165.74 | C34: 51.97 | D34: 158.69 | E34: 9.51 | F34: 2.13 | G34: 162.2 | H34: 60.02 | I34: Invalid | J34: 0.46 | K34: 296.96 | L34: 12.65 | M34: 79.17 | N34: 74.5 | O34: 0 | P34: 1.61 | Q34: 10.46
A35: 10/02/2025 06:45 | B35: 171.17 | C35: 51.96 | D35: 163.04 | E35: 9.83 | F35: 2.13 | G35: 162.2 | H35: 60.02 | I35: Invalid | J35: 0.6 | K35: 286.19 | L35: 12.37 | M35: 83.42 | N35: 78.9 | O35: 0 | P35: 1.63 | Q35: 10.49
A36: 10/02/2025 07:00 | B36: 171.76 | C36: 50.25 | D36: 162.61 | E36: 9.49 | F36: 2.13 | G36: 163.36 | H36: 59.23 | I36: Invalid | J36: 0.57 | K36: 326.12 | L36: 12.3 | M36: 84.74 | N36: 88.7 | O36: 0 | P36: 1.58 | Q36: 10.58
... A40: 10/02/2025 08:00 | B40: 163.23 | C40: 48.51 | D40: 154.87 | E40: 7.64 | F40: 2.13 | G40: 164.22 | H40: 52.95 | I40: Invalid | J40: 0.42 | K40: 243.94 | L40: 17.21 | M40: 52.33 | N40: 255.6 | O40: 0 | P40: 1.52 | Q40: 10.65
A41: 10/02/2025 08:15 | B41: 158.16 | C41: 49.37 | D41: 151.25 | E41: 8.58 | F41: 2.13 | G41: 77.86 | H41: Maint. | I41: Invalid | J41: 0.57 | K41: 198.48 | L41: 18.73 | M41: 44.45 | N41: 303.8 | O41: 0 | P41: 1.51 | Q41: 10.61
A42: 10/02/2025 08:30 | B42: 151.35 | C42: 49.01 | D42: 145.6 | E42: 8.11 | F42: 2.13 | G42: 77.86 | H42: Maint. | I42: Invalid | J42: 1.16 | K42: 157.61 | L42: 19.11 | M42: 41.45 | N42: 354 | O42: 0 | P42: 1.47 | Q42: 10.6
A43: 10/02/2025 08:45 | B43: 143.89 | C43: 49.88 | D43: 140.07 | E43: 7.62 | F43: 2.13 | G43: 77.86 | H43: Maint. | I43: Invalid | J43: 0.65 | K43: 185.74 | L43: 20 | M43: 39.62 | N43: 391.9 | O43: 0 | P43: 1.42 | Q43: 10.56
A44: 10/02/2025 09:00 | B44: 136.67 | C44: 51.68 | D44: 135.22 | E44: 7.2 | F44: 2.13 | G44: 76.96 | H44: Maint. | I44: Invalid | J44: 0.73 | K44: 161.75 | L44: 21.38 | M44: 35.68 | N44: 433.3 | O44: 0 | P44: 1.38 | Q44: 10.55
A45: 10/02/2025 09:15 | B45: 129.01 | C45: 53 | D45: 129.77 | E45: 7 | F45: 2.13 | G45: 69.73 | H45: Maint. | I45: Invalid | J45: 0.69 | K45: 186.57 | L45: 22.35 | M45: 33.59 | N45: 467.4 | O45: 0 | P45: 1.34 | Q45: 10.54
A46: 10/02/2025 09:30 | B46: 120.34 | C46: 54.08 | D46: 123.38 | E46: 6.8 | F46: 2.13 | G46: 69.73 | H46: Maint. | I46: Invalid | J46: 0.91 | K46: 163.57 | L46: 22.99 | M46: 30.17 | N46: 506.3 | O46: 0 | P46: 1.29 | Q46: 10.49
A47: 10/02/2025 09:45 | B47: 111.36 | C47: 55.44 | D47: 116.89 | E47: 6.75 | F47: 2.13 | G47: 69.73 | H47: Maint. | I47: Invalid | J47: 0.97 | K47: 148.82 | L47: 24.13 | M47: 26.65 | N47: 538.2 | O47: 0 | P47: 1.23 | Q47: 10.46
A48: 10/02/2025 10:00 | B48: 102.72 | C48: 56.67 | D48: 110.6 | E48: 6.77 | F48: 2.13 | G48: 68.2 | H48: Maint. | I48: Invalid | J48: 1.19 | K48: 144.19 | L48: 24.75 | M48: 26.94 | N48: 561.9 | O48: 0 | P48: 1.18 | Q48: 10.46
A49: 10/02/2025 10:15 | B49: 94.53 | C49: 58.18 | D49: 104.82 | E49: 5.85 | F49: 2.13 | G49: 54.37 | H49: Maint. | I49: Invalid | J49: 1.24 | K49: 156.63 | L49: 25.11 | M49: 24.22 | N49: 569.2 | O49: 0 | P49: 1.13 | Q49: 10.4
A50: 10/02/2025 10:30 | B50: 76.99 | C50: 62.7 | D50: 93.13 | E50: 6.01 | F50: 2.13 | G50: 54.37 | H50: Maint. | I50: Invalid | J50: 1.63 | K50: 152.42 | L50: 24.97 | M50: 22.58 | N50: 576.6 | O50: 0 | P50: 1.03 | Q50: 10.39
A51: 10/02/2025 10:45 | B51: 22.78 | C51: 79.79 | D51: 58.58 | E51: 7.56 | F51: 5.01 | G51: 54.37 | H51: Maint. | I51: Invalid | J51: 0.73 | K51: 179.12 | L51: 26.2 | M51: 21.56 | N51: 730.5 | O51: 0 | P51: 0.64 | Q51: 10.67
A52: 10/02/2025 11:00 | B52: 9.15 | C52: 83.99 | D52: 49.84 | E52: 6.18 | F52: 6.23 | G52: Maint. | H52: Maint. | I52: Invalid | J52: 0.37 | K52: 227.54 | L52: 27.7 | M52: 21.04 | N52: 883.5 | O52: 0 | P52: 0.54 | Q52: 10.41
A53: 10/02/2025 11:15 | B53: 4.58 | C53: 72.52 | D53: 40.19 | E53: 8.81 | F53: 19.76 | G53: Maint. | H53: Maint. | I53: Invalid | J53: 0.67 | K53: 185.17 | L53: 27.07 | M53: 23.56 | N53: 933.4 | O53: 0 | P53: 0.42 | Q53: 10.15
A54: 10/02/2025 11:30 | B54: 3 | C54: 62.92 | D54: 33.91 | E54: 7.76 | F54: 12.63 | G54: Maint. | H54: Maint. | I54: Invalid | J54: 0.47 | K54: 264.9 | L54: 27.71 | M54: 24.33 | N54: 937.7 | O54: 0 | P54: 0.39 | Q54: 9.97
A55: 10/02/2025 11:45 | B55: 3.01 | C55: 60.73 | D55: 32.77 | E55: 7.46 | F55: 14.79 | G55: Maint. | H55: Maint. | I55: Invalid | J55: 0.5 | K55: 274.2 | L55: 28.89 | M55: 23.73 | N55: 927.7 | O55: 0 | P55: 0.4 | Q55: 9.9
A56: 10/02/2025 12:00 | B56: 3.03 | C56: 63.18 | D56: 34.06 | E56: 8.25 | F56: 17.43 | G56: 19.03 | H56: 6.15 | I56: Invalid | J56: 0.83 | K56: 325.18 | L56: 31.14 | M56: 21.18 | N56: 904.3 | O56: 0 | P56: 0.4 | Q56: 9.88
A57: 10/02/2025 12:15 | B57: 2.98 | C57: 62.78 | D57: 33.81 | E57: 7.54 | F57: 9.23 | G57: 61.16 | H57: 19.76 | I57: Invalid | J57: 0.69 | K57: 304.88 | L57: 31.95 | M57: 18.99 | N57: 867.6 | O57: 0 | P57: 0.39 | Q57: 9.87
A58: 10/02/2025 12:30 | B58: 3.18 | C58: 60.26 | D58: 32.65 | E58: 7.02 | F58: 5.5 | G58: 61.16 | H58: 19.76 | I58: Invalid | J58: 0.58 | K58: 198.2 | L58: 30.17 | M58: 19.2 | N58: 861 | O58: 0 | P58: 0.38 | Q58: 9.89
A59: 10/02/2025 12:45 | B59: 3.47 | C59: 56.35 | D59: 30.85 | E59: 7.61 | F59: 13.25 | G59: 61.16 | H59: 19.76 | I59: Invalid | J59: 0.45 | K59: 238.53 | L59: 29.61 | M59: 19.66 | N59: 853.3 | O59: 0 | P59: 0.34 | Q59: 9.92
A60: 10/02/2025 13:00 | B60: 3.2 | C60: 55.58 | D60: 30.23 | E60: 24.97 | F60: 24.5 | G60: 63.03 | H60: 19.43 | I60: Invalid | J60: 0.77 | K60: 330.17 | L60: 30.62 | M60: 19.32 | N60: 832.9 | O60: 0 | P60: 0.29 | Q60: 9.95
A61: 10/02/2025 13:15 | B61: 2.97 | C61: 55.86 | D61: 30.19 | E61: 15.08 | F61: 10.89 | G61: 67.17 | H61: 18.7 | I61: Invalid | J61: 0.81 | K61: 313.23 | L61: 31.25 | M61: 19.46 | N61: 819.9 | O61: 0 | P61: 0.48 | Q61: 9.97
A62: 10/02/2025 13:30 | B62: 3.14 | C62: 55.11 | D62: 29.93 | E62: 11.72 | F62: 5.62 | G62: 67.17 | H62: 18.7 | I62: Invalid | J62: 1.02 | K62: 304.49 | L62: 32.36 | M62: 19.12 | N62: 797 | O62: 0 | P62: 0.49 | Q62: 9.94
A63: 10/02/2025 13:45 | B63: 3.35 | C63: 54.18 | D63: 29.61 | E63: 8.55 | F63: 5.01 | G63: 67.17 | H63: 18.7 | I63: Invalid | J63: 0.68 | K63: 277.89 | L63: 31.26 | M63: 19.62 | N63: 743.4 | O63: 0 | P63: 0.51 | Q63: 9.95
A64: 10/02/2025 14:00 | B64: 3 | C64: 52.11 | D64: 28.25 | E64: 8.78 | F64: 13.27 | G64: 64.86 | H64: 18.78 | I64: Invalid | J64: 0.4 | K64: 257.06 | L64: 29.99 | M64: 20.69 | N64: 711.3 | O64: 0 | P64: 0.5 | Q64: 9.98
A65: 10/02/2025 14:15 | B65: 2.91 | C65: 54.59 | D65: 29.48 | E65: 9.53 | F65: 12.44 | G65: 59.76 | H65: 18.96 | I65: Invalid | J65: 0.44 | K65: 284.02 | L65: 30.32 | M65: 20.43 | N65: 519.2 | O65: 0 | P65: 0.56 | Q65: 10
A66: 10/02/2025 14:30 | B66: 2.85 | C66: 59.86 | D66: 32.71 | E66: 10.27 | F66: 13.94 | G66: 59.76 | H66: 18.96 | I66: Invalid | J66: 0.46 | K66: 268.52 | L66: 29.74 | M66: 21.17 | N66: 380.8 | O66: 0 | P66: 0.66 | Q66: 10.01
A67: 10/02/2025 14:45 | B67: 2.69 | C67: 62.81 | D67: 33.6 | E67: 10.03 | F67: 13.72 | G67: 59.76 | H67: 18.96 | I67: Invalid | J67: 0.85 | K67: 310.88 | L67: 30.77 | M67: 20.84 | N67: 433.8 | O67: 0 | P67: 0.74 | Q67: 10.04
... A104: 10/02/2025 24:00 | B104: 167.62 | C104: 71.46 | D104: 170.37 | E104: 11.59 | F104: 2.13 | G104: 170.68 | H104: 47.94 | I104: Invalid | J104: 0.44 | K104: 255.4 | L104: 18.73 | M104: 63.02 | N104: 70.3 | O104: 0 | P104: 2.21 | Q104: 10.78
A106: Min | B106: =MIN(B9:B104) -> 2.67 | C106: =MIN(C9:C104) -> 47.87 | D106: =MIN(D9:D104) -> 28.25 | E106: =MIN(E9:E104) -> 5.85 | F106: =MIN(F9:F104) -> 2.13 | G106: =MIN(G9:G104) -> 19.03 | H106: =MIN(H9:H104) -> 2.09 | I106: =MIN(I9:I104) -> 0 | ... Q106: =MIN(Q9:Q104) -> 9.87
A107: Max | B107: =MAX(B9:B104) -> 188.23 | C107: =MAX(C9:C104) -> 105.29 | D107: =MAX(D9:D104) -> 183.67 | E107: =MAX(E9:E104) -> 24.97 | F107: =MAX(F9:F104) -> 24.5 | G107: =MAX(G9:G104) -> 176.31 | H107: =MAX(H9:H104) -> 61.24 | I107: =MAX(I9:I104) -> 0 | ... Q107: =MAX(Q9:Q104) -> 10.78
A108: Avg | B108: =AVERAGE(B9:B104) -> 93.844792 | C108: =AVERAGE(C9:C104) -> 64.519375 | D108: =AVERAGE(D9:D104) -> 107.59458 | E108: =AVERAGE(E9:E104) -> 8.6319792 | F108: =AVERAGE(F9:F104) -> 4.3039583 | G108: =AVERAGE(G9:G104) -> 104.63804 | H108: =AVERAGE(H9:H104) -> 32.972208 | I108: =AVERAGE(I9:I104) -> #DIV/0! | ... Q108: =AVERAGE(Q9:Q104) -> 10.324688
A109: Stdev | B109: =STDEV(B9:B104) -> 70.727979 | C109: =STDEV(C9:C104) -> 14.065448 | D109: =STDEV(D9:D104) -> 54.672089 | E109: =STDEV(E9:E104) -> 2.1864033 | F109: =STDEV(F9:F104) -> 4.5401944 | G109: =STDEV(G9:G104) -> 47.700834 | H109: =STDEV(H9:H104) -> 15.25428 | I109: =STDEV(I9:I104) -> #DIV/0! | ... Q109: =STDEV(Q9:Q104) -> 0.24664039
A110: Num | B110: =COUNT(B9:B104) -> 96 | C110: =COUNT(C9:C104) -> 96 | D110: =COUNT(D9:D104) -> 96 | E110: =COUNT(E9:E104) -> 96 | F110: =COUNT(F9:F104) -> 96 | G110: =COUNT(G9:G104)+4 -> 96 | H110: =COUNT(H9:H104)+19 -> 96 | I110: =COUNT(I9:I104) -> 0 | J110: =COUNT(J9:J104) -> 96 | K110: =COUNT(K9:K104) -> 96 | L110: =COUNT(L9:L104) -> 96 | M110: =COUNT(M9:M104) -> 96 | N110: =COUNT(N9:N104) -> 96 | O110: =COUNT(O9:O104) -> 96 | P110: =COUNT(P9:P104) -> 96 | Q110: =COUNT(Q9:Q104) -> 96
A111: DCR | B111: =IF(B110>=87,">90%",IF(B110<=87,"<90%")) -> >90% | C111: =IF(C110>=87,">90%",IF(C110<=87,"<90%")) -> >90% | D111: =IF(D110>=87,">90%",IF(D110<=87,"<90%")) -> >90% | E111: =IF(E110>=87,">90%",IF(E110<=87,"<90%")) -> >90% | F111: =IF(F110>=87,">90%",IF(F110<=87,"<90%")) -> >90% | G111: =IF(G110>=87,">90%",IF(G110<=87,"<90%")) -> >90% | H111: =IF(H110>=87,">90%",IF(H110<=87,"<90%")) -> >90% | I111: =IF(I110>=87,">90%",IF(I110<=87,"<90%")) -> <90% | ... Q111: =IF(Q110>=87,">90%",IF(Q110<=87,"<90%")) -> >90%
A112: Status | B112: =IF(B110>=87,"OK",IF(B110<=87,"LESS")) -> OK | C112: =IF(C110>=87,"OK",IF(C110<=87,"LESS")) -> OK | D112: =IF(D110>=87,"OK",IF(D110<=87,"LESS")) -> OK | E112: =IF(E110>=87,"OK",IF(E110<=87,"LESS")) -> OK | F112: =IF(F110>=87,"OK",IF(F110<=87,"LESS")) -> OK | G112: =IF(G110>=87,"OK",IF(G110<=87,"LESS")) -> OK | H112: =IF(H110>=87,"OK",IF(H110<=87,"LESS")) -> OK | I112: =IF(I110>=87,"OK",IF(I110<=87,"LESS")) -> LESS | ... Q112: =IF(Q110>=87,"OK",IF(Q110<=87,"LESS")) -> OK
A115: Done by | B115: RK
A117: Comment

Sheet 11
A1: Station: | B1: BHATAGAON RAIPUR
A2: Date: | B2: =$A$9 -> 11/02/2025 00:15 | D2: Power Off | G2: Pw.Off | L2: Link Fail | N2: Link F | P2: Maintenance | R2: Maint.
A3: Report Type: | B3: Mean | D3: Calibration | G3: Calib. | L3: Data Fail | N3: Data F | P3: Invalid | R3: Invalid
A4: Time Base: | B4: 15 Min | D4: Zero Referrence | G4: Z.Ref | L4: Warm Up | N4: Wm. Up
A7: Date & Time | B7: NO_BHATAGAON | C7: NO2__BHATAGAON | D7: NOX_BHATAGAON | E7: SO2__BHATAGAON | F7: O3__BHATAGAON | G7: PM10__BHATAGAON | H7: PM2_5__BHATAGAON | I7: BENZ__BHATAGAON | J7: WS__BHATAGAON | K7: WD__BHATAGAON | L7: TEMP__BHATAGAON | M7: HUM__BHATAGAON | N7: SR__BHATAGAON | O7: RG__BHATAGAON | P7: CO__BHATAGAON | Q7: NH3__BHATAGAON
B8: ug/m3 | C8: ug/m3 | D8: ppb | E8: ug/m3 | F8: ug/m3 | G8: ug/m3 | H8: ug/m3 | I8: ug/m3 | J8: m/sec | K8: deg | L8: degreC | M8: % | N8: w/m2 | O8: mm | P8: mg/m3 | Q8: ug/m3
A9: 11/02/2025 00:15 | B9: 163.19 | C9: 69.28 | D9: 165.68 | E9: 14.24 | F9: 2.13 | G9: 197.86 | H9: 55.83 | I9: Invalid | J9: 0.52 | K9: 327.44 | L9: 18.02 | M9: 69.07 | N9: 70.8 | O9: 0 | P9: 2.21 | Q9: 10.79
A10: 11/02/2025 00:30 | B10: 158.5 | C10: 67.46 | D10: 160.98 | E10: 14.78 | F10: 2.13 | G10: 197.86 | H10: 55.83 | I10: Invalid | J10: 0.35 | K10: 18.06 | L10: 17.38 | M10: 71.32 | N10: 70.8 | O10: 0 | P10: 2.17 | Q10: 10.8
A11: 11/02/2025 00:45 | B11: 153.11 | C11: 63.93 | D11: 154.81 | E11: 14.92 | F11: 2.13 | G11: 197.86 | H11: 55.83 | I11: Invalid | J11: 0.53 | K11: 288.29 | L11: 17.13 | M11: 71.89 | N11: 70.7 | O11: 0 | P11: 1.95 | Q11: 10.77
A12: 11/02/2025 01:00 | B12: 147.81 | C12: 60.36 | D12: 148.69 | E12: 14.94 | F12: 2.13 | G12: 192.48 | H12: 61.3 | I12: Invalid | J12: 0.74 | K12: 326.4 | L12: 16.97 | M12: 73.5 | N12: 70.7 | O12: 0 | P12: 1.96 | Q12: 10.72
A13: 11/02/2025 01:15 | B13: 143.4 | C13: 59.75 | D13: 144.84 | E13: 14.24 | F13: 2.13 | G13: 179.93 | H13: 73.42 | I13: Invalid | J13: 0.58 | K13: 310.16 | L13: 16.88 | M13: 73.31 | N13: 70.4 | O13: 0 | P13: 1.67 | Q13: 10.64
A14: 11/02/2025 01:30 | B14: 138.79 | C14: 59.02 | D14: 140.76 | E14: 12.78 | F14: 2.13 | G14: 179.93 | H14: 73.42 | I14: Invalid | J14: 0.67 | K14: 228.37 | L14: 17.57 | M14: 68.7 | N14: 69.9 | O14: 0 | P14: 1.61 | Q14: 10.61
A15: 11/02/2025 01:45 | B15: 133.39 | C15: 58.11 | D15: 135.96 | E15: 11.51 | F15: 2.13 | G15: 179.93 | H15: 73.42 | I15: Invalid | J15: 0.44 | K15: 230.57 | L15: 17.44 | M15: 71.99 | N15: 70.5 | O15: 0 | P15: 1.47 | Q15: 10.55
A16: 11/02/2025 02:00 | B16: 128.04 | C16: 57.26 | D16: 131.21 | E16: 11.14 | F16: 2.13 | G16: 152.64 | H16: 68.3 | I16: Invalid | J16: 0.52 | K16: 275.73 | L16: 17.09 | M16: 74.36 | N16: 70.6 | O16: 0 | P16: 1.47 | Q16: 10.54
A17: 11/02/2025 02:15 | B17: 123.51 | C17: 55.49 | D17: 126.66 | E17: 9.66 | F17: 2.13 | G17: 92.23 | H17: 56.97 | I17: Invalid | J17: 0.58 | K17: 245.71 | L17: 17.18 | M17: 73.84 | N17: 70.4 | O17: 0 | P17: 1.5 | Q17: 10.5
A18: 11/02/2025 02:30 | B18: 118.96 | C18: 55.13 | D18: 122.82 | E18: 9.25 | F18: 2.13 | G18: 92.23 | H18: 56.97 | I18: Invalid | J18: 0.5 | K18: 288.1 | L18: 16.87 | M18: 75.95 | N18: 70.7 | O18: 0 | P18: 1.48 | Q18: 10.46
A19: 11/02/2025 02:45 | B19: 114.47 | C19: 56.15 | D19: 119.75 | E19: 9.06 | F19: 2.13 | G19: 92.23 | H19: 56.97 | I19: Invalid | J19: 0.34 | K19: 255.83 | L19: 16.61 | M19: 76.7 | N19: 70.7 | O19: 0 | P19: 1.63 | Q19: 10.43
A20: 11/02/2025 03:00 | B20: 109.48 | C20: 55.5 | D20: 115.41 | E20: 8.43 | F20: 2.13 | G20: 86.35 | H20: 51.22 | I20: Invalid | J20: 0.63 | K20: 311.22 | L20: 16.32 | M20: 79.49 | N20: 70.8 | O20: 0 | P20: 1.51 | Q20: 10.42
... A104: 11/02/2025 24:00 | B104: 80.09 | C104: 55.71 | D104: 91.96 | E104: 6.38 | F104: 2.13 | G104: 132.87 | H104: 38.76 | I104: Invalid | J104: 0.27 | K104: 306.33 | L104: 18.64 | M104: 76.24 | N104: 79 | O104: 0 | P104: 1.46 | Q104: 9.83
A106: Min | B106: =MIN(B9:B104) -> 3.12 | C106: =MIN(C9:C104) -> 48.08 | D106: =MIN(D9:D104) -> 29.38 | E106: =MIN(E9:E104) -> 5.85 | F106: =MIN(F9:F104) -> 2.13 | G106: =MIN(G9:G104) -> 57.15 | H106: =MIN(H9:H104) -> 22.58 | I106: =MIN(I9:I104) -> 0 | ... Q106: =MIN(Q9:Q104) -> 9.42
A107: Max | B107: =MAX(B9:B104) -> 163.19 | C107: =MAX(C9:C104) -> 69.28 | D107: =MAX(D9:D104) -> 165.68 | E107: =MAX(E9:E104) -> 14.94 | F107: =MAX(F9:F104) -> 33.08 | G107: =MAX(G9:G104) -> 197.86 | H107: =MAX(H9:H104) -> 73.42 | I107: =MAX(I9:I104) -> 0 | ... Q107: =MAX(Q9:Q104) -> 10.8
A108: Avg | B108: =AVERAGE(B9:B104) -> 53.327708 | C108: =AVERAGE(C9:C104) -> 56.181354 | D108: =AVERAGE(D9:D104) -> 70.741771 | E108: =AVERAGE(E9:E104) -> 7.9844792 | F108: =AVERAGE(F9:F104) -> 2.9680208 | G108: =AVERAGE(G9:G104) -> 100.06156 | H108: =AVERAGE(H9:H104) -> 35.520521 | I108: =AVERAGE(I9:I104) -> #DIV/0! | ... Q108: =AVERAGE(Q9:Q104) -> 9.9065625
A109: Stdev | B109: =STDEV(B9:B104) -> 45.4771 | C109: =STDEV(C9:C104) -> 4.3688502 | D109: =STDEV(D9:D104) -> 36.596616 | E109: =STDEV(E9:E104) -> 2.1141622 | F109: =STDEV(F9:F104) -> 3.5618601 | G109: =STDEV(G9:G104) -> 35.292625 | H109: =STDEV(H9:H104) -> 11.217438 | I109: =STDEV(I9:I104) -> #DIV/0! | ... Q109: =STDEV(Q9:Q104) -> 0.38591471
A110: Num | B110: =COUNT(B9:B104) -> 96 | C110: =COUNT(C9:C104) -> 96 | D110: =COUNT(D9:D104) -> 96 | E110: =COUNT(E9:E104) -> 96 | F110: =COUNT(F9:F104) -> 96 | G110: =COUNT(G9:G104) -> 96 | H110: =COUNT(H9:H104) -> 96 | I110: =COUNT(I9:I104) -> 0 | ... Q110: =COUNT(Q9:Q104) -> 96
A111: DCR | B111: =IF(B110>=87,">90%",IF(B110<=87,"<90%")) -> >90% | C111: =IF(C110>=87,">90%",IF(C110<=87,"<90%")) -> >90% | D111: =IF(D110>=87,">90%",IF(D110<=87,"<90%")) -> >90% | E111: =IF(E110>=87,">90%",IF(E110<=87,"<90%")) -> >90% | F111: =IF(F110>=87,">90%",IF(F110<=87,"<90%")) -> >90% | G111: =IF(G110>=87,">90%",IF(G110<=87,"<90%")) -> >90% | H111: =IF(H110>=87,">90%",IF(H110<=87,"<90%")) -> >90% | I111: =IF(I110>=87,">90%",IF(I110<=87,"<90%")) -> <90% | ... Q111: =IF(Q110>=87,">90%",IF(Q110<=87,"<90%")) -> >90%
A112: Status | B112: =IF(B110>=87,"OK",IF(B110<=87,"LESS")) -> OK | C112: =IF(C110>=87,"OK",IF(C110<=87,"LESS")) -> OK | D112: =IF(D110>=87,"OK",IF(D110<=87,"LESS")) -> OK | E112: =IF(E110>=87,"OK",IF(E110<=87,"LESS")) -> OK | F112: =IF(F110>=87,"OK",IF(F110<=87,"LESS")) -> OK | G112: =IF(G110>=87,"OK",IF(G110<=87,"LESS")) -> OK | H112: =IF(H110>=87,"OK",IF(H110<=87,"LESS")) -> OK | I112: =IF(I110>=87,"OK",IF(I110<=87,"LESS")) -> LESS | ... Q112: =IF(Q110>=87,"OK",IF(Q110<=87,"LESS")) -> OK
A115: Done by | B115: RK
A117: Comment

Sheet 12
A1: Station: | B1: BHATAGAON RAIPUR
A2: Date: | B2: =$A$9 -> 12/02/2025 00:15 | D2: Power Off | G2: Pw.Off | L2: Link Fail | N2: Link F | P2: Maintenance | R2: Maint.
A3: Report Type: | B3: Mean | D3: Calibration | G3: Calib. | L3: Data Fail | N3: Data F | P3: Invalid | R3: Invalid
A4: Time Base: | B4: 15 Min | D4: Zero Referrence | G4: Z.Ref | L4: Warm Up | N4: Wm. Up
A7: Date & Time | B7: NO_BHATAGAON | C7: NO2__BHATAGAON | D7: NOX_BHATAGAON | E7: SO2__BHATAGAON | F7: O3__BHATAGAON | G7: PM10__BHATAGAON | H7: PM2_5__BHATAGAON | I7: BENZ__BHATAGAON | J7: WS__BHATAGAON | K7: WD__BHATAGAON | L7: TEMP__BHATAGAON | M7: HUM__BHATAGAON | N7: SR__BHATAGAON | O7: RG__BHATAGAON | P7: CO__BHATAGAON | Q7: NH3__BHATAGAON
B8: ug/m3 | C8: ug/m3 | D8: ppb | E8: ug/m3 | F8: ug/m3 | G8: ug/m3 | H8: ug/m3 | I8: ug/m3 | J8: m/sec | K8: deg | L8: degreC | M8: % | N8: w/m2 | O8: mm | P8: mg/m3 | Q8: ug/m3
A9: 12/02/2025 00:15 | B9: 81.66 | C9: 55.33 | D9: 93.01 | E9: 6.74 | F9: 2.13 | G9: 129.48 | H9: 38.39 | I9: Invalid | J9: 0.26 | K9: 253.24 | L9: 18.5 | M9: 77.23 | N9: 79 | O9: 0 | P9: 1.41 | Q9: 9.82
A10: 12/02/2025 00:30 | B10: 82.27 | C10: 54.97 | D10: 93.32 | E10: 6.51 | F10: 2.18 | G10: 129.48 | H10: 38.39 | I10: Invalid | J10: 0.31 | K10: 37.15 | L10: 18.3 | M10: 77.53 | N10: 78.8 | O10: 0 | P10: 1.3 | Q10: 9.87
A11: 12/02/2025 00:45 | B11: 82.01 | C11: 55.17 | D11: 93.21 | E11: 6.44 | F11: 2.13 | G11: 129.48 | H11: 38.39 | I11: Invalid | J11: 0.21 | K11: 97.01 | L11: 18.22 | M11: 75.1 | N11: 78.7 | O11: 0 | P11: 1.41 | Q11: 9.84
A12: 12/02/2025 01:00 | B12: 81.28 | C12: 56.94 | D12: 93.55 | E12: 6.35 | F12: 2.15 | G12: 125.22 | H12: 37.77 | I12: Invalid | J12: 0.76 | K12: 336.73 | L12: 18.16 | M12: 80.85 | N12: 78.9 | O12: 0 | P12: 1.43 | Q12: 9.84
A13: 12/02/2025 01:15 | B13: 78.89 | C13: 55.14 | D13: 90.69 | E13: 6.27 | F13: 2.13 | G13: 115.79 | H13: 36.4 | I13: Invalid | J13: 0.65 | K13: 340.18 | L13: 18.18 | M13: 80.43 | N13: 78.6 | O13: 0 | P13: 1.16 | Q13: 9.86
A14: 12/02/2025 01:30 | B14: 75.28 | C14: 53.36 | D14: 86.87 | E14: 5.85 | F14: 2.13 | G14: 115.79 | H14: 36.4 | I14: Invalid | J14: 0.86 | K14: 337.49 | L14: 18.67 | M14: 77.26 | N14: 78.1 | O14: 0 | P14: 1.18 | Q14: 9.88
A15: 12/02/2025 01:45 | B15: 71.37 | C15: 53.11 | D15: 83.6 | E15: 6.08 | F15: 2.13 | G15: 115.79 | H15: 36.4 | I15: Invalid | J15: 0.64 | K15: 313.83 | L15: 18.77 | M15: 74.12 | N15: 78.8 | O15: 0 | P15: 1.15 | Q15: 9.88
A16: 12/02/2025 02:00 | B16: 67.34 | C16: 53.21 | D16: 80.43 | E16: 5.84 | F16: 2.13 | G16: 108.37 | H16: 35.93 | I16: Invalid | J16: 0.61 | K16: 316.48 | L16: 18.74 | M16: 72.44 | N16: 78.8 | O16: 0 | P16: 1.09 | Q16: 9.87
A17: 12/02/2025 02:15 | B17: 63.9 | C17: 53.26 | D17: 77.69 | E17: 6.08 | F17: 2.13 | G17: 91.06 | H17: 34.87 | I17: Invalid | J17: 1.01 | K17: 339.81 | L17: 18.79 | M17: 72.53 | N17: 78.3 | O17: 0 | P17: 1.08 | Q17: 9.86
A18: 12/02/2025 02:30 | B18: 60.43 | C18: 53.12 | D18: 74.84 | E18: 5.77 | F18: 2.13 | G18: 91.06 | H18: 34.87 | I18: Invalid | J18: 1.36 | K18: 334.75 | L18: 18.8 | M18: 70.66 | N18: 77.8 | O18: 0 | P18: 1.08 | Q18: 9.83
A19: 12/02/2025 02:45 | B19: 56.95 | C19: 53.26 | D19: 72.12 | E19: 5.61 | F19: 2.13 | G19: 91.06 | H19: 34.87 | I19: Invalid | J19: 1.16 | K19: 343.52 | L19: 18.89 | M19: 69.14 | N19: 78.4 | O19: 0 | P19: 1.02 | Q19: 9.82
A20: 12/02/2025 03:00 | B20: 53.63 | C20: 52.46 | D20: 69.04 | E20: 5.89 | F20: 2.13 | G20: 89.55 | H20: 34 | I20: Invalid | J20: 1.02 | K20: 338.94 | L20: 19.01 | M20: 68.31 | N20: 78.7 | O20: 0 | P20: 0.99 | Q20: 9.83
... A104: 12/02/2025 24:00 | B104: 17.13 | C104: 55.44 | D104: 41.32 | E104: 5.17 | F104: 2.13 | G104: 60.56 | H104: 19.02 | I104: Invalid | J104: 0.99 | K104: 337.74 | L104: 18.42 | M104: 45.11 | N104: 74.8 | O104: 0 | P104: 0.78 | Q104: 9.55
A106: Min | B106: =MIN(B9:B104) -> 3.87 | C106: =MIN(C9:C104) -> 44.61 | D106: =MIN(D9:D104) -> 27.34 | E106: =MIN(E9:E104) -> 5.17 | F106: =MIN(F9:F104) -> 2.13 | G106: =MIN(G9:G104) -> 42.13 | H106: =MIN(H9:H104) -> 11.02 | I106: =MIN(I9:I104) -> 0 | ... Q106: =MIN(Q9:Q104) -> 9.14
A107: Max | B107: =MAX(B9:B104) -> 82.27 | C107: =MAX(C9:C104) -> 61.51 | D107: =MAX(D9:D104) -> 93.55 | E107: =MAX(E9:E104) -> 8.27 | F107: =MAX(F9:F104) -> 3.84 | G107: =MAX(G9:G104) -> 129.48 | H107: =MAX(H9:H104) -> 51.54 | I107: =MAX(I9:I104) -> 0 | ... Q107: =MAX(Q9:Q104) -> 9.88
A108: Avg | B108: =AVERAGE(B9:B104) -> 24.116354 | C108: =AVERAGE(C9:C104) -> 53.393646 | D108: =AVERAGE(D9:D104) -> 45.858854 | E108: =AVERAGE(E9:E104) -> 6.8111458 | F108: =AVERAGE(F9:F104) -> 2.35625 | G108: =AVERAGE(G9:G104) -> 77.360938 | H108: =AVERAGE(H9:H104) -> 27.936667 | I108: =AVERAGE(I9:I104) -> #DIV/0! | ... Q108: =AVERAGE(Q9:Q104) -> 9.4955208
A109: Stdev | B109: =STDEV(B9:B104) -> 22.882398 | C109: =STDEV(C9:C104) -> 3.5217448 | D109: =STDEV(D9:D104) -> 17.999941 | E109: =STDEV(E9:E104) -> 0.78545712 | F109: =STDEV(F9:F104) -> 0.43965118 | G109: =STDEV(G9:G104) -> 24.043951 | H109: =STDEV(H9:H104) -> 11.062574 | I109: =STDEV(I9:I104) -> #DIV/0! | ... Q109: =STDEV(Q9:Q104) -> 0.22308304
A110: Num | B110: =COUNT(B9:B104) -> 96 | C110: =COUNT(C9:C104) -> 96 | D110: =COUNT(D9:D104) -> 96 | E110: =COUNT(E9:E104) -> 96 | F110: =COUNT(F9:F104) -> 96 | G110: =COUNT(G9:G104) -> 96 | H110: =COUNT(H9:H104) -> 96 | I110: =COUNT(I9:I104) -> 0 | ... Q110: =COUNT(Q9:Q104) -> 96
A111: DCR | B111: =IF(B110>=87,">90%",IF(B110<=87,"<90%")) -> >90% | C111: =IF(C110>=87,">90%",IF(C110<=87,"<90%")) -> >90% | D111: =IF(D110>=87,">90%",IF(D110<=87,"<90%")) -> >90% | E111: =IF(E110>=87,">90%",IF(E110<=87,"<90%")) -> >90% | F111: =IF(F110>=87,">90%",IF(F110<=87,"<90%")) -> >90% | G111: =IF(G110>=87,">90%",IF(G110<=87,"<90%")) -> >90% | H111: =IF(H110>=87,">90%",IF(H110<=87,"<90%")) -> >90% | I111: =IF(I110>=87,">90%",IF(I110<=87,"<90%")) -> <90% | ... Q111: =IF(Q110>=87,">90%",IF(Q110<=87,"<90%")) -> >90%
A112: Status | B112: =IF(B110>=87,"OK",IF(B110<=87,"LESS")) -> OK | C112: =IF(C110>=87,"OK",IF(C110<=87,"LESS")) -> OK | D112: =IF(D110>=87,"OK",IF(D110<=87,"LESS")) -> OK | E112: =IF(E110>=87,"OK",IF(E110<=87,"LESS")) -> OK | F112: =IF(F110>=87,"OK",IF(F110<=87,"LESS")) -> OK | G112: =IF(G110>=87,"OK",IF(G110<=87,"LESS")) -> OK | H112: =IF(H110>=87,"OK",IF(H110<=87,"LESS")) -> OK | I112: =IF(I110>=87,"OK",IF(I110<=87,"LESS")) -> LESS | ... Q112: =IF(Q110>=87,"OK",IF(Q110<=87,"LESS")) -> OK
A115: Done by | B115: RK
A117: Comment

Sheet 13
A1: Station: | B1: BHATAGAON RAIPUR
A2: Date: | B2: =$A$9 -> 13/02/2025 00:15 | D2: Power Off | G2: Pw.Off | L2: Link Fail | N2: Link F | P2: Maintenance | R2: Maint.
A3: Report Type: | B3: Mean | D3: Calibration | G3: Calib. | L3: Data Fail | N3: Data F | P3: Invalid | R3: Invalid
A4: Time Base: | B4: 15 Min | D4: Zero Referrence | G4: Z.Ref | L4: Warm Up | N4: Wm. Up
A7: Date & Time | B7: NO_BHATAGAON | C7: NO2__BHATAGAON | D7: NOX_BHATAGAON | E7: SO2__BHATAGAON | F7: O3__BHATAGAON | G7: PM10__BHATAGAON | H7: PM2_5__BHATAGAON | I7: BENZ__BHATAGAON | J7: WS__BHATAGAON | K7: WD__BHATAGAON | L7: TEMP__BHATAGAON | M7: HUM__BHATAGAON | N7: SR__BHATAGAON | O7: RG__BHATAGAON | P7: CO__BHATAGAON | Q7: NH3__BHATAGAON
B8: ug/m3 | C8: ug/m3 | D8: ppb | E8: ug/m3 | F8: ug/m3 | G8: ug/m3 | H8: ug/m3 | I8: ug/m3 | J8: m/sec | K8: deg | L8: degreC | M8: % | N8: w/m2 | O8: mm | P8: mg/m3 | Q8: ug/m3
A9: 13/02/2025 00:15 | B9: 16.84 | C9: 54.95 | D9: 40.83 | E9: 5.29 | F9: 2.13 | G9: 67.11 | H9: 19.18 | I9: Invalid | J9: 1.66 | K9: 348.97 | L9: 18.67 | M9: 41.42 | N9: 73.3 | O9: 0 | P9: 0.77 | Q9: 9.52
A10: 13/02/2025 00:30 | B10: 16.1 | C10: 54.37 | D10: 39.94 | E10: 5.11 | F10: 2.13 | G10: 67.11 | H10: 19.18 | I10: Invalid | J10: 1.83 | K10: 350.94 | L10: 18.95 | M10: 38.26 | N10: 73.8 | O10: 0 | P10: 0.76 | Q10: 9.54
A11: 13/02/2025 00:45 | B11: 15.01 | C11: 53.67 | D11: 38.7 | E11: 5.4 | F11: 2.13 | G11: 67.11 | H11: 19.18 | I11: Invalid | J11: 1.69 | K11: 346.65 | L11: 18.79 | M11: 38.47 | N11: 74.4 | O11: 0 | P11: 0.74 | Q11: 9.56
A12: 13/02/2025 01:00 | B12: 13.84 | C12: 52.9 | D12: 37.36 | E12: 5.05 | F12: 2.13 | G12: 68.38 | H12: 21.01 | I12: Invalid | J12: 1.45 | K12: 346.8 | L12: 18.56 | M12: 38.73 | N12: 74.6 | O12: 0 | P12: 0.73 | Q12: 9.55
A13: 13/02/2025 01:15 | B13: 13.11 | C13: 52.29 | D13: 36.45 | E13: 5.46 | F13: 2.13 | G13: 71.2 | H13: 25.05 | I13: Invalid | J13: 1.52 | K13: 352.29 | L13: 18.36 | M13: 38.81 | N13: 74.4 | O13: 0 | P13: 0.65 | Q13: 9.52
A14: 13/02/2025 01:30 | B14: 12.5 | C14: 49.79 | D14: 34.66 | E14: 5.19 | F14: 2.13 | G14: 71.2 | H14: 25.05 | I14: Invalid | J14: 1.7 | K14: 351.96 | L14: 18.37 | M14: 37.77 | N14: 74.3 | O14: 0 | P14: 0.6 | Q14: 9.54
A15: 13/02/2025 01:45 | B15: 11.92 | C15: 49.03 | D15: 33.8 | E15: 4.91 | F15: 2.13 | G15: 71.2 | H15: 25.05 | I15: Invalid | J15: 1.71 | K15: 351.28 | L15: 18.24 | M15: 38.37 | N15: 74.4 | O15: 0 | P15: 0.6 | Q15: 9.47
A16: 13/02/2025 02:00 | B16: 11.49 | C16: 48.96 | D16: 33.41 | E16: 5.01 | F16: 2.13 | G16: 69.64 | H16: 27.75 | I16: Invalid | J16: 1.77 | K16: 345.01 | L16: 18.02 | M16: 39.24 | N16: 74.5 | O16: 0 | P16: 0.55 | Q16: 9.44
A17: 13/02/2025 02:15 | B17: 11.08 | C17: 48.6 | D17: 32.9 | E17: 4.98 | F17: 2.13 | G17: 66.01 | H17: 33.72 | I17: Invalid | J17: 1.74 | K17: 352.48 | L17: 17.78 | M17: 39.81 | N17: 74.7 | O17: 0 | P17: 0.54 | Q17: 9.4
A18: 13/02/2025 02:30 | B18: 10.5 | C18: 47.87 | D18: 32.05 | E18: 5.05 | F18: 2.13 | G18: 66.01 | H18: 33.72 | I18: Invalid | J18: 1.41 | K18: 343.4 | L18: 17.5 | M18: 41.39 | N18: 74.9 | O18: 0 | P18: 0.55 | Q18: 9.38
A19: 13/02/2025 02:45 | B19: 10.06 | C19: 47.1 | D19: 31.3 | E19: 4.84 | F19: 2.13 | G19: 66.01 | H19: 33.72 | I19: Invalid | J19: 1.12 | K19: 341.38 | L19: 17.11 | M19: 43 | N19: 74.9 | O19: 0 | P19: 0.51 | Q19: 9.34
A20: 13/02/2025 03:00 | B20: 9.86 | C20: 46.67 | D20: 30.91 | E20: 4.45 | F20: 2.13 | G20: 64.68 | H20: 30.44 | I20: Invalid | J20: 0.96 | K20: 312.18 | L20: 16.64 | M20: 44.46 | N20: 74.8 | O20: 0 | P20: 0.55 | Q20: 9.31
... A104: 13/02/2025 24:00 | B104: 17.13 | C104: 56.31 | D104: 41.78 | E104: 6.34 | F104: 2.13 | G104: 52.18 | H104: 16.56 | I104: Invalid | J104: 2.38 | K104: 346.78 | L104: 17 | M104: 34.67 | N104: 85.5 | O104: 0 | P104: 0.66 | Q104: 9.69
A106: Min | B106: =MIN(B9:B104) -> 3.76 | C106: =MIN(C9:C104) -> 46.26 | D106: =MIN(D9:D104) -> 30.65 | E106: =MIN(E9:E104) -> 4.45 | F106: =MIN(F9:F104) -> 2.13 | G106: =MIN(G9:G104) -> 35.43 | H106: =MIN(H9:H104) -> 10.77 | I106: =MIN(I9:I104) -> 0 | ... Q106: =MIN(Q9:Q104) -> 9.26
A107: Max | B107: =MAX(B9:B104) -> 49.23 | C107: =MAX(C9:C104) -> 82.57 | D107: =MAX(D9:D104) -> 73.36 | E107: =MAX(E9:E104) -> 10.18 | F107: =MAX(F9:F104) -> 7.41 | G107: =MAX(G9:G104) -> 171.29 | H107: =MAX(H9:H104) -> 33.72 | I107: =MAX(I9:I104) -> 0 | ... Q107: =MAX(Q9:Q104) -> 9.73
A108: Avg | B108: =AVERAGE(B9:B104) -> 16.576667 | C108: =AVERAGE(C9:C104) -> 59.806042 | D108: =AVERAGE(D9:D104) -> 43.162708 | E108: =AVERAGE(E9:E104) -> 6.1346875 | F108: =AVERAGE(F9:F104) -> 2.7291667 | G108: =AVERAGE(G9:G104) -> 77.234375 | H108: =AVERAGE(H9:H104) -> 23.804896 | I108: =AVERAGE(I9:I104) -> #DIV/0! | ... Q108: =AVERAGE(Q9:Q104) -> 9.48
A109: Stdev | B109: =STDEV(B9:B104) -> 11.593992 | C109: =STDEV(C9:C104) -> 9.7928424 | D109: =STDEV(D9:D104) -> 10.917601 | E109: =STDEV(E9:E104) -> 1.0541806 | F109: =STDEV(F9:F104) -> 1.2836327 | G109: =STDEV(G9:G104) -> 31.07995 | H109: =STDEV(H9:H104) -> 6.6684385 | I109: =STDEV(I9:I104) -> #DIV/0! | ... Q109: =STDEV(Q9:Q104) -> 0.13194098
A110: Num | B110: =COUNT(B9:B104) -> 96 | C110: =COUNT(C9:C104) -> 96 | D110: =COUNT(D9:D104) -> 96 | E110: =COUNT(E9:E104) -> 96 | F110: =COUNT(F9:F104) -> 96 | G110: =COUNT(G9:G104) -> 96 | H110: =COUNT(H9:H104) -> 96 | I110: =COUNT(I9:I104) -> 0 | ... Q110: =COUNT(Q9:Q104) -> 96
A111: DCR | B111: =IF(B110>=87,">90%",IF(B110<=87,"<90%")) -> >90% | C111: =IF(C110>=87,">90%",IF(C110<=87,"<90%")) -> >90% | D111: =IF(D110>=87,">90%",IF(D110<=87,"<90%")) -> >90% | E111: =IF(E110>=87,">90%",IF(E110<=87,"<90%")) -> >90% | F111: =IF(F110>=87,">90%",IF(F110<=87,"<90%")) -> >90% | G111: =IF(G110>=87,">90%",IF(G110<=87,"<90%")) -> >90% | H111: =IF(H110>=87,">90%",IF(H110<=87,"<90%")) -> >90% | I111: =IF(I110>=87,">90%",IF(I110<=87,"<90%")) -> <90% | ... Q111: =IF(Q110>=87,">90%",IF(Q110<=87,"<90%")) -> >90%
A112: Status | B112: =IF(B110>=87,"OK",IF(B110<=87,"LESS")) -> OK | C112: =IF(C110>=87,"OK",IF(C110<=87,"LESS")) -> OK | D112: =IF(D110>=87,"OK",IF(D110<=87,"LESS")) -> OK | E112: =IF(E110>=87,"OK",IF(E110<=87,"LESS")) -> OK | F112: =IF(F110>=87,"OK",IF(F110<=87,"LESS")) -> OK | G112: =IF(G110>=87,"OK",IF(G110<=87,"LESS")) -> OK | H112: =IF(H110>=87,"OK",IF(H110<=87,"LESS")) -> OK | I112: =IF(I110>=87,"OK",IF(I110<=87,"LESS")) -> LESS | ... Q112: =IF(Q110>=87,"OK",IF(Q110<=87,"LESS")) -> OK
A115: Done by | B115: RK
A117: Comment

Sheet 14
A1: Station: | B1: BHATAGAON RAIPUR
A2: Date: | B2: =$A$9 -> 14/02/2025 00:15 | D2: Power Off | G2: Pw.Off | L2: Link Fail | N2: Link F | P2: Maintenance | R2: Maint.
A3: Report Type: | B3: Mean | D3: Calibration | G3: Calib. | L3: Data Fail | N3: Data F | P3: Invalid | R3: Invalid
A4: Time Base: | B4: 15 Min | D4: Zero Referrence | G4: Z.Ref | L4: Warm Up | N4: Wm. Up
A7: Date & Time | B7: NO_BHATAGAON | C7: NO2__BHATAGAON | D7: NOX_BHATAGAON | E7: SO2__BHATAGAON | F7: O3__BHATAGAON | G7: PM10__BHATAGAON | H7: PM2_5__BHATAGAON | I7: BENZ__BHATAGAON | J7: WS__BHATAGAON | K7: WD__BHATAGAON | L7: TEMP__BHATAGAON | M7: HUM__BHATAGAON | N7: SR__BHATAGAON | O7: RG__BHATAGAON | P7: CO__BHATAGAON | Q7: NH3__BHATAGAON
B8: ug/m3 | C8: ug/m3 | D8: ppb | E8: ug/m3 | F8: ug/m3 | G8: ug/m3 | H8: ug/m3 | I8: ug/m3 | J8: m/sec | K8: deg | L8: degreC | M8: % | N8: w/m2 | O8: mm | P8: mg/m3 | Q8: ug/m3
A9: 14/02/2025 00:15 | B9: 15.53 | C9: 56.06 | D9: 40.36 | E9: 6.95 | F9: 2.13 | G9: 76.38 | H9: 16.95 | I9: Invalid | J9: 2.31 | K9: 355.14 | L9: 16.74 | M9: 35.3 | N9: 85.6 | O9: 0 | P9: 0.59 | Q9: 9.69
A10: 14/02/2025 00:30 | B10: 13.98 | C10: 55.8 | D10: 38.99 | E10: 7.29 | F10: 2.13 | G10: 76.38 | H10: 16.95 | I10: Invalid | J10: 2.38 | K10: 353.18 | L10: 16.61 | M10: 34.82 | N10: 85 | O10: 0 | P10: 0.6 | Q10: 9.67
A11: 14/02/2025 00:45 | B11: 12.93 | C11: 56.04 | D11: 38.27 | E11: 7.61 | F11: 2.13 | G11: 76.38 | H11: 16.95 | I11: Invalid | J11: 2.27 | K11: 358.09 | L11: 16.66 | M11: 33.16 | N11: 85.1 | O11: 0 | P11: 0.58 | Q11: 9.68
A12: 14/02/2025 01:00 | B12: 11.92 | C12: 55.83 | D12: 37.35 | E12: 6.77 | F12: 2.13 | G12: 69.99 | H12: 17.47 | I12: Invalid | J12: 2.24 | K12: 0.37 | L12: 16.55 | M12: 33.29 | N12: 85.2 | O12: 0 | P12: 0.55 | Q12: 9.68
A13: 14/02/2025 01:15 | B13: 10.74 | C13: 54.55 | D13: 35.73 | E13: 6.33 | F13: 2.13 | G13: 55.84 | H13: 18.63 | I13: Invalid | J13: 2.47 | K13: 359.51 | L13: 16.47 | M13: 33.21 | N13: 85.2 | O13: 0 | P13: 0.53 | Q13: 9.7
A14: 14/02/2025 01:30 | B14: 9.38 | C14: 53.66 | D14: 34.18 | E14: 6.33 | F14: 2.13 | G14: 55.84 | H14: 18.63 | I14: Invalid | J14: 2.47 | K14: 359.03 | L14: 16.27 | M14: 33.72 | N14: 85.4 | O14: 0 | P14: 0.53 | Q14: 9.67
A15: 14/02/2025 01:45 | B15: 8.16 | C15: 52.34 | D15: 32.52 | E15: 6.65 | F15: 2.13 | G15: 55.84 | H15: 18.63 | I15: Invalid | J15: 2.44 | K15: 358.13 | L15: 16.03 | M15: 34.38 | N15: 85.4 | O15: 0 | P15: 0.51 | Q15: 9.63
A16: 14/02/2025 02:00 | B16: 7.16 | C16: 50.71 | D16: 30.86 | E16: 6.86 | F16: 2.13 | G16: 51.51 | H16: 17.97 | I16: Invalid | J16: 2.44 | K16: 356.91 | L16: 15.93 | M16: 34.52 | N16: 85.3 | O16: 0 | P16: 0.49 | Q16: 9.59
A17: 14/02/2025 02:15 | B17: 6.49 | C17: 49.38 | D17: 29.62 | E17: 6.57 | F17: 2.13 | G17: 41.4 | H17: 16.51 | I17: Invalid | J17: 2.28 | K17: 358.91 | L17: 15.72 | M17: 35.35 | N17: 85.3 | O17: 0 | P17: 0.48 | Q17: 9.56
A18: 14/02/2025 02:30 | B18: 6 | C18: 48.11 | D18: 28.57 | E18: 6.29 | F18: 2.13 | G18: 41.4 | H18: 16.51 | I18: Invalid | J18: 2.29 | K18: 358.94 | L18: 15.66 | M18: 35.19 | N18: 85.3 | O18: 0 | P18: 0.46 | Q18: 9.54
A19: 14/02/2025 02:45 | B19: 5.7 | C19: 46.84 | D19: 27.66 | E19: 5.8 | F19: 2.13 | G19: 41.4 | H19: 16.51 | I19: Invalid | J19: 2.04 | K19: 359.88 | L19: 15.51 | M19: 35.86 | N19: 85.4 | O19: 0 | P19: 0.45 | Q19: 9.55
A20: 14/02/2025 03:00 | B20: 5.54 | C20: 46.02 | D20: 27.11 | E20: 5.92 | F20: 2.13 | G20: 39.8 | H20: 15.59 | I20: Invalid | J20: 1.9 | K20: 359.96 | L20: 15.35 | M20: 36.37 | N20: 85.2 | O20: 0 | P20: 0.44 | Q20: 9.53
... A104: 14/02/2025 24:00 | B104: 59.45 | C104: 62.5 | D104: 78.95 | E104: 5.88 | F104: 2.13 | G104: 88.15 | H104: 39.47 | I104: Invalid | J104: 0.56 | K104: 322.88 | L104: 14.05 | M104: 54.29 | N104: 77.7 | O104: 0 | P104: 1.07 | Q104: 10.15
A106: Min | B106: =MIN(B9:B104) -> 5.47 | C106: =MIN(C9:C104) -> 44.95 | D106: =MIN(D9:D104) -> 26.6 | E106: =MIN(E9:E104) -> 4.48 | F106: =MIN(F9:F104) -> 2.13 | G106: =MIN(G9:G104) -> 31.85 | H106: =MIN(H9:H104) -> 10.74 | I106: =MIN(I9:I104) -> 0 | ... Q106: =MIN(Q9:Q104) -> 9.53
A107: Max | B107: =MAX(B9:B104) -> 59.45 | C107: =MAX(C9:C104) -> 65.61 | D107: =MAX(D9:D104) -> 78.95 | E107: =MAX(E9:E104) -> 8.49 | F107: =MAX(F9:F104) -> 2.21 | G107: =MAX(G9:G104) -> 222.77 | H107: =MAX(H9:H104) -> 53.58 | I107: =MAX(I9:I104) -> 0 | ... Q107: =MAX(Q9:Q104) -> 10.29
A108: Avg | B108: =AVERAGE(B9:B104) -> 19.658437 | C108: =AVERAGE(C9:C104) -> 55.025729 | D108: =AVERAGE(D9:D104) -> 43.136771 | E108: =AVERAGE(E9:E104) -> 6.1075 | F108: =AVERAGE(F9:F104) -> 2.1310417 | G108: =AVERAGE(G9:G104) -> 73.930833 | H108: =AVERAGE(H9:H104) -> 21.56375 | I108: =AVERAGE(I9:I104) -> #DIV/0! | ... Q108: =AVERAGE(Q9:Q104) -> 9.999375
A109: Stdev | B109: =STDEV(B9:B104) -> 15.831036 | C109: =STDEV(C9:C104) -> 5.9787615 | D109: =STDEV(D9:D104) -> 14.984194 | E109: =STDEV(E9:E104) -> 0.9941979 | F109: =STDEV(F9:F104) -> 0.008395383 | G109: =STDEV(G9:G104) -> 35.64814 | H109: =STDEV(H9:H104) -> 9.2809503 | I109: =STDEV(I9:I104) -> #DIV/0! | ... Q109: =STDEV(Q9:Q104) -> 0.1962373
A110: Num | B110: =COUNT(B9:B104) -> 96 | C110: =COUNT(C9:C104) -> 96 | D110: =COUNT(D9:D104) -> 96 | E110: =COUNT(E9:E104) -> 96 | F110: =COUNT(F9:F104) -> 96 | G110: =COUNT(G9:G104) -> 96 | H110: =COUNT(H9:H104) -> 96 | I110: =COUNT(I9:I104) -> 0 | ... Q110: =COUNT(Q9:Q104) -> 96
A111: DCR | B111: =IF(B110>=87,">90%",IF(B110<=87,"<90%")) -> >90% | C111: =IF(C110>=87,">90%",IF(C110<=87,"<90%")) -> >90% | D111: =IF(D110>=87,">90%",IF(D110<=87,"<90%")) -> >90% | E111: =IF(E110>=87,">90%",IF(E110<=87,"<90%")) -> >90% | F111: =IF(F110>=87,">90%",IF(F110<=87,"<90%")) -> >90% | G111: =IF(G110>=87,">90%",IF(G110<=87,"<90%")) -> >90% | H111: =IF(H110>=87,">90%",IF(H110<=87,"<90%")) -> >90% | I111: =IF(I110>=87,">90%",IF(I110<=87,"<90%")) -> <90% | ... Q111: =IF(Q110>=87,">90%",IF(Q110<=87,"<90%")) -> >90%
A112: Status | B112: =IF(B110>=87,"OK",IF(B110<=87,"LESS")) -> OK | C112: =IF(C110>=87,"OK",IF(C110<=87,"LESS")) -> OK | D112: =IF(D110>=87,"OK",IF(D110<=87,"LESS")) -> OK | E112: =IF(E110>=87,"OK",IF(E110<=87,"LESS")) -> OK | F112: =IF(F110>=87,"OK",IF(F110<=87,"LESS")) -> OK | G112: =IF(G110>=87,"OK",IF(G110<=87,"LESS")) -> OK | H112: =IF(H110>=87,"OK",IF(H110<=87,"LESS")) -> OK | I112: =IF(I110>=87,"OK",IF(I110<=87,"LESS")) -> LESS | ... Q112: =IF(Q110>=87,"OK",IF(Q110<=87,"LESS")) -> OK
A115: Done by | B115: RK
A117: Comment

Sheet 15
A1: Station: | B1: BHATAGAON RAIPUR
A2: Date: | B2: =$A$9 -> 15/02/2025 00:15 | D2: Power Off | G2: Pw.Off | L2: Link Fail | N2: Link F | P2: Maintenance | R2: Maint.
A3: Report Type: | B3: Mean | D3: Calibration | G3: Calib. | L3: Data Fail | N3: Data F | P3: Invalid | R3: Invalid
A4: Time Base: | B4: 15 Min | D4: Zero Referrence | G4: Z.Ref | L4: Warm Up | N4: Wm. Up
A7: Date & Time | B7: NO_BHATAGAON | C7: NO2__BHATAGAON | D7: NOX_BHATAGAON | E7: SO2__BHATAGAON | F7: O3__BHATAGAON | G7: PM10__BHATAGAON | H7: PM2_5__BHATAGAON | I7: BENZ__BHATAGAON | J7: WS__BHATAGAON | K7: WD__BHATAGAON | L7: TEMP__BHATAGAON | M7: HUM__BHATAGAON | N7: SR__BHATAGAON | O7: RG__BHATAGAON | P7: CO__BHATAGAON | Q7: NH3__BHATAGAON
B8: ug/m3 | C8: ug/m3 | D8: ppb | E8: ug/m3 | F8: ug/m3 | G8: ug/m3 | H8: ug/m3 | I8: ug/m3 | J8: m/sec | K8: deg | L8: degreC | M8: % | N8: w/m2 | O8: mm | P8: mg/m3 | Q8: ug/m3
A9: 15/02/2025 00:15 | B9: 59.71 | C9: 62.04 | D9: 78.92 | E9: 6.48 | F9: 2.13 | G9: 107.04 | H9: 36.33 | I9: Invalid | J9: 0.47 | K9: 10.39 | L9: 14 | M9: 50.61 | N9: 77.6 | O9: 0 | P9: 1.04 | Q9: 10.19
A10: 15/02/2025 00:30 | B10: 57.51 | C10: 61.13 | D10: 76.68 | E10: 6.08 | F10: 2.13 | G10: 107.04 | H10: 36.33 | I10: Invalid | J10: 0.52 | K10: 350.37 | L10: 14.32 | M10: 48.23 | N10: 77.5 | O10: 0 | P10: 1.02 | Q10: 10.21
A11: 15/02/2025 00:45 | B11: 54.52 | C11: 60.17 | D11: 73.78 | E11: 6.01 | F11: 2.13 | G11: 107.04 | H11: 36.33 | I11: Invalid | J11: 0.39 | K11: 296.41 | L11: 14.38 | M11: 46.18 | N11: 77.5 | O11: 0 | P11: 1 | Q11: 10.24
A12: 15/02/2025 01:00 | B12: 51.59 | C12: 59.46 | D12: 71.06 | E12: 5.84 | F12: 2.13 | G12: 92.97 | H12: 34.72 | I12: Invalid | J12: 0.32 | K12: 293.96 | L12: 14.32 | M12: 44.79 | N12: 78.1 | O12: 0 | P12: 0.98 | Q12: 10.27
A13: 15/02/2025 01:15 | B13: 49.05 | C13: 58.74 | D13: 68.65 | E13: 5.81 | F13: 2.13 | G13: 61.82 | H13: 31.15 | I13: Invalid | J13: 0.57 | K13: 235.65 | L13: 14.39 | M13: 44.74 | N13: 77.6 | O13: 0 | P13: 0.95 | Q13: 10.25
A14: 15/02/2025 01:30 | B14: 46.51 | C14: 58.12 | D14: 66.28 | E14: 5.68 | F14: 2.13 | G14: 61.82 | H14: 31.15 | I14: Invalid | J14: 0.69 | K14: 214.87 | L14: 14.52 | M14: 45.55 | N14: 77.5 | O14: 0 | P14: 0.95 | Q14: 10.22
A15: 15/02/2025 01:45 | B15: 44.27 | C15: 57.34 | D15: 64.08 | E15: 5.42 | F15: 2.13 | G15: 61.82 | H15: 31.15 | I15: Invalid | J15: 0.58 | K15: 240.84 | L15: 14.07 | M15: 47.66 | N15: 78.2 | O15: 0 | P15: 0.95 | Q15: 10.19
A16: 15/02/2025 02:00 | B16: 42.83 | C16: 56.39 | D16: 62.43 | E16: 5.71 | F16: 2.13 | G16: 64.25 | H16: 30.58 | I16: Invalid | J16: 0.56 | K16: 342.82 | L16: 13.53 | M16: 51.38 | N16: 78 | O16: 0 | P16: 0.91 | Q16: 10.18
A17: 15/02/2025 02:15 | B17: 42.11 | C17: 54.87 | D17: 61.06 | E17: 5.52 | F17: 2.13 | G17: 69.63 | H17: 29.31 | I17: Invalid | J17: 0.65 | K17: 223.75 | L17: 13.54 | M17: 51.46 | N17: 77.5 | O17: 0 | P17: 0.82 | Q17: 10.15
A18: 15/02/2025 02:30 | B18: 41.3 | C18: 54.63 | D18: 60.28 | E18: 5.32 | F18: 2.13 | G18: 69.63 | H18: 29.31 | I18: Invalid | J18: 0.58 | K18: 308.05 | L18: 13.68 | M18: 49.18 | N18: 77.8 | O18: 0 | P18: 0.84 | Q18: 10.1
A19: 15/02/2025 02:45 | B19: 40.41 | C19: 54.2 | D19: 59.35 | E19: 5.51 | F19: 2.13 | G19: 69.63 | H19: 29.31 | I19: Invalid | J19: 1.13 | K19: 348.94 | L19: 13.7 | M19: 46.64 | N19: 76.6 | O19: 0 | P19: 0.78 | Q19: 10.07
A20: 15/02/2025 03:00 | B20: 39.02 | C20: 53.88 | D20: 58.06 | E20: 5.17 | F20: 2.13 | G20: 69.44 | H20: 29.73 | I20: Invalid | J20: 0.77 | K20: 350.76 | L20: 14.09 | M20: 40.81 | N20: 77.6 | O20: 0 | P20: 0.78 | Q20: 10.08
... A104: 15/02/2025 24:00 | B104: 39.28 | C104: 71.97 | D104: 67.73 | E104: 6.94 | F104: 2.13 | G104: 78.9 | H104: 24.48 | I104: Invalid | J104: 0.69 | K104: 329.01 | L104: 15.52 | M104: 50.65 | N104: 66.5 | O104: 0 | P104: 0.94 | Q104: 9.86
A106: Min | B106: =MIN(B9:B104) -> 9.65 | C106: =MIN(C9:C104) -> 50.18 | D106: =MIN(D9:D104) -> 39.66 | E106: =MIN(E9:E104) -> 4.77 | F106: =MIN(F9:F104) -> 2.13 | G106: =MIN(G9:G104) -> 35.89 | H106: =MIN(H9:H104) -> 15.73 | I106: =MIN(I9:I104) -> 0 | ... Q106: =MIN(Q9:Q104) -> 9.74
A107: Max | B107: =MAX(B9:B104) -> 65.14 | C107: =MAX(C9:C104) -> 73.47 | D107: =MAX(D9:D104) -> 88.79 | E107: =MAX(E9:E104) -> 8.69 | F107: =MAX(F9:F104) -> 2.14 | G107: =MAX(G9:G104) -> 160.06 | H107: =MAX(H9:H104) -> 46.47 | I107: =MAX(I9:I104) -> 0 | ... Q107: =MAX(Q9:Q104) -> 10.27
A108: Avg | B108: =AVERAGE(B9:B104) -> 35.401771 | C108: =AVERAGE(C9:C104) -> 63.430521 | D108: =AVERAGE(D9:D104) -> 60.153646 | E108: =AVERAGE(E9:E104) -> 6.4234375 | F108: =AVERAGE(F9:F104) -> 2.1301042 | G108: =AVERAGE(G9:G104) -> 86.335104 | H108: =AVERAGE(H9:H104) -> 30.299375 | I108: =AVERAGE(I9:I104) -> #DIV/0! | ... Q108: =AVERAGE(Q9:Q104) -> 9.96
A109: Stdev | B109: =STDEV(B9:B104) -> 16.427529 | C109: =STDEV(C9:C104) -> 8.1865465 | D109: =STDEV(D9:D104) -> 13.09949 | E109: =STDEV(E9:E104) -> 0.86520679 | F109: =STDEV(F9:F104) -> 0.0010206207 | G109: =STDEV(G9:G104) -> 31.567401 | H109: =STDEV(H9:H104) -> 9.2878594 | I109: =STDEV(I9:I104) -> #DIV/0! | ... Q109: =STDEV(Q9:Q104) -> 0.13689027
A110: Num | B110: =COUNT(B9:B104) -> 96 | C110: =COUNT(C9:C104) -> 96 | D110: =COUNT(D9:D104) -> 96 | E110: =COUNT(E9:E104) -> 96 | F110: =COUNT(F9:F104) -> 96 | G110: =COUNT(G9:G104) -> 96 | H110: =COUNT(H9:H104) -> 96 | I110: =COUNT(I9:I104) -> 0 | ... Q110: =COUNT(Q9:Q104) -> 96
A111: DCR | B111: =IF(B110>=87,">90%",IF(B110<=87,"<90%")) -> >90% | C111: =IF(C110>=87,">90%",IF(C110<=87,"<90%")) -> >90% | D111: =IF(D110>=87,">90%",IF(D110<=87,"<90%")) -> >90% | E111: =IF(E110>=87,">90%",IF(E110<=87,"<90%")) -> >90% | F111: =IF(F110>=87,">90%",IF(F110<=87,"<90%")) -> >90% | G111: =IF(G110>=87,">90%",IF(G110<=87,"<90%")) -> >90% | H111: =IF(H110>=87,">90%",IF(H110<=87,"<90%")) -> >90% | I111: =IF(I110>=87,">90%",IF(I110<=87,"<90%")) -> <90% | ... Q111: =IF(Q110>=87,">90%",IF(Q110<=87,"<90%")) -> >90%
A112: Status | B112: =IF(B110>=87,"OK",IF(B110<=87,"LESS")) -> OK | C112: =IF(C110>=87,"OK",IF(C110<=87,"LESS")) -> OK | D112: =IF(D110>=87,"OK",IF(D110<=87,"LESS")) -> OK | E112: =IF(E110>=87,"OK",IF(E110<=87,"LESS")) -> OK | F112: =IF(F110>=87,"OK",IF(F110<=87,"LESS")) -> OK | G112: =IF(G110>=87,"OK",IF(G110<=87,"LESS")) -> OK | H112: =IF(H110>=87,"OK",IF(H110<=87,"LESS")) -> OK | I112: =IF(I110>=87,"OK",IF(I110<=87,"LESS")) -> LESS | ... Q112: =IF(Q110>=87,"OK",IF(Q110<=87,"LESS")) -> OK
A115: Done by | B115: RK
A117: Comment

Sheet 16
A1: Station: | B1: BHATAGAON RAIPUR
A2: Date: | B2: =$A$9 -> 16/02/2025 00:15 | D2: Power Off | G2: Pw.Off | L2: Link Fail | N2: Link F | P2: Maintenance | R2: Maint.
A3: Report Type: | B3: Mean | D3: Calibration | G3: Calib. | L3: Data Fail | N3: Data F | P3: Invalid | R3: Invalid
A4: Time Base: | B4: 15 Min | D4: Zero Referrence | G4: Z.Ref | L4: Warm Up | N4: Wm. Up
A7: Date & Time | B7: NO_BHATAGAON | C7: NO2__BHATAGAON | D7: NOX_BHATAGAON | E7: SO2__BHATAGAON | F7: O3__BHATAGAON | G7: PM10__BHATAGAON | H7: PM2_5__BHATAGAON | I7: BENZ__BHATAGAON | J7: WS__BHATAGAON | K7: WD__BHATAGAON | L7: TEMP__BHATAGAON | M7: HUM__BHATAGAON | N7: SR__BHATAGAON | O7: RG__BHATAGAON | P7: CO__BHATAGAON | Q7: NH3__BHATAGAON
B8: ug/m3 | C8: ug/m3 | D8: ppb | E8: ug/m3 | F8: ug/m3 | G8: ug/m3 | H8: ug/m3 | I8: ug/m3 | J8: m/sec | K8: deg | L8: degreC | M8: % | N8: w/m2 | O8: mm | P8: mg/m3 | Q8: ug/m3
A9: 16/02/2025 00:15 | B9: 40.62 | C9: 70.47 | D9: 68.02 | E9: 7.58 | F9: 2.13 | G9: 94.92 | H9: 26.79 | I9: Invalid | J9: 0.66 | K9: 297.53 | L9: 15.23 | M9: 51.44 | N9: 66.2 | O9: 0 | P9: 0.88 | Q9: 9.88
A10: 16/02/2025 00:30 | B10: 41.32 | C10: 69.95 | D10: 68.31 | E10: 7.74 | F10: 2.29 | G10: 94.92 | H10: 26.79 | I10: Invalid | J10: 0.73 | K10: 329.14 | L10: 14.97 | M10: 56.83 | N10: 66.3 | O10: 0 | P10: 0.93 | Q10: 9.88
A11: 16/02/2025 00:45 | B11: 41.26 | C11: 69.53 | D11: 68.03 | E11: 6.9 | F11: 2.13 | G11: 94.92 | H11: 26.79 | I11: Invalid | J11: 0.57 | K11: 312.96 | L11: 15.08 | M11: 51.5 | N11: 65.6 | O11: 0 | P11: 0.86 | Q11: 9.84
A12: 16/02/2025 01:00 | B12: 40.83 | C12: 68.77 | D12: 67.29 | E12: 6.71 | F12: 2.13 | G12: 92.43 | H12: 26.43 | I12: Invalid | J12: 0.78 | K12: 319.59 | L12: 14.93 | M12: 54.65 | N12: 66.1 | O12: 0 | P12: 0.86 | Q12: 9.83
A13: 16/02/2025 01:15 | B13: 40 | C13: 67.79 | D13: 66.12 | E13: 6.87 | F13: 2.13 | G13: 86.92 | H13: 25.63 | I13: Invalid | J13: 0.66 | K13: 313.37 | L13: 14.76 | M13: 55.94 | N13: 66.1 | O13: 0 | P13: 0.82 | Q13: 9.84
A14: 16/02/2025 01:30 | B14: 38.37 | C14: 66.62 | D14: 64.2 | E14: 6.57 | F14: 2.13 | G14: 86.92 | H14: 25.63 | I14: Invalid | J14: 0.6 | K14: 273.6 | L14: 14.84 | M14: 55.24 | N14: 66.2 | O14: 0 | P14: 0.8 | Q14: 9.84
A15: 16/02/2025 01:45 | B15: 36.43 | C15: 65.19 | D15: 61.89 | E15: 6.64 | F15: 2.13 | G15: 86.92 | H15: 25.63 | I15: Invalid | J15: 0.66 | K15: 308.45 | L15: 14.53 | M15: 60.27 | N15: 66.5 | O15: 0 | P15: 0.81 | Q15: 9.82
A16: 16/02/2025 02:00 | B16: 34.63 | C16: 63.78 | D16: 59.72 | E16: 7.03 | F16: 2.13 | G16: 80.36 | H16: 25.72 | I16: Invalid | J16: 0.55 | K16: 320.3 | L16: 14.13 | M16: 62.74 | N16: 66.5 | O16: 0 | P16: 0.85 | Q16: 9.81
A17: 16/02/2025 02:15 | B17: 32.87 | C17: 62.97 | D17: 57.88 | E17: 6.63 | F17: 2.13 | G17: 65.83 | H17: 25.93 | I17: Invalid | J17: 0.77 | K17: 318.53 | L17: 13.8 | M17: 66.14 | N17: 66.4 | O17: 0 | P17: 0.86 | Q17: 9.84
A18: 16/02/2025 02:30 | B18: 31.08 | C18: 61.61 | D18: 55.74 | E18: 6.69 | F18: 2.13 | G18: 65.83 | H18: 25.93 | I18: Invalid | J18: 0.66 | K18: 355.87 | L18: 13.44 | M18: 68.75 | N18: 66.5 | O18: 0 | P18: 0.83 | Q18: 9.88
A19: 16/02/2025 02:45 | B19: 29.51 | C19: 61.01 | D19: 54.17 | E19: 6.8 | F19: 2.13 | G19: 65.83 | H19: 25.93 | I19: Invalid | J19: 0.55 | K19: 300.39 | L19: 13.38 | M19: 67.17 | N19: 66.3 | O19: 0 | P19: 0.82 | Q19: 9.86
A20: 16/02/2025 03:00 | B20: 28.3 | C20: 60.86 | D20: 53.12 | E20: 6.57 | F20: 2.13 | G20: 65.49 | H20: 25.47 | I20: Invalid | J20: 0.53 | K20: 238.18 | L20: 13.47 | M20: 65.36 | N20: 66 | O20: 0 | P20: 0.79 | Q20: 9.85
... A104: 16/02/2025 24:00 | B104: 134.65 | C104: 68.99 | D104: 142.65 | E104: 9.07 | F104: 2.13 | G104: 140.49 | H104: 35.28 | I104: Invalid | J104: 0.49 | K104: 307.81 | L104: 16.74 | M104: 57.45 | N104: 67.8 | O104: 0 | P104: 1.44 | Q104: 10.08
A106: Min | B106: =MIN(B9:B104) -> 4.44 | C106: =MIN(C9:C104) -> 50.29 | D106: =MIN(D9:D104) -> 28.5 | E106: =MIN(E9:E104) -> 5.98 | F106: =MIN(F9:F104) -> 2.13 | G106: =MIN(G9:G104) -> 39.47 | H106: =MIN(H9:H104) -> 12.46 | I106: =MIN(I9:I104) -> 0 | ... Q106: =MIN(Q9:Q104) -> 9.3
A107: Max | B107: =MAX(B9:B104) -> 134.65 | C107: =MAX(C9:C104) -> 79.37 | D107: =MAX(D9:D104) -> 142.65 | E107: =MAX(E9:E104) -> 10.28 | F107: =MAX(F9:F104) -> 4.43 | G107: =MAX(G9:G104) -> 142.86 | H107: =MAX(H9:H104) -> 36.61 | I107: =MAX(I9:I104) -> 0 | ... Q107: =MAX(Q9:Q104) -> 10.09
A108: Avg | B108: =AVERAGE(B9:B104) -> 36.343333 | C108: =AVERAGE(C9:C104) -> 63.296354 | D108: =AVERAGE(D9:D104) -> 60.837604 | E108: =AVERAGE(E9:E104) -> 7.5032292 | F108: =AVERAGE(F9:F104) -> 2.3321875 | G108: =AVERAGE(G9:G104) -> 81.035937 | H108: =AVERAGE(H9:H104) -> 24.764792 | I108: =AVERAGE(I9:I104) -> #DIV/0! | ... Q108: =AVERAGE(Q9:Q104) -> 9.7285417
A109: Stdev | B109: =STDEV(B9:B104) -> 33.482154 | C109: =STDEV(C9:C104) -> 7.4166936 | D109: =STDEV(D9:D104) -> 28.182713 | E109: =STDEV(E9:E104) -> 0.97965675 | F109: =STDEV(F9:F104) -> 0.49677529 | G109: =STDEV(G9:G104) -> 27.700445 | H109: =STDEV(H9:H104) -> 5.9116646 | I109: =STDEV(I9:I104) -> #DIV/0! | ... Q109: =STDEV(Q9:Q104) -> 0.20910828
A110: Num | B110: =COUNT(B9:B104) -> 96 | C110: =COUNT(C9:C104) -> 96 | D110: =COUNT(D9:D104) -> 96 | E110: =COUNT(E9:E104) -> 96 | F110: =COUNT(F9:F104) -> 96 | G110: =COUNT(G9:G104) -> 96 | H110: =COUNT(H9:H104) -> 96 | I110: =COUNT(I9:I104) -> 0 | ... Q110: =COUNT(Q9:Q104) -> 96
A111: DCR | B111: =IF(B110>=87,">90%",IF(B110<=87,"<90%")) -> >90% | C111: =IF(C110>=87,">90%",IF(C110<=87,"<90%")) -> >90% | D111: =IF(D110>=87,">90%",IF(D110<=87,"<90%")) -> >90% | E111: =IF(E110>=87,">90%",IF(E110<=87,"<90%")) -> >90% | F111: =IF(F110>=87,">90%",IF(F110<=87,"<90%")) -> >90% | G111: =IF(G110>=87,">90%",IF(G110<=87,"<90%")) -> >90% | H111: =IF(H110>=87,">90%",IF(H110<=87,"<90%")) -> >90% | I111: =IF(I110>=87,">90%",IF(I110<=87,"<90%")) -> <90% | ... Q111: =IF(Q110>=87,">90%",IF(Q110<=87,"<90%")) -> >90%
A112: Status | B112: =IF(B110>=87,"OK",IF(B110<=87,"LESS")) -> OK | C112: =IF(C110>=87,"OK",IF(C110<=87,"LESS")) -> OK | D112: =IF(D110>=87,"OK",IF(D110<=87,"LESS")) -> OK | E112: =IF(E110>=87,"OK",IF(E110<=87,"LESS")) -> OK | F112: =IF(F110>=87,"OK",IF(F110<=87,"LESS")) -> OK | G112: =IF(G110>=87,"OK",IF(G110<=87,"LESS")) -> OK | H112: =IF(H110>=87,"OK",IF(H110<=87,"LESS")) -> OK | I112: =IF(I110>=87,"OK",IF(I110<=87,"LESS")) -> LESS | ... Q112: =IF(Q110>=87,"OK",IF(Q110<=87,"LESS")) -> OK
A115: Done by | B115: RK
A117: Comment

Sheet 17
A1: Station: | B1: BHATAGAON RAIPUR
A2: Date: | B2: =$A$9 -> 17/02/2025 00:15 | D2: Power Off | G2: Pw.Off | L2: Link Fail | N2: Link F | P2: Maintenance | R2: Maint.
A3: Report Type: | B3: Mean | D3: Calibration | G3: Calib. | L3: Data Fail | N3: Data F | P3: Invalid | R3: Invalid
A4: Time Base: | B4: 15 Min | D4: Zero Referrence | G4: Z.Ref | L4: Warm Up | N4: Wm. Up
A7: Date & Time | B7: NO_BHATAGAON | C7: NO2__BHATAGAON | D7: NOX_BHATAGAON | E7: SO2__BHATAGAON | F7: O3__BHATAGAON | G7: PM10__BHATAGAON | H7: PM2_5__BHATAGAON | I7: BENZ__BHATAGAON | J7: WS__BHATAGAON | K7: WD__BHATAGAON | L7: TEMP__BHATAGAON | M7: HUM__BHATAGAON | N7: SR__BHATAGAON | O7: RG__BHATAGAON | P7: CO__BHATAGAON | Q7: NH3__BHATAGAON
B8: ug/m3 | C8: ug/m3 | D8: ppb | E8: ug/m3 | F8: ug/m3 | G8: ug/m3 | H8: ug/m3 | I8: ug/m3 | J8: m/sec | K8: deg | L8: degreC | M8: % | N8: w/m2 | O8: mm | P8: mg/m3 | Q8: ug/m3
A9: 17/02/2025 00:15 | B9: 135.7 | C9: 69.04 | D9: 143.52 | E9: 9.6 | F9: 2.13 | G9: 135.24 | H9: 32.33 | I9: Invalid | J9: 0.73 | K9: 307.11 | L9: 16.23 | M9: 59.97 | N9: 68 | O9: 0 | P9: 1.5 | Q9: 10.09
A10: 17/02/2025 00:30 | B10: 135.75 | C10: 68.64 | D10: 143.35 | E10: 9.22 | F10: 2.13 | G10: 135.24 | H10: 32.33 | I10: Invalid | J10: 0.41 | K10: 311.05 | L10: 16.03 | M10: 60.4 | N10: 68.1 | O10: 0 | P10: 1.47 | Q10: 10.1
A11: 17/02/2025 00:45 | B11: 133.36 | C11: 67.31 | D11: 140.73 | E11: 9.15 | F11: 2.13 | G11: 135.24 | H11: 32.33 | I11: Invalid | J11: 0.81 | K11: 332.97 | L11: 16.01 | M11: 59.82 | N11: 67.9 | O11: 0 | P11: 1.46 | Q11: 10.17
A12: 17/02/2025 01:00 | B12: 129.07 | C12: 66.28 | D12: 136.76 | E12: 9.19 | F12: 2.13 | G12: 129.39 | H12: 32.54 | I12: Invalid | J12: 0.72 | K12: 326.54 | L12: 16.01 | M12: 56.46 | N12: 67.9 | O12: 0 | P12: 1.42 | Q12: 10.21
A13: 17/02/2025 01:15 | B13: 123.78 | C13: 65.29 | D13: 132 | E13: 8.63 | F13: 2.13 | G13: 116.44 | H13: 33.02 | I13: Invalid | J13: 0.61 | K13: 284.55 | L13: 15.95 | M13: 55.84 | N13: 67.7 | O13: 0 | P13: 1.26 | Q13: 10.17
A14: 17/02/2025 01:30 | B14: 117.66 | C14: 63.98 | D14: 126.41 | E14: 8.88 | F14: 2.13 | G14: 116.44 | H14: 33.02 | I14: Invalid | J14: 0.65 | K14: 337.44 | L14: 15.56 | M14: 58.42 | N14: 68.3 | O14: 0 | P14: 1.29 | Q14: 10.19
A15: 17/02/2025 01:45 | B15: 111.47 | C15: 62.55 | D15: 120.7 | E15: 8.37 | F15: 2.13 | G15: 116.44 | H15: 33.02 | I15: Invalid | J15: 0.53 | K15: 283.81 | L15: 15.43 | M15: 59.47 | N15: 68.1 | O15: 0 | P15: 1.25 | Q15: 10.2
A16: 17/02/2025 02:00 | B16: 105.78 | C16: 61.5 | D16: 115.58 | E16: 8.73 | F16: 2.13 | G16: 107.5 | H16: 31.21 | I16: Invalid | J16: 0.42 | K16: 283.67 | L16: 15.18 | M16: 61.57 | N16: 67.9 | O16: 0 | P16: 1.22 | Q16: 10.18
A17: 17/02/2025 02:15 | B17: 100.76 | C17: 60.57 | D17: 111.07 | E17: 8.8 | F17: 2.13 | G17: 86.66 | H17: 27.2 | I17: Invalid | J17: 0.56 | K17: 288.29 | L17: 15.35 | M17: 59.99 | N17: 67.6 | O17: 0 | P17: 1.19 | Q17: 10.15
A18: 17/02/2025 02:30 | B18: 95.75 | C18: 59.4 | D18: 106.44 | E18: 8.51 | F18: 2.13 | G18: 86.66 | H18: 27.2 | I18: Invalid | J18: 0.62 | K18: 286.04 | L18: 14.88 | M18: 59.72 | N18: 68.1 | O18: 0 | P18: 1.05 | Q18: 10.11
A19: 17/02/2025 02:45 | B19: 90.68 | C19: 56.71 | D19: 100.97 | E19: 8.34 | F19: 2.13 | G19: 86.66 | H19: 27.2 | I19: Invalid | J19: 0.5 | K19: 277.65 | L19: 15.63 | M19: 55.77 | N19: 67.1 | O19: 0 | P19: 0.92 | Q19: 10.1
A20: 17/02/2025 03:00 | B20: 86.39 | C20: 56.59 | D20: 97.47 | E20: 7.81 | F20: 2.13 | G20: 80.39 | H20: 26.51 | I20: Invalid | J20: 0.22 | K20: 286.82 | L20: 16.27 | M20: 52.49 | N20: 67.6 | O20: 0 | P20: 0.93 | Q20: 10.07
... A104: 17/02/2025 24:00 | B104: 129.18 | C104: 65.1 | D104: 136.23 | E104: 7.57 | F104: 2.13 | G104: 158.07 | H104: 34.02 | I104: Invalid | J104: 0.61 | K104: 319.24 | L104: 17.38 | M104: 64.85 | N104: 65.5 | O104: 0 | P104: 1.82 | Q104: 10.19
A106: Min | B106: =MIN(B9:B104) -> 6.23 | C106: =MIN(C9:C104) -> 52.69 | D106: =MIN(D9:D104) -> 36.07 | E106: =MIN(E9:E104) -> 4.42 | F106: =MIN(F9:F104) -> 2.13 | G106: =MIN(G9:G104) -> 36.61 | H106: =MIN(H9:H104) -> 13.84 | I106: =MIN(I9:I104) -> 0 | ... Q106: =MIN(Q9:Q104) -> 9.55
A107: Max | B107: =MAX(B9:B104) -> 142.14 | C107: =MAX(C9:C104) -> 89.31 | D107: =MAX(D9:D104) -> 149.31 | E107: =MAX(E9:E104) -> 9.6 | F107: =MAX(F9:F104) -> 2.63 | G107: =MAX(G9:G104) -> 171.39 | H107: =MAX(H9:H104) -> 35.69 | I107: =MAX(I9:I104) -> 0 | ... Q107: =MAX(Q9:Q104) -> 10.22
A108: Avg | B108: =AVERAGE(B9:B104) -> 63.174062 | C108: =AVERAGE(C9:C104) -> 65.842083 | D108: =AVERAGE(D9:D104) -> 83.684479 | E108: =AVERAGE(E9:E104) -> 7.0573958 | F108: =AVERAGE(F9:F104) -> 2.1352083 | G108: =AVERAGE(G9:G104) -> 91.311146 | H108: =AVERAGE(H9:H104) -> 26.227604 | I108: =AVERAGE(I9:I104) -> #DIV/0! | ... Q108: =AVERAGE(Q9:Q104) -> 9.8401042
A109: Stdev | B109: =STDEV(B9:B104) -> 42.279471 | C109: =STDEV(C9:C104) -> 9.383152 | D109: =STDEV(D9:D104) -> 32.632541 | E109: =STDEV(E9:E104) -> 1.4719455 | F109: =STDEV(F9:F104) -> 0.051031036 | G109: =STDEV(G9:G104) -> 32.152569 | H109: =STDEV(H9:H104) -> 5.6352189 | I109: =STDEV(I9:I104) -> #DIV/0! | ... Q109: =STDEV(Q9:Q104) -> 0.20489533
A110: Num | B110: =COUNT(B9:B104) -> 96 | C110: =COUNT(C9:C104) -> 96 | D110: =COUNT(D9:D104) -> 96 | E110: =COUNT(E9:E104) -> 96 | F110: =COUNT(F9:F104) -> 96 | G110: =COUNT(G9:G104) -> 96 | H110: =COUNT(H9:H104) -> 96 | I110: =COUNT(I9:I104) -> 0 | ... Q110: =COUNT(Q9:Q104) -> 96
A111: DCR | B111: =IF(B110>=87,">90%",IF(B110<=87,"<90%")) -> >90% | C111: =IF(C110>=87,">90%",IF(C110<=87,"<90%")) -> >90% | D111: =IF(D110>=87,">90%",IF(D110<=87,"<90%")) -> >90% | E111: =IF(E110>=87,">90%",IF(E110<=87,"<90%")) -> >90% | F111: =IF(F110>=87,">90%",IF(F110<=87,"<90%")) -> >90% | G111: =IF(G110>=87,">90%",IF(G110<=87,"<90%")) -> >90% | H111: =IF(H110>=87,">90%",IF(H110<=87,"<90%")) -> >90% | I111: =IF(I110>=87,">90%",IF(I110<=87,"<90%")) -> <90% | ... Q111: =IF(Q110>=87,">90%",IF(Q110<=87,"<90%")) -> >90%
A112: Status | B112: =IF(B110>=87,"OK",IF(B110<=87,"LESS")) -> OK | C112: =IF(C110>=87,"OK",IF(C110<=87,"LESS")) -> OK | D112: =IF(D110>=87,"OK",IF(D110<=87,"LESS")) -> OK | E112: =IF(E110>=87,"OK",IF(E110<=87,"LESS")) -> OK | F112: =IF(F110>=87,"OK",IF(F110<=87,"LESS")) -> OK | G112: =IF(G110>=87,"OK",IF(G110<=87,"LESS")) -> OK | H112: =IF(H110>=87,"OK",IF(H110<=87,"LESS")) -> OK | I112: =IF(I110>=87,"OK",IF(I110<=87,"LESS")) -> LESS | ... Q112: =IF(Q110>=87,"OK",IF(Q110<=87,"LESS")) -> OK
A115: Done by | B115: RK
A117: Comment

Sheet 18
A1: Station: | B1: BHATAGAON RAIPUR
A2: Date: | B2: =$A$9 -> 18/02/2025 00:15 | D2: Power Off | G2: Pw.Off | L2: Link Fail | N2: Link F | P2: Maintenance | R2: Maint.
A3: Report Type: | B3: Mean | D3: Calibration | G3: Calib. | L3: Data Fail | N3: Data F | P3: Invalid | R3: Invalid
A4: Time Base: | B4: 15 Min | D4: Zero Referrence | G4: Z.Ref | L4: Warm Up | N4: Wm. Up
A7: Date & Time | B7: NO_BHATAGAON | C7: NO2__BHATAGAON | D7: NOX_BHATAGAON | E7: SO2__BHATAGAON | F7: O3__BHATAGAON | G7: PM10__BHATAGAON | H7: PM2_5__BHATAGAON | I7: BENZ__BHATAGAON | J7: WS__BHATAGAON | K7: WD__BHATAGAON | L7: TEMP__BHATAGAON | M7: HUM__BHATAGAON | N7: SR__BHATAGAON | O7: RG__BHATAGAON | P7: CO__BHATAGAON | Q7: NH3__BHATAGAON
B8: ug/m3 | C8: ug/m3 | D8: ppb | E8: ug/m3 | F8: ug/m3 | G8: ug/m3 | H8: ug/m3 | I8: ug/m3 | J8: m/sec | K8: deg | L8: degreC | M8: % | N8: w/m2 | O8: mm | P8: mg/m3 | Q8: ug/m3
A9: 18/02/2025 00:15 | B9: 125.24 | C9: 63.76 | D9: 132.37 | E9: 8.45 | F9: 2.13 | G9: 128.58 | H9: 32.29 | I9: Invalid | J9: 0.61 | K9: 346.27 | L9: 16.92 | M9: 73.83 | N9: 65.5 | O9: 0 | P9: 1.83 | Q9: 10.17
A10: 18/02/2025 00:30 | B10: 122.81 | C10: 62.51 | D10: 129.77 | E10: 8.28 | F10: 2.13 | G10: 128.58 | H10: 32.29 | I10: Invalid | J10: 0.37 | K10: 118.96 | L10: 16.77 | M10: 71.49 | N10: 65.2 | O10: 0 | P10: 1.78 | Q10: 10.12
A11: 18/02/2025 00:45 | B11: 120.87 | C11: 58.87 | D11: 126.31 | E11: 8.2 | F11: 2.13 | G11: 128.58 | H11: 32.29 | I11: Invalid | J11: 0.57 | K11: 318.88 | L11: 16.66 | M11: 73.42 | N11: 65.4 | O11: 0 | P11: 1.49 | Q11: 10.11
A12: 18/02/2025 01:00 | B12: 119.47 | C12: 57.77 | D12: 124.62 | E12: 7.74 | F12: 2.13 | G12: 120.87 | H12: 31.71 | I12: Invalid | J12: 1.25 | K12: 351.84 | L12: 16.6 | M12: 74.39 | N12: 63.9 | O12: 0 | P12: 1.48 | Q12: 10.1
A13: 18/02/2025 01:15 | B13: 115.15 | C13: 57.84 | D13: 121.19 | E13: 8.22 | F13: 2.13 | G13: 103.79 | H13: 30.44 | I13: Invalid | J13: 1.33 | K13: 352.23 | L13: 17.78 | M13: 56.7 | N13: 63.1 | O13: 0 | P13: 1.29 | Q13: 10.11
A14: 18/02/2025 01:30 | B14: 110.01 | C14: 58.66 | D14: 117.49 | E14: 7.85 | F14: 2.14 | G14: 103.79 | H14: 30.44 | I14: Invalid | J14: 0.4 | K14: 316.81 | L14: 18.14 | M14: 52.94 | N14: 65.2 | O14: 0 | P14: 1.21 | Q14: 10.09
A15: 18/02/2025 01:45 | B15: 105.62 | C15: 58.93 | D15: 114.11 | E15: 8.06 | F15: 2.13 | G15: 103.79 | H15: 30.44 | I15: Invalid | J15: 0.55 | K15: 236.33 | L15: 17.9 | M15: 54.92 | N15: 65.6 | O15: 0 | P15: 1.25 | Q15: 10.09
A16: 18/02/2025 02:00 | B16: 101.5 | C16: 58.2 | D16: 110.42 | E16: 8.02 | F16: 2.13 | G16: 107.69 | H16: 32.72 | I16: Invalid | J16: 0.57 | K16: 271.67 | L16: 17.39 | M16: 58.78 | N16: 65.5 | O16: 0 | P16: 1.26 | Q16: 10.06
A17: 18/02/2025 02:15 | B17: 98.24 | C17: 57.77 | D17: 107.58 | E17: 7.78 | F17: 2.13 | G17: 116.33 | H17: 37.77 | I17: Invalid | J17: 0.35 | K17: 329.58 | L17: 16.88 | M17: 62.57 | N17: 65.6 | O17: 0 | P17: 1.27 | Q17: 10.02
A18: 18/02/2025 02:30 | B18: 95.24 | C18: 57.89 | D18: 105.24 | E18: 8.41 | F18: 2.13 | G18: 116.33 | H18: 37.77 | I18: Invalid | J18: 0.65 | K18: 272.59 | L18: 16.59 | M18: 65.71 | N18: 65.5 | O18: 0 | P18: 1.3 | Q18: 10
A19: 18/02/2025 02:45 | B19: 92.64 | C19: 58.75 | D19: 103.61 | E19: 8.19 | F19: 2.13 | G19: 116.33 | H19: 37.77 | I19: Invalid | J19: 0.47 | K19: 251.22 | L19: 16.57 | M19: 66.58 | N19: 65.1 | O19: 0 | P19: 1.36 | Q19: 9.97
A20: 18/02/2025 03:00 | B20: 90.9 | C20: 59.3 | D20: 102.5 | E20: 8.38 | F20: 2.13 | G20: 125.89 | H20: 40.95 | I20: Invalid | J20: 0.78 | K20: 342.6 | L20: 16.23 | M20: 71.68 | N20: 65.5 | O20: 0 | P20: 1.3 | Q20: 9.95
... A48: 18/02/2025 10:00 | B48: 63.74 | C48: 66.63 | D48: 84.55 | E48: 8.62 | F48: 2.13 | G48: 189.65 | H48: 61.08 | I48: Invalid | J48: 0.47 | K48: 41.47 | L48: 25.26 | M48: 34.24 | N48: 656.1 | O48: 0 | P48: 1.24 | Q48: 9.85
A49: 18/02/2025 10:15 | B49: Calib. | C49: Calib. | D49: Calib. | E49: 8.32 | F49: 2.13 | G49: 118.75 | H49: 44.52 | I49: Invalid | J49: 1.08 | K49: 2.59 | L49: 27.94 | M49: 29.46 | N49: 690.7 | O49: 0 | P49: 1.17 | Q49: 9.82
A50: 18/02/2025 10:30 | B50: Calib. | C50: Calib. | D50: Calib. | E50: 8.59 | F50: 2.2 | G50: 118.75 | H50: 44.52 | I50: Invalid | J50: 0.67 | K50: 134.92 | L50: 27.3 | M50: 31.25 | N50: 730.3 | O50: 0 | P50: 1.04 | Q50: 9.82
A51: 18/02/2025 10:45 | B51: Calib. | C51: Calib. | D51: Calib. | E51: 10.1 | F51: 3.97 | G51: 118.75 | H51: 44.52 | I51: Invalid | J51: 0.51 | K51: 42.06 | L51: 27.2 | M51: 31.4 | N51: 759 | O51: 0 | P51: 0.91 | Q51: 9.95
A52: 18/02/2025 11:00 | B52: Calib. | C52: Calib. | D52: Calib. | E52: 10.5 | F52: 4.12 | G52: 118.75 | H52: 44.52 | I52: Invalid | J52: 1.15 | K52: 333.63 | L52: 30.27 | M52: 26.9 | N52: 772 | O52: 0 | P52: 0.94 | Q52: 9.73
A53: 18/02/2025 11:15 | B53: 6.18 | C53: 92.43 | D53: 96.51 | E53: 5.41 | F53: 5.36 | G53: Calib. | H53: Calib. | I53: Invalid | J53: 0.31 | K53: 320.34 | L53: 30.5 | M53: 28.11 | N53: 793.3 | O53: 0 | P53: 0.92 | Q53: 9.56
A54: 18/02/2025 11:30 | B54: 4.65 | C54: 89.13 | D54: 91.69 | E54: 40.67 | F54: 8.03 | G54: Calib. | H54: Calib. | I54: Invalid | J54: 0.88 | K54: 326.5 | L54: 30.13 | M54: 26.68 | N54: 794.5 | O54: 0 | P54: 0.86 | Q54: 9.54
A55: 18/02/2025 11:45 | B55: 6.36 | C55: 81.91 | D55: 86.17 | E55: Calib. | F55: 19.85 | G55: Calib. | H55: Calib. | I55: Invalid | J55: 0.96 | K55: 320.4 | L55: 31.29 | M55: 25.54 | N55: 782.2 | O55: 0 | P55: 0.81 | Q55: 9.48
A56: 18/02/2025 12:00 | B56: 6.69 | C56: 76.4 | D56: 80.99 | E56: Calib. | F56: 16.52 | G56: Calib. | H56: Calib. | I56: Invalid | J56: 1.01 | K56: 312.1 | L56: 31.8 | M56: 25.42 | N56: 752.1 | O56: 0 | P56: 0.8 | Q56: 9.47
A57: 18/02/2025 12:15 | B57: 5.46 | C57: 79.19 | D57: 82.55 | E57: Calib. | F57: 10.93 | G57: 125.6 | H57: 34.7 | I57: Invalid | J57: 0.69 | K57: 293.15 | L57: 30.84 | M57: 27.92 | N57: 743.1 | O57: 0 | P57: 0.85 | Q57: 9.44
A58: 18/02/2025 12:30 | B58: 5.13 | C58: 80.75 | D58: 83.78 | E58: 15.99 | F58: 0.04 | G58: 125.6 | H58: 35.09 | I58: Invalid | J58: 0.47 | K58: 273.45 | L58: 28.87 | M58: 30.27 | N58: 729.6 | O58: 0 | P58: Calib. | Q58: 9.42
A59: 18/02/2025 12:45 | B59: 5.27 | C59: 81.06 | D59: 84.23 | E59: 14.69 | F59: 14.25 | G59: 125.6 | H59: 35.09 | I59: Invalid | J59: 0.52 | K59: 260.42 | L59: 28.91 | M59: 29.81 | N59: 726.4 | O59: 0 | P59: Calib. | Q59: 9.44
A60: 18/02/2025 13:00 | B60: 4.29 | C60: 85.02 | D60: 87.21 | E60: 14.24 | F60: 11.35 | G60: 125.6 | H60: 35.09 | I60: Invalid | J60: 0.99 | K60: 298.18 | L60: 30.22 | M60: 28.8 | N60: 722.9 | O60: 0 | P60: Calib. | Q60: 9.47
A61: 18/02/2025 13:15 | B61: 4.1 | C61: 81.65 | D61: 83.66 | E61: 12.82 | F61: 10.62 | G61: 106.38 | H61: 32.01 | I61: Invalid | J61: 0.53 | K61: 279.6 | L61: 29.86 | M61: 29.37 | N61: 704.4 | O61: 0 | P61: 0.91 | Q61: 9.49
A62: 18/02/2025 13:30 | B62: 4.18 | C62: 78.48 | D62: 80.55 | E62: 12.34 | F62: 11.45 | G62: 106.16 | H62: 31.97 | I62: Invalid | J62: 1.22 | K62: 304.76 | L62: 31.18 | M62: 28.75 | N62: 705.1 | O62: 0 | P62: 0.9 | Q62: 9.5
A63: 18/02/2025 13:45 | B63: 3.71 | C63: 73.79 | D63: 75.4 | E63: 10.78 | F63: 21.28 | G63: 106.16 | H63: 31.97 | I63: Invalid | J63: 1.11 | K63: 294.99 | L63: 30.18 | M63: 29.7 | N63: 697.9 | O63: 0 | P63: 0.75 | Q63: 9.51
A64: 18/02/2025 14:00 | B64: 3.56 | C64: 70 | D64: 71.46 | E64: 10.18 | F64: 9.62 | G64: 106.16 | H64: 31.97 | I64: Invalid | J64: 1.45 | K64: 302.87 | L64: 31.34 | M64: 27.91 | N64: 649.3 | O64: 0 | P64: 0.71 | Q64: 9.53
A65: 18/02/2025 14:15 | B65: 3.69 | C65: 64.64 | D65: 66.24 | E65: 16.26 | F65: 46.14 | G65: 101.02 | H65: 32.74 | I65: Invalid | J65: 1.73 | K65: 309.11 | L65: 31.71 | M65: 27.1 | N65: 525.2 | O65: 0 | P65: 0.53 | Q65: 9.54
A66: 18/02/2025 14:30 | B66: 3.54 | C66: 61.26 | D66: 62.7 | E66: 11.94 | F66: 23.58 | G66: 101.02 | H66: 32.75 | I66: Invalid | J66: 0.69 | K66: 278.58 | L66: 30.99 | M66: 27.8 | N66: 435.1 | O66: 0 | P66: 0.49 | Q66: 9.54
A67: 18/02/2025 14:45 | B67: 3.6 | C67: 60.33 | D67: 61.83 | E67: 10.43 | F67: 11.18 | G67: 101.02 | H67: 32.75 | I67: Invalid | J67: 1.31 | K67: 302.85 | L67: 30.44 | M67: 29.37 | N67: 443.8 | O67: 0 | P67: 0.49 | Q67: 9.52
A68: 18/02/2025 15:00 | B68: 3.8 | C68: 60.14 | D68: 61.84 | E68: 9.72 | F68: 7.52 | G68: 101.02 | H68: 32.75 | I68: Invalid | J68: 0.91 | K68: 289.15 | L68: 30.51 | M68: 28.64 | N68: 388 | O68: 0 | P68: 0.5 | Q68: 9.5
A69: 18/02/2025 15:15 | B69: 3.95 | C69: 60.2 | D69: 62.06 | E69: 9.7 | F69: 7.01 | G69: 89.77 | H69: 28.7 | I69: Invalid | J69: 1.19 | K69: 312.35 | L69: 30.26 | M69: 29.64 | N69: 312.6 | O69: 0 | P69: 0.55 | Q69: 9.51
A70: 18/02/2025 15:30 | B70: 4.25 | C70: 61.52 | D70: 63.67 | E70: 9.3 | F70: 4.51 | G70: 89.65 | H70: 28.65 | I70: Invalid | J70: 1.75 | K70: 320.02 | L70: 30.4 | M70: 29.32 | N70: 318.3 | O70: 0 | P70: 0.54 | Q70: 9.5
A71: 18/02/2025 15:45 | B71: 4.56 | C71: 61.06 | D71: 63.52 | E71: 9.09 | F71: 3.29 | G71: 89.65 | H71: 28.65 | I71: Invalid | J71: 0.98 | K71: 301.06 | L71: 29.6 | M71: 30.65 | N71: 296.6 | O71: 0 | P71: 0.53 | Q71: 9.52
A72: 18/02/2025 16:00 | B72: 4.54 | C72: 59.27 | D72: 61.71 | E72: 7.79 | F72: 3.53 | G72: 89.65 | H72: 28.65 | I72: Invalid | J72: 0.97 | K72: 310.79 | L72: 28.74 | M72: 31.86 | N72: 219.1 | O72: 0 | P72: 0.51 | Q72: 9.55
... A104: 18/02/2025 24:00 | B104: 88.48 | C104: 84.91 | D104: 171.29 | E104: 7.43 | F104: 2.13 | G104: 131.57 | H104: 37.19 | I104: Invalid | J104: 0.64 | K104: 271.59 | L104: 19.68 | M104: 50.39 | N104: 65.4 | O104: 0 | P104: 1.36 | Q104: 9.79
A106: Min | B106: =MIN(B9:B104) -> 3.54 | C106: =MIN(C9:C104) -> 54.12 | D106: =MIN(D9:D104) -> 61.64 | E106: =MIN(E9:E104) -> 5.41 | F106: =MIN(F9:F104) -> 0.04 | G106: =MIN(G9:G104) -> 71.06 | H106: =MIN(H9:H104) -> 22.67 | I106: =MIN(I9:I104) -> 0 | ... Q106: =MIN(Q9:Q104) -> 9.42
A107: Max | B107: =MAX(B9:B104) -> 125.24 | C107: =MAX(C9:C104) -> 92.43 | D107: =MAX(D9:D104) -> 182.21 | E107: =MAX(E9:E104) -> 40.67 | F107: =MAX(F9:F104) -> 46.14 | G107: =MAX(G9:G104) -> 221.66 | H107: =MAX(H9:H104) -> 68.56 | I107: =MAX(I9:I104) -> 0 | ... Q107: =MAX(Q9:Q104) -> 10.17
A108: Avg | B108: =AVERAGE(B9:B104) -> 53.50837 | C108: =AVERAGE(C9:C104) -> 69.301848 | D108: =AVERAGE(D9:D104) -> 101.09848 | E108: =AVERAGE(E9:E104) -> 9.7030108 | F108: =AVERAGE(F9:F104) -> 4.5340625 | G108: =AVERAGE(G9:G104) -> 123.78707 | H108: =AVERAGE(H9:H104) -> 37.701739 | I108: =AVERAGE(I9:I104) -> #DIV/0! | ... Q108: =AVERAGE(Q9:Q104) -> 9.7209375
A109: Stdev | B109: =STDEV(B9:B104) -> 40.724563 | C109: =STDEV(C9:C104) -> 11.862025 | D109: =STDEV(D9:D104) -> 31.492255 | E109: =STDEV(E9:E104) -> 3.6776897 | F109: =STDEV(F9:F104) -> 6.1668382 | G109: =STDEV(G9:G104) -> 35.959338 | H109: =STDEV(H9:H104) -> 10.355064 | I109: =STDEV(I9:I104) -> #DIV/0! | ... Q109: =STDEV(Q9:Q104) -> 0.22326325
A110: Num | B110: =COUNT(B9:B104)+4 -> 96 | C110: =COUNT(C9:C104)+4 -> 96 | D110: =COUNT(D9:D104)+4 -> 96 | E110: =COUNT(E9:E104)+3 -> 96 | F110: =COUNT(F9:F104) -> 96 | G110: =COUNT(G9:G104)+4 -> 96 | H110: =COUNT(H9:H104)+4 -> 96 | I110: =COUNT(I9:I104) -> 0 | J110: =COUNT(J9:J104) -> 96 | K110: =COUNT(K9:K104) -> 96 | L110: =COUNT(L9:L104) -> 96 | M110: =COUNT(M9:M104) -> 96 | N110: =COUNT(N9:N104) -> 96 | O110: =COUNT(O9:O104) -> 96 | P110: =COUNT(P9:P104)+3 -> 96 | Q110: =COUNT(Q9:Q104) -> 96
A111: DCR | B111: =IF(B110>=87,">90%",IF(B110<=87,"<90%")) -> >90% | C111: =IF(C110>=87,">90%",IF(C110<=87,"<90%")) -> >90% | D111: =IF(D110>=87,">90%",IF(D110<=87,"<90%")) -> >90% | E111: =IF(E110>=87,">90%",IF(E110<=87,"<90%")) -> >90% | F111: =IF(F110>=87,">90%",IF(F110<=87,"<90%")) -> >90% | G111: =IF(G110>=87,">90%",IF(G110<=87,"<90%")) -> >90% | H111: =IF(H110>=87,">90%",IF(H110<=87,"<90%")) -> >90% | I111: =IF(I110>=87,">90%",IF(I110<=87,"<90%")) -> <90% | ... Q111: =IF(Q110>=87,">90%",IF(Q110<=87,"<90%")) -> >90%
A112: Status | B112: =IF(B110>=87,"OK",IF(B110<=87,"LESS")) -> OK | C112: =IF(C110>=87,"OK",IF(C110<=87,"LESS")) -> OK | D112: =IF(D110>=87,"OK",IF(D110<=87,"LESS")) -> OK | E112: =IF(E110>=87,"OK",IF(E110<=87,"LESS")) -> OK | F112: =IF(F110>=87,"OK",IF(F110<=87,"LESS")) -> OK | G112: =IF(G110>=87,"OK",IF(G110<=87,"LESS")) -> OK | H112: =IF(H110>=87,"OK",IF(H110<=87,"LESS")) -> OK | I112: =IF(I110>=87,"OK",IF(I110<=87,"LESS")) -> LESS | ... Q112: =IF(Q110>=87,"OK",IF(Q110<=87,"LESS")) -> OK
A115: Done by | B115: RK
A117: Comment

Sheet 19
A1: Station: | B1: BHATAGAON RAIPUR
A2: Date: | B2: =$A$9 -> 19/02/2025 00:15 | D2: Power Off | G2: Pw.Off | L2: Link Fail | N2: Link F | P2: Maintenance | R2: Maint.
A3: Report Type: | B3: Mean | D3: Calibration | G3: Calib. | L3: Data Fail | N3: Data F | P3: Invalid | R3: Invalid
A4: Time Base: | B4: 15 Min | D4: Zero Referrence | G4: Z.Ref | L4: Warm Up | N4: Wm. Up
A7: Date & Time | B7: NO_BHATAGAON | C7: NO2__BHATAGAON | D7: NOX_BHATAGAON | E7: SO2__BHATAGAON | F7: O3__BHATAGAON | G7: PM10__BHATAGAON | H7: PM2_5__BHATAGAON | I7: BENZ__BHATAGAON | J7: WS__BHATAGAON | K7: WD__BHATAGAON | L7: TEMP__BHATAGAON | M7: HUM__BHATAGAON | N7: SR__BHATAGAON | O7: RG__BHATAGAON | P7: CO__BHATAGAON | Q7: NH3__BHATAGAON
B8: ug/m3 | C8: ug/m3 | D8: ppb | E8: ug/m3 | F8: ug/m3 | G8: ug/m3 | H8: ug/m3 | I8: ug/m3 | J8: m/sec | K8: deg | L8: degreC | M8: % | N8: w/m2 | O8: mm | P8: mg/m3 | Q8: ug/m3
A9: 19/02/2025 00:15 | B9: 84.65 | C9: 83.72 | D9: 166.27 | E9: 7.28 | F9: 2.13 | G9: 112.69 | H9: 34.81 | I9: Invalid | J9: 0.5 | K9: 346.58 | L9: 18.87 | M9: 59.5 | N9: 66.2 | O9: 0 | P9: 1.51 | Q9: 9.81
A10: 19/02/2025 00:30 | B10: 81.22 | C10: 82.1 | D10: 161.21 | E10: 7.05 | F10: 2.13 | G10: 112.69 | H10: 34.78 | I10: Invalid | J10: 0.02 | K10: 249.44 | L10: 18.38 | M10: 57.13 | N10: 65.7 | O10: 0 | P10: 1.46 | Q10: 9.8
A11: 19/02/2025 00:45 | B11: 77.85 | C11: 77.94 | D11: 153.69 | E11: 7.48 | F11: 2.13 | G11: 112.69 | H11: 34.78 | I11: Invalid | J11: 0.28 | K11: 286.38 | L11: 18.28 | M11: 61.46 | N11: 65.7 | O11: 0 | P11: 1.71 | Q11: 9.82
A12: 19/02/2025 01:00 | B12: 74.21 | C12: 77.41 | D12: 149.52 | E12: 6.95 | F12: 2.13 | G12: 112.69 | H12: 34.78 | I12: Invalid | J12: 0.17 | K12: 23.87 | L12: 17.88 | M12: 65.3 | N12: 65.7 | O12: 0 | P12: 1.6 | Q12: 9.81
A13: 19/02/2025 01:15 | B13: 70.36 | C13: 76.54 | D13: 144.8 | E13: 6.66 | F13: 2.13 | G13: 101.49 | H13: 35.37 | I13: Invalid | J13: 0.73 | K13: 231.71 | L13: 18.16 | M13: 62.35 | N13: 65.3 | O13: 0 | P13: 1.43 | Q13: 9.78
A14: 19/02/2025 01:30 | B14: 66.42 | C14: 76.51 | D14: 140.83 | E14: 6.1 | F14: 2.13 | G14: 101.49 | H14: 35.37 | I14: Invalid | J14: 0.88 | K14: 221.86 | L14: 18.15 | M14: 62.28 | N14: 65 | O14: 0 | P14: 1.36 | Q14: 9.75
A15: 19/02/2025 01:45 | B15: 62.71 | C15: 76.23 | D15: 136.84 | E15: 6.4 | F15: 2.13 | G15: 101.49 | H15: 35.37 | I15: Invalid | J15: 0.19 | K15: 345.64 | L15: 17.88 | M15: 64.69 | N15: 65.8 | O15: 0 | P15: 1.38 | Q15: 9.74
A16: 19/02/2025 02:00 | B16: 59.67 | C16: 75.55 | D16: 133.12 | E16: 6 | F16: 2.13 | G16: 101.49 | H16: 35.37 | I16: Invalid | J16: 0.17 | K16: 278.89 | L16: 17.38 | M16: 67.23 | N16: 65.8 | O16: 0 | P16: 1.33 | Q16: 9.72
A17: 19/02/2025 02:15 | B17: 57.66 | C17: 75.14 | D17: 130.7 | E17: 6.58 | F17: 2.13 | G17: 103.86 | H17: 34.28 | I17: Invalid | J17: 0.65 | K17: 331.68 | L17: 17.04 | M17: 72.59 | N17: 65.8 | O17: 0 | P17: 1.3 | Q17: 9.7
A18: 19/02/2025 02:30 | B18: 55.21 | C18: 75.01 | D18: 128.13 | E18: 6.04 | F18: 2.13 | G18: 103.89 | H18: 34.27 | I18: Invalid | J18: 0.45 | K18: 212.33 | L18: 16.97 | M18: 70.62 | N18: 65.5 | O18: 0 | P18: 1.22 | Q18: 9.69
A19: 19/02/2025 02:45 | B19: 52.78 | C19: 73.97 | D19: 124.64 | E19: 5.78 | F19: 2.13 | G19: 103.89 | H19: 34.27 | I19: Invalid | J19: 0.4 | K19: 319.14 | L19: 16.98 | M19: 73.23 | N19: 65.6 | O19: 0 | P19: 1.22 | Q19: 9.69
A20: 19/02/2025 03:00 | B20: 50.58 | C20: 73.58 | D20: 122.07 | E20: 6.03 | F20: 2.13 | G20: 103.89 | H20: 34.27 | I20: Invalid | J20: 0.53 | K20: 46.54 | L20: 16.78 | M20: 71.16 | N20: 65.7 | O20: 0 | P20: 1.19 | Q20: 9.66
... A84: 19/02/2025 19:00 | B84: 16.79 | C84: 87.82 | D84: 102.5 | E84: 7.83 | F84: 2.13 | G84: 139.68 | H84: 18.54 | I84: Invalid | J84: 0.54 | K84: 16.25 | L84: 23.47 | M84: 44.27 | N84: 63.9 | O84: 0 | P84: 1.75 | Q84: 9.39
A85: 19/02/2025 19:15 | B85: 19.17 | C85: 90.02 | D85: 107.1 | E85: 8.56 | F85: 2.13 | G85: 159.88 | H85: Data F | I85: Invalid | J85: 0.98 | K85: 3.85 | L85: 23.29 | M85: 45.58 | N85: 63.2 | O85: 0 | P85: 1.68 | Q85: 9.35
A86: 19/02/2025 19:30 | B86: 21.51 | C86: 91.23 | D86: 110.64 | E86: 8.48 | F86: 2.13 | G86: 160.11 | H86: Data F | I86: Invalid | J86: 0.68 | K86: 21.08 | L86: 23.08 | M86: 45.94 | N86: 63.6 | O86: 0 | P86: 1.73 | Q86: 9.35
A87: 19/02/2025 19:45 | B87: 23.89 | C87: 92.01 | D87: 113.8 | E87: 9.3 | F87: 2.13 | G87: 160.11 | H87: Data F | I87: Invalid | J87: 0.57 | K87: 61.22 | L87: 22.86 | M87: 46.48 | N87: 63.5 | O87: 0 | P87: 1.54 | Q87: 9.39
A88: 19/02/2025 20:00 | B88: 24.52 | C88: 92.1 | D88: 114.52 | E88: 9.22 | F88: 2.13 | G88: 160.11 | H88: Data F | I88: Invalid | J88: 0.69 | K88: 78.12 | L88: 22.72 | M88: 46.92 | N88: 63.4 | O88: 0 | P88: 1.5 | Q88: 9.45
A89: 19/02/2025 20:15 | B89: 23.55 | C89: 90.58 | D89: 112.02 | E89: 9.2 | F89: 2.13 | G89: 178.46 | H89: Data F | I89: Invalid | J89: 0.79 | K89: 83.17 | L89: 22.67 | M89: 46.52 | N89: 63 | O89: 0 | P89: 1.4 | Q89: 9.48
A90: 19/02/2025 20:30 | B90: 22.04 | C90: 89.21 | D90: 109.14 | E90: 8.71 | F90: 2.13 | G90: 178.46 | H90: Data F | I90: Invalid | J90: 0.6 | K90: 48.34 | L90: 22.45 | M90: 47.19 | N90: 63.6 | O90: 0 | P90: 1.31 | Q90: 9.48
A91: 19/02/2025 20:45 | B91: 20.37 | C91: 87.49 | D91: 105.75 | E91: 8.29 | F91: 2.13 | G91: 178.46 | H91: Data F | I91: Invalid | J91: 0.56 | K91: 63.84 | L91: 22.1 | M91: 49.28 | N91: 63.6 | O91: 0 | P91: 1.35 | Q91: 9.48
A92: 19/02/2025 21:00 | B92: 19.91 | C92: 85.37 | D92: 103.18 | E92: 8.49 | F92: 2.13 | G92: 178.46 | H92: Data F | I92: Invalid | J92: 0.5 | K92: 328.95 | L92: 21.8 | M92: 52.77 | N92: 63.6 | O92: 0 | P92: 2.17 | Q92: 9.48
A93: 19/02/2025 21:15 | B93: 22.42 | C93: 86.67 | D93: 106.99 | E93: 8.27 | F93: 2.13 | G93: 127.33 | H93: Data F | I93: Invalid | J93: 0.24 | K93: 37.41 | L93: 21.52 | M93: 53.38 | N93: 63.7 | O93: 0 | P93: 1.93 | Q93: 9.44
A94: 19/02/2025 21:30 | B94: 25.27 | C94: 87.12 | D94: 110.29 | E94: 8.86 | F94: 2.13 | G94: 127.33 | H94: Data F | I94: Invalid | J94: 0.56 | K94: 325.61 | L94: 21.25 | M94: 55.09 | N94: 63.5 | O94: 0 | P94: 2.07 | Q94: 9.43
A95: 19/02/2025 21:45 | B95: 29.68 | C95: 87.4 | D95: 114.98 | E95: 8.85 | F95: 2.13 | G95: 127.33 | H95: Data F | I95: Invalid | J95: 0.58 | K95: 285.2 | L95: 20.92 | M95: 55.75 | N95: 63.6 | O95: 0 | P95: 1.99 | Q95: 9.42
A96: 19/02/2025 22:00 | B96: 33.45 | C96: 87.69 | D96: 119.04 | E96: 9.21 | F96: 2.13 | G96: 127.33 | H96: Data F | I96: Invalid | J96: 0.18 | K96: 351.75 | L96: 20.68 | M96: 58.99 | N96: 63.3 | O96: 0 | P96: 2.08 | Q96: 9.42
... A104: 19/02/2025 24:00 | B104: 70.21 | C104: 84.91 | D104: 153.02 | E104: 6.69 | F104: 2.13 | G104: 179.29 | H104: Data F | I104: Invalid | J104: 0.64 | K104: 273.16 | L104: 19.48 | M104: 64.89 | N104: 63.7 | O104: 0 | P104: 1.6 | Q104: 9.67
A106: Min | B106: =MIN(B9:B104) -> 4.38 | C106: =MIN(C9:C104) -> 65.53 | D106: =MIN(D9:D104) -> 78.56 | E106: =MIN(E9:E104) -> 5.78 | F106: =MIN(F9:F104) -> 2.13 | G106: =MIN(G9:G104) -> 72.3 | H106: =MIN(H9:H104) -> 18.54 | I106: =MIN(I9:I104) -> 0 | ... Q106: =MIN(Q9:Q104) -> 9.35
A107: Max | B107: =MAX(B9:B104) -> 84.65 | C107: =MAX(C9:C104) -> 92.1 | D107: =MAX(D9:D104) -> 166.27 | E107: =MAX(E9:E104) -> 10.93 | F107: =MAX(F9:F104) -> 3.17 | G107: =MAX(G9:G104) -> 248.87 | H107: =MAX(H9:H104) -> 76.97 | I107: =MAX(I9:I104) -> 0 | ... Q107: =MAX(Q9:Q104) -> 9.82
A108: Avg | B108: =AVERAGE(B9:B104) -> 34.151042 | C108: =AVERAGE(C9:C104) -> 79.267292 | D108: =AVERAGE(D9:D104) -> 111.31781 | E108: =AVERAGE(E9:E104) -> 7.848125 | F108: =AVERAGE(F9:F104) -> 2.175 | G108: =AVERAGE(G9:G104) -> 141.7324 | H108: =AVERAGE(H9:H104) -> 46.021974 | I108: =AVERAGE(I9:I104) -> #DIV/0! | ... Q108: =AVERAGE(Q9:Q104) -> 9.5242708
A109: Stdev | B109: =STDEV(B9:B104) -> 21.333648 | C109: =STDEV(C9:C104) -> 6.7779454 | D109: =STDEV(D9:D104) -> 21.656179 | E109: =STDEV(E9:E104) -> 1.212369 | F109: =STDEV(F9:F104) -> 0.15978933 | G109: =STDEV(G9:G104) -> 47.017517 | H109: =STDEV(H9:H104) -> 14.920724 | I109: =STDEV(I9:I104) -> #DIV/0! | ... Q109: =STDEV(Q9:Q104) -> 0.12261832
A110: Num | B110: =COUNT(B9:B104) -> 96 | C110: =COUNT(C9:C104) -> 96 | D110: =COUNT(D9:D104) -> 96 | E110: =COUNT(E9:E104) -> 96 | F110: =COUNT(F9:F104) -> 96 | G110: =COUNT(G9:G104) -> 96 | H110: =COUNT(H9:H104)+20 -> 96 | I110: =COUNT(I9:I104) -> 0 | J110: =COUNT(J9:J104) -> 96 | K110: =COUNT(K9:K104) -> 96 | L110: =COUNT(L9:L104) -> 96 | M110: =COUNT(M9:M104) -> 96 | N110: =COUNT(N9:N104) -> 96 | O110: =COUNT(O9:O104) -> 96 | P110: =COUNT(P9:P104) -> 96 | Q110: =COUNT(Q9:Q104) -> 96
A111: DCR | B111: =IF(B110>=87,">90%",IF(B110<=87,"<90%")) -> >90% | C111: =IF(C110>=87,">90%",IF(C110<=87,"<90%")) -> >90% | D111: =IF(D110>=87,">90%",IF(D110<=87,"<90%")) -> >90% | E111: =IF(E110>=87,">90%",IF(E110<=87,"<90%")) -> >90% | F111: =IF(F110>=87,">90%",IF(F110<=87,"<90%")) -> >90% | G111: =IF(G110>=87,">90%",IF(G110<=87,"<90%")) -> >90% | H111: =IF(H110>=87,">90%",IF(H110<=87,"<90%")) -> >90% | I111: =IF(I110>=87,">90%",IF(I110<=87,"<90%")) -> <90% | ... Q111: =IF(Q110>=87,">90%",IF(Q110<=87,"<90%")) -> >90%
A112: Status | B112: =IF(B110>=87,"OK",IF(B110<=87,"LESS")) -> OK | C112: =IF(C110>=87,"OK",IF(C110<=87,"LESS")) -> OK | D112: =IF(D110>=87,"OK",IF(D110<=87,"LESS")) -> OK | E112: =IF(E110>=87,"OK",IF(E110<=87,"LESS")) -> OK | F112: =IF(F110>=87,"OK",IF(F110<=87,"LESS")) -> OK | G112: =IF(G110>=87,"OK",IF(G110<=87,"LESS")) -> OK | H112: =IF(H110>=87,"OK",IF(H110<=87,"LESS")) -> OK | I112: =IF(I110>=87,"OK",IF(I110<=87,"LESS")) -> LESS | ... Q112: =IF(Q110>=87,"OK",IF(Q110<=87,"LESS")) -> OK
A115: Done by | B115: RK
A117: Comment

Sheet 20
A1: Station: | B1: BHATAGAON RAIPUR
A2: Date: | B2: =$A$9 -> 20/02/2025 00:15 | D2: Power Off | G2: Pw.Off | L2: Link Fail | N2: Link F | P2: Maintenance | R2: Maint.
A3: Report Type: | B3: Mean | D3: Calibration | G3: Calib. | L3: Data Fail | N3: Data F | P3: Invalid | R3: Invalid
A4: Time Base: | B4: 15 Min | D4: Zero Referrence | G4: Z.Ref | L4: Warm Up | N4: Wm. Up
A7: Date & Time | B7: NO_BHATAGAON | C7: NO2__BHATAGAON | D7: NOX_BHATAGAON | E7: SO2__BHATAGAON | F7: O3__BHATAGAON | G7: PM10__BHATAGAON | H7: PM2_5__BHATAGAON | I7: BENZ__BHATAGAON | J7: WS__BHATAGAON | K7: WD__BHATAGAON | L7: TEMP__BHATAGAON | M7: HUM__BHATAGAON | N7: SR__BHATAGAON | O7: RG__BHATAGAON | P7: CO__BHATAGAON | Q7: NH3__BHATAGAON
B8: ug/m3 | C8: ug/m3 | D8: ppb | E8: ug/m3 | F8: ug/m3 | G8: ug/m3 | H8: ug/m3 | I8: ug/m3 | J8: m/sec | K8: deg | L8: degreC | M8: % | N8: w/m2 | O8: mm | P8: mg/m3 | Q8: ug/m3
A9: 20/02/2025 00:15 | B9: 67.75 | C9: 83.41 | D9: 149.07 | E9: 7.2 | F9: 2.13 | G9: 138.13 | H9: 14.2 | I9: Invalid | J9: 0.6 | K9: 334.31 | L9: 19.01 | M9: 68.48 | N9: 63.8 | O9: 0 | P9: 1.64 | Q9: 9.69
A10: 20/02/2025 00:30 | B10: 65.97 | C10: 81.93 | D10: 145.81 | E10: 7.23 | F10: 2.13 | G10: 138.13 | H10: Data F | I10: Invalid | J10: 0.63 | K10: 327.17 | L10: 18.69 | M10: 71.72 | N10: 63.7 | O10: 0 | P10: 1.59 | Q10: 9.66
A11: 20/02/2025 00:45 | B11: 64.3 | C11: 80.05 | D11: 142.25 | E11: 7 | F11: 2.13 | G11: 138.13 | H11: Data F | I11: Invalid | J11: 0.65 | K11: 313.99 | L11: 18.47 | M11: 73.17 | N11: 63.7 | O11: 0 | P11: 1.58 | Q11: 9.65
A12: 20/02/2025 01:00 | B12: 62.76 | C12: 79.05 | D12: 139.72 | E12: 6.96 | F12: 2.13 | G12: 138.13 | H12: Data F | I12: Invalid | J12: 0.68 | K12: 329.25 | L12: 18.32 | M12: 74.51 | N12: 63.6 | O12: 0 | P12: 1.51 | Q12: 9.66
A13: 20/02/2025 01:15 | B13: 62.22 | C13: 76.38 | D13: 136.5 | E13: 6.54 | F13: 2.13 | G13: 139.4 | H13: Data F | I13: Invalid | J13: 0.53 | K13: 310.66 | L13: 18.15 | M13: 76.76 | N13: 63.6 | O13: 0 | P13: 1.23 | Q13: 9.67
A14: 20/02/2025 01:30 | B14: 61.33 | C14: 74.84 | D14: 134.07 | E14: 6.32 | F14: 2.13 | G14: 139.4 | H14: Data F | I14: Invalid | J14: 0.53 | K14: 272.56 | L14: 18.24 | M14: 72.26 | N14: 63.2 | O14: 0 | P14: 1.26 | Q14: 9.66
A15: 20/02/2025 01:45 | B15: 60.96 | C15: 75.98 | D15: 134.84 | E15: 6.58 | F15: 2.13 | G15: 139.4 | H15: Data F | I15: Invalid | J15: 0.78 | K15: 214.87 | L15: 18.8 | M15: 66.19 | N15: 62.9 | O15: 0 | P15: 1.25 | Q15: 9.65
A16: 20/02/2025 02:00 | B16: 59.69 | C16: 75.77 | D16: 133.36 | E16: 6.29 | F16: 2.13 | G16: 139.4 | H16: Data F | I16: Invalid | J16: 0.71 | K16: 228.07 | L16: 18.82 | M16: 63.66 | N16: 63.4 | O16: 0 | P16: 1.12 | Q16: 9.64
A17: 20/02/2025 02:15 | B17: 57.48 | C17: 75.42 | D17: 130.8 | E17: 6.29 | F17: 2.13 | G17: 114.43 | H17: Data F | I17: Invalid | J17: 0.53 | K17: 335.1 | L17: 18.47 | M17: 67.08 | N17: 63.7 | O17: 0 | P17: 1.12 | Q17: 9.64
A18: 20/02/2025 02:30 | B18: 54.94 | C18: 74.53 | D18: 127.38 | E18: 6.21 | F18: 2.13 | G18: 114.15 | H18: Data F | I18: Invalid | J18: 0.69 | K18: 332.6 | L18: 17.95 | M18: 71.16 | N18: 63.7 | O18: 0 | P18: 1.12 | Q18: 9.64
A19: 20/02/2025 02:45 | B19: 52.28 | C19: 73.4 | D19: 123.59 | E19: 6.14 | F19: 2.13 | G19: 114.15 | H19: Data F | I19: Invalid | J19: 1.14 | K19: 347.58 | L19: 17.72 | M19: 73.76 | N19: 62.8 | O19: 0 | P19: 1.15 | Q19: 9.63
A20: 20/02/2025 03:00 | B20: 49.11 | C20: 72.16 | D20: 119.17 | E20: 6.32 | F20: 2.13 | G20: 114.15 | H20: Data F | I20: Invalid | J20: 1.72 | K20: 344.35 | L20: 17.95 | M20: 76.19 | N20: 62.7 | O20: 0 | P20: 1.16 | Q20: 9.6
A21: 20/02/2025 03:15 | B21: 46.8 | C21: 68.8 | D21: 113.5 | E21: 6.18 | F21: 2.13 | G21: 94.8 | H21: Data F | I21: Invalid | J21: 1.65 | K21: 342.94 | L21: 17.98 | M21: 73.12 | N21: 63 | O21: 0 | P21: 1.23 | Q21: 9.6
... A37: 20/02/2025 07:15 | B37: 30.64 | C37: 71.39 | D37: 99.93 | E37: 5.85 | F37: 2.13 | G37: 109.52 | H37: Data F | I37: Invalid | J37: 0.62 | K37: 345.99 | L37: 17.91 | M37: 67.25 | N37: 115.7 | O37: 0 | P37: 1.01 | Q37: 9.45
A38: 20/02/2025 07:30 | B38: 33.47 | C38: 72.21 | D38: 103.59 | E38: 5.93 | F38: 2.13 | G38: 109.39 | H38: 61.63 | I38: Invalid | J38: 0.42 | K38: 184.3 | L38: 18.83 | M38: 63.71 | N38: 154.6 | O38: 0 | P38: 1.04 | Q38: 9.41
A39: 20/02/2025 07:45 | B39: 35.01 | C39: 73.86 | D39: 106.77 | E39: 5.98 | F39: 2.13 | G39: 109.39 | H39: 61.63 | I39: Invalid | J39: 1.08 | K39: 206.2 | L39: 19 | M39: 67.83 | N39: 195.5 | O39: 0 | P39: 1.03 | Q39: 9.42
A40: 20/02/2025 08:00 | B40: 34.23 | C40: 71.28 | D40: 103.4 | E40: 5.59 | F40: 2.13 | G40: 109.39 | H40: 61.63 | I40: Invalid | J40: 0.93 | K40: 207.18 | L40: 19.09 | M40: 67.92 | N40: 243.4 | O40: 0 | P40: 1.03 | Q40: 9.45
A41: 20/02/2025 08:15 | B41: 32.89 | C41: 70.29 | D41: 101.08 | E41: 6.07 | F41: 2.13 | G41: 132.03 | H41: 40.95 | I41: Invalid | J41: 0.57 | K41: 178.64 | L41: 20.92 | M41: 58.77 | N41: 294.3 | O41: 0 | P41: 1.02 | Q41: 9.48
A42: 20/02/2025 08:30 | B42: 31.92 | C42: 70.26 | D42: 100.07 | E42: 6.17 | F42: 2.13 | G42: 132.28 | H42: 40.71 | I42: Invalid | J42: 0.2 | K42: 111.43 | L42: 22.46 | M42: 52.02 | N42: 345.6 | O42: 0 | P42: 1.02 | Q42: 9.49
A43: 20/02/2025 08:45 | B43: 30.97 | C43: 71.64 | D43: 100.51 | E43: 6.58 | F43: 2.13 | G43: 132.28 | H43: 40.71 | I43: Invalid | J43: 0.42 | K43: 13.44 | L43: 24.17 | M43: 47.34 | N43: 390.9 | O43: 0 | P43: 1.01 | Q43: 9.5
A44: 20/02/2025 09:00 | B44: 29.92 | C44: 73.02 | D44: 100.84 | E44: 6.75 | F44: 2.13 | G44: 132.28 | H44: 40.71 | I44: Invalid | J44: 0.95 | K44: 343.3 | L44: 26.6 | M44: 41.2 | N44: 434.6 | O44: 0 | P44: 1.01 | Q44: 9.47
A45: 20/02/2025 09:15 | B45: 29.03 | C45: 75.26 | D45: 102.19 | E45: 6.4 | F45: 2.13 | G45: 123.82 | H45: 45.46 | I45: Invalid | J45: 0.43 | K45: 145.62 | L45: 26.49 | M45: 41.44 | N45: 492.1 | O45: 0 | P45: 1.01 | Q45: 9.47
A46: 20/02/2025 09:30 | B46: 26.81 | C46: 76.62 | D46: 101.33 | E46: 6.39 | F46: 2.13 | G46: 123.73 | H46: 45.51 | I46: Invalid | J46: 0.55 | K46: 216.48 | L46: 24.95 | M46: 45.29 | N46: 540.1 | O46: 0 | P46: 0.98 | Q46: 9.48
A47: 20/02/2025 09:45 | B47: 23.51 | C47: 77.07 | D47: 98.47 | E47: 6.2 | F47: 2.13 | G47: 123.73 | H47: 45.51 | I47: Invalid | J47: 0.44 | K47: 281.75 | L47: 26.7 | M47: 42.22 | N47: 582.1 | O47: 0 | P47: 0.96 | Q47: 9.5
A48: 20/02/2025 10:00 | B48: 20.58 | C48: 76.82 | D48: 95.31 | E48: 6.58 | F48: 2.13 | G48: 123.73 | H48: 45.51 | I48: Invalid | J48: 0.71 | K48: 214.77 | L48: 25.26 | M48: 45.48 | N48: 631.9 | O48: 0 | P48: 0.94 | Q48: 9.47
A49: 20/02/2025 10:15 | B49: 17.36 | C49: 74.9 | D49: 90.17 | E49: 6.12 | F49: 2.13 | G49: 118.04 | H49: 40.08 | I49: Invalid | J49: 0.41 | K49: 251.09 | L49: 26.23 | M49: 43.5 | N49: 666.6 | O49: 0 | P49: 0.91 | Q49: 9.48
... A104: 20/02/2025 24:00 | B104: 180.47 | C104: 85.87 | D104: 264.24 | E104: 10.5 | F104: 2.17 | G104: 196.92 | H104: 55.94 | I104: Invalid | J104: 0.58 | K104: 354.95 | L104: 18.2 | M104: 81.02 | N104: 62.8 | O104: 0 | P104: 2.89 | Q104: 9.97
A106: Min | B106: =MIN(B9:B104) -> 3.34 | C106: =MIN(C9:C104) -> 57.42 | D106: =MIN(D9:D104) -> 59.11 | E106: =MIN(E9:E104) -> 5.59 | F106: =MIN(F9:F104) -> 2.13 | G106: =MIN(G9:G104) -> 46.29 | H106: =MIN(H9:H104) -> 14.2 | I106: =MIN(I9:I104) -> 0 | ... Q106: =MIN(Q9:Q104) -> 9.17
A107: Max | B107: =MAX(B9:B104) -> 180.47 | C107: =MAX(C9:C104) -> 85.87 | D107: =MAX(D9:D104) -> 264.24 | E107: =MAX(E9:E104) -> 12.92 | F107: =MAX(F9:F104) -> 21.94 | G107: =MAX(G9:G104) -> 215.47 | H107: =MAX(H9:H104) -> 61.63 | I107: =MAX(I9:I104) -> 0 | ... Q107: =MAX(Q9:Q104) -> 9.97
A108: Avg | B108: =AVERAGE(B9:B104) -> 39.423437 | C108: =AVERAGE(C9:C104) -> 71.696563 | D108: =AVERAGE(D9:D104) -> 109.02063 | E108: =AVERAGE(E9:E104) -> 8.5116667 | F108: =AVERAGE(F9:F104) -> 5.5094792 | G108: =AVERAGE(G9:G104) -> 122.23354 | H108: =AVERAGE(H9:H104) -> 38.855882 | I108: =AVERAGE(I9:I104) -> #DIV/0! | ... Q108: =AVERAGE(Q9:Q104) -> 9.47
A109: Stdev | B109: =STDEV(B9:B104) -> 42.176126 | C109: =STDEV(C9:C104) -> 7.5473315 | D109: =STDEV(D9:D104) -> 48.614443 | E109: =STDEV(E9:E104) -> 2.2378183 | F109: =STDEV(F9:F104) -> 5.8504878 | G109: =STDEV(G9:G104) -> 42.100212 | H109: =STDEV(H9:H104) -> 12.286938 | I109: =STDEV(I9:I104) -> #DIV/0! | ... Q109: =STDEV(Q9:Q104) -> 0.15900348
A110: Num | B110: =COUNT(B9:B104) -> 96 | C110: =COUNT(C9:C104) -> 96 | D110: =COUNT(D9:D104) -> 96 | E110: =COUNT(E9:E104) -> 96 | F110: =COUNT(F9:F104) -> 96 | G110: =COUNT(G9:G104) -> 96 | H110: =COUNT(H9:H104)+28 -> 96 | I110: =COUNT(I9:I104) -> 0 | J110: =COUNT(J9:J104) -> 96 | K110: =COUNT(K9:K104) -> 96 | L110: =COUNT(L9:L104) -> 96 | M110: =COUNT(M9:M104) -> 96 | N110: =COUNT(N9:N104) -> 96 | O110: =COUNT(O9:O104) -> 96 | P110: =COUNT(P9:P104) -> 96 | Q110: =COUNT(Q9:Q104) -> 96
A111: DCR | B111: =IF(B110>=87,">90%",IF(B110<=87,"<90%")) -> >90% | C111: =IF(C110>=87,">90%",IF(C110<=87,"<90%")) -> >90% | D111: =IF(D110>=87,">90%",IF(D110<=87,"<90%")) -> >90% | E111: =IF(E110>=87,">90%",IF(E110<=87,"<90%")) -> >90% | F111: =IF(F110>=87,">90%",IF(F110<=87,"<90%")) -> >90% | G111: =IF(G110>=87,">90%",IF(G110<=87,"<90%")) -> >90% | H111: =IF(H110>=87,">90%",IF(H110<=87,"<90%")) -> >90% | I111: =IF(I110>=87,">90%",IF(I110<=87,"<90%")) -> <90% | ... Q111: =IF(Q110>=87,">90%",IF(Q110<=87,"<90%")) -> >90%
A112: Status | B112: =IF(B110>=87,"OK",IF(B110<=87,"LESS")) -> OK | C112: =IF(C110>=87,"OK",IF(C110<=87,"LESS")) -> OK | D112: =IF(D110>=87,"OK",IF(D110<=87,"LESS")) -> OK | E112: =IF(E110>=87,"OK",IF(E110<=87,"LESS")) -> OK | F112: =IF(F110>=87,"OK",IF(F110<=87,"LESS")) -> OK | G112: =IF(G110>=87,"OK",IF(G110<=87,"LESS")) -> OK | H112: =IF(H110>=87,"OK",IF(H110<=87,"LESS")) -> OK | I112: =IF(I110>=87,"OK",IF(I110<=87,"LESS")) -> LESS | ... Q112: =IF(Q110>=87,"OK",IF(Q110<=87,"LESS")) -> OK
A115: Done by | B115: RK
A117: Comment

Sheet 21
A1: Station: | B1: BHATAGAON RAIPUR
A2: Date: | B2: =$A$9 -> 21/02/2025 00:15 | D2: Power Off | G2: Pw.Off | L2: Link Fail | N2: Link F | P2: Maintenance | R2: Maint.
A3: Report Type: | B3: Mean | D3: Calibration | G3: Calib. | L3: Data Fail | N3: Data F | P3: Invalid | R3: Invalid
A4: Time Base: | B4: 15 Min | D4: Zero Referrence | G4: Z.Ref | L4: Warm Up | N4: Wm. Up
A7: Date & Time | B7: NO_BHATAGAON | C7: NO2__BHATAGAON | D7: NOX_BHATAGAON | E7: SO2__BHATAGAON | F7: O3__BHATAGAON | G7: PM10__BHATAGAON | H7: PM2_5__BHATAGAON | I7: BENZ__BHATAGAON | J7: WS__BHATAGAON | K7: WD__BHATAGAON | L7: TEMP__BHATAGAON | M7: HUM__BHATAGAON | N7: SR__BHATAGAON | O7: RG__BHATAGAON | P7: CO__BHATAGAON | Q7: NH3__BHATAGAON
B8: ug/m3 | C8: ug/m3 | D8: ppb | E8: ug/m3 | F8: ug/m3 | G8: ug/m3 | H8: ug/m3 | I8: ug/m3 | J8: m/sec | K8: deg | L8: degreC | M8: % | N8: w/m2 | O8: mm | P8: mg/m3 | Q8: ug/m3
A9: 21/02/2025 00:15 | B9: 181.84 | C9: 85.91 | D9: 265.65 | E9: 11.95 | F9: 2.21 | G9: 229.44 | H9: 55.89 | I9: Invalid | J9: 0.61 | K9: 62.16 | L9: 19.24 | M9: 65.72 | N9: 62.4 | O9: 0 | P9: 2.83 | Q9: 10.01
A10: 21/02/2025 00:30 | B10: 178.66 | C10: 85.22 | D10: 261.77 | E10: 12.03 | F10: 2.13 | G10: 229.44 | H10: 55.89 | I10: Invalid | J10: 0.48 | K10: 331.63 | L10: 19.44 | M10: 62.68 | N10: 63.6 | O10: 0 | P10: 2.48 | Q10: 10.07
A11: 21/02/2025 00:45 | B11: 173.64 | C11: 84 | D11: 255.54 | E11: 11.63 | F11: 2.13 | G11: 229.44 | H11: 55.89 | I11: Invalid | J11: 0.78 | K11: 224.05 | L11: 19.16 | M11: 64.31 | N11: 63.6 | O11: 0 | P11: 2.53 | Q11: 10.1
A12: 21/02/2025 01:00 | B12: 167.72 | C12: 82.44 | D12: 248.06 | E12: 11.24 | F12: 2.13 | G12: 229.44 | H12: 55.89 | I12: Invalid | J12: 0.31 | K12: 187.97 | L12: 19.02 | M12: 64.32 | N12: 63.8 | O12: 0 | P12: 2.44 | Q12: 10.1
A13: 21/02/2025 01:15 | B13: 162.87 | C13: 78.33 | D13: 239.1 | E13: 11.17 | F13: 2.13 | G13: 202.08 | H13: 69.29 | I13: Invalid | J13: 0.09 | K13: 313.52 | L13: 18.42 | M13: 69.61 | N13: 64.1 | O13: 0 | P13: 2.23 | Q13: 10.07
A14: 21/02/2025 01:30 | B14: 157.09 | C14: 77.9 | D14: 232.89 | E14: 10.52 | F14: 2.13 | G14: 201.77 | H14: 69.29 | I14: Invalid | J14: 0.24 | K14: 357.75 | L14: 17.85 | M14: 74.97 | N14: 64.1 | O14: 0 | P14: 2.25 | Q14: 10.05
A15: 21/02/2025 01:45 | B15: 150.62 | C15: 77.2 | D15: 225.73 | E15: 10.53 | F15: 2.13 | G15: 201.77 | H15: 69.29 | I15: Invalid | J15: 0.42 | K15: 281.81 | L15: 17.92 | M15: 74.81 | N15: 63.8 | O15: 0 | P15: 2.2 | Q15: 10.02
A16: 21/02/2025 02:00 | B16: 144.29 | C16: 76.26 | D16: 218.45 | E16: 10.18 | F16: 2.13 | G16: 201.77 | H16: 69.29 | I16: Invalid | J16: 0.31 | K16: 40.91 | L16: 17.93 | M16: 73.31 | N16: 63.3 | O16: 0 | P16: 2.17 | Q16: 10.01
A17: 21/02/2025 02:15 | B17: 137.5 | C17: 75.87 | D17: 211.27 | E17: 9.54 | F17: 2.13 | G17: 165.15 | H17: 58.7 | I17: Invalid | J17: 0.5 | K17: 331.22 | L17: 18.42 | M17: 68.88 | N17: 63.6 | O17: 0 | P17: 1.96 | Q17: 9.99
A18: 21/02/2025 02:30 | B18: 129.78 | C18: 75.12 | D18: 202.8 | E18: 9.42 | F18: 2.13 | G18: 164.74 | H18: 58.58 | I18: Invalid | J18: 0.38 | K18: 17.76 | L18: 18.46 | M18: 68.07 | N18: 63.3 | O18: 0 | P18: 1.9 | Q18: 9.97
A19: 21/02/2025 02:45 | B19: 121.66 | C19: 74.39 | D19: 193.95 | E19: 8.82 | F19: 2.13 | G19: 164.74 | H19: 58.58 | I19: Invalid | J19: 0.9 | K19: 15.22 | L19: 18.76 | M19: 67.33 | N19: 63.2 | O19: 0 | P19: 1.85 | Q19: 9.96
A20: 21/02/2025 03:00 | B20: 113.82 | C20: 74.02 | D20: 185.74 | E20: 8.56 | F20: 2.13 | G20: 164.74 | H20: 58.58 | I20: Invalid | J20: 0.47 | K20: 325.52 | L20: 18.67 | M20: 67.86 | N20: 63.9 | O20: 0 | P20: 1.78 | Q20: 9.95
... A104: 21/02/2025 24:00 | B104: 110.32 | C104: 81.31 | D104: 189.52 | E104: 7.09 | F104: 2.13 | G104: 102.8 | H104: 32.85 | I104: Invalid | J104: 0.68 | K104: 338.85 | L104: 17.69 | M104: 57.19 | N104: 63.4 | O104: 0 | P104: 1.29 | Q104: 9.78
A106: Min | B106: =MIN(B9:B104) -> 4.03 | C106: =MIN(C9:C104) -> 60.91 | D106: =MIN(D9:D104) -> 64.82 | E106: =MIN(E9:E104) -> 4.51 | F106: =MIN(F9:F104) -> 2.13 | G106: =MIN(G9:G104) -> 33.39 | H106: =MIN(H9:H104) -> 19.24 | I106: =MIN(I9:I104) -> 0 | ... Q106: =MIN(Q9:Q104) -> 9.2
A107: Max | B107: =MAX(B9:B104) -> 181.84 | C107: =MAX(C9:C104) -> 91.57 | D107: =MAX(D9:D104) -> 265.65 | E107: =MAX(E9:E104) -> 22.03 | F107: =MAX(F9:F104) -> 30.66 | G107: =MAX(G9:G104) -> 229.44 | H107: =MAX(H9:H104) -> 69.29 | I107: =MAX(I9:I104) -> 0 | ... Q107: =MAX(Q9:Q104) -> 10.1
A108: Avg | B108: =AVERAGE(B9:B104) -> 58.492813 | C108: =AVERAGE(C9:C104) -> 74.411354 | D108: =AVERAGE(D9:D104) -> 130.8051 | E108: =AVERAGE(E9:E104) -> 7.8379167 | F108: =AVERAGE(F9:F104) -> 2.7341667 | G108: =AVERAGE(G9:G104) -> 105.55615 | H108: =AVERAGE(H9:H104) -> 34.578854 | I108: =AVERAGE(I9:I104) -> #DIV/0! | ... Q108: =AVERAGE(Q9:Q104) -> 9.5602083
A109: Stdev | B109: =STDEV(B9:B104) -> 50.545682 | C109: =STDEV(C9:C104) -> 9.363429 | D109: =STDEV(D9:D104) -> 55.723639 | E109: =STDEV(E9:E104) -> 2.1390598 | F109: =STDEV(F9:F104) -> 3.6218968 | G109: =STDEV(G9:G104) -> 48.220143 | H109: =STDEV(H9:H104) -> 12.569661 | I109: =STDEV(I9:I104) -> #DIV/0! | ... Q109: =STDEV(Q9:Q104) -> 0.24338827
A110: Num | B110: =COUNT(B9:B104) -> 96 | C110: =COUNT(C9:C104) -> 96 | D110: =COUNT(D9:D104) -> 96 | E110: =COUNT(E9:E104) -> 96 | F110: =COUNT(F9:F104) -> 96 | G110: =COUNT(G9:G104) -> 96 | H110: =COUNT(H9:H104) -> 96 | I110: =COUNT(I9:I104) -> 0 | ... Q110: =COUNT(Q9:Q104) -> 96
A111: DCR | B111: =IF(B110>=87,">90%",IF(B110<=87,"<90%")) -> >90% | C111: =IF(C110>=87,">90%",IF(C110<=87,"<90%")) -> >90% | D111: =IF(D110>=87,">90%",IF(D110<=87,"<90%")) -> >90% | E111: =IF(E110>=87,">90%",IF(E110<=87,"<90%")) -> >90% | F111: =IF(F110>=87,">90%",IF(F110<=87,"<90%")) -> >90% | G111: =IF(G110>=87,">90%",IF(G110<=87,"<90%")) -> >90% | H111: =IF(H110>=87,">90%",IF(H110<=87,"<90%")) -> >90% | I111: =IF(I110>=87,">90%",IF(I110<=87,"<90%")) -> <90% | ... Q111: =IF(Q110>=87,">90%",IF(Q110<=87,"<90%")) -> >90%
A112: Status | B112: =IF(B110>=87,"OK",IF(B110<=87,"LESS")) -> OK | C112: =IF(C110>=87,"OK",IF(C110<=87,"LESS")) -> OK | D112: =IF(D110>=87,"OK",IF(D110<=87,"LESS")) -> OK | E112: =IF(E110>=87,"OK",IF(E110<=87,"LESS")) -> OK | F112: =IF(F110>=87,"OK",IF(F110<=87,"LESS")) -> OK | G112: =IF(G110>=87,"OK",IF(G110<=87,"LESS")) -> OK | H112: =IF(H110>=87,"OK",IF(H110<=87,"LESS")) -> OK | I112: =IF(I110>=87,"OK",IF(I110<=87,"LESS")) -> LESS | ... Q112: =IF(Q110>=87,"OK",IF(Q110<=87,"LESS")) -> OK
A115: Done by | B115: RK
A117: Comment

Sheet 22
A1: Station: | B1: BHATAGAON RAIPUR
A2: Date: | B2: =$A$9 -> 22/02/2025 00:15 | D2: Power Off | G2: Pw.Off | L2: Link Fail | N2: Link F | P2: Maintenance | R2: Maint.
A3: Report Type: | B3: Mean | D3: Calibration | G3: Calib. | L3: Data Fail | N3: Data F | P3: Invalid | R3: Invalid
A4: Time Base: | B4: 15 Min | D4: Zero Referrence | G4: Z.Ref | L4: Warm Up | N4: Wm. Up
A7: Date & Time | B7: NO_BHATAGAON | C7: NO2__BHATAGAON | D7: NOX_BHATAGAON | E7: SO2__BHATAGAON | F7: O3__BHATAGAON | G7: PM10__BHATAGAON | H7: PM2_5__BHATAGAON | I7: BENZ__BHATAGAON | J7: WS__BHATAGAON | K7: WD__BHATAGAON | L7: TEMP__BHATAGAON | M7: HUM__BHATAGAON | N7: SR__BHATAGAON | O7: RG__BHATAGAON | P7: CO__BHATAGAON | Q7: NH3__BHATAGAON
B8: ug/m3 | C8: ug/m3 | D8: ppb | E8: ug/m3 | F8: ug/m3 | G8: ug/m3 | H8: ug/m3 | I8: ug/m3 | J8: m/sec | K8: deg | L8: degreC | M8: % | N8: w/m2 | O8: mm | P8: mg/m3 | Q8: ug/m3
A9: 22/02/2025 00:15 | B9: 107.17 | C9: 79.82 | D9: 184.88 | E9: 6.98 | F9: 2.13 | G9: 66.2 | H9: 25.66 | I9: Invalid | J9: 0.25 | K9: 289.76 | L9: 17.29 | M9: 59.13 | N9: 63.2 | O9: 0 | P9: 1.27 | Q9: 9.8
A10: 22/02/2025 00:30 | B10: 103.65 | C10: 78.48 | D10: 180.03 | E10: 6.77 | F10: 2.13 | G10: 66.2 | H10: 25.66 | I10: Invalid | J10: 0.56 | K10: 292.58 | L10: 17.24 | M10: 58.04 | N10: 62.8 | O10: 0 | P10: 1.23 | Q10: 9.81
