Workbook

Sheet 01
A1: Station: | B1: BHATAGAON RAIPUR
A2: Date: | B2: =$A$9 -> 01/02/2025 01:00 | D2: Power Off | G2: Pw.Off | L2: Link Fail | N2: Link F | P2: Maintenance | R2: Maint.
A3: Report Type: | B3: Mean | D3: Calibration | G3: Calib. | L3: Data Fail | N3: Data F | P3: Invalid | R3: Invalid
A4: Time Base: | B4: 01 Hour | D4: Zero Referrence | G4: Z.Ref | L4: Warm Up | N4: Wm. Up
A7: Date & Time | B7: NO_BHATAGAON | C7: NO2__BHATAGAON | D7: NOX_BHATAGAON | E7: SO2__BHATAGAON | F7: O3__BHATAGAON | G7: PM10__BHATAGAON | H7: PM2_5__BHATAGAON | I7: BENZ__BHATAGAON | J7: WS__BHATAGAON | K7: WD__BHATAGAON | L7: TEMP__BHATAGAON | M7: HUM__BHATAGAON | N7: SR__BHATAGAON | O7: RG__BHATAGAON | P7: CO__BHATAGAON | Q7: NH3__BHATAGAON
B8: ug/m3 | C8: ug/m3 | D8: ppb | E8: ug/m3 | F8: ug/m3 | G8: mg/m3 | H8: ug/m3 | I8: ug/m3 | J8: m/sec | K8: deg | L8: degreC | M8: % | N8: w/m2 | O8: mm | P8: ug/m3 | Q8: ug/m3
A9: 01/02/2025 01:00 | B9: 79.79 | C9: 54.29 | D9: 90.97 | E9: 6.92 | F9: 2.13 | G9: 115.85 | H9: 33.82 | I9: Invalid | J9: 0.57 | K9: 299.02 | L9: 17.68 | M9: 99.85 | N9: 79 | O9: 0 | P9: 1.31 | Q9: 9.79
A10: 01/02/2025 02:00 | B10: 78.05 | C10: 51.45 | D10: 88.1 | E10: 6.89 | F10: 2.13 | G10: 108.73 | H10: 31.45 | I10: Invalid | J10: 0.62 | K10: 346.53 | L10: 16.99 | M10: 104.29 | N10: 78.8 | O10: 0 | P10: 1.31 | Q10: 9.8
A11: 01/02/2025 03:00 | B11: 73.31 | C11: 51.13 | D11: 83.54 | E11: 6.55 | F11: 2.13 | G11: 103.22 | H11: 32.18 | I11: Invalid | J11: 0.52 | K11: 329.61 | L11: 16.74 | M11: 105.21 | N11: 78.6 | O11: 0 | P11: 1.25 | Q11: 9.81
A12: 01/02/2025 04:00 | B12: 64.59 | C12: 50.31 | D12: 76.42 | E12: 6.62 | F12: 2.13 | G12: 97.76 | H12: 30.82 | I12: Invalid | J12: 0.57 | K12: 300.58 | L12: 16.77 | M12: 101.8 | N12: 78.8 | O12: 0 | P12: 1.14 | Q12: 9.77
A13: 01/02/2025 05:00 | B13: 57.24 | C13: 49.47 | D13: 70.37 | E13: 6.38 | F13: 2.13 | G13: 79.32 | H13: 30.56 | I13: Invalid | J13: 0.48 | K13: 305.62 | L13: 16.16 | M13: 104.2 | N13: 78.8 | O13: 0 | P13: 0.99 | Q13: 9.72
A14: 01/02/2025 06:00 | B14: 54.69 | C14: 48.28 | D14: 67.34 | E14: 6.48 | F14: 2.13 | G14: 71.53 | H14: 28.06 | I14: Invalid | J14: 0.35 | K14: 295.65 | L14: 15.69 | M14: 105.51 | N14: 78.9 | O14: 0 | P14: 0.97 | Q14: 9.7
A15: 01/02/2025 07:00 | B15: 54.48 | C15: 49.18 | D15: 67.91 | E15: 6.39 | F15: 2.13 | G15: 69.55 | H15: 26.99 | I15: Invalid | J15: 0.58 | K15: 357.07 | L15: 15.44 | M15: 105.57 | N15: 90.5 | O15: 0 | P15: 0.95 | Q15: 9.72
A16: 01/02/2025 08:00 | B16: 58.24 | C16: 50.82 | D16: 70.54 | E16: 6.44 | F16: 2.13 | G16: 70.98 | H16: 27.31 | I16: Invalid | J16: 0.72 | K16: 202.01 | L16: 17.83 | M16: 102.63 | N16: 209.7 | O16: 0 | P16: 0.95 | Q16: 9.73
A17: 01/02/2025 09:00 | B17: 55.19 | C17: 50.37 | D17: 68.92 | E17: 6.88 | F17: 2.13 | G17: 72.55 | H17: 29.14 | I17: Invalid | J17: 1.49 | K17: 171.21 | L17: 21.26 | M17: 88.4 | N17: 383.5 | O17: 0 | P17: 0.92 | Q17: 9.71
A18: 01/02/2025 10:00 | B18: 47.47 | C18: 53.43 | D18: 62.77 | E18: 6.85 | F18: 2.13 | G18: 67.39 | H18: 26.89 | I18: Invalid | J18: 1.62 | K18: 162.63 | L18: 23.91 | M18: 69.98 | N18: 488.3 | O18: 0 | P18: 0.86 | Q18: 9.69
A19: 01/02/2025 11:00 | B19: 36.39 | C19: 54.54 | D19: 55.5 | E19: 6.52 | F19: 2.13 | G19: 62.5 | H19: 24.71 | I19: Invalid | J19: 1.27 | K19: 164.39 | L19: 26.32 | M19: 63.29 | N19: 546.3 | O19: 0 | P19: 0.77 | Q19: 9.64
A20: 01/02/2025 12:00 | B20: 23.02 | C20: 56.66 | D20: 46.46 | E20: 6.3 | F20: 2.13 | G20: 53.56 | H20: 23.52 | I20: Invalid | J20: 0.77 | K20: 320.12 | L20: 30.85 | M20: 45.41 | N20: 592.5 | O20: 0 | P20: 0.68 | Q20: 9.6
... A32: 01/02/2025 24:00 | B32: 107.1 | C32: 59.04 | D32: 114.65 | E32: 8.19 | F32: 2.13 | G32: 189.26 | H32: 42.09 | I32: Invalid | J32: 0.67 | K32: 318.74 | L32: 18.75 | M32: 79.06 | N32: 78.8 | O32: 0 | P32: 1.89 | Q32: 9.91
A34: Min | B34: =MIN(B9:B32) -> 3.41 | C34: =MIN(C9:C32) -> 48.28 | D34: =MIN(D9:D32) -> 29.04 | E34: =MIN(E9:E32) -> 5.37 | F34: =MIN(F9:F32) -> 2.13 | G34: =MIN(G9:G32) -> 40.48 | H34: =MIN(H9:H32) -> 18.96 | I34: =MIN(I9:I32) -> 0 | ... Q34: =MIN(Q9:Q32) -> 9.22
A35: Max | B35: =MAX(B9:B32) -> 107.1 | C35: =MAX(C9:C32) -> 64.84 | D35: =MAX(D9:D32) -> 114.65 | E35: =MAX(E9:E32) -> 8.57 | F35: =MAX(F9:F32) -> 2.13 | G35: =MAX(G9:G32) -> 191.05 | H35: =MAX(H9:H32) -> 42.09 | I35: =MAX(I9:I32) -> 0 | ... Q35: =MAX(Q9:Q32) -> 9.91
A36: Avg | B36: =AVERAGE(B9:B32) -> 47.449583 | C36: =AVERAGE(C9:C32) -> 55.272083 | D36: =AVERAGE(D9:D32) -> 65.064583 | E36: =AVERAGE(E9:E32) -> 6.6633333 | F36: =AVERAGE(F9:F32) -> 2.13 | G36: =AVERAGE(G9:G32) -> 86.749167 | H36: =AVERAGE(H9:H32) -> 27.989167 | I36: =AVERAGE(I9:I32) -> #DIV/0! | ... Q36: =AVERAGE(Q9:Q32) -> 9.6295833
A37: Stdev | B37: =STDEV(B9:B32) -> 30.716822 | C37: =STDEV(C9:C32) -> 4.929032 | D37: =STDEV(D9:D32) -> 24.636778 | E37: =STDEV(E9:E32) -> 0.83763989 | F37: =STDEV(F9:F32) -> 4.5364061e-16 | G37: =STDEV(G9:G32) -> 46.381131 | H37: =STDEV(H9:H32) -> 6.2356171 | I37: =STDEV(I9:I32) -> #DIV/0! | ... Q37: =STDEV(Q9:Q32) -> 0.18581148
A38: Num | B38: =COUNT(B9:B32) -> 24 | C38: =COUNT(C9:C32) -> 24 | D38: =COUNT(D9:D32) -> 24 | E38: =COUNT(E9:E32) -> 24 | F38: =COUNT(F9:F32) -> 24 | G38: =COUNT(G9:G32) -> 24 | H38: =COUNT(H9:H32) -> 24 | I38: =COUNT(I9:I32) -> 0 | ... Q38: =COUNT(Q9:Q32) -> 24
A39: DCR | B39: =IF(B38>=22,">90%",IF(B38<=22,"<90%")) -> >90% | C39: =IF(C38>=22,">90%",IF(C38<=22,"<90%")) -> >90% | D39: =IF(D38>=22,">90%",IF(D38<=22,"<90%")) -> >90% | E39: =IF(E38>=22,">90%",IF(E38<=22,"<90%")) -> >90% | F39: =IF(F38>=22,">90%",IF(F38<=22,"<90%")) -> >90% | G39: =IF(G38>=22,">90%",IF(G38<=22,"<90%")) -> >90% | H39: =IF(H38>=22,">90%",IF(H38<=22,"<90%")) -> >90% | I39: =IF(I38>=22,">90%",IF(I38<=22,"<90%")) -> <90% | ... Q39: =IF(Q38>=22,">90%",IF(Q38<=22,"<90%")) -> >90%
A40: Status | B40: =IF(B38>=22,"OK",IF(B38<=22,"LESS")) -> OK | C40: =IF(C38>=22,"OK",IF(C38<=22,"LESS")) -> OK | D40: =IF(D38>=22,"OK",IF(D38<=22,"LESS")) -> OK | E40: =IF(E38>=22,"OK",IF(E38<=22,"LESS")) -> OK | F40: =IF(F38>=22,"OK",IF(F38<=22,"LESS")) -> OK | G40: =IF(G38>=22,"OK",IF(G38<=22,"LESS")) -> OK | H40: =IF(H38>=22,"OK",IF(H38<=22,"LESS")) -> OK | I40: =IF(I38>=22,"OK",IF(I38<=22,"LESS")) -> LESS | ... Q40: =IF(Q38>=22,"OK",IF(Q38<=22,"LESS")) -> OK
A43: Done by | B43: RAHUL
A45: Comment

Sheet 02
A1: Station: | B1: BHATAGAON RAIPUR
A2: Date: | B2: =$A$9 -> 02/02/2025 01:00 | D2: Power Off | G2: Pw.Off | L2: Link Fail | N2: Link F | P2: Maintenance | R2: Maint.
A3: Report Type: | B3: Mean | D3: Calibration | G3: Calib. | L3: Data Fail | N3: Data F | P3: Invalid | R3: Invalid
A4: Time Base: | B4: 01 Hour | D4: Zero Referrence | G4: Z.Ref | L4: Warm Up | N4: Wm. Up
A7: Date & Time | B7: NO_BHATAGAON | C7: NO2__BHATAGAON | D7: NOX_BHATAGAON | E7: SO2__BHATAGAON | F7: O3__BHATAGAON | G7: PM10__BHATAGAON | H7: PM2_5__BHATAGAON | I7: BENZ__BHATAGAON | J7: WS__BHATAGAON | K7: WD__BHATAGAON | L7: TEMP__BHATAGAON | M7: HUM__BHATAGAON | N7: SR__BHATAGAON | O7: RG__BHATAGAON | P7: CO__BHATAGAON | Q7: NH3__BHATAGAON
B8: ug/m3 | C8: ug/m3 | D8: ppb | E8: ug/m3 | F8: ug/m3 | G8: mg/m3 | H8: ug/m3 | I8: ug/m3 | J8: m/sec | K8: deg | L8: degreC | M8: % | N8: w/m2 | O8: mm | P8: ug/m3 | Q8: ug/m3
A9: 02/02/2025 01:00 | B9: 106.68 | C9: 56.85 | D9: 113.88 | E9: 7.34 | F9: 2.13 | G9: 144.42 | H9: 39.16 | I9: Invalid | J9: 0.66 | K9: 307.18 | L9: 17.76 | M9: 84.92 | N9: 78.7 | O9: 0 | P9: 1.76 | Q9: 9.97
A10: 02/02/2025 02:00 | B10: 102.47 | C10: 52.53 | D10: 108.24 | E10: 6.74 | F10: 2.13 | G10: 149.43 | H10: 41.03 | I10: Invalid | J10: 0.65 | K10: 304 | L10: 16.74 | M10: 87.97 | N10: 78.6 | O10: 0 | P10: 1.46 | Q10: 9.91
A11: 02/02/2025 03:00 | B11: 94.8 | C11: 50.07 | D11: 100.29 | E11: 6.42 | F11: 2.13 | G11: 113.58 | H11: 26.67 | I11: Invalid | J11: 0.67 | K11: 309.59 | L11: 17.37 | M11: 86.11 | N11: 78.8 | O11: 0 | P11: 1.49 | Q11: 9.91
A12: 02/02/2025 04:00 | B12: 78.52 | C12: 51.92 | D12: 87.88 | E12: 6.03 | F12: 2.13 | G12: 78.79 | H12: 16 | I12: Invalid | J12: 0.69 | K12: 315.45 | L12: 16.58 | M12: 84.3 | N12: 79 | O12: 0 | P12: 1.33 | Q12: 9.85
A13: 02/02/2025 05:00 | B13: 67.94 | C13: 51.61 | D13: 80.07 | E13: 5.94 | F13: 2.13 | G13: 78.98 | H13: 17.64 | I13: Invalid | J13: 0.59 | K13: 282.48 | L13: 16.28 | M13: 89.92 | N13: 78.7 | O13: 0 | P13: 1.18 | Q13: 9.8
A14: 02/02/2025 06:00 | B14: 62.18 | C14: 48.7 | D14: 73.86 | E14: 5.81 | F14: 2.13 | G14: 79.63 | H14: 24.29 | I14: Invalid | J14: 0.64 | K14: 306.49 | L14: 15.67 | M14: 94.47 | N14: 78.8 | O14: 0 | P14: 1.02 | Q14: 9.76
A15: 02/02/2025 07:00 | B15: 60.03 | C15: 52.96 | D15: 73.51 | E15: 5.88 | F15: 2.13 | G15: 91.39 | H15: 14.33 | I15: Invalid | J15: 0.58 | K15: 348.21 | L15: 15.51 | M15: 94.76 | N15: 90.1 | O15: 0 | P15: 0.98 | Q15: 9.71
A16: 02/02/2025 08:00 | B16: 72.95 | C16: 53 | D16: 84.81 | E16: 5.58 | F16: 2.13 | G16: 83.36 | H16: 8.74 | I16: Invalid | J16: 0.81 | K16: 219.77 | L16: 18.27 | M16: 94.6 | N16: 231.1 | O16: 0 | P16: 1.02 | Q16: 9.79
A17: 02/02/2025 09:00 | B17: 70.55 | C17: 53.55 | D17: 83.18 | E17: 6.11 | F17: 2.13 | G17: 87.88 | H17: 34.13 | I17: Invalid | J17: 1.24 | K17: 210.4 | L17: 22.07 | M17: 75.73 | N17: 401.2 | O17: 0 | P17: 0.98 | Q17: 9.82
A18: 02/02/2025 10:00 | B18: 60.17 | C18: 52.94 | D18: 73.12 | E18: 5.94 | F18: 2.13 | G18: 92.76 | H18: 69.9 | I18: Invalid | J18: 1.73 | K18: 172.73 | L18: 24.77 | M18: 62.91 | N18: 513.6 | O18: 0 | P18: 0.94 | Q18: 9.76
A19: 02/02/2025 11:00 | B19: 47.07 | C19: 60.35 | D19: 64.86 | E19: 6.47 | F19: 2.13 | G19: 90.21 | H19: 40.89 | I19: Invalid | J19: 1.14 | K19: 307.03 | L19: 29.21 | M19: 57.72 | N19: 545.8 | O19: 0 | P19: 0.89 | Q19: 9.71
A20: 02/02/2025 12:00 | B20: 29.71 | C20: 69.4 | D20: 56.02 | E20: 5.97 | F20: 2.13 | G20: 72.5 | H20: 72.97 | I20: Invalid | J20: 1.35 | K20: 314.66 | L20: 32.01 | M20: 35.49 | N20: 577.5 | O20: 0 | P20: 0.92 | Q20: 9.63
... A32: 02/02/2025 24:00 | B32: 60.58 | C32: 60.92 | D32: 77.9 | E32: 7.78 | F32: 2.13 | G32: 107.74 | H32: 34.21 | I32: Invalid | J32: 0.6 | K32: 340.66 | L32: 19.26 | M32: 76.53 | N32: 82.1 | O32: 0 | P32: 1.19 | Q32: 9.71
A34: Min | B34: =MIN(B9:B32) -> 3.35 | C34: =MIN(C9:C32) -> 48.7 | D34: =MIN(D9:D32) -> 31.63 | E34: =MIN(E9:E32) -> 5.39 | F34: =MIN(F9:F32) -> 2.13 | G34: =MIN(G9:G32) -> 43.16 | H34: =MIN(H9:H32) -> 8.74 | I34: =MIN(I9:I32) -> 0 | ... Q34: =MIN(Q9:Q32) -> 9.36
A35: Max | B35: =MAX(B9:B32) -> 106.68 | C35: =MAX(C9:C32) -> 71.75 | D35: =MAX(D9:D32) -> 113.88 | E35: =MAX(E9:E32) -> 7.78 | F35: =MAX(F9:F32) -> 2.31 | G35: =MAX(G9:G32) -> 149.43 | H35: =MAX(H9:H32) -> 75.33 | I35: =MAX(I9:I32) -> 0 | ... Q35: =MAX(Q9:Q32) -> 9.97
A36: Avg | B36: =AVERAGE(B9:B32) -> 45.36375 | C36: =AVERAGE(C9:C32) -> 58.097917 | D36: =AVERAGE(D9:D32) -> 64.803333 | E36: =AVERAGE(E9:E32) -> 6.4108333 | F36: =AVERAGE(F9:F32) -> 2.14125 | G36: =AVERAGE(G9:G32) -> 83.2275 | H36: =AVERAGE(H9:H32) -> 34.71625 | I36: =AVERAGE(I9:I32) -> #DIV/0! | ... Q36: =AVERAGE(Q9:Q32) -> 9.6575
A37: Stdev | B37: =STDEV(B9:B32) -> 32.94897 | C37: =STDEV(C9:C32) -> 6.0421512 | D37: =STDEV(D9:D32) -> 24.412821 | E37: =STDEV(E9:E32) -> 0.71213651 | F37: =STDEV(F9:F32) -> 0.040358448 | G37: =STDEV(G9:G32) -> 26.88776 | H37: =STDEV(H9:H32) -> 18.028822 | I37: =STDEV(I9:I32) -> #DIV/0! | ... Q37: =STDEV(Q9:Q32) -> 0.17627178
A38: Num | B38: =COUNT(B9:B32) -> 24 | C38: =COUNT(C9:C32) -> 24 | D38: =COUNT(D9:D32) -> 24 | E38: =COUNT(E9:E32) -> 24 | F38: =COUNT(F9:F32) -> 24 | G38: =COUNT(G9:G32) -> 24 | H38: =COUNT(H9:H32) -> 24 | I38: =COUNT(I9:I32) -> 0 | ... Q38: =COUNT(Q9:Q32) -> 24
A39: DCR | B39: =IF(B38>=22,">90%",IF(B38<=22,"<90%")) -> >90% | C39: =IF(C38>=22,">90%",IF(C38<=22,"<90%")) -> >90% | D39: =IF(D38>=22,">90%",IF(D38<=22,"<90%")) -> >90% | E39: =IF(E38>=22,">90%",IF(E38<=22,"<90%")) -> >90% | F39: =IF(F38>=22,">90%",IF(F38<=22,"<90%")) -> >90% | G39: =IF(G38>=22,">90%",IF(G38<=22,"<90%")) -> >90% | H39: =IF(H38>=22,">90%",IF(H38<=22,"<90%")) -> >90% | I39: =IF(I38>=22,">90%",IF(I38<=22,"<90%")) -> <90% | ... Q39: =IF(Q38>=22,">90%",IF(Q38<=22,"<90%")) -> >90%
A40: Status | B40: =IF(B38>=22,"OK",IF(B38<=22,"LESS")) -> OK | C40: =IF(C38>=22,"OK",IF(C38<=22,"LESS")) -> OK | D40: =IF(D38>=22,"OK",IF(D38<=22,"LESS")) -> OK | E40: =IF(E38>=22,"OK",IF(E38<=22,"LESS")) -> OK | F40: =IF(F38>=22,"OK",IF(F38<=22,"LESS")) -> OK | G40: =IF(G38>=22,"OK",IF(G38<=22,"LESS")) -> OK | H40: =IF(H38>=22,"OK",IF(H38<=22,"LESS")) -> OK | I40: =IF(I38>=22,"OK",IF(I38<=22,"LESS")) -> LESS | ... Q40: =IF(Q38>=22,"OK",IF(Q38<=22,"LESS")) -> OK
A43: Done by | B43: RAHUL
A45: Comment

Sheet 03
A1: Station: | B1: BHATAGAON RAIPUR
A2: Date: | B2: =$A$9 -> 03/02/2025 01:00 | D2: Power Off | G2: Pw.Off | L2: Link Fail | N2: Link F | P2: Maintenance | R2: Maint.
A3: Report Type: | B3: Mean | D3: Calibration | G3: Calib. | L3: Data Fail | N3: Data F | P3: Invalid | R3: Invalid
A4: Time Base: | B4: 01 Hour | D4: Zero Referrence | G4: Z.Ref | L4: Warm Up | N4: Wm. Up
A7: Date & Time | B7: NO_BHATAGAON | C7: NO2__BHATAGAON | D7: NOX_BHATAGAON | E7: SO2__BHATAGAON | F7: O3__BHATAGAON | G7: PM10__BHATAGAON | H7: PM2_5__BHATAGAON | I7: BENZ__BHATAGAON | J7: WS__BHATAGAON | K7: WD__BHATAGAON | L7: TEMP__BHATAGAON | M7: HUM__BHATAGAON | N7: SR__BHATAGAON | O7: RG__BHATAGAON | P7: CO__BHATAGAON | Q7: NH3__BHATAGAON
B8: ug/m3 | C8: ug/m3 | D8: ppb | E8: ug/m3 | F8: ug/m3 | G8: mg/m3 | H8: ug/m3 | I8: ug/m3 | J8: m/sec | K8: deg | L8: degreC | M8: % | N8: w/m2 | O8: mm | P8: ug/m3 | Q8: ug/m3
A9: 03/02/2025 01:00 | B9: 62.67 | C9: 60.41 | D9: 80.44 | E9: 6.45 | F9: 2.14 | G9: 104 | H9: 35.21 | I9: Invalid | J9: 0.98 | K9: 344.83 | L9: 19.04 | M9: 78.04 | N9: 80.6 | O9: 0 | P9: 1.21 | Q9: 9.76
A10: 03/02/2025 02:00 | B10: 57.64 | C10: 58.06 | D10: 75.18 | E10: 6.57 | F10: 2.13 | G10: 107.64 | H10: 37.38 | I10: Invalid | J10: 0.67 | K10: 355.33 | L10: 18.94 | M10: 73.54 | N10: 81.1 | O10: 0 | P10: 1.05 | Q10: 9.76
A11: 03/02/2025 03:00 | B11: 52.4 | C11: 52.73 | D11: 68.2 | E11: 6.46 | F11: 2.13 | G11: 117.52 | H11: 43.75 | I11: Invalid | J11: 0.94 | K11: 337.37 | L11: 18.16 | M11: 75.95 | N11: 81.2 | O11: 0 | P11: 1.07 | Q11: 9.72
A12: 03/02/2025 04:00 | B12: 47.4 | C12: 53.8 | D12: 63.96 | E12: 6.65 | F12: 2.13 | G12: 125.61 | H12: 48.57 | I12: Invalid | J12: 0.64 | K12: 244.07 | L12: 17.52 | M12: 87.83 | N12: 80.9 | O12: 0 | P12: 1.08 | Q12: 9.69
A13: 03/02/2025 05:00 | B13: 43 | C13: 50.73 | D13: 59.61 | E13: 5.98 | F13: 2.13 | G13: 114.36 | H13: 41.31 | I13: Invalid | J13: 0.73 | K13: 255.23 | L13: 16.5 | M13: 89.62 | N13: 80.9 | O13: 0 | P13: 1.02 | Q13: 9.68
A14: 03/02/2025 06:00 | B14: 41.87 | C14: 48.74 | D14: 56.94 | E14: 5.74 | F14: 2.13 | G14: 87.35 | H14: 22.01 | I14: Invalid | J14: 0.61 | K14: 311.83 | L14: 15.62 | M14: 93.23 | N14: 80.8 | O14: 0 | P14: 0.94 | Q14: 9.69
A15: 03/02/2025 07:00 | B15: 48.04 | C15: 48.35 | D15: 62.23 | E15: 6.04 | F15: 2.13 | G15: 85.45 | H15: 30.06 | I15: Invalid | J15: 0.63 | K15: 293.31 | L15: 15.46 | M15: 95.38 | N15: 90.7 | O15: 0 | P15: 0.92 | Q15: 9.65
A16: 03/02/2025 08:00 | B16: 51.43 | C16: 48.05 | D16: 64.98 | E16: 6.68 | F16: 2.13 | G16: 90.77 | H16: 31.73 | I16: Invalid | J16: 0.84 | K16: 233.18 | L16: 18.86 | M16: 93.15 | N16: 224 | O16: 0 | P16: 0.91 | Q16: 9.68
A17: 03/02/2025 09:00 | B17: 49.6 | C17: 52.25 | D17: 64.01 | E17: 7.11 | F17: 2.13 | G17: 97.04 | H17: 69.82 | I17: Invalid | J17: 0.98 | K17: 185.09 | L17: 23.17 | M17: 72.02 | N17: 397.1 | O17: 0 | P17: 0.94 | Q17: 9.69
A18: 03/02/2025 10:00 | B18: 45.38 | C18: 54.98 | D18: 63.74 | E18: 7.27 | F18: 2.13 | G18: 101.1 | H18: 69.82 | I18: Invalid | J18: 1.43 | K18: 115.44 | L18: 24.18 | M18: 53.52 | N18: 502 | O18: 0 | P18: 0.94 | Q18: 9.71
A19: 03/02/2025 11:00 | B19: 35.29 | C19: 58.34 | D19: 56.23 | E19: 6.88 | F19: 2.13 | G19: 94.39 | H19: 37.57 | I19: Invalid | J19: 1.29 | K19: 126.7 | L19: 27.15 | M19: 48.11 | N19: 556.3 | O19: 0 | P19: 0.88 | Q19: 9.65
A20: 03/02/2025 12:00 | B20: 25.52 | C20: 62.94 | D20: 49.69 | E20: 6.92 | F20: 2.13 | G20: 89.68 | H20: 56.69 | I20: Invalid | J20: 0.75 | K20: 336.06 | L20: 31.81 | M20: 38.22 | N20: 569.6 | O20: 0 | P20: 0.82 | Q20: 9.59
... A32: 03/02/2025 24:00 | B32: 131.62 | C32: 63.27 | D32: 135.87 | E32: 8.62 | F32: 2.13 | G32: 145.83 | H32: 42.82 | I32: Invalid | J32: 0.65 | K32: 326.67 | L32: 19.64 | M32: 86.39 | N32: 75.1 | O32: 0 | P32: 2.11 | Q32: 10.09
A34: Min | B34: =MIN(B9:B32) -> 4.09 | C34: =MIN(C9:C32) -> 48.05 | D34: =MIN(D9:D32) -> 34.43 | E34: =MIN(E9:E32) -> 5.74 | F34: =MIN(F9:F32) -> 2.13 | G34: =MIN(G9:G32) -> 67.01 | H34: =MIN(H9:H32) -> 22.01 | I34: =MIN(I9:I32) -> 0 | ... Q34: =MIN(Q9:Q32) -> 9.49
A35: Max | B35: =MAX(B9:B32) -> 131.62 | C35: =MAX(C9:C32) -> 69.91 | D35: =MAX(D9:D32) -> 135.87 | E35: =MAX(E9:E32) -> 8.87 | F35: =MAX(F9:F32) -> 2.45 | G35: =MAX(G9:G32) -> 185.53 | H35: =MAX(H9:H32) -> 69.82 | I35: =MAX(I9:I32) -> 0 | ... Q35: =MAX(Q9:Q32) -> 10.09
A36: Avg | B36: =AVERAGE(B9:B32) -> 43.532917 | C36: =AVERAGE(C9:C32) -> 60.451667 | D36: =AVERAGE(D9:D32) -> 64.579583 | E36: =AVERAGE(E9:E32) -> 6.9575 | F36: =AVERAGE(F9:F32) -> 2.165 | G36: =AVERAGE(G9:G32) -> 105.26375 | H36: =AVERAGE(H9:H32) -> 40.445833 | I36: =AVERAGE(I9:I32) -> #DIV/0! | ... Q36: =AVERAGE(Q9:Q32) -> 9.685
A37: Stdev | B37: =STDEV(B9:B32) -> 31.845055 | C37: =STDEV(C9:C32) -> 7.6128179 | D37: =STDEV(D9:D32) -> 25.286306 | E37: =STDEV(E9:E32) -> 0.86231866 | F37: =STDEV(F9:F32) -> 0.086023253 | G37: =STDEV(G9:G32) -> 31.110495 | H37: =STDEV(H9:H32) -> 12.602094 | I37: =STDEV(I9:I32) -> #DIV/0! | ... Q37: =STDEV(Q9:Q32) -> 0.14542292
A38: Num | B38: =COUNT(B9:B32) -> 24 | C38: =COUNT(C9:C32) -> 24 | D38: =COUNT(D9:D32) -> 24 | E38: =COUNT(E9:E32) -> 24 | F38: =COUNT(F9:F32) -> 24 | G38: =COUNT(G9:G32) -> 24 | H38: =COUNT(H9:H32) -> 24 | I38: =COUNT(I9:I32) -> 0 | ... Q38: =COUNT(Q9:Q32) -> 24
A39: DCR | B39: =IF(B38>=22,">90%",IF(B38<=22,"<90%")) -> >90% | C39: =IF(C38>=22,">90%",IF(C38<=22,"<90%")) -> >90% | D39: =IF(D38>=22,">90%",IF(D38<=22,"<90%")) -> >90% | E39: =IF(E38>=22,">90%",IF(E38<=22,"<90%")) -> >90% | F39: =IF(F38>=22,">90%",IF(F38<=22,"<90%")) -> >90% | G39: =IF(G38>=22,">90%",IF(G38<=22,"<90%")) -> >90% | H39: =IF(H38>=22,">90%",IF(H38<=22,"<90%")) -> >90% | I39: =IF(I38>=22,">90%",IF(I38<=22,"<90%")) -> <90% | ... Q39: =IF(Q38>=22,">90%",IF(Q38<=22,"<90%")) -> >90%
A40: Status | B40: =IF(B38>=22,"OK",IF(B38<=22,"LESS")) -> OK | C40: =IF(C38>=22,"OK",IF(C38<=22,"LESS")) -> OK | D40: =IF(D38>=22,"OK",IF(D38<=22,"LESS")) -> OK | E40: =IF(E38>=22,"OK",IF(E38<=22,"LESS")) -> OK | F40: =IF(F38>=22,"OK",IF(F38<=22,"LESS")) -> OK | G40: =IF(G38>=22,"OK",IF(G38<=22,"LESS")) -> OK | H40: =IF(H38>=22,"OK",IF(H38<=22,"LESS")) -> OK | I40: =IF(I38>=22,"OK",IF(I38<=22,"LESS")) -> LESS | ... Q40: =IF(Q38>=22,"OK",IF(Q38<=22,"LESS")) -> OK
A43: Done by | B43: RAHUL
A45: Comment

Sheet 04
A1: Station: | B1: BHATAGAON RAIPUR
A2: Date: | B2: =$A$9 -> 04/02/2025 01:00 | D2: Power Off | G2: Pw.Off | L2: Link Fail | N2: Link F | P2: Maintenance | R2: Maint.
A3: Report Type: | B3: Mean | D3: Calibration | G3: Calib. | L3: Data Fail | N3: Data F | P3: Invalid | R3: Invalid
A4: Time Base: | B4: 01 Hour | D4: Zero Referrence | G4: Z.Ref | L4: Warm Up | N4: Wm. Up
A7: Date & Time | B7: NO_BHATAGAON | C7: NO2__BHATAGAON | D7: NOX_BHATAGAON | E7: SO2__BHATAGAON | F7: O3__BHATAGAON | G7: PM10__BHATAGAON | H7: PM2_5__BHATAGAON | I7: BENZ__BHATAGAON | J7: WS__BHATAGAON | K7: WD__BHATAGAON | L7: TEMP__BHATAGAON | M7: HUM__BHATAGAON | N7: SR__BHATAGAON | O7: RG__BHATAGAON | P7: CO__BHATAGAON | Q7: NH3__BHATAGAON
B8: ug/m3 | C8: ug/m3 | D8: ppb | E8: ug/m3 | F8: ug/m3 | G8: mg/m3 | H8: ug/m3 | I8: ug/m3 | J8: m/sec | K8: deg | L8: degreC | M8: % | N8: w/m2 | O8: mm | P8: ug/m3 | Q8: ug/m3
A9: 04/02/2025 01:00 | B9: 139.7 | C9: 58.86 | D9: 141.32 | E9: 9.46 | F9: 2.13 | G9: 140.21 | H9: 38.56 | I9: Invalid | J9: 0.71 | K9: 342.38 | L9: 19.67 | M9: 89.34 | N9: 75.3 | O9: 0 | P9: 2.14 | Q9: 10.21
A10: 04/02/2025 02:00 | B10: 127.91 | C10: 58.64 | D10: 131.83 | E10: 9.12 | F10: 2.13 | G10: 147.18 | H10: 42.49 | I10: Invalid | J10: 0.78 | K10: 295.66 | L10: 18.97 | M10: 84.73 | N10: 75.4 | O10: 0 | P10: 1.96 | Q10: 10.22
A11: 04/02/2025 03:00 | B11: 114.82 | C11: 56.88 | D11: 120.42 | E11: 9.23 | F11: 2.13 | G11: 152.7 | H11: 48.39 | I11: Invalid | J11: 0.95 | K11: 330.81 | L11: 18.76 | M11: 92.4 | N11: 75.6 | O11: 0 | P11: 1.88 | Q11: 10.15
A12: 04/02/2025 04:00 | B12: 105.27 | C12: 51.95 | D12: 110.18 | E12: 8.8 | F12: 2.22 | G12: 129.65 | H12: 42.58 | I12: Invalid | J12: 0.56 | K12: 226.3 | L12: 17.98 | M12: 89.38 | N12: 75.1 | O12: 0 | P12: 1.78 | Q12: 10.08
A13: 04/02/2025 05:00 | B13: 96.57 | C13: 52.94 | D13: 103.05 | E13: 8.65 | F13: 2.13 | G13: 134.07 | H13: 44.65 | I13: Invalid | J13: 0.48 | K13: 354.53 | L13: 18.01 | M13: 77.99 | N13: 75 | O13: 0 | P13: 1.73 | Q13: 10.04
A14: 04/02/2025 06:00 | B14: 82.15 | C14: 53.51 | D14: 91.94 | E14: 8.09 | F14: 2.13 | G14: 119.84 | H14: 40.75 | I14: Invalid | J14: 0.36 | K14: 75.06 | L14: 17.94 | M14: 77.02 | N14: 75.2 | O14: 0 | P14: 1.56 | Q14: 9.99
A15: 04/02/2025 07:00 | B15: 67.2 | C15: 53.62 | D15: 80.53 | E15: 7.65 | F15: 2.13 | G15: 103.63 | H15: 48.17 | I15: Invalid | J15: 0.28 | K15: 357.6 | L15: 17.49 | M15: 78.72 | N15: 91.3 | O15: 0 | P15: 1.36 | Q15: 9.93
A16: 04/02/2025 08:00 | B16: 59.24 | C16: 50.83 | D16: 72.16 | E16: 7.32 | F16: 2.13 | G16: 85.48 | H16: 52.28 | I16: Invalid | J16: 1.45 | K16: 113.76 | L16: 19.86 | M16: 76.18 | N16: 237.6 | O16: 0 | P16: 1.25 | Q16: 9.82
A17: 04/02/2025 09:00 | B17: 49.83 | C17: 59.37 | D17: 66.51 | E17: 6.62 | F17: 2.13 | G17: 84.92 | H17: 60.66 | I17: Invalid | J17: 0.68 | K17: 101.41 | L17: 24.47 | M17: 60.01 | N17: 403.5 | O17: 0 | P17: 1.17 | Q17: 9.79
A18: 04/02/2025 10:00 | B18: 41.23 | C18: 62.29 | D18: 62.59 | E18: 6.31 | F18: 2.13 | G18: 97.06 | H18: 48.44 | I18: Invalid | J18: 1.32 | K18: 117.08 | L18: 26.4 | M18: 47.49 | N18: 498.1 | O18: 0 | P18: 1.11 | Q18: 9.76
A19: 04/02/2025 11:00 | B19: 27.52 | C19: 63.69 | D19: 53.97 | E19: 6.09 | F19: 2.13 | G19: 105.75 | H19: 49.79 | I19: Invalid | J19: 1.28 | K19: 120.1 | L19: 27.47 | M19: 46.34 | N19: 546.4 | O19: 0 | P19: 0.99 | Q19: 9.74
A20: 04/02/2025 12:00 | B20: 14.37 | C20: 61.52 | D20: 42 | E20: 6.02 | F20: 2.16 | G20: 78.65 | H20: 41.08 | I20: Invalid | J20: 1.29 | K20: 159.33 | L20: 29.63 | M20: 40.48 | N20: 564.6 | O20: 0 | P20: 0.8 | Q20: 9.64
... A32: 04/02/2025 24:00 | B32: 219.32 | C32: 59.94 | D32: 204.18 | E32: 11.45 | F32: 2.13 | G32: 256.09 | H32: 63.81 | I32: Invalid | J32: 0.65 | K32: 329.61 | L32: 19.47 | M32: 79.9 | N32: 79.2 | O32: 0 | P32: 3.27 | Q32: 10.59
A34: Min | B34: =MIN(B9:B32) -> 3.28 | C34: =MIN(C9:C32) -> 50.83 | D34: =MIN(D9:D32) -> 30.78 | E34: =MIN(E9:E32) -> 5.59 | F34: =MIN(F9:F32) -> 2.13 | G34: =MIN(G9:G32) -> 56.34 | H34: =MIN(H9:H32) -> 24.09 | I34: =MIN(I9:I32) -> 0 | ... Q34: =MIN(Q9:Q32) -> 9.56
A35: Max | B35: =MAX(B9:B32) -> 219.32 | C35: =MAX(C9:C32) -> 66.98 | D35: =MAX(D9:D32) -> 204.18 | E35: =MAX(E9:E32) -> 11.97 | F35: =MAX(F9:F32) -> 2.76 | G35: =MAX(G9:G32) -> 256.42 | H35: =MAX(H9:H32) -> 63.81 | I35: =MAX(I9:I32) -> 0 | ... Q35: =MAX(Q9:Q32) -> 10.59
A36: Avg | B36: =AVERAGE(B9:B32) -> 72.200833 | C36: =AVERAGE(C9:C32) -> 59.212917 | D36: =AVERAGE(D9:D32) -> 87.021667 | E36: =AVERAGE(E9:E32) -> 7.6241667 | F36: =AVERAGE(F9:F32) -> 2.19375 | G36: =AVERAGE(G9:G32) -> 122.635 | H36: =AVERAGE(H9:H32) -> 41.734583 | I36: =AVERAGE(I9:I32) -> #DIV/0! | ... Q36: =AVERAGE(Q9:Q32) -> 9.8775
A37: Stdev | B37: =STDEV(B9:B32) -> 64.571988 | C37: =STDEV(C9:C32) -> 4.2540206 | D37: =STDEV(D9:D32) -> 51.548648 | E37: =STDEV(E9:E32) -> 1.9028923 | F37: =STDEV(F9:F32) -> 0.17611292 | G37: =STDEV(G9:G32) -> 61.588227 | H37: =STDEV(H9:H32) -> 11.11774 | I37: =STDEV(I9:I32) -> #DIV/0! | ... Q37: =STDEV(Q9:Q32) -> 0.29638767
A38: Num | B38: =COUNT(B9:B32) -> 24 | C38: =COUNT(C9:C32) -> 24 | D38: =COUNT(D9:D32) -> 24 | E38: =COUNT(E9:E32) -> 24 | F38: =COUNT(F9:F32) -> 24 | G38: =COUNT(G9:G32) -> 24 | H38: =COUNT(H9:H32) -> 24 | I38: =COUNT(I9:I32) -> 0 | ... Q38: =COUNT(Q9:Q32) -> 24
A39: DCR | B39: =IF(B38>=22,">90%",IF(B38<=22,"<90%")) -> >90% | C39: =IF(C38>=22,">90%",IF(C38<=22,"<90%")) -> >90% | D39: =IF(D38>=22,">90%",IF(D38<=22,"<90%")) -> >90% | E39: =IF(E38>=22,">90%",IF(E38<=22,"<90%")) -> >90% | F39: =IF(F38>=22,">90%",IF(F38<=22,"<90%")) -> >90% | G39: =IF(G38>=22,">90%",IF(G38<=22,"<90%")) -> >90% | H39: =IF(H38>=22,">90%",IF(H38<=22,"<90%")) -> >90% | I39: =IF(I38>=22,">90%",IF(I38<=22,"<90%")) -> <90% | ... Q39: =IF(Q38>=22,">90%",IF(Q38<=22,"<90%")) -> >90%
A40: Status | B40: =IF(B38>=22,"OK",IF(B38<=22,"LESS")) -> OK | C40: =IF(C38>=22,"OK",IF(C38<=22,"LESS")) -> OK | D40: =IF(D38>=22,"OK",IF(D38<=22,"LESS")) -> OK | E40: =IF(E38>=22,"OK",IF(E38<=22,"LESS")) -> OK | F40: =IF(F38>=22,"OK",IF(F38<=22,"LESS")) -> OK | G40: =IF(G38>=22,"OK",IF(G38<=22,"LESS")) -> OK | H40: =IF(H38>=22,"OK",IF(H38<=22,"LESS")) -> OK | I40: =IF(I38>=22,"OK",IF(I38<=22,"LESS")) -> LESS | ... Q40: =IF(Q38>=22,"OK",IF(Q38<=22,"LESS")) -> OK
A43: Done by | B43: RAHUL
A45: Comment

Sheet 05
A1: Station: | B1: BHATAGAON RAIPUR
A2: Date: | B2: =$A$9 -> 05/02/2025 01:00 | D2: Power Off | G2: Pw.Off | L2: Link Fail | N2: Link F | P2: Maintenance | R2: Maint.
A3: Report Type: | B3: Mean | D3: Calibration | G3: Calib. | L3: Data Fail | N3: Data F | P3: Invalid | R3: Invalid
A4: Time Base: | B4: 01 Hour | D4: Zero Referrence | G4: Z.Ref | L4: Warm Up | N4: Wm. Up
A7: Date & Time | B7: NO_BHATAGAON | C7: NO2__BHATAGAON | D7: NOX_BHATAGAON | E7: SO2__BHATAGAON | F7: O3__BHATAGAON | G7: PM10__BHATAGAON | H7: PM2_5__BHATAGAON | I7: BENZ__BHATAGAON | J7: WS__BHATAGAON | K7: WD__BHATAGAON | L7: TEMP__BHATAGAON | M7: HUM__BHATAGAON | N7: SR__BHATAGAON | O7: RG__BHATAGAON | P7: CO__BHATAGAON | Q7: NH3__BHATAGAON
B8: ug/m3 | C8: ug/m3 | D8: ppb | E8: ug/m3 | F8: ug/m3 | G8: mg/m3 | H8: ug/m3 | I8: ug/m3 | J8: m/sec | K8: deg | L8: degreC | M8: % | N8: w/m2 | O8: mm | P8: ug/m3 | Q8: ug/m3
A9: 05/02/2025 01:00 | B9: 212.26 | C9: 55.24 | D9: 197.7 | E9: 10.9 | F9: 2.13 | G9: 159.6 | H9: 46.86 | I9: Invalid | J9: 0.62 | K9: 354.08 | L9: 19.31 | M9: 68.94 | N9: 79.1 | O9: 0 | P9: 2.25 | Q9: 10.6
A10: 05/02/2025 02:00 | B10: 187.34 | C10: 55.26 | D10: 177.73 | E10: 9.39 | F10: 2.13 | G10: 96.77 | H10: 28.49 | I10: Invalid | J10: 0.4 | K10: 332.49 | L10: 18.09 | M10: 75.79 | N10: 79.2 | O10: 0 | P10: 2.16 | Q10: 10.5
A11: 05/02/2025 03:00 | B11: 156.62 | C11: 53.05 | D11: 151.94 | E11: 8.58 | F11: 2.13 | G11: 92.18 | H11: 42.83 | I11: Invalid | J11: 0.62 | K11: 296.53 | L11: 17.37 | M11: 81.52 | N11: 79.2 | O11: 0 | P11: 1.92 | Q11: 10.4
A12: 05/02/2025 04:00 | B12: 130.47 | C12: 52.46 | D12: 130.66 | E12: 7.59 | F12: 2.13 | G12: 95.83 | H12: 45.48 | I12: Invalid | J12: 0.62 | K12: 333.25 | L12: 16.88 | M12: 83.7 | N12: 79.1 | O12: 0 | P12: 1.57 | Q12: 10.28
A13: 05/02/2025 05:00 | B13: 113.28 | C13: 49.33 | D13: 114.9 | E13: 7.56 | F13: 2.13 | G13: 74.5 | H13: 33.01 | I13: Invalid | J13: 0.74 | K13: 346.46 | L13: 16.67 | M13: 82.28 | N13: 79.1 | O13: 0 | P13: 1.23 | Q13: 10.11
A14: 05/02/2025 06:00 | B14: 102.26 | C14: 50.08 | D14: 105.91 | E14: 7.5 | F14: 2.13 | G14: 74.56 | H14: 26.19 | I14: Invalid | J14: 0.51 | K14: 336.12 | L14: 16.9 | M14: 85.21 | N14: 79.5 | O14: 0 | P14: 1.22 | Q14: 10.07
A15: 05/02/2025 07:00 | B15: 90.57 | C15: 50.75 | D15: 97.29 | E15: 7.18 | F15: 2.13 | G15: 77.86 | H15: 23.48 | I15: Invalid | J15: 0.51 | K15: 257.48 | L15: 16.62 | M15: 83.38 | N15: 95.3 | O15: 0 | P15: 1.1 | Q15: 9.99
A16: 05/02/2025 08:00 | B16: Calib. | C16: Calib. | D16: Calib. | E16: 7.44 | F16: 2.13 | G16: 94.3 | H16: 31.96 | I16: Invalid | J16: 0.95 | K16: 343.6 | L16: 20.67 | M16: 84.23 | N16: 234.5 | O16: 0 | P16: 1.24 | Q16: 10.03
A17: 05/02/2025 09:00 | B17: Calib. | C17: Calib. | D17: Calib. | E17: 7.22 | F17: 2.13 | G17: 182.84 | H17: 38.55 | I17: Invalid | J17: 1.21 | K17: 344.54 | L17: 27.58 | M17: 56.65 | N17: 380.8 | O17: 0 | P17: 1.54 | Q17: 10.01
A18: 05/02/2025 10:00 | B18: 83.61 | C18: 65.38 | D18: 96.11 | E18: 7.5 | F18: 2.13 | G18: 271.63 | H18: 52.03 | I18: Invalid | J18: 1.22 | K18: 351.89 | L18: 31.09 | M18: 37.59 | N18: 525.1 | O18: 0 | P18: 1.37 | Q18: 9.97
A19: 05/02/2025 11:00 | B19: 66.89 | C19: 91.68 | D19: 87.15 | E19: 17.11 | F19: 29.9 | G19: 155.89 | H19: 58.97 | I19: Invalid | J19: 0.98 | K19: 340.72 | L19: 32.3 | M19: 30.77 | N19: 575.9 | O19: 0 | P19: 1.26 | Q19: 10.06
A20: 05/02/2025 12:00 | B20: 2.42 | C20: 87.01 | D20: 46.03 | E20: 12.51 | F20: 15.26 | G20: Calib. | H20: Data F | I20: Invalid | J20: 0.75 | K20: 299.78 | L20: 32.46 | M20: 32.15 | N20: 583.7 | O20: 0 | P20: 0.62 | Q20: 9.73
A21: 05/02/2025 13:00 | B21: 2.01 | C21: 68.83 | D21: 36.15 | E21: Calib. | F21: 18.33 | G21: Calib. | H21: Data F | I21: Invalid | J21: 1.26 | K21: 214.01 | L21: 31.2 | M21: 32.3 | N21: 568.8 | O21: 0 | P21: 0.57 | Q21: 9.59
A22: 05/02/2025 14:00 | B22: 4.01 | C22: 59.04 | D22: 31.1 | E22: 7.86 | F22: 15.76 | G22: Calib. | H22: Data F | I22: Invalid | J22: 0.87 | K22: 295.15 | L22: 31.86 | M22: 31.32 | N22: 513 | O22: 0 | P22: 0.61 | Q22: 9.6
A23: 05/02/2025 15:00 | B23: 3.05 | C23: 53.89 | D23: 29.15 | E23: 7.67 | F23: 11.88 | G23: 8.39 | H23: 4.1 | I23: Invalid | J23: 0.64 | K23: 290.26 | L23: 31.16 | M23: 26.63 | N23: 471.9 | O23: 0 | P23: 0.51 | Q23: 9.59
A24: 05/02/2025 16:00 | B24: 3.07 | C24: 57.66 | D24: 31.04 | E24: 7.76 | F24: 7.44 | G24: 75.55 | H24: 36.92 | I24: Invalid | J24: 0.76 | K24: 308.23 | L24: 29.16 | M24: 28.29 | N24: 202.2 | O24: 0 | P24: 0.56 | Q24: 9.6
A25: 05/02/2025 17:00 | B25: 3.15 | C25: 70.09 | D25: 37.76 | E25: 8.9 | F25: 11.64 | G25: 63.7 | H25: 28.17 | I25: Invalid | J25: 0.69 | K25: 305.28 | L25: 28.82 | M25: 29.1 | N25: 134.3 | O25: 0 | P25: 0.59 | Q25: 9.6
A26: 05/02/2025 18:00 | B26: 5.63 | C26: 71.28 | D26: 40.34 | E26: 7.68 | F26: 4.01 | G26: 44.07 | H26: 20.57 | I26: Invalid | J26: 0.56 | K26: 286.3 | L26: 27.73 | M26: 32.87 | N26: 101.9 | O26: 0 | P26: 0.65 | Q26: 9.57
A27: 05/02/2025 19:00 | B27: 15.89 | C27: 70.18 | D27: 48.04 | E27: 7 | F27: 2.13 | G27: 59.12 | H27: 21 | I27: Invalid | J27: 0.58 | K27: 332.72 | L27: 25.12 | M27: 42.29 | N27: 79.3 | O27: 0 | P27: 1.19 | Q27: 9.6
A28: 05/02/2025 20:00 | B28: 27.47 | C28: 69.76 | D28: 56.92 | E28: 7.23 | F28: 2.13 | G28: 66.29 | H28: 23.26 | I28: Invalid | J28: 0.58 | K28: 308.35 | L28: 23.19 | M28: 45.32 | N28: 78.9 | O28: 0 | P28: 1.35 | Q28: 9.65
A29: 05/02/2025 21:00 | B29: 39.7 | C29: 65.72 | D29: 64.02 | E29: 7.26 | F29: 2.13 | G29: 75.51 | H29: 15.12 | I29: Invalid | J29: 0.55 | K29: 326.34 | L29: 22.18 | M29: 54.82 | N29: 78.9 | O29: 0 | P29: 1.42 | Q29: 9.7
A30: 05/02/2025 22:00 | B30: 59.73 | C30: 64.16 | D30: 80.04 | E30: 7.88 | F30: 2.17 | G30: 98.84 | H30: 21.36 | I30: Invalid | J30: 0.69 | K30: 314.35 | L30: 20.98 | M30: 61.6 | N30: 78.8 | O30: 0 | P30: 1.7 | Q30: 9.74
A31: 05/02/2025 23:00 | B31: 59.98 | C31: 64.31 | D31: 80.32 | E31: 7.9 | F31: 2.13 | G31: 116.49 | H31: 87 | I31: Invalid | J31: 0.68 | K31: 262.58 | L31: 21.01 | M31: 58.02 | N31: 78.9 | O31: 0 | P31: 1.15 | Q31: 9.83
A32: 05/02/2025 24:00 | B32: 52.26 | C32: 59.78 | D32: 71.76 | E32: 6.84 | F32: 2.13 | G32: 90.57 | H32: 12.09 | I32: Invalid | J32: 0.76 | K32: 323.95 | L32: 19.73 | M32: 65.69 | N32: 78.5 | O32: 0 | P32: 1.09 | Q32: 9.83
A34: Min | B34: =MIN(B9:B32) -> 2.01 | C34: =MIN(C9:C32) -> 49.33 | D34: =MIN(D9:D32) -> 29.15 | E34: =MIN(E9:E32) -> 6.84 | F34: =MIN(F9:F32) -> 2.13 | G34: =MIN(G9:G32) -> 8.39 | H34: =MIN(H9:H32) -> 4.1 | I34: =MIN(I9:I32) -> 0 | ... Q34: =MIN(Q9:Q32) -> 9.57
A35: Max | B35: =MAX(B9:B32) -> 212.26 | C35: =MAX(C9:C32) -> 91.68 | D35: =MAX(D9:D32) -> 197.7 | E35: =MAX(E9:E32) -> 17.11 | F35: =MAX(F9:F32) -> 29.9 | G35: =MAX(G9:G32) -> 271.63 | H35: =MAX(H9:H32) -> 87 | I35: =MAX(I9:I32) -> 0 | ... Q35: =MAX(Q9:Q32) -> 10.6
A36: Avg | B36: =AVERAGE(B9:B32) -> 64.621364 | C36: =AVERAGE(C9:C32) -> 62.951818 | D36: =AVERAGE(D9:D32) -> 82.366364 | E36: =AVERAGE(E9:E32) -> 8.4547826 | F36: =AVERAGE(F9:F32) -> 6.1808333 | G36: =AVERAGE(G9:G32) -> 98.785238 | H36: =AVERAGE(H9:H32) -> 33.211429 | I36: =AVERAGE(I9:I32) -> #DIV/0! | ... Q36: =AVERAGE(Q9:Q32) -> 9.9020833
A37: Stdev | B37: =STDEV(B9:B32) -> 63.753901 | C37: =STDEV(C9:C32) -> 11.205433 | D37: =STDEV(D9:D32) -> 48.406713 | E37: =STDEV(E9:E32) -> 2.2993949 | F37: =STDEV(F9:F32) -> 7.268752 | G37: =STDEV(G9:G32) -> 55.71302 | H37: =STDEV(H9:H32) -> 18.364426 | I37: =STDEV(I9:I32) -> #DIV/0! | ... Q37: =STDEV(Q9:Q32) -> 0.31017497
A38: Num | B38: =COUNT(B9:B32)+2 -> 24 | C38: =COUNT(C9:C32)+2 -> 24 | D38: =COUNT(D9:D32)+2 -> 24 | E38: =COUNT(E9:E32)+1 -> 24 | F38: =COUNT(F9:F32) -> 24 | G38: =COUNT(G9:G32)+3 -> 24 | H38: =COUNT(H9:H32)+3 -> 24 | I38: =COUNT(I9:I32) -> 0 | J38: =COUNT(J9:J32) -> 24 | K38: =COUNT(K9:K32) -> 24 | L38: =COUNT(L9:L32) -> 24 | M38: =COUNT(M9:M32) -> 24 | N38: =COUNT(N9:N32) -> 24 | O38: =COUNT(O9:O32) -> 24 | P38: =COUNT(P9:P32) -> 24 | Q38: =COUNT(Q9:Q32) -> 24
A39: DCR | B39: =IF(B38>=22,">90%",IF(B38<=22,"<90%")) -> >90% | C39: =IF(C38>=22,">90%",IF(C38<=22,"<90%")) -> >90% | D39: =IF(D38>=22,">90%",IF(D38<=22,"<90%")) -> >90% | E39: =IF(E38>=22,">90%",IF(E38<=22,"<90%")) -> >90% | F39: =IF(F38>=22,">90%",IF(F38<=22,"<90%")) -> >90% | G39: =IF(G38>=22,">90%",IF(G38<=22,"<90%")) -> >90% | H39: =IF(H38>=22,">90%",IF(H38<=22,"<90%")) -> >90% | I39: =IF(I38>=22,">90%",IF(I38<=22,"<90%")) -> <90% | ... Q39: =IF(Q38>=22,">90%",IF(Q38<=22,"<90%")) -> >90%
A40: Status | B40: =IF(B38>=22,"OK",IF(B38<=22,"LESS")) -> OK | C40: =IF(C38>=22,"OK",IF(C38<=22,"LESS")) -> OK | D40: =IF(D38>=22,"OK",IF(D38<=22,"LESS")) -> OK | E40: =IF(E38>=22,"OK",IF(E38<=22,"LESS")) -> OK | F40: =IF(F38>=22,"OK",IF(F38<=22,"LESS")) -> OK | G40: =IF(G38>=22,"OK",IF(G38<=22,"LESS")) -> OK | H40: =IF(H38>=22,"OK",IF(H38<=22,"LESS")) -> OK | I40: =IF(I38>=22,"OK",IF(I38<=22,"LESS")) -> LESS | ... Q40: =IF(Q38>=22,"OK",IF(Q38<=22,"LESS")) -> OK
A43: Done by | B43: RAHUL
A45: Comment

Sheet 06
A1: Station: | B1: BHATAGAON RAIPUR
A2: Date: | B2: =$A$9 -> 06/02/2025 01:00 | D2: Power Off | G2: Pw.Off | L2: Link Fail | N2: Link F | P2: Maintenance | R2: Maint.
A3: Report Type: | B3: Mean | D3: Calibration | G3: Calib. | L3: Data Fail | N3: Data F | P3: Invalid | R3: Invalid
A4: Time Base: | B4: 01 Hour | D4: Zero Referrence | G4: Z.Ref | L4: Warm Up | N4: Wm. Up
A7: Date & Time | B7: NO_BHATAGAON | C7: NO2__BHATAGAON | D7: NOX_BHATAGAON | E7: SO2__BHATAGAON | F7: O3__BHATAGAON | G7: PM10__BHATAGAON | H7: PM2_5__BHATAGAON | I7: BENZ__BHATAGAON | J7: WS__BHATAGAON | K7: WD__BHATAGAON | L7: TEMP__BHATAGAON | M7: HUM__BHATAGAON | N7: SR__BHATAGAON | O7: RG__BHATAGAON | P7: CO__BHATAGAON | Q7: NH3__BHATAGAON
B8: ug/m3 | C8: ug/m3 | D8: ppb | E8: ug/m3 | F8: ug/m3 | G8: mg/m3 | H8: ug/m3 | I8: ug/m3 | J8: m/sec | K8: deg | L8: degreC | M8: % | N8: w/m2 | O8: mm | P8: ug/m3 | Q8: ug/m3
A9: 06/02/2025 01:00 | B9: 49.32 | C9: 56.8 | D9: 67.85 | E9: 4.87 | F9: 2.13 | G9: 85.6 | H9: 20.76 | I9: Invalid | J9: 1.55 | K9: 354.84 | L9: 19.47 | M9: 62.99 | N9: 78.4 | O9: 0 | P9: 0.94 | Q9: 9.82
A10: 06/02/2025 02:00 | B10: 42.94 | C10: 55.04 | D10: 61.81 | E10: 5.27 | F10: 2.13 | G10: 75.79 | H10: 20.56 | I10: Invalid | J10: 1.09 | K10: 355.84 | L10: 19.48 | M10: 64.22 | N10: 78.4 | O10: 0 | P10: 0.8 | Q10: 9.75
A11: 06/02/2025 03:00 | B11: 35.34 | C11: 53.66 | D11: 53.76 | E11: 5 | F11: 2.13 | G11: 78.53 | H11: 39.3 | I11: Invalid | J11: 1.4 | K11: 355.59 | L11: 19.29 | M11: 65.7 | N11: 78.6 | O11: 0 | P11: 0.83 | Q11: 9.74
A12: 06/02/2025 04:00 | B12: 24.43 | C12: 55.56 | D12: 46.72 | E12: 5.17 | F12: 2.13 | G12: 63.47 | H12: 6.33 | I12: Invalid | J12: 1.82 | K12: 354.13 | L12: 18.81 | M12: 68.73 | N12: 78.8 | O12: 0 | P12: 0.73 | Q12: 9.71
A13: 06/02/2025 05:00 | B13: 14.93 | C13: 58.21 | D13: 40.34 | E13: 5.64 | F13: 2.13 | G13: 61.67 | H13: 26.74 | I13: Invalid | J13: 2.06 | K13: 356.35 | L13: 18.07 | M13: 69.35 | N13: 78.8 | O13: 0 | P13: 0.64 | Q13: 9.68
A14: 06/02/2025 06:00 | B14: 10.84 | C14: 58.38 | D14: 37.82 | E14: 5.62 | F14: 2.13 | G14: 66.35 | H14: 6.53 | I14: Invalid | J14: 1.68 | K14: 358.8 | L14: 17.73 | M14: 69.38 | N14: 78.5 | O14: 0 | P14: 0.57 | Q14: 9.61
A15: 06/02/2025 07:00 | B15: 7.5 | C15: 54.5 | D15: 33.11 | E15: 5.41 | F15: 2.13 | G15: 67.66 | H15: 36.39 | I15: Invalid | J15: 1.46 | K15: 354.3 | L15: 17.01 | M15: 72.87 | N15: 91.1 | O15: 0 | P15: 0.51 | Q15: 9.58
A16: 06/02/2025 08:00 | B16: 8.82 | C16: 54.16 | D16: 33.99 | E16: 5.58 | F16: 2.13 | G16: 60.42 | H16: 26.88 | I16: Invalid | J16: 1.43 | K16: 358.55 | L16: 18.56 | M16: 73.55 | N16: 212.8 | O16: 0 | P16: 0.56 | Q16: 9.61
A17: 06/02/2025 09:00 | B17: 9.15 | C17: 55 | D17: 34.7 | E17: 6.62 | F17: 2.13 | G17: 61.2 | H17: 28.78 | I17: Invalid | J17: 1.37 | K17: 357.45 | L17: 21.18 | M17: 63.11 | N17: 375.5 | O17: 0 | P17: 0.59 | Q17: 9.63
A18: 06/02/2025 10:00 | B18: 8.74 | C18: 56.46 | D18: 34.62 | E18: 6.87 | F18: 2.13 | G18: 59.3 | H18: 26.75 | I18: Invalid | J18: 1.28 | K18: 23.66 | L18: 23.6 | M18: 52.1 | N18: 489.7 | O18: 0 | P18: 0.59 | Q18: 9.6
A19: 06/02/2025 11:00 | B19: 7.82 | C19: 59.6 | D19: 35.77 | E19: 6.85 | F19: 2.13 | G19: 58.18 | H19: 21.94 | I19: Invalid | J19: 1.73 | K19: 349.45 | L19: 26.57 | M19: 42.18 | N19: 539.3 | O19: 0 | P19: 0.59 | Q19: 9.58
A20: 06/02/2025 12:00 | B20: 6.7 | C20: 58.97 | D20: 34.8 | E20: 7.2 | F20: 2.13 | G20: 61.84 | H20: 7.91 | I20: Invalid | J20: 1.24 | K20: 358.01 | L20: 27.6 | M20: 42.03 | N20: 542.2 | O20: 0 | P20: 0.6 | Q20: 9.6
... A32: 06/02/2025 24:00 | B32: 18.73 | C32: 62.7 | D32: 46.41 | E32: 5.02 | F32: 2.13 | G32: 74.18 | H32: 351.28 | I32: Invalid | J32: 0.65 | K32: 351.38 | L32: 17.85 | M32: 34.84 | N32: 78.2 | O32: 0 | P32: 0.91 | Q32: 9.66
A34: Min | B34: =MIN(B9:B32) -> 4.94 | C34: =MIN(C9:C32) -> 53.66 | D34: =MIN(D9:D32) -> 32.76 | E34: =MIN(E9:E32) -> 4.87 | F34: =MIN(F9:F32) -> 2.13 | G34: =MIN(G9:G32) -> 58.18 | H34: =MIN(H9:H32) -> 6.33 | I34: =MIN(I9:I32) -> 0 | ... Q34: =MIN(Q9:Q32) -> 9.56
A35: Max | B35: =MAX(B9:B32) -> 49.32 | C35: =MAX(C9:C32) -> 67.79 | D35: =MAX(D9:D32) -> 67.85 | E35: =MAX(E9:E32) -> 7.4 | F35: =MAX(F9:F32) -> 2.18 | G35: =MAX(G9:G32) -> 97.5 | H35: =MAX(H9:H32) -> 351.28 | I35: =MAX(I9:I32) -> 0 | ... Q35: =MAX(Q9:Q32) -> 9.82
A36: Avg | B36: =AVERAGE(B9:B32) -> 15.035417 | C36: =AVERAGE(C9:C32) -> 59.798333 | D36: =AVERAGE(D9:D32) -> 41.73125 | E36: =AVERAGE(E9:E32) -> 5.95 | F36: =AVERAGE(F9:F32) -> 2.1320833 | G36: =AVERAGE(G9:G32) -> 73.292083 | H36: =AVERAGE(H9:H32) -> 39.1725 | I36: =AVERAGE(I9:I32) -> #DIV/0! | ... Q36: =AVERAGE(Q9:Q32) -> 9.6370833
A37: Stdev | B37: =STDEV(B9:B32) -> 12.049718 | C37: =STDEV(C9:C32) -> 4.4321186 | D37: =STDEV(D9:D32) -> 9.3189588 | E37: =STDEV(E9:E32) -> 0.80396301 | F37: =STDEV(F9:F32) -> 0.010206207 | G37: =STDEV(G9:G32) -> 12.040529 | H37: =STDEV(H9:H32) -> 67.528139 | I37: =STDEV(I9:I32) -> #DIV/0! | ... Q37: =STDEV(Q9:Q32) -> 0.064570768
A38: Num | B38: =COUNT(B9:B32) -> 24 | C38: =COUNT(C9:C32) -> 24 | D38: =COUNT(D9:D32) -> 24 | E38: =COUNT(E9:E32) -> 24 | F38: =COUNT(F9:F32) -> 24 | G38: =COUNT(G9:G32) -> 24 | H38: =COUNT(H9:H32) -> 24 | I38: =COUNT(I9:I32) -> 0 | ... Q38: =COUNT(Q9:Q32) -> 24
A39: DCR | B39: =IF(B38>=22,">90%",IF(B38<=22,"<90%")) -> >90% | C39: =IF(C38>=22,">90%",IF(C38<=22,"<90%")) -> >90% | D39: =IF(D38>=22,">90%",IF(D38<=22,"<90%")) -> >90% | E39: =IF(E38>=22,">90%",IF(E38<=22,"<90%")) -> >90% | F39: =IF(F38>=22,">90%",IF(F38<=22,"<90%")) -> >90% | G39: =IF(G38>=22,">90%",IF(G38<=22,"<90%")) -> >90% | H39: =IF(H38>=22,">90%",IF(H38<=22,"<90%")) -> >90% | I39: =IF(I38>=22,">90%",IF(I38<=22,"<90%")) -> <90% | ... Q39: =IF(Q38>=22,">90%",IF(Q38<=22,"<90%")) -> >90%
A40: Status | B40: =IF(B38>=22,"OK",IF(B38<=22,"LESS")) -> OK | C40: =IF(C38>=22,"OK",IF(C38<=22,"LESS")) -> OK | D40: =IF(D38>=22,"OK",IF(D38<=22,"LESS")) -> OK | E40: =IF(E38>=22,"OK",IF(E38<=22,"LESS")) -> OK | F40: =IF(F38>=22,"OK",IF(F38<=22,"LESS")) -> OK | G40: =IF(G38>=22,"OK",IF(G38<=22,"LESS")) -> OK | H40: =IF(H38>=22,"OK",IF(H38<=22,"LESS")) -> OK | I40: =IF(I38>=22,"OK",IF(I38<=22,"LESS")) -> LESS | ... Q40: =IF(Q38>=22,"OK",IF(Q38<=22,"LESS")) -> OK
A43: Done by | B43: RAHUL
A45: Comment

Sheet 07
A1: Station: | B1: BHATAGAON RAIPUR
A2: Date: | B2: =$A$9 -> 07/02/2025 01:00 | D2: Power Off | G2: Pw.Off | L2: Link Fail | N2: Link F | P2: Maintenance | R2: Maint.
A3: Report Type: | B3: Mean | D3: Calibration | G3: Calib. | L3: Data Fail | N3: Data F | P3: Invalid | R3: Invalid
A4: Time Base: | B4: 01 Hour | D4: Zero Referrence | G4: Z.Ref | L4: Warm Up | N4: Wm. Up
A7: Date & Time | B7: NO_BHATAGAON | C7: NO2__BHATAGAON | D7: NOX_BHATAGAON | E7: SO2__BHATAGAON | F7: O3__BHATAGAON | G7: PM10__BHATAGAON | H7: PM2_5__BHATAGAON | I7: BENZ__BHATAGAON | J7: WS__BHATAGAON | K7: WD__BHATAGAON | L7: TEMP__BHATAGAON | M7: HUM__BHATAGAON | N7: SR__BHATAGAON | O7: RG__BHATAGAON | P7: CO__BHATAGAON | Q7: NH3__BHATAGAON
B8: ug/m3 | C8: ug/m3 | D8: ppb | E8: ug/m3 | F8: ug/m3 | G8: mg/m3 | H8: ug/m3 | I8: ug/m3 | J8: m/sec | K8: deg | L8: degreC | M8: % | N8: w/m2 | O8: mm | P8: ug/m3 | Q8: ug/m3
A9: 07/02/2025 01:00 | B9: 16.14 | C9: 58.74 | D9: 42.26 | E9: 4.68 | F9: 2.13 | G9: 60.57 | H9: Data F | I9: Invalid | J9: 0.83 | K9: 351.46 | L9: 16.91 | M9: 35.24 | N9: 78 | O9: 0 | P9: 0.82 | Q9: 9.67
A10: 07/02/2025 02:00 | B10: 12.9 | C10: 53.63 | D10: 36.99 | E10: 4.78 | F10: 2.13 | G10: 53.86 | H10: Data F | I10: Invalid | J10: 1.24 | K10: 359.64 | L10: 16.57 | M10: 35.47 | N10: 78.1 | O10: 0 | P10: 0.68 | Q10: 9.67
A11: 07/02/2025 03:00 | B11: 11.44 | C11: 49.94 | D11: 33.89 | E11: 4.72 | F11: 2.13 | G11: 45.73 | H11: Data F | I11: Invalid | J11: 0.77 | K11: 83.36 | L11: 16.11 | M11: 35.23 | N11: 78.3 | O11: 0 | P11: 0.6 | Q11: 9.6
A12: 07/02/2025 04:00 | B12: 10.49 | C12: 47.96 | D12: 32 | E12: 5.08 | F12: 2.13 | G12: 41.59 | H12: Data F | I12: Invalid | J12: 0.63 | K12: 353.04 | L12: 15.3 | M12: 36.26 | N12: 78.1 | O12: 0 | P12: 0.6 | Q12: 9.59
A13: 07/02/2025 05:00 | B13: 9.04 | C13: 47.24 | D13: 30.43 | E13: 5.13 | F13: 2.13 | G13: 55.64 | H13: Data F | I13: Invalid | J13: 0.57 | K13: 359.25 | L13: 14.93 | M13: 35.39 | N13: 78 | O13: 0 | P13: 0.55 | Q13: 9.53
A14: 07/02/2025 06:00 | B14: 11.28 | C14: 47.56 | D14: 31.95 | E14: 4.2 | F14: 2.13 | G14: 53.73 | H14: Data F | I14: Invalid | J14: 0.63 | K14: 352.58 | L14: 14.58 | M14: 38 | N14: 78.2 | O14: 0 | P14: 0.5 | Q14: 9.57
A15: 07/02/2025 07:00 | B15: 13.53 | C15: 47.14 | D15: 33.94 | E15: 4.73 | F15: 2.13 | G15: 55.76 | H15: Data F | I15: Invalid | J15: 0.44 | K15: 347.8 | L15: 14.07 | M15: 38.22 | N15: 93.2 | O15: 0 | P15: 0.46 | Q15: 9.61
A16: 07/02/2025 08:00 | B16: 15.47 | C16: 49.48 | D16: 36.88 | E16: 6.36 | F16: 2.13 | G16: 59.73 | H16: Data F | I16: Invalid | J16: 0.93 | K16: 352.42 | L16: 17.42 | M16: 37.24 | N16: 236.7 | O16: 0 | P16: 0.53 | Q16: 9.6
A17: 07/02/2025 09:00 | B17: 16.65 | C17: 52.4 | D17: 38.85 | E17: 6.44 | F17: 2.13 | G17: 55.49 | H17: Data F | I17: Invalid | J17: 1.94 | K17: 106.68 | L17: 18.72 | M17: 28.94 | N17: 415.1 | O17: 0 | P17: 0.54 | Q17: 9.68
A18: 07/02/2025 10:00 | B18: 16.48 | C18: 55.32 | D18: 40.75 | E18: 6.04 | F18: 2.13 | G18: 56.02 | H18: 13.84 | I18: Invalid | J18: 1.81 | K18: 358.08 | L18: 24.39 | M18: 26.22 | N18: 528.8 | O18: 0 | P18: 0.54 | Q18: 9.67
A19: 07/02/2025 11:00 | B19: 17.12 | C19: 67.06 | D19: 41.89 | E19: 8.54 | F19: 9.84 | G19: 57.7 | H19: 32.79 | I19: Invalid | J19: 1.8 | K19: 106.49 | L19: 22.74 | M19: 24.3 | N19: 571.4 | O19: 0 | P19: 0.55 | Q19: 9.73
A20: 07/02/2025 12:00 | B20: 7.89 | C20: 73.52 | D20: 43.36 | E20: 11.41 | F20: 3.04 | G20: 44.74 | H20: 1.97 | I20: Invalid | J20: 1.15 | K20: 350.14 | L20: 26.45 | M20: 21.23 | N20: 568.6 | O20: 0 | P20: 0.43 | Q20: 9.75
A21: 07/02/2025 13:00 | B21: 10.28 | C21: 77.33 | D21: 47.27 | E21: 9.58 | F21: 2.13 | G21: 47.06 | H21: 0.16 | I21: Invalid | J21: 1.29 | K21: 350.44 | L21: 28.34 | M21: 16.41 | N21: 554.1 | O21: 0 | P21: 0.44 | Q21: 9.88
A22: 07/02/2025 14:00 | B22: 12.91 | C22: 71.63 | D22: 45.86 | E22: 7.41 | F22: 2.13 | G22: 55.03 | H22: 2.61 | I22: Invalid | J22: 1.64 | K22: 350.73 | L22: 29.47 | M22: 15.74 | N22: 521.4 | O22: 0 | P22: 0.51 | Q22: 10.13
A23: 07/02/2025 15:00 | B23: 14.1 | C23: 70.77 | D23: 46.38 | E23: 6.79 | F23: 2.13 | G23: 48.28 | H23: 21.09 | I23: Invalid | J23: 1.51 | K23: 346.7 | L23: 27.42 | M23: 18.29 | N23: 347.4 | O23: 0 | P23: 0.64 | Q23: 10.18
A24: 07/02/2025 16:00 | B24: 15.44 | C24: 93.3 | D24: 56 | E24: 16.61 | F24: 2.61 | G24: 73.26 | H24: 2.95 | I24: Invalid | J24: 1.86 | K24: 353.75 | L24: 27.01 | M24: 23.4 | N24: 253.5 | O24: 0 | P24: 0.69 | Q24: 10.33
A25: 07/02/2025 17:00 | B25: 14.77 | C25: 129.42 | D25: 77.04 | E25: 75.61 | F25: 17.07 | G25: 71.5 | H25: 0.47 | I25: Invalid | J25: 1.44 | K25: 356.38 | L25: 24.88 | M25: 26.38 | N25: 148.7 | O25: 0 | P25: 0.97 | Q25: 10.45
A26: 07/02/2025 18:00 | B26: 40.69 | C26: 158.9 | D26: 114.27 | E26: 33.58 | F26: 11.86 | G26: 85.43 | H26: 31.47 | I26: Invalid | J26: 0.9 | K26: 357.76 | L26: 22.55 | M26: 31.25 | N26: 100.8 | O26: 0 | P26: 1.6 | Q26: 10.37
A27: 07/02/2025 19:00 | B27: 42.73 | C27: 132.49 | D27: 97.68 | E27: 14.37 | F27: 2.87 | G27: 81.62 | H27: Data F | I27: Invalid | J27: 0.76 | K27: 338.47 | L27: 20.7 | M27: 46.74 | N27: 77.8 | O27: 0 | P27: 1.86 | Q27: 10.39
A28: 07/02/2025 20:00 | B28: 65.14 | C28: 78.28 | D28: 79.79 | E28: 10.66 | F28: 2.57 | G28: 93.91 | H28: Data F | I28: Invalid | J28: 0.66 | K28: 333.58 | L28: 18.85 | M28: 49.85 | N28: 77.5 | O28: 0 | P28: 1.59 | Q28: 10.64
A29: 07/02/2025 21:00 | B29: 92.98 | C29: 55.75 | D29: 97.26 | E29: 10.95 | F29: 2.13 | G29: 122.45 | H29: Data F | I29: Invalid | J29: 0.61 | K29: 348.31 | L29: 18.53 | M29: 53.41 | N29: 77.5 | O29: 0 | P29: 1.91 | Q29: 11.09
A30: 07/02/2025 22:00 | B30: 124.28 | C30: 52.66 | D30: 121.19 | E30: 11.08 | F30: 2.13 | G30: 132.75 | H30: Data F | I30: Invalid | J30: 0.67 | K30: 351.74 | L30: 17.33 | M30: 59.27 | N30: 77.4 | O30: 0 | P30: 2.6 | Q30: 11.1
A31: 07/02/2025 23:00 | B31: 134.8 | C31: 49.07 | D31: 132.36 | E31: 11.17 | F31: 2.13 | G31: 153.36 | H31: Data F | I31: Invalid | J31: 0.68 | K31: 277.57 | L31: 17.15 | M31: 57.79 | N31: 77.5 | O31: 0 | P31: 2.87 | Q31: 11
A32: 07/02/2025 24:00 | B32: 150.86 | C32: 60.05 | D32: 148.66 | E32: 11.61 | F32: 2.18 | G32: 175.32 | H32: Data F | I32: Invalid | J32: 0.66 | K32: 340.84 | L32: 16.33 | M32: 66.72 | N32: 77.5 | O32: 0 | P32: 2.6 | Q32: 10.85
A34: Min | B34: =MIN(B9:B32) -> 7.89 | C34: =MIN(C9:C32) -> 47.14 | D34: =MIN(D9:D32) -> 30.43 | E34: =MIN(E9:E32) -> 4.2 | F34: =MIN(F9:F32) -> 2.13 | G34: =MIN(G9:G32) -> 41.59 | H34: =MIN(H9:H32) -> 0.16 | I34: =MIN(I9:I32) -> 0 | ... Q34: =MIN(Q9:Q32) -> 9.53
A35: Max | B35: =MAX(B9:B32) -> 150.86 | C35: =MAX(C9:C32) -> 158.9 | D35: =MAX(D9:D32) -> 148.66 | E35: =MAX(E9:E32) -> 75.61 | F35: =MAX(F9:F32) -> 17.07 | G35: =MAX(G9:G32) -> 175.32 | H35: =MAX(H9:H32) -> 32.79 | I35: =MAX(I9:I32) -> 0 | ... Q35: =MAX(Q9:Q32) -> 11.1
A36: Avg | B36: =AVERAGE(B9:B32) -> 36.55875 | C36: =AVERAGE(C9:C32) -> 69.985 | D36: =AVERAGE(D9:D32) -> 62.789583 | E36: =AVERAGE(E9:E32) -> 12.147083 | F36: =AVERAGE(F9:F32) -> 3.5883333 | G36: =AVERAGE(G9:G32) -> 74.18875 | H36: =AVERAGE(H9:H32) -> 11.927778 | I36: =AVERAGE(I9:I32) -> #DIV/0! | ... Q36: =AVERAGE(Q9:Q32) -> 10.086667
A37: Stdev | B37: =STDEV(B9:B32) -> 43.638506 | C37: =STDEV(C9:C32) -> 30.103171 | D37: =STDEV(D9:D32) -> 36.272121 | E37: =STDEV(E9:E32) -> 14.85434 | F37: =STDEV(F9:F32) -> 3.7768237 | G37: =STDEV(G9:G32) -> 36.241063 | H37: =STDEV(H9:H32) -> 13.421409 | I37: =STDEV(I9:I32) -> #DIV/0! | ... Q37: =STDEV(Q9:Q32) -> 0.53667792
A38: Num | B38: =COUNT(B9:B32) -> 24 | C38: =COUNT(C9:C32) -> 24 | D38: =COUNT(D9:D32) -> 24 | E38: =COUNT(E9:E32) -> 24 | F38: =COUNT(F9:F32) -> 24 | G38: =COUNT(G9:G32) -> 24 | H38: =COUNT(H9:H32)+15 -> 24 | I38: =COUNT(I9:I32) -> 0 | J38: =COUNT(J9:J32) -> 24 | K38: =COUNT(K9:K32) -> 24 | L38: =COUNT(L9:L32) -> 24 | M38: =COUNT(M9:M32) -> 24 | N38: =COUNT(N9:N32) -> 24 | O38: =COUNT(O9:O32) -> 24 | P38: =COUNT(P9:P32) -> 24 | Q38: =COUNT(Q9:Q32) -> 24
A39: DCR | B39: =IF(B38>=22,">90%",IF(B38<=22,"<90%")) -> >90% | C39: =IF(C38>=22,">90%",IF(C38<=22,"<90%")) -> >90% | D39: =IF(D38>=22,">90%",IF(D38<=22,"<90%")) -> >90% | E39: =IF(E38>=22,">90%",IF(E38<=22,"<90%")) -> >90% | F39: =IF(F38>=22,">90%",IF(F38<=22,"<90%")) -> >90% | G39: =IF(G38>=22,">90%",IF(G38<=22,"<90%")) -> >90% | H39: =IF(H38>=22,">90%",IF(H38<=22,"<90%")) -> >90% | I39: =IF(I38>=22,">90%",IF(I38<=22,"<90%")) -> <90% | ... Q39: =IF(Q38>=22,">90%",IF(Q38<=22,"<90%")) -> >90%
A40: Status | B40: =IF(B38>=22,"OK",IF(B38<=22,"LESS")) -> OK | C40: =IF(C38>=22,"OK",IF(C38<=22,"LESS")) -> OK | D40: =IF(D38>=22,"OK",IF(D38<=22,"LESS")) -> OK | E40: =IF(E38>=22,"OK",IF(E38<=22,"LESS")) -> OK | F40: =IF(F38>=22,"OK",IF(F38<=22,"LESS")) -> OK | G40: =IF(G38>=22,"OK",IF(G38<=22,"LESS")) -> OK | H40: =IF(H38>=22,"OK",IF(H38<=22,"LESS")) -> OK | I40: =IF(I38>=22,"OK",IF(I38<=22,"LESS")) -> LESS | ... Q40: =IF(Q38>=22,"OK",IF(Q38<=22,"LESS")) -> OK
A43: Done by | B43: RAHUL
A45: Comment

Sheet 08
A1: Station: | B1: BHATAGAON RAIPUR
A2: Date: | B2: =$A$9 -> 08/02/2025 01:00 | D2: Power Off | G2: Pw.Off | L2: Link Fail | N2: Link F | P2: Maintenance | R2: Maint.
A3: Report Type: | B3: Mean | D3: Calibration | G3: Calib. | L3: Data Fail | N3: Data F | P3: Invalid | R3: Invalid
A4: Time Base: | B4: 01 Hour | D4: Zero Referrence | G4: Z.Ref | L4: Warm Up | N4: Wm. Up
A7: Date & Time | B7: NO_BHATAGAON | C7: NO2__BHATAGAON | D7: NOX_BHATAGAON | E7: SO2__BHATAGAON | F7: O3__BHATAGAON | G7: PM10__BHATAGAON | H7: PM2_5__BHATAGAON | I7: BENZ__BHATAGAON | J7: WS__BHATAGAON | K7: WD__BHATAGAON | L7: TEMP__BHATAGAON | M7: HUM__BHATAGAON | N7: SR__BHATAGAON | O7: RG__BHATAGAON | P7: CO__BHATAGAON | Q7: NH3__BHATAGAON
B8: ug/m3 | C8: ug/m3 | D8: ppb | E8: ug/m3 | F8: ug/m3 | G8: mg/m3 | H8: ug/m3 | I8: ug/m3 | J8: m/sec | K8: deg | L8: degreC | M8: % | N8: w/m2 | O8: mm | P8: ug/m3 | Q8: ug/m3
A9: 08/02/2025 01:00 | B9: 151.95 | C9: 56.36 | D9: 149.7 | E9: 10.73 | F9: 2.13 | G9: 196.03 | H9: 55.82 | I9: Invalid | J9: 0.62 | K9: 326.62 | L9: 15.79 | M9: 63.7 | N9: 77.5 | O9: 0 | P9: 2.6 | Q9: 10.86
A10: 08/02/2025 02:00 | B10: 138.93 | C10: 57.76 | D10: 140.21 | E10: 9.73 | F10: 2.13 | G10: 172.45 | H10: 48.47 | I10: Invalid | J10: 0.68 | K10: 257.83 | L10: 15.47 | M10: 72.68 | N10: 77.4 | O10: 0 | P10: 2.22 | Q10: 10.75
A11: 08/02/2025 03:00 | B11: 125.82 | C11: 47.06 | D11: 124.11 | E11: 8.76 | F11: 2.13 | G11: 147.85 | H11: 46.7 | I11: Invalid | J11: 0.67 | K11: 333.63 | L11: 15.08 | M11: 80.91 | N11: 77.7 | O11: 0 | P11: 1.94 | Q11: 10.56
A12: 08/02/2025 04:00 | B12: 115.43 | C12: 56.13 | D12: 115.29 | E12: 7.84 | F12: 2.13 | G12: 142.31 | H12: 34.09 | I12: Invalid | J12: 1.24 | K12: 354.05 | L12: 15.01 | M12: 83.75 | N12: 77.4 | O12: 0 | P12: 1.77 | Q12: 10.39
A13: 08/02/2025 05:00 | B13: 97.58 | C13: 58.26 | D13: 107.32 | E13: 7.82 | F13: 2.13 | G13: 114.85 | H13: 51.97 | I13: Invalid | J13: 1.38 | K13: 358.81 | L13: 15.01 | M13: 54.43 | N13: 77.2 | O13: 0 | P13: 1.6 | Q13: 10.29
A14: 08/02/2025 06:00 | B14: 79.34 | C14: 52.31 | D14: 89.58 | E14: 6.27 | F14: 2.13 | G14: 70.65 | H14: 149.6 | I14: Invalid | J14: 1.2 | K14: 357.1 | L14: 14.84 | M14: 46.51 | N14: 77.6 | O14: 0 | P14: 1.27 | Q14: 10.19
A15: 08/02/2025 07:00 | B15: 66.44 | C15: 48.97 | D15: 77.49 | E15: 5.5 | F15: 2.13 | G15: 69.32 | H15: 19.99 | I15: Invalid | J15: 0.7 | K15: 345.41 | L15: 14.1 | M15: 45.6 | N15: 91.4 | O15: 0 | P15: 1.02 | Q15: 10.1
A16: 08/02/2025 08:00 | B16: 59.39 | C16: 47.23 | D16: 70.22 | E16: 5.54 | F16: 2.13 | G16: 44.67 | H16: 19.99 | I16: Invalid | J16: 0.65 | K16: 358.18 | L16: 16.57 | M16: 46.17 | N16: 237.5 | O16: 0 | P16: 1.03 | Q16: 9.98
A17: 08/02/2025 09:00 | B17: 55.32 | C17: 51.62 | D17: 68.92 | E17: 5.43 | F17: 2.13 | G17: 52.07 | H17: 19.99 | I17: Invalid | J17: 1.07 | K17: 103.01 | L17: 20.09 | M17: 34.34 | N17: 411.2 | O17: 0 | P17: 0.96 | Q17: 9.9
A18: 08/02/2025 10:00 | B18: 51.23 | C18: 51.17 | D18: 66.06 | E18: 5.35 | F18: 2.13 | G18: 65.58 | H18: 19.99 | I18: Invalid | J18: 1.76 | K18: 97.06 | L18: 22.12 | M18: 31.03 | N18: 544.2 | O18: 0 | P18: 0.87 | Q18: 9.89
A19: 08/02/2025 11:00 | B19: 42.33 | C19: 52.77 | D19: 60.14 | E19: 4.42 | F19: 2.13 | G19: 64.42 | H19: 19.99 | I19: Invalid | J19: 1.99 | K19: 357.55 | L19: 26.63 | M19: 26.95 | N19: 581.8 | O19: 0 | P19: 0.75 | Q19: 9.87
A20: 08/02/2025 12:00 | B20: 34.84 | C20: 51.3 | D20: 52.58 | E20: 4.54 | F20: 2.13 | G20: 47.97 | H20: 18.48 | I20: Invalid | J20: 0.7 | K20: 338.05 | L20: 26.71 | M20: 25.24 | N20: 581.3 | O20: 0 | P20: 0.66 | Q20: 9.79
... A32: 08/02/2025 24:00 | B32: 46.27 | C32: 59.97 | D32: 67.06 | E32: 7 | F32: 2.13 | G32: 87.74 | H32: 9.13 | I32: Invalid | J32: 0.63 | K32: 352.08 | L32: 16.86 | M32: 35.4 | N32: 78.1 | O32: 0 | P32: 1.46 | Q32: 9.78
A34: Min | B34: =MIN(B9:B32) -> 13.22 | C34: =MIN(C9:C32) -> 47.06 | D34: =MIN(D9:D32) -> 38.68 | E34: =MIN(E9:E32) -> 4.42 | F34: =MIN(F9:F32) -> 2.13 | G34: =MIN(G9:G32) -> 42.7 | H34: =MIN(H9:H32) -> 9.13 | I34: =MIN(I9:I32) -> 0 | ... Q34: =MIN(Q9:Q32) -> 9.61
A35: Max | B35: =MAX(B9:B32) -> 151.95 | C35: =MAX(C9:C32) -> 61.26 | D35: =MAX(D9:D32) -> 149.7 | E35: =MAX(E9:E32) -> 10.73 | F35: =MAX(F9:F32) -> 2.13 | G35: =MAX(G9:G32) -> 196.03 | H35: =MAX(H9:H32) -> 166.32 | I35: =MAX(I9:I32) -> 0 | ... Q35: =MAX(Q9:Q32) -> 10.86
A36: Avg | B36: =AVERAGE(B9:B32) -> 57.080833 | C36: =AVERAGE(C9:C32) -> 55.664167 | D36: =AVERAGE(D9:D32) -> 72.84125 | E36: =AVERAGE(E9:E32) -> 6.46 | F36: =AVERAGE(F9:F32) -> 2.13 | G36: =AVERAGE(G9:G32) -> 88.222917 | H36: =AVERAGE(H9:H32) -> 60.0775 | I36: =AVERAGE(I9:I32) -> #DIV/0! | ... Q36: =AVERAGE(Q9:Q32) -> 9.9566667
A37: Stdev | B37: =STDEV(B9:B32) -> 40.466053 | C37: =STDEV(C9:C32) -> 4.3043021 | D37: =STDEV(D9:D32) -> 31.775847 | E37: =STDEV(E9:E32) -> 1.6288326 | F37: =STDEV(F9:F32) -> 4.5364061e-16 | G37: =STDEV(G9:G32) -> 40.886086 | H37: =STDEV(H9:H32) -> 42.400944 | I37: =STDEV(I9:I32) -> #DIV/0! | ... Q37: =STDEV(Q9:Q32) -> 0.3640672
A38: Num | B38: =COUNT(B9:B32) -> 24 | C38: =COUNT(C9:C32) -> 24 | D38: =COUNT(D9:D32) -> 24 | E38: =COUNT(E9:E32) -> 24 | F38: =COUNT(F9:F32) -> 24 | G38: =COUNT(G9:G32) -> 24 | H38: =COUNT(H9:H32) -> 24 | I38: =COUNT(I9:I32) -> 0 | ... Q38: =COUNT(Q9:Q32) -> 24
A39: DCR | B39: =IF(B38>=22,">90%",IF(B38<=22,"<90%")) -> >90% | C39: =IF(C38>=22,">90%",IF(C38<=22,"<90%")) -> >90% | D39: =IF(D38>=22,">90%",IF(D38<=22,"<90%")) -> >90% | E39: =IF(E38>=22,">90%",IF(E38<=22,"<90%")) -> >90% | F39: =IF(F38>=22,">90%",IF(F38<=22,"<90%")) -> >90% | G39: =IF(G38>=22,">90%",IF(G38<=22,"<90%")) -> >90% | H39: =IF(H38>=22,">90%",IF(H38<=22,"<90%")) -> >90% | I39: =IF(I38>=22,">90%",IF(I38<=22,"<90%")) -> <90% | ... Q39: =IF(Q38>=22,">90%",IF(Q38<=22,"<90%")) -> >90%
A40: Status | B40: =IF(B38>=22,"OK",IF(B38<=22,"LESS")) -> OK | C40: =IF(C38>=22,"OK",IF(C38<=22,"LESS")) -> OK | D40: =IF(D38>=22,"OK",IF(D38<=22,"LESS")) -> OK | E40: =IF(E38>=22,"OK",IF(E38<=22,"LESS")) -> OK | F40: =IF(F38>=22,"OK",IF(F38<=22,"LESS")) -> OK | G40: =IF(G38>=22,"OK",IF(G38<=22,"LESS")) -> OK | H40: =IF(H38>=22,"OK",IF(H38<=22,"LESS")) -> OK | I40: =IF(I38>=22,"OK",IF(I38<=22,"LESS")) -> LESS | ... Q40: =IF(Q38>=22,"OK",IF(Q38<=22,"LESS")) -> OK
A43: Done by | B43: RAHUL
A45: Comment

Sheet 09
A1: Station: | B1: BHATAGAON RAIPUR
A2: Date: | B2: =$A$9 -> 09/02/2025 01:00 | D2: Power Off | G2: Pw.Off | L2: Link Fail | N2: Link F | P2: Maintenance | R2: Maint.
A3: Report Type: | B3: Mean | D3: Calibration | G3: Calib. | L3: Data Fail | N3: Data F | P3: Invalid | R3: Invalid
A4: Time Base: | B4: 01 Hour | D4: Zero Referrence | G4: Z.Ref | L4: Warm Up | N4: Wm. Up
A7: Date & Time | B7: NO_BHATAGAON | C7: NO2__BHATAGAON | D7: NOX_BHATAGAON | E7: SO2__BHATAGAON | F7: O3__BHATAGAON | G7: PM10__BHATAGAON | H7: PM2_5__BHATAGAON | I7: BENZ__BHATAGAON | J7: WS__BHATAGAON | K7: WD__BHATAGAON | L7: TEMP__BHATAGAON | M7: HUM__BHATAGAON | N7: SR__BHATAGAON | O7: RG__BHATAGAON | P7: CO__BHATAGAON | Q7: NH3__BHATAGAON
B8: ug/m3 | C8: ug/m3 | D8: ppb | E8: ug/m3 | F8: ug/m3 | G8: mg/m3 | H8: ug/m3 | I8: ug/m3 | J8: m/sec | K8: deg | L8: degreC | M8: % | N8: w/m2 | O8: mm | P8: ug/m3 | Q8: ug/m3
A9: 09/02/2025 01:00 | B9: 46.33 | C9: 54.51 | D9: 64.25 | E9: 6.61 | F9: 2.13 | G9: 71.84 | H9: 82.2 | I9: Invalid | J9: 0.6 | K9: 357.76 | L9: 16.57 | M9: 35.18 | N9: 77.9 | O9: 0 | P9: 1.2 | Q9: 9.79
A10: 09/02/2025 02:00 | B10: 41.33 | C10: 52.11 | D10: 58.99 | E10: 6.51 | F10: 2.35 | G10: 65.51 | H10: 12.94 | I10: Invalid | J10: 0.69 | K10: 349.19 | L10: 16.56 | M10: 33.78 | N10: 78.2 | O10: 0 | P10: 1 | Q10: 9.75
A11: 09/02/2025 03:00 | B11: 35.29 | C11: 51.88 | D11: 53.05 | E11: 6.26 | F11: 2.13 | G11: 58.33 | H11: 82.63 | I11: Invalid | J11: 0.57 | K11: 355.84 | L11: 15.51 | M11: 32.8 | N11: 78.4 | O11: 0 | P11: 0.97 | Q11: 9.72
A12: 09/02/2025 04:00 | B12: 31.61 | C12: 52.32 | D12: 51.22 | E12: 5.65 | F12: 2.13 | G12: 60.68 | H12: 36.98 | I12: Invalid | J12: 0.64 | K12: 344.44 | L12: 14.27 | M12: 39.15 | N12: 78.5 | O12: 0 | P12: 0.82 | Q12: 9.76
A13: 09/02/2025 05:00 | B13: 30.83 | C13: 52.22 | D13: 50.63 | E13: 5.49 | F13: 2.13 | G13: 60.03 | H13: 41.34 | I13: Invalid | J13: 0.71 | K13: 301.92 | L13: 12.88 | M13: 43.97 | N13: 78.3 | O13: 0 | P13: 0.71 | Q13: 9.72
A14: 09/02/2025 06:00 | B14: 34.29 | C14: 50.64 | D14: 52.01 | E14: 5.72 | F14: 2.13 | G14: 55.72 | H14: 34.34 | I14: Invalid | J14: 0.75 | K14: 277.27 | L14: 12.63 | M14: 72.47 | N14: 78.4 | O14: 0 | P14: 0.61 | Q14: 9.65
A15: 09/02/2025 07:00 | B15: 42.33 | C15: 48.93 | D15: 57.37 | E15: 6.42 | F15: 2.13 | G15: 69.24 | H15: 33.79 | I15: Invalid | J15: 0.69 | K15: 305.54 | L15: 10.74 | M15: 80.92 | N15: 90.9 | O15: 0 | P15: 0.66 | Q15: 9.65
A16: 09/02/2025 08:00 | B16: 64.11 | C16: 48.66 | D16: 75.46 | E16: 7.58 | F16: 2.13 | G16: 97.67 | H16: 30.74 | I16: Invalid | J16: 0.57 | K16: 296 | L16: 18.18 | M16: 80.78 | N16: 296.7 | O16: 0 | P16: 0.89 | Q16: 9.76
A17: 09/02/2025 09:00 | B17: 68.2 | C17: 52.15 | D17: 80.23 | E17: 7.46 | F17: 2.13 | G17: 115.9 | H17: 56.93 | I17: Invalid | J17: 1.69 | K17: 103.85 | L17: 20.98 | M17: 38.21 | N17: 508.2 | O17: 0 | P17: 0.93 | Q17: 9.88
A18: 09/02/2025 10:00 | B18: 60.75 | C18: 53.98 | D18: 73.87 | E18: 6.58 | F18: 2.13 | G18: 106.73 | H18: 63.98 | I18: Invalid | J18: 1.83 | K18: 114.6 | L18: 23.97 | M18: 26.6 | N18: 621.2 | O18: 0 | P18: 0.9 | Q18: 9.88
A19: 09/02/2025 11:00 | B19: 46.24 | C19: 58.12 | D19: 64.23 | E19: 6.14 | F19: 2.13 | G19: 82.55 | H19: 43.74 | I19: Invalid | J19: 1.21 | K19: 102.61 | L19: 26.31 | M19: 22.81 | N19: 636.9 | O19: 0 | P19: 0.84 | Q19: 9.77
A20: 09/02/2025 12:00 | B20: 33.17 | C20: 58.84 | D20: 55.73 | E20: 5.59 | F20: 2.13 | G20: 77.46 | H20: 39.05 | I20: Invalid | J20: 1.16 | K20: 357.31 | L20: 29.21 | M20: 15.95 | N20: 628.1 | O20: 0 | P20: 0.78 | Q20: 9.72
... A32: 09/02/2025 24:00 | B32: 188.76 | C32: 68.89 | D32: 184.87 | E32: 9.81 | F32: 2.13 | G32: 142.07 | H32: 79.71 | I32: Invalid | J32: 0.62 | K32: 297.14 | L32: 14.81 | M32: 53.68 | N32: 74.4 | O32: 0 | P32: 1.82 | Q32: 10.49
A34: Min | B34: =MIN(B9:B32) -> 5.11 | C34: =MIN(C9:C32) -> 48.66 | D34: =MIN(D9:D32) -> 28.29 | E34: =MIN(E9:E32) -> 4.45 | F34: =MIN(F9:F32) -> 2.13 | G34: =MIN(G9:G32) -> 37.12 | H34: =MIN(H9:H32) -> 12.94 | I34: =MIN(I9:I32) -> 0 | ... Q34: =MIN(Q9:Q32) -> 9.27
A35: Max | B35: =MAX(B9:B32) -> 188.76 | C35: =MAX(C9:C32) -> 69.71 | D35: =MAX(D9:D32) -> 184.87 | E35: =MAX(E9:E32) -> 9.81 | F35: =MAX(F9:F32) -> 2.35 | G35: =MAX(G9:G32) -> 160.47 | H35: =MAX(H9:H32) -> 95.21 | I35: =MAX(I9:I32) -> 0 | ... Q35: =MAX(Q9:Q32) -> 10.49
A36: Avg | B36: =AVERAGE(B9:B32) -> 52.57125 | C36: =AVERAGE(C9:C32) -> 56.137083 | D36: =AVERAGE(D9:D32) -> 69.794583 | E36: =AVERAGE(E9:E32) -> 6.6204167 | F36: =AVERAGE(F9:F32) -> 2.1391667 | G36: =AVERAGE(G9:G32) -> 81.925833 | H36: =AVERAGE(H9:H32) -> 47.995417 | I36: =AVERAGE(I9:I32) -> #DIV/0! | ... Q36: =AVERAGE(Q9:Q32) -> 9.76875
A37: Stdev | B37: =STDEV(B9:B32) -> 46.75999 | C37: =STDEV(C9:C32) -> 6.8242155 | D37: =STDEV(D9:D32) -> 40.213402 | E37: =STDEV(E9:E32) -> 1.4436863 | F37: =STDEV(F9:F32) -> 0.044907312 | G37: =STDEV(G9:G32) -> 36.746968 | H37: =STDEV(H9:H32) -> 26.064081 | I37: =STDEV(I9:I32) -> #DIV/0! | ... Q37: =STDEV(Q9:Q32) -> 0.25945281
A38: Num | B38: =COUNT(B9:B32) -> 24 | C38: =COUNT(C9:C32) -> 24 | D38: =COUNT(D9:D32) -> 24 | E38: =COUNT(E9:E32) -> 24 | F38: =COUNT(F9:F32) -> 24 | G38: =COUNT(G9:G32) -> 24 | H38: =COUNT(H9:H32) -> 24 | I38: =COUNT(I9:I32) -> 0 | ... Q38: =COUNT(Q9:Q32) -> 24
A39: DCR | B39: =IF(B38>=22,">90%",IF(B38<=22,"<90%")) -> >90% | C39: =IF(C38>=22,">90%",IF(C38<=22,"<90%")) -> >90% | D39: =IF(D38>=22,">90%",IF(D38<=22,"<90%")) -> >90% | E39: =IF(E38>=22,">90%",IF(E38<=22,"<90%")) -> >90% | F39: =IF(F38>=22,">90%",IF(F38<=22,"<90%")) -> >90% | G39: =IF(G38>=22,">90%",IF(G38<=22,"<90%")) -> >90% | H39: =IF(H38>=22,">90%",IF(H38<=22,"<90%")) -> >90% | I39: =IF(I38>=22,">90%",IF(I38<=22,"<90%")) -> <90% | ... Q39: =IF(Q38>=22,">90%",IF(Q38<=22,"<90%")) -> >90%
A40: Status | B40: =IF(B38>=22,"OK",IF(B38<=22,"LESS")) -> OK | C40: =IF(C38>=22,"OK",IF(C38<=22,"LESS")) -> OK | D40: =IF(D38>=22,"OK",IF(D38<=22,"LESS")) -> OK | E40: =IF(E38>=22,"OK",IF(E38<=22,"LESS")) -> OK | F40: =IF(F38>=22,"OK",IF(F38<=22,"LESS")) -> OK | G40: =IF(G38>=22,"OK",IF(G38<=22,"LESS")) -> OK | H40: =IF(H38>=22,"OK",IF(H38<=22,"LESS")) -> OK | I40: =IF(I38>=22,"OK",IF(I38<=22,"LESS")) -> LESS | ... Q40: =IF(Q38>=22,"OK",IF(Q38<=22,"LESS")) -> OK
A43: Done by | B43: RAHUL
A45: Comment

Sheet 10
A1: Station: | B1: BHATAGAON RAIPUR
A2: Date: | B2: =$A$9 -> 10/02/2025 01:00 | D2: Power Off | G2: Pw.Off | L2: Link Fail | N2: Link F | P2: Maintenance | R2: Maint.
A3: Report Type: | B3: Mean | D3: Calibration | G3: Calib. | L3: Data Fail | N3: Data F | P3: Invalid | R3: Invalid
A4: Time Base: | B4: 01 Hour | D4: Zero Referrence | G4: Z.Ref | L4: Warm Up | N4: Wm. Up
A7: Date & Time | B7: NO_BHATAGAON | C7: NO2__BHATAGAON | D7: NOX_BHATAGAON | E7: SO2__BHATAGAON | F7: O3__BHATAGAON | G7: PM10__BHATAGAON | H7: PM2_5__BHATAGAON | I7: BENZ__BHATAGAON | J7: WS__BHATAGAON | K7: WD__BHATAGAON | L7: TEMP__BHATAGAON | M7: HUM__BHATAGAON | N7: SR__BHATAGAON | O7: RG__BHATAGAON | P7: CO__BHATAGAON | Q7: NH3__BHATAGAON
B8: ug/m3 | C8: ug/m3 | D8: ppb | E8: ug/m3 | F8: ug/m3 | G8: mg/m3 | H8: ug/m3 | I8: ug/m3 | J8: m/sec | K8: deg | L8: degreC | M8: % | N8: w/m2 | O8: mm | P8: ug/m3 | Q8: ug/m3
A9: 10/02/2025 01:00 | B9: 187.81 | C9: 65.93 | D9: 183.67 | E9: 8.26 | F9: 2.13 | G9: 135.15 | H9: 52.15 | I9: Invalid | J9: 0.58 | K9: 330.38 | L9: 14.56 | M9: 64.49 | N9: 74.5 | O9: 0 | P9: 1.86 | Q9: 10.57
A10: 10/02/2025 02:00 | B10: 188.23 | C10: 61.22 | D10: 181.56 | E10: 8.42 | F10: 2.13 | G10: 131.7 | H10: 6 | I10: Invalid | J10: 0.63 | K10: 286.84 | L10: 14.23 | M10: 63.82 | N10: 74.5 | O10: 0 | P10: 1.7 | Q10: 10.58
A11: 10/02/2025 03:00 | B11: 179.04 | C11: 58.43 | D11: 172.73 | E11: 8.55 | F11: 2.13 | G11: 107.05 | H11: 48.31 | I11: Invalid | J11: 0.68 | K11: 301.02 | L11: 13.65 | M11: 60.38 | N11: 74.7 | O11: 0 | P11: 1.68 | Q11: 10.61
A12: 10/02/2025 04:00 | B12: 155.63 | C12: 55.24 | D12: 152.15 | E12: 7.94 | F12: 2.13 | G12: 34.12 | H12: 13.16 | I12: Invalid | J12: 0.65 | K12: 335.86 | L12: 13.2 | M12: 70.22 | N12: 74.7 | O12: 0 | P12: 1.51 | Q12: 10.5
A13: 10/02/2025 05:00 | B13: 138.33 | C13: 52.8 | D13: 137.14 | E13: 7.96 | F13: 2.13 | G13: 100.87 | H13: 48.95 | I13: Invalid | J13: 0.67 | K13: 325.07 | L13: 12.74 | M13: 77.87 | N13: 74.4 | O13: 0 | P13: 1.48 | Q13: 10.43
A14: 10/02/2025 06:00 | B14: 153.72 | C14: 51.48 | D14: 148.79 | E14: 9.06 | F14: 2.13 | G14: 117.28 | H14: 40.53 | I14: Invalid | J14: 0.44 | K14: 334.04 | L14: 12.48 | M14: 79.37 | N14: 73.9 | O14: 0 | P14: 1.56 | Q14: 10.36
A15: 10/02/2025 07:00 | B15: 171.76 | C15: 51.97 | D15: 163.04 | E15: 9.83 | F15: 2.13 | G15: 163.36 | H15: 60.02 | I15: Invalid | J15: 0.6 | K15: 326.12 | L15: 12.65 | M15: 84.74 | N15: 88.7 | O15: 0 | P15: 1.63 | Q15: 10.58
A16: 10/02/2025 08:00 | B16: 171.04 | C16: 48.66 | D16: 160.79 | E16: 9.63 | F16: 2.13 | G16: 173.82 | H16: 52.95 | I16: Invalid | J16: 0.86 | K16: 310.29 | L16: 17.21 | M16: 82.72 | N16: 255.6 | O16: 0 | P16: 1.58 | Q16: 10.65
A17: 10/02/2025 09:00 | B17: 158.16 | C17: 51.68 | D17: 151.25 | E17: 8.58 | F17: 2.13 | G17: 77.86 | H17: 66.93 | I17: Invalid | J17: 1.16 | K17: 198.48 | L17: 21.38 | M17: 44.45 | N17: 433.3 | O17: 0 | P17: 1.51 | Q17: 10.61
A18: 10/02/2025 10:00 | B18: 129.01 | C18: 56.67 | D18: 129.77 | E18: 7 | F18: 2.13 | G18: 69.73 | H18: 66.93 | I18: Invalid | J18: 1.19 | K18: 186.57 | L18: 24.75 | M18: 33.59 | N18: 561.9 | O18: 0 | P18: 1.34 | Q18: 10.54
A19: 10/02/2025 11:00 | B19: 94.53 | C19: 83.99 | D19: 104.82 | E19: 7.56 | F19: 6.23 | G19: 54.37 | H19: 29.64 | I19: Invalid | J19: 1.63 | K19: 227.54 | L19: 27.7 | M19: 24.22 | N19: 883.5 | O19: 0 | P19: 1.13 | Q19: 10.67
A20: 10/02/2025 12:00 | B20: 4.58 | C20: 72.52 | D20: 40.19 | E20: 8.81 | F20: 19.76 | G20: 19.03 | H20: 6.15 | I20: Invalid | J20: 0.83 | K20: 325.18 | L20: 31.14 | M20: 24.33 | N20: 937.7 | O20: 0 | P20: 0.42 | Q20: 10.15
... A32: 10/02/2025 24:00 | B32: 170.45 | C32: 74.07 | D32: 173.43 | E32: 11.91 | F32: 2.13 | G32: 170.68 | H32: 47.94 | I32: Invalid | J32: 0.74 | K32: 292.86 | L32: 18.73 | M32: 69.97 | N32: 70.7 | O32: 0 | P32: 2.21 | Q32: 10.78
A34: Min | B34: =MIN(B9:B32) -> 2.91 | C34: =MIN(C9:C32) -> 48.66 | D34: =MIN(D9:D32) -> 30.19 | E34: =MIN(E9:E32) -> 7 | F34: =MIN(F9:F32) -> 2.13 | G34: =MIN(G9:G32) -> 19.03 | H34: =MIN(H9:H32) -> 6 | I34: =MIN(I9:I32) -> 0 | ... Q34: =MIN(Q9:Q32) -> 9.95
A35: Max | B35: =MAX(B9:B32) -> 188.23 | C35: =MAX(C9:C32) -> 105.29 | D35: =MAX(D9:D32) -> 183.67 | E35: =MAX(E9:E32) -> 24.97 | F35: =MAX(F9:F32) -> 24.5 | G35: =MAX(G9:G32) -> 176.31 | H35: =MAX(H9:H32) -> 66.93 | I35: =MAX(I9:I32) -> 0 | ... Q35: =MAX(Q9:Q32) -> 10.78
A36: Avg | B36: =AVERAGE(B9:B32) -> 100.94958 | C36: =AVERAGE(C9:C32) -> 67.725417 | D36: =AVERAGE(D9:D32) -> 113.61417 | E36: =AVERAGE(E9:E32) -> 9.8091667 | F36: =AVERAGE(F9:F32) -> 5.5425 | G36: =AVERAGE(G9:G32) -> 104.2675 | H36: =AVERAGE(H9:H32) -> 34.526667 | I36: =AVERAGE(I9:I32) -> #DIV/0! | ... Q36: =AVERAGE(Q9:Q32) -> 10.377083
A37: Stdev | B37: =STDEV(B9:B32) -> 72.278471 | C37: =STDEV(C9:C32) -> 15.873633 | D37: =STDEV(D9:D32) -> 55.529727 | E37: =STDEV(E9:E32) -> 3.6154679 | F37: =STDEV(F9:F32) -> 6.3181073 | G37: =STDEV(G9:G32) -> 50.202772 | H37: =STDEV(H9:H32) -> 18.29995 | I37: =STDEV(I9:I32) -> #DIV/0! | ... Q37: =STDEV(Q9:Q32) -> 0.25256044
A38: Num | B38: =COUNT(B9:B32) -> 24 | C38: =COUNT(C9:C32) -> 24 | D38: =COUNT(D9:D32) -> 24 | E38: =COUNT(E9:E32) -> 24 | F38: =COUNT(F9:F32) -> 24 | G38: =COUNT(G9:G32) -> 24 | H38: =COUNT(H9:H32) -> 24 | I38: =COUNT(I9:I32) -> 0 | ... Q38: =COUNT(Q9:Q32) -> 24
A39: DCR | B39: =IF(B38>=22,">90%",IF(B38<=22,"<90%")) -> >90% | C39: =IF(C38>=22,">90%",IF(C38<=22,"<90%")) -> >90% | D39: =IF(D38>=22,">90%",IF(D38<=22,"<90%")) -> >90% | E39: =IF(E38>=22,">90%",IF(E38<=22,"<90%")) -> >90% | F39: =IF(F38>=22,">90%",IF(F38<=22,"<90%")) -> >90% | G39: =IF(G38>=22,">90%",IF(G38<=22,"<90%")) -> >90% | H39: =IF(H38>=22,">90%",IF(H38<=22,"<90%")) -> >90% | I39: =IF(I38>=22,">90%",IF(I38<=22,"<90%")) -> <90% | ... Q39: =IF(Q38>=22,">90%",IF(Q38<=22,"<90%")) -> >90%
A40: Status | B40: =IF(B38>=22,"OK",IF(B38<=22,"LESS")) -> OK | C40: =IF(C38>=22,"OK",IF(C38<=22,"LESS")) -> OK | D40: =IF(D38>=22,"OK",IF(D38<=22,"LESS")) -> OK | E40: =IF(E38>=22,"OK",IF(E38<=22,"LESS")) -> OK | F40: =IF(F38>=22,"OK",IF(F38<=22,"LESS")) -> OK | G40: =IF(G38>=22,"OK",IF(G38<=22,"LESS")) -> OK | H40: =IF(H38>=22,"OK",IF(H38<=22,"LESS")) -> OK | I40: =IF(I38>=22,"OK",IF(I38<=22,"LESS")) -> LESS | ... Q40: =IF(Q38>=22,"OK",IF(Q38<=22,"LESS")) -> OK
A43: Done by | B43: RAHUL
A45: Comment

Sheet 11
A1: Station: | B1: BHATAGAON RAIPUR
A2: Date: | B2: =$A$9 -> 11/02/2025 01:00 | D2: Power Off | G2: Pw.Off | L2: Link Fail | N2: Link F | P2: Maintenance | R2: Maint.
A3: Report Type: | B3: Mean | D3: Calibration | G3: Calib. | L3: Data Fail | N3: Data F | P3: Invalid | R3: Invalid
A4: Time Base: | B4: 01 Hour | D4: Zero Referrence | G4: Z.Ref | L4: Warm Up | N4: Wm. Up
A7: Date & Time | B7: NO_BHATAGAON | C7: NO2__BHATAGAON | D7: NOX_BHATAGAON | E7: SO2__BHATAGAON | F7: O3__BHATAGAON | G7: PM10__BHATAGAON | H7: PM2_5__BHATAGAON | I7: BENZ__BHATAGAON | J7: WS__BHATAGAON | K7: WD__BHATAGAON | L7: TEMP__BHATAGAON | M7: HUM__BHATAGAON | N7: SR__BHATAGAON | O7: RG__BHATAGAON | P7: CO__BHATAGAON | Q7: NH3__BHATAGAON
B8: ug/m3 | C8: ug/m3 | D8: ppb | E8: ug/m3 | F8: ug/m3 | G8: mg/m3 | H8: ug/m3 | I8: ug/m3 | J8: m/sec | K8: deg | L8: degreC | M8: % | N8: w/m2 | O8: mm | P8: ug/m3 | Q8: ug/m3
A9: 11/02/2025 01:00 | B9: 163.19 | C9: 69.28 | D9: 165.68 | E9: 14.94 | F9: 2.13 | G9: 197.86 | H9: 61.3 | I9: Invalid | J9: 0.74 | K9: 327.44 | L9: 18.02 | M9: 73.5 | N9: 70.8 | O9: 0 | P9: 2.21 | Q9: 10.8
A10: 11/02/2025 02:00 | B10: 143.4 | C10: 59.75 | D10: 144.84 | E10: 14.24 | F10: 2.13 | G10: 179.93 | H10: 73.42 | I10: Invalid | J10: 0.67 | K10: 310.16 | L10: 17.57 | M10: 74.36 | N10: 70.6 | O10: 0 | P10: 1.67 | Q10: 10.64
A11: 11/02/2025 03:00 | B11: 123.51 | C11: 56.15 | D11: 126.66 | E11: 9.66 | F11: 2.13 | G11: 92.23 | H11: 56.97 | I11: Invalid | J11: 0.63 | K11: 311.22 | L11: 17.18 | M11: 79.49 | N11: 70.8 | O11: 0 | P11: 1.63 | Q11: 10.5
A12: 11/02/2025 04:00 | B12: 104.53 | C12: 53.95 | D12: 110.64 | E12: 7.99 | F12: 2.13 | G12: 77.01 | H12: 38.51 | I12: Invalid | J12: 0.41 | K12: 326.37 | L12: 16.84 | M12: 81.53 | N12: 70.8 | O12: 0 | P12: 1.48 | Q12: 10.41
A13: 11/02/2025 05:00 | B13: 87.45 | C13: 52.23 | D13: 96.04 | E13: 7.45 | F13: 2.13 | G13: 85.22 | H13: 32.63 | I13: Invalid | J13: 0.55 | K13: 352.49 | L13: 16.64 | M13: 81.63 | N13: 70.6 | O13: 0 | P13: 1.3 | Q13: 10.33
A14: 11/02/2025 06:00 | B14: 76.76 | C14: 49.52 | D14: 85.34 | E14: 7.05 | F14: 2.13 | G14: 90.61 | H14: 29.47 | I14: Invalid | J14: 0.74 | K14: 322.97 | L14: 16.06 | M14: 85.47 | N14: 70.8 | O14: 0 | P14: 1.07 | Q14: 10.23
A15: 11/02/2025 07:00 | B15: 73.62 | C15: 50.06 | D15: 83.62 | E15: 7.21 | F15: 2.13 | G15: 102.16 | H15: 32.79 | I15: Invalid | J15: 0.42 | K15: 344.18 | L15: 15.88 | M15: 86.25 | N15: 90.3 | O15: 0 | P15: 1.04 | Q15: 10.11
A16: 11/02/2025 08:00 | B16: 83.42 | C16: 52.48 | D16: 92.66 | E16: 8.62 | F16: 2.13 | G16: 100.36 | H16: 36.33 | I16: Invalid | J16: 0.6 | K16: 224.6 | L16: 18.76 | M16: 84.43 | N16: 223 | O16: 0 | P16: 1.16 | Q16: 10.1
A17: 11/02/2025 09:00 | B17: 80.01 | C17: 53.91 | D17: 90.45 | E17: 8.33 | F17: 2.13 | G17: 131.33 | H17: 38.74 | I17: Invalid | J17: 1.09 | K17: 208.37 | L17: 21.59 | M17: 67.14 | N17: 406.8 | O17: 0 | P17: 1.14 | Q17: 10.14
A18: 11/02/2025 10:00 | B18: 61.57 | C18: 56.96 | D18: 76.72 | E18: 7.36 | F18: 2.13 | G18: 91.72 | H18: 36.3 | I18: Invalid | J18: 0.75 | K18: 213.16 | L18: 23.8 | M18: 56.24 | N18: 606.4 | O18: 0 | P18: 1.03 | Q18: 10.09
A19: 11/02/2025 11:00 | B19: 42.84 | C19: 65.45 | D19: 63.5 | E19: 13.94 | F19: 33.08 | G19: 72.28 | H19: 34.01 | I19: Invalid | J19: 0.62 | K19: 274.13 | L19: 28.82 | M19: 51.41 | N19: 733.2 | O19: 0 | P19: 0.91 | Q19: 10.01
A20: 11/02/2025 12:00 | B20: 3.62 | C20: 66.64 | D20: 36.02 | E20: 11.02 | F20: 12.29 | G20: 71.53 | H20: 30.5 | I20: Invalid | J20: 0.66 | K20: 288.7 | L20: 29.18 | M20: 41.37 | N20: 768.3 | O20: 0 | P20: 0.8 | Q20: 9.67
... A32: 11/02/2025 24:00 | B32: 80.09 | C32: 56.59 | D32: 91.96 | E32: 7.33 | F32: 2.13 | G32: 134.4 | H32: 38.92 | I32: Invalid | J32: 0.39 | K32: 328.47 | L32: 19.34 | M32: 76.24 | N32: 79 | O32: 0 | P32: 1.49 | Q32: 9.87
A34: Min | B34: =MIN(B9:B32) -> 3.62 | C34: =MIN(C9:C32) -> 49.52 | D34: =MIN(D9:D32) -> 30.4 | E34: =MIN(E9:E32) -> 6.41 | F34: =MIN(F9:F32) -> 2.13 | G34: =MIN(G9:G32) -> 62.36 | H34: =MIN(H9:H32) -> 24.8 | I34: =MIN(I9:I32) -> 0 | ... Q34: =MIN(Q9:Q32) -> 9.44
A35: Max | B35: =MAX(B9:B32) -> 163.19 | C35: =MAX(C9:C32) -> 69.28 | D35: =MAX(D9:D32) -> 165.68 | E35: =MAX(E9:E32) -> 14.94 | F35: =MAX(F9:F32) -> 33.08 | G35: =MAX(G9:G32) -> 197.86 | H35: =MAX(H9:H32) -> 73.42 | I35: =MAX(I9:I32) -> 0 | ... Q35: =MAX(Q9:Q32) -> 10.8
A36: Avg | B36: =AVERAGE(B9:B32) -> 57.805833 | C36: =AVERAGE(C9:C32) -> 57.417917 | D36: =AVERAGE(D9:D32) -> 74.573333 | E36: =AVERAGE(E9:E32) -> 8.5708333 | F36: =AVERAGE(F9:F32) -> 4.1079167 | G36: =AVERAGE(G9:G32) -> 102.53375 | H36: =AVERAGE(H9:H32) -> 36.194167 | I36: =AVERAGE(I9:I32) -> #DIV/0! | ... Q36: =AVERAGE(Q9:Q32) -> 9.9425
A37: Stdev | B37: =STDEV(B9:B32) -> 47.494307 | C37: =STDEV(C9:C32) -> 4.8801256 | D37: =STDEV(D9:D32) -> 38.33743 | E37: =STDEV(E9:E32) -> 2.4590329 | F37: =STDEV(F9:F32) -> 6.5205501 | G37: =STDEV(G9:G32) -> 35.83532 | H37: =STDEV(H9:H32) -> 11.833122 | I37: =STDEV(I9:I32) -> #DIV/0! | ... Q37: =STDEV(Q9:Q32) -> 0.39438725
A38: Num | B38: =COUNT(B9:B32) -> 24 | C38: =COUNT(C9:C32) -> 24 | D38: =COUNT(D9:D32) -> 24 | E38: =COUNT(E9:E32) -> 24 | F38: =COUNT(F9:F32) -> 24 | G38: =COUNT(G9:G32) -> 24 | H38: =COUNT(H9:H32) -> 24 | I38: =COUNT(I9:I32) -> 0 | ... Q38: =COUNT(Q9:Q32) -> 24
A39: DCR | B39: =IF(B38>=22,">90%",IF(B38<=22,"<90%")) -> >90% | C39: =IF(C38>=22,">90%",IF(C38<=22,"<90%")) -> >90% | D39: =IF(D38>=22,">90%",IF(D38<=22,"<90%")) -> >90% | E39: =IF(E38>=22,">90%",IF(E38<=22,"<90%")) -> >90% | F39: =IF(F38>=22,">90%",IF(F38<=22,"<90%")) -> >90% | G39: =IF(G38>=22,">90%",IF(G38<=22,"<90%")) -> >90% | H39: =IF(H38>=22,">90%",IF(H38<=22,"<90%")) -> >90% | I39: =IF(I38>=22,">90%",IF(I38<=22,"<90%")) -> <90% | ... Q39: =IF(Q38>=22,">90%",IF(Q38<=22,"<90%")) -> >90%
A40: Status | B40: =IF(B38>=22,"OK",IF(B38<=22,"LESS")) -> OK | C40: =IF(C38>=22,"OK",IF(C38<=22,"LESS")) -> OK | D40: =IF(D38>=22,"OK",IF(D38<=22,"LESS")) -> OK | E40: =IF(E38>=22,"OK",IF(E38<=22,"LESS")) -> OK | F40: =IF(F38>=22,"OK",IF(F38<=22,"LESS")) -> OK | G40: =IF(G38>=22,"OK",IF(G38<=22,"LESS")) -> OK | H40: =IF(H38>=22,"OK",IF(H38<=22,"LESS")) -> OK | I40: =IF(I38>=22,"OK",IF(I38<=22,"LESS")) -> LESS | ... Q40: =IF(Q38>=22,"OK",IF(Q38<=22,"LESS")) -> OK
A43: Done by | B43: RAHUL
A45: Comment

Sheet 12
A1: Station: | B1: BHATAGAON RAIPUR
A2: Date: | B2: =$A$9 -> 12/02/2025 01:00 | D2: Power Off | G2: Pw.Off | L2: Link Fail | N2: Link F | P2: Maintenance | R2: Maint.
A3: Report Type: | B3: Mean | D3: Calibration | G3: Calib. | L3: Data Fail | N3: Data F | P3: Invalid | R3: Invalid
A4: Time Base: | B4: 01 Hour | D4: Zero Referrence | G4: Z.Ref | L4: Warm Up | N4: Wm. Up
A7: Date & Time | B7: NO_BHATAGAON | C7: NO2__BHATAGAON | D7: NOX_BHATAGAON | E7: SO2__BHATAGAON | F7: O3__BHATAGAON | G7: PM10__BHATAGAON | H7: PM2_5__BHATAGAON | I7: BENZ__BHATAGAON | J7: WS__BHATAGAON | K7: WD__BHATAGAON | L7: TEMP__BHATAGAON | M7: HUM__BHATAGAON | N7: SR__BHATAGAON | O7: RG__BHATAGAON | P7: CO__BHATAGAON | Q7: NH3__BHATAGAON
B8: ug/m3 | C8: ug/m3 | D8: ppb | E8: ug/m3 | F8: ug/m3 | G8: mg/m3 | H8: ug/m3 | I8: ug/m3 | J8: m/sec | K8: deg | L8: degreC | M8: % | N8: w/m2 | O8: mm | P8: ug/m3 | Q8: ug/m3
A9: 12/02/2025 01:00 | B9: 82.27 | C9: 56.94 | D9: 93.55 | E9: 6.74 | F9: 2.18 | G9: 129.48 | H9: 38.39 | I9: Invalid | J9: 0.76 | K9: 336.73 | L9: 18.5 | M9: 80.85 | N9: 79 | O9: 0 | P9: 1.43 | Q9: 9.87
A10: 12/02/2025 02:00 | B10: 78.89 | C10: 55.14 | D10: 90.69 | E10: 6.27 | F10: 2.13 | G10: 115.79 | H10: 36.4 | I10: Invalid | J10: 0.86 | K10: 340.18 | L10: 18.77 | M10: 80.43 | N10: 78.8 | O10: 0 | P10: 1.18 | Q10: 9.88
A11: 12/02/2025 03:00 | B11: 63.9 | C11: 53.26 | D11: 77.69 | E11: 6.08 | F11: 2.13 | G11: 91.06 | H11: 34.87 | I11: Invalid | J11: 1.36 | K11: 343.52 | L11: 19.01 | M11: 72.53 | N11: 78.7 | O11: 0 | P11: 1.08 | Q11: 9.86
A12: 12/02/2025 04:00 | B12: 50.76 | C12: 52.06 | D12: 66.53 | E12: 5.93 | F12: 2.13 | G12: 86.04 | H12: 32.07 | I12: Invalid | J12: 1.06 | K12: 356.57 | L12: 18.96 | M12: 74.48 | N12: 78.9 | O12: 0 | P12: 0.83 | Q12: 9.81
A13: 12/02/2025 05:00 | B13: 43.17 | C13: 49.87 | D13: 59.03 | E13: 5.6 | F13: 2.13 | G13: 83.94 | H13: 32.35 | I13: Invalid | J13: 0.66 | K13: 347.04 | L13: 18.21 | M13: 73.09 | N13: 78.9 | O13: 0 | P13: 0.82 | Q13: 9.7
A14: 12/02/2025 06:00 | B14: 39.6 | C14: 54.67 | D14: 58.93 | E14: 6.07 | F14: 2.13 | G14: 94.51 | H14: 40.89 | I14: Invalid | J14: 0.63 | K14: 294.84 | L14: 18.05 | M14: 77.13 | N14: 78.6 | O14: 0 | P14: 0.87 | Q14: 9.67
A15: 12/02/2025 07:00 | B15: 38.41 | C15: 52.78 | D15: 57 | E15: 6.06 | F15: 2.13 | G15: 109.25 | H15: 51.54 | I15: Invalid | J15: 0.81 | K15: 225.63 | L15: 17.61 | M15: 82.78 | N15: 98.7 | O15: 0 | P15: 0.85 | Q15: 9.67
A16: 12/02/2025 08:00 | B16: 35.84 | C16: 50.79 | D16: 53.89 | E16: 8.15 | F16: 2.13 | G16: 105.67 | H16: 41.9 | I16: Invalid | J16: 1.14 | K16: 202.34 | L16: 18.88 | M16: 85.65 | N16: 224.7 | O16: 0 | P16: 0.86 | Q16: 9.68
A17: 12/02/2025 09:00 | B17: 32.57 | C17: 47.85 | D17: 48.78 | E17: 7.27 | F17: 2.13 | G17: 99.4 | H17: 40.32 | I17: Invalid | J17: 0.96 | K17: 212.74 | L17: 22.58 | M17: 74.9 | N17: 435.2 | O17: 0 | P17: 0.85 | Q17: 9.64
A18: 12/02/2025 10:00 | B18: 26.82 | C18: 56.82 | D18: 46.12 | E18: 7.6 | F18: 2.13 | G18: 94.66 | H18: 36.5 | I18: Invalid | J18: 0.94 | K18: 282.13 | L18: 26.3 | M18: 59.59 | N18: 652.7 | O18: 0 | P18: 0.82 | Q18: 9.59
A19: 12/02/2025 11:00 | B19: 14.5 | C19: 61.26 | D19: 41.03 | E19: 7.8 | F19: 2.34 | G19: 89.86 | H19: 32.91 | I19: Invalid | J19: 0.93 | K19: 273.4 | L19: 28.39 | M19: 49.1 | N19: 809.2 | O19: 0 | P19: 0.73 | Q19: 9.6
A20: 12/02/2025 12:00 | B20: 5.3 | C20: 61.51 | D20: 34.43 | E20: 8.27 | F20: 2.42 | G20: 85.16 | H20: 32.39 | I20: Invalid | J20: 1.17 | K20: 296.83 | L20: 30.96 | M20: 42 | N20: 857.3 | O20: 0 | P20: 0.68 | Q20: 9.42
... A32: 12/02/2025 24:00 | B32: 20.14 | C32: 55.52 | D32: 43.64 | E32: 7.49 | F32: 2.13 | G32: 60.56 | H32: 19.02 | I32: Invalid | J32: 1.67 | K32: 337.74 | L32: 19.32 | M32: 45.11 | N32: 74.8 | O32: 0 | P32: 0.78 | Q32: 9.55
A34: Min | B34: =MIN(B9:B32) -> 4.02 | C34: =MIN(C9:C32) -> 47.85 | D34: =MIN(D9:D32) -> 28.91 | E34: =MIN(E9:E32) -> 5.6 | F34: =MIN(F9:F32) -> 2.13 | G34: =MIN(G9:G32) -> 43.47 | H34: =MIN(H9:H32) -> 11.03 | I34: =MIN(I9:I32) -> 0 | ... Q34: =MIN(Q9:Q32) -> 9.18
A35: Max | B35: =MAX(B9:B32) -> 82.27 | C35: =MAX(C9:C32) -> 61.51 | D35: =MAX(D9:D32) -> 93.55 | E35: =MAX(E9:E32) -> 8.27 | F35: =MAX(F9:F32) -> 3.84 | G35: =MAX(G9:G32) -> 129.48 | H35: =MAX(H9:H32) -> 51.54 | I35: =MAX(I9:I32) -> 0 | ... Q35: =MAX(Q9:Q32) -> 9.88
A36: Avg | B36: =AVERAGE(B9:B32) -> 25.66625 | C36: =AVERAGE(C9:C32) -> 54.535417 | D36: =AVERAGE(D9:D32) -> 47.35375 | E36: =AVERAGE(E9:E32) -> 7.1483333 | F36: =AVERAGE(F9:F32) -> 2.43125 | G36: =AVERAGE(G9:G32) -> 78.234583 | H36: =AVERAGE(H9:H32) -> 28.4125 | I36: =AVERAGE(I9:I32) -> #DIV/0! | ... Q36: =AVERAGE(Q9:Q32) -> 9.5145833
A37: Stdev | B37: =STDEV(B9:B32) -> 24.105007 | C37: =STDEV(C9:C32) -> 3.2823626 | D37: =STDEV(D9:D32) -> 19.019653 | E37: =STDEV(E9:E32) -> 0.7609643 | F37: =STDEV(F9:F32) -> 0.53813941 | G37: =STDEV(G9:G32) -> 24.500346 | H37: =STDEV(H9:H32) -> 11.344867 | I37: =STDEV(I9:I32) -> #DIV/0! | ... Q37: =STDEV(Q9:Q32) -> 0.22627377
A38: Num | B38: =COUNT(B9:B32) -> 24 | C38: =COUNT(C9:C32) -> 24 | D38: =COUNT(D9:D32) -> 24 | E38: =COUNT(E9:E32) -> 24 | F38: =COUNT(F9:F32) -> 24 | G38: =COUNT(G9:G32) -> 24 | H38: =COUNT(H9:H32) -> 24 | I38: =COUNT(I9:I32) -> 0 | ... Q38: =COUNT(Q9:Q32) -> 24
A39: DCR | B39: =IF(B38>=22,">90%",IF(B38<=22,"<90%")) -> >90% | C39: =IF(C38>=22,">90%",IF(C38<=22,"<90%")) -> >90% | D39: =IF(D38>=22,">90%",IF(D38<=22,"<90%")) -> >90% | E39: =IF(E38>=22,">90%",IF(E38<=22,"<90%")) -> >90% | F39: =IF(F38>=22,">90%",IF(F38<=22,"<90%")) -> >90% | G39: =IF(G38>=22,">90%",IF(G38<=22,"<90%")) -> >90% | H39: =IF(H38>=22,">90%",IF(H38<=22,"<90%")) -> >90% | I39: =IF(I38>=22,">90%",IF(I38<=22,"<90%")) -> <90% | ... Q39: =IF(Q38>=22,">90%",IF(Q38<=22,"<90%")) -> >90%
A40: Status | B40: =IF(B38>=22,"OK",IF(B38<=22,"LESS")) -> OK | C40: =IF(C38>=22,"OK",IF(C38<=22,"LESS")) -> OK | D40: =IF(D38>=22,"OK",IF(D38<=22,"LESS")) -> OK | E40: =IF(E38>=22,"OK",IF(E38<=22,"LESS")) -> OK | F40: =IF(F38>=22,"OK",IF(F38<=22,"LESS")) -> OK | G40: =IF(G38>=22,"OK",IF(G38<=22,"LESS")) -> OK | H40: =IF(H38>=22,"OK",IF(H38<=22,"LESS")) -> OK | I40: =IF(I38>=22,"OK",IF(I38<=22,"LESS")) -> LESS | ... Q40: =IF(Q38>=22,"OK",IF(Q38<=22,"LESS")) -> OK
A43: Done by | B43: RAHUL
A45: Comment

Sheet 13
A1: Station: | B1: BHATAGAON RAIPUR
A2: Date: | B2: =$A$9 -> 13/02/2025 01:00 | D2: Power Off | G2: Pw.Off | L2: Link Fail | N2: Link F | P2: Maintenance | R2: Maint.
A3: Report Type: | B3: Mean | D3: Calibration | G3: Calib. | L3: Data Fail | N3: Data F | P3: Invalid | R3: Invalid
A4: Time Base: | B4: 01 Hour | D4: Zero Referrence | G4: Z.Ref | L4: Warm Up | N4: Wm. Up
A7: Date & Time | B7: NO_BHATAGAON | C7: NO2__BHATAGAON | D7: NOX_BHATAGAON | E7: SO2__BHATAGAON | F7: O3__BHATAGAON | G7: PM10__BHATAGAON | H7: PM2_5__BHATAGAON | I7: BENZ__BHATAGAON | J7: WS__BHATAGAON | K7: WD__BHATAGAON | L7: TEMP__BHATAGAON | M7: HUM__BHATAGAON | N7: SR__BHATAGAON | O7: RG__BHATAGAON | P7: CO__BHATAGAON | Q7: NH3__BHATAGAON
B8: ug/m3 | C8: ug/m3 | D8: ppb | E8: ug/m3 | F8: ug/m3 | G8: mg/m3 | H8: ug/m3 | I8: ug/m3 | J8: m/sec | K8: deg | L8: degreC | M8: % | N8: w/m2 | O8: mm | P8: ug/m3 | Q8: ug/m3
A9: 13/02/2025 01:00 | B9: 16.84 | C9: 54.95 | D9: 40.83 | E9: 5.4 | F9: 2.13 | G9: 68.38 | H9: 21.01 | I9: Invalid | J9: 1.83 | K9: 350.94 | L9: 18.95 | M9: 41.42 | N9: 74.6 | O9: 0 | P9: 0.77 | Q9: 9.56
A10: 13/02/2025 02:00 | B10: 13.11 | C10: 52.29 | D10: 36.45 | E10: 5.46 | F10: 2.13 | G10: 71.2 | H10: 27.75 | I10: Invalid | J10: 1.77 | K10: 352.29 | L10: 18.37 | M10: 39.24 | N10: 74.5 | O10: 0 | P10: 0.65 | Q10: 9.54
A11: 13/02/2025 03:00 | B11: 11.08 | C11: 48.6 | D11: 32.9 | E11: 5.05 | F11: 2.13 | G11: 66.01 | H11: 33.72 | I11: Invalid | J11: 1.74 | K11: 352.48 | L11: 17.78 | M11: 44.46 | N11: 74.9 | O11: 0 | P11: 0.55 | Q11: 9.4
A12: 13/02/2025 04:00 | B12: 10.02 | C12: 46.7 | D12: 30.98 | E12: 5.51 | F12: 2.13 | G12: 65.7 | H12: 24.9 | I12: Invalid | J12: 0.76 | K12: 296 | L12: 16.18 | M12: 51.61 | N12: 75.2 | O12: 0 | P12: 0.58 | Q12: 9.31
A13: 13/02/2025 05:00 | B13: 11.97 | C13: 47.56 | D13: 33.07 | E13: 5.9 | F13: 2.13 | G13: 77.17 | H13: 29.46 | I13: Invalid | J13: 0.78 | K13: 345.31 | L13: 15.43 | M13: 52.38 | N13: 74.8 | O13: 0 | P13: 0.61 | Q13: 9.39
A14: 13/02/2025 06:00 | B14: 14.37 | C14: 49.21 | D14: 35.6 | E14: 5.94 | F14: 2.14 | G14: 81.5 | H14: 31.09 | I14: Invalid | J14: 1.33 | K14: 358.79 | L14: 15.47 | M14: 51.92 | N14: 75.3 | O14: 0 | P14: 0.62 | Q14: 9.49
A15: 13/02/2025 07:00 | B15: 20.06 | C15: 49.81 | D15: 40.73 | E15: 5.8 | F15: 2.13 | G15: 79.1 | H15: 31.08 | I15: Invalid | J15: 1.09 | K15: 357.6 | L15: 15.14 | M15: 53.83 | N15: 97.6 | O15: 0 | P15: 0.67 | Q15: 9.52
A16: 13/02/2025 08:00 | B16: 24.84 | C16: 53.86 | D16: 46.68 | E16: 6.53 | F16: 2.13 | G16: 85.22 | H16: 31.68 | I16: Invalid | J16: 1.49 | K16: 359.29 | L16: 19.43 | M16: 51.53 | N16: 303.7 | O16: 0 | P16: 0.76 | Q16: 9.52
A17: 13/02/2025 09:00 | B17: 26.95 | C17: 56.4 | D17: 49.7 | E17: 6.06 | F17: 2.13 | G17: 86.71 | H17: 31.88 | I17: Invalid | J17: 1.8 | K17: 355.44 | L17: 25.18 | M17: 36.91 | N17: 547 | O17: 0 | P17: 0.78 | Q17: 9.57
A18: 13/02/2025 10:00 | B18: 26.87 | C18: 60.64 | D18: 50.31 | E18: 6.01 | F18: 2.13 | G18: 91.05 | H18: 28.28 | I18: Invalid | J18: 1.93 | K18: 358.06 | L18: 26.86 | M18: 30.75 | N18: 711.5 | O18: 0 | P18: 0.76 | Q18: 9.59
A19: 13/02/2025 11:00 | B19: 24.3 | C19: 74.8 | D19: 52.3 | E19: 9.04 | F19: 2.13 | G19: 88.91 | H19: 28.1 | I19: Invalid | J19: 1.68 | K19: 359.99 | L19: 28.37 | M19: 27.17 | N19: 844 | O19: 0 | P19: 0.78 | Q19: 9.61
A20: 13/02/2025 12:00 | B20: 16.26 | C20: 82.01 | D20: 52.32 | E20: 10.18 | F20: 3.89 | G20: 93.63 | H20: 28.11 | I20: Invalid | J20: 2.52 | K20: 352.69 | L20: 29.17 | M20: 23.73 | N20: 929.8 | O20: 0 | P20: 0.76 | Q20: 9.55
... A32: 13/02/2025 24:00 | B32: 22.06 | C32: 60.01 | D32: 47.67 | E32: 6.34 | F32: 2.13 | G32: 52.18 | H32: 16.56 | I32: Invalid | J32: 2.55 | K32: 347.79 | L32: 17.03 | M32: 36.51 | N32: 85.5 | O32: 0 | P32: 0.72 | Q32: 9.69
A34: Min | B34: =MIN(B9:B32) -> 4.15 | C34: =MIN(C9:C32) -> 46.7 | D34: =MIN(D9:D32) -> 30.98 | E34: =MIN(E9:E32) -> 5.05 | F34: =MIN(F9:F32) -> 2.13 | G34: =MIN(G9:G32) -> 36.96 | H34: =MIN(H9:H32) -> 11.01 | I34: =MIN(I9:I32) -> 0 | ... Q34: =MIN(Q9:Q32) -> 9.29
A35: Max | B35: =MAX(B9:B32) -> 49.23 | C35: =MAX(C9:C32) -> 82.57 | D35: =MAX(D9:D32) -> 73.36 | E35: =MAX(E9:E32) -> 10.18 | F35: =MAX(F9:F32) -> 7.41 | G35: =MAX(G9:G32) -> 171.29 | H35: =MAX(H9:H32) -> 33.72 | I35: =MAX(I9:I32) -> 0 | ... Q35: =MAX(Q9:Q32) -> 9.73
A36: Avg | B36: =AVERAGE(B9:B32) -> 18.531667 | C36: =AVERAGE(C9:C32) -> 61.582917 | D36: =AVERAGE(D9:D32) -> 45.24625 | E36: =AVERAGE(E9:E32) -> 6.56625 | F36: =AVERAGE(F9:F32) -> 3.1820833 | G36: =AVERAGE(G9:G32) -> 80.024583 | H36: =AVERAGE(H9:H32) -> 24.339583 | I36: =AVERAGE(I9:I32) -> #DIV/0! | ... Q36: =AVERAGE(Q9:Q32) -> 9.50875
A37: Stdev | B37: =STDEV(B9:B32) -> 12.823387 | C37: =STDEV(C9:C32) -> 10.520814 | D37: =STDEV(D9:D32) -> 11.875844 | E37: =STDEV(E9:E32) -> 1.2590742 | F37: =STDEV(F9:F32) -> 1.7807008 | G37: =STDEV(G9:G32) -> 31.74551 | H37: =STDEV(H9:H32) -> 6.6499255 | I37: =STDEV(I9:I32) -> #DIV/0! | ... Q37: =STDEV(Q9:Q32) -> 0.12739232
A38: Num | B38: =COUNT(B9:B32) -> 24 | C38: =COUNT(C9:C32) -> 24 | D38: =COUNT(D9:D32) -> 24 | E38: =COUNT(E9:E32) -> 24 | F38: =COUNT(F9:F32) -> 24 | G38: =COUNT(G9:G32) -> 24 | H38: =COUNT(H9:H32) -> 24 | I38: =COUNT(I9:I32) -> 0 | ... Q38: =COUNT(Q9:Q32) -> 24
A39: DCR | B39: =IF(B38>=22,">90%",IF(B38<=22,"<90%")) -> >90% | C39: =IF(C38>=22,">90%",IF(C38<=22,"<90%")) -> >90% | D39: =IF(D38>=22,">90%",IF(D38<=22,"<90%")) -> >90% | E39: =IF(E38>=22,">90%",IF(E38<=22,"<90%")) -> >90% | F39: =IF(F38>=22,">90%",IF(F38<=22,"<90%")) -> >90% | G39: =IF(G38>=22,">90%",IF(G38<=22,"<90%")) -> >90% | H39: =IF(H38>=22,">90%",IF(H38<=22,"<90%")) -> >90% | I39: =IF(I38>=22,">90%",IF(I38<=22,"<90%")) -> <90% | ... Q39: =IF(Q38>=22,">90%",IF(Q38<=22,"<90%")) -> >90%
A40: Status | B40: =IF(B38>=22,"OK",IF(B38<=22,"LESS")) -> OK | C40: =IF(C38>=22,"OK",IF(C38<=22,"LESS")) -> OK | D40: =IF(D38>=22,"OK",IF(D38<=22,"LESS")) -> OK | E40: =IF(E38>=22,"OK",IF(E38<=22,"LESS")) -> OK | F40: =IF(F38>=22,"OK",IF(F38<=22,"LESS")) -> OK | G40: =IF(G38>=22,"OK",IF(G38<=22,"LESS")) -> OK | H40: =IF(H38>=22,"OK",IF(H38<=22,"LESS")) -> OK | I40: =IF(I38>=22,"OK",IF(I38<=22,"LESS")) -> LESS | ... Q40: =IF(Q38>=22,"OK",IF(Q38<=22,"LESS")) -> OK
A43: Done by | B43: RAHUL
A45: Comment

Sheet 14
A1: Station: | B1: BHATAGAON RAIPUR
A2: Date: | B2: =$A$9 -> 14/02/2025 01:00 | D2: Power Off | G2: Pw.Off | L2: Link Fail | N2: Link F | P2: Maintenance | R2: Maint.
A3: Report Type: | B3: Mean | D3: Calibration | G3: Calib. | L3: Data Fail | N3: Data F | P3: Invalid | R3: Invalid
A4: Time Base: | B4: 01 Hour | D4: Zero Referrence | G4: Z.Ref | L4: Warm Up | N4: Wm. Up
A7: Date & Time | B7: NO_BHATAGAON | C7: NO2__BHATAGAON | D7: NOX_BHATAGAON | E7: SO2__BHATAGAON | F7: O3__BHATAGAON | G7: PM10__BHATAGAON | H7: PM2_5__BHATAGAON | I7: BENZ__BHATAGAON | J7: WS__BHATAGAON | K7: WD__BHATAGAON | L7: TEMP__BHATAGAON | M7: HUM__BHATAGAON | N7: SR__BHATAGAON | O7: RG__BHATAGAON | P7: CO__BHATAGAON | Q7: NH3__BHATAGAON
B8: ug/m3 | C8: ug/m3 | D8: ppb | E8: ug/m3 | F8: ug/m3 | G8: mg/m3 | H8: ug/m3 | I8: ug/m3 | J8: m/sec | K8: deg | L8: degreC | M8: % | N8: w/m2 | O8: mm | P8: ug/m3 | Q8: ug/m3
A9: 14/02/2025 01:00 | B9: 15.53 | C9: 56.06 | D9: 40.36 | E9: 7.61 | F9: 2.13 | G9: 76.38 | H9: 17.47 | I9: Invalid | J9: 2.38 | K9: 358.09 | L9: 16.74 | M9: 35.3 | N9: 85.6 | O9: 0 | P9: 0.6 | Q9: 9.69
A10: 14/02/2025 02:00 | B10: 10.74 | C10: 54.55 | D10: 35.73 | E10: 6.86 | F10: 2.13 | G10: 55.84 | H10: 18.63 | I10: Invalid | J10: 2.47 | K10: 359.51 | L10: 16.47 | M10: 34.52 | N10: 85.4 | O10: 0 | P10: 0.53 | Q10: 9.7
A11: 14/02/2025 03:00 | B11: 6.49 | C11: 49.38 | D11: 29.62 | E11: 6.57 | F11: 2.13 | G11: 41.4 | H11: 16.51 | I11: Invalid | J11: 2.29 | K11: 359.96 | L11: 15.72 | M11: 36.37 | N11: 85.4 | O11: 0 | P11: 0.48 | Q11: 9.56
A12: 14/02/2025 04:00 | B12: 6.44 | C12: 45.97 | D12: 27.81 | E12: 6.35 | F12: 2.13 | G12: 37.6 | H12: 13.55 | I12: Invalid | J12: 1.81 | K12: 356.28 | L12: 14.97 | M12: 40.41 | N12: 85.4 | O12: 0 | P12: 0.43 | Q12: 9.67
A13: 14/02/2025 05:00 | B13: 10.57 | C13: 49.67 | D13: 33.05 | E13: 7.17 | F13: 2.13 | G13: 50.31 | H13: 11.84 | I13: Invalid | J13: 1.22 | K13: 359.49 | L13: 13.96 | M13: 46.31 | N13: 85.8 | O13: 0 | P13: 0.47 | Q13: 9.92
A14: 14/02/2025 06:00 | B14: 14.55 | C14: 49.99 | D14: 36.27 | E14: 6.94 | F14: 2.13 | G14: 77.35 | H14: 17.47 | I14: Invalid | J14: 0.93 | K14: 231.49 | L14: 12.91 | M14: 59.52 | N14: 85.6 | O14: 0 | P14: 0.48 | Q14: 9.98
A15: 14/02/2025 07:00 | B15: 22.09 | C15: 48.89 | D15: 41.81 | E15: 6.85 | F15: 2.13 | G15: 93.19 | H15: 25.26 | I15: Invalid | J15: 0.79 | K15: 295.53 | L15: 11.08 | M15: 63.38 | N15: 106.5 | O15: 0 | P15: 0.51 | Q15: 10.08
A16: 14/02/2025 08:00 | B16: 24.25 | C16: 48.67 | D16: 43.41 | E16: 6.78 | F16: 2.13 | G16: 87.18 | H16: 26.83 | I16: Invalid | J16: 1.12 | K16: 219.43 | L16: 15.05 | M16: 61.45 | N16: 367.6 | O16: 0 | P16: 0.53 | Q16: 10.2
A17: 14/02/2025 09:00 | B17: 21.56 | C17: 48.6 | D17: 40.88 | E17: 5.57 | F17: 2.13 | G17: 73.82 | H17: 25.54 | I17: Invalid | J17: 1.12 | K17: 252.07 | L17: 20.65 | M17: 44.49 | N17: 621.2 | O17: 0 | P17: 0.52 | Q17: 10.2
A18: 14/02/2025 10:00 | B18: 19 | C18: 51.67 | D18: 40.14 | E18: 5.76 | F18: 2.13 | G18: 80.53 | H18: 24.71 | I18: Invalid | J18: 1.03 | K18: 129.03 | L18: 23.42 | M18: 30.58 | N18: 842.2 | O18: 0 | P18: 0.53 | Q18: 10.12
A19: 14/02/2025 11:00 | B19: 16.52 | C19: 53.44 | D19: 39.09 | E19: 5.42 | F19: 2.13 | G19: 91.74 | H19: 24.14 | I19: Invalid | J19: 1.28 | K19: 119.6 | L19: 23.41 | M19: 22.33 | N19: 1010.3 | O19: 0 | P19: 0.53 | Q19: 10.17
A20: 14/02/2025 12:00 | B20: 10.39 | C20: 54.83 | D20: 34.86 | E20: 5.43 | F20: 2.13 | G20: 68.75 | H20: 22.42 | I20: Invalid | J20: 0.87 | K20: 310.59 | L20: 26.44 | M20: 15.95 | N20: 1016.4 | O20: 0 | P20: 0.5 | Q20: 10.16
... A32: 14/02/2025 24:00 | B32: 59.45 | C32: 62.64 | D32: 78.95 | E32: 7.82 | F32: 2.13 | G32: 88.15 | H32: 40.89 | I32: Invalid | J32: 0.66 | K32: 323.04 | L32: 14.67 | M32: 54.29 | N32: 78 | O32: 0 | P32: 1.08 | Q32: 10.15
A34: Min | B34: =MIN(B9:B32) -> 6.44 | C34: =MIN(C9:C32) -> 45.97 | D34: =MIN(D9:D32) -> 27.81 | E34: =MIN(E9:E32) -> 5 | F34: =MIN(F9:F32) -> 2.13 | G34: =MIN(G9:G32) -> 37.6 | H34: =MIN(H9:H32) -> 11.84 | I34: =MIN(I9:I32) -> 0 | ... Q34: =MIN(Q9:Q32) -> 9.56
A35: Max | B35: =MAX(B9:B32) -> 59.45 | C35: =MAX(C9:C32) -> 65.61 | D35: =MAX(D9:D32) -> 78.95 | E35: =MAX(E9:E32) -> 8.49 | F35: =MAX(F9:F32) -> 2.21 | G35: =MAX(G9:G32) -> 222.77 | H35: =MAX(H9:H32) -> 53.58 | I35: =MAX(I9:I32) -> 0 | ... Q35: =MAX(Q9:Q32) -> 10.29
A36: Avg | B36: =AVERAGE(B9:B32) -> 21.48875 | C36: =AVERAGE(C9:C32) -> 55.787917 | D36: =AVERAGE(D9:D32) -> 44.81125 | E36: =AVERAGE(E9:E32) -> 6.47125 | F36: =AVERAGE(F9:F32) -> 2.1341667 | G36: =AVERAGE(G9:G32) -> 77.855417 | H36: =AVERAGE(H9:H32) -> 22.3275 | I36: =AVERAGE(I9:I32) -> #DIV/0! | ... Q36: =AVERAGE(Q9:Q32) -> 10.037083
A37: Stdev | B37: =STDEV(B9:B32) -> 16.893614 | C37: =STDEV(C9:C32) -> 5.9676512 | D37: =STDEV(D9:D32) -> 15.784729 | E37: =STDEV(E9:E32) -> 1.0025763 | F37: =STDEV(F9:F32) -> 0.016659419 | G37: =STDEV(G9:G32) -> 38.482759 | H37: =STDEV(H9:H32) -> 9.6689958 | I37: =STDEV(I9:I32) -> #DIV/0! | ... Q37: =STDEV(Q9:Q32) -> 0.19447765
A38: Num | B38: =COUNT(B9:B32) -> 24 | C38: =COUNT(C9:C32) -> 24 | D38: =COUNT(D9:D32) -> 24 | E38: =COUNT(E9:E32) -> 24 | F38: =COUNT(F9:F32) -> 24 | G38: =COUNT(G9:G32) -> 24 | H38: =COUNT(H9:H32) -> 24 | I38: =COUNT(I9:I32) -> 0 | ... Q38: =COUNT(Q9:Q32) -> 24
A39: DCR | B39: =IF(B38>=22,">90%",IF(B38<=22,"<90%")) -> >90% | C39: =IF(C38>=22,">90%",IF(C38<=22,"<90%")) -> >90% | D39: =IF(D38>=22,">90%",IF(D38<=22,"<90%")) -> >90% | E39: =IF(E38>=22,">90%",IF(E38<=22,"<90%")) -> >90% | F39: =IF(F38>=22,">90%",IF(F38<=22,"<90%")) -> >90% | G39: =IF(G38>=22,">90%",IF(G38<=22,"<90%")) -> >90% | H39: =IF(H38>=22,">90%",IF(H38<=22,"<90%")) -> >90% | I39: =IF(I38>=22,">90%",IF(I38<=22,"<90%")) -> <90% | ... Q39: =IF(Q38>=22,">90%",IF(Q38<=22,"<90%")) -> >90%
A40: Status | B40: =IF(B38>=22,"OK",IF(B38<=22,"LESS")) -> OK | C40: =IF(C38>=22,"OK",IF(C38<=22,"LESS")) -> OK | D40: =IF(D38>=22,"OK",IF(D38<=22,"LESS")) -> OK | E40: =IF(E38>=22,"OK",IF(E38<=22,"LESS")) -> OK | F40: =IF(F38>=22,"OK",IF(F38<=22,"LESS")) -> OK | G40: =IF(G38>=22,"OK",IF(G38<=22,"LESS")) -> OK | H40: =IF(H38>=22,"OK",IF(H38<=22,"LESS")) -> OK | I40: =IF(I38>=22,"OK",IF(I38<=22,"LESS")) -> LESS | ... Q40: =IF(Q38>=22,"OK",IF(Q38<=22,"LESS")) -> OK
A43: Done by | B43: RAHUL
A45: Comment

Sheet 15
A1: Station: | B1: BHATAGAON RAIPUR
A2: Date: | B2: =$A$9 -> 15/02/2025 01:00 | D2: Power Off | G2: Pw.Off | L2: Link Fail | N2: Link F | P2: Maintenance | R2: Maint.
A3: Report Type: | B3: Mean | D3: Calibration | G3: Calib. | L3: Data Fail | N3: Data F | P3: Invalid | R3: Invalid
A4: Time Base: | B4: 01 Hour | D4: Zero Referrence | G4: Z.Ref | L4: Warm Up | N4: Wm. Up
A7: Date & Time | B7: NO_BHATAGAON | C7: NO2__BHATAGAON | D7: NOX_BHATAGAON | E7: SO2__BHATAGAON | F7: O3__BHATAGAON | G7: PM10__BHATAGAON | H7: PM2_5__BHATAGAON | I7: BENZ__BHATAGAON | J7: WS__BHATAGAON | K7: WD__BHATAGAON | L7: TEMP__BHATAGAON | M7: HUM__BHATAGAON | N7: SR__BHATAGAON | O7: RG__BHATAGAON | P7: CO__BHATAGAON | Q7: NH3__BHATAGAON
B8: ug/m3 | C8: ug/m3 | D8: ppb | E8: ug/m3 | F8: ug/m3 | G8: mg/m3 | H8: ug/m3 | I8: ug/m3 | J8: m/sec | K8: deg | L8: degreC | M8: % | N8: w/m2 | O8: mm | P8: ug/m3 | Q8: ug/m3
A9: 15/02/2025 01:00 | B9: 59.71 | C9: 62.04 | D9: 78.92 | E9: 6.48 | F9: 2.13 | G9: 107.04 | H9: 36.33 | I9: Invalid | J9: 0.52 | K9: 350.37 | L9: 14.38 | M9: 50.61 | N9: 78.1 | O9: 0 | P9: 1.04 | Q9: 10.27
A10: 15/02/2025 02:00 | B10: 49.05 | C10: 58.74 | D10: 68.65 | E10: 5.81 | F10: 2.13 | G10: 64.25 | H10: 31.15 | I10: Invalid | J10: 0.69 | K10: 342.82 | L10: 14.52 | M10: 51.38 | N10: 78.2 | O10: 0 | P10: 0.95 | Q10: 10.25
A11: 15/02/2025 03:00 | B11: 42.11 | C11: 54.87 | D11: 61.06 | E11: 5.52 | F11: 2.13 | G11: 69.63 | H11: 29.73 | I11: Invalid | J11: 1.13 | K11: 350.76 | L11: 14.09 | M11: 51.46 | N11: 77.8 | O11: 0 | P11: 0.84 | Q11: 10.15
A12: 15/02/2025 04:00 | B12: 37.46 | C12: 53.05 | D12: 56.38 | E12: 5.68 | F12: 2.13 | G12: 71.8 | H12: 31.93 | I12: Invalid | J12: 1.16 | K12: 353.93 | L12: 14.3 | M12: 48.04 | N12: 77.8 | O12: 0 | P12: 0.79 | Q12: 10.08
A13: 15/02/2025 05:00 | B13: 33.32 | C13: 51.16 | D13: 52.08 | E13: 6.19 | F13: 2.13 | G13: 84.46 | H13: 35.73 | I13: Invalid | J13: 0.96 | K13: 329.58 | L13: 13.82 | M13: 50.44 | N13: 79.1 | O13: 0 | P13: 0.77 | Q13: 10.09
A14: 15/02/2025 06:00 | B14: 34.88 | C14: 51.01 | D14: 53.05 | E14: 5.89 | F14: 2.13 | G14: 99.61 | H14: 38.71 | I14: Invalid | J14: 0.72 | K14: 263.64 | L14: 13.08 | M14: 51.07 | N14: 78.8 | O14: 0 | P14: 0.75 | Q14: 10.09
A15: 15/02/2025 07:00 | B15: 46.65 | C15: 52.92 | D15: 63.68 | E15: 6.21 | F15: 2.13 | G15: 101.22 | H15: 42.28 | I15: Invalid | J15: 0.69 | K15: 358.14 | L15: 12.63 | M15: 55.14 | N15: 101.2 | O15: 0 | P15: 0.88 | Q15: 10.04
A16: 15/02/2025 08:00 | B16: 62.56 | C16: 55.58 | D16: 77.81 | E16: 8.04 | F16: 2.13 | G16: 132.56 | H16: 46.47 | I16: Invalid | J16: 1.7 | K16: 306.77 | L16: 15.58 | M16: 57.86 | N16: 311.1 | O16: 0 | P16: 0.92 | Q16: 10.04
A17: 15/02/2025 09:00 | B17: 60.73 | C17: 54.99 | D17: 76.06 | E17: 7.47 | F17: 2.13 | G17: 160.06 | H17: 45.21 | I17: Invalid | J17: 1.02 | K17: 190.89 | L17: 19.64 | M17: 58.5 | N17: 538.3 | O17: 0 | P17: 0.87 | Q17: 10.11
A18: 15/02/2025 10:00 | B18: 49.78 | C18: 67.33 | D18: 68.17 | E18: 7.83 | F18: 2.13 | G18: 117.77 | H18: 41.91 | I18: Invalid | J18: 1.19 | K18: 333.57 | L18: 27.45 | M18: 36.09 | N18: 738.1 | O18: 0 | P18: 0.96 | Q18: 10.1
A19: 15/02/2025 11:00 | B19: 39.54 | C19: 73.44 | D19: 67.11 | E19: 7.55 | F19: 2.13 | G19: 136.28 | H19: 44.95 | I19: Invalid | J19: 0.91 | K19: 100.25 | L19: 25.3 | M19: 25.9 | N19: 923.7 | O19: 0 | P19: 0.98 | Q19: 10.08
A20: 15/02/2025 12:00 | B20: 28.21 | C20: 72.82 | D20: 59.21 | E20: 7.1 | F20: 2.13 | G20: 92.69 | H20: 38.17 | I20: Invalid | J20: 1.28 | K20: 104.37 | L20: 28.04 | M20: 24.23 | N20: 939.3 | O20: 0 | P20: 0.92 | Q20: 9.95
... A32: 15/02/2025 24:00 | B32: 39.28 | C32: 71.97 | D32: 67.73 | E32: 7.16 | F32: 2.13 | G32: 78.9 | H32: 24.48 | I32: Invalid | J32: 0.75 | K32: 332.35 | L32: 16.89 | M32: 50.65 | N32: 66.7 | O32: 0 | P32: 0.95 | Q32: 9.9
A34: Min | B34: =MIN(B9:B32) -> 9.94 | C34: =MIN(C9:C32) -> 51.01 | D34: =MIN(D9:D32) -> 39.97 | E34: =MIN(E9:E32) -> 5.5 | F34: =MIN(F9:F32) -> 2.13 | G34: =MIN(G9:G32) -> 41.58 | H34: =MIN(H9:H32) -> 15.74 | I34: =MIN(I9:I32) -> 0 | ... Q34: =MIN(Q9:Q32) -> 9.78
A35: Max | B35: =MAX(B9:B32) -> 65.14 | C35: =MAX(C9:C32) -> 73.47 | D35: =MAX(D9:D32) -> 88.79 | E35: =MAX(E9:E32) -> 8.69 | F35: =MAX(F9:F32) -> 2.14 | G35: =MAX(G9:G32) -> 160.06 | H35: =MAX(H9:H32) -> 46.47 | I35: =MAX(I9:I32) -> 0 | ... Q35: =MAX(Q9:Q32) -> 10.27
A36: Avg | B36: =AVERAGE(B9:B32) -> 38.562917 | C36: =AVERAGE(C9:C32) -> 64.43625 | D36: =AVERAGE(D9:D32) -> 62.833333 | E36: =AVERAGE(E9:E32) -> 6.7270833 | F36: =AVERAGE(F9:F32) -> 2.1304167 | G36: =AVERAGE(G9:G32) -> 89.844167 | H36: =AVERAGE(H9:H32) -> 30.797917 | I36: =AVERAGE(I9:I32) -> #DIV/0! | ... Q36: =AVERAGE(Q9:Q32) -> 9.9895833
A37: Stdev | B37: =STDEV(B9:B32) -> 17.594662 | C37: =STDEV(C9:C32) -> 8.2699171 | D37: =STDEV(D9:D32) -> 14.007672 | E37: =STDEV(E9:E32) -> 0.9070376 | F37: =STDEV(F9:F32) -> 0.0020412415 | G37: =STDEV(G9:G32) -> 32.365128 | H37: =STDEV(H9:H32) -> 9.4874737 | I37: =STDEV(I9:I32) -> #DIV/0! | ... Q37: =STDEV(Q9:Q32) -> 0.14001488
A38: Num | B38: =COUNT(B9:B32) -> 24 | C38: =COUNT(C9:C32) -> 24 | D38: =COUNT(D9:D32) -> 24 | E38: =COUNT(E9:E32) -> 24 | F38: =COUNT(F9:F32) -> 24 | G38: =COUNT(G9:G32) -> 24 | H38: =COUNT(H9:H32) -> 24 | I38: =COUNT(I9:I32) -> 0 | ... Q38: =COUNT(Q9:Q32) -> 24
A39: DCR | B39: =IF(B38>=22,">90%",IF(B38<=22,"<90%")) -> >90% | C39: =IF(C38>=22,">90%",IF(C38<=22,"<90%")) -> >90% | D39: =IF(D38>=22,">90%",IF(D38<=22,"<90%")) -> >90% | E39: =IF(E38>=22,">90%",IF(E38<=22,"<90%")) -> >90% | F39: =IF(F38>=22,">90%",IF(F38<=22,"<90%")) -> >90% | G39: =IF(G38>=22,">90%",IF(G38<=22,"<90%")) -> >90% | H39: =IF(H38>=22,">90%",IF(H38<=22,"<90%")) -> >90% | I39: =IF(I38>=22,">90%",IF(I38<=22,"<90%")) -> <90% | ... Q39: =IF(Q38>=22,">90%",IF(Q38<=22,"<90%")) -> >90%
A40: Status | B40: =IF(B38>=22,"OK",IF(B38<=22,"LESS")) -> OK | C40: =IF(C38>=22,"OK",IF(C38<=22,"LESS")) -> OK | D40: =IF(D38>=22,"OK",IF(D38<=22,"LESS")) -> OK | E40: =IF(E38>=22,"OK",IF(E38<=22,"LESS")) -> OK | F40: =IF(F38>=22,"OK",IF(F38<=22,"LESS")) -> OK | G40: =IF(G38>=22,"OK",IF(G38<=22,"LESS")) -> OK | H40: =IF(H38>=22,"OK",IF(H38<=22,"LESS")) -> OK | I40: =IF(I38>=22,"OK",IF(I38<=22,"LESS")) -> LESS | ... Q40: =IF(Q38>=22,"OK",IF(Q38<=22,"LESS")) -> OK
A43: Done by | B43: RAHUL
A45: Comment

Sheet 16
A1: Station: | B1: BHATAGAON RAIPUR
A2: Date: | B2: =$A$9 -> 16/02/2025 01:00 | D2: Power Off | G2: Pw.Off | L2: Link Fail | N2: Link F | P2: Maintenance | R2: Maint.
A3: Report Type: | B3: Mean | D3: Calibration | G3: Calib. | L3: Data Fail | N3: Data F | P3: Invalid | R3: Invalid
A4: Time Base: | B4: 01 Hour | D4: Zero Referrence | G4: Z.Ref | L4: Warm Up | N4: Wm. Up
A7: Date & Time | B7: NO_BHATAGAON | C7: NO2__BHATAGAON | D7: NOX_BHATAGAON | E7: SO2__BHATAGAON | F7: O3__BHATAGAON | G7: PM10__BHATAGAON | H7: PM2_5__BHATAGAON | I7: BENZ__BHATAGAON | J7: WS__BHATAGAON | K7: WD__BHATAGAON | L7: TEMP__BHATAGAON | M7: HUM__BHATAGAON | N7: SR__BHATAGAON | O7: RG__BHATAGAON | P7: CO__BHATAGAON | Q7: NH3__BHATAGAON
B8: ug/m3 | C8: ug/m3 | D8: ppb | E8: ug/m3 | F8: ug/m3 | G8: mg/m3 | H8: ug/m3 | I8: ug/m3 | J8: m/sec | K8: deg | L8: degreC | M8: % | N8: w/m2 | O8: mm | P8: ug/m3 | Q8: ug/m3
A9: 16/02/2025 01:00 | B9: 41.32 | C9: 70.47 | D9: 68.31 | E9: 7.74 | F9: 2.29 | G9: 94.92 | H9: 26.79 | I9: Invalid | J9: 0.78 | K9: 329.14 | L9: 15.23 | M9: 56.83 | N9: 66.3 | O9: 0 | P9: 0.93 | Q9: 9.88
A10: 16/02/2025 02:00 | B10: 40 | C10: 67.79 | D10: 66.12 | E10: 7.03 | F10: 2.13 | G10: 86.92 | H10: 25.72 | I10: Invalid | J10: 0.66 | K10: 320.3 | L10: 14.84 | M10: 62.74 | N10: 66.5 | O10: 0 | P10: 0.85 | Q10: 9.84
A11: 16/02/2025 03:00 | B11: 32.87 | C11: 62.97 | D11: 57.88 | E11: 6.8 | F11: 2.13 | G11: 65.83 | H11: 25.93 | I11: Invalid | J11: 0.77 | K11: 355.87 | L11: 13.8 | M11: 68.75 | N11: 66.5 | O11: 0 | P11: 0.86 | Q11: 9.88
A12: 16/02/2025 04:00 | B12: 26.96 | C12: 60.36 | D12: 51.78 | E12: 6.74 | F12: 2.13 | G12: 67.44 | H12: 24.48 | I12: Invalid | J12: 0.66 | K12: 348.23 | L12: 13.38 | M12: 71.57 | N12: 66.3 | O12: 0 | P12: 0.79 | Q12: 9.86
A13: 16/02/2025 05:00 | B13: 27.66 | C13: 59.14 | D13: 51.02 | E13: 7.84 | F13: 2.13 | G13: 83.4 | H13: 24.7 | I13: Invalid | J13: 0.61 | K13: 352.18 | L13: 12.76 | M13: 81.72 | N13: 66.2 | O13: 0 | P13: 0.79 | Q13: 9.83
A14: 16/02/2025 06:00 | B14: 39.38 | C14: 58.57 | D14: 60.17 | E14: 7.9 | F14: 2.13 | G14: 106.46 | H14: 28.03 | I14: Invalid | J14: 0.67 | K14: 329.58 | L14: 12.36 | M14: 86.65 | N14: 66.2 | O14: 0 | P14: 0.83 | Q14: 9.79
A15: 16/02/2025 07:00 | B15: 59.5 | C15: 59.29 | D15: 76.55 | E15: 8.17 | F15: 2.13 | G15: 107.56 | H15: 29.53 | I15: Invalid | J15: 0.63 | K15: 287.89 | L15: 12.49 | M15: 85.72 | N15: 90.7 | O15: 0 | P15: 0.84 | Q15: 9.89
A16: 16/02/2025 08:00 | B16: 84.27 | C16: 58.79 | D16: 96.91 | E16: 8.91 | F16: 2.13 | G16: 115.7 | H16: 30.06 | I16: Invalid | J16: 0.72 | K16: 243.64 | L16: 18.7 | M16: 79.74 | N16: 312.1 | O16: 0 | P16: 0.91 | Q16: 10.02
A17: 16/02/2025 09:00 | B17: 80.92 | C17: 61.61 | D17: 94.57 | E17: 7.96 | F17: 2.15 | G17: 129.31 | H17: 30.21 | I17: Invalid | J17: 1.52 | K17: 191.8 | L17: 21.26 | M17: 47.19 | N17: 551.8 | O17: 0 | P17: 0.91 | Q17: 10.09
A18: 16/02/2025 10:00 | B18: 58.99 | C18: 65.99 | D18: 77.78 | E18: 7.13 | F18: 2.13 | G18: 97.49 | H18: 29.7 | I18: Invalid | J18: 1.66 | K18: 229.13 | L18: 25.88 | M18: 36.01 | N18: 748.4 | O18: 0 | P18: 0.87 | Q18: 10.01
A19: 16/02/2025 11:00 | B19: 41.59 | C19: 73.12 | D19: 67.03 | E19: 7.16 | F19: 2.13 | G19: 76.01 | H19: 31.56 | I19: Invalid | J19: 0.56 | K19: 285.38 | L19: 29.38 | M19: 27.11 | N19: 869.2 | O19: 0 | P19: 0.86 | Q19: 9.87
A20: 16/02/2025 12:00 | B20: 22.13 | C20: 79.37 | D20: 55.96 | E20: 7.14 | F20: 2.13 | G20: 81.16 | H20: 30.29 | I20: Invalid | J20: 0.62 | K20: 296.39 | L20: 30.89 | M20: 24.94 | N20: 907.3 | O20: 0 | P20: 0.9 | Q20: 9.81
... A32: 16/02/2025 24:00 | B32: 134.65 | C32: 70.87 | D32: 142.65 | E32: 10.28 | F32: 2.13 | G32: 142.86 | H32: 36.61 | I32: Invalid | J32: 0.63 | K32: 307.81 | L32: 17.02 | M32: 60.09 | N32: 67.9 | O32: 0 | P32: 1.67 | Q32: 10.08
A34: Min | B34: =MIN(B9:B32) -> 4.64 | C34: =MIN(C9:C32) -> 50.86 | D34: =MIN(D9:D32) -> 28.84 | E34: =MIN(E9:E32) -> 6.45 | F34: =MIN(F9:F32) -> 2.13 | G34: =MIN(G9:G32) -> 40.63 | H34: =MIN(H9:H32) -> 13.71 | I34: =MIN(I9:I32) -> 0 | ... Q34: =MIN(Q9:Q32) -> 9.33
A35: Max | B35: =MAX(B9:B32) -> 134.65 | C35: =MAX(C9:C32) -> 79.37 | D35: =MAX(D9:D32) -> 142.65 | E35: =MAX(E9:E32) -> 10.28 | F35: =MAX(F9:F32) -> 4.43 | G35: =MAX(G9:G32) -> 142.86 | H35: =MAX(H9:H32) -> 36.61 | I35: =MAX(I9:I32) -> 0 | ... Q35: =MAX(Q9:Q32) -> 10.09
A36: Avg | B36: =AVERAGE(B9:B32) -> 40.965 | C36: =AVERAGE(C9:C32) -> 64.90125 | D36: =AVERAGE(D9:D32) -> 64.866667 | E36: =AVERAGE(E9:E32) -> 7.80875 | F36: =AVERAGE(F9:F32) -> 2.41375 | G36: =AVERAGE(G9:G32) -> 83.17125 | H36: =AVERAGE(H9:H32) -> 25.186667 | I36: =AVERAGE(I9:I32) -> #DIV/0! | ... Q36: =AVERAGE(Q9:Q32) -> 9.7658333
A37: Stdev | B37: =STDEV(B9:B32) -> 36.633103 | C37: =STDEV(C9:C32) -> 7.6609968 | D37: =STDEV(D9:D32) -> 30.454731 | E37: =STDEV(E9:E32) -> 1.0136645 | F37: =STDEV(F9:F32) -> 0.65670331 | G37: =STDEV(G9:G32) -> 28.470514 | H37: =STDEV(H9:H32) -> 5.9467204 | I37: =STDEV(I9:I32) -> #DIV/0! | ... Q37: =STDEV(Q9:Q32) -> 0.21147344
A38: Num | B38: =COUNT(B9:B32) -> 24 | C38: =COUNT(C9:C32) -> 24 | D38: =COUNT(D9:D32) -> 24 | E38: =COUNT(E9:E32) -> 24 | F38: =COUNT(F9:F32) -> 24 | G38: =COUNT(G9:G32) -> 24 | H38: =COUNT(H9:H32) -> 24 | I38: =COUNT(I9:I32) -> 0 | ... Q38: =COUNT(Q9:Q32) -> 24
A39: DCR | B39: =IF(B38>=22,">90%",IF(B38<=22,"<90%")) -> >90% | C39: =IF(C38>=22,">90%",IF(C38<=22,"<90%")) -> >90% | D39: =IF(D38>=22,">90%",IF(D38<=22,"<90%")) -> >90% | E39: =IF(E38>=22,">90%",IF(E38<=22,"<90%")) -> >90% | F39: =IF(F38>=22,">90%",IF(F38<=22,"<90%")) -> >90% | G39: =IF(G38>=22,">90%",IF(G38<=22,"<90%")) -> >90% | H39: =IF(H38>=22,">90%",IF(H38<=22,"<90%")) -> >90% | I39: =IF(I38>=22,">90%",IF(I38<=22,"<90%")) -> <90% | ... Q39: =IF(Q38>=22,">90%",IF(Q38<=22,"<90%")) -> >90%
A40: Status | B40: =IF(B38>=22,"OK",IF(B38<=22,"LESS")) -> OK | C40: =IF(C38>=22,"OK",IF(C38<=22,"LESS")) -> OK | D40: =IF(D38>=22,"OK",IF(D38<=22,"LESS")) -> OK | E40: =IF(E38>=22,"OK",IF(E38<=22,"LESS")) -> OK | F40: =IF(F38>=22,"OK",IF(F38<=22,"LESS")) -> OK | G40: =IF(G38>=22,"OK",IF(G38<=22,"LESS")) -> OK | H40: =IF(H38>=22,"OK",IF(H38<=22,"LESS")) -> OK | I40: =IF(I38>=22,"OK",IF(I38<=22,"LESS")) -> LESS | ... Q40: =IF(Q38>=22,"OK",IF(Q38<=22,"LESS")) -> OK
A43: Done by | B43: RAHUL
A45: Comment

Sheet 17
A1: Station: | B1: BHATAGAON RAIPUR
A2: Date: | B2: =$A$9 -> 17/02/2025 01:00 | D2: Power Off | G2: Pw.Off | L2: Link Fail | N2: Link F | P2: Maintenance | R2: Maint.
A3: Report Type: | B3: Mean | D3: Calibration | G3: Calib. | L3: Data Fail | N3: Data F | P3: Invalid | R3: Invalid
A4: Time Base: | B4: 01 Hour | D4: Zero Referrence | G4: Z.Ref | L4: Warm Up | N4: Wm. Up
A7: Date & Time | B7: NO_BHATAGAON | C7: NO2__BHATAGAON | D7: NOX_BHATAGAON | E7: SO2__BHATAGAON | F7: O3__BHATAGAON | G7: PM10__BHATAGAON | H7: PM2_5__BHATAGAON | I7: BENZ__BHATAGAON | J7: WS__BHATAGAON | K7: WD__BHATAGAON | L7: TEMP__BHATAGAON | M7: HUM__BHATAGAON | N7: SR__BHATAGAON | O7: RG__BHATAGAON | P7: CO__BHATAGAON | Q7: NH3__BHATAGAON
B8: ug/m3 | C8: ug/m3 | D8: ppb | E8: ug/m3 | F8: ug/m3 | G8: mg/m3 | H8: ug/m3 | I8: ug/m3 | J8: m/sec | K8: deg | L8: degreC | M8: % | N8: w/m2 | O8: mm | P8: ug/m3 | Q8: ug/m3
A9: 17/02/2025 01:00 | B9: 135.75 | C9: 69.04 | D9: 143.52 | E9: 9.6 | F9: 2.13 | G9: 135.24 | H9: 32.54 | I9: Invalid | J9: 0.81 | K9: 332.97 | L9: 16.23 | M9: 60.4 | N9: 68.1 | O9: 0 | P9: 1.5 | Q9: 10.21
A10: 17/02/2025 02:00 | B10: 123.78 | C10: 65.29 | D10: 132 | E10: 8.88 | F10: 2.13 | G10: 116.44 | H10: 33.02 | I10: Invalid | J10: 0.65 | K10: 337.44 | L10: 15.95 | M10: 61.57 | N10: 68.3 | O10: 0 | P10: 1.29 | Q10: 10.2
A11: 17/02/2025 03:00 | B11: 100.76 | C11: 60.57 | D11: 111.07 | E11: 8.8 | F11: 2.13 | G11: 86.66 | H11: 27.2 | I11: Invalid | J11: 0.62 | K11: 288.29 | L11: 16.27 | M11: 59.99 | N11: 68.1 | O11: 0 | P11: 1.19 | Q11: 10.15
A12: 17/02/2025 04:00 | B12: 82.66 | C12: 55.86 | D12: 94.09 | E12: 8.32 | F12: 2.13 | G12: 66.74 | H12: 24.99 | I12: Invalid | J12: 0.66 | K12: 273.61 | L12: 15.5 | M12: 66.13 | N12: 68.4 | O12: 0 | P12: 0.95 | Q12: 10.01
A13: 17/02/2025 05:00 | B13: 70.83 | C13: 53.56 | D13: 83.41 | E13: 8.63 | F13: 2.13 | G13: 72.92 | H13: 24.15 | I13: Invalid | J13: 0.75 | K13: 313.05 | L13: 14.28 | M13: 71.93 | N13: 68.3 | O13: 0 | P13: 0.93 | Q13: 9.93
A14: 17/02/2025 06:00 | B14: 82.58 | C14: 54.66 | D14: 93.4 | E14: 8.28 | F14: 2.13 | G14: 86.4 | H14: 23.34 | I14: Invalid | J14: 0.81 | K14: 276.16 | L14: 14.23 | M14: 71.71 | N14: 68.2 | O14: 0 | P14: 0.9 | Q14: 9.93
A15: 17/02/2025 07:00 | B15: 91.44 | C15: 54.87 | D15: 99.93 | E15: 8.44 | F15: 2.13 | G15: 88.64 | H15: 24.54 | I15: Invalid | J15: 0.59 | K15: 327.01 | L15: 14.06 | M15: 75 | N15: 93 | O15: 0 | P15: 0.92 | Q15: 9.96
A16: 17/02/2025 08:00 | B16: 103.27 | C16: 56.46 | D16: 110.94 | E16: 8.84 | F16: 2.13 | G16: 95.28 | H16: 24.64 | I16: Invalid | J16: 1.41 | K16: 329.23 | L16: 18.02 | M16: 70.45 | N16: 285.7 | O16: 0 | P16: 1.03 | Q16: 10.01
A17: 17/02/2025 09:00 | B17: 99.6 | C17: 58.64 | D17: 108.02 | E17: 6.83 | F17: 2.13 | G17: 111.42 | H17: 26.29 | I17: Invalid | J17: 1.24 | K17: 213.92 | L17: 22.39 | M17: 57.39 | N17: 499.6 | O17: 0 | P17: 0.9 | Q17: 10.07
A18: 17/02/2025 10:00 | B18: 79.26 | C18: 66.34 | D18: 93.31 | E18: 6.62 | F18: 2.13 | G18: 111.31 | H18: 29.22 | I18: Invalid | J18: 1.03 | K18: 326.3 | L18: 28 | M18: 40.51 | N18: 687.7 | O18: 0 | P18: 0.91 | Q18: 9.99
A19: 17/02/2025 11:00 | B19: 57.44 | C19: 86.35 | D19: 81.65 | E19: 6.85 | F19: 2.13 | G19: 112.56 | H19: 32.53 | I19: Invalid | J19: 1.52 | K19: 336 | L19: 30.61 | M19: 31.86 | N19: 805.5 | O19: 0 | P19: 1.01 | Q19: 9.91
A20: 17/02/2025 12:00 | B20: 32.57 | C20: 89.31 | D20: 71.41 | E20: 7 | F20: 2.13 | G20: 115.89 | H20: 35.69 | I20: Invalid | J20: 0.96 | K20: 90.55 | L20: 29.78 | M20: 28.34 | N20: 843.9 | O20: 0 | P20: 1 | Q20: 9.81
... A32: 17/02/2025 24:00 | B32: 142.14 | C32: 70.25 | D32: 149.31 | E32: 9.37 | F32: 2.13 | G32: 171.39 | H32: 34.81 | I32: Invalid | J32: 1.07 | K32: 319.24 | L32: 18.76 | M32: 64.85 | N32: 65.5 | O32: 0 | P32: 2.09 | Q32: 10.22
A34: Min | B34: =MIN(B9:B32) -> 6.42 | C34: =MIN(C9:C32) -> 53.56 | D34: =MIN(D9:D32) -> 37.13 | E34: =MIN(E9:E32) -> 5.19 | F34: =MIN(F9:F32) -> 2.13 | G34: =MIN(G9:G32) -> 39.12 | H34: =MIN(H9:H32) -> 14.64 | I34: =MIN(I9:I32) -> 0 | ... Q34: =MIN(Q9:Q32) -> 9.59
A35: Max | B35: =MAX(B9:B32) -> 142.14 | C35: =MAX(C9:C32) -> 89.31 | D35: =MAX(D9:D32) -> 149.31 | E35: =MAX(E9:E32) -> 9.6 | F35: =MAX(F9:F32) -> 2.63 | G35: =MAX(G9:G32) -> 171.39 | H35: =MAX(H9:H32) -> 35.69 | I35: =MAX(I9:I32) -> 0 | ... Q35: =MAX(Q9:Q32) -> 10.22
A36: Avg | B36: =AVERAGE(B9:B32) -> 68.636667 | C36: =AVERAGE(C9:C32) -> 67.550833 | D36: =AVERAGE(D9:D32) -> 88.3575 | E36: =AVERAGE(E9:E32) -> 7.4058333 | F36: =AVERAGE(F9:F32) -> 2.1508333 | G36: =AVERAGE(G9:G32) -> 93.721667 | H36: =AVERAGE(H9:H32) -> 26.67875 | I36: =AVERAGE(I9:I32) -> #DIV/0! | ... Q36: =AVERAGE(Q9:Q32) -> 9.8725
A37: Stdev | B37: =STDEV(B9:B32) -> 44.659888 | C37: =STDEV(C9:C32) -> 10.062158 | D37: =STDEV(D9:D32) -> 34.565094 | E37: =STDEV(E9:E32) -> 1.4753685 | F37: =STDEV(F9:F32) -> 0.10206207 | G37: =STDEV(G9:G32) -> 33.017934 | H37: =STDEV(H9:H32) -> 5.6468354 | I37: =STDEV(I9:I32) -> #DIV/0! | ... Q37: =STDEV(Q9:Q32) -> 0.21148029
A38: Num | B38: =COUNT(B9:B32) -> 24 | C38: =COUNT(C9:C32) -> 24 | D38: =COUNT(D9:D32) -> 24 | E38: =COUNT(E9:E32) -> 24 | F38: =COUNT(F9:F32) -> 24 | G38: =COUNT(G9:G32) -> 24 | H38: =COUNT(H9:H32) -> 24 | I38: =COUNT(I9:I32) -> 0 | ... Q38: =COUNT(Q9:Q32) -> 24
A39: DCR | B39: =IF(B38>=22,">90%",IF(B38<=22,"<90%")) -> >90% | C39: =IF(C38>=22,">90%",IF(C38<=22,"<90%")) -> >90% | D39: =IF(D38>=22,">90%",IF(D38<=22,"<90%")) -> >90% | E39: =IF(E38>=22,">90%",IF(E38<=22,"<90%")) -> >90% | F39: =IF(F38>=22,">90%",IF(F38<=22,"<90%")) -> >90% | G39: =IF(G38>=22,">90%",IF(G38<=22,"<90%")) -> >90% | H39: =IF(H38>=22,">90%",IF(H38<=22,"<90%")) -> >90% | I39: =IF(I38>=22,">90%",IF(I38<=22,"<90%")) -> <90% | ... Q39: =IF(Q38>=22,">90%",IF(Q38<=22,"<90%")) -> >90%
A40: Status | B40: =IF(B38>=22,"OK",IF(B38<=22,"LESS")) -> OK | C40: =IF(C38>=22,"OK",IF(C38<=22,"LESS")) -> OK | D40: =IF(D38>=22,"OK",IF(D38<=22,"LESS")) -> OK | E40: =IF(E38>=22,"OK",IF(E38<=22,"LESS")) -> OK | F40: =IF(F38>=22,"OK",IF(F38<=22,"LESS")) -> OK | G40: =IF(G38>=22,"OK",IF(G38<=22,"LESS")) -> OK | H40: =IF(H38>=22,"OK",IF(H38<=22,"LESS")) -> OK | I40: =IF(I38>=22,"OK",IF(I38<=22,"LESS")) -> LESS | ... Q40: =IF(Q38>=22,"OK",IF(Q38<=22,"LESS")) -> OK
A43: Done by | B43: RAHUL
A45: Comment

Sheet 18
A1: Station: | B1: BHATAGAON RAIPUR
A2: Date: | B2: =$A$9 -> 18/02/2025 01:00 | D2: Power Off | G2: Pw.Off | L2: Link Fail | N2: Link F | P2: Maintenance | R2: Maint.
A3: Report Type: | B3: Mean | D3: Calibration | G3: Calib. | L3: Data Fail | N3: Data F | P3: Invalid | R3: Invalid
A4: Time Base: | B4: 01 Hour | D4: Zero Referrence | G4: Z.Ref | L4: Warm Up | N4: Wm. Up
A7: Date & Time | B7: NO_BHATAGAON | C7: NO2__BHATAGAON | D7: NOX_BHATAGAON | E7: SO2__BHATAGAON | F7: O3__BHATAGAON | G7: PM10__BHATAGAON | H7: PM2_5__BHATAGAON | I7: BENZ__BHATAGAON | J7: WS__BHATAGAON | K7: WD__BHATAGAON | L7: TEMP__BHATAGAON | M7: HUM__BHATAGAON | N7: SR__BHATAGAON | O7: RG__BHATAGAON | P7: CO__BHATAGAON | Q7: NH3__BHATAGAON
B8: ug/m3 | C8: ug/m3 | D8: ppb | E8: ug/m3 | F8: ug/m3 | G8: mg/m3 | H8: ug/m3 | I8: ug/m3 | J8: m/sec | K8: deg | L8: degreC | M8: % | N8: w/m2 | O8: mm | P8: ug/m3 | Q8: ug/m3
A9: 18/02/2025 01:00 | B9: 125.24 | C9: 63.76 | D9: 132.37 | E9: 8.45 | F9: 2.13 | G9: 128.58 | H9: 32.29 | I9: Invalid | J9: 1.25 | K9: 351.84 | L9: 16.92 | M9: 74.39 | N9: 65.5 | O9: 0 | P9: 1.83 | Q9: 10.17
A10: 18/02/2025 02:00 | B10: 115.15 | C10: 58.93 | D10: 121.19 | E10: 8.22 | F10: 2.14 | G10: 107.69 | H10: 32.72 | I10: Invalid | J10: 1.33 | K10: 352.23 | L10: 18.14 | M10: 58.78 | N10: 65.6 | O10: 0 | P10: 1.29 | Q10: 10.11
A11: 18/02/2025 03:00 | B11: 98.24 | C11: 59.3 | D11: 107.58 | E11: 8.41 | F11: 2.13 | G11: 125.89 | H11: 40.95 | I11: Invalid | J11: 0.78 | K11: 342.6 | L11: 16.88 | M11: 71.68 | N11: 65.6 | O11: 0 | P11: 1.36 | Q11: 10.02
A12: 18/02/2025 04:00 | B12: Calib. | C12: Calib. | D12: Calib. | E12: 8.54 | F12: 2.13 | G12: 147.05 | H12: 48.05 | I12: Invalid | J12: 0.89 | K12: 338.44 | L12: 16.52 | M12: 73.11 | N12: 65.6 | O12: 0 | P12: 1.29 | Q12: 9.97
A13: 18/02/2025 05:00 | B13: Calib. | C13: Calib. | D13: Calib. | E13: 9.09 | F13: 2.13 | G13: 139.55 | H13: 48.18 | I13: Invalid | J13: 0.65 | K13: 308.54 | L13: 15.71 | M13: 73.17 | N13: 65.6 | O13: 0 | P13: 1.22 | Q13: 9.96
A14: 18/02/2025 06:00 | B14: 80.43 | C14: 56.68 | D14: 92.63 | E14: 8.59 | F14: 2.13 | G14: 129.66 | H14: 46.6 | I14: Invalid | J14: 0.59 | K14: 326.83 | L14: 15.58 | M14: 70.64 | N14: 65.4 | O14: 0 | P14: 1.13 | Q14: 9.93
A15: 18/02/2025 07:00 | B15: 80.26 | C15: 58.81 | D15: 93.71 | E15: 8.61 | F15: 2.13 | G15: 110.66 | H15: 43.31 | I15: Invalid | J15: 0.69 | K15: 294.75 | L15: 15.55 | M15: 70.96 | N15: 90.7 | O15: 0 | P15: 1.17 | Q15: 9.91
A16: 18/02/2025 08:00 | B16: 83.15 | C16: 59.28 | D16: 96.07 | E16: 10.28 | F16: 2.13 | G16: 145.81 | H16: 45.99 | I16: Invalid | J16: 1.33 | K16: 340.32 | L16: 21.71 | M16: 71.34 | N16: 265.8 | O16: 0 | P16: 1.29 | Q16: 9.89
A17: 18/02/2025 09:00 | B17: 81.88 | C17: 64.51 | D17: 95.74 | E17: 10.55 | F17: 2.13 | G17: 221.27 | H17: 57.19 | I17: Invalid | J17: 1.45 | K17: 349.15 | L17: 25.81 | M17: 42.73 | N17: 468 | O17: 0 | P17: 1.32 | Q17: 9.88
A18: 18/02/2025 10:00 | B18: 75.26 | C18: 66.63 | D18: 93.46 | E18: 9.74 | F18: 2.13 | G18: 221.66 | H18: 68.56 | I18: Invalid | J18: 1.26 | K18: 89.31 | L18: 25.26 | M18: 36.39 | N18: 656.1 | O18: 0 | P18: 1.31 | Q18: 9.87
A19: 18/02/2025 11:00 | B19: 60.31 | C19: 89.03 | D19: 82.66 | E19: 10.5 | F19: 4.12 | G19: 118.75 | H19: 44.52 | I19: Invalid | J19: 1.15 | K19: 333.63 | L19: 30.27 | M19: 31.4 | N19: 772 | O19: 0 | P19: 1.17 | Q19: 9.95
A20: 18/02/2025 12:00 | B20: 6.69 | C20: 92.43 | D20: 96.51 | E20: Calib. | F20: 19.85 | G20: Calib. | H20: Calib. | I20: Invalid | J20: 1.01 | K20: 326.5 | L20: 31.8 | M20: 28.11 | N20: 794.5 | O20: 0 | P20: 0.92 | Q20: 9.56
A21: 18/02/2025 13:00 | B21: 5.46 | C21: 85.02 | D21: 87.21 | E21: 15.99 | F21: 14.25 | G21: 125.6 | H21: 35.09 | I21: Invalid | J21: 0.99 | K21: 298.18 | L21: 30.84 | M21: 30.27 | N21: 743.1 | O21: 0 | P21: 1 | Q21: 9.47
A22: 18/02/2025 14:00 | B22: 4.18 | C22: 81.65 | D22: 83.66 | E22: 12.82 | F22: 21.28 | G22: 106.38 | H22: 32.01 | I22: Invalid | J22: 1.45 | K22: 304.76 | L22: 31.34 | M22: 29.7 | N22: 705.1 | O22: 0 | P22: 0.91 | Q22: 9.53
A23: 18/02/2025 15:00 | B23: 3.8 | C23: 64.64 | D23: 66.24 | E23: 16.26 | F23: 46.14 | G23: 101.02 | H23: 32.75 | I23: Invalid | J23: 1.73 | K23: 309.11 | L23: 31.71 | M23: 29.37 | N23: 525.2 | O23: 0 | P23: 0.53 | Q23: 9.54
A24: 18/02/2025 16:00 | B24: 4.56 | C24: 61.52 | D24: 63.67 | E24: 9.7 | F24: 7.01 | G24: 89.77 | H24: 28.7 | I24: Invalid | J24: 1.75 | K24: 320.02 | L24: 30.4 | M24: 31.86 | N24: 318.3 | O24: 0 | P24: 0.55 | Q24: 9.55
A25: 18/02/2025 17:00 | B25: 4.33 | C25: 65.58 | D25: 67.54 | E25: 9.71 | F25: 11.51 | G25: 71.26 | H25: 22.73 | I25: Invalid | J25: 1.29 | K25: 342.3 | L25: 28.38 | M25: 33.41 | N25: 158.3 | O25: 0 | P25: 0.55 | Q25: 9.55
A26: 18/02/2025 18:00 | B26: 6.53 | C26: 70.34 | D26: 74.77 | E26: 8.8 | F26: 2.61 | G26: 81.34 | H26: 25.36 | I26: Invalid | J26: 1.47 | K26: 349.98 | L26: 26.94 | M26: 37.94 | N26: 102.8 | O26: 0 | P26: 0.81 | Q26: 9.54
A27: 18/02/2025 19:00 | B27: 14.01 | C27: 79.03 | D27: 90.93 | E27: 8.13 | F27: 2.13 | G27: 81.18 | H27: 25.28 | I27: Invalid | J27: 0.57 | K27: 352.6 | L27: 24.23 | M27: 51.85 | N27: 66.4 | O27: 0 | P27: 0.81 | Q27: 9.54
A28: 18/02/2025 20:00 | B28: 26.67 | C28: 82.82 | D28: 107.39 | E28: 8.69 | F28: 2.13 | G28: 102.88 | H28: 27.51 | I28: Invalid | J28: 0.59 | K28: 323.17 | L28: 22.44 | M28: 59.63 | N28: 65.5 | O28: 0 | P28: 0.81 | Q28: 9.46
A29: 18/02/2025 21:00 | B29: 39.23 | C29: 85.27 | D29: 122.4 | E29: 9.93 | F29: 2.13 | G29: 119.99 | H29: 31.12 | I29: Invalid | J29: 0.76 | K29: 309.73 | L29: 21.59 | M29: 58.6 | N29: 65.6 | O29: 0 | P29: 0.81 | Q29: 9.47
A30: 18/02/2025 22:00 | B30: 77.84 | C30: 89.43 | D30: 165.16 | E30: 11.13 | F30: 2.13 | G30: 132.7 | H30: 33.27 | I30: Invalid | J30: 0.45 | K30: 316.06 | L30: 20.15 | M30: 63.46 | N30: 65.5 | O30: 0 | P30: 0.81 | Q30: 9.61
A31: 18/02/2025 23:00 | B31: 96.73 | C31: 89.82 | D31: 182.21 | E31: 11.1 | F31: 2.13 | G31: 156.31 | H31: 40.43 | I31: Invalid | J31: 0.56 | K31: 347.84 | L31: 20.1 | M31: 66.47 | N31: 65.5 | O31: 0 | P31: 0.81 | Q31: 9.81
A32: 18/02/2025 24:00 | B32: 96.16 | C32: 86.44 | D32: 180.51 | E32: 9.86 | F32: 2.13 | G32: 131.57 | H32: 37.19 | I32: Invalid | J32: 0.71 | K32: 325.71 | L32: 19.85 | M32: 58.99 | N32: 65.6 | O32: 0 | P32: 1.84 | Q32: 9.82
A34: Min | B34: =MIN(B9:B32) -> 3.8 | C34: =MIN(C9:C32) -> 56.68 | D34: =MIN(D9:D32) -> 63.67 | E34: =MIN(E9:E32) -> 8.13 | F34: =MIN(F9:F32) -> 2.13 | G34: =MIN(G9:G32) -> 71.26 | H34: =MIN(H9:H32) -> 22.73 | I34: =MIN(I9:I32) -> 0 | ... Q34: =MIN(Q9:Q32) -> 9.46
A35: Max | B35: =MAX(B9:B32) -> 125.24 | C35: =MAX(C9:C32) -> 92.43 | D35: =MAX(D9:D32) -> 182.21 | E35: =MAX(E9:E32) -> 16.26 | F35: =MAX(F9:F32) -> 46.14 | G35: =MAX(G9:G32) -> 221.66 | H35: =MAX(H9:H32) -> 68.56 | I35: =MAX(I9:I32) -> 0 | ... Q35: =MAX(Q9:Q32) -> 10.17
A36: Avg | B36: =AVERAGE(B9:B32) -> 53.914091 | C36: =AVERAGE(C9:C32) -> 73.223636 | D36: =AVERAGE(D9:D32) -> 104.70955 | E36: =AVERAGE(E9:E32) -> 10.134783 | F36: =AVERAGE(F9:F32) -> 6.7025 | G36: =AVERAGE(G9:G32) -> 125.93783 | H36: =AVERAGE(H9:H32) -> 38.252174 | I36: =AVERAGE(I9:I32) -> #DIV/0! | ... Q36: =AVERAGE(Q9:Q32) -> 9.7545833
A37: Stdev | B37: =STDEV(B9:B32) -> 42.412733 | C37: =STDEV(C9:C32) -> 12.673489 | D37: =STDEV(D9:D32) -> 33.985033 | E37: =STDEV(E9:E32) -> 2.2117267 | F37: =STDEV(F9:F32) -> 10.169645 | G37: =STDEV(G9:G32) -> 37.40215 | H37: =STDEV(H9:H32) -> 11.04224 | I37: =STDEV(I9:I32) -> #DIV/0! | ... Q37: =STDEV(Q9:Q32) -> 0.22704106
A38: Num | B38: =COUNT(B9:B32)+2 -> 24 | C38: =COUNT(C9:C32)+2 -> 24 | D38: =COUNT(D9:D32)+2 -> 24 | E38: =COUNT(E9:E32)+1 -> 24 | F38: =COUNT(F9:F32) -> 24 | G38: =COUNT(G9:G32)+1 -> 24 | H38: =COUNT(H9:H32)+1 -> 24 | I38: =COUNT(I9:I32) -> 0 | J38: =COUNT(J9:J32) -> 24 | K38: =COUNT(K9:K32) -> 24 | L38: =COUNT(L9:L32) -> 24 | M38: =COUNT(M9:M32) -> 24 | N38: =COUNT(N9:N32) -> 24 | O38: =COUNT(O9:O32) -> 24 | P38: =COUNT(P9:P32) -> 24 | Q38: =COUNT(Q9:Q32) -> 24
A39: DCR | B39: =IF(B38>=22,">90%",IF(B38<=22,"<90%")) -> >90% | C39: =IF(C38>=22,">90%",IF(C38<=22,"<90%")) -> >90% | D39: =IF(D38>=22,">90%",IF(D38<=22,"<90%")) -> >90% | E39: =IF(E38>=22,">90%",IF(E38<=22,"<90%")) -> >90% | F39: =IF(F38>=22,">90%",IF(F38<=22,"<90%")) -> >90% | G39: =IF(G38>=22,">90%",IF(G38<=22,"<90%")) -> >90% | H39: =IF(H38>=22,">90%",IF(H38<=22,"<90%")) -> >90% | I39: =IF(I38>=22,">90%",IF(I38<=22,"<90%")) -> <90% | ... Q39: =IF(Q38>=22,">90%",IF(Q38<=22,"<90%")) -> >90%
A40: Status | B40: =IF(B38>=22,"OK",IF(B38<=22,"LESS")) -> OK | C40: =IF(C38>=22,"OK",IF(C38<=22,"LESS")) -> OK | D40: =IF(D38>=22,"OK",IF(D38<=22,"LESS")) -> OK | E40: =IF(E38>=22,"OK",IF(E38<=22,"LESS")) -> OK | F40: =IF(F38>=22,"OK",IF(F38<=22,"LESS")) -> OK | G40: =IF(G38>=22,"OK",IF(G38<=22,"LESS")) -> OK | H40: =IF(H38>=22,"OK",IF(H38<=22,"LESS")) -> OK | I40: =IF(I38>=22,"OK",IF(I38<=22,"LESS")) -> LESS | ... Q40: =IF(Q38>=22,"OK",IF(Q38<=22,"LESS")) -> OK
A43: Done by | B43: RAHUL
A45: Comment

Sheet 19
A1: Station: | B1: BHATAGAON RAIPUR
A2: Date: | B2: =$A$9 -> 19/02/2025 01:00 | D2: Power Off | G2: Pw.Off | L2: Link Fail | N2: Link F | P2: Maintenance | R2: Maint.
A3: Report Type: | B3: Mean | D3: Calibration | G3: Calib. | L3: Data Fail | N3: Data F | P3: Invalid | R3: Invalid
A4: Time Base: | B4: 01 Hour | D4: Zero Referrence | G4: Z.Ref | L4: Warm Up | N4: Wm. Up
A7: Date & Time | B7: NO_BHATAGAON | C7: NO2__BHATAGAON | D7: NOX_BHATAGAON | E7: SO2__BHATAGAON | F7: O3__BHATAGAON | G7: PM10__BHATAGAON | H7: PM2_5__BHATAGAON | I7: BENZ__BHATAGAON | J7: WS__BHATAGAON | K7: WD__BHATAGAON | L7: TEMP__BHATAGAON | M7: HUM__BHATAGAON | N7: SR__BHATAGAON | O7: RG__BHATAGAON | P7: CO__BHATAGAON | Q7: NH3__BHATAGAON
B8: ug/m3 | C8: ug/m3 | D8: ppb | E8: ug/m3 | F8: ug/m3 | G8: mg/m3 | H8: ug/m3 | I8: ug/m3 | J8: m/sec | K8: deg | L8: degreC | M8: % | N8: w/m2 | O8: mm | P8: ug/m3 | Q8: ug/m3
A9: 19/02/2025 01:00 | B9: 84.65 | C9: 83.72 | D9: 166.27 | E9: 7.48 | F9: 2.13 | G9: 112.69 | H9: 34.81 | I9: Invalid | J9: 0.5 | K9: 346.58 | L9: 18.87 | M9: 65.3 | N9: 66.2 | O9: 0 | P9: 1.71 | Q9: 9.82
A10: 19/02/2025 02:00 | B10: 70.36 | C10: 76.54 | D10: 144.8 | E10: 6.66 | F10: 2.13 | G10: 101.49 | H10: 35.37 | I10: Invalid | J10: 0.88 | K10: 345.64 | L10: 18.16 | M10: 67.23 | N10: 65.8 | O10: 0 | P10: 1.43 | Q10: 9.78
A11: 19/02/2025 03:00 | B11: 57.66 | C11: 75.14 | D11: 130.7 | E11: 6.58 | F11: 2.13 | G11: 103.89 | H11: 34.28 | I11: Invalid | J11: 0.65 | K11: 331.68 | L11: 17.04 | M11: 73.23 | N11: 65.8 | O11: 0 | P11: 1.3 | Q11: 9.7
A12: 19/02/2025 04:00 | B12: 48.57 | C12: 71.53 | D12: 117.77 | E12: 6.53 | F12: 2.27 | G12: 132.75 | H12: 36.4 | I12: Invalid | J12: 0.59 | K12: 344.56 | L12: 17.03 | M12: 74.72 | N12: 65.7 | O12: 0 | P12: 1.15 | Q12: 9.68
A13: 19/02/2025 05:00 | B13: 43.09 | C13: 70.89 | D13: 111.78 | E13: 7.4 | F13: 2.13 | G13: 159.1 | H13: 40.52 | I13: Invalid | J13: 1.09 | K13: 52.68 | L13: 17.18 | M13: 69.75 | N13: 65.7 | O13: 0 | P13: 1.17 | Q13: 9.59
A14: 19/02/2025 06:00 | B14: 39.6 | C14: 72.58 | D14: 110.09 | E14: 7.64 | F14: 2.13 | G14: 189.67 | H14: 52.11 | I14: Invalid | J14: 1.17 | K14: 322.83 | L14: 17.54 | M14: 64.69 | N14: 66.1 | O14: 0 | P14: 1.15 | Q14: 9.61
A15: 19/02/2025 07:00 | B15: 36.02 | C15: 72.08 | D15: 104.93 | E15: 7.64 | F15: 2.13 | G15: 158.35 | H15: 53.94 | I15: Invalid | J15: 0.94 | K15: 219.22 | L15: 17.25 | M15: 78.89 | N15: 89.3 | O15: 0 | P15: 1.09 | Q15: 9.58
A16: 19/02/2025 08:00 | B16: 41.14 | C16: 69.69 | D16: 106.49 | E16: 8.39 | F16: 2.13 | G16: 172.35 | H16: 53.69 | I16: Invalid | J16: 1.03 | K16: 328.76 | L16: 20.91 | M16: 79.58 | N16: 225.9 | O16: 0 | P16: 1.35 | Q16: 9.58
A17: 19/02/2025 09:00 | B17: 46.55 | C17: 73.08 | D17: 117.53 | E17: 9.85 | F17: 2.13 | G17: 212.63 | H17: 57.73 | I17: Invalid | J17: 1.16 | K17: 343.23 | L17: 25.34 | M17: 52.84 | N17: 388.8 | O17: 0 | P17: 1.43 | Q17: 9.56
A18: 19/02/2025 10:00 | B18: 47.7 | C18: 79.28 | D18: 123.57 | E18: 10.93 | F18: 2.13 | G18: 248.87 | H18: 75.77 | I18: Invalid | J18: 1.38 | K18: 358.24 | L18: 26.92 | M18: 41.08 | N18: 582.1 | O18: 0 | P18: 1.41 | Q18: 9.59
A19: 19/02/2025 11:00 | B19: 45.47 | C19: 84.62 | D19: 124.5 | E19: 9.84 | F19: 2.13 | G19: 219.74 | H19: 76.97 | I19: Invalid | J19: 1.71 | K19: 342.38 | L19: 27 | M19: 39.28 | N19: 708.6 | O19: 0 | P19: 1.35 | Q19: 9.6
A20: 19/02/2025 12:00 | B20: 33.85 | C20: 87.16 | D20: 117.6 | E20: 8.37 | F20: 2.14 | G20: 124.92 | H20: 65.62 | I20: Invalid | J20: 1.41 | K20: 351.58 | L20: 26.82 | M20: 36.84 | N20: 776 | O20: 0 | P20: 1.23 | Q20: 9.55
... A32: 19/02/2025 24:00 | B32: 74.22 | C32: 88.32 | D32: 159.99 | E32: 10.18 | F32: 2.13 | G32: 179.29 | H32: 20.24 | I32: Invalid | J32: 0.73 | K32: 278.73 | L32: 20.03 | M32: 66.22 | N32: 63.7 | O32: 0 | P32: 1.75 | Q32: 9.67
A34: Min | B34: =MIN(B9:B32) -> 5.16 | C34: =MIN(C9:C32) -> 69.69 | D34: =MIN(D9:D32) -> 80.03 | E34: =MIN(E9:E32) -> 6.53 | F34: =MIN(F9:F32) -> 2.13 | G34: =MIN(G9:G32) -> 72.8 | H34: =MIN(H9:H32) -> 1.86 | I34: =MIN(I9:I32) -> 0 | ... Q34: =MIN(Q9:Q32) -> 9.37
A35: Max | B35: =MAX(B9:B32) -> 84.65 | C35: =MAX(C9:C32) -> 92.1 | D35: =MAX(D9:D32) -> 166.27 | E35: =MAX(E9:E32) -> 10.93 | F35: =MAX(F9:F32) -> 3.17 | G35: =MAX(G9:G32) -> 248.87 | H35: =MAX(H9:H32) -> 76.97 | I35: =MAX(I9:I32) -> 0 | ... Q35: =MAX(Q9:Q32) -> 9.82
A36: Avg | B36: =AVERAGE(B9:B32) -> 37.184583 | C36: =AVERAGE(C9:C32) -> 80.575833 | D36: =AVERAGE(D9:D32) -> 115.15917 | E36: =AVERAGE(E9:E32) -> 8.2375 | F36: =AVERAGE(F9:F32) -> 2.2216667 | G36: =AVERAGE(G9:G32) -> 141.83208 | H36: =AVERAGE(H9:H32) -> 38.154167 | I36: =AVERAGE(I9:I32) -> #DIV/0! | ... Q36: =AVERAGE(Q9:Q32) -> 9.545
A37: Stdev | B37: =STDEV(B9:B32) -> 22.660965 | C37: =STDEV(C9:C32) -> 6.915205 | D37: =STDEV(D9:D32) -> 23.24855 | E37: =STDEV(E9:E32) -> 1.3006762 | F37: =STDEV(F9:F32) -> 0.2543477 | G37: =STDEV(G9:G32) -> 47.778079 | H37: =STDEV(H9:H32) -> 20.936636 | I37: =STDEV(I9:I32) -> #DIV/0! | ... Q37: =STDEV(Q9:Q32) -> 0.12493477
A38: Num | B38: =COUNT(B9:B32) -> 24 | C38: =COUNT(C9:C32) -> 24 | D38: =COUNT(D9:D32) -> 24 | E38: =COUNT(E9:E32) -> 24 | F38: =COUNT(F9:F32) -> 24 | G38: =COUNT(G9:G32) -> 24 | H38: =COUNT(H9:H32) -> 24 | I38: =COUNT(I9:I32) -> 0 | ... Q38: =COUNT(Q9:Q32) -> 24
A39: DCR | B39: =IF(B38>=22,">90%",IF(B38<=22,"<90%")) -> >90% | C39: =IF(C38>=22,">90%",IF(C38<=22,"<90%")) -> >90% | D39: =IF(D38>=22,">90%",IF(D38<=22,"<90%")) -> >90% | E39: =IF(E38>=22,">90%",IF(E38<=22,"<90%")) -> >90% | F39: =IF(F38>=22,">90%",IF(F38<=22,"<90%")) -> >90% | G39: =IF(G38>=22,">90%",IF(G38<=22,"<90%")) -> >90% | H39: =IF(H38>=22,">90%",IF(H38<=22,"<90%")) -> >90% | I39: =IF(I38>=22,">90%",IF(I38<=22,"<90%")) -> <90% | ... Q39: =IF(Q38>=22,">90%",IF(Q38<=22,"<90%")) -> >90%
A40: Status | B40: =IF(B38>=22,"OK",IF(B38<=22,"LESS")) -> OK | C40: =IF(C38>=22,"OK",IF(C38<=22,"LESS")) -> OK | D40: =IF(D38>=22,"OK",IF(D38<=22,"LESS")) -> OK | E40: =IF(E38>=22,"OK",IF(E38<=22,"LESS")) -> OK | F40: =IF(F38>=22,"OK",IF(F38<=22,"LESS")) -> OK | G40: =IF(G38>=22,"OK",IF(G38<=22,"LESS")) -> OK | H40: =IF(H38>=22,"OK",IF(H38<=22,"LESS")) -> OK | I40: =IF(I38>=22,"OK",IF(I38<=22,"LESS")) -> LESS | ... Q40: =IF(Q38>=22,"OK",IF(Q38<=22,"LESS")) -> OK
A43: Done by | B43: RAHUL
A45: Comment

Sheet 20
A1: Station: | B1: BHATAGAON RAIPUR
A2: Date: | B2: =$A$9 -> 20/02/2025 01:00 | D2: Power Off | G2: Pw.Off | L2: Link Fail | N2: Link F | P2: Maintenance | R2: Maint.
A3: Report Type: | B3: Mean | D3: Calibration | G3: Calib. | L3: Data Fail | N3: Data F | P3: Invalid | R3: Invalid
A4: Time Base: | B4: 01 Hour | D4: Zero Referrence | G4: Z.Ref | L4: Warm Up | N4: Wm. Up
A7: Date & Time | B7: NO_BHATAGAON | C7: NO2__BHATAGAON | D7: NOX_BHATAGAON | E7: SO2__BHATAGAON | F7: O3__BHATAGAON | G7: PM10__BHATAGAON | H7: PM2_5__BHATAGAON | I7: BENZ__BHATAGAON | J7: WS__BHATAGAON | K7: WD__BHATAGAON | L7: TEMP__BHATAGAON | M7: HUM__BHATAGAON | N7: SR__BHATAGAON | O7: RG__BHATAGAON | P7: CO__BHATAGAON | Q7: NH3__BHATAGAON
B8: ug/m3 | C8: ug/m3 | D8: ppb | E8: ug/m3 | F8: ug/m3 | G8: mg/m3 | H8: ug/m3 | I8: ug/m3 | J8: m/sec | K8: deg | L8: degreC | M8: % | N8: w/m2 | O8: mm | P8: ug/m3 | Q8: ug/m3
A9: 20/02/2025 01:00 | B9: 67.75 | C9: 83.41 | D9: 149.07 | E9: 7.23 | F9: 2.13 | G9: 138.13 | H9: 14.2 | I9: Invalid | J9: 0.68 | K9: 334.31 | L9: 19.01 | M9: 74.51 | N9: 63.8 | O9: 0 | P9: 1.64 | Q9: 9.69
A10: 20/02/2025 02:00 | B10: 62.22 | C10: 76.38 | D10: 136.5 | E10: 6.58 | F10: 2.13 | G10: 139.4 | H10: Data F | I10: Invalid | J10: 0.78 | K10: 310.66 | L10: 18.82 | M10: 76.76 | N10: 63.6 | O10: 0 | P10: 1.26 | Q10: 9.67
A11: 20/02/2025 03:00 | B11: 57.48 | C11: 75.42 | D11: 130.8 | E11: 6.32 | F11: 2.13 | G11: 114.43 | H11: Data F | I11: Invalid | J11: 1.72 | K11: 347.58 | L11: 18.47 | M11: 76.19 | N11: 63.7 | O11: 0 | P11: 1.16 | Q11: 9.64
A12: 20/02/2025 04:00 | B12: 46.8 | C12: 68.8 | D12: 113.5 | E12: 6.84 | F12: 2.13 | G12: 94.8 | H12: Data F | I12: Invalid | J12: 1.65 | K12: 357.36 | L12: 18.4 | M12: 73.12 | N12: 63.4 | O12: 0 | P12: 1.23 | Q12: 9.6
A13: 20/02/2025 05:00 | B13: 37.32 | C13: 70.04 | D13: 104.68 | E13: 7.07 | F13: 2.13 | G13: 151.05 | H13: Data F | I13: Invalid | J13: 1.11 | K13: 42.95 | L13: 18.41 | M13: 68.41 | N13: 63.6 | O13: 0 | P13: 1.19 | Q13: 9.53
A14: 20/02/2025 06:00 | B14: 32.02 | C14: 69.88 | D14: 99.8 | E14: 6.61 | F14: 2.23 | G14: 158.68 | H14: Data F | I14: Invalid | J14: 0.72 | K14: 321.46 | L14: 18.44 | M14: 65.21 | N14: 63.8 | O14: 0 | P14: 1.15 | Q14: 9.53
A15: 20/02/2025 07:00 | B15: 29.59 | C15: 70.95 | D15: 98.31 | E15: 6.1 | F15: 2.13 | G15: 121.27 | H15: Data F | I15: Invalid | J15: 0.59 | K15: 351.57 | L15: 17.84 | M15: 67.02 | N15: 90.6 | O15: 0 | P15: 1.02 | Q15: 9.47
A16: 20/02/2025 08:00 | B16: 35.01 | C16: 73.86 | D16: 106.77 | E16: 5.98 | F16: 2.13 | G16: 109.52 | H16: 62.43 | I16: Invalid | J16: 1.08 | K16: 345.99 | L16: 19.09 | M16: 67.92 | N16: 243.4 | O16: 0 | P16: 1.04 | Q16: 9.45
A17: 20/02/2025 09:00 | B17: 32.89 | C17: 73.02 | D17: 101.08 | E17: 6.75 | F17: 2.13 | G17: 132.28 | H17: 40.95 | I17: Invalid | J17: 0.95 | K17: 343.3 | L17: 26.6 | M17: 58.77 | N17: 434.6 | O17: 0 | P17: 1.02 | Q17: 9.5
A18: 20/02/2025 10:00 | B18: 29.03 | C18: 77.07 | D18: 102.19 | E18: 6.58 | F18: 2.13 | G18: 123.82 | H18: 45.51 | I18: Invalid | J18: 0.71 | K18: 281.75 | L18: 26.7 | M18: 45.48 | N18: 631.9 | O18: 0 | P18: 1.01 | Q18: 9.5
A19: 20/02/2025 11:00 | B19: 17.36 | C19: 76.87 | D19: 90.17 | E19: 9.87 | F19: 18.78 | G19: 118.04 | H19: 40.08 | I19: Invalid | J19: 0.92 | K19: 255.94 | L19: 27.18 | M19: 47.05 | N19: 765.6 | O19: 0 | P19: 0.91 | Q19: 9.48
A20: 20/02/2025 12:00 | B20: 3.78 | C20: 66.21 | D20: 67.88 | E20: 12.64 | F20: 17.87 | G20: 82.2 | H20: 33.44 | I20: Invalid | J20: 1.21 | K20: 307.01 | L20: 31.19 | M20: 44.19 | N20: 785.1 | O20: 0 | P20: 0.78 | Q20: 9.35
A21: 20/02/2025 13:00 | B21: 3.69 | C21: 69.83 | D21: 71.1 | E21: 12.92 | F21: 21.94 | G21: 111.07 | H21: 42.73 | I21: Invalid | J21: 1.26 | K21: 324.53 | L21: 32.39 | M21: 32.51 | N21: 750.5 | O21: 0 | P21: 0.88 | Q21: 9.36
A22: 20/02/2025 14:00 | B22: 3.65 | C22: 64.44 | D22: 65.93 | E22: 10.51 | F22: 13.11 | G22: 108.38 | H22: 38.04 | I22: Invalid | J22: 1.31 | K22: 308.01 | L22: 32.65 | M22: 29.57 | N22: 739.2 | O22: 0 | P22: 0.82 | Q22: 9.4
A23: 20/02/2025 15:00 | B23: 3.86 | C23: 66.14 | D23: 67.75 | E23: 10.44 | F23: 16.81 | G23: 93.45 | H23: 29.96 | I23: Invalid | J23: 1.74 | K23: 324.78 | L23: 31.96 | M23: 26.41 | N23: 594.5 | O23: 0 | P23: 0.67 | Q23: 9.37
A24: 20/02/2025 16:00 | B24: 4.2 | C24: 65.58 | D24: 67.4 | E24: 8.84 | F24: 9.96 | G24: 74.25 | H24: 30.59 | I24: Invalid | J24: 2.2 | K24: 322.93 | L24: 31.36 | M24: 26.65 | N24: 343.1 | O24: 0 | P24: 0.6 | Q24: 9.31
A25: 20/02/2025 17:00 | B25: 3.87 | C25: 59.51 | D25: 61.28 | E25: 11.09 | F25: 19.45 | G25: 67.01 | H25: 29.74 | I25: Invalid | J25: 2 | K25: 316.71 | L25: 28.5 | M25: 30.27 | N25: 151.1 | O25: 0 | P25: 0.5 | Q25: 9.24
A26: 20/02/2025 18:00 | B26: 5.38 | C26: 64.16 | D26: 67.44 | E26: 9.08 | F26: 6.25 | G26: 46.29 | H26: 16.96 | I26: Invalid | J26: 1.41 | K26: 355.04 | L26: 26.93 | M26: 36.91 | N26: 101.2 | O26: 0 | P26: 0.72 | Q26: 9.27
A27: 20/02/2025 19:00 | B27: 14.3 | C27: 71.43 | D27: 83.27 | E27: Data F | F27: 2.13 | G27: 73.58 | H27: 21.17 | I27: Invalid | J27: 0.9 | K27: 358.65 | L27: 24.48 | M27: 46.58 | N27: 64.9 | O27: 0 | P27: 1.58 | Q27: 9.39
A28: 20/02/2025 20:00 | B28: 44.08 | C28: 79.7 | D28: 121.68 | E28: Data F | F28: 2.16 | G28: 100.86 | H28: 33.17 | I28: Invalid | J28: 0.48 | K28: 311.76 | L28: 22.63 | M28: 52.73 | N28: 64 | O28: 0 | P28: 2.12 | Q28: 9.38
A29: 20/02/2025 21:00 | B29: 74.38 | C29: 81.13 | D29: 151.76 | E29: Data F | F29: 2.13 | G29: 188.46 | H29: 43 | I29: Invalid | J29: 0.52 | K29: 346.92 | L29: 21.79 | M29: 62.24 | N29: 63.9 | O29: 0 | P29: 2.13 | Q29: 9.52
A30: 20/02/2025 22:00 | B30: 111.01 | C30: 83.95 | D30: 192.86 | E30: Data F | F30: 2.15 | G30: 176.03 | H30: 54.85 | I30: Invalid | J30: 0.82 | K30: 320.27 | L30: 20.46 | M30: 74.54 | N30: 63.9 | O30: 0 | P30: 2.54 | Q30: 9.54
A31: 20/02/2025 23:00 | B31: 145.64 | C31: 85.28 | D31: 228.82 | E31: Data F | F31: 2.13 | G31: 215.47 | H31: 55.23 | I31: Invalid | J31: 0.58 | K31: 327.48 | L31: 19.24 | M31: 71.84 | N31: 63.9 | O31: 0 | P31: 2.52 | Q31: 9.76
A32: 20/02/2025 24:00 | B32: 180.47 | C32: 85.87 | D32: 264.24 | E32: Data F | F32: 2.24 | G32: 196.92 | H32: 55.94 | I32: Invalid | J32: 0.71 | K32: 354.95 | L32: 18.61 | M32: 82.23 | N32: 63.9 | O32: 0 | P32: 3.01 | Q32: 9.97
A34: Min | B34: =MIN(B9:B32) -> 3.65 | C34: =MIN(C9:C32) -> 59.51 | D34: =MIN(D9:D32) -> 61.28 | E34: =MIN(E9:E32) -> 5.98 | F34: =MIN(F9:F32) -> 2.13 | G34: =MIN(G9:G32) -> 46.29 | H34: =MIN(H9:H32) -> 14.2 | I34: =MIN(I9:I32) -> 0 | ... Q34: =MIN(Q9:Q32) -> 9.24
A35: Max | B35: =MAX(B9:B32) -> 180.47 | C35: =MAX(C9:C32) -> 85.87 | D35: =MAX(D9:D32) -> 264.24 | E35: =MAX(E9:E32) -> 12.92 | F35: =MAX(F9:F32) -> 21.94 | G35: =MAX(G9:G32) -> 215.47 | H35: =MAX(H9:H32) -> 62.43 | I35: =MAX(I9:I32) -> 0 | ... Q35: =MAX(Q9:Q32) -> 9.97
A36: Avg | B36: =AVERAGE(B9:B32) -> 43.574167 | C36: =AVERAGE(C9:C32) -> 73.28875 | D36: =AVERAGE(D9:D32) -> 114.345 | E36: =AVERAGE(E9:E32) -> 8.4138889 | F36: =AVERAGE(F9:F32) -> 6.6045833 | G36: =AVERAGE(G9:G32) -> 122.30792 | H36: =AVERAGE(H9:H32) -> 38.221667 | I36: =AVERAGE(I9:I32) -> #DIV/0! | ... Q36: =AVERAGE(Q9:Q32) -> 9.4966667
A37: Stdev | B37: =STDEV(B9:B32) -> 46.172193 | C37: =STDEV(C9:C32) -> 7.3358147 | D37: =STDEV(D9:D32) -> 52.509534 | E37: =STDEV(E9:E32) -> 2.3094031 | F37: =STDEV(F9:F32) -> 7.0748563 | G37: =STDEV(G9:G32) -> 42.755819 | H37: =STDEV(H9:H32) -> 13.589904 | I37: =STDEV(I9:I32) -> #DIV/0! | ... Q37: =STDEV(Q9:Q32) -> 0.16714135
A38: Num | B38: =COUNT(B9:B32) -> 24 | C38: =COUNT(C9:C32) -> 24 | D38: =COUNT(D9:D32) -> 24 | E38: =COUNT(E9:E32)+6 -> 24 | F38: =COUNT(F9:F32) -> 24 | G38: =COUNT(G9:G32) -> 24 | H38: =COUNT(H9:H32)+6 -> 24 | I38: =COUNT(I9:I32) -> 0 | J38: =COUNT(J9:J32) -> 24 | K38: =COUNT(K9:K32) -> 24 | L38: =COUNT(L9:L32) -> 24 | M38: =COUNT(M9:M32) -> 24 | N38: =COUNT(N9:N32) -> 24 | O38: =COUNT(O9:O32) -> 24 | P38: =COUNT(P9:P32) -> 24 | Q38: =COUNT(Q9:Q32) -> 24
A39: DCR | B39: =IF(B38>=22,">90%",IF(B38<=22,"<90%")) -> >90% | C39: =IF(C38>=22,">90%",IF(C38<=22,"<90%")) -> >90% | D39: =IF(D38>=22,">90%",IF(D38<=22,"<90%")) -> >90% | E39: =IF(E38>=22,">90%",IF(E38<=22,"<90%")) -> >90% | F39: =IF(F38>=22,">90%",IF(F38<=22,"<90%")) -> >90% | G39: =IF(G38>=22,">90%",IF(G38<=22,"<90%")) -> >90% | H39: =IF(H38>=22,">90%",IF(H38<=22,"<90%")) -> >90% | I39: =IF(I38>=22,">90%",IF(I38<=22,"<90%")) -> <90% | ... Q39: =IF(Q38>=22,">90%",IF(Q38<=22,"<90%")) -> >90%
A40: Status | B40: =IF(B38>=22,"OK",IF(B38<=22,"LESS")) -> OK | C40: =IF(C38>=22,"OK",IF(C38<=22,"LESS")) -> OK | D40: =IF(D38>=22,"OK",IF(D38<=22,"LESS")) -> OK | E40: =IF(E38>=22,"OK",IF(E38<=22,"LESS")) -> OK | F40: =IF(F38>=22,"OK",IF(F38<=22,"LESS")) -> OK | G40: =IF(G38>=22,"OK",IF(G38<=22,"LESS")) -> OK | H40: =IF(H38>=22,"OK",IF(H38<=22,"LESS")) -> OK | I40: =IF(I38>=22,"OK",IF(I38<=22,"LESS")) -> LESS | ... Q40: =IF(Q38>=22,"OK",IF(Q38<=22,"LESS")) -> OK
A43: Done by | B43: RAHUL
A45: Comment

Sheet 21
A1: Station: | B1: BHATAGAON RAIPUR
A2: Date: | B2: =$A$9 -> 21/02/2025 01:00 | D2: Power Off | G2: Pw.Off | L2: Link Fail | N2: Link F | P2: Maintenance | R2: Maint.
A3: Report Type: | B3: Mean | D3: Calibration | G3: Calib. | L3: Data Fail | N3: Data F | P3: Invalid | R3: Invalid
A4: Time Base: | B4: 01 Hour | D4: Zero Referrence | G4: Z.Ref | L4: Warm Up | N4: Wm. Up
A7: Date & Time | B7: NO_BHATAGAON | C7: NO2__BHATAGAON | D7: NOX_BHATAGAON | E7: SO2__BHATAGAON | F7: O3__BHATAGAON | G7: PM10__BHATAGAON | H7: PM2_5__BHATAGAON | I7: BENZ__BHATAGAON | J7: WS__BHATAGAON | K7: WD__BHATAGAON | L7: TEMP__BHATAGAON | M7: HUM__BHATAGAON | N7: SR__BHATAGAON | O7: RG__BHATAGAON | P7: CO__BHATAGAON | Q7: NH3__BHATAGAON
B8: ug/m3 | C8: ug/m3 | D8: ppb | E8: ug/m3 | F8: ug/m3 | G8: mg/m3 | H8: ug/m3 | I8: ug/m3 | J8: m/sec | K8: deg | L8: degreC | M8: % | N8: w/m2 | O8: mm | P8: ug/m3 | Q8: ug/m3
A9: 21/02/2025 01:00 | B9: 181.84 | C9: 85.91 | D9: 265.65 | E9: Maint. | F9: 2.21 | G9: 229.44 | H9: 55.89 | I9: Invalid | J9: 0.78 | K9: 331.63 | L9: 19.44 | M9: 65.72 | N9: 63.8 | O9: 0 | P9: 2.83 | Q9: 10.1
A10: 21/02/2025 02:00 | B10: 162.87 | C10: 78.33 | D10: 239.1 | E10: Maint. | F10: 2.13 | G10: 202.08 | H10: 69.29 | I10: Invalid | J10: 0.42 | K10: 357.75 | L10: 18.42 | M10: 74.97 | N10: 64.1 | O10: 0 | P10: 2.25 | Q10: 10.07
A11: 21/02/2025 03:00 | B11: 137.5 | C11: 75.87 | D11: 211.27 | E11: Maint. | F11: 2.13 | G11: 165.15 | H11: 58.7 | I11: Invalid | J11: 0.9 | K11: 331.22 | L11: 18.76 | M11: 68.88 | N11: 63.9 | O11: 0 | P11: 1.96 | Q11: 9.99
A12: 21/02/2025 04:00 | B12: 106.93 | C12: 73.76 | D12: 178.6 | E12: Maint. | F12: 2.13 | G12: 84.14 | H12: 47.72 | I12: Invalid | J12: 1.08 | K12: 176.11 | L12: 18.5 | M12: 78.3 | N12: 64.7 | O12: 0 | P12: 1.73 | Q12: 9.91
A13: 21/02/2025 05:00 | B13: 79.51 | C13: 70.82 | D13: 148.23 | E13: Maint. | F13: 2.13 | G13: 90.07 | H13: 39.81 | I13: Invalid | J13: 0.63 | K13: 342.59 | L13: 17.01 | M13: 84.48 | N13: 64.3 | O13: 0 | P13: 1.22 | Q13: 9.76
A14: 21/02/2025 06:00 | B14: 67.29 | C14: 69.65 | D14: 133.34 | E14: Maint. | F14: 2.31 | G14: 114.13 | H14: 38.2 | I14: Invalid | J14: 0.99 | K14: 87.95 | L14: 17.18 | M14: 81.95 | N14: 63.8 | O14: 0 | P14: 1.18 | Q14: 9.63
A15: 21/02/2025 07:00 | B15: 54.38 | C15: 66.58 | D15: 118.86 | E15: Maint. | F15: 2.13 | G15: 69.32 | H15: 34.46 | I15: Invalid | J15: 1.43 | K15: 359.57 | L15: 16.97 | M15: 85.35 | N15: 90.8 | O15: 0 | P15: 1.05 | Q15: 9.59
A16: 21/02/2025 08:00 | B16: 47.26 | C16: 66.14 | D16: 110.5 | E16: Maint. | F16: 2.13 | G16: 118.03 | H16: 40.82 | I16: Invalid | J16: 1.38 | K16: 12.09 | L16: 19.63 | M16: 83.85 | N16: 256.4 | O16: 0 | P16: 1.16 | Q16: 9.54
A17: 21/02/2025 09:00 | B17: 43.05 | C17: 64.96 | D17: 103.07 | E17: Maint. | F17: 2.13 | G17: 111.08 | H17: 37.88 | I17: Invalid | J17: 1.01 | K17: 83.68 | L17: 21.66 | M17: 70.23 | N17: 445 | O17: 0 | P17: 1.09 | Q17: 9.57
A18: 21/02/2025 10:00 | B18: 36.94 | C18: 65.82 | D18: 100.36 | E18: Maint. | F18: 2.21 | G18: 95.57 | H18: 38.27 | I18: Invalid | J18: 1.5 | K18: 91.93 | L18: 24.43 | M18: 66.75 | N18: 633.9 | O18: 0 | P18: 1 | Q18: 9.5
A19: 21/02/2025 11:00 | B19: 29.28 | C19: 66.41 | D19: 92.13 | E19: Maint. | F19: 2.13 | G19: 83.84 | H19: 31.66 | I19: Invalid | J19: 1.12 | K19: 342.32 | L19: 28.26 | M19: 55.11 | N19: 746.1 | O19: 0 | P19: 0.9 | Q19: 9.45
A20: 21/02/2025 12:00 | B20: 20.61 | C20: 70.39 | D20: 86.14 | E20: Maint. | F20: 2.13 | G20: 75.27 | H20: 28.76 | I20: Invalid | J20: 1.14 | K20: 350.58 | L20: 30.07 | M20: 49.08 | N20: 752.4 | O20: 0 | P20: 0.84 | Q20: 9.44
... A25: 21/02/2025 17:00 | B25: 5.82 | C25: 66.95 | D25: 70.12 | E25: Maint. | F25: 2.13 | G25: 40.65 | H25: 20.59 | I25: Invalid | J25: 1.53 | K25: 325.67 | L25: 28.81 | M25: 26.29 | N25: 153.6 | O25: 0 | P25: 0.63 | Q25: 9.28
A26: 21/02/2025 18:00 | B26: 6.2 | C26: 70.85 | D26: 72.78 | E26: 22.03 | F26: 30.66 | G26: 42.94 | H26: 20.06 | I26: Invalid | J26: 0.69 | K26: 289.72 | L26: 26.82 | M26: 30.86 | N26: 99.1 | O26: 0 | P26: 0.69 | Q26: 9.26
A27: 21/02/2025 19:00 | B27: 23.35 | C27: 88.66 | D27: 109.91 | E27: 8.34 | F27: 3.12 | G27: 41.31 | H27: 19.42 | I27: Invalid | J27: 0.67 | K27: 234.76 | L27: 24.17 | M27: 48.34 | N27: 63.9 | O27: 0 | P27: 1.67 | Q27: 9.34
A28: 21/02/2025 20:00 | B28: 42.65 | C28: 90.28 | D28: 130.41 | E28: 8.23 | F28: 2.13 | G28: 175.96 | H28: 22.49 | I28: Invalid | J28: 0.65 | K28: 334.27 | L28: 22.47 | M28: 49.38 | N28: 62.7 | O28: 0 | P28: 1.25 | Q28: 9.48
A29: 21/02/2025 21:00 | B29: 74.66 | C29: 91.57 | D29: 164.12 | E29: 7.65 | F29: 2.13 | G29: 121.49 | H29: 22.78 | I29: Invalid | J29: 0.73 | K29: 116.25 | L29: 21.32 | M29: 46.8 | N29: 63.2 | O29: 0 | P29: 1.3 | Q29: 9.48
A30: 21/02/2025 22:00 | B30: 110.65 | C30: 91.14 | D30: 199.18 | E30: 7.61 | F30: 2.13 | G30: 125.83 | H30: 25.69 | I30: Invalid | J30: 0.72 | K30: 350.31 | L30: 19.81 | M30: 52.84 | N30: 63 | O30: 0 | P30: 1.71 | Q30: 9.61
A31: 21/02/2025 23:00 | B31: 128.31 | C31: 91.36 | D31: 216.65 | E31: 8.24 | F31: 2.13 | G31: 127.93 | H31: 27.93 | I31: Invalid | J31: 0.64 | K31: 359.2 | L31: 19.29 | M31: 57.51 | N31: 63 | O31: 0 | P31: 1.73 | Q31: 9.82
A32: 21/02/2025 24:00 | B32: 125.98 | C32: 86.21 | D32: 210.09 | E32: 7.96 | F32: 2.13 | G32: 104.95 | H32: 33.28 | I32: Invalid | J32: 0.68 | K32: 338.85 | L32: 19.66 | M32: 57.19 | N32: 63.5 | O32: 0 | P32: 1.43 | Q32: 9.87
A34: Min | B34: =MIN(B9:B32) -> 5.75 | C34: =MIN(C9:C32) -> 64.96 | D34: =MIN(D9:D32) -> 70.12 | E34: =MIN(E9:E32) -> 7.61 | F34: =MIN(F9:F32) -> 2.13 | G34: =MIN(G9:G32) -> 40.65 | H34: =MIN(H9:H32) -> 19.42 | I34: =MIN(I9:I32) -> 0 | ... Q34: =MIN(Q9:Q32) -> 9.26
A35: Max | B35: =MAX(B9:B32) -> 181.84 | C35: =MAX(C9:C32) -> 91.57 | D35: =MAX(D9:D32) -> 265.65 | E35: =MAX(E9:E32) -> 22.03 | F35: =MAX(F9:F32) -> 30.66 | G35: =MAX(G9:G32) -> 229.44 | H35: =MAX(H9:H32) -> 69.29 | I35: =MAX(I9:I32) -> 0 | ... Q35: =MAX(Q9:Q32) -> 10.1
A36: Avg | B36: =AVERAGE(B9:B32) -> 63.589167 | C36: =AVERAGE(C9:C32) -> 75.877083 | D36: =AVERAGE(D9:D32) -> 136.71667 | E36: =AVERAGE(E9:E32) -> 10.008571 | F36: =AVERAGE(F9:F32) -> 3.3891667 | G36: =AVERAGE(G9:G32) -> 105.99708 | H36: =AVERAGE(H9:H32) -> 34.625833 | I36: =AVERAGE(I9:I32) -> #DIV/0! | ... Q36: =AVERAGE(Q9:Q32) -> 9.5929167
A37: Stdev | B37: =STDEV(B9:B32) -> 53.758801 | C37: =STDEV(C9:C32) -> 9.4631268 | D37: =STDEV(D9:D32) -> 59.389173 | E37: =STDEV(E9:E32) -> 5.3088399 | F37: =STDEV(F9:F32) -> 5.8122194 | G37: =STDEV(G9:G32) -> 48.677933 | H37: =STDEV(H9:H32) -> 12.762637 | I37: =STDEV(I9:I32) -> #DIV/0! | ... Q37: =STDEV(Q9:Q32) -> 0.24961674
A38: Num | B38: =COUNT(B9:B32) -> 24 | C38: =COUNT(C9:C32) -> 24 | D38: =COUNT(D9:D32) -> 24 | E38: =COUNT(E9:E32)+17 -> 24 | F38: =COUNT(F9:F32) -> 24 | G38: =COUNT(G9:G32) -> 24 | H38: =COUNT(H9:H32) -> 24 | I38: =COUNT(I9:I32) -> 0 | J38: =COUNT(J9:J32) -> 24 | K38: =COUNT(K9:K32) -> 24 | L38: =COUNT(L9:L32) -> 24 | M38: =COUNT(M9:M32) -> 24 | ... Q38: =COUNT(Q9:Q32) -> 24
A39: DCR | B39: =IF(B38>=22,">90%",IF(B38<=22,"<90%")) -> >90% | C39: =IF(C38>=22,">90%",IF(C38<=22,"<90%")) -> >90% | D39: =IF(D38>=22,">90%",IF(D38<=22,"<90%")) -> >90% | E39: =IF(E38>=22,">90%",IF(E38<=22,"<90%")) -> >90% | F39: =IF(F38>=22,">90%",IF(F38<=22,"<90%")) -> >90% | G39: =IF(G38>=22,">90%",IF(G38<=22,"<90%")) -> >90% | H39: =IF(H38>=22,">90%",IF(H38<=22,"<90%")) -> >90% | I39: =IF(I38>=22,">90%",IF(I38<=22,"<90%")) -> <90% | ... Q39: =IF(Q38>=22,">90%",IF(Q38<=22,"<90%")) -> >90%
A40: Status | B40: =IF(B38>=22,"OK",IF(B38<=22,"LESS")) -> OK | C40: =IF(C38>=22,"OK",IF(C38<=22,"LESS")) -> OK | D40: =IF(D38>=22,"OK",IF(D38<=22,"LESS")) -> OK | E40: =IF(E38>=22,"OK",IF(E38<=22,"LESS")) -> OK | F40: =IF(F38>=22,"OK",IF(F38<=22,"LESS")) -> OK | G40: =IF(G38>=22,"OK",IF(G38<=22,"LESS")) -> OK | H40: =IF(H38>=22,"OK",IF(H38<=22,"LESS")) -> OK | I40: =IF(I38>=22,"OK",IF(I38<=22,"LESS")) -> LESS | ... Q40: =IF(Q38>=22,"OK",IF(Q38<=22,"LESS")) -> OK
A43: Done by | B43: RAHUL
A45: Comment

Sheet 22
A1: Station: | B1: BHATAGAON RAIPUR
A2: Date: | B2: =$A$9 -> 22/02/2025 01:00 | D2: Power Off | G2: Pw.Off | L2: Link Fail | N2: Link F | P2: Maintenance | R2: Maint.
A3: Report Type: | B3: Mean | D3: Calibration | G3: Calib. | L3: Data Fail | N3: Data F | P3: Invalid | R3: Invalid
A4: Time Base: | B4: 01 Hour | D4: Zero Referrence | G4: Z.Ref | L4: Warm Up | N4: Wm. Up
A7: Date & Time | B7: NO_BHATAGAON | C7: NO2__BHATAGAON | D7: NOX_BHATAGAON | E7: SO2__BHATAGAON | F7: O3__BHATAGAON | G7: PM10__BHATAGAON | H7: PM2_5__BHATAGAON | I7: BENZ__BHATAGAON | J7: WS__BHATAGAON | K7: WD__BHATAGAON | L7: TEMP__BHATAGAON | M7: HUM__BHATAGAON | N7: SR__BHATAGAON | O7: RG__BHATAGAON | P7: CO__BHATAGAON | Q7: NH3__BHATAGAON
B8: ug/m3 | C8: ug/m3 | D8: ppb | E8: ug/m3 | F8: ug/m3 | G8: mg/m3 | H8: ug/m3 | I8: ug/m3 | J8: m/sec | K8: deg | L8: degreC | M8: % | N8: w/m2 | O8: mm | P8: ug/m3 | Q8: ug/m3
A9: 22/02/2025 01:00 | B9: 107.17 | C9: 79.82 | D9: 184.88 | E9: 6.98 | F9: 2.13 | G9: 67.3 | H9: 25.66 | I9: Invalid | J9: 0.56 | K9: 292.58 | L9: 17.63 | M9: 61.76 | N9: 63.2 | O9: 0 | P9: 1.27 | Q9: 9.81
A10: 22/02/2025 02:00 | B10: 91.34 | C10: 74.38 | D10: 163.63 | E10: 6.49 | F10: 2.13 | G10: 85.91 | H10: 23.3 | I10: Invalid | J10: 0.46 | K10: 328.05 | L10: 17.15 | M10: 65.63 | N10: 63.2 | O10: 0 | P10: 1.11 | Q10: 9.76
A11: 22/02/2025 03:00 | B11: 77.66 | C11: 69.45 | D11: 145.01 | E11: 6.72 | F11: 2.13 | G11: 72.65 | H11: 22.28 | I11: Invalid | J11: 0.71 | K11: 335.05 | L11: 16.06 | M11: 70.49 | N11: 63.1 | O11: 0 | P11: 0.93 | Q11: 9.74
A12: 22/02/2025 04:00 | B12: 67.18 | C12: 66.7 | D12: 131.78 | E12: 7.2 | F12: 2.13 | G12: 98.48 | H12: 24.08 | I12: Invalid | J12: 1.07 | K12: 342.04 | L12: 16.29 | M12: 70.4 | N12: 63 | O12: 0 | P12: 0.95 | Q12: 9.65
A13: 22/02/2025 05:00 | B13: 56.52 | C13: 65.4 | D13: 119.83 | E13: 6.65 | F13: 2.18 | G13: 120.58 | H13: 28.75 | I13: Invalid | J13: 0.94 | K13: 244.74 | L13: 16.44 | M13: 81.08 | N13: 63.1 | O13: 0 | P13: 0.92 | Q13: 9.6
A14: 22/02/2025 06:00 | B14: 48.13 | C14: 62.15 | D14: 108.18 | E14: 6.05 | F14: 2.13 | G14: 93.16 | H14: 28.14 | I14: Invalid | J14: 0.74 | K14: 260.86 | L14: 14.53 | M14: 83.96 | N14: 63.2 | O14: 0 | P14: 0.87 | Q14: 9.57
A15: 22/02/2025 07:00 | B15: 52.05 | C15: 63.02 | D15: 112.97 | E15: 6.14 | F15: 2.13 | G15: 63.54 | H15: 23.87 | I15: Invalid | J15: 0.84 | K15: 265.74 | L15: 14.71 | M15: 78.28 | N15: 92.2 | O15: 0 | P15: 0.82 | Q15: 9.57
A16: 22/02/2025 08:00 | B16: 53.16 | C16: 64.53 | D16: 114.8 | E16: 6.41 | F16: 2.13 | G16: 78.64 | H16: 25.87 | I16: Invalid | J16: 0.81 | K16: 228.37 | L16: 19.81 | M16: 64.08 | N16: 292.2 | O16: 0 | P16: 0.8 | Q16: 9.59
A17: 22/02/2025 09:00 | B17: 47.17 | C17: 64.9 | D17: 109.96 | E17: 6.68 | F17: 2.13 | G17: 79.68 | H17: 24.19 | I17: Invalid | J17: 0.9 | K17: 247.24 | L17: 22.87 | M17: 47.48 | N17: 519 | O17: 0 | P17: 0.8 | Q17: 9.53
A18: 22/02/2025 10:00 | B18: 37 | C18: 68.22 | D18: 100.1 | E18: 6.13 | F18: 2.13 | G18: 68.15 | H18: 23.7 | I18: Invalid | J18: 0.71 | K18: 314.71 | L18: 27.89 | M18: 39.3 | N18: 705.4 | O18: 0 | P18: 0.76 | Q18: 9.56
A19: 22/02/2025 11:00 | B19: 27.04 | C19: 69.35 | D19: 94.28 | E19: 5.63 | F19: 2.13 | G19: 65.19 | H19: 22.57 | I19: Invalid | J19: 0.73 | K19: 352.25 | L19: 31.03 | M19: 28.92 | N19: 844 | O19: 0 | P19: 0.72 | Q19: 9.48
A20: 22/02/2025 12:00 | B20: 19.44 | C20: 70.6 | D20: 86.53 | E20: 5.89 | F20: 2.13 | G20: 58.52 | H20: 19.8 | I20: Invalid | J20: 1.34 | K20: 359.09 | L20: 32.96 | M20: 21.98 | N20: 853.5 | O20: 0 | P20: 0.65 | Q20: 9.43
... A32: 22/02/2025 24:00 | B32: 23.81 | C32: 69.25 | D32: 90.96 | E32: 6.22 | F32: 2.13 | G32: 82.21 | H32: 25.61 | I32: Invalid | J32: 1.53 | K32: 353.23 | L32: 19.16 | M32: 46.35 | N32: 66.8 | O32: 0 | P32: 0.93 | Q32: 9.49
A34: Min | B34: =MIN(B9:B32) -> 7.31 | C34: =MIN(C9:C32) -> 61.65 | D34: =MIN(D9:D32) -> 67.07 | E34: =MIN(E9:E32) -> 4.59 | F34: =MIN(F9:F32) -> 2.13 | G34: =MIN(G9:G32) -> 24.79 | H34: =MIN(H9:H32) -> 12.2 | I34: =MIN(I9:I32) -> 0 | ... Q34: =MIN(Q9:Q32) -> 9.36
A35: Max | B35: =MAX(B9:B32) -> 107.17 | C35: =MAX(C9:C32) -> 79.82 | D35: =MAX(D9:D32) -> 184.88 | E35: =MAX(E9:E32) -> 7.61 | F35: =MAX(F9:F32) -> 2.28 | G35: =MAX(G9:G32) -> 120.58 | H35: =MAX(H9:H32) -> 28.75 | I35: =MAX(I9:I32) -> 0 | ... Q35: =MAX(Q9:Q32) -> 9.81
A36: Avg | B36: =AVERAGE(B9:B32) -> 38.34 | C36: =AVERAGE(C9:C32) -> 68.755417 | D36: =AVERAGE(D9:D32) -> 104.70375 | E36: =AVERAGE(E9:E32) -> 6.1333333 | F36: =AVERAGE(F9:F32) -> 2.1420833 | G36: =AVERAGE(G9:G32) -> 69.271667 | H36: =AVERAGE(H9:H32) -> 21.654167 | I36: =AVERAGE(I9:I32) -> #DIV/0! | ... Q36: =AVERAGE(Q9:Q32) -> 9.5120833
A37: Stdev | B37: =STDEV(B9:B32) -> 27.28648 | C37: =STDEV(C9:C32) -> 4.7355097 | D37: =STDEV(D9:D32) -> 29.419449 | E37: =STDEV(E9:E32) -> 0.75059204 | F37: =STDEV(F9:F32) -> 0.035871651 | G37: =STDEV(G9:G32) -> 24.08191 | H37: =STDEV(H9:H32) -> 5.1140445 | I37: =STDEV(I9:I32) -> #DIV/0! | ... Q37: =STDEV(Q9:Q32) -> 0.13061657
A38: Num | B38: =COUNT(B9:B32) -> 24 | C38: =COUNT(C9:C32) -> 24 | D38: =COUNT(D9:D32) -> 24 | E38: =COUNT(E9:E32) -> 24 | F38: =COUNT(F9:F32) -> 24 | G38: =COUNT(G9:G32) -> 24 | H38: =COUNT(H9:H32) -> 24 | I38: =COUNT(I9:I32) -> 0 | ... Q38: =COUNT(Q9:Q32) -> 24
A39: DCR | B39: =IF(B38>=22,">90%",IF(B38<=22,"<90%")) -> >90% | C39: =IF(C38>=22,">90%",IF(C38<=22,"<90%")) -> >90% | D39: =IF(D38>=22,">90%",IF(D38<=22,"<90%")) -> >90% | E39: =IF(E38>=22,">90%",IF(E38<=22,"<90%")) -> >90% | F39: =IF(F38>=22,">90%",IF(F38<=22,"<90%")) -> >90% | G39: =IF(G38>=22,">90%",IF(G38<=22,"<90%")) -> >90% | H39: =IF(H38>=22,">90%",IF(H38<=22,"<90%")) -> >90% | I39: =IF(I38>=22,">90%",IF(I38<=22,"<90%")) -> <90% | ... Q39: =IF(Q38>=22,">90%",IF(Q38<=22,"<90%")) -> >90%
A40: Status | B40: =IF(B38>=22,"OK",IF(B38<=22,"LESS")) -> OK | C40: =IF(C38>=22,"OK",IF(C38<=22,"LESS")) -> OK | D40: =IF(D38>=22,"OK",IF(D38<=22,"LESS")) -> OK | E40: =IF(E38>=22,"OK",IF(E38<=22,"LESS")) -> OK | F40: =IF(F38>=22,"OK",IF(F38<=22,"LESS")) -> OK | G40: =IF(G38>=22,"OK",IF(G38<=22,"LESS")) -> OK | H40: =IF(H38>=22,"OK",IF(H38<=22,"LESS")) -> OK | I40: =IF(I38>=22,"OK",IF(I38<=22,"LESS")) -> LESS | ... Q40: =IF(Q38>=22,"OK",IF(Q38<=22,"LESS")) -> OK
A43: Done by | B43: RAHUL
A45: Comment

Sheet 23
A1: Station: | B1: BHATAGAON RAIPUR
A2: Date: | B2: =$A$9 -> 23/02/2025 01:00 | D2: Power Off | G2: Pw.Off | L2: Link Fail | N2: Link F | P2: Maintenance | R2: Maint.
A3: Report Type: | B3: Mean | D3: Calibration | G3: Calib. | L3: Data Fail | N3: Data F | P3: Invalid | R3: Invalid
A4: Time Base: | B4: 01 Hour | D4: Zero Referrence | G4: Z.Ref | L4: Warm Up | N4: Wm. Up
A7: Date & Time | B7: NO_BHATAGAON | C7: NO2__BHATAGAON | D7: NOX_BHATAGAON | E7: SO2__BHATAGAON | F7: O3__BHATAGAON | G7: PM10__BHATAGAON | H7: PM2_5__BHATAGAON | I7: BENZ__BHATAGAON | J7: WS__BHATAGAON | K7: WD__BHATAGAON | L7: TEMP__BHATAGAON | M7: HUM__BHATAGAON | N7: SR__BHATAGAON | O7: RG__BHATAGAON | P7: CO__BHATAGAON | Q7: NH3__BHATAGAON
B8: ug/m3 | C8: ug/m3 | D8: ppb | E8: ug/m3 | F8: ug/m3 | G8: mg/m3 | H8: ug/m3 | I8: ug/m3 | J8: m/sec | K8: deg | L8: degreC | M8: % | N8: w/m2 | O8: mm | P8: ug/m3 | Q8: ug/m3
A9: 23/02/2025 01:00 | B9: 22.66 | C9: 66.37 | D9: 86.93 | E9: 7.85 | F9: 2.13 | G9: 84.85 | H9: 25.93 | I9: Invalid | J9: 1.41 | K9: 348.02 | L9: 18.33 | M9: 49.8 | N9: 67 | O9: 0 | P9: 0.91 | Q9: 9.49
A10: 23/02/2025 02:00 | B10: 20.72 | C10: 63.25 | D10: 81.87 | E10: 7.73 | F10: 2.13 | G10: 83.17 | H10: 28.5 | I10: Invalid | J10: 1.18 | K10: 354.78 | L10: 17.27 | M10: 51.08 | N10: 66.9 | O10: 0 | P10: 0.81 | Q10: 9.43
A11: 23/02/2025 03:00 | B11: 18.83 | C11: 61.93 | D11: 78.66 | E11: 7.82 | F11: 2.13 | G11: 83.54 | H11: 26.48 | I11: Invalid | J11: 1.68 | K11: 350.55 | L11: 17.69 | M11: 49.59 | N11: 66.5 | O11: 0 | P11: 0.77 | Q11: 9.45
A12: 23/02/2025 04:00 | B12: 15.13 | C12: 62.97 | D12: 75.41 | E12: 8.07 | F12: 2.13 | G12: 77.12 | H12: 27.97 | I12: Invalid | J12: 1.11 | K12: 20.26 | L12: 17.43 | M12: 48.95 | N12: 67.1 | O12: 0 | P12: 0.7 | Q12: 9.47
A13: 23/02/2025 05:00 | B13: 14.12 | C13: 60.54 | D13: 72.13 | E13: 6.85 | F13: 2.13 | G13: 80.91 | H13: 22.16 | I13: Invalid | J13: 1.31 | K13: 25.81 | L13: 17.14 | M13: 48.93 | N13: 66.9 | O13: 0 | P13: 0.62 | Q13: 9.44
A14: 23/02/2025 06:00 | B14: 11.41 | C14: 60.12 | D14: 69.28 | E14: 7.2 | F14: 2.13 | G14: 75.73 | H14: 22.55 | I14: Invalid | J14: 0.91 | K14: 42.39 | L14: 16.64 | M14: 48.21 | N14: 67.5 | O14: 0 | P14: 0.58 | Q14: 9.41
A15: 23/02/2025 07:00 | B15: 10.45 | C15: 59.31 | D15: 67.66 | E15: 6.78 | F15: 2.13 | G15: 65.13 | H15: 22.64 | I15: Invalid | J15: 0.67 | K15: 56.14 | L15: 15.99 | M15: 48.24 | N15: 99.4 | O15: 0 | P15: 0.56 | Q15: 9.36
A16: 23/02/2025 08:00 | B16: 12.51 | C16: 62.77 | D16: 73.18 | E16: 6.51 | F16: 2.13 | G16: 60.58 | H16: 19 | I16: Invalid | J16: 0.85 | K16: 76.49 | L16: 20.2 | M16: 45.9 | N16: 344 | O16: 0 | P16: 0.57 | Q16: 9.44
A17: 23/02/2025 09:00 | B17: 15.61 | C17: 67.96 | D17: 81.47 | E17: 6.88 | F17: 2.13 | G17: 63.79 | H17: 20.03 | I17: Invalid | J17: 1.08 | K17: 61.56 | L17: 23.82 | M17: 39 | N17: 580.1 | O17: 0 | P17: 0.58 | Q17: 9.44
A18: 23/02/2025 10:00 | B18: 15.88 | C18: 70.19 | D18: 83.25 | E18: 7.25 | F18: 2.13 | G18: 69.57 | H18: 20.98 | I18: Invalid | J18: 1.96 | K18: 62.16 | L18: 26.69 | M18: 28.93 | N18: 760.1 | O18: 0 | P18: 0.56 | Q18: 9.44
A19: 23/02/2025 11:00 | B19: 11.68 | C19: 69.69 | D19: 79.27 | E19: 7.71 | F19: 2.13 | G19: 69.18 | H19: 19.19 | I19: Invalid | J19: 1.59 | K19: 20.42 | L19: 28.87 | M19: 23.16 | N19: 897.6 | O19: 0 | P19: 0.54 | Q19: 9.42
A20: 23/02/2025 12:00 | B20: 11.4 | C20: 68.22 | D20: 77.48 | E20: 7.17 | F20: 2.13 | G20: 65.14 | H20: 16.81 | I20: Invalid | J20: 1.54 | K20: 79.4 | L20: 28.34 | M20: 22.94 | N20: 920.9 | O20: 0 | P20: 0.51 | Q20: 9.44
... A32: 23/02/2025 24:00 | B32: 96.82 | C32: 69.84 | D32: 162.31 | E32: 10.21 | F32: 2.13 | G32: 102.86 | H32: 30.48 | I32: Invalid | J32: 0.52 | K32: 326.34 | L32: 17.06 | M32: 57.45 | N32: 70.7 | O32: 0 | P32: 1.25 | Q32: 10.19
A34: Min | B34: =MIN(B9:B32) -> 8.38 | C34: =MIN(C9:C32) -> 59.31 | D34: =MIN(D9:D32) -> 66.25 | E34: =MIN(E9:E32) -> 6.26 | F34: =MIN(F9:F32) -> 2.13 | G34: =MIN(G9:G32) -> 37.63 | H34: =MIN(H9:H32) -> 12.38 | I34: =MIN(I9:I32) -> 0 | ... Q34: =MIN(Q9:Q32) -> 9.32
A35: Max | B35: =MAX(B9:B32) -> 96.82 | C35: =MAX(C9:C32) -> 70.92 | D35: =MAX(D9:D32) -> 162.31 | E35: =MAX(E9:E32) -> 10.21 | F35: =MAX(F9:F32) -> 2.88 | G35: =MAX(G9:G32) -> 147.16 | H35: =MAX(H9:H32) -> 30.48 | I35: =MAX(I9:I32) -> 0 | ... Q35: =MAX(Q9:Q32) -> 10.19
A36: Avg | B36: =AVERAGE(B9:B32) -> 24.021667 | C36: =AVERAGE(C9:C32) -> 65.468333 | D36: =AVERAGE(D9:D32) -> 87.140833 | E36: =AVERAGE(E9:E32) -> 7.6170833 | F36: =AVERAGE(F9:F32) -> 2.1679167 | G36: =AVERAGE(G9:G32) -> 70.39125 | H36: =AVERAGE(H9:H32) -> 20.964583 | I36: =AVERAGE(I9:I32) -> #DIV/0! | ... Q36: =AVERAGE(Q9:Q32) -> 9.55375
A37: Stdev | B37: =STDEV(B9:B32) -> 25.020988 | C37: =STDEV(C9:C32) -> 3.9460103 | D37: =STDEV(D9:D32) -> 26.932489 | E37: =STDEV(E9:E32) -> 1.037763 | F37: =STDEV(F9:F32) -> 0.15435642 | G37: =STDEV(G9:G32) -> 28.648458 | H37: =STDEV(H9:H32) -> 5.5430858 | I37: =STDEV(I9:I32) -> #DIV/0! | ... Q37: =STDEV(Q9:Q32) -> 0.23555323
A38: Num | B38: =COUNT(B9:B32) -> 24 | C38: =COUNT(C9:C32) -> 24 | D38: =COUNT(D9:D32) -> 24 | E38: =COUNT(E9:E32) -> 24 | F38: =COUNT(F9:F32) -> 24 | G38: =COUNT(G9:G32) -> 24 | H38: =COUNT(H9:H32) -> 24 | I38: =COUNT(I9:I32) -> 0 | ... Q38: =COUNT(Q9:Q32) -> 24
A39: DCR | B39: =IF(B38>=22,">90%",IF(B38<=22,"<90%")) -> >90% | C39: =IF(C38>=22,">90%",IF(C38<=22,"<90%")) -> >90% | D39: =IF(D38>=22,">90%",IF(D38<=22,"<90%")) -> >90% | E39: =IF(E38>=22,">90%",IF(E38<=22,"<90%")) -> >90% | F39: =IF(F38>=22,">90%",IF(F38<=22,"<90%")) -> >90% | G39: =IF(G38>=22,">90%",IF(G38<=22,"<90%")) -> >90% | H39: =IF(H38>=22,">90%",IF(H38<=22,"<90%")) -> >90% | I39: =IF(I38>=22,">90%",IF(I38<=22,"<90%")) -> <90% | ... Q39: =IF(Q38>=22,">90%",IF(Q38<=22,"<90%")) -> >90%
A40: Status | B40: =IF(B38>=22,"OK",IF(B38<=22,"LESS")) -> OK | C40: =IF(C38>=22,"OK",IF(C38<=22,"LESS")) -> OK | D40: =IF(D38>=22,"OK",IF(D38<=22,"LESS")) -> OK | E40: =IF(E38>=22,"OK",IF(E38<=22,"LESS")) -> OK | F40: =IF(F38>=22,"OK",IF(F38<=22,"LESS")) -> OK | G40: =IF(G38>=22,"OK",IF(G38<=22,"LESS")) -> OK | H40: =IF(H38>=22,"OK",IF(H38<=22,"LESS")) -> OK | I40: =IF(I38>=22,"OK",IF(I38<=22,"LESS")) -> LESS | ... Q40: =IF(Q38>=22,"OK",IF(Q38<=22,"LESS")) -> OK
A43: Done by | B43: RAHUL
A45: Comment

Sheet 24
A1: Station: | B1: BHATAGAON RAIPUR
A2: Date: | B2: =$A$9 -> 24/02/2025 01:00 | D2: Power Off | G2: Pw.Off | L2: Link Fail | N2: Link F | P2: Maintenance | R2: Maint.
A3: Report Type: | B3: Mean | D3: Calibration | G3: Calib. | L3: Data Fail | N3: Data F | P3: Invalid | R3: Invalid
A4: Time Base: | B4: 01 Hour | D4: Zero Referrence | G4: Z.Ref | L4: Warm Up | N4: Wm. Up
A7: Date & Time | B7: NO_BHATAGAON | C7: NO2__BHATAGAON | D7: NOX_BHATAGAON | E7: SO2__BHATAGAON | F7: O3__BHATAGAON | G7: PM10__BHATAGAON | H7: PM2_5__BHATAGAON | I7: BENZ__BHATAGAON | J7: WS__BHATAGAON | K7: WD__BHATAGAON | L7: TEMP__BHATAGAON | M7: HUM__BHATAGAON | N7: SR__BHATAGAON | O7: RG__BHATAGAON | P7: CO__BHATAGAON | Q7: NH3__BHATAGAON
B8: ug/m3 | C8: ug/m3 | D8: ppb | E8: ug/m3 | F8: ug/m3 | G8: mg/m3 | H8: ug/m3 | I8: ug/m3 | J8: m/sec | K8: deg | L8: degreC | M8: % | N8: w/m2 | O8: mm | P8: ug/m3 | Q8: ug/m3
A9: 24/02/2025 01:00 | B9: 94.66 | C9: 66.63 | D9: 159.19 | E9: 7.41 | F9: 2.13 | G9: 131.41 | H9: 30.56 | I9: Invalid | J9: 0.89 | K9: 358.19 | L9: 17.18 | M9: 55.11 | N9: 71.1 | O9: 0 | P9: 1.24 | Q9: 10.22
A10: 24/02/2025 02:00 | B10: 83.15 | C10: 65.22 | D10: 146.27 | E10: 6.97 | F10: 2.13 | G10: 138.58 | H10: 32.97 | I10: Invalid | J10: 1.24 | K10: 27.63 | L10: 17 | M10: 43.46 | N10: 71 | O10: 0 | P10: 1.14 | Q10: 10.25
A11: 24/02/2025 03:00 | B11: 68.5 | C11: 62.81 | D11: 129.1 | E11: 6.34 | F11: 2.13 | G11: 123.21 | H11: 30.22 | I11: Invalid | J11: 0.74 | K11: 33.44 | L11: 17.01 | M11: 42.57 | N11: 71.2 | O11: 0 | P11: 0.95 | Q11: 10.2
A12: 24/02/2025 04:00 | B12: 56.23 | C12: 62.15 | D12: 116.28 | E12: 5.74 | F12: 2.13 | G12: 62.54 | H12: 31.23 | I12: Invalid | J12: 1.47 | K12: 97.59 | L12: 16.92 | M12: 42.38 | N12: 70.5 | O12: 0 | P12: 0.88 | Q12: 10.12
A13: 24/02/2025 05:00 | B13: 47.13 | C13: 60.73 | D13: 105.76 | E13: 5.4 | F13: 2.13 | G13: 37.18 | H13: 22.74 | I13: Invalid | J13: 1.23 | K13: 93.84 | L13: 16.91 | M13: 42.87 | N13: 71.5 | O13: 0 | P13: 0.86 | Q13: 10.11
A14: 24/02/2025 06:00 | B14: 38.24 | C14: 60.59 | D14: 96.29 | E14: 4.77 | F14: 2.13 | G14: 41.54 | H14: 28.88 | I14: Invalid | J14: 1.43 | K14: 345.19 | L14: 15.77 | M14: 48.52 | N14: 71.2 | O14: 0 | P14: 0.72 | Q14: 10.12
A15: 24/02/2025 07:00 | B15: 32.35 | C15: 61.11 | D15: 91.04 | E15: 4.69 | F15: 2.13 | G15: 59.84 | H15: 16.74 | I15: Invalid | J15: 1.51 | K15: 35.02 | L15: 14.99 | M15: 51.22 | N15: 105.5 | O15: 0 | P15: 0.68 | Q15: 10.07
A16: 24/02/2025 08:00 | B16: 32.81 | C16: 62.16 | D16: 92.87 | E16: 6.12 | F16: 2.13 | G16: 80.61 | H16: 23.4 | I16: Invalid | J16: 1.59 | K16: 90.52 | L16: 18.52 | M16: 49.68 | N16: 356.6 | O16: 0 | P16: 0.74 | Q16: 10.02
A17: 24/02/2025 09:00 | B17: 31.59 | C17: 61.13 | D17: 90.62 | E17: 7.48 | F17: 2.13 | G17: 85.34 | H17: 29.36 | I17: Invalid | J17: 1.74 | K17: 100.26 | L17: 22.02 | M17: 41.04 | N17: 566.2 | O17: 0 | P17: 0.69 | Q17: 10.02
A18: 24/02/2025 10:00 | B18: 26.14 | C18: 63.97 | D18: 85.71 | E18: 7.46 | F18: 2.13 | G18: 77.29 | H18: 30.42 | I18: Invalid | J18: 1.89 | K18: 102.72 | L18: 25.3 | M18: 35.71 | N18: 739.4 | O18: 0 | P18: 0.68 | Q18: 10.03
A19: 24/02/2025 11:00 | B19: 21.37 | C19: 70.86 | D19: 83.88 | E19: 11.07 | F19: 2.13 | G19: 54.06 | H19: 22.95 | I19: Invalid | J19: 2.43 | K19: 102.47 | L19: 25.74 | M19: 28.8 | N19: 870.2 | O19: 0 | P19: 0.63 | Q19: 10.04
A20: 24/02/2025 12:00 | B20: 7.85 | C20: 70.45 | D20: 76.2 | E20: 9.17 | F20: 6.06 | G20: 30.4 | H20: 16.23 | I20: Invalid | J20: 2.28 | K20: 105.51 | L20: 25.97 | M20: 28.33 | N20: 885.5 | O20: 0 | P20: 0.47 | Q20: 9.94
... A32: 24/02/2025 24:00 | B32: 80.93 | C32: 81.08 | D32: 159.91 | E32: 9.59 | F32: 2.13 | G32: 150.54 | H32: 74.87 | I32: Invalid | J32: 0.77 | K32: 93.72 | L32: 19.03 | M32: 48.15 | N32: 72 | O32: 0 | P32: 1.75 | Q32: 10.04
A34: Min | B34: =MIN(B9:B32) -> 4.3 | C34: =MIN(C9:C32) -> 60.59 | D34: =MIN(D9:D32) -> 63.32 | E34: =MIN(E9:E32) -> 4.69 | F34: =MIN(F9:F32) -> 2.13 | G34: =MIN(G9:G32) -> 30.4 | H34: =MIN(H9:H32) -> 10.94 | I34: =MIN(I9:I32) -> 0 | ... Q34: =MIN(Q9:Q32) -> 9.77
A35: Max | B35: =MAX(B9:B32) -> 94.66 | C35: =MAX(C9:C32) -> 81.08 | D35: =MAX(D9:D32) -> 159.91 | E35: =MAX(E9:E32) -> 11.07 | F35: =MAX(F9:F32) -> 16.31 | G35: =MAX(G9:G32) -> 150.54 | H35: =MAX(H9:H32) -> 83.82 | I35: =MAX(I9:I32) -> 0 | ... Q35: =MAX(Q9:Q32) -> 10.25
A36: Avg | B36: =AVERAGE(B9:B32) -> 34.710417 | C36: =AVERAGE(C9:C32) -> 68.152083 | D36: =AVERAGE(D9:D32) -> 100.29083 | E36: =AVERAGE(E9:E32) -> 7.8895833 | F36: =AVERAGE(F9:F32) -> 4.02125 | G36: =AVERAGE(G9:G32) -> 77.79625 | H36: =AVERAGE(H9:H32) -> 26.76125 | I36: =AVERAGE(I9:I32) -> #DIV/0! | ... Q36: =AVERAGE(Q9:Q32) -> 9.975
A37: Stdev | B37: =STDEV(B9:B32) -> 28.492586 | C37: =STDEV(C9:C32) -> 7.0458455 | D37: =STDEV(D9:D32) -> 30.244164 | E37: =STDEV(E9:E32) -> 1.7760838 | F37: =STDEV(F9:F32) -> 3.6770845 | G37: =STDEV(G9:G32) -> 38.366737 | H37: =STDEV(H9:H32) -> 17.495889 | I37: =STDEV(I9:I32) -> #DIV/0! | ... Q37: =STDEV(Q9:Q32) -> 0.14676216
A38: Num | B38: =COUNT(B9:B32) -> 24 | C38: =COUNT(C9:C32) -> 24 | D38: =COUNT(D9:D32) -> 24 | E38: =COUNT(E9:E32) -> 24 | F38: =COUNT(F9:F32) -> 24 | G38: =COUNT(G9:G32) -> 24 | H38: =COUNT(H9:H32) -> 24 | I38: =COUNT(I9:I32) -> 0 | ... Q38: =COUNT(Q9:Q32) -> 24
A39: DCR | B39: =IF(B38>=22,">90%",IF(B38<=22,"<90%")) -> >90% | C39: =IF(C38>=22,">90%",IF(C38<=22,"<90%")) -> >90% | D39: =IF(D38>=22,">90%",IF(D38<=22,"<90%")) -> >90% | E39: =IF(E38>=22,">90%",IF(E38<=22,"<90%")) -> >90% | F39: =IF(F38>=22,">90%",IF(F38<=22,"<90%")) -> >90% | G39: =IF(G38>=22,">90%",IF(G38<=22,"<90%")) -> >90% | H39: =IF(H38>=22,">90%",IF(H38<=22,"<90%")) -> >90% | I39: =IF(I38>=22,">90%",IF(I38<=22,"<90%")) -> <90% | ... Q39: =IF(Q38>=22,">90%",IF(Q38<=22,"<90%")) -> >90%
A40: Status | B40: =IF(B38>=22,"OK",IF(B38<=22,"LESS")) -> OK | C40: =IF(C38>=22,"OK",IF(C38<=22,"LESS")) -> OK | D40: =IF(D38>=22,"OK",IF(D38<=22,"LESS")) -> OK | E40: =IF(E38>=22,"OK",IF(E38<=22,"LESS")) -> OK | F40: =IF(F38>=22,"OK",IF(F38<=22,"LESS")) -> OK | G40: =IF(G38>=22,"OK",IF(G38<=22,"LESS")) -> OK | H40: =IF(H38>=22,"OK",IF(H38<=22,"LESS")) -> OK | I40: =IF(I38>=22,"OK",IF(I38<=22,"LESS")) -> LESS | ... Q40: =IF(Q38>=22,"OK",IF(Q38<=22,"LESS")) -> OK
A43: Done by | B43: RAHUL
A45: Comment

Sheet 25
A1: Station: | B1: BHATAGAON RAIPUR
A2: Date: | B2: =$A$9 -> 25/02/2025 01:00 | D2: Power Off | G2: Pw.Off | L2: Link Fail | N2: Link F | P2: Maintenance | R2: Maint.
A3: Report Type: | B3: Mean | D3: Calibration | G3: Calib. | L3: Data Fail | N3: Data F | P3: Invalid | R3: Invalid
A4: Time Base: | B4: 01 Hour | D4: Zero Referrence | G4: Z.Ref | L4: Warm Up | N4: Wm. Up
A7: Date & Time | B7: NO_BHATAGAON | C7: NO2__BHATAGAON | D7: NOX_BHATAGAON | E7: SO2__BHATAGAON | F7: O3__BHATAGAON | G7: PM10__BHATAGAON | H7: PM2_5__BHATAGAON | I7: BENZ__BHATAGAON | J7: WS__BHATAGAON | K7: WD__BHATAGAON | L7: TEMP__BHATAGAON | M7: HUM__BHATAGAON | N7: SR__BHATAGAON | O7: RG__BHATAGAON | P7: CO__BHATAGAON | Q7: NH3__BHATAGAON
B8: ug/m3 | C8: ug/m3 | D8: ppb | E8: ug/m3 | F8: ug/m3 | G8: mg/m3 | H8: ug/m3 | I8: ug/m3 | J8: m/sec | K8: deg | L8: degreC | M8: % | N8: w/m2 | O8: mm | P8: ug/m3 | Q8: ug/m3
A9: 25/02/2025 01:00 | B9: 77.86 | C9: 77.52 | D9: 153.28 | E9: 8.23 | F9: 2.13 | G9: 137.04 | H9: 39.66 | I9: Invalid | J9: 0.78 | K9: 54.74 | L9: 17.86 | M9: 56.68 | N9: 72 | O9: 0 | P9: 1.49 | Q9: 10.05
A10: 25/02/2025 02:00 | B10: 67.9 | C10: 73.73 | D10: 139.53 | E10: 7.9 | F10: 2.13 | G10: 120.87 | H10: 35.72 | I10: Invalid | J10: 0.89 | K10: 62.61 | L10: 17.92 | M10: 45.52 | N10: 71.3 | O10: 0 | P10: 1.23 | Q10: 10
A11: 25/02/2025 03:00 | B11: 54.05 | C11: 68.7 | D11: 120.65 | E11: 6.79 | F11: 2.13 | G11: 88.58 | H11: 27.02 | I11: Invalid | J11: 1.48 | K11: 94.02 | L11: 17.9 | M11: 46.29 | N11: 71.6 | O11: 0 | P11: 1.2 | Q11: 9.95
A12: 25/02/2025 04:00 | B12: 39.57 | C12: 64.81 | D12: 102.28 | E12: 5.96 | F12: 2.13 | G12: 66.29 | H12: 3.38 | I12: Invalid | J12: 2.62 | K12: 106.15 | L12: 17.69 | M12: 46.59 | N12: 72.3 | O12: 0 | P12: 0.99 | Q12: 9.94
A13: 25/02/2025 05:00 | B13: 28.19 | C13: 64.41 | D13: 90.5 | E13: 6.17 | F13: 2.13 | G13: 55.62 | H13: 0.7 | I13: Invalid | J13: 0.73 | K13: 51.45 | L13: 16.24 | M13: 51.36 | N13: 72.2 | O13: 0 | P13: 0.79 | Q13: 9.87
A14: 25/02/2025 06:00 | B14: 23.98 | C14: 63.39 | D14: 85.27 | E14: 6.04 | F14: 2.13 | G14: 51.58 | H14: 7.02 | I14: Invalid | J14: 1.1 | K14: 46.8 | L14: 15.47 | M14: 56 | N14: 71.5 | O14: 0 | P14: 0.63 | Q14: 9.78
A15: 25/02/2025 07:00 | B15: 22.27 | C15: 62.27 | D15: 82.14 | E15: 6.57 | F15: 2.13 | G15: 57.37 | H15: 19.59 | I15: Invalid | J15: 1.13 | K15: 8.77 | L15: 15.74 | M15: 54.67 | N15: 107.4 | O15: 0 | P15: 0.63 | Q15: 9.75
A16: 25/02/2025 08:00 | B16: 24.66 | C16: 66.54 | D16: 89.1 | E16: 7.29 | F16: 2.13 | G16: 71.22 | H16: 25.75 | I16: Invalid | J16: 1.33 | K16: 7.11 | L16: 20.71 | M16: 51.54 | N16: 327.3 | O16: 0 | P16: 0.78 | Q16: 9.77
A17: 25/02/2025 09:00 | B17: 32.94 | C17: 72.76 | D17: 103.6 | E17: 8.3 | F17: 2.13 | G17: 89.76 | H17: 46.63 | I17: Invalid | J17: 1.28 | K17: 45.06 | L17: 23.05 | M17: 38.06 | N17: 549.3 | O17: 0 | P17: 0.78 | Q17: 9.77
A18: 25/02/2025 10:00 | B18: 34.36 | C18: 74.61 | D18: 106.86 | E18: 7.13 | F18: 2.13 | G18: 92.57 | H18: 30.09 | I18: Invalid | J18: 1.36 | K18: 359.74 | L18: 24.29 | M18: 32.82 | N18: 717.6 | O18: 0 | P18: 0.75 | Q18: 9.75
A19: 25/02/2025 11:00 | B19: 32.25 | C19: 79.61 | D19: 103.82 | E19: 9.88 | F19: 2.13 | G19: 85.94 | H19: 18.26 | I19: Invalid | J19: 1.88 | K19: 96.74 | L19: 25.86 | M19: 30.92 | N19: 841.2 | O19: 0 | P19: 0.71 | Q19: 9.76
A20: 25/02/2025 12:00 | B20: 11.86 | C20: 80.24 | D20: 90 | E20: 10.35 | F20: 5.7 | G20: 70.42 | H20: 5.04 | I20: Invalid | J20: 2.19 | K20: 102.79 | L20: 27.88 | M20: 29.04 | N20: 850.9 | O20: 0 | P20: 0.55 | Q20: 9.73
... A32: 25/02/2025 24:00 | B32: 159.11 | C32: 93.43 | D32: 246.37 | E32: 11.58 | F32: 2.13 | G32: 207.88 | H32: 56.41 | I32: Invalid | J32: 0.58 | K32: 329.66 | L32: 17.87 | M32: 74.38 | N32: 66.9 | O32: 0 | P32: 2.91 | Q32: 10.04
A34: Min | B34: =MIN(B9:B32) -> 4.13 | C34: =MIN(C9:C32) -> 62.27 | D34: =MIN(D9:D32) -> 64.63 | E34: =MIN(E9:E32) -> 5.96 | F34: =MIN(F9:F32) -> 2.13 | G34: =MIN(G9:G32) -> 39.95 | H34: =MIN(H9:H32) -> 0.7 | I34: =MIN(I9:I32) -> 0 | ... Q34: =MIN(Q9:Q32) -> 9.48
A35: Max | B35: =MAX(B9:B32) -> 159.11 | C35: =MAX(C9:C32) -> 93.43 | D35: =MAX(D9:D32) -> 246.37 | E35: =MAX(E9:E32) -> 13.04 | F35: =MAX(F9:F32) -> 15 | G35: =MAX(G9:G32) -> 259.4 | H35: =MAX(H9:H32) -> 56.41 | I35: =MAX(I9:I32) -> 0 | ... Q35: =MAX(Q9:Q32) -> 10.05
A36: Avg | B36: =AVERAGE(B9:B32) -> 42.9375 | C36: =AVERAGE(C9:C32) -> 73.593333 | D36: =AVERAGE(D9:D32) -> 113.97917 | E36: =AVERAGE(E9:E32) -> 8.7316667 | F36: =AVERAGE(F9:F32) -> 3.5383333 | G36: =AVERAGE(G9:G32) -> 96.22125 | H36: =AVERAGE(H9:H32) -> 25.46625 | I36: =AVERAGE(I9:I32) -> #DIV/0! | ... Q36: =AVERAGE(Q9:Q32) -> 9.7683333
A37: Stdev | B37: =STDEV(B9:B32) -> 43.228395 | C37: =STDEV(C9:C32) -> 10.472258 | D37: =STDEV(D9:D32) -> 51.758397 | E37: =STDEV(E9:E32) -> 1.9470572 | F37: =STDEV(F9:F32) -> 3.1319194 | G37: =STDEV(G9:G32) -> 57.051314 | H37: =STDEV(H9:H32) -> 16.091619 | I37: =STDEV(I9:I32) -> #DIV/0! | ... Q37: =STDEV(Q9:Q32) -> 0.16289945
A38: Num | B38: =COUNT(B9:B32) -> 24 | C38: =COUNT(C9:C32) -> 24 | D38: =COUNT(D9:D32) -> 24 | E38: =COUNT(E9:E32) -> 24 | F38: =COUNT(F9:F32) -> 24 | G38: =COUNT(G9:G32) -> 24 | H38: =COUNT(H9:H32) -> 24 | I38: =COUNT(I9:I32) -> 0 | ... Q38: =COUNT(Q9:Q32) -> 24
A39: DCR | B39: =IF(B38>=22,">90%",IF(B38<=22,"<90%")) -> >90% | C39: =IF(C38>=22,">90%",IF(C38<=22,"<90%")) -> >90% | D39: =IF(D38>=22,">90%",IF(D38<=22,"<90%")) -> >90% | E39: =IF(E38>=22,">90%",IF(E38<=22,"<90%")) -> >90% | F39: =IF(F38>=22,">90%",IF(F38<=22,"<90%")) -> >90% | G39: =IF(G38>=22,">90%",IF(G38<=22,"<90%")) -> >90% | H39: =IF(H38>=22,">90%",IF(H38<=22,"<90%")) -> >90% | I39: =IF(I38>=22,">90%",IF(I38<=22,"<90%")) -> <90% | ... Q39: =IF(Q38>=22,">90%",IF(Q38<=22,"<90%")) -> >90%
A40: Status | B40: =IF(B38>=22,"OK",IF(B38<=22,"LESS")) -> OK | C40: =IF(C38>=22,"OK",IF(C38<=22,"LESS")) -> OK | D40: =IF(D38>=22,"OK",IF(D38<=22,"LESS")) -> OK | E40: =IF(E38>=22,"OK",IF(E38<=22,"LESS")) -> OK | F40: =IF(F38>=22,"OK",IF(F38<=22,"LESS")) -> OK | G40: =IF(G38>=22,"OK",IF(G38<=22,"LESS")) -> OK | H40: =IF(H38>=22,"OK",IF(H38<=22,"LESS")) -> OK | I40: =IF(I38>=22,"OK",IF(I38<=22,"LESS")) -> LESS | ... Q40: =IF(Q38>=22,"OK",IF(Q38<=22,"LESS")) -> OK
A43: Done by | B43: RAHUL
A45: Comment

Sheet 26
A1: Station: | B1: BHATAGAON RAIPUR
A2: Date: | B2: =$A$9 -> 26/02/2025 01:00 | D2: Power Off | G2: Pw.Off | L2: Link Fail | N2: Link F | P2: Maintenance | R2: Maint.
A3: Report Type: | B3: Mean | D3: Calibration | G3: Calib. | L3: Data Fail | N3: Data F | P3: Invalid | R3: Invalid
A4: Time Base: | B4: 01 Hour | D4: Zero Referrence | G4: Z.Ref | L4: Warm Up | N4: Wm. Up
A7: Date & Time | B7: NO_BHATAGAON | C7: NO2__BHATAGAON | D7: NOX_BHATAGAON | E7: SO2__BHATAGAON | F7: O3__BHATAGAON | G7: PM10__BHATAGAON | H7: PM2_5__BHATAGAON | I7: BENZ__BHATAGAON | J7: WS__BHATAGAON | K7: WD__BHATAGAON | L7: TEMP__BHATAGAON | M7: HUM__BHATAGAON | N7: SR__BHATAGAON | O7: RG__BHATAGAON | P7: CO__BHATAGAON | Q7: NH3__BHATAGAON
B8: ug/m3 | C8: ug/m3 | D8: ppb | E8: ug/m3 | F8: ug/m3 | G8: mg/m3 | H8: ug/m3 | I8: ug/m3 | J8: m/sec | K8: deg | L8: degreC | M8: % | N8: w/m2 | O8: mm | P8: ug/m3 | Q8: ug/m3
A9: 26/02/2025 01:00 | B9: 157.57 | C9: 87.64 | D9: 243.11 | E9: 9.71 | F9: 2.13 | G9: 219.36 | H9: 53.57 | I9: Invalid | J9: 2.24 | K9: 36.37 | L9: 18.57 | M9: 56.18 | N9: 67.2 | O9: 0 | P9: 2.49 | Q9: 10.16
A10: 26/02/2025 02:00 | B10: 124.24 | C10: 84.18 | D10: 206.32 | E10: 8.78 | F10: 2.13 | G10: 159.66 | H10: 46.14 | I10: Invalid | J10: 0.89 | K10: 12.54 | L10: 17.85 | M10: 54.88 | N10: 66.9 | O10: 0 | P10: 1.85 | Q10: 10.11
A11: 26/02/2025 03:00 | B11: 95.17 | C11: 79.38 | D11: 172.45 | E11: 6.96 | F11: 2.13 | G11: 113.58 | H11: 43.01 | I11: Invalid | J11: 1.56 | K11: 19.22 | L11: 17.92 | M11: 46.47 | N11: 67 | O11: 0 | P11: 1.61 | Q11: 10.01
A12: 26/02/2025 04:00 | B12: 69.88 | C12: 74.38 | D12: 142.16 | E12: 6.74 | F12: 2.13 | G12: 82.32 | H12: 26.94 | I12: Invalid | J12: 1.42 | K12: 4.51 | L12: 16.88 | M12: 47.91 | N12: 66.9 | O12: 0 | P12: 1.19 | Q12: 9.86
A13: 26/02/2025 05:00 | B13: 53.23 | C13: 71.88 | D13: 123.01 | E13: 7.79 | F13: 2.13 | G13: 90.81 | H13: 27.77 | I13: Invalid | J13: 1.16 | K13: 355.2 | L13: 15.92 | M13: 52.55 | N13: 67 | O13: 0 | P13: 1.12 | Q13: 9.75
A14: 26/02/2025 06:00 | B14: 46.37 | C14: 69.38 | D14: 113.65 | E14: 6.92 | F14: 2.13 | G14: 109.37 | H14: 33.46 | I14: Invalid | J14: 1.03 | K14: 7 | L14: 15.44 | M14: 52.12 | N14: 66.9 | O14: 0 | P14: 1.04 | Q14: 9.74
A15: 26/02/2025 07:00 | B15: 41.94 | C15: 69.85 | D15: 109.38 | E15: 6.57 | F15: 2.13 | G15: 113.14 | H15: 31.83 | I15: Invalid | J15: 0.79 | K15: 33.13 | L15: 15.19 | M15: 51.01 | N15: 104.7 | O15: 0 | P15: 0.99 | Q15: 9.69
A16: 26/02/2025 08:00 | B16: 43.4 | C16: 70.16 | D16: 110.99 | E16: 7.23 | F16: 2.13 | G16: 101.49 | H16: 20.8 | I16: Invalid | J16: 1.12 | K16: 41.78 | L16: 21.89 | M16: 47.2 | N16: 343.2 | O16: 0 | P16: 1.03 | Q16: 9.69
A17: 26/02/2025 09:00 | B17: 41.2 | C17: 71.56 | D17: 109.43 | E17: 9.28 | F17: 2.13 | G17: 82.72 | H17: 20.4 | I17: Invalid | J17: 1.17 | K17: 78.52 | L17: 23.1 | M17: 34.7 | N17: 564.9 | O17: 0 | P17: 0.95 | Q17: 9.68
A18: 26/02/2025 10:00 | B18: Calib. | C18: Calib. | D18: Calib. | E18: 8.61 | F18: 2.13 | G18: 85.44 | H18: 22.34 | I18: Invalid | J18: 1.64 | K18: 355.99 | L18: 28.98 | M18: 33.31 | N18: 725.3 | O18: 0 | P18: 0.92 | Q18: 9.67
A19: 26/02/2025 11:00 | B19: Calib. | C19: Calib. | D19: Calib. | E19: 13.96 | F19: 2.33 | G19: 80.8 | H19: 21.57 | I19: 4.04 | J19: 1.33 | K19: 45.33 | L19: 29.22 | M19: 27.9 | N19: 849.8 | O19: 0 | P19: 0.85 | Q19: 9.66
A20: 26/02/2025 12:00 | B20: 16.96 | C20: 98.31 | D20: 83.85 | E20: 10.23 | F20: Calib. | G20: Calib. | H20: Calib. | I20: 4.09 | J20: 1.86 | K20: 351.66 | L20: 31.13 | M20: 21.18 | N20: 860.8 | O20: 0 | P20: 0.66 | Q20: 9.55
A21: 26/02/2025 13:00 | B21: 12.4 | C21: 96.9 | D21: 59.19 | E21: 40.37 | F21: 3.19 | G21: 83.61 | H21: 23.56 | I21: 4.21 | J21: 1.81 | K21: 356.92 | L21: 30.96 | M21: 19.75 | N21: 800.4 | O21: 0 | P21: 0.6 | Q21: 9.52
A22: 26/02/2025 14:00 | B22: 4.69 | C22: 87.4 | D22: 48.04 | E22: 8.32 | F22: 11.33 | G22: 88.98 | H22: 26.37 | I22: 4.16 | J22: 1.85 | K22: 342.68 | L22: 32.01 | M22: 16.44 | N22: 767.9 | O22: 0 | P22: 0.57 | Q22: 9.53
A23: 26/02/2025 15:00 | B23: 6.43 | C23: 75.93 | D23: 42.37 | E23: 7.6 | F23: 11.43 | G23: 83.2 | H23: 25.38 | I23: 4.07 | J23: 2.18 | K23: 358.67 | L23: 31.94 | M23: 12.49 | N23: 671.6 | O23: 0 | P23: 0.55 | Q23: 9.55
A24: 26/02/2025 16:00 | B24: 12.44 | C24: 61.98 | D24: 38.56 | E24: 15 | F24: 21.08 | G24: 63.11 | H24: 21.69 | I24: 4.07 | J24: 2.34 | K24: 354.34 | L24: 30.05 | M24: 11.22 | N24: 444.4 | O24: 0 | P24: 0.44 | Q24: 9.51
A25: 26/02/2025 17:00 | B25: 12.79 | C25: 68.53 | D25: 43.58 | E25: 22.34 | F25: 26.9 | G25: 43.56 | H25: 17.22 | I25: 4.1 | J25: 2.2 | K25: 359.27 | L25: 27.36 | M25: 12.68 | N25: 155.9 | O25: 0 | P25: 0.49 | Q25: 9.61
A26: 26/02/2025 18:00 | B26: 25.45 | C26: 83.37 | D26: 59.04 | E26: 27.54 | F26: 19.4 | G26: 58.45 | H26: 15.67 | I26: 4.14 | J26: 1.24 | K26: 77.15 | L26: 25.88 | M26: 15.77 | N26: 102.8 | O26: 0 | P26: 0.7 | Q26: 9.42
A27: 26/02/2025 19:00 | B27: 40.45 | C27: 90.8 | D27: 75.79 | E27: 15.34 | F27: 9.02 | G27: 57.47 | H27: 15.67 | I27: 4.1 | J27: 0.62 | K27: 350.68 | L27: 23.08 | M27: 28.69 | N27: 66.2 | O27: 0 | P27: 1.2 | Q27: 9.56
A28: 26/02/2025 20:00 | B28: 102.77 | C28: 105.54 | D28: 136.18 | E28: 9.66 | F28: 7.43 | G28: 71.74 | H28: 15.2 | I28: 4.01 | J28: 0.62 | K28: 329.22 | L28: 20.79 | M28: 34.13 | N28: 64.4 | O28: 0 | P28: 2.6 | Q28: 9.63
A29: 26/02/2025 21:00 | B29: 153.23 | C29: 115.23 | D29: 181.7 | E29: 17.24 | F29: 8.32 | G29: 102.45 | H29: 14.45 | I29: 4.19 | J29: 0.63 | K29: 329.18 | L29: 19.6 | M29: 41.63 | N29: 64.3 | O29: 0 | P29: 3.78 | Q29: 9.81
A30: 26/02/2025 22:00 | B30: 204.29 | C30: 130.88 | D30: 230.83 | E30: 20.03 | F30: 8.16 | G30: 135.77 | H30: 31.49 | I30: 4.07 | J30: 0.69 | K30: 353.35 | L30: 19.33 | M30: 44.5 | N30: 64.4 | O30: 0 | P30: 3.8 | Q30: 9.89
A31: 26/02/2025 23:00 | B31: 177.37 | C31: 92.05 | D31: 188.96 | E31: 10.65 | F31: 7.42 | G31: 249.41 | H31: 43.58 | I31: 4.09 | J31: 0.65 | K31: 359.95 | L31: 18.26 | M31: 53.29 | N31: 64.6 | O31: 0 | P31: 3.2 | Q31: 10.01
A32: 26/02/2025 24:00 | B32: 223.37 | C32: 99.46 | D32: 229.41 | E32: 10.63 | F32: 7.23 | G32: 270.46 | H32: 61.24 | I32: 4.2 | J32: 0.59 | K32: 313.75 | L32: 17.04 | M32: 56.26 | N32: 64.6 | O32: 0 | P32: 3.4 | Q32: 10.29
A34: Min | B34: =MIN(B9:B32) -> 4.69 | C34: =MIN(C9:C32) -> 61.98 | D34: =MIN(D9:D32) -> 38.56 | E34: =MIN(E9:E32) -> 6.57 | F34: =MIN(F9:F32) -> 2.13 | G34: =MIN(G9:G32) -> 43.56 | H34: =MIN(H9:H32) -> 14.45 | I34: =MIN(I9:I32) -> 4.01 | ... Q34: =MIN(Q9:Q32) -> 9.42
A35: Max | B35: =MAX(B9:B32) -> 223.37 | C35: =MAX(C9:C32) -> 130.88 | D35: =MAX(D9:D32) -> 243.11 | E35: =MAX(E9:E32) -> 40.37 | F35: =MAX(F9:F32) -> 26.9 | G35: =MAX(G9:G32) -> 270.46 | H35: =MAX(H9:H32) -> 61.24 | I35: =MAX(I9:I32) -> 4.21 | ... Q35: =MAX(Q9:Q32) -> 10.29
A36: Avg | B36: =AVERAGE(B9:B32) -> 75.710909 | C36: =AVERAGE(C9:C32) -> 85.672273 | D36: =AVERAGE(D9:D32) -> 124.90909 | E36: =AVERAGE(E9:E32) -> 12.8125 | F36: =AVERAGE(F9:F32) -> 7.153913 | G36: =AVERAGE(G9:G32) -> 110.73478 | H36: =AVERAGE(H9:H32) -> 28.667391 | I36: =AVERAGE(I9:I32) -> 4.11 | ... Q36: =AVERAGE(Q9:Q32) -> 9.7458333
A37: Stdev | B37: =STDEV(B9:B32) -> 68.541836 | C37: =STDEV(C9:C32) -> 17.088496 | D37: =STDEV(D9:D32) -> 66.584943 | E37: =STDEV(E9:E32) -> 8.0268756 | F37: =STDEV(F9:F32) -> 6.9639394 | G37: =STDEV(G9:G32) -> 59.960978 | H37: =STDEV(H9:H32) -> 12.83311 | I37: =STDEV(I9:I32) -> 0.06114296 | ... Q37: =STDEV(Q9:Q32) -> 0.22879489
A38: Num | B38: =COUNT(B9:B32)+2 -> 24 | C38: =COUNT(C9:C32)+2 -> 24 | D38: =COUNT(D9:D32)+2 -> 24 | E38: =COUNT(E9:E32) -> 24 | F38: =COUNT(F9:F32)+1 -> 24 | G38: =COUNT(G9:G32)+1 -> 24 | H38: =COUNT(H9:H32)+1 -> 24 | I38: =COUNT(I9:I32) -> 14 | J38: =COUNT(J9:J32) -> 24 | K38: =COUNT(K9:K32) -> 24 | L38: =COUNT(L9:L32) -> 24 | M38: =COUNT(M9:M32) -> 24 | N38: =COUNT(N9:N32) -> 24 | O38: =COUNT(O9:O32) -> 24 | P38: =COUNT(P9:P32) -> 24 | Q38: =COUNT(Q9:Q32) -> 24
A39: DCR | B39: =IF(B38>=22,">90%",IF(B38<=22,"<90%")) -> >90% | C39: =IF(C38>=22,">90%",IF(C38<=22,"<90%")) -> >90% | D39: =IF(D38>=22,">90%",IF(D38<=22,"<90%")) -> >90% | E39: =IF(E38>=22,">90%",IF(E38<=22,"<90%")) -> >90% | F39: =IF(F38>=22,">90%",IF(F38<=22,"<90%")) -> >90% | G39: =IF(G38>=22,">90%",IF(G38<=22,"<90%")) -> >90% | H39: =IF(H38>=22,">90%",IF(H38<=22,"<90%")) -> >90% | I39: =IF(I38>=22,">90%",IF(I38<=22,"<90%")) -> <90% | ... Q39: =IF(Q38>=22,">90%",IF(Q38<=22,"<90%")) -> >90%
A40: Status | B40: =IF(B38>=22,"OK",IF(B38<=22,"LESS")) -> OK | C40: =IF(C38>=22,"OK",IF(C38<=22,"LESS")) -> OK | D40: =IF(D38>=22,"OK",IF(D38<=22,"LESS")) -> OK | E40: =IF(E38>=22,"OK",IF(E38<=22,"LESS")) -> OK | F40: =IF(F38>=22,"OK",IF(F38<=22,"LESS")) -> OK | G40: =IF(G38>=22,"OK",IF(G38<=22,"LESS")) -> OK | H40: =IF(H38>=22,"OK",IF(H38<=22,"LESS")) -> OK | I40: =IF(I38>=22,"OK",IF(I38<=22,"LESS")) -> LESS | ... Q40: =IF(Q38>=22,"OK",IF(Q38<=22,"LESS")) -> OK
A43: Done by | B43: RAHUL
A45: Comment

Sheet 27
A1: Station: | B1: BHATAGAON RAIPUR
A2: Date: | B2: =$A$9 -> 27/02/2025 01:00 | D2: Power Off | G2: Pw.Off | L2: Link Fail | N2: Link F | P2: Maintenance | R2: Maint.
A3: Report Type: | B3: Mean | D3: Calibration | G3: Calib. | L3: Data Fail | N3: Data F | P3: Invalid | R3: Invalid
A4: Time Base: | B4: 01 Hour | D4: Zero Referrence | G4: Z.Ref | L4: Warm Up | N4: Wm. Up
A7: Date & Time | B7: NO_BHATAGAON | C7: NO2__BHATAGAON | D7: NOX_BHATAGAON | E7: SO2__BHATAGAON | F7: O3__BHATAGAON | G7: PM10__BHATAGAON | H7: PM2_5__BHATAGAON | I7: BENZ__BHATAGAON | J7: WS__BHATAGAON | K7: WD__BHATAGAON | L7: TEMP__BHATAGAON | M7: HUM__BHATAGAON | N7: SR__BHATAGAON | O7: RG__BHATAGAON | P7: CO__BHATAGAON | Q7: NH3__BHATAGAON
B8: ug/m3 | C8: ug/m3 | D8: ppb | E8: ug/m3 | F8: ug/m3 | G8: mg/m3 | H8: ug/m3 | I8: ug/m3 | J8: m/sec | K8: deg | L8: degreC | M8: % | N8: w/m2 | O8: mm | P8: ug/m3 | Q8: ug/m3
A9: 27/02/2025 01:00 | B9: 245.65 | C9: 104.17 | D9: 250.04 | E9: 9.73 | F9: 7.79 | G9: 278.15 | H9: 66.2 | I9: 3.95 | J9: 0.75 | K9: 345.6 | L9: 16.65 | M9: 60.28 | N9: 64.6 | O9: 0 | P9: 3.51 | Q9: 10.47
A10: 27/02/2025 02:00 | B10: 193.17 | C10: 95.41 | D10: 203.38 | E10: 9.78 | F10: 9.25 | G10: 250.47 | H10: 68.86 | I10: 4.06 | J10: 1.14 | K10: 351.49 | L10: 16.09 | M10: 53.3 | N10: 64.3 | O10: 0 | P10: 2.66 | Q10: 10.55
A11: 27/02/2025 03:00 | B11: 191.21 | C11: 85.43 | D11: 196.59 | E11: 8.48 | F11: 8.71 | G11: 172.27 | H11: 63.72 | I11: 4.03 | J11: 0.88 | K11: 356.97 | L11: 16.41 | M11: 46.97 | N11: 64.4 | O11: 0 | P11: 2.58 | Q11: 10.53
A12: 27/02/2025 04:00 | B12: 158.59 | C12: 80.18 | D12: 167.69 | E12: 7.94 | F12: 6.76 | G12: 115.39 | H12: 54.39 | I12: 4.08 | J12: 0.71 | K12: 298.25 | L12: 15.67 | M12: 60.25 | N12: 64.9 | O12: 0 | P12: 2.21 | Q12: 10.38
A13: 27/02/2025 05:00 | B13: 135.64 | C13: 77.16 | D13: 146.79 | E13: 7.53 | F13: 7.19 | G13: 115.86 | H13: 59.51 | I13: 4.15 | J13: 0.62 | K13: 337.99 | L13: 14.73 | M13: 66.88 | N13: 64.6 | O13: 0 | P13: 1.84 | Q13: 10.19
A14: 27/02/2025 06:00 | B14: 114.89 | C14: 74.2 | D14: 129.52 | E14: 7.69 | F14: 9.32 | G14: 188.81 | H14: 58.4 | I14: 4.14 | J14: 0.87 | K14: 303.16 | L14: 15.97 | M14: 62.21 | N14: 64.2 | O14: 0 | P14: 1.44 | Q14: 10.12
A15: 27/02/2025 07:00 | B15: 100.06 | C15: 69.47 | D15: 114.3 | E15: 6.91 | F15: 8.37 | G15: 158.85 | H15: 54.97 | I15: 4.11 | J15: 1.49 | K15: 96.55 | L15: 15.93 | M15: 48.53 | N15: 105.5 | O15: 0 | P15: 1.29 | Q15: 10.11
A16: 27/02/2025 08:00 | B16: 87.39 | C16: 70.25 | D16: 105.41 | E16: 6.65 | F16: 6.88 | G16: 94.34 | H16: 48.4 | I16: 4.1 | J16: 1.02 | K16: 87.41 | L16: 21.09 | M16: 45.8 | N16: 337 | O16: 0 | P16: 1.37 | Q16: 10.01
A17: 27/02/2025 09:00 | B17: 71.41 | C17: 77.73 | D17: 93.57 | E17: 6.59 | F17: 7.73 | G17: 75.9 | H17: 35.32 | I17: 4.08 | J17: 1.58 | K17: 356.92 | L17: 26.15 | M17: 32.34 | N17: 555.2 | O17: 0 | P17: 1.21 | Q17: 9.93
A18: 27/02/2025 10:00 | B18: 62.8 | C18: 89.74 | D18: 94.25 | E18: 10.78 | F18: 11.06 | G18: 79.21 | H18: 20.76 | I18: 4.1 | J18: 1.49 | K18: 83.73 | L18: 26.12 | M18: 29.31 | N18: 751.5 | O18: 0 | P18: 1.01 | Q18: 9.82
A19: 27/02/2025 11:00 | B19: 49.3 | C19: 82.69 | D19: 80.33 | E19: 10.39 | F19: 11.49 | G19: 78.24 | H19: 35.69 | I19: 4.02 | J19: 1.31 | K19: 75.69 | L19: 27.39 | M19: 26.76 | N19: 903.1 | O19: 0 | P19: 0.85 | Q19: 9.83
A20: 27/02/2025 12:00 | B20: 39.36 | C20: 80.13 | D20: 71.44 | E20: 7.93 | F20: 9.54 | G20: 72.34 | H20: 34.29 | I20: 4.02 | J20: 1.1 | K20: 54.37 | L20: 29.19 | M20: 23.8 | N20: 913.7 | O20: 0 | P20: 0.77 | Q20: 9.77
... A32: 27/02/2025 24:00 | B32: 199.99 | C32: 96.5 | D32: 207.75 | E32: 9.26 | F32: 7.97 | G32: 189.73 | H32: 53.91 | I32: 4.13 | J32: 0.51 | K32: 335.84 | L32: 17.75 | M32: 60.79 | N32: 66.7 | O32: 0 | P32: 2.2 | Q32: 10.1
A34: Min | B34: =MIN(B9:B32) -> 10.7 | C34: =MIN(C9:C32) -> 69.47 | D34: =MIN(D9:D32) -> 44.93 | E34: =MIN(E9:E32) -> 6.59 | F34: =MIN(F9:F32) -> 6.76 | G34: =MIN(G9:G32) -> 49.88 | H34: =MIN(H9:H32) -> 16.56 | I34: =MIN(I9:I32) -> 3.95 | ... Q34: =MIN(Q9:Q32) -> 9.59
A35: Max | B35: =MAX(B9:B32) -> 289.59 | C35: =MAX(C9:C32) -> 120.58 | D35: =MAX(D9:D32) -> 293.85 | E35: =MAX(E9:E32) -> 21.2 | F35: =MAX(F9:F32) -> 30.92 | G35: =MAX(G9:G32) -> 278.15 | H35: =MAX(H9:H32) -> 94.3 | I35: =MAX(I9:I32) -> 4.2 | ... Q35: =MAX(Q9:Q32) -> 10.55
A36: Avg | B36: =AVERAGE(B9:B32) -> 105.49375 | C36: =AVERAGE(C9:C32) -> 86.174583 | D36: =AVERAGE(D9:D32) -> 127.60583 | E36: =AVERAGE(E9:E32) -> 10.604167 | F36: =AVERAGE(F9:F32) -> 11.45625 | G36: =AVERAGE(G9:G32) -> 124.5675 | H36: =AVERAGE(H9:H32) -> 45.582917 | I36: =AVERAGE(I9:I32) -> 4.0895833 | ... Q36: =AVERAGE(Q9:Q32) -> 9.9366667
A37: Stdev | B37: =STDEV(B9:B32) -> 78.70281 | C37: =STDEV(C9:C32) -> 14.632011 | D37: =STDEV(D9:D32) -> 68.651616 | E37: =STDEV(E9:E32) -> 4.2650082 | F37: =STDEV(F9:F32) -> 6.6312572 | G37: =STDEV(G9:G32) -> 64.933117 | H37: =STDEV(H9:H32) -> 24.248471 | I37: =STDEV(I9:I32) -> 0.064435959 | ... Q37: =STDEV(Q9:Q32) -> 0.31247493
A38: Num | B38: =COUNT(B9:B32) -> 24 | C38: =COUNT(C9:C32) -> 24 | D38: =COUNT(D9:D32) -> 24 | E38: =COUNT(E9:E32) -> 24 | F38: =COUNT(F9:F32) -> 24 | G38: =COUNT(G9:G32) -> 24 | H38: =COUNT(H9:H32) -> 24 | I38: =COUNT(I9:I32) -> 24 | ... Q38: =COUNT(Q9:Q32) -> 24
A39: DCR | B39: =IF(B38>=22,">90%",IF(B38<=22,"<90%")) -> >90% | C39: =IF(C38>=22,">90%",IF(C38<=22,"<90%")) -> >90% | D39: =IF(D38>=22,">90%",IF(D38<=22,"<90%")) -> >90% | E39: =IF(E38>=22,">90%",IF(E38<=22,"<90%")) -> >90% | F39: =IF(F38>=22,">90%",IF(F38<=22,"<90%")) -> >90% | G39: =IF(G38>=22,">90%",IF(G38<=22,"<90%")) -> >90% | H39: =IF(H38>=22,">90%",IF(H38<=22,"<90%")) -> >90% | I39: =IF(I38>=22,">90%",IF(I38<=22,"<90%")) -> >90% | ... Q39: =IF(Q38>=22,">90%",IF(Q38<=22,"<90%")) -> >90%
A40: Status | B40: =IF(B38>=22,"OK",IF(B38<=22,"LESS")) -> OK | C40: =IF(C38>=22,"OK",IF(C38<=22,"LESS")) -> OK | D40: =IF(D38>=22,"OK",IF(D38<=22,"LESS")) -> OK | E40: =IF(E38>=22,"OK",IF(E38<=22,"LESS")) -> OK | F40: =IF(F38>=22,"OK",IF(F38<=22,"LESS")) -> OK | G40: =IF(G38>=22,"OK",IF(G38<=22,"LESS")) -> OK | H40: =IF(H38>=22,"OK",IF(H38<=22,"LESS")) -> OK | I40: =IF(I38>=22,"OK",IF(I38<=22,"LESS")) -> OK | ... Q40: =IF(Q38>=22,"OK",IF(Q38<=22,"LESS")) -> OK
A43: Done by | B43: RAHUL
A45: Comment

Sheet 28
A1: Station: | B1: BHATAGAON RAIPUR
A2: Date: | B2: =$A$9 -> 28/02/2025 01:00 | D2: Power Off | G2: Pw.Off | L2: Link Fail | N2: Link F | P2: Maintenance | R2: Maint.
A3: Report Type: | B3: Mean | D3: Calibration | G3: Calib. | L3: Data Fail | N3: Data F | P3: Invalid | R3: Invalid
A4: Time Base: | B4: 01 Hour | D4: Zero Referrence | G4: Z.Ref | L4: Warm Up | N4: Wm. Up
A7: Date & Time | B7: NO_BHATAGAON | C7: NO2__BHATAGAON | D7: NOX_BHATAGAON | E7: SO2__BHATAGAON | F7: O3__BHATAGAON | G7: PM10__BHATAGAON | H7: PM2_5__BHATAGAON | I7: BENZ__BHATAGAON | J7: WS__BHATAGAON | K7: WD__BHATAGAON | L7: TEMP__BHATAGAON | M7: HUM__BHATAGAON | N7: SR__BHATAGAON | O7: RG__BHATAGAON | P7: CO__BHATAGAON | Q7: NH3__BHATAGAON
B8: ug/m3 | C8: ug/m3 | D8: ppb | E8: ug/m3 | F8: ug/m3 | G8: mg/m3 | H8: ug/m3 | I8: ug/m3 | J8: m/sec | K8: deg | L8: degreC | M8: % | N8: w/m2 | O8: mm | P8: ug/m3 | Q8: ug/m3
A9: 28/02/2025 01:00 | B9: 225.4 | C9: 96.49 | D9: 229.79 | E9: 8.41 | F9: 7.55 | G9: 215.54 | H9: 44.1 | I9: 4.19 | J9: 0.55 | K9: 326.07 | L9: 17.41 | M9: 64.19 | N9: 66.7 | O9: 0 | P9: 2.13 | Q9: 10.23
A10: 28/02/2025 02:00 | B10: 177.38 | C10: 78.93 | D10: 182.11 | E10: 7.04 | F10: 6.94 | G10: 183.03 | H10: 30.48 | I10: 4.15 | J10: 0.54 | K10: 351.59 | L10: 16.94 | M10: 71.88 | N10: 66.8 | O10: 0 | P10: 1.83 | Q10: 10.31
A11: 28/02/2025 03:00 | B11: 164.83 | C11: 76.13 | D11: 170.58 | E11: 6.94 | F11: 7.27 | G11: 120.68 | H11: 56.23 | I11: 4.17 | J11: 0.75 | K11: 312.51 | L11: 16.65 | M11: 75.36 | N11: 67 | O11: 0 | P11: 1.78 | Q11: 10.24
A12: 28/02/2025 04:00 | B12: 135.46 | C12: 68.73 | D12: 143.16 | E12: 6.98 | F12: 7.33 | G12: 114.98 | H12: 52.81 | I12: 4.1 | J12: 0.79 | K12: 277.27 | L12: 15.61 | M12: 77.18 | N12: 67 | O12: 0 | P12: 1.53 | Q12: 10.2
A13: 28/02/2025 05:00 | B13: 147.13 | C13: 69.11 | D13: 152.72 | E13: 6.81 | F13: 7.18 | G13: 117.47 | H13: 39.05 | I13: 4.07 | J13: 0.54 | K13: 261.69 | L13: 15.53 | M13: 82.69 | N13: 66.9 | O13: 0 | P13: 1.54 | Q13: 10.14
A14: 28/02/2025 06:00 | B14: 141.82 | C14: 67.92 | D14: 147.77 | E14: 7.05 | F14: 7.24 | G14: 116.9 | H14: 39.51 | I14: 4.06 | J14: 0.54 | K14: 254.29 | L14: 15.5 | M14: 72.23 | N14: 66.9 | O14: 0 | P14: 1.54 | Q14: 10.08
A15: 28/02/2025 07:00 | B15: 140.75 | C15: 66.76 | D15: 146.38 | E15: 6.86 | F15: 6.95 | G15: 132.79 | H15: 44.09 | I15: 4.01 | J15: 0.86 | K15: 300.63 | L15: 14.97 | M15: 79.56 | N15: 115.9 | O15: 0 | P15: 1.52 | Q15: 10.08
A16: 28/02/2025 08:00 | B16: 122.78 | C16: 71.79 | D16: 130.07 | E16: 6.68 | F16: 8.92 | G16: 122 | H16: 39.57 | I16: 4.07 | J16: 0.92 | K16: 227.04 | L16: 19.64 | M16: 68.53 | N16: 295.8 | O16: 0 | P16: 1.4 | Q16: 10.07
A17: 28/02/2025 09:00 | B17: 101.5 | C17: 80.59 | D17: 119.44 | E17: 7.58 | F17: 10.26 | G17: 97.98 | H17: 28.67 | I17: 4.05 | J17: 1.27 | K17: 344.26 | L17: 25.21 | M17: 40.81 | N17: 522.1 | O17: 0 | P17: 1.31 | Q17: 10.03
A18: 28/02/2025 10:00 | B18: 93.82 | C18: 81 | D18: 113.61 | E18: 7.31 | F18: 8 | G18: 83.76 | H18: 16.98 | I18: 4.01 | J18: 2.27 | K18: 190.73 | L18: 24.33 | M18: 35.62 | N18: 699 | O18: 0 | P18: 1.26 | Q18: 9.93
A19: 28/02/2025 11:00 | B19: 55.56 | C19: 88.51 | D19: 85.74 | E19: 6.6 | F19: 11.04 | G19: 71.71 | H19: 5.35 | I19: 4.24 | J19: 1.22 | K19: 228.13 | L19: 27.13 | M19: 33.47 | N19: 860.8 | O19: 0 | P19: 1.04 | Q19: 9.81
A20: 28/02/2025 12:00 | B20: 6.7 | C20: 82.81 | D20: 47.26 | E20: 8.86 | F20: 31.55 | G20: 62.35 | H20: 85.63 | I20: 4.14 | J20: 1.6 | K20: 229.79 | L20: 29.16 | M20: 29.14 | N20: 859.4 | O20: 0 | P20: 0.65 | Q20: 9.67
... A32: 28/02/2025 24:00 | B32: 184.97 | C32: 118.26 | D32: 208.74 | E32: 7.81 | F32: 8.51 | G32: 223.45 | H32: 93.52 | I32: 4.1 | J32: 0.57 | K32: 336.35 | L32: 19.51 | M32: 59.27 | N32: 65.4 | O32: 0 | P32: 2.56 | Q32: 10.26
A34: Min | B34: =MIN(B9:B32) -> 5.91 | C34: =MIN(C9:C32) -> 52.99 | D34: =MIN(D9:D32) -> 30.32 | E34: =MIN(E9:E32) -> 6.6 | F34: =MIN(F9:F32) -> 6.94 | G34: =MIN(G9:G32) -> 35.15 | H34: =MIN(H9:H32) -> 5.35 | I34: =MIN(I9:I32) -> 4.01 | ... Q34: =MIN(Q9:Q32) -> 9.39
A35: Max | B35: =MAX(B9:B32) -> 309.57 | C35: =MAX(C9:C32) -> 202.44 | D35: =MAX(D9:D32) -> 352.65 | E35: =MAX(E9:E32) -> 24.25 | F35: =MAX(F9:F32) -> 56.25 | G35: =MAX(G9:G32) -> 241.45 | H35: =MAX(H9:H32) -> 147.07 | I35: =MAX(I9:I32) -> 4.24 | ... Q35: =MAX(Q9:Q32) -> 10.31
A36: Avg | B36: =AVERAGE(B9:B32) -> 122.3675 | C36: =AVERAGE(C9:C32) -> 99.605 | D36: =AVERAGE(D9:D32) -> 148.03292 | E36: =AVERAGE(E9:E32) -> 10.337083 | F36: =AVERAGE(F9:F32) -> 19.246667 | G36: =AVERAGE(G9:G32) -> 124.24333 | H36: =AVERAGE(H9:H32) -> 52.725417 | I36: =AVERAGE(I9:I32) -> 4.1004167 | ... Q36: =AVERAGE(Q9:Q32) -> 9.8795833
A37: Stdev | B37: =STDEV(B9:B32) -> 90.96526 | C37: =STDEV(C9:C32) -> 44.259357 | D37: =STDEV(D9:D32) -> 90.681557 | E37: =STDEV(E9:E32) -> 4.5798077 | F37: =STDEV(F9:F32) -> 17.6733 | G37: =STDEV(G9:G32) -> 63.100128 | H37: =STDEV(H9:H32) -> 34.263206 | I37: =STDEV(I9:I32) -> 0.058716649 | ... Q37: =STDEV(Q9:Q32) -> 0.31608308
A38: Num | B38: =COUNT(B9:B32) -> 24 | C38: =COUNT(C9:C32) -> 24 | D38: =COUNT(D9:D32) -> 24 | E38: =COUNT(E9:E32) -> 24 | F38: =COUNT(F9:F32) -> 24 | G38: =COUNT(G9:G32) -> 24 | H38: =COUNT(H9:H32) -> 24 | I38: =COUNT(I9:I32) -> 24 | ... Q38: =COUNT(Q9:Q32) -> 24
A39: DCR | B39: =IF(B38>=22,">90%",IF(B38<=22,"<90%")) -> >90% | C39: =IF(C38>=22,">90%",IF(C38<=22,"<90%")) -> >90% | D39: =IF(D38>=22,">90%",IF(D38<=22,"<90%")) -> >90% | E39: =IF(E38>=22,">90%",IF(E38<=22,"<90%")) -> >90% | F39: =IF(F38>=22,">90%",IF(F38<=22,"<90%")) -> >90% | G39: =IF(G38>=22,">90%",IF(G38<=22,"<90%")) -> >90% | H39: =IF(H38>=22,">90%",IF(H38<=22,"<90%")) -> >90% | I39: =IF(I38>=22,">90%",IF(I38<=22,"<90%")) -> >90% | ... Q39: =IF(Q38>=22,">90%",IF(Q38<=22,"<90%")) -> >90%
A40: Status | B40: =IF(B38>=22,"OK",IF(B38<=22,"LESS")) -> OK | C40: =IF(C38>=22,"OK",IF(C38<=22,"LESS")) -> OK | D40: =IF(D38>=22,"OK",IF(D38<=22,"LESS")) -> OK | E40: =IF(E38>=22,"OK",IF(E38<=22,"LESS")) -> OK | F40: =IF(F38>=22,"OK",IF(F38<=22,"LESS")) -> OK | G40: =IF(G38>=22,"OK",IF(G38<=22,"LESS")) -> OK | H40: =IF(H38>=22,"OK",IF(H38<=22,"LESS")) -> OK | I40: =IF(I38>=22,"OK",IF(I38<=22,"LESS")) -> OK | ... Q40: =IF(Q38>=22,"OK",IF(Q38<=22,"LESS")) -> OK
A43: Done by | B43: RAHUL
A45: Comment

Sheet MONTHLY 28
A1: Station: | B1: BHATAGAON RAIPUR
A2: Date: | B2: =$A$9 -> 01/02/2025 01:00 | D2: Power Off | G2: Pw.Off | L2: Link Fail | N2: Link F | P2: Maintenance | R2: Maint.
A3: Report Type: | B3: Mean | D3: Calibration | G3: Calib. | L3: Data Fail | N3: Data F | P3: Invalid | R3: Invalid
A4: Time Base: | B4: 24 HRS | D4: Zero Referrence | G4: Z.Ref | L4: Warm Up | N4: Wm. Up
A7: Date & Time | B7: NO_BHATAGAON | C7: NO2__BHATAGAON | D7: NOX_BHATAGAON | E7: SO2__BHATAGAON | F7: O3__BHATAGAON | G7: PM10__BHATAGAON | H7: PM2_5__BHATAGAON | I7: BENZ__BHATAGAON | J7: WS__BHATAGAON | K7: WD__BHATAGAON | L7: TEMP__BHATAGAON | M7: HUM__BHATAGAON | N7: SR__BHATAGAON | O7: RG__BHATAGAON | P7: CO__BHATAGAON | Q7: NH3__BHATAGAON
B8: ug/m3 | C8: ug/m3 | D8: ppb | E8: ug/m3 | F8: ug/m3 | G8: mg/m3 | H8: ug/m3 | I8: ug/m3 | J8: m/sec | K8: deg | L8: degreC | M8: % | N8: w/m2 | O8: mm | P8: ug/m3 | Q8: ug/m3
A9: ='01'!$B$2 -> 01/02/2025 01:00 | B9: ='01'!B36 -> 47.449583 | C9: ='01'!C36 -> 55.272083 | D9: ='01'!D36 -> 65.064583 | E9: ='01'!E36 -> 6.6633333 | F9: ='01'!F36 -> 2.13 | G9: ='01'!G36 -> 86.749167 | H9: ='01'!H36 -> 27.989167 | I9: Invalid | J9: ='01'!J36 -> 0.86625 | K9: ='01'!K36 -> 276.93458 | L9: ='01'!L36 -> 22.137083 | M9: ='01'!M36 -> 71.056667 | N9: ='01'!N36 -> 223.73333 | O9: ='01'!O36 -> 0 | P9: ='01'!$P$36 -> 1.1004167 | Q9: ='01'!Q36 -> 9.6295833
A10: ='02'!$B$2 -> 02/02/2025 01:00 | B10: ='02'!B36 -> 45.36375 | C10: ='02'!C36 -> 58.097917 | D10: ='02'!D36 -> 64.803333 | E10: ='02'!E36 -> 6.4108333 | F10: ='02'!F36 -> 2.14125 | G10: ='02'!G36 -> 83.2275 | H10: ='02'!H36 -> 34.71625 | I10: Invalid | J10: ='02'!J36 -> 0.82041667 | K10: ='02'!K36 -> 297.56375 | L10: ='02'!L36 -> 22.75 | M10: ='02'!M36 -> 63.66875 | N10: ='02'!N36 -> 225.20417 | O10: ='02'!O36 -> 0 | P10: ='02'!$P$36 -> 1.0695833 | Q10: ='02'!Q36 -> 9.6575
A11: ='03'!$B$2 -> 03/02/2025 01:00 | B11: ='03'!B36 -> 43.532917 | C11: ='03'!C36 -> 60.451667 | D11: ='03'!D36 -> 64.579583 | E11: ='03'!E36 -> 6.9575 | F11: ='03'!F36 -> 2.165 | G11: ='03'!G36 -> 105.26375 | H11: ='03'!H36 -> 40.445833 | I11: Invalid | J11: ='03'!J36 -> 0.89333333 | K11: ='03'!K36 -> 292.9 | L11: ='03'!L36 -> 23.24875 | M11: ='03'!M36 -> 63.802917 | N11: ='03'!N36 -> 216.43333 | O11: ='03'!O36 -> 0 | P11: ='03'!$P$36 -> 1.22875 | Q11: ='03'!Q36 -> 9.685
A12: ='04'!$B$2 -> 04/02/2025 01:00 | B12: ='04'!B36 -> 72.200833 | C12: ='04'!C36 -> 59.212917 | D12: ='04'!D36 -> 87.021667 | E12: ='04'!E36 -> 7.6241667 | F12: ='04'!F36 -> 2.19375 | G12: ='04'!G36 -> 122.635 | H12: ='04'!H36 -> 41.734583 | I12: Invalid | J12: ='04'!J36 -> 0.845 | K12: ='04'!K36 -> 268.71333 | L12: ='04'!L36 -> 23.752917 | M12: ='04'!M36 -> 61.07875 | N12: ='04'!N36 -> 219.81667 | O12: ='04'!O36 -> 0 | P12: ='04'!$P$36 -> 1.5679167 | Q12: ='04'!Q36 -> 9.8775
A13: ='05'!$B$2 -> 05/02/2025 01:00 | B13: ='05'!B36 -> 64.621364 | C13: ='05'!C36 -> 62.951818 | D13: ='05'!D36 -> 82.366364 | E13: ='05'!E36 -> 8.4547826 | F13: ='05'!F36 -> 6.1808333 | G13: ='05'!G36 -> 98.785238 | H13: ='05'!H36 -> 33.211429 | I13: Invalid | J13: ='05'!J36 -> 0.73958333 | K13: ='05'!K36 -> 312.68583 | L13: ='05'!L36 -> 24.086667 | M13: ='05'!M36 -> 54.6025 | N13: ='05'!N36 -> 222.32917 | O13: ='05'!O36 -> 0 | P13: ='05'!$P$36 -> 1.2029167 | Q13: ='05'!Q36 -> 9.9020833
A14: ='06'!$B$2 -> 06/02/2025 01:00 | B14: ='06'!B36 -> 15.035417 | C14: ='06'!C36 -> 59.798333 | D14: ='06'!D36 -> 41.73125 | E14: ='06'!E36 -> 5.95 | F14: ='06'!F36 -> 2.1320833 | G14: ='06'!G36 -> 73.292083 | H14: ='06'!H36 -> 39.1725 | I14: Invalid | J14: ='06'!J36 -> 1.6116667 | K14: ='06'!K36 -> 340.58958 | L14: ='06'!L36 -> 22.11 | M14: ='06'!M36 -> 52.463333 | N14: ='06'!N36 -> 216.425 | O14: ='06'!O36 -> 0 | P14: ='06'!$P$36 -> 0.74708333 | Q14: ='06'!Q36 -> 9.6370833
A15: ='07'!$B$2 -> 07/02/2025 01:00 | B15: ='07'!B36 -> 36.55875 | C15: ='07'!C36 -> 69.985 | D15: ='07'!D36 -> 62.789583 | E15: ='07'!E36 -> 12.147083 | F15: ='07'!F36 -> 3.5883333 | G15: ='07'!G36 -> 74.18875 | H15: ='07'!H36 -> 11.927778 | I15: Invalid | J15: ='07'!J36 -> 1.0591667 | K15: ='07'!K36 -> 316.13375 | L15: ='07'!L36 -> 20.28125 | M15: ='07'!M36 -> 35.707917 | N15: ='07'!N36 -> 219.73333 | O15: ='07'!O36 -> 0 | P15: ='07'!P36 -> 1.045 | Q15: ='07'!Q36 -> 10.086667
A16: ='08'!$B$2 -> 08/02/2025 01:00 | B16: ='08'!B36 -> 57.080833 | C16: ='08'!C36 -> 55.664167 | D16: ='08'!D36 -> 72.84125 | E16: ='08'!E36 -> 6.46 | F16: ='08'!F36 -> 2.13 | G16: ='08'!G36 -> 88.222917 | H16: ='08'!H36 -> 60.0775 | I16: Invalid | J16: ='08'!J36 -> 1.09875 | K16: ='08'!K36 -> 301.58917 | L16: ='08'!L36 -> 20.713333 | M16: ='08'!M36 -> 40.762917 | N16: ='08'!N36 -> 227.35417 | O16: ='08'!O36 -> 0 | P16: ='08'!$P$36 -> 1.2425 | Q16: ='08'!Q36 -> 9.9566667
A17: ='09'!$B$2 -> 09/02/2025 01:00 | B17: ='09'!B36 -> 52.57125 | C17: ='09'!C36 -> 56.137083 | D17: ='09'!D36 -> 69.794583 | E17: ='09'!E36 -> 6.6204167 | F17: ='09'!F36 -> 2.1391667 | G17: ='09'!G36 -> 81.925833 | H17: ='09'!H36 -> 47.995417 | I17: Invalid | J17: ='09'!J36 -> 0.87375 | K17: ='09'!K36 -> 269.47125 | L17: ='09'!L36 -> 20.608333 | M17: ='09'!M36 -> 36.78125 | N17: ='09'!N36 -> 248.85833 | O17: ='09'!O36 -> 0 | P17: ='09'!P36 -> 1.00625 | Q17: ='09'!Q36 -> 9.76875
A18: ='10'!$B$2 -> 10/02/2025 01:00 | B18: ='10'!B36 -> 100.94958 | C18: ='10'!C36 -> 67.725417 | D18: ='10'!D36 -> 113.61417 | E18: ='10'!E36 -> 9.8091667 | F18: ='10'!F36 -> 5.5425 | G18: ='10'!G36 -> 104.2675 | H18: ='10'!H36 -> 34.526667 | I18: Invalid | J18: ='10'!J36 -> 0.88916667 | K18: ='10'!K36 -> 310.01 | L18: ='10'!L36 -> 21.652917 | M18: ='10'!M36 -> 51.350417 | N18: ='10'!N36 -> 287.9 | O18: ='10'!O36 -> 0 | P18: ='10'!$P$36 -> 1.4170833 | Q18: ='10'!Q36 -> 10.377083
A19: ='11'!$B$2 -> 11/02/2025 01:00 | B19: ='11'!B36 -> 57.805833 | C19: ='11'!C36 -> 57.417917 | D19: ='11'!D36 -> 74.573333 | E19: ='11'!E36 -> 8.5708333 | F19: ='11'!F36 -> 4.1079167 | G19: ='11'!G36 -> 102.53375 | H19: ='11'!H36 -> 36.194167 | I19: Invalid | J19: ='11'!J36 -> 0.81666667 | K19: ='11'!K36 -> 306.39167 | L19: ='11'!L36 -> 22.73375 | M19: ='11'!M36 -> 61.164583 | N19: ='11'!N36 -> 268.29583 | O19: ='11'!O36 -> 0 | P19: ='11'!P36 -> 1.205 | Q19: ='11'!Q36 -> 9.9425
A20: ='12'!$B$2 -> 12/02/2025 01:00 | B20: ='12'!B36 -> 25.66625 | C20: ='12'!C36 -> 54.535417 | D20: ='12'!D36 -> 47.35375 | E20: ='12'!E36 -> 7.1483333 | F20: ='12'!F36 -> 2.43125 | G20: ='12'!G36 -> 78.234583 | H20: ='12'!H36 -> 28.4125 | I20: Invalid | J20: ='12'!J36 -> 1.2920833 | K20: ='12'!K36 -> 307.27 | L20: ='12'!L36 -> 23.66625 | M20: ='12'!M36 -> 51.97625 | N20: ='12'!N36 -> 289.31667 | O20: ='12'!O36 -> 0 | P20: ='12'!P36 -> 0.78375 | Q20: ='12'!Q36 -> 9.5145833
A21: ='13'!$B$2 -> 13/02/2025 01:00 | B21: ='13'!B36 -> 18.531667 | C21: ='13'!C36 -> 61.582917 | D21: ='13'!D36 -> 45.24625 | E21: ='13'!E36 -> 6.56625 | F21: ='13'!F36 -> 3.1820833 | G21: ='13'!G36 -> 80.024583 | H21: ='13'!H36 -> 24.339583 | I21: Invalid | J21: ='13'!J36 -> 1.5916667 | K21: ='13'!K36 -> 337.05708 | L21: ='13'!L36 -> 21.902917 | M21: ='13'!M36 -> 37.882083 | N21: ='13'!N36 -> 317.475 | O21: ='13'!O36 -> 0 | P21: ='13'!P36 -> 0.73166667 | Q21: ='13'!Q36 -> 9.50875
A22: ='14'!$B$2 -> 14/02/2025 01:00 | B22: ='14'!B36 -> 21.48875 | C22: ='14'!C36 -> 55.787917 | D22: ='14'!D36 -> 44.81125 | E22: ='14'!E36 -> 6.47125 | F22: ='14'!F36 -> 2.1341667 | G22: ='14'!G36 -> 77.855417 | H22: ='14'!H36 -> 22.3275 | I22: Invalid | J22: ='14'!J36 -> 1.2895833 | K22: ='14'!K36 -> 299.64708 | L22: ='14'!L36 -> 20.09625 | M22: ='14'!M36 -> 34.705 | N22: ='14'!N36 -> 337.22083 | O22: ='14'!O36 -> 0 | P22: ='14'!P36 -> 0.65083333 | Q22: ='14'!Q36 -> 10.037083
A23: ='15'!$B$2 -> 15/02/2025 01:00 | B23: ='15'!B36 -> 38.562917 | C23: ='15'!C36 -> 64.43625 | D23: ='15'!D36 -> 62.833333 | E23: ='15'!E36 -> 6.7270833 | F23: ='15'!F36 -> 2.1304167 | G23: ='15'!G36 -> 89.844167 | H23: ='15'!H36 -> 30.797917 | I23: Invalid | J23: ='15'!J36 -> 1.1341667 | K23: ='15'!K36 -> 287.32625 | L23: ='15'!L36 -> 20.962917 | M23: ='15'!M36 -> 38.208333 | N23: ='15'!N36 -> 311.35417 | O23: ='15'!O36 -> 0 | P23: ='15'!P36 -> 0.87541667 | Q23: ='15'!Q36 -> 9.9895833
A24: ='16'!$B$2 -> 16/02/2025 01:00 | B24: ='16'!B36 -> 40.965 | C24: ='16'!C36 -> 64.90125 | D24: ='16'!D36 -> 64.866667 | E24: ='16'!E36 -> 7.80875 | F24: ='16'!F36 -> 2.41375 | G24: ='16'!G36 -> 83.17125 | H24: ='16'!H36 -> 25.186667 | I24: Invalid | J24: ='16'!J36 -> 0.76958333 | K24: ='16'!K36 -> 300.73042 | L24: ='16'!L36 -> 21.771667 | M24: ='16'!M36 -> 46.238333 | N24: ='16'!N36 -> 307.04583 | O24: ='16'!O36 -> 0 | P24: ='16'!P36 -> 0.94708333 | Q24: ='16'!Q36 -> 9.7658333
A25: ='17'!$B$2 -> 17/02/2025 01:00 | B25: ='17'!B36 -> 68.636667 | C25: ='17'!C36 -> 67.550833 | D25: ='17'!D36 -> 88.3575 | E25: ='17'!E36 -> 7.4058333 | F25: ='17'!F36 -> 2.1508333 | G25: ='17'!G36 -> 93.721667 | H25: ='17'!H36 -> 26.67875 | I25: Invalid | J25: ='17'!J36 -> 1.1070833 | K25: ='17'!K36 -> 307.47875 | L25: ='17'!L36 -> 22.870833 | M25: ='17'!M36 -> 48.710417 | N25: ='17'!N36 -> 291.74167 | O25: ='17'!O36 -> 0 | P25: ='17'!P36 -> 1.2275 | Q25: ='17'!Q36 -> 9.8725
