Workbook

Sheet 01
A1: Station: | B1: BHATAGAON RAIPPUR
A2: Date: | B2: =$A$9 -> 01-06-2022 00:15 | D2: Power Off | G2: Pw.Off | L2: Link Fail | N2: Link F | P2: Maintenance | R2: Maint.
A3: Report Type: | B3: Mean | D3: Calibration | G3: Calib. | L3: Data Fail | N3: Data F | P3: Invalid | R3: Invalid
A4: Time Base: | B4: 15 Min | D4: Zero Referrence | G4: Z.Ref | L4: Warm Up | N4: Wm. Up
A7: Date & Time | B7: NO_BHATAGAON | C7: NO2__BHATAGAON | D7: NOX_BHATAGAON | E7: SO2__BHATAGAON | F7: O3__BHATAGAON | G7: PM10__BHATAGAON | H7: PM2.5__BHATAGAON | I7: BENZ__BHATAGAON | J7: WS__BHATAGAON | K7: WD__BHATAGAON | L7: TEMP__BHATAGAON | M7: HUM__BHATAGAON | N7: SR__BHATAGAON | O7: RG__BHATAGAON | P7: CO__BHATAGAON | Q7: NH3__BHATAGAON
B8: ug/m3 | C8: ug/m3 | D8: ug/m3 | E8: ug/m3 | F8: ug/m3 | G8: ug/m3 | H8: ug/m3 | I8: ug/m3 | J8: m/sec | K8: deg | L8: degreC | M8: % | N8: w/m2 | O8: mm | P8: mg/m3 | Q8: ug/m3
A9: 01-06-2022 00:15 | B9: 29.72 | C9: 30.78 | D9: 60.5 | E9: 7.38 | F9: 7.57 | G9: 159.06 | H9: Invalid | I9: 3.57 | J9: 1.85 | K9: 184.43 | L9: 39.25 | M9: 47.41 | N9: 392.4 | O9: 0 | P9: 1.08 | Q9: 60.94
A10: 01-06-2022 00:30 | B10: 26.71 | C10: 30.57 | D10: 57.28 | E10: 7.65 | F10: 10.23 | G10: 145.67 | H10: Invalid | I10: 3.02 | J10: 1.59 | K10: 209.51 | L10: 38.67 | M10: 48.05 | N10: 252.2 | O10: 0 | P10: 1.03 | Q10: 61.14
A11: 01-06-2022 00:45 | B11: 23.57 | C11: 32.26 | D11: 55.83 | E11: 7.53 | F11: 3.59 | G11: 140.26 | H11: Invalid | I11: 2.54 | J11: 0.77 | K11: 253.23 | L11: 38.19 | M11: 45.96 | N11: 378.7 | O11: 0 | P11: 1.54 | Q11: 68.92
A12: 01-06-2022 01:00 | B12: 19.18 | C12: 33.56 | D12: 52.74 | E12: 7.64 | F12: 1.27 | G12: 140.26 | H12: Invalid | I12: 2.89 | J12: 1.37 | K12: 246.29 | L12: 38.22 | M12: 46.08 | N12: 381.3 | O12: 0 | P12: 1.45 | Q12: 81.35
A13: 01-06-2022 01:15 | B13: 14.63 | C13: 33.79 | D13: 48.43 | E13: 7.65 | F13: 1.16 | G13: 108.04 | H13: Invalid | I13: 0.04 | J13: 0.79 | K13: 262.48 | L13: 38.09 | M13: 47.34 | N13: 386.2 | O13: 0 | P13: 1.46 | Q13: 83.44
A14: 01-06-2022 01:30 | B14: 10.76 | C14: 33.63 | D14: 44.39 | E14: 7.24 | F14: 1.29 | G14: 109.14 | H14: Invalid | I14: 1.83 | J14: 0.76 | K14: 306.48 | L14: 38.14 | M14: 47.94 | N14: 404.2 | O14: 0 | P14: 1.36 | Q14: 81.39
A15: 01-06-2022 01:45 | B15: 7.81 | C15: 32.8 | D15: 40.61 | E15: 7.1 | F15: 1.21 | G15: 113.6 | H15: Invalid | I15: 4.45 | J15: 1.26 | K15: 246.09 | L15: 38.12 | M15: 47.55 | N15: 343.9 | O15: 0 | P15: 1.4 | Q15: 78.83
A16: 01-06-2022 02:00 | B16: 5.52 | C16: 31.56 | D16: 37.08 | E16: 7.41 | F16: 1.27 | G16: 113.6 | H16: Invalid | I16: 3.73 | J16: 1.58 | K16: 259.86 | L16: 37.77 | M16: 48.39 | N16: 360.9 | O16: 0 | P16: 1.3 | Q16: 76.66
A17: 01-06-2022 02:15 | B17: 3.94 | C17: 30.37 | D17: 34.3 | E17: 7.45 | F17: 1.46 | G17: 113.6 | H17: Invalid | I17: 4.45 | J17: 1.54 | K17: 263.64 | L17: 37.07 | M17: 51.06 | N17: 429.5 | O17: 0 | P17: 1.29 | Q17: 73.88
A18: 01-06-2022 02:30 | B18: 3.01 | C18: 29.04 | D18: 32.05 | E18: 7.15 | F18: 1.47 | G18: 106.85 | H18: Invalid | I18: 3.93 | J18: 1.71 | K18: 200.34 | L18: 36.44 | M18: 53.31 | N18: 472.3 | O18: 0 | P18: 1.25 | Q18: 72.06
A19: 01-06-2022 02:45 | B19: 2.51 | C19: 28.29 | D19: 30.79 | E19: 7.42 | F19: 1.09 | G19: 100.69 | H19: Invalid | I19: 3.96 | J19: 1.85 | K19: 199.65 | L19: 36.7 | M19: 52.45 | N19: 548.3 | O19: 0 | P19: 1.24 | Q19: 69.01
A20: 01-06-2022 03:00 | B20: 2.18 | C20: 27.63 | D20: 29.81 | E20: 3.38 | F20: 1.44 | G20: 100.69 | H20: Invalid | I20: 3.6 | J20: 1.77 | K20: 245.59 | L20: 37.34 | M20: 53.36 | N20: 430.7 | O20: 0 | P20: 1.23 | Q20: 69.98
... A45: 01-06-2022 09:15 | B45: 1.63 | C45: 34.49 | D45: 36.11 | E45: 5.14 | F45: 3.76 | G45: 116.59 | H45: Invalid | I45: 6.51 | J45: 1.79 | K45: 320.55 | L45: 46.27 | M45: 34.2 | N45: 895.5 | O45: 0 | P45: 1.57 | Q45: 39.31
A46: 01-06-2022 09:30 | B46: 1.53 | C46: 33.27 | D46: 34.8 | E46: 4.95 | F46: 6.92 | G46: 119.72 | H46: Invalid | I46: 6.89 | J46: 1.92 | K46: 235.59 | L46: 46.81 | M46: 32.44 | N46: Invalid | O46: 0 | P46: 1.6 | Q46: 43.55
A47: 01-06-2022 09:45 | B47: 1.14 | C47: 34.37 | D47: 35.52 | E47: 5.01 | F47: 4.38 | G47: 122.58 | H47: Invalid | I47: 7.21 | J47: 0.25 | K47: 343.58 | L47: 47.35 | M47: 32.42 | N47: Invalid | O47: 0 | P47: 1.63 | Q47: 45.47
A48: 01-06-2022 10:00 | B48: 1.09 | C48: 35.99 | D48: 37.09 | E48: 4.98 | F48: 4.14 | G48: 122.58 | H48: Invalid | I48: 7.96 | J48: 2.23 | K48: 316.59 | L48: 50.75 | M48: 31.23 | N48: Invalid | O48: 0 | P48: 1.72 | Q48: 57.6
A49: 01-06-2022 10:15 | B49: 1.17 | C49: 37.35 | D49: 38.52 | E49: 5.33 | F49: 4.49 | G49: 122.58 | H49: Invalid | I49: 8.43 | J49: 2.39 | K49: 309.63 | L49: 50.26 | M49: 29.22 | N49: Invalid | O49: 0 | P49: 1.82 | Q49: 61.89
A50: 01-06-2022 10:30 | B50: 1.2 | C50: 37.92 | D50: 39.12 | E50: 5.37 | F50: 3.89 | G50: 124.66 | H50: Invalid | I50: 9.36 | J50: 2.6 | K50: 315.19 | L50: 52.13 | M50: 26.08 | N50: Invalid | O50: 0 | P50: 1.78 | Q50: 59.84
A51: 01-06-2022 10:45 | B51: 1.11 | C51: 38.52 | D51: 39.63 | E51: 5.05 | F51: 4.85 | G51: 128.59 | H51: Invalid | I51: 11.69 | J51: 2.84 | K51: 310.9 | L51: 51 | M51: 27.02 | N51: 1067 | O51: 0 | P51: 1.72 | Q51: 56.36
A52: 01-06-2022 11:00 | B52: 1.02 | C52: 38.33 | D52: 39.36 | E52: 3.11 | F52: 5.22 | G52: 128.59 | H52: Invalid | I52: 9.47 | J52: 3.5 | K52: 334.1 | L52: 52.48 | M52: 24.82 | N52: Invalid | O52: 0 | P52: 1.71 | Q52: 56.68
A53: 01-06-2022 11:15 | B53: 1.68 | C53: 40.85 | D53: 42.53 | E53: 5.88 | F53: 7.06 | G53: 128.59 | H53: Invalid | I53: 8.82 | J53: 3.71 | K53: 345.68 | L53: 53.33 | M53: 22.7 | N53: Invalid | O53: 0 | P53: 1.65 | Q53: 56.29
A54: 01-06-2022 11:30 | B54: 1.58 | C54: 44.13 | D54: 45.71 | E54: 6.07 | F54: 4.84 | G54: 126.16 | H54: Invalid | I54: 6.8 | J54: 2.57 | K54: 35.8 | L54: 50.84 | M54: 21.16 | N54: Invalid | O54: 0 | P54: 1.51 | Q54: 59.91
A55: 01-06-2022 11:45 | B55: 0.95 | C55: 43.34 | D55: 44.28 | E55: 6.06 | F55: 8.77 | G55: 123.88 | H55: Invalid | I55: 6.42 | J55: 2.87 | K55: 25.53 | L55: 51.38 | M55: 21.38 | N55: Invalid | O55: 0 | P55: 1.49 | Q55: 61.52
A56: 01-06-2022 12:00 | B56: 0.82 | C56: 45.44 | D56: 46.26 | E56: 5.52 | F56: 11.75 | G56: 123.88 | H56: Z.Ref | I56: 4.51 | J56: 4.61 | K56: 4.48 | L56: 53.48 | M56: 19.06 | N56: Invalid | O56: 0 | P56: 1.5 | Q56: 64.72
A57: 01-06-2022 12:15 | B57: 1.07 | C57: 54.19 | D57: 55.27 | E57: 4.82 | F57: 9.38 | G57: 123.88 | H57: Z.Ref | I57: 3.57 | J57: 3.55 | K57: 19.2 | L57: 54.9 | M57: 18.64 | N57: 808 | O57: 0 | P57: 1.57 | Q57: 72.11
A58: 01-06-2022 12:30 | B58: 1.1 | C58: 52.78 | D58: 53.88 | E58: 4.63 | F58: 14.02 | G58: Z.Ref | H58: Z.Ref | I58: 3.86 | J58: 2.6 | K58: 8.66 | L58: 55.66 | M58: 18.45 | N58: 653.5 | O58: 0 | P58: 1.48 | Q58: 62.64
A59: 01-06-2022 12:45 | B59: 0.97 | C59: 58.31 | D59: 59.28 | E59: 4.9 | F59: 13.24 | G59: Z.Ref | H59: Z.Ref | I59: 4.4 | J59: 2.03 | K59: 37.6 | L59: 51.34 | M59: 17.71 | N59: 699.3 | O59: 0 | P59: 1.43 | Q59: 101.85
A60: 01-06-2022 13:00 | B60: 0.7 | C60: 57.81 | D60: 58.52 | E60: 4.69 | F60: 16.53 | G60: Z.Ref | H60: Z.Ref | I60: 3.83 | J60: 1.13 | K60: 89.57 | L60: 50.15 | M60: 17.07 | N60: 827.5 | O60: 0 | P60: 1.28 | Q60: 109.72
A61: 01-06-2022 13:15 | B61: 0.49 | C61: 56.3 | D61: 56.79 | E61: 4.6 | F61: 16.6 | G61: Invalid | H61: Invalid | I61: 3.42 | J61: 0.79 | K61: 50.64 | L61: 54.61 | M61: 16.03 | N61: 584.8 | O61: 0 | P61: 1.22 | Q61: 106.54
A62: 01-06-2022 13:30 | B62: 0.25 | C62: 52.49 | D62: 52.74 | E62: 4.1 | F62: 21.29 | G62: 44.11 | H62: 39.12 | I62: 2.67 | J62: 1.81 | K62: 38.95 | L62: 52.15 | M62: 16.41 | N62: 895.4 | O62: 0 | P62: 1.18 | Q62: 107.87
A63: 01-06-2022 13:45 | B63: 0.09 | C63: 50.28 | D63: 50.37 | E63: 3.6 | F63: 15.86 | G63: Calib. | H63: Calib. | I63: 2.56 | J63: 2.57 | K63: 5.17 | L63: 53.96 | M63: 14.23 | N63: 521.6 | O63: 0 | P63: 1.26 | Q63: 115.61
A64: 01-06-2022 14:00 | B64: 0.41 | C64: 50.67 | D64: 51.07 | E64: 3.93 | F64: 7.7 | G64: Calib. | H64: Calib. | I64: 2.65 | J64: 2.16 | K64: 1.91 | L64: 56.23 | M64: 15.03 | N64: 719 | O64: 0 | P64: 1.23 | Q64: 126.38
A65: 01-06-2022 14:15 | B65: 1.19 | C65: 48.94 | D65: 50.12 | E65: 4.86 | F65: 5.19 | G65: Calib. | H65: Calib. | I65: 3.05 | J65: 3.13 | K65: 349.63 | L65: 56.05 | M65: 14.23 | N65: 587.3 | O65: 0 | P65: 1.33 | Q65: 120.11
A66: 01-06-2022 14:30 | B66: 1.67 | C66: 47.8 | D66: 49.47 | E66: 4.88 | F66: 4.63 | G66: 205.11 | H66: 45.63 | I66: 3.27 | J66: 2.6 | K66: 345.8 | L66: 52.73 | M66: 13.81 | N66: 552.4 | O66: 0 | P66: 1.37 | Q66: 110.86
A67: 01-06-2022 14:45 | B67: 2.87 | C67: 47.9 | D67: 50.77 | E67: 4.52 | F67: 4 | G67: 205.11 | H67: 59.52 | I67: 4.42 | J67: 2.66 | K67: 356.74 | L67: 52.2 | M67: 12.85 | N67: 560 | O67: 0 | P67: 1.38 | Q67: 106.56
A68: 01-06-2022 15:00 | B68: 3.35 | C68: 47.9 | D68: 51.25 | E68: 2.81 | F68: 3.46 | G68: 205.11 | H68: 59.52 | I68: 2.53 | J68: 3.32 | K68: 337.04 | L68: 53.5 | M68: 13.11 | N68: 691.5 | O68: 0 | P68: 1.38 | Q68: 104.21
A69: 01-06-2022 15:15 | B69: 2.8 | C69: 46.97 | D69: 49.77 | E69: 5.27 | F69: 6.2 | G69: 205.11 | H69: 59.52 | I69: 3.55 | J69: 4.06 | K69: 341.17 | L69: 55.31 | M69: 11.93 | N69: 680.2 | O69: 0 | P69: 1.38 | Q69: 103.03
A70: 01-06-2022 15:30 | B70: 2.24 | C70: 45.47 | D70: 47.71 | E70: 5.14 | F70: 4.86 | G70: 185.05 | H70: 58.08 | I70: 4.41 | J70: 4.07 | K70: 342.38 | L70: 53.01 | M70: 11.07 | N70: 716.8 | O70: 0 | P70: 1.34 | Q70: 98.84
A71: 01-06-2022 15:45 | B71: 1.72 | C71: 43.24 | D71: 44.96 | E71: 5.47 | F71: 5.26 | G71: 185.05 | H71: 57.64 | I71: 4.93 | J71: 3.78 | K71: 317.82 | L71: 53.4 | M71: 12.04 | N71: 648.2 | O71: 0 | P71: 1.32 | Q71: 96.21
A72: 01-06-2022 16:00 | B72: 1.34 | C72: 40.74 | D72: 42.07 | E72: 5.74 | F72: 5.39 | G72: 185.05 | H72: 57.64 | I72: 4.56 | J72: 4.2 | K72: 327.55 | L72: 52.42 | M72: 12.44 | N72: 594.8 | O72: 0 | P72: 1.32 | Q72: 91.94
A73: 01-06-2022 16:15 | B73: 1.11 | C73: 38.81 | D73: 39.93 | E73: 5.45 | F73: 5.49 | G73: 185.05 | H73: 57.64 | I73: 4.6 | J73: 3.5 | K73: 337.64 | L73: 54.13 | M73: 12.2 | N73: 537.4 | O73: 0 | P73: 1.29 | Q73: 87.99
A74: 01-06-2022 16:30 | B74: 1.3 | C74: 38.78 | D74: 40.08 | E74: 5.47 | F74: 6.28 | G74: 164.44 | H74: 47.71 | I74: 4.5 | J74: 4.15 | K74: 329.83 | L74: 53.37 | M74: 12.76 | N74: 449 | O74: 0 | P74: 1.28 | Q74: 93.29
A75: 01-06-2022 16:45 | B75: 1.38 | C75: 41.05 | D75: 42.43 | E75: 5.4 | F75: 6.5 | G75: 164.44 | H75: 44.69 | I75: 3.83 | J75: 3.85 | K75: 322.92 | L75: 48.3 | M75: 13.08 | N75: 324.7 | O75: 0 | P75: 1.26 | Q75: 102.12
A76: 01-06-2022 17:00 | B76: 1.56 | C76: 42.71 | D76: 44.27 | E76: 5.64 | F76: 7.23 | G76: 164.44 | H76: 44.69 | I76: 3.97 | J76: 3.1 | K76: 326.5 | L76: 50.39 | M76: 13.94 | N76: 322 | O76: 0 | P76: 1.39 | Q76: 101.13
A77: 01-06-2022 17:15 | B77: 1.94 | C77: 44.3 | D77: 46.24 | E77: 5.85 | F77: 6.71 | G77: 164.44 | H77: 44.69 | I77: 3.92 | J77: 3.66 | K77: 0.54 | L77: 48.76 | M77: 10.8 | N77: 254.6 | O77: 0 | P77: 1.38 | Q77: 105.34
... A102: 01-06-2022 23:30 | B102: 183.41 | C102: 66.55 | D102: 249.96 | E102: 9.33 | F102: 0.18 | G102: 334.35 | H102: 71.73 | I102: 20.71 | J102: 1.56 | K102: 22.13 | L102: 38.79 | M102: 47 | N102: 112.6 | O102: 0 | P102: 4.57 | Q102: 175.68
A103: 01-06-2022 23:45 | B103: 186.62 | C103: 64.36 | D103: 250.97 | E103: 8.7 | F103: Z.Ref | G103: 334.35 | H103: 72.65 | I103: 19.94 | J103: 0.7 | K103: 44.54 | L103: 39.78 | M103: 47.41 | N103: 112.4 | O103: 0 | P103: 4.36 | Q103: 177.52
A104: 01-06-2022 24:00 | B104: 187.88 | C104: 62.87 | D104: 250.75 | E104: 8.78 | F104: Z.Ref | G104: 334.35 | H104: 72.65 | I104: 19.15 | J104: 1.6 | K104: 1.45 | L104: 39.84 | M104: 47.57 | N104: 112.6 | O104: 0 | P104: 4.38 | Q104: 178.14
A106: Min | B106: =MIN(B9:B104) -> 0.09 | C106: =MIN(C9:C104) -> 20.82 | D106: =MIN(D9:D104) -> 22.84 | E106: =MIN(E9:E104) -> 2.81 | F106: =MIN(F9:F104) -> 0.18 | G106: =MIN(G9:G104) -> 44.11 | H106: =MIN(H9:H104) -> 39.12 | I106: =MIN(I9:I104) -> 0.04 | ... Q106: =MIN(Q9:Q104) -> 34.6
A107: Max | B107: =MAX(B9:B104) -> 187.88 | C107: =MAX(C9:C104) -> 81.9 | D107: =MAX(D9:D104) -> 260.56 | E107: =MAX(E9:E104) -> 9.71 | F107: =MAX(F9:F104) -> 21.29 | G107: =MAX(G9:G104) -> 334.35 | H107: =MAX(H9:H104) -> 72.65 | I107: =MAX(I9:I104) -> 37.12 | ... Q107: =MAX(Q9:Q104) -> 178.14
A108: Avg | B108: =AVERAGE(B9:B104) -> 30.328854 | C108: =AVERAGE(C9:C104) -> 45.0175 | D108: =AVERAGE(D9:D104) -> 75.346042 | E108: =AVERAGE(E9:E104) -> 6.4377083 | F108: =AVERAGE(F9:F104) -> 4.6684043 | G108: =AVERAGE(G9:G104) -> 158.33921 | H108: =AVERAGE(H9:H104) -> 53.5765 | I108: =AVERAGE(I9:I104) -> 8.6844792 | ... Q108: =AVERAGE(Q9:Q104) -> 91.71375
A109: Stdev | B109: =STDEV(B9:B104) -> 56.24344 | C109: =STDEV(C9:C104) -> 17.940919 | D109: =STDEV(D9:D104) -> 70.742592 | E109: =STDEV(E9:E104) -> 1.5511934 | F109: =STDEV(F9:F104) -> 4.2495964 | G109: =STDEV(G9:G104) -> 70.660291 | H109: =STDEV(H9:H104) -> 10.139305 | I109: =STDEV(I9:I104) -> 8.5221417 | ... Q109: =STDEV(Q9:Q104) -> 38.822258
A110: Num | B110: =COUNT(B9:B104) -> 96 | C110: =COUNT(C9:C104) -> 96 | D110: =COUNT(D9:D104) -> 96 | E110: =COUNT(E9:E104) -> 96 | F110: =COUNT(F9:F104)+2 -> 96 | G110: =COUNT(G9:G104)+6 -> 95 | H110: =COUNT(H9:H104)+8 -> 48 | I110: =COUNT(I9:I104) -> 96 | J110: =COUNT(J9:J104) -> 96 | K110: =COUNT(K9:K104) -> 96 | L110: =COUNT(L9:L104) -> 96 | M110: =COUNT(M9:M104) -> 96 | N110: =COUNT(N9:N104) -> 86 | O110: =COUNT(O9:O104) -> 96 | P110: =COUNT(P9:P104) -> 96 | Q110: =COUNT(Q9:Q104) -> 96
A111: DCR | B111: =IF(B110>=87,">90%",IF(B110<=87,"<90%")) -> >90% | C111: =IF(C110>=87,">90%",IF(C110<=87,"<90%")) -> >90% | D111: =IF(D110>=87,">90%",IF(D110<=87,"<90%")) -> >90% | E111: =IF(E110>=87,">90%",IF(E110<=87,"<90%")) -> >90% | F111: =IF(F110>=87,">90%",IF(F110<=87,"<90%")) -> >90% | G111: =IF(G110>=87,">90%",IF(G110<=87,"<90%")) -> >90% | H111: =IF(H110>=87,">90%",IF(H110<=87,"<90%")) -> <90% | I111: =IF(I110>=87,">90%",IF(I110<=87,"<90%")) -> >90% | ... Q111: =IF(Q110>=87,">90%",IF(Q110<=87,"<90%")) -> >90%
A112: Status | B112: =IF(B110>=87,"OK",IF(B110<=87,"LESS")) -> OK | C112: =IF(C110>=87,"OK",IF(C110<=87,"LESS")) -> OK | D112: =IF(D110>=87,"OK",IF(D110<=87,"LESS")) -> OK | E112: =IF(E110>=87,"OK",IF(E110<=87,"LESS")) -> OK | F112: =IF(F110>=87,"OK",IF(F110<=87,"LESS")) -> OK | G112: =IF(G110>=87,"OK",IF(G110<=87,"LESS")) -> OK | H112: =IF(H110>=87,"OK",IF(H110<=87,"LESS")) -> LESS | I112: =IF(I110>=87,"OK",IF(I110<=87,"LESS")) -> OK | ... Q112: =IF(Q110>=87,"OK",IF(Q110<=87,"LESS")) -> OK
A115: Done by | B115: RAHUL
A117: Comment

Sheet 02
A1: Station: | B1: BHATAGAON RAIPUR
A2: Date: | B2: =$A$9 -> 02-06-2022 00:15 | D2: Power Off | G2: Pw.Off | L2: Link Fail | N2: Link F | P2: Maintenance | R2: Maint.
A3: Report Type: | B3: Mean | D3: Calibration | G3: Calib. | L3: Data Fail | N3: Data F | P3: Invalid | R3: Invalid
A4: Time Base: | B4: 15 Min | D4: Zero Referrence | G4: Z.Ref | L4: Warm Up | N4: Wm. Up
A7: Date & Time | B7: NO_BHATAGAON | C7: NO2__BHATAGAON | D7: NOX_BHATAGAON | E7: SO2__BHATAGAON | F7: O3__BHATAGAON | G7: PM10__BHATAGAON | H7: PM2_5__BHATAGAON | I7: BENZ__BHATAGAON | J7: WS__BHATAGAON | K7: WD__BHATAGAON | L7: TEMP__BHATAGAON | M7: HUM__BHATAGAON | N7: SR__BHATAGAON | O7: RG__BHATAGAON | P7: CO__BHATAGAON | Q7: NH3__BHATAGAON
B8: ug/m3 | C8: ug/m3 | D8: ug/m3 | E8: ug/m3 | F8: ug/m3 | G8: ug/m3 | H8: ug/m3 | I8: ug/m3 | J8: m/sec | K8: deg | L8: degreC | M8: % | N8: w/m2 | O8: mm | P8: mg/m3 | Q8: ug/m3
A9: 02-06-2022 00:15 | B9: 185.95 | C9: 61.34 | D9: 247.29 | E9: 8.85 | F9: Z.Ref | G9: 334.35 | H9: 72.65 | I9: 18.34 | J9: 1.07 | K9: 71.48 | L9: 40.17 | M9: 46.7 | N9: 112.5 | O9: 0 | P9: 4.13 | Q9: 177.61
A10: 02-06-2022 00:30 | B10: 182.24 | C10: 59.79 | D10: 242.03 | E10: 8.6 | F10: Z.Ref | G10: 323.12 | H10: 68.33 | I10: 17.92 | J10: 1.47 | K10: 15.22 | L10: 42.16 | M10: 46.6 | N10: 112.9 | O10: 0 | P10: 3.82 | Q10: 174.4
A11: 02-06-2022 00:45 | B11: 176.77 | C11: 58.06 | D11: 234.83 | E11: 8.44 | F11: Z.Ref | G11: 323.12 | H11: 67.1 | I11: 17.1 | J11: 0.89 | K11: 346.86 | L11: 41.52 | M11: 54.71 | N11: 113.7 | O11: 0 | P11: 3.88 | Q11: 172.91
A12: 02-06-2022 01:00 | B12: 172.14 | C12: 55.85 | D12: 227.99 | E12: 8.53 | F12: Z.Ref | G12: 323.12 | H12: 67.1 | I12: 14.56 | J12: 0.83 | K12: 72.79 | L12: 40.34 | M12: 49.95 | N12: 113.7 | O12: 0 | P12: 3.55 | Q12: 170.82
A13: 02-06-2022 01:15 | B13: 166.72 | C13: 53.93 | D13: 220.65 | E13: 8.44 | F13: 0.08 | G13: 323.12 | H13: 67.1 | I13: 16.26 | J13: 0.55 | K13: 232.77 | L13: 40.37 | M13: 42.69 | N13: 113.1 | O13: 0 | P13: 3.44 | Q13: 166.73
A14: 02-06-2022 01:30 | B14: 158.83 | C14: 51.25 | D14: 210.07 | E14: 8.34 | F14: 0.01 | G14: 297.56 | H14: 65.71 | I14: 14.43 | J14: 0.32 | K14: 168.26 | L14: 42.13 | M14: 41.97 | N14: 114.1 | O14: 0 | P14: 2.41 | Q14: 158.75
A15: 02-06-2022 01:45 | B15: 152.38 | C15: 49.85 | D15: 202.24 | E15: 8.61 | F15: Z.Ref | G15: 293.99 | H15: 65.23 | I15: 15.72 | J15: 0.62 | K15: 150.87 | L15: 40.34 | M15: 46.51 | N15: 113 | O15: 0 | P15: 2.33 | Q15: 143.39
A16: 02-06-2022 02:00 | B16: 146.25 | C16: 49.38 | D16: 195.63 | E16: 8.44 | F16: 0.01 | G16: 293.99 | H16: 65.23 | I16: 12.5 | J16: 0.43 | K16: 133.58 | L16: 37.82 | M16: 41.63 | N16: 115.7 | O16: 0 | P16: 1.98 | Q16: 143.97
A17: 02-06-2022 02:15 | B17: 138.89 | C17: 48.41 | D17: 187.3 | E17: 8.77 | F17: Z.Ref | G17: 293.99 | H17: 65.23 | I17: 12.8 | J17: 1.4 | K17: 262.33 | L17: 38.47 | M17: 43.55 | N17: 118.2 | O17: 0 | P17: 1.92 | Q17: 143.57
A18: 02-06-2022 02:30 | B18: 132.11 | C18: 47.43 | D18: 179.54 | E18: 9.11 | F18: 0.11 | G18: 249.65 | H18: 63.68 | I18: 11.89 | J18: 2.04 | K18: 180.19 | L18: 40.42 | M18: 40.24 | N18: 116.4 | O18: 0 | P18: 2.15 | Q18: 143.78
A19: 02-06-2022 02:45 | B19: 123.07 | C19: 45.71 | D19: 168.78 | E19: 8.78 | F19: 0.57 | G19: 248.96 | H19: 63.11 | I19: 11.94 | J19: 1.1 | K19: 181.86 | L19: 41.9 | M19: 41.15 | N19: 118.7 | O19: 0 | P19: 2.04 | Q19: 138.81
A20: 02-06-2022 03:00 | B20: 113.49 | C20: 44.3 | D20: 157.79 | E20: 4.73 | F20: 0.2 | G20: 248.96 | H20: 63.11 | I20: 11.66 | J20: 1.2 | K20: 179.57 | L20: 40.23 | M20: 44.67 | N20: 119.3 | O20: 0 | P20: 1.76 | Q20: 134.99
A21: 02-06-2022 03:15 | B21: 104.36 | C21: 43.2 | D21: 147.56 | E21: 8.47 | F21: 0.54 | G21: 248.96 | H21: 63.11 | I21: 10.04 | J21: 1.01 | K21: 58.09 | L21: 40.33 | M21: 45.96 | N21: 119.4 | O21: 0 | P21: 2.33 | Q21: 131.63
A22: 02-06-2022 03:30 | B22: 93.99 | C22: 41.48 | D22: 135.47 | E22: 8.51 | F22: 0.15 | G22: 203.51 | H22: 58.67 | I22: 7.09 | J22: 0.29 | K22: 313.42 | L22: 39.59 | M22: 46.35 | N22: 119.7 | O22: 0 | P22: 2.34 | Q22: 131.46
A23: 02-06-2022 03:45 | B23: 82.23 | C23: 40.51 | D23: 122.74 | E23: 8.13 | F23: Z.Ref | G23: 202.81 | H23: 57.14 | I23: 10.75 | J23: 1.33 | K23: 331.03 | L23: 37.69 | M23: 51.98 | N23: 120.7 | O23: 0 | P23: 2.33 | Q23: 127.2
A24: 02-06-2022 04:00 | B24: 72.13 | C24: 39.43 | D24: 111.55 | E24: 7.67 | F24: Z.Ref | G24: 202.81 | H24: 57.14 | I24: 9.03 | J24: 1.65 | K24: 321.27 | L24: 37.18 | M24: 54.83 | N24: 120.5 | O24: 0 | P24: 2.27 | Q24: 122.49
A25: 02-06-2022 04:15 | B25: 63.94 | C25: 38.28 | D25: 102.21 | E25: 7.79 | F25: Z.Ref | G25: 202.81 | H25: 57.14 | I25: 9.37 | J25: 0.7 | K25: 22.08 | L25: 38.15 | M25: 53.43 | N25: 122 | O25: 0 | P25: 2.19 | Q25: 117.94
A26: 02-06-2022 04:30 | B26: 58.91 | C26: 38.22 | D26: 97.13 | E26: 7.67 | F26: Z.Ref | G26: 164.24 | H26: 49.09 | I26: 9.48 | J26: 0.46 | K26: 233.25 | L26: 39.12 | M26: 50.48 | N26: 122.5 | O26: 0 | P26: 2.13 | Q26: 112.89
A27: 02-06-2022 04:45 | B27: 57.45 | C27: 39.56 | D27: 97.01 | E27: 7.39 | F27: Z.Ref | G27: 163.65 | H27: 46.16 | I27: 8.76 | J27: 1.41 | K27: 13.28 | L27: 39.26 | M27: 52.88 | N27: 122.6 | O27: 0 | P27: 2.1 | Q27: 112.87
A28: 02-06-2022 05:00 | B28: 55 | C28: 39.75 | D28: 94.75 | E28: 7.18 | F28: 0.06 | G28: 163.65 | H28: 46.16 | I28: 8.35 | J28: 0.87 | K28: 297.81 | L28: 38.78 | M28: 52 | N28: 122.8 | O28: 0 | P28: 2.02 | Q28: 112.37
A29: 02-06-2022 05:15 | B29: 49.64 | C29: 39.91 | D29: 89.54 | E29: 7.24 | F29: Maint. | G29: 163.65 | H29: 46.16 | I29: 8.62 | J29: 1.34 | K29: 283.07 | L29: 38.84 | M29: 51.82 | N29: 124.5 | O29: 0 | P29: 1.87 | Q29: 109.98
A30: 02-06-2022 05:30 | B30: 45.15 | C30: 39.41 | D30: 84.56 | E30: 7 | F30: Maint. | G30: 164.32 | H30: 47.13 | I30: 8.27 | J30: 0.68 | K30: 277.53 | L30: 38.98 | M30: 53.07 | N30: 130.4 | O30: 0 | P30: 1.89 | Q30: 102.45
A31: 02-06-2022 05:45 | B31: 43.35 | C31: 40.88 | D31: 84.23 | E31: 7 | F31: Maint. | G31: 164.33 | H31: 47.49 | I31: 7.04 | J31: 0.62 | K31: 265.23 | L31: 38.78 | M31: 54.77 | N31: 148.9 | O31: 0 | P31: 1.89 | Q31: 102.37
A32: 02-06-2022 06:00 | B32: 40.54 | C32: 39.72 | D32: 80.26 | E32: 7.1 | F32: 0.12 | G32: 164.33 | H32: 47.49 | I32: 7.23 | J32: 1.54 | K32: 282.91 | L32: 38.21 | M32: 53.06 | N32: 186.4 | O32: 0 | P32: 1.74 | Q32: 98.68
A33: 02-06-2022 06:15 | B33: 38.39 | C33: 39.1 | D33: 77.48 | E33: 7.15 | F33: 0.15 | G33: 164.33 | H33: 47.49 | I33: 7.54 | J33: 0.96 | K33: 297.53 | L33: 40.83 | M33: 52.44 | N33: 216.3 | O33: 0 | P33: 1.72 | Q33: 88.32
A34: 02-06-2022 06:30 | B34: 36.63 | C34: 40.9 | D34: 77.54 | E34: 7.38 | F34: 0.01 | G34: 162.54 | H34: 48.79 | I34: 7.23 | J34: 0.91 | K34: 346.15 | L34: 41.84 | M34: 51.01 | N34: 260.1 | O34: 0 | P34: 1.82 | Q34: 94.64
A35: 02-06-2022 06:45 | B35: 35.26 | C35: 41.08 | D35: 76.35 | E35: 7.97 | F35: 0.04 | G35: 162.51 | H35: 49.26 | I35: 7.73 | J35: 0.87 | K35: 353.19 | L35: 42.52 | M35: 49.6 | N35: 307.6 | O35: 0 | P35: 1.81 | Q35: 95.52
A36: 02-06-2022 07:00 | B36: 33.29 | C36: 41.9 | D36: 75.19 | E36: 4.1 | F36: 0.05 | G36: 162.51 | H36: 49.26 | I36: 8.35 | J36: 0.94 | K36: 329.68 | L36: 41.42 | M36: 48.55 | N36: 367.2 | O36: 0 | P36: 1.89 | Q36: 94.96
A37: 02-06-2022 07:15 | B37: 30.41 | C37: 41.46 | D37: 71.87 | E37: 7.84 | F37: 0.3 | G37: 162.51 | H37: 49.26 | I37: 8.75 | J37: 1.09 | K37: 350.46 | L37: 42.37 | M37: 47.26 | N37: 424.9 | O37: 0 | P37: 1.92 | Q37: 92.55
A38: 02-06-2022 07:30 | B38: 27.22 | C38: 43.92 | D38: 71.14 | E38: 7.73 | F38: 0.14 | G38: 145.1 | H38: 45.76 | I38: 9.31 | J38: 1.17 | K38: 317.85 | L38: 42.88 | M38: 45.47 | N38: 470.7 | O38: 0 | P38: 1.86 | Q38: 94.73
A39: 02-06-2022 07:45 | B39: 23.69 | C39: 42.27 | D39: 65.96 | E39: 7.85 | F39: 0.38 | G39: 144.69 | H39: 44.55 | I39: 9.19 | J39: 0.95 | K39: 21.61 | L39: 43.05 | M39: 44.01 | N39: 525.3 | O39: 0 | P39: 1.9 | Q39: 94.14
A40: 02-06-2022 08:00 | B40: 19.54 | C40: 42.07 | D40: 61.62 | E40: 7.83 | F40: 0.25 | G40: 144.69 | H40: 44.55 | I40: 9.18 | J40: 0.66 | K40: 8.54 | L40: 44.97 | M40: 41.73 | N40: 588.2 | O40: 0 | P40: 1.93 | Q40: 88.76
A41: 02-06-2022 08:15 | B41: 15.37 | C41: 45.66 | D41: 61.04 | E41: 7.64 | F41: 0.13 | G41: 144.69 | H41: 44.55 | I41: 9.72 | J41: 1.08 | K41: 302.14 | L41: 47.39 | M41: 39.72 | N41: 666.7 | O41: 0 | P41: 1.97 | Q41: 90.23
A42: 02-06-2022 08:30 | B42: 11.88 | C42: 47.21 | D42: 59.09 | E42: 7.27 | F42: 0.22 | G42: 143.87 | H42: 45.73 | I42: 10.04 | J42: 2.21 | K42: 314.99 | L42: 48.98 | M42: 36.63 | N42: 727.3 | O42: 0 | P42: 2.07 | Q42: 89.07
A43: 02-06-2022 08:45 | B43: 11.88 | C43: 47.21 | D43: 59.09 | E43: 7.27 | F43: 0.22 | G43: 143.87 | H43: 45.73 | I43: 10.04 | J43: 2.21 | K43: 314.99 | L43: 48.98 | M43: 36.63 | N43: 727.3 | O43: 0 | P43: 2.07 | Q43: 89.07
... A95: 02-06-2022 21:45 | B95: 143 | C95: 82.1 | D95: 225.1 | E95: 8.52 | F95: 0.01 | G95: 385.59 | H95: 69.01 | I95: 28.98 | J95: 0.93 | K95: 169.37 | L95: 46.49 | M95: 28.62 | N95: 79.8 | O95: 0 | P95: 4.59 | Q95: 141.18
A96: 02-06-2022 22:00 | B96: 138.78 | C96: 80.9 | D96: 219.69 | E96: 8.24 | F96: Maint. | G96: 385.59 | H96: 69.01 | I96: 28.36 | J96: 1.43 | K96: 6.16 | L96: 49.24 | M96: 33.14 | N96: 80.5 | O96: 0 | P96: 5.39 | Q96: 138.46
A97: 02-06-2022 22:15 | B97: 140.17 | C97: 79.65 | D97: 219.83 | E97: 8.32 | F97: Maint. | G97: 385.59 | H97: 69.01 | I97: 19.88 | J97: 1.49 | K97: 22.4 | L97: 46.02 | M97: 34.33 | N97: 80.5 | O97: 0 | P97: 5.21 | Q97: 138.16
A98: 02-06-2022 22:30 | B98: 139.41 | C98: 77.83 | D98: 217.24 | E98: 8.41 | F98: Maint. | G98: 301.32 | H98: 67.44 | I98: 24.05 | J98: 0.55 | K98: 168.67 | L98: 45.1 | M98: 32.24 | N98: 80.4 | O98: 0 | P98: 4.69 | Q98: 138.27
A99: 02-06-2022 22:45 | B99: 135.51 | C99: 76.63 | D99: 212.14 | E99: 8.2 | F99: Maint. | G99: 300.02 | H99: 66.91 | I99: 22.29 | J99: 1.61 | K99: 342.85 | L99: 42.91 | M99: 34.98 | N99: 80.4 | O99: 0 | P99: 4.69 | Q99: 136.95
A100: 02-06-2022 23:00 | B100: 135.56 | C100: 75.15 | D100: 210.71 | E100: 3.41 | F100: Maint. | G100: 300.02 | H100: 66.91 | I100: 17.95 | J100: 2.03 | K100: 66.2 | L100: 46.55 | M100: 39.19 | N100: 80.4 | O100: 0 | P100: 4.49 | Q100: 135.86
A101: 02-06-2022 23:15 | B101: 138.51 | C101: 73.54 | D101: 212.05 | E101: 6.78 | F101: Maint. | G101: 300.02 | H101: 66.91 | I101: 18.42 | J101: 1.07 | K101: 41.71 | L101: 48.01 | M101: 44.26 | N101: 80.5 | O101: 0 | P101: 4.01 | Q101: 135.99
A102: 02-06-2022 23:30 | B102: 139.06 | C102: 70.82 | D102: 209.88 | E102: 6.83 | F102: Maint. | G102: 304.1 | H102: 69.16 | I102: 18.39 | J102: 0.52 | K102: 284.06 | L102: 47.05 | M102: 36.5 | N102: 80.2 | O102: 0 | P102: 3.43 | Q102: 135.41
A103: 02-06-2022 23:45 | B103: 140.24 | C103: 67.26 | D103: 207.51 | E103: 7.22 | F103: Maint. | G103: 304.17 | H103: 69.93 | I103: 15.82 | J103: 0.89 | K103: 260.06 | L103: 49.04 | M103: 38.23 | N103: 81.2 | O103: 0 | P103: 2.91 | Q103: 130.95
A104: 02-06-2022 24:00 | B104: 134.83 | C104: 66.1 | D104: 200.93 | E104: 7.23 | F104: Maint. | G104: 304.17 | H104: 69.93 | I104: 13.69 | J104: 2.13 | K104: 174.83 | L104: 45.13 | M104: 31.02 | N104: 79.9 | O104: 0 | P104: 2.11 | Q104: 120.06
A106: Min | B106: =MIN(B9:B104) -> 0.1 | C106: =MIN(C9:C104) -> 32.9 | D106: =MIN(D9:D104) -> 33 | E106: =MIN(E9:E104) -> 3.35 | F106: =MIN(F9:F104) -> 0.01 | G106: =MIN(G9:G104) -> 136.05 | H106: =MIN(H9:H104) -> 31.79 | I106: =MIN(I9:I104) -> 3.47 | ... Q106: =MIN(Q9:Q104) -> 0
A107: Max | B107: =MAX(B9:B104) -> 185.95 | C107: =MAX(C9:C104) -> 83 | D107: =MAX(D9:D104) -> 247.29 | E107: =MAX(E9:E104) -> 9.11 | F107: =MAX(F9:F104) -> 9.96 | G107: =MAX(G9:G104) -> 385.59 | H107: =MAX(H9:H104) -> 72.65 | I107: =MAX(I9:I104) -> 30.13 | ... Q107: =MAX(Q9:Q104) -> 177.61
A108: Avg | B108: =AVERAGE(B9:B104) -> 55.937083 | C108: =AVERAGE(C9:C104) -> 50.609583 | D108: =AVERAGE(D9:D104) -> 106.5474 | E108: =AVERAGE(E9:E104) -> 7.0269792 | F108: =AVERAGE(F9:F104) -> 3.5493151 | G108: =AVERAGE(G9:G104) -> 210.83156 | H108: =AVERAGE(H9:H104) -> 49.207083 | I108: =AVERAGE(I9:I104) -> 12.056875 | ... Q108: =AVERAGE(Q9:Q104) -> 98.491354
A109: Stdev | B109: =STDEV(B9:B104) -> 60.60452 | C109: =STDEV(C9:C104) -> 16.025891 | D109: =STDEV(D9:D104) -> 71.893614 | E109: =STDEV(E9:E104) -> 1.1912657 | F109: =STDEV(F9:F104) -> 3.5972935 | G109: =STDEV(G9:G104) -> 86.631176 | H109: =STDEV(H9:H104) -> 12.111128 | I109: =STDEV(I9:I104) -> 6.8946303 | ... Q109: =STDEV(Q9:Q104) -> 35.953868
A110: Num | B110: =COUNT(B9:B104) -> 96 | C110: =COUNT(C9:C104) -> 96 | D110: =COUNT(D9:D104) -> 96 | E110: =COUNT(E9:E104) -> 96 | F110: 96 | G110: =COUNT(G9:G104) -> 96 | H110: =COUNT(H9:H104) -> 96 | I110: =COUNT(I9:I104) -> 96 | J110: =COUNT(J9:J104) -> 96 | K110: =COUNT(K9:K104) -> 96 | L110: =COUNT(L9:L104) -> 96 | M110: =COUNT(M9:M104) -> 96 | N110: =COUNT(N9:N104) -> 96 | ... Q110: =COUNT(Q9:Q104) -> 96
A111: DCR | B111: =IF(B110>=87,">90%",IF(B110<=87,"<90%")) -> >90% | C111: =IF(C110>=87,">90%",IF(C110<=87,"<90%")) -> >90% | D111: =IF(D110>=87,">90%",IF(D110<=87,"<90%")) -> >90% | E111: =IF(E110>=87,">90%",IF(E110<=87,"<90%")) -> >90% | F111: =IF(F110>=87,">90%",IF(F110<=87,"<90%")) -> >90% | G111: =IF(G110>=87,">90%",IF(G110<=87,"<90%")) -> >90% | H111: =IF(H110>=87,">90%",IF(H110<=87,"<90%")) -> >90% | I111: =IF(I110>=87,">90%",IF(I110<=87,"<90%")) -> >90% | ... Q111: =IF(Q110>=87,">90%",IF(Q110<=87,"<90%")) -> >90%
A112: Status | B112: =IF(B110>=87,"OK",IF(B110<=87,"LESS")) -> OK | C112: =IF(C110>=87,"OK",IF(C110<=87,"LESS")) -> OK | D112: =IF(D110>=87,"OK",IF(D110<=87,"LESS")) -> OK | E112: =IF(E110>=87,"OK",IF(E110<=87,"LESS")) -> OK | F112: =IF(F110>=87,"OK",IF(F110<=87,"LESS")) -> OK | G112: =IF(G110>=87,"OK",IF(G110<=87,"LESS")) -> OK | H112: =IF(H110>=87,"OK",IF(H110<=87,"LESS")) -> OK | I112: =IF(I110>=87,"OK",IF(I110<=87,"LESS")) -> OK | ... Q112: =IF(Q110>=87,"OK",IF(Q110<=87,"LESS")) -> OK
A115: Done by | B115: SUROJIT
A117: Comment

Sheet 03
A1: Station: | B1: BHATAGAON RAIPUR
A2: Date: | B2: =$A$9 -> 03-06-2022 00:15 | D2: Power Off | G2: Pw.Off | L2: Link Fail | N2: Link F | P2: Maintenance | R2: Maint.
A3: Report Type: | B3: Mean | D3: Calibration | G3: Calib. | L3: Data Fail | N3: Data F | P3: Invalid | R3: Invalid
A4: Time Base: | B4: 15 Min | D4: Zero Referrence | G4: Z.Ref | L4: Warm Up | N4: Wm. Up
A7: Date & Time | B7: NO_BHATAGAON | C7: NO2__BHATAGAON | D7: NOX_BHATAGAON | E7: SO2__BHATAGAON | F7: O3__BHATAGAON | G7: PM10__BHATAGAON | H7: PM2_5__BHATAGAON | I7: BENZ__BHATAGAON | J7: WS__BHATAGAON | K7: WD__BHATAGAON | L7: TEMP__BHATAGAON | M7: HUM__BHATAGAON | N7: SR__BHATAGAON | O7: RG__BHATAGAON | P7: CO__BHATAGAON | Q7: NH3__BHATAGAON
B8: ug/m3 | C8: ug/m3 | D8: ug/m3 | E8: ug/m3 | F8: ug/m3 | G8: ug/m3 | H8: ug/m3 | I8: ug/m3 | J8: m/sec | K8: deg | L8: degreC | M8: % | N8: w/m2 | O8: mm | P8: mg/m3 | Q8: ug/m3
A9: 03-06-2022 00:15 | B9: 125.05 | C9: 63.3 | D9: 188.35 | E9: 7 | F9: Z.Ref | G9: 304.17 | H9: 69.93 | I9: 13.47 | J9: 1.26 | K9: 50.14 | L9: 44.52 | M9: 33.86 | N9: 81.6 | O9: 0 | P9: 2.25 | Q9: 117.32
A10: 03-06-2022 00:30 | B10: 116.04 | C10: 60.22 | D10: 176.26 | E10: 7.41 | F10: 0.01 | G10: 242.98 | H10: 62.25 | I10: 9.55 | J10: 0.74 | K10: 339.39 | L10: 44.72 | M10: 34.24 | N10: 81.9 | O10: 0 | P10: 2.14 | Q10: 118.21
A11: 03-06-2022 00:45 | B11: 107.4 | C11: 57.59 | D11: 164.98 | E11: 7.12 | F11: 0.03 | G11: 236.49 | H11: 59.62 | I11: 10.04 | J11: 1.51 | K11: 236.85 | L11: 48.83 | M11: 34.77 | N11: 82 | O11: 0 | P11: 2.16 | Q11: 114.62
A12: 03-06-2022 01:00 | B12: 98.85 | C12: 55.05 | D12: 153.9 | E12: 7.45 | F12: 0.52 | G12: 236.49 | H12: 59.62 | I12: 9.76 | J12: 1.51 | K12: 239.36 | L12: 46.78 | M12: 30.77 | N12: 82.5 | O12: 0 | P12: 1.86 | Q12: 110.82
A13: 03-06-2022 01:15 | B13: 90.09 | C13: 52.11 | D13: 142.2 | E13: 7.38 | F13: 0.66 | G13: 236.49 | H13: 59.62 | I13: 9.75 | J13: 0.65 | K13: 42 | L13: 43.42 | M13: 33.9 | N13: 83.9 | O13: 0 | P13: 1.94 | Q13: 107.51
A14: 03-06-2022 01:30 | B14: 82.94 | C14: 50.08 | D14: 133.01 | E14: 7.58 | F14: 0.09 | G14: 189.85 | H14: 56.65 | I14: 8.35 | J14: 1.4 | K14: 274.73 | L14: 41.57 | M14: 37.97 | N14: 84 | O14: 0 | P14: 2.37 | Q14: 107.04
A15: 03-06-2022 01:45 | B15: 74.96 | C15: 47.1 | D15: 122.06 | E15: 7.36 | F15: 0.02 | G15: 188.71 | H15: 55.64 | I15: 8.7 | J15: 0.61 | K15: 347.58 | L15: 43.3 | M15: 40.6 | N15: 92.5 | O15: 0 | P15: 2.67 | Q15: 110.29
A16: 03-06-2022 02:00 | B16: 65.82 | C16: 44.71 | D16: 110.53 | E16: 7.06 | F16: Z.Ref | G16: 188.71 | H16: 55.64 | I16: 9.38 | J16: 0.38 | K16: 291.25 | L16: 43.35 | M16: 42.75 | N16: 100.1 | O16: 0 | P16: 2.59 | Q16: 105.97
A17: 03-06-2022 02:15 | B17: 57.65 | C17: 42.61 | D17: 100.27 | E17: 7.11 | F17: Z.Ref | G17: 188.71 | H17: 55.64 | I17: 10.57 | J17: 0.94 | K17: 160.98 | L17: 42.99 | M17: 41.29 | N17: 95.9 | O17: 0 | P17: 2.45 | Q17: 101.2
A18: 03-06-2022 02:30 | B18: 50.72 | C18: 40.94 | D18: 91.67 | E18: 6.8 | F18: Z.Ref | G18: 184.73 | H18: 55.59 | I18: 10.99 | J18: 1.42 | K18: 203.39 | L18: 40.18 | M18: 38.76 | N18: 97.2 | O18: 0 | P18: 2.4 | Q18: 96.66
A19: 03-06-2022 02:45 | B19: 45.2 | C19: 40.46 | D19: 85.66 | E19: 6.76 | F19: Z.Ref | G19: 184.67 | H19: 55.58 | I19: 10.78 | J19: 1.73 | K19: 295.94 | L19: 38.87 | M19: 44.25 | N19: 102.7 | O19: 0 | P19: 2.36 | Q19: 92.36
A20: 03-06-2022 03:00 | B20: 40.54 | C20: 39.47 | D20: 80.01 | E20: 2.58 | F20: Z.Ref | G20: 184.67 | H20: 55.58 | I20: 11.28 | J20: 1.23 | K20: 258.51 | L20: 37.88 | M20: 45.31 | N20: 111.9 | O20: 0 | P20: 2.37 | Q20: 91.1
A21: 03-06-2022 03:15 | B21: 36.53 | C21: 38.51 | D21: 75.03 | E21: 6.01 | F21: Z.Ref | G21: 184.67 | H21: 55.58 | I21: 11.34 | J21: 0.86 | K21: 6.56 | L21: 37.56 | M21: 44.52 | N21: 112 | O21: 0 | P21: 2.34 | Q21: 88.51
A22: 03-06-2022 03:30 | B22: 32.96 | C22: 37.5 | D22: 70.46 | E22: 6.01 | F22: Z.Ref | G22: 176.89 | H22: 55.71 | I22: 12.05 | J22: 1.58 | K22: 66.61 | L22: 38.68 | M22: 39.78 | N22: 108.6 | O22: 0 | P22: 2.24 | Q22: 86.42
A23: 03-06-2022 03:45 | B23: 29.57 | C23: 37.29 | D23: 66.86 | E23: 5.82 | F23: Z.Ref | G23: 176.65 | H23: 55.75 | I23: 12.37 | J23: 1.13 | K23: 109.49 | L23: 38.86 | M23: 39.48 | N23: 108 | O23: 0 | P23: 2.23 | Q23: 84.73
A24: 03-06-2022 04:00 | B24: 27.71 | C24: 36.57 | D24: 64.28 | E24: 6 | F24: Z.Ref | G24: 176.65 | H24: 55.75 | I24: 13.12 | J24: 1.87 | K24: 204.7 | L24: 38.57 | M24: 43.97 | N24: 107.4 | O24: 0 | P24: 2.19 | Q24: 83.91
A25: 03-06-2022 04:15 | B25: 27.89 | C25: 33.8 | D25: 61.69 | E25: 6.03 | F25: Z.Ref | G25: 176.65 | H25: 55.75 | I25: 12.68 | J25: 1.42 | K25: 301.43 | L25: 38.77 | M25: 47.6 | N25: 110.7 | O25: 0 | P25: 2.18 | Q25: 72.55
A26: 03-06-2022 04:30 | B26: 29.3 | C26: 35.2 | D26: 64.5 | E26: 6.21 | F26: Z.Ref | G26: 220.3 | H26: 53.35 | I26: 13 | J26: 0.64 | K26: 259.17 | L26: 37.73 | M26: 50.65 | N26: 104.5 | O26: 0 | P26: 2.34 | Q26: 65.45
A27: 03-06-2022 04:45 | B27: 31.68 | C27: 35.96 | D27: 67.64 | E27: 6.54 | F27: 0.14 | G27: 223.6 | H27: 52.53 | I27: 12.7 | J27: 1.63 | K27: 280.08 | L27: 37.85 | M27: 50.89 | N27: 92 | O27: 0 | P27: 2.23 | Q27: 70.16
A28: 03-06-2022 05:00 | B28: 33.64 | C28: 36.59 | D28: 70.23 | E28: 6.75 | F28: Z.Ref | G28: 223.6 | H28: 52.53 | I28: 13.09 | J28: 1.78 | K28: 337.71 | L28: 37.53 | M28: 52 | N28: 88.1 | O28: 0 | P28: 2.24 | Q28: 73.52
A29: 03-06-2022 05:15 | B29: 34.49 | C29: 36.72 | D29: 71.21 | E29: 7.02 | F29: Z.Ref | G29: 223.6 | H29: 52.53 | I29: 12.91 | J29: 1.11 | K29: 58.42 | L29: 38.83 | M29: 41.58 | N29: 89.7 | O29: 0 | P29: 2.48 | Q29: 75.96
A30: 03-06-2022 05:30 | B30: 34.6 | C30: 36.9 | D30: 71.5 | E30: 7.27 | F30: Z.Ref | G30: 266.8 | H30: 56.45 | I30: 12.3 | J30: 0.44 | K30: 11.9 | L30: 38.29 | M30: 45.43 | N30: 96.8 | O30: 0 | P30: 2.76 | Q30: 78.02
A31: 03-06-2022 05:45 | B31: 35.24 | C31: 36.46 | D31: 71.7 | E31: 7.7 | F31: 0.12 | G31: 272.12 | H31: 57.87 | I31: 11.16 | J31: 0.85 | K31: 24.77 | L31: 41.23 | M31: 41.82 | N31: 109.5 | O31: 0 | P31: 3.01 | Q31: 78.86
A32: 03-06-2022 06:00 | B32: 36.47 | C32: 35.43 | D32: 71.9 | E32: 7.91 | F32: 0.21 | G32: 272.12 | H32: 57.87 | I32: 11.48 | J32: 1.74 | K32: 2.03 | L32: 40.3 | M32: 42.65 | N32: 127.1 | O32: 0 | P32: 2.65 | Q32: 81.36
A33: 03-06-2022 06:15 | B33: 36.89 | C33: 35.75 | D33: 72.64 | E33: 7.84 | F33: 0.04 | G33: 272.12 | H33: 57.87 | I33: 13.57 | J33: 1.35 | K33: 344.92 | L33: 41.3 | M33: 40.89 | N33: 156.5 | O33: 0 | P33: 2.64 | Q33: 86.38
A34: 03-06-2022 06:30 | B34: 37.59 | C34: 38.11 | D34: 75.7 | E34: 7.64 | F34: 0.31 | G34: 418.77 | H34: 74.83 | I34: 13.97 | J34: 1.48 | K34: 21.34 | L34: 42.32 | M34: 39.19 | N34: 192.1 | O34: 0 | P34: 2.89 | Q34: 87.98
A35: 03-06-2022 06:45 | B35: 40.11 | C35: 40.97 | D35: 81.08 | E35: 7.7 | F35: 0.28 | G35: 421.02 | H35: 80.99 | I35: 14.17 | J35: 1.72 | K35: 137.24 | L35: 43.62 | M35: 36.9 | N35: 233.7 | O35: 0 | P35: 2.84 | Q35: 89.11
A36: 03-06-2022 07:00 | B36: 39.2 | C36: 43.67 | D36: 82.87 | E36: 3.6 | F36: 0.31 | G36: 421.02 | H36: 80.99 | I36: 14.71 | J36: 0.96 | K36: 171.37 | L36: 45.53 | M36: 34.96 | N36: 290.9 | O36: 0 | P36: 2.8 | Q36: 89.69
A37: 03-06-2022 07:15 | B37: 36.83 | C37: 47.04 | D37: 83.87 | E37: 7.22 | F37: 0.43 | G37: 421.02 | H37: 80.99 | I37: 14.36 | J37: 2.04 | K37: 72.27 | L37: 48.36 | M37: 33.58 | N37: 346.3 | O37: 0 | P37: 2.74 | Q37: 88.16
A38: 03-06-2022 07:30 | B38: 33.1 | C38: 49.64 | D38: 82.74 | E38: 7.03 | F38: 0.48 | G38: 371.49 | H38: 86.47 | I38: 14.57 | J38: 1.67 | K38: 173.27 | L38: 48.4 | M38: 32.38 | N38: 406.7 | O38: 0 | P38: 2.59 | Q38: 86.23
A39: 03-06-2022 07:45 | B39: 27.4 | C39: 52.83 | D39: 80.23 | E39: 7.02 | F39: 0.57 | G39: 370.31 | H39: 88.35 | I39: 14.41 | J39: 0.15 | K39: 267.66 | L39: 50.42 | M39: 33.88 | N39: 448.2 | O39: 0 | P39: 2.61 | Q39: 81.66
A40: 03-06-2022 08:00 | B40: 21.32 | C40: 57.13 | D40: 78.45 | E40: 7.16 | F40: 0.8 | G40: 370.31 | H40: 88.35 | I40: 13.63 | J40: 2.53 | K40: 334.53 | L40: 47.66 | M40: 33.17 | N40: 511.2 | O40: 0 | P40: 2.73 | Q40: 84.12
A41: 03-06-2022 08:15 | B41: 16.19 | C41: 61.49 | D41: 77.68 | E41: 6.98 | F41: 0.89 | G41: 370.31 | H41: 88.35 | I41: 14.12 | J41: 3.28 | K41: 333.99 | L41: 48 | M41: 31.62 | N41: 558.8 | O41: 0 | P41: 2.75 | Q41: 82.77
A42: 03-06-2022 08:30 | B42: 11.84 | C42: 64.18 | D42: 76.02 | E42: 7.64 | F42: 1.42 | G42: 340.47 | H42: 91 | I42: 14.8 | J42: 2.85 | K42: 330.59 | L42: 50.21 | M42: 29.12 | N42: 604.1 | O42: 0 | P42: 2.89 | Q42: 81.77
... A65: 03-06-2022 14:15 | B65: 0.18 | C65: 31.98 | D65: 32.16 | E65: 7.12 | F65: 10.89 | G65: 159.69 | H65: 64.28 | I65: 1.7 | J65: 3.09 | K65: 98.16 | L65: 55.46 | M65: 14.77 | N65: 767.3 | O65: 0 | P65: 1.34 | Q65: 56.53
A66: 03-06-2022 14:30 | B66: 0.2 | C66: 31.21 | D66: 31.41 | E66: 6.93 | F66: 9.93 | G66: 159.97 | H66: 55.06 | I66: Maint. | J66: 2.02 | K66: 89.3 | L66: 54.35 | M66: 15.1 | N66: 720.7 | O66: 0 | P66: 1.43 | Q66: 56.12
A67: 03-06-2022 14:45 | B67: 0.24 | C67: 30.88 | D67: 31.12 | E67: 7.27 | F67: 12.42 | G67: 159.98 | H67: 51.9 | I67: Maint. | J67: 2.11 | K67: 79.33 | L67: 54.92 | M67: 14.53 | N67: 693.3 | O67: 0 | P67: 1.44 | Q67: 56.24
A68: 03-06-2022 15:00 | B68: 0.26 | C68: 30.72 | D68: 30.97 | E68: 3.86 | F68: 8.67 | G68: 159.98 | H68: 51.9 | I68: Maint. | J68: 2.09 | K68: 104.58 | L68: 56.07 | M68: 14.07 | N68: 652 | O68: 0 | P68: 1.48 | Q68: 59.08
A69: 03-06-2022 15:15 | B69: 0.18 | C69: 30.17 | D69: 30.35 | E69: 7.16 | F69: 9.08 | G69: 159.98 | H69: 51.9 | I69: Maint. | J69: 3.05 | K69: 89.29 | L69: 55.04 | M69: 14.42 | N69: 599.8 | O69: 0 | P69: 1.47 | Q69: 59.15
A70: 03-06-2022 15:30 | B70: 0.21 | C70: 30.14 | D70: 30.35 | E70: 7.5 | F70: 9.42 | G70: 145.37 | H70: 49.23 | I70: Maint. | J70: 2.3 | K70: 100.11 | L70: 54.55 | M70: 14.11 | N70: 544 | O70: 0 | P70: 1.44 | Q70: 57.99
A71: 03-06-2022 15:45 | B71: 0.32 | C71: 30.44 | D71: 30.76 | E71: 7.61 | F71: 9.88 | G71: 144.04 | H71: 48.31 | I71: Maint. | J71: 1.06 | K71: 346.75 | L71: 55.27 | M71: 14.09 | N71: 489.5 | O71: 0 | P71: 1.42 | Q71: 56.65
A72: 03-06-2022 16:00 | B72: 0.42 | C72: 33.04 | D72: 33.46 | E72: 7.32 | F72: 9.51 | G72: 144.04 | H72: 48.31 | I72: Maint. | J72: 2.21 | K72: 344.89 | L72: 52.26 | M72: 14.65 | N72: 430.8 | O72: 0 | P72: 1.5 | Q72: 56.1
A73: 03-06-2022 16:15 | B73: 0.44 | C73: 36.73 | D73: 37.17 | E73: 7.32 | F73: 9.39 | G73: 144.04 | H73: 48.31 | I73: Maint. | J73: 1.13 | K73: 249.61 | L73: 51.88 | M73: 14.5 | N73: 367.6 | O73: 0 | P73: 1.52 | Q73: 56.41
A74: 03-06-2022 16:30 | B74: 0.34 | C74: 37.99 | D74: 38.33 | E74: 7.22 | F74: 9.64 | G74: 169.21 | H74: 45.43 | I74: 0.01 | J74: 1.68 | K74: 335.25 | L74: 51.91 | M74: 15.51 | N74: 322.4 | O74: 0 | P74: 1.59 | Q74: 55.64
A75: 03-06-2022 16:45 | B75: 0.61 | C75: 42.73 | D75: 43.34 | E75: 7.28 | F75: 8.5 | G75: 169.59 | H75: 44.44 | I75: 0.01 | J75: 1.8 | K75: 342.31 | L75: 52.35 | M75: 16.81 | N75: 238.1 | O75: 0 | P75: 1.75 | Q75: 55.95
A76: 03-06-2022 17:00 | B76: 0.64 | C76: 46.59 | D76: 47.23 | E76: 7.14 | F76: 8.02 | G76: 169.59 | H76: 44.44 | I76: Maint. | J76: 1.65 | K76: 61.39 | L76: 51.81 | M76: 14.98 | N76: 192.4 | O76: 0 | P76: 1.62 | Q76: 56.42
A77: 03-06-2022 17:15 | B77: 0.45 | C77: 46.09 | D77: 46.54 | E77: 7.06 | F77: 8.42 | G77: 169.59 | H77: 44.44 | I77: Maint. | J77: 1.2 | K77: 70.79 | L77: 51.16 | M77: 16.68 | N77: 166.9 | O77: 0 | P77: 1.53 | Q77: 55.67
A78: 03-06-2022 17:30 | B78: 0.47 | C78: 49.05 | D78: 49.52 | E78: 6.94 | F78: 6.68 | G78: 155.39 | H78: 45.14 | I78: Maint. | J78: 2.24 | K78: 76.18 | L78: 46.36 | M78: 19.15 | N78: 160.8 | O78: 0 | P78: 1.52 | Q78: 54.93
A79: 03-06-2022 17:45 | B79: 0.76 | C79: 55.46 | D79: 56.22 | E79: 6.8 | F79: 5.03 | G79: 155.17 | H79: 45.38 | I79: Maint. | J79: 1.22 | K79: 122.91 | L79: 45.6 | M79: 20.4 | N79: 143.5 | O79: 0 | P79: 1.76 | Q79: 52.52
A80: 03-06-2022 18:00 | B80: 2.46 | C80: 64.72 | D80: 67.18 | E80: 6.22 | F80: 2.83 | G80: 155.17 | H80: 45.38 | I80: 0.45 | J80: 1.68 | K80: 59.01 | L80: 44.43 | M80: 25.24 | N80: 120.7 | O80: 0 | P80: 2.67 | Q80: 56.4
A81: 03-06-2022 18:15 | B81: 4.63 | C81: 73.33 | D81: 77.97 | E81: 6.69 | F81: 1.63 | G81: 155.17 | H81: 45.38 | I81: 6.03 | J81: 2.01 | K81: 75.41 | L81: 41.86 | M81: 34.25 | N81: 97.1 | O81: 0 | P81: 2.65 | Q81: 62.16
A82: 03-06-2022 18:30 | B82: 6.39 | C82: 79.83 | D82: 86.22 | E82: 6.78 | F82: 1.2 | G82: 251.42 | H82: 52.35 | I82: 11.73 | J82: 2 | K82: 79.88 | L82: 41.28 | M82: 31.65 | N82: 81.3 | O82: 0 | P82: 2.3 | Q82: 65.57
A83: 03-06-2022 18:45 | B83: 9.91 | C83: 84.99 | D83: 94.89 | E83: 6.5 | F83: 1.01 | G83: 255.79 | H83: 54.74 | I83: 13.49 | J83: 1 | K83: 36.03 | L83: 39.96 | M83: 40.18 | N83: 74.1 | O83: 0 | P83: 4.73 | Q83: 70.6
A84: 03-06-2022 19:00 | B84: 17.47 | C84: 88.73 | D84: 106.2 | E84: 3.36 | F84: 0.57 | G84: 255.79 | H84: 54.74 | I84: 14.25 | J84: 1.17 | K84: 245.14 | L84: 39.75 | M84: 37.09 | N84: 73.2 | O84: 0 | P84: 4.13 | Q84: 75.85
A85: 03-06-2022 19:15 | B85: 29.47 | C85: 92.68 | D85: 122.15 | E85: 6.75 | F85: 0.05 | G85: 255.79 | H85: 54.74 | I85: 21.39 | J85: 1.53 | K85: 43.92 | L85: 40.51 | M85: 32.37 | N85: 73 | O85: 0 | P85: 4.7 | Q85: 83.06
A86: 03-06-2022 19:30 | B86: 45.97 | C86: 95.45 | D86: 141.42 | E86: 6.8 | F86: Data F | G86: 430.02 | H86: 62.18 | I86: 20.63 | J86: 1.61 | K86: 101.5 | L86: 40.59 | M86: 34.15 | N86: 72.6 | O86: 0 | P86: 4.46 | Q86: 94.59
A87: 03-06-2022 19:45 | B87: 58.7 | C87: 97.45 | D87: 156.15 | E87: 7.2 | F87: Data F | G87: 434.07 | H87: 64.73 | I87: 27.04 | J87: 0.95 | K87: 326.99 | L87: 40.41 | M87: 35.4 | N87: 72.6 | O87: 0 | P87: 4.87 | Q87: 101.55
A88: 03-06-2022 20:00 | B88: 88.69 | C88: 101.8 | D88: 190.48 | E88: 7.95 | F88: Data F | G88: 434.07 | H88: 64.73 | I88: 25.85 | J88: 2.17 | K88: 65.31 | L88: 40.41 | M88: 34.28 | N88: 72.1 | O88: 0 | P88: 4.52 | Q88: 116.88
A89: 03-06-2022 20:15 | B89: 104.38 | C89: 103.78 | D89: 208.17 | E89: 7.84 | F89: Data F | G89: 434.07 | H89: 64.73 | I89: 28.66 | J89: 1.81 | K89: 12.7 | L89: 40.17 | M89: 39.58 | N89: 72.8 | O89: 0 | P89: 6.31 | Q89: 123.97
A90: 03-06-2022 20:30 | B90: 118.61 | C90: 104.77 | D90: 223.38 | E90: 8.32 | F90: Data F | G90: 478.68 | H90: 73.39 | I90: 25.17 | J90: 1.29 | K90: 37.66 | L90: 39.85 | M90: 39.55 | N90: 72.2 | O90: 0 | P90: 6.1 | Q90: 128.22
A91: 03-06-2022 20:45 | B91: 119.75 | C91: 103.4 | D91: 223.14 | E91: 8.08 | F91: Data F | G91: 479.37 | H91: 76.37 | I91: 35.94 | J91: 1.47 | K91: 225.64 | L91: 40.51 | M91: 35.74 | N91: 71.5 | O91: 0 | P91: 6 | Q91: 130.26
A92: 03-06-2022 21:00 | B92: 118.78 | C92: 103.13 | D92: 221.91 | E92: 8.06 | F92: Data F | G92: 479.37 | H92: 76.37 | I92: 34.02 | J92: 1.49 | K92: 254.45 | L92: 40.67 | M92: 37.87 | N92: 74.3 | O92: 0 | P92: 7.03 | Q92: 132.28
A93: 03-06-2022 21:15 | B93: 121.08 | C93: 102.41 | D93: 223.49 | E93: 8.29 | F93: Data F | G93: 479.37 | H93: 76.37 | I93: 37.69 | J93: 0.58 | K93: 211.52 | L93: 40.67 | M93: 33.08 | N93: 75 | O93: 0 | P93: 5.54 | Q93: 132.45
A94: 03-06-2022 21:30 | B94: 116.1 | C94: 99.32 | D94: 215.42 | E94: 8.49 | F94: Data F | G94: 371.23 | H94: 85.04 | I94: 42.22 | J94: 2.74 | K94: 171.04 | L94: 42.18 | M94: 26.93 | N94: 72.9 | O94: 0 | P94: 4.86 | Q94: 129.42
A95: 03-06-2022 21:45 | B95: 102.5 | C95: 94.96 | D95: 197.46 | E95: 8.02 | F95: 0.01 | G95: 369.59 | H95: 88.2 | I95: 27.57 | J95: 2.76 | K95: 162.98 | L95: 42.18 | M95: 24.72 | N95: 73.9 | O95: 0 | P95: 3.3 | Q95: 125.24
A96: 03-06-2022 22:00 | B96: 91.11 | C96: 87.16 | D96: 178.27 | E96: 7.82 | F96: 0.63 | G96: 369.59 | H96: 88.2 | I96: 21.56 | J96: 0.87 | K96: 149.64 | L96: 43.24 | M96: 24.58 | N96: 73.5 | O96: 0 | P96: 2.97 | Q96: 108.67
A97: 03-06-2022 22:15 | B97: 84.56 | C97: 90.33 | D97: 174.89 | E97: 7.58 | F97: 0.77 | G97: 369.59 | H97: 88.2 | I97: 12.38 | J97: 2.08 | K97: 61.71 | L97: 43.77 | M97: 27.74 | N97: 75.1 | O97: 0 | P97: 2.89 | Q97: 98.54
A98: 03-06-2022 22:30 | B98: 78.6 | C98: 89.39 | D98: 167.99 | E98: 7.53 | F98: 0.79 | G98: 232.05 | H98: 75.65 | I98: 12.44 | J98: 0.66 | K98: 159.86 | L98: 45.01 | M98: 28.76 | N98: 79 | O98: 0 | P98: 2.94 | Q98: 100.27
A99: 03-06-2022 22:45 | B99: 73.02 | C99: 86.42 | D99: 159.44 | E99: 7.86 | F99: 0.37 | G99: 229.94 | H99: 71.34 | I99: 13.05 | J99: 1.04 | K99: 11.54 | L99: 43.81 | M99: 37.75 | N99: 80.6 | O99: 0 | P99: 3.44 | Q99: 100.97
A100: 03-06-2022 23:00 | B100: 68.05 | C100: 82.43 | D100: 150.48 | E100: 3.31 | F100: 0.19 | G100: 229.94 | H100: 71.34 | I100: 13.51 | J100: 0.77 | K100: 336.55 | L100: 43.53 | M100: 36.87 | N100: 79.6 | O100: 0 | P100: 3.71 | Q100: 99.04
A101: 03-06-2022 23:15 | B101: 67.62 | C101: 80.68 | D101: 148.31 | E101: 6.55 | F101: 0.14 | G101: 229.94 | H101: 71.34 | I101: 15.39 | J101: 1.09 | K101: 253.36 | L101: 44.13 | M101: 36.35 | N101: 79.5 | O101: 0 | P101: 3.4 | Q101: 99.59
A102: 03-06-2022 23:30 | B102: 69.51 | C102: 79.34 | D102: 148.85 | E102: 7.21 | F102: 0.01 | G102: 271.63 | H102: 72.48 | I102: 16.91 | J102: 1.73 | K102: 129.1 | L102: 44.9 | M102: 37.62 | N102: 79.4 | O102: 0 | P102: 3.28 | Q102: 101.55
A103: 03-06-2022 23:45 | B103: 72.32 | C103: 77.58 | D103: 149.9 | E103: 7.37 | F103: 0.04 | G103: 272.26 | H103: 72.87 | I103: 15.4 | J103: 0.85 | K103: 309.79 | L103: 46.51 | M103: 35.95 | N103: 78.7 | O103: 0 | P103: 3.17 | Q103: 105.32
A104: 03-06-2022 24:00 | B104: 71.86 | C104: 74.57 | D104: 146.43 | E104: 7.18 | F104: 0.01 | G104: 272.26 | H104: 72.87 | I104: 14.73 | J104: 0.79 | K104: 354.52 | L104: 46.39 | M104: 39.31 | N104: 77.3 | O104: 0 | P104: 3.4 | Q104: 110.08
A106: Min | B106: =MIN(B9:B104) -> 0.11 | C106: =MIN(C9:C104) -> 30.14 | D106: =MIN(D9:D104) -> 30.35 | E106: =MIN(E9:E104) -> 2.58 | F106: =MIN(F9:F104) -> 0.01 | G106: =MIN(G9:G104) -> 144.04 | H106: =MIN(H9:H104) -> 44.44 | I106: =MIN(I9:I104) -> 0.01 | ... Q106: =MIN(Q9:Q104) -> 52.52
A107: Max | B107: =MAX(B9:B104) -> 125.05 | C107: =MAX(C9:C104) -> 104.77 | D107: =MAX(D9:D104) -> 223.49 | E107: =MAX(E9:E104) -> 8.49 | F107: =MAX(F9:F104) -> 12.66 | G107: =MAX(G9:G104) -> 479.37 | H107: =MAX(H9:H104) -> 100.15 | I107: =MAX(I9:I104) -> 42.22 | ... Q107: =MAX(Q9:Q104) -> 132.45
A108: Avg | B108: =AVERAGE(B9:B104) -> 35.883229 | C108: =AVERAGE(C9:C104) -> 57.554167 | D108: =AVERAGE(D9:D104) -> 93.437396 | E108: =AVERAGE(E9:E104) -> 7.0467708 | F108: =AVERAGE(F9:F104) -> 4.5223611 | G108: =AVERAGE(G9:G104) -> 272.88792 | H108: =AVERAGE(H9:H104) -> 68.972292 | I108: =AVERAGE(I9:I104) -> 13.481905 | ... Q108: =AVERAGE(Q9:Q104) -> 83.302604
A109: Stdev | B109: =STDEV(B9:B104) -> 38.753586 | C109: =STDEV(C9:C104) -> 22.600123 | D109: =STDEV(D9:D104) -> 54.720183 | E109: =STDEV(E9:E104) -> 1.1034754 | F109: =STDEV(F9:F104) -> 4.2286416 | G109: =STDEV(G9:G104) -> 103.30036 | H109: =STDEV(H9:H104) -> 17.558468 | I109: =STDEV(I9:I104) -> 7.7690952 | ... Q109: =STDEV(Q9:Q104) -> 22.011129
A110: Num | B110: =COUNT(B9:B104) -> 96 | C110: =COUNT(C9:C104) -> 96 | D110: =COUNT(D9:D104) -> 96 | E110: =COUNT(E9:E104) -> 96 | F110: 96 | G110: =COUNT(G9:G104) -> 96 | H110: 96 | I110: 96 | J110: 96 | K110: =COUNT(K9:K104) -> 96 | L110: =COUNT(L9:L104) -> 96 | M110: =COUNT(M9:M104) -> 96 | N110: =COUNT(N9:N104) -> 96 | O110: =COUNT(O9:O104) -> 96 | P110: =COUNT(P9:P104) -> 96 | Q110: =COUNT(Q9:Q104) -> 96
A111: DCR | B111: =IF(B110>=87,">90%",IF(B110<=87,"<90%")) -> >90% | C111: =IF(C110>=87,">90%",IF(C110<=87,"<90%")) -> >90% | D111: =IF(D110>=87,">90%",IF(D110<=87,"<90%")) -> >90% | E111: =IF(E110>=87,">90%",IF(E110<=87,"<90%")) -> >90% | F111: =IF(F110>=87,">90%",IF(F110<=87,"<90%")) -> >90% | G111: =IF(G110>=87,">90%",IF(G110<=87,"<90%")) -> >90% | H111: =IF(H110>=87,">90%",IF(H110<=87,"<90%")) -> >90% | I111: =IF(I110>=87,">90%",IF(I110<=87,"<90%")) -> >90% | ... Q111: =IF(Q110>=87,">90%",IF(Q110<=87,"<90%")) -> >90%
A112: Status | B112: =IF(B110>=87,"OK",IF(B110<=87,"LESS")) -> OK | C112: =IF(C110>=87,"OK",IF(C110<=87,"LESS")) -> OK | D112: =IF(D110>=87,"OK",IF(D110<=87,"LESS")) -> OK | E112: =IF(E110>=87,"OK",IF(E110<=87,"LESS")) -> OK | F112: =IF(F110>=87,"OK",IF(F110<=87,"LESS")) -> OK | G112: =IF(G110>=87,"OK",IF(G110<=87,"LESS")) -> OK | H112: =IF(H110>=87,"OK",IF(H110<=87,"LESS")) -> OK | I112: =IF(I110>=87,"OK",IF(I110<=87,"LESS")) -> OK | ... Q112: =IF(Q110>=87,"OK",IF(Q110<=87,"LESS")) -> OK
A115: Done by | B115: SUROJIT
A117: Comment

Sheet 04
A1: Station: | B1: BHATAGAON RAIPUR
A2: Date: | B2: =$A$9 -> 04-06-2022 00:15 | D2: Power Off | G2: Pw.Off | L2: Link Fail | N2: Link F | P2: Maintenance | R2: Maint.
A3: Report Type: | B3: Mean | D3: Calibration | G3: Calib. | L3: Data Fail | N3: Data F | P3: Invalid | R3: Invalid
A4: Time Base: | B4: 15 Min | D4: Zero Referrence | G4: Z.Ref | L4: Warm Up | N4: Wm. Up
A7: Date & Time | B7: NO_BHATAGAON | C7: NO2__BHATAGAON | D7: NOX_BHATAGAON | E7: SO2__BHATAGAON | F7: O3__BHATAGAON | G7: PM10__BHATAGAON | H7: PM2_5__BHATAGAON | I7: BENZ__BHATAGAON | J7: WS__BHATAGAON | K7: WD__BHATAGAON | L7: TEMP__BHATAGAON | M7: HUM__BHATAGAON | N7: SR__BHATAGAON | O7: RG__BHATAGAON | P7: CO__BHATAGAON | Q7: NH3__BHATAGAON
B8: ug/m3 | C8: ug/m3 | D8: ug/m3 | E8: ug/m3 | F8: ug/m3 | G8: ug/m3 | H8: ug/m3 | I8: ug/m3 | J8: m/sec | K8: deg | L8: degreC | M8: % | N8: w/m2 | O8: mm | P8: mg/m3 | Q8: ug/m3
A9: 04-06-2022 00:15 | B9: 67.1 | C9: 72.87 | D9: 139.97 | E9: 7.16 | F9: Data F | G9: 272.26 | H9: 72.87 | I9: 12.75 | J9: 1.03 | K9: 323.82 | L9: 46.45 | M9: 40.02 | N9: 80.7 | O9: 0 | P9: 3.24 | Q9: 108.2
A10: 04-06-2022 00:30 | B10: 62.03 | C10: 70.48 | D10: 132.51 | E10: 6.83 | F10: Data F | G10: 237.33 | H10: 68.27 | I10: 14.16 | J10: 1.92 | K10: 342.31 | L10: 46.74 | M10: 43.07 | N10: 100.8 | O10: 0 | P10: 3.1 | Q10: 104.04
A11: 04-06-2022 00:45 | B11: 56.74 | C11: 68.28 | D11: 125.02 | E11: 6.88 | F11: Data F | G11: 236.8 | H11: 66.69 | I11: 12.42 | J11: 1.26 | K11: 199.68 | L11: 46.99 | M11: 33.76 | N11: 106.3 | O11: 0 | P11: 2.78 | Q11: 100.24
A12: 04-06-2022 01:00 | B12: 48.25 | C12: 65.73 | D12: 113.98 | E12: 6.56 | F12: Data F | G12: 236.8 | H12: 66.69 | I12: 11.35 | J12: 1.37 | K12: 274.62 | L12: 46.77 | M12: 28.11 | N12: 103.8 | O12: 0 | P12: 2.46 | Q12: 95.67
A13: 04-06-2022 01:15 | B13: 38.26 | C13: 63.29 | D13: 101.55 | E13: 6.46 | F13: 0.42 | G13: 236.8 | H13: 66.69 | I13: 8.76 | J13: 0.96 | K13: 183.8 | L13: 45.22 | M13: 30.02 | N13: 105 | O13: 0 | P13: 2.42 | Q13: 89.32
A14: 04-06-2022 01:30 | B14: 29.63 | C14: 60.39 | D14: 90.02 | E14: 6.17 | F14: 0.52 | G14: 166.43 | H14: 59.12 | I14: 6.64 | J14: 1.44 | K14: 199.09 | L14: 44.98 | M14: 31.86 | N14: 103.3 | O14: 0 | P14: 2.37 | Q14: 85.23
A15: 04-06-2022 01:45 | B15: 23.03 | C15: 57.99 | D15: 81.02 | E15: 5.83 | F15: 0.34 | G15: 153.02 | H15: 56.37 | I15: 6.63 | J15: 1.56 | K15: 316.46 | L15: 43.65 | M15: 35.53 | N15: 104.4 | O15: 0 | P15: 2.29 | Q15: 81.44
A16: 04-06-2022 02:00 | B16: 17.89 | C16: 55.21 | D16: 73.1 | E16: 6.43 | F16: 0.39 | G16: 153.02 | H16: 56.37 | I16: 6.08 | J16: 1.35 | K16: 309.21 | L16: 42.44 | M16: 39.39 | N16: 104.3 | O16: 0 | P16: 2.28 | Q16: 77.92
A17: 04-06-2022 02:15 | B17: 13.82 | C17: 51.49 | D17: 65.3 | E17: 6 | F17: 0.88 | G17: 153.02 | H17: 56.37 | I17: 6.57 | J17: 1.43 | K17: 192.42 | L17: 42.53 | M17: 37.3 | N17: 103.3 | O17: 0 | P17: 1.92 | Q17: 75.2
A18: 04-06-2022 02:30 | B18: 11.61 | C18: 48.44 | D18: 60.05 | E18: 6.22 | F18: 0.83 | G18: 157.27 | H18: 55.16 | I18: 7.05 | J18: 0.9 | K18: 177.88 | L18: 42.28 | M18: 42.74 | N18: 104.6 | O18: 0 | P18: 1.89 | Q18: 64.8
A19: 04-06-2022 02:45 | B19: 10.92 | C19: 47.94 | D19: 58.86 | E19: 6.14 | F19: 1.02 | G19: 157.34 | H19: 54.72 | I19: 5.57 | J19: 1.59 | K19: 197.06 | L19: 42.8 | M19: 37.07 | N19: 103.6 | O19: 0 | P19: 1.63 | Q19: 58.75
A20: 04-06-2022 03:00 | B20: 10.15 | C20: 47.43 | D20: 57.58 | E20: 2.8 | F20: 1.08 | G20: 157.34 | H20: 54.72 | I20: 5.91 | J20: 1.36 | K20: 233.4 | L20: 41.8 | M20: 44.43 | N20: 105.1 | O20: 0 | P20: 1.75 | Q20: 62.06
A21: 04-06-2022 03:15 | B21: 9.97 | C21: 46.08 | D21: 56.05 | E21: 6.39 | F21: 0.71 | G21: 157.34 | H21: 54.72 | I21: 5.45 | J21: 0.56 | K21: 269.33 | L21: 40.93 | M21: 43.84 | N21: 102.4 | O21: 0 | P21: 1.73 | Q21: 64.79
A22: 04-06-2022 03:30 | B22: 10.25 | C22: 46.08 | D22: 56.33 | E22: 6.83 | F22: 0.48 | G22: 160.83 | H22: 50.97 | I22: 5.98 | J22: 1.36 | K22: 171.69 | L22: 41.04 | M22: 41.53 | N22: 88.3 | O22: 0 | P22: 1.66 | Q22: 66.08
A23: 04-06-2022 03:45 | B23: 10.03 | C23: 45.18 | D23: 55.21 | E23: 6.79 | F23: 1.48 | G23: 160.88 | H23: 49.6 | I23: 6 | J23: 1.16 | K23: 214.21 | L23: 42.41 | M23: 38.3 | N23: 87 | O23: 0 | P23: 1.61 | Q23: 67.04
A24: 04-06-2022 04:00 | B24: 9.35 | C24: 44.39 | D24: 53.74 | E24: 7.19 | F24: 1.78 | G24: 160.88 | H24: 49.6 | I24: 5.61 | J24: 2.2 | K24: 179.99 | L24: 42.79 | M24: 37.84 | N24: 88.1 | O24: 0 | P24: 1.66 | Q24: 66.57
... A57: 04-06-2022 12:15 | B57: 1.63 | C57: 52.29 | D57: 53.93 | E57: 3.19 | F57: 8.25 | G57: 140.38 | H57: 38.33 | I57: 4.65 | J57: 0.9 | K57: 348.55 | L57: 54.34 | M57: 14.81 | N57: 1012.8 | O57: 0 | P57: 1.51 | Q57: 101.77
A58: 04-06-2022 12:30 | B58: 4.2 | C58: 50.18 | D58: 54.39 | E58: 3.81 | F58: 6.22 | G58: Calib. | H58: Calib. | I58: 3.77 | J58: 3.74 | K58: 343.08 | L58: 51.9 | M58: 14.94 | N58: 954 | O58: 0 | P58: 1.53 | Q58: 112.56
A59: 04-06-2022 12:45 | B59: 2.95 | C59: 52.08 | D59: 55.03 | E59: 3.44 | F59: 6.69 | G59: Calib. | H59: Calib. | I59: 3.15 | J59: 2.02 | K59: 341 | L59: 53.31 | M59: 14.35 | N59: 935.7 | O59: 0 | P59: 1.44 | Q59: 130.36
A60: 04-06-2022 13:00 | B60: 2.35 | C60: 51.84 | D60: 54.19 | E60: 3.28 | F60: 8.22 | G60: Calib. | H60: Calib. | I60: 1.13 | J60: 4.37 | K60: 332.07 | L60: 55.2 | M60: 14.25 | N60: 1109.6 | O60: 0 | P60: 1.51 | Q60: 175.02
A61: 04-06-2022 13:15 | B61: 2.66 | C61: 46.67 | D61: 49.33 | E61: 3.1 | F61: 5.67 | G61: Calib. | H61: Calib. | I61: 0.01 | J61: 3.79 | K61: 345.02 | L61: 50.87 | M61: 13.56 | N61: 1026.7 | O61: 0 | P61: 1.54 | Q61: 181.56
A62: 04-06-2022 13:30 | B62: 2.72 | C62: 50.23 | D62: 52.95 | E62: 3.4 | F62: 8.93 | G62: Calib. | H62: Calib. | I62: Maint. | J62: 4.75 | K62: 338.9 | L62: 52.07 | M62: 13.58 | N62: 847.7 | O62: 0 | P62: 1.52 | Q62: 188.16
A63: 04-06-2022 13:45 | B63: 2.08 | C63: 50.4 | D63: 52.47 | E63: 4.52 | F63: 5.73 | G63: Calib. | H63: Calib. | I63: Maint. | J63: 4.69 | K63: 357.39 | L63: 51.19 | M63: 13.22 | N63: 816.9 | O63: 0 | P63: 1.53 | Q63: 168.5
A64: 04-06-2022 14:00 | B64: 2.69 | C64: 49.01 | D64: 51.7 | E64: 3.01 | F64: 4.39 | G64: Calib. | H64: Calib. | I64: 0.22 | J64: 4.25 | K64: 353.02 | L64: 48.9 | M64: 13.74 | N64: 857 | O64: 0 | P64: 1.54 | Q64: 156.47
A65: 04-06-2022 14:15 | B65: 3.44 | C65: 47.06 | D65: 50.49 | E65: 3.68 | F65: 7.74 | G65: 37.84 | H65: 8.68 | I65: 0.22 | J65: 4.22 | K65: 345.84 | L65: 51.87 | M65: 12.99 | N65: 723.7 | O65: 0 | P65: 1.54 | Q65: 182.04
A66: 04-06-2022 14:30 | B66: 1.93 | C66: 49.06 | D66: 50.99 | E66: 3.33 | F66: 8.31 | G66: 129.75 | H66: 33.96 | I66: Z.Ref | J66: 3.82 | K66: 344.83 | L66: 51.69 | M66: 13.92 | N66: 685.2 | O66: 0 | P66: 1.49 | Q66: 179.1
A67: 04-06-2022 14:45 | B67: 1.65 | C67: 48.48 | D67: 50.12 | E67: 3.46 | F67: 4.9 | G67: 129.75 | H67: 33.96 | I67: Z.Ref | J67: 3.73 | K67: 327.06 | L67: 49.3 | M67: 14.68 | N67: 390.5 | O67: 0 | P67: 1.5 | Q67: 161.93
A68: 04-06-2022 15:00 | B68: 2 | C68: 46.59 | D68: 48.59 | E68: 2.47 | F68: 4.2 | G68: 129.75 | H68: 33.96 | I68: Z.Ref | J68: 2.83 | K68: 317.52 | L68: 49.91 | M68: 15.64 | N68: 396.9 | O68: 0 | P68: 1.51 | Q68: 150.88
A69: 04-06-2022 15:15 | B69: 2.68 | C69: 46.12 | D69: 48.8 | E69: 4.16 | F69: 4.15 | G69: 126.71 | H69: 33.74 | I69: Z.Ref | J69: 4.08 | K69: 332.39 | L69: 47.67 | M69: 15.97 | N69: 737.1 | O69: 0 | P69: 1.53 | Q69: 143.86
A70: 04-06-2022 15:30 | B70: 2.65 | C70: 45.05 | D70: 47.71 | E70: 4.64 | F70: 4.48 | G70: 120.5 | H70: 33.06 | I70: Z.Ref | J70: 4.33 | K70: 338.54 | L70: 51.37 | M70: 14.77 | N70: 847.1 | O70: 0 | P70: 1.52 | Q70: 136.88
A71: 04-06-2022 15:45 | B71: 2.53 | C71: 43.61 | D71: 46.14 | E71: 4.72 | F71: 4.01 | G71: 120.5 | H71: 33.06 | I71: Z.Ref | J71: 4.2 | K71: 334.38 | L71: 50.26 | M71: 14.22 | N71: 702.3 | O71: 0 | P71: 1.51 | Q71: 110.84
A72: 04-06-2022 16:00 | B72: 2.71 | C72: 43.13 | D72: 45.84 | E72: 4.5 | F72: 4.05 | G72: 120.5 | H72: 33.06 | I72: Z.Ref | J72: 3.89 | K72: 317.26 | L72: 49.73 | M72: 14.93 | N72: 546.3 | O72: 0 | P72: 1.51 | Q72: 106.56
A73: 04-06-2022 16:15 | B73: 2.63 | C73: 42.58 | D73: 45.2 | E73: 4.8 | F73: 3.87 | G73: 119.6 | H73: 32.37 | I73: Z.Ref | J73: 3.17 | K73: 325.74 | L73: 49.96 | M73: 15.25 | N73: 296.9 | O73: 0 | P73: 1.51 | Q73: 108.07
A74: 04-06-2022 16:30 | B74: 2.71 | C74: 42.24 | D74: 44.95 | E74: 5.36 | F74: 3.69 | G74: 117.74 | H74: 30.37 | I74: Z.Ref | J74: 3.99 | K74: 348.95 | L74: 49.8 | M74: 15.48 | N74: 262.8 | O74: 0 | P74: 1.51 | Q74: 108.87
A75: 04-06-2022 16:45 | B75: 3 | C75: 41.64 | D75: 44.64 | E75: 5.69 | F75: 3.65 | G75: 117.74 | H75: 30.37 | I75: 0.19 | J75: 3.47 | K75: 325.78 | L75: 47.5 | M75: 16.56 | N75: 222.8 | O75: 0 | P75: 1.53 | Q75: 113.98
A76: 04-06-2022 17:00 | B76: 4.11 | C76: 43.05 | D76: 47.15 | E76: 5.73 | F76: 3.15 | G76: 117.74 | H76: 30.37 | I76: 0.54 | J76: 0.96 | K76: 344.84 | L76: 47.47 | M76: 16.74 | N76: 205 | O76: 0 | P76: 1.67 | Q76: 114.19
A77: 04-06-2022 17:15 | B77: 5.35 | C77: 46.46 | D77: 51.82 | E77: 6.13 | F77: 2.99 | G77: 117.59 | H77: 30.43 | I77: 0.68 | J77: 0.92 | K77: 35.39 | L77: 47.39 | M77: 17.46 | N77: 199.7 | O77: 0 | P77: 1.74 | Q77: 111.58
A78: 04-06-2022 17:30 | B78: 5.47 | C78: 49.75 | D78: 55.23 | E78: 6.69 | F78: 3.04 | G78: 117.29 | H78: 30.59 | I78: 1.33 | J78: 1.85 | K78: 356.32 | L78: 44.72 | M78: 26.09 | N78: 191.2 | O78: 0 | P78: 1.72 | Q78: 123.18
A79: 04-06-2022 17:45 | B79: 4.62 | C79: 51.38 | D79: 56 | E79: 6.18 | F79: 3.28 | G79: 117.29 | H79: 30.59 | I79: 0.52 | J79: 0.84 | K79: 355.58 | L79: 42.72 | M79: 25.64 | N79: 200.4 | O79: 0 | P79: 1.77 | Q79: 122.94
A80: 04-06-2022 18:00 | B80: 3.55 | C80: 51.42 | D80: 54.96 | E80: 5.95 | F80: 3.42 | G80: 117.29 | H80: 30.59 | I80: 3.74 | J80: 1.3 | K80: 254.24 | L80: 44.75 | M80: 23.32 | N80: 192 | O80: 0 | P80: 1.8 | Q80: 117.82
A81: 04-06-2022 18:15 | B81: 2.52 | C81: 50.15 | D81: 52.68 | E81: 6.03 | F81: 3.92 | G81: 119.85 | H81: 30.28 | I81: 5.14 | J81: 1.71 | K81: 238.07 | L81: 46.38 | M81: 21 | N81: 168.7 | O81: 0 | P81: 1.78 | Q81: 116.32
A82: 04-06-2022 18:30 | B82: 1.46 | C82: 46.6 | D82: 48.06 | E82: 6.29 | F82: 4.28 | G82: 125.33 | H82: 29.35 | I82: 5.95 | J82: 1.17 | K82: 246.09 | L82: 44.26 | M82: 24.08 | N82: 156.7 | O82: 0 | P82: 1.73 | Q82: 110.69
A83: 04-06-2022 18:45 | B83: 1.08 | C83: 43.75 | D83: 44.83 | E83: 5.68 | F83: 3.95 | G83: 125.33 | H83: 29.35 | I83: 5.99 | J83: 1.06 | K83: 328.88 | L83: 42.97 | M83: 29.59 | N83: 140.2 | O83: 0 | P83: 1.73 | Q83: 108.25
A84: 04-06-2022 19:00 | B84: 1.94 | C84: 45.65 | D84: 47.59 | E84: 3.16 | F84: 3.13 | G84: 125.33 | H84: 29.35 | I84: 5.88 | J84: 1.01 | K84: 236.89 | L84: 43.44 | M84: 27.47 | N84: 134.9 | O84: 0 | P84: 1.81 | Q84: 107.17
A85: 04-06-2022 19:15 | B85: 1.65 | C85: 45.75 | D85: 47.39 | E85: 5.59 | F85: 3.29 | G85: 125.85 | H85: 32.06 | I85: 6.13 | J85: 1.34 | K85: 327.11 | L85: 41.09 | M85: 29.7 | N85: 134 | O85: 0 | P85: 1.83 | Q85: 104.67
A86: 04-06-2022 19:30 | B86: 1.89 | C86: 47.3 | D86: 49.2 | E86: 5.93 | F86: 2.57 | G86: 127.98 | H86: 39.95 | I86: 6.56 | J86: 1.34 | K86: 262.19 | L86: 41.43 | M86: 26.02 | N86: 132.2 | O86: 0 | P86: 1.94 | Q86: 106.12
... A104: 04-06-2022 24:00 | B104: 4.86 | C104: 48.55 | D104: 53.4 | E104: 6.4 | F104: 2.5 | G104: 146.13 | H104: 43.22 | I104: 8.21 | J104: 0.77 | K104: 340.51 | L104: 40.41 | M104: 26.1 | N104: 154 | O104: 0 | P104: 2.11 | Q104: 92.42
A106: Min | B106: =MIN(B9:B104) -> 1.08 | C106: =MIN(C9:C104) -> 37.31 | D106: =MIN(D9:D104) -> 41.24 | E106: =MIN(E9:E104) -> 2.47 | F106: =MIN(F9:F104) -> 0.13 | G106: =MIN(G9:G104) -> 37.84 | H106: =MIN(H9:H104) -> 8.68 | I106: =MIN(I9:I104) -> 0.01 | ... Q106: =MIN(Q9:Q104) -> 52.43
A107: Max | B107: =MAX(B9:B104) -> 67.1 | C107: =MAX(C9:C104) -> 72.87 | D107: =MAX(D9:D104) -> 139.97 | E107: =MAX(E9:E104) -> 7.4 | F107: =MAX(F9:F104) -> 19.17 | G107: =MAX(G9:G104) -> 272.26 | H107: =MAX(H9:H104) -> 72.87 | I107: =MAX(I9:I104) -> 16.17 | ... Q107: =MAX(Q9:Q104) -> 188.16
A108: Avg | B108: =AVERAGE(B9:B104) -> 8.6202083 | C108: =AVERAGE(C9:C104) -> 49.225625 | D108: =AVERAGE(D9:D104) -> 57.845208 | E108: =AVERAGE(E9:E104) -> 5.736875 | F108: =AVERAGE(F9:F104) -> 3.1069565 | G108: =AVERAGE(G9:G104) -> 150.90382 | H108: =AVERAGE(H9:H104) -> 44.066854 | I108: =AVERAGE(I9:I104) -> 7.3490588 | ... Q108: =AVERAGE(Q9:Q104) -> 95.139792
A109: Stdev | B109: =STDEV(B9:B104) -> 12.516957 | C109: =STDEV(C9:C104) -> 7.5748099 | D109: =STDEV(D9:D104) -> 19.06888 | E109: =STDEV(E9:E104) -> 1.3181177 | F109: =STDEV(F9:F104) -> 2.8861228 | G109: =STDEV(G9:G104) -> 33.960739 | H109: =STDEV(H9:H104) -> 10.628365 | I109: =STDEV(I9:I104) -> 3.5215515 | ... Q109: =STDEV(Q9:Q104) -> 33.247865
A110: Num | B110: =COUNT(B9:B104) -> 96 | C110: =COUNT(C9:C104) -> 96 | D110: =COUNT(D9:D104) -> 96 | E110: =COUNT(E9:E104) -> 96 | F110: 96 | G110: 96 | H110: 96 | I110: 96 | J110: 96 | K110: =COUNT(K9:K104) -> 96 | L110: =COUNT(L9:L104) -> 96 | M110: =COUNT(M9:M104) -> 96 | N110: =COUNT(N9:N104) -> 96 | O110: =COUNT(O9:O104) -> 96 | P110: =COUNT(P9:P104) -> 96 | Q110: =COUNT(Q9:Q104) -> 96
A111: DCR | B111: =IF(B110>=87,">90%",IF(B110<=87,"<90%")) -> >90% | C111: =IF(C110>=87,">90%",IF(C110<=87,"<90%")) -> >90% | D111: =IF(D110>=87,">90%",IF(D110<=87,"<90%")) -> >90% | E111: =IF(E110>=87,">90%",IF(E110<=87,"<90%")) -> >90% | F111: =IF(F110>=87,">90%",IF(F110<=87,"<90%")) -> >90% | G111: =IF(G110>=87,">90%",IF(G110<=87,"<90%")) -> >90% | H111: =IF(H110>=87,">90%",IF(H110<=87,"<90%")) -> >90% | I111: =IF(I110>=87,">90%",IF(I110<=87,"<90%")) -> >90% | ... Q111: =IF(Q110>=87,">90%",IF(Q110<=87,"<90%")) -> >90%
A112: Status | B112: =IF(B110>=87,"OK",IF(B110<=87,"LESS")) -> OK | C112: =IF(C110>=87,"OK",IF(C110<=87,"LESS")) -> OK | D112: =IF(D110>=87,"OK",IF(D110<=87,"LESS")) -> OK | E112: =IF(E110>=87,"OK",IF(E110<=87,"LESS")) -> OK | F112: =IF(F110>=87,"OK",IF(F110<=87,"LESS")) -> OK | G112: =IF(G110>=87,"OK",IF(G110<=87,"LESS")) -> OK | H112: =IF(H110>=87,"OK",IF(H110<=87,"LESS")) -> OK | I112: =IF(I110>=87,"OK",IF(I110<=87,"LESS")) -> OK | ... Q112: =IF(Q110>=87,"OK",IF(Q110<=87,"LESS")) -> OK
A115: Done by | B115: SUROJIT
A117: Comment

Sheet 05
A1: Station: | B1: BHATAGAON RAIPUR
A2: Date: | B2: =$A$9 -> 04-06-2022 00:60 | D2: Power Off | G2: Pw.Off | L2: Link Fail | N2: Link F | P2: Maintenance | R2: Maint.
A3: Report Type: | B3: Mean | D3: Calibration | G3: Calib. | L3: Data Fail | N3: Data F | P3: Invalid | R3: Invalid
A4: Time Base: | B4: 15 Min | D4: Zero Referrence | G4: Z.Ref | L4: Warm Up | N4: Wm. Up
A7: Date & Time | B7: NO_BHATAGAON | C7: NO2__BHATAGAON | D7: NOX_BHATAGAON | E7: SO2__BHATAGAON | F7: O3__BHATAGAON | G7: PM10__BHATAGAON | H7: PM2_5__BHATAGAON | I7: BENZ__BHATAGAON | J7: WS__BHATAGAON | K7: WD__BHATAGAON | L7: TEMP__BHATAGAON | M7: HUM__BHATAGAON | N7: SR__BHATAGAON | O7: RG__BHATAGAON | P7: CO__BHATAGAON | Q7: NH3__BHATAGAON
B8: ug/m3 | C8: ug/m3 | D8: ug/m3 | E8: ug/m3 | F8: ug/m3 | G8: ug/m3 | H8: ug/m3 | I8: ug/m3 | J8: m/sec | K8: deg | L8: degreC | M8: % | N8: w/m2 | O8: mm | P8: mg/m3 | Q8: ug/m3
A9: 04-06-2022 00:60 | B9: 1.6536294 | C9: 51.142921 | D9: 52.797715 | E9: 5.281125 | F9: 4.1867171 | G9: 110.03062 | H9: 27.728419 | I9: 5.5841469 | J9: 2.1911864 | K9: 312.04418 | L9: 45.529998 | M9: 16.294007 | N9: 392.0159 | O9: 0 | P9: 1.9850526 | Q9: 121.88967
A10: 05-06-2022 00:30 | B10: 2.34 | C10: 43.02 | D10: 45.35 | E10: 6.73 | F10: 2.31 | G10: 139.67 | H10: 39.13 | I10: 7.46 | J10: 2.1 | K10: 355.43 | L10: 38.46 | M10: 28.39 | N10: 160.9 | O10: 0 | P10: 2.03 | Q10: 85.52
A11: 05-06-2022 00:45 | B11: 1.89 | C11: 41.65 | D11: 43.54 | E11: 6.81 | F11: 1.82 | G11: 139.67 | H11: 39.13 | I11: 7.14 | J11: 2 | K11: 346.87 | L11: 37.94 | M11: 28.74 | N11: 166.3 | O11: 0 | P11: 2.07 | Q11: 71.06
A12: 05-06-2022 01:00 | B12: 1.94 | C12: 41.03 | D12: 42.97 | E12: 6.5 | F12: 1.46 | G12: 139.67 | H12: 39.13 | I12: 7.33 | J12: 1.56 | K12: 2.04 | L12: 38.74 | M12: 28.43 | N12: 164.2 | O12: 0 | P12: 2.09 | Q12: 75.28
A13: 05-06-2022 01:15 | B13: 2.07 | C13: 40.4 | D13: 42.48 | E13: 6.97 | F13: 1.26 | G13: 140.68 | H13: 38.9 | I13: 8.15 | J13: 1.17 | K13: 333.18 | L13: 38.89 | M13: 29.05 | N13: 170.7 | O13: 0 | P13: 2.12 | Q13: 80.17
A14: 05-06-2022 01:30 | B14: 2.21 | C14: 40.07 | D14: 42.28 | E14: 7.19 | F14: 1.05 | G14: 146.25 | H14: 38.16 | I14: 9.77 | J14: 1.28 | K14: 343.8 | L14: 37.83 | M14: 29.42 | N14: 172.7 | O14: 0 | P14: 2.16 | Q14: 80.56
A15: 05-06-2022 01:45 | B15: 2.26 | C15: 39.5 | D15: 41.76 | E15: 6.97 | F15: 1.05 | G15: 146.25 | H15: 38.16 | I15: 12.67 | J15: 0.33 | K15: 237.65 | L15: 41.4 | M15: 29 | N15: 170.6 | O15: 0 | P15: 2.2 | Q15: 81.24
A16: 05-06-2022 02:00 | B16: 2.19 | C16: 38.43 | D16: 40.61 | E16: 7.22 | F16: 1.19 | G16: 146.25 | H16: 38.16 | I16: 12.7 | J16: 1.08 | K16: 234.83 | L16: 43.11 | M16: 28.02 | N16: 161.5 | O16: 0 | P16: 2.17 | Q16: 81.13
A17: 05-06-2022 02:15 | B17: 1.92 | C17: 36.53 | D17: 38.45 | E17: 7.38 | F17: 1.34 | G17: 141.42 | H17: 38.68 | I17: 13.23 | J17: 2.06 | K17: 201.11 | L17: 41.9 | M17: 28.28 | N17: 161.2 | O17: 0 | P17: 2.12 | Q17: 80.88
A18: 05-06-2022 02:30 | B18: 1.7 | C18: 34.55 | D18: 36.25 | E18: 7.25 | F18: 1.56 | G18: 130.38 | H18: 40.29 | I18: 12.79 | J18: 3.2 | K18: 165.5 | L18: 39.95 | M18: 29.98 | N18: 166.5 | O18: 0 | P18: 2.06 | Q18: 83.57
A19: 05-06-2022 02:45 | B19: 1.46 | C19: 32.74 | D19: 34.2 | E19: 7.45 | F19: 1.31 | G19: 130.38 | H19: 40.29 | I19: 11.89 | J19: 2.24 | K19: 207.39 | L19: 38.03 | M19: 30.23 | N19: 162.2 | O19: 0 | P19: 1.99 | Q19: 85.83
A20: 05-06-2022 03:00 | B20: 1.28 | C20: 30.87 | D20: 32.15 | E20: 3.13 | F20: 1.47 | G20: 130.38 | H20: 40.29 | I20: 11.66 | J20: 3.94 | K20: 160.92 | L20: 39.25 | M20: 31.37 | N20: 164.1 | O20: 0 | P20: 1.93 | Q20: 84.16
... A62: 05-06-2022 13:30 | B62: 0.53 | C62: 39.47 | D62: 40 | E62: 7.2 | F62: 6.23 | G62: 150.26 | H62: 41.3 | I62: 0.3 | J62: 2.49 | K62: 14.2 | L62: 52.66 | M62: 16.52 | N62: 954 | O62: 0 | P62: 1.9 | Q62: 73.41
A63: 05-06-2022 13:45 | B63: 0.65 | C63: 38.4 | D63: 39.05 | E63: 8.33 | F63: 6.19 | G63: 150.26 | H63: 41.3 | I63: Z.Ref | J63: 3.33 | K63: 337.7 | L63: 52.96 | M63: 17.37 | N63: 948.4 | O63: 0 | P63: 1.85 | Q63: 73.42
A64: 05-06-2022 14:00 | B64: 0.65 | C64: 38.22 | D64: 38.87 | E64: 6.51 | F64: 6 | G64: 150.26 | H64: 41.3 | I64: 1.04 | J64: 2.57 | K64: 337.55 | L64: 61.64 | M64: 16.55 | N64: 900.5 | O64: 0 | P64: 1.84 | Q64: 65.36
A65: 05-06-2022 14:15 | B65: 0.74 | C65: 39.7 | D65: 40.45 | E65: 6.71 | F65: 5.66 | G65: 148.61 | H65: 40.47 | I65: 0.01 | J65: 3.12 | K65: 313.96 | L65: 62.21 | M65: 17.16 | N65: 915.9 | O65: 0 | P65: 1.82 | Q65: 61.58
A66: 05-06-2022 14:30 | B66: 0.6 | C66: 39.34 | D66: 39.94 | E66: 6.91 | F66: 6.06 | G66: 144.92 | H66: 37.93 | I66: 0.21 | J66: 2.5 | K66: 340.34 | L66: 60 | M66: 16.59 | N66: 468.2 | O66: 0 | P66: 1.79 | Q66: 62.23
A67: 05-06-2022 14:45 | B67: 0.54 | C67: 38.26 | D67: 38.8 | E67: 7.21 | F67: 5.85 | G67: 144.92 | H67: 37.93 | I67: Z.Ref | J67: 3.11 | K67: 332.94 | L67: 61.12 | M67: 17.31 | N67: 331 | O67: 0 | P67: 1.74 | Q67: 63.3
A68: 05-06-2022 15:00 | B68: 0.7 | C68: 37.64 | D68: 38.34 | E68: 3.67 | F68: 5.6 | G68: 144.92 | H68: 37.93 | I68: 0.77 | J68: 3.03 | K68: 330.99 | L68: 60.93 | M68: 15.85 | N68: 401.5 | O68: 0 | P68: 1.73 | Q68: 64.27
A69: 05-06-2022 15:15 | B69: 0.96 | C69: 38.28 | D69: 39.24 | E69: 6.4 | F69: 4.7 | G69: 139.48 | H69: 36.86 | I69: 0.01 | J69: 2.38 | K69: 330.31 | L69: 61.15 | M69: 15.19 | N69: 437.1 | O69: 0 | P69: 1.73 | Q69: 65.24
A70: 05-06-2022 15:30 | B70: 1.1 | C70: 39.09 | D70: 40.19 | E70: 6.66 | F70: 4.89 | G70: 127.83 | H70: 33.56 | I70: Z.Ref | J70: 3.23 | K70: 316.81 | L70: 60.3 | M70: 16.74 | N70: 316.7 | O70: 0 | P70: 1.74 | Q70: 65.72
A71: 05-06-2022 15:45 | B71: 1.28 | C71: 40.01 | D71: 41.29 | E71: 6.58 | F71: 4.74 | G71: 127.83 | H71: 33.56 | I71: Z.Ref | J71: 2.2 | K71: 321.93 | L71: 59.42 | M71: 16.77 | N71: 352.5 | O71: 0 | P71: 1.74 | Q71: 68.77
A72: 05-06-2022 16:00 | B72: 1.81 | C72: 41.45 | D72: 43.26 | E72: 6.79 | F72: 4.51 | G72: 127.83 | H72: 33.56 | I72: 2.78 | J72: 2.04 | K72: 322.08 | L72: 58.99 | M72: 18.88 | N72: 218.7 | O72: 0 | P72: 1.76 | Q72: 71.87
A73: 05-06-2022 16:15 | B73: 2.18 | C73: 43.63 | D73: 45.82 | E73: 6.95 | F73: 4.19 | G73: 127.27 | H73: 32.98 | I73: 1.42 | J73: 2.71 | K73: 337.12 | L73: 58.4 | M73: 18.03 | N73: 206 | O73: 0 | P73: 1.79 | Q73: 71.17
A74: 05-06-2022 16:30 | B74: 2.41 | C74: 45.04 | D74: 47.45 | E74: 7.05 | F74: 4.18 | G74: 126.08 | H74: 31.18 | I74: 0.02 | J74: 2.32 | K74: 332.77 | L74: 58.43 | M74: 18.24 | N74: 199.2 | O74: 0 | P74: 1.82 | Q74: 70.87
A75: 05-06-2022 16:45 | B75: 3.17 | C75: 47.77 | D75: 50.94 | E75: 6.93 | F75: 3.54 | G75: 126.08 | H75: 31.18 | I75: Z.Ref | J75: 2.18 | K75: 337.65 | L75: 58.95 | M75: 19.02 | N75: 187.2 | O75: 0 | P75: 1.88 | Q75: 72.44
A76: 05-06-2022 17:00 | B76: 4.11 | C76: 51.35 | D76: 55.46 | E76: 6.77 | F76: 2.82 | G76: 126.08 | H76: 31.18 | I76: Z.Ref | J76: 1.93 | K76: 359.56 | L76: 58.63 | M76: 19.01 | N76: 196.9 | O76: 0 | P76: 1.97 | Q76: 73.18
A77: 05-06-2022 17:15 | B77: 5.88 | C77: 55.84 | D77: 61.72 | E77: 6.9 | F77: 2.65 | G77: 124.93 | H77: 31.33 | I77: Z.Ref | J77: 1.86 | K77: 352.61 | L77: 59.01 | M77: 23.71 | N77: 224 | O77: 0 | P77: 2.09 | Q77: 74.63
A78: 05-06-2022 17:30 | B78: 7.16 | C78: 59.59 | D78: 66.75 | E78: 7.2 | F78: 2.18 | G78: 122.57 | H78: 31.78 | I78: Z.Ref | J78: 1.44 | K78: 344.14 | L78: 56.32 | M78: 31.55 | N78: 263.5 | O78: 0 | P78: 2.22 | Q78: 73.79
A79: 05-06-2022 17:45 | B79: 9.03 | C79: 62.15 | D79: 71.18 | E79: 6.97 | F79: 1.33 | G79: 122.57 | H79: 31.78 | I79: Z.Ref | J79: 1.56 | K79: 343.98 | L79: 54.93 | M79: 35.2 | N79: 254.1 | O79: 0 | P79: 2.34 | Q79: 76.6
A80: 05-06-2022 18:00 | B80: 15.62 | C80: 65.72 | D80: 81.34 | E80: 6.97 | F80: 0.77 | G80: 122.57 | H80: 31.78 | I80: 0.54 | J80: 1.28 | K80: 318.1 | L80: 53.98 | M80: 38.44 | N80: 244 | O80: 0 | P80: 2.48 | Q80: 82.17
A81: 05-06-2022 18:15 | B81: 24.17 | C81: 68.1 | D81: 92.27 | E81: 7.58 | F81: 1.13 | G81: 133.84 | H81: 33.13 | I81: 6.25 | J81: 1.67 | K81: 349.46 | L81: 53.21 | M81: 39.88 | N81: 236.7 | O81: 0 | P81: 2.77 | Q81: 87.49
A82: 05-06-2022 18:30 | B82: 30.54 | C82: 68.14 | D82: 98.68 | E82: 7.01 | F82: 0.88 | G82: 157.98 | H82: 37.29 | I82: 8.57 | J82: 1.83 | K82: 59.09 | L82: 53.18 | M82: 39.96 | N82: 232.9 | O82: 0 | P82: 3.1 | Q82: 75.89
A83: 05-06-2022 18:45 | B83: 30.54 | C83: 68.14 | D83: 98.68 | E83: 7.01 | F83: 0.88 | G83: 157.98 | H83: 37.29 | I83: 8.57 | J83: 1.83 | K83: 59.09 | L83: 53.18 | M83: 39.96 | N83: 232.9 | O83: 0 | P83: 3.1 | Q83: 75.89
A84: 05-06-2022 19:00 | B84: 38.6 | C84: 73.89 | D84: 112.49 | E84: 5.24 | F84: 0.44 | G84: 157.98 | H84: 37.29 | I84: 14.13 | J84: 1.71 | K84: 49.6 | L84: 50.7 | M84: 41.03 | N84: 118.1 | O84: 0 | P84: 3.24 | Q84: 84.97
A85: 05-06-2022 19:15 | B85: 46.44 | C85: 75.45 | D85: 121.89 | E85: 6.4 | F85: Z.Ref | G85: 181.77 | H85: 40.7 | I85: 15.1 | J85: 1.76 | K85: 54.88 | L85: 52.73 | M85: 36.38 | N85: 103.2 | O85: 0 | P85: 3.64 | Q85: 89.53
A86: 05-06-2022 19:30 | B86: 49.86 | C86: 75.23 | D86: 125.08 | E86: 6.9 | F86: Z.Ref | G86: 215.07 | H86: 48.11 | I86: 15.15 | J86: 1.86 | K86: 59.81 | L86: 54.98 | M86: 28.17 | N86: 106.4 | O86: 0 | P86: 3.95 | Q86: 97.58
A87: 05-06-2022 19:45 | B87: 52.55 | C87: 78.61 | D87: 131.15 | E87: 7.47 | F87: 0.42 | G87: 215.07 | H87: 48.11 | I87: 18.67 | J87: 1.65 | K87: 59.72 | L87: 54.79 | M87: 28.29 | N87: 114.1 | O87: 0 | P87: 4.2 | Q87: 95.01
A88: 05-06-2022 20:00 | B88: 55.15 | C88: 80.36 | D88: 135.51 | E88: 7.6 | F88: Z.Ref | G88: 215.07 | H88: 48.11 | I88: 22.08 | J88: 1.55 | K88: 197.55 | L88: 54.02 | M88: 29.19 | N88: 117.1 | O88: 0 | P88: 4.35 | Q88: 107.08
A89: 05-06-2022 20:15 | B89: 54.85 | C89: 79.34 | D89: 134.2 | E89: 7.95 | F89: Z.Ref | G89: 223.51 | H89: 51.38 | I89: 21.56 | J89: 2.75 | K89: 170.46 | L89: 54.78 | M89: 26.41 | N89: 120 | O89: 0 | P89: 4.19 | Q89: 103.99
A90: 05-06-2022 20:30 | B90: 47.17 | C90: 76.14 | D90: 123.32 | E90: 7.88 | F90: Z.Ref | G90: 240.78 | H90: 61.51 | I90: 20.31 | J90: 1.63 | K90: 207.49 | L90: 54.33 | M90: 26.82 | N90: 125.9 | O90: 0 | P90: 3.93 | Q90: 105.04
A91: 05-06-2022 20:45 | B91: 38.14 | C91: 73.27 | D91: 111.42 | E91: 7.66 | F91: Z.Ref | G91: 240.78 | H91: 61.51 | I91: 18.06 | J91: 1.37 | K91: 200.52 | L91: 54.18 | M91: 28.77 | N91: 131.3 | O91: 0 | P91: 3.72 | Q91: 98.62
A92: 05-06-2022 21:00 | B92: 30.75 | C92: 70.67 | D92: 101.42 | E92: 7.16 | F92: 0.06 | G92: 240.78 | H92: 61.51 | I92: 16.79 | J92: 1.68 | K92: 216.01 | L92: 53.78 | M92: 30 | N92: 135.2 | O92: 0 | P92: 3.55 | Q92: 93.64
A93: 05-06-2022 21:15 | B93: 24.71 | C93: 68.39 | D93: 93.1 | E93: 7.06 | F93: 0.18 | G93: 235.95 | H93: 60.14 | I93: 15.95 | J93: 1.84 | K93: 204.85 | L93: 52.85 | M93: 31.3 | N93: 141 | O93: 0 | P93: 3.38 | Q93: 90.2
A94: 05-06-2022 21:30 | B94: 19.34 | C94: 65.78 | D94: 85.12 | E94: 6.8 | F94: 0.19 | G94: 226.08 | H94: 56.17 | I94: 15.39 | J94: 1.86 | K94: 194.02 | L94: 53.31 | M94: 32.45 | N94: 144.5 | O94: 0 | P94: 3.22 | Q94: 86.41
A95: 05-06-2022 21:45 | B95: 14.75 | C95: 62.88 | D95: 77.63 | E95: 6.6 | F95: 0.37 | G95: 226.08 | H95: 56.17 | I95: 14.41 | J95: 1.61 | K95: 198.69 | L95: 53.26 | M95: 33.58 | N95: 143.7 | O95: 0 | P95: 3.06 | Q95: 83.95
A96: 05-06-2022 22:00 | B96: 10.67 | C96: 59.71 | D96: 70.38 | E96: 6.45 | F96: 0.34 | G96: 226.08 | H96: 56.17 | I96: 13.64 | J96: 1.56 | K96: 216.28 | L96: 52.76 | M96: 34.15 | N96: 152.3 | O96: 0 | P96: 2.93 | Q96: 81.07
A97: 05-06-2022 22:15 | B97: 7.58 | C97: 56.88 | D97: 64.46 | E97: 6.43 | F97: 0.43 | G97: 218.54 | H97: 55.39 | I97: 12.95 | J97: 1.33 | K97: 234.29 | L97: 51.08 | M97: 34.76 | N97: 154.5 | O97: 0 | P97: 2.81 | Q97: 79.17
A98: 05-06-2022 22:30 | B98: 5.31 | C98: 54.12 | D98: 59.43 | E98: 6.45 | F98: 0.68 | G98: 203.11 | H98: 53.12 | I98: 12.26 | J98: 1.8 | K98: 166.84 | L98: 52.34 | M98: 35.86 | N98: 154.5 | O98: 0 | P98: 2.71 | Q98: 77.82
A99: 05-06-2022 22:45 | B99: 3.93 | C99: 48.6 | D99: 52.53 | E99: 6.87 | F99: 0.95 | G99: 203.11 | H99: 53.12 | I99: 11.6 | J99: 1.56 | K99: 202.65 | L99: 50.71 | M99: 36.66 | N99: 192.2 | O99: 0 | P99: 2.62 | Q99: 73.58
A100: 05-06-2022 23:00 | B100: 3.25 | C100: 43.22 | D100: 46.47 | E100: 3.1 | F100: 0.92 | G100: 203.11 | H100: 53.12 | I100: 11.05 | J100: 1.29 | K100: 174.03 | L100: 51.27 | M100: 36.98 | N100: 222.3 | O100: 0 | P100: 2.57 | Q100: 53.89
A101: 05-06-2022 23:15 | B101: 3 | C101: 45.62 | D101: 48.63 | E101: 6.24 | F101: 0.58 | G101: 195.98 | H101: 52.28 | I101: 10.68 | J101: 2.81 | K101: 90.59 | L101: 50.84 | M101: 37.96 | N101: 220.3 | O101: 0 | P101: 2.5 | Q101: 60.12
A102: 05-06-2022 23:30 | B102: 3.13 | C102: 45.25 | D102: 48.38 | E102: 6.41 | F102: 0.43 | G102: 181.39 | H102: 49.82 | I102: 10.33 | J102: 1.69 | K102: 226.58 | L102: 48.63 | M102: 38.64 | N102: 215.4 | O102: 0 | P102: 2.44 | Q102: 66.18
A103: 05-06-2022 23:45 | B103: 3.12 | C103: 44.12 | D103: 47.24 | E103: 6.65 | F103: 0.8 | G103: 181.39 | H103: 49.82 | I103: 10.14 | J103: 1.9 | K103: 198.01 | L103: 43.51 | M103: 38.39 | N103: 226.7 | O103: 0 | P103: 2.41 | Q103: 65.59
A104: 05-06-2022 24:00 | B104: 2.91 | C104: 42.37 | D104: 45.28 | E104: 7.02 | F104: 0.55 | G104: 181.39 | H104: 49.82 | I104: 9.82 | J104: 2.04 | K104: 147.62 | L104: 40.61 | M104: 38.01 | N104: 212.3 | O104: 0 | P104: 2.35 | Q104: 66.61
A106: Min | B106: =MIN(B9:B104) -> 0.52 | C106: =MIN(C9:C104) -> 27.93 | D106: =MIN(D9:D104) -> 29.22 | E106: =MIN(E9:E104) -> 3.1 | F106: =MIN(F9:F104) -> 0.06 | G106: =MIN(G9:G104) -> 110.03062 | H106: =MIN(H9:H104) -> 27.728419 | I106: =MIN(I9:I104) -> 0.01 | ... Q106: =MIN(Q9:Q104) -> 53.89
A107: Max | B107: =MAX(B9:B104) -> 55.15 | C107: =MAX(C9:C104) -> 80.36 | D107: =MAX(D9:D104) -> 135.51 | E107: =MAX(E9:E104) -> 8.33 | F107: =MAX(F9:F104) -> 6.48 | G107: =MAX(G9:G104) -> 240.78 | H107: =MAX(H9:H104) -> 61.51 | I107: =MAX(I9:I104) -> 22.08 | ... Q107: =MAX(Q9:Q104) -> 121.88967
A108: Avg | B108: =AVERAGE(B9:B104) -> 8.2037878 | C108: =AVERAGE(C9:C104) -> 46.397322 | D108: =AVERAGE(D9:D104) -> 54.60133 | E108: =AVERAGE(E9:E104) -> 6.6768867 | F108: =AVERAGE(F9:F104) -> 2.4840746 | G108: =AVERAGE(G9:G104) -> 154.75021 | H108: =AVERAGE(H9:H104) -> 42.41665 | I108: =AVERAGE(I9:I104) -> 9.0037258 | ... Q108: =AVERAGE(Q9:Q104) -> 79.095622
A109: Stdev | B109: =STDEV(B9:B104) -> 13.769146 | C109: =STDEV(C9:C104) -> 13.497018 | D109: =STDEV(D9:D104) -> 26.225991 | E109: =STDEV(E9:E104) -> 0.94203207 | F109: =STDEV(F9:F104) -> 2.0833788 | G109: =STDEV(G9:G104) -> 34.159329 | H109: =STDEV(H9:H104) -> 7.7415143 | I109: =STDEV(I9:I104) -> 4.7469891 | ... Q109: =STDEV(Q9:Q104) -> 10.833969
A110: Num | B110: =COUNT(B9:B104) -> 96 | C110: =COUNT(C9:C104) -> 96 | D110: =COUNT(D9:D104) -> 96 | E110: =COUNT(E9:E104) -> 96 | F110: 96 | G110: =COUNT(G9:G104) -> 96 | H110: 96 | I110: 96 | J110: 96 | K110: =COUNT(K9:K104) -> 96 | L110: =COUNT(L9:L104) -> 96 | M110: =COUNT(M9:M104) -> 96 | N110: =COUNT(N9:N104) -> 96 | O110: =COUNT(O9:O104) -> 96 | P110: =COUNT(P9:P104) -> 96 | Q110: =COUNT(Q9:Q104) -> 96
A111: DCR | B111: =IF(B110>=87,">90%",IF(B110<=87,"<90%")) -> >90% | C111: =IF(C110>=87,">90%",IF(C110<=87,"<90%")) -> >90% | D111: =IF(D110>=87,">90%",IF(D110<=87,"<90%")) -> >90% | E111: =IF(E110>=87,">90%",IF(E110<=87,"<90%")) -> >90% | F111: =IF(F110>=87,">90%",IF(F110<=87,"<90%")) -> >90% | G111: =IF(G110>=87,">90%",IF(G110<=87,"<90%")) -> >90% | H111: =IF(H110>=87,">90%",IF(H110<=87,"<90%")) -> >90% | I111: =IF(I110>=87,">90%",IF(I110<=87,"<90%")) -> >90% | ... Q111: =IF(Q110>=87,">90%",IF(Q110<=87,"<90%")) -> >90%
A112: Status | B112: =IF(B110>=87,"OK",IF(B110<=87,"LESS")) -> OK | C112: =IF(C110>=87,"OK",IF(C110<=87,"LESS")) -> OK | D112: =IF(D110>=87,"OK",IF(D110<=87,"LESS")) -> OK | E112: =IF(E110>=87,"OK",IF(E110<=87,"LESS")) -> OK | F112: =IF(F110>=87,"OK",IF(F110<=87,"LESS")) -> OK | G112: =IF(G110>=87,"OK",IF(G110<=87,"LESS")) -> OK | H112: =IF(H110>=87,"OK",IF(H110<=87,"LESS")) -> OK | I112: =IF(I110>=87,"OK",IF(I110<=87,"LESS")) -> OK | ... Q112: =IF(Q110>=87,"OK",IF(Q110<=87,"LESS")) -> OK
A115: Done by | B115: SUROJIT
A117: Comment

Sheet 06
A1: Station: | B1: BHATAGAON RAIPUR
A2: Date: | B2: =$A$9 -> 06-06-2022 00:15 | D2: Power Off | G2: Pw.Off | L2: Link Fail | N2: Link F | P2: Maintenance | R2: Maint.
A3: Report Type: | B3: Mean | D3: Calibration | G3: Calib. | L3: Data Fail | N3: Data F | P3: Invalid | R3: Invalid
A4: Time Base: | B4: 15 Min | D4: Zero Referrence | G4: Z.Ref | L4: Warm Up | N4: Wm. Up
A7: Date & Time | B7: NO_BHATAGAON | C7: NO2__BHATAGAON | D7: NOX_BHATAGAON | E7: SO2__BHATAGAON | F7: O3__BHATAGAON | G7: PM10__BHATAGAON | H7: PM2_5__BHATAGAON | I7: BENZ__BHATAGAON | J7: WS__BHATAGAON | K7: WD__BHATAGAON | L7: TEMP__BHATAGAON | M7: HUM__BHATAGAON | N7: SR__BHATAGAON | O7: RG__BHATAGAON | P7: CO__BHATAGAON | Q7: NH3__BHATAGAON
B8: ug/m3 | C8: ug/m3 | D8: ug/m3 | E8: ug/m3 | F8: ug/m3 | G8: ug/m3 | H8: ug/m3 | I8: ug/m3 | J8: m/sec | K8: deg | L8: degreC | M8: % | N8: w/m2 | O8: mm | P8: mg/m3 | Q8: ug/m3
A9: 06-06-2022 00:15 | B9: 2.51 | C9: 40.8 | D9: 43.3 | E9: 7 | F9: 0.66 | G9: 172.28 | H9: 49.13 | I9: 9.84 | J9: 1.8 | K9: 192.07 | L9: 40.36 | M9: 38.32 | N9: 203.3 | O9: 0 | P9: 2.29 | Q9: 66.85
A10: 06-06-2022 00:30 | B10: 2.17 | C10: 38.71 | D10: 40.88 | E10: 6.95 | F10: 0.57 | G10: 153.66 | H10: 47.12 | I10: 9.6 | J10: 1.89 | K10: 144.96 | L10: 39.71 | M10: 37.59 | N10: 216 | O10: 0 | P10: 2.25 | Q10: 66.83
A11: 06-06-2022 00:45 | B11: 1.83 | C11: 36.16 | D11: 37.99 | E11: 7.27 | F11: 1.03 | G11: 153.66 | H11: 47.12 | I11: 9.35 | J11: 2.96 | K11: 130.07 | L11: 38.15 | M11: 38.17 | N11: 164.6 | O11: 0 | P11: 2.18 | Q11: 73.64
A12: 06-06-2022 01:00 | B12: 1.35 | C12: 33.52 | D12: 34.88 | E12: 7.27 | F12: 1.3 | G12: 153.66 | H12: 47.12 | I12: 9.06 | J12: 2.08 | K12: 94.9 | L12: 37.07 | M12: 37.35 | N12: 174.9 | O12: 0 | P12: 2.11 | Q12: 76.05
A13: 06-06-2022 01:15 | B13: 1.12 | C13: 31.78 | D13: 32.89 | E13: 7.34 | F13: 1.45 | G13: 150.52 | H13: 46.42 | I13: 8.7 | J13: 2.06 | K13: 125.94 | L13: 38.45 | M13: 36.46 | N13: 216.7 | O13: 0 | P13: 2.04 | Q13: 73.95
A14: 06-06-2022 01:30 | B14: 0.98 | C14: 30.65 | D14: 31.63 | E14: 7.28 | F14: 1.42 | G14: 136.38 | H14: 44.27 | I14: 8.39 | J14: 2.27 | K14: 139.64 | L14: 38.05 | M14: 35.16 | N14: 194.1 | O14: 0 | P14: 1.99 | Q14: 71.42
A15: 06-06-2022 01:45 | B15: 0.87 | C15: 29.5 | D15: 30.37 | E15: 7.06 | F15: 1.5 | G15: 136.38 | H15: 44.27 | I15: 8.02 | J15: 2.16 | K15: 158.3 | L15: 36.95 | M15: 34.67 | N15: 183.7 | O15: 0 | P15: 1.94 | Q15: 70.04
A16: 06-06-2022 02:00 | B16: 0.79 | C16: 28.47 | D16: 29.27 | E16: 6.91 | F16: 1.57 | G16: 136.38 | H16: 44.27 | I16: 7.6 | J16: 1.07 | K16: 104.93 | L16: 36.96 | M16: 35.41 | N16: 181.9 | O16: 0 | P16: 1.88 | Q16: 68.55
A17: 06-06-2022 02:15 | B17: 0.8 | C17: 27.51 | D17: 28.32 | E17: 6.88 | F17: 1.52 | G17: 130.58 | H17: 42.14 | I17: 7.39 | J17: 1.29 | K17: 176.17 | L17: 33.93 | M17: 36.14 | N17: 193.5 | O17: 0 | P17: 1.84 | Q17: 67.06
A18: 06-06-2022 02:30 | B18: 0.8 | C18: 26.71 | D18: 27.51 | E18: 7.12 | F18: 1.41 | G18: 118.15 | H18: 35.56 | I18: 6.97 | J18: 2.32 | K18: 169.53 | L18: 33.93 | M18: 36.81 | N18: 149.4 | O18: 0 | P18: 1.8 | Q18: 66.9
A19: 06-06-2022 02:45 | B19: 0.81 | C19: 26.1 | D19: 26.91 | E19: 7.12 | F19: 1.67 | G19: 118.15 | H19: 35.56 | I19: 6.78 | J19: 3.03 | K19: 168.24 | L19: 34.06 | M19: 37.2 | N19: 170.6 | O19: 0 | P19: 1.77 | Q19: 66.65
A20: 06-06-2022 03:00 | B20: 0.79 | C20: 25.56 | D20: 26.35 | E20: 3.36 | F20: 1.69 | G20: 118.15 | H20: 35.56 | I20: 6.47 | J20: 2.05 | K20: 164.75 | L20: 34.07 | M20: 38.28 | N20: 173.2 | O20: 0 | P20: 1.74 | Q20: 65.78
... A63: 06-06-2022 13:45 | B63: 0.27 | C63: 32.53 | D63: 32.8 | E63: 6.86 | F63: 6.09 | G63: 122.8 | H63: 47.56 | I63: 0.01 | J63: 2.36 | K63: 99.38 | L63: 47.38 | M63: 23.25 | N63: 867.8 | O63: 0 | P63: 1.96 | Q63: 62.74
A64: 06-06-2022 14:00 | B64: 0.29 | C64: 31.02 | D64: 31.31 | E64: 6.75 | F64: 6.53 | G64: 122.8 | H64: 47.56 | I64: Maint. | J64: 1.93 | K64: 117.52 | L64: 47.24 | M64: 22.46 | N64: 906.2 | O64: 0 | P64: 1.95 | Q64: 67.34
A65: 06-06-2022 14:15 | B65: 0.27 | C65: 30.27 | D65: 30.54 | E65: 6.99 | F65: 7.1 | G65: 123.66 | H65: 48.36 | I65: 0.07 | J65: 2.46 | K65: 83.34 | L65: 44.92 | M65: 22.83 | N65: 780.3 | O65: 0 | P65: 1.94 | Q65: 69.71
A66: 06-06-2022 14:30 | B66: 0.35 | C66: 30.45 | D66: 30.81 | E66: 7.31 | F66: 7.44 | G66: 125.49 | H66: 50.82 | I66: Z.Ref | J66: 1.74 | K66: 37.37 | L66: 50.32 | M66: 22.01 | N66: 791.6 | O66: 0 | P66: 1.94 | Q66: 67.52
A67: 06-06-2022 14:45 | B67: 0.44 | C67: 32.45 | D67: 32.9 | E67: 7.17 | F67: 7.31 | G67: 125.49 | H67: 50.82 | I67: Z.Ref | J67: 0.82 | K67: 146.49 | L67: 49.89 | M67: 20.94 | N67: 757.4 | O67: 0 | P67: 1.94 | Q67: 68.45
A68: 06-06-2022 15:00 | B68: 0.38 | C68: 32.4 | D68: 32.78 | E68: 2.93 | F68: 7.8 | G68: 125.49 | H68: 50.82 | I68: Z.Ref | J68: 1.54 | K68: 183.22 | L68: 49.41 | M68: 20.52 | N68: 592.4 | O68: 0 | P68: 1.9 | Q68: 66.93
A69: 06-06-2022 15:15 | B69: 0.22 | C69: 31.18 | D69: 31.4 | E69: 5.42 | F69: 8.39 | G69: 123.6 | H69: 49.63 | I69: Z.Ref | J69: 1.77 | K69: 168.05 | L69: 44.26 | M69: 20.58 | N69: 547.1 | O69: 0 | P69: 1.85 | Q69: 65.1
A70: 06-06-2022 15:30 | B70: 0.15 | C70: 29.68 | D70: 29.83 | E70: 5.96 | F70: 8.61 | G70: 119.56 | H70: 45.97 | I70: Z.Ref | J70: 1.51 | K70: 168.97 | L70: 43.86 | M70: 20.28 | N70: 539.7 | O70: 0 | P70: 1.81 | Q70: 63.09
A71: 06-06-2022 15:45 | B71: 0.14 | C71: 28.24 | D71: 28.38 | E71: 6.12 | F71: 8.59 | G71: 119.56 | H71: 45.97 | I71: Z.Ref | J71: 0.8 | K71: 230.46 | L71: 44.71 | M71: 19.23 | N71: 516.2 | O71: 0 | P71: 1.79 | Q71: 62.1
A72: 06-06-2022 16:00 | B72: 0.31 | C72: 28.72 | D72: 29.03 | E72: 5.92 | F72: 8.45 | G72: 119.56 | H72: 45.97 | I72: 0.08 | J72: 2.04 | K72: 329.1 | L72: 44.86 | M72: 19.71 | N72: 467 | O72: 0 | P72: 1.78 | Q72: 61.63
A73: 06-06-2022 16:15 | B73: 0.5 | C73: 31.78 | D73: 32.28 | E73: 5.93 | F73: 7.73 | G73: 118.92 | H73: 46.48 | I73: Maint. | J73: 1.99 | K73: 351.23 | L73: 45.24 | M73: 18.75 | N73: 385.7 | O73: 0 | P73: 1.81 | Q73: 61.64
A74: 06-06-2022 16:30 | B74: 0.53 | C74: 32.48 | D74: 33 | E74: 5.68 | F74: 7.25 | G74: 117.57 | H74: 48.04 | I74: Maint. | J74: 1.22 | K74: 176.39 | L74: 44.12 | M74: 18.61 | N74: 356 | O74: 0 | P74: 1.82 | Q74: 66.3
A75: 06-06-2022 16:45 | B75: 0.41 | C75: 28.94 | D75: 29.35 | E75: 5.21 | F75: 10.71 | G75: 117.57 | H75: 48.04 | I75: 0.04 | J75: 0.6 | K75: 227.57 | L75: 43.88 | M75: 19.86 | N75: 221 | O75: 0 | P75: 1.78 | Q75: 58.31
A76: 06-06-2022 17:00 | B76: 0.17 | C76: 26.71 | D76: 26.88 | E76: 4.49 | F76: 10.95 | G76: 117.57 | H76: 48.04 | I76: 0.06 | J76: 2.2 | K76: 189.16 | L76: 43.28 | M76: 21.86 | N76: 199 | O76: 0 | P76: 1.76 | Q76: 56.31
A77: 06-06-2022 17:15 | B77: 0.21 | C77: 24.57 | D77: 24.78 | E77: 4.5 | F77: 7.06 | G77: 116.66 | H77: 46.49 | I77: Z.Ref | J77: 3.31 | K77: 185.69 | L77: 42.31 | M77: 25.4 | N77: 131.5 | O77: 0 | P77: 1.72 | Q77: 77.7
A78: 06-06-2022 17:30 | B78: 0.24 | C78: 22.79 | D78: 23.04 | E78: 4.19 | F78: 6.34 | G78: 114.72 | H78: 41.71 | I78: Z.Ref | J78: 3.06 | K78: 187.35 | L78: 41.3 | M78: 27.64 | N78: 97.1 | O78: 0 | P78: 1.7 | Q78: 91.8
A79: 06-06-2022 17:45 | B79: 0.18 | C79: 24.41 | D79: 24.59 | E79: 4.21 | F79: 14.67 | G79: 114.72 | H79: 41.71 | I79: Z.Ref | J79: 2.71 | K79: 197.48 | L79: 40.88 | M79: 28.76 | N79: 91.8 | O79: 0 | P79: 1.65 | Q79: 119.56
A80: 06-06-2022 18:00 | B80: 0.05 | C80: 23.95 | D80: 24 | E80: 3.26 | F80: 15.33 | G80: 114.72 | H80: 41.71 | I80: Z.Ref | J80: 2.36 | K80: 203.11 | L80: 40.63 | M80: 28.65 | N80: 79.4 | O80: 0 | P80: 1.62 | Q80: 100.74
A81: 06-06-2022 18:15 | B81: 0.03 | C81: 25.16 | D81: 25.18 | E81: 2.87 | F81: 12.78 | G81: 116.52 | H81: 42.61 | I81: 0.09 | J81: 1.91 | K81: 222.15 | L81: 40.11 | M81: 30.41 | N81: 54.8 | O81: 0 | P81: 1.62 | Q81: 111.4
A82: 06-06-2022 18:30 | B82: 0.09 | C82: 26.73 | D82: 26.82 | E82: 3.28 | F82: 7.98 | G82: 120.39 | H82: 45.24 | I82: 1.09 | J82: 1.71 | K82: 213.59 | L82: 39.55 | M82: 31.57 | N82: 35 | O82: 0 | P82: 1.62 | Q82: 112.96
A83: 06-06-2022 18:45 | B83: 0.19 | C83: 26.55 | D83: 26.75 | E83: 3.21 | F83: 5.11 | G83: 120.39 | H83: 45.24 | I83: 3.75 | J83: 1.97 | K83: 208.31 | L83: 39.49 | M83: 31.3 | N83: 19.8 | O83: 0 | P83: 1.63 | Q83: 90.42
A84: 06-06-2022 19:00 | B84: 0.34 | C84: 26.6 | D84: 26.94 | E84: 2.23 | F84: 4.33 | G84: 120.39 | H84: 45.24 | I84: 4 | J84: 1.93 | K84: 197.97 | L84: 39.08 | M84: 32.98 | N84: 10.9 | O84: 0 | P84: 1.64 | Q84: 83.5
A85: 06-06-2022 19:15 | B85: 0.35 | C85: 26.57 | D85: 26.92 | E85: 4.58 | F85: 4.04 | G85: 120.37 | H85: 44.56 | I85: 4.09 | J85: 1.39 | K85: 204.36 | L85: 39.15 | M85: 36.08 | N85: 10.4 | O85: 0 | P85: 1.66 | Q85: 81.16
A86: 06-06-2022 19:30 | B86: 0.39 | C86: 27.68 | D86: 28.06 | E86: 4.67 | F86: 3.47 | G86: 120.32 | H86: 42.45 | I86: 4.18 | J86: 1.85 | K86: 195.75 | L86: 38.41 | M86: 34.5 | N86: 11.7 | O86: 0 | P86: 1.67 | Q86: 82.5
A87: 06-06-2022 19:45 | B87: 0.45 | C87: 28.26 | D87: 28.7 | E87: 5.08 | F87: 3.27 | G87: 120.32 | H87: 42.45 | I87: 4.27 | J87: 2.35 | K87: 185.72 | L87: 38.54 | M87: 34.68 | N87: 11.8 | O87: 0 | P87: 1.69 | Q87: 81.91
A88: 06-06-2022 20:00 | B88: 0.46 | C88: 28.84 | D88: 29.3 | E88: 5.36 | F88: 3.03 | G88: 120.32 | H88: 42.45 | I88: 4.46 | J88: 2.43 | K88: 177.68 | L88: 41.33 | M88: 35.41 | N88: 12.2 | O88: 0 | P88: 1.71 | Q88: 81.16
A89: 06-06-2022 20:15 | B89: 0.54 | C89: 30.5 | D89: 31.04 | E89: 5.72 | F89: 2.95 | G89: 118.34 | H89: 41.99 | I89: 4.59 | J89: 1.97 | K89: 203.52 | L89: 41 | M89: 35.5 | N89: 13 | O89: 0 | P89: 1.74 | Q89: 79.48
A90: 06-06-2022 20:30 | B90: 0.59 | C90: 31.11 | D90: 31.69 | E90: 5.49 | F90: 2.74 | G90: 114.09 | H90: 40.66 | I90: 4.74 | J90: 2.58 | K90: 178.12 | L90: 41 | M90: 36.28 | N90: 13.6 | O90: 0 | P90: 1.74 | Q90: 83.32
A91: 06-06-2022 20:45 | B91: 0.57 | C91: 31.48 | D91: 32.05 | E91: 5.88 | F91: 2.71 | G91: 114.09 | H91: 40.66 | I91: 4.91 | J91: 2.36 | K91: 190.22 | L91: 40.09 | M91: 37.42 | N91: 14 | O91: 0 | P91: 1.74 | Q91: 81.85
A92: 06-06-2022 21:00 | B92: 0.57 | C92: 30.82 | D92: 31.38 | E92: 5.82 | F92: 3.08 | G92: 114.09 | H92: 40.66 | I92: 5.03 | J92: 2.12 | K92: 194 | L92: 41.4 | M92: 38.36 | N92: 42.9 | O92: 0 | P92: 1.74 | Q92: 101.68
... A104: 06-06-2022 24:00 | B104: 0.67 | C104: 24.03 | D104: 24.7 | E104: 6.5 | F104: 1.85 | G104: 109.54 | H104: 42.99 | I104: 4.93 | J104: 1.92 | K104: 203.45 | L104: 38.68 | M104: 46.49 | N104: 49 | O104: 0 | P104: 1.66 | Q104: 78.16
A106: Min | B106: =MIN(B9:B104) -> 0.03 | C106: =MIN(C9:C104) -> 22.79 | D106: =MIN(D9:D104) -> 23.04 | E106: =MIN(E9:E104) -> 2.23 | F106: =MIN(F9:F104) -> 0.09 | G106: =MIN(G9:G104) -> 95.77 | H106: =MIN(H9:H104) -> 30.09 | I106: =MIN(I9:I104) -> 0.01 | ... Q106: =MIN(Q9:Q104) -> 39.89
A107: Max | B107: =MAX(B9:B104) -> 3.46 | C107: =MAX(C9:C104) -> 40.8 | D107: =MAX(D9:D104) -> 43.3 | E107: =MAX(E9:E104) -> 7.45 | F107: =MAX(F9:F104) -> 15.33 | G107: =MAX(G9:G104) -> 172.28 | H107: =MAX(H9:H104) -> 50.82 | I107: =MAX(I9:I104) -> 9.84 | ... Q107: =MAX(Q9:Q104) -> 119.56
A108: Avg | B108: =AVERAGE(B9:B104) -> 0.96 | C108: =AVERAGE(C9:C104) -> 29.571146 | D108: =AVERAGE(D9:D104) -> 30.530521 | E108: =AVERAGE(E9:E104) -> 5.9338542 | F108: =AVERAGE(F9:F104) -> 3.8315625 | G108: =AVERAGE(G9:G104) -> 116.03667 | H108: =AVERAGE(H9:H104) -> 40.847396 | I108: =AVERAGE(I9:I104) -> 5.3436145 | ... Q108: =AVERAGE(Q9:Q104) -> 68.604583
A109: Stdev | B109: =STDEV(B9:B104) -> 0.8381408 | C109: =STDEV(C9:C104) -> 3.9833101 | D109: =STDEV(D9:D104) -> 4.2449225 | E109: =STDEV(E9:E104) -> 1.209912 | F109: =STDEV(F9:F104) -> 3.2800826 | G109: =STDEV(G9:G104) -> 12.985311 | H109: =STDEV(H9:H104) -> 5.6467618 | I109: =STDEV(I9:I104) -> 2.0810085 | ... Q109: =STDEV(Q9:Q104) -> 14.525891
A110: Num | B110: =COUNT(B9:B104) -> 96 | C110: =COUNT(C9:C104) -> 96 | D110: =COUNT(D9:D104) -> 96 | E110: =COUNT(E9:E104) -> 96 | F110: =COUNT(F9:F104) -> 96 | G110: =COUNT(G9:G104) -> 96 | H110: 96 | I110: 96 | J110: 96 | K110: =COUNT(K9:K104) -> 96 | L110: =COUNT(L9:L104) -> 96 | M110: =COUNT(M9:M104) -> 96 | N110: =COUNT(N9:N104) -> 96 | O110: =COUNT(O9:O104) -> 96 | P110: =COUNT(P9:P104) -> 96 | Q110: =COUNT(Q9:Q104) -> 96
A111: DCR | B111: =IF(B110>=87,">90%",IF(B110<=87,"<90%")) -> >90% | C111: =IF(C110>=87,">90%",IF(C110<=87,"<90%")) -> >90% | D111: =IF(D110>=87,">90%",IF(D110<=87,"<90%")) -> >90% | E111: =IF(E110>=87,">90%",IF(E110<=87,"<90%")) -> >90% | F111: =IF(F110>=87,">90%",IF(F110<=87,"<90%")) -> >90% | G111: =IF(G110>=87,">90%",IF(G110<=87,"<90%")) -> >90% | H111: =IF(H110>=87,">90%",IF(H110<=87,"<90%")) -> >90% | I111: =IF(I110>=87,">90%",IF(I110<=87,"<90%")) -> >90% | ... Q111: =IF(Q110>=87,">90%",IF(Q110<=87,"<90%")) -> >90%
A112: Status | B112: =IF(B110>=87,"OK",IF(B110<=87,"LESS")) -> OK | C112: =IF(C110>=87,"OK",IF(C110<=87,"LESS")) -> OK | D112: =IF(D110>=87,"OK",IF(D110<=87,"LESS")) -> OK | E112: =IF(E110>=87,"OK",IF(E110<=87,"LESS")) -> OK | F112: =IF(F110>=87,"OK",IF(F110<=87,"LESS")) -> OK | G112: =IF(G110>=87,"OK",IF(G110<=87,"LESS")) -> OK | H112: =IF(H110>=87,"OK",IF(H110<=87,"LESS")) -> OK | I112: =IF(I110>=87,"OK",IF(I110<=87,"LESS")) -> OK | ... Q112: =IF(Q110>=87,"OK",IF(Q110<=87,"LESS")) -> OK
A115: Done by | B115: SUROJIT
A117: Comment

Sheet 07
A1: Station: | B1: BHATAGAON RAIPUR
A2: Date: | B2: =$A$9 -> 07-06-2022 00:15 | D2: Power Off | G2: Pw.Off | L2: Link Fail | N2: Link F | P2: Maintenance | R2: Maint.
A3: Report Type: | B3: Mean | D3: Calibration | G3: Calib. | L3: Data Fail | N3: Data F | P3: Invalid | R3: Invalid
A4: Time Base: | B4: 15 Min | D4: Zero Referrence | G4: Z.Ref | L4: Warm Up | N4: Wm. Up
A7: Date & Time | B7: NO_BHATAGAON | C7: NO2__BHATAGAON | D7: NOX_BHATAGAON | E7: SO2__BHATAGAON | F7: O3__BHATAGAON | G7: PM10__BHATAGAON | H7: PM2_5__BHATAGAON | I7: BENZ__BHATAGAON | J7: WS__BHATAGAON | K7: WD__BHATAGAON | L7: TEMP__BHATAGAON | M7: HUM__BHATAGAON | N7: SR__BHATAGAON | O7: RG__BHATAGAON | P7: CO__BHATAGAON | Q7: NH3__BHATAGAON
B8: ug/m3 | C8: ug/m3 | D8: ug/m3 | E8: ug/m3 | F8: ug/m3 | G8: ug/m3 | H8: ug/m3 | I8: ug/m3 | J8: m/sec | K8: deg | L8: degreC | M8: % | N8: w/m2 | O8: mm | P8: mg/m3 | Q8: ug/m3
A9: 07-06-2022 00:15 | B9: 0.67 | C9: 24.09 | D9: 24.76 | E9: 6.63 | F9: 1.7 | G9: 103.98 | H9: 41.51 | I9: 4.84 | J9: 1.63 | K9: 200.72 | L9: 41.77 | M9: 47.74 | N9: 49.2 | O9: 0 | P9: 1.65 | Q9: 74.63
A10: 07-06-2022 00:30 | B10: 0.7 | C10: 24.81 | D10: 25.51 | E10: 6.73 | F10: 1.95 | G10: 92.07 | H10: 37.21 | I10: 4.77 | J10: 2.18 | K10: 175.77 | L10: 45.63 | M10: 49.33 | N10: 48.9 | O10: 0 | P10: 1.63 | Q10: 76.92
A11: 07-06-2022 00:45 | B11: 0.68 | C11: 23.9 | D11: 24.57 | E11: 6.86 | F11: 1.98 | G11: 92.07 | H11: 37.21 | I11: 4.7 | J11: 1.47 | K11: 208.91 | L11: 43.92 | M11: 50.52 | N11: 49.4 | O11: 0 | P11: 1.63 | Q11: 77.49
A12: 07-06-2022 01:00 | B12: 0.65 | C12: 23.33 | D12: 23.98 | E12: 6.9 | F12: 2.06 | G12: 92.07 | H12: 37.21 | I12: 4.59 | J12: 1.47 | K12: 209.73 | L12: 39.86 | M12: 51.47 | N12: 53.9 | O12: 0 | P12: 1.62 | Q12: 76.03
A13: 07-06-2022 01:15 | B13: 0.65 | C13: 23.29 | D13: 23.94 | E13: 6.63 | F13: 1.89 | G13: 90.59 | H13: 35.83 | I13: 4.68 | J13: 1.72 | K13: 215.21 | L13: 41.04 | M13: 52.29 | N13: 70.6 | O13: 0 | P13: 1.61 | Q13: 77.37
A14: 07-06-2022 01:30 | B14: 0.7 | C14: 20.04 | D14: 20.74 | E14: 7.08 | F14: 2.14 | G14: 83.93 | H14: 31.56 | I14: 4.64 | J14: 1.34 | K14: 180.72 | L14: 35.05 | M14: 53.68 | N14: 90.9 | O14: 0 | P14: 1.61 | Q14: 78.56
A15: 07-06-2022 01:45 | B15: 0.8 | C15: 16.88 | D15: 17.68 | E15: 6.86 | F15: 1.66 | G15: 83.93 | H15: 31.56 | I15: 4.66 | J15: 1.16 | K15: 218.62 | L15: 38.75 | M15: 54.14 | N15: 81.9 | O15: 0 | P15: 1.61 | Q15: 54.99
A16: 07-06-2022 02:00 | B16: 0.92 | C16: 17.01 | D16: 17.92 | E16: 7 | F16: 1.31 | G16: 83.93 | H16: 31.56 | I16: 4.56 | J16: 1.64 | K16: 217.68 | L16: 39.91 | M16: 54.82 | N16: 83.1 | O16: 0 | P16: 1.6 | Q16: 51.79
A17: 07-06-2022 02:15 | B17: 1.02 | C17: 17.73 | D17: 18.75 | E17: 7.04 | F17: 1.19 | G17: 81.15 | H17: 31.77 | I17: 4.58 | J17: 2.04 | K17: 179.38 | L17: 41.09 | M17: 55.01 | N17: 110.2 | O17: 0 | P17: 1.6 | Q17: 53.32
A18: 07-06-2022 02:30 | B18: 1.1 | C18: 18.54 | D18: 19.64 | E18: 7.47 | F18: 1.12 | G18: 75.21 | H18: 32.43 | I18: 4.65 | J18: 2.61 | K18: 160.9 | L18: 39.01 | M18: 55.44 | N18: 124.3 | O18: 0 | P18: 1.59 | Q18: 56.83
A19: 07-06-2022 02:45 | B19: 1.15 | C19: 18.27 | D19: 19.42 | E19: 7.58 | F19: 1.05 | G19: 75.21 | H19: 32.43 | I19: 4.66 | J19: 2.04 | K19: 168.29 | L19: 38.19 | M19: 55.39 | N19: 114.9 | O19: 0 | P19: 1.6 | Q19: 58.13
A20: 07-06-2022 03:00 | B20: 1.23 | C20: 18.23 | D20: 19.46 | E20: 3.36 | F20: 1.03 | G20: 75.21 | H20: 32.43 | I20: 4.7 | J20: 2.13 | K20: 176.5 | L20: 38.39 | M20: 55.28 | N20: 101 | O20: 0 | P20: 1.59 | Q20: 57.62
... A60: 07-06-2022 13:00 | B60: 1.06 | C60: 43.56 | D60: 44.62 | E60: 6 | F60: 5.64 | G60: 122.99 | H60: 45.02 | I60: 0.89 | J60: 1.95 | K60: 350.31 | L60: 54.97 | M60: 16.1 | N60: 1084.5 | O60: 0 | P60: 2.05 | Q60: 73.03
A61: 07-06-2022 13:15 | B61: 1.11 | C61: 44.33 | D61: 45.45 | E61: 6.06 | F61: 5.76 | G61: 122.83 | H61: 43.84 | I61: Z.Ref | J61: 2.23 | K61: 340.09 | L61: 52.15 | M61: 15.84 | N61: 990.7 | O61: 0 | P61: 2.05 | Q61: 73.22
A62: 07-06-2022 13:30 | B62: 1.05 | C62: 44.66 | D62: 45.71 | E62: 5.76 | F62: 5.98 | G62: 121.82 | H62: 40.16 | I62: Z.Ref | J62: 2.23 | K62: 322.88 | L62: 51.35 | M62: 15 | N62: 987.1 | O62: 0 | P62: 2.02 | Q62: 74.6
A63: 07-06-2022 13:45 | B63: 0.99 | C63: 43.83 | D63: 44.83 | E63: 5.21 | F63: 6.09 | G63: 121.82 | H63: 40.16 | I63: Z.Ref | J63: 2.43 | K63: 25.27 | L63: 52.28 | M63: 13.62 | N63: 779.9 | O63: 0 | P63: 1.98 | Q63: 77
A64: 07-06-2022 14:00 | B64: 1.16 | C64: 42.96 | D64: 44.12 | E64: 5.6 | F64: 5.35 | G64: 121.82 | H64: 40.16 | I64: Z.Ref | J64: 2.17 | K64: 344.23 | L64: 49.91 | M64: 14.84 | N64: 985.6 | O64: 0 | P64: 1.93 | Q64: 77.88
A65: 07-06-2022 14:15 | B65: 1.31 | C65: 43.18 | D65: 44.49 | E65: 5.77 | F65: 8.47 | G65: 123.18 | H65: 38.39 | I65: Z.Ref | J65: 3.01 | K65: 3.2 | L65: 51.55 | M65: 13.45 | N65: 901.5 | O65: 0 | P65: 1.92 | Q65: 78.55
A66: 07-06-2022 14:30 | B66: 1.15 | C66: 43.46 | D66: 44.61 | E66: 5.65 | F66: 6.53 | G66: 126.1 | H66: 32.92 | I66: Z.Ref | J66: 2.52 | K66: 326.95 | L66: 50.12 | M66: 14.22 | N66: 403.6 | O66: 0 | P66: 1.88 | Q66: 77.74
A67: 07-06-2022 14:45 | B67: 1.7 | C67: 43.83 | D67: 45.53 | E67: 5.61 | F67: 5.3 | G67: 126.1 | H67: 32.92 | I67: Z.Ref | J67: 2.6 | K67: 343.82 | L67: 51.01 | M67: 15.87 | N67: 330.7 | O67: 0 | P67: 1.91 | Q67: 94.9
A68: 07-06-2022 15:00 | B68: 3.17 | C68: 48.69 | D68: 51.86 | E68: 2.2 | F68: 4.89 | G68: 126.1 | H68: 32.92 | I68: Z.Ref | J68: 1.56 | K68: 333.75 | L68: 47.6 | M68: 15.36 | N68: 736.1 | O68: 0 | P68: 1.98 | Q68: 77.27
A69: 07-06-2022 15:15 | B69: 2.53 | C69: 56.13 | D69: 58.66 | E69: 4.72 | F69: 6.24 | G69: 123.27 | H69: 33.85 | I69: 0.06 | J69: 0.77 | K69: 21.1 | L69: 52.35 | M69: 14.42 | N69: 878.7 | O69: 0 | P69: 1.87 | Q69: 93.44
A70: 07-06-2022 15:30 | B70: 1.59 | C70: 55.01 | D70: 56.6 | E70: 3.98 | F70: 6.67 | G70: 117.19 | H70: 36.75 | I70: 0.9 | J70: 3.09 | K70: 344.89 | L70: 53.1 | M70: 12.86 | N70: 757.3 | O70: 0 | P70: 1.81 | Q70: 102.88
A71: 07-06-2022 15:45 | B71: 1.78 | C71: 50.88 | D71: 52.66 | E71: 4.01 | F71: 3.73 | G71: 117.19 | H71: 36.75 | I71: 4.02 | J71: 2.73 | K71: 325.96 | L71: 57.93 | M71: 12.89 | N71: 687.5 | O71: 0 | P71: 1.8 | Q71: 110.5
A72: 07-06-2022 16:00 | B72: 2.41 | C72: 46.8 | D72: 49.21 | E72: 4.59 | F72: 2.56 | G72: 117.19 | H72: 36.75 | I72: 4.61 | J72: 2.19 | K72: 321.95 | L72: 59.59 | M72: 12.54 | N72: 612.3 | O72: 0 | P72: 1.79 | Q72: 116.9
A73: 07-06-2022 16:15 | B73: 2.58 | C73: 44 | D73: 46.58 | E73: 4.94 | F73: 2.51 | G73: 112.91 | H73: 34.69 | I73: 4.35 | J73: 3 | K73: 342.28 | L73: 55.18 | M73: 13.48 | N73: 491.3 | O73: 0 | P73: 1.75 | Q73: 123.85
A74: 07-06-2022 16:30 | B74: 2.65 | C74: 43.46 | D74: 46.11 | E74: 4.61 | F74: 3.09 | G74: 103.75 | H74: 28.33 | I74: 4.51 | J74: 2.15 | K74: 52.93 | L74: 48.51 | M74: 13.75 | N74: 454.1 | O74: 0 | P74: 1.75 | Q74: 132.21
A75: 07-06-2022 16:45 | B75: 2.32 | C75: 42.67 | D75: 44.99 | E75: 5.09 | F75: 2.86 | G75: 103.75 | H75: 28.33 | I75: 4.4 | J75: 1.65 | K75: 316.43 | L75: 47.99 | M75: 15.5 | N75: 373.6 | O75: 0 | P75: 1.72 | Q75: 137.47
A76: 07-06-2022 17:00 | B76: 2.77 | C76: 41.93 | D76: 44.69 | E76: 5.11 | F76: 2.59 | G76: 103.75 | H76: 28.33 | I76: 4.3 | J76: 2.18 | K76: 332.68 | L76: 46.42 | M76: 14.28 | N76: 352.1 | O76: 0 | P76: 1.74 | Q76: 130.65
A77: 07-06-2022 17:15 | B77: 4.21 | C77: 42.18 | D77: 46.39 | E77: 4.95 | F77: 2.1 | G77: 105.2 | H77: 28.55 | I77: 4.83 | J77: 2.22 | K77: 337.47 | L77: 52.9 | M77: 15.57 | N77: 333.3 | O77: 0 | P77: 1.84 | Q77: 131.48
A78: 07-06-2022 17:30 | B78: 5.87 | C78: 43.02 | D78: 48.9 | E78: 5.18 | F78: 1.96 | G78: 108.31 | H78: 29.2 | I78: 4.94 | J78: 2.64 | K78: 318.77 | L78: 52.61 | M78: 17.2 | N78: 200.1 | O78: 0 | P78: 1.86 | Q78: 133.38
A79: 07-06-2022 17:45 | B79: 7.57 | C79: 44.44 | D79: 52.02 | E79: 5.11 | F79: 2.27 | G79: 108.31 | H79: 29.2 | I79: 5.18 | J79: 2.58 | K79: 314.18 | L79: 48.05 | M79: 25.8 | N79: 211.1 | O79: 0 | P79: 1.94 | Q79: 134.3
A80: 07-06-2022 18:00 | B80: 9.45 | C80: 47.66 | D80: 57.11 | E80: 5.07 | F80: 1.76 | G80: 108.31 | H80: 29.2 | I80: 5.29 | J80: 2.2 | K80: 328.78 | L80: 44.02 | M80: 26.68 | N80: 204.1 | O80: 0 | P80: 2.02 | Q80: 132.24
... A104: 07-06-2022 24:00 | B104: 170.03 | C104: 57.57 | D104: 227.6 | E104: 7.97 | F104: 0.41 | G104: 339.32 | H104: 78.42 | I104: 23.34 | J104: 0.31 | K104: 241.43 | L104: 51.38 | M104: 37.07 | N104: 275.7 | O104: 0 | P104: 4.88 | Q104: 146.91
A106: Min | B106: =MIN(B9:B104) -> 0.65 | C106: =MIN(C9:C104) -> 16.88 | D106: =MIN(D9:D104) -> 17.68 | E106: =MIN(E9:E104) -> 2.2 | F106: =MIN(F9:F104) -> 0.07 | G106: =MIN(G9:G104) -> 70.96 | H106: =MIN(H9:H104) -> 25.16 | I106: =MIN(I9:I104) -> 0.06 | ... Q106: =MIN(Q9:Q104) -> 38.71
A107: Max | B107: =MAX(B9:B104) -> 175.42 | C107: =MAX(C9:C104) -> 67.57 | D107: =MAX(D9:D104) -> 238.74 | E107: =MAX(E9:E104) -> 8.38 | F107: =MAX(F9:F104) -> 8.47 | G107: =MAX(G9:G104) -> 378.46 | H107: =MAX(H9:H104) -> 78.42 | I107: =MAX(I9:I104) -> 23.6 | ... Q107: =MAX(Q9:Q104) -> 186.45
A108: Avg | B108: =AVERAGE(B9:B104) -> 29.448542 | C108: =AVERAGE(C9:C104) -> 40.089271 | D108: =AVERAGE(D9:D104) -> 69.537188 | E108: =AVERAGE(E9:E104) -> 6.0516667 | F108: =AVERAGE(F9:F104) -> 2.3060417 | G108: =AVERAGE(G9:G104) -> 146.70552 | H108: =AVERAGE(H9:H104) -> 41.748958 | I108: =AVERAGE(I9:I104) -> 8.40375 | ... Q108: =AVERAGE(Q9:Q104) -> 96.119896
A109: Stdev | B109: =STDEV(B9:B104) -> 55.023034 | C109: =STDEV(C9:C104) -> 16.200808 | D109: =STDEV(D9:D104) -> 67.948854 | E109: =STDEV(E9:E104) -> 1.3217243 | F109: =STDEV(F9:F104) -> 1.8003178 | G109: =STDEV(G9:G104) -> 91.731945 | H109: =STDEV(H9:H104) -> 13.464228 | I109: =STDEV(I9:I104) -> 6.2156405 | ... Q109: =STDEV(Q9:Q104) -> 44.566901
A110: Num | B110: =COUNT(B9:B104) -> 96 | C110: =COUNT(C9:C104) -> 96 | D110: =COUNT(D9:D104) -> 96 | E110: =COUNT(E9:E104) -> 96 | F110: =COUNT(F9:F104) -> 96 | G110: =COUNT(G9:G104) -> 96 | H110: 96 | I110: 96 | J110: 96 | K110: =COUNT(K9:K104) -> 96 | L110: =COUNT(L9:L104) -> 96 | M110: =COUNT(M9:M104) -> 96 | N110: =COUNT(N9:N104) -> 96 | O110: =COUNT(O9:O104) -> 96 | P110: =COUNT(P9:P104) -> 96 | Q110: =COUNT(Q9:Q104) -> 96
A111: DCR | B111: =IF(B110>=87,">90%",IF(B110<=87,"<90%")) -> >90% | C111: =IF(C110>=87,">90%",IF(C110<=87,"<90%")) -> >90% | D111: =IF(D110>=87,">90%",IF(D110<=87,"<90%")) -> >90% | E111: =IF(E110>=87,">90%",IF(E110<=87,"<90%")) -> >90% | F111: =IF(F110>=87,">90%",IF(F110<=87,"<90%")) -> >90% | G111: =IF(G110>=87,">90%",IF(G110<=87,"<90%")) -> >90% | H111: =IF(H110>=87,">90%",IF(H110<=87,"<90%")) -> >90% | I111: =IF(I110>=87,">90%",IF(I110<=87,"<90%")) -> >90% | ... Q111: =IF(Q110>=87,">90%",IF(Q110<=87,"<90%")) -> >90%
A112: Status | B112: =IF(B110>=87,"OK",IF(B110<=87,"LESS")) -> OK | C112: =IF(C110>=87,"OK",IF(C110<=87,"LESS")) -> OK | D112: =IF(D110>=87,"OK",IF(D110<=87,"LESS")) -> OK | E112: =IF(E110>=87,"OK",IF(E110<=87,"LESS")) -> OK | F112: =IF(F110>=87,"OK",IF(F110<=87,"LESS")) -> OK | G112: =IF(G110>=87,"OK",IF(G110<=87,"LESS")) -> OK | H112: =IF(H110>=87,"OK",IF(H110<=87,"LESS")) -> OK | I112: =IF(I110>=87,"OK",IF(I110<=87,"LESS")) -> OK | ... Q112: =IF(Q110>=87,"OK",IF(Q110<=87,"LESS")) -> OK
A115: Done by | B115: SUROJIT
A117: Comment

Sheet 08
A1: Station: | B1: BHATAGAON RAIPUR
A2: Date: | B2: =$A$9 -> 08-06-2022 00:15 | D2: Power Off | G2: Pw.Off | L2: Link Fail | N2: Link F | P2: Maintenance | R2: Maint.
A3: Report Type: | B3: Mean | D3: Calibration | G3: Calib. | L3: Data Fail | N3: Data F | P3: Invalid | R3: Invalid
A4: Time Base: | B4: 15 Min | D4: Zero Referrence | G4: Z.Ref | L4: Warm Up | N4: Wm. Up
A7: Date & Time | B7: NO_BHATAGAON | C7: NO2__BHATAGAON | D7: NOX_BHATAGAON | E7: SO2__BHATAGAON | F7: O3__BHATAGAON | G7: PM10__BHATAGAON | H7: PM2_5__BHATAGAON | I7: BENZ__BHATAGAON | J7: WS__BHATAGAON | K7: WD__BHATAGAON | L7: TEMP__BHATAGAON | M7: HUM__BHATAGAON | N7: SR__BHATAGAON | O7: RG__BHATAGAON | P7: CO__BHATAGAON | Q7: NH3__BHATAGAON
B8: ug/m3 | C8: ug/m3 | D8: ug/m3 | E8: ug/m3 | F8: ug/m3 | G8: ug/m3 | H8: ug/m3 | I8: ug/m3 | J8: m/sec | K8: deg | L8: degreC | M8: % | N8: w/m2 | O8: mm | P8: mg/m3 | Q8: ug/m3
A9: 08-06-2022 00:15 | B9: 159.55 | C9: 59.64 | D9: 219.19 | E9: 7.82 | F9: 0.19 | G9: 308.87 | H9: 78.07 | I9: 22.69 | J9: 0.86 | K9: 113.12 | L9: 54.15 | M9: 34.45 | N9: 270 | O9: 0 | P9: 4.7 | Q9: 154.03
A10: 08-06-2022 00:30 | B10: 146.42 | C10: 59.34 | D10: 205.76 | E10: 8.25 | F10: 0.02 | G10: 243.64 | H10: 77.07 | I10: 22.15 | J10: 2.65 | K10: 161.1 | L10: 36.35 | M10: 31.01 | N10: 264.5 | O10: 0 | P10: 4.5 | Q10: 155.44
A11: 08-06-2022 00:45 | B11: 133.42 | C11: 56.64 | D11: 190.06 | E11: 7.66 | F11: 0.09 | G11: 243.64 | H11: 77.07 | I11: 21.27 | J11: 1.02 | K11: 192.84 | L11: 35.04 | M11: 31.99 | N11: 280 | O11: 0 | P11: 4.28 | Q11: 149.6
A12: 08-06-2022 01:00 | B12: 120.96 | C12: 54.67 | D12: 175.64 | E12: 8.12 | F12: 0.15 | G12: 243.64 | H12: 77.07 | I12: 20.38 | J12: 0.97 | K12: 259.99 | L12: 51.19 | M12: 32.64 | N12: 212.2 | O12: 0 | P12: 4.07 | Q12: 142.67
A13: 08-06-2022 01:15 | B13: 109.7 | C13: 53.65 | D13: 163.35 | E13: 7.9 | F13: 0.68 | G13: 221.47 | H13: 73.49 | I13: 19.25 | J13: 1.1 | K13: 271.77 | L13: 41.17 | M13: 30.88 | N13: 204.5 | O13: 0 | P13: 3.92 | Q13: 138.5
A14: 08-06-2022 01:30 | B14: 99.75 | C14: 53.59 | D14: 153.34 | E14: 7.91 | F14: 0.67 | G14: 121.74 | H14: 62.42 | I14: 18.42 | J14: 1.86 | K14: 173.62 | L14: 42.42 | M14: 31.84 | N14: 161.1 | O14: 0 | P14: 3.75 | Q14: 143.85
A15: 08-06-2022 01:45 | B15: 87.62 | C15: 50.83 | D15: 138.45 | E15: 7.99 | F15: 0.84 | G15: 121.74 | H15: 62.42 | I15: 17.65 | J15: 1.33 | K15: 246.55 | L15: 46.58 | M15: 34.31 | N15: 132.5 | O15: 0 | P15: 3.54 | Q15: 148.3
A16: 08-06-2022 02:00 | B16: 76.47 | C16: 47.89 | D16: 124.36 | E16: 7.81 | F16: 0.51 | G16: 121.74 | H16: 62.42 | I16: 16.74 | J16: 1.12 | K16: 220.28 | L16: 55.29 | M16: 33.95 | N16: 139.4 | O16: 0 | P16: 3.35 | Q16: 139.87
A17: 08-06-2022 02:15 | B17: 66.29 | C17: 45.73 | D17: 112.02 | E17: 7.52 | F17: 0.4 | G17: 110.71 | H17: 59.3 | I17: 15.78 | J17: 1.42 | K17: 212.79 | L17: 40.95 | M17: 33.57 | N17: 119.8 | O17: 0 | P17: 3.2 | Q17: 131.49
A18: 08-06-2022 02:30 | B18: 57.12 | C18: 43.88 | D18: 101 | E18: 7.11 | F18: 0.23 | G18: 87.09 | H18: 49.68 | I18: 14.84 | J18: 0.39 | K18: 178.58 | L18: 58.25 | M18: 35.73 | N18: 133.5 | O18: 0 | P18: 3.08 | Q18: 124.6
A19: 08-06-2022 02:45 | B19: 48.97 | C19: 41.84 | D19: 90.8 | E19: 7.15 | F19: 0.3 | G19: 87.09 | H19: 49.68 | I19: 14.01 | J19: 0.56 | K19: 82.48 | L19: 65.02 | M19: 38.57 | N19: 187.4 | O19: 0 | P19: 2.93 | Q19: 119.57
A20: 08-06-2022 03:00 | B20: 42.24 | C20: 40.04 | D20: 82.28 | E20: 3.37 | F20: 0.27 | G20: 87.09 | H20: 49.68 | I20: 13.35 | J20: 1.03 | K20: 282.02 | L20: 63.66 | M20: 42.91 | N20: 165.9 | O20: 0 | P20: 2.85 | Q20: 115.06
... A73: 08-06-2022 16:15 | B73: 2.34 | C73: 35.2 | D73: 37.53 | E73: 6.02 | F73: 2.56 | G73: 116.1 | H73: 35.05 | I73: 5.16 | J73: 2.68 | K73: 331.81 | L73: 43.57 | M73: 15.31 | N73: 217.6 | O73: 0 | P73: 1.81 | Q73: 149.03
A74: 08-06-2022 16:30 | B74: 3.48 | C74: 36.47 | D74: 39.95 | E74: 5.65 | F74: 2.58 | G74: Calib. | H74: 17.34 | I74: 4.94 | J74: 2.41 | K74: 320.27 | L74: 43.44 | M74: 16.54 | N74: 281.4 | O74: 0 | P74: 1.83 | Q74: 149.44
A75: 08-06-2022 16:45 | B75: 2.98 | C75: 39.2 | D75: 42.18 | E75: 5.1 | F75: 5.52 | G75: Calib. | H75: Calib. | I75: 4.75 | J75: 3.27 | K75: 323.83 | L75: 43.23 | M75: 15.88 | N75: 168.9 | O75: 0 | P75: 1.8 | Q75: 145.83
A76: 08-06-2022 17:00 | B76: 1.73 | C76: 39.92 | D76: 41.65 | E76: 4.45 | F76: 6.88 | G76: Calib. | H76: Calib. | I76: 4.66 | J76: 3.45 | K76: 316.49 | L76: 42.51 | M76: 15.19 | N76: 140.7 | O76: 0 | P76: 1.76 | Q76: 137.15
A77: 08-06-2022 17:15 | B77: 1.39 | C77: 38.5 | D77: 39.89 | E77: 3.82 | F77: 4.18 | G77: Calib. | H77: Calib. | I77: 4.25 | J77: 3.11 | K77: 314.85 | L77: 41.74 | M77: 16.21 | N77: 78.3 | O77: 0 | P77: 1.76 | Q77: 137
A78: 08-06-2022 17:30 | B78: 2.05 | C78: 37.74 | D78: 39.78 | E78: 4.03 | F78: 2.54 | G78: Calib. | H78: Calib. | I78: 3.92 | J78: 2.6 | K78: 312.04 | L78: 38.83 | M78: 25.82 | N78: 71.4 | O78: 0 | P78: 1.78 | Q78: 113.35
A79: 08-06-2022 17:45 | B79: 3.26 | C79: 39.38 | D79: 42.63 | E79: 4.31 | F79: 1.88 | G79: Calib. | H79: Calib. | I79: 3.86 | J79: 2.07 | K79: 312.56 | L79: 38.56 | M79: 24.94 | N79: 47.3 | O79: 0 | P79: 1.84 | Q79: 116.93
A80: 08-06-2022 18:00 | B80: 5.44 | C80: 46.6 | D80: 52.04 | E80: 4.42 | F80: 2.13 | G80: Calib. | H80: Calib. | I80: 4.15 | J80: 1.74 | K80: 310.93 | L80: 41.72 | M80: 25.3 | N80: 27.7 | O80: 0 | P80: 2.09 | Q80: 130.87
A81: 08-06-2022 18:15 | B81: 8.21 | C81: 52.44 | D81: 60.65 | E81: 4.71 | F81: 1.16 | G81: Calib. | H81: Calib. | I81: 4.49 | J81: 1.4 | K81: 331.42 | L81: 48.23 | M81: 27.48 | N81: 17.4 | O81: 0 | P81: 2.22 | Q81: 129.2
A82: 08-06-2022 18:30 | B82: 16.07 | C82: 56.03 | D82: 72.1 | E82: 4.8 | F82: 0.94 | G82: 162.44 | H82: 41.13 | I82: 5.95 | J82: 1.7 | K82: 58.28 | L82: 49.15 | M82: 31.34 | N82: 2.7 | O82: 0 | P82: 2.44 | Q82: 141.49
A83: 08-06-2022 18:45 | B83: 27.06 | C83: 59.44 | D83: 86.49 | E83: 5.39 | F83: 0.86 | G83: 164.7 | H83: 50.7 | I83: 7.27 | J83: 1.57 | K83: 37.91 | L83: 63.83 | M83: 35.23 | N83: 0 | O83: 0 | P83: 2.5 | Q83: 140.39
A84: 08-06-2022 19:00 | B84: 41.64 | C84: 62.19 | D84: 103.83 | E84: 3.53 | F84: 0.84 | G84: 164.7 | H84: 50.7 | I84: 10.06 | J84: 1.56 | K84: 40.36 | L84: 57.6 | M84: 36.74 | N84: 0 | O84: 0 | P84: 2.66 | Q84: 151.02
A85: 08-06-2022 19:15 | B85: 56.1 | C85: 64.15 | D85: 120.25 | E85: 6.17 | F85: 0.76 | G85: 164.7 | H85: 50.7 | I85: 9.82 | J85: 1.47 | K85: 56.8 | L85: 46.96 | M85: 36.02 | N85: 0 | O85: 0 | P85: 2.8 | Q85: 153.13
A86: 08-06-2022 19:30 | B86: 73.51 | C86: 65.76 | D86: 139.27 | E86: 6.73 | F86: 0.75 | G86: 377.39 | H86: 62.57 | I86: 9.18 | J86: 1.49 | K86: 71.46 | L86: 44.34 | M86: 32.7 | N86: 0 | O86: 0 | P86: 2.92 | Q86: 164.7
A87: 08-06-2022 19:45 | B87: 87.88 | C87: 65.28 | D87: 153.16 | E87: 7.17 | F87: 0.63 | G87: 377.39 | H87: 64.68 | I87: 10.55 | J87: 0.97 | K87: 13.56 | L87: 36.76 | M87: 35.88 | N87: 0.1 | O87: 0 | P87: 3.16 | Q87: 170.67
A88: 08-06-2022 20:00 | B88: 109.61 | C88: 66.3 | D88: 175.91 | E88: 7.06 | F88: 0.52 | G88: 377.39 | H88: 64.68 | I88: 11.24 | J88: 1.55 | K88: 57.2 | L88: 36.24 | M88: 38.01 | N88: 0 | O88: 0 | P88: 3.66 | Q88: 180.17
A89: 08-06-2022 20:15 | B89: 126.32 | C89: 66.93 | D89: 193.25 | E89: 7.91 | F89: 0.47 | G89: 377.39 | H89: 64.68 | I89: 12.47 | J89: 0.77 | K89: 56.19 | L89: 38.11 | M89: 34.15 | N89: 0 | O89: 0 | P89: 3.97 | Q89: 189.72
A90: 08-06-2022 20:30 | B90: 137.56 | C90: 67.39 | D90: 204.96 | E90: 8.06 | F90: 0.34 | G90: 440.47 | H90: 75.39 | I90: 14.63 | J90: 1.25 | K90: 291.01 | L90: 47.16 | M90: 28.06 | N90: 0 | O90: 0 | P90: 4.17 | Q90: 193.17
A91: 08-06-2022 20:45 | B91: 147.54 | C91: 66.95 | D91: 214.48 | E91: 8.17 | F91: 0.12 | G91: 440.47 | H91: 77.88 | I91: 16.72 | J91: 1.73 | K91: 54.41 | L91: 47.02 | M91: 33.74 | N91: 0 | O91: 0 | P91: 4.51 | Q91: 195.31
A92: 08-06-2022 21:00 | B92: 161.99 | C92: 65.71 | D92: 227.7 | E92: 8.63 | F92: 1.22 | G92: 440.47 | H92: 77.88 | I92: 18.21 | J92: 0.96 | K92: 29.5 | L92: 45.04 | M92: 33.19 | N92: 0 | O92: 0 | P92: 4.77 | Q92: 200.03
A93: 08-06-2022 21:15 | B93: 174.27 | C93: 65.39 | D93: 239.65 | E93: 8.98 | F93: 0.57 | G93: 440.47 | H93: 77.88 | I93: 19.52 | J93: 0.42 | K93: 329.53 | L93: 43.79 | M93: 35.98 | N93: 0 | O93: 0 | P93: 5.04 | Q93: 205.15
... A104: 08-06-2022 24:00 | B104: 222.07 | C104: 63.55 | D104: 285.62 | E104: 9.44 | F104: 0.01 | G104: 397.43 | H104: 90.87 | I104: 27.91 | J104: 0.65 | K104: 247.22 | L104: 34.49 | M104: 36.24 | N104: 0.3 | O104: 0 | P104: 6.33 | Q104: 214.95
A106: Min | B106: =MIN(B9:B104) -> 1.39 | C106: =MIN(C9:C104) -> 33.89 | D106: =MIN(D9:D104) -> 37.53 | E106: =MIN(E9:E104) -> 3.19 | F106: =MIN(F9:F104) -> 0.01 | G106: =MIN(G9:G104) -> 87.09 | H106: =MIN(H9:H104) -> 17.34 | I106: =MIN(I9:I104) -> 3.86 | ... Q106: =MIN(Q9:Q104) -> 56.12
A107: Max | B107: =MAX(B9:B104) -> 223.85 | C107: =MAX(C9:C104) -> 67.39 | D107: =MAX(D9:D104) -> 287.82 | E107: =MAX(E9:E104) -> 9.44 | F107: =MAX(F9:F104) -> 6.88 | G107: =MAX(G9:G104) -> 440.47 | H107: =MAX(H9:H104) -> 96.9 | I107: =MAX(I9:I104) -> 27.91 | ... Q107: =MAX(Q9:Q104) -> 216.42
A108: Avg | B108: =AVERAGE(B9:B104) -> 51.085 | C108: =AVERAGE(C9:C104) -> 47.186771 | D108: =AVERAGE(D9:D104) -> 98.271458 | E108: =AVERAGE(E9:E104) -> 6.618125 | F108: =AVERAGE(F9:F104) -> 1.6572917 | G108: =AVERAGE(G9:G104) -> 191.97602 | H108: =AVERAGE(H9:H104) -> 53.517753 | I108: =AVERAGE(I9:I104) -> 11.373125 | ... Q108: =AVERAGE(Q9:Q104) -> 123.79583
A109: Stdev | B109: =STDEV(B9:B104) -> 70.855793 | C109: =STDEV(C9:C104) -> 10.602614 | D109: =STDEV(D9:D104) -> 80.102509 | E109: =STDEV(E9:E104) -> 1.4680272 | F109: =STDEV(F9:F104) -> 1.4961674 | G109: =STDEV(G9:G104) -> 108.57451 | H109: =STDEV(H9:H104) -> 19.467037 | I109: =STDEV(I9:I104) -> 6.506839 | ... Q109: =STDEV(Q9:Q104) -> 47.268179
A110: Num | B110: =COUNT(B9:B104) -> 96 | C110: =COUNT(C9:C104) -> 96 | D110: =COUNT(D9:D104) -> 96 | E110: =COUNT(E9:E104) -> 96 | F110: =COUNT(F9:F104) -> 96 | G110: 96 | H110: 96 | I110: 96 | J110: 96 | K110: =COUNT(K9:K104) -> 96 | L110: =COUNT(L9:L104) -> 96 | M110: =COUNT(M9:M104) -> 96 | N110: =COUNT(N9:N104) -> 96 | O110: =COUNT(O9:O104) -> 96 | P110: =COUNT(P9:P104) -> 96 | Q110: =COUNT(Q9:Q104) -> 96
A111: DCR | B111: =IF(B110>=87,">90%",IF(B110<=87,"<90%")) -> >90% | C111: =IF(C110>=87,">90%",IF(C110<=87,"<90%")) -> >90% | D111: =IF(D110>=87,">90%",IF(D110<=87,"<90%")) -> >90% | E111: =IF(E110>=87,">90%",IF(E110<=87,"<90%")) -> >90% | F111: =IF(F110>=87,">90%",IF(F110<=87,"<90%")) -> >90% | G111: =IF(G110>=87,">90%",IF(G110<=87,"<90%")) -> >90% | H111: =IF(H110>=87,">90%",IF(H110<=87,"<90%")) -> >90% | I111: =IF(I110>=87,">90%",IF(I110<=87,"<90%")) -> >90% | ... Q111: =IF(Q110>=87,">90%",IF(Q110<=87,"<90%")) -> >90%
A112: Status | B112: =IF(B110>=87,"OK",IF(B110<=87,"LESS")) -> OK | C112: =IF(C110>=87,"OK",IF(C110<=87,"LESS")) -> OK | D112: =IF(D110>=87,"OK",IF(D110<=87,"LESS")) -> OK | E112: =IF(E110>=87,"OK",IF(E110<=87,"LESS")) -> OK | F112: =IF(F110>=87,"OK",IF(F110<=87,"LESS")) -> OK | G112: =IF(G110>=87,"OK",IF(G110<=87,"LESS")) -> OK | H112: =IF(H110>=87,"OK",IF(H110<=87,"LESS")) -> OK | I112: =IF(I110>=87,"OK",IF(I110<=87,"LESS")) -> OK | ... Q112: =IF(Q110>=87,"OK",IF(Q110<=87,"LESS")) -> OK
A115: Done by | B115: SUROJIT
A117: Comment

Sheet 09
A1: Station: | B1: BHATAGAON RAIPUR
A2: Date: | B2: =$A$9 -> 09-06-2022 00:15 | D2: Power Off | G2: Pw.Off | L2: Link Fail | N2: Link F | P2: Maintenance | R2: Maint.
A3: Report Type: | B3: Mean | D3: Calibration | G3: Calib. | L3: Data Fail | N3: Data F | P3: Invalid | R3: Invalid
A4: Time Base: | B4: 15 Min | D4: Zero Referrence | G4: Z.Ref | L4: Warm Up | N4: Wm. Up
A7: Date & Time | B7: NO_BHATAGAON | C7: NO2__BHATAGAON | D7: NOX_BHATAGAON | E7: SO2__BHATAGAON | F7: O3__BHATAGAON | G7: PM10__BHATAGAON | H7: PM2_5__BHATAGAON | I7: BENZ__BHATAGAON | J7: WS__BHATAGAON | K7: WD__BHATAGAON | L7: TEMP__BHATAGAON | M7: HUM__BHATAGAON | N7: SR__BHATAGAON | O7: RG__BHATAGAON | P7: CO__BHATAGAON | Q7: NH3__BHATAGAON
B8: ug/m3 | C8: ug/m3 | D8: ug/m3 | E8: ug/m3 | F8: ug/m3 | G8: ug/m3 | H8: ug/m3 | I8: ug/m3 | J8: m/sec | K8: deg | L8: degreC | M8: % | N8: w/m2 | O8: mm | P8: mg/m3 | Q8: ug/m3
A9: 09-06-2022 00:15 | B9: 206.04 | C9: 62.72 | D9: 268.76 | E9: 9.12 | F9: Z.Ref | G9: 397.43 | H9: 90.87 | I9: 28.57 | J9: 0.94 | K9: 10.66 | L9: 35.29 | M9: 29.58 | N9: Data F | O9: 0 | P9: 6.08 | Q9: 208.05
A10: 09-06-2022 00:30 | B10: 184.73 | C10: 60.24 | D10: 244.97 | E10: 9 | F10: 0.06 | G10: 282.78 | H10: 83.52 | I10: 28.83 | J10: 0.39 | K10: 80.45 | L10: 34.5 | M10: 30.78 | N10: Data F | O10: 0 | P10: 5.69 | Q10: 194.25
A11: 09-06-2022 00:45 | B11: 165.46 | C11: 57.18 | D11: 222.64 | E11: 8.83 | F11: 0.26 | G11: 273.22 | H11: 81.81 | I11: 27.92 | J11: 0.33 | K11: 233.04 | L11: 34.75 | M11: 30.71 | N11: Data F | O11: 0 | P11: 5.34 | Q11: 185.29
A12: 09-06-2022 01:00 | B12: 149.31 | C12: 54.97 | D12: 204.28 | E12: 8.28 | F12: 0.36 | G12: 273.22 | H12: 81.81 | I12: 26.43 | J12: 0.5 | K12: 10.56 | L12: 33.84 | M12: 36.52 | N12: Data F | O12: 0 | P12: 5.04 | Q12: 174.83
A13: 09-06-2022 01:15 | B13: 134.13 | C13: 52.47 | D13: 186.6 | E13: 8.06 | F13: 0.5 | G13: 273.22 | H13: 81.81 | I13: 25.23 | J13: 0.37 | K13: 112.39 | L13: 34.16 | M13: 29.41 | N13: Data F | O13: 0 | P13: 4.75 | Q13: 167.45
A14: 09-06-2022 01:30 | B14: 119.47 | C14: 51.26 | D14: 170.74 | E14: 7.92 | F14: 0.49 | G14: 180.03 | H14: 71.73 | I14: 24.1 | J14: 0.66 | K14: 241.7 | L14: 34.42 | M14: 29.4 | N14: 0.6 | O14: 0 | P14: 4.44 | Q14: 157.9
A15: 09-06-2022 01:45 | B15: 104.54 | C15: 49.57 | D15: 154.11 | E15: 7.87 | F15: 0.59 | G15: 180.03 | H15: 69.39 | I15: 23 | J15: 0.76 | K15: 265.67 | L15: 34.63 | M15: 26.03 | N15: Data F | O15: 0 | P15: 4.11 | Q15: 150.86
A16: 09-06-2022 02:00 | B16: 91.16 | C16: 47.98 | D16: 139.14 | E16: 7.5 | F16: 0.66 | G16: 180.03 | H16: 69.39 | I16: 21.76 | J16: 1.2 | K16: 220.53 | L16: 34.51 | M16: 28.19 | N16: Data F | O16: 0 | P16: 3.85 | Q16: 142.22
A17: 09-06-2022 02:15 | B17: 79.63 | C17: 44.79 | D17: 124.42 | E17: 7.37 | F17: 0.65 | G17: 180.03 | H17: 69.39 | I17: 20.28 | J17: 0.45 | K17: 260.77 | L17: 40.53 | M17: 28.8 | N17: Data F | O17: 0 | P17: 3.7 | Q17: 135.37
A18: 09-06-2022 02:30 | B18: 71.3 | C18: 42.84 | D18: 114.14 | E18: 6.73 | F18: 0.65 | G18: 154.24 | H18: 63.75 | I18: 18.99 | J18: 0.47 | K18: 345.99 | L18: 58.35 | M18: 29.74 | N18: 0.3 | O18: 0 | P18: 3.57 | Q18: 123.37
A19: 09-06-2022 02:45 | B19: 64.17 | C19: 43.27 | D19: 107.45 | E19: 7.28 | F19: 0.45 | G19: 154.24 | H19: 62.44 | I19: 18.15 | J19: 0.73 | K19: 38.2 | L19: 59.31 | M19: 30.48 | N19: 5.4 | O19: 0 | P19: 3.39 | Q19: 126.18
A20: 09-06-2022 03:00 | B20: 57.4 | C20: 41.83 | D20: 99.24 | E20: 5.19 | F20: 1.58 | G20: 154.24 | H20: 62.44 | I20: 17.36 | J20: 0.16 | K20: 282.84 | L20: 45.69 | M20: 30.2 | N20: 4.1 | O20: 0 | P20: 3.28 | Q20: 125.04
A21: 09-06-2022 03:15 | B21: 51.19 | C21: 40.39 | D21: 91.59 | E21: 7.83 | F21: 0.22 | G21: 154.24 | H21: 62.44 | I21: 16.46 | J21: 0.65 | K21: 352.99 | L21: 47.52 | M21: 31.35 | N21: Data F | O21: 0 | P21: 3.15 | Q21: 120.54
A22: 09-06-2022 03:30 | B22: 45.94 | C22: 39.42 | D22: 85.35 | E22: 7.89 | F22: 0.39 | G22: 99.19 | H22: 55.98 | I22: 15.61 | J22: 0.43 | K22: 19.62 | L22: 45.02 | M22: 32.4 | N22: 6 | O22: 0 | P22: 3.04 | Q22: 119.85
A23: 09-06-2022 03:45 | B23: 41.28 | C23: 38.36 | D23: 79.63 | E23: 8.35 | F23: 0.33 | G23: 99.19 | H23: 54.47 | I23: 14.7 | J23: 0.37 | K23: 283.02 | L23: 47.99 | M23: 32.87 | N23: 7.4 | O23: 0 | P23: 2.93 | Q23: 115.78
A24: 09-06-2022 04:00 | B24: 36.95 | C24: 37.22 | D24: 74.16 | E24: 8.49 | F24: 0.19 | G24: 99.19 | H24: 54.47 | I24: 13.96 | J24: 0.7 | K24: 2.35 | L24: 43.17 | M24: 33.74 | N24: 7.7 | O24: 0 | P24: 2.84 | Q24: 112.61
A25: 09-06-2022 04:15 | B25: 32.87 | C25: 36.41 | D25: 69.28 | E25: 8.42 | F25: 0.72 | G25: 99.19 | H25: 54.47 | I25: 13.29 | J25: 0.47 | K25: 297.85 | L25: 43.23 | M25: 34.61 | N25: 8.4 | O25: 0 | P25: 2.73 | Q25: 110.09
A26: 09-06-2022 04:30 | B26: 28.19 | C26: 35.85 | D26: 64.05 | E26: 7.94 | F26: 0.92 | G26: 91.16 | H26: 46.19 | I26: 12.61 | J26: 0.36 | K26: 312.59 | L26: 40.68 | M26: 34.46 | N26: 10.4 | O26: 0 | P26: 2.62 | Q26: 111.44
A27: 09-06-2022 04:45 | B27: 24.17 | C27: 35.79 | D27: 59.96 | E27: 8.22 | F27: 0.79 | G27: 89.6 | H27: 44.26 | I27: 11.97 | J27: 0.43 | K27: 232.81 | L27: 41.29 | M27: 34.53 | N27: 9.1 | O27: 0 | P27: 2.52 | Q27: 109.18
A28: 09-06-2022 05:00 | B28: 20.69 | C28: 35.87 | D28: 56.56 | E28: 8.48 | F28: 0.6 | G28: 89.6 | H28: 44.26 | I28: 11.16 | J28: 0.48 | K28: 293.43 | L28: 40.72 | M28: 34.81 | N28: 7.4 | O28: 0 | P28: 2.43 | Q28: 106.93
A29: 09-06-2022 05:15 | B29: 17.85 | C29: 35.93 | D29: 53.78 | E29: 7.96 | F29: 0.6 | G29: 89.6 | H29: 44.26 | I29: 10.45 | J29: 0.15 | K29: 349.24 | L29: 41.6 | M29: 34.77 | N29: 4 | O29: 0 | P29: 2.35 | Q29: 102.81
A30: 09-06-2022 05:30 | B30: 15.29 | C30: 35.77 | D30: 51.05 | E30: 7.59 | F30: 0.3 | G30: 88.89 | H30: 46.67 | I30: 9.74 | J30: 0.48 | K30: 238.45 | L30: 40.8 | M30: 34.96 | N30: 4.9 | O30: 0 | P30: 2.27 | Q30: 101.79
A31: 09-06-2022 05:45 | B31: 12.67 | C31: 35.55 | D31: 48.22 | E31: 7.52 | F31: 0.42 | G31: 88.8 | H31: 47.23 | I31: 9.17 | J31: 0.41 | K31: 297.7 | L31: 40.73 | M31: 35.04 | N31: 15.8 | O31: 0 | P31: 2.2 | Q31: 99.81
A32: 09-06-2022 06:00 | B32: 10.6 | C32: 35.52 | D32: 46.12 | E32: 7.37 | F32: 0.46 | G32: 88.8 | H32: 47.23 | I32: 8.56 | J32: 0.4 | K32: 28.16 | L32: 42.44 | M32: 36.09 | N32: 36.5 | O32: 0 | P32: 2.15 | Q32: 97.74
A33: 09-06-2022 06:15 | B33: 9.64 | C33: 35.85 | D33: 45.49 | E33: 6.98 | F33: 0.68 | G33: 88.8 | H33: 47.23 | I33: 8.13 | J33: 0.2 | K33: 38.65 | L33: 42.37 | M33: 35.76 | N33: 63 | O33: 0 | P33: 2.11 | Q33: 95.98
... A104: 09-06-2022 24:00 | B104: 2.56 | C104: 39.26 | D104: 41.82 | E104: 5.36 | F104: 1.13 | G104: 119.37 | H104: 36.3 | I104: 6.65 | J104: 1.58 | K104: 335.09 | L104: 44.58 | M104: 32.59 | N104: 8.5 | O104: 0 | P104: 2.17 | Q104: 87.2
A106: Min | B106: =MIN(B9:B104) -> 0.56 | C106: =MIN(C9:C104) -> 32.96 | D106: =MIN(D9:D104) -> 33.98 | E106: =MIN(E9:E104) -> 2.4 | F106: =MIN(F9:F104) -> 0.06 | G106: =MIN(G9:G104) -> 88.24 | H106: =MIN(H9:H104) -> 25.72 | I106: =MIN(I9:I104) -> 3.52 | ... Q106: =MIN(Q9:Q104) -> 65.96
A107: Max | B107: =MAX(B9:B104) -> 206.04 | C107: =MAX(C9:C104) -> 62.72 | D107: =MAX(D9:D104) -> 268.76 | E107: =MAX(E9:E104) -> 9.12 | F107: =MAX(F9:F104) -> 7.1 | G107: =MAX(G9:G104) -> 397.43 | H107: =MAX(H9:H104) -> 90.87 | I107: =MAX(I9:I104) -> 28.83 | ... Q107: =MAX(Q9:Q104) -> 208.05
A108: Avg | B108: =AVERAGE(B9:B104) -> 22.297083 | C108: =AVERAGE(C9:C104) -> 44.100104 | D108: =AVERAGE(D9:D104) -> 66.3975 | E108: =AVERAGE(E9:E104) -> 5.9170833 | F108: =AVERAGE(F9:F104) -> 2.0355789 | G108: =AVERAGE(G9:G104) -> 129.6674 | H108: =AVERAGE(H9:H104) -> 43.055104 | I108: =AVERAGE(I9:I104) -> 9.839375 | ... Q108: =AVERAGE(Q9:Q104) -> 100.28604
A109: Stdev | B109: =STDEV(B9:B104) -> 41.555799 | C109: =STDEV(C9:C104) -> 8.6381904 | D109: =STDEV(D9:D104) -> 45.6581 | E109: =STDEV(E9:E104) -> 1.4840407 | F109: =STDEV(F9:F104) -> 1.6251937 | G109: =STDEV(G9:G104) -> 48.841649 | H109: =STDEV(H9:H104) -> 14.26381 | I109: =STDEV(I9:I104) -> 6.236208 | ... Q109: =STDEV(Q9:Q104) -> 26.634789
A110: Num | B110: =COUNT(B9:B104) -> 96 | C110: =COUNT(C9:C104) -> 96 | D110: =COUNT(D9:D104) -> 96 | E110: =COUNT(E9:E104) -> 96 | F110: 96 | G110: =COUNT(G9:G104) -> 96 | H110: 96 | I110: 96 | J110: 96 | K110: =COUNT(K9:K104) -> 96 | L110: =COUNT(L9:L104) -> 96 | M110: =COUNT(M9:M104) -> 96 | N110: =COUNT(N9:N104) -> 87 | O110: =COUNT(O9:O104) -> 96 | P110: =COUNT(P9:P104) -> 96 | Q110: =COUNT(Q9:Q104) -> 96
A111: DCR | B111: =IF(B110>=87,">90%",IF(B110<=87,"<90%")) -> >90% | C111: =IF(C110>=87,">90%",IF(C110<=87,"<90%")) -> >90% | D111: =IF(D110>=87,">90%",IF(D110<=87,"<90%")) -> >90% | E111: =IF(E110>=87,">90%",IF(E110<=87,"<90%")) -> >90% | F111: =IF(F110>=87,">90%",IF(F110<=87,"<90%")) -> >90% | G111: =IF(G110>=87,">90%",IF(G110<=87,"<90%")) -> >90% | H111: =IF(H110>=87,">90%",IF(H110<=87,"<90%")) -> >90% | I111: =IF(I110>=87,">90%",IF(I110<=87,"<90%")) -> >90% | ... Q111: =IF(Q110>=87,">90%",IF(Q110<=87,"<90%")) -> >90%
A112: Status | B112: =IF(B110>=87,"OK",IF(B110<=87,"LESS")) -> OK | C112: =IF(C110>=87,"OK",IF(C110<=87,"LESS")) -> OK | D112: =IF(D110>=87,"OK",IF(D110<=87,"LESS")) -> OK | E112: =IF(E110>=87,"OK",IF(E110<=87,"LESS")) -> OK | F112: =IF(F110>=87,"OK",IF(F110<=87,"LESS")) -> OK | G112: =IF(G110>=87,"OK",IF(G110<=87,"LESS")) -> OK | H112: =IF(H110>=87,"OK",IF(H110<=87,"LESS")) -> OK | I112: =IF(I110>=87,"OK",IF(I110<=87,"LESS")) -> OK | ... Q112: =IF(Q110>=87,"OK",IF(Q110<=87,"LESS")) -> OK
A115: Done by | B115: SUROJIT
A117: Comment

Sheet 10
A1: Station: | B1: BHATAGAON RAIPUR
A2: Date: | B2: =$A$9 -> 10-06-2022 00:15 | D2: Power Off | G2: Pw.Off | L2: Link Fail | N2: Link F | P2: Maintenance | R2: Maint.
A3: Report Type: | B3: Mean | D3: Calibration | G3: Calib. | L3: Data Fail | N3: Data F | P3: Invalid | R3: Invalid
A4: Time Base: | B4: 15 Min | D4: Zero Referrence | G4: Z.Ref | L4: Warm Up | N4: Wm. Up
A7: Date & Time | B7: NO_BHATAGAON | C7: NO2__BHATAGAON | D7: NOX_BHATAGAON | E7: SO2__BHATAGAON | F7: O3__BHATAGAON | G7: PM10__BHATAGAON | H7: PM2_5__BHATAGAON | I7: BENZ__BHATAGAON | J7: WS__BHATAGAON | K7: WD__BHATAGAON | L7: TEMP__BHATAGAON | M7: HUM__BHATAGAON | N7: SR__BHATAGAON | O7: RG__BHATAGAON | P7: CO__BHATAGAON | Q7: NH3__BHATAGAON
B8: ug/m3 | C8: ug/m3 | D8: ug/m3 | E8: ug/m3 | F8: ug/m3 | G8: ug/m3 | H8: ug/m3 | I8: ug/m3 | J8: m/sec | K8: deg | L8: degreC | M8: % | N8: w/m2 | O8: mm | P8: mg/m3 | Q8: ug/m3
A9: 10-06-2022 00:15 | B9: 2.26 | C9: 38.19 | D9: 40.45 | E9: 4.82 | F9: 1.08 | G9: 119.37 | H9: 36.3 | I9: 6.37 | J9: 0.41 | K9: 348.23 | L9: 44.95 | M9: 31.79 | N9: 8.8 | O9: 0 | P9: 2.12 | Q9: 84.49
A10: 10-06-2022 00:30 | B10: 2.09 | C10: 36.62 | D10: 38.71 | E10: 5.22 | F10: 1.23 | G10: 104.85 | H10: 34.13 | I10: 6.12 | J10: 0.85 | K10: 328.6 | L10: 43.36 | M10: 33.58 | N10: 9.2 | O10: 0 | P10: 2.1 | Q10: 80.16
A11: 10-06-2022 00:45 | B11: 2.08 | C11: 36.32 | D11: 38.4 | E11: 5.67 | F11: 1.19 | G11: 104.85 | H11: 33.66 | I11: 5.92 | J11: 0.18 | K11: 270.51 | L11: 43.99 | M11: 33.06 | N11: 9.1 | O11: 0 | P11: 2.09 | Q11: 65.71
A12: 10-06-2022 01:00 | B12: 2.13 | C12: 35.97 | D12: 38.1 | E12: 5.74 | F12: 0.9 | G12: 104.85 | H12: 33.66 | I12: 5.8 | J12: 0.25 | K12: 251.38 | L12: 44.49 | M12: 33.16 | N12: 8.7 | O12: 0 | P12: 2.14 | Q12: 70.17
A13: 10-06-2022 01:15 | B13: 2.11 | C13: 34.81 | D13: 36.93 | E13: 6.15 | F13: 1.01 | G13: 104.85 | H13: 33.66 | I13: 5.85 | J13: 1.35 | K13: 301.49 | L13: 44.55 | M13: 35.81 | N13: 9.6 | O13: 0 | P13: 2.15 | Q13: 76.84
A14: 10-06-2022 01:30 | B14: 1.98 | C14: 33.52 | D14: 35.49 | E14: 5.92 | F14: 0.98 | G14: 97.1 | H14: 33.23 | I14: 6.34 | J14: 0.51 | K14: 227.41 | L14: 45.4 | M14: 34.22 | N14: 9.1 | O14: 0 | P14: 2.14 | Q14: 76.8
A15: 10-06-2022 01:45 | B15: 1.74 | C15: 32.28 | D15: 34.02 | E15: 6.09 | F15: 1.19 | G15: 97.1 | H15: 33.13 | I15: 6.79 | J15: 0.09 | K15: 229.33 | L15: 46.52 | M15: 34.73 | N15: 9.4 | O15: 0 | P15: 2.1 | Q15: 76.76
A16: 10-06-2022 02:00 | B16: 1.49 | C16: 31.79 | D16: 33.28 | E16: 6.13 | F16: 1.41 | G16: 97.1 | H16: 33.13 | I16: 6.81 | J16: 0.38 | K16: 17.29 | L16: 46.8 | M16: 35.77 | N16: 10.3 | O16: 0 | P16: 2.06 | Q16: 76.98
A17: 10-06-2022 02:15 | B17: 1.33 | C17: 30.9 | D17: 32.24 | E17: 6.12 | F17: 1.29 | G17: 97.1 | H17: 33.13 | I17: 6.59 | J17: 0.18 | K17: 46.76 | L17: 46.77 | M17: 35.98 | N17: 10.7 | O17: 0 | P17: 2.03 | Q17: 77
A18: 10-06-2022 02:30 | B18: 1.31 | C18: 29.62 | D18: 30.93 | E18: 5.86 | F18: 1.46 | G18: 89.15 | H18: 35.41 | I18: 6.24 | J18: 0.93 | K18: 29.44 | L18: 45.81 | M18: 36.56 | N18: 11.2 | O18: 0 | P18: 1.99 | Q18: 78
A19: 10-06-2022 02:45 | B19: 1.09 | C19: 28.32 | D19: 29.41 | E19: 6.49 | F19: 1.6 | G19: 89.15 | H19: 35.94 | I19: 6.05 | J19: 0.74 | K19: 26.98 | L19: 45.2 | M19: 37.45 | N19: 12.4 | O19: 0 | P19: 1.96 | Q19: 83.68
A20: 10-06-2022 03:00 | B20: 0.91 | C20: 27.04 | D20: 27.95 | E20: 3.41 | F20: 1.47 | G20: 89.15 | H20: 35.94 | I20: 5.95 | J20: 0.37 | K20: 282.49 | L20: 48.82 | M20: 37.06 | N20: 13.9 | O20: 0 | P20: 1.93 | Q20: 84.45
... A72: 10-06-2022 16:00 | B72: 1.2 | C72: 30.49 | D72: 31.69 | E72: 4.54 | F72: 3.39 | G72: 80.65 | H72: 21.66 | I72: 4.39 | J72: 0.27 | K72: 333.29 | L72: 54.25 | M72: 27.07 | N72: 244.2 | O72: 0 | P72: 2 | Q72: 119.16
A73: 10-06-2022 16:15 | B73: 1.11 | C73: 29.8 | D73: 30.91 | E73: 4.2 | F73: 4.03 | G73: 80.65 | H73: Maint. | I73: 4.8 | J73: 0.45 | K73: 29.88 | L73: 55.77 | M73: 26.96 | N73: 203.1 | O73: 0 | P73: 2.02 | Q73: 110.56
A74: 10-06-2022 16:30 | B74: 1.16 | C74: 33.06 | D74: 34.21 | E74: 4.04 | F74: 3.25 | G74: 81.44 | H74: Maint. | I74: 5.29 | J74: 0.55 | K74: 260.78 | L74: 54.44 | M74: 26.4 | N74: 222.1 | O74: 0 | P74: 2.05 | Q74: 125.02
A75: 10-06-2022 16:45 | B75: 1.17 | C75: 37.9 | D75: 39.07 | E75: 4.17 | F75: 14.11 | G75: 81.44 | H75: Maint. | I75: 5.69 | J75: 1.25 | K75: 353.3 | L75: 55.03 | M75: 27.1 | N75: 216.7 | O75: 0 | P75: 2.05 | Q75: 135.64
A76: 10-06-2022 17:00 | B76: 0.49 | C76: 47.09 | D76: 47.58 | E76: 3.47 | F76: 8.8 | G76: Maint. | H76: Maint. | I76: 6 | J76: 0.77 | K76: 339.95 | L76: 55.98 | M76: 26.37 | N76: 197.1 | O76: 0 | P76: 2.1 | Q76: 127.8
A77: 10-06-2022 17:15 | B77: 0.81 | C77: 49.45 | D77: 50.26 | E77: 3.3 | F77: 4.83 | G77: Maint. | H77: Maint. | I77: 6.14 | J77: 0.83 | K77: 4.6 | L77: 54.67 | M77: 26.48 | N77: 144.1 | O77: 0 | P77: 2.13 | Q77: 132.82
A78: 10-06-2022 17:30 | B78: 0.83 | C78: 49.1 | D78: 49.93 | E78: 3.18 | F78: 3.05 | G78: Maint. | H78: Maint. | I78: 6.36 | J78: 0.96 | K78: 10.97 | L78: 53.1 | M78: 27.7 | N78: 115.4 | O78: 0 | P78: 2.14 | Q78: 137.7
A79: 10-06-2022 17:45 | B79: 1.44 | C79: 49.68 | D79: 51.12 | E79: 3.12 | F79: 7.44 | G79: Maint. | H79: Maint. | I79: 6.68 | J79: 1.83 | K79: 344.74 | L79: 50.04 | M79: 35.56 | N79: 109.2 | O79: 0 | P79: 2.15 | Q79: 132.16
A80: 10-06-2022 18:00 | B80: 1.44 | C80: 51.64 | D80: 53.08 | E80: 3.02 | F80: 3.84 | G80: 54.52 | H80: 19.65 | I80: 6.92 | J80: 1.61 | K80: 348.17 | L80: 49.05 | M80: 34.92 | N80: 89.2 | O80: 0 | P80: 2.16 | Q80: 140.38
A81: 10-06-2022 18:15 | B81: 1.43 | C81: 61.47 | D81: 62.91 | E81: 3.25 | F81: 2.8 | G81: 71.29 | H81: 33.36 | I81: 6.77 | J81: 1.46 | K81: 357.33 | L81: 47.85 | M81: 34.77 | N81: 66.5 | O81: 0 | P81: 2.18 | Q81: 176.54
A82: 10-06-2022 18:30 | B82: 2 | C82: 70.31 | D82: 72.31 | E82: 3.36 | F82: 1.39 | G82: 71.29 | H82: 33.36 | I82: 6.29 | J82: 1.06 | K82: 332.83 | L82: 51.2 | M82: 32.59 | N82: 78.2 | O82: 0 | P82: 2.21 | Q82: 184.87
A83: 10-06-2022 18:45 | B83: 2.76 | C83: 67.35 | D83: 70.11 | E83: 3.79 | F83: 0.85 | G83: 71.29 | H83: 33.36 | I83: 6.25 | J83: 0.55 | K83: 316.11 | L83: 48.37 | M83: 30.46 | N83: 69.3 | O83: 0 | P83: 2.24 | Q83: 188.66
A84: 10-06-2022 19:00 | B84: 4.98 | C84: 67.2 | D84: 72.18 | E84: 2.52 | F84: 0.52 | G84: 92.64 | H84: 34.91 | I84: 6.29 | J84: 0.33 | K84: 308.87 | L84: 51.01 | M84: 26.12 | N84: 76.6 | O84: 0 | P84: 2.29 | Q84: 176.34
A85: 10-06-2022 19:15 | B85: 7.31 | C85: 72.72 | D85: 80.03 | E85: 4.17 | F85: 0.44 | G85: 99.2 | H85: 36.04 | I85: 6.34 | J85: 0.37 | K85: 332.68 | L85: 51.08 | M85: 25.85 | N85: 67.7 | O85: 0 | P85: 2.34 | Q85: 180.84
A86: 10-06-2022 19:30 | B86: 8.39 | C86: 72.98 | D86: 81.37 | E86: 4.66 | F86: 0.57 | G86: 99.2 | H86: 36.04 | I86: 6.6 | J86: 0.36 | K86: 347.58 | L86: 49.93 | M86: 25.65 | N86: 104.8 | O86: 0 | P86: 2.39 | Q86: 202.42
A87: 10-06-2022 19:45 | B87: 10.03 | C87: 71.67 | D87: 81.7 | E87: 5.26 | F87: 0.56 | G87: 99.2 | H87: 36.04 | I87: 6.87 | J87: 0.43 | K87: 275.57 | L87: 49.62 | M87: 26.17 | N87: 80.4 | O87: 0 | P87: 2.47 | Q87: 191.7
A88: 10-06-2022 20:00 | B88: 11.68 | C88: 70.17 | D88: 81.85 | E88: 5.61 | F88: 0.83 | G88: 104.71 | H88: 33.6 | I88: 7.14 | J88: 0.33 | K88: 319.02 | L88: 48.73 | M88: 26.64 | N88: 46.7 | O88: 0 | P88: 2.56 | Q88: 186.54
A89: 10-06-2022 20:15 | B89: 11.94 | C89: 55.98 | D89: 67.92 | E89: 6.24 | F89: 1.23 | G89: 106.4 | H89: 31.82 | I89: 7.61 | J89: 0.51 | K89: 306.6 | L89: 48.37 | M89: 26.19 | N89: 47.7 | O89: 0 | P89: 2.62 | Q89: 167.6
A90: 10-06-2022 20:30 | B90: 11.56 | C90: 52.33 | D90: 63.89 | E90: 5.92 | F90: 1.29 | G90: 106.4 | H90: 31.82 | I90: 7.99 | J90: 0.84 | K90: 326.12 | L90: 49.6 | M90: 27.82 | N90: 62.4 | O90: 0 | P90: 2.68 | Q90: 157.54
A91: 10-06-2022 20:45 | B91: 14.25 | C91: 56.87 | D91: 71.12 | E91: 5.7 | F91: 1.12 | G91: 106.4 | H91: 31.82 | I91: 8.18 | J91: 0.26 | K91: 324.52 | L91: 47.75 | M91: 28.02 | N91: 77 | O91: 0 | P91: 2.79 | Q91: 162.47
... A104: 10-06-2022 24:00 | B104: 0.28 | C104: 35.47 | D104: 35.76 | E104: 4.7 | F104: 5.07 | G104: 138.4 | H104: 34.5 | I104: 4.66 | J104: 1.05 | K104: 18.45 | L104: 56.61 | M104: 41.81 | N104: 70.5 | O104: 0 | P104: 1.89 | Q104: 147.55
A106: Min | B106: =MIN(B9:B104) -> 0.28 | C106: =MIN(C9:C104) -> 21.25 | D106: =MIN(D9:D104) -> 22.1 | E106: =MIN(E9:E104) -> 1.61 | F106: =MIN(F9:F104) -> 0.18 | G106: =MIN(G9:G104) -> 54.52 | H106: =MIN(H9:H104) -> 19.65 | I106: =MIN(I9:I104) -> 3.39 | ... Q106: =MIN(Q9:Q104) -> 48.13
A107: Max | B107: =MAX(B9:B104) -> 16.1 | C107: =MAX(C9:C104) -> 72.98 | D107: =MAX(D9:D104) -> 81.85 | E107: =MAX(E9:E104) -> 6.49 | F107: =MAX(F9:F104) -> 14.11 | G107: =MAX(G9:G104) -> 166.39 | H107: =MAX(H9:H104) -> 40.82 | I107: =MAX(I9:I104) -> 9.08 | ... Q107: =MAX(Q9:Q104) -> 202.42
A108: Avg | B108: =AVERAGE(B9:B104) -> 3.0102083 | C108: =AVERAGE(C9:C104) -> 38.732083 | D108: =AVERAGE(D9:D104) -> 41.742292 | E108: =AVERAGE(E9:E104) -> 4.6878125 | F108: =AVERAGE(F9:F104) -> 2.4570833 | G108: =AVERAGE(G9:G104) -> 89.702174 | H108: =AVERAGE(H9:H104) -> 30.987528 | I108: =AVERAGE(I9:I104) -> 5.4742708 | ... Q108: =AVERAGE(Q9:Q104) -> 106.6451
A109: Stdev | B109: =STDEV(B9:B104) -> 3.296671 | C109: =STDEV(C9:C104) -> 13.167666 | D109: =STDEV(D9:D104) -> 15.486541 | E109: =STDEV(E9:E104) -> 1.2298346 | F109: =STDEV(F9:F104) -> 2.1539383 | G109: =STDEV(G9:G104) -> 23.31445 | H109: =STDEV(H9:H104) -> 4.1955979 | I109: =STDEV(I9:I104) -> 1.4329908 | ... Q109: =STDEV(Q9:Q104) -> 41.905379
A110: Num | B110: =COUNT(B9:B104) -> 96 | C110: =COUNT(C9:C104) -> 96 | D110: =COUNT(D9:D104) -> 96 | E110: =COUNT(E9:E104) -> 96 | F110: =COUNT(F9:F104) -> 96 | G110: =COUNT(G9:G104)+4 -> 96 | H110: =COUNT(H9:H104)+7 -> 96 | I110: =COUNT(I9:I104) -> 96 | J110: =COUNT(J9:J104) -> 96 | K110: =COUNT(K9:K104) -> 96 | L110: =COUNT(L9:L104) -> 96 | M110: =COUNT(M9:M104) -> 96 | N110: =COUNT(N9:N104) -> 96 | O110: =COUNT(O9:O104) -> 96 | P110: =COUNT(P9:P104) -> 96 | Q110: =COUNT(Q9:Q104) -> 96
A111: DCR | B111: =IF(B110>=87,">90%",IF(B110<=87,"<90%")) -> >90% | C111: =IF(C110>=87,">90%",IF(C110<=87,"<90%")) -> >90% | D111: =IF(D110>=87,">90%",IF(D110<=87,"<90%")) -> >90% | E111: =IF(E110>=87,">90%",IF(E110<=87,"<90%")) -> >90% | F111: =IF(F110>=87,">90%",IF(F110<=87,"<90%")) -> >90% | G111: =IF(G110>=87,">90%",IF(G110<=87,"<90%")) -> >90% | H111: =IF(H110>=87,">90%",IF(H110<=87,"<90%")) -> >90% | I111: =IF(I110>=87,">90%",IF(I110<=87,"<90%")) -> >90% | ... Q111: =IF(Q110>=87,">90%",IF(Q110<=87,"<90%")) -> >90%
A112: Status | B112: =IF(B110>=87,"OK",IF(B110<=87,"LESS")) -> OK | C112: =IF(C110>=87,"OK",IF(C110<=87,"LESS")) -> OK | D112: =IF(D110>=87,"OK",IF(D110<=87,"LESS")) -> OK | E112: =IF(E110>=87,"OK",IF(E110<=87,"LESS")) -> OK | F112: =IF(F110>=87,"OK",IF(F110<=87,"LESS")) -> OK | G112: =IF(G110>=87,"OK",IF(G110<=87,"LESS")) -> OK | H112: =IF(H110>=87,"OK",IF(H110<=87,"LESS")) -> OK | I112: =IF(I110>=87,"OK",IF(I110<=87,"LESS")) -> OK | ... Q112: =IF(Q110>=87,"OK",IF(Q110<=87,"LESS")) -> OK
A115: Done by | B115: Rahul
A117: Comment

Sheet 11
A1: Station: | B1: BHATAGAON RAIPUR
A2: Date: | B2: =$A$9 -> 11-06-2022 00:15 | D2: Power Off | G2: Pw.Off | L2: Link Fail | N2: Link F | P2: Maintenance | R2: Maint.
A3: Report Type: | B3: Mean | D3: Calibration | G3: Calib. | L3: Data Fail | N3: Data F | P3: Invalid | R3: Invalid
A4: Time Base: | B4: 15 Min | D4: Zero Referrence | G4: Z.Ref | L4: Warm Up | N4: Wm. Up
A7: Date & Time | B7: NO_BHATAGAON | C7: NO2__BHATAGAON | D7: NOX_BHATAGAON | E7: SO2__BHATAGAON | F7: O3__BHATAGAON | G7: PM10__BHATAGAON | H7: PM2_5__BHATAGAON | I7: BENZ__BHATAGAON | J7: WS__BHATAGAON | K7: WD__BHATAGAON | L7: TEMP__BHATAGAON | M7: HUM__BHATAGAON | N7: SR__BHATAGAON | O7: RG__BHATAGAON | P7: CO__BHATAGAON | Q7: NH3__BHATAGAON
B8: ug/m3 | C8: ug/m3 | D8: ug/m3 | E8: ug/m3 | F8: ug/m3 | G8: ug/m3 | H8: ug/m3 | I8: ug/m3 | J8: m/sec | K8: deg | L8: degreC | M8: % | N8: w/m2 | O8: mm | P8: mg/m3 | Q8: ug/m3
A9: 11-06-2022 00:15 | B9: 0.04 | C9: 32.15 | D9: 32.19 | E9: 4.3 | F9: 6.59 | G9: 129.79 | H9: 32.75 | I9: 4.23 | J9: 1.61 | K9: 9.7 | L9: 50.84 | M9: 45.31 | N9: 67.9 | O9: 0 | P9: 1.82 | Q9: 140.58
A10: 11-06-2022 00:30 | B10: Z.Ref | C10: 28.05 | D10: 28.05 | E10: 4.38 | F10: 7.06 | G10: 129.79 | H10: 32.75 | I10: 3.77 | J10: 0.8 | K10: 34.31 | L10: 45.93 | M10: 46.59 | N10: 78.9 | O10: 0 | P10: 1.75 | Q10: 133.98
A11: 11-06-2022 00:45 | B11: Z.Ref | C11: 22.75 | D11: 22.75 | E11: 4.25 | F11: 6.27 | G11: 129.79 | H11: 32.75 | I11: 3.33 | J11: 0.44 | K11: 343.51 | L11: 45.63 | M11: 47.05 | N11: 54.4 | O11: 0 | P11: 1.74 | Q11: 131.3
A12: 11-06-2022 01:00 | B12: 0.01 | C12: 21.61 | D12: 21.62 | E12: 4.23 | F12: 5.72 | G12: 116.43 | H12: 29.92 | I12: 2.91 | J12: 0.38 | K12: 12.07 | L12: 44.32 | M12: 47.2 | N12: 46 | O12: 0 | P12: 1.71 | Q12: 125.03
A13: 11-06-2022 01:15 | B13: 0.08 | C13: 21.72 | D13: 21.8 | E13: 3.97 | F13: 5.27 | G13: 112.33 | H13: 27.95 | I13: 2.64 | J13: 0.59 | K13: 251.41 | L13: 43.78 | M13: 47.21 | N13: 72.7 | O13: 0 | P13: 1.71 | Q13: 123.14
A14: 11-06-2022 01:30 | B14: 0.14 | C14: 21.69 | D14: 21.83 | E14: 3.83 | F14: 4.25 | G14: 112.33 | H14: 27.95 | I14: 2.52 | J14: 0.36 | K14: 7.9 | L14: 44.23 | M14: 47.53 | N14: 60.2 | O14: 0 | P14: 1.69 | Q14: 122.65
A15: 11-06-2022 01:45 | B15: 0.15 | C15: 22.09 | D15: 22.24 | E15: 3.96 | F15: 3.62 | G15: 112.33 | H15: 27.95 | I15: 2.43 | J15: 0.77 | K15: 20.49 | L15: 44.03 | M15: 48.46 | N15: 69.4 | O15: 0 | P15: 1.66 | Q15: 122.45
A16: 11-06-2022 02:00 | B16: 0.14 | C16: 22.09 | D16: 22.23 | E16: 4.16 | F16: 3.28 | G16: 95.21 | H16: 26.36 | I16: 2.33 | J16: 0.79 | K16: 6.23 | L16: 42.32 | M16: 49.32 | N16: 81.2 | O16: 0 | P16: 1.67 | Q16: 121.64
A17: 11-06-2022 02:15 | B17: 0.11 | C17: 21.25 | D17: 21.35 | E17: 3.9 | F17: 3.61 | G17: 87.97 | H17: 25.2 | I17: 2.29 | J17: 0.41 | K17: 349.66 | L17: 40.77 | M17: 49.4 | N17: 83.6 | O17: 0 | P17: 1.65 | Q17: 116.27
A18: 11-06-2022 02:30 | B18: 0.26 | C18: 21.16 | D18: 21.42 | E18: 4.41 | F18: 3.15 | G18: 87.97 | H18: 25.2 | I18: 2.24 | J18: 0.9 | K18: 12.71 | L18: 40.66 | M18: 50.11 | N18: 100.9 | O18: 0 | P18: 1.65 | Q18: 115.67
A19: 11-06-2022 02:45 | B19: 0.56 | C19: 21.47 | D19: 22.04 | E19: 4.72 | F19: 3.31 | G19: 87.97 | H19: 25.2 | I19: 2.2 | J19: 0.57 | K19: 2.95 | L19: 41.78 | M19: 48.79 | N19: 67 | O19: 0 | P19: 1.65 | Q19: 116.12
A20: 11-06-2022 03:00 | B20: 0.43 | C20: 21.8 | D20: 22.23 | E20: 2.29 | F20: 3.53 | G20: 65.84 | H20: 23.56 | I20: 2.16 | J20: 0.48 | K20: 56.81 | L20: 42.19 | M20: 47.72 | N20: 62.8 | O20: 0 | P20: 1.62 | Q20: 113.53
A21: 11-06-2022 03:15 | B21: 0.2 | C21: 19.84 | D21: 20.04 | E21: 4.55 | F21: 4.39 | G21: 58.9 | H21: 22.36 | I21: 2.14 | J21: 0.24 | K21: 334.43 | L21: 42.63 | M21: 47.02 | N21: 57.8 | O21: 0 | P21: 1.65 | Q21: 111.31
A22: 11-06-2022 03:30 | B22: 0.12 | C22: 19.87 | D22: 20 | E22: 4.57 | F22: 3.73 | G22: 58.9 | H22: 22.36 | I22: 2.12 | J22: 0.34 | K22: 20.65 | L22: 42.94 | M22: 46.95 | N22: 93.2 | O22: 0 | P22: 1.64 | Q22: 111.43
A23: 11-06-2022 03:45 | B23: 0.14 | C23: 20.18 | D23: 20.32 | E23: 4.43 | F23: 3.11 | G23: 58.9 | H23: 22.36 | I23: 2.08 | J23: 0.26 | K23: 318.67 | L23: 44.85 | M23: 47.42 | N23: 77.9 | O23: 0 | P23: 1.64 | Q23: 111.3
... A81: 11-06-2022 18:15 | B81: 2.37 | C81: 38.88 | D81: 41.25 | E81: 5.68 | F81: 2.35 | G81: 103.34 | H81: 24.63 | I81: 5.4 | J81: 2.09 | K81: 333.48 | L81: 46.63 | M81: 49.47 | N81: 1.3 | O81: 0 | P81: 2.18 | Q81: 72.34
A82: 11-06-2022 18:30 | B82: 2.56 | C82: 38.59 | D82: 41.15 | E82: 5.99 | F82: 3.01 | G82: 103.34 | H82: 24.63 | I82: 5.56 | J82: 1.87 | K82: 343.8 | L82: 44.33 | M82: 49.23 | N82: Maint. | O82: 0 | P82: 2.2 | Q82: 87.93
A83: 11-06-2022 18:45 | B83: 2.4 | C83: 37.8 | D83: 40.2 | E83: 5.87 | F83: 2.59 | G83: 103.34 | H83: 24.63 | I83: 5.6 | J83: 0.47 | K83: 292.38 | L83: 45.14 | M83: 39.61 | N83: Maint. | O83: 0 | P83: 2.21 | Q83: 75.01
A84: 11-06-2022 19:00 | B84: 3.12 | C84: 41.63 | D84: 44.75 | E84: 3.42 | F84: 1.98 | G84: 104.22 | H84: 27.7 | I84: 5.62 | J84: 1.32 | K84: 334.09 | L84: 45.53 | M84: 40.11 | N84: Maint. | O84: 0 | P84: 2.26 | Q84: 75.04
A85: 11-06-2022 19:15 | B85: 6.75 | C85: 45.39 | D85: 52.14 | E85: 6.22 | F85: 1.37 | G85: 104.47 | H85: 29.94 | I85: 5.66 | J85: 0.27 | K85: 186.37 | L85: 44.27 | M85: 40.46 | N85: Maint. | O85: 0 | P85: 2.39 | Q85: 77.34
A86: 11-06-2022 19:30 | B86: 7.71 | C86: 46.96 | D86: 54.66 | E86: 6.35 | F86: 1.28 | G86: 104.47 | H86: 29.94 | I86: 5.99 | J86: 1.87 | K86: 27.35 | L86: 43.64 | M86: 41.85 | N86: Maint. | O86: 0 | P86: 2.49 | Q86: 77.82
A87: 11-06-2022 19:45 | B87: 8.52 | C87: 48.73 | D87: 57.26 | E87: 6.59 | F87: 1.13 | G87: 104.47 | H87: 29.94 | I87: 6.54 | J87: 3.62 | K87: 321.66 | L87: 43.8 | M87: 40.67 | N87: Maint. | O87: 0 | P87: 2.57 | Q87: 78.11
A88: 11-06-2022 20:00 | B88: 6.89 | C88: 48.75 | D88: 55.64 | E88: 6.8 | F88: 2.02 | G88: 115.27 | H88: 30.58 | I88: 7.13 | J88: 4.75 | K88: 336.84 | L88: 41.23 | M88: 50.49 | N88: 7.1 | O88: 1.4 | P88: 2.53 | Q88: 78.37
A89: 11-06-2022 20:15 | B89: 4.26 | C89: 46.77 | D89: 51.02 | E89: 6.34 | F89: 2.02 | G89: 118.59 | H89: 31.04 | I89: 7.64 | J89: 1.63 | K89: 159.66 | L89: 39.31 | M89: 61.49 | N89: Maint. | O89: 0.2 | P89: 2.46 | Q89: 78.8
A90: 11-06-2022 20:30 | B90: 2.5 | C90: 42.6 | D90: 45.1 | E90: 6.57 | F90: 2.39 | G90: 118.59 | H90: 31.04 | I90: 7.37 | J90: 3.69 | K90: 196.45 | L90: 37.42 | M90: 75.16 | N90: Maint. | O90: 0.8 | P90: 2.38 | Q90: 76.72
A91: 11-06-2022 20:45 | B91: 1.09 | C91: 37.08 | D91: 38.18 | E91: 5.84 | F91: 3.38 | G91: 118.59 | H91: 31.04 | I91: 6.84 | J91: 1.21 | K91: 217.44 | L91: 34.98 | M91: 86.39 | N91: Maint. | O91: 0.4 | P91: 2.28 | Q91: 73.34
A92: 11-06-2022 21:00 | B92: 0.49 | C92: 35.05 | D92: 35.53 | E92: 5.76 | F92: 3.94 | G92: 105 | H92: 31.74 | I92: 6.37 | J92: 0.45 | K92: 220.67 | L92: 34.61 | M92: 90.32 | N92: Maint. | O92: 4 | P92: 2.17 | Q92: 77.05
A93: 11-06-2022 21:15 | B93: 0.24 | C93: 30.85 | D93: 31.1 | E93: 5.52 | F93: 4.78 | G93: 101.08 | H93: 32.25 | I93: 5.87 | J93: 2.19 | K93: 217.37 | L93: 33.08 | M93: 95 | N93: Maint. | O93: 2.4 | P93: 2.1 | Q93: 65.38
A94: 11-06-2022 21:30 | B94: 0.1 | C94: 26.6 | D94: 26.7 | E94: 4.97 | F94: 5.02 | G94: 101.08 | H94: 32.25 | I94: 5.39 | J94: 2.45 | K94: 214.54 | L94: 32.39 | M94: 93.36 | N94: Maint. | O94: 0.2 | P94: 2.03 | Q94: 61.14
A95: 11-06-2022 21:45 | B95: 0.09 | C95: 23.48 | D95: 23.57 | E95: 4.81 | F95: 3.95 | G95: 101.08 | H95: 32.25 | I95: 4.87 | J95: 1.54 | K95: 212.26 | L95: 32.69 | M95: 88.62 | N95: Maint. | O95: 0 | P95: 1.98 | Q95: 59.04
A96: 11-06-2022 22:00 | B96: 0.22 | C96: 22.05 | D96: 22.27 | E96: 4.99 | F96: 3.09 | G96: 82.06 | H96: 30.56 | I96: 4.4 | J96: 1.41 | K96: 219.87 | L96: 31.78 | M96: 89.47 | N96: Maint. | O96: 0 | P96: 1.95 | Q96: 57.57
A97: 11-06-2022 22:15 | B97: 0.28 | C97: 21.15 | D97: 21.42 | E97: 5.06 | F97: 2.49 | G97: 76.58 | H97: 29.32 | I97: 4.17 | J97: 1.51 | K97: 216.52 | L97: 31.79 | M97: 86.06 | N97: Maint. | O97: 0 | P97: 1.92 | Q97: 57.27
A98: 11-06-2022 22:30 | B98: 0.43 | C98: 20.94 | D98: 21.37 | E98: 4.75 | F98: 2.71 | G98: 76.58 | H98: 29.32 | I98: 4.03 | J98: 0.38 | K98: 257.62 | L98: 32.5 | M98: 82.18 | N98: Maint. | O98: 0 | P98: 1.88 | Q98: 57.08
A99: 11-06-2022 22:45 | B99: 0.61 | C99: 22.75 | D99: 23.36 | E99: 5.19 | F99: 3.16 | G99: 76.58 | H99: 29.32 | I99: 3.87 | J99: 0.47 | K99: 221.52 | L99: 32.62 | M99: 82.53 | N99: Maint. | O99: 0.4 | P99: 1.87 | Q99: 56.62
A100: 11-06-2022 23:00 | B100: 0.44 | C100: 22.48 | D100: 22.92 | E100: 3.07 | F100: 3.32 | G100: 55.44 | H100: 24.6 | I100: 3.67 | J100: 1.17 | K100: 231.22 | L100: 32.42 | M100: 84.63 | N100: Maint. | O100: 0 | P100: 1.84 | Q100: 69.54
... A104: 11-06-2022 24:00 | B104: 0.58 | C104: 20.04 | D104: 20.63 | E104: 5.08 | F104: 2.27 | G104: 26.51 | H104: 17.82 | I104: 3.13 | J104: 1.38 | K104: 204.62 | L104: 33.82 | M104: 75.95 | N104: Maint. | O104: 0 | P104: 1.81 | Q104: 59.08
A106: Min | B106: =MIN(B9:B104) -> 0.01 | C106: =MIN(C9:C104) -> 19.84 | D106: =MIN(D9:D104) -> 20 | E106: =MIN(E9:E104) -> 1.86 | F106: =MIN(F9:F104) -> 1.13 | G106: =MIN(G9:G104) -> 26.51 | H106: =MIN(H9:H104) -> 15.02 | I106: =MIN(I9:I104) -> 2.08 | ... Q106: =MIN(Q9:Q104) -> 51.23
A107: Max | B107: =MAX(B9:B104) -> 8.52 | C107: =MAX(C9:C104) -> 48.75 | D107: =MAX(D9:D104) -> 57.26 | E107: =MAX(E9:E104) -> 6.8 | F107: =MAX(F9:F104) -> 8.11 | G107: =MAX(G9:G104) -> 129.79 | H107: =MAX(H9:H104) -> 32.75 | I107: =MAX(I9:I104) -> 7.64 | ... Q107: =MAX(Q9:Q104) -> 140.58
A108: Avg | B108: =AVERAGE(B9:B104) -> 0.86287234 | C108: =AVERAGE(C9:C104) -> 28.701979 | D108: =AVERAGE(D9:D104) -> 29.547708 | E108: =AVERAGE(E9:E104) -> 4.546875 | F108: =AVERAGE(F9:F104) -> 4.3919792 | G108: =AVERAGE(G9:G104) -> 78.807813 | H108: =AVERAGE(H9:H104) -> 25.066979 | I108: =AVERAGE(I9:I104) -> 4.1290625 | ... Q108: =AVERAGE(Q9:Q104) -> 83.842708
A109: Stdev | B109: =STDEV(B9:B104) -> 1.5653827 | C109: =STDEV(C9:C104) -> 7.1073105 | D109: =STDEV(D9:D104) -> 8.3292773 | E109: =STDEV(E9:E104) -> 0.90563884 | F109: =STDEV(F9:F104) -> 1.9161165 | G109: =STDEV(G9:G104) -> 26.641282 | H109: =STDEV(H9:H104) -> 4.6328736 | I109: =STDEV(I9:I104) -> 1.6266446 | ... Q109: =STDEV(Q9:Q104) -> 24.222831
A110: Num | B110: 96 | C110: =COUNT(C9:C104) -> 96 | D110: =COUNT(D9:D104) -> 96 | E110: =COUNT(E9:E104) -> 96 | F110: =COUNT(F9:F104) -> 96 | G110: =COUNT(G9:G104) -> 96 | H110: =COUNT(H9:H104) -> 96 | I110: =COUNT(I9:I104) -> 96 | J110: =COUNT(J9:J104) -> 96 | ... M110: =COUNT(M9:M104) -> 96 | N110: =COUNT(N9:N104)+22 -> 96 | O110: =COUNT(O9:O104) -> 96 | P110: =COUNT(P9:P104) -> 96 | Q110: =COUNT(Q9:Q104) -> 96
A111: DCR | B111: =IF(B110>=87,">90%",IF(B110<=87,"<90%")) -> >90% | C111: =IF(C110>=87,">90%",IF(C110<=87,"<90%")) -> >90% | D111: =IF(D110>=87,">90%",IF(D110<=87,"<90%")) -> >90% | E111: =IF(E110>=87,">90%",IF(E110<=87,"<90%")) -> >90% | F111: =IF(F110>=87,">90%",IF(F110<=87,"<90%")) -> >90% | G111: =IF(G110>=87,">90%",IF(G110<=87,"<90%")) -> >90% | H111: =IF(H110>=87,">90%",IF(H110<=87,"<90%")) -> >90% | I111: =IF(I110>=87,">90%",IF(I110<=87,"<90%")) -> >90% | ... Q111: =IF(Q110>=87,">90%",IF(Q110<=87,"<90%")) -> >90%
A112: Status | B112: =IF(B110>=87,"OK",IF(B110<=87,"LESS")) -> OK | C112: =IF(C110>=87,"OK",IF(C110<=87,"LESS")) -> OK | D112: =IF(D110>=87,"OK",IF(D110<=87,"LESS")) -> OK | E112: =IF(E110>=87,"OK",IF(E110<=87,"LESS")) -> OK | F112: =IF(F110>=87,"OK",IF(F110<=87,"LESS")) -> OK | G112: =IF(G110>=87,"OK",IF(G110<=87,"LESS")) -> OK | H112: =IF(H110>=87,"OK",IF(H110<=87,"LESS")) -> OK | I112: =IF(I110>=87,"OK",IF(I110<=87,"LESS")) -> OK | ... Q112: =IF(Q110>=87,"OK",IF(Q110<=87,"LESS")) -> OK
A115: Done by | B115: Rahul
A117: Comment

Sheet 12
A1: Station: | B1: BHATAGAON RAIPUR
A2: Date: | B2: =$A$9 -> 12-06-2022 00:15 | D2: Power Off | G2: Pw.Off | L2: Link Fail | N2: Link F | P2: Maintenance | R2: Maint.
A3: Report Type: | B3: Mean | D3: Calibration | G3: Calib. | L3: Data Fail | N3: Data F | P3: Invalid | R3: Invalid
A4: Time Base: | B4: 15 Min | D4: Zero Referrence | G4: Z.Ref | L4: Warm Up | N4: Wm. Up
A7: Date & Time | B7: NO_BHATAGAON | C7: NO2__BHATAGAON | D7: NOX_BHATAGAON | E7: SO2__BHATAGAON | F7: O3__BHATAGAON | G7: PM10__BHATAGAON | H7: PM2_5__BHATAGAON | I7: BENZ__BHATAGAON | J7: WS__BHATAGAON | K7: WD__BHATAGAON | L7: TEMP__BHATAGAON | M7: HUM__BHATAGAON | N7: SR__BHATAGAON | O7: RG__BHATAGAON | P7: CO__BHATAGAON | Q7: NH3__BHATAGAON
B8: ug/m3 | C8: ug/m3 | D8: ug/m3 | E8: ug/m3 | F8: ug/m3 | G8: ug/m3 | H8: ug/m3 | I8: ug/m3 | J8: m/sec | K8: deg | L8: degreC | M8: % | N8: w/m2 | O8: mm | P8: mg/m3 | Q8: ug/m3
A9: 12-06-2022 00:15 | B9: 0.46 | C9: 19.56 | D9: 20.02 | E9: 5.06 | F9: 2.95 | G9: 21.03 | H9: 15.39 | I9: 3.07 | J9: 0.32 | K9: 311.37 | L9: 34.23 | M9: 75.54 | N9: Maint. | O9: 0 | P9: 1.79 | Q9: 58.57
A10: 12-06-2022 00:30 | B10: 0.26 | C10: 18.72 | D10: 18.97 | E10: 4.94 | F10: 4.37 | G10: 21.03 | H10: 15.39 | I10: 2.99 | J10: 0.65 | K10: 358.65 | L10: 34.87 | M10: 73.57 | N10: Maint. | O10: 0 | P10: 1.75 | Q10: 57.63
A11: 12-06-2022 00:45 | B11: 0.16 | C11: 17.93 | D11: 18.09 | E11: 4.98 | F11: 4.59 | G11: 21.03 | H11: 15.39 | I11: 2.84 | J11: 1.3 | K11: 357 | L11: 35.31 | M11: 71.61 | N11: Maint. | O11: 0 | P11: 1.75 | Q11: 55.94
A12: 12-06-2022 01:00 | B12: 0.12 | C12: 17.27 | D12: 17.4 | E12: 5.01 | F12: 4.72 | G12: 21 | H12: 12.82 | I12: 2.66 | J12: 0.78 | K12: 15.63 | L12: 37.99 | M12: 72.21 | N12: Maint. | O12: 0 | P12: 1.73 | Q12: 54.29
A13: 12-06-2022 01:15 | B13: 0.13 | C13: 16.93 | D13: 17.06 | E13: 4.54 | F13: 4.43 | G13: 21 | H13: 10.94 | I13: 2.49 | J13: 0.65 | K13: 336.52 | L13: 38.71 | M13: 73.71 | N13: 0.4 | O13: 0 | P13: 1.7 | Q13: 53.16
A14: 12-06-2022 01:30 | B14: 0.2 | C14: 16.97 | D14: 17.17 | E14: 4.69 | F14: 2.23 | G14: 21 | H14: 10.94 | I14: 2.34 | J14: 0.79 | K14: 343.42 | L14: 38.28 | M14: 74.17 | N14: 3.3 | O14: 0 | P14: 1.68 | Q14: 53.37
A15: 12-06-2022 01:45 | B15: 0.38 | C15: 17.13 | D15: 17.5 | E15: 5.09 | F15: 1.37 | G15: 21 | H15: 10.94 | I15: 2.26 | J15: 1.33 | K15: 332.84 | L15: 38.72 | M15: 74.53 | N15: 0.7 | O15: 0 | P15: 1.7 | Q15: 49.81
A16: 12-06-2022 02:00 | B16: 0.5 | C16: 18.39 | D16: 18.88 | E16: 4.91 | F16: 2.34 | G16: 23.39 | H16: 12.42 | I16: 2.26 | J16: 1.59 | K16: 347.97 | L16: 37.57 | M16: 75.61 | N16: 3.6 | O16: 0 | P16: 1.79 | Q16: 50.77
A17: 12-06-2022 02:15 | B17: 0.46 | C17: 19.53 | D17: 19.99 | E17: 5.35 | F17: 2.53 | G17: 24.14 | H17: 13.51 | I17: 2.42 | J17: 2.02 | K17: 326.3 | L17: 36.51 | M17: 79.39 | N17: 4.9 | O17: 0 | P17: 1.8 | Q17: 52.48
A18: 12-06-2022 02:30 | B18: 0.46 | C18: 19.59 | D18: 20.04 | E18: 5.92 | F18: 1.81 | G18: 24.14 | H18: 13.51 | I18: 3.19 | J18: 2.95 | K18: 311.9 | L18: 38.43 | M18: 81.42 | N18: 7.9 | O18: 0 | P18: 1.79 | Q18: 52.91
A19: 12-06-2022 02:45 | B19: 0.69 | C19: 20.66 | D19: 21.35 | E19: 6.55 | F19: 0.92 | G19: 24.14 | H19: 13.51 | I19: 3.28 | J19: 3.2 | K19: 310.66 | L19: 37.17 | M19: 82.2 | N19: 10.2 | O19: 0 | P19: 1.78 | Q19: 53.08
A20: 12-06-2022 03:00 | B20: 0.89 | C20: 22.53 | D20: 23.41 | E20: 3.26 | F20: 0.68 | G20: 32.89 | H20: 15.55 | I20: 3.32 | J20: 1.7 | K20: 331.37 | L20: 35.8 | M20: 81.04 | N20: 17.7 | O20: 0 | P20: 1.77 | Q20: 52.36
A21: 12-06-2022 03:15 | B21: 1.36 | C21: 22.99 | D21: 24.35 | E21: 5.81 | F21: 1.56 | G21: 35.64 | H21: 17.05 | I21: 3.29 | J21: 1.64 | K21: 333.29 | L21: 35.6 | M21: 80.42 | N21: 3.7 | O21: 0 | P21: 1.76 | Q21: 53.68
A22: 12-06-2022 03:30 | B22: 1.31 | C22: 21.79 | D22: 23.1 | E22: 5.7 | F22: 2.12 | G22: 35.64 | H22: 17.05 | I22: 3.21 | J22: 1.81 | K22: 325.68 | L22: 36.15 | M22: 79.83 | N22: 17.3 | O22: 0 | P22: 1.75 | Q22: 61.91
A23: 12-06-2022 03:45 | B23: 1.52 | C23: 20.87 | D23: 22.39 | E23: 5.65 | F23: 2.13 | G23: 35.64 | H23: 17.05 | I23: 3.11 | J23: 1.43 | K23: 337.55 | L23: 36.12 | M23: 79.08 | N23: 13.6 | O23: 0 | P23: 1.74 | Q23: 59.74
A24: 12-06-2022 04:00 | B24: 1.2 | C24: 20.48 | D24: 21.67 | E24: 5.88 | F24: 2.14 | G24: 23.04 | H24: 14.41 | I24: 3.03 | J24: 1.12 | K24: 344.88 | L24: 35.08 | M24: 78.41 | N24: 12.3 | O24: 0 | P24: 1.74 | Q24: 56.23
... A81: 12-06-2022 18:15 | B81: 0.46 | C81: 29.15 | D81: 29.61 | E81: 5.01 | F81: 4.5 | G81: 55.5 | H81: 22.29 | I81: 6.78 | J81: 0.81 | K81: 305.93 | L81: 49.27 | M81: 50.01 | N81: 6.6 | O81: 0 | P81: 2.25 | Q81: 30.9
A82: 12-06-2022 18:30 | B82: 0.67 | C82: 29.71 | D82: 30.38 | E82: 5.05 | F82: 3.78 | G82: 55.5 | H82: 22.29 | I82: 6.76 | J82: 0.77 | K82: 310.56 | L82: 47.53 | M82: 50.79 | N82: Maint. | O82: 0 | P82: 2.25 | Q82: 30.67
A83: 12-06-2022 18:45 | B83: 0.64 | C83: 29.81 | D83: 30.46 | E83: 4.79 | F83: 3.33 | G83: 55.5 | H83: 22.29 | I83: 6.63 | J83: 0.97 | K83: 242.22 | L83: 46.02 | M83: 47.49 | N83: Maint. | O83: 0 | P83: 2.25 | Q83: 30.29
A84: 12-06-2022 19:00 | B84: 0.58 | C84: 30.31 | D84: 30.89 | E84: 2.94 | F84: 2.95 | G84: 55.65 | H84: 19.93 | I84: 6.54 | J84: 0.89 | K84: 273.52 | L84: 48.7 | M84: 52.46 | N84: Maint. | O84: 0 | P84: 2.23 | Q84: 29.66
A85: 12-06-2022 19:15 | B85: 0.6 | C85: 32.97 | D85: 33.57 | E85: 5.31 | F85: 2.43 | G85: 55.69 | H85: 18.2 | I85: 6.38 | J85: 1.26 | K85: 244.61 | L85: 47.34 | M85: 51.1 | N85: Maint. | O85: 0 | P85: 2.24 | Q85: 29.1
A86: 12-06-2022 19:30 | B86: 0.74 | C86: 33.56 | D86: 34.29 | E86: 5.48 | F86: 1.9 | G86: 55.69 | H86: 18.2 | I86: 6.26 | J86: 1.29 | K86: 234.46 | L86: 47.3 | M86: 48.73 | N86: Maint. | O86: 0 | P86: 2.25 | Q86: 31.08
A87: 12-06-2022 19:45 | B87: 1.09 | C87: 34.21 | D87: 35.3 | E87: 5.72 | F87: 1.63 | G87: 55.69 | H87: 18.2 | I87: 6.26 | J87: 0.96 | K87: 318.36 | L87: 45.79 | M87: 50.83 | N87: Maint. | O87: 0 | P87: 2.31 | Q87: 34.95
A88: 12-06-2022 20:00 | B88: 2.53 | C88: 35.9 | D88: 38.43 | E88: 6.04 | F88: 1.13 | G88: 63.17 | H88: 21.74 | I88: 6.4 | J88: 1.21 | K88: 311.49 | L88: 47.29 | M88: 53.56 | N88: Maint. | O88: 0 | P88: 2.43 | Q88: 37.92
A89: 12-06-2022 20:15 | B89: 4.56 | C89: 37.34 | D89: 41.89 | E89: 6.25 | F89: 0.68 | G89: 65.37 | H89: 24.33 | I89: 6.64 | J89: 1.66 | K89: 335.21 | L89: 46.71 | M89: 58.81 | N89: Maint. | O89: 0 | P89: 2.54 | Q89: 40.46
A90: 12-06-2022 20:30 | B90: 7.01 | C90: 38.31 | D90: 45.32 | E90: 6.4 | F90: 0.6 | G90: 65.37 | H90: 24.33 | I90: 7.16 | J90: 1.46 | K90: 333.3 | L90: 45.55 | M90: 58.12 | N90: Maint. | O90: 0 | P90: 2.66 | Q90: 42.59
A91: 12-06-2022 20:45 | B91: 8.56 | C91: 39.2 | D91: 47.76 | E91: 7.06 | F91: 0.61 | G91: 65.37 | H91: 24.33 | I91: 7.66 | J91: 0.29 | K91: 233.21 | L91: 47.33 | M91: 56.03 | N91: Maint. | O91: 0 | P91: 2.74 | Q91: 43.55
A92: 12-06-2022 21:00 | B92: 10.35 | C92: 40.78 | D92: 51.13 | E92: 7.56 | F92: 0.28 | G92: 86.68 | H92: 27 | I92: 8.08 | J92: 1.35 | K92: 312.09 | L92: 43.44 | M92: 57.2 | N92: Maint. | O92: 0 | P92: 2.86 | Q92: 44.41
A93: 12-06-2022 21:15 | B93: 14.35 | C93: 40.3 | D93: 54.64 | E93: 7.48 | F93: 0.81 | G93: 92.83 | H93: 28.95 | I93: 8.43 | J93: 0.45 | K93: 178.94 | L93: 42.18 | M93: 56.98 | N93: Maint. | O93: 0 | P93: 3.02 | Q93: 51.17
... A104: 12-06-2022 24:00 | B104: 8.44 | C104: 34.94 | D104: 43.38 | E104: 6.45 | F104: 0.55 | G104: 102.2 | H104: 37.8 | I104: 8.92 | J104: 1.37 | K104: 195.44 | L104: 45.38 | M104: 64.5 | N104: Maint. | O104: 0 | P104: 2.74 | Q104: 34.92
A106: Min | B106: =MIN(B9:B104) -> 0.12 | C106: =MIN(C9:C104) -> 16.93 | D106: =MIN(D9:D104) -> 17.06 | E106: =MIN(E9:E104) -> 2.39 | F106: =MIN(F9:F104) -> 0.28 | G106: =MIN(G9:G104) -> 19.09 | H106: =MIN(H9:H104) -> 10.94 | I106: =MIN(I9:I104) -> 2.26 | ... Q106: =MIN(Q9:Q104) -> 29.1
A107: Max | B107: =MAX(B9:B104) -> 18.22 | C107: =MAX(C9:C104) -> 42.09 | D107: =MAX(D9:D104) -> 60.31 | E107: =MAX(E9:E104) -> 8.75 | F107: =MAX(F9:F104) -> 7.56 | G107: =MAX(G9:G104) -> 117.15 | H107: =MAX(H9:H104) -> 37.8 | I107: =MAX(I9:I104) -> 10.34 | ... Q107: =MAX(Q9:Q104) -> 61.91
A108: Avg | B108: =AVERAGE(B9:B104) -> 3.253125 | C108: =AVERAGE(C9:C104) -> 29.060521 | D108: =AVERAGE(D9:D104) -> 32.3125 | E108: =AVERAGE(E9:E104) -> 5.4805208 | F108: =AVERAGE(F9:F104) -> 2.5797917 | G108: =AVERAGE(G9:G104) -> 56.422083 | H108: =AVERAGE(H9:H104) -> 21.0425 | I108: =AVERAGE(I9:I104) -> 6.1015625 | ... Q108: =AVERAGE(Q9:Q104) -> 44.386354
A109: Stdev | B109: =STDEV(B9:B104) -> 4.4553746 | C109: =STDEV(C9:C104) -> 7.015431 | D109: =STDEV(D9:D104) -> 10.460649 | E109: =STDEV(E9:E104) -> 1.0904064 | F109: =STDEV(F9:F104) -> 2.1380542 | G109: =STDEV(G9:G104) -> 26.210664 | H109: =STDEV(H9:H104) -> 6.0172956 | I109: =STDEV(I9:I104) -> 2.4839787 | ... Q109: =STDEV(Q9:Q104) -> 8.1815155
A110: Num | B110: =COUNT(B9:B104) -> 96 | C110: =COUNT(C9:C104) -> 96 | D110: =COUNT(D9:D104) -> 96 | E110: =COUNT(E9:E104) -> 96 | F110: =COUNT(F9:F104) -> 96 | G110: =COUNT(G9:G104) -> 96 | H110: =COUNT(H9:H104) -> 96 | I110: =COUNT(I9:I104) -> 96 | ... M110: =COUNT(M9:M104) -> 96 | N110: =COUNT(N9:N104)+27 -> 96 | O110: =COUNT(O9:O104) -> 96 | P110: =COUNT(P9:P104) -> 96 | Q110: =COUNT(Q9:Q104) -> 96
A111: DCR | B111: =IF(B110>=87,">90%",IF(B110<=87,"<90%")) -> >90% | C111: =IF(C110>=87,">90%",IF(C110<=87,"<90%")) -> >90% | D111: =IF(D110>=87,">90%",IF(D110<=87,"<90%")) -> >90% | E111: =IF(E110>=87,">90%",IF(E110<=87,"<90%")) -> >90% | F111: =IF(F110>=87,">90%",IF(F110<=87,"<90%")) -> >90% | G111: =IF(G110>=87,">90%",IF(G110<=87,"<90%")) -> >90% | H111: =IF(H110>=87,">90%",IF(H110<=87,"<90%")) -> >90% | I111: =IF(I110>=87,">90%",IF(I110<=87,"<90%")) -> >90% | ... Q111: =IF(Q110>=87,">90%",IF(Q110<=87,"<90%")) -> >90%
A112: Status | B112: =IF(B110>=87,"OK",IF(B110<=87,"LESS")) -> OK | C112: =IF(C110>=87,"OK",IF(C110<=87,"LESS")) -> OK | D112: =IF(D110>=87,"OK",IF(D110<=87,"LESS")) -> OK | E112: =IF(E110>=87,"OK",IF(E110<=87,"LESS")) -> OK | F112: =IF(F110>=87,"OK",IF(F110<=87,"LESS")) -> OK | G112: =IF(G110>=87,"OK",IF(G110<=87,"LESS")) -> OK | H112: =IF(H110>=87,"OK",IF(H110<=87,"LESS")) -> OK | I112: =IF(I110>=87,"OK",IF(I110<=87,"LESS")) -> OK | ... Q112: =IF(Q110>=87,"OK",IF(Q110<=87,"LESS")) -> OK
A115: Done by | B115: Rahul
A117: Comment

Sheet 13
A1: Station: | B1: BHATAGAON RAIPUR
A2: Date: | B2: =$A$9 -> 13-06-2022 00:15 | D2: Power Off | G2: Pw.Off | L2: Link Fail | N2: Link F | P2: Maintenance | R2: Maint.
A3: Report Type: | B3: Mean | D3: Calibration | G3: Calib. | L3: Data Fail | N3: Data F | P3: Invalid | R3: Invalid
A4: Time Base: | B4: 15 Min | D4: Zero Referrence | G4: Z.Ref | L4: Warm Up | N4: Wm. Up
A7: Date & Time | B7: NO_BHATAGAON | C7: NO2__BHATAGAON | D7: NOX_BHATAGAON | E7: SO2__BHATAGAON | F7: O3__BHATAGAON | G7: PM10__BHATAGAON | H7: PM2_5__BHATAGAON | I7: BENZ__BHATAGAON | J7: WS__BHATAGAON | K7: WD__BHATAGAON | L7: TEMP__BHATAGAON | M7: HUM__BHATAGAON | N7: SR__BHATAGAON | O7: RG__BHATAGAON | P7: CO__BHATAGAON | Q7: NH3__BHATAGAON
B8: ug/m3 | C8: ug/m3 | D8: ug/m3 | E8: ug/m3 | F8: ug/m3 | G8: ug/m3 | H8: ug/m3 | I8: ug/m3 | J8: m/sec | K8: deg | L8: degreC | M8: % | N8: w/m2 | O8: mm | P8: mg/m3 | Q8: ug/m3
A9: 13-06-2022 00:15 | B9: 7.81 | C9: 33.49 | D9: 41.29 | E9: 6.45 | F9: 0.31 | G9: 97.81 | H9: 38.82 | I9: 8.71 | J9: 2.41 | K9: 172.71 | L9: 42.94 | M9: 64.6 | N9: Maint. | O9: 0 | P9: 2.68 | Q9: 35.45
A10: 13-06-2022 00:30 | B10: 6.94 | C10: 32.05 | D10: 38.99 | E10: 6.56 | F10: 0.56 | G10: 97.81 | H10: 38.82 | I10: 8.53 | J10: 2.72 | K10: 169.7 | L10: 44.68 | M10: 64.34 | N10: Maint. | O10: 0 | P10: 2.63 | Q10: 36.73
A11: 13-06-2022 00:45 | B11: 5.93 | C11: 31.07 | D11: 37.01 | E11: 6.98 | F11: 0.28 | G11: 97.81 | H11: 38.82 | I11: 8.36 | J11: 2.23 | K11: 172.45 | L11: 42.46 | M11: 64.02 | N11: Maint. | O11: 0 | P11: 2.57 | Q11: 36.85
A12: 13-06-2022 01:00 | B12: 5.18 | C12: 29.68 | D12: 34.86 | E12: 6.8 | F12: 0.58 | G12: 82.71 | H12: 36.66 | I12: 8.18 | J12: 2.23 | K12: 178.18 | L12: 41.03 | M12: 63.85 | N12: Maint. | O12: 0 | P12: 2.52 | Q12: 36.39
A13: 13-06-2022 01:15 | B13: 4.59 | C13: 28.29 | D13: 32.88 | E13: 6.88 | F13: 0.58 | G13: 78.35 | H13: 35.08 | I13: 7.95 | J13: 3.36 | K13: 158.83 | L13: 41.49 | M13: 64.44 | N13: Maint. | O13: 0 | P13: 2.47 | Q13: 35.8
A14: 13-06-2022 01:30 | B14: 4.1 | C14: 27.1 | D14: 31.2 | E14: 7.11 | F14: 1.02 | G14: 78.35 | H14: 35.08 | I14: 7.72 | J14: 2.41 | K14: 172.87 | L14: 41.14 | M14: 64.78 | N14: Maint. | O14: 0 | P14: 2.41 | Q14: 36.27
A15: 13-06-2022 01:45 | B15: 3.55 | C15: 24.53 | D15: 28.09 | E15: 7.09 | F15: 1.51 | G15: 78.35 | H15: 35.08 | I15: 7.52 | J15: 2.85 | K15: 163.24 | L15: 40.61 | M15: 65.63 | N15: Maint. | O15: 0 | P15: 2.34 | Q15: 39.48
A16: 13-06-2022 02:00 | B16: 2.93 | C16: 23.39 | D16: 26.32 | E16: 6.97 | F16: 1.23 | G16: 68.26 | H16: 30.83 | I16: 7.14 | J16: 2.18 | K16: 174.49 | L16: 39.95 | M16: 65.4 | N16: Maint. | O16: 0 | P16: 2.27 | Q16: 38.56
A17: 13-06-2022 02:15 | B17: 2.49 | C17: 22.28 | D17: 24.77 | E17: 6.96 | F17: 1.81 | G17: 65.15 | H17: 27.73 | I17: 6.73 | J17: 2.67 | K17: 166.04 | L17: 39.86 | M17: 65.12 | N17: Maint. | O17: 0 | P17: 2.22 | Q17: 35.82
A18: 13-06-2022 02:30 | B18: 2.16 | C18: 21.41 | D18: 23.57 | E18: 6.94 | F18: 1.07 | G18: 65.15 | H18: 27.73 | I18: 6.33 | J18: 1.79 | K18: 185.23 | L18: 39.84 | M18: 65.67 | N18: Maint. | O18: 0 | P18: 2.16 | Q18: 33.98
A19: 13-06-2022 02:45 | B19: 1.97 | C19: 21.01 | D19: 22.98 | E19: 6.98 | F19: 0.99 | G19: 65.15 | H19: 27.73 | I19: 5.97 | J19: 2.19 | K19: 166.13 | L19: 39.23 | M19: 65.89 | N19: Maint. | O19: 0 | P19: 2.11 | Q19: 32.62
A20: 13-06-2022 03:00 | B20: 1.85 | C20: 20 | D20: 21.85 | E20: 4 | F20: 1.4 | G20: 55.32 | H20: 24.53 | I20: 5.63 | J20: 2.14 | K20: 155.12 | L20: 39.57 | M20: 66.47 | N20: Maint. | O20: 0 | P20: 2.07 | Q20: 31.57
... A30: 13-06-2022 05:30 | B30: 4.92 | C30: 20.92 | D30: 25.83 | E30: 8.94 | F30: 0.12 | G30: 37.52 | H30: 19.39 | I30: 4.39 | J30: 2.08 | K30: 169.01 | L30: 39.27 | M30: 69.99 | N30: Maint. | O30: 0 | P30: 1.92 | Q30: 31.49
A31: 13-06-2022 05:45 | B31: 5.82 | C31: 21.18 | D31: 27 | E31: 9.04 | F31: 0.03 | G31: 37.52 | H31: 19.39 | I31: 4.41 | J31: 2.49 | K31: 163.95 | L31: 37.91 | M31: 70.18 | N31: 7 | O31: 0 | P31: 1.91 | Q31: 32.33
A32: 13-06-2022 06:00 | B32: 6.74 | C32: 22.23 | D32: 28.98 | E32: 9.17 | F32: 0.21 | G32: 44.88 | H32: 18.04 | I32: 4.42 | J32: 2.27 | K32: 166.89 | L32: 38.09 | M32: 69.75 | N32: 39.7 | O32: 0 | P32: 1.91 | Q32: 34.61
A33: 13-06-2022 06:15 | B33: 7.33 | C33: 22.1 | D33: 29.44 | E33: 8.94 | F33: 1.03 | G33: 47.18 | H33: 17.06 | I33: 4.54 | J33: 2.57 | K33: 159.56 | L33: 37.83 | M33: 67.32 | N33: 88.1 | O33: 0 | P33: 1.92 | Q33: 38.8
A34: 13-06-2022 06:30 | B34: 7.45 | C34: 22.6 | D34: 30.06 | E34: 8.76 | F34: 0.62 | G34: 47.18 | H34: 17.06 | I34: 4.6 | J34: 2.41 | K34: 165.85 | L34: 37.57 | M34: 65.84 | N34: 128.2 | O34: 0 | P34: 1.92 | Q34: 39.28
A35: 13-06-2022 06:45 | B35: 7.44 | C35: 23.18 | D35: 30.63 | E35: 8.62 | F35: 0.84 | G35: 47.18 | H35: 17.06 | I35: 4.59 | J35: 2.19 | K35: 180.78 | L35: 37.55 | M35: 63.44 | N35: 178.3 | O35: 0 | P35: 1.92 | Q35: 38.26
A36: 13-06-2022 07:00 | B36: 6.93 | C36: 23.94 | D36: 30.87 | E36: 3.93 | F36: 0.42 | G36: 49.66 | H36: 17.9 | I36: 4.62 | J36: 2.21 | K36: 188.5 | L36: 37.68 | M36: 63.65 | N36: 233.6 | O36: 0 | P36: 1.91 | Q36: 36.68
A37: 13-06-2022 07:15 | B37: 6.11 | C37: 23.95 | D37: 30.05 | E37: 7.32 | F37: 0.32 | G37: 50.75 | H37: 18.51 | I37: 4.61 | J37: 2.66 | K37: 170.24 | L37: 38.19 | M37: 62.6 | N37: 293.8 | O37: 0 | P37: 1.91 | Q37: 35
A38: 13-06-2022 07:30 | B38: 5.25 | C38: 23.97 | D38: 29.21 | E38: 6.89 | F38: 0.75 | G38: 50.75 | H38: 18.51 | I38: 4.59 | J38: 1.79 | K38: 196.12 | L38: 38.63 | M38: 60.29 | N38: 363.8 | O38: 0 | P38: 1.9 | Q38: 33.86
A39: 13-06-2022 07:45 | B39: 4.15 | C39: 23.97 | D39: 28.12 | E39: 6.79 | F39: 1.18 | G39: 50.75 | H39: 18.51 | I39: 4.53 | J39: 1.66 | K39: 205.61 | L39: 39.23 | M39: 58.32 | N39: 429 | O39: 0 | P39: 1.9 | Q39: 32.89
A40: 13-06-2022 08:00 | B40: 3.04 | C40: 23.73 | D40: 26.78 | E40: 7.15 | F40: 1.25 | G40: 44.53 | H40: 18.33 | I40: 4.46 | J40: 2.02 | K40: 212.6 | L40: 39.75 | M40: 56.97 | N40: 488 | O40: 0 | P40: 1.89 | Q40: 31.52
A41: 13-06-2022 08:15 | B41: 2.21 | C41: 23.46 | D41: 25.67 | E41: 7.06 | F41: 1.7 | G41: 41.72 | H41: 18.2 | I41: 4.36 | J41: 0.87 | K41: 229.63 | L41: 40.48 | M41: 54.52 | N41: 550.8 | O41: 0 | P41: 1.88 | Q41: 30.21
A42: 13-06-2022 08:30 | B42: 1.54 | C42: 24.89 | D42: 26.43 | E42: 6.75 | F42: 2.47 | G42: 41.72 | H42: 18.2 | I42: 4.24 | J42: 1.07 | K42: 213.02 | L42: 41.03 | M42: 52.6 | N42: 599 | O42: 0 | P42: 1.88 | Q42: 29.2
... A59: 13-06-2022 12:45 | B59: 0.06 | C59: 23.77 | D59: 23.83 | E59: 3.27 | F59: 22.95 | G59: 62.33 | H59: 14.95 | I59: 4 | J59: 1 | K59: 245.31 | L59: 45.41 | M59: 43.8 | N59: 995.1 | O59: 0 | P59: 2.1 | Q59: 27.76
A60: 13-06-2022 13:00 | B60: Z.Ref | C60: 25.91 | D60: 25.91 | E60: 3.08 | F60: 23.13 | G60: 60.37 | H60: 18.54 | I60: 3.89 | J60: 0.73 | K60: 240.02 | L60: 46.06 | M60: 43.21 | N60: 963.3 | O60: 0 | P60: 2.11 | Q60: 28.16
A61: 13-06-2022 13:15 | B61: 0.05 | C61: 24.65 | D61: 24.7 | E61: 2.54 | F61: 19.09 | G61: 59.81 | H61: 21.16 | I61: 3.91 | J61: 0.8 | K61: 341.42 | L61: 47.02 | M61: 42.24 | N61: 958 | O61: 0 | P61: 2.07 | Q61: 27.83
A62: 13-06-2022 13:30 | B62: 0.13 | C62: 23.56 | D62: 23.68 | E62: 2.45 | F62: 14.35 | G62: 59.81 | H62: 21.16 | I62: 4.12 | J62: 0.72 | K62: 288.87 | L62: 47.02 | M62: 41.98 | N62: 870.1 | O62: 0 | P62: 2.09 | Q62: 28.74
A63: 13-06-2022 13:45 | B63: 0.08 | C63: 23.79 | D63: 23.88 | E63: 3.08 | F63: 18.78 | G63: 59.81 | H63: 21.16 | I63: 4.13 | J63: 1.95 | K63: 318.99 | L63: 48.45 | M63: 41.41 | N63: 801.6 | O63: 0 | P63: 2.1 | Q63: 39.77
A64: 13-06-2022 14:00 | B64: 0.17 | C64: 26.47 | D64: 26.64 | E64: 3.34 | F64: 23.9 | G64: 62.32 | H64: 20.82 | I64: 4.39 | J64: 1.22 | K64: 306.98 | L64: 49.03 | M64: 40.31 | N64: 782.1 | O64: 0 | P64: 2.12 | Q64: 44.75
A65: 13-06-2022 14:15 | B65: 0.36 | C65: 26.31 | D65: 26.67 | E65: 2.24 | F65: 11.4 | G65: 63.05 | H65: 20.56 | I65: 4.51 | J65: 1.63 | K65: 314.95 | L65: 49.31 | M65: 40.07 | N65: 748.4 | O65: 0 | P65: 2.08 | Q65: 49.56
A66: 13-06-2022 14:30 | B66: 0.33 | C66: 25.86 | D66: 26.19 | E66: 2.75 | F66: 17.55 | G66: 63.05 | H66: 20.56 | I66: 4.47 | J66: 0.99 | K66: 270.07 | L66: 51.15 | M66: 39.71 | N66: 653.5 | O66: 0 | P66: 2.06 | Q66: 64.63
A67: 13-06-2022 14:45 | B67: 0.32 | C67: 26.28 | D67: 26.6 | E67: 2.38 | F67: 14.76 | G67: 63.05 | H67: 20.56 | I67: 4.57 | J67: 0.85 | K67: 295.34 | L67: 50.83 | M67: 38.86 | N67: 719.7 | O67: 0 | P67: 2.04 | Q67: 75.36
A68: 13-06-2022 15:00 | B68: 0.62 | C68: 29.16 | D68: 29.77 | E68: 2.13 | F68: 14.83 | G68: 60.71 | H68: 19.06 | I68: 4.34 | J68: 0.59 | K68: 235.2 | L68: 53.37 | M68: 37.96 | N68: 650.8 | O68: 0 | P68: 2.01 | Q68: 88.6
A69: 13-06-2022 15:15 | B69: 0.5 | C69: 29.2 | D69: 29.7 | E69: 3.93 | F69: 13.77 | G69: 60.03 | H69: 17.97 | I69: 4.25 | J69: 0.94 | K69: 334.1 | L69: 51.08 | M69: 38.13 | N69: 601.5 | O69: 0 | P69: 2.03 | Q69: 77.55
A70: 13-06-2022 15:30 | B70: 0.47 | C70: 29.23 | D70: 29.7 | E70: 3.84 | F70: 12.68 | G70: 60.03 | H70: 17.97 | I70: 4.03 | J70: 1.32 | K70: 224.19 | L70: 49.91 | M70: 37.25 | N70: 545 | O70: 0 | P70: 2.08 | Q70: 81.02
A71: 13-06-2022 15:45 | B71: 0.22 | C71: 25.99 | D71: 26.21 | E71: 3.68 | F71: 13.13 | G71: 60.03 | H71: 17.97 | I71: 4.02 | J71: 0.62 | K71: 215.67 | L71: 49.06 | M71: 37.24 | N71: 495.6 | O71: 0 | P71: 2.06 | Q71: 84.91
A72: 13-06-2022 16:00 | B72: 0.32 | C72: 26.46 | D72: 26.77 | E72: 4.04 | F72: 16.36 | G72: 52.93 | H72: 17.79 | I72: 4.34 | J72: 0.54 | K72: 42.41 | L72: 49.1 | M72: 36.64 | N72: 442.7 | O72: 0 | P72: 2.07 | Q72: 84.43
... A81: 13-06-2022 18:15 | B81: 0.27 | C81: 28.07 | D81: 28.34 | E81: 3.74 | F81: 4.48 | G81: 47.2 | H81: 17.28 | I81: 4.09 | J81: 0.57 | K81: 288.74 | L81: 46.17 | M81: 44.12 | N81: 6.9 | O81: 0 | P81: 2.08 | Q81: 82.3
A82: 13-06-2022 18:30 | B82: 0.44 | C82: 26.01 | D82: 26.45 | E82: 4.23 | F82: 3.09 | G82: 47.2 | H82: 17.28 | I82: 4.04 | J82: 1.14 | K82: 330.31 | L82: 45.29 | M82: 46.63 | N82: Maint. | O82: 0 | P82: 2.14 | Q82: 72.15
A83: 13-06-2022 18:45 | B83: 0.89 | C83: 25.17 | D83: 26.07 | E83: 4.18 | F83: 2.4 | G83: 47.2 | H83: 17.28 | I83: 4.15 | J83: 0.74 | K83: 331.14 | L83: 45.15 | M83: 46.77 | N83: Maint. | O83: 0 | P83: 2.17 | Q83: 79.29
A84: 13-06-2022 19:00 | B84: 1.33 | C84: 24.86 | D84: 26.19 | E84: 2.37 | F84: 0.53 | G84: 61.27 | H84: 20.63 | I84: 4.36 | J84: 1.55 | K84: 339.83 | L84: 44.14 | M84: 51.44 | N84: Maint. | O84: 0 | P84: 2.2 | Q84: 70.67
A85: 13-06-2022 19:15 | B85: 2.89 | C85: 27.61 | D85: 30.5 | E85: 4.26 | F85: 1.27 | G85: 65.33 | H85: 23.08 | I85: 4.53 | J85: 1.57 | K85: 340.24 | L85: 43.57 | M85: 52.74 | N85: Maint. | O85: 0 | P85: 2.28 | Q85: 74.33
A86: 13-06-2022 19:30 | B86: 5.57 | C86: 30.91 | D86: 36.48 | E86: 4.44 | F86: 1.48 | G86: 65.33 | H86: 23.08 | I86: 4.82 | J86: 0.87 | K86: 295.49 | L86: 45.2 | M86: 47.79 | N86: Maint. | O86: 0 | P86: 2.39 | Q86: 99.42
A87: 13-06-2022 19:45 | B87: 5.65 | C87: 33.15 | D87: 38.79 | E87: 4.88 | F87: 1.44 | G87: 65.33 | H87: 23.08 | I87: 5.11 | J87: 0.74 | K87: 255.4 | L87: 48.42 | M87: 43.22 | N87: Maint. | O87: 0 | P87: 2.49 | Q87: 84.61
A88: 13-06-2022 20:00 | B88: 6.11 | C88: 34.12 | D88: 40.24 | E88: 4.79 | F88: 1.47 | G88: 71.27 | H88: 24.08 | I88: 5.55 | J88: 1.13 | K88: 246.1 | L88: 47.97 | M88: 44.1 | N88: Maint. | O88: 0 | P88: 2.6 | Q88: 86.61
A89: 13-06-2022 20:15 | B89: 5.83 | C89: 36.02 | D89: 41.85 | E89: 4.93 | F89: 1.19 | G89: 73.02 | H89: 24.8 | I89: 6 | J89: 1.72 | K89: 183.82 | L89: 47.11 | M89: 45.54 | N89: Maint. | O89: 0 | P89: 2.67 | Q89: 82.27
A90: 13-06-2022 20:30 | B90: 5.32 | C90: 34.77 | D90: 40.09 | E90: 5.3 | F90: 1.28 | G90: 73.02 | H90: 24.8 | I90: 6.54 | J90: 1.71 | K90: 186.78 | L90: 46.29 | M90: 47.73 | N90: Maint. | O90: 0 | P90: 2.66 | Q90: 76.45
A91: 13-06-2022 20:45 | B91: 4.88 | C91: 33.55 | D91: 38.42 | E91: 5.34 | F91: 1.29 | G91: 73.02 | H91: 24.8 | I91: 6.97 | J91: 0.97 | K91: 305.09 | L91: 45.66 | M91: 49.85 | N91: Maint. | O91: 0 | P91: 2.64 | Q91: 75.85
A92: 13-06-2022 21:00 | B92: 6.04 | C92: 33.86 | D92: 39.91 | E92: 5.01 | F92: 1.19 | G92: 86.93 | H92: 26.73 | I92: 7.05 | J92: 2.32 | K92: 347.81 | L92: 45.43 | M92: 50.68 | N92: Maint. | O92: 0 | P92: 2.72 | Q92: 71.26
A93: 13-06-2022 21:15 | B93: 8.06 | C93: 33.22 | D93: 41.28 | E93: 5.55 | F93: 1.3 | G93: 90.94 | H93: 28.13 | I93: 7.04 | J93: 2.98 | K93: 8.65 | L93: 45.33 | M93: 46.58 | N93: Maint. | O93: 0 | P93: 2.8 | Q93: 69.36
... A104: 13-06-2022 24:00 | B104: 12.11 | C104: 26.04 | D104: 38.14 | E104: 7.01 | F104: 1.17 | G104: 103.22 | H104: 30.95 | I104: 7.93 | J104: 1.64 | K104: 230.34 | L104: 46.18 | M104: 55.7 | N104: Maint. | O104: 0 | P104: 2.81 | Q104: 79.76
A106: Min | B106: =MIN(B9:B104) -> 0.05 | C106: =MIN(C9:C104) -> 19 | D106: =MIN(D9:D104) -> 19.93 | E106: =MIN(E9:E104) -> 2.13 | F106: =MIN(F9:F104) -> 0.03 | G106: =MIN(G9:G104) -> 37.52 | H106: =MIN(H9:H104) -> 14.95 | I106: =MIN(I9:I104) -> 3.79 | ... Q106: =MIN(Q9:Q104) -> 26.39
A107: Max | B107: =MAX(B9:B104) -> 13.79 | C107: =MAX(C9:C104) -> 36.02 | D107: =MAX(D9:D104) -> 44.34 | E107: =MAX(E9:E104) -> 9.17 | F107: =MAX(F9:F104) -> 23.9 | G107: =MAX(G9:G104) -> 103.87 | H107: =MAX(H9:H104) -> 38.82 | I107: =MAX(I9:I104) -> 8.71 | ... Q107: =MAX(Q9:Q104) -> 99.42
A108: Avg | B108: =AVERAGE(B9:B104) -> 3.5366316 | C108: =AVERAGE(C9:C104) -> 25.659688 | D108: =AVERAGE(D9:D104) -> 29.159896 | E108: =AVERAGE(E9:E104) -> 5.453125 | F108: =AVERAGE(F9:F104) -> 5.5553125 | G108: =AVERAGE(G9:G104) -> 62.669583 | H108: =AVERAGE(H9:H104) -> 22.396042 | I108: =AVERAGE(I9:I104) -> 5.2342708 | ... Q108: =AVERAGE(Q9:Q104) -> 49.914063
A109: Stdev | B109: =STDEV(B9:B104) -> 3.7330458 | C109: =STDEV(C9:C104) -> 4.3360432 | D109: =STDEV(D9:D104) -> 6.1544853 | E109: =STDEV(E9:E104) -> 1.9173146 | F109: =STDEV(F9:F104) -> 6.8826904 | G109: =STDEV(G9:G104) -> 18.414312 | H109: =STDEV(H9:H104) -> 5.9059557 | I109: =STDEV(I9:I104) -> 1.5046676 | ... Q109: =STDEV(Q9:Q104) -> 22.737939
A110: Num | B110: =COUNT(B9:B104)+1 -> 96 | C110: =COUNT(C9:C104) -> 96 | D110: =COUNT(D9:D104) -> 96 | E110: =COUNT(E9:E104) -> 96 | F110: =COUNT(F9:F104) -> 96 | G110: =COUNT(G9:G104) -> 96 | H110: =COUNT(H9:H104) -> 96 | I110: =COUNT(I9:I104) -> 96 | J110: =COUNT(J9:J104) -> 96 | ... M110: =COUNT(M9:M104) -> 96 | N110: =COUNT(N9:N104)+45 -> 96 | O110: =COUNT(O9:O104) -> 96 | P110: =COUNT(P9:P104) -> 96 | Q110: =COUNT(Q9:Q104) -> 96
A111: DCR | B111: =IF(B110>=87,">90%",IF(B110<=87,"<90%")) -> >90% | C111: =IF(C110>=87,">90%",IF(C110<=87,"<90%")) -> >90% | D111: =IF(D110>=87,">90%",IF(D110<=87,"<90%")) -> >90% | E111: =IF(E110>=87,">90%",IF(E110<=87,"<90%")) -> >90% | F111: =IF(F110>=87,">90%",IF(F110<=87,"<90%")) -> >90% | G111: =IF(G110>=87,">90%",IF(G110<=87,"<90%")) -> >90% | H111: =IF(H110>=87,">90%",IF(H110<=87,"<90%")) -> >90% | I111: =IF(I110>=87,">90%",IF(I110<=87,"<90%")) -> >90% | ... Q111: =IF(Q110>=87,">90%",IF(Q110<=87,"<90%")) -> >90%
A112: Status | B112: =IF(B110>=87,"OK",IF(B110<=87,"LESS")) -> OK | C112: =IF(C110>=87,"OK",IF(C110<=87,"LESS")) -> OK | D112: =IF(D110>=87,"OK",IF(D110<=87,"LESS")) -> OK | E112: =IF(E110>=87,"OK",IF(E110<=87,"LESS")) -> OK | F112: =IF(F110>=87,"OK",IF(F110<=87,"LESS")) -> OK | G112: =IF(G110>=87,"OK",IF(G110<=87,"LESS")) -> OK | H112: =IF(H110>=87,"OK",IF(H110<=87,"LESS")) -> OK | I112: =IF(I110>=87,"OK",IF(I110<=87,"LESS")) -> OK | ... Q112: =IF(Q110>=87,"OK",IF(Q110<=87,"LESS")) -> OK
A115: Done by | B115: Rahul
A117: Comment

Sheet 14
A1: Station: | B1: BHATAGAON RAIPUR
A2: Date: | B2: =$A$9 -> 14-06-2022 00:15 | D2: Power Off | G2: Pw.Off | L2: Link Fail | N2: Link F | P2: Maintenance | R2: Maint.
A3: Report Type: | B3: Mean | D3: Calibration | G3: Calib. | L3: Data Fail | N3: Data F | P3: Invalid | R3: Invalid
A4: Time Base: | B4: 15 Min | D4: Zero Referrence | G4: Z.Ref | L4: Warm Up | N4: Wm. Up
A7: Date & Time | B7: NO_BHATAGAON | C7: NO2__BHATAGAON | D7: NOX_BHATAGAON | E7: SO2__BHATAGAON | F7: O3__BHATAGAON | G7: PM10__BHATAGAON | H7: PM2_5__BHATAGAON | I7: BENZ__BHATAGAON | J7: WS__BHATAGAON | K7: WD__BHATAGAON | L7: TEMP__BHATAGAON | M7: HUM__BHATAGAON | N7: SR__BHATAGAON | O7: RG__BHATAGAON | P7: CO__BHATAGAON | Q7: NH3__BHATAGAON
B8: ug/m3 | C8: ug/m3 | D8: ug/m3 | E8: ug/m3 | F8: ug/m3 | G8: ug/m3 | H8: ug/m3 | I8: ug/m3 | J8: m/sec | K8: deg | L8: degreC | M8: % | N8: w/m2 | O8: mm | P8: mg/m3 | Q8: ug/m3
A9: 14-06-2022 00:15 | B9: 10.63 | C9: 25.47 | D9: 36.09 | E9: 6.63 | F9: 0.96 | G9: 103.03 | H9: 30.12 | I9: 7.68 | J9: 1.55 | K9: 276.15 | L9: 47 | M9: 57.14 | N9: Maint. | O9: 0 | P9: 2.73 | Q9: 74.21
A10: 14-06-2022 00:30 | B10: 9.02 | C10: 24.67 | D10: 33.68 | E10: 6.42 | F10: 1.07 | G10: 103.03 | H10: 30.12 | I10: 7.36 | J10: 1.66 | K10: 265.15 | L10: 46.83 | M10: 58.01 | N10: Maint. | O10: 0 | P10: 2.65 | Q10: 71.07
A11: 14-06-2022 00:45 | B11: 7.66 | C11: 24.5 | D11: 32.17 | E11: 6.28 | F11: 0.93 | G11: 103.03 | H11: 30.12 | I11: 6.97 | J11: 1.33 | K11: 286.95 | L11: 33.34 | M11: 59.11 | N11: Maint. | O11: 0 | P11: 2.59 | Q11: 67.74
A12: 14-06-2022 01:00 | B12: 6.62 | C12: 24.69 | D12: 31.31 | E12: 6.3 | F12: 0.52 | G12: 97.03 | H12: 30.49 | I12: 6.67 | J12: 1.26 | K12: 240.94 | L12: 33.45 | M12: 57.57 | N12: Maint. | O12: 0 | P12: 2.53 | Q12: 63.64
A13: 14-06-2022 01:15 | B13: 5.35 | C13: 23.26 | D13: 28.62 | E13: 6.36 | F13: 0.94 | G13: 95.3 | H13: 30.75 | I13: 6.42 | J13: 1.83 | K13: 214.9 | L13: 33.72 | M13: 57.45 | N13: Maint. | O13: 0 | P13: 2.47 | Q13: 61.77
A14: 14-06-2022 01:30 | B14: 4.16 | C14: 21.72 | D14: 25.88 | E14: 6.19 | F14: 1.07 | G14: 95.3 | H14: 30.75 | I14: 6.19 | J14: 1.79 | K14: 197.19 | L14: 33.32 | M14: 59.26 | N14: Maint. | O14: 0 | P14: 2.43 | Q14: 57.3
A15: 14-06-2022 01:45 | B15: 3.3 | C15: 20.48 | D15: 23.78 | E15: 6.54 | F15: 1.09 | G15: 95.3 | H15: 30.75 | I15: 5.97 | J15: 1.66 | K15: 207.96 | L15: 32.88 | M15: 61.65 | N15: Maint. | O15: 0 | P15: 2.38 | Q15: 56.96
A16: 14-06-2022 02:00 | B16: 2.82 | C16: 20.05 | D16: 22.87 | E16: 6.5 | F16: 0.6 | G16: 87.27 | H16: 29.96 | I16: 5.73 | J16: 1.58 | K16: 183.57 | L16: 32.48 | M16: 63.14 | N16: Maint. | O16: 0 | P16: 2.34 | Q16: 54.51
A17: 14-06-2022 02:15 | B17: 2.64 | C17: 19.86 | D17: 22.5 | E17: 5.8 | F17: 0.44 | G17: 84.75 | H17: 29.38 | I17: 5.53 | J17: 1.56 | K17: 185.32 | L17: 32.5 | M17: 62.84 | N17: Maint. | O17: 0 | P17: 2.32 | Q17: 57
A18: 14-06-2022 02:30 | B18: 2.84 | C18: 15.63 | D18: 18.47 | E18: 6.55 | F18: 1 | G18: 84.75 | H18: 29.38 | I18: 5.42 | J18: 2.26 | K18: 166.58 | L18: 40.88 | M18: 63.17 | N18: Maint. | O18: 0 | P18: 2.31 | Q18: 51.22
A19: 14-06-2022 02:45 | B19: 3.1 | C19: 14.22 | D19: 17.32 | E19: 6.97 | F19: 0.96 | G19: 84.75 | H19: 29.38 | I19: 5.32 | J19: 1.81 | K19: 182.94 | L19: 41.98 | M19: 63.57 | N19: Maint. | O19: 0 | P19: 2.3 | Q19: 42.88
A20: 14-06-2022 03:00 | B20: 3.3 | C20: 13.8 | D20: 17.1 | E20: 3.5 | F20: 0.84 | G20: 77.22 | H20: 29.36 | I20: 5.35 | J20: 1.63 | K20: 193.14 | L20: 41.71 | M20: 63.83 | N20: Maint. | O20: 0 | P20: 2.29 | Q20: 41.79
... A30: 14-06-2022 05:30 | B30: 2.25 | C30: 17.21 | D30: 19.46 | E30: 6.77 | F30: 0.46 | G30: 60.21 | H30: 25.06 | I30: 4.6 | J30: 1.59 | K30: 204.63 | L30: 41.67 | M30: 69.78 | N30: Maint. | O30: 0 | P30: 2.05 | Q30: 52.12
A31: 14-06-2022 05:45 | B31: 2.29 | C31: 16.04 | D31: 18.33 | E31: 6.77 | F31: 0.99 | G31: 60.21 | H31: 25.06 | I31: 4.5 | J31: 1.05 | K31: 232.95 | L31: 41.73 | M31: 70.3 | N31: 1.7 | O31: 0 | P31: 2.04 | Q31: 50.27
A32: 14-06-2022 06:00 | B32: 2.55 | C32: 17.69 | D32: 20.24 | E32: 6.56 | F32: 0.92 | G32: 55.1 | H32: 22.55 | I32: 4.37 | J32: 0.9 | K32: 233.48 | L32: 42.61 | M32: 69.64 | N32: 26.6 | O32: 0 | P32: 2.04 | Q32: 46.21
A33: 14-06-2022 06:15 | B33: 2.65 | C33: 17.9 | D33: 20.54 | E33: 6.46 | F33: 0.51 | G33: 53.63 | H33: 20.71 | I33: 4.32 | J33: 1.01 | K33: 232.5 | L33: 41.99 | M33: 68.73 | N33: 65.1 | O33: 0 | P33: 2.03 | Q33: 46.94
A34: 14-06-2022 06:30 | B34: 2.47 | C34: 18.64 | D34: 21.11 | E34: 6.55 | F34: 0.19 | G34: 53.63 | H34: 20.71 | I34: 4.3 | J34: 0.48 | K34: 215.66 | L34: 42.11 | M34: 67.8 | N34: 100.8 | O34: 0 | P34: 2.02 | Q34: 45.9
A35: 14-06-2022 06:45 | B35: 2.33 | C35: 18.05 | D35: 20.38 | E35: 6.25 | F35: 0.9 | G35: 53.63 | H35: 20.71 | I35: 4.32 | J35: 0.91 | K35: 233.47 | L35: 42.24 | M35: 66.69 | N35: 148.6 | O35: 0 | P35: 2.01 | Q35: 46.9
A36: 14-06-2022 07:00 | B36: 2.77 | C36: 16.96 | D36: 19.73 | E36: 2.88 | F36: 1.18 | G36: 53.97 | H36: 22.66 | I36: 4.29 | J36: 0.37 | K36: 330.42 | L36: 42.32 | M36: 64.72 | N36: 198.5 | O36: 0 | P36: 2.01 | Q36: 40.09
A37: 14-06-2022 07:15 | B37: 3.25 | C37: 17.81 | D37: 21.06 | E37: 5.74 | F37: 0.94 | G37: 54.13 | H37: 24.08 | I37: 4.29 | J37: 0.18 | K37: 321.52 | L37: 42.49 | M37: 62.19 | N37: 237.2 | O37: 0 | P37: 2.02 | Q37: 36.57
A38: 14-06-2022 07:30 | B38: 2.88 | C38: 18.87 | D38: 21.75 | E38: 5.62 | F38: 1.48 | G38: 54.13 | H38: 24.08 | I38: 4.36 | J38: 0.32 | K38: 66.62 | L38: 41.26 | M38: 60.66 | N38: 295.4 | O38: 0 | P38: 2.02 | Q38: 36.83
A39: 14-06-2022 07:45 | B39: 2.04 | C39: 19.31 | D39: 21.35 | E39: 5.47 | F39: 2.13 | G39: 54.13 | H39: 24.08 | I39: 4.51 | J39: 0.28 | K39: 41.05 | L39: 41.89 | M39: 58.29 | N39: 384.7 | O39: 0 | P39: 2 | Q39: 36.18
A40: 14-06-2022 08:00 | B40: 1.48 | C40: 19.63 | D40: 21.11 | E40: 5.09 | F40: 2.54 | G40: 55.93 | H40: 23.45 | I40: 4.32 | J40: 0.18 | K40: 0.7 | L40: 42.55 | M40: 55.75 | N40: 441.5 | O40: 0 | P40: 1.99 | Q40: 34.68
A41: 14-06-2022 08:15 | B41: 1.06 | C41: 19.71 | D41: 20.78 | E41: 4.62 | F41: 3.33 | G41: 56.46 | H41: 22.98 | I41: 4.16 | J41: 0.43 | K41: 288.37 | L41: 42.53 | M41: 56.07 | N41: 387.1 | O41: 0 | P41: 1.98 | Q41: 33.06
A42: 14-06-2022 08:30 | B42: 0.83 | C42: 21.03 | D42: 21.86 | E42: 4.77 | F42: 3.84 | G42: 56.46 | H42: 22.98 | I42: 4.03 | J42: 1.19 | K42: 338.54 | L42: 45.25 | M42: 54 | N42: 561.2 | O42: 0 | P42: 1.97 | Q42: 32.98
... A67: 14-06-2022 14:45 | B67: 0.07 | C67: 19.37 | D67: 19.44 | E67: 3.36 | F67: 14.1 | G67: 74.17 | H67: 26.59 | I67: 7.16 | J67: 0.19 | K67: 251.43 | L67: 57.12 | M67: 32.14 | N67: 699.1 | O67: 0 | P67: 2.19 | Q67: 57.37
A68: 14-06-2022 15:00 | B68: Maint. | C68: 20.51 | D68: 20.51 | E68: 1.98 | F68: 19.38 | G68: 76.2 | H68: 27.5 | I68: 7.18 | J68: 0.58 | K68: 195.88 | L68: 56.45 | M68: 31.44 | N68: 666.2 | O68: 0 | P68: 2.15 | Q68: 57.75
A69: 14-06-2022 15:15 | B69: Maint. | C69: 19.58 | D69: 19.58 | E69: 2.26 | F69: 14.7 | G69: 76.8 | H69: 28.17 | I69: 7.2 | J69: 0.42 | K69: 217.45 | L69: 57.61 | M69: 31.72 | N69: 612.4 | O69: 0 | P69: 2.11 | Q69: 59.44
A70: 14-06-2022 15:30 | B70: Maint. | C70: 19.4 | D70: 19.4 | E70: 2.33 | F70: 7.24 | G70: 76.8 | H70: 28.17 | I70: 7 | J70: 1.26 | K70: 188.57 | L70: 55.81 | M70: 30.93 | N70: 631.6 | O70: 0 | P70: 2.1 | Q70: 63.56
A71: 14-06-2022 15:45 | B71: Maint. | C71: 17.8 | D71: 17.8 | E71: 2.79 | F71: 12.04 | G71: 76.8 | H71: 28.17 | I71: 6.67 | J71: 1.28 | K71: 222.9 | L71: 55.99 | M71: 30.87 | N71: 558.4 | O71: 0 | P71: 2.08 | Q71: 60.95
A72: 14-06-2022 16:00 | B72: Maint. | C72: 16.99 | D72: 16.99 | E72: 2.71 | F72: 16.02 | G72: 58.09 | H72: 25.16 | I72: 6.57 | J72: 1.59 | K72: 213.63 | L72: 57.41 | M72: 31.19 | N72: 441.6 | O72: 0 | P72: 2.04 | Q72: 48.52
A73: 14-06-2022 16:15 | B73: Maint. | C73: 15.63 | D73: 15.63 | E73: 2.49 | F73: 9.51 | G73: 51.07 | H73: 22.89 | I73: 6.57 | J73: 1.13 | K73: 189.99 | L73: 55.08 | M73: 31.73 | N73: 193.8 | O73: 0 | P73: 2.03 | Q73: 43.56
A74: 14-06-2022 16:30 | B74: Maint. | C74: 15.03 | D74: 15.03 | E74: 2.52 | F74: 6.12 | G74: 51.07 | H74: 22.89 | I74: 6.57 | J74: 2.35 | K74: 189.37 | L74: 54.9 | M74: 32.58 | N74: 92.8 | O74: 0 | P74: 2.03 | Q74: 42.13
A75: 14-06-2022 16:45 | B75: 0.05 | C75: 14.59 | D75: 14.64 | E75: 2.72 | F75: 4.56 | G75: 51.07 | H75: 22.89 | I75: 6.57 | J75: 1.78 | K75: 199.99 | L75: 53.68 | M75: 33.6 | N75: 85.5 | O75: 0 | P75: 2.03 | Q75: 44.37
A76: 14-06-2022 17:00 | B76: 0.09 | C76: 13.79 | D76: 13.88 | E76: 3.39 | F76: 4.43 | G76: 51.07 | H76: 22.89 | I76: 6.53 | J76: 1.72 | K76: 217.14 | L76: 54.74 | M76: 34.16 | N76: 76.4 | O76: 0 | P76: 2.02 | Q76: 44.37
A77: 14-06-2022 17:15 | B77: 0.12 | C77: 13.37 | D77: 13.48 | E77: 3.54 | F77: 4.41 | G77: 51.07 | H77: 22.89 | I77: 8.72 | J77: 2.04 | K77: 195.13 | L77: 53.89 | M77: 35.01 | N77: 73.6 | O77: 0 | P77: 2.01 | Q77: 41.49
A78: 14-06-2022 17:30 | B78: 0.15 | C78: 17.34 | D78: 17.49 | E78: 3.66 | F78: 4.3 | G78: 51.07 | H78: 22.89 | I78: 22.05 | J78: 1.52 | K78: 209.4 | L78: 51.49 | M78: 36.68 | N78: 66.8 | O78: 0 | P78: 2.02 | Q78: 47.22
A79: 14-06-2022 17:45 | B79: 0.12 | C79: 15.47 | D79: 15.58 | E79: 4.02 | F79: 5.11 | G79: 51.07 | H79: 22.89 | I79: 5.59 | J79: 1.07 | K79: 233.65 | L79: 48.85 | M79: 37.91 | N79: 49.1 | O79: 0 | P79: 2 | Q79: 59.07
A80: 14-06-2022 18:00 | B80: 0.1 | C80: 16.47 | D80: 16.57 | E80: 3.77 | F80: 4.51 | G80: 55.15 | H80: 21.39 | I80: 5.31 | J80: 1.59 | K80: 205.44 | L80: 50.09 | M80: 37.54 | N80: 35.4 | O80: 0 | P80: 2.01 | Q80: 52.56
A81: 14-06-2022 18:15 | B81: 0.15 | C81: 17.11 | D81: 17.26 | E81: 3.68 | F81: 4.05 | G81: 57.34 | H81: 20.3 | I81: 5.03 | J81: 0.63 | K81: 259.5 | L81: 48.66 | M81: 40.5 | N81: 17.1 | O81: 0 | P81: 2.01 | Q81: 58.79
A82: 14-06-2022 18:30 | B82: 0.21 | C82: 16.09 | D82: 16.3 | E82: 3.84 | F82: 3.69 | G82: 57.34 | H82: 20.3 | I82: 4.96 | J82: 1.04 | K82: 224.77 | L82: 47.92 | M82: 40.61 | N82: Maint. | O82: 0 | P82: 2.03 | Q82: 53.28
A83: 14-06-2022 18:45 | B83: 0.25 | C83: 18.04 | D83: 18.29 | E83: 4.01 | F83: 3.4 | G83: 57.34 | H83: 20.3 | I83: 5.02 | J83: 1.21 | K83: 224.13 | L83: 49.12 | M83: 40.95 | N83: Maint. | O83: 0 | P83: 2.04 | Q83: 50.88
A84: 14-06-2022 19:00 | B84: 0.42 | C84: 17.87 | D84: 18.29 | E84: 4.09 | F84: 3.03 | G84: 57.53 | H84: 21.29 | I84: 4.96 | J84: 1.54 | K84: 310.47 | L84: 46.39 | M84: 45.4 | N84: Maint. | O84: 0 | P84: 2.05 | Q84: 50.4
A85: 14-06-2022 19:15 | B85: 1.31 | C85: 20.52 | D85: 21.83 | E85: 4.45 | F85: 3.2 | G85: 57.59 | H85: 22.02 | I85: 4.88 | J85: 3.11 | K85: 334.35 | L85: 43.78 | M85: 51.03 | N85: Maint. | O85: 0 | P85: 2.11 | Q85: 50.5
A86: 14-06-2022 19:30 | B86: 1.85 | C86: 22.64 | D86: 24.49 | E86: 4.4 | F86: 2.94 | G86: 57.59 | H86: 22.02 | I86: 4.86 | J86: 2.49 | K86: 349.71 | L86: 44.93 | M86: 46.22 | N86: Maint. | O86: 0 | P86: 2.2 | Q86: 49.8
A87: 14-06-2022 19:45 | B87: 2.66 | C87: 24.3 | D87: 26.96 | E87: 4.65 | F87: 2.1 | G87: 57.59 | H87: 22.02 | I87: 4.92 | J87: 2.82 | K87: 328.22 | L87: 44.46 | M87: 47.76 | N87: Maint. | O87: 0 | P87: 2.28 | Q87: 52.48
A88: 14-06-2022 20:00 | B88: 3.07 | C88: 25.39 | D88: 28.47 | E88: 2.4 | F88: 1.52 | G88: 70.41 | H88: 23.17 | I88: 5.13 | J88: 3.28 | K88: 342.82 | L88: 43.13 | M88: 48.07 | N88: Maint. | O88: 0 | P88: 2.34 | Q88: 49.68
A89: 14-06-2022 20:15 | B89: 3.16 | C89: 23.12 | D89: 26.28 | E89: 4.96 | F89: 1.69 | G89: 74.43 | H89: 24.01 | I89: 5.34 | J89: 3.28 | K89: 329.28 | L89: 42.97 | M89: 48.88 | N89: Maint. | O89: 0 | P89: 2.38 | Q89: 45.99
A90: 14-06-2022 20:30 | B90: 3.06 | C90: 22.72 | D90: 25.79 | E90: 5.38 | F90: 1.73 | G90: 74.43 | H90: 24.01 | I90: 5.49 | J90: 3.42 | K90: 350.01 | L90: 42.73 | M90: 49.31 | N90: Maint. | O90: 0 | P90: 2.4 | Q90: 39.3
A91: 14-06-2022 20:45 | B91: 3.2 | C91: 23.07 | D91: 26.27 | E91: 5.62 | F91: 1.86 | G91: 74.43 | H91: 24.01 | I91: 5.59 | J91: 2.68 | K91: 27.87 | L91: 42.22 | M91: 49.19 | N91: Maint. | O91: 0 | P91: 2.44 | Q91: 39.1
A92: 14-06-2022 21:00 | B92: 3.23 | C92: 23.28 | D92: 26.51 | E92: 5.52 | F92: 1.85 | G92: 80.47 | H92: 25.16 | I92: 5.7 | J92: 2.48 | K92: 51.08 | L92: 41.55 | M92: 50.41 | N92: Maint. | O92: 0 | P92: 2.46 | Q92: 39.32
A93: 14-06-2022 21:15 | B93: 3.17 | C93: 22.91 | D93: 26.08 | E93: 6.37 | F93: 1.74 | G93: 82.25 | H93: 26 | I93: 5.87 | J93: 2.25 | K93: 52.33 | L93: 41.38 | M93: 49.53 | N93: Maint. | O93: 0 | P93: 2.47 | Q93: 39.25
... A104: 14-06-2022 24:00 | B104: 1.47 | C104: 24.05 | D104: 25.52 | E104: 3.71 | F104: 1.5 | G104: 88.93 | H104: 27.83 | I104: 5.91 | J104: 1.64 | K104: 192.47 | L104: 41.36 | M104: 51.2 | N104: Maint. | O104: 0 | P104: 2.44 | Q104: 46.3
A106: Min | B106: =MIN(B9:B104) -> 0.01 | C106: =MIN(C9:C104) -> 12.77 | D106: =MIN(D9:D104) -> 13.48 | E106: =MIN(E9:E104) -> 1.72 | F106: =MIN(F9:F104) -> 0.19 | G106: =MIN(G9:G104) -> 51.07 | H106: =MIN(H9:H104) -> 16.32 | I106: =MIN(I9:I104) -> 3.68 | ... Q106: =MIN(Q9:Q104) -> 32.53
A107: Max | B107: =MAX(B9:B104) -> 10.63 | C107: =MAX(C9:C104) -> 29.21 | D107: =MAX(D9:D104) -> 36.09 | E107: =MAX(E9:E104) -> 7.71 | F107: =MAX(F9:F104) -> 19.38 | G107: =MAX(G9:G104) -> 103.03 | H107: =MAX(H9:H104) -> 30.75 | I107: =MAX(I9:I104) -> 22.05 | ... Q107: =MAX(Q9:Q104) -> 74.21
A108: Avg | B108: =AVERAGE(B9:B104) -> 2.231573 | C108: =AVERAGE(C9:C104) -> 20.495312 | D108: =AVERAGE(D9:D104) -> 22.563646 | E108: =AVERAGE(E9:E104) -> 4.885625 | F108: =AVERAGE(F9:F104) -> 3.8621875 | G108: =AVERAGE(G9:G104) -> 68.820208 | H108: =AVERAGE(H9:H104) -> 24.586979 | I108: =AVERAGE(I9:I104) -> 5.9109375 | ... Q108: =AVERAGE(Q9:Q104) -> 47.915833
A109: Stdev | B109: =STDEV(B9:B104) -> 2.0092337 | C109: =STDEV(C9:C104) -> 4.0853221 | D109: =STDEV(D9:D104) -> 5.0068238 | E109: =STDEV(E9:E104) -> 1.6096844 | F109: =STDEV(F9:F104) -> 3.9591592 | G109: =STDEV(G9:G104) -> 14.326835 | H109: =STDEV(H9:H104) -> 3.4075171 | I109: =STDEV(I9:I104) -> 1.9904874 | ... Q109: =STDEV(Q9:Q104) -> 10.02797
A110: Num | B110: =COUNT(B9:B104)+7 -> 96 | C110: =COUNT(C9:C104) -> 96 | D110: =COUNT(D9:D104) -> 96 | E110: =COUNT(E9:E104) -> 96 | F110: =COUNT(F9:F104) -> 96 | G110: =COUNT(G9:G104) -> 96 | H110: =COUNT(H9:H104) -> 96 | I110: =COUNT(I9:I104) -> 96 | J110: =COUNT(J9:J104) -> 96 | ... M110: =COUNT(M9:M104) -> 96 | N110: =COUNT(N9:N104)+45 -> 96 | O110: =COUNT(O9:O104) -> 96 | P110: =COUNT(P9:P104) -> 96 | Q110: =COUNT(Q9:Q104) -> 96
A111: DCR | B111: =IF(B110>=87,">90%",IF(B110<=87,"<90%")) -> >90% | C111: =IF(C110>=87,">90%",IF(C110<=87,"<90%")) -> >90% | D111: =IF(D110>=87,">90%",IF(D110<=87,"<90%")) -> >90% | E111: =IF(E110>=87,">90%",IF(E110<=87,"<90%")) -> >90% | F111: =IF(F110>=87,">90%",IF(F110<=87,"<90%")) -> >90% | G111: =IF(G110>=87,">90%",IF(G110<=87,"<90%")) -> >90% | H111: =IF(H110>=87,">90%",IF(H110<=87,"<90%")) -> >90% | I111: =IF(I110>=87,">90%",IF(I110<=87,"<90%")) -> >90% | ... Q111: =IF(Q110>=87,">90%",IF(Q110<=87,"<90%")) -> >90%
A112: Status | B112: =IF(B110>=87,"OK",IF(B110<=87,"LESS")) -> OK | C112: =IF(C110>=87,"OK",IF(C110<=87,"LESS")) -> OK | D112: =IF(D110>=87,"OK",IF(D110<=87,"LESS")) -> OK | E112: =IF(E110>=87,"OK",IF(E110<=87,"LESS")) -> OK | F112: =IF(F110>=87,"OK",IF(F110<=87,"LESS")) -> OK | G112: =IF(G110>=87,"OK",IF(G110<=87,"LESS")) -> OK | H112: =IF(H110>=87,"OK",IF(H110<=87,"LESS")) -> OK | I112: =IF(I110>=87,"OK",IF(I110<=87,"LESS")) -> OK | ... Q112: =IF(Q110>=87,"OK",IF(Q110<=87,"LESS")) -> OK
A115: Done by | B115: SR
A117: Comment

Sheet 15
A1: Station: | B1: BHATAGAON RAIPUR
A2: Date: | B2: =$A$9 -> 15-06-2022 00:15 | D2: Power Off | G2: Pw.Off | L2: Link Fail | N2: Link F | P2: Maintenance | R2: Maint.
A3: Report Type: | B3: Mean | D3: Calibration | G3: Calib. | L3: Data Fail | N3: Data F | P3: Invalid | R3: Invalid
A4: Time Base: | B4: 15 Min | D4: Zero Referrence | G4: Z.Ref | L4: Warm Up | N4: Wm. Up
A7: Date & Time | B7: NO_BHATAGAON | C7: NO2__BHATAGAON | D7: NOX_BHATAGAON | E7: SO2__BHATAGAON | F7: O3__BHATAGAON | G7: PM10__BHATAGAON | H7: PM2_5__BHATAGAON | I7: BENZ__BHATAGAON | J7: WS__BHATAGAON | K7: WD__BHATAGAON | L7: TEMP__BHATAGAON | M7: HUM__BHATAGAON | N7: SR__BHATAGAON | O7: RG__BHATAGAON | P7: CO__BHATAGAON | Q7: NH3__BHATAGAON
B8: ug/m3 | C8: ug/m3 | D8: ug/m3 | E8: ug/m3 | F8: ug/m3 | G8: ug/m3 | H8: ug/m3 | I8: ug/m3 | J8: m/sec | K8: deg | L8: degreC | M8: % | N8: w/m2 | O8: mm | P8: mg/m3 | Q8: ug/m3
A9: 15-06-2022 00:15 | B9: 1.3 | C9: 23.86 | D9: 25.16 | E9: 5.91 | F9: 1.28 | G9: 87.73 | H9: 28.86 | I9: 5.71 | J9: 1.98 | K9: 194.7 | L9: 40.97 | M9: 52.21 | N9: Maint. | O9: 0 | P9: 2.41 | Q9: 44.74
A10: 15-06-2022 00:30 | B10: 1.17 | C10: 20.52 | D10: 21.68 | E10: 5.95 | F10: 1.38 | G10: 87.73 | H10: 28.86 | I10: 5.56 | J10: 1.7 | K10: 201.66 | L10: 40.6 | M10: 53.46 | N10: Maint. | O10: 0 | P10: 2.38 | Q10: 46.59
A11: 15-06-2022 00:45 | B11: 1.22 | C11: 17.32 | D11: 18.54 | E11: 6.19 | F11: 0.98 | G11: 87.73 | H11: 28.86 | I11: 5.42 | J11: 1.16 | K11: 193.09 | L11: 40.43 | M11: 54.73 | N11: Maint. | O11: 0 | P11: 2.36 | Q11: 39.99
A12: 15-06-2022 01:00 | B12: 1.33 | C12: 16.13 | D12: 17.46 | E12: 6.16 | F12: 1.21 | G12: 85.07 | H12: 28.92 | I12: 5.29 | J12: 1.11 | K12: 214.98 | L12: 40.6 | M12: 55.22 | N12: Maint. | O12: 0 | P12: 2.33 | Q12: 34.21
A13: 15-06-2022 01:15 | B13: 1.33 | C13: 15.57 | D13: 16.89 | E13: 6.61 | F13: 1.27 | G13: 84.29 | H13: 28.96 | I13: 5.32 | J13: 1.7 | K13: 181.13 | L13: 40.44 | M13: 56.66 | N13: Maint. | O13: 0 | P13: 2.31 | Q13: 33.2
A14: 15-06-2022 01:30 | B14: 1.34 | C14: 14.76 | D14: 16.1 | E14: 6.78 | F14: 1.21 | G14: 84.29 | H14: 28.96 | I14: 5.29 | J14: 0.61 | K14: 209.67 | L14: 40.67 | M14: 56.48 | N14: Maint. | O14: 0 | P14: 2.27 | Q14: 34.29
A15: 15-06-2022 01:45 | B15: 1.38 | C15: 14.02 | D15: 15.4 | E15: 6.85 | F15: 1.38 | G15: 84.29 | H15: 28.96 | I15: 5.2 | J15: 2.13 | K15: 174.93 | L15: 40.61 | M15: 57.27 | N15: Maint. | O15: 0 | P15: 2.24 | Q15: 34.58
A16: 15-06-2022 02:00 | B16: 1.41 | C16: 13.78 | D16: 15.19 | E16: 7.03 | F16: 0.9 | G16: 72.73 | H16: 27.96 | I16: 5.17 | J16: 1.66 | K16: 221.67 | L16: 40.23 | M16: 57.33 | N16: Maint. | O16: 0 | P16: 2.23 | Q16: 34.24
A17: 15-06-2022 02:15 | B17: 1.5 | C17: 14.09 | D17: 15.59 | E17: 7.14 | F17: 1.1 | G17: 69.1 | H17: 27.24 | I17: 5.1 | J17: 1.33 | K17: 205.56 | L17: 39.87 | M17: 58.64 | N17: Maint. | O17: 0 | P17: 2.2 | Q17: 35.18
A18: 15-06-2022 02:30 | B18: 1.37 | C18: 16.04 | D18: 17.41 | E18: 7 | F18: 1.58 | G18: 69.1 | H18: 27.24 | I18: 5.05 | J18: 1.77 | K18: 175.26 | L18: 39.58 | M18: 59.7 | N18: Maint. | O18: 0 | P18: 2.17 | Q18: 40.96
A19: 15-06-2022 02:45 | B19: 1.13 | C19: 15.6 | D19: 16.74 | E19: 7.37 | F19: 1.63 | G19: 69.1 | H19: 27.24 | I19: 4.98 | J19: 1.8 | K19: 199.77 | L19: 39.34 | M19: 60.73 | N19: Maint. | O19: 0 | P19: 2.13 | Q19: 47.01
A20: 15-06-2022 03:00 | B20: 0.96 | C20: 15.59 | D20: 16.56 | E20: 6.7 | F20: 1.4 | G20: 64.97 | H20: 25.14 | I20: 4.78 | J20: 1.41 | K20: 204.77 | L20: 39.45 | M20: 61.18 | N20: Maint. | O20: 0 | P20: 2.1 | Q20: 46.68
... A30: 15-06-2022 05:30 | B30: 1.75 | C30: 13.11 | D30: 14.87 | E30: 7.18 | F30: 0.63 | G30: 49.21 | H30: 26.47 | I30: 3.58 | J30: 1.91 | K30: 210.32 | L30: 38.49 | M30: 65.82 | N30: Maint. | O30: 0 | P30: 1.94 | Q30: 32.88
A31: 15-06-2022 05:45 | B31: 1.99 | C31: 13.14 | D31: 15.13 | E31: 7.49 | F31: 0.66 | G31: 49.21 | H31: 26.47 | I31: 3.64 | J31: 1.31 | K31: 214.56 | L31: 38.7 | M31: 66.02 | N31: 4.1 | O31: 0 | P31: 1.94 | Q31: 32.41
A32: 15-06-2022 06:00 | B32: 2.17 | C32: 13.26 | D32: 15.43 | E32: 7.27 | F32: 0.65 | G32: 47.43 | H32: 21.96 | I32: 3.66 | J32: 1.02 | K32: 224.37 | L32: 38.81 | M32: 65.56 | N32: 19 | O32: 0 | P32: 1.95 | Q32: 32.38
A33: 15-06-2022 06:15 | B33: 2.44 | C33: 13.83 | D33: 16.28 | E33: 7.83 | F33: 0.56 | G33: 46.47 | H33: 18.67 | I33: 3.69 | J33: 0.82 | K33: 311.19 | L33: 39.1 | M33: 64.87 | N33: 38.4 | O33: 0 | P33: 1.95 | Q33: 31.9
A34: 15-06-2022 06:30 | B34: 3.02 | C34: 14.18 | D34: 17.19 | E34: 7.8 | F34: 0.6 | G34: 46.47 | H34: 18.67 | I34: 3.8 | J34: 0.83 | K34: 300.74 | L34: 39.23 | M34: 64.56 | N34: 74.7 | O34: 0 | P34: 1.97 | Q34: 32.49
A35: 15-06-2022 06:45 | B35: 3.62 | C35: 16.42 | D35: 20.04 | E35: 7.88 | F35: 0.93 | G35: 46.47 | H35: 18.67 | I35: 3.88 | J35: 1.05 | K35: 331.31 | L35: 40.19 | M35: 62.67 | N35: 176.5 | O35: 0 | P35: 1.98 | Q35: 34.04
A36: 15-06-2022 07:00 | B36: 4.02 | C36: 18.89 | D36: 22.91 | E36: 7.67 | F36: 0.93 | G36: 47.96 | H36: 19.26 | I36: 3.97 | J36: 1.58 | K36: 315.37 | L36: 41.6 | M36: 59.23 | N36: 226.5 | O36: 0 | P36: 2 | Q36: 39.84
A37: 15-06-2022 07:15 | B37: 4.2 | C37: 19.54 | D37: 23.74 | E37: 7.65 | F37: 1.37 | G37: 48.39 | H37: 19.69 | I37: 4.04 | J37: 1.08 | K37: 335.71 | L37: 42.55 | M37: 56.98 | N37: 274.8 | O37: 0 | P37: 2.05 | Q37: 45.69
A38: 15-06-2022 07:30 | B38: 4.35 | C38: 20.94 | D38: 25.29 | E38: 7.42 | F38: 1.24 | G38: 48.39 | H38: 19.69 | I38: 4.22 | J38: 1.25 | K38: 333.94 | L38: 42.66 | M38: 56.61 | N38: 326.7 | O38: 0 | P38: 2.07 | Q38: 45.64
A39: 15-06-2022 07:45 | B39: 4.01 | C39: 21.84 | D39: 25.85 | E39: 7.08 | F39: 1.08 | G39: 48.39 | H39: 19.69 | I39: 4.47 | J39: 1.31 | K39: 340.98 | L39: 43.44 | M39: 54.82 | N39: 380.1 | O39: 0 | P39: 2.08 | Q39: 44.38
A40: 15-06-2022 08:00 | B40: 3.68 | C40: 21.81 | D40: 25.5 | E40: 3.08 | F40: 1.16 | G40: 52.85 | H40: 20.49 | I40: 4.63 | J40: 1.47 | K40: 349.95 | L40: 42.53 | M40: 55.69 | N40: 237.9 | O40: 0 | P40: 2.1 | Q40: 43.3
A41: 15-06-2022 08:15 | B41: 3.31 | C41: 22.75 | D41: 26.07 | E41: 5.77 | F41: 1.43 | G41: 54.16 | H41: 21.08 | I41: 4.75 | J41: 0.46 | K41: 340.62 | L41: 42.14 | M41: 55.27 | N41: 297.8 | O41: 0 | P41: 2.11 | Q41: 40.24
A42: 15-06-2022 08:30 | B42: 2.93 | C42: 23.43 | D42: 26.37 | E42: 5.98 | F42: 1.48 | G42: 54.16 | H42: 21.08 | I42: 4.89 | J42: 1.85 | K42: 329.93 | L42: 43.5 | M42: 52.87 | N42: 586.2 | O42: 0 | P42: 2.12 | Q42: 39.03
... A81: 15-06-2022 18:15 | B81: 0.44 | C81: 21.35 | D81: 21.79 | E81: 5.36 | F81: 3.76 | G81: 74.84 | H81: 21.45 | I81: 4.55 | J81: 4.92 | K81: 162.88 | L81: 38.49 | M81: 56.83 | N81: 0.1 | O81: 0 | P81: 2.07 | Q81: 24.41
A82: 15-06-2022 18:30 | B82: 0.32 | C82: 20.79 | D82: 21.11 | E82: 5.3 | F82: 3.51 | G82: 74.84 | H82: 21.45 | I82: 4.38 | J82: 3.61 | K82: 179.61 | L82: 37.86 | M82: 59.88 | N82: Maint. | O82: 0 | P82: 2.04 | Q82: 22.78
A83: 15-06-2022 18:45 | B83: 0.29 | C83: 19.76 | D83: 20.04 | E83: 5.52 | F83: 3.13 | G83: 74.84 | H83: 21.45 | I83: 4.15 | J83: 3.51 | K83: 178.92 | L83: 37.76 | M83: 60.53 | N83: Maint. | O83: 0 | P83: 2.04 | Q83: 21.97
A84: 15-06-2022 19:00 | B84: 0.38 | C84: 18.94 | D84: 19.32 | E84: 4.77 | F84: 2.65 | G84: 74.22 | H84: 18.75 | I84: 3.95 | J84: 1.82 | K84: 213.4 | L84: 37.34 | M84: 59.4 | N84: Maint. | O84: 0 | P84: 2.02 | Q84: 22.19
A85: 15-06-2022 19:15 | B85: 0.51 | C85: 18.85 | D85: 19.36 | E85: 5.3 | F85: 2.77 | G85: 74.04 | H85: 16.78 | I85: 3.83 | J85: 0.65 | K85: 245.3 | L85: 37 | M85: 58.36 | N85: Maint. | O85: 0 | P85: 2.03 | Q85: 22.58
A86: 15-06-2022 19:30 | B86: 0.65 | C86: 19.2 | D86: 19.85 | E86: 5.86 | F86: 1.89 | G86: 74.04 | H86: 16.78 | I86: 3.79 | J86: 0.65 | K86: 220.77 | L86: 36.96 | M86: 59.15 | N86: Maint. | O86: 0 | P86: 2.05 | Q86: 23.23
A87: 15-06-2022 19:45 | B87: 0.79 | C87: 19.45 | D87: 20.24 | E87: 5.4 | F87: 1.71 | G87: 74.04 | H87: 16.78 | I87: 3.75 | J87: 1.86 | K87: 200.66 | L87: 37.03 | M87: 60.36 | N87: Maint. | O87: 0 | P87: 2.06 | Q87: 23.48
A88: 15-06-2022 20:00 | B88: 0.9 | C88: 20.85 | D88: 21.75 | E88: 3.23 | F88: 1.4 | G88: 68.33 | H88: 16.42 | I88: 3.85 | J88: 2.26 | K88: 197.42 | L88: 36.95 | M88: 63.59 | N88: Maint. | O88: 0 | P88: 2.07 | Q88: 23.62
A89: 15-06-2022 20:15 | B89: 1.01 | C89: 21.14 | D89: 22.15 | E89: 5.32 | F89: 1.6 | G89: 66.47 | H89: 16.17 | I89: 3.92 | J89: 2.62 | K89: 180.2 | L89: 36.79 | M89: 65.6 | N89: Maint. | O89: 0 | P89: 2.05 | Q89: 25.59
A90: 15-06-2022 20:30 | B90: 0.81 | C90: 19.54 | D90: 20.35 | E90: 5.42 | F90: 1.99 | G90: 66.47 | H90: 16.17 | I90: 3.95 | J90: 3.07 | K90: 179.4 | L90: 36.75 | M90: 67.2 | N90: Maint. | O90: 0 | P90: 2.04 | Q90: 29.48
A91: 15-06-2022 20:45 | B91: 0.61 | C91: 19 | D91: 19.61 | E91: 5.74 | F91: 2.08 | G91: 66.47 | H91: 16.17 | I91: 3.9 | J91: 2.61 | K91: 202.95 | L91: 36.47 | M91: 69.04 | N91: Maint. | O91: 0 | P91: 2.03 | Q91: 30.12
A92: 15-06-2022 21:00 | B92: 0.47 | C92: 18.17 | D92: 18.64 | E92: 5.53 | F92: 2.16 | G92: 65.07 | H92: 19.19 | I92: 3.77 | J92: 2.19 | K92: 207.28 | L92: 35.86 | M92: 71.3 | N92: Maint. | O92: 0 | P92: 2.02 | Q92: 28.32
A93: 15-06-2022 21:15 | B93: 0.37 | C93: 16.79 | D93: 17.15 | E93: 5.31 | F93: 2.84 | G93: 64.67 | H93: 21.4 | I93: 3.69 | J93: 2.01 | K93: 216.92 | L93: 34.9 | M93: 72.65 | N93: Maint. | O93: 0 | P93: 2.01 | Q93: 26.4
... A104: 15-06-2022 24:00 | B104: 2.28 | C104: 16.67 | D104: 18.95 | E104: 3.5 | F104: 0.97 | G104: 45.1 | H104: 17.35 | I104: 3.76 | J104: 2.16 | K104: 63.13 | L104: 34.1 | M104: 79.47 | N104: Maint. | O104: 0 | P104: 2.06 | Q104: 23.51
A106: Min | B106: =MIN(B9:B104) -> 0.28 | C106: =MIN(C9:C104) -> 13.11 | D106: =MIN(D9:D104) -> 14.15 | E106: =MIN(E9:E104) -> 2.69 | F106: =MIN(F9:F104) -> 0.56 | G106: =MIN(G9:G104) -> 43.64 | H106: =MIN(H9:H104) -> 16.17 | I106: =MIN(I9:I104) -> 3.36 | ... Q106: =MIN(Q9:Q104) -> 19.57
A107: Max | B107: =MAX(B9:B104) -> 4.35 | C107: =MAX(C9:C104) -> 24.47 | D107: =MAX(D9:D104) -> 26.49 | E107: =MAX(E9:E104) -> 7.88 | F107: =MAX(F9:F104) -> 4.77 | G107: =MAX(G9:G104) -> 87.73 | H107: =MAX(H9:H104) -> 28.96 | I107: =MAX(I9:I104) -> 6.8 | ... Q107: =MAX(Q9:Q104) -> 47.01
A108: Avg | B108: =AVERAGE(B9:B104) -> 1.355625 | C108: =AVERAGE(C9:C104) -> 19.171667 | D108: =AVERAGE(D9:D104) -> 20.528021 | E108: =AVERAGE(E9:E104) -> 6.0571875 | F108: =AVERAGE(F9:F104) -> 2.0680208 | G108: =AVERAGE(G9:G104) -> 61.427396 | H108: =AVERAGE(H9:H104) -> 21.461354 | I108: =AVERAGE(I9:I104) -> 4.6304167 | ... Q108: =AVERAGE(Q9:Q104) -> 30.946875
A109: Stdev | B109: =STDEV(B9:B104) -> 0.93536124 | C109: =STDEV(C9:C104) -> 3.5378491 | D109: =STDEV(D9:D104) -> 3.7442193 | E109: =STDEV(E9:E104) -> 1.0355641 | F109: =STDEV(F9:F104) -> 1.0472275 | G109: =STDEV(G9:G104) -> 11.370931 | H109: =STDEV(H9:H104) -> 3.5807558 | I109: =STDEV(I9:I104) -> 0.8605444 | ... Q109: =STDEV(Q9:Q104) -> 8.0282424
A110: Num | B110: =COUNT(B9:B104) -> 96 | C110: =COUNT(C9:C104) -> 96 | D110: =COUNT(D9:D104) -> 96 | E110: =COUNT(E9:E104) -> 96 | F110: =COUNT(F9:F104) -> 96 | G110: =COUNT(G9:G104) -> 96 | H110: =COUNT(H9:H104) -> 96 | I110: =COUNT(I9:I104) -> 96 | ... M110: =COUNT(M9:M104) -> 96 | N110: =COUNT(N9:N104)+45 -> 96 | O110: =COUNT(O9:O104) -> 96 | P110: =COUNT(P9:P104) -> 96 | Q110: =COUNT(Q9:Q104) -> 96
A111: DCR | B111: =IF(B110>=87,">90%",IF(B110<=87,"<90%")) -> >90% | C111: =IF(C110>=87,">90%",IF(C110<=87,"<90%")) -> >90% | D111: =IF(D110>=87,">90%",IF(D110<=87,"<90%")) -> >90% | E111: =IF(E110>=87,">90%",IF(E110<=87,"<90%")) -> >90% | F111: =IF(F110>=87,">90%",IF(F110<=87,"<90%")) -> >90% | G111: =IF(G110>=87,">90%",IF(G110<=87,"<90%")) -> >90% | H111: =IF(H110>=87,">90%",IF(H110<=87,"<90%")) -> >90% | I111: =IF(I110>=87,">90%",IF(I110<=87,"<90%")) -> >90% | ... Q111: =IF(Q110>=87,">90%",IF(Q110<=87,"<90%")) -> >90%
A112: Status | B112: =IF(B110>=87,"OK",IF(B110<=87,"LESS")) -> OK | C112: =IF(C110>=87,"OK",IF(C110<=87,"LESS")) -> OK | D112: =IF(D110>=87,"OK",IF(D110<=87,"LESS")) -> OK | E112: =IF(E110>=87,"OK",IF(E110<=87,"LESS")) -> OK | F112: =IF(F110>=87,"OK",IF(F110<=87,"LESS")) -> OK | G112: =IF(G110>=87,"OK",IF(G110<=87,"LESS")) -> OK | H112: =IF(H110>=87,"OK",IF(H110<=87,"LESS")) -> OK | I112: =IF(I110>=87,"OK",IF(I110<=87,"LESS")) -> OK | ... Q112: =IF(Q110>=87,"OK",IF(Q110<=87,"LESS")) -> OK
A115: Done by | B115: SR
A117: Comment

Sheet 16
A1: Station: | B1: BHATAGAON RAIPUR
A2: Date: | B2: =$A$9 -> 16-06-2022 00:15 | D2: Power Off | G2: Pw.Off | L2: Link Fail | N2: Link F | P2: Maintenance | R2: Maint.
A3: Report Type: | B3: Mean | D3: Calibration | G3: Calib. | L3: Data Fail | N3: Data F | P3: Invalid | R3: Invalid
A4: Time Base: | B4: 15 Min | D4: Zero Referrence | G4: Z.Ref | L4: Warm Up | N4: Wm. Up
