Workbook

Sheet 01
A1: Station: | B1: BHATAGAON RAIPPUR
A2: Date: | B2: =$A$9 -> 01-02-2024 00:15 | D2: Power Off | G2: Pw.Off | L2: Link Fail | N2: Link F | P2: Maintenance | R2: Maint.
A3: Report Type: | B3: Mean | D3: Calibration | G3: Calib. | L3: Data Fail | N3: Data F | P3: Invalid | R3: Invalid
A4: Time Base: | B4: 15 Min | D4: Zero Referrence | G4: Z.Ref | L4: Warm Up | N4: Wm. Up
A7: Date & Time | B7: NO_BHATAGAON | C7: NO2__BHATAGAON | D7: NOX_BHATAGAON | E7: SO2__BHATAGAON | F7: O3__BHATAGAON | G7: PM10__BHATAGAON | H7: PM2_5__BHATAGAON | I7: BENZ__BHATAGAON | J7: WS__BHATAGAON | K7: WD__BHATAGAON | L7: TEMP__BHATAGAON | M7: HUM__BHATAGAON | N7: SR__BHATAGAON | O7: RG__BHATAGAON | P7: CO__BHATAGAON | Q7: NH3__BHATAGAON
B8: ug/m3 | C8: ug/m3 | D8: ppb | E8: ug/m3 | F8: ug/m3 | G8: ug/m3 | H8: ug/m3 | I8: ug/m3 | J8: m/sec | K8: deg | L8: degreC | M8: % | N8: w/m2 | O8: mm | P8: mg/m3 | Q8: ug/m3
A9: 01-02-2024 00:15 | B9: 16.07 | C9: 61.42 | D9: 47.43 | E9: 0.26 | F9: 3.15 | G9: 88.12 | H9: 37.77 | I9: 1.55 | J9: 0.09 | K9: 289.86 | L9: 17.56 | M9: 82.79 | N9: 59.3 | O9: 0 | P9: 1.04 | Q9: 7.93
A10: 01-02-2024 00:30 | B10: 18.71 | C10: 60.7 | D10: 49.15 | E10: 0.27 | F10: 3.16 | G10: 90.56 | H10: 39.22 | I10: 1.53 | J10: 0.08 | K10: 305.32 | L10: 17.68 | M10: 82.68 | N10: 59 | O10: 0 | P10: 1.06 | Q10: 8.07
A11: 01-02-2024 00:45 | B11: 20.8 | C11: 57.48 | D11: 49.05 | E11: 0.24 | F11: 2.91 | G11: 101.84 | H11: 44.16 | I11: 1.51 | J11: 0.17 | K11: 183.77 | L11: 17.86 | M11: 79.28 | N11: 58.7 | O11: 0 | P11: 1.05 | Q11: 8.19
A12: 01-02-2024 01:00 | B12: 20.33 | C12: 58.5 | D12: 49.23 | E12: 0.3 | F12: 2.97 | G12: 101.84 | H12: 44.16 | I12: 1.56 | J12: 0.51 | K12: 182.44 | L12: 18.24 | M12: 75.43 | N12: 58.1 | O12: 0 | P12: 1.03 | Q12: 8.18
A13: 01-02-2024 01:15 | B13: 18.13 | C13: 59.97 | D13: 48.28 | E13: 0.27 | F13: 3.26 | G13: 101.84 | H13: 44.16 | I13: 1.55 | J13: 0.62 | K13: 160.46 | L13: 18.18 | M13: 76.34 | N13: 58.6 | O13: 0 | P13: 0.96 | Q13: 8.14
A14: 01-02-2024 01:30 | B14: 16.23 | C14: 59.57 | D14: 46.54 | E14: 0.28 | F14: 3.01 | G14: 99.55 | H14: 43.18 | I14: 1.5 | J14: 0.68 | K14: 164.05 | L14: 18.19 | M14: 75.2 | N14: 58.5 | O14: 0 | P14: 0.95 | Q14: 8
A15: 01-02-2024 01:45 | B15: 14.57 | C15: 59.51 | D15: 45.17 | E15: 0.24 | F15: 3.17 | G15: 88.97 | H15: 39.86 | I15: 1.47 | J15: 0.13 | K15: 169.13 | L15: 18.04 | M15: 76.4 | N15: 59 | O15: 0 | P15: 0.92 | Q15: 7.91
A16: 01-02-2024 02:00 | B16: 13.07 | C16: 58.93 | D16: 43.65 | E16: 0.28 | F16: 3.22 | G16: 88.97 | H16: 39.86 | I16: 1.47 | J16: 0.06 | K16: 275.33 | L16: 17.76 | M16: 78.51 | N16: 59 | O16: 0 | P16: 0.9 | Q16: 7.75
A17: 01-02-2024 02:15 | B17: 11.71 | C17: 58.38 | D17: 42.25 | E17: 0.25 | F17: 3.26 | G17: 88.97 | H17: 39.86 | I17: 1.52 | J17: 0.34 | K17: 183.33 | L17: 17.83 | M17: 77.31 | N17: 58.3 | O17: 0 | P17: 0.86 | Q17: 7.61
A18: 01-02-2024 02:30 | B18: 10.46 | C18: 57.3 | D18: 40.66 | E18: 0.28 | F18: 3.18 | G18: 86.37 | H18: 39.51 | I18: 1.44 | J18: 0.17 | K18: 89.71 | L18: 17.83 | M18: 77.07 | N18: 58.7 | O18: 0 | P18: 0.84 | Q18: 7.45
A19: 01-02-2024 02:45 | B19: 9.47 | C19: 56.76 | D19: 39.56 | E19: 0.23 | F19: 3.02 | G19: 74.36 | H19: 38.31 | I19: 1.5 | J19: 0.03 | K19: 181.31 | L19: 17.75 | M19: 77.6 | N19: 58.6 | O19: 0 | P19: 0.81 | Q19: 7.33
A20: 01-02-2024 03:00 | B20: 8.69 | C20: 55.98 | D20: 38.51 | E20: 0.25 | F20: 3.07 | G20: 74.36 | H20: 38.31 | I20: 1.55 | J20: 0.12 | K20: 306.2 | L20: 17.48 | M20: 81.5 | N20: 59 | O20: 0 | P20: 0.79 | Q20: 7.25
... A24: 01-02-2024 04:00 | B24: 8.03 | C24: 53.27 | D24: 36.49 | E24: 0.08 | F24: 3.08 | G24: 68.28 | H24: 35.11 | I24: 1.56 | J24: 0.67 | K24: 328.27 | L24: 16.63 | M24: 88.18 | N24: 57.8 | O24: 0 | P24: 0.72 | Q24: 7.08
A25: 01-02-2024 04:15 | B25: 8.07 | C25: 53.6 | D25: 36.7 | E25: 0.1 | F25: 3.07 | G25: 68.28 | H25: 35.11 | I25: 1.53 | J25: 0.3 | K25: 329.68 | L25: 16.54 | M25: 89.18 | N25: 58.9 | O25: 0 | P25: 0.73 | Q25: Data F
A26: 01-02-2024 04:30 | B26: 9.52 | C26: 54.5 | D26: 38.36 | E26: 0.19 | F26: 3.05 | G26: 69.53 | H26: 35.32 | I26: 1.5 | J26: 0.09 | K26: 275.5 | L26: 16.26 | M26: 91.77 | N26: 59 | O26: 0 | P26: 0.76 | Q26: Data F
A27: 01-02-2024 04:45 | B27: 9.52 | C27: 54.5 | D27: 38.36 | E27: 0.19 | F27: 3.05 | G27: 69.53 | H27: 35.32 | I27: 1.5 | J27: 0.09 | K27: 275.5 | L27: 16.26 | M27: 91.77 | N27: 59 | O27: 0 | P27: 0.76 | Q27: Data F
A28: 01-02-2024 05:00 | B28: 9.52 | C28: 54.5 | D28: 38.36 | E28: 0.19 | F28: 3.05 | G28: 69.53 | H28: 35.32 | I28: 1.5 | J28: 0.09 | K28: 275.5 | L28: 16.26 | M28: 91.77 | N28: 59 | O28: 0 | P28: 0.76 | Q28: Data F
A29: 01-02-2024 05:15 | B29: 14.32 | C29: 53.41 | D29: 41.6 | E29: 0.16 | F29: 3.17 | G29: 87.91 | H29: 38.04 | I29: 1.46 | J29: 0.24 | K29: 315.84 | L29: 15.85 | M29: 93.76 | N29: 58.8 | O29: 0 | P29: 0.82 | Q29: 7.5
A30: 01-02-2024 05:30 | B30: 16.8 | C30: 53.55 | D30: 43.67 | E30: 0.18 | F30: 3.23 | G30: 94.16 | H30: 40.35 | I30: 1.51 | J30: 0.2 | K30: 322.75 | L30: 15.53 | M30: 96.08 | N30: 58.8 | O30: 0 | P30: 0.86 | Q30: 7.75
A31: 01-02-2024 05:45 | B31: 19.13 | C31: 53.57 | D31: 45.55 | E31: 0.11 | F31: 3.08 | G31: 123.09 | H31: 48.34 | I31: 1.52 | J31: 0.12 | K31: 76.57 | L31: 15.58 | M31: 95.94 | N31: 58.9 | O31: 0 | P31: 0.88 | Q31: 7.86
A32: 01-02-2024 06:00 | B32: 21.33 | C32: 53.41 | D32: 47.22 | E32: 0.25 | F32: 3.18 | G32: 123.09 | H32: 48.34 | I32: 1.49 | J32: 0.08 | K32: 305.07 | L32: 15.56 | M32: 96.58 | N32: 59 | O32: 0 | P32: 0.9 | Q32: 8.07
A33: 01-02-2024 06:15 | B33: 24.03 | C33: 53.15 | D33: 49.25 | E33: 0.16 | F33: 3.11 | G33: 123.09 | H33: 48.34 | I33: 1.51 | J33: 0.05 | K33: 136.95 | L33: 15.42 | M33: 98.29 | N33: 59 | O33: 0 | P33: 0.94 | Q33: 8.25
A34: 01-02-2024 06:30 | B34: 27.98 | C34: 53.22 | D34: 52.45 | E34: 0.19 | F34: 3.11 | G34: 127.54 | H34: 52.05 | I34: 1.43 | J34: 0.02 | K34: 248.72 | L34: 15.48 | M34: 98.51 | N34: 59.7 | O34: 0 | P34: 0.97 | Q34: 8.46
A35: 01-02-2024 06:45 | B35: 31.8 | C35: 53.32 | D35: 55.57 | E35: 0.24 | F35: 3.22 | G35: 148.13 | H35: 64.67 | I35: 1.51 | J35: 0.01 | K35: 213.63 | L35: 15.51 | M35: 98.56 | N35: 64.7 | O35: 0 | P35: 1 | Q35: 8.72
A36: 01-02-2024 07:00 | B36: 36.15 | C36: 53.13 | D36: 58.96 | E36: 0.25 | F36: 3.15 | G36: 148.13 | H36: 64.67 | I36: 1.4 | J36: 0.02 | K36: 100.93 | L36: 15.65 | M36: 98.14 | N36: 78.3 | O36: 0 | P36: 1.04 | Q36: 8.99
A37: 01-02-2024 07:15 | B37: 40.54 | C37: 53.19 | D37: 62.51 | E37: 0.26 | F37: 2.71 | G37: 148.13 | H37: 64.67 | I37: 1.43 | J37: 0.01 | K37: 251.99 | L37: 16 | M37: 95.81 | N37: 96.9 | O37: 0 | P37: 1.05 | Q37: 9.29
A38: 01-02-2024 07:30 | B38: 43.97 | C38: 53.29 | D38: 65.32 | E38: 0.26 | F38: 3.03 | G38: 153.74 | H38: 65.96 | I38: 1.54 | J38: 0.31 | K38: 126.71 | L38: 16.76 | M38: 92.12 | N38: 133.3 | O38: 0 | P38: 1.12 | Q38: 9.61
A39: 01-02-2024 07:45 | B39: 46.42 | C39: 51.87 | D39: 66.5 | E39: 0.29 | F39: 3.18 | G39: 179.71 | H39: 72.53 | I39: 1.54 | J39: 0.75 | K39: 106.88 | L39: 17.48 | M39: 84.86 | N39: 146.1 | O39: 0 | P39: 1.14 | Q39: 9.83
A40: 01-02-2024 08:00 | B40: 45.84 | C40: 52.05 | D40: 66.13 | E40: 0.15 | F40: 3.17 | G40: 179.71 | H40: 72.53 | I40: 1.41 | J40: 0.55 | K40: 92.89 | L40: 18.06 | M40: 82.61 | N40: 197.5 | O40: 0 | P40: 1.16 | Q40: 9.88
... A104: 01-02-2024 24:00 | B104: 94.7 | C104: 57.48 | D104: 108.31 | E104: 0.13 | F104: 3.06 | G104: 131.77 | H104: 51.49 | I104: 1.51 | J104: 0.13 | K104: 314.53 | L104: 18 | M104: 89.82 | N104: 58.1 | O104: 0 | P104: 1.96 | Q104: 13.68
A106: Min | B106: =MIN(B9:B104) -> 1.94 | C106: =MIN(C9:C104) -> 51.87 | D106: =MIN(D9:D104) -> 33.68 | E106: =MIN(E9:E104) -> 0.05 | F106: =MIN(F9:F104) -> 2.71 | G106: =MIN(G9:G104) -> 35.77 | H106: =MIN(H9:H104) -> 23.9 | I106: =MIN(I9:I104) -> 1.4 | ... Q106: =MIN(Q9:Q104) -> 6.81
A107: Max | B107: =MAX(B9:B104) -> 99.17 | C107: =MAX(C9:C104) -> 74.7 | D107: =MAX(D9:D104) -> 113.3 | E107: =MAX(E9:E104) -> 0.56 | F107: =MAX(F9:F104) -> 6.35 | G107: =MAX(G9:G104) -> 183.19 | H107: =MAX(H9:H104) -> 75.44 | I107: =MAX(I9:I104) -> 1.61 | ... Q107: =MAX(Q9:Q104) -> 13.92
A108: Avg | B108: =AVERAGE(B9:B104) -> 26.838333 | C108: =AVERAGE(C9:C104) -> 60.375312 | D108: =AVERAGE(D9:D104) -> 55.488438 | E108: =AVERAGE(E9:E104) -> 0.25354167 | F108: =AVERAGE(F9:F104) -> 3.4771875 | G108: =AVERAGE(G9:G104) -> 107.16604 | H108: =AVERAGE(H9:H104) -> 45.368125 | I108: =AVERAGE(I9:I104) -> 1.5020833 | ... Q108: =AVERAGE(Q9:Q104) -> 8.7976087
A109: Stdev | B109: =STDEV(B9:B104) -> 27.33243 | C109: =STDEV(C9:C104) -> 6.1454375 | D109: =STDEV(D9:D104) -> 21.42523 | E109: =STDEV(E9:E104) -> 0.10737028 | F109: =STDEV(F9:F104) -> 0.83062146 | G109: =STDEV(G9:G104) -> 43.266994 | H109: =STDEV(H9:H104) -> 13.852487 | I109: =STDEV(I9:I104) -> 0.043284048 | ... Q109: =STDEV(Q9:Q104) -> 1.907079
A110: Num | B110: =COUNT(B9:B104) -> 96 | C110: =COUNT(C9:C104) -> 96 | D110: =COUNT(D9:D104) -> 96 | E110: =COUNT(E9:E104) -> 96 | F110: =COUNT(F9:F104) -> 96 | G110: =COUNT(G9:G104) -> 96 | H110: =COUNT(H9:H104) -> 96 | I110: =COUNT(I9:I104) -> 96 | ... P110: =COUNT(P9:P104) -> 96 | Q110: =COUNT(Q9:Q104)+4 -> 96
A111: DCR | B111: =IF(B110>=87,">90%",IF(B110<=87,"<90%")) -> >90% | C111: =IF(C110>=87,">90%",IF(C110<=87,"<90%")) -> >90% | D111: =IF(D110>=87,">90%",IF(D110<=87,"<90%")) -> >90% | E111: =IF(E110>=87,">90%",IF(E110<=87,"<90%")) -> >90% | F111: =IF(F110>=87,">90%",IF(F110<=87,"<90%")) -> >90% | G111: =IF(G110>=87,">90%",IF(G110<=87,"<90%")) -> >90% | H111: =IF(H110>=87,">90%",IF(H110<=87,"<90%")) -> >90% | I111: =IF(I110>=87,">90%",IF(I110<=87,"<90%")) -> >90% | ... Q111: =IF(Q110>=87,">90%",IF(Q110<=87,"<90%")) -> >90%
A112: Status | B112: =IF(B110>=87,"OK",IF(B110<=87,"LESS")) -> OK | C112: =IF(C110>=87,"OK",IF(C110<=87,"LESS")) -> OK | D112: =IF(D110>=87,"OK",IF(D110<=87,"LESS")) -> OK | E112: =IF(E110>=87,"OK",IF(E110<=87,"LESS")) -> OK | F112: =IF(F110>=87,"OK",IF(F110<=87,"LESS")) -> OK | G112: =IF(G110>=87,"OK",IF(G110<=87,"LESS")) -> OK | H112: =IF(H110>=87,"OK",IF(H110<=87,"LESS")) -> OK | I112: =IF(I110>=87,"OK",IF(I110<=87,"LESS")) -> OK | ... Q112: =IF(Q110>=87,"OK",IF(Q110<=87,"LESS")) -> OK
A115: Done by | B115: RK
A117: Comment

Sheet 02
A1: Station: | B1: BHATAGAON RAIPUR
A2: Date: | B2: =$A$9 -> 02-02-2024 00:15 | D2: Power Off | G2: Pw.Off | L2: Link Fail | N2: Link F | P2: Maintenance | R2: Maint.
A3: Report Type: | B3: Mean | D3: Calibration | G3: Calib. | L3: Data Fail | N3: Data F | P3: Invalid | R3: Invalid
A4: Time Base: | B4: 15 Min | D4: Zero Referrence | G4: Z.Ref | L4: Warm Up | N4: Wm. Up
A7: Date & Time | B7: NO_BHATAGAON | C7: NO2__BHATAGAON | D7: NOX_BHATAGAON | E7: SO2__BHATAGAON | F7: O3__BHATAGAON | G7: PM10__BHATAGAON | H7: PM2_5__BHATAGAON | I7: BENZ__BHATAGAON | J7: WS__BHATAGAON | K7: WD__BHATAGAON | L7: TEMP__BHATAGAON | M7: HUM__BHATAGAON | N7: SR__BHATAGAON | O7: RG__BHATAGAON | P7: CO__BHATAGAON | Q7: NH3__BHATAGAON
B8: ug/m3 | C8: ug/m3 | D8: ppb | E8: ug/m3 | F8: ug/m3 | G8: ug/m3 | H8: ug/m3 | I8: ug/m3 | J8: m/sec | K8: deg | L8: degreC | M8: % | N8: w/m2 | O8: mm | P8: mg/m3 | Q8: ug/m3
A9: 02-02-2024 00:15 | B9: 93.28 | C9: 57.43 | D9: 107.15 | E9: 0.25 | F9: 3.2 | G9: 131.77 | H9: 51.49 | I9: 1.5 | J9: 0.08 | K9: 281.71 | L9: 17.72 | M9: 91.51 | N9: 58.2 | O9: 0 | P9: 1.91 | Q9: 13.59
A10: 02-02-2024 00:30 | B10: 90.79 | C10: 56.21 | D10: 104.48 | E10: 0.32 | F10: 3.07 | G10: 129.46 | H10: 50.21 | I10: 1.5 | J10: 0.03 | K10: 181.85 | L10: 17.58 | M10: 92.33 | N10: 58.1 | O10: 0 | P10: 1.85 | Q10: 13.41
A11: 02-02-2024 00:45 | B11: 87.62 | C11: 55.54 | D11: 101.56 | E11: 0.28 | F11: 3.08 | G11: 118.79 | H11: 45.89 | I11: 1.52 | J11: 0.11 | K11: 282.58 | L11: 17.56 | M11: 93.69 | N11: 58.1 | O11: 0 | P11: 1.78 | Q11: 13.25
A12: 02-02-2024 01:00 | B12: 84.8 | C12: 55.32 | D12: 99.18 | E12: 0.27 | F12: 3.1 | G12: 118.79 | H12: 45.89 | I12: 1.39 | J12: 0.06 | K12: 351.82 | L12: 17.55 | M12: 95.79 | N12: 58.2 | O12: 0 | P12: 1.71 | Q12: 13.05
A13: 02-02-2024 01:15 | B13: 82.15 | C13: 52.77 | D13: 95.65 | E13: 0.23 | F13: 3.21 | G13: 118.79 | H13: 45.89 | I13: 1.55 | J13: 0.04 | K13: 262.19 | L13: 17.49 | M13: 94.78 | N13: 58.3 | O13: 0 | P13: 1.52 | Q13: 12.78
A14: 02-02-2024 01:30 | B14: 79.39 | C14: 53.52 | D14: 93.85 | E14: 0.22 | F14: 3.04 | G14: 112.82 | H14: 45.02 | I14: 1.48 | J14: 0.13 | K14: 280.38 | L14: 17.43 | M14: 94.87 | N14: 58.2 | O14: 0 | P14: 1.54 | Q14: 12.6
A15: 02-02-2024 01:45 | B15: 76.86 | C15: 54.85 | D15: 92.55 | E15: 0.29 | F15: 3.09 | G15: 85.22 | H15: 42.07 | I15: 1.57 | J15: 0.05 | K15: 350.64 | L15: 17.37 | M15: 95.58 | N15: 58.3 | O15: 0 | P15: 1.49 | Q15: 12.52
A16: 02-02-2024 02:00 | B16: 74.65 | C16: 55.13 | D16: 90.93 | E16: 0.26 | F16: 3.04 | G16: 85.22 | H16: 42.07 | I16: 1.53 | J16: 0.09 | K16: 248.23 | L16: 17.45 | M16: 92.9 | N16: 58 | O16: 0 | P16: 1.42 | Q16: 12.43
A17: 02-02-2024 02:15 | B17: 72.05 | C17: 55.25 | D17: 88.92 | E17: 0.31 | F17: 3.26 | G17: 85.22 | H17: 42.07 | I17: 1.43 | J17: 0.07 | K17: 255.22 | L17: 17.49 | M17: 91.5 | N17: 58.2 | O17: 0 | P17: 1.39 | Q17: 12.4
A18: 02-02-2024 02:30 | B18: 69.64 | C18: 55.12 | D18: 86.91 | E18: 0.27 | F18: 2.99 | G18: 82.74 | H18: 40.45 | I18: 1.44 | J18: 0.05 | K18: 48.42 | L18: 17.42 | M18: 90.76 | N18: 58.1 | O18: 0 | P18: 1.33 | Q18: 12.27
A19: 02-02-2024 02:45 | B19: 67.33 | C19: 54.89 | D19: 84.93 | E19: 0.25 | F19: 3.25 | G19: 71.27 | H19: 34.95 | I19: 1.43 | J19: 0.02 | K19: 10.4 | L19: 17.56 | M19: 88.08 | N19: 58.3 | O19: 0 | P19: 1.29 | Q19: 12.07
A20: 02-02-2024 03:00 | B20: 64.96 | C20: 54.84 | D20: 83 | E20: 0.23 | F20: 3.09 | G20: 71.27 | H20: 34.95 | I20: 1.52 | J20: 0.01 | K20: 248.28 | L20: 17.27 | M20: 92.57 | N20: 58.4 | O20: 0 | P20: 1.26 | Q20: 11.94
... A104: 02-02-2024 24:00 | B104: 34.36 | C104: 56.14 | D104: 59.18 | E104: 0.22 | F104: 3.1 | G104: 67.64 | H104: 30.18 | I104: 1.48 | J104: 0.07 | K104: 271.38 | L104: 18.19 | M104: 89.66 | N104: 61.9 | O104: 0 | P104: 1.02 | Q104: 9.74
A106: Min | B106: =MIN(B9:B104) -> 2.2 | C106: =MIN(C9:C104) -> 49.35 | D106: =MIN(D9:D104) -> 36.34 | E106: =MIN(E9:E104) -> 0.06 | F106: =MIN(F9:F104) -> 2.78 | G106: =MIN(G9:G104) -> 67.64 | H106: =MIN(H9:H104) -> 30.12 | I106: =MIN(I9:I104) -> 1.39 | ... Q106: =MIN(Q9:Q104) -> 7.59
A107: Max | B107: =MAX(B9:B104) -> 93.28 | C107: =MAX(C9:C104) -> 75.76 | D107: =MAX(D9:D104) -> 107.15 | E107: =MAX(E9:E104) -> 0.41 | F107: =MAX(F9:F104) -> 4.98 | G107: =MAX(G9:G104) -> 143.62 | H107: =MAX(H9:H104) -> 51.49 | I107: =MAX(I9:I104) -> 1.62 | ... Q107: =MAX(Q9:Q104) -> 13.59
A108: Avg | B108: =AVERAGE(B9:B104) -> 33.729062 | C108: =AVERAGE(C9:C104) -> 58.412083 | D108: =AVERAGE(D9:D104) -> 59.930729 | E108: =AVERAGE(E9:E104) -> 0.23052083 | F108: =AVERAGE(F9:F104) -> 3.4144792 | G108: =AVERAGE(G9:G104) -> 89.625833 | H108: =AVERAGE(H9:H104) -> 37.761458 | I108: =AVERAGE(I9:I104) -> 1.5013542 | ... Q108: =AVERAGE(Q9:Q104) -> 9.6309375
A109: Stdev | B109: =STDEV(B9:B104) -> 24.932802 | C109: =STDEV(C9:C104) -> 6.8322708 | D109: =STDEV(D9:D104) -> 18.003682 | E109: =STDEV(E9:E104) -> 0.069439406 | F109: =STDEV(F9:F104) -> 0.51017617 | G109: =STDEV(G9:G104) -> 21.589023 | H109: =STDEV(H9:H104) -> 5.3251147 | I109: =STDEV(I9:I104) -> 0.041488611 | ... Q109: =STDEV(Q9:Q104) -> 1.6202171
A110: Num | B110: =COUNT(B9:B104) -> 96 | C110: =COUNT(C9:C104) -> 96 | D110: =COUNT(D9:D104) -> 96 | E110: =COUNT(E9:E104) -> 96 | F110: =COUNT(F9:F104) -> 96 | G110: =COUNT(G9:G104) -> 96 | H110: =COUNT(H9:H104) -> 96 | I110: =COUNT(I9:I104) -> 96 | ... Q110: =COUNT(Q9:Q104) -> 96
A111: DCR | B111: =IF(B110>=87,">90%",IF(B110<=87,"<90%")) -> >90% | C111: =IF(C110>=87,">90%",IF(C110<=87,"<90%")) -> >90% | D111: =IF(D110>=87,">90%",IF(D110<=87,"<90%")) -> >90% | E111: =IF(E110>=87,">90%",IF(E110<=87,"<90%")) -> >90% | F111: =IF(F110>=87,">90%",IF(F110<=87,"<90%")) -> >90% | G111: =IF(G110>=87,">90%",IF(G110<=87,"<90%")) -> >90% | H111: =IF(H110>=87,">90%",IF(H110<=87,"<90%")) -> >90% | I111: =IF(I110>=87,">90%",IF(I110<=87,"<90%")) -> >90% | ... Q111: =IF(Q110>=87,">90%",IF(Q110<=87,"<90%")) -> >90%
A112: Status | B112: =IF(B110>=87,"OK",IF(B110<=87,"LESS")) -> OK | C112: =IF(C110>=87,"OK",IF(C110<=87,"LESS")) -> OK | D112: =IF(D110>=87,"OK",IF(D110<=87,"LESS")) -> OK | E112: =IF(E110>=87,"OK",IF(E110<=87,"LESS")) -> OK | F112: =IF(F110>=87,"OK",IF(F110<=87,"LESS")) -> OK | G112: =IF(G110>=87,"OK",IF(G110<=87,"LESS")) -> OK | H112: =IF(H110>=87,"OK",IF(H110<=87,"LESS")) -> OK | I112: =IF(I110>=87,"OK",IF(I110<=87,"LESS")) -> OK | ... Q112: =IF(Q110>=87,"OK",IF(Q110<=87,"LESS")) -> OK
A115: Done by | B115: RK
A117: Comment

Sheet 03
A1: Station: | B1: BHATAGAON RAIPUR
A2: Date: | B2: =$A$9 -> 03-02-2024 00:15 | D2: Power Off | G2: Pw.Off | L2: Link Fail | N2: Link F | P2: Maintenance | R2: Maint.
A3: Report Type: | B3: Mean | D3: Calibration | G3: Calib. | L3: Data Fail | N3: Data F | P3: Invalid | R3: Invalid
A4: Time Base: | B4: 15 Min | D4: Zero Referrence | G4: Z.Ref | L4: Warm Up | N4: Wm. Up
A7: Date & Time | B7: NO_BHATAGAON | C7: NO2__BHATAGAON | D7: NOX_BHATAGAON | E7: SO2__BHATAGAON | F7: O3__BHATAGAON | G7: PM10__BHATAGAON | H7: PM2_5__BHATAGAON | I7: BENZ__BHATAGAON | J7: WS__BHATAGAON | K7: WD__BHATAGAON | L7: TEMP__BHATAGAON | M7: HUM__BHATAGAON | N7: SR__BHATAGAON | O7: RG__BHATAGAON | P7: CO__BHATAGAON | Q7: NH3__BHATAGAON
B8: ug/m3 | C8: ug/m3 | D8: ppb | E8: ug/m3 | F8: ug/m3 | G8: ug/m3 | H8: ug/m3 | I8: ug/m3 | J8: m/sec | K8: deg | L8: degreC | M8: % | N8: w/m2 | O8: mm | P8: mg/m3 | Q8: ug/m3
A9: 03-02-2024 00:15 | B9: 34.12 | C9: 55.44 | D9: 58.6 | E9: 0.37 | F9: 3.11 | G9: 67.64 | H9: 30.18 | I9: 1.51 | J9: 0.12 | K9: 15.1 | L9: 17.74 | M9: 93.25 | N9: 62.2 | O9: 0 | P9: 1.02 | Q9: 9.7
A10: 03-02-2024 00:30 | B10: 34.24 | C10: 55.38 | D10: 58.67 | E10: 0.37 | F10: 3.13 | G10: 70.26 | H10: 31.11 | I10: 1.52 | J10: 0.05 | K10: 312.56 | L10: 17.46 | M10: 95.17 | N10: 62.1 | O10: 0 | P10: 1.02 | Q10: 9.73
A11: 03-02-2024 00:45 | B11: 34.28 | C11: 54.91 | D11: 58.45 | E11: 0.37 | F11: 3.18 | G11: 82.37 | H11: 34.27 | I11: 1.53 | J11: 0.04 | K11: 21.55 | L11: 17.42 | M11: 95.83 | N11: 61.9 | O11: 0 | P11: 1.01 | Q11: 9.69
A12: 03-02-2024 01:00 | B12: 35.17 | C12: 54.52 | D12: 58.94 | E12: 0.38 | F12: 3.16 | G12: 82.37 | H12: 34.27 | I12: 1.53 | J12: 0.08 | K12: 306.65 | L12: 17.04 | M12: 98.07 | N12: 62 | O12: 0 | P12: 1.03 | Q12: 9.66
A13: 03-02-2024 01:15 | B13: 36.9 | C13: 54.25 | D13: 60.18 | E13: 0.38 | F13: 3.13 | G13: 82.37 | H13: 34.27 | I13: 1.51 | J13: 0.03 | K13: 111.91 | L13: 16.74 | M13: 99.27 | N13: 61.8 | O13: 0 | P13: 1 | Q13: 9.77
A14: 03-02-2024 01:30 | B14: 38.08 | C14: 48.51 | D14: 57.96 | E14: 0.38 | F14: 3.25 | G14: 85.19 | H14: 36.1 | I14: 1.53 | J14: 0.05 | K14: 279.09 | L14: 16.64 | M14: 98.9 | N14: 62 | O14: 0 | P14: 1.03 | Q14: 9.64
A15: 03-02-2024 01:45 | B15: 38.19 | C15: 50.55 | D15: 59.17 | E15: 0.42 | F15: 3.11 | G15: 98.2 | H15: 42.31 | I15: 1.53 | J15: 0.15 | K15: 358.69 | L15: 16.71 | M15: 86.91 | N15: 61.2 | O15: 0 | P15: 1.02 | Q15: 9.65
A16: 03-02-2024 02:00 | B16: 36.3 | C16: 52.28 | D16: 58.61 | E16: 0.36 | F16: 3.18 | G16: 98.2 | H16: 42.31 | I16: 1.45 | J16: 0.3 | K16: 341.48 | L16: 17.61 | M16: 63.12 | N16: 60.5 | O16: 0 | P16: 1.01 | Q16: 9.65
A17: 03-02-2024 02:15 | B17: 33.06 | C17: 53.95 | D17: 56.93 | E17: 0.33 | F17: 3.25 | G17: 98.2 | H17: 42.31 | I17: 1.52 | J17: 0.45 | K17: 343.1 | L17: 17.78 | M17: 61.99 | N17: 61.5 | O17: 0 | P17: 0.97 | Q17: 9.52
A18: 03-02-2024 02:30 | B18: 30.46 | C18: 55.69 | D18: 55.81 | E18: 0.36 | F18: 2.93 | G18: 95.67 | H18: 42.09 | I18: 1.47 | J18: 0.58 | K18: 347.21 | L18: 17.57 | M18: 63.28 | N18: 61.8 | O18: 0 | P18: 0.94 | Q18: 9.34
A19: 03-02-2024 02:45 | B19: 28.4 | C19: 56.27 | D19: 54.47 | E19: 0.29 | F19: 3.13 | G19: 83.98 | H19: 41.33 | I19: 1.51 | J19: 0.25 | K19: 349.11 | L19: 17.22 | M19: 65.03 | N19: 62.5 | O19: 0 | P19: 0.91 | Q19: 9.16
A20: 03-02-2024 03:00 | B20: 26.35 | C20: 55.88 | D20: 52.62 | E20: 0.32 | F20: 3.31 | G20: 83.98 | H20: 41.33 | I20: 1.45 | J20: 0.18 | K20: 40.91 | L20: 16.92 | M20: 65.58 | N20: 62.3 | O20: 0 | P20: 0.89 | Q20: 8.96
... A53: 03-02-2024 11:15 | B53: 8.35 | C53: 73.7 | D53: 48.01 | E53: 0.3 | F53: 4.29 | G53: 79.98 | H53: 29.29 | I53: 1.51 | J53: 0.14 | K53: 54.95 | L53: 26.89 | M53: 27.38 | N53: 789.6 | O53: 0 | P53: 0.67 | Q53: 7.88
A54: 03-02-2024 11:30 | B54: Calib. | C54: Calib. | D54: Calib. | E54: 0.27 | F54: 4.6 | G54: 79.98 | H54: 29.29 | I54: 1.47 | J54: 0.9 | K54: 113.27 | L54: 26.18 | M54: 25 | N54: 832.1 | O54: 0 | P54: 0.65 | Q54: 7.65
A55: 03-02-2024 11:45 | B55: Calib. | C55: Calib. | D55: Calib. | E55: 0.27 | F55: 5.19 | G55: 17.77 | H55: 6.51 | I55: 1.49 | J55: 0.5 | K55: 350.22 | L55: 28.42 | M55: 23.17 | N55: 837.1 | O55: 0 | P55: Calib. | Q55: 7.32
A56: 03-02-2024 12:00 | B56: 4.21 | C56: 68.29 | D56: 41.7 | E56: 0.29 | F56: 6.08 | G56: Calib. | H56: Calib. | I56: 1.5 | J56: 0.47 | K56: 339.2 | L56: 29.33 | M56: 22.57 | N56: 839.2 | O56: 0 | P56: Calib. | Q56: 7.13
A57: 03-02-2024 12:15 | B57: 4.8 | C57: 69.82 | D57: 43.03 | E57: 0.37 | F57: 6.07 | G57: Calib. | H57: Calib. | I57: 1.51 | J57: 0.61 | K57: 3.15 | L57: 29.52 | M57: 22.91 | N57: 837.6 | O57: 0 | P57: Calib. | Q57: 6.93
A58: 03-02-2024 12:30 | B58: 4.92 | C58: 72.25 | D58: 44.47 | E58: 0.37 | F58: 5.43 | G58: Calib. | H58: Calib. | I58: 1.6 | J58: 0.14 | K58: 322.63 | L58: 30.17 | M58: 22.03 | N58: 844.2 | O58: 0 | P58: Calib. | Q58: 7.01
A59: 03-02-2024 12:45 | B59: 4.11 | C59: 71.84 | D59: 43.59 | E59: 0.33 | F59: 4.67 | G59: 30.38 | H59: 29.99 | I59: 1.51 | J59: 0.21 | K59: 136.43 | L59: 28.14 | M59: 23.45 | N59: 846.9 | O59: 0 | P59: 0.56 | Q59: 7.08
A60: 03-02-2024 13:00 | B60: 3.8 | C60: 69.1 | D60: 41.83 | E60: 0.33 | F60: 4.2 | G60: 38.51 | H60: 38.01 | I60: 1.43 | J60: 0.59 | K60: 121.78 | L60: 27.32 | M60: 23.87 | N60: 816.4 | O60: 0 | P60: 0.53 | Q60: 7.14
A61: 03-02-2024 13:15 | B61: 3.92 | C61: 66.13 | D61: 40.28 | E61: 0.23 | F61: 3.95 | G61: 38.51 | H61: 38.01 | I61: 1.48 | J61: 0.59 | K61: 103.8 | L61: 26.22 | M61: 25.77 | N61: 794.6 | O61: 0 | P61: 0.49 | Q61: 7.17
A62: 03-02-2024 13:30 | B62: 3.65 | C62: 63.24 | D62: 38.47 | E62: 0.33 | F62: 4.2 | G62: 38.51 | H62: 38.01 | I62: 1.47 | J62: 0.13 | K62: 324 | L62: 28.34 | M62: 23.4 | N62: 743.4 | O62: 0 | P62: 0.49 | Q62: 7.19
A63: 03-02-2024 13:45 | B63: 3.68 | C63: 61.99 | D63: 37.81 | E63: 0.37 | F63: 4.01 | G63: 46.18 | H63: 38.87 | I63: 1.52 | J63: 0.51 | K63: 315.45 | L63: 30 | M63: 22.51 | N63: 693.6 | O63: 0 | P63: 0.49 | Q63: 7.23
A64: 03-02-2024 14:00 | B64: 4.13 | C64: 61.34 | D64: 37.81 | E64: 0.27 | F64: 3.93 | G64: 48.24 | H64: 38.87 | I64: 1.57 | J64: 0.2 | K64: 349.79 | L64: 29.42 | M64: 22.42 | N64: 626.1 | O64: 0 | P64: 0.49 | Q64: 7.26
A65: 03-02-2024 14:15 | B65: 4.29 | C65: 61.16 | D65: 37.84 | E65: 0.31 | F65: 3.8 | G65: 48.24 | H65: 38.87 | I65: 1.53 | J65: 0.13 | K65: 12.78 | L65: 28.22 | M65: 23.63 | N65: 596.3 | O65: 0 | P65: 0.48 | Q65: 7.3
A66: 03-02-2024 14:30 | B66: 4.44 | C66: 61.65 | D66: 38.23 | E66: 0.42 | F66: 3.91 | G66: 48.24 | H66: 38.87 | I66: 1.45 | J66: 0.62 | K66: 342.08 | L66: 27.92 | M66: 25.34 | N66: 551.5 | O66: 0 | P66: 0.49 | Q66: 7.35
A67: 03-02-2024 14:45 | B67: 4.53 | C67: 63.5 | D67: 39.32 | E67: 0.28 | F67: 4.07 | G67: 54.71 | H67: 37.89 | I67: 1.49 | J67: 0.9 | K67: 323.28 | L67: 28.95 | M67: 24.3 | N67: 346.9 | O67: 0 | P67: 0.49 | Q67: 7.38
A68: 03-02-2024 15:00 | B68: 5.7 | C68: 63.15 | D68: 40.07 | E68: 0.31 | F68: 3.87 | G68: 56.44 | H68: 37.89 | I68: 1.52 | J68: 1.11 | K68: 330.45 | L68: 29.2 | M68: 23.01 | N68: 317.9 | O68: 0 | P68: 0.49 | Q68: 7.49
A69: 03-02-2024 15:15 | B69: 10.54 | C69: 57.11 | D69: 40.61 | E69: Calib. | F69: 3.99 | G69: 56.44 | H69: 37.89 | I69: 1.37 | J69: 0.49 | K69: 315.54 | L69: 28.6 | M69: 23.09 | N69: 288.4 | O69: 0 | P69: 0.48 | Q69: 7.64
A70: 03-02-2024 15:30 | B70: 9.03 | C70: 57.4 | D70: 39.56 | E70: Calib. | F70: 5.19 | G70: 56.44 | H70: 37.89 | I70: 1.49 | J70: 0.47 | K70: 322.97 | L70: 27.53 | M70: 23.18 | N70: 168.6 | O70: 0 | P70: 0.45 | Q70: 7.6
A71: 03-02-2024 15:45 | B71: 7.62 | C71: 57.7 | D71: 38.6 | E71: Calib. | F71: 4.56 | G71: 54.94 | H71: 30.6 | I71: 1.55 | J71: 0.82 | K71: 319.94 | L71: 26.58 | M71: 25.08 | N71: 139.2 | O71: 0 | P71: 0.44 | Q71: 7.48
A72: 03-02-2024 16:00 | B72: 7.22 | C72: 57.25 | D72: 38.03 | E72: Calib. | F72: 4.07 | G72: 54.54 | H72: 30.6 | I72: 1.45 | J72: 0.7 | K72: 322.74 | L72: 26.04 | M72: 25.79 | N72: 128.6 | O72: 0 | P72: 0.43 | Q72: 7.43
A73: 03-02-2024 16:15 | B73: 6.91 | C73: 57.54 | D73: 37.94 | E73: 0.04 | F73: 4.29 | G73: 54.54 | H73: 30.6 | I73: 1.45 | J73: 1.05 | K73: 336.11 | L73: 25.7 | M73: 26.88 | N73: 117.9 | O73: 0 | P73: 0.44 | Q73: 7.41
A74: 03-02-2024 16:30 | B74: 6.77 | C74: 59.02 | D74: 38.65 | E74: 0.13 | F74: 3.95 | G74: 54.54 | H74: 30.6 | I74: 1.51 | J74: 0.71 | K74: 323.23 | L74: 25.29 | M74: 27.06 | N74: 110 | O74: 0 | P74: 0.44 | Q74: 7.37
A75: 03-02-2024 16:45 | B75: 6.59 | C75: 59.81 | D75: 38.94 | E75: 0.01 | F75: 3.82 | G75: 40.3 | H75: 21.66 | I75: 1.48 | J75: 1.13 | K75: 334.23 | L75: 25.02 | M75: 27.68 | N75: 102.1 | O75: 0 | P75: 0.44 | Q75: 7.36
A76: 03-02-2024 17:00 | B76: 6.33 | C76: 60.08 | D76: 38.87 | E76: 0.08 | F76: 4.34 | G76: 36.49 | H76: 21.66 | I76: 1.51 | J76: 0.94 | K76: 338.36 | L76: 24.66 | M76: 28.09 | N76: 93.9 | O76: 0 | P76: 0.44 | Q76: 7.42
A77: 03-02-2024 17:15 | B77: 6.4 | C77: 61.09 | D77: 39.49 | E77: 0.08 | F77: 3.77 | G77: 36.49 | H77: 21.66 | I77: 1.49 | J77: 0.57 | K77: 319.03 | L77: 24.3 | M77: 29.21 | N77: 84.7 | O77: 0 | P77: 0.45 | Q77: 7.5
A78: 03-02-2024 17:30 | B78: 6.26 | C78: 61.9 | D78: 39.83 | E78: 0.07 | F78: 4.01 | G78: 36.49 | H78: 21.66 | I78: 1.51 | J78: 0.26 | K78: 312.17 | L78: 23.76 | M78: 29.68 | N78: 74.8 | O78: 0 | P78: 0.46 | Q78: 7.51
A79: 03-02-2024 17:45 | B79: 6.43 | C79: 62.89 | D79: 40.51 | E79: -0.01 | F79: 3.76 | G79: 46.95 | H79: 20.47 | I79: 1.51 | J79: 0.25 | K79: 307.57 | L79: 23.05 | M79: 38.95 | N79: 65.3 | O79: 0 | P79: 0.46 | Q79: 7.5
A80: 03-02-2024 18:00 | B80: 7.8 | C80: 63.5 | D80: 41.95 | E80: 0.03 | F80: 3.48 | G80: 49.75 | H80: 20.47 | I80: 1.51 | J80: 0.19 | K80: 335.69 | L80: 22.16 | M80: 46.85 | N80: 60.3 | O80: 0 | P80: 0.49 | Q80: 7.54
A81: 03-02-2024 18:15 | B81: 10.98 | C81: 64.26 | D81: 44.91 | E81: -0.07 | F81: 3.42 | G81: 49.75 | H81: 20.47 | I81: 1.52 | J81: 0.03 | K81: 78.62 | L81: 21.5 | M81: 48.8 | N81: 59.4 | O81: 0 | P81: 0.53 | Q81: 7.61
A82: 03-02-2024 18:30 | B82: 13.34 | C82: 64.82 | D82: 47.12 | E82: 0.01 | F82: 3.19 | G82: 49.75 | H82: 20.47 | I82: 1.49 | J82: 0.03 | K82: 15.45 | L82: 20.97 | M82: 43.45 | N82: 59.4 | O82: 0 | P82: 0.57 | Q82: 7.78
A83: 03-02-2024 18:45 | B83: 15.61 | C83: 65.31 | D83: 49.2 | E83: 0.03 | F83: 3.04 | G83: 51.33 | H83: 21.27 | I83: 1.44 | J83: 0.04 | K83: 278.93 | L83: 20.18 | M83: 43.45 | N83: 59.5 | O83: 0 | P83: 0.61 | Q83: 7.93
A84: 03-02-2024 19:00 | B84: 19.95 | C84: 65.68 | D84: 52.89 | E84: 0.06 | F84: 3.01 | G84: 51.75 | H84: 21.27 | I84: 1.53 | J84: 0.04 | K84: 278.99 | L84: 19.54 | M84: 48.51 | N84: 59.4 | O84: 0 | P84: 0.72 | Q84: 8.13
... A104: 03-02-2024 24:00 | B104: 231.98 | C104: 67.61 | D104: 223.99 | E104: 0.06 | F104: 3.08 | G104: 203.44 | H104: 56.54 | I104: 1.58 | J104: 0.12 | K104: 243.8 | L104: 16 | M104: 75.38 | N104: 59.8 | O104: 0 | P104: 2.9 | Q104: 23.33
A106: Min | B106: =MIN(B9:B104) -> 3.65 | C106: =MIN(C9:C104) -> 48.51 | D106: =MIN(D9:D104) -> 37.81 | E106: =MIN(E9:E104) -> -0.07 | F106: =MIN(F9:F104) -> 2.74 | G106: =MIN(G9:G104) -> 17.77 | H106: =MIN(H9:H104) -> 6.51 | I106: =MIN(I9:I104) -> 1.37 | ... Q106: =MIN(Q9:Q104) -> 6.93
A107: Max | B107: =MAX(B9:B104) -> 232.73 | C107: =MAX(C9:C104) -> 73.7 | D107: =MAX(D9:D104) -> 225.47 | E107: =MAX(E9:E104) -> 0.69 | F107: =MAX(F9:F104) -> 6.08 | G107: =MAX(G9:G104) -> 235.72 | H107: =MAX(H9:H104) -> 56.54 | I107: =MAX(I9:I104) -> 1.6 | ... Q107: =MAX(Q9:Q104) -> 23.33
A108: Avg | B108: =AVERAGE(B9:B104) -> 46.16266 | C108: =AVERAGE(C9:C104) -> 61.483723 | D108: =AVERAGE(D9:D104) -> 71.596596 | E108: =AVERAGE(E9:E104) -> 0.26391304 | F108: =AVERAGE(F9:F104) -> 3.5030208 | G108: =AVERAGE(G9:G104) -> 101.34183 | H108: =AVERAGE(H9:H104) -> 36.05129 | I108: =AVERAGE(I9:I104) -> 1.500625 | ... Q108: =AVERAGE(Q9:Q104) -> 10.014479
A109: Stdev | B109: =STDEV(B9:B104) -> 57.466766 | C109: =STDEV(C9:C104) -> 6.194968 | D109: =STDEV(D9:D104) -> 47.573872 | E109: =STDEV(E9:E104) -> 0.15318563 | F109: =STDEV(F9:F104) -> 0.6786583 | G109: =STDEV(G9:G104) -> 57.654307 | H109: =STDEV(H9:H104) -> 9.6719062 | I109: =STDEV(I9:I104) -> 0.041366462 | ... Q109: =STDEV(Q9:Q104) -> 3.8473622
A110: Num | B110: =COUNT(B9:B104)+2 -> 96 | C110: =COUNT(C9:C104)+2 -> 96 | D110: =COUNT(D9:D104)+2 -> 96 | E110: =COUNT(E9:E104)+2 -> 94 | F110: =COUNT(F9:F104) -> 96 | G110: =COUNT(G9:G104)+3 -> 96 | H110: =COUNT(H9:H104)+3 -> 96 | I110: =COUNT(I9:I104) -> 96 | J110: =COUNT(J9:J104) -> 96 | K110: =COUNT(K9:K104) -> 96 | L110: =COUNT(L9:L104) -> 96 | M110: =COUNT(M9:M104) -> 96 | N110: =COUNT(N9:N104) -> 96 | O110: =COUNT(O9:O104) -> 96 | P110: =COUNT(P9:P104)+4 -> 96 | Q110: =COUNT(Q9:Q104) -> 96
A111: DCR | B111: =IF(B110>=87,">90%",IF(B110<=87,"<90%")) -> >90% | C111: =IF(C110>=87,">90%",IF(C110<=87,"<90%")) -> >90% | D111: =IF(D110>=87,">90%",IF(D110<=87,"<90%")) -> >90% | E111: =IF(E110>=87,">90%",IF(E110<=87,"<90%")) -> >90% | F111: =IF(F110>=87,">90%",IF(F110<=87,"<90%")) -> >90% | G111: =IF(G110>=87,">90%",IF(G110<=87,"<90%")) -> >90% | H111: =IF(H110>=87,">90%",IF(H110<=87,"<90%")) -> >90% | I111: =IF(I110>=87,">90%",IF(I110<=87,"<90%")) -> >90% | ... Q111: =IF(Q110>=87,">90%",IF(Q110<=87,"<90%")) -> >90%
A112: Status | B112: =IF(B110>=87,"OK",IF(B110<=87,"LESS")) -> OK | C112: =IF(C110>=87,"OK",IF(C110<=87,"LESS")) -> OK | D112: =IF(D110>=87,"OK",IF(D110<=87,"LESS")) -> OK | E112: =IF(E110>=87,"OK",IF(E110<=87,"LESS")) -> OK | F112: =IF(F110>=87,"OK",IF(F110<=87,"LESS")) -> OK | G112: =IF(G110>=87,"OK",IF(G110<=87,"LESS")) -> OK | H112: =IF(H110>=87,"OK",IF(H110<=87,"LESS")) -> OK | I112: =IF(I110>=87,"OK",IF(I110<=87,"LESS")) -> OK | ... Q112: =IF(Q110>=87,"OK",IF(Q110<=87,"LESS")) -> OK
A115: Done by | B115: RK
A117: Comment

Sheet 04
A1: Station: | B1: BHATAGAON RAIPUR
A2: Date: | B2: =$A$9 -> 04-02-2024 00:15 | D2: Power Off | G2: Pw.Off | L2: Link Fail | N2: Link F | P2: Maintenance | R2: Maint.
A3: Report Type: | B3: Mean | D3: Calibration | G3: Calib. | L3: Data Fail | N3: Data F | P3: Invalid | R3: Invalid
A4: Time Base: | B4: 15 Min | D4: Zero Referrence | G4: Z.Ref | L4: Warm Up | N4: Wm. Up
A7: Date & Time | B7: NO_BHATAGAON | C7: NO2__BHATAGAON | D7: NOX_BHATAGAON | E7: SO2__BHATAGAON | F7: O3__BHATAGAON | G7: PM10__BHATAGAON | H7: PM2_5__BHATAGAON | I7: BENZ__BHATAGAON | J7: WS__BHATAGAON | K7: WD__BHATAGAON | L7: TEMP__BHATAGAON | M7: HUM__BHATAGAON | N7: SR__BHATAGAON | O7: RG__BHATAGAON | P7: CO__BHATAGAON | Q7: NH3__BHATAGAON
B8: ug/m3 | C8: ug/m3 | D8: ppb | E8: ug/m3 | F8: ug/m3 | G8: ug/m3 | H8: ug/m3 | I8: ug/m3 | J8: m/sec | K8: deg | L8: degreC | M8: % | N8: w/m2 | O8: mm | P8: mg/m3 | Q8: ug/m3
A9: 04-02-2024 00:15 | B9: 226.53 | C9: 65.76 | D9: 218.6 | E9: 0.41 | F9: 2.81 | G9: 203.44 | H9: 56.54 | I9: 1.53 | J9: 0.1 | K9: 285.76 | L9: 15.61 | M9: 77.22 | N9: 60.1 | O9: 0 | P9: 2.82 | Q9: 23.08
A10: 04-02-2024 00:30 | B10: 220.17 | C10: 64.36 | D10: 212.73 | E10: 0.42 | F10: 2.93 | G10: 203.44 | H10: 56.54 | I10: 1.41 | J10: 0.09 | K10: 316.83 | L10: 15.31 | M10: 80.27 | N10: 60 | O10: 0 | P10: 2.74 | Q10: 22.67
A11: 04-02-2024 00:45 | B11: 214.74 | C11: 63.2 | D11: 207.73 | E11: 0.43 | F11: 3.07 | G11: 159.78 | H11: 52.7 | I11: 1.53 | J11: 0.12 | K11: 333.94 | L11: 15.17 | M11: 81.17 | N11: 59.6 | O11: 0 | P11: 2.68 | Q11: 22.16
A12: 04-02-2024 01:00 | B12: 206.71 | C12: 62.11 | D12: 200.69 | E12: 0.43 | F12: 3.01 | G12: 148.86 | H12: 52.7 | I12: 1.49 | J12: 0.02 | K12: 184.58 | L12: 15.29 | M12: 75.19 | N12: 59.6 | O12: 0 | P12: 2.59 | Q12: 21.74
A13: 04-02-2024 01:15 | B13: 196.7 | C13: 61.91 | D13: 192.55 | E13: 0.37 | F13: 3 | G13: 148.86 | H13: 52.7 | I13: 1.48 | J13: 0.09 | K13: 247.7 | L13: 15.59 | M13: 74.76 | N13: 59.5 | O13: 0 | P13: 2.18 | Q13: 21.12
A14: 04-02-2024 01:30 | B14: 188.61 | C14: 60.8 | D14: 185.45 | E14: 0.34 | F14: 2.99 | G14: 148.86 | H14: 52.7 | I14: 1.58 | J14: 0.1 | K14: 227.65 | L14: 15.6 | M14: 76.92 | N14: 59.9 | O14: 0 | P14: 2.23 | Q14: 20.45
A15: 04-02-2024 01:45 | B15: 182.16 | C15: 59.87 | D15: 179.76 | E15: 0.29 | F15: 3 | G15: 127.46 | H15: 52.52 | I15: 1.57 | J15: 0.05 | K15: 71.44 | L15: 15.2 | M15: 79.14 | N15: 60.1 | O15: 0 | P15: 2.2 | Q15: 19.93
A16: 04-02-2024 02:00 | B16: 177.23 | C16: 59.61 | D16: 175.67 | E16: 0.33 | F16: 3.07 | G16: 121.73 | H16: 52.52 | I16: 1.48 | J16: 0.08 | K16: 201.31 | L16: 14.8 | M16: 83.42 | N16: 60 | O16: 0 | P16: 2.18 | Q16: 19.43
A17: 04-02-2024 02:15 | B17: 172.62 | C17: 59.68 | D17: 172.01 | E17: 0.36 | F17: 2.98 | G17: 121.73 | H17: 52.52 | I17: 1.48 | J17: 0.1 | K17: 277.92 | L17: 14.56 | M17: 86.29 | N17: 59.8 | O17: 0 | P17: 2.16 | Q17: 19.16
A18: 04-02-2024 02:30 | B18: 169.15 | C18: 59.44 | D18: 169.1 | E18: 0.36 | F18: 2.97 | G18: 121.73 | H18: 52.52 | I18: 1.55 | J18: 0.11 | K18: 296.95 | L18: 14.49 | M18: 87.86 | N18: 59.2 | O18: 0 | P18: 2.15 | Q18: 18.94
A19: 04-02-2024 02:45 | B19: 166.12 | C19: 59.17 | D19: 166.51 | E19: 0.35 | F19: 3.11 | G19: 170.06 | H19: 59.48 | I19: 1.51 | J19: 0.14 | K19: 289.53 | L19: 14.21 | M19: 91.86 | N19: 59.4 | O19: 0 | P19: 2.15 | Q19: 18.78
A20: 04-02-2024 03:00 | B20: 163.74 | C20: 59.16 | D20: 164.6 | E20: 0.3 | F20: 2.9 | G20: 183 | H20: 59.48 | I20: 1.44 | J20: 0.16 | K20: 294.07 | L20: 14.27 | M20: 90.2 | N20: 59.2 | O20: 0 | P20: 2.13 | Q20: 18.6
... A27: 04-02-2024 04:45 | B27: 148.21 | C27: 57.43 | D27: 151.19 | E27: 0.49 | F27: 3.36 | G27: 164.13 | H27: 58.05 | I27: 1.53 | J27: 0.13 | K27: 242.28 | L27: 14.34 | M27: 81.44 | N27: 59.7 | O27: 0 | P27: 1.93 | Q27: 17.75
A28: 04-02-2024 05:00 | B28: 143.05 | C28: 57.51 | D28: 147.1 | E28: 0.49 | F28: 2.98 | G28: 163.56 | H28: 58.05 | I28: 1.56 | J28: 0.13 | K28: 265.71 | L28: 14.15 | M28: 80.98 | N28: 59.6 | O28: 0 | P28: 1.87 | Q28: Data F
A29: 04-02-2024 05:15 | B29: 138.71 | C29: 57.27 | D29: 143.48 | E29: 0.49 | F29: 2.91 | G29: 163.56 | H29: 58.05 | I29: 1.5 | J29: 0.18 | K29: 299.67 | L29: 13.78 | M29: 86.63 | N29: 59.6 | O29: 0 | P29: 1.81 | Q29: Data F
A30: 04-02-2024 05:30 | B30: 135.06 | C30: 55.89 | D30: 139.8 | E30: 0.43 | F30: 3.06 | G30: 163.56 | H30: 58.05 | I30: 1.63 | J30: 0.07 | K30: 267.96 | L30: 13.48 | M30: 90.71 | N30: 59.7 | O30: 0 | P30: 1.75 | Q30: Data F
A31: 04-02-2024 05:45 | B31: 132.76 | C31: 55.73 | D31: 137.86 | E31: 0.41 | F31: 3.02 | G31: 135.45 | H31: 49.36 | I31: 1.48 | J31: 0.1 | K31: 252.64 | L31: 13.4 | M31: 92.74 | N31: 59.4 | O31: 0 | P31: 1.69 | Q31: Data F
A32: 04-02-2024 06:00 | B32: 132.76 | C32: 55.73 | D32: 137.86 | E32: 0.41 | F32: 3.02 | G32: 135.45 | H32: 49.36 | I32: 1.48 | J32: 0.1 | K32: 252.64 | L32: 13.4 | M32: 92.74 | N32: 59.4 | O32: 0 | P32: 1.69 | Q32: Data F
A33: 04-02-2024 06:15 | B33: 133.84 | C33: 54.99 | D33: 138.32 | E33: 0.4 | F33: 2.95 | G33: 123.73 | H33: 49.36 | I33: 1.42 | J33: 0.08 | K33: 294.83 | L33: 13.49 | M33: 94.14 | N33: 59.6 | O33: 0 | P33: 1.61 | Q33: 16.09
A34: 04-02-2024 06:30 | B34: 137.85 | C34: 54.63 | D34: 141.34 | E34: 0.38 | F34: 3 | G34: 123.73 | H34: 49.36 | I34: 1.46 | J34: 0.12 | K34: 272.11 | L34: 13.31 | M34: 96.51 | N34: 61 | O34: 0 | P34: 1.57 | Q34: 16.18
A35: 04-02-2024 06:45 | B35: 142.39 | C35: 55.31 | D35: 145.35 | E35: 0.43 | F35: 2.86 | G35: 131.53 | H35: 51.65 | I35: 1.57 | J35: 0.1 | K35: 285.05 | L35: 13.78 | M35: 94.82 | N35: 68.1 | O35: 0 | P35: 1.54 | Q35: 16.42
A36: 04-02-2024 07:00 | B36: 148.04 | C36: 55.44 | D36: 149.96 | E36: 0.46 | F36: 3.2 | G36: 133.62 | H36: 51.65 | I36: 1.47 | J36: 0.11 | K36: 270.34 | L36: 13.82 | M36: 93.33 | N36: 82 | O36: 0 | P36: 1.52 | Q36: 16.75
A37: 04-02-2024 07:15 | B37: 153.28 | C37: 55.68 | D37: 154.3 | E37: 0.42 | F37: 3.14 | G37: 133.62 | H37: 51.65 | I37: 1.49 | J37: 0.08 | K37: 288.35 | L37: 14.15 | M37: 92.87 | N37: 98.5 | O37: 0 | P37: 1.53 | Q37: 17.09
A38: 04-02-2024 07:30 | B38: 157.55 | C38: 56.36 | D38: 158.09 | E38: 0.44 | F38: 3.21 | G38: 133.62 | H38: 51.65 | I38: 1.47 | J38: 0.05 | K38: 218.01 | L38: 14.82 | M38: 89.23 | N38: 117.4 | O38: 0 | P38: 1.61 | Q38: 17.48
A39: 04-02-2024 07:45 | B39: 156.38 | C39: 56.88 | D39: 157.44 | E39: 0.4 | F39: 3.06 | G39: 137.88 | H39: 51.61 | I39: 1.46 | J39: 0.08 | K39: 95.17 | L39: 16.37 | M39: 81.09 | N39: 210.7 | O39: 0 | P39: 1.59 | Q39: 17.58
A40: 04-02-2024 08:00 | B40: 153.87 | C40: 56.55 | D40: 155.25 | E40: 0.3 | F40: 2.98 | G40: 139.02 | H40: 51.61 | I40: 1.5 | J40: 0.11 | K40: 13.65 | L40: 19.22 | M40: 67.79 | N40: 276.3 | O40: 0 | P40: 1.57 | Q40: 17.59
A41: 04-02-2024 08:15 | B41: 150.44 | C41: 57.97 | D41: 153.28 | E41: 0.48 | F41: 3.24 | G41: 139.02 | H41: 51.61 | I41: 1.48 | J41: 0.21 | K41: 336.51 | L41: 21.8 | M41: 57.89 | N41: 331.1 | O41: 0 | P41: 1.57 | Q41: 17.41
A42: 04-02-2024 08:30 | B42: 145.92 | C42: 60.28 | D42: 150.93 | E42: 0.53 | F42: 3.08 | G42: 139.02 | H42: 51.61 | I42: 1.51 | J42: 0.17 | K42: 351.6 | L42: 22.63 | M42: 55.65 | N42: 381.1 | O42: 0 | P42: 1.57 | Q42: 17.2
A43: 04-02-2024 08:45 | B43: 139.12 | C43: 62.35 | D43: 146.63 | E43: 0.55 | F43: 3.17 | G43: 147.93 | H43: 50.99 | I43: 1.6 | J43: 0.39 | K43: 149.93 | L43: 22.08 | M43: 57.27 | N43: 440.2 | O43: 0 | P43: 1.56 | Q43: 16.92
A44: 04-02-2024 09:00 | B44: 131.45 | C44: 63.98 | D44: 141.37 | E44: 0.42 | F44: 3.35 | G44: 150.31 | H44: 50.99 | I44: 1.51 | J44: 0.81 | K44: 146.6 | L44: 21.81 | M44: 56.96 | N44: 488.7 | O44: 0 | P44: 1.52 | Q44: 16.58
... A64: 04-02-2024 14:00 | B64: 9.87 | C64: 74.91 | D64: 49.9 | E64: 0.08 | F64: 3.63 | G64: 35.2 | H64: 27.6 | I64: 1.52 | J64: 0.38 | K64: 100.77 | L64: 28.7 | M64: 20.94 | N64: 687.6 | O64: 0 | P64: 0.74 | Q64: 7.94
A65: 04-02-2024 14:15 | B65: 7.67 | C65: 73.56 | D65: 47.39 | E65: Data F | F65: 3.72 | G65: 35.2 | H65: 27.6 | I65: 1.47 | J65: 0.2 | K65: 355.87 | L65: 29.91 | M65: 20.74 | N65: 672.9 | O65: 0 | P65: 0.72 | Q65: 7.47
A66: 04-02-2024 14:30 | B66: 5.91 | C66: 72.26 | D66: 45.27 | E66: 0.04 | F66: 4.19 | G66: 35.2 | H66: 27.6 | I66: 1.46 | J66: 0.13 | K66: 126.13 | L66: 27.9 | M66: 22.22 | N66: 636.8 | O66: 0 | P66: 0.69 | Q66: 6.9
A67: 04-02-2024 14:45 | B67: 4.25 | C67: 69.84 | D67: 42.6 | E67: 0.02 | F67: 4.19 | G67: 34.82 | H67: 23.93 | I67: 1.51 | J67: 0.16 | K67: 342.11 | L67: 28.78 | M67: 21.7 | N67: 389.1 | O67: 0 | P67: 0.66 | Q67: 6.09
A68: 04-02-2024 15:00 | B68: 3.55 | C68: 67.93 | D68: 40.98 | E68: Data F | F68: 4.27 | G68: 34.72 | H68: 23.93 | I68: 1.46 | J68: 0.41 | K68: 323.16 | L68: 29.92 | M68: 20.03 | N68: 314.6 | O68: 0 | P68: 0.64 | Q68: 5.07
A69: 04-02-2024 15:15 | B69: 2.95 | C69: 65.78 | D69: 39.32 | E69: Data F | F69: 4.61 | G69: 34.72 | H69: 23.93 | I69: 1.46 | J69: 0.3 | K69: 152.27 | L69: 28.08 | M69: 20.84 | N69: 302.1 | O69: 0 | P69: 0.61 | Q69: 4.32
A70: 04-02-2024 15:30 | B70: 2.53 | C70: 62.82 | D70: 37.35 | E70: Data F | F70: 4.7 | G70: 34.72 | H70: 23.93 | I70: 1.44 | J70: 0.06 | K70: 169.72 | L70: 27.4 | M70: 22.77 | N70: 181.5 | O70: 0 | P70: 0.58 | Q70: 3.97
A71: 04-02-2024 15:45 | B71: 2.47 | C71: 60.49 | D71: 36.01 | E71: Data F | F71: 4.72 | G71: 36.59 | H71: 21.35 | I71: 1.44 | J71: 0.59 | K71: 144.16 | L71: 26.66 | M71: 23.4 | N71: 156.5 | O71: 0 | P71: 0.56 | Q71: 4.01
A72: 04-02-2024 16:00 | B72: 2.27 | C72: 58.11 | D72: 34.54 | E72: 0.05 | F72: 4.88 | G72: 37.09 | H72: 21.35 | I72: 1.5 | J72: 0.24 | K72: 178.8 | L72: 26.43 | M72: 23.44 | N72: 141.7 | O72: 0 | P72: 0.53 | Q72: 4.84
A73: 04-02-2024 16:15 | B73: 2.32 | C73: 56.15 | D73: 33.49 | E73: 0.17 | F73: 4.47 | G73: 37.09 | H73: 21.35 | I73: 1.48 | J73: 0.04 | K73: 163.54 | L73: 26.31 | M73: 24.25 | N73: 131.8 | O73: 0 | P73: 0.49 | Q73: 6.65
A74: 04-02-2024 16:30 | B74: 2.46 | C74: 55.11 | D74: 33.03 | E74: 0.12 | F74: 4.5 | G74: 37.09 | H74: 21.35 | I74: 1.48 | J74: 0.09 | K74: 26.45 | L74: 26.14 | M74: 25.53 | N74: 122.8 | O74: 0 | P74: 0.5 | Q74: 9.01
A75: 04-02-2024 16:45 | B75: 2.62 | C75: 54.49 | D75: 32.82 | E75: 0.17 | F75: 4.4 | G75: 33.13 | H75: 20.48 | I75: 1.53 | J75: 0.08 | K75: 218.87 | L75: 25.87 | M75: 25.32 | N75: 115.8 | O75: 0 | P75: 0.48 | Q75: 10.95
A76: 04-02-2024 17:00 | B76: 2.75 | C76: 53.8 | D76: 32.55 | E76: 0.08 | F76: 4.24 | G76: 32.07 | H76: 20.48 | I76: 1.44 | J76: 0.11 | K76: 184.92 | L76: 25.64 | M76: 25.59 | N76: 104.4 | O76: 0 | P76: 0.47 | Q76: 12.02
A77: 04-02-2024 17:15 | B77: 2.98 | C77: 53.36 | D77: 32.49 | E77: 0.2 | F77: 4.08 | G77: 32.07 | H77: 20.48 | I77: 1.44 | J77: 0.12 | K77: 207.2 | L77: 25.37 | M77: 26.61 | N77: 91.6 | O77: 0 | P77: 0.48 | Q77: 12.31
A78: 04-02-2024 17:30 | B78: 3.2 | C78: 53.21 | D78: 32.58 | E78: 0.16 | F78: 3.64 | G78: 32.07 | H78: 20.48 | I78: 1.44 | J78: 0.12 | K78: 231.88 | L78: 24.98 | M78: 27.52 | N78: 79.8 | O78: 0 | P78: 0.51 | Q78: 12.22
A79: 04-02-2024 17:45 | B79: 3.56 | C79: 53.5 | D79: 33.02 | E79: 0.12 | F79: 3.36 | G79: 44.97 | H79: 21.39 | I79: 1.48 | J79: 0.02 | K79: 105.14 | L79: 23.83 | M79: 37.64 | N79: 70.8 | O79: 0 | P79: 0.52 | Q79: 11.88
A80: 04-02-2024 18:00 | B80: 4.36 | C80: 54.56 | D80: 34.25 | E80: 0.18 | F80: 3.58 | G80: 48.42 | H80: 21.39 | I80: 1.45 | J80: 0.12 | K80: 55.82 | L80: 22.55 | M80: 47.02 | N80: 65.9 | O80: 0 | P80: 0.53 | Q80: 11.6
A81: 04-02-2024 18:15 | B81: 5.93 | C81: 56.19 | D81: 36.41 | E81: 0.17 | F81: 3.26 | G81: 48.42 | H81: 21.39 | I81: 1.42 | J81: 0.03 | K81: 306.58 | L81: 22.04 | M81: 48.58 | N81: 64.8 | O81: 0 | P81: 0.56 | Q81: 11.46
A82: 04-02-2024 18:30 | B82: 9.74 | C82: 58.03 | D82: 40.48 | E82: 0.23 | F82: 3.13 | G82: 48.42 | H82: 21.39 | I82: 1.42 | J82: 0.03 | K82: 292.64 | L82: 21.56 | M82: 58.01 | N82: 64.6 | O82: 0 | P82: 0.66 | Q82: 11.43
A83: 04-02-2024 18:45 | B83: 15.14 | C83: 59.58 | D83: 45.67 | E83: 0.21 | F83: 3.06 | G83: 67.61 | H83: 24.71 | I83: 1.49 | J83: 0.05 | K83: 224.83 | L83: 21.14 | M83: 59.12 | N83: 64.5 | O83: 0 | P83: 0.7 | Q83: 11.61
... A104: 04-02-2024 24:00 | B104: 103.41 | C104: 71.37 | D104: 122.96 | E104: 0.15 | F104: 3.19 | G104: 81.97 | H104: 35.51 | I104: 1.54 | J104: 0.08 | K104: 289.32 | L104: 16.93 | M104: 65.13 | N104: 64.8 | O104: 0 | P104: 1.52 | Q104: 15.83
A106: Min | B106: =MIN(B9:B104) -> 2.27 | C106: =MIN(C9:C104) -> 53.21 | D106: =MIN(D9:D104) -> 32.49 | E106: =MIN(E9:E104) -> 0.01 | F106: =MIN(F9:F104) -> 2.53 | G106: =MIN(G9:G104) -> 32.07 | H106: =MIN(H9:H104) -> 20.48 | I106: =MIN(I9:I104) -> 1.4 | ... Q106: =MIN(Q9:Q104) -> 3.97
A107: Max | B107: =MAX(B9:B104) -> 226.53 | C107: =MAX(C9:C104) -> 77.05 | D107: =MAX(D9:D104) -> 218.6 | E107: =MAX(E9:E104) -> 0.55 | F107: =MAX(F9:F104) -> 4.88 | G107: =MAX(G9:G104) -> 203.44 | H107: =MAX(H9:H104) -> 60.09 | I107: =MAX(I9:I104) -> 1.63 | ... Q107: =MAX(Q9:Q104) -> 23.08
A108: Avg | B108: =AVERAGE(B9:B104) -> 90.369375 | C108: =AVERAGE(C9:C104) -> 64.974375 | D108: =AVERAGE(D9:D104) -> 108.97344 | E108: =AVERAGE(E9:E104) -> 0.29846154 | F108: =AVERAGE(F9:F104) -> 3.3134375 | G108: =AVERAGE(G9:G104) -> 106.89104 | H108: =AVERAGE(H9:H104) -> 40.237292 | I108: =AVERAGE(I9:I104) -> 1.4925 | ... Q108: =AVERAGE(Q9:Q104) -> 14.145495
A109: Stdev | B109: =STDEV(B9:B104) -> 65.963813 | C109: =STDEV(C9:C104) -> 7.98872 | D109: =STDEV(D9:D104) -> 51.952783 | E109: =STDEV(E9:E104) -> 0.13643006 | F109: =STDEV(F9:F104) -> 0.48331275 | G109: =STDEV(G9:G104) -> 50.710158 | H109: =STDEV(H9:H104) -> 13.150191 | I109: =STDEV(I9:I104) -> 0.042401589 | ... Q109: =STDEV(Q9:Q104) -> 4.4472304
A110: Num | B110: =COUNT(B9:B104) -> 96 | C110: =COUNT(C9:C104) -> 96 | D110: =COUNT(D9:D104) -> 96 | E110: =COUNT(E9:E104)+5 -> 96 | F110: =COUNT(F9:F104) -> 96 | G110: =COUNT(G9:G104) -> 96 | H110: =COUNT(H9:H104) -> 96 | I110: =COUNT(I9:I104) -> 96 | J110: =COUNT(J9:J104) -> 96 | K110: =COUNT(K9:K104) -> 96 | L110: =COUNT(L9:L104) -> 96 | M110: =COUNT(M9:M104) -> 96 | ... P110: =COUNT(P9:P104) -> 96 | Q110: =COUNT(Q9:Q104)+5 -> 96
A111: DCR | B111: =IF(B110>=87,">90%",IF(B110<=87,"<90%")) -> >90% | C111: =IF(C110>=87,">90%",IF(C110<=87,"<90%")) -> >90% | D111: =IF(D110>=87,">90%",IF(D110<=87,"<90%")) -> >90% | E111: =IF(E110>=87,">90%",IF(E110<=87,"<90%")) -> >90% | F111: =IF(F110>=87,">90%",IF(F110<=87,"<90%")) -> >90% | G111: =IF(G110>=87,">90%",IF(G110<=87,"<90%")) -> >90% | H111: =IF(H110>=87,">90%",IF(H110<=87,"<90%")) -> >90% | I111: =IF(I110>=87,">90%",IF(I110<=87,"<90%")) -> >90% | ... Q111: =IF(Q110>=87,">90%",IF(Q110<=87,"<90%")) -> >90%
A112: Status | B112: =IF(B110>=87,"OK",IF(B110<=87,"LESS")) -> OK | C112: =IF(C110>=87,"OK",IF(C110<=87,"LESS")) -> OK | D112: =IF(D110>=87,"OK",IF(D110<=87,"LESS")) -> OK | E112: =IF(E110>=87,"OK",IF(E110<=87,"LESS")) -> OK | F112: =IF(F110>=87,"OK",IF(F110<=87,"LESS")) -> OK | G112: =IF(G110>=87,"OK",IF(G110<=87,"LESS")) -> OK | H112: =IF(H110>=87,"OK",IF(H110<=87,"LESS")) -> OK | I112: =IF(I110>=87,"OK",IF(I110<=87,"LESS")) -> OK | ... Q112: =IF(Q110>=87,"OK",IF(Q110<=87,"LESS")) -> OK
A115: Done by | B115: RK
A117: Comment

Sheet 05
A1: Station: | B1: BHATAGAON RAIPUR
A2: Date: | B2: =$A$9 -> 05-02-2024 00:15 | D2: Power Off | G2: Pw.Off | L2: Link Fail | N2: Link F | P2: Maintenance | R2: Maint.
A3: Report Type: | B3: Mean | D3: Calibration | G3: Calib. | L3: Data Fail | N3: Data F | P3: Invalid | R3: Invalid
A4: Time Base: | B4: 15 Min | D4: Zero Referrence | G4: Z.Ref | L4: Warm Up | N4: Wm. Up
A7: Date & Time | B7: NO_BHATAGAON | C7: NO2__BHATAGAON | D7: NOX_BHATAGAON | E7: SO2__BHATAGAON | F7: O3__BHATAGAON | G7: PM10__BHATAGAON | H7: PM2_5__BHATAGAON | I7: BENZ__BHATAGAON | J7: WS__BHATAGAON | K7: WD__BHATAGAON | L7: TEMP__BHATAGAON | M7: HUM__BHATAGAON | N7: SR__BHATAGAON | O7: RG__BHATAGAON | P7: CO__BHATAGAON | Q7: NH3__BHATAGAON
B8: ug/m3 | C8: ug/m3 | D8: ppb | E8: ug/m3 | F8: ug/m3 | G8: ug/m3 | H8: ug/m3 | I8: ug/m3 | J8: m/sec | K8: deg | L8: degreC | M8: % | N8: w/m2 | O8: mm | P8: mg/m3 | Q8: ug/m3
A9: 05-02-2024 00:15 | B9: 101.36 | C9: 70.68 | D9: 120.94 | E9: 0.2 | F9: 3.26 | G9: 81.97 | H9: 35.51 | I9: 1.49 | J9: 0.14 | K9: 308.56 | L9: 16.85 | M9: 67.05 | N9: 64.4 | O9: 0 | P9: 1.5 | Q9: 15.71
A10: 05-02-2024 00:30 | B10: 98.15 | C10: 69.85 | D10: 117.9 | E10: 0.24 | F10: 3.18 | G10: 81.97 | H10: 35.51 | I10: 1.52 | J10: 0.15 | K10: 228.57 | L10: 17.63 | M10: 58.85 | N10: 63.4 | O10: 0 | P10: 1.44 | Q10: 15.43
A11: 05-02-2024 00:45 | B11: 93.48 | C11: 68.8 | D11: 113.58 | E11: 0.2 | F11: 2.83 | G11: 89.21 | H11: 31.96 | I11: 1.43 | J11: 0.21 | K11: 171.88 | L11: 18.12 | M11: 58.65 | N11: 63.7 | O11: 0 | P11: 1.41 | Q11: 15.08
A12: 05-02-2024 01:00 | B12: 88.24 | C12: 67.97 | D12: 108.92 | E12: 0.21 | F12: 3.02 | G12: 91.14 | H12: 31.96 | I12: 1.48 | J12: 0.38 | K12: 154.85 | L12: 17.92 | M12: 65.59 | N12: 63.8 | O12: 0 | P12: 1.34 | Q12: 14.72
A13: 05-02-2024 01:15 | B13: 83.3 | C13: 66.8 | D13: 104.31 | E13: 0.22 | F13: 3.06 | G13: 91.14 | H13: 31.96 | I13: 1.52 | J13: 0.09 | K13: 144.01 | L13: 17.68 | M13: 68.44 | N13: 64.5 | O13: 0 | P13: 1.21 | Q13: 14.39
A14: 05-02-2024 01:30 | B14: 78.42 | C14: 65.63 | D14: 99.75 | E14: 0.23 | F14: 3.17 | G14: 91.14 | H14: 31.96 | I14: 1.54 | J14: 0.1 | K14: 332.91 | L14: 17.48 | M14: 70.33 | N14: 64.8 | O14: 0 | P14: 1.22 | Q14: 13.93
A15: 05-02-2024 01:45 | B15: 74.23 | C15: 64.72 | D15: 95.89 | E15: 0.23 | F15: 3.14 | G15: 63.4 | H15: 30.76 | I15: 1.51 | J15: 0.1 | K15: 284.35 | L15: 16.88 | M15: 75.07 | N15: 64.9 | O15: 0 | P15: 1.16 | Q15: 13.56
A16: 05-02-2024 02:00 | B16: 70.13 | C16: 64.04 | D16: 92.22 | E16: 0.17 | F16: 3.19 | G16: 55.97 | H16: 30.76 | I16: 1.46 | J16: 0.12 | K16: 299.3 | L16: 16.3 | M16: 80.53 | N16: 65 | O16: 0 | P16: 1.13 | Q16: 13.23
A17: 05-02-2024 02:15 | B17: 66.18 | C17: 62.25 | D17: 88.08 | E17: 0.19 | F17: 3.09 | G17: 55.97 | H17: 30.76 | I17: 1.45 | J17: 0.01 | K17: 138.16 | L17: 16.55 | M17: 77.02 | N17: 64.3 | O17: 0 | P17: 1.08 | Q17: 12.88
A18: 05-02-2024 02:30 | B18: 61.82 | C18: 61.35 | D18: 84.08 | E18: 0.15 | F18: 3.17 | G18: 55.97 | H18: 30.76 | I18: 1.44 | J18: 0.06 | K18: 279.65 | L18: 16.31 | M18: 77.24 | N18: 64.7 | O18: 0 | P18: 1.04 | Q18: 12.51
A19: 05-02-2024 02:45 | B19: 57.8 | C19: 60.78 | D19: 80.54 | E19: 0.12 | F19: 3.06 | G19: 48.54 | H19: 25.08 | I19: 1.58 | J19: 0.14 | K19: 186.83 | L19: 16.11 | M19: 77.31 | N19: 64.4 | O19: 0 | P19: 1 | Q19: 12.11
A20: 05-02-2024 03:00 | B20: 53.96 | C20: 59.66 | D20: 76.84 | E20: 0.14 | F20: 3.16 | G20: 46.55 | H20: 25.08 | I20: 1.48 | J20: 0.09 | K20: 282.95 | L20: 15.94 | M20: 79.34 | N20: 65 | O20: 0 | P20: 0.95 | Q20: 11.68
... A104: 05-02-2024 24:00 | B104: 24.25 | C104: 59.58 | D104: 52.97 | E104: 0.23 | F104: 2.89 | G104: 71.19 | H104: 28.73 | I104: 1.4 | J104: 0.11 | K104: 308.02 | L104: 20.03 | M104: 80.79 | N104: 64.7 | O104: 0 | P104: 0.98 | Q104: 8.45
A106: Min | B106: =MIN(B9:B104) -> 1.33 | C106: =MIN(C9:C104) -> 45.16 | D106: =MIN(D9:D104) -> 29.49 | E106: =MIN(E9:E104) -> 0.07 | F106: =MIN(F9:F104) -> 2.73 | G106: =MIN(G9:G104) -> 32.12 | H106: =MIN(H9:H104) -> 15.24 | I106: =MIN(I9:I104) -> 1.39 | ... Q106: =MIN(Q9:Q104) -> 5.21
A107: Max | B107: =MAX(B9:B104) -> 101.36 | C107: =MAX(C9:C104) -> 73.07 | D107: =MAX(D9:D104) -> 120.94 | E107: =MAX(E9:E104) -> 0.46 | F107: =MAX(F9:F104) -> 16.96 | G107: =MAX(G9:G104) -> 91.14 | H107: =MAX(H9:H104) -> 35.51 | I107: =MAX(I9:I104) -> 1.58 | ... Q107: =MAX(Q9:Q104) -> 15.71
A108: Avg | B108: =AVERAGE(B9:B104) -> 28.566979 | C108: =AVERAGE(C9:C104) -> 60.996875 | D108: =AVERAGE(D9:D104) -> 57.217396 | E108: =AVERAGE(E9:E104) -> 0.2128125 | F108: =AVERAGE(F9:F104) -> 4.3139583 | G108: =AVERAGE(G9:G104) -> 60.048958 | H108: =AVERAGE(H9:H104) -> 23.427083 | I108: =AVERAGE(I9:I104) -> 1.4961458 | ... Q108: =AVERAGE(Q9:Q104) -> 8.7235417
A109: Stdev | B109: =STDEV(B9:B104) -> 26.681607 | C109: =STDEV(C9:C104) -> 5.5420728 | D109: =STDEV(D9:D104) -> 22.526552 | E109: =STDEV(E9:E104) -> 0.092117809 | F109: =STDEV(F9:F104) -> 2.3319594 | G109: =STDEV(G9:G104) -> 15.057474 | H109: =STDEV(H9:H104) -> 4.3728338 | I109: =STDEV(I9:I104) -> 0.037483183 | ... Q109: =STDEV(Q9:Q104) -> 2.7426814
A110: Num | B110: =COUNT(B9:B104) -> 96 | C110: =COUNT(C9:C104) -> 96 | D110: =COUNT(D9:D104) -> 96 | E110: =COUNT(E9:E104) -> 96 | F110: =COUNT(F9:F104) -> 96 | G110: =COUNT(G9:G104) -> 96 | H110: =COUNT(H9:H104) -> 96 | I110: =COUNT(I9:I104) -> 96 | ... Q110: =COUNT(Q9:Q104) -> 96
A111: DCR | B111: =IF(B110>=87,">90%",IF(B110<=87,"<90%")) -> >90% | C111: =IF(C110>=87,">90%",IF(C110<=87,"<90%")) -> >90% | D111: =IF(D110>=87,">90%",IF(D110<=87,"<90%")) -> >90% | E111: =IF(E110>=87,">90%",IF(E110<=87,"<90%")) -> >90% | F111: =IF(F110>=87,">90%",IF(F110<=87,"<90%")) -> >90% | G111: =IF(G110>=87,">90%",IF(G110<=87,"<90%")) -> >90% | H111: =IF(H110>=87,">90%",IF(H110<=87,"<90%")) -> >90% | I111: =IF(I110>=87,">90%",IF(I110<=87,"<90%")) -> >90% | ... Q111: =IF(Q110>=87,">90%",IF(Q110<=87,"<90%")) -> >90%
A112: Status | B112: =IF(B110>=87,"OK",IF(B110<=87,"LESS")) -> OK | C112: =IF(C110>=87,"OK",IF(C110<=87,"LESS")) -> OK | D112: =IF(D110>=87,"OK",IF(D110<=87,"LESS")) -> OK | E112: =IF(E110>=87,"OK",IF(E110<=87,"LESS")) -> OK | F112: =IF(F110>=87,"OK",IF(F110<=87,"LESS")) -> OK | G112: =IF(G110>=87,"OK",IF(G110<=87,"LESS")) -> OK | H112: =IF(H110>=87,"OK",IF(H110<=87,"LESS")) -> OK | I112: =IF(I110>=87,"OK",IF(I110<=87,"LESS")) -> OK | ... Q112: =IF(Q110>=87,"OK",IF(Q110<=87,"LESS")) -> OK
A115: Done by | B115: RK
A117: Comment

Sheet 06
A1: Station: | B1: BHATAGAON RAIPUR
A2: Date: | B2: =$A$9 -> 06-02-2024 00:15 | D2: Power Off | G2: Pw.Off | L2: Link Fail | N2: Link F | P2: Maintenance | R2: Maint.
A3: Report Type: | B3: Mean | D3: Calibration | G3: Calib. | L3: Data Fail | N3: Data F | P3: Invalid | R3: Invalid
A4: Time Base: | B4: 15 Min | D4: Zero Referrence | G4: Z.Ref | L4: Warm Up | N4: Wm. Up
A7: Date & Time | B7: NO_BHATAGAON | C7: NO2__BHATAGAON | D7: NOX_BHATAGAON | E7: SO2__BHATAGAON | F7: O3__BHATAGAON | G7: PM10__BHATAGAON | H7: PM2_5__BHATAGAON | I7: BENZ__BHATAGAON | J7: WS__BHATAGAON | K7: WD__BHATAGAON | L7: TEMP__BHATAGAON | M7: HUM__BHATAGAON | N7: SR__BHATAGAON | O7: RG__BHATAGAON | P7: CO__BHATAGAON | Q7: NH3__BHATAGAON
B8: ug/m3 | C8: ug/m3 | D8: ppb | E8: ug/m3 | F8: ug/m3 | G8: ug/m3 | H8: ug/m3 | I8: ug/m3 | J8: m/sec | K8: deg | L8: degreC | M8: % | N8: w/m2 | O8: mm | P8: mg/m3 | Q8: ug/m3
A9: 06-02-2024 00:15 | B9: 23.43 | C9: 59.58 | D9: 52.32 | E9: 0.33 | F9: 3.04 | G9: 71.19 | H9: 28.73 | I9: 1.48 | J9: 0.28 | K9: 153.1 | L9: 20.06 | M9: 79.53 | N9: 64.1 | O9: 0 | P9: 0.96 | Q9: 8.39
A10: 06-02-2024 00:30 | B10: 21.74 | C10: 58.84 | D10: 50.55 | E10: 0.35 | F10: 3.11 | G10: 71.19 | H10: 28.73 | I10: 1.53 | J10: 0.09 | K10: 160.17 | L10: 20.28 | M10: 77.83 | N10: 64.5 | O10: 0 | P10: 0.91 | Q10: 8.34
A11: 06-02-2024 00:45 | B11: 19.99 | C11: 57.92 | D11: 48.64 | E11: 0.32 | F11: 3.05 | G11: 65.4 | H11: 25.71 | I11: 1.45 | J11: 0.05 | K11: 229.32 | L11: 20.06 | M11: 79.61 | N11: 64.6 | O11: 0 | P11: 0.88 | Q11: 8.25
A12: 06-02-2024 01:00 | B12: 18.43 | C12: 57.44 | D12: 47.13 | E12: 0.33 | F12: 3.07 | G12: 63.85 | H12: 25.71 | I12: 1.54 | J12: 0.15 | K12: 316.67 | L12: 19.9 | M12: 80.78 | N12: 64.6 | O12: 0 | P12: 0.85 | Q12: 8.07
A13: 06-02-2024 01:15 | B13: 17.14 | C13: 56.87 | D13: 45.78 | E13: 0.32 | F13: 2.99 | G13: 63.85 | H13: 25.71 | I13: 1.55 | J13: 0.08 | K13: 292.77 | L13: 19.77 | M13: 81.02 | N13: 64.6 | O13: 0 | P13: 0.8 | Q13: 7.94
A14: 06-02-2024 01:30 | B14: 15.78 | C14: 55.99 | D14: 44.2 | E14: 0.37 | F14: 3.08 | G14: 63.85 | H14: 25.71 | I14: 1.47 | J14: 0.01 | K14: 272.69 | L14: 19.62 | M14: 82 | N14: 64.5 | O14: 0 | P14: 0.79 | Q14: 7.77
A15: 06-02-2024 01:45 | B15: 14.44 | C15: 55.37 | D15: 42.79 | E15: 0.3 | F15: 3.28 | G15: 54.61 | H15: 23.7 | I15: 1.52 | J15: 0.05 | K15: 225.56 | L15: 19.58 | M15: 81.72 | N15: 64.3 | O15: 0 | P15: 0.77 | Q15: 7.7
A16: 06-02-2024 02:00 | B16: 13.18 | C16: 54.77 | D16: 41.44 | E16: 0.28 | F16: 3.23 | G16: 52.13 | H16: 23.7 | I16: 1.46 | J16: 0.05 | K16: 201.38 | L16: 19.51 | M16: 81.41 | N16: 64.4 | O16: 0 | P16: 0.74 | Q16: 7.62
A17: 06-02-2024 02:15 | B17: 12.04 | C17: 53.96 | D17: 40.08 | E17: 0.32 | F17: 3.19 | G17: 52.13 | H17: 23.7 | I17: 1.53 | J17: 0.06 | K17: 190.05 | L17: 19.2 | M17: 82.94 | N17: 64.6 | O17: 0 | P17: 0.71 | Q17: 7.48
A18: 06-02-2024 02:30 | B18: 10.99 | C18: 53.17 | D18: 38.8 | E18: 0.26 | F18: 3.11 | G18: 52.13 | H18: 23.7 | I18: 1.57 | J18: 0.06 | K18: 230.58 | L18: 18.93 | M18: 85.14 | N18: 64.7 | O18: 0 | P18: 0.69 | Q18: 7.33
A19: 06-02-2024 02:45 | B19: 10.32 | C19: 52.88 | D19: 38.11 | E19: 0.31 | F19: 3.17 | G19: 53.78 | H19: 22.14 | I19: 1.52 | J19: 0.16 | K19: 167.95 | L19: 18.72 | M19: 86.55 | N19: 64.5 | O19: 0 | P19: 0.66 | Q19: 7.29
A20: 06-02-2024 03:00 | B20: 10.29 | C20: 54.41 | D20: 38.93 | E20: 0.31 | F20: 3.57 | G20: 54.22 | H20: 22.14 | I20: 1.37 | J20: 0.15 | K20: 159.98 | L20: 18.66 | M20: 86.7 | N20: 64.4 | O20: 0 | P20: 0.64 | Q20: 7.3
... A104: 06-02-2024 24:00 | B104: 43.12 | C104: 60.23 | D104: 68.47 | E104: 0.2 | F104: 3.13 | G104: 90.61 | H104: 33.86 | I104: 1.51 | J104: 0.66 | K104: 338.33 | L104: 20.06 | M104: 70.51 | N104: 62.9 | O104: 0 | P104: 1.34 | Q104: 9.94
A106: Min | B106: =MIN(B9:B104) -> 1.3 | C106: =MIN(C9:C104) -> 37.26 | D106: =MIN(D9:D104) -> 22.55 | E106: =MIN(E9:E104) -> 0.02 | F106: =MIN(F9:F104) -> 2.17 | G106: =MIN(G9:G104) -> 46.58 | H106: =MIN(H9:H104) -> 20.9 | I106: =MIN(I9:I104) -> 1.34 | ... Q106: =MIN(Q9:Q104) -> 5.21
A107: Max | B107: =MAX(B9:B104) -> 66.93 | C107: =MAX(C9:C104) -> 70.05 | D107: =MAX(D9:D104) -> 87.76 | E107: =MAX(E9:E104) -> 0.37 | F107: =MAX(F9:F104) -> 19.31 | G107: =MAX(G9:G104) -> 120.03 | H107: =MAX(H9:H104) -> 38.75 | I107: =MAX(I9:I104) -> 1.6 | ... Q107: =MAX(Q9:Q104) -> 11.39
A108: Avg | B108: =AVERAGE(B9:B104) -> 21.325313 | C108: =AVERAGE(C9:C104) -> 55.505521 | D108: =AVERAGE(D9:D104) -> 48.379792 | E108: =AVERAGE(E9:E104) -> 0.18125 | F108: =AVERAGE(F9:F104) -> 4.9126042 | G108: =AVERAGE(G9:G104) -> 70.839271 | H108: =AVERAGE(H9:H104) -> 27.187396 | I108: =AVERAGE(I9:I104) -> 1.4979167 | ... Q108: =AVERAGE(Q9:Q104) -> 7.9132292
A109: Stdev | B109: =STDEV(B9:B104) -> 20.606998 | C109: =STDEV(C9:C104) -> 5.7255714 | D109: =STDEV(D9:D104) -> 18.257419 | E109: =STDEV(E9:E104) -> 0.078381657 | F109: =STDEV(F9:F104) -> 3.2529194 | G109: =STDEV(G9:G104) -> 21.344647 | H109: =STDEV(H9:H104) -> 5.3632124 | I109: =STDEV(I9:I104) -> 0.044412342 | ... Q109: =STDEV(Q9:Q104) -> 1.7989257
A110: Num | B110: =COUNT(B9:B104) -> 96 | C110: =COUNT(C9:C104) -> 96 | D110: =COUNT(D9:D104) -> 96 | E110: =COUNT(E9:E104) -> 96 | F110: =COUNT(F9:F104) -> 96 | G110: =COUNT(G9:G104) -> 96 | H110: =COUNT(H9:H104) -> 96 | I110: =COUNT(I9:I104) -> 96 | ... Q110: =COUNT(Q9:Q104) -> 96
A111: DCR | B111: =IF(B110>=87,">90%",IF(B110<=87,"<90%")) -> >90% | C111: =IF(C110>=87,">90%",IF(C110<=87,"<90%")) -> >90% | D111: =IF(D110>=87,">90%",IF(D110<=87,"<90%")) -> >90% | E111: =IF(E110>=87,">90%",IF(E110<=87,"<90%")) -> >90% | F111: =IF(F110>=87,">90%",IF(F110<=87,"<90%")) -> >90% | G111: =IF(G110>=87,">90%",IF(G110<=87,"<90%")) -> >90% | H111: =IF(H110>=87,">90%",IF(H110<=87,"<90%")) -> >90% | I111: =IF(I110>=87,">90%",IF(I110<=87,"<90%")) -> >90% | ... Q111: =IF(Q110>=87,">90%",IF(Q110<=87,"<90%")) -> >90%
A112: Status | B112: =IF(B110>=87,"OK",IF(B110<=87,"LESS")) -> OK | C112: =IF(C110>=87,"OK",IF(C110<=87,"LESS")) -> OK | D112: =IF(D110>=87,"OK",IF(D110<=87,"LESS")) -> OK | E112: =IF(E110>=87,"OK",IF(E110<=87,"LESS")) -> OK | F112: =IF(F110>=87,"OK",IF(F110<=87,"LESS")) -> OK | G112: =IF(G110>=87,"OK",IF(G110<=87,"LESS")) -> OK | H112: =IF(H110>=87,"OK",IF(H110<=87,"LESS")) -> OK | I112: =IF(I110>=87,"OK",IF(I110<=87,"LESS")) -> OK | ... Q112: =IF(Q110>=87,"OK",IF(Q110<=87,"LESS")) -> OK
A115: Done by | B115: RK
A117: Comment

Sheet 07
A1: Station: | B1: BHATAGAON RAIPUR
A2: Date: | B2: =$A$9 -> 07-02-2024 00:15 | D2: Power Off | G2: Pw.Off | L2: Link Fail | N2: Link F | P2: Maintenance | R2: Maint.
A3: Report Type: | B3: Mean | D3: Calibration | G3: Calib. | L3: Data Fail | N3: Data F | P3: Invalid | R3: Invalid
A4: Time Base: | B4: 15 Min | D4: Zero Referrence | G4: Z.Ref | L4: Warm Up | N4: Wm. Up
A7: Date & Time | B7: NO_BHATAGAON | C7: NO2__BHATAGAON | D7: NOX_BHATAGAON | E7: SO2__BHATAGAON | F7: O3__BHATAGAON | G7: PM10__BHATAGAON | H7: PM2_5__BHATAGAON | I7: BENZ__BHATAGAON | J7: WS__BHATAGAON | K7: WD__BHATAGAON | L7: TEMP__BHATAGAON | M7: HUM__BHATAGAON | N7: SR__BHATAGAON | O7: RG__BHATAGAON | P7: CO__BHATAGAON | Q7: NH3__BHATAGAON
B8: ug/m3 | C8: ug/m3 | D8: ppb | E8: ug/m3 | F8: ug/m3 | G8: ug/m3 | H8: ug/m3 | I8: ug/m3 | J8: m/sec | K8: deg | L8: degreC | M8: % | N8: w/m2 | O8: mm | P8: mg/m3 | Q8: ug/m3
A9: 07-02-2024 00:15 | B9: 40.33 | C9: 60.45 | D9: 66.35 | E9: 0.34 | F9: 3.36 | G9: 90.61 | H9: 33.86 | I9: 1.51 | J9: 0.9 | K9: 346.52 | L9: 19.81 | M9: 72.26 | N9: 62.9 | O9: 0 | P9: 1.27 | Q9: 9.8
A10: 07-02-2024 00:30 | B10: 37.6 | C10: 60.52 | D10: 64.2 | E10: 0.34 | F10: 3.27 | G10: 90.61 | H10: 33.86 | I10: 1.49 | J10: 0.84 | K10: 345.06 | L10: 19.58 | M10: 73.69 | N10: 62.8 | O10: 0 | P10: 1.21 | Q10: 9.62
A11: 07-02-2024 00:45 | B11: 34.58 | C11: 60.14 | D11: 61.56 | E11: 0.37 | F11: 3.27 | G11: 74.18 | H11: 25.93 | I11: 1.51 | J11: 0.93 | K11: 341.58 | L11: 19.46 | M11: 74.46 | N11: 62.7 | O11: 0 | P11: 1.12 | Q11: 9.48
A12: 07-02-2024 01:00 | B12: 31.55 | C12: 59.94 | D12: 59.03 | E12: 0.36 | F12: 3.08 | G12: 69.79 | H12: 25.93 | I12: 1.53 | J12: 1.06 | K12: 346.06 | L12: 19.24 | M12: 75.93 | N12: 62.9 | O12: 0 | P12: 1.07 | Q12: 9.28
A13: 07-02-2024 01:15 | B13: 28.67 | C13: 59.78 | D13: 56.63 | E13: 0.3 | F13: 3.15 | G13: 69.79 | H13: 25.93 | I13: 1.49 | J13: 0.82 | K13: 348.92 | L13: 19.02 | M13: 77.66 | N13: 63 | O13: 0 | P13: 0.94 | Q13: 9.11
A14: 07-02-2024 01:30 | B14: 26.22 | C14: 59.36 | D14: 54.43 | E14: 0.27 | F14: 3.38 | G14: 69.79 | H14: 25.93 | I14: 1.5 | J14: 0.87 | K14: 346.49 | L14: 18.87 | M14: 78.55 | N14: 62.9 | O14: 0 | P14: 0.92 | Q14: 8.9
A15: 07-02-2024 01:45 | B15: 24.13 | C15: 59.08 | D15: 52.6 | E15: 0.26 | F15: 3.33 | G15: 56.59 | H15: 24.43 | I15: 1.53 | J15: 0.59 | K15: 351.38 | L15: 18.7 | M15: 79.47 | N15: 62.8 | O15: 0 | P15: 0.87 | Q15: 8.76
A16: 07-02-2024 02:00 | B16: 22.34 | C16: 58.49 | D16: 50.84 | E16: 0.26 | F16: 3.2 | G16: 53.06 | H16: 24.43 | I16: 1.53 | J16: 0.2 | K16: 333.16 | L16: 18.53 | M16: 80.57 | N16: 63.1 | O16: 0 | P16: 0.83 | Q16: 8.58
A17: 07-02-2024 02:15 | B17: 21.14 | C17: 57.84 | D17: 49.52 | E17: 0.27 | F17: 3.25 | G17: 53.06 | H17: 24.43 | I17: 1.58 | J17: 0.29 | K17: 82.39 | L17: 18.39 | M17: 81.27 | N17: 62.7 | O17: 0 | P17: 0.81 | Q17: 8.43
A18: 07-02-2024 02:30 | B18: 20.03 | C18: 56.87 | D18: 48.09 | E18: 0.28 | F18: 3.21 | G18: 53.06 | H18: 24.43 | I18: 1.49 | J18: 0.22 | K18: 56 | L18: 18.36 | M18: 81.58 | N18: 62.8 | O18: 0 | P18: 0.78 | Q18: 8.34
A19: 07-02-2024 02:45 | B19: 19 | C19: 56.3 | D19: 46.95 | E19: 0.28 | F19: 3.12 | G19: 49.48 | H19: 23.72 | I19: 1.55 | J19: 0.25 | K19: 2.21 | L19: 18.37 | M19: 81.88 | N19: 63 | O19: 0 | P19: 0.75 | Q19: 8.24
A20: 07-02-2024 03:00 | B20: 17.92 | C20: 52.36 | D20: 43.92 | E20: 0.28 | F20: 3.19 | G20: 48.53 | H20: 23.72 | I20: 1.49 | J20: 0.29 | K20: 79.11 | L20: 18.2 | M20: 82.66 | N20: 63 | O20: 0 | P20: 0.72 | Q20: 8.02
... A104: 07-02-2024 24:00 | B104: 41.33 | C104: 60.06 | D104: 66.94 | E104: 0.09 | F104: 3.24 | G104: 99.19 | H104: 38.99 | I104: 1.61 | J104: 1.4 | K104: 347.31 | L104: 19.25 | M104: 48.02 | N104: 66.5 | O104: 0 | P104: 1.26 | Q104: 10.31
A106: Min | B106: =MIN(B9:B104) -> 2.46 | C106: =MIN(C9:C104) -> 48.81 | D106: =MIN(D9:D104) -> 33.02 | E106: =MIN(E9:E104) -> 0.02 | F106: =MIN(F9:F104) -> 2.75 | G106: =MIN(G9:G104) -> 48.53 | H106: =MIN(H9:H104) -> 23.01 | I106: =MIN(I9:I104) -> 1.42 | ... Q106: =MIN(Q9:Q104) -> 6.87
A107: Max | B107: =MAX(B9:B104) -> 54.95 | C107: =MAX(C9:C104) -> 68.13 | D107: =MAX(D9:D104) -> 80.75 | E107: =MAX(E9:E104) -> 0.37 | F107: =MAX(F9:F104) -> 4.56 | G107: =MAX(G9:G104) -> 122.6 | H107: =MAX(H9:H104) -> 41.18 | I107: =MAX(I9:I104) -> 1.61 | ... Q107: =MAX(Q9:Q104) -> 11.25
A108: Avg | B108: =AVERAGE(B9:B104) -> 19.878854 | C108: =AVERAGE(C9:C104) -> 57.633958 | D108: =AVERAGE(D9:D104) -> 48.393542 | E108: =AVERAGE(E9:E104) -> 0.21020833 | F108: =AVERAGE(F9:F104) -> 3.3598958 | G108: =AVERAGE(G9:G104) -> 70.677188 | H108: =AVERAGE(H9:H104) -> 28.179687 | I108: =AVERAGE(I9:I104) -> 1.5045833 | ... Q108: =AVERAGE(Q9:Q104) -> 8.1985417
A109: Stdev | B109: =STDEV(B9:B104) -> 13.812411 | C109: =STDEV(C9:C104) -> 5.7592935 | D109: =STDEV(D9:D104) -> 12.120892 | E109: =STDEV(E9:E104) -> 0.074466229 | F109: =STDEV(F9:F104) -> 0.41569091 | G109: =STDEV(G9:G104) -> 20.71887 | H109: =STDEV(H9:H104) -> 5.2713447 | I109: =STDEV(I9:I104) -> 0.035211143 | ... Q109: =STDEV(Q9:Q104) -> 1.1015826
A110: Num | B110: =COUNT(B9:B104) -> 96 | C110: =COUNT(C9:C104) -> 96 | D110: =COUNT(D9:D104) -> 96 | E110: =COUNT(E9:E104) -> 96 | F110: =COUNT(F9:F104) -> 96 | G110: =COUNT(G9:G104) -> 96 | H110: =COUNT(H9:H104) -> 96 | I110: =COUNT(I9:I104) -> 96 | ... Q110: =COUNT(Q9:Q104) -> 96
A111: DCR | B111: =IF(B110>=87,">90%",IF(B110<=87,"<90%")) -> >90% | C111: =IF(C110>=87,">90%",IF(C110<=87,"<90%")) -> >90% | D111: =IF(D110>=87,">90%",IF(D110<=87,"<90%")) -> >90% | E111: =IF(E110>=87,">90%",IF(E110<=87,"<90%")) -> >90% | F111: =IF(F110>=87,">90%",IF(F110<=87,"<90%")) -> >90% | G111: =IF(G110>=87,">90%",IF(G110<=87,"<90%")) -> >90% | H111: =IF(H110>=87,">90%",IF(H110<=87,"<90%")) -> >90% | I111: =IF(I110>=87,">90%",IF(I110<=87,"<90%")) -> >90% | ... Q111: =IF(Q110>=87,">90%",IF(Q110<=87,"<90%")) -> >90%
A112: Status | B112: =IF(B110>=87,"OK",IF(B110<=87,"LESS")) -> OK | C112: =IF(C110>=87,"OK",IF(C110<=87,"LESS")) -> OK | D112: =IF(D110>=87,"OK",IF(D110<=87,"LESS")) -> OK | E112: =IF(E110>=87,"OK",IF(E110<=87,"LESS")) -> OK | F112: =IF(F110>=87,"OK",IF(F110<=87,"LESS")) -> OK | G112: =IF(G110>=87,"OK",IF(G110<=87,"LESS")) -> OK | H112: =IF(H110>=87,"OK",IF(H110<=87,"LESS")) -> OK | I112: =IF(I110>=87,"OK",IF(I110<=87,"LESS")) -> OK | ... Q112: =IF(Q110>=87,"OK",IF(Q110<=87,"LESS")) -> OK
A115: Done by | B115: RK
A117: Comment

Sheet 08
A1: Station: | B1: BHATAGAON RAIPUR
A2: Date: | B2: =$A$9 -> 08-02-2024 00:15 | D2: Power Off | G2: Pw.Off | L2: Link Fail | N2: Link F | P2: Maintenance | R2: Maint.
A3: Report Type: | B3: Mean | D3: Calibration | G3: Calib. | L3: Data Fail | N3: Data F | P3: Invalid | R3: Invalid
A4: Time Base: | B4: 15 Min | D4: Zero Referrence | G4: Z.Ref | L4: Warm Up | N4: Wm. Up
A7: Date & Time | B7: NO_BHATAGAON | C7: NO2__BHATAGAON | D7: NOX_BHATAGAON | E7: SO2__BHATAGAON | F7: O3__BHATAGAON | G7: PM10__BHATAGAON | H7: PM2_5__BHATAGAON | I7: BENZ__BHATAGAON | J7: WS__BHATAGAON | K7: WD__BHATAGAON | L7: TEMP__BHATAGAON | M7: HUM__BHATAGAON | N7: SR__BHATAGAON | O7: RG__BHATAGAON | P7: CO__BHATAGAON | Q7: NH3__BHATAGAON
B8: ug/m3 | C8: ug/m3 | D8: ppb | E8: ug/m3 | F8: ug/m3 | G8: ug/m3 | H8: ug/m3 | I8: ug/m3 | J8: m/sec | K8: deg | L8: degreC | M8: % | N8: w/m2 | O8: mm | P8: mg/m3 | Q8: ug/m3
A9: 08-02-2024 00:15 | B9: 36.47 | C9: 61.28 | D9: 63.71 | E9: 0.18 | F9: 3.09 | G9: 99.19 | H9: 38.99 | I9: 1.44 | J9: 0.9 | K9: 356.83 | L9: 19.05 | M9: 45.66 | N9: 66.7 | O9: 0 | P9: 1.16 | Q9: 9.85
A10: 08-02-2024 00:30 | B10: 32.08 | C10: 60.21 | D10: 59.6 | E10: 0.2 | F10: 3.23 | G10: 99.19 | H10: 38.99 | I10: 1.51 | J10: 0.91 | K10: 347.97 | L10: 18.86 | M10: 43.46 | N10: 66.6 | O10: 0 | P10: 1.07 | Q10: 9.37
A11: 08-02-2024 00:45 | B11: 28.36 | C11: 60.45 | D11: 56.75 | E11: 0.12 | F11: 3.24 | G11: 68.14 | H11: 28.98 | I11: 1.56 | J11: 0.83 | K11: 344.81 | L11: 18.65 | M11: 43.62 | N11: 66.7 | O11: 0 | P11: 1 | Q11: 8.96
A12: 08-02-2024 01:00 | B12: 25.16 | C12: 59.65 | D12: 53.74 | E12: 0.1 | F12: 3.36 | G12: 59.83 | H12: 28.98 | I12: 1.58 | J12: 0.67 | K12: 344.86 | L12: 18.38 | M12: 45 | N12: 66.8 | O12: 0 | P12: 0.93 | Q12: 8.62
A13: 08-02-2024 01:15 | B13: 22.58 | C13: 58.95 | D13: 51.29 | E13: 0.16 | F13: 3.34 | G13: 59.83 | H13: 28.98 | I13: 1.46 | J13: 0.81 | K13: 343.84 | L13: 18.22 | M13: 45.05 | N13: 66.5 | O13: 0 | P13: 0.85 | Q13: 8.31
A14: 08-02-2024 01:30 | B14: 20.49 | C14: 58.31 | D14: 49.26 | E14: 0.09 | F14: 3.4 | G14: 59.83 | H14: 28.98 | I14: 1.5 | J14: 0.66 | K14: 346.95 | L14: 18.16 | M14: 43.65 | N14: 66.5 | O14: 0 | P14: 0.82 | Q14: 8.04
A15: 08-02-2024 01:45 | B15: 18.55 | C15: 58.68 | D15: 47.9 | E15: 0.13 | F15: 3.28 | G15: 54.83 | H15: 17.1 | I15: 1.58 | J15: 0.96 | K15: 350.82 | L15: 17.95 | M15: 43.73 | N15: 66.6 | O15: 0 | P15: 0.77 | Q15: 7.82
A16: 08-02-2024 02:00 | B16: 16.74 | C16: 58.06 | D16: 46.11 | E16: 0.15 | F16: 3.18 | G16: 53.49 | H16: 17.1 | I16: 1.48 | J16: 0.92 | K16: 347.79 | L16: 17.79 | M16: 44.67 | N16: 66.7 | O16: 0 | P16: 0.73 | Q16: 7.6
A17: 08-02-2024 02:15 | B17: 15.5 | C17: 58.11 | D17: 45.15 | E17: 0.09 | F17: 3.2 | G17: 53.49 | H17: 17.1 | I17: 1.56 | J17: 0.62 | K17: 347.19 | L17: 17.58 | M17: 45.99 | N17: 66.8 | O17: 0 | P17: 0.69 | Q17: 7.43
A18: 08-02-2024 02:30 | B18: 14.62 | C18: 57.62 | D18: 44.17 | E18: 0.15 | F18: 3.4 | G18: 53.49 | H18: 17.1 | I18: 1.54 | J18: 0.75 | K18: 347.25 | L18: 17.48 | M18: 46.4 | N18: 66.7 | O18: 0 | P18: 0.65 | Q18: 7.25
A19: 08-02-2024 02:45 | B19: 13.87 | C19: 57.78 | D19: 43.66 | E19: 0.1 | F19: 3.3 | G19: 43.42 | H19: 9.23 | I19: 1.47 | J19: 0.46 | K19: 345.18 | L19: 17.31 | M19: 47.55 | N19: 67.1 | O19: 0 | P19: 0.62 | Q19: 7.19
A20: 08-02-2024 03:00 | B20: 13.27 | C20: 57.21 | D20: 42.86 | E20: 0.1 | F20: 3.37 | G20: 40.73 | H20: 9.23 | I20: 1.49 | J20: 0.6 | K20: 349.61 | L20: 17.09 | M20: 47.7 | N20: 66.8 | O20: 0 | P20: 0.59 | Q20: 7.11
... A104: 08-02-2024 24:00 | B104: 91.79 | C104: 65.27 | D104: 110.27 | E104: 0.34 | F104: 2.89 | G104: 105.78 | H104: 35.33 | I104: 1.54 | J104: 1.11 | K104: 334.78 | L104: 15.97 | M104: 57.31 | N104: 56.2 | O104: 0 | P104: 1.83 | Q104: 13.57
A106: Min | B106: =MIN(B9:B104) -> 3.79 | C106: =MIN(C9:C104) -> 54.99 | D106: =MIN(D9:D104) -> 37.81 | E106: =MIN(E9:E104) -> 0 | F106: =MIN(F9:F104) -> 2.89 | G106: =MIN(G9:G104) -> 27.05 | H106: =MIN(H9:H104) -> 6.64 | I106: =MIN(I9:I104) -> 1.4 | ... Q106: =MIN(Q9:Q104) -> 5.12
A107: Max | B107: =MAX(B9:B104) -> 115.83 | C107: =MAX(C9:C104) -> 71.78 | D107: =MAX(D9:D104) -> 130.14 | E107: =MAX(E9:E104) -> 0.85 | F107: =MAX(F9:F104) -> 6.85 | G107: =MAX(G9:G104) -> 132.93 | H107: =MAX(H9:H104) -> 38.99 | I107: =MAX(I9:I104) -> 1.62 | ... Q107: =MAX(Q9:Q104) -> 15.86
A108: Avg | B108: =AVERAGE(B9:B104) -> 25.303646 | C108: =AVERAGE(C9:C104) -> 62.618437 | D108: =AVERAGE(D9:D104) -> 55.495417 | E108: =AVERAGE(E9:E104) -> 0.2490625 | F108: =AVERAGE(F9:F104) -> 3.6355208 | G108: =AVERAGE(G9:G104) -> 65.859271 | H108: =AVERAGE(H9:H104) -> 20.967083 | I108: =AVERAGE(I9:I104) -> 1.5051042 | ... Q108: =AVERAGE(Q9:Q104) -> 8.8941667
A109: Stdev | B109: =STDEV(B9:B104) -> 31.706481 | C109: =STDEV(C9:C104) -> 4.5367499 | D109: =STDEV(D9:D104) -> 26.296591 | E109: =STDEV(E9:E104) -> 0.15532701 | F109: =STDEV(F9:F104) -> 0.71384927 | G109: =STDEV(G9:G104) -> 28.408524 | H109: =STDEV(H9:H104) -> 8.4105458 | I109: =STDEV(I9:I104) -> 0.04928958 | ... Q109: =STDEV(Q9:Q104) -> 2.8803423
A110: Num | B110: =COUNT(B9:B104) -> 96 | C110: =COUNT(C9:C104) -> 96 | D110: =COUNT(D9:D104) -> 96 | E110: =COUNT(E9:E104) -> 96 | F110: =COUNT(F9:F104) -> 96 | G110: =COUNT(G9:G104) -> 96 | H110: =COUNT(H9:H104) -> 96 | I110: =COUNT(I9:I104) -> 96 | ... Q110: =COUNT(Q9:Q104) -> 96
A111: DCR | B111: =IF(B110>=87,">90%",IF(B110<=87,"<90%")) -> >90% | C111: =IF(C110>=87,">90%",IF(C110<=87,"<90%")) -> >90% | D111: =IF(D110>=87,">90%",IF(D110<=87,"<90%")) -> >90% | E111: =IF(E110>=87,">90%",IF(E110<=87,"<90%")) -> >90% | F111: =IF(F110>=87,">90%",IF(F110<=87,"<90%")) -> >90% | G111: =IF(G110>=87,">90%",IF(G110<=87,"<90%")) -> >90% | H111: =IF(H110>=87,">90%",IF(H110<=87,"<90%")) -> >90% | I111: =IF(I110>=87,">90%",IF(I110<=87,"<90%")) -> >90% | ... Q111: =IF(Q110>=87,">90%",IF(Q110<=87,"<90%")) -> >90%
A112: Status | B112: =IF(B110>=87,"OK",IF(B110<=87,"LESS")) -> OK | C112: =IF(C110>=87,"OK",IF(C110<=87,"LESS")) -> OK | D112: =IF(D110>=87,"OK",IF(D110<=87,"LESS")) -> OK | E112: =IF(E110>=87,"OK",IF(E110<=87,"LESS")) -> OK | F112: =IF(F110>=87,"OK",IF(F110<=87,"LESS")) -> OK | G112: =IF(G110>=87,"OK",IF(G110<=87,"LESS")) -> OK | H112: =IF(H110>=87,"OK",IF(H110<=87,"LESS")) -> OK | I112: =IF(I110>=87,"OK",IF(I110<=87,"LESS")) -> OK | ... Q112: =IF(Q110>=87,"OK",IF(Q110<=87,"LESS")) -> OK
A115: Done by | B115: RK
A117: Comment

Sheet 09
A1: Station: | B1: BHATAGAON RAIPUR
A2: Date: | B2: =$A$9 -> 09-02-2024 00:15 | D2: Power Off | G2: Pw.Off | L2: Link Fail | N2: Link F | P2: Maintenance | R2: Maint.
A3: Report Type: | B3: Mean | D3: Calibration | G3: Calib. | L3: Data Fail | N3: Data F | P3: Invalid | R3: Invalid
A4: Time Base: | B4: 15 Min | D4: Zero Referrence | G4: Z.Ref | L4: Warm Up | N4: Wm. Up
A7: Date & Time | B7: NO_BHATAGAON | C7: NO2__BHATAGAON | D7: NOX_BHATAGAON | E7: SO2__BHATAGAON | F7: O3__BHATAGAON | G7: PM10__BHATAGAON | H7: PM2_5__BHATAGAON | I7: BENZ__BHATAGAON | J7: WS__BHATAGAON | K7: WD__BHATAGAON | L7: TEMP__BHATAGAON | M7: HUM__BHATAGAON | N7: SR__BHATAGAON | O7: RG__BHATAGAON | P7: CO__BHATAGAON | Q7: NH3__BHATAGAON
B8: ug/m3 | C8: ug/m3 | D8: ppb | E8: ug/m3 | F8: ug/m3 | G8: ug/m3 | H8: ug/m3 | I8: ug/m3 | J8: m/sec | K8: deg | L8: degreC | M8: % | N8: w/m2 | O8: mm | P8: mg/m3 | Q8: ug/m3
A9: 09-02-2024 00:15 | B9: 83.63 | C9: 64.84 | D9: 103.5 | E9: 0.45 | F9: 3.03 | G9: 105.78 | H9: 35.33 | I9: 1.55 | J9: 0.42 | K9: 324.24 | L9: 15.7 | M9: 60.81 | N9: 57 | O9: 0 | P9: 1.73 | Q9: 13
A10: 09-02-2024 00:30 | B10: 77.82 | C10: 64.13 | D10: 98.44 | E10: 0.44 | F10: 3.09 | G10: 105.78 | H10: 35.33 | I10: 1.51 | J10: 0.74 | K10: 353.2 | L10: 15.47 | M10: 61.14 | N10: 56.3 | O10: 0 | P10: 1.66 | Q10: 12.48
A11: 09-02-2024 00:45 | B11: 72.8 | C11: 63.75 | D11: 94.21 | E11: 0.41 | F11: 3.2 | G11: 89.37 | H11: 32.09 | I11: 1.5 | J11: 0.87 | K11: 352.33 | L11: 15.7 | M11: 57.58 | N11: 55.9 | O11: 0 | P11: 1.59 | Q11: 12.08
A12: 09-02-2024 01:00 | B12: 68.11 | C12: 63.61 | D12: 90.37 | E12: 0.38 | F12: 3.02 | G12: 84.97 | H12: 32.09 | I12: 1.54 | J12: 0.84 | K12: 349.41 | L12: 16 | M12: 49.02 | N12: 56.1 | O12: 0 | P12: 1.51 | Q12: 11.74
A13: 09-02-2024 01:15 | B13: 63.18 | C13: 63.32 | D13: 86.26 | E13: 0.35 | F13: 3.09 | G13: 84.97 | H13: 32.09 | I13: 1.56 | J13: 0.83 | K13: 351.97 | L13: 15.79 | M13: 54.28 | N13: 56.6 | O13: 0 | P13: 1.26 | Q13: 11.4
A14: 09-02-2024 01:30 | B14: 58.66 | C14: 62.68 | D14: 82.27 | E14: 0.36 | F14: 3.16 | G14: 84.97 | H14: 32.09 | I14: 1.52 | J14: 0.72 | K14: 351.09 | L14: 15.46 | M14: 57.32 | N14: 56.7 | O14: 0 | P14: 1.25 | Q14: 11.08
A15: 09-02-2024 01:45 | B15: 55.13 | C15: 61.91 | D15: 79.02 | E15: 0.39 | F15: 3.35 | G15: 77.37 | H15: 28.9 | I15: 1.44 | J15: 0.98 | K15: 351.36 | L15: 15.18 | M15: 59.18 | N15: 56.3 | O15: 0 | P15: 1.2 | Q15: 10.78
A16: 09-02-2024 02:00 | B16: 52.31 | C16: 61.54 | D16: 76.55 | E16: 0.56 | F16: 3.31 | G16: 75.34 | H16: 28.9 | I16: 1.53 | J16: 0.6 | K16: 353.22 | L16: 15.25 | M16: 58.56 | N16: 56.7 | O16: 0 | P16: 1.15 | Q16: 10.48
A17: 09-02-2024 02:15 | B17: 50.46 | C17: 60.93 | D17: 74.73 | E17: 0.6 | F17: 2.96 | G17: 75.34 | H17: 28.9 | I17: 1.5 | J17: 0.71 | K17: 352.51 | L17: 14.95 | M17: 57.96 | N17: 56.5 | O17: 0 | P17: 1.12 | Q17: 10.23
A18: 09-02-2024 02:30 | B18: 48.79 | C18: 60.57 | D18: 73.2 | E18: 0.58 | F18: 2.77 | G18: 75.34 | H18: 28.9 | I18: 1.44 | J18: 0.82 | K18: 354.04 | L18: 14.92 | M18: 54.35 | N18: 56.4 | O18: 0 | P18: 1.1 | Q18: 10.09
A19: 09-02-2024 02:45 | B19: 46.94 | C19: 60.48 | D19: 71.67 | E19: 0.61 | F19: 2.93 | G19: 108.45 | H19: 35.11 | I19: 1.49 | J19: 0.75 | K19: 350.79 | L19: 14.9 | M19: 50.87 | N19: 56.6 | O19: 0 | P19: 1.07 | Q19: 9.94
A20: 09-02-2024 03:00 | B20: 45.08 | C20: 60.13 | D20: 69.99 | E20: 0.46 | F20: 3.18 | G20: 117.31 | H20: 35.11 | I20: 1.49 | J20: 0.37 | K20: 344.62 | L20: 14.8 | M20: 49.66 | N20: 56.9 | O20: 0 | P20: 1.05 | Q20: 9.78
... A104: 09-02-2024 24:00 | B104: 23.28 | C104: 70.84 | D104: 58.41 | E104: 0.04 | F104: 3.35 | G104: 76.56 | H104: 29.64 | I104: 1.48 | J104: 0.13 | K104: 36.77 | L104: 16.44 | M104: 39.94 | N104: 87.7 | O104: 0 | P104: 1.13 | Q104: 8.26
A106: Min | B106: =MIN(B9:B104) -> 2.88 | C106: =MIN(C9:C104) -> 54.29 | D106: =MIN(D9:D104) -> 34.5 | E106: =MIN(E9:E104) -> 0.04 | F106: =MIN(F9:F104) -> 2.76 | G106: =MIN(G9:G104) -> 43.67 | H106: =MIN(H9:H104) -> 16.21 | I106: =MIN(I9:I104) -> 1.42 | ... Q106: =MIN(Q9:Q104) -> 5.87
A107: Max | B107: =MAX(B9:B104) -> 83.63 | C107: =MAX(C9:C104) -> 72.68 | D107: =MAX(D9:D104) -> 103.5 | E107: =MAX(E9:E104) -> 1.09 | F107: =MAX(F9:F104) -> 8.22 | G107: =MAX(G9:G104) -> 117.31 | H107: =MAX(H9:H104) -> 36.59 | I107: =MAX(I9:I104) -> 1.61 | ... Q107: =MAX(Q9:Q104) -> 13
A108: Avg | B108: =AVERAGE(B9:B104) -> 24.192812 | C108: =AVERAGE(C9:C104) -> 61.553542 | D108: =AVERAGE(D9:D104) -> 54.017083 | E108: =AVERAGE(E9:E104) -> 0.31572917 | F108: =AVERAGE(F9:F104) -> 3.514375 | G108: =AVERAGE(G9:G104) -> 74.374583 | H108: =AVERAGE(H9:H104) -> 26.112708 | I108: =AVERAGE(I9:I104) -> 1.4970833 | ... Q108: =AVERAGE(Q9:Q104) -> 7.895625
A109: Stdev | B109: =STDEV(B9:B104) -> 18.398252 | C109: =STDEV(C9:C104) -> 6.1782542 | D109: =STDEV(D9:D104) -> 15.198724 | E109: =STDEV(E9:E104) -> 0.13675752 | F109: =STDEV(F9:F104) -> 0.83395167 | G109: =STDEV(G9:G104) -> 24.122393 | H109: =STDEV(H9:H104) -> 6.7046283 | I109: =STDEV(I9:I104) -> 0.042250298 | ... Q109: =STDEV(Q9:Q104) -> 1.6283293
A110: Num | B110: =COUNT(B9:B104) -> 96 | C110: =COUNT(C9:C104) -> 96 | D110: =COUNT(D9:D104) -> 96 | E110: =COUNT(E9:E104) -> 96 | F110: =COUNT(F9:F104) -> 96 | G110: =COUNT(G9:G104) -> 96 | H110: =COUNT(H9:H104) -> 96 | I110: =COUNT(I9:I104) -> 96 | ... Q110: =COUNT(Q9:Q104) -> 96
A111: DCR | B111: =IF(B110>=87,">90%",IF(B110<=87,"<90%")) -> >90% | C111: =IF(C110>=87,">90%",IF(C110<=87,"<90%")) -> >90% | D111: =IF(D110>=87,">90%",IF(D110<=87,"<90%")) -> >90% | E111: =IF(E110>=87,">90%",IF(E110<=87,"<90%")) -> >90% | F111: =IF(F110>=87,">90%",IF(F110<=87,"<90%")) -> >90% | G111: =IF(G110>=87,">90%",IF(G110<=87,"<90%")) -> >90% | H111: =IF(H110>=87,">90%",IF(H110<=87,"<90%")) -> >90% | I111: =IF(I110>=87,">90%",IF(I110<=87,"<90%")) -> >90% | ... Q111: =IF(Q110>=87,">90%",IF(Q110<=87,"<90%")) -> >90%
A112: Status | B112: =IF(B110>=87,"OK",IF(B110<=87,"LESS")) -> OK | C112: =IF(C110>=87,"OK",IF(C110<=87,"LESS")) -> OK | D112: =IF(D110>=87,"OK",IF(D110<=87,"LESS")) -> OK | E112: =IF(E110>=87,"OK",IF(E110<=87,"LESS")) -> OK | F112: =IF(F110>=87,"OK",IF(F110<=87,"LESS")) -> OK | G112: =IF(G110>=87,"OK",IF(G110<=87,"LESS")) -> OK | H112: =IF(H110>=87,"OK",IF(H110<=87,"LESS")) -> OK | I112: =IF(I110>=87,"OK",IF(I110<=87,"LESS")) -> OK | ... Q112: =IF(Q110>=87,"OK",IF(Q110<=87,"LESS")) -> OK
A115: Done by | B115: RK
A117: Comment

Sheet 10
A1: Station: | B1: BHATAGAON RAIPUR
A2: Date: | B2: =$A$9 -> 10-02-2024 00:15 | D2: Power Off | G2: Pw.Off | L2: Link Fail | N2: Link F | P2: Maintenance | R2: Maint.
A3: Report Type: | B3: Mean | D3: Calibration | G3: Calib. | L3: Data Fail | N3: Data F | P3: Invalid | R3: Invalid
A4: Time Base: | B4: 15 Min | D4: Zero Referrence | G4: Z.Ref | L4: Warm Up | N4: Wm. Up
A7: Date & Time | B7: NO_BHATAGAON | C7: NO2__BHATAGAON | D7: NOX_BHATAGAON | E7: SO2__BHATAGAON | F7: O3__BHATAGAON | G7: PM10__BHATAGAON | H7: PM2_5__BHATAGAON | I7: BENZ__BHATAGAON | J7: WS__BHATAGAON | K7: WD__BHATAGAON | L7: TEMP__BHATAGAON | M7: HUM__BHATAGAON | N7: SR__BHATAGAON | O7: RG__BHATAGAON | P7: CO__BHATAGAON | Q7: NH3__BHATAGAON
B8: ug/m3 | C8: ug/m3 | D8: ppb | E8: ug/m3 | F8: ug/m3 | G8: ug/m3 | H8: ug/m3 | I8: ug/m3 | J8: m/sec | K8: deg | L8: degreC | M8: % | N8: w/m2 | O8: mm | P8: mg/m3 | Q8: ug/m3
A9: 10-02-2024 00:15 | B9: 21.5 | C9: 70.7 | D9: 56.9 | E9: 0.11 | F9: 3.56 | G9: 76.56 | H9: 29.64 | I9: 1.46 | J9: 0.1 | K9: 316.39 | L9: 16.18 | M9: 41.78 | N9: 88.4 | O9: 0 | P9: 1.09 | Q9: 8.22
A10: 10-02-2024 00:30 | B10: 19.99 | C10: 70.32 | D10: 55.49 | E10: 0.13 | F10: 3.42 | G10: 76.56 | H10: 29.64 | I10: 1.53 | J10: 0.16 | K10: 315.9 | L10: 15.58 | M10: 49.45 | N10: 88.5 | O10: 0 | P10: 1.07 | Q10: 8.07
A11: 10-02-2024 00:45 | B11: 19.42 | C11: 69.42 | D11: 54.54 | E11: 0.09 | F11: 3.06 | G11: 66.94 | H11: 26.24 | I11: 1.42 | J11: 0.13 | K11: 301.15 | L11: 14.97 | M11: 61.64 | N11: 88.7 | O11: 0 | P11: 1.05 | Q11: 7.96
A12: 10-02-2024 01:00 | B12: 18.34 | C12: 67.85 | D12: 52.79 | E12: 0.12 | F12: 3.12 | G12: 64.53 | H12: 26.24 | I12: 1.51 | J12: 0.12 | K12: 289.26 | L12: 14.55 | M12: 55.41 | N12: 88.6 | O12: 0 | P12: 1.02 | Q12: 7.85
A13: 10-02-2024 01:15 | B13: 16.7 | C13: 66.7 | D13: 50.85 | E13: 0.12 | F13: 3 | G13: 64.53 | H13: 26.24 | I13: 1.46 | J13: 0.07 | K13: 304.95 | L13: 14.38 | M13: 53.28 | N13: 88.6 | O13: 0 | P13: 0.86 | Q13: 7.71
A14: 10-02-2024 01:30 | B14: 15.05 | C14: 65.67 | D14: 48.95 | E14: 0.06 | F14: 3.2 | G14: 64.53 | H14: 26.24 | I14: 1.57 | J14: 0.1 | K14: 21.07 | L14: 14.31 | M14: 57.76 | N14: 88.2 | O14: 0 | P14: 0.88 | Q14: 7.55
A15: 10-02-2024 01:45 | B15: 14.03 | C15: 64.52 | D15: 47.5 | E15: 0.07 | F15: 3.26 | G15: 53.89 | H15: 24.85 | I15: 1.59 | J15: 0.16 | K15: 321.19 | L15: 14.24 | M15: 62.04 | N15: 88.3 | O15: 0 | P15: 0.87 | Q15: 7.43
A16: 10-02-2024 02:00 | B16: 13.54 | C16: 63.74 | D16: 46.68 | E16: 0.05 | F16: 3.06 | G16: 51.05 | H16: 24.85 | I16: 1.54 | J16: 0.04 | K16: 239.43 | L16: 14.3 | M16: 54.76 | N16: 88.3 | O16: 0 | P16: 0.84 | Q16: 7.29
A17: 10-02-2024 02:15 | B17: 12.68 | C17: 62.94 | D17: 45.55 | E17: 0.09 | F17: 2.91 | G17: 51.05 | H17: 24.85 | I17: 1.48 | J17: 0.07 | K17: 264.22 | L17: 14.48 | M17: 51.41 | N17: 88.1 | O17: 0 | P17: 0.82 | Q17: 7.22
A18: 10-02-2024 02:30 | B18: 11.7 | C18: 62.32 | D18: 44.42 | E18: 0.11 | F18: 3.21 | G18: 51.05 | H18: 24.85 | I18: 1.45 | J18: 0.1 | K18: 273.38 | L18: 14.37 | M18: 53.54 | N18: 88.3 | O18: 0 | P18: 0.82 | Q18: 7.12
A19: 10-02-2024 02:45 | B19: 11.29 | C19: 61.73 | D19: 43.77 | E19: 0.1 | F19: 3.07 | G19: 74.19 | H19: 28.08 | I19: 1.48 | J19: 0.08 | K19: 23.96 | L19: 14.25 | M19: 56.25 | N19: 88.5 | O19: 0 | P19: 0.81 | Q19: 7
A20: 10-02-2024 03:00 | B20: 10.99 | C20: 60.97 | D20: 43.11 | E20: 0.09 | F20: 3.05 | G20: 80.39 | H20: 28.08 | I20: 1.42 | J20: 0.16 | K20: 74.19 | L20: 14.28 | M20: 58.9 | N20: 88.3 | O20: 0 | P20: 0.81 | Q20: 6.97
... A104: 10-02-2024 24:00 | B104: 3.32 | C104: 68.12 | D104: 40.9 | E104: 0.09 | F104: 4.27 | G104: 88.04 | H104: 35.36 | I104: 1.45 | J104: 0.84 | K104: 108.63 | L104: 19.41 | M104: 48.01 | N104: 72.1 | O104: 0 | P104: 0.95 | Q104: 7.06
A106: Min | B106: =MIN(B9:B104) -> 1.26 | C106: =MIN(C9:C104) -> 52.65 | D106: =MIN(D9:D104) -> 30.72 | E106: =MIN(E9:E104) -> 0.05 | F106: =MIN(F9:F104) -> 2.8 | G106: =MIN(G9:G104) -> 51.05 | H106: =MIN(H9:H104) -> 21.75 | I106: =MIN(I9:I104) -> 1.41 | ... Q106: =MIN(Q9:Q104) -> 5.55
A107: Max | B107: =MAX(B9:B104) -> 21.5 | C107: =MAX(C9:C104) -> 80.12 | D107: =MAX(D9:D104) -> 56.9 | E107: =MAX(E9:E104) -> 0.68 | F107: =MAX(F9:F104) -> 20.18 | G107: =MAX(G9:G104) -> 125.01 | H107: =MAX(H9:H104) -> 40.7 | I107: =MAX(I9:I104) -> 1.62 | ... Q107: =MAX(Q9:Q104) -> 8.22
A108: Avg | B108: =AVERAGE(B9:B104) -> 8.263125 | C108: =AVERAGE(C9:C104) -> 65.3275 | D108: =AVERAGE(D9:D104) -> 43.325104 | E108: =AVERAGE(E9:E104) -> 0.28666667 | F108: =AVERAGE(F9:F104) -> 4.5671875 | G108: =AVERAGE(G9:G104) -> 81.53 | H108: =AVERAGE(H9:H104) -> 29.644583 | I108: =AVERAGE(I9:I104) -> 1.4986458 | ... Q108: =AVERAGE(Q9:Q104) -> 6.9967708
A109: Stdev | B109: =STDEV(B9:B104) -> 5.2139118 | C109: =STDEV(C9:C104) -> 7.8166084 | D109: =STDEV(D9:D104) -> 6.3894901 | E109: =STDEV(E9:E104) -> 0.12366905 | F109: =STDEV(F9:F104) -> 2.7908783 | G109: =STDEV(G9:G104) -> 20.903851 | H109: =STDEV(H9:H104) -> 5.6145915 | I109: =STDEV(I9:I104) -> 0.043081802 | ... Q109: =STDEV(Q9:Q104) -> 0.61098625
A110: Num | B110: =COUNT(B9:B104) -> 96 | C110: =COUNT(C9:C104) -> 96 | D110: =COUNT(D9:D104) -> 96 | E110: =COUNT(E9:E104) -> 96 | F110: =COUNT(F9:F104) -> 96 | G110: =COUNT(G9:G104) -> 96 | H110: =COUNT(H9:H104) -> 96 | I110: =COUNT(I9:I104) -> 96 | ... Q110: =COUNT(Q9:Q104) -> 96
A111: DCR | B111: =IF(B110>=87,">90%",IF(B110<=87,"<90%")) -> >90% | C111: =IF(C110>=87,">90%",IF(C110<=87,"<90%")) -> >90% | D111: =IF(D110>=87,">90%",IF(D110<=87,"<90%")) -> >90% | E111: =IF(E110>=87,">90%",IF(E110<=87,"<90%")) -> >90% | F111: =IF(F110>=87,">90%",IF(F110<=87,"<90%")) -> >90% | G111: =IF(G110>=87,">90%",IF(G110<=87,"<90%")) -> >90% | H111: =IF(H110>=87,">90%",IF(H110<=87,"<90%")) -> >90% | I111: =IF(I110>=87,">90%",IF(I110<=87,"<90%")) -> >90% | ... Q111: =IF(Q110>=87,">90%",IF(Q110<=87,"<90%")) -> >90%
A112: Status | B112: =IF(B110>=87,"OK",IF(B110<=87,"LESS")) -> OK | C112: =IF(C110>=87,"OK",IF(C110<=87,"LESS")) -> OK | D112: =IF(D110>=87,"OK",IF(D110<=87,"LESS")) -> OK | E112: =IF(E110>=87,"OK",IF(E110<=87,"LESS")) -> OK | F112: =IF(F110>=87,"OK",IF(F110<=87,"LESS")) -> OK | G112: =IF(G110>=87,"OK",IF(G110<=87,"LESS")) -> OK | H112: =IF(H110>=87,"OK",IF(H110<=87,"LESS")) -> OK | I112: =IF(I110>=87,"OK",IF(I110<=87,"LESS")) -> OK | ... Q112: =IF(Q110>=87,"OK",IF(Q110<=87,"LESS")) -> OK
A115: Done by | B115: RK
A117: Comment

Sheet 11
A1: Station: | B1: BHATAGAON RAIPUR
A2: Date: | B2: =$A$9 -> 11-02-2024 00:15 | D2: Power Off | G2: Pw.Off | L2: Link Fail | N2: Link F | P2: Maintenance | R2: Maint.
A3: Report Type: | B3: Mean | D3: Calibration | G3: Calib. | L3: Data Fail | N3: Data F | P3: Invalid | R3: Invalid
A4: Time Base: | B4: 15 Min | D4: Zero Referrence | G4: Z.Ref | L4: Warm Up | N4: Wm. Up
A7: Date & Time | B7: NO_BHATAGAON | C7: NO2__BHATAGAON | D7: NOX_BHATAGAON | E7: SO2__BHATAGAON | F7: O3__BHATAGAON | G7: PM10__BHATAGAON | H7: PM2_5__BHATAGAON | I7: BENZ__BHATAGAON | J7: WS__BHATAGAON | K7: WD__BHATAGAON | L7: TEMP__BHATAGAON | M7: HUM__BHATAGAON | N7: SR__BHATAGAON | O7: RG__BHATAGAON | P7: CO__BHATAGAON | Q7: NH3__BHATAGAON
B8: ug/m3 | C8: ug/m3 | D8: ppb | E8: ug/m3 | F8: ug/m3 | G8: ug/m3 | H8: ug/m3 | I8: ug/m3 | J8: m/sec | K8: deg | L8: degreC | M8: % | N8: w/m2 | O8: mm | P8: mg/m3 | Q8: ug/m3
A9: 11-02-2024 00:15 | B9: 2.93 | C9: 66.04 | D9: 39.44 | E9: 0.21 | F9: 4.2 | G9: 88.04 | H9: 35.36 | I9: 1.48 | J9: 1.28 | K9: 104.4 | L9: 19.68 | M9: 48.16 | N9: 71.9 | O9: 0 | P9: 0.93 | Q9: 6.92
A10: 11-02-2024 00:30 | B10: 2.55 | C10: 63.65 | D10: 37.82 | E10: 0.2 | F10: 4.46 | G10: 88.04 | H10: 35.36 | I10: 1.49 | J10: 1.43 | K10: 102.99 | L10: 19.65 | M10: 49.3 | N10: 72.5 | O10: 0 | P10: 0.9 | Q10: 6.78
A11: 11-02-2024 00:45 | B11: 2.3 | C11: 61.31 | D11: 36.33 | E11: 0.19 | F11: 4.66 | G11: 82.12 | H11: 33.59 | I11: 1.48 | J11: 1.12 | K11: 97.65 | L11: 19.47 | M11: 52.1 | N11: 72.7 | O11: 0 | P11: 0.86 | Q11: 6.66
A12: 11-02-2024 01:00 | B12: 2.13 | C12: 59.13 | D12: 34.98 | E12: 0.18 | F12: 4.74 | G12: 80.54 | H12: 33.59 | I12: 1.5 | J12: 0.92 | K12: 104.24 | L12: 19.26 | M12: 54.46 | N12: 72.9 | O12: 0 | P12: 0.84 | Q12: 6.55
A13: 11-02-2024 01:15 | B13: 2.05 | C13: 57.73 | D13: 34.15 | E13: 0.13 | F13: 4.52 | G13: 80.54 | H13: 33.59 | I13: 1.49 | J13: 0.17 | K13: 69.46 | L13: 18.93 | M13: 56.95 | N13: 73.3 | O13: 0 | P13: 0.79 | Q13: 6.52
A14: 11-02-2024 01:30 | B14: 2.27 | C14: 57.12 | D14: 33.99 | E14: 0.19 | F14: 4.17 | G14: 80.54 | H14: 33.59 | I14: 1.48 | J14: 0.17 | K14: 3.12 | L14: 18.44 | M14: 61.08 | N14: 73.5 | O14: 0 | P14: 0.78 | Q14: 6.43
A15: 11-02-2024 01:45 | B15: 2.64 | C15: 56.78 | D15: 34.09 | E15: 0.18 | F15: 3.75 | G15: 76.49 | H15: 32.35 | I15: 1.58 | J15: 0.12 | K15: 354.72 | L15: 17.93 | M15: 65.88 | N15: 73.4 | O15: 0 | P15: 0.78 | Q15: 6.41
A16: 11-02-2024 02:00 | B16: 3.02 | C16: 56.59 | D16: 34.3 | E16: 0.2 | F16: 3.52 | G16: 75.41 | H16: 32.35 | I16: 1.5 | J16: 0.16 | K16: 247.93 | L16: 17.62 | M16: 68.35 | N16: 73 | O16: 0 | P16: 0.76 | Q16: 6.47
A17: 11-02-2024 02:15 | B17: 3.32 | C17: 56.38 | D17: 34.42 | E17: 0.17 | F17: 3.6 | G17: 75.41 | H17: 32.35 | I17: 1.52 | J17: 0.06 | K17: 329.14 | L17: 17.46 | M17: 71.3 | N17: 73.3 | O17: 0 | P17: 0.74 | Q17: 6.45
A18: 11-02-2024 02:30 | B18: 3.59 | C18: 56.31 | D18: 34.6 | E18: 0.22 | F18: 3.46 | G18: 75.41 | H18: 32.35 | I18: 1.59 | J18: 0.13 | K18: 265.39 | L18: 17.43 | M18: 70 | N18: 72.9 | O18: 0 | P18: 0.73 | Q18: 6.47
A19: 11-02-2024 02:45 | B19: 3.93 | C19: 56.36 | D19: 34.9 | E19: 0.2 | F19: 3.39 | G19: 71.93 | H19: 32.55 | I19: 1.47 | J19: 0.05 | K19: 2.17 | L19: 17.33 | M19: 73.15 | N19: 73.3 | O19: 0 | P19: 0.73 | Q19: 6.5
A20: 11-02-2024 03:00 | B20: 4.37 | C20: 56.54 | D20: 35.36 | E20: 0.22 | F20: 3.43 | G20: 71 | H20: 32.55 | I20: 1.52 | J20: 0.14 | K20: 320.78 | L20: 17.2 | M20: 76.73 | N20: 73.5 | O20: 0 | P20: 0.72 | Q20: 6.56
... A104: 11-02-2024 24:00 | B104: 4.47 | C104: 60.3 | D104: 37.51 | E104: 0.23 | F104: 3.4 | G104: 66.81 | H104: 27.78 | I104: 1.44 | J104: 0.64 | K104: 91.55 | L104: 19.3 | M104: 67.76 | N104: 143.9 | O104: 0 | P104: 0.66 | Q104: 6.63
A106: Min | B106: =MIN(B9:B104) -> 1.79 | C106: =MIN(C9:C104) -> 53.71 | D106: =MIN(D9:D104) -> 32.2 | E106: =MIN(E9:E104) -> 0.06 | F106: =MIN(F9:F104) -> 2.77 | G106: =MIN(G9:G104) -> 47.52 | H106: =MIN(H9:H104) -> 19.22 | I106: =MIN(I9:I104) -> 1.36 | ... Q106: =MIN(Q9:Q104) -> 5.21
A107: Max | B107: =MAX(B9:B104) -> 24.15 | C107: =MAX(C9:C104) -> 70.26 | D107: =MAX(D9:D104) -> 55.85 | E107: =MAX(E9:E104) -> 0.39 | F107: =MAX(F9:F104) -> 5.67 | G107: =MAX(G9:G104) -> 99.93 | H107: =MAX(H9:H104) -> 42.63 | I107: =MAX(I9:I104) -> 1.59 | ... Q107: =MAX(Q9:Q104) -> 8.2
A108: Avg | B108: =AVERAGE(B9:B104) -> 7.1504167 | C108: =AVERAGE(C9:C104) -> 61.925417 | D108: =AVERAGE(D9:D104) -> 40.555312 | E108: =AVERAGE(E9:E104) -> 0.2478125 | F108: =AVERAGE(F9:F104) -> 3.91375 | G108: =AVERAGE(G9:G104) -> 74.349375 | H108: =AVERAGE(H9:H104) -> 31.283958 | I108: =AVERAGE(I9:I104) -> 1.49625 | ... Q108: =AVERAGE(Q9:Q104) -> 6.7209375
A109: Stdev | B109: =STDEV(B9:B104) -> 6.7927835 | C109: =STDEV(C9:C104) -> 4.7488693 | D109: =STDEV(D9:D104) -> 6.8629335 | E109: =STDEV(E9:E104) -> 0.063415142 | F109: =STDEV(F9:F104) -> 0.76749113 | G109: =STDEV(G9:G104) -> 13.861652 | H109: =STDEV(H9:H104) -> 5.8324924 | I109: =STDEV(I9:I104) -> 0.042233686 | ... Q109: =STDEV(Q9:Q104) -> 0.78516385
A110: Num | B110: =COUNT(B9:B104) -> 96 | C110: =COUNT(C9:C104) -> 96 | D110: =COUNT(D9:D104) -> 96 | E110: =COUNT(E9:E104) -> 96 | F110: =COUNT(F9:F104) -> 96 | G110: =COUNT(G9:G104) -> 96 | H110: =COUNT(H9:H104) -> 96 | I110: =COUNT(I9:I104) -> 96 | ... Q110: =COUNT(Q9:Q104) -> 96
A111: DCR | B111: =IF(B110>=87,">90%",IF(B110<=87,"<90%")) -> >90% | C111: =IF(C110>=87,">90%",IF(C110<=87,"<90%")) -> >90% | D111: =IF(D110>=87,">90%",IF(D110<=87,"<90%")) -> >90% | E111: =IF(E110>=87,">90%",IF(E110<=87,"<90%")) -> >90% | F111: =IF(F110>=87,">90%",IF(F110<=87,"<90%")) -> >90% | G111: =IF(G110>=87,">90%",IF(G110<=87,"<90%")) -> >90% | H111: =IF(H110>=87,">90%",IF(H110<=87,"<90%")) -> >90% | I111: =IF(I110>=87,">90%",IF(I110<=87,"<90%")) -> >90% | ... Q111: =IF(Q110>=87,">90%",IF(Q110<=87,"<90%")) -> >90%
A112: Status | B112: =IF(B110>=87,"OK",IF(B110<=87,"LESS")) -> OK | C112: =IF(C110>=87,"OK",IF(C110<=87,"LESS")) -> OK | D112: =IF(D110>=87,"OK",IF(D110<=87,"LESS")) -> OK | E112: =IF(E110>=87,"OK",IF(E110<=87,"LESS")) -> OK | F112: =IF(F110>=87,"OK",IF(F110<=87,"LESS")) -> OK | G112: =IF(G110>=87,"OK",IF(G110<=87,"LESS")) -> OK | H112: =IF(H110>=87,"OK",IF(H110<=87,"LESS")) -> OK | I112: =IF(I110>=87,"OK",IF(I110<=87,"LESS")) -> OK | ... Q112: =IF(Q110>=87,"OK",IF(Q110<=87,"LESS")) -> OK
A115: Done by | B115: RK
A117: Comment

Sheet 12
A1: Station: | B1: BHATAGAON RAIPUR
A2: Date: | B2: =$A$9 -> 12-02-2024 00:15 | D2: Power Off | G2: Pw.Off | L2: Link Fail | N2: Link F | P2: Maintenance | R2: Maint.
A3: Report Type: | B3: Mean | D3: Calibration | G3: Calib. | L3: Data Fail | N3: Data F | P3: Invalid | R3: Invalid
A4: Time Base: | B4: 15 Min | D4: Zero Referrence | G4: Z.Ref | L4: Warm Up | N4: Wm. Up
A7: Date & Time | B7: NO_BHATAGAON | C7: NO2__BHATAGAON | D7: NOX_BHATAGAON | E7: SO2__BHATAGAON | F7: O3__BHATAGAON | G7: PM10__BHATAGAON | H7: PM2_5__BHATAGAON | I7: BENZ__BHATAGAON | J7: WS__BHATAGAON | K7: WD__BHATAGAON | L7: TEMP__BHATAGAON | M7: HUM__BHATAGAON | N7: SR__BHATAGAON | O7: RG__BHATAGAON | P7: CO__BHATAGAON | Q7: NH3__BHATAGAON
B8: ug/m3 | C8: ug/m3 | D8: ppb | E8: ug/m3 | F8: ug/m3 | G8: ug/m3 | H8: ug/m3 | I8: ug/m3 | J8: m/sec | K8: deg | L8: degreC | M8: % | N8: w/m2 | O8: mm | P8: mg/m3 | Q8: ug/m3
A9: 12-02-2024 00:15 | B9: 4.23 | C9: 59.29 | D9: 36.75 | E9: 0.36 | F9: 3.75 | G9: 66.81 | H9: 27.78 | I9: 1.41 | J9: 0.38 | K9: 104.87 | L9: 19.11 | M9: 73.74 | N9: 150.5 | O9: 0.8 | P9: 0.65 | Q9: 6.62
A10: 12-02-2024 00:30 | B10: 3.76 | C10: 58.47 | D10: 35.93 | E10: 0.35 | F10: 3.85 | G10: 66.81 | H10: 27.78 | I10: 1.5 | J10: 0.46 | K10: 85.57 | L10: 17.21 | M10: 91.35 | N10: 150 | O10: 0 | P10: 0.63 | Q10: 6.62
A11: 12-02-2024 00:45 | B11: 3.71 | C11: 57.96 | D11: 35.61 | E11: 0.34 | F11: 3.39 | G11: 66.45 | H11: 26.26 | I11: 1.51 | J11: 0.2 | K11: 43.02 | L11: 16.7 | M11: 95.78 | N11: 149.4 | O11: 0.2 | P11: 0.62 | Q11: 6.63
A12: 12-02-2024 01:00 | B12: 4.08 | C12: 57.45 | D12: 35.62 | E12: 0.32 | F12: 3.75 | G12: 66.35 | H12: 26.26 | I12: 1.45 | J12: 0.73 | K12: 102.34 | L12: 16.86 | M12: 92.53 | N12: 150.9 | O12: 0 | P12: 0.61 | Q12: 6.67
A13: 12-02-2024 01:15 | B13: 4.32 | C13: 56.91 | D13: 35.52 | E13: 0.33 | F13: 3.69 | G13: 66.35 | H13: 26.26 | I13: 1.52 | J13: 0.37 | K13: 109.65 | L13: 17.09 | M13: 90.63 | N13: 142.9 | O13: 0 | P13: 0.57 | Q13: 6.69
A14: 12-02-2024 01:30 | B14: 4.35 | C14: 54.62 | D14: 34.28 | E14: 0.36 | F14: 3.32 | G14: 66.35 | H14: 26.26 | I14: 1.46 | J14: 0.26 | K14: 64.05 | L14: 17.22 | M14: 89.84 | N14: 136.9 | O14: 0 | P14: 0.59 | Q14: 6.66
A15: 12-02-2024 01:45 | B15: 4.22 | C15: 54.8 | D15: 34.27 | E15: 0.35 | F15: 3.37 | G15: 65.52 | H15: 28.73 | I15: 1.51 | J15: 0.83 | K15: 102.68 | L15: 17.35 | M15: 87.5 | N15: 137.7 | O15: 0 | P15: 0.57 | Q15: 6.68
A16: 12-02-2024 02:00 | B16: 4.08 | C16: 54.59 | D16: 34.04 | E16: 0.36 | F16: 3.44 | G16: 65.3 | H16: 28.73 | I16: 1.46 | J16: 0.17 | K16: 42.97 | L16: 17.34 | M16: 90.27 | N16: 144.4 | O16: 0 | P16: 0.56 | Q16: 6.71
A17: 12-02-2024 02:15 | B17: 3.96 | C17: 54.42 | D17: 33.86 | E17: 0.34 | F17: 3.49 | G17: 65.3 | H17: 28.73 | I17: 1.49 | J17: 0.39 | K17: 98.87 | L17: 17.38 | M17: 88.97 | N17: 148.3 | O17: 0 | P17: 0.55 | Q17: 6.69
A18: 12-02-2024 02:30 | B18: 3.86 | C18: 54.09 | D18: 33.59 | E18: 0.32 | F18: 3.71 | G18: 65.3 | H18: 28.73 | I18: 1.46 | J18: 0.27 | K18: 348.61 | L18: 17.21 | M18: 90.91 | N18: 152.1 | O18: 0 | P18: 0.55 | Q18: 6.61
A19: 12-02-2024 02:45 | B19: 4.01 | C19: 53.69 | D19: 33.49 | E19: 0.32 | F19: 3.47 | G19: 60.37 | H19: 30.71 | I19: 1.42 | J19: 0.19 | K19: 355.13 | L19: 16.88 | M19: 93.91 | N19: 137.3 | O19: 0 | P19: 0.54 | Q19: 6.63
A20: 12-02-2024 03:00 | B20: 4.16 | C20: 53.53 | D20: 33.52 | E20: 0.29 | F20: 3.3 | G20: 59.05 | H20: 30.71 | I20: 1.49 | J20: 0.19 | K20: 25.29 | L20: 16.6 | M20: 96.45 | N20: 138.1 | O20: 0 | P20: 0.54 | Q20: 6.63
... A53: 12-02-2024 11:15 | B53: 2.54 | C53: 58.28 | D53: 34.84 | E53: 0.27 | F53: 6.9 | G53: 52.48 | H53: 27.72 | I53: 1.5 | J53: 0.51 | K53: 107.1 | L53: 24.5 | M53: 65.39 | N53: 736.8 | O53: 0 | P53: 0.66 | Q53: 6.54
A54: 12-02-2024 11:30 | B54: 2.87 | C54: 60.1 | D54: 36.11 | E54: 0.23 | F54: 5.05 | G54: 52.48 | H54: 27.72 | I54: 1.55 | J54: 0.71 | K54: 138.92 | L54: 24.15 | M54: 65.26 | N54: 775.3 | O54: 0 | P54: Calib. | Q54: 6.42
A55: 12-02-2024 11:45 | B55: 3.18 | C55: 56.68 | D55: 34.48 | E55: Calib. | F55: 4.75 | G55: Calib. | H55: Calib. | I55: 1.5 | J55: 0.44 | K55: 347.91 | L55: 26.05 | M55: 61.86 | N55: 779.8 | O55: 0 | P55: Calib. | Q55: 6.15
A56: 12-02-2024 12:00 | B56: 4.12 | C56: 55.57 | D56: 34.62 | E56: Calib. | F56: 4.34 | G56: Calib. | H56: Calib. | I56: 1.53 | J56: 0.86 | K56: 345.96 | L56: 28.82 | M56: 51.68 | N56: 743.7 | O56: 0 | P56: Calib. | Q56: 6.08
A57: 12-02-2024 12:15 | B57: 4.01 | C57: 58.93 | D57: 36.38 | E57: 0.25 | F57: 5.16 | G57: Calib. | H57: Calib. | I57: 1.47 | J57: 0.17 | K57: 46.57 | L57: 28.01 | M57: 52.62 | N57: 715.6 | O57: 0 | P57: Calib. | Q57: 6.01
A58: 12-02-2024 12:30 | B58: Calib. | C58: Calib. | D58: Calib. | E58: 0.33 | F58: 6.91 | G58: Calib. | H58: Calib. | I58: 1.51 | J58: 0.58 | K58: 352.6 | L58: 27.21 | M58: 56.43 | N58: 673.1 | O58: 0 | P58: 0.71 | Q58: 6.16
A59: 12-02-2024 12:45 | B59: Calib. | C59: Calib. | D59: Calib. | E59: 0.31 | F59: 5.58 | G59: 17.15 | H59: 6.08 | I59: 1.49 | J59: 0.75 | K59: 338.3 | L59: 29.29 | M59: 50.33 | N59: 714.6 | O59: 0 | P59: 0.7 | Q59: 6.36
A60: 12-02-2024 13:00 | B60: Calib. | C60: Calib. | D60: Calib. | E60: 0.27 | F60: 4.63 | G60: 73.51 | H60: 20.37 | I60: 1.63 | J60: 0.68 | K60: 342.16 | L60: 29.8 | M60: 48.69 | N60: 710.6 | O60: 0 | P60: 0.71 | Q60: 6.42
A61: 12-02-2024 13:15 | B61: 4.08 | C61: 61.14 | D61: 37.65 | E61: 0.32 | F61: 4.51 | G61: 73.51 | H61: 20.37 | I61: 1.5 | J61: 0.74 | K61: 329 | L61: 29.82 | M61: 49.14 | N61: 674.9 | O61: 0 | P61: 0.69 | Q61: 6.44
A62: 12-02-2024 13:30 | B62: 3.93 | C62: 60.97 | D62: 37.45 | E62: 0.36 | F62: 6.26 | G62: 73.51 | H62: 20.37 | I62: 1.54 | J62: 0.62 | K62: 332.97 | L62: 30.02 | M62: 48.99 | N62: 658.3 | O62: 0 | P62: 0.72 | Q62: 6.47
A63: 12-02-2024 13:45 | B63: 2.84 | C63: 62.59 | D63: 37.47 | E63: 0.61 | F63: 8.64 | G63: 72.58 | H63: 21.15 | I63: 1.42 | J63: 0.68 | K63: 336.12 | L63: 30.34 | M63: 47.3 | N63: 659.6 | O63: 0 | P63: 0.73 | Q63: 6.47
A64: 12-02-2024 14:00 | B64: 2.33 | C64: 65.08 | D64: 38.43 | E64: 0.4 | F64: 6.25 | G64: 69.34 | H64: 22.97 | I64: 1.55 | J64: 0.18 | K64: 5.38 | L64: 29.21 | M64: 48.78 | N64: 614.7 | O64: 0 | P64: 0.73 | Q64: 6.6
A65: 12-02-2024 14:15 | B65: 2.81 | C65: 65.09 | D65: 38.82 | E65: 0.37 | F65: 5.66 | G65: 69.34 | H65: 22.97 | I65: 1.46 | J65: 0.91 | K65: 340.26 | L65: 28.98 | M65: 52.23 | N65: 543.9 | O65: 0 | P65: 0.75 | Q65: 6.62
A66: 12-02-2024 14:30 | B66: 3.25 | C66: 67.49 | D66: 40.5 | E66: 0.33 | F66: 7.38 | G66: 69.34 | H66: 22.97 | I66: 1.47 | J66: 0.4 | K66: 319.32 | L66: 29.5 | M66: 51.63 | N66: 465.9 | O66: 0 | P66: 0.8 | Q66: 6.73
A67: 12-02-2024 14:45 | B67: 2.9 | C67: 69.64 | D67: 41.41 | E67: 0.38 | F67: 4.85 | G67: 70.58 | H67: 24.32 | I67: 1.49 | J67: 0.47 | K67: 342.52 | L67: 29 | M67: 49.42 | N67: 418.6 | O67: 0 | P67: 0.84 | Q67: 6.91
A68: 12-02-2024 15:00 | B68: 3.25 | C68: 68.45 | D68: 41.03 | E68: 0.34 | F68: 4.28 | G68: 74.94 | H68: 27.49 | I68: 1.46 | J68: 0.02 | K68: 351.91 | L68: 28.19 | M68: 48.69 | N68: 388.1 | O68: 0 | P68: 0.82 | Q68: 6.99
A69: 12-02-2024 15:15 | B69: 3.29 | C69: 66.67 | D69: 40.08 | E69: 0.37 | F69: 4.07 | G69: 74.94 | H69: 27.49 | I69: 1.49 | J69: 0.56 | K69: 350.56 | L69: 27.28 | M69: 55.09 | N69: 332.9 | O69: 0 | P69: 0.81 | Q69: 6.88
A70: 12-02-2024 15:30 | B70: 3.4 | C70: 59.39 | D70: 36.15 | E70: 0.32 | F70: 4.86 | G70: 74.94 | H70: 27.49 | I70: 1.43 | J70: 0.54 | K70: 357.46 | L70: 27.12 | M70: 56.65 | N70: 271.9 | O70: 0 | P70: 0.83 | Q70: 6.49
A71: 12-02-2024 15:45 | B71: 3.47 | C71: 52.66 | D71: 32.49 | E71: 0.27 | F71: 4.56 | G71: 74.2 | H71: 27.57 | I71: 1.48 | J71: 0.43 | K71: 345.48 | L71: 26.69 | M71: 59.22 | N71: 256.1 | O71: 0 | P71: 0.83 | Q71: 6.09
A72: 12-02-2024 16:00 | B72: 3.88 | C72: 61.79 | D72: 37.86 | E72: 0.08 | F72: 4.42 | G72: 71.75 | H72: 27.93 | I72: 1.49 | J72: 0.8 | K72: 355.07 | L72: 26.07 | M72: 63.26 | N72: 224 | O72: 0 | P72: 0.86 | Q72: 6.41
... A104: 12-02-2024 24:00 | B104: 6.43 | C104: 55.31 | D104: 36.33 | E104: 0.06 | F104: 3.12 | G104: 45.27 | H104: 25 | I104: 1.47 | J104: 2.07 | K104: 107.91 | L104: 20.14 | M104: 89.37 | N104: 52.9 | O104: 0 | P104: 0.62 | Q104: 6.64
A106: Min | B106: =MIN(B9:B104) -> 2.33 | C106: =MIN(C9:C104) -> 3.02 | D106: =MIN(D9:D104) -> 31.57 | E106: =MIN(E9:E104) -> 0.06 | F106: =MIN(F9:F104) -> 2.9 | G106: =MIN(G9:G104) -> 17.15 | H106: =MIN(H9:H104) -> 6.08 | I106: =MIN(I9:I104) -> 1.4 | ... Q106: =MIN(Q9:Q104) -> 6.01
A107: Max | B107: =MAX(B9:B104) -> 164.57 | C107: =MAX(C9:C104) -> 72.22 | D107: =MAX(D9:D104) -> 145 | E107: =MAX(E9:E104) -> 0.61 | F107: =MAX(F9:F104) -> 8.64 | G107: =MAX(G9:G104) -> 74.94 | H107: =MAX(H9:H104) -> 31.13 | I107: =MAX(I9:I104) -> 1.63 | ... Q107: =MAX(Q9:Q104) -> 8.39
A108: Avg | B108: =AVERAGE(B9:B104) -> 9.7553763 | C108: =AVERAGE(C9:C104) -> 59.490538 | D108: =AVERAGE(D9:D104) -> 41.415699 | E108: =AVERAGE(E9:E104) -> 0.26255319 | F108: =AVERAGE(F9:F104) -> 3.9578125 | G108: =AVERAGE(G9:G104) -> 61.870543 | H108: =AVERAGE(H9:H104) -> 27.324565 | I108: =AVERAGE(I9:I104) -> 1.5057292 | ... Q108: =AVERAGE(Q9:Q104) -> 6.9090625
A109: Stdev | B109: =STDEV(B9:B104) -> 17.031803 | C109: =STDEV(C9:C104) -> 8.4521599 | D109: =STDEV(D9:D104) -> 12.476899 | E109: =STDEV(E9:E104) -> 0.084126584 | F109: =STDEV(F9:F104) -> 1.205078 | G109: =STDEV(G9:G104) -> 8.6047174 | H109: =STDEV(H9:H104) -> 3.2556498 | I109: =STDEV(I9:I104) -> 0.040981248 | ... Q109: =STDEV(Q9:Q104) -> 0.6122849
A110: Num | B110: =COUNT(B9:B104)+3 -> 96 | C110: =COUNT(C9:C104)+3 -> 96 | D110: =COUNT(D9:D104)+3 -> 96 | E110: =COUNT(E9:E104)+2 -> 96 | F110: =COUNT(F9:F104) -> 96 | G110: =COUNT(G9:G104)+4 -> 96 | H110: =COUNT(H9:H104)+4 -> 96 | I110: =COUNT(I9:I104) -> 96 | J110: =COUNT(J9:J104) -> 96 | K110: =COUNT(K9:K104) -> 96 | L110: =COUNT(L9:L104) -> 96 | M110: =COUNT(M9:M104) -> 96 | N110: =COUNT(N9:N104) -> 96 | O110: =COUNT(O9:O104) -> 96 | P110: =COUNT(P9:P104)+4 -> 96 | Q110: =COUNT(Q9:Q104) -> 96
A111: DCR | B111: =IF(B110>=87,">90%",IF(B110<=87,"<90%")) -> >90% | C111: =IF(C110>=87,">90%",IF(C110<=87,"<90%")) -> >90% | D111: =IF(D110>=87,">90%",IF(D110<=87,"<90%")) -> >90% | E111: =IF(E110>=87,">90%",IF(E110<=87,"<90%")) -> >90% | F111: =IF(F110>=87,">90%",IF(F110<=87,"<90%")) -> >90% | G111: =IF(G110>=87,">90%",IF(G110<=87,"<90%")) -> >90% | H111: =IF(H110>=87,">90%",IF(H110<=87,"<90%")) -> >90% | I111: =IF(I110>=87,">90%",IF(I110<=87,"<90%")) -> >90% | ... Q111: =IF(Q110>=87,">90%",IF(Q110<=87,"<90%")) -> >90%
A112: Status | B112: =IF(B110>=87,"OK",IF(B110<=87,"LESS")) -> OK | C112: =IF(C110>=87,"OK",IF(C110<=87,"LESS")) -> OK | D112: =IF(D110>=87,"OK",IF(D110<=87,"LESS")) -> OK | E112: =IF(E110>=87,"OK",IF(E110<=87,"LESS")) -> OK | F112: =IF(F110>=87,"OK",IF(F110<=87,"LESS")) -> OK | G112: =IF(G110>=87,"OK",IF(G110<=87,"LESS")) -> OK | H112: =IF(H110>=87,"OK",IF(H110<=87,"LESS")) -> OK | I112: =IF(I110>=87,"OK",IF(I110<=87,"LESS")) -> OK | ... Q112: =IF(Q110>=87,"OK",IF(Q110<=87,"LESS")) -> OK
A115: Done by | B115: RK
A117: Comment

Sheet 13
A1: Station: | B1: BHATAGAON RAIPUR
A2: Date: | B2: =$A$9 -> 13-02-2024 00:15 | D2: Power Off | G2: Pw.Off | L2: Link Fail | N2: Link F | P2: Maintenance | R2: Maint.
A3: Report Type: | B3: Mean | D3: Calibration | G3: Calib. | L3: Data Fail | N3: Data F | P3: Invalid | R3: Invalid
A4: Time Base: | B4: 15 Min | D4: Zero Referrence | G4: Z.Ref | L4: Warm Up | N4: Wm. Up
A7: Date & Time | B7: NO_BHATAGAON | C7: NO2__BHATAGAON | D7: NOX_BHATAGAON | E7: SO2__BHATAGAON | F7: O3__BHATAGAON | G7: PM10__BHATAGAON | H7: PM2_5__BHATAGAON | I7: BENZ__BHATAGAON | J7: WS__BHATAGAON | K7: WD__BHATAGAON | L7: TEMP__BHATAGAON | M7: HUM__BHATAGAON | N7: SR__BHATAGAON | O7: RG__BHATAGAON | P7: CO__BHATAGAON | Q7: NH3__BHATAGAON
B8: ug/m3 | C8: ug/m3 | D8: ppb | E8: ug/m3 | F8: ug/m3 | G8: ug/m3 | H8: ug/m3 | I8: ug/m3 | J8: m/sec | K8: deg | L8: degreC | M8: % | N8: w/m2 | O8: mm | P8: mg/m3 | Q8: ug/m3
A9: 13-02-2024 00:15 | B9: 5.72 | C9: 54.25 | D9: 35.18 | E9: 0.2 | F9: 3.69 | G9: 45.27 | H9: 25 | I9: 1.47 | J9: 1.32 | K9: 103.52 | L9: 20.02 | M9: 90.27 | N9: 53.4 | O9: 0 | P9: 0.58 | Q9: 6.29
A10: 13-02-2024 00:30 | B10: 5.3 | C10: 52.94 | D10: 34.11 | E10: 0.24 | F10: 3.34 | G10: 45.27 | H10: 25 | I10: 1.46 | J10: 1.47 | K10: 106.53 | L10: 19.9 | M10: 91.22 | N10: 53.9 | O10: 0 | P10: 0.56 | Q10: 6.07
A11: 13-02-2024 00:45 | B11: 5.04 | C11: 51.04 | D11: 32.86 | E11: 0.13 | F11: 3.11 | G11: 44.11 | H11: 23.29 | I11: 1.47 | J11: 0.51 | K11: 102.88 | L11: 19.74 | M11: 92.63 | N11: 55.2 | O11: 0 | P11: 0.54 | Q11: 5.79
A12: 13-02-2024 01:00 | B12: 5 | C12: 51.91 | D12: 33.31 | E12: 0.14 | F12: 3.33 | G12: 40.29 | H12: 19.28 | I12: 1.54 | J12: 0.77 | K12: 108.24 | L12: 19.66 | M12: 93.67 | N12: 58.1 | O12: 0 | P12: 0.52 | Q12: 5.72
A13: 13-02-2024 01:15 | B13: 5.07 | C13: 51.02 | D13: 32.87 | E13: 0.19 | F13: 3.32 | G13: 40.29 | H13: 19.28 | I13: 1.57 | J13: 0.26 | K13: 93.19 | L13: 19.57 | M13: 94.46 | N13: 61.2 | O13: 0 | P13: 0.53 | Q13: 5.6
A14: 13-02-2024 01:30 | B14: 5.15 | C14: 50.73 | D14: 32.78 | E14: 0.14 | F14: 3.34 | G14: 40.29 | H14: 19.28 | I14: 1.49 | J14: 0.1 | K14: 2.2 | L14: 19.3 | M14: 96.34 | N14: 64.1 | O14: 0 | P14: 0.56 | Q14: 5.44
A15: 13-02-2024 01:45 | B15: 5.64 | C15: 50.43 | D15: 33 | E15: 0.18 | F15: 3.41 | G15: 40.88 | H15: 19.83 | I15: 1.47 | J15: 0.06 | K15: 58.55 | L15: 19.01 | M15: 98.8 | N15: 68.5 | O15: 0 | P15: 0.55 | Q15: 5.51
A16: 13-02-2024 02:00 | B16: 6.22 | C16: 48.13 | D16: 32.2 | E16: 0.17 | F16: 3.41 | G16: 42.93 | H16: 21.14 | I16: 1.48 | J16: 0.09 | K16: 39.81 | L16: 18.91 | M16: 98.86 | N16: 63.7 | O16: 0 | P16: 0.54 | Q16: 5.53
A17: 13-02-2024 02:15 | B17: 6.75 | C17: 49.53 | D17: 33.39 | E17: 0.16 | F17: 3.08 | G17: 42.93 | H17: 21.14 | I17: 1.46 | J17: 0.08 | K17: 29.32 | L17: 18.75 | M17: 99.8 | N17: 57.3 | O17: 0 | P17: 0.53 | Q17: 5.47
A18: 13-02-2024 02:30 | B18: 7.37 | C18: 51.18 | D18: 34.8 | E18: 0.14 | F18: 3.18 | G18: 42.93 | H18: 21.14 | I18: 1.52 | J18: 0.14 | K18: 312.8 | L18: 18.45 | M18: 99.98 | N18: 57.9 | O18: 0 | P18: 0.53 | Q18: 5.77
A19: 13-02-2024 02:45 | B19: 8.23 | C19: 51.97 | D19: 35.93 | E19: 0.13 | F19: 3.19 | G19: 42.75 | H19: 21.33 | I19: 1.53 | J19: 0.03 | K19: 145.91 | L19: 18.03 | M19: 100 | N19: 59.3 | O19: 0 | P19: 0.53 | Q19: 6.21
A20: 13-02-2024 03:00 | B20: 9.21 | C20: 52.89 | D20: 37.22 | E20: 0.12 | F20: 3.27 | G20: 42.11 | H20: 21.77 | I20: 1.44 | J20: 0.12 | K20: 88 | L20: 17.87 | M20: 100 | N20: 57.9 | O20: 0 | P20: 0.52 | Q20: 6.61
... A104: 13-02-2024 24:00 | B104: 124.68 | C104: 73.27 | D104: 141.06 | E104: 0.36 | F104: 3.17 | G104: 124.86 | H104: 45.2 | I104: 1.55 | J104: 0.1 | K104: 290.06 | L104: 17.87 | M104: 95.42 | N104: 110.1 | O104: 0 | P104: 2.41 | Q104: 16.33
A106: Min | B106: =MIN(B9:B104) -> 1.82 | C106: =MIN(C9:C104) -> 48.13 | D106: =MIN(D9:D104) -> 32.2 | E106: =MIN(E9:E104) -> 0.04 | F106: =MIN(F9:F104) -> 2.37 | G106: =MIN(G9:G104) -> 40.29 | H106: =MIN(H9:H104) -> 19.28 | I106: =MIN(I9:I104) -> 1.39 | ... Q106: =MIN(Q9:Q104) -> 0
A107: Max | B107: =MAX(B9:B104) -> 129.59 | C107: =MAX(C9:C104) -> 76.94 | D107: =MAX(D9:D104) -> 146.51 | E107: =MAX(E9:E104) -> 0.46 | F107: =MAX(F9:F104) -> 11.63 | G107: =MAX(G9:G104) -> 131.66 | H107: =MAX(H9:H104) -> 45.2 | I107: =MAX(I9:I104) -> 1.63 | ... Q107: =MAX(Q9:Q104) -> 16.46
A108: Avg | B108: =AVERAGE(B9:B104) -> 29.587187 | C108: =AVERAGE(C9:C104) -> 60.965208 | D108: =AVERAGE(D9:D104) -> 58.018125 | E108: =AVERAGE(E9:E104) -> 0.22708333 | F108: =AVERAGE(F9:F104) -> 3.9876042 | G108: =AVERAGE(G9:G104) -> 69.356146 | H108: =AVERAGE(H9:H104) -> 30.287292 | I108: =AVERAGE(I9:I104) -> 1.496875 | ... Q108: =AVERAGE(Q9:Q104) -> 8.4263542
A109: Stdev | B109: =STDEV(B9:B104) -> 38.086399 | C109: =STDEV(C9:C104) -> 7.8589544 | D109: =STDEV(D9:D104) -> 33.419191 | E109: =STDEV(E9:E104) -> 0.10279173 | F109: =STDEV(F9:F104) -> 1.6131758 | G109: =STDEV(G9:G104) -> 26.215901 | H109: =STDEV(H9:H104) -> 7.0308736 | I109: =STDEV(I9:I104) -> 0.046866271 | ... Q109: =STDEV(Q9:Q104) -> 3.1769827
A110: Num | B110: =COUNT(B9:B104) -> 96 | C110: =COUNT(C9:C104) -> 96 | D110: =COUNT(D9:D104) -> 96 | E110: =COUNT(E9:E104) -> 96 | F110: =COUNT(F9:F104) -> 96 | G110: =COUNT(G9:G104) -> 96 | H110: =COUNT(H9:H104) -> 96 | I110: =COUNT(I9:I104) -> 96 | ... Q110: =COUNT(Q9:Q104) -> 96
A111: DCR | B111: =IF(B110>=87,">90%",IF(B110<=87,"<90%")) -> >90% | C111: =IF(C110>=87,">90%",IF(C110<=87,"<90%")) -> >90% | D111: =IF(D110>=87,">90%",IF(D110<=87,"<90%")) -> >90% | E111: =IF(E110>=87,">90%",IF(E110<=87,"<90%")) -> >90% | F111: =IF(F110>=87,">90%",IF(F110<=87,"<90%")) -> >90% | G111: =IF(G110>=87,">90%",IF(G110<=87,"<90%")) -> >90% | H111: =IF(H110>=87,">90%",IF(H110<=87,"<90%")) -> >90% | I111: =IF(I110>=87,">90%",IF(I110<=87,"<90%")) -> >90% | ... Q111: =IF(Q110>=87,">90%",IF(Q110<=87,"<90%")) -> >90%
A112: Status | B112: =IF(B110>=87,"OK",IF(B110<=87,"LESS")) -> OK | C112: =IF(C110>=87,"OK",IF(C110<=87,"LESS")) -> OK | D112: =IF(D110>=87,"OK",IF(D110<=87,"LESS")) -> OK | E112: =IF(E110>=87,"OK",IF(E110<=87,"LESS")) -> OK | F112: =IF(F110>=87,"OK",IF(F110<=87,"LESS")) -> OK | G112: =IF(G110>=87,"OK",IF(G110<=87,"LESS")) -> OK | H112: =IF(H110>=87,"OK",IF(H110<=87,"LESS")) -> OK | I112: =IF(I110>=87,"OK",IF(I110<=87,"LESS")) -> OK | ... Q112: =IF(Q110>=87,"OK",IF(Q110<=87,"LESS")) -> OK
A115: Done by | B115: RK
A117: Comment

Sheet 14
A1: Station: | B1: BHATAGAON RAIPUR
A2: Date: | B2: =$A$9 -> 14-02-2024 00:15 | D2: Power Off | G2: Pw.Off | L2: Link Fail | N2: Link F | P2: Maintenance | R2: Maint.
A3: Report Type: | B3: Mean | D3: Calibration | G3: Calib. | L3: Data Fail | N3: Data F | P3: Invalid | R3: Invalid
A4: Time Base: | B4: 15 Min | D4: Zero Referrence | G4: Z.Ref | L4: Warm Up | N4: Wm. Up
A7: Date & Time | B7: NO_BHATAGAON | C7: NO2__BHATAGAON | D7: NOX_BHATAGAON | E7: SO2__BHATAGAON | F7: O3__BHATAGAON | G7: PM10__BHATAGAON | H7: PM2_5__BHATAGAON | I7: BENZ__BHATAGAON | J7: WS__BHATAGAON | K7: WD__BHATAGAON | L7: TEMP__BHATAGAON | M7: HUM__BHATAGAON | N7: SR__BHATAGAON | O7: RG__BHATAGAON | P7: CO__BHATAGAON | Q7: NH3__BHATAGAON
B8: ug/m3 | C8: ug/m3 | D8: ppb | E8: ug/m3 | F8: ug/m3 | G8: ug/m3 | H8: ug/m3 | I8: ug/m3 | J8: m/sec | K8: deg | L8: degreC | M8: % | N8: w/m2 | O8: mm | P8: mg/m3 | Q8: ug/m3
A9: 14-02-2024 00:15 | B9: 122.26 | C9: 72.48 | D9: 138.69 | E9: 0.42 | F9: 3.24 | G9: 124.86 | H9: 45.2 | I9: 1.47 | J9: 0.04 | K9: 337.02 | L9: 17.68 | M9: 96.3 | N9: 78.3 | O9: 0 | P9: 2.35 | Q9: 16.17
A10: 14-02-2024 00:30 | B10: 119.11 | C10: 71.94 | D10: 135.87 | E10: 0.47 | F10: 3.46 | G10: 124.86 | H10: 45.2 | I10: 1.54 | J10: 0.04 | K10: 225.11 | L10: 17.52 | M10: 94.1 | N10: 103.2 | O10: 0 | P10: 2.3 | Q10: 15.96
A11: 14-02-2024 00:45 | B11: 115.08 | C11: 71.42 | D11: 132.35 | E11: 0.4 | F11: 3.58 | G11: 120.78 | H11: 43.5 | I11: 1.54 | J11: 0.05 | K11: 271.22 | L11: 17.48 | M11: 90.42 | N11: 107.4 | O11: 0 | P11: 2.23 | Q11: 15.78
A12: 14-02-2024 01:00 | B12: 111.27 | C12: 70.23 | D12: 128.63 | E12: 0.42 | F12: 3.64 | G12: 107.37 | H12: 39.5 | I12: 1.53 | J12: 0.06 | K12: 248.69 | L12: 17.55 | M12: 86.31 | N12: 107.1 | O12: 0 | P12: 2.14 | Q12: 15.47
A13: 14-02-2024 01:15 | B13: 107.12 | C13: 69.55 | D13: 124.93 | E13: 0.44 | F13: 3.47 | G13: 107.37 | H13: 39.5 | I13: 1.48 | J13: 0.07 | K13: 282.43 | L13: 17.49 | M13: 85.59 | N13: 112.9 | O13: 0 | P13: 1.83 | Q13: 15.17
A14: 14-02-2024 01:30 | B14: 102.93 | C14: 68.5 | D14: 120.99 | E14: 0.43 | F14: 3.81 | G14: 107.37 | H14: 39.5 | I14: 1.52 | J14: 0 | K14: 246.12 | L14: 17.11 | M14: 85.64 | N14: 103.8 | O14: 0 | P14: 1.82 | Q14: 14.8
A15: 14-02-2024 01:45 | B15: 98.87 | C15: 67.76 | D15: 117.33 | E15: 0.43 | F15: 3.3 | G15: 105.24 | H15: 39.07 | I15: 1.49 | J15: 0.06 | K15: 194.61 | L15: 16.94 | M15: 86.74 | N15: 94.5 | O15: 0 | P15: 1.78 | Q15: 14.52
A16: 14-02-2024 02:00 | B16: 95.3 | C16: 67.49 | D16: 114.32 | E16: 0.38 | F16: 3.38 | G16: 97.77 | H16: 38.04 | I16: 1.53 | J16: 0.18 | K16: 307.9 | L16: 17.07 | M16: 86.09 | N16: 100.7 | O16: 0 | P16: 1.7 | Q16: 14.23
A17: 14-02-2024 02:15 | B17: 92.01 | C17: 63.75 | D17: 109.61 | E17: 0.38 | F17: 3.54 | G17: 97.77 | H17: 38.04 | I17: 1.47 | J17: 0.24 | K17: 320.93 | L17: 17.54 | M17: 83.56 | N17: 116.2 | O17: 0 | P17: 1.64 | Q17: 13.8
A18: 14-02-2024 02:30 | B18: 87.53 | C18: 61.3 | D18: 104.67 | E18: 0.38 | F18: 3.19 | G18: 97.77 | H18: 38.04 | I18: 1.55 | J18: 0.17 | K18: 289.86 | L18: 17.23 | M18: 90.17 | N18: 117 | O18: 0 | P18: 1.55 | Q18: 13.37
A19: 14-02-2024 02:45 | B19: 82.56 | C19: 61.51 | D19: 100.79 | E19: 0.31 | F19: 3.03 | G19: 93.47 | H19: 36.84 | I19: 1.45 | J19: 0.05 | K19: 261.52 | L19: 16.9 | M19: 91.25 | N19: 117.7 | O19: 0 | P19: 1.47 | Q19: 12.97
A20: 14-02-2024 03:00 | B20: 78.17 | C20: 60.7 | D20: 96.83 | E20: 0.34 | F20: 2.96 | G20: 78.39 | H20: 34.03 | I20: 1.46 | J20: 0.11 | K20: 286.36 | L20: 16.91 | M20: 92.5 | N20: 115.4 | O20: 0 | P20: 1.39 | Q20: 12.6
... A104: 14-02-2024 24:00 | B104: 172.14 | C104: 73.54 | D104: 179.27 | E104: 0.24 | F104: 2.99 | G104: 147.97 | H104: 53.6 | I104: 1.37 | J104: 0.04 | K104: 251.27 | L104: 18.71 | M104: 81.93 | N104: 21.8 | O104: 0 | P104: 2.58 | Q104: 19.44
A106: Min | B106: =MIN(B9:B104) -> 2.55 | C106: =MIN(C9:C104) -> 53.55 | D106: =MIN(D9:D104) -> 34.69 | E106: =MIN(E9:E104) -> 0.09 | F106: =MIN(F9:F104) -> 2.58 | G106: =MIN(G9:G104) -> 26.04 | H106: =MIN(H9:H104) -> 9.57 | I106: =MIN(I9:I104) -> 1.37 | ... Q106: =MIN(Q9:Q104) -> 6.08
A107: Max | B107: =MAX(B9:B104) -> 172.34 | C107: =MAX(C9:C104) -> 73.88 | D107: =MAX(D9:D104) -> 179.27 | E107: =MAX(E9:E104) -> 0.84 | F107: =MAX(F9:F104) -> 5.34 | G107: =MAX(G9:G104) -> 198.97 | H107: =MAX(H9:H104) -> 59.87 | I107: =MAX(I9:I104) -> 1.61 | ... Q107: =MAX(Q9:Q104) -> 19.44
A108: Avg | B108: =AVERAGE(B9:B104) -> 60.108542 | C108: =AVERAGE(C9:C104) -> 64.488646 | D108: =AVERAGE(D9:D104) -> 84.438021 | E108: =AVERAGE(E9:E104) -> 0.28489583 | F108: =AVERAGE(F9:F104) -> 3.4569792 | G108: =AVERAGE(G9:G104) -> 86.997604 | H108: =AVERAGE(H9:H104) -> 30.766667 | I108: =AVERAGE(I9:I104) -> 1.5013542 | ... Q108: =AVERAGE(Q9:Q104) -> 11.027813
A109: Stdev | B109: =STDEV(B9:B104) -> 47.300371 | C109: =STDEV(C9:C104) -> 5.580247 | D109: =STDEV(D9:D104) -> 39.360942 | E109: =STDEV(E9:E104) -> 0.1651538 | F109: =STDEV(F9:F104) -> 0.56999745 | G109: =STDEV(G9:G104) -> 44.805899 | H109: =STDEV(H9:H104) -> 12.173139 | I109: =STDEV(I9:I104) -> 0.045736541 | ... Q109: =STDEV(Q9:Q104) -> 3.5872016
A110: Num | B110: =COUNT(B9:B104) -> 96 | C110: =COUNT(C9:C104) -> 96 | D110: =COUNT(D9:D104) -> 96 | E110: =COUNT(E9:E104) -> 96 | F110: =COUNT(F9:F104) -> 96 | G110: =COUNT(G9:G104) -> 96 | H110: =COUNT(H9:H104) -> 96 | I110: =COUNT(I9:I104) -> 96 | ... Q110: =COUNT(Q9:Q104) -> 96
A111: DCR | B111: =IF(B110>=87,">90%",IF(B110<=87,"<90%")) -> >90% | C111: =IF(C110>=87,">90%",IF(C110<=87,"<90%")) -> >90% | D111: =IF(D110>=87,">90%",IF(D110<=87,"<90%")) -> >90% | E111: =IF(E110>=87,">90%",IF(E110<=87,"<90%")) -> >90% | F111: =IF(F110>=87,">90%",IF(F110<=87,"<90%")) -> >90% | G111: =IF(G110>=87,">90%",IF(G110<=87,"<90%")) -> >90% | H111: =IF(H110>=87,">90%",IF(H110<=87,"<90%")) -> >90% | I111: =IF(I110>=87,">90%",IF(I110<=87,"<90%")) -> >90% | ... Q111: =IF(Q110>=87,">90%",IF(Q110<=87,"<90%")) -> >90%
A112: Status | B112: =IF(B110>=87,"OK",IF(B110<=87,"LESS")) -> OK | C112: =IF(C110>=87,"OK",IF(C110<=87,"LESS")) -> OK | D112: =IF(D110>=87,"OK",IF(D110<=87,"LESS")) -> OK | E112: =IF(E110>=87,"OK",IF(E110<=87,"LESS")) -> OK | F112: =IF(F110>=87,"OK",IF(F110<=87,"LESS")) -> OK | G112: =IF(G110>=87,"OK",IF(G110<=87,"LESS")) -> OK | H112: =IF(H110>=87,"OK",IF(H110<=87,"LESS")) -> OK | I112: =IF(I110>=87,"OK",IF(I110<=87,"LESS")) -> OK | ... Q112: =IF(Q110>=87,"OK",IF(Q110<=87,"LESS")) -> OK
A115: Done by | B115: RK
A117: Comment

Sheet 15
A1: Station: | B1: BHATAGAON RAIPUR
A2: Date: | B2: =$A$9 -> 15-02-2024 00:15 | D2: Power Off | G2: Pw.Off | L2: Link Fail | N2: Link F | P2: Maintenance | R2: Maint.
A3: Report Type: | B3: Mean | D3: Calibration | G3: Calib. | L3: Data Fail | N3: Data F | P3: Invalid | R3: Invalid
A4: Time Base: | B4: 15 Min | D4: Zero Referrence | G4: Z.Ref | L4: Warm Up | N4: Wm. Up
A7: Date & Time | B7: NO_BHATAGAON | C7: NO2__BHATAGAON | D7: NOX_BHATAGAON | E7: SO2__BHATAGAON | F7: O3__BHATAGAON | G7: PM10__BHATAGAON | H7: PM2_5__BHATAGAON | I7: BENZ__BHATAGAON | J7: WS__BHATAGAON | K7: WD__BHATAGAON | L7: TEMP__BHATAGAON | M7: HUM__BHATAGAON | N7: SR__BHATAGAON | O7: RG__BHATAGAON | P7: CO__BHATAGAON | Q7: NH3__BHATAGAON
B8: ug/m3 | C8: ug/m3 | D8: ppb | E8: ug/m3 | F8: ug/m3 | G8: ug/m3 | H8: ug/m3 | I8: ug/m3 | J8: m/sec | K8: deg | L8: degreC | M8: % | N8: w/m2 | O8: mm | P8: mg/m3 | Q8: ug/m3
A9: 15-02-2024 00:15 | B9: 168.32 | C9: 73.97 | D9: 176.45 | E9: 0.35 | F9: 3.33 | G9: 147.97 | H9: 53.6 | I9: 1.54 | J9: 0.05 | K9: 309.17 | L9: 18.62 | M9: 86.68 | N9: 22 | O9: 0 | P9: 2.52 | Q9: 19.24
A10: 15-02-2024 00:30 | B10: 163.23 | C10: 74.42 | D10: 172.61 | E10: 0.41 | F10: 3.52 | G10: 147.97 | H10: 53.6 | I10: 1.53 | J10: 0.25 | K10: 177.45 | L10: 19.03 | M10: 81.66 | N10: 21.2 | O10: 0 | P10: 2.44 | Q10: 18.92
A11: 15-02-2024 00:45 | B11: 156.2 | C11: 74.23 | D11: 166.87 | E11: 0.47 | F11: 3.41 | G11: 128.45 | H11: 48.54 | I11: 1.55 | J11: 0.1 | K11: 203.06 | L11: 19.19 | M11: 76.19 | N11: 21.9 | O11: 0 | P11: 2.34 | Q11: 18.39
A12: 15-02-2024 01:00 | B12: 148.99 | C12: 74.81 | D12: 161.41 | E12: 0.56 | F12: 3.36 | G12: 64.31 | H12: 36.91 | I12: 1.55 | J12: 0.09 | K12: 155.65 | L12: 19.3 | M12: 70.47 | N12: 22 | O12: 0 | P12: 2.24 | Q12: 17.83
A13: 15-02-2024 01:15 | B13: 141.63 | C13: 75.62 | D13: 155.96 | E13: 0.49 | F13: 3.5 | G13: 64.31 | H13: 36.91 | I13: 1.61 | J13: 0.07 | K13: 359.79 | L13: 19 | M13: 70.81 | N13: 22.3 | O13: 0 | P13: 1.83 | Q13: 17.34
A14: 15-02-2024 01:30 | B14: 134.61 | C14: 76.49 | D14: 150.81 | E14: 0.55 | F14: 3.26 | G14: 64.31 | H14: 36.91 | I14: 1.63 | J14: 0.06 | K14: 282.57 | L14: 18.65 | M14: 74.46 | N14: 22.4 | O14: 0 | P14: 1.82 | Q14: 16.84
A15: 15-02-2024 01:45 | B15: 128.15 | C15: 77.44 | D15: 146.15 | E15: 0.51 | F15: 3.06 | G15: 60.87 | H15: 33.74 | I15: 1.5 | J15: 0.17 | K15: 325.94 | L15: 18.43 | M15: 80.26 | N15: 22.3 | O15: 0 | P15: 1.73 | Q15: 16.27
A16: 15-02-2024 02:00 | B16: 122.53 | C16: 78.47 | D16: 142.21 | E16: 0.51 | F16: 3.19 | G16: 48.81 | H16: 26.28 | I16: 1.52 | J16: 0.14 | K16: 335.43 | L16: 18.07 | M16: 80.72 | N16: 22.3 | O16: 0 | P16: 1.65 | Q16: 15.92
A17: 15-02-2024 02:15 | B17: 117.56 | C17: 79.3 | D17: 138.68 | E17: 0.51 | F17: 3.35 | G17: 48.81 | H17: 26.28 | I17: 1.51 | J17: 0.1 | K17: 155.72 | L17: 18.12 | M17: 78.35 | N17: 22 | O17: 0 | P17: 1.56 | Q17: 15.51
A18: 15-02-2024 02:30 | B18: 112.66 | C18: 80.4 | D18: 135.36 | E18: 0.57 | F18: 3.74 | G18: 48.81 | H18: 26.28 | I18: 1.5 | J18: 0.03 | K18: 263.31 | L18: 18.27 | M18: 82.25 | N18: 22.3 | O18: 0 | P18: 1.49 | Q18: 15.04
A19: 15-02-2024 02:45 | B19: 108.43 | C19: 80.17 | D19: 131.84 | E19: 0.6 | F19: 3.19 | G19: 50.58 | H19: 25.12 | I19: 1.48 | J19: 0.09 | K19: 227.81 | L19: 18.03 | M19: 81.72 | N19: 22.3 | O19: 0 | P19: 1.41 | Q19: 14.8
A20: 15-02-2024 03:00 | B20: 105.36 | C20: 59.27 | D20: 117.85 | E20: 0.37 | F20: 3.61 | G20: 56.75 | H20: 22.4 | I20: 1.56 | J20: 0.08 | K20: 257.41 | L20: 17.97 | M20: 81.41 | N20: 22.3 | O20: 0 | P20: 1.34 | Q20: 9.64
... A76: 15-02-2024 17:00 | B76: 8.7 | C76: 78 | D76: 50.67 | E76: 0.02 | F76: 3.88 | G76: 77.25 | H76: 25.25 | I76: 1.51 | J76: 0.66 | K76: 348.67 | L76: 27.31 | M76: 46.32 | N76: 153.7 | O76: 0 | P76: 0.81 | Q76: 52.02
A77: 15-02-2024 17:15 | B77: 10.65 | C77: 73.93 | D77: 49.98 | E77: Data F | F77: 2.3 | G77: 77.25 | H77: 25.25 | I77: 1.49 | J77: 0.65 | K77: 346.04 | L77: 26.74 | M77: 50.86 | N77: 141.2 | O77: 0 | P77: 0.83 | Q77: 30.69
A78: 15-02-2024 17:30 | B78: 12.02 | C78: 87.38 | D78: 58.5 | E78: Data F | F78: 2.62 | G78: 77.25 | H78: 25.25 | I78: 1.48 | J78: 0.73 | K78: 345.86 | L78: 25.62 | M78: 60.62 | N78: 147.1 | O78: 0 | P78: 0.84 | Q78: 23.51
A79: 15-02-2024 17:45 | B79: 13.01 | C79: 92.33 | D79: 62.04 | E79: Data F | F79: 2.76 | G79: 76.84 | H79: 26.51 | I79: 1.53 | J79: 0.49 | K79: 343.24 | L79: 25.09 | M79: 62.05 | N79: 159.4 | O79: 0 | P79: 0.88 | Q79: 16.52
A80: 15-02-2024 18:00 | B80: 14.03 | C80: 101.25 | D80: 67.77 | E80: Data F | F80: 2.91 | G80: 75.41 | H80: 29.46 | I80: 1.5 | J80: 0.31 | K80: 352.55 | L80: 24.66 | M80: 56.99 | N80: 91 | O80: 0 | P80: 0.94 | Q80: 13.58
A81: 15-02-2024 18:15 | B81: 15.36 | C81: 98.08 | D81: 67.09 | E81: Data F | F81: 3.4 | G81: 75.41 | H81: 29.46 | I81: 1.45 | J81: 0.47 | K81: 353.22 | L81: 24.65 | M81: 56.89 | N81: 83.8 | O81: 0 | P81: 1.03 | Q81: 10.28
A82: 15-02-2024 18:30 | B82: 21.45 | C82: 111.83 | D82: 79.56 | E82: 0.32 | F82: 4.78 | G82: 75.41 | H82: 29.46 | I82: 1.52 | J82: 0.3 | K82: 344.3 | L82: 24.21 | M82: 59.33 | N82: 93.5 | O82: 0 | P82: 1.69 | Q82: 10.28
A83: 15-02-2024 18:45 | B83: 17.77 | C83: 132.47 | D83: 88.01 | E83: 0.01 | F83: 3.79 | G83: 75 | H83: 29.11 | I83: 1.5 | J83: 0.51 | K83: 354.94 | L83: 23.85 | M83: 61.32 | N83: 88.6 | O83: 0 | P83: 1.76 | Q83: 7.83
A84: 15-02-2024 19:00 | B84: 18.16 | C84: 128.97 | D84: 86.38 | E84: Data F | F84: 3.17 | G84: 73.66 | H84: 28.28 | I84: 1.53 | J84: 0.38 | K84: 351.7 | L84: 23.87 | M84: 62.62 | N84: 102.3 | O84: 0 | P84: 1.78 | Q84: 8.96
A85: 15-02-2024 19:15 | B85: 19.98 | C85: 118.19 | D85: 81.89 | E85: Data F | F85: 3.25 | G85: 73.66 | H85: 28.28 | I85: 1.5 | J85: 0.12 | K85: 80.12 | L85: 23.71 | M85: 62.62 | N85: 98.6 | O85: 0 | P85: 1.63 | Q85: 8.63
A86: 15-02-2024 19:30 | B86: 21.2 | C86: 109.75 | D86: 78.21 | E86: Data F | F86: 3.41 | G86: 73.66 | H86: 28.28 | I86: 1.43 | J86: 0.27 | K86: 83.74 | L86: 23.54 | M86: 64.47 | N86: 75.7 | O86: 0 | P86: 1.65 | Q86: 8.27
A87: 15-02-2024 19:45 | B87: 21.88 | C87: 101.98 | D87: 74.47 | E87: Data F | F87: 3.43 | G87: 82.2 | H87: 29.43 | I87: 1.53 | J87: 0.22 | K87: 74.56 | L87: 23.35 | M87: 64.12 | N87: 118.4 | O87: 0 | P87: 1.61 | Q87: 7.98
A88: 15-02-2024 20:00 | B88: 22.72 | C88: 98.41 | D88: 73.17 | E88: 0.15 | F88: 3.38 | G88: 110.26 | H88: 34.8 | I88: 1.44 | J88: 0.1 | K88: 61.14 | L88: 23.18 | M88: 64.52 | N88: 47.5 | O88: 0 | P88: 1.67 | Q88: 7.87
A89: 15-02-2024 20:15 | B89: 24.57 | C89: 97.93 | D89: 74.39 | E89: 0.37 | F89: 3.47 | G89: 110.26 | H89: 34.8 | I89: 1.51 | J89: 0.07 | K89: 78.11 | L89: 22.9 | M89: 66.63 | N89: 56.9 | O89: 0 | P89: 1.74 | Q89: 7.9
A90: 15-02-2024 20:30 | B90: 24.98 | C90: 97.46 | D90: 74.46 | E90: 0.43 | F90: 3.6 | G90: 110.26 | H90: 34.8 | I90: 1.53 | J90: 0.16 | K90: 76.84 | L90: 22.61 | M90: 67.31 | N90: 66 | O90: 0 | P90: 1.77 | Q90: 7.78
A91: 15-02-2024 20:45 | B91: 24.47 | C91: 96.62 | D91: 73.59 | E91: 0.5 | F91: 3.37 | G91: 110.47 | H91: 35.12 | I91: 1.54 | J91: 0.2 | K91: 75.74 | L91: 22.61 | M91: 67.53 | N91: 71.4 | O91: 0 | P91: 1.77 | Q91: 7.6
A92: 15-02-2024 21:00 | B92: 24.32 | C92: 95.41 | D92: 72.81 | E92: 0.53 | F92: 3.24 | G92: 111.18 | H92: 35.86 | I92: 1.52 | J92: 0.23 | K92: 89.94 | L92: 22.51 | M92: 67.57 | N92: 72.4 | O92: 0 | P92: 1.75 | Q92: 7.39
A93: 15-02-2024 21:15 | B93: 23.63 | C93: 94.7 | D93: 71.86 | E93: 0.55 | F93: 3.15 | G93: 111.18 | H93: 35.86 | I93: 1.47 | J93: 0.24 | K93: 78.18 | L93: 22.43 | M93: 68.11 | N93: 81.9 | O93: 0 | P93: 1.74 | Q93: 6.94
A94: 15-02-2024 21:30 | B94: 23.26 | C94: 94.29 | D94: 71.33 | E94: 0.61 | F94: 3.17 | G94: 111.18 | H94: 35.86 | I94: 1.49 | J94: 0.14 | K94: 61.6 | L94: 22.1 | M94: 70.15 | N94: 90 | O94: 0 | P94: 1.71 | Q94: 6.36
A95: 15-02-2024 21:45 | B95: 23.75 | C95: 94.37 | D95: 71.77 | E95: 0.61 | F95: 3.07 | G95: 107.42 | H95: 35.9 | I95: 1.48 | J95: 0.12 | K95: 46.49 | L95: 21.84 | M95: 72.15 | N95: 82.9 | O95: 0 | P95: 1.7 | Q95: 6.15
A96: 15-02-2024 22:00 | B96: 26.37 | C96: 94.82 | D96: 74.13 | E96: 0.73 | F96: 3.09 | G96: 94.25 | H96: 36.02 | I96: 1.47 | J96: 0.08 | K96: 12.96 | L96: 21.67 | M96: 72.86 | N96: 74.4 | O96: 0 | P96: 1.71 | Q96: 6.27
A97: 15-02-2024 22:15 | B97: 30.87 | C97: 96 | D97: 78.38 | E97: 0.73 | F97: 3.47 | G97: 94.25 | H97: 36.02 | I97: 1.41 | J97: 0.14 | K97: 10.9 | L97: 21.44 | M97: 74.4 | N97: 74.8 | O97: 0 | P97: 1.75 | Q97: 7.02
A98: 15-02-2024 22:30 | B98: 34.37 | C98: 97.18 | D98: 81.84 | E98: 0.81 | F98: 3.17 | G98: 94.25 | H98: 36.02 | I98: 1.51 | J98: 0.13 | K98: 26.94 | L98: 21.34 | M98: 74.46 | N98: 77.5 | O98: 0 | P98: 1.76 | Q98: 7.28
A99: 15-02-2024 22:45 | B99: 36.21 | C99: 98.36 | D99: 83.97 | E99: 0.83 | F99: 2.87 | G99: 95.24 | H99: 36.53 | I99: 1.38 | J99: 0.06 | K99: 2.23 | L99: 21.4 | M99: 73.08 | N99: 82.7 | O99: 0 | P99: 1.75 | Q99: 7.58
... A104: 15-02-2024 24:00 | B104: 23.98 | C104: 53.04 | D104: 49.14 | E104: 0.23 | F104: 3.49 | G104: 84.44 | H104: 35.72 | I104: 1.44 | J104: 0.33 | K104: 3.17 | L104: 21.35 | M104: 73.21 | N104: 120 | O104: 0 | P104: 1.45 | Q104: 0.52
A106: Min | B106: =MIN(B9:B104) -> 8.22 | C106: =MIN(C9:C104) -> 53.04 | D106: =MIN(D9:D104) -> 49.14 | E106: =MIN(E9:E104) -> 0.01 | F106: =MIN(F9:F104) -> 2.3 | G106: =MIN(G9:G104) -> 48.81 | H106: =MIN(H9:H104) -> 22.4 | I106: =MIN(I9:I104) -> 1.38 | ... Q106: =MIN(Q9:Q104) -> 0
A107: Max | B107: =MAX(B9:B104) -> 168.32 | C107: =MAX(C9:C104) -> 132.47 | D107: =MAX(D9:D104) -> 176.45 | E107: =MAX(E9:E104) -> 0.97 | F107: =MAX(F9:F104) -> 4.78 | G107: =MAX(G9:G104) -> 147.97 | H107: =MAX(H9:H104) -> 53.6 | I107: =MAX(I9:I104) -> 1.63 | ... Q107: =MAX(Q9:Q104) -> 52.02
A108: Avg | B108: =AVERAGE(B9:B104) -> 54.1025 | C108: =AVERAGE(C9:C104) -> 84.209062 | D108: =AVERAGE(D9:D104) -> 90.504583 | E108: =AVERAGE(E9:E104) -> 0.46218391 | F108: =AVERAGE(F9:F104) -> 3.3175 | G108: =AVERAGE(G9:G104) -> 80.183542 | H108: =AVERAGE(H9:H104) -> 29.796354 | I108: =AVERAGE(I9:I104) -> 1.5011458 | ... Q108: =AVERAGE(Q9:Q104) -> 11.475104
A109: Stdev | B109: =STDEV(B9:B104) -> 41.456788 | C109: =STDEV(C9:C104) -> 15.42135 | D109: =STDEV(D9:D104) -> 28.876474 | E109: =STDEV(E9:E104) -> 0.2363798 | F109: =STDEV(F9:F104) -> 0.36289189 | G109: =STDEV(G9:G104) -> 21.3273 | H109: =STDEV(H9:H104) -> 6.2601875 | I109: =STDEV(I9:I104) -> 0.043573768 | ... Q109: =STDEV(Q9:Q104) -> 6.2260282
A110: Num | B110: =COUNT(B9:B104) -> 96 | C110: =COUNT(C9:C104) -> 96 | D110: =COUNT(D9:D104) -> 96 | E110: =COUNT(E9:E104)+9 -> 96 | F110: =COUNT(F9:F104) -> 96 | G110: =COUNT(G9:G104) -> 96 | H110: =COUNT(H9:H104) -> 96 | I110: =COUNT(I9:I104) -> 96 | J110: =COUNT(J9:J104) -> 96 | K110: =COUNT(K9:K104) -> 96 | L110: =COUNT(L9:L104) -> 96 | M110: =COUNT(M9:M104) -> 96 | ... Q110: =COUNT(Q9:Q104) -> 96
A111: DCR | B111: =IF(B110>=87,">90%",IF(B110<=87,"<90%")) -> >90% | C111: =IF(C110>=87,">90%",IF(C110<=87,"<90%")) -> >90% | D111: =IF(D110>=87,">90%",IF(D110<=87,"<90%")) -> >90% | E111: =IF(E110>=87,">90%",IF(E110<=87,"<90%")) -> >90% | F111: =IF(F110>=87,">90%",IF(F110<=87,"<90%")) -> >90% | G111: =IF(G110>=87,">90%",IF(G110<=87,"<90%")) -> >90% | H111: =IF(H110>=87,">90%",IF(H110<=87,"<90%")) -> >90% | I111: =IF(I110>=87,">90%",IF(I110<=87,"<90%")) -> >90% | ... Q111: =IF(Q110>=87,">90%",IF(Q110<=87,"<90%")) -> >90%
A112: Status | B112: =IF(B110>=87,"OK",IF(B110<=87,"LESS")) -> OK | C112: =IF(C110>=87,"OK",IF(C110<=87,"LESS")) -> OK | D112: =IF(D110>=87,"OK",IF(D110<=87,"LESS")) -> OK | E112: =IF(E110>=87,"OK",IF(E110<=87,"LESS")) -> OK | F112: =IF(F110>=87,"OK",IF(F110<=87,"LESS")) -> OK | G112: =IF(G110>=87,"OK",IF(G110<=87,"LESS")) -> OK | H112: =IF(H110>=87,"OK",IF(H110<=87,"LESS")) -> OK | I112: =IF(I110>=87,"OK",IF(I110<=87,"LESS")) -> OK | ... Q112: =IF(Q110>=87,"OK",IF(Q110<=87,"LESS")) -> OK
A115: Done by | B115: RK
A117: Comment

Sheet 16
A1: Station: | B1: BHATAGAON RAIPUR
A2: Date: | B2: =$A$9 -> 16-02-2024 00:15 | D2: Power Off | G2: Pw.Off | L2: Link Fail | N2: Link F | P2: Maintenance | R2: Maint.
A3: Report Type: | B3: Mean | D3: Calibration | G3: Calib. | L3: Data Fail | N3: Data F | P3: Invalid | R3: Invalid
A4: Time Base: | B4: 15 Min | D4: Zero Referrence | G4: Z.Ref | L4: Warm Up | N4: Wm. Up
A7: Date & Time | B7: NO_BHATAGAON | C7: NO2__BHATAGAON | D7: NOX_BHATAGAON | E7: SO2__BHATAGAON | F7: O3__BHATAGAON | G7: PM10__BHATAGAON | H7: PM2_5__BHATAGAON | I7: BENZ__BHATAGAON | J7: WS__BHATAGAON | K7: WD__BHATAGAON | L7: TEMP__BHATAGAON | M7: HUM__BHATAGAON | N7: SR__BHATAGAON | O7: RG__BHATAGAON | P7: CO__BHATAGAON | Q7: NH3__BHATAGAON
B8: ug/m3 | C8: ug/m3 | D8: ppb | E8: ug/m3 | F8: ug/m3 | G8: ug/m3 | H8: ug/m3 | I8: ug/m3 | J8: m/sec | K8: deg | L8: degreC | M8: % | N8: w/m2 | O8: mm | P8: mg/m3 | Q8: ug/m3
A9: 16-02-2024 00:15 | B9: 31.47 | C9: 65.58 | D9: 62.07 | E9: 0.18 | F9: 3.01 | G9: 84.44 | H9: 35.72 | I9: 1.49 | J9: 0.25 | K9: 9.82 | L9: 20.94 | M9: 76.03 | N9: 99.1 | O9: 0 | P9: 1.4 | Q9: 1.94
A10: 16-02-2024 00:30 | B10: 30.94 | C10: 86.92 | D10: 73.43 | E10: 0.1 | F10: 2.76 | G10: 84.44 | H10: 35.72 | I10: 1.49 | J10: 0.2 | K10: 14.65 | L10: 20.58 | M10: 78.55 | N10: 68.8 | O10: 0 | P10: 1.34 | Q10: 4.76
A11: 16-02-2024 00:45 | B11: 30.35 | C11: 86.31 | D11: 72.62 | E11: 0.15 | F11: 2.71 | G11: 81.79 | H11: 35.3 | I11: 1.6 | J11: 0.2 | K11: 25.27 | L11: 20.41 | M11: 78.86 | N11: 82.5 | O11: 0 | P11: 1.29 | Q11: 5.1
A12: 16-02-2024 01:00 | B12: 29.81 | C12: 84.85 | D12: 71.38 | E12: 0.07 | F12: 3.06 | G12: 73.06 | H12: 34.3 | I12: 1.52 | J12: 0.19 | K12: 12.57 | L12: 20.37 | M12: 78.93 | N12: 96 | O12: 0 | P12: 1.23 | Q12: 6.21
A13: 16-02-2024 01:15 | B13: 29.34 | C13: 81.58 | D13: 69.19 | E13: 0.2 | F13: 3.31 | G13: 73.06 | H13: 34.3 | I13: 1.49 | J13: 0.39 | K13: 343.12 | L13: 20.19 | M13: 80.75 | N13: 89.8 | O13: 0 | P13: 1.13 | Q13: 6.38
A14: 16-02-2024 01:30 | B14: 28.67 | C14: 78.84 | D14: 67.15 | E14: 0.15 | F14: 3.43 | G14: 73.06 | H14: 34.3 | I14: 1.58 | J14: 0.61 | K14: 349.91 | L14: 20.04 | M14: 81.55 | N14: 61.6 | O14: 0 | P14: 1.13 | Q14: 7.71
A15: 16-02-2024 01:45 | B15: 27.84 | C15: 75.78 | D15: 64.79 | E15: 0.15 | F15: 3.16 | G15: 72.25 | H15: 33.47 | I15: 1.53 | J15: 0.53 | K15: 349.43 | L15: 19.79 | M15: 82.65 | N15: 66.3 | O15: 0 | P15: 1.08 | Q15: 6.72
A16: 16-02-2024 02:00 | B16: 26.95 | C16: 73.79 | D16: 62.98 | E16: 0.11 | F16: 3.38 | G16: 69.39 | H16: 31.49 | I16: 1.53 | J16: 0.41 | K16: 357.31 | L16: 19.73 | M16: 82.04 | N16: 83.7 | O16: 0 | P16: 1.04 | Q16: 6.58
A17: 16-02-2024 02:15 | B17: 25.95 | C17: 71.75 | D17: 61.05 | E17: 0.14 | F17: 3.3 | G17: 69.39 | H17: 31.49 | I17: 1.46 | J17: 0.24 | K17: 35.89 | L17: 19.58 | M17: 81.78 | N17: 92.9 | O17: 0 | P17: 1 | Q17: 6.27
A18: 16-02-2024 02:30 | B18: 25.14 | C18: 70.02 | D18: 59.45 | E18: 0.12 | F18: 3.35 | G18: 69.39 | H18: 31.49 | I18: 1.46 | J18: 0.31 | K18: 5.97 | L18: 19.55 | M18: 81.04 | N18: 69.7 | O18: 0 | P18: 0.96 | Q18: 5.54
A19: 16-02-2024 02:45 | B19: 24.22 | C19: 68.73 | D19: 58 | E19: 0.07 | F19: 3.2 | G19: 67.09 | H19: 30.63 | I19: 1.45 | J19: 0.49 | K19: 348.58 | L19: 19.57 | M19: 80.9 | N19: 88.3 | O19: 0 | P19: 0.91 | Q19: 5.94
A20: 16-02-2024 03:00 | B20: 23.44 | C20: 68.37 | D20: 57.18 | E20: 0.07 | F20: 3.44 | G20: 59.04 | H20: 28.61 | I20: 1.45 | J20: 0.91 | K20: 349.21 | L20: 19.54 | M20: 79.83 | N20: 69.5 | O20: 0 | P20: 0.88 | Q20: 5.21
... A104: 16-02-2024 24:00 | B104: 40.52 | C104: 66.83 | D104: 70.02 | E104: 0.09 | F104: 3.22 | G104: 131.01 | H104: 53.1 | I104: 1.44 | J104: 0.21 | K104: 358.69 | L104: 20.21 | M104: 87.95 | N104: 35.4 | O104: 0 | P104: 1.35 | Q104: 8.12
A106: Min | B106: =MIN(B9:B104) -> 2.03 | C106: =MIN(C9:C104) -> 46.14 | D106: =MIN(D9:D104) -> 29.79 | E106: =MIN(E9:E104) -> 0.02 | F106: =MIN(F9:F104) -> 2.71 | G106: =MIN(G9:G104) -> 51.85 | H106: =MIN(H9:H104) -> 23.53 | I106: =MIN(I9:I104) -> 1.4 | ... Q106: =MIN(Q9:Q104) -> 0.94
A107: Max | B107: =MAX(B9:B104) -> 40.78 | C107: =MAX(C9:C104) -> 90.4 | D107: =MAX(D9:D104) -> 73.43 | E107: =MAX(E9:E104) -> 0.9 | F107: =MAX(F9:F104) -> 11.99 | G107: =MAX(G9:G104) -> 140.25 | H107: =MAX(H9:H104) -> 54.83 | I107: =MAX(I9:I104) -> 1.6 | ... Q107: =MAX(Q9:Q104) -> 8.39
A108: Avg | B108: =AVERAGE(B9:B104) -> 18.746875 | C108: =AVERAGE(C9:C104) -> 70.290833 | D108: =AVERAGE(D9:D104) -> 54.471875 | E108: =AVERAGE(E9:E104) -> 0.24052083 | F108: =AVERAGE(F9:F104) -> 3.9554167 | G108: =AVERAGE(G9:G104) -> 77.665729 | H108: =AVERAGE(H9:H104) -> 33.416875 | I108: =AVERAGE(I9:I104) -> 1.496875 | ... Q108: =AVERAGE(Q9:Q104) -> 5.5239583
A109: Stdev | B109: =STDEV(B9:B104) -> 11.773447 | C109: =STDEV(C9:C104) -> 7.8735155 | D109: =STDEV(D9:D104) -> 10.951806 | E109: =STDEV(E9:E104) -> 0.18259169 | F109: =STDEV(F9:F104) -> 1.3723034 | G109: =STDEV(G9:G104) -> 26.925417 | H109: =STDEV(H9:H104) -> 8.9384884 | I109: =STDEV(I9:I104) -> 0.042309947 | ... Q109: =STDEV(Q9:Q104) -> 1.051876
A110: Num | B110: =COUNT(B9:B104) -> 96 | C110: =COUNT(C9:C104) -> 96 | D110: =COUNT(D9:D104) -> 96 | E110: =COUNT(E9:E104) -> 96 | F110: =COUNT(F9:F104) -> 96 | G110: =COUNT(G9:G104) -> 96 | H110: =COUNT(H9:H104) -> 96 | I110: =COUNT(I9:I104) -> 96 | ... Q110: =COUNT(Q9:Q104) -> 96
A111: DCR | B111: =IF(B110>=87,">90%",IF(B110<=87,"<90%")) -> >90% | C111: =IF(C110>=87,">90%",IF(C110<=87,"<90%")) -> >90% | D111: =IF(D110>=87,">90%",IF(D110<=87,"<90%")) -> >90% | E111: =IF(E110>=87,">90%",IF(E110<=87,"<90%")) -> >90% | F111: =IF(F110>=87,">90%",IF(F110<=87,"<90%")) -> >90% | G111: =IF(G110>=87,">90%",IF(G110<=87,"<90%")) -> >90% | H111: =IF(H110>=87,">90%",IF(H110<=87,"<90%")) -> >90% | I111: =IF(I110>=87,">90%",IF(I110<=87,"<90%")) -> >90% | ... Q111: =IF(Q110>=87,">90%",IF(Q110<=87,"<90%")) -> >90%
A112: Status | B112: =IF(B110>=87,"OK",IF(B110<=87,"LESS")) -> OK | C112: =IF(C110>=87,"OK",IF(C110<=87,"LESS")) -> OK | D112: =IF(D110>=87,"OK",IF(D110<=87,"LESS")) -> OK | E112: =IF(E110>=87,"OK",IF(E110<=87,"LESS")) -> OK | F112: =IF(F110>=87,"OK",IF(F110<=87,"LESS")) -> OK | G112: =IF(G110>=87,"OK",IF(G110<=87,"LESS")) -> OK | H112: =IF(H110>=87,"OK",IF(H110<=87,"LESS")) -> OK | I112: =IF(I110>=87,"OK",IF(I110<=87,"LESS")) -> OK | ... Q112: =IF(Q110>=87,"OK",IF(Q110<=87,"LESS")) -> OK
A115: Done by | B115: RK
A117: Comment

Sheet 17
A1: Station: | B1: BHATAGAON RAIPUR
A2: Date: | B2: =$A$9 -> 17-02-2024 00:15 | D2: Power Off | G2: Pw.Off | L2: Link Fail | N2: Link F | P2: Maintenance | R2: Maint.
A3: Report Type: | B3: Mean | D3: Calibration | G3: Calib. | L3: Data Fail | N3: Data F | P3: Invalid | R3: Invalid
A4: Time Base: | B4: 15 Min | D4: Zero Referrence | G4: Z.Ref | L4: Warm Up | N4: Wm. Up
A7: Date & Time | B7: NO_BHATAGAON | C7: NO2__BHATAGAON | D7: NOX_BHATAGAON | E7: SO2__BHATAGAON | F7: O3__BHATAGAON | G7: PM10__BHATAGAON | H7: PM2_5__BHATAGAON | I7: BENZ__BHATAGAON | J7: WS__BHATAGAON | K7: WD__BHATAGAON | L7: TEMP__BHATAGAON | M7: HUM__BHATAGAON | N7: SR__BHATAGAON | O7: RG__BHATAGAON | P7: CO__BHATAGAON | Q7: NH3__BHATAGAON
B8: ug/m3 | C8: ug/m3 | D8: ppb | E8: ug/m3 | F8: ug/m3 | G8: ug/m3 | H8: ug/m3 | I8: ug/m3 | J8: m/sec | K8: deg | L8: degreC | M8: % | N8: w/m2 | O8: mm | P8: mg/m3 | Q8: ug/m3
A9: 17-02-2024 00:15 | B9: 40.1 | C9: 66.18 | D9: 69.32 | E9: 0.24 | F9: 3.32 | G9: 131.01 | H9: 53.1 | I9: 1.5 | J9: 0.2 | K9: 135.12 | L9: 20.04 | M9: 88.48 | N9: 35.3 | O9: 0 | P9: 1.33 | Q9: 8.4
A10: 17-02-2024 00:30 | B10: 39.53 | C10: 65.43 | D10: 68.45 | E10: 0.24 | F10: 3.26 | G10: 131.01 | H10: 53.1 | I10: 1.5 | J10: 0.22 | K10: 189.66 | L10: 20 | M10: 88.97 | N10: 35.4 | O10: 0 | P10: 1.31 | Q10: 8.45
A11: 17-02-2024 00:45 | B11: 38.85 | C11: 65.01 | D11: 67.68 | E11: 0.28 | F11: 3.27 | G11: 130.42 | H11: 51.62 | I11: 1.54 | J11: 0.19 | K11: 208.81 | L11: 19.65 | M11: 91.4 | N11: 35.8 | O11: 0 | P11: 1.3 | Q11: 8.25
A12: 17-02-2024 01:00 | B12: 38.18 | C12: 64.33 | D12: 66.77 | E12: 0.3 | F12: 3.28 | G12: 128.47 | H12: 48.14 | I12: 1.48 | J12: 0.04 | K12: 221.51 | L12: 19.47 | M12: 92.42 | N12: 36.4 | O12: 0 | P12: 1.29 | Q12: 7.44
A13: 17-02-2024 01:15 | B13: 37.38 | C13: 63.62 | D13: 65.73 | E13: 0.26 | F13: 3.58 | G13: 128.47 | H13: 48.14 | I13: 1.51 | J13: 0.07 | K13: 344.49 | L13: 19.26 | M13: 94.06 | N13: 36.4 | O13: 0 | P13: 1.2 | Q13: 6.96
A14: 17-02-2024 01:30 | B14: 37.1 | C14: 63.08 | D14: 65.21 | E14: 0.24 | F14: 3.58 | G14: 128.47 | H14: 48.14 | I14: 1.54 | J14: 0.23 | K14: 354.24 | L14: 18.81 | M14: 97.13 | N14: 36.4 | O14: 0 | P14: 1.24 | Q14: 8.23
A15: 17-02-2024 01:45 | B15: 37.46 | C15: 62.94 | D15: 65.42 | E15: 0.28 | F15: 3.52 | G15: 125.87 | H15: 47.79 | I15: 1.58 | J15: 0.06 | K15: 326.54 | L15: 18.48 | M15: 98.69 | N15: 36.6 | O15: 0 | P15: 1.22 | Q15: 7.09
A16: 17-02-2024 02:00 | B16: 37.81 | C16: 62.09 | D16: 65.23 | E16: 0.3 | F16: 3.31 | G16: 116.79 | H16: 46.95 | I16: 1.56 | J16: 0.01 | K16: 144.74 | L16: 18.36 | M16: 98.7 | N16: 36.6 | O16: 0 | P16: 1.19 | Q16: 7.22
A17: 17-02-2024 02:15 | B17: 37.82 | C17: 61.57 | D17: 64.95 | E17: 0.26 | F17: 3.12 | G17: 116.79 | H17: 46.95 | I17: 1.51 | J17: 0.4 | K17: 333.94 | L17: 18.44 | M17: 98.7 | N17: 36.1 | O17: 0 | P17: 1.18 | Q17: 7.31
A18: 17-02-2024 02:30 | B18: 37.5 | C18: 61.8 | D18: 64.83 | E18: 0.28 | F18: 3.42 | G18: 116.79 | H18: 46.95 | I18: 1.48 | J18: 0.58 | K18: 340.73 | L18: 18.56 | M18: 97.75 | N18: 36.3 | O18: 0 | P18: 1.18 | Q18: 7.63
A19: 17-02-2024 02:45 | B19: 36.95 | C19: 61.59 | D19: 64.26 | E19: 0.3 | F19: 3.26 | G19: 117.49 | H19: 48.67 | I19: 1.45 | J19: 0.38 | K19: 336.06 | L19: 18.58 | M19: 94.33 | N19: 36.7 | O19: 0 | P19: 1.16 | Q19: 6.86
A20: 17-02-2024 03:00 | B20: 36.56 | C20: 61.38 | D20: 63.84 | E20: 0.32 | F20: 3.47 | G20: 119.93 | H20: 52.69 | I20: 1.48 | J20: 0.13 | K20: 303.14 | L20: 18.35 | M20: 94.29 | N20: 37.2 | O20: 0 | P20: 1.16 | Q20: 7.64
... A104: 17-02-2024 24:00 | B104: 51.37 | C104: 54.16 | D104: 71.73 | E104: 0.09 | F104: 3.12 | G104: 93.3 | H104: 35.22 | I104: 1.53 | J104: 0.09 | K104: 281.22 | L104: 19.82 | M104: 76.01 | N104: 22.8 | O104: 0 | P104: 1.36 | Q104: 8.46
A106: Min | B106: =MIN(B9:B104) -> 1.04 | C106: =MIN(C9:C104) -> 40.04 | D106: =MIN(D9:D104) -> 23.64 | E106: =MIN(E9:E104) -> 0.07 | F106: =MIN(F9:F104) -> 2.88 | G106: =MIN(G9:G104) -> 43.68 | H106: =MIN(H9:H104) -> 21.39 | I106: =MIN(I9:I104) -> 1.41 | ... Q106: =MIN(Q9:Q104) -> 5.21
A107: Max | B107: =MAX(B9:B104) -> 51.37 | C107: =MAX(C9:C104) -> 89.36 | D107: =MAX(D9:D104) -> 73.1 | E107: =MAX(E9:E104) -> 1.23 | F107: =MAX(F9:F104) -> 46.43 | G107: =MAX(G9:G104) -> 158.8 | H107: =MAX(H9:H104) -> 63.12 | I107: =MAX(I9:I104) -> 1.62 | ... Q107: =MAX(Q9:Q104) -> 8.46
A108: Avg | B108: =AVERAGE(B9:B104) -> 25.912396 | C108: =AVERAGE(C9:C104) -> 61.436562 | D108: =AVERAGE(D9:D104) -> 55.331562 | E108: =AVERAGE(E9:E104) -> 0.27114583 | F108: =AVERAGE(F9:F104) -> 6.1559375 | G108: =AVERAGE(G9:G104) -> 88.786354 | H108: =AVERAGE(H9:H104) -> 34.906146 | I108: =AVERAGE(I9:I104) -> 1.5011458 | ... Q108: =AVERAGE(Q9:Q104) -> 6.5327083
A109: Stdev | B109: =STDEV(B9:B104) -> 17.15082 | C109: =STDEV(C9:C104) -> 7.5490716 | D109: =STDEV(D9:D104) -> 13.957243 | E109: =STDEV(E9:E104) -> 0.1557452 | F109: =STDEV(F9:F104) -> 8.061175 | G109: =STDEV(G9:G104) -> 29.766066 | H109: =STDEV(H9:H104) -> 10.97979 | I109: =STDEV(I9:I104) -> 0.045140011 | ... Q109: =STDEV(Q9:Q104) -> 1.2441412
A110: Num | B110: =COUNT(B9:B104) -> 96 | C110: =COUNT(C9:C104) -> 96 | D110: =COUNT(D9:D104) -> 96 | E110: =COUNT(E9:E104) -> 96 | F110: =COUNT(F9:F104) -> 96 | G110: =COUNT(G9:G104) -> 96 | H110: =COUNT(H9:H104) -> 96 | I110: =COUNT(I9:I104) -> 96 | ... Q110: =COUNT(Q9:Q104) -> 96
A111: DCR | B111: =IF(B110>=87,">90%",IF(B110<=87,"<90%")) -> >90% | C111: =IF(C110>=87,">90%",IF(C110<=87,"<90%")) -> >90% | D111: =IF(D110>=87,">90%",IF(D110<=87,"<90%")) -> >90% | E111: =IF(E110>=87,">90%",IF(E110<=87,"<90%")) -> >90% | F111: =IF(F110>=87,">90%",IF(F110<=87,"<90%")) -> >90% | G111: =IF(G110>=87,">90%",IF(G110<=87,"<90%")) -> >90% | H111: =IF(H110>=87,">90%",IF(H110<=87,"<90%")) -> >90% | I111: =IF(I110>=87,">90%",IF(I110<=87,"<90%")) -> >90% | ... Q111: =IF(Q110>=87,">90%",IF(Q110<=87,"<90%")) -> >90%
A112: Status | B112: =IF(B110>=87,"OK",IF(B110<=87,"LESS")) -> OK | C112: =IF(C110>=87,"OK",IF(C110<=87,"LESS")) -> OK | D112: =IF(D110>=87,"OK",IF(D110<=87,"LESS")) -> OK | E112: =IF(E110>=87,"OK",IF(E110<=87,"LESS")) -> OK | F112: =IF(F110>=87,"OK",IF(F110<=87,"LESS")) -> OK | G112: =IF(G110>=87,"OK",IF(G110<=87,"LESS")) -> OK | H112: =IF(H110>=87,"OK",IF(H110<=87,"LESS")) -> OK | I112: =IF(I110>=87,"OK",IF(I110<=87,"LESS")) -> OK | ... Q112: =IF(Q110>=87,"OK",IF(Q110<=87,"LESS")) -> OK
A115: Done by | B115: RK
A117: Comment

Sheet 18
A1: Station: | B1: BHATAGAON RAIPUR
A2: Date: | B2: =$A$9 -> 18-02-2024 00:15 | D2: Power Off | G2: Pw.Off | L2: Link Fail | N2: Link F | P2: Maintenance | R2: Maint.
A3: Report Type: | B3: Mean | D3: Calibration | G3: Calib. | L3: Data Fail | N3: Data F | P3: Invalid | R3: Invalid
A4: Time Base: | B4: 15 Min | D4: Zero Referrence | G4: Z.Ref | L4: Warm Up | N4: Wm. Up
A7: Date & Time | B7: NO_BHATAGAON | C7: NO2__BHATAGAON | D7: NOX_BHATAGAON | E7: SO2__BHATAGAON | F7: O3__BHATAGAON | G7: PM10__BHATAGAON | H7: PM2_5__BHATAGAON | I7: BENZ__BHATAGAON | J7: WS__BHATAGAON | K7: WD__BHATAGAON | L7: TEMP__BHATAGAON | M7: HUM__BHATAGAON | N7: SR__BHATAGAON | O7: RG__BHATAGAON | P7: CO__BHATAGAON | Q7: NH3__BHATAGAON
B8: ug/m3 | C8: ug/m3 | D8: ppb | E8: ug/m3 | F8: ug/m3 | G8: ug/m3 | H8: ug/m3 | I8: ug/m3 | J8: m/sec | K8: deg | L8: degreC | M8: % | N8: w/m2 | O8: mm | P8: mg/m3 | Q8: ug/m3
A9: 18-02-2024 00:15 | B9: 51.85 | C9: 53.55 | D9: 71.78 | E9: 0.2 | F9: 3.04 | G9: 93.3 | H9: 35.22 | I9: 1.46 | J9: 0.1 | K9: 305.23 | L9: 19.91 | M9: 77.92 | N9: 22.9 | O9: 0 | P9: 1.34 | Q9: 8.48
A10: 18-02-2024 00:30 | B10: 52.26 | C10: 53.12 | D10: 71.87 | E10: 0.19 | F10: 3.1 | G10: 93.3 | H10: 35.22 | I10: 1.47 | J10: 0.14 | K10: 331.2 | L10: 20.17 | M10: 79.58 | N10: 22.7 | O10: 0 | P10: 1.31 | Q10: 8.5
A11: 18-02-2024 00:45 | B11: 53.2 | C11: 52.45 | D11: 72.25 | E11: 0.15 | F11: 3.08 | G11: 94.23 | H11: 34.63 | I11: 1.45 | J11: 0.12 | K11: 292.04 | L11: 20.24 | M11: 78.94 | N11: 23 | O11: 0 | P11: 1.34 | Q11: 8.49
A12: 18-02-2024 01:00 | B12: 53.82 | C12: 52.86 | D12: 72.98 | E12: 0.23 | F12: 3.12 | G12: 97.26 | H12: 33.24 | I12: 1.49 | J12: 0.08 | K12: 348.53 | L12: 20.63 | M12: 74.01 | N12: 22.9 | O12: 0 | P12: 1.29 | Q12: 8.59
A13: 18-02-2024 01:15 | B13: 53.57 | C13: 51.67 | D13: 72.12 | E13: 0.19 | F13: 3.12 | G13: 97.26 | H13: 33.24 | I13: 1.55 | J13: 0.24 | K13: 204.25 | L13: 20.83 | M13: 69.11 | N13: 22.6 | O13: 0 | P13: 1.18 | Q13: 8.6
A14: 18-02-2024 01:30 | B14: 52.13 | C14: 50.91 | D14: 70.54 | E14: 0.18 | F14: 3.17 | G14: 97.26 | H14: 33.24 | I14: 1.56 | J14: 0.21 | K14: 171.06 | L14: 20.7 | M14: 69.52 | N14: 22.9 | O14: 0 | P14: 1.22 | Q14: 8.56
A15: 18-02-2024 01:45 | B15: 50.85 | C15: 50.89 | D15: 69.5 | E15: 0.26 | F15: 3.26 | G15: 92.32 | H15: 33.1 | I15: 1.42 | J15: 0.42 | K15: 146.74 | L15: 20.52 | M15: 71.63 | N15: 22.7 | O15: 0 | P15: 1.21 | Q15: 8.44
A16: 18-02-2024 02:00 | B16: 49.76 | C16: 49.91 | D16: 68.1 | E16: 0.22 | F16: 3.21 | G16: 75 | H16: 32.77 | I16: 1.53 | J16: 0.07 | K16: 243.93 | L16: 20.17 | M16: 75.82 | N16: 23.2 | O16: 0 | P16: 1.19 | Q16: 8.37
A17: 18-02-2024 02:15 | B17: 48.81 | C17: 49.77 | D17: 67.25 | E17: 0.22 | F17: 3.37 | G17: 75 | H17: 32.77 | I17: 1.51 | J17: 0.1 | K17: 57.36 | L17: 19.81 | M17: 78.79 | N17: 23.1 | O17: 0 | P17: 1.17 | Q17: 8.25
A18: 18-02-2024 02:30 | B18: 47.77 | C18: 49.26 | D18: 66.14 | E18: 0.21 | F18: 3.18 | G18: 75 | H18: 32.77 | I18: 1.49 | J18: 0.45 | K18: 111.11 | L18: 20.26 | M18: 74.3 | N18: 21.7 | O18: 0 | P18: 1.16 | Q18: 8.13
A19: 18-02-2024 02:45 | B19: 46.65 | C19: 49.23 | D19: 65.23 | E19: 0.15 | F19: 3.2 | G19: 73.22 | H19: 32.36 | I19: 1.55 | J19: 0.22 | K19: 190.01 | L19: 20.27 | M19: 76.08 | N19: 22.7 | O19: 0 | P19: 1.13 | Q19: 8.05
A20: 18-02-2024 03:00 | B20: 45.54 | C20: 48.63 | D20: 64.01 | E20: 0.2 | F20: 3.25 | G20: 67.01 | H20: 31.39 | I20: 1.46 | J20: 0.1 | K20: 32.21 | L20: 19.88 | M20: 79.82 | N20: 23.4 | O20: 0 | P20: 1.11 | Q20: 8.01
... A104: 18-02-2024 24:00 | B104: 87.55 | C104: 38.06 | D104: 91.86 | E104: 0.14 | F104: 2.57 | G104: 118.73 | H104: 37.86 | I104: 1.5 | J104: 0.18 | K104: 326.59 | L104: 19.42 | M104: 77.82 | N104: 21 | O104: 0 | P104: 1.69 | Q104: 9.1
A106: Min | B106: =MIN(B9:B104) -> 0.68 | C106: =MIN(C9:C104) -> 29.33 | D106: =MIN(D9:D104) -> 17.54 | E106: =MIN(E9:E104) -> 0.05 | F106: =MIN(F9:F104) -> 2.57 | G106: =MIN(G9:G104) -> 46.61 | H106: =MIN(H9:H104) -> 24.1 | I106: =MIN(I9:I104) -> 1.41 | ... Q106: =MIN(Q9:Q104) -> 5.21
A107: Max | B107: =MAX(B9:B104) -> 87.55 | C107: =MAX(C9:C104) -> 70.02 | D107: =MAX(D9:D104) -> 91.86 | E107: =MAX(E9:E104) -> 3.66 | F107: =MAX(F9:F104) -> 73.9 | G107: =MAX(G9:G104) -> 119.18 | H107: =MAX(H9:H104) -> 38.44 | I107: =MAX(I9:I104) -> 1.6 | ... Q107: =MAX(Q9:Q104) -> 9.1
A108: Avg | B108: =AVERAGE(B9:B104) -> 31.773437 | C108: =AVERAGE(C9:C104) -> 43.596458 | D108: =AVERAGE(D9:D104) -> 50.184896 | E108: =AVERAGE(E9:E104) -> 0.41052083 | F108: =AVERAGE(F9:F104) -> 11.101875 | G108: =AVERAGE(G9:G104) -> 78.663125 | H108: =AVERAGE(H9:H104) -> 32.395938 | I108: =AVERAGE(I9:I104) -> 1.4980208 | ... Q108: =AVERAGE(Q9:Q104) -> 6.6567708
A109: Stdev | B109: =STDEV(B9:B104) -> 25.37937 | C109: =STDEV(C9:C104) -> 8.870707 | D109: =STDEV(D9:D104) -> 21.49141 | E109: =STDEV(E9:E104) -> 0.61378613 | F109: =STDEV(F9:F104) -> 16.953655 | G109: =STDEV(G9:G104) -> 19.39817 | H109: =STDEV(H9:H104) -> 3.4430401 | I109: =STDEV(I9:I104) -> 0.042664414 | ... Q109: =STDEV(Q9:Q104) -> 1.3684471
A110: Num | B110: =COUNT(B9:B104) -> 96 | C110: =COUNT(C9:C104) -> 96 | D110: =COUNT(D9:D104) -> 96 | E110: =COUNT(E9:E104) -> 96 | F110: =COUNT(F9:F104) -> 96 | G110: =COUNT(G9:G104) -> 96 | H110: =COUNT(H9:H104) -> 96 | I110: =COUNT(I9:I104) -> 96 | ... Q110: =COUNT(Q9:Q104) -> 96
A111: DCR | B111: =IF(B110>=87,">90%",IF(B110<=87,"<90%")) -> >90% | C111: =IF(C110>=87,">90%",IF(C110<=87,"<90%")) -> >90% | D111: =IF(D110>=87,">90%",IF(D110<=87,"<90%")) -> >90% | E111: =IF(E110>=87,">90%",IF(E110<=87,"<90%")) -> >90% | F111: =IF(F110>=87,">90%",IF(F110<=87,"<90%")) -> >90% | G111: =IF(G110>=87,">90%",IF(G110<=87,"<90%")) -> >90% | H111: =IF(H110>=87,">90%",IF(H110<=87,"<90%")) -> >90% | I111: =IF(I110>=87,">90%",IF(I110<=87,"<90%")) -> >90% | ... Q111: =IF(Q110>=87,">90%",IF(Q110<=87,"<90%")) -> >90%
A112: Status | B112: =IF(B110>=87,"OK",IF(B110<=87,"LESS")) -> OK | C112: =IF(C110>=87,"OK",IF(C110<=87,"LESS")) -> OK | D112: =IF(D110>=87,"OK",IF(D110<=87,"LESS")) -> OK | E112: =IF(E110>=87,"OK",IF(E110<=87,"LESS")) -> OK | F112: =IF(F110>=87,"OK",IF(F110<=87,"LESS")) -> OK | G112: =IF(G110>=87,"OK",IF(G110<=87,"LESS")) -> OK | H112: =IF(H110>=87,"OK",IF(H110<=87,"LESS")) -> OK | I112: =IF(I110>=87,"OK",IF(I110<=87,"LESS")) -> OK | ... Q112: =IF(Q110>=87,"OK",IF(Q110<=87,"LESS")) -> OK
A115: Done by | B115: RK
A117: Comment

Sheet 19
A1: Station: | B1: BHATAGAON RAIPUR
A2: Date: | B2: =$A$9 -> 19-02-2024 00:15 | D2: Power Off | G2: Pw.Off | L2: Link Fail | N2: Link F | P2: Maintenance | R2: Maint.
A3: Report Type: | B3: Mean | D3: Calibration | G3: Calib. | L3: Data Fail | N3: Data F | P3: Invalid | R3: Invalid
A4: Time Base: | B4: 15 Min | D4: Zero Referrence | G4: Z.Ref | L4: Warm Up | N4: Wm. Up
A7: Date & Time | B7: NO_BHATAGAON | C7: NO2__BHATAGAON | D7: NOX_BHATAGAON | E7: SO2__BHATAGAON | F7: O3__BHATAGAON | G7: PM10__BHATAGAON | H7: PM2_5__BHATAGAON | I7: BENZ__BHATAGAON | J7: WS__BHATAGAON | K7: WD__BHATAGAON | L7: TEMP__BHATAGAON | M7: HUM__BHATAGAON | N7: SR__BHATAGAON | O7: RG__BHATAGAON | P7: CO__BHATAGAON | Q7: NH3__BHATAGAON
B8: ug/m3 | C8: ug/m3 | D8: ppb | E8: ug/m3 | F8: ug/m3 | G8: ug/m3 | H8: ug/m3 | I8: ug/m3 | J8: m/sec | K8: deg | L8: degreC | M8: % | N8: w/m2 | O8: mm | P8: mg/m3 | Q8: ug/m3
A9: 19-02-2024 00:15 | B9: 86.72 | C9: 37.61 | D9: 90.94 | E9: 0.33 | F9: 3.19 | G9: 118.73 | H9: 37.86 | I9: 1.58 | J9: 0.34 | K9: 175.16 | L9: 19.57 | M9: 72.35 | N9: 19.7 | O9: 0 | P9: 1.67 | Q9: 9.14
A10: 19-02-2024 00:30 | B10: 83.35 | C10: 37.81 | D10: 88.35 | E10: 0.24 | F10: 3 | G10: 118.73 | H10: 37.86 | I10: 1.53 | J10: 0.18 | K10: 204.22 | L10: 20.63 | M10: 60.71 | N10: 19.8 | O10: 0 | P10: 1.63 | Q10: 9.01
A11: 19-02-2024 00:45 | B11: 78.52 | C11: 37.58 | D11: 84.35 | E11: 0.34 | F11: 2.78 | G11: 114.98 | H11: 35.92 | I11: 1.53 | J11: 0.1 | K11: 222.14 | L11: 20.16 | M11: 64.16 | N11: 20.8 | O11: 0 | P11: 1.56 | Q11: 8.76
A12: 19-02-2024 01:00 | B12: 74.17 | C12: 36.7 | D12: 80.38 | E12: 0.29 | F12: 2.85 | G12: 102.66 | H12: 31.47 | I12: 1.54 | J12: 0.34 | K12: 169.63 | L12: 19.96 | M12: 65.38 | N12: 20.1 | O12: 0 | P12: 1.5 | Q12: 8.53
A13: 19-02-2024 01:15 | B13: 69.68 | C13: 36.53 | D13: 76.68 | E13: 0.29 | F13: 2.77 | G13: 102.66 | H13: 31.47 | I13: 1.54 | J13: 0.31 | K13: 145.13 | L13: 19.99 | M13: 65.74 | N13: 20.7 | O13: 0 | P13: 1.3 | Q13: 8.15
A14: 19-02-2024 01:30 | B14: 65.02 | C14: 35.96 | D14: 72.63 | E14: 0.33 | F14: 2.6 | G14: 102.66 | H14: 31.47 | I14: 1.48 | J14: 0.52 | K14: 175.11 | L14: 19.88 | M14: 66.43 | N14: 20 | O14: 0 | P14: 1.29 | Q14: 7.89
A15: 19-02-2024 01:45 | B15: 60.58 | C15: 37.12 | D15: 69.71 | E15: 0.31 | F15: 2.54 | G15: 96.57 | H15: 30.91 | I15: 1.5 | J15: 0.23 | K15: 145.27 | L15: 19.65 | M15: 68.1 | N15: 20.8 | O15: 0 | P15: 1.24 | Q15: 7.54
A16: 19-02-2024 02:00 | B16: 57.5 | C16: 39.26 | D16: 68.42 | E16: 0.28 | F16: 3.21 | G16: 75.26 | H16: 29.62 | I16: 1.48 | J16: 0.33 | K16: 148.88 | L16: 19.65 | M16: 68.63 | N16: 20.4 | O16: 0 | P16: 1.2 | Q16: 7.25
A17: 19-02-2024 02:15 | B17: 54.63 | C17: 39.56 | D17: 66.28 | E17: 0.23 | F17: 3.14 | G17: 75.26 | H17: 29.62 | I17: 1.45 | J17: 0.28 | K17: 149.83 | L17: 19.45 | M17: 71.62 | N17: 20.5 | O17: 0 | P17: 1.16 | Q17: 7.08
A18: 19-02-2024 02:30 | B18: 52.64 | C18: 39.01 | D18: 64.39 | E18: 0.29 | F18: 3.09 | G18: 75.26 | H18: 29.62 | I18: 1.53 | J18: 0.15 | K18: 346.75 | L18: 18.82 | M18: 77.79 | N18: 21.3 | O18: 0 | P18: 1.12 | Q18: 6.98
A19: 19-02-2024 02:45 | B19: 51.03 | C19: 37.72 | D19: 62.39 | E19: 0.21 | F19: 3.37 | G19: 71.33 | H19: 28.78 | I19: 1.48 | J19: 0.12 | K19: 357.87 | L19: 18.34 | M19: 81.33 | N19: 21 | O19: 0 | P19: 1.09 | Q19: 6.82
A20: 19-02-2024 03:00 | B20: 49.56 | C20: 37.7 | D20: 61.19 | E20: 0.18 | F20: 4.03 | G20: 57.59 | H20: 26.8 | I20: 1.44 | J20: 0.29 | K20: 347.23 | L20: 18.1 | M20: 85.94 | N20: 20.9 | O20: 0 | P20: 1.06 | Q20: 6.74
... A104: 19-02-2024 24:00 | B104: 59.85 | C104: 48.36 | D104: 75.33 | E104: 0.19 | F104: 3.18 | G104: 95.28 | H104: 35.58 | I104: 1.46 | J104: 0.98 | K104: 157.47 | L104: 21.24 | M104: 76.85 | N104: 19.8 | O104: 0 | P104: 1.64 | Q104: 8.38
A106: Min | B106: =MIN(B9:B104) -> 1.57 | C106: =MIN(C9:C104) -> 32.2 | D106: =MIN(D9:D104) -> 22.99 | E106: =MIN(E9:E104) -> 0.03 | F106: =MIN(F9:F104) -> 2.46 | G106: =MIN(G9:G104) -> 12.48 | H106: =MIN(H9:H104) -> 22.54 | I106: =MIN(I9:I104) -> 1.36 | ... Q106: =MIN(Q9:Q104) -> 5.21
A107: Max | B107: =MAX(B9:B104) -> 86.72 | C107: =MAX(C9:C104) -> 70.52 | D107: =MAX(D9:D104) -> 91.4 | E107: =MAX(E9:E104) -> 0.47 | F107: =MAX(F9:F104) -> 17.04 | G107: =MAX(G9:G104) -> 152.26 | H107: =MAX(H9:H104) -> 56.19 | I107: =MAX(I9:I104) -> 1.6 | ... Q107: =MAX(Q9:Q104) -> 9.37
A108: Avg | B108: =AVERAGE(B9:B104) -> 33.267396 | C108: =AVERAGE(C9:C104) -> 44.698437 | D108: =AVERAGE(D9:D104) -> 51.991354 | E108: =AVERAGE(E9:E104) -> 0.23083333 | F108: =AVERAGE(F9:F104) -> 4.4351042 | G108: =AVERAGE(G9:G104) -> 93.003229 | H108: =AVERAGE(H9:H104) -> 33.879271 | I108: =AVERAGE(I9:I104) -> 1.4890625 | ... Q108: =AVERAGE(Q9:Q104) -> 6.2360417
A109: Stdev | B109: =STDEV(B9:B104) -> 24.891066 | C109: =STDEV(C9:C104) -> 9.1851851 | D109: =STDEV(D9:D104) -> 18.696227 | E109: =STDEV(E9:E104) -> 0.11084999 | F109: =STDEV(F9:F104) -> 2.493696 | G109: =STDEV(G9:G104) -> 37.865147 | H109: =STDEV(H9:H104) -> 9.6242321 | I109: =STDEV(I9:I104) -> 0.044368745 | ... Q109: =STDEV(Q9:Q104) -> 1.2731978
A110: Num | B110: =COUNT(B9:B104) -> 96 | C110: =COUNT(C9:C104) -> 96 | D110: =COUNT(D9:D104) -> 96 | E110: =COUNT(E9:E104) -> 96 | F110: =COUNT(F9:F104) -> 96 | G110: =COUNT(G9:G104) -> 96 | H110: =COUNT(H9:H104) -> 96 | I110: =COUNT(I9:I104) -> 96 | ... Q110: =COUNT(Q9:Q104) -> 96
A111: DCR | B111: =IF(B110>=87,">90%",IF(B110<=87,"<90%")) -> >90% | C111: =IF(C110>=87,">90%",IF(C110<=87,"<90%")) -> >90% | D111: =IF(D110>=87,">90%",IF(D110<=87,"<90%")) -> >90% | E111: =IF(E110>=87,">90%",IF(E110<=87,"<90%")) -> >90% | F111: =IF(F110>=87,">90%",IF(F110<=87,"<90%")) -> >90% | G111: =IF(G110>=87,">90%",IF(G110<=87,"<90%")) -> >90% | H111: =IF(H110>=87,">90%",IF(H110<=87,"<90%")) -> >90% | I111: =IF(I110>=87,">90%",IF(I110<=87,"<90%")) -> >90% | ... Q111: =IF(Q110>=87,">90%",IF(Q110<=87,"<90%")) -> >90%
A112: Status | B112: =IF(B110>=87,"OK",IF(B110<=87,"LESS")) -> OK | C112: =IF(C110>=87,"OK",IF(C110<=87,"LESS")) -> OK | D112: =IF(D110>=87,"OK",IF(D110<=87,"LESS")) -> OK | E112: =IF(E110>=87,"OK",IF(E110<=87,"LESS")) -> OK | F112: =IF(F110>=87,"OK",IF(F110<=87,"LESS")) -> OK | G112: =IF(G110>=87,"OK",IF(G110<=87,"LESS")) -> OK | H112: =IF(H110>=87,"OK",IF(H110<=87,"LESS")) -> OK | I112: =IF(I110>=87,"OK",IF(I110<=87,"LESS")) -> OK | ... Q112: =IF(Q110>=87,"OK",IF(Q110<=87,"LESS")) -> OK
A115: Done by | B115: RK
A117: Comment

Sheet 20
A1: Station: | B1: BHATAGAON RAIPUR
A2: Date: | B2: =$A$9 -> 20-02-2024 00:15 | D2: Power Off | G2: Pw.Off | L2: Link Fail | N2: Link F | P2: Maintenance | R2: Maint.
A3: Report Type: | B3: Mean | D3: Calibration | G3: Calib. | L3: Data Fail | N3: Data F | P3: Invalid | R3: Invalid
A4: Time Base: | B4: 15 Min | D4: Zero Referrence | G4: Z.Ref | L4: Warm Up | N4: Wm. Up
A7: Date & Time | B7: NO_BHATAGAON | C7: NO2__BHATAGAON | D7: NOX_BHATAGAON | E7: SO2__BHATAGAON | F7: O3__BHATAGAON | G7: PM10__BHATAGAON | H7: PM2_5__BHATAGAON | I7: BENZ__BHATAGAON | J7: WS__BHATAGAON | K7: WD__BHATAGAON | L7: TEMP__BHATAGAON | M7: HUM__BHATAGAON | N7: SR__BHATAGAON | O7: RG__BHATAGAON | P7: CO__BHATAGAON | Q7: NH3__BHATAGAON
B8: ug/m3 | C8: ug/m3 | D8: ppb | E8: ug/m3 | F8: ug/m3 | G8: ug/m3 | H8: ug/m3 | I8: ug/m3 | J8: m/sec | K8: deg | L8: degreC | M8: % | N8: w/m2 | O8: mm | P8: mg/m3 | Q8: ug/m3
A9: 20-02-2024 00:15 | B9: 55.17 | C9: 48.29 | D9: 71.54 | E9: 0.24 | F9: 3.2 | G9: 95.28 | H9: 35.58 | I9: 1.49 | J9: 0.55 | K9: 160.22 | L9: 21.23 | M9: 74.2 | N9: 20.6 | O9: 0 | P9: 1.56 | Q9: 8.09
A10: 20-02-2024 00:30 | B10: 50.9 | C10: 47.73 | D10: 67.81 | E10: 0.24 | F10: 3.24 | G10: 95.28 | H10: 35.58 | I10: 1.44 | J10: 0.02 | K10: 294.74 | L10: 20.92 | M10: 75.14 | N10: 21.2 | O10: 0 | P10: 1.5 | Q10: 7.82
A11: 20-02-2024 00:45 | B11: 47.03 | C11: 46.6 | D11: 64.08 | E11: 0.21 | F11: 3.38 | G11: 87.88 | H11: 33.58 | I11: 1.52 | J11: 0.16 | K11: 165.78 | L11: 20.54 | M11: 77.59 | N11: 21.1 | O11: 0 | P11: 1.44 | Q11: 7.49
A12: 20-02-2024 01:00 | B12: 45.2 | C12: 44.23 | D12: 61.3 | E12: 0.27 | F12: 3.85 | G12: 63.57 | H12: 28.98 | I12: 1.49 | J12: 0.08 | K12: 326.21 | L12: 20.07 | M12: 81.96 | N12: 21.2 | O12: 0 | P12: 1.41 | Q12: 7.17
A13: 20-02-2024 01:15 | B13: 43.97 | C13: 43.87 | D13: 60.12 | E13: 0.24 | F13: 3.55 | G13: 63.57 | H13: 28.98 | I13: 1.54 | J13: 0.26 | K13: 156.83 | L13: 19.81 | M13: 84.76 | N13: 20.6 | O13: 0 | P13: 1.33 | Q13: 7.03
A14: 20-02-2024 01:30 | B14: 42.87 | C14: 42.8 | D14: 58.65 | E14: 0.28 | F14: 3.32 | G14: 63.57 | H14: 28.98 | I14: 1.53 | J14: 0.11 | K14: 314.51 | L14: 19.77 | M14: 85.27 | N14: 21.1 | O14: 0 | P14: 1.34 | Q14: 6.88
A15: 20-02-2024 01:45 | B15: 41.79 | C15: 42.94 | D15: 57.86 | E15: 0.27 | F15: 3.56 | G15: 63.87 | H15: 29.29 | I15: 1.45 | J15: 0.28 | K15: 178.3 | L15: 19.99 | M15: 82.82 | N15: 20 | O15: 0 | P15: 1.31 | Q15: 6.79
A16: 20-02-2024 02:00 | B16: 40.7 | C16: 42.75 | D16: 56.87 | E16: 0.28 | F16: 3.5 | G16: 64.92 | H16: 30.03 | I16: 1.52 | J16: 0.2 | K16: 148.27 | L16: 20.52 | M16: 79.92 | N16: 20.7 | O16: 0 | P16: 1.27 | Q16: 6.75
A17: 20-02-2024 02:15 | B17: 39.47 | C17: 41.51 | D17: 55.21 | E17: 0.28 | F17: 3.6 | G17: 64.92 | H17: 30.03 | I17: 1.51 | J17: 0.22 | K17: 180.89 | L17: 20.57 | M17: 78.59 | N17: 20.9 | O17: 0 | P17: 1.26 | Q17: 6.63
A18: 20-02-2024 02:30 | B18: 38.11 | C18: 41.65 | D18: 54.19 | E18: 0.25 | F18: 3.52 | G18: 64.92 | H18: 30.03 | I18: 1.49 | J18: 0.22 | K18: 148.5 | L18: 20.74 | M18: 74.84 | N18: 21 | O18: 0 | P18: 1.23 | Q18: 6.53
A19: 20-02-2024 02:45 | B19: 36.35 | C19: 41.6 | D19: 52.75 | E19: 0.25 | F19: 3.06 | G19: 60.61 | H19: 29.03 | I19: 1.52 | J19: 0.22 | K19: 157.88 | L19: 20.59 | M19: 75.57 | N19: 21.3 | O19: 0 | P19: 1.2 | Q19: 6.29
A20: 20-02-2024 03:00 | B20: 33.96 | C20: 41.23 | D20: 50.63 | E20: 0.22 | F20: 3.57 | G20: 45.52 | H20: 26.69 | I20: 1.52 | J20: 0.12 | K20: 132.83 | L20: 20.37 | M20: 77.18 | N20: 21.4 | O20: 0 | P20: 1.16 | Q20: 5.67
... A52: 20-02-2024 11:00 | B52: 2.12 | C52: 54.17 | D52: 32.24 | E52: 0.02 | F52: 6.26 | G52: 57.81 | H52: 35.57 | I52: 1.56 | J52: 0.29 | K52: 13.08 | L52: 29.96 | M52: 29.76 | N52: 753.6 | O52: 0 | P52: 0.41 | Q52: 5.21
A53: 20-02-2024 11:15 | B53: 1.91 | C53: 52.73 | D53: 31.28 | E53: Data F | F53: 6.45 | G53: 57.81 | H53: 35.57 | I53: 1.55 | J53: 0.34 | K53: 8.58 | L53: 29.73 | M53: 30.17 | N53: 775.1 | O53: 0 | P53: 0.39 | Q53: 5.21
A54: 20-02-2024 11:30 | B54: 1.85 | C54: 51.84 | D54: 30.74 | E54: Data F | F54: 6.9 | G54: 57.81 | H54: 35.57 | I54: 1.56 | J54: 0.37 | K54: 24.57 | L54: 30.53 | M54: 28.14 | N54: 790.7 | O54: 0 | P54: 0.38 | Q54: 5.21
A55: 20-02-2024 11:45 | B55: 1.81 | C55: 51.58 | D55: 30.57 | E55: 0.01 | F55: 7.83 | G55: 56.33 | H55: 50.54 | I55: 1.48 | J55: 0.35 | K55: 9.1 | L55: 30.32 | M55: 29.59 | N55: 785.5 | O55: 0 | P55: 0.35 | Q55: 5.21
A56: 20-02-2024 12:00 | B56: 1.75 | C56: 51.45 | D56: 30.44 | E56: 0.06 | F56: 8.01 | G56: 51.14 | H56: 120.92 | I56: 1.58 | J56: 0.42 | K56: 8.81 | L56: 30.81 | M56: 28.57 | N56: 784.5 | O56: 0 | P56: 0.36 | Q56: 5.21
A57: 20-02-2024 12:15 | B57: 1.75 | C57: 53.39 | D57: 31.51 | E57: 0.12 | F57: 7.8 | G57: 51.14 | H57: 120.92 | I57: 1.57 | J57: 0.24 | K57: 12.87 | L57: 30.33 | M57: 30.12 | N57: 796.5 | O57: 0 | P57: 0.41 | Q57: 5.21
A58: 20-02-2024 12:30 | B58: 1.66 | C58: 54.6 | D58: 32.11 | E58: 0.13 | F58: 7.2 | G58: 51.14 | H58: 120.92 | I58: 1.4 | J58: 0.45 | K58: 346.54 | L58: 30.92 | M58: 30.24 | N58: 785.8 | O58: 0 | P58: 0.45 | Q58: 5.21
A59: 20-02-2024 12:45 | B59: 1.65 | C59: 54.94 | D59: 32.29 | E59: 0.12 | F59: 6.83 | G59: 52.83 | H59: 90.31 | I59: 1.44 | J59: 0.97 | K59: 323.72 | L59: 31.84 | M59: 27.68 | N59: 799.9 | O59: 0 | P59: 0.45 | Q59: 5.21
A60: 20-02-2024 13:00 | B60: 1.9 | C60: 55.15 | D60: 32.6 | E60: 0.08 | F60: 6.41 | G60: 58.73 | H60: 18.37 | I60: 1.54 | J60: 1.04 | K60: 316.51 | L60: 33.41 | M60: 24.5 | N60: 798.1 | O60: 0 | P60: 0.44 | Q60: 5.21
A61: 20-02-2024 13:15 | B61: 2.18 | C61: 55.53 | D61: 33.04 | E61: 0.09 | F61: 5.97 | G61: 58.73 | H61: 18.37 | I61: 1.46 | J61: 0.58 | K61: 329.12 | L61: 34 | M61: 21.89 | N61: 785.7 | O61: 0 | P61: 0.48 | Q61: 5.21
A62: 20-02-2024 13:30 | B62: 2.21 | C62: 54.79 | D62: 32.66 | E62: 0.07 | F62: 5.92 | G62: 58.73 | H62: 18.37 | I62: 1.48 | J62: 1.17 | K62: 316.04 | L62: 33.99 | M62: 20.8 | N62: 766.8 | O62: 0 | P62: 0.5 | Q62: 5.21
A63: 20-02-2024 13:45 | B63: 2.35 | C63: 54.41 | D63: 32.56 | E63: 0.16 | F63: 5.57 | G63: 55.61 | H63: 53.57 | I63: 1.43 | J63: 0.9 | K63: 310.23 | L63: 34.25 | M63: 17.7 | N63: 743.7 | O63: 0 | P63: 0.48 | Q63: 5.21
A64: 20-02-2024 14:00 | B64: 2.39 | C64: 53.75 | D64: 32.22 | E64: 0.03 | F64: 5.63 | G64: 45.33 | H64: 136.3 | I64: 1.46 | J64: 0.59 | K64: 320.55 | L64: 33.83 | M64: 18.07 | N64: 706.5 | O64: 0 | P64: 0.47 | Q64: 5.21
A65: 20-02-2024 14:15 | B65: 2.37 | C65: 52.84 | D65: 31.71 | E65: 0.07 | F65: 5.62 | G65: 45.33 | H65: 136.3 | I65: 1.53 | J65: 1.15 | K65: 318.65 | L65: 33.72 | M65: 19.52 | N65: 636.8 | O65: 0 | P65: 0.45 | Q65: 5.21
A66: 20-02-2024 14:30 | B66: 2.49 | C66: 51.84 | D66: 31.25 | E66: 0.04 | F66: 5.19 | G66: 45.33 | H66: 136.3 | I66: 1.46 | J66: 0.92 | K66: 324.97 | L66: 34.01 | M66: 19.9 | N66: 612.1 | O66: 0 | P66: 0.44 | Q66: 5.21
... A104: 20-02-2024 24:00 | B104: 57.22 | C104: 52.32 | D104: 75.41 | E104: 0.03 | F104: 3.11 | G104: 73.56 | H104: 26.82 | I104: 1.44 | J104: 0.08 | K104: 299.9 | L104: 19.75 | M104: 57.19 | N104: 23.5 | O104: 0 | P104: 1.14 | Q104: 8.21
A106: Min | B106: =MIN(B9:B104) -> 1.65 | C106: =MIN(C9:C104) -> 40 | D106: =MIN(D9:D104) -> 29.54 | E106: =MIN(E9:E104) -> 0.01 | F106: =MIN(F9:F104) -> 2.72 | G106: =MIN(G9:G104) -> 26.59 | H106: =MIN(H9:H104) -> 1.91 | I106: =MIN(I9:I104) -> 1.4 | ... Q106: =MIN(Q9:Q104) -> 5.21
A107: Max | B107: =MAX(B9:B104) -> 68.75 | C107: =MAX(C9:C104) -> 63.64 | D107: =MAX(D9:D104) -> 88 | E107: =MAX(E9:E104) -> 0.3 | F107: =MAX(F9:F104) -> 8.01 | G107: =MAX(G9:G104) -> 95.28 | H107: =MAX(H9:H104) -> 136.3 | I107: =MAX(I9:I104) -> 1.61 | ... Q107: =MAX(Q9:Q104) -> 9.16
A108: Avg | B108: =AVERAGE(B9:B104) -> 22.099167 | C108: =AVERAGE(C9:C104) -> 50.426979 | D108: =AVERAGE(D9:D104) -> 46.196563 | E108: =AVERAGE(E9:E104) -> 0.1393617 | F108: =AVERAGE(F9:F104) -> 4.1327083 | G108: =AVERAGE(G9:G104) -> 54.186667 | H108: =AVERAGE(H9:H104) -> 31.596354 | I108: =AVERAGE(I9:I104) -> 1.4960417 | ... Q108: =AVERAGE(Q9:Q104) -> 5.8501042
A109: Stdev | B109: =STDEV(B9:B104) -> 19.572766 | C109: =STDEV(C9:C104) -> 5.9517902 | D109: =STDEV(D9:D104) -> 15.757295 | E109: =STDEV(E9:E104) -> 0.088655531 | F109: =STDEV(F9:F104) -> 1.3105921 | G109: =STDEV(G9:G104) -> 19.235723 | H109: =STDEV(H9:H104) -> 28.765019 | I109: =STDEV(I9:I104) -> 0.043078366 | ... Q109: =STDEV(Q9:Q104) -> 1.1110493
A110: Num | B110: =COUNT(B9:B104) -> 96 | C110: =COUNT(C9:C104) -> 96 | D110: =COUNT(D9:D104) -> 96 | E110: =COUNT(E9:E104)+2 -> 96 | F110: =COUNT(F9:F104) -> 96 | G110: =COUNT(G9:G104) -> 96 | H110: =COUNT(H9:H104) -> 96 | I110: =COUNT(I9:I104) -> 96 | J110: =COUNT(J9:J104) -> 96 | K110: =COUNT(K9:K104) -> 96 | L110: =COUNT(L9:L104) -> 96 | M110: =COUNT(M9:M104) -> 96 | ... Q110: =COUNT(Q9:Q104) -> 96
A111: DCR | B111: =IF(B110>=87,">90%",IF(B110<=87,"<90%")) -> >90% | C111: =IF(C110>=87,">90%",IF(C110<=87,"<90%")) -> >90% | D111: =IF(D110>=87,">90%",IF(D110<=87,"<90%")) -> >90% | E111: =IF(E110>=87,">90%",IF(E110<=87,"<90%")) -> >90% | F111: =IF(F110>=87,">90%",IF(F110<=87,"<90%")) -> >90% | G111: =IF(G110>=87,">90%",IF(G110<=87,"<90%")) -> >90% | H111: =IF(H110>=87,">90%",IF(H110<=87,"<90%")) -> >90% | I111: =IF(I110>=87,">90%",IF(I110<=87,"<90%")) -> >90% | ... Q111: =IF(Q110>=87,">90%",IF(Q110<=87,"<90%")) -> >90%
A112: Status | B112: =IF(B110>=87,"OK",IF(B110<=87,"LESS")) -> OK | C112: =IF(C110>=87,"OK",IF(C110<=87,"LESS")) -> OK | D112: =IF(D110>=87,"OK",IF(D110<=87,"LESS")) -> OK | E112: =IF(E110>=87,"OK",IF(E110<=87,"LESS")) -> OK | F112: =IF(F110>=87,"OK",IF(F110<=87,"LESS")) -> OK | G112: =IF(G110>=87,"OK",IF(G110<=87,"LESS")) -> OK | H112: =IF(H110>=87,"OK",IF(H110<=87,"LESS")) -> OK | I112: =IF(I110>=87,"OK",IF(I110<=87,"LESS")) -> OK | ... Q112: =IF(Q110>=87,"OK",IF(Q110<=87,"LESS")) -> OK
A115: Done by | B115: RK
A117: Comment

Sheet 21
A1: Station: | B1: BHATAGAON RAIPUR
A2: Date: | B2: =$A$9 -> 21-02-2024 00:15 | D2: Power Off | G2: Pw.Off | L2: Link Fail | N2: Link F | P2: Maintenance | R2: Maint.
A3: Report Type: | B3: Mean | D3: Calibration | G3: Calib. | L3: Data Fail | N3: Data F | P3: Invalid | R3: Invalid
A4: Time Base: | B4: 15 Min | D4: Zero Referrence | G4: Z.Ref | L4: Warm Up | N4: Wm. Up
A7: Date & Time | B7: NO_BHATAGAON | C7: NO2__BHATAGAON | D7: NOX_BHATAGAON | E7: SO2__BHATAGAON | F7: O3__BHATAGAON | G7: PM10__BHATAGAON | H7: PM2_5__BHATAGAON | I7: BENZ__BHATAGAON | J7: WS__BHATAGAON | K7: WD__BHATAGAON | L7: TEMP__BHATAGAON | M7: HUM__BHATAGAON | N7: SR__BHATAGAON | O7: RG__BHATAGAON | P7: CO__BHATAGAON | Q7: NH3__BHATAGAON
B8: ug/m3 | C8: ug/m3 | D8: ppb | E8: ug/m3 | F8: ug/m3 | G8: ug/m3 | H8: ug/m3 | I8: ug/m3 | J8: m/sec | K8: deg | L8: degreC | M8: % | N8: w/m2 | O8: mm | P8: mg/m3 | Q8: ug/m3
A9: 21-02-2024 00:15 | B9: 55.71 | C9: 51.94 | D9: 73.99 | E9: 0.12 | F9: 3.27 | G9: 73.56 | H9: 26.82 | I9: 1.54 | J9: 0.09 | K9: 227.68 | L9: 20.36 | M9: 54.23 | N9: 22.8 | O9: 0 | P9: 1.12 | Q9: 8.17
A10: 21-02-2024 00:30 | B10: 53.53 | C10: 51.37 | D10: 71.93 | E10: 0.11 | F10: 3.3 | G10: 73.56 | H10: 26.82 | I10: 1.47 | J10: 0.07 | K10: 301.39 | L10: 20.37 | M10: 56.05 | N10: 23.2 | O10: 0 | P10: 1.09 | Q10: 8.14
A11: 21-02-2024 00:45 | B11: 51.65 | C11: 51.16 | D11: 70.3 | E11: 0.09 | F11: 3.31 | G11: 70.46 | H11: 24.98 | I11: 1.54 | J11: 0.1 | K11: 288.49 | L11: 19.93 | M11: 59.95 | N11: 23.4 | O11: 0 | P11: 1.07 | Q11: 8.03
A12: 21-02-2024 01:00 | B12: 50.29 | C12: 50.72 | D12: 68.97 | E12: 0.1 | F12: 3.21 | G12: 60.26 | H12: 20.66 | I12: 1.52 | J12: 0.05 | K12: 291.93 | L12: 19.9 | M12: 60.45 | N12: 23.2 | O12: 0 | P12: 1.04 | Q12: 7.93
A13: 21-02-2024 01:15 | B13: 48.82 | C13: 49.73 | D13: 67.24 | E13: 0.11 | F13: 3.44 | G13: 60.26 | H13: 20.66 | I13: 1.57 | J13: 0.15 | K13: 311.25 | L13: 19.63 | M13: 61.88 | N13: 23.4 | O13: 0 | P13: 0.87 | Q13: 7.84
A14: 21-02-2024 01:30 | B14: 47.26 | C14: 47.78 | D14: 64.91 | E14: 0.08 | F14: 3.32 | G14: 60.26 | H14: 20.66 | I14: 1.49 | J14: 0.09 | K14: 284.51 | L14: 19.21 | M14: 64.31 | N14: 23.6 | O14: 0 | P14: 0.9 | Q14: 7.7
A15: 21-02-2024 01:45 | B15: 44.74 | C15: 46.13 | D15: 61.98 | E15: 0.1 | F15: 3.09 | G15: 56.98 | H15: 19.22 | I15: 1.51 | J15: 0.08 | K15: 294.89 | L15: 18.92 | M15: 65.82 | N15: 23.7 | O15: 0 | P15: 0.88 | Q15: 7.51
A16: 21-02-2024 02:00 | B16: 41.87 | C16: 47.03 | D16: 60.18 | E16: 0.17 | F16: 2.99 | G16: 45.5 | H16: 15.82 | I16: 1.48 | J16: 0.1 | K16: 286.17 | L16: 18.66 | M16: 67.21 | N16: 23.7 | O16: 0 | P16: 0.85 | Q16: 7.31
A17: 21-02-2024 02:15 | B17: 39.15 | C17: 47.35 | D17: 58.18 | E17: 0.13 | F17: 3.17 | G17: 45.5 | H17: 15.82 | I17: 1.5 | J17: 0.08 | K17: 295.48 | L17: 18.44 | M17: 69.2 | N17: 23.5 | O17: 0 | P17: 0.83 | Q17: 7.16
A18: 21-02-2024 02:30 | B18: 36.88 | C18: 47.65 | D18: 56.52 | E18: 0.1 | F18: 3.07 | G18: 45.5 | H18: 15.82 | I18: 1.42 | J18: 0.13 | K18: 304.92 | L18: 18.48 | M18: 70.85 | N18: 23.5 | O18: 0 | P18: 0.81 | Q18: 7
A19: 21-02-2024 02:45 | B19: 35.3 | C19: 47.68 | D19: 55.27 | E19: 0.09 | F19: 3.13 | G19: 44.52 | H19: 18.44 | I19: 1.48 | J19: 0.03 | K19: 210.12 | L19: 18.66 | M19: 64.73 | N19: 23.6 | O19: 0 | P19: 0.79 | Q19: 6.8
A20: 21-02-2024 03:00 | B20: 33.2 | C20: 48.45 | D20: 54.01 | E20: 0.1 | F20: 3.23 | G20: 41.1 | H20: 24.61 | I20: 1.47 | J20: 0.04 | K20: 229.96 | L20: 18.95 | M20: 62.34 | N20: 23.6 | O20: 0 | P20: 0.76 | Q20: 6.31
... A51: 21-02-2024 10:45 | B51: 1.27 | C51: 48.5 | D51: 28.43 | E51: 0.19 | F51: 12.42 | G51: 51.9 | H51: 15.35 | I51: 1.52 | J51: 0.48 | K51: 17.26 | L51: 29.35 | M51: 30.03 | N51: 770.3 | O51: 0 | P51: 0.37 | Q51: 5.21
A52: 21-02-2024 11:00 | B52: 1.7 | C52: 47.12 | D52: 28.01 | E52: 0.23 | F52: 14.47 | G52: 51.9 | H52: 15.35 | I52: 1.5 | J52: 0.42 | K52: 3.76 | L52: 30.57 | M52: 28.62 | N52: 784.5 | O52: 0 | P52: Calib. | Q52: 5.21
A53: 21-02-2024 11:15 | B53: 1.8 | C53: 48.14 | D53: 28.66 | E53: 0.15 | F53: 12.65 | G53: 51.9 | H53: 15.35 | I53: 1.55 | J53: 0.46 | K53: 342.64 | L53: 31.08 | M53: 28.59 | N53: 791.5 | O53: 0 | P53: Calib. | Q53: 5.21
A54: 21-02-2024 11:30 | B54: 1.94 | C54: 49.11 | D54: 29.31 | E54: 0.11 | F54: 10.57 | G54: 51.9 | H54: 15.35 | I54: 1.45 | J54: 0.98 | K54: 311.71 | L54: 32.19 | M54: 27.28 | N54: 787 | O54: 0 | P54: Calib. | Q54: 5.21
A55: 21-02-2024 11:45 | B55: 1.88 | C55: 50.05 | D55: 29.78 | E55: 0.07 | F55: 8.66 | G55: 51.9 | H55: 15.35 | I55: 1.62 | J55: 0.53 | K55: 346.59 | L55: 31.63 | M55: 26.79 | N55: 818.9 | O55: 0 | P55: Calib. | Q55: 5.21
A56: 21-02-2024 12:00 | B56: 1.7 | C56: 49.58 | D56: 29.37 | E56: 0 | F56: 8.78 | G56: 51.9 | H56: 15.35 | I56: 1.48 | J56: 1.31 | K56: 317.46 | L56: 32.59 | M56: 26.92 | N56: 841.5 | O56: 0 | P56: Calib. | Q56: 5.21
A57: 21-02-2024 12:15 | B57: 1.62 | C57: 48.89 | D57: 28.93 | E57: 0.06 | F57: 9.06 | G57: 51.9 | H57: 15.35 | I57: 1.5 | J57: 0.85 | K57: 320.93 | L57: 32.85 | M57: 26.74 | N57: 843.3 | O57: 0 | P57: Calib. | Q57: 5.21
A58: 21-02-2024 12:30 | B58: 1.69 | C58: 47.84 | D58: 28.4 | E58: 0.13 | F58: 8.52 | G58: Calib. | H58: Calib. | I58: 1.55 | J58: 0.79 | K58: 320.76 | L58: 33.25 | M58: 25.14 | N58: 841 | O58: 0 | P58: 0.4 | Q58: 5.21
A59: 21-02-2024 12:45 | B59: 1.68 | C59: 46.72 | D59: 27.78 | E59: 0.12 | F59: 8.8 | G59: Calib. | H59: Calib. | I59: 1.44 | J59: 1.24 | K59: 316.48 | L59: 33.25 | M59: 24.77 | N59: 829.8 | O59: 0 | P59: 0.39 | Q59: 5.21
A60: 21-02-2024 13:00 | B60: 1.69 | C60: 46.89 | D60: 27.88 | E60: 0.16 | F60: 8.92 | G60: Calib. | H60: Calib. | I60: 1.55 | J60: 0.7 | K60: 320.24 | L60: 33.85 | M60: 23.97 | N60: 817.1 | O60: 0 | P60: 0.38 | Q60: 5.21
A61: 21-02-2024 13:15 | B61: 1.77 | C61: 48.7 | D61: 28.94 | E61: 0.12 | F61: 8.5 | G61: Calib. | H61: Calib. | I61: 1.49 | J61: 0.58 | K61: 311.97 | L61: 33.88 | M61: 22.66 | N61: 784.5 | O61: 0 | P61: 0.36 | Q61: 5.21
A62: 21-02-2024 13:30 | B62: 1.7 | C62: 46.81 | D62: 27.84 | E62: 0.13 | F62: 7.37 | G62: 52.47 | H62: 19.54 | I62: 1.49 | J62: 0.43 | K62: 324.78 | L62: 32.86 | M62: 22.29 | N62: 762.9 | O62: 0 | P62: 0.38 | Q62: 5.21
A63: 21-02-2024 13:45 | B63: 1.76 | C63: 46.34 | D63: 27.63 | E63: 0.19 | F63: 6.32 | G63: 62.97 | H63: 23.45 | I63: 1.55 | J63: 0.82 | K63: 316.92 | L63: 33.92 | M63: 22.82 | N63: 735.2 | O63: 0 | P63: 0.38 | Q63: 5.21
A64: 21-02-2024 14:00 | B64: 2.17 | C64: 46.69 | D64: 28.15 | E64: 0.07 | F64: 6.48 | G64: 62.97 | H64: 23.45 | I64: 1.5 | J64: 0.33 | K64: 311.76 | L64: 32.95 | M64: 22.38 | N64: 703.9 | O64: 0 | P64: 0.39 | Q64: 5.21
A65: 21-02-2024 14:15 | B65: 1.8 | C65: 47.29 | D65: 28.19 | E65: 0.16 | F65: 8.88 | G65: 62.97 | H65: 23.45 | I65: 1.51 | J65: 0.2 | K65: 336.84 | L65: 31.64 | M65: 23.14 | N65: 679 | O65: 0 | P65: 0.41 | Q65: 5.21
A66: 21-02-2024 14:30 | B66: 1.65 | C66: 47.64 | D66: 28.26 | E66: 0.14 | F66: 7.83 | G66: 45.03 | H66: 17.41 | I66: 1.46 | J66: 0.23 | K66: 14.19 | L66: 31.55 | M66: 21.72 | N66: 629 | O66: 0 | P66: 0.41 | Q66: 5.21
A67: 21-02-2024 14:45 | B67: 1.62 | C67: 48.42 | D67: 28.67 | E67: 0.12 | F67: 9.87 | G67: 41.44 | H67: 17.41 | I67: 1.54 | J67: 0.21 | K67: 42.4 | L67: 30.6 | M67: 21.29 | N67: 579.3 | O67: 0 | P67: 0.38 | Q67: 5.21
A68: 21-02-2024 15:00 | B68: 1.18 | C68: 47.24 | D68: 27.67 | E68: 0.14 | F68: 10.45 | G68: 41.44 | H68: 17.41 | I68: 1.5 | J68: 0.32 | K68: 351.93 | L68: 31.03 | M68: 21.83 | N68: 390.8 | O68: 0 | P68: 0.35 | Q68: 5.21
A69: 21-02-2024 15:15 | B69: 1.21 | C69: 46.65 | D69: 27.36 | E69: 0.09 | F69: 8.15 | G69: 41.44 | H69: 17.41 | I69: 1.53 | J69: 0.2 | K69: 19.47 | L69: 30.96 | M69: 21.47 | N69: 300.2 | O69: 0 | P69: 0.35 | Q69: 5.21
A70: 21-02-2024 15:30 | B70: 1.55 | C70: 46.24 | D70: 27.41 | E70: 0.15 | F70: 7.44 | G70: 50.12 | H70: 18.77 | I70: 1.51 | J70: 0.2 | K70: 33.61 | L70: 30.19 | M70: 22.21 | N70: 260.7 | O70: 0 | P70: 0.35 | Q70: 5.21
A71: 21-02-2024 15:45 | B71: 1.33 | C71: 45.97 | D71: 27.09 | E71: 0.2 | F71: 10.92 | G71: 51.86 | H71: 18.77 | I71: 1.48 | J71: 0.3 | K71: 0.37 | L71: 29.76 | M71: 22.92 | N71: 168 | O71: 0 | P71: 0.32 | Q71: 5.21
A72: 21-02-2024 16:00 | B72: 1.15 | C72: 45.71 | D72: 26.79 | E72: 0.19 | F72: 12.6 | G72: 51.86 | H72: 18.77 | I72: 1.57 | J72: 0.26 | K72: 23.01 | L72: 29.72 | M72: 23.52 | N72: 164.7 | O72: 0 | P72: 0.31 | Q72: 5.21
A73: 21-02-2024 16:15 | B73: 1.19 | C73: 45.89 | D73: 26.92 | E73: 0.16 | F73: 8.46 | G73: 51.86 | H73: 18.77 | I73: 1.44 | J73: 0.34 | K73: 351.03 | L73: 29.61 | M73: 24.33 | N73: 137 | O73: 0 | P73: 0.31 | Q73: 5.21
... A104: 21-02-2024 24:00 | B104: 41.48 | C104: 54.07 | D104: 63.75 | E104: 0.1 | F104: 3.4 | G104: 61.98 | H104: 22.65 | I104: 1.5 | J104: 0.08 | K104: 187.34 | L104: 22.1 | M104: 52.31 | N104: 23.5 | O104: 0 | P104: 1.04 | Q104: 7.52
A106: Min | B106: =MIN(B9:B104) -> 1.15 | C106: =MIN(C9:C104) -> 44.2 | D106: =MIN(D9:D104) -> 26.14 | E106: =MIN(E9:E104) -> 0 | F106: =MIN(F9:F104) -> 2.99 | G106: =MIN(G9:G104) -> 30.67 | H106: =MIN(H9:H104) -> 12.65 | I106: =MIN(I9:I104) -> 1.41 | ... Q106: =MIN(Q9:Q104) -> 5.21
A107: Max | B107: =MAX(B9:B104) -> 55.71 | C107: =MAX(C9:C104) -> 64.11 | D107: =MAX(D9:D104) -> 73.99 | E107: =MAX(E9:E104) -> 0.27 | F107: =MAX(F9:F104) -> 14.47 | G107: =MAX(G9:G104) -> 77.7 | H107: =MAX(H9:H104) -> 26.82 | I107: =MAX(I9:I104) -> 1.62 | ... Q107: =MAX(Q9:Q104) -> 8.17
A108: Avg | B108: =AVERAGE(B9:B104) -> 18.658646 | C108: =AVERAGE(C9:C104) -> 51.193021 | D108: =AVERAGE(D9:D104) -> 43.861146 | E108: =AVERAGE(E9:E104) -> 0.1315625 | F108: =AVERAGE(F9:F104) -> 5.2258333 | G108: =AVERAGE(G9:G104) -> 51.516522 | H108: =AVERAGE(H9:H104) -> 18.458152 | I108: =AVERAGE(I9:I104) -> 1.503125 | ... Q108: =AVERAGE(Q9:Q104) -> 5.7371875
A109: Stdev | B109: =STDEV(B9:B104) -> 16.754419 | C109: =STDEV(C9:C104) -> 5.1307377 | D109: =STDEV(D9:D104) -> 14.287765 | E109: =STDEV(E9:E104) -> 0.054179587 | F109: =STDEV(F9:F104) -> 2.8846266 | G109: =STDEV(G9:G104) -> 11.35633 | H109: =STDEV(H9:H104) -> 3.4452554 | I109: =STDEV(I9:I104) -> 0.039451836 | ... Q109: =STDEV(Q9:Q104) -> 0.97716852
A110: Num | B110: =COUNT(B9:B104) -> 96 | C110: =COUNT(C9:C104) -> 96 | D110: =COUNT(D9:D104) -> 96 | E110: =COUNT(E9:E104) -> 96 | F110: =COUNT(F9:F104) -> 96 | G110: =COUNT(G9:G104)+4 -> 96 | H110: =COUNT(H9:H104)+4 -> 96 | I110: =COUNT(I9:I104) -> 96 | J110: =COUNT(J9:J104) -> 96 | K110: =COUNT(K9:K104) -> 96 | L110: =COUNT(L9:L104) -> 96 | M110: =COUNT(M9:M104) -> 96 | N110: =COUNT(N9:N104) -> 96 | O110: =COUNT(O9:O104) -> 96 | P110: =COUNT(P9:P104)+6 -> 96 | Q110: =COUNT(Q9:Q104) -> 96
A111: DCR | B111: =IF(B110>=87,">90%",IF(B110<=87,"<90%")) -> >90% | C111: =IF(C110>=87,">90%",IF(C110<=87,"<90%")) -> >90% | D111: =IF(D110>=87,">90%",IF(D110<=87,"<90%")) -> >90% | E111: =IF(E110>=87,">90%",IF(E110<=87,"<90%")) -> >90% | F111: =IF(F110>=87,">90%",IF(F110<=87,"<90%")) -> >90% | G111: =IF(G110>=87,">90%",IF(G110<=87,"<90%")) -> >90% | H111: =IF(H110>=87,">90%",IF(H110<=87,"<90%")) -> >90% | I111: =IF(I110>=87,">90%",IF(I110<=87,"<90%")) -> >90% | ... Q111: =IF(Q110>=87,">90%",IF(Q110<=87,"<90%")) -> >90%
A112: Status | B112: =IF(B110>=87,"OK",IF(B110<=87,"LESS")) -> OK | C112: =IF(C110>=87,"OK",IF(C110<=87,"LESS")) -> OK | D112: =IF(D110>=87,"OK",IF(D110<=87,"LESS")) -> OK | E112: =IF(E110>=87,"OK",IF(E110<=87,"LESS")) -> OK | F112: =IF(F110>=87,"OK",IF(F110<=87,"LESS")) -> OK | G112: =IF(G110>=87,"OK",IF(G110<=87,"LESS")) -> OK | H112: =IF(H110>=87,"OK",IF(H110<=87,"LESS")) -> OK | I112: =IF(I110>=87,"OK",IF(I110<=87,"LESS")) -> OK | ... Q112: =IF(Q110>=87,"OK",IF(Q110<=87,"LESS")) -> OK
A115: Done by | B115: RK
A117: Comment

Sheet 22
A1: Station: | B1: BHATAGAON RAIPUR
A2: Date: | B2: =$A$9 -> 22-02-2024 00:15 | D2: Power Off | G2: Pw.Off | L2: Link Fail | N2: Link F | P2: Maintenance | R2: Maint.
A3: Report Type: | B3: Mean | D3: Calibration | G3: Calib. | L3: Data Fail | N3: Data F | P3: Invalid | R3: Invalid
A4: Time Base: | B4: 15 Min | D4: Zero Referrence | G4: Z.Ref | L4: Warm Up | N4: Wm. Up
A7: Date & Time | B7: NO_BHATAGAON | C7: NO2__BHATAGAON | D7: NOX_BHATAGAON | E7: SO2__BHATAGAON | F7: O3__BHATAGAON | G7: PM10__BHATAGAON | H7: PM2_5__BHATAGAON | I7: BENZ__BHATAGAON | J7: WS__BHATAGAON | K7: WD__BHATAGAON | L7: TEMP__BHATAGAON | M7: HUM__BHATAGAON | N7: SR__BHATAGAON | O7: RG__BHATAGAON | P7: CO__BHATAGAON | Q7: NH3__BHATAGAON
B8: ug/m3 | C8: ug/m3 | D8: ppb | E8: ug/m3 | F8: ug/m3 | G8: ug/m3 | H8: ug/m3 | I8: ug/m3 | J8: m/sec | K8: deg | L8: degreC | M8: % | N8: w/m2 | O8: mm | P8: mg/m3 | Q8: ug/m3
A9: 22-02-2024 00:15 | B9: 40.03 | C9: 52.81 | D9: 61.89 | E9: 0.18 | F9: 3.4 | G9: 61.98 | H9: 22.65 | I9: 1.54 | J9: 0.1 | K9: 229.35 | L9: 21.69 | M9: 54.87 | N9: 23.5 | O9: 0 | P9: 0.99 | Q9: 7.36
A10: 22-02-2024 00:30 | B10: 38.38 | C10: 51.75 | D10: 59.99 | E10: 0.18 | F10: 3.2 | G10: 51.41 | H10: 19.92 | I10: 1.51 | J10: 0.05 | K10: 211.02 | L10: 21.71 | M10: 54.03 | N10: 23 | O10: 0 | P10: 1.01 | Q10: 7.22
A11: 22-02-2024 00:45 | B11: 35.68 | C11: 50.38 | D11: 57.06 | E11: 0.22 | F11: 3.41 | G11: 49.29 | H11: 19.92 | I11: 1.53 | J11: 0.08 | K11: 184.83 | L11: 21.63 | M11: 55.13 | N11: 23.1 | O11: 0 | P11: 0.98 | Q11: 7.01
A12: 22-02-2024 01:00 | B12: 32.63 | C12: 50.42 | D12: 54.64 | E12: 0.14 | F12: 3.24 | G12: 49.29 | H12: 19.92 | I12: 1.49 | J12: 0.03 | K12: 255.4 | L12: 21.34 | M12: 57.59 | N12: 23.5 | O12: 0 | P12: 0.93 | Q12: 6.73
A13: 22-02-2024 01:15 | B13: 29.67 | C13: 50.12 | D13: 52.1 | E13: 0.2 | F13: 3.19 | G13: 49.29 | H13: 19.92 | I13: 1.53 | J13: 0.14 | K13: 185 | L13: 20.68 | M13: 61.52 | N13: 23.4 | O13: 0 | P13: 0.86 | Q13: 5.92
A14: 22-02-2024 01:30 | B14: 27.21 | C14: 49.52 | D14: 49.79 | E14: 0.19 | F14: 3.13 | G14: 39.03 | H14: 13.28 | I14: 1.5 | J14: 0.05 | K14: 327.41 | L14: 20.25 | M14: 64.32 | N14: 23.5 | O14: 0 | P14: 0.85 | Q14: 5.26
A15: 22-02-2024 01:45 | B15: 24.97 | C15: 49.33 | D15: 47.89 | E15: 0.22 | F15: 3.17 | G15: 36.97 | H15: 13.28 | I15: 1.49 | J15: 0.07 | K15: 299.99 | L15: 20.29 | M15: 63.15 | N15: 23.2 | O15: 0 | P15: 0.82 | Q15: 5.21
A16: 22-02-2024 02:00 | B16: 22.9 | C16: 48.99 | D16: 46.04 | E16: 0.16 | F16: 3.15 | G16: 36.97 | H16: 13.28 | I16: 1.47 | J16: 0.07 | K16: 279.35 | L16: 20.09 | M16: 64.05 | N16: 23.2 | O16: 0 | P16: 0.78 | Q16: 5.21
A17: 22-02-2024 02:15 | B17: 20.93 | C17: 49.08 | D17: 44.52 | E17: 0.19 | F17: 3.17 | G17: 36.97 | H17: 13.28 | I17: 1.48 | J17: 0.02 | K17: 252.52 | L17: 20.33 | M17: 60.99 | N17: 22.6 | O17: 0 | P17: 0.76 | Q17: 5.21
A18: 22-02-2024 02:30 | B18: 18.8 | C18: 48.54 | D18: 42.51 | E18: 0.18 | F18: 3.13 | G18: 36.08 | H18: 15.05 | I18: 1.55 | J18: 0.03 | K18: 5.21 | L18: 20.39 | M18: 60.34 | N18: 22.5 | O18: 0 | P18: 0.72 | Q18: 5.21
A19: 22-02-2024 02:45 | B19: 16.55 | C19: 48.47 | D19: 40.67 | E19: 0.14 | F19: 3.42 | G19: 35.89 | H19: 15.05 | I19: 1.49 | J19: 0.09 | K19: 37.83 | L19: 20.23 | M19: 61.62 | N19: 23.1 | O19: 0 | P19: 0.68 | Q19: 5.21
A20: 22-02-2024 03:00 | B20: 14.6 | C20: 47.77 | D20: 38.72 | E20: 0.19 | F20: 3.35 | G20: 35.89 | H20: 15.05 | I20: 1.54 | J20: 0.18 | K20: 186.65 | L20: 19.94 | M20: 63.47 | N20: 22.9 | O20: 0 | P20: 0.65 | Q20: 5.21
... A104: 22-02-2024 24:00 | B104: 10.05 | C104: 54.99 | D104: 39.05 | E104: 0.07 | F104: 3.37 | G104: 52.22 | H104: 17.25 | I104: 1.49 | J104: 1.16 | K104: 336.84 | L104: 20.4 | M104: 43.9 | N104: 15 | O104: 0 | P104: 0.68 | Q104: 5.21
A106: Min | B106: =MIN(B9:B104) -> 1.17 | C106: =MIN(C9:C104) -> 41.84 | D106: =MIN(D9:D104) -> 24.67 | E106: =MIN(E9:E104) -> 0 | F106: =MIN(F9:F104) -> 2.9 | G106: =MIN(G9:G104) -> 26.91 | H106: =MIN(H9:H104) -> 11.43 | I106: =MIN(I9:I104) -> 1.41 | ... Q106: =MIN(Q9:Q104) -> 5.21
A107: Max | B107: =MAX(B9:B104) -> 40.03 | C107: =MAX(C9:C104) -> 56.22 | D107: =MAX(D9:D104) -> 61.89 | E107: =MAX(E9:E104) -> 0.55 | F107: =MAX(F9:F104) -> 14.76 | G107: =MAX(G9:G104) -> 61.98 | H107: =MAX(H9:H104) -> 22.65 | I107: =MAX(I9:I104) -> 1.64 | ... Q107: =MAX(Q9:Q104) -> 7.36
A108: Avg | B108: =AVERAGE(B9:B104) -> 10.269063 | C108: =AVERAGE(C9:C104) -> 49.240208 | D108: =AVERAGE(D9:D104) -> 36.055833 | E108: =AVERAGE(E9:E104) -> 0.11333333 | F108: =AVERAGE(F9:F104) -> 4.7180208 | G108: =AVERAGE(G9:G104) -> 40.496146 | H108: =AVERAGE(H9:H104) -> 14.832917 | I108: =AVERAGE(I9:I104) -> 1.5023958 | ... Q108: =AVERAGE(Q9:Q104) -> 5.2958333
A109: Stdev | B109: =STDEV(B9:B104) -> 8.5079991 | C109: =STDEV(C9:C104) -> 3.4944696 | D109: =STDEV(D9:D104) -> 7.4935117 | E109: =STDEV(E9:E104) -> 0.090293867 | F109: =STDEV(F9:F104) -> 2.3845444 | G109: =STDEV(G9:G104) -> 8.4607744 | H109: =STDEV(H9:H104) -> 2.1326573 | I109: =STDEV(I9:I104) -> 0.044879835 | ... Q109: =STDEV(Q9:Q104) -> 0.384055
A110: Num | B110: =COUNT(B9:B104) -> 96 | C110: =COUNT(C9:C104) -> 96 | D110: =COUNT(D9:D104) -> 96 | E110: =COUNT(E9:E104) -> 96 | F110: =COUNT(F9:F104) -> 96 | G110: =COUNT(G9:G104) -> 96 | H110: =COUNT(H9:H104) -> 96 | I110: =COUNT(I9:I104) -> 96 | ... Q110: =COUNT(Q9:Q104) -> 96
A111: DCR | B111: =IF(B110>=87,">90%",IF(B110<=87,"<90%")) -> >90% | C111: =IF(C110>=87,">90%",IF(C110<=87,"<90%")) -> >90% | D111: =IF(D110>=87,">90%",IF(D110<=87,"<90%")) -> >90% | E111: =IF(E110>=87,">90%",IF(E110<=87,"<90%")) -> >90% | F111: =IF(F110>=87,">90%",IF(F110<=87,"<90%")) -> >90% | G111: =IF(G110>=87,">90%",IF(G110<=87,"<90%")) -> >90% | H111: =IF(H110>=87,">90%",IF(H110<=87,"<90%")) -> >90% | J111: =IF(J110>=87,">90%",IF(J110<=87,"<90%")) -> >90% | K111: =IF(K110>=87,">90%",IF(K110<=87,"<90%")) -> >90% | L111: =IF(L110>=87,">90%",IF(L110<=87,"<90%")) -> >90% | M111: =IF(M110>=87,">90%",IF(M110<=87,"<90%")) -> >90% | N111: =IF(N110>=87,">90%",IF(N110<=87,"<90%")) -> >90% | O111: =IF(O110>=87,">90%",IF(O110<=87,"<90%")) -> >90% | P111: =IF(P110>=87,">90%",IF(P110<=87,"<90%")) -> >90% | Q111: =IF(Q110>=87,">90%",IF(Q110<=87,"<90%")) -> >90%
A112: Status | B112: =IF(B110>=87,"OK",IF(B110<=87,"LESS")) -> OK | C112: =IF(C110>=87,"OK",IF(C110<=87,"LESS")) -> OK | D112: =IF(D110>=87,"OK",IF(D110<=87,"LESS")) -> OK | E112: =IF(E110>=87,"OK",IF(E110<=87,"LESS")) -> OK | F112: =IF(F110>=87,"OK",IF(F110<=87,"LESS")) -> OK | G112: =IF(G110>=87,"OK",IF(G110<=87,"LESS")) -> OK | H112: =IF(H110>=87,"OK",IF(H110<=87,"LESS")) -> OK | I112: =IF(I110>=87,"OK",IF(I110<=87,"LESS")) -> OK | ... Q112: =IF(Q110>=87,"OK",IF(Q110<=87,"LESS")) -> OK
A115: Done by | B115: RK
A117: Comment

Sheet 23
A1: Station: | B1: BHATAGAON RAIPUR
A2: Date: | B2: =$A$9 -> 23-02-2024 00:15 | D2: Power Off | G2: Pw.Off | L2: Link Fail | N2: Link F | P2: Maintenance | R2: Maint.
A3: Report Type: | B3: Mean | D3: Calibration | G3: Calib. | L3: Data Fail | N3: Data F | P3: Invalid | R3: Invalid
A4: Time Base: | B4: 15 Min | D4: Zero Referrence | G4: Z.Ref | L4: Warm Up | N4: Wm. Up
A7: Date & Time | B7: NO_BHATAGAON | C7: NO2__BHATAGAON | D7: NOX_BHATAGAON | E7: SO2__BHATAGAON | F7: O3__BHATAGAON | G7: PM10__BHATAGAON | H7: PM2_5__BHATAGAON | I7: BENZ__BHATAGAON | J7: WS__BHATAGAON | K7: WD__BHATAGAON | L7: TEMP__BHATAGAON | M7: HUM__BHATAGAON | N7: SR__BHATAGAON | O7: RG__BHATAGAON | P7: CO__BHATAGAON | Q7: NH3__BHATAGAON
B8: ug/m3 | C8: ug/m3 | D8: ppb | E8: ug/m3 | F8: ug/m3 | G8: ug/m3 | H8: ug/m3 | I8: ug/m3 | J8: m/sec | K8: deg | L8: degreC | M8: % | N8: w/m2 | O8: mm | P8: mg/m3 | Q8: ug/m3
A9: 23-02-2024 00:15 | B9: 9.6 | C9: 54.42 | D9: 38.38 | E9: 0.11 | F9: 3.48 | G9: 52.22 | H9: 17.25 | I9: 1.49 | J9: 1.16 | K9: 336.67 | L9: 20.15 | M9: 44.39 | N9: 15 | O9: 0 | P9: 0.68 | Q9: 5.21
A10: 23-02-2024 00:30 | B10: 9.07 | C10: 53.29 | D10: 37.32 | E10: 0.14 | F10: 3.45 | G10: 64.54 | H10: 23.13 | I10: 1.55 | J10: 0.98 | K10: 332.37 | L10: 19.92 | M10: 45.05 | N10: 15.1 | O10: 0 | P10: 0.68 | Q10: 5.21
A11: 23-02-2024 00:45 | B11: 8.93 | C11: 50.35 | D11: 35.59 | E11: 0.13 | F11: 3.41 | G11: 67 | H11: 23.13 | I11: 1.49 | J11: 1.31 | K11: 347.26 | L11: 19.87 | M11: 44.2 | N11: 14.5 | O11: 0 | P11: 0.68 | Q11: 5.21
A12: 23-02-2024 01:00 | B12: 8.93 | C12: 50.9 | D12: 35.9 | E12: 0.09 | F12: 3.41 | G12: 67 | H12: 23.13 | I12: 1.54 | J12: 1.48 | K12: 353.51 | L12: 20.06 | M12: 41.44 | N12: 14.6 | O12: 0 | P12: 0.66 | Q12: 5.21
A13: 23-02-2024 01:15 | B13: 8.83 | C13: 51.79 | D13: 36.31 | E13: 0.16 | F13: 3.41 | G13: 67 | H13: 23.13 | I13: 1.49 | J13: 1.5 | K13: 353.55 | L13: 20.1 | M13: 40.58 | N13: 15.1 | O13: 0 | P13: 0.62 | Q13: 5.21
A14: 23-02-2024 01:30 | B14: 8.38 | C14: 51.88 | D14: 36 | E14: 0.16 | F14: 3.5 | G14: 70.05 | H14: 20.81 | I14: 1.54 | J14: 0.85 | K14: 352.88 | L14: 19.82 | M14: 43.37 | N14: 15.4 | O14: 0 | P14: 0.6 | Q14: 5.21
A15: 23-02-2024 01:45 | B15: 8.09 | C15: 51.02 | D15: 35.29 | E15: 0.14 | F15: 3.57 | G15: 70.66 | H15: 20.81 | I15: 1.58 | J15: 1.26 | K15: 352.9 | L15: 19.83 | M15: 44.35 | N15: 15.1 | O15: 0 | P15: 0.59 | Q15: 5.21
A16: 23-02-2024 02:00 | B16: 7.99 | C16: 51.31 | D16: 35.37 | E16: 0.17 | F16: 3.45 | G16: 70.66 | H16: 20.81 | I16: 1.56 | J16: 0.81 | K16: 351.67 | L16: 19.61 | M16: 47.19 | N16: 15.7 | O16: 0 | P16: 0.58 | Q16: 5.21
A17: 23-02-2024 02:15 | B17: 8.35 | C17: 50.92 | D17: 35.44 | E17: 0.1 | F17: 3.46 | G17: 70.66 | H17: 20.81 | I17: 1.53 | J17: 0.89 | K17: 348.98 | L17: 19.28 | M17: 50.06 | N17: 15.4 | O17: 0 | P17: 0.58 | Q17: 5.21
A18: 23-02-2024 02:30 | B18: 8.78 | C18: 51.05 | D18: 35.86 | E18: 0.17 | F18: 3.49 | G18: 77.88 | H18: 24.32 | I18: 1.51 | J18: 1.23 | K18: 350.89 | L18: 19.01 | M18: 52.74 | N18: 15.5 | O18: 0 | P18: 0.58 | Q18: 5.21
A19: 23-02-2024 02:45 | B19: 9.25 | C19: 51.59 | D19: 36.53 | E19: 0.22 | F19: 3.43 | G19: 79.33 | H19: 24.32 | I19: 1.45 | J19: 1.15 | K19: 351.22 | L19: 18.7 | M19: 55.02 | N19: 15.5 | O19: 0 | P19: 0.55 | Q19: 5.21
A20: 23-02-2024 03:00 | B20: 9.42 | C20: 51.62 | D20: 36.68 | E20: 0.2 | F20: 3.47 | G20: 79.33 | H20: 24.32 | I20: 1.5 | J20: 1.25 | K20: 352.53 | L20: 18.45 | M20: 56.83 | N20: 15.5 | O20: 0 | P20: 0.53 | Q20: 5.21
... A104: 23-02-2024 24:00 | B104: 24.95 | C104: 55.22 | D104: 51.13 | E104: 0.02 | F104: 3.41 | G104: 74.55 | H104: 25.85 | I104: 1.54 | J104: 0.62 | K104: 92.08 | L104: 20.32 | M104: 45.82 | N104: 14.5 | O104: 0 | P104: 0.98 | Q104: 5.62
A106: Min | B106: =MIN(B9:B104) -> 5.66 | C106: =MIN(C9:C104) -> 42.04 | D106: =MIN(D9:D104) -> 29.06 | E106: =MIN(E9:E104) -> 0.02 | F106: =MIN(F9:F104) -> 2.92 | G106: =MIN(G9:G104) -> 44.61 | H106: =MIN(H9:H104) -> 7.71 | I106: =MIN(I9:I104) -> 1.39 | ... Q106: =MIN(Q9:Q104) -> 5.21
A107: Max | B107: =MAX(B9:B104) -> 28.41 | C107: =MAX(C9:C104) -> 60.14 | D107: =MAX(D9:D104) -> 55.22 | E107: =MAX(E9:E104) -> 0.4 | F107: =MAX(F9:F104) -> 4.18 | G107: =MAX(G9:G104) -> 79.33 | H107: =MAX(H9:H104) -> 26.91 | I107: =MAX(I9:I104) -> 1.59 | ... Q107: =MAX(Q9:Q104) -> 6.3
A108: Avg | B108: =AVERAGE(B9:B104) -> 12.788229 | C108: =AVERAGE(C9:C104) -> 52.775208 | D108: =AVERAGE(D9:D104) -> 40.026458 | E108: =AVERAGE(E9:E104) -> 0.196875 | F108: =AVERAGE(F9:F104) -> 3.4629167 | G108: =AVERAGE(G9:G104) -> 61.608646 | H108: =AVERAGE(H9:H104) -> 20.25125 | I108: =AVERAGE(I9:I104) -> 1.49625 | ... Q108: =AVERAGE(Q9:Q104) -> 5.2698958
A109: Stdev | B109: =STDEV(B9:B104) -> 6.2523594 | C109: =STDEV(C9:C104) -> 4.4011824 | D109: =STDEV(D9:D104) -> 6.2580424 | E109: =STDEV(E9:E104) -> 0.077000513 | F109: =STDEV(F9:F104) -> 0.25135388 | G109: =STDEV(G9:G104) -> 9.9427634 | H109: =STDEV(H9:H104) -> 4.6053203 | I109: =STDEV(I9:I104) -> 0.044015547 | ... Q109: =STDEV(Q9:Q104) -> 0.21152825
A110: Num | B110: =COUNT(B9:B104) -> 96 | C110: =COUNT(C9:C104) -> 96 | D110: =COUNT(D9:D104) -> 96 | E110: =COUNT(E9:E104) -> 96 | F110: =COUNT(F9:F104) -> 96 | G110: =COUNT(G9:G104) -> 96 | H110: =COUNT(H9:H104) -> 96 | I110: =COUNT(I9:I104) -> 96 | ... Q110: =COUNT(Q9:Q104) -> 96
A111: DCR | B111: =IF(B110>=87,">90%",IF(B110<=87,"<90%")) -> >90% | C111: =IF(C110>=87,">90%",IF(C110<=87,"<90%")) -> >90% | D111: =IF(D110>=87,">90%",IF(D110<=87,"<90%")) -> >90% | E111: =IF(E110>=87,">90%",IF(E110<=87,"<90%")) -> >90% | F111: =IF(F110>=87,">90%",IF(F110<=87,"<90%")) -> >90% | G111: =IF(G110>=87,">90%",IF(G110<=87,"<90%")) -> >90% | H111: =IF(H110>=87,">90%",IF(H110<=87,"<90%")) -> >90% | I111: =IF(I110>=87,">90%",IF(I110<=87,"<90%")) -> >90% | ... Q111: =IF(Q110>=87,">90%",IF(Q110<=87,"<90%")) -> >90%
A112: Status | B112: =IF(B110>=87,"OK",IF(B110<=87,"LESS")) -> OK | C112: =IF(C110>=87,"OK",IF(C110<=87,"LESS")) -> OK | D112: =IF(D110>=87,"OK",IF(D110<=87,"LESS")) -> OK | E112: =IF(E110>=87,"OK",IF(E110<=87,"LESS")) -> OK | F112: =IF(F110>=87,"OK",IF(F110<=87,"LESS")) -> OK | G112: =IF(G110>=87,"OK",IF(G110<=87,"LESS")) -> OK | H112: =IF(H110>=87,"OK",IF(H110<=87,"LESS")) -> OK | I112: =IF(I110>=87,"OK",IF(I110<=87,"LESS")) -> OK | ... Q112: =IF(Q110>=87,"OK",IF(Q110<=87,"LESS")) -> OK
A115: Done by | B115: RK
A117: Comment

Sheet 24
A1: Station: | B1: BHATAGAON RAIPUR
A2: Date: | B2: =$A$9 -> 24-02-2024 00:15 | D2: Power Off | G2: Pw.Off | L2: Link Fail | N2: Link F | P2: Maintenance | R2: Maint.
A3: Report Type: | B3: Mean | D3: Calibration | G3: Calib. | L3: Data Fail | N3: Data F | P3: Invalid | R3: Invalid
A4: Time Base: | B4: 15 Min | D4: Zero Referrence | G4: Z.Ref | L4: Warm Up | N4: Wm. Up
A7: Date & Time | B7: NO_BHATAGAON | C7: NO2__BHATAGAON | D7: NOX_BHATAGAON | E7: SO2__BHATAGAON | F7: O3__BHATAGAON | G7: PM10__BHATAGAON | H7: PM2_5__BHATAGAON | I7: BENZ__BHATAGAON | J7: WS__BHATAGAON | K7: WD__BHATAGAON | L7: TEMP__BHATAGAON | M7: HUM__BHATAGAON | N7: SR__BHATAGAON | O7: RG__BHATAGAON | P7: CO__BHATAGAON | Q7: NH3__BHATAGAON
B8: ug/m3 | C8: ug/m3 | D8: ppb | E8: ug/m3 | F8: ug/m3 | G8: ug/m3 | H8: ug/m3 | I8: ug/m3 | J8: m/sec | K8: deg | L8: degreC | M8: % | N8: w/m2 | O8: mm | P8: mg/m3 | Q8: ug/m3
A9: 24-02-2024 00:15 | B9: 24.02 | C9: 53.91 | D9: 49.66 | E9: 0.01 | F9: 3.35 | G9: 74.55 | H9: 25.85 | I9: 1.52 | J9: 0.16 | K9: 65.75 | L9: 19.9 | M9: 47.44 | N9: 15.2 | O9: 0 | P9: 0.95 | Q9: 5.26
A10: 24-02-2024 00:30 | B10: 23.3 | C10: 53.39 | D10: 48.8 | E10: Data F | F10: 3.4 | G10: 72.37 | H10: 23.35 | I10: 1.47 | J10: 0.1 | K10: 82.73 | L10: 19.36 | M10: 49.25 | N10: 15 | O10: 0 | P10: 0.92 | Q10: 5.21
A11: 24-02-2024 00:45 | B11: 22.74 | C11: 52.39 | D11: 47.79 | E11: 0.01 | F11: 3.52 | G11: 71.94 | H11: 23.35 | I11: 1.47 | J11: 0.11 | K11: 299.68 | L11: 19.03 | M11: 52.28 | N11: 15.1 | O11: 0 | P11: 0.9 | Q11: 5.21
A12: 24-02-2024 01:00 | B12: 22.33 | C12: 51.43 | D12: 46.94 | E12: Data F | F12: 3.38 | G12: 71.94 | H12: 23.35 | I12: 1.53 | J12: 0.12 | K12: 229.24 | L12: 18.46 | M12: 56.89 | N12: 14.9 | O12: 0 | P12: 0.89 | Q12: 5.21
A13: 24-02-2024 01:15 | B13: 21.88 | C13: 50.72 | D13: 46.18 | E13: Data F | F13: 3.39 | G13: 71.94 | H13: 23.35 | I13: 1.57 | J13: 0.06 | K13: 32.96 | L13: 18.17 | M13: 60.58 | N13: 15.1 | O13: 0 | P13: 0.83 | Q13: 5.21
A14: 24-02-2024 01:30 | B14: 21.01 | C14: 49.57 | D14: 44.85 | E14: 0.01 | F14: 3.45 | G14: 68.69 | H14: 22.73 | I14: 1.49 | J14: 0.5 | K14: 359.5 | L14: 18.05 | M14: 60.53 | N14: 14.2 | O14: 0 | P14: 0.85 | Q14: 5.21
A15: 24-02-2024 01:45 | B15: 19.67 | C15: 49.56 | D15: 43.77 | E15: Data F | F15: 3.46 | G15: 68.04 | H15: 22.73 | I15: 1.48 | J15: 0.4 | K15: 0.43 | L15: 18.4 | M15: 56.39 | N15: 14 | O15: 0 | P15: 0.82 | Q15: 5.21
A16: 24-02-2024 02:00 | B16: 18.09 | C16: 49.23 | D16: 42.32 | E16: 0.03 | F16: 3.44 | G16: 68.04 | H16: 22.73 | I16: 1.52 | J16: 0.45 | K16: 351.25 | L16: 18.67 | M16: 54.6 | N16: 14.3 | O16: 0 | P16: 0.78 | Q16: 5.21
A17: 24-02-2024 02:15 | B17: 16.35 | C17: 49.24 | D17: 40.93 | E17: 0.01 | F17: 3.55 | G17: 68.04 | H17: 22.73 | I17: 1.47 | J17: 0.49 | K17: 71.9 | L17: 18.82 | M17: 53 | N17: 14 | O17: 0 | P17: 0.74 | Q17: 5.21
A18: 24-02-2024 02:30 | B18: 14.66 | C18: 49.25 | D18: 39.59 | E18: 0.02 | F18: 3.39 | G18: 67.44 | H18: 23.01 | I18: 1.56 | J18: 0.46 | K18: 74 | L18: 18.71 | M18: 53.63 | N18: 14.5 | O18: 0 | P18: 0.73 | Q18: 5.21
A19: 24-02-2024 02:45 | B19: 13.3 | C19: 48.85 | D19: 38.27 | E19: Data F | F19: 3.37 | G19: 67.32 | H19: 23.01 | I19: 1.47 | J19: 0.3 | K19: 33.31 | L19: 18.43 | M19: 54.65 | N19: 14.7 | O19: 0 | P19: 0.7 | Q19: 5.21
A20: 24-02-2024 03:00 | B20: 12.16 | C20: 48.44 | D20: 37.13 | E20: Data F | F20: 3.27 | G20: 67.32 | H20: 23.01 | I20: 1.49 | J20: 0.17 | K20: 35.58 | L20: 18.11 | M20: 55.72 | N20: 14.9 | O20: 0 | P20: 0.68 | Q20: 5.21
A21: 24-02-2024 03:15 | B21: 11.18 | C21: 47.98 | D21: 36.09 | E21: Data F | F21: 3.34 | G21: 67.32 | H21: 23.01 | I21: 1.45 | J21: 0.15 | K21: 5.32 | L21: 17.94 | M21: 56.03 | N21: 14.7 | O21: 0 | P21: 0.65 | Q21: 5.21
A22: 24-02-2024 03:30 | B22: 10.58 | C22: 48.25 | D22: 35.76 | E22: 0.01 | F22: 3.45 | G22: 69.66 | H22: 22.62 | I22: 1.47 | J22: 0.54 | K22: 354.38 | L22: 17.9 | M22: 56.15 | N22: 14.5 | O22: 0 | P22: 0.62 | Q22: 5.21
A23: 24-02-2024 03:45 | B23: 10.16 | C23: 48.33 | D23: 35.47 | E23: Data F | F23: 3.38 | G23: 70.13 | H23: 22.62 | I23: 1.49 | J23: 1.16 | K23: 355.63 | L23: 17.82 | M23: 57.17 | N23: 14.5 | O23: 0 | P23: 0.6 | Q23: 5.21
A24: 24-02-2024 04:00 | B24: 9.93 | C24: 48.96 | D24: 35.63 | E24: 0.01 | F24: 3.3 | G24: 70.13 | H24: 22.62 | I24: 1.43 | J24: 0.84 | K24: 352.54 | L24: 17.62 | M24: 57.19 | N24: 14.9 | O24: 0 | P24: 0.58 | Q24: 5.21
A25: 24-02-2024 04:15 | B25: 10.03 | C25: 48.95 | D25: 35.7 | E25: 0.09 | F25: 3.48 | G25: 70.13 | H25: 22.62 | I25: 1.57 | J25: 0.96 | K25: 354.84 | L25: 17.46 | M25: 57.08 | N25: 14.9 | O25: 0 | P25: 0.56 | Q25: 5.21
A26: 24-02-2024 04:30 | B26: 10.25 | C26: 49.58 | D26: 36.23 | E26: 0.07 | F26: 3.24 | G26: 66.59 | H26: 23.74 | I26: 1.54 | J26: 0.62 | K26: 355.99 | L26: 17.32 | M26: 56.99 | N26: 14.9 | O26: 0 | P26: 0.54 | Q26: 5.21
A27: 24-02-2024 04:45 | B27: 10.42 | C27: 49.33 | D27: 36.23 | E27: 0.12 | F27: 3.36 | G27: 65.88 | H27: 23.74 | I27: 1.49 | J27: 0.81 | K27: 355.28 | L27: 17.29 | M27: 56.01 | N27: 14.9 | O27: 0 | P27: 0.54 | Q27: 5.21
A28: 24-02-2024 05:00 | B28: 10.63 | C28: 49.06 | D28: 36.25 | E28: 0.03 | F28: 3.7 | G28: 65.88 | H28: 23.74 | I28: 1.5 | J28: 0.96 | K28: 353.16 | L28: 17.15 | M28: 56.42 | N28: 14.9 | O28: 0 | P28: 0.52 | Q28: 5.21
A29: 24-02-2024 05:15 | B29: 10.98 | C29: 49.34 | D29: 36.68 | E29: 0.05 | F29: 3.58 | G29: 65.88 | H29: 23.74 | I29: 1.5 | J29: 0.81 | K29: 352.22 | L29: 17.04 | M29: 56.63 | N29: 14.8 | O29: 0 | P29: 0.51 | Q29: 5.21
A30: 24-02-2024 05:30 | B30: 11.36 | C30: 49.69 | D30: 37.18 | E30: 0.13 | F30: 3.61 | G30: 63.87 | H30: 21.41 | I30: 1.5 | J30: 1.03 | K30: 353.28 | L30: 16.93 | M30: 56.17 | N30: 14.8 | O30: 0 | P30: 0.5 | Q30: 5.21
A31: 24-02-2024 05:45 | B31: 11.28 | C31: 49.42 | D31: 36.97 | E31: 0.11 | F31: 3.6 | G31: 63.46 | H31: 21.41 | I31: 1.45 | J31: 0.76 | K31: 352.34 | L31: 16.77 | M31: 56.04 | N31: 14.9 | O31: 0 | P31: 0.49 | Q31: 5.21
A32: 24-02-2024 06:00 | B32: 11.23 | C32: 46.44 | D32: 35.28 | E32: 0.16 | F32: 3.59 | G32: 63.46 | H32: 21.41 | I32: 1.52 | J32: 0.54 | K32: 349.19 | L32: 16.64 | M32: 56.91 | N32: 14.9 | O32: 0 | P32: 0.47 | Q32: 5.21
A33: 24-02-2024 06:15 | B33: 11.71 | C33: 46.56 | D33: 35.73 | E33: 0.08 | F33: 3.59 | G33: 63.46 | H33: 21.41 | I33: 1.51 | J33: 0.97 | K33: 351.9 | L33: 16.6 | M33: 57.52 | N33: 15.4 | O33: 0 | P33: 0.47 | Q33: 5.21
A34: 24-02-2024 06:30 | B34: 12 | C34: 47.93 | D34: 36.72 | E34: 0.15 | F34: 3.32 | G34: 69.79 | H34: 19.12 | I34: 1.43 | J34: 0.91 | K34: 353.75 | L34: 16.58 | M34: 58.26 | N34: 20.1 | O34: 0 | P34: 0.47 | Q34: 5.21
A35: 24-02-2024 06:45 | B35: 12.8 | C35: 49.01 | D35: 37.96 | E35: 0.1 | F35: 3.27 | G35: 71.06 | H35: 19.12 | I35: 1.58 | J35: 0.89 | K35: 352.36 | L35: 16.61 | M35: 59.31 | N35: 32.8 | O35: 0 | P35: 0.48 | Q35: 5.21
... A104: 24-02-2024 24:00 | B104: 8.09 | C104: 56.18 | D104: 38.14 | E104: 0.11 | F104: 3.89 | G104: 89.05 | H104: 32.8 | I104: 1.5 | J104: 0.52 | K104: 359.17 | L104: 20.61 | M104: 73.08 | N104: 15.3 | O104: 0 | P104: 1.09 | Q104: 5.21
A106: Min | B106: =MIN(B9:B104) -> 1.57 | C106: =MIN(C9:C104) -> 45.38 | D106: =MIN(D9:D104) -> 26.97 | E106: =MIN(E9:E104) -> 0.01 | F106: =MIN(F9:F104) -> 3.04 | G106: =MIN(G9:G104) -> 53 | H106: =MIN(H9:H104) -> 19.12 | I106: =MIN(I9:I104) -> 1.38 | ... Q106: =MIN(Q9:Q104) -> 5.21
A107: Max | B107: =MAX(B9:B104) -> 24.02 | C107: =MAX(C9:C104) -> 65.12 | D107: =MAX(D9:D104) -> 49.66 | E107: =MAX(E9:E104) -> 0.31 | F107: =MAX(F9:F104) -> 6.15 | G107: =MAX(G9:G104) -> 96.2 | H107: =MAX(H9:H104) -> 38.84 | I107: =MAX(I9:I104) -> 1.6 | ... Q107: =MAX(Q9:Q104) -> 5.26
A108: Avg | B108: =AVERAGE(B9:B104) -> 9.2585417 | C108: =AVERAGE(C9:C104) -> 52.098125 | D108: =AVERAGE(D9:D104) -> 36.822812 | E108: =AVERAGE(E9:E104) -> 0.13329545 | F108: =AVERAGE(F9:F104) -> 3.985 | G108: =AVERAGE(G9:G104) -> 69.489896 | H108: =AVERAGE(H9:H104) -> 27.153021 | I108: =AVERAGE(I9:I104) -> 1.5003125 | ... Q108: =AVERAGE(Q9:Q104) -> 5.2105208
A109: Stdev | B109: =STDEV(B9:B104) -> 5.8614255 | C109: =STDEV(C9:C104) -> 5.200513 | D109: =STDEV(D9:D104) -> 5.7034002 | E109: =STDEV(E9:E104) -> 0.070884747 | F109: =STDEV(F9:F104) -> 0.89011531 | G109: =STDEV(G9:G104) -> 11.785987 | H109: =STDEV(H9:H104) -> 5.4535542 | I109: =STDEV(I9:I104) -> 0.044802564 | ... Q109: =STDEV(Q9:Q104) -> 0.0051031036
A110: Num | B110: =COUNT(B9:B104) -> 96 | C110: =COUNT(C9:C104) -> 96 | D110: =COUNT(D9:D104) -> 96 | E110: =COUNT(E9:E104)+8 -> 96 | F110: =COUNT(F9:F104) -> 96 | G110: =COUNT(G9:G104) -> 96 | H110: =COUNT(H9:H104) -> 96 | I110: =COUNT(I9:I104) -> 96 | J110: =COUNT(J9:J104) -> 96 | K110: =COUNT(K9:K104) -> 96 | L110: =COUNT(L9:L104) -> 96 | M110: =COUNT(M9:M104) -> 96 | ... Q110: =COUNT(Q9:Q104) -> 96
A111: DCR | B111: =IF(B110>=87,">90%",IF(B110<=87,"<90%")) -> >90% | C111: =IF(C110>=87,">90%",IF(C110<=87,"<90%")) -> >90% | D111: =IF(D110>=87,">90%",IF(D110<=87,"<90%")) -> >90% | E111: =IF(E110>=87,">90%",IF(E110<=87,"<90%")) -> >90% | F111: =IF(F110>=87,">90%",IF(F110<=87,"<90%")) -> >90% | G111: =IF(G110>=87,">90%",IF(G110<=87,"<90%")) -> >90% | H111: =IF(H110>=87,">90%",IF(H110<=87,"<90%")) -> >90% | I111: =IF(I110>=87,">90%",IF(I110<=87,"<90%")) -> >90% | ... Q111: =IF(Q110>=87,">90%",IF(Q110<=87,"<90%")) -> >90%
A112: Status | B112: =IF(B110>=87,"OK",IF(B110<=87,"LESS")) -> OK | C112: =IF(C110>=87,"OK",IF(C110<=87,"LESS")) -> OK | D112: =IF(D110>=87,"OK",IF(D110<=87,"LESS")) -> OK | E112: =IF(E110>=87,"OK",IF(E110<=87,"LESS")) -> OK | F112: =IF(F110>=87,"OK",IF(F110<=87,"LESS")) -> OK | G112: =IF(G110>=87,"OK",IF(G110<=87,"LESS")) -> OK | H112: =IF(H110>=87,"OK",IF(H110<=87,"LESS")) -> OK | I112: =IF(I110>=87,"OK",IF(I110<=87,"LESS")) -> OK | ... Q112: =IF(Q110>=87,"OK",IF(Q110<=87,"LESS")) -> OK
A115: Done by | B115: RK
A117: Comment

Sheet 25
A1: Station: | B1: BHATAGAON RAIPUR
A2: Date: | B2: =$A$9 -> 25-02-2024 00:15 | D2: Power Off | G2: Pw.Off | L2: Link Fail | N2: Link F | P2: Maintenance | R2: Maint.
A3: Report Type: | B3: Mean | D3: Calibration | G3: Calib. | L3: Data Fail | N3: Data F | P3: Invalid | R3: Invalid
A4: Time Base: | B4: 15 Min | D4: Zero Referrence | G4: Z.Ref | L4: Warm Up | N4: Wm. Up
A7: Date & Time | B7: NO_BHATAGAON | C7: NO2__BHATAGAON | D7: NOX_BHATAGAON | E7: SO2__BHATAGAON | F7: O3__BHATAGAON | G7: PM10__BHATAGAON | H7: PM2_5__BHATAGAON | I7: BENZ__BHATAGAON | J7: WS__BHATAGAON | K7: WD__BHATAGAON | L7: TEMP__BHATAGAON | M7: HUM__BHATAGAON | N7: SR__BHATAGAON | O7: RG__BHATAGAON | P7: CO__BHATAGAON | Q7: NH3__BHATAGAON
B8: ug/m3 | C8: ug/m3 | D8: ppb | E8: ug/m3 | F8: ug/m3 | G8: ug/m3 | H8: ug/m3 | I8: ug/m3 | J8: m/sec | K8: deg | L8: degreC | M8: % | N8: w/m2 | O8: mm | P8: mg/m3 | Q8: ug/m3
A9: 25-02-2024 00:15 | B9: 7.86 | C9: 55.62 | D9: 37.65 | E9: 0.15 | F9: 3.54 | G9: 89.05 | H9: 32.8 | I9: 1.48 | J9: 1.43 | K9: 353.04 | L9: 20.21 | M9: 71.46 | N9: 15.4 | O9: 0 | P9: 1.05 | Q9: 5.21
A10: 25-02-2024 00:30 | B10: 7.54 | C10: 54.86 | D10: 36.97 | E10: 0.28 | F10: 3.52 | G10: 83.81 | H10: 32.86 | I10: 1.47 | J10: 1.24 | K10: 351.52 | L10: 19.74 | M10: 66.68 | N10: 15.3 | O10: 0 | P10: 0.99 | Q10: 5.21
A11: 25-02-2024 00:45 | B11: 7.29 | C11: 55.44 | D11: 37.09 | E11: 0.29 | F11: 3.43 | G11: 82.77 | H11: 32.86 | I11: 1.51 | J11: 1 | K11: 354.74 | L11: 19.49 | M11: 60.15 | N11: 15.2 | O11: 0 | P11: 0.95 | Q11: 5.21
A12: 25-02-2024 01:00 | B12: 6.84 | C12: 55.3 | D12: 36.65 | E12: 0.23 | F12: 3.25 | G12: 82.77 | H12: 32.86 | I12: 1.53 | J12: 0.74 | K12: 355.98 | L12: 19.28 | M12: 58.12 | N12: 15.1 | O12: 0 | P12: 0.91 | Q12: 5.21
A13: 25-02-2024 01:15 | B13: 6.38 | C13: 55.15 | D13: 36.2 | E13: 0.16 | F13: 3.44 | G13: 82.77 | H13: 32.86 | I13: 1.51 | J13: 0.4 | K13: 62.71 | L13: 19.06 | M13: 57.2 | N13: 14.7 | O13: 0 | P13: 0.72 | Q13: 5.21
A14: 25-02-2024 01:30 | B14: 5.95 | C14: 54.01 | D14: 35.23 | E14: 0.18 | F14: 3.64 | G14: 72.98 | H14: 25.12 | I14: 1.51 | J14: 0.6 | K14: 351.54 | L14: 18.97 | M14: 57.56 | N14: 14.7 | O14: 0 | P14: 0.73 | Q14: 5.21
A15: 25-02-2024 01:45 | B15: 5.69 | C15: 53.96 | D15: 34.99 | E15: 0.28 | F15: 3.42 | G15: 71.02 | H15: 25.12 | I15: 1.47 | J15: 0.6 | K15: 4.14 | L15: 18.84 | M15: 58.37 | N15: 14.8 | O15: 0 | P15: 0.69 | Q15: 5.21
A16: 25-02-2024 02:00 | B16: 5.46 | C16: 53.72 | D16: 34.67 | E16: 0.2 | F16: 3.52 | G16: 71.02 | H16: 25.12 | I16: 1.48 | J16: 0.54 | K16: 5.81 | L16: 18.67 | M16: 59.76 | N16: 14.9 | O16: 0 | P16: 0.66 | Q16: 5.21
A17: 25-02-2024 02:15 | B17: 5.2 | C17: 53.15 | D17: 34.15 | E17: 0.25 | F17: 3.7 | G17: 71.02 | H17: 25.12 | I17: 1.54 | J17: 0.43 | K17: 4.22 | L17: 18.36 | M17: 61.47 | N17: 14.8 | O17: 0 | P17: 0.63 | Q17: 5.21
A18: 25-02-2024 02:30 | B18: 5.12 | C18: 52.98 | D18: 33.99 | E18: 0.19 | F18: 3.6 | G18: 62.43 | H18: 22.2 | I18: 1.42 | J18: 0.4 | K18: 64.13 | L18: 18.25 | M18: 63.56 | N18: 14.8 | O18: 0 | P18: 0.61 | Q18: 5.21
A19: 25-02-2024 02:45 | B19: 5.01 | C19: 51.88 | D19: 33.29 | E19: 0.23 | F19: 3.58 | G19: 60.71 | H19: 22.2 | I19: 1.55 | J19: 0.96 | K19: 355.68 | L19: 18.2 | M19: 65.68 | N19: 14.7 | O19: 0 | P19: 0.58 | Q19: 5.21
A20: 25-02-2024 03:00 | B20: 4.87 | C20: 51.13 | D20: 32.77 | E20: 0.19 | F20: 3.7 | G20: 60.71 | H20: 22.2 | I20: 1.48 | J20: 1.33 | K20: 352.92 | L20: 18.05 | M20: 65.77 | N20: 15 | O20: 0 | P20: 0.56 | Q20: 5.21
... A62: 25-02-2024 13:30 | B62: 3.57 | C62: 55.16 | D62: 33.95 | E62: 0.11 | F62: 18 | G62: 51.69 | H62: 22.07 | I62: 1.5 | J62: 0.69 | K62: 47.92 | L62: 26.17 | M62: 46.68 | N62: 640.9 | O62: 0 | P62: 0.57 | Q62: 5.21
A63: 25-02-2024 13:45 | B63: 2.07 | C63: 57.96 | D63: 34.29 | E63: Calib. | F63: 13.24 | G63: 49.19 | H63: 22.07 | I63: 1.48 | J63: 0.78 | K63: 1.02 | L63: 27.81 | M63: 41.28 | N63: 532.4 | O63: 0 | P63: 0.62 | Q63: 5.21
A64: 25-02-2024 14:00 | B64: 2.2 | C64: 59.6 | D64: 35.3 | E64: Calib. | F64: 5.72 | G64: 49.19 | H64: 22.07 | I64: 1.47 | J64: 0.45 | K64: 37.09 | L64: 27.19 | M64: 42.74 | N64: 548.8 | O64: 0 | P64: 0.66 | Q64: Calib.
A65: 25-02-2024 14:15 | B65: 3.94 | C65: 67.21 | D65: 40.9 | E65: Calib. | F65: 10.24 | G65: 49.19 | H65: 22.07 | I65: 1.41 | J65: 0.71 | K65: 75.3 | L65: 26.02 | M65: 46.3 | N65: 503.1 | O65: 0 | P65: 0.63 | Q65: Calib.
A66: 25-02-2024 14:30 | B66: 4.95 | C66: 74.95 | D66: 45.98 | E66: Calib. | F66: 7.97 | G66: 68.78 | H66: 22.36 | I66: 1.46 | J66: 0.48 | K66: 42.32 | L66: 26.65 | M66: 44.08 | N66: 431.8 | O66: 0 | P66: 0.65 | Q66: Calib.
