Workbook

Sheet 01
A1: Station: | B1: BHATAGAON RAIPUR
A2: Date: | B2: =$A$9 -> 01/05/2025 00:15 | D2: Power Off | G2: Pw.Off | L2: Link Fail | N2: Link F | P2: Maintenance | R2: Maint.
A3: Report Type: | B3: Mean | D3: Calibration | G3: Calib. | L3: Data Fail | N3: Data F | P3: Invalid | R3: Invalid
A4: Time Base: | B4: 15 Min | D4: Zero Referrence | G4: Z.Ref | L4: Warm Up | N4: Wm. Up
A7: Date & Time | B7: NO_BHATAGAON | C7: NO2__BHATAGAON | D7: NOX_BHATAGAON | E7: SO2__BHATAGAON | F7: O3__BHATAGAON | G7: PM10__BHATAGAON | H7: PM2_5__BHATAGAON | I7: BENZ__BHATAGAON | J7: WS__BHATAGAON | K7: WD__BHATAGAON | L7: TEMP__BHATAGAON | M7: HUM__BHATAGAON | N7: SR__BHATAGAON | O7: RG__BHATAGAON | P7: CO__BHATAGAON | Q7: NH3__BHATAGAON
B8: ug/m3 | C8: ug/m3 | D8: ppb | E8: ug/m3 | F8: ug/m3 | G8: ug/m3 | H8: ug/m3 | I8: ug/m3 | J8: m/sec | K8: deg | L8: degreC | M8: % | N8: w/m2 | O8: mm | P8: mg/m3 | Q8: ug/m3
A9: 01/05/2025 00:15 | B9: 5.2 | C9: 25.89 | D9: 41.56 | E9: 3.01 | F9: 7.26 | G9: 21.51 | H9: 8.27 | I9: 4.13 | J9: 3.2 | K9: 91.32 | L9: 29.24 | M9: 62.55 | N9: 138.2 | O9: 0 | P9: 0.37 | Q9: 9.52
A10: 01/05/2025 00:30 | B10: 4.84 | C10: 22.95 | D10: 36.5 | E10: 2.84 | F10: 8.38 | G10: 21.51 | H10: 8.27 | I10: 3.83 | J10: 2.33 | K10: 93.51 | L10: 29.1 | M10: 62.79 | N10: 194.6 | O10: 0 | P10: 0.35 | Q10: 9.52
A11: 01/05/2025 00:45 | B11: 4.5 | C11: 23.62 | D11: 38.31 | E11: 2.72 | F11: 8.71 | G11: 21.51 | H11: 8.27 | I11: 3.9 | J11: 1.52 | K11: 121.37 | L11: 29.07 | M11: 61.82 | N11: 180.7 | O11: 0 | P11: 0.35 | Q11: 9.49
A12: 01/05/2025 01:00 | B12: 3.99 | C12: 21.92 | D12: 35.83 | E12: 2.42 | F12: 8.67 | G12: 21.81 | H12: 6.64 | I12: 4.02 | J12: 1.61 | K12: 155.12 | L12: 28.97 | M12: 61.74 | N12: 190.5 | O12: 0 | P12: 0.34 | Q12: 9.47
A13: 01/05/2025 01:15 | B13: 3.77 | C13: 22.69 | D13: 37.65 | E13: 2.58 | F13: 7.75 | G13: 21.9 | H13: 6.17 | I13: 4.02 | J13: 1.52 | K13: 151.35 | L13: 28.79 | M13: 62.53 | N13: 172 | O13: 0 | P13: 0.32 | Q13: 9.47
A14: 01/05/2025 01:30 | B14: 3.54 | C14: 21.11 | D14: 34.97 | E14: 2.46 | F14: 8.6 | G14: 21.9 | H14: 6.17 | I14: 4.05 | J14: 0.28 | K14: 127.02 | L14: 28.68 | M14: 62.97 | N14: 165.9 | O14: 0 | P14: 0.33 | Q14: 9.45
A15: 01/05/2025 01:45 | B15: 3.59 | C15: 22.25 | D15: 37.07 | E15: 2.49 | F15: 7.04 | G15: 21.9 | H15: 6.17 | I15: 4.11 | J15: 2 | K15: 181.42 | L15: 28.64 | M15: 63.03 | N15: 125.9 | O15: 0 | P15: 0.33 | Q15: 9.45
A16: 01/05/2025 02:00 | B16: 3.26 | C16: 20.08 | D16: 33.43 | E16: 2.36 | F16: 9.34 | G16: 15.99 | H16: 7.98 | I16: 4.07 | J16: 1.29 | K16: 200.23 | L16: 28.5 | M16: 63.94 | N16: 139.9 | O16: 0 | P16: 0.29 | Q16: 9.43
A17: 01/05/2025 02:15 | B17: 3.45 | C17: 21.98 | D17: 36.78 | E17: 2.66 | F17: 8.56 | G17: 14.31 | H17: 8.5 | I17: 3.85 | J17: 1.99 | K17: 265.65 | L17: 28.16 | M17: 67.21 | N17: 147.6 | O17: 0 | P17: 0.32 | Q17: 9.41
A18: 01/05/2025 02:30 | B18: 6.86 | C18: 27.22 | D18: 41.57 | E18: 2.58 | F18: 10.31 | G18: 14.31 | H18: 8.5 | I18: 3.96 | J18: 2.1 | K18: 271.75 | L18: 27.61 | M18: 74.35 | N18: 127.6 | O18: 0 | P18: 0.35 | Q18: 9.42
A19: 01/05/2025 02:45 | B19: 5.67 | C19: 25.15 | D19: 39.44 | E19: 2.39 | F19: 11.33 | G19: 14.31 | H19: 8.5 | I19: 4.11 | J19: 2 | K19: 274.68 | L19: 27.23 | M19: 76.37 | N19: 146.9 | O19: 0 | P19: 0.29 | Q19: 9.4
A20: 01/05/2025 03:00 | B20: 3.49 | C20: 19.94 | D20: 32.82 | E20: 2.22 | F20: 13.36 | G20: 17.96 | H20: 6.69 | I20: 3.9 | J20: 1.08 | K20: 38.47 | L20: 27.04 | M20: 75.56 | N20: 143.2 | O20: 0 | P20: 0.26 | Q20: 9.39
... A83: 01/05/2025 18:45 | B83: 3.12 | C83: 25.64 | D83: 44.28 | E83: 3.17 | F83: 6.92 | G83: 32.14 | H83: 12.49 | I83: 4.2 | J83: 2.4 | K83: 83.05 | L83: 14.64 | M83: 81.62 | N83: 45 | O83: 0 | P83: 0.32 | Q83: 9.46
A84: 01/05/2025 19:00 | B84: Pw.Off | C84: Pw.Off | D84: Pw.Off | E84: Pw.Off | F84: Pw.Off | G84: Pw.Off | H84: Pw.Off | I84: Pw.Off | J84: Pw.Off | K84: Pw.Off | L84: Pw.Off | M84: Pw.Off | N84: Pw.Off | O84: Pw.Off | P84: Pw.Off | Q84: Pw.Off
A85: 01/05/2025 19:15 | B85: Pw.Off | C85: Pw.Off | D85: Pw.Off | E85: Pw.Off | F85: Pw.Off | G85: Pw.Off | H85: Pw.Off | I85: Pw.Off | J85: Pw.Off | K85: Pw.Off | L85: Pw.Off | M85: Pw.Off | N85: Pw.Off | O85: Pw.Off | P85: Pw.Off | Q85: Pw.Off
A86: 01/05/2025 19:30 | B86: Pw.Off | C86: Pw.Off | D86: Pw.Off | E86: Pw.Off | F86: Pw.Off | G86: Pw.Off | H86: Pw.Off | I86: Pw.Off | J86: Pw.Off | K86: Pw.Off | L86: Pw.Off | M86: Pw.Off | N86: Pw.Off | O86: Pw.Off | P86: Pw.Off | Q86: Pw.Off
A87: 01/05/2025 19:45 | B87: Pw.Off | C87: Pw.Off | D87: Pw.Off | E87: Pw.Off | F87: Pw.Off | G87: Pw.Off | H87: Pw.Off | I87: Pw.Off | J87: Pw.Off | K87: Pw.Off | L87: Pw.Off | M87: Pw.Off | N87: Pw.Off | O87: Pw.Off | P87: Pw.Off | Q87: Pw.Off
A88: 01/05/2025 20:00 | B88: Pw.Off | C88: Pw.Off | D88: Pw.Off | E88: Pw.Off | F88: Pw.Off | G88: Pw.Off | H88: Pw.Off | I88: Pw.Off | J88: Pw.Off | K88: Pw.Off | L88: Pw.Off | M88: Pw.Off | N88: Pw.Off | O88: Pw.Off | P88: Pw.Off | Q88: Pw.Off
A89: 01/05/2025 20:15 | B89: Pw.Off | C89: Pw.Off | D89: Pw.Off | E89: Pw.Off | F89: Pw.Off | G89: Pw.Off | H89: Pw.Off | I89: Pw.Off | J89: Pw.Off | K89: Pw.Off | L89: Pw.Off | M89: Pw.Off | N89: Pw.Off | O89: Pw.Off | P89: Pw.Off | Q89: Pw.Off
A90: 01/05/2025 20:30 | B90: Pw.Off | C90: Pw.Off | D90: Pw.Off | E90: Pw.Off | F90: Pw.Off | G90: Pw.Off | H90: Pw.Off | I90: Pw.Off | J90: Pw.Off | K90: Pw.Off | L90: Pw.Off | M90: Pw.Off | N90: Pw.Off | O90: Pw.Off | P90: Pw.Off | Q90: Pw.Off
A91: 01/05/2025 20:45 | B91: Pw.Off | C91: Pw.Off | D91: Pw.Off | E91: Pw.Off | F91: Pw.Off | G91: Pw.Off | H91: Pw.Off | I91: Pw.Off | J91: Pw.Off | K91: Pw.Off | L91: Pw.Off | M91: Pw.Off | N91: Pw.Off | O91: Pw.Off | P91: Pw.Off | Q91: Pw.Off
A92: 01/05/2025 21:00 | B92: Pw.Off | C92: Pw.Off | D92: Pw.Off | E92: Pw.Off | F92: Pw.Off | G92: Pw.Off | H92: Pw.Off | I92: Pw.Off | J92: Pw.Off | K92: Pw.Off | L92: Pw.Off | M92: Pw.Off | N92: Pw.Off | O92: Pw.Off | P92: Pw.Off | Q92: Pw.Off
A93: 01/05/2025 21:15 | B93: Pw.Off | C93: Pw.Off | D93: Pw.Off | E93: Pw.Off | F93: Pw.Off | G93: Pw.Off | H93: Pw.Off | I93: Pw.Off | J93: Pw.Off | K93: Pw.Off | L93: Pw.Off | M93: Pw.Off | N93: Pw.Off | O93: Pw.Off | P93: Pw.Off | Q93: Pw.Off
A94: 01/05/2025 21:30 | B94: Pw.Off | C94: Pw.Off | D94: Pw.Off | E94: Pw.Off | F94: Pw.Off | G94: Pw.Off | H94: Pw.Off | I94: Pw.Off | J94: Pw.Off | K94: Pw.Off | L94: Pw.Off | M94: Pw.Off | N94: Pw.Off | O94: Pw.Off | P94: Pw.Off | Q94: Pw.Off
A95: 01/05/2025 21:45 | B95: Pw.Off | C95: Pw.Off | D95: Pw.Off | E95: Pw.Off | F95: Pw.Off | G95: Pw.Off | H95: Pw.Off | I95: Pw.Off | J95: Pw.Off | K95: Pw.Off | L95: Pw.Off | M95: Pw.Off | N95: Pw.Off | O95: Pw.Off | P95: Pw.Off | Q95: Pw.Off
... A99: 01/05/2025 22:45 | B99: Pw.Off | C99: Pw.Off | D99: Pw.Off | E99: Pw.Off | F99: Pw.Off | G99: Pw.Off | H99: Pw.Off | I99: Pw.Off | J99: Pw.Off | K99: Pw.Off | L99: Pw.Off | M99: Pw.Off | N99: Pw.Off | O99: Pw.Off | P99: Pw.Off | Q99: Pw.Off
A100: 01/05/2025 23:00 | B100: Wm. Up | C100: Wm. Up | D100: Wm. Up | E100: Wm. Up | F100: 6.29 | G100: 0.2 | H100: 9.76 | I100: 3.95 | J100: 1.36 | K100: 152.87 | L100: 24.47 | M100: 91.26 | N100: 45.1 | O100: 0 | P100: 0.13 | Q100: Wm. Up
A101: 01/05/2025 23:15 | B101: Wm. Up | C101: Wm. Up | D101: Wm. Up | E101: 2.18 | F101: 8.53 | G101: 0 | H101: 8.74 | I101: 3.99 | J101: 1.14 | K101: 233.56 | L101: 0.94 | M101: 92.7 | N101: 45.3 | O101: 0 | P101: 0.07 | Q101: Wm. Up
A102: 01/05/2025 23:30 | B102: Wm. Up | C102: Wm. Up | D102: Wm. Up | E102: Wm. Up | F102: 56.07 | G102: 0.04 | H102: 8.74 | I102: 4.19 | J102: 0.95 | K102: 232.19 | L102: 24.1 | M102: 94 | N102: 45.3 | O102: 0 | P102: 0.18 | Q102: Wm. Up
A103: 01/05/2025 23:45 | B103: 3.23 | C103: 15.23 | D103: 24.2 | E103: 1.88 | F103: 5.55 | G103: 0.04 | H103: 8.74 | I103: 3.9 | J103: 0.77 | K103: 224.93 | L103: 23.99 | M103: 94.43 | N103: 45.2 | O103: 0 | P103: 0.21 | Q103: 8.24
A104: 01/05/2025 24:00 | B104: 4.53 | C104: 23.55 | D104: 38.11 | E104: 1.2 | F104: 6.19 | G104: 18.04 | H104: 6.7 | I104: 4 | J104: 1.09 | K104: 229.45 | L104: 23.98 | M104: 94.45 | N104: 45.1 | O104: 0 | P104: 0.18 | Q104: 9.65
A106: Min | B106: =MIN(B9:B104) -> 1.95 | C106: =MIN(C9:C104) -> 15.23 | D106: =MIN(D9:D104) -> 24.2 | E106: =MIN(E9:E104) -> 1.2 | F106: =MIN(F9:F104) -> 5.55 | G106: =MIN(G9:G104) -> 0 | H106: =MIN(H9:H104) -> 4.41 | I106: =MIN(I9:I104) -> 3.82 | ... Q106: =MIN(Q9:Q104) -> 8.24
A107: Max | B107: =MAX(B9:B104) -> 22.55 | C107: =MAX(C9:C104) -> 41.35 | D107: =MAX(D9:D104) -> 59.84 | E107: =MAX(E9:E104) -> 4.6 | F107: =MAX(F9:F104) -> 56.07 | G107: =MAX(G9:G104) -> 535.11 | H107: =MAX(H9:H104) -> 12.73 | I107: =MAX(I9:I104) -> 4.24 | ... Q107: =MAX(Q9:Q104) -> 9.65
A108: Avg | B108: =AVERAGE(B9:B104) -> 6.0125974 | C108: =AVERAGE(C9:C104) -> 25.007403 | D108: =AVERAGE(D9:D104) -> 38.635844 | E108: =AVERAGE(E9:E104) -> 3.0810256 | F108: =AVERAGE(F9:F104) -> 12.4245 | G108: =AVERAGE(G9:G104) -> 47.978875 | H108: =AVERAGE(H9:H104) -> 7.566875 | I108: =AVERAGE(I9:I104) -> 4.008375 | ... Q108: =AVERAGE(Q9:Q104) -> 9.4266234
A109: Stdev | B109: =STDEV(B9:B104) -> 4.108517 | C109: =STDEV(C9:C104) -> 5.5178515 | D109: =STDEV(D9:D104) -> 5.8200093 | E109: =STDEV(E9:E104) -> 0.74405626 | F109: =STDEV(F9:F104) -> 7.690432 | G109: =STDEV(G9:G104) -> 107.25543 | H109: =STDEV(H9:H104) -> 2.2322751 | I109: =STDEV(I9:I104) -> 0.10054842 | ... Q109: =STDEV(Q9:Q104) -> 0.1751286
A110: Num | B110: =COUNT(B9:B104)+19 -> 96 | C110: =COUNT(C9:C104)+19 -> 96 | D110: =COUNT(D9:D104)+19 -> 96 | E110: =COUNT(E9:E104)+18 -> 96 | F110: =COUNT(F9:F104)+16 -> 96 | G110: =COUNT(G9:G104)+16 -> 96 | H110: =COUNT(H9:H104)+16 -> 96 | I110: =COUNT(I9:I104)+16 -> 96 | J110: =COUNT(J9:J104)+16 -> 96 | K110: =COUNT(K9:K104)+16 -> 96 | L110: =COUNT(L9:L104)+16 -> 96 | M110: =COUNT(M9:M104)+16 -> 96 | ... P110: =COUNT(P9:P104)+16 -> 96 | Q110: =COUNT(Q9:Q104)+19 -> 96
A111: DCR | B111: =IF(B110>=87,">90%",IF(B110<=87,"<90%")) -> >90% | C111: =IF(C110>=87,">90%",IF(C110<=87,"<90%")) -> >90% | D111: =IF(D110>=87,">90%",IF(D110<=87,"<90%")) -> >90% | E111: =IF(E110>=87,">90%",IF(E110<=87,"<90%")) -> >90% | F111: =IF(F110>=87,">90%",IF(F110<=87,"<90%")) -> >90% | G111: =IF(G110>=87,">90%",IF(G110<=87,"<90%")) -> >90% | H111: =IF(H110>=87,">90%",IF(H110<=87,"<90%")) -> >90% | I111: =IF(I110>=87,">90%",IF(I110<=87,"<90%")) -> >90% | ... Q111: =IF(Q110>=87,">90%",IF(Q110<=87,"<90%")) -> >90%
A112: Status | B112: =IF(B110>=87,"OK",IF(B110<=87,"LESS")) -> OK | C112: =IF(C110>=87,"OK",IF(C110<=87,"LESS")) -> OK | D112: =IF(D110>=87,"OK",IF(D110<=87,"LESS")) -> OK | E112: =IF(E110>=87,"OK",IF(E110<=87,"LESS")) -> OK | F112: =IF(F110>=87,"OK",IF(F110<=87,"LESS")) -> OK | G112: =IF(G110>=87,"OK",IF(G110<=87,"LESS")) -> OK | H112: =IF(H110>=87,"OK",IF(H110<=87,"LESS")) -> OK | I112: =IF(I110>=87,"OK",IF(I110<=87,"LESS")) -> OK | ... Q112: =IF(Q110>=87,"OK",IF(Q110<=87,"LESS")) -> OK
A115: Done by | B115: RK
A117: Comment

Sheet 02
A1: Station: | B1: BHATAGAON RAIPUR
A2: Date: | B2: =$A$9 -> 02/05/2025 00:15 | D2: Power Off | G2: Pw.Off | L2: Link Fail | N2: Link F | P2: Maintenance | R2: Maint.
A3: Report Type: | B3: Mean | D3: Calibration | G3: Calib. | L3: Data Fail | N3: Data F | P3: Invalid | R3: Invalid
A4: Time Base: | B4: 15 Min | D4: Zero Referrence | G4: Z.Ref | L4: Warm Up | N4: Wm. Up
A7: Date & Time | B7: NO_BHATAGAON | C7: NO2__BHATAGAON | D7: NOX_BHATAGAON | E7: SO2__BHATAGAON | F7: O3__BHATAGAON | G7: PM10__BHATAGAON | H7: PM2_5__BHATAGAON | I7: BENZ__BHATAGAON | J7: WS__BHATAGAON | K7: WD__BHATAGAON | L7: TEMP__BHATAGAON | M7: HUM__BHATAGAON | N7: SR__BHATAGAON | O7: RG__BHATAGAON | P7: CO__BHATAGAON | Q7: NH3__BHATAGAON
B8: ug/m3 | C8: ug/m3 | D8: ppb | E8: ug/m3 | F8: ug/m3 | G8: ug/m3 | H8: ug/m3 | I8: ug/m3 | J8: m/sec | K8: deg | L8: degreC | M8: % | N8: w/m2 | O8: mm | P8: mg/m3 | Q8: ug/m3
A9: 02/05/2025 00:15 | B9: 4.61 | C9: 24.37 | D9: 39.56 | E9: Data F | F9: 5.59 | G9: 22.92 | H9: 6.12 | I9: 4.01 | J9: 0.74 | K9: 274.83 | L9: 23.78 | M9: 96.32 | N9: 45.2 | O9: 0 | P9: 0.15 | Q9: 9.67
A10: 02/05/2025 00:30 | B10: 4.83 | C10: 23.98 | D10: 38.48 | E10: Data F | F10: 5.38 | G10: 22.92 | H10: 6.12 | I10: 3.99 | J10: 0.61 | K10: 250.1 | L10: 23.58 | M10: 98.42 | N10: 45.4 | O10: 0 | P10: 0.15 | Q10: 9.63
A11: 02/05/2025 00:45 | B11: 5.3 | C11: 23.47 | D11: 36.8 | E11: Data F | F11: 5.71 | G11: 22.92 | H11: 6.12 | I11: 3.98 | J11: 0.18 | K11: 291.84 | L11: 23.57 | M11: 98.14 | N11: 45.1 | O11: 0 | P11: 0.15 | Q11: 9.64
A12: 02/05/2025 01:00 | B12: 5.58 | C12: 24.28 | D12: 37.92 | E12: Data F | F12: 5.21 | G12: 29.24 | H12: 4.93 | I12: 4.01 | J12: 0.42 | K12: 325.21 | L12: 23.55 | M12: 98.35 | N12: 45.1 | O12: 0 | P12: 0.13 | Q12: 9.63
A13: 02/05/2025 01:15 | B13: 6.09 | C13: 22.88 | D13: 34.45 | E13: Data F | F13: 6.03 | G13: 31.05 | H13: 4.59 | I13: 4.06 | J13: 0.8 | K13: 49.93 | L13: 23.6 | M13: 97.5 | N13: 45.1 | O13: 0 | P13: 0.3 | Q13: 9.64
A14: 02/05/2025 01:30 | B14: 6.55 | C14: 25.07 | D14: 37.93 | E14: Data F | F14: 5.04 | G14: 31.05 | H14: 4.59 | I14: 3.85 | J14: 0.71 | K14: 23.51 | L14: 23.88 | M14: 96.47 | N14: 44.9 | O14: 0 | P14: 0.31 | Q14: 9.62
A15: 02/05/2025 01:45 | B15: 6.84 | C15: 23.9 | D15: 35.25 | E15: Data F | F15: 5.46 | G15: 31.05 | H15: 4.59 | I15: 4.13 | J15: 0.29 | K15: 63.47 | L15: 24.19 | M15: 95.52 | N15: 45 | O15: 0 | P15: 0.33 | Q15: 9.62
A16: 02/05/2025 02:00 | B16: 7.1 | C16: 25.8 | D16: 38.5 | E16: Data F | F16: 5.8 | G16: 21.14 | H16: 6.41 | I16: 4.04 | J16: 0.47 | K16: 96.26 | L16: 24.14 | M16: 95.95 | N16: 44.9 | O16: 0 | P16: 0.31 | Q16: 9.62
A17: 02/05/2025 02:15 | B17: 7.07 | C17: 25.28 | D17: 37.54 | E17: Data F | F17: 6.21 | G17: 18.31 | H17: 6.93 | I17: 3.96 | J17: 1.91 | K17: 98.16 | L17: 24.12 | M17: 96.07 | N17: 45.1 | O17: 0 | P17: 0.31 | Q17: 9.67
A18: 02/05/2025 02:30 | B18: 7.17 | C18: 23.99 | D18: 34.92 | E18: Data F | F18: 5.76 | G18: 18.31 | H18: 6.93 | I18: 3.89 | J18: 1.61 | K18: 96.86 | L18: 23.91 | M18: 97.23 | N18: 45.6 | O18: 0 | P18: 0.3 | Q18: 9.66
A19: 02/05/2025 02:45 | B19: 7.18 | C19: 23.13 | D19: 33.25 | E19: Data F | F19: 5.87 | G19: 18.31 | H19: 6.93 | I19: 3.98 | J19: 1.17 | K19: 109.42 | L19: 23.84 | M19: 97.03 | N19: 45.4 | O19: 0 | P19: 0.3 | Q19: 9.64
A20: 02/05/2025 03:00 | B20: 6.7 | C20: 22.49 | D20: 32.77 | E20: Data F | F20: 6.18 | G20: 14.53 | H20: 5.66 | I20: 4.04 | J20: 0.7 | K20: 95.83 | L20: 23.8 | M20: 97.19 | N20: 45.6 | O20: 0 | P20: 0.29 | Q20: 9.62
... A39: 02/05/2025 07:45 | B39: 11.06 | C39: 26.96 | D39: 34.62 | E39: Data F | F39: 6.12 | G39: 12.9 | H39: 6.99 | I39: 4.14 | J39: 1.32 | K39: 95.9 | L39: 27.3 | M39: 80.15 | N39: 396.9 | O39: 0 | P39: 0.28 | Q39: 9.64
A40: 02/05/2025 08:00 | B40: 11.69 | C40: 29.73 | D40: 38.96 | E40: 1.95 | F40: 6.91 | G40: 11.66 | H40: 5.71 | I40: 4.08 | J40: 0.46 | K40: 79.51 | L40: 28.45 | M40: 77.19 | N40: 440.7 | O40: 0 | P40: 0.3 | Q40: 9.65
A41: 02/05/2025 08:15 | B41: 11.91 | C41: 29.39 | D41: 37.97 | E41: 2.27 | F41: 6.89 | G41: 11.3 | H41: 5.34 | I41: 3.89 | J41: 0.32 | K41: 23.37 | L41: 29.58 | M41: 71.54 | N41: 510.1 | O41: 0 | P41: 0.3 | Q41: 9.64
A42: 02/05/2025 08:30 | B42: 12.69 | C42: 29.02 | D42: 36.07 | E42: 1.91 | F42: 6.29 | G42: 11.3 | H42: 5.34 | I42: 3.92 | J42: 0.65 | K42: 331.89 | L42: 30.69 | M42: 68.59 | N42: 557.6 | O42: 0 | P42: 0.31 | Q42: 9.63
A43: 02/05/2025 08:45 | B43: 13.04 | C43: 31.29 | D43: 39.87 | E43: 2.64 | F43: 6.3 | G43: 11.3 | H43: 5.34 | I43: 3.99 | J43: 0.69 | K43: 347.84 | L43: 32.11 | M43: 63.02 | N43: 611.9 | O43: 0 | P43: 0.32 | Q43: 9.65
A44: 02/05/2025 09:00 | B44: 13.13 | C44: 31.99 | D44: 41.08 | E44: 2.25 | F44: 6.79 | G44: 10.55 | H44: 5.61 | I44: 3.9 | J44: 0.58 | K44: 328.77 | L44: 32.93 | M44: 59.94 | N44: 665.2 | O44: 0 | P44: 0.35 | Q44: 9.64
A45: 02/05/2025 09:15 | B45: 11.66 | C45: 29.35 | D45: 38.27 | E45: 2.17 | F45: 7.03 | G45: 10.33 | H45: 5.69 | I45: 4 | J45: 0.41 | K45: 272.33 | L45: 32.84 | M45: 61.7 | N45: 761.4 | O45: 0 | P45: 0.35 | Q45: 9.65
A46: 02/05/2025 09:30 | B46: 12.57 | C46: 31.88 | D46: 41.72 | E46: 2.18 | F46: 6.39 | G46: 10.33 | H46: 5.69 | I46: 4.1 | J46: 1.28 | K46: 279.29 | L46: 34.96 | M46: 53.33 | N46: 770 | O46: 0 | P46: 0.38 | Q46: 9.63
A47: 02/05/2025 09:45 | B47: 12.51 | C47: 34.46 | D47: 46.75 | E47: 2.4 | F47: 6.8 | G47: 10.33 | H47: 5.69 | I47: 4.16 | J47: 0.5 | K47: 341.29 | L47: 35.11 | M47: 52.81 | N47: 782.4 | O47: 0 | P47: 0.42 | Q47: 9.65
A48: 02/05/2025 10:00 | B48: 11.4 | C48: 32.92 | D48: 45.52 | E48: 2.37 | F48: 7.75 | G48: 28.91 | H48: 7.8 | I48: 4 | J48: 1.09 | K48: 272.65 | L48: 35.26 | M48: 51.45 | N48: 812.6 | O48: 0 | P48: 0.43 | Q48: 9.63
A49: 02/05/2025 10:15 | B49: 10.17 | C49: 31.01 | D49: 43.75 | E49: 2.03 | F49: 6.27 | G49: 34.21 | H49: 8.4 | I49: 4 | J49: 0.64 | K49: 257.31 | L49: 35.74 | M49: 48.08 | N49: 859.2 | O49: 0 | P49: 0.45 | Q49: 9.63
A50: 02/05/2025 10:30 | B50: 7.88 | C50: 29.99 | D50: 45.31 | E50: 2 | F50: 8.43 | G50: 34.21 | H50: 8.4 | I50: 3.99 | J50: 0.76 | K50: 250.64 | L50: 35.27 | M50: 47.99 | N50: 887 | O50: 0 | P50: 0.45 | Q50: 9.64
A51: 02/05/2025 10:45 | B51: 1.39 | C51: 25.12 | D51: 45.95 | E51: 2.35 | F51: 14.32 | G51: 34.21 | H51: 8.4 | I51: 4.12 | J51: 1.2 | K51: 276.51 | L51: 36.7 | M51: 44.26 | N51: 913.4 | O51: 0 | P51: 0.49 | Q51: 9.67
A52: 02/05/2025 11:00 | B52: -0.09 | C52: 4.04 | D52: 7.87 | E52: 2.89 | F52: 20.44 | G52: 34.21 | H52: 8.4 | I52: 4.2 | J52: 0.53 | K52: 118.33 | L52: 35.51 | M52: 47.07 | N52: 919.3 | O52: 0 | P52: 0.53 | Q52: 9.6
A53: 02/05/2025 11:15 | B53: 0.01 | C53: 4.58 | D53: 8.75 | E53: 3.88 | F53: 17.25 | G53: Calib. | H53: Calib. | I53: 3.97 | J53: 0.34 | K53: 204.07 | L53: 35.48 | M53: 46.72 | N53: 916.2 | O53: 0 | P53: 0.54 | Q53: 9.56
A54: 02/05/2025 11:30 | B54: 2.96 | C54: 55.94 | D54: 60.55 | E54: 3.66 | F54: 19.33 | G54: Calib. | H54: Calib. | I54: 4.16 | J54: 0.37 | K54: 103.96 | L54: 36.24 | M54: 45.45 | N54: 884.3 | O54: 0 | P54: 0.61 | Q54: 9.55
A55: 02/05/2025 11:45 | B55: 2.52 | C55: 32.26 | D55: 57.89 | E55: 35.89 | F55: 23.03 | G55: Calib. | H55: Calib. | I55: 4.09 | J55: 0.19 | K55: 30.01 | L55: 35.43 | M55: 47.79 | N55: 883.4 | O55: 0 | P55: 0.66 | Q55: 9.55
A56: 02/05/2025 12:00 | B56: 5.06 | C56: 42.95 | D56: 74.43 | E56: Calib. | F56: 20.85 | G56: Calib. | H56: Calib. | I56: 4.13 | J56: 0.65 | K56: 312.4 | L56: 36.85 | M56: 45.19 | N56: 844.2 | O56: 0 | P56: 0.86 | Q56: 9.55
A57: 02/05/2025 12:15 | B57: 6.21 | C57: 41.47 | D57: 69.84 | E57: Calib. | F57: 15.65 | G57: 89.87 | H57: 27.85 | I57: 3.85 | J57: 1.4 | K57: 288.09 | L57: 38.16 | M57: 40.86 | N57: 858.6 | O57: 0 | P57: 0.82 | Q57: 9.54
A58: 02/05/2025 12:30 | B58: 3.24 | C58: 41.64 | D58: 74.72 | E58: Calib. | F58: 20.15 | G58: 89.87 | H58: 27.85 | I58: 4.08 | J58: 0.82 | K58: 112.35 | L58: 37.73 | M58: 40.48 | N58: 848.6 | O58: 0 | P58: 0.82 | Q58: 9.53
A59: 02/05/2025 12:45 | B59: 1.33 | C59: 34.83 | D59: 64.62 | E59: Calib. | F59: 22.07 | G59: 89.87 | H59: 27.85 | I59: 3.86 | J59: 1.42 | K59: 111.17 | L59: 35.53 | M59: 46.13 | N59: 831.6 | O59: 0 | P59: 0.8 | Q59: 9.54
A60: 02/05/2025 13:00 | B60: 3.28 | C60: 41.01 | D60: 73.46 | E60: Calib. | F60: 19.13 | G60: 89.87 | H60: 27.85 | I60: 4.11 | J60: 0.24 | K60: 274.1 | L60: 36.68 | M60: 42.85 | N60: 802.4 | O60: 0 | P60: 0.83 | Q60: 9.49
A61: 02/05/2025 13:15 | B61: 2.02 | C61: 36.51 | D61: 66.77 | E61: 8.74 | F61: 21.44 | G61: 97.6 | H61: 30.96 | I61: 4.08 | J61: 0.9 | K61: 254.1 | L61: 39.37 | M61: 37.09 | N61: 795.9 | O61: 0 | P61: 0.7 | Q61: 9.5
A62: 02/05/2025 13:30 | B62: 0.21 | C62: 29.99 | D62: 57.07 | E62: 7.88 | F62: 14.84 | G62: 97.6 | H62: 30.96 | I62: 3.81 | J62: 1.03 | K62: 184 | L62: 37.1 | M62: 38.78 | N62: 687.8 | O62: 0 | P62: 0.7 | Q62: 9.52
A63: 02/05/2025 13:45 | B63: 0.21 | C63: 25.63 | D63: 49.25 | E63: 12.25 | F63: 17.97 | G63: 97.6 | H63: 30.96 | I63: 4.08 | J63: 1.14 | K63: 244.91 | L63: 37.82 | M63: 35.57 | N63: 607.6 | O63: 0 | P63: Calib. | Q63: 9.55
A64: 02/05/2025 14:00 | B64: 0.4 | C64: 25.07 | D64: 47.37 | E64: 6.89 | F64: 16.89 | G64: 97.6 | H64: 30.96 | I64: 4.03 | J64: 1.03 | K64: 254.66 | L64: 39.14 | M64: 32.96 | N64: 556.2 | O64: 0 | P64: Calib. | Q64: 9.58
A65: 02/05/2025 14:15 | B65: 0.34 | C65: 23.6 | D65: 44.66 | E65: 4.79 | F65: 10.39 | G65: 94.94 | H65: 26.42 | I65: 4.07 | J65: 0.87 | K65: 280.36 | L65: 39.68 | M65: 31.06 | N65: 473.3 | O65: 0 | P65: 0.6 | Q65: 9.58
A66: 02/05/2025 14:30 | B66: 0.35 | C66: 21.81 | D66: 41.2 | E66: 3.46 | F66: 12.13 | G66: 94.94 | H66: 26.42 | I66: 3.83 | J66: 0.11 | K66: 154.17 | L66: 39.78 | M66: 29.64 | N66: 292.8 | O66: 0 | P66: 0.54 | Q66: 9.58
A67: 02/05/2025 14:45 | B67: 0.77 | C67: 23.47 | D67: 43.73 | E67: 4.34 | F67: 14.91 | G67: 94.94 | H67: 26.42 | I67: 4.09 | J67: 0.35 | K67: 178.34 | L67: 38.28 | M67: 30.84 | N67: 344.7 | O67: 0 | P67: 0.52 | Q67: 9.54
A68: 02/05/2025 15:00 | B68: 1.73 | C68: 22.87 | D68: 40.74 | E68: 4.9 | F68: 16.57 | G68: 94.94 | H68: 26.42 | I68: 4.22 | J68: 0.49 | K68: 246.32 | L68: 39.23 | M68: 28.99 | N68: 366.8 | O68: 0 | P68: 0.49 | Q68: 9.59
A69: 02/05/2025 15:15 | B69: 6.91 | C69: 26.41 | D69: 36.89 | E69: 7.67 | F69: 30.56 | G69: 2.07 | H69: 24.82 | I69: 4.12 | J69: 0.56 | K69: 138.09 | L69: 37.75 | M69: 31.03 | N69: 330 | O69: 0 | P69: 0.35 | Q69: 9.57
A70: 02/05/2025 15:30 | B70: 7.21 | C70: 27.97 | D70: 39.41 | E70: 7.95 | F70: 23.58 | G70: 2.07 | H70: 24.82 | I70: 3.96 | J70: 0.27 | K70: 237.42 | L70: 38.14 | M70: 30.4 | N70: 338.3 | O70: 0 | P70: 0.37 | Q70: 9.6
A71: 02/05/2025 15:45 | B71: 8.55 | C71: 30.91 | D71: 42.99 | E71: 4.87 | F71: 20.3 | G71: 2.07 | H71: 24.82 | I71: 3.98 | J71: 0.69 | K71: 275.91 | L71: 39.08 | M71: 29.5 | N71: 423.5 | O71: 0 | P71: 0.41 | Q71: 9.62
A72: 02/05/2025 16:00 | B72: 7.8 | C72: 27.81 | D72: 38.22 | E72: 6.74 | F72: 32.21 | G72: 2.07 | H72: 24.82 | I72: 3.94 | J72: 0.2 | K72: 105.04 | L72: 38.59 | M72: 29.63 | N72: 371.3 | O72: 0 | P72: 0.36 | Q72: 9.6
A73: 02/05/2025 16:15 | B73: 11.18 | C73: 33.89 | D73: 44.65 | E73: 9.82 | F73: 26.65 | G73: 20.51 | H73: 17.43 | I73: 3.83 | J73: 0.23 | K73: 246.71 | L73: 37.78 | M73: 32.45 | N73: 292.3 | O73: 0 | P73: 0.44 | Q73: 9.59
A74: 02/05/2025 16:30 | B74: 12.03 | C74: 42.8 | D74: 60.41 | E74: 10.59 | F74: 27.12 | G74: 20.51 | H74: 17.43 | I74: 4.05 | J74: 0.4 | K74: 299.48 | L74: 38.14 | M74: 32.9 | N74: 189.6 | O74: 0 | P74: 0.63 | Q74: 9.59
A75: 02/05/2025 16:45 | B75: 13.88 | C75: 45.13 | D75: 62.03 | E75: 11.05 | F75: 29.5 | G75: 20.51 | H75: 17.43 | I75: 4.01 | J75: 0.04 | K75: 13.52 | L75: 37.82 | M75: 32.44 | N75: 147.4 | O75: 0 | P75: 0.55 | Q75: 9.6
A76: 02/05/2025 17:00 | B76: 8.5 | C76: 28.68 | D76: 38.8 | E76: 10.27 | F76: 33.3 | G76: 20.51 | H76: 17.43 | I76: 3.9 | J76: 0.27 | K76: 104.17 | L76: 37.08 | M76: 33.77 | N76: 133.2 | O76: 0 | P76: 0.35 | Q76: 9.61
... A104: 02/05/2025 24:00 | B104: 8.95 | C104: 38.81 | D104: 57.48 | E104: 2.33 | F104: 16.45 | G104: 28.17 | H104: 15.27 | I104: 4.01 | J104: 0.23 | K104: 216.07 | L104: 31.49 | M104: 49.82 | N104: 57.8 | O104: 0 | P104: 0.41 | Q104: 9.61
A106: Min | B106: =MIN(B9:B104) -> -0.09 | C106: =MIN(C9:C104) -> 4.04 | D106: =MIN(D9:D104) -> 7.87 | E106: =MIN(E9:E104) -> 1.91 | F106: =MIN(F9:F104) -> 5.04 | G106: =MIN(G9:G104) -> 2.07 | H106: =MIN(H9:H104) -> 4.49 | I106: =MIN(I9:I104) -> 3.81 | ... Q106: =MIN(Q9:Q104) -> 9.49
A107: Max | B107: =MAX(B9:B104) -> 25.36 | C107: =MAX(C9:C104) -> 83.87 | D107: =MAX(D9:D104) -> 139.47 | E107: =MAX(E9:E104) -> 35.89 | F107: =MAX(F9:F104) -> 33.3 | G107: =MAX(G9:G104) -> 97.6 | H107: =MAX(H9:H104) -> 30.96 | I107: =MAX(I9:I104) -> 4.23 | ... Q107: =MAX(Q9:Q104) -> 9.67
A108: Avg | B108: =AVERAGE(B9:B104) -> 8.545 | C108: =AVERAGE(C9:C104) -> 33.668958 | D108: =AVERAGE(D9:D104) -> 49.747187 | E108: =AVERAGE(E9:E104) -> 6.2531667 | F108: =AVERAGE(F9:F104) -> 12.824271 | G108: =AVERAGE(G9:G104) -> 37.006957 | H108: =AVERAGE(H9:H104) -> 13.477174 | I108: =AVERAGE(I9:I104) -> 4.0117708 | ... Q108: =AVERAGE(Q9:Q104) -> 9.6077083
A109: Stdev | B109: =STDEV(B9:B104) -> 4.4271828 | C109: =STDEV(C9:C104) -> 13.246369 | D109: =STDEV(D9:D104) -> 21.405046 | E109: =STDEV(E9:E104) -> 5.2108939 | F109: =STDEV(F9:F104) -> 7.9152461 | G109: =STDEV(G9:G104) -> 27.862342 | H109: =STDEV(H9:H104) -> 8.2120213 | I109: =STDEV(I9:I104) -> 0.097527268 | ... Q109: =STDEV(Q9:Q104) -> 0.038209372
A110: Num | B110: =COUNT(B9:B104) -> 96 | C110: =COUNT(C9:C104) -> 96 | D110: =COUNT(D9:D104) -> 96 | E110: =COUNT(E9:E104)+36 -> 96 | F110: =COUNT(F9:F104) -> 96 | G110: =COUNT(G9:G104)+4 -> 96 | H110: =COUNT(H9:H104)+4 -> 96 | I110: =COUNT(I9:I104) -> 96 | J110: =COUNT(J9:J104) -> 96 | K110: =COUNT(K9:K104) -> 96 | L110: =COUNT(L9:L104) -> 96 | M110: =COUNT(M9:M104) -> 96 | N110: =COUNT(N9:N104) -> 96 | O110: =COUNT(O9:O104) -> 96 | P110: =COUNT(P9:P104)+2 -> 96 | Q110: =COUNT(Q9:Q104) -> 96
A111: DCR | B111: =IF(B110>=87,">90%",IF(B110<=87,"<90%")) -> >90% | C111: =IF(C110>=87,">90%",IF(C110<=87,"<90%")) -> >90% | D111: =IF(D110>=87,">90%",IF(D110<=87,"<90%")) -> >90% | E111: =IF(E110>=87,">90%",IF(E110<=87,"<90%")) -> >90% | F111: =IF(F110>=87,">90%",IF(F110<=87,"<90%")) -> >90% | G111: =IF(G110>=87,">90%",IF(G110<=87,"<90%")) -> >90% | H111: =IF(H110>=87,">90%",IF(H110<=87,"<90%")) -> >90% | I111: =IF(I110>=87,">90%",IF(I110<=87,"<90%")) -> >90% | ... Q111: =IF(Q110>=87,">90%",IF(Q110<=87,"<90%")) -> >90%
A112: Status | B112: =IF(B110>=87,"OK",IF(B110<=87,"LESS")) -> OK | C112: =IF(C110>=87,"OK",IF(C110<=87,"LESS")) -> OK | D112: =IF(D110>=87,"OK",IF(D110<=87,"LESS")) -> OK | E112: =IF(E110>=87,"OK",IF(E110<=87,"LESS")) -> OK | F112: =IF(F110>=87,"OK",IF(F110<=87,"LESS")) -> OK | G112: =IF(G110>=87,"OK",IF(G110<=87,"LESS")) -> OK | H112: =IF(H110>=87,"OK",IF(H110<=87,"LESS")) -> OK | I112: =IF(I110>=87,"OK",IF(I110<=87,"LESS")) -> OK | ... Q112: =IF(Q110>=87,"OK",IF(Q110<=87,"LESS")) -> OK
A115: Done by | B115: RK
A117: Comment

Sheet 03
A1: Station: | B1: BHATAGAON RAIPUR
A2: Date: | B2: =$A$9 -> 03/05/2025 00:15 | D2: Power Off | G2: Pw.Off | L2: Link Fail | N2: Link F | P2: Maintenance | R2: Maint.
A3: Report Type: | B3: Mean | D3: Calibration | G3: Calib. | L3: Data Fail | N3: Data F | P3: Invalid | R3: Invalid
A4: Time Base: | B4: 15 Min | D4: Zero Referrence | G4: Z.Ref | L4: Warm Up | N4: Wm. Up
A7: Date & Time | B7: NO_BHATAGAON | C7: NO2__BHATAGAON | D7: NOX_BHATAGAON | E7: SO2__BHATAGAON | F7: O3__BHATAGAON | G7: PM10__BHATAGAON | H7: PM2_5__BHATAGAON | I7: BENZ__BHATAGAON | J7: WS__BHATAGAON | K7: WD__BHATAGAON | L7: TEMP__BHATAGAON | M7: HUM__BHATAGAON | N7: SR__BHATAGAON | O7: RG__BHATAGAON | P7: CO__BHATAGAON | Q7: NH3__BHATAGAON
B8: ug/m3 | C8: ug/m3 | D8: ppb | E8: ug/m3 | F8: ug/m3 | G8: ug/m3 | H8: ug/m3 | I8: ug/m3 | J8: m/sec | K8: deg | L8: degreC | M8: % | N8: w/m2 | O8: mm | P8: mg/m3 | Q8: ug/m3
A9: 03/05/2025 00:15 | B9: 9.43 | C9: 32.83 | D9: 45.3 | E9: 3.05 | F9: 15.96 | G9: 23.18 | H9: 11.45 | I9: 3.99 | J9: 0.43 | K9: 213.52 | L9: 31.41 | M9: 50.08 | N9: 57.7 | O9: 0 | P9: 0.46 | Q9: 9.64
A10: 03/05/2025 00:30 | B10: 8.52 | C10: 30.41 | D10: 42.07 | E10: 3.31 | F10: 16.06 | G10: 23.18 | H10: 11.45 | I10: 4.16 | J10: 0.31 | K10: 210.18 | L10: 31.26 | M10: 51.83 | N10: 58.1 | O10: 0 | P10: 0.44 | Q10: 9.67
A11: 03/05/2025 00:45 | B11: 10.88 | C11: 36.47 | D11: 50.04 | E11: 3.19 | F11: 11.61 | G11: 23.18 | H11: 11.45 | I11: 4.11 | J11: 0.26 | K11: 198.33 | L11: 30.76 | M11: 55.37 | N11: 58.3 | O11: 0 | P11: 0.47 | Q11: 9.66
A12: 03/05/2025 01:00 | B12: 9.5 | C12: 30.87 | D12: 41.45 | E12: 3.01 | F12: 15.77 | G12: 23.18 | H12: 11.45 | I12: 3.97 | J12: 0.43 | K12: 165.86 | L12: 30.72 | M12: 55.39 | N12: 57.7 | O12: 0 | P12: 0.43 | Q12: 9.65
A13: 03/05/2025 01:15 | B13: 8.95 | C13: 27.46 | D13: 35.77 | E13: 2.81 | F13: 14.29 | G13: 30.6 | H13: 12.09 | I13: 4.04 | J13: 0.33 | K13: 185.7 | L13: 30.61 | M13: 57.01 | N13: 58 | O13: 0 | P13: 0.46 | Q13: 9.63
A14: 03/05/2025 01:30 | B14: 8.81 | C14: 26.83 | D14: 34.79 | E14: 2.68 | F14: 14.31 | G14: 30.6 | H14: 12.09 | I14: 4.1 | J14: 0.28 | K14: 184.6 | L14: 30.31 | M14: 59.64 | N14: 58.2 | O14: 0 | P14: 0.44 | Q14: 9.63
A15: 03/05/2025 01:45 | B15: 8.62 | C15: 26.46 | D15: 34.36 | E15: 2.88 | F15: 12.85 | G15: 30.6 | H15: 12.09 | I15: 3.92 | J15: 0.29 | K15: 196.43 | L15: 30.08 | M15: 61.37 | N15: 58.1 | O15: 0 | P15: 0.43 | Q15: 9.64
A16: 03/05/2025 02:00 | B16: 8.81 | C16: 28.54 | D16: 38.05 | E16: 2.82 | F16: 11.25 | G16: 30.6 | H16: 12.09 | I16: 3.89 | J16: 0.22 | K16: 243.26 | L16: 29.75 | M16: 64.23 | N16: 58.3 | O16: 0 | P16: 0.42 | Q16: 9.66
A17: 03/05/2025 02:15 | B17: 12.02 | C17: 30.69 | D17: 37.24 | E17: 2.8 | F17: 8.27 | G17: 32.13 | H17: 11.19 | I17: 4.02 | J17: 0.26 | K17: 252.36 | L17: 29.47 | M17: 65.09 | N17: 58.4 | O17: 0 | P17: 0.52 | Q17: 9.65
A18: 03/05/2025 02:30 | B18: 11.15 | C18: 29.52 | D18: 36.33 | E18: 2.66 | F18: 9.3 | G18: 32.13 | H18: 11.18 | I18: 3.95 | J18: 0.27 | K18: 261.04 | L18: 29.23 | M18: 66.85 | N18: 58.5 | O18: 0 | P18: 0.47 | Q18: 9.62
A19: 03/05/2025 02:45 | B19: 11.37 | C19: 28.73 | D19: 34.48 | E19: 2.77 | F19: 10.06 | G19: 32.13 | H19: 11.18 | I19: 4.06 | J19: 0.28 | K19: 255.49 | L19: 29.1 | M19: 68.55 | N19: 58.4 | O19: 0 | P19: 0.46 | Q19: 9.62
A20: 03/05/2025 03:00 | B20: 11.92 | C20: 28.67 | D20: 33.52 | E20: 2.47 | F20: 7.9 | G20: 32.13 | H20: 11.18 | I20: 3.98 | J20: 0.22 | K20: 256.98 | L20: 28.96 | M20: 70.51 | N20: 58.4 | O20: 0 | P20: 0.5 | Q20: 9.65
... A104: 03/05/2025 24:00 | B104: 20.04 | C104: 31.41 | D104: 26.3 | E104: 3.11 | F104: 5.5 | G104: 47.97 | H104: 9.71 | I104: 4.03 | J104: 0.48 | K104: 188.37 | L104: 24.28 | M104: 98.04 | N104: 69.8 | O104: 0 | P104: 0.59 | Q104: 9.68
A106: Min | B106: =MIN(B9:B104) -> 6.53 | C106: =MIN(C9:C104) -> 19.43 | D106: =MIN(D9:D104) -> 21.59 | E106: =MIN(E9:E104) -> 1.38 | F106: =MIN(F9:F104) -> 4.88 | G106: =MIN(G9:G104) -> 16.43 | H106: =MIN(H9:H104) -> 4.75 | I106: =MIN(I9:I104) -> 3.67 | ... Q106: =MIN(Q9:Q104) -> 0
A107: Max | B107: =MAX(B9:B104) -> 24.45 | C107: =MAX(C9:C104) -> 39.16 | D107: =MAX(D9:D104) -> 50.04 | E107: =MAX(E9:E104) -> 4.49 | F107: =MAX(F9:F104) -> 26.67 | G107: =MAX(G9:G104) -> 47.97 | H107: =MAX(H9:H104) -> 17.67 | I107: =MAX(I9:I104) -> 4.3 | ... Q107: =MAX(Q9:Q104) -> 9.71
A108: Avg | B108: =AVERAGE(B9:B104) -> 12.320104 | C108: =AVERAGE(C9:C104) -> 27.696042 | D108: =AVERAGE(D9:D104) -> 31.048542 | E108: =AVERAGE(E9:E104) -> 2.5525 | F108: =AVERAGE(F9:F104) -> 9.1635417 | G108: =AVERAGE(G9:G104) -> 29.95125 | H108: =AVERAGE(H9:H104) -> 11.170312 | I108: =AVERAGE(I9:I104) -> 3.9991667 | ... Q108: =AVERAGE(Q9:Q104) -> 9.5077083
A109: Stdev | B109: =STDEV(B9:B104) -> 4.5431692 | C109: =STDEV(C9:C104) -> 4.8896254 | D109: =STDEV(D9:D104) -> 6.2130742 | E109: =STDEV(E9:E104) -> 0.61807 | F109: =STDEV(F9:F104) -> 4.5831931 | G109: =STDEV(G9:G104) -> 8.7479085 | H109: =STDEV(H9:H104) -> 3.2559408 | I109: =STDEV(I9:I104) -> 0.1009603 | ... Q109: =STDEV(Q9:Q104) -> 0.98283101
A110: Num | B110: =COUNT(B9:B104) -> 96 | C110: =COUNT(C9:C104) -> 96 | D110: =COUNT(D9:D104) -> 96 | E110: =COUNT(E9:E104) -> 96 | F110: =COUNT(F9:F104) -> 96 | G110: =COUNT(G9:G104) -> 96 | H110: =COUNT(H9:H104) -> 96 | I110: =COUNT(I9:I104) -> 96 | ... Q110: =COUNT(Q9:Q104) -> 96
A111: DCR | B111: =IF(B110>=87,">90%",IF(B110<=87,"<90%")) -> >90% | C111: =IF(C110>=87,">90%",IF(C110<=87,"<90%")) -> >90% | D111: =IF(D110>=87,">90%",IF(D110<=87,"<90%")) -> >90% | E111: =IF(E110>=87,">90%",IF(E110<=87,"<90%")) -> >90% | F111: =IF(F110>=87,">90%",IF(F110<=87,"<90%")) -> >90% | G111: =IF(G110>=87,">90%",IF(G110<=87,"<90%")) -> >90% | H111: =IF(H110>=87,">90%",IF(H110<=87,"<90%")) -> >90% | I111: =IF(I110>=87,">90%",IF(I110<=87,"<90%")) -> >90% | ... Q111: =IF(Q110>=87,">90%",IF(Q110<=87,"<90%")) -> >90%
A112: Status | B112: =IF(B110>=87,"OK",IF(B110<=87,"LESS")) -> OK | C112: =IF(C110>=87,"OK",IF(C110<=87,"LESS")) -> OK | D112: =IF(D110>=87,"OK",IF(D110<=87,"LESS")) -> OK | E112: =IF(E110>=87,"OK",IF(E110<=87,"LESS")) -> OK | F112: =IF(F110>=87,"OK",IF(F110<=87,"LESS")) -> OK | G112: =IF(G110>=87,"OK",IF(G110<=87,"LESS")) -> OK | H112: =IF(H110>=87,"OK",IF(H110<=87,"LESS")) -> OK | I112: =IF(I110>=87,"OK",IF(I110<=87,"LESS")) -> OK | ... Q112: =IF(Q110>=87,"OK",IF(Q110<=87,"LESS")) -> OK
A115: Done by | B115: RK
A117: Comment

Sheet 04
A1: Station: | B1: BHATAGAON RAIPUR
A2: Date: | B2: =$A$9 -> 04/05/2025 00:15 | D2: Power Off | G2: Pw.Off | L2: Link Fail | N2: Link F | P2: Maintenance | R2: Maint.
A3: Report Type: | B3: Mean | D3: Calibration | G3: Calib. | L3: Data Fail | N3: Data F | P3: Invalid | R3: Invalid
A4: Time Base: | B4: 15 Min | D4: Zero Referrence | G4: Z.Ref | L4: Warm Up | N4: Wm. Up
A7: Date & Time | B7: NO_BHATAGAON | C7: NO2__BHATAGAON | D7: NOX_BHATAGAON | E7: SO2__BHATAGAON | F7: O3__BHATAGAON | G7: PM10__BHATAGAON | H7: PM2_5__BHATAGAON | I7: BENZ__BHATAGAON | J7: WS__BHATAGAON | K7: WD__BHATAGAON | L7: TEMP__BHATAGAON | M7: HUM__BHATAGAON | N7: SR__BHATAGAON | O7: RG__BHATAGAON | P7: CO__BHATAGAON | Q7: NH3__BHATAGAON
B8: ug/m3 | C8: ug/m3 | D8: ppb | E8: ug/m3 | F8: ug/m3 | G8: ug/m3 | H8: ug/m3 | I8: ug/m3 | J8: m/sec | K8: deg | L8: degreC | M8: % | N8: w/m2 | O8: mm | P8: mg/m3 | Q8: ug/m3
A9: 04/05/2025 00:15 | B9: 22.06 | C9: 31.66 | D9: 23.68 | E9: 3.42 | F9: 5.62 | G9: 59.94 | H9: 6.8 | I9: 4.25 | J9: 0.78 | K9: 157.8 | L9: 24.23 | M9: 99.89 | N9: 69.9 | O9: 0 | P9: 0.63 | Q9: 9.69
A10: 04/05/2025 00:30 | B10: 24.03 | C10: 31.82 | D10: 20.98 | E10: 3.3 | F10: 6.01 | G10: 59.94 | H10: 6.8 | I10: 3.97 | J10: 1.29 | K10: 152.14 | L10: 24 | M10: 100.77 | N10: 70.1 | O10: 0 | P10: 0.65 | Q10: 9.66
A11: 04/05/2025 00:45 | B11: 24.56 | C11: 34.92 | D11: 26.08 | E11: 3.31 | F11: 5.27 | G11: 59.94 | H11: 6.8 | I11: 4.01 | J11: 1.02 | K11: 159.93 | L11: 23.86 | M11: 101.35 | N11: 70 | O11: 0 | P11: 0.64 | Q11: 9.66
A12: 04/05/2025 01:00 | B12: 24.42 | C12: 33.99 | D12: 24.53 | E12: 3.63 | F12: 5.15 | G12: 59.94 | H12: 6.8 | I12: 3.95 | J12: 1.53 | K12: 157.78 | L12: 23.83 | M12: 101.01 | N12: 70 | O12: 0 | P12: 0.65 | Q12: 9.68
A13: 04/05/2025 01:15 | B13: 24.22 | C13: 33.5 | D13: 23.9 | E13: 3.37 | F13: 5.84 | G13: 63.14 | H13: 17.22 | I13: 4.15 | J13: 1.6 | K13: 155.25 | L13: 23.82 | M13: 101.01 | N13: 70.2 | O13: 0 | P13: 0.63 | Q13: 9.7
A14: 04/05/2025 01:30 | B14: 23.8 | C14: 33.6 | D14: 24.73 | E14: 3.64 | F14: 5.54 | G14: 63.14 | H14: 17.22 | I14: 3.98 | J14: 1.52 | K14: 157.42 | L14: 23.77 | M14: 101.61 | N14: 70.4 | O14: 0 | P14: 0.64 | Q14: 9.69
A15: 04/05/2025 01:45 | B15: 23.15 | C15: 31.96 | D15: 22.58 | E15: 3.56 | F15: 5.63 | G15: 63.14 | H15: 17.22 | I15: 4.04 | J15: 1.28 | K15: 161.45 | L15: 23.72 | M15: 101.44 | N15: 70.4 | O15: 0 | P15: 0.63 | Q15: 9.7
A16: 04/05/2025 02:00 | B16: 22.6 | C16: 31.87 | D16: 23.26 | E16: 3.47 | F16: 5.93 | G16: 63.14 | H16: 17.22 | I16: 3.86 | J16: 0.9 | K16: 169.09 | L16: 23.72 | M16: 100.89 | N16: 70.6 | O16: 0 | P16: 0.6 | Q16: 9.71
A17: 04/05/2025 02:15 | B17: 22.23 | C17: 31.42 | D17: 22.98 | E17: 3.68 | F17: 5.29 | G17: 51.83 | H17: 13.61 | I17: 3.96 | J17: 0.97 | K17: 169.52 | L17: 23.55 | M17: 100.34 | N17: 70.7 | O17: 0 | P17: 0.58 | Q17: 9.71
A18: 04/05/2025 02:30 | B18: 21.71 | C18: 29.62 | D18: 20.31 | E18: 3.1 | F18: 5.54 | G18: 51.7 | H18: 13.57 | I18: 4.09 | J18: 0.78 | K18: 206.3 | L18: 23.41 | M18: 99.95 | N18: 70.9 | O18: 0 | P18: 0.58 | Q18: 9.71
A19: 04/05/2025 02:45 | B19: 21.21 | C19: 32.01 | D19: 25.67 | E19: 3.28 | F19: 5.29 | G19: 51.7 | H19: 13.57 | I19: 4.05 | J19: 0.86 | K19: 192.83 | L19: 23.36 | M19: 100.09 | N19: 70.8 | O19: 0 | P19: 0.55 | Q19: 9.71
A20: 04/05/2025 03:00 | B20: 20.23 | C20: 29.29 | D20: 21.96 | E20: 2.81 | F20: 5.86 | G20: 51.7 | H20: 13.57 | I20: 3.96 | J20: 0.9 | K20: 179.48 | L20: 23.34 | M20: 99.39 | N20: 70.9 | O20: 0 | P20: 0.53 | Q20: 9.74
... A104: 04/05/2025 24:00 | B104: 12.59 | C104: 30.24 | D104: 35.5 | E104: 2.38 | F104: 6.27 | G104: 47.76 | H104: 15.8 | I104: 4.02 | J104: 1.9 | K104: 258.15 | L104: 29.85 | M104: 52.57 | N104: 148.2 | O104: 0 | P104: 0.6 | Q104: 9.61
A106: Min | B106: =MIN(B9:B104) -> 7.35 | C106: =MIN(C9:C104) -> 21.17 | D106: =MIN(D9:D104) -> 17.64 | E106: =MIN(E9:E104) -> 1.5 | F106: =MIN(F9:F104) -> 4.89 | G106: =MIN(G9:G104) -> 21.92 | H106: =MIN(H9:H104) -> 4.55 | I106: =MIN(I9:I104) -> 3.8 | ... Q106: =MIN(Q9:Q104) -> 9.47
A107: Max | B107: =MAX(B9:B104) -> 37.46 | C107: =MAX(C9:C104) -> 82.05 | D107: =MAX(D9:D104) -> 113.64 | E107: =MAX(E9:E104) -> 4.71 | F107: =MAX(F9:F104) -> 24.1 | G107: =MAX(G9:G104) -> 63.14 | H107: =MAX(H9:H104) -> 19.17 | I107: =MAX(I9:I104) -> 4.25 | ... Q107: =MAX(Q9:Q104) -> 9.74
A108: Avg | B108: =AVERAGE(B9:B104) -> 15.749062 | C108: =AVERAGE(C9:C104) -> 33.787396 | D108: =AVERAGE(D9:D104) -> 37.445625 | E108: =AVERAGE(E9:E104) -> 2.9416667 | F108: =AVERAGE(F9:F104) -> 9.7248958 | G108: =AVERAGE(G9:G104) -> 35.413958 | H108: =AVERAGE(H9:H104) -> 11.008958 | I108: =AVERAGE(I9:I104) -> 4.0173958 | ... Q108: =AVERAGE(Q9:Q104) -> 9.6085417
A109: Stdev | B109: =STDEV(B9:B104) -> 5.4925115 | C109: =STDEV(C9:C104) -> 11.724231 | D109: =STDEV(D9:D104) -> 21.698367 | E109: =STDEV(E9:E104) -> 0.59265267 | F109: =STDEV(F9:F104) -> 5.4956038 | G109: =STDEV(G9:G104) -> 12.245491 | H109: =STDEV(H9:H104) -> 3.8493071 | I109: =STDEV(I9:I104) -> 0.088093787 | ... Q109: =STDEV(Q9:Q104) -> 0.075560769
A110: Num | B110: =COUNT(B9:B104) -> 96 | C110: =COUNT(C9:C104) -> 96 | D110: =COUNT(D9:D104) -> 96 | E110: =COUNT(E9:E104) -> 96 | F110: =COUNT(F9:F104) -> 96 | G110: =COUNT(G9:G104) -> 96 | H110: =COUNT(H9:H104) -> 96 | I110: =COUNT(I9:I104) -> 96 | ... Q110: =COUNT(Q9:Q104) -> 96
A111: DCR | B111: =IF(B110>=87,">90%",IF(B110<=87,"<90%")) -> >90% | C111: =IF(C110>=87,">90%",IF(C110<=87,"<90%")) -> >90% | D111: =IF(D110>=87,">90%",IF(D110<=87,"<90%")) -> >90% | E111: =IF(E110>=87,">90%",IF(E110<=87,"<90%")) -> >90% | F111: =IF(F110>=87,">90%",IF(F110<=87,"<90%")) -> >90% | G111: =IF(G110>=87,">90%",IF(G110<=87,"<90%")) -> >90% | H111: =IF(H110>=87,">90%",IF(H110<=87,"<90%")) -> >90% | I111: =IF(I110>=87,">90%",IF(I110<=87,"<90%")) -> >90% | ... Q111: =IF(Q110>=87,">90%",IF(Q110<=87,"<90%")) -> >90%
A112: Status | B112: =IF(B110>=87,"OK",IF(B110<=87,"LESS")) -> OK | C112: =IF(C110>=87,"OK",IF(C110<=87,"LESS")) -> OK | D112: =IF(D110>=87,"OK",IF(D110<=87,"LESS")) -> OK | E112: =IF(E110>=87,"OK",IF(E110<=87,"LESS")) -> OK | F112: =IF(F110>=87,"OK",IF(F110<=87,"LESS")) -> OK | G112: =IF(G110>=87,"OK",IF(G110<=87,"LESS")) -> OK | H112: =IF(H110>=87,"OK",IF(H110<=87,"LESS")) -> OK | I112: =IF(I110>=87,"OK",IF(I110<=87,"LESS")) -> OK | ... Q112: =IF(Q110>=87,"OK",IF(Q110<=87,"LESS")) -> OK
A115: Done by | B115: RK
A117: Comment

Sheet 05
A1: Station: | B1: BHATAGAON RAIPUR
A2: Date: | B2: =$A$9 -> 05/05/2025 00:15 | D2: Power Off | G2: Pw.Off | L2: Link Fail | N2: Link F | P2: Maintenance | R2: Maint.
A3: Report Type: | B3: Mean | D3: Calibration | G3: Calib. | L3: Data Fail | N3: Data F | P3: Invalid | R3: Invalid
A4: Time Base: | B4: 15 Min | D4: Zero Referrence | G4: Z.Ref | L4: Warm Up | N4: Wm. Up
A7: Date & Time | B7: NO_BHATAGAON | C7: NO2__BHATAGAON | D7: NOX_BHATAGAON | E7: SO2__BHATAGAON | F7: O3__BHATAGAON | G7: PM10__BHATAGAON | H7: PM2_5__BHATAGAON | I7: BENZ__BHATAGAON | J7: WS__BHATAGAON | K7: WD__BHATAGAON | L7: TEMP__BHATAGAON | M7: HUM__BHATAGAON | N7: SR__BHATAGAON | O7: RG__BHATAGAON | P7: CO__BHATAGAON | Q7: NH3__BHATAGAON
B8: ug/m3 | C8: ug/m3 | D8: ppb | E8: ug/m3 | F8: ug/m3 | G8: ug/m3 | H8: ug/m3 | I8: ug/m3 | J8: m/sec | K8: deg | L8: degreC | M8: % | N8: w/m2 | O8: mm | P8: mg/m3 | Q8: ug/m3
A9: 05/05/2025 00:15 | B9: 10.42 | C9: 28.23 | D9: 34.99 | E9: 2.76 | F9: 6.15 | G9: 47.23 | H9: 15.55 | I9: 3.87 | J9: 1.52 | K9: 256.83 | L9: 29.63 | M9: 55.47 | N9: 134.4 | O9: 0 | P9: 0.55 | Q9: 9.61
A10: 05/05/2025 00:30 | B10: 9.49 | C10: 27.18 | D10: 34.39 | E10: 2.9 | F10: 5.98 | G10: 47.23 | H10: 15.55 | I10: 4.14 | J10: 1.38 | K10: 260.96 | L10: 29.08 | M10: 54.25 | N10: 136.3 | O10: 0 | P10: 0.53 | Q10: 9.6
A11: 05/05/2025 00:45 | B11: 9.05 | C11: 26.04 | D11: 32.91 | E11: 2.68 | F11: 6.96 | G11: 47.23 | H11: 15.55 | I11: 3.85 | J11: 0.47 | K11: 289.24 | L11: 29.15 | M11: 51.84 | N11: 155.3 | O11: 0 | P11: 0.5 | Q11: 9.58
A12: 05/05/2025 01:00 | B12: 8.78 | C12: 25.49 | D12: 32.25 | E12: 3.05 | F12: 10.7 | G12: 47.23 | H12: 15.55 | I12: 3.94 | J12: 0.44 | K12: 355.55 | L12: 29.45 | M12: 47.01 | N12: 152.6 | O12: 0 | P12: 0.41 | Q12: 9.58
A13: 05/05/2025 01:15 | B13: 9.31 | C13: 26.1 | D13: 32.61 | E13: 3.42 | F13: 13.18 | G13: 35.05 | H13: 10.17 | I13: 4.15 | J13: 0.1 | K13: 124.64 | L13: 30.06 | M13: 44.64 | N13: 161.3 | O13: 0 | P13: 0.4 | Q13: 9.58
A14: 05/05/2025 01:30 | B14: 8.7 | C14: 24.72 | D14: 30.9 | E14: 2.96 | F14: 14.79 | G14: 35.05 | H14: 10.11 | I14: 3.88 | J14: 0.6 | K14: 121.02 | L14: 29.79 | M14: 44.04 | N14: 156.9 | O14: 0 | P14: 0.36 | Q14: 9.56
A15: 05/05/2025 01:45 | B15: 8.93 | C15: 24.09 | D15: 29.34 | E15: 3.13 | F15: 9.24 | G15: 35.05 | H15: 10.11 | I15: 3.87 | J15: 0.77 | K15: 140.25 | L15: 29.63 | M15: 45.67 | N15: 164.6 | O15: 0 | P15: 0.42 | Q15: 9.56
A16: 05/05/2025 02:00 | B16: 9.6 | C16: 24.56 | D16: 29.23 | E16: 3 | F16: 9.14 | G16: 35.05 | H16: 10.11 | I16: 3.91 | J16: 0.79 | K16: 116.27 | L16: 29.53 | M16: 46.63 | N16: 175 | O16: 0 | P16: 0.41 | Q16: 9.56
A17: 05/05/2025 02:15 | B17: 9.22 | C17: 24.69 | D17: 30.04 | E17: 3.27 | F17: 10.54 | G17: 38.1 | H17: 13.67 | I17: 3.94 | J17: 0.17 | K17: 201.65 | L17: 29.34 | M17: 50.17 | N17: 177.4 | O17: 0 | P17: 0.34 | Q17: 9.56
A18: 05/05/2025 02:30 | B18: 9.37 | C18: 26.76 | D18: 33.78 | E18: 2.99 | F18: 9.68 | G18: 38.1 | H18: 13.71 | I18: 4.13 | J18: 0.64 | K18: 140.99 | L18: 28.83 | M18: 51.15 | N18: 180.3 | O18: 0 | P18: 0.36 | Q18: 9.57
A19: 05/05/2025 02:45 | B19: 10.06 | C19: 24.73 | D19: 28.85 | E19: 2.68 | F19: 8.35 | G19: 38.1 | H19: 13.71 | I19: 4.04 | J19: 0.52 | K19: 169.98 | L19: 28.54 | M19: 53.76 | N19: 157.2 | O19: 0 | P19: 0.38 | Q19: 9.57
A20: 05/05/2025 03:00 | B20: 11.14 | C20: 25.96 | D20: 29.55 | E20: 3.15 | F20: 6.46 | G20: 38.1 | H20: 13.71 | I20: 3.95 | J20: 0.31 | K20: 345.68 | L20: 28.11 | M20: 58.17 | N20: 126.7 | O20: 0 | P20: 0.42 | Q20: 9.58
... A104: 05/05/2025 24:00 | B104: 31.9 | C104: 46.35 | D104: 36.7 | E104: 4.61 | F104: 6.55 | G104: 81.48 | H104: 23.92 | I104: 3.99 | J104: 1.99 | K104: 105.27 | L104: 28.35 | M104: 68.32 | N104: 49.9 | O104: 0 | P104: 0.87 | Q104: 9.63
A106: Min | B106: =MIN(B9:B104) -> 6.6 | C106: =MIN(C9:C104) -> 22.27 | D106: =MIN(D9:D104) -> 26.32 | E106: =MIN(E9:E104) -> 2.01 | F106: =MIN(F9:F104) -> 5.07 | G106: =MIN(G9:G104) -> 12.07 | H106: =MIN(H9:H104) -> 6.92 | I106: =MIN(I9:I104) -> 3.73 | ... Q106: =MIN(Q9:Q104) -> 9.43
A107: Max | B107: =MAX(B9:B104) -> 241.02 | C107: =MAX(C9:C104) -> 264.98 | D107: =MAX(D9:D104) -> 134.19 | E107: =MAX(E9:E104) -> 8.87 | F107: =MAX(F9:F104) -> 25.05 | G107: =MAX(G9:G104) -> 93.56 | H107: =MAX(H9:H104) -> 26.93 | I107: =MAX(I9:I104) -> 4.2 | ... Q107: =MAX(Q9:Q104) -> 9.82
A108: Avg | B108: =AVERAGE(B9:B104) -> 31.508646 | C108: =AVERAGE(C9:C104) -> 51.930417 | D108: =AVERAGE(D9:D104) -> 47.981875 | E108: =AVERAGE(E9:E104) -> 4.5554167 | F108: =AVERAGE(F9:F104) -> 10.957188 | G108: =AVERAGE(G9:G104) -> 42.334479 | H108: =AVERAGE(H9:H104) -> 13.647083 | I108: =AVERAGE(I9:I104) -> 4.0005208 | ... Q108: =AVERAGE(Q9:Q104) -> 9.5702083
A109: Stdev | B109: =STDEV(B9:B104) -> 47.007834 | C109: =STDEV(C9:C104) -> 51.764316 | D109: =STDEV(D9:D104) -> 30.112563 | E109: =STDEV(E9:E104) -> 1.817857 | F109: =STDEV(F9:F104) -> 5.854434 | G109: =STDEV(G9:G104) -> 22.495441 | H109: =STDEV(H9:H104) -> 5.8497581 | I109: =STDEV(I9:I104) -> 0.082364655 | ... Q109: =STDEV(Q9:Q104) -> 0.086863222
A110: Num | B110: =COUNT(B9:B104) -> 96 | C110: =COUNT(C9:C104) -> 96 | D110: =COUNT(D9:D104) -> 96 | E110: =COUNT(E9:E104) -> 96 | F110: =COUNT(F9:F104) -> 96 | G110: =COUNT(G9:G104) -> 96 | H110: =COUNT(H9:H104) -> 96 | I110: =COUNT(I9:I104) -> 96 | ... Q110: =COUNT(Q9:Q104) -> 96
A111: DCR | B111: =IF(B110>=87,">90%",IF(B110<=87,"<90%")) -> >90% | C111: =IF(C110>=87,">90%",IF(C110<=87,"<90%")) -> >90% | D111: =IF(D110>=87,">90%",IF(D110<=87,"<90%")) -> >90% | E111: =IF(E110>=87,">90%",IF(E110<=87,"<90%")) -> >90% | F111: =IF(F110>=87,">90%",IF(F110<=87,"<90%")) -> >90% | G111: =IF(G110>=87,">90%",IF(G110<=87,"<90%")) -> >90% | H111: =IF(H110>=87,">90%",IF(H110<=87,"<90%")) -> >90% | I111: =IF(I110>=87,">90%",IF(I110<=87,"<90%")) -> >90% | ... Q111: =IF(Q110>=87,">90%",IF(Q110<=87,"<90%")) -> >90%
A112: Status | B112: =IF(B110>=87,"OK",IF(B110<=87,"LESS")) -> OK | C112: =IF(C110>=87,"OK",IF(C110<=87,"LESS")) -> OK | D112: =IF(D110>=87,"OK",IF(D110<=87,"LESS")) -> OK | E112: =IF(E110>=87,"OK",IF(E110<=87,"LESS")) -> OK | F112: =IF(F110>=87,"OK",IF(F110<=87,"LESS")) -> OK | G112: =IF(G110>=87,"OK",IF(G110<=87,"LESS")) -> OK | H112: =IF(H110>=87,"OK",IF(H110<=87,"LESS")) -> OK | I112: =IF(I110>=87,"OK",IF(I110<=87,"LESS")) -> OK | ... Q112: =IF(Q110>=87,"OK",IF(Q110<=87,"LESS")) -> OK
A115: Done by | B115: RK
A117: Comment

Sheet 06
A1: Station: | B1: BHATAGAON RAIPUR
A2: Date: | B2: =$A$9 -> 06/05/2025 00:15 | D2: Power Off | G2: Pw.Off | L2: Link Fail | N2: Link F | P2: Maintenance | R2: Maint.
A3: Report Type: | B3: Mean | D3: Calibration | G3: Calib. | L3: Data Fail | N3: Data F | P3: Invalid | R3: Invalid
A4: Time Base: | B4: 15 Min | D4: Zero Referrence | G4: Z.Ref | L4: Warm Up | N4: Wm. Up
A7: Date & Time | B7: NO_BHATAGAON | C7: NO2__BHATAGAON | D7: NOX_BHATAGAON | E7: SO2__BHATAGAON | F7: O3__BHATAGAON | G7: PM10__BHATAGAON | H7: PM2_5__BHATAGAON | I7: BENZ__BHATAGAON | J7: WS__BHATAGAON | K7: WD__BHATAGAON | L7: TEMP__BHATAGAON | M7: HUM__BHATAGAON | N7: SR__BHATAGAON | O7: RG__BHATAGAON | P7: CO__BHATAGAON | Q7: NH3__BHATAGAON
B8: ug/m3 | C8: ug/m3 | D8: ppb | E8: ug/m3 | F8: ug/m3 | G8: ug/m3 | H8: ug/m3 | I8: ug/m3 | J8: m/sec | K8: deg | L8: degreC | M8: % | N8: w/m2 | O8: mm | P8: mg/m3 | Q8: ug/m3
A9: 06/05/2025 00:15 | B9: 31.44 | C9: 45.92 | D9: 36.58 | E9: 4.71 | F9: 7.27 | G9: 57.07 | H9: 17.58 | I9: 3.95 | J9: 1.69 | K9: 100.39 | L9: 28.3 | M9: 67.35 | N9: 50 | O9: 0 | P9: 0.84 | Q9: 9.59
A10: 06/05/2025 00:30 | B10: 29.05 | C10: 43.74 | D10: 36.07 | E10: 5.14 | F10: 6.65 | G10: 57.07 | H10: 17.58 | I10: 4.13 | J10: 1.87 | K10: 103.13 | L10: 28.28 | M10: 69.12 | N10: 50.2 | O10: 0 | P10: 0.83 | Q10: 9.61
A11: 06/05/2025 00:45 | B11: 26.96 | C11: 41.92 | D11: 35.81 | E11: 5.08 | F11: 7.17 | G11: 57.07 | H11: 17.58 | I11: 3.9 | J11: 0.8 | K11: 103.32 | L11: 27.91 | M11: 75.47 | N11: 50.4 | O11: 0 | P11: 0.79 | Q11: 9.63
A12: 06/05/2025 01:00 | B12: 29 | C12: 41.83 | D12: 32.5 | E12: 5.15 | F12: 6.21 | G12: 57.07 | H12: 17.58 | I12: 3.89 | J12: 0.97 | K12: 100.74 | L12: 27.77 | M12: 74.46 | N12: 50.3 | O12: 0 | P12: 0.8 | Q12: 9.64
A13: 06/05/2025 01:15 | B13: 23.59 | C13: 38.39 | D13: 34.2 | E13: 5.34 | F13: 7.77 | G13: 52.39 | H13: 18.99 | I13: 4.06 | J13: 0.25 | K13: 289.68 | L13: 27.67 | M13: 75.13 | N13: 50.5 | O13: 0 | P13: 0.67 | Q13: 9.62
A14: 06/05/2025 01:30 | B14: 23.27 | C14: 37.4 | D14: 32.82 | E14: 5.17 | F14: 7.79 | G14: 52.39 | H14: 18.99 | I14: 3.95 | J14: 0.43 | K14: 261.06 | L14: 27.42 | M14: 79.27 | N14: 50.4 | O14: 0 | P14: 0.69 | Q14: 9.64
A15: 06/05/2025 01:45 | B15: 20.95 | C15: 35.63 | D15: 32.99 | E15: 5.09 | F15: 7.61 | G15: 52.39 | H15: 18.99 | I15: 4 | J15: 0.34 | K15: 274.08 | L15: 27.34 | M15: 79.77 | N15: 50.1 | O15: 0 | P15: 0.66 | Q15: 9.66
A16: 06/05/2025 02:00 | B16: 19.5 | C16: 35.38 | D16: 34.74 | E16: 4.91 | F16: 8.99 | G16: 52.39 | H16: 18.99 | I16: 4.03 | J16: 0.34 | K16: 271.48 | L16: 27.58 | M16: 76.73 | N16: 49.9 | O16: 0 | P16: 0.58 | Q16: 9.67
A17: 06/05/2025 02:15 | B17: 21.16 | C17: 35.89 | D17: 33.16 | E17: 4.71 | F17: 7.18 | G17: 37.66 | H17: 16.16 | I17: 4 | J17: 0.59 | K17: 240.12 | L17: 27.7 | M17: 72.09 | N17: 49.5 | O17: 0 | P17: 0.62 | Q17: 9.64
A18: 06/05/2025 02:30 | B18: 17.8 | C18: 32.68 | D18: 32.19 | E18: 4.91 | F18: 7.05 | G18: 37.66 | H18: 16.13 | I18: 3.94 | J18: 0.47 | K18: 180.11 | L18: 28.33 | M18: 67.13 | N18: 50 | O18: 0 | P18: 0.57 | Q18: 9.65
A19: 06/05/2025 02:45 | B19: 14.62 | C19: 31.43 | D19: 34.67 | E19: 4.76 | F19: 7.64 | G19: 37.66 | H19: 16.13 | I19: 3.88 | J19: 0.56 | K19: 204.86 | L19: 28.16 | M19: 72.28 | N19: 50.5 | O19: 0 | P19: 0.47 | Q19: 9.65
A20: 06/05/2025 03:00 | B20: 19 | C20: 33.72 | D20: 32.34 | E20: 4.65 | F20: 5.77 | G20: 37.66 | H20: 16.13 | I20: 3.91 | J20: 0.87 | K20: 237.66 | L20: 27.71 | M20: 76.33 | N20: 50.6 | O20: 0 | P20: 0.59 | Q20: 9.64
... A56: 06/05/2025 12:00 | B56: 9.59 | C56: 27.58 | D56: 35.01 | E56: 4.94 | F56: 10.61 | G56: 36.58 | H56: 4.03 | I56: 4.1 | J56: 0.58 | K56: 219.06 | L56: 38.18 | M56: 29.13 | N56: 1080.6 | O56: 0 | P56: 0.42 | Q56: 9.58
A57: 06/05/2025 12:15 | B57: 9.35 | C57: 28.27 | D57: 36.7 | E57: 5.05 | F57: 8.83 | G57: 33.61 | H57: Data F | I57: 4.17 | J57: 0.76 | K57: 254.64 | L57: 39.46 | M57: 28.77 | N57: 1049.8 | O57: 0 | P57: 0.47 | Q57: 9.56
A58: 06/05/2025 12:30 | B58: 10.23 | C58: 29.02 | D58: 36.79 | E58: 5.14 | F58: 12.98 | G58: 33.61 | H58: Data F | I58: 4 | J58: 0.81 | K58: 265.74 | L58: 39.96 | M58: 28.28 | N58: 1061.5 | O58: 0 | P58: 0.44 | Q58: 9.53
A59: 06/05/2025 12:45 | B59: 9.29 | C59: 27.45 | D59: 35.23 | E59: 5.12 | F59: 10.16 | G59: 33.61 | H59: Data F | I59: 3.77 | J59: 0.93 | K59: 263.15 | L59: 41.24 | M59: 26.62 | N59: 1050.3 | O59: 0 | P59: 0.46 | Q59: 9.56
A60: 06/05/2025 13:00 | B60: 8.12 | C60: 23.57 | D60: 29.6 | E60: 5.87 | F60: 14.12 | G60: 33.61 | H60: Data F | I60: 3.92 | J60: 0.34 | K60: 206.43 | L60: 39.82 | M60: 27.42 | N60: 1023.1 | O60: 0 | P60: 0.41 | Q60: 9.57
A61: 06/05/2025 13:15 | B61: 9.57 | C61: 28.96 | D61: 37.7 | E61: 6.73 | F61: 14.5 | G61: 32.55 | H61: Data F | I61: 4 | J61: 0.73 | K61: 270.86 | L61: 41.13 | M61: 26.27 | N61: 970.8 | O61: 0 | P61: 0.52 | Q61: 9.56
A62: 06/05/2025 13:30 | B62: 9.51 | C62: 28.93 | D62: 37.73 | E62: 10.43 | F62: 17.61 | G62: 32.55 | H62: Data F | I62: 3.99 | J62: 0.61 | K62: 231.76 | L62: 40.13 | M62: 26.36 | N62: 942.5 | O62: 0 | P62: 0.58 | Q62: 9.55
A63: 06/05/2025 13:45 | B63: 8.37 | C63: 26.99 | D63: 35.75 | E63: 7.76 | F63: 18.9 | G63: 32.55 | H63: Data F | I63: 4.06 | J63: 0.57 | K63: 189.11 | L63: 38.6 | M63: 27.48 | N63: 600.1 | O63: 0 | P63: 0.55 | Q63: 9.56
A64: 06/05/2025 14:00 | B64: 8.29 | C64: 28.49 | D64: 38.76 | E64: 9.01 | F64: 19.16 | G64: 32.55 | H64: Data F | I64: 4.02 | J64: 0.68 | K64: 253.92 | L64: 39.39 | M64: 27.16 | N64: 539.9 | O64: 0 | P64: 0.56 | Q64: 9.55
A65: 06/05/2025 14:15 | B65: 8.21 | C65: 28.59 | D65: 39.07 | E65: 8.5 | F65: 16.94 | G65: 32.15 | H65: Data F | I65: 3.93 | J65: 0.92 | K65: 255.39 | L65: 40.25 | M65: 26.41 | N65: 566.7 | O65: 0 | P65: 0.59 | Q65: 9.55
A66: 06/05/2025 14:30 | B66: 8.17 | C66: 27.65 | D66: 37.33 | E66: 9.93 | F66: 18.69 | G66: 32.15 | H66: Data F | I66: 3.99 | J66: 0.64 | K66: 241.87 | L66: 40.04 | M66: 26.07 | N66: 469.1 | O66: 0 | P66: 0.57 | Q66: 9.53
A67: 06/05/2025 14:45 | B67: 7.8 | C67: 25.59 | D67: 33.96 | E67: 14.12 | F67: 25.12 | G67: 32.15 | H67: Data F | I67: 4.04 | J67: 0.44 | K67: 224.15 | L67: 39.63 | M67: 25.64 | N67: 315.7 | O67: 0 | P67: 0.55 | Q67: 9.51
A68: 06/05/2025 15:00 | B68: 9.32 | C68: 28.2 | D68: 36.61 | E68: 9.67 | F68: 16.58 | G68: 32.15 | H68: Data F | I68: 3.95 | J68: 0.81 | K68: 262.06 | L68: 40.52 | M68: 23.62 | N68: 316.8 | O68: 0 | P68: 0.56 | Q68: 9.52
A69: 06/05/2025 15:15 | B69: 7.9 | C69: 25.53 | D69: 33.68 | E69: 8.6 | F69: 14.99 | G69: 36.44 | H69: 13.95 | I69: 4.02 | J69: 0.73 | K69: 255.75 | L69: 40.1 | M69: 23.89 | N69: 425.6 | O69: 0 | P69: 0.54 | Q69: 9.52
A70: 06/05/2025 15:30 | B70: 9.2 | C70: 29.15 | D70: 38.61 | E70: 8.56 | F70: 14.5 | G70: 36.44 | H70: 13.95 | I70: 3.96 | J70: 0.68 | K70: 255.67 | L70: 40.13 | M70: 23.61 | N70: 388.2 | O70: 0 | P70: 0.56 | Q70: 9.51
A71: 06/05/2025 15:45 | B71: 9.09 | C71: 29.35 | D71: 39.18 | E71: 7.29 | F71: 15.43 | G71: 36.44 | H71: 13.95 | I71: 3.95 | J71: 0.73 | K71: 261.51 | L71: 39.85 | M71: 24.09 | N71: 427.9 | O71: 0 | P71: 0.57 | Q71: 9.53
A72: 06/05/2025 16:00 | B72: 8.4 | C72: 29.41 | D72: 40.34 | E72: 9.84 | F72: 19.91 | G72: 36.44 | H72: 13.95 | I72: 4.08 | J72: 0.57 | K72: 255.57 | L72: 39.97 | M72: 24.14 | N72: 426.7 | O72: 0 | P72: 0.54 | Q72: 9.53
A73: 06/05/2025 16:15 | B73: 9.58 | C73: 28.78 | D73: 37.33 | E73: 9.55 | F73: 17.32 | G73: 36.73 | H73: 14.16 | I73: 3.96 | J73: 0.8 | K73: 267.41 | L73: 39.38 | M73: 25.05 | N73: 338 | O73: 0 | P73: 0.54 | Q73: 9.54
A74: 06/05/2025 16:30 | B74: 9.16 | C74: 30.13 | D74: 40.55 | E74: 6.01 | F74: 13.48 | G74: 36.73 | H74: 14.16 | I74: 3.92 | J74: 0.8 | K74: 249.84 | L74: 39.15 | M74: 24.79 | N74: 261 | O74: 0 | P74: 0.55 | Q74: 9.54
A75: 06/05/2025 16:45 | B75: 9.22 | C75: 31.77 | D75: 43.59 | E75: 9.58 | F75: 22.35 | G75: 36.73 | H75: 14.16 | I75: 4.06 | J75: 0.49 | K75: 256.01 | L75: 38.72 | M75: 24.82 | N75: 155.7 | O75: 0 | P75: 0.49 | Q75: 9.52
A76: 06/05/2025 17:00 | B76: 12.16 | C76: 36.64 | D76: 48.4 | E76: 14.77 | F76: 23.88 | G76: 36.73 | H76: 14.16 | I76: 3.95 | J76: 0.64 | K76: 271.87 | L76: 38.8 | M76: 25.83 | N76: 137.6 | O76: 0 | P76: 0.6 | Q76: 9.51
A77: 06/05/2025 17:15 | B77: 8.93 | C77: 34.91 | D77: 50.06 | E77: 20.18 | F77: 23.55 | G77: 38.87 | H77: 14.47 | I77: 4.01 | J77: 0.53 | K77: 239.07 | L77: 38.47 | M77: 25.22 | N77: 125.9 | O77: 0 | P77: 0.61 | Q77: 9.52
A78: 06/05/2025 17:30 | B78: 10.6 | C78: 37.34 | D78: 52.15 | E78: 16.53 | F78: 19.59 | G78: 38.87 | H78: 14.47 | I78: 3.82 | J78: 0.54 | K78: 242.17 | L78: 38.18 | M78: 26.02 | N78: 120.9 | O78: 0 | P78: 0.76 | Q78: 9.53
A79: 06/05/2025 17:45 | B79: 13.8 | C79: 52.5 | D79: 76.26 | E79: 15.68 | F79: 18.58 | G79: 38.87 | H79: 14.47 | I79: 3.95 | J79: 0.41 | K79: 247.76 | L79: 37.88 | M79: 26.2 | N79: 101 | O79: 0 | P79: 0.85 | Q79: 9.53
A80: 06/05/2025 18:00 | B80: 7.88 | C80: 35.44 | D80: 52.67 | E80: 15.92 | F80: 24.3 | G80: 38.87 | H80: 14.47 | I80: 3.94 | J80: 0.46 | K80: 228.91 | L80: 37.5 | M80: 26.47 | N80: 85.7 | O80: 0 | P80: 0.63 | Q80: 9.53
... A104: 06/05/2025 24:00 | B104: 21.99 | C104: 45.35 | D104: 50 | E104: 4.13 | F104: 8.43 | G104: 58.8 | H104: 18.66 | I104: 4.06 | J104: 0.31 | K104: 252.44 | L104: 30.53 | M104: 50.79 | N104: 60.7 | O104: 0 | P104: 0.5 | Q104: 9.65
A106: Min | B106: =MIN(B9:B104) -> 7.8 | C106: =MIN(C9:C104) -> 23.57 | D106: =MIN(D9:D104) -> 28.2 | E106: =MIN(E9:E104) -> 4.13 | F106: =MIN(F9:F104) -> 4.92 | G106: =MIN(G9:G104) -> 28.31 | H106: =MIN(H9:H104) -> 4.03 | I106: =MIN(I9:I104) -> 3.77 | ... Q106: =MIN(Q9:Q104) -> 9.49
A107: Max | B107: =MAX(B9:B104) -> 188.45 | C107: =MAX(C9:C104) -> 216.16 | D107: =MAX(D9:D104) -> 121.43 | E107: =MAX(E9:E104) -> 20.18 | F107: =MAX(F9:F104) -> 25.12 | G107: =MAX(G9:G104) -> 72.58 | H107: =MAX(H9:H104) -> 24.47 | I107: =MAX(I9:I104) -> 4.21 | ... Q107: =MAX(Q9:Q104) -> 9.73
A108: Avg | B108: =AVERAGE(B9:B104) -> 24.324896 | C108: =AVERAGE(C9:C104) -> 45.643229 | D108: =AVERAGE(D9:D104) -> 46.974271 | E108: =AVERAGE(E9:E104) -> 6.6110417 | F108: =AVERAGE(F9:F104) -> 10.635833 | G108: =AVERAGE(G9:G104) -> 42.686146 | H108: =AVERAGE(H9:H104) -> 13.393333 | I108: =AVERAGE(I9:I104) -> 3.9925 | ... Q108: =AVERAGE(Q9:Q104) -> 9.5992708
A109: Stdev | B109: =STDEV(B9:B104) -> 30.451119 | C109: =STDEV(C9:C104) -> 34.695879 | D109: =STDEV(D9:D104) -> 23.634076 | E109: =STDEV(E9:E104) -> 3.1366759 | F109: =STDEV(F9:F104) -> 5.1507963 | G109: =STDEV(G9:G104) -> 12.566952 | H109: =STDEV(H9:H104) -> 5.4099316 | I109: =STDEV(I9:I104) -> 0.086133312 | ... Q109: =STDEV(Q9:Q104) -> 0.059863789
A110: Num | B110: =COUNT(B9:B104) -> 96 | C110: =COUNT(C9:C104) -> 96 | D110: =COUNT(D9:D104) -> 96 | E110: =COUNT(E9:E104) -> 96 | F110: =COUNT(F9:F104) -> 96 | G110: =COUNT(G9:G104) -> 96 | H110: =COUNT(H9:H104)+12 -> 96 | I110: =COUNT(I9:I104) -> 96 | J110: =COUNT(J9:J104) -> 96 | K110: =COUNT(K9:K104) -> 96 | L110: =COUNT(L9:L104) -> 96 | M110: =COUNT(M9:M104) -> 96 | N110: =COUNT(N9:N104) -> 96 | O110: =COUNT(O9:O104) -> 96 | P110: =COUNT(P9:P104) -> 96 | Q110: =COUNT(Q9:Q104) -> 96
A111: DCR | B111: =IF(B110>=87,">90%",IF(B110<=87,"<90%")) -> >90% | C111: =IF(C110>=87,">90%",IF(C110<=87,"<90%")) -> >90% | D111: =IF(D110>=87,">90%",IF(D110<=87,"<90%")) -> >90% | E111: =IF(E110>=87,">90%",IF(E110<=87,"<90%")) -> >90% | F111: =IF(F110>=87,">90%",IF(F110<=87,"<90%")) -> >90% | G111: =IF(G110>=87,">90%",IF(G110<=87,"<90%")) -> >90% | H111: =IF(H110>=87,">90%",IF(H110<=87,"<90%")) -> >90% | I111: =IF(I110>=87,">90%",IF(I110<=87,"<90%")) -> >90% | ... Q111: =IF(Q110>=87,">90%",IF(Q110<=87,"<90%")) -> >90%
A112: Status | B112: =IF(B110>=87,"OK",IF(B110<=87,"LESS")) -> OK | C112: =IF(C110>=87,"OK",IF(C110<=87,"LESS")) -> OK | D112: =IF(D110>=87,"OK",IF(D110<=87,"LESS")) -> OK | E112: =IF(E110>=87,"OK",IF(E110<=87,"LESS")) -> OK | F112: =IF(F110>=87,"OK",IF(F110<=87,"LESS")) -> OK | G112: =IF(G110>=87,"OK",IF(G110<=87,"LESS")) -> OK | H112: =IF(H110>=87,"OK",IF(H110<=87,"LESS")) -> OK | I112: =IF(I110>=87,"OK",IF(I110<=87,"LESS")) -> OK | ... Q112: =IF(Q110>=87,"OK",IF(Q110<=87,"LESS")) -> OK
A115: Done by | B115: RK
A117: Comment

Sheet 07
A1: Station: | B1: BHATAGAON RAIPUR
A2: Date: | B2: =$A$9 -> 07/05/2025 00:15 | D2: Power Off | G2: Pw.Off | L2: Link Fail | N2: Link F | P2: Maintenance | R2: Maint.
A3: Report Type: | B3: Mean | D3: Calibration | G3: Calib. | L3: Data Fail | N3: Data F | P3: Invalid | R3: Invalid
A4: Time Base: | B4: 15 Min | D4: Zero Referrence | G4: Z.Ref | L4: Warm Up | N4: Wm. Up
A7: Date & Time | B7: NO_BHATAGAON | C7: NO2__BHATAGAON | D7: NOX_BHATAGAON | E7: SO2__BHATAGAON | F7: O3__BHATAGAON | G7: PM10__BHATAGAON | H7: PM2_5__BHATAGAON | I7: BENZ__BHATAGAON | J7: WS__BHATAGAON | K7: WD__BHATAGAON | L7: TEMP__BHATAGAON | M7: HUM__BHATAGAON | N7: SR__BHATAGAON | O7: RG__BHATAGAON | P7: CO__BHATAGAON | Q7: NH3__BHATAGAON
B8: ug/m3 | C8: ug/m3 | D8: ppb | E8: ug/m3 | F8: ug/m3 | G8: ug/m3 | H8: ug/m3 | I8: ug/m3 | J8: m/sec | K8: deg | L8: degreC | M8: % | N8: w/m2 | O8: mm | P8: mg/m3 | Q8: ug/m3
A9: 07/05/2025 00:15 | B9: 16.86 | C9: 35.2 | D9: 38.45 | E9: 4.84 | F9: 12.36 | G9: 48.27 | H9: 9.4 | I9: 3.94 | J9: 0.22 | K9: 277.75 | L9: 30.08 | M9: 51.87 | N9: 60.8 | O9: 0 | P9: 0.43 | Q9: 9.65
A10: 07/05/2025 00:30 | B10: 14.46 | C10: 29.62 | D10: 31.45 | E10: 4.46 | F10: 13.65 | G10: 48.27 | H10: 9.4 | I10: 4 | J10: 0.19 | K10: 214.63 | L10: 29.95 | M10: 52.68 | N10: 60.6 | O10: 0 | P10: 0.38 | Q10: 9.65
A11: 07/05/2025 00:45 | B11: 22.02 | C11: 35.75 | D11: 31.58 | E11: 4.61 | F11: 11.02 | G11: 48.27 | H11: 9.4 | I11: 4.06 | J11: 0.27 | K11: 236.9 | L11: 29.91 | M11: 54.64 | N11: 60.7 | O11: 0 | P11: 0.5 | Q11: 9.64
A12: 07/05/2025 01:00 | B12: 20.2 | C12: 35.11 | D12: 33.13 | E12: 4.46 | F12: 10.51 | G12: 48.27 | H12: 9.4 | I12: 3.97 | J12: 0.34 | K12: 188.01 | L12: 29.99 | M12: 54.92 | N12: 60.3 | O12: 0 | P12: 0.43 | Q12: 9.63
A13: 07/05/2025 01:15 | B13: 14.49 | C13: 33.31 | D13: 38.46 | E13: 4.33 | F13: 10.54 | G13: 42.26 | H13: 14.33 | I13: 4.26 | J13: 0.35 | K13: 173.9 | L13: 29.76 | M13: 56.08 | N13: 60.5 | O13: 0 | P13: 0.34 | Q13: 9.62
A14: 07/05/2025 01:30 | B14: 26.46 | C14: 40.57 | D14: 33.98 | E14: 4.33 | F14: 9.08 | G14: 42.26 | H14: 14.33 | I14: 3.91 | J14: 0.22 | K14: 218.87 | L14: 29.61 | M14: 57.91 | N14: 60.7 | O14: 0 | P14: 0.52 | Q14: 9.64
A15: 07/05/2025 01:45 | B15: 18.45 | C15: 40.26 | D15: 45.68 | E15: 4.37 | F15: 8.67 | G15: 42.26 | H15: 14.33 | I15: 3.95 | J15: 0.13 | K15: 238.23 | L15: 29.13 | M15: 61.83 | N15: 61.2 | O15: 0 | P15: 0.33 | Q15: 9.61
A16: 07/05/2025 02:00 | B16: 25.46 | C16: 46.66 | D16: 47.18 | E16: 4.19 | F16: 7.84 | G16: 42.26 | H16: 14.33 | I16: 4.09 | J16: 0.24 | K16: 246.31 | L16: 28.78 | M16: 65.49 | N16: 61.1 | O16: 0 | P16: 0.35 | Q16: 9.65
A17: 07/05/2025 02:15 | B17: 15.07 | C17: 33.22 | D17: 37.4 | E17: 4.42 | F17: 9.81 | G17: 38.76 | H17: 13.31 | I17: 3.96 | J17: 0.22 | K17: 178.5 | L17: 28.99 | M17: 61.63 | N17: 60.3 | O17: 0 | P17: 0.29 | Q17: 9.65
A18: 07/05/2025 02:30 | B18: 14.75 | C18: 31.38 | D18: 34.37 | E18: 4.12 | F18: 10.61 | G18: 38.76 | H18: 13.31 | I18: 4.06 | J18: 0.1 | K18: 218.79 | L18: 29.31 | M18: 58.97 | N18: 60.7 | O18: 0 | P18: 0.29 | Q18: 9.65
A19: 07/05/2025 02:45 | B19: 19.2 | C19: 36.95 | D19: 38.21 | E19: 4.15 | F19: 9.1 | G19: 38.76 | H19: 13.31 | I19: 3.98 | J19: 0.23 | K19: 261.11 | L19: 28.97 | M19: 63.63 | N19: 61.1 | O19: 0 | P19: 0.31 | Q19: 9.64
A20: 07/05/2025 03:00 | B20: 20 | C20: 38.87 | D20: 40.65 | E20: 4.3 | F20: 8.18 | G20: 38.76 | H20: 13.31 | I20: 4.03 | J20: 0.19 | K20: 292.19 | L20: 28.41 | M20: 68.84 | N20: 61.3 | O20: 0 | P20: 0.33 | Q20: 9.63
... A104: 07/05/2025 24:00 | B104: 12.68 | C104: 27.99 | D104: 31.07 | E104: 6.3 | F104: 13.88 | G104: 43.02 | H104: 12.05 | I104: 3.98 | J104: 0.93 | K104: 150.53 | L104: 32.26 | M104: 43.03 | N104: 28 | O104: 0 | P104: 0.37 | Q104: 9.55
A106: Min | B106: =MIN(B9:B104) -> 6.55 | C106: =MIN(C9:C104) -> 20.29 | D106: =MIN(D9:D104) -> 24.28 | E106: =MIN(E9:E104) -> 3.62 | F106: =MIN(F9:F104) -> 6.08 | G106: =MIN(G9:G104) -> 22.77 | H106: =MIN(H9:H104) -> 2.95 | I106: =MIN(I9:I104) -> 3.67 | ... Q106: =MIN(Q9:Q104) -> 9.44
A107: Max | B107: =MAX(B9:B104) -> 84.57 | C107: =MAX(C9:C104) -> 117.38 | D107: =MAX(D9:D104) -> 95.71 | E107: =MAX(E9:E104) -> 9.67 | F107: =MAX(F9:F104) -> 24.44 | G107: =MAX(G9:G104) -> 48.27 | H107: =MAX(H9:H104) -> 19.09 | I107: =MAX(I9:I104) -> 4.26 | ... Q107: =MAX(Q9:Q104) -> 9.67
A108: Avg | B108: =AVERAGE(B9:B104) -> 15.127812 | C108: =AVERAGE(C9:C104) -> 35.808021 | D108: =AVERAGE(D9:D104) -> 42.265417 | E108: =AVERAGE(E9:E104) -> 5.84625 | F108: =AVERAGE(F9:F104) -> 12.238125 | G108: =AVERAGE(G9:G104) -> 34.990625 | H108: =AVERAGE(H9:H104) -> 9.2720833 | I108: =AVERAGE(I9:I104) -> 3.9988542 | ... Q108: =AVERAGE(Q9:Q104) -> 9.555625
A109: Stdev | B109: =STDEV(B9:B104) -> 10.249821 | C109: =STDEV(C9:C104) -> 13.993667 | D109: =STDEV(D9:D104) -> 15.699762 | E109: =STDEV(E9:E104) -> 1.2525462 | F109: =STDEV(F9:F104) -> 4.8552434 | G109: =STDEV(G9:G104) -> 5.9348835 | H109: =STDEV(H9:H104) -> 4.2363944 | I109: =STDEV(I9:I104) -> 0.099428576 | ... Q109: =STDEV(Q9:Q104) -> 0.063508184
A110: Num | B110: =COUNT(B9:B104) -> 96 | C110: =COUNT(C9:C104) -> 96 | D110: =COUNT(D9:D104) -> 96 | E110: =COUNT(E9:E104) -> 96 | F110: =COUNT(F9:F104) -> 96 | G110: =COUNT(G9:G104) -> 96 | H110: =COUNT(H9:H104) -> 96 | I110: =COUNT(I9:I104) -> 96 | ... Q110: =COUNT(Q9:Q104) -> 96
A111: DCR | B111: =IF(B110>=87,">90%",IF(B110<=87,"<90%")) -> >90% | C111: =IF(C110>=87,">90%",IF(C110<=87,"<90%")) -> >90% | D111: =IF(D110>=87,">90%",IF(D110<=87,"<90%")) -> >90% | E111: =IF(E110>=87,">90%",IF(E110<=87,"<90%")) -> >90% | F111: =IF(F110>=87,">90%",IF(F110<=87,"<90%")) -> >90% | G111: =IF(G110>=87,">90%",IF(G110<=87,"<90%")) -> >90% | H111: =IF(H110>=87,">90%",IF(H110<=87,"<90%")) -> >90% | I111: =IF(I110>=87,">90%",IF(I110<=87,"<90%")) -> >90% | ... Q111: =IF(Q110>=87,">90%",IF(Q110<=87,"<90%")) -> >90%
A112: Status | B112: =IF(B110>=87,"OK",IF(B110<=87,"LESS")) -> OK | C112: =IF(C110>=87,"OK",IF(C110<=87,"LESS")) -> OK | D112: =IF(D110>=87,"OK",IF(D110<=87,"LESS")) -> OK | E112: =IF(E110>=87,"OK",IF(E110<=87,"LESS")) -> OK | F112: =IF(F110>=87,"OK",IF(F110<=87,"LESS")) -> OK | G112: =IF(G110>=87,"OK",IF(G110<=87,"LESS")) -> OK | H112: =IF(H110>=87,"OK",IF(H110<=87,"LESS")) -> OK | I112: =IF(I110>=87,"OK",IF(I110<=87,"LESS")) -> OK | ... Q112: =IF(Q110>=87,"OK",IF(Q110<=87,"LESS")) -> OK
A115: Done by | B115: RK
A117: Comment

Sheet 08
A1: Station: | B1: BHATAGAON RAIPUR
A2: Date: | B2: =$A$9 -> 08/05/2025 00:15 | D2: Power Off | G2: Pw.Off | L2: Link Fail | N2: Link F | P2: Maintenance | R2: Maint.
A3: Report Type: | B3: Mean | D3: Calibration | G3: Calib. | L3: Data Fail | N3: Data F | P3: Invalid | R3: Invalid
A4: Time Base: | B4: 15 Min | D4: Zero Referrence | G4: Z.Ref | L4: Warm Up | N4: Wm. Up
A7: Date & Time | B7: NO_BHATAGAON | C7: NO2__BHATAGAON | D7: NOX_BHATAGAON | E7: SO2__BHATAGAON | F7: O3__BHATAGAON | G7: PM10__BHATAGAON | H7: PM2_5__BHATAGAON | I7: BENZ__BHATAGAON | J7: WS__BHATAGAON | K7: WD__BHATAGAON | L7: TEMP__BHATAGAON | M7: HUM__BHATAGAON | N7: SR__BHATAGAON | O7: RG__BHATAGAON | P7: CO__BHATAGAON | Q7: NH3__BHATAGAON
B8: ug/m3 | C8: ug/m3 | D8: ppb | E8: ug/m3 | F8: ug/m3 | G8: ug/m3 | H8: ug/m3 | I8: ug/m3 | J8: m/sec | K8: deg | L8: degreC | M8: % | N8: w/m2 | O8: mm | P8: mg/m3 | Q8: ug/m3
A9: 08/05/2025 00:15 | B9: 13.74 | C9: 30 | D9: 33.29 | E9: 6.6 | F9: 9.17 | G9: 39.67 | H9: 12.53 | I9: 4.07 | J9: 1.03 | K9: 158.16 | L9: 32.17 | M9: 42.77 | N9: 28.1 | O9: 0 | P9: 0.48 | Q9: 9.55
A10: 08/05/2025 00:30 | B10: 13.46 | C10: 29.93 | D10: 33.56 | E10: 6.72 | F10: 9.73 | G10: 39.67 | H10: 12.53 | I10: 4 | J10: 1.21 | K10: 157.01 | L10: 31.91 | M10: 44.08 | N10: 28.4 | O10: 0 | P10: 0.43 | Q10: 9.56
A11: 08/05/2025 00:45 | B11: 11.49 | C11: 26.9 | D11: 30.81 | E11: 6.33 | F11: 11.93 | G11: 39.67 | H11: 12.53 | I11: 3.98 | J11: 0.89 | K11: 166.29 | L11: 31.59 | M11: 46.15 | N11: 28.5 | O11: 0 | P11: 0.38 | Q11: 9.55
A12: 08/05/2025 01:00 | B12: 11.34 | C12: 25.62 | D12: 28.58 | E12: 6.7 | F12: 13.55 | G12: 39.67 | H12: 12.53 | I12: 3.94 | J12: 1.01 | K12: 158.86 | L12: 31.3 | M12: 47.19 | N12: 28.3 | O12: 0 | P12: 0.33 | Q12: 9.55
A13: 08/05/2025 01:15 | B13: 11.36 | C13: 25.72 | D13: 28.75 | E13: 6.29 | F13: 11.49 | G13: 37.59 | H13: 10.59 | I13: 4.1 | J13: 0.83 | K13: 158.03 | L13: 30.94 | M13: 48.02 | N13: 28.5 | O13: 0 | P13: 0.23 | Q13: 9.55
A14: 08/05/2025 01:30 | B14: 10.76 | C14: 25.56 | D14: 29.37 | E14: 6.66 | F14: 10.76 | G14: 37.59 | H14: 10.59 | I14: 4.07 | J14: 0.98 | K14: 156.16 | L14: 30.61 | M14: 49.55 | N14: 28.3 | O14: 0 | P14: 0.28 | Q14: 9.55
A15: 08/05/2025 01:45 | B15: 11.24 | C15: 26.68 | D15: 30.76 | E15: 6.96 | F15: 10.57 | G15: 37.59 | H15: 10.59 | I15: 4 | J15: 0.38 | K15: 202.32 | L15: 30.42 | M15: 50.47 | N15: 28.7 | O15: 0 | P15: 0.27 | Q15: 9.56
A16: 08/05/2025 02:00 | B16: 8.68 | C16: 22.74 | D16: 27.15 | E16: 7.1 | F16: 13.56 | G16: 37.59 | H16: 10.59 | I16: 3.98 | J16: 0.34 | K16: 226.08 | L16: 30.29 | M16: 51.89 | N16: 28.6 | O16: 0 | P16: 0.21 | Q16: 9.56
A17: 08/05/2025 02:15 | B17: 8.33 | C17: 22.08 | D17: 26.43 | E17: 6.95 | F17: 14.75 | G17: 32.06 | H17: 11.32 | I17: 4.1 | J17: 0.31 | K17: 227.47 | L17: 30.13 | M17: 52.71 | N17: 28.5 | O17: 0 | P17: 0.17 | Q17: 9.55
A18: 08/05/2025 02:30 | B18: 9.33 | C18: 23.66 | D18: 27.9 | E18: 6.7 | F18: 12.05 | G18: 32.06 | H18: 11.32 | I18: 4.04 | J18: 0.37 | K18: 213 | L18: 29.83 | M18: 53.68 | N18: 28.3 | O18: 0 | P18: 0.23 | Q18: 9.55
A19: 08/05/2025 02:45 | B19: 9.64 | C19: 25.88 | D19: 31.69 | E19: 6.7 | F19: 11.28 | G19: 32.06 | H19: 11.32 | I19: 4.08 | J19: 0.44 | K19: 182.18 | L19: 29.61 | M19: 54.31 | N19: 28.4 | O19: 0 | P19: 0.22 | Q19: 9.55
A20: 08/05/2025 03:00 | B20: 8.52 | C20: 21.62 | D20: 25.25 | E20: 6.61 | F20: 12.01 | G20: 32.06 | H20: 11.32 | I20: 3.94 | J20: 0.34 | K20: 239.99 | L20: 29.47 | M20: 56.03 | N20: 28.7 | O20: 0 | P20: 0.21 | Q20: 9.56
... A59: 08/05/2025 12:45 | B59: 7.87 | C59: 25.92 | D59: 34.48 | E59: 6.81 | F59: 19.43 | G59: 45.94 | H59: 16.09 | I59: 4.11 | J59: 0.4 | K59: 244.83 | L59: 42.05 | M59: 28.64 | N59: 894.9 | O59: 0 | P59: 0.35 | Q59: 9.55
A60: 08/05/2025 13:00 | B60: 3.55 | C60: 4.71 | D60: 2.58 | E60: 7.85 | F60: 16.77 | G60: Calib. | H60: Calib. | I60: 3.95 | J60: 1.08 | K60: 160.74 | L60: 40.23 | M60: 30.59 | N60: 860.6 | O60: 0 | P60: 0.29 | Q60: 9.56
A61: 08/05/2025 13:15 | B61: 2.81 | C61: 23.63 | D61: 39.47 | E61: 4.65 | F61: 16.72 | G61: Calib. | H61: Calib. | I61: 3.89 | J61: 0.77 | K61: 200.17 | L61: 39.49 | M61: 30.25 | N61: 836.8 | O61: 0 | P61: 0.28 | Q61: 9.56
A62: 08/05/2025 13:30 | B62: Calib. | C62: Calib. | D62: Calib. | E62: 5.71 | F62: 23.33 | G62: Calib. | H62: Calib. | I62: 3.98 | J62: 0.71 | K62: 130.41 | L62: 39.07 | M62: 30.89 | N62: 811.8 | O62: 0 | P62: 0.25 | Q62: 9.53
A63: 08/05/2025 13:45 | B63: Calib. | C63: Calib. | D63: Calib. | E63: 7.85 | F63: 24.19 | G63: Calib. | H63: Calib. | I63: 4.07 | J63: 0.27 | K63: 270.01 | L63: 39.78 | M63: 30.51 | N63: 561.5 | O63: 0 | P63: 0.31 | Q63: 9.5
A64: 08/05/2025 14:00 | B64: 0.59 | C64: 20.76 | D64: 38.84 | E64: 4 | F64: 16.48 | G64: 4.38 | H64: 0.78 | I64: 4.2 | J64: 0.75 | K64: 260.82 | L64: 42 | M64: 27.29 | N64: 490.5 | O64: 0 | P64: 0.31 | Q64: 9.51
A65: 08/05/2025 14:15 | B65: 0.44 | C65: 17.94 | D65: 33.65 | E65: 3.21 | F65: 18.81 | G65: 49.64 | H65: 11.74 | I65: 4.16 | J65: 0.36 | K65: 222.65 | L65: 40.6 | M65: 28.48 | N65: 405.5 | O65: 0 | P65: 0.32 | Q65: 9.52
A66: 08/05/2025 14:30 | B66: 1.45 | C66: 21 | D66: 37.97 | E66: Calib. | F66: 20.64 | G66: 49.64 | H66: 11.74 | I66: 3.98 | J66: 0.27 | K66: 227.37 | L66: 40.28 | M66: 29.01 | N66: 389.6 | O66: 0 | P66: 0.34 | Q66: 9.53
A67: 08/05/2025 14:45 | B67: 0.8 | C67: 18.82 | D67: 34.79 | E67: Calib. | F67: 16.99 | G67: 49.64 | H67: 11.74 | I67: 3.88 | J67: 0.51 | K67: 229.02 | L67: 39.99 | M67: 28.91 | N67: 297.3 | O67: 0 | P67: 0.3 | Q67: 9.54
A68: 08/05/2025 15:00 | B68: 0.77 | C68: 22.58 | D68: 42.03 | E68: Calib. | F68: 19.34 | G68: 48.94 | H68: 11.66 | I68: 4.11 | J68: 0.5 | K68: 252.81 | L68: 40.05 | M68: 29.36 | N68: 280.1 | O68: 0 | P68: 0.33 | Q68: 9.52
A69: 08/05/2025 15:15 | B69: 1.22 | C69: 23.63 | D69: 43.35 | E69: Calib. | F69: 17.03 | G69: 41.7 | H69: 10.56 | I69: 4.1 | J69: 0.89 | K69: 160.83 | L69: 40.15 | M69: 30.6 | N69: 338.5 | O69: 0 | P69: 0.33 | Q69: 9.52
A70: 08/05/2025 15:30 | B70: 1.68 | C70: 21.56 | D70: 38.68 | E70: 2.1 | F70: 11.69 | G70: 41.7 | H70: 10.56 | I70: 4 | J70: 2.71 | K70: 155.11 | L70: 36.09 | M70: 41.12 | N70: 301.8 | O70: 0 | P70: 0.32 | Q70: 9.5
A71: 08/05/2025 15:45 | B71: 3.85 | C71: 22.65 | D71: 37.43 | E71: 0.02 | F71: 3.32 | G71: 41.7 | H71: 10.56 | I71: 3.83 | J71: 1.82 | K71: 160.2 | L71: 35.03 | M71: 44.53 | N71: 197.7 | O71: 0 | P71: 4.48 | Q71: 9.49
A72: 08/05/2025 16:00 | B72: 3.9 | C72: 21.23 | D72: 34.65 | E72: 3.33 | F72: 123.54 | G72: 41.66 | H72: 10.64 | I72: 3.85 | J72: 1.37 | K72: 157.34 | L72: 34.58 | M72: 46.76 | N72: 239.8 | O72: 0 | P72: 0.23 | Q72: 9.47
A73: 08/05/2025 16:15 | B73: 4.02 | C73: 20.94 | D73: 33.92 | E73: 5.64 | F73: 115.69 | G73: 41.18 | H73: 11.76 | I73: 4.02 | J73: 1.38 | K73: 159.69 | L73: 34.71 | M73: 40.5 | N73: 304.8 | O73: 0 | P73: 0.23 | Q73: 9.45
A74: 08/05/2025 16:30 | B74: 4.31 | C74: 21.44 | D74: 34.41 | E74: 5.79 | F74: 112.95 | G74: 41.18 | H74: 11.76 | I74: 4.12 | J74: 1.43 | K74: 151.61 | L74: 34.5 | M74: 37.65 | N74: 201.3 | O74: 0 | P74: 0.21 | Q74: 9.44
A75: 08/05/2025 16:45 | B75: 4.1 | C75: 20.24 | D75: 32.44 | E75: 5.64 | F75: 111.91 | G75: 41.18 | H75: 11.76 | I75: 4.01 | J75: 1.58 | K75: 165.41 | L75: 33.73 | M75: 41.74 | N75: 185.6 | O75: 0 | P75: 0.21 | Q75: 9.43
A76: 08/05/2025 17:00 | B76: 3.97 | C76: 19.32 | D76: 30.89 | E76: 5.75 | F76: 4.5 | G76: 41.33 | H76: 11.73 | I76: 3.96 | J76: 1.66 | K76: 153.14 | L76: 33.23 | M76: 43.76 | N76: 158.6 | O76: 0 | P76: 0.2 | Q76: 9.43
A77: 08/05/2025 17:15 | B77: 4.06 | C77: 19.15 | D77: 30.42 | E77: 5.43 | F77: 3.62 | G77: 43.18 | H77: 11.26 | I77: 4.06 | J77: 1.38 | K77: 167.1 | L77: 32.68 | M77: 45.52 | N77: 126.2 | O77: 0 | P77: 0.2 | Q77: 9.42
A78: 08/05/2025 17:30 | B78: 4.24 | C78: 21.35 | D78: 34.35 | E78: 5.79 | F78: 1.79 | G78: 43.18 | H78: 11.26 | I78: 4 | J78: 2.42 | K78: 158.81 | L78: 32.75 | M78: 46.11 | N78: 136.3 | O78: 0 | P78: 0.2 | Q78: 9.46
A79: 08/05/2025 17:45 | B79: 4.72 | C79: 21.77 | D79: 34.42 | E79: 5.78 | F79: 1.95 | G79: 43.18 | H79: 11.26 | I79: 3.93 | J79: 2.02 | K79: 147.06 | L79: 32.59 | M79: 46.52 | N79: 116.7 | O79: 0 | P79: 0.2 | Q79: 9.48
A80: 08/05/2025 18:00 | B80: 5.16 | C80: 21.2 | D80: 32.67 | E80: 5.67 | F80: 1.85 | G80: 43.26 | H80: 11.11 | I80: 4.15 | J80: 1.7 | K80: 156.51 | L80: 32.67 | M80: 45.81 | N80: 87 | O80: 0 | P80: 0.2 | Q80: 9.47
A81: 08/05/2025 18:15 | B81: 5.51 | C81: 21.37 | D81: 32.44 | E81: 5.2 | F81: 1.03 | G81: 44.33 | H81: 9.03 | I81: 4.12 | J81: 1.79 | K81: 150.59 | L81: 32.62 | M81: 46.37 | N81: 64.3 | O81: 0 | P81: 0.2 | Q81: 9.47
... A104: 08/05/2025 24:00 | B104: 7.14 | C104: 25.33 | D104: 37.53 | E104: 4.15 | F104: 0.92 | G104: 31.17 | H104: 8.36 | I104: 4.04 | J104: 1.3 | K104: 161.83 | L104: 29.6 | M104: 63.03 | N104: 28.8 | O104: 0 | P104: 0.31 | Q104: 9.49
A106: Min | B106: =MIN(B9:B104) -> 0.44 | C106: =MIN(C9:C104) -> 4.71 | D106: =MIN(D9:D104) -> 2.58 | E106: =MIN(E9:E104) -> 0.02 | F106: =MIN(F9:F104) -> 0.92 | G106: =MIN(G9:G104) -> 4.38 | H106: =MIN(H9:H104) -> 0.78 | I106: =MIN(I9:I104) -> 3.83 | ... Q106: =MIN(Q9:Q104) -> 9.42
A107: Max | B107: =MAX(B9:B104) -> 14.48 | C107: =MAX(C9:C104) -> 32.61 | D107: =MAX(D9:D104) -> 43.52 | E107: =MAX(E9:E104) -> 7.85 | F107: =MAX(F9:F104) -> 123.54 | G107: =MAX(G9:G104) -> 49.64 | H107: =MAX(H9:H104) -> 16.09 | I107: =MAX(I9:I104) -> 4.22 | ... Q107: =MAX(Q9:Q104) -> 9.59
A108: Avg | B108: =AVERAGE(B9:B104) -> 7.4141489 | C108: =AVERAGE(C9:C104) -> 24.47766 | D108: =AVERAGE(D9:D104) -> 33.789255 | E108: =AVERAGE(E9:E104) -> 5.7907609 | F108: =AVERAGE(F9:F104) -> 13.801875 | G108: =AVERAGE(G9:G104) -> 34.835761 | H108: =AVERAGE(H9:H104) -> 10.445652 | I108: =AVERAGE(I9:I104) -> 4.0098958 | ... Q108: =AVERAGE(Q9:Q104) -> 9.5238542
A109: Stdev | B109: =STDEV(B9:B104) -> 3.2865943 | C109: =STDEV(C9:C104) -> 3.7167842 | D109: =STDEV(D9:D104) -> 5.3476437 | E109: =STDEV(E9:E104) -> 1.0633414 | F109: =STDEV(F9:F104) -> 22.061678 | G109: =STDEV(G9:G104) -> 7.3687839 | H109: =STDEV(H9:H104) -> 2.4328423 | I109: =STDEV(I9:I104) -> 0.089248262 | ... Q109: =STDEV(Q9:Q104) -> 0.039798699
A110: Num | B110: =COUNT(B9:B104)+2 -> 96 | C110: =COUNT(C9:C104)+2 -> 96 | D110: =COUNT(D9:D104)+2 -> 96 | E110: =COUNT(E9:E104)+4 -> 96 | F110: =COUNT(F9:F104) -> 96 | G110: =COUNT(G9:G104)+4 -> 96 | H110: =COUNT(H9:H104)+4 -> 96 | I110: =COUNT(I9:I104) -> 96 | J110: =COUNT(J9:J104) -> 96 | K110: =COUNT(K9:K104) -> 96 | L110: =COUNT(L9:L104) -> 96 | M110: =COUNT(M9:M104) -> 96 | N110: =COUNT(N9:N104) -> 96 | O110: =COUNT(O9:O104) -> 96 | P110: =COUNT(P9:P104) -> 96 | Q110: =COUNT(Q9:Q104) -> 96
A111: DCR | B111: =IF(B110>=87,">90%",IF(B110<=87,"<90%")) -> >90% | C111: =IF(C110>=87,">90%",IF(C110<=87,"<90%")) -> >90% | D111: =IF(D110>=87,">90%",IF(D110<=87,"<90%")) -> >90% | E111: =IF(E110>=87,">90%",IF(E110<=87,"<90%")) -> >90% | F111: =IF(F110>=87,">90%",IF(F110<=87,"<90%")) -> >90% | G111: =IF(G110>=87,">90%",IF(G110<=87,"<90%")) -> >90% | H111: =IF(H110>=87,">90%",IF(H110<=87,"<90%")) -> >90% | I111: =IF(I110>=87,">90%",IF(I110<=87,"<90%")) -> >90% | ... Q111: =IF(Q110>=87,">90%",IF(Q110<=87,"<90%")) -> >90%
A112: Status | B112: =IF(B110>=87,"OK",IF(B110<=87,"LESS")) -> OK | C112: =IF(C110>=87,"OK",IF(C110<=87,"LESS")) -> OK | D112: =IF(D110>=87,"OK",IF(D110<=87,"LESS")) -> OK | E112: =IF(E110>=87,"OK",IF(E110<=87,"LESS")) -> OK | F112: =IF(F110>=87,"OK",IF(F110<=87,"LESS")) -> OK | G112: =IF(G110>=87,"OK",IF(G110<=87,"LESS")) -> OK | H112: =IF(H110>=87,"OK",IF(H110<=87,"LESS")) -> OK | I112: =IF(I110>=87,"OK",IF(I110<=87,"LESS")) -> OK | ... Q112: =IF(Q110>=87,"OK",IF(Q110<=87,"LESS")) -> OK
A115: Done by | B115: RK
A117: Comment

Sheet 09
A1: Station: | B1: BHATAGAON RAIPUR
A2: Date: | B2: =$A$9 -> 09/05/2025 00:15 | D2: Power Off | G2: Pw.Off | L2: Link Fail | N2: Link F | P2: Maintenance | R2: Maint.
A3: Report Type: | B3: Mean | D3: Calibration | G3: Calib. | L3: Data Fail | N3: Data F | P3: Invalid | R3: Invalid
A4: Time Base: | B4: 15 Min | D4: Zero Referrence | G4: Z.Ref | L4: Warm Up | N4: Wm. Up
A7: Date & Time | B7: NO_BHATAGAON | C7: NO2__BHATAGAON | D7: NOX_BHATAGAON | E7: SO2__BHATAGAON | F7: O3__BHATAGAON | G7: PM10__BHATAGAON | H7: PM2_5__BHATAGAON | I7: BENZ__BHATAGAON | J7: WS__BHATAGAON | K7: WD__BHATAGAON | L7: TEMP__BHATAGAON | M7: HUM__BHATAGAON | N7: SR__BHATAGAON | O7: RG__BHATAGAON | P7: CO__BHATAGAON | Q7: NH3__BHATAGAON
B8: ug/m3 | C8: ug/m3 | D8: ppb | E8: ug/m3 | F8: ug/m3 | G8: ug/m3 | H8: ug/m3 | I8: ug/m3 | J8: m/sec | K8: deg | L8: degreC | M8: % | N8: w/m2 | O8: mm | P8: mg/m3 | Q8: ug/m3
A9: 09/05/2025 00:15 | B9: 7.03 | C9: 26.03 | D9: 39.03 | E9: 3.76 | F9: 2.05 | G9: 28.43 | H9: 8.71 | I9: 4.11 | J9: 0.78 | K9: 191.99 | L9: 29.36 | M9: 64.54 | N9: 28.8 | O9: 0 | P9: 0.3 | Q9: 9.52
A10: 09/05/2025 00:30 | B10: 6.8 | C10: 25.82 | D10: 38.98 | E10: 3.98 | F10: 1.12 | G10: 28.43 | H10: 8.71 | I10: 4.08 | J10: 0.61 | K10: 210.65 | L10: 29.16 | M10: 65.64 | N10: 28.8 | O10: 0 | P10: 0.3 | Q10: 9.52
A11: 09/05/2025 00:45 | B11: 6.68 | C11: 23.83 | D11: 35.36 | E11: 3.48 | F11: 2.43 | G11: 28.43 | H11: 8.71 | I11: 4.12 | J11: 0.72 | K11: 212.54 | L11: 28.87 | M11: 67.55 | N11: 28.8 | O11: 0 | P11: 0.29 | Q11: 9.53
A12: 09/05/2025 01:00 | B12: 6.6 | C12: 24.59 | D12: 36.95 | E12: 3.84 | F12: 1.69 | G12: 28.03 | H12: 8.67 | I12: 4.07 | J12: 0.66 | K12: 204.11 | L12: 28.41 | M12: 71.29 | N12: 28.9 | O12: 0 | P12: 0.29 | Q12: 9.53
A13: 09/05/2025 01:15 | B13: 6.55 | C13: 23.71 | D13: 35.34 | E13: 3.46 | F13: 1.04 | G13: 22.47 | H13: 8.14 | I13: 4.02 | J13: 0.46 | K13: 203.85 | L13: 28.1 | M13: 74.67 | N13: 28.7 | O13: 0 | P13: 0.29 | Q13: 9.54
A14: 09/05/2025 01:30 | B14: 6.7 | C14: 24.34 | D14: 36.29 | E14: 3.62 | F14: 1.46 | G14: 22.47 | H14: 8.14 | I14: 3.91 | J14: 0.61 | K14: 194.91 | L14: 27.97 | M14: 75.52 | N14: 28.4 | O14: 0 | P14: 0.31 | Q14: 9.57
A15: 09/05/2025 01:45 | B15: 6.93 | C15: 23.63 | D15: 34.58 | E15: 3.85 | F15: 1.59 | G15: 22.47 | H15: 8.14 | I15: 3.93 | J15: 0.48 | K15: 230.31 | L15: 27.93 | M15: 75.13 | N15: 28.5 | O15: 0 | P15: 0.32 | Q15: 9.56
A16: 09/05/2025 02:00 | B16: 6.81 | C16: 23.53 | D16: 34.59 | E16: 3.52 | F16: 1.85 | G16: 22.5 | H16: 7.99 | I16: 3.97 | J16: 0.41 | K16: 235.09 | L16: 27.89 | M16: 74.83 | N16: 28.4 | O16: 0 | P16: 0.3 | Q16: 9.56
A17: 09/05/2025 02:15 | B17: 7.03 | C17: 23.29 | D17: 33.79 | E17: 3.29 | F17: 1.72 | G17: 22.9 | H17: 5.91 | I17: 4 | J17: 0.39 | K17: 249.87 | L17: 27.77 | M17: 75.73 | N17: 28.5 | O17: 0 | P17: 0.33 | Q17: 9.56
A18: 09/05/2025 02:30 | B18: 7.21 | C18: 24.13 | D18: 35.12 | E18: 3.7 | F18: 1.99 | G18: 22.9 | H18: 5.91 | I18: 4.01 | J18: 0.7 | K18: 257.25 | L18: 27.65 | M18: 77.09 | N18: 28 | O18: 0 | P18: 0.3 | Q18: 9.58
A19: 09/05/2025 02:45 | B19: 8.79 | C19: 23.7 | D19: 31.88 | E19: 3.98 | F19: 3.12 | G19: 22.9 | H19: 5.91 | I19: 4.09 | J19: 0.64 | K19: 257.49 | L19: 27.66 | M19: 76.54 | N19: 28.2 | O19: 0 | P19: 0.29 | Q19: 9.57
A20: 09/05/2025 03:00 | B20: 8.86 | C20: 23.78 | D20: 31.9 | E20: 3.62 | F20: 4.2 | G20: 22.56 | H20: 5.89 | I20: 4.07 | J20: 0.49 | K20: 259.64 | L20: 27.58 | M20: 77.35 | N20: 28.5 | O20: 0 | P20: 0.29 | Q20: 9.54
... A104: 09/05/2025 24:00 | B104: 46.99 | C104: 82.92 | D104: 86.59 | E104: 4.19 | F104: 0.22 | G104: 51.11 | H104: 12.62 | I104: 4.04 | J104: 0.19 | K104: 330.06 | L104: 31.26 | M104: 57.96 | N104: 28.8 | O104: 0 | P104: 1.22 | Q104: 9.61
A106: Min | B106: =MIN(B9:B104) -> 5.06 | C106: =MIN(C9:C104) -> 19.16 | D106: =MIN(D9:D104) -> 28.57 | E106: =MIN(E9:E104) -> 3.29 | F106: =MIN(F9:F104) -> 0.22 | G106: =MIN(G9:G104) -> 17.69 | H106: =MIN(H9:H104) -> 5.58 | I106: =MIN(I9:I104) -> 3.79 | ... Q106: =MIN(Q9:Q104) -> 9.46
A107: Max | B107: =MAX(B9:B104) -> 83.25 | C107: =MAX(C9:C104) -> 132.65 | D107: =MAX(D9:D104) -> 126.1 | E107: =MAX(E9:E104) -> 7.68 | F107: =MAX(F9:F104) -> 20.76 | G107: =MAX(G9:G104) -> 57.97 | H107: =MAX(H9:H104) -> 18.86 | I107: =MAX(I9:I104) -> 4.14 | ... Q107: =MAX(Q9:Q104) -> 9.65
A108: Avg | B108: =AVERAGE(B9:B104) -> 13.718021 | C108: =AVERAGE(C9:C104) -> 36.941875 | D108: =AVERAGE(D9:D104) -> 49.703854 | E108: =AVERAGE(E9:E104) -> 5.2567708 | F108: =AVERAGE(F9:F104) -> 5.9523958 | G108: =AVERAGE(G9:G104) -> 33.834062 | H108: =AVERAGE(H9:H104) -> 10.928021 | I108: =AVERAGE(I9:I104) -> 4.0026042 | ... Q108: =AVERAGE(Q9:Q104) -> 9.5561458
A109: Stdev | B109: =STDEV(B9:B104) -> 14.915564 | C109: =STDEV(C9:C104) -> 21.770449 | D109: =STDEV(D9:D104) -> 20.905576 | E109: =STDEV(E9:E104) -> 1.0986638 | F109: =STDEV(F9:F104) -> 5.2916112 | G109: =STDEV(G9:G104) -> 10.529602 | H109: =STDEV(H9:H104) -> 3.5111134 | I109: =STDEV(I9:I104) -> 0.084320751 | ... Q109: =STDEV(Q9:Q104) -> 0.052982019
A110: Num | B110: =COUNT(B9:B104) -> 96 | C110: =COUNT(C9:C104) -> 96 | D110: =COUNT(D9:D104) -> 96 | E110: =COUNT(E9:E104) -> 96 | F110: =COUNT(F9:F104) -> 96 | G110: =COUNT(G9:G104) -> 96 | H110: =COUNT(H9:H104) -> 96 | I110: =COUNT(I9:I104) -> 96 | ... Q110: =COUNT(Q9:Q104) -> 96
A111: DCR | B111: =IF(B110>=87,">90%",IF(B110<=87,"<90%")) -> >90% | C111: =IF(C110>=87,">90%",IF(C110<=87,"<90%")) -> >90% | D111: =IF(D110>=87,">90%",IF(D110<=87,"<90%")) -> >90% | E111: =IF(E110>=87,">90%",IF(E110<=87,"<90%")) -> >90% | F111: =IF(F110>=87,">90%",IF(F110<=87,"<90%")) -> >90% | G111: =IF(G110>=87,">90%",IF(G110<=87,"<90%")) -> >90% | H111: =IF(H110>=87,">90%",IF(H110<=87,"<90%")) -> >90% | I111: =IF(I110>=87,">90%",IF(I110<=87,"<90%")) -> >90% | ... Q111: =IF(Q110>=87,">90%",IF(Q110<=87,"<90%")) -> >90%
A112: Status | B112: =IF(B110>=87,"OK",IF(B110<=87,"LESS")) -> OK | C112: =IF(C110>=87,"OK",IF(C110<=87,"LESS")) -> OK | D112: =IF(D110>=87,"OK",IF(D110<=87,"LESS")) -> OK | E112: =IF(E110>=87,"OK",IF(E110<=87,"LESS")) -> OK | F112: =IF(F110>=87,"OK",IF(F110<=87,"LESS")) -> OK | G112: =IF(G110>=87,"OK",IF(G110<=87,"LESS")) -> OK | H112: =IF(H110>=87,"OK",IF(H110<=87,"LESS")) -> OK | I112: =IF(I110>=87,"OK",IF(I110<=87,"LESS")) -> OK | ... Q112: =IF(Q110>=87,"OK",IF(Q110<=87,"LESS")) -> OK
A115: Done by | B115: RK
A117: Comment

Sheet 10
A1: Station: | B1: BHATAGAON RAIPUR
A2: Date: | B2: =$A$9 -> 10/05/2025 00:15 | D2: Power Off | G2: Pw.Off | L2: Link Fail | N2: Link F | P2: Maintenance | R2: Maint.
A3: Report Type: | B3: Mean | D3: Calibration | G3: Calib. | L3: Data Fail | N3: Data F | P3: Invalid | R3: Invalid
A4: Time Base: | B4: 15 Min | D4: Zero Referrence | G4: Z.Ref | L4: Warm Up | N4: Wm. Up
A7: Date & Time | B7: NO_BHATAGAON | C7: NO2__BHATAGAON | D7: NOX_BHATAGAON | E7: SO2__BHATAGAON | F7: O3__BHATAGAON | G7: PM10__BHATAGAON | H7: PM2_5__BHATAGAON | I7: BENZ__BHATAGAON | J7: WS__BHATAGAON | K7: WD__BHATAGAON | L7: TEMP__BHATAGAON | M7: HUM__BHATAGAON | N7: SR__BHATAGAON | O7: RG__BHATAGAON | P7: CO__BHATAGAON | Q7: NH3__BHATAGAON
B8: ug/m3 | C8: ug/m3 | D8: ppb | E8: ug/m3 | F8: ug/m3 | G8: ug/m3 | H8: ug/m3 | I8: ug/m3 | J8: m/sec | K8: deg | L8: degreC | M8: % | N8: w/m2 | O8: mm | P8: mg/m3 | Q8: ug/m3
A9: 10/05/2025 00:15 | B9: 43.95 | C9: 76.24 | D9: 78.47 | E9: 5.06 | F9: 0.33 | G9: 59.94 | H9: 15.25 | I9: 3.9 | J9: 0.22 | K9: 272.76 | L9: 31.11 | M9: 58.96 | N9: 28.7 | O9: 0 | P9: 1.01 | Q9: 9.61
A10: 10/05/2025 00:30 | B10: 45.52 | C10: 81.55 | D10: 86.2 | E10: 4.48 | F10: 0.17 | G10: 59.94 | H10: 15.25 | I10: 4.02 | J10: 0.27 | K10: 274.16 | L10: 30.85 | M10: 63.64 | N10: 28.8 | O10: 0 | P10: 1.17 | Q10: 9.61
A11: 10/05/2025 00:45 | B11: 28.6 | C11: 63.07 | D11: 76.8 | E11: 4.56 | F11: 1.22 | G11: 59.94 | H11: 15.25 | I11: 4.14 | J11: 0.32 | K11: 260.08 | L11: 30.6 | M11: 62.2 | N11: 28.8 | O11: 0 | P11: 1.02 | Q11: 9.65
A12: 10/05/2025 01:00 | B12: 24.04 | C12: 62.48 | D12: 82.69 | E12: 4.72 | F12: 1.08 | G12: 60.35 | H12: 15.32 | I12: 4.05 | J12: 0.33 | K12: 247.13 | L12: 30.55 | M12: 59.5 | N12: 28.7 | O12: 0 | P12: 0.81 | Q12: 9.68
A13: 10/05/2025 01:15 | B13: 17.34 | C13: 44.29 | D13: 58.16 | E13: 4.74 | F13: 2.22 | G13: 66.02 | H13: 16.4 | I13: 3.98 | J13: 0.49 | K13: 208.07 | L13: 31.25 | M13: 54.73 | N13: 27.8 | O13: 0 | P13: 0.54 | Q13: 9.69
A14: 10/05/2025 01:30 | B14: 17.76 | C14: 36.93 | D14: 43.41 | E14: 4.59 | F14: 4.14 | G14: 66.02 | H14: 16.4 | I14: 4.01 | J14: 0.38 | K14: 198.06 | L14: 31.22 | M14: 53.63 | N14: 28.3 | O14: 0 | P14: 0.58 | Q14: 9.68
A15: 10/05/2025 01:45 | B15: 19.05 | C15: 35.91 | D15: 39.5 | E15: 4.81 | F15: 6.24 | G15: 66.02 | H15: 16.4 | I15: 4.1 | J15: 0.69 | K15: 155.44 | L15: 31.1 | M15: 54.04 | N15: 28.1 | O15: 0 | P15: 0.58 | Q15: 9.69
A16: 10/05/2025 02:00 | B16: 14.29 | C16: 31.04 | D16: 37.48 | E16: 4.68 | F16: 7.78 | G16: 64.97 | H16: 16.15 | I16: 3.99 | J16: 0.38 | K16: 251.98 | L16: 30.78 | M16: 54.87 | N16: 28.9 | O16: 0 | P16: 0.5 | Q16: 9.7
A17: 10/05/2025 02:15 | B17: 14.28 | C17: 30.72 | D17: 36.87 | E17: 4.48 | F17: 6.58 | G17: 50.32 | H17: 12.67 | I17: 4 | J17: 0.27 | K17: 192.23 | L17: 30.31 | M17: 56.88 | N17: 28.8 | O17: 0 | P17: 0.56 | Q17: 9.7
A18: 10/05/2025 02:30 | B18: 21.5 | C18: 40.88 | D18: 45.25 | E18: 4.4 | F18: 3.71 | G18: 50.32 | H18: 12.67 | I18: 4.09 | J18: 0.2 | K18: 220.98 | L18: 29.9 | M18: 60.62 | N18: 29 | O18: 0 | P18: 0.66 | Q18: 9.68
A19: 10/05/2025 02:45 | B19: 21.63 | C19: 40.03 | D19: 43.42 | E19: 4.85 | F19: 3.29 | G19: 50.32 | H19: 12.67 | I19: 4.06 | J19: 0.28 | K19: 224.05 | L19: 29.76 | M19: 59.42 | N19: 28.6 | O19: 0 | P19: 0.65 | Q19: 9.68
A20: 10/05/2025 03:00 | B20: 14.05 | C20: 33.37 | D20: 42.3 | E20: 4.11 | F20: 4.29 | G20: 50.19 | H20: 12.55 | I20: 4.01 | J20: 0.27 | K20: 171.27 | L20: 29.63 | M20: 60.48 | N20: 28.5 | O20: 0 | P20: 0.59 | Q20: 9.68
... A104: 10/05/2025 24:00 | B104: 15.23 | C104: 47.93 | D104: 68.37 | E104: 33.35 | F104: 7.52 | G104: 44.35 | H104: 13.28 | I104: 4.2 | J104: 0.35 | K104: 306.83 | L104: 33.42 | M104: 50.57 | N104: 28.7 | O104: 0 | P104: 0.7 | Q104: 9.6
A106: Min | B106: =MIN(B9:B104) -> 4.85 | C106: =MIN(C9:C104) -> 20.24 | D106: =MIN(D9:D104) -> 31.12 | E106: =MIN(E9:E104) -> 3.82 | F106: =MIN(F9:F104) -> 0.03 | G106: =MIN(G9:G104) -> 28.74 | H106: =MIN(H9:H104) -> 9.19 | I106: =MIN(I9:I104) -> 3.78 | ... Q106: =MIN(Q9:Q104) -> 9.49
A107: Max | B107: =MAX(B9:B104) -> 93.13 | C107: =MAX(C9:C104) -> 122.06 | D107: =MAX(D9:D104) -> 90.68 | E107: =MAX(E9:E104) -> 33.35 | F107: =MAX(F9:F104) -> 19.42 | G107: =MAX(G9:G104) -> 66.02 | H107: =MAX(H9:H104) -> 16.4 | I107: =MAX(I9:I104) -> 4.2 | ... Q107: =MAX(Q9:Q104) -> 9.73
A108: Avg | B108: =AVERAGE(B9:B104) -> 17.546562 | C108: =AVERAGE(C9:C104) -> 42.053229 | D108: =AVERAGE(D9:D104) -> 53.557917 | E108: =AVERAGE(E9:E104) -> 6.2186458 | F108: =AVERAGE(F9:F104) -> 7.0895833 | G108: =AVERAGE(G9:G104) -> 43.482396 | H108: =AVERAGE(H9:H104) -> 12.961458 | I108: =AVERAGE(I9:I104) -> 4.0213542 | ... Q108: =AVERAGE(Q9:Q104) -> 9.5988542
A109: Stdev | B109: =STDEV(B9:B104) -> 15.079535 | C109: =STDEV(C9:C104) -> 18.18867 | D109: =STDEV(D9:D104) -> 15.649064 | E109: =STDEV(E9:E104) -> 4.5120997 | F109: =STDEV(F9:F104) -> 5.1010319 | G109: =STDEV(G9:G104) -> 10.419894 | H109: =STDEV(H9:H104) -> 1.7014124 | I109: =STDEV(I9:I104) -> 0.0893676 | ... Q109: =STDEV(Q9:Q104) -> 0.068654279
A110: Num | B110: =COUNT(B9:B104) -> 96 | C110: =COUNT(C9:C104) -> 96 | D110: =COUNT(D9:D104) -> 96 | E110: =COUNT(E9:E104) -> 96 | F110: =COUNT(F9:F104) -> 96 | G110: =COUNT(G9:G104) -> 96 | H110: =COUNT(H9:H104) -> 96 | I110: =COUNT(I9:I104) -> 96 | ... Q110: =COUNT(Q9:Q104) -> 96
A111: DCR | B111: =IF(B110>=87,">90%",IF(B110<=87,"<90%")) -> >90% | C111: =IF(C110>=87,">90%",IF(C110<=87,"<90%")) -> >90% | D111: =IF(D110>=87,">90%",IF(D110<=87,"<90%")) -> >90% | E111: =IF(E110>=87,">90%",IF(E110<=87,"<90%")) -> >90% | F111: =IF(F110>=87,">90%",IF(F110<=87,"<90%")) -> >90% | G111: =IF(G110>=87,">90%",IF(G110<=87,"<90%")) -> >90% | H111: =IF(H110>=87,">90%",IF(H110<=87,"<90%")) -> >90% | I111: =IF(I110>=87,">90%",IF(I110<=87,"<90%")) -> >90% | ... Q111: =IF(Q110>=87,">90%",IF(Q110<=87,"<90%")) -> >90%
A112: Status | B112: =IF(B110>=87,"OK",IF(B110<=87,"LESS")) -> OK | C112: =IF(C110>=87,"OK",IF(C110<=87,"LESS")) -> OK | D112: =IF(D110>=87,"OK",IF(D110<=87,"LESS")) -> OK | E112: =IF(E110>=87,"OK",IF(E110<=87,"LESS")) -> OK | F112: =IF(F110>=87,"OK",IF(F110<=87,"LESS")) -> OK | G112: =IF(G110>=87,"OK",IF(G110<=87,"LESS")) -> OK | H112: =IF(H110>=87,"OK",IF(H110<=87,"LESS")) -> OK | I112: =IF(I110>=87,"OK",IF(I110<=87,"LESS")) -> OK | ... Q112: =IF(Q110>=87,"OK",IF(Q110<=87,"LESS")) -> OK
A115: Done by | B115: RK
A117: Comment

Sheet 11
A1: Station: | B1: BHATAGAON RAIPUR
A2: Date: | B2: =$A$9 -> 11/05/2025 00:15 | D2: Power Off | G2: Pw.Off | L2: Link Fail | N2: Link F | P2: Maintenance | R2: Maint.
A3: Report Type: | B3: Mean | D3: Calibration | G3: Calib. | L3: Data Fail | N3: Data F | P3: Invalid | R3: Invalid
A4: Time Base: | B4: 15 Min | D4: Zero Referrence | G4: Z.Ref | L4: Warm Up | N4: Wm. Up
A7: Date & Time | B7: NO_BHATAGAON | C7: NO2__BHATAGAON | D7: NOX_BHATAGAON | E7: SO2__BHATAGAON | F7: O3__BHATAGAON | G7: PM10__BHATAGAON | H7: PM2_5__BHATAGAON | I7: BENZ__BHATAGAON | J7: WS__BHATAGAON | K7: WD__BHATAGAON | L7: TEMP__BHATAGAON | M7: HUM__BHATAGAON | N7: SR__BHATAGAON | O7: RG__BHATAGAON | P7: CO__BHATAGAON | Q7: NH3__BHATAGAON
B8: ug/m3 | C8: ug/m3 | D8: ppb | E8: ug/m3 | F8: ug/m3 | G8: ug/m3 | H8: ug/m3 | I8: ug/m3 | J8: m/sec | K8: deg | L8: degreC | M8: % | N8: w/m2 | O8: mm | P8: mg/m3 | Q8: ug/m3
A9: 11/05/2025 00:15 | B9: 12.8 | C9: 48.08 | D9: 72.38 | E9: 41.44 | F9: 6.24 | G9: 57.18 | H9: 15.08 | I9: 4.13 | J9: 0.17 | K9: 284.08 | L9: 33.3 | M9: 51 | N9: 28.8 | O9: 0 | P9: 0.7 | Q9: 9.61
A10: 11/05/2025 00:30 | B10: 11.44 | C10: 47.51 | D10: 73.38 | E10: 47.12 | F10: 5.02 | G10: 57.18 | H10: 15.08 | I10: 3.95 | J10: 0.23 | K10: 227.3 | L10: 33.06 | M10: 51.88 | N10: 29 | O10: 0 | P10: 0.73 | Q10: 9.61
A11: 11/05/2025 00:45 | B11: 10.03 | C11: 48.92 | D11: 78.25 | E11: 42.44 | F11: 3.47 | G11: 57.18 | H11: 15.08 | I11: 4.08 | J11: 0.09 | K11: 133.57 | L11: 32.93 | M11: 52.91 | N11: 28.8 | O11: 0 | P11: 0.68 | Q11: 9.57
A12: 11/05/2025 01:00 | B12: 18.49 | C12: 60.74 | D12: 87.88 | E12: 47.52 | F12: 2.22 | G12: 58.38 | H12: 15.53 | I12: 4.13 | J12: 0.3 | K12: 251.78 | L12: 32.82 | M12: 56.08 | N12: 29 | O12: 0 | P12: 0.76 | Q12: 9.58
A13: 11/05/2025 01:15 | B13: 14.49 | C13: 49.73 | D13: 72.94 | E13: 28.89 | F13: 2.6 | G13: 75.11 | H13: 21.81 | I13: 4.04 | J13: 0.31 | K13: 252.21 | L13: 32.41 | M13: 57.67 | N13: 28.8 | O13: 0 | P13: 0.59 | Q13: 9.59
A14: 11/05/2025 01:30 | B14: 11.12 | C14: 47.99 | D14: 74.79 | E14: 22.52 | F14: 2.01 | G14: 75.11 | H14: 21.81 | I14: 3.91 | J14: 0.29 | K14: 254.82 | L14: 32.17 | M14: 59.44 | N14: 29 | O14: 0 | P14: 0.58 | Q14: 9.57
A15: 11/05/2025 01:45 | B15: 12.91 | C15: 45.21 | D15: 66.73 | E15: 19.26 | F15: 2.14 | G15: 75.11 | H15: 21.81 | I15: 4.04 | J15: 0.28 | K15: 267.17 | L15: 31.87 | M15: 61.72 | N15: 29 | O15: 0 | P15: 0.58 | Q15: 9.64
A16: 11/05/2025 02:00 | B16: 14.44 | C16: 42.85 | D16: 59.86 | E16: 13.56 | F16: 1.99 | G16: 75.47 | H16: 21.78 | I16: 3.98 | J16: 0.35 | K16: 224.47 | L16: 31.96 | M16: 56.93 | N16: 28.4 | O16: 0 | P16: 0.47 | Q16: 9.59
A17: 11/05/2025 02:15 | B17: 5.39 | C17: 32.38 | D17: 53.69 | E17: 13.14 | F17: 6.49 | G17: 80.46 | H17: 21.3 | I17: 4.24 | J17: 0.35 | K17: 210.34 | L17: 32.23 | M17: 55.66 | N17: 28.5 | O17: 0 | P17: 0.3 | Q17: 9.58
A18: 11/05/2025 02:30 | B18: 9.9 | C18: 33.29 | D18: 48.52 | E18: 11.73 | F18: 5.23 | G18: 80.46 | H18: 21.3 | I18: 3.99 | J18: 0.33 | K18: 183.99 | L18: 32.02 | M18: 57.47 | N18: 28.7 | O18: 0 | P18: 0.34 | Q18: 9.64
A19: 11/05/2025 02:45 | B19: 11.18 | C19: 36.19 | D19: 52.1 | E19: 9.3 | F19: 4.27 | G19: 80.46 | H19: 21.3 | I19: 4.05 | J19: 0.43 | K19: 176.7 | L19: 31.71 | M19: 59.16 | N19: 28.8 | O19: 0 | P19: 0.37 | Q19: 9.59
A20: 11/05/2025 03:00 | B20: 6.6 | C20: 33.6 | D20: 54.18 | E20: 9.53 | F20: 7.41 | G20: 79.86 | H20: 21.29 | I20: 3.96 | J20: 0.36 | K20: 217.39 | L20: 31.63 | M20: 57.82 | N20: 28.8 | O20: 0 | P20: 0.25 | Q20: 9.62
... A104: 11/05/2025 24:00 | B104: 4.38 | C104: 25.27 | D104: 41.64 | E104: 6.19 | F104: 15.02 | G104: 35.86 | H104: 12.06 | I104: 4.01 | J104: 0.33 | K104: 216.57 | L104: 31.54 | M104: 49.69 | N104: 28.6 | O104: 0 | P104: 0.33 | Q104: 9.57
A106: Min | B106: =MIN(B9:B104) -> 4.09 | C106: =MIN(C9:C104) -> 19.15 | D106: =MIN(D9:D104) -> 28.17 | E106: =MIN(E9:E104) -> 5.15 | F106: =MIN(F9:F104) -> 1.24 | G106: =MIN(G9:G104) -> 33.33 | H106: =MIN(H9:H104) -> 11.67 | I106: =MIN(I9:I104) -> 3.78 | ... Q106: =MIN(Q9:Q104) -> 9.47
A107: Max | B107: =MAX(B9:B104) -> 22.25 | C107: =MAX(C9:C104) -> 60.74 | D107: =MAX(D9:D104) -> 87.88 | E107: =MAX(E9:E104) -> 47.52 | F107: =MAX(F9:F104) -> 29.82 | G107: =MAX(G9:G104) -> 80.46 | H107: =MAX(H9:H104) -> 23.44 | I107: =MAX(I9:I104) -> 4.32 | ... Q107: =MAX(Q9:Q104) -> 9.67
A108: Avg | B108: =AVERAGE(B9:B104) -> 8.6265625 | C108: =AVERAGE(C9:C104) -> 31.489271 | D108: =AVERAGE(D9:D104) -> 47.026354 | E108: =AVERAGE(E9:E104) -> 10.487813 | F108: =AVERAGE(F9:F104) -> 11.772917 | G108: =AVERAGE(G9:G104) -> 48.315 | H108: =AVERAGE(H9:H104) -> 17.133542 | I108: =AVERAGE(I9:I104) -> 4.0104167 | ... Q108: =AVERAGE(Q9:Q104) -> 9.561875
A109: Stdev | B109: =STDEV(B9:B104) -> 3.8750606 | C109: =STDEV(C9:C104) -> 7.5202933 | D109: =STDEV(D9:D104) -> 10.751134 | E109: =STDEV(E9:E104) -> 8.2119987 | F109: =STDEV(F9:F104) -> 7.1733576 | G109: =STDEV(G9:G104) -> 13.183777 | H109: =STDEV(H9:H104) -> 3.2009153 | I109: =STDEV(I9:I104) -> 0.10113999 | ... Q109: =STDEV(Q9:Q104) -> 0.054489255
A110: Num | B110: =COUNT(B9:B104) -> 96 | C110: =COUNT(C9:C104) -> 96 | D110: =COUNT(D9:D104) -> 96 | E110: =COUNT(E9:E104) -> 96 | F110: =COUNT(F9:F104) -> 96 | G110: =COUNT(G9:G104) -> 96 | H110: =COUNT(H9:H104) -> 96 | I110: =COUNT(I9:I104) -> 96 | ... Q110: =COUNT(Q9:Q104) -> 96
A111: DCR | B111: =IF(B110>=87,">90%",IF(B110<=87,"<90%")) -> >90% | C111: =IF(C110>=87,">90%",IF(C110<=87,"<90%")) -> >90% | D111: =IF(D110>=87,">90%",IF(D110<=87,"<90%")) -> >90% | E111: =IF(E110>=87,">90%",IF(E110<=87,"<90%")) -> >90% | F111: =IF(F110>=87,">90%",IF(F110<=87,"<90%")) -> >90% | G111: =IF(G110>=87,">90%",IF(G110<=87,"<90%")) -> >90% | H111: =IF(H110>=87,">90%",IF(H110<=87,"<90%")) -> >90% | I111: =IF(I110>=87,">90%",IF(I110<=87,"<90%")) -> >90% | ... Q111: =IF(Q110>=87,">90%",IF(Q110<=87,"<90%")) -> >90%
A112: Status | B112: =IF(B110>=87,"OK",IF(B110<=87,"LESS")) -> OK | C112: =IF(C110>=87,"OK",IF(C110<=87,"LESS")) -> OK | D112: =IF(D110>=87,"OK",IF(D110<=87,"LESS")) -> OK | E112: =IF(E110>=87,"OK",IF(E110<=87,"LESS")) -> OK | F112: =IF(F110>=87,"OK",IF(F110<=87,"LESS")) -> OK | G112: =IF(G110>=87,"OK",IF(G110<=87,"LESS")) -> OK | H112: =IF(H110>=87,"OK",IF(H110<=87,"LESS")) -> OK | I112: =IF(I110>=87,"OK",IF(I110<=87,"LESS")) -> OK | ... Q112: =IF(Q110>=87,"OK",IF(Q110<=87,"LESS")) -> OK
A115: Done by | B115: RK
A117: Comment

Sheet 12
A1: Station: | B1: BHATAGAON RAIPUR
A2: Date: | B2: =$A$9 -> 12/05/2025 00:15 | D2: Power Off | G2: Pw.Off | L2: Link Fail | N2: Link F | P2: Maintenance | R2: Maint.
A3: Report Type: | B3: Mean | D3: Calibration | G3: Calib. | L3: Data Fail | N3: Data F | P3: Invalid | R3: Invalid
A4: Time Base: | B4: 15 Min | D4: Zero Referrence | G4: Z.Ref | L4: Warm Up | N4: Wm. Up
A7: Date & Time | B7: NO_BHATAGAON | C7: NO2__BHATAGAON | D7: NOX_BHATAGAON | E7: SO2__BHATAGAON | F7: O3__BHATAGAON | G7: PM10__BHATAGAON | H7: PM2_5__BHATAGAON | I7: BENZ__BHATAGAON | J7: WS__BHATAGAON | K7: WD__BHATAGAON | L7: TEMP__BHATAGAON | M7: HUM__BHATAGAON | N7: SR__BHATAGAON | O7: RG__BHATAGAON | P7: CO__BHATAGAON | Q7: NH3__BHATAGAON
B8: ug/m3 | C8: ug/m3 | D8: ppb | E8: ug/m3 | F8: ug/m3 | G8: ug/m3 | H8: ug/m3 | I8: ug/m3 | J8: m/sec | K8: deg | L8: degreC | M8: % | N8: w/m2 | O8: mm | P8: mg/m3 | Q8: ug/m3
A9: 12/05/2025 00:15 | B9: 4.12 | C9: 22 | D9: 35.78 | E9: 6.49 | F9: 16.07 | G9: 33.1 | H9: 12.3 | I9: 4.09 | J9: 0.43 | K9: 218.77 | L9: 31.65 | M9: 48.25 | N9: 28.7 | O9: 0 | P9: 0.31 | Q9: 9.56
A10: 12/05/2025 00:30 | B10: 3.88 | C10: 19.63 | D10: 31.61 | E10: 6.47 | F10: 16.7 | G10: 33.1 | H10: 12.3 | I10: 3.95 | J10: 0.38 | K10: 221.08 | L10: 31.73 | M10: 48.84 | N10: 28.9 | O10: 0 | P10: 0.28 | Q10: 9.58
A11: 12/05/2025 00:45 | B11: 4 | C11: 20.45 | D11: 32.99 | E11: 6.18 | F11: 16.16 | G11: 33.1 | H11: 12.3 | I11: 4.06 | J11: 0.4 | K11: 191.39 | L11: 31.5 | M11: 50.63 | N11: 29 | O11: 0 | P11: 0.28 | Q11: 9.57
A12: 12/05/2025 01:00 | B12: 4.45 | C12: 24.87 | D12: 40.78 | E12: 6.19 | F12: 13.16 | G12: 33.21 | H12: 12.25 | I12: 4.06 | J12: 0.41 | K12: 187.48 | L12: 31.12 | M12: 52.14 | N12: 29.1 | O12: 0 | P12: 0.31 | Q12: 9.55
A13: 12/05/2025 01:15 | B13: 4.08 | C13: 21.64 | D13: 35.15 | E13: 5.89 | F13: 14.76 | G13: 34.76 | H13: 11.58 | I13: 4.1 | J13: 0.45 | K13: 197.18 | L13: 30.84 | M13: 53.21 | N13: 29 | O13: 0 | P13: 0.31 | Q13: 9.56
A14: 12/05/2025 01:30 | B14: 3.77 | C14: 17.96 | D14: 28.58 | E14: 5.95 | F14: 16.05 | G14: 34.76 | H14: 11.58 | I14: 4.02 | J14: 0.36 | K14: 167.85 | L14: 30.53 | M14: 55.21 | N14: 29 | O14: 0 | P14: 0.31 | Q14: 9.56
A15: 12/05/2025 01:45 | B15: 3.73 | C15: 16.1 | D15: 25.09 | E15: 5.76 | F15: 15.56 | G15: 34.76 | H15: 11.58 | I15: 4.11 | J15: 0.37 | K15: 192.94 | L15: 30.37 | M15: 56.15 | N15: 28.8 | O15: 0 | P15: 0.33 | Q15: 9.53
A16: 12/05/2025 02:00 | B16: 3.78 | C16: 16.56 | D16: 25.9 | E16: 5.74 | F16: 15.03 | G16: 34.26 | H16: 11.5 | I16: 3.95 | J16: 0.39 | K16: 219.78 | L16: 30.23 | M16: 56.81 | N16: 28.9 | O16: 0 | P16: 0.37 | Q16: 9.52
A17: 12/05/2025 02:15 | B17: 5.13 | C17: 23.9 | D17: 37.88 | E17: 6 | F17: 13.18 | G17: 27.33 | H17: 10.4 | I17: 4.02 | J17: 0.41 | K17: 195.45 | L17: 30.17 | M17: 57.15 | N17: 28.7 | O17: 0 | P17: 0.37 | Q17: 9.51
A18: 12/05/2025 02:30 | B18: 4.39 | C18: 21.49 | D18: 34.38 | E18: 6.26 | F18: 13.38 | G18: 27.33 | H18: 10.4 | I18: 3.9 | J18: 0.3 | K18: 185.28 | L18: 30.11 | M18: 57.49 | N18: 28.7 | O18: 0 | P18: 0.33 | Q18: 9.51
A19: 12/05/2025 02:45 | B19: 3.89 | C19: 17.73 | D19: 27.98 | E19: 5.82 | F19: 13.59 | G19: 27.33 | H19: 10.4 | I19: 4.19 | J19: 0.35 | K19: 230.08 | L19: 30.03 | M19: 57.71 | N19: 28.8 | O19: 0 | P19: 0.34 | Q19: 9.51
A20: 12/05/2025 03:00 | B20: 3.6 | C20: 16.47 | D20: 26 | E20: 5.75 | F20: 13.61 | G20: 27.43 | H20: 10.36 | I20: 4.18 | J20: 0.36 | K20: 202.42 | L20: 29.91 | M20: 58.9 | N20: 28.7 | O20: 0 | P20: 0.33 | Q20: 9.5
... A104: 12/05/2025 24:00 | B104: 10.45 | C104: 35.59 | D104: 52.09 | E104: 10.96 | F104: 9.99 | G104: 42.52 | H104: 12.58 | I104: 4.08 | J104: 0.47 | K104: 241.97 | L104: 32.46 | M104: 44.58 | N104: 28.8 | O104: 0 | P104: 0.81 | Q104: 9.63
A106: Min | B106: =MIN(B9:B104) -> 3.6 | C106: =MIN(C9:C104) -> 16.1 | D106: =MIN(D9:D104) -> 25.09 | E106: =MIN(E9:E104) -> 3.14 | F106: =MIN(F9:F104) -> 4.28 | G106: =MIN(G9:G104) -> 25.4 | H106: =MIN(H9:H104) -> 8.15 | I106: =MIN(I9:I104) -> 3.76 | ... Q106: =MIN(Q9:Q104) -> 9.45
A107: Max | B107: =MAX(B9:B104) -> 40.08 | C107: =MAX(C9:C104) -> 79.73 | D107: =MAX(D9:D104) -> 91.07 | E107: =MAX(E9:E104) -> 10.96 | F107: =MAX(F9:F104) -> 23.45 | G107: =MAX(G9:G104) -> 48.82 | H107: =MAX(H9:H104) -> 16.99 | I107: =MAX(I9:I104) -> 4.24 | ... Q107: =MAX(Q9:Q104) -> 9.66
A108: Avg | B108: =AVERAGE(B9:B104) -> 9.6421875 | C108: =AVERAGE(C9:C104) -> 30.875313 | D108: =AVERAGE(D9:D104) -> 44.294583 | E108: =AVERAGE(E9:E104) -> 5.6135417 | F108: =AVERAGE(F9:F104) -> 10.880938 | G108: =AVERAGE(G9:G104) -> 33.526875 | H108: =AVERAGE(H9:H104) -> 12.20625 | I108: =AVERAGE(I9:I104) -> 4.011875 | ... Q108: =AVERAGE(Q9:Q104) -> 9.5489583
A109: Stdev | B109: =STDEV(B9:B104) -> 6.0833568 | C109: =STDEV(C9:C104) -> 11.642701 | D109: =STDEV(D9:D104) -> 13.579168 | E109: =STDEV(E9:E104) -> 1.5699983 | F109: =STDEV(F9:F104) -> 4.2439091 | G109: =STDEV(G9:G104) -> 6.4401885 | H109: =STDEV(H9:H104) -> 2.2366692 | I109: =STDEV(I9:I104) -> 0.092147622 | ... Q109: =STDEV(Q9:Q104) -> 0.058101167
A110: Num | B110: =COUNT(B9:B104) -> 96 | C110: =COUNT(C9:C104) -> 96 | D110: =COUNT(D9:D104) -> 96 | E110: =COUNT(E9:E104) -> 96 | F110: =COUNT(F9:F104) -> 96 | G110: =COUNT(G9:G104) -> 96 | H110: =COUNT(H9:H104) -> 96 | I110: =COUNT(I9:I104) -> 96 | ... Q110: =COUNT(Q9:Q104) -> 96
A111: DCR | B111: =IF(B110>=87,">90%",IF(B110<=87,"<90%")) -> >90% | C111: =IF(C110>=87,">90%",IF(C110<=87,"<90%")) -> >90% | D111: =IF(D110>=87,">90%",IF(D110<=87,"<90%")) -> >90% | E111: =IF(E110>=87,">90%",IF(E110<=87,"<90%")) -> >90% | F111: =IF(F110>=87,">90%",IF(F110<=87,"<90%")) -> >90% | G111: =IF(G110>=87,">90%",IF(G110<=87,"<90%")) -> >90% | H111: =IF(H110>=87,">90%",IF(H110<=87,"<90%")) -> >90% | I111: =IF(I110>=87,">90%",IF(I110<=87,"<90%")) -> >90% | ... Q111: =IF(Q110>=87,">90%",IF(Q110<=87,"<90%")) -> >90%
A112: Status | B112: =IF(B110>=87,"OK",IF(B110<=87,"LESS")) -> OK | C112: =IF(C110>=87,"OK",IF(C110<=87,"LESS")) -> OK | D112: =IF(D110>=87,"OK",IF(D110<=87,"LESS")) -> OK | E112: =IF(E110>=87,"OK",IF(E110<=87,"LESS")) -> OK | F112: =IF(F110>=87,"OK",IF(F110<=87,"LESS")) -> OK | G112: =IF(G110>=87,"OK",IF(G110<=87,"LESS")) -> OK | H112: =IF(H110>=87,"OK",IF(H110<=87,"LESS")) -> OK | I112: =IF(I110>=87,"OK",IF(I110<=87,"LESS")) -> OK | ... Q112: =IF(Q110>=87,"OK",IF(Q110<=87,"LESS")) -> OK
A115: Done by | B115: RK
A117: Comment

Sheet 13
A1: Station: | B1: BHATAGAON RAIPUR
A2: Date: | B2: =$A$9 -> 13/05/2025 00:15 | D2: Power Off | G2: Pw.Off | L2: Link Fail | N2: Link F | P2: Maintenance | R2: Maint.
A3: Report Type: | B3: Mean | D3: Calibration | G3: Calib. | L3: Data Fail | N3: Data F | P3: Invalid | R3: Invalid
A4: Time Base: | B4: 15 Min | D4: Zero Referrence | G4: Z.Ref | L4: Warm Up | N4: Wm. Up
A7: Date & Time | B7: NO_BHATAGAON | C7: NO2__BHATAGAON | D7: NOX_BHATAGAON | E7: SO2__BHATAGAON | F7: O3__BHATAGAON | G7: PM10__BHATAGAON | H7: PM2_5__BHATAGAON | I7: BENZ__BHATAGAON | J7: WS__BHATAGAON | K7: WD__BHATAGAON | L7: TEMP__BHATAGAON | M7: HUM__BHATAGAON | N7: SR__BHATAGAON | O7: RG__BHATAGAON | P7: CO__BHATAGAON | Q7: NH3__BHATAGAON
B8: ug/m3 | C8: ug/m3 | D8: ppb | E8: ug/m3 | F8: ug/m3 | G8: ug/m3 | H8: ug/m3 | I8: ug/m3 | J8: m/sec | K8: deg | L8: degreC | M8: % | N8: w/m2 | O8: mm | P8: mg/m3 | Q8: ug/m3
A9: 13/05/2025 00:15 | B9: 10.39 | C9: 36.85 | D9: 54.59 | E9: 14.17 | F9: 10.57 | G9: 46.47 | H9: 15.78 | I9: 3.89 | J9: 0.46 | K9: 242.28 | L9: 32.51 | M9: 44.32 | N9: 28.7 | O9: 0 | P9: 0.83 | Q9: 9.63
A10: 13/05/2025 00:30 | B10: 8.9 | C10: 30.38 | D10: 44.48 | E10: 13.99 | F10: 12.26 | G10: 46.47 | H10: 15.78 | I10: 4.18 | J10: 0.54 | K10: 242.98 | L10: 32.38 | M10: 45.04 | N10: 28.8 | O10: 0 | P10: 0.77 | Q10: 9.63
A11: 13/05/2025 00:45 | B11: 7.93 | C11: 29.15 | D11: 43.61 | E11: 14.37 | F11: 13.96 | G11: 46.47 | H11: 15.78 | I11: 3.94 | J11: 0.39 | K11: 242.92 | L11: 32.23 | M11: 45.46 | N11: 28.8 | O11: 0 | P11: 0.71 | Q11: 9.64
A12: 13/05/2025 01:00 | B12: 6.49 | C12: 26.66 | D12: 41.05 | E12: 16.01 | F12: 14.11 | G12: 46.73 | H12: 15.72 | I12: 4.15 | J12: 0.46 | K12: 243.45 | L12: 32.15 | M12: 46.01 | N12: 28.8 | O12: 0 | P12: 0.67 | Q12: 9.64
A13: 13/05/2025 01:15 | B13: 7.17 | C13: 28.72 | D13: 43.97 | E13: 18.17 | F13: 13.2 | G13: 50.34 | H13: 14.82 | I13: 4.16 | J13: 0.45 | K13: 233.55 | L13: 32.32 | M13: 45.3 | N13: 28.8 | O13: 0 | P13: 0.55 | Q13: 9.62
A14: 13/05/2025 01:30 | B14: 5.43 | C14: 25.96 | D14: 41.35 | E14: 18.37 | F14: 13.16 | G14: 50.34 | H14: 14.82 | I14: 4.05 | J14: 0.38 | K14: 235.63 | L14: 32.23 | M14: 45.56 | N14: 29.1 | O14: 0 | P14: 0.7 | Q14: 9.63
A15: 13/05/2025 01:45 | B15: 4.61 | C15: 25.55 | D15: 41.82 | E15: 18.43 | F15: 12.62 | G15: 50.34 | H15: 14.82 | I15: 4.01 | J15: 0.36 | K15: 235.54 | L15: 32.06 | M15: 46.63 | N15: 28.9 | O15: 0 | P15: 0.67 | Q15: 9.63
A16: 13/05/2025 02:00 | B16: 4.34 | C16: 23.6 | D16: 38.51 | E16: 15.88 | F16: 13.62 | G16: 50.26 | H16: 14.74 | I16: 4.14 | J16: 0.38 | K16: 235.67 | L16: 32.04 | M16: 46.51 | N16: 28.9 | O16: 0 | P16: 0.53 | Q16: 9.66
A17: 13/05/2025 02:15 | B17: 4.95 | C17: 23.1 | D17: 36.61 | E17: 13.31 | F17: 12.57 | G17: 49.24 | H17: 13.66 | I17: 3.9 | J17: 0.33 | K17: 243.64 | L17: 31.83 | M17: 48 | N17: 29.2 | O17: 0 | P17: 0.59 | Q17: 9.63
A18: 13/05/2025 02:30 | B18: 4.33 | C18: 21.34 | D18: 34.21 | E18: 14.09 | F18: 13.34 | G18: 49.24 | H18: 13.66 | I18: 3.98 | J18: 0.37 | K18: 246.68 | L18: 31.63 | M18: 49.23 | N18: 29.1 | O18: 0 | P18: 0.55 | Q18: 9.64
A19: 13/05/2025 02:45 | B19: 4.8 | C19: 21.67 | D19: 34.11 | E19: 12.9 | F19: 11.42 | G19: 49.24 | H19: 13.66 | I19: 4.05 | J19: 0.4 | K19: 237.7 | L19: 31.6 | M19: 48.94 | N19: 28.9 | O19: 0 | P19: 0.49 | Q19: 9.64
A20: 13/05/2025 03:00 | B20: 4.83 | C20: 20.58 | D20: 31.97 | E20: 11.98 | F20: 11.92 | G20: 49.08 | H20: 13.7 | I20: 4.06 | J20: 0.44 | K20: 240.81 | L20: 31.57 | M20: 48.74 | N20: 29 | O20: 0 | P20: 0.5 | Q20: 9.62
... A81: 13/05/2025 18:15 | B81: 5.51 | C81: 30.06 | D81: 49.08 | E81: 6.5 | F81: 11.55 | G81: 31.76 | H81: 287.8 | I81: 4.02 | J81: 2.39 | K81: 243.86 | L81: 34.78 | M81: 37.66 | N81: 42.7 | O81: 0 | P81: 0.62 | Q81: 9.57
A82: 13/05/2025 18:30 | B82: 6.84 | C82: 30.2 | D82: 47.3 | E82: 6.64 | F82: 12.23 | G82: Data F | H82: Data F | I82: 3.89 | J82: 2.02 | K82: 243.33 | L82: 34.43 | M82: 38.27 | N82: 32.9 | O82: 0 | P82: 0.61 | Q82: 9.56
A83: 13/05/2025 18:45 | B83: 10.61 | C83: 38.74 | D83: 57.86 | E83: 8.44 | F83: 15.91 | G83: Data F | H83: Data F | I83: 4.03 | J83: 1.18 | K83: 250.42 | L83: 34.19 | M83: 39.42 | N83: 29.5 | O83: 0 | P83: 0.79 | Q83: 9.54
A84: 13/05/2025 19:00 | B84: 4.69 | C84: 30.87 | D84: 51.89 | E84: 6.82 | F84: 7.98 | G84: Data F | H84: Data F | I84: 3.88 | J84: 1.9 | K84: 241.02 | L84: 33.96 | M84: 39.73 | N84: 28.8 | O84: 0 | P84: 0.67 | Q84: 9.52
A85: 13/05/2025 19:15 | B85: 7.4 | C85: 33.14 | D85: 52.08 | E85: 7.53 | F85: 10.16 | G85: 45.39 | H85: 10.62 | I85: 4.01 | J85: 1.4 | K85: 243.48 | L85: 33.69 | M85: 40.67 | N85: 28.9 | O85: 0 | P85: 0.72 | Q85: 9.49
A86: 13/05/2025 19:30 | B86: 11.9 | C86: 36.53 | D86: 51.64 | E86: 11.84 | F86: 13.49 | G86: 86.93 | H86: 20.34 | I86: 3.83 | J86: 1.19 | K86: 243.67 | L86: 33.52 | M86: 41.15 | N86: 28.8 | O86: 0 | P86: 0.89 | Q86: 9.55
A87: 13/05/2025 19:45 | B87: 15.46 | C87: 46.5 | D87: 65.28 | E87: 16.59 | F87: 16.98 | G87: 86.93 | H87: 20.34 | I87: 4 | J87: 0.85 | K87: 246.85 | L87: 33.34 | M87: 41.46 | N87: 28.8 | O87: 0 | P87: 1.04 | Q87: 9.58
A88: 13/05/2025 20:00 | B88: 34.31 | C88: 78.04 | D88: 96.7 | E88: 29.7 | F88: 14.42 | G88: 86.93 | H88: 20.34 | I88: 3.99 | J88: 0.48 | K88: 251.17 | L88: 33.1 | M88: 43.2 | N88: 28.9 | O88: 0 | P88: 1.76 | Q88: 9.58
A89: 13/05/2025 20:15 | B89: 25.84 | C89: 72.56 | D89: 99.22 | E89: 29.32 | F89: 11.93 | G89: 85.62 | H89: 21.06 | I89: 4.01 | J89: 0.42 | K89: 246.77 | L89: 32.64 | M89: 44.8 | N89: 28.9 | O89: 0 | P89: 1.95 | Q89: 9.57
A90: 13/05/2025 20:30 | B90: 26.12 | C90: 65.68 | D90: 85.63 | E90: 28.28 | F90: 14.06 | G90: 84.43 | H90: 21.73 | I90: 3.9 | J90: 0.46 | K90: 242.84 | L90: 32.52 | M90: 45.19 | N90: 28.8 | O90: 0 | P90: 1.49 | Q90: 9.57
A91: 13/05/2025 20:45 | B91: 21.9 | C91: 61.73 | D91: 84.54 | E91: 17.48 | F91: 12.57 | G91: 84.43 | H91: 21.73 | I91: 4.1 | J91: 0.29 | K91: 243.78 | L91: 32.41 | M91: 44.64 | N91: 28.9 | O91: 0 | P91: 1.35 | Q91: 9.52
A92: 13/05/2025 21:00 | B92: 18.4 | C92: 67.39 | D92: 100.75 | E92: 13.6 | F92: 9.29 | G92: 84.43 | H92: 21.73 | I92: 4.01 | J92: 0.28 | K92: 76.66 | L92: 32.23 | M92: 43.75 | N92: 29 | O92: 0 | P92: 1.23 | Q92: 9.53
A93: 13/05/2025 21:15 | B93: 12.84 | C93: 57.77 | D93: 90.87 | E93: 12.87 | F93: 10.74 | G93: 79.18 | H93: 22.64 | I93: 4.02 | J93: 0.45 | K93: 97.52 | L93: 32.45 | M93: 45 | N93: 28.6 | O93: 0 | P93: 1.34 | Q93: 9.62
A94: 13/05/2025 21:30 | B94: 18.74 | C94: 66.6 | D94: 98.71 | E94: 16.81 | F94: 8.46 | G94: 74.37 | H94: 23.48 | I94: 4.12 | J94: 0.68 | K94: 114.36 | L94: 32.44 | M94: 45.85 | N94: 28.3 | O94: 0 | P94: 1.35 | Q94: 9.67
A95: 13/05/2025 21:45 | B95: 7.33 | C95: 43.88 | D95: 72.73 | E95: 22.84 | F95: 14.4 | G95: 74.37 | H95: 23.48 | I95: 3.92 | J95: 0.68 | K95: 103.68 | L95: 32.75 | M95: 44.42 | N95: 28.7 | O95: 0 | P95: 0.96 | Q95: 9.65
A96: 13/05/2025 22:00 | B96: 7.38 | C96: 48.5 | D96: 81.5 | E96: 30.37 | F96: 13.68 | G96: 74.37 | H96: 23.48 | I96: 3.95 | J96: 0.87 | K96: 92.89 | L96: 33.06 | M96: 42.61 | N96: 28.3 | O96: 0 | P96: 0.94 | Q96: 9.62
... A104: 13/05/2025 24:00 | B104: 7.83 | C104: 35.49 | D104: 55.9 | E104: 9.71 | F104: 12.26 | G104: 70.74 | H104: 21.96 | I104: 3.88 | J104: 0.36 | K104: 239.33 | L104: 31.42 | M104: 46.98 | N104: 28.8 | O104: 0 | P104: 0.52 | Q104: 9.63
A106: Min | B106: =MIN(B9:B104) -> 3.71 | C106: =MIN(C9:C104) -> 20.49 | D106: =MIN(D9:D104) -> 31.97 | E106: =MIN(E9:E104) -> 4.1 | F106: =MIN(F9:F104) -> 5.21 | G106: =MIN(G9:G104) -> 31.76 | H106: =MIN(H9:H104) -> 9.25 | I106: =MIN(I9:I104) -> 3.78 | ... Q106: =MIN(Q9:Q104) -> 9.44
A107: Max | B107: =MAX(B9:B104) -> 34.31 | C107: =MAX(C9:C104) -> 78.04 | D107: =MAX(D9:D104) -> 110.31 | E107: =MAX(E9:E104) -> 36.64 | F107: =MAX(F9:F104) -> 24.37 | G107: =MAX(G9:G104) -> 86.93 | H107: =MAX(H9:H104) -> 287.8 | I107: =MAX(I9:I104) -> 4.18 | ... Q107: =MAX(Q9:Q104) -> 9.67
A108: Avg | B108: =AVERAGE(B9:B104) -> 9.2744792 | C108: =AVERAGE(C9:C104) -> 34.1975 | D108: =AVERAGE(D9:D104) -> 51.218958 | E108: =AVERAGE(E9:E104) -> 11.643229 | F108: =AVERAGE(F9:F104) -> 12.620208 | G108: =AVERAGE(G9:G104) -> 53.249462 | H108: =AVERAGE(H9:H104) -> 19.820215 | I108: =AVERAGE(I9:I104) -> 4.0070833 | ... Q108: =AVERAGE(Q9:Q104) -> 9.5838542
A109: Stdev | B109: =STDEV(B9:B104) -> 6.0386975 | C109: =STDEV(C9:C104) -> 13.334738 | D109: =STDEV(D9:D104) -> 17.417412 | E109: =STDEV(E9:E104) -> 6.2194846 | F109: =STDEV(F9:F104) -> 4.3731915 | G109: =STDEV(G9:G104) -> 13.820408 | H109: =STDEV(H9:H104) -> 28.529588 | I109: =STDEV(I9:I104) -> 0.092325701 | ... Q109: =STDEV(Q9:Q104) -> 0.051735558
A110: Num | B110: =COUNT(B9:B104) -> 96 | C110: =COUNT(C9:C104) -> 96 | D110: =COUNT(D9:D104) -> 96 | E110: =COUNT(E9:E104) -> 96 | F110: =COUNT(F9:F104) -> 96 | G110: =COUNT(G9:G104)+3 -> 96 | H110: =COUNT(H9:H104)+3 -> 96 | I110: =COUNT(I9:I104) -> 96 | J110: =COUNT(J9:J104) -> 96 | K110: =COUNT(K9:K104) -> 96 | L110: =COUNT(L9:L104) -> 96 | M110: =COUNT(M9:M104) -> 96 | N110: =COUNT(N9:N104) -> 96 | O110: =COUNT(O9:O104) -> 96 | P110: =COUNT(P9:P104) -> 96 | Q110: =COUNT(Q9:Q104) -> 96
A111: DCR | B111: =IF(B110>=87,">90%",IF(B110<=87,"<90%")) -> >90% | C111: =IF(C110>=87,">90%",IF(C110<=87,"<90%")) -> >90% | D111: =IF(D110>=87,">90%",IF(D110<=87,"<90%")) -> >90% | E111: =IF(E110>=87,">90%",IF(E110<=87,"<90%")) -> >90% | F111: =IF(F110>=87,">90%",IF(F110<=87,"<90%")) -> >90% | G111: =IF(G110>=87,">90%",IF(G110<=87,"<90%")) -> >90% | H111: =IF(H110>=87,">90%",IF(H110<=87,"<90%")) -> >90% | I111: =IF(I110>=87,">90%",IF(I110<=87,"<90%")) -> >90% | ... Q111: =IF(Q110>=87,">90%",IF(Q110<=87,"<90%")) -> >90%
A112: Status | B112: =IF(B110>=87,"OK",IF(B110<=87,"LESS")) -> OK | C112: =IF(C110>=87,"OK",IF(C110<=87,"LESS")) -> OK | D112: =IF(D110>=87,"OK",IF(D110<=87,"LESS")) -> OK | E112: =IF(E110>=87,"OK",IF(E110<=87,"LESS")) -> OK | F112: =IF(F110>=87,"OK",IF(F110<=87,"LESS")) -> OK | G112: =IF(G110>=87,"OK",IF(G110<=87,"LESS")) -> OK | H112: =IF(H110>=87,"OK",IF(H110<=87,"LESS")) -> OK | I112: =IF(I110>=87,"OK",IF(I110<=87,"LESS")) -> OK | ... Q112: =IF(Q110>=87,"OK",IF(Q110<=87,"LESS")) -> OK
A115: Done by | B115: RK
A117: Comment

Sheet 14
A1: Station: | B1: BHATAGAON RAIPUR
A2: Date: | B2: =$A$9 -> 14/05/2025 00:15 | D2: Power Off | G2: Pw.Off | L2: Link Fail | N2: Link F | P2: Maintenance | R2: Maint.
A3: Report Type: | B3: Mean | D3: Calibration | G3: Calib. | L3: Data Fail | N3: Data F | P3: Invalid | R3: Invalid
A4: Time Base: | B4: 15 Min | D4: Zero Referrence | G4: Z.Ref | L4: Warm Up | N4: Wm. Up
A7: Date & Time | B7: NO_BHATAGAON | C7: NO2__BHATAGAON | D7: NOX_BHATAGAON | E7: SO2__BHATAGAON | F7: O3__BHATAGAON | G7: PM10__BHATAGAON | H7: PM2_5__BHATAGAON | I7: BENZ__BHATAGAON | J7: WS__BHATAGAON | K7: WD__BHATAGAON | L7: TEMP__BHATAGAON | M7: HUM__BHATAGAON | N7: SR__BHATAGAON | O7: RG__BHATAGAON | P7: CO__BHATAGAON | Q7: NH3__BHATAGAON
B8: ug/m3 | C8: ug/m3 | D8: ppb | E8: ug/m3 | F8: ug/m3 | G8: ug/m3 | H8: ug/m3 | I8: ug/m3 | J8: m/sec | K8: deg | L8: degreC | M8: % | N8: w/m2 | O8: mm | P8: mg/m3 | Q8: ug/m3
A9: 14/05/2025 00:15 | B9: 5.94 | C9: 25.81 | D9: 40.29 | E9: 10.37 | F9: 13.2 | G9: 64.94 | H9: 20.24 | I9: 3.96 | J9: 0.23 | K9: 227.32 | L9: 31.13 | M9: 48.28 | N9: 28.9 | O9: 0 | P9: 0.55 | Q9: 9.7
A10: 14/05/2025 00:30 | B10: 4.67 | C10: 23.58 | D10: 37.97 | E10: 10.61 | F10: 14.16 | G10: 59.63 | H10: 18.67 | I10: 3.95 | J10: 0.2 | K10: 209.89 | L10: 31.1 | M10: 47.43 | N10: 28.7 | O10: 0 | P10: 0.48 | Q10: 9.66
A11: 14/05/2025 00:45 | B11: 4.65 | C11: 24.25 | D11: 39.27 | E11: 10.97 | F11: 14 | G11: 59.63 | H11: 18.67 | I11: 4.08 | J11: 0.06 | K11: 226.21 | L11: 31.19 | M11: 47.43 | N11: 29 | O11: 0 | P11: 0.49 | Q11: 9.68
A12: 14/05/2025 01:00 | B12: 5.4 | C12: 31.89 | D12: 52.75 | E12: 10.36 | F12: 11.59 | G12: 59.63 | H12: 18.67 | I12: 4.03 | J12: 0.06 | K12: 124.33 | L12: 30.94 | M12: 50.73 | N12: 29.1 | O12: 0 | P12: 0.49 | Q12: 9.73
A13: 14/05/2025 01:15 | B13: 4.75 | C13: 27.79 | D13: 45.9 | E13: 9.41 | F13: 11.1 | G13: 58.04 | H13: 17.68 | I13: 3.89 | J13: 0.2 | K13: 164.4 | L13: 30.75 | M13: 54.18 | N13: 29 | O13: 0 | P13: 0.45 | Q13: 9.67
A14: 14/05/2025 01:30 | B14: 7.17 | C14: 32.34 | D14: 50.89 | E14: 8.87 | F14: 8.38 | G14: 56.59 | H14: 16.77 | I14: 3.99 | J14: 0.25 | K14: 244.85 | L14: 30.72 | M14: 56.34 | N14: 29.1 | O14: 0 | P14: 0.51 | Q14: 9.69
A15: 14/05/2025 01:45 | B15: 12.62 | C15: 41.2 | D15: 59.48 | E15: 8.38 | F15: 6.94 | G15: 56.59 | H15: 16.77 | I15: 3.78 | J15: 0.19 | K15: 109.59 | L15: 30.51 | M15: 54.76 | N15: 28.8 | O15: 0 | P15: 0.53 | Q15: 9.71
A16: 14/05/2025 02:00 | B16: 11.31 | C16: 36.85 | D16: 53.16 | E16: 8.55 | F16: 7.1 | G16: 56.59 | H16: 16.77 | I16: 4.22 | J16: 0.33 | K16: 234.77 | L16: 30.57 | M16: 56.03 | N16: 29.1 | O16: 0 | P16: 0.44 | Q16: 9.65
A17: 14/05/2025 02:15 | B17: 5.27 | C17: 32.06 | D17: 53.27 | E17: 8.23 | F17: 6.49 | G17: 51.35 | H17: 17.66 | I17: 4.18 | J17: 0.5 | K17: 180.2 | L17: 30.52 | M17: 55.36 | N17: 28.6 | O17: 0 | P17: 0.41 | Q17: 9.66
A18: 14/05/2025 02:30 | B18: 5.43 | C18: 26.93 | D18: 43.21 | E18: 8.53 | F18: 11.3 | G18: 46.56 | H18: 18.47 | I18: 3.96 | J18: 0.46 | K18: 187.46 | L18: 30.24 | M18: 50.99 | N18: 28.7 | O18: 0 | P18: 0.37 | Q18: 9.71
A19: 14/05/2025 02:45 | B19: 4.45 | C19: 21 | D19: 33.37 | E19: 8.44 | F19: 12.98 | G19: 46.56 | H19: 18.47 | I19: 3.83 | J19: 0.4 | K19: 213.95 | L19: 30.55 | M19: 50.08 | N19: 28.9 | O19: 0 | P19: 0.3 | Q19: 9.69
A20: 14/05/2025 03:00 | B20: 5.16 | C20: 19.7 | D20: 29.77 | E20: 7.91 | F20: 13.36 | G20: 46.56 | H20: 18.47 | I20: 3.87 | J20: 0.33 | K20: 211.83 | L20: 29.8 | M20: 50.74 | N20: 29 | O20: 0 | P20: 0.32 | Q20: 9.67
... A52: 14/05/2025 11:00 | B52: 4.24 | C52: 19.56 | D52: 30.93 | E52: 7.25 | F52: 20.85 | G52: 42.54 | H52: 3.01 | I52: 4.03 | J52: 0.66 | K52: 221.23 | L52: 38.56 | M52: 30.9 | N52: 636.5 | O52: 0 | P52: 0.55 | Q52: 9.43
A53: 14/05/2025 11:15 | B53: 4.81 | C53: 22.05 | D53: 34.81 | E53: 7.28 | F53: 18.19 | G53: 42.04 | H53: Data F | I53: 3.99 | J53: 0.69 | K53: 209.04 | L53: 39.11 | M53: 29.45 | N53: 790.3 | O53: 0 | P53: 0.59 | Q53: 9.43
A54: 14/05/2025 11:30 | B54: 4.69 | C54: 20.76 | D54: 32.54 | E54: 7.46 | F54: 22.82 | G54: 41.58 | H54: Data F | I54: 3.99 | J54: 0.69 | K54: 208.71 | L54: 39.22 | M54: 28.92 | N54: 620.5 | O54: 0 | P54: 0.53 | Q54: 9.42
A55: 14/05/2025 11:45 | B55: 4.37 | C55: 21.31 | D55: 34.08 | E55: 7.71 | F55: 20.45 | G55: 41.58 | H55: Data F | I55: 3.97 | J55: 0.68 | K55: 220.37 | L55: 39.03 | M55: 28.85 | N55: 414.7 | O55: 0 | P55: 0.59 | Q55: 9.41
A56: 14/05/2025 12:00 | B56: 4.14 | C56: 18.2 | D56: 28.48 | E56: 7.07 | F56: 21.69 | G56: 41.58 | H56: Data F | I56: 4.02 | J56: 0.77 | K56: 193.66 | L56: 38.91 | M56: 28.87 | N56: 815.1 | O56: 0 | P56: 0.49 | Q56: 9.41
A57: 14/05/2025 12:15 | B57: 4.91 | C57: 21.65 | D57: 33.89 | E57: 7.63 | F57: 15.67 | G57: 40.27 | H57: Data F | I57: 3.88 | J57: 0.78 | K57: 196.89 | L57: 39.36 | M57: 28.51 | N57: 462.9 | O57: 0 | P57: 0.54 | Q57: 9.41
A58: 14/05/2025 12:30 | B58: 5.73 | C58: 22.39 | D58: 34.06 | E58: 6.67 | F58: 14.27 | G58: 39.08 | H58: Data F | I58: 3.97 | J58: 0.89 | K58: 246.83 | L58: 40.91 | M58: 27.08 | N58: 691.5 | O58: 0 | P58: 0.59 | Q58: 9.43
A59: 14/05/2025 12:45 | B59: 5.26 | C59: 19.92 | D59: 30.05 | E59: 6.71 | F59: 11.26 | G59: 39.08 | H59: Data F | I59: 4.06 | J59: 0.89 | K59: 244.28 | L59: 42.28 | M59: 25.2 | N59: 755 | O59: 0 | P59: 0.57 | Q59: 9.45
A60: 14/05/2025 13:00 | B60: 4.99 | C60: 21.22 | D60: 32.95 | E60: 6.6 | F60: 11.77 | G60: 39.08 | H60: Data F | I60: 3.97 | J60: 0.78 | K60: 243.12 | L60: 42.43 | M60: 24.29 | N60: 578.4 | O60: 0 | P60: 0.55 | Q60: 9.46
A61: 14/05/2025 13:15 | B61: 4.54 | C61: 19.05 | D61: 29.49 | E61: 6.86 | F61: 15.21 | G61: 41 | H61: 2.36 | I61: 3.99 | J61: 0.74 | K61: 242.84 | L61: 42.38 | M61: 23.57 | N61: 626.1 | O61: 0 | P61: 0.48 | Q61: 9.45
A62: 14/05/2025 13:30 | B62: 4.33 | C62: 19 | D62: 29.72 | E62: 7.03 | F62: 9.24 | G62: 42.76 | H62: 4.52 | I62: 4.04 | J62: 1.39 | K62: 244.45 | L62: 42.76 | M62: 23.36 | N62: 495 | O62: 0 | P62: 0.53 | Q62: 9.43
A63: 14/05/2025 13:45 | B63: 5.04 | C63: 19.79 | D63: 30.14 | E63: 5.8 | F63: 11.47 | G63: 42.76 | H63: 4.52 | I63: 4.02 | J63: 1.23 | K63: 246.55 | L63: 42.53 | M63: 24.85 | N63: 371.2 | O63: 0 | P63: 0.54 | Q63: 9.44
A64: 14/05/2025 14:00 | B64: 4.59 | C64: 19.99 | D64: 31.21 | E64: 6.09 | F64: 16.35 | G64: 42.76 | H64: 4.52 | I64: 3.99 | J64: 0.86 | K64: 243.81 | L64: 42.33 | M64: 24.39 | N64: 492.4 | O64: 0 | P64: 0.51 | Q64: 9.43
A65: 14/05/2025 14:15 | B65: 4.83 | C65: 21.63 | D65: 33.97 | E65: 6.7 | F65: 13.41 | G65: 42.35 | H65: 22.75 | I65: 4.03 | J65: 0.91 | K65: 243.92 | L65: 40.99 | M65: 27.2 | N65: 224.1 | O65: 0 | P65: 0.52 | Q65: 9.41
A66: 14/05/2025 14:30 | B66: 5.24 | C66: 24.45 | D66: 38.76 | E66: 7.8 | F66: 21.78 | G66: 41.97 | H66: 39.42 | I66: 3.98 | J66: 0.74 | K66: 239.81 | L66: 39.61 | M66: 29.65 | N66: 205.3 | O66: 0 | P66: 0.56 | Q66: 9.38
A67: 14/05/2025 14:45 | B67: 4.53 | C67: 21.94 | D67: 35.03 | E67: 9.57 | F67: 22.38 | G67: 41.97 | H67: 39.42 | I67: 4.07 | J67: 0.68 | K67: 237.27 | L67: 38.77 | M67: 30.32 | N67: 247.1 | O67: 0 | P67: 0.49 | Q67: 9.38
A68: 14/05/2025 15:00 | B68: 4.25 | C68: 21.27 | D68: 34.19 | E68: 10.01 | F68: 28.47 | G68: 41.97 | H68: 39.42 | I68: 3.79 | J68: 0.7 | K68: 185.2 | L68: 38.24 | M68: 33.3 | N68: 219.3 | O68: 0 | P68: 0.47 | Q68: 9.37
A69: 14/05/2025 15:15 | B69: 4.08 | C69: 20.53 | D69: 33.03 | E69: 10.88 | F69: 27.79 | G69: 42.23 | H69: 28.16 | I69: 4.08 | J69: 0.61 | K69: 216.36 | L69: 38.09 | M69: 32.9 | N69: 170.2 | O69: 0 | P69: 0.48 | Q69: 9.37
A70: 14/05/2025 15:30 | B70: 4.29 | C70: 20.32 | D70: 32.31 | E70: 11.19 | F70: 26.22 | G70: 42.46 | H70: 17.85 | I70: 4.07 | J70: 0.71 | K70: 230.74 | L70: 37.87 | M70: 32.06 | N70: 188.4 | O70: 0 | P70: 0.47 | Q70: 9.37
A71: 14/05/2025 15:45 | B71: 4.9 | C71: 20.26 | D71: 31.26 | E71: 8.68 | F71: 18.99 | G71: 42.46 | H71: 17.85 | I71: 3.98 | J71: 0.72 | K71: 240.43 | L71: 38.42 | M71: 29.39 | N71: 294.6 | O71: 0 | P71: 0.47 | Q71: 9.35
A72: 14/05/2025 16:00 | B72: 5.95 | C72: 25.08 | D72: 38.86 | E72: 8.8 | F72: 20.33 | G72: 42.46 | H72: 17.85 | I72: 4.02 | J72: 0.76 | K72: 244.25 | L72: 39.05 | M72: 29.5 | N72: 295.2 | O72: 0 | P72: 0.51 | Q72: 9.36
... A104: 14/05/2025 24:00 | B104: 12.75 | C104: 39.85 | D104: 56.7 | E104: 7.71 | F104: 10.84 | G104: 89.44 | H104: 14.66 | I104: 4 | J104: 0.56 | K104: 181.67 | L104: 32.59 | M104: 46.69 | N104: 28.7 | O104: 0 | P104: 0.83 | Q104: 9.74
A106: Min | B106: =MIN(B9:B104) -> 4.08 | C106: =MIN(C9:C104) -> 17.75 | D106: =MIN(D9:D104) -> 27.47 | E106: =MIN(E9:E104) -> 5.8 | F106: =MIN(F9:F104) -> 3.34 | G106: =MIN(G9:G104) -> 36.42 | H106: =MIN(H9:H104) -> 2.36 | I106: =MIN(I9:I104) -> 3.78 | ... Q106: =MIN(Q9:Q104) -> 9.35
A107: Max | B107: =MAX(B9:B104) -> 155.35 | C107: =MAX(C9:C104) -> 201.11 | D107: =MAX(D9:D104) -> 151.01 | E107: =MAX(E9:E104) -> 11.19 | F107: =MAX(F9:F104) -> 28.47 | G107: =MAX(G9:G104) -> 89.44 | H107: =MAX(H9:H104) -> 44.65 | I107: =MAX(I9:I104) -> 4.22 | ... Q107: =MAX(Q9:Q104) -> 9.82
A108: Avg | B108: =AVERAGE(B9:B104) -> 18.641979 | C108: =AVERAGE(C9:C104) -> 45.0375 | D108: =AVERAGE(D9:D104) -> 57.586667 | E108: =AVERAGE(E9:E104) -> 8.2134375 | F108: =AVERAGE(F9:F104) -> 12.4975 | G108: =AVERAGE(G9:G104) -> 49.204167 | H108: =AVERAGE(H9:H104) -> 16.171705 | I108: =AVERAGE(I9:I104) -> 3.994375 | ... Q108: =AVERAGE(Q9:Q104) -> 9.5502083
A109: Stdev | B109: =STDEV(B9:B104) -> 29.499819 | C109: =STDEV(C9:C104) -> 41.883418 | D109: =STDEV(D9:D104) -> 37.648508 | E109: =STDEV(E9:E104) -> 1.4595362 | F109: =STDEV(F9:F104) -> 6.1142615 | G109: =STDEV(G9:G104) -> 15.092044 | H109: =STDEV(H9:H104) -> 10.63842 | I109: =STDEV(I9:I104) -> 0.091936048 | ... Q109: =STDEV(Q9:Q104) -> 0.11462506
A110: Num | B110: =COUNT(B9:B104) -> 96 | C110: =COUNT(C9:C104) -> 96 | D110: =COUNT(D9:D104) -> 96 | E110: =COUNT(E9:E104) -> 96 | F110: =COUNT(F9:F104) -> 96 | G110: =COUNT(G9:G104) -> 96 | H110: =COUNT(H9:H104)+8 -> 96 | I110: =COUNT(I9:I104) -> 96 | J110: =COUNT(J9:J104) -> 96 | K110: =COUNT(K9:K104) -> 96 | L110: =COUNT(L9:L104) -> 96 | M110: =COUNT(M9:M104) -> 96 | N110: =COUNT(N9:N104) -> 96 | O110: =COUNT(O9:O104) -> 96 | P110: =COUNT(P9:P104) -> 96 | Q110: =COUNT(Q9:Q104) -> 96
A111: DCR | B111: =IF(B110>=87,">90%",IF(B110<=87,"<90%")) -> >90% | C111: =IF(C110>=87,">90%",IF(C110<=87,"<90%")) -> >90% | D111: =IF(D110>=87,">90%",IF(D110<=87,"<90%")) -> >90% | E111: =IF(E110>=87,">90%",IF(E110<=87,"<90%")) -> >90% | F111: =IF(F110>=87,">90%",IF(F110<=87,"<90%")) -> >90% | G111: =IF(G110>=87,">90%",IF(G110<=87,"<90%")) -> >90% | H111: =IF(H110>=87,">90%",IF(H110<=87,"<90%")) -> >90% | I111: =IF(I110>=87,">90%",IF(I110<=87,"<90%")) -> >90% | ... Q111: =IF(Q110>=87,">90%",IF(Q110<=87,"<90%")) -> >90%
A112: Status | B112: =IF(B110>=87,"OK",IF(B110<=87,"LESS")) -> OK | C112: =IF(C110>=87,"OK",IF(C110<=87,"LESS")) -> OK | D112: =IF(D110>=87,"OK",IF(D110<=87,"LESS")) -> OK | E112: =IF(E110>=87,"OK",IF(E110<=87,"LESS")) -> OK | F112: =IF(F110>=87,"OK",IF(F110<=87,"LESS")) -> OK | G112: =IF(G110>=87,"OK",IF(G110<=87,"LESS")) -> OK | H112: =IF(H110>=87,"OK",IF(H110<=87,"LESS")) -> OK | I112: =IF(I110>=87,"OK",IF(I110<=87,"LESS")) -> OK | ... Q112: =IF(Q110>=87,"OK",IF(Q110<=87,"LESS")) -> OK
A115: Done by | B115: RK
A117: Comment

Sheet 15
A1: Station: | B1: BHATAGAON RAIPUR
A2: Date: | B2: =$A$9 -> 15/05/2025 00:15 | D2: Power Off | G2: Pw.Off | L2: Link Fail | N2: Link F | P2: Maintenance | R2: Maint.
A3: Report Type: | B3: Mean | D3: Calibration | G3: Calib. | L3: Data Fail | N3: Data F | P3: Invalid | R3: Invalid
A4: Time Base: | B4: 15 Min | D4: Zero Referrence | G4: Z.Ref | L4: Warm Up | N4: Wm. Up
A7: Date & Time | B7: NO_BHATAGAON | C7: NO2__BHATAGAON | D7: NOX_BHATAGAON | E7: SO2__BHATAGAON | F7: O3__BHATAGAON | G7: PM10__BHATAGAON | H7: PM2_5__BHATAGAON | I7: BENZ__BHATAGAON | J7: WS__BHATAGAON | K7: WD__BHATAGAON | L7: TEMP__BHATAGAON | M7: HUM__BHATAGAON | N7: SR__BHATAGAON | O7: RG__BHATAGAON | P7: CO__BHATAGAON | Q7: NH3__BHATAGAON
B8: ug/m3 | C8: ug/m3 | D8: ppb | E8: ug/m3 | F8: ug/m3 | G8: ug/m3 | H8: ug/m3 | I8: ug/m3 | J8: m/sec | K8: deg | L8: degreC | M8: % | N8: w/m2 | O8: mm | P8: mg/m3 | Q8: ug/m3
A9: 15/05/2025 00:15 | B9: 16.14 | C9: 31.09 | D9: 34.74 | E9: 7.07 | F9: 14.3 | G9: 84.28 | H9: 20.82 | I9: 4 | J9: 0.77 | K9: 165.84 | L9: 32.43 | M9: 47.53 | N9: 28.9 | O9: 0 | P9: 0.81 | Q9: 9.78
A10: 15/05/2025 00:30 | B10: 7.09 | C10: 23.97 | D10: 35 | E10: 7.36 | F10: 14.76 | G10: 79.56 | H10: 26.45 | I10: 4.03 | J10: 0.47 | K10: 211.54 | L10: 32.12 | M10: 48.27 | N10: 29.2 | O10: 0 | P10: 0.52 | Q10: 9.78
A11: 15/05/2025 00:45 | B11: 6.58 | C11: 24.55 | D11: 36.89 | E11: 7.54 | F11: 14.12 | G11: 79.56 | H11: 26.45 | I11: 3.78 | J11: 0.39 | K11: 189.74 | L11: 31.71 | M11: 49.64 | N11: 29.2 | O11: 0 | P11: 0.52 | Q11: 9.75
A12: 15/05/2025 01:00 | B12: 7.16 | C12: 24.77 | D12: 36.42 | E12: 7.7 | F12: 14.29 | G12: 79.56 | H12: 26.45 | I12: 3.98 | J12: 0.43 | K12: 195.19 | L12: 31.52 | M12: 49.85 | N12: 29 | O12: 0 | P12: 0.52 | Q12: 9.75
A13: 15/05/2025 01:15 | B13: 6.15 | C13: 20.38 | D13: 29.58 | E13: 7.52 | F13: 15.38 | G13: 70.03 | H13: 25.68 | I13: 3.83 | J13: 0.35 | K13: 214.6 | L13: 31.44 | M13: 49.3 | N13: 29 | O13: 0 | P13: 0.38 | Q13: 9.72
A14: 15/05/2025 01:30 | B14: 5.92 | C14: 19.3 | D14: 27.85 | E14: 7.41 | F14: 15.64 | G14: 61.32 | H14: 24.98 | I14: 4.03 | J14: 0.29 | K14: 196.4 | L14: 31.28 | M14: 49.59 | N14: 28.8 | O14: 0 | P14: 0.42 | Q14: 9.71
A15: 15/05/2025 01:45 | B15: 6.26 | C15: 18.5 | D15: 25.79 | E15: 7.77 | F15: 16.61 | G15: 61.32 | H15: 24.98 | I15: 3.82 | J15: 0.35 | K15: 162.08 | L15: 31.22 | M15: 49.68 | N15: 28.8 | O15: 0 | P15: 0.37 | Q15: 9.71
A16: 15/05/2025 02:00 | B16: 7.97 | C16: 20.55 | D16: 27.11 | E16: 7.84 | F16: 16.09 | G16: 61.32 | H16: 24.98 | I16: 3.96 | J16: 0.71 | K16: 147.86 | L16: 31.12 | M16: 50.51 | N16: 28.7 | O16: 0 | P16: 0.41 | Q16: 9.71
A17: 15/05/2025 02:15 | B17: 6.82 | C17: 19.45 | D17: 26.75 | E17: 7.97 | F17: 15.91 | G17: 57.39 | H17: 21.14 | I17: 3.89 | J17: 0.35 | K17: 222.34 | L17: 31.05 | M17: 50.75 | N17: 29 | O17: 0 | P17: 0.36 | Q17: 9.67
A18: 15/05/2025 02:30 | B18: 5.5 | C18: 20 | D18: 29.84 | E18: 8.14 | F18: 16.07 | G18: 53.79 | H18: 17.47 | I18: 4.07 | J18: 0.28 | K18: 194.38 | L18: 30.93 | M18: 51.78 | N18: 28.9 | O18: 0 | P18: 0.3 | Q18: 9.67
A19: 15/05/2025 02:45 | B19: 5.14 | C19: 23.12 | D19: 36.36 | E19: 7.74 | F19: 15.81 | G19: 53.79 | H19: 17.47 | I19: 4.06 | J19: 0.37 | K19: 231.65 | L19: 30.79 | M19: 52.11 | N19: 29 | O19: 0 | P19: 0.27 | Q19: 9.72
A20: 15/05/2025 03:00 | B20: 5.08 | C20: 19.33 | D20: 29.2 | E20: 7.74 | F20: 16.44 | G20: 53.79 | H20: 17.47 | I20: 3.92 | J20: 0.43 | K20: 224.67 | L20: 30.77 | M20: 52.14 | N20: 28.6 | O20: 0 | P20: 0.28 | Q20: 9.68
... A64: 15/05/2025 14:00 | B64: 3.9 | C64: 22.83 | D64: 37.72 | E64: 5.08 | F64: 8.37 | G64: 48.38 | H64: 2.13 | I64: 3.97 | J64: 3.3 | K64: 243.4 | L64: 38.36 | M64: 36.11 | N64: 361.8 | O64: 0 | P64: 0.54 | Q64: 9.42
A65: 15/05/2025 14:15 | B65: 4.03 | C65: 21.17 | D65: 34.33 | E65: 4.85 | F65: 6.8 | G65: Maint. | H65: Maint. | I65: 3.91 | J65: 3.43 | K65: 242.08 | L65: 37.04 | M65: 39.24 | N65: 304.1 | O65: 0 | P65: 0.5 | Q65: 9.4
A66: 15/05/2025 14:30 | B66: 4.22 | C66: 20.2 | D66: 32.18 | E66: 4.99 | F66: 6.22 | G66: Maint. | H66: Maint. | I66: 3.92 | J66: 3.74 | K66: 242.64 | L66: 35.7 | M66: 42.45 | N66: 262.1 | O66: 0 | P66: 0.48 | Q66: 9.39
A67: 15/05/2025 14:45 | B67: 4.48 | C67: 20.04 | D67: 31.49 | E67: 4.71 | F67: 6.11 | G67: Maint. | H67: Maint. | I67: 3.84 | J67: 3.11 | K67: 246.53 | L67: 34.91 | M67: 42.4 | N67: 224.2 | O67: 0 | P67: 0.44 | Q67: 9.38
A68: 15/05/2025 15:00 | B68: 4.99 | C68: 20.82 | D68: 32.19 | E68: 4.64 | F68: 6.6 | G68: Maint. | H68: Maint. | I68: 3.86 | J68: 2.47 | K68: 242.42 | L68: 35.31 | M68: 40.12 | N68: 204.9 | O68: 0 | P68: 0.43 | Q68: 9.38
A69: 15/05/2025 15:15 | B69: 6.18 | C69: 23.89 | D69: 36.23 | E69: 4.34 | F69: 10.13 | G69: Maint. | H69: Maint. | I69: 3.85 | J69: 2.1 | K69: 244.09 | L69: 35.98 | M69: 38.23 | N69: 223.2 | O69: 0 | P69: 0.43 | Q69: 9.38
A70: 15/05/2025 15:30 | B70: 5.57 | C70: 28.05 | D70: 45.14 | E70: 6.94 | F70: 16.73 | G70: 6.53 | H70: 2.5 | I70: 4.11 | J70: 0.62 | K70: 171.79 | L70: 35.77 | M70: 39.68 | N70: 139.3 | O70: 0 | P70: 0.48 | Q70: 9.38
A71: 15/05/2025 15:45 | B71: 4.43 | C71: 20.29 | D71: 32.04 | E71: 6.6 | F71: 14.76 | G71: 23.16 | H71: 9.8 | I71: 4.09 | J71: 1.37 | K71: 150.31 | L71: 33.83 | M71: 46.99 | N71: 147.8 | O71: 0 | P71: 0.39 | Q71: 9.41
A72: 15/05/2025 16:00 | B72: 4.93 | C72: 23.76 | D72: 37.91 | E72: 6.2 | F72: 12.78 | G72: 23.16 | H72: 9.8 | I72: 4.11 | J72: 1.14 | K72: 165.62 | L72: 32.87 | M72: 51.35 | N72: 206.6 | O72: 0 | P72: 0.38 | Q72: 9.41
A73: 15/05/2025 16:15 | B73: 4.39 | C73: 20.82 | D73: 33.11 | E73: 6.55 | F73: 14.29 | G73: 23.16 | H73: 9.8 | I73: 4.11 | J73: 1.4 | K73: 150.92 | L73: 32.35 | M73: 55.33 | N73: 257 | O73: 0 | P73: 0.36 | Q73: 9.39
A74: 15/05/2025 16:30 | B74: 5.44 | C74: 23.31 | D74: 36.28 | E74: 7.52 | F74: 18.71 | G74: 26.31 | H74: 10.59 | I74: 3.95 | J74: 0.62 | K74: 152.21 | L74: 32.84 | M74: 54.11 | N74: 200.6 | O74: 0 | P74: 0.36 | Q74: 9.38
A75: 15/05/2025 16:45 | B75: 8.65 | C75: 30.28 | D75: 44.69 | E75: 7.66 | F75: 16.26 | G75: 35.32 | H75: 13.05 | I75: 4.04 | J75: 0.57 | K75: 240.64 | L75: 34.44 | M75: 49.57 | N75: 154.3 | O75: 0 | P75: 0.5 | Q75: 9.39
A76: 15/05/2025 17:00 | B76: 5.5 | C76: 28.81 | D76: 46.69 | E76: 7.61 | F76: 13.42 | G76: 35.32 | H76: 13.05 | I76: 3.94 | J76: 0.57 | K76: 229.67 | L76: 34.58 | M76: 46.63 | N76: 146.1 | O76: 0 | P76: 0.46 | Q76: 9.41
A77: 15/05/2025 17:15 | B77: 4.22 | C77: 23.93 | D77: 39.33 | E77: 7.47 | F77: 13.24 | G77: 35.32 | H77: 13.05 | I77: 4.05 | J77: 0.6 | K77: 230.34 | L77: 34.31 | M77: 48.03 | N77: 94.7 | O77: 0 | P77: 0.43 | Q77: 9.43
A78: 15/05/2025 17:30 | B78: 4.19 | C78: 22.01 | D78: 35.69 | E78: 7.72 | F78: 19.1 | G78: 35.64 | H78: 13.62 | I78: 3.97 | J78: 0.6 | K78: 192.15 | L78: 33.88 | M78: 52.39 | N78: 89.7 | O78: 0 | P78: 0.43 | Q78: 9.41
A79: 15/05/2025 17:45 | B79: 4.35 | C79: 22.54 | D79: 36.46 | E79: 7.14 | F79: 16.32 | G79: 36.57 | H79: 15.36 | I79: 4.23 | J79: 1.47 | K79: 148.71 | L79: 32.72 | M79: 57.54 | N79: 84.8 | O79: 0 | P79: 0.42 | Q79: 9.41
A80: 15/05/2025 18:00 | B80: 4.51 | C80: 23.57 | D80: 38.19 | E80: 7.56 | F80: 20.35 | G80: 36.57 | H80: 15.36 | I80: 4.12 | J80: 0.77 | K80: 169.08 | L80: 32.51 | M80: 55.7 | N80: 56.1 | O80: 0 | P80: 0.41 | Q80: 9.41
A81: 15/05/2025 18:15 | B81: 4.84 | C81: 26.34 | D81: 42.99 | E81: 7.83 | F81: 17.84 | G81: 36.57 | H81: 15.36 | I81: 4.03 | J81: 0.54 | K81: 189.47 | L81: 32.56 | M81: 56.19 | N81: 41.8 | O81: 0 | P81: 0.45 | Q81: 9.4
... A104: 15/05/2025 24:00 | B104: 5.02 | C104: 19.22 | D104: 29.08 | E104: 5.29 | F104: 13.65 | G104: 36.23 | H104: 18.32 | I104: 4.08 | J104: 0.63 | K104: 167.28 | L104: 29.21 | M104: 73.11 | N104: 28.8 | O104: 0 | P104: 0.45 | Q104: 9.4
A106: Min | B106: =MIN(B9:B104) -> 3.9 | C106: =MIN(C9:C104) -> 18.12 | D106: =MIN(D9:D104) -> 25.79 | E106: =MIN(E9:E104) -> 4.34 | F106: =MIN(F9:F104) -> 5.21 | G106: =MIN(G9:G104) -> 6.53 | H106: =MIN(H9:H104) -> 2.13 | I106: =MIN(I9:I104) -> 3.78 | ... Q106: =MIN(Q9:Q104) -> 9.38
A107: Max | B107: =MAX(B9:B104) -> 16.14 | C107: =MAX(C9:C104) -> 34.09 | D107: =MAX(D9:D104) -> 56.41 | E107: =MAX(E9:E104) -> 15.52 | F107: =MAX(F9:F104) -> 30.4 | G107: =MAX(G9:G104) -> 84.28 | H107: =MAX(H9:H104) -> 28.37 | I107: =MAX(I9:I104) -> 4.23 | ... Q107: =MAX(Q9:Q104) -> 9.78
A108: Avg | B108: =AVERAGE(B9:B104) -> 5.4242708 | C108: =AVERAGE(C9:C104) -> 22.936458 | D108: =AVERAGE(D9:D104) -> 35.575521 | E108: =AVERAGE(E9:E104) -> 7.4152083 | F108: =AVERAGE(F9:F104) -> 13.420417 | G108: =AVERAGE(G9:G104) -> 43.421978 | H108: =AVERAGE(H9:H104) -> 15.992418 | I108: =AVERAGE(I9:I104) -> 4.005625 | ... Q108: =AVERAGE(Q9:Q104) -> 9.4870833
A109: Stdev | B109: =STDEV(B9:B104) -> 1.4823912 | C109: =STDEV(C9:C104) -> 3.0742232 | D109: =STDEV(D9:D104) -> 5.4356782 | E109: =STDEV(E9:E104) -> 1.8580408 | F109: =STDEV(F9:F104) -> 4.3164552 | G109: =STDEV(G9:G104) -> 11.824975 | H109: =STDEV(H9:H104) -> 6.4617392 | I109: =STDEV(I9:I104) -> 0.091430877 | ... Q109: =STDEV(Q9:Q104) -> 0.1115434
A110: Num | B110: =COUNT(B9:B104) -> 96 | C110: =COUNT(C9:C104) -> 96 | D110: =COUNT(D9:D104) -> 96 | E110: =COUNT(E9:E104) -> 96 | F110: =COUNT(F9:F104) -> 96 | G110: =COUNT(G9:G104)+5 -> 96 | H110: =COUNT(H9:H104)+5 -> 96 | I110: =COUNT(I9:I104) -> 96 | J110: =COUNT(J9:J104) -> 96 | K110: =COUNT(K9:K104) -> 96 | L110: =COUNT(L9:L104) -> 96 | M110: =COUNT(M9:M104) -> 96 | N110: =COUNT(N9:N104) -> 96 | O110: =COUNT(O9:O104) -> 96 | P110: =COUNT(P9:P104) -> 96 | Q110: =COUNT(Q9:Q104) -> 96
A111: DCR | B111: =IF(B110>=87,">90%",IF(B110<=87,"<90%")) -> >90% | C111: =IF(C110>=87,">90%",IF(C110<=87,"<90%")) -> >90% | D111: =IF(D110>=87,">90%",IF(D110<=87,"<90%")) -> >90% | E111: =IF(E110>=87,">90%",IF(E110<=87,"<90%")) -> >90% | F111: =IF(F110>=87,">90%",IF(F110<=87,"<90%")) -> >90% | G111: =IF(G110>=87,">90%",IF(G110<=87,"<90%")) -> >90% | H111: =IF(H110>=87,">90%",IF(H110<=87,"<90%")) -> >90% | I111: =IF(I110>=87,">90%",IF(I110<=87,"<90%")) -> >90% | ... Q111: =IF(Q110>=87,">90%",IF(Q110<=87,"<90%")) -> >90%
A112: Status | B112: =IF(B110>=87,"OK",IF(B110<=87,"LESS")) -> OK | C112: =IF(C110>=87,"OK",IF(C110<=87,"LESS")) -> OK | D112: =IF(D110>=87,"OK",IF(D110<=87,"LESS")) -> OK | E112: =IF(E110>=87,"OK",IF(E110<=87,"LESS")) -> OK | F112: =IF(F110>=87,"OK",IF(F110<=87,"LESS")) -> OK | G112: =IF(G110>=87,"OK",IF(G110<=87,"LESS")) -> OK | H112: =IF(H110>=87,"OK",IF(H110<=87,"LESS")) -> OK | I112: =IF(I110>=87,"OK",IF(I110<=87,"LESS")) -> OK | ... Q112: =IF(Q110>=87,"OK",IF(Q110<=87,"LESS")) -> OK
A115: Done by | B115: RK
A117: Comment

Sheet 16
A1: Station: | B1: BHATAGAON RAIPUR
A2: Date: | B2: =$A$9 -> 16/05/2025 00:15 | D2: Power Off | G2: Pw.Off | L2: Link Fail | N2: Link F | P2: Maintenance | R2: Maint.
A3: Report Type: | B3: Mean | D3: Calibration | G3: Calib. | L3: Data Fail | N3: Data F | P3: Invalid | R3: Invalid
A4: Time Base: | B4: 15 Min | D4: Zero Referrence | G4: Z.Ref | L4: Warm Up | N4: Wm. Up
A7: Date & Time | B7: NO_BHATAGAON | C7: NO2__BHATAGAON | D7: NOX_BHATAGAON | E7: SO2__BHATAGAON | F7: O3__BHATAGAON | G7: PM10__BHATAGAON | H7: PM2_5__BHATAGAON | I7: BENZ__BHATAGAON | J7: WS__BHATAGAON | K7: WD__BHATAGAON | L7: TEMP__BHATAGAON | M7: HUM__BHATAGAON | N7: SR__BHATAGAON | O7: RG__BHATAGAON | P7: CO__BHATAGAON | Q7: NH3__BHATAGAON
B8: ug/m3 | C8: ug/m3 | D8: ppb | E8: ug/m3 | F8: ug/m3 | G8: ug/m3 | H8: ug/m3 | I8: ug/m3 | J8: m/sec | K8: deg | L8: degreC | M8: % | N8: w/m2 | O8: mm | P8: mg/m3 | Q8: ug/m3
A9: 16/05/2025 00:15 | B9: 5.39 | C9: 17.58 | D9: 25.38 | E9: 5.18 | F9: 7.33 | G9: 36.23 | H9: 18.32 | I9: 3.94 | J9: 0.56 | K9: 182.51 | L9: 29.21 | M9: 73.12 | N9: 28.8 | O9: 0 | P9: 0.48 | Q9: 9.41
A10: 16/05/2025 00:30 | B10: 5.89 | C10: 17.95 | D10: 25.3 | E10: 4.94 | F10: 6.45 | G10: 35.29 | H10: 18.43 | I10: 3.89 | J10: 1.02 | K10: 160.07 | L10: 29.06 | M10: 74.9 | N10: 29 | O10: 0 | P10: 0.49 | Q10: 9.41
A11: 16/05/2025 00:45 | B11: 5.24 | C11: 17.18 | D11: 24.82 | E11: 4.79 | F11: 10.04 | G11: 32.56 | H11: 18.74 | I11: 3.88 | J11: 0.43 | K11: 185.7 | L11: 29.03 | M11: 74.61 | N11: 29.1 | O11: 0 | P11: 0.44 | Q11: 9.42
A12: 16/05/2025 01:00 | B12: 5.64 | C12: 17.03 | D12: 23.94 | E12: 4.7 | F12: 7.12 | G12: 32.56 | H12: 18.74 | I12: 4.06 | J12: 0.52 | K12: 171 | L12: 28.94 | M12: 75.36 | N12: 29.1 | O12: 0 | P12: 0.47 | Q12: 9.42
A13: 16/05/2025 01:15 | B13: 5.23 | C13: 16.89 | D13: 24.3 | E13: 4.55 | F13: 8.55 | G13: 32.56 | H13: 18.74 | I13: 4.08 | J13: 0.46 | K13: 189.91 | L13: 28.92 | M13: 75.44 | N13: 29.1 | O13: 0 | P13: 0.39 | Q13: 9.43
A14: 16/05/2025 01:30 | B14: 5.37 | C14: 17.44 | D14: 25.15 | E14: 4.51 | F14: 8.34 | G14: 32.15 | H14: 18.37 | I14: 3.87 | J14: 0.52 | K14: 188.07 | L14: 28.77 | M14: 76.44 | N14: 29.3 | O14: 0 | P14: 0.43 | Q14: 9.41
A15: 16/05/2025 01:45 | B15: 5.82 | C15: 17.05 | D15: 23.7 | E15: 4.43 | F15: 6.79 | G15: 30.97 | H15: 17.24 | I15: 3.92 | J15: 0.53 | K15: 173.27 | L15: 28.67 | M15: 77.05 | N15: 29.3 | O15: 0 | P15: 0.46 | Q15: 9.39
A16: 16/05/2025 02:00 | B16: 5.42 | C16: 16.68 | D16: 23.59 | E16: 4.64 | F16: 10.14 | G16: 30.97 | H16: 17.24 | I16: 3.93 | J16: 0.41 | K16: 193.75 | L16: 28.69 | M16: 76.81 | N16: 29.1 | O16: 0 | P16: 0.4 | Q16: 9.4
A17: 16/05/2025 02:15 | B17: 4.98 | C17: 16.07 | D17: 23.12 | E17: 4.29 | F17: 9.17 | G17: 30.97 | H17: 17.24 | I17: 4.13 | J17: 0.41 | K17: 204.51 | L17: 28.61 | M17: 77.24 | N17: 29.1 | O17: 0 | P17: 0.38 | Q17: 9.41
A18: 16/05/2025 02:30 | B18: 5.52 | C18: 16.02 | D18: 22.19 | E18: 4.67 | F18: 7.32 | G18: 29.76 | H18: 16.68 | I18: 3.99 | J18: 0.45 | K18: 221.6 | L18: 28.51 | M18: 77.62 | N18: 29.1 | O18: 0 | P18: 0.44 | Q18: 9.37
A19: 16/05/2025 02:45 | B19: 4.82 | C19: 15.17 | D19: 21.64 | E19: 4.73 | F19: 12.4 | G19: 26.25 | H19: 15.04 | I19: 3.88 | J19: 0.38 | K19: 204.19 | L19: 28.4 | M19: 78.36 | N19: 29.1 | O19: 0 | P19: 0.36 | Q19: 9.39
A20: 16/05/2025 03:00 | B20: 4.73 | C20: 14.73 | D20: 20.93 | E20: 4.87 | F20: 12.32 | G20: 26.25 | H20: 15.04 | I20: 3.93 | J20: 0.67 | K20: 170.34 | L20: 28.39 | M20: 78.64 | N20: 28.9 | O20: 0 | P20: 0.36 | Q20: 9.4
... A104: 16/05/2025 24:00 | B104: 4.63 | C104: 14.13 | D104: 19.94 | E104: 5.29 | F104: 8.44 | G104: 51.96 | H104: 12.97 | I104: 3.98 | J104: 0.43 | K104: 219.13 | L104: 27.43 | M104: 79.2 | N104: 28.8 | O104: 0 | P104: 0.26 | Q104: 9.28
A106: Min | B106: =MIN(B9:B104) -> 4.35 | C106: =MIN(C9:C104) -> 14.13 | D106: =MIN(D9:D104) -> 19.94 | E106: =MIN(E9:E104) -> 4.21 | F106: =MIN(F9:F104) -> 4.66 | G106: =MIN(G9:G104) -> 23.92 | H106: =MIN(H9:H104) -> 10.57 | I106: =MIN(I9:I104) -> 3.79 | ... Q106: =MIN(Q9:Q104) -> 9.24
A107: Max | B107: =MAX(B9:B104) -> 15.92 | C107: =MAX(C9:C104) -> 48.22 | D107: =MAX(D9:D104) -> 67.86 | E107: =MAX(E9:E104) -> 16.17 | F107: =MAX(F9:F104) -> 28.47 | G107: =MAX(G9:G104) -> 57.18 | H107: =MAX(H9:H104) -> 28.28 | I107: =MAX(I9:I104) -> 4.3 | ... Q107: =MAX(Q9:Q104) -> 9.43
A108: Avg | B108: =AVERAGE(B9:B104) -> 5.8485417 | C108: =AVERAGE(C9:C104) -> 20.425417 | D108: =AVERAGE(D9:D104) -> 30.118229 | E108: =AVERAGE(E9:E104) -> 6.754375 | F108: =AVERAGE(F9:F104) -> 12.37375 | G108: =AVERAGE(G9:G104) -> 40.015417 | H108: =AVERAGE(H9:H104) -> 17.379062 | I108: =AVERAGE(I9:I104) -> 3.9941667 | ... Q108: =AVERAGE(Q9:Q104) -> 9.3390625
A109: Stdev | B109: =STDEV(B9:B104) -> 1.7526863 | C109: =STDEV(C9:C104) -> 5.8941228 | D109: =STDEV(D9:D104) -> 9.1497633 | E109: =STDEV(E9:E104) -> 2.8142816 | F109: =STDEV(F9:F104) -> 6.2281139 | G109: =STDEV(G9:G104) -> 10.819622 | H109: =STDEV(H9:H104) -> 3.9330382 | I109: =STDEV(I9:I104) -> 0.08865862 | ... Q109: =STDEV(Q9:Q104) -> 0.046522844
A110: Num | B110: =COUNT(B9:B104) -> 96 | C110: =COUNT(C9:C104) -> 96 | D110: =COUNT(D9:D104) -> 96 | E110: =COUNT(E9:E104) -> 96 | F110: =COUNT(F9:F104) -> 96 | G110: =COUNT(G9:G104) -> 96 | H110: =COUNT(H9:H104) -> 96 | I110: =COUNT(I9:I104) -> 96 | ... Q110: =COUNT(Q9:Q104) -> 96
A111: DCR | B111: =IF(B110>=87,">90%",IF(B110<=87,"<90%")) -> >90% | C111: =IF(C110>=87,">90%",IF(C110<=87,"<90%")) -> >90% | D111: =IF(D110>=87,">90%",IF(D110<=87,"<90%")) -> >90% | E111: =IF(E110>=87,">90%",IF(E110<=87,"<90%")) -> >90% | F111: =IF(F110>=87,">90%",IF(F110<=87,"<90%")) -> >90% | G111: =IF(G110>=87,">90%",IF(G110<=87,"<90%")) -> >90% | H111: =IF(H110>=87,">90%",IF(H110<=87,"<90%")) -> >90% | I111: =IF(I110>=87,">90%",IF(I110<=87,"<90%")) -> >90% | ... Q111: =IF(Q110>=87,">90%",IF(Q110<=87,"<90%")) -> >90%
A112: Status | B112: =IF(B110>=87,"OK",IF(B110<=87,"LESS")) -> OK | C112: =IF(C110>=87,"OK",IF(C110<=87,"LESS")) -> OK | D112: =IF(D110>=87,"OK",IF(D110<=87,"LESS")) -> OK | E112: =IF(E110>=87,"OK",IF(E110<=87,"LESS")) -> OK | F112: =IF(F110>=87,"OK",IF(F110<=87,"LESS")) -> OK | G112: =IF(G110>=87,"OK",IF(G110<=87,"LESS")) -> OK | H112: =IF(H110>=87,"OK",IF(H110<=87,"LESS")) -> OK | I112: =IF(I110>=87,"OK",IF(I110<=87,"LESS")) -> OK | ... Q112: =IF(Q110>=87,"OK",IF(Q110<=87,"LESS")) -> OK
A115: Done by | B115: RK
A117: Comment

Sheet 17
A1: Station: | B1: BHATAGAON RAIPUR
A2: Date: | B2: =$A$9 -> 17/05/2025 00:15 | D2: Power Off | G2: Pw.Off | L2: Link Fail | N2: Link F | P2: Maintenance | R2: Maint.
A3: Report Type: | B3: Mean | D3: Calibration | G3: Calib. | L3: Data Fail | N3: Data F | P3: Invalid | R3: Invalid
A4: Time Base: | B4: 15 Min | D4: Zero Referrence | G4: Z.Ref | L4: Warm Up | N4: Wm. Up
A7: Date & Time | B7: NO_BHATAGAON | C7: NO2__BHATAGAON | D7: NOX_BHATAGAON | E7: SO2__BHATAGAON | F7: O3__BHATAGAON | G7: PM10__BHATAGAON | H7: PM2_5__BHATAGAON | I7: BENZ__BHATAGAON | J7: WS__BHATAGAON | K7: WD__BHATAGAON | L7: TEMP__BHATAGAON | M7: HUM__BHATAGAON | N7: SR__BHATAGAON | O7: RG__BHATAGAON | P7: CO__BHATAGAON | Q7: NH3__BHATAGAON
B8: ug/m3 | C8: ug/m3 | D8: ppb | E8: ug/m3 | F8: ug/m3 | G8: ug/m3 | H8: ug/m3 | I8: ug/m3 | J8: m/sec | K8: deg | L8: degreC | M8: % | N8: w/m2 | O8: mm | P8: mg/m3 | Q8: ug/m3
A9: 17/05/2025 00:15 | B9: 4.72 | C9: 13.99 | D9: 19.53 | E9: 4.77 | F9: 6.56 | G9: 51.96 | H9: 12.97 | I9: 3.98 | J9: 0.56 | K9: 217.66 | L9: 27.52 | M9: 78.47 | N9: 29.1 | O9: 0 | P9: 0.26 | Q9: 9.26
A10: 17/05/2025 00:30 | B10: 4.77 | C10: 14.96 | D10: 21.31 | E10: 5.41 | F10: 5.26 | G10: 47 | H10: 13.21 | I10: 3.99 | J10: 0.73 | K10: 234 | L10: 27.74 | M10: 78.09 | N10: 29 | O10: 0 | P10: 0.28 | Q10: 9.26
A11: 17/05/2025 00:45 | B11: 4.77 | C11: 14.8 | D11: 20.99 | E11: 4.95 | F11: 5.11 | G11: 32.53 | H11: 13.91 | I11: 4.04 | J11: 0.76 | K11: 232.11 | L11: 27.93 | M11: 76.14 | N11: 29.1 | O11: 0 | P11: 0.25 | Q11: 9.26
A12: 17/05/2025 01:00 | B12: 4.69 | C12: 14.24 | D12: 20.06 | E12: 4.94 | F12: 6.88 | G12: 32.53 | H12: 13.91 | I12: 3.94 | J12: 0.88 | K12: 233.48 | L12: 27.88 | M12: 75.15 | N12: 29.4 | O12: 0 | P12: 0.24 | Q12: 9.26
A13: 17/05/2025 01:15 | B13: 4.7 | C13: 13.88 | D13: 19.36 | E13: 5.17 | F13: 4.79 | G13: 32.53 | H13: 13.91 | I13: 3.89 | J13: 1.01 | K13: 235.43 | L13: 27.44 | M13: 78.44 | N13: 30 | O13: 0 | P13: 0.28 | Q13: 9.27
A14: 17/05/2025 01:30 | B14: 4.81 | C14: 13.95 | D14: 19.33 | E14: 5.08 | F14: 6.48 | G14: 28.99 | H14: 13.5 | I14: 4.06 | J14: 0.9 | K14: 236.5 | L14: 26.89 | M14: 82.67 | N14: 30.1 | O14: 0 | P14: 0.31 | Q14: 9.26
A15: 17/05/2025 01:45 | B15: 4.86 | C15: 13.95 | D15: 19.23 | E15: 4.7 | F15: 8.64 | G15: 18.07 | H15: 12.24 | I15: 3.97 | J15: 0.71 | K15: 236.37 | L15: 26.46 | M15: 84.3 | N15: 29.5 | O15: 0 | P15: 0.29 | Q15: 9.25
A16: 17/05/2025 02:00 | B16: 4.84 | C16: 13.4 | D16: 18.22 | E16: 4.91 | F16: 8.32 | G16: 18.07 | H16: 12.24 | I16: 4.17 | J16: 0.54 | K16: 235.82 | L16: 26.59 | M16: 84.27 | N16: 28.9 | O16: 0 | P16: 0.28 | Q16: 9.25
A17: 17/05/2025 02:15 | B17: 4.9 | C17: 13.5 | D17: 18.32 | E17: 4.75 | F17: 6.59 | G17: 18.07 | H17: 12.24 | I17: 3.91 | J17: 0.62 | K17: 237.3 | L17: 26.86 | M17: 82.79 | N17: 28.8 | O17: 0 | P17: 0.27 | Q17: 9.25
A18: 17/05/2025 02:30 | B18: 4.99 | C18: 13.77 | D18: 18.69 | E18: 4.53 | F18: 6.74 | G18: 16.53 | H18: 11.68 | I18: 4.05 | J18: 0.73 | K18: 236.35 | L18: 27 | M18: 81.7 | N18: 29.1 | O18: 0 | P18: 0.28 | Q18: 9.26
A19: 17/05/2025 02:45 | B19: 5 | C19: 13.78 | D19: 18.69 | E19: 4.79 | F19: 6.63 | G19: 12.07 | H19: 10.05 | I19: 4.08 | J19: 0.63 | K19: 236.34 | L19: 26.93 | M19: 81.74 | N19: 29.1 | O19: 0 | P19: 0.27 | Q19: 9.26
A20: 17/05/2025 03:00 | B20: 5.01 | C20: 14.91 | D20: 20.85 | E20: 4.73 | F20: 4.68 | G20: 12.07 | H20: 10.05 | I20: 4.16 | J20: 0.67 | K20: 236.02 | L20: 27.02 | M20: 81.34 | N20: 29.1 | O20: 0 | P20: 0.3 | Q20: 9.24
... A104: 17/05/2025 24:00 | B104: 10.06 | C104: 51.16 | D104: 82.49 | E104: 5.29 | F104: 11.08 | G104: 38.88 | H104: 13.76 | I104: 4.02 | J104: 0.24 | K104: 219.22 | L104: 31.72 | M104: 62.64 | N104: 29.3 | O104: 0 | P104: 0.8 | Q104: 9.39
A106: Min | B106: =MIN(B9:B104) -> 4.47 | C106: =MIN(C9:C104) -> 13.4 | D106: =MIN(D9:D104) -> 18.22 | E106: =MIN(E9:E104) -> 3.57 | F106: =MIN(F9:F104) -> 3.29 | G106: =MIN(G9:G104) -> 8.29 | H106: =MIN(H9:H104) -> 6.53 | I106: =MIN(I9:I104) -> 3.77 | ... Q106: =MIN(Q9:Q104) -> 9.24
A107: Max | B107: =MAX(B9:B104) -> 17.55 | C107: =MAX(C9:C104) -> 61.83 | D107: =MAX(D9:D104) -> 91.55 | E107: =MAX(E9:E104) -> 9.04 | F107: =MAX(F9:F104) -> 33.06 | G107: =MAX(G9:G104) -> 51.96 | H107: =MAX(H9:H104) -> 22.5 | I107: =MAX(I9:I104) -> 4.22 | ... Q107: =MAX(Q9:Q104) -> 9.41
A108: Avg | B108: =AVERAGE(B9:B104) -> 6.0336458 | C108: =AVERAGE(C9:C104) -> 23.614062 | D108: =AVERAGE(D9:D104) -> 35.935521 | E108: =AVERAGE(E9:E104) -> 5.2715625 | F108: =AVERAGE(F9:F104) -> 13.076146 | G108: =AVERAGE(G9:G104) -> 28.848021 | H108: =AVERAGE(H9:H104) -> 13.891354 | I108: =AVERAGE(I9:I104) -> 4.0004167 | ... Q108: =AVERAGE(Q9:Q104) -> 9.2976042
A109: Stdev | B109: =STDEV(B9:B104) -> 1.8788362 | C109: =STDEV(C9:C104) -> 9.8463542 | D109: =STDEV(D9:D104) -> 16.852477 | E109: =STDEV(E9:E104) -> 1.1839491 | F109: =STDEV(F9:F104) -> 8.498926 | G109: =STDEV(G9:G104) -> 10.854669 | H109: =STDEV(H9:H104) -> 3.6042848 | I109: =STDEV(I9:I104) -> 0.09330106 | ... Q109: =STDEV(Q9:Q104) -> 0.039966955
A110: Num | B110: =COUNT(B9:B104) -> 96 | C110: =COUNT(C9:C104) -> 96 | D110: =COUNT(D9:D104) -> 96 | E110: =COUNT(E9:E104) -> 96 | F110: =COUNT(F9:F104) -> 96 | G110: =COUNT(G9:G104) -> 96 | H110: =COUNT(H9:H104) -> 96 | I110: =COUNT(I9:I104) -> 96 | ... Q110: =COUNT(Q9:Q104) -> 96
A111: DCR | B111: =IF(B110>=87,">90%",IF(B110<=87,"<90%")) -> >90% | C111: =IF(C110>=87,">90%",IF(C110<=87,"<90%")) -> >90% | D111: =IF(D110>=87,">90%",IF(D110<=87,"<90%")) -> >90% | E111: =IF(E110>=87,">90%",IF(E110<=87,"<90%")) -> >90% | F111: =IF(F110>=87,">90%",IF(F110<=87,"<90%")) -> >90% | G111: =IF(G110>=87,">90%",IF(G110<=87,"<90%")) -> >90% | H111: =IF(H110>=87,">90%",IF(H110<=87,"<90%")) -> >90% | I111: =IF(I110>=87,">90%",IF(I110<=87,"<90%")) -> >90% | ... Q111: =IF(Q110>=87,">90%",IF(Q110<=87,"<90%")) -> >90%
A112: Status | B112: =IF(B110>=87,"OK",IF(B110<=87,"LESS")) -> OK | C112: =IF(C110>=87,"OK",IF(C110<=87,"LESS")) -> OK | D112: =IF(D110>=87,"OK",IF(D110<=87,"LESS")) -> OK | E112: =IF(E110>=87,"OK",IF(E110<=87,"LESS")) -> OK | F112: =IF(F110>=87,"OK",IF(F110<=87,"LESS")) -> OK | G112: =IF(G110>=87,"OK",IF(G110<=87,"LESS")) -> OK | H112: =IF(H110>=87,"OK",IF(H110<=87,"LESS")) -> OK | I112: =IF(I110>=87,"OK",IF(I110<=87,"LESS")) -> OK | ... Q112: =IF(Q110>=87,"OK",IF(Q110<=87,"LESS")) -> OK
A115: Done by | B115: RK
A117: Comment

Sheet 18
A1: Station: | B1: BHATAGAON RAIPUR
A2: Date: | B2: =$A$9 -> 18/05/2025 00:15 | D2: Power Off | G2: Pw.Off | L2: Link Fail | N2: Link F | P2: Maintenance | R2: Maint.
A3: Report Type: | B3: Mean | D3: Calibration | G3: Calib. | L3: Data Fail | N3: Data F | P3: Invalid | R3: Invalid
A4: Time Base: | B4: 15 Min | D4: Zero Referrence | G4: Z.Ref | L4: Warm Up | N4: Wm. Up
A7: Date & Time | B7: NO_BHATAGAON | C7: NO2__BHATAGAON | D7: NOX_BHATAGAON | E7: SO2__BHATAGAON | F7: O3__BHATAGAON | G7: PM10__BHATAGAON | H7: PM2_5__BHATAGAON | I7: BENZ__BHATAGAON | J7: WS__BHATAGAON | K7: WD__BHATAGAON | L7: TEMP__BHATAGAON | M7: HUM__BHATAGAON | N7: SR__BHATAGAON | O7: RG__BHATAGAON | P7: CO__BHATAGAON | Q7: NH3__BHATAGAON
B8: ug/m3 | C8: ug/m3 | D8: ppb | E8: ug/m3 | F8: ug/m3 | G8: ug/m3 | H8: ug/m3 | I8: ug/m3 | J8: m/sec | K8: deg | L8: degreC | M8: % | N8: w/m2 | O8: mm | P8: mg/m3 | Q8: ug/m3
A9: 18/05/2025 00:15 | B9: 14.89 | C9: 51.77 | D9: 76.23 | E9: 5.91 | F9: 12.31 | G9: 38.88 | H9: 13.76 | I9: 3.79 | J9: 0.4 | K9: 236.62 | L9: 31.85 | M9: 62.72 | N9: 29.6 | O9: 0 | P9: 0.84 | Q9: 9.41
A10: 18/05/2025 00:30 | B10: 11.83 | C10: 47.11 | D10: 72.01 | E10: 5.69 | F10: 11.24 | G10: 40.01 | H10: 14.58 | I10: 3.96 | J10: 0.18 | K10: 267.78 | L10: 31.43 | M10: 66.44 | N10: 29.6 | O10: 0 | P10: 0.91 | Q10: 9.42
A11: 18/05/2025 00:45 | B11: 5.87 | C11: 38.4 | D11: 64.49 | E11: 5.51 | F11: 14.44 | G11: 43.3 | H11: 16.98 | I11: 4.09 | J11: 0.05 | K11: 182.43 | L11: 31.19 | M11: 64.77 | N11: 29.3 | O11: 0 | P11: 0.71 | Q11: 9.44
A12: 18/05/2025 01:00 | B12: 6.11 | C12: 39.69 | D12: 66.6 | E12: 5.77 | F12: 13.67 | G12: 43.3 | H12: 16.98 | I12: 3.92 | J12: 0.32 | K12: 221.56 | L12: 31.4 | M12: 63.23 | N12: 29.2 | O12: 0 | P12: 0.64 | Q12: 9.45
A13: 18/05/2025 01:15 | B13: 8.72 | C13: 29.03 | D13: 42.18 | E13: 5.47 | F13: 8.29 | G13: 43.3 | H13: 16.98 | I13: 4 | J13: 1.25 | K13: 155.5 | L13: 31.49 | M13: 63.42 | N13: 28.7 | O13: 0 | P13: 0.58 | Q13: 9.47
A14: 18/05/2025 01:30 | B14: 6.86 | C14: 21.39 | D14: 30.39 | E14: 5.81 | F14: 17.86 | G14: 43.59 | H14: 16.85 | I14: 4.09 | J14: 0.56 | K14: 137.21 | L14: 31.43 | M14: 62.48 | N14: 29.3 | O14: 0 | P14: 0.46 | Q14: 9.47
A15: 18/05/2025 01:45 | B15: 6.99 | C15: 22.24 | D15: 31.85 | E15: 5.32 | F15: 13.72 | G15: 44.5 | H15: 16.47 | I15: 4.02 | J15: 0.23 | K15: 330.1 | L15: 31.36 | M15: 64.22 | N15: 29.5 | O15: 0 | P15: 0.6 | Q15: 9.43
A16: 18/05/2025 02:00 | B16: 5 | C16: 19.7 | D16: 30.04 | E16: 5.85 | F16: 19.98 | G16: 44.5 | H16: 16.47 | I16: 3.74 | J16: 0.16 | K16: 339.14 | L16: 31.41 | M16: 63.19 | N16: 29.4 | O16: 0 | P16: 0.42 | Q16: 9.42
A17: 18/05/2025 02:15 | B17: 6.8 | C17: 22.51 | D17: 32.64 | E17: 6.06 | F17: 14.55 | G17: 44.5 | H17: 16.47 | I17: 4.09 | J17: 0.42 | K17: 309.74 | L17: 31.25 | M17: 60.49 | N17: 30.3 | O17: 0 | P17: 0.51 | Q17: 9.41
A18: 18/05/2025 02:30 | B18: 6.16 | C18: 20.23 | D18: 29.26 | E18: 6.18 | F18: 6.74 | G18: 44.27 | H18: 16.15 | I18: 3.82 | J18: 0.43 | K18: 276.58 | L18: 29.81 | M18: 62.04 | N18: 31.3 | O18: 0 | P18: 0.57 | Q18: 9.38
A19: 18/05/2025 02:45 | B19: 6.04 | C19: 24.81 | D19: 38.21 | E19: 6.46 | F19: 6.13 | G19: 43.55 | H19: 15.15 | I19: 3.84 | J19: 0.34 | K19: 288.46 | L19: 28.72 | M19: 71.22 | N19: 30.8 | O19: 0 | P19: 0.6 | Q19: 9.38
A20: 18/05/2025 03:00 | B20: 6.36 | C20: 22.04 | D20: 32.41 | E20: 6.47 | F20: 6.44 | G20: 43.55 | H20: 15.15 | I20: 3.94 | J20: 0.25 | K20: 273.17 | L20: 28.17 | M20: 76.05 | N20: 29.9 | O20: 0 | P20: 0.6 | Q20: 9.38
... A104: 18/05/2025 24:00 | B104: 7.26 | C104: 29.07 | D104: 44.49 | E104: 6.38 | F104: 11.76 | G104: 57.03 | H104: 20.05 | I104: 3.98 | J104: 0.81 | K104: 115.84 | L104: 30.29 | M104: 68.11 | N104: 29.3 | O104: 0 | P104: 0.78 | Q104: 9.6
A106: Min | B106: =MIN(B9:B104) -> 4.32 | C106: =MIN(C9:C104) -> 17.49 | D106: =MIN(D9:D104) -> 23.9 | E106: =MIN(E9:E104) -> 3.2 | F106: =MIN(F9:F104) -> 3.14 | G106: =MIN(G9:G104) -> 26.83 | H106: =MIN(H9:H104) -> 11.45 | I106: =MIN(I9:I104) -> 3.74 | ... Q106: =MIN(Q9:Q104) -> 9.25
A107: Max | B107: =MAX(B9:B104) -> 31.95 | C107: =MAX(C9:C104) -> 67.9 | D107: =MAX(D9:D104) -> 91.5 | E107: =MAX(E9:E104) -> 7.81 | F107: =MAX(F9:F104) -> 32.37 | G107: =MAX(G9:G104) -> 68.45 | H107: =MAX(H9:H104) -> 24.83 | I107: =MAX(I9:I104) -> 4.21 | ... Q107: =MAX(Q9:Q104) -> 9.61
A108: Avg | B108: =AVERAGE(B9:B104) -> 8.318125 | C108: =AVERAGE(C9:C104) -> 28.706979 | D108: =AVERAGE(D9:D104) -> 42.177396 | E108: =AVERAGE(E9:E104) -> 5.5078125 | F108: =AVERAGE(F9:F104) -> 14.802083 | G108: =AVERAGE(G9:G104) -> 44.407396 | H108: =AVERAGE(H9:H104) -> 17.052187 | I108: =AVERAGE(I9:I104) -> 3.9886458 | ... Q108: =AVERAGE(Q9:Q104) -> 9.3785417
A109: Stdev | B109: =STDEV(B9:B104) -> 4.236717 | C109: =STDEV(C9:C104) -> 10.481542 | D109: =STDEV(D9:D104) -> 16.109227 | E109: =STDEV(E9:E104) -> 1.1373637 | F109: =STDEV(F9:F104) -> 8.4876629 | G109: =STDEV(G9:G104) -> 9.7953818 | H109: =STDEV(H9:H104) -> 3.6319379 | I109: =STDEV(I9:I104) -> 0.10184219 | ... Q109: =STDEV(Q9:Q104) -> 0.082742202
A110: Num | B110: =COUNT(B9:B104) -> 96 | C110: =COUNT(C9:C104) -> 96 | D110: =COUNT(D9:D104) -> 96 | E110: =COUNT(E9:E104) -> 96 | F110: =COUNT(F9:F104) -> 96 | G110: =COUNT(G9:G104) -> 96 | H110: =COUNT(H9:H104) -> 96 | I110: =COUNT(I9:I104) -> 96 | ... Q110: =COUNT(Q9:Q104) -> 96
A111: DCR | B111: =IF(B110>=87,">90%",IF(B110<=87,"<90%")) -> >90% | C111: =IF(C110>=87,">90%",IF(C110<=87,"<90%")) -> >90% | D111: =IF(D110>=87,">90%",IF(D110<=87,"<90%")) -> >90% | E111: =IF(E110>=87,">90%",IF(E110<=87,"<90%")) -> >90% | F111: =IF(F110>=87,">90%",IF(F110<=87,"<90%")) -> >90% | G111: =IF(G110>=87,">90%",IF(G110<=87,"<90%")) -> >90% | H111: =IF(H110>=87,">90%",IF(H110<=87,"<90%")) -> >90% | I111: =IF(I110>=87,">90%",IF(I110<=87,"<90%")) -> >90% | ... Q111: =IF(Q110>=87,">90%",IF(Q110<=87,"<90%")) -> >90%
A112: Status | B112: =IF(B110>=87,"OK",IF(B110<=87,"LESS")) -> OK | C112: =IF(C110>=87,"OK",IF(C110<=87,"LESS")) -> OK | D112: =IF(D110>=87,"OK",IF(D110<=87,"LESS")) -> OK | E112: =IF(E110>=87,"OK",IF(E110<=87,"LESS")) -> OK | F112: =IF(F110>=87,"OK",IF(F110<=87,"LESS")) -> OK | G112: =IF(G110>=87,"OK",IF(G110<=87,"LESS")) -> OK | H112: =IF(H110>=87,"OK",IF(H110<=87,"LESS")) -> OK | I112: =IF(I110>=87,"OK",IF(I110<=87,"LESS")) -> OK | ... Q112: =IF(Q110>=87,"OK",IF(Q110<=87,"LESS")) -> OK
A115: Done by | B115: RK
A117: Comment

Sheet 19
A1: Station: | B1: BHATAGAON RAIPUR
A2: Date: | B2: =$A$9 -> 19/05/2025 00:15 | D2: Power Off | G2: Pw.Off | L2: Link Fail | N2: Link F | P2: Maintenance | R2: Maint.
A3: Report Type: | B3: Mean | D3: Calibration | G3: Calib. | L3: Data Fail | N3: Data F | P3: Invalid | R3: Invalid
A4: Time Base: | B4: 15 Min | D4: Zero Referrence | G4: Z.Ref | L4: Warm Up | N4: Wm. Up
A7: Date & Time | B7: NO_BHATAGAON | C7: NO2__BHATAGAON | D7: NOX_BHATAGAON | E7: SO2__BHATAGAON | F7: O3__BHATAGAON | G7: PM10__BHATAGAON | H7: PM2_5__BHATAGAON | I7: BENZ__BHATAGAON | J7: WS__BHATAGAON | K7: WD__BHATAGAON | L7: TEMP__BHATAGAON | M7: HUM__BHATAGAON | N7: SR__BHATAGAON | O7: RG__BHATAGAON | P7: CO__BHATAGAON | Q7: NH3__BHATAGAON
B8: ug/m3 | C8: ug/m3 | D8: ppb | E8: ug/m3 | F8: ug/m3 | G8: ug/m3 | H8: ug/m3 | I8: ug/m3 | J8: m/sec | K8: deg | L8: degreC | M8: % | N8: w/m2 | O8: mm | P8: mg/m3 | Q8: ug/m3
A9: 19/05/2025 00:15 | B9: 9.04 | C9: 28.55 | D9: 40.77 | E9: 6.44 | F9: 8.03 | G9: 57.03 | H9: 20.05 | I9: 3.83 | J9: 0.55 | K9: 178.23 | L9: 30.4 | M9: 68.26 | N9: 29.4 | O9: 0 | P9: 0.91 | Q9: 9.57
A10: 19/05/2025 00:30 | B10: 7.31 | C10: 41.23 | D10: 67.7 | E10: 6.72 | F10: 8.39 | G10: 57.99 | H10: 20.13 | I10: 3.99 | J10: 0.22 | K10: 227.55 | L10: 30.36 | M10: 69.11 | N10: 29.7 | O10: 0 | P10: 1.06 | Q10: 9.58
A11: 19/05/2025 00:45 | B11: 10.34 | C11: 34.28 | D11: 49.74 | E11: 7.45 | F11: 7.5 | G11: 60.95 | H11: 20.4 | I11: 4.05 | J11: 0.34 | K11: 256.6 | L11: 30.25 | M11: 73.99 | N11: 29.9 | O11: 0 | P11: 1.03 | Q11: 9.58
A12: 19/05/2025 01:00 | B12: 8.77 | C12: 35.34 | D12: 54.18 | E12: 7.44 | F12: 6.78 | G12: 60.95 | H12: 20.4 | I12: 4.21 | J12: 0.43 | K12: 98.24 | L12: 29.97 | M12: 74.42 | N12: 29.5 | O12: 0 | P12: 1.17 | Q12: 9.58
A13: 19/05/2025 01:15 | B13: 5.5 | C13: 37.97 | D13: 64.23 | E13: 7.53 | F13: 6.58 | G13: 60.95 | H13: 20.4 | I13: 4.14 | J13: 0.51 | K13: 108.51 | L13: 30.17 | M13: 73.02 | N13: 29.2 | O13: 0 | P13: 1.07 | Q13: 9.6
A14: 19/05/2025 01:30 | B14: 10.39 | C14: 41.88 | D14: 64.22 | E14: 7.76 | F14: 7.54 | G14: 62.75 | H14: 21.18 | I14: 3.98 | J14: 0.12 | K14: 118.96 | L14: 30.13 | M14: 74.28 | N14: 29.5 | O14: 0 | P14: 1.16 | Q14: 9.58
A15: 19/05/2025 01:45 | B15: 9.3 | C15: 37.67 | D15: 57.84 | E15: 8.84 | F15: 9.27 | G15: 68.31 | H15: 23.58 | I15: 3.94 | J15: 1.32 | K15: 112.22 | L15: 30.17 | M15: 76.48 | N15: 29.1 | O15: 0 | P15: 0.96 | Q15: 9.57
A16: 19/05/2025 02:00 | B16: 8.27 | C16: 28.52 | D16: 41.9 | E16: 9.87 | F16: 14.7 | G16: 68.31 | H16: 23.58 | I16: 4 | J16: 1.35 | K16: 105.18 | L16: 30.02 | M16: 79.16 | N16: 29.5 | O16: 0 | P16: 0.76 | Q16: 9.57
A17: 19/05/2025 02:15 | B17: 6.72 | C17: 25.14 | D17: 37.8 | E17: 7.59 | F17: 15.87 | G17: 68.31 | H17: 23.58 | I17: 3.97 | J17: 0.96 | K17: 99.28 | L17: 30.03 | M17: 78.91 | N17: 29.4 | O17: 0 | P17: 0.56 | Q17: 9.57
A18: 19/05/2025 02:30 | B18: 7.02 | C18: 23.35 | D18: 33.91 | E18: 7.61 | F18: 16.11 | G18: 67.65 | H18: 23.31 | I18: 4.06 | J18: 1.29 | K18: 106.82 | L18: 30.01 | M18: 77.69 | N18: 29.4 | O18: 0 | P18: 0.53 | Q18: 9.56
A19: 19/05/2025 02:45 | B19: 7.07 | C19: 21.32 | D19: 29.95 | E19: 7.15 | F19: 14.67 | G19: 65.61 | H19: 22.54 | I19: 3.88 | J19: 1.3 | K19: 103.4 | L19: 29.86 | M19: 75.5 | N19: 29.5 | O19: 0 | P19: 0.52 | Q19: 9.54
A20: 19/05/2025 03:00 | B20: 7.22 | C20: 20.03 | D20: 27.26 | E20: 7.56 | F20: 13.96 | G20: 65.61 | H20: 22.54 | I20: 3.87 | J20: 1.31 | K20: 105.78 | L20: 29.78 | M20: 73.47 | N20: 29.5 | O20: 0 | P20: 0.42 | Q20: 9.52
... A59: 19/05/2025 12:45 | B59: 8.34 | C59: 24.72 | D59: 34.52 | E59: 5.59 | F59: 28.56 | G59: 17.17 | H59: 11.13 | I59: 4.2 | J59: 0.4 | K59: 210.27 | L59: 33.55 | M59: 39.13 | N59: 858.2 | O59: 0 | P59: 0.47 | Q59: 9.19
A60: 19/05/2025 13:00 | B60: 5.88 | C60: 17.58 | D60: 24.63 | E60: 5.97 | F60: 30.03 | G60: Calib. | H60: Calib. | I60: 4.02 | J60: 0.47 | K60: 187.74 | L60: 27.94 | M60: 37.7 | N60: 795.7 | O60: 0 | P60: 0.28 | Q60: 9.21
A61: 19/05/2025 13:15 | B61: 7.9 | C61: 23.63 | D61: 33.1 | E61: 5.91 | F61: 29.7 | G61: Calib. | H61: Calib. | I61: 3.99 | J61: 0.21 | K61: 181.42 | L61: 26.75 | M61: 35.71 | N61: 599.8 | O61: 0 | P61: 0.38 | Q61: 9.22
A62: 19/05/2025 13:30 | B62: 5.52 | C62: 16.48 | D62: 23.06 | E62: 5.89 | F62: 31.98 | G62: Calib. | H62: Calib. | I62: 3.92 | J62: 0.91 | K62: 105.26 | L62: 31.14 | M62: 39.89 | N62: 454.3 | O62: 0 | P62: 0.3 | Q62: 9.23
A63: 19/05/2025 13:45 | B63: 4.46 | C63: 14.84 | D63: 21.55 | E63: 6.74 | F63: 32.37 | G63: Calib. | H63: Calib. | I63: 3.98 | J63: 0.55 | K63: 125.57 | L63: 35.19 | M63: 39.75 | N63: 420.2 | O63: 0 | P63: 0.32 | Q63: 9.23
A64: 19/05/2025 14:00 | B64: 5.17 | C64: 16.91 | D64: 24.42 | E64: 5.58 | F64: 30.44 | G64: 2.81 | H64: 0.82 | I64: 3.99 | J64: 0.74 | K64: 201.27 | L64: 36.15 | M64: 38.76 | N64: 372.4 | O64: 0 | P64: 0.36 | Q64: 9.21
A65: 19/05/2025 14:15 | B65: 6.54 | C65: 19.15 | D65: 26.61 | E65: 6.08 | F65: 33.29 | G65: 26.88 | H65: 10.58 | I65: 3.87 | J65: 0.3 | K65: 175.9 | L65: 36.45 | M65: 38.43 | N65: 344.5 | O65: 0 | P65: 0.44 | Q65: 9.21
A66: 19/05/2025 14:30 | B66: 4.12 | C66: 18.14 | D66: 28.39 | E66: 6.56 | F66: 33.96 | G66: 26.88 | H66: 10.58 | I66: 3.95 | J66: 0.94 | K66: 171 | L66: 35.38 | M66: 42.99 | N66: 244.2 | O66: 0 | P66: 0.36 | Q66: 9.22
A67: 19/05/2025 14:45 | B67: 4.14 | C67: 18.61 | D67: 29.27 | E67: 6.63 | F67: 34.07 | G67: 26.88 | H67: 10.58 | I67: 4.03 | J67: 0.82 | K67: 151.03 | L67: 35.43 | M67: 44.53 | N67: 271.1 | O67: 0 | P67: 0.31 | Q67: 9.22
A68: 19/05/2025 15:00 | B68: 4.43 | C68: 18.59 | D68: 28.79 | E68: 6.54 | F68: 34.65 | G68: 27.09 | H68: 10.67 | I68: 3.9 | J68: 0.83 | K68: 169.05 | L68: 35.83 | M68: 44.45 | N68: 218.4 | O68: 0 | P68: 0.33 | Q68: 9.23
A69: 19/05/2025 15:15 | B69: 3.81 | C69: 14.82 | D69: 22.52 | E69: 6.82 | F69: 37 | G69: 28.85 | H69: 11.75 | I69: 4.02 | J69: 1.03 | K69: 160.41 | L69: 37.61 | M69: 40.78 | N69: 254.8 | O69: 0 | P69: 0.3 | Q69: 9.23
A70: 19/05/2025 15:30 | B70: 4.02 | C70: 15.99 | D70: 24.44 | E70: 6.19 | F70: 32.83 | G70: 28.85 | H70: 11.75 | I70: 4.03 | J70: 0.32 | K70: 173.74 | L70: 36.31 | M70: 38.72 | N70: 338.8 | O70: 0 | P70: 0.33 | Q70: 9.22
A71: 19/05/2025 15:45 | B71: 3.34 | C71: 12.58 | D71: 18.95 | E71: 5.98 | F71: 31.38 | G71: 28.85 | H71: 11.75 | I71: 4.04 | J71: 0.88 | K71: 154.48 | L71: 36.22 | M71: 38.86 | N71: 366.7 | O71: 0 | P71: 0.31 | Q71: 9.18
A72: 19/05/2025 16:00 | B72: 3.77 | C72: 16.58 | D72: 25.94 | E72: 4.93 | F72: 24.95 | G72: 29.51 | H72: 11.8 | I72: 4.1 | J72: 0.48 | K72: 199.72 | L72: 36.67 | M72: 38.01 | N72: 158.1 | O72: 0 | P72: 0.33 | Q72: 9.15
A73: 19/05/2025 16:15 | B73: 4.45 | C73: 17.22 | D73: 26.13 | E73: 5.47 | F73: 31.47 | G73: 36.19 | H73: 12.33 | I73: 3.89 | J73: 0.91 | K73: 139.07 | L73: 36.7 | M73: 38.08 | N73: 265.7 | O73: 0 | P73: 0.28 | Q73: 9.13
A74: 19/05/2025 16:30 | B74: 4.15 | C74: 18.69 | D74: 29.41 | E74: 4.75 | F74: 23.82 | G74: 36.19 | H74: 12.33 | I74: 3.94 | J74: 0.89 | K74: 169.74 | L74: 37.09 | M74: 36.85 | N74: 153.2 | O74: 0 | P74: 0.27 | Q74: 9.11
A75: 19/05/2025 16:45 | B75: 4.14 | C75: 17.35 | D75: 26.84 | E75: 5.87 | F75: 29.95 | G75: 36.19 | H75: 12.33 | I75: 4.02 | J75: 0.54 | K75: 167.65 | L75: 38.18 | M75: 34.64 | N75: 118.4 | O75: 0 | P75: 0.24 | Q75: 9.11
... A104: 19/05/2025 24:00 | B104: 6.42 | C104: 17.7 | D104: 24.01 | E104: 5.32 | F104: 17.18 | G104: 46.2 | H104: 12.61 | I104: 3.81 | J104: 0.22 | K104: 213.09 | L104: 31.15 | M104: 59.52 | N104: 29.1 | O104: 0 | P104: 0.28 | Q104: 9.47
A106: Min | B106: =MIN(B9:B104) -> 3.34 | C106: =MIN(C9:C104) -> 12.58 | D106: =MIN(D9:D104) -> 18.33 | E106: =MIN(E9:E104) -> 3.87 | F106: =MIN(F9:F104) -> 5.41 | G106: =MIN(G9:G104) -> 2.81 | H106: =MIN(H9:H104) -> 0.82 | I106: =MIN(I9:I104) -> 3.78 | ... Q106: =MIN(Q9:Q104) -> 9.11
A107: Max | B107: =MAX(B9:B104) -> 21.78 | C107: =MAX(C9:C104) -> 54.81 | D107: =MAX(D9:D104) -> 83.46 | E107: =MAX(E9:E104) -> 9.87 | F107: =MAX(F9:F104) -> 37 | G107: =MAX(G9:G104) -> 68.31 | H107: =MAX(H9:H104) -> 23.58 | I107: =MAX(I9:I104) -> 4.22 | ... Q107: =MAX(Q9:Q104) -> 9.6
A108: Avg | B108: =AVERAGE(B9:B104) -> 7.4498958 | C108: =AVERAGE(C9:C104) -> 25.166042 | D108: =AVERAGE(D9:D104) -> 36.733021 | E108: =AVERAGE(E9:E104) -> 5.7854167 | F108: =AVERAGE(F9:F104) -> 15.628646 | G108: =AVERAGE(G9:G104) -> 38.121739 | H108: =AVERAGE(H9:H104) -> 13.949565 | I108: =AVERAGE(I9:I104) -> 4.0073958 | ... Q108: =AVERAGE(Q9:Q104) -> 9.3504167
A109: Stdev | B109: =STDEV(B9:B104) -> 2.8608812 | C109: =STDEV(C9:C104) -> 9.5531729 | D109: =STDEV(D9:D104) -> 15.793266 | E109: =STDEV(E9:E104) -> 1.0399776 | F109: =STDEV(F9:F104) -> 8.8536157 | G109: =STDEV(G9:G104) -> 14.811873 | H109: =STDEV(H9:H104) -> 4.4265396 | I109: =STDEV(I9:I104) -> 0.098057392 | ... Q109: =STDEV(Q9:Q104) -> 0.14208164
A110: Num | B110: =COUNT(B9:B104) -> 96 | C110: =COUNT(C9:C104) -> 96 | D110: =COUNT(D9:D104) -> 96 | E110: =COUNT(E9:E104) -> 96 | F110: =COUNT(F9:F104) -> 96 | G110: =COUNT(G9:G104)+4 -> 96 | H110: =COUNT(H9:H104)+4 -> 96 | I110: =COUNT(I9:I104) -> 96 | J110: =COUNT(J9:J104) -> 96 | K110: =COUNT(K9:K104) -> 96 | L110: =COUNT(L9:L104) -> 96 | M110: =COUNT(M9:M104) -> 96 | N110: =COUNT(N9:N104) -> 96 | O110: =COUNT(O9:O104) -> 96 | P110: =COUNT(P9:P104) -> 96 | Q110: =COUNT(Q9:Q104) -> 96
A111: DCR | B111: =IF(B110>=87,">90%",IF(B110<=87,"<90%")) -> >90% | C111: =IF(C110>=87,">90%",IF(C110<=87,"<90%")) -> >90% | D111: =IF(D110>=87,">90%",IF(D110<=87,"<90%")) -> >90% | E111: =IF(E110>=87,">90%",IF(E110<=87,"<90%")) -> >90% | F111: =IF(F110>=87,">90%",IF(F110<=87,"<90%")) -> >90% | G111: =IF(G110>=87,">90%",IF(G110<=87,"<90%")) -> >90% | H111: =IF(H110>=87,">90%",IF(H110<=87,"<90%")) -> >90% | I111: =IF(I110>=87,">90%",IF(I110<=87,"<90%")) -> >90% | ... Q111: =IF(Q110>=87,">90%",IF(Q110<=87,"<90%")) -> >90%
A112: Status | B112: =IF(B110>=87,"OK",IF(B110<=87,"LESS")) -> OK | C112: =IF(C110>=87,"OK",IF(C110<=87,"LESS")) -> OK | D112: =IF(D110>=87,"OK",IF(D110<=87,"LESS")) -> OK | E112: =IF(E110>=87,"OK",IF(E110<=87,"LESS")) -> OK | F112: =IF(F110>=87,"OK",IF(F110<=87,"LESS")) -> OK | G112: =IF(G110>=87,"OK",IF(G110<=87,"LESS")) -> OK | H112: =IF(H110>=87,"OK",IF(H110<=87,"LESS")) -> OK | I112: =IF(I110>=87,"OK",IF(I110<=87,"LESS")) -> OK | ... Q112: =IF(Q110>=87,"OK",IF(Q110<=87,"LESS")) -> OK
A115: Done by | B115: RK
A117: Comment

Sheet 20
A1: Station: | B1: BHATAGAON RAIPUR
A2: Date: | B2: =$A$9 -> 20/05/2025 00:15 | D2: Power Off | G2: Pw.Off | L2: Link Fail | N2: Link F | P2: Maintenance | R2: Maint.
A3: Report Type: | B3: Mean | D3: Calibration | G3: Calib. | L3: Data Fail | N3: Data F | P3: Invalid | R3: Invalid
A4: Time Base: | B4: 15 Min | D4: Zero Referrence | G4: Z.Ref | L4: Warm Up | N4: Wm. Up
A7: Date & Time | B7: NO_BHATAGAON | C7: NO2__BHATAGAON | D7: NOX_BHATAGAON | E7: SO2__BHATAGAON | F7: O3__BHATAGAON | G7: PM10__BHATAGAON | H7: PM2_5__BHATAGAON | I7: BENZ__BHATAGAON | J7: WS__BHATAGAON | K7: WD__BHATAGAON | L7: TEMP__BHATAGAON | M7: HUM__BHATAGAON | N7: SR__BHATAGAON | O7: RG__BHATAGAON | P7: CO__BHATAGAON | Q7: NH3__BHATAGAON
B8: ug/m3 | C8: ug/m3 | D8: ppb | E8: ug/m3 | F8: ug/m3 | G8: ug/m3 | H8: ug/m3 | I8: ug/m3 | J8: m/sec | K8: deg | L8: degreC | M8: % | N8: w/m2 | O8: mm | P8: mg/m3 | Q8: ug/m3
A9: 20/05/2025 00:15 | B9: 7.41 | C9: 19.25 | D9: 25.47 | E9: 5.66 | F9: 11.42 | G9: 33.84 | H9: 11.27 | I9: 3.89 | J9: 0.39 | K9: 132.99 | L9: 31.27 | M9: 57.67 | N9: 29.1 | O9: 0 | P9: 0.31 | Q9: 9.44
A10: 20/05/2025 00:30 | B10: 6.98 | C10: 17.71 | D10: 23.18 | E10: 5.21 | F10: 12.11 | G10: 33.84 | H10: 11.27 | I10: 3.99 | J10: 0.42 | K10: 110.46 | L10: 30.87 | M10: 58.54 | N10: 29.9 | O10: 0 | P10: 0.31 | Q10: 9.4
A11: 20/05/2025 00:45 | B11: 6.69 | C11: 16.6 | D11: 21.51 | E11: 5.07 | F11: 12.87 | G11: 33.84 | H11: 11.27 | I11: 4.03 | J11: 0.48 | K11: 115.47 | L11: 30.76 | M11: 59.16 | N11: 29.5 | O11: 0 | P11: 0.3 | Q11: 9.37
A12: 20/05/2025 01:00 | B12: 5.67 | C12: 15.04 | D12: 20.08 | E12: 5.51 | F12: 15.72 | G12: 33.31 | H12: 11.05 | I12: 3.99 | J12: 0.22 | K12: 176.49 | L12: 30.89 | M12: 58.76 | N12: 29.1 | O12: 0 | P12: 0.23 | Q12: 9.35
A13: 20/05/2025 01:15 | B13: 5.14 | C13: 15.46 | D13: 21.69 | E13: 5.46 | F13: 16.01 | G13: 27.87 | H13: 8.46 | I13: 4.15 | J13: 0.19 | K13: 193.66 | L13: 31.15 | M13: 57.93 | N13: 29.1 | O13: 0 | P13: 0.22 | Q13: 9.33
A14: 20/05/2025 01:30 | B14: 4.92 | C14: 15.08 | D14: 21.32 | E14: 5.3 | F14: 14.42 | G14: 27.87 | H14: 8.46 | I14: 3.9 | J14: 0.69 | K14: 113.17 | L14: 31.22 | M14: 59.76 | N14: 29.1 | O14: 0 | P14: 0.21 | Q14: 9.32
A15: 20/05/2025 01:45 | B15: 5.32 | C15: 14.85 | D15: 20.24 | E15: 5.38 | F15: 8.17 | G15: 27.87 | H15: 8.46 | I15: 4 | J15: 0.95 | K15: 108.45 | L15: 31.14 | M15: 58.97 | N15: 29.4 | O15: 0 | P15: 0.3 | Q15: 9.31
A16: 20/05/2025 02:00 | B16: 4.94 | C16: 14.25 | D16: 19.7 | E16: 5.39 | F16: 14.58 | G16: 27.38 | H16: 8.27 | I16: 3.91 | J16: 0.79 | K16: 102.88 | L16: 31.1 | M16: 58.72 | N16: 29.5 | O16: 0 | P16: 0.19 | Q16: 9.3
A17: 20/05/2025 02:15 | B17: 4.4 | C17: 13.3 | D17: 18.7 | E17: 5.37 | F17: 15.41 | G17: 21.53 | H17: 6.05 | I17: 3.99 | J17: 1.09 | K17: 113.55 | L17: 31.2 | M17: 58.78 | N17: 29 | O17: 0 | P17: 0.16 | Q17: 9.3
A18: 20/05/2025 02:30 | B18: 4.56 | C18: 13.75 | D18: 19.32 | E18: 5.34 | F18: 6.74 | G18: 21.53 | H18: 6.05 | I18: 4 | J18: 1.52 | K18: 107.2 | L18: 31.31 | M18: 57.69 | N18: 28.9 | O18: 0 | P18: 0.23 | Q18: 9.28
A19: 20/05/2025 02:45 | B19: 4.89 | C19: 14.96 | D19: 21.12 | E19: 5.06 | F19: 5.88 | G19: 21.53 | H19: 6.05 | I19: 3.92 | J19: 0.91 | K19: 87.69 | L19: 31.29 | M19: 56.94 | N19: 29.3 | O19: 0 | P19: 0.25 | Q19: 9.26
A20: 20/05/2025 03:00 | B20: 4.69 | C20: 16.35 | D20: 24.08 | E20: 5.13 | F20: 8.01 | G20: 21.21 | H20: 6.05 | I20: 3.9 | J20: 0.93 | K20: 94.57 | L20: 31.05 | M20: 56.5 | N20: 29.5 | O20: 0 | P20: 0.2 | Q20: 9.26
... A51: 20/05/2025 10:45 | B51: 4.76 | C51: 17.69 | D51: 26.55 | E51: 5.45 | F51: 12.9 | G51: 2.67 | H51: 11.04 | I51: 4.07 | J51: 1.19 | K51: 164.7 | L51: 34.86 | M51: 50.21 | N51: 843.5 | O51: 0 | P51: 0.31 | Q51: 9.22
A52: 20/05/2025 11:00 | B52: 4.6 | C52: 18.26 | D52: 27.89 | E52: 5.57 | F52: 15.85 | G52: Calib. | H52: Calib. | I52: 4.04 | J52: 1.29 | K52: 152.78 | L52: 33.48 | M52: 48.98 | N52: 849.7 | O52: 0 | P52: 0.3 | Q52: 9.2
A53: 20/05/2025 11:15 | B53: 4.3 | C53: 17.32 | D53: 26.54 | E53: 5.66 | F53: 12.32 | G53: Calib. | H53: Calib. | I53: 4 | J53: 0.68 | K53: 184.64 | L53: 31.16 | M53: 46.22 | N53: 864.5 | O53: 0 | P53: 0.28 | Q53: 9.18
A54: 20/05/2025 11:30 | B54: 4.65 | C54: 19.01 | D54: 29.25 | E54: 5.67 | F54: 18.08 | G54: Calib. | H54: Calib. | I54: 3.98 | J54: 1.07 | K54: 154.43 | L54: 29.77 | M54: 45.87 | N54: 877.2 | O54: 0 | P54: 0.28 | Q54: 9.19
A55: 20/05/2025 11:45 | B55: 3.96 | C55: 17.19 | D55: 26.82 | E55: 4.98 | F55: 18.84 | G55: 38.9 | H55: 105.14 | I55: 3.96 | J55: 0.77 | K55: 157.2 | L55: 28.05 | M55: 43.72 | N55: 889.7 | O55: 0 | P55: 0.26 | Q55: 9.19
A56: 20/05/2025 12:00 | B56: 4.88 | C56: 17.9 | D56: 26.76 | E56: 5.53 | F56: 20.18 | G56: 38.9 | H56: 112.65 | I56: 4.05 | J56: 0.84 | K56: 172.39 | L56: 28.92 | M56: 40.94 | N56: 873.1 | O56: 0 | P56: 0.29 | Q56: 9.19
A57: 20/05/2025 12:15 | B57: 4.11 | C57: 16.68 | D57: 25.62 | E57: 5.14 | F57: 18.27 | G57: 38.9 | H57: 112.65 | I57: 3.99 | J57: 0.96 | K57: 164.26 | L57: 30 | M57: 38.96 | N57: 890.3 | O57: 0 | P57: 0.26 | Q57: 9.18
A58: 20/05/2025 12:30 | B58: 4.26 | C58: 15.94 | D58: 23.97 | E58: 5.16 | F58: 29.9 | G58: 38.9 | H58: 112.65 | I58: 3.92 | J58: 0.51 | K58: 131.67 | L58: -47.83 | M58: -19.54 | N58: 866.3 | O58: 0 | P58: 0.22 | Q58: 9.18
A59: 20/05/2025 12:45 | B59: 4.35 | C59: 17.37 | D59: 26.56 | E59: 5.44 | F59: 24.59 | G59: 33.92 | H59: 12.25 | I59: 4.03 | J59: 1.18 | K59: 121.99 | L59: -54.98 | M59: -24.98 | N59: 852.9 | O59: 0 | P59: 0.24 | Q59: 9.18
A60: 20/05/2025 13:00 | B60: 5.19 | C60: 19.94 | D60: 30.19 | E60: 5.48 | F60: 19.19 | G60: 33.92 | H60: 12.25 | I60: 3.95 | J60: 1.95 | K60: 155.31 | L60: -31.26 | M60: -5.55 | N60: 817.9 | O60: 0 | P60: 0.28 | Q60: 9.18
A61: 20/05/2025 13:15 | B61: 4.09 | C61: 15.44 | D61: 23.26 | E61: 5.3 | F61: 18.33 | G61: 33.92 | H61: 12.25 | I61: 3.94 | J61: 1.28 | K61: 150.6 | L61: 15.45 | M61: 28.73 | N61: 676.8 | O61: 0 | P61: 0.3 | Q61: 9.18
A62: 20/05/2025 13:30 | B62: 4.62 | C62: 17.18 | D62: 25.79 | E62: 5.46 | F62: 21.89 | G62: 33.92 | H62: 12.25 | I62: 4.17 | J62: 0.49 | K62: 137.61 | L62: 37.95 | M62: 41.65 | N62: 425.1 | O62: 0 | P62: 0.32 | Q62: 9.19
A63: 20/05/2025 13:45 | B63: 7.52 | C63: 23.45 | D63: 33.35 | E63: 5.69 | F63: 28.65 | G63: 29.34 | H63: 20.11 | I63: 3.85 | J63: 0.64 | K63: 128.22 | L63: 37.11 | M63: 40.55 | N63: 490.1 | O63: 0 | P63: 0.42 | Q63: Data F
A64: 20/05/2025 14:00 | B64: Pw.Off | C64: Pw.Off | D64: Pw.Off | E64: Pw.Off | F64: Pw.Off | G64: Pw.Off | H64: Pw.Off | I64: Pw.Off | J64: Pw.Off | K64: Pw.Off | L64: Pw.Off | M64: Pw.Off | N64: Pw.Off | O64: Pw.Off | P64: Pw.Off | Q64: Pw.Off
A65: 20/05/2025 14:15 | B65: Pw.Off | C65: Pw.Off | D65: Pw.Off | E65: Pw.Off | F65: Pw.Off | G65: Pw.Off | H65: Pw.Off | I65: Pw.Off | J65: Pw.Off | K65: Pw.Off | L65: Pw.Off | M65: Pw.Off | N65: Pw.Off | O65: Pw.Off | P65: Pw.Off | Q65: Pw.Off
A66: 20/05/2025 14:30 | B66: Pw.Off | C66: Pw.Off | D66: Pw.Off | E66: Pw.Off | F66: Pw.Off | G66: Pw.Off | H66: Pw.Off | I66: Pw.Off | J66: Pw.Off | K66: Pw.Off | L66: Pw.Off | M66: Pw.Off | N66: Pw.Off | O66: Pw.Off | P66: Pw.Off | Q66: Pw.Off
A67: 20/05/2025 14:45 | B67: 9.04 | C67: 27.55 | D67: 38.86 | E67: 6.13 | F67: 29.66 | G67: 41.56 | H67: 21.81 | I67: 4.18 | J67: 0.54 | K67: 241.18 | L67: 43.68 | M67: 33.51 | N67: 272 | O67: 0 | P67: 0.54 | Q67: Wm. Up
A68: 20/05/2025 15:00 | B68: 6.51 | C68: 22.27 | D68: 32.63 | E68: 6.13 | F68: 26.03 | G68: 41.56 | H68: 21.81 | I68: 3.97 | J68: 0.46 | K68: 226.48 | L68: 44.43 | M68: 33.41 | N68: 240.6 | O68: 0 | P68: 0.43 | Q68: 9.21
A69: 20/05/2025 15:15 | B69: 8.96 | C69: 29.86 | D69: 43.41 | E69: 5.92 | F69: 27.9 | G69: 41.56 | H69: 21.81 | I69: 3.99 | J69: 0.41 | K69: 224.65 | L69: 44.27 | M69: 32.82 | N69: 252.3 | O69: 0 | P69: 0.44 | Q69: 9.22
A70: 20/05/2025 15:30 | B70: 4.82 | C70: 19.91 | D70: 30.72 | E70: 6.1 | F70: 21.95 | G70: 41.56 | H70: 21.81 | I70: 3.84 | J70: 0.63 | K70: 175.74 | L70: 44.39 | M70: 33.39 | N70: 346.3 | O70: 0 | P70: 0.42 | Q70: 9.21
A71: 20/05/2025 15:45 | B71: 4.78 | C71: 21.27 | D71: 33.37 | E71: 5.79 | F71: 31.26 | G71: 27.52 | H71: 16.81 | I71: 3.89 | J71: 0.43 | K71: 132.86 | L71: 41.56 | M71: 34.61 | N71: 368.7 | O71: 0 | P71: 0.38 | Q71: 9.22
A72: 20/05/2025 16:00 | B72: 3.8 | C72: 15.71 | D72: 24.23 | E72: 5.55 | F72: 30.72 | G72: 27.52 | H72: 16.46 | I72: 3.97 | J72: 1.08 | K72: 105.25 | L72: 40.66 | M72: 34.63 | N72: 230.4 | O72: 0 | P72: 0.33 | Q72: 9.21
A73: 20/05/2025 16:15 | B73: 4.27 | C73: 16.71 | D73: 25.44 | E73: 5.61 | F73: 17.08 | G73: 27.52 | H73: 16.46 | I73: 3.94 | J73: 1.63 | K73: 99.5 | L73: 41.09 | M73: 36.79 | N73: 152.7 | O73: 0 | P73: 0.33 | Q73: 9.23
A74: 20/05/2025 16:30 | B74: 4.23 | C74: 17.24 | D74: 26.51 | E74: 4.32 | F74: 19.85 | G74: 27.52 | H74: 16.46 | I74: 4.16 | J74: 2 | K74: 106.81 | L74: 38.88 | M74: 39.92 | N74: 80.7 | O74: 0 | P74: 0.33 | Q74: 9.21
A75: 20/05/2025 16:45 | B75: 5.18 | C75: 17.27 | D75: 25.09 | E75: 3.7 | F75: 15.68 | G75: 40.83 | H75: 4.32 | I75: 3.97 | J75: 1.19 | K75: 106.62 | L75: 38.08 | M75: 42.31 | N75: 62.6 | O75: 0 | P75: 0.3 | Q75: 9.18
A76: 20/05/2025 17:00 | B76: 5.91 | C76: 21.11 | D76: 31.33 | E76: 4.29 | F76: 14.33 | G76: 40.83 | H76: 3.29 | I76: 4.04 | J76: 0.31 | K76: 240.72 | L76: 37.01 | M76: 45.31 | N76: 53.5 | O76: 0 | P76: 0.4 | Q76: 9.17
A77: 20/05/2025 17:15 | B77: 9.14 | C77: 25.97 | D77: 35.67 | E77: 4.54 | F77: 11.05 | G77: 40.83 | H77: 3.29 | I77: 4.19 | J77: 0.68 | K77: 219.32 | L77: 37.89 | M77: 41.45 | N77: 60.4 | O77: 0 | P77: 0.44 | Q77: 9.19
A78: 20/05/2025 17:30 | B78: 5.02 | C78: 22.54 | D78: 35.44 | E78: 4.69 | F78: 16.97 | G78: 40.83 | H78: 3.29 | I78: 3.99 | J78: 0.52 | K78: 190.97 | L78: 37.05 | M78: 49.03 | N78: 62.7 | O78: 0 | P78: 0.41 | Q78: 9.23
A79: 20/05/2025 17:45 | B79: 6.62 | C79: 30.95 | D79: 49.07 | E79: 4.56 | F79: 18.25 | G79: 39.21 | H79: 14.43 | I79: 4.06 | J79: 0.23 | K79: 205.72 | L79: 37.24 | M79: 50.52 | N79: 51.4 | O79: 0 | P79: 0.65 | Q79: 9.24
... A104: 20/05/2025 24:00 | B104: 7.87 | C104: 26.37 | D104: 38.39 | E104: 8.25 | F104: 9.59 | G104: 61.19 | H104: 32.69 | I104: 4.16 | J104: 0.48 | K104: 122.96 | L104: 34.97 | M104: 58.36 | N104: 39.6 | O104: 0 | P104: 0.61 | Q104: 9.56
A106: Min | B106: =MIN(B9:B104) -> 3.8 | C106: =MIN(C9:C104) -> 13.3 | D106: =MIN(D9:D104) -> 18.7 | E106: =MIN(E9:E104) -> 3.7 | F106: =MIN(F9:F104) -> 3.64 | G106: =MIN(G9:G104) -> 2.67 | H106: =MIN(H9:H104) -> 3.29 | I106: =MIN(I9:I104) -> 3.79 | ... Q106: =MIN(Q9:Q104) -> 9.17
A107: Max | B107: =MAX(B9:B104) -> 28.55 | C107: =MAX(C9:C104) -> 59.37 | D107: =MAX(D9:D104) -> 79.51 | E107: =MAX(E9:E104) -> 25.65 | F107: =MAX(F9:F104) -> 31.26 | G107: =MAX(G9:G104) -> 76.45 | H107: =MAX(H9:H104) -> 140.33 | I107: =MAX(I9:I104) -> 4.28 | ... Q107: =MAX(Q9:Q104) -> 9.61
A108: Avg | B108: =AVERAGE(B9:B104) -> 8.8526882 | C108: =AVERAGE(C9:C104) -> 25.811505 | D108: =AVERAGE(D9:D104) -> 35.815161 | E108: =AVERAGE(E9:E104) -> 7.5247312 | F108: =AVERAGE(F9:F104) -> 13.351828 | G108: =AVERAGE(G9:G104) -> 40.521222 | H108: =AVERAGE(H9:H104) -> 20.664667 | I108: =AVERAGE(I9:I104) -> 4.0056989 | ... Q108: =AVERAGE(Q9:Q104) -> 9.3438462
A109: Stdev | B109: =STDEV(B9:B104) -> 5.0778882 | C109: =STDEV(C9:C104) -> 10.870556 | D109: =STDEV(D9:D104) -> 14.385376 | E109: =STDEV(E9:E104) -> 4.1852358 | F109: =STDEV(F9:F104) -> 6.6485533 | G109: =STDEV(G9:G104) -> 15.235117 | H109: =STDEV(H9:H104) -> 27.700919 | I109: =STDEV(I9:I104) -> 0.095021712 | ... Q109: =STDEV(Q9:Q104) -> 0.13562013
A110: Num | B110: =COUNT(B9:B104)+3 -> 96 | C110: =COUNT(C9:C104)+3 -> 96 | D110: =COUNT(D9:D104)+3 -> 96 | E110: =COUNT(E9:E104)+3 -> 96 | F110: =COUNT(F9:F104)+3 -> 96 | G110: =COUNT(G9:G104)+6 -> 96 | H110: =COUNT(H9:H104)+6 -> 96 | I110: =COUNT(I9:I104)+3 -> 96 | J110: =COUNT(J9:J104)+3 -> 96 | K110: =COUNT(K9:K104)+3 -> 96 | L110: =COUNT(L9:L104)+3 -> 96 | M110: =COUNT(M9:M104)+3 -> 96 | N110: =COUNT(N9:N104)+3 -> 96 | O110: =COUNT(O9:O104)+3 -> 96 | P110: =COUNT(P9:P104)+3 -> 96 | Q110: =COUNT(Q9:Q104)+5 -> 96
A111: DCR | B111: =IF(B110>=87,">90%",IF(B110<=87,"<90%")) -> >90% | C111: =IF(C110>=87,">90%",IF(C110<=87,"<90%")) -> >90% | D111: =IF(D110>=87,">90%",IF(D110<=87,"<90%")) -> >90% | E111: =IF(E110>=87,">90%",IF(E110<=87,"<90%")) -> >90% | F111: =IF(F110>=87,">90%",IF(F110<=87,"<90%")) -> >90% | G111: =IF(G110>=87,">90%",IF(G110<=87,"<90%")) -> >90% | H111: =IF(H110>=87,">90%",IF(H110<=87,"<90%")) -> >90% | I111: =IF(I110>=87,">90%",IF(I110<=87,"<90%")) -> >90% | ... Q111: =IF(Q110>=87,">90%",IF(Q110<=87,"<90%")) -> >90%
A112: Status | B112: =IF(B110>=87,"OK",IF(B110<=87,"LESS")) -> OK | C112: =IF(C110>=87,"OK",IF(C110<=87,"LESS")) -> OK | D112: =IF(D110>=87,"OK",IF(D110<=87,"LESS")) -> OK | E112: =IF(E110>=87,"OK",IF(E110<=87,"LESS")) -> OK | F112: =IF(F110>=87,"OK",IF(F110<=87,"LESS")) -> OK | G112: =IF(G110>=87,"OK",IF(G110<=87,"LESS")) -> OK | H112: =IF(H110>=87,"OK",IF(H110<=87,"LESS")) -> OK | I112: =IF(I110>=87,"OK",IF(I110<=87,"LESS")) -> OK | ... Q112: =IF(Q110>=87,"OK",IF(Q110<=87,"LESS")) -> OK
A115: Done by | B115: RK
A117: Comment

Sheet 21
A1: Station: | B1: BHATAGAON RAIPUR
A2: Date: | B2: =$A$9 -> 21/05/2025 00:15 | D2: Power Off | G2: Pw.Off | L2: Link Fail | N2: Link F | P2: Maintenance | R2: Maint.
A3: Report Type: | B3: Mean | D3: Calibration | G3: Calib. | L3: Data Fail | N3: Data F | P3: Invalid | R3: Invalid
A4: Time Base: | B4: 15 Min | D4: Zero Referrence | G4: Z.Ref | L4: Warm Up | N4: Wm. Up
A7: Date & Time | B7: NO_BHATAGAON | C7: NO2__BHATAGAON | D7: NOX_BHATAGAON | E7: SO2__BHATAGAON | F7: O3__BHATAGAON | G7: PM10__BHATAGAON | H7: PM2_5__BHATAGAON | I7: BENZ__BHATAGAON | J7: WS__BHATAGAON | K7: WD__BHATAGAON | L7: TEMP__BHATAGAON | M7: HUM__BHATAGAON | N7: SR__BHATAGAON | O7: RG__BHATAGAON | P7: CO__BHATAGAON | Q7: NH3__BHATAGAON
B8: ug/m3 | C8: ug/m3 | D8: ppb | E8: ug/m3 | F8: ug/m3 | G8: ug/m3 | H8: ug/m3 | I8: ug/m3 | J8: m/sec | K8: deg | L8: degreC | M8: % | N8: w/m2 | O8: mm | P8: mg/m3 | Q8: ug/m3
A9: 21/05/2025 00:15 | B9: 5.39 | C9: 26.97 | D9: 43.35 | E9: 8.1 | F9: 11.92 | G9: 61.19 | H9: 32.69 | I9: 3.97 | J9: 0.3 | K9: 107.48 | L9: 35.29 | M9: 54.99 | N9: 39.7 | O9: 0 | P9: 0.52 | Q9: 9.57
A10: 21/05/2025 00:30 | B10: 6.3 | C10: 26.78 | D10: 41.59 | E10: 8.73 | F10: 6.93 | G10: 61.19 | H10: 32.69 | I10: 4.15 | J10: 0.75 | K10: 104.38 | L10: 35.49 | M10: 54.09 | N10: 39.5 | O10: 0 | P10: 0.72 | Q10: 9.56
A11: 21/05/2025 00:45 | B11: 5.5 | C11: 32.6 | D11: 53.96 | E11: 11.8 | F11: 7.57 | G11: 52.56 | H11: 16.01 | I11: 4.05 | J11: 0.32 | K11: 110.23 | L11: 35.55 | M11: 53.3 | N11: 40 | O11: 0 | P11: 0.65 | Q11: 9.54
A12: 21/05/2025 01:00 | B12: 5.59 | C12: 38.03 | D12: 64.21 | E12: 19.72 | F12: 7.6 | G12: 51.94 | H12: 14.82 | I12: 3.99 | J12: 0.5 | K12: 98.21 | L12: 35.58 | M12: 53.76 | N12: 39.9 | O12: 0 | P12: 0.65 | Q12: 9.53
A13: 21/05/2025 01:15 | B13: 4.84 | C13: 37.46 | D13: 64.26 | E13: 23.74 | F13: 9.17 | G13: 51.94 | H13: 14.82 | I13: 4 | J13: 0.24 | K13: 111.71 | L13: 35.49 | M13: 53.45 | N13: 40.1 | O13: 0 | P13: 0.53 | Q13: 9.52
A14: 21/05/2025 01:30 | B14: 6.48 | C14: 33.67 | D14: 54.5 | E14: 23.73 | F14: 12.36 | G14: 51.94 | H14: 14.82 | I14: 4.14 | J14: 0.11 | K14: 169.14 | L14: 35.4 | M14: 53.67 | N14: 40.3 | O14: 0 | P14: 0.51 | Q14: 9.5
A15: 21/05/2025 01:45 | B15: 7.75 | C15: 33.69 | D15: 52.58 | E15: 17.9 | F15: 8.92 | G15: 64.95 | H15: 12.08 | I15: 4.07 | J15: 0.13 | K15: 199.94 | L15: 34.3 | M15: 59.66 | N15: 40.7 | O15: 0 | P15: 0.59 | Q15: 9.47
A16: 21/05/2025 02:00 | B16: 7.31 | C16: 34.25 | D16: 54.33 | E16: 16.09 | F16: 8.33 | G16: 65.88 | H16: 11.88 | I16: 3.96 | J16: 0.08 | K16: 144.76 | L16: 34.54 | M16: 59.3 | N16: 40.4 | O16: 0 | P16: 0.52 | Q16: 9.46
A17: 21/05/2025 02:15 | B17: 9.87 | C17: 36.98 | D17: 55.63 | E17: 16.87 | F17: 9.28 | G17: 65.88 | H17: 11.88 | I17: 4.02 | J17: 0.16 | K17: 210.58 | L17: 34.66 | M17: 59.37 | N17: 40.3 | O17: 0 | P17: 0.54 | Q17: 9.47
A18: 21/05/2025 02:30 | B18: 5.03 | C18: 27.92 | D18: 45.72 | E18: 15.23 | F18: 9.64 | G18: 65.88 | H18: 11.88 | I18: 3.97 | J18: 0.73 | K18: 152.74 | L18: 34.66 | M18: 61.34 | N18: 40.5 | O18: 0 | P18: 0.58 | Q18: 9.46
A19: 21/05/2025 02:45 | B19: 4.53 | C19: 21.8 | D19: 34.77 | E19: 11.85 | F19: 11.18 | G19: 65.58 | H19: 22.78 | I19: 4.02 | J19: 0.12 | K19: 208.05 | L19: 33.22 | M19: 61.89 | N19: 40.5 | O19: 0 | P19: 0.62 | Q19: 9.44
A20: 21/05/2025 03:00 | B20: 3.97 | C20: 20.31 | D20: 32.77 | E20: 10.63 | F20: 10.53 | G20: 65.56 | H20: 23.7 | I20: 4.11 | J20: 0.33 | K20: 181.09 | L20: 33.95 | M20: 63.27 | N20: 40.4 | O20: 0 | P20: 0.64 | Q20: 9.43
... A43: 21/05/2025 08:45 | B43: 5.49 | C43: 16.94 | D43: 23.99 | E43: 7.32 | F43: 9.6 | G43: 28.13 | H43: 48.92 | I43: 3.95 | J43: 0.56 | K43: 186.81 | L43: 8.63 | M43: 59.11 | N43: 619.9 | O43: 0 | P43: 0.43 | Q43: 9.26
A44: 21/05/2025 09:00 | B44: 5.14 | C44: 16.1 | D44: 22.93 | E44: 6.98 | F44: 10.74 | G44: 28.04 | H44: Data F | I44: 4.15 | J44: 0.53 | K44: 204.64 | L44: 8.63 | M44: 59.11 | N44: 643 | O44: 0 | P44: 0.41 | Q44: 9.24
A45: 21/05/2025 09:15 | B45: 4.84 | C45: 16.01 | D45: 23.22 | E45: 6.63 | F45: 6 | G45: 28.04 | H45: Data F | I45: 3.91 | J45: 0.46 | K45: 211.11 | L45: 8.63 | M45: 59.11 | N45: 694.4 | O45: 0 | P45: 0.41 | Q45: 9.21
A46: 21/05/2025 09:30 | B46: 4.49 | C46: 16.44 | D46: 24.56 | E46: 6.64 | F46: 6.55 | G46: 28.04 | H46: Data F | I46: 4.08 | J46: 0.63 | K46: 200.35 | L46: 8.63 | M46: 59.11 | N46: 729.6 | O46: 0 | P46: 0.41 | Q46: 9.21
A47: 21/05/2025 09:45 | B47: 5.02 | C47: 17.03 | D47: 24.9 | E47: 6.82 | F47: 13.05 | G47: 25.78 | H47: 364.56 | I47: 4.03 | J47: 0.52 | K47: 196.07 | L47: 8.63 | M47: 59.11 | N47: 778.4 | O47: 0 | P47: 0.37 | Q47: 9.21
A48: 21/05/2025 10:00 | B48: 4.73 | C48: 16.18 | D48: 23.7 | E48: 6.32 | F48: 7.22 | G48: 25.62 | H48: 390.6 | I48: 3.9 | J48: 0.58 | K48: 200.72 | L48: 8.63 | M48: 59.11 | N48: 798.6 | O48: 0 | P48: 0.42 | Q48: 9.2
A49: 21/05/2025 10:15 | B49: 4.64 | C49: 17.27 | D49: 25.93 | E49: 6.64 | F49: 11.29 | G49: 25.62 | H49: 390.6 | I49: 4.1 | J49: 0.62 | K49: 196 | L49: 8.63 | M49: 59.11 | N49: 794.8 | O49: 0 | P49: 0.36 | Q49: 9.22
A50: 21/05/2025 10:30 | B50: 6.01 | C50: 19.44 | D50: 27.98 | E50: 6.62 | F50: 18.09 | G50: 25.62 | H50: 390.6 | I50: 4.2 | J50: 0.36 | K50: 184.92 | L50: 8.63 | M50: 59.11 | N50: 814.7 | O50: 0 | P50: 0.38 | Q50: 9.21
A51: 21/05/2025 10:45 | B51: 5.54 | C51: 17.28 | D51: 24.58 | E51: 6.97 | F51: 10.55 | G51: 25.9 | H51: 73.28 | I51: 3.98 | J51: 0.6 | K51: 201.38 | L51: 8.63 | M51: 59.11 | N51: 818.3 | O51: 0 | P51: 0.38 | Q51: 9.22
A52: 21/05/2025 11:00 | B52: 6.77 | C52: 19.4 | D52: 26.73 | E52: 6.61 | F52: 11 | G52: 25.91 | H52: 50.61 | I52: 3.95 | J52: 0.55 | K52: 202.55 | L52: 8.63 | M52: 59.11 | N52: 821.1 | O52: 0 | P52: 0.4 | Q52: 9.22
A53: 21/05/2025 11:15 | B53: 8.52 | C53: 19.74 | D53: 24.71 | E53: 7.77 | F53: 21.2 | G53: 25.91 | H53: 50.61 | I53: 4.04 | J53: 0.54 | K53: 209.19 | L53: 8.63 | M53: 59.11 | N53: 824 | O53: 0 | P53: 0.39 | Q53: 9.24
A54: 21/05/2025 11:30 | B54: 9.76 | C54: 22.88 | D54: 28.8 | E54: 7.36 | F54: 20.75 | G54: 25.91 | H54: 50.61 | I54: 4.08 | J54: 0.73 | K54: 202.8 | L54: 8.63 | M54: 59.11 | N54: 823.3 | O54: 0 | P54: 0.39 | Q54: 9.25
A55: 21/05/2025 11:45 | B55: 9.93 | C55: 25.27 | D55: 33.13 | E55: 8.19 | F55: 22.76 | G55: 24.36 | H55: 4.87 | I55: 3.85 | J55: 0.51 | K55: 175.32 | L55: 8.63 | M55: 59.11 | N55: 822.5 | O55: 0 | P55: 0.4 | Q55: 9.25
A56: 21/05/2025 12:00 | B56: 6.04 | C56: 18.27 | D56: 25.7 | E56: 7.59 | F56: 23.48 | G56: 24.25 | H56: 1.01 | I56: 4.12 | J56: 0.58 | K56: 128.82 | L56: 8.63 | M56: 59.11 | N56: 810.6 | O56: 0 | P56: 0.32 | Q56: 9.25
A57: 21/05/2025 12:15 | B57: 6.97 | C57: 21.41 | D57: 30.29 | E57: 9.03 | F57: 26.1 | G57: 24.25 | H57: 1.01 | I57: 3.97 | J57: 0.45 | K57: 193.29 | L57: 8.63 | M57: 59.11 | N57: 583.5 | O57: 0 | P57: 0.48 | Q57: 9.26
A58: 21/05/2025 12:30 | B58: 5.67 | C58: 20.79 | D58: 31.09 | E58: 9.23 | F58: 27.49 | G58: 24.25 | H58: 1.01 | I58: 3.96 | J58: 0.43 | K58: 203.7 | L58: 8.63 | M58: 59.11 | N58: 723.6 | O58: 0 | P58: 0.48 | Q58: 9.25
... A67: 21/05/2025 14:45 | B67: 7.29 | C67: 20.75 | D67: 28.53 | E67: 7.39 | F67: 26.78 | G67: 26.92 | H67: 10.14 | I67: 4 | J67: 0.47 | K67: 134.34 | L67: 8.63 | M67: 59.11 | N67: 358.6 | O67: 0 | P67: 0.32 | Q67: 9.2
A68: 21/05/2025 15:00 | B68: 5.51 | C68: 19.4 | D68: 28.66 | E68: 7.45 | F68: 23.27 | G68: 27.01 | H68: Data F | I68: 4.02 | J68: 0.99 | K68: 121.73 | L68: 8.63 | M68: 59.11 | N68: 243.9 | O68: 0 | P68: 0.29 | Q68: 9.2
A69: 21/05/2025 15:15 | B69: 5.2 | C69: 17.65 | D69: 25.79 | E69: 7.43 | F69: 19.93 | G69: 27.01 | H69: Data F | I69: 4.02 | J69: 0.49 | K69: 137.68 | L69: 8.63 | M69: 59.11 | N69: 207.5 | O69: 0 | P69: 0.31 | Q69: 9.2
A70: 21/05/2025 15:30 | B70: 5.1 | C70: 18.75 | D70: 28.06 | E70: 7.92 | F70: 28.73 | G70: 27.01 | H70: Data F | I70: 3.8 | J70: 0.76 | K70: 107.77 | L70: 8.63 | M70: 59.11 | N70: 379.1 | O70: 0 | P70: 0.24 | Q70: 9.21
A71: 21/05/2025 15:45 | B71: 6.03 | C71: 19.15 | D71: 27.4 | E71: 7.54 | F71: 27.73 | G71: 25.27 | H71: 740.52 | I71: 4.03 | J71: 0.59 | K71: 121.44 | L71: 8.63 | M71: 59.11 | N71: 411.6 | O71: 0 | P71: 0.27 | Q71: 9.22
A72: 21/05/2025 16:00 | B72: 3.99 | C72: 14.74 | D72: 22.09 | E72: 6.38 | F72: 22.12 | G72: 25.15 | H72: 793.41 | I72: 4.02 | J72: 0.86 | K72: 155.01 | L72: 8.63 | M72: 59.11 | N72: 192 | O72: 0 | P72: 0.28 | Q72: 9.22
A73: 21/05/2025 16:15 | B73: 7.46 | C73: 22.22 | D73: 31.07 | E73: 7.48 | F73: 26.18 | G73: 25.15 | H73: 793.41 | I73: 4.09 | J73: 0.84 | K73: 114.7 | L73: 8.63 | M73: 59.11 | N73: 251 | O73: 0 | P73: 0.31 | Q73: 9.23
A74: 21/05/2025 16:30 | B74: 4.94 | C74: 16.8 | D74: 24.58 | E74: 7.53 | F74: 28.3 | G74: 25.15 | H74: 793.41 | I74: 4.29 | J74: 0.8 | K74: 102.76 | L74: 8.63 | M74: 59.11 | N74: 174.9 | O74: 0 | P74: 0.25 | Q74: 9.22
A75: 21/05/2025 16:45 | B75: 4.08 | C75: 14.97 | D75: 22.4 | E75: 7.46 | F75: 28.71 | G75: 25.12 | H75: 52.89 | I75: 3.92 | J75: 0.79 | K75: 108.66 | L75: 8.63 | M75: 59.11 | N75: 139.8 | O75: 0 | P75: 0.27 | Q75: 9.23
A76: 21/05/2025 17:00 | B76: 5.44 | C76: 25.71 | D76: 40.85 | E76: 7.74 | F76: 22.81 | G76: 25.12 | H76: Data F | I76: 3.91 | J76: 0.79 | K76: 111.65 | L76: 8.63 | M76: 59.11 | N76: 92.7 | O76: 0 | P76: 0.26 | Q76: 9.22
A77: 21/05/2025 17:15 | B77: 17.28 | C77: 49.86 | D77: 68.92 | E77: 8.48 | F77: 21.31 | G77: 25.12 | H77: Data F | I77: 4.03 | J77: 0.27 | K77: 124.56 | L77: 8.63 | M77: 59.11 | N77: 69.5 | O77: 0 | P77: 0.61 | Q77: 9.23
A78: 21/05/2025 17:30 | B78: 6.85 | C78: 22.28 | D78: 32.12 | E78: 9.12 | F78: 29.19 | G78: 25.12 | H78: Data F | I78: 3.84 | J78: 0.61 | K78: 109.12 | L78: 8.63 | M78: 59.11 | N78: 94.4 | O78: 0 | P78: 0.31 | Q78: 9.24
A79: 21/05/2025 17:45 | B79: 6.59 | C79: 31.11 | D79: 49.43 | E79: 9.35 | F79: 25.44 | G79: 29.05 | H79: 610.44 | I79: 3.95 | J79: 0.39 | K79: 115.63 | L79: 8.63 | M79: 59.11 | N79: 110.6 | O79: 0 | P79: 0.42 | Q79: 9.24
A80: 21/05/2025 18:00 | B80: 13.36 | C80: 24.59 | D80: 30.35 | E80: 9.14 | F80: 25.46 | G80: 29.33 | H80: 654.04 | I80: 4.03 | J80: 0.58 | K80: 111.65 | L80: 8.63 | M80: 59.11 | N80: 83.2 | O80: 0 | P80: 0.4 | Q80: 9.23
A81: 21/05/2025 18:15 | B81: 3.5 | C81: 17.65 | D81: 28.41 | E81: 7.37 | F81: 22.86 | G81: 29.33 | H81: 654.04 | I81: 4.19 | J81: 0.46 | K81: 117.73 | L81: 8.63 | M81: 59.11 | N81: 52.5 | O81: 0 | P81: 0.27 | Q81: 9.24
A82: 21/05/2025 18:30 | B82: 3.78 | C82: 20.86 | D82: 34.13 | E82: 6.69 | F82: 20.82 | G82: 29.33 | H82: 654.04 | I82: 4.06 | J82: 0.48 | K82: 115.67 | L82: 8.63 | M82: 59.11 | N82: 41.8 | O82: 0 | P82: 0.26 | Q82: 9.22
A83: 21/05/2025 18:45 | B83: 3.58 | C83: 20.28 | D83: 33.31 | E83: 6.52 | F83: 15.5 | G83: 19.06 | H83: 43.6 | I83: 3.89 | J83: 0.73 | K83: 156.84 | L83: 8.63 | M83: 59.11 | N83: 38 | O83: 0 | P83: 0.29 | Q83: 9.2
A84: 21/05/2025 19:00 | B84: 4.61 | C84: 19.14 | D84: 29.56 | E84: 6.4 | F84: 17.54 | G84: 19.06 | H84: Data F | I84: 3.91 | J84: 0.88 | K84: 96.77 | L84: 8.63 | M84: 59.11 | N84: 38.3 | O84: 0 | P84: 0.32 | Q84: 9.2
A85: 21/05/2025 19:15 | B85: 8.06 | C85: 27.8 | D85: 40.83 | E85: 6.99 | F85: 16.68 | G85: 16.57 | H85: Data F | I85: 3.94 | J85: 0.45 | K85: 126.09 | L85: 8.63 | M85: 59.11 | N85: 39 | O85: 0 | P85: 0.48 | Q85: 9.19
A86: 21/05/2025 19:30 | B86: 6.16 | C86: 31.71 | D86: 51.23 | E86: 6.13 | F86: 9.1 | G86: Data F | H86: Data F | I86: 4.05 | J86: 0.29 | K86: 218.17 | L86: 8.63 | M86: 59.11 | N86: 40 | O86: 0 | P86: 0.55 | Q86: 9.23
A87: 21/05/2025 19:45 | B87: 6.91 | C87: 31.8 | D87: 50.25 | E87: 5.84 | F87: 9.81 | G87: Data F | H87: Data F | I87: 3.91 | J87: 0.51 | K87: 189.97 | L87: 8.63 | M87: 59.11 | N87: 38.9 | O87: 0 | P87: 0.55 | Q87: 9.26
A88: 21/05/2025 20:00 | B88: 6.46 | C88: 27.37 | D88: 42.46 | E88: 5.71 | F88: 5.2 | G88: Data F | H88: Data F | I88: 4.02 | J88: 1.43 | K88: 200.94 | L88: 8.63 | M88: 59.11 | N88: 38.8 | O88: 0 | P88: 0.54 | Q88: 9.31
A89: 21/05/2025 20:15 | B89: 5.71 | C89: 24.98 | D89: 39.04 | E89: 5.14 | F89: 4.75 | G89: 20.23 | H89: 1.65 | I89: 3.96 | J89: 1.84 | K89: 202.36 | L89: 8.63 | M89: 59.11 | N89: 39.2 | O89: 0 | P89: 0.54 | Q89: 9.35
A90: 21/05/2025 20:30 | B90: 5.54 | C90: 24.34 | D90: 38.09 | E90: 5.06 | F90: 4.24 | G90: 107.11 | H90: 8.71 | I90: 4.1 | J90: 1.81 | K90: 201.88 | L90: 8.63 | M90: 59.11 | N90: 39.6 | O90: 0 | P90: 0.54 | Q90: 9.38
A91: 21/05/2025 20:45 | B91: 5.79 | C91: 23.34 | D91: 35.78 | E91: 5.32 | F91: 4.2 | G91: 107.11 | H91: 8.71 | I91: 3.95 | J91: 1.73 | K91: 200.47 | L91: 8.63 | M91: 59.11 | N91: 38.6 | O91: 0 | P91: 0.52 | Q91: 9.4
A92: 21/05/2025 21:00 | B92: 8.26 | C92: 27.11 | D92: 39.2 | E92: 5.33 | F92: 9.04 | G92: 107.11 | H92: 8.71 | I92: 3.91 | J92: 0.44 | K92: 199.02 | L92: 8.63 | M92: 59.11 | N92: 37.4 | O92: 0 | P92: 0.56 | Q92: 9.4
A93: 21/05/2025 21:15 | B93: 7.39 | C93: 24.44 | D93: 35.45 | E93: 5.59 | F93: 4.53 | G93: 90.66 | H93: 9.12 | I93: 3.96 | J93: 0.87 | K93: 200.77 | L93: 8.63 | M93: 59.11 | N93: 38 | O93: 0 | P93: 0.52 | Q93: 9.41
A94: 21/05/2025 21:30 | B94: 6.73 | C94: 21.92 | D94: 31.63 | E94: 4.9 | F94: 4.08 | G94: 24.88 | H94: 10.85 | I94: 4.02 | J94: 2.27 | K94: 200.96 | L94: 8.63 | M94: 59.11 | N94: 38.5 | O94: 0 | P94: 0.52 | Q94: 9.4
A95: 21/05/2025 21:45 | B95: 6.37 | C95: 20.45 | D95: 29.37 | E95: 4.6 | F95: 4.48 | G95: 24.88 | H95: 10.85 | I95: 3.94 | J95: 3.3 | K95: 197.23 | L95: 8.63 | M95: 59.11 | N95: 39.5 | O95: 0 | P95: 0.49 | Q95: 9.4
A96: 21/05/2025 22:00 | B96: 6.36 | C96: 20.73 | D96: 29.92 | E96: 5.22 | F96: 4.39 | G96: 24.88 | H96: 10.85 | I96: 3.92 | J96: 3.37 | K96: 193.69 | L96: 8.63 | M96: 59.11 | N96: 39.1 | O96: 0 | P96: 0.48 | Q96: 9.39
A97: 21/05/2025 22:15 | B97: 5.45 | C97: 20.23 | D97: 30.35 | E97: 4.99 | F97: 4.31 | G97: 27.18 | H97: 10.63 | I97: 4.12 | J97: 2.75 | K97: 195.48 | L97: 8.63 | M97: 59.11 | N97: 37 | O97: 0 | P97: 0.44 | Q97: 9.39
A98: 21/05/2025 22:30 | B98: 4.93 | C98: 18.78 | D98: 28.38 | E98: 4.87 | F98: 3.88 | G98: 37.06 | H98: 9.76 | I98: 3.91 | J98: 1.98 | K98: 193.44 | L98: 8.63 | M98: 59.11 | N98: 37.4 | O98: 0 | P98: 0.43 | Q98: 9.38
A99: 21/05/2025 22:45 | B99: 5.82 | C99: 18.47 | D99: 26.43 | E99: 5.03 | F99: 3.68 | G99: 37.06 | H99: 9.76 | I99: 3.89 | J99: 0.82 | K99: 186.35 | L99: 8.63 | M99: 59.11 | N99: 38.4 | O99: 0 | P99: 0.41 | Q99: 9.39
A100: 21/05/2025 23:00 | B100: 5.08 | C100: 17.13 | D100: 24.99 | E100: 5.06 | F100: 3.53 | G100: 37.06 | H100: 9.76 | I100: 4.12 | J100: 2.1 | K100: 191.89 | L100: 8.63 | M100: 59.11 | N100: 39.1 | O100: 0 | P100: 0.4 | Q100: 9.37
... A104: 21/05/2025 24:00 | B104: 5.43 | C104: 15.84 | D104: 21.97 | E104: 4.98 | F104: 2.97 | G104: 23.58 | H104: 9.14 | I104: 3.81 | J104: 1.66 | K104: 109.41 | L104: 8.63 | M104: 59.11 | N104: 38.6 | O104: 0 | P104: 0.35 | Q104: 9.35
A106: Min | B106: =MIN(B9:B104) -> 3.5 | C106: =MIN(C9:C104) -> 14.74 | D106: =MIN(D9:D104) -> 21.21 | E106: =MIN(E9:E104) -> 4.6 | F106: =MIN(F9:F104) -> 2.85 | G106: =MIN(G9:G104) -> 16.57 | H106: =MIN(H9:H104) -> 0.04 | I106: =MIN(I9:I104) -> 3.8 | ... Q106: =MIN(Q9:Q104) -> 9.19
A107: Max | B107: =MAX(B9:B104) -> 17.28 | C107: =MAX(C9:C104) -> 49.86 | D107: =MAX(D9:D104) -> 68.92 | E107: =MAX(E9:E104) -> 23.74 | F107: =MAX(F9:F104) -> 30.1 | G107: =MAX(G9:G104) -> 107.11 | H107: =MAX(H9:H104) -> 793.41 | I107: =MAX(I9:I104) -> 4.29 | ... Q107: =MAX(Q9:Q104) -> 9.57
A108: Avg | B108: =AVERAGE(B9:B104) -> 6.2925 | C108: =AVERAGE(C9:C104) -> 22.0675 | D108: =AVERAGE(D9:D104) -> 32.618437 | E108: =AVERAGE(E9:E104) -> 7.93 | F108: =AVERAGE(F9:F104) -> 13.586667 | G108: =AVERAGE(G9:G104) -> 37.885376 | H108: =AVERAGE(H9:H104) -> 145.70244 | I108: =AVERAGE(I9:I104) -> 4.0125 | ... Q108: =AVERAGE(Q9:Q104) -> 9.31625
A109: Stdev | B109: =STDEV(B9:B104) -> 1.9346709 | C109: =STDEV(C9:C104) -> 6.0968123 | D109: =STDEV(D9:D104) -> 10.345575 | E109: =STDEV(E9:E104) -> 3.5688701 | F109: =STDEV(F9:F104) -> 8.0556884 | G109: =STDEV(G9:G104) -> 19.50172 | H109: =STDEV(H9:H104) -> 251.64534 | I109: =STDEV(I9:I104) -> 0.090878751 | ... Q109: =STDEV(Q9:Q104) -> 0.099823528
A110: Num | B110: =COUNT(B9:B104) -> 96 | C110: =COUNT(C9:C104) -> 96 | D110: =COUNT(D9:D104) -> 96 | E110: =COUNT(E9:E104) -> 96 | F110: =COUNT(F9:F104) -> 96 | G110: =COUNT(G9:G104)+3 -> 96 | H110: =COUNT(H9:H104)+14 -> 96 | I110: =COUNT(I9:I104) -> 96 | J110: =COUNT(J9:J104) -> 96 | K110: =COUNT(K9:K104) -> 96 | L110: =COUNT(L9:L104) -> 96 | M110: =COUNT(M9:M104) -> 96 | N110: =COUNT(N9:N104) -> 96 | O110: =COUNT(O9:O104) -> 96 | P110: =COUNT(P9:P104) -> 96 | Q110: =COUNT(Q9:Q104) -> 96
A111: DCR | B111: =IF(B110>=87,">90%",IF(B110<=87,"<90%")) -> >90% | C111: =IF(C110>=87,">90%",IF(C110<=87,"<90%")) -> >90% | D111: =IF(D110>=87,">90%",IF(D110<=87,"<90%")) -> >90% | E111: =IF(E110>=87,">90%",IF(E110<=87,"<90%")) -> >90% | F111: =IF(F110>=87,">90%",IF(F110<=87,"<90%")) -> >90% | G111: =IF(G110>=87,">90%",IF(G110<=87,"<90%")) -> >90% | H111: =IF(H110>=87,">90%",IF(H110<=87,"<90%")) -> >90% | I111: =IF(I110>=87,">90%",IF(I110<=87,"<90%")) -> >90% | ... Q111: =IF(Q110>=87,">90%",IF(Q110<=87,"<90%")) -> >90%
A112: Status | B112: =IF(B110>=87,"OK",IF(B110<=87,"LESS")) -> OK | C112: =IF(C110>=87,"OK",IF(C110<=87,"LESS")) -> OK | D112: =IF(D110>=87,"OK",IF(D110<=87,"LESS")) -> OK | E112: =IF(E110>=87,"OK",IF(E110<=87,"LESS")) -> OK | F112: =IF(F110>=87,"OK",IF(F110<=87,"LESS")) -> OK | G112: =IF(G110>=87,"OK",IF(G110<=87,"LESS")) -> OK | H112: =IF(H110>=87,"OK",IF(H110<=87,"LESS")) -> OK | I112: =IF(I110>=87,"OK",IF(I110<=87,"LESS")) -> OK | ... Q112: =IF(Q110>=87,"OK",IF(Q110<=87,"LESS")) -> OK
A115: Done by | B115: RK
A117: Comment

Sheet 22
A1: Station: | B1: BHATAGAON RAIPUR
A2: Date: | B2: =$A$9 -> 22/05/2025 00:15 | D2: Power Off | G2: Pw.Off | L2: Link Fail | N2: Link F | P2: Maintenance | R2: Maint.
A3: Report Type: | B3: Mean | D3: Calibration | G3: Calib. | L3: Data Fail | N3: Data F | P3: Invalid | R3: Invalid
A4: Time Base: | B4: 15 Min | D4: Zero Referrence | G4: Z.Ref | L4: Warm Up | N4: Wm. Up
A7: Date & Time | B7: NO_BHATAGAON | C7: NO2__BHATAGAON | D7: NOX_BHATAGAON | E7: SO2__BHATAGAON | F7: O3__BHATAGAON | G7: PM10__BHATAGAON | H7: PM2_5__BHATAGAON | I7: BENZ__BHATAGAON | J7: WS__BHATAGAON | K7: WD__BHATAGAON | L7: TEMP__BHATAGAON | M7: HUM__BHATAGAON | N7: SR__BHATAGAON | O7: RG__BHATAGAON | P7: CO__BHATAGAON | Q7: NH3__BHATAGAON
B8: ug/m3 | C8: ug/m3 | D8: ppb | E8: ug/m3 | F8: ug/m3 | G8: ug/m3 | H8: ug/m3 | I8: ug/m3 | J8: m/sec | K8: deg | L8: degreC | M8: % | N8: w/m2 | O8: mm | P8: mg/m3 | Q8: ug/m3
A9: 22/05/2025 00:15 | B9: 5.47 | C9: 15.15 | D9: 20.61 | E9: 5.67 | F9: 4.7 | G9: 21.59 | H9: 8.71 | I9: 4.02 | J9: 0.45 | K9: 110.82 | L9: 98.21 | M9: 19.25 | N9: 38.6 | O9: 0 | P9: 0.35 | Q9: 9.33
A10: 22/05/2025 00:30 | B10: 5.44 | C10: 15.3 | D10: 20.93 | E10: 5.54 | F10: 7.58 | G10: 13.61 | H10: 7 | I10: 3.95 | J10: 0.25 | K10: 192.07 | L10: 98.21 | M10: 19.25 | N10: 39.6 | O10: 0 | P10: 0.29 | Q10: 9.34
A11: 22/05/2025 00:45 | B11: 5.9 | C11: 14.71 | D11: 19.11 | E11: 5.24 | F11: 5.54 | G11: 13.61 | H11: 7 | I11: 4.07 | J11: 0.55 | K11: 191.03 | L11: 98.21 | M11: 19.25 | N11: 38.2 | O11: 0 | P11: 0.3 | Q11: 9.34
A12: 22/05/2025 01:00 | B12: 5.62 | C12: 13.71 | D12: 17.61 | E12: 5.45 | F12: 5.97 | G12: 13.61 | H12: 7 | I12: 4.05 | J12: 0.24 | K12: 181.47 | L12: 98.21 | M12: 19.25 | N12: 37.5 | O12: 0 | P12: 0.27 | Q12: 9.32
A13: 22/05/2025 01:15 | B13: 5.78 | C13: 13.79 | D13: 17.52 | E13: 5.56 | F13: 5.75 | G13: 11.89 | H13: 6.6 | I13: 3.96 | J13: 0.48 | K13: 169.24 | L13: 98.21 | M13: 19.25 | N13: 38.4 | O13: 0 | P13: 0.24 | Q13: 9.31
A14: 22/05/2025 01:30 | B14: 5.95 | C14: 13.61 | D14: 16.93 | E14: 5.86 | F14: 4.67 | G14: 4.5 | H14: 4.9 | I14: 3.97 | J14: 0.59 | K14: 158.62 | L14: 98.21 | M14: 19.25 | N14: 38.1 | O14: 0 | P14: 0.26 | Q14: 9.3
A15: 22/05/2025 01:45 | B15: 6.11 | C15: 13.77 | D15: 16.97 | E15: 5.32 | F15: 4.36 | G15: 4.5 | H15: 4.9 | I15: 4.04 | J15: 1.12 | K15: 154.67 | L15: 98.21 | M15: 19.25 | N15: 38.7 | O15: 0 | P15: 0.26 | Q15: 9.29
A16: 22/05/2025 02:00 | B16: 6.5 | C16: 14.2 | D16: 17.21 | E16: 5.68 | F16: 3.69 | G16: 4.5 | H16: 4.9 | I16: 3.89 | J16: 1.3 | K16: 151.11 | L16: 98.21 | M16: 19.25 | N16: 38.2 | O16: 0 | P16: 0.29 | Q16: 9.3
A17: 22/05/2025 02:15 | B17: 6.59 | C17: 14.57 | D17: 17.78 | E17: 5.65 | F17: 4.03 | G17: 5.59 | H17: 4.89 | I17: 4.16 | J17: 0.66 | K17: 181.92 | L17: 98.21 | M17: 19.25 | N17: 38.7 | O17: 0 | P17: 0.28 | Q17: 9.3
A18: 22/05/2025 02:30 | B18: 6.48 | C18: 15.63 | D18: 19.97 | E18: 5.78 | F18: 3.65 | G18: 10.3 | H18: 4.87 | I18: 3.84 | J18: 0.87 | K18: 183.32 | L18: 98.21 | M18: 18.45 | N18: 38.5 | O18: 0 | P18: 0.27 | Q18: 9.28
A19: 22/05/2025 02:45 | B19: 6.03 | C19: 15.34 | D19: 20.11 | E19: 5.68 | F19: 4.47 | G19: 10.3 | H19: 4.87 | I19: 3.88 | J19: 1.07 | K19: 159.36 | L19: 98.21 | M19: 59.96 | N19: 38.3 | O19: 0 | P19: 0.26 | Q19: 9.26
A20: 22/05/2025 03:00 | B20: 5.77 | C20: 15.25 | D20: 20.32 | E20: 5.37 | F20: 4.07 | G20: 10.3 | H20: 4.87 | I20: 3.79 | J20: 1.65 | K20: 155.33 | L20: 98.21 | M20: 63.41 | N20: 38.4 | O20: 0 | P20: 0.25 | Q20: 9.25
... A29: 22/05/2025 05:15 | B29: 5.6 | C29: 14.08 | D29: 18.37 | E29: 5.15 | F29: 3.67 | G29: 3.03 | H29: 4.67 | I29: 3.94 | J29: 0.37 | K29: 184.4 | L29: 98.21 | M29: 63.6 | N29: 38.7 | O29: 0 | P29: 0.2 | Q29: 9.23
A30: 22/05/2025 05:30 | B30: 5.88 | C30: 13.9 | D30: 17.57 | E30: 5.11 | F30: 4.15 | G30: 2.92 | H30: 6.34 | I30: 3.94 | J30: Maint. | K30: Maint. | L30: 98.21 | M30: 63.6 | N30: 38.7 | O30: 0 | P30: 0.2 | Q30: 9.23
A31: 22/05/2025 05:45 | B31: 5.96 | C31: 13.92 | D31: 17.48 | E31: 5.35 | F31: 5.84 | G31: 2.92 | H31: 6.34 | I31: 3.98 | J31: Maint. | K31: Maint. | L31: 98.21 | M31: 63.6 | N31: 38.7 | O31: 0 | P31: 0.19 | Q31: 9.23
A32: 22/05/2025 06:00 | B32: 6.2 | C32: 14.89 | D32: 18.97 | E32: 5.19 | F32: 4.74 | G32: 2.92 | H32: 6.34 | I32: 3.96 | J32: Maint. | K32: Maint. | L32: 98.21 | M32: 63.6 | N32: 38.7 | O32: 0 | P32: 0.2 | Q32: 9.24
A33: 22/05/2025 06:15 | B33: 6.48 | C33: 14.93 | D33: 18.64 | E33: 5.04 | F33: 4.81 | G33: 4.33 | H33: 6.09 | I33: 4 | J33: Maint. | K33: Maint. | L33: 97.25 | M33: 63.6 | N33: 38.7 | O33: 0 | P33: 0.2 | Q33: 9.25
A34: 22/05/2025 06:30 | B34: 6.8 | C34: 14.93 | D34: 18.14 | E34: 5.04 | F34: 4.46 | G34: 10.37 | H34: 5 | I34: 3.99 | J34: Maint. | K34: Maint. | L34: 97.25 | M34: 63.6 | N34: 38.7 | O34: 0 | P34: 0.2 | Q34: 9.26
A35: 22/05/2025 06:45 | B35: 7.44 | C35: 15.96 | D35: 19.12 | E35: 5.1 | F35: 3.93 | G35: 10.37 | H35: 5 | I35: 3.96 | J35: Maint. | K35: Maint. | L35: 97.25 | M35: 63.6 | N35: 38.7 | O35: 0 | P35: 0.22 | Q35: 9.26
A36: 22/05/2025 07:00 | B36: 9.26 | C36: 18.91 | D36: 21.98 | E36: 5.16 | F36: 3.31 | G36: 10.37 | H36: 5 | I36: 3.86 | J36: Maint. | K36: Maint. | L36: 97.25 | M36: 63.6 | N36: 38.7 | O36: 0 | P36: 0.23 | Q36: 9.27
A37: 22/05/2025 07:15 | B37: 10.54 | C37: 20.49 | D37: 23.05 | E37: 5.19 | F37: 3.4 | G37: 9.89 | H37: 4.76 | I37: 4.04 | J37: Maint. | K37: Maint. | L37: 97.25 | M37: 63.6 | N37: 38.7 | O37: 0 | P37: 0.27 | Q37: 9.31
A38: 22/05/2025 07:30 | B38: 10.59 | C38: 19.87 | D38: 21.78 | E38: 5.8 | F38: 3.55 | G38: 7.85 | H38: 3.72 | I38: 4.15 | J38: Maint. | K38: Maint. | L38: 97.25 | M38: 63.6 | N38: 38.7 | O38: 0 | P38: 0.29 | Q38: 9.36
A39: 22/05/2025 07:45 | B39: 12.62 | C39: 22.93 | D39: 24.52 | E39: 4.89 | F39: 3.31 | G39: 7.85 | H39: 3.72 | I39: 3.86 | J39: Maint. | K39: Maint. | L39: 97.25 | M39: 63.6 | N39: 38.7 | O39: 0 | P39: 0.32 | Q39: 9.39
A40: 22/05/2025 08:00 | B40: 12.42 | C40: 21.92 | D40: 22.88 | E40: 5.83 | F40: 3.7 | G40: 7.85 | H40: 3.72 | I40: 3.97 | J40: Maint. | K40: Maint. | L40: 97.25 | M40: 63.6 | N40: 38.7 | O40: 0 | P40: 0.33 | Q40: 9.43
A41: 22/05/2025 08:15 | B41: 12.89 | C41: 22.17 | D41: 22.65 | E41: 4.84 | F41: 3.53 | G41: 12.08 | H41: 4.25 | I41: 4.05 | J41: Maint. | K41: Maint. | L41: 97.25 | M41: 63.6 | N41: 38.7 | O41: 0 | P41: 0.34 | Q41: 9.48
... A51: 22/05/2025 10:45 | B51: 12.39 | C51: 28.03 | D51: 34.63 | E51: 5.94 | F51: 12.84 | G51: 53.85 | H51: 8.37 | I51: 4.03 | J51: Maint. | K51: Maint. | L51: 34.41 | M51: 61.79 | N51: 713.9 | O51: 0 | P51: 0.57 | Q51: 9.57
A52: 22/05/2025 11:00 | B52: 8.7 | C52: 26.65 | D52: 37.64 | E52: 5.94 | F52: 18.57 | G52: 53.85 | H52: 8.37 | I52: 4.01 | J52: 0.31 | K52: 171.06 | L52: 11.18 | M52: 38.2 | N52: 697 | O52: 0 | P52: 0.54 | Q52: 9.48
A53: 22/05/2025 11:15 | B53: 8.73 | C53: 27.06 | D53: 38.4 | E53: 6.41 | F53: 16.7 | G53: 49.62 | H53: 8.85 | I53: 3.98 | J53: 0.39 | K53: 128.32 | L53: 11.18 | M53: 38.2 | N53: 661.8 | O53: 0 | P53: 0.57 | Q53: 9.36
A54: 22/05/2025 11:30 | B54: 7.73 | C54: 28.13 | D54: 41.98 | E54: 6.94 | F54: 14.51 | G54: 33.18 | H54: 10.76 | I54: 3.9 | J54: 0.36 | K54: 151.38 | L54: 11.18 | M54: 38.2 | N54: 563 | O54: 0 | P54: 0.51 | Q54: 9.31
A55: 22/05/2025 11:45 | B55: 7.85 | C55: 28.07 | D55: 41.69 | E55: 6.43 | F55: 11.83 | G55: 33.18 | H55: 10.76 | I55: 3.92 | J55: 0.36 | K55: 204.39 | L55: 11.18 | M55: 38.2 | N55: 328.9 | O55: 0 | P55: 0.57 | Q55: 9.34
