Workbook

Sheet 01
A1: Station: | B1: IGKV RAIPUR
A2: Date: | B2: =$A$9 -> 01/11/2025 00:15 | C2: Power Off | G2: Pw.Off | J2: Link Fail | L2: Link F | N2: Maintenance | P2: Maint.
A3: Report Type: | B3: Mean | C3: Calibration | G3: Calib. | J3: Data Fail | L3: Data F | N3: Invalid | P3: Invalid
A4: Time Base: | B4: 15 Min | C4: Zero Referrence | G4: Z.Ref | J4: Warm Up | L4: Wm. Up
A7: Date & Time | B7: NO | C7: NO2 | D7: NOX | E7: SO2 | F7: O3 | G7: PM 10 | H7: PM 2.5 | I7: BENZ | J7: WS | K7: WD | L7: TEMP | M7: HUM | N7: SR | O7: RG | P7: CO | Q7: NH3
B8: ug/m3 | C8: ug/m3 | D8: ppb | E8: ug/m3 | F8: ug/m3 | G8: ug/m3 | H8: ug/m3 | I8: ug/m3 | J8: m/sec | K8: deg | L8: degreC | M8: % | N8: w/m2 | O8: mm | P8: mg/m3 | Q8: ug/m3
A9: 01/11/2025 00:15 | B9: 5.08 | C9: 5.17 | D9: 6.77 | E9: 6.63 | F9: 2 | G9: 20.09 | H9: 9.14 | I9: 4.26 | J9: 0.08 | K9: 228.57 | L9: 20.6 | M9: 33.73 | N9: 2.2 | O9: 0 | P9: 0.25 | Q9: 9.32
A10: 01/11/2025 00:30 | B10: 5.07 | C10: 5.2 | D10: 6.79 | E10: 6.57 | F10: 2 | G10: 20.09 | H10: 9.14 | I10: 4.22 | J10: 0.06 | K10: 215.14 | L10: 19.3 | M10: 30.58 | N10: 2.2 | O10: 0 | P10: 0.25 | Q10: 9.32
A11: 01/11/2025 00:45 | B11: 5.13 | C11: 5.25 | D11: 6.86 | E11: 6.65 | F11: 2 | G11: 17.92 | H11: 10.01 | I11: 4.18 | J11: 0.09 | K11: 154.74 | L11: 15.54 | M11: 21.16 | N11: 2.4 | O11: 0 | P11: 0.25 | Q11: 9.32
A12: 01/11/2025 01:00 | B12: 5.13 | C12: 5.26 | D12: 6.86 | E12: 6.64 | F12: 2 | G12: 17.13 | H12: 10.02 | I12: 4.14 | J12: 0.06 | K12: 158.12 | L12: 14.94 | M12: 19.68 | N12: 2.3 | O12: 0 | P12: 0.25 | Q12: 9.32
A13: 01/11/2025 01:15 | B13: 5.13 | C13: 5.22 | D13: 6.84 | E13: 6.49 | F13: 2 | G13: 17.13 | H13: 10.02 | I13: 4.18 | J13: 0.1 | K13: 179.14 | L13: 16.91 | M13: 24.62 | N13: 2.2 | O13: 0 | P13: 0.25 | Q13: 9.32
A14: 01/11/2025 01:30 | B14: 5.13 | C14: 5.17 | D14: 6.82 | E14: 6.67 | F14: 2 | G14: 17.13 | H14: 10.02 | I14: 4.18 | J14: 0.08 | K14: 154.17 | L14: 15.77 | M14: 21.76 | N14: 2.3 | O14: 0 | P14: 0.25 | Q14: 9.32
A15: 01/11/2025 01:45 | B15: 5.17 | C15: 5.13 | D15: 6.83 | E15: 6.59 | F15: 2 | G15: 19.42 | H15: 10.91 | I15: 4.12 | J15: 0.18 | K15: 244.97 | L15: 21.59 | M15: 36.25 | N15: 2.2 | O15: 0 | P15: 0.25 | Q15: 9.32
A16: 01/11/2025 02:00 | B16: 5.21 | C16: 5.1 | D16: 6.84 | E16: 6.53 | F16: 2 | G16: 20.3 | H16: 10.96 | I16: 4.13 | J16: 0.21 | K16: 248.23 | L16: 21.88 | M16: 36.95 | N16: 2.4 | O16: 0 | P16: 0.25 | Q16: 9.32
A17: 01/11/2025 02:15 | B17: 5.23 | C17: 5.1 | D17: 6.86 | E17: 4.43 | F17: 2 | G17: 20.3 | H17: 10.96 | I17: 4.06 | J17: 0.18 | K17: 263.34 | L17: 23.22 | M17: 40.29 | N17: 2.4 | O17: 0 | P17: 0.26 | Q17: 9.32
A18: 01/11/2025 02:30 | B18: 5.17 | C18: 5.12 | D18: 6.82 | E18: 5.4 | F18: 2 | G18: 20.3 | H18: 10.96 | I18: 4.1 | J18: 0.21 | K18: 247.83 | L18: 22.08 | M18: 37.45 | N18: 2.2 | O18: 0 | P18: 0.24 | Q18: 9.32
A19: 01/11/2025 02:45 | B19: 5.11 | C19: 5.07 | D19: 6.74 | E19: 5.56 | F19: 2 | G19: 19.01 | H19: 7.96 | I19: 4.05 | J19: 0.3 | K19: 253.47 | L19: 22.69 | M19: 38.92 | N19: 2.2 | O19: 0 | P19: 0.24 | Q19: 9.32
A20: 01/11/2025 03:00 | B20: 5.05 | C20: 5.1 | D20: 6.71 | E20: 5.42 | F20: 2 | G20: 18.51 | H20: 7.87 | I20: 4.02 | J20: 0.29 | K20: 252.38 | L20: 22.6 | M20: 38.72 | N20: 2.2 | O20: 0 | P20: 0.24 | Q20: 9.32
... A104: 01/11/2025 24:00 | B104: 14.51 | C104: 7.7 | D104: 15.66 | E104: 6.95 | F104: 2 | G104: 94.95 | H104: 42.31 | I104: 6.4 | J104: 0.08 | K104: 199.47 | L104: 19.22 | M104: 30.31 | N104: 2.2 | O104: 0 | P104: 0.61 | Q104: 9.32
A106: Min | B106: =MIN(B9:B104) -> 1.55 | C106: =MIN(C9:C104) -> 4.87 | D106: =MIN(D9:D104) -> 4.78 | E106: =MIN(E9:E104) -> 3.3 | F106: =MIN(F9:F104) -> 2 | G106: =MIN(G9:G104) -> 11.87 | H106: =MIN(H9:H104) -> 6.22 | I106: =MIN(I9:I104) -> 3.48 | ... Q106: =MIN(Q9:Q104) -> 9.32
A107: Max | B107: =MAX(B9:B104) -> 17.77 | C107: =MAX(C9:C104) -> 18.28 | D107: =MAX(D9:D104) -> 20.72 | E107: =MAX(E9:E104) -> 10.73 | F107: =MAX(F9:F104) -> 35.25 | G107: =MAX(G9:G104) -> 98.91 | H107: =MAX(H9:H104) -> 47.31 | I107: =MAX(I9:I104) -> 11.69 | ... Q107: =MAX(Q9:Q104) -> 9.38
A108: Avg | B108: =AVERAGE(B9:B104) -> 7.0338542 | C108: =AVERAGE(C9:C104) -> 8.5667708 | D108: =AVERAGE(D9:D104) -> 10.116042 | E108: =AVERAGE(E9:E104) -> 5.9528125 | F108: =AVERAGE(F9:F104) -> 4.0635417 | G108: =AVERAGE(G9:G104) -> 41.791875 | H108: =AVERAGE(H9:H104) -> 15.398437 | I108: =AVERAGE(I9:I104) -> 5.216875 | ... Q108: =AVERAGE(Q9:Q104) -> 9.3207292
A109: Stdev | B109: =STDEV(B9:B104) -> 3.7007454 | C109: =STDEV(C9:C104) -> 3.5969576 | D109: =STDEV(D9:D104) -> 3.5834701 | E109: =STDEV(E9:E104) -> 1.4968885 | F109: =STDEV(F9:F104) -> 5.5524966 | G109: =STDEV(G9:G104) -> 25.793825 | H109: =STDEV(H9:H104) -> 9.9267671 | I109: =STDEV(I9:I104) -> 1.5466339 | ... Q109: =STDEV(Q9:Q104) -> 0.0061975872
A110: Num | B110: =COUNT(B9:B104) -> 96 | C110: =COUNT(C9:C104) -> 96 | D110: =COUNT(D9:D104) -> 96 | E110: =COUNT(E9:E104) -> 96 | F110: =COUNT(F9:F104) -> 96 | G110: =COUNT(G9:G104) -> 96 | H110: =COUNT(H9:H104) -> 96 | I110: =COUNT(I9:I104) -> 96 | ... Q110: =COUNT(Q9:Q104) -> 96
A111: DCR | B111: =IF(B110>=87,">90%",IF(B110<=87,"<90%")) -> >90% | C111: =IF(C110>=87,">90%",IF(C110<=87,"<90%")) -> >90% | D111: =IF(D110>=87,">90%",IF(D110<=87,"<90%")) -> >90% | E111: =IF(E110>=87,">90%",IF(E110<=87,"<90%")) -> >90% | F111: =IF(F110>=87,">90%",IF(F110<=87,"<90%")) -> >90% | G111: =IF(G110>=87,">90%",IF(G110<=87,"<90%")) -> >90% | H111: =IF(H110>=87,">90%",IF(H110<=87,"<90%")) -> >90% | I111: =IF(I110>=87,">90%",IF(I110<=87,"<90%")) -> >90% | ... Q111: =IF(Q110>=87,">90%",IF(Q110<=87,"<90%")) -> >90%
A112: Status | B112: =IF(B110>=87,"OK",IF(B110<=87,"LESS")) -> OK | C112: =IF(C110>=87,"OK",IF(C110<=87,"LESS")) -> OK | D112: =IF(D110>=87,"OK",IF(D110<=87,"LESS")) -> OK | E112: =IF(E110>=87,"OK",IF(E110<=87,"LESS")) -> OK | F112: =IF(F110>=87,"OK",IF(F110<=87,"LESS")) -> OK | G112: =IF(G110>=87,"OK",IF(G110<=87,"LESS")) -> OK | H112: =IF(H110>=87,"OK",IF(H110<=87,"LESS")) -> OK | I112: =IF(I110>=87,"OK",IF(I110<=87,"LESS")) -> OK | ... Q112: =IF(Q110>=87,"OK",IF(Q110<=87,"LESS")) -> OK
A115: Done by | B115: AKASH
A117: Comment

Sheet 02
A1: Station: | B1: IGKV RAIPUR
A2: Date: | B2: =$A$9 -> 02/11/2025 00:15 | C2: Power Off | G2: Pw.Off | J2: Link Fail | L2: Link F | N2: Maintenance | P2: Maint.
A3: Report Type: | B3: Mean | C3: Calibration | G3: Calib. | J3: Data Fail | L3: Data F | N3: Invalid | P3: Invalid
A4: Time Base: | B4: 15 Min | C4: Zero Referrence | G4: Z.Ref | J4: Warm Up | L4: Wm. Up
A7: Date & Time | B7: NO | C7: NO2 | D7: NOX | E7: SO2 | F7: O3 | G7: PM 10 | H7: PM 2.5 | I7: BENZ | J7: WS | K7: WD | L7: TEMP | M7: HUM | N7: SR | O7: RG | P7: CO | Q7: NH3
B8: ug/m3 | C8: ug/m3 | D8: ppb | E8: ug/m3 | F8: ug/m3 | G8: ug/m3 | H8: ug/m3 | I8: ug/m3 | J8: m/sec | K8: deg | L8: degreC | M8: % | N8: w/m2 | O8: mm | P8: mg/m3 | Q8: ug/m3
A9: 02/11/2025 00:15 | B9: 14.76 | C9: 7.47 | D9: 15.73 | E9: 6.51 | F9: 2 | G9: 94.95 | H9: 42.31 | I9: 6.36 | J9: 0.1 | K9: 174.95 | L9: 16.26 | M9: 22.91 | N9: 2.1 | O9: 0 | P9: 0.62 | Q9: 9.32
A10: 02/11/2025 00:30 | B10: 15.01 | C10: 7.23 | D10: 15.81 | E10: 6.4 | F10: 2 | G10: 94.95 | H10: 42.31 | I10: 6.36 | J10: 0.13 | K10: 170.12 | L10: 17.44 | M10: 25.89 | N10: 2.1 | O10: 0 | P10: 0.61 | Q10: 9.32
A11: 02/11/2025 00:45 | B11: 15.12 | C11: 7.15 | D11: 15.86 | E11: 6.31 | F11: 2 | G11: 89.28 | H11: 43.02 | I11: 6.46 | J11: 0.1 | K11: 165.55 | L11: 15.98 | M11: 22.24 | N11: 2.2 | O11: 0 | P11: 0.62 | Q11: 9.32
A12: 02/11/2025 01:00 | B12: 15.36 | C12: 7.08 | D12: 16.02 | E12: 6.45 | F12: 2 | G12: 87.22 | H12: 43.03 | I12: 6.54 | J12: 0.1 | K12: 169.46 | L12: 16.98 | M12: 24.71 | N12: 2.1 | O12: 0 | P12: 0.62 | Q12: 9.32
A13: 02/11/2025 01:15 | B13: 15.5 | C13: 7.16 | D13: 16.18 | E13: 6.16 | F13: 2 | G13: 87.22 | H13: 43.03 | I13: 6.59 | J13: 0.13 | K13: 147.09 | L13: 14.41 | M13: 18.33 | N13: 2.1 | O13: 0 | P13: 0.63 | Q13: 9.32
A14: 02/11/2025 01:30 | B14: 15.64 | C14: 7.26 | D14: 16.34 | E14: 6.46 | F14: 2 | G14: 87.22 | H14: 43.03 | I14: 6.68 | J14: 0.1 | K14: 155.13 | L14: 14.83 | M14: 19.39 | N14: 2.1 | O14: 0 | P14: 0.62 | Q14: 9.32
A15: 02/11/2025 01:45 | B15: 15.98 | C15: 7.39 | D15: 16.68 | E15: 6.55 | F15: 2 | G15: 86.24 | H15: 41.55 | I15: 6.72 | J15: 0.04 | K15: 327.6 | L15: 22.28 | M15: 37.82 | N15: 2.1 | O15: 0 | P15: 0.62 | Q15: 9.32
A16: 02/11/2025 02:00 | B16: 16.61 | C16: 7.4 | D16: 17.18 | E16: 6.4 | F16: 2 | G16: 85.86 | H16: 41.48 | I16: 6.76 | J16: 0.08 | K16: 121.87 | L16: 12.67 | M16: 13.85 | N16: 2.1 | O16: 0 | P16: 0.64 | Q16: 9.32
A17: 02/11/2025 02:15 | B17: 17.49 | C17: 7.55 | D17: 17.97 | E17: 5.47 | F17: 2 | G17: 85.86 | H17: 41.48 | I17: 6.79 | J17: 0.13 | K17: 164.8 | L17: 15.83 | M17: 21.89 | N17: 2.1 | O17: 0 | P17: 0.64 | Q17: 9.32
A18: 02/11/2025 02:30 | B18: 18.28 | C18: 7.76 | D18: 18.72 | E18: 6.49 | F18: 2 | G18: 85.86 | H18: 41.48 | I18: 6.84 | J18: 0.12 | K18: 215.15 | L18: 18.91 | M18: 29.59 | N18: 2.1 | O18: 0 | P18: 0.64 | Q18: 9.32
A19: 02/11/2025 02:45 | B19: 18.98 | C19: 7.94 | D19: 19.37 | E19: 5.5 | F19: 2 | G19: 98.51 | H19: 45.83 | I19: 6.96 | J19: 0.1 | K19: 192.86 | L19: 17.73 | M19: 26.61 | N19: 2.1 | O19: 0 | P19: 0.64 | Q19: 9.32
A20: 02/11/2025 03:00 | B20: 19.72 | C20: 8.06 | D20: 20.03 | E20: 6.62 | F20: 2 | G20: 103.38 | H20: 45.96 | I20: 7.07 | J20: 0.1 | K20: 150.81 | L20: 15.2 | M20: 20.29 | N20: 2.1 | O20: 0 | P20: 0.65 | Q20: 9.32
... A104: 02/11/2025 24:00 | B104: 9.12 | C104: 6.64 | D104: 10.78 | E104: 6.38 | F104: 2 | G104: 63.53 | H104: 21.25 | I104: 7.66 | J104: 0.18 | K104: 148.15 | L104: 14.35 | M104: 18.16 | N104: 2.1 | O104: 0 | P104: 0.65 | Q104: 9.32
A106: Min | B106: =MIN(B9:B104) -> 5.36 | C106: =MIN(C9:C104) -> 6.27 | D106: =MIN(D9:D104) -> 9.43 | E106: =MIN(E9:E104) -> 4.29 | F106: =MIN(F9:F104) -> 2 | G106: =MIN(G9:G104) -> 50.33 | H106: =MIN(H9:H104) -> 16.09 | I106: =MIN(I9:I104) -> 6.12 | ... Q106: =MIN(Q9:Q104) -> 9.32
A107: Max | B107: =MAX(B9:B104) -> 21.15 | C107: =MAX(C9:C104) -> 14.6 | D107: =MAX(D9:D104) -> 21.2 | E107: =MAX(E9:E104) -> 14.01 | F107: =MAX(F9:F104) -> 5.35 | G107: =MAX(G9:G104) -> 108.61 | H107: =MAX(H9:H104) -> 50.42 | I107: =MAX(I9:I104) -> 8.54 | ... Q107: =MAX(Q9:Q104) -> 9.32
A108: Avg | B108: =AVERAGE(B9:B104) -> 12.643021 | C108: =AVERAGE(C9:C104) -> 8.5791667 | D108: =AVERAGE(D9:D104) -> 14.620938 | E108: =AVERAGE(E9:E104) -> 7.3913542 | F108: =AVERAGE(F9:F104) -> 2.2475 | G108: =AVERAGE(G9:G104) -> 73.824375 | H108: =AVERAGE(H9:H104) -> 30.664896 | I108: =AVERAGE(I9:I104) -> 7.1996875 | ... Q108: =AVERAGE(Q9:Q104) -> 9.32
A109: Stdev | B109: =STDEV(B9:B104) -> 5.2991924 | C109: =STDEV(C9:C104) -> 1.8659879 | D109: =STDEV(D9:D104) -> 3.9846445 | E109: =STDEV(E9:E104) -> 1.7906286 | F109: =STDEV(F9:F104) -> 0.75636527 | G109: =STDEV(G9:G104) -> 14.639539 | H109: =STDEV(H9:H104) -> 10.112073 | I109: =STDEV(I9:I104) -> 0.6281459 | ... Q109: =STDEV(Q9:Q104) -> 1.7856816e-14
A110: Num | B110: =COUNT(B9:B104) -> 96 | C110: =COUNT(C9:C104) -> 96 | D110: =COUNT(D9:D104) -> 96 | E110: =COUNT(E9:E104) -> 96 | F110: =COUNT(F9:F104) -> 96 | G110: =COUNT(G9:G104) -> 96 | H110: =COUNT(H9:H104) -> 96 | I110: =COUNT(I9:I104) -> 96 | ... Q110: =COUNT(Q9:Q104) -> 96
A111: DCR | B111: =IF(B110>=87,">90%",IF(B110<=87,"<90%")) -> >90% | C111: =IF(C110>=87,">90%",IF(C110<=87,"<90%")) -> >90% | D111: =IF(D110>=87,">90%",IF(D110<=87,"<90%")) -> >90% | E111: =IF(E110>=87,">90%",IF(E110<=87,"<90%")) -> >90% | F111: =IF(F110>=87,">90%",IF(F110<=87,"<90%")) -> >90% | G111: =IF(G110>=87,">90%",IF(G110<=87,"<90%")) -> >90% | H111: =IF(H110>=87,">90%",IF(H110<=87,"<90%")) -> >90% | I111: =IF(I110>=87,">90%",IF(I110<=87,"<90%")) -> >90% | ... Q111: =IF(Q110>=87,">90%",IF(Q110<=87,"<90%")) -> >90%
A112: Status | B112: =IF(B110>=87,"OK",IF(B110<=87,"LESS")) -> OK | C112: =IF(C110>=87,"OK",IF(C110<=87,"LESS")) -> OK | D112: =IF(D110>=87,"OK",IF(D110<=87,"LESS")) -> OK | E112: =IF(E110>=87,"OK",IF(E110<=87,"LESS")) -> OK | F112: =IF(F110>=87,"OK",IF(F110<=87,"LESS")) -> OK | G112: =IF(G110>=87,"OK",IF(G110<=87,"LESS")) -> OK | H112: =IF(H110>=87,"OK",IF(H110<=87,"LESS")) -> OK | I112: =IF(I110>=87,"OK",IF(I110<=87,"LESS")) -> OK | ... Q112: =IF(Q110>=87,"OK",IF(Q110<=87,"LESS")) -> OK
A115: Done by | B115: AKASH
A117: Comment

Sheet 03
A1: Station: | B1: IGKV RAIPUR
A2: Date: | B2: =$A$9 -> 03/11/2025 00:15 | C2: Power Off | G2: Pw.Off | J2: Link Fail | L2: Link F | N2: Maintenance | P2: Maint.
A3: Report Type: | B3: Mean | C3: Calibration | G3: Calib. | J3: Data Fail | L3: Data F | N3: Invalid | P3: Invalid
A4: Time Base: | B4: 15 Min | C4: Zero Referrence | G4: Z.Ref | J4: Warm Up | L4: Wm. Up
A7: Date & Time | B7: NO | C7: NO2 | D7: NOX | E7: SO2 | F7: O3 | G7: PM 10 | H7: PM 2.5 | I7: BENZ | J7: WS | K7: WD | L7: TEMP | M7: HUM | N7: SR | O7: RG | P7: CO | Q7: NH3
B8: ug/m3 | C8: ug/m3 | D8: ppb | E8: ug/m3 | F8: ug/m3 | G8: ug/m3 | H8: ug/m3 | I8: ug/m3 | J8: m/sec | K8: deg | L8: degreC | M8: % | N8: w/m2 | O8: mm | P8: mg/m3 | Q8: ug/m3
A9: 03/11/2025 00:15 | B9: 8.58 | C9: 6.62 | D9: 10.34 | E9: 6.09 | F9: 2 | G9: 63.53 | H9: 21.25 | I9: 7.74 | J9: 0.13 | K9: 138.94 | L9: 13.26 | M9: 15.4 | N9: 2.1 | O9: 0 | P9: 0.64 | Q9: 9.32
A10: 03/11/2025 00:30 | B10: 8.13 | C10: 6.97 | D10: 10.16 | E10: 5.88 | F10: 2 | G10: 63.53 | H10: 21.25 | I10: 7.84 | J10: 0.16 | K10: 151.07 | L10: 14.94 | M10: 19.58 | N10: 2.2 | O10: 0 | P10: 0.63 | Q10: 9.32
A11: 03/11/2025 00:45 | B11: 8.02 | C11: 6.94 | D11: 10.06 | E11: 6.4 | F11: 2 | G11: 65.49 | H11: 21.41 | I11: 7.96 | J11: 0.16 | K11: 151.73 | L11: 14.68 | M11: 18.8 | N11: 2.2 | O11: 0 | P11: 0.63 | Q11: 9.32
A12: 03/11/2025 01:00 | B12: 8.17 | C12: 6.86 | D12: 10.13 | E12: 6.43 | F12: 2 | G12: 66.2 | H12: 21.42 | I12: 7.98 | J12: 0.07 | K12: 227.37 | L12: 20.57 | M12: 33.42 | N12: 2.2 | O12: 0 | P12: 0.64 | Q12: 9.32
A13: 03/11/2025 01:15 | B13: 9.17 | C13: 7.3 | D13: 11.17 | E13: 5.9 | F13: 2 | G13: 66.2 | H13: 21.42 | I13: 8.01 | J13: 0.11 | K13: 187.67 | L13: 17.03 | M13: 24.64 | N13: 2.1 | O13: 0 | P13: 0.65 | Q13: 9.32
A14: 03/11/2025 01:30 | B14: 9.81 | C14: 7.42 | D14: 11.74 | E14: 6.1 | F14: 2 | G14: 66.2 | H14: 21.42 | I14: 8.1 | J14: 0.08 | K14: 190.39 | L14: 17.99 | M14: 27.11 | N14: 2.2 | O14: 0 | P14: 0.65 | Q14: 9.32
A15: 03/11/2025 01:45 | B15: 10.17 | C15: 7.56 | D15: 12.1 | E15: 6.06 | F15: 2 | G15: 63.22 | H15: 25.35 | I15: 8.25 | J15: 0.14 | K15: 183.14 | L15: 17.51 | M15: 25.85 | N15: 2.1 | O15: 0 | P15: 0.66 | Q15: 9.32
A16: 03/11/2025 02:00 | B16: 10.12 | C16: 7.38 | D16: 11.97 | E16: 6.35 | F16: 2 | G16: 62.13 | H16: 26.3 | I16: 8.35 | J16: 0.17 | K16: 150.43 | L16: 14.67 | M16: 18.72 | N16: 2.1 | O16: 0 | P16: 0.65 | Q16: 9.32
A17: 03/11/2025 02:15 | B17: 9.95 | C17: 7.15 | D17: 11.71 | E17: 6.13 | F17: 2 | G17: 62.13 | H17: 26.3 | I17: 8.33 | J17: 0.12 | K17: 141.29 | L17: 14.29 | M17: 17.83 | N17: 2.3 | O17: 0 | P17: 0.66 | Q17: 9.32
A18: 03/11/2025 02:30 | B18: 9.76 | C18: 6.89 | D18: 11.43 | E18: 7.28 | F18: 2 | G18: 62.13 | H18: 26.3 | I18: 8.33 | J18: 0.08 | K18: 178.7 | L18: 15.67 | M18: 21.33 | N18: 2.2 | O18: 0 | P18: 0.65 | Q18: 9.32
A19: 03/11/2025 02:45 | B19: 9.48 | C19: 6.84 | D19: 11.18 | E19: 7.11 | F19: 2 | G19: 60.64 | H19: 21.55 | I19: 8.36 | J19: 0.12 | K19: 143.54 | L19: 14.26 | M19: 17.76 | N19: 2.1 | O19: 0 | P19: 0.65 | Q19: 9.32
A20: 03/11/2025 03:00 | B20: 9.8 | C20: 6.8 | D20: 11.41 | E20: 7.08 | F20: 2 | G20: 60.07 | H20: 21.4 | I20: 8.38 | J20: 0.15 | K20: 146.44 | L20: 14.42 | M20: 18.17 | N20: 2.1 | O20: 0 | P20: 0.66 | Q20: 9.32
... A104: 03/11/2025 24:00 | B104: 10.36 | C104: 10.33 | D104: 13.7 | E104: 8.03 | F104: 2 | G104: 72.73 | H104: 26.69 | I104: 8.89 | J104: 0.1 | K104: 290.39 | L104: 19.49 | M104: 30.76 | N104: 1.9 | O104: 0 | P104: 0.76 | Q104: 9.32
A106: Min | B106: =MIN(B9:B104) -> 2.88 | C106: =MIN(C9:C104) -> 6.62 | D106: =MIN(D9:D104) -> 7.13 | E106: =MIN(E9:E104) -> 5.49 | F106: =MIN(F9:F104) -> 2 | G106: =MIN(G9:G104) -> 55.73 | H106: =MIN(H9:H104) -> 20.54 | I106: =MIN(I9:I104) -> 5.65 | ... Q106: =MIN(Q9:Q104) -> 9.27
A107: Max | B107: =MAX(B9:B104) -> 19.63 | C107: =MAX(C9:C104) -> 12.03 | D107: =MAX(D9:D104) -> 20.2 | E107: =MAX(E9:E104) -> 9.3 | F107: =MAX(F9:F104) -> 8.18 | G107: =MAX(G9:G104) -> 89.04 | H107: =MAX(H9:H104) -> 31.56 | I107: =MAX(I9:I104) -> 8.89 | ... Q107: =MAX(Q9:Q104) -> 17.73
A108: Avg | B108: =AVERAGE(B9:B104) -> 9.5786458 | C108: =AVERAGE(C9:C104) -> 8.665 | D108: =AVERAGE(D9:D104) -> 12.208854 | E108: =AVERAGE(E9:E104) -> 7.4814583 | F108: =AVERAGE(F9:F104) -> 2.5711458 | G108: =AVERAGE(G9:G104) -> 66.044687 | H108: =AVERAGE(H9:H104) -> 24.594167 | I108: =AVERAGE(I9:I104) -> 7.5571875 | ... Q108: =AVERAGE(Q9:Q104) -> 9.4334375
A109: Stdev | B109: =STDEV(B9:B104) -> 5.6788217 | C109: =STDEV(C9:C104) -> 1.3658073 | D109: =STDEV(D9:D104) -> 4.5270541 | E109: =STDEV(E9:E104) -> 0.81204871 | F109: =STDEV(F9:F104) -> 1.2689447 | G109: =STDEV(G9:G104) -> 8.0353852 | H109: =STDEV(H9:H104) -> 2.9454485 | I109: =STDEV(I9:I104) -> 1.0322196 | ... Q109: =STDEV(Q9:Q104) -> 0.87712668
A110: Num | B110: =COUNT(B9:B104) -> 96 | C110: =COUNT(C9:C104) -> 96 | D110: =COUNT(D9:D104) -> 96 | E110: =COUNT(E9:E104) -> 96 | F110: =COUNT(F9:F104) -> 96 | G110: =COUNT(G9:G104) -> 96 | H110: =COUNT(H9:H104) -> 96 | I110: =COUNT(I9:I104) -> 96 | ... Q110: =COUNT(Q9:Q104) -> 96
A111: DCR | B111: =IF(B110>=87,">90%",IF(B110<=87,"<90%")) -> >90% | C111: =IF(C110>=87,">90%",IF(C110<=87,"<90%")) -> >90% | D111: =IF(D110>=87,">90%",IF(D110<=87,"<90%")) -> >90% | E111: =IF(E110>=87,">90%",IF(E110<=87,"<90%")) -> >90% | F111: =IF(F110>=87,">90%",IF(F110<=87,"<90%")) -> >90% | G111: =IF(G110>=87,">90%",IF(G110<=87,"<90%")) -> >90% | H111: =IF(H110>=87,">90%",IF(H110<=87,"<90%")) -> >90% | I111: =IF(I110>=87,">90%",IF(I110<=87,"<90%")) -> >90% | ... Q111: =IF(Q110>=87,">90%",IF(Q110<=87,"<90%")) -> >90%
A112: Status | B112: =IF(B110>=87,"OK",IF(B110<=87,"LESS")) -> OK | C112: =IF(C110>=87,"OK",IF(C110<=87,"LESS")) -> OK | D112: =IF(D110>=87,"OK",IF(D110<=87,"LESS")) -> OK | E112: =IF(E110>=87,"OK",IF(E110<=87,"LESS")) -> OK | F112: =IF(F110>=87,"OK",IF(F110<=87,"LESS")) -> OK | G112: =IF(G110>=87,"OK",IF(G110<=87,"LESS")) -> OK | H112: =IF(H110>=87,"OK",IF(H110<=87,"LESS")) -> OK | I112: =IF(I110>=87,"OK",IF(I110<=87,"LESS")) -> OK | ... Q112: =IF(Q110>=87,"OK",IF(Q110<=87,"LESS")) -> OK
A115: Done by | B115: AKASH
A117: Comment

Sheet 04
A1: Station: | B1: IGKV RAIPUR
A2: Date: | B2: =$A$9 -> 04/11/2025 00:15 | C2: Power Off | G2: Pw.Off | J2: Link Fail | L2: Link F | N2: Maintenance | P2: Maint.
A3: Report Type: | B3: Mean | C3: Calibration | G3: Calib. | J3: Data Fail | L3: Data F | N3: Invalid | P3: Invalid
A4: Time Base: | B4: 15 Min | C4: Zero Referrence | G4: Z.Ref | J4: Warm Up | L4: Wm. Up
A7: Date & Time | B7: NO | C7: NO2 | D7: NOX | E7: SO2 | F7: O3 | G7: PM 10 | H7: PM 2.5 | I7: BENZ | J7: WS | K7: WD | L7: TEMP | M7: HUM | N7: SR | O7: RG | P7: CO | Q7: NH3
B8: ug/m3 | C8: ug/m3 | D8: ppb | E8: ug/m3 | F8: ug/m3 | G8: ug/m3 | H8: ug/m3 | I8: ug/m3 | J8: m/sec | K8: deg | L8: degreC | M8: % | N8: w/m2 | O8: mm | P8: mg/m3 | Q8: ug/m3
A9: 04/11/2025 00:15 | B9: 10.11 | C9: 10.75 | D9: 13.73 | E9: 7.81 | F9: 2 | G9: 72.73 | H9: 26.69 | I9: 9.43 | J9: 0.1 | K9: 56.72 | L9: 12.68 | M9: 13.65 | N9: 2.1 | O9: 0 | P9: 0.75 | Q9: 9.32
A10: 04/11/2025 00:30 | B10: 9.17 | C10: 8.61 | D10: 11.86 | E10: 7.33 | F10: 2 | G10: 72.73 | H10: 26.69 | I10: 9.84 | J10: 0.26 | K10: 27.66 | L10: 12.49 | M10: 13 | N10: 2.2 | O10: 0 | P10: 0.73 | Q10: 9.32
A11: 04/11/2025 00:45 | B11: 9.13 | C11: 7.93 | D11: 11.47 | E11: 7.53 | F11: 2 | G11: 76.04 | H11: 32.5 | I11: 9.74 | J11: 0.23 | K11: 25.34 | L11: 12.08 | M11: 12.06 | N11: 2.5 | O11: 0 | P11: 0.75 | Q11: 9.32
A12: 04/11/2025 01:00 | B12: 9.26 | C12: 7.61 | D12: 11.41 | E12: 7.25 | F12: 2 | G12: 77.24 | H12: 32.58 | I12: 9.48 | J12: 0.22 | K12: 11.82 | L12: 14.9 | M12: 19.06 | N12: 2.4 | O12: 0 | P12: 0.78 | Q12: 9.32
A13: 04/11/2025 01:15 | B13: 9.54 | C13: 7.5 | D13: 11.57 | E13: 7.36 | F13: 2 | G13: 77.24 | H13: 32.58 | I13: 9.41 | J13: 0.28 | K13: 25.59 | L13: 7.23 | M13: -0.2 | N13: 2.4 | O13: 0 | P13: 0.78 | Q13: 9.32
A14: 04/11/2025 01:30 | B14: 9.93 | C14: 7.38 | D14: 11.82 | E14: 7.47 | F14: 2 | G14: 77.24 | H14: 32.58 | I14: 9.43 | J14: 0.21 | K14: 26.84 | L14: 9.72 | M14: 6.14 | N14: 2.3 | O14: 0 | P14: 0.78 | Q14: 9.32
A15: 04/11/2025 01:45 | B15: 10.45 | C15: 7.42 | D15: 12.25 | E15: 7.49 | F15: 2 | G15: 85.53 | H15: 32.57 | I15: 9.39 | J15: 0.13 | K15: 27.73 | L15: 8.29 | M15: 2.58 | N15: 2.2 | O15: 0 | P15: 0.78 | Q15: 9.32
A16: 04/11/2025 02:00 | B16: 11.09 | C16: 7.42 | D16: 12.77 | E16: 7.5 | F16: 2 | G16: 88.72 | H16: 32.57 | I16: 9.37 | J16: 0.15 | K16: 14.05 | L16: 13.56 | M16: 15.82 | N16: 2.1 | O16: 0 | P16: 0.78 | Q16: 9.32
A17: 04/11/2025 02:15 | B17: 11.57 | C17: 7.49 | D17: 13.19 | E17: 6.44 | F17: 2 | G17: 88.72 | H17: 32.57 | I17: 9.37 | J17: 0.21 | K17: 25.43 | L17: 11.5 | M17: 10.59 | N17: 2.1 | O17: 0 | P17: 0.79 | Q17: 9.32
A18: 04/11/2025 02:30 | B18: 11.98 | C18: 7.53 | D18: 13.54 | E18: 7.81 | F18: 2 | G18: 88.72 | H18: 32.57 | I18: 9.38 | J18: 0.24 | K18: 38.62 | L18: 8.53 | M18: 3.23 | N18: 2.2 | O18: 0 | P18: 0.79 | Q18: 9.32
A19: 04/11/2025 02:45 | B19: 12.35 | C19: 7.53 | D19: 13.84 | E19: 7.69 | F19: 2 | G19: 101.26 | H19: 31.14 | I19: 9.4 | J19: 0.19 | K19: 46.84 | L19: 11.41 | M19: 10.44 | N19: 2.1 | O19: 0 | P19: 0.79 | Q19: 9.32
A20: 04/11/2025 03:00 | B20: 12.85 | C20: 7.53 | D20: 14.24 | E20: 7.51 | F20: 2 | G20: 105.81 | H20: 31.09 | I20: 9.38 | J20: 0.2 | K20: 40.9 | L20: 7.91 | M20: 1.68 | N20: 2.1 | O20: 0 | P20: 0.79 | Q20: 9.32
... A104: 04/11/2025 24:00 | B104: 11.8 | C104: 7.96 | D104: 13.62 | E104: 6.53 | F104: 2 | G104: 96.92 | H104: 29.99 | I104: 9.22 | J104: 0.1 | K104: 181.12 | L104: 17.04 | M104: 24.89 | N104: 2.1 | O104: 0 | P104: 0.7 | Q104: 32.49
A106: Min | B106: =MIN(B9:B104) -> 3.41 | C106: =MIN(C9:C104) -> 7.38 | D106: =MIN(D9:D104) -> 8.31 | E106: =MIN(E9:E104) -> 5.51 | F106: =MIN(F9:F104) -> 2 | G106: =MIN(G9:G104) -> 59.82 | H106: =MIN(H9:H104) -> 21.02 | I106: =MIN(I9:I104) -> 5.87 | ... Q106: =MIN(Q9:Q104) -> 9.32
A107: Max | B107: =MAX(B9:B104) -> 15.22 | C107: =MAX(C9:C104) -> 14.56 | D107: =MAX(D9:D104) -> 16.6 | E107: =MAX(E9:E104) -> 13.91 | F107: =MAX(F9:F104) -> 9.29 | G107: =MAX(G9:G104) -> 108.27 | H107: =MAX(H9:H104) -> 34.01 | I107: =MAX(I9:I104) -> 9.84 | ... Q107: =MAX(Q9:Q104) -> 32.49
A108: Avg | B108: =AVERAGE(B9:B104) -> 9.1133333 | C108: =AVERAGE(C9:C104) -> 9.0895833 | D108: =AVERAGE(D9:D104) -> 12.0575 | E108: =AVERAGE(E9:E104) -> 7.8457292 | F108: =AVERAGE(F9:F104) -> 2.3182292 | G108: =AVERAGE(G9:G104) -> 83.881042 | H108: =AVERAGE(H9:H104) -> 28.561875 | I108: =AVERAGE(I9:I104) -> 8.0591667 | ... Q108: =AVERAGE(Q9:Q104) -> 9.7610417
A109: Stdev | B109: =STDEV(B9:B104) -> 3.8303724 | C109: =STDEV(C9:C104) -> 1.7266694 | D109: =STDEV(D9:D104) -> 2.6598678 | E109: =STDEV(E9:E104) -> 1.7204453 | F109: =STDEV(F9:F104) -> 1.1610431 | G109: =STDEV(G9:G104) -> 14.579962 | H109: =STDEV(H9:H104) -> 3.5655496 | I109: =STDEV(I9:I104) -> 1.0665129 | ... Q109: =STDEV(Q9:Q104) -> 2.722702
A110: Num | B110: =COUNT(B9:B104) -> 96 | C110: =COUNT(C9:C104) -> 96 | D110: =COUNT(D9:D104) -> 96 | E110: =COUNT(E9:E104) -> 96 | F110: =COUNT(F9:F104) -> 96 | G110: =COUNT(G9:G104) -> 96 | H110: =COUNT(H9:H104) -> 96 | I110: =COUNT(I9:I104) -> 96 | ... Q110: =COUNT(Q9:Q104) -> 96
A111: DCR | B111: =IF(B110>=87,">90%",IF(B110<=87,"<90%")) -> >90% | C111: =IF(C110>=87,">90%",IF(C110<=87,"<90%")) -> >90% | D111: =IF(D110>=87,">90%",IF(D110<=87,"<90%")) -> >90% | E111: =IF(E110>=87,">90%",IF(E110<=87,"<90%")) -> >90% | F111: =IF(F110>=87,">90%",IF(F110<=87,"<90%")) -> >90% | G111: =IF(G110>=87,">90%",IF(G110<=87,"<90%")) -> >90% | H111: =IF(H110>=87,">90%",IF(H110<=87,"<90%")) -> >90% | I111: =IF(I110>=87,">90%",IF(I110<=87,"<90%")) -> >90% | ... Q111: =IF(Q110>=87,">90%",IF(Q110<=87,"<90%")) -> >90%
A112: Status | B112: =IF(B110>=87,"OK",IF(B110<=87,"LESS")) -> OK | C112: =IF(C110>=87,"OK",IF(C110<=87,"LESS")) -> OK | D112: =IF(D110>=87,"OK",IF(D110<=87,"LESS")) -> OK | E112: =IF(E110>=87,"OK",IF(E110<=87,"LESS")) -> OK | F112: =IF(F110>=87,"OK",IF(F110<=87,"LESS")) -> OK | G112: =IF(G110>=87,"OK",IF(G110<=87,"LESS")) -> OK | H112: =IF(H110>=87,"OK",IF(H110<=87,"LESS")) -> OK | I112: =IF(I110>=87,"OK",IF(I110<=87,"LESS")) -> OK | ... Q112: =IF(Q110>=87,"OK",IF(Q110<=87,"LESS")) -> OK
A115: Done by | B115: AKASH
A117: Comment

Sheet 05
A1: Station: | B1: IGKV RAIPUR
A2: Date: | B2: =$A$9 -> 05/11/2025 00:15 | C2: Power Off | G2: Pw.Off | J2: Link Fail | L2: Link F | N2: Maintenance | P2: Maint.
A3: Report Type: | B3: Mean | C3: Calibration | G3: Calib. | J3: Data Fail | L3: Data F | N3: Invalid | P3: Invalid
A4: Time Base: | B4: 15 Min | C4: Zero Referrence | G4: Z.Ref | J4: Warm Up | L4: Wm. Up
A7: Date & Time | B7: NO | C7: NO2 | D7: NOX | E7: SO2 | F7: O3 | G7: PM 10 | H7: PM 2.5 | I7: BENZ | J7: WS | K7: WD | L7: TEMP | M7: HUM | N7: SR | O7: RG | P7: CO | Q7: NH3
B8: ug/m3 | C8: ug/m3 | D8: ppb | E8: ug/m3 | F8: ug/m3 | G8: ug/m3 | H8: ug/m3 | I8: ug/m3 | J8: m/sec | K8: deg | L8: degreC | M8: % | N8: w/m2 | O8: mm | P8: mg/m3 | Q8: ug/m3
A9: 05/11/2025 00:15 | B9: 12.66 | C9: 8 | D9: 14.33 | E9: 6.61 | F9: 2 | G9: 96.92 | H9: 29.99 | I9: 9.24 | J9: 0.14 | K9: 207.69 | L9: 19.15 | M9: 30.2 | N9: 2 | O9: 0 | P9: 0.7 | Q9: 11.01
A10: 05/11/2025 00:30 | B10: 12.76 | C10: 8.05 | D10: 14.43 | E10: 6.77 | F10: 2 | G10: 96.92 | H10: 29.99 | I10: 9.31 | J10: 0.13 | K10: 208.24 | L10: 18.76 | M10: 29.24 | N10: 2.3 | O10: 0 | P10: 0.71 | Q10: 9.42
A11: 05/11/2025 00:45 | B11: 12.9 | C11: 8.02 | D11: 14.53 | E11: 6.29 | F11: 2 | G11: 91.44 | H11: 26.62 | I11: 9.36 | J11: 0.08 | K11: 211.59 | L11: 19.47 | M11: 31.03 | N11: 2.1 | O11: 0 | P11: 0.71 | Q11: 9.32
A12: 05/11/2025 01:00 | B12: 13.03 | C12: 7.91 | D12: 14.58 | E12: 6.73 | F12: 2 | G12: 89.44 | H12: 26.47 | I12: 9.38 | J12: 0.09 | K12: 145.15 | L12: 14.57 | M12: 18.75 | N12: 2.1 | O12: 0 | P12: 0.7 | Q12: 9.32
A13: 05/11/2025 01:15 | B13: 13.25 | C13: 7.82 | D13: 14.71 | E13: 6.4 | F13: 2 | G13: 89.44 | H13: 26.47 | I13: 9.4 | J13: 0.1 | K13: 185.77 | L13: 17.73 | M13: 26.65 | N13: 2.1 | O13: 0 | P13: 0.68 | Q13: 14.49
A14: 05/11/2025 01:30 | B14: 14.26 | C14: 8.1 | D14: 15.67 | E14: 6.65 | F14: 2 | G14: 89.44 | H14: 26.47 | I14: 9.47 | J14: 0.13 | K14: 161.78 | L14: 15.89 | M14: 21.98 | N14: 2.1 | O14: 0 | P14: 0.66 | Q14: 14.08
A15: 05/11/2025 01:45 | B15: 15.81 | C15: 8.65 | D15: 17.2 | E15: 6.92 | F15: 2 | G15: 92.52 | H15: 28.83 | I15: 9.52 | J15: 0.18 | K15: 152.6 | L15: 15.05 | M15: 19.76 | N15: 2 | O15: 0 | P15: 0.67 | Q15: 10.48
A16: 05/11/2025 02:00 | B16: 17.11 | C16: 8.96 | D16: 18.41 | E16: 6.8 | F16: 2 | G16: 93.71 | H16: 28.95 | I16: 9.52 | J16: 0.11 | K16: 208.17 | L16: 19.26 | M16: 30.19 | N16: 2.1 | O16: 0 | P16: 0.67 | Q16: 10.01
A17: 05/11/2025 02:15 | B17: 17.31 | C17: 8.9 | D17: 18.53 | E17: 5.25 | F17: 2 | G17: 93.71 | H17: 28.95 | I17: 9.58 | J17: 0.13 | K17: 225.15 | L17: 19.73 | M17: 31.41 | N17: 2.1 | O17: 0 | P17: 0.67 | Q17: 10.29
A18: 05/11/2025 02:30 | B18: 17.04 | C18: 8.78 | D18: 18.25 | E18: 6.41 | F18: 2 | G18: 93.71 | H18: 28.95 | I18: 9.64 | J18: 0.17 | K18: 165.65 | L18: 15.91 | M18: 21.97 | N18: 2.1 | O18: 0 | P18: 0.67 | Q18: 9.49
A19: 05/11/2025 02:45 | B19: 16.64 | C19: 8.62 | D19: 17.85 | E19: 6.2 | F19: 2 | G19: 84.31 | H19: 28.87 | I19: 9.66 | J19: 0.09 | K19: 171.43 | L19: 16.77 | M19: 24.05 | N19: 2.1 | O19: 0 | P19: 0.67 | Q19: 9.32
A20: 05/11/2025 03:00 | B20: 16.25 | C20: 8.43 | D20: 17.43 | E20: 6.24 | F20: 2 | G20: 80.69 | H20: 28.87 | I20: 9.67 | J20: 0.18 | K20: 124.93 | L20: 12.74 | M20: 13.97 | N20: 2 | O20: 0 | P20: 0.67 | Q20: 9.46
... A104: 05/11/2025 24:00 | B104: 8.74 | C104: 10.28 | D104: 12.38 | E104: 7.1 | F104: 2 | G104: 73.32 | H104: 29.87 | I104: 7.29 | J104: 0.13 | K104: 198.77 | L104: 19.14 | M104: 29.95 | N104: 2.1 | O104: 0 | P104: 0.67 | Q104: 9.32
A106: Min | B106: =MIN(B9:B104) -> 1.65 | C106: =MIN(C9:C104) -> 6.74 | D106: =MIN(D9:D104) -> 5.97 | E106: =MIN(E9:E104) -> 3.99 | F106: =MIN(F9:F104) -> 1.45 | G106: =MIN(G9:G104) -> 0 | H106: =MIN(H9:H104) -> 0 | I106: =MIN(I9:I104) -> 3.59 | ... Q106: =MIN(Q9:Q104) -> 9.32
A107: Max | B107: =MAX(B9:B104) -> 21.7 | C107: =MAX(C9:C104) -> 21.57 | D107: =MAX(D9:D104) -> 22.18 | E107: =MAX(E9:E104) -> 16.9 | F107: =MAX(F9:F104) -> 259.23 | G107: =MAX(G9:G104) -> 100.83 | H107: =MAX(H9:H104) -> 46.42 | I107: =MAX(I9:I104) -> 12.12 | ... Q107: =MAX(Q9:Q104) -> 14.49
A108: Avg | B108: =AVERAGE(B9:B104) -> 9.2715625 | C108: =AVERAGE(C9:C104) -> 10.269896 | D108: =AVERAGE(D9:D104) -> 12.801354 | E108: =AVERAGE(E9:E104) -> 7.0827083 | F108: =AVERAGE(F9:F104) -> 11.035521 | G108: =AVERAGE(G9:G104) -> 71.388958 | H108: =AVERAGE(H9:H104) -> 29.821667 | I108: =AVERAGE(I9:I104) -> 8.4905208 | ... Q108: =AVERAGE(Q9:Q104) -> 9.5391667
A109: Stdev | B109: =STDEV(B9:B104) -> 7.0521058 | C109: =STDEV(C9:C104) -> 3.057774 | D109: =STDEV(D9:D104) -> 5.1531427 | E109: =STDEV(E9:E104) -> 2.5024954 | F109: =STDEV(F9:F104) -> 29.301746 | G109: =STDEV(G9:G104) -> 22.164177 | H109: =STDEV(H9:H104) -> 8.0660311 | I109: =STDEV(I9:I104) -> 2.3907666 | ... Q109: =STDEV(Q9:Q104) -> 0.7936414
A110: Num | B110: =COUNT(B9:B104) -> 96 | C110: =COUNT(C9:C104) -> 96 | D110: =COUNT(D9:D104) -> 96 | E110: =COUNT(E9:E104) -> 96 | F110: =COUNT(F9:F104) -> 96 | G110: =COUNT(G9:G104) -> 96 | H110: =COUNT(H9:H104) -> 96 | I110: =COUNT(I9:I104) -> 96 | ... Q110: =COUNT(Q9:Q104) -> 96
A111: DCR | B111: =IF(B110>=87,">90%",IF(B110<=87,"<90%")) -> >90% | C111: =IF(C110>=87,">90%",IF(C110<=87,"<90%")) -> >90% | D111: =IF(D110>=87,">90%",IF(D110<=87,"<90%")) -> >90% | E111: =IF(E110>=87,">90%",IF(E110<=87,"<90%")) -> >90% | F111: =IF(F110>=87,">90%",IF(F110<=87,"<90%")) -> >90% | G111: =IF(G110>=87,">90%",IF(G110<=87,"<90%")) -> >90% | H111: =IF(H110>=87,">90%",IF(H110<=87,"<90%")) -> >90% | I111: =IF(I110>=87,">90%",IF(I110<=87,"<90%")) -> >90% | ... Q111: =IF(Q110>=87,">90%",IF(Q110<=87,"<90%")) -> >90%
A112: Status | B112: =IF(B110>=87,"OK",IF(B110<=87,"LESS")) -> OK | C112: =IF(C110>=87,"OK",IF(C110<=87,"LESS")) -> OK | D112: =IF(D110>=87,"OK",IF(D110<=87,"LESS")) -> OK | E112: =IF(E110>=87,"OK",IF(E110<=87,"LESS")) -> OK | F112: =IF(F110>=87,"OK",IF(F110<=87,"LESS")) -> OK | G112: =IF(G110>=87,"OK",IF(G110<=87,"LESS")) -> OK | H112: =IF(H110>=87,"OK",IF(H110<=87,"LESS")) -> OK | I112: =IF(I110>=87,"OK",IF(I110<=87,"LESS")) -> OK | ... Q112: =IF(Q110>=87,"OK",IF(Q110<=87,"LESS")) -> OK
A115: Done by | B115: AKASH
A117: Comment

Sheet 06
A1: Station: | B1: IGKV RAIPUR
A2: Date: | B2: =$A$9 -> 06/11/2025 00:15 | C2: Power Off | G2: Pw.Off | J2: Link Fail | L2: Link F | N2: Maintenance | P2: Maint.
A3: Report Type: | B3: Mean | C3: Calibration | G3: Calib. | J3: Data Fail | L3: Data F | N3: Invalid | P3: Invalid
A4: Time Base: | B4: 15 Min | C4: Zero Referrence | G4: Z.Ref | J4: Warm Up | L4: Wm. Up
A7: Date & Time | B7: NO | C7: NO2 | D7: NOX | E7: SO2 | F7: O3 | G7: PM 10 | H7: PM 2.5 | I7: BENZ | J7: WS | K7: WD | L7: TEMP | M7: HUM | N7: SR | O7: RG | P7: CO | Q7: NH3
B8: ug/m3 | C8: ug/m3 | D8: ppb | E8: ug/m3 | F8: ug/m3 | G8: ug/m3 | H8: ug/m3 | I8: ug/m3 | J8: m/sec | K8: deg | L8: degreC | M8: % | N8: w/m2 | O8: mm | P8: mg/m3 | Q8: ug/m3
A9: 06/11/2025 00:15 | B9: 8.98 | C9: 10.82 | D9: 12.85 | E9: 7 | F9: 2 | G9: 73.32 | H9: 29.87 | I9: 7.29 | J9: 0.15 | K9: 181.89 | L9: 17.3 | M9: 25.39 | N9: 2.1 | O9: 0 | P9: 0.67 | Q9: 9.92
A10: 06/11/2025 00:30 | B10: 8.45 | C10: 9.57 | D10: 11.77 | E10: 6.86 | F10: 2 | G10: 74.6 | H10: 30.76 | I10: 7.31 | J10: 0.18 | K10: 172.29 | L10: 16.4 | M10: 23.16 | N10: 2.1 | O10: 0 | P10: 0.66 | Q10: 11.87
A11: 06/11/2025 00:45 | B11: 8.26 | C11: 8.84 | D11: 11.24 | E11: 6.31 | F11: 2 | G11: 76.2 | H11: 31.36 | I11: 7.3 | J11: 0.29 | K11: 168.46 | L11: 16.44 | M11: 23.21 | N11: 2.3 | O11: 0 | P11: 0.66 | Q11: 10.91
A12: 06/11/2025 01:00 | B12: 8.16 | C12: 8.37 | D12: 10.91 | E12: 6.15 | F12: 2 | G12: 76.2 | H12: 31.36 | I12: 7.29 | J12: 0.19 | K12: 171.87 | L12: 16.95 | M12: 24.45 | N12: 2.5 | O12: 0 | P12: 0.67 | Q12: 9.41
A13: 06/11/2025 01:15 | B13: 8.03 | C13: 8 | D13: 10.62 | E13: 6.1 | F13: 2 | G13: 76.2 | H13: 31.36 | I13: 7.29 | J13: 0.07 | K13: 181.32 | L13: 19.03 | M13: 29.5 | N13: 2.4 | O13: 0 | P13: 0.67 | Q13: 9.32
A14: 06/11/2025 01:30 | B14: 7.85 | C14: 7.75 | D14: 10.34 | E14: 6 | F14: 2 | G14: 74.65 | H14: 30.4 | I14: 7.27 | J14: 0.14 | K14: 152.77 | L14: 15.11 | M14: 19.94 | N14: 2.2 | O14: 0 | P14: 0.66 | Q14: 9.32
A15: 06/11/2025 01:45 | B15: 7.82 | C15: 7.51 | D15: 10.2 | E15: 4.74 | F15: 2 | G15: 72.72 | H15: 28.8 | I15: 7.25 | J15: 0.13 | K15: 177.89 | L15: 17.13 | M15: 24.91 | N15: 2.1 | O15: 0 | P15: 0.66 | Q15: 9.32
A16: 06/11/2025 02:00 | B16: 7.98 | C16: 7.32 | D16: 10.23 | E16: 5.97 | F16: 2 | G16: 72.72 | H16: 28.8 | I16: 7.24 | J16: 0.07 | K16: 206.82 | L16: 18.86 | M16: 29.42 | N16: 2.1 | O16: 0 | P16: 0.67 | Q16: 9.32
A17: 06/11/2025 02:15 | B17: 8.2 | C17: 7.1 | D17: 10.28 | E17: 5.12 | F17: 2 | G17: 72.72 | H17: 28.8 | I17: 7.29 | J17: 0.09 | K17: 156.5 | L17: 15.71 | M17: 21.5 | N17: 2.1 | O17: 0 | P17: 0.66 | Q17: 9.32
A18: 06/11/2025 02:30 | B18: 8.38 | C18: 6.96 | D18: 10.36 | E18: 6.03 | F18: 2 | G18: 67.68 | H18: 24.36 | I18: 7.33 | J18: 0.09 | K18: 178.09 | L18: 16.99 | M18: 24.74 | N18: 2.1 | O18: 0 | P18: 0.66 | Q18: 9.32
A19: 06/11/2025 02:45 | B19: 8.55 | C19: 6.92 | D19: 10.47 | E19: 6.1 | F19: 2 | G19: 61.38 | H19: 21.29 | I19: 7.44 | J19: 0.07 | K19: 103.77 | L19: 12.4 | M19: 13.22 | N19: 2.1 | O19: 0 | P19: 0.66 | Q19: 9.32
A20: 06/11/2025 03:00 | B20: 8.95 | C20: 6.8 | D20: 10.73 | E20: 5.85 | F20: 2 | G20: 61.38 | H20: 21.29 | I20: 7.61 | J20: 0.11 | K20: 167 | L20: 16.16 | M20: 22.7 | N20: 2 | O20: 0 | P20: 0.67 | Q20: 9.32
... A104: 06/11/2025 24:00 | B104: 9.27 | C104: 8.38 | D104: 11.81 | E104: 5.97 | F104: 2 | G104: 105.67 | H104: 38.72 | I104: 9.36 | J104: 0.19 | K104: 180.96 | L104: 17.06 | M104: 24.97 | N104: 2.5 | O104: 0 | P104: 0.78 | Q104: 9.32
A106: Min | B106: =MIN(B9:B104) -> 2.91 | C106: =MIN(C9:C104) -> 6.8 | D106: =MIN(D9:D104) -> 6.6 | E106: =MIN(E9:E104) -> 4.04 | F106: =MIN(F9:F104) -> 2 | G106: =MIN(G9:G104) -> 52.18 | H106: =MIN(H9:H104) -> 18.61 | I106: =MIN(I9:I104) -> 6.12 | ... Q106: =MIN(Q9:Q104) -> 9.32
A107: Max | B107: =MAX(B9:B104) -> 17.11 | C107: =MAX(C9:C104) -> 15.01 | D107: =MAX(D9:D104) -> 18.66 | E107: =MAX(E9:E104) -> 11.12 | F107: =MAX(F9:F104) -> 7.47 | G107: =MAX(G9:G104) -> 107.72 | H107: =MAX(H9:H104) -> 38.72 | I107: =MAX(I9:I104) -> 10.26 | ... Q107: =MAX(Q9:Q104) -> 11.87
A108: Avg | B108: =AVERAGE(B9:B104) -> 8.0605208 | C108: =AVERAGE(C9:C104) -> 9.2042708 | D108: =AVERAGE(D9:D104) -> 11.273125 | E108: =AVERAGE(E9:E104) -> 6.7445833 | F108: =AVERAGE(F9:F104) -> 2.4255208 | G108: =AVERAGE(G9:G104) -> 77.881771 | H108: =AVERAGE(H9:H104) -> 27.897917 | I108: =AVERAGE(I9:I104) -> 8.07125 | ... Q108: =AVERAGE(Q9:Q104) -> 9.3719792
A109: Stdev | B109: =STDEV(B9:B104) -> 4.4799613 | C109: =STDEV(C9:C104) -> 1.8202919 | D109: =STDEV(D9:D104) -> 3.5517318 | E109: =STDEV(E9:E104) -> 1.1299082 | F109: =STDEV(F9:F104) -> 0.98382804 | G109: =STDEV(G9:G104) -> 18.313839 | H109: =STDEV(H9:H104) -> 4.2838175 | I109: =STDEV(I9:I104) -> 1.0447757 | ... Q109: =STDEV(Q9:Q104) -> 0.31060084
A110: Num | B110: =COUNT(B9:B104) -> 96 | C110: =COUNT(C9:C104) -> 96 | D110: =COUNT(D9:D104) -> 96 | E110: =COUNT(E9:E104) -> 96 | F110: =COUNT(F9:F104) -> 96 | G110: =COUNT(G9:G104) -> 96 | H110: =COUNT(H9:H104) -> 96 | I110: =COUNT(I9:I104) -> 96 | ... Q110: =COUNT(Q9:Q104) -> 96
A111: DCR | B111: =IF(B110>=87,">90%",IF(B110<=87,"<90%")) -> >90% | C111: =IF(C110>=87,">90%",IF(C110<=87,"<90%")) -> >90% | D111: =IF(D110>=87,">90%",IF(D110<=87,"<90%")) -> >90% | E111: =IF(E110>=87,">90%",IF(E110<=87,"<90%")) -> >90% | F111: =IF(F110>=87,">90%",IF(F110<=87,"<90%")) -> >90% | G111: =IF(G110>=87,">90%",IF(G110<=87,"<90%")) -> >90% | H111: =IF(H110>=87,">90%",IF(H110<=87,"<90%")) -> >90% | I111: =IF(I110>=87,">90%",IF(I110<=87,"<90%")) -> >90% | ... Q111: =IF(Q110>=87,">90%",IF(Q110<=87,"<90%")) -> >90%
A112: Status | B112: =IF(B110>=87,"OK",IF(B110<=87,"LESS")) -> OK | C112: =IF(C110>=87,"OK",IF(C110<=87,"LESS")) -> OK | D112: =IF(D110>=87,"OK",IF(D110<=87,"LESS")) -> OK | E112: =IF(E110>=87,"OK",IF(E110<=87,"LESS")) -> OK | F112: =IF(F110>=87,"OK",IF(F110<=87,"LESS")) -> OK | G112: =IF(G110>=87,"OK",IF(G110<=87,"LESS")) -> OK | H112: =IF(H110>=87,"OK",IF(H110<=87,"LESS")) -> OK | I112: =IF(I110>=87,"OK",IF(I110<=87,"LESS")) -> OK | ... Q112: =IF(Q110>=87,"OK",IF(Q110<=87,"LESS")) -> OK
A115: Done by | B115: AKASH
A117: Comment

Sheet 07
A1: Station: | B1: IGKV RAIPUR
A2: Date: | B2: =$A$9 -> 07/11/2025 00:15 | C2: Power Off | G2: Pw.Off | J2: Link Fail | L2: Link F | N2: Maintenance | P2: Maint.
A3: Report Type: | B3: Mean | C3: Calibration | G3: Calib. | J3: Data Fail | L3: Data F | N3: Invalid | P3: Invalid
A4: Time Base: | B4: 15 Min | C4: Zero Referrence | G4: Z.Ref | J4: Warm Up | L4: Wm. Up
A7: Date & Time | B7: NO | C7: NO2 | D7: NOX | E7: SO2 | F7: O3 | G7: PM 10 | H7: PM 2.5 | I7: BENZ | J7: WS | K7: WD | L7: TEMP | M7: HUM | N7: SR | O7: RG | P7: CO | Q7: NH3
B8: ug/m3 | C8: ug/m3 | D8: ppb | E8: ug/m3 | F8: ug/m3 | G8: ug/m3 | H8: ug/m3 | I8: ug/m3 | J8: m/sec | K8: deg | L8: degreC | M8: % | N8: w/m2 | O8: mm | P8: mg/m3 | Q8: ug/m3
A9: 07/11/2025 00:15 | B9: 9.25 | C9: 8.41 | D9: 11.81 | E9: 5.72 | F9: 2 | G9: 105.67 | H9: 38.72 | I9: 9.41 | J9: 0.14 | K9: 180.19 | L9: 17.16 | M9: 25.25 | N9: 2.3 | O9: 0 | P9: 0.79 | Q9: 9.32
A10: 07/11/2025 00:30 | B10: 9.41 | C10: 8.18 | D10: 11.82 | E10: 5.89 | F10: 2 | G10: 104.32 | H10: 35.51 | I10: 9.44 | J10: 0.11 | K10: 176.87 | L10: 16.63 | M10: 23.92 | N10: 2.1 | O10: 0 | P10: 0.78 | Q10: 9.32
A11: 07/11/2025 00:45 | B11: 9.6 | C11: 7.95 | D11: 11.85 | E11: 5.78 | F11: 2 | G11: 102.63 | H11: 33.33 | I11: 9.48 | J11: 0.08 | K11: 173.6 | L11: 17.35 | M11: 25.74 | N11: 2 | O11: 0 | P11: 0.78 | Q11: 9.32
A12: 07/11/2025 01:00 | B12: 9.89 | C12: 7.87 | D12: 12.05 | E12: 6.18 | F12: 2 | G12: 102.63 | H12: 33.33 | I12: 9.51 | J12: 0.08 | K12: 186.05 | L12: 17.33 | M12: 25.69 | N12: 2.1 | O12: 0 | P12: 0.79 | Q12: 9.32
A13: 07/11/2025 01:15 | B13: 10.93 | C13: 8.07 | D13: 12.98 | E13: 5.89 | F13: 2 | G13: 102.63 | H13: 33.33 | I13: 9.59 | J13: 0.19 | K13: 178.88 | L13: 17.39 | M13: 25.83 | N13: 2 | O13: 0 | P13: 0.81 | Q13: 9.32
A14: 07/11/2025 01:30 | B14: 11.76 | C14: 8.19 | D14: 13.7 | E14: 6.02 | F14: 2 | G14: 103.7 | H14: 37.12 | I14: 9.68 | J14: 0.18 | K14: 173.64 | L14: 16.93 | M14: 24.67 | N14: 2.3 | O14: 0 | P14: 0.81 | Q14: 9.32
A15: 07/11/2025 01:45 | B15: 12.07 | C15: 8.1 | D15: 13.91 | E15: 6.32 | F15: 2 | G15: 105.05 | H15: 43.52 | I15: 9.77 | J15: 0.12 | K15: 180.17 | L15: 16.31 | M15: 23.05 | N15: 2.1 | O15: 0 | P15: 0.81 | Q15: 9.32
A16: 07/11/2025 02:00 | B16: 12.28 | C16: 8.03 | D16: 14.05 | E16: 6.4 | F16: 2 | G16: 105.05 | H16: 43.52 | I16: 9.79 | J16: 0.13 | K16: 172.79 | L16: 17.21 | M16: 25.38 | N16: 2.1 | O16: 0 | P16: 0.81 | Q16: 9.32
A17: 07/11/2025 02:15 | B17: 12.71 | C17: 8.03 | D17: 14.39 | E17: 5.87 | F17: 2 | G17: 105.05 | H17: 43.52 | I17: 9.77 | J17: 0.14 | K17: 161.77 | L17: 15.8 | M17: 21.83 | N17: 2.1 | O17: 0 | P17: 0.82 | Q17: 9.32
A18: 07/11/2025 02:30 | B18: 13.23 | C18: 8.01 | D18: 14.79 | E18: 7.19 | F18: 2 | G18: 102.78 | H18: 42.71 | I18: 9.82 | J18: 0.09 | K18: 125.32 | L18: 12.6 | M18: 13.77 | N18: 1.9 | O18: 0 | P18: 0.81 | Q18: 9.32
A19: 07/11/2025 02:45 | B19: 13.95 | C19: 8.23 | D19: 15.49 | E19: 7.17 | F19: 2 | G19: 99.94 | H19: 42.16 | I19: 9.84 | J19: 0.1 | K19: 118.9 | L19: 11.46 | M19: 10.72 | N19: 2 | O19: 0 | P19: 0.81 | Q19: 9.32
A20: 07/11/2025 03:00 | B20: 14.36 | C20: 8.44 | D20: 15.93 | E20: 7.37 | F20: 2 | G20: 99.94 | H20: 42.16 | I20: 9.79 | J20: 0.09 | K20: 122.53 | L20: 13.32 | M20: 15.4 | N20: 2.2 | O20: 0 | P20: 0.8 | Q20: 9.32
... A104: 07/11/2025 24:00 | B104: 13.83 | C104: 9.78 | D104: 16.21 | E104: 6.12 | F104: 2 | G104: 86.91 | H104: 34.3 | I104: 9.4 | J104: 0.19 | K104: 166.63 | L104: 16.15 | M104: 22.66 | N104: 2.1 | O104: 0 | P104: 0.68 | Q104: 9.32
A106: Min | B106: =MIN(B9:B104) -> 2.13 | C106: =MIN(C9:C104) -> 7.87 | D106: =MIN(D9:D104) -> 7.87 | E106: =MIN(E9:E104) -> 3.83 | F106: =MIN(F9:F104) -> 1.22 | G106: =MIN(G9:G104) -> 51.83 | H106: =MIN(H9:H104) -> 18.54 | I106: =MIN(I9:I104) -> 3.2 | ... Q106: =MIN(Q9:Q104) -> 9.32
A107: Max | B107: =MAX(B9:B104) -> 16.33 | C107: =MAX(C9:C104) -> 27.03 | D107: =MAX(D9:D104) -> 17.99 | E107: =MAX(E9:E104) -> 20.49 | F107: =MAX(F9:F104) -> 67.12 | G107: =MAX(G9:G104) -> 118.93 | H107: =MAX(H9:H104) -> 43.52 | I107: =MAX(I9:I104) -> 10.66 | ... Q107: =MAX(Q9:Q104) -> 15.17
A108: Avg | B108: =AVERAGE(B9:B104) -> 10.011667 | C108: =AVERAGE(C9:C104) -> 11.190833 | D108: =AVERAGE(D9:D104) -> 13.874896 | E108: =AVERAGE(E9:E104) -> 6.9552083 | F108: =AVERAGE(F9:F104) -> 4.77625 | G108: =AVERAGE(G9:G104) -> 89.573958 | H108: =AVERAGE(H9:H104) -> 30.083021 | I108: =AVERAGE(I9:I104) -> 8.145 | ... Q108: =AVERAGE(Q9:Q104) -> 9.4114583
A109: Stdev | B109: =STDEV(B9:B104) -> 4.7338291 | C109: =STDEV(C9:C104) -> 4.3101649 | D109: =STDEV(D9:D104) -> 2.8636072 | E109: =STDEV(E9:E104) -> 2.7006179 | F109: =STDEV(F9:F104) -> 11.218597 | G109: =STDEV(G9:G104) -> 22.951437 | H109: =STDEV(H9:H104) -> 7.3683033 | I109: =STDEV(I9:I104) -> 2.120146 | ... Q109: =STDEV(Q9:Q104) -> 0.64838257
A110: Num | B110: =COUNT(B9:B104) -> 96 | C110: =COUNT(C9:C104) -> 96 | D110: =COUNT(D9:D104) -> 96 | E110: =COUNT(E9:E104) -> 96 | F110: =COUNT(F9:F104) -> 96 | G110: =COUNT(G9:G104) -> 96 | H110: =COUNT(H9:H104) -> 96 | I110: =COUNT(I9:I104) -> 96 | ... Q110: =COUNT(Q9:Q104) -> 96
A111: DCR | B111: =IF(B110>=87,">90%",IF(B110<=87,"<90%")) -> >90% | C111: =IF(C110>=87,">90%",IF(C110<=87,"<90%")) -> >90% | D111: =IF(D110>=87,">90%",IF(D110<=87,"<90%")) -> >90% | E111: =IF(E110>=87,">90%",IF(E110<=87,"<90%")) -> >90% | F111: =IF(F110>=87,">90%",IF(F110<=87,"<90%")) -> >90% | G111: =IF(G110>=87,">90%",IF(G110<=87,"<90%")) -> >90% | H111: =IF(H110>=87,">90%",IF(H110<=87,"<90%")) -> >90% | I111: =IF(I110>=87,">90%",IF(I110<=87,"<90%")) -> >90% | ... Q111: =IF(Q110>=87,">90%",IF(Q110<=87,"<90%")) -> >90%
A112: Status | B112: =IF(B110>=87,"OK",IF(B110<=87,"LESS")) -> OK | C112: =IF(C110>=87,"OK",IF(C110<=87,"LESS")) -> OK | D112: =IF(D110>=87,"OK",IF(D110<=87,"LESS")) -> OK | E112: =IF(E110>=87,"OK",IF(E110<=87,"LESS")) -> OK | F112: =IF(F110>=87,"OK",IF(F110<=87,"LESS")) -> OK | G112: =IF(G110>=87,"OK",IF(G110<=87,"LESS")) -> OK | H112: =IF(H110>=87,"OK",IF(H110<=87,"LESS")) -> OK | I112: =IF(I110>=87,"OK",IF(I110<=87,"LESS")) -> OK | ... Q112: =IF(Q110>=87,"OK",IF(Q110<=87,"LESS")) -> OK
A115: Done by | B115: AKASH
A117: Comment

Sheet 08
A1: Station: | B1: IGKV RAIPUR
A2: Date: | B2: =$A$9 -> 08/11/2025 00:15 | C2: Power Off | G2: Pw.Off | J2: Link Fail | L2: Link F | N2: Maintenance | P2: Maint.
A3: Report Type: | B3: Mean | C3: Calibration | G3: Calib. | J3: Data Fail | L3: Data F | N3: Invalid | P3: Invalid
A4: Time Base: | B4: 15 Min | C4: Zero Referrence | G4: Z.Ref | J4: Warm Up | L4: Wm. Up
A7: Date & Time | B7: NO | C7: NO2 | D7: NOX | E7: SO2 | F7: O3 | G7: PM 10 | H7: PM 2.5 | I7: BENZ | J7: WS | K7: WD | L7: TEMP | M7: HUM | N7: SR | O7: RG | P7: CO | Q7: NH3
B8: ug/m3 | C8: ug/m3 | D8: ppb | E8: ug/m3 | F8: ug/m3 | G8: ug/m3 | H8: ug/m3 | I8: ug/m3 | J8: m/sec | K8: deg | L8: degreC | M8: % | N8: w/m2 | O8: mm | P8: mg/m3 | Q8: ug/m3
A9: 08/11/2025 00:15 | B9: 14.01 | C9: 9.77 | D9: 16.34 | E9: 6.33 | F9: 2 | G9: 86.91 | H9: 34.3 | I9: 9.52 | J9: 0.13 | K9: 167.38 | L9: 16.17 | M9: 22.74 | N9: 2 | O9: 0 | P9: 0.69 | Q9: 9.32
A10: 08/11/2025 00:30 | B10: 14.4 | C10: 9.77 | D10: 16.65 | E10: 6.13 | F10: 2 | G10: 87.97 | H10: 33.03 | I10: 9.6 | J10: 0.15 | K10: 148.64 | L10: 14.33 | M10: 18.12 | N10: 1.9 | O10: 0 | P10: 0.7 | Q10: 9.32
A11: 08/11/2025 00:45 | B11: 14.99 | C11: 9.84 | D11: 17.16 | E11: 6.12 | F11: 2 | G11: 89.29 | H11: 32.17 | I11: 9.71 | J11: 0.12 | K11: 91.72 | L11: 10.69 | M11: 8.87 | N11: 2 | O11: 0 | P11: 0.72 | Q11: 9.32
A12: 08/11/2025 01:00 | B12: 15.73 | C12: 9.87 | D12: 17.77 | E12: 6.41 | F12: 2 | G12: 89.29 | H12: 32.17 | I12: 9.82 | J12: 0.1 | K12: 18.99 | L12: 11.35 | M12: 10.32 | N12: 1.8 | O12: 0 | P12: 0.74 | Q12: 13.89
A13: 08/11/2025 01:15 | B13: 16.38 | C13: 9.98 | D13: 18.35 | E13: 6.16 | F13: 2 | G13: 89.29 | H13: 32.17 | I13: 9.9 | J13: 0.21 | K13: 42.18 | L13: 6.25 | M13: -2.45 | N13: 2.1 | O13: 0 | P13: 0.76 | Q13: 11.71
A14: 08/11/2025 01:30 | B14: 16.6 | C14: 10 | D14: 18.54 | E14: 6.35 | F14: 2 | G14: 99.33 | H14: 34.1 | I14: 9.95 | J14: 0.19 | K14: 40.06 | L14: 7.57 | M14: 0.82 | N14: 2.1 | O14: 0 | P14: 0.77 | Q14: 9.68
A15: 08/11/2025 01:45 | B15: 16.65 | C15: 9.97 | D15: 18.56 | E15: 6.09 | F15: 2 | G15: 111.88 | H15: 37.36 | I15: 10 | J15: 0.33 | K15: 35.51 | L15: 6.56 | M15: -1.84 | N15: 2.1 | O15: 0 | P15: 0.77 | Q15: 9.32
A16: 08/11/2025 02:00 | B16: 16.39 | C16: 9.79 | D16: 18.26 | E16: 6.2 | F16: 2 | G16: 111.88 | H16: 37.36 | I16: 10.01 | J16: 0.58 | K16: 43.58 | L16: 8.23 | M16: 2.47 | N16: 2.1 | O16: 0 | P16: 0.78 | Q16: 9.32
A17: 08/11/2025 02:15 | B17: 15.92 | C17: 9.86 | D17: 17.92 | E17: 4.66 | F17: 2 | G17: 111.88 | H17: 37.36 | I17: 10 | J17: 0.6 | K17: 43.77 | L17: 6.31 | M17: -1.64 | N17: 2.1 | O17: 0 | P17: 0.78 | Q17: 9.45
A18: 08/11/2025 02:30 | B18: 15.35 | C18: 9.91 | D18: 17.49 | E18: 5.68 | F18: 2 | G18: 111.33 | H18: 35.77 | I18: 9.93 | J18: 0.33 | K18: 37.82 | L18: 10 | M18: 6.87 | N18: 2.1 | O18: 0 | P18: 0.77 | Q18: 9.59
A19: 08/11/2025 02:45 | B19: 14.86 | C19: 10.05 | D19: 17.17 | E19: 5.88 | F19: 2 | G19: 110.65 | H19: 34.68 | I19: 9.79 | J19: 0.29 | K19: 41.15 | L19: 6.48 | M19: -1.94 | N19: 2.1 | O19: 0 | P19: 0.76 | Q19: 9.53
A20: 08/11/2025 03:00 | B20: 14.58 | C20: 10.13 | D20: 16.98 | E20: 5.96 | F20: 2 | G20: 110.65 | H20: 34.68 | I20: 9.63 | J20: 0.47 | K20: 35.67 | L20: 8.34 | M20: 2 | N20: 1.9 | O20: 0 | P20: 0.76 | Q20: 9.65
... A104: 08/11/2025 24:00 | B104: 13.2 | C104: 11.87 | D104: 16.78 | E104: 5.36 | F104: 2 | G104: 129.54 | H104: 49.83 | I104: 11.03 | J104: 0.26 | K104: 32.48 | L104: 8.8 | M104: 3.9 | N104: 2.1 | O104: 0 | P104: 0.81 | Q104: 9.32
A106: Min | B106: =MIN(B9:B104) -> 1.65 | C106: =MIN(C9:C104) -> 9.77 | D106: =MIN(D9:D104) -> 8.56 | E106: =MIN(E9:E104) -> 3.5 | F106: =MIN(F9:F104) -> 2 | G106: =MIN(G9:G104) -> 58.35 | H106: =MIN(H9:H104) -> 25.46 | I106: =MIN(I9:I104) -> 3.74 | ... Q106: =MIN(Q9:Q104) -> 9.32
A107: Max | B107: =MAX(B9:B104) -> 16.65 | C107: =MAX(C9:C104) -> 20.76 | D107: =MAX(D9:D104) -> 18.56 | E107: =MAX(E9:E104) -> 13.32 | F107: =MAX(F9:F104) -> 44.07 | G107: =MAX(G9:G104) -> 129.54 | H107: =MAX(H9:H104) -> 49.83 | I107: =MAX(I9:I104) -> 11.03 | ... Q107: =MAX(Q9:Q104) -> 13.89
A108: Avg | B108: =AVERAGE(B9:B104) -> 8.2648958 | C108: =AVERAGE(C9:C104) -> 12.508542 | D108: =AVERAGE(D9:D104) -> 13.162813 | E108: =AVERAGE(E9:E104) -> 6.4672917 | F108: =AVERAGE(F9:F104) -> 5.9203125 | G108: =AVERAGE(G9:G104) -> 82.515938 | H108: =AVERAGE(H9:H104) -> 32.784583 | I108: =AVERAGE(I9:I104) -> 7.5757292 | ... Q108: =AVERAGE(Q9:Q104) -> 9.443125
A109: Stdev | B109: =STDEV(B9:B104) -> 5.1968168 | C109: =STDEV(C9:C104) -> 2.697693 | D109: =STDEV(D9:D104) -> 3.1021156 | E109: =STDEV(E9:E104) -> 1.9569022 | F109: =STDEV(F9:F104) -> 8.499017 | G109: =STDEV(G9:G104) -> 15.714995 | H109: =STDEV(H9:H104) -> 4.3426957 | I109: =STDEV(I9:I104) -> 1.8948805 | ... Q109: =STDEV(Q9:Q104) -> 0.53529788
A110: Num | B110: =COUNT(B9:B104) -> 96 | C110: =COUNT(C9:C104) -> 96 | D110: =COUNT(D9:D104) -> 96 | E110: =COUNT(E9:E104) -> 96 | F110: =COUNT(F9:F104) -> 96 | G110: =COUNT(G9:G104) -> 96 | H110: =COUNT(H9:H104) -> 96 | I110: =COUNT(I9:I104) -> 96 | ... Q110: =COUNT(Q9:Q104) -> 96
A111: DCR | B111: =IF(B110>=87,">90%",IF(B110<=87,"<90%")) -> >90% | C111: =IF(C110>=87,">90%",IF(C110<=87,"<90%")) -> >90% | D111: =IF(D110>=87,">90%",IF(D110<=87,"<90%")) -> >90% | E111: =IF(E110>=87,">90%",IF(E110<=87,"<90%")) -> >90% | F111: =IF(F110>=87,">90%",IF(F110<=87,"<90%")) -> >90% | G111: =IF(G110>=87,">90%",IF(G110<=87,"<90%")) -> >90% | H111: =IF(H110>=87,">90%",IF(H110<=87,"<90%")) -> >90% | I111: =IF(I110>=87,">90%",IF(I110<=87,"<90%")) -> >90% | ... Q111: =IF(Q110>=87,">90%",IF(Q110<=87,"<90%")) -> >90%
A112: Status | B112: =IF(B110>=87,"OK",IF(B110<=87,"LESS")) -> OK | C112: =IF(C110>=87,"OK",IF(C110<=87,"LESS")) -> OK | D112: =IF(D110>=87,"OK",IF(D110<=87,"LESS")) -> OK | E112: =IF(E110>=87,"OK",IF(E110<=87,"LESS")) -> OK | F112: =IF(F110>=87,"OK",IF(F110<=87,"LESS")) -> OK | G112: =IF(G110>=87,"OK",IF(G110<=87,"LESS")) -> OK | H112: =IF(H110>=87,"OK",IF(H110<=87,"LESS")) -> OK | I112: =IF(I110>=87,"OK",IF(I110<=87,"LESS")) -> OK | ... Q112: =IF(Q110>=87,"OK",IF(Q110<=87,"LESS")) -> OK
A115: Done by | B115: AKASH
A117: Comment

Sheet 09
A1: Station: | B1: IGKV RAIPUR
A2: Date: | B2: =$A$9 -> 09/11/2025 00:15 | C2: Power Off | G2: Pw.Off | J2: Link Fail | L2: Link F | N2: Maintenance | P2: Maint.
A3: Report Type: | B3: Mean | C3: Calibration | G3: Calib. | J3: Data Fail | L3: Data F | N3: Invalid | P3: Invalid
A4: Time Base: | B4: 15 Min | C4: Zero Referrence | G4: Z.Ref | J4: Warm Up | L4: Wm. Up
A7: Date & Time | B7: NO | C7: NO2 | D7: NOX | E7: SO2 | F7: O3 | G7: PM 10 | H7: PM 2.5 | I7: BENZ | J7: WS | K7: WD | L7: TEMP | M7: HUM | N7: SR | O7: RG | P7: CO | Q7: NH3
B8: ug/m3 | C8: ug/m3 | D8: ppb | E8: ug/m3 | F8: ug/m3 | G8: ug/m3 | H8: ug/m3 | I8: ug/m3 | J8: m/sec | K8: deg | L8: degreC | M8: % | N8: w/m2 | O8: mm | P8: mg/m3 | Q8: ug/m3
A9: 09/11/2025 00:15 | B9: 13.55 | C9: 11.66 | D9: 16.95 | E9: 5.27 | F9: 2 | G9: 129.54 | H9: 49.83 | I9: 11.12 | J9: 0.16 | K9: 23.36 | L9: 11.85 | M9: 11.47 | N9: 2 | O9: 0 | P9: 0.81 | Q9: 9.32
A10: 09/11/2025 00:30 | B10: 13.7 | C10: 12.05 | D10: 17.29 | E10: 5.33 | F10: 2 | G10: 131.59 | H10: 49.41 | I10: 11.17 | J10: 0.08 | K10: 61.38 | L10: 7.83 | M10: 1.63 | N10: 2.1 | O10: 0 | P10: 0.82 | Q10: 9.32
A11: 09/11/2025 00:45 | B11: 14.14 | C11: 12.22 | D11: 17.73 | E11: 5.47 | F11: 2 | G11: 134.05 | H11: 49.14 | I11: 11.18 | J11: 0.12 | K11: 65.35 | L11: 10.73 | M11: 8.95 | N11: 2 | O11: 0 | P11: 0.82 | Q11: 9.32
A12: 09/11/2025 01:00 | B12: 14.46 | C12: 12.28 | D12: 18.01 | E12: 5.54 | F12: 2 | G12: 134.05 | H12: 49.14 | I12: 11.13 | J12: 0.16 | K12: 45.54 | L12: 10.27 | M12: 7.65 | N12: 2 | O12: 0 | P12: 0.81 | Q12: 9.32
A13: 09/11/2025 01:15 | B13: 14.61 | C13: 12.31 | D13: 18.15 | E13: 5.26 | F13: 2 | G13: 134.05 | H13: 49.14 | I13: 11.06 | J13: 0.15 | K13: 31.69 | L13: 12.04 | M13: 11.96 | N13: 2.1 | O13: 0 | P13: 0.81 | Q13: 9.32
A14: 09/11/2025 01:30 | B14: 14.56 | C14: 12.09 | D14: 17.99 | E14: 5.3 | F14: 2 | G14: 129.29 | H14: 48.76 | I14: 11.05 | J14: 0.26 | K14: 44.93 | L14: 7.83 | M14: 0.82 | N14: 2.1 | O14: 0 | P14: 0.8 | Q14: 9.32
A15: 09/11/2025 01:45 | B15: 14.46 | C15: 12.11 | D15: 17.93 | E15: 5.44 | F15: 2 | G15: 123.33 | H15: 48.11 | I15: 10.95 | J15: 0.17 | K15: 44.5 | L15: 9.15 | M15: 4.86 | N15: 2 | O15: 0 | P15: 0.79 | Q15: 9.32
A16: 09/11/2025 02:00 | B16: 14.31 | C16: 12.18 | D16: 17.84 | E16: 5.27 | F16: 2 | G16: 123.33 | H16: 48.11 | I16: 10.8 | J16: 0.12 | K16: 56.97 | L16: 7.67 | M16: 1.23 | N16: 2.1 | O16: 0 | P16: 0.79 | Q16: 9.32
A17: 09/11/2025 02:15 | B17: 14.17 | C17: 12.21 | D17: 17.74 | E17: 4.91 | F17: 2 | G17: 123.33 | H17: 48.11 | I17: 10.7 | J17: 0.22 | K17: 55 | L17: 8.34 | M17: 2.9 | N17: 2 | O17: 0 | P17: 0.78 | Q17: 9.32
A18: 09/11/2025 02:30 | B18: 14.04 | C18: 12.29 | D18: 17.68 | E18: 6.26 | F18: 2 | G18: 122.28 | H18: 47.96 | I18: 10.62 | J18: 0.19 | K18: 59.2 | L18: 9.27 | M18: 5.26 | N18: 2.1 | O18: 0 | P18: 0.78 | Q18: 9.32
A19: 09/11/2025 02:45 | B19: 14.11 | C19: 12.27 | D19: 17.73 | E19: 6.28 | F19: 2 | G19: 120.96 | H19: 47.87 | I19: 10.53 | J19: 0.18 | K19: 56.81 | L19: 9.59 | M19: 6.04 | N19: 2.1 | O19: 0 | P19: 0.8 | Q19: 9.32
A20: 09/11/2025 03:00 | B20: 14.37 | C20: 12.35 | D20: 17.98 | E20: 6.42 | F20: 2 | G20: 120.96 | H20: 47.87 | I20: 10.5 | J20: 0.28 | K20: 45.84 | L20: 7.48 | M20: 0.65 | N20: 2.1 | O20: 0 | P20: 0.84 | Q20: 9.32
... A104: 09/11/2025 24:00 | B104: 7.11 | C104: 9.75 | D104: 10.8 | E104: 6.4 | F104: 2 | G104: 79.5 | H104: 39.22 | I104: 10.92 | J104: 0.09 | K104: 185.34 | L104: 16.43 | M104: 23.16 | N104: 1.9 | O104: 0 | P104: 0.8 | Q104: 9.32
A106: Min | B106: =MIN(B9:B104) -> 1.63 | C106: =MIN(C9:C104) -> 9.75 | D106: =MIN(D9:D104) -> 6.79 | E106: =MIN(E9:E104) -> 4.65 | F106: =MIN(F9:F104) -> 2 | G106: =MIN(G9:G104) -> 79.5 | H106: =MIN(H9:H104) -> 39.22 | I106: =MIN(I9:I104) -> 8.92 | ... Q106: =MIN(Q9:Q104) -> 9.32
A107: Max | B107: =MAX(B9:B104) -> 17.95 | C107: =MAX(C9:C104) -> 14.11 | D107: =MAX(D9:D104) -> 21.16 | E107: =MAX(E9:E104) -> 10.98 | F107: =MAX(F9:F104) -> 8.35 | G107: =MAX(G9:G104) -> 199.67 | H107: =MAX(H9:H104) -> 81.16 | I107: =MAX(I9:I104) -> 13.56 | ... Q107: =MAX(Q9:Q104) -> 9.32
A108: Avg | B108: =AVERAGE(B9:B104) -> 8.7169792 | C108: =AVERAGE(C9:C104) -> 12.156667 | D108: =AVERAGE(D9:D104) -> 13.341979 | E108: =AVERAGE(E9:E104) -> 6.5542708 | F108: =AVERAGE(F9:F104) -> 2.2247917 | G108: =AVERAGE(G9:G104) -> 121.03833 | H108: =AVERAGE(H9:H104) -> 55.696458 | I108: =AVERAGE(I9:I104) -> 10.991458 | ... Q108: =AVERAGE(Q9:Q104) -> 9.32
A109: Stdev | B109: =STDEV(B9:B104) -> 5.5746007 | C109: =STDEV(C9:C104) -> 1.0148328 | D109: =STDEV(D9:D104) -> 4.6367856 | E109: =STDEV(E9:E104) -> 1.3249657 | F109: =STDEV(F9:F104) -> 0.83798503 | G109: =STDEV(G9:G104) -> 37.921957 | H109: =STDEV(H9:H104) -> 11.908918 | I109: =STDEV(I9:I104) -> 1.227739 | ... Q109: =STDEV(Q9:Q104) -> 1.7856816e-14
A110: Num | B110: =COUNT(B9:B104) -> 96 | C110: =COUNT(C9:C104) -> 96 | D110: =COUNT(D9:D104) -> 96 | E110: =COUNT(E9:E104) -> 96 | F110: =COUNT(F9:F104) -> 96 | G110: =COUNT(G9:G104) -> 96 | H110: =COUNT(H9:H104) -> 96 | I110: =COUNT(I9:I104) -> 96 | ... Q110: =COUNT(Q9:Q104) -> 96
A111: DCR | B111: =IF(B110>=87,">90%",IF(B110<=87,"<90%")) -> >90% | C111: =IF(C110>=87,">90%",IF(C110<=87,"<90%")) -> >90% | D111: =IF(D110>=87,">90%",IF(D110<=87,"<90%")) -> >90% | E111: =IF(E110>=87,">90%",IF(E110<=87,"<90%")) -> >90% | F111: =IF(F110>=87,">90%",IF(F110<=87,"<90%")) -> >90% | G111: =IF(G110>=87,">90%",IF(G110<=87,"<90%")) -> >90% | H111: =IF(H110>=87,">90%",IF(H110<=87,"<90%")) -> >90% | I111: =IF(I110>=87,">90%",IF(I110<=87,"<90%")) -> >90% | ... Q111: =IF(Q110>=87,">90%",IF(Q110<=87,"<90%")) -> >90%
A112: Status | B112: =IF(B110>=87,"OK",IF(B110<=87,"LESS")) -> OK | C112: =IF(C110>=87,"OK",IF(C110<=87,"LESS")) -> OK | D112: =IF(D110>=87,"OK",IF(D110<=87,"LESS")) -> OK | E112: =IF(E110>=87,"OK",IF(E110<=87,"LESS")) -> OK | F112: =IF(F110>=87,"OK",IF(F110<=87,"LESS")) -> OK | G112: =IF(G110>=87,"OK",IF(G110<=87,"LESS")) -> OK | H112: =IF(H110>=87,"OK",IF(H110<=87,"LESS")) -> OK | I112: =IF(I110>=87,"OK",IF(I110<=87,"LESS")) -> OK | ... Q112: =IF(Q110>=87,"OK",IF(Q110<=87,"LESS")) -> OK
A115: Done by | B115: AKASH
A117: Comment

Sheet 10
A1: Station: | B1: IGKV RAIPUR
A2: Date: | B2: =$A$9 -> 10/11/2025 00:15 | C2: Power Off | G2: Pw.Off | J2: Link Fail | L2: Link F | N2: Maintenance | P2: Maint.
A3: Report Type: | B3: Mean | C3: Calibration | G3: Calib. | J3: Data Fail | L3: Data F | N3: Invalid | P3: Invalid
A4: Time Base: | B4: 15 Min | C4: Zero Referrence | G4: Z.Ref | J4: Warm Up | L4: Wm. Up
A7: Date & Time | B7: NO | C7: NO2 | D7: NOX | E7: SO2 | F7: O3 | G7: PM 10 | H7: PM 2.5 | I7: BENZ | J7: WS | K7: WD | L7: TEMP | M7: HUM | N7: SR | O7: RG | P7: CO | Q7: NH3
B8: ug/m3 | C8: ug/m3 | D8: ppb | E8: ug/m3 | F8: ug/m3 | G8: ug/m3 | H8: ug/m3 | I8: ug/m3 | J8: m/sec | K8: deg | L8: degreC | M8: % | N8: w/m2 | O8: mm | P8: mg/m3 | Q8: ug/m3
A9: 10/11/2025 00:15 | B9: 7.13 | C9: 9.33 | D9: 10.6 | E9: 6.52 | F9: 2 | G9: 79.5 | H9: 39.22 | I9: 10.86 | J9: 0.09 | K9: 183.91 | L9: 16.73 | M9: 23.98 | N9: 1.9 | O9: 0 | P9: 0.8 | Q9: 9.32
A10: 10/11/2025 00:30 | B10: 6.96 | C10: 9.52 | D10: 10.56 | E10: 6.12 | F10: 2 | G10: 73.27 | H10: 39.15 | I10: 10.81 | J10: 0.08 | K10: 192.81 | L10: 18.12 | M10: 27.37 | N10: 2 | O10: 0 | P10: 0.8 | Q10: 9.32
A11: 10/11/2025 00:45 | B11: 6.88 | C11: 9.47 | D11: 10.46 | E11: 4.42 | F11: 2 | G11: 65.83 | H11: 39.1 | I11: 10.74 | J11: 0.14 | K11: 191.13 | L11: 17.06 | M11: 24.7 | N11: 2 | O11: 0 | P11: 0.79 | Q11: 9.32
A12: 10/11/2025 01:00 | B12: 6.83 | C12: 9.49 | D12: 10.44 | E12: 6.37 | F12: 2 | G12: 65.83 | H12: 39.1 | I12: 10.72 | J12: 0.06 | K12: 53.55 | L12: 12.5 | M12: 13.22 | N12: 1.7 | O12: 0 | P12: 0.79 | Q12: 9.32
A13: 10/11/2025 01:15 | B13: 7.25 | C13: 9.82 | D13: 10.95 | E13: 6.25 | F13: 2 | G13: 65.83 | H13: 39.1 | I13: 10.69 | J13: 0.11 | K13: 181.82 | L13: 17.02 | M13: 24.87 | N13: 1.7 | O13: 0 | P13: 0.79 | Q13: 9.32
A14: 10/11/2025 01:30 | B14: 7.91 | C14: 10.14 | D14: 11.64 | E14: 6.36 | F14: 2 | G14: 66.96 | H14: 39.05 | I14: 10.66 | J14: 0.16 | K14: 178.15 | L14: 16.73 | M14: 23.9 | N14: 1.8 | O14: 0 | P14: 0.8 | Q14: 9.32
A15: 10/11/2025 01:45 | B15: 8.4 | C15: 10.5 | D15: 12.22 | E15: 6.75 | F15: 2 | G15: 68.37 | H15: 38.95 | I15: 10.71 | J15: 0.16 | K15: 190.02 | L15: 17.91 | M15: 26.76 | N15: 1.9 | O15: 0 | P15: 0.8 | Q15: 9.32
A16: 10/11/2025 02:00 | B16: 8.68 | C16: 10.75 | D16: 12.57 | E16: 6.25 | F16: 2 | G16: 68.37 | H16: 38.95 | I16: 10.79 | J16: 0.12 | K16: 209.87 | L16: 19.84 | M16: 31.63 | N16: 2 | O16: 0 | P16: 0.8 | Q16: 9.32
A17: 10/11/2025 02:15 | B17: 8.74 | C17: 10.7 | D17: 12.6 | E17: 5.46 | F17: 2 | G17: 68.37 | H17: 38.95 | I17: 10.83 | J17: 0.06 | K17: 203.71 | L17: 19.34 | M17: 30.39 | N17: 1.9 | O17: 0 | P17: 0.81 | Q17: 9.32
A18: 10/11/2025 02:30 | B18: 8.78 | C18: 10.58 | D18: 12.57 | E18: 6.44 | F18: 2 | G18: 67.67 | H18: 37.99 | I18: 10.86 | J18: 0.11 | K18: 136.11 | L18: 13.73 | M18: 16.43 | N18: 1.8 | O18: 0 | P18: 0.81 | Q18: 9.32
A19: 10/11/2025 02:45 | B19: 9.19 | C19: 10.64 | D19: 12.93 | E19: 6.5 | F19: 2 | G19: 66.79 | H19: 37.34 | I19: 10.96 | J19: 0.1 | K19: 184.77 | L19: 16.85 | M19: 24.21 | N19: 1.7 | O19: 0 | P19: 0.81 | Q19: 9.32
A20: 10/11/2025 03:00 | B20: 10.36 | C20: 10.82 | D20: 13.96 | E20: 6.85 | F20: 2 | G20: 66.79 | H20: 37.34 | I20: 11.07 | J20: 0.09 | K20: 165.23 | L20: 16.65 | M20: 23.72 | N20: 1.9 | O20: 0 | P20: 0.83 | Q20: 9.32
... A104: 10/11/2025 24:00 | B104: 10.4 | C104: 12.29 | D104: 14.76 | E104: 6.56 | F104: 2 | G104: 86.4 | H104: 41.39 | I104: 10.71 | J104: 0.06 | K104: 177.3 | L104: 16.13 | M104: 22.55 | N104: 1.9 | O104: 0 | P104: 0.79 | Q104: 9.32
A106: Min | B106: =MIN(B9:B104) -> 1.81 | C106: =MIN(C9:C104) -> 9.33 | D106: =MIN(D9:D104) -> 7.88 | E106: =MIN(E9:E104) -> 3.77 | F106: =MIN(F9:F104) -> 2 | G106: =MIN(G9:G104) -> 54.52 | H106: =MIN(H9:H104) -> 37.34 | I106: =MIN(I9:I104) -> 6.07 | ... Q106: =MIN(Q9:Q104) -> 9.32
A107: Max | B107: =MAX(B9:B104) -> 23.34 | C107: =MAX(C9:C104) -> 29.18 | D107: =MAX(D9:D104) -> 26.08 | E107: =MAX(E9:E104) -> 25.29 | F107: =MAX(F9:F104) -> 32.98 | G107: =MAX(G9:G104) -> 140.47 | H107: =MAX(H9:H104) -> 67.44 | I107: =MAX(I9:I104) -> 14.99 | ... Q107: =MAX(Q9:Q104) -> 9.32
A108: Avg | B108: =AVERAGE(B9:B104) -> 9.6123958 | C108: =AVERAGE(C9:C104) -> 14.852083 | D108: =AVERAGE(D9:D104) -> 15.467813 | E108: =AVERAGE(E9:E104) -> 7.243125 | F108: =AVERAGE(F9:F104) -> 3.6552083 | G108: =AVERAGE(G9:G104) -> 85.358958 | H108: =AVERAGE(H9:H104) -> 46.513333 | I108: =AVERAGE(I9:I104) -> 10.826875 | ... Q108: =AVERAGE(Q9:Q104) -> 9.32
A109: Stdev | B109: =STDEV(B9:B104) -> 7.1815779 | C109: =STDEV(C9:C104) -> 4.4367074 | D109: =STDEV(D9:D104) -> 5.4775006 | E109: =STDEV(E9:E104) -> 3.6579 | F109: =STDEV(F9:F104) -> 5.5910662 | G109: =STDEV(G9:G104) -> 21.988701 | H109: =STDEV(H9:H104) -> 9.6431191 | I109: =STDEV(I9:I104) -> 2.3210135 | ... Q109: =STDEV(Q9:Q104) -> 1.7856816e-14
A110: Num | B110: =COUNT(B9:B104) -> 96 | C110: =COUNT(C9:C104) -> 96 | D110: =COUNT(D9:D104) -> 96 | E110: =COUNT(E9:E104) -> 96 | F110: =COUNT(F9:F104) -> 96 | G110: =COUNT(G9:G104) -> 96 | H110: =COUNT(H9:H104) -> 96 | I110: =COUNT(I9:I104) -> 96 | ... Q110: =COUNT(Q9:Q104) -> 96
A111: DCR | B111: =IF(B110>=87,">90%",IF(B110<=87,"<90%")) -> >90% | C111: =IF(C110>=87,">90%",IF(C110<=87,"<90%")) -> >90% | D111: =IF(D110>=87,">90%",IF(D110<=87,"<90%")) -> >90% | E111: =IF(E110>=87,">90%",IF(E110<=87,"<90%")) -> >90% | F111: =IF(F110>=87,">90%",IF(F110<=87,"<90%")) -> >90% | G111: =IF(G110>=87,">90%",IF(G110<=87,"<90%")) -> >90% | H111: =IF(H110>=87,">90%",IF(H110<=87,"<90%")) -> >90% | I111: =IF(I110>=87,">90%",IF(I110<=87,"<90%")) -> >90% | ... Q111: =IF(Q110>=87,">90%",IF(Q110<=87,"<90%")) -> >90%
A112: Status | B112: =IF(B110>=87,"OK",IF(B110<=87,"LESS")) -> OK | C112: =IF(C110>=87,"OK",IF(C110<=87,"LESS")) -> OK | D112: =IF(D110>=87,"OK",IF(D110<=87,"LESS")) -> OK | E112: =IF(E110>=87,"OK",IF(E110<=87,"LESS")) -> OK | F112: =IF(F110>=87,"OK",IF(F110<=87,"LESS")) -> OK | G112: =IF(G110>=87,"OK",IF(G110<=87,"LESS")) -> OK | H112: =IF(H110>=87,"OK",IF(H110<=87,"LESS")) -> OK | I112: =IF(I110>=87,"OK",IF(I110<=87,"LESS")) -> OK | ... Q112: =IF(Q110>=87,"OK",IF(Q110<=87,"LESS")) -> OK
A115: Done by | B115: AKASH
A117: Comment

Sheet 11
A1: Station: | B1: IGKV RAIPUR
A2: Date: | B2: =$A$9 -> 11/11/2025 00:15 | C2: Power Off | G2: Pw.Off | J2: Link Fail | L2: Link F | N2: Maintenance | P2: Maint.
A3: Report Type: | B3: Mean | C3: Calibration | G3: Calib. | J3: Data Fail | L3: Data F | N3: Invalid | P3: Invalid
A4: Time Base: | B4: 15 Min | C4: Zero Referrence | G4: Z.Ref | J4: Warm Up | L4: Wm. Up
A7: Date & Time | B7: NO | C7: NO2 | D7: NOX | E7: SO2 | F7: O3 | G7: PM 10 | H7: PM 2.5 | I7: BENZ | J7: WS | K7: WD | L7: TEMP | M7: HUM | N7: SR | O7: RG | P7: CO | Q7: NH3
B8: ug/m3 | C8: ug/m3 | D8: ppb | E8: ug/m3 | F8: ug/m3 | G8: ug/m3 | H8: ug/m3 | I8: ug/m3 | J8: m/sec | K8: deg | L8: degreC | M8: % | N8: w/m2 | O8: mm | P8: mg/m3 | Q8: ug/m3
A9: 11/11/2025 00:15 | B9: 14.48 | C9: 13.14 | D9: 18.48 | E9: 6.76 | F9: 2 | G9: 86.4 | H9: 41.39 | I9: 10.77 | J9: 0.14 | K9: 265.05 | L9: 21.92 | M9: 37 | N9: 1.8 | O9: 0 | P9: 0.8 | Q9: 9.32
A10: 11/11/2025 00:30 | B10: 16.66 | C10: 13.75 | D10: 20.54 | E10: 6.62 | F10: 2 | G10: 87.84 | H10: 43.92 | I10: 10.86 | J10: 0.07 | K10: 181.05 | L10: 18.12 | M10: 27.56 | N10: 2 | O10: 0 | P10: 0.81 | Q10: 9.32
A11: 11/11/2025 00:45 | B11: 18.39 | C11: 14.19 | D11: 22.16 | E11: 6.72 | F11: 2 | G11: 89.63 | H11: 45.63 | I11: 11.04 | J11: 0.05 | K11: 15.52 | L11: 16.8 | M11: 24.16 | N11: 1.9 | O11: 0 | P11: 0.82 | Q11: 9.32
A12: 11/11/2025 01:00 | B12: 19.56 | C12: 14.49 | D12: 23.26 | E12: 6.67 | F12: 2 | G12: 89.63 | H12: 45.63 | I12: 11.31 | J12: 0.07 | K12: 110.5 | L12: 12.7 | M12: 13.9 | N12: 1.8 | O12: 0 | P12: 0.83 | Q12: 9.32
A13: 11/11/2025 01:15 | B13: 20 | C13: 14.62 | D13: 23.68 | E13: 6.85 | F13: 2 | G13: 89.63 | H13: 45.63 | I13: 11.65 | J13: 0.08 | K13: 114.31 | L13: 14.52 | M13: 18.52 | N13: 2 | O13: 0 | P13: 0.84 | Q13: 9.32
A14: 11/11/2025 01:30 | B14: 20.2 | C14: 14.74 | D14: 23.9 | E14: 6.74 | F14: 2 | G14: 91.32 | H14: 46.54 | I14: 12.01 | J14: 0.15 | K14: 177.02 | L14: 18.77 | M14: 29.22 | N14: 2.1 | O14: 0 | P14: 0.86 | Q14: 9.32
A15: 11/11/2025 01:45 | B15: 20.35 | C15: 14.72 | D15: 24.01 | E15: 7.11 | F15: 2 | G15: 93.44 | H15: 48.09 | I15: 12.34 | J15: 0.15 | K15: 147.98 | L15: 14.04 | M15: 17.32 | N15: 2.1 | O15: 0 | P15: 0.86 | Q15: 9.32
A16: 11/11/2025 02:00 | B16: 20.43 | C16: 14.66 | D16: 24.05 | E16: 7.15 | F16: 2 | G16: 93.44 | H16: 48.09 | I16: 12.63 | J16: 0.16 | K16: 176.59 | L16: 15.97 | M16: 22.22 | N16: 2 | O16: 0 | P16: 0.88 | Q16: 9.32
A17: 11/11/2025 02:15 | B17: 20.35 | C17: 14.63 | D17: 23.96 | E17: 5.72 | F17: 2 | G17: 93.44 | H17: 48.09 | I17: 12.95 | J17: 0.08 | K17: 160.9 | L17: 14.13 | M17: 17.59 | N17: 2.1 | O17: 0 | P17: 0.89 | Q17: 9.32
A18: 11/11/2025 02:30 | B18: 20.07 | C18: 14.41 | D18: 23.62 | E18: 6.52 | F18: 2 | G18: 95.21 | H18: 48.96 | I18: 13.23 | J18: 0.11 | K18: 234.85 | L18: 21.07 | M18: 34.98 | N18: 2.1 | O18: 0 | P18: 0.9 | Q18: 9.32
A19: 11/11/2025 02:45 | B19: 19.84 | C19: 14.2 | D19: 23.33 | E19: 6.62 | F19: 2 | G19: 97.42 | H19: 49.55 | I19: 13.43 | J19: 0.09 | K19: 237.42 | L19: 21.35 | M19: 35.69 | N19: 2 | O19: 0 | P19: 0.91 | Q19: 9.32
A20: 11/11/2025 03:00 | B20: 19.58 | C20: 13.92 | D20: 22.97 | E20: 6.42 | F20: 2 | G20: 97.42 | H20: 49.55 | I20: 13.57 | J20: 0.07 | K20: 195.01 | L20: 17.31 | M20: 25.63 | N20: 1.9 | O20: 0 | P20: 0.91 | Q20: 9.32
... A104: 11/11/2025 24:00 | B104: 15.53 | C104: 14.43 | D104: 20 | E104: 5.97 | F104: 2 | G104: 81.98 | H104: 41.64 | I104: 14.2 | J104: 0.4 | K104: 42.12 | L104: 8.15 | M104: 2.36 | N104: 1.3 | O104: 0 | P104: 0.91 | Q104: 9.32
A106: Min | B106: =MIN(B9:B104) -> 2.18 | C106: =MIN(C9:C104) -> 11.96 | D106: =MIN(D9:D104) -> 9.15 | E106: =MIN(E9:E104) -> 4.36 | F106: =MIN(F9:F104) -> 2 | G106: =MIN(G9:G104) -> 61.82 | H106: =MIN(H9:H104) -> 32.26 | I106: =MIN(I9:I104) -> 8.24 | ... Q106: =MIN(Q9:Q104) -> 9.32
A107: Max | B107: =MAX(B9:B104) -> 25.25 | C107: =MAX(C9:C104) -> 16.51 | D107: =MAX(D9:D104) -> 27.73 | E107: =MAX(E9:E104) -> 8.54 | F107: =MAX(F9:F104) -> 8.27 | G107: =MAX(G9:G104) -> 114.34 | H107: =MAX(H9:H104) -> 58.75 | I107: =MAX(I9:I104) -> 14.73 | ... Q107: =MAX(Q9:Q104) -> 9.32
A108: Avg | B108: =AVERAGE(B9:B104) -> 12.779896 | C108: =AVERAGE(C9:C104) -> 14.262188 | D108: =AVERAGE(D9:D104) -> 17.700729 | E108: =AVERAGE(E9:E104) -> 6.5748958 | F108: =AVERAGE(F9:F104) -> 2.2627083 | G108: =AVERAGE(G9:G104) -> 88.678854 | H108: =AVERAGE(H9:H104) -> 45.167604 | I108: =AVERAGE(I9:I104) -> 11.900937 | ... Q108: =AVERAGE(Q9:Q104) -> 9.32
A109: Stdev | B109: =STDEV(B9:B104) -> 8.2392629 | C109: =STDEV(C9:C104) -> 1.1509513 | D109: =STDEV(D9:D104) -> 6.7030967 | E109: =STDEV(E9:E104) -> 0.72712121 | F109: =STDEV(F9:F104) -> 0.95020937 | G109: =STDEV(G9:G104) -> 15.501641 | H109: =STDEV(H9:H104) -> 8.6064502 | I109: =STDEV(I9:I104) -> 2.0050001 | ... Q109: =STDEV(Q9:Q104) -> 1.7856816e-14
A110: Num | B110: =COUNT(B9:B104) -> 96 | C110: =COUNT(C9:C104) -> 96 | D110: =COUNT(D9:D104) -> 96 | E110: =COUNT(E9:E104) -> 96 | F110: =COUNT(F9:F104) -> 96 | G110: =COUNT(G9:G104) -> 96 | H110: =COUNT(H9:H104) -> 96 | I110: =COUNT(I9:I104) -> 96 | ... Q110: =COUNT(Q9:Q104) -> 96
A111: DCR | B111: =IF(B110>=87,">90%",IF(B110<=87,"<90%")) -> >90% | C111: =IF(C110>=87,">90%",IF(C110<=87,"<90%")) -> >90% | D111: =IF(D110>=87,">90%",IF(D110<=87,"<90%")) -> >90% | E111: =IF(E110>=87,">90%",IF(E110<=87,"<90%")) -> >90% | F111: =IF(F110>=87,">90%",IF(F110<=87,"<90%")) -> >90% | G111: =IF(G110>=87,">90%",IF(G110<=87,"<90%")) -> >90% | H111: =IF(H110>=87,">90%",IF(H110<=87,"<90%")) -> >90% | I111: =IF(I110>=87,">90%",IF(I110<=87,"<90%")) -> >90% | ... Q111: =IF(Q110>=87,">90%",IF(Q110<=87,"<90%")) -> >90%
A112: Status | B112: =IF(B110>=87,"OK",IF(B110<=87,"LESS")) -> OK | C112: =IF(C110>=87,"OK",IF(C110<=87,"LESS")) -> OK | D112: =IF(D110>=87,"OK",IF(D110<=87,"LESS")) -> OK | E112: =IF(E110>=87,"OK",IF(E110<=87,"LESS")) -> OK | F112: =IF(F110>=87,"OK",IF(F110<=87,"LESS")) -> OK | G112: =IF(G110>=87,"OK",IF(G110<=87,"LESS")) -> OK | H112: =IF(H110>=87,"OK",IF(H110<=87,"LESS")) -> OK | I112: =IF(I110>=87,"OK",IF(I110<=87,"LESS")) -> OK | ... Q112: =IF(Q110>=87,"OK",IF(Q110<=87,"LESS")) -> OK
A115: Done by | B115: AKASH
A117: Comment

Sheet 12
A1: Station: | B1: IGKV RAIPUR
A2: Date: | B2: =$A$9 -> 12/11/2025 00:15 | C2: Power Off | G2: Pw.Off | J2: Link Fail | L2: Link F | N2: Maintenance | P2: Maint.
A3: Report Type: | B3: Mean | C3: Calibration | G3: Calib. | J3: Data Fail | L3: Data F | N3: Invalid | P3: Invalid
A4: Time Base: | B4: 15 Min | C4: Zero Referrence | G4: Z.Ref | J4: Warm Up | L4: Wm. Up
A7: Date & Time | B7: NO | C7: NO2 | D7: NOX | E7: SO2 | F7: O3 | G7: PM 10 | H7: PM 2.5 | I7: BENZ | J7: WS | K7: WD | L7: TEMP | M7: HUM | N7: SR | O7: RG | P7: CO | Q7: NH3
B8: ug/m3 | C8: ug/m3 | D8: ppb | E8: ug/m3 | F8: ug/m3 | G8: ug/m3 | H8: ug/m3 | I8: ug/m3 | J8: m/sec | K8: deg | L8: degreC | M8: % | N8: w/m2 | O8: mm | P8: mg/m3 | Q8: ug/m3
A9: 12/11/2025 00:15 | B9: 16.92 | C9: 14.84 | D9: 21.32 | E9: 6.05 | F9: 2 | G9: 81.98 | H9: 41.64 | I9: 14.87 | J9: 0.2 | K9: 21.96 | L9: 9.13 | M9: 4.67 | N9: 1.6 | O9: 0 | P9: 0.94 | Q9: 9.32
A10: 12/11/2025 00:30 | B10: 17.45 | C10: 15.1 | D10: 21.89 | E10: 6.35 | F10: 2 | G10: 90.81 | H10: 47.05 | I10: 15.54 | J10: 0.14 | K10: 202.47 | L10: 19.39 | M10: 30.55 | N10: 2.2 | O10: 0 | P10: 0.94 | Q10: 9.32
A11: 12/11/2025 00:45 | B11: 17.7 | C11: 15.21 | D11: 22.14 | E11: 6.25 | F11: 2 | G11: 101.36 | H11: 50.71 | I11: 15.89 | J11: 0.17 | K11: 211.53 | L11: 19.58 | M11: 30.96 | N11: 2.4 | O11: 0 | P11: 0.96 | Q11: 9.32
A12: 12/11/2025 01:00 | B12: 17.58 | C12: 15.13 | D12: 22 | E12: 6.32 | F12: 2 | G12: 101.36 | H12: 50.71 | I12: 16.02 | J12: 0.1 | K12: 176.37 | L12: 17.73 | M12: 26.37 | N12: 2.1 | O12: 0 | P12: 0.96 | Q12: 9.32
A13: 12/11/2025 01:15 | B13: 17.4 | C13: 15 | D13: 21.79 | E13: 6.39 | F13: 2 | G13: 101.36 | H13: 50.71 | I13: 16.13 | J13: 0.1 | K13: 134.94 | L13: 14.38 | M13: 18.03 | N13: 2 | O13: 0 | P13: 0.98 | Q13: 9.32
A14: 12/11/2025 01:30 | B14: 17.21 | C14: 14.83 | D14: 21.55 | E14: 6.37 | F14: 2 | G14: 106.23 | H14: 52.48 | I14: 16.31 | J14: 0.08 | K14: 173.34 | L14: 17.05 | M14: 24.72 | N14: 2.1 | O14: 0 | P14: 1.01 | Q14: 9.32
A15: 12/11/2025 01:45 | B15: 17.58 | C15: 14.7 | D15: 21.78 | E15: 6.3 | F15: 2 | G15: 112.31 | H15: 55.47 | I15: 16.55 | J15: 0.15 | K15: 145.48 | L15: 14.16 | M15: 17.4 | N15: 1.9 | O15: 0 | P15: 1.01 | Q15: 9.32
A16: 12/11/2025 02:00 | B16: 17.79 | C16: 14.69 | D16: 21.94 | E16: 6.49 | F16: 2 | G16: 112.31 | H16: 55.47 | I16: 16.74 | J16: 0.13 | K16: 152.04 | L16: 14.72 | M16: 18.88 | N16: 1.8 | O16: 0 | P16: 1.02 | Q16: 9.32
A17: 12/11/2025 02:15 | B17: 17.56 | C17: 14.42 | D17: 21.61 | E17: 5.79 | F17: 2 | G17: 112.31 | H17: 55.47 | I17: 16.91 | J17: 0.1 | K17: 153.5 | L17: 15.24 | M17: 20.22 | N17: 1.9 | O17: 0 | P17: 1.03 | Q17: 9.32
A18: 12/11/2025 02:30 | B18: 17.31 | C18: 14.16 | D18: 21.28 | E18: 6.53 | F18: 2 | G18: 109.6 | H18: 53.84 | I18: 17.05 | J18: 0.09 | K18: 168.39 | L18: 16.59 | M18: 23.57 | N18: 1.9 | O18: 0 | P18: 1.03 | Q18: 9.32
A19: 12/11/2025 02:45 | B19: 17.19 | C19: 13.85 | D19: 21.02 | E19: 7.04 | F19: 2 | G19: 106.21 | H19: 52.74 | I19: 17.14 | J19: 0.08 | K19: 227.93 | L19: 19.4 | M19: 30.56 | N19: 2 | O19: 0 | P19: 1.04 | Q19: 9.32
A20: 12/11/2025 03:00 | B20: 17.02 | C20: 13.61 | D20: 20.76 | E20: 6.95 | F20: 2 | G20: 106.21 | H20: 52.74 | I20: 17.17 | J20: 0.1 | K20: 197.23 | L20: 19.04 | M20: 29.71 | N20: 1.8 | O20: 0 | P20: 1.04 | Q20: 9.32
... A104: 12/11/2025 24:00 | B104: 7.06 | C104: 13.34 | D104: 12.63 | E104: 5.13 | F104: 2 | G104: 108.5 | H104: 46.6 | I104: 11.63 | J104: 0.14 | K104: 160.75 | L104: 15.04 | M104: 19.95 | N104: 1.1 | O104: 0 | P104: 0.71 | Q104: 9.32
A106: Min | B106: =MIN(B9:B104) -> 1.3 | C106: =MIN(C9:C104) -> 12.48 | D106: =MIN(D9:D104) -> 9.62 | E106: =MIN(E9:E104) -> 3.83 | F106: =MIN(F9:F104) -> 1.87 | G106: =MIN(G9:G104) -> 0 | H106: =MIN(H9:H104) -> 0 | I106: =MIN(I9:I104) -> 4.31 | ... Q106: =MIN(Q9:Q104) -> 9.07
A107: Max | B107: =MAX(B9:B104) -> 20.5 | C107: =MAX(C9:C104) -> 28.58 | D107: =MAX(D9:D104) -> 23.95 | E107: =MAX(E9:E104) -> 10.02 | F107: =MAX(F9:F104) -> 45.75 | G107: =MAX(G9:G104) -> 118.12 | H107: =MAX(H9:H104) -> 55.47 | I107: =MAX(I9:I104) -> 17.58 | ... Q107: =MAX(Q9:Q104) -> 26.05
A108: Avg | B108: =AVERAGE(B9:B104) -> 9.6939583 | C108: =AVERAGE(C9:C104) -> 16.835417 | D108: =AVERAGE(D9:D104) -> 16.568646 | E108: =AVERAGE(E9:E104) -> 6.368125 | F108: =AVERAGE(F9:F104) -> 5.68875 | G108: =AVERAGE(G9:G104) -> 86.385729 | H108: =AVERAGE(H9:H104) -> 41.310938 | I108: =AVERAGE(I9:I104) -> 12.306667 | ... Q108: =AVERAGE(Q9:Q104) -> 9.638125
A109: Stdev | B109: =STDEV(B9:B104) -> 7.3484427 | C109: =STDEV(C9:C104) -> 4.0014495 | D109: =STDEV(D9:D104) -> 4.6399827 | E109: =STDEV(E9:E104) -> 1.4987183 | F109: =STDEV(F9:F104) -> 8.8617087 | G109: =STDEV(G9:G104) -> 23.451351 | H109: =STDEV(H9:H104) -> 13.365956 | I109: =STDEV(I9:I104) -> 4.6028412 | ... Q109: =STDEV(Q9:Q104) -> 1.8706218
A110: Num | B110: =COUNT(B9:B104) -> 96 | C110: =COUNT(C9:C104) -> 96 | D110: =COUNT(D9:D104) -> 96 | E110: =COUNT(E9:E104) -> 96 | F110: =COUNT(F9:F104) -> 96 | G110: =COUNT(G9:G104) -> 96 | H110: =COUNT(H9:H104) -> 96 | I110: =COUNT(I9:I104) -> 96 | ... Q110: =COUNT(Q9:Q104) -> 96
A111: DCR | B111: =IF(B110>=87,">90%",IF(B110<=87,"<90%")) -> >90% | C111: =IF(C110>=87,">90%",IF(C110<=87,"<90%")) -> >90% | D111: =IF(D110>=87,">90%",IF(D110<=87,"<90%")) -> >90% | E111: =IF(E110>=87,">90%",IF(E110<=87,"<90%")) -> >90% | F111: =IF(F110>=87,">90%",IF(F110<=87,"<90%")) -> >90% | G111: =IF(G110>=87,">90%",IF(G110<=87,"<90%")) -> >90% | H111: =IF(H110>=87,">90%",IF(H110<=87,"<90%")) -> >90% | I111: =IF(I110>=87,">90%",IF(I110<=87,"<90%")) -> >90% | ... Q111: =IF(Q110>=87,">90%",IF(Q110<=87,"<90%")) -> >90%
A112: Status | B112: =IF(B110>=87,"OK",IF(B110<=87,"LESS")) -> OK | C112: =IF(C110>=87,"OK",IF(C110<=87,"LESS")) -> OK | D112: =IF(D110>=87,"OK",IF(D110<=87,"LESS")) -> OK | E112: =IF(E110>=87,"OK",IF(E110<=87,"LESS")) -> OK | F112: =IF(F110>=87,"OK",IF(F110<=87,"LESS")) -> OK | G112: =IF(G110>=87,"OK",IF(G110<=87,"LESS")) -> OK | H112: =IF(H110>=87,"OK",IF(H110<=87,"LESS")) -> OK | I112: =IF(I110>=87,"OK",IF(I110<=87,"LESS")) -> OK | ... Q112: =IF(Q110>=87,"OK",IF(Q110<=87,"LESS")) -> OK
A115: Done by | B115: AKASH
A117: Comment

Sheet 13
A1: Station: | B1: IGKV RAIPUR
A2: Date: | B2: =$A$9 -> 13/11/2025 00:15 | C2: Power Off | G2: Pw.Off | J2: Link Fail | L2: Link F | N2: Maintenance | P2: Maint.
A3: Report Type: | B3: Mean | C3: Calibration | G3: Calib. | J3: Data Fail | L3: Data F | N3: Invalid | P3: Invalid
A4: Time Base: | B4: 15 Min | C4: Zero Referrence | G4: Z.Ref | J4: Warm Up | L4: Wm. Up
A7: Date & Time | B7: NO | C7: NO2 | D7: NOX | E7: SO2 | F7: O3 | G7: PM 10 | H7: PM 2.5 | I7: BENZ | J7: WS | K7: WD | L7: TEMP | M7: HUM | N7: SR | O7: RG | P7: CO | Q7: NH3
B8: ug/m3 | C8: ug/m3 | D8: ppb | E8: ug/m3 | F8: ug/m3 | G8: ug/m3 | H8: ug/m3 | I8: ug/m3 | J8: m/sec | K8: deg | L8: degreC | M8: % | N8: w/m2 | O8: mm | P8: mg/m3 | Q8: ug/m3
A9: 13/11/2025 00:15 | B9: 7.32 | C9: 12.75 | D9: 12.53 | E9: 5.64 | F9: 2 | G9: 105.11 | H9: 45.74 | I9: 11.94 | J9: 0.16 | K9: 217.34 | L9: 19.65 | M9: 31.54 | N9: 0.9 | O9: 0 | P9: 0.74 | Q9: 9.21
A10: 13/11/2025 00:30 | B10: 8 | C10: 13.21 | D10: 13.32 | E10: 5.39 | F10: 2 | G10: 100.03 | H10: 45.01 | I10: 12.29 | J10: 0.09 | K10: 26.58 | L10: 17.98 | M10: 27.18 | N10: 1.1 | O10: 0 | P10: 0.76 | Q10: 9.32
A11: 13/11/2025 00:45 | B11: 10.2 | C11: 13.78 | D11: 15.38 | E11: 5.53 | F11: 2 | G11: 100.03 | H11: 45.01 | I11: 12.73 | J11: 0.09 | K11: 66.91 | L11: 13.12 | M11: 14.99 | N11: 1 | O11: 0 | P11: 0.81 | Q11: 9.32
A12: 13/11/2025 01:00 | B12: 12.45 | C12: 14.3 | D12: 17.45 | E12: 5.88 | F12: 2 | G12: 100.03 | H12: 45.01 | I12: 13.3 | J12: 0.14 | K12: 95.2 | L12: 12.65 | M12: 13.88 | N12: 0.9 | O12: 0 | P12: 0.83 | Q12: 9.32
A13: 13/11/2025 01:15 | B13: 14.26 | C13: 14.58 | D13: 19.06 | E13: 5.58 | F13: 2 | G13: 106.11 | H13: 47.31 | I13: 13.85 | J13: 0.12 | K13: 199.07 | L13: 17.77 | M13: 26.8 | N13: 1.4 | O13: 0 | P13: 0.84 | Q13: 9.32
A14: 13/11/2025 01:30 | B14: 15.58 | C14: 14.88 | D14: 20.27 | E14: 5.8 | F14: 2 | G14: 115.21 | H14: 49.36 | I14: 14.37 | J14: 0.16 | K14: 208.83 | L14: 19.09 | M14: 30.12 | N14: 1.4 | O14: 0 | P14: 0.85 | Q14: 9.32
A15: 13/11/2025 01:45 | B15: 16.71 | C15: 15.14 | D15: 21.31 | E15: 5.77 | F15: 2 | G15: 115.21 | H15: 49.36 | I15: 14.72 | J15: 0.13 | K15: 187.38 | L15: 17.58 | M15: 26.36 | N15: 1.3 | O15: 0 | P15: 0.87 | Q15: 9.32
A16: 13/11/2025 02:00 | B16: 17.78 | C16: 15.25 | D16: 22.23 | E16: 5.93 | F16: 2 | G16: 115.21 | H16: 49.36 | I16: 14.93 | J16: 0.12 | K16: 148.35 | L16: 15.32 | M16: 20.67 | N16: 1.2 | O16: 0 | P16: 0.89 | Q16: 9.32
A17: 13/11/2025 02:15 | B17: 19.15 | C17: 15.38 | D17: 23.4 | E17: 5.92 | F17: 2 | G17: 116.22 | H17: 52.36 | I17: 15.25 | J17: 0.21 | K17: 187.88 | L17: 16.74 | M17: 24.29 | N17: 1 | O17: 0 | P17: 0.91 | Q17: 9.32
A18: 13/11/2025 02:30 | B18: 20.71 | C18: 15.4 | D18: 24.65 | E18: 7.32 | F18: 2 | G18: 117.73 | H18: 60.27 | I18: 15.62 | J18: 0.14 | K18: 193.49 | L18: 16.41 | M18: 23.37 | N18: 1.3 | O18: 0 | P18: 0.93 | Q18: 9.32
A19: 13/11/2025 02:45 | B19: 21.49 | C19: 15.56 | D19: 25.36 | E19: 7.31 | F19: 2 | G19: 117.73 | H19: 60.27 | I19: 16 | J19: 0.17 | K19: 214.96 | L19: 18.01 | M19: 27.64 | N19: 1.5 | O19: 0 | P19: 0.94 | Q19: 9.32
A20: 13/11/2025 03:00 | B20: 21.87 | C20: 15.48 | D20: 25.62 | E20: 7.2 | F20: 2 | G20: 117.73 | H20: 60.27 | I20: 16.35 | J20: 0.17 | K20: 225.11 | L20: 18.52 | M20: 28.45 | N20: 1.3 | O20: 0 | P20: 0.96 | Q20: 9.32
... A104: 13/11/2025 24:00 | B104: 9.22 | C104: 13.38 | D104: 14.38 | E104: 6.79 | F104: 2 | G104: 109.53 | H104: 47.74 | I104: 13.95 | J104: 0.16 | K104: 209.25 | L104: 19.09 | M104: 30.15 | N104: 1 | O104: 0 | P104: 0.66 | Q104: 9.32
A106: Min | B106: =MIN(B9:B104) -> 1.6 | C106: =MIN(C9:C104) -> 12.75 | D106: =MIN(D9:D104) -> 8.46 | E106: =MIN(E9:E104) -> 4.57 | F106: =MIN(F9:F104) -> 2 | G106: =MIN(G9:G104) -> 51.35 | H106: =MIN(H9:H104) -> 32.3 | I106: =MIN(I9:I104) -> 9.45 | ... Q106: =MIN(Q9:Q104) -> 9.21
A107: Max | B107: =MAX(B9:B104) -> 40.62 | C107: =MAX(C9:C104) -> 21.06 | D107: =MAX(D9:D104) -> 41.75 | E107: =MAX(E9:E104) -> 7.87 | F107: =MAX(F9:F104) -> 2.74 | G107: =MAX(G9:G104) -> 130.29 | H107: =MAX(H9:H104) -> 68.11 | I107: =MAX(I9:I104) -> 19.61 | ... Q107: =MAX(Q9:Q104) -> 9.32
A108: Avg | B108: =AVERAGE(B9:B104) -> 14.804479 | C108: =AVERAGE(C9:C104) -> 16.250625 | D108: =AVERAGE(D9:D104) -> 20.362187 | E108: =AVERAGE(E9:E104) -> 6.4936458 | F108: =AVERAGE(F9:F104) -> 2.023125 | G108: =AVERAGE(G9:G104) -> 102.1376 | H108: =AVERAGE(H9:H104) -> 51.196458 | I108: =AVERAGE(I9:I104) -> 14.118542 | ... Q108: =AVERAGE(Q9:Q104) -> 9.3188542
A109: Stdev | B109: =STDEV(B9:B104) -> 12.406378 | C109: =STDEV(C9:C104) -> 2.1160225 | D109: =STDEV(D9:D104) -> 10.430759 | E109: =STDEV(E9:E104) -> 0.84647644 | F109: =STDEV(F9:F104) -> 0.11558831 | G109: =STDEV(G9:G104) -> 21.615371 | H109: =STDEV(H9:H104) -> 10.314469 | I109: =STDEV(I9:I104) -> 2.8380464 | ... Q109: =STDEV(Q9:Q104) -> 0.011226828
A110: Num | B110: =COUNT(B9:B104) -> 96 | C110: =COUNT(C9:C104) -> 96 | D110: =COUNT(D9:D104) -> 96 | E110: =COUNT(E9:E104) -> 96 | F110: =COUNT(F9:F104) -> 96 | G110: =COUNT(G9:G104) -> 96 | H110: =COUNT(H9:H104) -> 96 | I110: =COUNT(I9:I104) -> 96 | ... Q110: =COUNT(Q9:Q104) -> 96
A111: DCR | B111: =IF(B110>=87,">90%",IF(B110<=87,"<90%")) -> >90% | C111: =IF(C110>=87,">90%",IF(C110<=87,"<90%")) -> >90% | D111: =IF(D110>=87,">90%",IF(D110<=87,"<90%")) -> >90% | E111: =IF(E110>=87,">90%",IF(E110<=87,"<90%")) -> >90% | F111: =IF(F110>=87,">90%",IF(F110<=87,"<90%")) -> >90% | G111: =IF(G110>=87,">90%",IF(G110<=87,"<90%")) -> >90% | H111: =IF(H110>=87,">90%",IF(H110<=87,"<90%")) -> >90% | I111: =IF(I110>=87,">90%",IF(I110<=87,"<90%")) -> >90% | ... Q111: =IF(Q110>=87,">90%",IF(Q110<=87,"<90%")) -> >90%
A112: Status | B112: =IF(B110>=87,"OK",IF(B110<=87,"LESS")) -> OK | C112: =IF(C110>=87,"OK",IF(C110<=87,"LESS")) -> OK | D112: =IF(D110>=87,"OK",IF(D110<=87,"LESS")) -> OK | E112: =IF(E110>=87,"OK",IF(E110<=87,"LESS")) -> OK | F112: =IF(F110>=87,"OK",IF(F110<=87,"LESS")) -> OK | G112: =IF(G110>=87,"OK",IF(G110<=87,"LESS")) -> OK | H112: =IF(H110>=87,"OK",IF(H110<=87,"LESS")) -> OK | I112: =IF(I110>=87,"OK",IF(I110<=87,"LESS")) -> OK | ... Q112: =IF(Q110>=87,"OK",IF(Q110<=87,"LESS")) -> OK
A115: Done by | B115: AKASH
A117: Comment

Sheet 14
A1: Station: | B1: IGKV RAIPUR
A2: Date: | B2: =$A$9 -> 14/11/2025 00:15 | C2: Power Off | G2: Pw.Off | J2: Link Fail | L2: Link F | N2: Maintenance | P2: Maint.
A3: Report Type: | B3: Mean | C3: Calibration | G3: Calib. | J3: Data Fail | L3: Data F | N3: Invalid | P3: Invalid
A4: Time Base: | B4: 15 Min | C4: Zero Referrence | G4: Z.Ref | J4: Warm Up | L4: Wm. Up
A7: Date & Time | B7: NO | C7: NO2 | D7: NOX | E7: SO2 | F7: O3 | G7: PM 10 | H7: PM 2.5 | I7: BENZ | J7: WS | K7: WD | L7: TEMP | M7: HUM | N7: SR | O7: RG | P7: CO | Q7: NH3
B8: ug/m3 | C8: ug/m3 | D8: ppb | E8: ug/m3 | F8: ug/m3 | G8: ug/m3 | H8: ug/m3 | I8: ug/m3 | J8: m/sec | K8: deg | L8: degreC | M8: % | N8: w/m2 | O8: mm | P8: mg/m3 | Q8: ug/m3
A9: 14/11/2025 00:15 | B9: 9.51 | C9: 13.02 | D9: 14.42 | E9: 6.64 | F9: 2 | G9: 106.84 | H9: 48.2 | I9: 14.12 | J9: 0.05 | K9: 330.34 | L9: 16.98 | M9: 24.77 | N9: 1.1 | O9: 0 | P9: 0.66 | Q9: 9.32
A10: 14/11/2025 00:30 | B10: 10.27 | C10: 13.42 | D10: 15.24 | E10: 7.31 | F10: 2 | G10: 102.99 | H10: 48.59 | I10: 14.2 | J10: 0.24 | K10: 49.01 | L10: 10.85 | M10: 9.34 | N10: 0.8 | O10: 0 | P10: 0.66 | Q10: 9.32
A11: 14/11/2025 00:45 | B11: 11.97 | C11: 14.12 | D11: 16.97 | E11: 7.43 | F11: 2 | G11: 102.99 | H11: 48.59 | I11: 14.27 | J11: 0.16 | K11: 62.26 | L11: 11.17 | M11: 10.17 | N11: 0.8 | O11: 0 | P11: 0.67 | Q11: 9.32
A12: 14/11/2025 01:00 | B12: 13.75 | C12: 14.86 | D12: 18.79 | E12: 7.25 | F12: 2 | G12: 102.99 | H12: 48.59 | I12: 14.38 | J12: 0.18 | K12: 174.09 | L12: 16.01 | M12: 22.47 | N12: 1.1 | O12: 0 | P12: 0.68 | Q12: 9.32
A13: 14/11/2025 01:15 | B13: 15.03 | C13: 15.31 | D13: 20.05 | E13: 7.23 | F13: 2 | G13: 104.85 | H13: 51.3 | I13: 14.64 | J13: 0.15 | K13: 187.16 | L13: 17.76 | M13: 26.84 | N13: 1.3 | O13: 0 | P13: 0.7 | Q13: 9.32
A14: 14/11/2025 01:30 | B14: 15.95 | C14: 15.68 | D14: 20.98 | E14: 7.24 | F14: 2 | G14: 107.63 | H14: 53.7 | I14: 14.99 | J14: 0.13 | K14: 175.24 | L14: 15.5 | M14: 21.12 | N14: 1.2 | O14: 0 | P14: 0.7 | Q14: 9.32
A15: 14/11/2025 01:45 | B15: 17.04 | C15: 15.94 | D15: 21.99 | E15: 7.38 | F15: 2 | G15: 107.63 | H15: 53.7 | I15: 15.14 | J15: 0.12 | K15: 174.03 | L15: 16.92 | M15: 24.78 | N15: 1.2 | O15: 0 | P15: 0.71 | Q15: 9.32
A16: 14/11/2025 02:00 | B16: 18.5 | C16: 16.38 | D16: 23.4 | E16: 7.36 | F16: 2 | G16: 107.63 | H16: 53.7 | I16: 15.2 | J16: 0.14 | K16: 198.24 | L16: 18.37 | M16: 28.38 | N16: 1.2 | O16: 0 | P16: 0.72 | Q16: 9.32
A17: 14/11/2025 02:15 | B17: 19.6 | C17: 16.64 | D17: 24.41 | E17: 5.67 | F17: 2 | G17: 108.36 | H17: 53.83 | I17: 15.29 | J17: 0.13 | K17: 203.34 | L17: 18.5 | M17: 28.71 | N17: 1.3 | O17: 0 | P17: 0.73 | Q17: 9.32
A18: 14/11/2025 02:30 | B18: 20.7 | C18: 16.7 | D18: 25.32 | E18: 6.83 | F18: 2 | G18: 109.46 | H18: 54.18 | I18: 15.33 | J18: 0.13 | K18: 188.41 | L18: 17.31 | M18: 25.71 | N18: 1.2 | O18: 0 | P18: 0.74 | Q18: 9.32
A19: 14/11/2025 02:45 | B19: 21.16 | C19: 16.62 | D19: 25.65 | E19: 6.47 | F19: 2 | G19: 109.46 | H19: 54.18 | I19: 15.38 | J19: 0.13 | K19: 170.84 | L19: 15.95 | M19: 22.34 | N19: 1.3 | O19: 0 | P19: 0.75 | Q19: 9.32
A20: 14/11/2025 03:00 | B20: 21.1 | C20: 16.46 | D20: 25.52 | E20: 6.61 | F20: 2 | G20: 109.46 | H20: 54.18 | I20: 15.42 | J20: 0.1 | K20: 180.84 | L20: 17.03 | M20: 25.01 | N20: 1.1 | O20: 0 | P20: 0.76 | Q20: 9.32
... A104: 14/11/2025 24:00 | B104: 8.79 | C104: 15.49 | D104: 15.14 | E104: 6.79 | F104: 8.42 | G104: 56.83 | H104: 15.87 | I104: 12.66 | J104: 0.17 | K104: 219.14 | L104: 19.39 | M104: 30.94 | N104: 1.3 | O104: 0 | P104: 0.62 | Q104: 9.32
A106: Min | B106: =MIN(B9:B104) -> 1.77 | C106: =MIN(C9:C104) -> 13.02 | D106: =MIN(D9:D104) -> 10.99 | E106: =MIN(E9:E104) -> 3.36 | F106: =MIN(F9:F104) -> 1.97 | G106: =MIN(G9:G104) -> 0 | H106: =MIN(H9:H104) -> 0 | I106: =MIN(I9:I104) -> 6.35 | ... Q106: =MIN(Q9:Q104) -> 9.32
A107: Max | B107: =MAX(B9:B104) -> 35.31 | C107: =MAX(C9:C104) -> 31.72 | D107: =MAX(D9:D104) -> 37.89 | E107: =MAX(E9:E104) -> 14.83 | F107: =MAX(F9:F104) -> 16.06 | G107: =MAX(G9:G104) -> 130.4 | H107: =MAX(H9:H104) -> 62.91 | I107: =MAX(I9:I104) -> 17.64 | ... Q107: =MAX(Q9:Q104) -> 9.32
A108: Avg | B108: =AVERAGE(B9:B104) -> 13.758646 | C108: =AVERAGE(C9:C104) -> 19.838542 | D108: =AVERAGE(D9:D104) -> 21.398021 | E108: =AVERAGE(E9:E104) -> 7.0808333 | F108: =AVERAGE(F9:F104) -> 5.456875 | G108: =AVERAGE(G9:G104) -> 72.119375 | H108: =AVERAGE(H9:H104) -> 31.003021 | I108: =AVERAGE(I9:I104) -> 12.484271 | ... Q108: =AVERAGE(Q9:Q104) -> 9.32
A109: Stdev | B109: =STDEV(B9:B104) -> 11.294122 | C109: =STDEV(C9:C104) -> 4.5124445 | D109: =STDEV(D9:D104) -> 8.2829617 | E109: =STDEV(E9:E104) -> 1.8715368 | F109: =STDEV(F9:F104) -> 3.3742571 | G109: =STDEV(G9:G104) -> 35.794674 | H109: =STDEV(H9:H104) -> 21.948594 | I109: =STDEV(I9:I104) -> 3.6197868 | ... Q109: =STDEV(Q9:Q104) -> 1.7856816e-14
A110: Num | B110: =COUNT(B9:B104) -> 96 | C110: =COUNT(C9:C104) -> 96 | D110: =COUNT(D9:D104) -> 96 | E110: =COUNT(E9:E104) -> 96 | F110: =COUNT(F9:F104) -> 96 | G110: =COUNT(G9:G104) -> 96 | H110: =COUNT(H9:H104) -> 96 | I110: =COUNT(I9:I104) -> 96 | ... Q110: =COUNT(Q9:Q104) -> 96
A111: DCR | B111: =IF(B110>=87,">90%",IF(B110<=87,"<90%")) -> >90% | C111: =IF(C110>=87,">90%",IF(C110<=87,"<90%")) -> >90% | D111: =IF(D110>=87,">90%",IF(D110<=87,"<90%")) -> >90% | E111: =IF(E110>=87,">90%",IF(E110<=87,"<90%")) -> >90% | F111: =IF(F110>=87,">90%",IF(F110<=87,"<90%")) -> >90% | G111: =IF(G110>=87,">90%",IF(G110<=87,"<90%")) -> >90% | H111: =IF(H110>=87,">90%",IF(H110<=87,"<90%")) -> >90% | I111: =IF(I110>=87,">90%",IF(I110<=87,"<90%")) -> >90% | ... Q111: =IF(Q110>=87,">90%",IF(Q110<=87,"<90%")) -> >90%
A112: Status | B112: =IF(B110>=87,"OK",IF(B110<=87,"LESS")) -> OK | C112: =IF(C110>=87,"OK",IF(C110<=87,"LESS")) -> OK | D112: =IF(D110>=87,"OK",IF(D110<=87,"LESS")) -> OK | E112: =IF(E110>=87,"OK",IF(E110<=87,"LESS")) -> OK | F112: =IF(F110>=87,"OK",IF(F110<=87,"LESS")) -> OK | G112: =IF(G110>=87,"OK",IF(G110<=87,"LESS")) -> OK | H112: =IF(H110>=87,"OK",IF(H110<=87,"LESS")) -> OK | I112: =IF(I110>=87,"OK",IF(I110<=87,"LESS")) -> OK | ... Q112: =IF(Q110>=87,"OK",IF(Q110<=87,"LESS")) -> OK
A115: Done by | B115: AKASH
A117: Comment

Sheet 15
A1: Station: | B1: IGKV RAIPUR
A2: Date: | B2: =$A$9 -> 15/11/2025 00:15 | C2: Power Off | G2: Pw.Off | J2: Link Fail | L2: Link F | N2: Maintenance | P2: Maint.
A3: Report Type: | B3: Mean | C3: Calibration | G3: Calib. | J3: Data Fail | L3: Data F | N3: Invalid | P3: Invalid
A4: Time Base: | B4: 15 Min | C4: Zero Referrence | G4: Z.Ref | J4: Warm Up | L4: Wm. Up
A7: Date & Time | B7: NO | C7: NO2 | D7: NOX | E7: SO2 | F7: O3 | G7: PM 10 | H7: PM 2.5 | I7: BENZ | J7: WS | K7: WD | L7: TEMP | M7: HUM | N7: SR | O7: RG | P7: CO | Q7: NH3
B8: ug/m3 | C8: ug/m3 | D8: ppb | E8: ug/m3 | F8: ug/m3 | G8: ug/m3 | H8: ug/m3 | I8: ug/m3 | J8: m/sec | K8: deg | L8: degreC | M8: % | N8: w/m2 | O8: mm | P8: mg/m3 | Q8: ug/m3
A9: 15/11/2025 00:15 | B9: 8.52 | C9: 14.92 | D9: 14.62 | E9: 7.07 | F9: 2 | G9: 56.83 | H9: 15.87 | I9: 12.77 | J9: 0.1 | K9: 176.95 | L9: 17.25 | M9: 25.55 | N9: 1.1 | O9: 0 | P9: 0.64 | Q9: 9.32
A10: 15/11/2025 00:30 | B10: 8.9 | C10: 14.99 | D10: 14.97 | E10: 7.12 | F10: 2 | G10: 56.83 | H10: 15.87 | I10: 13.06 | J10: 0.19 | K10: 197.03 | L10: 17.36 | M10: 25.88 | N10: 0.9 | O10: 0 | P10: 0.66 | Q10: 9.32
A11: 15/11/2025 00:45 | B11: 9.51 | C11: 14.88 | D11: 15.4 | E11: 7.6 | F11: 2 | G11: 56.96 | H11: 17.84 | I11: 13.53 | J11: 0.13 | K11: 182.53 | L11: 16.4 | M11: 23.48 | N11: 1.2 | O11: 0 | P11: 0.67 | Q11: 9.32
A12: 15/11/2025 01:00 | B12: 9.81 | C12: 14.74 | D12: 15.57 | E12: 7.75 | F12: 2 | G12: 58.16 | H12: 18.68 | I12: 14.09 | J12: 0.34 | K12: 18.03 | L12: 13.55 | M12: 16.1 | N12: 1 | O12: 0 | P12: 0.68 | Q12: 9.32
A13: 15/11/2025 01:15 | B13: 10.48 | C13: 14.94 | D13: 16.22 | E13: 7.82 | F13: 2 | G13: 58.16 | H13: 18.68 | I13: 14.6 | J13: 0.36 | K13: 63.55 | L13: 11.24 | M13: 10.33 | N13: 0.5 | O13: 0 | P13: 0.69 | Q13: 9.32
A14: 15/11/2025 01:30 | B14: 10.85 | C14: 15.3 | D14: 16.7 | E14: 7.29 | F14: 2 | G14: 58.16 | H14: 18.68 | I14: 15.03 | J14: 0.05 | K14: 116.53 | L14: 14.97 | M14: 19.79 | N14: 1.2 | O14: 0 | P14: 0.69 | Q14: 9.32
A15: 15/11/2025 01:45 | B15: 10.99 | C15: 15.59 | D15: 16.95 | E15: 7.31 | F15: 2 | G15: 57.72 | H15: 18.58 | I15: 15.18 | J15: 0.14 | K15: 187.2 | L15: 18.75 | M15: 29.33 | N15: 1.6 | O15: 0 | P15: 0.7 | Q15: 9.32
A16: 15/11/2025 02:00 | B16: 11.49 | C16: 15.87 | D16: 17.51 | E16: 7.29 | F16: 2 | G16: 53.8 | H16: 17.7 | I16: 15.03 | J16: 0.08 | K16: 137.08 | L16: 14.11 | M16: 17.67 | N16: 1.5 | O16: 0 | P16: 0.71 | Q16: 9.32
A17: 15/11/2025 02:15 | B17: 12.4 | C17: 16.19 | D17: 18.4 | E17: 4.37 | F17: 2 | G17: 53.8 | H17: 17.7 | I17: 14.83 | J17: 0.12 | K17: 147.92 | L17: 13.98 | M17: 17.37 | N17: 1.3 | O17: 0 | P17: 0.7 | Q17: 9.32
A18: 15/11/2025 02:30 | B18: 12.97 | C18: 16.23 | D18: 18.88 | E18: 5.62 | F18: 2 | G18: 53.8 | H18: 17.7 | I18: 14.7 | J18: 0.16 | K18: 157.65 | L18: 14.8 | M18: 19.42 | N18: 1.4 | O18: 0 | P18: 0.7 | Q18: 9.32
A19: 15/11/2025 02:45 | B19: 13.01 | C19: 16.23 | D19: 18.92 | E19: 5.54 | F19: 2 | G19: 53.69 | H19: 17.61 | I19: 14.59 | J19: 0.14 | K19: 156.6 | L19: 14.78 | M19: 19.38 | N19: 1.2 | O19: 0 | P19: 0.69 | Q19: 9.32
A20: 15/11/2025 03:00 | B20: 13.05 | C20: 16.1 | D20: 18.87 | E20: 5.25 | F20: 2 | G20: 52.65 | H20: 16.84 | I20: 14.47 | J20: 0.13 | K20: 188.02 | L20: 17.17 | M20: 25.32 | N20: 1.2 | O20: 0 | P20: 0.69 | Q20: 9.32
... A104: 15/11/2025 24:00 | B104: 22.6 | C104: 18.41 | D104: 27.74 | E104: 6.15 | F104: 2 | G104: 61.11 | H104: 16.51 | I104: 14.24 | J104: 0.17 | K104: 219.53 | L104: 19.52 | M104: 31.28 | N104: 1.2 | O104: 0 | P104: 0.8 | Q104: 9.32
A106: Min | B106: =MIN(B9:B104) -> 2.25 | C106: =MIN(C9:C104) -> 14.74 | D106: =MIN(D9:D104) -> 10.29 | E106: =MIN(E9:E104) -> 4.37 | F106: =MIN(F9:F104) -> 2 | G106: =MIN(G9:G104) -> 32.63 | H106: =MIN(H9:H104) -> 10.32 | I106: =MIN(I9:I104) -> 8.89 | ... Q106: =MIN(Q9:Q104) -> 9.32
A107: Max | B107: =MAX(B9:B104) -> 22.6 | C107: =MAX(C9:C104) -> 20.3 | D107: =MAX(D9:D104) -> 27.74 | E107: =MAX(E9:E104) -> 11.98 | F107: =MAX(F9:F104) -> 7.47 | G107: =MAX(G9:G104) -> 61.11 | H107: =MAX(H9:H104) -> 18.68 | I107: =MAX(I9:I104) -> 15.18 | ... Q107: =MAX(Q9:Q104) -> 13.89
A108: Avg | B108: =AVERAGE(B9:B104) -> 10.021042 | C108: =AVERAGE(C9:C104) -> 17.199062 | D108: =AVERAGE(D9:D104) -> 17.022083 | E108: =AVERAGE(E9:E104) -> 6.6188542 | F108: =AVERAGE(F9:F104) -> 2.4255208 | G108: =AVERAGE(G9:G104) -> 48.530625 | H108: =AVERAGE(H9:H104) -> 14.624271 | I108: =AVERAGE(I9:I104) -> 12.421354 | ... Q108: =AVERAGE(Q9:Q104) -> 9.4853125
A109: Stdev | B109: =STDEV(B9:B104) -> 6.2175525 | C109: =STDEV(C9:C104) -> 1.4438298 | D109: =STDEV(D9:D104) -> 4.9018241 | E109: =STDEV(E9:E104) -> 1.4775555 | F109: =STDEV(F9:F104) -> 0.98382804 | G109: =STDEV(G9:G104) -> 8.0916777 | H109: =STDEV(H9:H104) -> 2.5060087 | I109: =STDEV(I9:I104) -> 1.9533322 | ... Q109: =STDEV(Q9:Q104) -> 0.73933107
A110: Num | B110: =COUNT(B9:B104) -> 96 | C110: =COUNT(C9:C104) -> 96 | D110: =COUNT(D9:D104) -> 96 | E110: =COUNT(E9:E104) -> 96 | F110: =COUNT(F9:F104) -> 96 | G110: =COUNT(G9:G104) -> 96 | H110: =COUNT(H9:H104) -> 96 | I110: =COUNT(I9:I104) -> 96 | ... Q110: =COUNT(Q9:Q104) -> 96
A111: DCR | B111: =IF(B110>=87,">90%",IF(B110<=87,"<90%")) -> >90% | C111: =IF(C110>=87,">90%",IF(C110<=87,"<90%")) -> >90% | D111: =IF(D110>=87,">90%",IF(D110<=87,"<90%")) -> >90% | E111: =IF(E110>=87,">90%",IF(E110<=87,"<90%")) -> >90% | F111: =IF(F110>=87,">90%",IF(F110<=87,"<90%")) -> >90% | G111: =IF(G110>=87,">90%",IF(G110<=87,"<90%")) -> >90% | H111: =IF(H110>=87,">90%",IF(H110<=87,"<90%")) -> >90% | I111: =IF(I110>=87,">90%",IF(I110<=87,"<90%")) -> >90% | ... Q111: =IF(Q110>=87,">90%",IF(Q110<=87,"<90%")) -> >90%
A112: Status | B112: =IF(B110>=87,"OK",IF(B110<=87,"LESS")) -> OK | C112: =IF(C110>=87,"OK",IF(C110<=87,"LESS")) -> OK | D112: =IF(D110>=87,"OK",IF(D110<=87,"LESS")) -> OK | E112: =IF(E110>=87,"OK",IF(E110<=87,"LESS")) -> OK | F112: =IF(F110>=87,"OK",IF(F110<=87,"LESS")) -> OK | G112: =IF(G110>=87,"OK",IF(G110<=87,"LESS")) -> OK | H112: =IF(H110>=87,"OK",IF(H110<=87,"LESS")) -> OK | I112: =IF(I110>=87,"OK",IF(I110<=87,"LESS")) -> OK | ... Q112: =IF(Q110>=87,"OK",IF(Q110<=87,"LESS")) -> OK
A115: Done by | B115: AKASH
A117: Comment

Sheet 16
A1: Station: | B1: IGKV RAIPUR
A2: Date: | B2: =$A$9 -> 16/11/2025 00:15 | C2: Power Off | G2: Pw.Off | J2: Link Fail | L2: Link F | N2: Maintenance | P2: Maint.
A3: Report Type: | B3: Mean | C3: Calibration | G3: Calib. | J3: Data Fail | L3: Data F | N3: Invalid | P3: Invalid
A4: Time Base: | B4: 15 Min | C4: Zero Referrence | G4: Z.Ref | J4: Warm Up | L4: Wm. Up
A7: Date & Time | B7: NO | C7: NO2 | D7: NOX | E7: SO2 | F7: O3 | G7: PM 10 | H7: PM 2.5 | I7: BENZ | J7: WS | K7: WD | L7: TEMP | M7: HUM | N7: SR | O7: RG | P7: CO | Q7: NH3
B8: ug/m3 | C8: ug/m3 | D8: ppb | E8: ug/m3 | F8: ug/m3 | G8: ug/m3 | H8: ug/m3 | I8: ug/m3 | J8: m/sec | K8: deg | L8: degreC | M8: % | N8: w/m2 | O8: mm | P8: mg/m3 | Q8: ug/m3
A9: 16/11/2025 00:15 | B9: 24.47 | C9: 18.44 | D9: 29.26 | E9: 6.34 | F9: Maint. | G9: 61.11 | H9: 16.51 | I9: 14.36 | J9: 0.21 | K9: 230.31 | L9: 19.96 | M9: 32.36 | N9: 1.3 | O9: 0 | P9: 0.81 | Q9: 9.32
A10: 16/11/2025 00:30 | B10: 24.98 | C10: 18.52 | D10: 29.71 | E10: 6.31 | F10: Maint. | G10: 61.11 | H10: 16.51 | I10: 14.47 | J10: 0.15 | K10: 208.96 | L10: 18.76 | M10: 29.37 | N10: 1.3 | O10: 0 | P10: 0.81 | Q10: 9.32
A11: 16/11/2025 00:45 | B11: 26.09 | C11: 18.8 | D11: 30.75 | E11: 6.31 | F11: Maint. | G11: 61.09 | H11: 17.19 | I11: 14.52 | J11: 0.17 | K11: 184.86 | L11: 17.03 | M11: 25.06 | N11: 1.3 | O11: 0 | P11: 0.82 | Q11: 9.32
A12: 16/11/2025 01:00 | B12: 27.14 | C12: 19.09 | D12: 31.74 | E12: 6.41 | F12: Maint. | G12: 60.86 | H12: 17.39 | I12: 14.6 | J12: 0.13 | K12: 197.13 | L12: 17.65 | M12: 26.71 | N12: 1.2 | O12: 0 | P12: 0.82 | Q12: 9.32
A13: 16/11/2025 01:15 | B13: 27.92 | C13: 19.16 | D13: 32.4 | E13: 6.16 | F13: Maint. | G13: 60.86 | H13: 17.39 | I13: 14.73 | J13: 0.12 | K13: 177.64 | L13: 16.2 | M13: 22.95 | N13: 1.1 | O13: 0 | P13: 0.82 | Q13: 9.32
A14: 16/11/2025 01:30 | B14: 28.93 | C14: 19.34 | D14: 33.3 | E14: 6.36 | F14: Maint. | G14: 60.86 | H14: 17.39 | I14: 14.83 | J14: 0.1 | K14: 117.97 | L14: 12.87 | M14: 14.55 | N14: 1.2 | O14: 0 | P14: 0.83 | Q14: 9.32
A15: 16/11/2025 01:45 | B15: 29.38 | C15: 19.51 | D15: 33.75 | E15: 6.39 | F15: Maint. | G15: 60.77 | H15: 17.4 | I15: 14.96 | J15: 0.21 | K15: 84.34 | L15: 10.43 | M15: 8.36 | N15: 0.8 | O15: 0 | P15: 0.84 | Q15: 9.32
A16: 16/11/2025 02:00 | B16: 29.33 | C16: 19.53 | D16: 33.72 | E16: 6.18 | F16: Maint. | G16: 59.98 | H16: 17.54 | I16: 15.21 | J16: 0.15 | K16: 25.59 | L16: 14.03 | M16: 17.3 | N16: 1.1 | O16: 0 | P16: 0.86 | Q16: 9.32
A17: 16/11/2025 02:15 | B17: 28.88 | C17: 19.31 | D17: 33.25 | E17: 5.73 | F17: Maint. | G17: 59.98 | H17: 17.54 | I17: 15.61 | J17: 0.24 | K17: 37.76 | L17: 10.18 | M17: 7.61 | N17: 1.1 | O17: 0 | P17: 0.85 | Q17: 9.32
A18: 16/11/2025 02:30 | B18: 28.08 | C18: 19.08 | D18: 32.49 | E18: 6.72 | F18: Maint. | G18: 59.98 | H18: 17.54 | I18: 16.12 | J18: 0.09 | K18: 45.57 | L18: 12.27 | M18: 12.9 | N18: 1.4 | O18: 0 | P18: 0.86 | Q18: 9.32
A19: 16/11/2025 02:45 | B19: 27.24 | C19: 18.85 | D19: 31.69 | E19: 7.15 | F19: Maint. | G19: 60.66 | H19: 17.67 | I19: 16.63 | J19: 0.25 | K19: 35.04 | L19: 10.23 | M19: 7.65 | N19: 1.1 | O19: 0 | P19: 0.87 | Q19: 9.32
A20: 16/11/2025 03:00 | B20: 26.73 | C20: 18.73 | D20: 31.22 | E20: 7.1 | F20: Maint. | G20: 67.67 | H20: 18.72 | I20: 16.94 | J20: 0.28 | K20: 50.98 | L20: 7.36 | M20: 0.55 | N20: 1.2 | O20: 0 | P20: 0.88 | Q20: 9.32
... A104: 16/11/2025 24:00 | B104: 9.83 | C104: 16.15 | D104: 16.32 | E104: 6.13 | F104: Maint. | G104: 43.62 | H104: 13.87 | I104: 11.61 | J104: 0.2 | K104: 214.75 | L104: 18.89 | M104: 29.77 | N104: 1.3 | O104: 0 | P104: 0.72 | Q104: 9.32
A106: Min | B106: =MIN(B9:B104) -> 1.78 | C106: =MIN(C9:C104) -> 15.56 | D106: =MIN(D9:D104) -> 9.56 | E106: =MIN(E9:E104) -> 3.69 | F106: =MIN(F9:F104) -> 0 | G106: =MIN(G9:G104) -> 27.37 | H106: =MIN(H9:H104) -> 10.07 | I106: =MIN(I9:I104) -> 8.27 | ... Q106: =MIN(Q9:Q104) -> 9.32
A107: Max | B107: =MAX(B9:B104) -> 29.38 | C107: =MAX(C9:C104) -> 19.61 | D107: =MAX(D9:D104) -> 33.75 | E107: =MAX(E9:E104) -> 7.6 | F107: =MAX(F9:F104) -> 0 | G107: =MAX(G9:G104) -> 68.34 | H107: =MAX(H9:H104) -> 18.72 | I107: =MAX(I9:I104) -> 17.42 | ... Q107: =MAX(Q9:Q104) -> 10.28
A108: Avg | B108: =AVERAGE(B9:B104) -> 12.4725 | C108: =AVERAGE(C9:C104) -> 17.864792 | D108: =AVERAGE(D9:D104) -> 19.336146 | E108: =AVERAGE(E9:E104) -> 6.3107292 | F108: =AVERAGE(F9:F104) -> #DIV/0! | G108: =AVERAGE(G9:G104) -> 47.333646 | H108: =AVERAGE(H9:H104) -> 14.404688 | I108: =AVERAGE(I9:I104) -> 12.126042 | ... Q108: =AVERAGE(Q9:Q104) -> 9.4336458
A109: Stdev | B109: =STDEV(B9:B104) -> 9.1800905 | C109: =STDEV(C9:C104) -> 1.4143304 | D109: =STDEV(D9:D104) -> 7.8745195 | E109: =STDEV(E9:E104) -> 0.53085878 | F109: =STDEV(F9:F104) -> #DIV/0! | G109: =STDEV(G9:G104) -> 11.669285 | H109: =STDEV(H9:H104) -> 2.8596919 | I109: =STDEV(I9:I104) -> 2.8462468 | ... Q109: =STDEV(Q9:Q104) -> 0.21038371
A110: Num | B110: =COUNT(B9:B104) -> 96 | C110: =COUNT(C9:C104) -> 96 | D110: =COUNT(D9:D104) -> 96 | E110: =COUNT(E9:E104) -> 96 | F110: =COUNT(F9:F104)+96 -> 96 | G110: =COUNT(G9:G104) -> 96 | H110: =COUNT(H9:H104) -> 96 | I110: =COUNT(I9:I104) -> 96 | J110: =COUNT(J9:J104) -> 96 | K110: =COUNT(K9:K104) -> 96 | L110: =COUNT(L9:L104) -> 96 | M110: =COUNT(M9:M104) -> 96 | N110: =COUNT(N9:N104) -> 96 | ... Q110: =COUNT(Q9:Q104) -> 96
A111: DCR | B111: =IF(B110>=87,">90%",IF(B110<=87,"<90%")) -> >90% | C111: =IF(C110>=87,">90%",IF(C110<=87,"<90%")) -> >90% | D111: =IF(D110>=87,">90%",IF(D110<=87,"<90%")) -> >90% | E111: =IF(E110>=87,">90%",IF(E110<=87,"<90%")) -> >90% | F111: =IF(F110>=87,">90%",IF(F110<=87,"<90%")) -> >90% | G111: =IF(G110>=87,">90%",IF(G110<=87,"<90%")) -> >90% | H111: =IF(H110>=87,">90%",IF(H110<=87,"<90%")) -> >90% | I111: =IF(I110>=87,">90%",IF(I110<=87,"<90%")) -> >90% | ... Q111: =IF(Q110>=87,">90%",IF(Q110<=87,"<90%")) -> >90%
A112: Status | B112: =IF(B110>=87,"OK",IF(B110<=87,"LESS")) -> OK | C112: =IF(C110>=87,"OK",IF(C110<=87,"LESS")) -> OK | D112: =IF(D110>=87,"OK",IF(D110<=87,"LESS")) -> OK | E112: =IF(E110>=87,"OK",IF(E110<=87,"LESS")) -> OK | F112: =IF(F110>=87,"OK",IF(F110<=87,"LESS")) -> OK | G112: =IF(G110>=87,"OK",IF(G110<=87,"LESS")) -> OK | H112: =IF(H110>=87,"OK",IF(H110<=87,"LESS")) -> OK | I112: =IF(I110>=87,"OK",IF(I110<=87,"LESS")) -> OK | ... Q112: =IF(Q110>=87,"OK",IF(Q110<=87,"LESS")) -> OK
A115: Done by | B115: AKASH
A117: Comment

Sheet 17
A1: Station: | B1: IGKV RAIPUR
A2: Date: | B2: =$A$9 -> 17/11/2025 00:15 | C2: Power Off | G2: Pw.Off | J2: Link Fail | L2: Link F | N2: Maintenance | P2: Maint.
A3: Report Type: | B3: Mean | C3: Calibration | G3: Calib. | J3: Data Fail | L3: Data F | N3: Invalid | P3: Invalid
A4: Time Base: | B4: 15 Min | C4: Zero Referrence | G4: Z.Ref | J4: Warm Up | L4: Wm. Up
A7: Date & Time | B7: NO | C7: NO2 | D7: NOX | E7: SO2 | F7: O3 | G7: PM 10 | H7: PM 2.5 | I7: BENZ | J7: WS | K7: WD | L7: TEMP | M7: HUM | N7: SR | O7: RG | P7: CO | Q7: NH3
B8: ug/m3 | C8: ug/m3 | D8: ppb | E8: ug/m3 | F8: ug/m3 | G8: ug/m3 | H8: ug/m3 | I8: ug/m3 | J8: m/sec | K8: deg | L8: degreC | M8: % | N8: w/m2 | O8: mm | P8: mg/m3 | Q8: ug/m3
A9: 17/11/2025 00:15 | B9: 9.84 | C9: 15.42 | D9: 15.95 | E9: 5.96 | F9: Maint. | G9: 43.62 | H9: 13.87 | I9: 11.71 | J9: 0.17 | K9: 213.31 | L9: 18.72 | M9: 29.3 | N9: 1.2 | O9: 0 | P9: 0.71 | Q9: 9.32
A10: 17/11/2025 00:30 | B10: 9.75 | C10: 15.51 | D10: 15.92 | E10: 5.88 | F10: Maint. | G10: 43.62 | H10: 13.87 | I10: 11.81 | J10: 0.11 | K10: 180.91 | L10: 15.76 | M10: 21.87 | N10: 1.1 | O10: 0 | P10: 0.72 | Q10: 9.32
A11: 17/11/2025 00:45 | B11: 9.93 | C11: 15.51 | D11: 16.06 | E11: 6.04 | F11: Maint. | G11: 43.55 | H11: 13.88 | I11: 11.83 | J11: 0.08 | K11: 6.89 | L11: 16.01 | M11: 22.3 | N11: 0.9 | O11: 0 | P11: 0.72 | Q11: 9.32
A12: 17/11/2025 01:00 | B12: 11 | C12: 15.88 | D12: 17.11 | E12: 5.99 | F12: Maint. | G12: 42.9 | H12: 13.95 | I12: 11.8 | J12: 0.34 | K12: 51.08 | L12: 8.29 | M12: 2.92 | N12: 0.7 | O12: 0 | P12: 0.72 | Q12: 9.32
A13: 17/11/2025 01:15 | B13: 11.61 | C13: 16.22 | D13: 17.78 | E13: 5.85 | F13: Maint. | G13: 42.9 | H13: 13.95 | I13: 11.85 | J13: 0.16 | K13: 101.04 | L13: 12.14 | M13: 12.74 | N13: 0.9 | O13: 0 | P13: 0.73 | Q13: 9.32
A14: 17/11/2025 01:30 | B14: 11.7 | C14: 16.63 | D14: 18.07 | E14: 6.09 | F14: Maint. | G14: 42.9 | H14: 13.95 | I14: 11.98 | J14: 0.13 | K14: 63.96 | L14: 13.46 | M14: 15.98 | N14: 1.1 | O14: 0 | P14: 0.72 | Q14: 9.32
A15: 17/11/2025 01:45 | B15: 11.88 | C15: 16.89 | D15: 18.35 | E15: 6.42 | F15: Maint. | G15: 43.1 | H15: 13.86 | I15: 12 | J15: 0.29 | K15: 40.46 | L15: 9.67 | M15: 6.37 | N15: 0.8 | O15: 0 | P15: 0.73 | Q15: 9.32
A16: 17/11/2025 02:00 | B16: 12.09 | C16: 17.12 | D16: 18.64 | E16: 6.1 | F16: Maint. | G16: 45.13 | H16: 13.18 | I16: 12.14 | J16: 0.45 | K16: 45.57 | L16: 7.74 | M16: 1.5 | N16: 0.7 | O16: 0 | P16: 0.72 | Q16: 9.32
A17: 17/11/2025 02:15 | B17: 12 | C17: 17.28 | D17: 18.65 | E17: 4.49 | F17: Maint. | G17: 45.13 | H17: 13.18 | I17: 12.56 | J17: 0.34 | K17: 38.68 | L17: 8.71 | M17: 3.93 | N17: 1.1 | O17: 0 | P17: 0.72 | Q17: 9.32
A18: 17/11/2025 02:30 | B18: 11.77 | C18: 17.49 | D18: 18.58 | E18: 5.57 | F18: Maint. | G18: 45.13 | H18: 13.18 | I18: 12.92 | J18: 0.19 | K18: 29.33 | L18: 11.66 | M18: 11.25 | N18: 1.3 | O18: 0 | P18: 0.71 | Q18: 9.32
A19: 17/11/2025 02:45 | B19: 11.46 | C19: 17.52 | D19: 18.34 | E19: 5.6 | F19: Maint. | G19: 45.18 | H19: 13.25 | I19: 13.03 | J19: 0.2 | K19: 38.7 | L19: 12.83 | M19: 14.33 | N19: 1.1 | O19: 0 | P19: 0.71 | Q19: 9.32
A20: 17/11/2025 03:00 | B20: 11.17 | C20: 17.44 | D20: 18.07 | E20: 5.51 | F20: Maint. | G20: 45.7 | H20: 14.01 | I20: 13.03 | J20: 0.17 | K20: 41.32 | L20: 12.36 | M20: 13.16 | N20: 1.1 | O20: 0 | P20: 0.72 | Q20: 9.32
... A104: 17/11/2025 24:00 | B104: 11.86 | C104: 18.9 | D104: 19.39 | E104: 6.96 | F104: Maint. | G104: 57.94 | H104: 19.38 | I104: 12.57 | J104: 0.24 | K104: 181.18 | L104: 17.49 | M104: 26.19 | N104: 1.4 | O104: 0 | P104: 0.82 | Q104: 9.32
A106: Min | B106: =MIN(B9:B104) -> 1.91 | C106: =MIN(C9:C104) -> 14.16 | D106: =MIN(D9:D104) -> 9.04 | E106: =MIN(E9:E104) -> 3.05 | F106: =MIN(F9:F104) -> 0 | G106: =MIN(G9:G104) -> 30.63 | H106: =MIN(H9:H104) -> 11.74 | I106: =MIN(I9:I104) -> 8.22 | ... Q106: =MIN(Q9:Q104) -> 9.32
A107: Max | B107: =MAX(B9:B104) -> 15.76 | C107: =MAX(C9:C104) -> 21.41 | D107: =MAX(D9:D104) -> 22.61 | E107: =MAX(E9:E104) -> 8.19 | F107: =MAX(F9:F104) -> 0 | G107: =MAX(G9:G104) -> 67.31 | H107: =MAX(H9:H104) -> 19.38 | I107: =MAX(I9:I104) -> 13.03 | ... Q107: =MAX(Q9:Q104) -> 11
A108: Avg | B108: =AVERAGE(B9:B104) -> 8.08625 | C108: =AVERAGE(C9:C104) -> 18.105729 | D108: =AVERAGE(D9:D104) -> 15.944896 | E108: =AVERAGE(E9:E104) -> 6.0534375 | F108: =AVERAGE(F9:F104) -> #DIV/0! | G108: =AVERAGE(G9:G104) -> 46.0325 | H108: =AVERAGE(H9:H104) -> 14.363646 | I108: =AVERAGE(I9:I104) -> 10.71 | ... Q108: =AVERAGE(Q9:Q104) -> 9.3585417
A109: Stdev | B109: =STDEV(B9:B104) -> 4.4583809 | C109: =STDEV(C9:C104) -> 2.2337949 | D109: =STDEV(D9:D104) -> 4.2608754 | E109: =STDEV(E9:E104) -> 0.88428839 | F109: =STDEV(F9:F104) -> #DIV/0! | G109: =STDEV(G9:G104) -> 9.818603 | H109: =STDEV(H9:H104) -> 1.9771405 | I109: =STDEV(I9:I104) -> 1.4676878 | ... Q109: =STDEV(Q9:Q104) -> 0.18782399
A110: Num | B110: =COUNT(B9:B104) -> 96 | C110: =COUNT(C9:C104) -> 96 | D110: =COUNT(D9:D104) -> 96 | E110: =COUNT(E9:E104) -> 96 | F110: =COUNT(F9:F104)+96 -> 96 | G110: =COUNT(G9:G104) -> 96 | H110: =COUNT(H9:H104) -> 96 | I110: =COUNT(I9:I104) -> 96 | J110: =COUNT(J9:J104) -> 96 | K110: =COUNT(K9:K104) -> 96 | L110: =COUNT(L9:L104) -> 96 | M110: =COUNT(M9:M104) -> 96 | N110: =COUNT(N9:N104) -> 96 | ... Q110: =COUNT(Q9:Q104) -> 96
A111: DCR | B111: =IF(B110>=87,">90%",IF(B110<=87,"<90%")) -> >90% | C111: =IF(C110>=87,">90%",IF(C110<=87,"<90%")) -> >90% | D111: =IF(D110>=87,">90%",IF(D110<=87,"<90%")) -> >90% | E111: =IF(E110>=87,">90%",IF(E110<=87,"<90%")) -> >90% | F111: =IF(F110>=87,">90%",IF(F110<=87,"<90%")) -> >90% | G111: =IF(G110>=87,">90%",IF(G110<=87,"<90%")) -> >90% | H111: =IF(H110>=87,">90%",IF(H110<=87,"<90%")) -> >90% | I111: =IF(I110>=87,">90%",IF(I110<=87,"<90%")) -> >90% | ... Q111: =IF(Q110>=87,">90%",IF(Q110<=87,"<90%")) -> >90%
A112: Status | B112: =IF(B110>=87,"OK",IF(B110<=87,"LESS")) -> OK | C112: =IF(C110>=87,"OK",IF(C110<=87,"LESS")) -> OK | D112: =IF(D110>=87,"OK",IF(D110<=87,"LESS")) -> OK | E112: =IF(E110>=87,"OK",IF(E110<=87,"LESS")) -> OK | F112: =IF(F110>=87,"OK",IF(F110<=87,"LESS")) -> OK | G112: =IF(G110>=87,"OK",IF(G110<=87,"LESS")) -> OK | H112: =IF(H110>=87,"OK",IF(H110<=87,"LESS")) -> OK | I112: =IF(I110>=87,"OK",IF(I110<=87,"LESS")) -> OK | ... Q112: =IF(Q110>=87,"OK",IF(Q110<=87,"LESS")) -> OK
A115: Done by | B115: AKASH
A117: Comment

Sheet 18
A1: Station: | B1: IGKV RAIPUR
A2: Date: | B2: =$A$9 -> 18/11/2025 00:15 | C2: Power Off | G2: Pw.Off | J2: Link Fail | L2: Link F | N2: Maintenance | P2: Maint.
A3: Report Type: | B3: Mean | C3: Calibration | G3: Calib. | J3: Data Fail | L3: Data F | N3: Invalid | P3: Invalid
A4: Time Base: | B4: 15 Min | C4: Zero Referrence | G4: Z.Ref | J4: Warm Up | L4: Wm. Up
A7: Date & Time | B7: NO | C7: NO2 | D7: NOX | E7: SO2 | F7: O3 | G7: PM 10 | H7: PM 2.5 | I7: BENZ | J7: WS | K7: WD | L7: TEMP | M7: HUM | N7: SR | O7: RG | P7: CO | Q7: NH3
B8: ug/m3 | C8: ug/m3 | D8: ppb | E8: ug/m3 | F8: ug/m3 | G8: ug/m3 | H8: ug/m3 | I8: ug/m3 | J8: m/sec | K8: deg | L8: degreC | M8: % | N8: w/m2 | O8: mm | P8: mg/m3 | Q8: ug/m3
A9: 18/11/2025 00:15 | B9: 11.68 | C9: 18.03 | D9: 18.78 | E9: 6.63 | F9: Maint. | G9: 57.94 | H9: 19.38 | I9: 12.63 | J9: 0.12 | K9: 182.77 | L9: 16.27 | M9: 23.17 | N9: 1.3 | O9: 0 | P9: 0.81 | Q9: 9.32
A10: 18/11/2025 00:30 | B10: 11.62 | C10: 18.08 | D10: 18.76 | E10: 6.63 | F10: Maint. | G10: 57.94 | H10: 19.38 | I10: 12.66 | J10: 0.1 | K10: 204.94 | L10: 17.86 | M10: 27.13 | N10: 1.2 | O10: 0 | P10: 0.81 | Q10: 9.32
A11: 18/11/2025 00:45 | B11: 13 | C11: 18.4 | D11: 20.04 | E11: 6.63 | F11: Maint. | G11: 57.41 | H11: 18.8 | I11: 12.64 | J11: 0.12 | K11: 187.95 | L11: 16.7 | M11: 24.27 | N11: 1 | O11: 0 | P11: 0.81 | Q11: 9.32
A12: 18/11/2025 01:00 | B12: 15.32 | C12: 18.91 | D12: 22.16 | E12: 6.7 | F12: Maint. | G12: 52.66 | H12: 18.54 | I12: 12.61 | J12: 0.14 | K12: 214.74 | L12: 18.98 | M12: 29.91 | N12: 1.3 | O12: 0 | P12: 0.81 | Q12: 9.32
A13: 18/11/2025 01:15 | B13: 16.99 | C13: 19.5 | D13: 23.82 | E13: 6.89 | F13: Maint. | G13: 52.66 | H13: 18.54 | I13: 12.58 | J13: 0.14 | K13: 160.39 | L13: 14.83 | M13: 19.54 | N13: 1.2 | O13: 0 | P13: 0.8 | Q13: 9.32
A14: 18/11/2025 01:30 | B14: 18.05 | C14: 19.86 | D14: 24.85 | E14: 6.44 | F14: Maint. | G14: 52.66 | H14: 18.54 | I14: 12.58 | J14: 0.1 | K14: 167.27 | L14: 15.59 | M14: 21.5 | N14: 1.3 | O14: 0 | P14: 0.8 | Q14: 9.32
A15: 18/11/2025 01:45 | B15: 19.13 | C15: 20.04 | D15: 25.81 | E15: 6.64 | F15: Maint. | G15: 52.55 | H15: 18.43 | I15: 12.53 | J15: 0.1 | K15: 348.5 | L15: 17.55 | M15: 26.18 | N15: 1.1 | O15: 0 | P15: 0.79 | Q15: 9.32
A16: 18/11/2025 02:00 | B16: 19.74 | C16: 20.22 | D16: 26.39 | E16: 6.61 | F16: Maint. | G16: 51.51 | H16: 17.49 | I16: 12.45 | J16: 0.1 | K16: 151.13 | L16: 13.73 | M16: 16.79 | N16: 1.3 | O16: 0 | P16: 0.78 | Q16: 9.32
A17: 18/11/2025 02:15 | B17: 19.48 | C17: 19.93 | D17: 26.03 | E17: 4.41 | F17: Maint. | G17: 51.51 | H17: 17.49 | I17: 12.4 | J17: 0.04 | K17: 84.07 | L17: 14.75 | M17: 19.21 | N17: 1 | O17: 0 | P17: 0.77 | Q17: 9.32
A18: 18/11/2025 02:30 | B18: 18.98 | C18: 19.85 | D18: 25.59 | E18: 5.26 | F18: Maint. | G18: 51.51 | H18: 17.49 | I18: 12.32 | J18: 0.2 | K18: 22.53 | L18: 13.28 | M18: 15.35 | N18: 1.1 | O18: 0 | P18: 0.76 | Q18: 9.32
A19: 18/11/2025 02:45 | B19: 18.67 | C19: 19.69 | D19: 25.26 | E19: 5.08 | F19: Maint. | G19: 51.39 | H19: 17.51 | I19: 12.27 | J19: 0.14 | K19: 139.02 | L19: 13.29 | M19: 15.66 | N19: 1.3 | O19: 0 | P19: 0.76 | Q19: 9.32
A20: 18/11/2025 03:00 | B20: 18.16 | C20: 19.54 | D20: 24.77 | E20: 5.13 | F20: Maint. | G20: 50.2 | H20: 17.65 | I20: 12.22 | J20: 0.13 | K20: 171.86 | L20: 16.26 | M20: 23.15 | N20: 1.4 | O20: 0 | P20: 0.76 | Q20: 9.32
... A69: 18/11/2025 15:15 | B69: 1.53 | C69: 15.26 | D69: 9.2 | E69: 8.27 | F69: Maint. | G69: 32.93 | H69: 11.53 | I69: 10.08 | J69: 0.2 | K69: 63.67 | L69: 14.81 | M69: 17.64 | N69: 72.3 | O69: 0 | P69: 0.52 | Q69: 9.32
A70: 18/11/2025 15:30 | B70: -0.03 | C70: 6.39 | D70: 5.27 | E70: 9.3 | F70: 7.47 | G70: 32.93 | H70: 11.53 | I70: 9.9 | J70: 0.23 | K70: 152.76 | L70: 15.46 | M70: 19.58 | N70: 65.8 | O70: 0 | P70: 0.5 | Q70: 9.32
A71: 18/11/2025 15:45 | B71: -0.09 | C71: 3.88 | D71: 3.79 | E71: 8.75 | F71: 6.97 | G71: 32.87 | H71: 11.57 | I71: 9.57 | J71: 0.12 | K71: 102.91 | L71: 15.2 | M71: 19.09 | N71: 57.3 | O71: 0 | P71: 0.49 | Q71: 9.32
A72: 18/11/2025 16:00 | B72: 2.88 | C72: 11.54 | D72: 14.42 | E72: 9.15 | F72: 17.3 | G72: 32.35 | H72: 11.83 | I72: 9.03 | J72: 0.26 | K72: 43.82 | L72: 13.42 | M72: 14.63 | N72: 49.3 | O72: 0 | P72: 0.48 | Q72: 9.32
A73: 18/11/2025 16:15 | B73: 3.19 | C73: 14.43 | D73: 14.72 | E73: 9.24 | F73: 117.1 | G73: 32.35 | H73: 11.83 | I73: 8.59 | J73: 0.41 | K73: 47.63 | L73: 8.28 | M73: 1.83 | N73: 43.8 | O73: 0 | P73: 0.48 | Q73: 9.32
A74: 18/11/2025 16:30 | B74: 3.32 | C74: 16.17 | D74: 11.11 | E74: 8.83 | F74: 60.02 | G74: 32.35 | H74: 11.83 | I74: 8.35 | J74: 0.29 | K74: 161.26 | L74: 15.58 | M74: 20.7 | N74: 31.8 | O74: 0 | P74: 0.48 | Q74: 9.32
A75: 18/11/2025 16:45 | B75: 3.35 | C75: 16.49 | D75: 11.3 | E75: 8.58 | F75: 3.93 | G75: 32.46 | H75: 11.73 | I75: 8.18 | J75: 0.3 | K75: 164.06 | L75: 15.6 | M75: 20.98 | N75: 23.6 | O75: 0 | P75: 0.47 | Q75: 9.32
A76: 18/11/2025 17:00 | B76: 3.29 | C76: 16.66 | D76: 11.34 | E76: 8.59 | F76: 4.16 | G76: 33.45 | H76: 11.01 | I76: 8 | J76: 0.26 | K76: 163.84 | L76: 15.56 | M76: 21.1 | N76: 14.9 | O76: 0 | P76: 0.45 | Q76: 9.32
A77: 18/11/2025 17:15 | B77: 3.17 | C77: 20.39 | D77: 13.19 | E77: 10.36 | F77: 4.16 | G77: 33.45 | H77: 11.01 | I77: 7.85 | J77: 0.28 | K77: 164.48 | L77: 15.5 | M77: 21.09 | N77: 7.4 | O77: 0 | P77: 0.47 | Q77: 9.32
A78: 18/11/2025 17:30 | B78: 3.12 | C78: 24.87 | D78: 15.5 | E78: 10.02 | F78: 4.16 | G78: 33.45 | H78: 11.01 | I78: 7.71 | J78: 0.29 | K78: 161.98 | L78: 15.5 | M78: 20.72 | N78: 3.2 | O78: 0 | P78: 0.5 | Q78: 9.32
A79: 18/11/2025 17:45 | B79: 3.31 | C79: 30.28 | D79: 18.47 | E79: 0 | F79: 4.16 | G79: 34.11 | H79: 11.05 | I79: 7.77 | J79: 0.25 | K79: 167.89 | L79: 15.96 | M79: 21.74 | N79: 2 | O79: 0 | P79: 0.64 | Q79: 9.32
A80: 18/11/2025 18:00 | B80: 3.38 | C80: 38.84 | D80: 23 | E80: 1.33 | F80: 4.16 | G80: 40.09 | H80: 11.44 | I80: 8.25 | J80: 0.27 | K80: 162.97 | L80: 15.66 | M80: 20.99 | N80: 1.6 | O80: 0 | P80: 0.76 | Q80: 9.32
A81: 18/11/2025 18:15 | B81: 3.8 | C81: 37.39 | D81: 22.58 | E81: 2.21 | F81: 4.16 | G81: 40.09 | H81: 11.44 | I81: 9.38 | J81: 0.27 | K81: 168.05 | L81: 15.99 | M81: 21.79 | N81: 1.7 | O81: 0 | P81: 0.78 | Q81: 9.32
... A104: 18/11/2025 24:00 | B104: 10.77 | C104: 15.03 | D104: 16.49 | E104: 2.61 | F104: 4.16 | G104: 57.67 | H104: 17.62 | I104: 13.75 | J104: 0.16 | K104: 217.8 | L104: 19.65 | M104: 30.98 | N104: 1.4 | O104: 0 | P104: 0.81 | Q104: 9.32
A106: Min | B106: =MIN(B9:B104) -> -0.09 | C106: =MIN(C9:C104) -> 3.88 | D106: =MIN(D9:D104) -> 3.79 | E106: =MIN(E9:E104) -> 0 | F106: =MIN(F9:F104) -> 3.93 | G106: =MIN(G9:G104) -> 32.35 | H106: =MIN(H9:H104) -> 11.01 | I106: =MIN(I9:I104) -> 7.71 | ... Q106: =MIN(Q9:Q104) -> 9.32
A107: Max | B107: =MAX(B9:B104) -> 19.74 | C107: =MAX(C9:C104) -> 38.84 | D107: =MAX(D9:D104) -> 26.39 | E107: =MAX(E9:E104) -> 10.36 | F107: =MAX(F9:F104) -> 117.1 | G107: =MAX(G9:G104) -> 65.35 | H107: =MAX(H9:H104) -> 19.83 | I107: =MAX(I9:I104) -> 13.99 | ... Q107: =MAX(Q9:Q104) -> 9.83
A108: Avg | B108: =AVERAGE(B9:B104) -> 10.605104 | C108: =AVERAGE(C9:C104) -> 19.397604 | D108: =AVERAGE(D9:D104) -> 18.789479 | E108: =AVERAGE(E9:E104) -> 5.0103125 | F108: =AVERAGE(F9:F104) -> 9.5265714 | G108: =AVERAGE(G9:G104) -> 48.221979 | H108: =AVERAGE(H9:H104) -> 15.793333 | I108: =AVERAGE(I9:I104) -> 11.767604 | ... Q108: =AVERAGE(Q9:Q104) -> 9.3295833
A109: Stdev | B109: =STDEV(B9:B104) -> 5.728164 | C109: =STDEV(C9:C104) -> 4.7584948 | D109: =STDEV(D9:D104) -> 4.8941833 | E109: =STDEV(E9:E104) -> 2.3077542 | F109: =STDEV(F9:F104) -> 21.04571 | G109: =STDEV(G9:G104) -> 9.5972425 | H109: =STDEV(H9:H104) -> 2.7272445 | I109: =STDEV(I9:I104) -> 1.6923598 | ... Q109: =STDEV(Q9:Q104) -> 0.065178567
A110: Num | B110: =COUNT(B9:B104) -> 96 | C110: =COUNT(C9:C104) -> 96 | D110: =COUNT(D9:D104) -> 96 | E110: =COUNT(E9:E104) -> 96 | F110: =COUNT(F9:F104)+61 -> 96 | G110: =COUNT(G9:G104) -> 96 | H110: =COUNT(H9:H104) -> 96 | I110: =COUNT(I9:I104) -> 96 | J110: =COUNT(J9:J104) -> 96 | K110: =COUNT(K9:K104) -> 96 | L110: =COUNT(L9:L104) -> 96 | M110: =COUNT(M9:M104) -> 96 | N110: =COUNT(N9:N104) -> 96 | ... Q110: =COUNT(Q9:Q104) -> 96
A111: DCR | B111: =IF(B110>=87,">90%",IF(B110<=87,"<90%")) -> >90% | C111: =IF(C110>=87,">90%",IF(C110<=87,"<90%")) -> >90% | D111: =IF(D110>=87,">90%",IF(D110<=87,"<90%")) -> >90% | E111: =IF(E110>=87,">90%",IF(E110<=87,"<90%")) -> >90% | F111: =IF(F110>=87,">90%",IF(F110<=87,"<90%")) -> >90% | G111: =IF(G110>=87,">90%",IF(G110<=87,"<90%")) -> >90% | H111: =IF(H110>=87,">90%",IF(H110<=87,"<90%")) -> >90% | I111: =IF(I110>=87,">90%",IF(I110<=87,"<90%")) -> >90% | ... Q111: =IF(Q110>=87,">90%",IF(Q110<=87,"<90%")) -> >90%
A112: Status | B112: =IF(B110>=87,"OK",IF(B110<=87,"LESS")) -> OK | C112: =IF(C110>=87,"OK",IF(C110<=87,"LESS")) -> OK | D112: =IF(D110>=87,"OK",IF(D110<=87,"LESS")) -> OK | E112: =IF(E110>=87,"OK",IF(E110<=87,"LESS")) -> OK | F112: =IF(F110>=87,"OK",IF(F110<=87,"LESS")) -> OK | G112: =IF(G110>=87,"OK",IF(G110<=87,"LESS")) -> OK | H112: =IF(H110>=87,"OK",IF(H110<=87,"LESS")) -> OK | I112: =IF(I110>=87,"OK",IF(I110<=87,"LESS")) -> OK | ... Q112: =IF(Q110>=87,"OK",IF(Q110<=87,"LESS")) -> OK
A115: Done by | B115: AKASH
A117: Comment

Sheet 19
A1: Station: | B1: IGKV RAIPUR
A2: Date: | B2: =$A$9 -> 19/11/2025 00:15 | C2: Power Off | G2: Pw.Off | J2: Link Fail | L2: Link F | N2: Maintenance | P2: Maint.
A3: Report Type: | B3: Mean | C3: Calibration | G3: Calib. | J3: Data Fail | L3: Data F | N3: Invalid | P3: Invalid
A4: Time Base: | B4: 15 Min | C4: Zero Referrence | G4: Z.Ref | J4: Warm Up | L4: Wm. Up
A7: Date & Time | B7: NO | C7: NO2 | D7: NOX | E7: SO2 | F7: O3 | G7: PM 10 | H7: PM 2.5 | I7: BENZ | J7: WS | K7: WD | L7: TEMP | M7: HUM | N7: SR | O7: RG | P7: CO | Q7: NH3
B8: ug/m3 | C8: ug/m3 | D8: ppb | E8: ug/m3 | F8: ug/m3 | G8: ug/m3 | H8: ug/m3 | I8: ug/m3 | J8: m/sec | K8: deg | L8: degreC | M8: % | N8: w/m2 | O8: mm | P8: mg/m3 | Q8: ug/m3
A9: 19/11/2025 00:15 | B9: 10.5 | C9: 14.26 | D9: 15.87 | E9: 2.79 | F9: Maint. | G9: 57.67 | H9: 17.62 | I9: 13.71 | J9: 0.17 | K9: 211.8 | L9: 19.06 | M9: 29.58 | N9: 1.3 | O9: 0 | P9: 0.8 | Q9: 9.32
A10: 19/11/2025 00:30 | B10: 10.4 | C10: 14.27 | D10: 15.8 | E10: 2.7 | F10: Maint. | G10: 57.67 | H10: 17.62 | I10: 13.7 | J10: 0.16 | K10: 195.97 | L10: 17.77 | M10: 26.38 | N10: 1.3 | O10: 0 | P10: 0.8 | Q10: 9.32
A11: 19/11/2025 00:45 | B11: 10.25 | C11: 14.15 | D11: 15.61 | E11: 2.39 | F11: Maint. | G11: 57.4 | H11: 16.8 | I11: 13.69 | J11: 0.13 | K11: 184.27 | L11: 16.93 | M11: 24.27 | N11: 1.2 | O11: 0 | P11: 0.8 | Q11: 9.32
A12: 19/11/2025 01:00 | B12: 10.09 | C12: 14.05 | D12: 15.44 | E12: 2.69 | F12: Maint. | G12: 54.91 | H12: 16.56 | I12: 13.68 | J12: 0.17 | K12: 159.8 | L12: 15.01 | M12: 19.54 | N12: 1.3 | O12: 0 | P12: 0.78 | Q12: 9.32
A13: 19/11/2025 01:15 | B13: 9.82 | C13: 13.89 | D13: 15.13 | E13: 2.6 | F13: Maint. | G13: 54.91 | H13: 16.56 | I13: 13.66 | J13: 0.14 | K13: 199.83 | L13: 18.05 | M13: 27.03 | N13: 1.1 | O13: 0 | P13: 0.77 | Q13: 9.32
A14: 19/11/2025 01:30 | B14: 9.46 | C14: 13.79 | D14: 14.79 | E14: 2.64 | F14: Maint. | G14: 54.91 | H14: 16.56 | I14: 13.64 | J14: 0.11 | K14: 195.29 | L14: 17.91 | M14: 26.71 | N14: 1.3 | O14: 0 | P14: 0.76 | Q14: 9.32
A15: 19/11/2025 01:45 | B15: 9.09 | C15: 13.63 | D15: 14.41 | E15: 2.65 | F15: Maint. | G15: 53.81 | H15: 16.36 | I15: 13.51 | J15: 0.12 | K15: 202.49 | L15: 18.12 | M15: 27.28 | N15: 1.2 | O15: 0 | P15: 0.74 | Q15: 9.32
A16: 19/11/2025 02:00 | B16: 8.76 | C16: 13.51 | D16: 14.08 | E16: 2.71 | F16: Maint. | G16: 43.99 | H16: 14.7 | I16: 13.34 | J16: 0.11 | K16: 206.06 | L16: 18.77 | M16: 28.86 | N16: 1.4 | O16: 0 | P16: 0.74 | Q16: 9.32
A17: 19/11/2025 02:15 | B17: 8.42 | C17: 13.4 | D17: 13.76 | E17: 4.89 | F17: Maint. | G17: 43.99 | H17: 14.7 | I17: 13.22 | J17: 0.07 | K17: 235.64 | L17: 18.6 | M17: 28.37 | N17: 1.4 | O17: 0 | P17: 0.72 | Q17: 9.32
A18: 19/11/2025 02:30 | B18: 8.31 | C18: 13.35 | D18: 13.64 | E18: 6.01 | F18: Maint. | G18: 43.99 | H18: 14.7 | I18: 13.08 | J18: 0.07 | K18: 39.27 | L18: 13.87 | M18: 16.57 | N18: 1.1 | O18: 0 | P18: 0.7 | Q18: 9.32
A19: 19/11/2025 02:45 | B19: 8.51 | C19: 13.73 | D19: 14 | E19: 5.99 | F19: Maint. | G19: 43.74 | H19: 14.65 | I19: 12.96 | J19: 0.13 | K19: 202.13 | L19: 18.28 | M19: 27.6 | N19: 1.1 | O19: 0 | P19: 0.69 | Q19: 9.32
A20: 19/11/2025 03:00 | B20: 8.81 | C20: 14.01 | D20: 14.38 | E20: 6.08 | F20: Maint. | G20: 41.5 | H20: 14.24 | I20: 12.82 | J20: 0.17 | K20: 206.43 | L20: 19.45 | M20: 30.51 | N20: 1.3 | O20: 0 | P20: 0.69 | Q20: 9.32
... A104: 19/11/2025 24:00 | B104: 7.2 | C104: 13 | D104: 12.56 | E104: 5.78 | F104: Maint. | G104: 46.07 | H104: 15.33 | I104: 11.71 | J104: 0.15 | K104: 207.76 | L104: 18.8 | M104: 28.98 | N104: 1.4 | O104: 0 | P104: 0.64 | Q104: 9.32
A106: Min | B106: =MIN(B9:B104) -> 3.13 | C106: =MIN(C9:C104) -> 0 | D106: =MIN(D9:D104) -> 9.12 | E106: =MIN(E9:E104) -> 2.39 | F106: =MIN(F9:F104) -> 0 | G106: =MIN(G9:G104) -> 31.3 | H106: =MIN(H9:H104) -> 0 | I106: =MIN(I9:I104) -> 9.08 | ... Q106: =MIN(Q9:Q104) -> 9.32
A107: Max | B107: =MAX(B9:B104) -> 24.26 | C107: =MAX(C9:C104) -> 18.56 | D107: =MAX(D9:D104) -> 27.9 | E107: =MAX(E9:E104) -> 7.32 | F107: =MAX(F9:F104) -> 0 | G107: =MAX(G9:G104) -> 58.18 | H107: =MAX(H9:H104) -> 17.83 | I107: =MAX(I9:I104) -> 14.56 | ... Q107: =MAX(Q9:Q104) -> 10.93
A108: Avg | B108: =AVERAGE(B9:B104) -> 9.5354167 | C108: =AVERAGE(C9:C104) -> 14.663958 | D108: =AVERAGE(D9:D104) -> 15.39125 | E108: =AVERAGE(E9:E104) -> 5.7029167 | F108: =AVERAGE(F9:F104) -> #DIV/0! | G108: =AVERAGE(G9:G104) -> 42.917187 | H108: =AVERAGE(H9:H104) -> 14.390521 | I108: =AVERAGE(I9:I104) -> 11.837083 | ... Q108: =AVERAGE(Q9:Q104) -> 9.4439583
A109: Stdev | B109: =STDEV(B9:B104) -> 6.2436571 | C109: =STDEV(C9:C104) -> 2.1831626 | D109: =STDEV(D9:D104) -> 5.3915584 | E109: =STDEV(E9:E104) -> 1.0502711 | F109: =STDEV(F9:F104) -> #DIV/0! | G109: =STDEV(G9:G104) -> 8.6068664 | H109: =STDEV(H9:H104) -> 2.6780792 | I109: =STDEV(I9:I104) -> 1.7637698 | ... Q109: =STDEV(Q9:Q104) -> 0.34884314
A110: Num | B110: =COUNT(B9:B104) -> 96 | C110: =COUNT(C9:C104) -> 96 | D110: =COUNT(D9:D104) -> 96 | E110: =COUNT(E9:E104) -> 96 | F110: =COUNT(F9:F104)+96 -> 96 | G110: =COUNT(G9:G104) -> 96 | H110: =COUNT(H9:H104) -> 96 | I110: =COUNT(I9:I104) -> 96 | J110: =COUNT(J9:J104) -> 96 | K110: =COUNT(K9:K104) -> 96 | L110: =COUNT(L9:L104) -> 96 | M110: =COUNT(M9:M104) -> 96 | N110: =COUNT(N9:N104) -> 96 | ... Q110: =COUNT(Q9:Q104) -> 96
A111: DCR | B111: =IF(B110>=87,">90%",IF(B110<=87,"<90%")) -> >90% | C111: =IF(C110>=87,">90%",IF(C110<=87,"<90%")) -> >90% | D111: =IF(D110>=87,">90%",IF(D110<=87,"<90%")) -> >90% | E111: =IF(E110>=87,">90%",IF(E110<=87,"<90%")) -> >90% | F111: =IF(F110>=87,">90%",IF(F110<=87,"<90%")) -> >90% | G111: =IF(G110>=87,">90%",IF(G110<=87,"<90%")) -> >90% | H111: =IF(H110>=87,">90%",IF(H110<=87,"<90%")) -> >90% | I111: =IF(I110>=87,">90%",IF(I110<=87,"<90%")) -> >90% | ... Q111: =IF(Q110>=87,">90%",IF(Q110<=87,"<90%")) -> >90%
A112: Status | B112: =IF(B110>=87,"OK",IF(B110<=87,"LESS")) -> OK | C112: =IF(C110>=87,"OK",IF(C110<=87,"LESS")) -> OK | D112: =IF(D110>=87,"OK",IF(D110<=87,"LESS")) -> OK | E112: =IF(E110>=87,"OK",IF(E110<=87,"LESS")) -> OK | F112: =IF(F110>=87,"OK",IF(F110<=87,"LESS")) -> OK | G112: =IF(G110>=87,"OK",IF(G110<=87,"LESS")) -> OK | H112: =IF(H110>=87,"OK",IF(H110<=87,"LESS")) -> OK | I112: =IF(I110>=87,"OK",IF(I110<=87,"LESS")) -> OK | ... Q112: =IF(Q110>=87,"OK",IF(Q110<=87,"LESS")) -> OK
A115: Done by | B115: AKASH
A117: Comment

Sheet 20
A1: Station: | B1: IGKV RAIPUR
A2: Date: | B2: =$A$9 -> 20/11/2025 00:15 | C2: Power Off | G2: Pw.Off | J2: Link Fail | L2: Link F | N2: Maintenance | P2: Maint.
A3: Report Type: | B3: Mean | C3: Calibration | G3: Calib. | J3: Data Fail | L3: Data F | N3: Invalid | P3: Invalid
A4: Time Base: | B4: 15 Min | C4: Zero Referrence | G4: Z.Ref | J4: Warm Up | L4: Wm. Up
A7: Date & Time | B7: NO | C7: NO2 | D7: NOX | E7: SO2 | F7: O3 | G7: PM 10 | H7: PM 2.5 | I7: BENZ | J7: WS | K7: WD | L7: TEMP | M7: HUM | N7: SR | O7: RG | P7: CO | Q7: NH3
B8: ug/m3 | C8: ug/m3 | D8: ppb | E8: ug/m3 | F8: ug/m3 | G8: ug/m3 | H8: ug/m3 | I8: ug/m3 | J8: m/sec | K8: deg | L8: degreC | M8: % | N8: w/m2 | O8: mm | P8: mg/m3 | Q8: ug/m3
A9: 20/11/2025 00:15 | B9: 7.63 | C9: 12.55 | D9: 12.68 | E9: 5.65 | F9: Maint. | G9: 46.07 | H9: 15.33 | I9: 11.7 | J9: 0.12 | K9: 209.92 | L9: 18.84 | M9: 29.22 | N9: 1.5 | O9: 0 | P9: 0.65 | Q9: 9.32
A10: 20/11/2025 00:30 | B10: 7.85 | C10: 12.55 | D10: 12.85 | E10: 5.89 | F10: Maint. | G10: 46.07 | H10: 15.33 | I10: 11.61 | J10: 0.1 | K10: 193.01 | L10: 17.31 | M10: 25.42 | N10: 1.4 | O10: 0 | P10: 0.64 | Q10: 9.32
A11: 20/11/2025 00:45 | B11: 8.04 | C11: 12.45 | D11: 12.95 | E11: 5.34 | F11: Maint. | G11: 45.26 | H11: 14.73 | I11: 11.54 | J11: 0.08 | K11: 158.2 | L11: 14.79 | M11: 19.17 | N11: 1.3 | O11: 0 | P11: 0.64 | Q11: 9.32
A12: 20/11/2025 01:00 | B12: 8.25 | C12: 12.4 | D12: 13.09 | E12: 5.5 | F12: Maint. | G12: 37.98 | H12: 14.5 | I12: 11.31 | J12: 0.05 | K12: 147.66 | L12: 13.97 | M12: 16.95 | N12: 1.3 | O12: 0 | P12: 0.63 | Q12: 9.32
A13: 20/11/2025 01:15 | B13: 8.38 | C13: 12.07 | D13: 13.02 | E13: 5.66 | F13: Maint. | G13: 37.98 | H13: 14.5 | I13: 11.05 | J13: 0.08 | K13: 201.96 | L13: 17.66 | M13: 26.25 | N13: 1.3 | O13: 0 | P13: 0.61 | Q13: 9.32
A14: 20/11/2025 01:30 | B14: 8.42 | C14: 11.99 | D14: 13.02 | E14: 5.54 | F14: Maint. | G14: 37.98 | H14: 14.5 | I14: 10.98 | J14: 0.06 | K14: 194 | L14: 17.68 | M14: 26.33 | N14: 1.3 | O14: 0 | P14: 0.61 | Q14: 9.32
A15: 20/11/2025 01:45 | B15: 8.46 | C15: 11.86 | D15: 12.98 | E15: 5.54 | F15: Maint. | G15: 37.29 | H15: 14.28 | I15: 10.9 | J15: 0.07 | K15: 185.11 | L15: 16.52 | M15: 23.48 | N15: 1.3 | O15: 0 | P15: 0.6 | Q15: 9.32
A16: 20/11/2025 02:00 | B16: 8.5 | C16: 11.89 | D16: 13.03 | E16: 5.83 | F16: Maint. | G16: 30.29 | H16: 12.63 | I16: 10.75 | J16: 0.1 | K16: 165.95 | L16: 15 | M16: 19.64 | N16: 1.2 | O16: 0 | P16: 0.58 | Q16: 9.32
A17: 20/11/2025 02:15 | B17: 8.46 | C17: 11.92 | D17: 13.01 | E17: 4.63 | F17: Maint. | G17: 30.29 | H17: 12.63 | I17: 10.64 | J17: 0.13 | K17: 196.82 | L17: 17.58 | M17: 26.11 | N17: 1.3 | O17: 0 | P17: 0.57 | Q17: 9.32
A18: 20/11/2025 02:30 | B18: 8.37 | C18: 11.81 | D18: 12.89 | E18: 5.71 | F18: Maint. | G18: 30.29 | H18: 12.63 | I18: 10.53 | J18: 0.17 | K18: 236.12 | L18: 20.67 | M18: 33.81 | N18: 1.3 | O18: 0 | P18: 0.57 | Q18: 9.32
A19: 20/11/2025 02:45 | B19: 8.44 | C19: 11.79 | D19: 12.93 | E19: 5.89 | F19: Maint. | G19: 29.7 | H19: 12.51 | I19: 10.42 | J19: 0.19 | K19: 240.41 | L19: 21.12 | M19: 34.89 | N19: 1.4 | O19: 0 | P19: 0.55 | Q19: 9.32
A20: 20/11/2025 03:00 | B20: 8.57 | C20: 11.71 | D20: 12.99 | E20: 5.68 | F20: Maint. | G20: 24.42 | H20: 11.66 | I20: 10.3 | J20: 0.26 | K20: 237.35 | L20: 20.76 | M20: 34 | N20: 1.4 | O20: 0 | P20: 0.55 | Q20: 9.32
... A104: 20/11/2025 24:00 | B104: 21.53 | C104: 16.38 | D104: 25.82 | E104: 6.3 | F104: Maint. | G104: 54.11 | H104: 15.36 | I104: 13.01 | J104: 0.14 | K104: 173.91 | L104: 15.97 | M104: 22.1 | N104: 1.5 | O104: 0 | P104: 0.74 | Q104: 9.32
A106: Min | B106: =MIN(B9:B104) -> 3.19 | C106: =MIN(C9:C104) -> 10.34 | D106: =MIN(D9:D104) -> 8.03 | E106: =MIN(E9:E104) -> 4.25 | F106: =MIN(F9:F104) -> 0 | G106: =MIN(G9:G104) -> 21.22 | H106: =MIN(H9:H104) -> 7.78 | I106: =MIN(I9:I104) -> 8.66 | ... Q106: =MIN(Q9:Q104) -> 9.32
A107: Max | B107: =MAX(B9:B104) -> 21.62 | C107: =MAX(C9:C104) -> 17.78 | D107: =MAX(D9:D104) -> 26.03 | E107: =MAX(E9:E104) -> 6.54 | F107: =MAX(F9:F104) -> 0 | G107: =MAX(G9:G104) -> 90.27 | H107: =MAX(H9:H104) -> 22 | I107: =MAX(I9:I104) -> 14.12 | ... Q107: =MAX(Q9:Q104) -> 10.09
A108: Avg | B108: =AVERAGE(B9:B104) -> 9.8313542 | C108: =AVERAGE(C9:C104) -> 14.060833 | D108: =AVERAGE(D9:D104) -> 15.229792 | E108: =AVERAGE(E9:E104) -> 5.9021875 | F108: =AVERAGE(F9:F104) -> #DIV/0! | G108: =AVERAGE(G9:G104) -> 43.363437 | H108: =AVERAGE(H9:H104) -> 13.618646 | I108: =AVERAGE(I9:I104) -> 11.212917 | ... Q108: =AVERAGE(Q9:Q104) -> 9.3454167
A109: Stdev | B109: =STDEV(B9:B104) -> 5.178075 | C109: =STDEV(C9:C104) -> 2.2060504 | D109: =STDEV(D9:D104) -> 4.9425525 | E109: =STDEV(E9:E104) -> 0.34540351 | F109: =STDEV(F9:F104) -> #DIV/0! | G109: =STDEV(G9:G104) -> 19.204512 | H109: =STDEV(H9:H104) -> 4.0727827 | I109: =STDEV(I9:I104) -> 1.5637108 | ... Q109: =STDEV(Q9:Q104) -> 0.10395259
A110: Num | B110: =COUNT(B9:B104) -> 96 | C110: =COUNT(C9:C104) -> 96 | D110: =COUNT(D9:D104) -> 96 | E110: =COUNT(E9:E104) -> 96 | F110: =COUNT(F9:F104)+96 -> 96 | G110: =COUNT(G9:G104) -> 96 | H110: =COUNT(H9:H104) -> 96 | I110: =COUNT(I9:I104) -> 96 | J110: =COUNT(J9:J104) -> 96 | K110: =COUNT(K9:K104) -> 96 | L110: =COUNT(L9:L104) -> 96 | M110: =COUNT(M9:M104) -> 96 | N110: =COUNT(N9:N104) -> 96 | ... Q110: =COUNT(Q9:Q104) -> 96
A111: DCR | B111: =IF(B110>=87,">90%",IF(B110<=87,"<90%")) -> >90% | C111: =IF(C110>=87,">90%",IF(C110<=87,"<90%")) -> >90% | D111: =IF(D110>=87,">90%",IF(D110<=87,"<90%")) -> >90% | E111: =IF(E110>=87,">90%",IF(E110<=87,"<90%")) -> >90% | F111: =IF(F110>=87,">90%",IF(F110<=87,"<90%")) -> >90% | G111: =IF(G110>=87,">90%",IF(G110<=87,"<90%")) -> >90% | H111: =IF(H110>=87,">90%",IF(H110<=87,"<90%")) -> >90% | I111: =IF(I110>=87,">90%",IF(I110<=87,"<90%")) -> >90% | ... Q111: =IF(Q110>=87,">90%",IF(Q110<=87,"<90%")) -> >90%
A112: Status | B112: =IF(B110>=87,"OK",IF(B110<=87,"LESS")) -> OK | C112: =IF(C110>=87,"OK",IF(C110<=87,"LESS")) -> OK | D112: =IF(D110>=87,"OK",IF(D110<=87,"LESS")) -> OK | E112: =IF(E110>=87,"OK",IF(E110<=87,"LESS")) -> OK | F112: =IF(F110>=87,"OK",IF(F110<=87,"LESS")) -> OK | G112: =IF(G110>=87,"OK",IF(G110<=87,"LESS")) -> OK | H112: =IF(H110>=87,"OK",IF(H110<=87,"LESS")) -> OK | I112: =IF(I110>=87,"OK",IF(I110<=87,"LESS")) -> OK | ... Q112: =IF(Q110>=87,"OK",IF(Q110<=87,"LESS")) -> OK
A115: Done by | B115: AKASH
A117: Comment

Sheet 21
A1: Station: | B1: IGKV RAIPUR
A2: Date: | B2: =$A$9 -> 21/11/2025 00:15 | C2: Power Off | G2: Pw.Off | J2: Link Fail | L2: Link F | N2: Maintenance | P2: Maint.
A3: Report Type: | B3: Mean | C3: Calibration | G3: Calib. | J3: Data Fail | L3: Data F | N3: Invalid | P3: Invalid
A4: Time Base: | B4: 15 Min | C4: Zero Referrence | G4: Z.Ref | J4: Warm Up | L4: Wm. Up
A7: Date & Time | B7: NO | C7: NO2 | D7: NOX | E7: SO2 | F7: O3 | G7: PM 10 | H7: PM 2.5 | I7: BENZ | J7: WS | K7: WD | L7: TEMP | M7: HUM | N7: SR | O7: RG | P7: CO | Q7: NH3
B8: ug/m3 | C8: ug/m3 | D8: ppb | E8: ug/m3 | F8: ug/m3 | G8: ug/m3 | H8: ug/m3 | I8: ug/m3 | J8: m/sec | K8: deg | L8: degreC | M8: % | N8: w/m2 | O8: mm | P8: mg/m3 | Q8: ug/m3
A9: 21/11/2025 00:15 | B9: 21.16 | C9: 15.37 | D9: 24.99 | E9: 6.02 | F9: 0 | G9: 54.11 | H9: 15.36 | I9: 13.1 | J9: 0.08 | K9: 144.61 | L9: 13.61 | M9: 16.21 | N9: 1.3 | O9: 0 | P9: 0.75 | Q9: 9.32
A10: 21/11/2025 00:30 | B10: 21.39 | C10: 15.93 | D10: 25.48 | E10: 6.31 | F10: 0 | G10: 54.11 | H10: 15.36 | I10: 13.2 | J10: 0.13 | K10: 211.73 | L10: 18.83 | M10: 29.2 | N10: 1.1 | O10: 0 | P10: 0.75 | Q10: 9.32
A11: 21/11/2025 00:45 | B11: 22 | C11: 16.26 | D11: 26.14 | E11: 6.54 | F11: 0 | G11: 53.39 | H11: 16.02 | I11: 13.36 | J11: 0.12 | K11: 179.05 | L11: 16.58 | M11: 23.57 | N11: 1.2 | O11: 0 | P11: 0.75 | Q11: 9.32
A12: 21/11/2025 01:00 | B12: 22.32 | C12: 16.36 | D12: 26.44 | E12: 6.3 | F12: 0 | G12: 46.83 | H12: 16.27 | I12: 13.53 | J12: 0.17 | K12: 167.42 | L12: 15.61 | M12: 21.14 | N12: 1.4 | O12: 0 | P12: 0.76 | Q12: 9.32
A13: 21/11/2025 01:15 | B13: 21.99 | C13: 16.01 | D13: 26 | E13: 6.34 | F13: 0 | G13: 46.83 | H13: 16.27 | I13: 13.7 | J13: 0.19 | K13: 206.07 | L13: 18.58 | M13: 28.49 | N13: 1.4 | O13: 0 | P13: 0.75 | Q13: 9.39
A14: 21/11/2025 01:30 | B14: 21.53 | C14: 15.87 | D14: 25.56 | E14: 6.58 | F14: 0 | G14: 46.83 | H14: 16.27 | I14: 13.86 | J14: 0.13 | K14: 190.03 | L14: 17.5 | M14: 25.77 | N14: 1.6 | O14: 0 | P14: 0.76 | Q14: 9.83
A15: 21/11/2025 01:45 | B15: 20.98 | C15: 15.62 | D15: 24.98 | E15: 6.45 | F15: 0 | G15: 45.95 | H15: 16.21 | I15: 13.94 | J15: 0.11 | K15: 186.54 | L15: 15.94 | M15: 21.86 | N15: 1.5 | O15: 0 | P15: 0.75 | Q15: 10.08
A16: 21/11/2025 02:00 | B16: 20.47 | C16: 15.34 | D16: 24.43 | E16: 6.17 | F16: 0 | G16: 38.03 | H16: 15.76 | I16: 13.92 | J16: 0.04 | K16: 264.8 | L16: 18.68 | M16: 28.69 | N16: 1.3 | O16: 0 | P16: 0.75 | Q16: 10.02
A17: 21/11/2025 02:15 | B17: 20.93 | C17: 15.19 | D17: 24.72 | E17: 4.96 | F17: 0 | G17: 38.03 | H17: 15.76 | I17: 13.88 | J17: 0.13 | K17: 153.39 | L17: 16.54 | M17: 22.6 | N17: 1.2 | O17: 0 | P17: 0.75 | Q17: 10.07
A18: 21/11/2025 02:30 | B18: 22.96 | C18: 15.48 | D18: 26.5 | E18: 6.19 | F18: 0 | G18: 38.03 | H18: 15.76 | I18: 13.87 | J18: 0.12 | K18: 165.01 | L18: 17.44 | M18: 25.53 | N18: 1.1 | O18: 0 | P18: 0.75 | Q18: 10.04
A19: 21/11/2025 02:45 | B19: 24.74 | C19: 15.86 | D19: 28.12 | E19: 3.63 | F19: 0 | G19: 38.65 | H19: 15.73 | I19: 13.94 | J19: 0.15 | K19: 192.98 | L19: 18.09 | M19: 27.25 | N19: 1.3 | O19: 0 | P19: 0.77 | Q19: 10.05
A20: 21/11/2025 03:00 | B20: 25.79 | C20: 16 | D20: 29.04 | E20: 5.82 | F20: 0 | G20: 44.23 | H20: 15.47 | I20: 14.08 | J20: 0.15 | K20: 189.73 | L20: 17.75 | M20: 26.39 | N20: 1.4 | O20: 0 | P20: 0.77 | Q20: 9.89
... A27: 21/11/2025 04:45 | B27: 32.35 | C27: 16.25 | D27: 34.43 | E27: 6.17 | F27: 0 | G27: 40.65 | H27: 15.77 | I27: 15.21 | J27: 0.18 | K27: 191.67 | L27: 17.76 | M27: 26.38 | N27: 1.3 | O27: 0 | P27: 0.82 | Q27: 9.32
A28: 21/11/2025 05:00 | B28: 33.14 | C28: 16.37 | D28: 35.13 | E28: 5.98 | F28: Maint. | G28: 43.31 | H28: 16.31 | I28: 15.45 | J28: 0.1 | K28: 80.27 | L28: 12.05 | M28: 12.11 | N28: 1.5 | O28: 0 | P28: 0.83 | Q28: 9.32
A29: 21/11/2025 05:15 | B29: 33.99 | C29: 16.46 | D29: 35.86 | E29: 5.95 | F29: Maint. | G29: 43.31 | H29: 16.31 | I29: 15.67 | J29: 0.26 | K29: 66.39 | L29: 8.74 | M29: 3.86 | N29: 1 | O29: 0 | P29: 0.84 | Q29: 9.32
A30: 21/11/2025 05:30 | B30: 34.05 | C30: 16.58 | D30: 35.97 | E30: 6.26 | F30: Maint. | G30: 43.31 | H30: 16.31 | I30: 15.87 | J30: 0.25 | K30: 52.58 | L30: 9.37 | M30: 5.39 | N30: 1.1 | O30: 0 | P30: 0.86 | Q30: 9.32
A31: 21/11/2025 05:45 | B31: 34 | C31: 16.71 | D31: 35.99 | E31: 6.13 | F31: Maint. | G31: 44.42 | H31: 16.4 | I31: 16.03 | J31: 0.2 | K31: 46.35 | L31: 9.46 | M31: 5.65 | N31: 1.1 | O31: 0 | P31: 0.88 | Q31: 9.32
A32: 21/11/2025 06:00 | B32: 33.99 | C32: 16.74 | D32: 36 | E32: 6 | F32: Maint. | G32: 54.42 | H32: 17.11 | I32: 16.12 | J32: 0.07 | K32: 100.08 | L32: 12.72 | M32: 13.86 | N32: 1.4 | O32: 0 | P32: 0.89 | Q32: 9.32
A33: 21/11/2025 06:15 | B33: 33.93 | C33: 16.81 | D33: 36 | E33: 5.92 | F33: Maint. | G33: 54.42 | H33: 17.11 | I33: 16.25 | J33: 0.19 | K33: 73.59 | L33: 9.66 | M33: 6.2 | N33: 2.4 | O33: 0 | P33: 0.9 | Q33: 9.32
A34: 21/11/2025 06:30 | B34: 33.86 | C34: 16.58 | D34: 35.82 | E34: 6.02 | F34: Maint. | G34: 54.42 | H34: 17.11 | I34: 16.43 | J34: 0.08 | K34: 154.3 | L34: 14.86 | M34: 19.19 | N34: 6.8 | O34: 0 | P34: 0.91 | Q34: 9.32
A35: 21/11/2025 06:45 | B35: 33.81 | C35: 16.57 | D35: 35.77 | E35: 5.59 | F35: Maint. | G35: 54.98 | H35: 18.31 | I35: 16.62 | J35: 0.08 | K35: 152.53 | L35: 14.94 | M35: 19.2 | N35: 15.1 | O35: 0 | P35: 0.93 | Q35: 9.32
A36: 21/11/2025 07:00 | B36: 33.95 | C36: 16.65 | D36: 35.92 | E36: 6.03 | F36: Maint. | G36: 59.99 | H36: 19.34 | I36: 16.77 | J36: 0.44 | K36: 37.09 | L36: 8.4 | M36: 2.37 | N36: 25.2 | O36: 0 | P36: 0.93 | Q36: 9.33
A37: 21/11/2025 07:15 | B37: 33.99 | C37: 16.73 | D37: 36 | E37: 5.95 | F37: Maint. | G37: 59.99 | H37: 19.34 | I37: 16.86 | J37: 0.28 | K37: 21.26 | L37: 13.76 | M37: 15.52 | N37: 36.1 | O37: 0 | P37: 0.95 | Q37: 9.38
A38: 21/11/2025 07:30 | B38: 33.4 | C38: 16.74 | D38: 35.53 | E38: 5.84 | F38: Maint. | G38: 59.99 | H38: 19.34 | I38: 16.94 | J38: 0.42 | K38: 32.62 | L38: 12.03 | M38: 10.95 | N38: 46.6 | O38: 0 | P38: 0.95 | Q38: 9.46
A39: 21/11/2025 07:45 | B39: 32.93 | C39: 17.24 | D39: 35.42 | E39: 5.69 | F39: Maint. | G39: 60.3 | H39: 19.41 | I39: 16.97 | J39: 0.27 | K39: 60.16 | L39: 11.43 | M39: 9.27 | N39: 58.4 | O39: 0 | P39: 0.94 | Q39: 9.4
... A47: 21/11/2025 09:45 | B47: 22.04 | C47: 19.65 | D47: 27.94 | E47: 8.86 | F47: Maint. | G47: 60.9 | H47: 20.07 | I47: 16.24 | J47: 0.42 | K47: 68.42 | L47: 12.69 | M47: 7.83 | N47: 255.2 | O47: 0 | P47: 0.83 | Q47: 9.37
A48: 21/11/2025 10:00 | B48: 16.52 | C48: 21.89 | D48: 24.68 | E48: 9.42 | F48: 0.53 | G48: 54.05 | H48: 18.01 | I48: 15.83 | J48: 0.8 | K48: 37.95 | L48: 12.25 | M48: 4.31 | N48: 353.2 | O48: 0 | P48: 0.79 | Q48: 9.44
A49: 21/11/2025 10:15 | B49: 12.49 | C49: 23.32 | D49: 22.2 | E49: 6.33 | F49: 0.57 | G49: 54.05 | H49: 18.01 | I49: 13.66 | J49: 0.66 | K49: 46.91 | L49: 12.48 | M49: 2.19 | N49: 467.2 | O49: 0 | P49: 0.76 | Q49: 9.49
A50: 21/11/2025 10:30 | B50: 9.48 | C50: 23.25 | D50: 19.75 | E50: 6.62 | F50: 4.33 | G50: 54.05 | H50: 18.01 | I50: 11.48 | J50: 0.3 | K50: 96.13 | L50: 15.51 | M50: 9.16 | N50: 496.7 | O50: 0 | P50: 0.73 | Q50: 9.56
A51: 21/11/2025 10:45 | B51: 7.08 | C51: 22.29 | D51: 17.33 | E51: 7.06 | F51: 8.78 | G51: 53.2 | H51: 17.82 | I51: 11.13 | J51: 0.35 | K51: 168.49 | L51: 21.12 | M51: 22.89 | N51: 517.4 | O51: 0 | P51: 0.69 | Q51: 9.39
A52: 21/11/2025 11:00 | B52: 5.37 | C52: 21.06 | D52: 15.31 | E52: 7.12 | F52: 77.27 | G52: 45.47 | H52: 16.45 | I52: 10.72 | J52: 0.1 | K52: 62.93 | L52: 19.43 | M52: 19.16 | N52: 488.8 | O52: 0 | P52: 0.67 | Q52: 9.33
A53: 21/11/2025 11:15 | B53: 4.37 | C53: 20.13 | D53: 14.03 | E53: 6.83 | F53: 131.28 | G53: 45.47 | H53: 16.45 | I53: 10.22 | J53: 0.75 | K53: 23.22 | L53: 16.9 | M53: 12.06 | N53: 515.1 | O53: 0 | P53: 0.63 | Q53: 9.41
A54: 21/11/2025 11:30 | B54: 3.83 | C54: 19.14 | D54: 13.07 | E54: 6.38 | F54: 0.8 | G54: 45.47 | H54: 16.45 | I54: 9.81 | J54: 0.15 | K54: 286.69 | L54: 25.53 | M54: 33.28 | N54: 528.8 | O54: 0 | P54: 0.59 | Q54: 9.32
A55: 21/11/2025 11:45 | B55: 3.44 | C55: 17.63 | D55: 11.97 | E55: 4.37 | F55: 7.01 | G55: 44.26 | H55: 16.05 | I55: 9.41 | J55: 0.37 | K55: 266.22 | L55: 26.95 | M55: 36.13 | N55: 563 | O55: 0 | P55: 0.54 | Q55: 9.32
A56: 21/11/2025 12:00 | B56: 3.21 | C56: 16.22 | D56: 11.04 | E56: 4.28 | F56: 7.79 | G56: 33.43 | H56: 13.16 | I56: 8.92 | J56: 0.37 | K56: 297.16 | L56: 27.58 | M56: 37.43 | N56: 574.5 | O56: 0 | P56: 0.5 | Q56: 9.32
A57: 21/11/2025 12:15 | B57: 3.28 | C57: 16.2 | D57: 11.09 | E57: 3.84 | F57: 3.98 | G57: 33.43 | H57: 13.16 | I57: 8.46 | J57: 0.34 | K57: 337.85 | L57: 22.97 | M57: 25.78 | N57: 577 | O57: 0 | P57: 0.42 | Q57: 9.32
A58: 21/11/2025 12:30 | B58: 3.18 | C58: 16.14 | D58: 10.98 | E58: 3.95 | F58: 7.5 | G58: 33.43 | H58: 13.16 | I58: 7.8 | J58: 0.44 | K58: 224.99 | L58: 25.38 | M58: 31.89 | N58: 576.6 | O58: 0 | P58: 0.37 | Q58: 9.32
A59: 21/11/2025 12:45 | B59: 2.94 | C59: 14.45 | D59: 9.91 | E59: 3.99 | F59: 5.57 | G59: 32.91 | H59: 12.76 | I59: 7.04 | J59: 0.42 | K59: 281.07 | L59: 27.78 | M59: 38.08 | N59: 561.5 | O59: 0 | P59: 0.34 | Q59: 9.32
... A104: 21/11/2025 24:00 | B104: 12.34 | C104: 14.04 | D104: 17.23 | E104: 5.76 | F104: 14.3 | G104: 45.89 | H104: 13.07 | I104: 13 | J104: 0.19 | K104: 217.66 | L104: 19.28 | M104: 30.66 | N104: 1.5 | O104: 0 | P104: 0.79 | Q104: 9.32
A106: Min | B106: =MIN(B9:B104) -> 2.78 | C106: =MIN(C9:C104) -> 11.7 | D106: =MIN(D9:D104) -> 8.39 | E106: =MIN(E9:E104) -> 3.63 | F106: =MIN(F9:F104) -> 0 | G106: =MIN(G9:G104) -> 21.08 | H106: =MIN(H9:H104) -> 6.74 | I106: =MIN(I9:I104) -> 5.09 | ... Q106: =MIN(Q9:Q104) -> 9.32
A107: Max | B107: =MAX(B9:B104) -> 34.05 | C107: =MAX(C9:C104) -> 23.32 | D107: =MAX(D9:D104) -> 36 | E107: =MAX(E9:E104) -> 17.28 | F107: =MAX(F9:F104) -> 131.28 | G107: =MAX(G9:G104) -> 63.04 | H107: =MAX(H9:H104) -> 20.35 | I107: =MAX(I9:I104) -> 16.97 | ... Q107: =MAX(Q9:Q104) -> 10.08
A108: Avg | B108: =AVERAGE(B9:B104) -> 15.307917 | C108: =AVERAGE(C9:C104) -> 16.4375 | D108: =AVERAGE(D9:D104) -> 20.86375 | E108: =AVERAGE(E9:E104) -> 6.05625 | F108: =AVERAGE(F9:F104) -> 15.353289 | G108: =AVERAGE(G9:G104) -> 44.466562 | H108: =AVERAGE(H9:H104) -> 14.064375 | I108: =AVERAGE(I9:I104) -> 12.07 | ... Q108: =AVERAGE(Q9:Q104) -> 9.4017708
A109: Stdev | B109: =STDEV(B9:B104) -> 11.48816 | C109: =STDEV(C9:C104) -> 2.4837811 | D109: =STDEV(D9:D104) -> 9.411644 | E109: =STDEV(E9:E104) -> 2.4888675 | F109: =STDEV(F9:F104) -> 19.560859 | G109: =STDEV(G9:G104) -> 11.796759 | H109: =STDEV(H9:H104) -> 3.6713556 | I109: =STDEV(I9:I104) -> 3.4475892 | ... Q109: =STDEV(Q9:Q104) -> 0.19337444
A110: Num | B110: =COUNT(B9:B104) -> 96 | C110: =COUNT(C9:C104) -> 96 | D110: =COUNT(D9:D104) -> 96 | E110: =COUNT(E9:E104) -> 96 | F110: =COUNT(F9:F104)+20 -> 96 | G110: =COUNT(G9:G104) -> 96 | H110: =COUNT(H9:H104) -> 96 | I110: =COUNT(I9:I104) -> 96 | J110: =COUNT(J9:J104) -> 96 | K110: =COUNT(K9:K104) -> 96 | L110: =COUNT(L9:L104) -> 96 | M110: =COUNT(M9:M104) -> 96 | N110: =COUNT(N9:N104) -> 96 | ... Q110: =COUNT(Q9:Q104) -> 96
A111: DCR | B111: =IF(B110>=87,">90%",IF(B110<=87,"<90%")) -> >90% | C111: =IF(C110>=87,">90%",IF(C110<=87,"<90%")) -> >90% | D111: =IF(D110>=87,">90%",IF(D110<=87,"<90%")) -> >90% | E111: =IF(E110>=87,">90%",IF(E110<=87,"<90%")) -> >90% | F111: =IF(F110>=87,">90%",IF(F110<=87,"<90%")) -> >90% | G111: =IF(G110>=87,">90%",IF(G110<=87,"<90%")) -> >90% | H111: =IF(H110>=87,">90%",IF(H110<=87,"<90%")) -> >90% | I111: =IF(I110>=87,">90%",IF(I110<=87,"<90%")) -> >90% | ... Q111: =IF(Q110>=87,">90%",IF(Q110<=87,"<90%")) -> >90%
A112: Status | B112: =IF(B110>=87,"OK",IF(B110<=87,"LESS")) -> OK | C112: =IF(C110>=87,"OK",IF(C110<=87,"LESS")) -> OK | D112: =IF(D110>=87,"OK",IF(D110<=87,"LESS")) -> OK | E112: =IF(E110>=87,"OK",IF(E110<=87,"LESS")) -> OK | F112: =IF(F110>=87,"OK",IF(F110<=87,"LESS")) -> OK | G112: =IF(G110>=87,"OK",IF(G110<=87,"LESS")) -> OK | H112: =IF(H110>=87,"OK",IF(H110<=87,"LESS")) -> OK | I112: =IF(I110>=87,"OK",IF(I110<=87,"LESS")) -> OK | ... Q112: =IF(Q110>=87,"OK",IF(Q110<=87,"LESS")) -> OK
A115: Done by | B115: AKASH
A117: Comment

Sheet 22
A1: Station: | B1: IGKV RAIPUR
A2: Date: | B2: =$A$9 -> 22/11/2025 00:15 | C2: Power Off | G2: Pw.Off | J2: Link Fail | L2: Link F | N2: Maintenance | P2: Maint.
A3: Report Type: | B3: Mean | C3: Calibration | G3: Calib. | J3: Data Fail | L3: Data F | N3: Invalid | P3: Invalid
A4: Time Base: | B4: 15 Min | C4: Zero Referrence | G4: Z.Ref | J4: Warm Up | L4: Wm. Up
A7: Date & Time | B7: NO | C7: NO2 | D7: NOX | E7: SO2 | F7: O3 | G7: PM 10 | H7: PM 2.5 | I7: BENZ | J7: WS | K7: WD | L7: TEMP | M7: HUM | N7: SR | O7: RG | P7: CO | Q7: NH3
B8: ug/m3 | C8: ug/m3 | D8: ppb | E8: ug/m3 | F8: ug/m3 | G8: ug/m3 | H8: ug/m3 | I8: ug/m3 | J8: m/sec | K8: deg | L8: degreC | M8: % | N8: w/m2 | O8: mm | P8: mg/m3 | Q8: ug/m3
A9: 22/11/2025 00:15 | B9: 12.59 | C9: 13.65 | D9: 17.23 | E9: 5.99 | F9: 2 | G9: 45.89 | H9: 13.07 | I9: 13.03 | J9: 0.2 | K9: 231.02 | L9: 20.31 | M9: 33.11 | N9: 1.7 | O9: 0 | P9: 0.79 | Q9: 9.32
A10: 22/11/2025 00:30 | B10: 12.59 | C10: 13.6 | D10: 17.2 | E10: 5.81 | F10: 2 | G10: 45.89 | H10: 13.07 | I10: 13.08 | J10: 0.19 | K10: 222.1 | L10: 19.63 | M10: 31.43 | N10: 1.7 | O10: 0 | P10: 0.8 | Q10: 9.32
A11: 22/11/2025 00:45 | B11: 12.47 | C11: 13.49 | D11: 17.05 | E11: 5.92 | F11: 2 | G11: 45.46 | H11: 13.45 | I11: 13.09 | J11: 0.16 | K11: 218.37 | L11: 19.35 | M11: 30.73 | N11: 1.5 | O11: 0 | P11: 0.79 | Q11: 9.32
A12: 22/11/2025 01:00 | B12: 12.34 | C12: 13.28 | D12: 16.84 | E12: 6.05 | F12: 2 | G12: 41.57 | H12: 13.98 | I12: 13.06 | J12: 0.13 | K12: 226.84 | L12: 20.15 | M12: 32.73 | N12: 1.7 | O12: 0 | P12: 0.79 | Q12: 9.32
A13: 22/11/2025 01:15 | B13: 12.34 | C13: 12.97 | D13: 16.67 | E13: 5.98 | F13: 2 | G13: 41.57 | H13: 13.98 | I13: 13.05 | J13: 0.16 | K13: 231.16 | L13: 20.35 | M13: 33.18 | N13: 1.5 | O13: 0 | P13: 0.8 | Q13: 9.32
A14: 22/11/2025 01:30 | B14: 12.5 | C14: 12.68 | D14: 16.64 | E14: 6.07 | F14: 2 | G14: 41.57 | H14: 13.98 | I14: 13.03 | J14: 0.17 | K14: 245.39 | L14: 19.76 | M14: 31.64 | N14: 1.6 | O14: 0 | P14: 0.81 | Q14: 9.32
A15: 22/11/2025 01:45 | B15: 13.34 | C15: 12.76 | D15: 17.36 | E15: 5.85 | F15: 2 | G15: 41.32 | H15: 13.89 | I15: 13.01 | J15: 0.1 | K15: 148.5 | L15: 15.22 | M15: 20.27 | N15: 1.4 | O15: 0 | P15: 0.82 | Q15: 9.32
A16: 22/11/2025 02:00 | B16: 14.99 | C16: 13.07 | D16: 18.86 | E16: 5.85 | F16: 2 | G16: 39.02 | H16: 13.24 | I16: 13.03 | J16: 0.21 | K16: 168.17 | L16: 15.53 | M16: 21.07 | N16: 1.4 | O16: 0 | P16: 0.83 | Q16: 9.32
A17: 22/11/2025 02:15 | B17: 16.48 | C17: 13.49 | D17: 20.26 | E17: 4.97 | F17: 2 | G17: 39.02 | H17: 13.24 | I17: 13.23 | J17: 0.21 | K17: 162.85 | L17: 15.18 | M17: 20.2 | N17: 1.5 | O17: 0 | P17: 0.83 | Q17: 9.32
A18: 22/11/2025 02:30 | B18: 17.58 | C18: 13.69 | D18: 21.25 | E18: 5.65 | F18: 2 | G18: 39.02 | H18: 13.24 | I18: 13.55 | J18: 0.2 | K18: 193.3 | L18: 17.7 | M18: 26.56 | N18: 1.5 | O18: 0 | P18: 0.84 | Q18: 9.32
A19: 22/11/2025 02:45 | B19: 18.15 | C19: 13.67 | D19: 21.69 | E19: 5.45 | F19: 2 | G19: 39.34 | H19: 13.28 | I19: 13.8 | J19: 0.11 | K19: 141.3 | L19: 15.06 | M19: 19.89 | N19: 1.7 | O19: 0 | P19: 0.84 | Q19: 9.32
A20: 22/11/2025 03:00 | B20: 18.4 | C20: 13.59 | D20: 21.86 | E20: 5.43 | F20: 2 | G20: 42.24 | H20: 13.54 | I20: 13.98 | J20: 0.15 | K20: 127.11 | L20: 11.98 | M20: 12.14 | N20: 1.5 | O20: 0 | P20: 0.85 | Q20: 9.32
... A104: 22/11/2025 24:00 | B104: 11.28 | C104: 13.19 | D104: 15.94 | E104: 6.7 | F104: 2 | G104: 48.51 | H104: 15.97 | I104: 14.89 | J104: 0.13 | K104: 227.28 | L104: 18.51 | M104: 28.53 | N104: 1.5 | O104: 0 | P104: 0.86 | Q104: 9.32
A106: Min | B106: =MIN(B9:B104) -> 3.36 | C106: =MIN(C9:C104) -> 10.93 | D106: =MIN(D9:D104) -> 8.47 | E106: =MIN(E9:E104) -> 4.97 | F106: =MIN(F9:F104) -> 1.45 | G106: =MIN(G9:G104) -> 26.38 | H106: =MIN(H9:H104) -> 9.69 | I106: =MIN(I9:I104) -> 9.72 | ... Q106: =MIN(Q9:Q104) -> 9.31
A107: Max | B107: =MAX(B9:B104) -> 26.83 | C107: =MAX(C9:C104) -> 18.06 | D107: =MAX(D9:D104) -> 29.87 | E107: =MAX(E9:E104) -> 8.87 | F107: =MAX(F9:F104) -> 259.23 | G107: =MAX(G9:G104) -> 64.64 | H107: =MAX(H9:H104) -> 20.11 | I107: =MAX(I9:I104) -> 15.92 | ... Q107: =MAX(Q9:Q104) -> 9.33
A108: Avg | B108: =AVERAGE(B9:B104) -> 12.860312 | C108: =AVERAGE(C9:C104) -> 14.487708 | D108: =AVERAGE(D9:D104) -> 17.881979 | E108: =AVERAGE(E9:E104) -> 6.4071875 | F108: =AVERAGE(F9:F104) -> 11.035521 | G108: =AVERAGE(G9:G104) -> 44.4075 | H108: =AVERAGE(H9:H104) -> 14.294063 | I108: =AVERAGE(I9:I104) -> 13.294792 | ... Q108: =AVERAGE(Q9:Q104) -> 9.3202083
A109: Stdev | B109: =STDEV(B9:B104) -> 8.1260915 | C109: =STDEV(C9:C104) -> 1.7715271 | D109: =STDEV(D9:D104) -> 6.963882 | E109: =STDEV(E9:E104) -> 0.77065892 | F109: =STDEV(F9:F104) -> 29.301746 | G109: =STDEV(G9:G104) -> 10.865748 | H109: =STDEV(H9:H104) -> 3.0214338 | I109: =STDEV(I9:I104) -> 1.8766818 | ... Q109: =STDEV(Q9:Q104) -> 0.0020412415
A110: Num | B110: =COUNT(B9:B104) -> 96 | C110: =COUNT(C9:C104) -> 96 | D110: =COUNT(D9:D104) -> 96 | E110: =COUNT(E9:E104) -> 96 | F110: =COUNT(F9:F104) -> 96 | G110: =COUNT(G9:G104) -> 96 | H110: =COUNT(H9:H104) -> 96 | I110: =COUNT(I9:I104) -> 96 | ... Q110: =COUNT(Q9:Q104) -> 96
A111: DCR | B111: =IF(B110>=87,">90%",IF(B110<=87,"<90%")) -> >90% | C111: =IF(C110>=87,">90%",IF(C110<=87,"<90%")) -> >90% | D111: =IF(D110>=87,">90%",IF(D110<=87,"<90%")) -> >90% | E111: =IF(E110>=87,">90%",IF(E110<=87,"<90%")) -> >90% | F111: =IF(F110>=87,">90%",IF(F110<=87,"<90%")) -> >90% | G111: =IF(G110>=87,">90%",IF(G110<=87,"<90%")) -> >90% | H111: =IF(H110>=87,">90%",IF(H110<=87,"<90%")) -> >90% | I111: =IF(I110>=87,">90%",IF(I110<=87,"<90%")) -> >90% | ... Q111: =IF(Q110>=87,">90%",IF(Q110<=87,"<90%")) -> >90%
A112: Status | B112: =IF(B110>=87,"OK",IF(B110<=87,"LESS")) -> OK | C112: =IF(C110>=87,"OK",IF(C110<=87,"LESS")) -> OK | D112: =IF(D110>=87,"OK",IF(D110<=87,"LESS")) -> OK | E112: =IF(E110>=87,"OK",IF(E110<=87,"LESS")) -> OK | F112: =IF(F110>=87,"OK",IF(F110<=87,"LESS")) -> OK | G112: =IF(G110>=87,"OK",IF(G110<=87,"LESS")) -> OK | H112: =IF(H110>=87,"OK",IF(H110<=87,"LESS")) -> OK | I112: =IF(I110>=87,"OK",IF(I110<=87,"LESS")) -> OK | ... Q112: =IF(Q110>=87,"OK",IF(Q110<=87,"LESS")) -> OK
A115: Done by | B115: AKASH
A117: Comment

Sheet 23
A1: Station: | B1: IGKV RAIPUR
A2: Date: | B2: =$A$9 -> 23/11/2025 00:15 | C2: Power Off | G2: Pw.Off | J2: Link Fail | L2: Link F | N2: Maintenance | P2: Maint.
A3: Report Type: | B3: Mean | C3: Calibration | G3: Calib. | J3: Data Fail | L3: Data F | N3: Invalid | P3: Invalid
A4: Time Base: | B4: 15 Min | C4: Zero Referrence | G4: Z.Ref | J4: Warm Up | L4: Wm. Up
A7: Date & Time | B7: NO | C7: NO2 | D7: NOX | E7: SO2 | F7: O3 | G7: PM 10 | H7: PM 2.5 | I7: BENZ | J7: WS | K7: WD | L7: TEMP | M7: HUM | N7: SR | O7: RG | P7: CO | Q7: NH3
B8: ug/m3 | C8: ug/m3 | D8: ppb | E8: ug/m3 | F8: ug/m3 | G8: ug/m3 | H8: ug/m3 | I8: ug/m3 | J8: m/sec | K8: deg | L8: degreC | M8: % | N8: w/m2 | O8: mm | P8: mg/m3 | Q8: ug/m3
A9: 23/11/2025 00:15 | B9: 11.46 | C9: 12.51 | D9: 15.73 | E9: 6.76 | F9: Maint. | G9: 48.51 | H9: 15.97 | I9: 15.05 | J9: 0.13 | K9: 160.81 | L9: 15.24 | M9: 20.4 | N9: 1.5 | O9: 0 | P9: 0.87 | Q9: 9.32
A10: 23/11/2025 00:30 | B10: 11.61 | C10: 12.96 | D10: 16.08 | E10: 6.58 | F10: Maint. | G10: 48.51 | H10: 15.97 | I10: 15.41 | J10: 0.11 | K10: 161.38 | L10: 14.2 | M10: 17.75 | N10: 1.6 | O10: 0 | P10: 0.89 | Q10: 9.32
A11: 23/11/2025 00:45 | B11: 11.79 | C11: 12.99 | D11: 16.24 | E11: 6.72 | F11: Maint. | G11: 48.71 | H11: 16.09 | I11: 15.8 | J11: 0.19 | K11: 152.48 | L11: 14.3 | M11: 18.08 | N11: 1.5 | O11: 0 | P11: 0.91 | Q11: 9.32
A12: 23/11/2025 01:00 | B12: 11.98 | C12: 12.95 | D12: 16.37 | E12: 6.87 | F12: Maint. | G12: 50.53 | H12: 16.14 | I12: 16.08 | J12: 0.22 | K12: 151 | L12: 14.18 | M12: 17.72 | N12: 1.5 | O12: 0 | P12: 0.91 | Q12: 9.32
A13: 23/11/2025 01:15 | B13: 12.15 | C13: 13.11 | D13: 16.6 | E13: 6.85 | F13: Maint. | G13: 50.53 | H13: 16.14 | I13: 16.28 | J13: 0.18 | K13: 138.07 | L13: 12.8 | M13: 14.25 | N13: 1.7 | O13: 0 | P13: 0.92 | Q13: 9.32
A14: 23/11/2025 01:30 | B14: 12.8 | C14: 13.34 | D14: 17.24 | E14: 7.05 | F14: Maint. | G14: 50.53 | H14: 16.14 | I14: 16.5 | J14: 0.14 | K14: 131.44 | L14: 12.82 | M14: 14.39 | N14: 1.5 | O14: 0 | P14: 0.94 | Q14: 9.32
A15: 23/11/2025 01:45 | B15: 14.33 | C15: 13.66 | D15: 18.63 | E15: 6.81 | F15: Maint. | G15: 50.66 | H15: 16.24 | I15: 16.7 | J15: 0.14 | K15: 139.86 | L15: 13.08 | M15: 15.04 | N15: 1.5 | O15: 0 | P15: 0.95 | Q15: 9.32
A16: 23/11/2025 02:00 | B16: 15.69 | C16: 14.04 | D16: 19.92 | E16: 6.86 | F16: Maint. | G16: 51.88 | H16: 16.96 | I16: 16.86 | J16: 0.12 | K16: 260.39 | L16: 20.06 | M16: 32.44 | N16: 1.6 | O16: 0 | P16: 0.95 | Q16: 9.32
A17: 23/11/2025 02:15 | B17: 16.66 | C17: 14.43 | D17: 20.9 | E17: 4.59 | F17: Maint. | G17: 51.88 | H17: 16.96 | I17: 17.06 | J17: 0.17 | K17: 228.09 | L17: 17.16 | M17: 25.9 | N17: 1.6 | O17: 0 | P17: 0.97 | Q17: 9.32
A18: 23/11/2025 02:30 | B18: 16.91 | C18: 14.68 | D18: 21.23 | E18: 5.6 | F18: Maint. | G18: 51.88 | H18: 16.96 | I18: 17.26 | J18: 0.21 | K18: 173.55 | L18: 16.33 | M18: 23.24 | N18: 1.9 | O18: 0 | P18: 0.97 | Q18: 9.32
A19: 23/11/2025 02:45 | B19: 16.61 | C19: 14.53 | D19: 20.91 | E19: 5.68 | F19: Maint. | G19: 52.27 | H19: 17.04 | I19: 17.46 | J19: 0.16 | K19: 124.6 | L19: 12.65 | M19: 13.99 | N19: 1.9 | O19: 0 | P19: 0.98 | Q19: 9.32
A20: 23/11/2025 03:00 | B20: 16.2 | C20: 14.33 | D20: 20.48 | E20: 5.53 | F20: Maint. | G20: 55.78 | H20: 17.68 | I20: 17.58 | J20: 0.13 | K20: 149.78 | L20: 14.27 | M20: 18.11 | N20: 1.8 | O20: 0 | P20: 0.98 | Q20: 9.32
... A104: 23/11/2025 24:00 | B104: 10.96 | C104: 14.02 | D104: 16.11 | E104: 6.71 | F104: Maint. | G104: 44.05 | H104: 14 | I104: 12.05 | J104: 0.16 | K104: 217.92 | L104: 19.53 | M104: 31.27 | N104: 1.6 | O104: 0 | P104: 0.66 | Q104: 9.32
A106: Min | B106: =MIN(B9:B104) -> 3.18 | C106: =MIN(C9:C104) -> 10.88 | D106: =MIN(D9:D104) -> 8.4 | E106: =MIN(E9:E104) -> 4.59 | F106: =MIN(F9:F104) -> 0 | G106: =MIN(G9:G104) -> 17.68 | H106: =MIN(H9:H104) -> 10.07 | I106: =MIN(I9:I104) -> 9.68 | ... Q106: =MIN(Q9:Q104) -> 9.32
A107: Max | B107: =MAX(B9:B104) -> 23.28 | C107: =MAX(C9:C104) -> 17.23 | D107: =MAX(D9:D104) -> 26.87 | E107: =MAX(E9:E104) -> 7.19 | F107: =MAX(F9:F104) -> 0 | G107: =MAX(G9:G104) -> 88.63 | H107: =MAX(H9:H104) -> 20.38 | I107: =MAX(I9:I104) -> 17.58 | ... Q107: =MAX(Q9:Q104) -> 9.32
A108: Avg | B108: =AVERAGE(B9:B104) -> 11.465208 | C108: =AVERAGE(C9:C104) -> 14.214896 | D108: =AVERAGE(D9:D104) -> 16.620938 | E108: =AVERAGE(E9:E104) -> 6.0607292 | F108: =AVERAGE(F9:F104) -> #DIV/0! | G108: =AVERAGE(G9:G104) -> 46.407812 | H108: =AVERAGE(H9:H104) -> 14.585104 | I108: =AVERAGE(I9:I104) -> 14.2975 | ... Q108: =AVERAGE(Q9:Q104) -> 9.32
A109: Stdev | B109: =STDEV(B9:B104) -> 5.7547478 | C109: =STDEV(C9:C104) -> 1.517998 | D109: =STDEV(D9:D104) -> 4.9643686 | E109: =STDEV(E9:E104) -> 0.64872222 | F109: =STDEV(F9:F104) -> #DIV/0! | G109: =STDEV(G9:G104) -> 14.925254 | H109: =STDEV(H9:H104) -> 3.1663746 | I109: =STDEV(I9:I104) -> 2.7155455 | ... Q109: =STDEV(Q9:Q104) -> 1.7856816e-14
A110: Num | B110: =COUNT(B9:B104) -> 96 | C110: =COUNT(C9:C104) -> 96 | D110: =COUNT(D9:D104) -> 96 | E110: =COUNT(E9:E104) -> 96 | F110: =COUNT(F9:F104)+96 -> 96 | G110: =COUNT(G9:G104) -> 96 | H110: =COUNT(H9:H104) -> 96 | I110: =COUNT(I9:I104) -> 96 | J110: =COUNT(J9:J104) -> 96 | K110: =COUNT(K9:K104) -> 96 | L110: =COUNT(L9:L104) -> 96 | M110: =COUNT(M9:M104) -> 96 | N110: =COUNT(N9:N104) -> 96 | ... Q110: =COUNT(Q9:Q104) -> 96
A111: DCR | B111: =IF(B110>=87,">90%",IF(B110<=87,"<90%")) -> >90% | C111: =IF(C110>=87,">90%",IF(C110<=87,"<90%")) -> >90% | D111: =IF(D110>=87,">90%",IF(D110<=87,"<90%")) -> >90% | E111: =IF(E110>=87,">90%",IF(E110<=87,"<90%")) -> >90% | F111: =IF(F110>=87,">90%",IF(F110<=87,"<90%")) -> >90% | G111: =IF(G110>=87,">90%",IF(G110<=87,"<90%")) -> >90% | H111: =IF(H110>=87,">90%",IF(H110<=87,"<90%")) -> >90% | I111: =IF(I110>=87,">90%",IF(I110<=87,"<90%")) -> >90% | ... Q111: =IF(Q110>=87,">90%",IF(Q110<=87,"<90%")) -> >90%
A112: Status | B112: =IF(B110>=87,"OK",IF(B110<=87,"LESS")) -> OK | C112: =IF(C110>=87,"OK",IF(C110<=87,"LESS")) -> OK | D112: =IF(D110>=87,"OK",IF(D110<=87,"LESS")) -> OK | E112: =IF(E110>=87,"OK",IF(E110<=87,"LESS")) -> OK | F112: =IF(F110>=87,"OK",IF(F110<=87,"LESS")) -> OK | G112: =IF(G110>=87,"OK",IF(G110<=87,"LESS")) -> OK | H112: =IF(H110>=87,"OK",IF(H110<=87,"LESS")) -> OK | I112: =IF(I110>=87,"OK",IF(I110<=87,"LESS")) -> OK | ... Q112: =IF(Q110>=87,"OK",IF(Q110<=87,"LESS")) -> OK
A115: Done by | B115: AKASH
A117: Comment

Sheet 24
A1: Station: | B1: IGKV RAIPUR
A2: Date: | B2: =$A$9 -> 24/11/2025 00:15 | C2: Power Off | G2: Pw.Off | J2: Link Fail | L2: Link F | N2: Maintenance | P2: Maint.
A3: Report Type: | B3: Mean | C3: Calibration | G3: Calib. | J3: Data Fail | L3: Data F | N3: Invalid | P3: Invalid
A4: Time Base: | B4: 15 Min | C4: Zero Referrence | G4: Z.Ref | J4: Warm Up | L4: Wm. Up
A7: Date & Time | B7: NO | C7: NO2 | D7: NOX | E7: SO2 | F7: O3 | G7: PM 10 | H7: PM 2.5 | I7: BENZ | J7: WS | K7: WD | L7: TEMP | M7: HUM | N7: SR | O7: RG | P7: CO | Q7: NH3
B8: ug/m3 | C8: ug/m3 | D8: ppb | E8: ug/m3 | F8: ug/m3 | G8: ug/m3 | H8: ug/m3 | I8: ug/m3 | J8: m/sec | K8: deg | L8: degreC | M8: % | N8: w/m2 | O8: mm | P8: mg/m3 | Q8: ug/m3
A9: 24/11/2025 00:15 | B9: 10.6 | C9: 13.26 | D9: 15.43 | E9: 6.93 | F9: Maint. | G9: 44.05 | H9: 14 | I9: 12.01 | J9: 0.15 | K9: 208.75 | L9: 18.67 | M9: 29.15 | N9: 1.5 | O9: 0 | P9: 0.66 | Q9: 9.32
A10: 24/11/2025 00:30 | B10: 10.38 | C10: 13.55 | D10: 15.4 | E10: 6.87 | F10: Maint. | G10: 44.05 | H10: 14 | I10: 11.98 | J10: 0.09 | K10: 167.97 | L10: 15.7 | M10: 21.63 | N10: 1.6 | O10: 0 | P10: 0.65 | Q10: 9.32
A11: 24/11/2025 00:45 | B11: 10.6 | C11: 13.63 | D11: 15.62 | E11: 7.41 | F11: Maint. | G11: 43.51 | H11: 13.95 | I11: 11.97 | J11: 0.12 | K11: 164.01 | L11: 14.71 | M11: 19.2 | N11: 1.4 | O11: 0 | P11: 0.65 | Q11: 9.32
A12: 24/11/2025 01:00 | B12: 12.01 | C12: 13.97 | D12: 16.93 | E12: 7.17 | F12: Maint. | G12: 38.68 | H12: 13.62 | I12: 11.95 | J12: 0.14 | K12: 130.74 | L12: 13.16 | M12: 15.28 | N12: 1.5 | O12: 0 | P12: 0.66 | Q12: 9.32
A13: 24/11/2025 01:15 | B13: 14.81 | C13: 14.63 | D13: 19.52 | E13: 6.91 | F13: Maint. | G13: 38.68 | H13: 13.62 | I13: 11.96 | J13: 0.17 | K13: 147.83 | L13: 13.81 | M13: 16.98 | N13: 1.5 | O13: 0 | P13: 0.68 | Q13: 9.32
A14: 24/11/2025 01:30 | B14: 17.3 | C14: 15.24 | D14: 21.84 | E14: 7.17 | F14: Maint. | G14: 38.68 | H14: 13.62 | I14: 12.17 | J14: 0.18 | K14: 166.9 | L14: 15.66 | M14: 21.63 | N14: 1.7 | O14: 0 | P14: 0.68 | Q14: 9.32
A15: 24/11/2025 01:45 | B15: 18.85 | C15: 15.6 | D15: 23.27 | E15: 7.05 | F15: Maint. | G15: 39.45 | H15: 13.69 | I15: 12.48 | J15: 0.14 | K15: 195.83 | L15: 17.44 | M15: 26.09 | N15: 1.6 | O15: 0 | P15: 0.68 | Q15: 9.47
A16: 24/11/2025 02:00 | B16: 19.8 | C16: 15.87 | D16: 24.17 | E16: 6.79 | F16: Maint. | G16: 46.44 | H16: 14.19 | I16: 12.75 | J16: 0.17 | K16: 184.21 | L16: 16.79 | M16: 24.45 | N16: 1.7 | O16: 0 | P16: 0.69 | Q16: 9.53
A17: 24/11/2025 02:15 | B17: 20.64 | C17: 16.07 | D17: 24.95 | E17: 5.34 | F17: Maint. | G17: 46.44 | H17: 14.19 | I17: 13.01 | J17: 0.18 | K17: 202.22 | L17: 18.33 | M17: 28.3 | N17: 1.7 | O17: 0 | P17: 0.68 | Q17: 9.32
A18: 24/11/2025 02:30 | B18: 21.07 | C18: 16.17 | D18: 25.34 | E18: 6.27 | F18: Maint. | G18: 46.44 | H18: 14.19 | I18: 13.16 | J18: 0.18 | K18: 221.39 | L18: 19.17 | M18: 30.39 | N18: 1.8 | O18: 0 | P18: 0.7 | Q18: 9.45
A19: 24/11/2025 02:45 | B19: 21.41 | C19: 15.85 | D19: 25.45 | E19: 6.18 | F19: Maint. | G19: 46.23 | H19: 14.29 | I19: 13.19 | J19: 0.13 | K19: 176.97 | L19: 15.84 | M19: 22 | N19: 1.7 | O19: 0 | P19: 0.7 | Q19: 9.32
A20: 24/11/2025 03:00 | B20: 21.69 | C20: 15.57 | D20: 25.53 | E20: 6.24 | F20: Maint. | G20: 44.38 | H20: 14.99 | I20: 13.16 | J20: 0.14 | K20: 150.91 | L20: 13.72 | M20: 16.63 | N20: 1.6 | O20: 0 | P20: 0.7 | Q20: 9.32
... A104: 24/11/2025 24:00 | B104: 6.78 | C104: 12.44 | D104: 11.94 | E104: 4.97 | F104: Maint. | G104: 108.72 | H104: 46.26 | I104: 13.14 | J104: 0.08 | K104: 178.89 | L104: 16.55 | M104: 23.69 | N104: 1.7 | O104: 0 | P104: 0.57 | Q104: 9.32
A106: Min | B106: =MIN(B9:B104) -> 3.25 | C106: =MIN(C9:C104) -> 12.44 | D106: =MIN(D9:D104) -> 10.12 | E106: =MIN(E9:E104) -> 3.8 | F106: =MIN(F9:F104) -> 0 | G106: =MIN(G9:G104) -> 0 | H106: =MIN(H9:H104) -> 0 | I106: =MIN(I9:I104) -> 5.83 | ... Q106: =MIN(Q9:Q104) -> 9.32
A107: Max | B107: =MAX(B9:B104) -> 26.61 | C107: =MAX(C9:C104) -> 27.87 | D107: =MAX(D9:D104) -> 29.47 | E107: =MAX(E9:E104) -> 12.44 | F107: =MAX(F9:F104) -> 0 | G107: =MAX(G9:G104) -> 126.73 | H107: =MAX(H9:H104) -> 46.26 | I107: =MAX(I9:I104) -> 26.65 | ... Q107: =MAX(Q9:Q104) -> 9.53
A108: Avg | B108: =AVERAGE(B9:B104) -> 12.119687 | C108: =AVERAGE(C9:C104) -> 16.664062 | D108: =AVERAGE(D9:D104) -> 18.425729 | E108: =AVERAGE(E9:E104) -> 6.2230208 | F108: =AVERAGE(F9:F104) -> #DIV/0! | G108: =AVERAGE(G9:G104) -> 63.084271 | H108: =AVERAGE(H9:H104) -> 21.194896 | I108: =AVERAGE(I9:I104) -> 13.403333 | ... Q108: =AVERAGE(Q9:Q104) -> 9.3277083
A109: Stdev | B109: =STDEV(B9:B104) -> 9.0810932 | C109: =STDEV(C9:C104) -> 3.1964634 | D109: =STDEV(D9:D104) -> 7.047583 | E109: =STDEV(E9:E104) -> 1.6569504 | F109: =STDEV(F9:F104) -> #DIV/0! | G109: =STDEV(G9:G104) -> 35.799997 | H109: =STDEV(H9:H104) -> 13.132184 | I109: =STDEV(I9:I104) -> 4.9969809 | ... Q109: =STDEV(Q9:Q104) -> 0.035466193
A110: Num | B110: =COUNT(B9:B104) -> 96 | C110: =COUNT(C9:C104) -> 96 | D110: =COUNT(D9:D104) -> 96 | E110: =COUNT(E9:E104) -> 96 | F110: =COUNT(F9:F104)+96 -> 96 | G110: =COUNT(G9:G104) -> 96 | H110: =COUNT(H9:H104) -> 96 | I110: =COUNT(I9:I104) -> 96 | J110: =COUNT(J9:J104) -> 96 | K110: =COUNT(K9:K104) -> 96 | L110: =COUNT(L9:L104) -> 96 | M110: =COUNT(M9:M104) -> 96 | N110: =COUNT(N9:N104) -> 96 | ... Q110: =COUNT(Q9:Q104) -> 96
A111: DCR | B111: =IF(B110>=87,">90%",IF(B110<=87,"<90%")) -> >90% | C111: =IF(C110>=87,">90%",IF(C110<=87,"<90%")) -> >90% | D111: =IF(D110>=87,">90%",IF(D110<=87,"<90%")) -> >90% | E111: =IF(E110>=87,">90%",IF(E110<=87,"<90%")) -> >90% | F111: =IF(F110>=87,">90%",IF(F110<=87,"<90%")) -> >90% | G111: =IF(G110>=87,">90%",IF(G110<=87,"<90%")) -> >90% | H111: =IF(H110>=87,">90%",IF(H110<=87,"<90%")) -> >90% | I111: =IF(I110>=87,">90%",IF(I110<=87,"<90%")) -> >90% | ... Q111: =IF(Q110>=87,">90%",IF(Q110<=87,"<90%")) -> >90%
A112: Status | B112: =IF(B110>=87,"OK",IF(B110<=87,"LESS")) -> OK | C112: =IF(C110>=87,"OK",IF(C110<=87,"LESS")) -> OK | D112: =IF(D110>=87,"OK",IF(D110<=87,"LESS")) -> OK | E112: =IF(E110>=87,"OK",IF(E110<=87,"LESS")) -> OK | F112: =IF(F110>=87,"OK",IF(F110<=87,"LESS")) -> OK | G112: =IF(G110>=87,"OK",IF(G110<=87,"LESS")) -> OK | H112: =IF(H110>=87,"OK",IF(H110<=87,"LESS")) -> OK | I112: =IF(I110>=87,"OK",IF(I110<=87,"LESS")) -> OK | ... Q112: =IF(Q110>=87,"OK",IF(Q110<=87,"LESS")) -> OK
A115: Done by | B115: AKASH
A117: Comment

Sheet 25
A1: Station: | B1: IGKV RAIPUR
A2: Date: | B2: =$A$9 -> 25/11/2025 00:15 | C2: Power Off | G2: Pw.Off | J2: Link Fail | L2: Link F | N2: Maintenance | P2: Maint.
A3: Report Type: | B3: Mean | C3: Calibration | G3: Calib. | J3: Data Fail | L3: Data F | N3: Invalid | P3: Invalid
A4: Time Base: | B4: 15 Min | C4: Zero Referrence | G4: Z.Ref | J4: Warm Up | L4: Wm. Up
A7: Date & Time | B7: NO | C7: NO2 | D7: NOX | E7: SO2 | F7: O3 | G7: PM 10 | H7: PM 2.5 | I7: BENZ | J7: WS | K7: WD | L7: TEMP | M7: HUM | N7: SR | O7: RG | P7: CO | Q7: NH3
B8: ug/m3 | C8: ug/m3 | D8: ppb | E8: ug/m3 | F8: ug/m3 | G8: ug/m3 | H8: ug/m3 | I8: ug/m3 | J8: m/sec | K8: deg | L8: degreC | M8: % | N8: w/m2 | O8: mm | P8: mg/m3 | Q8: ug/m3
A9: 25/11/2025 00:15 | B9: 7.24 | C9: 12.1 | D9: 12.13 | E9: 5.4 | F9: Maint. | G9: 108.72 | H9: 46.26 | I9: 14.27 | J9: 0.08 | K9: 167.53 | L9: 13.73 | M9: 16.61 | N9: 1.4 | O9: 0 | P9: 0.57 | Q9: 9.32
A10: 25/11/2025 00:30 | B10: 7.53 | C10: 12.42 | D10: 12.53 | E10: 5.33 | F10: Maint. | G10: 105.63 | H10: 45.64 | I10: 14.09 | J10: 0.14 | K10: 188.71 | L10: 17.06 | M10: 24.95 | N10: 1.6 | O10: 0 | P10: 0.57 | Q10: 9.32
A11: 25/11/2025 00:45 | B11: 7.78 | C11: 12.52 | D11: 12.78 | E11: 5.63 | F11: Maint. | G11: 104.16 | H11: 45.57 | I11: 13.92 | J11: 0.14 | K11: 181.92 | L11: 16.35 | M11: 23.19 | N11: 1.7 | O11: 0 | P11: 0.56 | Q11: 9.32
A12: 25/11/2025 01:00 | B12: 7.96 | C12: 12.55 | D12: 12.94 | E12: 5.36 | F12: Maint. | G12: 104.16 | H12: 45.57 | I12: 13.74 | J12: 0.15 | K12: 196.61 | L12: 17.45 | M12: 25.96 | N12: 1.7 | O12: 0 | P12: 0.56 | Q12: 9.32
A13: 25/11/2025 01:15 | B13: 8.08 | C13: 12.46 | D13: 12.99 | E13: 4.99 | F13: Maint. | G13: 104.16 | H13: 45.57 | I13: 13.54 | J13: 0.15 | K13: 209.61 | L13: 18.68 | M13: 29.04 | N13: 1.7 | O13: 0 | P13: 0.56 | Q13: 9.32
A14: 25/11/2025 01:30 | B14: 8.22 | C14: 12.23 | D14: 12.98 | E14: 5.38 | F14: Maint. | G14: 103.03 | H14: 47 | I14: 13.35 | J14: 0.13 | K14: 232.77 | L14: 20.65 | M14: 33.91 | N14: 1.7 | O14: 0 | P14: 0.56 | Q14: 9.32
A15: 25/11/2025 01:45 | B15: 8.36 | C15: 12.02 | D15: 12.99 | E15: 3.01 | F15: Maint. | G15: 102.49 | H15: 47.15 | I15: 13.17 | J15: 0.15 | K15: 231.76 | L15: 20.45 | M15: 33.39 | N15: 1.6 | O15: 0 | P15: 0.55 | Q15: 9.32
A16: 25/11/2025 02:00 | B16: 8.48 | C16: 11.87 | D16: 13 | E16: 4.97 | F16: Maint. | G16: 102.49 | H16: 47.15 | I16: 12.96 | J16: 0.15 | K16: 221.57 | L16: 19.55 | M16: 31.2 | N16: 1.7 | O16: 0 | P16: 0.55 | Q16: 9.32
A17: 25/11/2025 02:15 | B17: 8.54 | C17: 11.75 | D17: 12.99 | E17: 4.48 | F17: Maint. | G17: 102.49 | H17: 47.15 | I17: 12.75 | J17: 0.09 | K17: 174.41 | L17: 16.39 | M17: 23.31 | N17: 1.5 | O17: 0 | P17: 0.55 | Q17: 9.32
A18: 25/11/2025 02:30 | B18: 8.82 | C18: 11.86 | D18: 13.27 | E18: 5.67 | F18: Maint. | G18: 97.82 | H18: 43.09 | I18: 12.55 | J18: 0.11 | K18: 156.25 | L18: 14.64 | M18: 18.94 | N18: 1.4 | O18: 0 | P18: 0.54 | Q18: 9.32
A19: 25/11/2025 02:45 | B19: 9.81 | C19: 12.27 | D19: 14.28 | E19: 5.65 | F19: Maint. | G19: 95.61 | H19: 42.67 | I19: 12.36 | J19: 0.09 | K19: 109.09 | L19: 11.69 | M19: 11.49 | N19: 1.4 | O19: 0 | P19: 0.54 | Q19: 9.32
A20: 25/11/2025 03:00 | B20: 10.81 | C20: 12.5 | D20: 15.2 | E20: 5.66 | F20: Maint. | G20: 95.61 | H20: 42.67 | I20: 12.21 | J20: 0.1 | K20: 190.05 | L20: 16.91 | M20: 24.69 | N20: 1.5 | O20: 0 | P20: 0.54 | Q20: 9.32
... A104: 25/11/2025 24:00 | B104: 7.09 | C104: 14.38 | D104: 13.2 | E104: 5.64 | F104: Maint. | G104: 117.14 | H104: 52.98 | I104: 11.75 | J104: 0.2 | K104: 201.02 | L104: 18 | M104: 27.48 | N104: 2 | O104: 0 | P104: 0.6 | Q104: 9.32
A106: Min | B106: =MIN(B9:B104) -> 3.44 | C106: =MIN(C9:C104) -> 11.75 | D106: =MIN(D9:D104) -> 10.19 | E106: =MIN(E9:E104) -> 3.01 | F106: =MIN(F9:F104) -> 0 | G106: =MIN(G9:G104) -> 95.61 | H106: =MIN(H9:H104) -> 42.67 | I106: =MIN(I9:I104) -> 9.31 | ... Q106: =MIN(Q9:Q104) -> 9.32
A107: Max | B107: =MAX(B9:B104) -> 16.69 | C107: =MAX(C9:C104) -> 15.99 | D107: =MAX(D9:D104) -> 21.2 | E107: =MAX(E9:E104) -> 7.64 | F107: =MAX(F9:F104) -> 0 | G107: =MAX(G9:G104) -> 175.11 | H107: =MAX(H9:H104) -> 58.15 | I107: =MAX(I9:I104) -> 14.32 | ... Q107: =MAX(Q9:Q104) -> 9.87
A108: Avg | B108: =AVERAGE(B9:B104) -> 8.963125 | C108: =AVERAGE(C9:C104) -> 14.129896 | D108: =AVERAGE(D9:D104) -> 14.570313 | E108: =AVERAGE(E9:E104) -> 5.7428125 | F108: =AVERAGE(F9:F104) -> #DIV/0! | G108: =AVERAGE(G9:G104) -> 118.11396 | H108: =AVERAGE(H9:H104) -> 49.939167 | I108: =AVERAGE(I9:I104) -> 11.514167 | ... Q108: =AVERAGE(Q9:Q104) -> 9.3694792
A109: Stdev | B109: =STDEV(B9:B104) -> 4.2268628 | C109: =STDEV(C9:C104) -> 1.0814274 | D109: =STDEV(D9:D104) -> 3.3393313 | E109: =STDEV(E9:E104) -> 0.59417825 | F109: =STDEV(F9:F104) -> #DIV/0! | G109: =STDEV(G9:G104) -> 19.461276 | H109: =STDEV(H9:H104) -> 4.4610314 | I109: =STDEV(I9:I104) -> 1.4882273 | ... Q109: =STDEV(Q9:Q104) -> 0.11763789
A110: Num | B110: =COUNT(B9:B104) -> 96 | C110: =COUNT(C9:C104) -> 96 | D110: =COUNT(D9:D104) -> 96 | E110: =COUNT(E9:E104) -> 96 | F110: =COUNT(F9:F104)+96 -> 96 | G110: =COUNT(G9:G104) -> 96 | H110: =COUNT(H9:H104) -> 96 | I110: =COUNT(I9:I104) -> 96 | J110: =COUNT(J9:J104) -> 96 | K110: =COUNT(K9:K104) -> 96 | L110: =COUNT(L9:L104) -> 96 | M110: =COUNT(M9:M104) -> 96 | N110: =COUNT(N9:N104) -> 96 | ... Q110: =COUNT(Q9:Q104) -> 96
A111: DCR | B111: =IF(B110>=87,">90%",IF(B110<=87,"<90%")) -> >90% | C111: =IF(C110>=87,">90%",IF(C110<=87,"<90%")) -> >90% | D111: =IF(D110>=87,">90%",IF(D110<=87,"<90%")) -> >90% | E111: =IF(E110>=87,">90%",IF(E110<=87,"<90%")) -> >90% | F111: =IF(F110>=87,">90%",IF(F110<=87,"<90%")) -> >90% | G111: =IF(G110>=87,">90%",IF(G110<=87,"<90%")) -> >90% | H111: =IF(H110>=87,">90%",IF(H110<=87,"<90%")) -> >90% | I111: =IF(I110>=87,">90%",IF(I110<=87,"<90%")) -> >90% | ... Q111: =IF(Q110>=87,">90%",IF(Q110<=87,"<90%")) -> >90%
A112: Status | B112: =IF(B110>=87,"OK",IF(B110<=87,"LESS")) -> OK | C112: =IF(C110>=87,"OK",IF(C110<=87,"LESS")) -> OK | D112: =IF(D110>=87,"OK",IF(D110<=87,"LESS")) -> OK | E112: =IF(E110>=87,"OK",IF(E110<=87,"LESS")) -> OK | F112: =IF(F110>=87,"OK",IF(F110<=87,"LESS")) -> OK | G112: =IF(G110>=87,"OK",IF(G110<=87,"LESS")) -> OK | H112: =IF(H110>=87,"OK",IF(H110<=87,"LESS")) -> OK | I112: =IF(I110>=87,"OK",IF(I110<=87,"LESS")) -> OK | ... Q112: =IF(Q110>=87,"OK",IF(Q110<=87,"LESS")) -> OK
A115: Done by | B115: AKASH
A117: Comment

Sheet 26
A1: Station: | B1: IGKV RAIPUR
A2: Date: | B2: =$A$9 -> 26/11/2025 00:15 | C2: Power Off | G2: Pw.Off | J2: Link Fail | L2: Link F | N2: Maintenance | P2: Maint.
A3: Report Type: | B3: Mean | C3: Calibration | G3: Calib. | J3: Data Fail | L3: Data F | N3: Invalid | P3: Invalid
A4: Time Base: | B4: 15 Min | C4: Zero Referrence | G4: Z.Ref | J4: Warm Up | L4: Wm. Up
A7: Date & Time | B7: NO | C7: NO2 | D7: NOX | E7: SO2 | F7: O3 | G7: PM 10 | H7: PM 2.5 | I7: BENZ | J7: WS | K7: WD | L7: TEMP | M7: HUM | N7: SR | O7: RG | P7: CO | Q7: NH3
B8: ug/m3 | C8: ug/m3 | D8: ppb | E8: ug/m3 | F8: ug/m3 | G8: ug/m3 | H8: ug/m3 | I8: ug/m3 | J8: m/sec | K8: deg | L8: degreC | M8: % | N8: w/m2 | O8: mm | P8: mg/m3 | Q8: ug/m3
A9: 26/11/2025 00:15 | B9: 6.67 | C9: 13.46 | D9: 12.38 | E9: 5.4 | F9: Invalid | G9: 117.14 | H9: 52.98 | I9: 11.59 | J9: 0.18 | K9: 197.82 | L9: 17.84 | M9: 27.09 | N9: 1.8 | O9: 0 | P9: 0.59 | Q9: 9.32
A10: 26/11/2025 00:30 | B10: 6.5 | C10: 13.64 | D10: 12.33 | E10: 5.49 | F10: Invalid | G10: 114.07 | H10: 51.37 | I10: 11.38 | J10: 0.18 | K10: 216.06 | L10: 19.06 | M10: 30.12 | N10: 1.8 | O10: 0 | P10: 0.58 | Q10: 9.32
A11: 26/11/2025 00:45 | B11: 6.37 | C11: 13.54 | D11: 12.18 | E11: 5.48 | F11: Invalid | G11: 112.61 | H11: 51.2 | I11: 11.29 | J11: 0.15 | K11: 220.78 | L11: 19.54 | M11: 31.3 | N11: 1.8 | O11: 0 | P11: 0.58 | Q11: 9.32
A12: 26/11/2025 01:00 | B12: 6.24 | C12: 13.42 | D12: 12.01 | E12: 5.32 | F12: Invalid | G12: 112.61 | H12: 51.2 | I12: 11.16 | J12: 0.18 | K12: 232.17 | L12: 20.35 | M12: 33.32 | N12: 1.7 | O12: 0 | P12: 0.58 | Q12: 9.32
A13: 26/11/2025 01:15 | B13: 6.11 | C13: 13.28 | D13: 11.84 | E13: 5.26 | F13: Invalid | G13: 112.61 | H13: 51.2 | I13: 11.04 | J13: 0.12 | K13: 213.73 | L13: 18.8 | M13: 29.42 | N13: 1.7 | O13: 0 | P13: 0.58 | Q13: 9.32
A14: 26/11/2025 01:30 | B14: 6.06 | C14: 13.06 | D14: 11.68 | E14: 5.11 | F14: Invalid | G14: 110.27 | H14: 50.61 | I14: 10.99 | J14: 0.13 | K14: 185.58 | L14: 17.01 | M14: 24.99 | N14: 1.7 | O14: 0 | P14: 0.57 | Q14: 9.32
A15: 26/11/2025 01:45 | B15: 5.98 | C15: 12.85 | D15: 11.51 | E15: 5.34 | F15: Invalid | G15: 109.16 | H15: 50.55 | I15: 10.91 | J15: 0.16 | K15: 182.36 | L15: 16.42 | M15: 23.53 | N15: 1.6 | O15: 0 | P15: 0.56 | Q15: 9.32
A16: 26/11/2025 02:00 | B16: 6.09 | C16: 12.84 | D16: 11.59 | E16: 5.21 | F16: Invalid | G16: 109.16 | H16: 50.55 | I16: 10.8 | J16: 0.15 | K16: 135.98 | L16: 13.14 | M16: 15.29 | N16: 1.5 | O16: 0 | P16: 0.56 | Q16: 9.4
A17: 26/11/2025 02:15 | B17: 7.51 | C17: 13.3 | D17: 12.97 | E17: 4.65 | F17: Invalid | G17: 109.16 | H17: 50.55 | I17: 10.68 | J17: 0.1 | K17: 147.5 | L17: 12.74 | M17: 14.22 | N17: 1.4 | O17: 0 | P17: 0.56 | Q17: 9.32
A18: 26/11/2025 02:30 | B18: 9.4 | C18: 13.86 | D18: 14.78 | E18: 5.83 | F18: Invalid | G18: 110.77 | H18: 48.49 | I18: 10.75 | J18: 0.14 | K18: 212.18 | L18: 18.87 | M18: 29.66 | N18: 1.7 | O18: 0 | P18: 0.57 | Q18: 9.32
A19: 26/11/2025 02:45 | B19: 10.47 | C19: 14.42 | D19: 15.93 | E19: 5.93 | F19: Invalid | G19: 111.54 | H19: 48.25 | I19: 10.59 | J19: 0.18 | K19: 189.73 | L19: 17.2 | M19: 25.48 | N19: 1.7 | O19: 0 | P19: 0.56 | Q19: 9.32
A20: 26/11/2025 03:00 | B20: 10.88 | C20: 14.59 | D20: 16.35 | E20: 5.92 | F20: Invalid | G20: 111.54 | H20: 48.25 | I20: 10.56 | J20: 0.18 | K20: 194.22 | L20: 17.75 | M20: 26.74 | N20: 1.6 | O20: 0 | P20: 0.57 | Q20: 9.32
... A104: 26/11/2025 24:00 | B104: 6.92 | C104: 16.46 | D104: 14.15 | E104: 7.06 | F104: Invalid | G104: 109.78 | H104: 37.35 | I104: 10.99 | J104: 0.14 | K104: 197.44 | L104: 18.06 | M104: 27.49 | N104: 1.9 | O104: 0 | P104: 0.71 | Q104: 9.32
A106: Min | B106: =MIN(B9:B104) -> 3.45 | C106: =MIN(C9:C104) -> 12.84 | D106: =MIN(D9:D104) -> 10.35 | E106: =MIN(E9:E104) -> 4.63 | F106: =MIN(F9:F104) -> 0 | G106: =MIN(G9:G104) -> 79.85 | H106: =MIN(H9:H104) -> 28.22 | I106: =MIN(I9:I104) -> 8.57 | ... Q106: =MIN(Q9:Q104) -> 9.32
A107: Max | B107: =MAX(B9:B104) -> 20.83 | C107: =MAX(C9:C104) -> 18.33 | D107: =MAX(D9:D104) -> 24.79 | E107: =MAX(E9:E104) -> 10.08 | F107: =MAX(F9:F104) -> 0 | G107: =MAX(G9:G104) -> 201.35 | H107: =MAX(H9:H104) -> 52.98 | I107: =MAX(I9:I104) -> 11.59 | ... Q107: =MAX(Q9:Q104) -> 10.21
A108: Avg | B108: =AVERAGE(B9:B104) -> 8.8669792 | C108: =AVERAGE(C9:C104) -> 16.04 | D108: =AVERAGE(D9:D104) -> 15.491042 | E108: =AVERAGE(E9:E104) -> 6.57375 | F108: =AVERAGE(F9:F104) -> #DIV/0! | G108: =AVERAGE(G9:G104) -> 110.96792 | H108: =AVERAGE(H9:H104) -> 40.342396 | I108: =AVERAGE(I9:I104) -> 10.08375 | ... Q108: =AVERAGE(Q9:Q104) -> 9.4365625
A109: Stdev | B109: =STDEV(B9:B104) -> 5.6107457 | C109: =STDEV(C9:C104) -> 1.5980547 | D109: =STDEV(D9:D104) -> 4.5268952 | E109: =STDEV(E9:E104) -> 1.2014222 | F109: =STDEV(F9:F104) -> #DIV/0! | G109: =STDEV(G9:G104) -> 29.259388 | H109: =STDEV(H9:H104) -> 9.0500485 | I109: =STDEV(I9:I104) -> 0.84966774 | ... Q109: =STDEV(Q9:Q104) -> 0.16931334
A110: Num | B110: =COUNT(B9:B104) -> 96 | C110: =COUNT(C9:C104) -> 96 | D110: =COUNT(D9:D104) -> 96 | E110: =COUNT(E9:E104) -> 96 | F110: =COUNT(F9:F104) -> 0 | G110: =COUNT(G9:G104) -> 96 | H110: =COUNT(H9:H104) -> 96 | I110: =COUNT(I9:I104) -> 96 | ... Q110: =COUNT(Q9:Q104) -> 96
A111: DCR | B111: =IF(B110>=87,">90%",IF(B110<=87,"<90%")) -> >90% | C111: =IF(C110>=87,">90%",IF(C110<=87,"<90%")) -> >90% | D111: =IF(D110>=87,">90%",IF(D110<=87,"<90%")) -> >90% | E111: =IF(E110>=87,">90%",IF(E110<=87,"<90%")) -> >90% | F111: =IF(F110>=87,">90%",IF(F110<=87,"<90%")) -> <90% | G111: =IF(G110>=87,">90%",IF(G110<=87,"<90%")) -> >90% | H111: =IF(H110>=87,">90%",IF(H110<=87,"<90%")) -> >90% | I111: =IF(I110>=87,">90%",IF(I110<=87,"<90%")) -> >90% | ... Q111: =IF(Q110>=87,">90%",IF(Q110<=87,"<90%")) -> >90%
A112: Status | B112: =IF(B110>=87,"OK",IF(B110<=87,"LESS")) -> OK | C112: =IF(C110>=87,"OK",IF(C110<=87,"LESS")) -> OK | D112: =IF(D110>=87,"OK",IF(D110<=87,"LESS")) -> OK | E112: =IF(E110>=87,"OK",IF(E110<=87,"LESS")) -> OK | F112: =IF(F110>=87,"OK",IF(F110<=87,"LESS")) -> LESS | G112: =IF(G110>=87,"OK",IF(G110<=87,"LESS")) -> OK | H112: =IF(H110>=87,"OK",IF(H110<=87,"LESS")) -> OK | I112: =IF(I110>=87,"OK",IF(I110<=87,"LESS")) -> OK | ... Q112: =IF(Q110>=87,"OK",IF(Q110<=87,"LESS")) -> OK
A115: Done by | B115: AKASH
A117: Comment

Sheet 27
A1: Station: | B1: IGKV RAIPUR
A2: Date: | B2: =$A$9 -> 27/11/2025 00:15 | C2: Power Off | G2: Pw.Off | J2: Link Fail | L2: Link F | N2: Maintenance | P2: Maint.
A3: Report Type: | B3: Mean | C3: Calibration | G3: Calib. | J3: Data Fail | L3: Data F | N3: Invalid | P3: Invalid
A4: Time Base: | B4: 15 Min | C4: Zero Referrence | G4: Z.Ref | J4: Warm Up | L4: Wm. Up
A7: Date & Time | B7: NO | C7: NO2 | D7: NOX | E7: SO2 | F7: O3 | G7: PM 10 | H7: PM 2.5 | I7: BENZ | J7: WS | K7: WD | L7: TEMP | M7: HUM | N7: SR | O7: RG | P7: CO | Q7: NH3
B8: ug/m3 | C8: ug/m3 | D8: ppb | E8: ug/m3 | F8: ug/m3 | G8: ug/m3 | H8: ug/m3 | I8: ug/m3 | J8: m/sec | K8: deg | L8: degreC | M8: % | N8: w/m2 | O8: mm | P8: mg/m3 | Q8: ug/m3
A9: 27/11/2025 00:15 | B9: 7.03 | C9: 15.01 | D9: 13.48 | E9: 7.37 | F9: Maint. | G9: 109.78 | H9: 37.35 | I9: 10.92 | J9: 0.12 | K9: 178.72 | L9: 16.33 | M9: 23.21 | N9: 1.7 | O9: 0 | P9: 0.72 | Q9: 9.32
A10: 27/11/2025 00:30 | B10: 7.03 | C10: 15.59 | D10: 13.78 | E10: 6.83 | F10: Maint. | G10: 94.26 | H10: 34.89 | I10: 10.87 | J10: 0.08 | K10: 96.99 | L10: 12.66 | M10: 13.91 | N10: 1.5 | O10: 0 | P10: 0.7 | Q10: 9.32
A11: 27/11/2025 00:45 | B11: 7.2 | C11: 15.71 | D11: 13.99 | E11: 7 | F11: Maint. | G11: 86.88 | H11: 34.65 | I11: 10.84 | J11: 0.32 | K11: 48.11 | L11: 6.74 | M11: -1.06 | N11: 1 | O11: 0 | P11: 0.69 | Q11: 9.32
A12: 27/11/2025 01:00 | B12: 7.48 | C12: 15.71 | D12: 14.21 | E12: 6.84 | F12: Maint. | G12: 86.88 | H12: 34.65 | I12: 10.82 | J12: 0.36 | K12: 55.74 | L12: 6.92 | M12: -0.58 | N12: 1.3 | O12: 0 | P12: 0.68 | Q12: 9.32
A13: 27/11/2025 01:15 | B13: 7.68 | C13: 15.81 | D13: 14.42 | E13: 7.25 | F13: Maint. | G13: 86.88 | H13: 34.65 | I13: 10.76 | J13: 0.3 | K13: 49.08 | L13: 7.48 | M13: 0.78 | N13: 1.6 | O13: 0 | P13: 0.68 | Q13: 9.32
A14: 27/11/2025 01:30 | B14: 7.83 | C14: 15.98 | D14: 14.63 | E14: 7.1 | F14: Maint. | G14: 94.24 | H14: 33.2 | I14: 10.76 | J14: 0.38 | K14: 47.51 | L14: 6.84 | M14: -0.84 | N14: 1.5 | O14: 0 | P14: 0.67 | Q14: 9.32
A15: 27/11/2025 01:45 | B15: 8.03 | C15: 15.94 | D15: 14.77 | E15: 6.8 | F15: Maint. | G15: 97.74 | H15: 33.03 | I15: 10.75 | J15: 0.46 | K15: 50.26 | L15: 6.46 | M15: -1.8 | N15: 1.6 | O15: 0 | P15: 0.67 | Q15: 9.32
A16: 27/11/2025 02:00 | B16: 8.17 | C16: 15.87 | D16: 14.84 | E16: 6.93 | F16: Maint. | G16: 97.74 | H16: 33.03 | I16: 10.71 | J16: 0.31 | K16: 65.26 | L16: 8.09 | M16: 2.42 | N16: 1.7 | O16: 0 | P16: 0.67 | Q16: 9.32
A17: 27/11/2025 02:15 | B17: 8.16 | C17: 15.98 | D17: 14.89 | E17: 5.72 | F17: Maint. | G17: 97.74 | H17: 33.03 | I17: 10.65 | J17: 0.38 | K17: 56.52 | L17: 7.39 | M17: 0.57 | N17: 1.6 | O17: 0 | P17: 0.66 | Q17: 9.32
A18: 27/11/2025 02:30 | B18: 8.24 | C18: 15.99 | D18: 14.96 | E18: 6.74 | F18: Maint. | G18: 95.48 | H18: 33.01 | I18: 10.58 | J18: 0.43 | K18: 57.56 | L18: 7.05 | M18: -0.24 | N18: 1.6 | O18: 0 | P18: 0.66 | Q18: 9.32
A19: 27/11/2025 02:45 | B19: 8.4 | C19: 15.83 | D19: 15 | E19: 6.81 | F19: Maint. | G19: 94.4 | H19: 33 | I19: 10.54 | J19: 0.35 | K19: 61.39 | L19: 7.95 | M19: 2.03 | N19: 1.6 | O19: 0 | P19: 0.65 | Q19: 9.32
A20: 27/11/2025 03:00 | B20: 8.4 | C20: 15.78 | D20: 14.98 | E20: 6.84 | F20: Maint. | G20: 94.4 | H20: 33 | I20: 10.51 | J20: 0.39 | K20: 45.29 | L20: 6.38 | M20: -1.95 | N20: 1.5 | O20: 0 | P20: 0.65 | Q20: 9.32
... A63: 27/11/2025 13:45 | B63: 3.19 | C63: 19.78 | D63: 12.89 | E63: 10.6 | F63: Maint. | G63: 60.42 | H63: 35.57 | I63: 9.52 | J63: 1.2 | K63: 33.67 | L63: 11.75 | M63: 7.4 | N63: 160.8 | O63: 0 | P63: 0.49 | Q63: 9.64
A64: 27/11/2025 14:00 | B64: 3.21 | C64: 19.69 | D64: 12.87 | E64: 10.22 | F64: 418.06 | G64: 60.42 | H64: 35.57 | I64: 9.23 | J64: 1.26 | K64: 29.69 | L64: 3.7 | M64: 11.64 | N64: 130.4 | O64: 0 | P64: 0.46 | Q64: 9.44
A65: 27/11/2025 14:15 | B65: 3.04 | C65: 19.74 | D65: 12.74 | E65: 8.59 | F65: 511.5 | G65: 60.42 | H65: 35.57 | I65: 8.96 | J65: 1.26 | K65: 27.14 | L65: 0.11 | M65: 9.45 | N65: 117.7 | O65: 0 | P65: 0.42 | Q65: 9.32
A66: 27/11/2025 14:30 | B66: 2.93 | C66: 20.37 | D66: 12.99 | E66: 9.11 | F66: 11.34 | G66: 63.7 | H66: 32.43 | I66: 7.69 | J66: 1.48 | K66: 33.42 | L66: -17.86 | M66: 5.51 | N66: 101.7 | O66: 0 | P66: 0.42 | Q66: 9.32
A67: 27/11/2025 14:45 | B67: 2.9 | C67: 21.34 | D67: 13.47 | E67: 8.34 | F67: 5.17 | G67: 65.26 | H67: 32.12 | I67: 6.38 | J67: 1.28 | K67: 35.4 | L67: -9 | M67: 11.94 | N67: 115.1 | O67: 0 | P67: 0.4 | Q67: 9.32
A68: 27/11/2025 15:00 | B68: 2.91 | C68: 21.09 | D68: 13.35 | E68: 7.13 | F68: 0.96 | G68: 65.26 | H68: 32.12 | I68: 7.12 | J68: 1.1 | K68: 42.02 | L68: 29.3 | M68: 17.33 | N68: 83.7 | O68: 0 | P68: 0.39 | Q68: 9.32
A69: 27/11/2025 15:15 | B69: 2.92 | C69: 21.01 | D69: 13.32 | E69: 5.82 | F69: 2.73 | G69: 65.26 | H69: 32.12 | I69: 8.11 | J69: 0.97 | K69: 42.77 | L69: 29.26 | M69: 18.31 | N69: 76.6 | O69: 0 | P69: 0.39 | Q69: 9.32
A70: 27/11/2025 15:30 | B70: 2.87 | C70: 23.27 | D70: 14.46 | E70: 7.72 | F70: 18.34 | G70: 57.99 | H70: 30.32 | I70: 8.11 | J70: 1.11 | K70: 26.97 | L70: 29.09 | M70: 19.63 | N70: 70.2 | O70: 0 | P70: 0.39 | Q70: 9.32
A71: 27/11/2025 15:45 | B71: 2.8 | C71: 23.49 | D71: 14.52 | E71: 6.02 | F71: 3.52 | G71: 54.53 | H71: 30.14 | I71: 7.97 | J71: 1 | K71: 38.91 | L71: 28.91 | M71: 20.43 | N71: 61.6 | O71: 0 | P71: 0.39 | Q71: 9.32
A72: 27/11/2025 16:00 | B72: 2.88 | C72: 23.34 | D72: 14.51 | E72: 5.72 | F72: 0.67 | G72: 54.53 | H72: 30.14 | I72: 7.77 | J72: 1.06 | K72: 36.67 | L72: 28.75 | M72: 20.88 | N72: 53.1 | O72: 0 | P72: 0.39 | Q72: 9.32
A73: 27/11/2025 16:15 | B73: 2.93 | C73: 23.23 | D73: 14.48 | E73: 5.68 | F73: 8.23 | G73: 54.53 | H73: 30.14 | I73: 7.75 | J73: 0.56 | K73: 46.72 | L73: 28.55 | M73: 22.67 | N73: 43.6 | O73: 0 | P73: 0.4 | Q73: 9.32
A74: 27/11/2025 16:30 | B74: 2.9 | C74: 23.73 | D74: 14.72 | E74: 7.63 | F74: 17.07 | G74: 57.57 | H74: 29.53 | I74: 8 | J74: 0.26 | K74: 127.81 | L74: 28.26 | M74: 23.92 | N74: 33.8 | O74: 0 | P74: 0.41 | Q74: 9.32
A75: 27/11/2025 16:45 | B75: 2.78 | C75: 24.05 | D75: 14.79 | E75: 5.14 | F75: 13.41 | G75: 59.01 | H75: 29.31 | I75: 8.2 | J75: 0.31 | K75: 68.69 | L75: 27.76 | M75: 26.27 | N75: 25 | O75: 0 | P75: 0.41 | Q75: 9.32
... A104: 27/11/2025 24:00 | B104: 8.93 | C104: 17.16 | D104: 16.13 | E104: 4.82 | F104: 0.15 | G104: 94.4 | H104: 40.82 | I104: 9.87 | J104: 0.16 | K104: 215.06 | L104: 18.9 | M104: 67.78 | N104: 1.4 | O104: 0 | P104: 0.61 | Q104: 9.32
A106: Min | B106: =MIN(B9:B104) -> 2.78 | C106: =MIN(C9:C104) -> 15.01 | D106: =MIN(D9:D104) -> 11.19 | E106: =MIN(E9:E104) -> 3.81 | F106: =MIN(F9:F104) -> 0.09 | G106: =MIN(G9:G104) -> 41.92 | H106: =MIN(H9:H104) -> 14.93 | I106: =MIN(I9:I104) -> 5.95 | ... Q106: =MIN(Q9:Q104) -> 9.32
A107: Max | B107: =MAX(B9:B104) -> 10.44 | C107: =MAX(C9:C104) -> 24.05 | D107: =MAX(D9:D104) -> 17.21 | E107: =MAX(E9:E104) -> 10.6 | F107: =MAX(F9:F104) -> 511.5 | G107: =MAX(G9:G104) -> 114.49 | H107: =MAX(H9:H104) -> 43.02 | I107: =MAX(I9:I104) -> 11.32 | ... Q107: =MAX(Q9:Q104) -> 9.76
A108: Avg | B108: =AVERAGE(B9:B104) -> 6.3341667 | C108: =AVERAGE(C9:C104) -> 17.766979 | D108: =AVERAGE(D9:D104) -> 14.361667 | E108: =AVERAGE(E9:E104) -> 6.2423958 | F108: =AVERAGE(F9:F104) -> 25.39561 | G108: =AVERAGE(G9:G104) -> 84.713125 | H108: =AVERAGE(H9:H104) -> 32.051979 | I108: =AVERAGE(I9:I104) -> 9.711875 | ... Q108: =AVERAGE(Q9:Q104) -> 9.3415625
A109: Stdev | B109: =STDEV(B9:B104) -> 2.5593308 | C109: =STDEV(C9:C104) -> 2.2789763 | D109: =STDEV(D9:D104) -> 1.5417008 | E109: =STDEV(E9:E104) -> 1.3256885 | F109: =STDEV(F9:F104) -> 101.37739 | G109: =STDEV(G9:G104) -> 20.082682 | H109: =STDEV(H9:H104) -> 6.9795246 | I109: =STDEV(I9:I104) -> 1.327027 | ... Q109: =STDEV(Q9:Q104) -> 0.083178035
A110: Num | B110: =COUNT(B9:B104) -> 96 | C110: =COUNT(C9:C104) -> 96 | D110: =COUNT(D9:D104) -> 96 | E110: =COUNT(E9:E104) -> 96 | F110: =COUNT(F9:F104)+55 -> 96 | G110: =COUNT(G9:G104) -> 96 | H110: =COUNT(H9:H104) -> 96 | I110: =COUNT(I9:I104) -> 96 | J110: =COUNT(J9:J104) -> 96 | K110: =COUNT(K9:K104) -> 96 | L110: =COUNT(L9:L104) -> 96 | M110: =COUNT(M9:M104) -> 96 | N110: =COUNT(N9:N104) -> 96 | ... Q110: =COUNT(Q9:Q104) -> 96
A111: DCR | B111: =IF(B110>=87,">90%",IF(B110<=87,"<90%")) -> >90% | C111: =IF(C110>=87,">90%",IF(C110<=87,"<90%")) -> >90% | D111: =IF(D110>=87,">90%",IF(D110<=87,"<90%")) -> >90% | E111: =IF(E110>=87,">90%",IF(E110<=87,"<90%")) -> >90% | F111: =IF(F110>=87,">90%",IF(F110<=87,"<90%")) -> >90% | G111: =IF(G110>=87,">90%",IF(G110<=87,"<90%")) -> >90% | H111: =IF(H110>=87,">90%",IF(H110<=87,"<90%")) -> >90% | I111: =IF(I110>=87,">90%",IF(I110<=87,"<90%")) -> >90% | ... Q111: =IF(Q110>=87,">90%",IF(Q110<=87,"<90%")) -> >90%
A112: Status | B112: =IF(B110>=87,"OK",IF(B110<=87,"LESS")) -> OK | C112: =IF(C110>=87,"OK",IF(C110<=87,"LESS")) -> OK | D112: =IF(D110>=87,"OK",IF(D110<=87,"LESS")) -> OK | E112: =IF(E110>=87,"OK",IF(E110<=87,"LESS")) -> OK | F112: =IF(F110>=87,"OK",IF(F110<=87,"LESS")) -> OK | G112: =IF(G110>=87,"OK",IF(G110<=87,"LESS")) -> OK | H112: =IF(H110>=87,"OK",IF(H110<=87,"LESS")) -> OK | I112: =IF(I110>=87,"OK",IF(I110<=87,"LESS")) -> OK | ... Q112: =IF(Q110>=87,"OK",IF(Q110<=87,"LESS")) -> OK
A115: Done by | B115: AKASH
A117: Comment

Sheet 28
A1: Station: | B1: IGKV RAIPUR
A2: Date: | B2: =$A$9 -> 28/11/2025 00:15 | C2: Power Off | G2: Pw.Off | J2: Link Fail | L2: Link F | N2: Maintenance | P2: Maint.
A3: Report Type: | B3: Mean | C3: Calibration | G3: Calib. | J3: Data Fail | L3: Data F | N3: Invalid | P3: Invalid
A4: Time Base: | B4: 15 Min | C4: Zero Referrence | G4: Z.Ref | J4: Warm Up | L4: Wm. Up
A7: Date & Time | B7: NO | C7: NO2 | D7: NOX | E7: SO2 | F7: O3 | G7: PM 10 | H7: PM 2.5 | I7: BENZ | J7: WS | K7: WD | L7: TEMP | M7: HUM | N7: SR | O7: RG | P7: CO | Q7: NH3
B8: ug/m3 | C8: ug/m3 | D8: ppb | E8: ug/m3 | F8: ug/m3 | G8: ug/m3 | H8: ug/m3 | I8: ug/m3 | J8: m/sec | K8: deg | L8: degreC | M8: % | N8: w/m2 | O8: mm | P8: mg/m3 | Q8: ug/m3
A9: 28/11/2025 00:15 | B9: 8.87 | C9: 16.56 | D9: 15.77 | E9: 5.18 | F9: 0.11 | G9: 94.4 | H9: 40.82 | I9: 9.88 | J9: 0.16 | K9: 206.57 | L9: 18.66 | M9: 76.02 | N9: 1.4 | O9: 0 | P9: 0.6 | Q9: 9.32
A10: 28/11/2025 00:30 | B10: 8.82 | C10: 16.57 | D10: 15.73 | E10: 5.08 | F10: 0.11 | G10: 88.9 | H10: 40.53 | I10: 9.91 | J10: 0.16 | K10: 169.91 | L10: 18.57 | M10: 74.96 | N10: 1.3 | O10: 0 | P10: 0.6 | Q10: 9.32
A11: 28/11/2025 00:45 | B11: 8.75 | C11: 16.44 | D11: 15.61 | E11: 5.19 | F11: 0.21 | G11: 86.28 | H11: 40.5 | I11: 9.93 | J11: 0.17 | K11: 174.11 | L11: 18.53 | M11: 75.64 | N11: 1.3 | O11: 0 | P11: 0.6 | Q11: 9.32
A12: 28/11/2025 01:00 | B12: 8.7 | C12: 16.32 | D12: 15.51 | E12: 5.34 | F12: 0.15 | G12: 86.28 | H12: 40.5 | I12: 9.95 | J12: 0.13 | K12: 200.06 | L12: 18.32 | M12: 70.35 | N12: 1.4 | O12: 0 | P12: 0.59 | Q12: 9.32
A13: 28/11/2025 01:15 | B13: 8.9 | C13: 16.55 | D13: 15.78 | E13: 5.44 | F13: 0.22 | G13: 86.28 | H13: 40.5 | I13: 9.96 | J13: 0.15 | K13: 223.82 | L13: 18.21 | M13: 66.67 | N13: 1.4 | O13: 0 | P13: 0.59 | Q13: 9.32
A14: 28/11/2025 01:30 | B14: 9.28 | C14: 16.93 | D14: 16.29 | E14: 4.8 | F14: 0.12 | G14: 80.07 | H14: 35.01 | I14: 9.96 | J14: 0.14 | K14: 65.67 | L14: 18.24 | M14: 64.46 | N14: 1.2 | O14: 0 | P14: 0.59 | Q14: 9.32
A15: 28/11/2025 01:45 | B15: 9.71 | C15: 17.01 | D15: 16.68 | E15: 5.35 | F15: 0.13 | G15: 77.12 | H15: 34.36 | I15: 9.95 | J15: 0.08 | K15: 130.53 | L15: 18.42 | M15: 63.77 | N15: 1.3 | O15: 0 | P15: 0.58 | Q15: 9.32
A16: 28/11/2025 02:00 | B16: 9.8 | C16: 17 | D16: 16.74 | E16: 5.26 | F16: 0.18 | G16: 77.12 | H16: 34.36 | I16: 9.96 | J16: 0.35 | K16: 33.29 | L16: 18.47 | M16: 61.68 | N16: 0.9 | O16: 0 | P16: 0.57 | Q16: 9.32
A17: 28/11/2025 02:15 | B17: 9.66 | C17: 16.91 | D17: 16.58 | E17: 4.08 | F17: 0.23 | G17: 77.12 | H17: 34.36 | I17: 9.99 | J17: 0.23 | K17: 27.07 | L17: 18.35 | M17: 62.88 | N17: 1.3 | O17: 0 | P17: 0.58 | Q17: 9.32
A18: 28/11/2025 02:30 | B18: 9.49 | C18: 16.75 | D18: 16.36 | E18: 5.06 | F18: 0.29 | G18: 78.17 | H18: 36.88 | I18: 10 | J18: 0.04 | K18: 103.65 | L18: 18.3 | M18: 64.48 | N18: 1.5 | O18: 0 | P18: 0.61 | Q18: 9.32
A19: 28/11/2025 02:45 | B19: 9.38 | C19: 16.63 | D19: 16.21 | E19: 4.8 | F19: 0.19 | G19: 78.67 | H19: 37.13 | I19: 10.58 | J19: 0.11 | K19: 190.23 | L19: 17.77 | M19: 67.99 | N19: 1.7 | O19: 0 | P19: 0.64 | Q19: 9.32
A20: 28/11/2025 03:00 | B20: 9.46 | C20: 16.67 | D20: 16.29 | E20: 5.2 | F20: 0.22 | G20: 78.67 | H20: 37.13 | I20: 12.2 | J20: 0.13 | K20: 165.26 | L20: 17.74 | M20: 68.77 | N20: 1.3 | O20: 0 | P20: 0.66 | Q20: 9.32
... A104: 28/11/2025 24:00 | B104: 12.13 | C104: 17.73 | D104: 18.99 | E104: 6.67 | F104: 0.02 | G104: 92.19 | H104: 43.33 | I104: 13.3 | J104: 0.17 | K104: 179.39 | L104: 19.19 | M104: 82.39 | N104: 1.7 | O104: 0 | P104: 0.75 | Q104: 9.32
A106: Min | B106: =MIN(B9:B104) -> 3.08 | C106: =MIN(C9:C104) -> 13.31 | D106: =MIN(D9:D104) -> 9.63 | E106: =MIN(E9:E104) -> 3.32 | F106: =MIN(F9:F104) -> 0.02 | G106: =MIN(G9:G104) -> 52.62 | H106: =MIN(H9:H104) -> 29.63 | I106: =MIN(I9:I104) -> 9.88 | ... Q106: =MIN(Q9:Q104) -> 9.32
A107: Max | B107: =MAX(B9:B104) -> 16.52 | C107: =MAX(C9:C104) -> 18.86 | D107: =MAX(D9:D104) -> 22.59 | E107: =MAX(E9:E104) -> 6.93 | F107: =MAX(F9:F104) -> 7.72 | G107: =MAX(G9:G104) -> 95.2 | H107: =MAX(H9:H104) -> 43.33 | I107: =MAX(I9:I104) -> 22.87 | ... Q107: =MAX(Q9:Q104) -> 9.78
A108: Avg | B108: =AVERAGE(B9:B104) -> 8.3958333 | C108: =AVERAGE(C9:C104) -> 16.385104 | D108: =AVERAGE(D9:D104) -> 15.293229 | E108: =AVERAGE(E9:E104) -> 5.6907292 | F108: =AVERAGE(F9:F104) -> 1.1772917 | G108: =AVERAGE(G9:G104) -> 79.678958 | H108: =AVERAGE(H9:H104) -> 37.126458 | I108: =AVERAGE(I9:I104) -> 12.970417 | ... Q108: =AVERAGE(Q9:Q104) -> 9.3259375
A109: Stdev | B109: =STDEV(B9:B104) -> 3.9951122 | C109: =STDEV(C9:C104) -> 1.3657001 | D109: =STDEV(D9:D104) -> 3.6688626 | E109: =STDEV(E9:E104) -> 0.7475986 | F109: =STDEV(F9:F104) -> 1.709069 | G109: =STDEV(G9:G104) -> 12.536414 | H109: =STDEV(H9:H104) -> 3.6148806 | I109: =STDEV(I9:I104) -> 2.7070473 | ... Q109: =STDEV(Q9:Q104) -> 0.047496884
A110: Num | B110: =COUNT(B9:B104) -> 96 | C110: =COUNT(C9:C104) -> 96 | D110: =COUNT(D9:D104) -> 96 | E110: =COUNT(E9:E104) -> 96 | F110: =COUNT(F9:F104) -> 96 | G110: =COUNT(G9:G104) -> 96 | H110: =COUNT(H9:H104) -> 96 | I110: =COUNT(I9:I104) -> 96 | ... Q110: =COUNT(Q9:Q104) -> 96
A111: DCR | B111: =IF(B110>=87,">90%",IF(B110<=87,"<90%")) -> >90% | C111: =IF(C110>=87,">90%",IF(C110<=87,"<90%")) -> >90% | D111: =IF(D110>=87,">90%",IF(D110<=87,"<90%")) -> >90% | E111: =IF(E110>=87,">90%",IF(E110<=87,"<90%")) -> >90% | F111: =IF(F110>=87,">90%",IF(F110<=87,"<90%")) -> >90% | G111: =IF(G110>=87,">90%",IF(G110<=87,"<90%")) -> >90% | H111: =IF(H110>=87,">90%",IF(H110<=87,"<90%")) -> >90% | I111: =IF(I110>=87,">90%",IF(I110<=87,"<90%")) -> >90% | ... Q111: =IF(Q110>=87,">90%",IF(Q110<=87,"<90%")) -> >90%
A112: Status | B112: =IF(B110>=87,"OK",IF(B110<=87,"LESS")) -> OK | C112: =IF(C110>=87,"OK",IF(C110<=87,"LESS")) -> OK | D112: =IF(D110>=87,"OK",IF(D110<=87,"LESS")) -> OK | E112: =IF(E110>=87,"OK",IF(E110<=87,"LESS")) -> OK | F112: =IF(F110>=87,"OK",IF(F110<=87,"LESS")) -> OK | G112: =IF(G110>=87,"OK",IF(G110<=87,"LESS")) -> OK | H112: =IF(H110>=87,"OK",IF(H110<=87,"LESS")) -> OK | I112: =IF(I110>=87,"OK",IF(I110<=87,"LESS")) -> OK | ... Q112: =IF(Q110>=87,"OK",IF(Q110<=87,"LESS")) -> OK
A115: Done by | B115: AKASH
A117: Comment

Sheet 29
A1: Station: | B1: IGKV RAIPUR
A2: Date: | B2: =$A$9 -> 29/11/2025 00:15 | C2: Power Off | G2: Pw.Off | J2: Link Fail | L2: Link F | N2: Maintenance | P2: Maint.
A3: Report Type: | B3: Mean | C3: Calibration | G3: Calib. | J3: Data Fail | L3: Data F | N3: Invalid | P3: Invalid
A4: Time Base: | B4: 15 Min | C4: Zero Referrence | G4: Z.Ref | J4: Warm Up | L4: Wm. Up
A7: Date & Time | B7: NO | C7: NO2 | D7: NOX | E7: SO2 | F7: O3 | G7: PM 10 | H7: PM 2.5 | I7: BENZ | J7: WS | K7: WD | L7: TEMP | M7: HUM | N7: SR | O7: RG | P7: CO | Q7: NH3
B8: ug/m3 | C8: ug/m3 | D8: ppb | E8: ug/m3 | F8: ug/m3 | G8: ug/m3 | H8: ug/m3 | I8: ug/m3 | J8: m/sec | K8: deg | L8: degreC | M8: % | N8: w/m2 | O8: mm | P8: mg/m3 | Q8: ug/m3
A9: 29/11/2025 00:15 | B9: 12.85 | C9: 17.07 | D9: 19.22 | E9: 6.74 | F9: 0.04 | G9: 92.19 | H9: 43.33 | I9: 13.31 | J9: 0.18 | K9: 196.33 | L9: 19.06 | M9: 82.12 | N9: 1.6 | O9: 0 | P9: 0.74 | Q9: 9.32
A10: 29/11/2025 00:30 | B10: 12.89 | C10: 17.36 | D10: 19.4 | E10: 6.44 | F10: 0.03 | G10: 87.61 | H10: 42.08 | I10: 13.31 | J10: 0.16 | K10: 195.18 | L10: 18.75 | M10: 84.22 | N10: 1.6 | O10: 0 | P10: 0.74 | Q10: 9.32
A11: 29/11/2025 00:45 | B11: 13.34 | C11: 17.31 | D11: 19.74 | E11: 4.26 | F11: 0.06 | G11: 85.43 | H11: 41.96 | I11: 13.26 | J11: 0.31 | K11: 182.1 | L11: 18.58 | M11: 85.51 | N11: 1.6 | O11: 0 | P11: 0.76 | Q11: 9.32
A12: 29/11/2025 01:00 | B12: 13.7 | C12: 16.98 | D12: 19.86 | E12: 6.37 | F12: 0.12 | G12: 85.43 | H12: 41.96 | I12: 13.2 | J12: 0.2 | K12: 201.01 | L12: 17.97 | M12: 84.18 | N12: 1.9 | O12: 0 | P12: 0.77 | Q12: 9.32
A13: 29/11/2025 01:15 | B13: 13.58 | C13: 16.57 | D13: 19.54 | E13: 6.37 | F13: 0.06 | G13: 85.43 | H13: 41.96 | I13: 13.14 | J13: 0.11 | K13: 230.58 | L13: 17.73 | M13: 85.05 | N13: 1.7 | O13: 0 | P13: 0.76 | Q13: 9.32
A14: 29/11/2025 01:30 | B14: 13.32 | C14: 16.15 | D14: 19.12 | E14: 6.47 | F14: 0.04 | G14: 82.48 | H14: 42.45 | I14: 13.07 | J14: 0.13 | K14: 220.1 | L14: 17.66 | M14: 86.47 | N14: 1.6 | O14: 0 | P14: 0.76 | Q14: 9.32
A15: 29/11/2025 01:45 | B15: 13.11 | C15: 15.53 | D15: 18.63 | E15: 6.57 | F15: 0.04 | G15: 81.08 | H15: 42.5 | I15: 12.98 | J15: 0.13 | K15: 211.43 | L15: 17.48 | M15: 85.36 | N15: 1.7 | O15: 0 | P15: 0.75 | Q15: 9.32
A16: 29/11/2025 02:00 | B16: 12.7 | C16: 15.03 | D16: 18.03 | E16: 6.15 | F16: 0.07 | G16: 81.08 | H16: 42.5 | I16: 12.89 | J16: 0.12 | K16: 203.72 | L16: 17.49 | M16: 83.51 | N16: 1.5 | O16: 0 | P16: 0.74 | Q16: 9.32
A17: 29/11/2025 02:15 | B17: 12.2 | C17: 14.72 | D17: 17.47 | E17: 5.18 | F17: 0.18 | G17: 81.08 | H17: 42.5 | I17: 12.77 | J17: 0.1 | K17: 205.92 | L17: 17.4 | M17: 82.91 | N17: 1.5 | O17: 0 | P17: 0.72 | Q17: 9.32
A18: 29/11/2025 02:30 | B18: 11.65 | C18: 14.56 | D18: 16.95 | E18: 6.18 | F18: 0.12 | G18: 73.48 | H18: 36.87 | I18: 12.58 | J18: 0.13 | K18: 215.35 | L18: 17.48 | M18: 83.02 | N18: 1.4 | O18: 0 | P18: 0.71 | Q18: 9.32
A19: 29/11/2025 02:45 | B19: 11.71 | C19: 14.7 | D19: 17.07 | E19: 6.27 | F19: 0.01 | G19: 69.68 | H19: 36.3 | I19: 12.38 | J19: 0.1 | K19: 231 | L19: 17.35 | M19: 83.56 | N19: 1.7 | O19: 0 | P19: 0.7 | Q19: 9.32
A20: 29/11/2025 03:00 | B20: 12.74 | C20: 15.11 | D20: 18.11 | E20: 6.06 | F20: 0.02 | G20: 69.68 | H20: 36.3 | I20: 12.34 | J20: 0.11 | K20: 300.77 | L20: 17.46 | M20: 83.24 | N20: 1.4 | O20: 0 | P20: 0.69 | Q20: 9.32
... A104: 29/11/2025 24:00 | B104: 18.57 | C104: 17.8 | D104: 24.19 | E104: 5.53 | F104: 0.15 | G104: 110.28 | H104: 45.68 | I104: 15.38 | J104: 0.18 | K104: 175.12 | L104: 19.76 | M104: 81.05 | N104: 1.8 | O104: 0 | P104: 0.91 | Q104: 9.32
A106: Min | B106: =MIN(B9:B104) -> 3.31 | C106: =MIN(C9:C104) -> 13.16 | D106: =MIN(D9:D104) -> 9.67 | E106: =MIN(E9:E104) -> 4.26 | F106: =MIN(F9:F104) -> 0 | G106: =MIN(G9:G104) -> 46.54 | H106: =MIN(H9:H104) -> 26.46 | I106: =MIN(I9:I104) -> 10.01 | ... Q106: =MIN(Q9:Q104) -> 9.32
A107: Max | B107: =MAX(B9:B104) -> 21.11 | C107: =MAX(C9:C104) -> 19.27 | D107: =MAX(D9:D104) -> 25.82 | E107: =MAX(E9:E104) -> 6.74 | F107: =MAX(F9:F104) -> 4.38 | G107: =MAX(G9:G104) -> 125.6 | H107: =MAX(H9:H104) -> 56.46 | I107: =MAX(I9:I104) -> 15.38 | ... Q107: =MAX(Q9:Q104) -> 9.32
A108: Avg | B108: =AVERAGE(B9:B104) -> 11.682396 | C108: =AVERAGE(C9:C104) -> 16.526979 | D108: =AVERAGE(D9:D104) -> 18.002292 | E108: =AVERAGE(E9:E104) -> 5.7532292 | F108: =AVERAGE(F9:F104) -> 0.723125 | G108: =AVERAGE(G9:G104) -> 87.697187 | H108: =AVERAGE(H9:H104) -> 39.106146 | I108: =AVERAGE(I9:I104) -> 12.914792 | ... Q108: =AVERAGE(Q9:Q104) -> 9.32
A109: Stdev | B109: =STDEV(B9:B104) -> 5.7918276 | C109: =STDEV(C9:C104) -> 1.733218 | D109: =STDEV(D9:D104) -> 5.1721256 | E109: =STDEV(E9:E104) -> 0.44711589 | F109: =STDEV(F9:F104) -> 1.0988542 | G109: =STDEV(G9:G104) -> 25.842048 | H109: =STDEV(H9:H104) -> 7.794063 | I109: =STDEV(I9:I104) -> 1.5550143 | ... Q109: =STDEV(Q9:Q104) -> 1.7856816e-14
A110: Num | B110: =COUNT(B9:B104) -> 96 | C110: =COUNT(C9:C104) -> 96 | D110: =COUNT(D9:D104) -> 96 | E110: =COUNT(E9:E104) -> 96 | F110: =COUNT(F9:F104) -> 96 | G110: =COUNT(G9:G104) -> 96 | H110: =COUNT(H9:H104) -> 96 | I110: =COUNT(I9:I104) -> 96 | ... Q110: =COUNT(Q9:Q104) -> 96
A111: DCR | B111: =IF(B110>=87,">90%",IF(B110<=87,"<90%")) -> >90% | C111: =IF(C110>=87,">90%",IF(C110<=87,"<90%")) -> >90% | D111: =IF(D110>=87,">90%",IF(D110<=87,"<90%")) -> >90% | E111: =IF(E110>=87,">90%",IF(E110<=87,"<90%")) -> >90% | F111: =IF(F110>=87,">90%",IF(F110<=87,"<90%")) -> >90% | G111: =IF(G110>=87,">90%",IF(G110<=87,"<90%")) -> >90% | H111: =IF(H110>=87,">90%",IF(H110<=87,"<90%")) -> >90% | I111: =IF(I110>=87,">90%",IF(I110<=87,"<90%")) -> >90% | ... Q111: =IF(Q110>=87,">90%",IF(Q110<=87,"<90%")) -> >90%
A112: Status | B112: =IF(B110>=87,"OK",IF(B110<=87,"LESS")) -> OK | C112: =IF(C110>=87,"OK",IF(C110<=87,"LESS")) -> OK | D112: =IF(D110>=87,"OK",IF(D110<=87,"LESS")) -> OK | E112: =IF(E110>=87,"OK",IF(E110<=87,"LESS")) -> OK | F112: =IF(F110>=87,"OK",IF(F110<=87,"LESS")) -> OK | G112: =IF(G110>=87,"OK",IF(G110<=87,"LESS")) -> OK | H112: =IF(H110>=87,"OK",IF(H110<=87,"LESS")) -> OK | I112: =IF(I110>=87,"OK",IF(I110<=87,"LESS")) -> OK | ... Q112: =IF(Q110>=87,"OK",IF(Q110<=87,"LESS")) -> OK
A115: Done by | B115: AKASH
A117: Comment

Sheet 30
A1: Station: | B1: IGKV RAIPUR
A2: Date: | B2: =$A$9 -> 30/11/2025 00:15 | C2: Power Off | G2: Pw.Off | J2: Link Fail | L2: Link F | N2: Maintenance | P2: Maint.
A3: Report Type: | B3: Mean | C3: Calibration | G3: Calib. | J3: Data Fail | L3: Data F | N3: Invalid | P3: Invalid
A4: Time Base: | B4: 15 Min | C4: Zero Referrence | G4: Z.Ref | J4: Warm Up | L4: Wm. Up
A7: Date & Time | B7: NO | C7: NO2 | D7: NOX | E7: SO2 | F7: O3 | G7: PM 10 | H7: PM 2.5 | I7: BENZ | J7: WS | K7: WD | L7: TEMP | M7: HUM | N7: SR | O7: RG | P7: CO | Q7: NH3
B8: ug/m3 | C8: ug/m3 | D8: ppb | E8: ug/m3 | F8: ug/m3 | G8: ug/m3 | H8: ug/m3 | I8: ug/m3 | J8: m/sec | K8: deg | L8: degreC | M8: % | N8: w/m2 | O8: mm | P8: mg/m3 | Q8: ug/m3
A9: 30/11/2025 00:15 | B9: 18.94 | C9: 17.7 | D9: 24.43 | E9: 5.31 | F9: 0.04 | G9: 110.28 | H9: 45.68 | I9: 15.4 | J9: 0.21 | K9: 185.91 | L9: 19.5 | M9: 84.69 | N9: 1.7 | O9: 0 | P9: 0.91 | Q9: 9.32
A10: 30/11/2025 00:30 | B10: 18.87 | C10: 17.38 | D10: 24.21 | E10: 5.18 | F10: 0.04 | G10: 105.21 | H10: 44.65 | I10: 15.41 | J10: 0.12 | K10: 214.56 | L10: 19.15 | M10: 83.46 | N10: 2 | O10: 0 | P10: 0.91 | Q10: 9.32
A11: 30/11/2025 00:45 | B11: 18.57 | C11: 17.03 | D11: 23.79 | E11: 5.11 | F11: 0.04 | G11: 102.8 | H11: 44.55 | I11: 15.41 | J11: 0.12 | K11: 188.79 | L11: 18.86 | M11: 82.65 | N11: 1.8 | O11: 0 | P11: 0.9 | Q11: 9.32
A12: 30/11/2025 01:00 | B12: 18.35 | C12: 16.94 | D12: 23.56 | E12: 5.37 | F12: 0.06 | G12: 102.8 | H12: 44.55 | I12: 15.37 | J12: 0.18 | K12: 163.61 | L12: 19.07 | M12: 79.86 | N12: 1.7 | O12: 0 | P12: 0.9 | Q12: 9.32
A13: 30/11/2025 01:15 | B13: 18.73 | C13: 17.16 | D13: 23.98 | E13: 5.44 | F13: 0.22 | G13: 102.8 | H13: 44.55 | I13: 15.3 | J13: 0.2 | K13: 235.02 | L13: 19.18 | M13: 79.67 | N13: 1.5 | O13: 0 | P13: 0.89 | Q13: 9.32
A14: 30/11/2025 01:30 | B14: 20 | C14: 17.58 | D14: 25.22 | E14: 5.08 | F14: 0.01 | G14: 97.64 | H14: 43.84 | I14: 15.23 | J14: 0.23 | K14: 197.53 | L14: 19.14 | M14: 80.3 | N14: 1.7 | O14: 0 | P14: 0.88 | Q14: 9.32
A15: 30/11/2025 01:45 | B15: 21.67 | C15: 18.1 | D15: 26.84 | E15: 5.32 | F15: 0.01 | G15: 95.19 | H15: 43.77 | I15: 15.27 | J15: 0.16 | K15: 199.83 | L15: 19.25 | M15: 80.41 | N15: 1.7 | O15: 0 | P15: 0.88 | Q15: 9.32
A16: 30/11/2025 02:00 | B16: 23.39 | C16: 18.39 | D16: 28.37 | E16: 5.42 | F16: 0.09 | G16: 95.19 | H16: 43.77 | I16: 15.54 | J16: 0.11 | K16: 209.34 | L16: 19.26 | M16: 79.07 | N16: 1.7 | O16: 0 | P16: 0.89 | Q16: 9.32
A17: 30/11/2025 02:15 | B17: 25.14 | C17: 18.7 | D17: 29.93 | E17: 4.75 | F17: 0.08 | G17: 95.19 | H17: 43.77 | I17: 15.81 | J17: 0.09 | K17: 167.36 | L17: 19.2 | M17: 77.13 | N17: 1.7 | O17: 0 | P17: 0.9 | Q17: 9.32
A18: 30/11/2025 02:30 | B18: 26.02 | C18: 18.79 | D18: 30.69 | E18: 6.34 | F18: 0.18 | G18: 97 | H18: 45.28 | I18: 15.95 | J18: 0.13 | K18: 73.98 | L18: 19.42 | M18: 73.1 | N18: 1.5 | O18: 0 | P18: 0.9 | Q18: 9.32
A19: 30/11/2025 02:45 | B19: 25.88 | C19: 18.69 | D19: 30.52 | E19: 6.25 | F19: 0.07 | G19: 97.86 | H19: 45.44 | I19: 16.05 | J19: 0.21 | K19: 55.81 | L19: 19.57 | M19: 68.63 | N19: 1.4 | O19: 0 | P19: 0.9 | Q19: 9.32
A20: 30/11/2025 03:00 | B20: 25.35 | C20: 18.41 | D20: 29.95 | E20: 5.95 | F20: 0.05 | G20: 97.86 | H20: 45.44 | I20: 16.06 | J20: 0.19 | K20: 57.04 | L20: 19.48 | M20: 68.9 | N20: 1.6 | O20: 0 | P20: 0.9 | Q20: 9.32
... A104: 30/11/2025 24:00 | B104: 11.67 | C104: 17.01 | D104: 18.25 | E104: 6.2 | F104: 0.17 | G104: 96.64 | H104: 43.93 | I104: 12.25 | J104: 0.28 | K104: 151.98 | L104: 22.57 | M104: 62.69 | N104: 2.1 | O104: 0 | P104: 0.74 | Q104: 9.32
A106: Min | B106: =MIN(B9:B104) -> 3.23 | C106: =MIN(C9:C104) -> 14.47 | D106: =MIN(D9:D104) -> 10.34 | E106: =MIN(E9:E104) -> 4.75 | F106: =MIN(F9:F104) -> 0.01 | G106: =MIN(G9:G104) -> 56.55 | H106: =MIN(H9:H104) -> 28.66 | I106: =MIN(I9:I104) -> 9.21 | ... Q106: =MIN(Q9:Q104) -> 9.22
A107: Max | B107: =MAX(B9:B104) -> 26.4 | C107: =MAX(C9:C104) -> 19.35 | D107: =MAX(D9:D104) -> 30.69 | E107: =MAX(E9:E104) -> 6.89 | F107: =MAX(F9:F104) -> 3.44 | G107: =MAX(G9:G104) -> 110.28 | H107: =MAX(H9:H104) -> 50.25 | I107: =MAX(I9:I104) -> 16.06 | ... Q107: =MAX(Q9:Q104) -> 10.22
A108: Avg | B108: =AVERAGE(B9:B104) -> 14.394167 | C108: =AVERAGE(C9:C104) -> 16.982083 | D108: =AVERAGE(D9:D104) -> 20.415521 | E108: =AVERAGE(E9:E104) -> 6.0463542 | F108: =AVERAGE(F9:F104) -> 0.66447917 | G108: =AVERAGE(G9:G104) -> 86.78125 | H108: =AVERAGE(H9:H104) -> 39.788021 | I108: =AVERAGE(I9:I104) -> 12.869896 | ... Q108: =AVERAGE(Q9:Q104) -> 9.3283333
A109: Stdev | B109: =STDEV(B9:B104) -> 8.6078171 | C109: =STDEV(C9:C104) -> 1.2856446 | D109: =STDEV(D9:D104) -> 7.3449855 | E109: =STDEV(E9:E104) -> 0.40689872 | F109: =STDEV(F9:F104) -> 0.97201784 | G109: =STDEV(G9:G104) -> 16.483399 | H109: =STDEV(H9:H104) -> 7.3129088 | I109: =STDEV(I9:I104) -> 2.4230335 | ... Q109: =STDEV(Q9:Q104) -> 0.092527853
A110: Num | B110: =COUNT(B9:B104) -> 96 | C110: =COUNT(C9:C104) -> 96 | D110: =COUNT(D9:D104) -> 96 | E110: =COUNT(E9:E104) -> 96 | F110: =COUNT(F9:F104) -> 96 | G110: =COUNT(G9:G104) -> 96 | H110: =COUNT(H9:H104) -> 96 | I110: =COUNT(I9:I104) -> 96 | ... Q110: =COUNT(Q9:Q104) -> 96
A111: DCR | B111: =IF(B110>=87,">90%",IF(B110<=87,"<90%")) -> >90% | C111: =IF(C110>=87,">90%",IF(C110<=87,"<90%")) -> >90% | D111: =IF(D110>=87,">90%",IF(D110<=87,"<90%")) -> >90% | E111: =IF(E110>=87,">90%",IF(E110<=87,"<90%")) -> >90% | F111: =IF(F110>=87,">90%",IF(F110<=87,"<90%")) -> >90% | G111: =IF(G110>=87,">90%",IF(G110<=87,"<90%")) -> >90% | H111: =IF(H110>=87,">90%",IF(H110<=87,"<90%")) -> >90% | I111: =IF(I110>=87,">90%",IF(I110<=87,"<90%")) -> >90% | ... Q111: =IF(Q110>=87,">90%",IF(Q110<=87,"<90%")) -> >90%
A112: Status | B112: =IF(B110>=87,"OK",IF(B110<=87,"LESS")) -> OK | C112: =IF(C110>=87,"OK",IF(C110<=87,"LESS")) -> OK | D112: =IF(D110>=87,"OK",IF(D110<=87,"LESS")) -> OK | E112: =IF(E110>=87,"OK",IF(E110<=87,"LESS")) -> OK | F112: =IF(F110>=87,"OK",IF(F110<=87,"LESS")) -> OK | G112: =IF(G110>=87,"OK",IF(G110<=87,"LESS")) -> OK | H112: =IF(H110>=87,"OK",IF(H110<=87,"LESS")) -> OK | I112: =IF(I110>=87,"OK",IF(I110<=87,"LESS")) -> OK | ... Q112: =IF(Q110>=87,"OK",IF(Q110<=87,"LESS")) -> OK
A115: Done by | B115: AKASH
A117: Comment

Sheet MONTHLY 31
A1: Station: | B1: IGKV, Raipur
A2: Date: | B2: =$A$9 -> 01/11/2025 00:15 | D2: Power Off | G2: Pw.Off | L2: Link Fail | N2: Link F | P2: Maintenance | R2: Maint.
A3: Report Type: | B3: Mean | D3: Calibration | G3: Calib. | L3: Data Fail | N3: Data F | P3: Invalid | R3: Invalid
A4: Time Base: | B4: 24 HRS | D4: Zero Referrence | G4: Z.Ref | L4: Warm Up | N4: Wm. Up
A7: Date & Time | B7: NO | C7: NO2 | D7: NOX | E7: SO2 | F7: O3 | G7: PM 10 | H7: PM 2.5 | I7: BENZ | J7: WS | K7: WD | L7: TEMP | M7: HUM | N7: SR | O7: RG | P7: CO | Q7: NH3
B8: ug/m3 | C8: ug/m3 | D8: ppb | E8: ug/m3 | F8: ug/m3 | G8: ug/m3 | H8: ug/m3 | I8: ug/m3 | J8: m/sec | K8: deg | L8: degreC | M8: % | N8: w/m2 | O8: mm | P8: mg/m3 | Q8: ug/m3
A9: ='01'!$B$2 -> 01/11/2025 00:15 | B9: ='01'!B108 -> 7.0338542 | C9: ='01'!C108 -> 8.5667708 | D9: ='01'!D108 -> 10.116042 | E9: ='01'!E108 -> 5.9528125 | F9: ='01'!F108 -> 4.0635417 | G9: ='01'!G108 -> 41.791875 | H9: ='01'!H108 -> 15.398437 | I9: ='01'!I108 -> 5.216875 | ... Q9: ='01'!Q108 -> 9.3207292
A10: ='02'!$B$2 -> 02/11/2025 00:15 | B10: ='02'!B108 -> 12.643021 | C10: ='02'!C108 -> 8.5791667 | D10: ='02'!D108 -> 14.620938 | E10: ='02'!E108 -> 7.3913542 | F10: ='02'!F108 -> 2.2475 | G10: ='02'!G108 -> 73.824375 | H10: ='02'!H108 -> 30.664896 | I10: ='02'!I108 -> 7.1996875 | ... Q10: ='02'!Q108 -> 9.32
A11: ='03'!$B$2 -> 03/11/2025 00:15 | B11: ='03'!B108 -> 9.5786458 | C11: ='03'!C108 -> 8.665 | D11: ='03'!D108 -> 12.208854 | E11: ='03'!E108 -> 7.4814583 | F11: ='03'!F108 -> 2.5711458 | G11: ='03'!G108 -> 66.044687 | H11: ='03'!H108 -> 24.594167 | I11: ='03'!I108 -> 7.5571875 | ... Q11: ='03'!Q108 -> 9.4334375
