Workbook

Sheet 01
A1: Station: | B1: Bhatagaon, RAIPUR
A2: Date: | B2: =$A$9 -> 01-11-2022 00:15 | D2: Power Off | G2: Pw.Off | L2: Link Fail | N2: Link F | P2: Maintenance | R2: Maint.
A3: Report Type: | B3: Mean | D3: Calibration | G3: Calib. | L3: Data Fail | N3: Data F | P3: Invalid | R3: Invalid
A4: Time Base: | B4: 15 Min | D4: Zero Referrence | G4: Z.Ref | L4: Warm Up | N4: Wm. Up
A7: Date & Time | B7: NO_BHATAGAON | C7: NO2__BHATAGAON | D7: NOX_BHATAGAON | E7: SO2__BHATAGAON | F7: O3__BHATAGAON | G7: PM10__BHATAGAON | H7: PM2_5__BHATAGAON | I7: BENZ__BHATAGAON | J7: WS__BHATAGAON | K7: WD__BHATAGAON | L7: TEMP__BHATAGAON | M7: HUM__BHATAGAON | N7: SR__BHATAGAON | O7: RG__BHATAGAON | P7: CO__BHATAGAON | Q7: NH3__BHATAGAON
B8: ug/m3 | C8: ug/m3 | D8: ug/m3 | E8: ug/m3 | F8: ug/m3 | G8: ug/m3 | H8: ug/m3 | I8: ug/m3 | J8: m/sec | K8: deg | L8: degreC | M8: % | N8: w/m2 | O8: mm | P8: mg/m3 | Q8: ug/m3
A9: 01-11-2022 00:15 | B9: 0.65 | C9: 72.75 | D9: 40.67 | E9: 47.47 | F9: 64.41 | G9: 186.07 | H9: 64.44 | I9: 0.24 | J9: 0.4 | K9: 56.52 | L9: Maint. | M9: Maint. | N9: 4.4 | O9: 0 | P9: 0.79 | Q9: 59.91
A10: 01-11-2022 00:30 | B10: 0.85 | C10: 67.7 | D10: 38.04 | E10: 44.64 | F10: 53.45 | G10: 184.79 | H10: 67.77 | I10: 0.21 | J10: 0.18 | K10: 41.71 | L10: Maint. | M10: Maint. | N10: 4.9 | O10: 0 | P10: 0.8 | Q10: 49.91
A11: 01-11-2022 00:45 | B11: 6.67 | C11: 97 | D11: 58.88 | E11: 41.34 | F11: 50.53 | G11: 184.79 | H11: 68.91 | I11: 0.21 | J11: 0.24 | K11: 70.67 | L11: Maint. | M11: Maint. | N11: 4.5 | O11: 0 | P11: 0.9 | Q11: 51.26
A12: 01-11-2022 01:00 | B12: 0.38 | C12: 63.22 | D12: 35.19 | E12: 52.14 | F12: 65.66 | G12: 184.79 | H12: 68.91 | I12: 0.21 | J12: 0.26 | K12: 69.97 | L12: Maint. | M12: Maint. | N12: 4.5 | O12: 0 | P12: 0.68 | Q12: 53.25
A13: 01-11-2022 01:15 | B13: 0.16 | C13: 49.03 | D13: 27.19 | E13: 61.76 | F13: 73.04 | G13: 184.79 | H13: 68.91 | I13: 0.21 | J13: 0.28 | K13: 72.72 | L13: Maint. | M13: Maint. | N13: 4.5 | O13: 0 | P13: 0.57 | Q13: 49.06
A14: 01-11-2022 01:30 | B14: 0.65 | C14: 56.95 | D14: 31.95 | E14: 62.44 | F14: 66.96 | G14: 161.08 | H14: 71.91 | I14: 0.17 | J14: 0.23 | K14: 44.9 | L14: Maint. | M14: Maint. | N14: 4.6 | O14: 0 | P14: 0.59 | Q14: 45.26
A15: 01-11-2022 01:45 | B15: 1.08 | C15: 63.47 | D15: 35.89 | E15: 52.36 | F15: 54.94 | G15: 161.08 | H15: 72.93 | I15: 0.14 | J15: 0.25 | K15: 16.47 | L15: Maint. | M15: Maint. | N15: 4.8 | O15: 0 | P15: 0.58 | Q15: 47.6
A16: 01-11-2022 02:00 | B16: 0.3 | C16: 47.06 | D16: 26.21 | E16: 44.16 | F16: 63.76 | G16: 161.08 | H16: 72.93 | I16: 0.13 | J16: 0.41 | K16: 35.69 | L16: Maint. | M16: Maint. | N16: 4.3 | O16: 0 | P16: 0.56 | Q16: 49
A17: 01-11-2022 02:15 | B17: 0.85 | C17: 55.34 | D17: 31.22 | E17: 42.43 | F17: 56.26 | G17: 161.08 | H17: 72.93 | I17: 0.13 | J17: 0.6 | K17: 32.62 | L17: Maint. | M17: Maint. | N17: 4.3 | O17: 0 | P17: 0.63 | Q17: 48.01
A18: 01-11-2022 02:30 | B18: 0.94 | C18: 63.81 | D18: 35.97 | E18: 49.76 | F18: 41.67 | G18: 149.18 | H18: 70.59 | I18: 0.13 | J18: 0.67 | K18: 34.73 | L18: Maint. | M18: Maint. | N18: 4.6 | O18: 0 | P18: 0.79 | Q18: 49.21
A19: 01-11-2022 02:45 | B19: 0.61 | C19: 68.06 | D19: 38.05 | E19: 73.85 | F19: 33.16 | G19: 149.18 | H19: 69.78 | I19: 0.12 | J19: 0.25 | K19: 33.64 | L19: Maint. | M19: Maint. | N19: 4.8 | O19: 0 | P19: 0.87 | Q19: 51.57
A20: 01-11-2022 03:00 | B20: 0.91 | C20: 103.01 | D20: 57.58 | E20: 136.99 | F20: 18.57 | G20: 149.18 | H20: 69.78 | I20: 0.12 | J20: 0.46 | K20: 22.13 | L20: Maint. | M20: Maint. | N20: 4.5 | O20: 0 | P20: 1.37 | Q20: 59.81
... A104: 01-11-2022 24:00 | B104: 52.69 | C104: 192.62 | D104: 148.55 | E104: 15.55 | F104: 2.88 | G104: 364.59 | H104: 102.49 | I104: 0.95 | J104: 0.05 | K104: 308.59 | L104: Maint. | M104: Maint. | N104: 4.6 | O104: 0 | P104: 2.37 | Q104: 182.38
A106: Min | B106: =MIN(B9:B104) -> 0.16 | C106: =MIN(C9:C104) -> 38.79 | D106: =MIN(D9:D104) -> 22.61 | E106: =MIN(E9:E104) -> 15.55 | F106: =MIN(F9:F104) -> 2.88 | G106: =MIN(G9:G104) -> 108.87 | H106: =MIN(H9:H104) -> 52.41 | I106: =MIN(I9:I104) -> 0.07 | ... Q106: =MIN(Q9:Q104) -> 27.15
A107: Max | B107: =MAX(B9:B104) -> 177.14 | C107: =MAX(C9:C104) -> 396.01 | D107: =MAX(D9:D104) -> 360.6 | E107: =MAX(E9:E104) -> 144.94 | F107: =MAX(F9:F104) -> 128.46 | G107: =MAX(G9:G104) -> 364.59 | H107: =MAX(H9:H104) -> 103.21 | I107: =MAX(I9:I104) -> 1.85 | ... Q107: =MAX(Q9:Q104) -> 272.25
A108: Avg | B108: =AVERAGE(B9:B104) -> 26.571875 | C108: =AVERAGE(C9:C104) -> 135.09115 | D108: =AVERAGE(D9:D104) -> 95.860625 | E108: =AVERAGE(E9:E104) -> 57.691354 | F108: =AVERAGE(F9:F104) -> 50.876875 | G108: =AVERAGE(G9:G104) -> 183.16917 | H108: =AVERAGE(H9:H104) -> 73.481979 | I108: =AVERAGE(I9:I104) -> 0.4059375 | ... Q108: =AVERAGE(Q9:Q104) -> 91.972812
A109: Stdev | B109: =STDEV(B9:B104) -> 39.526765 | C109: =STDEV(C9:C104) -> 93.734299 | D109: =STDEV(D9:D104) -> 80.951806 | E109: =STDEV(E9:E104) -> 27.262204 | F109: =STDEV(F9:F104) -> 39.336387 | G109: =STDEV(G9:G104) -> 66.664922 | H109: =STDEV(H9:H104) -> 15.290665 | I109: =STDEV(I9:I104) -> 0.49139239 | ... Q109: =STDEV(Q9:Q104) -> 62.439094
A110: Num | B110: =COUNT(B9:B104) -> 96 | C110: =COUNT(C9:C104) -> 96 | D110: =COUNT(D9:D104) -> 96 | E110: =COUNT(E9:E104) -> 96 | F110: =COUNT(F9:F104) -> 96 | G110: =COUNT(G9:G104) -> 96 | H110: =COUNT(H9:H104) -> 96 | I110: =COUNT(I9:I104) -> 96 | ... K110: =COUNT(K9:K104) -> 96 | L110: =COUNT(L9:L104)+96 -> 96 | M110: =COUNT(M9:M104)+96 -> 96 | N110: =COUNT(N9:N104) -> 96 | O110: =COUNT(O9:O104) -> 96 | P110: =COUNT(P9:P104) -> 96 | Q110: =COUNT(Q9:Q104) -> 96
A111: DCR | B111: =IF(B110>=87,">90%",IF(B110<=87,"<90%")) -> >90% | C111: =IF(C110>=87,">90%",IF(C110<=87,"<90%")) -> >90% | D111: =IF(D110>=87,">90%",IF(D110<=87,"<90%")) -> >90% | E111: =IF(E110>=87,">90%",IF(E110<=87,"<90%")) -> >90% | F111: =IF(F110>=87,">90%",IF(F110<=87,"<90%")) -> >90% | G111: =IF(G110>=87,">90%",IF(G110<=87,"<90%")) -> >90% | H111: =IF(H110>=87,">90%",IF(H110<=87,"<90%")) -> >90% | I111: =IF(I110>=87,">90%",IF(I110<=87,"<90%")) -> >90% | ... Q111: =IF(Q110>=87,">90%",IF(Q110<=87,"<90%")) -> >90%
A112: Status | B112: =IF(B110>=87,"OK",IF(B110<=87,"LESS")) -> OK | C112: =IF(C110>=87,"OK",IF(C110<=87,"LESS")) -> OK | D112: =IF(D110>=87,"OK",IF(D110<=87,"LESS")) -> OK | E112: =IF(E110>=87,"OK",IF(E110<=87,"LESS")) -> OK | F112: =IF(F110>=87,"OK",IF(F110<=87,"LESS")) -> OK | G112: =IF(G110>=87,"OK",IF(G110<=87,"LESS")) -> OK | H112: =IF(H110>=87,"OK",IF(H110<=87,"LESS")) -> OK | I112: =IF(I110>=87,"OK",IF(I110<=87,"LESS")) -> OK | ... Q112: =IF(Q110>=87,"OK",IF(Q110<=87,"LESS")) -> OK
A115: Done by | B115: RK
A117: Comment | B117: T&H SENSOR CONNECTOR ISSUE

Sheet 02
A1: Station: | B1: Bhatagaon, RAIPUR
A2: Date: | B2: =$A$9 -> 02-11-2022 00:15 | D2: Power Off | G2: Pw.Off | L2: Link Fail | N2: Link F | P2: Maintenance | R2: Maint.
A3: Report Type: | B3: Mean | D3: Calibration | G3: Calib. | L3: Data Fail | N3: Data F | P3: Invalid | R3: Invalid
A4: Time Base: | B4: 15 Min | D4: Zero Referrence | G4: Z.Ref | L4: Warm Up | N4: Wm. Up
A7: Date & Time | B7: NO_BHATAGAON | C7: NO2__BHATAGAON | D7: NOX_BHATAGAON | E7: SO2__BHATAGAON | F7: O3__BHATAGAON | G7: PM10__BHATAGAON | H7: PM2_5__BHATAGAON | I7: BENZ__BHATAGAON | J7: WS__BHATAGAON | K7: WD__BHATAGAON | L7: TEMP__BHATAGAON | M7: HUM__BHATAGAON | N7: SR__BHATAGAON | O7: RG__BHATAGAON | P7: CO__BHATAGAON | Q7: NH3__BHATAGAON
B8: ug/m3 | C8: ug/m3 | D8: ug/m3 | E8: ug/m3 | F8: ug/m3 | G8: ug/m3 | H8: ug/m3 | I8: ug/m3 | J8: m/sec | K8: deg | L8: degreC | M8: % | N8: w/m2 | O8: mm | P8: mg/m3 | Q8: ug/m3
A9: 02-11-2022 00:15 | B9: 52.92 | C9: 188.81 | D9: 146.63 | E9: 17.59 | F9: 2.66 | G9: 364.59 | H9: 102.49 | I9: 0.94 | J9: 0.2 | K9: 356.69 | L9: Maint. | M9: Maint. | N9: 4.5 | O9: 0 | P9: 2.6 | Q9: 168.48
A10: 02-11-2022 00:30 | B10: 18.49 | C10: 157.74 | D10: 101.88 | E10: 21.4 | F10: 6.35 | G10: 319.6 | H10: 100.2 | I10: 0.92 | J10: 0.28 | K10: 350.8 | L10: Maint. | M10: Maint. | N10: 4.2 | O10: 0 | P10: 2.34 | Q10: 151.02
A11: 02-11-2022 00:45 | B11: 8.47 | C11: 155.04 | D11: 92.36 | E11: 30.55 | F11: 8.98 | G11: 319.6 | H11: 99.41 | I11: 0.93 | J11: 0.69 | K11: 349.85 | L11: Maint. | M11: Maint. | N11: 3.9 | O11: 0 | P11: 2.24 | Q11: 110.95
A12: 02-11-2022 01:00 | B12: 7.22 | C12: 137.55 | D12: 81.7 | E12: 50.66 | F12: 16.41 | G12: 319.6 | H12: 99.41 | I12: 0.91 | J12: 0.86 | K12: 344.67 | L12: Maint. | M12: Maint. | N12: 4.5 | O12: 0 | P12: 1.71 | Q12: 100.93
A13: 02-11-2022 01:15 | B13: 1.55 | C13: 89.12 | D13: 50.43 | E13: 45.36 | F13: 33.74 | G13: 319.6 | H13: 99.41 | I13: 0.78 | J13: 0.69 | K13: 348.35 | L13: Maint. | M13: Maint. | N13: 4.9 | O13: 0 | P13: 0.93 | Q13: 87.28
A14: 02-11-2022 01:30 | B14: 0.7 | C14: 73.34 | D14: 41.03 | E14: 51.59 | F14: 38.41 | G14: 270.31 | H14: 107.37 | I14: 0.48 | J14: 0.11 | K14: 310.72 | L14: Maint. | M14: Maint. | N14: 5.2 | O14: 0 | P14: 0.77 | Q14: 72.35
A15: 02-11-2022 01:45 | B15: 0.6 | C15: 71.75 | D15: 40.08 | E15: 64.66 | F15: 36.5 | G15: 270.31 | H15: 110.1 | I15: 0.24 | J15: 0.15 | K15: 30.66 | L15: Maint. | M15: Maint. | N15: 5 | O15: 0 | P15: 0.8 | Q15: 64.06
A16: 02-11-2022 02:00 | B16: 2.23 | C16: 80.41 | D16: 46.17 | E16: 66.81 | F16: 33.37 | G16: 270.31 | H16: 110.1 | I16: 0.16 | J16: 0.13 | K16: 53.69 | L16: Maint. | M16: Maint. | N16: 4.8 | O16: 0 | P16: 0.82 | Q16: 61.23
A17: 02-11-2022 02:15 | B17: 1.43 | C17: 84.29 | D17: 47.66 | E17: 65.56 | F17: 30.88 | G17: 270.31 | H17: 110.1 | I17: 0.13 | J17: 0.35 | K17: 32.53 | L17: Maint. | M17: Maint. | N17: 4.6 | O17: 0 | P17: 1.19 | Q17: 64.04
A18: 02-11-2022 02:30 | B18: 0.49 | C18: 72.54 | D18: 40.42 | E18: 55.6 | F18: 48.2 | G18: 251.68 | H18: 111.36 | I18: 0.13 | J18: 1.15 | K18: 22.25 | L18: Maint. | M18: Maint. | N18: 4.1 | O18: 0 | P18: 1.02 | Q18: 66.51
A19: 02-11-2022 02:45 | B19: 0.43 | C19: 53.75 | D19: 30.01 | E19: 54.21 | F19: 56.45 | G19: 251.68 | H19: 111.8 | I19: 0.14 | J19: 0.69 | K19: 16.84 | L19: Maint. | M19: Maint. | N19: 4.7 | O19: 0 | P19: 0.6 | Q19: 62.26
A20: 02-11-2022 03:00 | B20: 0.65 | C20: 74.02 | D20: 41.37 | E20: 98.27 | F20: 42.23 | G20: 251.68 | H20: 111.8 | I20: 0.12 | J20: 0.17 | K20: 318.76 | L20: Maint. | M20: Maint. | N20: 4.9 | O20: 0 | P20: 0.68 | Q20: 59.86
... A43: 02-11-2022 08:45 | B43: 50.74 | C43: 168.1 | D43: 133.46 | E43: 51.19 | F43: 3.71 | G43: 241.61 | H43: 94.82 | I43: 0.29 | J43: 0.73 | K43: 45.62 | L43: Maint. | M43: Maint. | N43: 184.1 | O43: 0 | P43: 1.96 | Q43: 234.04
A44: 02-11-2022 09:00 | B44: 49.89 | C44: 163.79 | D44: 130.4 | E44: 52.72 | F44: 3.95 | G44: 241.61 | H44: 94.82 | I44: Link F | J44: 0.68 | K44: 34.37 | L44: Maint. | M44: Maint. | N44: 233.9 | O44: 0 | P44: 1.88 | Q44: 243.96
A45: 02-11-2022 09:15 | B45: 49.07 | C45: 161.36 | D45: 128.4 | E45: 53.98 | F45: 4.03 | G45: 241.61 | H45: 94.82 | I45: Link F | J45: 0.51 | K45: 46.04 | L45: Maint. | M45: Maint. | N45: 356.3 | O45: 0 | P45: 1.81 | Q45: 244.13
A46: 02-11-2022 09:30 | B46: 47.8 | C46: 158.8 | D46: 125.97 | E46: 53.35 | F46: 4.01 | G46: 200.27 | H46: 86.28 | I46: Link F | J46: 1.34 | K46: 121.64 | L46: Maint. | M46: Maint. | N46: 448.4 | O46: 0 | P46: 1.75 | Q46: 253
A47: 02-11-2022 09:45 | B47: 43.48 | C47: 152.47 | D47: 119.01 | E47: 51.45 | F47: 4.36 | G47: 200.27 | H47: 83.34 | I47: Link F | J47: 1.47 | K47: 124.99 | L47: Maint. | M47: Maint. | N47: 457.1 | O47: 0 | P47: 1.65 | Q47: 253.85
A48: 02-11-2022 10:00 | B48: 39.25 | C48: 147.46 | D48: 112.86 | E48: 50.35 | F48: 4.46 | G48: 200.27 | H48: 83.34 | I48: Link F | J48: 1.28 | K48: 110.03 | L48: Maint. | M48: Maint. | N48: 600 | O48: 0 | P48: 1.55 | Q48: 262.99
A49: 02-11-2022 10:15 | B49: Pw.Off | C49: Pw.Off | D49: Pw.Off | E49: Pw.Off | F49: Pw.Off | G49: Pw.Off | H49: Pw.Off | I49: Pw.Off | J49: Pw.Off | K49: Pw.Off | L49: Pw.Off | M49: Pw.Off | N49: Pw.Off | O49: Pw.Off | P49: Pw.Off | Q49: Pw.Off
A50: 02-11-2022 10:30 | B50: Pw.Off | C50: Pw.Off | D50: Pw.Off | E50: Pw.Off | F50: Pw.Off | G50: Pw.Off | H50: Pw.Off | I50: Pw.Off | J50: Pw.Off | K50: Pw.Off | L50: Pw.Off | M50: Pw.Off | N50: Pw.Off | O50: Pw.Off | P50: Pw.Off | Q50: Pw.Off
A51: 02-11-2022 10:45 | B51: Pw.Off | C51: Pw.Off | D51: Pw.Off | E51: Pw.Off | F51: Pw.Off | G51: Pw.Off | H51: Pw.Off | I51: Pw.Off | J51: Pw.Off | K51: Pw.Off | L51: Pw.Off | M51: Pw.Off | N51: Pw.Off | O51: Pw.Off | P51: Pw.Off | Q51: Pw.Off
A52: 02-11-2022 11:00 | B52: Pw.Off | C52: Pw.Off | D52: Pw.Off | E52: Pw.Off | F52: Pw.Off | G52: Pw.Off | H52: Pw.Off | I52: Pw.Off | J52: Pw.Off | K52: Pw.Off | L52: Pw.Off | M52: Pw.Off | N52: Pw.Off | O52: Pw.Off | P52: Pw.Off | Q52: Pw.Off
A53: 02-11-2022 11:15 | B53: Pw.Off | C53: Pw.Off | D53: Pw.Off | E53: Pw.Off | F53: Pw.Off | G53: Pw.Off | H53: Pw.Off | I53: Pw.Off | J53: Pw.Off | K53: Pw.Off | L53: Pw.Off | M53: Pw.Off | N53: Pw.Off | O53: Pw.Off | P53: Pw.Off | Q53: Pw.Off
A54: 02-11-2022 11:30 | B54: Pw.Off | C54: Pw.Off | D54: Pw.Off | E54: Pw.Off | F54: Pw.Off | G54: Pw.Off | H54: Pw.Off | I54: Pw.Off | J54: Pw.Off | K54: Pw.Off | L54: Pw.Off | M54: Pw.Off | N54: Pw.Off | O54: Pw.Off | P54: Pw.Off | Q54: Pw.Off
A55: 02-11-2022 11:45 | B55: Pw.Off | C55: Pw.Off | D55: Pw.Off | E55: Pw.Off | F55: Pw.Off | G55: Pw.Off | H55: Pw.Off | I55: Pw.Off | J55: Pw.Off | K55: Pw.Off | L55: Pw.Off | M55: Pw.Off | N55: Pw.Off | O55: Pw.Off | P55: Pw.Off | Q55: Pw.Off
A56: 02-11-2022 12:00 | B56: Pw.Off | C56: Pw.Off | D56: Pw.Off | E56: Pw.Off | F56: Pw.Off | G56: Pw.Off | H56: Pw.Off | I56: Pw.Off | J56: Pw.Off | K56: Pw.Off | L56: Pw.Off | M56: Pw.Off | N56: Pw.Off | O56: Pw.Off | P56: Pw.Off | Q56: Pw.Off
A57: 02-11-2022 12:15 | B57: Pw.Off | C57: Pw.Off | D57: Pw.Off | E57: Pw.Off | F57: Pw.Off | G57: Pw.Off | H57: Pw.Off | I57: Pw.Off | J57: Pw.Off | K57: Pw.Off | L57: Pw.Off | M57: Pw.Off | N57: Pw.Off | O57: Pw.Off | P57: Pw.Off | Q57: Pw.Off
A58: 02-11-2022 12:30 | B58: Pw.Off | C58: Pw.Off | D58: Pw.Off | E58: Pw.Off | F58: Pw.Off | G58: Pw.Off | H58: Pw.Off | I58: Pw.Off | J58: Pw.Off | K58: Pw.Off | L58: Pw.Off | M58: Pw.Off | N58: Pw.Off | O58: Pw.Off | P58: Pw.Off | Q58: Pw.Off
A59: 02-11-2022 12:45 | B59: Pw.Off | C59: Pw.Off | D59: Pw.Off | E59: Pw.Off | F59: Pw.Off | G59: Pw.Off | H59: Pw.Off | I59: Pw.Off | J59: Pw.Off | K59: Pw.Off | L59: Pw.Off | M59: Pw.Off | N59: Pw.Off | O59: Pw.Off | P59: Pw.Off | Q59: Pw.Off
A60: 02-11-2022 13:00 | B60: Pw.Off | C60: Pw.Off | D60: Pw.Off | E60: Pw.Off | F60: Pw.Off | G60: Pw.Off | H60: Pw.Off | I60: Pw.Off | J60: Pw.Off | K60: Pw.Off | L60: Pw.Off | M60: Pw.Off | N60: Pw.Off | O60: Pw.Off | P60: Pw.Off | Q60: Pw.Off
... A104: 02-11-2022 24:00 | B104: Pw.Off | C104: Pw.Off | D104: Pw.Off | E104: Pw.Off | F104: Pw.Off | G104: Pw.Off | H104: Pw.Off | I104: Pw.Off | J104: Pw.Off | K104: Pw.Off | L104: Pw.Off | M104: Pw.Off | N104: Pw.Off | O104: Pw.Off | P104: Pw.Off | Q104: Pw.Off
A106: Min | B106: =MIN(B9:B104) -> 0.43 | C106: =MIN(C9:C104) -> 53.75 | D106: =MIN(D9:D104) -> 30.01 | E106: =MIN(E9:E104) -> 17.59 | F106: =MIN(F9:F104) -> 2.66 | G106: =MIN(G9:G104) -> 180.8 | H106: =MIN(H9:H104) -> 83.34 | I106: =MIN(I9:I104) -> 0.1 | ... Q106: =MIN(Q9:Q104) -> 53.25
A107: Max | B107: =MAX(B9:B104) -> 55.3 | C107: =MAX(C9:C104) -> 188.81 | D107: =MAX(D9:D104) -> 146.63 | E107: =MAX(E9:E104) -> 163.85 | F107: =MAX(F9:F104) -> 56.45 | G107: =MAX(G9:G104) -> 364.59 | H107: =MAX(H9:H104) -> 111.8 | I107: =MAX(I9:I104) -> 0.94 | ... Q107: =MAX(Q9:Q104) -> 262.99
A108: Avg | B108: =AVERAGE(B9:B104) -> 21.4125 | C108: =AVERAGE(C9:C104) -> 124.0875 | D108: =AVERAGE(D9:D104) -> 85.65225 | E108: =AVERAGE(E9:E104) -> 85.1745 | F108: =AVERAGE(F9:F104) -> 20.0595 | G108: =AVERAGE(G9:G104) -> 247.157 | H108: =AVERAGE(H9:H104) -> 101.4325 | I108: =AVERAGE(I9:I104) -> 0.26314286 | ... Q108: =AVERAGE(Q9:Q104) -> 119.862
A109: Stdev | B109: =STDEV(B9:B104) -> 20.22576 | C109: =STDEV(C9:C104) -> 41.688344 | D109: =STDEV(D9:D104) -> 38.274862 | E109: =STDEV(E9:E104) -> 42.479801 | F109: =STDEV(F9:F104) -> 16.126974 | G109: =STDEV(G9:G104) -> 41.797368 | H109: =STDEV(H9:H104) -> 7.0895545 | I109: =STDEV(I9:I104) -> 0.27328902 | ... Q109: =STDEV(Q9:Q104) -> 68.819532
A110: Num | B110: =COUNT(B9:B104)+56 -> 96 | C110: =COUNT(C9:C104)+56 -> 96 | D110: =COUNT(D9:D104)+56 -> 96 | E110: =COUNT(E9:E104)+56 -> 96 | F110: =COUNT(F9:F104)+56 -> 96 | G110: =COUNT(G9:G104)+56 -> 96 | H110: =COUNT(H9:H104)+56 -> 96 | I110: =COUNT(I9:I104)+61 -> 96 | J110: =COUNT(J9:J104)+56 -> 96 | K110: =COUNT(K9:K104)+56 -> 96 | L110: =COUNT(L9:L104)+96 -> 96 | M110: =COUNT(M9:M104)+96 -> 96 | N110: =COUNT(N9:N104)+56 -> 96 | O110: =COUNT(O9:O104)+56 -> 96 | P110: =COUNT(P9:P104)+56 -> 96 | Q110: =COUNT(Q9:Q104)+56 -> 96
A111: DCR | B111: =IF(B110>=87,">90%",IF(B110<=87,"<90%")) -> >90% | C111: =IF(C110>=87,">90%",IF(C110<=87,"<90%")) -> >90% | D111: =IF(D110>=87,">90%",IF(D110<=87,"<90%")) -> >90% | E111: =IF(E110>=87,">90%",IF(E110<=87,"<90%")) -> >90% | F111: =IF(F110>=87,">90%",IF(F110<=87,"<90%")) -> >90% | G111: =IF(G110>=87,">90%",IF(G110<=87,"<90%")) -> >90% | H111: =IF(H110>=87,">90%",IF(H110<=87,"<90%")) -> >90% | I111: =IF(I110>=87,">90%",IF(I110<=87,"<90%")) -> >90% | ... Q111: =IF(Q110>=87,">90%",IF(Q110<=87,"<90%")) -> >90%
A112: Status | B112: =IF(B110>=87,"OK",IF(B110<=87,"LESS")) -> OK | C112: =IF(C110>=87,"OK",IF(C110<=87,"LESS")) -> OK | D112: =IF(D110>=87,"OK",IF(D110<=87,"LESS")) -> OK | E112: =IF(E110>=87,"OK",IF(E110<=87,"LESS")) -> OK | F112: =IF(F110>=87,"OK",IF(F110<=87,"LESS")) -> OK | G112: =IF(G110>=87,"OK",IF(G110<=87,"LESS")) -> OK | H112: =IF(H110>=87,"OK",IF(H110<=87,"LESS")) -> OK | I112: =IF(I110>=87,"OK",IF(I110<=87,"LESS")) -> OK | ... Q112: =IF(Q110>=87,"OK",IF(Q110<=87,"LESS")) -> OK
A115: Done by | B115: RK
A117: Comment

Sheet 03
A1: Station: | B1: Bhatagaon, RAIPUR
A2: Date: | B2: =$A$9 -> 03-11-2022 00:15 | D2: Power Off | G2: Pw.Off | L2: Link Fail | N2: Link F | P2: Maintenance | R2: Maint.
A3: Report Type: | B3: Mean | D3: Calibration | G3: Calib. | L3: Data Fail | N3: Data F | P3: Invalid | R3: Invalid
A4: Time Base: | B4: 15 Min | D4: Zero Referrence | G4: Z.Ref | L4: Warm Up | N4: Wm. Up
A7: Date & Time | B7: NO_BHATAGAON | C7: NO2__BHATAGAON | D7: NOX_BHATAGAON | E7: SO2__BHATAGAON | F7: O3__BHATAGAON | G7: PM10__BHATAGAON | H7: PM2_5__BHATAGAON | I7: BENZ__BHATAGAON | J7: WS__BHATAGAON | K7: WD__BHATAGAON | L7: TEMP__BHATAGAON | M7: HUM__BHATAGAON | N7: SR__BHATAGAON | O7: RG__BHATAGAON | P7: CO__BHATAGAON | Q7: NH3__BHATAGAON
B8: ug/m3 | C8: ug/m3 | D8: ug/m3 | E8: ug/m3 | F8: ug/m3 | G8: ug/m3 | H8: ug/m3 | I8: ug/m3 | J8: m/sec | K8: deg | L8: degreC | M8: % | N8: w/m2 | O8: mm | P8: mg/m3 | Q8: ug/m3
A9: 03-11-2022 00:15 | B9: Pw.Off | C9: Pw.Off | D9: Pw.Off | E9: Pw.Off | F9: Pw.Off | G9: Pw.Off | H9: Pw.Off | I9: Pw.Off | J9: Pw.Off | K9: Pw.Off | L9: Pw.Off | M9: Pw.Off | N9: Pw.Off | O9: Pw.Off | P9: Pw.Off | Q9: Pw.Off
A10: 03-11-2022 00:30 | B10: Pw.Off | C10: Pw.Off | D10: Pw.Off | E10: Pw.Off | F10: Pw.Off | G10: Pw.Off | H10: Pw.Off | I10: Pw.Off | J10: Pw.Off | K10: Pw.Off | L10: Pw.Off | M10: Pw.Off | N10: Pw.Off | O10: Pw.Off | P10: Pw.Off | Q10: Pw.Off
A11: 03-11-2022 00:45 | B11: Pw.Off | C11: Pw.Off | D11: Pw.Off | E11: Pw.Off | F11: Pw.Off | G11: Pw.Off | H11: Pw.Off | I11: Pw.Off | J11: Pw.Off | K11: Pw.Off | L11: Pw.Off | M11: Pw.Off | N11: Pw.Off | O11: Pw.Off | P11: Pw.Off | Q11: Pw.Off
A12: 03-11-2022 01:00 | B12: Pw.Off | C12: Pw.Off | D12: Pw.Off | E12: Pw.Off | F12: Pw.Off | G12: Pw.Off | H12: Pw.Off | I12: Pw.Off | J12: Pw.Off | K12: Pw.Off | L12: Pw.Off | M12: Pw.Off | N12: Pw.Off | O12: Pw.Off | P12: Pw.Off | Q12: Pw.Off
A13: 03-11-2022 01:15 | B13: Pw.Off | C13: Pw.Off | D13: Pw.Off | E13: Pw.Off | F13: Pw.Off | G13: Pw.Off | H13: Pw.Off | I13: Pw.Off | J13: Pw.Off | K13: Pw.Off | L13: Pw.Off | M13: Pw.Off | N13: Pw.Off | O13: Pw.Off | P13: Pw.Off | Q13: Pw.Off
A14: 03-11-2022 01:30 | B14: Pw.Off | C14: Pw.Off | D14: Pw.Off | E14: Pw.Off | F14: Pw.Off | G14: Pw.Off | H14: Pw.Off | I14: Pw.Off | J14: Pw.Off | K14: Pw.Off | L14: Pw.Off | M14: Pw.Off | N14: Pw.Off | O14: Pw.Off | P14: Pw.Off | Q14: Pw.Off
A15: 03-11-2022 01:45 | B15: Pw.Off | C15: Pw.Off | D15: Pw.Off | E15: Pw.Off | F15: Pw.Off | G15: Pw.Off | H15: Pw.Off | I15: Pw.Off | J15: Pw.Off | K15: Pw.Off | L15: Pw.Off | M15: Pw.Off | N15: Pw.Off | O15: Pw.Off | P15: Pw.Off | Q15: Pw.Off
A16: 03-11-2022 02:00 | B16: Pw.Off | C16: Pw.Off | D16: Pw.Off | E16: Pw.Off | F16: Pw.Off | G16: Pw.Off | H16: Pw.Off | I16: Pw.Off | J16: Pw.Off | K16: Pw.Off | L16: Pw.Off | M16: Pw.Off | N16: Pw.Off | O16: Pw.Off | P16: Pw.Off | Q16: Pw.Off
A17: 03-11-2022 02:15 | B17: Pw.Off | C17: Pw.Off | D17: Pw.Off | E17: Pw.Off | F17: Pw.Off | G17: Pw.Off | H17: Pw.Off | I17: Pw.Off | J17: Pw.Off | K17: Pw.Off | L17: Pw.Off | M17: Pw.Off | N17: Pw.Off | O17: Pw.Off | P17: Pw.Off | Q17: Pw.Off
A18: 03-11-2022 02:30 | B18: Pw.Off | C18: Pw.Off | D18: Pw.Off | E18: Pw.Off | F18: Pw.Off | G18: Pw.Off | H18: Pw.Off | I18: Pw.Off | J18: Pw.Off | K18: Pw.Off | L18: Pw.Off | M18: Pw.Off | N18: Pw.Off | O18: Pw.Off | P18: Pw.Off | Q18: Pw.Off
A19: 03-11-2022 02:45 | B19: Pw.Off | C19: Pw.Off | D19: Pw.Off | E19: Pw.Off | F19: Pw.Off | G19: Pw.Off | H19: Pw.Off | I19: Pw.Off | J19: Pw.Off | K19: Pw.Off | L19: Pw.Off | M19: Pw.Off | N19: Pw.Off | O19: Pw.Off | P19: Pw.Off | Q19: Pw.Off
A20: 03-11-2022 03:00 | B20: Pw.Off | C20: Pw.Off | D20: Pw.Off | E20: Pw.Off | F20: Pw.Off | G20: Pw.Off | H20: Pw.Off | I20: Pw.Off | J20: Pw.Off | K20: Pw.Off | L20: Pw.Off | M20: Pw.Off | N20: Pw.Off | O20: Pw.Off | P20: Pw.Off | Q20: Pw.Off
... A104: 03-11-2022 24:00 | B104: Pw.Off | C104: Pw.Off | D104: Pw.Off | E104: Pw.Off | F104: Pw.Off | G104: Pw.Off | H104: Pw.Off | I104: Pw.Off | J104: Pw.Off | K104: Pw.Off | L104: Pw.Off | M104: Pw.Off | N104: Pw.Off | O104: Pw.Off | P104: Pw.Off | Q104: Pw.Off
A106: Min | B106: =MIN(B9:B104) -> 0 | C106: =MIN(C9:C104) -> 0 | D106: =MIN(D9:D104) -> 0 | E106: =MIN(E9:E104) -> 0 | F106: =MIN(F9:F104) -> 0 | G106: =MIN(G9:G104) -> 0 | H106: =MIN(H9:H104) -> 0 | I106: =MIN(I9:I104) -> 0 | ... Q106: =MIN(Q9:Q104) -> 0
A107: Max | B107: =MAX(B9:B104) -> 0 | C107: =MAX(C9:C104) -> 0 | D107: =MAX(D9:D104) -> 0 | E107: =MAX(E9:E104) -> 0 | F107: =MAX(F9:F104) -> 0 | G107: =MAX(G9:G104) -> 0 | H107: =MAX(H9:H104) -> 0 | I107: =MAX(I9:I104) -> 0 | ... Q107: =MAX(Q9:Q104) -> 0
A108: Avg | B108: =AVERAGE(B9:B104) -> #DIV/0! | C108: =AVERAGE(C9:C104) -> #DIV/0! | D108: =AVERAGE(D9:D104) -> #DIV/0! | E108: =AVERAGE(E9:E104) -> #DIV/0! | F108: =AVERAGE(F9:F104) -> #DIV/0! | G108: =AVERAGE(G9:G104) -> #DIV/0! | H108: =AVERAGE(H9:H104) -> #DIV/0! | I108: =AVERAGE(I9:I104) -> #DIV/0! | ... Q108: =AVERAGE(Q9:Q104) -> #DIV/0!
A109: Stdev | B109: =STDEV(B9:B104) -> #DIV/0! | C109: =STDEV(C9:C104) -> #DIV/0! | D109: =STDEV(D9:D104) -> #DIV/0! | E109: =STDEV(E9:E104) -> #DIV/0! | F109: =STDEV(F9:F104) -> #DIV/0! | G109: =STDEV(G9:G104) -> #DIV/0! | H109: =STDEV(H9:H104) -> #DIV/0! | I109: =STDEV(I9:I104) -> #DIV/0! | ... Q109: =STDEV(Q9:Q104) -> #DIV/0!
A110: Num | B110: =COUNT(B9:B104)+96 -> 96 | C110: =COUNT(C9:C104)+96 -> 96 | D110: =COUNT(D9:D104)+96 -> 96 | E110: =COUNT(E9:E104)+96 -> 96 | F110: =COUNT(F9:F104)+96 -> 96 | G110: =COUNT(G9:G104)+96 -> 96 | H110: =COUNT(H9:H104)+96 -> 96 | I110: =COUNT(I9:I104)+96 -> 96 | ... Q110: =COUNT(Q9:Q104)+96 -> 96
A111: DCR | B111: =IF(B110>=87,">90%",IF(B110<=87,"<90%")) -> >90% | C111: =IF(C110>=87,">90%",IF(C110<=87,"<90%")) -> >90% | D111: =IF(D110>=87,">90%",IF(D110<=87,"<90%")) -> >90% | E111: =IF(E110>=87,">90%",IF(E110<=87,"<90%")) -> >90% | F111: =IF(F110>=87,">90%",IF(F110<=87,"<90%")) -> >90% | G111: =IF(G110>=87,">90%",IF(G110<=87,"<90%")) -> >90% | H111: =IF(H110>=87,">90%",IF(H110<=87,"<90%")) -> >90% | I111: =IF(I110>=87,">90%",IF(I110<=87,"<90%")) -> >90% | ... Q111: =IF(Q110>=87,">90%",IF(Q110<=87,"<90%")) -> >90%
A112: Status | B112: =IF(B110>=87,"OK",IF(B110<=87,"LESS")) -> OK | C112: =IF(C110>=87,"OK",IF(C110<=87,"LESS")) -> OK | D112: =IF(D110>=87,"OK",IF(D110<=87,"LESS")) -> OK | E112: =IF(E110>=87,"OK",IF(E110<=87,"LESS")) -> OK | F112: =IF(F110>=87,"OK",IF(F110<=87,"LESS")) -> OK | G112: =IF(G110>=87,"OK",IF(G110<=87,"LESS")) -> OK | H112: =IF(H110>=87,"OK",IF(H110<=87,"LESS")) -> OK | I112: =IF(I110>=87,"OK",IF(I110<=87,"LESS")) -> OK | ... Q112: =IF(Q110>=87,"OK",IF(Q110<=87,"LESS")) -> OK
A115: Done by | B115: RK
A117: Comment

Sheet 04
A1: Station: | B1: Bhatagaon, RAIPUR
A2: Date: | B2: =$A$9 -> 04-11-2022 00:15 | D2: Power Off | G2: Pw.Off | L2: Link Fail | N2: Link F | P2: Maintenance | R2: Maint.
A3: Report Type: | B3: Mean | D3: Calibration | G3: Calib. | L3: Data Fail | N3: Data F | P3: Invalid | R3: Invalid
A4: Time Base: | B4: 15 Min | D4: Zero Referrence | G4: Z.Ref | L4: Warm Up | N4: Wm. Up
A7: Date & Time | B7: NO_BHATAGAON | C7: NO2__BHATAGAON | D7: NOX_BHATAGAON | E7: SO2__BHATAGAON | F7: O3__BHATAGAON | G7: PM10__BHATAGAON | H7: PM2_5__BHATAGAON | I7: BENZ__BHATAGAON | J7: WS__BHATAGAON | K7: WD__BHATAGAON | L7: TEMP__BHATAGAON | M7: HUM__BHATAGAON | N7: SR__BHATAGAON | O7: RG__BHATAGAON | P7: CO__BHATAGAON | Q7: NH3__BHATAGAON
B8: ug/m3 | C8: ug/m3 | D8: ug/m3 | E8: ug/m3 | F8: ug/m3 | G8: ug/m3 | H8: ug/m3 | I8: ug/m3 | J8: m/sec | K8: deg | L8: degreC | M8: % | N8: w/m2 | O8: mm | P8: mg/m3 | Q8: ug/m3
A9: 04-11-2022 00:15 | B9: Pw.Off | C9: Pw.Off | D9: Pw.Off | E9: Pw.Off | F9: Pw.Off | G9: Pw.Off | H9: Pw.Off | I9: Pw.Off | J9: Pw.Off | K9: Pw.Off | L9: Pw.Off | M9: Pw.Off | N9: Pw.Off | O9: Pw.Off | P9: Pw.Off | Q9: Pw.Off
A10: 04-11-2022 00:30 | B10: Pw.Off | C10: Pw.Off | D10: Pw.Off | E10: Pw.Off | F10: Pw.Off | G10: Pw.Off | H10: Pw.Off | I10: Pw.Off | J10: Pw.Off | K10: Pw.Off | L10: Pw.Off | M10: Pw.Off | N10: Pw.Off | O10: Pw.Off | P10: Pw.Off | Q10: Pw.Off
A11: 04-11-2022 00:45 | B11: Pw.Off | C11: Pw.Off | D11: Pw.Off | E11: Pw.Off | F11: Pw.Off | G11: Pw.Off | H11: Pw.Off | I11: Pw.Off | J11: Pw.Off | K11: Pw.Off | L11: Pw.Off | M11: Pw.Off | N11: Pw.Off | O11: Pw.Off | P11: Pw.Off | Q11: Pw.Off
A12: 04-11-2022 01:00 | B12: Pw.Off | C12: Pw.Off | D12: Pw.Off | E12: Pw.Off | F12: Pw.Off | G12: Pw.Off | H12: Pw.Off | I12: Pw.Off | J12: Pw.Off | K12: Pw.Off | L12: Pw.Off | M12: Pw.Off | N12: Pw.Off | O12: Pw.Off | P12: Pw.Off | Q12: Pw.Off
A13: 04-11-2022 01:15 | B13: Pw.Off | C13: Pw.Off | D13: Pw.Off | E13: Pw.Off | F13: Pw.Off | G13: Pw.Off | H13: Pw.Off | I13: Pw.Off | J13: Pw.Off | K13: Pw.Off | L13: Pw.Off | M13: Pw.Off | N13: Pw.Off | O13: Pw.Off | P13: Pw.Off | Q13: Pw.Off
A14: 04-11-2022 01:30 | B14: Pw.Off | C14: Pw.Off | D14: Pw.Off | E14: Pw.Off | F14: Pw.Off | G14: Pw.Off | H14: Pw.Off | I14: Pw.Off | J14: Pw.Off | K14: Pw.Off | L14: Pw.Off | M14: Pw.Off | N14: Pw.Off | O14: Pw.Off | P14: Pw.Off | Q14: Pw.Off
A15: 04-11-2022 01:45 | B15: Pw.Off | C15: Pw.Off | D15: Pw.Off | E15: Pw.Off | F15: Pw.Off | G15: Pw.Off | H15: Pw.Off | I15: Pw.Off | J15: Pw.Off | K15: Pw.Off | L15: Pw.Off | M15: Pw.Off | N15: Pw.Off | O15: Pw.Off | P15: Pw.Off | Q15: Pw.Off
A16: 04-11-2022 02:00 | B16: Pw.Off | C16: Pw.Off | D16: Pw.Off | E16: Pw.Off | F16: Pw.Off | G16: Pw.Off | H16: Pw.Off | I16: Pw.Off | J16: Pw.Off | K16: Pw.Off | L16: Pw.Off | M16: Pw.Off | N16: Pw.Off | O16: Pw.Off | P16: Pw.Off | Q16: Pw.Off
A17: 04-11-2022 02:15 | B17: Pw.Off | C17: Pw.Off | D17: Pw.Off | E17: Pw.Off | F17: Pw.Off | G17: Pw.Off | H17: Pw.Off | I17: Pw.Off | J17: Pw.Off | K17: Pw.Off | L17: Pw.Off | M17: Pw.Off | N17: Pw.Off | O17: Pw.Off | P17: Pw.Off | Q17: Pw.Off
A18: 04-11-2022 02:30 | B18: Pw.Off | C18: Pw.Off | D18: Pw.Off | E18: Pw.Off | F18: Pw.Off | G18: Pw.Off | H18: Pw.Off | I18: Pw.Off | J18: Pw.Off | K18: Pw.Off | L18: Pw.Off | M18: Pw.Off | N18: Pw.Off | O18: Pw.Off | P18: Pw.Off | Q18: Pw.Off
A19: 04-11-2022 02:45 | B19: Pw.Off | C19: Pw.Off | D19: Pw.Off | E19: Pw.Off | F19: Pw.Off | G19: Pw.Off | H19: Pw.Off | I19: Pw.Off | J19: Pw.Off | K19: Pw.Off | L19: Pw.Off | M19: Pw.Off | N19: Pw.Off | O19: Pw.Off | P19: Pw.Off | Q19: Pw.Off
A20: 04-11-2022 03:00 | B20: Pw.Off | C20: Pw.Off | D20: Pw.Off | E20: Pw.Off | F20: Pw.Off | G20: Pw.Off | H20: Pw.Off | I20: Pw.Off | J20: Pw.Off | K20: Pw.Off | L20: Pw.Off | M20: Pw.Off | N20: Pw.Off | O20: Pw.Off | P20: Pw.Off | Q20: Pw.Off
... A104: 04-11-2022 24:00 | B104: Pw.Off | C104: Pw.Off | D104: Pw.Off | E104: Pw.Off | F104: Pw.Off | G104: Pw.Off | H104: Pw.Off | I104: Pw.Off | J104: Pw.Off | K104: Pw.Off | L104: Pw.Off | M104: Pw.Off | N104: Pw.Off | O104: Pw.Off | P104: Pw.Off | Q104: Pw.Off
A106: Min | B106: =MIN(B9:B104) -> 0 | C106: =MIN(C9:C104) -> 0 | D106: =MIN(D9:D104) -> 0 | E106: =MIN(E9:E104) -> 0 | F106: =MIN(F9:F104) -> 0 | G106: =MIN(G9:G104) -> 0 | H106: =MIN(H9:H104) -> 0 | I106: =MIN(I9:I104) -> 0 | ... Q106: =MIN(Q9:Q104) -> 0
A107: Max | B107: =MAX(B9:B104) -> 0 | C107: =MAX(C9:C104) -> 0 | D107: =MAX(D9:D104) -> 0 | E107: =MAX(E9:E104) -> 0 | F107: =MAX(F9:F104) -> 0 | G107: =MAX(G9:G104) -> 0 | H107: =MAX(H9:H104) -> 0 | I107: =MAX(I9:I104) -> 0 | ... Q107: =MAX(Q9:Q104) -> 0
A108: Avg | B108: =AVERAGE(B9:B104) -> #DIV/0! | C108: =AVERAGE(C9:C104) -> #DIV/0! | D108: =AVERAGE(D9:D104) -> #DIV/0! | E108: =AVERAGE(E9:E104) -> #DIV/0! | F108: =AVERAGE(F9:F104) -> #DIV/0! | G108: =AVERAGE(G9:G104) -> #DIV/0! | H108: =AVERAGE(H9:H104) -> #DIV/0! | I108: =AVERAGE(I9:I104) -> #DIV/0! | ... Q108: =AVERAGE(Q9:Q104) -> #DIV/0!
A109: Stdev | B109: =STDEV(B9:B104) -> #DIV/0! | C109: =STDEV(C9:C104) -> #DIV/0! | D109: =STDEV(D9:D104) -> #DIV/0! | E109: =STDEV(E9:E104) -> #DIV/0! | F109: =STDEV(F9:F104) -> #DIV/0! | G109: =STDEV(G9:G104) -> #DIV/0! | H109: =STDEV(H9:H104) -> #DIV/0! | I109: =STDEV(I9:I104) -> #DIV/0! | ... Q109: =STDEV(Q9:Q104) -> #DIV/0!
A110: Num | B110: =COUNT(B9:B104)+96 -> 96 | C110: =COUNT(C9:C104)+96 -> 96 | D110: =COUNT(D9:D104)+96 -> 96 | E110: =COUNT(E9:E104)+96 -> 96 | F110: =COUNT(F9:F104)+96 -> 96 | G110: =COUNT(G9:G104)+96 -> 96 | H110: =COUNT(H9:H104)+96 -> 96 | I110: =COUNT(I9:I104)+96 -> 96 | ... Q110: =COUNT(Q9:Q104)+96 -> 96
A111: DCR | B111: =IF(B110>=87,">90%",IF(B110<=87,"<90%")) -> >90% | C111: =IF(C110>=87,">90%",IF(C110<=87,"<90%")) -> >90% | D111: =IF(D110>=87,">90%",IF(D110<=87,"<90%")) -> >90% | E111: =IF(E110>=87,">90%",IF(E110<=87,"<90%")) -> >90% | F111: =IF(F110>=87,">90%",IF(F110<=87,"<90%")) -> >90% | G111: =IF(G110>=87,">90%",IF(G110<=87,"<90%")) -> >90% | H111: =IF(H110>=87,">90%",IF(H110<=87,"<90%")) -> >90% | I111: =IF(I110>=87,">90%",IF(I110<=87,"<90%")) -> >90% | ... Q111: =IF(Q110>=87,">90%",IF(Q110<=87,"<90%")) -> >90%
A112: Status | B112: =IF(B110>=87,"OK",IF(B110<=87,"LESS")) -> OK | C112: =IF(C110>=87,"OK",IF(C110<=87,"LESS")) -> OK | D112: =IF(D110>=87,"OK",IF(D110<=87,"LESS")) -> OK | E112: =IF(E110>=87,"OK",IF(E110<=87,"LESS")) -> OK | F112: =IF(F110>=87,"OK",IF(F110<=87,"LESS")) -> OK | G112: =IF(G110>=87,"OK",IF(G110<=87,"LESS")) -> OK | H112: =IF(H110>=87,"OK",IF(H110<=87,"LESS")) -> OK | I112: =IF(I110>=87,"OK",IF(I110<=87,"LESS")) -> OK | ... Q112: =IF(Q110>=87,"OK",IF(Q110<=87,"LESS")) -> OK
A115: Done by | B115: RK
A117: Comment

Sheet 05
A1: Station: | B1: Bhatagaon, RAIPUR
A2: Date: | B2: =$A$9 -> 05-11-2022 00:15 | D2: Power Off | G2: Pw.Off | L2: Link Fail | N2: Link F | P2: Maintenance | R2: Maint.
A3: Report Type: | B3: Mean | D3: Calibration | G3: Calib. | L3: Data Fail | N3: Data F | P3: Invalid | R3: Invalid
A4: Time Base: | B4: 15 Min | D4: Zero Referrence | G4: Z.Ref | L4: Warm Up | N4: Wm. Up
A7: Date & Time | B7: NO_BHATAGAON | C7: NO2__BHATAGAON | D7: NOX_BHATAGAON | E7: SO2__BHATAGAON | F7: O3__BHATAGAON | G7: PM10__BHATAGAON | H7: PM2_5__BHATAGAON | I7: BENZ__BHATAGAON | J7: WS__BHATAGAON | K7: WD__BHATAGAON | L7: TEMP__BHATAGAON | M7: HUM__BHATAGAON | N7: SR__BHATAGAON | O7: RG__BHATAGAON | P7: CO__BHATAGAON | Q7: NH3__BHATAGAON
B8: ug/m3 | C8: ug/m3 | D8: ug/m3 | E8: ug/m3 | F8: ug/m3 | G8: ug/m3 | H8: ug/m3 | I8: ug/m3 | J8: m/sec | K8: deg | L8: degreC | M8: % | N8: w/m2 | O8: mm | P8: mg/m3 | Q8: ug/m3
A9: 05-11-2022 00:15 | B9: Pw.Off | C9: Pw.Off | D9: Pw.Off | E9: Pw.Off | F9: Pw.Off | G9: Pw.Off | H9: Pw.Off | I9: Pw.Off | J9: Pw.Off | K9: Pw.Off | L9: Pw.Off | M9: Pw.Off | N9: Pw.Off | O9: Pw.Off | P9: Pw.Off | Q9: Pw.Off
A10: 05-11-2022 00:30 | B10: Pw.Off | C10: Pw.Off | D10: Pw.Off | E10: Pw.Off | F10: Pw.Off | G10: Pw.Off | H10: Pw.Off | I10: Pw.Off | J10: Pw.Off | K10: Pw.Off | L10: Pw.Off | M10: Pw.Off | N10: Pw.Off | O10: Pw.Off | P10: Pw.Off | Q10: Pw.Off
A11: 05-11-2022 00:45 | B11: Pw.Off | C11: Pw.Off | D11: Pw.Off | E11: Pw.Off | F11: Pw.Off | G11: Pw.Off | H11: Pw.Off | I11: Pw.Off | J11: Pw.Off | K11: Pw.Off | L11: Pw.Off | M11: Pw.Off | N11: Pw.Off | O11: Pw.Off | P11: Pw.Off | Q11: Pw.Off
A12: 05-11-2022 01:00 | B12: Pw.Off | C12: Pw.Off | D12: Pw.Off | E12: Pw.Off | F12: Pw.Off | G12: Pw.Off | H12: Pw.Off | I12: Pw.Off | J12: Pw.Off | K12: Pw.Off | L12: Pw.Off | M12: Pw.Off | N12: Pw.Off | O12: Pw.Off | P12: Pw.Off | Q12: Pw.Off
A13: 05-11-2022 01:15 | B13: Pw.Off | C13: Pw.Off | D13: Pw.Off | E13: Pw.Off | F13: Pw.Off | G13: Pw.Off | H13: Pw.Off | I13: Pw.Off | J13: Pw.Off | K13: Pw.Off | L13: Pw.Off | M13: Pw.Off | N13: Pw.Off | O13: Pw.Off | P13: Pw.Off | Q13: Pw.Off
A14: 05-11-2022 01:30 | B14: Pw.Off | C14: Pw.Off | D14: Pw.Off | E14: Pw.Off | F14: Pw.Off | G14: Pw.Off | H14: Pw.Off | I14: Pw.Off | J14: Pw.Off | K14: Pw.Off | L14: Pw.Off | M14: Pw.Off | N14: Pw.Off | O14: Pw.Off | P14: Pw.Off | Q14: Pw.Off
A15: 05-11-2022 01:45 | B15: Pw.Off | C15: Pw.Off | D15: Pw.Off | E15: Pw.Off | F15: Pw.Off | G15: Pw.Off | H15: Pw.Off | I15: Pw.Off | J15: Pw.Off | K15: Pw.Off | L15: Pw.Off | M15: Pw.Off | N15: Pw.Off | O15: Pw.Off | P15: Pw.Off | Q15: Pw.Off
A16: 05-11-2022 02:00 | B16: Pw.Off | C16: Pw.Off | D16: Pw.Off | E16: Pw.Off | F16: Pw.Off | G16: Pw.Off | H16: Pw.Off | I16: Pw.Off | J16: Pw.Off | K16: Pw.Off | L16: Pw.Off | M16: Pw.Off | N16: Pw.Off | O16: Pw.Off | P16: Pw.Off | Q16: Pw.Off
A17: 05-11-2022 02:15 | B17: Pw.Off | C17: Pw.Off | D17: Pw.Off | E17: Pw.Off | F17: Pw.Off | G17: Pw.Off | H17: Pw.Off | I17: Pw.Off | J17: Pw.Off | K17: Pw.Off | L17: Pw.Off | M17: Pw.Off | N17: Pw.Off | O17: Pw.Off | P17: Pw.Off | Q17: Pw.Off
A18: 05-11-2022 02:30 | B18: Pw.Off | C18: Pw.Off | D18: Pw.Off | E18: Pw.Off | F18: Pw.Off | G18: Pw.Off | H18: Pw.Off | I18: Pw.Off | J18: Pw.Off | K18: Pw.Off | L18: Pw.Off | M18: Pw.Off | N18: Pw.Off | O18: Pw.Off | P18: Pw.Off | Q18: Pw.Off
A19: 05-11-2022 02:45 | B19: Pw.Off | C19: Pw.Off | D19: Pw.Off | E19: Pw.Off | F19: Pw.Off | G19: Pw.Off | H19: Pw.Off | I19: Pw.Off | J19: Pw.Off | K19: Pw.Off | L19: Pw.Off | M19: Pw.Off | N19: Pw.Off | O19: Pw.Off | P19: Pw.Off | Q19: Pw.Off
A20: 05-11-2022 03:00 | B20: Pw.Off | C20: Pw.Off | D20: Pw.Off | E20: Pw.Off | F20: Pw.Off | G20: Pw.Off | H20: Pw.Off | I20: Pw.Off | J20: Pw.Off | K20: Pw.Off | L20: Pw.Off | M20: Pw.Off | N20: Pw.Off | O20: Pw.Off | P20: Pw.Off | Q20: Pw.Off
... A104: 05-11-2022 24:00 | B104: Pw.Off | C104: Pw.Off | D104: Pw.Off | E104: Pw.Off | F104: Pw.Off | G104: Pw.Off | H104: Pw.Off | I104: Pw.Off | J104: Pw.Off | K104: Pw.Off | L104: Pw.Off | M104: Pw.Off | N104: Pw.Off | O104: Pw.Off | P104: Pw.Off | Q104: Pw.Off
A106: Min | B106: =MIN(B9:B104) -> 0 | C106: =MIN(C9:C104) -> 0 | D106: =MIN(D9:D104) -> 0 | E106: =MIN(E9:E104) -> 0 | F106: =MIN(F9:F104) -> 0 | G106: =MIN(G9:G104) -> 0 | H106: =MIN(H9:H104) -> 0 | I106: =MIN(I9:I104) -> 0 | ... Q106: =MIN(Q9:Q104) -> 0
A107: Max | B107: =MAX(B9:B104) -> 0 | C107: =MAX(C9:C104) -> 0 | D107: =MAX(D9:D104) -> 0 | E107: =MAX(E9:E104) -> 0 | F107: =MAX(F9:F104) -> 0 | G107: =MAX(G9:G104) -> 0 | H107: =MAX(H9:H104) -> 0 | I107: =MAX(I9:I104) -> 0 | ... Q107: =MAX(Q9:Q104) -> 0
A108: Avg | B108: =AVERAGE(B9:B104) -> #DIV/0! | C108: =AVERAGE(C9:C104) -> #DIV/0! | D108: =AVERAGE(D9:D104) -> #DIV/0! | E108: =AVERAGE(E9:E104) -> #DIV/0! | F108: =AVERAGE(F9:F104) -> #DIV/0! | G108: =AVERAGE(G9:G104) -> #DIV/0! | H108: =AVERAGE(H9:H104) -> #DIV/0! | I108: =AVERAGE(I9:I104) -> #DIV/0! | ... Q108: =AVERAGE(Q9:Q104) -> #DIV/0!
A109: Stdev | B109: =STDEV(B9:B104) -> #DIV/0! | C109: =STDEV(C9:C104) -> #DIV/0! | D109: =STDEV(D9:D104) -> #DIV/0! | E109: =STDEV(E9:E104) -> #DIV/0! | F109: =STDEV(F9:F104) -> #DIV/0! | G109: =STDEV(G9:G104) -> #DIV/0! | H109: =STDEV(H9:H104) -> #DIV/0! | I109: =STDEV(I9:I104) -> #DIV/0! | ... Q109: =STDEV(Q9:Q104) -> #DIV/0!
A110: Num | B110: =COUNT(B9:B104)+96 -> 96 | C110: =COUNT(C9:C104)+96 -> 96 | D110: =COUNT(D9:D104)+96 -> 96 | E110: =COUNT(E9:E104)+96 -> 96 | F110: =COUNT(F9:F104)+96 -> 96 | G110: =COUNT(G9:G104)+96 -> 96 | H110: =COUNT(H9:H104)+96 -> 96 | I110: =COUNT(I9:I104)+96 -> 96 | ... Q110: =COUNT(Q9:Q104)+96 -> 96
A111: DCR | B111: =IF(B110>=87,">90%",IF(B110<=87,"<90%")) -> >90% | C111: =IF(C110>=87,">90%",IF(C110<=87,"<90%")) -> >90% | D111: =IF(D110>=87,">90%",IF(D110<=87,"<90%")) -> >90% | E111: =IF(E110>=87,">90%",IF(E110<=87,"<90%")) -> >90% | F111: =IF(F110>=87,">90%",IF(F110<=87,"<90%")) -> >90% | G111: =IF(G110>=87,">90%",IF(G110<=87,"<90%")) -> >90% | H111: =IF(H110>=87,">90%",IF(H110<=87,"<90%")) -> >90% | I111: =IF(I110>=87,">90%",IF(I110<=87,"<90%")) -> >90% | ... Q111: =IF(Q110>=87,">90%",IF(Q110<=87,"<90%")) -> >90%
A112: Status | B112: =IF(B110>=87,"OK",IF(B110<=87,"LESS")) -> OK | C112: =IF(C110>=87,"OK",IF(C110<=87,"LESS")) -> OK | D112: =IF(D110>=87,"OK",IF(D110<=87,"LESS")) -> OK | E112: =IF(E110>=87,"OK",IF(E110<=87,"LESS")) -> OK | F112: =IF(F110>=87,"OK",IF(F110<=87,"LESS")) -> OK | G112: =IF(G110>=87,"OK",IF(G110<=87,"LESS")) -> OK | H112: =IF(H110>=87,"OK",IF(H110<=87,"LESS")) -> OK | I112: =IF(I110>=87,"OK",IF(I110<=87,"LESS")) -> OK | ... Q112: =IF(Q110>=87,"OK",IF(Q110<=87,"LESS")) -> OK
A115: Done by | B115: RK
A117: Comment

Sheet 06
A1: Station: | B1: Bhatagaon, RAIPUR
A2: Date: | B2: =$A$9 -> 06-11-2022 00:15 | D2: Power Off | G2: Pw.Off | L2: Link Fail | N2: Link F | P2: Maintenance | R2: Maint.
A3: Report Type: | B3: Mean | D3: Calibration | G3: Calib. | L3: Data Fail | N3: Data F | P3: Invalid | R3: Invalid
A4: Time Base: | B4: 15 Min | D4: Zero Referrence | G4: Z.Ref | L4: Warm Up | N4: Wm. Up
A7: Date & Time | B7: NO_BHATAGAON | C7: NO2__BHATAGAON | D7: NOX_BHATAGAON | E7: SO2__BHATAGAON | F7: O3__BHATAGAON | G7: PM10__BHATAGAON | H7: PM2_5__BHATAGAON | I7: BENZ__BHATAGAON | J7: WS__BHATAGAON | K7: WD__BHATAGAON | L7: TEMP__BHATAGAON | M7: HUM__BHATAGAON | N7: SR__BHATAGAON | O7: RG__BHATAGAON | P7: CO__BHATAGAON | Q7: NH3__BHATAGAON
B8: ug/m3 | C8: ug/m3 | D8: ug/m3 | E8: ug/m3 | F8: ug/m3 | G8: ug/m3 | H8: ug/m3 | I8: ug/m3 | J8: m/sec | K8: deg | L8: degreC | M8: % | N8: w/m2 | O8: mm | P8: mg/m3 | Q8: ug/m3
A9: 06-11-2022 00:15 | B9: Pw.Off | C9: Pw.Off | D9: Pw.Off | E9: Pw.Off | F9: Pw.Off | G9: Pw.Off | H9: Pw.Off | I9: Pw.Off | J9: Pw.Off | K9: Pw.Off | L9: Pw.Off | M9: Pw.Off | N9: Pw.Off | O9: Pw.Off | P9: Pw.Off | Q9: Pw.Off
A10: 06-11-2022 00:30 | B10: Pw.Off | C10: Pw.Off | D10: Pw.Off | E10: Pw.Off | F10: Pw.Off | G10: Pw.Off | H10: Pw.Off | I10: Pw.Off | J10: Pw.Off | K10: Pw.Off | L10: Pw.Off | M10: Pw.Off | N10: Pw.Off | O10: Pw.Off | P10: Pw.Off | Q10: Pw.Off
A11: 06-11-2022 00:45 | B11: Pw.Off | C11: Pw.Off | D11: Pw.Off | E11: Pw.Off | F11: Pw.Off | G11: Pw.Off | H11: Pw.Off | I11: Pw.Off | J11: Pw.Off | K11: Pw.Off | L11: Pw.Off | M11: Pw.Off | N11: Pw.Off | O11: Pw.Off | P11: Pw.Off | Q11: Pw.Off
A12: 06-11-2022 01:00 | B12: Pw.Off | C12: Pw.Off | D12: Pw.Off | E12: Pw.Off | F12: Pw.Off | G12: Pw.Off | H12: Pw.Off | I12: Pw.Off | J12: Pw.Off | K12: Pw.Off | L12: Pw.Off | M12: Pw.Off | N12: Pw.Off | O12: Pw.Off | P12: Pw.Off | Q12: Pw.Off
A13: 06-11-2022 01:15 | B13: Pw.Off | C13: Pw.Off | D13: Pw.Off | E13: Pw.Off | F13: Pw.Off | G13: Pw.Off | H13: Pw.Off | I13: Pw.Off | J13: Pw.Off | K13: Pw.Off | L13: Pw.Off | M13: Pw.Off | N13: Pw.Off | O13: Pw.Off | P13: Pw.Off | Q13: Pw.Off
A14: 06-11-2022 01:30 | B14: Pw.Off | C14: Pw.Off | D14: Pw.Off | E14: Pw.Off | F14: Pw.Off | G14: Pw.Off | H14: Pw.Off | I14: Pw.Off | J14: Pw.Off | K14: Pw.Off | L14: Pw.Off | M14: Pw.Off | N14: Pw.Off | O14: Pw.Off | P14: Pw.Off | Q14: Pw.Off
A15: 06-11-2022 01:45 | B15: Pw.Off | C15: Pw.Off | D15: Pw.Off | E15: Pw.Off | F15: Pw.Off | G15: Pw.Off | H15: Pw.Off | I15: Pw.Off | J15: Pw.Off | K15: Pw.Off | L15: Pw.Off | M15: Pw.Off | N15: Pw.Off | O15: Pw.Off | P15: Pw.Off | Q15: Pw.Off
A16: 06-11-2022 02:00 | B16: Pw.Off | C16: Pw.Off | D16: Pw.Off | E16: Pw.Off | F16: Pw.Off | G16: Pw.Off | H16: Pw.Off | I16: Pw.Off | J16: Pw.Off | K16: Pw.Off | L16: Pw.Off | M16: Pw.Off | N16: Pw.Off | O16: Pw.Off | P16: Pw.Off | Q16: Pw.Off
A17: 06-11-2022 02:15 | B17: Pw.Off | C17: Pw.Off | D17: Pw.Off | E17: Pw.Off | F17: Pw.Off | G17: Pw.Off | H17: Pw.Off | I17: Pw.Off | J17: Pw.Off | K17: Pw.Off | L17: Pw.Off | M17: Pw.Off | N17: Pw.Off | O17: Pw.Off | P17: Pw.Off | Q17: Pw.Off
A18: 06-11-2022 02:30 | B18: Pw.Off | C18: Pw.Off | D18: Pw.Off | E18: Pw.Off | F18: Pw.Off | G18: Pw.Off | H18: Pw.Off | I18: Pw.Off | J18: Pw.Off | K18: Pw.Off | L18: Pw.Off | M18: Pw.Off | N18: Pw.Off | O18: Pw.Off | P18: Pw.Off | Q18: Pw.Off
A19: 06-11-2022 02:45 | B19: Pw.Off | C19: Pw.Off | D19: Pw.Off | E19: Pw.Off | F19: Pw.Off | G19: Pw.Off | H19: Pw.Off | I19: Pw.Off | J19: Pw.Off | K19: Pw.Off | L19: Pw.Off | M19: Pw.Off | N19: Pw.Off | O19: Pw.Off | P19: Pw.Off | Q19: Pw.Off
A20: 06-11-2022 03:00 | B20: Pw.Off | C20: Pw.Off | D20: Pw.Off | E20: Pw.Off | F20: Pw.Off | G20: Pw.Off | H20: Pw.Off | I20: Pw.Off | J20: Pw.Off | K20: Pw.Off | L20: Pw.Off | M20: Pw.Off | N20: Pw.Off | O20: Pw.Off | P20: Pw.Off | Q20: Pw.Off
... A104: 06-11-2022 24:00 | B104: Pw.Off | C104: Pw.Off | D104: Pw.Off | E104: Pw.Off | F104: Pw.Off | G104: Pw.Off | H104: Pw.Off | I104: Pw.Off | J104: Pw.Off | K104: Pw.Off | L104: Pw.Off | M104: Pw.Off | N104: Pw.Off | O104: Pw.Off | P104: Pw.Off | Q104: Pw.Off
A106: Min | B106: =MIN(B9:B104) -> 0 | C106: =MIN(C9:C104) -> 0 | D106: =MIN(D9:D104) -> 0 | E106: =MIN(E9:E104) -> 0 | F106: =MIN(F9:F104) -> 0 | G106: =MIN(G9:G104) -> 0 | H106: =MIN(H9:H104) -> 0 | I106: =MIN(I9:I104) -> 0 | ... Q106: =MIN(Q9:Q104) -> 0
A107: Max | B107: =MAX(B9:B104) -> 0 | C107: =MAX(C9:C104) -> 0 | D107: =MAX(D9:D104) -> 0 | E107: =MAX(E9:E104) -> 0 | F107: =MAX(F9:F104) -> 0 | G107: =MAX(G9:G104) -> 0 | H107: =MAX(H9:H104) -> 0 | I107: =MAX(I9:I104) -> 0 | ... Q107: =MAX(Q9:Q104) -> 0
A108: Avg | B108: =AVERAGE(B9:B104) -> #DIV/0! | C108: =AVERAGE(C9:C104) -> #DIV/0! | D108: =AVERAGE(D9:D104) -> #DIV/0! | E108: =AVERAGE(E9:E104) -> #DIV/0! | F108: =AVERAGE(F9:F104) -> #DIV/0! | G108: =AVERAGE(G9:G104) -> #DIV/0! | H108: =AVERAGE(H9:H104) -> #DIV/0! | I108: =AVERAGE(I9:I104) -> #DIV/0! | ... Q108: =AVERAGE(Q9:Q104) -> #DIV/0!
A109: Stdev | B109: =STDEV(B9:B104) -> #DIV/0! | C109: =STDEV(C9:C104) -> #DIV/0! | D109: =STDEV(D9:D104) -> #DIV/0! | E109: =STDEV(E9:E104) -> #DIV/0! | F109: =STDEV(F9:F104) -> #DIV/0! | G109: =STDEV(G9:G104) -> #DIV/0! | H109: =STDEV(H9:H104) -> #DIV/0! | I109: =STDEV(I9:I104) -> #DIV/0! | ... Q109: =STDEV(Q9:Q104) -> #DIV/0!
A110: Num | B110: =COUNT(B9:B104)+96 -> 96 | C110: =COUNT(C9:C104)+96 -> 96 | D110: =COUNT(D9:D104)+96 -> 96 | E110: =COUNT(E9:E104)+96 -> 96 | F110: =COUNT(F9:F104)+96 -> 96 | G110: =COUNT(G9:G104)+96 -> 96 | H110: =COUNT(H9:H104)+96 -> 96 | I110: =COUNT(I9:I104)+96 -> 96 | ... Q110: =COUNT(Q9:Q104)+96 -> 96
A111: DCR | B111: =IF(B110>=87,">90%",IF(B110<=87,"<90%")) -> >90% | C111: =IF(C110>=87,">90%",IF(C110<=87,"<90%")) -> >90% | D111: =IF(D110>=87,">90%",IF(D110<=87,"<90%")) -> >90% | E111: =IF(E110>=87,">90%",IF(E110<=87,"<90%")) -> >90% | F111: =IF(F110>=87,">90%",IF(F110<=87,"<90%")) -> >90% | G111: =IF(G110>=87,">90%",IF(G110<=87,"<90%")) -> >90% | H111: =IF(H110>=87,">90%",IF(H110<=87,"<90%")) -> >90% | I111: =IF(I110>=87,">90%",IF(I110<=87,"<90%")) -> >90% | ... Q111: =IF(Q110>=87,">90%",IF(Q110<=87,"<90%")) -> >90%
A112: Status | B112: =IF(B110>=87,"OK",IF(B110<=87,"LESS")) -> OK | C112: =IF(C110>=87,"OK",IF(C110<=87,"LESS")) -> OK | D112: =IF(D110>=87,"OK",IF(D110<=87,"LESS")) -> OK | E112: =IF(E110>=87,"OK",IF(E110<=87,"LESS")) -> OK | F112: =IF(F110>=87,"OK",IF(F110<=87,"LESS")) -> OK | G112: =IF(G110>=87,"OK",IF(G110<=87,"LESS")) -> OK | H112: =IF(H110>=87,"OK",IF(H110<=87,"LESS")) -> OK | I112: =IF(I110>=87,"OK",IF(I110<=87,"LESS")) -> OK | ... Q112: =IF(Q110>=87,"OK",IF(Q110<=87,"LESS")) -> OK
A115: Done by | B115: RK
A117: Comment

Sheet 07
A1: Station: | B1: Bhatagaon, RAIPUR
A2: Date: | B2: =$A$9 -> 07-11-2022 00:15 | D2: Power Off | G2: Pw.Off | L2: Link Fail | N2: Link F | P2: Maintenance | R2: Maint.
A3: Report Type: | B3: Mean | D3: Calibration | G3: Calib. | L3: Data Fail | N3: Data F | P3: Invalid | R3: Invalid
A4: Time Base: | B4: 15 Min | D4: Zero Referrence | G4: Z.Ref | L4: Warm Up | N4: Wm. Up
A7: Date & Time | B7: NO_BHATAGAON | C7: NO2__BHATAGAON | D7: NOX_BHATAGAON | E7: SO2__BHATAGAON | F7: O3__BHATAGAON | G7: PM10__BHATAGAON | H7: PM2_5__BHATAGAON | I7: BENZ__BHATAGAON | J7: WS__BHATAGAON | K7: WD__BHATAGAON | L7: TEMP__BHATAGAON | M7: HUM__BHATAGAON | N7: SR__BHATAGAON | O7: RG__BHATAGAON | P7: CO__BHATAGAON | Q7: NH3__BHATAGAON
B8: ug/m3 | C8: ug/m3 | D8: ug/m3 | E8: ug/m3 | F8: ug/m3 | G8: ug/m3 | H8: ug/m3 | I8: ug/m3 | J8: m/sec | K8: deg | L8: degreC | M8: % | N8: w/m2 | O8: mm | P8: mg/m3 | Q8: ug/m3
A9: 07-11-2022 00:15 | B9: Pw.Off | C9: Pw.Off | D9: Pw.Off | E9: Pw.Off | F9: Pw.Off | G9: Pw.Off | H9: Pw.Off | I9: Pw.Off | J9: Pw.Off | K9: Pw.Off | L9: Pw.Off | M9: Pw.Off | N9: Pw.Off | O9: Pw.Off | P9: Pw.Off | Q9: Pw.Off
A10: 07-11-2022 00:30 | B10: Pw.Off | C10: Pw.Off | D10: Pw.Off | E10: Pw.Off | F10: Pw.Off | G10: Pw.Off | H10: Pw.Off | I10: Pw.Off | J10: Pw.Off | K10: Pw.Off | L10: Pw.Off | M10: Pw.Off | N10: Pw.Off | O10: Pw.Off | P10: Pw.Off | Q10: Pw.Off
A11: 07-11-2022 00:45 | B11: Pw.Off | C11: Pw.Off | D11: Pw.Off | E11: Pw.Off | F11: Pw.Off | G11: Pw.Off | H11: Pw.Off | I11: Pw.Off | J11: Pw.Off | K11: Pw.Off | L11: Pw.Off | M11: Pw.Off | N11: Pw.Off | O11: Pw.Off | P11: Pw.Off | Q11: Pw.Off
A12: 07-11-2022 01:00 | B12: Pw.Off | C12: Pw.Off | D12: Pw.Off | E12: Pw.Off | F12: Pw.Off | G12: Pw.Off | H12: Pw.Off | I12: Pw.Off | J12: Pw.Off | K12: Pw.Off | L12: Pw.Off | M12: Pw.Off | N12: Pw.Off | O12: Pw.Off | P12: Pw.Off | Q12: Pw.Off
A13: 07-11-2022 01:15 | B13: Pw.Off | C13: Pw.Off | D13: Pw.Off | E13: Pw.Off | F13: Pw.Off | G13: Pw.Off | H13: Pw.Off | I13: Pw.Off | J13: Pw.Off | K13: Pw.Off | L13: Pw.Off | M13: Pw.Off | N13: Pw.Off | O13: Pw.Off | P13: Pw.Off | Q13: Pw.Off
A14: 07-11-2022 01:30 | B14: Pw.Off | C14: Pw.Off | D14: Pw.Off | E14: Pw.Off | F14: Pw.Off | G14: Pw.Off | H14: Pw.Off | I14: Pw.Off | J14: Pw.Off | K14: Pw.Off | L14: Pw.Off | M14: Pw.Off | N14: Pw.Off | O14: Pw.Off | P14: Pw.Off | Q14: Pw.Off
A15: 07-11-2022 01:45 | B15: Pw.Off | C15: Pw.Off | D15: Pw.Off | E15: Pw.Off | F15: Pw.Off | G15: Pw.Off | H15: Pw.Off | I15: Pw.Off | J15: Pw.Off | K15: Pw.Off | L15: Pw.Off | M15: Pw.Off | N15: Pw.Off | O15: Pw.Off | P15: Pw.Off | Q15: Pw.Off
A16: 07-11-2022 02:00 | B16: Pw.Off | C16: Pw.Off | D16: Pw.Off | E16: Pw.Off | F16: Pw.Off | G16: Pw.Off | H16: Pw.Off | I16: Pw.Off | J16: Pw.Off | K16: Pw.Off | L16: Pw.Off | M16: Pw.Off | N16: Pw.Off | O16: Pw.Off | P16: Pw.Off | Q16: Pw.Off
A17: 07-11-2022 02:15 | B17: Pw.Off | C17: Pw.Off | D17: Pw.Off | E17: Pw.Off | F17: Pw.Off | G17: Pw.Off | H17: Pw.Off | I17: Pw.Off | J17: Pw.Off | K17: Pw.Off | L17: Pw.Off | M17: Pw.Off | N17: Pw.Off | O17: Pw.Off | P17: Pw.Off | Q17: Pw.Off
A18: 07-11-2022 02:30 | B18: Pw.Off | C18: Pw.Off | D18: Pw.Off | E18: Pw.Off | F18: Pw.Off | G18: Pw.Off | H18: Pw.Off | I18: Pw.Off | J18: Pw.Off | K18: Pw.Off | L18: Pw.Off | M18: Pw.Off | N18: Pw.Off | O18: Pw.Off | P18: Pw.Off | Q18: Pw.Off
A19: 07-11-2022 02:45 | B19: Pw.Off | C19: Pw.Off | D19: Pw.Off | E19: Pw.Off | F19: Pw.Off | G19: Pw.Off | H19: Pw.Off | I19: Pw.Off | J19: Pw.Off | K19: Pw.Off | L19: Pw.Off | M19: Pw.Off | N19: Pw.Off | O19: Pw.Off | P19: Pw.Off | Q19: Pw.Off
A20: 07-11-2022 03:00 | B20: Pw.Off | C20: Pw.Off | D20: Pw.Off | E20: Pw.Off | F20: Pw.Off | G20: Pw.Off | H20: Pw.Off | I20: Pw.Off | J20: Pw.Off | K20: Pw.Off | L20: Pw.Off | M20: Pw.Off | N20: Pw.Off | O20: Pw.Off | P20: Pw.Off | Q20: Pw.Off
... A104: 07-11-2022 24:00 | B104: Pw.Off | C104: Pw.Off | D104: Pw.Off | E104: Pw.Off | F104: Pw.Off | G104: Pw.Off | H104: Pw.Off | I104: Pw.Off | J104: Pw.Off | K104: Pw.Off | L104: Pw.Off | M104: Pw.Off | N104: Pw.Off | O104: Pw.Off | P104: Pw.Off | Q104: Pw.Off
A106: Min | B106: =MIN(B9:B104) -> 0 | C106: =MIN(C9:C104) -> 0 | D106: =MIN(D9:D104) -> 0 | E106: =MIN(E9:E104) -> 0 | F106: =MIN(F9:F104) -> 0 | G106: =MIN(G9:G104) -> 0 | H106: =MIN(H9:H104) -> 0 | I106: =MIN(I9:I104) -> 0 | ... Q106: =MIN(Q9:Q104) -> 0
A107: Max | B107: =MAX(B9:B104) -> 0 | C107: =MAX(C9:C104) -> 0 | D107: =MAX(D9:D104) -> 0 | E107: =MAX(E9:E104) -> 0 | F107: =MAX(F9:F104) -> 0 | G107: =MAX(G9:G104) -> 0 | H107: =MAX(H9:H104) -> 0 | I107: =MAX(I9:I104) -> 0 | ... Q107: =MAX(Q9:Q104) -> 0
A108: Avg | B108: =AVERAGE(B9:B104) -> #DIV/0! | C108: =AVERAGE(C9:C104) -> #DIV/0! | D108: =AVERAGE(D9:D104) -> #DIV/0! | E108: =AVERAGE(E9:E104) -> #DIV/0! | F108: =AVERAGE(F9:F104) -> #DIV/0! | G108: =AVERAGE(G9:G104) -> #DIV/0! | H108: =AVERAGE(H9:H104) -> #DIV/0! | I108: =AVERAGE(I9:I104) -> #DIV/0! | ... Q108: =AVERAGE(Q9:Q104) -> #DIV/0!
A109: Stdev | B109: =STDEV(B9:B104) -> #DIV/0! | C109: =STDEV(C9:C104) -> #DIV/0! | D109: =STDEV(D9:D104) -> #DIV/0! | E109: =STDEV(E9:E104) -> #DIV/0! | F109: =STDEV(F9:F104) -> #DIV/0! | G109: =STDEV(G9:G104) -> #DIV/0! | H109: =STDEV(H9:H104) -> #DIV/0! | I109: =STDEV(I9:I104) -> #DIV/0! | ... Q109: =STDEV(Q9:Q104) -> #DIV/0!
A110: Num | B110: =COUNT(B9:B104)+96 -> 96 | C110: =COUNT(C9:C104)+96 -> 96 | D110: =COUNT(D9:D104)+96 -> 96 | E110: =COUNT(E9:E104)+96 -> 96 | F110: =COUNT(F9:F104)+96 -> 96 | G110: =COUNT(G9:G104)+96 -> 96 | H110: =COUNT(H9:H104)+96 -> 96 | I110: =COUNT(I9:I104)+96 -> 96 | ... Q110: =COUNT(Q9:Q104)+96 -> 96
A111: DCR | B111: =IF(B110>=87,">90%",IF(B110<=87,"<90%")) -> >90% | C111: =IF(C110>=87,">90%",IF(C110<=87,"<90%")) -> >90% | D111: =IF(D110>=87,">90%",IF(D110<=87,"<90%")) -> >90% | E111: =IF(E110>=87,">90%",IF(E110<=87,"<90%")) -> >90% | F111: =IF(F110>=87,">90%",IF(F110<=87,"<90%")) -> >90% | G111: =IF(G110>=87,">90%",IF(G110<=87,"<90%")) -> >90% | H111: =IF(H110>=87,">90%",IF(H110<=87,"<90%")) -> >90% | I111: =IF(I110>=87,">90%",IF(I110<=87,"<90%")) -> >90% | ... Q111: =IF(Q110>=87,">90%",IF(Q110<=87,"<90%")) -> >90%
A112: Status | B112: =IF(B110>=87,"OK",IF(B110<=87,"LESS")) -> OK | C112: =IF(C110>=87,"OK",IF(C110<=87,"LESS")) -> OK | D112: =IF(D110>=87,"OK",IF(D110<=87,"LESS")) -> OK | E112: =IF(E110>=87,"OK",IF(E110<=87,"LESS")) -> OK | F112: =IF(F110>=87,"OK",IF(F110<=87,"LESS")) -> OK | G112: =IF(G110>=87,"OK",IF(G110<=87,"LESS")) -> OK | H112: =IF(H110>=87,"OK",IF(H110<=87,"LESS")) -> OK | I112: =IF(I110>=87,"OK",IF(I110<=87,"LESS")) -> OK | ... Q112: =IF(Q110>=87,"OK",IF(Q110<=87,"LESS")) -> OK
A115: Done by | B115: RK
A117: Comment

Sheet 08
A1: Station: | B1: Bhatagaon, RAIPUR
A2: Date: | B2: =$A$9 -> 08-11-2022 00:15 | D2: Power Off | G2: Pw.Off | L2: Link Fail | N2: Link F | P2: Maintenance | R2: Maint.
A3: Report Type: | B3: Mean | D3: Calibration | G3: Calib. | L3: Data Fail | N3: Data F | P3: Invalid | R3: Invalid
A4: Time Base: | B4: 15 Min | D4: Zero Referrence | G4: Z.Ref | L4: Warm Up | N4: Wm. Up
A7: Date & Time | B7: NO_BHATAGAON | C7: NO2__BHATAGAON | D7: NOX_BHATAGAON | E7: SO2__BHATAGAON | F7: O3__BHATAGAON | G7: PM10__BHATAGAON | H7: PM2_5__BHATAGAON | I7: BENZ__BHATAGAON | J7: WS__BHATAGAON | K7: WD__BHATAGAON | L7: TEMP__BHATAGAON | M7: HUM__BHATAGAON | N7: SR__BHATAGAON | O7: RG__BHATAGAON | P7: CO__BHATAGAON | Q7: NH3__BHATAGAON
B8: ug/m3 | C8: ug/m3 | D8: ug/m3 | E8: ug/m3 | F8: ug/m3 | G8: ug/m3 | H8: ug/m3 | I8: ug/m3 | J8: m/sec | K8: deg | L8: degreC | M8: % | N8: w/m2 | O8: mm | P8: mg/m3 | Q8: ug/m3
A9: 08-11-2022 00:15 | B9: Pw.Off | C9: Pw.Off | D9: Pw.Off | E9: Pw.Off | F9: Pw.Off | G9: Pw.Off | H9: Pw.Off | I9: Pw.Off | J9: Pw.Off | K9: Pw.Off | L9: Pw.Off | M9: Pw.Off | N9: Pw.Off | O9: Pw.Off | P9: Pw.Off | Q9: Pw.Off
A10: 08-11-2022 00:30 | B10: Pw.Off | C10: Pw.Off | D10: Pw.Off | E10: Pw.Off | F10: Pw.Off | G10: Pw.Off | H10: Pw.Off | I10: Pw.Off | J10: Pw.Off | K10: Pw.Off | L10: Pw.Off | M10: Pw.Off | N10: Pw.Off | O10: Pw.Off | P10: Pw.Off | Q10: Pw.Off
A11: 08-11-2022 00:45 | B11: Pw.Off | C11: Pw.Off | D11: Pw.Off | E11: Pw.Off | F11: Pw.Off | G11: Pw.Off | H11: Pw.Off | I11: Pw.Off | J11: Pw.Off | K11: Pw.Off | L11: Pw.Off | M11: Pw.Off | N11: Pw.Off | O11: Pw.Off | P11: Pw.Off | Q11: Pw.Off
A12: 08-11-2022 01:00 | B12: Pw.Off | C12: Pw.Off | D12: Pw.Off | E12: Pw.Off | F12: Pw.Off | G12: Pw.Off | H12: Pw.Off | I12: Pw.Off | J12: Pw.Off | K12: Pw.Off | L12: Pw.Off | M12: Pw.Off | N12: Pw.Off | O12: Pw.Off | P12: Pw.Off | Q12: Pw.Off
A13: 08-11-2022 01:15 | B13: Pw.Off | C13: Pw.Off | D13: Pw.Off | E13: Pw.Off | F13: Pw.Off | G13: Pw.Off | H13: Pw.Off | I13: Pw.Off | J13: Pw.Off | K13: Pw.Off | L13: Pw.Off | M13: Pw.Off | N13: Pw.Off | O13: Pw.Off | P13: Pw.Off | Q13: Pw.Off
A14: 08-11-2022 01:30 | B14: Pw.Off | C14: Pw.Off | D14: Pw.Off | E14: Pw.Off | F14: Pw.Off | G14: Pw.Off | H14: Pw.Off | I14: Pw.Off | J14: Pw.Off | K14: Pw.Off | L14: Pw.Off | M14: Pw.Off | N14: Pw.Off | O14: Pw.Off | P14: Pw.Off | Q14: Pw.Off
A15: 08-11-2022 01:45 | B15: Pw.Off | C15: Pw.Off | D15: Pw.Off | E15: Pw.Off | F15: Pw.Off | G15: Pw.Off | H15: Pw.Off | I15: Pw.Off | J15: Pw.Off | K15: Pw.Off | L15: Pw.Off | M15: Pw.Off | N15: Pw.Off | O15: Pw.Off | P15: Pw.Off | Q15: Pw.Off
A16: 08-11-2022 02:00 | B16: Pw.Off | C16: Pw.Off | D16: Pw.Off | E16: Pw.Off | F16: Pw.Off | G16: Pw.Off | H16: Pw.Off | I16: Pw.Off | J16: Pw.Off | K16: Pw.Off | L16: Pw.Off | M16: Pw.Off | N16: Pw.Off | O16: Pw.Off | P16: Pw.Off | Q16: Pw.Off
A17: 08-11-2022 02:15 | B17: Pw.Off | C17: Pw.Off | D17: Pw.Off | E17: Pw.Off | F17: Pw.Off | G17: Pw.Off | H17: Pw.Off | I17: Pw.Off | J17: Pw.Off | K17: Pw.Off | L17: Pw.Off | M17: Pw.Off | N17: Pw.Off | O17: Pw.Off | P17: Pw.Off | Q17: Pw.Off
A18: 08-11-2022 02:30 | B18: Pw.Off | C18: Pw.Off | D18: Pw.Off | E18: Pw.Off | F18: Pw.Off | G18: Pw.Off | H18: Pw.Off | I18: Pw.Off | J18: Pw.Off | K18: Pw.Off | L18: Pw.Off | M18: Pw.Off | N18: Pw.Off | O18: Pw.Off | P18: Pw.Off | Q18: Pw.Off
A19: 08-11-2022 02:45 | B19: Pw.Off | C19: Pw.Off | D19: Pw.Off | E19: Pw.Off | F19: Pw.Off | G19: Pw.Off | H19: Pw.Off | I19: Pw.Off | J19: Pw.Off | K19: Pw.Off | L19: Pw.Off | M19: Pw.Off | N19: Pw.Off | O19: Pw.Off | P19: Pw.Off | Q19: Pw.Off
A20: 08-11-2022 03:00 | B20: Pw.Off | C20: Pw.Off | D20: Pw.Off | E20: Pw.Off | F20: Pw.Off | G20: Pw.Off | H20: Pw.Off | I20: Pw.Off | J20: Pw.Off | K20: Pw.Off | L20: Pw.Off | M20: Pw.Off | N20: Pw.Off | O20: Pw.Off | P20: Pw.Off | Q20: Pw.Off
... A104: 08-11-2022 24:00 | B104: Pw.Off | C104: Pw.Off | D104: Pw.Off | E104: Pw.Off | F104: Pw.Off | G104: Pw.Off | H104: Pw.Off | I104: Pw.Off | J104: Pw.Off | K104: Pw.Off | L104: Pw.Off | M104: Pw.Off | N104: Pw.Off | O104: Pw.Off | P104: Pw.Off | Q104: Pw.Off
A106: Min | B106: =MIN(B9:B104) -> 0 | C106: =MIN(C9:C104) -> 0 | D106: =MIN(D9:D104) -> 0 | E106: =MIN(E9:E104) -> 0 | F106: =MIN(F9:F104) -> 0 | G106: =MIN(G9:G104) -> 0 | H106: =MIN(H9:H104) -> 0 | I106: =MIN(I9:I104) -> 0 | ... Q106: =MIN(Q9:Q104) -> 0
A107: Max | B107: =MAX(B9:B104) -> 0 | C107: =MAX(C9:C104) -> 0 | D107: =MAX(D9:D104) -> 0 | E107: =MAX(E9:E104) -> 0 | F107: =MAX(F9:F104) -> 0 | G107: =MAX(G9:G104) -> 0 | H107: =MAX(H9:H104) -> 0 | I107: =MAX(I9:I104) -> 0 | ... Q107: =MAX(Q9:Q104) -> 0
A108: Avg | B108: =AVERAGE(B9:B104) -> #DIV/0! | C108: =AVERAGE(C9:C104) -> #DIV/0! | D108: =AVERAGE(D9:D104) -> #DIV/0! | E108: =AVERAGE(E9:E104) -> #DIV/0! | F108: =AVERAGE(F9:F104) -> #DIV/0! | G108: =AVERAGE(G9:G104) -> #DIV/0! | H108: =AVERAGE(H9:H104) -> #DIV/0! | I108: =AVERAGE(I9:I104) -> #DIV/0! | ... Q108: =AVERAGE(Q9:Q104) -> #DIV/0!
A109: Stdev | B109: =STDEV(B9:B104) -> #DIV/0! | C109: =STDEV(C9:C104) -> #DIV/0! | D109: =STDEV(D9:D104) -> #DIV/0! | E109: =STDEV(E9:E104) -> #DIV/0! | F109: =STDEV(F9:F104) -> #DIV/0! | G109: =STDEV(G9:G104) -> #DIV/0! | H109: =STDEV(H9:H104) -> #DIV/0! | I109: =STDEV(I9:I104) -> #DIV/0! | ... Q109: =STDEV(Q9:Q104) -> #DIV/0!
A110: Num | B110: =COUNT(B9:B104)+96 -> 96 | C110: =COUNT(C9:C104)+96 -> 96 | D110: =COUNT(D9:D104)+96 -> 96 | E110: =COUNT(E9:E104)+96 -> 96 | F110: =COUNT(F9:F104)+96 -> 96 | G110: =COUNT(G9:G104)+96 -> 96 | H110: =COUNT(H9:H104)+96 -> 96 | I110: =COUNT(I9:I104)+96 -> 96 | ... Q110: =COUNT(Q9:Q104)+96 -> 96
A111: DCR | B111: =IF(B110>=87,">90%",IF(B110<=87,"<90%")) -> >90% | C111: =IF(C110>=87,">90%",IF(C110<=87,"<90%")) -> >90% | D111: =IF(D110>=87,">90%",IF(D110<=87,"<90%")) -> >90% | E111: =IF(E110>=87,">90%",IF(E110<=87,"<90%")) -> >90% | F111: =IF(F110>=87,">90%",IF(F110<=87,"<90%")) -> >90% | G111: =IF(G110>=87,">90%",IF(G110<=87,"<90%")) -> >90% | H111: =IF(H110>=87,">90%",IF(H110<=87,"<90%")) -> >90% | I111: =IF(I110>=87,">90%",IF(I110<=87,"<90%")) -> >90% | ... Q111: =IF(Q110>=87,">90%",IF(Q110<=87,"<90%")) -> >90%
A112: Status | B112: =IF(B110>=87,"OK",IF(B110<=87,"LESS")) -> OK | C112: =IF(C110>=87,"OK",IF(C110<=87,"LESS")) -> OK | D112: =IF(D110>=87,"OK",IF(D110<=87,"LESS")) -> OK | E112: =IF(E110>=87,"OK",IF(E110<=87,"LESS")) -> OK | F112: =IF(F110>=87,"OK",IF(F110<=87,"LESS")) -> OK | G112: =IF(G110>=87,"OK",IF(G110<=87,"LESS")) -> OK | H112: =IF(H110>=87,"OK",IF(H110<=87,"LESS")) -> OK | I112: =IF(I110>=87,"OK",IF(I110<=87,"LESS")) -> OK | ... Q112: =IF(Q110>=87,"OK",IF(Q110<=87,"LESS")) -> OK
A115: Done by | B115: RK
A117: Comment

Sheet 09
A1: Station: | B1: Bhatagaon, RAIPUR
A2: Date: | B2: =$A$9 -> 09-11-2022 00:15 | D2: Power Off | G2: Pw.Off | L2: Link Fail | N2: Link F | P2: Maintenance | R2: Maint.
A3: Report Type: | B3: Mean | D3: Calibration | G3: Calib. | L3: Data Fail | N3: Data F | P3: Invalid | R3: Invalid
A4: Time Base: | B4: 15 Min | D4: Zero Referrence | G4: Z.Ref | L4: Warm Up | N4: Wm. Up
A7: Date & Time | B7: NO_BHATAGAON | C7: NO2__BHATAGAON | D7: NOX_BHATAGAON | E7: SO2__BHATAGAON | F7: O3__BHATAGAON | G7: PM10__BHATAGAON | H7: PM2_5__BHATAGAON | I7: BENZ__BHATAGAON | J7: WS__BHATAGAON | K7: WD__BHATAGAON | L7: TEMP__BHATAGAON | M7: HUM__BHATAGAON | N7: SR__BHATAGAON | O7: RG__BHATAGAON | P7: CO__BHATAGAON | Q7: NH3__BHATAGAON
B8: ug/m3 | C8: ug/m3 | D8: ug/m3 | E8: ug/m3 | F8: ug/m3 | G8: ug/m3 | H8: ug/m3 | I8: ug/m3 | J8: m/sec | K8: deg | L8: degreC | M8: % | N8: w/m2 | O8: mm | P8: mg/m3 | Q8: ug/m3
A9: 09-11-2022 00:15 | B9: Pw.Off | C9: Pw.Off | D9: Pw.Off | E9: Pw.Off | F9: Pw.Off | G9: Pw.Off | H9: Pw.Off | I9: Pw.Off | J9: Pw.Off | K9: Pw.Off | L9: Pw.Off | M9: Pw.Off | N9: Pw.Off | O9: Pw.Off | P9: Pw.Off | Q9: Pw.Off
A10: 09-11-2022 00:30 | B10: Pw.Off | C10: Pw.Off | D10: Pw.Off | E10: Pw.Off | F10: Pw.Off | G10: Pw.Off | H10: Pw.Off | I10: Pw.Off | J10: Pw.Off | K10: Pw.Off | L10: Pw.Off | M10: Pw.Off | N10: Pw.Off | O10: Pw.Off | P10: Pw.Off | Q10: Pw.Off
A11: 09-11-2022 00:45 | B11: Pw.Off | C11: Pw.Off | D11: Pw.Off | E11: Pw.Off | F11: Pw.Off | G11: Pw.Off | H11: Pw.Off | I11: Pw.Off | J11: Pw.Off | K11: Pw.Off | L11: Pw.Off | M11: Pw.Off | N11: Pw.Off | O11: Pw.Off | P11: Pw.Off | Q11: Pw.Off
A12: 09-11-2022 01:00 | B12: Pw.Off | C12: Pw.Off | D12: Pw.Off | E12: Pw.Off | F12: Pw.Off | G12: Pw.Off | H12: Pw.Off | I12: Pw.Off | J12: Pw.Off | K12: Pw.Off | L12: Pw.Off | M12: Pw.Off | N12: Pw.Off | O12: Pw.Off | P12: Pw.Off | Q12: Pw.Off
A13: 09-11-2022 01:15 | B13: Pw.Off | C13: Pw.Off | D13: Pw.Off | E13: Pw.Off | F13: Pw.Off | G13: Pw.Off | H13: Pw.Off | I13: Pw.Off | J13: Pw.Off | K13: Pw.Off | L13: Pw.Off | M13: Pw.Off | N13: Pw.Off | O13: Pw.Off | P13: Pw.Off | Q13: Pw.Off
A14: 09-11-2022 01:30 | B14: Pw.Off | C14: Pw.Off | D14: Pw.Off | E14: Pw.Off | F14: Pw.Off | G14: Pw.Off | H14: Pw.Off | I14: Pw.Off | J14: Pw.Off | K14: Pw.Off | L14: Pw.Off | M14: Pw.Off | N14: Pw.Off | O14: Pw.Off | P14: Pw.Off | Q14: Pw.Off
A15: 09-11-2022 01:45 | B15: Pw.Off | C15: Pw.Off | D15: Pw.Off | E15: Pw.Off | F15: Pw.Off | G15: Pw.Off | H15: Pw.Off | I15: Pw.Off | J15: Pw.Off | K15: Pw.Off | L15: Pw.Off | M15: Pw.Off | N15: Pw.Off | O15: Pw.Off | P15: Pw.Off | Q15: Pw.Off
A16: 09-11-2022 02:00 | B16: Pw.Off | C16: Pw.Off | D16: Pw.Off | E16: Pw.Off | F16: Pw.Off | G16: Pw.Off | H16: Pw.Off | I16: Pw.Off | J16: Pw.Off | K16: Pw.Off | L16: Pw.Off | M16: Pw.Off | N16: Pw.Off | O16: Pw.Off | P16: Pw.Off | Q16: Pw.Off
A17: 09-11-2022 02:15 | B17: Pw.Off | C17: Pw.Off | D17: Pw.Off | E17: Pw.Off | F17: Pw.Off | G17: Pw.Off | H17: Pw.Off | I17: Pw.Off | J17: Pw.Off | K17: Pw.Off | L17: Pw.Off | M17: Pw.Off | N17: Pw.Off | O17: Pw.Off | P17: Pw.Off | Q17: Pw.Off
A18: 09-11-2022 02:30 | B18: Pw.Off | C18: Pw.Off | D18: Pw.Off | E18: Pw.Off | F18: Pw.Off | G18: Pw.Off | H18: Pw.Off | I18: Pw.Off | J18: Pw.Off | K18: Pw.Off | L18: Pw.Off | M18: Pw.Off | N18: Pw.Off | O18: Pw.Off | P18: Pw.Off | Q18: Pw.Off
A19: 09-11-2022 02:45 | B19: Pw.Off | C19: Pw.Off | D19: Pw.Off | E19: Pw.Off | F19: Pw.Off | G19: Pw.Off | H19: Pw.Off | I19: Pw.Off | J19: Pw.Off | K19: Pw.Off | L19: Pw.Off | M19: Pw.Off | N19: Pw.Off | O19: Pw.Off | P19: Pw.Off | Q19: Pw.Off
A20: 09-11-2022 03:00 | B20: Pw.Off | C20: Pw.Off | D20: Pw.Off | E20: Pw.Off | F20: Pw.Off | G20: Pw.Off | H20: Pw.Off | I20: Pw.Off | J20: Pw.Off | K20: Pw.Off | L20: Pw.Off | M20: Pw.Off | N20: Pw.Off | O20: Pw.Off | P20: Pw.Off | Q20: Pw.Off
... A104: 09-11-2022 24:00 | B104: Pw.Off | C104: Pw.Off | D104: Pw.Off | E104: Pw.Off | F104: Pw.Off | G104: Pw.Off | H104: Pw.Off | I104: Pw.Off | J104: Pw.Off | K104: Pw.Off | L104: Pw.Off | M104: Pw.Off | N104: Pw.Off | O104: Pw.Off | P104: Pw.Off | Q104: Pw.Off
A106: Min | B106: =MIN(B9:B104) -> 0 | C106: =MIN(C9:C104) -> 0 | D106: =MIN(D9:D104) -> 0 | E106: =MIN(E9:E104) -> 0 | F106: =MIN(F9:F104) -> 0 | G106: =MIN(G9:G104) -> 0 | H106: =MIN(H9:H104) -> 0 | I106: =MIN(I9:I104) -> 0 | ... Q106: =MIN(Q9:Q104) -> 0
A107: Max | B107: =MAX(B9:B104) -> 0 | C107: =MAX(C9:C104) -> 0 | D107: =MAX(D9:D104) -> 0 | E107: =MAX(E9:E104) -> 0 | F107: =MAX(F9:F104) -> 0 | G107: =MAX(G9:G104) -> 0 | H107: =MAX(H9:H104) -> 0 | I107: =MAX(I9:I104) -> 0 | ... Q107: =MAX(Q9:Q104) -> 0
A108: Avg | B108: =AVERAGE(B9:B104) -> #DIV/0! | C108: =AVERAGE(C9:C104) -> #DIV/0! | D108: =AVERAGE(D9:D104) -> #DIV/0! | E108: =AVERAGE(E9:E104) -> #DIV/0! | F108: =AVERAGE(F9:F104) -> #DIV/0! | G108: =AVERAGE(G9:G104) -> #DIV/0! | H108: =AVERAGE(H9:H104) -> #DIV/0! | I108: =AVERAGE(I9:I104) -> #DIV/0! | ... Q108: =AVERAGE(Q9:Q104) -> #DIV/0!
A109: Stdev | B109: =STDEV(B9:B104) -> #DIV/0! | C109: =STDEV(C9:C104) -> #DIV/0! | D109: =STDEV(D9:D104) -> #DIV/0! | E109: =STDEV(E9:E104) -> #DIV/0! | F109: =STDEV(F9:F104) -> #DIV/0! | G109: =STDEV(G9:G104) -> #DIV/0! | H109: =STDEV(H9:H104) -> #DIV/0! | I109: =STDEV(I9:I104) -> #DIV/0! | ... Q109: =STDEV(Q9:Q104) -> #DIV/0!
A110: Num | B110: =COUNT(B9:B104)+96 -> 96 | C110: =COUNT(C9:C104)+96 -> 96 | D110: =COUNT(D9:D104)+96 -> 96 | E110: =COUNT(E9:E104)+96 -> 96 | F110: =COUNT(F9:F104)+96 -> 96 | G110: =COUNT(G9:G104)+96 -> 96 | H110: =COUNT(H9:H104)+96 -> 96 | I110: =COUNT(I9:I104)+96 -> 96 | ... Q110: =COUNT(Q9:Q104)+96 -> 96
A111: DCR | B111: =IF(B110>=87,">90%",IF(B110<=87,"<90%")) -> >90% | C111: =IF(C110>=87,">90%",IF(C110<=87,"<90%")) -> >90% | D111: =IF(D110>=87,">90%",IF(D110<=87,"<90%")) -> >90% | E111: =IF(E110>=87,">90%",IF(E110<=87,"<90%")) -> >90% | F111: =IF(F110>=87,">90%",IF(F110<=87,"<90%")) -> >90% | G111: =IF(G110>=87,">90%",IF(G110<=87,"<90%")) -> >90% | H111: =IF(H110>=87,">90%",IF(H110<=87,"<90%")) -> >90% | I111: =IF(I110>=87,">90%",IF(I110<=87,"<90%")) -> >90% | ... Q111: =IF(Q110>=87,">90%",IF(Q110<=87,"<90%")) -> >90%
A112: Status | B112: =IF(B110>=87,"OK",IF(B110<=87,"LESS")) -> OK | C112: =IF(C110>=87,"OK",IF(C110<=87,"LESS")) -> OK | D112: =IF(D110>=87,"OK",IF(D110<=87,"LESS")) -> OK | E112: =IF(E110>=87,"OK",IF(E110<=87,"LESS")) -> OK | F112: =IF(F110>=87,"OK",IF(F110<=87,"LESS")) -> OK | G112: =IF(G110>=87,"OK",IF(G110<=87,"LESS")) -> OK | H112: =IF(H110>=87,"OK",IF(H110<=87,"LESS")) -> OK | I112: =IF(I110>=87,"OK",IF(I110<=87,"LESS")) -> OK | ... Q112: =IF(Q110>=87,"OK",IF(Q110<=87,"LESS")) -> OK
A115: Done by | B115: RK
A117: Comment

Sheet 10
A1: Station: | B1: Bhatagaon, RAIPUR
A2: Date: | B2: =$A$9 -> 10-11-2022 00:15 | D2: Power Off | G2: Pw.Off | L2: Link Fail | N2: Link F | P2: Maintenance | R2: Maint.
A3: Report Type: | B3: Mean | D3: Calibration | G3: Calib. | L3: Data Fail | N3: Data F | P3: Invalid | R3: Invalid
A4: Time Base: | B4: 15 Min | D4: Zero Referrence | G4: Z.Ref | L4: Warm Up | N4: Wm. Up
A7: Date & Time | B7: NO_BHATAGAON | C7: NO2__BHATAGAON | D7: NOX_BHATAGAON | E7: SO2__BHATAGAON | F7: O3__BHATAGAON | G7: PM10__BHATAGAON | H7: PM2_5__BHATAGAON | I7: BENZ__BHATAGAON | J7: WS__BHATAGAON | K7: WD__BHATAGAON | L7: TEMP__BHATAGAON | M7: HUM__BHATAGAON | N7: SR__BHATAGAON | O7: RG__BHATAGAON | P7: CO__BHATAGAON | Q7: NH3__BHATAGAON
B8: ug/m3 | C8: ug/m3 | D8: ug/m3 | E8: ug/m3 | F8: ug/m3 | G8: ug/m3 | H8: ug/m3 | I8: ug/m3 | J8: m/sec | K8: deg | L8: degreC | M8: % | N8: w/m2 | O8: mm | P8: mg/m3 | Q8: ug/m3
A9: 10-11-2022 00:15 | B9: 18.38 | C9: 76.52 | D9: 56.97 | E9: 5.04 | F9: 1.64 | G9: 180.4 | H9: 95.55 | I9: 1.04 | J9: 0.39 | K9: 351.85 | L9: Maint. | M9: Maint. | N9: 10.7 | O9: 0 | P9: 1.58 | Q9: 209.34
A10: 10-11-2022 00:30 | B10: 20.09 | C10: 74.74 | D10: 57.36 | E10: 4.83 | F10: 1.57 | G10: 180.4 | H10: 95.55 | I10: 1.02 | J10: 0.38 | K10: 358.58 | L10: Maint. | M10: Maint. | N10: 10.6 | O10: 0 | P10: 1.57 | Q10: 206.95
A11: 10-11-2022 00:45 | B11: 21.43 | C11: 74.72 | D11: 58.42 | E11: 4.97 | F11: 1.96 | G11: 284.88 | H11: 90.32 | I11: 1.01 | J11: 0.47 | K11: 8.96 | L11: Maint. | M11: Maint. | N11: 10.4 | O11: 0 | P11: 1.53 | Q11: 211.21
A12: 10-11-2022 01:00 | B12: 22.94 | C12: 80.05 | D12: 62.58 | E12: 4.65 | F12: 1.7 | G12: 284.88 | H12: 89.01 | I12: 1 | J12: 0.45 | K12: 354.07 | L12: Maint. | M12: Maint. | N12: 11.2 | O12: 0 | P12: 1.53 | Q12: 220.11
A13: 10-11-2022 01:15 | B13: 23.57 | C13: 84.16 | D13: 65.34 | E13: 4.88 | F13: 1.6 | G13: 284.88 | H13: 89.01 | I13: 0.99 | J13: 0.13 | K13: 297.85 | L13: Maint. | M13: Maint. | N13: 11.1 | O13: 0 | P13: 1.52 | Q13: 226.6
A14: 10-11-2022 01:30 | B14: 23.23 | C14: 83.54 | D14: 64.74 | E14: 4.95 | F14: 1.67 | G14: 284.88 | H14: 89.01 | I14: 1.01 | J14: 0.37 | K14: 331.07 | L14: Maint. | M14: Maint. | N14: 11 | O14: 0 | P14: 1.55 | Q14: 228.79
A15: 10-11-2022 01:45 | B15: 22.73 | C15: 80.63 | D15: 62.73 | E15: 4.9 | F15: 1.55 | G15: 241.42 | H15: 92.77 | I15: 1 | J15: 0.18 | K15: 288.93 | L15: Maint. | M15: Maint. | N15: 10.5 | O15: 0 | P15: 1.51 | Q15: 225.2
A16: 10-11-2022 02:00 | B16: 22.16 | C16: 78.44 | D16: 61.06 | E16: 4.69 | F16: 1.48 | G16: 241.42 | H16: 93.65 | I16: 1 | J16: 0.4 | K16: 323.2 | L16: Maint. | M16: Maint. | N16: 10.3 | O16: 0 | P16: 1.47 | Q16: 223.48
A17: 10-11-2022 02:15 | B17: 21.85 | C17: 77.07 | D17: 60.06 | E17: 4.84 | F17: 1.44 | G17: 241.42 | H17: 93.65 | I17: 1 | J17: 0.36 | K17: 270.39 | L17: Maint. | M17: Maint. | N17: 10.5 | O17: 0 | P17: 1.45 | Q17: 223.63
A18: 10-11-2022 02:30 | B18: 21.79 | C18: 70.86 | D18: 56.58 | E18: 5.1 | F18: 1.57 | G18: 241.42 | H18: 93.65 | I18: 0.99 | J18: 0.31 | K18: 6.43 | L18: Maint. | M18: Maint. | N18: 10.6 | O18: 0 | P18: 1.44 | Q18: 203.5
A19: 10-11-2022 02:45 | B19: 21.8 | C19: 70.17 | D19: 56.21 | E19: 4.81 | F19: 1.62 | G19: 222.47 | H19: 100.8 | I19: 0.99 | J19: 0.27 | K19: 335.74 | L19: Maint. | M19: Maint. | N19: 10.9 | O19: 0 | P19: 1.44 | Q19: 193.57
A20: 10-11-2022 03:00 | B20: 22.04 | C20: 72.87 | D20: 57.89 | E20: 4.55 | F20: 1.5 | G20: 222.47 | H20: 102.59 | I20: 1 | J20: 0.17 | K20: 296.72 | L20: Maint. | M20: Maint. | N20: 10.7 | O20: 0 | P20: 1.43 | Q20: 191.9
... A50: 10-11-2022 10:30 | B50: 5.75 | C50: 76.45 | D50: 46.81 | E50: 2.13 | F50: 1.41 | G50: 194.11 | H50: 101.15 | I50: 0.78 | J50: 1.72 | K50: 98.3 | L50: Maint. | M50: Maint. | N50: 554.1 | O50: 0 | P50: 0.01 | Q50: 179.54
A51: 10-11-2022 10:45 | B51: 4.19 | C51: 79.97 | D51: 47.49 | E51: 26.61 | F51: 94.33 | G51: 194.11 | H51: 101.15 | I51: 0.67 | J51: 2.71 | K51: 102.55 | L51: Maint. | M51: Maint. | N51: 607.3 | O51: 0 | P51: Calib. | Q51: 177.52
A52: 10-11-2022 11:00 | B52: 3.16 | C52: 67.44 | D52: 39.75 | E52: 102.98 | F52: 318.63 | G52: 181.17 | H52: 93.28 | I52: 0.61 | J52: 3.02 | K52: 76.44 | L52: Maint. | M52: Maint. | N52: 618.1 | O52: 0 | P52: Calib. | Q52: 156.7
A53: 10-11-2022 11:15 | B53: 4.9 | C53: 62.15 | D53: 38.23 | E53: 155.53 | F53: 328.01 | G53: Calib. | H53: Calib. | I53: 0.57 | J53: 2.84 | K53: 42.51 | L53: Maint. | M53: Maint. | N53: 605.7 | O53: 0 | P53: Calib. | Q53: 146.4
A54: 10-11-2022 11:30 | B54: 3.04 | C54: 62.96 | D54: 37.18 | E54: 14.24 | F54: 13.04 | G54: Calib. | H54: Calib. | I54: 0.5 | J54: 1.85 | K54: 104.98 | L54: Maint. | M54: Maint. | N54: 633.1 | O54: 0 | P54: Calib. | Q54: Calib.
A55: 10-11-2022 11:45 | B55: 4.04 | C55: 67.19 | D55: 40.32 | E55: 11.59 | F55: 14.45 | G55: Calib. | H55: Calib. | I55: 0.45 | J55: 0.9 | K55: 63.81 | L55: Maint. | M55: Maint. | N55: 587 | O55: 0 | P55: 0.82 | Q55: 166.82
A56: 10-11-2022 12:00 | B56: 0.28 | C56: 7.16 | D56: 4.18 | E56: 8.94 | F56: 15.52 | G56: 15.09 | H56: 4.85 | I56: 0.45 | J56: 1.09 | K56: 101.72 | L56: Maint. | M56: Maint. | N56: 625.3 | O56: 0 | P56: 0.78 | Q56: 149.73
A57: 10-11-2022 12:15 | B57: 0.19 | C57: 11.05 | D57: 6.26 | E57: 6.64 | F57: 5.61 | G57: 142.28 | H57: 54.58 | I57: 0.35 | J57: 1.39 | K57: 37.44 | L57: Maint. | M57: Maint. | N57: 609.1 | O57: 0 | P57: 0.76 | Q57: 143.77
A58: 10-11-2022 12:30 | B58: 0.14 | C58: 13.44 | D58: 7.53 | E58: 6.44 | F58: 9.34 | G58: 142.28 | H58: 54.58 | I58: 0.28 | J58: 2.05 | K58: 102.26 | L58: Maint. | M58: Maint. | N58: 607.3 | O58: 0 | P58: 0.75 | Q58: 148.15
A59: 10-11-2022 12:45 | B59: 0.01 | C59: 13.83 | D59: 7.64 | E59: 11.5 | F59: 12.66 | G59: 142.28 | H59: 54.58 | I59: 0.26 | J59: 2.25 | K59: 11.44 | L59: Maint. | M59: Maint. | N59: 598.5 | O59: 0 | P59: 0.74 | Q59: 160.05
A60: 10-11-2022 13:00 | B60: 3.25 | C60: 69.91 | D60: 41.19 | E60: 16.68 | F60: 13.19 | G60: 142.61 | H60: 56.12 | I60: 0.32 | J60: 1.32 | K60: 67.93 | L60: Maint. | M60: Maint. | N60: 572.6 | O60: 0 | P60: 0.75 | Q60: 170.81
A61: 10-11-2022 13:15 | B61: 3.66 | C61: 76.06 | D61: 44.91 | E61: 10.65 | F61: 8.47 | G61: 145.34 | H61: 71.98 | I61: 0.28 | J61: 1.61 | K61: 85.44 | L61: Maint. | M61: Maint. | N61: 553.4 | O61: 0 | P61: 0.75 | Q61: 165.83
A62: 10-11-2022 13:30 | B62: 3.33 | C62: 60.99 | D62: 36.33 | E62: 10.36 | F62: 6.46 | G62: 145.34 | H62: 71.98 | I62: 0.3 | J62: 1.77 | K62: 93.45 | L62: Maint. | M62: Maint. | N62: 518.1 | O62: 0 | P62: 0.75 | Q62: 136.29
A63: 10-11-2022 13:45 | B63: 8.73 | C63: 75.01 | D63: 48.4 | E63: 14.56 | F63: 11.54 | G63: 145.34 | H63: 71.98 | I63: 0.32 | J63: 1.89 | K63: 29.63 | L63: Maint. | M63: Maint. | N63: 491.9 | O63: 0 | P63: 0.74 | Q63: 125.17
A64: 10-11-2022 14:00 | B64: 8.75 | C64: 80.24 | D64: 51.3 | E64: 22.5 | F64: 10.76 | G64: 144.35 | H64: 71.64 | I64: 0.26 | J64: 1.48 | K64: 58 | L64: Maint. | M64: Maint. | N64: 479.7 | O64: 0 | P64: 0.79 | Q64: 118.59
A65: 10-11-2022 14:15 | B65: 6.71 | C65: 85.32 | D65: 52.47 | E65: 15.7 | F65: 9.58 | G65: 136 | H65: 68.17 | I65: 0.23 | J65: 4.13 | K65: 51.93 | L65: Maint. | M65: Maint. | N65: 445 | O65: 0 | P65: 0.81 | Q65: 125.05
A66: 10-11-2022 14:30 | B66: 8.85 | C66: 95.24 | D66: 59.65 | E66: 14.58 | F66: 12.67 | G66: 136 | H66: 68.17 | I66: 0.23 | J66: 4.77 | K66: 22.57 | L66: Maint. | M66: Maint. | N66: 299.9 | O66: 0 | P66: 0.83 | Q66: 160.98
A67: 10-11-2022 14:45 | B67: 7.6 | C67: 87.56 | D67: 54.42 | E67: 13.87 | F67: 11.57 | G67: 136 | H67: 68.17 | I67: 0.24 | J67: 3.62 | K67: 36.57 | L67: Maint. | M67: Maint. | N67: 225.1 | O67: 0 | P67: 0.85 | Q67: 129.81
... A104: 10-11-2022 24:00 | B104: 66.07 | C104: 119.49 | D104: 118.92 | E104: 2.92 | F104: 0.69 | G104: 302.46 | H104: 75.83 | I104: 1.32 | J104: 0.18 | K104: 286.63 | L104: Maint. | M104: Maint. | N104: 30.2 | O104: 0 | P104: 2.41 | Q104: 204.77
A106: Min | B106: =MIN(B9:B104) -> 0.01 | C106: =MIN(C9:C104) -> 7.16 | D106: =MIN(D9:D104) -> 4.18 | E106: =MIN(E9:E104) -> 2.13 | F106: =MIN(F9:F104) -> 0.46 | G106: =MIN(G9:G104) -> 15.09 | H106: =MIN(H9:H104) -> 4.85 | I106: =MIN(I9:I104) -> 0.23 | ... Q106: =MIN(Q9:Q104) -> 116.03
A107: Max | B107: =MAX(B9:B104) -> 66.46 | C107: =MAX(C9:C104) -> 143.09 | D107: =MAX(D9:D104) -> 130.93 | E107: =MAX(E9:E104) -> 155.53 | F107: =MAX(F9:F104) -> 328.01 | G107: =MAX(G9:G104) -> 377.65 | H107: =MAX(H9:H104) -> 121.92 | I107: =MAX(I9:I104) -> 1.32 | ... Q107: =MAX(Q9:Q104) -> 242.07
A108: Avg | B108: =AVERAGE(B9:B104) -> 18.582187 | C108: =AVERAGE(C9:C104) -> 83.2025 | D108: =AVERAGE(D9:D104) -> 60.819375 | E108: =AVERAGE(E9:E104) -> 10.07 | F108: =AVERAGE(F9:F104) -> 12.314271 | G108: =AVERAGE(G9:G104) -> 210.76344 | H108: =AVERAGE(H9:H104) -> 83.633333 | I108: =AVERAGE(I9:I104) -> 0.73270833 | ... Q108: =AVERAGE(Q9:Q104) -> 178.74063
A109: Stdev | B109: =STDEV(B9:B104) -> 16.117966 | C109: =STDEV(C9:C104) -> 23.905948 | D109: =STDEV(D9:D104) -> 23.277512 | E109: =STDEV(E9:E104) -> 18.481738 | F109: =STDEV(F9:F104) -> 46.810827 | G109: =STDEV(G9:G104) -> 69.316323 | H109: =STDEV(H9:H104) -> 24.100249 | I109: =STDEV(I9:I104) -> 0.31425594 | ... Q109: =STDEV(Q9:Q104) -> 32.149464
A110: Num | B110: =COUNT(B9:B104) -> 96 | C110: =COUNT(C9:C104) -> 96 | D110: =COUNT(D9:D104) -> 96 | E110: =COUNT(E9:E104) -> 96 | F110: =COUNT(F9:F104) -> 96 | G110: =COUNT(G9:G104)+3 -> 96 | H110: =COUNT(H9:H104)+3 -> 96 | I110: =COUNT(I9:I104) -> 96 | J110: =COUNT(J9:J104) -> 96 | K110: =COUNT(K9:K104) -> 96 | L110: =COUNT(L9:L104)+96 -> 96 | M110: =COUNT(M9:M104)+96 -> 96 | N110: =COUNT(N9:N104) -> 96 | O110: =COUNT(O9:O104) -> 96 | P110: =COUNT(P9:P104)+4 -> 96 | Q110: =COUNT(Q9:Q104)+1 -> 96
A111: DCR | B111: =IF(B110>=87,">90%",IF(B110<=87,"<90%")) -> >90% | C111: =IF(C110>=87,">90%",IF(C110<=87,"<90%")) -> >90% | D111: =IF(D110>=87,">90%",IF(D110<=87,"<90%")) -> >90% | E111: =IF(E110>=87,">90%",IF(E110<=87,"<90%")) -> >90% | F111: =IF(F110>=87,">90%",IF(F110<=87,"<90%")) -> >90% | G111: =IF(G110>=87,">90%",IF(G110<=87,"<90%")) -> >90% | H111: =IF(H110>=87,">90%",IF(H110<=87,"<90%")) -> >90% | I111: =IF(I110>=87,">90%",IF(I110<=87,"<90%")) -> >90% | ... Q111: =IF(Q110>=87,">90%",IF(Q110<=87,"<90%")) -> >90%
A112: Status | B112: =IF(B110>=87,"OK",IF(B110<=87,"LESS")) -> OK | C112: =IF(C110>=87,"OK",IF(C110<=87,"LESS")) -> OK | D112: =IF(D110>=87,"OK",IF(D110<=87,"LESS")) -> OK | E112: =IF(E110>=87,"OK",IF(E110<=87,"LESS")) -> OK | F112: =IF(F110>=87,"OK",IF(F110<=87,"LESS")) -> OK | G112: =IF(G110>=87,"OK",IF(G110<=87,"LESS")) -> OK | H112: =IF(H110>=87,"OK",IF(H110<=87,"LESS")) -> OK | I112: =IF(I110>=87,"OK",IF(I110<=87,"LESS")) -> OK | ... Q112: =IF(Q110>=87,"OK",IF(Q110<=87,"LESS")) -> OK
A115: Done by | B115: RAHUL
A117: Comment

Sheet 11
A1: Station: | B1: Bhatagaon, RAIPUR
A2: Date: | B2: =$A$9 -> 11-11-2022 00:15 | D2: Power Off | G2: Pw.Off | L2: Link Fail | N2: Link F | P2: Maintenance | R2: Maint.
A3: Report Type: | B3: Mean | D3: Calibration | G3: Calib. | L3: Data Fail | N3: Data F | P3: Invalid | R3: Invalid
A4: Time Base: | B4: 15 Min | D4: Zero Referrence | G4: Z.Ref | L4: Warm Up | N4: Wm. Up
A7: Date & Time | B7: NO_BHATAGAON | C7: NO2__BHATAGAON | D7: NOX_BHATAGAON | E7: SO2__BHATAGAON | F7: O3__BHATAGAON | G7: PM10__BHATAGAON | H7: PM2_5__BHATAGAON | I7: BENZ__BHATAGAON | J7: WS__BHATAGAON | K7: WD__BHATAGAON | L7: TEMP__BHATAGAON | M7: HUM__BHATAGAON | N7: SR__BHATAGAON | O7: RG__BHATAGAON | P7: CO__BHATAGAON | Q7: NH3__BHATAGAON
B8: ug/m3 | C8: ug/m3 | D8: ug/m3 | E8: ug/m3 | F8: ug/m3 | G8: ug/m3 | H8: ug/m3 | I8: ug/m3 | J8: m/sec | K8: deg | L8: degreC | M8: % | N8: w/m2 | O8: mm | P8: mg/m3 | Q8: ug/m3
A9: 11-11-2022 00:15 | B9: 64.56 | C9: 123.4 | D9: 119.88 | E9: 4.86 | F9: 0.78 | G9: 279.4 | H9: 78.23 | I9: 1.3 | J9: 0.06 | K9: 304.46 | L9: Invalid | M9: Invalid | N9: 62 | O9: 0 | P9: 2.38 | Q9: 202.21
A10: 11-11-2022 00:30 | B10: 63.32 | C10: 126.48 | D10: 120.58 | E10: 4.64 | F10: 0.76 | G10: 279.4 | H10: 78.23 | I10: 1.3 | J10: 0.13 | K10: 229.87 | L10: Invalid | M10: Invalid | N10: 56.2 | O10: 0 | P10: 2.34 | Q10: 207.38
A11: 11-11-2022 00:45 | B11: 62.52 | C11: 123.64 | D11: 118.37 | E11: 5.11 | F11: 0.59 | G11: 279.4 | H11: 78.23 | I11: 1.34 | J11: 0.08 | K11: 347.6 | L11: Invalid | M11: Invalid | N11: 56.3 | O11: 0 | P11: 2.31 | Q11: 205.28
A12: 11-11-2022 01:00 | B12: 62.47 | C12: 122.2 | D12: 117.53 | E12: 5.2 | F12: 0.58 | G12: 273.42 | H12: 78.31 | I12: 1.28 | J12: 0.08 | K12: 6.33 | L12: Invalid | M12: Invalid | N12: 55 | O12: 0 | P12: 2.29 | Q12: 205.63
A13: 11-11-2022 01:15 | B13: 62.33 | C13: 117.23 | D13: 114.68 | E13: 4.85 | F13: 0.68 | G13: 229.34 | H13: 79.11 | I13: 1.27 | J13: 0.03 | K13: 83.52 | L13: Invalid | M13: Invalid | N13: 51.5 | O13: 0 | P13: 2.19 | Q13: 198.1
A14: 11-11-2022 01:30 | B14: 61.36 | C14: 119.55 | D14: 115.18 | E14: 5.12 | F14: 0.42 | G14: 229.34 | H14: 79.11 | I14: 1.26 | J14: 0.02 | K14: 334.53 | L14: Invalid | M14: Invalid | N14: 47.6 | O14: 0 | P14: 2.23 | Q14: 210.8
A15: 11-11-2022 01:45 | B15: 59.49 | C15: 118 | D15: 112.83 | E15: 5.03 | F15: 0.42 | G15: 229.34 | H15: 79.11 | I15: 1.27 | J15: 0.21 | K15: 39.25 | L15: Invalid | M15: Invalid | N15: 47.2 | O15: 0 | P15: 2.18 | Q15: 218.6
A16: 11-11-2022 02:00 | B16: 58.61 | C16: 115.48 | D16: 110.73 | E16: 4.97 | F16: 0.43 | G16: 228.48 | H16: 78.89 | I16: 1.27 | J16: 0.03 | K16: 289.5 | L16: Invalid | M16: Invalid | N16: 47.3 | O16: 0 | P16: 2.15 | Q16: 221.75
A17: 11-11-2022 02:15 | B17: 56.96 | C17: 112.8 | D17: 107.93 | E17: 5.33 | F17: 0.43 | G17: 221.27 | H17: 76.64 | I17: 1.26 | J17: 0.14 | K17: 304.02 | L17: Invalid | M17: Invalid | N17: 47.1 | O17: 0 | P17: 2.1 | Q17: 218.22
A18: 11-11-2022 02:30 | B18: 54.44 | C18: 110.1 | D18: 104.42 | E18: 5.34 | F18: 0.49 | G18: 221.27 | H18: 76.64 | I18: 1.26 | J18: 0.14 | K18: 306.47 | L18: Invalid | M18: Invalid | N18: 47 | O18: 0 | P18: 2.05 | Q18: 217.31
A19: 11-11-2022 02:45 | B19: 52 | C19: 107.14 | D19: 100.83 | E19: 5.22 | F19: 0.27 | G19: 221.27 | H19: 76.64 | I19: 1.26 | J19: 0.13 | K19: 301.14 | L19: Invalid | M19: Invalid | N19: 47.3 | O19: 0 | P19: 1.99 | Q19: 215.46
A20: 11-11-2022 03:00 | B20: 50.21 | C20: 104.48 | D20: 97.93 | E20: 5.29 | F20: 0.32 | G20: 220.94 | H20: 77.52 | I20: 1.24 | J20: 0.14 | K20: 304.34 | L20: Invalid | M20: Invalid | N20: 47.4 | O20: 0 | P20: 1.95 | Q20: 213.69
... A104: 11-11-2022 24:00 | B104: 37.77 | C104: 104.63 | D104: 88.03 | E104: 3.4 | F104: 0.99 | G104: 247.87 | H104: 66.61 | I104: 0.93 | J104: 0.12 | K104: 355.16 | L104: Invalid | M104: Invalid | N104: 22.9 | O104: 0 | P104: 1.65 | Q104: 190.79
A106: Min | B106: =MIN(B9:B104) -> 2.55 | C106: =MIN(C9:C104) -> 57.57 | D106: =MIN(D9:D104) -> 34.56 | E106: =MIN(E9:E104) -> 2.71 | F106: =MIN(F9:F104) -> 0.27 | G106: =MIN(G9:G104) -> 106.78 | H106: =MIN(H9:H104) -> 51.47 | I106: =MIN(I9:I104) -> 0.36 | ... Q106: =MIN(Q9:Q104) -> 143.16
A107: Max | B107: =MAX(B9:B104) -> 64.56 | C107: =MAX(C9:C104) -> 126.48 | D107: =MAX(D9:D104) -> 120.58 | E107: =MAX(E9:E104) -> 11.63 | F107: =MAX(F9:F104) -> 8.19 | G107: =MAX(G9:G104) -> 282.09 | H107: =MAX(H9:H104) -> 91.09 | I107: =MAX(I9:I104) -> 1.34 | ... Q107: =MAX(Q9:Q104) -> 230.7
A108: Avg | B108: =AVERAGE(B9:B104) -> 26.274062 | C108: =AVERAGE(C9:C104) -> 90.399167 | D108: =AVERAGE(D9:D104) -> 70.958854 | E108: =AVERAGE(E9:E104) -> 5.9345833 | F108: =AVERAGE(F9:F104) -> 2.2977083 | G108: =AVERAGE(G9:G104) -> 187.00177 | H108: =AVERAGE(H9:H104) -> 70.607083 | I108: =AVERAGE(I9:I104) -> 0.78364583 | ... Q108: =AVERAGE(Q9:Q104) -> 184.31417
A109: Stdev | B109: =STDEV(B9:B104) -> 20.388055 | C109: =STDEV(C9:C104) -> 17.037017 | D109: =STDEV(D9:D104) -> 24.827897 | E109: =STDEV(E9:E104) -> 1.5483186 | F109: =STDEV(F9:F104) -> 2.0607625 | G109: =STDEV(G9:G104) -> 58.091196 | H109: =STDEV(H9:H104) -> 12.5631 | I109: =STDEV(I9:I104) -> 0.30822111 | ... Q109: =STDEV(Q9:Q104) -> 21.18916
A110: Num | B110: =COUNT(B9:B104) -> 96 | C110: =COUNT(C9:C104) -> 96 | D110: =COUNT(D9:D104) -> 96 | E110: =COUNT(E9:E104) -> 96 | F110: =COUNT(F9:F104) -> 96 | G110: =COUNT(G9:G104) -> 96 | H110: =COUNT(H9:H104) -> 96 | I110: =COUNT(I9:I104) -> 96 | ... K110: =COUNT(K9:K104) -> 96 | L110: =COUNT(L9:L104)+96 -> 96 | M110: =COUNT(M9:M104)+96 -> 96 | N110: =COUNT(N9:N104) -> 96 | O110: =COUNT(O9:O104) -> 96 | P110: =COUNT(P9:P104) -> 96 | Q110: =COUNT(Q9:Q104) -> 96
A111: DCR | B111: =IF(B110>=87,">90%",IF(B110<=87,"<90%")) -> >90% | C111: =IF(C110>=87,">90%",IF(C110<=87,"<90%")) -> >90% | D111: =IF(D110>=87,">90%",IF(D110<=87,"<90%")) -> >90% | E111: =IF(E110>=87,">90%",IF(E110<=87,"<90%")) -> >90% | F111: =IF(F110>=87,">90%",IF(F110<=87,"<90%")) -> >90% | G111: =IF(G110>=87,">90%",IF(G110<=87,"<90%")) -> >90% | H111: =IF(H110>=87,">90%",IF(H110<=87,"<90%")) -> >90% | I111: =IF(I110>=87,">90%",IF(I110<=87,"<90%")) -> >90% | ... Q111: =IF(Q110>=87,">90%",IF(Q110<=87,"<90%")) -> >90%
A112: Status | B112: =IF(B110>=87,"OK",IF(B110<=87,"LESS")) -> OK | C112: =IF(C110>=87,"OK",IF(C110<=87,"LESS")) -> OK | D112: =IF(D110>=87,"OK",IF(D110<=87,"LESS")) -> OK | E112: =IF(E110>=87,"OK",IF(E110<=87,"LESS")) -> OK | F112: =IF(F110>=87,"OK",IF(F110<=87,"LESS")) -> OK | G112: =IF(G110>=87,"OK",IF(G110<=87,"LESS")) -> OK | H112: =IF(H110>=87,"OK",IF(H110<=87,"LESS")) -> OK | I112: =IF(I110>=87,"OK",IF(I110<=87,"LESS")) -> OK | ... Q112: =IF(Q110>=87,"OK",IF(Q110<=87,"LESS")) -> OK
A115: Done by | B115: RAHUL
A117: Comment

Sheet 12
A1: Station: | B1: Bhatagaon, RAIPUR
A2: Date: | B2: =$A$9 -> 12-11-2022 00:15 | D2: Power Off | G2: Pw.Off | L2: Link Fail | N2: Link F | P2: Maintenance | R2: Maint.
A3: Report Type: | B3: Mean | D3: Calibration | G3: Calib. | L3: Data Fail | N3: Data F | P3: Invalid | R3: Invalid
A4: Time Base: | B4: 15 Min | D4: Zero Referrence | G4: Z.Ref | L4: Warm Up | N4: Wm. Up
A7: Date & Time | B7: NO_BHATAGAON | C7: NO2__BHATAGAON | D7: NOX_BHATAGAON | E7: SO2__BHATAGAON | F7: O3__BHATAGAON | G7: PM10__BHATAGAON | H7: PM2_5__BHATAGAON | I7: BENZ__BHATAGAON | J7: WS__BHATAGAON | K7: WD__BHATAGAON | L7: TEMP__BHATAGAON | M7: HUM__BHATAGAON | N7: SR__BHATAGAON | O7: RG__BHATAGAON | P7: CO__BHATAGAON | Q7: NH3__BHATAGAON
B8: ug/m3 | C8: ug/m3 | D8: ug/m3 | E8: ug/m3 | F8: ug/m3 | G8: ug/m3 | H8: ug/m3 | I8: ug/m3 | J8: m/sec | K8: deg | L8: degreC | M8: % | N8: w/m2 | O8: mm | P8: mg/m3 | Q8: ug/m3
A9: 12-11-2022 00:15 | B9: 36.19 | C9: 101.81 | D9: 85.21 | E9: 5.46 | F9: 0.84 | G9: 184.07 | H9: 62.91 | I9: 0.92 | J9: 0.1 | K9: 343.22 | L9: Invalid | M9: Invalid | N9: 22.9 | O9: 0 | P9: 1.62 | Q9: 186.37
A10: 12-11-2022 00:30 | B10: 34.65 | C10: 99.12 | D10: 82.49 | E10: 5.12 | F10: 0.73 | G10: 184.07 | H10: 62.91 | I10: 0.92 | J10: 0.04 | K10: 355.07 | L10: Invalid | M10: Invalid | N10: 22.7 | O10: 0 | P10: 1.58 | Q10: 185.69
A11: 12-11-2022 00:45 | B11: 32.99 | C11: 95.54 | D11: 79.18 | E11: 5.49 | F11: 0.42 | G11: 184.07 | H11: 62.91 | I11: 0.92 | J11: 0.14 | K11: 1.11 | L11: Invalid | M11: Invalid | N11: 22.5 | O11: 0 | P11: 1.54 | Q11: 182.78
A12: 12-11-2022 01:00 | B12: 31.56 | C12: 84.36 | D12: 71.86 | E12: 5.29 | F12: 0.65 | G12: 183.53 | H12: 62.67 | I12: 0.91 | J12: 0.14 | K12: 7.22 | L12: Invalid | M12: Invalid | N12: 22.4 | O12: 0 | P12: 1.52 | Q12: 157.09
A13: 12-11-2022 01:15 | B13: 29.82 | C13: 86.69 | D13: 71.76 | E13: 5.48 | F13: 0.67 | G13: 179.52 | H13: 60.27 | I13: 0.91 | J13: 0.2 | K13: 42.28 | L13: Invalid | M13: Invalid | N13: 21.7 | O13: 0 | P13: 1.36 | Q13: 149.58
A14: 12-11-2022 01:30 | B14: 27.76 | C14: 86.51 | D14: 70 | E14: 5.42 | F14: 0.61 | G14: 179.52 | H14: 60.27 | I14: 0.9 | J14: 0.47 | K14: 28.88 | L14: Invalid | M14: Invalid | N14: 21.3 | O14: 0 | P14: 1.39 | Q14: 147.22
A15: 12-11-2022 01:45 | B15: 25.78 | C15: 85.63 | D15: 67.93 | E15: 5.03 | F15: 0.18 | G15: 179.52 | H15: 60.27 | I15: 0.87 | J15: 0.8 | K15: 35.99 | L15: Invalid | M15: Invalid | N15: 21.3 | O15: 0 | P15: 1.36 | Q15: 146.27
A16: 12-11-2022 02:00 | B16: 23.86 | C16: 80.88 | D16: 63.77 | E16: 5.11 | F16: 0.58 | G16: 179.35 | H16: 60.57 | I16: 0.85 | J16: 0.33 | K16: 18.41 | L16: Invalid | M16: Invalid | N16: 22.3 | O16: 0 | P16: 1.36 | Q16: 134.89
A17: 12-11-2022 02:15 | B17: 22.38 | C17: 81.44 | D17: 62.9 | E17: 5.03 | F17: 1.13 | G17: 177.89 | H17: 63.65 | I17: 0.83 | J17: 0.17 | K17: 73.41 | L17: Invalid | M17: Invalid | N17: 22.1 | O17: 0 | P17: 1.37 | Q17: 134.31
A18: 12-11-2022 02:30 | B18: 21.17 | C18: 79.07 | D18: 60.62 | E18: 5.31 | F18: 0.74 | G18: 177.89 | H18: 63.65 | I18: 0.8 | J18: 0.56 | K18: 35.49 | L18: Invalid | M18: Invalid | N18: 21.7 | O18: 0 | P18: 1.4 | Q18: 133.97
A19: 12-11-2022 02:45 | B19: 20.13 | C19: 80.4 | D19: 60.52 | E19: 5.78 | F19: 0.19 | G19: 177.89 | H19: 63.65 | I19: 0.8 | J19: 0.27 | K19: 79.32 | L19: Invalid | M19: Invalid | N19: 22.2 | O19: 0 | P19: 1.43 | Q19: 140.77
A20: 12-11-2022 03:00 | B20: 19.9 | C20: 82.54 | D20: 61.51 | E20: 5.27 | F20: 0.52 | G20: 182.82 | H20: 65.13 | I20: 0.83 | J20: 0.2 | K20: 62.08 | L20: Invalid | M20: Invalid | N20: 22.1 | O20: 0 | P20: 1.42 | Q20: 148.12
... A104: 12-11-2022 24:00 | B104: 30.34 | C104: 101.15 | D104: 80.15 | E104: 2.58 | F104: 0.8 | G104: 208 | H104: 70.58 | I104: 1.06 | J104: 0.09 | K104: 349.82 | L104: Invalid | M104: Invalid | N104: 28.7 | O104: 0 | P104: 2.11 | Q104: 164.99
A106: Min | B106: =MIN(B9:B104) -> 2.17 | C106: =MIN(C9:C104) -> 44.99 | D106: =MIN(D9:D104) -> 28.72 | E106: =MIN(E9:E104) -> 2.15 | F106: =MIN(F9:F104) -> 0.13 | G106: =MIN(G9:G104) -> 136.56 | H106: =MIN(H9:H104) -> 54.69 | I106: =MIN(I9:I104) -> 0.28 | ... Q106: =MIN(Q9:Q104) -> 115.12
A107: Max | B107: =MAX(B9:B104) -> 36.19 | C107: =MAX(C9:C104) -> 154.32 | D107: =MAX(D9:D104) -> 97.87 | E107: =MAX(E9:E104) -> 14.41 | F107: =MAX(F9:F104) -> 22.39 | G107: =MAX(G9:G104) -> 391.87 | H107: =MAX(H9:H104) -> 99.35 | I107: =MAX(I9:I104) -> 1.16 | ... Q107: =MAX(Q9:Q104) -> 205.11
A108: Avg | B108: =AVERAGE(B9:B104) -> 17.7425 | C108: =AVERAGE(C9:C104) -> 93.103646 | D108: =AVERAGE(D9:D104) -> 65.610417 | E108: =AVERAGE(E9:E104) -> 5.4676042 | F108: =AVERAGE(F9:F104) -> 2.5920833 | G108: =AVERAGE(G9:G104) -> 205.31469 | H108: =AVERAGE(H9:H104) -> 74.624271 | I108: =AVERAGE(I9:I104) -> 0.69291667 | ... Q108: =AVERAGE(Q9:Q104) -> 159.01729
A109: Stdev | B109: =STDEV(B9:B104) -> 9.8966003 | C109: =STDEV(C9:C104) -> 22.65058 | D109: =STDEV(D9:D104) -> 17.701815 | E109: =STDEV(E9:E104) -> 1.8617218 | F109: =STDEV(F9:F104) -> 3.78324 | G109: =STDEV(G9:G104) -> 58.839878 | H109: =STDEV(H9:H104) -> 12.531878 | I109: =STDEV(I9:I104) -> 0.24871847 | ... Q109: =STDEV(Q9:Q104) -> 23.574892
A110: Num | B110: =COUNT(B9:B104) -> 96 | C110: =COUNT(C9:C104) -> 96 | D110: =COUNT(D9:D104) -> 96 | E110: =COUNT(E9:E104) -> 96 | F110: =COUNT(F9:F104) -> 96 | G110: =COUNT(G9:G104) -> 96 | H110: =COUNT(H9:H104) -> 96 | I110: 96 | J110: 96 | K110: =COUNT(K9:K104) -> 96 | L110: =COUNT(L9:L104)+96 -> 96 | M110: =COUNT(M9:M104)+96 -> 96 | N110: =COUNT(N9:N104) -> 96 | O110: =COUNT(O9:O104) -> 96 | P110: =COUNT(P9:P104) -> 96 | Q110: =COUNT(Q9:Q104)+3 -> 99
A111: DCR | B111: =IF(B110>=87,">90%",IF(B110<=87,"<90%")) -> >90% | C111: =IF(C110>=87,">90%",IF(C110<=87,"<90%")) -> >90% | D111: =IF(D110>=87,">90%",IF(D110<=87,"<90%")) -> >90% | E111: =IF(E110>=87,">90%",IF(E110<=87,"<90%")) -> >90% | F111: =IF(F110>=87,">90%",IF(F110<=87,"<90%")) -> >90% | G111: =IF(G110>=87,">90%",IF(G110<=87,"<90%")) -> >90% | H111: =IF(H110>=87,">90%",IF(H110<=87,"<90%")) -> >90% | I111: =IF(I110>=87,">90%",IF(I110<=87,"<90%")) -> >90% | ... Q111: =IF(Q110>=87,">90%",IF(Q110<=87,"<90%")) -> >90%
A112: Status | B112: =IF(B110>=87,"OK",IF(B110<=87,"LESS")) -> OK | C112: =IF(C110>=87,"OK",IF(C110<=87,"LESS")) -> OK | D112: =IF(D110>=87,"OK",IF(D110<=87,"LESS")) -> OK | E112: =IF(E110>=87,"OK",IF(E110<=87,"LESS")) -> OK | F112: =IF(F110>=87,"OK",IF(F110<=87,"LESS")) -> OK | G112: =IF(G110>=87,"OK",IF(G110<=87,"LESS")) -> OK | H112: =IF(H110>=87,"OK",IF(H110<=87,"LESS")) -> OK | I112: =IF(I110>=87,"OK",IF(I110<=87,"LESS")) -> OK | ... Q112: =IF(Q110>=87,"OK",IF(Q110<=87,"LESS")) -> OK
A115: Done by | B115: RAHUL
A117: Comment | B117: T&H SONSOR WAS FAULTY

Sheet 13
A1: Station: | B1: Bhatagaon, RAIPUR
A2: Date: | B2: =$A$9 -> 13-11-2022 00:15 | D2: Power Off | G2: Pw.Off | L2: Link Fail | N2: Link F | P2: Maintenance | R2: Maint.
A3: Report Type: | B3: Mean | D3: Calibration | G3: Calib. | L3: Data Fail | N3: Data F | P3: Invalid | R3: Invalid
A4: Time Base: | B4: 15 Min | D4: Zero Referrence | G4: Z.Ref | L4: Warm Up | N4: Wm. Up
A7: Date & Time | B7: NO_BHATAGAON | C7: NO2__BHATAGAON | D7: NOX_BHATAGAON | E7: SO2__BHATAGAON | F7: O3__BHATAGAON | G7: PM10__BHATAGAON | H7: PM2_5__BHATAGAON | I7: BENZ__BHATAGAON | J7: WS__BHATAGAON | K7: WD__BHATAGAON | L7: TEMP__BHATAGAON | M7: HUM__BHATAGAON | N7: SR__BHATAGAON | O7: RG__BHATAGAON | P7: CO__BHATAGAON | Q7: NH3__BHATAGAON
B8: ug/m3 | C8: ug/m3 | D8: ug/m3 | E8: ug/m3 | F8: ug/m3 | G8: ug/m3 | H8: ug/m3 | I8: ug/m3 | J8: m/sec | K8: deg | L8: degreC | M8: % | N8: w/m2 | O8: mm | P8: mg/m3 | Q8: ug/m3
A9: 13-11-2022 00:15 | B9: 31.27 | C9: 102.14 | D9: 81.44 | E9: 4.49 | F9: 1.08 | G9: 196.78 | H9: 57.84 | I9: 1.04 | J9: 0.04 | K9: 218.82 | L9: Invalid | M9: Invalid | N9: 28.3 | O9: 0 | P9: 2.08 | Q9: 168.96
A10: 13-11-2022 00:30 | B10: 30.97 | C10: 100.79 | D10: 80.46 | E10: 4.54 | F10: 0.8 | G10: 196.78 | H10: 57.84 | I10: 1.03 | J10: 0.13 | K10: 357.78 | L10: Invalid | M10: Invalid | N10: 28.1 | O10: 0 | P10: 2.04 | Q10: 172.5
A11: 13-11-2022 00:45 | B11: 30.55 | C11: 99.44 | D11: 79.37 | E11: 4.51 | F11: 0.56 | G11: 196.78 | H11: 57.84 | I11: 1.04 | J11: 0.08 | K11: 52.8 | L11: Invalid | M11: Invalid | N11: 27.6 | O11: 0 | P11: 1.99 | Q11: 173.45
A12: 13-11-2022 01:00 | B12: 29.36 | C12: 97.5 | D12: 77.35 | E12: 4.85 | F12: 0.71 | G12: 194.79 | H12: 57.88 | I12: 1.04 | J12: 0.07 | K12: 41.52 | L12: Invalid | M12: Invalid | N12: 28.1 | O12: 0 | P12: 1.94 | Q12: 172.19
A13: 13-11-2022 01:15 | B13: 28.29 | C13: 95.33 | D13: 75.3 | E13: 4.7 | F13: 0.76 | G13: 178.05 | H13: 58.23 | I13: 1.05 | J13: 0.1 | K13: 37.52 | L13: Invalid | M13: Invalid | N13: 28 | O13: 0 | P13: 1.72 | Q13: 169.13
A14: 13-11-2022 01:30 | B14: 27.57 | C14: 93.93 | D14: 73.95 | E14: 4.73 | F14: 0.69 | G14: 178.05 | H14: 58.23 | I14: 1.02 | J14: 0.05 | K14: 324.83 | L14: Invalid | M14: Invalid | N14: 27.5 | O14: 0 | P14: 1.79 | Q14: 168.8
A15: 13-11-2022 01:45 | B15: 26.75 | C15: 91.32 | D15: 71.85 | E15: 4.85 | F15: 0.56 | G15: 178.05 | H15: 58.23 | I15: 1.03 | J15: 0.1 | K15: 276.85 | L15: Invalid | M15: Invalid | N15: 27.4 | O15: 0 | P15: 1.73 | Q15: 166.63
A16: 13-11-2022 02:00 | B16: 26.67 | C16: 85.94 | D16: 68.82 | E16: 4.83 | F16: 0.79 | G16: 180.96 | H16: 58.88 | I16: 1.02 | J16: 0.07 | K16: 34.3 | L16: Invalid | M16: Invalid | N16: 27.5 | O16: 0 | P16: 1.69 | Q16: 149.78
A17: 13-11-2022 02:15 | B17: 26.49 | C17: 88.13 | D17: 69.88 | E17: 4.58 | F17: 0.72 | G17: 205.48 | H17: 65.61 | I17: 1.01 | J17: 0.26 | K17: 87.74 | L17: Invalid | M17: Invalid | N17: 26.9 | O17: 0 | P17: 1.65 | Q17: 144.83
A18: 13-11-2022 02:30 | B18: 25.35 | C18: 88.04 | D18: 68.91 | E18: 4.68 | F18: 0.71 | G18: 205.48 | H18: 65.61 | I18: 0.98 | J18: 0.12 | K18: 58 | L18: Invalid | M18: Invalid | N18: 27.6 | O18: 0 | P18: 1.62 | Q18: 143.51
A19: 13-11-2022 02:45 | B19: 23.78 | C19: 86.23 | D19: 66.66 | E19: 4.99 | F19: 0.6 | G19: 205.48 | H19: 65.61 | I19: 0.97 | J19: 0.17 | K19: 56.23 | L19: Invalid | M19: Invalid | N19: 27.3 | O19: 0 | P19: 1.57 | Q19: 139.48
A20: 13-11-2022 03:00 | B20: 22.23 | C20: 84.23 | D20: 64.31 | E20: 4.46 | F20: 0.57 | G20: 203.62 | H20: 65.95 | I20: 0.94 | J20: 0.21 | K20: 82.31 | L20: Invalid | M20: Invalid | N20: 27.2 | O20: 0 | P20: 1.53 | Q20: 135.94
... A104: 13-11-2022 24:00 | B104: 17.44 | C104: 93.18 | D104: 65.41 | E104: 2.43 | F104: 1.02 | G104: 169.74 | H104: 72.26 | I104: 0.89 | J104: 0.12 | K104: 352.37 | L104: Invalid | M104: Invalid | N104: 23.5 | O104: 0 | P104: 1.67 | Q104: 128.19
A106: Min | B106: =MIN(B9:B104) -> 1.75 | C106: =MIN(C9:C104) -> 65.59 | D106: =MIN(D9:D104) -> 37.6 | E106: =MIN(E9:E104) -> 2.22 | F106: =MIN(F9:F104) -> 0.43 | G106: =MIN(G9:G104) -> 111.17 | H106: =MIN(H9:H104) -> 57.84 | I106: =MIN(I9:I104) -> 0.43 | ... Q106: =MIN(Q9:Q104) -> 114.56
A107: Max | B107: =MAX(B9:B104) -> 31.27 | C107: =MAX(C9:C104) -> 114.14 | D107: =MAX(D9:D104) -> 87.51 | E107: =MAX(E9:E104) -> 6.7 | F107: =MAX(F9:F104) -> 10.19 | G107: =MAX(G9:G104) -> 290.13 | H107: =MAX(H9:H104) -> 86.27 | I107: =MAX(I9:I104) -> 1.09 | ... Q107: =MAX(Q9:Q104) -> 197.67
A108: Avg | B108: =AVERAGE(B9:B104) -> 15.950313 | C108: =AVERAGE(C9:C104) -> 88.190521 | D108: =AVERAGE(D9:D104) -> 61.460833 | E108: =AVERAGE(E9:E104) -> 4.74625 | F108: =AVERAGE(F9:F104) -> 1.9858333 | G108: =AVERAGE(G9:G104) -> 181.35312 | H108: =AVERAGE(H9:H104) -> 71.460938 | I108: =AVERAGE(I9:I104) -> 0.726875 | ... Q108: =AVERAGE(Q9:Q104) -> 148.48292
A109: Stdev | B109: =STDEV(B9:B104) -> 8.627989 | C109: =STDEV(C9:C104) -> 11.601014 | D109: =STDEV(D9:D104) -> 12.300827 | E109: =STDEV(E9:E104) -> 0.84317726 | F109: =STDEV(F9:F104) -> 2.0726889 | G109: =STDEV(G9:G104) -> 49.138363 | H109: =STDEV(H9:H104) -> 8.1726567 | I109: =STDEV(I9:I104) -> 0.20043801 | ... Q109: =STDEV(Q9:Q104) -> 18.78148
A110: Num | B110: =COUNT(B9:B104) -> 96 | C110: =COUNT(C9:C104) -> 96 | D110: =COUNT(D9:D104) -> 96 | E110: =COUNT(E9:E104) -> 96 | F110: =COUNT(F9:F104) -> 96 | G110: =COUNT(G9:G104) -> 96 | H110: =COUNT(H9:H104) -> 96 | I110: =COUNT(I9:I104) -> 96 | ... K110: =COUNT(K9:K104) -> 96 | L110: =COUNT(L9:L104)+96 -> 96 | M110: =COUNT(M9:M104)+96 -> 96 | N110: =COUNT(N9:N104) -> 96 | O110: =COUNT(O9:O104) -> 96 | P110: =COUNT(P9:P104) -> 96 | Q110: =COUNT(Q9:Q104) -> 96
A111: DCR | B111: =IF(B110>=87,">90%",IF(B110<=87,"<90%")) -> >90% | C111: =IF(C110>=87,">90%",IF(C110<=87,"<90%")) -> >90% | D111: =IF(D110>=87,">90%",IF(D110<=87,"<90%")) -> >90% | E111: =IF(E110>=87,">90%",IF(E110<=87,"<90%")) -> >90% | F111: =IF(F110>=87,">90%",IF(F110<=87,"<90%")) -> >90% | G111: =IF(G110>=87,">90%",IF(G110<=87,"<90%")) -> >90% | H111: =IF(H110>=87,">90%",IF(H110<=87,"<90%")) -> >90% | I111: =IF(I110>=87,">90%",IF(I110<=87,"<90%")) -> >90% | ... Q111: =IF(Q110>=87,">90%",IF(Q110<=87,"<90%")) -> >90%
A112: Status | B112: =IF(B110>=87,"OK",IF(B110<=87,"LESS")) -> OK | C112: =IF(C110>=87,"OK",IF(C110<=87,"LESS")) -> OK | D112: =IF(D110>=87,"OK",IF(D110<=87,"LESS")) -> OK | E112: =IF(E110>=87,"OK",IF(E110<=87,"LESS")) -> OK | F112: =IF(F110>=87,"OK",IF(F110<=87,"LESS")) -> OK | G112: =IF(G110>=87,"OK",IF(G110<=87,"LESS")) -> OK | H112: =IF(H110>=87,"OK",IF(H110<=87,"LESS")) -> OK | I112: =IF(I110>=87,"OK",IF(I110<=87,"LESS")) -> OK | ... Q112: =IF(Q110>=87,"OK",IF(Q110<=87,"LESS")) -> OK
A115: Done by | B115: RAHUL
A117: Comment

Sheet 14
A1: Station: | B1: Bhatagaon, RAIPUR
A2: Date: | B2: =$A$9 -> 14-11-2022 00:15 | D2: Power Off | G2: Pw.Off | L2: Link Fail | N2: Link F | P2: Maintenance | R2: Maint.
A3: Report Type: | B3: Mean | D3: Calibration | G3: Calib. | L3: Data Fail | N3: Data F | P3: Invalid | R3: Invalid
A4: Time Base: | B4: 15 Min | D4: Zero Referrence | G4: Z.Ref | L4: Warm Up | N4: Wm. Up
A7: Date & Time | B7: NO_BHATAGAON | C7: NO2__BHATAGAON | D7: NOX_BHATAGAON | E7: SO2__BHATAGAON | F7: O3__BHATAGAON | G7: PM10__BHATAGAON | H7: PM2_5__BHATAGAON | I7: BENZ__BHATAGAON | J7: WS__BHATAGAON | K7: WD__BHATAGAON | L7: TEMP__BHATAGAON | M7: HUM__BHATAGAON | N7: SR__BHATAGAON | O7: RG__BHATAGAON | P7: CO__BHATAGAON | Q7: NH3__BHATAGAON
B8: ug/m3 | C8: ug/m3 | D8: ug/m3 | E8: ug/m3 | F8: ug/m3 | G8: ug/m3 | H8: ug/m3 | I8: ug/m3 | J8: m/sec | K8: deg | L8: degreC | M8: % | N8: w/m2 | O8: mm | P8: mg/m3 | Q8: ug/m3
A9: 14-11-2022 00:15 | B9: 16.25 | C9: 91.29 | D9: 63.41 | E9: 4.64 | F9: 0.84 | G9: 169.05 | H9: 66.35 | I9: 0.86 | J9: 0.13 | K9: 319.16 | L9: Maint. | M9: Maint. | N9: 22.7 | O9: 0 | P9: 1.63 | Q9: 121.61
A10: 14-11-2022 00:30 | B10: 15.55 | C10: 90.66 | D10: 62.51 | E10: 4.3 | F10: 0.66 | G10: 169.05 | H10: 66.35 | I10: 0.84 | J10: 0.11 | K10: 329.25 | L10: Maint. | M10: Maint. | N10: 23.5 | O10: 0 | P10: 1.59 | Q10: 118.47
A11: 14-11-2022 00:45 | B11: 14.84 | C11: 88.99 | D11: 61.01 | E11: 4.53 | F11: 0.44 | G11: 169.05 | H11: 66.35 | I11: 0.82 | J11: 0.16 | K11: 319.72 | L11: Maint. | M11: Maint. | N11: 23.2 | O11: 0 | P11: 1.56 | Q11: 114.42
A12: 14-11-2022 01:00 | B12: 13.91 | C12: 86.8 | D12: 59.06 | E12: 4.61 | F12: 0.62 | G12: 166.36 | H12: 66.06 | I12: 0.8 | J12: 0.16 | K12: 305.09 | L12: Maint. | M12: Maint. | N12: 23.1 | O12: 0 | P12: 1.51 | Q12: 114.76
A13: 14-11-2022 01:15 | B13: 12.87 | C13: 84.04 | D13: 56.7 | E13: 4.77 | F13: 0.62 | G13: 143.72 | H13: 63.1 | I13: 0.78 | J13: 0.1 | K13: 289.19 | L13: Maint. | M13: Maint. | N13: 23.4 | O13: 0 | P13: 1.34 | Q13: 117.4
A14: 14-11-2022 01:30 | B14: 11.82 | C14: 81.7 | D14: 54.57 | E14: 4.41 | F14: 0.69 | G14: 143.72 | H14: 63.1 | I14: 0.77 | J14: 0.3 | K14: 30.96 | L14: Maint. | M14: Maint. | N14: 22.9 | O14: 0 | P14: 1.37 | Q14: 118.79
A15: 14-11-2022 01:45 | B15: 11.09 | C15: 80.01 | D15: 53.05 | E15: 4.82 | F15: 0.75 | G15: 143.72 | H15: 63.1 | I15: 0.77 | J15: 0.18 | K15: 26.81 | L15: Maint. | M15: Maint. | N15: 22.9 | O15: 0 | P15: 1.32 | Q15: 117.63
A16: 14-11-2022 02:00 | B16: 10.5 | C16: 78.33 | D16: 51.65 | E16: 4.67 | F16: 0.63 | G16: 143.41 | H16: 62.94 | I16: 0.77 | J16: 0.47 | K16: 9.13 | L16: Maint. | M16: Maint. | N16: 22 | O16: 0 | P16: 1.3 | Q16: 115.51
A17: 14-11-2022 02:15 | B17: 10.25 | C17: 77.87 | D17: 51.19 | E17: 4.61 | F17: 0.71 | G17: 140.88 | H17: 61.31 | I17: 0.76 | J17: 0.11 | K17: 349.74 | L17: Maint. | M17: Maint. | N17: 23.4 | O17: 0 | P17: 1.29 | Q17: 112.78
A18: 14-11-2022 02:30 | B18: 10.2 | C18: 77.38 | D18: 50.89 | E18: 4.5 | F18: 0.6 | G18: 140.88 | H18: 61.31 | I18: 0.74 | J18: 0.2 | K18: 281.09 | L18: Maint. | M18: Maint. | N18: 22.7 | O18: 0 | P18: 1.3 | Q18: 113.13
A19: 14-11-2022 02:45 | B19: 10.29 | C19: 77.22 | D19: 50.87 | E19: 4.72 | F19: 0.51 | G19: 140.88 | H19: 61.31 | I19: 0.75 | J19: 0.09 | K19: 41.5 | L19: Maint. | M19: Maint. | N19: 23.3 | O19: 0 | P19: 1.3 | Q19: 113.57
A20: 14-11-2022 03:00 | B20: 10.66 | C20: 76.93 | D20: 51 | E20: 4.38 | F20: 0.54 | G20: 146.78 | H20: 62.99 | I20: 0.76 | J20: 0.18 | K20: 304.25 | L20: Maint. | M20: Maint. | N20: 22.6 | O20: 0 | P20: 1.31 | Q20: 106.98
... A24: 14-11-2022 04:00 | B24: 15.14 | C24: 77.43 | D24: 54.87 | E24: 1.89 | F24: 0.53 | G24: 213.02 | H24: 83.72 | I24: 0.74 | J24: 0.12 | K24: 297.1 | L24: Maint. | M24: Maint. | N24: 22.9 | O24: 0 | P24: 1.34 | Q24: 97.75
A25: 14-11-2022 04:15 | B25: 17.74 | C25: 79.21 | D25: 57.94 | E25: 4.33 | F25: 0.63 | G25: Invalid | H25: Invalid | I25: 0.74 | J25: 0.08 | K25: 305.16 | L25: Maint. | M25: Maint. | N25: 22.8 | O25: 0 | P25: 1.36 | Q25: 97.35
A26: 14-11-2022 04:30 | B26: 20.48 | C26: 81.86 | D26: 61.6 | E26: 4.2 | F26: 0.38 | G26: Invalid | H26: Invalid | I26: 0.73 | J26: 0.13 | K26: 43.28 | L26: Maint. | M26: Maint. | N26: 22.9 | O26: 0 | P26: 1.38 | Q26: 101.16
A27: 14-11-2022 04:45 | B27: 24.45 | C27: 85.65 | D27: 66.88 | E27: 4.41 | F27: 0.57 | G27: Invalid | H27: Invalid | I27: 0.73 | J27: 0.1 | K27: 70.65 | L27: Maint. | M27: Maint. | N27: 22.9 | O27: 0 | P27: 1.41 | Q27: 111.24
A28: 14-11-2022 05:00 | B28: 28.12 | C28: 88.72 | D28: 71.51 | E28: 4.18 | F28: 0.32 | G28: Invalid | H28: Invalid | I28: 0.74 | J28: 0.18 | K28: 38.39 | L28: Maint. | M28: Maint. | N28: 22.6 | O28: 0 | P28: 1.45 | Q28: 117.22
A29: 14-11-2022 05:15 | B29: 32.26 | C29: 92.99 | D29: 77.19 | E29: 4.72 | F29: 0.64 | G29: Invalid | H29: Invalid | I29: 0.74 | J29: 0.2 | K29: 76.44 | L29: Maint. | M29: Maint. | N29: 22.3 | O29: 0 | P29: 1.48 | Q29: 120.77
A30: 14-11-2022 05:30 | B30: 34.47 | C30: 94.85 | D30: 79.99 | E30: 4.82 | F30: 0.62 | G30: Invalid | H30: Invalid | I30: 0.73 | J30: 0.25 | K30: 52.72 | L30: Maint. | M30: Maint. | N30: 22.5 | O30: 0 | P30: 1.52 | Q30: 123.85
A31: 14-11-2022 05:45 | B31: 34.81 | C31: 95.34 | D31: 80.53 | E31: 4.66 | F31: 0.79 | G31: Invalid | H31: Invalid | I31: 0.74 | J31: 0.21 | K31: 78.9 | L31: Maint. | M31: Maint. | N31: 22.4 | O31: 0 | P31: 1.52 | Q31: 125.12
A32: 14-11-2022 06:00 | B32: 33.58 | C32: 94.64 | D32: 79.16 | E32: 4.59 | F32: 0.64 | G32: Invalid | H32: Invalid | I32: 0.73 | J32: 0.29 | K32: 87.63 | L32: Maint. | M32: Maint. | N32: 23.1 | O32: 0 | P32: 1.5 | Q32: 123.28
A33: 14-11-2022 06:15 | B33: 32.22 | C33: 94.03 | D33: 77.73 | E33: 4.29 | F33: 0.51 | G33: 261.43 | H33: 116.94 | I33: 0.74 | J33: 0.31 | K33: 96.01 | L33: Maint. | M33: Maint. | N33: 26.3 | O33: 0 | P33: 1.47 | Q33: 120.16
A34: 14-11-2022 06:30 | B34: 30.37 | C34: 91.33 | D34: 74.75 | E34: 4.64 | F34: 0.85 | G34: 261.43 | H34: 116.94 | I34: 0.73 | J34: 0.32 | K34: 62.55 | L34: Maint. | M34: Maint. | N34: 36 | O34: 0 | P34: 1.44 | Q34: 113.47
A35: 14-11-2022 06:45 | B35: 29.27 | C35: 91.85 | D35: 74.16 | E35: 4.67 | F35: 0.61 | G35: 261.43 | H35: 116.94 | I35: 0.73 | J35: 0.26 | K35: 61.61 | L35: Maint. | M35: Maint. | N35: 50.6 | O35: 0 | P35: 1.43 | Q35: 106.99
A36: 14-11-2022 07:00 | B36: 29.07 | C36: 93.08 | D36: 74.68 | E36: 4.65 | F36: 0.51 | G36: 262.7 | H36: 116.35 | I36: 0.7 | J36: 0.19 | K36: 48.6 | L36: Maint. | M36: Maint. | N36: 65.6 | O36: 0 | P36: 1.42 | Q36: 103.26
A37: 14-11-2022 07:15 | B37: 29.48 | C37: 96.5 | D37: 76.9 | E37: 4.33 | F37: 0.68 | G37: 273.39 | H37: 110.27 | I37: 0.68 | J37: 0.73 | K37: 37.32 | L37: Maint. | M37: Maint. | N37: 107.2 | O37: 0 | P37: 1.46 | Q37: 98.06
A38: 14-11-2022 07:30 | B38: 30.34 | C38: 99.66 | D38: 79.33 | E38: 4.69 | F38: 0.63 | G38: 273.39 | H38: 110.27 | I38: 0.63 | J38: 1.01 | K38: 44.44 | L38: Maint. | M38: Maint. | N38: 204.2 | O38: 0 | P38: 1.63 | Q38: 99.66
A39: 14-11-2022 07:45 | B39: 31.59 | C39: 103.03 | D39: 82.19 | E39: 4.89 | F39: 0.82 | G39: 273.39 | H39: 110.27 | I39: 0.67 | J39: 0.75 | K39: 42.87 | L39: Maint. | M39: Maint. | N39: 260.4 | O39: 0 | P39: 1.72 | Q39: 101.85
A40: 14-11-2022 08:00 | B40: 32.77 | C40: 105.66 | D40: 84.59 | E40: 3.39 | F40: 0.77 | G40: 269.06 | H40: 109.03 | I40: 0.67 | J40: 0.68 | K40: 46.53 | L40: Maint. | M40: Maint. | N40: 312.4 | O40: 0 | P40: 1.8 | Q40: 104.19
A41: 14-11-2022 08:15 | B41: 33.95 | C41: 108.68 | D41: 87.2 | E41: 5.57 | F41: 0.6 | G41: 232.59 | H41: 96.31 | I41: 0.64 | J41: 0.49 | K41: 42.48 | L41: Maint. | M41: Maint. | N41: 363.1 | O41: 0 | P41: 1.85 | Q41: 110.38
A42: 14-11-2022 08:30 | B42: 34.22 | C42: 108.44 | D42: 87.28 | E42: 5.27 | F42: 0.65 | G42: 232.59 | H42: 96.31 | I42: 0.63 | J42: 0.83 | K42: 148.03 | L42: Maint. | M42: Maint. | N42: 420.6 | O42: 0 | P42: 1.88 | Q42: 117.01
A43: 14-11-2022 08:45 | B43: 32.8 | C43: 105.8 | D43: 84.69 | E43: 4.87 | F43: 0.86 | G43: 232.59 | H43: 96.31 | I43: 0.64 | J43: 0.47 | K43: 135.23 | L43: Maint. | M43: Maint. | N43: 459 | O43: 0 | P43: 1.86 | Q43: 122.39
A44: 14-11-2022 09:00 | B44: 30.79 | C44: 102.91 | D44: 81.48 | E44: 4.95 | F44: 0.86 | G44: 227.15 | H44: 95.93 | I44: 0.65 | J44: 0.41 | K44: 86.59 | L44: Maint. | M44: Maint. | N44: 501.8 | O44: 0 | P44: 1.85 | Q44: 128.53
... A80: 14-11-2022 18:00 | B80: 20.34 | C80: 140.53 | D80: 93.87 | E80: 4.79 | F80: 0.72 | G80: 118.38 | H80: 44.88 | I80: 0.32 | J80: 0.12 | K80: 7.06 | L80: Maint. | M80: Maint. | N80: 18.5 | O80: 0 | P80: 1.02 | Q80: 101.41
A81: 14-11-2022 18:15 | B81: 27.73 | C81: 147.26 | D81: 103.51 | E81: 4.25 | F81: 0.97 | G81: Invalid | H81: Invalid | I81: 0.34 | J81: 0.06 | K81: 324.24 | L81: Maint. | M81: Maint. | N81: 18.5 | O81: 0 | P81: 1.14 | Q81: 107.76
A82: 14-11-2022 18:30 | B82: 40.44 | C82: 153.97 | D82: 117.4 | E82: 4.4 | F82: 1.07 | G82: Invalid | H82: Invalid | I82: 0.38 | J82: 0.06 | K82: 76.55 | L82: Maint. | M82: Maint. | N82: 18.4 | O82: 0 | P82: 1.3 | Q82: 117
A83: 14-11-2022 18:45 | B83: 45.69 | C83: 153.52 | D83: 121.37 | E83: 4.57 | F83: 0.94 | G83: Invalid | H83: Invalid | I83: 0.45 | J83: 0.03 | K83: 342.2 | L83: Maint. | M83: Maint. | N83: 18.4 | O83: 0 | P83: 1.42 | Q83: 130.75
A84: 14-11-2022 19:00 | B84: 53.28 | C84: 160.47 | D84: 131.29 | E84: 4.77 | F84: 0.66 | G84: Invalid | H84: Invalid | I84: 0.57 | J84: 0.06 | K84: 29.41 | L84: Maint. | M84: Maint. | N84: 18.6 | O84: 0 | P84: 1.52 | Q84: 144.89
A85: 14-11-2022 19:15 | B85: 59.15 | C85: 165.15 | D85: 138.58 | E85: 4.58 | F85: 0.34 | G85: Invalid | H85: Invalid | I85: 0.65 | J85: 0.06 | K85: 48.15 | L85: Maint. | M85: Maint. | N85: 18.3 | O85: 0 | P85: 1.41 | Q85: 152.03
A86: 14-11-2022 19:30 | B86: 69.17 | C86: 173.5 | D86: 151.22 | E86: 4.71 | F86: 0.44 | G86: Invalid | H86: Invalid | I86: 0.72 | J86: 0.04 | K86: 31.1 | L86: Maint. | M86: Maint. | N86: 18.3 | O86: 0 | P86: 1.58 | Q86: 162.95
A87: 14-11-2022 19:45 | B87: 82.38 | C87: 180.43 | D87: 165.64 | E87: 4.59 | F87: 0.64 | G87: Invalid | H87: Invalid | I87: 0.79 | J87: 0.19 | K87: 354.76 | L87: Maint. | M87: Maint. | N87: 17.9 | O87: 0 | P87: 1.72 | Q87: 179.64
A88: 14-11-2022 20:00 | B88: 103.74 | C88: 194.94 | D88: 190.78 | E88: 2.69 | F88: 0.78 | G88: Invalid | H88: Invalid | I88: 0.91 | J88: 0.14 | K88: 329.79 | L88: Maint. | M88: Maint. | N88: 18 | O88: 0 | P88: 2.01 | Q88: 200.99
A89: 14-11-2022 20:15 | B89: 114.81 | C89: 199.97 | D89: 202.43 | E89: 5.42 | F89: 0.7 | G89: Invalid | H89: Invalid | I89: 1.01 | J89: 0.17 | K89: 9.8 | L89: Maint. | M89: Maint. | N89: 17.8 | O89: 0 | P89: 2.22 | Q89: 216.69
A90: 14-11-2022 20:30 | B90: 128.01 | C90: 211.46 | D90: 219.35 | E90: 5.92 | F90: 0.51 | G90: Invalid | H90: Invalid | I90: 1.11 | J90: 0.1 | K90: 352.74 | L90: Maint. | M90: Maint. | N90: 18.3 | O90: 0 | P90: 2.45 | Q90: 234.19
A91: 14-11-2022 20:45 | B91: 137.47 | C91: 220.02 | D91: 231.66 | E91: 5.73 | F91: 0.5 | G91: Invalid | H91: Invalid | I91: 1.25 | J91: 0.05 | K91: 305.64 | L91: Maint. | M91: Maint. | N91: 18.3 | O91: 0 | P91: 2.62 | Q91: 248.1
A92: 14-11-2022 21:00 | B92: 143.78 | C92: 224.7 | D92: 239.31 | E92: 5.59 | F92: 0.52 | G92: Invalid | H92: Invalid | I92: 1.36 | J92: 0.13 | K92: 247.14 | L92: Maint. | M92: Maint. | N92: 17.8 | O92: 0 | P92: 2.72 | Q92: 253.75
... A100: 14-11-2022 23:00 | B100: 141.08 | C100: 205.04 | D100: 226.3 | E100: 5.61 | F100: 0.62 | G100: Invalid | H100: Invalid | I100: 1.54 | J100: 0.11 | K100: 323.44 | L100: Maint. | M100: Maint. | N100: 18.3 | O100: 0 | P100: 2.77 | Q100: 247.54
A101: 14-11-2022 23:15 | B101: 134.07 | C101: 198.42 | D101: 217.02 | E101: 5.9 | F101: 1.31 | G101: 193.36 | H101: 90.19 | I101: 1.51 | J101: 0.19 | K101: 322.29 | L101: Maint. | M101: Maint. | N101: 18 | O101: 0 | P101: 2.67 | Q101: 235.85
A102: 14-11-2022 23:30 | B102: 127.12 | C102: 190.64 | D102: 207.15 | E102: 5.59 | F102: 0.97 | G102: 193.36 | H102: 90.19 | I102: 1.46 | J102: 0.17 | K102: 305.62 | L102: Maint. | M102: Maint. | N102: 18 | O102: 0 | P102: 2.56 | Q102: 227.67
A103: 14-11-2022 23:45 | B103: 119.95 | C103: 183.75 | D103: 197.6 | E103: 5.73 | F103: 0.56 | G103: 193.36 | H103: 90.19 | I103: 1.42 | J103: 0.16 | K103: 320.14 | L103: Maint. | M103: Maint. | N103: 18 | O103: 0 | P103: 2.46 | Q103: 221.59
A104: 14-11-2022 24:00 | B104: 113.37 | C104: 177.53 | D104: 188.89 | E104: 3.2 | F104: 0.46 | G104: 188.14 | H104: 89.32 | I104: 1.39 | J104: 0.1 | K104: 323.66 | L104: Maint. | M104: Maint. | N104: 18.2 | O104: 0 | P104: 2.36 | Q104: 214.6
A106: Min | B106: =MIN(B9:B104) -> 2.42 | C106: =MIN(C9:C104) -> 75.99 | D106: =MIN(D9:D104) -> 49.45 | E106: =MIN(E9:E104) -> 1.89 | F106: =MIN(F9:F104) -> 0.32 | G106: =MIN(G9:G104) -> 96.15 | H106: =MIN(H9:H104) -> 43.08 | I106: =MIN(I9:I104) -> 0.22 | ... Q106: =MIN(Q9:Q104) -> 79.61
A107: Max | B107: =MAX(B9:B104) -> 164.42 | C107: =MAX(C9:C104) -> 232.62 | D107: =MAX(D9:D104) -> 260.17 | E107: =MAX(E9:E104) -> 33.36 | F107: =MAX(F9:F104) -> 21.19 | G107: =MAX(G9:G104) -> 273.39 | H107: =MAX(H9:H104) -> 116.94 | I107: =MAX(I9:I104) -> 1.58 | ... Q107: =MAX(Q9:Q104) -> 265.87
A108: Avg | B108: =AVERAGE(B9:B104) -> 40.472396 | C108: =AVERAGE(C9:C104) -> 123.86698 | D108: =AVERAGE(D9:D104) -> 100.81563 | E108: =AVERAGE(E9:E104) -> 8.3645833 | F108: =AVERAGE(F9:F104) -> 3.2782292 | G108: =AVERAGE(G9:G104) -> 157.21338 | H108: =AVERAGE(H9:H104) -> 73.183676 | I108: =AVERAGE(I9:I104) -> 0.69947917 | ... Q108: =AVERAGE(Q9:Q104) -> 139.02094
A109: Stdev | B109: =STDEV(B9:B104) -> 48.607533 | C109: =STDEV(C9:C104) -> 47.170887 | D109: =STDEV(D9:D104) -> 63.453589 | E109: =STDEV(E9:E104) -> 7.4818534 | F109: =STDEV(F9:F104) -> 4.6210498 | G109: =STDEV(G9:G104) -> 55.937722 | H109: =STDEV(H9:H104) -> 20.939151 | I109: =STDEV(I9:I104) -> 0.38541671 | ... Q109: =STDEV(Q9:Q104) -> 52.531366
A110: Num | B110: =COUNT(B9:B104) -> 96 | C110: =COUNT(C9:C104) -> 96 | D110: =COUNT(D9:D104) -> 96 | E110: =COUNT(E9:E104) -> 96 | F110: =COUNT(F9:F104) -> 96 | G110: =COUNT(G9:G104) -> 68 | H110: =COUNT(H9:H104) -> 68 | I110: =COUNT(I9:I104) -> 96 | ... K110: =COUNT(K9:K104) -> 96 | L110: =COUNT(L9:L104)+96 -> 96 | M110: =COUNT(M9:M104)+96 -> 96 | N110: =COUNT(N9:N104) -> 96 | O110: =COUNT(O9:O104) -> 96 | P110: =COUNT(P9:P104) -> 96 | Q110: =COUNT(Q9:Q104) -> 96
A111: DCR | B111: =IF(B110>=87,">90%",IF(B110<=87,"<90%")) -> >90% | C111: =IF(C110>=87,">90%",IF(C110<=87,"<90%")) -> >90% | D111: =IF(D110>=87,">90%",IF(D110<=87,"<90%")) -> >90% | E111: =IF(E110>=87,">90%",IF(E110<=87,"<90%")) -> >90% | F111: =IF(F110>=87,">90%",IF(F110<=87,"<90%")) -> >90% | G111: =IF(G110>=87,">90%",IF(G110<=87,"<90%")) -> <90% | H111: =IF(H110>=87,">90%",IF(H110<=87,"<90%")) -> <90% | I111: =IF(I110>=87,">90%",IF(I110<=87,"<90%")) -> >90% | ... Q111: =IF(Q110>=87,">90%",IF(Q110<=87,"<90%")) -> >90%
A112: Status | B112: =IF(B110>=87,"OK",IF(B110<=87,"LESS")) -> OK | C112: =IF(C110>=87,"OK",IF(C110<=87,"LESS")) -> OK | D112: =IF(D110>=87,"OK",IF(D110<=87,"LESS")) -> OK | E112: =IF(E110>=87,"OK",IF(E110<=87,"LESS")) -> OK | F112: =IF(F110>=87,"OK",IF(F110<=87,"LESS")) -> OK | G112: =IF(G110>=87,"OK",IF(G110<=87,"LESS")) -> LESS | H112: =IF(H110>=87,"OK",IF(H110<=87,"LESS")) -> LESS | I112: =IF(I110>=87,"OK",IF(I110<=87,"LESS")) -> OK | ... Q112: =IF(Q110>=87,"OK",IF(Q110<=87,"LESS")) -> OK
A115: Done by | B115: RAHUL
A117: Comment

Sheet 15
A1: Station: | B1: Bhatagaon, RAIPUR
A2: Date: | B2: =$A$9 -> 15-11-2022 00:15 | D2: Power Off | G2: Pw.Off | L2: Link Fail | N2: Link F | P2: Maintenance | R2: Maint.
A3: Report Type: | B3: Mean | D3: Calibration | G3: Calib. | L3: Data Fail | N3: Data F | P3: Invalid | R3: Invalid
A4: Time Base: | B4: 15 Min | D4: Zero Referrence | G4: Z.Ref | L4: Warm Up | N4: Wm. Up
A7: Date & Time | B7: NO_BHATAGAON | C7: NO2__BHATAGAON | D7: NOX_BHATAGAON | E7: SO2__BHATAGAON | F7: O3__BHATAGAON | G7: PM10__BHATAGAON | H7: PM2_5__BHATAGAON | I7: BENZ__BHATAGAON | J7: WS__BHATAGAON | K7: WD__BHATAGAON | L7: TEMP__BHATAGAON | M7: HUM__BHATAGAON | N7: SR__BHATAGAON | O7: RG__BHATAGAON | P7: CO__BHATAGAON | Q7: NH3__BHATAGAON
B8: ug/m3 | C8: ug/m3 | D8: ug/m3 | E8: ug/m3 | F8: ug/m3 | G8: ug/m3 | H8: ug/m3 | I8: ug/m3 | J8: m/sec | K8: deg | L8: degreC | M8: % | N8: w/m2 | O8: mm | P8: mg/m3 | Q8: ug/m3
A9: 15-11-2022 00:15 | B9: 105.99 | C9: 170.96 | D9: 179.35 | E9: 5.04 | F9: 0.45 | G9: 149.68 | H9: 80.41 | I9: 1.35 | J9: 0.17 | K9: 344.94 | L9: Maint. | M9: Maint. | N9: 18.2 | O9: 0 | P9: 2.25 | Q9: 203.63
A10: 15-11-2022 00:30 | B10: 98.65 | C10: 163.04 | D10: 169.09 | E10: 5.02 | F10: 0.73 | G10: 149.68 | H10: 80.41 | I10: 1.29 | J10: 0.11 | K10: 337.35 | L10: Maint. | M10: Maint. | N10: 18.2 | O10: 0 | P10: 2.15 | Q10: 188.57
A11: 15-11-2022 00:45 | B11: 92.42 | C11: 156.04 | D11: 160.22 | E11: 4.92 | F11: 0.79 | G11: 149.68 | H11: 80.41 | I11: 1.24 | J11: 0.12 | K11: 326.26 | L11: Maint. | M11: Maint. | N11: 17.9 | O11: 0 | P11: 2.07 | Q11: 176.85
A12: 15-11-2022 01:00 | B12: 85.98 | C12: 149.66 | D12: 151.54 | E12: 4.82 | F12: 0.69 | G12: 146.38 | H12: 80.16 | I12: 1.18 | J12: 0.29 | K12: 7.43 | L12: Maint. | M12: Maint. | N12: 17.9 | O12: 0 | P12: 1.98 | Q12: 166.6
A13: 15-11-2022 01:15 | B13: 80.01 | C13: 143.89 | D13: 143.58 | E13: 4.61 | F13: 0.7 | G13: 122.05 | H13: 77.62 | I13: 1.13 | J13: 0.08 | K13: 121.39 | L13: Maint. | M13: Maint. | N13: 17.7 | O13: 0 | P13: 1.84 | Q13: 156.19
A14: 15-11-2022 01:30 | B14: 74.19 | C14: 138.79 | D14: 136.09 | E14: 4.75 | F14: 0.61 | G14: 122.05 | H14: 77.62 | I14: 1.09 | J14: 0.07 | K14: 303.33 | L14: Maint. | M14: Maint. | N14: 18.1 | O14: 0 | P14: 1.82 | Q14: 148.47
A15: 15-11-2022 01:45 | B15: 68.46 | C15: 133.25 | D15: 128.44 | E15: 4.55 | F15: 0.69 | G15: 122.05 | H15: 77.62 | I15: 1.04 | J15: 0.07 | K15: 313.83 | L15: Maint. | M15: Maint. | N15: 18.2 | O15: 0 | P15: 1.74 | Q15: 140.58
A16: 15-11-2022 02:00 | B16: 63.28 | C16: 128.85 | D16: 121.85 | E16: 4.57 | F16: 0.5 | G16: 123.3 | H16: 77.32 | I16: 0.99 | J16: 0.06 | K16: 221.38 | L16: Maint. | M16: Maint. | N16: 18 | O16: 0 | P16: 1.69 | Q16: 136.45
A17: 15-11-2022 02:15 | B17: 58.3 | C17: 125.11 | D17: 115.8 | E17: 4.89 | F17: 0.43 | G17: 133.76 | H17: 74.32 | I17: 0.95 | J17: 0.08 | K17: 317.35 | L17: Maint. | M17: Maint. | N17: 18 | O17: 0 | P17: 1.63 | Q17: 132.95
A18: 15-11-2022 02:30 | B18: 53.66 | C18: 121.3 | D18: 109.98 | E18: 4.75 | F18: 0.17 | G18: 133.76 | H18: 74.32 | I18: 0.92 | J18: 0.1 | K18: 357.53 | L18: Maint. | M18: Maint. | N18: 18.1 | O18: 0 | P18: 1.59 | Q18: 130.54
A19: 15-11-2022 02:45 | B19: 49.41 | C19: 117.54 | D19: 104.5 | E19: 4.62 | F19: 0.05 | G19: 133.76 | H19: 74.32 | I19: 0.91 | J19: 0.03 | K19: 42.52 | L19: Maint. | M19: Maint. | N19: 18.1 | O19: 0 | P19: 1.55 | Q19: 127.53
A20: 15-11-2022 03:00 | B20: 45.72 | C20: 113.98 | D20: 99.57 | E20: 4.67 | F20: 0.19 | G20: 139.72 | H20: 74.55 | I20: 0.89 | J20: 0.07 | K20: 186.57 | L20: Maint. | M20: Maint. | N20: 18.2 | O20: 0 | P20: 1.53 | Q20: 123.57
... A32: 15-11-2022 06:00 | B32: 49.29 | C32: 106.26 | D32: 98.17 | E32: 4.36 | F32: 0.55 | G32: 159.25 | H32: 73.13 | I32: 0.75 | J32: 0.25 | K32: 82.69 | L32: Maint. | M32: Maint. | N32: 17.8 | O32: 0 | P32: 1.32 | Q32: 116.31
A33: 15-11-2022 06:15 | B33: 54.81 | C33: 111.65 | D33: 105.57 | E33: 4.53 | F33: 0.63 | G33: Invalid | H33: Invalid | I33: 0.77 | J33: 0.31 | K33: 104.48 | L33: Maint. | M33: Maint. | N33: 20.4 | O33: 0 | P33: 1.38 | Q33: 122.63
A34: 15-11-2022 06:30 | B34: 56.03 | C34: 113.39 | D34: 107.51 | E34: 5 | F34: 0.63 | G34: Invalid | H34: Invalid | I34: 0.75 | J34: 0.22 | K34: 82 | L34: Maint. | M34: Maint. | N34: 29.9 | O34: 0 | P34: 1.5 | Q34: 125.38
A35: 15-11-2022 06:45 | B35: 57.07 | C35: 115.37 | D35: 109.43 | E35: 4.67 | F35: 0.86 | G35: Invalid | H35: Invalid | I35: 0.78 | J35: 0.16 | K35: 94.29 | L35: Maint. | M35: Maint. | N35: 43.2 | O35: 0 | P35: 1.59 | Q35: 128.14
A36: 15-11-2022 07:00 | B36: 59.92 | C36: 118.31 | D36: 113.34 | E36: 4.92 | F36: 0.79 | G36: Invalid | H36: Invalid | I36: 0.77 | J36: 0.18 | K36: 48.78 | L36: Maint. | M36: Maint. | N36: 57.9 | O36: 0 | P36: 1.68 | Q36: 131.97
A37: 15-11-2022 07:15 | B37: 62.86 | C37: 122.67 | D37: 118.11 | E37: 5.23 | F37: 0.51 | G37: Invalid | H37: Invalid | I37: 0.77 | J37: 0.19 | K37: 40.73 | L37: Maint. | M37: Maint. | N37: 94.9 | O37: 0 | P37: 1.72 | Q37: 133.03
A38: 15-11-2022 07:30 | B38: 64.83 | C38: 127.43 | D38: 122.31 | E38: 4.72 | F38: 0.59 | G38: Invalid | H38: Invalid | I38: 0.77 | J38: 0.34 | K38: 87.17 | L38: Maint. | M38: Maint. | N38: 177.4 | O38: 0 | P38: 1.85 | Q38: 134.87
A39: 15-11-2022 07:45 | B39: 65.21 | C39: 137.26 | D39: 128.04 | E39: 4.91 | F39: 0.53 | G39: Invalid | H39: Invalid | I39: 0.77 | J39: 0.3 | K39: 104.59 | L39: Maint. | M39: Maint. | N39: 237 | O39: 0 | P39: 1.9 | Q39: 131.58
A40: 15-11-2022 08:00 | B40: 64.75 | C40: 136.7 | D40: 127.37 | E40: 2.57 | F40: 1.23 | G40: Invalid | H40: Invalid | I40: 0.76 | J40: 0.21 | K40: 71.96 | L40: Maint. | M40: Maint. | N40: 289.5 | O40: 0 | P40: 1.91 | Q40: 130.05
A41: 15-11-2022 08:15 | B41: 64.28 | C41: 132.36 | D41: 124.6 | E41: 4.92 | F41: 0.93 | G41: Invalid | H41: Invalid | I41: 0.75 | J41: 0.81 | K41: 134.01 | L41: Maint. | M41: Maint. | N41: 348.3 | O41: 0 | P41: 1.92 | Q41: 128.77
A42: 15-11-2022 08:30 | B42: 62.03 | C42: 130.54 | D42: 121.79 | E42: 4.95 | F42: 0.87 | G42: Invalid | H42: Invalid | I42: 0.74 | J42: 0.72 | K42: 109.41 | L42: Maint. | M42: Maint. | N42: 402.6 | O42: 0 | P42: 1.89 | Q42: 130.77
A43: 15-11-2022 08:45 | B43: 58.96 | C43: 128.23 | D43: 118.05 | E43: 5.05 | F43: 0.97 | G43: Invalid | H43: Invalid | I43: 0.73 | J43: 0.47 | K43: 48.46 | L43: Maint. | M43: Maint. | N43: 440.9 | O43: 0 | P43: 1.86 | Q43: 133.1
A44: 15-11-2022 09:00 | B44: 56.24 | C44: 128.56 | D44: 116.05 | E44: 5.13 | F44: 0.87 | G44: Invalid | H44: Invalid | I44: 0.73 | J44: 0.96 | K44: 136.49 | L44: Maint. | M44: Maint. | N44: 478.8 | O44: 0 | P44: 1.84 | Q44: 133.2
A45: 15-11-2022 09:15 | B45: 52.52 | C45: 125.75 | D45: 111.51 | E45: 5.6 | F45: 0.7 | G45: 202.82 | H45: 104.42 | I45: 0.71 | J45: 1.44 | K45: 123.61 | L45: Maint. | M45: Maint. | N45: 522.7 | O45: 0 | P45: 1.81 | Q45: 141.87
A46: 15-11-2022 09:30 | B46: 47.27 | C46: 121.08 | D46: 104.73 | E46: 5.46 | F46: 0.88 | G46: 202.82 | H46: 104.42 | I46: 0.72 | J46: 0.96 | K46: 138.18 | L46: Maint. | M46: Maint. | N46: 546.1 | O46: 0 | P46: 1.74 | Q46: 156.46
A47: 15-11-2022 09:45 | B47: 41.68 | C47: 117.02 | D47: 98 | E47: 5.61 | F47: 0.82 | G47: 202.82 | H47: 104.42 | I47: 0.71 | J47: 0.81 | K47: 112.08 | L47: Maint. | M47: Maint. | N47: 578.5 | O47: 0 | P47: 1.67 | Q47: 163.42
A48: 15-11-2022 10:00 | B48: 36.66 | C48: 114.41 | D48: 92.54 | E48: 5.38 | F48: 1.52 | G48: 192.61 | H48: 102.16 | I48: 0.65 | J48: 0.59 | K48: 92.03 | L48: Maint. | M48: Maint. | N48: 595.8 | O48: 0 | P48: 1.61 | Q48: 165.13
A49: 15-11-2022 10:15 | B49: 31.87 | C49: 112.89 | D49: 87.86 | E49: 5.46 | F49: 1.9 | G49: 106.51 | H49: 78.99 | I49: 0.65 | J49: 0.45 | K49: 87.78 | L49: Maint. | M49: Maint. | N49: 622.5 | O49: 0 | P49: 1.54 | Q49: 163.03
A50: 15-11-2022 10:30 | B50: 24.61 | C50: 113.51 | D50: 82.38 | E50: 6.02 | F50: 3.18 | G50: 106.51 | H50: 78.99 | I50: 0.63 | J50: 0.84 | K50: 129.06 | L50: Maint. | M50: Maint. | N50: 638 | O50: 0 | P50: 1.45 | Q50: 160.22
A51: 15-11-2022 10:45 | B51: 14.07 | C51: 112.93 | D51: 73.6 | E51: 5.97 | F51: 4.21 | G51: 106.51 | H51: 78.99 | I51: 0.6 | J51: 0.83 | K51: 133.27 | L51: Maint. | M51: Maint. | N51: 660.6 | O51: 0 | P51: 1.28 | Q51: 152.55
A52: 15-11-2022 11:00 | B52: 6.1 | C52: 110.12 | D52: 65.66 | E52: 5.81 | F52: 6.48 | G52: 104.08 | H52: 78.09 | I52: 0.54 | J52: 1.12 | K52: 135.2 | L52: Maint. | M52: Maint. | N52: 676.3 | O52: 0 | P52: 1.09 | Q52: 138.86
A53: 15-11-2022 11:15 | B53: 5.54 | C53: 106.09 | D53: 62.99 | E53: 6.08 | F53: 8.99 | G53: 83.59 | H53: 68.87 | I53: 0.47 | J53: 0.75 | K53: 96.64 | L53: Maint. | M53: Maint. | N53: 672.8 | O53: 0 | P53: 0.94 | Q53: 114.23
A54: 15-11-2022 11:30 | B54: 3.87 | C54: 98.92 | D54: 57.7 | E54: 9.01 | F54: 11 | G54: 83.59 | H54: 68.87 | I54: 0.39 | J54: 0.62 | K54: 96.92 | L54: Maint. | M54: Maint. | N54: 683.5 | O54: 0 | P54: 0.82 | Q54: 105.7
A55: 15-11-2022 11:45 | B55: 3.35 | C55: 101.71 | D55: 58.81 | E55: 8.49 | F55: 7.51 | G55: 83.59 | H55: 68.87 | I55: 0.33 | J55: 0.63 | K55: 125.7 | L55: Maint. | M55: Maint. | N55: 685.3 | O55: 0 | P55: 0.79 | Q55: 99.56
A56: 15-11-2022 12:00 | B56: 2.13 | C56: 97.51 | D56: 55.53 | E56: 2.83 | F56: 9.1 | G56: 86.39 | H56: 68.87 | I56: 0.29 | J56: 0.74 | K56: 117.87 | L56: Maint. | M56: Maint. | N56: 667.8 | O56: 0 | P56: 0.71 | Q56: 92.4
... A80: 15-11-2022 18:00 | B80: 25.67 | C80: 152.32 | D80: 104.65 | E80: 3.77 | F80: 0.75 | G80: 147.43 | H80: 53.42 | I80: 0.52 | J80: 0.09 | K80: 355.97 | L80: Maint. | M80: Maint. | N80: 17.6 | O80: 0 | P80: 1.53 | Q80: 154.92
A81: 15-11-2022 18:15 | B81: 30.5 | C81: 151.02 | D81: 107.8 | E81: 3.57 | F81: 1.04 | G81: Invalid | H81: Invalid | I81: 0.57 | J81: 0.04 | K81: 349.32 | L81: Maint. | M81: Maint. | N81: 17.2 | O81: 0 | P81: 1.59 | Q81: 154.87
A82: 15-11-2022 18:30 | B82: 40.24 | C82: 157.75 | D82: 119.33 | E82: 2.9 | F82: 0.78 | G82: Invalid | H82: Invalid | I82: 0.61 | J82: 0.22 | K82: 121.14 | L82: Maint. | M82: Maint. | N82: 17 | O82: 0 | P82: 1.66 | Q82: 158.74
A83: 15-11-2022 18:45 | B83: 53.94 | C83: 164.17 | D83: 133.85 | E83: 2.88 | F83: 0.67 | G83: Invalid | H83: Invalid | I83: 0.65 | J83: 0.09 | K83: 112 | L83: Maint. | M83: Maint. | N83: 17.3 | O83: 0 | P83: 1.75 | Q83: 166.48
A84: 15-11-2022 19:00 | B84: 67.1 | C84: 177.84 | D84: 151.96 | E84: 3.1 | F84: 0.53 | G84: Invalid | H84: Invalid | I84: 0.7 | J84: 0.06 | K84: 144.52 | L84: Maint. | M84: Maint. | N84: 17.1 | O84: 0 | P84: 1.87 | Q84: 177.63
A85: 15-11-2022 19:15 | B85: 77.71 | C85: 179.3 | D85: 161.27 | E85: 2.95 | F85: 0.72 | G85: Invalid | H85: Invalid | I85: 0.78 | J85: 0.02 | K85: 141.78 | L85: Maint. | M85: Maint. | N85: 16.9 | O85: 0 | P85: 1.89 | Q85: 184.1
A86: 15-11-2022 19:30 | B86: 86.48 | C86: 188.36 | D86: 173.3 | E86: 3.45 | F86: 0.95 | G86: Invalid | H86: Invalid | I86: 0.86 | J86: 0.07 | K86: 39.29 | L86: Maint. | M86: Maint. | N86: 16.6 | O86: 0 | P86: 2.09 | Q86: 195.26
A87: 15-11-2022 19:45 | B87: 100.81 | C87: 200.78 | D87: 191.65 | E87: 3.58 | F87: 0.85 | G87: Invalid | H87: Invalid | I87: 0.93 | J87: 0.18 | K87: 37 | L87: Maint. | M87: Maint. | N87: 17 | O87: 0 | P87: 2.32 | Q87: 210.1
A88: 15-11-2022 20:00 | B88: 113.45 | C88: 208.59 | D88: 206.1 | E88: 2.12 | F88: 0.58 | G88: Invalid | H88: Invalid | I88: 1.01 | J88: 0.09 | K88: 29.79 | L88: Maint. | M88: Maint. | N88: 17.1 | O88: 0 | P88: 2.54 | Q88: 230.26
A89: 15-11-2022 20:15 | B89: 126.41 | C89: 216.85 | D89: 221.05 | E89: 4.07 | F89: 0.39 | G89: Invalid | H89: Invalid | I89: 1.12 | J89: 0.06 | K89: 237.41 | L89: Maint. | M89: Maint. | N89: 17.1 | O89: 0 | P89: 2.69 | Q89: 244.66
A90: 15-11-2022 20:30 | B90: 138.56 | C90: 228.6 | D90: 237.27 | E90: 3.88 | F90: 0.52 | G90: Invalid | H90: Invalid | I90: 1.24 | J90: 0.15 | K90: 343.37 | L90: Maint. | M90: Maint. | N90: 16.7 | O90: 0 | P90: 2.88 | Q90: 262.74
A91: 15-11-2022 20:45 | B91: 151.64 | C91: 235.3 | D91: 251.46 | E91: 4.23 | F91: 0.64 | G91: Invalid | H91: Invalid | I91: 1.35 | J91: 0.06 | K91: 94.57 | L91: Maint. | M91: Maint. | N91: 17 | O91: 0 | P91: 3.06 | Q91: 279.21
A92: 15-11-2022 21:00 | B92: 165.52 | C92: 249.54 | D92: 270.45 | E92: 4.61 | F92: 0.62 | G92: Invalid | H92: Invalid | I92: 1.45 | J92: 0.09 | K92: 139.36 | L92: Maint. | M92: Maint. | N92: 17.2 | O92: 0 | P92: 3.24 | Q92: 294.04
... A94: 15-11-2022 21:30 | B94: 186.3 | C94: 263.29 | D94: 294.7 | E94: 4.86 | F94: 0.66 | G94: Invalid | H94: Invalid | I94: 1.65 | J94: 0.21 | K94: 19.98 | L94: Maint. | M94: Maint. | N94: 16.5 | O94: 0 | P94: 3.47 | Q94: 320.45
A95: 15-11-2022 21:45 | B95: Invalid | C95: Invalid | D95: Invalid | E95: 5.21 | F95: 0.78 | G95: Invalid | H95: Invalid | I95: 1.7 | J95: 0.14 | K95: 11.7 | L95: Maint. | M95: Maint. | N95: 16.9 | O95: 0 | P95: 3.68 | Q95: 336.57
A96: 15-11-2022 22:00 | B96: Invalid | C96: Invalid | D96: Invalid | E96: 5.02 | F96: 0.7 | G96: Invalid | H96: Invalid | I96: 1.78 | J96: 0.13 | K96: 351.05 | L96: Maint. | M96: Maint. | N96: 16.9 | O96: 0 | P96: 3.87 | Q96: 349.11
A97: 15-11-2022 22:15 | B97: Invalid | C97: Invalid | D97: Invalid | E97: 5.08 | F97: 0.58 | G97: Invalid | H97: Invalid | I97: 1.84 | J97: 0.19 | K97: 3.19 | L97: Maint. | M97: Maint. | N97: 16.8 | O97: 0 | P97: 4 | Q97: 353.36
A98: 15-11-2022 22:30 | B98: Invalid | C98: Invalid | D98: Invalid | E98: 5.29 | F98: 0.57 | G98: Invalid | H98: Invalid | I98: 1.89 | J98: 0.06 | K98: 97.69 | L98: Maint. | M98: Maint. | N98: 16.8 | O98: 0 | P98: 4.15 | Q98: 363.03
A99: 15-11-2022 22:45 | B99: Invalid | C99: Invalid | D99: Invalid | E99: 5.59 | F99: 0.13 | G99: Invalid | H99: Invalid | I99: 1.92 | J99: 0.15 | K99: 344.81 | L99: Maint. | M99: Maint. | N99: 16.7 | O99: 0 | P99: 4.23 | Q99: 368.08
A100: 15-11-2022 23:00 | B100: Invalid | C100: Invalid | D100: Invalid | E100: 5.29 | F100: 0.38 | G100: Invalid | H100: Invalid | I100: 1.97 | J100: 0.08 | K100: 354.1 | L100: Maint. | M100: Maint. | N100: 16.9 | O100: 0 | P100: 4.23 | Q100: 368.45
A101: 15-11-2022 23:15 | B101: Invalid | C101: Invalid | D101: Invalid | E101: 5.27 | F101: 0.69 | G101: Invalid | H101: Invalid | I101: 1.99 | J101: 0.04 | K101: 27.94 | L101: Maint. | M101: Maint. | N101: 17 | O101: 0 | P101: 4.19 | Q101: 363.22
A102: 15-11-2022 23:30 | B102: Invalid | C102: Invalid | D102: Invalid | E102: 5.43 | F102: 0.49 | G102: Invalid | H102: Invalid | I102: 1.99 | J102: 0.15 | K102: 316.71 | L102: Maint. | M102: Maint. | N102: 16.7 | O102: 0 | P102: 4.1 | Q102: 361.17
A103: 15-11-2022 23:45 | B103: Invalid | C103: Invalid | D103: Invalid | E103: 5.32 | F103: 0.53 | G103: Invalid | H103: Invalid | I103: 1.97 | J103: 0.05 | K103: 347.86 | L103: Maint. | M103: Maint. | N103: 16.7 | O103: 0 | P103: 3.97 | Q103: 354.23
A104: 15-11-2022 24:00 | B104: Invalid | C104: Invalid | D104: Invalid | E104: 3.17 | F104: 0.67 | G104: Invalid | H104: Invalid | I104: 1.93 | J104: 0.17 | K104: 71.03 | L104: Maint. | M104: Maint. | N104: 16.5 | O104: 0 | P104: 3.83 | Q104: 343.5
A106: Min | B106: =MIN(B9:B104) -> 1.38 | C106: =MIN(C9:C104) -> 81.32 | D106: =MIN(D9:D104) -> 46.13 | E106: =MIN(E9:E104) -> 2.12 | F106: =MIN(F9:F104) -> 0.05 | G106: =MIN(G9:G104) -> 83.59 | H106: =MIN(H9:H104) -> 52.8 | I106: =MIN(I9:I104) -> 0.24 | ... Q106: =MIN(Q9:Q104) -> 87.4
A107: Max | B107: =MAX(B9:B104) -> 186.3 | C107: =MAX(C9:C104) -> 263.29 | D107: =MAX(D9:D104) -> 294.7 | E107: =MAX(E9:E104) -> 12.3 | F107: =MAX(F9:F104) -> 17.25 | G107: =MAX(G9:G104) -> 202.82 | H107: =MAX(H9:H104) -> 104.42 | I107: =MAX(I9:I104) -> 1.99 | ... Q107: =MAX(Q9:Q104) -> 368.45
A108: Avg | B108: =AVERAGE(B9:B104) -> 47.336744 | C108: =AVERAGE(C9:C104) -> 129.52081 | D108: =AVERAGE(D9:D104) -> 109.44035 | E108: =AVERAGE(E9:E104) -> 5.0175 | F108: =AVERAGE(F9:F104) -> 3.0811458 | G108: =AVERAGE(G9:G104) -> 135.7895 | H108: =AVERAGE(H9:H104) -> 70.494167 | I108: =AVERAGE(I9:I104) -> 0.82354167 | ... Q108: =AVERAGE(Q9:Q104) -> 164.60542
A109: Stdev | B109: =STDEV(B9:B104) -> 42.065771 | C109: =STDEV(C9:C104) -> 42.117509 | D109: =STDEV(D9:D104) -> 55.338323 | E109: =STDEV(E9:E104) -> 1.4295837 | F109: =STDEV(F9:F104) -> 4.2416814 | G109: =STDEV(G9:G104) -> 35.2448 | H109: =STDEV(H9:H104) -> 12.79565 | I109: =STDEV(I9:I104) -> 0.49102252 | ... Q109: =STDEV(Q9:Q104) -> 80.639881
A110: Num | B110: =COUNT(B9:B104) -> 86 | C110: =COUNT(C9:C104) -> 86 | D110: =COUNT(D9:D104) -> 86 | E110: =COUNT(E9:E104) -> 96 | F110: =COUNT(F9:F104) -> 96 | G110: =COUNT(G9:G104) -> 60 | H110: =COUNT(H9:H104) -> 60 | I110: =COUNT(I9:I104) -> 96 | ... K110: =COUNT(K9:K104) -> 96 | L110: =COUNT(L9:L104)+96 -> 96 | M110: =COUNT(M9:M104)+96 -> 96 | N110: =COUNT(N9:N104) -> 96 | O110: =COUNT(O9:O104) -> 96 | P110: =COUNT(P9:P104) -> 96 | Q110: =COUNT(Q9:Q104) -> 96
A111: DCR | B111: =IF(B110>=87,">90%",IF(B110<=87,"<90%")) -> <90% | C111: =IF(C110>=87,">90%",IF(C110<=87,"<90%")) -> <90% | D111: =IF(D110>=87,">90%",IF(D110<=87,"<90%")) -> <90% | E111: =IF(E110>=87,">90%",IF(E110<=87,"<90%")) -> >90% | F111: =IF(F110>=87,">90%",IF(F110<=87,"<90%")) -> >90% | G111: =IF(G110>=87,">90%",IF(G110<=87,"<90%")) -> <90% | H111: =IF(H110>=87,">90%",IF(H110<=87,"<90%")) -> <90% | I111: =IF(I110>=87,">90%",IF(I110<=87,"<90%")) -> >90% | ... Q111: =IF(Q110>=87,">90%",IF(Q110<=87,"<90%")) -> >90%
A112: Status | B112: =IF(B110>=87,"OK",IF(B110<=87,"LESS")) -> LESS | C112: =IF(C110>=87,"OK",IF(C110<=87,"LESS")) -> LESS | D112: =IF(D110>=87,"OK",IF(D110<=87,"LESS")) -> LESS | E112: =IF(E110>=87,"OK",IF(E110<=87,"LESS")) -> OK | F112: =IF(F110>=87,"OK",IF(F110<=87,"LESS")) -> OK | G112: =IF(G110>=87,"OK",IF(G110<=87,"LESS")) -> LESS | H112: =IF(H110>=87,"OK",IF(H110<=87,"LESS")) -> LESS | I112: =IF(I110>=87,"OK",IF(I110<=87,"LESS")) -> OK | ... Q112: =IF(Q110>=87,"OK",IF(Q110<=87,"LESS")) -> OK
A115: Done by | B115: RAHUL
A117: Comment

Sheet 16
A1: Station: | B1: Bhatagaon, RAIPUR
A2: Date: | B2: =$A$9 -> 16-11-2022 00:15 | D2: Power Off | G2: Pw.Off | L2: Link Fail | N2: Link F | P2: Maintenance | R2: Maint.
A3: Report Type: | B3: Mean | D3: Calibration | G3: Calib. | L3: Data Fail | N3: Data F | P3: Invalid | R3: Invalid
A4: Time Base: | B4: 15 Min | D4: Zero Referrence | G4: Z.Ref | L4: Warm Up | N4: Wm. Up
A7: Date & Time | B7: NO_BHATAGAON | C7: NO2__BHATAGAON | D7: NOX_BHATAGAON | E7: SO2__BHATAGAON | F7: O3__BHATAGAON | G7: PM10__BHATAGAON | H7: PM2_5__BHATAGAON | I7: BENZ__BHATAGAON | J7: WS__BHATAGAON | K7: WD__BHATAGAON | L7: TEMP__BHATAGAON | M7: HUM__BHATAGAON | N7: SR__BHATAGAON | O7: RG__BHATAGAON | P7: CO__BHATAGAON | Q7: NH3__BHATAGAON
B8: ug/m3 | C8: ug/m3 | D8: ug/m3 | E8: ug/m3 | F8: ug/m3 | G8: ug/m3 | H8: ug/m3 | I8: ug/m3 | J8: m/sec | K8: deg | L8: degreC | M8: % | N8: w/m2 | O8: mm | P8: mg/m3 | Q8: ug/m3
A9: 16-11-2022 00:15 | B9: 200.5 | C9: 263.05 | D9: 305.96 | E9: 5.41 | F9: 0.47 | G9: 262.84 | H9: 105.65 | I9: 1.91 | J9: 0.12 | K9: 286.71 | L9: Maint. | M9: Maint. | N9: 16.3 | O9: 0 | P9: 3.7 | Q9: 332.12
A10: 16-11-2022 00:30 | B10: 190.33 | C10: 253.48 | D10: 292.52 | E10: 5.2 | F10: 0.41 | G10: 262.84 | H10: 105.65 | I10: 1.85 | J10: 0.04 | K10: 211.61 | L10: Maint. | M10: Maint. | N10: 17 | O10: 0 | P10: 3.57 | Q10: 320.34
A11: 16-11-2022 00:45 | B11: 178.64 | C11: 242.89 | D11: 277.3 | E11: 5.13 | F11: 0.68 | G11: 262.84 | H11: 105.65 | I11: 1.82 | J11: 0.06 | K11: 356.99 | L11: Maint. | M11: Maint. | N11: 17.2 | O11: 0 | P11: 3.44 | Q11: 306.47
A12: 16-11-2022 01:00 | B12: 167.15 | C12: 231.66 | D12: 261.89 | E12: 5.12 | F12: 0.58 | G12: 252.36 | H12: 104.21 | I12: 1.78 | J12: 0.09 | K12: 353.42 | L12: Maint. | M12: Maint. | N12: 17.2 | O12: 0 | P12: 3.3 | Q12: 292.61
A13: 16-11-2022 01:15 | B13: 158.17 | C13: 222.46 | D13: 249.61 | E13: 4.79 | F13: 0.54 | G13: 175.02 | H13: 89.49 | I13: 1.73 | J13: 0.13 | K13: 337.85 | L13: Maint. | M13: Maint. | N13: 16.9 | O13: 0 | P13: 2.89 | Q13: 280.03
A14: 16-11-2022 01:30 | B14: 150.33 | C14: 211.31 | D14: 237.17 | E14: 4.93 | F14: 0.69 | G14: 175.02 | H14: 89.49 | I14: 1.68 | J14: 0.12 | K14: 340.51 | L14: Maint. | M14: Maint. | N14: 17 | O14: 0 | P14: 2.96 | Q14: 260.62
A15: 16-11-2022 01:45 | B15: 140.94 | C15: 202.74 | D15: 224.91 | E15: 4.77 | F15: 0.58 | G15: 175.02 | H15: 89.49 | I15: 1.66 | J15: 0.16 | K15: 139.61 | L15: Maint. | M15: Maint. | N15: 16.8 | O15: 0 | P15: 2.86 | Q15: 253.12
A16: 16-11-2022 02:00 | B16: 132.24 | C16: 192.2 | D16: 212.12 | E16: 4.72 | F16: 0.52 | G16: 173.38 | H16: 88.14 | I16: 1.6 | J16: 0.1 | K16: 301.4 | L16: Maint. | M16: Maint. | N16: 16.9 | O16: 0 | P16: 2.78 | Q16: 238.97
A17: 16-11-2022 02:15 | B17: 124.54 | C17: 184.52 | D17: 201.7 | E17: 4.93 | F17: 0.53 | G17: 159.55 | H17: 74.37 | I17: 1.57 | J17: 0.15 | K17: 338.42 | L17: Maint. | M17: Maint. | N17: 16.8 | O17: 0 | P17: 2.7 | Q17: 228.74
A18: 16-11-2022 02:30 | B18: 117.85 | C18: 177.41 | D18: 192.41 | E18: 4.37 | F18: 0.45 | G18: 159.55 | H18: 74.37 | I18: 1.52 | J18: 0.1 | K18: 300.21 | L18: Maint. | M18: Maint. | N18: 16.9 | O18: 0 | P18: 2.6 | Q18: 221.79
A19: 16-11-2022 02:45 | B19: 111.95 | C19: 170.57 | D19: 183.91 | E19: 4.56 | F19: 0.61 | G19: 159.55 | H19: 74.37 | I19: 1.49 | J19: 0.3 | K19: 265.4 | L19: Maint. | M19: Maint. | N19: 16.1 | O19: 0 | P19: 2.51 | Q19: 213.9
A20: 16-11-2022 03:00 | B20: 106.38 | C20: 164.47 | D20: 176.07 | E20: 4.55 | F20: 0.57 | G20: 158.02 | H20: 74.46 | I20: 1.45 | J20: 0.17 | K20: 326.6 | L20: Maint. | M20: Maint. | N20: 17 | O20: 0 | P20: 2.43 | Q20: 207.97
... A59: 16-11-2022 12:45 | B59: 8.12 | C59: 100.62 | D59: 62.04 | E59: 6 | F59: 4.06 | G59: 107.67 | H59: 76.76 | I59: 0.62 | J59: 0.41 | K59: 38.2 | L59: Maint. | M59: Maint. | N59: 613.9 | O59: 0 | P59: 1.21 | Q59: 143.19
A60: 16-11-2022 13:00 | B60: 6.67 | C60: 95.51 | D60: 58.06 | E60: 4.83 | F60: 3.12 | G60: 105.49 | H60: 75.97 | I60: 0.59 | J60: 0.56 | K60: 130.18 | L60: 27.03 | M60: 40.03 | N60: 590.1 | O60: 0 | P60: 1.18 | Q60: 138.04
A61: 16-11-2022 13:15 | B61: 4.63 | C61: 90.02 | D61: 53.4 | E61: 5.96 | F61: 6.36 | G61: 87.08 | H61: 67.8 | I61: 0.57 | J61: 0.18 | K61: 132.25 | L61: 10.92 | M61: 14.25 | N61: 584.2 | O61: 0 | P61: 0.97 | Q61: 128.91
A62: 16-11-2022 13:30 | B62: 2.21 | C62: 84.74 | D62: 48.54 | E62: 5.77 | F62: 6.58 | G62: 87.08 | H62: 67.8 | I62: 0.55 | J62: 1.29 | K62: 230.33 | L62: Maint. | M62: Maint. | N62: 536.9 | O62: 0 | P62: 0.96 | Q62: 120.85
A63: 16-11-2022 13:45 | B63: 2.37 | C63: 84.91 | D63: 48.76 | E63: 6.14 | F63: 8.08 | G63: 87.08 | H63: 67.8 | I63: 0.49 | J63: 0.82 | K63: 233.37 | L63: Maint. | M63: Maint. | N63: 508.4 | O63: 0 | P63: 0.87 | Q63: 122.56
A64: 16-11-2022 14:00 | B64: 1.66 | C64: 80.68 | D64: 45.85 | E64: 6.29 | F64: 8.1 | G64: 89.85 | H64: 66.62 | I64: 0.44 | J64: 0.51 | K64: 233.7 | L64: Maint. | M64: Maint. | N64: 480.8 | O64: 0 | P64: 0.84 | Q64: 124.88
A65: 16-11-2022 14:15 | B65: 1.97 | C65: 78.39 | D65: 44.84 | E65: 6.81 | F65: 12.41 | G65: 113.22 | H65: 54.53 | I65: 0.37 | J65: 1.18 | K65: 233.32 | L65: Maint. | M65: Maint. | N65: 433.2 | O65: 0 | P65: 0.81 | Q65: 124.03
A66: 16-11-2022 14:30 | B66: 2.16 | C66: 79.97 | D66: 45.86 | E66: 5.51 | F66: 6.07 | G66: 113.22 | H66: 54.53 | I66: 0.37 | J66: 1.12 | K66: 232.74 | L66: Maint. | M66: Maint. | N66: 336.6 | O66: 0 | P66: 0.8 | Q66: 125.7
A67: 16-11-2022 14:45 | B67: 3.87 | C67: 81.17 | D67: 47.9 | E67: 5.52 | F67: 10.85 | G67: 113.22 | H67: 54.53 | I67: 0.37 | J67: 0.92 | K67: 232.52 | L67: Maint. | M67: Maint. | N67: 194.1 | O67: 0 | P67: 0.77 | Q67: 126.88
A68: 16-11-2022 15:00 | B68: 2.87 | C68: 82.78 | D68: 47.98 | E68: 7.6 | F68: 9.46 | G68: 110.33 | H68: 54.38 | I68: 0.37 | J68: 1.15 | K68: 232.13 | L68: Maint. | M68: Maint. | N68: 125.4 | O68: 0 | P68: 0.74 | Q68: 126.05
A69: 16-11-2022 15:15 | B69: 3.64 | C69: 82.75 | D69: 48.59 | E69: 6.37 | F69: 6.29 | G69: 85.9 | H69: 52.87 | I69: 0.36 | J69: 1.23 | K69: 231.56 | L69: Maint. | M69: Maint. | N69: 104.4 | O69: 0 | P69: 0.75 | Q69: 131.98
A70: 16-11-2022 15:30 | B70: 2.54 | C70: 75.51 | D70: 43.71 | E70: 4.5 | F70: 3.41 | G70: 85.9 | H70: 52.87 | I70: 0.34 | J70: 1.16 | K70: 231.12 | L70: Maint. | M70: Maint. | N70: 106.5 | O70: 0 | P70: 0.7 | Q70: 141.18
A71: 16-11-2022 15:45 | B71: 2.36 | C71: 73.07 | D71: 42.22 | E71: 4.87 | F71: 8.87 | G71: 85.9 | H71: 52.87 | I71: 0.34 | J71: 1.02 | K71: 230.94 | L71: Maint. | M71: Maint. | N71: 82.5 | O71: 0 | P71: 0.66 | Q71: 138.44
A72: 16-11-2022 16:00 | B72: 2.42 | C72: 81.02 | D72: 46.66 | E72: 7.45 | F72: 8.79 | G72: 85.63 | H72: 51.55 | I72: 0.36 | J72: 0.76 | K72: 230.87 | L72: Maint. | M72: Maint. | N72: 61.8 | O72: 0 | P72: 0.64 | Q72: 130.03
A73: 16-11-2022 16:15 | B73: 2.13 | C73: 82.25 | D73: 47.1 | E73: 8.38 | F73: 13.81 | G73: 82.97 | H73: 37.96 | I73: 0.36 | J73: 0.47 | K73: 230.78 | L73: Maint. | M73: Maint. | N73: 50.4 | O73: 0 | P73: 0.62 | Q73: 122.94
A74: 16-11-2022 16:30 | B74: 3.45 | C74: 87.47 | D74: 51.04 | E74: 14.14 | F74: 19.35 | G74: 82.97 | H74: 37.96 | I74: 0.28 | J74: 0.39 | K74: 230.65 | L74: 27.73 | M74: 37.87 | N74: 39.9 | O74: 0 | P74: 0.65 | Q74: 126.11
A75: 16-11-2022 16:45 | B75: 2.31 | C75: 83.84 | D75: 48.12 | E75: 15.6 | F75: 23.58 | G75: 82.97 | H75: 37.96 | I75: 0.27 | J75: 0.24 | K75: 230.44 | L75: 27.43 | M75: 37.79 | N75: 29.1 | O75: 0 | P75: 0.57 | Q75: 130.56
A76: 16-11-2022 17:00 | B76: 8.49 | C76: 110.21 | D76: 67.63 | E76: 11.3 | F76: 11.04 | G76: 89.27 | H76: 38.41 | I76: 0.24 | J76: 0.17 | K76: 230.44 | L76: 26.78 | M76: 47.41 | N76: 19.3 | O76: 0 | P76: 0.94 | Q76: 129.39
A77: 16-11-2022 17:15 | B77: 19.11 | C77: 151.25 | D77: 98.8 | E77: 9.26 | F77: 2.36 | G77: 142.37 | H77: 42.93 | I77: 0.23 | J77: 0.11 | K77: 230.04 | L77: 25.56 | M77: 51.34 | N77: 11 | O77: 0 | P77: 1.26 | Q77: 137.29
A78: 16-11-2022 17:30 | B78: 24.71 | C78: 151.48 | D78: 103.41 | E78: 6.56 | F78: 2.06 | G78: 142.37 | H78: 42.93 | I78: 0.3 | J78: 0.2 | K78: 229.64 | L78: 24.53 | M78: 59.7 | N78: 6.5 | O78: 0 | P78: 1.44 | Q78: 162.5
A79: 16-11-2022 17:45 | B79: 35.13 | C79: 156.87 | D79: 114.74 | E79: 4.83 | F79: 1.27 | G79: 142.37 | H79: 42.93 | I79: 0.41 | J79: 0.11 | K79: 229.39 | L79: 23.93 | M79: 55.56 | N79: 5.1 | O79: 0 | P79: 1.53 | Q79: 175.56
A80: 16-11-2022 18:00 | B80: 35.16 | C80: 158.64 | D80: 115.74 | E80: 4.22 | F80: 0.75 | G80: 158.55 | H80: 43.89 | I80: 0.44 | J80: 0.08 | K80: 228.94 | L80: 23.42 | M80: 57.52 | N80: 5 | O80: 0 | P80: 1.56 | Q80: 183.14
A81: 16-11-2022 18:15 | B81: 35.97 | C81: 137.65 | D81: 104.81 | E81: 3.74 | F81: 0.75 | G81: Invalid | H81: Invalid | I81: 0.51 | J81: 0.12 | K81: 228.64 | L81: 22.94 | M81: 62.45 | N81: 4.9 | O81: 0 | P81: 1.52 | Q81: 188.22
A82: 16-11-2022 18:30 | B82: 54.97 | C82: 168.71 | D82: 137.19 | E82: 3.87 | F82: 0.64 | G82: Invalid | H82: Invalid | I82: 0.55 | J82: 0.14 | K82: 228.56 | L82: 22.56 | M82: 65.34 | N82: 4.8 | O82: 0 | P82: 1.68 | Q82: 199.76
A83: 16-11-2022 18:45 | B83: 56.58 | C83: 162.98 | D83: 135.31 | E83: 3.89 | F83: 0.65 | G83: Invalid | H83: Invalid | I83: 0.62 | J83: 0.14 | K83: 228.43 | L83: 22.65 | M83: 63.19 | N83: 4.5 | O83: 0 | P83: 1.76 | Q83: 212.75
A84: 16-11-2022 19:00 | B84: 59.99 | C84: 162.78 | D84: 137.94 | E84: 3.6 | F84: 0.58 | G84: Invalid | H84: Invalid | I84: 0.7 | J84: 0.2 | K84: 228.32 | L84: 22.39 | M84: 62.8 | N84: 4.3 | O84: 0 | P84: 1.81 | Q84: 221.49
A85: 16-11-2022 19:15 | B85: 60.21 | C85: 160.35 | D85: 136.78 | E85: 4.1 | F85: 0.59 | G85: Invalid | H85: Invalid | I85: 0.77 | J85: 0.21 | K85: 228.44 | L85: 22.78 | M85: 57.63 | N85: 4.2 | O85: 0 | P85: 1.87 | Q85: 212.99
A86: 16-11-2022 19:30 | B86: 65.69 | C86: 161.71 | D86: 141.93 | E86: 3.94 | F86: 0.64 | G86: Invalid | H86: Invalid | I86: 0.82 | J86: 0.21 | K86: 228.51 | L86: 22.21 | M86: 69.11 | N86: 4.8 | O86: 0 | P86: 2.04 | Q86: 209.4
A87: 16-11-2022 19:45 | B87: 74.1 | C87: 169.18 | D87: 152.79 | E87: 4.34 | F87: 0.67 | G87: Invalid | H87: Invalid | I87: 0.88 | J87: 0.06 | K87: 228.49 | L87: 21.3 | M87: 71.81 | N87: 5.2 | O87: 0 | P87: 2.3 | Q87: 216.81
A88: 16-11-2022 20:00 | B88: 80.61 | C88: 172.7 | D88: 159.96 | E88: 1.62 | F88: 0.72 | G88: Invalid | H88: Invalid | I88: 0.96 | J88: 0.12 | K88: 228.04 | L88: 20.93 | M88: 70.1 | N88: 4.8 | O88: 0 | P88: 2.48 | Q88: 225.46
A89: 16-11-2022 20:15 | B89: 90.71 | C89: 181.56 | D89: 172.94 | E89: 3.17 | F89: 0.7 | G89: Invalid | H89: Invalid | I89: 1.16 | J89: 0.16 | K89: 228.04 | L89: 20.69 | M89: 74.29 | N89: 4.7 | O89: 0 | P89: 2.65 | Q89: 233.12
A90: 16-11-2022 20:30 | B90: 101.61 | C90: 188.82 | D90: 185.69 | E90: 3.97 | F90: 0.63 | G90: Invalid | H90: Invalid | I90: 1.25 | J90: 0.11 | K90: 227.94 | L90: 20.44 | M90: 72.71 | N90: 4.8 | O90: 0 | P90: 2.82 | Q90: 247
A91: 16-11-2022 20:45 | B91: 112.97 | C91: 198.78 | D91: 200.3 | E91: 3.73 | F91: 0.48 | G91: Invalid | H91: Invalid | I91: 1.31 | J91: 0.09 | K91: 227.81 | L91: 20.1 | M91: 71.69 | N91: 4.8 | O91: 0 | P91: 2.96 | Q91: 260.59
A92: 16-11-2022 21:00 | B92: 126.87 | C92: 207.95 | D92: 216.5 | E92: 4.29 | F92: 0.46 | G92: Invalid | H92: Invalid | I92: 1.44 | J92: 0.23 | K92: 227.66 | L92: 20.07 | M92: 76.36 | N92: 4.2 | O92: 0 | P92: 3.17 | Q92: 275.17
... A101: 16-11-2022 23:15 | B101: 238.39 | C101: 295.25 | D101: 354.11 | E101: 5.43 | F101: 0.45 | G101: Invalid | H101: Invalid | I101: 2.32 | J101: 0.09 | K101: 227.33 | L101: 18.37 | M101: 87.01 | N101: 4.6 | O101: 0 | P101: 4.78 | Q101: 391.21
A102: 16-11-2022 23:30 | B102: 246.25 | C102: 301.24 | D102: 363.72 | E102: 6.19 | F102: 0.52 | G102: Invalid | H102: Invalid | I102: 2.32 | J102: 0.07 | K102: 227.22 | L102: 18.16 | M102: 87.74 | N102: 4.7 | O102: 0 | P102: 4.81 | Q102: Invalid
A103: 16-11-2022 23:45 | B103: 249.74 | C103: 301.35 | D103: 366.57 | E103: 5.57 | F103: 0.56 | G103: Invalid | H103: Invalid | I103: 2.36 | J103: 0.11 | K103: 227.19 | L103: 18.08 | M103: 88.5 | N103: 4.6 | O103: 0 | P103: 4.77 | Q103: Invalid
A104: 16-11-2022 24:00 | B104: 251.09 | C104: 301.31 | D104: 367.64 | E104: 2.48 | F104: 0.55 | G104: Invalid | H104: Invalid | I104: 2.36 | J104: 0.14 | K104: 227.08 | L104: 17.97 | M104: 89.1 | N104: 4.5 | O104: 0 | P104: 4.72 | Q104: Invalid
A106: Min | B106: =MIN(B9:B104) -> 1.66 | C106: =MIN(C9:C104) -> 73.07 | D106: =MIN(D9:D104) -> 42.22 | E106: =MIN(E9:E104) -> 1.62 | F106: =MIN(F9:F104) -> 0.38 | G106: =MIN(G9:G104) -> 82.97 | H106: =MIN(H9:H104) -> 37.96 | I106: =MIN(I9:I104) -> 0.23 | ... Q106: =MIN(Q9:Q104) -> 120.85
A107: Max | B107: =MAX(B9:B104) -> 251.09 | C107: =MAX(C9:C104) -> 301.35 | D107: =MAX(D9:D104) -> 367.64 | E107: =MAX(E9:E104) -> 15.6 | F107: =MAX(F9:F104) -> 23.58 | G107: =MAX(G9:G104) -> 282.15 | H107: =MAX(H9:H104) -> 105.65 | I107: =MAX(I9:I104) -> 2.36 | ... Q107: =MAX(Q9:Q104) -> 391.21
A108: Avg | B108: =AVERAGE(B9:B104) -> 77.592812 | C108: =AVERAGE(C9:C104) -> 153.50875 | D108: =AVERAGE(D9:D104) -> 146.94125 | E108: =AVERAGE(E9:E104) -> 5.0513542 | F108: =AVERAGE(F9:F104) -> 2.4372917 | G108: =AVERAGE(G9:G104) -> 170.61375 | H108: =AVERAGE(H9:H104) -> 74.440833 | I108: =AVERAGE(I9:I104) -> 1.0365625 | ... Q108: =AVERAGE(Q9:Q104) -> 194.27022
A109: Stdev | B109: =STDEV(B9:B104) -> 69.342075 | C109: =STDEV(C9:C104) -> 62.025053 | D109: =STDEV(D9:D104) -> 89.134581 | E109: =STDEV(E9:E104) -> 1.9826392 | F109: =STDEV(F9:F104) -> 4.0965545 | G109: =STDEV(G9:G104) -> 69.420101 | H109: =STDEV(H9:H104) -> 18.863786 | I109: =STDEV(I9:I104) -> 0.57669262 | ... Q109: =STDEV(Q9:Q104) -> 73.16626
A110: Num | B110: =COUNT(B9:B104) -> 96 | C110: =COUNT(C9:C104) -> 96 | D110: =COUNT(D9:D104) -> 96 | E110: =COUNT(E9:E104) -> 96 | F110: =COUNT(F9:F104) -> 96 | G110: =COUNT(G9:G104) -> 72 | H110: =COUNT(H9:H104) -> 72 | I110: =COUNT(I9:I104) -> 96 | ... K110: =COUNT(K9:K104) -> 96 | L110: =COUNT(L9:L104)+63 -> 96 | M110: =COUNT(M9:M104)+63 -> 96 | N110: =COUNT(N9:N104) -> 96 | O110: =COUNT(O9:O104) -> 96 | P110: =COUNT(P9:P104) -> 96 | Q110: =COUNT(Q9:Q104) -> 93
A111: DCR | B111: =IF(B110>=87,">90%",IF(B110<=87,"<90%")) -> >90% | C111: =IF(C110>=87,">90%",IF(C110<=87,"<90%")) -> >90% | D111: =IF(D110>=87,">90%",IF(D110<=87,"<90%")) -> >90% | E111: =IF(E110>=87,">90%",IF(E110<=87,"<90%")) -> >90% | F111: =IF(F110>=87,">90%",IF(F110<=87,"<90%")) -> >90% | G111: =IF(G110>=87,">90%",IF(G110<=87,"<90%")) -> <90% | H111: =IF(H110>=87,">90%",IF(H110<=87,"<90%")) -> <90% | I111: =IF(I110>=87,">90%",IF(I110<=87,"<90%")) -> >90% | ... Q111: =IF(Q110>=87,">90%",IF(Q110<=87,"<90%")) -> >90%
A112: Status | B112: =IF(B110>=87,"OK",IF(B110<=87,"LESS")) -> OK | C112: =IF(C110>=87,"OK",IF(C110<=87,"LESS")) -> OK | D112: =IF(D110>=87,"OK",IF(D110<=87,"LESS")) -> OK | E112: =IF(E110>=87,"OK",IF(E110<=87,"LESS")) -> OK | F112: =IF(F110>=87,"OK",IF(F110<=87,"LESS")) -> OK | G112: =IF(G110>=87,"OK",IF(G110<=87,"LESS")) -> LESS | H112: =IF(H110>=87,"OK",IF(H110<=87,"LESS")) -> LESS | I112: =IF(I110>=87,"OK",IF(I110<=87,"LESS")) -> OK | ... Q112: =IF(Q110>=87,"OK",IF(Q110<=87,"LESS")) -> OK
A115: Done by | B115: RAHUL
A117: Comment

Sheet 17
A1: Station: | B1: Bhatagaon, RAIPUR
A2: Date: | B2: =$A$9 -> 17-11-2022 00:15 | D2: Power Off | G2: Pw.Off | L2: Link Fail | N2: Link F | P2: Maintenance | R2: Maint.
A3: Report Type: | B3: Mean | D3: Calibration | G3: Calib. | L3: Data Fail | N3: Data F | P3: Invalid | R3: Invalid
A4: Time Base: | B4: 15 Min | D4: Zero Referrence | G4: Z.Ref | L4: Warm Up | N4: Wm. Up
A7: Date & Time | B7: NO_BHATAGAON | C7: NO2__BHATAGAON | D7: NOX_BHATAGAON | E7: SO2__BHATAGAON | F7: O3__BHATAGAON | G7: PM10__BHATAGAON | H7: PM2_5__BHATAGAON | I7: BENZ__BHATAGAON | J7: WS__BHATAGAON | K7: WD__BHATAGAON | L7: TEMP__BHATAGAON | M7: HUM__BHATAGAON | N7: SR__BHATAGAON | O7: RG__BHATAGAON | P7: CO__BHATAGAON | Q7: NH3__BHATAGAON
B8: ug/m3 | C8: ug/m3 | D8: ug/m3 | E8: ug/m3 | F8: ug/m3 | G8: ug/m3 | H8: ug/m3 | I8: ug/m3 | J8: m/sec | K8: deg | L8: degreC | M8: % | N8: w/m2 | O8: mm | P8: mg/m3 | Q8: ug/m3
A9: 17-11-2022 00:15 | B9: 249.05 | C9: 298.93 | D9: 364.7 | E9: 5.17 | F9: 0.74 | G9: Invalid | H9: Invalid | I9: 2.37 | J9: 0.17 | K9: 226.99 | L9: 18.07 | M9: 84.89 | N9: 4.5 | O9: 0 | P9: 4.67 | Q9: 399.55
A10: 17-11-2022 00:30 | B10: 239.81 | C10: 289.73 | D10: 352.21 | E10: 5.38 | F10: 0.55 | G10: Invalid | H10: Invalid | I10: 2.33 | J10: 0.52 | K10: 227.22 | L10: 18.02 | M10: 85.59 | N10: 3.9 | O10: 0 | P10: 4.55 | Q10: 395.34
A11: 17-11-2022 00:45 | B11: 229.71 | C11: 280.69 | D11: 339.11 | E11: 5.25 | F11: 0.58 | G11: Invalid | H11: Invalid | I11: 2.29 | J11: 0.43 | K11: 227.38 | L11: 18.29 | M11: 80.48 | N11: 3.8 | O11: 0 | P11: 4.4 | Q11: 383.54
A12: 17-11-2022 01:00 | B12: 216.6 | C12: 271.2 | D12: 323.36 | E12: 5.18 | F12: 0.46 | G12: Invalid | H12: Invalid | I12: 2.24 | J12: 0.13 | K12: 227.19 | L12: 18.65 | M12: 77.2 | N12: 4.7 | O12: 0 | P12: 4.24 | Q12: 370.49
A13: 17-11-2022 01:15 | B13: 205.03 | C13: 260.4 | D13: 308.13 | E13: 5.02 | F13: 0.44 | G13: 232.39 | H13: 93.43 | I13: 2.19 | J13: 0.22 | K13: 227.25 | L13: 18.42 | M13: 77.43 | N13: 4.7 | O13: 0 | P13: 3.73 | Q13: 356.57
A14: 17-11-2022 01:30 | B14: 192.61 | C14: 248.67 | D14: 291.7 | E14: 5.1 | F14: 0.54 | G14: 232.39 | H14: 93.43 | I14: 2.13 | J14: 0.24 | K14: 227.22 | L14: 18.13 | M14: 80.89 | N14: 4.8 | O14: 0 | P14: 3.79 | Q14: 342.48
A15: 17-11-2022 01:45 | B15: 181.11 | C15: 238.26 | D15: 276.72 | E15: 5.01 | F15: 0.68 | G15: 232.39 | H15: 93.43 | I15: 2.1 | J15: 0.2 | K15: 226.89 | L15: 17.74 | M15: 81.98 | N15: 4.8 | O15: 0 | P15: 3.67 | Q15: 328.61
A16: 17-11-2022 02:00 | B16: 170.94 | C16: 229.02 | D16: 263.47 | E16: 4.62 | F16: 0.44 | G16: 231.89 | H16: 93.93 | I16: 2.05 | J16: 0.25 | K16: 226.87 | L16: 17.81 | M16: 80.53 | N16: 4.3 | O16: 0 | P16: 3.54 | Q16: 316.48
A17: 17-11-2022 02:15 | B17: 161.95 | C17: 219.56 | D17: 251.05 | E17: 4.75 | F17: 0.22 | G17: 227.71 | H17: 99.09 | I17: 1.97 | J17: 0.21 | K17: 226.92 | L17: 18.12 | M17: 80.17 | N17: 4.5 | O17: 0 | P17: 3.43 | Q17: 301.57
A18: 17-11-2022 02:30 | B18: 153.95 | C18: 208.38 | D18: 238.46 | E18: 4.4 | F18: 1.83 | G18: 227.71 | H18: 99.09 | I18: 1.91 | J18: 0.31 | K18: 226.88 | L18: 17.8 | M18: 86.01 | N18: 4.3 | O18: 0 | P18: 3.3 | Q18: 282.38
A19: 17-11-2022 02:45 | B19: 146.6 | C19: 198.19 | D19: 226.94 | E19: 4.35 | F19: 0.8 | G19: 227.71 | H19: 99.09 | I19: 1.88 | J19: 0.18 | K19: 226.97 | L19: 17.21 | M19: 89.45 | N19: 5 | O19: 0 | P19: 3.17 | Q19: 265.66
A20: 17-11-2022 03:00 | B20: 139.59 | C20: 193.48 | D20: 218.72 | E20: 4.45 | F20: 0.4 | G20: 220.36 | H20: 97.73 | I20: 1.81 | J20: 0.21 | K20: 226.83 | L20: 16.63 | M20: 91.53 | N20: 4.7 | O20: 0 | P20: 3.02 | Q20: 256.11
A21: 17-11-2022 03:15 | B21: 131.92 | C21: 185.57 | D21: 208.2 | E21: 4.53 | F21: 0.49 | G21: 158.35 | H21: 83.8 | I21: 1.73 | J21: 0.15 | K21: 226.6 | L21: 16.32 | M21: 92.42 | N21: 4.8 | O21: 0 | P21: 2.9 | Q21: 241.88
A22: 17-11-2022 03:30 | B22: 123.91 | C22: 177.34 | D22: 197.24 | E22: 4.55 | F22: 0.59 | G22: 158.35 | H22: 83.8 | I22: 1.67 | J22: 0.16 | K22: 226.51 | L22: 16.25 | M22: 94.08 | N22: 4.7 | O22: 0 | P22: 2.76 | Q22: 234.43
A23: 17-11-2022 03:45 | B23: 116.26 | C23: 169.7 | D23: 186.89 | E23: 4.07 | F23: 0.88 | G23: 158.35 | H23: 83.8 | I23: 1.6 | J23: 0.24 | K23: 226.55 | L23: 16.52 | M23: 92.17 | N23: 4.4 | O23: 0 | P23: 2.65 | Q23: 226.37
A24: 17-11-2022 04:00 | B24: 109.41 | C24: 164.04 | D24: 178.27 | E24: 2.32 | F24: 0.61 | G24: 155.56 | H24: 82.12 | I24: 1.54 | J24: 0.12 | K24: 226.57 | L24: 16.26 | M24: 94.08 | N24: 4.7 | O24: 0 | P24: 2.52 | Q24: 224.63
... A52: 17-11-2022 11:00 | B52: 24.96 | C52: 119.17 | D52: 85.78 | E52: 5.1 | F52: 1.6 | G52: 147.88 | H52: 91.63 | I52: 0.81 | J52: 0.86 | K52: 232.93 | L52: 28.13 | M52: 44.52 | N52: 579.2 | O52: 0 | P52: 1.41 | Q52: 138.43
A53: 17-11-2022 11:15 | B53: 21.27 | C53: 116.65 | D53: 81.44 | E53: 5.08 | F53: 1.91 | G53: Maint. | H53: 81.84 | I53: 0.77 | J53: 0.61 | K53: 233.45 | L53: 29 | M53: 42.36 | N53: 580.1 | O53: 0 | P53: 1.37 | Q53: 137.14
A54: 17-11-2022 11:30 | B54: 18.51 | C54: 112.23 | D54: 76.78 | E54: 5.07 | F54: 1.37 | G54: Maint. | H54: 81.84 | I54: 0.75 | J54: 1.01 | K54: 233.42 | L54: 28.59 | M54: 41.62 | N54: 587.5 | O54: 0 | P54: 1.34 | Q54: 143.63
A55: 17-11-2022 11:45 | B55: 15.82 | C55: 107.71 | D55: 72.13 | E55: 4.93 | F55: 1.23 | G55: Maint. | H55: 81.84 | I55: 0.75 | J55: 0.75 | K55: 233.22 | L55: 29.15 | M55: 40.4 | N55: 581.3 | O55: 0 | P55: 1.3 | Q55: 151.24
A56: 17-11-2022 12:00 | B56: 12.81 | C56: 103.6 | D56: 67.45 | E56: 2.01 | F56: 1.92 | G56: Invalid | H56: 81.02 | I56: 0.75 | J56: 0.65 | K56: 233.3 | L56: 29.6 | M56: 37.3 | N56: 581 | O56: 0 | P56: 1.24 | Q56: 154.27
A57: 17-11-2022 12:15 | B57: 10.54 | C57: 99.97 | D57: 63.62 | E57: 3.66 | F57: 1.58 | G57: 84.07 | H57: 72.6 | I57: 0.73 | J57: 0.59 | K57: 233.68 | L57: 30.84 | M57: 35.03 | N57: 568.1 | O57: 0 | P57: 1.21 | Q57: 155.18
A58: 17-11-2022 12:30 | B58: 9.22 | C58: 98.38 | D58: 61.68 | E58: 3.86 | F58: 2.38 | G58: 84.07 | H58: 72.6 | I58: 0.71 | J58: 1.02 | K58: 233.55 | L58: 31.52 | M58: 32.62 | N58: 558.5 | O58: 0 | P58: 1.18 | Q58: 156.03
A59: 17-11-2022 12:45 | B59: 7.86 | C59: 94.86 | D59: 58.65 | E59: 4.49 | F59: 2.79 | G59: 84.07 | H59: 72.6 | I59: 0.67 | J59: 1.58 | K59: 232.88 | L59: 29.66 | M59: 36.04 | N59: 539.2 | O59: 0 | P59: 1.14 | Q59: 161.48
A60: 17-11-2022 13:00 | B60: 6.55 | C60: 93.16 | D60: 56.66 | E60: 4.5 | F60: 2.29 | G60: 83.4 | H60: 73.39 | I60: 0.67 | J60: 1.41 | K60: 232.91 | L60: 31.21 | M60: 33.54 | N60: 507.6 | O60: 0 | P60: 1.1 | Q60: 165.95
A61: 17-11-2022 13:15 | B61: 5.52 | C61: 90.53 | D61: 54.39 | E61: 4.14 | F61: 2.34 | G61: Invalid | H61: 81.51 | I61: 0.65 | J61: 1.36 | K61: 232.64 | L61: 29.28 | M61: 34.9 | N61: 494.4 | O61: 0 | P61: 1.01 | Q61: 157.77
A62: 17-11-2022 13:30 | B62: 4.47 | C62: 88.34 | D62: 52.34 | E62: 4.57 | F62: 3.93 | G62: Invalid | H62: 81.51 | I62: 0.62 | J62: 1.16 | K62: 233.03 | L62: 30.96 | M62: 33.94 | N62: 472.2 | O62: 0 | P62: 1 | Q62: 152.31
A63: 17-11-2022 13:45 | B63: 4.05 | C63: 88.71 | D63: 52.2 | E63: 5.79 | F63: 5.24 | G63: Invalid | H63: 81.51 | I63: 0.58 | J63: 1.07 | K63: 233.22 | L63: 31.72 | M63: 33.09 | N63: 442.4 | O63: 0 | P63: 0.97 | Q63: 147.51
A64: 17-11-2022 14:00 | B64: 4.36 | C64: 91.25 | D64: 53.85 | E64: 5.24 | F64: 4.85 | G64: Invalid | H64: 80.82 | I64: 0.56 | J64: 1.05 | K64: 233.16 | L64: 30.99 | M64: 34.06 | N64: 402.5 | O64: 0 | P64: 0.97 | Q64: 143.42
A65: 17-11-2022 14:15 | B65: 3.77 | C65: 90.05 | D65: 52.72 | E65: 6.09 | F65: 4.95 | G65: 114.78 | H65: 73.67 | I65: 0.53 | J65: 1.22 | K65: 232.97 | L65: 30.89 | M65: 33.65 | N65: 369 | O65: 0 | P65: 0.97 | Q65: 139.1
A66: 17-11-2022 14:30 | B66: 3.5 | C66: 88.1 | D66: 51.43 | E66: 4.63 | F66: 3.76 | G66: 114.78 | H66: 73.67 | I66: 0.51 | J66: 1.03 | K66: 232.51 | L66: 29.5 | M66: 35.55 | N66: 273.3 | O66: 0 | P66: 0.94 | Q66: 142.08
A67: 17-11-2022 14:45 | B67: 4.67 | C67: 90.35 | D67: 53.61 | E67: 9.22 | F67: 8.04 | G67: 114.78 | H67: 73.67 | I67: 0.5 | J67: 0.98 | K67: 232.7 | L67: 30.07 | M67: 34.88 | N67: 186.9 | O67: 0 | P67: 0.92 | Q67: 151.59
A68: 17-11-2022 15:00 | B68: 3.83 | C68: 83.09 | D68: 48.93 | E68: 7.68 | F68: 8.89 | G68: 112.64 | H68: 72.43 | I68: 0.49 | J68: 1.04 | K68: 232.19 | L68: 29.68 | M68: 35.49 | N68: 134.7 | O68: 0 | P68: 0.9 | Q68: 158.06
A69: 17-11-2022 15:15 | B69: 4.46 | C69: 85.29 | D69: 50.65 | E69: 9.01 | F69: 7.34 | G69: 94.55 | H69: 59.64 | I69: 0.45 | J69: 1.02 | K69: 231.89 | L69: 29.65 | M69: 35.44 | N69: 106 | O69: 0 | P69: 0.9 | Q69: 157.04
A70: 17-11-2022 15:30 | B70: 4.22 | C70: 87.6 | D70: 51.73 | E70: 8.13 | F70: 7.95 | G70: 94.55 | H70: 59.64 | I70: 0.46 | J70: 0.89 | K70: 231.6 | L70: 28.92 | M70: 36.42 | N70: 91.9 | O70: 0 | P70: 0.89 | Q70: 158.88
A71: 17-11-2022 15:45 | B71: 5.64 | C71: 94.47 | D71: 56.66 | E71: 6.91 | F71: 6.33 | G71: 94.55 | H71: 59.64 | I71: 0.46 | J71: 0.76 | K71: 231.5 | L71: 28.66 | M71: 37.14 | N71: 78.1 | O71: 0 | P71: 0.92 | Q71: 160.61
A72: 17-11-2022 16:00 | B72: 5.73 | C72: 99.19 | D72: 59.34 | E72: 3.9 | F72: 6.96 | G72: 96.3 | H72: 59.68 | I72: 0.46 | J72: 0.81 | K72: 231.38 | L72: 28.42 | M72: 37.85 | N72: 70.7 | O72: 0 | P72: 0.95 | Q72: 162.23
A73: 17-11-2022 16:15 | B73: 6.89 | C73: 97.16 | D73: 59.14 | E73: 7.28 | F73: 6.61 | G73: 111 | H73: 60.06 | I73: 0.46 | J73: 0.74 | K73: 231.18 | L73: 28.26 | M73: 37.75 | N73: 57 | O73: 0 | P73: 0.94 | Q73: 160.96
A74: 17-11-2022 16:30 | B74: 6.04 | C74: 98.14 | D74: 59.01 | E74: 6.94 | F74: 5.33 | G74: 111 | H74: 60.06 | I74: 0.46 | J74: 0.69 | K74: 231.11 | L74: 27.99 | M74: 38.94 | N74: 42.4 | O74: 0 | P74: 0.98 | Q74: 162.56
A75: 17-11-2022 16:45 | B75: 6.78 | C75: 100.68 | D75: 61 | E75: 6.76 | F75: 5.91 | G75: 111 | H75: 60.06 | I75: 0.47 | J75: 0.56 | K75: 230.88 | L75: 27.62 | M75: 40.31 | N75: 28.6 | O75: 0 | P75: 1.03 | Q75: 153.52
A76: 17-11-2022 17:00 | B76: 7.68 | C76: 105.03 | D76: 64.12 | E76: 6.77 | F76: 3.95 | G76: 112.85 | H76: 59.5 | I76: 0.49 | J76: 0.54 | K76: 230.63 | L76: 27 | M76: 41.61 | N76: 17.8 | O76: 0 | P76: 1.09 | Q76: 144.62
... A95: 17-11-2022 21:45 | B95: 67.66 | C95: 160.32 | D95: 142.73 | E95: 4.53 | F95: 0.67 | G95: 452.3 | H95: 88.27 | I95: 1.46 | J95: 0.2 | K95: 228.39 | L95: 21.15 | M95: 70.42 | N95: 5.1 | O95: 0 | P95: 3.13 | Q95: 205.22
A96: 17-11-2022 22:00 | B96: 75.61 | C96: 166.71 | D96: 152.64 | E96: 4.93 | F96: 0.58 | G96: Invalid | H96: 88.28 | I96: 1.49 | J96: 0.17 | K96: 228.19 | L96: 20.62 | M96: 68.53 | N96: 4.9 | O96: 0 | P96: 3.23 | Q96: 218.44
A97: 17-11-2022 22:15 | B97: 76.97 | C97: 168.18 | D97: 154.54 | E97: 4.55 | F97: 0.78 | G97: 336.93 | H97: 88.35 | I97: 1.53 | J97: 0.39 | K97: 227.98 | L97: 21.43 | M97: 61.42 | N97: 3.4 | O97: 0 | P97: 3.23 | Q97: 224.33
A98: 17-11-2022 22:30 | B98: 75.39 | C98: 164.68 | D98: 151.34 | E98: 5.52 | F98: 0.57 | G98: 336.93 | H98: 88.35 | I98: 1.58 | J98: 1.03 | K98: 228.37 | L98: 23.12 | M98: 53.14 | N98: 2.1 | O98: 0 | P98: 3.16 | Q98: 227.08
A99: 17-11-2022 22:45 | B99: 72.1 | C99: 158.86 | D99: 145.49 | E99: 5.02 | F99: 0.65 | G99: 336.93 | H99: 88.35 | I99: 1.59 | J99: 1.23 | K99: 228.73 | L99: 23.71 | M99: 50.24 | N99: 3.4 | O99: 0 | P99: 3.05 | Q99: 235.58
A100: 17-11-2022 23:00 | B100: 66.78 | C100: 152.64 | D100: 137.79 | E100: 5.18 | F100: 0.77 | G100: 313.5 | H100: 87.17 | I100: 1.56 | J100: 0.64 | K100: 228.83 | L100: 23.4 | M100: 51.37 | N100: 4.8 | O100: 0 | P100: 2.94 | Q100: 242.91
A101: 17-11-2022 23:15 | B101: 62.35 | C101: 149.26 | D101: 132.37 | E101: 5.2 | F101: 1.05 | G101: 115.96 | H101: 75.1 | I101: 1.41 | J101: 0.46 | K101: 228.91 | L101: 22.81 | M101: 55.65 | N101: 5.5 | O101: 0 | P101: 2.82 | Q101: 238.15
A102: 17-11-2022 23:30 | B102: 60.51 | C102: 144.7 | D102: 128.38 | E102: 4.67 | F102: 0.98 | G102: 115.96 | H102: 75.1 | I102: 1.35 | J102: 0.4 | K102: 228.67 | L102: 21.44 | M102: 61.07 | N102: 5.3 | O102: 0 | P102: 2.72 | Q102: 234.47
A103: 17-11-2022 23:45 | B103: 58.11 | C103: 141.72 | D103: 124.81 | E103: 5.08 | F103: 0.89 | G103: 115.96 | H103: 75.1 | I103: 1.31 | J103: 0.87 | K103: 228.53 | L103: 21.1 | M103: 62.82 | N103: 4.6 | O103: 0 | P103: 2.61 | Q103: 225.89
A104: 17-11-2022 24:00 | B104: 53.27 | C104: 137.28 | D104: 118.48 | E104: 2.5 | F104: 0.86 | G104: 125.27 | H104: 74.73 | I104: 1.29 | J104: 1.15 | K104: 228.53 | L104: 21.31 | M104: 61.24 | N104: 4.4 | O104: 0 | P104: 2.5 | Q104: 208.67
A106: Min | B106: =MIN(B9:B104) -> 3.5 | C106: =MIN(C9:C104) -> 83.09 | D106: =MIN(D9:D104) -> 48.93 | E106: =MIN(E9:E104) -> 2.01 | F106: =MIN(F9:F104) -> 0.22 | G106: =MIN(G9:G104) -> 83.4 | H106: =MIN(H9:H104) -> 53.71 | I106: =MIN(I9:I104) -> 0.45 | ... Q106: =MIN(Q9:Q104) -> 137.03
A107: Max | B107: =MAX(B9:B104) -> 249.05 | C107: =MAX(C9:C104) -> 298.93 | D107: =MAX(D9:D104) -> 364.7 | E107: =MAX(E9:E104) -> 9.22 | F107: =MAX(F9:F104) -> 8.89 | G107: =MAX(G9:G104) -> 452.3 | H107: =MAX(H9:H104) -> 99.09 | I107: =MAX(I9:I104) -> 2.37 | ... Q107: =MAX(Q9:Q104) -> 399.55
A108: Avg | B108: =AVERAGE(B9:B104) -> 64.285417 | C108: =AVERAGE(C9:C104) -> 143.01927 | D108: =AVERAGE(D9:D104) -> 130.48156 | E108: =AVERAGE(E9:E104) -> 5.1196875 | F108: =AVERAGE(F9:F104) -> 1.8616667 | G108: =AVERAGE(G9:G104) -> 196.4894 | H108: =AVERAGE(H9:H104) -> 77.310326 | I108: =AVERAGE(I9:I104) -> 1.0860417 | ... Q108: =AVERAGE(Q9:Q104) -> 197.91948
A109: Stdev | B109: =STDEV(B9:B104) -> 60.975685 | C109: =STDEV(C9:C104) -> 47.461875 | D109: =STDEV(D9:D104) -> 74.65668 | E109: =STDEV(E9:E104) -> 1.2483315 | F109: =STDEV(F9:F104) -> 2.0621362 | G109: =STDEV(G9:G104) -> 81.752285 | H109: =STDEV(H9:H104) -> 12.97599 | I109: =STDEV(I9:I104) -> 0.52038949 | ... Q109: =STDEV(Q9:Q104) -> 61.554685
A110: Num | B110: =COUNT(B9:B104) -> 96 | C110: =COUNT(C9:C104) -> 96 | D110: =COUNT(D9:D104) -> 96 | E110: =COUNT(E9:E104) -> 96 | F110: =COUNT(F9:F104) -> 96 | G110: =COUNT(G9:G104)+3 -> 86 | H110: =COUNT(H9:H104) -> 92 | I110: =COUNT(I9:I104) -> 96 | J110: =COUNT(J9:J104) -> 96 | K110: =COUNT(K9:K104) -> 96 | L110: =COUNT(L9:L104) -> 96 | M110: =COUNT(M9:M104) -> 96 | N110: =COUNT(N9:N104) -> 96 | O110: =COUNT(O9:O104) -> 96 | ... Q110: =COUNT(Q9:Q104) -> 96
A111: DCR | B111: =IF(B110>=87,">90%",IF(B110<=87,"<90%")) -> >90% | C111: =IF(C110>=87,">90%",IF(C110<=87,"<90%")) -> >90% | D111: =IF(D110>=87,">90%",IF(D110<=87,"<90%")) -> >90% | E111: =IF(E110>=87,">90%",IF(E110<=87,"<90%")) -> >90% | F111: =IF(F110>=87,">90%",IF(F110<=87,"<90%")) -> >90% | G111: =IF(G110>=87,">90%",IF(G110<=87,"<90%")) -> <90% | H111: =IF(H110>=87,">90%",IF(H110<=87,"<90%")) -> >90% | I111: =IF(I110>=87,">90%",IF(I110<=87,"<90%")) -> >90% | ... Q111: =IF(Q110>=87,">90%",IF(Q110<=87,"<90%")) -> >90%
A112: Status | B112: =IF(B110>=87,"OK",IF(B110<=87,"LESS")) -> OK | C112: =IF(C110>=87,"OK",IF(C110<=87,"LESS")) -> OK | D112: =IF(D110>=87,"OK",IF(D110<=87,"LESS")) -> OK | E112: =IF(E110>=87,"OK",IF(E110<=87,"LESS")) -> OK | F112: =IF(F110>=87,"OK",IF(F110<=87,"LESS")) -> OK | G112: =IF(G110>=87,"OK",IF(G110<=87,"LESS")) -> LESS | H112: =IF(H110>=87,"OK",IF(H110<=87,"LESS")) -> OK | I112: =IF(I110>=87,"OK",IF(I110<=87,"LESS")) -> OK | ... Q112: =IF(Q110>=87,"OK",IF(Q110<=87,"LESS")) -> OK
A115: Done by | B115: RAHUL
A117: Comment

Sheet 18
A1: Station: | B1: Bhatagaon, RAIPUR
A2: Date: | B2: =$A$9 -> 18-11-2022 00:15 | D2: Power Off | G2: Pw.Off | L2: Link Fail | N2: Link F | P2: Maintenance | R2: Maint.
A3: Report Type: | B3: Mean | D3: Calibration | G3: Calib. | L3: Data Fail | N3: Data F | P3: Invalid | R3: Invalid
A4: Time Base: | B4: 15 Min | D4: Zero Referrence | G4: Z.Ref | L4: Warm Up | N4: Wm. Up
A7: Date & Time | B7: NO_BHATAGAON | C7: NO2__BHATAGAON | D7: NOX_BHATAGAON | E7: SO2__BHATAGAON | F7: O3__BHATAGAON | G7: PM10__BHATAGAON | H7: PM2_5__BHATAGAON | I7: BENZ__BHATAGAON | J7: WS__BHATAGAON | K7: WD__BHATAGAON | L7: TEMP__BHATAGAON | M7: HUM__BHATAGAON | N7: SR__BHATAGAON | O7: RG__BHATAGAON | P7: CO__BHATAGAON | Q7: NH3__BHATAGAON
B8: ug/m3 | C8: ug/m3 | D8: ug/m3 | E8: ug/m3 | F8: ug/m3 | G8: ug/m3 | H8: ug/m3 | I8: ug/m3 | J8: m/sec | K8: deg | L8: degreC | M8: % | N8: w/m2 | O8: mm | P8: mg/m3 | Q8: ug/m3
A9: 18-11-2022 00:15 | B9: 49.17 | C9: 133.55 | D9: 113.13 | E9: 4.2 | F9: 0.76 | G9: 203.77 | H9: 70.94 | I9: 1.23 | J9: 0.46 | K9: 228.28 | L9: 21.13 | M9: 62.12 | N9: 5 | O9: 0 | P9: 2.46 | Q9: 193.19
A10: 18-11-2022 00:30 | B10: 46.21 | C10: 130.56 | D10: 109.11 | E10: 3.46 | F10: 0.81 | G10: 203.77 | H10: 70.94 | I10: 1.13 | J10: 0.46 | K10: 228.05 | L10: 20.81 | M10: 63.1 | N10: 4.9 | O10: 0 | P10: 2.42 | Q10: 186.99
A11: 18-11-2022 00:45 | B11: 42.88 | C11: 125.69 | D11: 103.75 | E11: 3.61 | F11: 0.87 | G11: 203.77 | H11: 70.94 | I11: 1.09 | J11: 0.68 | K11: 228.23 | L11: 20.79 | M11: 62.96 | N11: 4.4 | O11: 0 | P11: 2.34 | Q11: 179.16
A12: 18-11-2022 01:00 | B12: 39.31 | C12: 120.82 | D12: 98.2 | E12: 3.69 | F12: 0.83 | G12: 202.83 | H12: 70.2 | I12: 1.04 | J12: 0.39 | K12: 228.1 | L12: 20.64 | M12: 64 | N12: 4.9 | O12: 0 | P12: 2.25 | Q12: 170.73
A13: 18-11-2022 01:15 | B13: 36.36 | C13: 116.7 | D13: 93.57 | E13: 3.78 | F13: 0.81 | G13: 194.97 | H13: 62.55 | I13: 0.99 | J13: 0.29 | K13: 228.01 | L13: 20.3 | M13: 66.36 | N13: 5 | O13: 0 | P13: 2.12 | Q13: 162.42
A14: 18-11-2022 01:30 | B14: 31.87 | C14: 108.96 | D14: 85.69 | E14: 4.06 | F14: 0.99 | G14: 194.97 | H14: 62.55 | I14: 0.93 | J14: 0.7 | K14: 228.04 | L14: 20.2 | M14: 67.37 | N14: 4.3 | O14: 0 | P14: 2.1 | Q14: 161.34
A15: 18-11-2022 01:45 | B15: 29.41 | C15: 106.04 | D15: 82.11 | E15: 3.97 | F15: 0.87 | G15: 194.97 | H15: 62.55 | I15: 0.92 | J15: 1.12 | K15: 228.19 | L15: 20.42 | M15: 67.26 | N15: 4.2 | O15: 0 | P15: 2 | Q15: 161.32
A16: 18-11-2022 02:00 | B16: 25.65 | C16: 104.86 | D16: 78.43 | E16: 3.77 | F16: 0.97 | G16: 192.36 | H16: 62.51 | I16: 0.88 | J16: 0.79 | K16: 228.21 | L16: 20.27 | M16: 68.94 | N16: 4.9 | O16: 0 | P16: 1.89 | Q16: 158.05
A17: 18-11-2022 02:15 | B17: 22.74 | C17: 104.37 | D17: 75.84 | E17: 4.46 | F17: 0.91 | G17: 170.38 | H17: 62.02 | I17: 0.85 | J17: 1.2 | K17: 228.16 | L17: 20.07 | M17: 70.31 | N17: 4.6 | O17: 0 | P17: 1.86 | Q17: 152.92
A18: 18-11-2022 02:30 | B18: 19.94 | C18: 103.24 | D18: 72.96 | E18: 4.29 | F18: 1.07 | G18: 170.38 | H18: 62.02 | I18: 0.81 | J18: 1.34 | K18: 228.18 | L18: 20.15 | M18: 69.81 | N18: 4.5 | O18: 0 | P18: 1.85 | Q18: 150.41
A19: 18-11-2022 02:45 | B19: 17.1 | C19: 102.76 | D19: 70.42 | E19: 4.55 | F19: 0.96 | G19: 170.38 | H19: 62.02 | I19: 0.79 | J19: 1.32 | K19: 228.17 | L19: 20.09 | M19: 69.88 | N19: 4.6 | O19: 0 | P19: 1.81 | Q19: 147.26
A20: 18-11-2022 03:00 | B20: 14.49 | C20: 102.33 | D20: 68.09 | E20: 4.8 | F20: 1.1 | G20: 167.96 | H20: 62.55 | I20: 0.75 | J20: 1.28 | K20: 228.16 | L20: 20.04 | M20: 69.69 | N20: 4.7 | O20: 0 | P20: 1.77 | Q20: 142.93
... A50: 18-11-2022 10:30 | B50: 12.19 | C50: 129.47 | D50: 81.22 | E50: 6.36 | F50: 2.74 | G50: 127.61 | H50: 70.08 | I50: 0.43 | J50: 1.18 | K50: 231.63 | L50: 26.53 | M50: 46.31 | N50: 499.8 | O50: 0 | P50: 0.96 | Q50: 292.38
A51: 18-11-2022 10:45 | B51: 32.1 | C51: 30.12 | D51: 42.37 | E51: 52.26 | F51: 23.91 | G51: 127.61 | H51: 70.08 | I51: 0.36 | J51: 1.3 | K51: 232.05 | L51: 27.53 | M51: 41.57 | N51: 517.4 | O51: 0 | P51: 0.88 | Q51: Invalid
A52: 18-11-2022 11:00 | B52: 4.97 | C52: 117.64 | D52: 68.91 | E52: 89.83 | F52: 11.97 | G52: 126.76 | H52: 69.27 | I52: 0.38 | J52: 1.88 | K52: 231.77 | L52: 27.54 | M52: 38.97 | N52: 550.2 | O52: 0 | P52: 0.78 | Q52: Invalid
A53: 18-11-2022 11:15 | B53: 10.32 | C53: 145.76 | D53: 88.72 | E53: 71.49 | F53: 19.79 | G53: 119.64 | H53: 60.96 | I53: 0.77 | J53: 1.62 | K53: 231.91 | L53: 27.26 | M53: 38.92 | N53: 574.3 | O53: 0 | P53: 0.58 | Q53: Invalid
A54: 18-11-2022 11:30 | B54: 3.09 | C54: 101.29 | D54: 58.38 | E54: 60.88 | F54: 28.81 | G54: 119.64 | H54: 60.96 | I54: 0.51 | J54: 1.85 | K54: 231.77 | L54: 26.86 | M54: 38.43 | N54: 574.7 | O54: 0 | P54: 0.42 | Q54: Invalid
A55: 18-11-2022 11:45 | B55: 4.43 | C55: 101.69 | D55: 59.67 | E55: 61.84 | F55: 11.19 | G55: 119.64 | H55: 60.96 | I55: 0.14 | J55: 1.46 | K55: 231.84 | L55: 27.34 | M55: 38.47 | N55: 562.3 | O55: 0 | P55: 0.39 | Q55: Invalid
A56: 18-11-2022 12:00 | B56: 14.89 | C56: 110.68 | D56: 73.03 | E56: 62.77 | F56: 7.02 | G56: 114.01 | H56: 58.43 | I56: 0.08 | J56: 1.37 | K56: 231.92 | L56: 27.65 | M56: 38.42 | N56: 555 | O56: 0 | P56: 0.41 | Q56: 285.92
A57: 18-11-2022 12:15 | B57: 11.56 | C57: 113.92 | D57: 72.14 | E57: 59.86 | F57: 14.16 | G57: 66.54 | H57: 32.51 | I57: 0.1 | J57: 1.26 | K57: 231.92 | L57: 27.67 | M57: 38.25 | N57: 430.6 | O57: 0 | P57: 0.45 | Q57: 252.16
A58: 18-11-2022 12:30 | B58: 8.38 | C58: 109.35 | D58: 67.07 | E58: 51.55 | F58: 7.27 | G58: 66.54 | H58: 32.51 | I58: 0.14 | J58: 1.87 | K58: 231.48 | L58: 27.22 | M58: 38.38 | N58: 408.2 | O58: 0 | P58: 0.51 | Q58: 234.32
A59: 18-11-2022 12:45 | B59: 10.08 | C59: 105.96 | D59: 66.56 | E59: 47.26 | F59: 6.11 | G59: 66.54 | H59: 32.51 | I59: 0.14 | J59: 1.79 | K59: 231.35 | L59: 27.1 | M59: 38.5 | N59: 438 | O59: 0 | P59: 0.49 | Q59: 259.69
A60: 18-11-2022 13:00 | B60: 11.1 | C60: 103.85 | D60: 66.21 | E60: 44.23 | F60: 4.5 | G60: 66.87 | H60: 32.31 | I60: 0.16 | J60: 1.8 | K60: 231.31 | L60: 26.92 | M60: 38.59 | N60: 401.9 | O60: 0 | P60: 0.46 | Q60: 259.28
A61: 18-11-2022 13:15 | B61: 15.06 | C61: 100.08 | D61: 67.31 | E61: 43.7 | F61: 5.16 | G61: 69.81 | H61: 30.2 | I61: 0.18 | J61: 1.35 | K61: 231.83 | L61: 28.08 | M61: 37.53 | N61: 487.3 | O61: 0 | P61: 0.45 | Q61: 277.85
A62: 18-11-2022 13:30 | B62: 17.38 | C62: 103.41 | D62: 71 | E62: 44.55 | F62: 16.28 | G62: 69.81 | H62: 30.2 | I62: 0.19 | J62: 1.19 | K62: 232.32 | L62: 30.03 | M62: 34.81 | N62: 448.4 | O62: 0 | P62: 0.52 | Q62: 284.18
A63: 18-11-2022 13:45 | B63: 15.33 | C63: 101.51 | D63: 68.32 | E63: 41.44 | F63: 10.7 | G63: 69.81 | H63: 30.2 | I63: 0.21 | J63: 1.2 | K63: 232.37 | L63: 29.17 | M63: 36.44 | N63: 423.7 | O63: 0 | P63: 0.54 | Q63: 247.71
A64: 18-11-2022 14:00 | B64: 15.29 | C64: 103.94 | D64: 69.63 | E64: 35.21 | F64: 8.3 | G64: 68.93 | H64: 30.26 | I64: 0.2 | J64: 1.26 | K64: 232.21 | L64: 28.32 | M64: 37.21 | N64: 412.9 | O64: 0 | P64: 0.56 | Q64: 220.58
A65: 18-11-2022 14:15 | B65: 14.82 | C65: 107.44 | D65: 71.18 | E65: 32.66 | F65: 13.3 | G65: 61.54 | H65: 30.81 | I65: 0.23 | J65: 1.08 | K65: 232.28 | L65: 29.31 | M65: 35.33 | N65: 421.1 | O65: 0 | P65: 0.56 | Q65: 184.56
A66: 18-11-2022 14:30 | B66: 16.22 | C66: 111.49 | D66: 74.53 | E66: 28.27 | F66: 4.79 | G66: 61.54 | H66: 30.81 | I66: 0.23 | J66: 1.31 | K66: 232.39 | L66: 29.08 | M66: 35.61 | N66: 325.7 | O66: 0 | P66: 0.56 | Q66: 165.68
A67: 18-11-2022 14:45 | B67: 20.78 | C67: 111.82 | D67: 78.38 | E67: 26.74 | F67: 4.67 | G67: 61.54 | H67: 30.81 | I67: 0.22 | J67: 0.95 | K67: 232.08 | L67: 28.24 | M67: 36.66 | N67: 206.8 | O67: 0 | P67: 0.57 | Q67: 172.08
... A104: 18-11-2022 24:00 | B104: 117.97 | C104: 179.38 | D104: 193.6 | E104: 8.5 | F104: 0.98 | G104: 193.42 | H104: 44.18 | I104: 1.38 | J104: 0.87 | K104: 227.99 | L104: 19.71 | M104: 66.02 | N104: 3.6 | O104: 0 | P104: 2.68 | Q104: 249.81
A106: Min | B106: =MIN(B9:B104) -> 3.09 | C106: =MIN(C9:C104) -> 30.12 | D106: =MIN(D9:D104) -> 42.37 | E106: =MIN(E9:E104) -> 2.83 | F106: =MIN(F9:F104) -> 0.61 | G106: =MIN(G9:G104) -> 61.54 | H106: =MIN(H9:H104) -> 25.44 | I106: =MIN(I9:I104) -> 0.08 | ... Q106: =MIN(Q9:Q104) -> 107.11
A107: Max | B107: =MAX(B9:B104) -> 121.16 | C107: =MAX(C9:C104) -> 185.8 | D107: =MAX(D9:D104) -> 198.37 | E107: =MAX(E9:E104) -> 89.83 | F107: =MAX(F9:F104) -> 28.81 | G107: =MAX(G9:G104) -> 229.32 | H107: =MAX(H9:H104) -> 83.42 | I107: =MAX(I9:I104) -> 1.38 | ... Q107: =MAX(Q9:Q104) -> 292.38
A108: Avg | B108: =AVERAGE(B9:B104) -> 38.462396 | C108: =AVERAGE(C9:C104) -> 123.92677 | D108: =AVERAGE(D9:D104) -> 99.235937 | E108: =AVERAGE(E9:E104) -> 17.41375 | F108: =AVERAGE(F9:F104) -> 3.3804167 | G108: =AVERAGE(G9:G104) -> 154.0749 | H108: =AVERAGE(H9:H104) -> 52.657917 | I108: =AVERAGE(I9:I104) -> 0.5815625 | ... Q108: =AVERAGE(Q9:Q104) -> 182.04176
A109: Stdev | B109: =STDEV(B9:B104) -> 36.21444 | C109: =STDEV(C9:C104) -> 29.457955 | D109: =STDEV(D9:D104) -> 44.382715 | E109: =STDEV(E9:E104) -> 17.75136 | F109: =STDEV(F9:F104) -> 5.0110295 | G109: =STDEV(G9:G104) -> 56.705046 | H109: =STDEV(H9:H104) -> 19.407795 | I109: =STDEV(I9:I104) -> 0.32195236 | ... Q109: =STDEV(Q9:Q104) -> 54.599099
A110: Num | B110: =COUNT(B9:B104) -> 96 | C110: =COUNT(C9:C104) -> 96 | D110: =COUNT(D9:D104) -> 96 | E110: =COUNT(E9:E104) -> 96 | F110: =COUNT(F9:F104) -> 96 | G110: =COUNT(G9:G104) -> 96 | H110: =COUNT(H9:H104) -> 96 | I110: =COUNT(I9:I104) -> 96 | ... Q110: =COUNT(Q9:Q104) -> 91
A111: DCR | B111: =IF(B110>=87,">90%",IF(B110<=87,"<90%")) -> >90% | C111: =IF(C110>=87,">90%",IF(C110<=87,"<90%")) -> >90% | D111: =IF(D110>=87,">90%",IF(D110<=87,"<90%")) -> >90% | E111: =IF(E110>=87,">90%",IF(E110<=87,"<90%")) -> >90% | F111: =IF(F110>=87,">90%",IF(F110<=87,"<90%")) -> >90% | G111: =IF(G110>=87,">90%",IF(G110<=87,"<90%")) -> >90% | H111: =IF(H110>=87,">90%",IF(H110<=87,"<90%")) -> >90% | I111: =IF(I110>=87,">90%",IF(I110<=87,"<90%")) -> >90% | ... Q111: =IF(Q110>=87,">90%",IF(Q110<=87,"<90%")) -> >90%
A112: Status | B112: =IF(B110>=87,"OK",IF(B110<=87,"LESS")) -> OK | C112: =IF(C110>=87,"OK",IF(C110<=87,"LESS")) -> OK | D112: =IF(D110>=87,"OK",IF(D110<=87,"LESS")) -> OK | E112: =IF(E110>=87,"OK",IF(E110<=87,"LESS")) -> OK | F112: =IF(F110>=87,"OK",IF(F110<=87,"LESS")) -> OK | G112: =IF(G110>=87,"OK",IF(G110<=87,"LESS")) -> OK | H112: =IF(H110>=87,"OK",IF(H110<=87,"LESS")) -> OK | I112: =IF(I110>=87,"OK",IF(I110<=87,"LESS")) -> OK | ... Q112: =IF(Q110>=87,"OK",IF(Q110<=87,"LESS")) -> OK
A115: Done by | B115: RAHUL
A117: Comment

Sheet 19
A1: Station: | B1: Bhatagaon, RAIPUR
A2: Date: | B2: =$A$9 -> 19-11-2022 00:15 | D2: Power Off | G2: Pw.Off | L2: Link Fail | N2: Link F | P2: Maintenance | R2: Maint.
A3: Report Type: | B3: Mean | D3: Calibration | G3: Calib. | L3: Data Fail | N3: Data F | P3: Invalid | R3: Invalid
A4: Time Base: | B4: 15 Min | D4: Zero Referrence | G4: Z.Ref | L4: Warm Up | N4: Wm. Up
A7: Date & Time | B7: NO_BHATAGAON | C7: NO2__BHATAGAON | D7: NOX_BHATAGAON | E7: SO2__BHATAGAON | F7: O3__BHATAGAON | G7: PM10__BHATAGAON | H7: PM2_5__BHATAGAON | I7: BENZ__BHATAGAON | J7: WS__BHATAGAON | K7: WD__BHATAGAON | L7: TEMP__BHATAGAON | M7: HUM__BHATAGAON | N7: SR__BHATAGAON | O7: RG__BHATAGAON | P7: CO__BHATAGAON | Q7: NH3__BHATAGAON
B8: ug/m3 | C8: ug/m3 | D8: ug/m3 | E8: ug/m3 | F8: ug/m3 | G8: ug/m3 | H8: ug/m3 | I8: ug/m3 | J8: m/sec | K8: deg | L8: degreC | M8: % | N8: w/m2 | O8: mm | P8: mg/m3 | Q8: ug/m3
A9: 19-11-2022 00:15 | B9: 110.51 | C9: 175.41 | D9: 185.42 | E9: 13.19 | F9: 0.88 | G9: 190.11 | H9: 49.24 | I9: 1.42 | J9: 1.29 | K9: 228.2 | L9: 20.2 | M9: 60.43 | N9: 4.2 | O9: 0 | P9: 2.57 | Q9: 238.77
A10: 19-11-2022 00:30 | B10: 104.37 | C10: 170.79 | D10: 177.95 | E10: 14.23 | F10: 0.76 | G10: 190.11 | H10: 49.24 | I10: 1.39 | J10: 1.13 | K10: 228.17 | L10: 20.02 | M10: 61.31 | N10: 4.8 | O10: 0 | P10: 2.45 | Q10: 224.23
A11: 19-11-2022 00:45 | B11: 96.21 | C11: 161.24 | D11: 166.14 | E11: 13.58 | F11: 0.93 | G11: 190.11 | H11: 49.24 | I11: 1.34 | J11: 0.92 | K11: 228.13 | L11: 19.99 | M11: 61.66 | N11: 4.8 | O11: 0 | P11: 2.34 | Q11: 203.91
A12: 19-11-2022 01:00 | B12: 89.32 | C12: 154.97 | D12: 157.15 | E12: 12.08 | F12: 1.02 | G12: 185.06 | H12: 49.26 | I12: 1.27 | J12: 0.72 | K12: 227.93 | L12: 19.73 | M12: 61.26 | N12: 4.9 | O12: 0 | P12: 2.25 | Q12: 185.11
A13: 19-11-2022 01:15 | B13: 82.26 | C13: 151.36 | D13: 149.5 | E13: 11.54 | F13: 1.19 | G13: 137.46 | H13: 49.47 | I13: 1.18 | J13: 1.02 | K13: 227.85 | L13: 19.61 | M13: 59.33 | N13: 4.6 | O13: 0 | P13: 1.96 | Q13: 171.17
A14: 19-11-2022 01:30 | B14: 75.8 | C14: 141.97 | D14: 139.13 | E14: 10.82 | F14: 1.35 | G14: 137.46 | H14: 49.47 | I14: 1.11 | J14: 1.04 | K14: 227.81 | L14: 19.48 | M14: 58.68 | N14: 4.6 | O14: 0 | P14: 1.93 | Q14: 157.86
A15: 19-11-2022 01:45 | B15: 68.71 | C15: 133.87 | D15: 128.98 | E15: 10.45 | F15: 1.46 | G15: 137.46 | H15: 49.47 | I15: 1.04 | J15: 0.94 | K15: 227.81 | L15: 19.31 | M15: 59.39 | N15: 4.9 | O15: 0 | P15: 1.8 | Q15: 141.03
A16: 19-11-2022 02:00 | B16: 65.67 | C16: 131.17 | D16: 125.05 | E16: 10.71 | F16: 1.05 | G16: 131.14 | H16: 48.32 | I16: 0.98 | J16: 0.65 | K16: 227.57 | L16: 18.97 | M16: 60.62 | N16: 4.8 | O16: 0 | P16: 1.7 | Q16: 127.27
A17: 19-11-2022 02:15 | B17: 61.11 | C17: 122.69 | D17: 116.72 | E17: 11.14 | F17: 1.04 | G17: 77.81 | H17: 36.52 | I17: 0.89 | J17: 0.77 | K17: 227.54 | L17: 18.87 | M17: 60.14 | N17: 4.5 | O17: 0 | P17: 1.6 | Q17: 118.12
A18: 19-11-2022 02:30 | B18: 55.31 | C18: 122.41 | D18: 111.91 | E18: 12.7 | F18: 1.23 | G18: 77.81 | H18: 36.52 | I18: 0.85 | J18: 0.63 | K18: 227.45 | L18: 18.84 | M18: 59.97 | N18: 4.6 | O18: 0 | P18: 1.52 | Q18: 115.42
A19: 19-11-2022 02:45 | B19: 52.8 | C19: 114.89 | D19: 105.75 | E19: 12.16 | F19: 1.17 | G19: 77.81 | H19: 36.52 | I19: 0.81 | J19: 0.75 | K19: 227.47 | L19: 18.78 | M19: 59.81 | N19: 4.5 | O19: 0 | P19: 1.42 | Q19: 111.06
A20: 19-11-2022 03:00 | B20: 47.45 | C20: 113.58 | D20: 100.73 | E20: 11.47 | F20: 1.57 | G20: 69.56 | H20: 36.14 | I20: 0.78 | J20: 0.71 | K20: 227.48 | L20: 18.69 | M20: 60.11 | N20: 4.6 | O20: 0 | P20: 1.33 | Q20: 103.39
A21: 19-11-2022 03:15 | B21: 44.44 | C21: 106.5 | D21: 94.41 | E21: 11.33 | F21: 1.22 | G21: Maint. | H21: 32.19 | I21: 0.75 | J21: 0.76 | K21: 227.41 | L21: 18.42 | M21: 61.03 | N21: 4.6 | O21: 0 | P21: 1.26 | Q21: 92.33
A22: 19-11-2022 03:30 | B22: 39.44 | C22: 103.91 | D22: 88.98 | E22: 11.01 | F22: 1.23 | G22: Maint. | H22: 32.19 | I22: 0.71 | J22: 0.61 | K22: 227.39 | L22: 18.29 | M22: 61.85 | N22: 4.7 | O22: 0 | P22: 1.18 | Q22: 86.03
A23: 19-11-2022 03:45 | B23: 37.37 | C23: 102.33 | D23: 86.44 | E23: 11.61 | F23: 0.99 | G23: Maint. | H23: 32.19 | I23: 0.69 | J23: 0.55 | K23: 227.25 | L23: 17.94 | M23: 63.99 | N23: 4.9 | O23: 0 | P23: 1.12 | Q23: 80.73
A24: 19-11-2022 04:00 | B24: 34.84 | C24: 99.15 | D24: 82.65 | E24: 6.87 | F24: 1.02 | G24: 9.19 | H24: 31.41 | I24: 0.66 | J24: 0.64 | K24: 227.15 | L24: 17.84 | M24: 64.65 | N24: 4.5 | O24: 0 | P24: 1.06 | Q24: 76.26
A25: 19-11-2022 04:15 | B25: 32.65 | C25: 97.08 | D25: 79.76 | E25: 9.93 | F25: 1 | G25: 86.6 | H25: 23.36 | I25: 0.64 | J25: 0.85 | K25: 227.17 | L25: 17.77 | M25: 64.92 | N25: 4.5 | O25: 0 | P25: 1.01 | Q25: 68.27
A26: 19-11-2022 04:30 | B26: 30.84 | C26: 95.33 | D26: 77.34 | E26: 9.24 | F26: 0.92 | G26: 86.6 | H26: 23.36 | I26: 0.61 | J26: 0.8 | K26: 227.19 | L26: 17.72 | M26: 65.19 | N26: 4.6 | O26: 0 | P26: 0.97 | Q26: 60.38
A27: 19-11-2022 04:45 | B27: 29.71 | C27: 98.05 | D27: 77.94 | E27: 9.05 | F27: 0.98 | G27: 86.6 | H27: 23.36 | I27: 0.59 | J27: 0.82 | K27: 227.17 | L27: 17.69 | M27: 65.02 | N27: 4.5 | O27: 0 | P27: 0.93 | Q27: 55.41
A28: 19-11-2022 05:00 | B28: 28.68 | C28: 95.94 | D28: 75.95 | E28: 9.44 | F28: 1.01 | G28: 79.01 | H28: 23.25 | I28: 0.56 | J28: 0.8 | K28: 227.1 | L28: 17.62 | M28: 65.1 | N28: 4.5 | O28: 0 | P28: 0.9 | Q28: 50.58
A29: 19-11-2022 05:15 | B29: 27.89 | C29: 94.36 | D29: 74.44 | E29: 9.16 | F29: 0.97 | G29: 15.01 | H29: 22.08 | I29: 0.54 | J29: 0.73 | K29: 227.09 | L29: 17.53 | M29: 65.75 | N29: 4.6 | O29: 0 | P29: 0.88 | Q29: 46.32
A30: 19-11-2022 05:30 | B30: 26.94 | C30: 93.6 | D30: 73.27 | E30: 9.51 | F30: 0.95 | G30: 15.01 | H30: 22.08 | I30: 0.52 | J30: 0.92 | K30: 227.15 | L30: 17.52 | M30: 66.69 | N30: 4.4 | O30: 0 | P30: 0.86 | Q30: 43.63
A31: 19-11-2022 05:45 | B31: 26.69 | C31: 94.26 | D31: 73.43 | E31: 9.18 | F31: 0.83 | G31: 15.01 | H31: 22.08 | I31: 0.51 | J31: 0.31 | K31: 226.95 | L31: 17.14 | M31: 68.85 | N31: 4.9 | O31: 0 | P31: 0.87 | Q31: 41.87
A32: 19-11-2022 06:00 | B32: 27.99 | C32: 95.85 | D32: 75.34 | E32: 10.79 | F32: 0.74 | G32: 28.81 | H32: 22.54 | I32: 0.49 | J32: 0.38 | K32: 226.77 | L32: 16.91 | M32: 69.5 | N32: 4.8 | O32: 0 | P32: 0.91 | Q32: 46.94
A33: 19-11-2022 06:15 | B33: 29.31 | C33: 97.23 | D33: 77.17 | E33: 11.02 | F33: 0.79 | G33: 145.09 | H33: 27.34 | I33: 0.49 | J33: 0.55 | K33: 226.83 | L33: 16.9 | M33: 69.99 | N33: 5.9 | O33: 0 | P33: 0.97 | Q33: 50.03
A34: 19-11-2022 06:30 | B34: 31.22 | C34: 99.71 | D34: 80.06 | E34: 11.22 | F34: 0.68 | G34: 145.09 | H34: 27.34 | I34: 0.49 | J34: 0.42 | K34: 226.84 | L34: 16.96 | M34: 70.01 | N34: 13.6 | O34: 0 | P34: 1.02 | Q34: 54.11
A35: 19-11-2022 06:45 | B35: 34.4 | C35: 103.64 | D35: 84.78 | E35: 11.3 | F35: 0.74 | G35: 145.09 | H35: 27.34 | I35: 0.49 | J35: 0.62 | K35: 226.94 | L35: 17.04 | M35: 69.85 | N35: 26.5 | O35: 0 | P35: 1.08 | Q35: 56.87
... A52: 19-11-2022 11:00 | B52: 24.05 | C52: 112.87 | D52: 81.58 | E52: 13.92 | F52: 3.54 | G52: 95.07 | H52: 35.59 | I52: 0.44 | J52: 1.37 | K52: 231.37 | L52: 25.87 | M52: 43.36 | N52: 549.4 | O52: 0 | P52: 1.01 | Q52: 27.18
A53: 19-11-2022 11:15 | B53: 14.67 | C53: 120.63 | D53: 78.33 | E53: 22.61 | F53: 8.5 | G53: 67.44 | H53: 32.72 | I53: 0.43 | J53: 0.98 | K53: 231.81 | L53: 27.82 | M53: 39.24 | N53: 550.8 | O53: 0 | P53: 0.92 | Q53: Invalid
A54: 19-11-2022 11:30 | B54: 9.29 | C54: 117.23 | D54: 72.14 | E54: 16.57 | F54: 6.13 | G54: 67.44 | H54: 32.72 | I54: 0.4 | J54: 1.14 | K54: 232 | L54: 27.61 | M54: 38.81 | N54: 534.7 | O54: 0 | P54: 0.89 | Q54: Invalid
A55: 19-11-2022 11:45 | B55: 7.79 | C55: 113.3 | D55: 68.78 | E55: 11.68 | F55: 4.88 | G55: 67.44 | H55: 32.72 | I55: 0.31 | J55: 1.28 | K55: 231.81 | L55: 26.57 | M55: 41.06 | N55: 529.7 | O55: 0 | P55: 0.88 | Q55: Invalid
A56: 19-11-2022 12:00 | B56: 8.8 | C56: 115.64 | D56: 70.88 | E56: 6.27 | F56: 6.36 | G56: 70.03 | H56: 32.79 | I56: 0.3 | J56: 1.01 | K56: 231.68 | L56: 26.96 | M56: 38.92 | N56: 547.3 | O56: 0 | P56: 0.83 | Q56: Invalid
A57: 19-11-2022 12:15 | B57: 8.43 | C57: 111 | D57: 68.02 | E57: 12.23 | F57: 8.44 | G57: 91.87 | H57: 33.51 | I57: 0.3 | J57: 1.15 | K57: 231.87 | L57: 27.66 | M57: 37.62 | N57: 465.4 | O57: 0 | P57: 0.79 | Q57: Invalid
A58: 19-11-2022 12:30 | B58: 7.61 | C58: 110.14 | D58: 66.89 | E58: 12.33 | F58: 7.77 | G58: 91.87 | H58: 33.51 | I58: 0.27 | J58: 1.05 | K58: 231.61 | L58: 27.46 | M58: 36.8 | N58: 376.9 | O58: 0 | P58: 0.76 | Q58: Invalid
A59: 19-11-2022 12:45 | B59: 7.97 | C59: 112.67 | D59: 68.57 | E59: 12.59 | F59: 7.43 | G59: 91.87 | H59: 33.51 | I59: 0.25 | J59: 1.05 | K59: 231.73 | L59: 29.01 | M59: 35.38 | N59: 455.4 | O59: 0 | P59: 0.77 | Q59: Invalid
A60: 19-11-2022 13:00 | B60: 8.5 | C60: 114.48 | D60: 69.99 | E60: 17.94 | F60: 8.95 | G60: 89.31 | H60: 33.24 | I60: 0.24 | J60: 1.14 | K60: 232.09 | L60: 29.84 | M60: 34.28 | N60: 481.2 | O60: 0 | P60: 0.78 | Q60: Invalid
A61: 19-11-2022 13:15 | B61: 7.51 | C61: 118.58 | D61: 71.46 | E61: 13.48 | F61: 3.93 | G61: 67.7 | H61: 30.48 | I61: 0.24 | J61: 1.18 | K61: 231.95 | L61: 28.6 | M61: 35.54 | N61: 443.6 | O61: 0 | P61: 0.76 | Q61: Invalid
A62: 19-11-2022 13:30 | B62: 6.78 | C62: 115.74 | D62: 69.3 | E62: 11.66 | F62: 3.01 | G62: 67.7 | H62: 30.48 | I62: 0.24 | J62: 0.92 | K62: 231.95 | L62: 28.23 | M62: 36.67 | N62: 433.5 | O62: 0 | P62: 0.78 | Q62: Invalid
A63: 19-11-2022 13:45 | B63: 7.94 | C63: 113.39 | D63: 68.95 | E63: 11.96 | F63: 2.19 | G63: 67.7 | H63: 30.48 | I63: 0.25 | J63: 1.21 | K63: 232.16 | L63: 29.53 | M63: 35.13 | N63: 396.1 | O63: 0 | P63: 0.79 | Q63: Invalid
A64: 19-11-2022 14:00 | B64: 10.18 | C64: 120.69 | D64: 74.77 | E64: 18.4 | F64: 7.4 | G64: 66.93 | H64: 30.52 | I64: 0.27 | J64: 1.12 | K64: 231.91 | L64: 29.36 | M64: 35.05 | N64: 401.4 | O64: 0 | P64: 0.79 | Q64: Invalid
... A72: 19-11-2022 16:00 | B72: 6.51 | C72: 101.8 | D72: 61.4 | E72: 5.69 | F72: 7.78 | G72: 69.32 | H72: 26.66 | I72: 0.26 | J72: 1.1 | K72: 229.87 | L72: 25.18 | M72: 40.15 | N72: 65.4 | O72: 0 | P72: 0.75 | Q72: Invalid
A73: 19-11-2022 16:15 | B73: 5.87 | C73: 104.57 | D73: 62.42 | E73: 11.53 | F73: 9.12 | G73: 62.75 | H73: 21.57 | I73: 0.25 | J73: 0.87 | K73: 230.02 | L73: 25.3 | M73: 40.6 | N73: 56.3 | O73: 0 | P73: 0.77 | Q73: 129.91
A74: 19-11-2022 16:30 | B74: 4.58 | C74: 104.96 | D74: 61.6 | E74: 12.24 | F74: 8.41 | G74: 62.75 | H74: 21.57 | I74: 0.25 | J74: 0.58 | K74: 229.77 | L74: 25.05 | M74: 40.15 | N74: 40.2 | O74: 0 | P74: 0.78 | Q74: 128.72
A75: 19-11-2022 16:45 | B75: 6.8 | C75: 113.43 | D75: 68.05 | E75: 14.73 | F75: 10.59 | G75: 62.75 | H75: 21.57 | I75: 0.24 | J75: 0.74 | K75: 229.85 | L75: 24.74 | M75: 41.57 | N75: 28 | O75: 0 | P75: 0.85 | Q75: 127.35
A76: 19-11-2022 17:00 | B76: 7.58 | C76: 122.03 | D76: 73.42 | E76: 10.7 | F76: 4.55 | G76: 65.17 | H76: 22.38 | I76: 0.24 | J76: 0.57 | K76: 229.69 | L76: 24.28 | M76: 43.35 | N76: 19 | O76: 0 | P76: 0.9 | Q76: 127.75
A77: 19-11-2022 17:15 | B77: 7.97 | C77: 118.68 | D77: 71.89 | E77: 9.47 | F77: 3.4 | G77: 85.56 | H77: 30.69 | I77: 0.25 | J77: 0.44 | K77: 229.51 | L77: 23.75 | M77: 44.9 | N77: 11.6 | O77: 0 | P77: 0.95 | Q77: 135.37
A78: 19-11-2022 17:30 | B78: 13.25 | C78: 126.64 | D78: 80.52 | E78: 8.8 | F78: 1.93 | G78: 85.56 | H78: 30.69 | I78: 0.27 | J78: 0.34 | K78: 229.2 | L78: 23.25 | M78: 46.25 | N78: 6.9 | O78: 0 | P78: 1.03 | Q78: 148.33
A79: 19-11-2022 17:45 | B79: 15.43 | C79: 129.2 | D79: 83.68 | E79: 8.19 | F79: 1.72 | G79: 85.56 | H79: 30.69 | I79: 0.3 | J79: 0.35 | K79: 229.02 | L79: 22.68 | M79: 47.95 | N79: 4.9 | O79: 0 | P79: 1.1 | Q79: 160.81
A80: 19-11-2022 18:00 | B80: 16.87 | C80: 128.8 | D80: 84.61 | E80: 8.68 | F80: 2.05 | G80: 91.38 | H80: 30.78 | I80: 0.33 | J80: 0.27 | K80: 228.83 | L80: 22.4 | M80: 47.8 | N80: 4.7 | O80: 0 | P80: 1.21 | Q80: 171
A81: 19-11-2022 18:15 | B81: 20.62 | C81: 126.91 | D81: 86.58 | E81: 8.34 | F81: 1.31 | G81: 140.48 | H81: 31.75 | I81: 0.36 | J81: 0.24 | K81: 228.48 | L81: 22.29 | M81: 48.55 | N81: 4.6 | O81: 0 | P81: 1.26 | Q81: 181.08
A82: 19-11-2022 18:30 | B82: 24.81 | C82: 128.15 | D82: 90.62 | E82: 7.36 | F82: 0.96 | G82: 140.48 | H82: 31.75 | I82: 0.4 | J82: 0.2 | K82: 228.36 | L82: 21.8 | M82: 50.58 | N82: 4.7 | O82: 0 | P82: 1.35 | Q82: 197.55
A83: 19-11-2022 18:45 | B83: 28.47 | C83: 130.27 | D83: 94.73 | E83: 6.78 | F83: 1.04 | G83: 140.48 | H83: 31.75 | I83: 0.44 | J83: 0.3 | K83: 228.07 | L83: 21.64 | M83: 50.61 | N83: 4.5 | O83: 0 | P83: 1.48 | Q83: 208.36
A84: 19-11-2022 19:00 | B84: 30.77 | C84: 132.49 | D84: 97.79 | E84: 7.04 | F84: 0.81 | G84: 147.31 | H84: 32.45 | I84: 0.47 | J84: 0.37 | K84: 227.98 | L84: 21.68 | M84: 50.95 | N84: 4.2 | O84: 0 | P84: 1.58 | Q84: 214.01
... A104: 19-11-2022 24:00 | B104: 130.83 | C104: 212.76 | D104: 222.33 | E104: 4.24 | F104: 0.86 | G104: 256.09 | H104: 54.4 | I104: 1.32 | J104: 0.27 | K104: 226.92 | L104: 18.3 | M104: 60.99 | N104: 4.5 | O104: 0 | P104: 3.16 | Q104: 360.39
A106: Min | B106: =MIN(B9:B104) -> 4.58 | C106: =MIN(C9:C104) -> 93.6 | D106: =MIN(D9:D104) -> 61.4 | E106: =MIN(E9:E104) -> 3.7 | F106: =MIN(F9:F104) -> 0.55 | G106: =MIN(G9:G104) -> 9.19 | H106: =MIN(H9:H104) -> 21.57 | I106: =MIN(I9:I104) -> 0.24 | ... Q106: =MIN(Q9:Q104) -> 27.18
A107: Max | B107: =MAX(B9:B104) -> 155.39 | C107: =MAX(C9:C104) -> 237.77 | D107: =MAX(D9:D104) -> 255.83 | E107: =MAX(E9:E104) -> 22.61 | F107: =MAX(F9:F104) -> 10.59 | G107: =MAX(G9:G104) -> 280.66 | H107: =MAX(H9:H104) -> 55.83 | I107: =MAX(I9:I104) -> 1.5 | ... Q107: =MAX(Q9:Q104) -> 388.73
A108: Avg | B108: =AVERAGE(B9:B104) -> 46.5275 | C108: =AVERAGE(C9:C104) -> 133.38427 | D108: =AVERAGE(D9:D104) -> 110.92365 | E108: =AVERAGE(E9:E104) -> 10.325625 | F108: =AVERAGE(F9:F104) -> 2.4033333 | G108: =AVERAGE(G9:G104) -> 131.7528 | H108: =AVERAGE(H9:H104) -> 36.466146 | I108: =AVERAGE(I9:I104) -> 0.625625 | ... Q108: =AVERAGE(Q9:Q104) -> 156.885
A109: Stdev | B109: =STDEV(B9:B104) -> 42.55734 | C109: =STDEV(C9:C104) -> 39.39634 | D109: =STDEV(D9:D104) -> 54.751485 | E109: =STDEV(E9:E104) -> 3.0980064 | F109: =STDEV(F9:F104) -> 2.5216818 | G109: =STDEV(G9:G104) -> 75.831 | H109: =STDEV(H9:H104) -> 9.9179246 | I109: =STDEV(I9:I104) -> 0.37455605 | ... Q109: =STDEV(Q9:Q104) -> 115.98685
A110: Num | B110: =COUNT(B9:B104) -> 96 | C110: =COUNT(C9:C104) -> 96 | D110: =COUNT(D9:D104) -> 96 | E110: =COUNT(E9:E104) -> 96 | F110: =COUNT(F9:F104) -> 96 | G110: =COUNT(G9:G104)+3 -> 96 | H110: 96 | I110: 96 | J110: 96 | K110: =COUNT(K9:K104) -> 96 | L110: =COUNT(L9:L104) -> 96 | M110: =COUNT(M9:M104) -> 96 | N110: =COUNT(N9:N104) -> 96 | O110: =COUNT(O9:O104) -> 96 | P110: =COUNT(P9:P104) -> 96 | Q110: =COUNT(Q9:Q104) -> 76
A111: DCR | B111: =IF(B110>=87,">90%",IF(B110<=87,"<90%")) -> >90% | C111: =IF(C110>=87,">90%",IF(C110<=87,"<90%")) -> >90% | D111: =IF(D110>=87,">90%",IF(D110<=87,"<90%")) -> >90% | E111: =IF(E110>=87,">90%",IF(E110<=87,"<90%")) -> >90% | F111: =IF(F110>=87,">90%",IF(F110<=87,"<90%")) -> >90% | G111: =IF(G110>=87,">90%",IF(G110<=87,"<90%")) -> >90% | H111: =IF(H110>=87,">90%",IF(H110<=87,"<90%")) -> >90% | I111: =IF(I110>=87,">90%",IF(I110<=87,"<90%")) -> >90% | ... Q111: =IF(Q110>=87,">90%",IF(Q110<=87,"<90%")) -> <90%
A112: Status | B112: =IF(B110>=87,"OK",IF(B110<=87,"LESS")) -> OK | C112: =IF(C110>=87,"OK",IF(C110<=87,"LESS")) -> OK | D112: =IF(D110>=87,"OK",IF(D110<=87,"LESS")) -> OK | E112: =IF(E110>=87,"OK",IF(E110<=87,"LESS")) -> OK | F112: =IF(F110>=87,"OK",IF(F110<=87,"LESS")) -> OK | G112: =IF(G110>=87,"OK",IF(G110<=87,"LESS")) -> OK | H112: =IF(H110>=87,"OK",IF(H110<=87,"LESS")) -> OK | I112: =IF(I110>=87,"OK",IF(I110<=87,"LESS")) -> OK | ... Q112: =IF(Q110>=87,"OK",IF(Q110<=87,"LESS")) -> LESS
A115: Done by | B115: rahul
A117: Comment

Sheet 20
A1: Station: | B1: Bhatagaon, RAIPUR
A2: Date: | B2: =$A$9 -> 20-11-2022 00:15 | D2: Power Off | G2: Pw.Off | L2: Link Fail | N2: Link F | P2: Maintenance | R2: Maint.
A3: Report Type: | B3: Mean | D3: Calibration | G3: Calib. | L3: Data Fail | N3: Data F | P3: Invalid | R3: Invalid
A4: Time Base: | B4: 15 Min | D4: Zero Referrence | G4: Z.Ref | L4: Warm Up | N4: Wm. Up
A7: Date & Time | B7: NO_BHATAGAON | C7: NO2__BHATAGAON | D7: NOX_BHATAGAON | E7: SO2__BHATAGAON | F7: O3__BHATAGAON | G7: PM10__BHATAGAON | H7: PM2_5__BHATAGAON | I7: BENZ__BHATAGAON | J7: WS__BHATAGAON | K7: WD__BHATAGAON | L7: TEMP__BHATAGAON | M7: HUM__BHATAGAON | N7: SR__BHATAGAON | O7: RG__BHATAGAON | P7: CO__BHATAGAON | Q7: NH3__BHATAGAON
B8: ug/m3 | C8: ug/m3 | D8: ug/m3 | E8: ug/m3 | F8: ug/m3 | G8: ug/m3 | H8: ug/m3 | I8: ug/m3 | J8: m/sec | K8: deg | L8: degreC | M8: % | N8: w/m2 | O8: mm | P8: mg/m3 | Q8: ug/m3
A9: 20-11-2022 00:15 | B9: 124.17 | C9: 204.86 | D9: 212.63 | E9: 8.17 | F9: 0.74 | G9: 178.72 | H9: 52.63 | I9: 1.28 | J9: 0.29 | K9: 227 | L9: 18.34 | M9: 61.38 | N9: 4.5 | O9: 0 | P9: 3.04 | Q9: 351.55
A10: 20-11-2022 00:30 | B10: 117.48 | C10: 197.62 | D10: 203.27 | E10: 7.83 | F10: 0.94 | G10: 178.72 | H10: 52.63 | I10: 1.23 | J10: 0.16 | K10: 227.09 | L10: 17.87 | M10: 64.48 | N10: 5 | O10: 0 | P10: 2.9 | Q10: 341.5
A11: 20-11-2022 00:45 | B11: 109.23 | C11: 188.34 | D11: 191.54 | E11: 8.05 | F11: 0.78 | G11: 178.72 | H11: 52.63 | I11: 1.2 | J11: 0.21 | K11: 226.95 | L11: 17.28 | M11: 69.06 | N11: 5 | O11: 0 | P11: 2.78 | Q11: 330.48
A12: 20-11-2022 01:00 | B12: 101.24 | C12: 178.87 | D12: 179.9 | E12: 7.62 | F12: 0.79 | G12: 170.83 | H12: 52.27 | I12: 1.15 | J12: 0.16 | K12: 226.68 | L12: 16.64 | M12: 72.58 | N12: 5 | O12: 0 | P12: 2.67 | Q12: 318.99
A13: 20-11-2022 01:15 | B13: 93.68 | C13: 170.33 | D13: 169.13 | E13: 7.84 | F13: 0.79 | G13: 104.35 | H13: 48.54 | I13: 1.1 | J13: 0.19 | K13: 226.51 | L13: 16.67 | M13: 70.33 | N13: 4.6 | O13: 0 | P13: 2.31 | Q13: 308.36
A14: 20-11-2022 01:30 | B14: 87.2 | C14: 163.66 | D14: 160.25 | E14: 7.9 | F14: 0.64 | G14: 104.35 | H14: 48.54 | I14: 1.05 | J14: 0.16 | K14: 226.49 | L14: 16.19 | M14: 74.44 | N14: 4.9 | O14: 0 | P14: 2.33 | Q14: 301.9
A15: 20-11-2022 01:45 | B15: 81.33 | C15: 156.4 | D15: 151.53 | E15: 6.96 | F15: 0.81 | G15: 104.35 | H15: 48.54 | I15: 1.02 | J15: 0.19 | K15: 226.36 | L15: 16.06 | M15: 73.85 | N15: 4.6 | O15: 0 | P15: 2.21 | Q15: 297.44
A16: 20-11-2022 02:00 | B16: 77.11 | C16: 151.1 | D16: 145.23 | E16: 6.62 | F16: 0.71 | G16: 106.21 | H16: 48.18 | I16: 0.98 | J16: 0.27 | K16: 226.21 | L16: 15.95 | M16: 77.12 | N16: 4.4 | O16: 0 | P16: 2.12 | Q16: 290.46
A17: 20-11-2022 02:15 | B17: 73.06 | C17: 146.5 | D17: 139.44 | E17: 6.83 | F17: 0.73 | G17: 121.97 | H17: 44.42 | I17: 0.94 | J17: 0.98 | K17: 226.57 | L17: 16.56 | M17: 72.44 | N17: 2.8 | O17: 0 | P17: 2.03 | Q17: 283.63
A18: 20-11-2022 02:30 | B18: 68.6 | C18: 142.53 | D18: 133.67 | E18: 7.01 | F18: 0.87 | G18: 121.97 | H18: 44.42 | I18: 0.9 | J18: 0.58 | K18: 226.89 | L18: 16.71 | M18: 72.18 | N18: 4.5 | O18: 0 | P18: 1.93 | Q18: 277.54
A19: 20-11-2022 02:45 | B19: 64.58 | C19: 138.65 | D19: 128.3 | E19: 6.94 | F19: 0.85 | G19: 121.97 | H19: 44.42 | I19: 0.86 | J19: 0.38 | K19: 226.71 | L19: 16.51 | M19: 71.93 | N19: 4.6 | O19: 0 | P19: 1.85 | Q19: 271.47
A20: 20-11-2022 03:00 | B20: 60.9 | C20: 134.39 | D20: 123 | E20: 6.93 | F20: 0.75 | G20: 123.45 | H20: 44.5 | I20: 0.82 | J20: 0.29 | K20: 226.34 | L20: 16.75 | M20: 70.68 | N20: 4.5 | O20: 0 | P20: 1.81 | Q20: 265.65
... A104: 20-11-2022 24:00 | B104: 17.73 | C104: 115.01 | D104: 77.69 | E104: 3.93 | F104: 1.32 | G104: 164.28 | H104: 53.5 | I104: 0.69 | J104: 0.8 | K104: 227.61 | L104: 19.03 | M104: 58.69 | N104: 4.3 | O104: 0 | P104: 1.82 | Q104: 237.82
A106: Min | B106: =MIN(B9:B104) -> 4.3 | C106: =MIN(C9:C104) -> 80.77 | D106: =MIN(D9:D104) -> 48.32 | E106: =MIN(E9:E104) -> 3.37 | F106: =MIN(F9:F104) -> 0.53 | G106: =MIN(G9:G104) -> 58.7 | H106: =MIN(H9:H104) -> 28.35 | I106: =MIN(I9:I104) -> 0.39 | ... Q106: =MIN(Q9:Q104) -> 202.61
A107: Max | B107: =MAX(B9:B104) -> 124.17 | C107: =MAX(C9:C104) -> 204.86 | D107: =MAX(D9:D104) -> 212.63 | E107: =MAX(E9:E104) -> 14.97 | F107: =MAX(F9:F104) -> 5.66 | G107: =MAX(G9:G104) -> 196.58 | H107: =MAX(H9:H104) -> 55.53 | I107: =MAX(I9:I104) -> 1.28 | ... Q107: =MAX(Q9:Q104) -> 351.55
A108: Avg | B108: =AVERAGE(B9:B104) -> 29.064583 | C108: =AVERAGE(C9:C104) -> 115.9299 | D108: =AVERAGE(D9:D104) -> 87.287187 | E108: =AVERAGE(E9:E104) -> 7.5991667 | F108: =AVERAGE(F9:F104) -> 1.6267708 | G108: =AVERAGE(G9:G104) -> 127.30094 | H108: =AVERAGE(H9:H104) -> 42.908542 | I108: =AVERAGE(I9:I104) -> 0.59041667 | ... Q108: =AVERAGE(Q9:Q104) -> 233.45604
A109: Stdev | B109: =STDEV(B9:B104) -> 27.076754 | C109: =STDEV(C9:C104) -> 23.688978 | D109: =STDEV(D9:D104) -> 33.921504 | E109: =STDEV(E9:E104) -> 1.350856 | F109: =STDEV(F9:F104) -> 1.182719 | G109: =STDEV(G9:G104) -> 43.725364 | H109: =STDEV(H9:H104) -> 8.72972 | I109: =STDEV(I9:I104) -> 0.20501048 | ... Q109: =STDEV(Q9:Q104) -> 30.694178
A110: Num | B110: =COUNT(B9:B104) -> 96 | C110: =COUNT(C9:C104) -> 96 | D110: =COUNT(D9:D104) -> 96 | E110: =COUNT(E9:E104) -> 96 | F110: =COUNT(F9:F104) -> 96 | G110: =COUNT(G9:G104) -> 96 | H110: =COUNT(H9:H104) -> 96 | I110: =COUNT(I9:I104) -> 96 | ... Q110: =COUNT(Q9:Q104) -> 96
A111: DCR | B111: =IF(B110>=87,">90%",IF(B110<=87,"<90%")) -> >90% | C111: =IF(C110>=87,">90%",IF(C110<=87,"<90%")) -> >90% | D111: =IF(D110>=87,">90%",IF(D110<=87,"<90%")) -> >90% | E111: =IF(E110>=87,">90%",IF(E110<=87,"<90%")) -> >90% | F111: =IF(F110>=87,">90%",IF(F110<=87,"<90%")) -> >90% | G111: =IF(G110>=87,">90%",IF(G110<=87,"<90%")) -> >90% | H111: =IF(H110>=87,">90%",IF(H110<=87,"<90%")) -> >90% | I111: =IF(I110>=87,">90%",IF(I110<=87,"<90%")) -> >90% | ... Q111: =IF(Q110>=87,">90%",IF(Q110<=87,"<90%")) -> >90%
A112: Status | B112: =IF(B110>=87,"OK",IF(B110<=87,"LESS")) -> OK | C112: =IF(C110>=87,"OK",IF(C110<=87,"LESS")) -> OK | D112: =IF(D110>=87,"OK",IF(D110<=87,"LESS")) -> OK | E112: =IF(E110>=87,"OK",IF(E110<=87,"LESS")) -> OK | F112: =IF(F110>=87,"OK",IF(F110<=87,"LESS")) -> OK | G112: =IF(G110>=87,"OK",IF(G110<=87,"LESS")) -> OK | H112: =IF(H110>=87,"OK",IF(H110<=87,"LESS")) -> OK | I112: =IF(I110>=87,"OK",IF(I110<=87,"LESS")) -> OK | ... Q112: =IF(Q110>=87,"OK",IF(Q110<=87,"LESS")) -> OK
A115: Done by | B115: rahul
A117: Comment

Sheet 21
A1: Station: | B1: Bhatagaon, RAIPUR
A2: Date: | B2: =$A$9 -> 21-11-2022 00:15 | D2: Power Off | G2: Pw.Off | L2: Link Fail | N2: Link F | P2: Maintenance | R2: Maint.
A3: Report Type: | B3: Mean | D3: Calibration | G3: Calib. | L3: Data Fail | N3: Data F | P3: Invalid | R3: Invalid
A4: Time Base: | B4: 15 Min | D4: Zero Referrence | G4: Z.Ref | L4: Warm Up | N4: Wm. Up
A7: Date & Time | B7: NO_BHATAGAON | C7: NO2__BHATAGAON | D7: NOX_BHATAGAON | E7: SO2__BHATAGAON | F7: O3__BHATAGAON | G7: PM10__BHATAGAON | H7: PM2_5__BHATAGAON | I7: BENZ__BHATAGAON | J7: WS__BHATAGAON | K7: WD__BHATAGAON | L7: TEMP__BHATAGAON | M7: HUM__BHATAGAON | N7: SR__BHATAGAON | O7: RG__BHATAGAON | P7: CO__BHATAGAON | Q7: NH3__BHATAGAON
B8: ug/m3 | C8: ug/m3 | D8: ug/m3 | E8: ug/m3 | F8: ug/m3 | G8: ug/m3 | H8: ug/m3 | I8: ug/m3 | J8: m/sec | K8: deg | L8: degreC | M8: % | N8: w/m2 | O8: mm | P8: mg/m3 | Q8: ug/m3
A9: 21-11-2022 00:15 | B9: 16.33 | C9: 113.64 | D9: 75.81 | E9: 6.72 | F9: 1.32 | G9: 120.87 | H9: 49.53 | I9: 0.66 | J9: 0.63 | K9: 227.59 | L9: 18.85 | M9: 60.23 | N9: 4.5 | O9: 0 | P9: 1.76 | Q9: 232.29
A10: 21-11-2022 00:30 | B10: 14.92 | C10: 110.67 | D10: 73.04 | E10: 6.86 | F10: 1.12 | G10: 120.87 | H10: 49.53 | I10: 0.63 | J10: 0.59 | K10: 227.5 | L10: 18.74 | M10: 61.3 | N10: 4.5 | O10: 0 | P10: 1.7 | Q10: 229.33
A11: 21-11-2022 00:45 | B11: 13.47 | C11: 108.54 | D11: 70.7 | E11: 7.16 | F11: 1.21 | G11: 120.87 | H11: 49.53 | I11: 0.62 | J11: 0.74 | K11: 227.56 | L11: 18.67 | M11: 62.28 | N11: 4.5 | O11: 0 | P11: 1.64 | Q11: 222.83
A12: 21-11-2022 01:00 | B12: 12 | C12: 107.07 | D12: 68.71 | E12: 7.41 | F12: 1.1 | G12: 121.2 | H12: 49.26 | I12: 0.61 | J12: 0.46 | K12: 227.51 | L12: 18.17 | M12: 65.79 | N12: 4.8 | O12: 0 | P12: 1.6 | Q12: 220.18
A13: 21-11-2022 01:15 | B13: 11.48 | C13: 105.69 | D13: 67.53 | E13: 7.67 | F13: 0.96 | G13: 124 | H13: 46.49 | I13: 0.6 | J13: 0.62 | K13: 227.35 | L13: 17.52 | M13: 70.33 | N13: 4.8 | O13: 0 | P13: 1.46 | Q13: 219.31
A14: 21-11-2022 01:30 | B14: 11.28 | C14: 103.75 | D14: 66.3 | E14: 7.95 | F14: 0.92 | G14: 124 | H14: 46.49 | I14: 0.58 | J14: 0.37 | K14: 227.22 | L14: 17.27 | M14: 70.73 | N14: 4.9 | O14: 0 | P14: 1.55 | Q14: 218.7
A15: 21-11-2022 01:45 | B15: 11.2 | C15: 101.43 | D15: 64.96 | E15: 7.83 | F15: 0.77 | G15: 124 | H15: 46.49 | I15: 0.59 | J15: 0.17 | K15: 226.86 | L15: 16.9 | M15: 72.27 | N15: 5 | O15: 0 | P15: 1.54 | Q15: 216.79
A16: 21-11-2022 02:00 | B16: 11.1 | C16: 99.04 | D16: 63.56 | E16: 7.99 | F16: 0.8 | G16: 126.54 | H16: 46.83 | I16: 0.58 | J16: 0.22 | K16: 226.58 | L16: 16.43 | M16: 75.17 | N16: 4.8 | O16: 0 | P16: 1.53 | Q16: 215.34
A17: 21-11-2022 02:15 | B17: 11.02 | C17: 97.15 | D17: 62.45 | E17: 7.9 | F17: 0.77 | G17: 147.98 | H17: 50.37 | I17: 0.58 | J17: 0.35 | K17: 226.49 | L17: 16.71 | M17: 73.57 | N17: 4.2 | O17: 0 | P17: 1.53 | Q17: 213.41
A18: 21-11-2022 02:30 | B18: 11.02 | C18: 95.42 | D18: 61.49 | E18: 7.78 | F18: 0.71 | G18: 147.98 | H18: 50.37 | I18: 0.56 | J18: 0.45 | K18: 226.43 | L18: 16.34 | M18: 77.05 | N18: 4.5 | O18: 0 | P18: 1.53 | Q18: 214.5
A19: 21-11-2022 02:45 | B19: 11.29 | C19: 93.48 | D19: 60.64 | E19: 6.45 | F19: 0.66 | G19: 147.98 | H19: 50.37 | I19: 0.56 | J19: 0.21 | K19: 226.36 | L19: 15.71 | M19: 80.14 | N19: 5.1 | O19: 0 | P19: 1.51 | Q19: 217.64
A20: 21-11-2022 03:00 | B20: 11.85 | C20: 91.26 | D20: 59.86 | E20: 5.98 | F20: 0.65 | G20: 148.64 | H20: 50.55 | I20: 0.55 | J20: 0.2 | K20: 226.15 | L20: 15.5 | M20: 80.52 | N20: 4.8 | O20: 0 | P20: 1.51 | Q20: 216.01
... A43: 21-11-2022 08:45 | B43: 69.27 | C43: 160.34 | D43: 144.03 | E43: 11.22 | F43: 0.9 | G43: 250.46 | H43: 82.8 | I43: 0.57 | J43: 1.32 | K43: 230 | L43: 25.46 | M43: 50.01 | N43: 341.8 | O43: 0 | P43: 1.86 | Q43: 264.99
A44: 21-11-2022 09:00 | B44: 67.89 | C44: 165.56 | D44: 145.82 | E44: 14.08 | F44: 1.31 | G44: Invalid | H44: 83.65 | I44: 0.57 | J44: 1.33 | K44: 230.22 | L44: 25.72 | M44: 48.32 | N44: 366.6 | O44: 0 | P44: 1.95 | Q44: 265.12
A45: 21-11-2022 09:15 | B45: 65.51 | C45: 169.24 | D45: 145.93 | E45: 16.31 | F45: 1.14 | G45: Invalid | H45: 92.35 | I45: 0.57 | J45: 1.42 | K45: 230.48 | L45: 26.03 | M45: 47.06 | N45: 380.3 | O45: 0 | P45: 2 | Q45: 262.67
A46: 21-11-2022 09:30 | B46: 60.59 | C46: 168.89 | D46: 141.79 | E46: 16.18 | F46: 1.61 | G46: Invalid | H46: 92.35 | I46: 0.56 | J46: 1.05 | K46: 230.82 | L46: 26.73 | M46: 45.43 | N46: 418.3 | O46: 0 | P46: 2.03 | Q46: 258.33
A47: 21-11-2022 09:45 | B47: 57.96 | C47: 166.23 | D47: 138.21 | E47: 11.45 | F47: 1.08 | G47: Invalid | H47: 92.35 | I47: 0.55 | J47: 0.75 | K47: 231.47 | L47: 25.95 | M47: 48.08 | N47: 471.9 | O47: 0 | P47: 2.05 | Q47: 258.79
A48: 21-11-2022 10:00 | B48: 54.55 | C48: 162.05 | D48: 133.18 | E48: 9.24 | F48: 1.09 | G48: Invalid | H48: 90.97 | I48: 0.54 | J48: 0.9 | K48: 231.82 | L48: 26.86 | M48: 45.23 | N48: 411.4 | O48: 0 | P48: 2.05 | Q48: 255.13
A49: 21-11-2022 10:15 | B49: 50.23 | C49: 157.58 | D49: 127.24 | E49: 8.39 | F49: 1.18 | G49: 182.15 | H49: 76.83 | I49: 0.54 | J49: 1 | K49: 231.61 | L49: 26.52 | M49: 45.29 | N49: 441.2 | O49: 0 | P49: 2.04 | Q49: 248.86
A50: 21-11-2022 10:30 | B50: 45.11 | C50: 153.31 | D50: 120.78 | E50: 8.48 | F50: 1.47 | G50: 182.15 | H50: 76.83 | I50: 0.53 | J50: 0.91 | K50: 231.96 | L50: 27.34 | M50: 41.46 | N50: 517.2 | O50: 0 | P50: 1.98 | Q50: 244.15
A51: 21-11-2022 10:45 | B51: 40.62 | C51: 150.24 | D51: 115.49 | E51: 9.04 | F51: 1.49 | G51: 182.15 | H51: 76.83 | I51: 0.52 | J51: 0.97 | K51: 232.22 | L51: 28.89 | M51: 38.17 | N51: 532.3 | O51: 0 | P51: 1.93 | Q51: 239.09
A52: 21-11-2022 11:00 | B52: 36.56 | C52: 146.57 | D52: 110.21 | E52: 8.44 | F52: 1.29 | G52: 172.74 | H52: 74.79 | I52: 0.51 | J52: 1.01 | K52: 232.11 | L52: 27.16 | M52: 41.44 | N52: 505.1 | O52: 0 | P52: 1.87 | Q52: 233.53
A53: 21-11-2022 11:15 | B53: 33.7 | C53: 142.05 | D53: 105.41 | E53: 8.07 | F53: 1.1 | G53: 93.42 | H53: 53.85 | I53: 0.5 | J53: 1.06 | K53: 232.09 | L53: 26.7 | M53: 42.54 | N53: 416.8 | O53: 0 | P53: 1.81 | Q53: 228.46
A54: 21-11-2022 11:30 | B54: 31.13 | C54: 139.35 | D54: 101.86 | E54: 9.28 | F54: 1.13 | G54: 93.42 | H54: 53.85 | I54: 0.49 | J54: 1.15 | K54: 231.62 | L54: 26.37 | M54: 42.1 | N54: 498.6 | O54: 0 | P54: 1.76 | Q54: 226.27
A55: 21-11-2022 11:45 | B55: 28.55 | C55: 134.65 | D55: 97.21 | E55: 9.76 | F55: 1.84 | G55: 93.42 | H55: 53.85 | I55: 0.5 | J55: 1.04 | K55: 232.03 | L55: 27.45 | M55: 41.46 | N55: 438.4 | O55: 0 | P55: 1.7 | Q55: 227.37
A56: 21-11-2022 12:00 | B56: 25.19 | C56: 131.55 | D56: 92.8 | E56: 6.98 | F56: 2.8 | G56: 90.52 | H56: 53.17 | I56: 0.49 | J56: 0.63 | K56: 232.23 | L56: 28.99 | M56: 37.68 | N56: 572.3 | O56: 0 | P56: 1.65 | Q56: 227.42
A57: 21-11-2022 12:15 | B57: 22.46 | C57: 128.67 | D57: 89.02 | E57: 9.88 | F57: 2.34 | G57: 66.13 | H57: 46.2 | I57: 0.5 | J57: 0.94 | K57: 232.61 | L57: 30.19 | M57: 37.11 | N57: 402.5 | O57: 0 | P57: 1.63 | Q57: 228.25
A58: 21-11-2022 12:30 | B58: 20.08 | C58: 127.97 | D58: 86.73 | E58: 9.89 | F58: 1.99 | G58: 66.13 | H58: 46.2 | I58: 0.49 | J58: 0.48 | K58: 232.5 | L58: 30.36 | M58: 37.14 | N58: 453.4 | O58: 0 | P58: 1.6 | Q58: 230.6
A59: 21-11-2022 12:45 | B59: 17.18 | C59: 122.23 | D59: 81.24 | E59: 10.16 | F59: 3.55 | G59: 66.13 | H59: 46.2 | I59: 0.5 | J59: 0.88 | K59: 232.69 | L59: 29.57 | M59: 38.55 | N59: 464.1 | O59: 0 | P59: 1.56 | Q59: 232.96
A60: 21-11-2022 13:00 | B60: 15.5 | C60: 124.83 | D60: 81.32 | E60: 10.77 | F60: 3.22 | G60: 69.6 | H60: 45.48 | I60: 0.49 | J60: 0.66 | K60: 232.69 | L60: 30.66 | M60: 36.18 | N60: 394.9 | O60: 0 | P60: 1.53 | Q60: 233.32
... A71: 21-11-2022 15:45 | B71: 12.29 | C71: 125.35 | D71: 79.04 | E71: 9.81 | F71: 1.96 | G71: 145.83 | H71: 46.52 | I71: 0.48 | J71: 3.42 | K71: 201.5 | L71: 30.96 | M71: 56.47 | N71: 95.4 | O71: 0 | P71: 1.43 | Q71: 245.92
A72: 21-11-2022 16:00 | B72: 15.23 | C72: 135.77 | D72: 87.14 | E72: 12.56 | F72: 3.83 | G72: 144.63 | H72: 45.92 | I72: 0.51 | J72: 32.41 | K72: 201.27 | L72: Invalid | M72: 1.76 | N72: 103.2 | O72: 0 | P72: 1.42 | Q72: 247.99
A73: 21-11-2022 16:15 | B73: 14.29 | C73: 130.36 | D73: 83.4 | E73: 11.95 | F73: 5.18 | G73: 135.05 | H73: 40.06 | I73: 0.51 | J73: 0.58 | K73: 153.79 | L73: 26.73 | M73: Invalid | N73: 61 | O73: 0 | P73: 1.42 | Q73: 251.01
A74: 21-11-2022 16:30 | B74: 15.61 | C74: 124.35 | D74: 81.14 | E74: 10.86 | F74: 5.31 | G74: 135.05 | H74: 40.06 | I74: 0.5 | J74: 0.84 | K74: 154.43 | L74: 26.58 | M74: Invalid | N74: 53.1 | O74: 0 | P74: 1.41 | Q74: 255.82
A75: 21-11-2022 16:45 | B75: 14.11 | C75: 124.31 | D75: 79.92 | E75: 9.55 | F75: 2.98 | G75: 135.05 | H75: 40.06 | I75: 0.51 | J75: 0.73 | K75: 172.29 | L75: 26.08 | M75: Invalid | N75: 53.5 | O75: 0 | P75: 1.42 | Q75: 260.17
