Workbook

Sheet 01
A1: Station: | B1: IGKV RAIPUR
A2: Date: | B2: =$A$9 -> 45474.01 | C2: Power Off | G2: Pw.Off | J2: Link Fail | L2: Link F | N2: Maintenance | P2: Maint.
A3: Report Type: | B3: Mean | C3: Calibration | G3: Calib. | J3: Data Fail | L3: Data F | N3: Invalid | P3: Invalid
A4: Time Base: | B4: 15 Min | C4: Zero Referrence | G4: Z.Ref | J4: Warm Up | L4: Wm. Up
A7: Date & Time | B7: NO | C7: NO2 | D7: NOX | E7: SO2 | F7: O3 | G7: PM 10 | H7: PM 2.5 | I7: BENZ | J7: WS | K7: WD | L7: TEMP | M7: HUM | N7: SR | O7: RG | P7: CO | Q7: NH3
B8: ug/m3 | C8: ug/m3 | D8: ppb | E8: ug/m3 | F8: ug/m3 | G8: ug/m3 | H8: ug/m3 | I8: ug/m3 | J8: m/sec | K8: deg | L8: degreC | M8: % | N8: w/m2 | O8: mm | P8: mg/m3 | Q8: ug/m3
A9: 45474.01 | B9: 9.21 | C9: 4.15 | D9: 14.01 | E9: 7.07 | F9: 5.79 | G9: 8.26 | H9: 4.61 | I9: 3.62 | J9: 0.1 | K9: 259.9 | L9: 25.74 | M9: 101.35 | N9: 2.1 | O9: 0 | P9: 0.33 | Q9: 4.62
A10: 45474.021 | B10: 9.23 | C10: 4.07 | D10: 13.98 | E10: 7.55 | F10: 6.11 | G10: 8.93 | H10: 3.89 | I10: 3.69 | J10: 0.11 | K10: 229.17 | L10: 25.84 | M10: 101.9 | N10: 2.1 | O10: 0 | P10: 0.33 | Q10: 4.62
A11: 45474.031 | B11: 9.24 | C11: 4.06 | D11: 13.98 | E11: 7.95 | F11: 5.27 | G11: 9.94 | H11: 3.24 | I11: 3.64 | J11: 0.12 | K11: 236.75 | L11: 25.88 | M11: 98.89 | N11: 2.1 | O11: 0 | P11: 0.33 | Q11: 4.62
A12: 45474.042 | B12: 9.22 | C12: 4.07 | D12: 13.97 | E12: 7.66 | F12: 5.22 | G12: 9.94 | H12: 3.24 | I12: 3.62 | J12: 0.1 | K12: 270.82 | L12: 25.83 | M12: 98.79 | N12: 2.1 | O12: 0 | P12: 0.32 | Q12: 4.61
A13: 45474.052 | B13: 9.23 | C13: 4.08 | D13: 13.98 | E13: 7.85 | F13: 4.65 | G13: 9.94 | H13: 3.24 | I13: 3.58 | J13: 0.15 | K13: 231.87 | L13: 25.85 | M13: 98.84 | N13: 2.1 | O13: 0 | P13: 0.32 | Q13: 4.62
A14: 45474.062 | B14: 9.23 | C14: 4.06 | D14: 13.97 | E14: 7.91 | F14: 4.93 | G14: 9.66 | H14: 2.83 | I14: 3.56 | J14: 0.18 | K14: 252.47 | L14: 25.87 | M14: 97.47 | N14: 2.3 | O14: 0 | P14: 0.31 | Q14: 4.61
A15: 45474.073 | B15: 9.23 | C15: 4.06 | D15: 13.97 | E15: 8.34 | F15: 5.23 | G15: 9.25 | H15: 2.47 | I15: 3.51 | J15: 0.37 | K15: 251.43 | L15: 25.94 | M15: 96.07 | N15: 2.7 | O15: 0 | P15: 0.31 | Q15: 4.6
A16: 45474.083 | B16: 9.23 | C16: 4.06 | D16: 13.97 | E16: 8.88 | F16: 4.59 | G16: 9.25 | H16: 2.47 | I16: 3.47 | J16: 0.48 | K16: 246.14 | L16: 26.06 | M16: 94.45 | N16: 2.6 | O16: 0 | P16: 0.31 | Q16: 4.61
A17: 45474.094 | B17: 9.25 | C17: 4.07 | D17: 14 | E17: 6.4 | F17: 4.13 | G17: 9.25 | H17: 2.47 | I17: 3.48 | J17: 0.57 | K17: 248.68 | L17: 26.12 | M17: 94.51 | N17: 2.8 | O17: 0 | P17: 0.3 | Q17: 4.64
A18: 45474.104 | B18: 9.25 | C18: 4.05 | D18: 13.98 | E18: 8.59 | F18: 4.15 | G18: 10.36 | H18: 2.89 | I18: 3.45 | J18: 0.56 | K18: 254.59 | L18: 26.22 | M18: 95.28 | N18: 2.8 | O18: 0 | P18: 0.3 | Q18: 4.63
A19: 45474.115 | B19: 9.24 | C19: 4.05 | D19: 13.98 | E19: 8.4 | F19: 3.74 | G19: 12.04 | H19: 3.28 | I19: 3.46 | J19: 0.74 | K19: 260.75 | L19: 26.29 | M19: 95.21 | N19: 3.1 | O19: 0 | P19: 0.31 | Q19: 4.63
A20: 45474.125 | B20: 9.23 | C20: 4.06 | D20: 13.97 | E20: 8.24 | F20: 4.02 | G20: 12.04 | H20: 3.28 | I20: 3.38 | J20: 0.86 | K20: 260.14 | L20: 26.42 | M20: 94.25 | N20: 3 | O20: 0 | P20: 0.3 | Q20: 4.63
... A104: 45475 | B104: 9.2 | C104: 4.07 | D104: 13.95 | E104: 10.33 | F104: 9.69 | G104: 17.19 | H104: 6.36 | I104: 3.1 | J104: 0.24 | K104: 242.5 | L104: 26.73 | M104: 93.68 | N104: 2.2 | O104: 0 | P104: 0.3 | Q104: 4.63
A106: Min | B106: =MIN(B9:B104) -> 9.16 | C106: =MIN(C9:C104) -> 4.02 | D106: =MIN(D9:D104) -> 13.92 | E106: =MIN(E9:E104) -> 5.42 | F106: =MIN(F9:F104) -> 3.47 | G106: =MIN(G9:G104) -> 6.49 | H106: =MIN(H9:H104) -> 2.36 | I106: =MIN(I9:I104) -> 2.66 | ... Q106: =MIN(Q9:Q104) -> 4.6
A107: Max | B107: =MAX(B9:B104) -> 9.28 | C107: =MAX(C9:C104) -> 4.15 | D107: =MAX(D9:D104) -> 14.02 | E107: =MAX(E9:E104) -> 11.95 | F107: =MAX(F9:F104) -> 13.77 | G107: =MAX(G9:G104) -> 17.9 | H107: =MAX(H9:H104) -> 8.3 | I107: =MAX(I9:I104) -> 4.85 | ... Q107: =MAX(Q9:Q104) -> 4.66
A108: Avg | B108: =AVERAGE(B9:B104) -> 9.2105208 | C108: =AVERAGE(C9:C104) -> 4.0697917 | D108: =AVERAGE(D9:D104) -> 13.962188 | E108: =AVERAGE(E9:E104) -> 8.6421875 | F108: =AVERAGE(F9:F104) -> 6.2196875 | G108: =AVERAGE(G9:G104) -> 12.108021 | H108: =AVERAGE(H9:H104) -> 4.8102083 | I108: =AVERAGE(I9:I104) -> 3.461875 | ... Q108: =AVERAGE(Q9:Q104) -> 4.6335417
A109: Stdev | B109: =STDEV(B9:B104) -> 0.024851974 | C109: =STDEV(C9:C104) -> 0.020569736 | D109: =STDEV(D9:D104) -> 0.022766694 | E109: =STDEV(E9:E104) -> 1.5528624 | F109: =STDEV(F9:F104) -> 2.4051591 | G109: =STDEV(G9:G104) -> 3.3897352 | H109: =STDEV(H9:H104) -> 1.4638536 | I109: =STDEV(I9:I104) -> 0.41431062 | ... Q109: =STDEV(Q9:Q104) -> 0.012309959
A110: Num | B110: =COUNT(B9:B104) -> 96 | C110: =COUNT(C9:C104) -> 96 | D110: =COUNT(D9:D104) -> 96 | E110: =COUNT(E9:E104) -> 96 | F110: =COUNT(F9:F104) -> 96 | G110: =COUNT(G9:G104) -> 96 | H110: =COUNT(H9:H104) -> 96 | I110: =COUNT(I9:I104) -> 96 | ... Q110: =COUNT(Q9:Q104) -> 96
A111: DCR | B111: =IF(B110>=87,">90%",IF(B110<=87,"<90%")) -> >90% | C111: =IF(C110>=87,">90%",IF(C110<=87,"<90%")) -> >90% | D111: =IF(D110>=87,">90%",IF(D110<=87,"<90%")) -> >90% | E111: =IF(E110>=87,">90%",IF(E110<=87,"<90%")) -> >90% | F111: =IF(F110>=87,">90%",IF(F110<=87,"<90%")) -> >90% | G111: =IF(G110>=87,">90%",IF(G110<=87,"<90%")) -> >90% | H111: =IF(H110>=87,">90%",IF(H110<=87,"<90%")) -> >90% | I111: =IF(I110>=87,">90%",IF(I110<=87,"<90%")) -> >90% | ... Q111: =IF(Q110>=87,">90%",IF(Q110<=87,"<90%")) -> >90%
A112: Status | B112: =IF(B110>=87,"OK",IF(B110<=87,"LESS")) -> OK | C112: =IF(C110>=87,"OK",IF(C110<=87,"LESS")) -> OK | D112: =IF(D110>=87,"OK",IF(D110<=87,"LESS")) -> OK | E112: =IF(E110>=87,"OK",IF(E110<=87,"LESS")) -> OK | F112: =IF(F110>=87,"OK",IF(F110<=87,"LESS")) -> OK | G112: =IF(G110>=87,"OK",IF(G110<=87,"LESS")) -> OK | H112: =IF(H110>=87,"OK",IF(H110<=87,"LESS")) -> OK | I112: =IF(I110>=87,"OK",IF(I110<=87,"LESS")) -> OK | ... Q112: =IF(Q110>=87,"OK",IF(Q110<=87,"LESS")) -> OK
A115: Done by | B115: AKASH
A117: Comment

Sheet 02
A1: Station: | B1: IGKV RAIPUR
A2: Date: | B2: =$A$9 -> 45475.01 | C2: Power Off | G2: Pw.Off | J2: Link Fail | L2: Link F | N2: Maintenance | P2: Maint.
A3: Report Type: | B3: Mean | C3: Calibration | G3: Calib. | J3: Data Fail | L3: Data F | N3: Invalid | P3: Invalid
A4: Time Base: | B4: 15 Min | C4: Zero Referrence | G4: Z.Ref | J4: Warm Up | L4: Wm. Up
A7: Date & Time | B7: NO | C7: NO2 | D7: NOX | E7: SO2 | F7: O3 | G7: PM 10 | H7: PM 2.5 | I7: BENZ | J7: WS | K7: WD | L7: TEMP | M7: HUM | N7: SR | O7: RG | P7: CO | Q7: NH3
B8: ug/m3 | C8: ug/m3 | D8: ppb | E8: ug/m3 | F8: ug/m3 | G8: ug/m3 | H8: ug/m3 | I8: ug/m3 | J8: m/sec | K8: deg | L8: degreC | M8: % | N8: w/m2 | O8: mm | P8: mg/m3 | Q8: ug/m3
A9: 45475.01 | B9: 9.3 | C9: 4.1 | D9: 14.05 | E9: 10.15 | F9: 9.07 | G9: 17.19 | H9: 6.36 | I9: 2.93 | J9: 0.49 | K9: 256.39 | L9: 26.81 | M9: 92.5 | N9: 2.1 | O9: 0 | P9: 0.29 | Q9: 4.64
A10: 45475.021 | B10: 9.29 | C10: 4.07 | D10: 14.03 | E10: 9.75 | F10: 10.92 | G10: 16.2 | H10: 5.4 | I10: 2.69 | J10: 0.57 | K10: 251.91 | L10: 26.85 | M10: 91.26 | N10: 2.1 | O10: 0 | P10: 0.28 | Q10: 4.65
A11: 45475.031 | B11: 9.31 | C11: 4.08 | D11: 14.05 | E11: 9.56 | F11: 9.85 | G11: 14.72 | H11: 4.56 | I11: 2.73 | J11: 0.57 | K11: 262.89 | L11: 26.92 | M11: 91.27 | N11: 2.1 | O11: 0 | P11: 0.27 | Q11: 4.66
A12: 45475.042 | B12: 9.31 | C12: 4.13 | D12: 14.07 | E12: 9.55 | F12: 10.68 | G12: 14.72 | H12: 4.56 | I12: 2.68 | J12: 0.54 | K12: 251.51 | L12: 26.99 | M12: 89.94 | N12: 2.1 | O12: 0 | P12: 0.28 | Q12: 4.66
A13: 45475.052 | B13: 9.3 | C13: 4.1 | D13: 14.05 | E13: 9.56 | F13: 10.78 | G13: 14.72 | H13: 4.56 | I13: 2.72 | J13: 0.73 | K13: 257.58 | L13: 27.06 | M13: 89.13 | N13: 2.1 | O13: 0 | P13: 0.27 | Q13: 4.64
A14: 45475.062 | B14: 9.3 | C14: 4.07 | D14: 14.03 | E14: 9.86 | F14: 8.98 | G14: 14.86 | H14: 4.17 | I14: 2.68 | J14: 0.95 | K14: 260.29 | L14: 27.05 | M14: 88.51 | N14: 2.2 | O14: 0 | P14: 0.28 | Q14: 4.63
A15: 45475.073 | B15: 9.3 | C15: 4.07 | D15: 14.04 | E15: 10.04 | F15: 7.21 | G15: 15.06 | H15: 3.84 | I15: 2.75 | J15: 1.07 | K15: 258.91 | L15: 27.04 | M15: 88.25 | N15: 2.3 | O15: 0 | P15: 0.27 | Q15: 4.64
A16: 45475.083 | B16: 9.32 | C16: 4.03 | D16: 14.03 | E16: 9.55 | F16: 6.97 | G16: 15.06 | H16: 3.84 | I16: 2.85 | J16: 0.92 | K16: 259.28 | L16: 26.77 | M16: 89.41 | N16: 2.6 | O16: 0 | P16: 0.27 | Q16: 4.65
A17: 45475.094 | B17: 9.3 | C17: 4.07 | D17: 14.04 | E17: 6.61 | F17: 5.72 | G17: 15.06 | H17: 3.84 | I17: 2.9 | J17: 0.96 | K17: 259.95 | L17: 26.56 | M17: 86.55 | N17: 2.6 | O17: 0 | P17: 0.28 | Q17: 4.64
A18: 45475.104 | B18: 9.3 | C18: 4.09 | D18: 14.04 | E18: 7.29 | F18: 5.9 | G18: 14.51 | H18: 3.4 | I18: 2.84 | J18: 1.12 | K18: 256.17 | L18: 26.33 | M18: 82.81 | N18: 2.5 | O18: 0 | P18: 0.28 | Q18: 4.66
A19: 45475.115 | B19: 9.29 | C19: 4.09 | D19: 14.04 | E19: 7.65 | F19: 5.68 | G19: 13.68 | H19: 3.01 | I19: 2.87 | J19: 1.06 | K19: 262.99 | L19: 26.07 | M19: 80.64 | N19: 2.7 | O19: 0 | P19: 0.28 | Q19: 4.65
A20: 45475.125 | B20: 9.3 | C20: 4.06 | D20: 14.03 | E20: 7.31 | F20: 5.47 | G20: 13.68 | H20: 3.01 | I20: 2.89 | J20: 1.38 | K20: 260.75 | L20: 25.92 | M20: 80.59 | N20: 2.5 | O20: 0 | P20: 0.26 | Q20: 4.63
... A53: 45475.469 | B53: 9.41 | C53: 4.08 | D53: 14.13 | E53: 5.66 | F53: 16.56 | G53: 13.91 | H53: 5.28 | I53: 2.73 | J53: 1.31 | K53: 272.1 | L53: 30.09 | M53: 72.78 | N53: 328.7 | O53: 0 | P53: 0.27 | Q53: 4.6
A54: 45475.479 | B54: 9.4 | C54: 4.08 | D54: 14.12 | E54: 5.91 | F54: 16.12 | G54: Calib. | H54: Calib. | I54: 2.4 | J54: 1.35 | K54: 267.36 | L54: 29.98 | M54: 72.86 | N54: 294.9 | O54: 0 | P54: 0.26 | Q54: 4.62
A55: 45475.49 | B55: 9.42 | C55: 4.07 | D55: 14.13 | E55: 5.85 | F55: 16.64 | G55: Calib. | H55: Calib. | I55: 2.22 | J55: 1.26 | K55: 264.12 | L55: 30.17 | M55: 74.2 | N55: 392.4 | O55: 0 | P55: 0.25 | Q55: 4.65
A56: 45475.5 | B56: 9.43 | C56: 4.08 | D56: 14.14 | E56: 5.54 | F56: 15.09 | G56: Calib. | H56: Calib. | I56: 2.12 | J56: 1.23 | K56: 264.8 | L56: 31.08 | M56: 71.14 | N56: 772.6 | O56: 0 | P56: 0.26 | Q56: 4.65
A57: 45475.51 | B57: 9.43 | C57: 4.09 | D57: 14.15 | E57: 5.81 | F57: 17.14 | G57: Calib. | H57: Calib. | I57: 2.04 | J57: 1.29 | K57: 278.56 | L57: 31.22 | M57: 70.08 | N57: 413 | O57: 0 | P57: 0.25 | Q57: 4.63
A58: 45475.521 | B58: 9.43 | C58: 4.11 | D58: 14.16 | E58: 5.66 | F58: 17.36 | G58: Calib. | H58: Calib. | I58: 1.97 | J58: 1.06 | K58: 268.71 | L58: 30.81 | M58: 69.13 | N58: 260.2 | O58: 0 | P58: 0.27 | Q58: 4.64
A59: 45475.531 | B59: 9.44 | C59: 4.08 | D59: 14.15 | E59: 5.79 | F59: 15.42 | G59: Calib. | H59: Calib. | I59: 1.96 | J59: 1.19 | K59: 264.88 | L59: 30.48 | M59: 72.23 | N59: 311.3 | O59: 0 | P59: 0.34 | Q59: 4.64
A60: 45475.542 | B60: 9.43 | C60: 4.09 | D60: 14.15 | E60: 5.42 | F60: 17.39 | G60: Calib. | H60: Calib. | I60: 2.01 | J60: 0.97 | K60: 271.13 | L60: 30.71 | M60: 71.59 | N60: 291.4 | O60: 0 | P60: 0.32 | Q60: 4.64
A61: 45475.552 | B61: 9.4 | C61: 4.12 | D61: 14.14 | E61: 5.3 | F61: 16.75 | G61: Calib. | H61: Calib. | I61: 2.4 | J61: 0.89 | K61: 256.56 | L61: 30.36 | M61: 69.43 | N61: 148 | O61: 0 | P61: 0.31 | Q61: 4.65
A62: 45475.562 | B62: 9.36 | C62: 4.08 | D62: 14.09 | E62: 5.67 | F62: 16.46 | G62: Calib. | H62: Calib. | I62: 2.4 | J62: 0.75 | K62: 258.33 | L62: 30.46 | M62: 69.37 | N62: 237.2 | O62: 0 | P62: 0.31 | Q62: 4.62
A63: 45475.573 | B63: 9.34 | C63: 4.05 | D63: 14.05 | E63: 5.31 | F63: 17.1 | G63: 14.58 | H63: Calib. | I63: 2.4 | J63: 0.85 | K63: 265.36 | L63: 30.66 | M63: 68.41 | N63: 277.7 | O63: 0 | P63: 0.28 | Q63: 4.63
A64: 45475.583 | B64: 9.35 | C64: 4.06 | D64: 14.07 | E64: 5.64 | F64: 21.65 | G64: 25.73 | H64: Calib. | I64: 2.27 | J64: 1.24 | K64: 263.96 | L64: 30.78 | M64: 66.42 | N64: 298.3 | O64: 0 | P64: 0.22 | Q64: 4.65
A65: 45475.594 | B65: 9.46 | C65: 4.07 | D65: 14.16 | E65: 5.87 | F65: 20.68 | G65: 25.73 | H65: Calib. | I65: 2.17 | J65: 0.99 | K65: 282.69 | L65: 30.88 | M65: 66.4 | N65: 185.6 | O65: 0 | P65: 0.23 | Q65: 4.66
A66: 45475.604 | B66: 9.48 | C66: 4.08 | D66: 14.18 | E66: 6.52 | F66: 17.25 | G66: 25.73 | H66: Calib. | I66: 2 | J66: 1.26 | K66: 264.5 | L66: 30.37 | M66: 67.03 | N66: 165.6 | O66: 0 | P66: 0.22 | Q66: 4.66
A67: 45475.615 | B67: 9.47 | C67: 4.07 | D67: 14.17 | E67: 6.94 | F67: 15.36 | G67: 26.51 | H67: Calib. | I67: 2.24 | J67: 0.96 | K67: 264.98 | L67: 30.11 | M67: 69.69 | N67: 113.6 | O67: 0 | P67: 0.21 | Q67: 4.65
A68: 45475.625 | B68: 9.45 | C68: 4.08 | D68: 14.16 | E68: 6.61 | F68: 9.1 | G68: 27.11 | H68: Calib. | I68: 2.07 | J68: 0.61 | K68: 254.15 | L68: 30.15 | M68: 70.3 | N68: 118.9 | O68: 0 | P68: 0.22 | Q68: 4.64
A69: 45475.635 | B69: 9.43 | C69: 4.1 | D69: 14.15 | E69: 6.71 | F69: 7.28 | G69: 27.11 | H69: Calib. | I69: 2.12 | J69: 1.1 | K69: 269.57 | L69: 30.1 | M69: 71.05 | N69: 130.6 | O69: 0 | P69: 0.24 | Q69: 4.62
A70: 45475.646 | B70: 9.42 | C70: 4.08 | D70: 14.13 | E70: 7.24 | F70: 6.88 | G70: 27.11 | H70: Calib. | I70: 2.19 | J70: 0.59 | K70: 260.18 | L70: 30.06 | M70: 73.47 | N70: 80.5 | O70: 0 | P70: 0.23 | Q70: 4.65
A71: 45475.656 | B71: 9.41 | C71: 4.06 | D71: 14.12 | E71: 7.76 | F71: 5.06 | G71: 26.2 | H71: 0.21 | I71: 2.32 | J71: 0.79 | K71: 258.26 | L71: 30.03 | M71: 72.58 | N71: 123.1 | O71: 0 | P71: 0.24 | Q71: 4.63
A72: 45475.667 | B72: 9.4 | C72: 4.05 | D72: 14.1 | E72: 7.86 | F72: 7.02 | G72: 25.51 | H72: 0.28 | I72: 2.37 | J72: 0.51 | K72: 265.97 | L72: 30.32 | M72: 73.99 | N72: 131.3 | O72: 0 | P72: 0.23 | Q72: 4.66
A73: 45475.677 | B73: 9.39 | C73: 4.06 | D73: 14.1 | E73: 7.99 | F73: 5.58 | G73: 25.51 | H73: 0.28 | I73: 2.57 | J73: 0.48 | K73: 251.02 | L73: 30.16 | M73: 75.82 | N73: 126.6 | O73: 0 | P73: 0.25 | Q73: 4.66
A74: 45475.688 | B74: 9.39 | C74: 4.09 | D74: 14.11 | E74: 8.26 | F74: 5.85 | G74: 25.51 | H74: 0.28 | I74: 2.47 | J74: 0.59 | K74: 259.31 | L74: 30.22 | M74: 74.77 | N74: 86.5 | O74: 0 | P74: 0.23 | Q74: 4.64
A75: 45475.698 | B75: 9.39 | C75: 4.05 | D75: 14.1 | E75: 8.79 | F75: 5.31 | G75: 24.09 | H75: 3.11 | I75: 2.53 | J75: 0.72 | K75: 266.31 | L75: 29.72 | M75: 74.99 | N75: 51.2 | O75: 0 | P75: 0.24 | Q75: 4.63
A76: 45475.708 | B76: 9.39 | C76: 4.09 | D76: 14.11 | E76: 8.53 | F76: 6.27 | G76: 23.01 | H76: 4.04 | I76: 2.55 | J76: 0.56 | K76: 260.43 | L76: 29.51 | M76: 75.4 | N76: 36 | O76: 0 | P76: 0.24 | Q76: 4.64
A77: 45475.719 | B77: 9.38 | C77: 4.1 | D77: 14.12 | E77: 8.54 | F77: 5.78 | G77: 23.01 | H77: 4.04 | I77: 2.46 | J77: 0.74 | K77: 279.49 | L77: 28.95 | M77: 79 | N77: 36 | O77: 0 | P77: 0.24 | Q77: 4.64
A78: 45475.729 | B78: 9.39 | C78: 4.07 | D78: 14.11 | E78: 8.69 | F78: 3.66 | G78: 23.01 | H78: 4.04 | I78: 2.55 | J78: 0.57 | K78: 264.39 | L78: 27.45 | M78: 89.17 | N78: 20.4 | O78: 0.4 | P78: 0.26 | Q78: 4.65
A79: 45475.74 | B79: 9.39 | C79: 4.1 | D79: 14.12 | E79: 8.67 | F79: 4.63 | G79: 23.01 | H79: 4.03 | I79: 2.6 | J79: 0.46 | K79: 257.7 | L79: 26.83 | M79: 91.8 | N79: 14.1 | O79: 0.2 | P79: 0.27 | Q79: 4.66
A80: 45475.75 | B80: 9.38 | C80: 4.1 | D80: 14.12 | E80: 9.2 | F80: 3.29 | G80: 23.01 | H80: 4.02 | I80: 2.69 | J80: 0.37 | K80: 305.42 | L80: 26.82 | M80: 91.92 | N80: 14.8 | O80: 0.2 | P80: 0.29 | Q80: 4.64
A81: 45475.76 | B81: 9.37 | C81: 4.08 | D81: 14.1 | E81: 7.12 | F81: 2.48 | G81: 23.01 | H81: 4.02 | I81: 2.84 | J81: 0.31 | K81: 258.63 | L81: 26.62 | M81: 94.73 | N81: 14.7 | O81: 0 | P81: 0.31 | Q81: 4.64
A82: 45475.771 | B82: 9.38 | C82: 4.1 | D82: 14.12 | E82: 7.96 | F82: 3.98 | G82: 23.01 | H82: 4.02 | I82: 2.99 | J82: 0.4 | K82: 266.86 | L82: 26.57 | M82: 95.54 | N82: 7.7 | O82: 0 | P82: 0.34 | Q82: 4.65
... A104: 45476 | B104: 9.38 | C104: 4.06 | D104: 14.1 | E104: 7.7 | F104: 4.87 | G104: 14.69 | H104: 4.78 | I104: 4.4 | J104: 0.93 | K104: 263.99 | L104: 26.53 | M104: 93.88 | N104: 2.1 | O104: 0 | P104: 0.37 | Q104: 4.65
A106: Min | B106: =MIN(B9:B104) -> 9.25 | C106: =MIN(C9:C104) -> 4.02 | D106: =MIN(D9:D104) -> 13.99 | E106: =MIN(E9:E104) -> 5.3 | F106: =MIN(F9:F104) -> 2.48 | G106: =MIN(G9:G104) -> 6.11 | H106: =MIN(H9:H104) -> 0.21 | I106: =MIN(I9:I104) -> 1.96 | ... Q106: =MIN(Q9:Q104) -> 4.6
A107: Max | B107: =MAX(B9:B104) -> 9.48 | C107: =MAX(C9:C104) -> 4.13 | D107: =MAX(D9:D104) -> 14.18 | E107: =MAX(E9:E104) -> 10.15 | F107: =MAX(F9:F104) -> 21.65 | G107: =MAX(G9:G104) -> 27.11 | H107: =MAX(H9:H104) -> 7.8 | I107: =MAX(I9:I104) -> 5.53 | ... Q107: =MAX(Q9:Q104) -> 4.67
A108: Avg | B108: =AVERAGE(B9:B104) -> 9.3445833 | C108: =AVERAGE(C9:C104) -> 4.0775 | D108: =AVERAGE(D9:D104) -> 14.074271 | E108: =AVERAGE(E9:E104) -> 7.6019792 | F108: =AVERAGE(F9:F104) -> 7.6985417 | G108: =AVERAGE(G9:G104) -> 16.298161 | H108: =AVERAGE(H9:H104) -> 4.4811392 | I108: =AVERAGE(I9:I104) -> 3.0105208 | ... Q108: =AVERAGE(Q9:Q104) -> 4.6385417
A109: Stdev | B109: =STDEV(B9:B104) -> 0.060121223 | C109: =STDEV(C9:C104) -> 0.018694215 | D109: =STDEV(D9:D104) -> 0.049476093 | E109: =STDEV(E9:E104) -> 1.374705 | F109: =STDEV(F9:F104) -> 4.6435621 | G109: =STDEV(G9:G104) -> 6.4277311 | H109: =STDEV(H9:H104) -> 1.4637491 | I109: =STDEV(I9:I104) -> 0.8596895 | ... Q109: =STDEV(Q9:Q104) -> 0.014435276
A110: Num | B110: =COUNT(B9:B104) -> 96 | C110: =COUNT(C9:C104) -> 96 | D110: =COUNT(D9:D104) -> 96 | E110: =COUNT(E9:E104) -> 96 | F110: =COUNT(F9:F104) -> 96 | G110: 96 | H110: 96 | I110: =COUNT(I9:I104) -> 96 | J110: =COUNT(J9:J104) -> 96 | K110: =COUNT(K9:K104) -> 96 | L110: =COUNT(L9:L104) -> 96 | M110: =COUNT(M9:M104) -> 96 | N110: =COUNT(N9:N104) -> 96 | O110: =COUNT(O9:O104) -> 96 | P110: =COUNT(P9:P104) -> 96 | Q110: =COUNT(Q9:Q104) -> 96
A111: DCR | B111: =IF(B110>=87,">90%",IF(B110<=87,"<90%")) -> >90% | C111: =IF(C110>=87,">90%",IF(C110<=87,"<90%")) -> >90% | D111: =IF(D110>=87,">90%",IF(D110<=87,"<90%")) -> >90% | E111: =IF(E110>=87,">90%",IF(E110<=87,"<90%")) -> >90% | F111: =IF(F110>=87,">90%",IF(F110<=87,"<90%")) -> >90% | G111: =IF(G110>=87,">90%",IF(G110<=87,"<90%")) -> >90% | H111: =IF(H110>=87,">90%",IF(H110<=87,"<90%")) -> >90% | I111: =IF(I110>=87,">90%",IF(I110<=87,"<90%")) -> >90% | ... Q111: =IF(Q110>=87,">90%",IF(Q110<=87,"<90%")) -> >90%
A112: Status | B112: =IF(B110>=87,"OK",IF(B110<=87,"LESS")) -> OK | C112: =IF(C110>=87,"OK",IF(C110<=87,"LESS")) -> OK | D112: =IF(D110>=87,"OK",IF(D110<=87,"LESS")) -> OK | E112: =IF(E110>=87,"OK",IF(E110<=87,"LESS")) -> OK | F112: =IF(F110>=87,"OK",IF(F110<=87,"LESS")) -> OK | G112: =IF(G110>=87,"OK",IF(G110<=87,"LESS")) -> OK | H112: =IF(H110>=87,"OK",IF(H110<=87,"LESS")) -> OK | I112: =IF(I110>=87,"OK",IF(I110<=87,"LESS")) -> OK | ... Q112: =IF(Q110>=87,"OK",IF(Q110<=87,"LESS")) -> OK
A115: Done by | B115: AKASH
A117: Comment

Sheet 03
A1: Station: | B1: IGKV RAIPUR
A2: Date: | B2: =$A$9 -> 45476.01 | C2: Power Off | G2: Pw.Off | J2: Link Fail | L2: Link F | N2: Maintenance | P2: Maint.
A3: Report Type: | B3: Mean | C3: Calibration | G3: Calib. | J3: Data Fail | L3: Data F | N3: Invalid | P3: Invalid
A4: Time Base: | B4: 15 Min | C4: Zero Referrence | G4: Z.Ref | J4: Warm Up | L4: Wm. Up
A7: Date & Time | B7: NO | C7: NO2 | D7: NOX | E7: SO2 | F7: O3 | G7: PM 10 | H7: PM 2.5 | I7: BENZ | J7: WS | K7: WD | L7: TEMP | M7: HUM | N7: SR | O7: RG | P7: CO | Q7: NH3
B8: ug/m3 | C8: ug/m3 | D8: ppb | E8: ug/m3 | F8: ug/m3 | G8: ug/m3 | H8: ug/m3 | I8: ug/m3 | J8: m/sec | K8: deg | L8: degreC | M8: % | N8: w/m2 | O8: mm | P8: mg/m3 | Q8: ug/m3
A9: 45476.01 | B9: 9.2 | C9: 4.03 | D9: 13.93 | E9: 8 | F9: 4.19 | G9: 14.69 | H9: 4.78 | I9: 4.3 | J9: 1.21 | K9: 265.86 | L9: 26.33 | M9: 89.83 | N9: 2.5 | O9: 0 | P9: 0.37 | Q9: 4.66
A10: 45476.021 | B10: 9.21 | C10: 4.06 | D10: 13.96 | E10: 8.35 | F10: 4.11 | G10: 14.69 | H10: 4.78 | I10: 4.28 | J10: 0.97 | K10: 263.78 | L10: 26.16 | M10: 89.11 | N10: 2.5 | O10: 0 | P10: 0.36 | Q10: 4.65
A11: 45476.031 | B11: 9.21 | C11: 4.09 | D11: 13.97 | E11: 8.27 | F11: 3.99 | G11: 13.88 | H11: 4.2 | I11: 4.18 | J11: 0.69 | K11: 261.76 | L11: 25.95 | M11: 91.44 | N11: 2.4 | O11: 0 | P11: 0.36 | Q11: 4.65
A12: 45476.042 | B12: 9.22 | C12: 4.09 | D12: 13.98 | E12: 8.11 | F12: 3.89 | G12: 13.27 | H12: 3.82 | I12: 4.08 | J12: 1.04 | K12: 268.46 | L12: 25.79 | M12: 91.68 | N12: 2.4 | O12: 0 | P12: 0.34 | Q12: 4.67
A13: 45476.052 | B13: 9.24 | C13: 4.06 | D13: 13.98 | E13: 8.32 | F13: 4.26 | G13: 13.27 | H13: 3.82 | I13: 3.99 | J13: 0.87 | K13: 262 | L13: 25.68 | M13: 93.91 | N13: 2.3 | O13: 0 | P13: 0.34 | Q13: 4.66
A14: 45476.062 | B14: 9.22 | C14: 4.07 | D14: 13.97 | E14: 8.2 | F14: 4.13 | G14: 13.27 | H14: 3.82 | I14: 3.93 | J14: 0.79 | K14: 264.38 | L14: 25.65 | M14: 92.79 | N14: 2.2 | O14: 0 | P14: 0.33 | Q14: 4.67
A15: 45476.073 | B15: 9.23 | C15: 4.05 | D15: 13.96 | E15: 8.54 | F15: 3.86 | G15: 11.2 | H15: 3.13 | I15: 3.85 | J15: 0.97 | K15: 263.87 | L15: 25.59 | M15: 93.91 | N15: 2.3 | O15: 0 | P15: 0.32 | Q15: 4.64
A16: 45476.083 | B16: 9.22 | C16: 4.07 | D16: 13.97 | E16: 8.08 | F16: 3.74 | G16: 9.55 | H16: 2.9 | I16: 3.78 | J16: 0.82 | K16: 262.44 | L16: 25.6 | M16: 92.92 | N16: 2.2 | O16: 0 | P16: 0.33 | Q16: 4.65
A17: 45476.094 | B17: 9.23 | C17: 4.12 | D17: 14 | E17: 7.3 | F17: 4.15 | G17: 9.55 | H17: 2.9 | I17: 3.75 | J17: 0.85 | K17: 271.39 | L17: 25.58 | M17: 92.52 | N17: 2.2 | O17: 0 | P17: 0.31 | Q17: 4.66
A18: 45476.104 | B18: 9.25 | C18: 4.09 | D18: 14 | E18: 8.84 | F18: 3.65 | G18: 9.55 | H18: 2.9 | I18: 3.65 | J18: 0.81 | K18: 262.49 | L18: 25.61 | M18: 91.76 | N18: 2.1 | O18: 0 | P18: 0.31 | Q18: 4.63
A19: 45476.115 | B19: 9.22 | C19: 4.09 | D19: 13.98 | E19: 9.24 | F19: 3.7 | G19: 9.28 | H19: 2.48 | I19: 3.58 | J19: 0.97 | K19: 271.2 | L19: 25.6 | M19: 91.65 | N19: 2.2 | O19: 0 | P19: 0.3 | Q19: 4.63
A20: 45476.125 | B20: 9.22 | C20: 4.06 | D20: 13.96 | E20: 8.98 | F20: 3.35 | G20: 9.06 | H20: 2.33 | I20: 3.47 | J20: 0.99 | K20: 271 | L20: 25.58 | M20: 92.68 | N20: 2.2 | O20: 0 | P20: 0.3 | Q20: 4.66
... A104: 45477 | B104: 9.04 | C104: 4.13 | D104: 13.86 | E104: 11.9 | F104: 7.34 | G104: 16.98 | H104: 5.5 | I104: 3.37 | J104: 0.19 | K104: 243.02 | L104: 26.93 | M104: 85.69 | N104: 2.1 | O104: 0 | P104: 0.3 | Q104: 4.62
A106: Min | B106: =MIN(B9:B104) -> 9.04 | C106: =MIN(C9:C104) -> 4.02 | D106: =MIN(D9:D104) -> 13.84 | E106: =MIN(E9:E104) -> 6.05 | F106: =MIN(F9:F104) -> 3.19 | G106: =MIN(G9:G104) -> 6.71 | H106: =MIN(H9:H104) -> 1.9 | I106: =MIN(I9:I104) -> 2.91 | ... Q106: =MIN(Q9:Q104) -> 4.62
A107: Max | B107: =MAX(B9:B104) -> 9.25 | C107: =MAX(C9:C104) -> 4.13 | D107: =MAX(D9:D104) -> 14 | E107: =MAX(E9:E104) -> 13.65 | F107: =MAX(F9:F104) -> 16.04 | G107: =MAX(G9:G104) -> 33.88 | H107: =MAX(H9:H104) -> 13.01 | I107: =MAX(I9:I104) -> 5.2 | ... Q107: =MAX(Q9:Q104) -> 4.67
A108: Avg | B108: =AVERAGE(B9:B104) -> 9.1577083 | C108: =AVERAGE(C9:C104) -> 4.0645833 | D108: =AVERAGE(D9:D104) -> 13.916458 | E108: =AVERAGE(E9:E104) -> 9.0827083 | F108: =AVERAGE(F9:F104) -> 6.0028125 | G108: =AVERAGE(G9:G104) -> 17.731562 | H108: =AVERAGE(H9:H104) -> 6.6530208 | I108: =AVERAGE(I9:I104) -> 3.7551042 | ... Q108: =AVERAGE(Q9:Q104) -> 4.6410417
A109: Stdev | B109: =STDEV(B9:B104) -> 0.05493497 | C109: =STDEV(C9:C104) -> 0.021904898 | D109: =STDEV(D9:D104) -> 0.045421515 | E109: =STDEV(E9:E104) -> 1.9939791 | F109: =STDEV(F9:F104) -> 2.4041853 | G109: =STDEV(G9:G104) -> 8.0575426 | H109: =STDEV(H9:H104) -> 3.6660121 | I109: =STDEV(I9:I104) -> 0.67685961 | ... Q109: =STDEV(Q9:Q104) -> 0.013177266
A110: Num | B110: =COUNT(B9:B104) -> 96 | C110: =COUNT(C9:C104) -> 96 | D110: =COUNT(D9:D104) -> 96 | E110: =COUNT(E9:E104) -> 96 | F110: =COUNT(F9:F104) -> 96 | G110: =COUNT(G9:G104) -> 96 | H110: =COUNT(H9:H104) -> 96 | I110: =COUNT(I9:I104) -> 96 | ... Q110: =COUNT(Q9:Q104) -> 96
A111: DCR | B111: =IF(B110>=87,">90%",IF(B110<=87,"<90%")) -> >90% | C111: =IF(C110>=87,">90%",IF(C110<=87,"<90%")) -> >90% | D111: =IF(D110>=87,">90%",IF(D110<=87,"<90%")) -> >90% | E111: =IF(E110>=87,">90%",IF(E110<=87,"<90%")) -> >90% | F111: =IF(F110>=87,">90%",IF(F110<=87,"<90%")) -> >90% | G111: =IF(G110>=87,">90%",IF(G110<=87,"<90%")) -> >90% | H111: =IF(H110>=87,">90%",IF(H110<=87,"<90%")) -> >90% | I111: =IF(I110>=87,">90%",IF(I110<=87,"<90%")) -> >90% | ... Q111: =IF(Q110>=87,">90%",IF(Q110<=87,"<90%")) -> >90%
A112: Status | B112: =IF(B110>=87,"OK",IF(B110<=87,"LESS")) -> OK | C112: =IF(C110>=87,"OK",IF(C110<=87,"LESS")) -> OK | D112: =IF(D110>=87,"OK",IF(D110<=87,"LESS")) -> OK | E112: =IF(E110>=87,"OK",IF(E110<=87,"LESS")) -> OK | F112: =IF(F110>=87,"OK",IF(F110<=87,"LESS")) -> OK | G112: =IF(G110>=87,"OK",IF(G110<=87,"LESS")) -> OK | H112: =IF(H110>=87,"OK",IF(H110<=87,"LESS")) -> OK | I112: =IF(I110>=87,"OK",IF(I110<=87,"LESS")) -> OK | ... Q112: =IF(Q110>=87,"OK",IF(Q110<=87,"LESS")) -> OK
A115: Done by | B115: AKASH
A117: Comment

Sheet 04
A1: Station: | B1: IGKV RAIPUR
A2: Date: | B2: =$A$9 -> 45477.01 | C2: Power Off | G2: Pw.Off | J2: Link Fail | L2: Link F | N2: Maintenance | P2: Maint.
A3: Report Type: | B3: Mean | C3: Calibration | G3: Calib. | J3: Data Fail | L3: Data F | N3: Invalid | P3: Invalid
A4: Time Base: | B4: 15 Min | C4: Zero Referrence | G4: Z.Ref | J4: Warm Up | L4: Wm. Up
A7: Date & Time | B7: NO | C7: NO2 | D7: NOX | E7: SO2 | F7: O3 | G7: PM 10 | H7: PM 2.5 | I7: BENZ | J7: WS | K7: WD | L7: TEMP | M7: HUM | N7: SR | O7: RG | P7: CO | Q7: NH3
B8: ug/m3 | C8: ug/m3 | D8: ppb | E8: ug/m3 | F8: ug/m3 | G8: ug/m3 | H8: ug/m3 | I8: ug/m3 | J8: m/sec | K8: deg | L8: degreC | M8: % | N8: w/m2 | O8: mm | P8: mg/m3 | Q8: ug/m3
A9: 45477.01 | B9: 9.26 | C9: 4.08 | D9: 14.01 | E9: 11.82 | F9: 6.8 | G9: 16.98 | H9: 5.5 | I9: 3.33 | J9: 0.19 | K9: 229.55 | L9: 26.84 | M9: 84.95 | N9: 2.1 | O9: 0 | P9: 0.3 | Q9: 4.63
A10: 45477.021 | B10: 9.27 | C10: 4.05 | D10: 14 | E10: 11.58 | F10: 6.87 | G10: 16.98 | H10: 5.5 | I10: 3.41 | J10: 0.15 | K10: 218.8 | L10: 26.77 | M10: 84.71 | N10: 2.1 | O10: 0 | P10: 0.3 | Q10: 4.63
A11: 45477.031 | B11: 9.26 | C11: 4.1 | D11: 14.02 | E11: 10.75 | F11: 9.63 | G11: 15.19 | H11: 5.99 | I11: 3.41 | J11: 0.15 | K11: 244.39 | L11: 26.7 | M11: 85.62 | N11: 2.1 | O11: 0 | P11: 0.29 | Q11: 4.63
A12: 45477.042 | B12: 9.28 | C12: 4.09 | D12: 14.02 | E12: 11 | F12: 8.57 | G12: 13.81 | H12: 6.29 | I12: 3.41 | J12: 0.09 | K12: 219.98 | L12: 26.68 | M12: 86.22 | N12: 2.1 | O12: 0 | P12: 0.28 | Q12: 4.63
A13: 45477.052 | B13: 9.28 | C13: 4.07 | D13: 14.02 | E13: 10.64 | F13: 8.23 | G13: 13.81 | H13: 6.29 | I13: 3.17 | J13: 0.09 | K13: 252.03 | L13: 26.66 | M13: 86.29 | N13: 2.1 | O13: 0 | P13: 0.28 | Q13: 4.63
A14: 45477.062 | B14: 9.29 | C14: 4.06 | D14: 14.02 | E14: 11.3 | F14: 6.71 | G14: 13.81 | H14: 6.29 | I14: 3.11 | J14: 0.81 | K14: 306.26 | L14: 26.78 | M14: 84.66 | N14: 1.9 | O14: 0 | P14: 0.29 | Q14: 4.63
A15: 45477.073 | B15: 9.29 | C15: 4.06 | D15: 14.03 | E15: 11.4 | F15: 6.81 | G15: 14.6 | H15: 5.02 | I15: 3.04 | J15: 0.67 | K15: 282.24 | L15: 26.91 | M15: 83.02 | N15: 2.1 | O15: 0 | P15: 0.28 | Q15: 4.65
A16: 45477.083 | B16: 9.29 | C16: 4.08 | D16: 14.03 | E16: 11.11 | F16: 6.35 | G16: 15.2 | H16: 4.57 | I16: 3.22 | J16: 0.49 | K16: 265.59 | L16: 26.81 | M16: 84.3 | N16: 2.2 | O16: 0 | P16: 0.28 | Q16: 4.64
A17: 45477.094 | B17: 9.29 | C17: 4.08 | D17: 14.03 | E17: 8.64 | F17: 6.39 | G17: 15.2 | H17: 4.57 | I17: 3.16 | J17: 0.71 | K17: 296.62 | L17: 26.75 | M17: 85.19 | N17: 2.3 | O17: 0 | P17: 0.28 | Q17: 4.65
A18: 45477.104 | B18: 9.29 | C18: 4.07 | D18: 14.03 | E18: 9.89 | F18: 6.25 | G18: 15.2 | H18: 4.57 | I18: 3.14 | J18: 0.49 | K18: 322.34 | L18: 26.63 | M18: 87.44 | N18: 1.6 | O18: 0 | P18: 0.29 | Q18: 4.64
A19: 45477.115 | B19: 9.29 | C19: 4.09 | D19: 14.04 | E19: 10.2 | F19: 7.18 | G19: 15.15 | H19: 5.04 | I19: 3.17 | J19: 0.74 | K19: 321.77 | L19: 26.53 | M19: 87.51 | N19: 2.4 | O19: 0 | P19: 0.29 | Q19: 4.63
A20: 45477.125 | B20: 9.3 | C20: 4.1 | D20: 14.05 | E20: 10.39 | F20: 6.56 | G20: 15.11 | H20: 5.2 | I20: 3.08 | J20: 1.47 | K20: 320.54 | L20: 26.03 | M20: 90.85 | N20: 3.1 | O20: 0 | P20: 0.28 | Q20: 4.63
... A104: 45478 | B104: 9.43 | C104: 4.09 | D104: 14.15 | E104: 9.16 | F104: 6.16 | G104: 13.92 | H104: 7.49 | I104: 2.97 | J104: 0.2 | K104: 240.23 | L104: 26.63 | M104: 89.6 | N104: 2.1 | O104: 0 | P104: 0.3 | Q104: 4.63
A106: Min | B106: =MIN(B9:B104) -> 9.26 | C106: =MIN(C9:C104) -> 4.04 | D106: =MIN(D9:D104) -> 13.99 | E106: =MIN(E9:E104) -> 7 | F106: =MIN(F9:F104) -> 3.47 | G106: =MIN(G9:G104) -> 5.57 | H106: =MIN(H9:H104) -> 2.08 | I106: =MIN(I9:I104) -> 2.64 | ... Q106: =MIN(Q9:Q104) -> 4.6
A107: Max | B107: =MAX(B9:B104) -> 9.43 | C107: =MAX(C9:C104) -> 4.12 | D107: =MAX(D9:D104) -> 14.16 | E107: =MAX(E9:E104) -> 12.44 | F107: =MAX(F9:F104) -> 15 | G107: =MAX(G9:G104) -> 19.39 | H107: =MAX(H9:H104) -> 9.08 | I107: =MAX(I9:I104) -> 3.42 | ... Q107: =MAX(Q9:Q104) -> 4.66
A108: Avg | B108: =AVERAGE(B9:B104) -> 9.3610417 | C108: =AVERAGE(C9:C104) -> 4.0742708 | D108: =AVERAGE(D9:D104) -> 14.085937 | E108: =AVERAGE(E9:E104) -> 9.6691667 | F108: =AVERAGE(F9:F104) -> 6.3870833 | G108: =AVERAGE(G9:G104) -> 13.000104 | H108: =AVERAGE(H9:H104) -> 5.0514583 | I108: =AVERAGE(I9:I104) -> 3.1295833 | ... Q108: =AVERAGE(Q9:Q104) -> 4.6364583
A109: Stdev | B109: =STDEV(B9:B104) -> 0.045939988 | C109: =STDEV(C9:C104) -> 0.017516596 | D109: =STDEV(D9:D104) -> 0.039458923 | E109: =STDEV(E9:E104) -> 1.5048061 | F109: =STDEV(F9:F104) -> 2.3660257 | G109: =STDEV(G9:G104) -> 3.5229364 | H109: =STDEV(H9:H104) -> 1.9231838 | I109: =STDEV(I9:I104) -> 0.17483777 | ... Q109: =STDEV(Q9:Q104) -> 0.011605731
A110: Num | B110: =COUNT(B9:B104) -> 96 | C110: =COUNT(C9:C104) -> 96 | D110: =COUNT(D9:D104) -> 96 | E110: =COUNT(E9:E104) -> 96 | F110: =COUNT(F9:F104) -> 96 | G110: =COUNT(G9:G104) -> 96 | H110: =COUNT(H9:H104) -> 96 | I110: =COUNT(I9:I104) -> 96 | ... Q110: =COUNT(Q9:Q104) -> 96
A111: DCR | B111: =IF(B110>=87,">90%",IF(B110<=87,"<90%")) -> >90% | C111: =IF(C110>=87,">90%",IF(C110<=87,"<90%")) -> >90% | D111: =IF(D110>=87,">90%",IF(D110<=87,"<90%")) -> >90% | E111: =IF(E110>=87,">90%",IF(E110<=87,"<90%")) -> >90% | F111: =IF(F110>=87,">90%",IF(F110<=87,"<90%")) -> >90% | G111: =IF(G110>=87,">90%",IF(G110<=87,"<90%")) -> >90% | H111: =IF(H110>=87,">90%",IF(H110<=87,"<90%")) -> >90% | I111: =IF(I110>=87,">90%",IF(I110<=87,"<90%")) -> >90% | ... Q111: =IF(Q110>=87,">90%",IF(Q110<=87,"<90%")) -> >90%
A112: Status | B112: =IF(B110>=87,"OK",IF(B110<=87,"LESS")) -> OK | C112: =IF(C110>=87,"OK",IF(C110<=87,"LESS")) -> OK | D112: =IF(D110>=87,"OK",IF(D110<=87,"LESS")) -> OK | E112: =IF(E110>=87,"OK",IF(E110<=87,"LESS")) -> OK | F112: =IF(F110>=87,"OK",IF(F110<=87,"LESS")) -> OK | G112: =IF(G110>=87,"OK",IF(G110<=87,"LESS")) -> OK | H112: =IF(H110>=87,"OK",IF(H110<=87,"LESS")) -> OK | I112: =IF(I110>=87,"OK",IF(I110<=87,"LESS")) -> OK | ... Q112: =IF(Q110>=87,"OK",IF(Q110<=87,"LESS")) -> OK
A115: Done by | B115: AKASH
A117: Comment

Sheet 05
A1: Station: | B1: IGKV RAIPUR
A2: Date: | B2: =$A$9 -> 45478.01 | C2: Power Off | G2: Pw.Off | J2: Link Fail | L2: Link F | N2: Maintenance | P2: Maint.
A3: Report Type: | B3: Mean | C3: Calibration | G3: Calib. | J3: Data Fail | L3: Data F | N3: Invalid | P3: Invalid
A4: Time Base: | B4: 15 Min | C4: Zero Referrence | G4: Z.Ref | J4: Warm Up | L4: Wm. Up
A7: Date & Time | B7: NO | C7: NO2 | D7: NOX | E7: SO2 | F7: O3 | G7: PM 10 | H7: PM 2.5 | I7: BENZ | J7: WS | K7: WD | L7: TEMP | M7: HUM | N7: SR | O7: RG | P7: CO | Q7: NH3
B8: ug/m3 | C8: ug/m3 | D8: ppb | E8: ug/m3 | F8: ug/m3 | G8: ug/m3 | H8: ug/m3 | I8: ug/m3 | J8: m/sec | K8: deg | L8: degreC | M8: % | N8: w/m2 | O8: mm | P8: mg/m3 | Q8: ug/m3
A9: 45478.01 | B9: 9.18 | C9: 4.1 | D9: 13.96 | E9: 9 | F9: 5.42 | G9: 13.92 | H9: 7.49 | I9: 2.87 | J9: 0.23 | K9: 248.91 | L9: 26.45 | M9: 90.16 | N9: 2.1 | O9: 0 | P9: 0.3 | Q9: 4.63
A10: 45478.021 | B10: 9.2 | C10: 4.07 | D10: 13.95 | E10: 9.3 | F10: 4.8 | G10: 13.92 | H10: 7.49 | I10: 2.92 | J10: 0.24 | K10: 240.57 | L10: 26.51 | M10: 89.33 | N10: 2.1 | O10: 0 | P10: 0.3 | Q10: 4.64
A11: 45478.031 | B11: 9.19 | C11: 4.08 | D11: 13.95 | E11: 9.41 | F11: 6.04 | G11: 13.16 | H11: 7.56 | I11: 2.89 | J11: 0.26 | K11: 245.97 | L11: 26.43 | M11: 88.53 | N11: 2.1 | O11: 0 | P11: 0.31 | Q11: 4.66
A12: 45478.042 | B12: 9.19 | C12: 4.08 | D12: 13.95 | E12: 9.89 | F12: 4.49 | G12: 12.57 | H12: 7.61 | I12: 2.87 | J12: 0.31 | K12: 248.7 | L12: 26.48 | M12: 88.78 | N12: 2.1 | O12: 0 | P12: 0.3 | Q12: 4.65
A13: 45478.052 | B13: 9.21 | C13: 4.07 | D13: 13.96 | E13: 9.63 | F13: 4.51 | G13: 12.57 | H13: 7.61 | I13: 2.83 | J13: 0.31 | K13: 252.18 | L13: 26.42 | M13: 88.79 | N13: 2.1 | O13: 0 | P13: 0.3 | Q13: 4.64
A14: 45478.062 | B14: 9.21 | C14: 4.07 | D14: 13.96 | E14: 9.8 | F14: 4.44 | G14: 12.57 | H14: 7.61 | I14: 2.86 | J14: 0.15 | K14: 222.58 | L14: 26.43 | M14: 89.1 | N14: 2.1 | O14: 0 | P14: 0.3 | Q14: 4.65
A15: 45478.073 | B15: 9.21 | C15: 4.06 | D15: 13.95 | E15: 9.6 | F15: 5.03 | G15: 10.57 | H15: 5.99 | I15: 2.84 | J15: 0.19 | K15: 228.33 | L15: 26.28 | M15: 90.71 | N15: 2.1 | O15: 0 | P15: 0.3 | Q15: 4.64
A16: 45478.083 | B16: 9.2 | C16: 4.09 | D16: 13.97 | E16: 9.95 | F16: 4.15 | G16: 9.03 | H16: 5.43 | I16: 2.82 | J16: 0.14 | K16: 211.31 | L16: 26.14 | M16: 91.87 | N16: 2.1 | O16: 0 | P16: 0.3 | Q16: 4.66
A17: 45478.094 | B17: 9.21 | C17: 4.08 | D17: 13.97 | E17: 9.09 | F17: 3.84 | G17: 9.03 | H17: 5.43 | I17: 2.78 | J17: 0.13 | K17: 218.98 | L17: 26.05 | M17: 91.32 | N17: 2.1 | O17: 0 | P17: 0.3 | Q17: 4.66
A18: 45478.104 | B18: 9.2 | C18: 4.08 | D18: 13.96 | E18: 10.59 | F18: 3.83 | G18: 9.03 | H18: 5.43 | I18: 2.8 | J18: 0.15 | K18: 227.63 | L18: 26.07 | M18: 91.62 | N18: 2.1 | O18: 0 | P18: 0.3 | Q18: 4.63
A19: 45478.115 | B19: 9.21 | C19: 4.04 | D19: 13.95 | E19: 10.71 | F19: 4.09 | G19: 8.55 | H19: 4.25 | I19: 2.77 | J19: 0.14 | K19: 223.46 | L19: 25.9 | M19: 93.48 | N19: 2.1 | O19: 0 | P19: 0.31 | Q19: 4.63
A20: 45478.125 | B20: 9.2 | C20: 4.07 | D20: 13.95 | E20: 10.85 | F20: 3.81 | G20: 8.18 | H20: 3.84 | I20: 2.77 | J20: 0.28 | K20: 255.44 | L20: 25.94 | M20: 92.17 | N20: 2.1 | O20: 0 | P20: 0.3 | Q20: 4.64
... A104: 45479 | B104: 9.18 | C104: 4.06 | D104: 13.93 | E104: 9.07 | F104: 5.44 | G104: 14.9 | H104: 4.83 | I104: 3.33 | J104: 0.58 | K104: 267.6 | L104: 27.04 | M104: 84.49 | N104: 2.1 | O104: 0 | P104: 0.31 | Q104: 4.62
A106: Min | B106: =MIN(B9:B104) -> 9.12 | C106: =MIN(C9:C104) -> 4.02 | D106: =MIN(D9:D104) -> 13.89 | E106: =MIN(E9:E104) -> 7.01 | F106: =MIN(F9:F104) -> 3.15 | G106: =MIN(G9:G104) -> 8.18 | H106: =MIN(H9:H104) -> 2.45 | I106: =MIN(I9:I104) -> 2.64 | ... Q106: =MIN(Q9:Q104) -> 4.61
A107: Max | B107: =MAX(B9:B104) -> 9.21 | C107: =MAX(C9:C104) -> 4.1 | D107: =MAX(D9:D104) -> 13.97 | E107: =MAX(E9:E104) -> 11.66 | F107: =MAX(F9:F104) -> 17.07 | G107: =MAX(G9:G104) -> 23.88 | H107: =MAX(H9:H104) -> 11.93 | I107: =MAX(I9:I104) -> 4.28 | ... Q107: =MAX(Q9:Q104) -> 4.66
A108: Avg | B108: =AVERAGE(B9:B104) -> 9.1665625 | C108: =AVERAGE(C9:C104) -> 4.0655208 | D108: =AVERAGE(D9:D104) -> 13.924479 | E108: =AVERAGE(E9:E104) -> 9.353125 | F108: =AVERAGE(F9:F104) -> 7.1175 | G108: =AVERAGE(G9:G104) -> 14.994062 | H108: =AVERAGE(H9:H104) -> 5.8453125 | I108: =AVERAGE(I9:I104) -> 3.1078125 | ... Q108: =AVERAGE(Q9:Q104) -> 4.640625
A109: Stdev | B109: =STDEV(B9:B104) -> 0.023745498 | C109: =STDEV(C9:C104) -> 0.015885763 | D109: =STDEV(D9:D104) -> 0.020202647 | E109: =STDEV(E9:E104) -> 0.96656888 | F109: =STDEV(F9:F104) -> 3.6898972 | G109: =STDEV(G9:G104) -> 5.3136324 | H109: =STDEV(H9:H104) -> 2.8124924 | I109: =STDEV(I9:I104) -> 0.36679035 | ... Q109: =STDEV(Q9:Q104) -> 0.01203613
A110: Num | B110: =COUNT(B9:B104) -> 96 | C110: =COUNT(C9:C104) -> 96 | D110: =COUNT(D9:D104) -> 96 | E110: =COUNT(E9:E104) -> 96 | F110: =COUNT(F9:F104) -> 96 | G110: =COUNT(G9:G104) -> 96 | H110: =COUNT(H9:H104) -> 96 | I110: =COUNT(I9:I104) -> 96 | ... Q110: =COUNT(Q9:Q104) -> 96
A111: DCR | B111: =IF(B110>=87,">90%",IF(B110<=87,"<90%")) -> >90% | C111: =IF(C110>=87,">90%",IF(C110<=87,"<90%")) -> >90% | D111: =IF(D110>=87,">90%",IF(D110<=87,"<90%")) -> >90% | E111: =IF(E110>=87,">90%",IF(E110<=87,"<90%")) -> >90% | F111: =IF(F110>=87,">90%",IF(F110<=87,"<90%")) -> >90% | G111: =IF(G110>=87,">90%",IF(G110<=87,"<90%")) -> >90% | H111: =IF(H110>=87,">90%",IF(H110<=87,"<90%")) -> >90% | I111: =IF(I110>=87,">90%",IF(I110<=87,"<90%")) -> >90% | ... Q111: =IF(Q110>=87,">90%",IF(Q110<=87,"<90%")) -> >90%
A112: Status | B112: =IF(B110>=87,"OK",IF(B110<=87,"LESS")) -> OK | C112: =IF(C110>=87,"OK",IF(C110<=87,"LESS")) -> OK | D112: =IF(D110>=87,"OK",IF(D110<=87,"LESS")) -> OK | E112: =IF(E110>=87,"OK",IF(E110<=87,"LESS")) -> OK | F112: =IF(F110>=87,"OK",IF(F110<=87,"LESS")) -> OK | G112: =IF(G110>=87,"OK",IF(G110<=87,"LESS")) -> OK | H112: =IF(H110>=87,"OK",IF(H110<=87,"LESS")) -> OK | I112: =IF(I110>=87,"OK",IF(I110<=87,"LESS")) -> OK | ... Q112: =IF(Q110>=87,"OK",IF(Q110<=87,"LESS")) -> OK
A115: Done by | B115: AKASH
A117: Comment

Sheet 06
A1: Station: | B1: IGKV RAIPUR
A2: Date: | B2: =$A$9 -> 45479.01 | C2: Power Off | G2: Pw.Off | J2: Link Fail | L2: Link F | N2: Maintenance | P2: Maint.
A3: Report Type: | B3: Mean | C3: Calibration | G3: Calib. | J3: Data Fail | L3: Data F | N3: Invalid | P3: Invalid
A4: Time Base: | B4: 15 Min | C4: Zero Referrence | G4: Z.Ref | J4: Warm Up | L4: Wm. Up
A7: Date & Time | B7: NO | C7: NO2 | D7: NOX | E7: SO2 | F7: O3 | G7: PM 10 | H7: PM 2.5 | I7: BENZ | J7: WS | K7: WD | L7: TEMP | M7: HUM | N7: SR | O7: RG | P7: CO | Q7: NH3
B8: ug/m3 | C8: ug/m3 | D8: ppb | E8: ug/m3 | F8: ug/m3 | G8: ug/m3 | H8: ug/m3 | I8: ug/m3 | J8: m/sec | K8: deg | L8: degreC | M8: % | N8: w/m2 | O8: mm | P8: mg/m3 | Q8: ug/m3
A9: 45479.01 | B9: 9.28 | C9: 4.11 | D9: 14.04 | E9: 8.93 | F9: 4.95 | G9: 14.9 | H9: 4.83 | I9: 3.22 | J9: 0.65 | K9: 267.88 | L9: 27.12 | M9: 83.76 | N9: 2.1 | O9: 0 | P9: 0.32 | Q9: 4.64
A10: 45479.021 | B10: 9.3 | C10: 4.11 | D10: 14.05 | E10: 9.14 | F10: 5.03 | G10: 14.9 | H10: 4.83 | I10: 3.18 | J10: 0.6 | K10: 258.07 | L10: 27.03 | M10: 85.29 | N10: 2.1 | O10: 0 | P10: 0.31 | Q10: 4.64
A11: 45479.031 | B11: 9.31 | C11: 4.08 | D11: 14.05 | E11: 8.39 | F11: 6.51 | G11: 15.67 | H11: 5.21 | I11: 3.22 | J11: 0.37 | K11: 256.68 | L11: 26.97 | M11: 86.29 | N11: 2.4 | O11: 0 | P11: 0.31 | Q11: 4.63
A12: 45479.042 | B12: 9.31 | C12: 4.07 | D12: 14.04 | E12: 8.61 | F12: 6.22 | G12: 16.25 | H12: 5.44 | I12: 3.15 | J12: 0.32 | K12: 260.59 | L12: 26.78 | M12: 88.93 | N12: 2.4 | O12: 0 | P12: 0.31 | Q12: 4.64
A13: 45479.052 | B13: 9.3 | C13: 4.1 | D13: 14.05 | E13: 8.68 | F13: 5.39 | G13: 16.25 | H13: 5.44 | I13: 3.29 | J13: 0.35 | K13: 255.58 | L13: 26.54 | M13: 89.66 | N13: 2.2 | O13: 0 | P13: 0.31 | Q13: 4.62
A14: 45479.062 | B14: 9.32 | C14: 4.08 | D14: 14.06 | E14: 8.4 | F14: 5.64 | G14: 16.25 | H14: 5.44 | I14: 3.21 | J14: 0.23 | K14: 241.76 | L14: 26.41 | M14: 90.74 | N14: 2.1 | O14: 0 | P14: 0.3 | Q14: 4.6
A15: 45479.073 | B15: 9.34 | C15: 4.07 | D15: 14.07 | E15: 8.45 | F15: 6.9 | G15: 14.5 | H15: 4.23 | I15: 3.22 | J15: 0.31 | K15: 248.89 | L15: 26.36 | M15: 90.96 | N15: 2.1 | O15: 0 | P15: 0.3 | Q15: 4.62
A16: 45479.083 | B16: 9.32 | C16: 4.07 | D16: 14.05 | E16: 8.05 | F16: 5.92 | G16: 13.16 | H16: 3.81 | I16: 3.09 | J16: 0.38 | K16: 263.4 | L16: 26.29 | M16: 90.9 | N16: 2.1 | O16: 0 | P16: 0.3 | Q16: 4.62
A17: 45479.094 | B17: 9.32 | C17: 4.06 | D17: 14.05 | E17: 8.51 | F17: 5.88 | G17: 13.16 | H17: 3.81 | I17: 3.12 | J17: 0.38 | K17: 253.95 | L17: 26.24 | M17: 90.83 | N17: 2.1 | O17: 0 | P17: 0.3 | Q17: 4.63
A18: 45479.104 | B18: 9.32 | C18: 4.07 | D18: 14.05 | E18: 10.25 | F18: 5.24 | G18: 13.16 | H18: 3.81 | I18: 3.08 | J18: 0.35 | K18: 259.29 | L18: 26.17 | M18: 89.17 | N18: 2.1 | O18: 0 | P18: 0.3 | Q18: 4.63
A19: 45479.115 | B19: 9.3 | C19: 4.08 | D19: 14.04 | E19: 9.68 | F19: 6.55 | G19: 12.76 | H19: 2.96 | I19: 3.16 | J19: 0.24 | K19: 252.62 | L19: 26.1 | M19: 90.1 | N19: 2.1 | O19: 0 | P19: 0.29 | Q19: 4.63
A20: 45479.125 | B20: 9.31 | C20: 4.05 | D20: 14.03 | E20: 10.39 | F20: 5.53 | G20: 12.46 | H20: 2.67 | I20: 3.18 | J20: 0.42 | K20: 263.34 | L20: 26.15 | M20: 90.61 | N20: 2.1 | O20: 0 | P20: 0.27 | Q20: 4.63
... A104: 45480 | B104: 9.36 | C104: 4.08 | D104: 14.08 | E104: 8.62 | F104: 5.13 | G104: 25.48 | H104: 8.03 | I104: 2.95 | J104: 0.67 | K104: 263.92 | L104: 28.34 | M104: 82.03 | N104: 1.8 | O104: 0 | P104: 0.31 | Q104: 4.64
A106: Min | B106: =MIN(B9:B104) -> 9.28 | C106: =MIN(C9:C104) -> 4.04 | D106: =MIN(D9:D104) -> 14.01 | E106: =MIN(E9:E104) -> 6.2 | F106: =MIN(F9:F104) -> 3.11 | G106: =MIN(G9:G104) -> 5.36 | H106: =MIN(H9:H104) -> 1.4 | I106: =MIN(I9:I104) -> 2.28 | ... Q106: =MIN(Q9:Q104) -> 4.6
A107: Max | B107: =MAX(B9:B104) -> 9.39 | C107: =MAX(C9:C104) -> 4.11 | D107: =MAX(D9:D104) -> 14.11 | E107: =MAX(E9:E104) -> 12.67 | F107: =MAX(F9:F104) -> 19.07 | G107: =MAX(G9:G104) -> 25.48 | H107: =MAX(H9:H104) -> 8.22 | I107: =MAX(I9:I104) -> 3.29 | ... Q107: =MAX(Q9:Q104) -> 4.66
A108: Avg | B108: =AVERAGE(B9:B104) -> 9.3259375 | C108: =AVERAGE(C9:C104) -> 4.0739583 | D108: =AVERAGE(D9:D104) -> 14.057187 | E108: =AVERAGE(E9:E104) -> 9.82625 | F108: =AVERAGE(F9:F104) -> 7.5789583 | G108: =AVERAGE(G9:G104) -> 13.906458 | H108: =AVERAGE(H9:H104) -> 3.9854167 | I108: =AVERAGE(I9:I104) -> 2.9365625 | ... Q108: =AVERAGE(Q9:Q104) -> 4.6296875
A109: Stdev | B109: =STDEV(B9:B104) -> 0.027321791 | C109: =STDEV(C9:C104) -> 0.016057736 | D109: =STDEV(D9:D104) -> 0.024352807 | E109: =STDEV(E9:E104) -> 1.8944908 | F109: =STDEV(F9:F104) -> 4.0065295 | G109: =STDEV(G9:G104) -> 5.7210919 | H109: =STDEV(H9:H104) -> 2.1052525 | I109: =STDEV(I9:I104) -> 0.2139101 | ... Q109: =STDEV(Q9:Q104) -> 0.01293328
A110: Num | B110: =COUNT(B9:B104) -> 96 | C110: =COUNT(C9:C104) -> 96 | D110: =COUNT(D9:D104) -> 96 | E110: =COUNT(E9:E104) -> 96 | F110: =COUNT(F9:F104) -> 96 | G110: =COUNT(G9:G104) -> 96 | H110: =COUNT(H9:H104) -> 96 | I110: =COUNT(I9:I104) -> 96 | ... Q110: =COUNT(Q9:Q104) -> 96
A111: DCR | B111: =IF(B110>=87,">90%",IF(B110<=87,"<90%")) -> >90% | C111: =IF(C110>=87,">90%",IF(C110<=87,"<90%")) -> >90% | D111: =IF(D110>=87,">90%",IF(D110<=87,"<90%")) -> >90% | E111: =IF(E110>=87,">90%",IF(E110<=87,"<90%")) -> >90% | F111: =IF(F110>=87,">90%",IF(F110<=87,"<90%")) -> >90% | G111: =IF(G110>=87,">90%",IF(G110<=87,"<90%")) -> >90% | H111: =IF(H110>=87,">90%",IF(H110<=87,"<90%")) -> >90% | I111: =IF(I110>=87,">90%",IF(I110<=87,"<90%")) -> >90% | ... Q111: =IF(Q110>=87,">90%",IF(Q110<=87,"<90%")) -> >90%
A112: Status | B112: =IF(B110>=87,"OK",IF(B110<=87,"LESS")) -> OK | C112: =IF(C110>=87,"OK",IF(C110<=87,"LESS")) -> OK | D112: =IF(D110>=87,"OK",IF(D110<=87,"LESS")) -> OK | E112: =IF(E110>=87,"OK",IF(E110<=87,"LESS")) -> OK | F112: =IF(F110>=87,"OK",IF(F110<=87,"LESS")) -> OK | G112: =IF(G110>=87,"OK",IF(G110<=87,"LESS")) -> OK | H112: =IF(H110>=87,"OK",IF(H110<=87,"LESS")) -> OK | I112: =IF(I110>=87,"OK",IF(I110<=87,"LESS")) -> OK | ... Q112: =IF(Q110>=87,"OK",IF(Q110<=87,"LESS")) -> OK
A115: Done by | B115: AKASH
A117: Comment

Sheet 07
A1: Station: | B1: IGKV RAIPUR
A2: Date: | B2: =$A$9 -> 45480.01 | C2: Power Off | G2: Pw.Off | J2: Link Fail | L2: Link F | N2: Maintenance | P2: Maint.
A3: Report Type: | B3: Mean | C3: Calibration | G3: Calib. | J3: Data Fail | L3: Data F | N3: Invalid | P3: Invalid
A4: Time Base: | B4: 15 Min | C4: Zero Referrence | G4: Z.Ref | J4: Warm Up | L4: Wm. Up
A7: Date & Time | B7: NO | C7: NO2 | D7: NOX | E7: SO2 | F7: O3 | G7: PM 10 | H7: PM 2.5 | I7: BENZ | J7: WS | K7: WD | L7: TEMP | M7: HUM | N7: SR | O7: RG | P7: CO | Q7: NH3
B8: ug/m3 | C8: ug/m3 | D8: ppb | E8: ug/m3 | F8: ug/m3 | G8: ug/m3 | H8: ug/m3 | I8: ug/m3 | J8: m/sec | K8: deg | L8: degreC | M8: % | N8: w/m2 | O8: mm | P8: mg/m3 | Q8: ug/m3
A9: 45480.01 | B9: 9.25 | C9: 4.06 | D9: 13.99 | E9: 8.76 | F9: 5.06 | G9: 25.48 | H9: 8.03 | I9: 3.14 | J9: 0.56 | K9: 262.69 | L9: 28.13 | M9: 81.38 | N9: 2.3 | O9: 0 | P9: 0.31 | Q9: 4.64
A10: 45480.021 | B10: 9.22 | C10: 4.07 | D10: 13.97 | E10: 8.79 | F10: 5.16 | G10: 25.48 | H10: 8.03 | I10: 3.22 | J10: 0.74 | K10: 268.47 | L10: 27.55 | M10: 78.93 | N10: 2.6 | O10: 0 | P10: 0.3 | Q10: 4.63
A11: 45480.031 | B11: 9.2 | C11: 4.08 | D11: 13.96 | E11: 9.07 | F11: 5.34 | G11: 24.32 | H11: 6.54 | I11: 3.05 | J11: 0.52 | K11: 263.52 | L11: 27.11 | M11: 80.39 | N11: 2.4 | O11: 0 | P11: 0.31 | Q11: 4.62
A12: 45480.042 | B12: 9.19 | C12: 4.1 | D12: 13.96 | E12: 9.07 | F12: 5.5 | G12: 23.44 | H12: 5.62 | I12: 2.96 | J12: 0.35 | K12: 261.63 | L12: 27 | M12: 82.31 | N12: 2.1 | O12: 0 | P12: 0.31 | Q12: 4.63
A13: 45480.052 | B13: 9.19 | C13: 4.07 | D13: 13.95 | E13: 9.04 | F13: 4.85 | G13: 23.44 | H13: 5.62 | I13: 3.07 | J13: 0.4 | K13: 257.12 | L13: 26.81 | M13: 83.2 | N13: 2.2 | O13: 0 | P13: 0.31 | Q13: 4.63
A14: 45480.062 | B14: 9.2 | C14: 4.03 | D14: 13.94 | E14: 9.12 | F14: 5.11 | G14: 23.44 | H14: 5.62 | I14: 2.92 | J14: 0.24 | K14: 238.83 | L14: 26.63 | M14: 85.23 | N14: 2.1 | O14: 0 | P14: 0.3 | Q14: 4.63
A15: 45480.073 | B15: 9.2 | C15: 4.06 | D15: 13.94 | E15: 9.44 | F15: 5.24 | G15: 19.69 | H15: 4.44 | I15: 2.86 | J15: 0.38 | K15: 268.3 | L15: 26.47 | M15: 85.7 | N15: 2.1 | O15: 0 | P15: 0.31 | Q15: 4.64
A16: 45480.083 | B16: 9.19 | C16: 4.07 | D16: 13.94 | E16: 9.95 | F16: 4.38 | G16: 16.69 | H16: 4.04 | I16: 2.79 | J16: 0.6 | K16: 266.77 | L16: 26.44 | M16: 86.85 | N16: 2.1 | O16: 0 | P16: 0.3 | Q16: 4.63
A17: 45480.094 | B17: 9.2 | C17: 4.05 | D17: 13.94 | E17: 7.73 | F17: 3.99 | G17: 16.69 | H17: 4.04 | I17: 2.77 | J17: 0.78 | K17: 269.2 | L17: 26.5 | M17: 86.87 | N17: 2.1 | O17: 0 | P17: 0.3 | Q17: 4.61
A18: 45480.104 | B18: 9.19 | C18: 4.07 | D18: 13.95 | E18: 9.14 | F18: 4.32 | G18: 16.69 | H18: 4.04 | I18: 2.74 | J18: 0.64 | K18: 274.82 | L18: 26.46 | M18: 87.58 | N18: 2.1 | O18: 0 | P18: 0.3 | Q18: 4.63
A19: 45480.115 | B19: 9.19 | C19: 4.07 | D19: 13.94 | E19: 9.39 | F19: 4.88 | G19: 16.15 | H19: 3.25 | I19: 2.71 | J19: 0.58 | K19: 267.75 | L19: 26.41 | M19: 89.07 | N19: 2.1 | O19: 0 | P19: 0.32 | Q19: 4.6
A20: 45480.125 | B20: 9.18 | C20: 4.08 | D20: 13.94 | E20: 9.84 | F20: 4.26 | G20: 15.72 | H20: 2.98 | I20: 2.71 | J20: 0.83 | K20: 270.03 | L20: 26.33 | M20: 89.11 | N20: 2.3 | O20: 0 | P20: 0.35 | Q20: 4.62
... A104: 45481 | B104: 9.25 | C104: 4.07 | D104: 13.99 | E104: 7.81 | F104: 6.02 | G104: 28.28 | H104: 13.68 | I104: 4.65 | J104: 0.11 | K104: 185.75 | L104: 27.24 | M104: 94.69 | N104: 2.1 | O104: 0 | P104: 0.43 | Q104: 4.57
A106: Min | B106: =MIN(B9:B104) -> 9.15 | C106: =MIN(C9:C104) -> 4.03 | D106: =MIN(D9:D104) -> 13.9 | E106: =MIN(E9:E104) -> 5.9 | F106: =MIN(F9:F104) -> 3.22 | G106: =MIN(G9:G104) -> 5.47 | H106: =MIN(H9:H104) -> 2.26 | I106: =MIN(I9:I104) -> 2.66 | ... Q106: =MIN(Q9:Q104) -> 4.54
A107: Max | B107: =MAX(B9:B104) -> 9.27 | C107: =MAX(C9:C104) -> 4.11 | D107: =MAX(D9:D104) -> 14 | E107: =MAX(E9:E104) -> 10.68 | F107: =MAX(F9:F104) -> 11.4 | G107: =MAX(G9:G104) -> 28.28 | H107: =MAX(H9:H104) -> 146.72 | I107: =MAX(I9:I104) -> 5.18 | ... Q107: =MAX(Q9:Q104) -> 4.65
A108: Avg | B108: =AVERAGE(B9:B104) -> 9.2160417 | C108: =AVERAGE(C9:C104) -> 4.0639583 | D108: =AVERAGE(D9:D104) -> 13.963542 | E108: =AVERAGE(E9:E104) -> 8.3879167 | F108: =AVERAGE(F9:F104) -> 6.2819792 | G108: =AVERAGE(G9:G104) -> 14.578646 | H108: =AVERAGE(H9:H104) -> 32.828437 | I108: =AVERAGE(I9:I104) -> 3.555625 | ... Q108: =AVERAGE(Q9:Q104) -> 4.5939583
A109: Stdev | B109: =STDEV(B9:B104) -> 0.028152934 | C109: =STDEV(C9:C104) -> 0.018092113 | D109: =STDEV(D9:D104) -> 0.023439919 | E109: =STDEV(E9:E104) -> 1.2034144 | F109: =STDEV(F9:F104) -> 2.0753352 | G109: =STDEV(G9:G104) -> 5.5430555 | H109: =STDEV(H9:H104) -> 43.211699 | I109: =STDEV(I9:I104) -> 0.71470982 | ... Q109: =STDEV(Q9:Q104) -> 0.022733197
A110: Num | B110: =COUNT(B9:B104) -> 96 | C110: =COUNT(C9:C104) -> 96 | D110: =COUNT(D9:D104) -> 96 | E110: =COUNT(E9:E104) -> 96 | F110: =COUNT(F9:F104) -> 96 | G110: =COUNT(G9:G104) -> 96 | H110: =COUNT(H9:H104) -> 96 | I110: =COUNT(I9:I104) -> 96 | ... Q110: =COUNT(Q9:Q104) -> 96
A111: DCR | B111: =IF(B110>=87,">90%",IF(B110<=87,"<90%")) -> >90% | C111: =IF(C110>=87,">90%",IF(C110<=87,"<90%")) -> >90% | D111: =IF(D110>=87,">90%",IF(D110<=87,"<90%")) -> >90% | E111: =IF(E110>=87,">90%",IF(E110<=87,"<90%")) -> >90% | F111: =IF(F110>=87,">90%",IF(F110<=87,"<90%")) -> >90% | G111: =IF(G110>=87,">90%",IF(G110<=87,"<90%")) -> >90% | H111: =IF(H110>=87,">90%",IF(H110<=87,"<90%")) -> >90% | I111: =IF(I110>=87,">90%",IF(I110<=87,"<90%")) -> >90% | ... Q111: =IF(Q110>=87,">90%",IF(Q110<=87,"<90%")) -> >90%
A112: Status | B112: =IF(B110>=87,"OK",IF(B110<=87,"LESS")) -> OK | C112: =IF(C110>=87,"OK",IF(C110<=87,"LESS")) -> OK | D112: =IF(D110>=87,"OK",IF(D110<=87,"LESS")) -> OK | E112: =IF(E110>=87,"OK",IF(E110<=87,"LESS")) -> OK | F112: =IF(F110>=87,"OK",IF(F110<=87,"LESS")) -> OK | G112: =IF(G110>=87,"OK",IF(G110<=87,"LESS")) -> OK | H112: =IF(H110>=87,"OK",IF(H110<=87,"LESS")) -> OK | I112: =IF(I110>=87,"OK",IF(I110<=87,"LESS")) -> OK | ... Q112: =IF(Q110>=87,"OK",IF(Q110<=87,"LESS")) -> OK
A115: Done by | B115: AKASH
A117: Comment

Sheet 08
A1: Station: | B1: IGKV RAIPUR
A2: Date: | B2: =$A$9 -> 45481.01 | C2: Power Off | G2: Pw.Off | J2: Link Fail | L2: Link F | N2: Maintenance | P2: Maint.
A3: Report Type: | B3: Mean | C3: Calibration | G3: Calib. | J3: Data Fail | L3: Data F | N3: Invalid | P3: Invalid
A4: Time Base: | B4: 15 Min | C4: Zero Referrence | G4: Z.Ref | J4: Warm Up | L4: Wm. Up
A7: Date & Time | B7: NO | C7: NO2 | D7: NOX | E7: SO2 | F7: O3 | G7: PM 10 | H7: PM 2.5 | I7: BENZ | J7: WS | K7: WD | L7: TEMP | M7: HUM | N7: SR | O7: RG | P7: CO | Q7: NH3
B8: ug/m3 | C8: ug/m3 | D8: ppb | E8: ug/m3 | F8: ug/m3 | G8: ug/m3 | H8: ug/m3 | I8: ug/m3 | J8: m/sec | K8: deg | L8: degreC | M8: % | N8: w/m2 | O8: mm | P8: mg/m3 | Q8: ug/m3
A9: 45481.01 | B9: 9.32 | C9: 4.01 | D9: 14.02 | E9: 8.36 | F9: 5.61 | G9: 28.28 | H9: 13.68 | I9: 4.46 | J9: 0.1 | K9: 183.91 | L9: 27.24 | M9: 94.96 | N9: 2.1 | O9: 0 | P9: 0.42 | Q9: 4.58
A10: 45481.021 | B10: 9.3 | C10: 4.05 | D10: 14.03 | E10: 7.62 | F10: 5.64 | G10: 28.28 | H10: 13.68 | I10: 4.45 | J10: 0.14 | K10: 175.54 | L10: 27.22 | M10: 94.81 | N10: 2.1 | O10: 0 | P10: 0.42 | Q10: 4.57
A11: 45481.031 | B11: 9.29 | C11: 4.07 | D11: 14.03 | E11: 8 | F11: 5.47 | G11: 28.64 | H11: 10.57 | I11: 4.43 | J11: 0.11 | K11: 183.67 | L11: 27.44 | M11: 94.31 | N11: 2.1 | O11: 0 | P11: 0.44 | Q11: 4.58
A12: 45481.042 | B12: 9.3 | C12: 4.07 | D12: 14.04 | E12: 7.92 | F12: 5.62 | G12: 28.92 | H12: 8.66 | I12: 4.47 | J12: 0.07 | K12: 196.89 | L12: 27.29 | M12: 95.36 | N12: 2.6 | O12: 0.6 | P12: 0.43 | Q12: 4.57
A13: 45481.052 | B13: 9.3 | C13: 4.1 | D13: 14.05 | E13: 8.18 | F13: 5.88 | G13: 28.92 | H13: 8.66 | I13: 4.56 | J13: 0.1 | K13: 192.78 | L13: 27.05 | M13: 96.9 | N13: 2.6 | O13: 0 | P13: 0.42 | Q13: 4.54
A14: 45481.062 | B14: 9.29 | C14: 4.07 | D14: 14.03 | E14: 8.06 | F14: 6.43 | G14: 28.92 | H14: 8.66 | I14: 4.56 | J14: 0.11 | K14: 150.35 | L14: 26.96 | M14: 98.51 | N14: 2.3 | O14: 0 | P14: 0.42 | Q14: 4.55
A15: 45481.073 | B15: 9.3 | C15: 4.06 | D15: 14.03 | E15: 8.1 | F15: 6.82 | G15: 26.66 | H15: 3.99 | I15: 4.4 | J15: 0.09 | K15: 111.91 | L15: 26.88 | M15: 99.23 | N15: 2.5 | O15: 0 | P15: 0.41 | Q15: 4.57
A16: 45481.083 | B16: 9.28 | C16: 4.1 | D16: 14.03 | E16: 8.02 | F16: 6.87 | G16: 24.85 | H16: 2.38 | I16: 4.4 | J16: 0.08 | K16: 143.74 | L16: 26.74 | M16: 98.86 | N16: 2.5 | O16: 0 | P16: 0.39 | Q16: 4.57
A17: 45481.094 | B17: 9.26 | C17: 4.08 | D17: 14.01 | E17: 7.71 | F17: 6.46 | G17: 24.85 | H17: 2.38 | I17: 4.34 | J17: 0.11 | K17: 192.51 | L17: 26.67 | M17: 98.4 | N17: 2.5 | O17: 0 | P17: 0.4 | Q17: 4.58
A18: 45481.104 | B18: 9.28 | C18: 4.06 | D18: 14.02 | E18: 9.21 | F18: 6.26 | G18: 24.85 | H18: 2.38 | I18: 4.42 | J18: 0.14 | K18: 163.19 | L18: 26.64 | M18: 99.02 | N18: 2.3 | O18: 0 | P18: 0.35 | Q18: 4.56
A19: 45481.115 | B19: 9.31 | C19: 4.07 | D19: 14.04 | E19: 9.43 | F19: 6.25 | G19: 22.82 | H19: 4.64 | I19: 4.61 | J19: 0.12 | K19: 144.9 | L19: 26.67 | M19: 98.59 | N19: 2.3 | O19: 0 | P19: 0.34 | Q19: 4.58
A20: 45481.125 | B20: 9.31 | C20: 4.07 | D20: 14.04 | E20: 9.7 | F20: 6.45 | G20: 21.26 | H20: 5.41 | I20: 4.68 | J20: 0.13 | K20: 148.18 | L20: 26.8 | M20: 98.99 | N20: 2.4 | O20: 0 | P20: 0.34 | Q20: 4.56
... A104: 45482 | B104: 9.21 | C104: 4.08 | D104: 13.96 | E104: 9.48 | F104: 4.23 | G104: 44.02 | H104: 14.56 | I104: 6.08 | J104: 0.12 | K104: 223.17 | L104: 27.73 | M104: 98.22 | N104: 1.9 | O104: 0 | P104: 0.5 | Q104: 4.55
A106: Min | B106: =MIN(B9:B104) -> 9.2 | C106: =MIN(C9:C104) -> 4.01 | D106: =MIN(D9:D104) -> 13.96 | E106: =MIN(E9:E104) -> 6.92 | F106: =MIN(F9:F104) -> 2.97 | G106: =MIN(G9:G104) -> 7.59 | H106: =MIN(H9:H104) -> 0.89 | I106: =MIN(I9:I104) -> 3.11 | ... Q106: =MIN(Q9:Q104) -> 4.52
A107: Max | B107: =MAX(B9:B104) -> 9.32 | C107: =MAX(C9:C104) -> 4.12 | D107: =MAX(D9:D104) -> 14.06 | E107: =MAX(E9:E104) -> 15.29 | F107: =MAX(F9:F104) -> 22.46 | G107: =MAX(G9:G104) -> 47.2 | H107: =MAX(H9:H104) -> 84.21 | I107: =MAX(I9:I104) -> 6.08 | ... Q107: =MAX(Q9:Q104) -> 4.6
A108: Avg | B108: =AVERAGE(B9:B104) -> 9.2626042 | C108: =AVERAGE(C9:C104) -> 4.07 | D108: =AVERAGE(D9:D104) -> 14.005104 | E108: =AVERAGE(E9:E104) -> 10.366771 | F108: =AVERAGE(F9:F104) -> 7.7141667 | G108: =AVERAGE(G9:G104) -> 25.574375 | H108: =AVERAGE(H9:H104) -> 27.839792 | I108: =AVERAGE(I9:I104) -> 4.3471875 | ... Q108: =AVERAGE(Q9:Q104) -> 4.5571875
A109: Stdev | B109: =STDEV(B9:B104) -> 0.022998617 | C109: =STDEV(C9:C104) -> 0.017229106 | D109: =STDEV(D9:D104) -> 0.020875309 | E109: =STDEV(E9:E104) -> 2.2469903 | F109: =STDEV(F9:F104) -> 4.0880279 | G109: =STDEV(G9:G104) -> 10.301324 | H109: =STDEV(H9:H104) -> 27.089555 | I109: =STDEV(I9:I104) -> 0.67601262 | ... Q109: =STDEV(Q9:Q104) -> 0.016777374
A110: Num | B110: =COUNT(B9:B104) -> 96 | C110: =COUNT(C9:C104) -> 96 | D110: =COUNT(D9:D104) -> 96 | E110: =COUNT(E9:E104) -> 96 | F110: =COUNT(F9:F104) -> 96 | G110: =COUNT(G9:G104) -> 96 | H110: =COUNT(H9:H104) -> 96 | I110: =COUNT(I9:I104) -> 96 | ... Q110: =COUNT(Q9:Q104) -> 96
A111: DCR | B111: =IF(B110>=87,">90%",IF(B110<=87,"<90%")) -> >90% | C111: =IF(C110>=87,">90%",IF(C110<=87,"<90%")) -> >90% | D111: =IF(D110>=87,">90%",IF(D110<=87,"<90%")) -> >90% | E111: =IF(E110>=87,">90%",IF(E110<=87,"<90%")) -> >90% | F111: =IF(F110>=87,">90%",IF(F110<=87,"<90%")) -> >90% | G111: =IF(G110>=87,">90%",IF(G110<=87,"<90%")) -> >90% | H111: =IF(H110>=87,">90%",IF(H110<=87,"<90%")) -> >90% | I111: =IF(I110>=87,">90%",IF(I110<=87,"<90%")) -> >90% | ... Q111: =IF(Q110>=87,">90%",IF(Q110<=87,"<90%")) -> >90%
A112: Status | B112: =IF(B110>=87,"OK",IF(B110<=87,"LESS")) -> OK | C112: =IF(C110>=87,"OK",IF(C110<=87,"LESS")) -> OK | D112: =IF(D110>=87,"OK",IF(D110<=87,"LESS")) -> OK | E112: =IF(E110>=87,"OK",IF(E110<=87,"LESS")) -> OK | F112: =IF(F110>=87,"OK",IF(F110<=87,"LESS")) -> OK | G112: =IF(G110>=87,"OK",IF(G110<=87,"LESS")) -> OK | H112: =IF(H110>=87,"OK",IF(H110<=87,"LESS")) -> OK | I112: =IF(I110>=87,"OK",IF(I110<=87,"LESS")) -> OK | ... Q112: =IF(Q110>=87,"OK",IF(Q110<=87,"LESS")) -> OK
A115: Done by | B115: AKASH
A117: Comment

Sheet 09
A1: Station: | B1: IGKV RAIPUR
A2: Date: | B2: =$A$9 -> 45482.01 | C2: Power Off | G2: Pw.Off | J2: Link Fail | L2: Link F | N2: Maintenance | P2: Maint.
A3: Report Type: | B3: Mean | C3: Calibration | G3: Calib. | J3: Data Fail | L3: Data F | N3: Invalid | P3: Invalid
A4: Time Base: | B4: 15 Min | C4: Zero Referrence | G4: Z.Ref | J4: Warm Up | L4: Wm. Up
A7: Date & Time | B7: NO | C7: NO2 | D7: NOX | E7: SO2 | F7: O3 | G7: PM 10 | H7: PM 2.5 | I7: BENZ | J7: WS | K7: WD | L7: TEMP | M7: HUM | N7: SR | O7: RG | P7: CO | Q7: NH3
B8: ug/m3 | C8: ug/m3 | D8: ppb | E8: ug/m3 | F8: ug/m3 | G8: ug/m3 | H8: ug/m3 | I8: ug/m3 | J8: m/sec | K8: deg | L8: degreC | M8: % | N8: w/m2 | O8: mm | P8: mg/m3 | Q8: ug/m3
A9: 45482.01 | B9: 9.24 | C9: 4.17 | D9: 14.03 | E9: 9.65 | F9: 5.88 | G9: 44.02 | H9: 14.56 | I9: 6.08 | J9: 0.32 | K9: 263.88 | L9: 27.83 | M9: 92.75 | N9: 2 | O9: 0 | P9: 0.49 | Q9: 4.56
A10: 45482.021 | B10: 9.25 | C10: 4.09 | D10: 14.01 | E10: 9.86 | F10: 5.46 | G10: 44.02 | H10: 14.56 | I10: 6.02 | J10: 0.24 | K10: 275.24 | L10: 27.78 | M10: 88.47 | N10: 2.3 | O10: 0 | P10: 0.48 | Q10: 4.55
A11: 45482.031 | B11: 9.25 | C11: 4.11 | D11: 14.01 | E11: 9.88 | F11: 5.51 | G11: 39.72 | H11: 10.87 | I11: 5.85 | J11: 0.4 | K11: 268.04 | L11: 27.39 | M11: 87.45 | N11: 2.6 | O11: 0 | P11: 0.47 | Q11: 4.55
A12: 45482.042 | B12: 9.25 | C12: 4.1 | D12: 14.01 | E12: 9.99 | F12: 3.55 | G12: 36.44 | H12: 8.59 | I12: 5.66 | J12: 0.18 | K12: 275.48 | L12: 27.09 | M12: 88.68 | N12: 2.4 | O12: 0 | P12: 0.45 | Q12: 4.54
A13: 45482.052 | B13: 9.26 | C13: 4.08 | D13: 14.01 | E13: 10.32 | F13: 3.06 | G13: 36.44 | H13: 8.59 | I13: 5.62 | J13: 0.27 | K13: 259.81 | L13: 26.76 | M13: 91.1 | N13: 2.3 | O13: 0 | P13: 0.44 | Q13: 4.54
A14: 45482.062 | B14: 9.25 | C14: 4.09 | D14: 14 | E14: 10.28 | F14: 3.63 | G14: 36.44 | H14: 8.59 | I14: 5.54 | J14: 0.23 | K14: 258.69 | L14: 26.58 | M14: 91.59 | N14: 2.1 | O14: 0 | P14: 0.44 | Q14: 4.54
A15: 45482.073 | B15: 9.26 | C15: 4.04 | D15: 13.98 | E15: 9.86 | F15: 5.13 | G15: 32.83 | H15: 6.57 | I15: 5.3 | J15: 0.15 | K15: 235.13 | L15: 26.36 | M15: 91.48 | N15: 2.1 | O15: 0 | P15: 0.42 | Q15: 4.54
A16: 45482.083 | B16: 9.26 | C16: 4.01 | D16: 13.97 | E16: 10.26 | F16: 2.37 | G16: 30.07 | H16: 5.88 | I16: 5.28 | J16: 0.13 | K16: 191.99 | L16: 26.36 | M16: 91.99 | N16: 2.1 | O16: 0 | P16: 0.41 | Q16: 4.54
A17: 45482.094 | B17: 9.24 | C17: 4.05 | D17: 13.97 | E17: 7.61 | F17: 3.71 | G17: 30.07 | H17: 5.88 | I17: 5.14 | J17: 0.14 | K17: 187.89 | L17: 25.97 | M17: 93.47 | N17: 2 | O17: 0 | P17: 0.44 | Q17: 4.55
A18: 45482.104 | B18: 9.27 | C18: 4.06 | D18: 14.01 | E18: 8.76 | F18: 4.14 | G18: 30.07 | H18: 5.88 | I18: 5 | J18: 0.09 | K18: 107.38 | L18: 26.04 | M18: 95.27 | N18: 2 | O18: 0 | P18: 0.45 | Q18: 4.53
A19: 45482.115 | B19: 9.3 | C19: 4.04 | D19: 14.02 | E19: 7.61 | F19: 5.46 | G19: 25.23 | H19: 4.67 | I19: 4.95 | J19: 0.37 | K19: 38.97 | L19: 25.93 | M19: 94.21 | N19: 1.8 | O19: 0 | P19: 0.43 | Q19: 4.52
A20: 45482.125 | B20: 9.31 | C20: 4.05 | D20: 14.04 | E20: 7.71 | F20: 4.85 | G20: 21.52 | H20: 4.26 | I20: 4.92 | J20: 0.14 | K20: 197.44 | L20: 26.05 | M20: 94.9 | N20: 1.9 | O20: 0 | P20: 0.43 | Q20: 4.5
... A104: 45483 | B104: 9.3 | C104: 4.1 | D104: 14.04 | E104: 8.57 | F104: 8.22 | G104: 20.31 | H104: 8.98 | I104: 4.7 | J104: 0.26 | K104: 244.39 | L104: 26.07 | M104: 92.55 | N104: 2.5 | O104: 0 | P104: 0.41 | Q104: 4.52
A106: Min | B106: =MIN(B9:B104) -> 9.24 | C106: =MIN(C9:C104) -> 4.01 | D106: =MIN(D9:D104) -> 13.97 | E106: =MIN(E9:E104) -> 5.54 | F106: =MIN(F9:F104) -> 2.37 | G106: =MIN(G9:G104) -> 9.13 | H106: =MIN(H9:H104) -> 1.8 | I106: =MIN(I9:I104) -> 3.56 | ... Q106: =MIN(Q9:Q104) -> 3.25
A107: Max | B107: =MAX(B9:B104) -> 9.36 | C107: =MAX(C9:C104) -> 4.17 | D107: =MAX(D9:D104) -> 14.08 | E107: =MAX(E9:E104) -> 12.19 | F107: =MAX(F9:F104) -> 25.51 | G107: =MAX(G9:G104) -> 57.36 | H107: =MAX(H9:H104) -> 80.45 | I107: =MAX(I9:I104) -> 6.08 | ... Q107: =MAX(Q9:Q104) -> 4.56
A108: Avg | B108: =AVERAGE(B9:B104) -> 9.3016667 | C108: =AVERAGE(C9:C104) -> 4.0742708 | D108: =AVERAGE(D9:D104) -> 14.037604 | E108: =AVERAGE(E9:E104) -> 9.0109375 | F108: =AVERAGE(F9:F104) -> 7.9360417 | G108: =AVERAGE(G9:G104) -> 26.216146 | H108: =AVERAGE(H9:H104) -> 29.287083 | I108: =AVERAGE(I9:I104) -> 4.409375 | ... Q108: =AVERAGE(Q9:Q104) -> 4.5253125
A109: Stdev | B109: =STDEV(B9:B104) -> 0.029006956 | C109: =STDEV(C9:C104) -> 0.023248986 | D109: =STDEV(D9:D104) -> 0.023830312 | E109: =STDEV(E9:E104) -> 1.5354102 | F109: =STDEV(F9:F104) -> 5.7340338 | G109: =STDEV(G9:G104) -> 10.776315 | H109: =STDEV(H9:H104) -> 25.228364 | I109: =STDEV(I9:I104) -> 0.58885761 | ... Q109: =STDEV(Q9:Q104) -> 0.13235481
A110: Num | B110: =COUNT(B9:B104) -> 96 | C110: =COUNT(C9:C104) -> 96 | D110: =COUNT(D9:D104) -> 96 | E110: =COUNT(E9:E104) -> 96 | F110: =COUNT(F9:F104) -> 96 | G110: =COUNT(G9:G104) -> 96 | H110: =COUNT(H9:H104) -> 96 | I110: =COUNT(I9:I104) -> 96 | ... Q110: =COUNT(Q9:Q104) -> 96
A111: DCR | B111: =IF(B110>=87,">90%",IF(B110<=87,"<90%")) -> >90% | C111: =IF(C110>=87,">90%",IF(C110<=87,"<90%")) -> >90% | D111: =IF(D110>=87,">90%",IF(D110<=87,"<90%")) -> >90% | E111: =IF(E110>=87,">90%",IF(E110<=87,"<90%")) -> >90% | F111: =IF(F110>=87,">90%",IF(F110<=87,"<90%")) -> >90% | G111: =IF(G110>=87,">90%",IF(G110<=87,"<90%")) -> >90% | H111: =IF(H110>=87,">90%",IF(H110<=87,"<90%")) -> >90% | I111: =IF(I110>=87,">90%",IF(I110<=87,"<90%")) -> >90% | ... Q111: =IF(Q110>=87,">90%",IF(Q110<=87,"<90%")) -> >90%
A112: Status | B112: =IF(B110>=87,"OK",IF(B110<=87,"LESS")) -> OK | C112: =IF(C110>=87,"OK",IF(C110<=87,"LESS")) -> OK | D112: =IF(D110>=87,"OK",IF(D110<=87,"LESS")) -> OK | E112: =IF(E110>=87,"OK",IF(E110<=87,"LESS")) -> OK | F112: =IF(F110>=87,"OK",IF(F110<=87,"LESS")) -> OK | G112: =IF(G110>=87,"OK",IF(G110<=87,"LESS")) -> OK | H112: =IF(H110>=87,"OK",IF(H110<=87,"LESS")) -> OK | I112: =IF(I110>=87,"OK",IF(I110<=87,"LESS")) -> OK | ... Q112: =IF(Q110>=87,"OK",IF(Q110<=87,"LESS")) -> OK
A115: Done by | B115: AKASH
A117: Comment

Sheet 10
A1: Station: | B1: IGKV RAIPUR
A2: Date: | B2: =$A$9 -> 45483.01 | C2: Power Off | G2: Pw.Off | J2: Link Fail | L2: Link F | N2: Maintenance | P2: Maint.
A3: Report Type: | B3: Mean | C3: Calibration | G3: Calib. | J3: Data Fail | L3: Data F | N3: Invalid | P3: Invalid
A4: Time Base: | B4: 15 Min | C4: Zero Referrence | G4: Z.Ref | J4: Warm Up | L4: Wm. Up
A7: Date & Time | B7: NO | C7: NO2 | D7: NOX | E7: SO2 | F7: O3 | G7: PM 10 | H7: PM 2.5 | I7: BENZ | J7: WS | K7: WD | L7: TEMP | M7: HUM | N7: SR | O7: RG | P7: CO | Q7: NH3
B8: ug/m3 | C8: ug/m3 | D8: ppb | E8: ug/m3 | F8: ug/m3 | G8: ug/m3 | H8: ug/m3 | I8: ug/m3 | J8: m/sec | K8: deg | L8: degreC | M8: % | N8: w/m2 | O8: mm | P8: mg/m3 | Q8: ug/m3
A9: 45483.01 | B9: 9.32 | C9: 4.04 | D9: 14.03 | E9: 8.26 | F9: 8.18 | G9: 20.31 | H9: 8.98 | I9: 4.42 | J9: 0.28 | K9: 263.88 | L9: 25.89 | M9: 92.68 | N9: 2.5 | O9: 0 | P9: 0.4 | Q9: 4.58
A10: 45483.021 | B10: 9.3 | C10: 4.08 | D10: 14.04 | E10: 7.71 | F10: 7.56 | G10: 20.31 | H10: 8.98 | I10: 4.51 | J10: 0.37 | K10: 262.46 | L10: 25.82 | M10: 92.22 | N10: 2.4 | O10: 0 | P10: 0.4 | Q10: 4.57
A11: 45483.031 | B11: 9.31 | C11: 4.07 | D11: 14.04 | E11: 7.78 | F11: 9.54 | G11: 17.59 | H11: 7.75 | I11: 4.32 | J11: 0.38 | K11: 256.6 | L11: 25.68 | M11: 92.91 | N11: 2.4 | O11: 0 | P11: 0.39 | Q11: 4.58
A12: 45483.042 | B12: 9.3 | C12: 4.1 | D12: 14.05 | E12: 8.17 | F12: 7.21 | G12: 15.5 | H12: 6.99 | I12: 4.44 | J12: 0.19 | K12: 223.87 | L12: 25.57 | M12: 94.53 | N12: 2.1 | O12: 0 | P12: 0.39 | Q12: 4.57
A13: 45483.052 | B13: 9.3 | C13: 4.09 | D13: 14.04 | E13: 7.9 | F13: 5.18 | G13: 15.5 | H13: 6.99 | I13: 4.21 | J13: 0.29 | K13: 258.41 | L13: 25.47 | M13: 95.9 | N13: 2.1 | O13: 0 | P13: 0.41 | Q13: 4.54
A14: 45483.062 | B14: 9.3 | C14: 4.08 | D14: 14.03 | E14: 8.86 | F14: 4.47 | G14: 15.5 | H14: 6.99 | I14: 4.46 | J14: 0.16 | K14: 228.63 | L14: 25.49 | M14: 96.7 | N14: 2 | O14: 0 | P14: 0.42 | Q14: 4.55
A15: 45483.073 | B15: 9.31 | C15: 4.08 | D15: 14.05 | E15: 8.74 | F15: 4.85 | G15: 12.87 | H15: 5.32 | I15: 4.48 | J15: 0.14 | K15: 250.35 | L15: 25.35 | M15: 97.65 | N15: 2.1 | O15: 0 | P15: 0.38 | Q15: 4.57
A16: 45483.083 | B16: 9.32 | C16: 4.09 | D16: 14.06 | E16: 8.63 | F16: 4.49 | G16: 10.85 | H16: 4.74 | I16: 4.54 | J16: 0.16 | K16: 221.64 | L16: 25.41 | M16: 96.3 | N16: 2 | O16: 0 | P16: 0.35 | Q16: 4.57
A17: 45483.094 | B17: 9.33 | C17: 4.08 | D17: 14.06 | E17: 9.08 | F17: 4.19 | G17: 10.85 | H17: 4.74 | I17: 4.4 | J17: 0.15 | K17: 176.82 | L17: 25.29 | M17: 96.23 | N17: 2.1 | O17: 0 | P17: 0.34 | Q17: 4.58
A18: 45483.104 | B18: 9.32 | C18: 4.06 | D18: 14.05 | E18: 11.19 | F18: 3.8 | G18: 10.85 | H18: 4.74 | I18: 4.39 | J18: 0.11 | K18: 172.78 | L18: 25.18 | M18: 97.24 | N18: 2.1 | O18: 0 | P18: 0.34 | Q18: 4.56
A19: 45483.115 | B19: 9.29 | C19: 4.08 | D19: 14.03 | E19: 10.87 | F19: 5.36 | G19: 9.04 | H19: 3.84 | I19: 4.34 | J19: 0.12 | K19: 186.55 | L19: 25.04 | M19: 98.6 | N19: 2.1 | O19: 0 | P19: 0.33 | Q19: 4.58
A20: 45483.125 | B20: 9.27 | C20: 4.09 | D20: 14.02 | E20: 11.01 | F20: 4.29 | G20: 7.6 | H20: 3.53 | I20: 4.28 | J20: 0.11 | K20: 181.02 | L20: 24.97 | M20: 98.4 | N20: 1.9 | O20: 0 | P20: 0.33 | Q20: 4.56
... A104: 45484 | B104: 9.29 | C104: 4.07 | D104: 14.03 | E104: 10.24 | F104: 6.68 | G104: 25.12 | H104: 8.57 | I104: 4.45 | J104: 0.29 | K104: 261.9 | L104: 27.97 | M104: 87.7 | N104: 2.1 | O104: 0 | P104: 0.35 | Q104: 4.55
A106: Min | B106: =MIN(B9:B104) -> 9.22 | C106: =MIN(C9:C104) -> 4.02 | D106: =MIN(D9:D104) -> 13.96 | E106: =MIN(E9:E104) -> 6.52 | F106: =MIN(F9:F104) -> 2.71 | G106: =MIN(G9:G104) -> 6.09 | H106: =MIN(H9:H104) -> 1.44 | I106: =MIN(I9:I104) -> 3.13 | ... Q106: =MIN(Q9:Q104) -> 4.52
A107: Max | B107: =MAX(B9:B104) -> 9.33 | C107: =MAX(C9:C104) -> 4.12 | D107: =MAX(D9:D104) -> 14.06 | E107: =MAX(E9:E104) -> 23.21 | F107: =MAX(F9:F104) -> 20.24 | G107: =MAX(G9:G104) -> 48.95 | H107: =MAX(H9:H104) -> 20.2 | I107: =MAX(I9:I104) -> 8.01 | ... Q107: =MAX(Q9:Q104) -> 4.6
A108: Avg | B108: =AVERAGE(B9:B104) -> 9.2835417 | C108: =AVERAGE(C9:C104) -> 4.0703125 | D108: =AVERAGE(D9:D104) -> 14.021042 | E108: =AVERAGE(E9:E104) -> 10.592396 | F108: =AVERAGE(F9:F104) -> 8.1019792 | G108: =AVERAGE(G9:G104) -> 22.560625 | H108: =AVERAGE(H9:H104) -> 9.1835417 | I108: =AVERAGE(I9:I104) -> 4.3642708 | ... Q108: =AVERAGE(Q9:Q104) -> 4.5571875
A109: Stdev | B109: =STDEV(B9:B104) -> 0.024793003 | C109: =STDEV(C9:C104) -> 0.020076335 | D109: =STDEV(D9:D104) -> 0.020697275 | E109: =STDEV(E9:E104) -> 2.8264379 | F109: =STDEV(F9:F104) -> 4.4268779 | G109: =STDEV(G9:G104) -> 15.245455 | H109: =STDEV(H9:H104) -> 6.0056168 | I109: =STDEV(I9:I104) -> 1.0875116 | ... Q109: =STDEV(Q9:Q104) -> 0.016777374
A110: Num | B110: =COUNT(B9:B104) -> 96 | C110: =COUNT(C9:C104) -> 96 | D110: =COUNT(D9:D104) -> 96 | E110: =COUNT(E9:E104) -> 96 | F110: =COUNT(F9:F104) -> 96 | G110: =COUNT(G9:G104) -> 96 | H110: =COUNT(H9:H104) -> 96 | I110: =COUNT(I9:I104) -> 96 | ... Q110: =COUNT(Q9:Q104) -> 96
A111: DCR | B111: =IF(B110>=87,">90%",IF(B110<=87,"<90%")) -> >90% | C111: =IF(C110>=87,">90%",IF(C110<=87,"<90%")) -> >90% | D111: =IF(D110>=87,">90%",IF(D110<=87,"<90%")) -> >90% | E111: =IF(E110>=87,">90%",IF(E110<=87,"<90%")) -> >90% | F111: =IF(F110>=87,">90%",IF(F110<=87,"<90%")) -> >90% | G111: =IF(G110>=87,">90%",IF(G110<=87,"<90%")) -> >90% | H111: =IF(H110>=87,">90%",IF(H110<=87,"<90%")) -> >90% | I111: =IF(I110>=87,">90%",IF(I110<=87,"<90%")) -> >90% | ... Q111: =IF(Q110>=87,">90%",IF(Q110<=87,"<90%")) -> >90%
A112: Status | B112: =IF(B110>=87,"OK",IF(B110<=87,"LESS")) -> OK | C112: =IF(C110>=87,"OK",IF(C110<=87,"LESS")) -> OK | D112: =IF(D110>=87,"OK",IF(D110<=87,"LESS")) -> OK | E112: =IF(E110>=87,"OK",IF(E110<=87,"LESS")) -> OK | F112: =IF(F110>=87,"OK",IF(F110<=87,"LESS")) -> OK | G112: =IF(G110>=87,"OK",IF(G110<=87,"LESS")) -> OK | H112: =IF(H110>=87,"OK",IF(H110<=87,"LESS")) -> OK | I112: =IF(I110>=87,"OK",IF(I110<=87,"LESS")) -> OK | ... Q112: =IF(Q110>=87,"OK",IF(Q110<=87,"LESS")) -> OK
A115: Done by | B115: AKASH
A117: Comment

Sheet 11
A1: Station: | B1: IGKV RAIPUR
A2: Date: | B2: =$A$9 -> 45484.01 | C2: Power Off | G2: Pw.Off | J2: Link Fail | L2: Link F | N2: Maintenance | P2: Maint.
A3: Report Type: | B3: Mean | C3: Calibration | G3: Calib. | J3: Data Fail | L3: Data F | N3: Invalid | P3: Invalid
A4: Time Base: | B4: 15 Min | C4: Zero Referrence | G4: Z.Ref | J4: Warm Up | L4: Wm. Up
A7: Date & Time | B7: NO | C7: NO2 | D7: NOX | E7: SO2 | F7: O3 | G7: PM 10 | H7: PM 2.5 | I7: BENZ | J7: WS | K7: WD | L7: TEMP | M7: HUM | N7: SR | O7: RG | P7: CO | Q7: NH3
B8: ug/m3 | C8: ug/m3 | D8: ppb | E8: ug/m3 | F8: ug/m3 | G8: ug/m3 | H8: ug/m3 | I8: ug/m3 | J8: m/sec | K8: deg | L8: degreC | M8: % | N8: w/m2 | O8: mm | P8: mg/m3 | Q8: ug/m3
A9: 45484.01 | B9: 9.4 | C9: 4.05 | D9: 14.1 | E9: 10.26 | F9: 6.86 | G9: 25.12 | H9: 8.57 | I9: 4.35 | J9: 0.31 | K9: 271.2 | L9: 27.74 | M9: 88.12 | N9: 2.1 | O9: 0 | P9: 0.35 | Q9: 4.63
A10: 45484.021 | B10: 9.4 | C10: 4.08 | D10: 14.12 | E10: 10.54 | F10: 6.68 | G10: 25.12 | H10: 8.57 | I10: 4.32 | J10: 0.28 | K10: 254.39 | L10: 27.6 | M10: 89.79 | N10: 2.1 | O10: 0 | P10: 0.34 | Q10: 4.63
A11: 45484.031 | B11: 9.41 | C11: 4.09 | D11: 14.13 | E11: 10.63 | F11: 6.42 | G11: 22.84 | H11: 9.73 | I11: 4.19 | J11: 0.13 | K11: 211.94 | L11: 27.35 | M11: 91.42 | N11: 2.2 | O11: 0 | P11: 0.34 | Q11: 4.63
A12: 45484.042 | B12: 9.41 | C12: 4.08 | D12: 14.13 | E12: 10.94 | F12: 6.33 | G12: 21.1 | H12: 10.44 | I12: 4.08 | J12: 0.24 | K12: 266.3 | L12: 27.16 | M12: 91.91 | N12: 2.1 | O12: 0 | P12: 0.34 | Q12: 4.63
A13: 45484.052 | B13: 9.42 | C13: 4.07 | D13: 14.13 | E13: 11.18 | F13: 5.56 | G13: 21.1 | H13: 10.44 | I13: 4.03 | J13: 0.28 | K13: 247.63 | L13: 27.18 | M13: 91.26 | N13: 2 | O13: 0 | P13: 0.33 | Q13: 4.63
A14: 45484.062 | B14: 9.41 | C14: 4.09 | D14: 14.13 | E14: 10.96 | F14: 4.92 | G14: 21.1 | H14: 10.44 | I14: 4.09 | J14: 0.27 | K14: 262.02 | L14: 27.05 | M14: 91.45 | N14: 2.1 | O14: 0 | P14: 0.36 | Q14: 4.63
A15: 45484.073 | B15: 9.39 | C15: 4.09 | D15: 14.11 | E15: 10.87 | F15: 8.47 | G15: 21.99 | H15: 8.41 | I15: 3.99 | J15: 0.26 | K15: 265.77 | L15: 26.94 | M15: 91.2 | N15: 2.1 | O15: 0 | P15: 0.36 | Q15: 4.65
A16: 45484.083 | B16: 9.34 | C16: 4.11 | D16: 14.09 | E16: 10.16 | F16: 8.81 | G16: 22.68 | H16: 7.75 | I16: 4.03 | J16: 0.08 | K16: 189.91 | L16: 26.82 | M16: 92.67 | N16: 2.1 | O16: 0 | P16: 0.36 | Q16: 4.64
A17: 45484.094 | B17: 9.35 | C17: 4.09 | D17: 14.09 | E17: 7.42 | F17: 8.01 | G17: 22.68 | H17: 7.75 | I17: 3.67 | J17: 0.12 | K17: 235.79 | L17: 26.6 | M17: 94.69 | N17: 2.1 | O17: 0 | P17: 0.36 | Q17: 4.65
A18: 45484.104 | B18: 9.36 | C18: 4.09 | D18: 14.09 | E18: 8.29 | F18: 8.38 | G18: 22.68 | H18: 7.75 | I18: 3.66 | J18: 0.28 | K18: 260.11 | L18: 26.58 | M18: 93.47 | N18: 1.8 | O18: 0 | P18: 0.35 | Q18: 4.64
A19: 45484.115 | B19: 9.37 | C19: 4.06 | D19: 14.08 | E19: 8.42 | F19: 10.3 | G19: 20.99 | H19: 7.34 | I19: 3.62 | J19: 0.22 | K19: 256.07 | L19: 26.61 | M19: 93.75 | N19: 2 | O19: 0 | P19: 0.34 | Q19: 4.63
A20: 45484.125 | B20: 9.37 | C20: 4.08 | D20: 14.09 | E20: 7.87 | F20: 9.8 | G20: 19.63 | H20: 7.2 | I20: 3.73 | J20: 0.11 | K20: 203.65 | L20: 26.5 | M20: 94.63 | N20: 2.1 | O20: 0 | P20: 0.34 | Q20: 4.63
... A104: 45485 | B104: 9.37 | C104: 4.07 | D104: 14.09 | E104: 8.31 | F104: 9.86 | G104: 29.67 | H104: 16.64 | I104: 3.98 | J104: 0.38 | K104: 262.59 | L104: 27.47 | M104: 85.55 | N104: 2.2 | O104: 0 | P104: 0.39 | Q104: 4.63
A106: Min | B106: =MIN(B9:B104) -> 9.33 | C106: =MIN(C9:C104) -> 4.04 | D106: =MIN(D9:D104) -> 14.07 | E106: =MIN(E9:E104) -> 4.89 | F106: =MIN(F9:F104) -> 4.36 | G106: =MIN(G9:G104) -> 14.28 | H106: =MIN(H9:H104) -> 5.09 | I106: =MIN(I9:I104) -> 3.11 | ... Q106: =MIN(Q9:Q104) -> 4.6
A107: Max | B107: =MAX(B9:B104) -> 9.46 | C107: =MAX(C9:C104) -> 4.13 | D107: =MAX(D9:D104) -> 14.18 | E107: =MAX(E9:E104) -> 11.7 | F107: =MAX(F9:F104) -> 12.23 | G107: =MAX(G9:G104) -> 29.73 | H107: =MAX(H9:H104) -> 18.57 | I107: =MAX(I9:I104) -> 4.51 | ... Q107: =MAX(Q9:Q104) -> 4.66
A108: Avg | B108: =AVERAGE(B9:B104) -> 9.3838542 | C108: =AVERAGE(C9:C104) -> 4.0788542 | D108: =AVERAGE(D9:D104) -> 14.105729 | E108: =AVERAGE(E9:E104) -> 8.5048958 | F108: =AVERAGE(F9:F104) -> 8.1891667 | G108: =AVERAGE(G9:G104) -> 22.000104 | H108: =AVERAGE(H9:H104) -> 11.918333 | I108: =AVERAGE(I9:I104) -> 3.5966667 | ... Q108: =AVERAGE(Q9:Q104) -> 4.6364583
A109: Stdev | B109: =STDEV(B9:B104) -> 0.033697409 | C109: =STDEV(C9:C104) -> 0.016974891 | D109: =STDEV(D9:D104) -> 0.027481852 | E109: =STDEV(E9:E104) -> 1.7904001 | F109: =STDEV(F9:F104) -> 1.9019169 | G109: =STDEV(G9:G104) -> 3.7493793 | H109: =STDEV(H9:H104) -> 3.9054005 | I109: =STDEV(I9:I104) -> 0.3651378 | ... Q109: =STDEV(Q9:Q104) -> 0.011605731
A110: Num | B110: =COUNT(B9:B104) -> 96 | C110: =COUNT(C9:C104) -> 96 | D110: =COUNT(D9:D104) -> 96 | E110: =COUNT(E9:E104) -> 96 | F110: =COUNT(F9:F104) -> 96 | G110: =COUNT(G9:G104) -> 96 | H110: =COUNT(H9:H104) -> 96 | I110: =COUNT(I9:I104) -> 96 | ... Q110: =COUNT(Q9:Q104) -> 96
A111: DCR | B111: =IF(B110>=87,">90%",IF(B110<=87,"<90%")) -> >90% | C111: =IF(C110>=87,">90%",IF(C110<=87,"<90%")) -> >90% | D111: =IF(D110>=87,">90%",IF(D110<=87,"<90%")) -> >90% | E111: =IF(E110>=87,">90%",IF(E110<=87,"<90%")) -> >90% | F111: =IF(F110>=87,">90%",IF(F110<=87,"<90%")) -> >90% | G111: =IF(G110>=87,">90%",IF(G110<=87,"<90%")) -> >90% | H111: =IF(H110>=87,">90%",IF(H110<=87,"<90%")) -> >90% | I111: =IF(I110>=87,">90%",IF(I110<=87,"<90%")) -> >90% | ... Q111: =IF(Q110>=87,">90%",IF(Q110<=87,"<90%")) -> >90%
A112: Status | B112: =IF(B110>=87,"OK",IF(B110<=87,"LESS")) -> OK | C112: =IF(C110>=87,"OK",IF(C110<=87,"LESS")) -> OK | D112: =IF(D110>=87,"OK",IF(D110<=87,"LESS")) -> OK | E112: =IF(E110>=87,"OK",IF(E110<=87,"LESS")) -> OK | F112: =IF(F110>=87,"OK",IF(F110<=87,"LESS")) -> OK | G112: =IF(G110>=87,"OK",IF(G110<=87,"LESS")) -> OK | H112: =IF(H110>=87,"OK",IF(H110<=87,"LESS")) -> OK | I112: =IF(I110>=87,"OK",IF(I110<=87,"LESS")) -> OK | ... Q112: =IF(Q110>=87,"OK",IF(Q110<=87,"LESS")) -> OK
A115: Done by | B115: AKASH
A117: Comment

Sheet 12
A1: Station: | B1: IGKV RAIPUR
A2: Date: | B2: =$A$9 -> 45485.01 | C2: Power Off | G2: Pw.Off | J2: Link Fail | L2: Link F | N2: Maintenance | P2: Maint.
A3: Report Type: | B3: Mean | C3: Calibration | G3: Calib. | J3: Data Fail | L3: Data F | N3: Invalid | P3: Invalid
A4: Time Base: | B4: 15 Min | C4: Zero Referrence | G4: Z.Ref | J4: Warm Up | L4: Wm. Up
A7: Date & Time | B7: NO | C7: NO2 | D7: NOX | E7: SO2 | F7: O3 | G7: PM 10 | H7: PM 2.5 | I7: BENZ | J7: WS | K7: WD | L7: TEMP | M7: HUM | N7: SR | O7: RG | P7: CO | Q7: NH3
B8: ug/m3 | C8: ug/m3 | D8: ppb | E8: ug/m3 | F8: ug/m3 | G8: ug/m3 | H8: ug/m3 | I8: ug/m3 | J8: m/sec | K8: deg | L8: degreC | M8: % | N8: w/m2 | O8: mm | P8: mg/m3 | Q8: ug/m3
A9: 45485.01 | B9: 9.27 | C9: 4 | D9: 13.97 | E9: 8.42 | F9: 9.27 | G9: 29.67 | H9: 16.64 | I9: 3.85 | J9: 0.31 | K9: 258.28 | L9: 27.48 | M9: 85.25 | N9: 2.2 | O9: 0 | P9: 0.39 | Q9: 4.58
A10: 45485.021 | B10: 9.26 | C10: 4.07 | D10: 14 | E10: 8.13 | F10: 9.93 | G10: 29.67 | H10: 16.64 | I10: 3.87 | J10: 0.34 | K10: 263.75 | L10: 27.3 | M10: 85.52 | N10: 2.2 | O10: 0 | P10: 0.39 | Q10: 4.57
A11: 45485.031 | B11: 9.25 | C11: 4.07 | D11: 14 | E11: 7.81 | F11: 12.26 | G11: 27.74 | H11: 13.59 | I11: 3.8 | J11: 0.28 | K11: 263.25 | L11: 27.3 | M11: 86.89 | N11: 2.1 | O11: 0 | P11: 0.37 | Q11: 4.58
A12: 45485.042 | B12: 9.26 | C12: 4.07 | D12: 14 | E12: 8.07 | F12: 9.33 | G12: 26.26 | H12: 11.71 | I12: 3.84 | J12: 0.21 | K12: 243.36 | L12: 27.25 | M12: 87.68 | N12: 2.1 | O12: 0 | P12: 0.36 | Q12: 4.57
A13: 45485.052 | B13: 9.25 | C13: 4.08 | D13: 14 | E13: 8.36 | F13: 8.37 | G13: 26.26 | H13: 11.71 | I13: 3.51 | J13: 0.15 | K13: 241.51 | L13: 27.27 | M13: 87.26 | N13: 2.1 | O13: 0 | P13: 0.34 | Q13: 4.54
A14: 45485.062 | B14: 9.29 | C14: 4.09 | D14: 14.04 | E14: 8.7 | F14: 8.21 | G14: 26.26 | H14: 11.71 | I14: 3.89 | J14: 0.17 | K14: 230.78 | L14: 27.14 | M14: 88.53 | N14: 2.1 | O14: 0 | P14: 0.33 | Q14: 4.55
A15: 45485.073 | B15: 9.29 | C15: 4.08 | D15: 14.03 | E15: 9 | F15: 6.79 | G15: 24.71 | H15: 10.67 | I15: 4 | J15: 0.2 | K15: 241.81 | L15: 27.08 | M15: 87.8 | N15: 2.1 | O15: 0 | P15: 0.33 | Q15: 4.57
A16: 45485.083 | B16: 9.28 | C16: 4.07 | D16: 14.02 | E16: 9.23 | F16: 6.71 | G16: 23.53 | H16: 10.34 | I16: 3.9 | J16: 0.2 | K16: 243.48 | L16: 26.88 | M16: 88.91 | N16: 2.1 | O16: 0 | P16: 0.32 | Q16: 4.57
A17: 45485.094 | B17: 9.29 | C17: 4.06 | D17: 14.02 | E17: 8.73 | F17: 6.86 | G17: 23.53 | H17: 10.34 | I17: 3.86 | J17: 0.28 | K17: 250.66 | L17: 26.89 | M17: 89.1 | N17: 2.1 | O17: 0 | P17: 0.31 | Q17: 4.58
A18: 45485.104 | B18: 9.28 | C18: 4.06 | D18: 14.01 | E18: 10.19 | F18: 7.2 | G18: 23.53 | H18: 10.34 | I18: 3.85 | J18: 0.27 | K18: 259.15 | L18: 26.79 | M18: 89.63 | N18: 2.1 | O18: 0 | P18: 0.32 | Q18: 4.56
A19: 45485.115 | B19: 9.29 | C19: 4.05 | D19: 14.01 | E19: 10.67 | F19: 5.66 | G19: 21.24 | H19: 8.35 | I19: 3.61 | J19: 0.23 | K19: 248.49 | L19: 26.72 | M19: 90.75 | N19: 2.1 | O19: 0 | P19: 0.31 | Q19: 4.58
A20: 45485.125 | B20: 9.29 | C20: 4.06 | D20: 14.03 | E20: 10.54 | F20: 5.06 | G20: 19.49 | H20: 7.68 | I20: 3.67 | J20: 0.24 | K20: 250.95 | L20: 26.68 | M20: 90.78 | N20: 2 | O20: 0 | P20: 0.3 | Q20: 4.56
... A104: 45486 | B104: 9.29 | C104: 4.05 | D104: 14.02 | E104: 10.38 | F104: 3.37 | G104: 19.25 | H104: 10.14 | I104: 3.89 | J104: 0.17 | K104: 177.37 | L104: 25.61 | M104: 95.18 | N104: 1.7 | O104: 0 | P104: 0.42 | Q104: 4.55
A106: Min | B106: =MIN(B9:B104) -> 9.25 | C106: =MIN(C9:C104) -> 4 | D106: =MIN(D9:D104) -> 13.97 | E106: =MIN(E9:E104) -> 7.81 | F106: =MIN(F9:F104) -> 3.37 | G106: =MIN(G9:G104) -> 11.14 | H106: =MIN(H9:H104) -> 4.26 | I106: =MIN(I9:I104) -> 3.16 | ... Q106: =MIN(Q9:Q104) -> 4.52
A107: Max | B107: =MAX(B9:B104) -> 9.37 | C107: =MAX(C9:C104) -> 4.11 | D107: =MAX(D9:D104) -> 14.1 | E107: =MAX(E9:E104) -> 29.09 | F107: =MAX(F9:F104) -> 21.81 | G107: =MAX(G9:G104) -> 70.11 | H107: =MAX(H9:H104) -> 25.75 | I107: =MAX(I9:I104) -> 5.31 | ... Q107: =MAX(Q9:Q104) -> 4.6
A108: Avg | B108: =AVERAGE(B9:B104) -> 9.3045833 | C108: =AVERAGE(C9:C104) -> 4.0720833 | D108: =AVERAGE(D9:D104) -> 14.038854 | E108: =AVERAGE(E9:E104) -> 11.9 | F108: =AVERAGE(F9:F104) -> 6.7885417 | G108: =AVERAGE(G9:G104) -> 31.597188 | H108: =AVERAGE(H9:H104) -> 14.361562 | I108: =AVERAGE(I9:I104) -> 4.0909375 | ... Q108: =AVERAGE(Q9:Q104) -> 4.5571875
A109: Stdev | B109: =STDEV(B9:B104) -> 0.028206631 | C109: =STDEV(C9:C104) -> 0.020205089 | D109: =STDEV(D9:D104) -> 0.02520943 | E109: =STDEV(E9:E104) -> 3.5175329 | F109: =STDEV(F9:F104) -> 2.752188 | G109: =STDEV(G9:G104) -> 16.29953 | H109: =STDEV(H9:H104) -> 7.3678303 | I109: =STDEV(I9:I104) -> 0.61036155 | ... Q109: =STDEV(Q9:Q104) -> 0.016777374
A110: Num | B110: =COUNT(B9:B104) -> 96 | C110: =COUNT(C9:C104) -> 96 | D110: =COUNT(D9:D104) -> 96 | E110: =COUNT(E9:E104) -> 96 | F110: =COUNT(F9:F104) -> 96 | G110: =COUNT(G9:G104) -> 96 | H110: =COUNT(H9:H104) -> 96 | I110: =COUNT(I9:I104) -> 96 | ... Q110: =COUNT(Q9:Q104) -> 96
A111: DCR | B111: =IF(B110>=87,">90%",IF(B110<=87,"<90%")) -> >90% | C111: =IF(C110>=87,">90%",IF(C110<=87,"<90%")) -> >90% | D111: =IF(D110>=87,">90%",IF(D110<=87,"<90%")) -> >90% | E111: =IF(E110>=87,">90%",IF(E110<=87,"<90%")) -> >90% | F111: =IF(F110>=87,">90%",IF(F110<=87,"<90%")) -> >90% | G111: =IF(G110>=87,">90%",IF(G110<=87,"<90%")) -> >90% | H111: =IF(H110>=87,">90%",IF(H110<=87,"<90%")) -> >90% | I111: =IF(I110>=87,">90%",IF(I110<=87,"<90%")) -> >90% | ... Q111: =IF(Q110>=87,">90%",IF(Q110<=87,"<90%")) -> >90%
A112: Status | B112: =IF(B110>=87,"OK",IF(B110<=87,"LESS")) -> OK | C112: =IF(C110>=87,"OK",IF(C110<=87,"LESS")) -> OK | D112: =IF(D110>=87,"OK",IF(D110<=87,"LESS")) -> OK | E112: =IF(E110>=87,"OK",IF(E110<=87,"LESS")) -> OK | F112: =IF(F110>=87,"OK",IF(F110<=87,"LESS")) -> OK | G112: =IF(G110>=87,"OK",IF(G110<=87,"LESS")) -> OK | H112: =IF(H110>=87,"OK",IF(H110<=87,"LESS")) -> OK | I112: =IF(I110>=87,"OK",IF(I110<=87,"LESS")) -> OK | ... Q112: =IF(Q110>=87,"OK",IF(Q110<=87,"LESS")) -> OK
A115: Done by | B115: AKASH
A117: Comment

Sheet 13
A1: Station: | B1: IGKV RAIPUR
A2: Date: | B2: =$A$9 -> 45486.01 | C2: Power Off | G2: Pw.Off | J2: Link Fail | L2: Link F | N2: Maintenance | P2: Maint.
A3: Report Type: | B3: Mean | C3: Calibration | G3: Calib. | J3: Data Fail | L3: Data F | N3: Invalid | P3: Invalid
A4: Time Base: | B4: 15 Min | C4: Zero Referrence | G4: Z.Ref | J4: Warm Up | L4: Wm. Up
A7: Date & Time | B7: NO | C7: NO2 | D7: NOX | E7: SO2 | F7: O3 | G7: PM 10 | H7: PM 2.5 | I7: BENZ | J7: WS | K7: WD | L7: TEMP | M7: HUM | N7: SR | O7: RG | P7: CO | Q7: NH3
B8: ug/m3 | C8: ug/m3 | D8: ppb | E8: ug/m3 | F8: ug/m3 | G8: ug/m3 | H8: ug/m3 | I8: ug/m3 | J8: m/sec | K8: deg | L8: degreC | M8: % | N8: w/m2 | O8: mm | P8: mg/m3 | Q8: ug/m3
A9: 45486.01 | B9: 9.28 | C9: 4.03 | D9: 14 | E9: 10.88 | F9: 3.54 | G9: 19.25 | H9: 10.14 | I9: 3.83 | J9: 0.19 | K9: 212.82 | L9: 25.74 | M9: 96.17 | N9: 1.8 | O9: 0 | P9: 0.42 | Q9: 4.62
A10: 45486.021 | B10: 9.25 | C10: 4.04 | D10: 13.98 | E10: 10.89 | F10: 3.16 | G10: 19.25 | H10: 10.14 | I10: 3.77 | J10: 0.21 | K10: 247.72 | L10: 25.76 | M10: 96.83 | N10: 1.7 | O10: 0 | P10: 0.42 | Q10: 4.62
A11: 45486.031 | B11: 9.24 | C11: 4.08 | D11: 13.99 | E11: 10.93 | F11: 3.54 | G11: 17.96 | H11: 8.53 | I11: 3.71 | J11: 0.17 | K11: 228.76 | L11: 25.99 | M11: 95.5 | N11: 1.9 | O11: 0 | P11: 0.43 | Q11: 4.62
A12: 45486.042 | B12: 9.23 | C12: 4.08 | D12: 13.98 | E12: 11.06 | F12: 3.91 | G12: 16.98 | H12: 7.54 | I12: 3.61 | J12: 0.24 | K12: 260.66 | L12: 25.84 | M12: 94.18 | N12: 2.1 | O12: 0 | P12: 0.46 | Q12: 4.61
A13: 45486.052 | B13: 9.25 | C13: 4.06 | D13: 13.99 | E13: 10.55 | F13: 4.17 | G13: 16.98 | H13: 7.54 | I13: 3.55 | J13: 0.16 | K13: 227.81 | L13: 25.97 | M13: 94.52 | N13: 2 | O13: 0 | P13: 0.47 | Q13: 4.62
A14: 45486.062 | B14: 9.27 | C14: 4.07 | D14: 14.01 | E14: 9.84 | F14: 4.94 | G14: 16.98 | H14: 7.54 | I14: 3.6 | J14: 0.1 | K14: 187.48 | L14: 25.91 | M14: 96.06 | N14: 2.1 | O14: 0 | P14: 0.46 | Q14: 4.61
A15: 45486.073 | B15: 9.27 | C15: 4.08 | D15: 14.02 | E15: 9.51 | F15: 6.03 | G15: 14.09 | H15: 5.98 | I15: 3.58 | J15: 0.09 | K15: 205.83 | L15: 25.99 | M15: 94.98 | N15: 2.1 | O15: 0 | P15: 0.45 | Q15: 4.6
A16: 45486.083 | B16: 9.3 | C16: 4.04 | D16: 14.02 | E16: 8.95 | F16: 6.44 | G16: 11.87 | H16: 5.48 | I16: 3.57 | J16: 0.17 | K16: 170.23 | L16: 25.94 | M16: 95.64 | N16: 2 | O16: 0 | P16: 0.44 | Q16: 4.61
A17: 45486.094 | B17: 9.29 | C17: 4.03 | D17: 14 | E17: 8.61 | F17: 5.56 | G17: 11.87 | H17: 5.48 | I17: 3.46 | J17: 0.14 | K17: 216.45 | L17: 26.02 | M17: 95.53 | N17: 2.3 | O17: 0 | P17: 0.44 | Q17: 4.64
A18: 45486.104 | B18: 9.27 | C18: 4.09 | D18: 14.02 | E18: 10.18 | F18: 5.7 | G18: 11.87 | H18: 5.48 | I18: 3.48 | J18: 0.13 | K18: 219.9 | L18: 25.74 | M18: 97.03 | N18: 2.2 | O18: 0 | P18: 0.44 | Q18: 4.63
A19: 45486.115 | B19: 9.29 | C19: 4.06 | D19: 14.02 | E19: 10.17 | F19: 7.35 | G19: 13.06 | H19: 5.84 | I19: 3.53 | J19: 0.12 | K19: 220.4 | L19: 25.68 | M19: 96.97 | N19: 2.1 | O19: 0 | P19: 0.43 | Q19: 4.63
A20: 45486.125 | B20: 9.28 | C20: 4.06 | D20: 14.01 | E20: 9.76 | F20: 7.08 | G20: 13.97 | H20: 5.96 | I20: 3.48 | J20: 0.11 | K20: 210.55 | L20: 25.6 | M20: 98.06 | N20: 2.1 | O20: 0 | P20: 0.43 | Q20: 4.63
... A104: 45487 | B104: 9.3 | C104: 4.05 | D104: 14.03 | E104: 7.92 | F104: 7.13 | G104: 16.07 | H104: 8.97 | I104: 4.7 | J104: 0.42 | K104: 267.24 | L104: 25.91 | M104: 97.08 | N104: 2.1 | O104: 0 | P104: 0.49 | Q104: 4.63
A106: Min | B106: =MIN(B9:B104) -> 9.17 | C106: =MIN(C9:C104) -> 4.02 | D106: =MIN(D9:D104) -> 13.92 | E106: =MIN(E9:E104) -> 7.47 | F106: =MIN(F9:F104) -> 3.16 | G106: =MIN(G9:G104) -> 10.13 | H106: =MIN(H9:H104) -> 3.25 | I106: =MIN(I9:I104) -> 3.25 | ... Q106: =MIN(Q9:Q104) -> 4.6
A107: Max | B107: =MAX(B9:B104) -> 9.33 | C107: =MAX(C9:C104) -> 4.1 | D107: =MAX(D9:D104) -> 14.05 | E107: =MAX(E9:E104) -> 11.89 | F107: =MAX(F9:F104) -> 18.91 | G107: =MAX(G9:G104) -> 36.31 | H107: =MAX(H9:H104) -> 12.29 | I107: =MAX(I9:I104) -> 5.93 | ... Q107: =MAX(Q9:Q104) -> 4.66
A108: Avg | B108: =AVERAGE(B9:B104) -> 9.2552083 | C108: =AVERAGE(C9:C104) -> 4.0653125 | D108: =AVERAGE(D9:D104) -> 13.995104 | E108: =AVERAGE(E9:E104) -> 9.4810417 | F108: =AVERAGE(F9:F104) -> 6.4875 | G108: =AVERAGE(G9:G104) -> 20.569688 | H108: =AVERAGE(H9:H104) -> 7.1720833 | I108: =AVERAGE(I9:I104) -> 4.2784375 | ... Q108: =AVERAGE(Q9:Q104) -> 4.6335417
A109: Stdev | B109: =STDEV(B9:B104) -> 0.045351938 | C109: =STDEV(C9:C104) -> 0.02122328 | D109: =STDEV(D9:D104) -> 0.036820898 | E109: =STDEV(E9:E104) -> 1.249594 | F109: =STDEV(F9:F104) -> 2.886299 | G109: =STDEV(G9:G104) -> 7.0903663 | H109: =STDEV(H9:H104) -> 2.2762591 | I109: =STDEV(I9:I104) -> 0.76517535 | ... Q109: =STDEV(Q9:Q104) -> 0.012309959
A110: Num | B110: =COUNT(B9:B104) -> 96 | C110: =COUNT(C9:C104) -> 96 | D110: =COUNT(D9:D104) -> 96 | E110: =COUNT(E9:E104) -> 96 | F110: =COUNT(F9:F104) -> 96 | G110: =COUNT(G9:G104) -> 96 | H110: =COUNT(H9:H104) -> 96 | I110: =COUNT(I9:I104) -> 96 | ... Q110: =COUNT(Q9:Q104) -> 96
A111: DCR | B111: =IF(B110>=87,">90%",IF(B110<=87,"<90%")) -> >90% | C111: =IF(C110>=87,">90%",IF(C110<=87,"<90%")) -> >90% | D111: =IF(D110>=87,">90%",IF(D110<=87,"<90%")) -> >90% | E111: =IF(E110>=87,">90%",IF(E110<=87,"<90%")) -> >90% | F111: =IF(F110>=87,">90%",IF(F110<=87,"<90%")) -> >90% | G111: =IF(G110>=87,">90%",IF(G110<=87,"<90%")) -> >90% | H111: =IF(H110>=87,">90%",IF(H110<=87,"<90%")) -> >90% | I111: =IF(I110>=87,">90%",IF(I110<=87,"<90%")) -> >90% | ... Q111: =IF(Q110>=87,">90%",IF(Q110<=87,"<90%")) -> >90%
A112: Status | B112: =IF(B110>=87,"OK",IF(B110<=87,"LESS")) -> OK | C112: =IF(C110>=87,"OK",IF(C110<=87,"LESS")) -> OK | D112: =IF(D110>=87,"OK",IF(D110<=87,"LESS")) -> OK | E112: =IF(E110>=87,"OK",IF(E110<=87,"LESS")) -> OK | F112: =IF(F110>=87,"OK",IF(F110<=87,"LESS")) -> OK | G112: =IF(G110>=87,"OK",IF(G110<=87,"LESS")) -> OK | H112: =IF(H110>=87,"OK",IF(H110<=87,"LESS")) -> OK | I112: =IF(I110>=87,"OK",IF(I110<=87,"LESS")) -> OK | ... Q112: =IF(Q110>=87,"OK",IF(Q110<=87,"LESS")) -> OK
A115: Done by | B115: AKASH
A117: Comment

Sheet 14
A1: Station: | B1: IGKV RAIPUR
A2: Date: | B2: =$A$9 -> 45487.01 | C2: Power Off | G2: Pw.Off | J2: Link Fail | L2: Link F | N2: Maintenance | P2: Maint.
A3: Report Type: | B3: Mean | C3: Calibration | G3: Calib. | J3: Data Fail | L3: Data F | N3: Invalid | P3: Invalid
A4: Time Base: | B4: 15 Min | C4: Zero Referrence | G4: Z.Ref | J4: Warm Up | L4: Wm. Up
A7: Date & Time | B7: NO | C7: NO2 | D7: NOX | E7: SO2 | F7: O3 | G7: PM 10 | H7: PM 2.5 | I7: BENZ | J7: WS | K7: WD | L7: TEMP | M7: HUM | N7: SR | O7: RG | P7: CO | Q7: NH3
B8: ug/m3 | C8: ug/m3 | D8: ppb | E8: ug/m3 | F8: ug/m3 | G8: ug/m3 | H8: ug/m3 | I8: ug/m3 | J8: m/sec | K8: deg | L8: degreC | M8: % | N8: w/m2 | O8: mm | P8: mg/m3 | Q8: ug/m3
A9: 45487.01 | B9: 9.29 | C9: 3.98 | D9: 13.98 | E9: 8.3 | F9: 6.42 | G9: 16.07 | H9: 8.97 | I9: 4.56 | J9: 0.53 | K9: 269.61 | L9: 25.93 | M9: 97.98 | N9: 2.1 | O9: 0 | P9: 0.49 | Q9: 4.71
A10: 45487.021 | B10: 9.27 | C10: 4.07 | D10: 14.01 | E10: 8.2 | F10: 7.14 | G10: 16.07 | H10: 8.97 | I10: 4.63 | J10: 0.43 | K10: 266.81 | L10: 25.92 | M10: 98.15 | N10: 2.1 | O10: 0 | P10: 0.46 | Q10: 4.72
A11: 45487.031 | B11: 9.28 | C11: 4.08 | D11: 14.03 | E11: 8.47 | F11: 6.93 | G11: 16.89 | H11: 7.33 | I11: 4.68 | J11: 0.59 | K11: 268.54 | L11: 25.91 | M11: 98.04 | N11: 2.1 | O11: 0 | P11: 0.43 | Q11: 4.72
A12: 45487.042 | B12: 9.29 | C12: 4.09 | D12: 14.03 | E12: 8.74 | F12: 5.69 | G12: 17.51 | H12: 6.32 | I12: 4.62 | J12: 0.54 | K12: 269.31 | L12: 25.94 | M12: 97.38 | N12: 2.1 | O12: 0 | P12: 0.43 | Q12: 4.71
A13: 45487.052 | B13: 9.29 | C13: 4.08 | D13: 14.03 | E13: 8.53 | F13: 5.46 | G13: 17.51 | H13: 6.32 | I13: 4.57 | J13: 0.43 | K13: 264.14 | L13: 25.95 | M13: 97.68 | N13: 2 | O13: 0 | P13: 0.41 | Q13: 4.72
A14: 45487.062 | B14: 9.27 | C14: 4.09 | D14: 14.02 | E14: 8.49 | F14: 5.43 | G14: 17.51 | H14: 6.32 | I14: 4.55 | J14: 0.42 | K14: 271.6 | L14: 26.04 | M14: 97.15 | N14: 2 | O14: 0 | P14: 0.39 | Q14: 4.7
A15: 45487.073 | B15: 9.25 | C15: 4.06 | D15: 13.99 | E15: 8.96 | F15: 5.74 | G15: 15 | H15: 6.2 | I15: 4.41 | J15: 0.8 | K15: 271.8 | L15: 26.04 | M15: 96.13 | N15: 2 | O15: 0 | P15: 0.41 | Q15: 4.7
A16: 45487.083 | B16: 9.23 | C16: 4.1 | D16: 13.99 | E16: 9.46 | F16: 4.9 | G16: 13.07 | H16: 6.16 | I16: 4.33 | J16: 0.79 | K16: 272.03 | L16: 26.06 | M16: 94.77 | N16: 2.2 | O16: 0 | P16: 0.39 | Q16: 4.72
A17: 45487.094 | B17: 9.22 | C17: 4.07 | D17: 13.97 | E17: 8.09 | F17: 4.58 | G17: 13.07 | H17: 6.16 | I17: 4.25 | J17: 0.52 | K17: 266.97 | L17: 26.09 | M17: 94.07 | N17: 2.3 | O17: 0 | P17: 0.38 | Q17: 4.72
A18: 45487.104 | B18: 9.21 | C18: 4.08 | D18: 13.97 | E18: 9.58 | F18: 4.41 | G18: 13.07 | H18: 6.16 | I18: 4.17 | J18: 0.61 | K18: 270.54 | L18: 26.05 | M18: 93.94 | N18: 2.4 | O18: 0 | P18: 0.37 | Q18: 4.72
A19: 45487.115 | B19: 9.19 | C19: 4.09 | D19: 13.96 | E19: 9.5 | F19: 4.16 | G19: 11.2 | H19: 4.86 | I19: 4.08 | J19: 0.56 | K19: 271.3 | L19: 25.99 | M19: 93.83 | N19: 2.3 | O19: 0 | P19: 0.36 | Q19: 4.71
A20: 45487.125 | B20: 9.2 | C20: 4.07 | D20: 13.95 | E20: 9.52 | F20: 4.14 | G20: 9.76 | H20: 4.41 | I20: 4.02 | J20: 0.66 | K20: 268.47 | L20: 25.99 | M20: 93.45 | N20: 2.3 | O20: 0 | P20: 0.36 | Q20: 4.71
... A104: 45488 | B104: 9.24 | C104: 4.08 | D104: 13.99 | E104: 10.98 | F104: 4.55 | G104: 33.69 | H104: 13.88 | I104: 6.75 | J104: 0.17 | K104: 246.11 | L104: 27.01 | M104: 101.68 | N104: 2.6 | O104: 0 | P104: 0.64 | Q104: 4.7
A106: Min | B106: =MIN(B9:B104) -> 9.16 | C106: =MIN(C9:C104) -> 3.98 | D106: =MIN(D9:D104) -> 13.91 | E106: =MIN(E9:E104) -> 7.4 | F106: =MIN(F9:F104) -> 2.77 | G106: =MIN(G9:G104) -> 7.28 | H106: =MIN(H9:H104) -> 3.07 | I106: =MIN(I9:I104) -> 3.3 | ... Q106: =MIN(Q9:Q104) -> 4.68
A107: Max | B107: =MAX(B9:B104) -> 9.31 | C107: =MAX(C9:C104) -> 4.11 | D107: =MAX(D9:D104) -> 14.04 | E107: =MAX(E9:E104) -> 12.33 | F107: =MAX(F9:F104) -> 16.9 | G107: =MAX(G9:G104) -> 37.25 | H107: =MAX(H9:H104) -> 16.49 | I107: =MAX(I9:I104) -> 6.76 | ... Q107: =MAX(Q9:Q104) -> 4.73
A108: Avg | B108: =AVERAGE(B9:B104) -> 9.234375 | C108: =AVERAGE(C9:C104) -> 4.0709375 | D108: =AVERAGE(D9:D104) -> 13.982188 | E108: =AVERAGE(E9:E104) -> 9.9290625 | F108: =AVERAGE(F9:F104) -> 6.8322917 | G108: =AVERAGE(G9:G104) -> 22.6975 | H108: =AVERAGE(H9:H104) -> 9.3092708 | I108: =AVERAGE(I9:I104) -> 4.88625 | ... Q108: =AVERAGE(Q9:Q104) -> 4.7105208
A109: Stdev | B109: =STDEV(B9:B104) -> 0.031583223 | C109: =STDEV(C9:C104) -> 0.019198581 | D109: =STDEV(D9:D104) -> 0.025963664 | E109: =STDEV(E9:E104) -> 1.0759105 | F109: =STDEV(F9:F104) -> 3.4018059 | G109: =STDEV(G9:G104) -> 10.021355 | H109: =STDEV(H9:H104) -> 4.2942908 | I109: =STDEV(I9:I104) -> 0.97037188 | ... Q109: =STDEV(Q9:Q104) -> 0.010500104
A110: Num | B110: =COUNT(B9:B104) -> 96 | C110: =COUNT(C9:C104) -> 96 | D110: =COUNT(D9:D104) -> 96 | E110: =COUNT(E9:E104) -> 96 | F110: =COUNT(F9:F104) -> 96 | G110: =COUNT(G9:G104) -> 96 | H110: =COUNT(H9:H104) -> 96 | I110: =COUNT(I9:I104) -> 96 | ... Q110: =COUNT(Q9:Q104) -> 96
A111: DCR | B111: =IF(B110>=87,">90%",IF(B110<=87,"<90%")) -> >90% | C111: =IF(C110>=87,">90%",IF(C110<=87,"<90%")) -> >90% | D111: =IF(D110>=87,">90%",IF(D110<=87,"<90%")) -> >90% | E111: =IF(E110>=87,">90%",IF(E110<=87,"<90%")) -> >90% | F111: =IF(F110>=87,">90%",IF(F110<=87,"<90%")) -> >90% | G111: =IF(G110>=87,">90%",IF(G110<=87,"<90%")) -> >90% | H111: =IF(H110>=87,">90%",IF(H110<=87,"<90%")) -> >90% | I111: =IF(I110>=87,">90%",IF(I110<=87,"<90%")) -> >90% | ... Q111: =IF(Q110>=87,">90%",IF(Q110<=87,"<90%")) -> >90%
A112: Status | B112: =IF(B110>=87,"OK",IF(B110<=87,"LESS")) -> OK | C112: =IF(C110>=87,"OK",IF(C110<=87,"LESS")) -> OK | D112: =IF(D110>=87,"OK",IF(D110<=87,"LESS")) -> OK | E112: =IF(E110>=87,"OK",IF(E110<=87,"LESS")) -> OK | F112: =IF(F110>=87,"OK",IF(F110<=87,"LESS")) -> OK | G112: =IF(G110>=87,"OK",IF(G110<=87,"LESS")) -> OK | H112: =IF(H110>=87,"OK",IF(H110<=87,"LESS")) -> OK | I112: =IF(I110>=87,"OK",IF(I110<=87,"LESS")) -> OK | ... Q112: =IF(Q110>=87,"OK",IF(Q110<=87,"LESS")) -> OK
A115: Done by | B115: AKASH
A117: Comment

Sheet 15
A1: Station: | B1: IGKV RAIPUR
A2: Date: | B2: =$A$9 -> 45488.01 | C2: Power Off | G2: Pw.Off | J2: Link Fail | L2: Link F | N2: Maintenance | P2: Maint.
A3: Report Type: | B3: Mean | C3: Calibration | G3: Calib. | J3: Data Fail | L3: Data F | N3: Invalid | P3: Invalid
A4: Time Base: | B4: 15 Min | C4: Zero Referrence | G4: Z.Ref | J4: Warm Up | L4: Wm. Up
A7: Date & Time | B7: NO | C7: NO2 | D7: NOX | E7: SO2 | F7: O3 | G7: PM 10 | H7: PM 2.5 | I7: BENZ | J7: WS | K7: WD | L7: TEMP | M7: HUM | N7: SR | O7: RG | P7: CO | Q7: NH3
B8: ug/m3 | C8: ug/m3 | D8: ppb | E8: ug/m3 | F8: ug/m3 | G8: ug/m3 | H8: ug/m3 | I8: ug/m3 | J8: m/sec | K8: deg | L8: degreC | M8: % | N8: w/m2 | O8: mm | P8: mg/m3 | Q8: ug/m3
A9: 45488.01 | B9: 9.22 | C9: 4.06 | D9: 13.97 | E9: 11.17 | F9: 4.64 | G9: 33.69 | H9: 13.88 | I9: 6.84 | J9: 0.26 | K9: 267.89 | L9: 26.83 | M9: 101.01 | N9: 2.9 | O9: 0 | P9: 0.68 | Q9: 4.69
A10: 45488.021 | B10: 9.25 | C10: 4.07 | D10: 13.99 | E10: 11.54 | F10: 4.07 | G10: 33.69 | H10: 13.88 | I10: 6.81 | J10: 0.2 | K10: 7.4 | L10: 26.95 | M10: 98.77 | N10: 2.7 | O10: 0 | P10: 0.69 | Q10: 4.69
A11: 45488.031 | B11: 9.27 | C11: 4.08 | D11: 14.01 | E11: 10.5 | F11: 6.08 | G11: 33.39 | H11: 13.29 | I11: 6.78 | J11: 0.12 | K11: 220.59 | L11: 27.04 | M11: 98.36 | N11: 2.5 | O11: 0 | P11: 0.68 | Q11: 4.69
A12: 45488.042 | B12: 9.26 | C12: 4.05 | D12: 13.99 | E12: 10.36 | F12: 5.6 | G12: 33.15 | H12: 12.92 | I12: 6.59 | J12: 0.28 | K12: 301.29 | L12: 26.84 | M12: 98.52 | N12: 2.8 | O12: 0 | P12: 0.67 | Q12: 4.69
A13: 45488.052 | B13: 9.26 | C13: 4.06 | D13: 14 | E13: 10.32 | F13: 6.59 | G13: 33.15 | H13: 12.92 | I13: 6.35 | J13: 0.5 | K13: 282.45 | L13: 26.82 | M13: 97.13 | N13: 3.2 | O13: 0 | P13: 0.66 | Q13: 4.7
A14: 45488.062 | B14: 9.26 | C14: 4.05 | D14: 13.99 | E14: 9.72 | F14: 6.85 | G14: 33.15 | H14: 12.92 | I14: 6.46 | J14: 0.5 | K14: 311.06 | L14: 26.76 | M14: 96.69 | N14: 3 | O14: 0 | P14: 0.64 | Q14: 4.7
A15: 45488.073 | B15: 9.23 | C15: 4.09 | D15: 13.99 | E15: 9.47 | F15: 9.01 | G15: 31.64 | H15: 10.13 | I15: 6.48 | J15: 0.4 | K15: 288.03 | L15: 26.68 | M15: 96.56 | N15: 2.8 | O15: 0 | P15: 0.61 | Q15: 4.7
A16: 45488.083 | B16: 9.24 | C16: 4.07 | D16: 13.99 | E16: 9.77 | F16: 7.56 | G16: 30.49 | H16: 9.18 | I16: 6.41 | J16: 0.37 | K16: 308.77 | L16: 26.65 | M16: 96.64 | N16: 2.9 | O16: 0 | P16: 0.62 | Q16: 4.69
A17: 45488.094 | B17: 9.25 | C17: 4.05 | D17: 13.98 | E17: 7.67 | F17: 7.28 | G17: 30.49 | H17: 9.18 | I17: 6.2 | J17: 0.22 | K17: 332.92 | L17: 26.68 | M17: 96.23 | N17: 2.7 | O17: 0 | P17: 0.62 | Q17: 4.68
A18: 45488.104 | B18: 9.2 | C18: 4.05 | D18: 13.94 | E18: 9.34 | F18: 7.07 | G18: 30.49 | H18: 9.18 | I18: 6.18 | J18: 0.39 | K18: 324.91 | L18: 26.6 | M18: 96.19 | N18: 2.7 | O18: 0 | P18: 0.6 | Q18: 4.7
A19: 45488.115 | B19: 9.19 | C19: 4.08 | D19: 13.95 | E19: 9.5 | F19: 7.88 | G19: 31.77 | H19: 9.55 | I19: 6.22 | J19: 0.43 | K19: 323.35 | L19: 26.58 | M19: 95.18 | N19: 2.6 | O19: 0.2 | P19: 0.61 | Q19: 4.7
A20: 45488.125 | B20: 9.18 | C20: 4.07 | D20: 13.94 | E20: 9.03 | F20: 6.73 | G20: 32.74 | H20: 9.68 | I20: 6.27 | J20: 0.34 | K20: 290.74 | L20: 26.5 | M20: 96.13 | N20: 2.2 | O20: 0 | P20: 0.6 | Q20: 4.71
... A104: 45489 | B104: 9.2 | C104: 4.05 | D104: 13.95 | E104: 7.06 | F104: 4.83 | G104: 52.6 | H104: 14.9 | I104: 6.09 | J104: 0.13 | K104: 128.31 | L104: 26.63 | M104: 101.58 | N104: 2.2 | O104: 0 | P104: 0.62 | Q104: 4.7
A106: Min | B106: =MIN(B9:B104) -> 9.12 | C106: =MIN(C9:C104) -> 4.03 | D106: =MIN(D9:D104) -> 13.89 | E106: =MIN(E9:E104) -> 6.46 | F106: =MIN(F9:F104) -> 2.8 | G106: =MIN(G9:G104) -> 24.47 | H106: =MIN(H9:H104) -> 8.59 | I106: =MIN(I9:I104) -> 4.73 | ... Q106: =MIN(Q9:Q104) -> 4.45
A107: Max | B107: =MAX(B9:B104) -> 9.28 | C107: =MAX(C9:C104) -> 4.11 | D107: =MAX(D9:D104) -> 14.01 | E107: =MAX(E9:E104) -> 15.38 | F107: =MAX(F9:F104) -> 21.71 | G107: =MAX(G9:G104) -> 87.71 | H107: =MAX(H9:H104) -> 26.26 | I107: =MAX(I9:I104) -> 7.03 | ... Q107: =MAX(Q9:Q104) -> 4.72
A108: Avg | B108: =AVERAGE(B9:B104) -> 9.1878125 | C108: =AVERAGE(C9:C104) -> 4.0671875 | D108: =AVERAGE(D9:D104) -> 13.942813 | E108: =AVERAGE(E9:E104) -> 9.9085417 | F108: =AVERAGE(F9:F104) -> 7.658125 | G108: =AVERAGE(G9:G104) -> 44.532917 | H108: =AVERAGE(H9:H104) -> 15.420417 | I108: =AVERAGE(I9:I104) -> 5.8882292 | ... Q108: =AVERAGE(Q9:Q104) -> 4.6971875
A109: Stdev | B109: =STDEV(B9:B104) -> 0.042232517 | C109: =STDEV(C9:C104) -> 0.017633886 | D109: =STDEV(D9:D104) -> 0.032173972 | E109: =STDEV(E9:E104) -> 1.8748771 | F109: =STDEV(F9:F104) -> 4.2563004 | G109: =STDEV(G9:G104) -> 16.414124 | H109: =STDEV(H9:H104) -> 5.4938425 | I109: =STDEV(I9:I104) -> 0.6242722 | ... Q109: =STDEV(Q9:Q104) -> 0.027785006
A110: Num | B110: =COUNT(B9:B104) -> 96 | C110: =COUNT(C9:C104) -> 96 | D110: =COUNT(D9:D104) -> 96 | E110: =COUNT(E9:E104) -> 96 | F110: =COUNT(F9:F104) -> 96 | G110: =COUNT(G9:G104) -> 96 | H110: =COUNT(H9:H104) -> 96 | I110: =COUNT(I9:I104) -> 96 | ... Q110: =COUNT(Q9:Q104) -> 96
A111: DCR | B111: =IF(B110>=87,">90%",IF(B110<=87,"<90%")) -> >90% | C111: =IF(C110>=87,">90%",IF(C110<=87,"<90%")) -> >90% | D111: =IF(D110>=87,">90%",IF(D110<=87,"<90%")) -> >90% | E111: =IF(E110>=87,">90%",IF(E110<=87,"<90%")) -> >90% | F111: =IF(F110>=87,">90%",IF(F110<=87,"<90%")) -> >90% | G111: =IF(G110>=87,">90%",IF(G110<=87,"<90%")) -> >90% | H111: =IF(H110>=87,">90%",IF(H110<=87,"<90%")) -> >90% | I111: =IF(I110>=87,">90%",IF(I110<=87,"<90%")) -> >90% | ... Q111: =IF(Q110>=87,">90%",IF(Q110<=87,"<90%")) -> >90%
A112: Status | B112: =IF(B110>=87,"OK",IF(B110<=87,"LESS")) -> OK | C112: =IF(C110>=87,"OK",IF(C110<=87,"LESS")) -> OK | D112: =IF(D110>=87,"OK",IF(D110<=87,"LESS")) -> OK | E112: =IF(E110>=87,"OK",IF(E110<=87,"LESS")) -> OK | F112: =IF(F110>=87,"OK",IF(F110<=87,"LESS")) -> OK | G112: =IF(G110>=87,"OK",IF(G110<=87,"LESS")) -> OK | H112: =IF(H110>=87,"OK",IF(H110<=87,"LESS")) -> OK | I112: =IF(I110>=87,"OK",IF(I110<=87,"LESS")) -> OK | ... Q112: =IF(Q110>=87,"OK",IF(Q110<=87,"LESS")) -> OK
A115: Done by | B115: AKASH
A117: Comment

Sheet 16
A1: Station: | B1: IGKV RAIPUR
A2: Date: | B2: =$A$9 -> 45489.01 | C2: Power Off | G2: Pw.Off | J2: Link Fail | L2: Link F | N2: Maintenance | P2: Maint.
A3: Report Type: | B3: Mean | C3: Calibration | G3: Calib. | J3: Data Fail | L3: Data F | N3: Invalid | P3: Invalid
A4: Time Base: | B4: 15 Min | C4: Zero Referrence | G4: Z.Ref | J4: Warm Up | L4: Wm. Up
A7: Date & Time | B7: NO | C7: NO2 | D7: NOX | E7: SO2 | F7: O3 | G7: PM 10 | H7: PM 2.5 | I7: BENZ | J7: WS | K7: WD | L7: TEMP | M7: HUM | N7: SR | O7: RG | P7: CO | Q7: NH3
B8: ug/m3 | C8: ug/m3 | D8: ppb | E8: ug/m3 | F8: ug/m3 | G8: ug/m3 | H8: ug/m3 | I8: ug/m3 | J8: m/sec | K8: deg | L8: degreC | M8: % | N8: w/m2 | O8: mm | P8: mg/m3 | Q8: ug/m3
A9: 45489.01 | B9: 9.28 | C9: 4.11 | D9: 14.04 | E9: 7.39 | F9: 4.93 | G9: 52.6 | H9: 14.9 | I9: 6.12 | J9: 0.14 | K9: 182.22 | L9: 26.6 | M9: 101.49 | N9: 2.4 | O9: 0 | P9: 0.61 | Q9: Data F
A10: 45489.021 | B10: 9.27 | C10: 4.1 | D10: 14.03 | E10: 7.48 | F10: 4.39 | G10: 52.6 | H10: 14.9 | I10: 6.19 | J10: 0.07 | K10: 132.29 | L10: 26.53 | M10: 102.09 | N10: 2.1 | O10: 0 | P10: 0.62 | Q10: Data F
A11: 45489.031 | B11: 9.29 | C11: 4.1 | D11: 14.04 | E11: 7.61 | F11: 3.65 | G11: 48.89 | H11: 14.11 | I11: 6.23 | J11: 0.3 | K11: 66.32 | L11: 26.54 | M11: 101.7 | N11: 2.3 | O11: 0 | P11: 0.62 | Q11: Data F
A12: 45489.042 | B12: 9.29 | C12: 4.09 | D12: 14.04 | E12: 7.93 | F12: 3.27 | G12: 46.06 | H12: 13.62 | I12: 6.21 | J12: 0.07 | K12: 176.1 | L12: 26.65 | M12: 101.73 | N12: 2.3 | O12: 0 | P12: 0.62 | Q12: Data F
A13: 45489.052 | B13: 9.31 | C13: 4.06 | D13: 14.04 | E13: 8.25 | F13: 4.46 | G13: 46.06 | H13: 13.62 | I13: 6.25 | J13: 0.5 | K13: 43.3 | L13: 26.58 | M13: 101.73 | N13: 2.4 | O13: 0 | P13: 0.64 | Q13: Data F
A14: 45489.062 | B14: 9.32 | C14: 4.08 | D14: 14.06 | E14: 8.11 | F14: 3.31 | G14: 46.06 | H14: 13.62 | I14: 6.29 | J14: 0.13 | K14: 208.25 | L14: 26.52 | M14: 101.07 | N14: 2.2 | O14: 0 | P14: 0.63 | Q14: Data F
A15: 45489.073 | B15: 9.31 | C15: 4.05 | D15: 14.04 | E15: 7.94 | F15: 2.58 | G15: 44.3 | H15: 12.04 | I15: 6.3 | J15: 0.34 | K15: 59.38 | L15: 26.49 | M15: 101.57 | N15: 2.1 | O15: 0 | P15: 0.64 | Q15: Data F
A16: 45489.083 | B16: 9.32 | C16: 4.06 | D16: 14.05 | E16: 8.62 | F16: 3.6 | G16: 42.96 | H16: 11.52 | I16: 6.31 | J16: 0.14 | K16: 77.44 | L16: 26.55 | M16: 102.58 | N16: 2.2 | O16: 0 | P16: 0.64 | Q16: Data F
A17: 45489.094 | B17: 9.28 | C17: 4.09 | D17: 14.03 | E17: 9.17 | F17: 3.22 | G17: 42.96 | H17: 11.52 | I17: 6.29 | J17: 0.09 | K17: 73.59 | L17: 26.61 | M17: 102.51 | N17: 2.1 | O17: 0 | P17: 0.65 | Q17: Data F
A18: 45489.104 | B18: 9.28 | C18: 4.04 | D18: 14 | E18: 10.73 | F18: 2.34 | G18: 42.96 | H18: 11.52 | I18: 6.35 | J18: 0.48 | K18: 52.74 | L18: 26.64 | M18: 101.83 | N18: 2.3 | O18: 0 | P18: 0.66 | Q18: Data F
A19: 45489.115 | B19: 9.27 | C19: 4.06 | D19: 14 | E19: 10.82 | F19: 3.23 | G19: 47.99 | H19: 12.62 | I19: 6.42 | J19: 0.31 | K19: 72.44 | L19: 26.68 | M19: 99.78 | N19: 2.3 | O19: 0 | P19: 0.69 | Q19: Data F
A20: 45489.125 | B20: 9.26 | C20: 4.08 | D20: 14.01 | E20: 11.43 | F20: 2.39 | G20: 51.84 | H20: 13 | I20: 6.46 | J20: 0.44 | K20: 61.76 | L20: 26.73 | M20: 101.53 | N20: 2.3 | O20: 0 | P20: 0.67 | Q20: Data F
... A50: 45489.438 | B50: 9.28 | C50: 4.04 | D50: 14.01 | E50: 11.28 | F50: 4.98 | G50: 37.26 | H50: 15.03 | I50: 5.22 | J50: 0.7 | K50: 54.81 | L50: 30.88 | M50: 77.71 | N50: 260.2 | O50: 0 | P50: 0.48 | Q50: Data F
A51: 45489.448 | B51: 9.28 | C51: 4.05 | D51: 14 | E51: 11.71 | F51: 5.71 | G51: Calib. | H51: Calib. | I51: 5.17 | J51: 0.63 | K51: 64.45 | L51: 31.77 | M51: 74.85 | N51: 236.1 | O51: 0 | P51: 0.47 | Q51: Data F
A52: 45489.458 | B52: 9.28 | C52: 4.07 | D52: 14.01 | E52: 12.69 | F52: 9.57 | G52: Calib. | H52: Calib. | I52: 5.07 | J52: 0.75 | K52: 67.58 | L52: 31.56 | M52: 74.55 | N52: 284.9 | O52: 0 | P52: 0.45 | Q52: Data F
A53: 45489.469 | B53: 9.26 | C53: 4.05 | D53: 13.99 | E53: 9.16 | F53: 22.35 | G53: Calib. | H53: Calib. | I53: 4.97 | J53: 0.98 | K53: 55.4 | L53: 31.55 | M53: 74.76 | N53: 302.7 | O53: 0 | P53: 0.35 | Q53: Data F
A54: 45489.479 | B54: 9.21 | C54: 4.07 | D54: 13.97 | E54: 9.11 | F54: 16.97 | G54: Calib. | H54: Calib. | I54: 4.35 | J54: 0.63 | K54: 70.95 | L54: 32.28 | M54: 73.27 | N54: 291.2 | O54: 0 | P54: 0.32 | Q54: Data F
A55: 45489.49 | B55: 9.21 | C55: 4.05 | D55: 13.95 | E55: 8.5 | F55: 19.97 | G55: Calib. | H55: Calib. | I55: 2.63 | J55: 0.54 | K55: 58.47 | L55: 32.32 | M55: 72.17 | N55: 388.7 | O55: 0 | P55: 0.29 | Q55: Data F
A56: 45489.5 | B56: 9.1 | C56: 4.06 | D56: 13.87 | E56: 8.61 | F56: 13.33 | G56: Calib. | H56: Calib. | I56: 2.16 | J56: 0.46 | K56: 62.01 | L56: 32.88 | M56: 70.06 | N56: 630.5 | O56: 0 | P56: 0.3 | Q56: Data F
A57: 45489.51 | B57: 9.23 | C57: 3.88 | D57: 13.72 | E57: 9.19 | F57: 19.41 | G57: Calib. | H57: Calib. | I57: 2.19 | J57: 0.82 | K57: 61.67 | L57: 32.23 | M57: 74.96 | N57: 263.4 | O57: 0 | P57: 0.31 | Q57: Data F
A58: 45489.521 | B58: 9.01 | C58: 4.01 | D58: 13.78 | E58: 8.26 | F58: 17.97 | G58: 2.98 | H58: 0.51 | I58: 2.19 | J58: 1.16 | K58: 54.62 | L58: 31.51 | M58: 76.64 | N58: 626.3 | O58: 0 | P58: 0.3 | Q58: 2.55
A59: 45489.531 | B59: 8.69 | C59: 4.05 | D59: 13.54 | E59: 7.8 | F59: 13 | G59: 53.57 | H59: 8.41 | I59: 2.16 | J59: 1.11 | K59: 53.93 | L59: 32.05 | M59: 74.63 | N59: 650.9 | O59: 0 | P59: 0.29 | Q59: 4.85
A60: 45489.542 | B60: 8.61 | C60: 4.04 | D60: 13.46 | E60: 7.42 | F60: 10.21 | G60: 53.57 | H60: 8.41 | I60: 2.12 | J60: 0.98 | K60: 58.89 | L60: 31.94 | M60: 74.48 | N60: 466.7 | O60: 0 | P60: 0.27 | Q60: 4.92
A61: 45489.552 | B61: 8.57 | C61: 4.01 | D61: 13.42 | E61: 7.73 | F61: 7.9 | G61: 53.57 | H61: 8.41 | I61: 2.11 | J61: 1.06 | K61: 60.83 | L61: 31.95 | M61: 74.02 | N61: 546.5 | O61: 0 | P61: 0.3 | Q61: 4.77
A62: 45489.562 | B62: 8.55 | C62: 4.01 | D62: 13.4 | E62: 8.12 | F62: 6.76 | G62: 52.85 | H62: 8.41 | I62: 2.15 | J62: 1.2 | K62: 58.56 | L62: 32.41 | M62: 73.47 | N62: 361.4 | O62: 0 | P62: 0.28 | Q62: 4.67
A63: 45489.573 | B63: 8.54 | C63: 4.03 | D63: 13.4 | E63: 8.43 | F63: 6.53 | G63: 40.61 | H63: 8.38 | I63: 2.25 | J63: 1.03 | K63: 52.09 | L63: 32.3 | M63: 73.24 | N63: 396.5 | O63: 0 | P63: 0.3 | Q63: 4.66
A64: 45489.583 | B64: 8.54 | C64: 4.04 | D64: 13.41 | E64: 9.24 | F64: 5.62 | G64: 40.61 | H64: 8.38 | I64: 2.34 | J64: 0.54 | K64: 65.48 | L64: 32.83 | M64: 70.86 | N64: 296.2 | O64: 0 | P64: 0.31 | Q64: 4.66
A65: 45489.594 | B65: 8.55 | C65: 4.01 | D65: 13.4 | E65: 9.23 | F65: 6.63 | G65: 40.61 | H65: 8.38 | I65: 2.47 | J65: 0.71 | K65: 61.02 | L65: 32.57 | M65: 70.94 | N65: 486.1 | O65: 0 | P65: 0.33 | Q65: 4.65
A66: 45489.604 | B66: 8.71 | C66: 4.03 | D66: 13.54 | E66: 8.85 | F66: 10.85 | G66: 40.19 | H66: 8.31 | I66: 2.55 | J66: 0.66 | K66: 58.22 | L66: 32.38 | M66: 70.93 | N66: 334.1 | O66: 0 | P66: 0.36 | Q66: 4.65
A67: 45489.615 | B67: 8.78 | C67: 4.04 | D67: 13.6 | E67: 8.75 | F67: 10.04 | G67: 32.91 | H67: 7.22 | I67: 2.66 | J67: 0.28 | K67: 91.48 | L67: 32.28 | M67: 70.82 | N67: 408.9 | O67: 0 | P67: 0.36 | Q67: 4.66
A68: 45489.625 | B68: 8.77 | C68: 4.06 | D68: 13.6 | E68: 8.84 | F68: 8.39 | G68: 32.91 | H68: 7.22 | I68: 2.72 | J68: 0.63 | K68: 62.9 | L68: 32.89 | M68: 69.64 | N68: 462.4 | O68: 0 | P68: 0.37 | Q68: 4.65
A69: 45489.635 | B69: 8.74 | C69: 4.04 | D69: 13.57 | E69: 8.86 | F69: 12.54 | G69: 32.91 | H69: 7.22 | I69: 2.77 | J69: 1.35 | K69: 45.43 | L69: 32.2 | M69: 69.63 | N69: 537.5 | O69: 0 | P69: 0.38 | Q69: 4.64
... A104: 45490 | B104: 8.67 | C104: 4.06 | D104: 13.52 | E104: 11.21 | F104: 6.45 | G104: 14.94 | H104: 5.23 | I104: 3.68 | J104: 0.08 | K104: 172.66 | L104: 27.64 | M104: 98.47 | N104: 2.5 | O104: 0 | P104: 0.39 | Q104: 4.68
A106: Min | B106: =MIN(B9:B104) -> 8.54 | C106: =MIN(C9:C104) -> 3.88 | D106: =MIN(D9:D104) -> 13.4 | E106: =MIN(E9:E104) -> 7.05 | F106: =MIN(F9:F104) -> 2.34 | G106: =MIN(G9:G104) -> 2.98 | H106: =MIN(H9:H104) -> 0.51 | I106: =MIN(I9:I104) -> 2.11 | ... Q106: =MIN(Q9:Q104) -> 2.55
A107: Max | B107: =MAX(B9:B104) -> 9.34 | C107: =MAX(C9:C104) -> 4.11 | D107: =MAX(D9:D104) -> 14.06 | E107: =MAX(E9:E104) -> 12.82 | F107: =MAX(F9:F104) -> 23.48 | G107: =MAX(G9:G104) -> 53.57 | H107: =MAX(H9:H104) -> 16.82 | I107: =MAX(I9:I104) -> 6.87 | ... Q107: =MAX(Q9:Q104) -> 4.92
A108: Avg | B108: =AVERAGE(B9:B104) -> 8.976875 | C108: =AVERAGE(C9:C104) -> 4.0485417 | D108: =AVERAGE(D9:D104) -> 13.762604 | E108: =AVERAGE(E9:E104) -> 9.8663542 | F108: =AVERAGE(F9:F104) -> 8.3407292 | G108: =AVERAGE(G9:G104) -> 32.906854 | H108: =AVERAGE(H9:H104) -> 9.3338202 | I108: =AVERAGE(I9:I104) -> 4.3108333 | ... Q108: =AVERAGE(Q9:Q104) -> 4.6387234
A109: Stdev | B109: =STDEV(B9:B104) -> 0.30787322 | C109: =STDEV(C9:C104) -> 0.032084729 | D109: =STDEV(D9:D104) -> 0.25623692 | E109: =STDEV(E9:E104) -> 1.4450847 | F109: =STDEV(F9:F104) -> 5.2483945 | G109: =STDEV(G9:G104) -> 13.534679 | H109: =STDEV(H9:H104) -> 4.0048654 | I109: =STDEV(I9:I104) -> 1.6203409 | ... Q109: =STDEV(Q9:Q104) -> 0.31514398
A110: Num | B110: =COUNT(B9:B104) -> 96 | C110: =COUNT(C9:C104) -> 96 | D110: =COUNT(D9:D104) -> 96 | E110: =COUNT(E9:E104) -> 96 | F110: =COUNT(F9:F104) -> 96 | G110: 96 | H110: 96 | I110: =COUNT(I9:I104) -> 96 | J110: =COUNT(J9:J104) -> 96 | K110: =COUNT(K9:K104) -> 96 | L110: =COUNT(L9:L104) -> 96 | M110: =COUNT(M9:M104) -> 96 | N110: =COUNT(N9:N104) -> 96 | O110: =COUNT(O9:O104) -> 96 | P110: =COUNT(P9:P104) -> 96 | Q110: 96
A111: DCR | B111: =IF(B110>=87,">90%",IF(B110<=87,"<90%")) -> >90% | C111: =IF(C110>=87,">90%",IF(C110<=87,"<90%")) -> >90% | D111: =IF(D110>=87,">90%",IF(D110<=87,"<90%")) -> >90% | E111: =IF(E110>=87,">90%",IF(E110<=87,"<90%")) -> >90% | F111: =IF(F110>=87,">90%",IF(F110<=87,"<90%")) -> >90% | G111: =IF(G110>=87,">90%",IF(G110<=87,"<90%")) -> >90% | H111: =IF(H110>=87,">90%",IF(H110<=87,"<90%")) -> >90% | I111: =IF(I110>=87,">90%",IF(I110<=87,"<90%")) -> >90% | ... Q111: =IF(Q110>=87,">90%",IF(Q110<=87,"<90%")) -> >90%
A112: Status | B112: =IF(B110>=87,"OK",IF(B110<=87,"LESS")) -> OK | C112: =IF(C110>=87,"OK",IF(C110<=87,"LESS")) -> OK | D112: =IF(D110>=87,"OK",IF(D110<=87,"LESS")) -> OK | E112: =IF(E110>=87,"OK",IF(E110<=87,"LESS")) -> OK | F112: =IF(F110>=87,"OK",IF(F110<=87,"LESS")) -> OK | G112: =IF(G110>=87,"OK",IF(G110<=87,"LESS")) -> OK | H112: =IF(H110>=87,"OK",IF(H110<=87,"LESS")) -> OK | I112: =IF(I110>=87,"OK",IF(I110<=87,"LESS")) -> OK | ... Q112: =IF(Q110>=87,"OK",IF(Q110<=87,"LESS")) -> OK
A115: Done by | B115: AKASH
A117: Comment

Sheet 17
A1: Station: | B1: IGKV RAIPUR
A2: Date: | B2: =$A$9 -> 45490.01 | C2: Power Off | G2: Pw.Off | J2: Link Fail | L2: Link F | N2: Maintenance | P2: Maint.
A3: Report Type: | B3: Mean | C3: Calibration | G3: Calib. | J3: Data Fail | L3: Data F | N3: Invalid | P3: Invalid
A4: Time Base: | B4: 15 Min | C4: Zero Referrence | G4: Z.Ref | J4: Warm Up | L4: Wm. Up
A7: Date & Time | B7: NO | C7: NO2 | D7: NOX | E7: SO2 | F7: O3 | G7: PM 10 | H7: PM 2.5 | I7: BENZ | J7: WS | K7: WD | L7: TEMP | M7: HUM | N7: SR | O7: RG | P7: CO | Q7: NH3
B8: ug/m3 | C8: ug/m3 | D8: ppb | E8: ug/m3 | F8: ug/m3 | G8: ug/m3 | H8: ug/m3 | I8: ug/m3 | J8: m/sec | K8: deg | L8: degreC | M8: % | N8: w/m2 | O8: mm | P8: mg/m3 | Q8: ug/m3
A9: 45490.01 | B9: 9.18 | C9: 4.08 | D9: 13.95 | E9: 10.69 | F9: 6.93 | G9: 14.94 | H9: 5.23 | I9: 3.78 | J9: 0.13 | K9: 180.55 | L9: 27.62 | M9: 99.7 | N9: 2.5 | O9: 0 | P9: 0.4 | Q9: 4.69
A10: 45490.021 | B10: 9.24 | C10: 4.06 | D10: 13.98 | E10: 10.51 | F10: 8.3 | G10: 14.8 | H10: 5.14 | I10: 3.93 | J10: 0.09 | K10: 181.08 | L10: 27.51 | M10: 98.85 | N10: 2.4 | O10: 0 | P10: 0.39 | Q10: 4.69
A11: 45490.031 | B11: 9.24 | C11: 4.06 | D11: 13.98 | E11: 10.05 | F11: 7.69 | G11: 12.26 | H11: 3.79 | I11: 3.82 | J11: 0.08 | K11: 217.86 | L11: 27.27 | M11: 98.44 | N11: 2.5 | O11: 0 | P11: 0.38 | Q11: 4.68
A12: 45490.042 | B12: 9.24 | C12: 4.06 | D12: 13.98 | E12: 9.93 | F12: 8.08 | G12: 12.26 | H12: 3.79 | I12: 3.79 | J12: 0.12 | K12: 173.76 | L12: 27.2 | M12: 97.18 | N12: 2.4 | O12: 0 | P12: 0.38 | Q12: 4.69
A13: 45490.052 | B13: 9.23 | C13: 4.08 | D13: 13.99 | E13: 9.85 | F13: 8.09 | G13: 12.26 | H13: 3.79 | I13: 3.53 | J13: 0.1 | K13: 178.52 | L13: 27.15 | M13: 98.14 | N13: 2.2 | O13: 0 | P13: 0.37 | Q13: 4.68
A14: 45490.062 | B14: 9.23 | C14: 4.07 | D14: 13.98 | E14: 9.76 | F14: 8.36 | G14: 12.09 | H14: 3.81 | I14: 3.91 | J14: 0.13 | K14: 167.36 | L14: 27.26 | M14: 99.12 | N14: 2.3 | O14: 0 | P14: 0.38 | Q14: 4.67
A15: 45490.073 | B15: 9.24 | C15: 4.05 | D15: 13.97 | E15: 8.82 | F15: 8.38 | G15: 9.27 | H15: 4.15 | I15: 3.84 | J15: 0.1 | K15: 164.03 | L15: 27.26 | M15: 98.97 | N15: 2.4 | O15: 0 | P15: 0.37 | Q15: 4.68
A16: 45490.083 | B16: 9.24 | C16: 4.05 | D16: 13.97 | E16: 9.2 | F16: 7.41 | G16: 9.27 | H16: 4.15 | I16: 3.46 | J16: 0.14 | K16: 270.98 | L16: 27.17 | M16: 98.36 | N16: 2.3 | O16: 0 | P16: 0.36 | Q16: 4.69
A17: 45490.094 | B17: 9.22 | C17: 4.07 | D17: 13.97 | E17: 6.06 | F17: 7.19 | G17: 9.27 | H17: 4.15 | I17: 3.42 | J17: 0.16 | K17: 163.22 | L17: 27.3 | M17: 97.89 | N17: 2.2 | O17: 0 | P17: 0.36 | Q17: 4.69
A18: 45490.104 | B18: 9.23 | C18: 4.09 | D18: 13.98 | E18: 6.64 | F18: 8.56 | G18: 9.17 | H18: 4.09 | I18: 3.41 | J18: 0.2 | K18: 171.16 | L18: 27.3 | M18: 98.62 | N18: 2.3 | O18: 0 | P18: 0.36 | Q18: 4.69
A19: 45490.115 | B19: 9.23 | C19: 4.09 | D19: 13.98 | E19: 6.64 | F19: 8.56 | G19: 9.17 | H19: 4.09 | I19: 3.41 | J19: 0.2 | K19: 171.16 | L19: 27.3 | M19: 98.62 | N19: 2.3 | O19: 0 | P19: 0.36 | Q19: 4.69
A20: 45490.125 | B20: 9.23 | C20: 4.07 | D20: 13.98 | E20: 7.19 | F20: 8.42 | G20: 7.49 | H20: 3.18 | I20: 3.32 | J20: 0.08 | K20: 180.84 | L20: 27.28 | M20: 97.89 | N20: 2.4 | O20: 0 | P20: 0.36 | Q20: 4.69
... A104: 45491 | B104: 9.25 | C104: 4.06 | D104: 13.98 | E104: 8 | F104: 4.61 | G104: 6.33 | H104: 2.29 | I104: 3.37 | J104: 0.45 | K104: 272.85 | L104: 26.46 | M104: 93.45 | N104: 2.4 | O104: 0 | P104: 0.34 | Q104: 4.7
A106: Min | B106: =MIN(B9:B104) -> 9.18 | C106: =MIN(C9:C104) -> 4.02 | D106: =MIN(D9:D104) -> 13.95 | E106: =MIN(E9:E104) -> 6.05 | F106: =MIN(F9:F104) -> 3.2 | G106: =MIN(G9:G104) -> 6.33 | H106: =MIN(H9:H104) -> 2.23 | I106: =MIN(I9:I104) -> 3.17 | ... Q106: =MIN(Q9:Q104) -> 4.67
A107: Max | B107: =MAX(B9:B104) -> 9.32 | C107: =MAX(C9:C104) -> 4.11 | D107: =MAX(D9:D104) -> 14.06 | E107: =MAX(E9:E104) -> 13.48 | F107: =MAX(F9:F104) -> 16.64 | G107: =MAX(G9:G104) -> 33.42 | H107: =MAX(H9:H104) -> 13.72 | I107: =MAX(I9:I104) -> 4.37 | ... Q107: =MAX(Q9:Q104) -> 4.71
A108: Avg | B108: =AVERAGE(B9:B104) -> 9.2344792 | C108: =AVERAGE(C9:C104) -> 4.0692708 | D108: =AVERAGE(D9:D104) -> 13.981042 | E108: =AVERAGE(E9:E104) -> 9.0678125 | F108: =AVERAGE(F9:F104) -> 6.7675 | G108: =AVERAGE(G9:G104) -> 15.587083 | H108: =AVERAGE(H9:H104) -> 5.7683333 | I108: =AVERAGE(I9:I104) -> 3.76375 | ... Q108: =AVERAGE(Q9:Q104) -> 4.6905208
A109: Stdev | B109: =STDEV(B9:B104) -> 0.023163937 | C109: =STDEV(C9:C104) -> 0.016811324 | D109: =STDEV(D9:D104) -> 0.019492464 | E109: =STDEV(E9:E104) -> 1.5792045 | F109: =STDEV(F9:F104) -> 2.5975195 | G109: =STDEV(G9:G104) -> 7.4858394 | H109: =STDEV(H9:H104) -> 2.5590326 | I109: =STDEV(I9:I104) -> 0.30401956 | ... Q109: =STDEV(Q9:Q104) -> 0.007863278
A110: Num | B110: =COUNT(B9:B104) -> 96 | C110: =COUNT(C9:C104) -> 96 | D110: =COUNT(D9:D104) -> 96 | E110: =COUNT(E9:E104) -> 96 | F110: =COUNT(F9:F104) -> 96 | G110: =COUNT(G9:G104) -> 96 | H110: =COUNT(H9:H104) -> 96 | I110: =COUNT(I9:I104) -> 96 | ... Q110: =COUNT(Q9:Q104) -> 96
A111: DCR | B111: =IF(B110>=87,">90%",IF(B110<=87,"<90%")) -> >90% | C111: =IF(C110>=87,">90%",IF(C110<=87,"<90%")) -> >90% | D111: =IF(D110>=87,">90%",IF(D110<=87,"<90%")) -> >90% | E111: =IF(E110>=87,">90%",IF(E110<=87,"<90%")) -> >90% | F111: =IF(F110>=87,">90%",IF(F110<=87,"<90%")) -> >90% | G111: =IF(G110>=87,">90%",IF(G110<=87,"<90%")) -> >90% | H111: =IF(H110>=87,">90%",IF(H110<=87,"<90%")) -> >90% | I111: =IF(I110>=87,">90%",IF(I110<=87,"<90%")) -> >90% | ... Q111: =IF(Q110>=87,">90%",IF(Q110<=87,"<90%")) -> >90%
A112: Status | B112: =IF(B110>=87,"OK",IF(B110<=87,"LESS")) -> OK | C112: =IF(C110>=87,"OK",IF(C110<=87,"LESS")) -> OK | D112: =IF(D110>=87,"OK",IF(D110<=87,"LESS")) -> OK | E112: =IF(E110>=87,"OK",IF(E110<=87,"LESS")) -> OK | F112: =IF(F110>=87,"OK",IF(F110<=87,"LESS")) -> OK | G112: =IF(G110>=87,"OK",IF(G110<=87,"LESS")) -> OK | H112: =IF(H110>=87,"OK",IF(H110<=87,"LESS")) -> OK | I112: =IF(I110>=87,"OK",IF(I110<=87,"LESS")) -> OK | ... Q112: =IF(Q110>=87,"OK",IF(Q110<=87,"LESS")) -> OK
A115: Done by | B115: AKASH
A117: Comment

Sheet 18
A1: Station: | B1: IGKV RAIPUR
A2: Date: | B2: =$A$9 -> 45491.01 | C2: Power Off | G2: Pw.Off | J2: Link Fail | L2: Link F | N2: Maintenance | P2: Maint.
A3: Report Type: | B3: Mean | C3: Calibration | G3: Calib. | J3: Data Fail | L3: Data F | N3: Invalid | P3: Invalid
A4: Time Base: | B4: 15 Min | C4: Zero Referrence | G4: Z.Ref | J4: Warm Up | L4: Wm. Up
A7: Date & Time | B7: NO | C7: NO2 | D7: NOX | E7: SO2 | F7: O3 | G7: PM 10 | H7: PM 2.5 | I7: BENZ | J7: WS | K7: WD | L7: TEMP | M7: HUM | N7: SR | O7: RG | P7: CO | Q7: NH3
B8: ug/m3 | C8: ug/m3 | D8: ppb | E8: ug/m3 | F8: ug/m3 | G8: ug/m3 | H8: ug/m3 | I8: ug/m3 | J8: m/sec | K8: deg | L8: degreC | M8: % | N8: w/m2 | O8: mm | P8: mg/m3 | Q8: ug/m3
A9: 45491.01 | B9: 9.22 | C9: 4.08 | D9: 13.97 | E9: 8.14 | F9: 4.43 | G9: 6.33 | H9: 2.29 | I9: 3.36 | J9: 0.49 | K9: 274.81 | L9: 26.22 | M9: 94.42 | N9: 2.3 | O9: 0 | P9: 0.34 | Q9: 4.69
A10: 45491.021 | B10: 9.21 | C10: 4.1 | D10: 13.98 | E10: 8.64 | F10: 5.32 | G10: 6.33 | H10: 2.25 | I10: 3.35 | J10: 0.55 | K10: 275.49 | L10: 26.14 | M10: 94.44 | N10: 2.1 | O10: 0 | P10: 0.34 | Q10: 4.69
A11: 45491.031 | B11: 9.23 | C11: 4.08 | D11: 13.99 | E11: 8.9 | F11: 5.05 | G11: 6.29 | H11: 1.68 | I11: 3.35 | J11: 0.17 | K11: 225.85 | L11: 26.37 | M11: 94.64 | N11: 2.1 | O11: 0 | P11: 0.34 | Q11: 4.69
A12: 45491.042 | B12: 9.23 | C12: 4.08 | D12: 13.98 | E12: 9.16 | F12: 4.42 | G12: 6.29 | H12: 1.68 | I12: 3.26 | J12: 0.3 | K12: 263.36 | L12: 26.29 | M12: 94.77 | N12: 2.2 | O12: 0 | P12: 0.33 | Q12: 4.69
A13: 45491.052 | B13: 9.23 | C13: 4.07 | D13: 13.98 | E13: 9.14 | F13: 4.02 | G13: 6.29 | H13: 1.68 | I13: 3.25 | J13: 0.28 | K13: 281 | L13: 26.25 | M13: 94.84 | N13: 2.3 | O13: 0 | P13: 0.33 | Q13: 4.7
A14: 45491.062 | B14: 9.23 | C14: 4.07 | D14: 13.98 | E14: 9.2 | F14: 4.26 | G14: 6.2 | H14: 1.66 | I14: 3.26 | J14: 0.37 | K14: 273.1 | L14: 26.15 | M14: 95.07 | N14: 2.2 | O14: 0 | P14: 0.32 | Q14: 4.7
A15: 45491.073 | B15: 9.25 | C15: 4.05 | D15: 13.98 | E15: 8.91 | F15: 3.97 | G15: 4.71 | H15: 1.37 | I15: 3.23 | J15: 0.45 | K15: 272.44 | L15: 26.14 | M15: 94.83 | N15: 2.3 | O15: 0 | P15: 0.33 | Q15: 4.7
A16: 45491.083 | B16: 9.23 | C16: 4.09 | D16: 13.99 | E16: 9.49 | F16: 3.84 | G16: 4.71 | H16: 1.37 | I16: 3.21 | J16: 0.37 | K16: 276.9 | L16: 26.1 | M16: 95.24 | N16: 2.3 | O16: 0 | P16: 0.33 | Q16: 4.69
A17: 45491.094 | B17: 9.25 | C17: 4.05 | D17: 13.98 | E17: 9.13 | F17: 3.86 | G17: 4.71 | H17: 1.37 | I17: 3.19 | J17: 0.17 | K17: 233.46 | L17: 26.15 | M17: 95.71 | N17: 2.1 | O17: 0 | P17: 0.33 | Q17: 4.68
A18: 45491.104 | B18: 9.24 | C18: 4.05 | D18: 13.97 | E18: 10.9 | F18: 3.39 | G18: 4.75 | H18: 1.37 | I18: 3.14 | J18: 0.14 | K18: 275.48 | L18: 26.16 | M18: 95.83 | N18: 2.1 | O18: 0 | P18: 0.32 | Q18: 4.7
A19: 45491.115 | B19: 9.23 | C19: 4.05 | D19: 13.97 | E19: 11.22 | F19: 3.46 | G19: 5.26 | H19: 1.38 | I19: 3.11 | J19: 0.13 | K19: 241.91 | L19: 26.17 | M19: 96.7 | N19: 2.1 | O19: 0 | P19: 0.32 | Q19: 4.7
A20: 45491.125 | B20: 9.22 | C20: 4.06 | D20: 13.97 | E20: 11.39 | F20: 3.1 | G20: 5.26 | H20: 1.38 | I20: 3.09 | J20: 0.25 | K20: 258.17 | L20: 26.12 | M20: 96.56 | N20: 2.2 | O20: 0 | P20: 0.32 | Q20: 4.71
... A58: 45491.521 | B58: 9.35 | C58: 4.06 | D58: 14.07 | E58: 15.27 | F58: 41.91 | G58: 65.25 | H58: 11.82 | I58: 14.22 | J58: 1.3 | K58: 52.58 | L58: 31.31 | M58: 75.43 | N58: 257.3 | O58: 0 | P58: 0.47 | Q58: 4.71
A59: 45491.531 | B59: 9.37 | C59: 4.07 | D59: 14.09 | E59: Calib. | F59: 27.74 | G59: 63.25 | H59: 9.72 | I59: 6.41 | J59: 1.4 | K59: 48.81 | L59: 31.59 | M59: 74.28 | N59: 353.2 | O59: 0 | P59: 0.46 | Q59: 4.72
A60: 45491.542 | B60: 9.33 | C60: 5.13 | D60: 14.61 | E60: 5.73 | F60: 40.95 | G60: 63.25 | H60: 9.72 | I60: 4.98 | J60: 1.35 | K60: 48.13 | L60: 31.92 | M60: 71.86 | N60: 461 | O60: 0 | P60: 0.46 | Q60: 4.72
A61: 45491.552 | B61: 9.32 | C61: 4.33 | D61: 14.18 | E61: 7.99 | F61: 52.79 | G61: 63.25 | H61: 9.72 | I61: 8.88 | J61: 1.04 | K61: 51.43 | L61: 32.32 | M61: 69.24 | N61: 338.1 | O61: 0 | P61: 0.4 | Q61: 4.7
A62: 45491.562 | B62: 9.29 | C62: 4.14 | D62: 14.07 | E62: 8.1 | F62: 39.02 | G62: 63.06 | H62: 10.11 | I62: 8.02 | J62: 1.15 | K62: 53.05 | L62: 32.62 | M62: 70.59 | N62: 351.3 | O62: 0 | P62: 0.17 | Q62: 4.69
A63: 45491.573 | B63: 9.41 | C63: 4.1 | D63: 14.14 | E63: 8.36 | F63: 24.17 | G63: 59.83 | H63: 16.07 | I63: 4.46 | J63: 0.68 | K63: 55.82 | L63: 32.92 | M63: 75.05 | N63: 295.9 | O63: 0 | P63: 0.47 | Q63: 4.68
A64: 45491.583 | B64: 9.49 | C64: 4.05 | D64: 14.17 | E64: 7.31 | F64: 12.73 | G64: 59.83 | H64: 16.07 | I64: 2.98 | J64: 0.54 | K64: 71.73 | L64: 32.88 | M64: 75.08 | N64: 300.1 | O64: 0 | P64: 0.49 | Q64: 4.67
A65: 45491.594 | B65: 9.48 | C65: 4.06 | D65: 14.17 | E65: 6.24 | F65: 8.75 | G65: 59.83 | H65: 16.07 | I65: 3.24 | J65: 0.71 | K65: 63.02 | L65: 32.47 | M65: 73.07 | N65: 201.9 | O65: 0 | P65: 0.37 | Q65: 4.69
A66: 45491.604 | B66: 9.44 | C66: 4.09 | D66: 14.15 | E66: 5.74 | F66: 11.83 | G66: 59.5 | H66: 16.26 | I66: 3.46 | J66: 0.62 | K66: 68.55 | L66: 32.42 | M66: 74.89 | N66: 345.8 | O66: 0 | P66: 0.38 | Q66: 4.68
A67: 45491.615 | B67: 9.42 | C67: 4.08 | D67: 14.14 | E67: 5.51 | F67: 9.68 | G67: 53.94 | H67: 18.57 | I67: 3.6 | J67: 0.6 | K67: 65.27 | L67: 32.93 | M67: 73.22 | N67: 442.5 | O67: 0 | P67: 0.36 | Q67: 4.68
A68: 45491.625 | B68: 9.43 | C68: 4.08 | D68: 14.14 | E68: 4.98 | F68: 9.2 | G68: 53.94 | H68: 18.57 | I68: 3.65 | J68: 0.27 | K68: 117.53 | L68: 33.15 | M68: 71.85 | N68: 200.7 | O68: 0 | P68: 0.36 | Q68: 4.69
A69: 45491.635 | B69: 9.43 | C69: 4.08 | D69: 14.15 | E69: 5.16 | F69: 9.33 | G69: 53.94 | H69: 18.57 | I69: 3.66 | J69: 0.3 | K69: 122.67 | L69: 32.69 | M69: 74.43 | N69: 341.3 | O69: 0 | P69: 0.35 | Q69: 4.7
A70: 45491.646 | B70: 9.4 | C70: 4.09 | D70: 14.12 | E70: 5.38 | F70: 13.15 | G70: 53.69 | H70: 18.52 | I70: 3.78 | J70: 0.67 | K70: 61.65 | L70: 33.13 | M70: 72.75 | N70: 213.5 | O70: 0 | P70: 0.34 | Q70: 4.7
A71: 45491.656 | B71: 9.4 | C71: 4.07 | D71: 14.12 | E71: 5.49 | F71: 11.51 | G71: 49.49 | H71: 17.85 | I71: 3.8 | J71: 0.41 | K71: 82.92 | L71: 33.12 | M71: 70.95 | N71: 157.7 | O71: 0 | P71: 0.33 | Q71: 4.69
... A104: 45492 | B104: 9.42 | C104: 4.08 | D104: 14.14 | E104: 8.67 | F104: 4.45 | G104: 58.75 | H104: 19.56 | I104: 6.79 | J104: 0.18 | K104: 182.96 | L104: 28.58 | M104: 93.23 | N104: 2.1 | O104: 0 | P104: 0.66 | Q104: 4.7
A106: Min | B106: =MIN(B9:B104) -> 9.12 | C106: =MIN(C9:C104) -> 4.02 | D106: =MIN(D9:D104) -> 13.89 | E106: =MIN(E9:E104) -> 3.42 | F106: =MIN(F9:F104) -> 2.75 | G106: =MIN(G9:G104) -> 4.52 | H106: =MIN(H9:H104) -> 1.29 | I106: =MIN(I9:I104) -> 2.87 | ... Q106: =MIN(Q9:Q104) -> 4.45
A107: Max | B107: =MAX(B9:B104) -> 9.77 | C107: =MAX(C9:C104) -> 5.13 | D107: =MAX(D9:D104) -> 14.61 | E107: =MAX(E9:E104) -> 24.75 | F107: =MAX(F9:F104) -> 52.79 | G107: =MAX(G9:G104) -> 67.66 | H107: =MAX(H9:H104) -> 19.56 | I107: =MAX(I9:I104) -> 14.22 | ... Q107: =MAX(Q9:Q104) -> 4.72
A108: Avg | B108: =AVERAGE(B9:B104) -> 9.315625 | C108: =AVERAGE(C9:C104) -> 4.0852083 | D108: =AVERAGE(D9:D104) -> 14.054479 | E108: =AVERAGE(E9:E104) -> 9.6482105 | F108: =AVERAGE(F9:F104) -> 10.851146 | G108: =AVERAGE(G9:G104) -> 34.24625 | H108: =AVERAGE(H9:H104) -> 9.1646875 | I108: =AVERAGE(I9:I104) -> 4.1966667 | ... Q108: =AVERAGE(Q9:Q104) -> 4.6971875
A109: Stdev | B109: =STDEV(B9:B104) -> 0.11408965 | C109: =STDEV(C9:C104) -> 0.11260531 | D109: =STDEV(D9:D104) -> 0.10764337 | E109: =STDEV(E9:E104) -> 3.2977752 | F109: =STDEV(F9:F104) -> 10.064938 | G109: =STDEV(G9:G104) -> 23.464648 | H109: =STDEV(H9:H104) -> 6.7449936 | I109: =STDEV(I9:I104) -> 1.5626062 | ... Q109: =STDEV(Q9:Q104) -> 0.027785006
A110: Num | B110: =COUNT(B9:B104) -> 96 | C110: =COUNT(C9:C104) -> 96 | D110: =COUNT(D9:D104) -> 96 | E110: 96 | F110: =COUNT(F9:F104) -> 96 | G110: =COUNT(G9:G104) -> 96 | H110: =COUNT(H9:H104) -> 96 | I110: =COUNT(I9:I104) -> 96 | J110: =COUNT(J9:J104) -> 96 | K110: =COUNT(K9:K104) -> 96 | L110: =COUNT(L9:L104) -> 96 | M110: =COUNT(M9:M104) -> 96 | ... Q110: =COUNT(Q9:Q104) -> 96
A111: DCR | B111: =IF(B110>=87,">90%",IF(B110<=87,"<90%")) -> >90% | C111: =IF(C110>=87,">90%",IF(C110<=87,"<90%")) -> >90% | D111: =IF(D110>=87,">90%",IF(D110<=87,"<90%")) -> >90% | E111: =IF(E110>=87,">90%",IF(E110<=87,"<90%")) -> >90% | F111: =IF(F110>=87,">90%",IF(F110<=87,"<90%")) -> >90% | G111: =IF(G110>=87,">90%",IF(G110<=87,"<90%")) -> >90% | H111: =IF(H110>=87,">90%",IF(H110<=87,"<90%")) -> >90% | I111: =IF(I110>=87,">90%",IF(I110<=87,"<90%")) -> >90% | ... Q111: =IF(Q110>=87,">90%",IF(Q110<=87,"<90%")) -> >90%
A112: Status | B112: =IF(B110>=87,"OK",IF(B110<=87,"LESS")) -> OK | C112: =IF(C110>=87,"OK",IF(C110<=87,"LESS")) -> OK | D112: =IF(D110>=87,"OK",IF(D110<=87,"LESS")) -> OK | E112: =IF(E110>=87,"OK",IF(E110<=87,"LESS")) -> OK | F112: =IF(F110>=87,"OK",IF(F110<=87,"LESS")) -> OK | G112: =IF(G110>=87,"OK",IF(G110<=87,"LESS")) -> OK | H112: =IF(H110>=87,"OK",IF(H110<=87,"LESS")) -> OK | I112: =IF(I110>=87,"OK",IF(I110<=87,"LESS")) -> OK | ... Q112: =IF(Q110>=87,"OK",IF(Q110<=87,"LESS")) -> OK
A115: Done by | B115: AKASH
A117: Comment

Sheet 19
A1: Station: | B1: IGKV RAIPUR
A2: Date: | B2: =$A$9 -> 45492.01 | C2: Power Off | G2: Pw.Off | J2: Link Fail | L2: Link F | N2: Maintenance | P2: Maint.
A3: Report Type: | B3: Mean | C3: Calibration | G3: Calib. | J3: Data Fail | L3: Data F | N3: Invalid | P3: Invalid
A4: Time Base: | B4: 15 Min | C4: Zero Referrence | G4: Z.Ref | J4: Warm Up | L4: Wm. Up
A7: Date & Time | B7: NO | C7: NO2 | D7: NOX | E7: SO2 | F7: O3 | G7: PM 10 | H7: PM 2.5 | I7: BENZ | J7: WS | K7: WD | L7: TEMP | M7: HUM | N7: SR | O7: RG | P7: CO | Q7: NH3
B8: ug/m3 | C8: ug/m3 | D8: ppb | E8: ug/m3 | F8: ug/m3 | G8: ug/m3 | H8: ug/m3 | I8: ug/m3 | J8: m/sec | K8: deg | L8: degreC | M8: % | N8: w/m2 | O8: mm | P8: mg/m3 | Q8: ug/m3
A9: 45492.01 | B9: 9.28 | C9: 4.04 | D9: 14 | E9: 8.15 | F9: 4.76 | G9: 58.75 | H9: 19.56 | I9: 6.85 | J9: 0.15 | K9: 173.15 | L9: 28.37 | M9: 94.95 | N9: 2.2 | O9: 0 | P9: 0.65 | Q9: 4.71
A10: 45492.021 | B10: 9.23 | C10: 4.11 | D10: 14 | E10: 8.26 | F10: 6.41 | G10: 58.27 | H10: 19.42 | I10: 6.74 | J10: 0.19 | K10: 197.96 | L10: 28.34 | M10: 93.84 | N10: 2.1 | O10: 0 | P10: 0.66 | Q10: 4.72
A11: 45492.031 | B11: 9.2 | C11: 4.15 | D11: 14 | E11: 7.83 | F11: 6.05 | G11: 50.08 | H11: 17.67 | I11: 6.68 | J11: 0.15 | K11: 29.34 | L11: 28.3 | M11: 93.61 | N11: 1.9 | O11: 0 | P11: 0.64 | Q11: 4.72
A12: 45492.042 | B12: 9.2 | C12: 4.16 | D12: 14 | E12: 8.1 | F12: 3.83 | G12: 50.08 | H12: 17.67 | I12: 6.66 | J12: 0.19 | K12: 181.02 | L12: 28.35 | M12: 93.51 | N12: 2.1 | O12: 0 | P12: 0.66 | Q12: 4.71
A13: 45492.052 | B13: 9.18 | C13: 4.19 | D13: 14 | E13: 7.38 | F13: 4.09 | G13: 50.08 | H13: 17.67 | I13: 6.66 | J13: 0.2 | K13: 168.08 | L13: 28.46 | M13: 92.93 | N13: 2.1 | O13: 0 | P13: 0.66 | Q13: 4.72
A14: 45492.062 | B14: 9.17 | C14: 4.2 | D14: 14 | E14: 7.37 | F14: 3.53 | G14: 50.21 | H14: 17.66 | I14: 6.72 | J14: 0.23 | K14: 169.67 | L14: 28.33 | M14: 93.51 | N14: 1.8 | O14: 0 | P14: 0.69 | Q14: 4.7
A15: 45492.073 | B15: 9.17 | C15: 4.2 | D15: 14 | E15: 7.49 | F15: 2.73 | G15: 52.42 | H15: 17.45 | I15: 6.77 | J15: 0.25 | K15: 174.29 | L15: 28.32 | M15: 93.97 | N15: 2.1 | O15: 0 | P15: 0.69 | Q15: 4.7
A16: 45492.083 | B16: 9.19 | C16: 4.18 | D16: 14 | E16: 7.34 | F16: 3.12 | G16: 52.42 | H16: 17.45 | I16: 7 | J16: 0.17 | K16: 181.41 | L16: 28.21 | M16: 96 | N16: 2 | O16: 0 | P16: 0.66 | Q16: 4.72
A17: 45492.094 | B17: 9.19 | C17: 4.17 | D17: 14 | E17: 6.27 | F17: 3.61 | G17: 52.42 | H17: 17.45 | I17: 7.08 | J17: 0.11 | K17: 152.46 | L17: 28.18 | M17: 96.71 | N17: 2.1 | O17: 0 | P17: 0.66 | Q17: 4.72
A18: 45492.104 | B18: 9.19 | C18: 4.17 | D18: 14 | E18: 7.63 | F18: 3.62 | G18: 52.86 | H18: 17.47 | I18: 6.95 | J18: 0.08 | K18: 53.02 | L18: 28.37 | M18: 93.53 | N18: 2 | O18: 0 | P18: 0.69 | Q18: 4.72
A19: 45492.115 | B19: 9.16 | C19: 4.21 | D19: 14 | E19: 7.77 | F19: 3.39 | G19: 60.29 | H19: 17.82 | I19: 6.99 | J19: 0.11 | K19: 46.7 | L19: 28.41 | M19: 92.65 | N19: 2.1 | O19: 0 | P19: 0.68 | Q19: 4.71
A20: 45492.125 | B20: 9.17 | C20: 4.2 | D20: 14 | E20: 7.82 | F20: 3.63 | G20: 60.29 | H20: 17.82 | I20: 7.24 | J20: 0.2 | K20: 17.09 | L20: 28.29 | M20: 93.61 | N20: 2.1 | O20: 0 | P20: 0.67 | Q20: 4.71
... A104: 45493 | B104: 9.18 | C104: 4.2 | D104: 14 | E104: 7.44 | F104: 4.23 | G104: 29.9 | H104: 11.62 | I104: 5.57 | J104: 0.15 | K104: 213.91 | L104: 26.64 | M104: 94.8 | N104: 2.1 | O104: 0 | P104: 0.58 | Q104: 4.7
A106: Min | B106: =MIN(B9:B104) -> 9.05 | C106: =MIN(C9:C104) -> 4.04 | D106: =MIN(D9:D104) -> 14 | E106: =MIN(E9:E104) -> 5.47 | F106: =MIN(F9:F104) -> 2.73 | G106: =MIN(G9:G104) -> 29.9 | H106: =MIN(H9:H104) -> 10.78 | I106: =MIN(I9:I104) -> 4.32 | ... Q106: =MIN(Q9:Q104) -> 4.68
A107: Max | B107: =MAX(B9:B104) -> 9.32 | C107: =MAX(C9:C104) -> 4.39 | D107: =MAX(D9:D104) -> 14.05 | E107: =MAX(E9:E104) -> 29.44 | F107: =MAX(F9:F104) -> 28.75 | G107: =MAX(G9:G104) -> 98.41 | H107: =MAX(H9:H104) -> 32.97 | I107: =MAX(I9:I104) -> 8.21 | ... Q107: =MAX(Q9:Q104) -> 4.73
A108: Avg | B108: =AVERAGE(B9:B104) -> 9.1691667 | C108: =AVERAGE(C9:C104) -> 4.2082292 | D108: =AVERAGE(D9:D104) -> 14.001667 | E108: =AVERAGE(E9:E104) -> 11.604896 | F108: =AVERAGE(F9:F104) -> 11.029375 | G108: =AVERAGE(G9:G104) -> 62.457604 | H108: =AVERAGE(H9:H104) -> 23.392604 | I108: =AVERAGE(I9:I104) -> 5.883125 | ... Q108: =AVERAGE(Q9:Q104) -> 4.7105208
A109: Stdev | B109: =STDEV(B9:B104) -> 0.065929255 | C109: =STDEV(C9:C104) -> 0.096168654 | D109: =STDEV(D9:D104) -> 0.0065961179 | E109: =STDEV(E9:E104) -> 4.6038213 | F109: =STDEV(F9:F104) -> 6.802233 | G109: =STDEV(G9:G104) -> 15.935418 | H109: =STDEV(H9:H104) -> 5.9957526 | I109: =STDEV(I9:I104) -> 1.2866941 | ... Q109: =STDEV(Q9:Q104) -> 0.010500104
A110: Num | B110: =COUNT(B9:B104) -> 96 | C110: =COUNT(C9:C104) -> 96 | D110: =COUNT(D9:D104) -> 96 | E110: =COUNT(E9:E104) -> 96 | F110: =COUNT(F9:F104) -> 96 | G110: =COUNT(G9:G104) -> 96 | H110: =COUNT(H9:H104) -> 96 | I110: =COUNT(I9:I104) -> 96 | ... Q110: =COUNT(Q9:Q104) -> 96
A111: DCR | B111: =IF(B110>=87,">90%",IF(B110<=87,"<90%")) -> >90% | C111: =IF(C110>=87,">90%",IF(C110<=87,"<90%")) -> >90% | D111: =IF(D110>=87,">90%",IF(D110<=87,"<90%")) -> >90% | E111: =IF(E110>=87,">90%",IF(E110<=87,"<90%")) -> >90% | F111: =IF(F110>=87,">90%",IF(F110<=87,"<90%")) -> >90% | G111: =IF(G110>=87,">90%",IF(G110<=87,"<90%")) -> >90% | H111: =IF(H110>=87,">90%",IF(H110<=87,"<90%")) -> >90% | I111: =IF(I110>=87,">90%",IF(I110<=87,"<90%")) -> >90% | ... Q111: =IF(Q110>=87,">90%",IF(Q110<=87,"<90%")) -> >90%
A112: Status | B112: =IF(B110>=87,"OK",IF(B110<=87,"LESS")) -> OK | C112: =IF(C110>=87,"OK",IF(C110<=87,"LESS")) -> OK | D112: =IF(D110>=87,"OK",IF(D110<=87,"LESS")) -> OK | E112: =IF(E110>=87,"OK",IF(E110<=87,"LESS")) -> OK | F112: =IF(F110>=87,"OK",IF(F110<=87,"LESS")) -> OK | G112: =IF(G110>=87,"OK",IF(G110<=87,"LESS")) -> OK | H112: =IF(H110>=87,"OK",IF(H110<=87,"LESS")) -> OK | I112: =IF(I110>=87,"OK",IF(I110<=87,"LESS")) -> OK | ... Q112: =IF(Q110>=87,"OK",IF(Q110<=87,"LESS")) -> OK
A115: Done by | B115: AKASH
A117: Comment

Sheet 20
A1: Station: | B1: IGKV RAIPUR
A2: Date: | B2: =$A$9 -> 45493.01 | C2: Power Off | G2: Pw.Off | J2: Link Fail | L2: Link F | N2: Maintenance | P2: Maint.
A3: Report Type: | B3: Mean | C3: Calibration | G3: Calib. | J3: Data Fail | L3: Data F | N3: Invalid | P3: Invalid
A4: Time Base: | B4: 15 Min | C4: Zero Referrence | G4: Z.Ref | J4: Warm Up | L4: Wm. Up
A7: Date & Time | B7: NO | C7: NO2 | D7: NOX | E7: SO2 | F7: O3 | G7: PM 10 | H7: PM 2.5 | I7: BENZ | J7: WS | K7: WD | L7: TEMP | M7: HUM | N7: SR | O7: RG | P7: CO | Q7: NH3
B8: ug/m3 | C8: ug/m3 | D8: ppb | E8: ug/m3 | F8: ug/m3 | G8: ug/m3 | H8: ug/m3 | I8: ug/m3 | J8: m/sec | K8: deg | L8: degreC | M8: % | N8: w/m2 | O8: mm | P8: mg/m3 | Q8: ug/m3
A9: 45493.01 | B9: 9.35 | C9: 4.03 | D9: 14.05 | E9: 7.54 | F9: 4.33 | G9: 29.9 | H9: 11.62 | I9: 5.68 | J9: 0.16 | K9: 263.23 | L9: 26.61 | M9: 94.71 | N9: 2.2 | O9: 0 | P9: 0.57 | Q9: 4.72
A10: 45493.021 | B10: 9.28 | C10: 4.08 | D10: 14.02 | E10: 7.73 | F10: 4.48 | G10: 29.4 | H10: 11.6 | I10: 5.65 | J10: 0.19 | K10: 251.9 | L10: 26.78 | M10: 94.75 | N10: 2.1 | O10: 0 | P10: 0.57 | Q10: 4.72
A11: 45493.031 | B11: 9.29 | C11: 4.07 | D11: 14.02 | E11: 8 | F11: 4.35 | G11: 20.94 | H11: 11.25 | I11: 5.65 | J11: 0.29 | K11: 265.17 | L11: 26.66 | M11: 94.98 | N11: 2.3 | O11: 0 | P11: 0.57 | Q11: 4.72
A12: 45493.042 | B12: 9.29 | C12: 4.1 | D12: 14.04 | E12: 8.24 | F12: 4.6 | G12: 20.94 | H12: 11.25 | I12: 5.52 | J12: 0.36 | K12: 276.29 | L12: 26.57 | M12: 94.29 | N12: 2.6 | O12: 0 | P12: 0.55 | Q12: 4.72
A13: 45493.052 | B13: 9.32 | C13: 4.08 | D13: 14.06 | E13: 8.13 | F13: 4.42 | G13: 20.94 | H13: 11.25 | I13: 5.49 | J13: 0.15 | K13: 235.65 | L13: 26.82 | M13: 94.17 | N13: 2.1 | O13: 0 | P13: 0.55 | Q13: 4.71
A14: 45493.062 | B14: 9.33 | C14: 4.09 | D14: 14.07 | E14: 8.05 | F14: 4.57 | G14: 20.59 | H14: 11.06 | I14: 5.37 | J14: 0.71 | K14: 61.57 | L14: 26.57 | M14: 95.69 | N14: 2.9 | O14: 5.6 | P14: 0.54 | Q14: 4.71
A15: 45493.073 | B15: 9.33 | C15: 4.07 | D15: 14.06 | E15: 8.72 | F15: 3.95 | G15: 14.76 | H15: 8.07 | I15: 5.32 | J15: 0.7 | K15: 47.34 | L15: 25.72 | M15: 99.67 | N15: 3 | O15: 9 | P15: 0.53 | Q15: 4.71
A16: 45493.083 | B16: 9.34 | C16: 4.05 | D16: 14.05 | E16: 8.77 | F16: 3.44 | G16: 14.76 | H16: 8.07 | I16: 5.15 | J16: 0.11 | K16: 158.85 | L16: 25.77 | M16: 101.71 | N16: 2.1 | O16: 0 | P16: 0.53 | Q16: 4.72
A17: 45493.094 | B17: 9.32 | C17: 4.05 | D17: 14.04 | E17: 8.12 | F17: 3.6 | G17: 14.76 | H17: 8.07 | I17: 5.17 | J17: 0.12 | K17: 211.06 | L17: 25.62 | M17: 103.2 | N17: 2.5 | O17: 0 | P17: 0.52 | Q17: 4.71
A18: 45493.104 | B18: 9.31 | C18: 4.08 | D18: 14.05 | E18: 9.74 | F18: 4.02 | G18: 14.69 | H18: 7.93 | I18: 5.18 | J18: 0.11 | K18: 243.71 | L18: 25.68 | M18: 105.26 | N18: 2.2 | O18: 0 | P18: 0.52 | Q18: 4.7
A19: 45493.115 | B19: 9.28 | C19: 4.1 | D19: 14.03 | E19: 9.45 | F19: 3.94 | G19: 13.46 | H19: 5.73 | I19: 5.16 | J19: 0.14 | K19: 259.56 | L19: 25.7 | M19: 105.57 | N19: 2.2 | O19: 0 | P19: 0.52 | Q19: 4.72
A20: 45493.125 | B20: 9.26 | C20: 4.09 | D20: 14.01 | E20: 9.87 | F20: 3.63 | G20: 13.46 | H20: 5.73 | I20: 5.13 | J20: 0.21 | K20: 292.5 | L20: 25.67 | M20: 105.23 | N20: 2.2 | O20: 0 | P20: 0.51 | Q20: 4.71
... A104: 45494 | B104: 9.23 | C104: 4.11 | D104: 14 | E104: 9.5 | F104: 6.21 | G104: 20.18 | H104: 5.24 | I104: 4.4 | J104: 0.56 | K104: 288.8 | L104: 25.87 | M104: 105.21 | N104: 2.4 | O104: 0 | P104: 0.34 | Q104: 4.89
A106: Min | B106: =MIN(B9:B104) -> 9.18 | C106: =MIN(C9:C104) -> 4.03 | D106: =MIN(D9:D104) -> 14 | E106: =MIN(E9:E104) -> 7.54 | F106: =MIN(F9:F104) -> 2.15 | G106: =MIN(G9:G104) -> 9.91 | H106: =MIN(H9:H104) -> 4.68 | I106: =MIN(I9:I104) -> 3.82 | ... Q106: =MIN(Q9:Q104) -> 4.69
A107: Max | B107: =MAX(B9:B104) -> 9.35 | C107: =MAX(C9:C104) -> 4.18 | D107: =MAX(D9:D104) -> 14.07 | E107: =MAX(E9:E104) -> 18.03 | F107: =MAX(F9:F104) -> 19.41 | G107: =MAX(G9:G104) -> 56.58 | H107: =MAX(H9:H104) -> 15.76 | I107: =MAX(I9:I104) -> 7.03 | ... Q107: =MAX(Q9:Q104) -> 4.92
A108: Avg | B108: =AVERAGE(B9:B104) -> 9.2814583 | C108: =AVERAGE(C9:C104) -> 4.0815625 | D108: =AVERAGE(D9:D104) -> 14.025208 | E108: =AVERAGE(E9:E104) -> 9.8439583 | F108: =AVERAGE(F9:F104) -> 7.2129167 | G108: =AVERAGE(G9:G104) -> 29.801458 | H108: =AVERAGE(H9:H104) -> 9.0689583 | I108: =AVERAGE(I9:I104) -> 5.0151042 | ... Q108: =AVERAGE(Q9:Q104) -> 4.7366667
A109: Stdev | B109: =STDEV(B9:B104) -> 0.040574277 | C109: =STDEV(C9:C104) -> 0.029534213 | D109: =STDEV(D9:D104) -> 0.023259595 | E109: =STDEV(E9:E104) -> 1.6079117 | F109: =STDEV(F9:F104) -> 4.0242164 | G109: =STDEV(G9:G104) -> 12.816905 | H109: =STDEV(H9:H104) -> 3.3237786 | I109: =STDEV(I9:I104) -> 0.85854221 | ... Q109: =STDEV(Q9:Q104) -> 0.05061031
A110: Num | B110: =COUNT(B9:B104) -> 96 | C110: =COUNT(C9:C104) -> 96 | D110: =COUNT(D9:D104) -> 96 | E110: =COUNT(E9:E104) -> 96 | F110: =COUNT(F9:F104) -> 96 | G110: =COUNT(G9:G104) -> 96 | H110: =COUNT(H9:H104) -> 96 | I110: =COUNT(I9:I104) -> 96 | ... Q110: =COUNT(Q9:Q104) -> 96
A111: DCR | B111: =IF(B110>=87,">90%",IF(B110<=87,"<90%")) -> >90% | C111: =IF(C110>=87,">90%",IF(C110<=87,"<90%")) -> >90% | D111: =IF(D110>=87,">90%",IF(D110<=87,"<90%")) -> >90% | E111: =IF(E110>=87,">90%",IF(E110<=87,"<90%")) -> >90% | F111: =IF(F110>=87,">90%",IF(F110<=87,"<90%")) -> >90% | G111: =IF(G110>=87,">90%",IF(G110<=87,"<90%")) -> >90% | H111: =IF(H110>=87,">90%",IF(H110<=87,"<90%")) -> >90% | I111: =IF(I110>=87,">90%",IF(I110<=87,"<90%")) -> >90% | ... Q111: =IF(Q110>=87,">90%",IF(Q110<=87,"<90%")) -> >90%
A112: Status | B112: =IF(B110>=87,"OK",IF(B110<=87,"LESS")) -> OK | C112: =IF(C110>=87,"OK",IF(C110<=87,"LESS")) -> OK | D112: =IF(D110>=87,"OK",IF(D110<=87,"LESS")) -> OK | E112: =IF(E110>=87,"OK",IF(E110<=87,"LESS")) -> OK | F112: =IF(F110>=87,"OK",IF(F110<=87,"LESS")) -> OK | G112: =IF(G110>=87,"OK",IF(G110<=87,"LESS")) -> OK | H112: =IF(H110>=87,"OK",IF(H110<=87,"LESS")) -> OK | I112: =IF(I110>=87,"OK",IF(I110<=87,"LESS")) -> OK | ... Q112: =IF(Q110>=87,"OK",IF(Q110<=87,"LESS")) -> OK
A115: Done by | B115: AKASH
A117: Comment

Sheet 21
A1: Station: | B1: IGKV RAIPUR
A2: Date: | B2: =$A$9 -> 45494.01 | C2: Power Off | G2: Pw.Off | J2: Link Fail | L2: Link F | N2: Maintenance | P2: Maint.
A3: Report Type: | B3: Mean | C3: Calibration | G3: Calib. | J3: Data Fail | L3: Data F | N3: Invalid | P3: Invalid
A4: Time Base: | B4: 15 Min | C4: Zero Referrence | G4: Z.Ref | J4: Warm Up | L4: Wm. Up
A7: Date & Time | B7: NO | C7: NO2 | D7: NOX | E7: SO2 | F7: O3 | G7: PM 10 | H7: PM 2.5 | I7: BENZ | J7: WS | K7: WD | L7: TEMP | M7: HUM | N7: SR | O7: RG | P7: CO | Q7: NH3
B8: ug/m3 | C8: ug/m3 | D8: ppb | E8: ug/m3 | F8: ug/m3 | G8: ug/m3 | H8: ug/m3 | I8: ug/m3 | J8: m/sec | K8: deg | L8: degreC | M8: % | N8: w/m2 | O8: mm | P8: mg/m3 | Q8: ug/m3
A9: 45494.01 | B9: 9.22 | C9: 4.14 | D9: 14 | E9: 10.01 | F9: 6.04 | G9: 20.18 | H9: 5.24 | I9: 4.27 | J9: 0.67 | K9: 289.14 | L9: 25.88 | M9: 105.3 | N9: 2.5 | O9: 0 | P9: 0.34 | Q9: 4.88
A10: 45494.021 | B10: 9.22 | C10: 4.13 | D10: 14 | E10: 9.66 | F10: 7.55 | G10: 19.85 | H10: 5.17 | I10: 4.06 | J10: 0.62 | K10: 299.16 | L10: 25.99 | M10: 105.39 | N10: 2.5 | O10: 0 | P10: 0.35 | Q10: 4.85
A11: 45494.031 | B11: 9.21 | C11: 4.15 | D11: 14 | E11: 9.01 | F11: 7.57 | G11: 14.15 | H11: 4.16 | I11: 4.26 | J11: 0.57 | K11: 309.16 | L11: 26.03 | M11: 103.86 | N11: 2.5 | O11: 0 | P11: 0.34 | Q11: 4.89
A12: 45494.042 | B12: 9.22 | C12: 4.12 | D12: 14 | E12: 8.84 | F12: 6.7 | G12: 14.15 | H12: 4.16 | I12: 4.25 | J12: 0.58 | K12: 280.32 | L12: 26.06 | M12: 104.78 | N12: 2.5 | O12: 0 | P12: 0.34 | Q12: 4.92
A13: 45494.052 | B13: 9.22 | C13: 4.12 | D13: 14 | E13: 9.34 | F13: 7.64 | G13: 14.15 | H13: 4.16 | I13: 4.22 | J13: 0.53 | K13: 301.73 | L13: 26.08 | M13: 104.43 | N13: 2.3 | O13: 0.2 | P13: 0.34 | Q13: 4.95
A14: 45494.062 | B14: 9.24 | C14: 4.09 | D14: 14 | E14: 9.04 | F14: 8.26 | G14: 13.92 | H14: 4.11 | I14: 4.06 | J14: 0.52 | K14: 305.6 | L14: 26.1 | M14: 103.13 | N14: 2.5 | O14: 0 | P14: 0.33 | Q14: 4.94
A15: 45494.073 | B15: 9.24 | C15: 4.1 | D15: 14 | E15: 9.26 | F15: 6.43 | G15: 10 | H15: 3.3 | I15: 4.16 | J15: 0.38 | K15: 280.02 | L15: 26.07 | M15: 103.26 | N15: 2.3 | O15: 0 | P15: 0.34 | Q15: 4.95
A16: 45494.083 | B16: 9.26 | C16: 4.07 | D16: 14 | E16: 9.06 | F16: 8.18 | G16: 10 | H16: 3.3 | I16: 4.1 | J16: 0.25 | K16: 36.64 | L16: 26.14 | M16: 103.18 | N16: 2.3 | O16: 0.2 | P16: 0.33 | Q16: 4.97
A17: 45494.094 | B17: 9.26 | C17: 4.1 | D17: 14.02 | E17: 7.18 | F17: 8.15 | G17: 10 | H17: 3.3 | I17: 4 | J17: 0.17 | K17: 86.59 | L17: 26.21 | M17: 103.37 | N17: 2.1 | O17: 0.2 | P17: 0.34 | Q17: 5.01
A18: 45494.104 | B18: 9.27 | C18: 4.08 | D18: 14.01 | E18: 8.83 | F18: 8.43 | G18: 10.13 | H18: 3.25 | I18: 4.02 | J18: 0.39 | K18: 320.22 | L18: 26.21 | M18: 104.14 | N18: 2.4 | O18: 0.2 | P18: 0.33 | Q18: 5.04
A19: 45494.115 | B19: 9.27 | C19: 4.07 | D19: 14.01 | E19: 8.72 | F19: 7.56 | G19: 12.39 | H19: 2.46 | I19: 3.95 | J19: 0.27 | K19: 254.37 | L19: 26.19 | M19: 102.93 | N19: 2.2 | O19: 0 | P19: 0.33 | Q19: 5
A20: 45494.125 | B20: 9.27 | C20: 4.08 | D20: 14.01 | E20: 8.75 | F20: 6.71 | G20: 12.39 | H20: 2.46 | I20: 4.04 | J20: 0.19 | K20: 271.09 | L20: 26.24 | M20: 101.53 | N20: 2.4 | O20: 0 | P20: 0.31 | Q20: 5.01
... A104: 45495 | B104: 9.32 | C104: 4.08 | D104: 14.06 | E104: 10.84 | F104: 4.39 | G104: 9.21 | H104: 3.46 | I104: 3.56 | J104: 0.82 | K104: 279.08 | L104: 26.64 | M104: 96.16 | N104: 2.8 | O104: 0 | P104: 0.37 | Q104: 4.76
A106: Min | B106: =MIN(B9:B104) -> 9.17 | C106: =MIN(C9:C104) -> 4.04 | D106: =MIN(D9:D104) -> 14 | E106: =MIN(E9:E104) -> 7.18 | F106: =MIN(F9:F104) -> 2.66 | G106: =MIN(G9:G104) -> 9.21 | H106: =MIN(H9:H104) -> 2.04 | I106: =MIN(I9:I104) -> 3.56 | ... Q106: =MIN(Q9:Q104) -> 4.71
A107: Max | B107: =MAX(B9:B104) -> 9.4 | C107: =MAX(C9:C104) -> 4.21 | D107: =MAX(D9:D104) -> 14.11 | E107: =MAX(E9:E104) -> 16.37 | F107: =MAX(F9:F104) -> 13.71 | G107: =MAX(G9:G104) -> 76.01 | H107: =MAX(H9:H104) -> 25 | I107: =MAX(I9:I104) -> 5.55 | ... Q107: =MAX(Q9:Q104) -> 5.04
A108: Avg | B108: =AVERAGE(B9:B104) -> 9.2825 | C108: =AVERAGE(C9:C104) -> 4.0895833 | D108: =AVERAGE(D9:D104) -> 14.030104 | E108: =AVERAGE(E9:E104) -> 10.985312 | F108: =AVERAGE(F9:F104) -> 7.2869792 | G108: =AVERAGE(G9:G104) -> 32.039687 | H108: =AVERAGE(H9:H104) -> 10.191563 | I108: =AVERAGE(I9:I104) -> 4.3654167 | ... Q108: =AVERAGE(Q9:Q104) -> 4.8344792
A109: Stdev | B109: =STDEV(B9:B104) -> 0.051728034 | C109: =STDEV(C9:C104) -> 0.032115471 | D109: =STDEV(D9:D104) -> 0.030693555 | E109: =STDEV(E9:E104) -> 1.9431288 | F109: =STDEV(F9:F104) -> 2.897412 | G109: =STDEV(G9:G104) -> 20.489296 | H109: =STDEV(H9:H104) -> 6.5371407 | I109: =STDEV(I9:I104) -> 0.51714992 | ... Q109: =STDEV(Q9:Q104) -> 0.10309801
A110: Num | B110: =COUNT(B9:B104) -> 96 | C110: =COUNT(C9:C104) -> 96 | D110: =COUNT(D9:D104) -> 96 | E110: =COUNT(E9:E104) -> 96 | F110: =COUNT(F9:F104) -> 96 | G110: =COUNT(G9:G104) -> 96 | H110: =COUNT(H9:H104) -> 96 | I110: =COUNT(I9:I104) -> 96 | ... Q110: =COUNT(Q9:Q104) -> 96
A111: DCR | B111: =IF(B110>=87,">90%",IF(B110<=87,"<90%")) -> >90% | C111: =IF(C110>=87,">90%",IF(C110<=87,"<90%")) -> >90% | D111: =IF(D110>=87,">90%",IF(D110<=87,"<90%")) -> >90% | E111: =IF(E110>=87,">90%",IF(E110<=87,"<90%")) -> >90% | F111: =IF(F110>=87,">90%",IF(F110<=87,"<90%")) -> >90% | G111: =IF(G110>=87,">90%",IF(G110<=87,"<90%")) -> >90% | H111: =IF(H110>=87,">90%",IF(H110<=87,"<90%")) -> >90% | I111: =IF(I110>=87,">90%",IF(I110<=87,"<90%")) -> >90% | ... Q111: =IF(Q110>=87,">90%",IF(Q110<=87,"<90%")) -> >90%
A112: Status | B112: =IF(B110>=87,"OK",IF(B110<=87,"LESS")) -> OK | C112: =IF(C110>=87,"OK",IF(C110<=87,"LESS")) -> OK | D112: =IF(D110>=87,"OK",IF(D110<=87,"LESS")) -> OK | E112: =IF(E110>=87,"OK",IF(E110<=87,"LESS")) -> OK | F112: =IF(F110>=87,"OK",IF(F110<=87,"LESS")) -> OK | G112: =IF(G110>=87,"OK",IF(G110<=87,"LESS")) -> OK | H112: =IF(H110>=87,"OK",IF(H110<=87,"LESS")) -> OK | I112: =IF(I110>=87,"OK",IF(I110<=87,"LESS")) -> OK | ... Q112: =IF(Q110>=87,"OK",IF(Q110<=87,"LESS")) -> OK
A115: Done by | B115: AKASH
A117: Comment

Sheet 22
A1: Station: | B1: IGKV RAIPUR
A2: Date: | B2: =$A$9 -> 45495.01 | C2: Power Off | G2: Pw.Off | J2: Link Fail | L2: Link F | N2: Maintenance | P2: Maint.
A3: Report Type: | B3: Mean | C3: Calibration | G3: Calib. | J3: Data Fail | L3: Data F | N3: Invalid | P3: Invalid
A4: Time Base: | B4: 15 Min | C4: Zero Referrence | G4: Z.Ref | J4: Warm Up | L4: Wm. Up
A7: Date & Time | B7: NO | C7: NO2 | D7: NOX | E7: SO2 | F7: O3 | G7: PM 10 | H7: PM 2.5 | I7: BENZ | J7: WS | K7: WD | L7: TEMP | M7: HUM | N7: SR | O7: RG | P7: CO | Q7: NH3
B8: ug/m3 | C8: ug/m3 | D8: ppb | E8: ug/m3 | F8: ug/m3 | G8: ug/m3 | H8: ug/m3 | I8: ug/m3 | J8: m/sec | K8: deg | L8: degreC | M8: % | N8: w/m2 | O8: mm | P8: mg/m3 | Q8: ug/m3
A9: 45495.01 | B9: 9.38 | C9: 4.12 | D9: 14.12 | E9: 11.3 | F9: 4.21 | G9: 9.21 | H9: 3.46 | I9: 3.49 | J9: 0.86 | K9: 276.77 | L9: 26.66 | M9: 94.63 | N9: 2.8 | O9: 0 | P9: 0.37 | Q9: 4.77
A10: 45495.021 | B10: 9.36 | C10: 4.09 | D10: 14.09 | E10: 11.47 | F10: 4.45 | G10: 9.09 | H10: 3.47 | I10: 3.5 | J10: 0.98 | K10: 278.16 | L10: 26.62 | M10: 94.19 | N10: 2.7 | O10: 0 | P10: 0.36 | Q10: 4.78
A11: 45495.031 | B11: 9.36 | C11: 4.06 | D11: 14.08 | E11: 11.38 | F11: 4.5 | G11: 6.98 | H11: 3.62 | I11: 3.45 | J11: 0.94 | K11: 274.47 | L11: 26.55 | M11: 94.45 | N11: 2.6 | O11: 0 | P11: 0.36 | Q11: 4.78
A12: 45495.042 | B12: 9.37 | C12: 4.08 | D12: 14.09 | E12: 11.42 | F12: 4.37 | G12: 6.98 | H12: 3.62 | I12: 3.39 | J12: 1.14 | K12: 275.68 | L12: 26.53 | M12: 95.38 | N12: 2.5 | O12: 0 | P12: 0.35 | Q12: 4.78
A13: 45495.052 | B13: 9.37 | C13: 4.09 | D13: 14.1 | E13: 11.43 | F13: 4.11 | G13: 6.98 | H13: 3.62 | I13: 3.38 | J13: 1.04 | K13: 275.12 | L13: 26.45 | M13: 95.69 | N13: 2.4 | O13: 0 | P13: 0.35 | Q13: 4.77
A14: 45495.062 | B14: 9.38 | C14: 4.09 | D14: 14.1 | E14: 11.16 | F14: 4.55 | G14: 6.86 | H14: 3.56 | I14: 3.35 | J14: 0.7 | K14: 273.42 | L14: 26.45 | M14: 96.73 | N14: 2.4 | O14: 0 | P14: 0.35 | Q14: 4.77
A15: 45495.073 | B15: 9.38 | C15: 4.08 | D15: 14.1 | E15: 11.63 | F15: 4.6 | G15: 4.91 | H15: 2.76 | I15: 3.29 | J15: 0.85 | K15: 272.49 | L15: 26.38 | M15: 96.97 | N15: 2.4 | O15: 0 | P15: 0.35 | Q15: 4.79
A16: 45495.083 | B16: 9.39 | C16: 4.07 | D16: 14.1 | E16: 11.45 | F16: 4.08 | G16: 4.91 | H16: 2.76 | I16: 3.25 | J16: 1.09 | K16: 275.14 | L16: 26.27 | M16: 95.16 | N16: 2.6 | O16: 0 | P16: 0.34 | Q16: 4.78
A17: 45495.094 | B17: 9.4 | C17: 4.04 | D17: 14.1 | E17: 7.79 | F17: 4 | G17: 4.91 | H17: 2.76 | I17: 3.26 | J17: 0.86 | K17: 277.07 | L17: 26.21 | M17: 95.62 | N17: 2.5 | O17: 0 | P17: 0.34 | Q17: 4.78
A18: 45495.104 | B18: 9.39 | C18: 4.04 | D18: 14.1 | E18: 9.32 | F18: 3.79 | G18: 4.96 | H18: 2.74 | I18: 3.23 | J18: 0.82 | K18: 276.45 | L18: 26.15 | M18: 97.46 | N18: 2.4 | O18: 0 | P18: 0.33 | Q18: 4.77
A19: 45495.115 | B19: 9.37 | C19: 4.06 | D19: 14.08 | E19: 9.77 | F19: 3.91 | G19: 5.71 | H19: 2.52 | I19: 3.17 | J19: 0.78 | K19: 272.1 | L19: 26.08 | M19: 100.2 | N19: 2.4 | O19: 0 | P19: 0.36 | Q19: 4.78
A20: 45495.125 | B20: 9.38 | C20: 4.08 | D20: 14.1 | E20: 10.08 | F20: 3.75 | G20: 5.71 | H20: 2.52 | I20: 3.09 | J20: 0.69 | K20: 271.04 | L20: 26.07 | M20: 101.67 | N20: 2.4 | O20: 0 | P20: 0.36 | Q20: 4.76
... A104: 45496 | B104: 9.39 | C104: 4.08 | D104: 14.11 | E104: 10.28 | F104: 5.04 | G104: 5.83 | H104: 2.09 | I104: 3.36 | J104: 0.68 | K104: 273.44 | L104: 25.98 | M104: 95.84 | N104: 2.4 | O104: 0 | P104: 0.33 | Q104: 4.72
A106: Min | B106: =MIN(B9:B104) -> 9.29 | C106: =MIN(C9:C104) -> 4.04 | D106: =MIN(D9:D104) -> 14.02 | E106: =MIN(E9:E104) -> 6.09 | F106: =MIN(F9:F104) -> 2.76 | G106: =MIN(G9:G104) -> 1.6 | H106: =MIN(H9:H104) -> 0.75 | I106: =MIN(I9:I104) -> 2.86 | ... Q106: =MIN(Q9:Q104) -> 4.7
A107: Max | B107: =MAX(B9:B104) -> 9.45 | C107: =MAX(C9:C104) -> 4.12 | D107: =MAX(D9:D104) -> 14.17 | E107: =MAX(E9:E104) -> 12.87 | F107: =MAX(F9:F104) -> 6.57 | G107: =MAX(G9:G104) -> 35.96 | H107: =MAX(H9:H104) -> 6.94 | I107: =MAX(I9:I104) -> 5.69 | ... Q107: =MAX(Q9:Q104) -> 4.79
A108: Avg | B108: =AVERAGE(B9:B104) -> 9.371875 | C108: =AVERAGE(C9:C104) -> 4.0769792 | D108: =AVERAGE(D9:D104) -> 14.094896 | E108: =AVERAGE(E9:E104) -> 9.0376042 | F108: =AVERAGE(F9:F104) -> 4.4398958 | G108: =AVERAGE(G9:G104) -> 9.8645833 | H108: =AVERAGE(H9:H104) -> 2.54875 | I108: =AVERAGE(I9:I104) -> 3.8352083 | ... Q108: =AVERAGE(Q9:Q104) -> 4.7417708
A109: Stdev | B109: =STDEV(B9:B104) -> 0.032291844 | C109: =STDEV(C9:C104) -> 0.018245103 | D109: =STDEV(D9:D104) -> 0.02883692 | E109: =STDEV(E9:E104) -> 2.0331457 | F109: =STDEV(F9:F104) -> 0.75853945 | G109: =STDEV(G9:G104) -> 8.9528472 | H109: =STDEV(H9:H104) -> 1.3831537 | I109: =STDEV(I9:I104) -> 0.79556531 | ... Q109: =STDEV(Q9:Q104) -> 0.025669757
A110: Num | B110: =COUNT(B9:B104) -> 96 | C110: =COUNT(C9:C104) -> 96 | D110: =COUNT(D9:D104) -> 96 | E110: =COUNT(E9:E104) -> 96 | F110: =COUNT(F9:F104) -> 96 | G110: =COUNT(G9:G104) -> 96 | H110: =COUNT(H9:H104) -> 96 | I110: =COUNT(I9:I104) -> 96 | ... Q110: =COUNT(Q9:Q104) -> 96
A111: DCR | B111: =IF(B110>=87,">90%",IF(B110<=87,"<90%")) -> >90% | C111: =IF(C110>=87,">90%",IF(C110<=87,"<90%")) -> >90% | D111: =IF(D110>=87,">90%",IF(D110<=87,"<90%")) -> >90% | E111: =IF(E110>=87,">90%",IF(E110<=87,"<90%")) -> >90% | F111: =IF(F110>=87,">90%",IF(F110<=87,"<90%")) -> >90% | G111: =IF(G110>=87,">90%",IF(G110<=87,"<90%")) -> >90% | H111: =IF(H110>=87,">90%",IF(H110<=87,"<90%")) -> >90% | I111: =IF(I110>=87,">90%",IF(I110<=87,"<90%")) -> >90% | ... Q111: =IF(Q110>=87,">90%",IF(Q110<=87,"<90%")) -> >90%
A112: Status | B112: =IF(B110>=87,"OK",IF(B110<=87,"LESS")) -> OK | C112: =IF(C110>=87,"OK",IF(C110<=87,"LESS")) -> OK | D112: =IF(D110>=87,"OK",IF(D110<=87,"LESS")) -> OK | E112: =IF(E110>=87,"OK",IF(E110<=87,"LESS")) -> OK | F112: =IF(F110>=87,"OK",IF(F110<=87,"LESS")) -> OK | G112: =IF(G110>=87,"OK",IF(G110<=87,"LESS")) -> OK | H112: =IF(H110>=87,"OK",IF(H110<=87,"LESS")) -> OK | I112: =IF(I110>=87,"OK",IF(I110<=87,"LESS")) -> OK | ... Q112: =IF(Q110>=87,"OK",IF(Q110<=87,"LESS")) -> OK
A115: Done by | B115: AKASH
A117: Comment

Sheet 23
A1: Station: | B1: IGKV RAIPUR
A2: Date: | B2: =$A$9 -> 45496.01 | C2: Power Off | G2: Pw.Off | J2: Link Fail | L2: Link F | N2: Maintenance | P2: Maint.
A3: Report Type: | B3: Mean | C3: Calibration | G3: Calib. | J3: Data Fail | L3: Data F | N3: Invalid | P3: Invalid
A4: Time Base: | B4: 15 Min | C4: Zero Referrence | G4: Z.Ref | J4: Warm Up | L4: Wm. Up
A7: Date & Time | B7: NO | C7: NO2 | D7: NOX | E7: SO2 | F7: O3 | G7: PM 10 | H7: PM 2.5 | I7: BENZ | J7: WS | K7: WD | L7: TEMP | M7: HUM | N7: SR | O7: RG | P7: CO | Q7: NH3
B8: ug/m3 | C8: ug/m3 | D8: ppb | E8: ug/m3 | F8: ug/m3 | G8: ug/m3 | H8: ug/m3 | I8: ug/m3 | J8: m/sec | K8: deg | L8: degreC | M8: % | N8: w/m2 | O8: mm | P8: mg/m3 | Q8: ug/m3
A9: 45496.01 | B9: 9.24 | C9: 4.12 | D9: 14.02 | E9: 10.18 | F9: 4.86 | G9: 5.83 | H9: 2.09 | I9: 3.39 | J9: 0.84 | K9: 270.96 | L9: 25.98 | M9: 95.4 | N9: 2.3 | O9: 0 | P9: 0.37 | Q9: 4.77
A10: 45496.021 | B10: 9.26 | C10: 4.1 | D10: 14.02 | E10: 10.25 | F10: 5.55 | G10: 5.74 | H10: 2.08 | I10: 3.36 | J10: 0.93 | K10: 272.43 | L10: 25.98 | M10: 96.17 | N10: 2.4 | O10: 0 | P10: 0.36 | Q10: 4.78
A11: 45496.031 | B11: 9.25 | C11: 4.09 | D11: 14.01 | E11: 9.81 | F11: 5.73 | G11: 4.16 | H11: 1.89 | I11: 3.38 | J11: 0.85 | K11: 273.58 | L11: 26.05 | M11: 95.96 | N11: 2.4 | O11: 0 | P11: 0.36 | Q11: 4.78
A12: 45496.042 | B12: 9.23 | C12: 4.12 | D12: 14 | E12: 10.57 | F12: 4.73 | G12: 4.16 | H12: 1.89 | I12: 3.29 | J12: 0.79 | K12: 274.16 | L12: 26 | M12: 95.6 | N12: 2.4 | O12: 0 | P12: 0.35 | Q12: 4.78
A13: 45496.052 | B13: 9.24 | C13: 4.1 | D13: 14 | E13: 10.16 | F13: 4.45 | G13: 4.16 | H13: 1.89 | I13: 3.51 | J13: 0.69 | K13: 273.71 | L13: 26 | M13: 95.53 | N13: 2.5 | O13: 0 | P13: 0.35 | Q13: 4.77
A14: 45496.062 | B14: 9.24 | C14: 4.1 | D14: 14 | E14: 10 | F14: 4.83 | G14: 4.17 | H14: 1.88 | I14: 3.33 | J14: 0.85 | K14: 274.12 | L14: 26.02 | M14: 95.29 | N14: 2.4 | O14: 0 | P14: 0.35 | Q14: 4.77
A15: 45496.073 | B15: 9.23 | C15: 4.12 | D15: 14 | E15: 10.03 | F15: 5.15 | G15: 4.4 | H15: 1.78 | I15: 3.27 | J15: 0.7 | K15: 272.91 | L15: 25.98 | M15: 95.5 | N15: 2.4 | O15: 0 | P15: 0.35 | Q15: 4.79
A16: 45496.083 | B16: 9.24 | C16: 4.1 | D16: 14 | E16: 10.72 | F16: 4.61 | G16: 4.4 | H16: 1.78 | I16: 3.19 | J16: 0.81 | K16: 272.85 | L16: 25.99 | M16: 97.94 | N16: 2.4 | O16: 0 | P16: 0.34 | Q16: 4.78
A17: 45496.094 | B17: 9.24 | C17: 4.1 | D17: 14 | E17: 8.72 | F17: 5.13 | G17: 4.4 | H17: 1.78 | I17: 3.19 | J17: 0.77 | K17: 270.97 | L17: 25.95 | M17: 96.42 | N17: 2.4 | O17: 0 | P17: 0.34 | Q17: 4.78
A18: 45496.104 | B18: 9.26 | C18: 4.07 | D18: 14 | E18: 10.51 | F18: 4.63 | G18: 4.35 | H18: 1.77 | I18: 3.21 | J18: 0.91 | K18: 277.88 | L18: 25.95 | M18: 95.24 | N18: 2.4 | O18: 0 | P18: 0.33 | Q18: 4.77
A19: 45496.115 | B19: 9.26 | C19: 4.06 | D19: 14 | E19: 11.16 | F19: 3.99 | G19: 3.6 | H19: 1.6 | I19: 3.33 | J19: 0.97 | K19: 271.94 | L19: 25.85 | M19: 95.89 | N19: 2.6 | O19: 0 | P19: 0.36 | Q19: 4.78
A20: 45496.125 | B20: 9.25 | C20: 4.09 | D20: 14 | E20: 11.06 | F20: 4.04 | G20: 3.6 | H20: 1.6 | I20: 3.12 | J20: 0.88 | K20: 272.91 | L20: 25.45 | M20: 101.35 | N20: 2 | O20: 0 | P20: 0.36 | Q20: 4.76
... A104: 45497 | B104: 9.16 | C104: 4.22 | D104: 14 | E104: 10.97 | F104: 4.16 | G104: 6.68 | H104: 1.57 | I104: 3.03 | J104: 0.74 | K104: 274.78 | L104: 24.6 | M104: 101.1 | N104: 2.7 | O104: 1.4 | P104: 0.33 | Q104: 4.72
A106: Min | B106: =MIN(B9:B104) -> 9.16 | C106: =MIN(C9:C104) -> 4.05 | D106: =MIN(D9:D104) -> 14 | E106: =MIN(E9:E104) -> 7.44 | F106: =MIN(F9:F104) -> 2.98 | G106: =MIN(G9:G104) -> 2.52 | H106: =MIN(H9:H104) -> 1.32 | I106: =MIN(I9:I104) -> 2.79 | ... Q106: =MIN(Q9:Q104) -> 4.7
A107: Max | B107: =MAX(B9:B104) -> 9.29 | C107: =MAX(C9:C104) -> 4.22 | D107: =MAX(D9:D104) -> 14.04 | E107: =MAX(E9:E104) -> 13.67 | F107: =MAX(F9:F104) -> 5.73 | G107: =MAX(G9:G104) -> 6.68 | H107: =MAX(H9:H104) -> 4.05 | I107: =MAX(I9:I104) -> 3.51 | ... Q107: =MAX(Q9:Q104) -> 4.79
A108: Avg | B108: =AVERAGE(B9:B104) -> 9.22125 | C108: =AVERAGE(C9:C104) -> 4.1296875 | D108: =AVERAGE(D9:D104) -> 14.001875 | E108: =AVERAGE(E9:E104) -> 10.533021 | F108: =AVERAGE(F9:F104) -> 4.0220833 | G108: =AVERAGE(G9:G104) -> 4.6352083 | H108: =AVERAGE(H9:H104) -> 1.9621875 | I108: =AVERAGE(I9:I104) -> 3.1097917 | ... Q108: =AVERAGE(Q9:Q104) -> 4.7417708
A109: Stdev | B109: =STDEV(B9:B104) -> 0.032517202 | C109: =STDEV(C9:C104) -> 0.044966727 | D109: =STDEV(D9:D104) -> 0.0062090765 | E109: =STDEV(E9:E104) -> 1.2163025 | F109: =STDEV(F9:F104) -> 0.48435071 | G109: =STDEV(G9:G104) -> 1.1817088 | H109: =STDEV(H9:H104) -> 0.65511141 | I109: =STDEV(I9:I104) -> 0.16181197 | ... Q109: =STDEV(Q9:Q104) -> 0.025669757
A110: Num | B110: =COUNT(B9:B104) -> 96 | C110: =COUNT(C9:C104) -> 96 | D110: =COUNT(D9:D104) -> 96 | E110: =COUNT(E9:E104) -> 96 | F110: =COUNT(F9:F104) -> 96 | G110: =COUNT(G9:G104) -> 96 | H110: =COUNT(H9:H104) -> 96 | I110: =COUNT(I9:I104) -> 96 | ... Q110: =COUNT(Q9:Q104) -> 96
A111: DCR | B111: =IF(B110>=87,">90%",IF(B110<=87,"<90%")) -> >90% | C111: =IF(C110>=87,">90%",IF(C110<=87,"<90%")) -> >90% | D111: =IF(D110>=87,">90%",IF(D110<=87,"<90%")) -> >90% | E111: =IF(E110>=87,">90%",IF(E110<=87,"<90%")) -> >90% | F111: =IF(F110>=87,">90%",IF(F110<=87,"<90%")) -> >90% | G111: =IF(G110>=87,">90%",IF(G110<=87,"<90%")) -> >90% | H111: =IF(H110>=87,">90%",IF(H110<=87,"<90%")) -> >90% | I111: =IF(I110>=87,">90%",IF(I110<=87,"<90%")) -> >90% | ... Q111: =IF(Q110>=87,">90%",IF(Q110<=87,"<90%")) -> >90%
A112: Status | B112: =IF(B110>=87,"OK",IF(B110<=87,"LESS")) -> OK | C112: =IF(C110>=87,"OK",IF(C110<=87,"LESS")) -> OK | D112: =IF(D110>=87,"OK",IF(D110<=87,"LESS")) -> OK | E112: =IF(E110>=87,"OK",IF(E110<=87,"LESS")) -> OK | F112: =IF(F110>=87,"OK",IF(F110<=87,"LESS")) -> OK | G112: =IF(G110>=87,"OK",IF(G110<=87,"LESS")) -> OK | H112: =IF(H110>=87,"OK",IF(H110<=87,"LESS")) -> OK | I112: =IF(I110>=87,"OK",IF(I110<=87,"LESS")) -> OK | ... Q112: =IF(Q110>=87,"OK",IF(Q110<=87,"LESS")) -> OK
A115: Done by | B115: AKASH
A117: Comment

Sheet 24
A1: Station: | B1: IGKV RAIPUR
A2: Date: | B2: =$A$9 -> 45497.01 | C2: Power Off | G2: Pw.Off | J2: Link Fail | L2: Link F | N2: Maintenance | P2: Maint.
A3: Report Type: | B3: Mean | C3: Calibration | G3: Calib. | J3: Data Fail | L3: Data F | N3: Invalid | P3: Invalid
A4: Time Base: | B4: 15 Min | C4: Zero Referrence | G4: Z.Ref | J4: Warm Up | L4: Wm. Up
A7: Date & Time | B7: NO | C7: NO2 | D7: NOX | E7: SO2 | F7: O3 | G7: PM 10 | H7: PM 2.5 | I7: BENZ | J7: WS | K7: WD | L7: TEMP | M7: HUM | N7: SR | O7: RG | P7: CO | Q7: NH3
B8: ug/m3 | C8: ug/m3 | D8: ppb | E8: ug/m3 | F8: ug/m3 | G8: ug/m3 | H8: ug/m3 | I8: ug/m3 | J8: m/sec | K8: deg | L8: degreC | M8: % | N8: w/m2 | O8: mm | P8: mg/m3 | Q8: ug/m3
A9: 45497.01 | B9: 9.3 | C9: 4 | D9: 14 | E9: 11.21 | F9: 3.72 | G9: 6.68 | H9: 1.57 | I9: 2.89 | J9: 0.81 | K9: 276.96 | L9: 24.42 | M9: 101.4 | N9: 2.7 | O9: 2.4 | P9: 0.26 | Q9: 4.74
A10: 45497.021 | B10: 9.27 | C10: 4.05 | D10: 14 | E10: 11.46 | F10: 3.55 | G10: 6.6 | H10: 1.57 | I10: 3 | J10: 0.91 | K10: 275.93 | L10: 24.35 | M10: 101.46 | N10: 2.6 | O10: 0.8 | P10: 0.26 | Q10: 4.73
A11: 45497.031 | B11: 9.26 | C11: 4.09 | D11: 14.02 | E11: 11.94 | F11: 3.56 | G11: 5.28 | H11: 1.48 | I11: 3.04 | J11: 1.18 | K11: 274.61 | L11: 24.27 | M11: 101.87 | N11: 2.7 | O11: 0.8 | P11: 0.26 | Q11: 4.74
A12: 45497.042 | B12: 9.27 | C12: 4.07 | D12: 14.01 | E12: 11.76 | F12: 3.65 | G12: 5.28 | H12: 1.48 | I12: 3 | J12: 0.97 | K12: 276.61 | L12: 24.33 | M12: 101.76 | N12: 2.5 | O12: 0.4 | P12: 0.26 | Q12: 4.73
A13: 45497.052 | B13: 9.27 | C13: 4.05 | D13: 14 | E13: 11.87 | F13: 3.8 | G13: 5.28 | H13: 1.48 | I13: 2.82 | J13: 0.98 | K13: 282.69 | L13: 24.27 | M13: 101.99 | N13: 2.6 | O13: 0.8 | P13: 0.26 | Q13: 4.72
A14: 45497.062 | B14: 9.27 | C14: 4.06 | D14: 14.01 | E14: 11.89 | F14: 3.6 | G14: 5.19 | H14: 1.47 | I14: 2.79 | J14: 1.11 | K14: 275.72 | L14: 24.2 | M14: 101.79 | N14: 2.6 | O14: 1 | P14: 0.26 | Q14: 4.73
A15: 45497.073 | B15: 9.27 | C15: 4.08 | D15: 14.02 | E15: 12.27 | F15: 3.42 | G15: 3.79 | H15: 1.24 | I15: 2.89 | J15: 1.01 | K15: 275.06 | L15: 24.12 | M15: 101.86 | N15: 2.4 | O15: 1 | P15: 0.26 | Q15: 4.73
A16: 45497.083 | B16: 9.26 | C16: 4.08 | D16: 14.01 | E16: 12.58 | F16: 3.21 | G16: 3.79 | H16: 1.24 | I16: 2.87 | J16: 1 | K16: 275.86 | L16: 24.1 | M16: 103.75 | N16: 2.5 | O16: 1.4 | P16: 0.27 | Q16: 4.73
A17: 45497.094 | B17: 9.26 | C17: 4.1 | D17: 14.02 | E17: 7.01 | F17: 3.24 | G17: 3.79 | H17: 1.24 | I17: 2.89 | J17: 0.98 | K17: 275.37 | L17: 24.08 | M17: 108 | N17: 2.5 | O17: 1.2 | P17: 0.29 | Q17: 4.71
A18: 45497.104 | B18: 9.3 | C18: 4.11 | D18: 14.06 | E18: 7.97 | F18: 4.08 | G18: 3.79 | H18: 1.23 | I18: 2.89 | J18: 0.82 | K18: 272.58 | L18: 24.06 | M18: 105.63 | N18: 2.4 | O18: 1.2 | P18: 0.27 | Q18: 4.71
A19: 45497.115 | B19: 9.31 | C19: 4.1 | D19: 14.06 | E19: 7.4 | F19: 4.45 | G19: 3.86 | H19: 1.02 | I19: 2.91 | J19: 0.78 | K19: 274.18 | L19: 24.05 | M19: 102.69 | N19: 2.5 | O19: 1.8 | P19: 0.27 | Q19: 4.7
A20: 45497.125 | B20: 9.31 | C20: 4.1 | D20: 14.06 | E20: 7.12 | F20: 4.11 | G20: 3.86 | H20: 1.02 | I20: 2.92 | J20: 0.88 | K20: 275.21 | L20: 24.01 | M20: 103.46 | N20: 2.5 | O20: 1.2 | P20: 0.26 | Q20: 4.72
... A104: 45498 | B104: 9.29 | C104: 4.06 | D104: 14.02 | E104: 8.89 | F104: 4.06 | G104: 1.38 | H104: 0.83 | I104: 3.13 | J104: 0.63 | K104: 272.89 | L104: 24.73 | M104: 97.39 | N104: 2 | O104: 0 | P104: 0.29 | Q104: 4.72
A106: Min | B106: =MIN(B9:B104) -> 9.23 | C106: =MIN(C9:C104) -> 4 | D106: =MIN(D9:D104) -> 14 | E106: =MIN(E9:E104) -> 5.63 | F106: =MIN(F9:F104) -> 3.14 | G106: =MIN(G9:G104) -> 1.23 | H106: =MIN(H9:H104) -> 0.65 | I106: =MIN(I9:I104) -> 2.79 | ... Q106: =MIN(Q9:Q104) -> 4.7
A107: Max | B107: =MAX(B9:B104) -> 9.35 | C107: =MAX(C9:C104) -> 4.12 | D107: =MAX(D9:D104) -> 14.07 | E107: =MAX(E9:E104) -> 12.58 | F107: =MAX(F9:F104) -> 4.94 | G107: =MAX(G9:G104) -> 7.78 | H107: =MAX(H9:H104) -> 1.6 | I107: =MAX(I9:I104) -> 3.52 | ... Q107: =MAX(Q9:Q104) -> 4.75
A108: Avg | B108: =AVERAGE(B9:B104) -> 9.2921875 | C108: =AVERAGE(C9:C104) -> 4.0753125 | D108: =AVERAGE(D9:D104) -> 14.030833 | E108: =AVERAGE(E9:E104) -> 8.7554167 | F108: =AVERAGE(F9:F104) -> 3.7184375 | G108: =AVERAGE(G9:G104) -> 3.0072917 | H108: =AVERAGE(H9:H104) -> 1.06875 | I108: =AVERAGE(I9:I104) -> 3.1114583 | ... Q108: =AVERAGE(Q9:Q104) -> 4.7246875
A109: Stdev | B109: =STDEV(B9:B104) -> 0.022440711 | C109: =STDEV(C9:C104) -> 0.020362666 | D109: =STDEV(D9:D104) -> 0.018103019 | E109: =STDEV(E9:E104) -> 2.0013542 | F109: =STDEV(F9:F104) -> 0.32214194 | G109: =STDEV(G9:G104) -> 1.703002 | H109: =STDEV(H9:H104) -> 0.29414014 | I109: =STDEV(I9:I104) -> 0.20510834 | ... Q109: =STDEV(Q9:Q104) -> 0.0091712508
A110: Num | B110: =COUNT(B9:B104) -> 96 | C110: =COUNT(C9:C104) -> 96 | D110: =COUNT(D9:D104) -> 96 | E110: =COUNT(E9:E104) -> 96 | F110: =COUNT(F9:F104) -> 96 | G110: =COUNT(G9:G104) -> 96 | H110: =COUNT(H9:H104) -> 96 | I110: =COUNT(I9:I104) -> 96 | ... Q110: =COUNT(Q9:Q104) -> 96
A111: DCR | B111: =IF(B110>=87,">90%",IF(B110<=87,"<90%")) -> >90% | C111: =IF(C110>=87,">90%",IF(C110<=87,"<90%")) -> >90% | D111: =IF(D110>=87,">90%",IF(D110<=87,"<90%")) -> >90% | E111: =IF(E110>=87,">90%",IF(E110<=87,"<90%")) -> >90% | F111: =IF(F110>=87,">90%",IF(F110<=87,"<90%")) -> >90% | G111: =IF(G110>=87,">90%",IF(G110<=87,"<90%")) -> >90% | H111: =IF(H110>=87,">90%",IF(H110<=87,"<90%")) -> >90% | I111: =IF(I110>=87,">90%",IF(I110<=87,"<90%")) -> >90% | ... Q111: =IF(Q110>=87,">90%",IF(Q110<=87,"<90%")) -> >90%
A112: Status | B112: =IF(B110>=87,"OK",IF(B110<=87,"LESS")) -> OK | C112: =IF(C110>=87,"OK",IF(C110<=87,"LESS")) -> OK | D112: =IF(D110>=87,"OK",IF(D110<=87,"LESS")) -> OK | E112: =IF(E110>=87,"OK",IF(E110<=87,"LESS")) -> OK | F112: =IF(F110>=87,"OK",IF(F110<=87,"LESS")) -> OK | G112: =IF(G110>=87,"OK",IF(G110<=87,"LESS")) -> OK | H112: =IF(H110>=87,"OK",IF(H110<=87,"LESS")) -> OK | I112: =IF(I110>=87,"OK",IF(I110<=87,"LESS")) -> OK | ... Q112: =IF(Q110>=87,"OK",IF(Q110<=87,"LESS")) -> OK
A115: Done by | B115: AKASH
A117: Comment

Sheet 25
A1: Station: | B1: IGKV RAIPUR
A2: Date: | B2: =$A$9 -> 45498.01 | C2: Power Off | G2: Pw.Off | J2: Link Fail | L2: Link F | N2: Maintenance | P2: Maint.
A3: Report Type: | B3: Mean | C3: Calibration | G3: Calib. | J3: Data Fail | L3: Data F | N3: Invalid | P3: Invalid
A4: Time Base: | B4: 15 Min | C4: Zero Referrence | G4: Z.Ref | J4: Warm Up | L4: Wm. Up
A7: Date & Time | B7: NO | C7: NO2 | D7: NOX | E7: SO2 | F7: O3 | G7: PM 10 | H7: PM 2.5 | I7: BENZ | J7: WS | K7: WD | L7: TEMP | M7: HUM | N7: SR | O7: RG | P7: CO | Q7: NH3
B8: ug/m3 | C8: ug/m3 | D8: ppb | E8: ug/m3 | F8: ug/m3 | G8: ug/m3 | H8: ug/m3 | I8: ug/m3 | J8: m/sec | K8: deg | L8: degreC | M8: % | N8: w/m2 | O8: mm | P8: mg/m3 | Q8: ug/m3
A9: 45498.01 | B9: 9.17 | C9: 4.21 | D9: 14 | E9: 9.1 | F9: 3.48 | G9: 1.38 | H9: 0.83 | I9: 3.16 | J9: 0.67 | K9: 270.37 | L9: 24.65 | M9: 97.43 | N9: 2.2 | O9: 0 | P9: 0.29 | Q9: 4.72
A10: 45498.021 | B10: 9.15 | C10: 4.23 | D10: 14 | E10: 8.81 | F10: 3.8 | G10: 1.38 | H10: 0.83 | I10: 3.16 | J10: 0.58 | K10: 270.3 | L10: 24.5 | M10: 97.95 | N10: 2.1 | O10: 0 | P10: 0.3 | Q10: 4.72
A11: 45498.031 | B11: 9.15 | C11: 4.23 | D11: 14 | E11: 8.97 | F11: 4.32 | G11: 1.48 | H11: 0.82 | I11: 3.17 | J11: 0.61 | K11: 272.43 | L11: 24.55 | M11: 99.43 | N11: 1.9 | O11: 0 | P11: 0.29 | Q11: 4.73
A12: 45498.042 | B12: 9.18 | C12: 4.19 | D12: 14 | E12: 8.28 | F12: 3.8 | G12: 1.48 | H12: 0.82 | I12: 3.14 | J12: 0.83 | K12: 274.41 | L12: 24.6 | M12: 98.62 | N12: 2.2 | O12: 0 | P12: 0.29 | Q12: 4.73
A13: 45498.052 | B13: 9.16 | C13: 4.22 | D13: 14 | E13: 8.18 | F13: 3.82 | G13: 1.48 | H13: 0.82 | I13: 3.21 | J13: 0.74 | K13: 274.37 | L13: 24.7 | M13: 99.07 | N13: 2.4 | O13: 0 | P13: 0.28 | Q13: 4.74
A14: 45498.062 | B14: 9.16 | C14: 4.21 | D14: 14 | E14: 8.53 | F14: 3.76 | G14: 1.48 | H14: 0.82 | I14: 3.23 | J14: 0.96 | K14: 276.44 | L14: 24.78 | M14: 96.78 | N14: 2.4 | O14: 0 | P14: 0.28 | Q14: 4.74
A15: 45498.073 | B15: 9.16 | C15: 4.22 | D15: 14 | E15: 8.26 | F15: 3.73 | G15: 1.49 | H15: 0.84 | I15: 3.22 | J15: 0.98 | K15: 276.42 | L15: 24.83 | M15: 95.75 | N15: 2.3 | O15: 0 | P15: 0.26 | Q15: 4.73
A16: 45498.083 | B16: 9.17 | C16: 4.21 | D16: 14 | E16: 8.45 | F16: 4.09 | G16: 1.49 | H16: 0.84 | I16: 3.19 | J16: 0.85 | K16: 275.37 | L16: 24.9 | M16: 95.12 | N16: 2.2 | O16: 0 | P16: 0.26 | Q16: 4.73
A17: 45498.094 | B17: 9.19 | C17: 4.18 | D17: 14 | E17: 8.88 | F17: 3.81 | G17: 1.49 | H17: 0.84 | I17: 3.07 | J17: 0.91 | K17: 275.03 | L17: 24.89 | M17: 95.17 | N17: 2.3 | O17: 0 | P17: 0.26 | Q17: 4.72
A18: 45498.104 | B18: 9.19 | C18: 4.17 | D18: 14 | E18: 10.65 | F18: 4.43 | G18: 1.48 | H18: 0.84 | I18: 3.05 | J18: 0.84 | K18: 275.9 | L18: 24.93 | M18: 95.02 | N18: 2.4 | O18: 0 | P18: 0.25 | Q18: 4.71
A19: 45498.115 | B19: 9.2 | C19: 4.16 | D19: 14 | E19: 10.26 | F19: 4.9 | G19: 1.4 | H19: 0.82 | I19: 2.96 | J19: 0.81 | K19: 273.53 | L19: 24.9 | M19: 95.25 | N19: 2.4 | O19: 0 | P19: 0.25 | Q19: 4.71
A20: 45498.125 | B20: 9.19 | C20: 4.17 | D20: 14 | E20: 10.33 | F20: 3.89 | G20: 1.4 | H20: 0.82 | I20: 2.92 | J20: 0.66 | K20: 271.82 | L20: 24.89 | M20: 95.4 | N20: 2.4 | O20: 0 | P20: 0.26 | Q20: 4.72
... A104: 45499 | B104: 9.18 | C104: 4.2 | D104: 14 | E104: 11.62 | F104: 3.91 | G104: 4.9 | H104: 0.87 | I104: 3.06 | J104: 0.92 | K104: 277.12 | L104: 25.75 | M104: 94.56 | N104: 2.4 | O104: 0 | P104: 0.31 | Q104: 4.72
A106: Min | B106: =MIN(B9:B104) -> 9.14 | C106: =MIN(C9:C104) -> 4.13 | D106: =MIN(D9:D104) -> 14 | E106: =MIN(E9:E104) -> 8.18 | F106: =MIN(F9:F104) -> 3.12 | G106: =MIN(G9:G104) -> 1.38 | H106: =MIN(H9:H104) -> 0.75 | I106: =MIN(I9:I104) -> 2.75 | ... Q106: =MIN(Q9:Q104) -> 4.71
A107: Max | B107: =MAX(B9:B104) -> 9.22 | C107: =MAX(C9:C104) -> 4.24 | D107: =MAX(D9:D104) -> 14 | E107: =MAX(E9:E104) -> 13.38 | F107: =MAX(F9:F104) -> 6.7 | G107: =MAX(G9:G104) -> 7.46 | H107: =MAX(H9:H104) -> 1.23 | I107: =MAX(I9:I104) -> 3.23 | ... Q107: =MAX(Q9:Q104) -> 4.75
A108: Avg | B108: =AVERAGE(B9:B104) -> 9.1777083 | C108: =AVERAGE(C9:C104) -> 4.1923958 | D108: =AVERAGE(D9:D104) -> 14 | E108: =AVERAGE(E9:E104) -> 10.899896 | F108: =AVERAGE(F9:F104) -> 4.2007292 | G108: =AVERAGE(G9:G104) -> 3.0701042 | H108: =AVERAGE(H9:H104) -> 0.86010417 | I108: =AVERAGE(I9:I104) -> 3.0002083 | ... Q108: =AVERAGE(Q9:Q104) -> 4.7272917
A109: Stdev | B109: =STDEV(B9:B104) -> 0.015319693 | C109: =STDEV(C9:C104) -> 0.0222779 | D109: =STDEV(D9:D104) -> 0 | E109: =STDEV(E9:E104) -> 1.286493 | F109: =STDEV(F9:F104) -> 0.75288672 | G109: =STDEV(G9:G104) -> 2.0418843 | H109: =STDEV(H9:H104) -> 0.1399962 | I109: =STDEV(I9:I104) -> 0.11621196 | ... Q109: =STDEV(Q9:Q104) -> 0.0087634608
A110: Num | B110: =COUNT(B9:B104) -> 96 | C110: =COUNT(C9:C104) -> 96 | D110: =COUNT(D9:D104) -> 96 | E110: =COUNT(E9:E104) -> 96 | F110: =COUNT(F9:F104) -> 96 | G110: =COUNT(G9:G104) -> 96 | H110: =COUNT(H9:H104) -> 96 | I110: =COUNT(I9:I104) -> 96 | ... Q110: =COUNT(Q9:Q104) -> 96
A111: DCR | B111: =IF(B110>=87,">90%",IF(B110<=87,"<90%")) -> >90% | C111: =IF(C110>=87,">90%",IF(C110<=87,"<90%")) -> >90% | D111: =IF(D110>=87,">90%",IF(D110<=87,"<90%")) -> >90% | E111: =IF(E110>=87,">90%",IF(E110<=87,"<90%")) -> >90% | F111: =IF(F110>=87,">90%",IF(F110<=87,"<90%")) -> >90% | G111: =IF(G110>=87,">90%",IF(G110<=87,"<90%")) -> >90% | H111: =IF(H110>=87,">90%",IF(H110<=87,"<90%")) -> >90% | I111: =IF(I110>=87,">90%",IF(I110<=87,"<90%")) -> >90% | ... Q111: =IF(Q110>=87,">90%",IF(Q110<=87,"<90%")) -> >90%
A112: Status | B112: =IF(B110>=87,"OK",IF(B110<=87,"LESS")) -> OK | C112: =IF(C110>=87,"OK",IF(C110<=87,"LESS")) -> OK | D112: =IF(D110>=87,"OK",IF(D110<=87,"LESS")) -> OK | E112: =IF(E110>=87,"OK",IF(E110<=87,"LESS")) -> OK | F112: =IF(F110>=87,"OK",IF(F110<=87,"LESS")) -> OK | G112: =IF(G110>=87,"OK",IF(G110<=87,"LESS")) -> OK | H112: =IF(H110>=87,"OK",IF(H110<=87,"LESS")) -> OK | I112: =IF(I110>=87,"OK",IF(I110<=87,"LESS")) -> OK | ... Q112: =IF(Q110>=87,"OK",IF(Q110<=87,"LESS")) -> OK
A115: Done by | B115: AKASH
A117: Comment

Sheet 26
A1: Station: | B1: IGKV RAIPUR
A2: Date: | B2: =$A$9 -> 45499.01 | C2: Power Off | G2: Pw.Off | J2: Link Fail | L2: Link F | N2: Maintenance | P2: Maint.
A3: Report Type: | B3: Mean | C3: Calibration | G3: Calib. | J3: Data Fail | L3: Data F | N3: Invalid | P3: Invalid
A4: Time Base: | B4: 15 Min | C4: Zero Referrence | G4: Z.Ref | J4: Warm Up | L4: Wm. Up
A7: Date & Time | B7: NO | C7: NO2 | D7: NOX | E7: SO2 | F7: O3 | G7: PM 10 | H7: PM 2.5 | I7: BENZ | J7: WS | K7: WD | L7: TEMP | M7: HUM | N7: SR | O7: RG | P7: CO | Q7: NH3
B8: ug/m3 | C8: ug/m3 | D8: ppb | E8: ug/m3 | F8: ug/m3 | G8: ug/m3 | H8: ug/m3 | I8: ug/m3 | J8: m/sec | K8: deg | L8: degreC | M8: % | N8: w/m2 | O8: mm | P8: mg/m3 | Q8: ug/m3
A9: 45499.01 | B9: 9.25 | C9: 4.08 | D9: 14 | E9: 11.62 | F9: 3.9 | G9: 4.9 | H9: 0.87 | I9: 2.95 | J9: 0.96 | K9: 277.55 | L9: 25.66 | M9: 93.76 | N9: 2.5 | O9: 0 | P9: 0.3 | Q9: 4.72
A10: 45499.021 | B10: 9.28 | C10: 4.06 | D10: 14.01 | E10: 12.47 | F10: 3.81 | G10: 5.11 | H10: 1.08 | I10: 3.06 | J10: 0.79 | K10: 275.59 | L10: 25.42 | M10: 97.06 | N10: 1.7 | O10: 0 | P10: 0.31 | Q10: 4.72
A11: 45499.031 | B11: 9.25 | C11: 4.1 | D11: 14.01 | E11: 12.21 | F11: 3.76 | G11: 8.73 | H11: 4.35 | I11: 3.06 | J11: 0.89 | K11: 275.1 | L11: 25.48 | M11: 98.22 | N11: 2 | O11: 0 | P11: 0.31 | Q11: 4.73
A12: 45499.042 | B12: 9.26 | C12: 4.08 | D12: 14.01 | E12: 12.59 | F12: 3.78 | G12: 8.73 | H12: 4.35 | I12: 3.06 | J12: 0.88 | K12: 272.92 | L12: 25.55 | M12: 97.69 | N12: 2.4 | O12: 0 | P12: 0.3 | Q12: 4.73
A13: 45499.052 | B13: 9.25 | C13: 4.08 | D13: 14 | E13: 11.83 | F13: 3.72 | G13: 8.73 | H13: 4.35 | I13: 3.05 | J13: 0.82 | K13: 274.72 | L13: 25.36 | M13: 99.49 | N13: 1.7 | O13: 0 | P13: 0.3 | Q13: 4.74
A14: 45499.062 | B14: 9.24 | C14: 4.1 | D14: 14 | E14: 12.14 | F14: 3.5 | G14: 8.72 | H14: 4.3 | I14: 2.89 | J14: 0.86 | K14: 274.18 | L14: 25.26 | M14: 101.12 | N14: 1.7 | O14: 0 | P14: 0.33 | Q14: 4.73
A15: 45499.073 | B15: 9.26 | C15: 4.08 | D15: 14.01 | E15: 12.38 | F15: 3.69 | G15: 8.48 | H15: 3.45 | I15: 3.01 | J15: 0.74 | K15: 276.09 | L15: 25.19 | M15: 97.01 | N15: 1.3 | O15: 0 | P15: 0.34 | Q15: 4.7
A16: 45499.083 | B16: 9.32 | C16: 4.07 | D16: 14.05 | E16: 11.79 | F16: 3.81 | G16: 8.48 | H16: 3.45 | I16: 3.07 | J16: 0.8 | K16: 273.95 | L16: 25.23 | M16: 97.01 | N16: 1.3 | O16: 0 | P16: 0.33 | Q16: 4.7
A17: 45499.094 | B17: 9.3 | C17: 4.09 | D17: 14.04 | E17: 8.18 | F17: 3.8 | G17: 8.48 | H17: 3.45 | I17: 3.14 | J17: 0.74 | K17: 276.44 | L17: 25.37 | M17: 97.06 | N17: 1.6 | O17: 0 | P17: 0.33 | Q17: 4.71
A18: 45499.104 | B18: 9.29 | C18: 4.06 | D18: 14.02 | E18: 9.55 | F18: 4.03 | G18: 8.53 | H18: 3.59 | I18: 3.13 | J18: 0.9 | K18: 271.45 | L18: 25.43 | M18: 95.8 | N18: 2.1 | O18: 0 | P18: 0.33 | Q18: 4.72
A19: 45499.115 | B19: 9.28 | C19: 4.07 | D19: 14.02 | E19: 10 | F19: 4.18 | G19: 9.31 | H19: 5.78 | I19: 3.13 | J19: 0.85 | K19: 275.55 | L19: 25.46 | M19: 95.54 | N19: 2.4 | O19: 0.2 | P19: 0.33 | Q19: 4.71
A20: 45499.125 | B20: 9.29 | C20: 4.07 | D20: 14.02 | E20: 9.78 | F20: 3.69 | G20: 9.31 | H20: 5.78 | I20: 3.11 | J20: 0.83 | K20: 273.2 | L20: 25.5 | M20: 94.75 | N20: 2.4 | O20: 0 | P20: 0.32 | Q20: 4.72
... A104: 45500 | B104: 9.32 | C104: 4.08 | D104: 14.05 | E104: 9.77 | F104: 4.01 | G104: 15.03 | H104: 3.89 | I104: 3.9 | J104: 0.76 | K104: 275.86 | L104: 25.31 | M104: 97.09 | N104: 2.1 | O104: 0 | P104: 0.3 | Q104: 4.72
A106: Min | B106: =MIN(B9:B104) -> 9.24 | C106: =MIN(C9:C104) -> 4.02 | D106: =MIN(D9:D104) -> 14 | E106: =MIN(E9:E104) -> 8.18 | F106: =MIN(F9:F104) -> 2.86 | G106: =MIN(G9:G104) -> 4.9 | H106: =MIN(H9:H104) -> 0.87 | I106: =MIN(I9:I104) -> 2.89 | ... Q106: =MIN(Q9:Q104) -> 4.7
A107: Max | B107: =MAX(B9:B104) -> 9.33 | C107: =MAX(C9:C104) -> 4.12 | D107: =MAX(D9:D104) -> 14.07 | E107: =MAX(E9:E104) -> 13.11 | F107: =MAX(F9:F104) -> 5.43 | G107: =MAX(G9:G104) -> 24.73 | H107: =MAX(H9:H104) -> 10.74 | I107: =MAX(I9:I104) -> 5.8 | ... Q107: =MAX(Q9:Q104) -> 4.74
A108: Avg | B108: =AVERAGE(B9:B104) -> 9.2916667 | C108: =AVERAGE(C9:C104) -> 4.0690625 | D108: =AVERAGE(D9:D104) -> 14.026667 | E108: =AVERAGE(E9:E104) -> 10.25 | F108: =AVERAGE(F9:F104) -> 3.6389583 | G108: =AVERAGE(G9:G104) -> 15.733958 | H108: =AVERAGE(H9:H104) -> 6.7259375 | I108: =AVERAGE(I9:I104) -> 4.0425 | ... Q108: =AVERAGE(Q9:Q104) -> 4.7275
A109: Stdev | B109: =STDEV(B9:B104) -> 0.01798635 | C109: =STDEV(C9:C104) -> 0.01789314 | D109: =STDEV(D9:D104) -> 0.015672078 | E109: =STDEV(E9:E104) -> 1.028363 | F109: =STDEV(F9:F104) -> 0.48512067 | G109: =STDEV(G9:G104) -> 4.9770132 | H109: =STDEV(H9:H104) -> 2.1598555 | I109: =STDEV(I9:I104) -> 0.92419182 | ... Q109: =STDEV(Q9:Q104) -> 0.0096245301
A110: Num | B110: =COUNT(B9:B104) -> 96 | C110: =COUNT(C9:C104) -> 96 | D110: =COUNT(D9:D104) -> 96 | E110: =COUNT(E9:E104) -> 96 | F110: =COUNT(F9:F104) -> 96 | G110: =COUNT(G9:G104) -> 96 | H110: =COUNT(H9:H104) -> 96 | I110: =COUNT(I9:I104) -> 96 | ... Q110: =COUNT(Q9:Q104) -> 96
A111: DCR | B111: =IF(B110>=87,">90%",IF(B110<=87,"<90%")) -> >90% | C111: =IF(C110>=87,">90%",IF(C110<=87,"<90%")) -> >90% | D111: =IF(D110>=87,">90%",IF(D110<=87,"<90%")) -> >90% | E111: =IF(E110>=87,">90%",IF(E110<=87,"<90%")) -> >90% | F111: =IF(F110>=87,">90%",IF(F110<=87,"<90%")) -> >90% | G111: =IF(G110>=87,">90%",IF(G110<=87,"<90%")) -> >90% | H111: =IF(H110>=87,">90%",IF(H110<=87,"<90%")) -> >90% | I111: =IF(I110>=87,">90%",IF(I110<=87,"<90%")) -> >90% | ... Q111: =IF(Q110>=87,">90%",IF(Q110<=87,"<90%")) -> >90%
A112: Status | B112: =IF(B110>=87,"OK",IF(B110<=87,"LESS")) -> OK | C112: =IF(C110>=87,"OK",IF(C110<=87,"LESS")) -> OK | D112: =IF(D110>=87,"OK",IF(D110<=87,"LESS")) -> OK | E112: =IF(E110>=87,"OK",IF(E110<=87,"LESS")) -> OK | F112: =IF(F110>=87,"OK",IF(F110<=87,"LESS")) -> OK | G112: =IF(G110>=87,"OK",IF(G110<=87,"LESS")) -> OK | H112: =IF(H110>=87,"OK",IF(H110<=87,"LESS")) -> OK | I112: =IF(I110>=87,"OK",IF(I110<=87,"LESS")) -> OK | ... Q112: =IF(Q110>=87,"OK",IF(Q110<=87,"LESS")) -> OK
A115: Done by | B115: AKASH
A117: Comment

Sheet 27
A1: Station: | B1: IGKV RAIPUR
A2: Date: | B2: =$A$9 -> 45500.01 | C2: Power Off | G2: Pw.Off | J2: Link Fail | L2: Link F | N2: Maintenance | P2: Maint.
A3: Report Type: | B3: Mean | C3: Calibration | G3: Calib. | J3: Data Fail | L3: Data F | N3: Invalid | P3: Invalid
A4: Time Base: | B4: 15 Min | C4: Zero Referrence | G4: Z.Ref | J4: Warm Up | L4: Wm. Up
A7: Date & Time | B7: NO | C7: NO2 | D7: NOX | E7: SO2 | F7: O3 | G7: PM 10 | H7: PM 2.5 | I7: BENZ | J7: WS | K7: WD | L7: TEMP | M7: HUM | N7: SR | O7: RG | P7: CO | Q7: NH3
B8: ug/m3 | C8: ug/m3 | D8: ppb | E8: ug/m3 | F8: ug/m3 | G8: ug/m3 | H8: ug/m3 | I8: ug/m3 | J8: m/sec | K8: deg | L8: degreC | M8: % | N8: w/m2 | O8: mm | P8: mg/m3 | Q8: ug/m3
A9: 45500.01 | B9: 9.25 | C9: 4.12 | D9: 14.02 | E9: 9.6 | F9: 3.31 | G9: 15.03 | H9: 3.89 | I9: 3.9 | J9: 0.73 | K9: 275.45 | L9: 25.17 | M9: 98.19 | N9: 2.1 | O9: 0 | P9: 0.31 | Q9: 4.72
A10: 45500.021 | B10: 9.27 | C10: 4.12 | D10: 14.03 | E10: 9.28 | F10: 4.14 | G10: 14.87 | H10: 3.87 | I10: 4.16 | J10: 0.74 | K10: 281.22 | L10: 25.05 | M10: 99.05 | N10: 2.4 | O10: 0.2 | P10: 0.3 | Q10: 4.73
A11: 45500.031 | B11: 9.28 | C11: 4.08 | D11: 14.02 | E11: 9.83 | F11: 4.57 | G11: 12.22 | H11: 3.67 | I11: 4.21 | J11: 0.75 | K11: 278.5 | L11: 24.99 | M11: 99.57 | N11: 2.4 | O11: 0 | P11: 0.3 | Q11: 4.73
A12: 45500.042 | B12: 9.29 | C12: 4.06 | D12: 14.02 | E12: 9.17 | F12: 3.74 | G12: 12.22 | H12: 3.67 | I12: 4.1 | J12: 0.55 | K12: 277.8 | L12: 24.93 | M12: 99.96 | N12: 2.3 | O12: 0 | P12: 0.28 | Q12: 4.73
A13: 45500.052 | B13: 9.27 | C13: 4.1 | D13: 14.03 | E13: 9.12 | F13: 3.66 | G13: 12.22 | H13: 3.67 | I13: 4.12 | J13: 0.53 | K13: 273.4 | L13: 24.95 | M13: 100.17 | N13: 2.3 | O13: 0 | P13: 0.28 | Q13: 4.74
A14: 45500.062 | B14: 9.28 | C14: 4.09 | D14: 14.03 | E14: 9.1 | F14: 4.06 | G14: 12.06 | H14: 3.67 | I14: 3.9 | J14: 0.54 | K14: 273.65 | L14: 24.94 | M14: 100.62 | N14: 2.3 | O14: 0.2 | P14: 0.27 | Q14: 4.73
A15: 45500.073 | B15: 9.28 | C15: 4.09 | D15: 14.03 | E15: 9.58 | F15: 3.98 | G15: 9.28 | H15: 3.69 | I15: 3.76 | J15: 0.54 | K15: 275.05 | L15: 24.91 | M15: 100.7 | N15: 2.4 | O15: 0 | P15: 0.27 | Q15: 4.73
A16: 45500.083 | B16: 9.28 | C16: 4.05 | D16: 14.01 | E16: 9.85 | F16: 3.7 | G16: 9.28 | H16: 3.69 | I16: 3.92 | J16: 0.52 | K16: 275.16 | L16: 24.94 | M16: 101.13 | N16: 2.3 | O16: 0 | P16: 0.27 | Q16: 4.74
A17: 45500.094 | B17: 9.26 | C17: 4.07 | D17: 14 | E17: 8.51 | F17: 3.46 | G17: 9.28 | H17: 3.69 | I17: 3.91 | J17: 0.38 | K17: 275.58 | L17: 24.91 | M17: 101.74 | N17: 2.3 | O17: 0 | P17: 0.27 | Q17: 4.74
A18: 45500.104 | B18: 9.26 | C18: 4.08 | D18: 14 | E18: 10.39 | F18: 3.42 | G18: 9.38 | H18: 3.83 | I18: 3.68 | J18: 0.54 | K18: 277.43 | L18: 24.89 | M18: 101.53 | N18: 2.4 | O18: 0 | P18: 0.26 | Q18: 4.74
A19: 45500.115 | B19: 9.26 | C19: 4.08 | D19: 14 | E19: 10.45 | F19: 3.37 | G19: 11.05 | H19: 5.97 | I19: 3.77 | J19: 0.51 | K19: 278.32 | L19: 24.87 | M19: 100.31 | N19: 2.3 | O19: 0.2 | P19: 0.26 | Q19: 4.74
A20: 45500.125 | B20: 9.25 | C20: 4.08 | D20: 14 | E20: 10.68 | F20: 3.19 | G20: 11.05 | H20: 5.97 | I20: 3.74 | J20: 0.46 | K20: 273.04 | L20: 24.88 | M20: 100.23 | N20: 2.3 | O20: 0 | P20: 0.27 | Q20: 4.74
... A63: 45500.573 | B63: 9.25 | C63: 4.08 | D63: 14 | E63: 11.3 | F63: 3.56 | G63: 25.23 | H63: 6.97 | I63: 6.17 | J63: -0.86 | K63: 0.14 | L63: 27.43 | M63: 93.32 | N63: 152.4 | O63: 0 | P63: 0.49 | Q63: 4.73
A64: 45500.583 | B64: 9.24 | C64: 4.13 | D64: 14.02 | E64: 11.57 | F64: 6.12 | G64: Calib. | H64: Calib. | I64: 6.24 | J64: 0.75 | K64: 279.71 | L64: 27.3 | M64: 93.33 | N64: 105 | O64: 0 | P64: 0.52 | Q64: 4.58
A65: 45500.594 | B65: 9.3 | C65: 4.1 | D65: 14.05 | E65: 10.69 | F65: 8.46 | G65: Calib. | H65: Calib. | I65: 6.5 | J65: 0.74 | K65: 274.67 | L65: 27.46 | M65: 97 | N65: 144.5 | O65: 0 | P65: 0.63 | Q65: 4.63
A66: 45500.604 | B66: 9.36 | C66: 4.07 | D66: 14.08 | E66: 11.11 | F66: 9.12 | G66: Calib. | H66: Calib. | I66: 7.25 | J66: 0.83 | K66: 281.29 | L66: 27.28 | M66: 97.38 | N66: 91.9 | O66: 0 | P66: 0.65 | Q66: 4.64
A67: 45500.615 | B67: 9.4 | C67: 4.12 | D67: 14.14 | E67: 10.68 | F67: 6.03 | G67: Calib. | H67: Calib. | I67: 7.39 | J67: 0.9 | K67: 282.24 | L67: 27.16 | M67: 97.34 | N67: 66 | O67: 0 | P67: 0.6 | Q67: 4.64
A68: 45500.625 | B68: 9.41 | C68: 4.11 | D68: 14.14 | E68: 10.96 | F68: 8.15 | G68: Calib. | H68: Calib. | I68: 7.28 | J68: 0.77 | K68: 276.54 | L68: 27.03 | M68: 99.57 | N68: 68.1 | O68: 0 | P68: 0.56 | Q68: 4.64
A69: 45500.635 | B69: 9.39 | C69: 4.08 | D69: 14.11 | E69: 10.83 | F69: 10.29 | G69: Calib. | H69: Calib. | I69: 6.6 | J69: 1.02 | K69: 279.06 | L69: 26.99 | M69: 97.81 | N69: 91.9 | O69: 0 | P69: 0.53 | Q69: 4.65
A70: 45500.646 | B70: 9.4 | C70: 4.08 | D70: 14.12 | E70: 10.7 | F70: 11.85 | G70: Calib. | H70: Calib. | I70: 6.19 | J70: 0.68 | K70: 277.81 | L70: 27.09 | M70: 98.72 | N70: 78 | O70: 0 | P70: 0.59 | Q70: 4.64
A71: 45500.656 | B71: 9.46 | C71: 4.03 | D71: 14.15 | E71: 11 | F71: 10.12 | G71: 15.46 | H71: 18.11 | I71: 5.73 | J71: 0.73 | K71: 278.98 | L71: 27.03 | M71: 99.81 | N71: 97.7 | O71: 0 | P71: 0.67 | Q71: 4.64
A72: 45500.667 | B72: 9.44 | C72: 4.08 | D72: 14.15 | E72: 11.93 | F72: 10.8 | G72: 39.74 | H72: 35.16 | I72: 6.12 | J72: 0.78 | K72: 277.02 | L72: 27.03 | M72: 97.5 | N72: 96.5 | O72: 0 | P72: 0.67 | Q72: 4.65
A73: 45500.677 | B73: 9.43 | C73: 4.07 | D73: 14.13 | E73: 11.52 | F73: 10.76 | G73: 39.74 | H73: 35.16 | I73: 6.17 | J73: 0.98 | K73: 276.17 | L73: 26.78 | M73: 96.27 | N73: 49 | O73: 0 | P73: 0.61 | Q73: 4.66
A74: 45500.688 | B74: 9.44 | C74: 4.07 | D74: 14.14 | E74: 10.56 | F74: 10.11 | G74: 39.74 | H74: 35.16 | I74: 6.13 | J74: 0.85 | K74: 278.45 | L74: 26.62 | M74: 98.96 | N74: 54.1 | O74: 0 | P74: 0.57 | Q74: 4.65
A75: 45500.698 | B75: 9.44 | C75: 4.05 | D75: 14.14 | E75: 8.84 | F75: 6.27 | G75: 36.63 | H75: 28.21 | I75: 5.81 | J75: 0.9 | K75: 279.29 | L75: 26.71 | M75: 98.77 | N75: 66.8 | O75: 0 | P75: 0.57 | Q75: 4.65
A76: 45500.708 | B76: 9.43 | C76: 4.06 | D76: 14.14 | E76: 8.6 | F76: 5.81 | G76: 31.73 | H76: 21.67 | I76: 5.59 | J76: 0.83 | K76: 280.96 | L76: 26.58 | M76: 99.27 | N76: 28.4 | O76: 0 | P76: 0.55 | Q76: 4.67
A77: 45500.719 | B77: 9.45 | C77: 4.05 | D77: 14.15 | E77: 8.15 | F77: 5.89 | G77: 31.73 | H77: 21.67 | I77: 5.49 | J77: 0.78 | K77: 279.56 | L77: 26.4 | M77: 98.72 | N77: 27.5 | O77: 0 | P77: 0.54 | Q77: 4.67
A78: 45500.729 | B78: 9.43 | C78: 4.05 | D78: 14.13 | E78: 8.02 | F78: 5.56 | G78: 31.73 | H78: 21.67 | I78: 5.47 | J78: 0.84 | K78: 281.69 | L78: 26.35 | M78: 97.55 | N78: 15.3 | O78: 0 | P78: 0.53 | Q78: 4.68
A79: 45500.74 | B79: 9.41 | C79: 4.08 | D79: 14.13 | E79: 8.28 | F79: 6.69 | G79: 29.86 | H79: 20.77 | I79: 5.32 | J79: 0.94 | K79: 278.03 | L79: 26.21 | M79: 99.04 | N79: 8.4 | O79: 0 | P79: 0.52 | Q79: 4.66
A80: 45500.75 | B80: 9.41 | C80: 4.05 | D80: 14.11 | E80: 7.78 | F80: 5.68 | G80: 26.93 | H80: 19.93 | I80: 5.29 | J80: 0.92 | K80: 275.39 | L80: 26.14 | M80: 97.58 | N80: 9 | O80: 0 | P80: 0.52 | Q80: 4.67
A81: 45500.76 | B81: 9.39 | C81: 4.04 | D81: 14.09 | E81: 6.84 | F81: 5.63 | G81: 26.93 | H81: 19.93 | I81: 5.2 | J81: 0.71 | K81: 276.53 | L81: 26.13 | M81: 97.02 | N81: 6.3 | O81: 0 | P81: 0.5 | Q81: 4.67
A82: 45500.771 | B82: 9.38 | C82: 4.07 | D82: 14.09 | E82: 7.06 | F82: 5.71 | G82: 26.93 | H82: 19.93 | I82: 5.12 | J82: 0.93 | K82: 278.33 | L82: 26.07 | M82: 98.36 | N82: 3.6 | O82: 0 | P82: 0.51 | Q82: 4.66
... A104: 45501 | B104: 9.34 | C104: 4.07 | D104: 14.07 | E104: 11.49 | F104: 2.84 | G104: 14.69 | H104: 4.08 | I104: 3.72 | J104: 0.75 | K104: 272.6 | L104: 25.28 | M104: 103.17 | N104: 2.6 | O104: 0 | P104: 0.37 | Q104: 4.67
A106: Min | B106: =MIN(B9:B104) -> 9.21 | C106: =MIN(C9:C104) -> 4.03 | D106: =MIN(D9:D104) -> 14 | E106: =MIN(E9:E104) -> 6.81 | F106: =MIN(F9:F104) -> 2.47 | G106: =MIN(G9:G104) -> 7.94 | H106: =MIN(H9:H104) -> 3.67 | I106: =MIN(I9:I104) -> 3.55 | ... Q106: =MIN(Q9:Q104) -> 4.58
A107: Max | B107: =MAX(B9:B104) -> 9.46 | C107: =MAX(C9:C104) -> 4.14 | D107: =MAX(D9:D104) -> 14.15 | E107: =MAX(E9:E104) -> 12.69 | F107: =MAX(F9:F104) -> 11.85 | G107: =MAX(G9:G104) -> 39.74 | H107: =MAX(H9:H104) -> 35.16 | I107: =MAX(I9:I104) -> 7.39 | ... Q107: =MAX(Q9:Q104) -> 4.75
A108: Avg | B108: =AVERAGE(B9:B104) -> 9.3048958 | C108: =AVERAGE(C9:C104) -> 4.084375 | D108: =AVERAGE(D9:D104) -> 14.045312 | E108: =AVERAGE(E9:E104) -> 10.252187 | F108: =AVERAGE(F9:F104) -> 4.3972917 | G108: =AVERAGE(G9:G104) -> 19.489663 | H108: =AVERAGE(H9:H104) -> 9.3659551 | I108: =AVERAGE(I9:I104) -> 4.8541667 | ... Q108: =AVERAGE(Q9:Q104) -> 4.6959375
A109: Stdev | B109: =STDEV(B9:B104) -> 0.072981538 | C109: =STDEV(C9:C104) -> 0.024913007 | D109: =STDEV(D9:D104) -> 0.05137997 | E109: =STDEV(E9:E104) -> 1.4006075 | F109: =STDEV(F9:F104) -> 2.0978227 | G109: =STDEV(G9:G104) -> 8.4449522 | H109: =STDEV(H9:H104) -> 7.0796078 | I109: =STDEV(I9:I104) -> 1.0286963 | ... Q109: =STDEV(Q9:Q104) -> 0.041790911
A110: Num | B110: =COUNT(B9:B104) -> 96 | C110: =COUNT(C9:C104) -> 96 | D110: =COUNT(D9:D104) -> 96 | E110: =COUNT(E9:E104) -> 96 | F110: =COUNT(F9:F104) -> 96 | G110: 96 | H110: 96 | I110: =COUNT(I9:I104) -> 96 | J110: =COUNT(J9:J104) -> 96 | K110: =COUNT(K9:K104) -> 96 | L110: =COUNT(L9:L104) -> 96 | M110: =COUNT(M9:M104) -> 96 | N110: =COUNT(N9:N104) -> 96 | O110: =COUNT(O9:O104) -> 96 | P110: =COUNT(P9:P104) -> 96 | Q110: =COUNT(Q9:Q104) -> 96
A111: DCR | B111: =IF(B110>=87,">90%",IF(B110<=87,"<90%")) -> >90% | C111: =IF(C110>=87,">90%",IF(C110<=87,"<90%")) -> >90% | D111: =IF(D110>=87,">90%",IF(D110<=87,"<90%")) -> >90% | E111: =IF(E110>=87,">90%",IF(E110<=87,"<90%")) -> >90% | F111: =IF(F110>=87,">90%",IF(F110<=87,"<90%")) -> >90% | G111: =IF(G110>=87,">90%",IF(G110<=87,"<90%")) -> >90% | H111: =IF(H110>=87,">90%",IF(H110<=87,"<90%")) -> >90% | I111: =IF(I110>=87,">90%",IF(I110<=87,"<90%")) -> >90% | ... Q111: =IF(Q110>=87,">90%",IF(Q110<=87,"<90%")) -> >90%
A112: Status | B112: =IF(B110>=87,"OK",IF(B110<=87,"LESS")) -> OK | C112: =IF(C110>=87,"OK",IF(C110<=87,"LESS")) -> OK | D112: =IF(D110>=87,"OK",IF(D110<=87,"LESS")) -> OK | E112: =IF(E110>=87,"OK",IF(E110<=87,"LESS")) -> OK | F112: =IF(F110>=87,"OK",IF(F110<=87,"LESS")) -> OK | G112: =IF(G110>=87,"OK",IF(G110<=87,"LESS")) -> OK | H112: =IF(H110>=87,"OK",IF(H110<=87,"LESS")) -> OK | I112: =IF(I110>=87,"OK",IF(I110<=87,"LESS")) -> OK | ... Q112: =IF(Q110>=87,"OK",IF(Q110<=87,"LESS")) -> OK
A115: Done by | B115: AKASH
A117: Comment

Sheet 28
A1: Station: | B1: IGKV RAIPUR
A2: Date: | B2: =$A$9 -> 45501.01 | C2: Power Off | G2: Pw.Off | J2: Link Fail | L2: Link F | N2: Maintenance | P2: Maint.
A3: Report Type: | B3: Mean | C3: Calibration | G3: Calib. | J3: Data Fail | L3: Data F | N3: Invalid | P3: Invalid
A4: Time Base: | B4: 15 Min | C4: Zero Referrence | G4: Z.Ref | J4: Warm Up | L4: Wm. Up
A7: Date & Time | B7: NO | C7: NO2 | D7: NOX | E7: SO2 | F7: O3 | G7: PM 10 | H7: PM 2.5 | I7: BENZ | J7: WS | K7: WD | L7: TEMP | M7: HUM | N7: SR | O7: RG | P7: CO | Q7: NH3
B8: ug/m3 | C8: ug/m3 | D8: ppb | E8: ug/m3 | F8: ug/m3 | G8: ug/m3 | H8: ug/m3 | I8: ug/m3 | J8: m/sec | K8: deg | L8: degreC | M8: % | N8: w/m2 | O8: mm | P8: mg/m3 | Q8: ug/m3
A9: 45501.01 | B9: 9.22 | C9: 4.13 | D9: 14 | E9: 11.61 | F9: 2.2 | G9: 14.69 | H9: 4.08 | I9: 3.77 | J9: 0.7 | K9: 275.51 | L9: 25.36 | M9: 102.12 | N9: 2.5 | O9: 0 | P9: 0.37 | Q9: 4.66
A10: 45501.021 | B10: 9.26 | C10: 4.08 | D10: 14.01 | E10: 11.53 | F10: 2.79 | G10: 14.69 | H10: 4.08 | I10: 3.72 | J10: 0.64 | K10: 273.99 | L10: 25.35 | M10: 102.8 | N10: 2.6 | O10: 0 | P10: 0.37 | Q10: 4.64
A11: 45501.031 | B11: 9.27 | C11: 4.08 | D11: 14.02 | E11: 11.88 | F11: 3.59 | G11: 14.32 | H11: 5.22 | I11: 3.64 | J11: 0.62 | K11: 278.41 | L11: 25.4 | M11: 104.69 | N11: 2.8 | O11: 0 | P11: 0.38 | Q11: 4.65
A12: 45501.042 | B12: 9.28 | C12: 4.1 | D12: 14.03 | E12: 12.02 | F12: 3.15 | G12: 13.76 | H12: 6.29 | I12: 3.61 | J12: 0.75 | K12: 278.45 | L12: 25.36 | M12: 103.07 | N12: 2.9 | O12: 0 | P12: 0.4 | Q12: 4.66
A13: 45501.052 | B13: 9.33 | C13: 4.09 | D13: 14.07 | E13: 11.64 | F13: 3.55 | G13: 13.76 | H13: 6.29 | I13: 3.65 | J13: 0.62 | K13: 276.7 | L13: 25.42 | M13: 100.99 | N13: 2.9 | O13: 0 | P13: 0.4 | Q13: 4.65
A14: 45501.062 | B14: 9.38 | C14: 4.07 | D14: 14.09 | E14: 10.98 | F14: 3.73 | G14: 13.76 | H14: 6.29 | I14: 3.64 | J14: 0.71 | K14: 275.73 | L14: 25.4 | M14: 99.44 | N14: 2.8 | O14: 0 | P14: 0.4 | Q14: 4.65
A15: 45501.073 | B15: 9.37 | C15: 4.08 | D15: 14.09 | E15: 10.59 | F15: 3.85 | G15: 13.71 | H15: 5.57 | I15: 3.63 | J15: 0.66 | K15: 279.55 | L15: 25.4 | M15: 101.77 | N15: 2.8 | O15: 0 | P15: 0.4 | Q15: 4.65
A16: 45501.083 | B16: 9.33 | C16: 4.08 | D16: 14.07 | E16: 10.37 | F16: 3.73 | G16: 13.64 | H16: 4.89 | I16: 3.61 | J16: 0.76 | K16: 280.11 | L16: 25.4 | M16: 101.5 | N16: 2.7 | O16: 0 | P16: 0.39 | Q16: 4.65
A17: 45501.094 | B17: 9.32 | C17: 4.08 | D17: 14.06 | E17: 8.9 | F17: 3.73 | G17: 13.64 | H17: 4.89 | I17: 3.58 | J17: 0.86 | K17: 278.16 | L17: 25.39 | M17: 99.89 | N17: 2.6 | O17: 0 | P17: 0.39 | Q17: 4.64
A18: 45501.104 | B18: 9.3 | C18: 4.09 | D18: 14.04 | E18: 10.37 | F18: 3.85 | G18: 13.64 | H18: 4.89 | I18: 3.58 | J18: 0.72 | K18: 276.52 | L18: 25.41 | M18: 98.8 | N18: 2.4 | O18: 0 | P18: 0.39 | Q18: 4.65
A19: 45501.115 | B19: 9.32 | C19: 4.07 | D19: 14.05 | E19: 10.37 | F19: 3.98 | G19: 13.36 | H19: 4.77 | I19: 3.56 | J19: 0.86 | K19: 277.98 | L19: 25.36 | M19: 100.25 | N19: 2.5 | O19: 0 | P19: 0.39 | Q19: 4.65
A20: 45501.125 | B20: 9.32 | C20: 4.1 | D20: 14.06 | E20: 10.22 | F20: 4.01 | G20: 12.93 | H20: 4.37 | I20: 3.55 | J20: 0.69 | K20: 280.38 | L20: 25.34 | M20: 99.14 | N20: 2.5 | O20: 0 | P20: 0.37 | Q20: 4.65
... A104: 45502 | B104: 9.38 | C104: 4.08 | D104: 14.1 | E104: 7.7 | F104: 4.64 | G104: 3.25 | H104: 2.1 | I104: 3.23 | J104: 0.26 | K104: 270.14 | L104: 24.29 | M104: 107.56 | N104: 2.4 | O104: 0.2 | P104: 0.24 | Q104: 4.65
A106: Min | B106: =MIN(B9:B104) -> 9.22 | C106: =MIN(C9:C104) -> 4.04 | D106: =MIN(D9:D104) -> 14 | E106: =MIN(E9:E104) -> 7.16 | F106: =MIN(F9:F104) -> 2.2 | G106: =MIN(G9:G104) -> 3.2 | H106: =MIN(H9:H104) -> 2.1 | I106: =MIN(I9:I104) -> 2.7 | ... Q106: =MIN(Q9:Q104) -> 4.63
A107: Max | B107: =MAX(B9:B104) -> 9.42 | C107: =MAX(C9:C104) -> 4.13 | D107: =MAX(D9:D104) -> 14.14 | E107: =MAX(E9:E104) -> 12.02 | F107: =MAX(F9:F104) -> 5.7 | G107: =MAX(G9:G104) -> 14.69 | H107: =MAX(H9:H104) -> 6.29 | I107: =MAX(I9:I104) -> 3.77 | ... Q107: =MAX(Q9:Q104) -> 4.67
A108: Avg | B108: =AVERAGE(B9:B104) -> 9.3480208 | C108: =AVERAGE(C9:C104) -> 4.0786458 | D108: =AVERAGE(D9:D104) -> 14.076354 | E108: =AVERAGE(E9:E104) -> 9.5658333 | F108: =AVERAGE(F9:F104) -> 4.010625 | G108: =AVERAGE(G9:G104) -> 6.948125 | H108: =AVERAGE(H9:H104) -> 3.0055208 | I108: =AVERAGE(I9:I104) -> 3.2147917 | ... Q108: =AVERAGE(Q9:Q104) -> 4.6526042
A109: Stdev | B109: =STDEV(B9:B104) -> 0.03526202 | C109: =STDEV(C9:C104) -> 0.01744886 | D109: =STDEV(D9:D104) -> 0.028474173 | E109: =STDEV(E9:E104) -> 1.251811 | F109: =STDEV(F9:F104) -> 0.63253011 | G109: =STDEV(G9:G104) -> 4.0012841 | H109: =STDEV(H9:H104) -> 0.9981086 | I109: =STDEV(I9:I104) -> 0.25590286 | ... Q109: =STDEV(Q9:Q104) -> 0.0095415757
A110: Num | B110: =COUNT(B9:B104) -> 96 | C110: =COUNT(C9:C104) -> 96 | D110: =COUNT(D9:D104) -> 96 | E110: =COUNT(E9:E104) -> 96 | F110: =COUNT(F9:F104) -> 96 | G110: =COUNT(G9:G104) -> 96 | H110: =COUNT(H9:H104) -> 96 | I110: =COUNT(I9:I104) -> 96 | ... Q110: =COUNT(Q9:Q104) -> 96
A111: DCR | B111: =IF(B110>=87,">90%",IF(B110<=87,"<90%")) -> >90% | C111: =IF(C110>=87,">90%",IF(C110<=87,"<90%")) -> >90% | D111: =IF(D110>=87,">90%",IF(D110<=87,"<90%")) -> >90% | E111: =IF(E110>=87,">90%",IF(E110<=87,"<90%")) -> >90% | F111: =IF(F110>=87,">90%",IF(F110<=87,"<90%")) -> >90% | G111: =IF(G110>=87,">90%",IF(G110<=87,"<90%")) -> >90% | H111: =IF(H110>=87,">90%",IF(H110<=87,"<90%")) -> >90% | I111: =IF(I110>=87,">90%",IF(I110<=87,"<90%")) -> >90% | ... Q111: =IF(Q110>=87,">90%",IF(Q110<=87,"<90%")) -> >90%
A112: Status | B112: =IF(B110>=87,"OK",IF(B110<=87,"LESS")) -> OK | C112: =IF(C110>=87,"OK",IF(C110<=87,"LESS")) -> OK | D112: =IF(D110>=87,"OK",IF(D110<=87,"LESS")) -> OK | E112: =IF(E110>=87,"OK",IF(E110<=87,"LESS")) -> OK | F112: =IF(F110>=87,"OK",IF(F110<=87,"LESS")) -> OK | G112: =IF(G110>=87,"OK",IF(G110<=87,"LESS")) -> OK | H112: =IF(H110>=87,"OK",IF(H110<=87,"LESS")) -> OK | I112: =IF(I110>=87,"OK",IF(I110<=87,"LESS")) -> OK | ... Q112: =IF(Q110>=87,"OK",IF(Q110<=87,"LESS")) -> OK
A115: Done by | B115: AKASH
A117: Comment

Sheet 29
A1: Station: | B1: IGKV RAIPUR
A2: Date: | B2: =$A$9 -> 45502.01 | C2: Power Off | G2: Pw.Off | J2: Link Fail | L2: Link F | N2: Maintenance | P2: Maint.
A3: Report Type: | B3: Mean | C3: Calibration | G3: Calib. | J3: Data Fail | L3: Data F | N3: Invalid | P3: Invalid
A4: Time Base: | B4: 15 Min | C4: Zero Referrence | G4: Z.Ref | J4: Warm Up | L4: Wm. Up
A7: Date & Time | B7: NO | C7: NO2 | D7: NOX | E7: SO2 | F7: O3 | G7: PM 10 | H7: PM 2.5 | I7: BENZ | J7: WS | K7: WD | L7: TEMP | M7: HUM | N7: SR | O7: RG | P7: CO | Q7: NH3
B8: ug/m3 | C8: ug/m3 | D8: ppb | E8: ug/m3 | F8: ug/m3 | G8: ug/m3 | H8: ug/m3 | I8: ug/m3 | J8: m/sec | K8: deg | L8: degreC | M8: % | N8: w/m2 | O8: mm | P8: mg/m3 | Q8: ug/m3
A9: 45502.01 | B9: 9.33 | C9: 4 | D9: 14.02 | E9: 7.23 | F9: 4.16 | G9: 3.25 | H9: 2.1 | I9: 3.16 | J9: 0.36 | K9: 273.08 | L9: 24.28 | M9: 107.05 | N9: 2.4 | O9: 0 | P9: 0.24 | Q9: 4.66
A10: 45502.021 | B10: 9.33 | C10: 4.06 | D10: 14.05 | E10: 7.05 | F10: 4.48 | G10: 3.25 | H10: 2.1 | I10: 3.21 | J10: 0.35 | K10: 275.58 | L10: 24.3 | M10: 109.03 | N10: 2.4 | O10: 0.4 | P10: 0.21 | Q10: 4.66
A11: 45502.031 | B11: 9.34 | C11: 4.06 | D11: 14.06 | E11: 7.49 | F11: 4.3 | G11: 3.24 | H11: 2.1 | I11: 3.23 | J11: 0.27 | K11: 284.95 | L11: 24.27 | M11: 104.34 | N11: 2.4 | O11: 0.2 | P11: 0.21 | Q11: 4.65
A12: 45502.042 | B12: 9.34 | C12: 4.06 | D12: 14.06 | E12: 7.77 | F12: 4.21 | G12: 3.24 | H12: 2.1 | I12: 3.15 | J12: 0.19 | K12: 270.76 | L12: 24.28 | M12: 107.34 | N12: 2.4 | O12: 0.2 | P12: 0.2 | Q12: 4.64
A13: 45502.052 | B13: 9.33 | C13: 4.09 | D13: 14.07 | E13: 7.67 | F13: 4.29 | G13: 3.24 | H13: 2.1 | I13: 3.11 | J13: 0.14 | K13: 272.75 | L13: 24.29 | M13: 108.83 | N13: 2.3 | O13: 0.2 | P13: 0.2 | Q13: 4.67
A14: 45502.062 | B14: 9.32 | C14: 4.09 | D14: 14.06 | E14: 7.64 | F14: 3.75 | G14: 3.24 | H14: 2.1 | I14: 3.1 | J14: 0.17 | K14: 288.76 | L14: 24.27 | M14: 109.64 | N14: 2.4 | O14: 0 | P14: 0.2 | Q14: 4.66
A15: 45502.073 | B15: 9.31 | C15: 4.07 | D15: 14.04 | E15: 8.06 | F15: 3.89 | G15: 3.24 | H15: 2.07 | I15: 3.04 | J15: 0.17 | K15: 295.72 | L15: 24.28 | M15: 108.73 | N15: 2.3 | O15: 0.2 | P15: 0.2 | Q15: 4.66
A16: 45502.083 | B16: 9.29 | C16: 4.08 | D16: 14.03 | E16: 8.17 | F16: 3.86 | G16: 3.24 | H16: 2.05 | I16: 2.99 | J16: 0.16 | K16: 299.89 | L16: 24.3 | M16: 109.65 | N16: 2.4 | O16: 0 | P16: 0.21 | Q16: 4.65
A17: 45502.094 | B17: 9.32 | C17: 4.08 | D17: 14.06 | E17: 8.14 | F17: 3.68 | G17: 3.24 | H17: 2.05 | I17: 3.02 | J17: 0.15 | K17: 283.89 | L17: 24.33 | M17: 108.38 | N17: 2.4 | O17: 0 | P17: 0.21 | Q17: 4.67
A18: 45502.104 | B18: 9.34 | C18: 4.08 | D18: 14.07 | E18: 9.87 | F18: 3.71 | G18: 3.24 | H18: 2.05 | I18: 2.97 | J18: 0.28 | K18: 279.49 | L18: 24.33 | M18: 107.5 | N18: 2.4 | O18: 0 | P18: 0.2 | Q18: 4.67
A19: 45502.115 | B19: 9.34 | C19: 4.05 | D19: 14.06 | E19: 9.77 | F19: 4.27 | G19: 3.22 | H19: 2.03 | I19: 2.97 | J19: 0.15 | K19: 297.68 | L19: 24.34 | M19: 109.58 | N19: 2.4 | O19: 0.2 | P19: 0.21 | Q19: 4.66
A20: 45502.125 | B20: 9.33 | C20: 4.09 | D20: 14.07 | E20: 10.26 | F20: 3.95 | G20: 3.18 | H20: 1.99 | I20: 2.97 | J20: 0.2 | K20: 280.78 | L20: 24.34 | M20: 108.41 | N20: 2.4 | O20: 0 | P20: 0.21 | Q20: 4.65
... A104: 45503 | B104: 9.32 | C104: 4.08 | D104: 14.06 | E104: 13.39 | F104: 3.28 | G104: 33.25 | H104: 8.36 | I104: 3.22 | J104: 0.18 | K104: 259.15 | L104: 25.59 | M104: 104.06 | N104: 2.1 | O104: 0 | P104: 0.39 | Q104: 4.65
A106: Min | B106: =MIN(B9:B104) -> 9.25 | C106: =MIN(C9:C104) -> 4 | D106: =MIN(D9:D104) -> 14 | E106: =MIN(E9:E104) -> 7.05 | F106: =MIN(F9:F104) -> 3.12 | G106: =MIN(G9:G104) -> 3.18 | H106: =MIN(H9:H104) -> 1.99 | I106: =MIN(I9:I104) -> 2.77 | ... Q106: =MIN(Q9:Q104) -> 4.63
A107: Max | B107: =MAX(B9:B104) -> 9.41 | C107: =MAX(C9:C104) -> 4.12 | D107: =MAX(D9:D104) -> 14.11 | E107: =MAX(E9:E104) -> 13.39 | F107: =MAX(F9:F104) -> 8.77 | G107: =MAX(G9:G104) -> 43.74 | H107: =MAX(H9:H104) -> 23.65 | I107: =MAX(I9:I104) -> 3.59 | ... Q107: =MAX(Q9:Q104) -> 4.68
A108: Avg | B108: =AVERAGE(B9:B104) -> 9.3219792 | C108: =AVERAGE(C9:C104) -> 4.0726042 | D108: =AVERAGE(D9:D104) -> 14.052812 | E108: =AVERAGE(E9:E104) -> 10.588437 | F108: =AVERAGE(F9:F104) -> 4.8410417 | G108: =AVERAGE(G9:G104) -> 17.291042 | H108: =AVERAGE(H9:H104) -> 7.9273958 | I108: =AVERAGE(I9:I104) -> 3.0709375 | ... Q108: =AVERAGE(Q9:Q104) -> 4.6566667
A109: Stdev | B109: =STDEV(B9:B104) -> 0.03398513 | C109: =STDEV(C9:C104) -> 0.019694765 | D109: =STDEV(D9:D104) -> 0.028310427 | E109: =STDEV(E9:E104) -> 1.5613768 | F109: =STDEV(F9:F104) -> 1.3229469 | G109: =STDEV(G9:G104) -> 15.242472 | H109: =STDEV(H9:H104) -> 6.774708 | I109: =STDEV(I9:I104) -> 0.19898732 | ... Q109: =STDEV(Q9:Q104) -> 0.0093658581
A110: Num | B110: =COUNT(B9:B104) -> 96 | C110: =COUNT(C9:C104) -> 96 | D110: =COUNT(D9:D104) -> 96 | E110: =COUNT(E9:E104) -> 96 | F110: =COUNT(F9:F104) -> 96 | G110: =COUNT(G9:G104) -> 96 | H110: =COUNT(H9:H104) -> 96 | I110: =COUNT(I9:I104) -> 96 | ... Q110: =COUNT(Q9:Q104) -> 96
A111: DCR | B111: =IF(B110>=87,">90%",IF(B110<=87,"<90%")) -> >90% | C111: =IF(C110>=87,">90%",IF(C110<=87,"<90%")) -> >90% | D111: =IF(D110>=87,">90%",IF(D110<=87,"<90%")) -> >90% | E111: =IF(E110>=87,">90%",IF(E110<=87,"<90%")) -> >90% | F111: =IF(F110>=87,">90%",IF(F110<=87,"<90%")) -> >90% | G111: =IF(G110>=87,">90%",IF(G110<=87,"<90%")) -> >90% | H111: =IF(H110>=87,">90%",IF(H110<=87,"<90%")) -> >90% | I111: =IF(I110>=87,">90%",IF(I110<=87,"<90%")) -> >90% | ... Q111: =IF(Q110>=87,">90%",IF(Q110<=87,"<90%")) -> >90%
A112: Status | B112: =IF(B110>=87,"OK",IF(B110<=87,"LESS")) -> OK | C112: =IF(C110>=87,"OK",IF(C110<=87,"LESS")) -> OK | D112: =IF(D110>=87,"OK",IF(D110<=87,"LESS")) -> OK | E112: =IF(E110>=87,"OK",IF(E110<=87,"LESS")) -> OK | F112: =IF(F110>=87,"OK",IF(F110<=87,"LESS")) -> OK | G112: =IF(G110>=87,"OK",IF(G110<=87,"LESS")) -> OK | H112: =IF(H110>=87,"OK",IF(H110<=87,"LESS")) -> OK | I112: =IF(I110>=87,"OK",IF(I110<=87,"LESS")) -> OK | ... Q112: =IF(Q110>=87,"OK",IF(Q110<=87,"LESS")) -> OK
A115: Done by | B115: AKASH
A117: Comment

Sheet 30
A1: Station: | B1: IGKV RAIPUR
A2: Date: | B2: =$A$9 -> 45503.01 | C2: Power Off | G2: Pw.Off | J2: Link Fail | L2: Link F | N2: Maintenance | P2: Maint.
A3: Report Type: | B3: Mean | C3: Calibration | G3: Calib. | J3: Data Fail | L3: Data F | N3: Invalid | P3: Invalid
A4: Time Base: | B4: 15 Min | C4: Zero Referrence | G4: Z.Ref | J4: Warm Up | L4: Wm. Up
A7: Date & Time | B7: NO | C7: NO2 | D7: NOX | E7: SO2 | F7: O3 | G7: PM 10 | H7: PM 2.5 | I7: BENZ | J7: WS | K7: WD | L7: TEMP | M7: HUM | N7: SR | O7: RG | P7: CO | Q7: NH3
B8: ug/m3 | C8: ug/m3 | D8: ppb | E8: ug/m3 | F8: ug/m3 | G8: ug/m3 | H8: ug/m3 | I8: ug/m3 | J8: m/sec | K8: deg | L8: degreC | M8: % | N8: w/m2 | O8: mm | P8: mg/m3 | Q8: ug/m3
A9: 45503.01 | B9: 9.14 | C9: 4.26 | D9: 14 | E9: 12.74 | F9: 3.41 | G9: 33.25 | H9: 8.36 | I9: 3.2 | J9: 0.14 | K9: 259.67 | L9: 25.7 | M9: 101.18 | N9: 2.1 | O9: 0 | P9: 0.42 | Q9: 4.66
A10: 45503.021 | B10: 9.14 | C10: 4.24 | D10: 14 | E10: 12.47 | F10: 3.97 | G10: 33.25 | H10: 8.36 | I10: 3.15 | J10: 0.18 | K10: 266.45 | L10: 25.67 | M10: 100.62 | N10: 2.1 | O10: 0 | P10: 0.43 | Q10: 4.66
A11: 45503.031 | B11: 9.17 | C11: 4.21 | D11: 14 | E11: 12.65 | F11: 4.94 | G11: 33.78 | H11: 9.06 | I11: 3.21 | J11: 0.12 | K11: 246.73 | L11: 25.71 | M11: 99.81 | N11: 2.3 | O11: 0 | P11: 0.44 | Q11: 4.66
A12: 45503.042 | B12: 9.2 | C12: 4.16 | D12: 14 | E12: 12.24 | F12: 4.9 | G12: 34.58 | H12: 9.67 | I12: 3.22 | J12: 0.13 | K12: 263.87 | L12: 25.66 | M12: 100.25 | N12: 2.1 | O12: 0 | P12: 0.44 | Q12: 4.65
A13: 45503.052 | B13: 9.22 | C13: 4.12 | D13: 14 | E13: 11.92 | F13: 4.72 | G13: 34.58 | H13: 9.67 | I13: 3.17 | J13: 0.2 | K13: 268.13 | L13: 25.61 | M13: 100.34 | N13: 2.4 | O13: 0 | P13: 0.43 | Q13: 4.66
A14: 45503.062 | B14: 9.24 | C14: 4.09 | D14: 14 | E14: 11.59 | F14: 4.55 | G14: 34.58 | H14: 9.67 | I14: 3.23 | J14: 0.15 | K14: 257.29 | L14: 25.6 | M14: 101.23 | N14: 2.1 | O14: 0 | P14: 0.44 | Q14: 4.66
A15: 45503.073 | B15: 9.23 | C15: 4.11 | D15: 14 | E15: 11.01 | F15: 6.51 | G15: 30.56 | H15: 12.76 | I15: 3.21 | J15: 0.14 | K15: 276.08 | L15: 25.55 | M15: 103.38 | N15: 2.2 | O15: 0 | P15: 0.44 | Q15: 4.66
A16: 45503.083 | B16: 9.25 | C16: 4.1 | D16: 14.01 | E16: 11.18 | F16: 5.5 | G16: 24.24 | H16: 15.68 | I16: 3.27 | J16: 0.05 | K16: 248.22 | L16: 25.62 | M16: 101.39 | N16: 2.1 | O16: 0 | P16: 0.43 | Q16: 4.66
A17: 45503.094 | B17: 9.25 | C17: 4.1 | D17: 14.01 | E17: 6.98 | F17: 5.05 | G17: 24.24 | H17: 15.68 | I17: 3.32 | J17: 0.11 | K17: 261.43 | L17: 25.5 | M17: 100.8 | N17: 2.2 | O17: 0 | P17: 0.43 | Q17: 4.65
A18: 45503.104 | B18: 9.27 | C18: 4.07 | D18: 14 | E18: 8.52 | F18: 4.43 | G18: 24.24 | H18: 15.68 | I18: 3.27 | J18: 0.09 | K18: 246.02 | L18: 25.52 | M18: 100.33 | N18: 2.2 | O18: 0 | P18: 0.43 | Q18: 4.65
A19: 45503.115 | B19: 9.24 | C19: 4.09 | D19: 14 | E19: 8.46 | F19: 5.08 | G19: 25.21 | H19: 16.1 | I19: 3.28 | J19: 0.15 | K19: 257.92 | L19: 25.46 | M19: 100.93 | N19: 2.2 | O19: 0 | P19: 0.43 | Q19: 4.67
A20: 45503.125 | B20: 9.24 | C20: 4.1 | D20: 14 | E20: 7.88 | F20: 5.4 | G20: 26.73 | H20: 17.47 | I20: 3.25 | J20: 0.04 | K20: 177.15 | L20: 25.4 | M20: 100.92 | N20: 2.1 | O20: 0 | P20: 0.42 | Q20: 4.66
... A104: 45504 | B104: 9.23 | C104: 4.11 | D104: 14 | E104: 8.04 | F104: 8.37 | G104: 37.81 | H104: 5.98 | I104: 3.22 | J104: 0.29 | K104: 272.57 | L104: 27.17 | M104: 93.23 | N104: 2.3 | O104: 0 | P104: 0.24 | Q104: 4.65
A106: Min | B106: =MIN(B9:B104) -> 9.12 | C106: =MIN(C9:C104) -> 4.07 | D106: =MIN(D9:D104) -> 14 | E106: =MIN(E9:E104) -> 6.56 | F106: =MIN(F9:F104) -> 3.41 | G106: =MIN(G9:G104) -> 15.82 | H106: =MIN(H9:H104) -> 5.98 | I106: =MIN(I9:I104) -> 2.99 | ... Q106: =MIN(Q9:Q104) -> 4.64
A107: Max | B107: =MAX(B9:B104) -> 9.27 | C107: =MAX(C9:C104) -> 4.28 | D107: =MAX(D9:D104) -> 14.01 | E107: =MAX(E9:E104) -> 12.74 | F107: =MAX(F9:F104) -> 15.32 | G107: =MAX(G9:G104) -> 46.44 | H107: =MAX(H9:H104) -> 21.7 | I107: =MAX(I9:I104) -> 4.66 | ... Q107: =MAX(Q9:Q104) -> 4.68
A108: Avg | B108: =AVERAGE(B9:B104) -> 9.1896875 | C108: =AVERAGE(C9:C104) -> 4.1752083 | D108: =AVERAGE(D9:D104) -> 14.000208 | E108: =AVERAGE(E9:E104) -> 9.000625 | F108: =AVERAGE(F9:F104) -> 7.1991667 | G108: =AVERAGE(G9:G104) -> 29.72 | H108: =AVERAGE(H9:H104) -> 14.644063 | I108: =AVERAGE(I9:I104) -> 3.5873958 | ... Q108: =AVERAGE(Q9:Q104) -> 4.6609375
A109: Stdev | B109: =STDEV(B9:B104) -> 0.042536749 | C109: =STDEV(C9:C104) -> 0.064562971 | D109: =STDEV(D9:D104) -> 0.0014357589 | E109: =STDEV(E9:E104) -> 1.4340857 | F109: =STDEV(F9:F104) -> 3.2706551 | G109: =STDEV(G9:G104) -> 8.4584687 | H109: =STDEV(H9:H104) -> 4.1602537 | I109: =STDEV(I9:I104) -> 0.46993447 | ... Q109: =STDEV(Q9:Q104) -> 0.0089534615
A110: Num | B110: =COUNT(B9:B104) -> 96 | C110: =COUNT(C9:C104) -> 96 | D110: =COUNT(D9:D104) -> 96 | E110: =COUNT(E9:E104) -> 96 | F110: =COUNT(F9:F104) -> 96 | G110: =COUNT(G9:G104) -> 96 | H110: =COUNT(H9:H104) -> 96 | I110: =COUNT(I9:I104) -> 96 | ... Q110: =COUNT(Q9:Q104) -> 96
A111: DCR | B111: =IF(B110>=87,">90%",IF(B110<=87,"<90%")) -> >90% | C111: =IF(C110>=87,">90%",IF(C110<=87,"<90%")) -> >90% | D111: =IF(D110>=87,">90%",IF(D110<=87,"<90%")) -> >90% | E111: =IF(E110>=87,">90%",IF(E110<=87,"<90%")) -> >90% | F111: =IF(F110>=87,">90%",IF(F110<=87,"<90%")) -> >90% | G111: =IF(G110>=87,">90%",IF(G110<=87,"<90%")) -> >90% | H111: =IF(H110>=87,">90%",IF(H110<=87,"<90%")) -> >90% | I111: =IF(I110>=87,">90%",IF(I110<=87,"<90%")) -> >90% | ... Q111: =IF(Q110>=87,">90%",IF(Q110<=87,"<90%")) -> >90%
A112: Status | B112: =IF(B110>=87,"OK",IF(B110<=87,"LESS")) -> OK | C112: =IF(C110>=87,"OK",IF(C110<=87,"LESS")) -> OK | D112: =IF(D110>=87,"OK",IF(D110<=87,"LESS")) -> OK | E112: =IF(E110>=87,"OK",IF(E110<=87,"LESS")) -> OK | F112: =IF(F110>=87,"OK",IF(F110<=87,"LESS")) -> OK | G112: =IF(G110>=87,"OK",IF(G110<=87,"LESS")) -> OK | H112: =IF(H110>=87,"OK",IF(H110<=87,"LESS")) -> OK | I112: =IF(I110>=87,"OK",IF(I110<=87,"LESS")) -> OK | ... Q112: =IF(Q110>=87,"OK",IF(Q110<=87,"LESS")) -> OK
A115: Done by | B115: AKASH
A117: Comment

Sheet 31
A1: Station: | B1: IGKV RAIPUR
