Workbook

Sheet 01
A1: Station: | B1: BHATAGAON RAIPPUR
A2: Date: | B2: =$A$9 -> 01-03-2023 00:15 | D2: Power Off | G2: Pw.Off | L2: Link Fail | N2: Link F | P2: Maintenance | R2: Maint.
A3: Report Type: | B3: Mean | D3: Calibration | G3: Calib. | L3: Data Fail | N3: Data F | P3: Invalid | R3: Invalid
A4: Time Base: | B4: 15 Min | D4: Zero Referrence | G4: Z.Ref | L4: Warm Up | N4: Wm. Up
A7: Date & Time | B7: NO_BHATAGAON | C7: NO2__BHATAGAON | D7: NOX_BHATAGAON | E7: SO2__BHATAGAON | F7: O3__BHATAGAON | G7: PM10__BHATAGAON | H7: PM2_5__BHATAGAON | I7: BENZ__BHATAGAON | J7: WS__BHATAGAON | K7: WD__BHATAGAON | L7: TEMP__BHATAGAON | M7: HUM__BHATAGAON | N7: SR__BHATAGAON | O7: RG__BHATAGAON | P7: CO__BHATAGAON | Q7: NH3__BHATAGAON
B8: ug/m3 | C8: ug/m3 | D8: ppb | E8: ug/m3 | F8: ug/m3 | G8: ug/m3 | H8: ug/m3 | I8: ug/m3 | J8: m/sec | K8: deg | L8: degreC | M8: % | N8: w/m2 | O8: mm | P8: mg/m3 | Q8: ug/m3
A9: 01-03-2023 00:15 | B9: 113.61 | C9: 128.97 | D9: 161.25 | E9: 3.83 | F9: 4.3 | G9: 174.34 | H9: 66.95 | I9: 1.51 | J9: 0.03 | K9: 30.05 | L9: 22.82 | M9: 54.47 | N9: 3.5 | O9: 0 | P9: 3.29 | Q9: 37.31
A10: 01-03-2023 00:30 | B10: 112.17 | C10: 128.68 | D10: 159.93 | E10: 3.66 | F10: 4.3 | G10: 174.34 | H10: 66.95 | I10: 1.53 | J10: 0.06 | K10: 164.68 | L10: 22.48 | M10: 57.24 | N10: 4.5 | O10: 0 | P10: 3.23 | Q10: 37.23
A11: 01-03-2023 00:45 | B11: 108.79 | C11: 127.35 | D11: 156.48 | E11: 3.24 | F11: 4.3 | G11: 153.53 | H11: 62.36 | I11: 1.52 | J11: 0.06 | K11: 346.95 | L11: 22.42 | M11: 55.31 | N11: 4.1 | O11: 0 | P11: 3.15 | Q11: 36.87
A12: 01-03-2023 01:00 | B12: 95.19 | C12: 125.65 | D12: 144.63 | E12: 3.04 | F12: 4.3 | G12: 143.64 | H12: 60.07 | I12: 1.5 | J12: 0.03 | K12: 132.2 | L12: 22.38 | M12: 53.93 | N12: 3.9 | O12: 0 | P12: 2.96 | Q12: 36.21
A13: 01-03-2023 01:15 | B13: 94.16 | C13: 123.72 | D13: 142.74 | E13: 3.61 | F13: 4.3 | G13: 143.64 | H13: 60.07 | I13: 1.48 | J13: 0.05 | K13: 226.41 | L13: 23.12 | M13: 49.92 | N13: 3.5 | O13: 0 | P13: 2.6 | Q13: 35.45
A14: 01-03-2023 01:30 | B14: 89.71 | C14: 119.88 | D14: 137.06 | E14: 3.65 | F14: 4.3 | G14: 143.64 | H14: 60.07 | I14: 1.44 | J14: 0.08 | K14: 357.7 | L14: 22.7 | M14: 53.78 | N14: 4.5 | O14: 0 | P14: 2.65 | Q14: 35.11
A15: 01-03-2023 01:45 | B15: 88.32 | C15: 116.78 | D15: 134.23 | E15: 3.57 | F15: 4.33 | G15: 117.05 | H15: 57.6 | I15: 1.43 | J15: 0.29 | K15: 5.78 | L15: 22.38 | M15: 56.58 | N15: 4.4 | O15: 0 | P15: 2.6 | Q15: 34.98
A16: 01-03-2023 02:00 | B16: 81.81 | C16: 112.72 | D16: 126.77 | E16: 3.21 | F16: 4.84 | G16: 103.76 | H16: 56.37 | I16: 1.41 | J16: 0.04 | K16: 335.18 | L16: 21.86 | M16: 55.99 | N16: 4.2 | O16: 0 | P16: 2.47 | Q16: 34.9
A17: 01-03-2023 02:15 | B17: 76.78 | C17: 110.38 | D17: 121.44 | E17: 3.6 | F17: 5.29 | G17: 103.76 | H17: 56.37 | I17: 1.39 | J17: 0.15 | K17: 18.23 | L17: 21.71 | M17: 55.28 | N17: 4.4 | O17: 0 | P17: 2.4 | Q17: 34.8
A18: 01-03-2023 02:30 | B18: 69.61 | C18: 112.95 | D18: 117.11 | E18: 4.24 | F18: 4.9 | G18: 103.76 | H18: 56.37 | I18: 1.35 | J18: 0.06 | K18: 194.32 | L18: 22.02 | M18: 51.67 | N18: 4.1 | O18: 0 | P18: 2.3 | Q18: 34.91
A19: 01-03-2023 02:45 | B19: 73.22 | C19: 113.66 | D19: 120.41 | E19: 4.4 | F19: 4.4 | G19: 96.35 | H19: 51.79 | I19: 1.32 | J19: 0.13 | K19: 217.94 | L19: 22.07 | M19: 51.93 | N19: 4.3 | O19: 0 | P19: 2.34 | Q19: 35.15
A20: 01-03-2023 03:00 | B20: 72.97 | C20: 113.24 | D20: 119.97 | E20: 3.53 | F20: 4.3 | G20: 92.65 | H20: 49.5 | I20: 1.22 | J20: 0.3 | K20: 258.4 | L20: 22.06 | M20: 53.38 | N20: 3.7 | O20: 0 | P20: 2.31 | Q20: 35.93
... A104: 01-03-2023 24:00 | B104: 38.56 | C104: 122.74 | D104: 97.61 | E104: 18.81 | F104: 12.52 | G104: 114.24 | H104: 60.41 | I104: 1.05 | J104: 1.05 | K104: 15.98 | L104: 26.73 | M104: 37.3 | N104: 4.2 | O104: 0 | P104: 2.35 | Q104: 32.12
A106: Min | B106: =MIN(B9:B104) -> 1.3 | C106: =MIN(C9:C104) -> 55.97 | D106: =MIN(D9:D104) -> 31.11 | E106: =MIN(E9:E104) -> 2.95 | F106: =MIN(F9:F104) -> 4.3 | G106: =MIN(G9:G104) -> 34.85 | H106: =MIN(H9:H104) -> 14.41 | I106: =MIN(I9:I104) -> 0.47 | ... Q106: =MIN(Q9:Q104) -> 15.5
A107: Max | B107: =MAX(B9:B104) -> 113.61 | C107: =MAX(C9:C104) -> 148.32 | D107: =MAX(D9:D104) -> 161.25 | E107: =MAX(E9:E104) -> 31.95 | F107: =MAX(F9:F104) -> 63.33 | G107: =MAX(G9:G104) -> 296.78 | H107: =MAX(H9:H104) -> 136.25 | I107: =MAX(I9:I104) -> 1.53 | ... Q107: =MAX(Q9:Q104) -> 37.31
A108: Avg | B108: =AVERAGE(B9:B104) -> 52.425208 | C108: =AVERAGE(C9:C104) -> 108.0476 | D108: =AVERAGE(D9:D104) -> 100.6276 | E108: =AVERAGE(E9:E104) -> 8.5639583 | F108: =AVERAGE(F9:F104) -> 11.576771 | G108: =AVERAGE(G9:G104) -> 129.99792 | H108: =AVERAGE(H9:H104) -> 59.900417 | I108: =AVERAGE(I9:I104) -> 0.97083333 | ... Q108: =AVERAGE(Q9:Q104) -> 30.007917
A109: Stdev | B109: =STDEV(B9:B104) -> 36.063854 | C109: =STDEV(C9:C104) -> 28.253752 | D109: =STDEV(D9:D104) -> 42.200419 | E109: =STDEV(E9:E104) -> 5.5348742 | F109: =STDEV(F9:F104) -> 11.256452 | G109: =STDEV(G9:G104) -> 64.641219 | H109: =STDEV(H9:H104) -> 27.770265 | I109: =STDEV(I9:I104) -> 0.33298543 | ... Q109: =STDEV(Q9:Q104) -> 6.4220374
A110: Num | B110: =COUNT(B9:B104) -> 96 | C110: =COUNT(C9:C104) -> 96 | D110: =COUNT(D9:D104) -> 96 | E110: =COUNT(E9:E104) -> 96 | F110: =COUNT(F9:F104) -> 96 | G110: =COUNT(G9:G104) -> 96 | H110: =COUNT(H9:H104) -> 96 | I110: =COUNT(I9:I104) -> 96 | ... Q110: =COUNT(Q9:Q104) -> 96
A111: DCR | B111: =IF(B110>=87,">90%",IF(B110<=87,"<90%")) -> >90% | C111: =IF(C110>=87,">90%",IF(C110<=87,"<90%")) -> >90% | D111: =IF(D110>=87,">90%",IF(D110<=87,"<90%")) -> >90% | E111: =IF(E110>=87,">90%",IF(E110<=87,"<90%")) -> >90% | F111: =IF(F110>=87,">90%",IF(F110<=87,"<90%")) -> >90% | G111: =IF(G110>=87,">90%",IF(G110<=87,"<90%")) -> >90% | H111: =IF(H110>=87,">90%",IF(H110<=87,"<90%")) -> >90% | I111: =IF(I110>=87,">90%",IF(I110<=87,"<90%")) -> >90% | ... Q111: =IF(Q110>=87,">90%",IF(Q110<=87,"<90%")) -> >90%
A112: Status | B112: =IF(B110>=87,"OK",IF(B110<=87,"LESS")) -> OK | C112: =IF(C110>=87,"OK",IF(C110<=87,"LESS")) -> OK | D112: =IF(D110>=87,"OK",IF(D110<=87,"LESS")) -> OK | E112: =IF(E110>=87,"OK",IF(E110<=87,"LESS")) -> OK | F112: =IF(F110>=87,"OK",IF(F110<=87,"LESS")) -> OK | G112: =IF(G110>=87,"OK",IF(G110<=87,"LESS")) -> OK | H112: =IF(H110>=87,"OK",IF(H110<=87,"LESS")) -> OK | I112: =IF(I110>=87,"OK",IF(I110<=87,"LESS")) -> OK | ... Q112: =IF(Q110>=87,"OK",IF(Q110<=87,"LESS")) -> OK
A115: Done by | B115: RK
A117: Comment

Sheet 02
A1: Station: | B1: BHATAGAON RAIPUR
A2: Date: | B2: =$A$9 -> 02-03-2023 00:15 | D2: Power Off | G2: Pw.Off | L2: Link Fail | N2: Link F | P2: Maintenance | R2: Maint.
A3: Report Type: | B3: Mean | D3: Calibration | G3: Calib. | L3: Data Fail | N3: Data F | P3: Invalid | R3: Invalid
A4: Time Base: | B4: 15 Min | D4: Zero Referrence | G4: Z.Ref | L4: Warm Up | N4: Wm. Up
A7: Date & Time | B7: NO_BHATAGAON | C7: NO2__BHATAGAON | D7: NOX_BHATAGAON | E7: SO2__BHATAGAON | F7: O3__BHATAGAON | G7: PM10__BHATAGAON | H7: PM2_5__BHATAGAON | I7: BENZ__BHATAGAON | J7: WS__BHATAGAON | K7: WD__BHATAGAON | L7: TEMP__BHATAGAON | M7: HUM__BHATAGAON | N7: SR__BHATAGAON | O7: RG__BHATAGAON | P7: CO__BHATAGAON | Q7: NH3__BHATAGAON
B8: ug/m3 | C8: ug/m3 | D8: ppb | E8: ug/m3 | F8: ug/m3 | G8: ug/m3 | H8: ug/m3 | I8: ug/m3 | J8: m/sec | K8: deg | L8: degreC | M8: % | N8: w/m2 | O8: mm | P8: mg/m3 | Q8: ug/m3
A9: 02-03-2023 00:15 | B9: 39.32 | C9: 129.52 | D9: 101.97 | E9: 10.57 | F9: 6.96 | G9: 114.24 | H9: 60.41 | I9: 1.02 | J9: 0.78 | K9: 16.44 | L9: 26.47 | M9: 38.1 | N9: 4.5 | O9: 0 | P9: 2.36 | Q9: 32.08
A10: 02-03-2023 00:30 | B10: 36.98 | C10: 130.42 | D10: 100.59 | E10: 8.94 | F10: 5.04 | G10: 114.24 | H10: 60.41 | I10: 1.01 | J10: 0.81 | K10: 16.8 | L10: 26.1 | M10: 40.25 | N10: 4.5 | O10: 0 | P10: 2.3 | Q10: 32.92
A11: 02-03-2023 00:45 | B11: 33.6 | C11: 129.82 | D11: 97.55 | E11: 9.84 | F11: 4.81 | G11: 113.88 | H11: 56.96 | I11: 1.03 | J11: 0.69 | K11: 16.76 | L11: 25.72 | M11: 42.09 | N11: 4.6 | O11: 0 | P11: 2.23 | Q11: 33.05
A12: 02-03-2023 01:00 | B12: 31.46 | C12: 129.56 | D12: 95.69 | E12: 8.74 | F12: 4.37 | G12: 113.7 | H12: 55.32 | I12: 0.95 | J12: 0.63 | K12: 17.96 | L12: 25.44 | M12: 43.24 | N12: 4.5 | O12: 0 | P12: 2.16 | Q12: 33.03
A13: 02-03-2023 01:15 | B13: 28.29 | C13: 128.05 | D13: 92.31 | E13: 10.02 | F13: 4.51 | G13: 113.7 | H13: 55.32 | I13: 0.9 | J13: 0.19 | K13: 48.62 | L13: 25.19 | M13: 44.34 | N13: 4.7 | O13: 0 | P13: 2.03 | Q13: 32.97
A14: 02-03-2023 01:30 | B14: 26.37 | C14: 127.89 | D14: 90.68 | E14: 8.72 | F14: 4.54 | G14: 113.7 | H14: 55.32 | I14: 0.88 | J14: 0.59 | K14: 211.32 | L14: 24.97 | M14: 44.78 | N14: 4.1 | O14: 0 | P14: 2.04 | Q14: 32.89
A15: 02-03-2023 01:45 | B15: 25.07 | C15: 127.77 | D15: 89.57 | E15: 7.59 | F15: 4.5 | G15: 138.43 | H15: 59.46 | I15: 0.85 | J15: 0.26 | K15: 231.07 | L15: 24.18 | M15: 48.05 | N15: 5.1 | O15: 0 | P15: 2 | Q15: 32.57
A16: 02-03-2023 02:00 | B16: 22.95 | C16: 124.13 | D16: 85.86 | E16: 6.38 | F16: 4.36 | G16: 150.8 | H16: 61.53 | I16: 0.83 | J16: 0.51 | K16: 207.03 | L16: 23.62 | M16: 50.39 | N16: 4.6 | O16: 0 | P16: 1.95 | Q16: 31.86
A17: 02-03-2023 02:15 | B17: 20.6 | C17: 117.39 | D17: 80.26 | E17: 5.45 | F17: 5.16 | G17: 150.8 | H17: 61.53 | I17: 0.82 | J17: 0.11 | K17: 322.57 | L17: 23.3 | M17: 51.65 | N17: 4.8 | O17: 0 | P17: 1.89 | Q17: 31.11
A18: 02-03-2023 02:30 | B18: 19.76 | C18: 115.16 | D18: 78.36 | E18: 5.76 | F18: 5.25 | G18: 150.8 | H18: 61.53 | I18: 0.8 | J18: 0.09 | K18: 313 | L18: 22.56 | M18: 55.38 | N18: 4.8 | O18: 0 | P18: 1.84 | Q18: 30.78
A19: 02-03-2023 02:45 | B19: 19.55 | C19: 110.13 | D19: 75.41 | E19: 5.83 | F19: 5.87 | G19: 117.14 | H19: 56.32 | I19: 0.78 | J19: 0.16 | K19: 331.8 | L19: 22.26 | M19: 55.98 | N19: 4.5 | O19: 0 | P19: 1.79 | Q19: 30.91
A20: 02-03-2023 03:00 | B20: 20.52 | C20: 113.07 | D20: 77.81 | E20: 4.8 | F20: 5.02 | G20: 100.32 | H20: 53.72 | I20: 0.76 | J20: 0.18 | K20: 308.56 | L20: 22.11 | M20: 58.61 | N20: 4.4 | O20: 0 | P20: 1.81 | Q20: 31.16
... A104: 02-03-2023 24:00 | B104: 114.1 | C104: 140.5 | D104: 168 | E104: 5.01 | F104: 4.32 | G104: 196.63 | H104: 76.91 | I104: 1.47 | J104: 0.1 | K104: 27.84 | L104: 23.54 | M104: 63.52 | N104: 4.6 | O104: 0 | P104: 3.5 | Q104: 37.23
A106: Min | B106: =MIN(B9:B104) -> 2.85 | C106: =MIN(C9:C104) -> 102.08 | D106: =MIN(D9:D104) -> 60.67 | E106: =MIN(E9:E104) -> 2.55 | F106: =MIN(F9:F104) -> 4.3 | G106: =MIN(G9:G104) -> 50.99 | H106: =MIN(H9:H104) -> 26.61 | I106: =MIN(I9:I104) -> 0.6 | ... Q106: =MIN(Q9:Q104) -> 29.28
A107: Max | B107: =MAX(B9:B104) -> 127.69 | C107: =MAX(C9:C104) -> 159.53 | D107: =MAX(D9:D104) -> 182.96 | E107: =MAX(E9:E104) -> 29.69 | F107: =MAX(F9:F104) -> 27.55 | G107: =MAX(G9:G104) -> 297.24 | H107: =MAX(H9:H104) -> 134.31 | I107: =MAX(I9:I104) -> 1.51 | ... Q107: =MAX(Q9:Q104) -> 38.26
A108: Avg | B108: =AVERAGE(B9:B104) -> 34.283437 | C108: =AVERAGE(C9:C104) -> 123.66031 | D108: =AVERAGE(D9:D104) -> 94.695104 | E108: =AVERAGE(E9:E104) -> 9.0703125 | F108: =AVERAGE(F9:F104) -> 8.0680208 | G108: =AVERAGE(G9:G104) -> 120.12375 | H108: =AVERAGE(H9:H104) -> 56.708854 | I108: =AVERAGE(I9:I104) -> 0.85791667 | ... Q108: =AVERAGE(Q9:Q104) -> 32.965938
A109: Stdev | B109: =STDEV(B9:B104) -> 28.928496 | C109: =STDEV(C9:C104) -> 15.211547 | D109: =STDEV(D9:D104) -> 28.98395 | E109: =STDEV(E9:E104) -> 5.2639186 | F109: =STDEV(F9:F104) -> 6.024104 | G109: =STDEV(G9:G104) -> 49.445016 | H109: =STDEV(H9:H104) -> 21.54652 | I109: =STDEV(I9:I104) -> 0.24586653 | ... Q109: =STDEV(Q9:Q104) -> 2.1320114
A110: Num | B110: =COUNT(B9:B104) -> 96 | C110: =COUNT(C9:C104) -> 96 | D110: =COUNT(D9:D104) -> 96 | E110: =COUNT(E9:E104) -> 96 | F110: =COUNT(F9:F104) -> 96 | G110: =COUNT(G9:G104) -> 96 | H110: =COUNT(H9:H104) -> 96 | I110: =COUNT(I9:I104) -> 96 | ... Q110: =COUNT(Q9:Q104) -> 96
A111: DCR | B111: =IF(B110>=87,">90%",IF(B110<=87,"<90%")) -> >90% | C111: =IF(C110>=87,">90%",IF(C110<=87,"<90%")) -> >90% | D111: =IF(D110>=87,">90%",IF(D110<=87,"<90%")) -> >90% | E111: =IF(E110>=87,">90%",IF(E110<=87,"<90%")) -> >90% | F111: =IF(F110>=87,">90%",IF(F110<=87,"<90%")) -> >90% | G111: =IF(G110>=87,">90%",IF(G110<=87,"<90%")) -> >90% | H111: =IF(H110>=87,">90%",IF(H110<=87,"<90%")) -> >90% | I111: =IF(I110>=87,">90%",IF(I110<=87,"<90%")) -> >90% | ... Q111: =IF(Q110>=87,">90%",IF(Q110<=87,"<90%")) -> >90%
A112: Status | B112: =IF(B110>=87,"OK",IF(B110<=87,"LESS")) -> OK | C112: =IF(C110>=87,"OK",IF(C110<=87,"LESS")) -> OK | D112: =IF(D110>=87,"OK",IF(D110<=87,"LESS")) -> OK | E112: =IF(E110>=87,"OK",IF(E110<=87,"LESS")) -> OK | F112: =IF(F110>=87,"OK",IF(F110<=87,"LESS")) -> OK | G112: =IF(G110>=87,"OK",IF(G110<=87,"LESS")) -> OK | H112: =IF(H110>=87,"OK",IF(H110<=87,"LESS")) -> OK | I112: =IF(I110>=87,"OK",IF(I110<=87,"LESS")) -> OK | ... Q112: =IF(Q110>=87,"OK",IF(Q110<=87,"LESS")) -> OK
A115: Done by | B115: RK
A117: Comment

Sheet 03
A1: Station: | B1: BHATAGAON RAIPUR
A2: Date: | B2: =$A$9 -> 03-03-2023 00:15 | D2: Power Off | G2: Pw.Off | L2: Link Fail | N2: Link F | P2: Maintenance | R2: Maint.
A3: Report Type: | B3: Mean | D3: Calibration | G3: Calib. | L3: Data Fail | N3: Data F | P3: Invalid | R3: Invalid
A4: Time Base: | B4: 15 Min | D4: Zero Referrence | G4: Z.Ref | L4: Warm Up | N4: Wm. Up
A7: Date & Time | B7: NO_BHATAGAON | C7: NO2__BHATAGAON | D7: NOX_BHATAGAON | E7: SO2__BHATAGAON | F7: O3__BHATAGAON | G7: PM10__BHATAGAON | H7: PM2_5__BHATAGAON | I7: BENZ__BHATAGAON | J7: WS__BHATAGAON | K7: WD__BHATAGAON | L7: TEMP__BHATAGAON | M7: HUM__BHATAGAON | N7: SR__BHATAGAON | O7: RG__BHATAGAON | P7: CO__BHATAGAON | Q7: NH3__BHATAGAON
B8: ug/m3 | C8: ug/m3 | D8: ppb | E8: ug/m3 | F8: ug/m3 | G8: ug/m3 | H8: ug/m3 | I8: ug/m3 | J8: m/sec | K8: deg | L8: degreC | M8: % | N8: w/m2 | O8: mm | P8: mg/m3 | Q8: ug/m3
A9: 03-03-2023 00:15 | B9: 105.39 | C9: 139.24 | D9: 160.32 | E9: 10.02 | F9: 4.32 | G9: 196.63 | H9: 76.91 | I9: 1.51 | J9: 0.13 | K9: 26.76 | L9: 23.63 | M9: 62.17 | N9: 4.4 | O9: 0 | P9: 3.41 | Q9: 37.84
A10: 03-03-2023 00:30 | B10: 99.49 | C10: 135.63 | D10: 153.59 | E10: 12.1 | F10: 4.32 | G10: 196.63 | H10: 76.91 | I10: 1.5 | J10: 0.18 | K10: 40.23 | L10: 23.65 | M10: 60.54 | N10: 4.4 | O10: 0 | P10: 3.35 | Q10: 38.45
A11: 03-03-2023 00:45 | B11: 93.2 | C11: 133.36 | D11: 147.29 | E11: 14.92 | F11: 4.35 | G11: 202.16 | H11: 84.59 | I11: 1.49 | J11: 0.32 | K11: 18.14 | L11: 23.71 | M11: 59.41 | N11: 3.9 | O11: 0 | P11: 3.24 | Q11: 38.82
A12: 03-03-2023 01:00 | B12: 93.26 | C12: 131.42 | D12: 146.28 | E12: 15.03 | F12: 5.2 | G12: 204.8 | H12: 88.42 | I12: 1.48 | J12: 0.66 | K12: 15.97 | L12: 23.78 | M12: 54.61 | N12: 3.3 | O12: 0 | P12: 3.14 | Q12: 38.93
A13: 03-03-2023 01:15 | B13: 94.2 | C13: 128.5 | D13: 145.41 | E13: 14.98 | F13: 6.11 | G13: 204.8 | H13: 88.42 | I13: 1.43 | J13: 0.66 | K13: 6.72 | L13: 23.83 | M13: 52.24 | N13: 3.5 | O13: 0 | P13: 2.85 | Q13: 38.92
A14: 03-03-2023 01:30 | B14: 97.93 | C14: 128.64 | D14: 148.48 | E14: 8.18 | F14: 4.83 | G14: 204.8 | H14: 88.42 | I14: 1.41 | J14: 0.51 | K14: 2.08 | L14: 24.06 | M14: 52.39 | N14: 4.1 | O14: 0 | P14: 3.03 | Q14: 39.42
A15: 03-03-2023 01:45 | B15: 88.94 | C15: 127.04 | D15: 140.39 | E15: 7.89 | F15: 4.47 | G15: 199.36 | H15: 91.03 | I15: 1.43 | J15: 0.55 | K15: 13.79 | L15: 24.12 | M15: 50.76 | N15: 3.9 | O15: 0 | P15: 2.91 | Q15: 39.27
A16: 03-03-2023 02:00 | B16: 83 | C16: 129.35 | D16: 136.91 | E16: 7.26 | F16: 4.32 | G16: 196.78 | H16: 92.33 | I16: 1.42 | J16: 0.39 | K16: 11.83 | L16: 24.14 | M16: 49.82 | N16: 4.5 | O16: 0 | P16: 2.78 | Q16: 39.04
A17: 03-03-2023 02:15 | B17: 76.93 | C17: 129 | D17: 131.84 | E17: 6.73 | F17: 4.39 | G17: 196.78 | H17: 92.33 | I17: 1.37 | J17: 0.39 | K17: 34.3 | L17: 24.07 | M17: 48.64 | N17: 4.2 | O17: 0 | P17: 2.67 | Q17: 38.59
A18: 03-03-2023 02:30 | B18: 69.75 | C18: 126.22 | D18: 124.55 | E18: 5.73 | F18: 4.38 | G18: 196.78 | H18: 92.33 | I18: 1.31 | J18: 0.44 | K18: 66.39 | L18: 24.49 | M18: 46.27 | N18: 4 | O18: 0 | P18: 2.57 | Q18: 38
A19: 03-03-2023 02:45 | B19: 62.97 | C19: 125.23 | D19: 118.57 | E19: 6.77 | F19: 4.33 | G19: 167.93 | H19: 85.84 | I19: 1.26 | J19: 0.39 | K19: 44.46 | L19: 24.29 | M19: 47.77 | N19: 4.5 | O19: 0 | P19: 2.47 | Q19: 37.32
A20: 03-03-2023 03:00 | B20: 52.59 | C20: 121.85 | D20: 108.37 | E20: 17.62 | F20: 4.56 | G20: 153.51 | H20: 82.59 | I20: 1.2 | J20: 0.28 | K20: 61.14 | L20: 23.82 | M20: 49.74 | N20: 4.6 | O20: 0 | P20: 2.32 | Q20: 36.62
... A54: 03-03-2023 11:30 | B54: 1.43 | C54: 47.82 | D54: 26.49 | E54: 316.24 | F54: 28.95 | G54: 105.89 | H54: 51.64 | I54: 0.45 | J54: 0.54 | K54: 158.28 | L54: 33.47 | M54: 23.08 | N54: 509 | O54: 0 | P54: 0.51 | Q54: 11.89
A55: 03-03-2023 11:45 | B55: 2.74 | C55: 54.29 | D55: 31.11 | E55: 252.22 | F55: 25.29 | G55: Calib. | H55: Calib. | I55: 0.45 | J55: 0.58 | K55: 67.74 | L55: 34.21 | M55: 21.54 | N55: 511.8 | O55: 0 | P55: Calib. | Q55: 12.72
A56: 03-03-2023 12:00 | B56: 3.06 | C56: 59.99 | D56: 34.51 | E56: 17.29 | F56: 22.71 | G56: Calib. | H56: Calib. | I56: 0.47 | J56: 0.74 | K56: 107.96 | L56: 35.33 | M56: 21.04 | N56: 504.9 | O56: 0 | P56: 0.35 | Q56: 14.39
A57: 03-03-2023 12:15 | B57: 3.03 | C57: 69.5 | D57: 39.74 | E57: 19.09 | F57: 26.76 | G57: Calib. | H57: Calib. | I57: 0.48 | J57: 0.68 | K57: 18.89 | L57: 36.48 | M57: 20.34 | N57: 497.2 | O57: 0 | P57: 4.49 | Q57: 15.74
A58: 03-03-2023 12:30 | B58: 3.86 | C58: 71.84 | D58: 41.7 | E58: 27.8 | F58: 38.22 | G58: Invalid | H58: Invalid | I58: 0.49 | J58: 0.96 | K58: 2.81 | L58: 38.36 | M58: 17.99 | N58: 489.1 | O58: 0 | P58: 3.96 | Q58: 17.25
A59: 03-03-2023 12:45 | B59: 91.55 | C59: 19.74 | D59: 84.26 | E59: 37.1 | F59: 55.08 | G59: 64.18 | H59: 39.37 | I59: 0.5 | J59: 1.24 | K59: 8.4 | L59: 39 | M59: 16.79 | N59: 483.3 | O59: 0 | P59: 0.8 | Q59: 17.1
A60: 03-03-2023 13:00 | B60: 152.5 | C60: 12.19 | D60: 129.02 | E60: 24.86 | F60: 40.46 | G60: 64.18 | H60: 39.37 | I60: 0.49 | J60: 0.42 | K60: 43.13 | L60: 37.97 | M60: 17.65 | N60: 455.4 | O60: 0 | P60: 0.82 | Q60: 16.5
A61: 03-03-2023 13:15 | B61: 174.79 | C61: 13.59 | D61: 147.67 | E61: 30.9 | F61: 40.25 | G61: 64.18 | H61: 39.37 | I61: 0.48 | J61: 0.91 | K61: 95.23 | L61: 36.91 | M61: 17.89 | N61: 445.2 | O61: 0 | P61: 0.73 | Q61: 17.78
A62: 03-03-2023 13:30 | B62: 186.41 | C62: 14.87 | D62: 157.7 | E62: 14.74 | F62: 22.35 | G62: 64.41 | H62: 39.03 | I62: 0.48 | J62: 0.56 | K62: 93.41 | L62: 35.05 | M62: 20.13 | N62: 357.4 | O62: 0 | P62: 0.77 | Q62: 17.8
A63: 03-03-2023 13:45 | B63: 3.27 | C63: 54 | D63: 32.42 | E63: 44.27 | F63: 33.99 | G63: 67.12 | H63: 35.09 | I63: 0.48 | J63: 0.99 | K63: 11.67 | L63: 37.58 | M63: 17.31 | N63: 343 | O63: 0 | P63: 0.79 | Q63: 18.39
A64: 03-03-2023 14:00 | B64: 4.34 | C64: 66.01 | D64: 39.84 | E64: 38.19 | F64: 49.42 | G64: 67.12 | H64: 35.09 | I64: 0.5 | J64: 0.94 | K64: 45 | L64: 36.72 | M64: 16.21 | N64: 390.3 | O64: 0 | P64: 0.76 | Q64: 19.34
A65: 03-03-2023 14:15 | B65: 4.6 | C65: 74.9 | D65: 45.02 | E65: 19.16 | F65: 22.09 | G65: 67.12 | H65: 35.09 | I65: 0.49 | J65: 1.38 | K65: 2.88 | L65: 38.75 | M65: 12.49 | N65: 437.6 | O65: 0 | P65: 0.77 | Q65: 17.93
A66: 03-03-2023 14:30 | B66: 2.12 | C66: 67.17 | D66: 38.77 | E66: 17.09 | F66: 23.63 | G66: 66.84 | H66: 35.18 | I66: 0.49 | J66: 1.85 | K66: 13.2 | L66: 39.12 | M66: 11.19 | N66: 421 | O66: 0 | P66: 0.75 | Q66: 17.26
A67: 03-03-2023 14:45 | B67: 3.7 | C67: 67.78 | D67: 40.37 | E67: 12.92 | F67: 12.2 | G67: 63.54 | H67: 36.25 | I67: 0.54 | J67: 1.59 | K67: 12.54 | L67: 38.58 | M67: 11.39 | N67: 401.2 | O67: 0 | P67: 0.74 | Q67: 17.41
A68: 03-03-2023 15:00 | B68: 3.62 | C68: 67.77 | D68: 40.3 | E68: 10.32 | F68: 14.78 | G68: 63.54 | H68: 36.25 | I68: 0.55 | J68: 1.53 | K68: 3.2 | L68: 38.98 | M68: 10.91 | N68: 409 | O68: 0 | P68: 0.71 | Q68: 17.92
A69: 03-03-2023 15:15 | B69: 6.68 | C69: 66.78 | D69: 42.21 | E69: 9.37 | F69: 15.03 | G69: 63.54 | H69: 36.25 | I69: 0.55 | J69: 1.35 | K69: 15.21 | L69: 38.41 | M69: 12.15 | N69: 366.3 | O69: 0 | P69: 0.72 | Q69: 18.61
A70: 03-03-2023 15:30 | B70: 5.63 | C70: 72.13 | D70: 44.32 | E70: 7.94 | F70: 10.11 | G70: 63.4 | H70: 35.91 | I70: 0.57 | J70: 1.66 | K70: 14.78 | L70: 37.93 | M70: 11.99 | N70: 346.4 | O70: 0 | P70: 0.72 | Q70: 19.4
... A104: 03-03-2023 24:00 | B104: 191.89 | C104: 114.46 | D104: 217.05 | E104: 4.35 | F104: 2.94 | G104: 189.74 | H104: 67.78 | I104: 1.72 | J104: 0.03 | K104: 324.4 | L104: 22.41 | M104: 55.29 | N104: 4.3 | O104: 0 | P104: 3.7 | Q104: 40.05
A106: Min | B106: =MIN(B9:B104) -> 1.43 | C106: =MIN(C9:C104) -> 12.19 | D106: =MIN(D9:D104) -> 26.18 | E106: =MIN(E9:E104) -> 0.2 | F106: =MIN(F9:F104) -> 2.92 | G106: =MIN(G9:G104) -> 60.33 | H106: =MIN(H9:H104) -> 29.2 | I106: =MIN(I9:I104) -> 0.45 | ... Q106: =MIN(Q9:Q104) -> 11.89
A107: Max | B107: =MAX(B9:B104) -> 191.89 | C107: =MAX(C9:C104) -> 139.24 | D107: =MAX(D9:D104) -> 217.05 | E107: =MAX(E9:E104) -> 316.24 | F107: =MAX(F9:F104) -> 266.87 | G107: =MAX(G9:G104) -> 211.96 | H107: =MAX(H9:H104) -> 92.33 | I107: =MAX(I9:I104) -> 1.72 | ... Q107: =MAX(Q9:Q104) -> 40.05
A108: Avg | B108: =AVERAGE(B9:B104) -> 63.941667 | C108: =AVERAGE(C9:C104) -> 102.44823 | D108: =AVERAGE(D9:D104) -> 107.27052 | E108: =AVERAGE(E9:E104) -> 19.051667 | F108: =AVERAGE(F9:F104) -> 17.860417 | G108: =AVERAGE(G9:G104) -> 131.84435 | H108: =AVERAGE(H9:H104) -> 56.902935 | I108: =AVERAGE(I9:I104) -> 0.93083333 | ... Q108: =AVERAGE(Q9:Q104) -> 28.931146
A109: Stdev | B109: =STDEV(B9:B104) -> 53.685693 | C109: =STDEV(C9:C104) -> 30.493235 | D109: =STDEV(D9:D104) -> 50.475428 | E109: =STDEV(E9:E104) -> 44.200319 | F109: =STDEV(F9:F104) -> 41.978376 | G109: =STDEV(G9:G104) -> 51.584781 | H109: =STDEV(H9:H104) -> 20.078313 | I109: =STDEV(I9:I104) -> 0.36802365 | ... Q109: =STDEV(Q9:Q104) -> 8.7029968
A110: Num | B110: =COUNT(B9:B104) -> 96 | C110: =COUNT(C9:C104) -> 96 | D110: =COUNT(D9:D104) -> 96 | E110: =COUNT(E9:E104) -> 96 | F110: =COUNT(F9:F104) -> 96 | G110: =COUNT(G9:G104)+3 -> 95 | H110: =COUNT(H9:H104)+3 -> 95 | I110: =COUNT(I9:I104) -> 96 | J110: =COUNT(J9:J104) -> 96 | K110: =COUNT(K9:K104) -> 96 | L110: =COUNT(L9:L104) -> 96 | M110: =COUNT(M9:M104) -> 96 | N110: =COUNT(N9:N104) -> 96 | O110: =COUNT(O9:O104) -> 96 | P110: =COUNT(P9:P104)+1 -> 96 | Q110: =COUNT(Q9:Q104) -> 96
A111: DCR | B111: =IF(B110>=87,">90%",IF(B110<=87,"<90%")) -> >90% | C111: =IF(C110>=87,">90%",IF(C110<=87,"<90%")) -> >90% | D111: =IF(D110>=87,">90%",IF(D110<=87,"<90%")) -> >90% | E111: =IF(E110>=87,">90%",IF(E110<=87,"<90%")) -> >90% | F111: =IF(F110>=87,">90%",IF(F110<=87,"<90%")) -> >90% | G111: =IF(G110>=87,">90%",IF(G110<=87,"<90%")) -> >90% | H111: =IF(H110>=87,">90%",IF(H110<=87,"<90%")) -> >90% | I111: =IF(I110>=87,">90%",IF(I110<=87,"<90%")) -> >90% | ... Q111: =IF(Q110>=87,">90%",IF(Q110<=87,"<90%")) -> >90%
A112: Status | B112: =IF(B110>=87,"OK",IF(B110<=87,"LESS")) -> OK | C112: =IF(C110>=87,"OK",IF(C110<=87,"LESS")) -> OK | D112: =IF(D110>=87,"OK",IF(D110<=87,"LESS")) -> OK | E112: =IF(E110>=87,"OK",IF(E110<=87,"LESS")) -> OK | F112: =IF(F110>=87,"OK",IF(F110<=87,"LESS")) -> OK | G112: =IF(G110>=87,"OK",IF(G110<=87,"LESS")) -> OK | H112: =IF(H110>=87,"OK",IF(H110<=87,"LESS")) -> OK | I112: =IF(I110>=87,"OK",IF(I110<=87,"LESS")) -> OK | ... Q112: =IF(Q110>=87,"OK",IF(Q110<=87,"LESS")) -> OK
A115: Done by | B115: RK
A117: Comment

Sheet 04
A1: Station: | B1: BHATAGAON RAIPUR
A2: Date: | B2: =$A$9 -> 04-03-2023 00:15 | D2: Power Off | G2: Pw.Off | L2: Link Fail | N2: Link F | P2: Maintenance | R2: Maint.
A3: Report Type: | B3: Mean | D3: Calibration | G3: Calib. | L3: Data Fail | N3: Data F | P3: Invalid | R3: Invalid
A4: Time Base: | B4: 15 Min | D4: Zero Referrence | G4: Z.Ref | L4: Warm Up | N4: Wm. Up
A7: Date & Time | B7: NO_BHATAGAON | C7: NO2__BHATAGAON | D7: NOX_BHATAGAON | E7: SO2__BHATAGAON | F7: O3__BHATAGAON | G7: PM10__BHATAGAON | H7: PM2_5__BHATAGAON | I7: BENZ__BHATAGAON | J7: WS__BHATAGAON | K7: WD__BHATAGAON | L7: TEMP__BHATAGAON | M7: HUM__BHATAGAON | N7: SR__BHATAGAON | O7: RG__BHATAGAON | P7: CO__BHATAGAON | Q7: NH3__BHATAGAON
B8: ug/m3 | C8: ug/m3 | D8: ppb | E8: ug/m3 | F8: ug/m3 | G8: ug/m3 | H8: ug/m3 | I8: ug/m3 | J8: m/sec | K8: deg | L8: degreC | M8: % | N8: w/m2 | O8: mm | P8: mg/m3 | Q8: ug/m3
A9: 04-03-2023 00:15 | B9: 197.27 | C9: 114.89 | D9: 221.6 | E9: 6.34 | F9: 2.94 | G9: 189.74 | H9: 67.78 | I9: 1.77 | J9: 0.16 | K9: 11.48 | L9: 22.35 | M9: 56.14 | N9: 4.4 | O9: 0 | P9: 3.8 | Q9: 40.34
A10: 04-03-2023 00:30 | B10: 200.32 | C10: 114.69 | D10: 223.94 | E10: 7.31 | F10: 2.91 | G10: 189.57 | H10: 68.11 | I10: 1.81 | J10: 0.18 | K10: 255.48 | L10: 22.6 | M10: 55.45 | N10: 3.4 | O10: 0 | P10: 3.97 | Q10: 40.28
A11: 04-03-2023 00:45 | B11: 202.05 | C11: 113.11 | D11: 224.45 | E11: 7.09 | F11: 2.92 | G11: 187.6 | H11: 71.98 | I11: 1.86 | J11: 0.16 | K11: 18.72 | L11: 22.58 | M11: 55.86 | N11: 4.4 | O11: 0 | P11: 4.04 | Q11: 39.64
A12: 04-03-2023 01:00 | B12: 201.15 | C12: 111.22 | D12: 222.69 | E12: 7.1 | F12: 2.95 | G12: 187.6 | H12: 71.98 | I12: 1.93 | J12: 0.05 | K12: 321.69 | L12: 22.1 | M12: 56.57 | N12: 4.4 | O12: 0 | P12: 4.06 | Q12: 39.09
A13: 04-03-2023 01:15 | B13: 194.74 | C13: 109.97 | D13: 216.86 | E13: 7.26 | F13: 2.94 | G13: 187.6 | H13: 71.98 | I13: 1.96 | J13: 0.38 | K13: 215.14 | L13: 22.73 | M13: 50.79 | N13: 2.7 | O13: 0 | P13: 3.64 | Q13: 39.24
A14: 04-03-2023 01:30 | B14: 191.76 | C14: 107.91 | D14: 213.33 | E14: 7.42 | F14: 2.96 | G14: 185.79 | H14: 71.89 | I14: 1.97 | J14: 0.09 | K14: 352.12 | L14: 22.66 | M14: 53.3 | N14: 4.5 | O14: 0 | P14: 3.75 | Q14: 39.42
A15: 04-03-2023 01:45 | B15: 185.31 | C15: 107.59 | D15: 207.98 | E15: 7.36 | F15: 3.11 | G15: 164.33 | H15: 70.72 | I15: 1.94 | J15: 0.13 | K15: 179.12 | L15: 22.71 | M15: 50.8 | N15: 3.8 | O15: 0 | P15: 3.66 | Q15: 39.55
A16: 04-03-2023 02:00 | B16: 186.82 | C16: 104.1 | D16: 207.26 | E16: 7.04 | F16: 3.01 | G16: 164.33 | H16: 70.72 | I16: 1.95 | J16: 0.12 | K16: 333.96 | L16: 21.94 | M16: 56.93 | N16: 4.6 | O16: 0 | P16: 3.67 | Q16: 39.73
A17: 04-03-2023 02:15 | B17: 182.35 | C17: 102.69 | D17: 202.9 | E17: 6.9 | F17: 3.05 | G17: 164.33 | H17: 70.72 | I17: 1.95 | J17: 0.09 | K17: 343.18 | L17: 21.14 | M17: 58.32 | N17: 4.7 | O17: 0 | P17: 3.6 | Q17: 39.57
A18: 04-03-2023 02:30 | B18: 182.94 | C18: 105.71 | D18: 205.04 | E18: 6.54 | F18: 3.07 | G18: 162.55 | H18: 70.45 | I18: 1.93 | J18: 0.15 | K18: 2.66 | L18: 20.95 | M18: 59.61 | N18: 4.5 | O18: 0 | P18: 3.59 | Q18: 40.34
A19: 04-03-2023 02:45 | B19: 181.06 | C19: 103.09 | D19: 202.09 | E19: 6.72 | F19: 2.98 | G19: 141.49 | H19: 67.21 | I19: 1.91 | J19: 0.08 | K19: 265.32 | L19: 20.9 | M19: 58.71 | N19: 4.1 | O19: 0 | P19: 3.51 | Q19: 40.71
A20: 04-03-2023 03:00 | B20: 175.12 | C20: 101.91 | D20: 196.68 | E20: 6.78 | F20: 2.91 | G20: 141.49 | H20: 67.21 | I20: 1.9 | J20: 0.04 | K20: 292.53 | L20: 20.77 | M20: 59.7 | N20: 4.2 | O20: 0 | P20: 3.43 | Q20: 40.5
... A104: 04-03-2023 24:00 | B104: 176.8 | C104: 111.75 | D104: 203.45 | E104: 2.73 | F104: 2.97 | G104: 157.13 | H104: 61.56 | I104: 1.48 | J104: 0.06 | K104: 13.25 | L104: 22.54 | M104: 51.01 | N104: 4.3 | O104: 0 | P104: 2.86 | Q104: 39.31
A106: Min | B106: =MIN(B9:B104) -> 0.14 | C106: =MIN(C9:C104) -> 57.8 | D106: =MIN(D9:D104) -> 32.07 | E106: =MIN(E9:E104) -> 2.36 | F106: =MIN(F9:F104) -> 2.78 | G106: =MIN(G9:G104) -> 35.85 | H106: =MIN(H9:H104) -> 13.42 | I106: =MIN(I9:I104) -> 0.47 | ... Q106: =MIN(Q9:Q104) -> 14.66
A107: Max | B107: =MAX(B9:B104) -> 202.05 | C107: =MAX(C9:C104) -> 140.65 | D107: =MAX(D9:D104) -> 224.45 | E107: =MAX(E9:E104) -> 43.45 | F107: =MAX(F9:F104) -> 44.25 | G107: =MAX(G9:G104) -> 207.57 | H107: =MAX(H9:H104) -> 75.78 | I107: =MAX(I9:I104) -> 1.97 | ... Q107: =MAX(Q9:Q104) -> 40.71
A108: Avg | B108: =AVERAGE(B9:B104) -> 93.409583 | C108: =AVERAGE(C9:C104) -> 98.724479 | D108: =AVERAGE(D9:D104) -> 129.39146 | E108: =AVERAGE(E9:E104) -> 9.2415625 | F108: =AVERAGE(F9:F104) -> 8.7592708 | G108: =AVERAGE(G9:G104) -> 126.97667 | H108: =AVERAGE(H9:H104) -> 52.030729 | I108: =AVERAGE(I9:I104) -> 1.2376042 | ... Q108: =AVERAGE(Q9:Q104) -> 30.999792
A109: Stdev | B109: =STDEV(B9:B104) -> 73.762563 | C109: =STDEV(C9:C104) -> 16.247195 | D109: =STDEV(D9:D104) -> 64.388054 | E109: =STDEV(E9:E104) -> 7.1437371 | F109: =STDEV(F9:F104) -> 9.9194287 | G109: =STDEV(G9:G104) -> 58.873189 | H109: =STDEV(H9:H104) -> 20.699384 | I109: =STDEV(I9:I104) -> 0.497913 | ... Q109: =STDEV(Q9:Q104) -> 8.306001
A110: Num | B110: =COUNT(B9:B104) -> 96 | C110: =COUNT(C9:C104) -> 96 | D110: =COUNT(D9:D104) -> 96 | E110: =COUNT(E9:E104) -> 96 | F110: =COUNT(F9:F104) -> 96 | G110: =COUNT(G9:G104) -> 96 | H110: =COUNT(H9:H104) -> 96 | I110: =COUNT(I9:I104) -> 96 | ... Q110: =COUNT(Q9:Q104) -> 96
A111: DCR | B111: =IF(B110>=87,">90%",IF(B110<=87,"<90%")) -> >90% | C111: =IF(C110>=87,">90%",IF(C110<=87,"<90%")) -> >90% | D111: =IF(D110>=87,">90%",IF(D110<=87,"<90%")) -> >90% | E111: =IF(E110>=87,">90%",IF(E110<=87,"<90%")) -> >90% | F111: =IF(F110>=87,">90%",IF(F110<=87,"<90%")) -> >90% | G111: =IF(G110>=87,">90%",IF(G110<=87,"<90%")) -> >90% | H111: =IF(H110>=87,">90%",IF(H110<=87,"<90%")) -> >90% | I111: =IF(I110>=87,">90%",IF(I110<=87,"<90%")) -> >90% | ... Q111: =IF(Q110>=87,">90%",IF(Q110<=87,"<90%")) -> >90%
A112: Status | B112: =IF(B110>=87,"OK",IF(B110<=87,"LESS")) -> OK | C112: =IF(C110>=87,"OK",IF(C110<=87,"LESS")) -> OK | D112: =IF(D110>=87,"OK",IF(D110<=87,"LESS")) -> OK | E112: =IF(E110>=87,"OK",IF(E110<=87,"LESS")) -> OK | F112: =IF(F110>=87,"OK",IF(F110<=87,"LESS")) -> OK | G112: =IF(G110>=87,"OK",IF(G110<=87,"LESS")) -> OK | H112: =IF(H110>=87,"OK",IF(H110<=87,"LESS")) -> OK | I112: =IF(I110>=87,"OK",IF(I110<=87,"LESS")) -> OK | ... Q112: =IF(Q110>=87,"OK",IF(Q110<=87,"LESS")) -> OK
A115: Done by | B115: RK
A117: Comment

Sheet 05
A1: Station: | B1: BHATAGAON RAIPUR
A2: Date: | B2: =$A$9 -> 05-03-2023 00:15 | D2: Power Off | G2: Pw.Off | L2: Link Fail | N2: Link F | P2: Maintenance | R2: Maint.
A3: Report Type: | B3: Mean | D3: Calibration | G3: Calib. | L3: Data Fail | N3: Data F | P3: Invalid | R3: Invalid
A4: Time Base: | B4: 15 Min | D4: Zero Referrence | G4: Z.Ref | L4: Warm Up | N4: Wm. Up
A7: Date & Time | B7: NO_BHATAGAON | C7: NO2__BHATAGAON | D7: NOX_BHATAGAON | E7: SO2__BHATAGAON | F7: O3__BHATAGAON | G7: PM10__BHATAGAON | H7: PM2_5__BHATAGAON | I7: BENZ__BHATAGAON | J7: WS__BHATAGAON | K7: WD__BHATAGAON | L7: TEMP__BHATAGAON | M7: HUM__BHATAGAON | N7: SR__BHATAGAON | O7: RG__BHATAGAON | P7: CO__BHATAGAON | Q7: NH3__BHATAGAON
B8: ug/m3 | C8: ug/m3 | D8: ppb | E8: ug/m3 | F8: ug/m3 | G8: ug/m3 | H8: ug/m3 | I8: ug/m3 | J8: m/sec | K8: deg | L8: degreC | M8: % | N8: w/m2 | O8: mm | P8: mg/m3 | Q8: ug/m3
A9: 05-03-2023 00:15 | B9: 179.84 | C9: 111.58 | D9: 205.8 | E9: 5.54 | F9: 2.87 | G9: 157.13 | H9: 61.56 | I9: 1.48 | J9: 0.11 | K9: 11.61 | L9: 22.76 | M9: 52.8 | N9: 4.2 | O9: 0 | P9: 2.87 | Q9: 40.13
A10: 05-03-2023 00:30 | B10: 180.9 | C10: 111.04 | D10: 206.35 | E10: 5.41 | F10: 2.95 | G10: 157.24 | H10: 61.3 | I10: 1.48 | J10: 0.23 | K10: 35.41 | L10: 22.7 | M10: 51.43 | N10: 3.9 | O10: 0 | P10: 2.86 | Q10: 40.55
A11: 05-03-2023 00:45 | B11: 176.96 | C11: 110.62 | D11: 202.96 | E11: 5.68 | F11: 2.95 | G11: 158.53 | H11: 58.28 | I11: 1.48 | J11: 0.48 | K11: 60.62 | L11: 24.09 | M11: 39.46 | N11: 1.5 | O11: 0 | P11: 2.84 | Q11: 40.43
A12: 05-03-2023 01:00 | B12: 169.68 | C12: 110.49 | D12: 197.05 | E12: 6.98 | F12: 2.89 | G12: 158.53 | H12: 58.28 | I12: 1.49 | J12: 0.42 | K12: 25.31 | L12: 24.77 | M12: 33.09 | N12: 3.4 | O12: 0 | P12: 2.85 | Q12: 40.15
A13: 05-03-2023 01:15 | B13: 163.11 | C13: 110.61 | D13: 191.84 | E13: 7.01 | F13: 2.98 | G13: 158.53 | H13: 58.28 | I13: 1.48 | J13: 0.27 | K13: 72.87 | L13: 24.36 | M13: 33.69 | N13: 4.3 | O13: 0 | P13: 2.64 | Q13: 39.84
A14: 05-03-2023 01:30 | B14: 157.32 | C14: 110.63 | D14: 187.22 | E14: 7.46 | F14: 2.97 | G14: 146.2 | H14: 59.57 | I14: 1.47 | J14: 0.22 | K14: 88.34 | L14: 24.11 | M14: 32.68 | N14: 4.3 | O14: 0 | P14: 2.76 | Q14: 39.3
A15: 05-03-2023 01:45 | B15: 152.19 | C15: 109.22 | D15: 182.32 | E15: 6.4 | F15: 2.84 | G15: Maint. | H15: 74.92 | I15: 1.44 | J15: 0.06 | K15: 151.39 | L15: 23.69 | M15: 33.45 | N15: 4.6 | O15: 0 | P15: 2.4 | Q15: 38.6
A16: 05-03-2023 02:00 | B16: 148.06 | C16: 108.52 | D16: 178.62 | E16: 6.01 | F16: 3.85 | G16: Maint. | H16: 74.92 | I16: 1.26 | J16: 0.12 | K16: 30.98 | L16: 22.86 | M16: 38.74 | N16: 4.7 | O16: 0 | P16: 2.5 | Q16: 37.78
A17: 05-03-2023 02:15 | B17: 144.83 | C17: 108 | D17: 175.75 | E17: 5.91 | F17: 3.02 | G17: Maint. | H17: 74.92 | I17: 1.23 | J17: 0.13 | K17: 41.86 | L17: 21.95 | M17: 43.85 | N17: 4.8 | O17: 0 | P17: 2.46 | Q17: 37.55
A18: 05-03-2023 02:30 | B18: 142.27 | C18: 107.45 | D18: 173.39 | E18: 5.63 | F18: 2.89 | G18: Maint. | H18: 75.13 | I18: 1.19 | J18: 0.1 | K18: 7.28 | L18: 21.78 | M18: 45.43 | N18: 4.3 | O18: 0 | P18: 2.51 | Q18: 37.61
A19: 05-03-2023 02:45 | B19: 140.27 | C19: 106.59 | D19: 171.31 | E19: 5.43 | F19: 2.94 | G19: Invalid | H19: 77.58 | I19: 1.22 | J19: 0.11 | K19: 341.36 | L19: 21.43 | M19: 50.18 | N19: 4.4 | O19: 0 | P19: 2.48 | Q19: 37.69
A20: 05-03-2023 03:00 | B20: 137.84 | C20: 105.64 | D20: 168.84 | E20: 5.03 | F20: 3.01 | G20: Invalid | H20: 77.58 | I20: 1.22 | J20: 0.17 | K20: 31.38 | L20: 21.19 | M20: 51.56 | N20: 4.4 | O20: 0 | P20: 2.44 | Q20: 37.82
A21: 05-03-2023 03:15 | B21: 134.61 | C21: 104.7 | D21: 165.73 | E21: 5.25 | F21: 2.97 | G21: Invalid | H21: 77.58 | I21: 1.21 | J21: 0.24 | K21: 56.64 | L21: 22.33 | M21: 42.78 | N21: 2.8 | O21: 0 | P21: 1.91 | Q21: 37.9
A22: 05-03-2023 03:30 | B22: 130.07 | C22: 104.51 | D22: 161.98 | E22: 5.57 | F22: 3.05 | G22: 136.96 | H22: 77.26 | I22: 1.21 | J22: 0.35 | K22: 86.93 | L22: 23.62 | M22: 33.1 | N22: 2.7 | O22: 0 | P22: 2.09 | Q22: 38.18
A23: 05-03-2023 03:45 | B23: 124.02 | C23: 105.3 | D23: 157.57 | E23: 5.68 | F23: 3.08 | G23: 136.96 | H23: 73.53 | I23: 1.02 | J23: 0.26 | K23: 31.85 | L23: 23.49 | M23: 34.07 | N23: 4 | O23: 0 | P23: 2.3 | Q23: 38.63
A24: 05-03-2023 04:00 | B24: 116.72 | C24: 104.63 | D24: 151.34 | E24: 2.61 | F24: 2.99 | G24: 136.96 | H24: 73.53 | I24: 1.06 | J24: 0.31 | K24: 40.8 | L24: 23.58 | M24: 32.88 | N24: 3.9 | O24: 0 | P24: 2.23 | Q24: 38.67
A25: 05-03-2023 04:15 | B25: 109.19 | C25: 104.17 | D25: 145.05 | E25: 6.29 | F25: 3.1 | G25: 136.96 | H25: 73.53 | I25: 1.19 | J25: 0.28 | K25: 36.53 | L25: 23.47 | M25: 33.25 | N25: 4.2 | O25: 0 | P25: 2.15 | Q25: 38.34
A26: 05-03-2023 04:30 | B26: 102.19 | C26: 104.75 | D26: 139.76 | E26: 6.5 | F26: 2.93 | G26: 133.38 | H26: 72.89 | I26: 1.2 | J26: 0.24 | K26: 43.27 | L26: 23.22 | M26: 33.49 | N26: 4.3 | O26: 0 | P26: 2.09 | Q26: 37.81
A27: 05-03-2023 04:45 | B27: 96.61 | C27: 105.3 | D27: 135.58 | E27: 6.64 | F27: 2.94 | G27: 90.98 | H27: 65.31 | I27: 1.16 | J27: 0.27 | K27: 29.54 | L27: 23.1 | M27: 35.41 | N27: 4.2 | O27: 0 | P27: 2.06 | Q27: 37.32
A28: 05-03-2023 05:00 | B28: 91.92 | C28: 105.71 | D28: 132.05 | E28: 7.09 | F28: 2.96 | G28: 90.98 | H28: 65.31 | I28: 1.12 | J28: 0.49 | K28: 25.69 | L28: 23.23 | M28: 36.09 | N28: 3.6 | O28: 0 | P28: 2.16 | Q28: 36.95
A29: 05-03-2023 05:15 | B29: 87.5 | C29: 105.35 | D29: 128.31 | E29: 6.63 | F29: 2.9 | G29: 90.98 | H29: 65.31 | I29: 1.08 | J29: 0.28 | K29: 32.78 | L29: 23.3 | M29: 35.32 | N29: 4.2 | O29: 0 | P29: 2.17 | Q29: 36.17
A30: 05-03-2023 05:30 | B30: 84.07 | C30: 104.75 | D30: 125.23 | E30: 5.43 | F30: 2.91 | G30: 94.07 | H30: 65.19 | I30: 0.98 | J30: 0.59 | K30: 26.15 | L30: 23.4 | M30: 35.31 | N30: 3.5 | O30: 0 | P30: 1.93 | Q30: 35.28
A31: 05-03-2023 05:45 | B31: 81.08 | C31: 104.55 | D31: 122.72 | E31: 5.75 | F31: 3 | G31: 130.67 | H31: 63.81 | I31: 0.84 | J31: 0.44 | K31: 23.47 | L31: 23.33 | M31: 35.66 | N31: 4.2 | O31: 0 | P31: 2.05 | Q31: 34.67
A32: 05-03-2023 06:00 | B32: 78 | C32: 103.81 | D32: 119.84 | E32: 5.46 | F32: 2.95 | G32: 130.67 | H32: 63.81 | I32: 0.8 | J32: 0.23 | K32: 35.1 | L32: 23.12 | M32: 36.44 | N32: 4.6 | O32: 0 | P32: 1.98 | Q32: 34.41
A33: 05-03-2023 06:15 | B33: 76.39 | C33: 103.43 | D33: 118.34 | E33: 5.48 | F33: 2.99 | G33: 130.67 | H33: 63.81 | I33: 0.89 | J33: 0.23 | K33: 62.49 | L33: 22.82 | M33: 38.55 | N33: 5.6 | O33: 0 | P33: 2 | Q33: 34.33
A34: 05-03-2023 06:30 | B34: 75.86 | C34: 103.4 | D34: 117.9 | E34: 6.48 | F34: 3.06 | G34: 120.51 | H34: 63.4 | I34: 0.86 | J34: 0.3 | K34: 56.75 | L34: 22.58 | M34: 40.07 | N34: 10.7 | O34: 0 | P34: 2.14 | Q34: 34.48
A35: 05-03-2023 06:45 | B35: 75.62 | C35: 103.03 | D35: 117.51 | E35: 6.13 | F35: 3.07 | G35: Maint. | H35: 58.53 | I35: 0.87 | J35: 0.42 | K35: 22.72 | L35: 22.62 | M35: 41.34 | N35: 22.8 | O35: 0 | P35: 2.04 | Q35: 34.64
A36: 05-03-2023 07:00 | B36: 74.64 | C36: 102.74 | D36: 116.56 | E36: 6.59 | F36: 3.14 | G36: Maint. | H36: 58.53 | I36: 0.82 | J36: 0.35 | K36: 26.83 | L36: 23.08 | M36: 41.02 | N36: 51.1 | O36: 0 | P36: 2.06 | Q36: 34.86
A37: 05-03-2023 07:15 | B37: 75.38 | C37: 103.64 | D37: 117.65 | E37: 7.1 | F37: 3.04 | G37: Maint. | H37: 58.53 | I37: 0.81 | J37: 0.42 | K37: 28.1 | L37: 24.13 | M37: 39.79 | N37: 90.1 | O37: 0 | P37: 1.98 | Q37: 35.8
A38: 05-03-2023 07:30 | B38: 76.07 | C38: 104.36 | D38: 118.6 | E38: 7.48 | F38: 3.02 | G38: Maint. | H38: 58.64 | I38: 0.87 | J38: 0.6 | K38: 27.15 | L38: 25.31 | M38: 36.93 | N38: 129.5 | O38: 0 | P38: 2.05 | Q38: 36.13
A39: 05-03-2023 07:45 | B39: 74.32 | C39: 105.6 | D39: 117.88 | E39: 7.11 | F39: 3.08 | G39: 250.29 | H39: 60.13 | I39: 0.85 | J39: 0.67 | K39: 30.71 | L39: 26.1 | M39: 35.31 | N39: 167.5 | O39: 0 | P39: 2.01 | Q39: 35.69
A40: 05-03-2023 08:00 | B40: 71.75 | C40: 106.67 | D40: 116.4 | E40: 3.09 | F40: 3.25 | G40: 250.29 | H40: 60.13 | I40: 0.82 | J40: 0.72 | K40: 27.9 | L40: 26.98 | M40: 33.49 | N40: 205.7 | O40: 0 | P40: 1.98 | Q40: 35.55
A41: 05-03-2023 08:15 | B41: 69.46 | C41: 108.2 | D41: 115.41 | E41: 7.32 | F41: 3.09 | G41: 250.29 | H41: 60.13 | I41: 0.8 | J41: 0.57 | K41: 53.97 | L41: 27.44 | M41: 33.09 | N41: 244.3 | O41: 0 | P41: 1.94 | Q41: 35.29
A42: 05-03-2023 08:30 | B42: 67.38 | C42: 110.12 | D42: 114.8 | E42: 7.04 | F42: 3.05 | G42: 114.71 | H42: 59.66 | I42: 0.82 | J42: 0.81 | K42: 79.41 | L42: 27.66 | M42: 33.17 | N42: 288.3 | O42: 0 | P42: 1.88 | Q42: 35.12
A43: 05-03-2023 08:45 | B43: 64.54 | C43: 111.52 | D43: 113.3 | E43: 6.93 | F43: 2.8 | G43: 114.71 | H43: 54.13 | I43: 0.79 | J43: 1.47 | K43: 102.11 | L43: 27.33 | M43: 34.27 | N43: 333.1 | O43: 0 | P43: 1.79 | Q43: 34.56
A44: 05-03-2023 09:00 | B44: 61.25 | C44: 111.17 | D44: 110.47 | E44: 5.75 | F44: 3.74 | G44: 114.71 | H44: 54.13 | I44: 0.76 | J44: 1.5 | K44: 97.18 | L44: 27.58 | M44: 33.64 | N44: 375.7 | O44: 0 | P44: 1.66 | Q44: 33.59
A45: 05-03-2023 09:15 | B45: 57.71 | C45: 111.93 | D45: 108.05 | E45: 5.2 | F45: 3.2 | G45: 114.71 | H45: 54.13 | I45: 0.75 | J45: 0.97 | K45: 99.55 | L45: 29.02 | M45: 32.16 | N45: 412.7 | O45: 0 | P45: 1.62 | Q45: 32.3
A46: 05-03-2023 09:30 | B46: 54.41 | C46: 112.93 | D46: 105.96 | E46: 5.24 | F46: 3.08 | G46: 111.8 | H46: 53.48 | I46: 0.72 | J46: 1.19 | K46: 91.21 | L46: 29.7 | M46: 30.02 | N46: 450.1 | O46: 0 | P46: 1.48 | Q46: 31.8
A47: 05-03-2023 09:45 | B47: 50.51 | C47: 113.29 | D47: 103.03 | E47: 4.47 | F47: 3.02 | G47: 77.3 | H47: 45.73 | I47: 0.7 | J47: 1.37 | K47: 97.26 | L47: 29.65 | M47: 29.42 | N47: 480.1 | O47: 0 | P47: 1.42 | Q47: 31.22
A48: 05-03-2023 10:00 | B48: 45.66 | C48: 112.96 | D48: 98.95 | E48: 5.52 | F48: 3.2 | G48: 77.3 | H48: 45.73 | I48: 0.68 | J48: 1.19 | K48: 94.13 | L48: 30.36 | M48: 28.14 | N48: 497.1 | O48: 0 | P48: 1.36 | Q48: 30.62
A49: 05-03-2023 10:15 | B49: 41.63 | C49: 113.1 | D49: 95.8 | E49: 5.32 | F49: 3.27 | G49: 77.3 | H49: 45.73 | I49: 0.66 | J49: 1.1 | K49: 111.73 | L49: 31.62 | M49: 26.63 | N49: 508.1 | O49: 0 | P49: 1.29 | Q49: 30.21
A50: 05-03-2023 10:30 | B50: 38.59 | C50: 112.94 | D50: 93.27 | E50: 4.88 | F50: 3.15 | G50: 76.23 | H50: 45.09 | I50: 0.64 | J50: 1.78 | K50: 116.45 | L50: 30.77 | M50: 26.4 | N50: 517.2 | O50: 0 | P50: 1.24 | Q50: 29.95
... A104: 05-03-2023 24:00 | B104: 95.64 | C104: 130.76 | D104: 148.86 | E104: 3.08 | F104: 3.12 | G104: 129.2 | H104: 72.84 | I104: 0.79 | J104: 0.55 | K104: 352.65 | L104: 24.59 | M104: 44.11 | N104: 3.2 | O104: 0 | P104: 2.34 | Q104: 37.04
A106: Min | B106: =MIN(B9:B104) -> 1.22 | C106: =MIN(C9:C104) -> 102.74 | D106: =MIN(D9:D104) -> 58.19 | E106: =MIN(E9:E104) -> 2.61 | F106: =MIN(F9:F104) -> 2.8 | G106: =MIN(G9:G104) -> 38.35 | H106: =MIN(H9:H104) -> 24.26 | I106: =MIN(I9:I104) -> 0.53 | ... Q106: =MIN(Q9:Q104) -> 27.37
A107: Max | B107: =MAX(B9:B104) -> 180.9 | C107: =MAX(C9:C104) -> 135.47 | D107: =MAX(D9:D104) -> 206.35 | E107: =MAX(E9:E104) -> 7.76 | F107: =MAX(F9:F104) -> 5.16 | G107: =MAX(G9:G104) -> 250.29 | H107: =MAX(H9:H104) -> 78.51 | I107: =MAX(I9:I104) -> 2.07 | ... Q107: =MAX(Q9:Q104) -> 40.55
A108: Avg | B108: =AVERAGE(B9:B104) -> 61.367812 | C108: =AVERAGE(C9:C104) -> 113.54208 | D108: =AVERAGE(D9:D104) -> 111.8726 | E108: =AVERAGE(E9:E104) -> 5.8663542 | F108: =AVERAGE(F9:F104) -> 3.4117708 | G108: =AVERAGE(G9:G104) -> 112.94047 | H108: =AVERAGE(H9:H104) -> 49.903021 | I108: =AVERAGE(I9:I104) -> 0.96864583 | ... Q108: =AVERAGE(Q9:Q104) -> 33.414167
A109: Stdev | B109: =STDEV(B9:B104) -> 53.524264 | C109: =STDEV(C9:C104) -> 9.9793784 | D109: =STDEV(D9:D104) -> 43.290983 | E109: =STDEV(E9:E104) -> 1.0170464 | F109: =STDEV(F9:F104) -> 0.61945646 | G109: =STDEV(G9:G104) -> 65.459217 | H109: =STDEV(H9:H104) -> 19.300988 | I109: =STDEV(I9:I104) -> 0.40620353 | ... Q109: =STDEV(Q9:Q104) -> 4.1039195
A110: Num | B110: =COUNT(B9:B104) -> 96 | C110: =COUNT(C9:C104) -> 96 | D110: =COUNT(D9:D104) -> 96 | E110: =COUNT(E9:E104) -> 96 | F110: =COUNT(F9:F104) -> 96 | G110: =COUNT(G9:G104)+8 -> 93 | H110: =COUNT(H9:H104) -> 96 | I110: =COUNT(I9:I104) -> 96 | J110: =COUNT(J9:J104) -> 96 | K110: =COUNT(K9:K104) -> 96 | L110: =COUNT(L9:L104) -> 96 | M110: =COUNT(M9:M104) -> 96 | N110: =COUNT(N9:N104) -> 96 | O110: =COUNT(O9:O104) -> 96 | ... Q110: =COUNT(Q9:Q104) -> 96
A111: DCR | B111: =IF(B110>=87,">90%",IF(B110<=87,"<90%")) -> >90% | C111: =IF(C110>=87,">90%",IF(C110<=87,"<90%")) -> >90% | D111: =IF(D110>=87,">90%",IF(D110<=87,"<90%")) -> >90% | E111: =IF(E110>=87,">90%",IF(E110<=87,"<90%")) -> >90% | F111: =IF(F110>=87,">90%",IF(F110<=87,"<90%")) -> >90% | G111: =IF(G110>=87,">90%",IF(G110<=87,"<90%")) -> >90% | H111: =IF(H110>=87,">90%",IF(H110<=87,"<90%")) -> >90% | I111: =IF(I110>=87,">90%",IF(I110<=87,"<90%")) -> >90% | ... Q111: =IF(Q110>=87,">90%",IF(Q110<=87,"<90%")) -> >90%
A112: Status | B112: =IF(B110>=87,"OK",IF(B110<=87,"LESS")) -> OK | C112: =IF(C110>=87,"OK",IF(C110<=87,"LESS")) -> OK | D112: =IF(D110>=87,"OK",IF(D110<=87,"LESS")) -> OK | E112: =IF(E110>=87,"OK",IF(E110<=87,"LESS")) -> OK | F112: =IF(F110>=87,"OK",IF(F110<=87,"LESS")) -> OK | G112: =IF(G110>=87,"OK",IF(G110<=87,"LESS")) -> OK | H112: =IF(H110>=87,"OK",IF(H110<=87,"LESS")) -> OK | I112: =IF(I110>=87,"OK",IF(I110<=87,"LESS")) -> OK | ... Q112: =IF(Q110>=87,"OK",IF(Q110<=87,"LESS")) -> OK
A115: Done by | B115: RK
A117: Comment

Sheet 06
A1: Station: | B1: BHATAGAON RAIPUR
A2: Date: | B2: =$A$9 -> 06-03-2023 00:15 | D2: Power Off | G2: Pw.Off | L2: Link Fail | N2: Link F | P2: Maintenance | R2: Maint.
A3: Report Type: | B3: Mean | D3: Calibration | G3: Calib. | L3: Data Fail | N3: Data F | P3: Invalid | R3: Invalid
A4: Time Base: | B4: 15 Min | D4: Zero Referrence | G4: Z.Ref | L4: Warm Up | N4: Wm. Up
A7: Date & Time | B7: NO_BHATAGAON | C7: NO2__BHATAGAON | D7: NOX_BHATAGAON | E7: SO2__BHATAGAON | F7: O3__BHATAGAON | G7: PM10__BHATAGAON | H7: PM2_5__BHATAGAON | I7: BENZ__BHATAGAON | J7: WS__BHATAGAON | K7: WD__BHATAGAON | L7: TEMP__BHATAGAON | M7: HUM__BHATAGAON | N7: SR__BHATAGAON | O7: RG__BHATAGAON | P7: CO__BHATAGAON | Q7: NH3__BHATAGAON
B8: ug/m3 | C8: ug/m3 | D8: ppb | E8: ug/m3 | F8: ug/m3 | G8: ug/m3 | H8: ug/m3 | I8: ug/m3 | J8: m/sec | K8: deg | L8: degreC | M8: % | N8: w/m2 | O8: mm | P8: mg/m3 | Q8: ug/m3
A9: 06-03-2023 00:15 | B9: 92.62 | C9: 128.95 | D9: 145.43 | E9: 6.09 | F9: 3.35 | G9: 129.2 | H9: 72.84 | I9: 0.89 | J9: 0.68 | K9: 7.41 | L9: 24.75 | M9: 42.82 | N9: 3.5 | O9: 0 | P9: 2.38 | Q9: 37.17
A10: 06-03-2023 00:30 | B10: 88.37 | C10: 127.28 | D10: 141.11 | E10: 5.76 | F10: 3.52 | G10: 126.81 | H10: 72.54 | I10: 0.99 | J10: 0.9 | K10: 17.67 | L10: 25.13 | M10: 40.91 | N10: 3.7 | O10: 0 | P10: 2.17 | Q10: 37.13
A11: 06-03-2023 00:45 | B11: 83.52 | C11: 125.59 | D11: 136.29 | E11: 6.15 | F11: 3.71 | G11: 98.46 | H11: 69.02 | I11: 1.06 | J11: 0.74 | K11: 17.52 | L11: 25.13 | M11: 40.47 | N11: 4.1 | O11: 0 | P11: 2.04 | Q11: 36.83
A12: 06-03-2023 01:00 | B12: 79.27 | C12: 124.19 | D12: 132.1 | E12: 6.44 | F12: 3.14 | G12: 98.46 | H12: 69.02 | I12: 0.9 | J12: 0.3 | K12: 358.22 | L12: 24.75 | M12: 41.97 | N12: 4.6 | O12: 0 | P12: 2.4 | Q12: 36.91
A13: 06-03-2023 01:15 | B13: 74.26 | C13: 123.55 | D13: 127.74 | E13: 6.39 | F13: 3.02 | G13: 98.46 | H13: 69.02 | I13: 0.83 | J13: 0.16 | K13: 0.13 | L13: 24.28 | M13: 43.38 | N13: 4.8 | O13: 0 | P13: 2.39 | Q13: 37.65
A14: 06-03-2023 01:30 | B14: 69.13 | C14: 122.7 | D14: 123.15 | E14: 6.79 | F14: 3.02 | G14: 99.48 | H14: 68.18 | I14: 1.14 | J14: 0.12 | K14: 64.12 | L14: 24.11 | M14: 44.21 | N14: 4.7 | O14: 0 | P14: 2.41 | Q14: 37.74
A15: 06-03-2023 01:45 | B15: 64.02 | C15: 121.61 | D15: 118.45 | E15: 6.13 | F15: 2.93 | G15: 111.58 | H15: 58.24 | I15: 1.25 | J15: 0.54 | K15: 18 | L15: 24.23 | M15: 42.79 | N15: 3.7 | O15: 0 | P15: 2.3 | Q15: 37.34
A16: 06-03-2023 02:00 | B16: 58.68 | C16: 120.72 | D16: 113.68 | E16: 6.56 | F16: 2.92 | G16: 111.58 | H16: 58.24 | I16: 1.21 | J16: 0.58 | K16: 20.74 | L16: 24.3 | M16: 42.92 | N16: 4 | O16: 0 | P16: 2.18 | Q16: 36.99
A17: 06-03-2023 02:15 | B17: 54.32 | C17: 119.62 | D17: 109.58 | E17: 6.57 | F17: 3.06 | G17: 111.58 | H17: 58.24 | I17: 1.17 | J17: 0.16 | K17: 30.31 | L17: 24.16 | M17: 42.9 | N17: 4.7 | O17: 0 | P17: 2.08 | Q17: 36.65
A18: 06-03-2023 02:30 | B18: 50.53 | C18: 118.75 | D18: 106.06 | E18: 6.74 | F18: 2.86 | G18: 111.01 | H18: 58.6 | I18: 1.11 | J18: 0.06 | K18: 213.81 | L18: 23.73 | M18: 44.1 | N18: 4.6 | O18: 0 | P18: 2 | Q18: 36.33
A19: 06-03-2023 02:45 | B19: 47.45 | C19: 117.41 | D19: 102.85 | E19: 5.68 | F19: 2.49 | G19: 104.21 | H19: 62.86 | I19: 1.06 | J19: 0.16 | K19: 111.49 | L19: 23.77 | M19: 43.59 | N19: 4 | O19: 0 | P19: 1.52 | Q19: 35.5
A20: 06-03-2023 03:00 | B20: 45.69 | C20: 115.91 | D20: 100.61 | E20: 5.56 | F20: 2.74 | G20: 104.21 | H20: 62.86 | I20: 1.02 | J20: 0.15 | K20: 76.89 | L20: 23.87 | M20: 43.18 | N20: 4.3 | O20: 0 | P20: 1.55 | Q20: 34.8
... A54: 06-03-2023 11:30 | B54: 2.26 | C54: 88.66 | D54: 50.74 | E54: 6.3 | F54: 6.35 | G54: 55.45 | H54: 40.73 | I54: 0.5 | J54: 0.81 | K54: 25.35 | L54: 35.7 | M54: 19.76 | N54: 582.7 | O54: 0 | P54: 0.64 | Q54: 16.83
A55: 06-03-2023 11:45 | B55: 2.63 | C55: 90.04 | D55: 51.8 | E55: 5.81 | F55: 5.2 | G55: Maint. | H55: Maint. | I55: 0.49 | J55: 1.09 | K55: 111.41 | L55: 33.9 | M55: 22.79 | N55: 584.1 | O55: 0 | P55: 0.62 | Q55: 17.72
A56: 06-03-2023 12:00 | B56: 2.32 | C56: 89.05 | D56: 51.01 | E56: 4.26 | F56: 4.48 | G56: Maint. | H56: Maint. | I56: 0.48 | J56: 1.07 | K56: 119.63 | L56: 33.35 | M56: 22.8 | N56: 576.5 | O56: 0 | P56: 0.65 | Q56: 19.3
A57: 06-03-2023 12:15 | B57: 1.54 | C57: 85.32 | D57: 48.32 | E57: 5.74 | F57: 4.8 | G57: Maint. | H57: Maint. | I57: 0.49 | J57: 0.95 | K57: 50.09 | L57: 34.08 | M57: 21.6 | N57: 555.8 | O57: 0 | P57: 0.62 | Q57: 19.67
A58: 06-03-2023 12:30 | B58: 1.91 | C58: 84.95 | D58: 48.42 | E58: 6.47 | F58: 4.47 | G58: Maint. | H58: Maint. | I58: 0.52 | J58: 0.47 | K58: 26.57 | L58: 36.56 | M58: 19.22 | N58: 536.2 | O58: 0 | P58: 0.62 | Q58: 20.19
A59: 06-03-2023 12:45 | B59: 2.08 | C59: 87.24 | D59: 49.81 | E59: 5.82 | F59: 4.43 | G59: Maint. | H59: Maint. | I59: 0.53 | J59: 0.82 | K59: 14.32 | L59: 37.5 | M59: 18.07 | N59: 522.6 | O59: 0 | P59: 0.63 | Q59: 20.74
A60: 06-03-2023 13:00 | B60: 2.55 | C60: 90.64 | D60: 52.07 | E60: 5.2 | F60: 3.7 | G60: 58.85 | H60: 25.53 | I60: 0.54 | J60: 0.25 | K60: 9.17 | L60: 37.7 | M60: 17.48 | N60: 506.3 | O60: 0 | P60: 0.63 | Q60: 21.55
A61: 06-03-2023 13:15 | B61: 3.02 | C61: 92.51 | D61: 53.48 | E61: 5.42 | F61: 3.3 | G61: 58.85 | H61: 25.53 | I61: 0.55 | J61: 0.67 | K61: 21.91 | L61: 37.32 | M61: 18.07 | N61: 496.8 | O61: 0 | P61: 0.61 | Q61: 22.65
A62: 06-03-2023 13:30 | B62: 2.97 | C62: 93.44 | D62: 53.95 | E62: 5.34 | F62: 3.5 | G62: 58.85 | H62: 25.53 | I62: 0.54 | J62: 0.48 | K62: 104.48 | L62: 36.85 | M62: 17.98 | N62: 486.8 | O62: 0 | P62: 0.64 | Q62: 23.32
A63: 06-03-2023 13:45 | B63: 3.22 | C63: 93.47 | D63: 54.17 | E63: 5.62 | F63: 3.18 | G63: 58.85 | H63: 25.53 | I63: 0.56 | J63: 0.25 | K63: 162.58 | L63: 35 | M63: 19.82 | N63: 475.9 | O63: 0 | P63: 0.63 | Q63: 23.64
A64: 06-03-2023 14:00 | B64: 3.83 | C64: 93.17 | D64: 54.49 | E64: 6.04 | F64: 6.37 | G64: 122.1 | H64: 25.22 | I64: 0.54 | J64: 0.75 | K64: 36.67 | L64: 36.3 | M64: 18.82 | N64: 427 | O64: 0 | P64: 0.74 | Q64: 23.04
A65: 06-03-2023 14:15 | B65: 0.54 | C65: 96.19 | D65: 53.51 | E65: 8.93 | F65: 9.11 | G65: 135.78 | H65: 25.16 | I65: 0.54 | J65: 0.92 | K65: 21.74 | L65: 36.75 | M65: 18.9 | N65: 444.8 | O65: 0 | P65: 0.72 | Q65: 20.32
A66: 06-03-2023 14:30 | B66: 0.9 | C66: 71.93 | D66: 40.42 | E66: 19.13 | F66: 22.91 | G66: 135.78 | H66: 25.16 | I66: 0.52 | J66: 0.97 | K66: 10.03 | L66: 36.96 | M66: 17.66 | N66: 497.9 | O66: 0 | P66: 0.7 | Q66: 16.9
A67: 06-03-2023 14:45 | B67: 0.68 | C67: 71.03 | D67: 39.74 | E67: 16.86 | F67: 15.57 | G67: 135.78 | H67: 25.16 | I67: 0.51 | J67: 0.88 | K67: 350.98 | L67: 38.08 | M67: 16.75 | N67: 505.6 | O67: 0 | P67: 0.74 | Q67: 15.19
A68: 06-03-2023 15:00 | B68: 0.52 | C68: 76.9 | D68: 42.86 | E68: 10.59 | F68: 7.39 | G68: 65.89 | H68: 22.74 | I68: 0.48 | J68: 1.35 | K68: 6.33 | L68: 38.74 | M68: 15.54 | N68: 486.2 | O68: 0 | P68: 0.73 | Q68: 15.31
A69: 06-03-2023 15:15 | B69: 1.22 | C69: 79.44 | D69: 44.82 | E69: 7.98 | F69: 5.26 | G69: 50.78 | H69: 22.22 | I69: 0.47 | J69: 1.18 | K69: 12.9 | L69: 38.4 | M69: 13.7 | N69: 427.7 | O69: 0 | P69: 0.69 | Q69: 16.08
A70: 06-03-2023 15:30 | B70: 2.15 | C70: 82.14 | D70: 47.06 | E70: 6.72 | F70: 3.82 | G70: 50.78 | H70: 22.22 | I70: 0.47 | J70: 0.89 | K70: 359.64 | L70: 38.12 | M70: 13.68 | N70: 401.8 | O70: 0 | P70: 0.72 | Q70: 18.32
A71: 06-03-2023 15:45 | B71: 2.76 | C71: 83.64 | D71: 48.38 | E71: 5.72 | F71: 3.62 | G71: 50.78 | H71: 22.22 | I71: 0.49 | J71: 0.34 | K71: 6.85 | L71: 37.23 | M71: 14.18 | N71: 330.5 | O71: 0 | P71: 0.72 | Q71: 20.17
A72: 06-03-2023 16:00 | B72: 2.67 | C72: 84.48 | D72: 48.76 | E72: 3.53 | F72: 3.82 | G72: Maint. | H72: Maint. | I72: 0.5 | J72: 0.65 | K72: 348.01 | L72: 36.24 | M72: 15.26 | N72: 132 | O72: 0 | P72: 0.69 | Q72: 20.95
A73: 06-03-2023 16:15 | B73: 2.47 | C73: 84.8 | D73: 48.78 | E73: 5.16 | F73: 3.58 | G73: Maint. | H73: Maint. | I73: 0.51 | J73: 0.45 | K73: 354.95 | L73: 36.04 | M73: 14.45 | N73: 106.2 | O73: 0 | P73: 0.6 | Q73: 21.72
A74: 06-03-2023 16:30 | B74: 2.9 | C74: 85.16 | D74: 49.32 | E74: 4.34 | F74: 3.65 | G74: Maint. | H74: Maint. | I74: 0.53 | J74: 1.15 | K74: 16.77 | L74: 35.36 | M74: 14.94 | N74: 104.7 | O74: 0 | P74: 0.67 | Q74: 22.44
A75: 06-03-2023 16:45 | B75: 4.2 | C75: 87.15 | D75: 51.46 | E75: 4.22 | F75: 3.26 | G75: Maint. | H75: Maint. | I75: 0.5 | J75: 0.58 | K75: 353.46 | L75: 34.81 | M75: 17 | N75: 76.7 | O75: 0 | P75: 0.68 | Q75: 23.43
A76: 06-03-2023 17:00 | B76: 5.55 | C76: 89.53 | D76: 53.86 | E76: 4.21 | F76: 3.61 | G76: Maint. | H76: Maint. | I76: 0.51 | J76: 0.61 | K76: 13.53 | L76: 34.08 | M76: 18.03 | N76: 66.1 | O76: 0 | P76: 0.79 | Q76: 24.06
A77: 06-03-2023 17:15 | B77: 6.61 | C77: 90.55 | D77: 55.27 | E77: 4.28 | F77: 4.27 | G77: 63.05 | H77: 20.55 | I77: 0.53 | J77: 0.74 | K77: 11.05 | L77: 33.47 | M77: 18.71 | N77: 45.8 | O77: 0 | P77: 0.9 | Q77: 24.32
A78: 06-03-2023 17:30 | B78: 14.1 | C78: 98.83 | D78: 65.85 | E78: 4.8 | F78: 4.17 | G78: 63.05 | H78: 20.55 | I78: 0.51 | J78: 0.44 | K78: 19.03 | L78: 32.88 | M78: 19.94 | N78: 32.4 | O78: 0 | P78: 1.24 | Q78: 23.8
A79: 06-03-2023 17:45 | B79: 15.61 | C79: 112.04 | D79: 74.35 | E79: 5.51 | F79: 4.36 | G79: 63.05 | H79: 20.55 | I79: 0.53 | J79: 0.34 | K79: 38.39 | L79: 32.11 | M79: 21.87 | N79: 20.2 | O79: 0 | P79: 1.4 | Q79: 20.71
A80: 06-03-2023 18:00 | B80: 14.45 | C80: 117.78 | D80: 76.59 | E80: 4.7 | F80: 3.67 | G80: 63.05 | H80: 20.55 | I80: 0.55 | J80: 0.44 | K80: 84.65 | L80: 31.49 | M80: 22.02 | N80: 10.4 | O80: 0 | P80: 1.35 | Q80: 20.18
A81: 06-03-2023 18:15 | B81: 14.87 | C81: 119.16 | D81: 77.69 | E81: 4.23 | F81: 3.32 | G81: 62.23 | H81: 21.52 | I81: 0.57 | J81: 0.36 | K81: 87.5 | L81: 31.07 | M81: 23.23 | N81: 5.5 | O81: 0 | P81: 2.07 | Q81: 20.78
A82: 06-03-2023 18:30 | B82: 16.29 | C82: 119.36 | D82: 78.93 | E82: 4.5 | F82: 3.31 | G82: 62.21 | H82: 21.55 | I82: 0.72 | J82: 0.44 | K82: 83.3 | L82: 30.47 | M82: 24.31 | N82: 4.3 | O82: 0 | P82: 1.79 | Q82: 21.83
A83: 06-03-2023 18:45 | B83: 17.44 | C83: 118.94 | D83: 79.62 | E83: 4.96 | F83: 3.65 | G83: 62.21 | H83: 21.55 | I83: 0.87 | J83: 0.34 | K83: 86.51 | L83: 30.21 | M83: 25.42 | N83: 4 | O83: 0 | P83: 2.76 | Q83: 22.69
A84: 06-03-2023 19:00 | B84: 19.58 | C84: 119.47 | D84: 81.64 | E84: 4.52 | F84: 3.38 | G84: 62.21 | H84: 21.55 | I84: 0.99 | J84: 0.26 | K84: 86.8 | L84: 29.96 | M84: 25.79 | N84: 4.2 | O84: 0 | P84: 1.84 | Q84: 22.99
A85: 06-03-2023 19:15 | B85: 21.43 | C85: 120.47 | D85: 83.67 | E85: 4.33 | F85: 3.27 | G85: 77.56 | H85: 28.51 | I85: 1.13 | J85: 0.17 | K85: 44.61 | L85: 29.19 | M85: 30.13 | N85: 4.6 | O85: 0 | P85: 2.45 | Q85: 25.75
A86: 06-03-2023 19:30 | B86: 28.62 | C86: 120.77 | D86: 89.6 | E86: 5.05 | F86: 3.03 | G86: 77.91 | H86: 28.67 | I86: 0.99 | J86: 0.14 | K86: 340.43 | L86: 28.39 | M86: 34.04 | N86: 4.4 | O86: 0 | P86: 3.19 | Q86: 27.37
A87: 06-03-2023 19:45 | B87: 39.91 | C87: 121.32 | D87: 98.95 | E87: 4.97 | F87: 2.96 | G87: 77.91 | H87: 28.67 | I87: 1.14 | J87: 0.2 | K87: 31.14 | L87: 27.75 | M87: 36.36 | N87: 4.6 | O87: 0 | P87: 3.26 | Q87: 28.57
A88: 06-03-2023 20:00 | B88: 55.78 | C88: 122.4 | D88: 112.28 | E88: 3.59 | F88: 3.08 | G88: 77.91 | H88: 28.67 | I88: 1.21 | J88: 0.04 | K88: 204.61 | L88: 27.35 | M88: 37.37 | N88: 4.3 | O88: 0 | P88: 3.52 | Q88: 29.74
... A104: 06-03-2023 24:00 | B104: 160.01 | C104: 116.64 | D104: 192.69 | E104: 2.44 | F104: 2.78 | G104: 228.95 | H104: 61.58 | I104: 1.52 | J104: 0.77 | K104: 9.79 | L104: 23.69 | M104: 53.42 | N104: 3.1 | O104: 0 | P104: 3.2 | Q104: 40
A106: Min | B106: =MIN(B9:B104) -> 0.52 | C106: =MIN(C9:C104) -> 71.03 | D106: =MIN(D9:D104) -> 39.74 | E106: =MIN(E9:E104) -> 2.44 | F106: =MIN(F9:F104) -> 2.49 | G106: =MIN(G9:G104) -> 50.78 | H106: =MIN(H9:H104) -> 20.55 | I106: =MIN(I9:I104) -> 0.47 | ... Q106: =MIN(Q9:Q104) -> 15.19
A107: Max | B107: =MAX(B9:B104) -> 160.01 | C107: =MAX(C9:C104) -> 128.95 | D107: =MAX(D9:D104) -> 192.69 | E107: =MAX(E9:E104) -> 19.13 | F107: =MAX(F9:F104) -> 22.91 | G107: =MAX(G9:G104) -> 228.95 | H107: =MAX(H9:H104) -> 72.84 | I107: =MAX(I9:I104) -> 1.68 | ... Q107: =MAX(Q9:Q104) -> 40
A108: Avg | B108: =AVERAGE(B9:B104) -> 43.473958 | C108: =AVERAGE(C9:C104) -> 107.40396 | D108: =AVERAGE(D9:D104) -> 94.136979 | E108: =AVERAGE(E9:E104) -> 6.1735417 | F108: =AVERAGE(F9:F104) -> 3.8971875 | G108: =AVERAGE(G9:G104) -> 112.81163 | H108: =AVERAGE(H9:H104) -> 47.725349 | I108: =AVERAGE(I9:I104) -> 0.85322917 | ... Q108: =AVERAGE(Q9:Q104) -> 29.849271
A109: Stdev | B109: =STDEV(B9:B104) -> 41.181543 | C109: =STDEV(C9:C104) -> 14.415029 | D109: =STDEV(D9:D104) -> 38.471248 | E109: =STDEV(E9:E104) -> 2.1965585 | F109: =STDEV(F9:F104) -> 2.6491423 | G109: =STDEV(G9:G104) -> 44.113612 | H109: =STDEV(H9:H104) -> 16.684727 | I109: =STDEV(I9:I104) -> 0.35129383 | ... Q109: =STDEV(Q9:Q104) -> 7.352541
A110: Num | B110: =COUNT(B9:B104) -> 96 | C110: =COUNT(C9:C104) -> 96 | D110: =COUNT(D9:D104) -> 96 | E110: =COUNT(E9:E104) -> 96 | F110: =COUNT(F9:F104) -> 96 | G110: =COUNT(G9:G104)+10 -> 96 | H110: =COUNT(H9:H104)+10 -> 96 | I110: =COUNT(I9:I104) -> 96 | J110: =COUNT(J9:J104) -> 96 | K110: =COUNT(K9:K104) -> 96 | L110: =COUNT(L9:L104) -> 96 | M110: =COUNT(M9:M104) -> 96 | N110: =COUNT(N9:N104) -> 96 | O110: =COUNT(O9:O104) -> 96 | P110: =COUNT(P9:P104) -> 96 | Q110: =COUNT(Q9:Q104) -> 96
A111: DCR | B111: =IF(B110>=87,">90%",IF(B110<=87,"<90%")) -> >90% | C111: =IF(C110>=87,">90%",IF(C110<=87,"<90%")) -> >90% | D111: =IF(D110>=87,">90%",IF(D110<=87,"<90%")) -> >90% | E111: =IF(E110>=87,">90%",IF(E110<=87,"<90%")) -> >90% | F111: =IF(F110>=87,">90%",IF(F110<=87,"<90%")) -> >90% | G111: =IF(G110>=87,">90%",IF(G110<=87,"<90%")) -> >90% | H111: =IF(H110>=87,">90%",IF(H110<=87,"<90%")) -> >90% | I111: =IF(I110>=87,">90%",IF(I110<=87,"<90%")) -> >90% | ... Q111: =IF(Q110>=87,">90%",IF(Q110<=87,"<90%")) -> >90%
A112: Status | B112: =IF(B110>=87,"OK",IF(B110<=87,"LESS")) -> OK | C112: =IF(C110>=87,"OK",IF(C110<=87,"LESS")) -> OK | D112: =IF(D110>=87,"OK",IF(D110<=87,"LESS")) -> OK | E112: =IF(E110>=87,"OK",IF(E110<=87,"LESS")) -> OK | F112: =IF(F110>=87,"OK",IF(F110<=87,"LESS")) -> OK | G112: =IF(G110>=87,"OK",IF(G110<=87,"LESS")) -> OK | H112: =IF(H110>=87,"OK",IF(H110<=87,"LESS")) -> OK | I112: =IF(I110>=87,"OK",IF(I110<=87,"LESS")) -> OK | ... Q112: =IF(Q110>=87,"OK",IF(Q110<=87,"LESS")) -> OK
A115: Done by | B115: RK
A117: Comment

Sheet 07
A1: Station: | B1: BHATAGAON RAIPUR
A2: Date: | B2: =$A$9 -> 07-03-2023 00:15 | D2: Power Off | G2: Pw.Off | L2: Link Fail | N2: Link F | P2: Maintenance | R2: Maint.
A3: Report Type: | B3: Mean | D3: Calibration | G3: Calib. | L3: Data Fail | N3: Data F | P3: Invalid | R3: Invalid
A4: Time Base: | B4: 15 Min | D4: Zero Referrence | G4: Z.Ref | L4: Warm Up | N4: Wm. Up
A7: Date & Time | B7: NO_BHATAGAON | C7: NO2__BHATAGAON | D7: NOX_BHATAGAON | E7: SO2__BHATAGAON | F7: O3__BHATAGAON | G7: PM10__BHATAGAON | H7: PM2_5__BHATAGAON | I7: BENZ__BHATAGAON | J7: WS__BHATAGAON | K7: WD__BHATAGAON | L7: TEMP__BHATAGAON | M7: HUM__BHATAGAON | N7: SR__BHATAGAON | O7: RG__BHATAGAON | P7: CO__BHATAGAON | Q7: NH3__BHATAGAON
B8: ug/m3 | C8: ug/m3 | D8: ppb | E8: ug/m3 | F8: ug/m3 | G8: ug/m3 | H8: ug/m3 | I8: ug/m3 | J8: m/sec | K8: deg | L8: degreC | M8: % | N8: w/m2 | O8: mm | P8: mg/m3 | Q8: ug/m3
A9: 07-03-2023 00:15 | B9: 156.19 | C9: 117.34 | D9: 190.01 | E9: 4.71 | F9: 2.65 | G9: 197.63 | H9: 65.11 | I9: 1.54 | J9: 0.74 | K9: 17.38 | L9: 24.13 | M9: 46.6 | N9: 3 | O9: 0 | P9: 2.66 | Q9: 39.36
A10: 07-03-2023 00:30 | B10: 148.9 | C10: 115.65 | D10: 183.23 | E10: 4.91 | F10: 2.79 | G10: 196.92 | H10: 65.19 | I10: 1.52 | J10: 0.58 | K10: 28.67 | L10: 24.33 | M10: 44.84 | N10: 4.1 | O10: 0 | P10: 2.45 | Q10: 38.22
A11: 07-03-2023 00:45 | B11: 142.32 | C11: 115.22 | D11: 177.72 | E11: 4.52 | F11: 2.87 | G11: 196.92 | H11: 65.19 | I11: 1.29 | J11: 0.92 | K11: 37.2 | L11: 24.48 | M11: 43.66 | N11: 3.5 | O11: 0 | P11: 2.7 | Q11: 37.6
A12: 07-03-2023 01:00 | B12: 135.03 | C12: 113.84 | D12: 171.11 | E12: 5.07 | F12: 2.96 | G12: 196.92 | H12: 65.19 | I12: 1.13 | J12: 0.75 | K12: 22.08 | L12: 24.64 | M12: 42.21 | N12: 4 | O12: 0 | P12: 2.18 | Q12: 37.35
A13: 07-03-2023 01:15 | B13: 127.77 | C13: 112.42 | D13: 164.5 | E13: 4.9 | F13: 3.25 | G13: 72.18 | H13: 58.5 | I13: 1.17 | J13: 0.66 | K13: 24.71 | L13: 25.03 | M13: 40.57 | N13: 3.8 | O13: 0 | P13: 1.9 | Q13: 37.06
A14: 07-03-2023 01:30 | B14: 121.09 | C14: 111.15 | D14: 158.44 | E14: 5.23 | F14: 3.3 | G14: 69.35 | H14: 58.34 | I14: 1.04 | J14: 0.45 | K14: 47.24 | L14: 25.27 | M14: 39.95 | N14: 4.4 | O14: 0 | P14: 2.12 | Q14: 36.81
A15: 07-03-2023 01:45 | B15: 115 | C15: 110.33 | D15: 153.11 | E15: 4.87 | F15: 3.04 | G15: 69.35 | H15: 58.34 | I15: 0.92 | J15: 0.34 | K15: 78.24 | L15: 24.69 | M15: 42.11 | N15: 4.7 | O15: 0 | P15: 2.09 | Q15: 36.76
A16: 07-03-2023 02:00 | B16: 110.55 | C16: 109.47 | D16: 149.07 | E16: 5.02 | F16: 3.18 | G16: 69.35 | H16: 58.34 | I16: 1.02 | J16: 0.15 | K16: 55.01 | L16: 24.23 | M16: 43.7 | N16: 4.6 | O16: 0 | P16: 2.27 | Q16: 36.85
A17: 07-03-2023 02:15 | B17: 105.88 | C17: 110.49 | D17: 145.89 | E17: 5.31 | F17: 3.05 | G17: 141.62 | H17: 58.5 | I17: 1.03 | J17: 0.25 | K17: 21.67 | L17: 24.16 | M17: 44.99 | N17: 4.3 | O17: 0 | P17: 2.44 | Q17: 37.61
A18: 07-03-2023 02:30 | B18: 99.38 | C18: 110.53 | D18: 140.7 | E18: 5.78 | F18: 3.1 | G18: 143.26 | H18: 58.5 | I18: 1.07 | J18: 0.51 | K18: 23.4 | L18: 24.06 | M18: 44.77 | N18: 4.1 | O18: 0 | P18: 2.44 | Q18: 38
A19: 07-03-2023 02:45 | B19: 91.73 | C19: 110.37 | D19: 134.48 | E19: 5.42 | F19: 2.95 | G19: 143.26 | H19: 58.5 | I19: 1.19 | J19: 0.2 | K19: 61.85 | L19: 23.76 | M19: 46.45 | N19: 4.5 | O19: 0 | P19: 2.43 | Q19: 37.91
A20: 07-03-2023 03:00 | B20: 84.58 | C20: 110.94 | D20: 129.05 | E20: 5.91 | F20: 2.76 | G20: 143.26 | H20: 58.5 | I20: 1.2 | J20: 0.15 | K20: 195.31 | L20: 24.02 | M20: 45.13 | N20: 3.9 | O20: 0 | P20: 2.39 | Q20: 37.64
... A33: 07-03-2023 06:15 | B33: 54.75 | C33: 104.04 | D33: 101.32 | E33: 5.55 | F33: 3.1 | G33: 55.63 | H33: 52.97 | I33: 0.81 | J33: 0.61 | K33: 358.82 | L33: 21.58 | M33: 51.87 | N33: 5 | O33: 0 | P33: 1.83 | Q33: 36.09
A34: 07-03-2023 06:30 | B34: 54.75 | C34: 104.06 | D34: 101.33 | E34: 7.06 | F34: 3.12 | G34: Invalid | H34: Invalid | I34: 0.82 | J34: 0.51 | K34: 7.79 | L34: 21.44 | M34: 51.83 | N34: 11.6 | O34: 0 | P34: 1.82 | Q34: 35.99
A35: 07-03-2023 06:45 | B35: 56.53 | C35: 104.54 | D35: 103.03 | E35: 7.55 | F35: 3.14 | G35: Invalid | H35: Invalid | I35: 0.8 | J35: 0.8 | K35: 0.34 | L35: 21.62 | M35: 50.47 | N35: 23.4 | O35: 0 | P35: 1.82 | Q35: 35.96
A36: 07-03-2023 07:00 | B36: 58.89 | C36: 106.12 | D36: 105.79 | E36: 7.7 | F36: 2.83 | G36: Invalid | H36: Invalid | I36: 0.78 | J36: 0.75 | K36: 19.69 | L36: 22.32 | M36: 46.93 | N36: 48.9 | O36: 0 | P36: 1.82 | Q36: 35.74
A37: 07-03-2023 07:15 | B37: 61.58 | C37: 107.1 | D37: 108.49 | E37: 7.29 | F37: 2.86 | G37: Invalid | H37: Invalid | I37: 0.77 | J37: 0.55 | K37: 23.19 | L37: 23.49 | M37: 41.65 | N37: 80.2 | O37: 0 | P37: 1.84 | Q37: 35.44
A38: 07-03-2023 07:30 | B38: 63.78 | C38: 106.34 | D38: 109.83 | E38: 6.61 | F38: 2.89 | G38: Invalid | H38: Invalid | I38: 0.75 | J38: 0.77 | K38: 21.46 | L38: 24.96 | M38: 37.22 | N38: 113.2 | O38: 0 | P38: 1.89 | Q38: 35.02
A39: 07-03-2023 07:45 | B39: 65.14 | C39: 105.93 | D39: 110.7 | E39: 5.94 | F39: 3.14 | G39: Invalid | H39: Invalid | I39: 0.72 | J39: 1.08 | K39: 18.99 | L39: 26.02 | M39: 32.89 | N39: 145.1 | O39: 0 | P39: 1.87 | Q39: 34.34
A40: 07-03-2023 08:00 | B40: 64.93 | C40: 105.95 | D40: 110.54 | E40: 2.81 | F40: 3.55 | G40: Invalid | H40: Invalid | I40: 0.71 | J40: 1.04 | K40: 19.51 | L40: 27.2 | M40: 31.61 | N40: 170.9 | O40: 0 | P40: 1.84 | Q40: 33.7
A41: 07-03-2023 08:15 | B41: 64.58 | C41: 106.17 | D41: 110.38 | E41: 6.55 | F41: 3.41 | G41: Invalid | H41: Invalid | I41: 0.71 | J41: 1.01 | K41: 17.52 | L41: 27.84 | M41: 29.8 | N41: 210.4 | O41: 0 | P41: 1.93 | Q41: 33.32
A42: 07-03-2023 08:30 | B42: 64.28 | C42: 105.86 | D42: 109.97 | E42: 7.07 | F42: 3.35 | G42: Invalid | H42: Invalid | I42: 0.67 | J42: 0.77 | K42: 25.03 | L42: 28.11 | M42: 28.51 | N42: 241.3 | O42: 0 | P42: 1.97 | Q42: 33.17
A43: 07-03-2023 08:45 | B43: 62.39 | C43: 105.72 | D43: 108.37 | E43: 6.94 | F43: 3.36 | G43: Invalid | H43: Invalid | I43: 0.66 | J43: 0.91 | K43: 29.46 | L43: 28.59 | M43: 27.22 | N43: 290.5 | O43: 0 | P43: 1.83 | Q43: 33.06
A44: 07-03-2023 09:00 | B44: 59.12 | C44: 105.6 | D44: 105.69 | E44: 6.14 | F44: 3.36 | G44: Invalid | H44: Invalid | I44: 0.68 | J44: 0.92 | K44: 22.67 | L44: 29.54 | M44: 26.77 | N44: 312.4 | O44: 0 | P44: 1.71 | Q44: 32.62
A45: 07-03-2023 09:15 | B45: 55.98 | C45: 106.59 | D45: 103.72 | E45: 6.3 | F45: 3.17 | G45: Invalid | H45: Invalid | I45: 0.67 | J45: 0.78 | K45: 34.84 | L45: 30.91 | M45: 25.37 | N45: 306.3 | O45: 0 | P45: 1.79 | Q45: 32.32
... A49: 07-03-2023 10:15 | B49: 32.71 | C49: 112.06 | D49: 88.08 | E49: 6.02 | F49: 3.04 | G49: Invalid | H49: Invalid | I49: 0.68 | J49: 1.17 | K49: 23.42 | L49: 32.05 | M49: 26.09 | N49: 452.8 | O49: 0 | P49: 1.5 | Q49: 31.52
A50: 07-03-2023 10:30 | B50: 26.31 | C50: 113.25 | D50: 83.6 | E50: 6.01 | F50: 3.03 | G50: 297.69 | H50: 49.65 | I50: 0.65 | J50: 1.65 | K50: 22.97 | L50: 32.57 | M50: 24.77 | N50: 448.9 | O50: 0 | P50: 1.41 | Q50: 31.07
A51: 07-03-2023 10:45 | B51: 20.54 | C51: 114.96 | D51: 79.91 | E51: 5.66 | F51: 3.2 | G51: 297.69 | H51: 49.65 | I51: 0.63 | J51: 1.98 | K51: 29.28 | L51: 33.1 | M51: 22.96 | N51: 516.2 | O51: 0 | P51: 1.33 | Q51: 30.43
A52: 07-03-2023 11:00 | B52: 15.16 | C52: 115.85 | D52: 76.09 | E52: 5.59 | F52: 3.18 | G52: 297.69 | H52: 49.65 | I52: 0.62 | J52: 1.66 | K52: 27.65 | L52: 34.05 | M52: 22.04 | N52: 528.9 | O52: 0 | P52: 1.25 | Q52: 29.47
A53: 07-03-2023 11:15 | B53: 11.73 | C53: 115.86 | D53: 73.35 | E53: 4.81 | F53: 2.94 | G53: 86.24 | H53: 39.45 | I53: 0.61 | J53: 1.95 | K53: 32.99 | L53: 34.65 | M53: 21.34 | N53: 529.3 | O53: 0 | P53: 1.21 | Q53: 28.08
A54: 07-03-2023 11:30 | B54: 9.37 | C54: 116.2 | D54: 71.64 | E54: 4.61 | F54: 3.09 | G54: 86.24 | H54: 39.22 | I54: 0.59 | J54: 1.88 | K54: 31.36 | L54: 34.76 | M54: 21.55 | N54: 515 | O54: 0 | P54: 1.16 | Q54: 26.93
A55: 07-03-2023 11:45 | B55: 7.53 | C55: 116.06 | D55: 70.1 | E55: 4.65 | F55: 3.27 | G55: 86.24 | H55: 39.22 | I55: 0.59 | J55: 1.31 | K55: 26.18 | L55: 35.55 | M55: 20.43 | N55: 528.1 | O55: 0 | P55: 1.13 | Q55: 26.56
A56: 07-03-2023 12:00 | B56: 6.03 | C56: 114.38 | D56: 67.96 | E56: 3.54 | F56: 3.46 | G56: 86.24 | H56: 39.22 | I56: 0.59 | J56: 1.91 | K56: 36 | L56: 35.67 | M56: 19.94 | N56: 525.2 | O56: 0 | P56: 1.06 | Q56: 26.53
A57: 07-03-2023 12:15 | B57: 4.56 | C57: 113.13 | D57: 66.09 | E57: 5.63 | F57: 3.8 | G57: 71.61 | H57: 32.53 | I57: 0.58 | J57: 1.78 | K57: 29.14 | L57: 35.54 | M57: 19.87 | N57: 474.9 | O57: 0 | P57: 1.05 | Q57: 26.3
A58: 07-03-2023 12:30 | B58: 3.49 | C58: 111.55 | D58: 64.36 | E58: 5.67 | F58: 4.06 | G58: 71.28 | H58: 32.38 | I58: 0.56 | J58: 0.91 | K58: 29.42 | L58: 36.04 | M58: 19.39 | N58: 471.8 | O58: 0 | P58: 1.03 | Q58: 26.33
A59: 07-03-2023 12:45 | B59: 2.98 | C59: 110.66 | D59: 63.46 | E59: 5.77 | F59: 3.88 | G59: 71.28 | H59: 32.38 | I59: 0.56 | J59: 1.37 | K59: 23.76 | L59: 36.6 | M59: 18.97 | N59: 475.2 | O59: 0 | P59: 1.04 | Q59: 26.43
A60: 07-03-2023 13:00 | B60: 2.8 | C60: 110.73 | D60: 63.35 | E60: 6.26 | F60: 3.97 | G60: 71.28 | H60: 32.38 | I60: 0.58 | J60: 1.34 | K60: 33.68 | L60: 36.79 | M60: 18.81 | N60: 461.4 | O60: 0 | P60: 1.03 | Q60: 27.86
A61: 07-03-2023 13:15 | B61: 2.52 | C61: 110.44 | D61: 62.97 | E61: 5.75 | F61: 4.14 | G61: Invalid | H61: Invalid | I61: 0.58 | J61: 1.14 | K61: 17.36 | L61: 36.76 | M61: 19.07 | N61: 467.3 | O61: 0 | P61: 0.97 | Q61: 28.63
A62: 07-03-2023 13:30 | B62: 1.91 | C62: 108.24 | D62: 61.26 | E62: 5.58 | F62: 4.35 | G62: Invalid | H62: Invalid | I62: 0.6 | J62: 1.31 | K62: 20.27 | L62: 36.96 | M62: 18.53 | N62: 473.4 | O62: 0 | P62: 0.98 | Q62: 28.71
A63: 07-03-2023 13:45 | B63: 1.54 | C63: 106.21 | D63: 59.85 | E63: 6.9 | F63: 4.52 | G63: Invalid | H63: Invalid | I63: 0.59 | J63: 1.41 | K63: 27.49 | L63: 36.67 | M63: 18.97 | N63: 469.5 | O63: 0 | P63: 0.95 | Q63: 28.63
A64: 07-03-2023 14:00 | B64: 1.22 | C64: 103.43 | D64: 58.06 | E64: 6.26 | F64: 4.54 | G64: Invalid | H64: Invalid | I64: 0.57 | J64: 1.45 | K64: 22.81 | L64: 36.05 | M64: 20.37 | N64: 468.3 | O64: 0 | P64: 0.91 | Q64: 28.38
A65: 07-03-2023 14:15 | B65: 1.14 | C65: 102.15 | D65: 57.29 | E65: 5.99 | F65: 4.5 | G65: 158.78 | H65: 27.28 | I65: 0.56 | J65: 1.42 | K65: 32.65 | L65: 36.39 | M65: 19.88 | N65: 468.5 | O65: 0 | P65: 0.89 | Q65: 27.81
A66: 07-03-2023 14:30 | B66: 1.23 | C66: 100.96 | D66: 56.7 | E66: 5.54 | F66: 4.74 | G66: 162.39 | H66: 27.27 | I66: 0.57 | J66: 1.13 | K66: 14.93 | L66: 36.28 | M66: 19.35 | N66: 461.1 | O66: 0 | P66: 0.88 | Q66: 27.62
A67: 07-03-2023 14:45 | B67: 1.3 | C67: 99.68 | D67: 56.05 | E67: 5.33 | F67: 4.39 | G67: 162.39 | H67: 27.27 | I67: 0.56 | J67: 1.48 | K67: 23.71 | L67: 36.2 | M67: 18.96 | N67: 445.7 | O67: 0 | P67: 0.85 | Q67: 27.36
A68: 07-03-2023 15:00 | B68: 1.46 | C68: 99.37 | D68: 56.01 | E68: 5.59 | F68: 4.48 | G68: 162.39 | H68: 27.27 | I68: 0.55 | J68: 1.25 | K68: 27.68 | L68: 36.05 | M68: 18.88 | N68: 411.3 | O68: 0 | P68: 0.79 | Q68: 26.56
A69: 07-03-2023 15:15 | B69: 1.67 | C69: 99.58 | D69: 56.3 | E69: 4.81 | F69: 4.33 | G69: 40.78 | H69: 23.62 | I69: 0.55 | J69: 1.7 | K69: 30.98 | L69: 35.7 | M69: 19.19 | N69: 373.2 | O69: 0 | P69: 0.81 | Q69: 26.25
A70: 07-03-2023 15:30 | B70: 1.68 | C70: 98.71 | D70: 55.82 | E70: 5.49 | F70: 4.39 | G70: 38.01 | H70: 23.54 | I70: 0.53 | J70: 1.5 | K70: 31.94 | L70: 35.23 | M70: 20.13 | N70: 327.1 | O70: 0 | P70: 0.81 | Q70: 26.08
A71: 07-03-2023 15:45 | B71: 1.92 | C71: 98.62 | D71: 55.97 | E71: 5.38 | F71: 4.24 | G71: 38.01 | H71: 23.54 | I71: 0.54 | J71: 1.71 | K71: 30.99 | L71: 34.65 | M71: 21.32 | N71: 279.1 | O71: 0 | P71: 0.79 | Q71: 26.23
A72: 07-03-2023 16:00 | B72: 2.04 | C72: 98.73 | D72: 56.12 | E72: 4.14 | F72: 3.93 | G72: 38.01 | H72: 23.54 | I72: 0.53 | J72: 1.51 | K72: 24.77 | L72: 33.97 | M72: 21.97 | N72: 127.1 | O72: 0 | P72: 0.81 | Q72: 26.2
A73: 07-03-2023 16:15 | B73: 1.98 | C73: 99.42 | D73: 56.45 | E73: 5.34 | F73: 3.95 | G73: Invalid | H73: Invalid | I73: 0.55 | J73: 1.48 | K73: 23.56 | L73: 33.55 | M73: 21.73 | N73: 128 | O73: 0 | P73: 0.76 | Q73: 26.26
A74: 07-03-2023 16:30 | B74: 1.92 | C74: 99.37 | D74: 56.38 | E74: 5.86 | F74: 4.36 | G74: Invalid | H74: Invalid | I74: 0.55 | J74: 1.45 | K74: 17.63 | L74: 32.84 | M74: 22.48 | N74: 105.9 | O74: 0 | P74: 0.79 | Q74: 27.32
A75: 07-03-2023 16:45 | B75: 1.54 | C75: 97.94 | D75: 55.28 | E75: 6.18 | F75: 4.74 | G75: Invalid | H75: Invalid | I75: 0.57 | J75: 1.34 | K75: 8.44 | L75: 32.18 | M75: 23.13 | N75: 77.1 | O75: 0 | P75: 0.78 | Q75: 28.38
A76: 07-03-2023 17:00 | B76: 1.12 | C76: 96.08 | D76: 53.93 | E76: 5.47 | F76: 4.71 | G76: Invalid | H76: Invalid | I76: 0.56 | J76: 1.2 | K76: 22.4 | L76: 31.64 | M76: 23.73 | N76: 59.6 | O76: 0 | P76: 0.76 | Q76: 28.63
A77: 07-03-2023 17:15 | B77: 1.12 | C77: 95.76 | D77: 53.75 | E77: 5.89 | F77: 4.71 | G77: Invalid | H77: Invalid | I77: 0.55 | J77: 1.2 | K77: 20.39 | L77: 31.1 | M77: 24.54 | N77: 42.5 | O77: 0 | P77: 0.76 | Q77: 28.15
A78: 07-03-2023 17:30 | B78: 1.34 | C78: 96.31 | D78: 54.23 | E78: 5.52 | F78: 4.45 | G78: Invalid | H78: Invalid | I78: 0.55 | J78: 1.12 | K78: 15.3 | L78: 30.68 | M78: 25.79 | N78: 34.3 | O78: 0 | P78: 0.77 | Q78: 28.36
A79: 07-03-2023 17:45 | B79: 1.54 | C79: 97.59 | D79: 55.1 | E79: 5.24 | F79: 4.11 | G79: Invalid | H79: Invalid | I79: 0.55 | J79: 0.89 | K79: 10.03 | L79: 30.3 | M79: 26.51 | N79: 18.6 | O79: 0 | P79: 0.78 | Q79: 28.44
A80: 07-03-2023 18:00 | B80: 1.47 | C80: 98.57 | D80: 55.58 | E80: 5.03 | F80: 4.1 | G80: Invalid | H80: Invalid | I80: 0.57 | J80: 0.69 | K80: 10.89 | L80: 29.73 | M80: 27.83 | N80: 9.1 | O80: 0 | P80: 0.79 | Q80: 28.2
A81: 07-03-2023 18:15 | B81: 1.59 | C81: 99.32 | D81: 56.08 | E81: 5.11 | F81: 4.41 | G81: Invalid | H81: Invalid | I81: 0.57 | J81: 1.01 | K81: 17.97 | L81: 29.37 | M81: 28.28 | N81: 5.1 | O81: 0 | P81: 0.91 | Q81: 27.63
A82: 07-03-2023 18:30 | B82: 2.09 | C82: 100.34 | D82: 57.05 | E82: 4.63 | F82: 4.08 | G82: Invalid | H82: Invalid | I82: 0.58 | J82: 0.8 | K82: 36.39 | L82: 29.01 | M82: 29.11 | N82: 4.7 | O82: 0 | P82: 0.86 | Q82: 27.15
A83: 07-03-2023 18:45 | B83: 2.78 | C83: 102.11 | D83: 58.58 | E83: 4.59 | F83: 3.88 | G83: Invalid | H83: Invalid | I83: 0.58 | J83: 0.56 | K83: 16.32 | L83: 28.42 | M83: 31.02 | N83: 4.2 | O83: 0 | P83: 1 | Q83: 27.28
A84: 07-03-2023 19:00 | B84: 3.45 | C84: 103.03 | D84: 59.63 | E84: 4.95 | F84: 3.25 | G84: Invalid | H84: Invalid | I84: 0.56 | J84: 0.55 | K84: 19.74 | L84: 28.37 | M84: 30.93 | N84: 4.1 | O84: 0 | P84: 0.85 | Q84: 27.74
... A96: 07-03-2023 22:00 | B96: 4.17 | C96: 105.22 | D96: 61.41 | E96: 4.22 | F96: 3.07 | G96: Invalid | H96: Invalid | I96: 0.55 | J96: 1.43 | K96: 2.66 | L96: 25.09 | M96: 41.88 | N96: 4.3 | O96: 0 | P96: 0.92 | Q96: 26.97
A97: 07-03-2023 22:15 | B97: 4.54 | C97: 106.41 | D97: 62.36 | E97: 4.59 | F97: 3.13 | G97: 37.35 | H97: 24.66 | I97: 0.55 | J97: 1.35 | K97: 21.23 | L97: 24.88 | M97: 42.02 | N97: 4.3 | O97: 0 | P97: 0.94 | Q97: 26.39
A98: 07-03-2023 22:30 | B98: 4.64 | C98: 106.26 | D98: 62.36 | E98: 4.74 | F98: 2.98 | G98: 37.35 | H98: 24.75 | I98: 0.58 | J98: 1.44 | K98: 29.64 | L98: 24.67 | M98: 42.33 | N98: 4.2 | O98: 0 | P98: 0.96 | Q98: 26.34
A99: 07-03-2023 22:45 | B99: 4.62 | C99: 105.53 | D99: 61.95 | E99: 4.36 | F99: 3.12 | G99: 37.35 | H99: 24.75 | I99: 0.56 | J99: 1.42 | K99: 25.15 | L99: 24.56 | M99: 42.46 | N99: 4.1 | O99: 0 | P99: 0.97 | Q99: 26.72
A100: 07-03-2023 23:00 | B100: 4.58 | C100: 104.8 | D100: 61.51 | E100: 4.76 | F100: 3.22 | G100: 37.35 | H100: 24.75 | I100: 0.55 | J100: 1.1 | K100: 33.27 | L100: 24.37 | M100: 43 | N100: 4.4 | O100: 0 | P100: 0.99 | Q100: 26.95
A101: 07-03-2023 23:15 | B101: 4.87 | C101: 104.43 | D101: 61.54 | E101: 4.75 | F101: 3.25 | G101: 52.41 | H101: 24.48 | I101: 0.56 | J101: 1.09 | K101: 36.12 | L101: 24.35 | M101: 43.11 | N101: 4.2 | O101: 0 | P101: 1.02 | Q101: 27.19
A102: 07-03-2023 23:30 | B102: 5.26 | C102: 103.86 | D102: 61.54 | E102: 4.76 | F102: 3.32 | G102: 52.75 | H102: 24.47 | I102: 0.55 | J102: 0.91 | K102: 29.65 | L102: 24.14 | M102: 43.45 | N102: 4.2 | O102: 0 | P102: 1.04 | Q102: 27.63
A103: 07-03-2023 23:45 | B103: 5.42 | C103: 104.36 | D103: 61.94 | E103: 4.88 | F103: 3.07 | G103: 52.75 | H103: 24.47 | I103: 0.55 | J103: 0.74 | K103: 22.4 | L103: 23.86 | M103: 43.86 | N103: 4.2 | O103: 0 | P103: 1.05 | Q103: 28.78
A104: 07-03-2023 24:00 | B104: 5.3 | C104: 104.4 | D104: 61.86 | E104: 3.29 | F104: 3.18 | G104: 52.75 | H104: 24.47 | I104: 0.56 | J104: 0.63 | K104: 38.06 | L104: 23.94 | M104: 43.06 | N104: 4.2 | O104: 0 | P104: 1.08 | Q104: 29.46
A106: Min | B106: =MIN(B9:B104) -> 1.12 | C106: =MIN(C9:C104) -> 95.76 | D106: =MIN(D9:D104) -> 53.75 | E106: =MIN(E9:E104) -> 2.81 | F106: =MIN(F9:F104) -> 2.65 | G106: =MIN(G9:G104) -> 37.35 | H106: =MIN(H9:H104) -> 23.54 | I106: =MIN(I9:I104) -> 0.53 | ... Q106: =MIN(Q9:Q104) -> 26.08
A107: Max | B107: =MAX(B9:B104) -> 156.19 | C107: =MAX(C9:C104) -> 117.34 | D107: =MAX(D9:D104) -> 190.01 | E107: =MAX(E9:E104) -> 7.7 | F107: =MAX(F9:F104) -> 4.74 | G107: =MAX(G9:G104) -> 297.69 | H107: =MAX(H9:H104) -> 65.19 | I107: =MAX(I9:I104) -> 1.54 | ... Q107: =MAX(Q9:Q104) -> 39.36
A108: Avg | B108: =AVERAGE(B9:B104) -> 35.258229 | C108: =AVERAGE(C9:C104) -> 105.9626 | D108: =AVERAGE(D9:D104) -> 86.7525 | E108: =AVERAGE(E9:E104) -> 5.3575 | F108: =AVERAGE(F9:F104) -> 3.4605208 | G108: =AVERAGE(G9:G104) -> 114.01712 | H108: =AVERAGE(H9:H104) -> 43.495 | I108: =AVERAGE(I9:I104) -> 0.71270833 | ... Q108: =AVERAGE(Q9:Q104) -> 31.062917
A109: Stdev | B109: =STDEV(B9:B104) -> 41.663489 | C109: =STDEV(C9:C104) -> 5.3276493 | D109: =STDEV(D9:D104) -> 35.09109 | E109: =STDEV(E9:E104) -> 0.88846171 | F109: =STDEV(F9:F104) -> 0.57342438 | G109: =STDEV(G9:G104) -> 70.843656 | H109: =STDEV(H9:H104) -> 14.913887 | I109: =STDEV(I9:I104) -> 0.2236373 | ... Q109: =STDEV(Q9:Q104) -> 4.138361
A110: Num | B110: =COUNT(B9:B104) -> 96 | C110: =COUNT(C9:C104) -> 96 | D110: =COUNT(D9:D104) -> 96 | E110: =COUNT(E9:E104) -> 96 | F110: =COUNT(F9:F104) -> 96 | G110: =COUNT(G9:G104) -> 52 | H110: =COUNT(H9:H104) -> 52 | I110: =COUNT(I9:I104) -> 96 | ... Q110: =COUNT(Q9:Q104) -> 96
A111: DCR | B111: =IF(B110>=87,">90%",IF(B110<=87,"<90%")) -> >90% | C111: =IF(C110>=87,">90%",IF(C110<=87,"<90%")) -> >90% | D111: =IF(D110>=87,">90%",IF(D110<=87,"<90%")) -> >90% | E111: =IF(E110>=87,">90%",IF(E110<=87,"<90%")) -> >90% | F111: =IF(F110>=87,">90%",IF(F110<=87,"<90%")) -> >90% | G111: =IF(G110>=87,">90%",IF(G110<=87,"<90%")) -> <90% | H111: =IF(H110>=87,">90%",IF(H110<=87,"<90%")) -> <90% | I111: =IF(I110>=87,">90%",IF(I110<=87,"<90%")) -> >90% | ... Q111: =IF(Q110>=87,">90%",IF(Q110<=87,"<90%")) -> >90%
A112: Status | B112: =IF(B110>=87,"OK",IF(B110<=87,"LESS")) -> OK | C112: =IF(C110>=87,"OK",IF(C110<=87,"LESS")) -> OK | D112: =IF(D110>=87,"OK",IF(D110<=87,"LESS")) -> OK | E112: =IF(E110>=87,"OK",IF(E110<=87,"LESS")) -> OK | F112: =IF(F110>=87,"OK",IF(F110<=87,"LESS")) -> OK | G112: =IF(G110>=87,"OK",IF(G110<=87,"LESS")) -> LESS | H112: =IF(H110>=87,"OK",IF(H110<=87,"LESS")) -> LESS | I112: =IF(I110>=87,"OK",IF(I110<=87,"LESS")) -> OK | ... Q112: =IF(Q110>=87,"OK",IF(Q110<=87,"LESS")) -> OK
A115: Done by | B115: RK
A117: Comment | B117: THROWING GULAL(COLOR) GOT THE READING VERY HIGH

Sheet 08
A1: Station: | B1: BHATAGAON RAIPUR
A2: Date: | B2: =$A$9 -> 08-03-2023 00:15 | D2: Power Off | G2: Pw.Off | L2: Link Fail | N2: Link F | P2: Maintenance | R2: Maint.
A3: Report Type: | B3: Mean | D3: Calibration | G3: Calib. | L3: Data Fail | N3: Data F | P3: Invalid | R3: Invalid
A4: Time Base: | B4: 15 Min | D4: Zero Referrence | G4: Z.Ref | L4: Warm Up | N4: Wm. Up
A7: Date & Time | B7: NO_BHATAGAON | C7: NO2__BHATAGAON | D7: NOX_BHATAGAON | E7: SO2__BHATAGAON | F7: O3__BHATAGAON | G7: PM10__BHATAGAON | H7: PM2_5__BHATAGAON | I7: BENZ__BHATAGAON | J7: WS__BHATAGAON | K7: WD__BHATAGAON | L7: TEMP__BHATAGAON | M7: HUM__BHATAGAON | N7: SR__BHATAGAON | O7: RG__BHATAGAON | P7: CO__BHATAGAON | Q7: NH3__BHATAGAON
B8: ug/m3 | C8: ug/m3 | D8: ppb | E8: ug/m3 | F8: ug/m3 | G8: ug/m3 | H8: ug/m3 | I8: ug/m3 | J8: m/sec | K8: deg | L8: degreC | M8: % | N8: w/m2 | O8: mm | P8: mg/m3 | Q8: ug/m3
A9: 08-03-2023 00:15 | B9: 5.18 | C9: 104.84 | D9: 62.02 | E9: 4.43 | F9: 3.21 | G9: 55.77 | H9: 26.81 | I9: 0.56 | J9: 0.71 | K9: 31.4 | L9: 24.55 | M9: 39.85 | N9: 4 | O9: 0 | P9: 1.1 | Q9: 29.59
A10: 08-03-2023 00:30 | B10: 4.65 | C10: 103.73 | D10: 60.98 | E10: 4.26 | F10: 3.38 | G10: 55.84 | H10: 26.86 | I10: 0.56 | J10: 0.71 | K10: 32.75 | L10: 24.58 | M10: 42.29 | N10: 4.7 | O10: 0 | P10: 1.1 | Q10: 29.83
A11: 08-03-2023 00:45 | B11: 4.13 | C11: 103.43 | D11: 60.4 | E11: 4.99 | F11: 3.22 | G11: 55.84 | H11: 26.86 | I11: 0.56 | J11: 0.43 | K11: 56.14 | L11: 24.25 | M11: 42.58 | N11: 4.7 | O11: 0 | P11: 1.11 | Q11: 29.9
A12: 08-03-2023 01:00 | B12: 4.29 | C12: 104.23 | D12: 60.96 | E12: 6.12 | F12: 2.29 | G12: 55.84 | H12: 26.86 | I12: 0.56 | J12: 0.66 | K12: 35.08 | L12: 24.14 | M12: 43.01 | N12: 4.6 | O12: 0 | P12: 1.14 | Q12: 30.06
A13: 08-03-2023 01:15 | B13: 4.36 | C13: 104.54 | D13: 61.19 | E13: 5.71 | F13: 3.05 | G13: 61.93 | H13: 25.72 | I13: 0.56 | J13: 0.85 | K13: 11.69 | L13: 24.2 | M13: 43.26 | N13: 4.6 | O13: 0 | P13: 1.09 | Q13: 29.9
A14: 08-03-2023 01:30 | B14: 4.41 | C14: 102.83 | D14: 60.29 | E14: 5.63 | F14: 3.06 | G14: 62.07 | H14: 25.7 | I14: 0.56 | J14: 1.21 | K14: 358.98 | L14: 24.07 | M14: 43.67 | N14: 4.7 | O14: 0 | P14: 1.14 | Q14: 29.17
A15: 08-03-2023 01:45 | B15: 4.49 | C15: 101.81 | D15: 59.78 | E15: 5.18 | F15: 2.84 | G15: 62.07 | H15: 25.7 | I15: 0.55 | J15: 0.8 | K15: 41.36 | L15: 24.03 | M15: 42.73 | N15: 4.7 | O15: 0 | P15: 1.09 | Q15: 28.3
A16: 08-03-2023 02:00 | B16: 4.51 | C16: 100.75 | D16: 59.22 | E16: 4.68 | F16: 2.88 | G16: 62.07 | H16: 25.7 | I16: 0.54 | J16: 0.56 | K16: 60.75 | L16: 24.17 | M16: 46.26 | N16: 6.6 | O16: 0.6 | P16: 1.1 | Q16: 28.19
A17: 08-03-2023 02:15 | B17: 4.74 | C17: 100.15 | D17: 59.07 | E17: 4.24 | F17: 3.11 | G17: 48.99 | H17: 26.61 | I17: 0.54 | J17: 0.28 | K17: 70.9 | L17: 21.66 | M17: 70.06 | N17: 8.5 | O17: 2 | P17: 1.06 | Q17: 28.27
A18: 08-03-2023 02:30 | B18: 5.1 | C18: 98.08 | D18: 58.21 | E18: 3.98 | F18: 3.07 | G18: 48.69 | H18: 26.63 | I18: 0.53 | J18: 0.83 | K18: 26.02 | L18: 20.4 | M18: 74.25 | N18: 6.7 | O18: 0.4 | P18: 1.01 | Q18: 28.5
A19: 08-03-2023 02:45 | B19: 5.57 | C19: 96.03 | D19: 57.46 | E19: 4.49 | F19: 2.92 | G19: 48.69 | H19: 26.63 | I19: 0.54 | J19: 1.68 | K19: 29.25 | L19: 20.63 | M19: 71.91 | N19: 6.8 | O19: 0 | P19: 1.04 | Q19: 28.57
A20: 08-03-2023 03:00 | B20: 5.64 | C20: 94.01 | D20: 56.41 | E20: 4.28 | F20: 2.97 | G20: 48.69 | H20: 26.63 | I20: 0.54 | J20: 1.57 | K20: 39.01 | L20: 20.88 | M20: 69.13 | N20: 7.6 | O20: 0 | P20: 1.01 | Q20: 28.42
... A104: 08-03-2023 24:00 | B104: 15.73 | C104: 100.83 | D104: 68.26 | E104: 1.9 | F104: 3.08 | G104: 51.38 | H104: 24.06 | I104: 0.61 | J104: 0.09 | K104: 24.74 | L104: 22.68 | M104: 60.06 | N104: 4.8 | O104: 0 | P104: 1.15 | Q104: 34.68
A106: Min | B106: =MIN(B9:B104) -> 0.78 | C106: =MIN(C9:C104) -> 89.46 | D106: =MIN(D9:D104) -> 50.28 | E106: =MIN(E9:E104) -> 1.43 | F106: =MIN(F9:F104) -> 2.22 | G106: =MIN(G9:G104) -> 12.55 | H106: =MIN(H9:H104) -> 17.5 | I106: =MIN(I9:I104) -> 0.47 | ... Q106: =MIN(Q9:Q104) -> 28.19
A107: Max | B107: =MAX(B9:B104) -> 15.9 | C107: =MAX(C9:C104) -> 105.51 | D107: =MAX(D9:D104) -> 68.26 | E107: =MAX(E9:E104) -> 6.12 | F107: =MAX(F9:F104) -> 4.68 | G107: =MAX(G9:G104) -> 109.94 | H107: =MAX(H9:H104) -> 33.79 | I107: =MAX(I9:I104) -> 0.93 | ... Q107: =MAX(Q9:Q104) -> 36.53
A108: Avg | B108: =AVERAGE(B9:B104) -> 6.733125 | C108: =AVERAGE(C9:C104) -> 96.578542 | D108: =AVERAGE(D9:D104) -> 58.699271 | E108: =AVERAGE(E9:E104) -> 3.8479167 | F108: =AVERAGE(F9:F104) -> 3.3419792 | G108: =AVERAGE(G9:G104) -> 50.767917 | H108: =AVERAGE(H9:H104) -> 25.774167 | I108: =AVERAGE(I9:I104) -> 0.58427083 | ... Q108: =AVERAGE(Q9:Q104) -> 31.999792
A109: Stdev | B109: =STDEV(B9:B104) -> 4.9731666 | C109: =STDEV(C9:C104) -> 4.7505025 | D109: =STDEV(D9:D104) -> 4.925145 | E109: =STDEV(E9:E104) -> 0.77495659 | F109: =STDEV(F9:F104) -> 0.59593645 | G109: =STDEV(G9:G104) -> 19.081321 | H109: =STDEV(H9:H104) -> 4.1352204 | I109: =STDEV(I9:I104) -> 0.073566938 | ... Q109: =STDEV(Q9:Q104) -> 2.0375827
A110: Num | B110: =COUNT(B9:B104) -> 96 | C110: =COUNT(C9:C104) -> 96 | D110: =COUNT(D9:D104) -> 96 | E110: =COUNT(E9:E104) -> 96 | F110: =COUNT(F9:F104) -> 96 | G110: =COUNT(G9:G104) -> 96 | H110: =COUNT(H9:H104) -> 96 | I110: =COUNT(I9:I104) -> 96 | ... Q110: =COUNT(Q9:Q104) -> 96
A111: DCR | B111: =IF(B110>=87,">90%",IF(B110<=87,"<90%")) -> >90% | C111: =IF(C110>=87,">90%",IF(C110<=87,"<90%")) -> >90% | D111: =IF(D110>=87,">90%",IF(D110<=87,"<90%")) -> >90% | E111: =IF(E110>=87,">90%",IF(E110<=87,"<90%")) -> >90% | F111: =IF(F110>=87,">90%",IF(F110<=87,"<90%")) -> >90% | G111: =IF(G110>=87,">90%",IF(G110<=87,"<90%")) -> >90% | H111: =IF(H110>=87,">90%",IF(H110<=87,"<90%")) -> >90% | I111: =IF(I110>=87,">90%",IF(I110<=87,"<90%")) -> >90% | ... Q111: =IF(Q110>=87,">90%",IF(Q110<=87,"<90%")) -> >90%
A112: Status | B112: =IF(B110>=87,"OK",IF(B110<=87,"LESS")) -> OK | C112: =IF(C110>=87,"OK",IF(C110<=87,"LESS")) -> OK | D112: =IF(D110>=87,"OK",IF(D110<=87,"LESS")) -> OK | E112: =IF(E110>=87,"OK",IF(E110<=87,"LESS")) -> OK | F112: =IF(F110>=87,"OK",IF(F110<=87,"LESS")) -> OK | G112: =IF(G110>=87,"OK",IF(G110<=87,"LESS")) -> OK | H112: =IF(H110>=87,"OK",IF(H110<=87,"LESS")) -> OK | I112: =IF(I110>=87,"OK",IF(I110<=87,"LESS")) -> OK | ... Q112: =IF(Q110>=87,"OK",IF(Q110<=87,"LESS")) -> OK
A115: Done by | B115: RK
A117: Comment

Sheet 09
A1: Station: | B1: BHATAGAON RAIPUR
A2: Date: | B2: =$A$9 -> 09-03-2023 00:15 | D2: Power Off | G2: Pw.Off | L2: Link Fail | N2: Link F | P2: Maintenance | R2: Maint.
A3: Report Type: | B3: Mean | D3: Calibration | G3: Calib. | L3: Data Fail | N3: Data F | P3: Invalid | R3: Invalid
A4: Time Base: | B4: 15 Min | D4: Zero Referrence | G4: Z.Ref | L4: Warm Up | N4: Wm. Up
A7: Date & Time | B7: NO_BHATAGAON | C7: NO2__BHATAGAON | D7: NOX_BHATAGAON | E7: SO2__BHATAGAON | F7: O3__BHATAGAON | G7: PM10__BHATAGAON | H7: PM2_5__BHATAGAON | I7: BENZ__BHATAGAON | J7: WS__BHATAGAON | K7: WD__BHATAGAON | L7: TEMP__BHATAGAON | M7: HUM__BHATAGAON | N7: SR__BHATAGAON | O7: RG__BHATAGAON | P7: CO__BHATAGAON | Q7: NH3__BHATAGAON
B8: ug/m3 | C8: ug/m3 | D8: ppb | E8: ug/m3 | F8: ug/m3 | G8: ug/m3 | H8: ug/m3 | I8: ug/m3 | J8: m/sec | K8: deg | L8: degreC | M8: % | N8: w/m2 | O8: mm | P8: mg/m3 | Q8: ug/m3
A9: 09-03-2023 00:15 | B9: 16.26 | C9: 100.84 | D9: 68.69 | E9: 3.16 | F9: 3.21 | G9: 46.81 | H9: 24.46 | I9: 0.63 | J9: 0.07 | K9: 240.12 | L9: 23.12 | M9: 57.81 | N9: 4.5 | O9: 0 | P9: 1.13 | Q9: 34.97
A10: 09-03-2023 00:30 | B10: 16.67 | C10: 99.94 | D10: 68.52 | E10: 3.29 | F10: 3.3 | G10: 46.7 | H10: 24.47 | I10: 0.62 | J10: 0.09 | K10: 327.07 | L10: 23.4 | M10: 57.49 | N10: 4.6 | O10: 0 | P10: 1.06 | Q10: 35.39
A11: 09-03-2023 00:45 | B11: 16.7 | C11: 100.39 | D11: 68.79 | E11: 3.6 | F11: 2.96 | G11: 46.7 | H11: 24.47 | I11: 0.62 | J11: 0.03 | K11: 355.09 | L11: 23.71 | M11: 56.47 | N11: 4.8 | O11: 0 | P11: 1.19 | Q11: 36.12
A12: 09-03-2023 01:00 | B12: 16.08 | C12: 100.34 | D12: 68.27 | E12: 3.79 | F12: 3.42 | G12: 46.7 | H12: 24.47 | I12: 0.63 | J12: 0.29 | K12: 89.3 | L12: 24.04 | M12: 51.85 | N12: 4.4 | O12: 0 | P12: 1.16 | Q12: 36.91
A13: 09-03-2023 01:15 | B13: 14.93 | C13: 100.67 | D13: 67.53 | E13: 3.3 | F13: 3.38 | G13: 23.27 | H13: 24.77 | I13: 0.71 | J13: 0.24 | K13: 20.48 | L13: 23.45 | M13: 58.13 | N13: 5.1 | O13: 0 | P13: 1.12 | Q13: 36.91
A14: 09-03-2023 01:30 | B14: 13.71 | C14: 100.35 | D14: 66.38 | E14: 4.27 | F14: 2.97 | G14: 22.74 | H14: 24.78 | I14: 0.73 | J14: 0.03 | K14: 314.78 | L14: 23.02 | M14: 50.37 | N14: 4.7 | O14: 0 | P14: 1.12 | Q14: 36.92
A15: 09-03-2023 01:45 | B15: 12.4 | C15: 100.5 | D15: 65.41 | E15: 3.48 | F15: 2.9 | G15: 22.74 | H15: 24.78 | I15: 0.72 | J15: 0.4 | K15: 113.28 | L15: 23.21 | M15: 49.19 | N15: 4.4 | O15: 0 | P15: 1.1 | Q15: 36.7
A16: 09-03-2023 02:00 | B16: 11.34 | C16: 100.82 | D16: 64.73 | E16: 3.66 | F16: 2.73 | G16: 22.74 | H16: 24.78 | I16: 0.72 | J16: 0.82 | K16: 112.59 | L16: 23.87 | M16: 50.21 | N16: 3.1 | O16: 0 | P16: 1.07 | Q16: 36.55
A17: 09-03-2023 02:15 | B17: 10.64 | C17: 101.25 | D17: 64.41 | E17: 3.77 | F17: 2.98 | G17: 42.76 | H17: 22.81 | I17: 0.71 | J17: 1.35 | K17: 126.9 | L17: 23.87 | M17: 51.24 | N17: 3.6 | O17: 0 | P17: 1.05 | Q17: 36.24
A18: 09-03-2023 02:30 | B18: 10.4 | C18: 99.16 | D18: 63.06 | E18: 3.45 | F18: 3 | G18: 43.21 | H18: 22.76 | I18: 0.7 | J18: 0.28 | K18: 116.35 | L18: 23.81 | M18: 52.14 | N18: 4.9 | O18: 0 | P18: 1.01 | Q18: 35.7
A19: 09-03-2023 02:45 | B19: 10.77 | C19: 97.88 | D19: 62.66 | E19: 3.7 | F19: 2.9 | G19: 43.21 | H19: 22.76 | I19: 0.68 | J19: 0.14 | K19: 8.97 | L19: 22.41 | M19: 60.28 | N19: 5.7 | O19: 0 | P19: 1.03 | Q19: 34.99
A20: 09-03-2023 03:00 | B20: 11.3 | C20: 97.38 | D20: 62.81 | E20: 3.23 | F20: 3.08 | G20: 43.21 | H20: 22.76 | I20: 0.67 | J20: 0.11 | K20: 342.13 | L20: 21.54 | M20: 63.07 | N20: 5.3 | O20: 0 | P20: 1.03 | Q20: 34.76
... A52: 09-03-2023 11:00 | B52: 0.26 | C52: 57.3 | D52: 31.83 | E52: 4.53 | F52: 12.08 | G52: 83.01 | H52: 48 | I52: 0.59 | J52: 0.85 | K52: 126.89 | L52: 32.06 | M52: 29.99 | N52: 786 | O52: 0 | P52: 0.72 | Q52: 21.05
A53: 09-03-2023 11:15 | B53: 0.42 | C53: 58.1 | D53: 32.4 | E53: 3.68 | F53: 7.72 | G53: Invalid | H53: Invalid | I53: 0.5 | J53: 0.55 | K53: 147.56 | L53: 32.56 | M53: 27.33 | N53: 822.1 | O53: 0 | P53: 0.74 | Q53: 20.54
A54: 09-03-2023 11:30 | B54: 0.47 | C54: 62.38 | D54: 34.8 | E54: 3.44 | F54: 5.6 | G54: Invalid | H54: Invalid | I54: 0.45 | J54: 1.03 | K54: 118.31 | L54: 32.65 | M54: 27.43 | N54: 832.5 | O54: 0 | P54: 0.77 | Q54: 21.44
A55: 09-03-2023 11:45 | B55: 0.51 | C55: 67.67 | D55: 37.75 | E55: 3.26 | F55: 4.73 | G55: Invalid | H55: Invalid | I55: 0.48 | J55: 0.69 | K55: 182.1 | L55: 32.66 | M55: 24.46 | N55: 821.9 | O55: 0 | P55: 0.75 | Q55: 22.88
A56: 09-03-2023 12:00 | B56: 1.94 | C56: 54.36 | D56: 31.56 | E56: 7.52 | F56: 20.94 | G56: Invalid | H56: Invalid | I56: 0.51 | J56: 0.79 | K56: 13.8 | L56: 35.78 | M56: 21.6 | N56: 831.7 | O56: 0 | P56: 0.79 | Q56: 19.8
A57: 09-03-2023 12:15 | B57: 1.38 | C57: 63.58 | D57: 36.19 | E57: 10.21 | F57: 19 | G57: Maint. | H57: Maint. | I57: 0.51 | J57: 1.02 | K57: 16.27 | L57: 37.77 | M57: 19.19 | N57: 839.6 | O57: 0 | P57: 0.87 | Q57: 17.2
A58: 09-03-2023 12:30 | B58: 0.3 | C58: 70.43 | D58: 39.11 | E58: 5.81 | F58: 7.83 | G58: Maint. | H58: Maint. | I58: 0.49 | J58: 0.94 | K58: 119.33 | L58: 35.4 | M58: 19.28 | N58: 875.5 | O58: 0 | P58: 0.86 | Q58: 17.62
A59: 09-03-2023 12:45 | B59: 0.35 | C59: 72.08 | D59: 40.06 | E59: 4.36 | F59: 5.35 | G59: Maint. | H59: Maint. | I59: 0.47 | J59: 0.71 | K59: 149.66 | L59: 33.65 | M59: 20.09 | N59: 845.6 | O59: 0 | P59: 0.84 | Q59: 18.66
A60: 09-03-2023 13:00 | B60: 0.48 | C60: 71.59 | D60: 39.89 | E60: 3.72 | F60: 4.84 | G60: Invalid | H60: Invalid | I60: 0.47 | J60: 0.33 | K60: 264.49 | L60: 34.18 | M60: 18.74 | N60: 848.2 | O60: 0 | P60: 0.79 | Q60: 19.51
A61: 09-03-2023 13:15 | B61: 0.65 | C61: 69.98 | D61: 39.15 | E61: 3.31 | F61: 5.12 | G61: Invalid | H61: Invalid | I61: 0.47 | J61: 0.97 | K61: 17.08 | L61: 36.89 | M61: 17.44 | N61: 842.3 | O61: 0 | P61: 0.66 | Q61: 20.2
A62: 09-03-2023 13:30 | B62: 1 | C62: 70.13 | D62: 39.51 | E62: 3.22 | F62: 4.49 | G62: Invalid | H62: Invalid | I62: 0.48 | J62: 0.23 | K62: 52.79 | L62: 35.52 | M62: 17.79 | N62: 794.1 | O62: 0 | P62: 0.74 | Q62: 20.6
A63: 09-03-2023 13:45 | B63: 1.41 | C63: 70.65 | D63: 40.12 | E63: 3.62 | F63: 3.82 | G63: Invalid | H63: Invalid | I63: 0.48 | J63: 0.23 | K63: 257.74 | L63: 35.97 | M63: 17.58 | N63: 758.4 | O63: 0 | P63: 0.7 | Q63: 20.9
A64: 09-03-2023 14:00 | B64: 1.32 | C64: 70.33 | D64: 39.87 | E64: 3.49 | F64: 4.57 | G64: 31.48 | H64: 26.08 | I64: 0.49 | J64: 1.07 | K64: 358.48 | L64: 36.94 | M64: 16.25 | N64: 740.6 | O64: 0 | P64: 0.71 | Q64: 21.1
A65: 09-03-2023 14:15 | B65: 1.35 | C65: 70.26 | D65: 39.86 | E65: 3.08 | F65: 4.38 | G65: 31.48 | H65: 26.08 | I65: 0.51 | J65: 0.69 | K65: 19.46 | L65: 38.13 | M65: 14.42 | N65: 722.9 | O65: 0 | P65: 0.69 | Q65: 21.71
A66: 09-03-2023 14:30 | B66: 1.11 | C66: 70.38 | D66: 39.73 | E66: 3.73 | F66: 4.64 | G66: 31.48 | H66: 26.08 | I66: 0.51 | J66: 1.11 | K66: 11.02 | L66: 38.21 | M66: 14.43 | N66: 664.2 | O66: 0 | P66: 0.67 | Q66: 22.11
A67: 09-03-2023 14:45 | B67: 0.91 | C67: 69.38 | D67: 39.02 | E67: 4.01 | F67: 4.86 | G67: 31.48 | H67: 26.08 | I67: 0.52 | J67: 0.49 | K67: 8.45 | L67: 37.1 | M67: 14.36 | N67: 409.7 | O67: 0 | P67: 0.65 | Q67: 22.62
A68: 09-03-2023 15:00 | B68: 0.8 | C68: 68.48 | D68: 38.43 | E68: 4.08 | F68: 5.68 | G68: 35.97 | H68: 22.34 | I68: 0.54 | J68: 0.23 | K68: 31.43 | L68: 36.3 | M68: 14.6 | N68: 457.8 | O68: 0 | P68: 0.63 | Q68: 22.46
A69: 09-03-2023 15:15 | B69: 0.74 | C69: 68.77 | D69: 38.55 | E69: 3.73 | F69: 5.55 | G69: 36.17 | H69: 22.17 | I69: 0.53 | J69: 0.84 | K69: 5.16 | L69: 36.34 | M69: 14.56 | N69: 421.7 | O69: 0 | P69: 0.6 | Q69: 23.79
A70: 09-03-2023 15:30 | B70: 0.86 | C70: 68.87 | D70: 38.7 | E70: 3.4 | F70: 4.69 | G70: 36.17 | H70: 22.17 | I70: 0.52 | J70: 0.78 | K70: 6.85 | L70: 35.99 | M70: 15.71 | N70: 367 | O70: 0 | P70: 0.6 | Q70: 24.55
A71: 09-03-2023 15:45 | B71: 1.01 | C71: 69.77 | D71: 39.31 | E71: 3.18 | F71: 4.82 | G71: 36.17 | H71: 22.17 | I71: 0.52 | J71: 1.07 | K71: 27.36 | L71: 35.22 | M71: 16.55 | N71: 297.1 | O71: 0 | P71: 0.6 | Q71: 25.3
A72: 09-03-2023 16:00 | B72: 1.12 | C72: 71.58 | D72: 40.4 | E72: 1.78 | F72: 4.18 | G72: 33.92 | H72: 19.98 | I72: 0.52 | J72: 0.83 | K72: 22.49 | L72: 35.32 | M72: 16.22 | N72: 168.2 | O72: 0 | P72: 0.58 | Q72: 25.58
A73: 09-03-2023 16:15 | B73: 1.3 | C73: 72.46 | D73: 41.03 | E73: 3.13 | F73: 3.97 | G73: 33.82 | H73: 19.88 | I73: 0.52 | J73: 0.73 | K73: 21.29 | L73: 35.32 | M73: 15.13 | N73: 191.5 | O73: 0 | P73: 0.58 | Q73: 25.92
A74: 09-03-2023 16:30 | B74: 1.53 | C74: 73.7 | D74: 41.9 | E74: 3.2 | F74: 3.91 | G74: 33.82 | H74: 19.88 | I74: 0.52 | J74: 0.23 | K74: 14.59 | L74: 34.79 | M74: 14.31 | N74: 171 | O74: 0 | P74: 0.58 | Q74: 26.36
A75: 09-03-2023 16:45 | B75: 1.71 | C75: 74.59 | D75: 42.54 | E75: 3.28 | F75: 4.19 | G75: 33.82 | H75: 19.88 | I75: 0.52 | J75: 0.78 | K75: 32.96 | L75: 34.22 | M75: 16.11 | N75: 111.7 | O75: 0 | P75: 0.54 | Q75: 26.45
... A104: 09-03-2023 24:00 | B104: 10.95 | C104: 102.47 | D104: 65.33 | E104: 1.87 | F104: 3.39 | G104: 67.23 | H104: 24.98 | I104: 0.65 | J104: 1.16 | K104: 27.8 | L104: 26.05 | M104: 30.3 | N104: 4.7 | O104: 0 | P104: 0.84 | Q104: 31.55
A106: Min | B106: =MIN(B9:B104) -> 0.26 | C106: =MIN(C9:C104) -> 54.36 | D106: =MIN(D9:D104) -> 31.56 | E106: =MIN(E9:E104) -> 1.53 | F106: =MIN(F9:F104) -> 1.96 | G106: =MIN(G9:G104) -> 22.74 | H106: =MIN(H9:H104) -> 16.87 | I106: =MIN(I9:I104) -> 0.45 | ... Q106: =MIN(Q9:Q104) -> 17.2
A107: Max | B107: =MAX(B9:B104) -> 27.35 | C107: =MAX(C9:C104) -> 107.5 | D107: =MAX(D9:D104) -> 81.08 | E107: =MAX(E9:E104) -> 10.21 | F107: =MAX(F9:F104) -> 20.94 | G107: =MAX(G9:G104) -> 164.48 | H107: =MAX(H9:H104) -> 49.91 | I107: =MAX(I9:I104) -> 1.04 | ... Q107: =MAX(Q9:Q104) -> 36.92
A108: Avg | B108: =AVERAGE(B9:B104) -> 11.524479 | C108: =AVERAGE(C9:C104) -> 90.536458 | D108: =AVERAGE(D9:D104) -> 59.207188 | E108: =AVERAGE(E9:E104) -> 3.6778125 | F108: =AVERAGE(F9:F104) -> 4.1339583 | G108: =AVERAGE(G9:G104) -> 56.507294 | H108: =AVERAGE(H9:H104) -> 26.060824 | I108: =AVERAGE(I9:I104) -> 0.65145833 | ... Q108: =AVERAGE(Q9:Q104) -> 30.639167
A109: Stdev | B109: =STDEV(B9:B104) -> 8.4825561 | C109: =STDEV(C9:C104) -> 14.703236 | D109: =STDEV(D9:D104) -> 14.0619 | E109: =STDEV(E9:E104) -> 1.0638601 | F109: =STDEV(F9:F104) -> 2.7737527 | G109: =STDEV(G9:G104) -> 34.51791 | H109: =STDEV(H9:H104) -> 8.8779666 | I109: =STDEV(I9:I104) -> 0.12678186 | ... Q109: =STDEV(Q9:Q104) -> 5.7322671
A110: Num | B110: =COUNT(B9:B104) -> 96 | C110: =COUNT(C9:C104) -> 96 | D110: =COUNT(D9:D104) -> 96 | E110: =COUNT(E9:E104) -> 96 | F110: =COUNT(F9:F104) -> 96 | G110: =COUNT(G9:G104)+3 -> 88 | H110: =COUNT(H9:H104)+3 -> 88 | I110: =COUNT(I9:I104) -> 96 | J110: =COUNT(J9:J104) -> 96 | K110: =COUNT(K9:K104) -> 96 | L110: =COUNT(L9:L104) -> 96 | M110: =COUNT(M9:M104) -> 96 | N110: =COUNT(N9:N104) -> 96 | O110: =COUNT(O9:O104) -> 96 | P110: =COUNT(P9:P104) -> 96 | Q110: =COUNT(Q9:Q104) -> 96
A111: DCR | B111: =IF(B110>=87,">90%",IF(B110<=87,"<90%")) -> >90% | C111: =IF(C110>=87,">90%",IF(C110<=87,"<90%")) -> >90% | D111: =IF(D110>=87,">90%",IF(D110<=87,"<90%")) -> >90% | E111: =IF(E110>=87,">90%",IF(E110<=87,"<90%")) -> >90% | F111: =IF(F110>=87,">90%",IF(F110<=87,"<90%")) -> >90% | G111: =IF(G110>=87,">90%",IF(G110<=87,"<90%")) -> >90% | H111: =IF(H110>=87,">90%",IF(H110<=87,"<90%")) -> >90% | I111: =IF(I110>=87,">90%",IF(I110<=87,"<90%")) -> >90% | ... Q111: =IF(Q110>=87,">90%",IF(Q110<=87,"<90%")) -> >90%
A112: Status | B112: =IF(B110>=87,"OK",IF(B110<=87,"LESS")) -> OK | C112: =IF(C110>=87,"OK",IF(C110<=87,"LESS")) -> OK | D112: =IF(D110>=87,"OK",IF(D110<=87,"LESS")) -> OK | E112: =IF(E110>=87,"OK",IF(E110<=87,"LESS")) -> OK | F112: =IF(F110>=87,"OK",IF(F110<=87,"LESS")) -> OK | G112: =IF(G110>=87,"OK",IF(G110<=87,"LESS")) -> OK | H112: =IF(H110>=87,"OK",IF(H110<=87,"LESS")) -> OK | I112: =IF(I110>=87,"OK",IF(I110<=87,"LESS")) -> OK | ... Q112: =IF(Q110>=87,"OK",IF(Q110<=87,"LESS")) -> OK
A115: Done by | B115: RK
A117: Comment

Sheet 10
A1: Station: | B1: BHATAGAON RAIPUR
A2: Date: | B2: =$A$9 -> 10-03-2023 00:15 | D2: Power Off | G2: Pw.Off | L2: Link Fail | N2: Link F | P2: Maintenance | R2: Maint.
A3: Report Type: | B3: Mean | D3: Calibration | G3: Calib. | L3: Data Fail | N3: Data F | P3: Invalid | R3: Invalid
A4: Time Base: | B4: 15 Min | D4: Zero Referrence | G4: Z.Ref | L4: Warm Up | N4: Wm. Up
A7: Date & Time | B7: NO_BHATAGAON | C7: NO2__BHATAGAON | D7: NOX_BHATAGAON | E7: SO2__BHATAGAON | F7: O3__BHATAGAON | G7: PM10__BHATAGAON | H7: PM2_5__BHATAGAON | I7: BENZ__BHATAGAON | J7: WS__BHATAGAON | K7: WD__BHATAGAON | L7: TEMP__BHATAGAON | M7: HUM__BHATAGAON | N7: SR__BHATAGAON | O7: RG__BHATAGAON | P7: CO__BHATAGAON | Q7: NH3__BHATAGAON
B8: ug/m3 | C8: ug/m3 | D8: ppb | E8: ug/m3 | F8: ug/m3 | G8: ug/m3 | H8: ug/m3 | I8: ug/m3 | J8: m/sec | K8: deg | L8: degreC | M8: % | N8: w/m2 | O8: mm | P8: mg/m3 | Q8: ug/m3
A9: 10-03-2023 00:15 | B9: 9.62 | C9: 100.28 | D9: 63.05 | E9: 2.63 | F9: 3.54 | G9: 66.85 | H9: 24.88 | I9: 0.6 | J9: 1.24 | K9: 31.17 | L9: 25.65 | M9: 31.69 | N9: 4.6 | O9: 0 | P9: 0.89 | Q9: 30.34
A10: 10-03-2023 00:30 | B10: 8.63 | C10: 98.78 | D10: 61.44 | E10: 2.69 | F10: 3.77 | G10: 66.85 | H10: 24.88 | I10: 0.58 | J10: 0.76 | K10: 33.81 | L10: 25.42 | M10: 32.57 | N10: 4.9 | O10: 0 | P10: 0.9 | Q10: 29.91
A11: 10-03-2023 00:45 | B11: 8.28 | C11: 98.07 | D11: 60.76 | E11: 3.58 | F11: 3.67 | G11: 66.85 | H11: 24.88 | I11: 0.58 | J11: 0.31 | K11: 55.36 | L11: 24.94 | M11: 34.5 | N11: 5.2 | O11: 0 | P11: 0.86 | Q11: 29.88
A12: 10-03-2023 01:00 | B12: 8.64 | C12: 97.61 | D12: 60.8 | E12: 4.01 | F12: 2.73 | G12: 71.17 | H12: 21.78 | I12: 0.58 | J12: 1.22 | K12: 28.94 | L12: 24.73 | M12: 34.78 | N12: 4.1 | O12: 0 | P12: 1 | Q12: 30
A13: 10-03-2023 01:15 | B13: 8.76 | C13: 96.24 | D13: 60.14 | E13: 4.13 | F13: 3.58 | G13: 71.38 | H13: 21.63 | I13: 0.56 | J13: 1.2 | K13: 29.26 | L13: 24.65 | M13: 36.26 | N13: 4.6 | O13: 0 | P13: 0.9 | Q13: 30.03
A14: 10-03-2023 01:30 | B14: 8.5 | C14: 94.55 | D14: 58.99 | E14: 3.98 | F14: 3.4 | G14: 71.38 | H14: 21.63 | I14: 0.59 | J14: 0.56 | K14: 61.75 | L14: 24.26 | M14: 38.24 | N14: 4.9 | O14: 0 | P14: 0.87 | Q14: 29.8
A15: 10-03-2023 01:45 | B15: 8.25 | C15: 93.84 | D15: 58.41 | E15: 3.4 | F15: 3.44 | G15: 71.38 | H15: 21.63 | I15: 0.57 | J15: 0.58 | K15: 91.16 | L15: 24.04 | M15: 39.57 | N15: 4.5 | O15: 0 | P15: 0.9 | Q15: 30.11
A16: 10-03-2023 02:00 | B16: 7.77 | C16: 93.99 | D16: 58.1 | E16: 3.24 | F16: 3.23 | G16: 67.92 | H16: 21.03 | I16: 0.57 | J16: 1.08 | K16: 110.7 | L16: 24.2 | M16: 39.92 | N16: 3.7 | O16: 0 | P16: 0.89 | Q16: 31.05
A17: 10-03-2023 02:15 | B17: 6.81 | C17: 92.77 | D17: 56.65 | E17: 3.59 | F17: 3.08 | G17: 67.76 | H17: 21.01 | I17: 0.59 | J17: 0.76 | K17: 94.8 | L17: 24.34 | M17: 39.58 | N17: 4.2 | O17: 0 | P17: 0.86 | Q17: 31.64
A18: 10-03-2023 02:30 | B18: 5.73 | C18: 92.06 | D18: 55.4 | E18: 3.32 | F18: 3.07 | G18: 67.76 | H18: 21.01 | I18: 0.59 | J18: 0.46 | K18: 47.16 | L18: 24.04 | M18: 39.98 | N18: 4.8 | O18: 0 | P18: 0.82 | Q18: 31.7
A19: 10-03-2023 02:45 | B19: 4.82 | C19: 92.59 | D19: 54.96 | E19: 3.13 | F19: 2.98 | G19: 67.76 | H19: 21.01 | I19: 0.59 | J19: 0.41 | K19: 72.38 | L19: 23.63 | M19: 41.25 | N19: 4.7 | O19: 0 | P19: 0.8 | Q19: 31.63
A20: 10-03-2023 03:00 | B20: 4.13 | C20: 93.06 | D20: 54.67 | E20: 3.14 | F20: 3.04 | G20: 55.63 | H20: 19.4 | I20: 0.58 | J20: 0.5 | K20: 44.03 | L20: 23.44 | M20: 42.15 | N20: 4.6 | O20: 0 | P20: 0.77 | Q20: 31.5
... A104: 10-03-2023 24:00 | B104: 58.92 | C104: 111.21 | D104: 107.66 | E104: 2.21 | F104: 3.02 | G104: 61.8 | H104: 43.06 | I104: 1.08 | J104: 0.27 | K104: 187.38 | L104: 25.16 | M104: 42.43 | N104: 4.5 | O104: 0 | P104: 2.26 | Q104: 37.53
A106: Min | B106: =MIN(B9:B104) -> 0.74 | C106: =MIN(C9:C104) -> 45.81 | D106: =MIN(D9:D104) -> 25.38 | E106: =MIN(E9:E104) -> 1.48 | F106: =MIN(F9:F104) -> 2.73 | G106: =MIN(G9:G104) -> 47.83 | H106: =MIN(H9:H104) -> 17.31 | I106: =MIN(I9:I104) -> 0.45 | ... Q106: =MIN(Q9:Q104) -> 17.87
A107: Max | B107: =MAX(B9:B104) -> 83.9 | C107: =MAX(C9:C104) -> 120.24 | D107: =MAX(D9:D104) -> 130.79 | E107: =MAX(E9:E104) -> 11.46 | F107: =MAX(F9:F104) -> 17.21 | G107: =MAX(G9:G104) -> 177.32 | H107: =MAX(H9:H104) -> 49.12 | I107: =MAX(I9:I104) -> 1.48 | ... Q107: =MAX(Q9:Q104) -> 38.06
A108: Avg | B108: =AVERAGE(B9:B104) -> 15.724896 | C108: =AVERAGE(C9:C104) -> 94.070833 | D108: =AVERAGE(D9:D104) -> 63.988542 | E108: =AVERAGE(E9:E104) -> 3.6708333 | F108: =AVERAGE(F9:F104) -> 3.9645833 | G108: =AVERAGE(G9:G104) -> 73.701667 | H108: =AVERAGE(H9:H104) -> 25.713854 | I108: =AVERAGE(I9:I104) -> 0.65239583 | ... Q108: =AVERAGE(Q9:Q104) -> 29.519896
A109: Stdev | B109: =STDEV(B9:B104) -> 23.186087 | C109: =STDEV(C9:C104) -> 15.001938 | D109: =STDEV(D9:D104) -> 24.877097 | E109: =STDEV(E9:E104) -> 1.0838262 | F109: =STDEV(F9:F104) -> 1.8572911 | G109: =STDEV(G9:G104) -> 36.148941 | H109: =STDEV(H9:H104) -> 8.0742844 | I109: =STDEV(I9:I104) -> 0.23036696 | ... Q109: =STDEV(Q9:Q104) -> 4.4400215
A110: Num | B110: =COUNT(B9:B104) -> 96 | C110: =COUNT(C9:C104) -> 96 | D110: =COUNT(D9:D104) -> 96 | E110: =COUNT(E9:E104) -> 96 | F110: =COUNT(F9:F104) -> 96 | G110: =COUNT(G9:G104) -> 96 | H110: =COUNT(H9:H104) -> 96 | I110: =COUNT(I9:I104) -> 96 | ... Q110: =COUNT(Q9:Q104) -> 96
A111: DCR | B111: =IF(B110>=87,">90%",IF(B110<=87,"<90%")) -> >90% | C111: =IF(C110>=87,">90%",IF(C110<=87,"<90%")) -> >90% | D111: =IF(D110>=87,">90%",IF(D110<=87,"<90%")) -> >90% | E111: =IF(E110>=87,">90%",IF(E110<=87,"<90%")) -> >90% | F111: =IF(F110>=87,">90%",IF(F110<=87,"<90%")) -> >90% | G111: =IF(G110>=87,">90%",IF(G110<=87,"<90%")) -> >90% | H111: =IF(H110>=87,">90%",IF(H110<=87,"<90%")) -> >90% | I111: =IF(I110>=87,">90%",IF(I110<=87,"<90%")) -> >90% | ... Q111: =IF(Q110>=87,">90%",IF(Q110<=87,"<90%")) -> >90%
A112: Status | B112: =IF(B110>=87,"OK",IF(B110<=87,"LESS")) -> OK | C112: =IF(C110>=87,"OK",IF(C110<=87,"LESS")) -> OK | D112: =IF(D110>=87,"OK",IF(D110<=87,"LESS")) -> OK | E112: =IF(E110>=87,"OK",IF(E110<=87,"LESS")) -> OK | F112: =IF(F110>=87,"OK",IF(F110<=87,"LESS")) -> OK | G112: =IF(G110>=87,"OK",IF(G110<=87,"LESS")) -> OK | H112: =IF(H110>=87,"OK",IF(H110<=87,"LESS")) -> OK | I112: =IF(I110>=87,"OK",IF(I110<=87,"LESS")) -> OK | ... Q112: =IF(Q110>=87,"OK",IF(Q110<=87,"LESS")) -> OK
A115: Done by | B115: RK
A117: Comment

Sheet 11
A1: Station: | B1: BHATAGAON RAIPUR
A2: Date: | B2: =$A$9 -> 11-03-2023 00:15 | D2: Power Off | G2: Pw.Off | L2: Link Fail | N2: Link F | P2: Maintenance | R2: Maint.
A3: Report Type: | B3: Mean | D3: Calibration | G3: Calib. | L3: Data Fail | N3: Data F | P3: Invalid | R3: Invalid
A4: Time Base: | B4: 15 Min | D4: Zero Referrence | G4: Z.Ref | L4: Warm Up | N4: Wm. Up
A7: Date & Time | B7: NO_BHATAGAON | C7: NO2__BHATAGAON | D7: NOX_BHATAGAON | E7: SO2__BHATAGAON | F7: O3__BHATAGAON | G7: PM10__BHATAGAON | H7: PM2_5__BHATAGAON | I7: BENZ__BHATAGAON | J7: WS__BHATAGAON | K7: WD__BHATAGAON | L7: TEMP__BHATAGAON | M7: HUM__BHATAGAON | N7: SR__BHATAGAON | O7: RG__BHATAGAON | P7: CO__BHATAGAON | Q7: NH3__BHATAGAON
B8: ug/m3 | C8: ug/m3 | D8: ppb | E8: ug/m3 | F8: ug/m3 | G8: ug/m3 | H8: ug/m3 | I8: ug/m3 | J8: m/sec | K8: deg | L8: degreC | M8: % | N8: w/m2 | O8: mm | P8: mg/m3 | Q8: ug/m3
A9: 11-03-2023 00:15 | B9: 52.27 | C9: 110.45 | D9: 101.91 | E9: 4.77 | F9: 2.9 | G9: 57.78 | H9: 42.78 | I9: 1.04 | J9: 0.62 | K9: 192.54 | L9: 25.1 | M9: 42.87 | N9: 4.1 | O9: 0 | P9: 2.14 | Q9: 37.42
A10: 11-03-2023 00:30 | B10: 45.59 | C10: 110.72 | D10: 96.7 | E10: 4.7 | F10: 2.79 | G10: 57.78 | H10: 42.78 | I10: 1 | J10: 0.23 | K10: 195 | L10: 24.84 | M10: 43.78 | N10: 4.7 | O10: 0 | P10: 2.03 | Q10: 37.11
A11: 11-03-2023 00:45 | B11: 39.53 | C11: 111.19 | D11: 92.09 | E11: 4.57 | F11: 3.06 | G11: 57.78 | H11: 42.78 | I11: 0.96 | J11: 0.14 | K11: 170.98 | L11: 24.62 | M11: 44.6 | N11: 4.6 | O11: 0 | P11: 1.93 | Q11: 36.8
A12: 11-03-2023 01:00 | B12: 34.61 | C12: 111.22 | D12: 88.18 | E12: 4.39 | F12: 3.28 | G12: 10.46 | H12: 38.68 | I12: 0.92 | J12: 0.3 | K12: 120.24 | L12: 24.42 | M12: 45.2 | N12: 4.3 | O12: 0 | P12: 1.64 | Q12: 36.18
A13: 11-03-2023 01:15 | B13: 31.87 | C13: 109.89 | D13: 85.24 | E13: 3.69 | F13: 3.21 | G13: 8.26 | H13: 38.49 | I13: 0.87 | J13: 0.39 | K13: 153.62 | L13: 24.39 | M13: 45.28 | N13: 4 | O13: 0 | P13: 1.53 | Q13: 35.63
A14: 11-03-2023 01:30 | B14: 29.63 | C14: 109.6 | D14: 83.28 | E14: 3.97 | F14: 3.07 | G14: 8.26 | H14: 38.49 | I14: 0.72 | J14: 0.39 | K14: 185.83 | L14: 24.41 | M14: 44.98 | N14: 4.3 | O14: 0 | P14: 1.52 | Q14: 34.85
A15: 11-03-2023 01:45 | B15: 27.68 | C15: 109.33 | D15: 81.57 | E15: 3.87 | F15: 3.21 | G15: 8.26 | H15: 38.49 | I15: 0.76 | J15: 0.44 | K15: 184.38 | L15: 24.12 | M15: 46.35 | N15: 4.5 | O15: 0 | P15: 1.38 | Q15: 34.78
A16: 11-03-2023 02:00 | B16: 26.03 | C16: 109.01 | D16: 80.07 | E16: 4.02 | F16: 3.37 | G16: 49.3 | H16: 35.16 | I16: 0.72 | J16: 0.79 | K16: 182.92 | L16: 24.03 | M16: 46.48 | N16: 4.1 | O16: 0 | P16: 1.47 | Q16: 34.83
A17: 11-03-2023 02:15 | B17: 24.11 | C17: 108.7 | D17: 78.36 | E17: 4.19 | F17: 3.34 | G17: 51.71 | H17: 35 | I17: 0.67 | J17: 0.71 | K17: 179.21 | L17: 23.87 | M17: 46.83 | N17: 4.3 | O17: 0 | P17: 1.46 | Q17: 35.02
A18: 11-03-2023 02:30 | B18: 22.07 | C18: 108.48 | D18: 76.6 | E18: 3.89 | F18: 3.1 | G18: 51.71 | H18: 35 | I18: 0.7 | J18: 0.53 | K18: 194.25 | L18: 23.65 | M18: 47.55 | N18: 4.7 | O18: 0 | P18: 1.42 | Q18: 35.03
A19: 11-03-2023 02:45 | B19: 20.32 | C19: 108.24 | D19: 75.06 | E19: 3.9 | F19: 3.11 | G19: 51.71 | H19: 35 | I19: 0.73 | J19: 0.68 | K19: 191.93 | L19: 23.42 | M19: 48.12 | N19: 4.4 | O19: 0 | P19: 1.32 | Q19: 35.37
A20: 11-03-2023 03:00 | B20: 18.35 | C20: 108.76 | D20: 73.77 | E20: 4.17 | F20: 3.22 | G20: 41.13 | H20: 31.29 | I20: 0.71 | J20: 0.33 | K20: 204.47 | L20: 23.24 | M20: 48.87 | N20: 4.7 | O20: 0 | P20: 1.34 | Q20: 35.98
... A104: 11-03-2023 24:00 | B104: 136.75 | C104: 124.4 | D104: 177.36 | E104: 3.12 | F104: 2.01 | G104: 164.54 | H104: 51.82 | I104: 1.37 | J104: 0.1 | K104: 17.18 | L104: 22.99 | M104: 56.09 | N104: 4.6 | O104: 0 | P104: 2.54 | Q104: 41.36
A106: Min | B106: =MIN(B9:B104) -> 2.18 | C106: =MIN(C9:C104) -> 99.08 | D106: =MIN(D9:D104) -> 55.47 | E106: =MIN(E9:E104) -> 1.02 | F106: =MIN(F9:F104) -> 2.01 | G106: =MIN(G9:G104) -> 8.26 | H106: =MIN(H9:H104) -> 18.51 | I106: =MIN(I9:I104) -> 0.5 | ... Q106: =MIN(Q9:Q104) -> 30.54
A107: Max | B107: =MAX(B9:B104) -> 136.75 | C107: =MAX(C9:C104) -> 133.53 | D107: =MAX(D9:D104) -> 177.36 | E107: =MAX(E9:E104) -> 5.18 | F107: =MAX(F9:F104) -> 5.66 | G107: =MAX(G9:G104) -> 197.62 | H107: =MAX(H9:H104) -> 51.82 | I107: =MAX(I9:I104) -> 1.64 | ... Q107: =MAX(Q9:Q104) -> 41.36
A108: Avg | B108: =AVERAGE(B9:B104) -> 24.617396 | C108: =AVERAGE(C9:C104) -> 115.30635 | D108: =AVERAGE(D9:D104) -> 82.396875 | E108: =AVERAGE(E9:E104) -> 3.6984375 | F108: =AVERAGE(F9:F104) -> 3.490625 | G108: =AVERAGE(G9:G104) -> 81.215104 | H108: =AVERAGE(H9:H104) -> 34.8325 | I108: =AVERAGE(I9:I104) -> 0.79135417 | ... Q108: =AVERAGE(Q9:Q104) -> 35.27625
A109: Stdev | B109: =STDEV(B9:B104) -> 29.759135 | C109: =STDEV(C9:C104) -> 9.983969 | D109: =STDEV(D9:D104) -> 26.830931 | E109: =STDEV(E9:E104) -> 0.84481369 | F109: =STDEV(F9:F104) -> 0.76470677 | G109: =STDEV(G9:G104) -> 50.70137 | H109: =STDEV(H9:H104) -> 8.8820353 | I109: =STDEV(I9:I104) -> 0.29713233 | ... Q109: =STDEV(Q9:Q104) -> 2.187667
A110: Num | B110: =COUNT(B9:B104) -> 96 | C110: =COUNT(C9:C104) -> 96 | D110: =COUNT(D9:D104) -> 96 | E110: =COUNT(E9:E104) -> 96 | F110: =COUNT(F9:F104) -> 96 | G110: =COUNT(G9:G104) -> 96 | H110: =COUNT(H9:H104) -> 96 | I110: =COUNT(I9:I104) -> 96 | ... Q110: =COUNT(Q9:Q104) -> 96
A111: DCR | B111: =IF(B110>=87,">90%",IF(B110<=87,"<90%")) -> >90% | C111: =IF(C110>=87,">90%",IF(C110<=87,"<90%")) -> >90% | D111: =IF(D110>=87,">90%",IF(D110<=87,"<90%")) -> >90% | E111: =IF(E110>=87,">90%",IF(E110<=87,"<90%")) -> >90% | F111: =IF(F110>=87,">90%",IF(F110<=87,"<90%")) -> >90% | G111: =IF(G110>=87,">90%",IF(G110<=87,"<90%")) -> >90% | H111: =IF(H110>=87,">90%",IF(H110<=87,"<90%")) -> >90% | I111: =IF(I110>=87,">90%",IF(I110<=87,"<90%")) -> >90% | ... Q111: =IF(Q110>=87,">90%",IF(Q110<=87,"<90%")) -> >90%
A112: Status | B112: =IF(B110>=87,"OK",IF(B110<=87,"LESS")) -> OK | C112: =IF(C110>=87,"OK",IF(C110<=87,"LESS")) -> OK | D112: =IF(D110>=87,"OK",IF(D110<=87,"LESS")) -> OK | E112: =IF(E110>=87,"OK",IF(E110<=87,"LESS")) -> OK | F112: =IF(F110>=87,"OK",IF(F110<=87,"LESS")) -> OK | G112: =IF(G110>=87,"OK",IF(G110<=87,"LESS")) -> OK | H112: =IF(H110>=87,"OK",IF(H110<=87,"LESS")) -> OK | I112: =IF(I110>=87,"OK",IF(I110<=87,"LESS")) -> OK | ... Q112: =IF(Q110>=87,"OK",IF(Q110<=87,"LESS")) -> OK
A115: Done by | B115: RK
A117: Comment

Sheet 12
A1: Station: | B1: BHATAGAON RAIPUR
A2: Date: | B2: =$A$9 -> 12-03-2023 00:15 | D2: Power Off | G2: Pw.Off | L2: Link Fail | N2: Link F | P2: Maintenance | R2: Maint.
A3: Report Type: | B3: Mean | D3: Calibration | G3: Calib. | L3: Data Fail | N3: Data F | P3: Invalid | R3: Invalid
A4: Time Base: | B4: 15 Min | D4: Zero Referrence | G4: Z.Ref | L4: Warm Up | N4: Wm. Up
A7: Date & Time | B7: NO_BHATAGAON | C7: NO2__BHATAGAON | D7: NOX_BHATAGAON | E7: SO2__BHATAGAON | F7: O3__BHATAGAON | G7: PM10__BHATAGAON | H7: PM2_5__BHATAGAON | I7: BENZ__BHATAGAON | J7: WS__BHATAGAON | K7: WD__BHATAGAON | L7: TEMP__BHATAGAON | M7: HUM__BHATAGAON | N7: SR__BHATAGAON | O7: RG__BHATAGAON | P7: CO__BHATAGAON | Q7: NH3__BHATAGAON
B8: ug/m3 | C8: ug/m3 | D8: ppb | E8: ug/m3 | F8: ug/m3 | G8: ug/m3 | H8: ug/m3 | I8: ug/m3 | J8: m/sec | K8: deg | L8: degreC | M8: % | N8: w/m2 | O8: mm | P8: mg/m3 | Q8: ug/m3
A9: 12-03-2023 00:15 | B9: 140.73 | C9: 122.37 | D9: 179.43 | E9: 5.15 | F9: 2.7 | G9: 163.76 | H9: 51.91 | I9: 1.28 | J9: 0.05 | K9: 223.02 | L9: 22.97 | M9: 53.11 | N9: 4.6 | O9: 0 | P9: 2.19 | Q9: 42.19
A10: 12-03-2023 00:30 | B10: 142.65 | C10: 121.46 | D10: 180.46 | E10: 5.39 | F10: 2.9 | G10: 163.76 | H10: 51.91 | I10: 1.24 | J10: 0.1 | K10: 287.8 | L10: 22.93 | M10: 55.31 | N10: 4.6 | O10: 0 | P10: 2.45 | Q10: 42.95
A11: 12-03-2023 00:45 | B11: 140.06 | C11: 119.75 | D11: 177.44 | E11: 5.92 | F11: 3.4 | G11: 163.76 | H11: 51.91 | I11: 1.27 | J11: 0.14 | K11: 330.55 | L11: 23.56 | M11: 48.26 | N11: 3.9 | O11: 0 | P11: 2.4 | Q11: 43
A12: 12-03-2023 01:00 | B12: 136.14 | C12: 118.73 | D12: 173.74 | E12: 5.58 | F12: 3.66 | G12: 109.34 | H12: 45 | I12: 1.33 | J12: 0.22 | K12: 25.71 | L12: 22.73 | M12: 56.16 | N12: 4.9 | O12: 0 | P12: 2.33 | Q12: 42.71
A13: 12-03-2023 01:15 | B13: 133.7 | C13: 117.66 | D13: 171.19 | E13: 5.89 | F13: 3.04 | G13: 106.81 | H13: 44.68 | I13: 1.32 | J13: 0.06 | K13: 128.09 | L13: 22.38 | M13: 53.99 | N13: 4.6 | O13: 0 | P13: 2.09 | Q13: 42.55
A14: 12-03-2023 01:30 | B14: 127.64 | C14: 116.75 | D14: 165.82 | E14: 5.8 | F14: 2.92 | G14: 106.81 | H14: 44.68 | I14: 1.31 | J14: 0.37 | K14: 254.92 | L14: 22.93 | M14: 54.58 | N14: 3.6 | O14: 0 | P14: 2.13 | Q14: 42.2
A15: 12-03-2023 01:45 | B15: 120.34 | C15: 116.27 | D15: 159.71 | E15: 5.17 | F15: 2.17 | G15: 106.81 | H15: 44.68 | I15: 1.28 | J15: 0.27 | K15: 240.71 | L15: 23.24 | M15: 53.78 | N15: 3.6 | O15: 0 | P15: 2.04 | Q15: 41.62
A16: 12-03-2023 02:00 | B16: 112.35 | C16: 115.7 | D16: 152.99 | E16: 5.48 | F16: 3.2 | G16: 90.77 | H16: 40.5 | I16: 1.24 | J16: 0.08 | K16: 303.11 | L16: 23.33 | M16: 48.41 | N16: 4.4 | O16: 0 | P16: 1.64 | Q16: 40.81
A17: 12-03-2023 02:15 | B17: 105.35 | C17: 113.55 | D17: 146.19 | E17: 5.26 | F17: 3.4 | G17: 89.83 | H17: 40.25 | I17: 1.21 | J17: 0.22 | K17: 203.93 | L17: 23.01 | M17: 50.1 | N17: 4.1 | O17: 0 | P17: 1.67 | Q17: 40.11
A18: 12-03-2023 02:30 | B18: 100.69 | C18: 112.78 | D18: 142.02 | E18: 4.9 | F18: 1.77 | G18: 89.83 | H18: 40.25 | I18: 0.96 | J18: 0.08 | K18: 6.82 | L18: 22.14 | M18: 54.77 | N18: 5.2 | O18: 0 | P18: 1.65 | Q18: 39.27
A19: 12-03-2023 02:45 | B19: 96.42 | C19: 111.87 | D19: 138.1 | E19: 4.87 | F19: 3.64 | G19: 89.83 | H19: 40.25 | I19: 0.99 | J19: 0.13 | K19: 355.47 | L19: 21.61 | M19: 56.67 | N19: 5.1 | O19: 0 | P19: 1.45 | Q19: 38.9
A20: 12-03-2023 03:00 | B20: 92.36 | C20: 111.12 | D20: 134.42 | E20: 5.51 | F20: 1.12 | G20: 52.86 | H20: 31.84 | I20: 0.93 | J20: 0.04 | K20: 284.41 | L20: 21.5 | M20: 55.87 | N20: 4.7 | O20: 0 | P20: 1.39 | Q20: 38.58
... A23: 12-03-2023 03:45 | B23: 79.93 | C23: 107.78 | D23: 122.61 | E23: 4.84 | F23: 2.19 | G23: 50.68 | H23: 31.45 | I23: 0.77 | J23: 0.34 | K23: 18.41 | L23: 21.26 | M23: 52.21 | N23: 3.9 | O23: 0 | P23: 1.51 | Q23: 38.5
A24: 12-03-2023 04:00 | B24: 76.42 | C24: 108.75 | D24: 120.34 | E24: 2.31 | F24: 1.92 | G24: Invalid | H24: Invalid | I24: 0.92 | J24: 0.12 | K24: 329.59 | L24: 21.46 | M24: 49.81 | N24: 4.9 | O24: 0 | P24: 1.55 | Q24: 38.52
A25: 12-03-2023 04:15 | B25: 72.17 | C25: 107.88 | D25: 116.45 | E25: 4.63 | F25: 3.11 | G25: Invalid | H25: Invalid | I25: 0.91 | J25: 0.43 | K25: 12.31 | L25: 21.19 | M25: 51.69 | N25: 4.2 | O25: 0 | P25: 1.51 | Q25: 38.95
A26: 12-03-2023 04:30 | B26: 67.78 | C26: 107.07 | D26: 112.48 | E26: 4.34 | F26: 3.11 | G26: Invalid | H26: Invalid | I26: 0.96 | J26: 0.67 | K26: 359.65 | L26: 21 | M26: 51.57 | N26: 3.8 | O26: 0 | P26: 1.46 | Q26: 38.73
A27: 12-03-2023 04:45 | B27: 63.79 | C27: 106.93 | D27: 109.2 | E27: 4.66 | F27: 3.26 | G27: Invalid | H27: Invalid | I27: 0.93 | J27: 0.57 | K27: 19.89 | L27: 20.99 | M27: 52.91 | N27: 4.4 | O27: 0 | P27: 1.43 | Q27: 38.27
A28: 12-03-2023 05:00 | B28: 60.33 | C28: 107.46 | D28: 106.72 | E28: 5.04 | F28: 2.74 | G28: 102.85 | H28: 39.35 | I28: 0.86 | J28: 0.45 | K28: 31.91 | L28: 21.45 | M28: 51.62 | N28: 4.3 | O28: 0 | P28: 1.42 | Q28: 37.7
A29: 12-03-2023 05:15 | B29: 57.76 | C29: 107.78 | D29: 104.84 | E29: 4.64 | F29: 3.04 | G29: 107.43 | H29: 39.68 | I29: 0.83 | J29: 0.32 | K29: 92.24 | L29: 21.95 | M29: 50.06 | N29: 4.2 | O29: 0 | P29: 1.45 | Q29: 37.49
A30: 12-03-2023 05:30 | B30: 55.02 | C30: 108.28 | D30: 102.92 | E30: 4.86 | F30: 4.08 | G30: 107.43 | H30: 39.68 | I30: 0.82 | J30: 0.36 | K30: 82.61 | L30: 21.86 | M30: 50.78 | N30: 4.5 | O30: 0 | P30: 1.49 | Q30: 37.24
A31: 12-03-2023 05:45 | B31: 52.14 | C31: 107.5 | D31: 100.17 | E31: 4.54 | F31: 3.41 | G31: 107.43 | H31: 39.68 | I31: 0.79 | J31: 0.29 | K31: 69.14 | L31: 21.74 | M31: 51.6 | N31: 4.6 | O31: 0 | P31: 1.48 | Q31: 36.95
A32: 12-03-2023 06:00 | B32: 50.75 | C32: 107.55 | D32: 99.09 | E32: 3.75 | F32: 2.7 | G32: 144.13 | H32: 48.27 | I32: 0.74 | J32: 0.33 | K32: 94.16 | L32: 21.55 | M32: 52.09 | N32: 4.8 | O32: 0 | P32: 1.45 | Q32: 36.01
A33: 12-03-2023 06:15 | B33: 49.56 | C33: 107.44 | D33: 98.08 | E33: 4.05 | F33: 2.65 | G33: 146.29 | H33: 48.78 | I33: 0.73 | J33: 0.19 | K33: 35.73 | L33: 21.49 | M33: 56.06 | N33: 8.1 | O33: 0 | P33: 1.46 | Q33: 35.83
A34: 12-03-2023 06:30 | B34: 49.04 | C34: 107.26 | D34: 97.56 | E34: 3.86 | F34: 2.85 | G34: 146.29 | H34: 48.78 | I34: 0.73 | J34: 0.39 | K34: 7.27 | L34: 20.53 | M34: 59.98 | N34: 18.5 | O34: 0 | P34: 1.46 | Q34: 35.68
A35: 12-03-2023 06:45 | B35: 49.08 | C35: 106.87 | D35: 97.37 | E35: 3.67 | F35: 3.1 | G35: 146.29 | H35: 48.78 | I35: 0.75 | J35: 0.26 | K35: 127.31 | L35: 20.87 | M35: 57.74 | N35: 37.6 | O35: 0 | P35: 1.44 | Q35: 35.79
A36: 12-03-2023 07:00 | B36: 48.76 | C36: 106.74 | D36: 97.04 | E36: 4.25 | F36: 2.62 | G36: 92.26 | H36: 42.13 | I36: 0.78 | J36: 0.14 | K36: 17.7 | L36: 22.13 | M36: 54.55 | N36: 74.5 | O36: 0 | P36: 1.39 | Q36: 35.68
A37: 12-03-2023 07:15 | B37: 50.08 | C37: 106.23 | D37: 97.83 | E37: 3.76 | F37: 2.6 | G37: 89.74 | H37: 41.82 | I37: 0.75 | J37: 0.32 | K37: 103.08 | L37: 23.34 | M37: 50.67 | N37: 114.4 | O37: 0 | P37: 1.4 | Q37: 35.94
A38: 12-03-2023 07:30 | B38: 51.3 | C38: 106.58 | D38: 99 | E38: 3.76 | F38: 3.01 | G38: 89.74 | H38: 41.82 | I38: 0.74 | J38: 0.41 | K38: 71.93 | L38: 24.24 | M38: 46.06 | N38: 163.1 | O38: 0 | P38: 1.42 | Q38: 36.38
A39: 12-03-2023 07:45 | B39: 51.1 | C39: 108.35 | D39: 99.81 | E39: 4.01 | F39: 3.09 | G39: 89.74 | H39: 41.82 | I39: 0.75 | J39: 0.56 | K39: 31.16 | L39: 25.76 | M39: 41.62 | N39: 218.9 | O39: 0 | P39: 1.41 | Q39: 36.99
... A104: 12-03-2023 24:00 | B104: 94.84 | C104: 125.45 | D104: 144.32 | E104: 2.32 | F104: 2.88 | G104: 103.57 | H104: 43.46 | I104: 1.06 | J104: 0.14 | K104: 345.59 | L104: 24.49 | M104: 41.91 | N104: 4.5 | O104: 0 | P104: 1.88 | Q104: 37.9
A106: Min | B106: =MIN(B9:B104) -> 2.29 | C106: =MIN(C9:C104) -> 99.5 | D106: =MIN(D9:D104) -> 55.78 | E106: =MIN(E9:E104) -> 2.13 | F106: =MIN(F9:F104) -> 1.12 | G106: =MIN(G9:G104) -> 30.53 | H106: =MIN(H9:H104) -> 18.25 | I106: =MIN(I9:I104) -> 0.49 | ... Q106: =MIN(Q9:Q104) -> 29.15
A107: Max | B107: =MAX(B9:B104) -> 142.65 | C107: =MAX(C9:C104) -> 127.76 | D107: =MAX(D9:D104) -> 180.46 | E107: =MAX(E9:E104) -> 5.92 | F107: =MAX(F9:F104) -> 8.41 | G107: =MAX(G9:G104) -> 178.85 | H107: =MAX(H9:H104) -> 51.91 | I107: =MAX(I9:I104) -> 1.86 | ... Q107: =MAX(Q9:Q104) -> 43
A108: Avg | B108: =AVERAGE(B9:B104) -> 46.112292 | C108: =AVERAGE(C9:C104) -> 114.32323 | D108: =AVERAGE(D9:D104) -> 99.107604 | E108: =AVERAGE(E9:E104) -> 4.1027083 | F108: =AVERAGE(F9:F104) -> 3.580625 | G108: =AVERAGE(G9:G104) -> 87.133261 | H108: =AVERAGE(H9:H104) -> 35.085652 | I108: =AVERAGE(I9:I104) -> 0.87552083 | ... Q108: =AVERAGE(Q9:Q104) -> 35.106771
A109: Stdev | B109: =STDEV(B9:B104) -> 40.173295 | C109: =STDEV(C9:C104) -> 8.5748889 | D109: =STDEV(D9:D104) -> 34.145982 | E109: =STDEV(E9:E104) -> 0.79681006 | F109: =STDEV(F9:F104) -> 1.1380129 | G109: =STDEV(G9:G104) -> 43.279026 | H109: =STDEV(H9:H104) -> 10.189572 | I109: =STDEV(I9:I104) -> 0.34173203 | ... Q109: =STDEV(Q9:Q104) -> 3.7326479
A110: Num | B110: =COUNT(B9:B104) -> 96 | C110: =COUNT(C9:C104) -> 96 | D110: =COUNT(D9:D104) -> 96 | E110: =COUNT(E9:E104) -> 96 | F110: =COUNT(F9:F104) -> 96 | G110: =COUNT(G9:G104) -> 92 | H110: =COUNT(H9:H104) -> 92 | I110: =COUNT(I9:I104) -> 96 | ... Q110: =COUNT(Q9:Q104) -> 96
A111: DCR | B111: =IF(B110>=87,">90%",IF(B110<=87,"<90%")) -> >90% | C111: =IF(C110>=87,">90%",IF(C110<=87,"<90%")) -> >90% | D111: =IF(D110>=87,">90%",IF(D110<=87,"<90%")) -> >90% | E111: =IF(E110>=87,">90%",IF(E110<=87,"<90%")) -> >90% | F111: =IF(F110>=87,">90%",IF(F110<=87,"<90%")) -> >90% | G111: =IF(G110>=87,">90%",IF(G110<=87,"<90%")) -> >90% | H111: =IF(H110>=87,">90%",IF(H110<=87,"<90%")) -> >90% | I111: =IF(I110>=87,">90%",IF(I110<=87,"<90%")) -> >90% | ... Q111: =IF(Q110>=87,">90%",IF(Q110<=87,"<90%")) -> >90%
A112: Status | B112: =IF(B110>=87,"OK",IF(B110<=87,"LESS")) -> OK | C112: =IF(C110>=87,"OK",IF(C110<=87,"LESS")) -> OK | D112: =IF(D110>=87,"OK",IF(D110<=87,"LESS")) -> OK | E112: =IF(E110>=87,"OK",IF(E110<=87,"LESS")) -> OK | F112: =IF(F110>=87,"OK",IF(F110<=87,"LESS")) -> OK | G112: =IF(G110>=87,"OK",IF(G110<=87,"LESS")) -> OK | H112: =IF(H110>=87,"OK",IF(H110<=87,"LESS")) -> OK | I112: =IF(I110>=87,"OK",IF(I110<=87,"LESS")) -> OK | ... Q112: =IF(Q110>=87,"OK",IF(Q110<=87,"LESS")) -> OK
A115: Done by | B115: RK
A117: Comment

Sheet 13
A1: Station: | B1: BHATAGAON RAIPUR
A2: Date: | B2: =$A$9 -> 13-03-2023 00:15 | D2: Power Off | G2: Pw.Off | L2: Link Fail | N2: Link F | P2: Maintenance | R2: Maint.
A3: Report Type: | B3: Mean | D3: Calibration | G3: Calib. | L3: Data Fail | N3: Data F | P3: Invalid | R3: Invalid
A4: Time Base: | B4: 15 Min | D4: Zero Referrence | G4: Z.Ref | L4: Warm Up | N4: Wm. Up
A7: Date & Time | B7: NO_BHATAGAON | C7: NO2__BHATAGAON | D7: NOX_BHATAGAON | E7: SO2__BHATAGAON | F7: O3__BHATAGAON | G7: PM10__BHATAGAON | H7: PM2_5__BHATAGAON | I7: BENZ__BHATAGAON | J7: WS__BHATAGAON | K7: WD__BHATAGAON | L7: TEMP__BHATAGAON | M7: HUM__BHATAGAON | N7: SR__BHATAGAON | O7: RG__BHATAGAON | P7: CO__BHATAGAON | Q7: NH3__BHATAGAON
B8: ug/m3 | C8: ug/m3 | D8: ppb | E8: ug/m3 | F8: ug/m3 | G8: ug/m3 | H8: ug/m3 | I8: ug/m3 | J8: m/sec | K8: deg | L8: degreC | M8: % | N8: w/m2 | O8: mm | P8: mg/m3 | Q8: ug/m3
A9: 13-03-2023 00:15 | B9: 94.3 | C9: 124.61 | D9: 143.43 | E9: 3.91 | F9: 2.95 | G9: 101.99 | H9: 43.35 | I9: 0.95 | J9: 0.76 | K9: 170.06 | L9: 24.45 | M9: 42.39 | N9: 3 | O9: 0 | P9: 2.01 | Q9: 37.96
A10: 13-03-2023 00:30 | B10: 92.34 | C10: 123.59 | D10: 141.29 | E10: 4.27 | F10: 3.28 | G10: 101.99 | H10: 43.35 | I10: 0.92 | J10: 0.11 | K10: 32.78 | L10: 24.8 | M10: 41.8 | N10: 5 | O10: 0 | P10: 1.35 | Q10: 38.13
A11: 13-03-2023 00:45 | B11: 89.62 | C11: 122.59 | D11: 138.56 | E11: 4.24 | F11: 3.24 | G11: 101.99 | H11: 43.35 | I11: 0.91 | J11: 0.16 | K11: 20.31 | L11: 23.7 | M11: 45.9 | N11: 5.1 | O11: 0 | P11: 1.6 | Q11: 38.14
A12: 13-03-2023 01:00 | B12: 87.51 | C12: 121.53 | D12: 136.28 | E12: 4.57 | F12: 3.45 | G12: 88.11 | H12: 38.49 | I12: 0.87 | J12: 0.05 | K12: 58.75 | L12: 23.49 | M12: 46.35 | N12: 4.9 | O12: 0 | P12: 1.6 | Q12: 38.12
A13: 13-03-2023 01:15 | B13: 85.18 | C13: 120.01 | D13: 133.57 | E13: 4.4 | F13: 3.29 | G13: 87.47 | H13: 38.27 | I13: 0.83 | J13: 0.18 | K13: 271.7 | L13: 23.59 | M13: 46.26 | N13: 4.2 | O13: 0 | P13: 1.48 | Q13: 38.51
A14: 13-03-2023 01:30 | B14: 82.01 | C14: 119.08 | D14: 130.52 | E14: 4.36 | F14: 3.21 | G14: 87.47 | H14: 38.27 | I14: 0.81 | J14: 0.25 | K14: 75.41 | L14: 23.38 | M14: 49.35 | N14: 4.8 | O14: 0 | P14: 1.9 | Q14: 38.84
A15: 13-03-2023 01:45 | B15: 77.56 | C15: 117.87 | D15: 126.28 | E15: 4.39 | F15: 3.17 | G15: 87.47 | H15: 38.27 | I15: 0.88 | J15: 0.08 | K15: 94.07 | L15: 23.21 | M15: 48.87 | N15: 4.8 | O15: 0 | P15: 1.85 | Q15: 39.09
A16: 13-03-2023 02:00 | B16: 73.17 | C16: 117.3 | D16: 122.45 | E16: 4.54 | F16: 2.84 | G16: 77.45 | H16: 35.8 | I16: 1.05 | J16: 0.09 | K16: 0 | L16: 23.08 | M16: 51.46 | N16: 4.7 | O16: 0 | P16: 1.78 | Q16: 38.69
A17: 13-03-2023 02:15 | B17: 68.89 | C17: 115.96 | D17: 118.28 | E17: 4.68 | F17: 3.01 | G17: 76.86 | H17: 35.65 | I17: 1.1 | J17: 0.05 | K17: 78.83 | L17: 23.17 | M17: 52.9 | N17: 3.8 | O17: 0 | P17: 1.72 | Q17: 38.43
A18: 13-03-2023 02:30 | B18: 64.51 | C18: 115.09 | D18: 114.29 | E18: 4.5 | F18: 2.93 | G18: 76.86 | H18: 35.65 | I18: 1.08 | J18: 0.72 | K18: 32.49 | L18: 23.69 | M18: 47.59 | N18: 3.3 | O18: 0 | P18: 1.66 | Q18: 38.04
A19: 13-03-2023 02:45 | B19: 60 | C19: 115.37 | D19: 110.82 | E19: 4.99 | F19: 2.99 | G19: 76.86 | H19: 35.65 | I19: 0.98 | J19: 0.23 | K19: 19.99 | L19: 23.69 | M19: 46.71 | N19: 5 | O19: 0 | P19: 1.63 | Q19: 37.6
A20: 13-03-2023 03:00 | B20: 56.15 | C20: 116.08 | D20: 108.13 | E20: 4.93 | F20: 2.92 | G20: 91.64 | H20: 37.33 | I20: 0.99 | J20: 0.83 | K20: 162.35 | L20: 24.09 | M20: 43.91 | N20: 2.5 | O20: 0 | P20: 1.62 | Q20: 37.04
... A53: 13-03-2023 11:15 | B53: 3.18 | C53: 75.7 | D53: 43.36 | E53: 10.21 | F53: 40.97 | G53: 105.62 | H53: 46.25 | I53: 0.55 | J53: 0.55 | K53: 30.4 | L53: 36.13 | M53: 18.85 | N53: 791.8 | O53: 0 | P53: 0.83 | Q53: 13.52
A54: 13-03-2023 11:30 | B54: 2.65 | C54: 70.28 | D54: 39.95 | E54: Invalid | F54: 57.77 | G54: 105.62 | H54: 46.25 | I54: 0.5 | J54: 0.99 | K54: 132.54 | L54: 34.83 | M54: 20.2 | N54: 823.8 | O54: 0 | P54: 0.65 | Q54: 13.66
A55: 13-03-2023 11:45 | B55: 1.77 | C55: 56.36 | D55: 31.57 | E55: Invalid | F55: 55.92 | G55: 37.55 | H55: 16.45 | I55: 0.47 | J55: 0.38 | K55: 70.52 | L55: 35.64 | M55: 18.98 | N55: 828.6 | O55: 0 | P55: 0.75 | Q55: 13.46
A56: 13-03-2023 12:00 | B56: -0.29 | C56: 8.65 | D56: 4.54 | E56: Invalid | F56: 43.62 | G56: Calib. | H56: Calib. | I56: 0.47 | J56: 0.52 | K56: 15.62 | L56: 37.5 | M56: 17.14 | N56: 839.5 | O56: 0 | P56: 0.86 | Q56: 14.34
A57: 13-03-2023 12:15 | B57: -0.02 | C57: 22.14 | D57: 12.2 | E57: Invalid | F57: 13.12 | G57: Calib. | H57: Calib. | I57: 0.47 | J57: 0.36 | K57: 131.04 | L57: 37.15 | M57: 16.95 | N57: 830 | O57: 0 | P57: 0.94 | Q57: 14.61
A58: 13-03-2023 12:30 | B58: 1.36 | C58: 101.96 | D58: 57.36 | E58: Invalid | F58: 33.69 | G58: Calib. | H58: Calib. | I58: 0.49 | J58: 0.71 | K58: 87.81 | L58: 35.98 | M58: 17 | N58: 794.2 | O58: 0 | P58: -0.01 | Q58: 15.83
A59: 13-03-2023 12:45 | B59: 0.98 | C59: 86.97 | D59: 48.79 | E59: Invalid | F59: 58.32 | G59: 37.96 | H59: 13.92 | I59: 0.51 | J59: 1.06 | K59: 128.96 | L59: 35.42 | M59: 17.92 | N59: 773 | O59: 0 | P59: 0 | Q59: 15.99
A60: 13-03-2023 13:00 | B60: 1.46 | C60: 72.36 | D60: 41.11 | E60: Invalid | F60: 50.16 | G60: 56.94 | H60: 21.24 | I60: 0.5 | J60: 0.17 | K60: 217.75 | L60: 35.54 | M60: 16.78 | N60: 731.4 | O60: 0 | P60: 0 | Q60: 14.54
A61: 13-03-2023 13:15 | B61: 4.16 | C61: 130.21 | D61: 75.19 | E61: Invalid | F61: 29.1 | G61: 56.94 | H61: 21.24 | I61: 0.47 | J61: 0.25 | K61: 14.5 | L61: 38.17 | M61: 15.62 | N61: 699.6 | O61: 0 | P61: 0.01 | Q61: 15.71
A62: 13-03-2023 13:30 | B62: 1.87 | C62: 116.58 | D62: 65.84 | E62: 35.22 | F62: 23.91 | G62: 56.94 | H62: 21.24 | I62: 0.52 | J62: 0.48 | K62: 358.73 | L62: 38.08 | M62: 15.37 | N62: 640 | O62: 0 | P62: 0.46 | Q62: 16.11
A63: 13-03-2023 13:45 | B63: 1.47 | C63: 76.17 | D63: 43.22 | E63: 57.9 | F63: 61.39 | G63: 57.04 | H63: 21.46 | I63: 0.63 | J63: 0.07 | K63: 2.18 | L63: 36.8 | M63: 15.21 | N63: 571.2 | O63: 0 | P63: 1.93 | Q63: 15.74
A64: 13-03-2023 14:00 | B64: 0.69 | C64: 67.58 | D64: 37.85 | E64: 46.91 | F64: 62.38 | G64: 57.09 | H64: 21.58 | I64: 0.57 | J64: 0.25 | K64: 256.34 | L64: 35.13 | M64: 16.32 | N64: 516 | O64: 0 | P64: 0.62 | Q64: 15.2
A65: 13-03-2023 14:15 | B65: 0.58 | C65: 70.46 | D65: 39.35 | E65: 26.86 | F65: 30.52 | G65: 57.09 | H65: 21.58 | I65: 0.47 | J65: 0.97 | K65: 33.7 | L65: 35.79 | M65: 16.37 | N65: 612.3 | O65: 0 | P65: 0.62 | Q65: 15.76
A66: 13-03-2023 14:30 | B66: 0.79 | C66: 77.39 | D66: 43.35 | E66: 22.23 | F66: 32.87 | G66: 57.09 | H66: 21.58 | I66: 0.46 | J66: 1.08 | K66: 32.25 | L66: 37.26 | M66: 15.05 | N66: 528.7 | O66: 0 | P66: 0.65 | Q66: 15.82
A67: 13-03-2023 14:45 | B67: 1.05 | C67: 86.72 | D67: 48.7 | E67: 29.07 | F67: 43.04 | G67: 57.26 | H67: 24.56 | I67: 0.47 | J67: 0.68 | K67: 25 | L67: 36.87 | M67: 14.93 | N67: 362.2 | O67: 0 | P67: 0.87 | Q67: 15.09
A68: 13-03-2023 15:00 | B68: 1.01 | C68: 93.5 | D68: 52.41 | E68: 17.84 | F68: 24.67 | G68: 57.34 | H68: 26.05 | I68: 0.48 | J68: 0.08 | K68: 215.56 | L68: 35.34 | M68: 15.85 | N68: 230.5 | O68: 0 | P68: 0.88 | Q68: 15.19
A69: 13-03-2023 15:15 | B69: 1.57 | C69: 95.42 | D69: 53.92 | E69: 32.85 | F69: 48.58 | G69: 57.34 | H69: 26.05 | I69: 0.48 | J69: 0.5 | K69: 22.89 | L69: 35.43 | M69: 15.73 | N69: 436.8 | O69: 0 | P69: 0.77 | Q69: 16.71
A70: 13-03-2023 15:30 | B70: 2.39 | C70: 95.72 | D70: 54.74 | E70: 11.12 | F70: 14.27 | G70: 57.34 | H70: 26.05 | I70: 0.47 | J70: 0.74 | K70: 16.51 | L70: 36.72 | M70: 14.53 | N70: 403.6 | O70: 0 | P70: 0.88 | Q70: 17.83
A71: 13-03-2023 15:45 | B71: 2.46 | C71: 94.46 | D71: 54.1 | E71: 11.72 | F71: 32.15 | G71: 60.12 | H71: 25.41 | I71: 0.49 | J71: 0.61 | K71: 27.59 | L71: 35.82 | M71: 15.31 | N71: 319.9 | O71: 0 | P71: 0.83 | Q71: 18.94
A72: 13-03-2023 16:00 | B72: 2.15 | C72: 76.23 | D72: 43.8 | E72: 21.78 | F72: 66.05 | G72: 61.51 | H72: 25.09 | I72: 0.51 | J72: 0.98 | K72: 30.15 | L72: 35.34 | M72: 15.89 | N72: 210.7 | O72: 0 | P72: 0.77 | Q72: 15.85
A73: 13-03-2023 16:15 | B73: 3.11 | C73: 94.3 | D73: 54.53 | E73: 32.34 | F73: 66.7 | G73: 61.51 | H73: 25.09 | I73: 0.51 | J73: 0.8 | K73: 41.31 | L73: 34.86 | M73: 15.81 | N73: 187.3 | O73: 0 | P73: 0.8 | Q73: 14.84
... A104: 13-03-2023 24:00 | B104: 141.89 | C104: 224.94 | D104: 237.92 | E104: 3.45 | F104: 4.02 | G104: 148.9 | H104: 59.76 | I104: 1.43 | J104: 0.15 | K104: 276.55 | L104: 23.91 | M104: 45.49 | N104: 4.3 | O104: 0 | P104: 2.84 | Q104: 38.66
A106: Min | B106: =MIN(B9:B104) -> -0.29 | C106: =MIN(C9:C104) -> 8.65 | D106: =MIN(D9:D104) -> 4.54 | E106: =MIN(E9:E104) -> 0.25 | F106: =MIN(F9:F104) -> 2.78 | G106: =MIN(G9:G104) -> 37.55 | H106: =MIN(H9:H104) -> 13.92 | I106: =MIN(I9:I104) -> 0.44 | ... Q106: =MIN(Q9:Q104) -> 11.07
A107: Max | B107: =MAX(B9:B104) -> 154.26 | C107: =MAX(C9:C104) -> 236.03 | D107: =MAX(D9:D104) -> 253.66 | E107: =MAX(E9:E104) -> 57.9 | F107: =MAX(F9:F104) -> 84.36 | G107: =MAX(G9:G104) -> 241.21 | H107: =MAX(H9:H104) -> 67.01 | I107: =MAX(I9:I104) -> 2.24 | ... Q107: =MAX(Q9:Q104) -> 39.09
A108: Avg | B108: =AVERAGE(B9:B104) -> 48.866458 | C108: =AVERAGE(C9:C104) -> 124.52781 | D108: =AVERAGE(D9:D104) -> 107.44 | E108: =AVERAGE(E9:E104) -> 11.054659 | F108: =AVERAGE(F9:F104) -> 16.516667 | G108: =AVERAGE(G9:G104) -> 108.74301 | H108: =AVERAGE(H9:H104) -> 40.52043 | I108: =AVERAGE(I9:I104) -> 0.878125 | ... Q108: =AVERAGE(Q9:Q104) -> 27.840937
A109: Stdev | B109: =STDEV(B9:B104) -> 46.970219 | C109: =STDEV(C9:C104) -> 51.032407 | D109: =STDEV(D9:D104) -> 63.57638 | E109: =STDEV(E9:E104) -> 10.485686 | F109: =STDEV(F9:F104) -> 22.116772 | G109: =STDEV(G9:G104) -> 51.162362 | H109: =STDEV(H9:H104) -> 13.173688 | I109: =STDEV(I9:I104) -> 0.4210821 | ... Q109: =STDEV(Q9:Q104) -> 10.075214
A110: Num | B110: =COUNT(B9:B104) -> 96 | C110: =COUNT(C9:C104) -> 96 | D110: =COUNT(D9:D104) -> 96 | E110: =COUNT(E9:E104) -> 88 | F110: =COUNT(F9:F104) -> 96 | G110: =COUNT(G9:G104)+3 -> 96 | H110: =COUNT(H9:H104)+3 -> 96 | I110: =COUNT(I9:I104) -> 96 | J110: =COUNT(J9:J104) -> 96 | K110: =COUNT(K9:K104) -> 96 | L110: =COUNT(L9:L104) -> 96 | M110: =COUNT(M9:M104) -> 96 | N110: =COUNT(N9:N104) -> 96 | O110: =COUNT(O9:O104) -> 96 | P110: =COUNT(P9:P104) -> 96 | Q110: =COUNT(Q9:Q104) -> 96
A111: DCR | B111: =IF(B110>=87,">90%",IF(B110<=87,"<90%")) -> >90% | C111: =IF(C110>=87,">90%",IF(C110<=87,"<90%")) -> >90% | D111: =IF(D110>=87,">90%",IF(D110<=87,"<90%")) -> >90% | E111: =IF(E110>=87,">90%",IF(E110<=87,"<90%")) -> >90% | F111: =IF(F110>=87,">90%",IF(F110<=87,"<90%")) -> >90% | G111: =IF(G110>=87,">90%",IF(G110<=87,"<90%")) -> >90% | H111: =IF(H110>=87,">90%",IF(H110<=87,"<90%")) -> >90% | I111: =IF(I110>=87,">90%",IF(I110<=87,"<90%")) -> >90% | ... Q111: =IF(Q110>=87,">90%",IF(Q110<=87,"<90%")) -> >90%
A112: Status | B112: =IF(B110>=87,"OK",IF(B110<=87,"LESS")) -> OK | C112: =IF(C110>=87,"OK",IF(C110<=87,"LESS")) -> OK | D112: =IF(D110>=87,"OK",IF(D110<=87,"LESS")) -> OK | E112: =IF(E110>=87,"OK",IF(E110<=87,"LESS")) -> OK | F112: =IF(F110>=87,"OK",IF(F110<=87,"LESS")) -> OK | G112: =IF(G110>=87,"OK",IF(G110<=87,"LESS")) -> OK | H112: =IF(H110>=87,"OK",IF(H110<=87,"LESS")) -> OK | I112: =IF(I110>=87,"OK",IF(I110<=87,"LESS")) -> OK | ... Q112: =IF(Q110>=87,"OK",IF(Q110<=87,"LESS")) -> OK
A115: Done by | B115: RK
A117: Comment

Sheet 14
A1: Station: | B1: BHATAGAON RAIPUR
A2: Date: | B2: =$A$9 -> 14-03-2023 00:15 | D2: Power Off | G2: Pw.Off | L2: Link Fail | N2: Link F | P2: Maintenance | R2: Maint.
A3: Report Type: | B3: Mean | D3: Calibration | G3: Calib. | L3: Data Fail | N3: Data F | P3: Invalid | R3: Invalid
A4: Time Base: | B4: 15 Min | D4: Zero Referrence | G4: Z.Ref | L4: Warm Up | N4: Wm. Up
A7: Date & Time | B7: NO_BHATAGAON | C7: NO2__BHATAGAON | D7: NOX_BHATAGAON | E7: SO2__BHATAGAON | F7: O3__BHATAGAON | G7: PM10__BHATAGAON | H7: PM2_5__BHATAGAON | I7: BENZ__BHATAGAON | J7: WS__BHATAGAON | K7: WD__BHATAGAON | L7: TEMP__BHATAGAON | M7: HUM__BHATAGAON | N7: SR__BHATAGAON | O7: RG__BHATAGAON | P7: CO__BHATAGAON | Q7: NH3__BHATAGAON
B8: ug/m3 | C8: ug/m3 | D8: ppb | E8: ug/m3 | F8: ug/m3 | G8: ug/m3 | H8: ug/m3 | I8: ug/m3 | J8: m/sec | K8: deg | L8: degreC | M8: % | N8: w/m2 | O8: mm | P8: mg/m3 | Q8: ug/m3
A9: 14-03-2023 00:15 | B9: 134.82 | C9: 221.19 | D9: 230.18 | E9: 4.97 | F9: 3.29 | G9: 148.9 | H9: 59.76 | I9: 1.36 | J9: 0.14 | K9: 65.54 | L9: 23.59 | M9: 47.66 | N9: 5 | O9: 0 | P9: 2.79 | Q9: 38.1
A10: 14-03-2023 00:30 | B10: 127.71 | C10: 217.11 | D10: 222.23 | E10: 5.56 | F10: 3.13 | G10: 148.9 | H10: 59.76 | I10: 1.38 | J10: 0.05 | K10: 272.77 | L10: 23.75 | M10: 42.05 | N10: 4.5 | O10: 0 | P10: 2.69 | Q10: 37.37
A11: 14-03-2023 00:45 | B11: 121.12 | C11: 213.53 | D11: 214.97 | E11: 10.28 | F11: 9.36 | G11: 127.67 | H11: 56.4 | I11: 1.39 | J11: 0.13 | K11: 36.8 | L11: 24.03 | M11: 38.51 | N11: 4.5 | O11: 0 | P11: 1.64 | Q11: 37.83
A12: 14-03-2023 01:00 | B12: 117.05 | C12: 210.85 | D12: 210.23 | E12: 9.59 | F12: 11.58 | G12: 117.05 | H12: 54.72 | I12: 1.24 | J12: 0.04 | K12: 239.03 | L12: 23.59 | M12: 39.77 | N12: 4.9 | O12: 0 | P12: 1.73 | Q12: 37.54
A13: 14-03-2023 01:15 | B13: 113.12 | C13: 208.52 | D13: 205.79 | E13: 9.09 | F13: 7.18 | G13: 117.05 | H13: 54.72 | I13: 0.94 | J13: 0.05 | K13: 42.38 | L13: 23.52 | M13: 40.74 | N13: 4.9 | O13: 0 | P13: 1.61 | Q13: 37.58
A14: 14-03-2023 01:30 | B14: 109.66 | C14: 205.69 | D14: 201.46 | E14: 9.33 | F14: 16.51 | G14: 117.05 | H14: 54.72 | I14: 0.89 | J14: 0.17 | K14: 349.73 | L14: 23.28 | M14: 39.8 | N14: 4.5 | O14: 0 | P14: 1.35 | Q14: 37.93
A15: 14-03-2023 01:45 | B15: 106.08 | C15: 201.75 | D15: 196.41 | E15: 23.58 | F15: 16.75 | G15: 102.91 | H15: 52.76 | I15: 0.95 | J15: 0.29 | K15: 353.32 | L15: 23.5 | M15: 38.25 | N15: 4.1 | O15: 0 | P15: 1.64 | Q15: 38.7
A16: 14-03-2023 02:00 | B16: 101.97 | C16: 198.03 | D16: 191.06 | E16: 25.16 | F16: 18.22 | G16: 95.84 | H16: 51.79 | I16: 0.87 | J16: 0.46 | K16: 17.73 | L16: 24.09 | M16: 34.33 | N16: 3.8 | O16: 0 | P16: 1.5 | Q16: 38.59
A17: 14-03-2023 02:15 | B17: 96.78 | C17: 193.3 | D17: 184.29 | E17: 19.09 | F17: 12.71 | G17: 95.84 | H17: 51.79 | I17: 0.8 | J17: 0.97 | K17: 17.21 | L17: 24.12 | M17: 35.26 | N17: 4.3 | O17: 0 | P17: 1.73 | Q17: 38.06
A18: 14-03-2023 02:30 | B18: 90.55 | C18: 188.19 | D18: 176.47 | E18: 10.8 | F18: 5.58 | G18: 95.84 | H18: 51.79 | I18: 0.85 | J18: 0.47 | K18: 23.17 | L18: 23.71 | M18: 36.07 | N18: 5.2 | O18: 0 | P18: 2.05 | Q18: 37.33
A19: 14-03-2023 02:45 | B19: 84.75 | C19: 186.03 | D19: 170.63 | E19: 6.35 | F19: 3.61 | G19: 97.81 | H19: 47.1 | I19: 0.99 | J19: 0.23 | K19: 62.68 | L19: 23.32 | M19: 37.05 | N19: 5 | O19: 0 | P19: 2.04 | Q19: 37.46
A20: 14-03-2023 03:00 | B20: 78.61 | C20: 182.79 | D20: 163.92 | E20: 5.73 | F20: 3.42 | G20: 98.85 | H20: 44.76 | I20: 1.13 | J20: 0.08 | K20: 359.69 | L20: 22.93 | M20: 39.32 | N20: 5.2 | O20: 0 | P20: 1.96 | Q20: 37.51
... A46: 14-03-2023 09:30 | B46: 52.98 | C46: 176.41 | D46: 139.84 | E46: 8.84 | F46: 6.08 | G46: 141.04 | H46: 51.94 | I46: 0.84 | J46: 0.94 | K46: 102.33 | L46: 29.31 | M46: 28.25 | N46: 517.7 | O46: 0 | P46: 1.5 | Q46: 36.08
A47: 14-03-2023 09:45 | B47: 50.57 | C47: 176.52 | D47: 137.97 | E47: 6.62 | F47: 5.8 | G47: 125.6 | H47: 50.79 | I47: 0.84 | J47: 0.62 | K47: 125.45 | L47: 29.75 | M47: 28.66 | N47: 598.9 | O47: 0 | P47: 1.46 | Q47: Maint.
A48: 14-03-2023 10:00 | B48: Pw.Off | C48: Pw.Off | D48: Pw.Off | E48: Pw.Off | F48: Pw.Off | G48: Pw.Off | H48: Pw.Off | I48: Pw.Off | J48: Pw.Off | K48: Pw.Off | L48: Pw.Off | M48: Pw.Off | N48: Pw.Off | O48: Pw.Off | P48: Pw.Off | Q48: Pw.Off
A49: 14-03-2023 10:15 | B49: Pw.Off | C49: Pw.Off | D49: Pw.Off | E49: Pw.Off | F49: Pw.Off | G49: Pw.Off | H49: Pw.Off | I49: Pw.Off | J49: Pw.Off | K49: Pw.Off | L49: Pw.Off | M49: Pw.Off | N49: Pw.Off | O49: Pw.Off | P49: Pw.Off | Q49: Pw.Off
A50: 14-03-2023 10:30 | B50: 27.42 | C50: 177.62 | D50: 120.02 | E50: 5.47 | F50: 3.8 | G50: 96.64 | H50: 48.64 | I50: 0.81 | J50: 0.09 | K50: 76.05 | L50: 32.96 | M50: 22.59 | N50: 687.6 | O50: 0 | P50: 1.38 | Q50: Wm. Up
A51: 14-03-2023 10:45 | B51: 7.53 | C51: 160.38 | D51: 94.54 | E51: 17.3 | F51: 28.03 | G51: 88.96 | H51: 46.87 | I51: 0.8 | J51: 0.33 | K51: 78.46 | L51: 34.02 | M51: 21.8 | N51: 706.2 | O51: 0 | P51: 1.26 | Q51: 27.94
A52: 14-03-2023 11:00 | B52: 1.14 | C52: 111.84 | D52: 62.64 | E52: 23.33 | F52: 36.92 | G52: 85.11 | H52: 45.94 | I52: 0.77 | J52: 0.33 | K52: 22.01 | L52: 34.08 | M52: 19.56 | N52: 743.6 | O52: 0 | P52: 0.92 | Q52: 20.07
A53: 14-03-2023 11:15 | B53: 1.02 | C53: 109.38 | D53: 61.18 | E53: 18.27 | F53: 22.27 | G53: 85.11 | H53: 45.94 | I53: 0.61 | J53: 0.73 | K53: 98.9 | L53: 30.86 | M53: 19.64 | N53: 703.6 | O53: 0 | P53: 0.9 | Q53: 18.99
A54: 14-03-2023 11:30 | B54: 0.95 | C54: 94.62 | D54: 52.97 | E54: 33.6 | F54: 44.3 | G54: 85.11 | H54: 45.94 | I54: 0.53 | J54: 1.24 | K54: 112.49 | L54: 29.94 | M54: 20.41 | N54: 746.4 | O54: 0 | P54: 0.69 | Q54: 19.7
A55: 14-03-2023 11:45 | B55: 0.87 | C55: 67 | D55: 37.67 | E55: 50.79 | F55: 63.15 | G55: 72.87 | H55: 43.66 | I55: 0.51 | J55: 1.62 | K55: 129.48 | L55: 32.94 | M55: 19.91 | N55: 791.9 | O55: 0 | P55: 0.52 | Q55: 17.36
A56: 14-03-2023 12:00 | B56: 0.81 | C56: 63.86 | D56: 35.89 | E56: 40.97 | F56: 57.2 | G56: 66.75 | H56: 42.53 | I56: 0.47 | J56: 0.89 | K56: 103.36 | L56: 34.73 | M56: 18.22 | N56: 786 | O56: 0 | P56: 0.56 | Q56: 16.06
A57: 14-03-2023 12:15 | B57: 0.92 | C57: 74.67 | D57: 41.95 | E57: 45.72 | F57: 75.88 | G57: 66.75 | H57: 42.53 | I57: 0.46 | J57: 0.6 | K57: 53.34 | L57: 35.6 | M57: 16.71 | N57: 702.8 | O57: 0 | P57: 0.59 | Q57: 16.98
A58: 14-03-2023 12:30 | B58: 1.02 | C58: 81.12 | D58: 45.59 | E58: 37.18 | F58: 59.92 | G58: 66.75 | H58: 42.53 | I58: 0.45 | J58: 1.38 | K58: 128.82 | L58: 34.5 | M58: 17.66 | N58: 622.5 | O58: 0 | P58: 0.44 | Q58: 17.45
A59: 14-03-2023 12:45 | B59: 0.99 | C59: 80.11 | D59: 45 | E59: 34.52 | F59: 61.53 | G59: 62.13 | H59: 36.44 | I59: 0.45 | J59: 0.23 | K59: 89.92 | L59: 35.16 | M59: 16.35 | N59: 590 | O59: 0 | P59: 0.49 | Q59: 17.59
A60: 14-03-2023 13:00 | B60: 1.09 | C60: 78.32 | D60: 44.1 | E60: 41.49 | F60: 77.09 | G60: 59.82 | H60: 33.24 | I60: 0.46 | J60: 0.33 | K60: 79.77 | L60: 36.31 | M60: 15.5 | N60: 578.2 | O60: 0 | P60: 0.56 | Q60: 17.34
A61: 14-03-2023 13:15 | B61: 1.29 | C61: 78.05 | D61: 44.11 | E61: 29.68 | F61: 56.68 | G61: 59.82 | H61: 33.24 | I61: 0.48 | J61: 0.42 | K61: 5.24 | L61: 36.71 | M61: 15.47 | N61: 561.5 | O61: 0 | P61: 0.68 | Q61: 17.68
A62: 14-03-2023 13:30 | B62: 2.21 | C62: 97.1 | D62: 55.36 | E62: 26.05 | F62: 52.84 | G62: 59.82 | H62: 33.24 | I62: 0.46 | J62: 0.42 | K62: 14.74 | L62: 37.58 | M62: 15.74 | N62: 697.1 | O62: 0 | P62: 0.8 | Q62: 17.45
A63: 14-03-2023 13:45 | B63: 7.45 | C63: 116.37 | D63: 70.2 | E63: 28.25 | F63: 53.61 | G63: 96.64 | H63: 33.24 | I63: 0.45 | J63: 0.33 | K63: 56.84 | L63: 38.15 | M63: 14.98 | N63: 699.4 | O63: 0 | P63: 0.89 | Q63: Maint.
A64: 14-03-2023 14:00 | B64: Pw.Off | C64: Pw.Off | D64: Pw.Off | E64: Pw.Off | F64: Pw.Off | G64: Pw.Off | H64: Pw.Off | I64: Pw.Off | J64: Pw.Off | K64: Pw.Off | L64: Pw.Off | M64: Pw.Off | N64: Pw.Off | O64: Pw.Off | P64: Pw.Off | Q64: Pw.Off
A65: 14-03-2023 14:15 | B65: Pw.Off | C65: Pw.Off | D65: Pw.Off | E65: Pw.Off | F65: Pw.Off | G65: Pw.Off | H65: Pw.Off | I65: Pw.Off | J65: Pw.Off | K65: Pw.Off | L65: Pw.Off | M65: Pw.Off | N65: Pw.Off | O65: Pw.Off | P65: Pw.Off | Q65: Pw.Off
A66: 14-03-2023 14:30 | B66: Pw.Off | C66: Pw.Off | D66: Pw.Off | E66: Pw.Off | F66: Pw.Off | G66: Pw.Off | H66: Pw.Off | I66: Pw.Off | J66: Pw.Off | K66: Pw.Off | L66: Pw.Off | M66: Pw.Off | N66: Pw.Off | O66: Pw.Off | P66: Pw.Off | Q66: Pw.Off
A67: 14-03-2023 14:45 | B67: Pw.Off | C67: Pw.Off | D67: Pw.Off | E67: Pw.Off | F67: Pw.Off | G67: Pw.Off | H67: Pw.Off | I67: Pw.Off | J67: Pw.Off | K67: Pw.Off | L67: Pw.Off | M67: Pw.Off | N67: Pw.Off | O67: Pw.Off | P67: Pw.Off | Q67: Pw.Off
A68: 14-03-2023 15:00 | B68: Pw.Off | C68: Pw.Off | D68: Pw.Off | E68: Pw.Off | F68: Pw.Off | G68: Pw.Off | H68: Pw.Off | I68: Pw.Off | J68: Pw.Off | K68: Pw.Off | L68: Pw.Off | M68: Pw.Off | N68: Pw.Off | O68: Pw.Off | P68: Pw.Off | Q68: Pw.Off
A69: 14-03-2023 15:15 | B69: Wm. Up | C69: Wm. Up | D69: Wm. Up | E69: Wm. Up | F69: 22.13 | G69: 47.3 | H69: 32.85 | I69: Wm. Up | J69: 1.3 | K69: 13.16 | L69: 37.69 | M69: 13.86 | N69: 405 | O69: 0 | P69: Wm. Up | Q69: Wm. Up
A70: 14-03-2023 15:30 | B70: Wm. Up | C70: Wm. Up | D70: Wm. Up | E70: 1.78 | F70: 10.58 | G70: 47.3 | H70: 24.75 | I70: Wm. Up | J70: 1.15 | K70: 347.87 | L70: 37.8 | M70: 13.09 | N70: 305.9 | O70: 0 | P70: 0.64 | Q70: Maint.
A71: 14-03-2023 15:45 | B71: 2.52 | C71: 85.7 | D71: 49.32 | E71: 7.13 | F71: 33.77 | G71: Maint. | H71: Maint. | I71: Maint. | J71: 1.03 | K71: 0.93 | L71: 37.05 | M71: 13.46 | N71: 314.7 | O71: 0 | P71: 0.51 | Q71: Maint.
A72: 14-03-2023 16:00 | B72: 1.27 | C72: 72.05 | D72: 40.78 | E72: 17.59 | F72: 44.94 | G72: Maint. | H72: Maint. | I72: Maint. | J72: 0.45 | K72: 12.4 | L72: 36.46 | M72: 13.91 | N72: 222.1 | O72: 0 | P72: 0.54 | Q72: Maint.
A73: 14-03-2023 16:15 | B73: 1.04 | C73: 87.81 | D73: 49.3 | E73: 16.02 | F73: 48.07 | G73: Maint. | H73: Maint. | I73: 0.5 | J73: 0.8 | K73: 13.93 | L73: 36.35 | M73: 14.61 | N73: 227.7 | O73: 0 | P73: 0.53 | Q73: Maint.
A74: 14-03-2023 16:30 | B74: 1.15 | C74: 102.28 | D74: 57.37 | E74: 17.28 | F74: 64.01 | G74: 47.73 | H74: 17.92 | I74: 0.5 | J74: 0.44 | K74: 21.4 | L74: 36 | M74: 13.76 | N74: 140 | O74: 0 | P74: 0.39 | Q74: Maint.
A75: 14-03-2023 16:45 | B75: 1.26 | C75: 104.26 | D75: 58.55 | E75: 18.55 | F75: 49.42 | G75: 47.73 | H75: 17.92 | I75: 0.49 | J75: 0.86 | K75: 17.79 | L75: 35.12 | M75: 16.07 | N75: 107.8 | O75: 0 | P75: 0.5 | Q75: Maint.
A76: 14-03-2023 17:00 | B76: 1.24 | C76: 107.43 | D76: 60.28 | E76: 19.43 | F76: 50.06 | G76: 47.73 | H76: 17.92 | I76: 0.47 | J76: 0.89 | K76: 6.09 | L76: 34.5 | M76: 16.67 | N76: 82.1 | O76: 0 | P76: 0.61 | Q76: Maint.
A77: 14-03-2023 17:15 | B77: 0.85 | C77: 104.03 | D77: 58.09 | E77: 13.86 | F77: 51.02 | G77: 47.73 | H77: 17.92 | I77: 0.49 | J77: 0.9 | K77: 10.19 | L77: 34.02 | M77: 17.47 | N77: 62.3 | O77: 0 | P77: 0.63 | Q77: 1.57
A78: 14-03-2023 17:30 | B78: 1.72 | C78: 112.47 | D78: 63.45 | E78: 13.39 | F78: 50.65 | G78: 45.63 | H78: 18.87 | I78: 0.5 | J78: 0.72 | K78: 7.37 | L78: 33.36 | M78: 18.37 | N78: 44.8 | O78: 0 | P78: 0.68 | Q78: 28.3
A79: 14-03-2023 17:45 | B79: 4.34 | C79: 134.71 | D79: 77.82 | E79: 15.65 | F79: -0.62 | G79: 45.28 | H79: 19.03 | I79: 0.5 | J79: 0.79 | K79: 17.47 | L79: 32.69 | M79: 19.71 | N79: 29 | O79: 0 | P79: 0.94 | Q79: 28.26
A80: 14-03-2023 18:00 | B80: 3.85 | C80: 142.84 | D80: 81.92 | E80: 17.57 | F80: 190.25 | G80: 45.28 | H80: 19.03 | I80: 0.51 | J80: 0.68 | K80: 14.23 | L80: 31.93 | M80: 20.61 | N80: 13.5 | O80: 0 | P80: 1.09 | Q80: 30.63
A81: 14-03-2023 18:15 | B81: 15 | C81: 176.71 | D81: 109.55 | E81: 19.92 | F81: 26.78 | G81: 45.28 | H81: 19.03 | I81: 0.55 | J81: 0.49 | K81: 15.15 | L81: 31.15 | M81: 21.6 | N81: 6.6 | O81: 0 | P81: 1.91 | Q81: 27.7
A82: 14-03-2023 18:30 | B82: 19.08 | C82: 190.74 | D82: 120.56 | E82: 17.42 | F82: 18.75 | G82: 52.94 | H82: 22.77 | I82: 0.63 | J82: 0.21 | K82: 12.98 | L82: 30.75 | M82: 21.87 | N82: 5.1 | O82: 0 | P82: 2.07 | Q82: 30.63
A83: 14-03-2023 18:45 | B83: 20.74 | C83: 191.86 | D83: 122.51 | E83: 16.29 | F83: 6.37 | G83: 54.24 | H83: 23.4 | I83: 0.7 | J83: 0.13 | K83: 29.57 | L83: 30.37 | M83: 25.39 | N83: 4.8 | O83: 0 | P83: 3.3 | Q83: 30.86
A84: 14-03-2023 19:00 | B84: 24.27 | C84: 193.13 | D84: 126.05 | E84: 13.13 | F84: 3.56 | G84: 54.24 | H84: 23.4 | I84: 0.75 | J84: 0.09 | K84: 48.03 | L84: 29.63 | M84: 28.51 | N84: 5.1 | O84: 0 | P84: 3.81 | Q84: 32.6
A85: 14-03-2023 19:15 | B85: 31.98 | C85: 194.67 | D85: 133.08 | E85: 17.62 | F85: 2.99 | G85: 54.24 | H85: 23.4 | I85: 1 | J85: 0.12 | K85: 34.55 | L85: 29.04 | M85: 29.14 | N85: 4.9 | O85: 0 | P85: 4.35 | Q85: 31.84
A86: 14-03-2023 19:30 | B86: 43.86 | C86: 197.65 | D86: 144.25 | E86: 15.79 | F86: 2.64 | G86: 139.79 | H86: 30.27 | I86: 1.25 | J86: 0.07 | K86: 42.61 | L86: 28.47 | M86: 31.18 | N86: 5.1 | O86: 0 | P86: 4.56 | Q86: 33.45
A87: 14-03-2023 19:45 | B87: 54.63 | C87: 200.22 | D87: 154.3 | E87: 18.22 | F87: 2.69 | G87: 154.23 | H87: 31.43 | I87: 1.23 | J87: 0.1 | K87: 54.03 | L87: 28.42 | M87: 31.06 | N87: 4.6 | O87: 0 | P87: 4.99 | Q87: 38.58
A88: 14-03-2023 20:00 | B88: 63.55 | C88: 202.83 | D88: 162.9 | E88: 27.83 | F88: 2.91 | G88: 154.23 | H88: 31.43 | I88: 1.44 | J88: 0.16 | K88: 40.17 | L88: 28.47 | M88: 31.2 | N88: 4.4 | O88: 0 | P88: 4.5 | Q88: 40.93
... A104: 14-03-2023 24:00 | B104: 21.23 | C104: 164.55 | D104: 107.84 | E104: 2.4 | F104: 3.14 | G104: 98.52 | H104: 37.95 | I104: 0.85 | J104: 0.15 | K104: 35.55 | L104: 26.7 | M104: 33.17 | N104: 4.7 | O104: 0 | P104: 1.54 | Q104: 43.76
A106: Min | B106: =MIN(B9:B104) -> 0.81 | C106: =MIN(C9:C104) -> 63.86 | D106: =MIN(D9:D104) -> 35.89 | E106: =MIN(E9:E104) -> 1.78 | F106: =MIN(F9:F104) -> -0.62 | G106: =MIN(G9:G104) -> 45.28 | H106: =MIN(H9:H104) -> 17.92 | I106: =MIN(I9:I104) -> 0.45 | ... Q106: =MIN(Q9:Q104) -> 1.57
A107: Max | B107: =MAX(B9:B104) -> 134.82 | C107: =MAX(C9:C104) -> 221.19 | D107: =MAX(D9:D104) -> 230.18 | E107: =MAX(E9:E104) -> 50.79 | F107: =MAX(F9:F104) -> 190.25 | G107: =MAX(G9:G104) -> 179.56 | H107: =MAX(H9:H104) -> 59.76 | I107: =MAX(I9:I104) -> 1.59 | ... Q107: =MAX(Q9:Q104) -> 47.82
A108: Avg | B108: =AVERAGE(B9:B104) -> 47.154138 | C108: =AVERAGE(C9:C104) -> 162.23299 | D108: =AVERAGE(D9:D104) -> 127.34632 | E108: =AVERAGE(E9:E104) -> 14.409773 | F108: =AVERAGE(F9:F104) -> 19.587528 | G108: =AVERAGE(G9:G104) -> 102.86384 | H108: =AVERAGE(H9:H104) -> 41.95407 | I108: =AVERAGE(I9:I104) -> 0.85670588 | ... Q108: =AVERAGE(Q9:Q104) -> 34.462692
A109: Stdev | B109: =STDEV(B9:B104) -> 35.468581 | C109: =STDEV(C9:C104) -> 42.413848 | D109: =STDEV(D9:D104) -> 49.491352 | E109: =STDEV(E9:E104) -> 11.404483 | F109: =STDEV(F9:F104) -> 27.71112 | G109: =STDEV(G9:G104) -> 38.947256 | H109: =STDEV(H9:H104) -> 11.232177 | I109: =STDEV(I9:I104) -> 0.28226713 | ... Q109: =STDEV(Q9:Q104) -> 9.1207565
A110: Num | B110: =COUNT(B9:B104)+9 -> 96 | C110: =COUNT(C9:C104)+9 -> 96 | D110: =COUNT(D9:D104)+9 -> 96 | E110: =COUNT(E9:E104)+8 -> 96 | F110: =COUNT(F9:F104)+7 -> 96 | G110: =COUNT(G9:G104)+10 -> 96 | H110: =COUNT(H9:H104)+10 -> 96 | I110: =COUNT(I9:I104)+11 -> 96 | J110: =COUNT(J9:J104)+7 -> 96 | K110: =COUNT(K9:K104)+7 -> 96 | L110: =COUNT(L9:L104)+7 -> 96 | M110: =COUNT(M9:M104)+7 -> 96 | N110: =COUNT(N9:N104)+7 -> 96 | O110: =COUNT(O9:O104)+7 -> 96 | P110: =COUNT(P9:P104)+8 -> 96 | Q110: =COUNT(Q9:Q104)+18 -> 96
A111: DCR | B111: =IF(B110>=87,">90%",IF(B110<=87,"<90%")) -> >90% | C111: =IF(C110>=87,">90%",IF(C110<=87,"<90%")) -> >90% | D111: =IF(D110>=87,">90%",IF(D110<=87,"<90%")) -> >90% | E111: =IF(E110>=87,">90%",IF(E110<=87,"<90%")) -> >90% | F111: =IF(F110>=87,">90%",IF(F110<=87,"<90%")) -> >90% | G111: =IF(G110>=87,">90%",IF(G110<=87,"<90%")) -> >90% | H111: =IF(H110>=87,">90%",IF(H110<=87,"<90%")) -> >90% | I111: =IF(I110>=87,">90%",IF(I110<=87,"<90%")) -> >90% | ... Q111: =IF(Q110>=87,">90%",IF(Q110<=87,"<90%")) -> >90%
A112: Status | B112: =IF(B110>=87,"OK",IF(B110<=87,"LESS")) -> OK | C112: =IF(C110>=87,"OK",IF(C110<=87,"LESS")) -> OK | D112: =IF(D110>=87,"OK",IF(D110<=87,"LESS")) -> OK | E112: =IF(E110>=87,"OK",IF(E110<=87,"LESS")) -> OK | F112: =IF(F110>=87,"OK",IF(F110<=87,"LESS")) -> OK | G112: =IF(G110>=87,"OK",IF(G110<=87,"LESS")) -> OK | H112: =IF(H110>=87,"OK",IF(H110<=87,"LESS")) -> OK | I112: =IF(I110>=87,"OK",IF(I110<=87,"LESS")) -> OK | ... Q112: =IF(Q110>=87,"OK",IF(Q110<=87,"LESS")) -> OK
A115: Done by | B115: RK
A117: Comment

Sheet 15
A1: Station: | B1: BHATAGAON RAIPUR
A2: Date: | B2: =$A$9 -> 15-03-2023 00:15 | D2: Power Off | G2: Pw.Off | L2: Link Fail | N2: Link F | P2: Maintenance | R2: Maint.
A3: Report Type: | B3: Mean | D3: Calibration | G3: Calib. | L3: Data Fail | N3: Data F | P3: Invalid | R3: Invalid
A4: Time Base: | B4: 15 Min | D4: Zero Referrence | G4: Z.Ref | L4: Warm Up | N4: Wm. Up
A7: Date & Time | B7: NO_BHATAGAON | C7: NO2__BHATAGAON | D7: NOX_BHATAGAON | E7: SO2__BHATAGAON | F7: O3__BHATAGAON | G7: PM10__BHATAGAON | H7: PM2_5__BHATAGAON | I7: BENZ__BHATAGAON | J7: WS__BHATAGAON | K7: WD__BHATAGAON | L7: TEMP__BHATAGAON | M7: HUM__BHATAGAON | N7: SR__BHATAGAON | O7: RG__BHATAGAON | P7: CO__BHATAGAON | Q7: NH3__BHATAGAON
B8: ug/m3 | C8: ug/m3 | D8: ppb | E8: ug/m3 | F8: ug/m3 | G8: ug/m3 | H8: ug/m3 | I8: ug/m3 | J8: m/sec | K8: deg | L8: degreC | M8: % | N8: w/m2 | O8: mm | P8: mg/m3 | Q8: ug/m3
A9: 15-03-2023 00:15 | B9: 17.49 | C9: 160 | D9: 102.33 | E9: 3.95 | F9: 3.5 | G9: 98.52 | H9: 37.95 | I9: 0.81 | J9: 0.28 | K9: 25.51 | L9: 26.56 | M9: 32.93 | N9: 4.7 | O9: 0 | P9: 1.4 | Q9: 42.75
A10: 15-03-2023 00:30 | B10: 14.09 | C10: 156.4 | D10: 97.61 | E10: 4.45 | F10: 4.34 | G10: 47.53 | H10: 30.15 | I10: 0.8 | J10: 0.17 | K10: 34.65 | L10: 26.72 | M10: 31.57 | N10: 4.3 | O10: 0 | P10: 1.31 | Q10: 41.89
A11: 15-03-2023 00:45 | B11: 11.13 | C11: 153.58 | D11: 93.68 | E11: 4.59 | F11: 8.28 | G11: 38.92 | H11: 28.83 | I11: 0.75 | J11: 0.13 | K11: 44.71 | L11: 26.73 | M11: 31.53 | N11: 4.7 | O11: 0 | P11: 1.1 | Q11: 42.12
A12: 15-03-2023 01:00 | B12: 9.27 | C12: 151.84 | D12: 91.23 | E12: 4.5 | F12: 4.01 | G12: 38.92 | H12: 28.83 | I12: 0.71 | J12: 0.16 | K12: 29.59 | L12: 26.61 | M12: 31.27 | N12: 4.6 | O12: 0 | P12: 1.16 | Q12: 42.24
A13: 15-03-2023 01:15 | B13: 7.8 | C13: 150.42 | D13: 89.27 | E13: 4.24 | F13: 3.15 | G13: 38.92 | H13: 28.83 | I13: 0.65 | J13: 0.32 | K13: 0 | L13: 26.28 | M13: 32.37 | N13: 4.7 | O13: 0 | P13: 1.14 | Q13: 42.39
A14: 15-03-2023 01:30 | B14: 6.79 | C14: 149.47 | D14: 87.93 | E14: 3.82 | F14: 3.08 | G14: 42.82 | H14: 21.29 | I14: 0.63 | J14: 0.22 | K14: 10.78 | L14: 25.98 | M14: 33.13 | N14: 4.8 | O14: 0 | P14: 1.14 | Q14: 42.35
A15: 15-03-2023 01:45 | B15: 6.09 | C15: 148.44 | D15: 86.8 | E15: 4.69 | F15: 8.18 | G15: 43.47 | H15: 20.02 | I15: 0.63 | J15: 0.2 | K15: 359.87 | L15: 25.61 | M15: 34.99 | N15: 4.7 | O15: 0 | P15: 1.04 | Q15: 42.85
A16: 15-03-2023 02:00 | B16: 6.05 | C16: 148.5 | D16: 86.8 | E16: 7.47 | F16: 15.52 | G16: 43.47 | H16: 20.02 | I16: 0.62 | J16: 0.07 | K16: 353.7 | L16: 25.54 | M16: 34.82 | N16: 4.7 | O16: 0 | P16: 0.93 | Q16: 44.35
A17: 15-03-2023 02:15 | B17: 6.31 | C17: 148.79 | D17: 87.17 | E17: 5.81 | F17: 7.17 | G17: 43.47 | H17: 20.02 | I17: 0.59 | J17: 0.34 | K17: 331.13 | L17: 25.33 | M17: 37.05 | N17: 4.6 | O17: 0 | P17: 1.03 | Q17: 46.55
A18: 15-03-2023 02:30 | B18: 6.39 | C18: 147.47 | D18: 86.51 | E18: 4.14 | F18: 2.96 | G18: 40.75 | H18: 20.3 | I18: 0.54 | J18: 0.29 | K18: 340.38 | L18: 25.26 | M18: 36.06 | N18: 4.4 | O18: 0 | P18: 1.06 | Q18: 45.97
A19: 15-03-2023 02:45 | B19: 6.25 | C19: 146.65 | D19: 85.95 | E19: 4.37 | F19: 2.93 | G19: 40.3 | H19: 20.34 | I19: 0.59 | J19: 0.23 | K19: 338.62 | L19: 25.25 | M19: 35.78 | N19: 4.7 | O19: 0 | P19: 1.06 | Q19: 45.91
A20: 15-03-2023 03:00 | B20: 5.83 | C20: 146.09 | D20: 85.3 | E20: 4.15 | F20: 3.81 | G20: 40.3 | H20: 20.34 | I20: 0.65 | J20: 0.18 | K20: 352.54 | L20: 25.24 | M20: 35.69 | N20: 4.6 | O20: 0 | P20: 1.04 | Q20: 46.3
... A56: 15-03-2023 12:00 | B56: 3.29 | C56: 74.43 | D56: 77.72 | E56: 3.35 | F56: 8.55 | G56: 63.98 | H56: 26.64 | I56: 0.48 | J56: 0.31 | K56: 346.03 | L56: 35.47 | M56: 13.68 | N56: 797 | O56: 0 | P56: 0.88 | Q56: 22.28
A57: 15-03-2023 12:15 | B57: 3.75 | C57: 75.54 | D57: 79.29 | E57: 4.29 | F57: 7.78 | G57: 63.98 | H57: 26.64 | I57: Maint. | J57: 0.58 | K57: 14.63 | L57: 36.07 | M57: 13.28 | N57: 775.3 | O57: 0 | P57: 0.82 | Q57: 24.4
A58: 15-03-2023 12:30 | B58: 5.65 | C58: 66.54 | D58: 72.19 | E58: 5.87 | F58: 22.34 | G58: 55.74 | H58: 25.23 | I58: Maint. | J58: 0.44 | K58: 45.04 | L58: 34.73 | M58: 13.62 | N58: 720.1 | O58: 0 | P58: 0.65 | Q58: 20.11
A59: 15-03-2023 12:45 | B59: 4.26 | C59: 89.47 | D59: 93.73 | E59: 5.76 | F59: 14.37 | G59: 54.34 | H59: 24.99 | I59: 0.4 | J59: 0.36 | K59: 1.53 | L59: 36.11 | M59: 12.41 | N59: 676.5 | O59: 0 | P59: 0.81 | Q59: 19.44
A60: 15-03-2023 13:00 | B60: 11.67 | C60: 72.82 | D60: 84.49 | E60: 3.99 | F60: 13.32 | G60: 54.34 | H60: 24.99 | I60: 0.5 | J60: 0.34 | K60: 33.72 | L60: 34.8 | M60: 14.16 | N60: 644.5 | O60: 0 | P60: 0.74 | Q60: 21.01
A61: 15-03-2023 13:15 | B61: 3.29 | C61: 73.11 | D61: 76.4 | E61: 3.49 | F61: 14.19 | G61: 54.34 | H61: 24.99 | I61: 0.52 | J61: 0.38 | K61: 7.41 | L61: 35 | M61: 14.56 | N61: 637 | O61: 0 | P61: 0.74 | Q61: 22.77
A62: 15-03-2023 13:30 | B62: 3.07 | C62: 64.44 | D62: 67.51 | E62: 3.71 | F62: 22.4 | G62: 46.94 | H62: 23.76 | I62: 0.52 | J62: 0.09 | K62: 285.12 | L62: 35.46 | M62: 13.58 | N62: 644.4 | O62: 0 | P62: 0.79 | Q62: 22.85
A63: 15-03-2023 13:45 | B63: 2.76 | C63: 57.86 | D63: 60.61 | E63: 4.93 | F63: 15.51 | G63: 45.8 | H63: 23.56 | I63: 0.53 | J63: 0.45 | K63: 213.46 | L63: 33.01 | M63: 15.5 | N63: 606.4 | O63: 0 | P63: 0.75 | Q63: 22.72
A64: 15-03-2023 14:00 | B64: 2.31 | C64: 47.43 | D64: 33.81 | E64: 4.59 | F64: 16.67 | G64: 45.8 | H64: 23.56 | I64: 0.55 | J64: 0.19 | K64: 14.49 | L64: 32.7 | M64: 15.94 | N64: 483.6 | O64: 0 | P64: 0.71 | Q64: 23
A65: 15-03-2023 14:15 | B65: 2.71 | C65: 50.5 | D65: 31.79 | E65: 6.77 | F65: 42.56 | G65: 45.8 | H65: 23.56 | I65: 0.53 | J65: 0.86 | K65: 177.36 | L65: 32.45 | M65: 16.21 | N65: 326.2 | O65: 0 | P65: 0.68 | Q65: 22.22
A66: 15-03-2023 14:30 | B66: 2.04 | C66: 45.18 | D66: 28.31 | E66: 6.49 | F66: 34.35 | G66: 48.72 | H66: 23.91 | I66: 0.5 | J66: 0.28 | K66: 204.63 | L66: 31.54 | M66: 16.81 | N66: 472.2 | O66: 0 | P66: 0.59 | Q66: 20
A67: 15-03-2023 14:45 | B67: 2.07 | C67: 40.82 | D67: 25.93 | E67: 8.1 | F67: 35.86 | G67: 49.21 | H67: 23.96 | I67: 0.48 | J67: 0.91 | K67: 174.08 | L67: 32.1 | M67: 16.15 | N67: 542.6 | O67: 0 | P67: 0.56 | Q67: 21.3
A68: 15-03-2023 15:00 | B68: 2.96 | C68: 45.79 | D68: 29.38 | E68: 7.56 | F68: 22.69 | G68: 49.21 | H68: 23.96 | I68: 0.46 | J68: 0.11 | K68: 230.37 | L68: 32.75 | M68: 15.72 | N68: 450.6 | O68: 0 | P68: 0.57 | Q68: 22.28
A69: 15-03-2023 15:15 | B69: 4.02 | C69: 49.01 | D69: 32.01 | E69: 7.92 | F69: 28.07 | G69: 49.21 | H69: 23.96 | I69: 0.48 | J69: 0.19 | K69: 189.7 | L69: 33.73 | M69: 15.56 | N69: 400.9 | O69: 0 | P69: 0.61 | Q69: 22.33
A70: 15-03-2023 15:30 | B70: 2.47 | C70: 44.05 | D70: 28.03 | E70: 6.75 | F70: 27.13 | G70: 40.23 | H70: 21.45 | I70: 0.51 | J70: 0.82 | K70: 200.7 | L70: 32.1 | M70: 15.93 | N70: 273.8 | O70: 0 | P70: 0.57 | Q70: 22.2
... A104: 15-03-2023 24:00 | B104: 60.54 | C104: 78.97 | D104: 93.87 | E104: 2.04 | F104: 2.09 | G104: 58.95 | H104: 41.35 | I104: 0.75 | J104: 0.28 | K104: 254.83 | L104: 23.69 | M104: 39.02 | N104: 4.4 | O104: 0 | P104: 1.96 | Q104: 34.04
A106: Min | B106: =MIN(B9:B104) -> 0.39 | C106: =MIN(C9:C104) -> 40.82 | D106: =MIN(D9:D104) -> 25.93 | E106: =MIN(E9:E104) -> 2.04 | F106: =MIN(F9:F104) -> 1.17 | G106: =MIN(G9:G104) -> 38.38 | H106: =MIN(H9:H104) -> 17.1 | I106: =MIN(I9:I104) -> 0.4 | ... Q106: =MIN(Q9:Q104) -> 12.91
A107: Max | B107: =MAX(B9:B104) -> 588 | C107: =MAX(C9:C104) -> 167.5 | D107: =MAX(D9:D104) -> 712.09 | E107: =MAX(E9:E104) -> 22.07 | F107: =MAX(F9:F104) -> 85.09 | G107: =MAX(G9:G104) -> 168.77 | H107: =MAX(H9:H104) -> 48.29 | I107: =MAX(I9:I104) -> 1.15 | ... Q107: =MAX(Q9:Q104) -> 52.1
A108: Avg | B108: =AVERAGE(B9:B104) -> 22.334062 | C108: =AVERAGE(C9:C104) -> 110.41698 | D108: =AVERAGE(D9:D104) -> 84.20375 | E108: =AVERAGE(E9:E104) -> 6.9358333 | F108: =AVERAGE(F9:F104) -> 14.844375 | G108: =AVERAGE(G9:G104) -> 69.424271 | H108: =AVERAGE(H9:H104) -> 27.371354 | I108: =AVERAGE(I9:I104) -> 0.63031915 | ... Q108: =AVERAGE(Q9:Q104) -> 34.580208
A109: Stdev | B109: =STDEV(B9:B104) -> 61.965357 | C109: =STDEV(C9:C104) -> 40.929992 | D109: =STDEV(D9:D104) -> 69.85215 | E109: =STDEV(E9:E104) -> 3.8072691 | F109: =STDEV(F9:F104) -> 16.884416 | G109: =STDEV(G9:G104) -> 36.925459 | H109: =STDEV(H9:H104) -> 8.2706423 | I109: =STDEV(I9:I104) -> 0.14547994 | ... Q109: =STDEV(Q9:Q104) -> 12.283048
A110: Num | B110: =COUNT(B9:B104) -> 96 | C110: =COUNT(C9:C104) -> 96 | D110: =COUNT(D9:D104) -> 96 | E110: =COUNT(E9:E104) -> 96 | F110: =COUNT(F9:F104) -> 96 | G110: =COUNT(G9:G104) -> 96 | H110: =COUNT(H9:H104) -> 96 | I110: =COUNT(I9:I104)+2 -> 96 | J110: =COUNT(J9:J104) -> 96 | K110: =COUNT(K9:K104) -> 96 | L110: =COUNT(L9:L104) -> 96 | M110: =COUNT(M9:M104) -> 96 | N110: =COUNT(N9:N104) -> 96 | O110: =COUNT(O9:O104) -> 96 | P110: =COUNT(P9:P104) -> 96 | Q110: =COUNT(Q9:Q104) -> 96
A111: DCR | B111: =IF(B110>=87,">90%",IF(B110<=87,"<90%")) -> >90% | C111: =IF(C110>=87,">90%",IF(C110<=87,"<90%")) -> >90% | D111: =IF(D110>=87,">90%",IF(D110<=87,"<90%")) -> >90% | E111: =IF(E110>=87,">90%",IF(E110<=87,"<90%")) -> >90% | F111: =IF(F110>=87,">90%",IF(F110<=87,"<90%")) -> >90% | G111: =IF(G110>=87,">90%",IF(G110<=87,"<90%")) -> >90% | H111: =IF(H110>=87,">90%",IF(H110<=87,"<90%")) -> >90% | I111: =IF(I110>=87,">90%",IF(I110<=87,"<90%")) -> >90% | ... Q111: =IF(Q110>=87,">90%",IF(Q110<=87,"<90%")) -> >90%
A112: Status | B112: =IF(B110>=87,"OK",IF(B110<=87,"LESS")) -> OK | C112: =IF(C110>=87,"OK",IF(C110<=87,"LESS")) -> OK | D112: =IF(D110>=87,"OK",IF(D110<=87,"LESS")) -> OK | E112: =IF(E110>=87,"OK",IF(E110<=87,"LESS")) -> OK | F112: =IF(F110>=87,"OK",IF(F110<=87,"LESS")) -> OK | G112: =IF(G110>=87,"OK",IF(G110<=87,"LESS")) -> OK | H112: =IF(H110>=87,"OK",IF(H110<=87,"LESS")) -> OK | I112: =IF(I110>=87,"OK",IF(I110<=87,"LESS")) -> OK | ... Q112: =IF(Q110>=87,"OK",IF(Q110<=87,"LESS")) -> OK
A115: Done by | B115: RK
A117: Comment

Sheet 16
A1: Station: | B1: BHATAGAON RAIPUR
A2: Date: | B2: =$A$9 -> 16-03-2023 00:15 | D2: Power Off | G2: Pw.Off | L2: Link Fail | N2: Link F | P2: Maintenance | R2: Maint.
A3: Report Type: | B3: Mean | D3: Calibration | G3: Calib. | L3: Data Fail | N3: Data F | P3: Invalid | R3: Invalid
A4: Time Base: | B4: 15 Min | D4: Zero Referrence | G4: Z.Ref | L4: Warm Up | N4: Wm. Up
A7: Date & Time | B7: NO_BHATAGAON | C7: NO2__BHATAGAON | D7: NOX_BHATAGAON | E7: SO2__BHATAGAON | F7: O3__BHATAGAON | G7: PM10__BHATAGAON | H7: PM2_5__BHATAGAON | I7: BENZ__BHATAGAON | J7: WS__BHATAGAON | K7: WD__BHATAGAON | L7: TEMP__BHATAGAON | M7: HUM__BHATAGAON | N7: SR__BHATAGAON | O7: RG__BHATAGAON | P7: CO__BHATAGAON | Q7: NH3__BHATAGAON
B8: ug/m3 | C8: ug/m3 | D8: ppb | E8: ug/m3 | F8: ug/m3 | G8: ug/m3 | H8: ug/m3 | I8: ug/m3 | J8: m/sec | K8: deg | L8: degreC | M8: % | N8: w/m2 | O8: mm | P8: mg/m3 | Q8: ug/m3
A9: 16-03-2023 00:15 | B9: 55.7 | C9: 77.03 | D9: 88.92 | E9: 3.47 | F9: 2.35 | G9: 58.95 | H9: 41.35 | I9: Maint. | J9: 0.11 | K9: 326.32 | L9: 23.16 | M9: 40.21 | N9: 4.8 | O9: 0 | P9: 1.86 | Q9: 34.51
A10: 16-03-2023 00:30 | B10: 50.18 | C10: 77.86 | D10: 84.95 | E10: 3.52 | F10: 1.48 | G10: 51.62 | H10: 33.4 | I10: Maint. | J10: 0.11 | K10: 51.23 | L10: 22.91 | M10: 40.17 | N10: 4.6 | O10: 0 | P10: 1.76 | Q10: 33.61
A11: 16-03-2023 00:45 | B11: 43.69 | C11: 78.15 | D11: 79.91 | E11: 3.5 | F11: 1.43 | G11: 50.49 | H11: 32.18 | I11: Maint. | J11: 0.23 | K11: 19.64 | L11: 22.74 | M11: 39.66 | N11: 4.6 | O11: 0 | P11: 1.68 | Q11: 32.76
A12: 16-03-2023 01:00 | B12: 37.18 | C12: 78 | D12: 74.61 | E12: 3.2 | F12: 1.49 | G12: 50.49 | H12: 32.18 | I12: Maint. | J12: 0.25 | K12: 21.89 | L12: 22.53 | M12: 39.39 | N12: 4.4 | O12: 0 | P12: 1.59 | Q12: 31.91
A13: 16-03-2023 01:15 | B13: 30.71 | C13: 77.35 | D13: 69.06 | E13: 3.49 | F13: 1.65 | G13: 50.49 | H13: 32.18 | I13: Maint. | J13: 0.31 | K13: 20.89 | L13: 22.75 | M13: 38.94 | N13: 4 | O13: 0 | P13: 1.43 | Q13: 30.87
A14: 16-03-2023 01:30 | B14: 25.52 | C14: 75.34 | D14: 63.78 | E14: 3.14 | F14: 1.93 | G14: 54.66 | H14: 32.02 | I14: Maint. | J14: 0.25 | K14: 18.51 | L14: 22.5 | M14: 40.48 | N14: 4.6 | O14: 0 | P14: 1.44 | Q14: 29.59
A15: 16-03-2023 01:45 | B15: 22.97 | C15: 75.33 | D15: 61.74 | E15: 3.64 | F15: 2.68 | G15: 55.37 | H15: 31.99 | I15: Maint. | J15: 0.22 | K15: 27.81 | L15: 22.38 | M15: 41.13 | N15: 4.3 | O15: 0 | P15: 1.43 | Q15: 27.82
A16: 16-03-2023 02:00 | B16: 20.88 | C16: 74.44 | D16: 59.57 | E16: 3.26 | F16: 2.45 | G16: 55.37 | H16: 31.99 | I16: Maint. | J16: 0.25 | K16: 37.22 | L16: 22.53 | M16: 40.95 | N16: 4.2 | O16: 0 | P16: 1.41 | Q16: 26.72
A17: 16-03-2023 02:15 | B17: 18.34 | C17: 73.75 | D17: 57.15 | E17: 3.34 | F17: 2.1 | G17: 55.37 | H17: 31.99 | I17: Maint. | J17: 0.31 | K17: 26.95 | L17: 22.4 | M17: 41.47 | N17: 4.3 | O17: 0 | P17: 1.38 | Q17: 25.97
A18: 16-03-2023 02:30 | B18: 15.53 | C18: 72.6 | D18: 54.27 | E18: 3.36 | F18: 2.19 | G18: 70.17 | H18: 32.49 | I18: Maint. | J18: 0.4 | K18: 7.21 | L18: 22.18 | M18: 42.05 | N18: 4.3 | O18: 0 | P18: 1.33 | Q18: 25.58
A19: 16-03-2023 02:45 | B19: 12.94 | C19: 70.72 | D19: 51.14 | E19: 3.98 | F19: 2.71 | G19: 72.67 | H19: 32.57 | I19: Maint. | J19: 0.7 | K19: 351.87 | L19: 22.08 | M19: 41.92 | N19: 3.8 | O19: 0 | P19: 1.29 | Q19: 25.48
A20: 16-03-2023 03:00 | B20: 10.68 | C20: 70.65 | D20: 49.3 | E20: 3 | F20: 2.61 | G20: 72.67 | H20: 32.57 | I20: Maint. | J20: 0.76 | K20: 348.35 | L20: 21.96 | M20: 42.09 | N20: 4.2 | O20: 0 | P20: 1.24 | Q20: 25.07
A21: 16-03-2023 03:15 | B21: 8.61 | C21: 69.83 | D21: 47.19 | E21: 3.72 | F21: 2.79 | G21: 72.67 | H21: 32.57 | I21: Maint. | J21: 0.53 | K21: 350.99 | L21: 21.86 | M21: 42.46 | N21: 4.6 | O21: 0 | P21: 1.17 | Q21: 25.47
A22: 16-03-2023 03:30 | B22: 6.57 | C22: 68.78 | D22: 44.96 | E22: 3.29 | F22: 2.72 | G22: Invalid | H22: Invalid | I22: Maint. | J22: 1.11 | K22: 353.02 | L22: 21.73 | M22: 43.36 | N22: 4.3 | O22: 0 | P22: 1.11 | Q22: 26.24
A23: 16-03-2023 03:45 | B23: 4.99 | C23: 66.81 | D23: 42.61 | E23: 3.11 | F23: 3.52 | G23: Invalid | H23: Invalid | I23: Maint. | J23: 0.97 | K23: 352.64 | L23: 21.61 | M23: 43.51 | N23: 4.6 | O23: 0 | P23: 1.05 | Q23: 26.6
A24: 16-03-2023 04:00 | B24: 3.93 | C24: 64.83 | D24: 40.67 | E24: 1.46 | F24: 3.39 | G24: Invalid | H24: Invalid | I24: Maint. | J24: 0.81 | K24: 6.53 | L24: 21.37 | M24: 44.33 | N24: 4.7 | O24: 0 | P24: 1 | Q24: 26.44
A25: 16-03-2023 04:15 | B25: 3.56 | C25: 63.38 | D25: 39.57 | E25: 3.06 | F25: 3.33 | G25: Invalid | H25: Invalid | I25: Maint. | J25: 0.63 | K25: 355.52 | L25: 21.26 | M25: 44.5 | N25: 4.6 | O25: 0 | P25: 0.96 | Q25: 26.33
A26: 16-03-2023 04:30 | B26: 3.6 | C26: 62.33 | D26: 39.02 | E26: 2.93 | F26: 3.09 | G26: 96.49 | H26: 26.13 | I26: Maint. | J26: 0.62 | K26: 4.64 | L26: 21.23 | M26: 44.4 | N26: 4.4 | O26: 0 | P26: 0.94 | Q26: 26.36
A27: 16-03-2023 04:45 | B27: 3.74 | C27: 61.42 | D27: 38.64 | E27: 3.12 | F27: 3.09 | G27: 111.8 | H27: 25.55 | I27: Maint. | J27: 0.83 | K27: 4.4 | L27: 21.36 | M27: 44.08 | N27: 4.5 | O27: 0 | P27: 0.89 | Q27: 26.41
A28: 16-03-2023 05:00 | B28: 5.32 | C28: 60.03 | D28: 39.13 | E28: 3.74 | F28: 5.34 | G28: 111.8 | H28: 25.55 | I28: Maint. | J28: 0.67 | K28: 10.29 | L28: 21.34 | M28: 43.82 | N28: 4.8 | O28: 0 | P28: 0.86 | Q28: 25.58
A29: 16-03-2023 05:15 | B29: 5.63 | C29: 59.27 | D29: 38.97 | E29: 4.66 | F29: 6.91 | G29: 111.8 | H29: 25.55 | I29: Maint. | J29: 0.4 | K29: 10.84 | L29: 21.21 | M29: 44.31 | N29: 4.9 | O29: 0 | P29: 0.87 | Q29: 24.61
A30: 16-03-2023 05:30 | B30: 8.65 | C30: 61.88 | D30: 42.83 | E30: 8.9 | F30: 6.64 | G30: 47.09 | H30: 26.17 | I30: Maint. | J30: 0.16 | K30: 352.22 | L30: 21.19 | M30: 44.57 | N30: 5.1 | O30: 0 | P30: 0.89 | Q30: 23.95
A31: 16-03-2023 05:45 | B31: 8.28 | C31: 62.56 | D31: 42.91 | E31: 10.63 | F31: 5.55 | G31: 36.17 | H31: 26.28 | I31: Maint. | J31: 0.06 | K31: 250.53 | L31: 21.11 | M31: 45.3 | N31: 5.2 | O31: 0 | P31: 0.92 | Q31: 24.04
A32: 16-03-2023 06:00 | B32: 6.55 | C32: 61.93 | D32: 41.17 | E32: 12.96 | F32: 5.99 | G32: 36.17 | H32: 26.28 | I32: Maint. | J32: 0.17 | K32: 151 | L32: 21.31 | M32: 44.28 | N32: 5 | O32: 0 | P32: 0.92 | Q32: 24.7
A33: 16-03-2023 06:15 | B33: 13.94 | C33: 67.83 | D33: 50.35 | E33: 12.07 | F33: 3.4 | G33: 36.17 | H33: 26.28 | I33: Maint. | J33: 0.2 | K33: 246.9 | L33: 21.42 | M33: 45.21 | N33: 8.3 | O33: 0 | P33: 0.93 | Q33: 24.94
A34: 16-03-2023 06:30 | B34: 10.61 | C34: 67.07 | D34: 47.26 | E34: 7.51 | F34: 2.71 | G34: 81.96 | H34: 27.73 | I34: Maint. | J34: 0.72 | K34: 187.17 | L34: 21.48 | M34: 47.42 | N34: 13.5 | O34: 0 | P34: 0.92 | Q34: 25.63
A35: 16-03-2023 06:45 | B35: 10.58 | C35: 63.46 | D35: 45.25 | E35: 3.71 | F35: 2.21 | G35: 89.69 | H35: 27.97 | I35: Maint. | J35: 0.95 | K35: 196.53 | L35: 21.32 | M35: 48.03 | N35: 20 | O35: 0 | P35: 0.91 | Q35: 26.58
A36: 16-03-2023 07:00 | B36: 10.23 | C36: 62.51 | D36: 44.44 | E36: 3.42 | F36: 1.99 | G36: 89.69 | H36: 27.97 | I36: Maint. | J36: 0.6 | K36: 194.35 | L36: 21.06 | M36: 49.6 | N36: 33.7 | O36: 0 | P36: 0.91 | Q36: 27.98
A37: 16-03-2023 07:15 | B37: 10.26 | C37: 63.26 | D37: 44.88 | E37: 3.19 | F37: 1.63 | G37: 89.69 | H37: 27.97 | I37: Maint. | J37: 0.33 | K37: 226.9 | L37: 21.05 | M37: 49.53 | N37: 42 | O37: 0 | P37: 0.86 | Q37: 28.37
... A53: 16-03-2023 11:15 | B53: 9.55 | C53: 89.52 | D53: 58.8 | E53: 4.93 | F53: 9.21 | G53: 155.69 | H53: 35.19 | I53: Maint. | J53: 1.07 | K53: 12.65 | L53: 24.9 | M53: 36.72 | N53: 133.4 | O53: 0 | P53: 1.12 | Q53: 28.04
A54: 16-03-2023 11:30 | B54: 6.2 | C54: 86 | D54: 54.17 | E54: 7.53 | F54: 25.52 | G54: 92.77 | H54: 31.94 | I54: 0.56 | J54: 0.84 | K54: 352.63 | L54: 24.76 | M54: 37.34 | N54: 130.3 | O54: 0 | P54: 1.01 | Q54: 24.81
A55: 16-03-2023 11:45 | B55: 4.47 | C55: 71.33 | D55: 44.69 | E55: 15.63 | F55: 39.45 | G55: 82.15 | H55: 31.39 | I55: 0.55 | J55: 0.19 | K55: 274.58 | L55: 24.17 | M55: 39.26 | N55: 210.7 | O55: 0 | P55: 1.01 | Q55: 17.59
A56: 16-03-2023 12:00 | B56: 3.65 | C56: 78.75 | D56: 48.13 | E56: 4.36 | F56: 18.75 | G56: 82.15 | H56: 31.39 | I56: 0.52 | J56: 0.68 | K56: 346.21 | L56: 25.02 | M56: 39.58 | N56: 269.9 | O56: 0 | P56: 0.99 | Q56: 17.79
A57: 16-03-2023 12:15 | B57: 3.53 | C57: 80.02 | D57: 48.74 | E57: 4.75 | F57: 8.48 | G57: 82.15 | H57: 31.39 | I57: Maint. | J57: 1.5 | K57: 340.72 | L57: 26.18 | M57: 37.61 | N57: 289.7 | O57: 0 | P57: 0.98 | Q57: 19.03
A58: 16-03-2023 12:30 | B58: 3.59 | C58: 75.62 | D58: 46.35 | E58: 4.12 | F58: 7.34 | G58: 80.23 | H58: 30.02 | I58: Maint. | J58: 1.73 | K58: 356.94 | L58: 26.24 | M58: 36.55 | N58: 228.9 | O58: 0 | P58: 0.94 | Q58: 19.49
A59: 16-03-2023 12:45 | B59: 3.61 | C59: 71.67 | D59: 44.19 | E59: 3.77 | F59: 6.01 | G59: 79.91 | H59: 29.79 | I59: 0.27 | J59: 2.12 | K59: 354.94 | L59: 26.7 | M59: 34.08 | N59: 322.2 | O59: 0 | P59: 0.91 | Q59: 19.4
A60: 16-03-2023 13:00 | B60: 3.72 | C60: 67.81 | D60: 42.15 | E60: 3.42 | F60: 5.24 | G60: 79.91 | H60: 29.79 | I60: 0.48 | J60: 1.79 | K60: 4.31 | L60: 27.13 | M60: 32.56 | N60: 258.3 | O60: 0 | P60: 0.88 | Q60: 19.47
A61: 16-03-2023 13:15 | B61: 4.04 | C61: 65.61 | D61: 41.19 | E61: 3.31 | F61: 4.6 | G61: 79.91 | H61: 29.79 | I61: 0.48 | J61: 1.24 | K61: 8.64 | L61: 27.18 | M61: 33.1 | N61: 288.2 | O61: 0 | P61: 0.83 | Q61: 19.73
A62: 16-03-2023 13:30 | B62: 4.31 | C62: 63.82 | D62: 40.42 | E62: 2.63 | F62: 3.77 | G62: 51.45 | H62: 27.94 | I62: 0.49 | J62: 0.86 | K62: 4.2 | L62: 27.94 | M62: 31.92 | N62: 388.2 | O62: 0 | P62: 0.84 | Q62: 19.75
A63: 16-03-2023 13:45 | B63: 4.46 | C63: 61.48 | D63: 39.25 | E63: 3.07 | F63: 5.84 | G63: 46.64 | H63: 27.63 | I63: 0.49 | J63: 0.4 | K63: 355.8 | L63: 27.61 | M63: 32.08 | N63: 230.4 | O63: 0 | P63: 0.81 | Q63: 19.92
A64: 16-03-2023 14:00 | B64: 4.31 | C64: 60.86 | D64: 38.78 | E64: 3.1 | F64: 5.22 | G64: 46.64 | H64: 27.63 | I64: 0.49 | J64: 0.12 | K64: 35.67 | L64: 26.65 | M64: 33.78 | N64: 223.3 | O64: 0 | P64: 0.81 | Q64: 20.54
A65: 16-03-2023 14:15 | B65: 4.29 | C65: 60.88 | D65: 38.78 | E65: 2.93 | F65: 6.11 | G65: 46.64 | H65: 27.63 | I65: 0.5 | J65: 0.11 | K65: 357.89 | L65: 26.37 | M65: 34.89 | N65: 132.2 | O65: 0 | P65: 0.82 | Q65: 21.38
A66: 16-03-2023 14:30 | B66: 4.7 | C66: 60.65 | D66: 38.98 | E66: 2.93 | F66: 3.55 | G66: 59.93 | H66: 26.48 | I66: 0.5 | J66: 0.15 | K66: 6.07 | L66: 26.42 | M66: 34.82 | N66: 152.2 | O66: 0 | P66: 0.83 | Q66: 21.01
A67: 16-03-2023 14:45 | B67: 4.71 | C67: 60.19 | D67: 38.74 | E67: 2.63 | F67: 4.44 | G67: 62.18 | H67: 26.29 | I67: 0.5 | J67: 0.48 | K67: 233.11 | L67: 25.65 | M67: 35.96 | N67: 217.6 | O67: 0 | P67: 0.84 | Q67: 22.06
A68: 16-03-2023 15:00 | B68: 4.34 | C68: 58.76 | D68: 37.64 | E68: 2.54 | F68: 4.55 | G68: 62.18 | H68: 26.29 | I68: 0.51 | J68: 0.63 | K68: 234.1 | L68: 25.79 | M68: 36.45 | N68: 302.5 | O68: 0 | P68: 0.82 | Q68: 21.97
A69: 16-03-2023 15:15 | B69: 3.85 | C69: 57.4 | D69: 36.5 | E69: 2.43 | F69: 4.68 | G69: 62.18 | H69: 26.29 | I69: 0.51 | J69: 0.34 | K69: 265.47 | L69: 25.68 | M69: 36.87 | N69: 327.1 | O69: 0 | P69: 0.82 | Q69: 21.69
A70: 16-03-2023 15:30 | B70: 3.43 | C70: 56.49 | D70: 35.67 | E70: 2.99 | F70: 6.62 | G70: 45.74 | H70: 23.5 | I70: 0.53 | J70: 0.37 | K70: 248.12 | L70: 26.29 | M70: 35.69 | N70: 270.8 | O70: 0 | P70: 0.85 | Q70: 21.1
... A104: 16-03-2023 24:00 | B104: 5.39 | C104: 57.97 | D104: 38.06 | E104: 1.16 | F104: 2.98 | G104: 43.25 | H104: 24.71 | I104: 0.59 | J104: 0.57 | K104: 203.31 | L104: 21.3 | M104: 52.01 | N104: 5 | O104: 0 | P104: 0.89 | Q104: 23.6
A106: Min | B106: =MIN(B9:B104) -> 3.38 | C106: =MIN(C9:C104) -> 54.1 | D106: =MIN(D9:D104) -> 34.45 | E106: =MIN(E9:E104) -> 1.16 | F106: =MIN(F9:F104) -> 1.43 | G106: =MIN(G9:G104) -> 36.17 | H106: =MIN(H9:H104) -> 22.62 | I106: =MIN(I9:I104) -> 0.27 | ... Q106: =MIN(Q9:Q104) -> 17.59
A107: Max | B107: =MAX(B9:B104) -> 55.7 | C107: =MAX(C9:C104) -> 89.52 | D107: =MAX(D9:D104) -> 88.92 | E107: =MAX(E9:E104) -> 15.63 | F107: =MAX(F9:F104) -> 39.45 | G107: =MAX(G9:G104) -> 182.06 | H107: =MAX(H9:H104) -> 41.35 | I107: =MAX(I9:I104) -> 0.62 | ... Q107: =MAX(Q9:Q104) -> 34.51
A108: Avg | B108: =AVERAGE(B9:B104) -> 9.9459375 | C108: =AVERAGE(C9:C104) -> 67.703021 | D108: =AVERAGE(D9:D104) -> 47.080833 | E108: =AVERAGE(E9:E104) -> 3.9158333 | F108: =AVERAGE(F9:F104) -> 4.9651042 | G108: =AVERAGE(G9:G104) -> 70.556304 | H108: =AVERAGE(H9:H104) -> 27.971522 | I108: =AVERAGE(I9:I104) -> 0.53714286 | ... Q108: =AVERAGE(Q9:Q104) -> 24.674688
A109: Stdev | B109: =STDEV(B9:B104) -> 9.5954846 | C109: =STDEV(C9:C104) -> 8.0574059 | D109: =STDEV(D9:D104) -> 10.289748 | E109: =STDEV(E9:E104) -> 2.2801545 | F109: =STDEV(F9:F104) -> 5.0451546 | G109: =STDEV(G9:G104) -> 34.041293 | H109: =STDEV(H9:H104) -> 3.9935877 | I109: =STDEV(I9:I104) -> 0.056013391 | ... Q109: =STDEV(Q9:Q104) -> 3.338315
A110: Num | B110: =COUNT(B9:B104) -> 96 | C110: =COUNT(C9:C104) -> 96 | D110: =COUNT(D9:D104) -> 96 | E110: =COUNT(E9:E104) -> 96 | F110: =COUNT(F9:F104) -> 96 | G110: =COUNT(G9:G104) -> 92 | H110: =COUNT(H9:H104) -> 92 | I110: =COUNT(I9:I104)+47 -> 96 | J110: =COUNT(J9:J104) -> 96 | K110: =COUNT(K9:K104) -> 96 | L110: =COUNT(L9:L104) -> 96 | M110: =COUNT(M9:M104) -> 96 | N110: =COUNT(N9:N104) -> 96 | O110: =COUNT(O9:O104) -> 96 | P110: =COUNT(P9:P104) -> 96 | Q110: =COUNT(Q9:Q104) -> 96
A111: DCR | B111: =IF(B110>=87,">90%",IF(B110<=87,"<90%")) -> >90% | C111: =IF(C110>=87,">90%",IF(C110<=87,"<90%")) -> >90% | D111: =IF(D110>=87,">90%",IF(D110<=87,"<90%")) -> >90% | E111: =IF(E110>=87,">90%",IF(E110<=87,"<90%")) -> >90% | F111: =IF(F110>=87,">90%",IF(F110<=87,"<90%")) -> >90% | G111: =IF(G110>=87,">90%",IF(G110<=87,"<90%")) -> >90% | H111: =IF(H110>=87,">90%",IF(H110<=87,"<90%")) -> >90% | I111: =IF(I110>=87,">90%",IF(I110<=87,"<90%")) -> >90% | ... Q111: =IF(Q110>=87,">90%",IF(Q110<=87,"<90%")) -> >90%
A112: Status | B112: =IF(B110>=87,"OK",IF(B110<=87,"LESS")) -> OK | C112: =IF(C110>=87,"OK",IF(C110<=87,"LESS")) -> OK | D112: =IF(D110>=87,"OK",IF(D110<=87,"LESS")) -> OK | E112: =IF(E110>=87,"OK",IF(E110<=87,"LESS")) -> OK | F112: =IF(F110>=87,"OK",IF(F110<=87,"LESS")) -> OK | G112: =IF(G110>=87,"OK",IF(G110<=87,"LESS")) -> OK | H112: =IF(H110>=87,"OK",IF(H110<=87,"LESS")) -> OK | I112: =IF(I110>=87,"OK",IF(I110<=87,"LESS")) -> OK | ... Q112: =IF(Q110>=87,"OK",IF(Q110<=87,"LESS")) -> OK
A115: Done by | B115: RK
A117: Comment

Sheet 17
A1: Station: | B1: BHATAGAON RAIPUR
A2: Date: | B2: =$A$9 -> 17-03-2023 00:15 | D2: Power Off | G2: Pw.Off | L2: Link Fail | N2: Link F | P2: Maintenance | R2: Maint.
A3: Report Type: | B3: Mean | D3: Calibration | G3: Calib. | L3: Data Fail | N3: Data F | P3: Invalid | R3: Invalid
A4: Time Base: | B4: 15 Min | D4: Zero Referrence | G4: Z.Ref | L4: Warm Up | N4: Wm. Up
A7: Date & Time | B7: NO_BHATAGAON | C7: NO2__BHATAGAON | D7: NOX_BHATAGAON | E7: SO2__BHATAGAON | F7: O3__BHATAGAON | G7: PM10__BHATAGAON | H7: PM2_5__BHATAGAON | I7: BENZ__BHATAGAON | J7: WS__BHATAGAON | K7: WD__BHATAGAON | L7: TEMP__BHATAGAON | M7: HUM__BHATAGAON | N7: SR__BHATAGAON | O7: RG__BHATAGAON | P7: CO__BHATAGAON | Q7: NH3__BHATAGAON
B8: ug/m3 | C8: ug/m3 | D8: ppb | E8: ug/m3 | F8: ug/m3 | G8: ug/m3 | H8: ug/m3 | I8: ug/m3 | J8: m/sec | K8: deg | L8: degreC | M8: % | N8: w/m2 | O8: mm | P8: mg/m3 | Q8: ug/m3
A9: 17-03-2023 00:15 | B9: 5.34 | C9: 56.22 | D9: 37.05 | E9: 2.11 | F9: 3.56 | G9: 43.25 | H9: 24.71 | I9: 0.57 | J9: 0.26 | K9: 209.56 | L9: 20.86 | M9: 53.7 | N9: 5.2 | O9: 0 | P9: 0.89 | Q9: 23.65
A10: 17-03-2023 00:30 | B10: 5.4 | C10: 54.87 | D10: 36.35 | E10: 2.74 | F10: 4.02 | G10: 35.7 | H10: 22.16 | I10: 0.57 | J10: 0.18 | K10: 246.49 | L10: 20.53 | M10: 54.78 | N10: 4.8 | O10: 0 | P10: 0.87 | Q10: 23.59
A11: 17-03-2023 00:45 | B11: 5.64 | C11: 54.09 | D11: 36.11 | E11: 2.2 | F11: 3.09 | G11: 34.54 | H11: 21.77 | I11: 0.57 | J11: 0.37 | K11: 234.75 | L11: 20.47 | M11: 54.84 | N11: 4.4 | O11: 0 | P11: 0.86 | Q11: 24.86
A12: 17-03-2023 01:00 | B12: 5.61 | C12: 53.54 | D12: 35.79 | E12: 1.67 | F12: 2.32 | G12: 34.54 | H12: 21.77 | I12: 0.57 | J12: 0.33 | K12: 227.38 | L12: 20.35 | M12: 55.23 | N12: 4.7 | O12: 0 | P12: 0.85 | Q12: 25.07
A13: 17-03-2023 01:15 | B13: 5.41 | C13: 53.21 | D13: 35.44 | E13: 1.74 | F13: 2.27 | G13: 34.54 | H13: 21.77 | I13: 0.58 | J13: 0.37 | K13: 179.63 | L13: 20 | M13: 57.22 | N13: 4.6 | O13: 0 | P13: 0.8 | Q13: 24.95
A14: 17-03-2023 01:30 | B14: 5.21 | C14: 52.49 | D14: 34.89 | E14: 1.77 | F14: 2.22 | G14: 29.79 | H14: 22.55 | I14: 0.57 | J14: 0.14 | K14: 241.35 | L14: 19.83 | M14: 58.12 | N14: 4.8 | O14: 0 | P14: 0.82 | Q14: 24.5
A15: 17-03-2023 01:45 | B15: 5.17 | C15: 52.3 | D15: 34.75 | E15: 2.11 | F15: 2.19 | G15: 28.98 | H15: 22.68 | I15: 0.57 | J15: 0.11 | K15: 232.82 | L15: 19.77 | M15: 58.38 | N15: 4.5 | O15: 0 | P15: 0.82 | Q15: 24.6
A16: 17-03-2023 02:00 | B16: 5.26 | C16: 51.99 | D16: 34.65 | E16: 1.78 | F16: 1.96 | G16: 28.98 | H16: 22.68 | I16: 0.59 | J16: 0.11 | K16: 313.7 | L16: 19.69 | M16: 58.64 | N16: 4.7 | O16: 0 | P16: 0.81 | Q16: 24.48
A17: 17-03-2023 02:15 | B17: 5.17 | C17: 51.52 | D17: 34.32 | E17: 1.86 | F17: 2.24 | G17: 28.98 | H17: 22.68 | I17: 0.56 | J17: 0.25 | K17: 185.16 | L17: 19.56 | M17: 59.5 | N17: 4.3 | O17: 0 | P17: 0.81 | Q17: 24.28
A18: 17-03-2023 02:30 | B18: 5.08 | C18: 50.65 | D18: 33.76 | E18: 2.09 | F18: 4.99 | G18: 40.9 | H18: 20.92 | I18: 0.56 | J18: 0.1 | K18: 220.79 | L18: 19.55 | M18: 60.05 | N18: 4.7 | O18: 0 | P18: 0.8 | Q18: 23.58
A19: 17-03-2023 02:45 | B19: 5.29 | C19: 50.8 | D19: 34.02 | E19: 2.5 | F19: 3.91 | G19: 42.91 | H19: 20.62 | I19: 0.55 | J19: 0.06 | K19: 312.51 | L19: 19.53 | M19: 60.09 | N19: 4.8 | O19: 0 | P19: 0.78 | Q19: 23.37
A20: 17-03-2023 03:00 | B20: 5.7 | C20: 51.53 | D20: 34.75 | E20: 2.22 | F20: 2.52 | G20: 42.91 | H20: 20.62 | I20: 0.55 | J20: 0.18 | K20: 342.18 | L20: 18.98 | M20: 64.71 | N20: 5.1 | O20: 0 | P20: 0.79 | Q20: 23.44
... A25: 17-03-2023 04:15 | B25: 6.62 | C25: 51.2 | D25: 35.31 | E25: 2.66 | F25: 3.74 | G25: 45.98 | H25: 22.81 | I25: 0.56 | J25: 0.21 | K25: 235.87 | L25: 19.56 | M25: 59.41 | N25: 4.3 | O25: 0 | P25: 0.77 | Q25: 24.96
A26: 17-03-2023 04:30 | B26: 6.63 | C26: 51.7 | D26: 35.6 | E26: 2.49 | F26: 2.37 | G26: Invalid | H26: Invalid | I26: 0.57 | J26: 0.07 | K26: 257.89 | L26: 19.78 | M26: 58.86 | N26: 4.6 | O26: 0 | P26: 0.77 | Q26: 26.15
A27: 17-03-2023 04:45 | B27: 6.34 | C27: 51.65 | D27: 35.33 | E27: 2.15 | F27: 2.05 | G27: Invalid | H27: Invalid | I27: 0.57 | J27: 0.2 | K27: 208.92 | L27: 19.81 | M27: 58.43 | N27: 4.6 | O27: 0 | P27: 0.76 | Q27: 26.55
A28: 17-03-2023 05:00 | B28: 5.99 | C28: 51.58 | D28: 35.01 | E28: 2.79 | F28: 2.13 | G28: Invalid | H28: Invalid | I28: 0.57 | J28: 0.48 | K28: 185.08 | L28: 19.76 | M28: 58.88 | N28: 4.7 | O28: 0 | P28: 0.75 | Q28: 26.34
A29: 17-03-2023 05:15 | B29: 5.81 | C29: 51.82 | D29: 34.99 | E29: 2.36 | F29: 1.92 | G29: Invalid | H29: Invalid | I29: 0.57 | J29: 0.93 | K29: 178.82 | L29: 19.76 | M29: 59.34 | N29: 4.6 | O29: 0 | P29: 0.74 | Q29: 26.13
A30: 17-03-2023 05:30 | B30: 5.58 | C30: 51.9 | D30: 34.86 | E30: 2.12 | F30: 1.84 | G30: 52.62 | H30: 20.44 | I30: 0.57 | J30: 0.26 | K30: 230.43 | L30: 19.74 | M30: 59.55 | N30: 4.9 | O30: 0 | P30: 0.73 | Q30: 25.57
A31: 17-03-2023 05:45 | B31: 5.35 | C31: 52.17 | D31: 34.83 | E31: 2.52 | F31: 1.73 | G31: 58.62 | H31: 20.24 | I31: 0.56 | J31: 0.27 | K31: 224.43 | L31: 19.68 | M31: 59.5 | N31: 5 | O31: 0 | P31: 0.73 | Q31: 25.17
A32: 17-03-2023 06:00 | B32: 5.17 | C32: 51.81 | D32: 34.48 | E32: 2.51 | F32: 1.98 | G32: 58.62 | H32: 20.24 | I32: 0.56 | J32: 0.44 | K32: 204.19 | L32: 19.54 | M32: 60.49 | N32: 5.1 | O32: 0 | P32: 0.73 | Q32: 24.65
A33: 17-03-2023 06:15 | B33: 5.26 | C33: 52.34 | D33: 34.84 | E33: 2.47 | F33: 2.63 | G33: 58.62 | H33: 20.24 | I33: 0.56 | J33: 0.22 | K33: 250.36 | L33: 19.39 | M33: 61.42 | N33: 7.1 | O33: 0 | P33: 0.72 | Q33: 23.95
A34: 17-03-2023 06:30 | B34: 5.38 | C34: 52.41 | D34: 34.97 | E34: 2.61 | F34: 3.89 | G34: 36.03 | H34: 19.3 | I34: 0.56 | J34: 0.09 | K34: 223.83 | L34: 19.36 | M34: 62.08 | N34: 11.9 | O34: 0 | P34: 0.72 | Q34: 23.81
A35: 17-03-2023 06:45 | B35: 5.8 | C35: 52.92 | D35: 35.6 | E35: 2.67 | F35: 3.67 | G35: 32.21 | H35: 19.14 | I35: 0.55 | J35: 0.05 | K35: 28.33 | L35: 19.32 | M35: 62.83 | N35: 27.1 | O35: 0 | P35: 0.74 | Q35: 24.09
A36: 17-03-2023 07:00 | B36: 8.75 | C36: 55.92 | D36: 39.62 | E36: 2.78 | F36: 2.01 | G36: 32.21 | H36: 19.14 | I36: 0.56 | J36: 0.07 | K36: 55.46 | L36: 19.39 | M36: 63.47 | N36: 25.9 | O36: 0 | P36: 0.75 | Q36: 24.27
A37: 17-03-2023 07:15 | B37: 9.54 | C37: 57.08 | D37: 40.89 | E37: 2.47 | F37: 1.65 | G37: 32.21 | H37: 19.14 | I37: 0.56 | J37: 0.1 | K37: 264.29 | L37: 19.62 | M37: 61.95 | N37: 34.6 | O37: 0 | P37: 0.77 | Q37: 24.71
A38: 17-03-2023 07:30 | B38: 9.76 | C38: 57.48 | D38: 41.29 | E38: 2.79 | F38: 1.61 | G38: 57.77 | H38: 21.84 | I38: 0.56 | J38: 0.65 | K38: 221.67 | L38: 19.93 | M38: 60.67 | N38: 39.8 | O38: 0 | P38: 0.79 | Q38: 24.77
A39: 17-03-2023 07:45 | B39: 9.49 | C39: 57.43 | D39: 41.05 | E39: 3.2 | F39: 1.75 | G39: 62.09 | H39: 22.3 | I39: 0.57 | J39: 0.54 | K39: 194.68 | L39: 19.45 | M39: 64.88 | N39: 45.8 | O39: 0 | P39: 0.79 | Q39: 25.17
A40: 17-03-2023 08:00 | B40: 9.25 | C40: 56.38 | D40: 40.27 | E40: 0.86 | F40: 1.52 | G40: 62.09 | H40: 22.3 | I40: 0.57 | J40: 0.39 | K40: 174.58 | L40: 19.47 | M40: 64.52 | N40: 65.2 | O40: 0 | P40: 0.8 | Q40: 26.88
A41: 17-03-2023 08:15 | B41: 9.6 | C41: 57.01 | D41: 40.9 | E41: 2.29 | F41: 1.42 | G41: 62.09 | H41: 22.3 | I41: 0.58 | J41: 0.09 | K41: 29.68 | L41: 20.16 | M41: 62.42 | N41: 119.9 | O41: 0 | P41: 0.82 | Q41: 26.94
... A104: 17-03-2023 24:00 | B104: 5.41 | C104: 54.02 | D104: 35.89 | E104: 0.89 | F104: 1.93 | G104: 49.09 | H104: 18.3 | I104: 0.57 | J104: 1.45 | K104: 181.36 | L104: 20.85 | M104: 54.77 | N104: 4.6 | O104: 0 | P104: 0.73 | Q104: 23.1
A106: Min | B106: =MIN(B9:B104) -> 2.76 | C106: =MIN(C9:C104) -> 48.46 | D106: =MIN(D9:D104) -> 30.88 | E106: =MIN(E9:E104) -> 0.86 | F106: =MIN(F9:F104) -> 1.42 | G106: =MIN(G9:G104) -> 28.98 | H106: =MIN(H9:H104) -> 17.74 | I106: =MIN(I9:I104) -> 0.5 | ... Q106: =MIN(Q9:Q104) -> 20.05
A107: Max | B107: =MAX(B9:B104) -> 11.05 | C107: =MAX(C9:C104) -> 68.95 | D107: =MAX(D9:D104) -> 43.78 | E107: =MAX(E9:E104) -> 3.66 | F107: =MAX(F9:F104) -> 13.15 | G107: =MAX(G9:G104) -> 63.9 | H107: =MAX(H9:H104) -> 26.62 | I107: =MAX(I9:I104) -> 0.6 | ... Q107: =MAX(Q9:Q104) -> 26.94
A108: Avg | B108: =AVERAGE(B9:B104) -> 5.45 | C108: =AVERAGE(C9:C104) -> 55.630208 | D108: =AVERAGE(D9:D104) -> 36.812396 | E108: =AVERAGE(E9:E104) -> 2.4042708 | F108: =AVERAGE(F9:F104) -> 4.5697917 | G108: =AVERAGE(G9:G104) -> 46.544348 | H108: =AVERAGE(H9:H104) -> 21.371957 | I108: =AVERAGE(I9:I104) -> 0.54760417 | ... Q108: =AVERAGE(Q9:Q104) -> 23.835521
A109: Stdev | B109: =STDEV(B9:B104) -> 2.1064857 | C109: =STDEV(C9:C104) -> 5.2734255 | D109: =STDEV(D9:D104) -> 3.9172312 | E109: =STDEV(E9:E104) -> 0.49967093 | F109: =STDEV(F9:F104) -> 2.7765188 | G109: =STDEV(G9:G104) -> 9.8067185 | H109: =STDEV(H9:H104) -> 2.5804017 | I109: =STDEV(I9:I104) -> 0.022512911 | ... Q109: =STDEV(Q9:Q104) -> 1.5305224
A110: Num | B110: =COUNT(B9:B104) -> 96 | C110: =COUNT(C9:C104) -> 96 | D110: =COUNT(D9:D104) -> 96 | E110: =COUNT(E9:E104) -> 96 | F110: =COUNT(F9:F104) -> 96 | G110: =COUNT(G9:G104) -> 92 | H110: =COUNT(H9:H104) -> 92 | I110: =COUNT(I9:I104) -> 96 | ... Q110: =COUNT(Q9:Q104) -> 96
A111: DCR | B111: =IF(B110>=87,">90%",IF(B110<=87,"<90%")) -> >90% | C111: =IF(C110>=87,">90%",IF(C110<=87,"<90%")) -> >90% | D111: =IF(D110>=87,">90%",IF(D110<=87,"<90%")) -> >90% | E111: =IF(E110>=87,">90%",IF(E110<=87,"<90%")) -> >90% | F111: =IF(F110>=87,">90%",IF(F110<=87,"<90%")) -> >90% | G111: =IF(G110>=87,">90%",IF(G110<=87,"<90%")) -> >90% | H111: =IF(H110>=87,">90%",IF(H110<=87,"<90%")) -> >90% | I111: =IF(I110>=87,">90%",IF(I110<=87,"<90%")) -> >90% | ... Q111: =IF(Q110>=87,">90%",IF(Q110<=87,"<90%")) -> >90%
A112: Status | B112: =IF(B110>=87,"OK",IF(B110<=87,"LESS")) -> OK | C112: =IF(C110>=87,"OK",IF(C110<=87,"LESS")) -> OK | D112: =IF(D110>=87,"OK",IF(D110<=87,"LESS")) -> OK | E112: =IF(E110>=87,"OK",IF(E110<=87,"LESS")) -> OK | F112: =IF(F110>=87,"OK",IF(F110<=87,"LESS")) -> OK | G112: =IF(G110>=87,"OK",IF(G110<=87,"LESS")) -> OK | H112: =IF(H110>=87,"OK",IF(H110<=87,"LESS")) -> OK | I112: =IF(I110>=87,"OK",IF(I110<=87,"LESS")) -> OK | ... Q112: =IF(Q110>=87,"OK",IF(Q110<=87,"LESS")) -> OK
A115: Done by | B115: RK
A117: Comment

Sheet 18
A1: Station: | B1: BHATAGAON RAIPUR
A2: Date: | B2: =$A$9 -> 18-03-2023 00:15 | D2: Power Off | G2: Pw.Off | L2: Link Fail | N2: Link F | P2: Maintenance | R2: Maint.
A3: Report Type: | B3: Mean | D3: Calibration | G3: Calib. | L3: Data Fail | N3: Data F | P3: Invalid | R3: Invalid
A4: Time Base: | B4: 15 Min | D4: Zero Referrence | G4: Z.Ref | L4: Warm Up | N4: Wm. Up
A7: Date & Time | B7: NO_BHATAGAON | C7: NO2__BHATAGAON | D7: NOX_BHATAGAON | E7: SO2__BHATAGAON | F7: O3__BHATAGAON | G7: PM10__BHATAGAON | H7: PM2_5__BHATAGAON | I7: BENZ__BHATAGAON | J7: WS__BHATAGAON | K7: WD__BHATAGAON | L7: TEMP__BHATAGAON | M7: HUM__BHATAGAON | N7: SR__BHATAGAON | O7: RG__BHATAGAON | P7: CO__BHATAGAON | Q7: NH3__BHATAGAON
B8: ug/m3 | C8: ug/m3 | D8: ppb | E8: ug/m3 | F8: ug/m3 | G8: ug/m3 | H8: ug/m3 | I8: ug/m3 | J8: m/sec | K8: deg | L8: degreC | M8: % | N8: w/m2 | O8: mm | P8: mg/m3 | Q8: ug/m3
A9: 18-03-2023 00:15 | B9: 5.37 | C9: 53.12 | D9: 35.36 | E9: 1.75 | F9: 2.12 | G9: 49.09 | H9: 18.3 | I9: 0.54 | J9: 1.35 | K9: 188.07 | L9: 20.71 | M9: 55.14 | N9: 4.7 | O9: 0 | P9: 0.72 | Q9: 22.6
A10: 18-03-2023 00:30 | B10: 5.32 | C10: 52.26 | D10: 34.85 | E10: 1.95 | F10: 2.41 | G10: 38.57 | H10: 16.26 | I10: 0.54 | J10: 0.71 | K10: 198.03 | L10: 20.45 | M10: 56.05 | N10: 4.9 | O10: 0 | P10: 0.7 | Q10: 22.41
A11: 18-03-2023 00:45 | B11: 5.44 | C11: 51.67 | D11: 34.62 | E11: 2.1 | F11: 2.23 | G11: 36.79 | H11: 15.91 | I11: 0.55 | J11: 0.33 | K11: 228.88 | L11: 20.19 | M11: 56.93 | N11: 4.8 | O11: 0 | P11: 0.69 | Q11: 22.37
A12: 18-03-2023 01:00 | B12: 5.7 | C12: 51.12 | D12: 34.52 | E12: 1.62 | F12: 2.75 | G12: 36.79 | H12: 15.91 | I12: 0.57 | J12: 0.13 | K12: 302.37 | L12: 19.88 | M12: 58.27 | N12: 5 | O12: 0 | P12: 0.68 | Q12: 22.51
A13: 18-03-2023 01:15 | B13: 6.35 | C13: 50.92 | D13: 34.93 | E13: 1.89 | F13: 2.37 | G13: 36.79 | H13: 15.91 | I13: 0.53 | J13: 0.32 | K13: 20.38 | L13: 19.41 | M13: 61.53 | N13: 5 | O13: 0 | P13: 0.67 | Q13: 22.99
A14: 18-03-2023 01:30 | B14: 6.97 | C14: 50.79 | D14: 35.35 | E14: 1.79 | F14: 2.25 | G14: 38.86 | H14: 15.75 | I14: 0.53 | J14: 0.29 | K14: 357.64 | L14: 19.22 | M14: 62.8 | N14: 4.9 | O14: 0 | P14: 0.69 | Q14: 23.39
A15: 18-03-2023 01:45 | B15: 7.49 | C15: 50 | D15: 35.34 | E15: 1.88 | F15: 2.01 | G15: 39.21 | H15: 15.72 | I15: 0.54 | J15: 0.12 | K15: 344.19 | L15: 19.32 | M15: 60.95 | N15: 4.7 | O15: 0 | P15: 0.68 | Q15: 23.75
A16: 18-03-2023 02:00 | B16: 7.69 | C16: 48.5 | D16: 34.67 | E16: 1.74 | F16: 1.77 | G16: 39.21 | H16: 15.72 | I16: 0.54 | J16: 0.01 | K16: 319.83 | L16: 19.49 | M16: 59.56 | N16: 4.6 | O16: 0 | P16: 0.67 | Q16: 23.31
A17: 18-03-2023 02:15 | B17: 7.78 | C17: 49.29 | D17: 35.18 | E17: 1.53 | F17: 1.7 | G17: 39.21 | H17: 15.72 | I17: 0.54 | J17: 0.35 | K17: 36.77 | L17: 19.57 | M17: 60.55 | N17: 4.5 | O17: 0 | P17: 0.66 | Q17: 23.75
A18: 18-03-2023 02:30 | B18: 8.59 | C18: 49.99 | D18: 36.22 | E18: 1.72 | F18: 1.61 | G18: 36.71 | H18: 14.88 | I18: 0.55 | J18: 0.25 | K18: 25.65 | L18: 19.5 | M18: 63.03 | N18: 4.8 | O18: 0 | P18: 0.67 | Q18: 23.84
A19: 18-03-2023 02:45 | B19: 8.86 | C19: 50.59 | D19: 36.77 | E19: 2.16 | F19: 1.47 | G19: 36.29 | H19: 14.74 | I19: 0.55 | J19: 0.71 | K19: 18.83 | L19: 19.71 | M19: 62.67 | N19: 4.1 | O19: 0 | P19: 0.69 | Q19: 24.19
A20: 18-03-2023 03:00 | B20: 9.3 | C20: 51.76 | D20: 37.76 | E20: 2.48 | F20: 1.17 | G20: 36.29 | H20: 14.74 | I20: 0.55 | J20: 0.54 | K20: 28.62 | L20: 19.91 | M20: 61.67 | N20: 4.7 | O20: 0 | P20: 0.72 | Q20: 24.54
... A104: 18-03-2023 24:00 | B104: 20.65 | C104: 52.94 | D104: 47.52 | E104: 1.52 | F104: 1.52 | G104: 33.65 | H104: 11.91 | I104: 0.57 | J104: 0.32 | K104: 176.08 | L104: 16.23 | M104: 83.76 | N104: 4.9 | O104: 0 | P104: 0.7 | Q104: 27.64
A106: Min | B106: =MIN(B9:B104) -> 4.69 | C106: =MIN(C9:C104) -> 48.5 | D106: =MIN(D9:D104) -> 33.8 | E106: =MIN(E9:E104) -> 1.29 | F106: =MIN(F9:F104) -> 1.03 | G106: =MIN(G9:G104) -> 15.61 | H106: =MIN(H9:H104) -> 8.57 | I106: =MIN(I9:I104) -> 0.47 | ... Q106: =MIN(Q9:Q104) -> 22.37
A107: Max | B107: =MAX(B9:B104) -> 22.45 | C107: =MAX(C9:C104) -> 75.5 | D107: =MAX(D9:D104) -> 52.74 | E107: =MAX(E9:E104) -> 4.62 | F107: =MAX(F9:F104) -> 7.78 | G107: =MAX(G9:G104) -> 89.43 | H107: =MAX(H9:H104) -> 34.14 | I107: =MAX(I9:I104) -> 0.59 | ... Q107: =MAX(Q9:Q104) -> 32.25
A108: Avg | B108: =AVERAGE(B9:B104) -> 11.510312 | C108: =AVERAGE(C9:C104) -> 56.057604 | D108: =AVERAGE(D9:D104) -> 41.907812 | E108: =AVERAGE(E9:E104) -> 2.2569792 | F108: =AVERAGE(F9:F104) -> 1.9658333 | G108: =AVERAGE(G9:G104) -> 44.583958 | H108: =AVERAGE(H9:H104) -> 18.643646 | I108: =AVERAGE(I9:I104) -> 0.55010417 | ... Q108: =AVERAGE(Q9:Q104) -> 27.504375
A109: Stdev | B109: =STDEV(B9:B104) -> 4.1726837 | C109: =STDEV(C9:C104) -> 4.9241548 | D109: =STDEV(D9:D104) -> 4.7296728 | E109: =STDEV(E9:E104) -> 0.64780783 | F109: =STDEV(F9:F104) -> 1.118173 | G109: =STDEV(G9:G104) -> 18.820059 | H109: =STDEV(H9:H104) -> 7.2402805 | I109: =STDEV(I9:I104) -> 0.023951477 | ... Q109: =STDEV(Q9:Q104) -> 2.5105759
A110: Num | B110: =COUNT(B9:B104) -> 96 | C110: =COUNT(C9:C104) -> 96 | D110: =COUNT(D9:D104) -> 96 | E110: =COUNT(E9:E104) -> 96 | F110: =COUNT(F9:F104) -> 96 | G110: =COUNT(G9:G104) -> 96 | H110: =COUNT(H9:H104) -> 96 | I110: =COUNT(I9:I104) -> 96 | ... Q110: =COUNT(Q9:Q104) -> 96
A111: DCR | B111: =IF(B110>=87,">90%",IF(B110<=87,"<90%")) -> >90% | C111: =IF(C110>=87,">90%",IF(C110<=87,"<90%")) -> >90% | D111: =IF(D110>=87,">90%",IF(D110<=87,"<90%")) -> >90% | E111: =IF(E110>=87,">90%",IF(E110<=87,"<90%")) -> >90% | F111: =IF(F110>=87,">90%",IF(F110<=87,"<90%")) -> >90% | G111: =IF(G110>=87,">90%",IF(G110<=87,"<90%")) -> >90% | H111: =IF(H110>=87,">90%",IF(H110<=87,"<90%")) -> >90% | I111: =IF(I110>=87,">90%",IF(I110<=87,"<90%")) -> >90% | ... Q111: =IF(Q110>=87,">90%",IF(Q110<=87,"<90%")) -> >90%
A112: Status | B112: =IF(B110>=87,"OK",IF(B110<=87,"LESS")) -> OK | C112: =IF(C110>=87,"OK",IF(C110<=87,"LESS")) -> OK | D112: =IF(D110>=87,"OK",IF(D110<=87,"LESS")) -> OK | E112: =IF(E110>=87,"OK",IF(E110<=87,"LESS")) -> OK | F112: =IF(F110>=87,"OK",IF(F110<=87,"LESS")) -> OK | G112: =IF(G110>=87,"OK",IF(G110<=87,"LESS")) -> OK | H112: =IF(H110>=87,"OK",IF(H110<=87,"LESS")) -> OK | I112: =IF(I110>=87,"OK",IF(I110<=87,"LESS")) -> OK | ... Q112: =IF(Q110>=87,"OK",IF(Q110<=87,"LESS")) -> OK
A115: Done by | B115: RK
A117: Comment

Sheet 19
A1: Station: | B1: BHATAGAON RAIPUR
A2: Date: | B2: =$A$9 -> 19-03-2023 00:15 | D2: Power Off | G2: Pw.Off | L2: Link Fail | N2: Link F | P2: Maintenance | R2: Maint.
A3: Report Type: | B3: Mean | D3: Calibration | G3: Calib. | L3: Data Fail | N3: Data F | P3: Invalid | R3: Invalid
A4: Time Base: | B4: 15 Min | D4: Zero Referrence | G4: Z.Ref | L4: Warm Up | N4: Wm. Up
A7: Date & Time | B7: NO_BHATAGAON | C7: NO2__BHATAGAON | D7: NOX_BHATAGAON | E7: SO2__BHATAGAON | F7: O3__BHATAGAON | G7: PM10__BHATAGAON | H7: PM2_5__BHATAGAON | I7: BENZ__BHATAGAON | J7: WS__BHATAGAON | K7: WD__BHATAGAON | L7: TEMP__BHATAGAON | M7: HUM__BHATAGAON | N7: SR__BHATAGAON | O7: RG__BHATAGAON | P7: CO__BHATAGAON | Q7: NH3__BHATAGAON
B8: ug/m3 | C8: ug/m3 | D8: ppb | E8: ug/m3 | F8: ug/m3 | G8: ug/m3 | H8: ug/m3 | I8: ug/m3 | J8: m/sec | K8: deg | L8: degreC | M8: % | N8: w/m2 | O8: mm | P8: mg/m3 | Q8: ug/m3
A9: 19-03-2023 00:15 | B9: 19.74 | C9: 52.54 | D9: 46.56 | E9: 2.77 | F9: 1.44 | G9: 33.65 | H9: 11.91 | I9: 0.6 | J9: 0.52 | K9: 173.28 | L9: 16.32 | M9: 83.23 | N9: 4.9 | O9: 0 | P9: 0.68 | Q9: 27.69
A10: 19-03-2023 00:30 | B10: 18.93 | C10: 51.18 | D10: 45.17 | E10: 2.45 | F10: 1.51 | G10: 30.59 | H10: 14.2 | I10: 0.59 | J10: 0.48 | K10: 162.05 | L10: 16.22 | M10: 84.03 | N10: 5.1 | O10: 0 | P10: 0.67 | Q10: 27.49
A11: 19-03-2023 00:45 | B11: 18.16 | C11: 52.88 | D11: 45.48 | E11: 2.67 | F11: 1.46 | G11: 30.12 | H11: 14.55 | I11: 0.56 | J11: 0.27 | K11: 161.78 | L11: 16.13 | M11: 84.66 | N11: 5 | O11: 0 | P11: 0.66 | Q11: 27.36
A12: 19-03-2023 01:00 | B12: 17.44 | C12: 52.36 | D12: 44.63 | E12: 2.67 | F12: 1.24 | G12: 30.12 | H12: 14.55 | I12: 0.58 | J12: 0.35 | K12: 134.33 | L12: 16.15 | M12: 84.42 | N12: 5 | O12: 0 | P12: 0.64 | Q12: 26.77
A13: 19-03-2023 01:15 | B13: 16.93 | C13: 53.46 | D13: 44.82 | E13: 2.72 | F13: 1.13 | G13: 30.12 | H13: 14.55 | I13: 0.56 | J13: 0.4 | K13: 98.73 | L13: 16.19 | M13: 84.35 | N13: 5 | O13: 0 | P13: 0.62 | Q13: 26.78
A14: 19-03-2023 01:30 | B14: 16.61 | C14: 53.16 | D14: 44.4 | E14: 2.92 | F14: 1.42 | G14: 28.81 | H14: 13.69 | I14: 0.56 | J14: 0.39 | K14: 121.42 | L14: 16.38 | M14: 83.46 | N14: 5 | O14: 0 | P14: 0.61 | Q14: 26.91
A15: 19-03-2023 01:45 | B15: 16.29 | C15: 52.46 | D15: 43.75 | E15: 2.68 | F15: 1.37 | G15: 28.59 | H15: 13.54 | I15: 0.56 | J15: 0.65 | K15: 104.19 | L15: 16.48 | M15: 83.48 | N15: 5 | O15: 0 | P15: 0.61 | Q15: 27.44
A16: 19-03-2023 02:00 | B16: 16.07 | C16: 51.93 | D16: 43.29 | E16: 2.57 | F16: 1.38 | G16: 28.59 | H16: 13.54 | I16: 0.56 | J16: 1.37 | K16: 102.53 | L16: 16.46 | M16: 83.41 | N16: 5.1 | O16: 0 | P16: 0.6 | Q16: 28.46
A17: 19-03-2023 02:15 | B17: 15.73 | C17: 51.68 | D17: 42.88 | E17: 2.8 | F17: 1.44 | G17: 28.59 | H17: 13.54 | I17: 0.56 | J17: 1.34 | K17: 106.73 | L17: 16.36 | M17: 84.49 | N17: 5 | O17: 0 | P17: 0.58 | Q17: 29.54
A18: 19-03-2023 02:30 | B18: 15.52 | C18: 51.42 | D18: 42.56 | E18: 2.86 | F18: 1.5 | G18: 26.91 | H18: 13.5 | I18: 0.56 | J18: 1.12 | K18: 111.84 | L18: 16.23 | M18: 85.74 | N18: 5 | O18: 0 | P18: 0.57 | Q18: 29.71
A19: 19-03-2023 02:45 | B19: 15.33 | C19: 49.54 | D19: 41.38 | E19: 3.14 | F19: 1.37 | G19: 26.62 | H19: 13.49 | I19: 0.57 | J19: 1.21 | K19: 100.6 | L19: 16.2 | M19: 85.74 | N19: 4.9 | O19: 0 | P19: 0.56 | Q19: 31.35
A20: 19-03-2023 03:00 | B20: 15.09 | C20: 44.67 | D20: 38.49 | E20: 2.81 | F20: 1.23 | G20: 26.62 | H20: 13.49 | I20: 0.56 | J20: 0.82 | K20: 96.31 | L20: 16.2 | M20: 85.73 | N20: 5 | O20: 0 | P20: 0.55 | Q20: 34.28
... A104: 19-03-2023 24:00 | B104: 7.1 | C104: 56.11 | D104: 38.4 | E104: 0.96 | F104: 1.54 | G104: 2.02 | H104: 10.84 | I104: 0.52 | J104: 0.17 | K104: 340.07 | L104: 14.93 | M104: 90.46 | N104: 4.9 | O104: 0 | P104: 0.55 | Q104: 30.81
A106: Min | B106: =MIN(B9:B104) -> 3.6 | C106: =MIN(C9:C104) -> 44.67 | D106: =MIN(D9:D104) -> 29.47 | E106: =MIN(E9:E104) -> 0.45 | F106: =MIN(F9:F104) -> 1.12 | G106: =MIN(G9:G104) -> 2.02 | H106: =MIN(H9:H104) -> 10.49 | I106: =MIN(I9:I104) -> 0.5 | ... Q106: =MIN(Q9:Q104) -> 26.77
A107: Max | B107: =MAX(B9:B104) -> 27.87 | C107: =MAX(C9:C104) -> 66.13 | D107: =MAX(D9:D104) -> 50.83 | E107: =MAX(E9:E104) -> 3.14 | F107: =MAX(F9:F104) -> 4.98 | G107: =MAX(G9:G104) -> 146.7 | H107: =MAX(H9:H104) -> 19.78 | I107: =MAX(I9:I104) -> 0.6 | ... Q107: =MAX(Q9:Q104) -> 36.99
A108: Avg | B108: =AVERAGE(B9:B104) -> 12.368125 | C108: =AVERAGE(C9:C104) -> 54.701042 | D108: =AVERAGE(D9:D104) -> 41.846771 | E108: =AVERAGE(E9:E104) -> 1.871875 | F108: =AVERAGE(F9:F104) -> 2.169375 | G108: =AVERAGE(G9:G104) -> 39.024062 | H108: =AVERAGE(H9:H104) -> 15.269479 | I108: =AVERAGE(I9:I104) -> 0.53895833 | ... Q108: =AVERAGE(Q9:Q104) -> 31.378646
A109: Stdev | B109: =STDEV(B9:B104) -> 6.8407139 | C109: =STDEV(C9:C104) -> 5.7664428 | D109: =STDEV(D9:D104) -> 4.2187438 | E109: =STDEV(E9:E104) -> 0.56073882 | F109: =STDEV(F9:F104) -> 1.158746 | G109: =STDEV(G9:G104) -> 24.327808 | H109: =STDEV(H9:H104) -> 2.9550055 | I109: =STDEV(I9:I104) -> 0.025193114 | ... Q109: =STDEV(Q9:Q104) -> 1.9851775
A110: Num | B110: =COUNT(B9:B104) -> 96 | C110: =COUNT(C9:C104) -> 96 | D110: =COUNT(D9:D104) -> 96 | E110: =COUNT(E9:E104) -> 96 | F110: =COUNT(F9:F104) -> 96 | G110: =COUNT(G9:G104) -> 96 | H110: =COUNT(H9:H104) -> 96 | I110: =COUNT(I9:I104) -> 96 | ... Q110: =COUNT(Q9:Q104) -> 96
A111: DCR | B111: =IF(B110>=87,">90%",IF(B110<=87,"<90%")) -> >90% | C111: =IF(C110>=87,">90%",IF(C110<=87,"<90%")) -> >90% | D111: =IF(D110>=87,">90%",IF(D110<=87,"<90%")) -> >90% | E111: =IF(E110>=87,">90%",IF(E110<=87,"<90%")) -> >90% | F111: =IF(F110>=87,">90%",IF(F110<=87,"<90%")) -> >90% | G111: =IF(G110>=87,">90%",IF(G110<=87,"<90%")) -> >90% | H111: =IF(H110>=87,">90%",IF(H110<=87,"<90%")) -> >90% | I111: =IF(I110>=87,">90%",IF(I110<=87,"<90%")) -> >90% | ... Q111: =IF(Q110>=87,">90%",IF(Q110<=87,"<90%")) -> >90%
A112: Status | B112: =IF(B110>=87,"OK",IF(B110<=87,"LESS")) -> OK | C112: =IF(C110>=87,"OK",IF(C110<=87,"LESS")) -> OK | D112: =IF(D110>=87,"OK",IF(D110<=87,"LESS")) -> OK | E112: =IF(E110>=87,"OK",IF(E110<=87,"LESS")) -> OK | F112: =IF(F110>=87,"OK",IF(F110<=87,"LESS")) -> OK | G112: =IF(G110>=87,"OK",IF(G110<=87,"LESS")) -> OK | H112: =IF(H110>=87,"OK",IF(H110<=87,"LESS")) -> OK | I112: =IF(I110>=87,"OK",IF(I110<=87,"LESS")) -> OK | ... Q112: =IF(Q110>=87,"OK",IF(Q110<=87,"LESS")) -> OK
A115: Done by | B115: RK
A117: Comment

Sheet 20
A1: Station: | B1: BHATAGAON RAIPUR
A2: Date: | B2: =$A$9 -> 20-03-2023 00:15 | D2: Power Off | G2: Pw.Off | L2: Link Fail | N2: Link F | P2: Maintenance | R2: Maint.
A3: Report Type: | B3: Mean | D3: Calibration | G3: Calib. | L3: Data Fail | N3: Data F | P3: Invalid | R3: Invalid
A4: Time Base: | B4: 15 Min | D4: Zero Referrence | G4: Z.Ref | L4: Warm Up | N4: Wm. Up
A7: Date & Time | B7: NO_BHATAGAON | C7: NO2__BHATAGAON | D7: NOX_BHATAGAON | E7: SO2__BHATAGAON | F7: O3__BHATAGAON | G7: PM10__BHATAGAON | H7: PM2_5__BHATAGAON | I7: BENZ__BHATAGAON | J7: WS__BHATAGAON | K7: WD__BHATAGAON | L7: TEMP__BHATAGAON | M7: HUM__BHATAGAON | N7: SR__BHATAGAON | O7: RG__BHATAGAON | P7: CO__BHATAGAON | Q7: NH3__BHATAGAON
B8: ug/m3 | C8: ug/m3 | D8: ppb | E8: ug/m3 | F8: ug/m3 | G8: ug/m3 | H8: ug/m3 | I8: ug/m3 | J8: m/sec | K8: deg | L8: degreC | M8: % | N8: w/m2 | O8: mm | P8: mg/m3 | Q8: ug/m3
A9: 20-03-2023 00:15 | B9: 7.38 | C9: 54.29 | D9: 37.63 | E9: 1.76 | F9: 1.54 | G9: Invalid | H9: Invalid | I9: 0.52 | J9: 0.55 | K9: 346.76 | L9: 14.93 | M9: 91.24 | N9: 4.7 | O9: 0 | P9: 0.53 | Q9: 31.64
A10: 20-03-2023 00:30 | B10: 7.57 | C10: 50.81 | D10: 35.85 | E10: 1.76 | F10: 1.52 | G10: 15.73 | H10: 10.84 | I10: 0.52 | J10: 0.13 | K10: 347.61 | L10: 15.05 | M10: 90.12 | N10: 5 | O10: 0 | P10: 0.54 | Q10: 34.06
A11: 20-03-2023 00:45 | B11: 7.86 | C11: 50.38 | D11: 35.85 | E11: 2.01 | F11: 1.46 | G11: 18.05 | H11: 10.84 | I11: 0.52 | J11: 0.48 | K11: 183.11 | L11: 15.12 | M11: 89.31 | N11: 4.8 | O11: 0 | P11: 0.56 | Q11: 33
A12: 20-03-2023 01:00 | B12: 8.08 | C12: 50.24 | D12: 35.94 | E12: 1.85 | F12: 1.39 | G12: 18.05 | H12: 10.84 | I12: 0.53 | J12: 0.15 | K12: 228.69 | L12: 15.2 | M12: 88.48 | N12: 5 | O12: 0 | P12: 0.57 | Q12: 33.11
A13: 20-03-2023 01:15 | B13: 8.2 | C13: 49.63 | D13: 35.7 | E13: 1.73 | F13: 1.5 | G13: 18.05 | H13: 10.84 | I13: 0.52 | J13: 0.06 | K13: 327.44 | L13: 14.89 | M13: 90.12 | N13: 4.9 | O13: 0 | P13: 0.54 | Q13: 32.78
A14: 20-03-2023 01:30 | B14: 8.45 | C14: 48.83 | D14: 35.47 | E14: 1.82 | F14: 1.37 | G14: 16.03 | H14: 9.58 | I14: 0.52 | J14: 0.17 | K14: 5.17 | L14: 14.66 | M14: 91.86 | N14: 4.6 | O14: 0 | P14: 0.57 | Q14: 32.7
A15: 20-03-2023 01:45 | B15: 8.77 | C15: 48.09 | D15: 35.31 | E15: 1.78 | F15: 1.26 | G15: 15.69 | H15: 9.37 | I15: 0.52 | J15: 0.15 | K15: 78.91 | L15: 14.71 | M15: 90.91 | N15: 4.6 | O15: 0 | P15: 0.56 | Q15: 32.62
A16: 20-03-2023 02:00 | B16: 8.99 | C16: 46.93 | D16: 34.85 | E16: 2.31 | F16: 1.39 | G16: 15.69 | H16: 9.37 | I16: 0.52 | J16: 0.18 | K16: 227.59 | L16: 14.91 | M16: 90.88 | N16: 4.5 | O16: 0 | P16: 0.57 | Q16: 31.1
A17: 20-03-2023 02:15 | B17: 9.14 | C17: 48.82 | D17: 36.01 | E17: 2.07 | F17: 1.33 | G17: 15.69 | H17: 9.37 | I17: 0.5 | J17: 0.59 | K17: 214.61 | L17: 15.43 | M17: 86.91 | N17: 4.3 | O17: 0 | P17: 0.56 | Q17: 31.41
A18: 20-03-2023 02:30 | B18: 9.27 | C18: 49.75 | D18: 36.63 | E18: 1.93 | F18: 1.33 | G18: Invalid | H18: Invalid | I18: 0.5 | J18: 0.22 | K18: 241.05 | L18: 15.39 | M18: 86.63 | N18: 5.1 | O18: 0 | P18: 0.56 | Q18: 31.77
A19: 20-03-2023 02:45 | B19: 9.39 | C19: 48.87 | D19: 36.24 | E19: 2.28 | F19: 1.27 | G19: Invalid | H19: Invalid | I19: 0.5 | J19: 0.17 | K19: 16.37 | L19: 15.2 | M19: 87.81 | N19: 5.1 | O19: 0 | P19: 0.55 | Q19: 31.77
A20: 20-03-2023 03:00 | B20: 9.62 | C20: 47.07 | D20: 35.43 | E20: 1.9 | F20: 1.37 | G20: Invalid | H20: Invalid | I20: 0.5 | J20: 0.14 | K20: 31.91 | L20: 14.83 | M20: 90.26 | N20: 4.8 | O20: 0 | P20: 0.54 | Q20: 32.23
A21: 20-03-2023 03:15 | B21: 10.05 | C21: 45.85 | D21: 35.1 | E21: 2.14 | F21: 1.3 | G21: Invalid | H21: Invalid | I21: 0.5 | J21: 0.12 | K21: 244.83 | L21: 14.77 | M21: 90.32 | N21: 4.6 | O21: 0 | P21: 0.53 | Q21: 32.98
A22: 20-03-2023 03:30 | B22: 10.24 | C22: 45.24 | D22: 34.91 | E22: 2.02 | F22: 1.42 | G22: 14.62 | H22: 10 | I22: 0.5 | J22: 0.27 | K22: 101.77 | L22: 14.9 | M22: 88.81 | N22: 4.4 | O22: 0 | P22: 0.52 | Q22: 31.95
A23: 20-03-2023 03:45 | B23: 10.41 | C23: 45.32 | D23: 35.1 | E23: 2.59 | F23: 1.31 | G23: 16.42 | H23: 10.15 | I23: 0.5 | J23: 0.18 | K23: 234.68 | L23: 15.09 | M23: 88.5 | N23: 4.6 | O23: 0 | P23: 0.51 | Q23: 33.78
A24: 20-03-2023 04:00 | B24: 10.65 | C24: 44.93 | D24: 35.07 | E24: 2 | F24: 1.31 | G24: 16.42 | H24: 10.15 | I24: 0.53 | J24: 0.36 | K24: 19.55 | L24: 15.1 | M24: 90.14 | N24: 5 | O24: 0 | P24: 0.51 | Q24: 36.05
A25: 20-03-2023 04:15 | B25: 11.38 | C25: 43.43 | D25: 34.84 | E25: 2.08 | F25: 1.22 | G25: 16.42 | H25: 10.15 | I25: 0.54 | J25: 0.31 | K25: 65.65 | L25: 15.03 | M25: 90.45 | N25: 4.5 | O25: 0 | P25: 0.51 | Q25: 36.32
A26: 20-03-2023 04:30 | B26: 12.16 | C26: 43.56 | D26: 35.53 | E26: 2.38 | F26: 1.23 | G26: 23.57 | H26: 10.37 | I26: 0.54 | J26: 0.41 | K26: 99.16 | L26: 14.86 | M26: 91.63 | N26: 4.5 | O26: 0 | P26: 0.51 | Q26: 35.39
A27: 20-03-2023 04:45 | B27: 12.71 | C27: 44.79 | D27: 36.65 | E27: 2.04 | F27: 1.17 | G27: 24.78 | H27: 10.41 | I27: 0.54 | J27: 0.6 | K27: 105.89 | L27: 14.79 | M27: 91.86 | N27: 4.3 | O27: 0 | P27: 0.52 | Q27: 35.52
A28: 20-03-2023 05:00 | B28: 13.12 | C28: 44.28 | D28: 36.7 | E28: 2.53 | F28: 1.09 | G28: 24.78 | H28: 10.41 | I28: 0.51 | J28: 0.21 | K28: 108.7 | L28: 14.82 | M28: 91.08 | N28: 4.5 | O28: 0 | P28: 0.53 | Q28: 36.15
A29: 20-03-2023 05:15 | B29: 13.52 | C29: 43.32 | D29: 36.49 | E29: 2.7 | F29: 1.21 | G29: 24.78 | H29: 10.41 | I29: 0.53 | J29: 0.14 | K29: 337.24 | L29: 14.5 | M29: 92.33 | N29: 4.8 | O29: 0 | P29: 0.54 | Q29: 36.62
A30: 20-03-2023 05:30 | B30: 15.14 | C30: 43.06 | D30: 37.64 | E30: 2.19 | F30: 1.37 | G30: 24.61 | H30: 10.49 | I30: 0.54 | J30: 0.07 | K30: 176.08 | L30: 14.22 | M30: 94.53 | N30: 4.7 | O30: 0 | P30: 0.56 | Q30: 35.41
A31: 20-03-2023 05:45 | B31: 16.89 | C31: 44.38 | D31: 39.77 | E31: 2.42 | F31: 1.07 | G31: 24.58 | H31: 10.51 | I31: 0.54 | J31: 0.16 | K31: 267.63 | L31: 14.29 | M31: 94.97 | N31: 4.6 | O31: 0 | P31: 0.58 | Q31: 34.23
A32: 20-03-2023 06:00 | B32: 18.28 | C32: 44.83 | D32: 41.14 | E32: 2.42 | F32: 0.9 | G32: 24.58 | H32: 10.51 | I32: 0.52 | J32: 0.09 | K32: 240.12 | L32: 14.3 | M32: 94.67 | N32: 5.5 | O32: 0 | P32: 0.59 | Q32: 35.38
A33: 20-03-2023 06:15 | B33: 19.24 | C33: 45.11 | D33: 42.07 | E33: 2.45 | F33: 1.02 | G33: 24.58 | H33: 10.51 | I33: 0.52 | J33: 0.15 | K33: 337.94 | L33: 14.25 | M33: 94.82 | N33: 12.8 | O33: 0 | P33: 0.59 | Q33: 34.56
... A53: 20-03-2023 11:15 | B53: 3.83 | C53: 65.2 | D53: 40.79 | E53: 6.12 | F53: 16.81 | G53: 60.35 | H53: 19.3 | I53: 0.45 | J53: 0.49 | K53: 351.09 | L53: 28.41 | M53: 37.31 | N53: 902.4 | O53: 0 | P53: 0.78 | Q53: 36.56
A54: 20-03-2023 11:30 | B54: 3.73 | C54: 68.23 | D54: 42.39 | E54: 4.06 | F54: 9.41 | G54: Maint. | H54: Maint. | I54: 0.44 | J54: 0.21 | K54: 319.79 | L54: 27.3 | M54: 37.78 | N54: 930.3 | O54: 0 | P54: 0.8 | Q54: 35.64
A55: 20-03-2023 11:45 | B55: 4.08 | C55: 62.45 | D55: 39.48 | E55: 3.45 | F55: 6.43 | G55: Maint. | H55: Maint. | I55: 0.46 | J55: 0.38 | K55: 259.27 | L55: 25.92 | M55: 39.31 | N55: 947.6 | O55: 0 | P55: 0.8 | Q55: 38.02
A56: 20-03-2023 12:00 | B56: 3.71 | C56: 55.1 | D56: 35.13 | E56: 1.5 | F56: 8.81 | G56: Maint. | H56: Maint. | I56: 0.46 | J56: 0.27 | K56: 273.35 | L56: 25.72 | M56: 43.5 | N56: 947.1 | O56: 0 | P56: 0.72 | Q56: 34.22
A57: 20-03-2023 12:15 | B57: 3.22 | C57: 52.47 | D57: 33.29 | E57: 2.63 | F57: 7.31 | G57: Maint. | H57: Maint. | I57: 0.46 | J57: 0.54 | K57: 248.6 | L57: 25.64 | M57: 42.76 | N57: 943.2 | O57: 0 | P57: 0.67 | Q57: 36.13
