Workbook

Sheet 01
A1: Station: | B1: BHATAGAON ,RAIPUR
A2: Date: | B2: =$A$9 -> 01-03-2023 01:00 | D2: Power Off | G2: Pw.Off | L2: Link Fail | N2: Link F | P2: Maintenance | R2: Maint.
A3: Report Type: | B3: Mean | D3: Calibration | G3: Calib. | L3: Data Fail | N3: Data F | P3: Invalid | R3: Invalid
A4: Time Base: | B4: 01 Hour | D4: Zero Referrence | G4: Z.Ref | L4: Warm Up | N4: Wm. Up
A7: Date & Time | B7: NO_BHATAGAON | C7: NO2_BHATAGAON | D7: NOX_BHATAGAON | E7: SO2_BHATAGAON | F7: O3_BHATAGAON | G7: PM10_BHATAGAON | H7: PM2_5_BHATAGAON | I7: BENZ_BHATAGAON | J7: WS_BHATAGAON | K7: WD_BHATAGAON | L7: TEMP_BHATAGAON | M7: HUM BHATAGAON | N7: SR_BHATAGAON | O7: RG_BHATAGAON | P7: CO_BHATAGAON | Q7: NH3_BHATAGAON
B8: ug/m3 | C8: ug/m3 | D8: ppb | E8: ug/m3 | F8: ug/m3 | G8: mg/m3 | H8: ug/m3 | I8: ug/m3 | J8: m/sec | K8: deg | L8: degreC | M8: % | N8: w/m2 | O8: mm | P8: ug/m3 | Q8: ug/m3
A9: 01-03-2023 01:00 | B9: 113.61 | C9: 128.97 | D9: 161.25 | E9: 3.83 | F9: 4.3 | G9: 174.34 | H9: 66.95 | I9: 1.53 | J9: 0.06 | K9: 346.95 | L9: 22.82 | M9: 57.24 | N9: 4.5 | O9: 0 | P9: 3.29 | Q9: 37.31
A10: 01-03-2023 02:00 | B10: 94.16 | C10: 123.72 | D10: 142.74 | E10: 3.65 | F10: 4.84 | G10: 143.64 | H10: 60.07 | I10: 1.48 | J10: 0.29 | K10: 357.7 | L10: 23.12 | M10: 56.58 | N10: 4.5 | O10: 0 | P10: 2.65 | Q10: 35.45
A11: 01-03-2023 03:00 | B11: 76.78 | C11: 113.66 | D11: 121.44 | E11: 4.4 | F11: 5.29 | G11: 103.76 | H11: 56.37 | I11: 1.39 | J11: 0.3 | K11: 258.4 | L11: 22.07 | M11: 55.28 | N11: 4.4 | O11: 0 | P11: 2.4 | Q11: 35.93
A12: 01-03-2023 04:00 | B12: 68.95 | C12: 113.09 | D12: 116.64 | E12: 3.73 | F12: 4.3 | G12: 134.2 | H12: 65.32 | I12: 1.25 | J12: 0.12 | K12: 348.12 | L12: 21.57 | M12: 64.07 | N12: 4.7 | O12: 0 | P12: 2.26 | Q12: 35.99
A13: 01-03-2023 05:00 | B13: 63.03 | C13: 114.87 | D13: 112.49 | E13: 4.55 | F13: 4.31 | G13: 169.76 | H13: 79.58 | I13: 1.22 | J13: 0.14 | K13: 334.89 | L13: 21.22 | M13: 62.73 | N13: 4.5 | O13: 0 | P13: 2.13 | Q13: 34.99
A14: 01-03-2023 06:00 | B14: 81.35 | C14: 115.07 | D14: 125.96 | E14: 4.99 | F14: 4.91 | G14: 173.73 | H14: 82.43 | I14: 1.1 | J14: 0.15 | K14: 357.2 | L14: 20.55 | M14: 70.1 | N14: 4.7 | O14: 0 | P14: 2.09 | Q14: 33.96
A15: 01-03-2023 07:00 | B15: 102.61 | C15: 114.79 | D15: 144.32 | E15: 5.44 | F15: 4.3 | G15: 176.56 | H15: 82.43 | I15: 1.12 | J15: 0.33 | K15: 281.57 | L15: 20.8 | M15: 67.7 | N15: 36.4 | O15: 0 | P15: 2.09 | Q15: 36.8
A16: 01-03-2023 08:00 | B16: 95.8 | C16: 113.62 | D16: 136.94 | E16: 5.03 | F16: 4.3 | G16: 176.56 | H16: 80.67 | I16: 1.07 | J16: 0.23 | K16: 359.36 | L16: 25.49 | M16: 64.13 | N16: 148.6 | O16: 0 | P16: 2.12 | Q16: 36.04
A17: 01-03-2023 09:00 | B17: 85.69 | C17: 121.28 | D17: 131.61 | E17: 17.79 | F17: 6.44 | G17: 128.86 | H17: 136.25 | I17: 0.97 | J17: 0.45 | K17: 113.91 | L17: 27.76 | M17: 44.94 | N17: 281.9 | O17: 0 | P17: 2.31 | Q17: 34.49
A18: 01-03-2023 10:00 | B18: 73.7 | C18: 126.92 | D18: 126.93 | E18: 19.24 | F18: 8.59 | G18: 233.38 | H18: 136.25 | I18: 0.96 | J18: 0.39 | K18: 142.3 | L18: 33.68 | M18: 36.64 | N18: 402.2 | O18: 0 | P18: 2.34 | Q18: 35.67
A19: 01-03-2023 11:00 | B19: 57.36 | C19: 147.64 | D19: 117.67 | E19: 8.17 | F19: 7.84 | G19: 233.38 | H19: 105 | I19: 0.95 | J19: 0.65 | K19: 352.66 | L19: 35.86 | M19: 25.99 | N19: 466.8 | O19: 0 | P19: 2.29 | Q19: 36.39
A20: 01-03-2023 12:00 | B20: 2.9 | C20: 93.42 | D20: 52.84 | E20: 24.03 | F20: 63.33 | G20: 146.41 | H20: 79.39 | I20: 0.81 | J20: 0.49 | K20: 359.51 | L20: 36.38 | M20: 24.22 | N20: 497.7 | O20: 0 | P20: 1.16 | Q20: 22.79
... A32: 01-03-2023 24:00 | B32: 53.19 | C32: 129.66 | D32: 113.17 | E32: 31.95 | F32: 12.52 | G32: 145.81 | H32: 71.92 | I32: 1.23 | J32: 1.15 | K32: 18.55 | L32: 27.01 | M32: 38.03 | N32: 4.5 | O32: 0 | P32: 2.49 | Q32: 33.11
A34: Min | B34: =MIN(B9:B32) -> 1.55 | C34: =MIN(C9:C32) -> 63.23 | D34: =MIN(D9:D32) -> 34.97 | E34: =MIN(E9:E32) -> 3.65 | F34: =MIN(F9:F32) -> 4.3 | G34: =MIN(G9:G32) -> 42.13 | H34: =MIN(H9:H32) -> 19.9 | I34: =MIN(I9:I32) -> 0.49 | ... Q34: =MIN(Q9:Q32) -> 18.39
A35: Max | B35: =MAX(B9:B32) -> 113.61 | C35: =MAX(C9:C32) -> 148.32 | D35: =MAX(D9:D32) -> 161.25 | E35: =MAX(E9:E32) -> 31.95 | F35: =MAX(F9:F32) -> 63.33 | G35: =MAX(G9:G32) -> 233.38 | H35: =MAX(H9:H32) -> 136.25 | I35: =MAX(I9:I32) -> 1.53 | ... Q35: =MAX(Q9:Q32) -> 37.31
A36: Avg | B36: =AVERAGE(B9:B32) -> 58.80375 | C36: =AVERAGE(C9:C32) -> 113.81458 | D36: =AVERAGE(D9:D32) -> 107.6075 | E36: =AVERAGE(E9:E32) -> 11.603333 | F36: =AVERAGE(F9:F32) -> 15.049167 | G36: =AVERAGE(G9:G32) -> 142.06125 | H36: =AVERAGE(H9:H32) -> 66.828333 | I36: =AVERAGE(I9:I32) -> 1.0166667 | ... Q36: =AVERAGE(Q9:Q32) -> 31.01625
A37: Stdev | B37: =STDEV(B9:B32) -> 37.065047 | C37: =STDEV(C9:C32) -> 26.824678 | D37: =STDEV(D9:D32) -> 41.993997 | E37: =STDEV(E9:E32) -> 8.0193509 | F37: =STDEV(F9:F32) -> 15.421672 | G37: =STDEV(G9:G32) -> 60.241524 | H37: =STDEV(H9:H32) -> 30.531005 | I37: =STDEV(I9:I32) -> 0.33830353 | ... Q37: =STDEV(Q9:Q32) -> 6.0667697
A38: Num | B38: =COUNT(B9:B32) -> 24 | C38: =COUNT(C9:C32) -> 24 | D38: =COUNT(D9:D32) -> 24 | E38: =COUNT(E9:E32) -> 24 | F38: =COUNT(F9:F32) -> 24 | G38: =COUNT(G9:G32) -> 24 | H38: =COUNT(H9:H32) -> 24 | I38: =COUNT(I9:I32) -> 24 | ... Q38: =COUNT(Q9:Q32) -> 24
A39: DCR | B39: =IF(B38>=22,">90%",IF(B38<=22,"<90%")) -> >90% | C39: =IF(C38>=22,">90%",IF(C38<=22,"<90%")) -> >90% | D39: =IF(D38>=22,">90%",IF(D38<=22,"<90%")) -> >90% | E39: =IF(E38>=22,">90%",IF(E38<=22,"<90%")) -> >90% | F39: =IF(F38>=22,">90%",IF(F38<=22,"<90%")) -> >90% | G39: =IF(G38>=22,">90%",IF(G38<=22,"<90%")) -> >90% | H39: =IF(H38>=22,">90%",IF(H38<=22,"<90%")) -> >90% | I39: =IF(I38>=22,">90%",IF(I38<=22,"<90%")) -> >90% | ... Q39: =IF(Q38>=22,">90%",IF(Q38<=22,"<90%")) -> >90%
A40: Status | B40: =IF(B38>=22,"OK",IF(B38<=22,"LESS")) -> OK | C40: =IF(C38>=22,"OK",IF(C38<=22,"LESS")) -> OK | D40: =IF(D38>=22,"OK",IF(D38<=22,"LESS")) -> OK | E40: =IF(E38>=22,"OK",IF(E38<=22,"LESS")) -> OK | F40: =IF(F38>=22,"OK",IF(F38<=22,"LESS")) -> OK | G40: =IF(G38>=22,"OK",IF(G38<=22,"LESS")) -> OK | H40: =IF(H38>=22,"OK",IF(H38<=22,"LESS")) -> OK | I40: =IF(I38>=22,"OK",IF(I38<=22,"LESS")) -> OK | ... Q40: =IF(Q38>=22,"OK",IF(Q38<=22,"LESS")) -> OK
A43: Done by | B43: RAHUL
A45: Comment

Sheet 02
A1: Station: | B1: BHATAGAON RAIPUR
A2: Date: | B2: =$A$9 -> 02-03-2023 01:00 | D2: Power Off | G2: Pw.Off | L2: Link Fail | N2: Link F | P2: Maintenance | R2: Maint.
A3: Report Type: | B3: Mean | D3: Calibration | G3: Calib. | L3: Data Fail | N3: Data F | P3: Invalid | R3: Invalid
A4: Time Base: | B4: 01 Hour | D4: Zero Referrence | G4: Z.Ref | L4: Warm Up | N4: Wm. Up
A7: Date & Time | B7: NO_BHATAGAON | C7: NO2_BHATAGAON | D7: NOX_BHATAGAON | E7: SO2_BHATAGAON | F7: O3_BHATAGAON | G7: PM10_BHATAGAON | H7: PM2_5_BHATAGAON | I7: BENZ_BHATAGAON | J7: WS_BHATAGAON | K7: WD_BHATAGAON | L7: TEMP_BHATAGAON | M7: HUM BHATAGAON | N7: SR_BHATAGAON | O7: RG_BHATAGAON | P7: CO_BHATAGAON | Q7: NH3_BHATAGAON
B8: ug/m3 | C8: ug/m3 | D8: ppb | E8: ug/m3 | F8: ug/m3 | G8: mg/m3 | H8: ug/m3 | I8: ug/m3 | J8: m/sec | K8: deg | L8: degreC | M8: % | N8: w/m2 | O8: mm | P8: ug/m3 | Q8: ug/m3
A9: 02-03-2023 01:00 | B9: 39.32 | C9: 130.42 | D9: 101.97 | E9: 10.57 | F9: 6.96 | G9: 114.24 | H9: 60.41 | I9: 1.03 | J9: 0.81 | K9: 17.96 | L9: 26.47 | M9: 43.24 | N9: 4.6 | O9: 0 | P9: 2.36 | Q9: 33.05
A10: 02-03-2023 02:00 | B10: 28.29 | C10: 128.05 | D10: 92.31 | E10: 10.02 | F10: 4.54 | G10: 150.8 | H10: 61.53 | I10: 0.9 | J10: 0.59 | K10: 231.07 | L10: 25.19 | M10: 50.39 | N10: 5.1 | O10: 0 | P10: 2.04 | Q10: 32.97
A11: 02-03-2023 03:00 | B11: 20.6 | C11: 117.39 | D11: 80.26 | E11: 5.83 | F11: 5.87 | G11: 150.8 | H11: 61.53 | I11: 0.82 | J11: 0.18 | K11: 331.8 | L11: 23.3 | M11: 58.61 | N11: 4.8 | O11: 0 | P11: 1.89 | Q11: 31.16
A12: 02-03-2023 04:00 | B12: 21.32 | C12: 109.81 | D12: 76.29 | E12: 4.82 | F12: 6.33 | G12: 104.57 | H12: 53.72 | I12: 0.77 | J12: 0.2 | K12: 358.7 | L12: 22.27 | M12: 59.39 | N12: 4.7 | O12: 0 | P12: 1.76 | Q12: 33.09
A13: 02-03-2023 05:00 | B13: 21.23 | C13: 109.48 | D13: 76.4 | E13: 4.8 | F13: 4.85 | G13: 104.57 | H13: 48.17 | I13: 0.76 | J13: 0.16 | K13: 310.5 | L13: 22.21 | M13: 58 | N13: 4.6 | O13: 0 | P13: 1.66 | Q13: 33.61
A14: 02-03-2023 06:00 | B14: 29.53 | C14: 108.39 | D14: 82.39 | E14: 4.71 | F14: 4.3 | G14: 102.92 | H14: 46.79 | I14: 0.73 | J14: 0.06 | K14: 150.49 | L14: 22.03 | M14: 62.15 | N14: 4.6 | O14: 0 | P14: 1.5 | Q14: 33.57
A15: 02-03-2023 07:00 | B15: 50.39 | C15: 109.41 | D15: 99.71 | E15: 5.39 | F15: 4.41 | G15: 135.68 | H15: 64.82 | I15: 0.75 | J15: 0.15 | K15: 280.34 | L15: 21.87 | M15: 64.93 | N15: 33.4 | O15: 0 | P15: 1.63 | Q15: 32.88
A16: 02-03-2023 08:00 | B16: 65.62 | C16: 119.09 | D16: 117.3 | E16: 7 | F16: 4.37 | G16: 135.68 | H16: 134.31 | I16: 0.81 | J16: 0.15 | K16: 269.21 | L16: 27.21 | M16: 60.27 | N16: 143.1 | O16: 0 | P16: 1.84 | Q16: 35.98
A17: 02-03-2023 09:00 | B17: 70.58 | C17: 124.12 | D17: 123.07 | E17: 4.56 | F17: 4.32 | G17: 196.53 | H17: 134.31 | I17: 0.88 | J17: 1.69 | K17: 217.39 | L17: 27.04 | M17: 56.25 | N17: 265.3 | O17: 0 | P17: 1.93 | Q17: 36.64
A18: 02-03-2023 10:00 | B18: 50.21 | C18: 120.02 | D18: 104.93 | E18: 4.36 | F18: 5.71 | G18: 196.53 | H18: 95.52 | I18: 0.84 | J18: 0.68 | K18: 240.32 | L18: 28.56 | M18: 48.55 | N18: 362.7 | O18: 0 | P18: 1.8 | Q18: 34.41
A19: 02-03-2023 11:00 | B19: 32.76 | C19: 121.24 | D19: 88.85 | E19: 7.35 | F19: 7.99 | G19: 89.69 | H19: 55.26 | I19: 0.79 | J19: 0.47 | K19: 354.29 | L19: 33.31 | M19: 37.26 | N19: 393.9 | O19: 0 | P19: 1.6 | Q19: 32.64
A20: 02-03-2023 12:00 | B20: 23.07 | C20: 137.72 | D20: 88.28 | E20: 5.93 | F20: 6.03 | G20: 157.25 | H20: 70.33 | I20: 0.76 | J20: 0.65 | K20: 359.78 | L20: 34.92 | M20: 30.96 | N20: 438.9 | O20: 0 | P20: 1.64 | Q20: 34.38
... A32: 02-03-2023 24:00 | B32: 127.69 | C32: 149.49 | D32: 181.69 | E32: 11.31 | F32: 4.32 | G32: 196.63 | H32: 76.91 | I32: 1.47 | J32: 0.16 | K32: 70.38 | L32: 24.2 | M32: 63.52 | N32: 4.6 | O32: 0 | P32: 3.5 | Q32: 38.26
A34: Min | B34: =MIN(B9:B32) -> 4.24 | C34: =MIN(C9:C32) -> 108.39 | D34: =MIN(D9:D32) -> 62.96 | E34: =MIN(E9:E32) -> 4.36 | F34: =MIN(F9:F32) -> 4.3 | G34: =MIN(G9:G32) -> 59.6 | H34: =MIN(H9:H32) -> 27.31 | I34: =MIN(I9:I32) -> 0.61 | ... Q34: =MIN(Q9:Q32) -> 30.35
A35: Max | B35: =MAX(B9:B32) -> 127.69 | C35: =MAX(C9:C32) -> 159.53 | D35: =MAX(D9:D32) -> 182.96 | E35: =MAX(E9:E32) -> 29.69 | F35: =MAX(F9:F32) -> 27.55 | G35: =MAX(G9:G32) -> 196.63 | H35: =MAX(H9:H32) -> 134.31 | I35: =MAX(I9:I32) -> 1.51 | ... Q35: =MAX(Q9:Q32) -> 38.26
A36: Avg | B36: =AVERAGE(B9:B32) -> 40.33875 | C36: =AVERAGE(C9:C32) -> 127.01667 | D36: =AVERAGE(D9:D32) -> 100.33375 | E36: =AVERAGE(E9:E32) -> 11.07625 | F36: =AVERAGE(F9:F32) -> 9.6166667 | G36: =AVERAGE(G9:G32) -> 128.83125 | H36: =AVERAGE(H9:H32) -> 63.351667 | I36: =AVERAGE(I9:I32) -> 0.88791667 | ... Q36: =AVERAGE(Q9:Q32) -> 33.680417
A37: Stdev | B37: =STDEV(B9:B32) -> 34.268714 | C37: =STDEV(C9:C32) -> 16.235466 | D37: =STDEV(D9:D32) -> 33.497545 | E37: =STDEV(E9:E32) -> 6.5403289 | F37: =STDEV(F9:F32) -> 7.5851936 | G37: =STDEV(G9:G32) -> 40.613815 | H37: =STDEV(H9:H32) -> 26.321067 | I37: =STDEV(I9:I32) -> 0.26863551 | ... Q37: =STDEV(Q9:Q32) -> 2.107402
A38: Num | B38: =COUNT(B9:B32) -> 24 | C38: =COUNT(C9:C32) -> 24 | D38: =COUNT(D9:D32) -> 24 | E38: =COUNT(E9:E32) -> 24 | F38: =COUNT(F9:F32) -> 24 | G38: =COUNT(G9:G32) -> 24 | H38: =COUNT(H9:H32) -> 24 | I38: =COUNT(I9:I32) -> 24 | ... Q38: =COUNT(Q9:Q32) -> 24
A39: DCR | B39: =IF(B38>=22,">90%",IF(B38<=22,"<90%")) -> >90% | C39: =IF(C38>=22,">90%",IF(C38<=22,"<90%")) -> >90% | D39: =IF(D38>=22,">90%",IF(D38<=22,"<90%")) -> >90% | E39: =IF(E38>=22,">90%",IF(E38<=22,"<90%")) -> >90% | F39: =IF(F38>=22,">90%",IF(F38<=22,"<90%")) -> >90% | G39: =IF(G38>=22,">90%",IF(G38<=22,"<90%")) -> >90% | H39: =IF(H38>=22,">90%",IF(H38<=22,"<90%")) -> >90% | I39: =IF(I38>=22,">90%",IF(I38<=22,"<90%")) -> >90% | ... Q39: =IF(Q38>=22,">90%",IF(Q38<=22,"<90%")) -> >90%
A40: Status | B40: =IF(B38>=22,"OK",IF(B38<=22,"LESS")) -> OK | C40: =IF(C38>=22,"OK",IF(C38<=22,"LESS")) -> OK | D40: =IF(D38>=22,"OK",IF(D38<=22,"LESS")) -> OK | E40: =IF(E38>=22,"OK",IF(E38<=22,"LESS")) -> OK | F40: =IF(F38>=22,"OK",IF(F38<=22,"LESS")) -> OK | G40: =IF(G38>=22,"OK",IF(G38<=22,"LESS")) -> OK | H40: =IF(H38>=22,"OK",IF(H38<=22,"LESS")) -> OK | I40: =IF(I38>=22,"OK",IF(I38<=22,"LESS")) -> OK | ... Q40: =IF(Q38>=22,"OK",IF(Q38<=22,"LESS")) -> OK
A43: Done by | B43: RAHUL
A45: Comment

Sheet 03
A1: Station: | B1: BHATAGAON RAIPUR
A2: Date: | B2: =$A$9 -> 03-03-2023 01:00 | D2: Power Off | G2: Pw.Off | L2: Link Fail | N2: Link F | P2: Maintenance | R2: Maint.
A3: Report Type: | B3: Mean | D3: Calibration | G3: Calib. | L3: Data Fail | N3: Data F | P3: Invalid | R3: Invalid
A4: Time Base: | B4: 01 Hour | D4: Zero Referrence | G4: Z.Ref | L4: Warm Up | N4: Wm. Up
A7: Date & Time | B7: NO_BHATAGAON | C7: NO2_BHATAGAON | D7: NOX_BHATAGAON | E7: SO2_BHATAGAON | F7: O3_BHATAGAON | G7: PM10_BHATAGAON | H7: PM2_5_BHATAGAON | I7: BENZ_BHATAGAON | J7: WS_BHATAGAON | K7: WD_BHATAGAON | L7: TEMP_BHATAGAON | M7: HUM BHATAGAON | N7: SR_BHATAGAON | O7: RG_BHATAGAON | P7: CO_BHATAGAON | Q7: NH3_BHATAGAON
B8: ug/m3 | C8: ug/m3 | D8: ppb | E8: ug/m3 | F8: ug/m3 | G8: mg/m3 | H8: ug/m3 | I8: ug/m3 | J8: m/sec | K8: deg | L8: degreC | M8: % | N8: w/m2 | O8: mm | P8: ug/m3 | Q8: ug/m3
A9: 03-03-2023 01:00 | B9: 105.39 | C9: 139.24 | D9: 160.32 | E9: 15.03 | F9: 5.2 | G9: 204.8 | H9: 88.42 | I9: 1.51 | J9: 0.66 | K9: 40.23 | L9: 23.78 | M9: 62.17 | N9: 4.4 | O9: 0 | P9: 3.41 | Q9: 38.93
A10: 03-03-2023 02:00 | B10: 97.93 | C10: 129.35 | D10: 148.48 | E10: 14.98 | F10: 6.11 | G10: 204.8 | H10: 92.33 | I10: 1.43 | J10: 0.66 | K10: 13.79 | L10: 24.14 | M10: 52.39 | N10: 4.5 | O10: 0 | P10: 3.03 | Q10: 39.42
A11: 03-03-2023 03:00 | B11: 76.93 | C11: 129 | D11: 131.84 | E11: 17.62 | F11: 4.56 | G11: 196.78 | H11: 92.33 | I11: 1.37 | J11: 0.44 | K11: 66.39 | L11: 24.49 | M11: 49.74 | N11: 4.6 | O11: 0 | P11: 2.67 | Q11: 38.59
A12: 03-03-2023 04:00 | B12: 49.69 | C12: 120.74 | D12: 105.44 | E12: 19.44 | F12: 5.69 | G12: 165.31 | H12: 86.05 | I12: 1.16 | J12: 0.39 | K12: 94.43 | L12: 23.64 | M12: 52.34 | N12: 4.5 | O12: 0 | P12: 2.31 | Q12: 35.92
A13: 03-03-2023 05:00 | B13: 49.03 | C13: 115.82 | D13: 101.6 | E13: 8.67 | F13: 5.19 | G13: 165.31 | H13: 86.05 | I13: 0.95 | J13: 0.29 | K13: 283.69 | L13: 22.93 | M13: 65.52 | N13: 4.8 | O13: 0 | P13: 2.28 | Q13: 36.32
A14: 03-03-2023 06:00 | B14: 53.76 | C14: 114.78 | D14: 103.82 | E14: 5.84 | F14: 4.32 | G14: 149.37 | H14: 70.7 | I14: 0.94 | J14: 0.24 | K14: 284.86 | L14: 21.19 | M14: 72.22 | N14: 4.7 | O14: 0 | P14: 2.23 | Q14: 36.99
A15: 03-03-2023 07:00 | B15: 67.92 | C15: 111.47 | D15: 114.02 | E15: 5.02 | F15: 4.31 | G15: 149.37 | H15: 69.14 | I15: 0.91 | J15: 0.18 | K15: 333.4 | L15: 20.97 | M15: 73.76 | N15: 40.9 | O15: 0 | P15: 2.12 | Q15: 36.53
A16: 03-03-2023 08:00 | B16: 72.25 | C16: 112.31 | D16: 117.72 | E16: 5.29 | F16: 4.4 | G16: 147.91 | H16: 69.14 | I16: 0.9 | J16: 0.17 | K16: 353.06 | L16: 26.51 | M16: 69.7 | N16: 175.1 | O16: 0 | P16: 2.07 | Q16: 35.08
A17: 03-03-2023 09:00 | B17: 68.43 | C17: 118.53 | D17: 117.16 | E17: 5.89 | F17: 4.42 | G17: 147.91 | H17: 67.58 | I17: 0.9 | J17: 1.27 | K17: 111.41 | L17: 27.92 | M17: 46.71 | N17: 342.2 | O17: 0 | P17: 2.03 | Q17: 37.09
A18: 03-03-2023 10:00 | B18: 56.93 | C18: 129.26 | D18: 111.53 | E18: 5.94 | F18: 4.81 | G18: 146 | H18: 64.48 | I18: 0.89 | J18: 1.34 | K18: 112.59 | L18: 30.84 | M18: 32.92 | N18: 468.2 | O18: 0 | P18: 1.87 | Q18: 36.82
A19: 03-03-2023 11:00 | B19: 33.88 | C19: 124.07 | D19: 94.59 | E19: 15.13 | F19: 58.27 | G19: 113.45 | H19: 54.68 | I19: 0.8 | J19: 1.27 | K19: 120.88 | L19: 32.06 | M19: 29.48 | N19: 490.4 | O19: 0 | P19: 1.53 | Q19: 34.37
A20: 03-03-2023 12:00 | B20: 3.06 | C20: 59.99 | D20: 34.51 | E20: 17.29 | F20: 61.89 | G20: Calib. | H20: Calib. | I20: 0.47 | J20: 0.74 | K20: 158.28 | L20: 35.33 | M20: 24.06 | N20: 511.8 | O20: 0 | P20: 0.53 | Q20: Calib.
A21: 03-03-2023 13:00 | B21: 3.86 | C21: 71.84 | D21: 41.7 | E21: 37.1 | F21: 55.08 | G21: 64.18 | H21: 39.37 | I21: 0.5 | J21: 1.24 | K21: 43.13 | L21: 39 | M21: 20.34 | N21: 497.2 | O21: 0 | P21: 0.82 | Q21: Calib.
A22: 03-03-2023 14:00 | B22: 4.34 | C22: 66.01 | D22: 39.84 | E22: 44.27 | F22: 49.42 | G22: 67.12 | H22: 39.37 | I22: 0.5 | J22: 0.99 | K22: 95.23 | L22: 37.58 | M22: 20.13 | N22: 445.2 | O22: 0 | P22: 0.79 | Q22: 19.34
A23: 03-03-2023 15:00 | B23: 4.6 | C23: 74.9 | D23: 45.02 | E23: 19.16 | F23: 23.63 | G23: 67.12 | H23: 36.25 | I23: 0.55 | J23: 1.85 | K23: 13.2 | L23: 39.12 | M23: 12.49 | N23: 437.6 | O23: 0 | P23: 0.77 | Q23: 17.93
A24: 03-03-2023 16:00 | B24: 6.68 | C24: 72.13 | D24: 44.32 | E24: 9.37 | F24: 15.03 | G24: 63.54 | H24: 36.25 | I24: 0.57 | J24: 2.1 | K24: 27.37 | L24: 38.41 | M24: 13.18 | N24: 366.3 | O24: 0 | P24: 0.72 | Q24: 22.76
A25: 03-03-2023 17:00 | B25: 7.51 | C25: 77.1 | D25: 47.63 | E25: 9.16 | F25: 22.07 | G25: 61.74 | H25: 31.84 | I25: 0.58 | J25: 1.84 | K25: 34.45 | L25: 35.64 | M25: 15.06 | N25: 119.2 | O25: 0 | P25: 0.75 | Q25: 23.49
A26: 03-03-2023 18:00 | B26: 24.71 | C26: 112.5 | D26: 81.9 | E26: 17.34 | F26: 21.92 | G26: 60.42 | H26: 29.68 | I26: 0.54 | J26: 1.6 | K26: 29.7 | L26: 33.33 | M26: 18.71 | N26: 43.3 | O26: 0 | P26: 1.36 | Q26: 22.19
A27: 03-03-2023 19:00 | B27: 64.74 | C27: 133.11 | D27: 123.23 | E27: 22.72 | F27: 8.19 | G27: 76.01 | H27: 30.66 | I27: 0.84 | J27: 0.36 | K27: 93.5 | L27: 30.75 | M27: 24.48 | N27: 5.4 | O27: 0 | P27: 2.51 | Q27: 21.33
A28: 03-03-2023 20:00 | B28: 69.62 | C28: 124.27 | D28: 124.41 | E28: 14.55 | F28: 4.24 | G28: 156.7 | H28: 41.14 | I28: 1.07 | J28: 0.27 | K28: 281.89 | L28: 27.63 | M28: 31.69 | N28: 4.8 | O28: 0 | P28: 2.31 | Q28: 28.64
A29: 03-03-2023 21:00 | B29: 165.18 | C29: 131.5 | D29: 205.03 | E29: 8.5 | F29: 3.22 | G29: 156.7 | H29: 44.51 | I29: 1.12 | J29: 0.18 | K29: 323.69 | L29: 26.46 | M29: 39.64 | N29: 4.4 | O29: 0 | P29: 3.28 | Q29: 30.88
A30: 03-03-2023 22:00 | B30: 176.66 | C30: 129.31 | D30: 210.56 | E30: 10.22 | F30: 3.3 | G30: 205.04 | H30: 53.85 | I30: 1.42 | J30: 0.23 | K30: 305.19 | L30: 25.34 | M30: 45.09 | N30: 4.7 | O30: 0 | P30: 3.44 | Q30: 29.36
A31: 03-03-2023 23:00 | B31: 167.4 | C31: 121.83 | D31: 199.63 | E31: 8.04 | F31: 3.25 | G31: 211.96 | H31: 63.48 | I31: 1.66 | J31: 0.24 | K31: 287.7 | L31: 24.41 | M31: 49.67 | N31: 4.5 | O31: 0 | P31: 3.45 | Q31: 36.76
A32: 03-03-2023 24:00 | B32: 191.89 | C32: 115.18 | D32: 217.05 | E32: 6.31 | F32: 3.02 | G32: 211.96 | H32: 67.78 | I32: 1.72 | J32: 0.13 | K32: 324.4 | L32: 23.55 | M32: 55.52 | N32: 4.4 | O32: 0 | P32: 3.7 | Q32: 40.05
A34: Min | B34: =MIN(B9:B32) -> 3.06 | C34: =MIN(C9:C32) -> 59.99 | D34: =MIN(D9:D32) -> 34.51 | E34: =MIN(E9:E32) -> 5.02 | F34: =MIN(F9:F32) -> 3.02 | G34: =MIN(G9:G32) -> 60.42 | H34: =MIN(H9:H32) -> 29.68 | I34: =MIN(I9:I32) -> 0.47 | ... Q34: =MIN(Q9:Q32) -> 17.93
A35: Max | B35: =MAX(B9:B32) -> 191.89 | C35: =MAX(C9:C32) -> 139.24 | D35: =MAX(D9:D32) -> 217.05 | E35: =MAX(E9:E32) -> 44.27 | F35: =MAX(F9:F32) -> 61.89 | G35: =MAX(G9:G32) -> 211.96 | H35: =MAX(H9:H32) -> 92.33 | I35: =MAX(I9:I32) -> 1.72 | ... Q35: =MAX(Q9:Q32) -> 40.05
A36: Avg | B36: =AVERAGE(B9:B32) -> 67.599583 | C36: =AVERAGE(C9:C32) -> 109.76 | D36: =AVERAGE(D9:D32) -> 113.38958 | E36: =AVERAGE(E9:E32) -> 14.286667 | F36: =AVERAGE(F9:F32) -> 15.8975 | G36: =AVERAGE(G9:G32) -> 138.84783 | H36: =AVERAGE(H9:H32) -> 58.916522 | I36: =AVERAGE(I9:I32) -> 0.97083333 | ... Q36: =AVERAGE(Q9:Q32) -> 31.763182
A37: Stdev | B37: =STDEV(B9:B32) -> 57.771055 | C37: =STDEV(C9:C32) -> 24.492218 | D37: =STDEV(D9:D32) -> 56.040093 | E37: =STDEV(E9:E32) -> 9.7471207 | F37: =STDEV(F9:F32) -> 19.513617 | G37: =STDEV(G9:G32) -> 55.525965 | H37: =STDEV(H9:H32) -> 21.185652 | I37: =STDEV(I9:I32) -> 0.38476324 | ... Q37: =STDEV(Q9:Q32) -> 7.3097003
A38: Num | B38: =COUNT(B9:B32) -> 24 | C38: =COUNT(C9:C32) -> 24 | D38: =COUNT(D9:D32) -> 24 | E38: =COUNT(E9:E32) -> 24 | F38: =COUNT(F9:F32) -> 24 | G38: =COUNT(G9:G32)+1 -> 24 | H38: =COUNT(H9:H32)+1 -> 24 | I38: =COUNT(I9:I32) -> 24 | J38: =COUNT(J9:J32) -> 24 | K38: =COUNT(K9:K32) -> 24 | L38: =COUNT(L9:L32) -> 24 | M38: =COUNT(M9:M32) -> 24 | N38: =COUNT(N9:N32) -> 24 | O38: =COUNT(O9:O32) -> 24 | P38: =COUNT(P9:P32) -> 24 | Q38: =COUNT(Q9:Q32)+2 -> 24
A39: DCR | B39: =IF(B38>=22,">90%",IF(B38<=22,"<90%")) -> >90% | C39: =IF(C38>=22,">90%",IF(C38<=22,"<90%")) -> >90% | D39: =IF(D38>=22,">90%",IF(D38<=22,"<90%")) -> >90% | E39: =IF(E38>=22,">90%",IF(E38<=22,"<90%")) -> >90% | F39: =IF(F38>=22,">90%",IF(F38<=22,"<90%")) -> >90% | G39: =IF(G38>=22,">90%",IF(G38<=22,"<90%")) -> >90% | H39: =IF(H38>=22,">90%",IF(H38<=22,"<90%")) -> >90% | I39: =IF(I38>=22,">90%",IF(I38<=22,"<90%")) -> >90% | ... Q39: =IF(Q38>=22,">90%",IF(Q38<=22,"<90%")) -> >90%
A40: Status | B40: =IF(B38>=22,"OK",IF(B38<=22,"LESS")) -> OK | C40: =IF(C38>=22,"OK",IF(C38<=22,"LESS")) -> OK | D40: =IF(D38>=22,"OK",IF(D38<=22,"LESS")) -> OK | E40: =IF(E38>=22,"OK",IF(E38<=22,"LESS")) -> OK | F40: =IF(F38>=22,"OK",IF(F38<=22,"LESS")) -> OK | G40: =IF(G38>=22,"OK",IF(G38<=22,"LESS")) -> OK | H40: =IF(H38>=22,"OK",IF(H38<=22,"LESS")) -> OK | I40: =IF(I38>=22,"OK",IF(I38<=22,"LESS")) -> OK | ... Q40: =IF(Q38>=22,"OK",IF(Q38<=22,"LESS")) -> OK
A43: Done by | B43: RAHUL
A45: Comment

Sheet 04
A1: Station: | B1: BHATAGAON RAIPUR
A2: Date: | B2: =$A$9 -> 04-03-2023 01:00 | D2: Power Off | G2: Pw.Off | L2: Link Fail | N2: Link F | P2: Maintenance | R2: Maint.
A3: Report Type: | B3: Mean | D3: Calibration | G3: Calib. | L3: Data Fail | N3: Data F | P3: Invalid | R3: Invalid
A4: Time Base: | B4: 01 Hour | D4: Zero Referrence | G4: Z.Ref | L4: Warm Up | N4: Wm. Up
A7: Date & Time | B7: NO_BHATAGAON | C7: NO2_BHATAGAON | D7: NOX_BHATAGAON | E7: SO2_BHATAGAON | F7: O3_BHATAGAON | G7: PM10_BHATAGAON | H7: PM2_5_BHATAGAON | I7: BENZ_BHATAGAON | J7: WS_BHATAGAON | K7: WD_BHATAGAON | L7: TEMP_BHATAGAON | M7: HUM BHATAGAON | N7: SR_BHATAGAON | O7: RG_BHATAGAON | P7: CO_BHATAGAON | Q7: NH3_BHATAGAON
B8: ug/m3 | C8: ug/m3 | D8: ppb | E8: ug/m3 | F8: ug/m3 | G8: mg/m3 | H8: ug/m3 | I8: ug/m3 | J8: m/sec | K8: deg | L8: degreC | M8: % | N8: w/m2 | O8: mm | P8: ug/m3 | Q8: ug/m3
A9: 04-03-2023 01:00 | B9: 202.05 | C9: 114.89 | D9: 224.45 | E9: 7.31 | F9: 2.95 | G9: 189.74 | H9: 71.98 | I9: 1.93 | J9: 0.18 | K9: 321.69 | L9: 22.6 | M9: 56.57 | N9: 4.4 | O9: 0 | P9: 4.06 | Q9: 40.34
A10: 04-03-2023 02:00 | B10: 194.74 | C10: 109.97 | D10: 216.86 | E10: 7.42 | F10: 3.11 | G10: 187.6 | H10: 71.98 | I10: 1.97 | J10: 0.38 | K10: 352.12 | L10: 22.73 | M10: 56.93 | N10: 4.6 | O10: 0 | P10: 3.75 | Q10: 39.73
A11: 04-03-2023 03:00 | B11: 182.94 | C11: 105.71 | D11: 205.04 | E11: 6.9 | F11: 3.07 | G11: 164.33 | H11: 70.72 | I11: 1.95 | J11: 0.15 | K11: 343.18 | L11: 21.14 | M11: 59.7 | N11: 4.7 | O11: 0 | P11: 3.6 | Q11: 40.71
A12: 04-03-2023 04:00 | B12: 168.68 | C12: 100.9 | D12: 190.95 | E12: 6.32 | F12: 3.02 | G12: 179.47 | H12: 73.68 | I12: 1.88 | J12: 0.15 | K12: 290.58 | L12: 20.76 | M12: 67.68 | N12: 4.4 | O12: 0 | P12: 3.33 | Q12: 40.15
A13: 04-03-2023 05:00 | B13: 146.47 | C13: 96.18 | D13: 170.43 | E13: 6.42 | F13: 3.05 | G13: 179.47 | H13: 75.78 | I13: 1.74 | J13: 0.11 | K13: 325.97 | L13: 20.4 | M13: 69.09 | N13: 4.4 | O13: 0 | P13: 2.98 | Q13: 37.75
A14: 04-03-2023 06:00 | B14: 149.5 | C14: 93.52 | D14: 170.42 | E14: 6.76 | F14: 3.06 | G14: 184.89 | H14: 75.78 | I14: 1.63 | J14: 0.16 | K14: 307.06 | L14: 19.71 | M14: 67.93 | N14: 4.4 | O14: 0 | P14: 2.79 | Q14: 37.31
A15: 04-03-2023 07:00 | B15: 160.59 | C15: 93.7 | D15: 180.49 | E15: 6.47 | F15: 2.89 | G15: 184.89 | H15: 75.25 | I15: 1.55 | J15: 0.14 | K15: 335.06 | L15: 19.79 | M15: 67.31 | N15: 44.4 | O15: 0 | P15: 2.54 | Q15: 38.82
A16: 04-03-2023 08:00 | B16: 168.73 | C16: 103.12 | D16: 191.32 | E16: 7.5 | F16: 3.19 | G16: 156.63 | H16: 73.04 | I16: 1.42 | J16: 0.32 | K16: 358.79 | L16: 28.97 | M16: 59.2 | N16: 242 | O16: 0 | P16: 2.43 | Q16: 38.9
A17: 04-03-2023 09:00 | B17: 155.96 | C17: 106.95 | D17: 183.13 | E17: 9.19 | F17: 5.53 | G17: 156.63 | H17: 69.04 | I17: 1.35 | J17: 0.67 | K17: 119.01 | L17: 31.76 | M17: 31.36 | N17: 402.4 | O17: 0 | P17: 2.38 | Q17: 37.74
A18: 04-03-2023 10:00 | B18: 133.56 | C18: 115.44 | D18: 165.9 | E18: 6.97 | F18: 4.43 | G18: 144.98 | H18: 68.23 | I18: 1.25 | J18: 1.23 | K18: 114.13 | L18: 32.68 | M18: 23.22 | N18: 549.9 | O18: 0 | P18: 2.21 | Q18: 37.57
A19: 04-03-2023 11:00 | B19: 91.76 | C19: 140.65 | D19: 140.02 | E19: 38.01 | F19: 37.55 | G19: 99.43 | H19: 59.03 | I19: 1.13 | J19: 1 | K19: 124.89 | L19: 34.31 | M19: 20.14 | N19: 549.5 | O19: 0 | P19: 1.95 | Q19: 37.09
A20: 04-03-2023 12:00 | B20: 0.31 | C20: 62.55 | D20: 34.63 | E20: 43.45 | F20: 44.25 | G20: 84.21 | H20: 55.52 | I20: 0.79 | J20: 1.09 | K20: 125.36 | L20: 35 | M20: 16.69 | N20: 571 | O20: 0 | P20: 0.55 | Q20: 16.41
... A32: 04-03-2023 24:00 | B32: 176.8 | C32: 113.77 | D32: 203.45 | E32: 5.18 | F32: 3.09 | G32: 207.57 | H32: 62.82 | I32: 1.52 | J32: 0.14 | K32: 306.5 | L32: 23.29 | M32: 51.01 | N32: 4.4 | O32: 0 | P32: 2.97 | Q32: 39.31
A34: Min | B34: =MIN(B9:B32) -> 0.31 | C34: =MIN(C9:C32) -> 62.55 | D34: =MIN(D9:D32) -> 34.63 | E34: =MIN(E9:E32) -> 4.72 | F34: =MIN(F9:F32) -> 2.89 | G34: =MIN(G9:G32) -> 42.63 | H34: =MIN(H9:H32) -> 14.75 | I34: =MIN(I9:I32) -> 0.55 | ... Q34: =MIN(Q9:Q32) -> 16.41
A35: Max | B35: =MAX(B9:B32) -> 202.05 | C35: =MAX(C9:C32) -> 140.65 | D35: =MAX(D9:D32) -> 224.45 | E35: =MAX(E9:E32) -> 43.45 | F35: =MAX(F9:F32) -> 44.25 | G35: =MAX(G9:G32) -> 207.57 | H35: =MAX(H9:H32) -> 75.78 | I35: =MAX(I9:I32) -> 1.97 | ... Q35: =MAX(Q9:Q32) -> 40.71
A36: Avg | B36: =AVERAGE(B9:B32) -> 100.56708 | C36: =AVERAGE(C9:C32) -> 101.53208 | D36: =AVERAGE(D9:D32) -> 135.74792 | E36: =AVERAGE(E9:E32) -> 11.95625 | F36: =AVERAGE(F9:F32) -> 11.819167 | G36: =AVERAGE(G9:G32) -> 139.60208 | H36: =AVERAGE(H9:H32) -> 54.800833 | I36: =AVERAGE(I9:I32) -> 1.3154167 | ... Q36: =AVERAGE(Q9:Q32) -> 32.069167
A37: Stdev | B37: =STDEV(B9:B32) -> 75.037969 | C37: =STDEV(C9:C32) -> 17.118847 | D37: =STDEV(D9:D32) -> 65.531724 | E37: =STDEV(E9:E32) -> 10.448377 | F37: =STDEV(F9:F32) -> 13.26262 | G37: =STDEV(G9:G32) -> 61.319989 | H37: =STDEV(H9:H32) -> 20.010768 | I37: =STDEV(I9:I32) -> 0.51192713 | ... Q37: =STDEV(Q9:Q32) -> 8.1146502
A38: Num | B38: =COUNT(B9:B32) -> 24 | C38: =COUNT(C9:C32) -> 24 | D38: =COUNT(D9:D32) -> 24 | E38: =COUNT(E9:E32) -> 24 | F38: =COUNT(F9:F32) -> 24 | G38: =COUNT(G9:G32) -> 24 | H38: =COUNT(H9:H32) -> 24 | I38: =COUNT(I9:I32) -> 24 | ... Q38: =COUNT(Q9:Q32) -> 24
A39: DCR | B39: =IF(B38>=22,">90%",IF(B38<=22,"<90%")) -> >90% | C39: =IF(C38>=22,">90%",IF(C38<=22,"<90%")) -> >90% | D39: =IF(D38>=22,">90%",IF(D38<=22,"<90%")) -> >90% | E39: =IF(E38>=22,">90%",IF(E38<=22,"<90%")) -> >90% | F39: =IF(F38>=22,">90%",IF(F38<=22,"<90%")) -> >90% | G39: =IF(G38>=22,">90%",IF(G38<=22,"<90%")) -> >90% | H39: =IF(H38>=22,">90%",IF(H38<=22,"<90%")) -> >90% | I39: =IF(I38>=22,">90%",IF(I38<=22,"<90%")) -> >90% | ... Q39: =IF(Q38>=22,">90%",IF(Q38<=22,"<90%")) -> >90%
A40: Status | B40: =IF(B38>=22,"OK",IF(B38<=22,"LESS")) -> OK | C40: =IF(C38>=22,"OK",IF(C38<=22,"LESS")) -> OK | D40: =IF(D38>=22,"OK",IF(D38<=22,"LESS")) -> OK | E40: =IF(E38>=22,"OK",IF(E38<=22,"LESS")) -> OK | F40: =IF(F38>=22,"OK",IF(F38<=22,"LESS")) -> OK | G40: =IF(G38>=22,"OK",IF(G38<=22,"LESS")) -> OK | H40: =IF(H38>=22,"OK",IF(H38<=22,"LESS")) -> OK | I40: =IF(I38>=22,"OK",IF(I38<=22,"LESS")) -> OK | ... Q40: =IF(Q38>=22,"OK",IF(Q38<=22,"LESS")) -> OK
A43: Done by | B43: RAHUL
A45: Comment

Sheet 05
A1: Station: | B1: BHATAGAON RAIPUR
A2: Date: | B2: =$A$9 -> 05-03-2023 01:00 | D2: Power Off | G2: Pw.Off | L2: Link Fail | N2: Link F | P2: Maintenance | R2: Maint.
A3: Report Type: | B3: Mean | D3: Calibration | G3: Calib. | L3: Data Fail | N3: Data F | P3: Invalid | R3: Invalid
A4: Time Base: | B4: 01 Hour | D4: Zero Referrence | G4: Z.Ref | L4: Warm Up | N4: Wm. Up
A7: Date & Time | B7: NO_BHATAGAON | C7: NO2_BHATAGAON | D7: NOX_BHATAGAON | E7: SO2_BHATAGAON | F7: O3_BHATAGAON | G7: PM10_BHATAGAON | H7: PM2_5_BHATAGAON | I7: BENZ_BHATAGAON | J7: WS_BHATAGAON | K7: WD_BHATAGAON | L7: TEMP_BHATAGAON | M7: HUM BHATAGAON | N7: SR_BHATAGAON | O7: RG_BHATAGAON | P7: CO_BHATAGAON | Q7: NH3_BHATAGAON
B8: ug/m3 | C8: ug/m3 | D8: ppb | E8: ug/m3 | F8: ug/m3 | G8: mg/m3 | H8: ug/m3 | I8: ug/m3 | J8: m/sec | K8: deg | L8: degreC | M8: % | N8: w/m2 | O8: mm | P8: ug/m3 | Q8: ug/m3
A9: 05-03-2023 01:00 | B9: 180.9 | C9: 111.58 | D9: 206.35 | E9: 6.98 | F9: 2.95 | G9: 158.53 | H9: 61.56 | I9: 1.49 | J9: 0.48 | K9: 60.62 | L9: 24.77 | M9: 52.8 | N9: 4.2 | O9: 0 | P9: 2.87 | Q9: 40.55
A10: 05-03-2023 02:00 | B10: 163.11 | C10: 110.63 | D10: 191.84 | E10: 7.46 | F10: 3.85 | G10: 158.53 | H10: 74.92 | I10: 1.48 | J10: 0.27 | K10: 151.39 | L10: 24.36 | M10: 38.74 | N10: 4.7 | O10: 0 | P10: 2.76 | Q10: 39.84
A11: 05-03-2023 03:00 | B11: 144.83 | C11: 108 | D11: 175.75 | E11: 5.91 | F11: 3.02 | G11: Maint. | H11: 77.58 | I11: 1.23 | J11: 0.17 | K11: 341.36 | L11: 21.95 | M11: 51.56 | N11: 4.8 | O11: 0 | P11: 2.51 | Q11: 37.82
A12: 05-03-2023 04:00 | B12: 134.61 | C12: 105.3 | D12: 165.73 | E12: 5.68 | F12: 3.08 | G12: 136.96 | H12: 77.58 | I12: 1.21 | J12: 0.35 | K12: 86.93 | L12: 23.62 | M12: 42.78 | N12: 4 | O12: 0 | P12: 2.3 | Q12: 38.67
A13: 05-03-2023 05:00 | B13: 109.19 | C13: 105.71 | D13: 145.05 | E13: 7.09 | F13: 3.1 | G13: 136.96 | H13: 73.53 | I13: 1.2 | J13: 0.49 | K13: 43.27 | L13: 23.47 | M13: 36.09 | N13: 4.3 | O13: 0 | P13: 2.16 | Q13: 38.34
A14: 05-03-2023 06:00 | B14: 87.5 | C14: 105.35 | D14: 128.31 | E14: 6.63 | F14: 3 | G14: 130.67 | H14: 65.31 | I14: 1.08 | J14: 0.59 | K14: 35.1 | L14: 23.4 | M14: 36.44 | N14: 4.6 | O14: 0 | P14: 2.17 | Q14: 36.17
A15: 05-03-2023 07:00 | B15: 76.39 | C15: 103.43 | D15: 118.34 | E15: 6.59 | F15: 3.14 | G15: 130.67 | H15: 63.81 | I15: 0.89 | J15: 0.42 | K15: 62.49 | L15: 23.08 | M15: 41.34 | N15: 51.1 | O15: 0 | P15: 2.14 | Q15: 34.86
A16: 05-03-2023 08:00 | B16: 76.07 | C16: 106.67 | D16: 118.6 | E16: 7.48 | F16: 3.25 | G16: Maint. | H16: 60.13 | I16: 0.87 | J16: 0.72 | K16: 30.71 | L16: 26.98 | M16: 39.79 | N16: 205.7 | O16: 0 | P16: 2.05 | Q16: 36.13
A17: 05-03-2023 09:00 | B17: 69.46 | C17: 111.52 | D17: 115.41 | E17: 7.32 | F17: 3.74 | G17: 114.71 | H17: 60.13 | I17: 0.82 | J17: 1.5 | K17: 102.11 | L17: 27.66 | M17: 34.27 | N17: 375.7 | O17: 0 | P17: 1.94 | Q17: 35.29
A18: 05-03-2023 10:00 | B18: 57.71 | C18: 113.29 | D18: 108.05 | E18: 5.52 | F18: 3.2 | G18: 114.71 | H18: 54.13 | I18: 0.75 | J18: 1.37 | K18: 99.55 | L18: 30.36 | M18: 32.16 | N18: 497.1 | O18: 0 | P18: 1.62 | Q18: 32.3
A19: 05-03-2023 11:00 | B19: 41.63 | C19: 113.66 | D19: 95.8 | E19: 5.65 | F19: 3.6 | G19: 77.3 | H19: 45.73 | I19: 0.66 | J19: 1.78 | K19: 116.45 | L19: 31.99 | M19: 26.63 | N19: 533 | O19: 0 | P19: 1.29 | Q19: 30.58
A20: 05-03-2023 12:00 | B20: 24.32 | C20: 116.75 | D20: 82.45 | E20: 5.96 | F20: 3.54 | G20: 63.52 | H20: 37.55 | I20: 0.63 | J20: 1.31 | K20: 129.16 | L20: 33.82 | M20: 22.19 | N20: 532.3 | O20: 0 | P20: 1.04 | Q20: 30.24
A21: 05-03-2023 13:00 | B21: 7.96 | C21: 117.29 | D21: 71.11 | E21: 6.14 | F21: 4.78 | G21: 59.75 | H21: 33.5 | I21: 0.59 | J21: 0.71 | K21: 351.36 | L21: 36.25 | M21: 18.06 | N21: 511.9 | O21: 0 | P21: 0.83 | Q21: 28.71
A22: 05-03-2023 14:00 | B22: 4.11 | C22: 114.98 | D22: 66.75 | E22: 7.76 | F22: 4.06 | G22: 49.63 | H22: 27.53 | I22: 0.6 | J22: 0.57 | K22: 353.69 | L22: 39.21 | M22: 15.2 | N22: 463.6 | O22: 0 | P22: 0.8 | Q22: 27.93
A23: 05-03-2023 15:00 | B23: 2.38 | C23: 110.69 | D23: 63 | E23: 6.57 | F23: 5.16 | G23: 50.38 | H23: 26.92 | I23: 0.68 | J23: 0.69 | K23: 261.12 | L23: 38.07 | M23: 15.21 | N23: 404 | O23: 0 | P23: 0.79 | Q23: 29.88
A24: 05-03-2023 16:00 | B24: 1.5 | C24: 104.78 | D24: 58.82 | E24: 5.92 | F24: 5 | G24: 52.83 | H24: 27.31 | I24: 0.63 | J24: 0.84 | K24: 349.11 | L24: 37.46 | M24: 14.93 | N24: 342.7 | O24: 0 | P24: 0.76 | Q24: 29.89
A25: 05-03-2023 17:00 | B25: 2.29 | C25: 104.99 | D25: 59.74 | E25: 6.17 | F25: 4.75 | G25: 52.83 | H25: 27.31 | I25: 0.59 | J25: 1.46 | K25: 356.6 | L25: 36.06 | M25: 17.53 | N25: 112.6 | O25: 0 | P25: 0.75 | Q25: 28.35
A26: 05-03-2023 18:00 | B26: 3.79 | C26: 106.87 | D26: 62.01 | E26: 5.85 | F26: 4.46 | G26: 51.13 | H26: 24.45 | I26: 0.58 | J26: 0.86 | K26: 19.39 | L26: 33.36 | M26: 21.46 | N26: 44.6 | O26: 0 | P26: 1.26 | Q26: 29.52
A27: 05-03-2023 19:00 | B27: 11.13 | C27: 122.68 | D27: 76.63 | E27: 6.59 | F27: 3.92 | G27: 79.14 | H27: 27.08 | I27: 0.83 | J27: 0.36 | K27: 95.37 | L27: 30.58 | M27: 27.96 | N27: 5.9 | O27: 0 | P27: 2.09 | Q27: 31.28
A28: 05-03-2023 20:00 | B28: 23.66 | C28: 129.42 | D28: 90.4 | E28: 6.93 | F28: 3.3 | G28: 135.47 | H28: 38.25 | I28: 1.08 | J28: 0.19 | K28: 239.32 | L28: 28.59 | M28: 41.27 | N28: 4.6 | O28: 0 | P28: 3.28 | Q28: 31.45
... A32: 05-03-2023 24:00 | B32: 103.09 | C32: 134.16 | D32: 156.71 | E32: 6.69 | F32: 3.49 | G32: 234.48 | H32: 78.51 | I32: 1.46 | J32: 0.55 | K32: 352.65 | L32: 25.36 | M32: 44.11 | N32: 4.5 | O32: 0 | P32: 2.34 | Q32: 37.79
A34: Min | B34: =MIN(B9:B32) -> 1.5 | C34: =MIN(C9:C32) -> 103.43 | D34: =MIN(D9:D32) -> 58.82 | E34: =MIN(E9:E32) -> 5.52 | F34: =MIN(F9:F32) -> 2.95 | G34: =MIN(G9:G32) -> 49.63 | H34: =MIN(H9:H32) -> 24.45 | I34: =MIN(I9:I32) -> 0.58 | ... Q34: =MIN(Q9:Q32) -> 27.93
A35: Max | B35: =MAX(B9:B32) -> 180.9 | C35: =MAX(C9:C32) -> 135.47 | D35: =MAX(D9:D32) -> 206.35 | E35: =MAX(E9:E32) -> 7.76 | F35: =MAX(F9:F32) -> 5.16 | G35: =MAX(G9:G32) -> 240.29 | H35: =MAX(H9:H32) -> 78.51 | I35: =MAX(I9:I32) -> 2.07 | ... Q35: =MAX(Q9:Q32) -> 40.55
A36: Avg | B36: =AVERAGE(B9:B32) -> 66.077917 | C36: =AVERAGE(C9:C32) -> 114.79875 | D36: =AVERAGE(D9:D32) -> 115.985 | E36: =AVERAGE(E9:E32) -> 6.5383333 | F36: =AVERAGE(F9:F32) -> 3.66625 | G36: =AVERAGE(G9:G32) -> 121.30045 | H36: =AVERAGE(H9:H32) -> 52.812917 | I36: =AVERAGE(I9:I32) -> 1.04875 | ... Q36: =AVERAGE(Q9:Q32) -> 34.023333
A37: Stdev | B37: =STDEV(B9:B32) -> 55.742232 | C37: =STDEV(C9:C32) -> 10.294697 | D37: =STDEV(D9:D32) -> 45.041041 | E37: =STDEV(E9:E32) -> 0.69902209 | F37: =STDEV(F9:F32) -> 0.68966793 | G37: =STDEV(G9:G32) -> 64.115414 | H37: =STDEV(H9:H32) -> 20.142162 | I37: =STDEV(I9:I32) -> 0.45585383 | ... Q37: =STDEV(Q9:Q32) -> 4.1451949
A38: Num | B38: =COUNT(B9:B32) -> 24 | C38: =COUNT(C9:C32) -> 24 | D38: =COUNT(D9:D32) -> 24 | E38: =COUNT(E9:E32) -> 24 | F38: =COUNT(F9:F32) -> 24 | G38: =COUNT(G9:G32)+2 -> 24 | H38: =COUNT(H9:H32) -> 24 | I38: =COUNT(I9:I32) -> 24 | J38: =COUNT(J9:J32) -> 24 | K38: =COUNT(K9:K32) -> 24 | L38: =COUNT(L9:L32) -> 24 | M38: =COUNT(M9:M32) -> 24 | N38: =COUNT(N9:N32) -> 24 | O38: =COUNT(O9:O32) -> 24 | ... Q38: =COUNT(Q9:Q32) -> 24
A39: DCR | B39: =IF(B38>=22,">90%",IF(B38<=22,"<90%")) -> >90% | C39: =IF(C38>=22,">90%",IF(C38<=22,"<90%")) -> >90% | D39: =IF(D38>=22,">90%",IF(D38<=22,"<90%")) -> >90% | E39: =IF(E38>=22,">90%",IF(E38<=22,"<90%")) -> >90% | F39: =IF(F38>=22,">90%",IF(F38<=22,"<90%")) -> >90% | G39: =IF(G38>=22,">90%",IF(G38<=22,"<90%")) -> >90% | H39: =IF(H38>=22,">90%",IF(H38<=22,"<90%")) -> >90% | I39: =IF(I38>=22,">90%",IF(I38<=22,"<90%")) -> >90% | ... Q39: =IF(Q38>=22,">90%",IF(Q38<=22,"<90%")) -> >90%
A40: Status | B40: =IF(B38>=22,"OK",IF(B38<=22,"LESS")) -> OK | C40: =IF(C38>=22,"OK",IF(C38<=22,"LESS")) -> OK | D40: =IF(D38>=22,"OK",IF(D38<=22,"LESS")) -> OK | E40: =IF(E38>=22,"OK",IF(E38<=22,"LESS")) -> OK | F40: =IF(F38>=22,"OK",IF(F38<=22,"LESS")) -> OK | G40: =IF(G38>=22,"OK",IF(G38<=22,"LESS")) -> OK | H40: =IF(H38>=22,"OK",IF(H38<=22,"LESS")) -> OK | I40: =IF(I38>=22,"OK",IF(I38<=22,"LESS")) -> OK | ... Q40: =IF(Q38>=22,"OK",IF(Q38<=22,"LESS")) -> OK
A43: Done by | B43: RAHUL
A45: Comment

Sheet 06
A1: Station: | B1: BHATAGAON RAIPUR
A2: Date: | B2: =$A$9 -> 06-03-2023 01:00 | D2: Power Off | G2: Pw.Off | L2: Link Fail | N2: Link F | P2: Maintenance | R2: Maint.
A3: Report Type: | B3: Mean | D3: Calibration | G3: Calib. | L3: Data Fail | N3: Data F | P3: Invalid | R3: Invalid
A4: Time Base: | B4: 01 Hour | D4: Zero Referrence | G4: Z.Ref | L4: Warm Up | N4: Wm. Up
A7: Date & Time | B7: NO_BHATAGAON | C7: NO2_BHATAGAON | D7: NOX_BHATAGAON | E7: SO2_BHATAGAON | F7: O3_BHATAGAON | G7: PM10_BHATAGAON | H7: PM2_5_BHATAGAON | I7: BENZ_BHATAGAON | J7: WS_BHATAGAON | K7: WD_BHATAGAON | L7: TEMP_BHATAGAON | M7: HUM BHATAGAON | N7: SR_BHATAGAON | O7: RG_BHATAGAON | P7: CO_BHATAGAON | Q7: NH3_BHATAGAON
B8: ug/m3 | C8: ug/m3 | D8: ppb | E8: ug/m3 | F8: ug/m3 | G8: mg/m3 | H8: ug/m3 | I8: ug/m3 | J8: m/sec | K8: deg | L8: degreC | M8: % | N8: w/m2 | O8: mm | P8: ug/m3 | Q8: ug/m3
A9: 06-03-2023 01:00 | B9: 92.62 | C9: 128.95 | D9: 145.43 | E9: 6.44 | F9: 3.71 | G9: 129.2 | H9: 72.84 | I9: 1.06 | J9: 0.9 | K9: 358.22 | L9: 25.13 | M9: 42.82 | N9: 4.6 | O9: 0 | P9: 2.4 | Q9: 37.17
A10: 06-03-2023 02:00 | B10: 74.26 | C10: 123.55 | D10: 127.74 | E10: 6.79 | F10: 3.02 | G10: 111.58 | H10: 69.02 | I10: 1.25 | J10: 0.58 | K10: 64.12 | L10: 24.3 | M10: 44.21 | N10: 4.8 | O10: 0 | P10: 2.41 | Q10: 37.74
A11: 06-03-2023 03:00 | B11: 54.32 | C11: 119.62 | D11: 109.58 | E11: 6.74 | F11: 3.06 | G11: 111.58 | H11: 62.86 | I11: 1.17 | J11: 0.16 | K11: 213.81 | L11: 24.16 | M11: 44.1 | N11: 4.7 | O11: 0 | P11: 2.08 | Q11: 36.65
A12: 06-03-2023 04:00 | B12: 44.6 | C12: 115.62 | D12: 99.57 | E12: 5.87 | F12: 3.34 | G12: 140.85 | H12: 64.87 | I12: 0.73 | J12: 0.34 | K12: 116.05 | L12: 23.54 | M12: 46.58 | N12: 4.6 | O12: 0 | P12: 1.86 | Q12: 34.93
A13: 06-03-2023 05:00 | B13: 41.64 | C13: 112.65 | D13: 95.56 | E13: 7.62 | F13: 3.11 | G13: 146.19 | H13: 66.31 | I13: 0.79 | J13: 0.23 | K13: 86.77 | L13: 23.34 | M13: 47.36 | N13: 4.5 | O13: 0 | P13: 1.81 | Q13: 36.79
A14: 06-03-2023 06:00 | B14: 44.23 | C14: 110.12 | D14: 96.16 | E14: 7.58 | F14: 3.05 | G14: 146.19 | H14: 66.31 | I14: 0.83 | J14: 0.19 | K14: 258.96 | L14: 22.7 | M14: 46.85 | N14: 4.5 | O14: 0 | P14: 1.75 | Q14: 36.76
A15: 06-03-2023 07:00 | B15: 45.58 | C15: 110.26 | D15: 96.52 | E15: 7.32 | F15: 3.57 | G15: 124.24 | H15: 60.79 | I15: 0.8 | J15: 0.66 | K15: 266.69 | L15: 22.38 | M15: 61.3 | N15: 48.5 | O15: 0 | P15: 1.65 | Q15: 35.89
A16: 06-03-2023 08:00 | B16: 44.88 | C16: 106.3 | D16: 94.65 | E16: 6.07 | F16: 3.12 | G16: 123.57 | H16: 58.48 | I16: 0.74 | J16: 0.38 | K16: 286.99 | L16: 24.55 | M16: 59.43 | N16: 199.9 | O16: 0 | P16: 1.58 | Q16: 33.72
A17: 06-03-2023 09:00 | B17: 41.49 | C17: 114.43 | D17: 92.15 | E17: 5.67 | F17: 3.03 | G17: 102.97 | H17: 56.08 | I17: 0.72 | J17: 0.39 | K17: 352.5 | L17: 29.72 | M17: 47.42 | N17: 360 | O17: 0 | P17: 1.61 | Q17: 35.47
A18: 06-03-2023 10:00 | B18: 33.81 | C18: 119.19 | D18: 91.81 | E18: 5.38 | F18: 2.9 | G18: 90.52 | H18: 54.24 | I18: 0.72 | J18: 1.77 | K18: 119.14 | L18: 30.07 | M18: 30.87 | N18: 525.7 | O18: 0 | P18: 1.56 | Q18: 35.29
A19: 06-03-2023 11:00 | B19: 18.97 | C19: 115.93 | D19: 79.2 | E19: 10.74 | F19: 10.18 | G19: 89.52 | H19: 51.8 | I19: 0.68 | J19: 1.84 | K19: 115.17 | L19: 32.56 | M19: 28.02 | N19: 584.5 | O19: 0 | P19: 1.26 | Q19: 31.56
A20: 06-03-2023 12:00 | B20: 2.63 | C20: 90.04 | D20: 51.8 | E20: 9.18 | F20: 7.68 | G20: 58.21 | H20: 41.39 | I20: 0.57 | J20: 1.09 | K20: 119.63 | L20: 35.7 | M20: 23.55 | N20: 586.1 | O20: 0 | P20: 0.68 | Q20: 19.3
... A24: 06-03-2023 16:00 | B24: 2.76 | C24: 84.48 | D24: 48.76 | E24: 7.98 | F24: 5.26 | G24: 50.78 | H24: 22.22 | I24: 0.5 | J24: 1.18 | K24: 359.64 | L24: 38.4 | M24: 15.26 | N24: 427.7 | O24: 0 | P24: 0.72 | Q24: 20.95
A25: 06-03-2023 17:00 | B25: 5.55 | C25: 89.53 | D25: 53.86 | E25: 5.16 | F25: 3.65 | G25: Maint. | H25: Maint. | I25: 0.53 | J25: 1.15 | K25: 354.95 | L25: 36.04 | M25: 18.03 | N25: 106.2 | O25: 0 | P25: 0.79 | Q25: 24.06
A26: 06-03-2023 18:00 | B26: 15.61 | C26: 117.78 | D26: 76.59 | E26: 5.51 | F26: 4.36 | G26: 63.05 | H26: 20.55 | I26: 0.55 | J26: 0.74 | K26: 84.65 | L26: 33.47 | M26: 22.02 | N26: 45.8 | O26: 0 | P26: 1.4 | Q26: 24.32
A27: 06-03-2023 19:00 | B27: 19.58 | C27: 119.47 | D27: 81.64 | E27: 4.96 | F27: 3.65 | G27: 62.23 | H27: 21.55 | I27: 0.99 | J27: 0.44 | K27: 87.5 | L27: 31.07 | M27: 25.79 | N27: 5.5 | O27: 0 | P27: 2.76 | Q27: 22.99
A28: 06-03-2023 20:00 | B28: 55.78 | C28: 122.4 | D28: 112.28 | E28: 5.05 | F28: 3.27 | G28: 77.91 | H28: 28.67 | I28: 1.21 | J28: 0.2 | K28: 340.43 | L28: 29.19 | M28: 37.37 | N28: 4.6 | O28: 0 | P28: 3.52 | Q28: 29.74
A29: 06-03-2023 21:00 | B29: 96.93 | C29: 123.94 | D29: 144.21 | E29: 6.25 | F29: 3.15 | G29: 167.43 | H29: 39.08 | I29: 1.59 | J29: 0.17 | K29: 343.73 | L29: 27.16 | M29: 40.65 | N29: 4.4 | O29: 0 | P29: 4.6 | Q29: 32.46
A30: 06-03-2023 22:00 | B30: 109.16 | C30: 118.99 | D30: 150.91 | E30: 6.56 | F30: 3.21 | G30: 163.59 | H30: 49.4 | I30: 1.48 | J30: 0.22 | K30: 313.19 | L30: 26.43 | M30: 44.86 | N30: 4.6 | O30: 0 | P30: 3.86 | Q30: 34.45
A31: 06-03-2023 23:00 | B31: 137.16 | C31: 113.69 | D31: 172.32 | E31: 7.2 | F31: 3.03 | G31: 164.7 | H31: 52.72 | I31: 1.68 | J31: 0.12 | K31: 352.62 | L31: 24.87 | M31: 49.98 | N31: 4.6 | O31: 0 | P31: 3.92 | Q31: 38.6
A32: 06-03-2023 24:00 | B32: 160.01 | C32: 116.64 | D32: 192.69 | E32: 7.82 | F32: 3.05 | G32: 228.95 | H32: 61.58 | I32: 1.54 | J32: 0.77 | K32: 307.69 | L32: 24.26 | M32: 53.42 | N32: 4.6 | O32: 0 | P32: 3.28 | Q32: 40
A34: Min | B34: =MIN(B9:B32) -> 0.9 | C34: =MIN(C9:C32) -> 84.48 | D34: =MIN(D9:D32) -> 48.76 | E34: =MIN(E9:E32) -> 4.96 | F34: =MIN(F9:F32) -> 2.9 | G34: =MIN(G9:G32) -> 50.78 | H34: =MIN(H9:H32) -> 20.55 | I34: =MIN(I9:I32) -> 0.5 | ... Q34: =MIN(Q9:Q32) -> 19.3
A35: Max | B35: =MAX(B9:B32) -> 160.01 | C35: =MAX(C9:C32) -> 128.95 | D35: =MAX(D9:D32) -> 192.69 | E35: =MAX(E9:E32) -> 19.13 | F35: =MAX(F9:F32) -> 22.91 | G35: =MAX(G9:G32) -> 228.95 | H35: =MAX(H9:H32) -> 72.84 | I35: =MAX(I9:I32) -> 1.68 | ... Q35: =MAX(Q9:Q32) -> 40
A36: Avg | B36: =AVERAGE(B9:B32) -> 47.86875 | C36: =AVERAGE(C9:C32) -> 110.57833 | D36: =AVERAGE(D9:D32) -> 98.895833 | E36: =AVERAGE(E9:E32) -> 7.2304167 | F36: =AVERAGE(F9:F32) -> 4.8533333 | G36: =AVERAGE(G9:G32) -> 116.08652 | H36: =AVERAGE(H9:H32) -> 47.694783 | I36: =AVERAGE(I9:I32) -> 0.90708333 | ... Q36: =AVERAGE(Q9:Q32) -> 31.014583
A37: Stdev | B37: =STDEV(B9:B32) -> 44.024856 | C37: =STDEV(C9:C32) -> 12.791174 | D37: =STDEV(D9:D32) -> 39.860601 | E37: =STDEV(E9:E32) -> 2.8710511 | F37: =STDEV(F9:F32) -> 4.2270204 | G37: =STDEV(G9:G32) -> 44.092806 | H37: =STDEV(H9:H32) -> 17.811479 | I37: =STDEV(I9:I32) -> 0.37603745 | ... Q37: =STDEV(Q9:Q32) -> 6.8344536
A38: Num | B38: =COUNT(B9:B32) -> 24 | C38: =COUNT(C9:C32) -> 24 | D38: =COUNT(D9:D32) -> 24 | E38: =COUNT(E9:E32) -> 24 | F38: =COUNT(F9:F32) -> 24 | G38: =COUNT(G9:G32)+1 -> 24 | H38: =COUNT(H9:H32)+1 -> 24 | I38: =COUNT(I9:I32) -> 24 | J38: =COUNT(J9:J32) -> 24 | K38: =COUNT(K9:K32) -> 24 | L38: =COUNT(L9:L32) -> 24 | M38: =COUNT(M9:M32) -> 24 | N38: =COUNT(N9:N32) -> 24 | O38: =COUNT(O9:O32) -> 24 | P38: =COUNT(P9:P32) -> 24 | Q38: =COUNT(Q9:Q32) -> 24
A39: DCR | B39: =IF(B38>=22,">90%",IF(B38<=22,"<90%")) -> >90% | C39: =IF(C38>=22,">90%",IF(C38<=22,"<90%")) -> >90% | D39: =IF(D38>=22,">90%",IF(D38<=22,"<90%")) -> >90% | E39: =IF(E38>=22,">90%",IF(E38<=22,"<90%")) -> >90% | F39: =IF(F38>=22,">90%",IF(F38<=22,"<90%")) -> >90% | G39: =IF(G38>=22,">90%",IF(G38<=22,"<90%")) -> >90% | H39: =IF(H38>=22,">90%",IF(H38<=22,"<90%")) -> >90% | I39: =IF(I38>=22,">90%",IF(I38<=22,"<90%")) -> >90% | ... Q39: =IF(Q38>=22,">90%",IF(Q38<=22,"<90%")) -> >90%
A40: Status | B40: =IF(B38>=22,"OK",IF(B38<=22,"LESS")) -> OK | C40: =IF(C38>=22,"OK",IF(C38<=22,"LESS")) -> OK | D40: =IF(D38>=22,"OK",IF(D38<=22,"LESS")) -> OK | E40: =IF(E38>=22,"OK",IF(E38<=22,"LESS")) -> OK | F40: =IF(F38>=22,"OK",IF(F38<=22,"LESS")) -> OK | G40: =IF(G38>=22,"OK",IF(G38<=22,"LESS")) -> OK | H40: =IF(H38>=22,"OK",IF(H38<=22,"LESS")) -> OK | I40: =IF(I38>=22,"OK",IF(I38<=22,"LESS")) -> OK | ... Q40: =IF(Q38>=22,"OK",IF(Q38<=22,"LESS")) -> OK
A43: Done by | B43: RAHUL
A45: Comment

Sheet 07
A1: Station: | B1: BHATAGAON RAIPUR
A2: Date: | B2: =$A$9 -> 07-03-2023 01:00 | D2: Power Off | G2: Pw.Off | L2: Link Fail | N2: Link F | P2: Maintenance | R2: Maint.
A3: Report Type: | B3: Mean | D3: Calibration | G3: Calib. | L3: Data Fail | N3: Data F | P3: Invalid | R3: Invalid
A4: Time Base: | B4: 01 Hour | D4: Zero Referrence | G4: Z.Ref | L4: Warm Up | N4: Wm. Up
A7: Date & Time | B7: NO_BHATAGAON | C7: NO2_BHATAGAON | D7: NOX_BHATAGAON | E7: SO2_BHATAGAON | F7: O3_BHATAGAON | G7: PM10_BHATAGAON | H7: PM2_5_BHATAGAON | I7: BENZ_BHATAGAON | J7: WS_BHATAGAON | K7: WD_BHATAGAON | L7: TEMP_BHATAGAON | M7: HUM BHATAGAON | N7: SR_BHATAGAON | O7: RG_BHATAGAON | P7: CO_BHATAGAON | Q7: NH3_BHATAGAON
B8: ug/m3 | C8: ug/m3 | D8: ppb | E8: ug/m3 | F8: ug/m3 | G8: mg/m3 | H8: ug/m3 | I8: ug/m3 | J8: m/sec | K8: deg | L8: degreC | M8: % | N8: w/m2 | O8: mm | P8: ug/m3 | Q8: ug/m3
A9: 07-03-2023 01:00 | B9: 156.19 | C9: 117.34 | D9: 190.01 | E9: 5.07 | F9: 2.96 | G9: 197.63 | H9: 65.19 | I9: 1.54 | J9: 0.92 | K9: 37.2 | L9: 24.64 | M9: 46.6 | N9: 4.1 | O9: 0 | P9: 2.7 | Q9: 39.36
A10: 07-03-2023 02:00 | B10: 127.77 | C10: 112.42 | D10: 164.5 | E10: 5.23 | F10: 3.3 | G10: 72.18 | H10: 58.5 | I10: 1.17 | J10: 0.66 | K10: 78.24 | L10: 25.27 | M10: 43.7 | N10: 4.7 | O10: 0 | P10: 2.27 | Q10: 37.06
A11: 07-03-2023 03:00 | B11: 105.88 | C11: 110.94 | D11: 145.89 | E11: 5.91 | F11: 3.1 | G11: 143.26 | H11: 58.5 | I11: 1.2 | J11: 0.51 | K11: 195.31 | L11: 24.16 | M11: 46.45 | N11: 4.5 | O11: 0 | P11: 2.44 | Q11: 38
A12: 07-03-2023 04:00 | B12: 78.77 | C12: 111.31 | D12: 124.6 | E12: 5.64 | F12: 2.88 | G12: 68.65 | H12: 58.59 | I12: 1.16 | J12: 0.36 | K12: 353.38 | L12: 23.46 | M12: 57.46 | N12: 4.9 | O12: 0 | P12: 2.34 | Q12: 37.22
A13: 07-03-2023 05:00 | B13: 64.17 | C13: 107.26 | D13: 110.65 | E13: 4.95 | F13: 3.23 | G13: 131.88 | H13: 52.78 | I13: 0.88 | J13: 0.65 | K13: 359.35 | L13: 22 | M13: 58.64 | N13: 4.4 | O13: 0 | P13: 2.09 | Q13: 34.85
A14: 07-03-2023 06:00 | B14: 57.33 | C14: 104.42 | D14: 103.6 | E14: 5.92 | F14: 3.08 | G14: 188.65 | H14: 49.95 | I14: 0.81 | J14: 0.69 | K14: 348.09 | L14: 21.59 | M14: 57.03 | N14: 4.5 | O14: 0 | P14: 1.88 | Q14: 36.39
A15: 07-03-2023 07:00 | B15: 58.89 | C15: 106.12 | D15: 105.79 | E15: 7.7 | F15: 3.14 | G15: 55.63 | H15: 53.04 | I15: 0.82 | J15: 0.8 | K15: 358.82 | L15: 22.32 | M15: 51.87 | N15: 48.9 | O15: 0 | P15: 1.83 | Q15: 36.09
A16: 07-03-2023 08:00 | B16: 65.14 | C16: 107.1 | D16: 110.7 | E16: 7.29 | F16: 3.55 | G16: Invalid | H16: Invalid | I16: 0.77 | J16: 1.08 | K16: 23.19 | L16: 27.2 | M16: 41.65 | N16: 170.9 | O16: 0 | P16: 1.89 | Q16: 35.44
A17: 07-03-2023 09:00 | B17: 64.58 | C17: 106.17 | D17: 110.38 | E17: 7.07 | F17: 3.41 | G17: Invalid | H17: Invalid | I17: 0.71 | J17: 1.01 | K17: 29.46 | L17: 29.54 | M17: 29.8 | N17: 312.4 | O17: 0 | P17: 1.97 | Q17: 33.32
A18: 07-03-2023 10:00 | B18: 55.98 | C18: 111.19 | D18: 103.72 | E18: 6.77 | F18: 3.26 | G18: Invalid | H18: Invalid | I18: 0.69 | J18: 1.31 | K18: 47.64 | L18: 31.16 | M18: 28.38 | N18: 379.2 | O18: 0 | P18: 1.79 | Q18: 33.14
A19: 07-03-2023 11:00 | B19: 32.71 | C19: 115.85 | D19: 88.08 | E19: 6.02 | F19: 3.2 | G19: Invalid | H19: Invalid | I19: 0.68 | J19: 1.98 | K19: 29.28 | L19: 34.05 | M19: 26.09 | N19: 528.9 | O19: 0 | P19: 1.5 | Q19: 31.52
A20: 07-03-2023 12:00 | B20: 11.73 | C20: 116.2 | D20: 73.35 | E20: 4.81 | F20: 3.46 | G20: 86.24 | H20: 39.45 | I20: 0.61 | J20: 1.95 | K20: 36 | L20: 35.67 | M20: 21.55 | N20: 529.3 | O20: 0 | P20: 1.21 | Q20: 28.08
A21: 07-03-2023 13:00 | B21: 4.56 | C21: 113.13 | D21: 66.09 | E21: 6.26 | F21: 4.06 | G21: 71.61 | H21: 32.53 | I21: 0.58 | J21: 1.78 | K21: 33.68 | L21: 36.79 | M21: 19.87 | N21: 475.2 | O21: 0 | P21: 1.05 | Q21: 27.86
A22: 07-03-2023 14:00 | B22: 2.52 | C22: 110.44 | D22: 62.97 | E22: 6.9 | F22: 4.54 | G22: 3.96 | H22: 28.12 | I22: 0.6 | J22: 1.45 | K22: 27.49 | L22: 36.96 | M22: 20.37 | N22: 473.4 | O22: 0 | P22: 0.98 | Q22: 28.71
A23: 07-03-2023 15:00 | B23: 1.46 | C23: 102.15 | D23: 57.29 | E23: 5.99 | F23: 4.74 | G23: 162.39 | H23: 27.28 | I23: 0.57 | J23: 1.48 | K23: 32.65 | L23: 36.39 | M23: 19.88 | N23: 468.5 | O23: 0 | P23: 0.89 | Q23: 27.81
A24: 07-03-2023 16:00 | B24: 2.04 | C24: 99.58 | D24: 56.3 | E24: 5.49 | F24: 4.39 | G24: 40.78 | H24: 23.62 | I24: 0.55 | J24: 1.71 | K24: 31.94 | L24: 35.7 | M24: 21.97 | N24: 373.2 | O24: 0 | P24: 0.81 | Q24: 26.25
A25: 07-03-2023 17:00 | B25: 1.98 | C25: 99.42 | D25: 56.45 | E25: 6.18 | F25: 4.74 | G25: Invalid | H25: Invalid | I25: 0.57 | J25: 1.48 | K25: 23.56 | L25: 33.55 | M25: 23.73 | N25: 128 | O25: 0 | P25: 0.79 | Q25: 28.63
A26: 07-03-2023 18:00 | B26: 1.54 | C26: 98.57 | D26: 55.58 | E26: 5.89 | F26: 4.71 | G26: Invalid | H26: Invalid | I26: 0.57 | J26: 1.2 | K26: 20.39 | L26: 31.1 | M26: 27.83 | N26: 42.5 | O26: 0 | P26: 0.79 | Q26: 28.44
A27: 07-03-2023 19:00 | B27: 3.45 | C27: 103.03 | D27: 59.63 | E27: 5.11 | F27: 4.41 | G27: Invalid | H27: Invalid | I27: 0.58 | J27: 1.01 | K27: 36.39 | L27: 29.37 | M27: 31.02 | N27: 5.1 | O27: 0 | P27: 1 | Q27: 27.74
A28: 07-03-2023 20:00 | B28: 3.59 | C28: 103.19 | D28: 59.82 | E28: 5.21 | F28: 3.51 | G28: Invalid | H28: Invalid | I28: 0.58 | J28: 0.92 | K28: 19.55 | L28: 27.98 | M28: 37.45 | N28: 4.3 | O28: 0 | P28: 0.84 | Q28: 28.2
A29: 07-03-2023 21:00 | B29: 3.2 | C29: 101.91 | D29: 58.41 | E29: 5.62 | F29: 3.71 | G29: Invalid | H29: Invalid | I29: 0.58 | J29: 1.34 | K29: 13.65 | L29: 26.6 | M29: 38.47 | N29: 4.3 | O29: 0 | P29: 0.85 | Q29: 29.08
A30: 07-03-2023 22:00 | B30: 4.17 | C30: 105.22 | D30: 61.41 | E30: 5.69 | F30: 3.38 | G30: Invalid | H30: Invalid | I30: 0.58 | J30: 1.43 | K30: 11.42 | L30: 25.86 | M30: 42.47 | N30: 4.6 | O30: 0 | P30: 0.92 | Q30: 28.51
A31: 07-03-2023 23:00 | B31: 4.64 | C31: 106.41 | D31: 62.36 | E31: 4.76 | F31: 3.22 | G31: 37.35 | H31: 24.75 | I31: 0.58 | J31: 1.44 | K31: 33.27 | L31: 24.88 | M31: 43 | N31: 4.4 | O31: 0 | P31: 0.99 | Q31: 26.95
A32: 07-03-2023 24:00 | B32: 5.42 | C32: 104.43 | D32: 61.94 | E32: 4.88 | F32: 3.32 | G32: 52.75 | H32: 24.48 | I32: 0.56 | J32: 1.09 | K32: 38.06 | L32: 24.35 | M32: 43.86 | N32: 4.2 | O32: 0 | P32: 1.08 | Q32: 29.46
A34: Min | B34: =MIN(B9:B32) -> 1.46 | C34: =MIN(C9:C32) -> 98.57 | D34: =MIN(D9:D32) -> 55.58 | E34: =MIN(E9:E32) -> 4.76 | F34: =MIN(F9:F32) -> 2.88 | G34: =MIN(G9:G32) -> 3.96 | H34: =MIN(H9:H32) -> 23.62 | I34: =MIN(I9:I32) -> 0.55 | ... Q34: =MIN(Q9:Q32) -> 26.25
A35: Max | B35: =MAX(B9:B32) -> 156.19 | C35: =MAX(C9:C32) -> 117.34 | D35: =MAX(D9:D32) -> 190.01 | E35: =MAX(E9:E32) -> 7.7 | F35: =MAX(F9:F32) -> 4.74 | G35: =MAX(G9:G32) -> 197.63 | H35: =MAX(H9:H32) -> 65.19 | I35: =MAX(I9:I32) -> 1.54 | ... Q35: =MAX(Q9:Q32) -> 39.36
A36: Avg | B36: =AVERAGE(B9:B32) -> 38.237917 | C36: =AVERAGE(C9:C32) -> 107.24167 | D36: =AVERAGE(D9:D32) -> 89.563333 | E36: =AVERAGE(E9:E32) -> 5.8483333 | F36: =AVERAGE(F9:F32) -> 3.6375 | G36: =AVERAGE(G9:G32) -> 93.782857 | H36: =AVERAGE(H9:H32) -> 42.627143 | I36: =AVERAGE(I9:I32) -> 0.7475 | ... Q36: =AVERAGE(Q9:Q32) -> 31.587917
A37: Stdev | B37: =STDEV(B9:B32) -> 45.115868 | C37: =STDEV(C9:C32) -> 5.4394818 | D37: =STDEV(D9:D32) -> 37.913124 | E37: =STDEV(E9:E32) -> 0.82070313 | F37: =STDEV(F9:F32) -> 0.6145005 | G37: =STDEV(G9:G32) -> 60.28053 | H37: =STDEV(H9:H32) -> 15.445049 | I37: =STDEV(I9:I32) -> 0.26339341 | ... Q37: =STDEV(Q9:Q32) -> 4.1775913
A38: Num | B38: =COUNT(B9:B32) -> 24 | C38: =COUNT(C9:C32) -> 24 | D38: =COUNT(D9:D32) -> 24 | E38: =COUNT(E9:E32) -> 24 | F38: =COUNT(F9:F32) -> 24 | G38: =COUNT(G9:G32) -> 14 | H38: =COUNT(H9:H32) -> 14 | I38: =COUNT(I9:I32) -> 24 | ... Q38: =COUNT(Q9:Q32) -> 24
A39: DCR | B39: =IF(B38>=22,">90%",IF(B38<=22,"<90%")) -> >90% | C39: =IF(C38>=22,">90%",IF(C38<=22,"<90%")) -> >90% | D39: =IF(D38>=22,">90%",IF(D38<=22,"<90%")) -> >90% | E39: =IF(E38>=22,">90%",IF(E38<=22,"<90%")) -> >90% | F39: =IF(F38>=22,">90%",IF(F38<=22,"<90%")) -> >90% | G39: =IF(G38>=22,">90%",IF(G38<=22,"<90%")) -> <90% | H39: =IF(H38>=22,">90%",IF(H38<=22,"<90%")) -> <90% | I39: =IF(I38>=22,">90%",IF(I38<=22,"<90%")) -> >90% | ... Q39: =IF(Q38>=22,">90%",IF(Q38<=22,"<90%")) -> >90%
A40: Status | B40: =IF(B38>=22,"OK",IF(B38<=22,"LESS")) -> OK | C40: =IF(C38>=22,"OK",IF(C38<=22,"LESS")) -> OK | D40: =IF(D38>=22,"OK",IF(D38<=22,"LESS")) -> OK | E40: =IF(E38>=22,"OK",IF(E38<=22,"LESS")) -> OK | F40: =IF(F38>=22,"OK",IF(F38<=22,"LESS")) -> OK | G40: =IF(G38>=22,"OK",IF(G38<=22,"LESS")) -> LESS | H40: =IF(H38>=22,"OK",IF(H38<=22,"LESS")) -> LESS | I40: =IF(I38>=22,"OK",IF(I38<=22,"LESS")) -> OK | ... Q40: =IF(Q38>=22,"OK",IF(Q38<=22,"LESS")) -> OK
A43: Done by | B43: RAHUL
A45: Comment

Sheet 08
A1: Station: | B1: BHATAGAON RAIPUR
A2: Date: | B2: =$A$9 -> 08-03-2023 01:00 | D2: Power Off | G2: Pw.Off | L2: Link Fail | N2: Link F | P2: Maintenance | R2: Maint.
A3: Report Type: | B3: Mean | D3: Calibration | G3: Calib. | L3: Data Fail | N3: Data F | P3: Invalid | R3: Invalid
A4: Time Base: | B4: 01 Hour | D4: Zero Referrence | G4: Z.Ref | L4: Warm Up | N4: Wm. Up
A7: Date & Time | B7: NO_BHATAGAON | C7: NO2_BHATAGAON | D7: NOX_BHATAGAON | E7: SO2_BHATAGAON | F7: O3_BHATAGAON | G7: PM10_BHATAGAON | H7: PM2_5_BHATAGAON | I7: BENZ_BHATAGAON | J7: WS_BHATAGAON | K7: WD_BHATAGAON | L7: TEMP_BHATAGAON | M7: HUM BHATAGAON | N7: SR_BHATAGAON | O7: RG_BHATAGAON | P7: CO_BHATAGAON | Q7: NH3_BHATAGAON
B8: ug/m3 | C8: ug/m3 | D8: ppb | E8: ug/m3 | F8: ug/m3 | G8: mg/m3 | H8: ug/m3 | I8: ug/m3 | J8: m/sec | K8: deg | L8: degreC | M8: % | N8: w/m2 | O8: mm | P8: ug/m3 | Q8: ug/m3
A9: 08-03-2023 01:00 | B9: 5.18 | C9: 104.84 | D9: 62.02 | E9: 6.12 | F9: 3.38 | G9: 55.84 | H9: 26.86 | I9: 0.56 | J9: 0.71 | K9: 56.14 | L9: 24.58 | M9: 43.01 | N9: 4.7 | O9: 0 | P9: 1.14 | Q9: 30.06
A10: 08-03-2023 02:00 | B10: 4.51 | C10: 104.54 | D10: 61.19 | E10: 5.71 | F10: 3.06 | G10: 62.07 | H10: 25.72 | I10: 0.56 | J10: 1.21 | K10: 358.98 | L10: 24.2 | M10: 46.26 | N10: 6.6 | O10: 0.6 | P10: 1.14 | Q10: 29.9
A11: 08-03-2023 03:00 | B11: 5.64 | C11: 100.15 | D11: 59.07 | E11: 4.49 | F11: 3.11 | G11: 48.99 | H11: 26.63 | I11: 0.54 | J11: 1.68 | K11: 70.9 | L11: 21.66 | M11: 74.25 | N11: 8.5 | O11: 2 | P11: 1.06 | Q11: 28.57
A12: 08-03-2023 04:00 | B12: 5.81 | C12: 94.25 | D12: 56.6 | E12: 4.53 | F12: 3.06 | G12: 67.24 | H12: 26.39 | I12: 0.55 | J12: 0.58 | K12: 220.9 | L12: 21.23 | M12: 69.86 | N12: 6.7 | O12: 0 | P12: 1.02 | Q12: 30.33
A13: 08-03-2023 05:00 | B13: 7.33 | C13: 94.38 | D13: 57.61 | E13: 4.71 | F13: 3.25 | G13: 73.13 | H13: 28.13 | I13: 0.55 | J13: 0.99 | K13: 235.45 | L13: 20.97 | M13: 72.74 | N13: 5.2 | O13: 0 | P13: 1 | Q13: 30.54
A14: 08-03-2023 06:00 | B14: 8.99 | C14: 91.88 | D14: 57.73 | E14: 4.39 | F14: 2.95 | G14: 46.73 | H14: 26.26 | I14: 0.54 | J14: 0.32 | K14: 342.56 | L14: 20.8 | M14: 74.29 | N14: 5 | O14: 0 | P14: 0.93 | Q14: 29.95
A15: 08-03-2023 07:00 | B15: 14.13 | C15: 91.54 | D15: 61.77 | E15: 4.54 | F15: 2.95 | G15: 43.2 | H15: 25.28 | I15: 0.55 | J15: 0.13 | K15: 234.62 | L15: 20.61 | M15: 80.75 | N15: 54.7 | O15: 0 | P15: 0.95 | Q15: 31.74
A16: 08-03-2023 08:00 | B16: 15.9 | C16: 91.61 | D16: 62.68 | E16: 4.64 | F16: 2.94 | G16: 57.56 | H16: 25.01 | I16: 0.57 | J16: 0.19 | K16: 45.31 | L16: 23.99 | M16: 75.34 | N16: 178.8 | O16: 0 | P16: 0.99 | Q16: 31.94
A17: 08-03-2023 09:00 | B17: 14.21 | C17: 95.33 | D17: 63.52 | E17: 4.03 | F17: 3.09 | G17: 57.06 | H17: 25.73 | I17: 0.57 | J17: 0.28 | K17: 319.34 | L17: 24.97 | M17: 58.51 | N17: 444.4 | O17: 0 | P17: 0.99 | Q17: 31.59
A18: 08-03-2023 10:00 | B18: 12.89 | C18: 98.26 | D18: 63.72 | E18: 4.25 | F18: 2.96 | G18: 14.53 | H18: 26.84 | I18: 0.57 | J18: 0.86 | K18: 344.6 | L18: 29.72 | M18: 48.53 | N18: 636.3 | O18: 0 | P18: 0.98 | Q18: 31.48
A19: 08-03-2023 11:00 | B19: 10.93 | C19: 104.41 | D19: 63.13 | E19: 4.9 | F19: 3.37 | G19: 109.94 | H19: 27.77 | I19: 0.59 | J19: 0.52 | K19: 232.03 | L19: 33.37 | M19: 46.34 | N19: 765.2 | O19: 0 | P19: 1 | Q19: 33.56
A20: 08-03-2023 12:00 | B20: 2.78 | C20: 105.51 | D20: 60.46 | E20: 4.6 | F20: 3.96 | G20: 71.47 | H20: 31.26 | I20: 0.58 | J20: 0.48 | K20: 333.45 | L20: 33.76 | M20: 33.77 | N20: 829.8 | O20: 0 | P20: 1 | Q20: 33.53
... A32: 08-03-2023 24:00 | B32: 15.73 | C32: 101.7 | D32: 68.26 | E32: 3.58 | F32: 3.22 | G32: 51.38 | H32: 24.06 | I32: 0.71 | J32: 0.14 | K32: 332.52 | L32: 23.68 | M32: 60.06 | N32: 4.9 | O32: 0 | P32: 1.25 | Q32: 34.68
A34: Min | B34: =MIN(B9:B32) -> 1.2 | C34: =MIN(C9:C32) -> 90.39 | D34: =MIN(D9:D32) -> 51.53 | E34: =MIN(E9:E32) -> 3.28 | F34: =MIN(F9:F32) -> 2.93 | G34: =MIN(G9:G32) -> 14.53 | H34: =MIN(H9:H32) -> 17.62 | I34: =MIN(I9:I32) -> 0.51 | ... Q34: =MIN(Q9:Q32) -> 28.57
A35: Max | B35: =MAX(B9:B32) -> 15.9 | C35: =MAX(C9:C32) -> 105.51 | D35: =MAX(D9:D32) -> 68.26 | E35: =MAX(E9:E32) -> 6.12 | F35: =MAX(F9:F32) -> 4.68 | G35: =MAX(G9:G32) -> 109.94 | H35: =MAX(H9:H32) -> 33.79 | I35: =MAX(I9:I32) -> 0.93 | ... Q35: =MAX(Q9:Q32) -> 36.53
A36: Avg | B36: =AVERAGE(B9:B32) -> 7.4866667 | C36: =AVERAGE(C9:C32) -> 97.65875 | D36: =AVERAGE(D9:D32) -> 59.520417 | E36: =AVERAGE(E9:E32) -> 4.2379167 | F36: =AVERAGE(F9:F32) -> 3.5620833 | G36: =AVERAGE(G9:G32) -> 50.979583 | H36: =AVERAGE(H9:H32) -> 25.793333 | I36: =AVERAGE(I9:I32) -> 0.60708333 | ... Q36: =AVERAGE(Q9:Q32) -> 32.47125
A37: Stdev | B37: =STDEV(B9:B32) -> 5.2204536 | C37: =STDEV(C9:C32) -> 4.9818979 | D37: =STDEV(D9:D32) -> 4.8974914 | E37: =STDEV(E9:E32) -> 0.68415596 | F37: =STDEV(F9:F32) -> 0.61817388 | G37: =STDEV(G9:G32) -> 19.330771 | H37: =STDEV(H9:H32) -> 4.1975652 | I37: =STDEV(I9:I32) -> 0.098708141 | ... Q37: =STDEV(Q9:Q32) -> 2.0258446
A38: Num | B38: =COUNT(B9:B32) -> 24 | C38: =COUNT(C9:C32) -> 24 | D38: =COUNT(D9:D32) -> 24 | E38: =COUNT(E9:E32) -> 24 | F38: =COUNT(F9:F32) -> 24 | G38: =COUNT(G9:G32) -> 24 | H38: =COUNT(H9:H32) -> 24 | I38: =COUNT(I9:I32) -> 24 | ... Q38: =COUNT(Q9:Q32) -> 24
A39: DCR | B39: =IF(B38>=22,">90%",IF(B38<=22,"<90%")) -> >90% | C39: =IF(C38>=22,">90%",IF(C38<=22,"<90%")) -> >90% | D39: =IF(D38>=22,">90%",IF(D38<=22,"<90%")) -> >90% | E39: =IF(E38>=22,">90%",IF(E38<=22,"<90%")) -> >90% | F39: =IF(F38>=22,">90%",IF(F38<=22,"<90%")) -> >90% | G39: =IF(G38>=22,">90%",IF(G38<=22,"<90%")) -> >90% | H39: =IF(H38>=22,">90%",IF(H38<=22,"<90%")) -> >90% | I39: =IF(I38>=22,">90%",IF(I38<=22,"<90%")) -> >90% | ... Q39: =IF(Q38>=22,">90%",IF(Q38<=22,"<90%")) -> >90%
A40: Status | B40: =IF(B38>=22,"OK",IF(B38<=22,"LESS")) -> OK | C40: =IF(C38>=22,"OK",IF(C38<=22,"LESS")) -> OK | D40: =IF(D38>=22,"OK",IF(D38<=22,"LESS")) -> OK | E40: =IF(E38>=22,"OK",IF(E38<=22,"LESS")) -> OK | F40: =IF(F38>=22,"OK",IF(F38<=22,"LESS")) -> OK | G40: =IF(G38>=22,"OK",IF(G38<=22,"LESS")) -> OK | H40: =IF(H38>=22,"OK",IF(H38<=22,"LESS")) -> OK | I40: =IF(I38>=22,"OK",IF(I38<=22,"LESS")) -> OK | ... Q40: =IF(Q38>=22,"OK",IF(Q38<=22,"LESS")) -> OK
A43: Done by | B43: RAHUL
A45: Comment

Sheet 09
A1: Station: | B1: BHATAGAON RAIPUR
A2: Date: | B2: =$A$9 -> 09-03-2023 01:00 | D2: Power Off | G2: Pw.Off | L2: Link Fail | N2: Link F | P2: Maintenance | R2: Maint.
A3: Report Type: | B3: Mean | D3: Calibration | G3: Calib. | L3: Data Fail | N3: Data F | P3: Invalid | R3: Invalid
A4: Time Base: | B4: 01 Hour | D4: Zero Referrence | G4: Z.Ref | L4: Warm Up | N4: Wm. Up
A7: Date & Time | B7: NO_BHATAGAON | C7: NO2_BHATAGAON | D7: NOX_BHATAGAON | E7: SO2_BHATAGAON | F7: O3_BHATAGAON | G7: PM10_BHATAGAON | H7: PM2_5_BHATAGAON | I7: BENZ_BHATAGAON | J7: WS_BHATAGAON | K7: WD_BHATAGAON | L7: TEMP_BHATAGAON | M7: HUM BHATAGAON | N7: SR_BHATAGAON | O7: RG_BHATAGAON | P7: CO_BHATAGAON | Q7: NH3_BHATAGAON
B8: ug/m3 | C8: ug/m3 | D8: ppb | E8: ug/m3 | F8: ug/m3 | G8: mg/m3 | H8: ug/m3 | I8: ug/m3 | J8: m/sec | K8: deg | L8: degreC | M8: % | N8: w/m2 | O8: mm | P8: ug/m3 | Q8: ug/m3
A9: 09-03-2023 01:00 | B9: 16.7 | C9: 100.84 | D9: 68.79 | E9: 3.79 | F9: 3.42 | G9: 46.81 | H9: 24.47 | I9: 0.63 | J9: 0.29 | K9: 355.09 | L9: 24.04 | M9: 57.81 | N9: 4.8 | O9: 0 | P9: 1.19 | Q9: 36.91
A10: 09-03-2023 02:00 | B10: 14.93 | C10: 100.82 | D10: 67.53 | E10: 4.27 | F10: 3.38 | G10: 23.27 | H10: 24.78 | I10: 0.73 | J10: 0.82 | K10: 314.78 | L10: 23.87 | M10: 58.13 | N10: 5.1 | O10: 0 | P10: 1.12 | Q10: 36.92
A11: 09-03-2023 03:00 | B11: 11.3 | C11: 101.25 | D11: 64.41 | E11: 3.77 | F11: 3.08 | G11: 43.21 | H11: 22.81 | I11: 0.71 | J11: 1.35 | K11: 342.13 | L11: 23.87 | M11: 63.07 | N11: 5.7 | O11: 0 | P11: 1.05 | Q11: 36.24
A12: 09-03-2023 04:00 | B12: 13.48 | C12: 97.31 | D12: 63.17 | E12: 3.71 | F12: 3.56 | G12: 47.6 | H12: 21.43 | I12: 0.67 | J12: 0.2 | K12: 271.39 | L12: 21.6 | M12: 64.76 | N12: 4.8 | O12: 0 | P12: 1.06 | Q12: 35.09
A13: 09-03-2023 05:00 | B13: 16.51 | C13: 94.28 | D13: 65.27 | E13: 3.79 | F13: 3.4 | G13: 42.4 | H13: 23.57 | I13: 0.72 | J13: 0.12 | K13: 301.64 | L13: 21.78 | M13: 68.52 | N13: 4.8 | O13: 0 | P13: 1.04 | Q13: 36.63
A14: 09-03-2023 06:00 | B14: 21.26 | C14: 94.55 | D14: 69.01 | E14: 3.86 | F14: 3.23 | G14: 46.91 | H14: 25.76 | I14: 0.72 | J14: 0.21 | K14: 344.34 | L14: 21.09 | M14: 70.19 | N14: 4.7 | O14: 0 | P14: 1.09 | Q14: 36.32
A15: 09-03-2023 07:00 | B15: 24.65 | C15: 93.89 | D15: 71.59 | E15: 3.7 | F15: 3.21 | G15: 46.93 | H15: 27.66 | I15: 0.72 | J15: 1.15 | K15: 335.24 | L15: 21.09 | M15: 69.52 | N15: 64.5 | O15: 0 | P15: 1.09 | Q15: 34.89
A16: 09-03-2023 08:00 | B16: 24.65 | C16: 94.37 | D16: 71.85 | E16: 3.63 | F16: 3.08 | G16: 50.62 | H16: 26.84 | I16: 0.72 | J16: 1.04 | K16: 26.11 | L16: 27.64 | M16: 59.8 | N16: 241.5 | O16: 0 | P16: 1.33 | Q16: 35.06
A17: 09-03-2023 09:00 | B17: 24.92 | C17: 104.12 | D17: 75.08 | E17: 4.83 | F17: 3.89 | G17: 164.48 | H17: 39.96 | I17: 0.72 | J17: 1.27 | K17: 147.79 | L17: 28.57 | M17: 40.38 | N17: 503.7 | O17: 0 | P17: 1.46 | Q17: 35.7
A18: 09-03-2023 10:00 | B18: 17.86 | C18: 106.73 | D18: 72.86 | E18: 5.04 | F18: 3.11 | G18: 137.82 | H18: 49.91 | I18: 0.69 | J18: 1.48 | K18: 123.19 | L18: 29.29 | M18: 36.94 | N18: 660.4 | O18: 0 | P18: 1.44 | Q18: 35.58
A19: 09-03-2023 11:00 | B19: 9.74 | C19: 104.87 | D19: 65.68 | E19: 5.2 | F19: 12.08 | G19: 84.21 | H19: 48.05 | I19: 0.65 | J19: 1.38 | K19: 126.89 | L19: 32.06 | M19: 35.03 | N19: 786 | O19: 0 | P19: 1.31 | Q19: 32.52
A20: 09-03-2023 12:00 | B20: 1.94 | C20: 67.67 | D20: 37.75 | E20: 7.52 | F20: 20.94 | G20: Invalid | H20: Invalid | I20: 0.51 | J20: 1.03 | K20: 182.1 | L20: 35.78 | M20: 27.43 | N20: 832.5 | O20: 0 | P20: 0.79 | Q20: 22.88
A21: 09-03-2023 13:00 | B21: 1.38 | C21: 72.08 | D21: 40.06 | E21: 10.21 | F21: 19 | G21: Maint. | H21: Maint. | I21: 0.51 | J21: 1.02 | K21: 264.49 | L21: 37.77 | M21: 20.09 | N21: 875.5 | O21: 0 | P21: 0.87 | Q21: 19.51
A22: 09-03-2023 14:00 | B22: 1.41 | C22: 70.65 | D22: 40.12 | E22: 3.62 | F22: 5.12 | G22: 31.48 | H22: 26.08 | I22: 0.49 | J22: 1.07 | K22: 358.48 | L22: 36.94 | M22: 17.79 | N22: 842.3 | O22: 0 | P22: 0.74 | Q22: 21.1
A23: 09-03-2023 15:00 | B23: 1.35 | C23: 70.38 | D23: 39.86 | E23: 4.08 | F23: 5.68 | G23: 35.97 | H23: 26.08 | I23: 0.54 | J23: 1.11 | K23: 31.43 | L23: 38.21 | M23: 14.6 | N23: 722.9 | O23: 0 | P23: 0.69 | Q23: 22.62
A24: 09-03-2023 16:00 | B24: 1.12 | C24: 71.58 | D24: 40.4 | E24: 3.73 | F24: 5.55 | G24: 36.17 | H24: 22.17 | I24: 0.53 | J24: 1.07 | K24: 27.36 | L24: 36.34 | M24: 16.55 | N24: 421.7 | O24: 0 | P24: 0.6 | Q24: 25.58
A25: 09-03-2023 17:00 | B25: 1.81 | C25: 76.09 | D25: 43.45 | E25: 3.28 | F25: 4.72 | G25: 33.82 | H25: 19.88 | I25: 0.52 | J25: 0.78 | K25: 32.96 | L25: 35.32 | M25: 16.43 | N25: 191.5 | O25: 0 | P25: 0.58 | Q25: 26.45
A26: 09-03-2023 18:00 | B26: 4.75 | C26: 86.41 | D26: 51.5 | E26: 2.8 | F26: 4.34 | G26: 29.59 | H26: 18.19 | I26: 0.53 | J26: 0.78 | K26: 26.98 | L26: 32.75 | M26: 21.92 | N26: 59.8 | O26: 0 | P26: 0.85 | Q26: 27.63
A27: 09-03-2023 19:00 | B27: 6.6 | C27: 92.95 | D27: 56.1 | E27: 3.23 | F27: 4.57 | G27: 36.69 | H27: 18.08 | I27: 0.65 | J27: 0.43 | K27: 104.93 | L27: 29.82 | M27: 25.65 | N27: 7.1 | O27: 0 | P27: 1.22 | Q27: 31.4
A28: 09-03-2023 20:00 | B28: 11.79 | C28: 104.29 | D28: 67.01 | E28: 3.38 | F28: 3.41 | G28: 51.34 | H28: 19.45 | I28: 0.77 | J28: 0.33 | K28: 87.88 | L28: 28.37 | M28: 28.4 | N28: 4.9 | O28: 0 | P28: 1.49 | Q28: 32
A29: 09-03-2023 21:00 | B29: 15.96 | C29: 107.07 | D29: 71.89 | E29: 4.24 | F29: 3.84 | G29: 57.35 | H29: 19.51 | I29: 0.84 | J29: 0.26 | K29: 102.07 | L29: 27.37 | M29: 41.96 | N29: 5.6 | O29: 0 | P29: 2.27 | Q29: 32.05
A30: 09-03-2023 22:00 | B30: 27.35 | C30: 107.5 | D30: 81.08 | E30: 3.95 | F30: 3.33 | G30: 73.43 | H30: 26.1 | I30: 1.04 | J30: 1.18 | K30: 355.85 | L30: 25.5 | M30: 44.82 | N30: 5.1 | O30: 0 | P30: 2.27 | Q30: 33.51
A31: 09-03-2023 23:00 | B31: 26.82 | C31: 106.96 | D31: 80.54 | E31: 4.39 | F31: 3.25 | G31: 75.42 | H31: 27.18 | I31: 0.99 | J31: 1.45 | K31: 36.63 | L31: 25.91 | M31: 36.04 | N31: 4.7 | O31: 0 | P31: 1.44 | Q31: 34.75
A32: 09-03-2023 24:00 | B32: 15.92 | C32: 104.83 | D32: 70.62 | E32: 4.34 | F32: 3.39 | G32: 75.48 | H32: 27.21 | I32: 0.76 | J32: 1.39 | K32: 31.16 | L32: 26.29 | M32: 32.66 | N32: 4.7 | O32: 0 | P32: 1.18 | Q32: 33.61
A34: Min | B34: =MIN(B9:B32) -> 1.12 | C34: =MIN(C9:C32) -> 67.67 | D34: =MIN(D9:D32) -> 37.75 | E34: =MIN(E9:E32) -> 2.8 | F34: =MIN(F9:F32) -> 3.08 | G34: =MIN(G9:G32) -> 23.27 | H34: =MIN(H9:H32) -> 18.08 | I34: =MIN(I9:I32) -> 0.49 | ... Q34: =MIN(Q9:Q32) -> 19.51
A35: Max | B35: =MAX(B9:B32) -> 27.35 | C35: =MAX(C9:C32) -> 107.5 | D35: =MAX(D9:D32) -> 81.08 | E35: =MAX(E9:E32) -> 10.21 | F35: =MAX(F9:F32) -> 20.94 | G35: =MAX(G9:G32) -> 164.48 | H35: =MAX(H9:H32) -> 49.91 | I35: =MAX(I9:I32) -> 1.04 | ... Q35: =MAX(Q9:Q32) -> 36.92
A36: Avg | B36: =AVERAGE(B9:B32) -> 13.091667 | C36: =AVERAGE(C9:C32) -> 92.97875 | D36: =AVERAGE(D9:D32) -> 61.484167 | E36: =AVERAGE(E9:E32) -> 4.3483333 | F36: =AVERAGE(F9:F32) -> 5.5241667 | G36: =AVERAGE(G9:G32) -> 57.772727 | H36: =AVERAGE(H9:H32) -> 26.598636 | I36: =AVERAGE(I9:I32) -> 0.68166667 | ... Q36: =AVERAGE(Q9:Q32) -> 31.45625
A37: Stdev | B37: =STDEV(B9:B32) -> 9.0098944 | C37: =STDEV(C9:C32) -> 13.859805 | D37: =STDEV(D9:D32) -> 14.030906 | E37: =STDEV(E9:E32) -> 1.5503819 | F37: =STDEV(F9:F32) -> 4.8260155 | G37: =STDEV(G9:G32) -> 34.503049 | H37: =STDEV(H9:H32) -> 8.5994182 | I37: =STDEV(I9:I32) -> 0.14229995 | ... Q37: =STDEV(Q9:Q32) -> 5.5294389
A38: Num | B38: =COUNT(B9:B32) -> 24 | C38: =COUNT(C9:C32) -> 24 | D38: =COUNT(D9:D32) -> 24 | E38: =COUNT(E9:E32) -> 24 | F38: =COUNT(F9:F32) -> 24 | G38: =COUNT(G9:G32)+1 -> 23 | H38: =COUNT(H9:H32)+1 -> 23 | I38: =COUNT(I9:I32) -> 24 | J38: =COUNT(J9:J32) -> 24 | K38: =COUNT(K9:K32) -> 24 | L38: =COUNT(L9:L32) -> 24 | M38: =COUNT(M9:M32) -> 24 | N38: =COUNT(N9:N32) -> 24 | O38: =COUNT(O9:O32) -> 24 | P38: =COUNT(P9:P32) -> 24 | Q38: =COUNT(Q9:Q32) -> 24
A39: DCR | B39: =IF(B38>=22,">90%",IF(B38<=22,"<90%")) -> >90% | C39: =IF(C38>=22,">90%",IF(C38<=22,"<90%")) -> >90% | D39: =IF(D38>=22,">90%",IF(D38<=22,"<90%")) -> >90% | E39: =IF(E38>=22,">90%",IF(E38<=22,"<90%")) -> >90% | F39: =IF(F38>=22,">90%",IF(F38<=22,"<90%")) -> >90% | G39: =IF(G38>=22,">90%",IF(G38<=22,"<90%")) -> >90% | H39: =IF(H38>=22,">90%",IF(H38<=22,"<90%")) -> >90% | I39: =IF(I38>=22,">90%",IF(I38<=22,"<90%")) -> >90% | ... Q39: =IF(Q38>=22,">90%",IF(Q38<=22,"<90%")) -> >90%
A40: Status | B40: =IF(B38>=22,"OK",IF(B38<=22,"LESS")) -> OK | C40: =IF(C38>=22,"OK",IF(C38<=22,"LESS")) -> OK | D40: =IF(D38>=22,"OK",IF(D38<=22,"LESS")) -> OK | E40: =IF(E38>=22,"OK",IF(E38<=22,"LESS")) -> OK | F40: =IF(F38>=22,"OK",IF(F38<=22,"LESS")) -> OK | G40: =IF(G38>=22,"OK",IF(G38<=22,"LESS")) -> OK | H40: =IF(H38>=22,"OK",IF(H38<=22,"LESS")) -> OK | I40: =IF(I38>=22,"OK",IF(I38<=22,"LESS")) -> OK | ... Q40: =IF(Q38>=22,"OK",IF(Q38<=22,"LESS")) -> OK
A43: Done by | B43: RAHUL
A45: Comment

Sheet 10
A1: Station: | B1: BHATAGAON RAIPUR
A2: Date: | B2: =$A$9 -> 10-03-2023 01:00 | D2: Power Off | G2: Pw.Off | L2: Link Fail | N2: Link F | P2: Maintenance | R2: Maint.
A3: Report Type: | B3: Mean | D3: Calibration | G3: Calib. | L3: Data Fail | N3: Data F | P3: Invalid | R3: Invalid
A4: Time Base: | B4: 01 Hour | D4: Zero Referrence | G4: Z.Ref | L4: Warm Up | N4: Wm. Up
A7: Date & Time | B7: NO_BHATAGAON | C7: NO2_BHATAGAON | D7: NOX_BHATAGAON | E7: SO2_BHATAGAON | F7: O3_BHATAGAON | G7: PM10_BHATAGAON | H7: PM2_5_BHATAGAON | I7: BENZ_BHATAGAON | J7: WS_BHATAGAON | K7: WD_BHATAGAON | L7: TEMP_BHATAGAON | M7: HUM BHATAGAON | N7: SR_BHATAGAON | O7: RG_BHATAGAON | P7: CO_BHATAGAON | Q7: NH3_BHATAGAON
B8: ug/m3 | C8: ug/m3 | D8: ppb | E8: ug/m3 | F8: ug/m3 | G8: mg/m3 | H8: ug/m3 | I8: ug/m3 | J8: m/sec | K8: deg | L8: degreC | M8: % | N8: w/m2 | O8: mm | P8: ug/m3 | Q8: ug/m3
A9: 10-03-2023 01:00 | B9: 9.62 | C9: 100.28 | D9: 63.05 | E9: 4.01 | F9: 3.77 | G9: 71.17 | H9: 24.88 | I9: 0.6 | J9: 1.24 | K9: 55.36 | L9: 25.65 | M9: 34.78 | N9: 5.2 | O9: 0 | P9: 1 | Q9: 30.34
A10: 10-03-2023 02:00 | B10: 8.76 | C10: 96.24 | D10: 60.14 | E10: 4.13 | F10: 3.58 | G10: 71.38 | H10: 21.63 | I10: 0.59 | J10: 1.2 | K10: 110.7 | L10: 24.65 | M10: 39.92 | N10: 4.9 | O10: 0 | P10: 0.9 | Q10: 31.05
A11: 10-03-2023 03:00 | B11: 6.81 | C11: 93.06 | D11: 56.65 | E11: 3.59 | F11: 3.08 | G11: 67.76 | H11: 21.01 | I11: 0.59 | J11: 0.76 | K11: 94.8 | L11: 24.34 | M11: 42.15 | N11: 4.8 | O11: 0 | P11: 0.86 | Q11: 31.7
A12: 10-03-2023 04:00 | B12: 3.61 | C12: 92.59 | D12: 53.99 | E12: 3.34 | F12: 3.48 | G12: 55.07 | H12: 19.33 | I12: 0.57 | J12: 0.93 | K12: 35.94 | L12: 23.46 | M12: 44.55 | N12: 4.7 | O12: 0 | P12: 0.74 | Q12: 31.47
A13: 10-03-2023 05:00 | B13: 5.3 | C13: 90.72 | D13: 54.32 | E13: 4.17 | F13: 3.31 | G13: 51.64 | H13: 18.87 | I13: 0.55 | J13: 0.55 | K13: 86.4 | L13: 22.82 | M13: 46.74 | N13: 4.8 | O13: 0 | P13: 0.65 | Q13: 30.39
A14: 10-03-2023 06:00 | B14: 7.02 | C14: 93.27 | D14: 57.11 | E14: 4.77 | F14: 3.08 | G14: 51.43 | H14: 18.94 | I14: 0.56 | J14: 0.74 | K14: 73.43 | L14: 22.28 | M14: 50.59 | N14: 4.7 | O14: 0 | P14: 0.63 | Q14: 32.41
A15: 10-03-2023 07:00 | B15: 9.08 | C15: 96.07 | D15: 60.3 | E15: 4.42 | F15: 3.24 | G15: 50.38 | H15: 19.23 | I15: 0.55 | J15: 0.91 | K15: 41.97 | L15: 22.38 | M15: 50.84 | N15: 74 | O15: 0 | P15: 0.62 | Q15: 32.42
A16: 10-03-2023 08:00 | B16: 11.73 | C16: 97.17 | D16: 63.03 | E16: 4.35 | F16: 3.14 | G16: 63.03 | H16: 22.51 | I16: 0.54 | J16: 1.25 | K16: 31.55 | L16: 26.34 | M16: 47.17 | N16: 276.5 | O16: 0 | P16: 0.71 | Q16: 30.84
A17: 10-03-2023 09:00 | B17: 12.81 | C17: 100.14 | D17: 65.54 | E17: 3.5 | F17: 3.24 | G17: 63.61 | H17: 22.66 | I17: 0.55 | J17: 1.23 | K17: 79.68 | L17: 29.07 | M17: 37.4 | N17: 499.3 | O17: 0 | P17: 0.77 | Q17: 30.34
A18: 10-03-2023 10:00 | B18: 12.58 | C18: 106.25 | D18: 66.23 | E18: 4.06 | F18: 3.22 | G18: 67.77 | H18: 24.22 | I18: 0.56 | J18: 1.23 | K18: 115.45 | L18: 31.46 | M18: 33.75 | N18: 695.1 | O18: 0 | P18: 0.79 | Q18: 32.06
A19: 10-03-2023 11:00 | B19: 6.87 | C19: 106.34 | D19: 64.19 | E19: 11.46 | F19: 17.21 | G19: 68.56 | H19: 24.35 | I19: 0.56 | J19: 1.63 | K19: 127.18 | L19: 31.61 | M19: 33.5 | N19: 802.9 | O19: 0 | P19: 0.79 | Q19: 32.1
A20: 10-03-2023 12:00 | B20: 2.88 | C20: 68.84 | D20: 39.34 | E20: 4.14 | F20: 7.88 | G20: 60.3 | H20: 24.96 | I20: 0.47 | J20: 1.25 | K20: 57.86 | L20: 36.88 | M20: 22.75 | N20: 860.3 | O20: 0 | P20: 0.69 | Q20: 20.75
... A32: 10-03-2023 24:00 | B32: 79.59 | C32: 111.76 | D32: 124.55 | E32: 3.73 | F32: 3.37 | G32: 148.35 | H32: 49.12 | I32: 1.08 | J32: 0.84 | K32: 200.7 | L32: 25.86 | M32: 42.43 | N32: 4.6 | O32: 0 | P32: 2.49 | Q32: 38.06
A34: Min | B34: =MIN(B9:B32) -> 2.64 | C34: =MIN(C9:C32) -> 68.84 | D34: =MIN(D9:D32) -> 39.34 | E34: =MIN(E9:E32) -> 3.34 | F34: =MIN(F9:F32) -> 2.99 | G34: =MIN(G9:G32) -> 50.38 | H34: =MIN(H9:H32) -> 18.87 | I34: =MIN(I9:I32) -> 0.47 | ... Q34: =MIN(Q9:Q32) -> 20.75
A35: Max | B35: =MAX(B9:B32) -> 83.9 | C35: =MAX(C9:C32) -> 120.24 | D35: =MAX(D9:D32) -> 130.79 | E35: =MAX(E9:E32) -> 11.46 | F35: =MAX(F9:F32) -> 17.21 | G35: =MAX(G9:G32) -> 177.32 | H35: =MAX(H9:H32) -> 49.12 | I35: =MAX(I9:I32) -> 1.48 | ... Q35: =MAX(Q9:Q32) -> 38.06
A36: Avg | B36: =AVERAGE(B9:B32) -> 17.9425 | C36: =AVERAGE(C9:C32) -> 97.347083 | D36: =AVERAGE(D9:D32) -> 67.399583 | E36: =AVERAGE(E9:E32) -> 4.3545833 | F36: =AVERAGE(F9:F32) -> 4.73 | G36: =AVERAGE(G9:G32) -> 80.684167 | H36: =AVERAGE(H9:H32) -> 27.102917 | I36: =AVERAGE(I9:I32) -> 0.68666667 | ... Q36: =AVERAGE(Q9:Q32) -> 30.395833
A37: Stdev | B37: =STDEV(B9:B32) -> 25.596824 | C37: =STDEV(C9:C32) -> 12.798061 | D37: =STDEV(D9:D32) -> 26.070275 | E37: =STDEV(E9:E32) -> 1.5970652 | F37: =STDEV(F9:F32) -> 2.9830128 | G37: =STDEV(G9:G32) -> 40.718958 | H37: =STDEV(H9:H32) -> 8.9670379 | I37: =STDEV(I9:I32) -> 0.26708843 | ... Q37: =STDEV(Q9:Q32) -> 4.0576325
A38: Num | B38: =COUNT(B9:B32) -> 24 | C38: =COUNT(C9:C32) -> 24 | D38: =COUNT(D9:D32) -> 24 | E38: =COUNT(E9:E32) -> 24 | F38: =COUNT(F9:F32) -> 24 | G38: =COUNT(G9:G32) -> 24 | H38: =COUNT(H9:H32) -> 24 | I38: =COUNT(I9:I32) -> 24 | ... Q38: =COUNT(Q9:Q32) -> 24
A39: DCR | B39: =IF(B38>=22,">90%",IF(B38<=22,"<90%")) -> >90% | C39: =IF(C38>=22,">90%",IF(C38<=22,"<90%")) -> >90% | D39: =IF(D38>=22,">90%",IF(D38<=22,"<90%")) -> >90% | E39: =IF(E38>=22,">90%",IF(E38<=22,"<90%")) -> >90% | F39: =IF(F38>=22,">90%",IF(F38<=22,"<90%")) -> >90% | G39: =IF(G38>=22,">90%",IF(G38<=22,"<90%")) -> >90% | H39: =IF(H38>=22,">90%",IF(H38<=22,"<90%")) -> >90% | I39: =IF(I38>=22,">90%",IF(I38<=22,"<90%")) -> >90% | ... Q39: =IF(Q38>=22,">90%",IF(Q38<=22,"<90%")) -> >90%
A40: Status | B40: =IF(B38>=22,"OK",IF(B38<=22,"LESS")) -> OK | C40: =IF(C38>=22,"OK",IF(C38<=22,"LESS")) -> OK | D40: =IF(D38>=22,"OK",IF(D38<=22,"LESS")) -> OK | E40: =IF(E38>=22,"OK",IF(E38<=22,"LESS")) -> OK | F40: =IF(F38>=22,"OK",IF(F38<=22,"LESS")) -> OK | G40: =IF(G38>=22,"OK",IF(G38<=22,"LESS")) -> OK | H40: =IF(H38>=22,"OK",IF(H38<=22,"LESS")) -> OK | I40: =IF(I38>=22,"OK",IF(I38<=22,"LESS")) -> OK | ... Q40: =IF(Q38>=22,"OK",IF(Q38<=22,"LESS")) -> OK
A43: Done by | B43: RAHUL
A45: Comment

Sheet 11
A1: Station: | B1: BHATAGAON RAIPUR
A2: Date: | B2: =$A$9 -> 11-03-2023 01:00 | D2: Power Off | G2: Pw.Off | L2: Link Fail | N2: Link F | P2: Maintenance | R2: Maint.
A3: Report Type: | B3: Mean | D3: Calibration | G3: Calib. | L3: Data Fail | N3: Data F | P3: Invalid | R3: Invalid
A4: Time Base: | B4: 01 Hour | D4: Zero Referrence | G4: Z.Ref | L4: Warm Up | N4: Wm. Up
A7: Date & Time | B7: NO_BHATAGAON | C7: NO2_BHATAGAON | D7: NOX_BHATAGAON | E7: SO2_BHATAGAON | F7: O3_BHATAGAON | G7: PM10_BHATAGAON | H7: PM2_5_BHATAGAON | I7: BENZ_BHATAGAON | J7: WS_BHATAGAON | K7: WD_BHATAGAON | L7: TEMP_BHATAGAON | M7: HUM BHATAGAON | N7: SR_BHATAGAON | O7: RG_BHATAGAON | P7: CO_BHATAGAON | Q7: NH3_BHATAGAON
B8: ug/m3 | C8: ug/m3 | D8: ppb | E8: ug/m3 | F8: ug/m3 | G8: mg/m3 | H8: ug/m3 | I8: ug/m3 | J8: m/sec | K8: deg | L8: degreC | M8: % | N8: w/m2 | O8: mm | P8: ug/m3 | Q8: ug/m3
A9: 11-03-2023 01:00 | B9: 52.27 | C9: 111.22 | D9: 101.91 | E9: 4.77 | F9: 3.28 | G9: 57.78 | H9: 42.78 | I9: 1.04 | J9: 0.62 | K9: 195 | L9: 25.1 | M9: 45.2 | N9: 4.7 | O9: 0 | P9: 2.14 | Q9: 37.42
A10: 11-03-2023 02:00 | B10: 31.87 | C10: 109.89 | D10: 85.24 | E10: 4.02 | F10: 3.37 | G10: 49.3 | H10: 38.49 | I10: 0.87 | J10: 0.79 | K10: 185.83 | L10: 24.41 | M10: 46.48 | N10: 4.5 | O10: 0 | P10: 1.53 | Q10: 35.63
A11: 11-03-2023 03:00 | B11: 24.11 | C11: 108.76 | D11: 78.36 | E11: 4.19 | F11: 3.34 | G11: 51.71 | H11: 35 | I11: 0.73 | J11: 0.71 | K11: 204.47 | L11: 23.87 | M11: 48.87 | N11: 4.7 | O11: 0 | P11: 1.46 | Q11: 35.98
A12: 11-03-2023 04:00 | B12: 15.73 | C12: 108.28 | D12: 71.41 | E12: 4.5 | F12: 3.23 | G12: 40.64 | H12: 31.12 | I12: 0.69 | J12: 0.26 | K12: 359.5 | L12: 22.74 | M12: 58.7 | N12: 5.3 | O12: 0 | P12: 1.28 | Q12: 36.18
A13: 11-03-2023 05:00 | B13: 9.2 | C13: 106.81 | D13: 65.36 | E13: 2.93 | F13: 3.19 | G13: 55.58 | H13: 28.61 | I13: 0.65 | J13: 0.18 | K13: 346.41 | L13: 21.68 | M13: 58.58 | N13: 4.8 | O13: 0 | P13: 1.09 | Q13: 35.57
A14: 11-03-2023 06:00 | B14: 14.24 | C14: 106.09 | D14: 69.01 | E14: 2.68 | F14: 3.09 | G14: 56.6 | H14: 28.68 | I14: 0.6 | J14: 0.17 | K14: 356.73 | L14: 21.4 | M14: 62.14 | N14: 5 | O14: 0 | P14: 1.02 | Q14: 34.95
A15: 11-03-2023 07:00 | B15: 20.75 | C15: 110.41 | D15: 76.61 | E15: 3.04 | F15: 3.26 | G15: 55.34 | H15: 31.29 | I15: 0.63 | J15: 0.3 | K15: 342.89 | L15: 21.83 | M15: 60.65 | N15: 75.9 | O15: 0 | P15: 1 | Q15: 36.45
A16: 11-03-2023 08:00 | B16: 22.82 | C16: 117.09 | D16: 81.21 | E16: 2.8 | F16: 3.15 | G16: 110.5 | H16: 31.44 | I16: 0.63 | J16: 0.31 | K16: 102.8 | L16: 27.79 | M16: 56.97 | N16: 264.2 | O16: 0 | P16: 1.12 | Q16: 36.38
A17: 11-03-2023 09:00 | B17: 20.79 | C17: 118.19 | D17: 80.11 | E17: 3.64 | F17: 3.09 | G17: 113.69 | H17: 33.76 | I17: 0.62 | J17: 0.66 | K17: 84.15 | L17: 28.97 | M17: 42.73 | N17: 466 | O17: 0 | P17: 1.15 | Q17: 35.65
A18: 11-03-2023 10:00 | B18: 18.97 | C18: 120.75 | D18: 79.42 | E18: 4.17 | F18: 3.13 | G18: 191.6 | H18: 42.36 | I18: 0.63 | J18: 0.61 | K18: 66.71 | L18: 32.14 | M18: 36.4 | N18: 623.5 | O18: 0 | P18: 1.27 | Q18: 35.28
A19: 11-03-2023 11:00 | B19: 14.7 | C19: 130.54 | D19: 78.47 | E19: 4.81 | F19: 3.47 | G19: 197.62 | H19: 47.14 | I19: 0.65 | J19: 0.57 | K19: 104.53 | L19: 34.28 | M19: 32.21 | N19: 761 | O19: 0 | P19: 1.38 | Q19: 36.98
A20: 11-03-2023 12:00 | B20: 6.29 | C20: 133.53 | D20: 77.18 | E20: 4.42 | F20: 3.85 | G20: 125.79 | H20: 49.34 | I20: 0.63 | J20: 0.75 | K20: 121.71 | L20: 36.08 | M20: 28.46 | N20: 819.7 | O20: 0 | P20: 1.4 | Q20: 36.16
... A32: 11-03-2023 24:00 | B32: 136.75 | C32: 127.27 | D32: 177.36 | E32: 5.18 | F32: 3.06 | G32: 181.27 | H32: 51.82 | I32: 1.49 | J32: 0.1 | K32: 142.21 | L32: 23.57 | M32: 56.09 | N32: 4.8 | O32: 0 | P32: 2.92 | Q32: 41.36
A34: Min | B34: =MIN(B9:B32) -> 2.38 | C34: =MIN(C9:C32) -> 101.37 | D34: =MIN(D9:D32) -> 56.89 | E34: =MIN(E9:E32) -> 2.68 | F34: =MIN(F9:F32) -> 2.84 | G34: =MIN(G9:G32) -> 40.64 | H34: =MIN(H9:H32) -> 20.66 | I34: =MIN(I9:I32) -> 0.56 | ... Q34: =MIN(Q9:Q32) -> 31.25
A35: Max | B35: =MAX(B9:B32) -> 136.75 | C35: =MAX(C9:C32) -> 133.53 | D35: =MAX(D9:D32) -> 177.36 | E35: =MAX(E9:E32) -> 5.18 | F35: =MAX(F9:F32) -> 5.66 | G35: =MAX(G9:G32) -> 197.62 | H35: =MAX(H9:H32) -> 51.82 | I35: =MAX(I9:I32) -> 1.64 | ... Q35: =MAX(Q9:Q32) -> 41.36
A36: Avg | B36: =AVERAGE(B9:B32) -> 28.17125 | C36: =AVERAGE(C9:C32) -> 117.10458 | D36: =AVERAGE(D9:D32) -> 85.807083 | E36: =AVERAGE(E9:E32) -> 4.1008333 | F36: =AVERAGE(F9:F32) -> 3.705 | G36: =AVERAGE(G9:G32) -> 98.72375 | H36: =AVERAGE(H9:H32) -> 37.009583 | I36: =AVERAGE(I9:I32) -> 0.83833333 | ... Q36: =AVERAGE(Q9:Q32) -> 35.753333
A37: Stdev | B37: =STDEV(B9:B32) -> 33.471024 | C37: =STDEV(C9:C32) -> 10.176824 | D37: =STDEV(D9:D32) -> 29.423774 | E37: =STDEV(E9:E32) -> 0.68780632 | F37: =STDEV(F9:F32) -> 0.8100993 | G37: =STDEV(G9:G32) -> 54.999393 | H37: =STDEV(H9:H32) -> 9.076836 | I37: =STDEV(I9:I32) -> 0.33017343 | ... Q37: =STDEV(Q9:Q32) -> 2.2090617
A38: Num | B38: =COUNT(B9:B32) -> 24 | C38: =COUNT(C9:C32) -> 24 | D38: =COUNT(D9:D32) -> 24 | E38: =COUNT(E9:E32) -> 24 | F38: =COUNT(F9:F32) -> 24 | G38: =COUNT(G9:G32) -> 24 | H38: =COUNT(H9:H32) -> 24 | I38: =COUNT(I9:I32) -> 24 | ... Q38: =COUNT(Q9:Q32) -> 24
A39: DCR | B39: =IF(B38>=22,">90%",IF(B38<=22,"<90%")) -> >90% | C39: =IF(C38>=22,">90%",IF(C38<=22,"<90%")) -> >90% | D39: =IF(D38>=22,">90%",IF(D38<=22,"<90%")) -> >90% | E39: =IF(E38>=22,">90%",IF(E38<=22,"<90%")) -> >90% | F39: =IF(F38>=22,">90%",IF(F38<=22,"<90%")) -> >90% | G39: =IF(G38>=22,">90%",IF(G38<=22,"<90%")) -> >90% | H39: =IF(H38>=22,">90%",IF(H38<=22,"<90%")) -> >90% | I39: =IF(I38>=22,">90%",IF(I38<=22,"<90%")) -> >90% | ... Q39: =IF(Q38>=22,">90%",IF(Q38<=22,"<90%")) -> >90%
A40: Status | B40: =IF(B38>=22,"OK",IF(B38<=22,"LESS")) -> OK | C40: =IF(C38>=22,"OK",IF(C38<=22,"LESS")) -> OK | D40: =IF(D38>=22,"OK",IF(D38<=22,"LESS")) -> OK | E40: =IF(E38>=22,"OK",IF(E38<=22,"LESS")) -> OK | F40: =IF(F38>=22,"OK",IF(F38<=22,"LESS")) -> OK | G40: =IF(G38>=22,"OK",IF(G38<=22,"LESS")) -> OK | H40: =IF(H38>=22,"OK",IF(H38<=22,"LESS")) -> OK | I40: =IF(I38>=22,"OK",IF(I38<=22,"LESS")) -> OK | ... Q40: =IF(Q38>=22,"OK",IF(Q38<=22,"LESS")) -> OK
A43: Done by | B43: RAHUL
A45: Comment

Sheet 12
A1: Station: | B1: BHATAGAON RAIPUR
A2: Date: | B2: =$A$9 -> 12-03-2023 01:00 | D2: Power Off | G2: Pw.Off | L2: Link Fail | N2: Link F | P2: Maintenance | R2: Maint.
A3: Report Type: | B3: Mean | D3: Calibration | G3: Calib. | L3: Data Fail | N3: Data F | P3: Invalid | R3: Invalid
A4: Time Base: | B4: 01 Hour | D4: Zero Referrence | G4: Z.Ref | L4: Warm Up | N4: Wm. Up
A7: Date & Time | B7: NO_BHATAGAON | C7: NO2_BHATAGAON | D7: NOX_BHATAGAON | E7: SO2_BHATAGAON | F7: O3_BHATAGAON | G7: PM10_BHATAGAON | H7: PM2_5_BHATAGAON | I7: BENZ_BHATAGAON | J7: WS_BHATAGAON | K7: WD_BHATAGAON | L7: TEMP_BHATAGAON | M7: HUM BHATAGAON | N7: SR_BHATAGAON | O7: RG_BHATAGAON | P7: CO_BHATAGAON | Q7: NH3_BHATAGAON
B8: ug/m3 | C8: ug/m3 | D8: ppb | E8: ug/m3 | F8: ug/m3 | G8: mg/m3 | H8: ug/m3 | I8: ug/m3 | J8: m/sec | K8: deg | L8: degreC | M8: % | N8: w/m2 | O8: mm | P8: ug/m3 | Q8: ug/m3
A9: 12-03-2023 01:00 | B9: 142.65 | C9: 122.37 | D9: 180.46 | E9: 5.92 | F9: 3.66 | G9: 163.76 | H9: 51.91 | I9: 1.33 | J9: 0.22 | K9: 330.55 | L9: 23.56 | M9: 56.16 | N9: 4.9 | O9: 0 | P9: 2.45 | Q9: 43
A10: 12-03-2023 02:00 | B10: 133.7 | C10: 117.66 | D10: 171.19 | E10: 5.89 | F10: 3.2 | G10: 106.81 | H10: 44.68 | I10: 1.32 | J10: 0.37 | K10: 303.11 | L10: 23.33 | M10: 54.58 | N10: 4.6 | O10: 0 | P10: 2.13 | Q10: 42.55
A11: 12-03-2023 03:00 | B11: 105.35 | C11: 113.55 | D11: 146.19 | E11: 5.51 | F11: 3.64 | G11: 89.83 | H11: 40.25 | I11: 1.21 | J11: 0.22 | K11: 355.47 | L11: 23.01 | M11: 56.67 | N11: 5.2 | O11: 0 | P11: 1.67 | Q11: 40.11
A12: 12-03-2023 04:00 | B12: 87.9 | C12: 109.95 | D12: 130.21 | E12: 5.23 | F12: 2.65 | G12: 50.68 | H12: 32.2 | I12: 0.93 | J12: 0.37 | K12: 336.11 | L12: 21.46 | M12: 59.08 | N12: 4.9 | O12: 0 | P12: 1.55 | Q12: 38.69
A13: 12-03-2023 05:00 | B13: 72.17 | C13: 107.88 | D13: 116.45 | E13: 5.04 | F13: 3.26 | G13: 102.85 | H13: 39.35 | I13: 0.96 | J13: 0.67 | K13: 359.65 | L13: 21.45 | M13: 52.91 | N13: 4.4 | O13: 0 | P13: 1.51 | Q13: 38.95
A14: 12-03-2023 06:00 | B14: 57.76 | C14: 108.28 | D14: 104.84 | E14: 4.86 | F14: 4.08 | G14: 144.13 | H14: 48.27 | I14: 0.83 | J14: 0.36 | K14: 94.16 | L14: 21.95 | M14: 52.09 | N14: 4.8 | O14: 0 | P14: 1.49 | Q14: 37.49
A15: 12-03-2023 07:00 | B15: 49.56 | C15: 107.44 | D15: 98.08 | E15: 4.25 | F15: 3.1 | G15: 146.29 | H15: 48.78 | I15: 0.78 | J15: 0.39 | K15: 127.31 | L15: 22.13 | M15: 59.98 | N15: 74.5 | O15: 0 | P15: 1.46 | Q15: 35.83
A16: 12-03-2023 08:00 | B16: 51.3 | C16: 109.94 | D16: 99.81 | E16: 4.01 | F16: 3.1 | G16: 107.39 | H16: 42.94 | I16: 0.76 | J16: 0.56 | K16: 103.08 | L16: 26.93 | M16: 50.67 | N16: 274.2 | O16: 0 | P16: 1.42 | Q16: 36.99
A17: 12-03-2023 09:00 | B17: 47.9 | C17: 117.6 | D17: 98.74 | E17: 4.42 | F17: 3.05 | G17: 108.21 | H17: 43.48 | I17: 0.75 | J17: 1.6 | K17: 107.51 | L17: 28.74 | M17: 36.74 | N17: 512.3 | O17: 0 | P17: 1.35 | Q17: 36.49
A18: 12-03-2023 10:00 | B18: 35.04 | C18: 117.99 | D18: 92.25 | E18: 4.83 | F18: 3.84 | G18: 95.37 | H18: 43.5 | I18: 0.7 | J18: 0.97 | K18: 99.78 | L18: 30.54 | M18: 34.63 | N18: 700.6 | O18: 0 | P18: 1.21 | Q18: 35.42
A19: 12-03-2023 11:00 | B19: 24.56 | C19: 119.38 | D19: 83.47 | E19: 3.86 | F19: 4.83 | G19: 96.33 | H19: 41.82 | I19: 0.64 | J19: 0.68 | K19: 67.47 | L19: 37.62 | M19: 28.7 | N19: 796.4 | O19: 0 | P19: 1.07 | Q19: 32.64
A20: 12-03-2023 12:00 | B20: 14.91 | C20: 126.42 | D20: 78.31 | E20: 4.22 | F20: 4.08 | G20: 67.35 | H20: 37.47 | I20: 0.65 | J20: 0.41 | K20: 220.57 | L20: 36.88 | M20: 23.48 | N20: 890.4 | O20: 0 | P20: 1.06 | Q20: 33.96
... A32: 12-03-2023 24:00 | B32: 94.84 | C32: 126.62 | D32: 144.32 | E32: 5.09 | F32: 2.88 | G32: 137.48 | H32: 45.81 | I32: 1.23 | J32: 0.14 | K32: 345.59 | L32: 24.96 | M32: 47.25 | N32: 4.8 | O32: 0 | P32: 2.34 | Q32: 39.07
A34: Min | B34: =MIN(B9:B32) -> 2.6 | C34: =MIN(C9:C32) -> 101 | D34: =MIN(D9:D32) -> 57.38 | E34: =MIN(E9:E32) -> 3.66 | F34: =MIN(F9:F32) -> 2.65 | G34: =MIN(G9:G32) -> 34.01 | H34: =MIN(H9:H32) -> 20.61 | I34: =MIN(I9:I32) -> 0.52 | ... Q34: =MIN(Q9:Q32) -> 29.52
A35: Max | B35: =MAX(B9:B32) -> 142.65 | C35: =MAX(C9:C32) -> 127.76 | D35: =MAX(D9:D32) -> 180.46 | E35: =MAX(E9:E32) -> 5.92 | F35: =MAX(F9:F32) -> 8.41 | G35: =MAX(G9:G32) -> 178.85 | H35: =MAX(H9:H32) -> 51.91 | I35: =MAX(I9:I32) -> 1.86 | ... Q35: =MAX(Q9:Q32) -> 43
A36: Avg | B36: =AVERAGE(B9:B32) -> 49.927917 | C36: =AVERAGE(C9:C32) -> 115.99875 | D36: =AVERAGE(D9:D32) -> 102.64208 | E36: =AVERAGE(E9:E32) -> 4.49625 | F36: =AVERAGE(F9:F32) -> 4.1079167 | G36: =AVERAGE(G9:G32) -> 97.833333 | H36: =AVERAGE(H9:H32) -> 37.042083 | I36: =AVERAGE(I9:I32) -> 0.93458333 | ... Q36: =AVERAGE(Q9:Q32) -> 35.622083
A37: Stdev | B37: =STDEV(B9:B32) -> 42.280823 | C37: =STDEV(C9:C32) -> 8.7509623 | D37: =STDEV(D9:D32) -> 35.721601 | E37: =STDEV(E9:E32) -> 0.67537309 | F37: =STDEV(F9:F32) -> 1.3659237 | G37: =STDEV(G9:G32) -> 46.025428 | H37: =STDEV(H9:H32) -> 9.8838797 | I37: =STDEV(I9:I32) -> 0.37395628 | ... Q37: =STDEV(Q9:Q32) -> 3.7849909
A38: Num | B38: =COUNT(B9:B32) -> 24 | C38: =COUNT(C9:C32) -> 24 | D38: =COUNT(D9:D32) -> 24 | E38: =COUNT(E9:E32) -> 24 | F38: =COUNT(F9:F32) -> 24 | G38: =COUNT(G9:G32) -> 24 | H38: =COUNT(H9:H32) -> 24 | I38: =COUNT(I9:I32) -> 24 | ... Q38: =COUNT(Q9:Q32) -> 24
A39: DCR | B39: =IF(B38>=22,">90%",IF(B38<=22,"<90%")) -> >90% | C39: =IF(C38>=22,">90%",IF(C38<=22,"<90%")) -> >90% | D39: =IF(D38>=22,">90%",IF(D38<=22,"<90%")) -> >90% | E39: =IF(E38>=22,">90%",IF(E38<=22,"<90%")) -> >90% | F39: =IF(F38>=22,">90%",IF(F38<=22,"<90%")) -> >90% | G39: =IF(G38>=22,">90%",IF(G38<=22,"<90%")) -> >90% | H39: =IF(H38>=22,">90%",IF(H38<=22,"<90%")) -> >90% | I39: =IF(I38>=22,">90%",IF(I38<=22,"<90%")) -> >90% | ... Q39: =IF(Q38>=22,">90%",IF(Q38<=22,"<90%")) -> >90%
A40: Status | B40: =IF(B38>=22,"OK",IF(B38<=22,"LESS")) -> OK | C40: =IF(C38>=22,"OK",IF(C38<=22,"LESS")) -> OK | D40: =IF(D38>=22,"OK",IF(D38<=22,"LESS")) -> OK | E40: =IF(E38>=22,"OK",IF(E38<=22,"LESS")) -> OK | F40: =IF(F38>=22,"OK",IF(F38<=22,"LESS")) -> OK | G40: =IF(G38>=22,"OK",IF(G38<=22,"LESS")) -> OK | H40: =IF(H38>=22,"OK",IF(H38<=22,"LESS")) -> OK | I40: =IF(I38>=22,"OK",IF(I38<=22,"LESS")) -> OK | ... Q40: =IF(Q38>=22,"OK",IF(Q38<=22,"LESS")) -> OK
A43: Done by | B43: RAHUL
A45: Comment

Sheet 13
A1: Station: | B1: BHATAGAON RAIPUR
A2: Date: | B2: =$A$9 -> 13-03-2023 01:00 | D2: Power Off | G2: Pw.Off | L2: Link Fail | N2: Link F | P2: Maintenance | R2: Maint.
A3: Report Type: | B3: Mean | D3: Calibration | G3: Calib. | L3: Data Fail | N3: Data F | P3: Invalid | R3: Invalid
A4: Time Base: | B4: 01 Hour | D4: Zero Referrence | G4: Z.Ref | L4: Warm Up | N4: Wm. Up
A7: Date & Time | B7: NO_BHATAGAON | C7: NO2_BHATAGAON | D7: NOX_BHATAGAON | E7: SO2_BHATAGAON | F7: O3_BHATAGAON | G7: PM10_BHATAGAON | H7: PM2_5_BHATAGAON | I7: BENZ_BHATAGAON | J7: WS_BHATAGAON | K7: WD_BHATAGAON | L7: TEMP_BHATAGAON | M7: HUM BHATAGAON | N7: SR_BHATAGAON | O7: RG_BHATAGAON | P7: CO_BHATAGAON | Q7: NH3_BHATAGAON
B8: ug/m3 | C8: ug/m3 | D8: ppb | E8: ug/m3 | F8: ug/m3 | G8: mg/m3 | H8: ug/m3 | I8: ug/m3 | J8: m/sec | K8: deg | L8: degreC | M8: % | N8: w/m2 | O8: mm | P8: ug/m3 | Q8: ug/m3
A9: 13-03-2023 01:00 | B9: 94.3 | C9: 124.61 | D9: 143.43 | E9: 4.57 | F9: 3.45 | G9: 101.99 | H9: 43.35 | I9: 0.95 | J9: 0.76 | K9: 170.06 | L9: 24.8 | M9: 46.35 | N9: 5.1 | O9: 0 | P9: 2.01 | Q9: 38.14
A10: 13-03-2023 02:00 | B10: 85.18 | C10: 120.01 | D10: 133.57 | E10: 4.54 | F10: 3.29 | G10: 87.47 | H10: 38.27 | I10: 1.05 | J10: 0.25 | K10: 271.7 | L10: 23.59 | M10: 51.46 | N10: 4.8 | O10: 0 | P10: 1.9 | Q10: 39.09
A11: 13-03-2023 03:00 | B11: 68.89 | C11: 116.08 | D11: 118.28 | E11: 4.99 | F11: 3.01 | G11: 91.64 | H11: 37.33 | I11: 1.1 | J11: 0.83 | K11: 162.35 | L11: 24.09 | M11: 52.9 | N11: 5 | O11: 0 | P11: 1.72 | Q11: 38.43
A12: 13-03-2023 04:00 | B12: 53.38 | C12: 117.08 | D12: 105.66 | E12: 4.59 | F12: 2.97 | G12: 141.79 | H12: 48.36 | I12: 1.01 | J12: 0.43 | K12: 242.44 | L12: 24.87 | M12: 53.17 | N12: 5.6 | O12: 0 | P12: 1.73 | Q12: 36.68
A13: 13-03-2023 05:00 | B13: 49.39 | C13: 116.31 | D13: 102.84 | E13: 4.39 | F13: 3.07 | G13: 144.7 | H13: 48.87 | I13: 0.91 | J13: 0.18 | K13: 268.25 | L13: 22.68 | M13: 53.72 | N13: 5 | O13: 0 | P13: 1.61 | Q13: 36.59
A14: 13-03-2023 06:00 | B14: 54.35 | C14: 113.38 | D14: 104.09 | E14: 4.71 | F14: 3.28 | G14: 129.93 | H14: 48.56 | I14: 0.89 | J14: 0.2 | K14: 338.37 | L14: 21.89 | M14: 54.59 | N14: 4.9 | O14: 0 | P14: 1.6 | Q14: 37.26
A15: 13-03-2023 07:00 | B15: 58.25 | C15: 113.51 | D15: 108.4 | E15: 4.6 | F15: 3.19 | G15: 130.27 | H15: 49.4 | I15: 0.86 | J15: 0.39 | K15: 84.69 | L15: 23.72 | M15: 52.16 | N15: 78.2 | O15: 0 | P15: 1.59 | Q15: 36.9
A16: 13-03-2023 08:00 | B16: 58.29 | C16: 116.9 | D16: 109.51 | E16: 4.46 | F16: 3.46 | G16: 111.27 | H16: 49.45 | I16: 0.76 | J16: 0.64 | K16: 32.7 | L16: 29.2 | M16: 39.62 | N16: 261.8 | O16: 0 | P16: 1.47 | Q16: 36.03
A17: 13-03-2023 09:00 | B17: 55.22 | C17: 121.19 | D17: 107.94 | E17: 4.86 | F17: 3.35 | G17: 109.67 | H17: 50.62 | I17: 0.79 | J17: 0.72 | K17: 123.15 | L17: 30.18 | M17: 31.55 | N17: 468.4 | O17: 0 | P17: 1.53 | Q17: 36.54
A18: 13-03-2023 10:00 | B18: 45.4 | C18: 129.43 | D18: 103.15 | E18: 5.72 | F18: 3.18 | G18: 109.98 | H18: 50.76 | I18: 0.8 | J18: 0.89 | K18: 95.83 | L18: 33.51 | M18: 27.43 | N18: 646.3 | O18: 0 | P18: 1.47 | Q18: 36.62
A19: 13-03-2023 11:00 | B19: 33.09 | C19: 131.58 | D19: 97.89 | E19: 5.43 | F19: 36.38 | G19: 105.62 | H19: 46.25 | I19: 0.71 | J19: 0.83 | K19: 167.85 | L19: 35.74 | M19: 21.29 | N19: 778.7 | O19: 0 | P19: 1.32 | Q19: 34.68
A20: 13-03-2023 12:00 | B20: 3.18 | C20: 75.7 | D20: 43.36 | E20: Invalid | F20: 57.77 | G20: Calib. | H20: Calib. | I20: 0.55 | J20: 0.99 | K20: 132.54 | L20: 37.5 | M20: 20.2 | N20: 839.5 | O20: 0 | P20: 0.86 | Q20: Calib.
A21: 13-03-2023 13:00 | B21: 1.46 | C21: 101.96 | D21: 57.36 | E21: Invalid | F21: 58.32 | G21: 56.94 | H21: 21.24 | I21: 0.51 | J21: 1.06 | K21: 217.75 | L21: 37.15 | M21: 17.92 | N21: 830 | O21: 0 | P21: 0.94 | Q21: Calib.
A22: 13-03-2023 14:00 | B22: 4.16 | C22: 130.21 | D22: 75.19 | E22: 57.9 | F22: 62.38 | G22: 57.09 | H22: 21.58 | I22: 0.63 | J22: 0.48 | K22: 358.73 | L22: 38.17 | M22: 16.32 | N22: 699.6 | O22: 0 | P22: 0.62 | Q22: 15.74
A23: 13-03-2023 15:00 | B23: 1.05 | C23: 93.5 | D23: 52.41 | E23: 29.07 | F23: 43.04 | G23: 57.34 | H23: 26.05 | I23: 0.48 | J23: 1.08 | K23: 215.56 | L23: 37.26 | M23: 16.37 | N23: 612.3 | O23: 0 | P23: 0.88 | Q23: 15.82
A24: 13-03-2023 16:00 | B24: 2.46 | C24: 95.72 | D24: 54.74 | E24: 32.85 | F24: 66.05 | G24: 61.51 | H24: 26.05 | I24: 0.51 | J24: 0.98 | K24: 30.15 | L24: 36.72 | M24: 15.89 | N24: 436.8 | O24: 0 | P24: 0.88 | Q24: 18.94
A25: 13-03-2023 17:00 | B25: 3.11 | C25: 94.3 | D25: 54.53 | E25: 32.34 | F25: 84.36 | G25: 61.51 | H25: 26.19 | I25: 0.51 | J25: 0.8 | K25: 323.9 | L25: 34.86 | M25: 17.13 | N25: 187.3 | O25: 0 | P25: 0.8 | Q25: 14.89
A26: 13-03-2023 18:00 | B26: 1.18 | C26: 95.07 | D26: 53.07 | E26: 24.86 | F26: 73.21 | G26: 58.71 | H26: 27.15 | I26: 0.53 | J26: 0.18 | K26: 302.42 | L26: 33.26 | M26: 18.95 | N26: 94.5 | O26: 0 | P26: 1.4 | Q26: 18.67
A27: 13-03-2023 19:00 | B27: 6.72 | C27: 126.6 | D27: 75.26 | E27: 19.83 | F27: 29.31 | G27: 70.85 | H27: 28.45 | I27: 0.88 | J27: 0.17 | K27: 136.22 | L27: 30.14 | M27: 32.23 | N27: 7.4 | O27: 0 | P27: 2.22 | Q27: 16.13
A28: 13-03-2023 20:00 | B28: 42.24 | C28: 169.51 | D28: 127.42 | E28: 17.17 | F28: 3.89 | G28: 165.06 | H28: 35.71 | I28: 1.24 | J28: 0.1 | K28: 156.9 | L28: 27.34 | M28: 38.88 | N28: 5.2 | O28: 0 | P28: 3.08 | Q28: 23.24
A29: 13-03-2023 21:00 | B29: 112.74 | C29: 219.33 | D29: 211.45 | E29: 10.85 | F29: 3.91 | G29: 228.54 | H29: 54.77 | I29: 1.95 | J29: 0.27 | K29: 92.6 | L29: 25.51 | M29: 47.09 | N29: 4.8 | O29: 0 | P29: 5.07 | Q29: 26.58
A30: 13-03-2023 22:00 | B30: 152.1 | C30: 236.03 | D30: 252.23 | E30: 12.11 | F30: 3.46 | G30: 241.21 | H30: 67.01 | I30: 2.24 | J30: 0.18 | K30: 137.24 | L30: 24.64 | M30: 48.9 | N30: 4.6 | O30: 0 | P30: 6.09 | Q30: 30.3
A31: 13-03-2023 23:00 | B31: 154.26 | C31: 235.48 | D31: 253.66 | E31: 14.06 | F31: 15.23 | G31: 241.21 | H31: 67.01 | I31: 2.16 | J31: 0.13 | K31: 308.01 | L31: 24.8 | M31: 45.78 | N31: 4.9 | O31: 0 | P31: 2.94 | Q31: 37.15
A32: 13-03-2023 24:00 | B32: 149.12 | C32: 228.73 | D32: 245.82 | E32: 6.31 | F32: 4.02 | G32: 161.29 | H32: 61.7 | I32: 1.43 | J32: 0.17 | K32: 276.55 | L32: 24.11 | M32: 48.3 | N32: 4.8 | O32: 0 | P32: 2.92 | Q32: 38.71
A34: Min | B34: =MIN(B9:B32) -> 1.05 | C34: =MIN(C9:C32) -> 75.7 | D34: =MIN(D9:D32) -> 43.36 | E34: =MIN(E9:E32) -> 4.39 | F34: =MIN(F9:F32) -> 2.97 | G34: =MIN(G9:G32) -> 56.94 | H34: =MIN(H9:H32) -> 21.24 | I34: =MIN(I9:I32) -> 0.48 | ... Q34: =MIN(Q9:Q32) -> 14.89
A35: Max | B35: =MAX(B9:B32) -> 154.26 | C35: =MAX(C9:C32) -> 236.03 | D35: =MAX(D9:D32) -> 253.66 | E35: =MAX(E9:E32) -> 57.9 | F35: =MAX(F9:F32) -> 84.36 | G35: =MAX(G9:G32) -> 241.21 | H35: =MAX(H9:H32) -> 67.01 | I35: =MAX(I9:I32) -> 2.24 | ... Q35: =MAX(Q9:Q32) -> 39.09
A36: Avg | B36: =AVERAGE(B9:B32) -> 53.73 | C36: =AVERAGE(C9:C32) -> 134.25917 | D36: =AVERAGE(D9:D32) -> 116.3025 | E36: =AVERAGE(E9:E32) -> 14.100455 | F36: =AVERAGE(F9:F32) -> 23.899167 | G36: =AVERAGE(G9:G32) -> 118.50391 | H36: =AVERAGE(H9:H32) -> 42.353478 | I36: =AVERAGE(I9:I32) -> 0.97708333 | ... Q36: =AVERAGE(Q9:Q32) -> 30.142273
A37: Stdev | B37: =STDEV(B9:B32) -> 49.607893 | C37: =STDEV(C9:C32) -> 47.295083 | D37: =STDEV(D9:D32) -> 63.69864 | E37: =STDEV(E9:E32) -> 13.822167 | F37: =STDEV(F9:F32) -> 28.122784 | G37: =STDEV(G9:G32) -> 57.874955 | H37: =STDEV(H9:H32) -> 13.976091 | I37: =STDEV(I9:I32) -> 0.50483298 | ... Q37: =STDEV(Q9:Q32) -> 9.2915906
A38: Num | B38: =COUNT(B9:B32) -> 24 | C38: =COUNT(C9:C32) -> 24 | D38: =COUNT(D9:D32) -> 24 | E38: =COUNT(E9:E32) -> 22 | F38: =COUNT(F9:F32) -> 24 | G38: =COUNT(G9:G32)+1 -> 24 | H38: =COUNT(H9:H32)+1 -> 24 | I38: =COUNT(I9:I32) -> 24 | J38: =COUNT(J9:J32) -> 24 | K38: =COUNT(K9:K32) -> 24 | L38: =COUNT(L9:L32) -> 24 | M38: =COUNT(M9:M32) -> 24 | N38: =COUNT(N9:N32) -> 24 | O38: =COUNT(O9:O32) -> 24 | P38: =COUNT(P9:P32) -> 24 | Q38: =COUNT(Q9:Q32)+2 -> 24
A39: DCR | B39: =IF(B38>=22,">90%",IF(B38<=22,"<90%")) -> >90% | C39: =IF(C38>=22,">90%",IF(C38<=22,"<90%")) -> >90% | D39: =IF(D38>=22,">90%",IF(D38<=22,"<90%")) -> >90% | E39: =IF(E38>=22,">90%",IF(E38<=22,"<90%")) -> >90% | F39: =IF(F38>=22,">90%",IF(F38<=22,"<90%")) -> >90% | G39: =IF(G38>=22,">90%",IF(G38<=22,"<90%")) -> >90% | H39: =IF(H38>=22,">90%",IF(H38<=22,"<90%")) -> >90% | I39: =IF(I38>=22,">90%",IF(I38<=22,"<90%")) -> >90% | ... Q39: =IF(Q38>=22,">90%",IF(Q38<=22,"<90%")) -> >90%
A40: Status | B40: =IF(B38>=22,"OK",IF(B38<=22,"LESS")) -> OK | C40: =IF(C38>=22,"OK",IF(C38<=22,"LESS")) -> OK | D40: =IF(D38>=22,"OK",IF(D38<=22,"LESS")) -> OK | E40: =IF(E38>=22,"OK",IF(E38<=22,"LESS")) -> OK | F40: =IF(F38>=22,"OK",IF(F38<=22,"LESS")) -> OK | G40: =IF(G38>=22,"OK",IF(G38<=22,"LESS")) -> OK | H40: =IF(H38>=22,"OK",IF(H38<=22,"LESS")) -> OK | I40: =IF(I38>=22,"OK",IF(I38<=22,"LESS")) -> OK | ... Q40: =IF(Q38>=22,"OK",IF(Q38<=22,"LESS")) -> OK
A43: Done by | B43: RAHUL
A45: Comment

Sheet 14
A1: Station: | B1: BHATAGAON RAIPUR
A2: Date: | B2: =$A$9 -> 14-03-2023 01:00 | D2: Power Off | G2: Pw.Off | L2: Link Fail | N2: Link F | P2: Maintenance | R2: Maint.
A3: Report Type: | B3: Mean | D3: Calibration | G3: Calib. | L3: Data Fail | N3: Data F | P3: Invalid | R3: Invalid
A4: Time Base: | B4: 01 Hour | D4: Zero Referrence | G4: Z.Ref | L4: Warm Up | N4: Wm. Up
A7: Date & Time | B7: NO_BHATAGAON | C7: NO2_BHATAGAON | D7: NOX_BHATAGAON | E7: SO2_BHATAGAON | F7: O3_BHATAGAON | G7: PM10_BHATAGAON | H7: PM2_5_BHATAGAON | I7: BENZ_BHATAGAON | J7: WS_BHATAGAON | K7: WD_BHATAGAON | L7: TEMP_BHATAGAON | M7: HUM BHATAGAON | N7: SR_BHATAGAON | O7: RG_BHATAGAON | P7: CO_BHATAGAON | Q7: NH3_BHATAGAON
B8: ug/m3 | C8: ug/m3 | D8: ppb | E8: ug/m3 | F8: ug/m3 | G8: mg/m3 | H8: ug/m3 | I8: ug/m3 | J8: m/sec | K8: deg | L8: degreC | M8: % | N8: w/m2 | O8: mm | P8: ug/m3 | Q8: ug/m3
A9: 14-03-2023 01:00 | B9: 134.82 | C9: 221.19 | D9: 230.18 | E9: 10.28 | F9: 11.58 | G9: 148.9 | H9: 59.76 | I9: 1.39 | J9: 0.14 | K9: 272.77 | L9: 24.03 | M9: 47.66 | N9: 5 | O9: 0 | P9: 2.79 | Q9: 38.1
A10: 14-03-2023 02:00 | B10: 113.12 | C10: 208.52 | D10: 205.79 | E10: 25.16 | F10: 18.22 | G10: 117.05 | H10: 54.72 | I10: 0.95 | J10: 0.46 | K10: 353.32 | L10: 24.09 | M10: 40.74 | N10: 4.9 | O10: 0 | P10: 1.64 | Q10: 38.7
A11: 14-03-2023 03:00 | B11: 96.78 | C11: 193.3 | D11: 184.29 | E11: 19.09 | F11: 12.71 | G11: 98.85 | H11: 51.79 | I11: 1.13 | J11: 0.97 | K11: 359.69 | L11: 24.12 | M11: 39.32 | N11: 5.2 | O11: 0 | P11: 2.05 | Q11: 38.06
A12: 14-03-2023 04:00 | B12: 72.41 | C12: 179.01 | D12: 156.86 | E12: 5.18 | F12: 3.24 | G12: 98.85 | H12: 46.12 | I12: 1.16 | J12: 0.28 | K12: 337.93 | L12: 22.32 | M12: 53.34 | N12: 5.2 | O12: 0 | P12: 1.89 | Q12: 37.08
A13: 14-03-2023 05:00 | B13: 56.65 | C13: 167.97 | D13: 138.13 | E13: 5.54 | F13: 5.38 | G13: 116.64 | H13: 46.92 | I13: 1.02 | J13: 0.22 | K13: 345.31 | L13: 21.72 | M13: 54.57 | N13: 4.9 | O13: 0 | P13: 1.62 | Q13: 35.43
A14: 14-03-2023 06:00 | B14: 56.76 | C14: 168.11 | D14: 138.3 | E14: 7.09 | F14: 10.26 | G14: 116.64 | H14: 46.92 | I14: 0.87 | J14: 0.2 | K14: 68.24 | L14: 22.58 | M14: 48.3 | N14: 5.2 | O14: 0 | P14: 1.53 | Q14: 35.71
A15: 14-03-2023 07:00 | B15: 61.57 | C15: 171.03 | D15: 143.76 | E15: 4.7 | F15: 3.51 | G15: 108.45 | H15: 46.39 | I15: 0.86 | J15: 0.17 | K15: 300.59 | L15: 22.33 | M15: 52.17 | N15: 61.9 | O15: 0 | P15: 1.56 | Q15: 37.53
A16: 14-03-2023 08:00 | B16: 66.61 | C16: 177.41 | D16: 151.33 | E16: 4.3 | F16: 3.39 | G16: 142.97 | H16: 54.19 | I16: 0.86 | J16: 0.33 | K16: 209.82 | L16: 25.06 | M16: 48.01 | N16: 276.8 | O16: 0 | P16: 1.64 | Q16: 37.9
A17: 14-03-2023 09:00 | B17: 64.45 | C17: 179.06 | D17: 149.96 | E17: 7.51 | F17: 5.51 | G17: 142.97 | H17: 54.19 | I17: 0.86 | J17: 0.74 | K17: 193.81 | L17: 27.81 | M17: 45.34 | N17: 387.5 | O17: 0 | P17: 1.62 | Q17: 36.09
A18: 14-03-2023 10:00 | B18: 55.68 | C18: 177.42 | D18: 142.57 | E18: 12.75 | F18: 6.08 | G18: 141.04 | H18: 51.94 | I18: 0.84 | J18: 0.94 | K18: 125.45 | L18: 29.75 | M18: 28.66 | N18: 598.9 | O18: 0 | P18: 1.53 | Q18: 36.1
A19: 14-03-2023 11:00 | B19: 27.42 | C19: 177.62 | D19: 120.02 | E19: 23.33 | F19: 36.92 | G19: 96.64 | H19: 48.64 | I19: 0.81 | J19: 0.33 | K19: 78.46 | L19: 34.08 | M19: 22.59 | N19: 743.6 | O19: 0 | P19: 1.38 | Q19: 27.94
A20: 14-03-2023 12:00 | B20: 1.02 | C20: 109.38 | D20: 61.18 | E20: 50.79 | F20: 63.15 | G20: 85.11 | H20: 45.94 | I20: 0.61 | J20: 1.62 | K20: 129.48 | L20: 34.73 | M20: 20.41 | N20: 791.9 | O20: 0 | P20: 0.9 | Q20: 19.7
... A22: 14-03-2023 14:00 | B22: 7.45 | C22: 116.37 | D22: 70.2 | E22: 29.68 | F22: 56.68 | G22: 96.64 | H22: 33.24 | I22: 0.48 | J22: 0.42 | K22: 56.84 | L22: 38.15 | M22: 15.74 | N22: 699.4 | O22: 0 | P22: 0.89 | Q22: 17.68
A23: 14-03-2023 15:00 | B23: Pw.Off | C23: Pw.Off | D23: Pw.Off | E23: Pw.Off | F23: Pw.Off | G23: Pw.Off | H23: Pw.Off | I23: Pw.Off | J23: Pw.Off | K23: Pw.Off | L23: Pw.Off | M23: Pw.Off | N23: Pw.Off | O23: Pw.Off | P23: Pw.Off | Q23: Pw.Off
A24: 14-03-2023 16:00 | B24: 2.52 | C24: 85.7 | D24: 49.32 | E24: 17.59 | F24: 44.94 | G24: 47.3 | H24: 32.85 | I24: Wm. Up | J24: 1.3 | K24: 347.87 | L24: 37.8 | M24: 13.91 | N24: 405 | O24: 0 | P24: 0.64 | Q24: Wm. Up
A25: 14-03-2023 17:00 | B25: 1.26 | C25: 107.43 | D25: 60.28 | E25: 19.43 | F25: 64.01 | G25: 47.73 | H25: 17.92 | I25: 0.5 | J25: 0.89 | K25: 21.4 | L25: 36.35 | M25: 16.67 | N25: 227.7 | O25: 0 | P25: 0.61 | Q25: Wm. Up
A26: 14-03-2023 18:00 | B26: 4.34 | C26: 142.84 | D26: 81.92 | E26: 17.57 | F26: 51.02 | G26: 47.73 | H26: 19.03 | I26: 0.51 | J26: 0.9 | K26: 17.47 | L26: 34.02 | M26: 20.61 | N26: 62.3 | O26: 0 | P26: 1.09 | Q26: 30.63
A27: 14-03-2023 19:00 | B27: 24.27 | C27: 193.13 | D27: 126.05 | E27: 19.92 | F27: 26.78 | G27: 54.24 | H27: 23.4 | I27: 0.75 | J27: 0.49 | K27: 48.03 | L27: 31.15 | M27: 28.51 | N27: 6.6 | O27: 0 | P27: 3.81 | Q27: 32.6
A28: 14-03-2023 20:00 | B28: 63.55 | C28: 202.83 | D28: 162.9 | E28: 27.83 | F28: 2.99 | G28: 154.23 | H28: 31.43 | I28: 1.44 | J28: 0.16 | K28: 54.03 | L28: 29.04 | M28: 31.2 | N28: 5.1 | O28: 0 | P28: 4.99 | Q28: 40.93
A29: 14-03-2023 21:00 | B29: 81.96 | C29: 208.74 | D29: 180.92 | E29: 42.19 | F29: 6.81 | G29: 179.56 | H29: 40.9 | I29: 1.5 | J29: 1.66 | K29: 349.18 | L29: 28.63 | M29: 36.6 | N29: 4.9 | O29: 0 | P29: 5.65 | Q29: 45.11
A30: 14-03-2023 22:00 | B30: 77.48 | C30: 205.13 | D30: 175.34 | E30: 9.37 | F30: 9.15 | G30: 179.56 | H30: 51.66 | I30: 1.59 | J30: 2.09 | K30: 9.25 | L30: 29.13 | M30: 28.44 | N30: 5.4 | O30: 0 | P30: 2.73 | Q30: 46.31
A31: 14-03-2023 23:00 | B31: 51.38 | C31: 186.58 | D31: 144.17 | E31: 22.81 | F31: 27.53 | G31: 174.82 | H31: 51.66 | I31: 1.05 | J31: 0.84 | K31: 259.23 | L31: 28.77 | M31: 27.84 | N31: 4.7 | O31: 0 | P31: 1.88 | Q31: 47.82
A32: 14-03-2023 24:00 | B32: 37.44 | C32: 178.48 | D32: 128.52 | E32: 5.76 | F32: 4.11 | G32: 98.52 | H32: 45.84 | I32: 0.89 | J32: 0.6 | K32: 244.38 | L32: 27.54 | M32: 33.57 | N32: 5.6 | O32: 0 | P32: 1.9 | Q32: 45.9
A34: Min | B34: =MIN(B9:B32) -> 1.02 | C34: =MIN(C9:C32) -> 81.12 | D34: =MIN(D9:D32) -> 45.59 | E34: =MIN(E9:E32) -> 4.3 | F34: =MIN(F9:F32) -> 2.99 | G34: =MIN(G9:G32) -> 47.3 | H34: =MIN(H9:H32) -> 17.92 | I34: =MIN(I9:I32) -> 0.46 | ... Q34: =MIN(Q9:Q32) -> 17.59
A35: Max | B35: =MAX(B9:B32) -> 134.82 | C35: =MAX(C9:C32) -> 221.19 | D35: =MAX(D9:D32) -> 230.18 | E35: =MAX(E9:E32) -> 50.79 | F35: =MAX(F9:F32) -> 77.09 | G35: =MAX(G9:G32) -> 179.56 | H35: =MAX(H9:H32) -> 59.76 | I35: =MAX(I9:I32) -> 1.59 | ... Q35: =MAX(Q9:Q32) -> 47.82
A36: Avg | B36: =AVERAGE(B9:B32) -> 50.436087 | C36: =AVERAGE(C9:C32) -> 166.88565 | D36: =AVERAGE(D9:D32) -> 132.50348 | E36: =AVERAGE(E9:E32) -> 18.851739 | F36: =AVERAGE(F9:F32) -> 23.95913 | G36: =AVERAGE(G9:G32) -> 111.35609 | H36: =AVERAGE(H9:H32) -> 43.390435 | I36: =AVERAGE(I9:I32) -> 0.93318182 | ... Q36: =AVERAGE(Q9:Q32) -> 35.376667
A37: Stdev | B37: =STDEV(B9:B32) -> 37.667057 | C37: =STDEV(C9:C32) -> 40.265232 | D37: =STDEV(D9:D32) -> 50.366309 | E37: =STDEV(E9:E32) -> 13.450067 | F37: =STDEV(F9:F32) -> 23.853685 | G37: =STDEV(G9:G32) -> 41.891036 | H37: =STDEV(H9:H32) -> 11.67231 | I37: =STDEV(I9:I32) -> 0.33163931 | ... Q37: =STDEV(Q9:Q32) -> 8.6955307
A38: Num | B38: =COUNT(B9:B32)+1 -> 24 | C38: =COUNT(C9:C32)+1 -> 24 | D38: =COUNT(D9:D32)+1 -> 24 | E38: =COUNT(E9:E32)+1 -> 24 | F38: =COUNT(F9:F32)+1 -> 24 | G38: =COUNT(G9:G32)+1 -> 24 | H38: =COUNT(H9:H32)+1 -> 24 | I38: =COUNT(I9:I32)+2 -> 24 | J38: =COUNT(J9:J32)+1 -> 24 | K38: =COUNT(K9:K32)+1 -> 24 | L38: =COUNT(L9:L32)+1 -> 24 | M38: =COUNT(M9:M32)+1 -> 24 | N38: =COUNT(N9:N32)+1 -> 24 | O38: =COUNT(O9:O32)+1 -> 24 | P38: =COUNT(P9:P32)+1 -> 24 | Q38: =COUNT(Q9:Q32)+3 -> 24
A39: DCR | B39: =IF(B38>=22,">90%",IF(B38<=22,"<90%")) -> >90% | C39: =IF(C38>=22,">90%",IF(C38<=22,"<90%")) -> >90% | D39: =IF(D38>=22,">90%",IF(D38<=22,"<90%")) -> >90% | E39: =IF(E38>=22,">90%",IF(E38<=22,"<90%")) -> >90% | F39: =IF(F38>=22,">90%",IF(F38<=22,"<90%")) -> >90% | G39: =IF(G38>=22,">90%",IF(G38<=22,"<90%")) -> >90% | H39: =IF(H38>=22,">90%",IF(H38<=22,"<90%")) -> >90% | I39: =IF(I38>=22,">90%",IF(I38<=22,"<90%")) -> >90% | ... Q39: =IF(Q38>=22,">90%",IF(Q38<=22,"<90%")) -> >90%
A40: Status | B40: =IF(B38>=22,"OK",IF(B38<=22,"LESS")) -> OK | C40: =IF(C38>=22,"OK",IF(C38<=22,"LESS")) -> OK | D40: =IF(D38>=22,"OK",IF(D38<=22,"LESS")) -> OK | E40: =IF(E38>=22,"OK",IF(E38<=22,"LESS")) -> OK | F40: =IF(F38>=22,"OK",IF(F38<=22,"LESS")) -> OK | G40: =IF(G38>=22,"OK",IF(G38<=22,"LESS")) -> OK | H40: =IF(H38>=22,"OK",IF(H38<=22,"LESS")) -> OK | I40: =IF(I38>=22,"OK",IF(I38<=22,"LESS")) -> OK | ... Q40: =IF(Q38>=22,"OK",IF(Q38<=22,"LESS")) -> OK
A43: Done by | B43: rahul
A45: Comment

Sheet 15
A1: Station: | B1: BHATAGAON RAIPUR
A2: Date: | B2: =$A$9 -> 15-03-2023 01:00 | D2: Power Off | G2: Pw.Off | L2: Link Fail | N2: Link F | P2: Maintenance | R2: Maint.
A3: Report Type: | B3: Mean | D3: Calibration | G3: Calib. | L3: Data Fail | N3: Data F | P3: Invalid | R3: Invalid
A4: Time Base: | B4: 01 Hour | D4: Zero Referrence | G4: Z.Ref | L4: Warm Up | N4: Wm. Up
A7: Date & Time | B7: NO_BHATAGAON | C7: NO2_BHATAGAON | D7: NOX_BHATAGAON | E7: SO2_BHATAGAON | F7: O3_BHATAGAON | G7: PM10_BHATAGAON | H7: PM2_5_BHATAGAON | I7: BENZ_BHATAGAON | J7: WS_BHATAGAON | K7: WD_BHATAGAON | L7: TEMP_BHATAGAON | M7: HUM BHATAGAON | N7: SR_BHATAGAON | O7: RG_BHATAGAON | P7: CO_BHATAGAON | Q7: NH3_BHATAGAON
B8: ug/m3 | C8: ug/m3 | D8: ppb | E8: ug/m3 | F8: ug/m3 | G8: mg/m3 | H8: ug/m3 | I8: ug/m3 | J8: m/sec | K8: deg | L8: degreC | M8: % | N8: w/m2 | O8: mm | P8: ug/m3 | Q8: ug/m3
A9: 15-03-2023 01:00 | B9: 17.49 | C9: 160 | D9: 102.33 | E9: 4.59 | F9: 8.28 | G9: 98.52 | H9: 37.95 | I9: 0.81 | J9: 0.28 | K9: 44.71 | L9: 26.73 | M9: 32.93 | N9: 4.7 | O9: 0 | P9: 1.4 | Q9: 42.75
A10: 15-03-2023 02:00 | B10: 7.8 | C10: 150.42 | D10: 89.27 | E10: 7.47 | F10: 15.52 | G10: 43.47 | H10: 28.83 | I10: 0.65 | J10: 0.32 | K10: 359.87 | L10: 26.28 | M10: 34.99 | N10: 4.8 | O10: 0 | P10: 1.14 | Q10: 44.35
A11: 15-03-2023 03:00 | B11: 6.39 | C11: 148.79 | D11: 87.17 | E11: 5.81 | F11: 7.17 | G11: 43.47 | H11: 20.34 | I11: 0.65 | J11: 0.34 | K11: 352.54 | L11: 25.33 | M11: 37.05 | N11: 4.7 | O11: 0 | P11: 1.06 | Q11: 46.55
A12: 15-03-2023 04:00 | B12: 5.26 | C12: 144.7 | D12: 84.07 | E12: 4.33 | F12: 10.09 | G12: 44.12 | H12: 20.34 | I12: 0.62 | J12: 0.45 | K12: 339.34 | L12: 25.12 | M12: 39.6 | N12: 5 | O12: 0 | P12: 1.03 | Q12: 46.47
A13: 15-03-2023 05:00 | B13: 6.36 | C13: 147.5 | D13: 86.5 | E13: 15.32 | F13: 9.9 | G13: 45.8 | H13: 19.08 | I13: 0.57 | J13: 0.73 | K13: 337.42 | L13: 25.12 | M13: 39.87 | N13: 5 | O13: 0 | P13: 0.97 | Q13: 48.08
A14: 15-03-2023 06:00 | B14: 10.22 | C14: 151.48 | D14: 91.79 | E14: 14.96 | F14: 6.56 | G14: 68.33 | H14: 24.48 | I14: 0.57 | J14: 0.72 | K14: 195.05 | L14: 25.08 | M14: 43.69 | N14: 5.3 | O14: 0 | P14: 0.98 | Q14: 51.45
A15: 15-03-2023 07:00 | B15: 11.68 | C15: 153.09 | D15: 93.85 | E15: 5.83 | F15: 3.04 | G15: 77.95 | H15: 25.36 | I15: 0.6 | J15: 0.54 | K15: 191.74 | L15: 24.2 | M15: 45.42 | N15: 65.1 | O15: 0 | P15: 1.01 | Q15: 51.51
A16: 15-03-2023 08:00 | B16: 16.08 | C16: 161.25 | D16: 101.89 | E16: 5.4 | F16: 8.35 | G16: 80.17 | H16: 25.84 | I16: 0.58 | J16: 0.61 | K16: 162.66 | L16: 27.58 | M16: 42.18 | N16: 253.5 | O16: 0 | P16: 1.09 | Q16: 50.68
A17: 15-03-2023 09:00 | B17: 16.23 | C17: 162.81 | D17: 102.46 | E17: 5.27 | F17: 6.82 | G17: 80.17 | H17: 25.84 | I17: 0.6 | J17: 0.73 | K17: 181.26 | L17: 29.43 | M17: 36.32 | N17: 466.6 | O17: 0 | P17: 1.03 | Q17: 51.56
A18: 15-03-2023 10:00 | B18: 14.11 | C18: 167.5 | D18: 102.18 | E18: 4.93 | F18: 5.92 | G18: 73.24 | H18: 27.84 | I18: 0.65 | J18: 1.08 | K18: 358.25 | L18: 36.82 | M18: 27.41 | N18: 646.9 | O18: 0 | P18: 1.05 | Q18: 52.1
A19: 15-03-2023 11:00 | B19: 4.84 | C19: 138.55 | D19: 80.34 | E19: 22.07 | F19: 85.09 | G19: 58.46 | H19: 27.84 | I19: 0.62 | J19: 0.62 | K19: 106.02 | L19: 35.2 | M19: 21.77 | N19: 752.5 | O19: 0 | P19: 1.29 | Q19: 41.79
A20: 15-03-2023 12:00 | B20: 3.29 | C20: 88.86 | D20: 77.72 | E20: 21.02 | F20: 84.84 | G20: 63.98 | H20: 27.41 | I20: 0.5 | J20: 0.56 | K20: 353.7 | L20: 35.47 | M20: 18.73 | N20: 805.6 | O20: 0 | P20: 0.96 | Q20: 22.28
... A32: 15-03-2023 24:00 | B32: 69.14 | C32: 81.07 | D32: 101.87 | E32: 4.59 | F32: 9.7 | G32: 146.07 | H32: 48.29 | I32: 0.83 | J32: 0.4 | K32: 254.83 | L32: 23.69 | M32: 43.19 | N32: 5.3 | O32: 0 | P32: 2 | Q32: 34.04
A34: Min | B34: =MIN(B9:B32) -> 2.94 | C34: =MIN(C9:C32) -> 49.01 | D34: =MIN(D9:D32) -> 31.79 | E34: =MIN(E9:E32) -> 4.33 | F34: =MIN(F9:F32) -> 2.11 | G34: =MIN(G9:G32) -> 43.36 | H34: =MIN(H9:H32) -> 19.08 | I34: =MIN(I9:I32) -> 0.5 | ... Q34: =MIN(Q9:Q32) -> 22.28
A35: Max | B35: =MAX(B9:B32) -> 117.1 | C35: =MAX(C9:C32) -> 167.5 | D35: =MAX(D9:D32) -> 161.46 | E35: =MAX(E9:E32) -> 22.07 | F35: =MAX(F9:F32) -> 85.09 | G35: =MAX(G9:G32) -> 168.77 | H35: =MAX(H9:H32) -> 48.29 | I35: =MAX(I9:I32) -> 1.15 | ... Q35: =MAX(Q9:Q32) -> 52.1
A36: Avg | B36: =AVERAGE(B9:B32) -> 20.905833 | C36: =AVERAGE(C9:C32) -> 115.67792 | D36: =AVERAGE(D9:D32) -> 84.873333 | E36: =AVERAGE(E9:E32) -> 8.6870833 | F36: =AVERAGE(F9:F32) -> 21.56 | G36: =AVERAGE(G9:G32) -> 79.092083 | H36: =AVERAGE(H9:H32) -> 28.9675 | I36: =AVERAGE(I9:I32) -> 0.66583333 | ... Q36: =AVERAGE(Q9:Q32) -> 36.340833
A37: Stdev | B37: =STDEV(B9:B32) -> 27.382472 | C37: =STDEV(C9:C32) -> 39.27333 | D37: =STDEV(D9:D32) -> 27.750434 | E37: =STDEV(E9:E32) -> 5.0501171 | F37: =STDEV(F9:F32) -> 23.632322 | G37: =STDEV(G9:G32) -> 40.750095 | H37: =STDEV(H9:H32) -> 8.7916731 | I37: =STDEV(I9:I32) -> 0.17138608 | ... Q37: =STDEV(Q9:Q32) -> 11.596447
A38: Num | B38: =COUNT(B9:B32) -> 24 | C38: =COUNT(C9:C32) -> 24 | D38: =COUNT(D9:D32) -> 24 | E38: =COUNT(E9:E32) -> 24 | F38: =COUNT(F9:F32) -> 24 | G38: =COUNT(G9:G32) -> 24 | H38: =COUNT(H9:H32) -> 24 | I38: =COUNT(I9:I32) -> 24 | ... Q38: =COUNT(Q9:Q32) -> 24
A39: DCR | B39: =IF(B38>=22,">90%",IF(B38<=22,"<90%")) -> >90% | C39: =IF(C38>=22,">90%",IF(C38<=22,"<90%")) -> >90% | D39: =IF(D38>=22,">90%",IF(D38<=22,"<90%")) -> >90% | E39: =IF(E38>=22,">90%",IF(E38<=22,"<90%")) -> >90% | F39: =IF(F38>=22,">90%",IF(F38<=22,"<90%")) -> >90% | G39: =IF(G38>=22,">90%",IF(G38<=22,"<90%")) -> >90% | H39: =IF(H38>=22,">90%",IF(H38<=22,"<90%")) -> >90% | I39: =IF(I38>=22,">90%",IF(I38<=22,"<90%")) -> >90% | ... Q39: =IF(Q38>=22,">90%",IF(Q38<=22,"<90%")) -> >90%
A40: Status | B40: =IF(B38>=22,"OK",IF(B38<=22,"LESS")) -> OK | C40: =IF(C38>=22,"OK",IF(C38<=22,"LESS")) -> OK | D40: =IF(D38>=22,"OK",IF(D38<=22,"LESS")) -> OK | E40: =IF(E38>=22,"OK",IF(E38<=22,"LESS")) -> OK | F40: =IF(F38>=22,"OK",IF(F38<=22,"LESS")) -> OK | G40: =IF(G38>=22,"OK",IF(G38<=22,"LESS")) -> OK | H40: =IF(H38>=22,"OK",IF(H38<=22,"LESS")) -> OK | I40: =IF(I38>=22,"OK",IF(I38<=22,"LESS")) -> OK | ... Q40: =IF(Q38>=22,"OK",IF(Q38<=22,"LESS")) -> OK
A43: Done by | B43: RAHUL
A45: Comment

Sheet 16
A1: Station: | B1: BHATAGAON RAIPUR
A2: Date: | B2: =$A$9 -> 16-03-2023 01:00 | D2: Power Off | G2: Pw.Off | L2: Link Fail | N2: Link F | P2: Maintenance | R2: Maint.
A3: Report Type: | B3: Mean | D3: Calibration | G3: Calib. | L3: Data Fail | N3: Data F | P3: Invalid | R3: Invalid
A4: Time Base: | B4: 01 Hour | D4: Zero Referrence | G4: Z.Ref | L4: Warm Up | N4: Wm. Up
A7: Date & Time | B7: NO_BHATAGAON | C7: NO2_BHATAGAON | D7: NOX_BHATAGAON | E7: SO2_BHATAGAON | F7: O3_BHATAGAON | G7: PM10_BHATAGAON | H7: PM2_5_BHATAGAON | I7: BENZ_BHATAGAON | J7: WS_BHATAGAON | K7: WD_BHATAGAON | L7: TEMP_BHATAGAON | M7: HUM BHATAGAON | N7: SR_BHATAGAON | O7: RG_BHATAGAON | P7: CO_BHATAGAON | Q7: NH3_BHATAGAON
B8: ug/m3 | C8: ug/m3 | D8: ppb | E8: ug/m3 | F8: ug/m3 | G8: mg/m3 | H8: ug/m3 | I8: ug/m3 | J8: m/sec | K8: deg | L8: degreC | M8: % | N8: w/m2 | O8: mm | P8: ug/m3 | Q8: ug/m3
A9: 16-03-2023 01:00 | B9: 55.7 | C9: 78.15 | D9: 88.92 | E9: 3.52 | F9: 2.35 | G9: 58.95 | H9: 41.35 | I9: Maint. | J9: 0.25 | K9: 326.32 | L9: 23.16 | M9: 40.21 | N9: 4.8 | O9: 0 | P9: 1.86 | Q9: 34.51
A10: 16-03-2023 02:00 | B10: 30.71 | C10: 77.35 | D10: 69.06 | E10: 3.64 | F10: 2.68 | G10: 55.37 | H10: 32.18 | I10: Maint. | J10: 0.31 | K10: 37.22 | L10: 22.75 | M10: 41.13 | N10: 4.6 | O10: 0 | P10: 1.44 | Q10: 30.87
A11: 16-03-2023 03:00 | B11: 18.34 | C11: 73.75 | D11: 57.15 | E11: 3.98 | F11: 2.71 | G11: 72.67 | H11: 32.57 | I11: Maint. | J11: 0.76 | K11: 351.87 | L11: 22.4 | M11: 42.09 | N11: 4.3 | O11: 0 | P11: 1.38 | Q11: 25.97
A12: 16-03-2023 04:00 | B12: 8.61 | C12: 69.83 | D12: 47.19 | E12: 3.72 | F12: 3.52 | G12: 72.67 | H12: 32.57 | I12: Maint. | J12: 1.11 | K12: 353.02 | L12: 21.86 | M12: 44.33 | N12: 4.7 | O12: 0 | P12: 1.17 | Q12: 26.6
A13: 16-03-2023 05:00 | B13: 5.32 | C13: 63.38 | D13: 39.57 | E13: 3.74 | F13: 5.34 | G13: 111.8 | H13: 29.56 | I13: Maint. | J13: 0.83 | K13: 355.52 | L13: 21.36 | M13: 44.5 | N13: 4.8 | O13: 0 | P13: 0.96 | Q13: 26.41
A14: 16-03-2023 06:00 | B14: 8.65 | C14: 62.56 | D14: 42.91 | E14: 12.96 | F14: 6.91 | G14: 111.8 | H14: 26.28 | I14: Maint. | J14: 0.4 | K14: 352.22 | L14: 21.31 | M14: 45.3 | N14: 5.2 | O14: 0 | P14: 0.92 | Q14: 24.7
A15: 16-03-2023 07:00 | B15: 13.94 | C15: 67.83 | D15: 50.35 | E15: 12.07 | F15: 3.4 | G15: 89.69 | H15: 27.97 | I15: Maint. | J15: 0.95 | K15: 246.9 | L15: 21.48 | M15: 49.6 | N15: 33.7 | O15: 0 | P15: 0.93 | Q15: 27.98
A16: 16-03-2023 08:00 | B16: 10.26 | C16: 63.99 | D16: 44.93 | E16: 3.19 | F16: 1.79 | G16: 89.69 | H16: 29.71 | I16: Maint. | J16: 0.33 | K16: 240.22 | L16: 21.13 | M16: 52.65 | N16: 114.3 | O16: 0 | P16: 0.93 | Q16: 28.39
A17: 16-03-2023 09:00 | B17: 13.38 | C17: 66.85 | D17: 49.36 | E17: 4.25 | F17: 3.24 | G17: 182.06 | H17: 30.78 | I17: Maint. | J17: 0.19 | K17: 327.66 | L17: 22.32 | M17: 51.13 | N17: 96.7 | O17: 0 | P17: 1.05 | Q17: 28.27
A18: 16-03-2023 10:00 | B18: 20 | C18: 68.91 | D18: 55.81 | E18: 5.73 | F18: 4.3 | G18: 182.06 | H18: 33.79 | I18: Maint. | J18: 0.58 | K18: 20.24 | L18: 23.64 | M18: 50.21 | N18: 98.8 | O18: 0 | P18: 1.16 | Q18: 26.53
A19: 16-03-2023 11:00 | B19: 20.32 | C19: 77 | D19: 56.91 | E19: 5.37 | F19: 5.78 | G19: 155.69 | H19: 35.19 | I19: Maint. | J19: 1.11 | K19: 17.95 | L19: 24.23 | M19: 45.51 | N19: 243.8 | O19: 0 | P19: 1.2 | Q19: 29.54
A20: 16-03-2023 12:00 | B20: 9.55 | C20: 89.52 | D20: 58.8 | E20: 15.63 | F20: 39.45 | G20: 155.69 | H20: 35.19 | I20: 0.56 | J20: 1.07 | K20: 352.63 | L20: 25.02 | M20: 39.58 | N20: 269.9 | O20: 0 | P20: 1.12 | Q20: 28.04
A21: 16-03-2023 13:00 | B21: 3.72 | C21: 80.02 | D21: 48.74 | E21: 4.75 | F21: 8.48 | G21: 82.15 | H21: 31.39 | I21: 0.48 | J21: 2.12 | K21: 356.94 | L21: 27.13 | M21: 37.61 | N21: 322.2 | O21: 0 | P21: 0.98 | Q21: 19.49
A22: 16-03-2023 14:00 | B22: 4.46 | C22: 65.61 | D22: 41.19 | E22: 3.31 | F22: 5.84 | G22: 79.91 | H22: 29.79 | I22: 0.49 | J22: 1.24 | K22: 355.8 | L22: 27.94 | M22: 33.78 | N22: 388.2 | O22: 0 | P22: 0.84 | Q22: 20.54
A23: 16-03-2023 15:00 | B23: 4.71 | C23: 60.88 | D23: 38.98 | E23: 2.93 | F23: 6.11 | G23: 62.18 | H23: 27.63 | I23: 0.51 | J23: 0.63 | K23: 357.89 | L23: 26.42 | M23: 36.45 | N23: 302.5 | O23: 0 | P23: 0.84 | Q23: 22.06
A24: 16-03-2023 16:00 | B24: 3.85 | C24: 57.4 | D24: 36.5 | E24: 6.35 | F24: 11.37 | G24: 62.18 | H24: 26.29 | I24: 0.53 | J24: 0.79 | K24: 314.43 | L24: 27.06 | M24: 36.87 | N24: 327.1 | O24: 0 | P24: 0.87 | Q24: 21.69
A25: 16-03-2023 17:00 | B25: 3.68 | C25: 56.9 | D25: 36.1 | E25: 4.99 | F25: 10.82 | G25: 46.96 | H25: 23.81 | I25: 0.53 | J25: 1.2 | K25: 195.04 | L25: 26.35 | M25: 39.88 | N25: 172.5 | O25: 0 | P25: 0.85 | Q25: 22.24
A26: 16-03-2023 18:00 | B26: 7.05 | C26: 83.41 | D26: 53.43 | E26: 4.75 | F26: 15.69 | G26: 46.96 | H26: 23.81 | I26: 0.53 | J26: 0.47 | K26: 359.35 | L26: 26.14 | M26: 34.87 | N26: 61.7 | O26: 0 | P26: 0.94 | Q26: 25.15
A27: 16-03-2023 19:00 | B27: 6.62 | C27: 84.66 | D27: 53.77 | E27: 4.08 | F27: 7.84 | G27: 53.7 | H27: 23.12 | I27: 0.55 | J27: 0.64 | K27: 247.15 | L27: 25.03 | M27: 40.57 | N27: 6.8 | O27: 0 | P27: 0.92 | Q27: 23.74
A28: 16-03-2023 20:00 | B28: 7.08 | C28: 80.01 | D28: 51.42 | E28: 4.17 | F28: 6.07 | G28: 63.31 | H28: 24.76 | I28: 0.56 | J28: 0.92 | K28: 285.23 | L28: 23.38 | M28: 47.08 | N28: 5.3 | O28: 0 | P28: 1.05 | Q28: 23.36
A29: 16-03-2023 21:00 | B29: 7.55 | C29: 74.88 | D29: 49.12 | E29: 3.37 | F29: 4.73 | G29: 78.02 | H29: 26.5 | I29: 0.6 | J29: 0.97 | K29: 222.23 | L29: 22.9 | M29: 48.65 | N29: 5 | O29: 0 | P29: 1.04 | Q29: 23.71
A30: 16-03-2023 22:00 | B30: 6.59 | C30: 67.57 | D30: 44.31 | E30: 2.18 | F30: 3.16 | G30: 78.02 | H30: 26.5 | I30: 0.61 | J30: 1.19 | K30: 231.79 | L30: 21.96 | M30: 52.08 | N30: 4.8 | O30: 0 | P30: 1.03 | Q30: 25.3
A31: 16-03-2023 23:00 | B31: 5.19 | C31: 62.55 | D31: 40.42 | E31: 2.27 | F31: 3.34 | G31: 62.93 | H31: 25.46 | I31: 0.62 | J31: 0.95 | K31: 211.46 | L31: 21.27 | M31: 53.52 | N31: 4.9 | O31: 0 | P31: 0.98 | Q31: 24.71
A32: 16-03-2023 24:00 | B32: 5.42 | C32: 59.23 | D32: 38.65 | E32: 2.36 | F32: 3.53 | G32: 62.93 | H32: 25.46 | I32: 0.59 | J32: 0.85 | K32: 203.31 | L32: 21.33 | M32: 53.45 | N32: 5 | O32: 0 | P32: 0.93 | Q32: 23.6
A34: Min | B34: =MIN(B9:B32) -> 3.68 | C34: =MIN(C9:C32) -> 56.9 | D34: =MIN(D9:D32) -> 36.1 | E34: =MIN(E9:E32) -> 2.18 | F34: =MIN(F9:F32) -> 1.79 | G34: =MIN(G9:G32) -> 46.96 | H34: =MIN(H9:H32) -> 23.12 | I34: =MIN(I9:I32) -> 0.48 | ... Q34: =MIN(Q9:Q32) -> 19.49
A35: Max | B35: =MAX(B9:B32) -> 55.7 | C35: =MAX(C9:C32) -> 89.52 | D35: =MAX(D9:D32) -> 88.92 | E35: =MAX(E9:E32) -> 15.63 | F35: =MAX(F9:F32) -> 39.45 | G35: =MAX(G9:G32) -> 182.06 | H35: =MAX(H9:H32) -> 41.35 | I35: =MAX(I9:I32) -> 0.62 | ... Q35: =MAX(Q9:Q32) -> 34.51
A36: Avg | B36: =AVERAGE(B9:B32) -> 11.695833 | C36: =AVERAGE(C9:C32) -> 70.51 | D36: =AVERAGE(D9:D32) -> 49.732917 | E36: =AVERAGE(E9:E32) -> 5.1379167 | F36: =AVERAGE(F9:F32) -> 7.01875 | G36: =AVERAGE(G9:G32) -> 88.224583 | H36: =AVERAGE(H9:H32) -> 29.235833 | I36: =AVERAGE(I9:I32) -> 0.55076923 | ... Q36: =AVERAGE(Q9:Q32) -> 25.558333
A37: Stdev | B37: =STDEV(B9:B32) -> 11.503463 | C37: =STDEV(C9:C32) -> 9.1813076 | D37: =STDEV(D9:D32) -> 11.679485 | E37: =STDEV(E9:E32) -> 3.453778 | F37: =STDEV(F9:F32) -> 7.6613549 | G37: =STDEV(G9:G32) -> 40.870066 | H37: =STDEV(H9:H32) -> 4.4641382 | I37: =STDEV(I9:I32) -> 0.04480728 | ... Q37: =STDEV(Q9:Q32) -> 3.4377744
A38: Num | B38: =COUNT(B9:B32) -> 24 | C38: =COUNT(C9:C32) -> 24 | D38: =COUNT(D9:D32) -> 24 | E38: =COUNT(E9:E32) -> 24 | F38: =COUNT(F9:F32) -> 24 | G38: =COUNT(G9:G32) -> 24 | H38: =COUNT(H9:H32) -> 24 | I38: =COUNT(I9:I32)+11 -> 24 | J38: =COUNT(J9:J32) -> 24 | K38: =COUNT(K9:K32) -> 24 | L38: =COUNT(L9:L32) -> 24 | M38: =COUNT(M9:M32) -> 24 | N38: =COUNT(N9:N32) -> 24 | O38: =COUNT(O9:O32) -> 24 | P38: =COUNT(P9:P32) -> 24 | Q38: =COUNT(Q9:Q32) -> 24
A39: DCR | B39: =IF(B38>=22,">90%",IF(B38<=22,"<90%")) -> >90% | C39: =IF(C38>=22,">90%",IF(C38<=22,"<90%")) -> >90% | D39: =IF(D38>=22,">90%",IF(D38<=22,"<90%")) -> >90% | E39: =IF(E38>=22,">90%",IF(E38<=22,"<90%")) -> >90% | F39: =IF(F38>=22,">90%",IF(F38<=22,"<90%")) -> >90% | G39: =IF(G38>=22,">90%",IF(G38<=22,"<90%")) -> >90% | H39: =IF(H38>=22,">90%",IF(H38<=22,"<90%")) -> >90% | I39: =IF(I38>=22,">90%",IF(I38<=22,"<90%")) -> >90% | ... Q39: =IF(Q38>=22,">90%",IF(Q38<=22,"<90%")) -> >90%
A40: Status | B40: =IF(B38>=22,"OK",IF(B38<=22,"LESS")) -> OK | C40: =IF(C38>=22,"OK",IF(C38<=22,"LESS")) -> OK | D40: =IF(D38>=22,"OK",IF(D38<=22,"LESS")) -> OK | E40: =IF(E38>=22,"OK",IF(E38<=22,"LESS")) -> OK | F40: =IF(F38>=22,"OK",IF(F38<=22,"LESS")) -> OK | G40: =IF(G38>=22,"OK",IF(G38<=22,"LESS")) -> OK | H40: =IF(H38>=22,"OK",IF(H38<=22,"LESS")) -> OK | I40: =IF(I38>=22,"OK",IF(I38<=22,"LESS")) -> OK | ... Q40: =IF(Q38>=22,"OK",IF(Q38<=22,"LESS")) -> OK
A43: Done by | B43: RAHUL
A45: Comment

Sheet 17
A1: Station: | B1: BHATAGAON RAIPUR
A2: Date: | B2: =$A$9 -> 17-03-2023 01:00 | D2: Power Off | G2: Pw.Off | L2: Link Fail | N2: Link F | P2: Maintenance | R2: Maint.
A3: Report Type: | B3: Mean | D3: Calibration | G3: Calib. | L3: Data Fail | N3: Data F | P3: Invalid | R3: Invalid
A4: Time Base: | B4: 01 Hour | D4: Zero Referrence | G4: Z.Ref | L4: Warm Up | N4: Wm. Up
A7: Date & Time | B7: NO_BHATAGAON | C7: NO2_BHATAGAON | D7: NOX_BHATAGAON | E7: SO2_BHATAGAON | F7: O3_BHATAGAON | G7: PM10_BHATAGAON | H7: PM2_5_BHATAGAON | I7: BENZ_BHATAGAON | J7: WS_BHATAGAON | K7: WD_BHATAGAON | L7: TEMP_BHATAGAON | M7: HUM BHATAGAON | N7: SR_BHATAGAON | O7: RG_BHATAGAON | P7: CO_BHATAGAON | Q7: NH3_BHATAGAON
B8: ug/m3 | C8: ug/m3 | D8: ppb | E8: ug/m3 | F8: ug/m3 | G8: mg/m3 | H8: ug/m3 | I8: ug/m3 | J8: m/sec | K8: deg | L8: degreC | M8: % | N8: w/m2 | O8: mm | P8: ug/m3 | Q8: ug/m3
A9: 17-03-2023 01:00 | B9: 5.64 | C9: 56.22 | D9: 37.05 | E9: 2.74 | F9: 4.02 | G9: 43.25 | H9: 24.71 | I9: 0.57 | J9: 0.37 | K9: 246.49 | L9: 20.86 | M9: 55.23 | N9: 5.2 | O9: 0 | P9: 0.89 | Q9: 25.07
A10: 17-03-2023 02:00 | B10: 5.41 | C10: 53.21 | D10: 35.44 | E10: 2.11 | F10: 2.27 | G10: 34.54 | H10: 22.68 | I10: 0.59 | J10: 0.37 | K10: 313.7 | L10: 20 | M10: 58.64 | N10: 4.8 | O10: 0 | P10: 0.82 | Q10: 24.95
A11: 17-03-2023 03:00 | B11: 5.7 | C11: 51.53 | D11: 34.75 | E11: 2.5 | F11: 4.99 | G11: 42.91 | H11: 22.68 | I11: 0.56 | J11: 0.25 | K11: 342.18 | L11: 19.56 | M11: 64.71 | N11: 5.1 | O11: 0 | P11: 0.81 | Q11: 24.28
A12: 17-03-2023 04:00 | B12: 6.51 | C12: 51.86 | D12: 35.41 | E12: 2.59 | F12: 3.9 | G12: 45.98 | H12: 22.81 | I12: 0.56 | J12: 0.18 | K12: 311.56 | L12: 19.43 | M12: 63.45 | N12: 4.9 | O12: 0 | P12: 0.8 | Q12: 24.4
A13: 17-03-2023 05:00 | B13: 6.63 | C13: 51.7 | D13: 35.6 | E13: 2.79 | F13: 3.74 | G13: 45.98 | H13: 22.81 | I13: 0.57 | J13: 0.48 | K13: 257.89 | L13: 19.81 | M13: 59.41 | N13: 4.7 | O13: 0 | P13: 0.77 | Q13: 26.55
A14: 17-03-2023 06:00 | B14: 5.81 | C14: 52.17 | D14: 34.99 | E14: 2.52 | F14: 1.98 | G14: 58.62 | H14: 21.64 | I14: 0.57 | J14: 0.93 | K14: 230.43 | L14: 19.76 | M14: 60.49 | N14: 5.1 | O14: 0 | P14: 0.74 | Q14: 26.13
A15: 17-03-2023 07:00 | B15: 8.75 | C15: 55.92 | D15: 39.62 | E15: 2.78 | F15: 3.89 | G15: 58.62 | H15: 20.24 | I15: 0.56 | J15: 0.22 | K15: 250.36 | L15: 19.39 | M15: 63.47 | N15: 27.1 | O15: 0 | P15: 0.75 | Q15: 24.27
A16: 17-03-2023 08:00 | B16: 9.76 | C16: 57.48 | D16: 41.29 | E16: 3.2 | F16: 1.75 | G16: 62.09 | H16: 22.3 | I16: 0.57 | J16: 0.65 | K16: 264.29 | L16: 19.93 | M16: 64.88 | N16: 65.2 | O16: 0 | P16: 0.8 | Q16: 26.88
A17: 17-03-2023 09:00 | B17: 11.05 | C17: 60.35 | D17: 43.42 | E17: 2.38 | F17: 1.76 | G17: 62.09 | H17: 24.99 | I17: 0.58 | J17: 0.51 | K17: 305.53 | L17: 21.45 | M17: 62.42 | N17: 142.6 | O17: 0 | P17: 0.88 | Q17: 26.94
A18: 17-03-2023 10:00 | B18: 9.67 | C18: 62.05 | D18: 42.95 | E18: 2.86 | F18: 2.5 | G18: 61.67 | H18: 25.24 | I18: 0.58 | J18: 0.64 | K18: 287.78 | L18: 24.62 | M18: 57.97 | N18: 658.4 | O18: 0 | P18: 0.92 | Q18: 26.08
A19: 17-03-2023 11:00 | B19: 7.28 | C19: 68.45 | D19: 43.62 | E19: 3.66 | F19: 3.33 | G19: 63.9 | H19: 26.62 | I19: 0.57 | J19: 0.36 | K19: 286.73 | L19: 27.88 | M19: 40.92 | N19: 762.8 | O19: 0 | P19: 1.15 | Q19: 24.06
A20: 17-03-2023 12:00 | B20: 4.7 | C20: 68.95 | D20: 43.56 | E20: 3.62 | F20: 6.45 | G20: 63.9 | H20: 26.62 | I20: 0.56 | J20: 0.83 | K20: 311.02 | L20: 28.65 | M20: 35.03 | N20: 806.5 | O20: 0 | P20: 1.13 | Q20: 24.68
... A32: 17-03-2023 24:00 | B32: 5.6 | C32: 56.42 | D32: 37.36 | E32: 2.18 | F32: 2.24 | G32: 50.49 | H32: 24.07 | I32: 0.57 | J32: 1.45 | K32: 240.86 | L32: 21.18 | M32: 55 | N32: 4.9 | O32: 0 | P32: 0.77 | Q32: 24.47
A34: Min | B34: =MIN(B9:B32) -> 2.86 | C34: =MIN(C9:C32) -> 48.96 | D34: =MIN(D9:D32) -> 31.17 | E34: =MIN(E9:E32) -> 2.11 | F34: =MIN(F9:F32) -> 1.75 | G34: =MIN(G9:G32) -> 34.54 | H34: =MIN(H9:H32) -> 18.49 | I34: =MIN(I9:I32) -> 0.52 | ... Q34: =MIN(Q9:Q32) -> 20.3
A35: Max | B35: =MAX(B9:B32) -> 11.05 | C35: =MAX(C9:C32) -> 68.95 | D35: =MAX(D9:D32) -> 43.78 | E35: =MAX(E9:E32) -> 3.66 | F35: =MAX(F9:F32) -> 13.15 | G35: =MAX(G9:G32) -> 63.9 | H35: =MAX(H9:H32) -> 26.62 | I35: =MAX(I9:I32) -> 0.6 | ... Q35: =MAX(Q9:Q32) -> 26.94
A36: Avg | B36: =AVERAGE(B9:B32) -> 5.8929167 | C36: =AVERAGE(C9:C32) -> 57.054167 | D36: =AVERAGE(D9:D32) -> 37.775 | E36: =AVERAGE(E9:E32) -> 2.7629167 | F36: =AVERAGE(F9:F32) -> 5.5145833 | G36: =AVERAGE(G9:G32) -> 49.898333 | H36: =AVERAGE(H9:H32) -> 22.394167 | I36: =AVERAGE(I9:I32) -> 0.5575 | ... Q36: =AVERAGE(Q9:Q32) -> 24.41125
A37: Stdev | B37: =STDEV(B9:B32) -> 2.2909946 | C37: =STDEV(C9:C32) -> 5.8318525 | D37: =STDEV(D9:D32) -> 4.0895264 | E37: =STDEV(E9:E32) -> 0.41463949 | F37: =STDEV(F9:F32) -> 3.232849 | G37: =STDEV(G9:G32) -> 9.2247826 | H37: =STDEV(H9:H32) -> 2.4873942 | I37: =STDEV(I9:I32) -> 0.021110475 | ... Q37: =STDEV(Q9:Q32) -> 1.5543244
A38: Num | B38: =COUNT(B9:B32) -> 24 | C38: =COUNT(C9:C32) -> 24 | D38: =COUNT(D9:D32) -> 24 | E38: =COUNT(E9:E32) -> 24 | F38: =COUNT(F9:F32) -> 24 | G38: =COUNT(G9:G32) -> 24 | H38: =COUNT(H9:H32) -> 24 | I38: =COUNT(I9:I32) -> 24 | ... Q38: =COUNT(Q9:Q32) -> 24
A39: DCR | B39: =IF(B38>=22,">90%",IF(B38<=22,"<90%")) -> >90% | C39: =IF(C38>=22,">90%",IF(C38<=22,"<90%")) -> >90% | D39: =IF(D38>=22,">90%",IF(D38<=22,"<90%")) -> >90% | E39: =IF(E38>=22,">90%",IF(E38<=22,"<90%")) -> >90% | F39: =IF(F38>=22,">90%",IF(F38<=22,"<90%")) -> >90% | G39: =IF(G38>=22,">90%",IF(G38<=22,"<90%")) -> >90% | H39: =IF(H38>=22,">90%",IF(H38<=22,"<90%")) -> >90% | I39: =IF(I38>=22,">90%",IF(I38<=22,"<90%")) -> >90% | ... Q39: =IF(Q38>=22,">90%",IF(Q38<=22,"<90%")) -> >90%
A40: Status | B40: =IF(B38>=22,"OK",IF(B38<=22,"LESS")) -> OK | C40: =IF(C38>=22,"OK",IF(C38<=22,"LESS")) -> OK | D40: =IF(D38>=22,"OK",IF(D38<=22,"LESS")) -> OK | E40: =IF(E38>=22,"OK",IF(E38<=22,"LESS")) -> OK | F40: =IF(F38>=22,"OK",IF(F38<=22,"LESS")) -> OK | G40: =IF(G38>=22,"OK",IF(G38<=22,"LESS")) -> OK | H40: =IF(H38>=22,"OK",IF(H38<=22,"LESS")) -> OK | I40: =IF(I38>=22,"OK",IF(I38<=22,"LESS")) -> OK | ... Q40: =IF(Q38>=22,"OK",IF(Q38<=22,"LESS")) -> OK
A43: Done by | B43: RAHUL
A45: Comment

Sheet 18
A1: Station: | B1: BHATAGAON RAIPUR
A2: Date: | B2: =$A$9 -> 18-03-2023 01:00 | D2: Power Off | G2: Pw.Off | L2: Link Fail | N2: Link F | P2: Maintenance | R2: Maint.
A3: Report Type: | B3: Mean | D3: Calibration | G3: Calib. | L3: Data Fail | N3: Data F | P3: Invalid | R3: Invalid
A4: Time Base: | B4: 01 Hour | D4: Zero Referrence | G4: Z.Ref | L4: Warm Up | N4: Wm. Up
A7: Date & Time | B7: NO_BHATAGAON | C7: NO2_BHATAGAON | D7: NOX_BHATAGAON | E7: SO2_BHATAGAON | F7: O3_BHATAGAON | G7: PM10_BHATAGAON | H7: PM2_5_BHATAGAON | I7: BENZ_BHATAGAON | J7: WS_BHATAGAON | K7: WD_BHATAGAON | L7: TEMP_BHATAGAON | M7: HUM BHATAGAON | N7: SR_BHATAGAON | O7: RG_BHATAGAON | P7: CO_BHATAGAON | Q7: NH3_BHATAGAON
B8: ug/m3 | C8: ug/m3 | D8: ppb | E8: ug/m3 | F8: ug/m3 | G8: mg/m3 | H8: ug/m3 | I8: ug/m3 | J8: m/sec | K8: deg | L8: degreC | M8: % | N8: w/m2 | O8: mm | P8: ug/m3 | Q8: ug/m3
A9: 18-03-2023 01:00 | B9: 5.7 | C9: 53.12 | D9: 35.36 | E9: 2.1 | F9: 2.75 | G9: 49.09 | H9: 18.3 | I9: 0.57 | J9: 1.35 | K9: 302.37 | L9: 20.71 | M9: 58.27 | N9: 5 | O9: 0 | P9: 0.72 | Q9: 22.6
A10: 18-03-2023 02:00 | B10: 7.69 | C10: 50.92 | D10: 35.35 | E10: 1.89 | F10: 2.37 | G10: 39.21 | H10: 15.91 | I10: 0.54 | J10: 0.32 | K10: 357.64 | L10: 19.49 | M10: 62.8 | N10: 5 | O10: 0 | P10: 0.69 | Q10: 23.75
A11: 18-03-2023 03:00 | B11: 9.3 | C11: 51.76 | D11: 37.76 | E11: 2.48 | F11: 1.7 | G11: 39.21 | H11: 15.72 | I11: 0.55 | J11: 0.71 | K11: 36.77 | L11: 19.91 | M11: 63.03 | N11: 4.8 | O11: 0 | P11: 0.72 | Q11: 24.54
A12: 18-03-2023 04:00 | B12: 10.99 | C12: 53.49 | D12: 40.06 | E12: 2.99 | F12: 1.62 | G12: 60.83 | H12: 24.44 | I12: 0.55 | J12: 1.23 | K12: 112.03 | L12: 20.11 | M12: 60.1 | N12: 4.8 | O12: 0 | P12: 0.77 | Q12: 26.81
A13: 18-03-2023 05:00 | B13: 11.17 | C13: 52.89 | D13: 39.89 | E13: 2.42 | F13: 2.38 | G13: 60.83 | H13: 24.44 | I13: 0.57 | J13: 1.2 | K13: 105.09 | L13: 19.47 | M13: 65.01 | N13: 5 | O13: 0 | P13: 0.77 | Q13: 29.52
A14: 18-03-2023 06:00 | B14: 10.81 | C14: 53.22 | D14: 39.56 | E14: 2.51 | F14: 1.94 | G14: 54.42 | H14: 24.19 | I14: 0.57 | J14: 1.17 | K14: 116.48 | L14: 19.08 | M14: 66.69 | N14: 5.2 | O14: 0 | P14: 0.72 | Q14: 32.25
A15: 18-03-2023 07:00 | B15: 9.42 | C15: 55.13 | D15: 39.32 | E15: 2.16 | F15: 1.55 | G15: 51.51 | H15: 22.78 | I15: 0.56 | J15: 1.01 | K15: 259.1 | L15: 19.17 | M15: 66.51 | N15: 36.4 | O15: 0 | P15: 0.71 | Q15: 31.73
A16: 18-03-2023 08:00 | B16: 8.77 | C16: 56.04 | D16: 39.7 | E16: 2.48 | F16: 1.8 | G16: 52.79 | H16: 22.78 | I16: 0.56 | J16: 0.47 | K16: 305.1 | L16: 19.5 | M16: 66.31 | N16: 81.4 | O16: 0 | P16: 0.72 | Q16: 29.36
A17: 18-03-2023 09:00 | B17: 10.83 | C17: 59.75 | D17: 43.4 | E17: 2.99 | F17: 1.72 | G17: 54.39 | H17: 24.1 | I17: 0.56 | J17: 1.17 | K17: 347.5 | L17: 23.25 | M17: 65.4 | N17: 385.3 | O17: 0 | P17: 0.79 | Q17: 28.7
A18: 18-03-2023 10:00 | B18: 12.04 | C18: 64.56 | D18: 47.03 | E18: 3.54 | F18: 2 | G18: 65.97 | H18: 28.19 | I18: 0.58 | J18: 1.28 | K18: 17.64 | L18: 26.27 | M18: 53.13 | N18: 449.3 | O18: 0 | P18: 0.92 | Q18: 30.04
A19: 18-03-2023 11:00 | B19: 12.37 | C19: 72.19 | D19: 51.25 | E19: 4.62 | F19: 2.82 | G19: 80.08 | H19: 33.95 | I19: 0.57 | J19: 1.82 | K19: 27.77 | L19: 26.17 | M19: 48.94 | N19: 482.6 | O19: 0 | P19: 1.03 | Q19: 28.9
A20: 18-03-2023 12:00 | B20: 19.41 | C20: 75.5 | D20: 52.74 | E20: 4.14 | F20: 5.39 | G20: 89.43 | H20: 34.14 | I20: 0.56 | J20: 4.62 | K20: 356.28 | L20: 23.48 | M20: 81.25 | N20: 107.7 | O20: 0.8 | P20: 1.05 | Q20: 27.86
... A32: 18-03-2023 24:00 | B32: 22.45 | C32: 56.01 | D32: 50.66 | E32: 2.6 | F32: 1.52 | G32: 33.65 | H32: 13.36 | I32: 0.57 | J32: 0.61 | K32: 176.08 | L32: 16.26 | M32: 83.79 | N32: 4.9 | O32: 0 | P32: 0.73 | Q32: 28.08
A34: Min | B34: =MIN(B9:B32) -> 5.57 | C34: =MIN(C9:C32) -> 50.92 | D34: =MIN(D9:D32) -> 35.35 | E34: =MIN(E9:E32) -> 1.82 | F34: =MIN(F9:F32) -> 1.29 | G34: =MIN(G9:G32) -> 19.92 | H34: =MIN(H9:H32) -> 9.18 | I34: =MIN(I9:I32) -> 0.49 | ... Q34: =MIN(Q9:Q32) -> 22.6
A35: Max | B35: =MAX(B9:B32) -> 22.45 | C35: =MAX(C9:C32) -> 75.5 | D35: =MAX(D9:D32) -> 52.74 | E35: =MAX(E9:E32) -> 4.62 | F35: =MAX(F9:F32) -> 7.78 | G35: =MAX(G9:G32) -> 89.43 | H35: =MAX(H9:H32) -> 34.14 | I35: =MAX(I9:I32) -> 0.59 | ... Q35: =MAX(Q9:Q32) -> 32.25
A36: Avg | B36: =AVERAGE(B9:B32) -> 12.551667 | C36: =AVERAGE(C9:C32) -> 57.99 | D36: =AVERAGE(D9:D32) -> 43.314167 | E36: =AVERAGE(E9:E32) -> 2.5808333 | F36: =AVERAGE(F9:F32) -> 2.3133333 | G36: =AVERAGE(G9:G32) -> 48.6575 | H36: =AVERAGE(H9:H32) -> 20.005417 | I36: =AVERAGE(I9:I32) -> 0.56208333 | ... Q36: =AVERAGE(Q9:Q32) -> 28.17875
A37: Stdev | B37: =STDEV(B9:B32) -> 4.5930303 | C37: =STDEV(C9:C32) -> 5.914448 | D37: =STDEV(D9:D32) -> 5.1582276 | E37: =STDEV(E9:E32) -> 0.67313618 | F37: =STDEV(F9:F32) -> 1.5035542 | G37: =STDEV(G9:G32) -> 20.178833 | H37: =STDEV(H9:H32) -> 7.6650528 | I37: =STDEV(I9:I32) -> 0.022646464 | ... Q37: =STDEV(Q9:Q32) -> 2.5667105
A38: Num | B38: =COUNT(B9:B32) -> 24 | C38: =COUNT(C9:C32) -> 24 | D38: =COUNT(D9:D32) -> 24 | E38: =COUNT(E9:E32) -> 24 | F38: =COUNT(F9:F32) -> 24 | G38: =COUNT(G9:G32) -> 24 | H38: =COUNT(H9:H32) -> 24 | I38: =COUNT(I9:I32) -> 24 | ... Q38: =COUNT(Q9:Q32) -> 24
A39: DCR | B39: =IF(B38>=22,">90%",IF(B38<=22,"<90%")) -> >90% | C39: =IF(C38>=22,">90%",IF(C38<=22,"<90%")) -> >90% | D39: =IF(D38>=22,">90%",IF(D38<=22,"<90%")) -> >90% | E39: =IF(E38>=22,">90%",IF(E38<=22,"<90%")) -> >90% | F39: =IF(F38>=22,">90%",IF(F38<=22,"<90%")) -> >90% | G39: =IF(G38>=22,">90%",IF(G38<=22,"<90%")) -> >90% | H39: =IF(H38>=22,">90%",IF(H38<=22,"<90%")) -> >90% | I39: =IF(I38>=22,">90%",IF(I38<=22,"<90%")) -> >90% | ... Q39: =IF(Q38>=22,">90%",IF(Q38<=22,"<90%")) -> >90%
A40: Status | B40: =IF(B38>=22,"OK",IF(B38<=22,"LESS")) -> OK | C40: =IF(C38>=22,"OK",IF(C38<=22,"LESS")) -> OK | D40: =IF(D38>=22,"OK",IF(D38<=22,"LESS")) -> OK | E40: =IF(E38>=22,"OK",IF(E38<=22,"LESS")) -> OK | F40: =IF(F38>=22,"OK",IF(F38<=22,"LESS")) -> OK | G40: =IF(G38>=22,"OK",IF(G38<=22,"LESS")) -> OK | H40: =IF(H38>=22,"OK",IF(H38<=22,"LESS")) -> OK | I40: =IF(I38>=22,"OK",IF(I38<=22,"LESS")) -> OK | ... Q40: =IF(Q38>=22,"OK",IF(Q38<=22,"LESS")) -> OK
A43: Done by | B43: RAHUL
A45: Comment

Sheet 19
A1: Station: | B1: BHATAGAON RAIPUR
A2: Date: | B2: =$A$9 -> 19-03-2023 01:00 | D2: Power Off | G2: Pw.Off | L2: Link Fail | N2: Link F | P2: Maintenance | R2: Maint.
A3: Report Type: | B3: Mean | D3: Calibration | G3: Calib. | L3: Data Fail | N3: Data F | P3: Invalid | R3: Invalid
A4: Time Base: | B4: 01 Hour | D4: Zero Referrence | G4: Z.Ref | L4: Warm Up | N4: Wm. Up
A7: Date & Time | B7: NO_BHATAGAON | C7: NO2_BHATAGAON | D7: NOX_BHATAGAON | E7: SO2_BHATAGAON | F7: O3_BHATAGAON | G7: PM10_BHATAGAON | H7: PM2_5_BHATAGAON | I7: BENZ_BHATAGAON | J7: WS_BHATAGAON | K7: WD_BHATAGAON | L7: TEMP_BHATAGAON | M7: HUM BHATAGAON | N7: SR_BHATAGAON | O7: RG_BHATAGAON | P7: CO_BHATAGAON | Q7: NH3_BHATAGAON
B8: ug/m3 | C8: ug/m3 | D8: ppb | E8: ug/m3 | F8: ug/m3 | G8: mg/m3 | H8: ug/m3 | I8: ug/m3 | J8: m/sec | K8: deg | L8: degreC | M8: % | N8: w/m2 | O8: mm | P8: ug/m3 | Q8: ug/m3
A9: 19-03-2023 01:00 | B9: 19.74 | C9: 52.88 | D9: 46.56 | E9: 2.77 | F9: 1.51 | G9: 33.65 | H9: 14.55 | I9: 0.6 | J9: 0.52 | K9: 173.28 | L9: 16.32 | M9: 84.66 | N9: 5.1 | O9: 0 | P9: 0.68 | Q9: 27.69
A10: 19-03-2023 02:00 | B10: 16.93 | C10: 53.46 | D10: 44.82 | E10: 2.92 | F10: 1.42 | G10: 30.12 | H10: 14.55 | I10: 0.56 | J10: 1.37 | K10: 121.42 | L10: 16.48 | M10: 84.35 | N10: 5.1 | O10: 0 | P10: 0.62 | Q10: 28.46
A11: 19-03-2023 03:00 | B11: 15.73 | C11: 51.68 | D11: 42.88 | E11: 3.14 | F11: 1.5 | G11: 28.59 | H11: 13.54 | I11: 0.57 | J11: 1.34 | K11: 111.84 | L11: 16.36 | M11: 85.74 | N11: 5 | O11: 0 | P11: 0.58 | Q11: 34.28
A12: 19-03-2023 04:00 | B12: 14.79 | C12: 47.62 | D12: 39.71 | E12: 2.93 | F12: 1.38 | G12: 26.62 | H12: 13.49 | I12: 0.57 | J12: 0.92 | K12: 74.41 | L12: 16.14 | M12: 88.97 | N12: 5 | O12: 0 | P12: 0.54 | Q12: 32.77
A13: 19-03-2023 05:00 | B13: 15.77 | C13: 49.7 | D13: 41.81 | E13: 1.99 | F13: 1.36 | G13: 24.63 | H13: 11.96 | I13: 0.57 | J13: 1.39 | K13: 82.81 | L13: 15.85 | M13: 90.04 | N13: 5.2 | O13: 0 | P13: 0.53 | Q13: 29.92
A14: 19-03-2023 06:00 | B14: 17.72 | C14: 49.36 | D14: 42.82 | E14: 2.06 | F14: 1.35 | G14: 27.14 | H14: 13.95 | I14: 0.57 | J14: 0.67 | K14: 100.69 | L14: 15.67 | M14: 90.32 | N14: 5.3 | O14: 0 | P14: 0.56 | Q14: 30.24
A15: 19-03-2023 07:00 | B15: 24.76 | C15: 48.79 | D15: 47.64 | E15: 2.23 | F15: 1.37 | G15: 32.58 | H15: 15.56 | I15: 0.57 | J15: 0.39 | K15: 354.52 | L15: 16.17 | M15: 90.98 | N15: 68.6 | O15: 0 | P15: 0.6 | Q15: 33.68
A16: 19-03-2023 08:00 | B16: 27.87 | C16: 48.74 | D16: 50.83 | E16: 2.25 | F16: 1.37 | G16: 36.53 | H16: 17.7 | I16: 0.57 | J16: 0.55 | K16: 198.57 | L16: 16.92 | M16: 86.43 | N16: 139.5 | O16: 0 | P16: 0.63 | Q16: 32.97
A17: 19-03-2023 09:00 | B17: 26.3 | C17: 51.79 | D17: 50.83 | E17: 1.82 | F17: 1.27 | G17: 59.88 | H17: 17.7 | I17: 0.59 | J17: 0.7 | K17: 210.45 | L17: 18.17 | M17: 83.7 | N17: 273.1 | O17: 0 | P17: 0.64 | Q17: 32.62
A18: 19-03-2023 10:00 | B18: 22.05 | C18: 53.62 | D18: 48.23 | E18: 1.89 | F18: 1.4 | G18: 59.88 | H18: 17.36 | I18: 0.55 | J18: 0.72 | K18: 212.04 | L18: 19.67 | M18: 81.55 | N18: 428 | O18: 0 | P18: 0.62 | Q18: 34.6
A19: 19-03-2023 11:00 | B19: 16.4 | C19: 54.39 | D19: 42.35 | E19: 1.57 | F19: 1.6 | G19: 48.65 | H19: 18.21 | I19: 0.54 | J19: 0.66 | K19: 254.18 | L19: 20.75 | M19: 73.45 | N19: 441.8 | O19: 0 | P19: 0.71 | Q19: 35.25
A20: 19-03-2023 12:00 | B20: 11.67 | C20: 63.26 | D20: 44.92 | E20: 1.33 | F20: 2.22 | G20: 47.18 | H20: 19.78 | I20: 0.53 | J20: 0.39 | K20: 294.28 | L20: 22.54 | M20: 67.1 | N20: 493.5 | O20: 0 | P20: 0.85 | Q20: 32.68
... A32: 19-03-2023 24:00 | B32: 7.91 | C32: 58.38 | D32: 40.06 | E32: 2.09 | F32: 2.04 | G32: 21.3 | H32: 11.05 | I32: 0.53 | J32: 0.77 | K32: 340.07 | L32: 15.03 | M32: 90.46 | N32: 5.2 | O32: 0 | P32: 0.58 | Q32: 31.73
A34: Min | B34: =MIN(B9:B32) -> 3.74 | C34: =MIN(C9:C32) -> 47.62 | D34: =MIN(D9:D32) -> 35.45 | E34: =MIN(E9:E32) -> 1.33 | F34: =MIN(F9:F32) -> 1.27 | G34: =MIN(G9:G32) -> 21.3 | H34: =MIN(H9:H32) -> 10.65 | I34: =MIN(I9:I32) -> 0.51 | ... Q34: =MIN(Q9:Q32) -> 27.69
A35: Max | B35: =MAX(B9:B32) -> 27.87 | C35: =MAX(C9:C32) -> 66.13 | D35: =MAX(D9:D32) -> 50.83 | E35: =MAX(E9:E32) -> 3.14 | F35: =MAX(F9:F32) -> 4.98 | G35: =MAX(G9:G32) -> 146.7 | H35: =MAX(H9:H32) -> 19.78 | I35: =MAX(I9:I32) -> 0.6 | ... Q35: =MAX(Q9:Q32) -> 36.99
A36: Avg | B36: =AVERAGE(B9:B32) -> 13.413333 | C36: =AVERAGE(C9:C32) -> 56.59625 | D36: =AVERAGE(D9:D32) -> 43.26125 | E36: =AVERAGE(E9:E32) -> 2.1283333 | F36: =AVERAGE(F9:F32) -> 2.5116667 | G36: =AVERAGE(G9:G32) -> 46.532917 | H36: =AVERAGE(H9:H32) -> 15.964583 | I36: =AVERAGE(I9:I32) -> 0.54916667 | ... Q36: =AVERAGE(Q9:Q32) -> 32.666667
A37: Stdev | B37: =STDEV(B9:B32) -> 7.1158065 | C37: =STDEV(C9:C32) -> 5.8792885 | D37: =STDEV(D9:D32) -> 3.9059134 | E37: =STDEV(E9:E32) -> 0.50005797 | F37: =STDEV(F9:F32) -> 1.3977891 | G37: =STDEV(G9:G32) -> 32.529631 | H37: =STDEV(H9:H32) -> 2.9390815 | I37: =STDEV(I9:I32) -> 0.025180508 | ... Q37: =STDEV(Q9:Q32) -> 2.1142285
A38: Num | B38: =COUNT(B9:B32) -> 24 | C38: =COUNT(C9:C32) -> 24 | D38: =COUNT(D9:D32) -> 24 | E38: =COUNT(E9:E32) -> 24 | F38: =COUNT(F9:F32) -> 24 | G38: =COUNT(G9:G32) -> 24 | H38: =COUNT(H9:H32) -> 24 | I38: =COUNT(I9:I32) -> 24 | ... Q38: =COUNT(Q9:Q32) -> 24
A39: DCR | B39: =IF(B38>=22,">90%",IF(B38<=22,"<90%")) -> >90% | C39: =IF(C38>=22,">90%",IF(C38<=22,"<90%")) -> >90% | D39: =IF(D38>=22,">90%",IF(D38<=22,"<90%")) -> >90% | E39: =IF(E38>=22,">90%",IF(E38<=22,"<90%")) -> >90% | F39: =IF(F38>=22,">90%",IF(F38<=22,"<90%")) -> >90% | G39: =IF(G38>=22,">90%",IF(G38<=22,"<90%")) -> >90% | H39: =IF(H38>=22,">90%",IF(H38<=22,"<90%")) -> >90% | I39: =IF(I38>=22,">90%",IF(I38<=22,"<90%")) -> >90% | ... Q39: =IF(Q38>=22,">90%",IF(Q38<=22,"<90%")) -> >90%
A40: Status | B40: =IF(B38>=22,"OK",IF(B38<=22,"LESS")) -> OK | C40: =IF(C38>=22,"OK",IF(C38<=22,"LESS")) -> OK | D40: =IF(D38>=22,"OK",IF(D38<=22,"LESS")) -> OK | E40: =IF(E38>=22,"OK",IF(E38<=22,"LESS")) -> OK | F40: =IF(F38>=22,"OK",IF(F38<=22,"LESS")) -> OK | G40: =IF(G38>=22,"OK",IF(G38<=22,"LESS")) -> OK | H40: =IF(H38>=22,"OK",IF(H38<=22,"LESS")) -> OK | I40: =IF(I38>=22,"OK",IF(I38<=22,"LESS")) -> OK | ... Q40: =IF(Q38>=22,"OK",IF(Q38<=22,"LESS")) -> OK
A43: Done by | B43: RAHUL
A45: Comment

Sheet 20
A1: Station: | B1: BHATAGAON RAIPUR
A2: Date: | B2: =$A$9 -> 20-03-2023 01:00 | D2: Power Off | G2: Pw.Off | L2: Link Fail | N2: Link F | P2: Maintenance | R2: Maint.
A3: Report Type: | B3: Mean | D3: Calibration | G3: Calib. | L3: Data Fail | N3: Data F | P3: Invalid | R3: Invalid
A4: Time Base: | B4: 01 Hour | D4: Zero Referrence | G4: Z.Ref | L4: Warm Up | N4: Wm. Up
A7: Date & Time | B7: NO_BHATAGAON | C7: NO2_BHATAGAON | D7: NOX_BHATAGAON | E7: SO2_BHATAGAON | F7: O3_BHATAGAON | G7: PM10_BHATAGAON | H7: PM2_5_BHATAGAON | I7: BENZ_BHATAGAON | J7: WS_BHATAGAON | K7: WD_BHATAGAON | L7: TEMP_BHATAGAON | M7: HUM BHATAGAON | N7: SR_BHATAGAON | O7: RG_BHATAGAON | P7: CO_BHATAGAON | Q7: NH3_BHATAGAON
B8: ug/m3 | C8: ug/m3 | D8: ppb | E8: ug/m3 | F8: ug/m3 | G8: mg/m3 | H8: ug/m3 | I8: ug/m3 | J8: m/sec | K8: deg | L8: degreC | M8: % | N8: w/m2 | O8: mm | P8: ug/m3 | Q8: ug/m3
A9: 20-03-2023 01:00 | B9: 8.08 | C9: 54.29 | D9: 37.63 | E9: 2.01 | F9: 1.54 | G9: 18.05 | H9: 10.84 | I9: 0.53 | J9: 0.55 | K9: 347.61 | L9: 15.2 | M9: 91.24 | N9: 5 | O9: 0 | P9: 0.57 | Q9: 34.06
A10: 20-03-2023 02:00 | B10: 8.99 | C10: 49.63 | D10: 35.7 | E10: 2.31 | F10: 1.5 | G10: 18.05 | H10: 10.84 | I10: 0.52 | J10: 0.18 | K10: 327.44 | L10: 14.91 | M10: 91.86 | N10: 4.9 | O10: 0 | P10: 0.57 | Q10: 32.78
A11: 20-03-2023 03:00 | B11: 9.62 | C11: 49.75 | D11: 36.63 | E11: 2.28 | F11: 1.37 | G11: 15.69 | H11: 9.37 | I11: 0.5 | J11: 0.59 | K11: 241.05 | L11: 15.43 | M11: 90.26 | N11: 5.1 | O11: 0 | P11: 0.56 | Q11: 32.23
A12: 20-03-2023 04:00 | B12: 10.65 | C12: 45.85 | D12: 35.1 | E12: 2.59 | F12: 1.42 | G12: 16.42 | H12: 10.15 | I12: 0.53 | J12: 0.36 | K12: 244.83 | L12: 15.1 | M12: 90.32 | N12: 5 | O12: 0 | P12: 0.53 | Q12: 36.05
A13: 20-03-2023 05:00 | B13: 13.12 | C13: 44.79 | D13: 36.7 | E13: 2.53 | F13: 1.23 | G13: 24.78 | H13: 10.41 | I13: 0.54 | J13: 0.6 | K13: 108.7 | L13: 15.03 | M13: 91.86 | N13: 4.5 | O13: 0 | P13: 0.53 | Q13: 36.32
A14: 20-03-2023 06:00 | B14: 18.28 | C14: 44.83 | D14: 41.14 | E14: 2.7 | F14: 1.37 | G14: 24.78 | H14: 10.51 | I14: 0.54 | J14: 0.16 | K14: 337.24 | L14: 14.5 | M14: 94.97 | N14: 5.5 | O14: 0 | P14: 0.59 | Q14: 36.62
A15: 20-03-2023 07:00 | B15: 24.1 | C15: 46.18 | D15: 46.55 | E15: 3.01 | F15: 1.2 | G15: 43.23 | H15: 11.54 | I15: 0.55 | J15: 0.22 | K15: 337.94 | L15: 15.78 | M15: 95.45 | N15: 134.7 | O15: 0 | P15: 0.63 | Q15: 36.14
A16: 20-03-2023 08:00 | B16: 24.74 | C16: 52.09 | D16: 49.95 | E16: 2.81 | F16: 1.41 | G16: 43.23 | H16: 12.96 | I16: 0.56 | J16: 0.63 | K16: 227.26 | L16: 17.68 | M16: 88.81 | N16: 366 | O16: 0 | P16: 0.62 | Q16: 40.12
A17: 20-03-2023 09:00 | B17: 20.74 | C17: 46.73 | D17: 43.3 | E17: 2.26 | F17: 1.4 | G17: 49.3 | H17: 12.96 | I17: 0.55 | J17: 0.66 | K17: 225.02 | L17: 22.7 | M17: 76.73 | N17: 561.9 | O17: 0 | P17: 0.61 | Q17: 38.89
A18: 20-03-2023 10:00 | B18: 19.43 | C18: 56.95 | D18: 48.52 | E18: 2.8 | F18: 1.48 | G18: 49.3 | H18: 12.72 | I18: 0.54 | J18: 0.74 | K18: 337.16 | L18: 25.36 | M18: 60.85 | N18: 751.5 | O18: 0 | P18: 0.87 | Q18: 37.89
A19: 20-03-2023 11:00 | B19: 18.2 | C19: 78.41 | D19: 51.49 | E19: 9.72 | F19: 40.27 | G19: 60.35 | H19: 19.3 | I19: 0.55 | J19: 0.3 | K19: 357.42 | L19: 26.97 | M19: 45.79 | N19: 883.6 | O19: 0 | P19: 1.18 | Q19: 40.5
A20: 20-03-2023 12:00 | B20: 4.08 | C20: 68.23 | D20: 42.39 | E20: 6.12 | F20: 16.81 | G20: Maint. | H20: Maint. | I20: 0.46 | J20: 0.49 | K20: 351.09 | L20: 28.41 | M20: 43.5 | N20: 947.6 | O20: 0 | P20: 0.8 | Q20: 38.02
A21: 20-03-2023 13:00 | B21: 3.46 | C21: 52.47 | D21: 33.29 | E21: 2.63 | F21: 7.31 | G21: Maint. | H21: Maint. | I21: 0.46 | J21: 0.54 | K21: 354.44 | L21: 28.65 | M21: 42.76 | N21: 945.3 | O21: 0 | P21: 0.67 | Q21: 36.13
A22: 20-03-2023 14:00 | B22: 4.06 | C22: 50.53 | D22: 32.89 | E22: 2.63 | F22: 7.91 | G22: 26.92 | H22: 16.34 | I22: 0.47 | J22: 0.42 | K22: 357.06 | L22: 29.04 | M22: 37.73 | N22: 874.2 | O22: 0 | P22: 0.68 | Q22: 33.01
A23: 20-03-2023 15:00 | B23: 5.32 | C23: 55.07 | D23: 35.18 | E23: 2.87 | F23: 7.79 | G23: 29.63 | H23: 16.33 | I23: 0.47 | J23: 0.58 | K23: 338.84 | L23: 28.49 | M23: 34.7 | N23: 736 | O23: 0 | P23: 0.69 | Q23: 37.74
A24: 20-03-2023 16:00 | B24: 4.34 | C24: 51.44 | D24: 32.99 | E24: 2.18 | F24: 8.77 | G24: 29.93 | H24: 15.09 | I24: 0.48 | J24: 0.38 | K24: 349.5 | L24: 29.26 | M24: 34.94 | N24: 434.3 | O24: 0 | P24: 0.67 | Q24: 36.45
A25: 20-03-2023 17:00 | B25: 5.76 | C25: 58.61 | D25: 37.74 | E25: 1.41 | F25: 6.6 | G25: 32.55 | H25: 14.25 | I25: 0.49 | J25: 0.36 | K25: 351.57 | L25: 27.87 | M25: 34.75 | N25: 233 | O25: 0 | P25: 0.68 | Q25: 34.17
A26: 20-03-2023 18:00 | B26: 6.44 | C26: 59.36 | D26: 39.67 | E26: 2.06 | F26: 15.52 | G26: 32.52 | H26: 14.33 | I26: 0.49 | J26: 0.29 | K26: 248.5 | L26: 26.56 | M26: 36.25 | N26: 59.1 | O26: 0 | P26: 0.71 | Q26: 33.4
A27: 20-03-2023 19:00 | B27: 22.49 | C27: 75.91 | D27: 61.67 | E27: 1.89 | F27: 8.9 | G27: 38.05 | H27: 14.31 | I27: 0.53 | J27: 0.15 | K27: 333.8 | L27: 25.11 | M27: 46.55 | N27: 7.8 | O27: 0 | P27: 1.03 | Q27: 36.94
A28: 20-03-2023 20:00 | B28: 81.88 | C28: 73.65 | D28: 106.9 | E28: 1.83 | F28: 1.61 | G28: 53.77 | H28: 17.31 | I28: 0.68 | J28: 0.11 | K28: 106.5 | L28: 22.58 | M28: 62.27 | N28: 5 | O28: 0 | P28: 1.93 | Q28: 36.85
A29: 20-03-2023 21:00 | B29: 96.65 | C29: 84.73 | D29: 126.01 | E29: 1.87 | F29: 1.68 | G29: 175.58 | H29: 26.49 | I29: 0.86 | J29: 0.23 | K29: 231.32 | L29: 21.77 | M29: 60.97 | N29: 4.6 | O29: 0 | P29: 1.81 | Q29: 38.31
A30: 20-03-2023 22:00 | B30: 98.09 | C30: 74.33 | D30: 116.68 | E30: 2.13 | F30: 1.61 | G30: 174.95 | H30: 29.24 | I30: 0.91 | J30: 0.09 | K30: 325.73 | L30: 21.46 | M30: 61.73 | N30: 5 | O30: 0 | P30: 1.9 | Q30: 46.45
A31: 20-03-2023 23:00 | B31: 93.55 | C31: 68.29 | D31: 112.34 | E31: 1.93 | F31: 1.44 | G31: 126.39 | H31: 35.35 | I31: 0.92 | J31: 0.21 | K31: 332.26 | L31: 20.42 | M31: 66.28 | N31: 5.1 | O31: 0 | P31: 1.9 | Q31: 46.61
A32: 20-03-2023 24:00 | B32: 100.87 | C32: 66.09 | D32: 117.88 | E32: 1.75 | F32: 1.99 | G32: 126.32 | H32: 35.3 | I32: 0.93 | J32: 0.2 | K32: 288.01 | L32: 19.67 | M32: 70.53 | N32: 5 | O32: 0 | P32: 1.91 | Q32: 45.29
A34: Min | B34: =MIN(B9:B32) -> 3.46 | C34: =MIN(C9:C32) -> 44.79 | D34: =MIN(D9:D32) -> 32.89 | E34: =MIN(E9:E32) -> 1.41 | F34: =MIN(F9:F32) -> 1.2 | G34: =MIN(G9:G32) -> 15.69 | H34: =MIN(H9:H32) -> 9.37 | I34: =MIN(I9:I32) -> 0.46 | ... Q34: =MIN(Q9:Q32) -> 32.23
A35: Max | B35: =MAX(B9:B32) -> 100.87 | C35: =MAX(C9:C32) -> 84.73 | D35: =MAX(D9:D32) -> 126.01 | E35: =MAX(E9:E32) -> 9.72 | F35: =MAX(F9:F32) -> 40.27 | G35: =MAX(G9:G32) -> 175.58 | H35: =MAX(H9:H32) -> 35.35 | I35: =MAX(I9:I32) -> 0.93 | ... Q35: =MAX(Q9:Q32) -> 46.61
A36: Avg | B36: =AVERAGE(B9:B32) -> 29.289167 | C36: =AVERAGE(C9:C32) -> 58.675417 | D36: =AVERAGE(D9:D32) -> 56.5975 | E36: =AVERAGE(E9:E32) -> 2.7633333 | F36: =AVERAGE(F9:F32) -> 5.9220833 | G36: =AVERAGE(G9:G32) -> 54.990455 | H36: =AVERAGE(H9:H32) -> 16.633636 | I36: =AVERAGE(I9:I32) -> 0.58583333 | ... Q36: =AVERAGE(Q9:Q32) -> 37.540417
A37: Stdev | B37: =STDEV(B9:B32) -> 34.808723 | C37: =STDEV(C9:C32) -> 12.012483 | D37: =STDEV(D9:D32) -> 31.976628 | E37: =STDEV(E9:E32) -> 1.7237842 | F37: =STDEV(F9:F32) -> 8.6308557 | G37: =STDEV(G9:G32) -> 49.004796 | H37: =STDEV(H9:H32) -> 7.8307559 | I37: =STDEV(I9:I32) -> 0.15311027 | ... Q37: =STDEV(Q9:Q32) -> 3.9697251
A38: Num | B38: =COUNT(B9:B32) -> 24 | C38: =COUNT(C9:C32) -> 24 | D38: =COUNT(D9:D32) -> 24 | E38: =COUNT(E9:E32) -> 24 | F38: =COUNT(F9:F32) -> 24 | G38: =COUNT(G9:G32)+2 -> 24 | H38: =COUNT(H9:H32)+2 -> 24 | I38: =COUNT(I9:I32) -> 24 | J38: =COUNT(J9:J32) -> 24 | K38: =COUNT(K9:K32) -> 24 | L38: =COUNT(L9:L32) -> 24 | M38: =COUNT(M9:M32) -> 24 | N38: =COUNT(N9:N32) -> 24 | O38: =COUNT(O9:O32) -> 24 | P38: =COUNT(P9:P32) -> 24 | Q38: =COUNT(Q9:Q32) -> 24
A39: DCR | B39: =IF(B38>=22,">90%",IF(B38<=22,"<90%")) -> >90% | C39: =IF(C38>=22,">90%",IF(C38<=22,"<90%")) -> >90% | D39: =IF(D38>=22,">90%",IF(D38<=22,"<90%")) -> >90% | E39: =IF(E38>=22,">90%",IF(E38<=22,"<90%")) -> >90% | F39: =IF(F38>=22,">90%",IF(F38<=22,"<90%")) -> >90% | G39: =IF(G38>=22,">90%",IF(G38<=22,"<90%")) -> >90% | H39: =IF(H38>=22,">90%",IF(H38<=22,"<90%")) -> >90% | I39: =IF(I38>=22,">90%",IF(I38<=22,"<90%")) -> >90% | ... Q39: =IF(Q38>=22,">90%",IF(Q38<=22,"<90%")) -> >90%
A40: Status | B40: =IF(B38>=22,"OK",IF(B38<=22,"LESS")) -> OK | C40: =IF(C38>=22,"OK",IF(C38<=22,"LESS")) -> OK | D40: =IF(D38>=22,"OK",IF(D38<=22,"LESS")) -> OK | E40: =IF(E38>=22,"OK",IF(E38<=22,"LESS")) -> OK | F40: =IF(F38>=22,"OK",IF(F38<=22,"LESS")) -> OK | G40: =IF(G38>=22,"OK",IF(G38<=22,"LESS")) -> OK | H40: =IF(H38>=22,"OK",IF(H38<=22,"LESS")) -> OK | I40: =IF(I38>=22,"OK",IF(I38<=22,"LESS")) -> OK | ... Q40: =IF(Q38>=22,"OK",IF(Q38<=22,"LESS")) -> OK
A43: Done by | B43: RAHUL
A45: Comment

Sheet 21
A1: Station: | B1: BHATAGAON RAIPUR
A2: Date: | B2: =$A$9 -> 21-03-2023 01:00 | D2: Power Off | G2: Pw.Off | L2: Link Fail | N2: Link F | P2: Maintenance | R2: Maint.
A3: Report Type: | B3: Mean | D3: Calibration | G3: Calib. | L3: Data Fail | N3: Data F | P3: Invalid | R3: Invalid
A4: Time Base: | B4: 01 Hour | D4: Zero Referrence | G4: Z.Ref | L4: Warm Up | N4: Wm. Up
A7: Date & Time | B7: NO_BHATAGAON | C7: NO2_BHATAGAON | D7: NOX_BHATAGAON | E7: SO2_BHATAGAON | F7: O3_BHATAGAON | G7: PM10_BHATAGAON | H7: PM2_5_BHATAGAON | I7: BENZ_BHATAGAON | J7: WS_BHATAGAON | K7: WD_BHATAGAON | L7: TEMP_BHATAGAON | M7: HUM BHATAGAON | N7: SR_BHATAGAON | O7: RG_BHATAGAON | P7: CO_BHATAGAON | Q7: NH3_BHATAGAON
B8: ug/m3 | C8: ug/m3 | D8: ppb | E8: ug/m3 | F8: ug/m3 | G8: mg/m3 | H8: ug/m3 | I8: ug/m3 | J8: m/sec | K8: deg | L8: degreC | M8: % | N8: w/m2 | O8: mm | P8: ug/m3 | Q8: ug/m3
A9: 21-03-2023 01:00 | B9: 86.61 | C9: 65.42 | D9: 107.3 | E9: 2.96 | F9: 1.66 | G9: 119.84 | H9: 30.41 | I9: 0.91 | J9: 0.22 | K9: 351.97 | L9: 19.12 | M9: 72.38 | N9: 5 | O9: 0 | P9: 1.78 | Q9: 43.89
A10: 21-03-2023 02:00 | B10: 79.44 | C10: 60.08 | D10: 94.26 | E10: 2.86 | F10: 1.84 | G10: 73.75 | H10: 26.49 | I10: 0.9 | J10: 0.16 | K10: 276.46 | L10: 18.52 | M10: 75.71 | N10: 4.9 | O10: 0 | P10: 1.57 | Q10: 46.66
A11: 21-03-2023 03:00 | B11: 72.88 | C11: 54.71 | D11: 90.38 | E11: 2.6 | F11: 1.47 | G11: 69.09 | H11: 25.62 | I11: 0.89 | J11: 0.24 | K11: 351.26 | L11: 19.08 | M11: 78.9 | N11: 4.8 | O11: 0 | P11: 1.45 | Q11: 45.07
A12: 21-03-2023 04:00 | B12: 56.54 | C12: 54.48 | D12: 76.15 | E12: 2.66 | F12: 1.56 | G12: 68.89 | H12: 25.1 | I12: 0.85 | J12: 0.87 | K12: 159.59 | L12: 19.67 | M12: 68.68 | N12: 5.1 | O12: 0 | P12: 1.3 | Q12: 45.15
A13: 21-03-2023 05:00 | B13: 51.91 | C13: 53.51 | D13: 72.9 | E13: 2.7 | F13: 1.52 | G13: 51.3 | H13: 25.1 | I13: 0.82 | J13: 0.71 | K13: 351.76 | L13: 19.46 | M13: 74.81 | N13: 5.4 | O13: 0 | P13: 1.15 | Q13: 45.29
A14: 21-03-2023 06:00 | B14: 43.22 | C14: 55.06 | D14: 63.94 | E14: 2.87 | F14: 1.93 | G14: 38.39 | H14: 22.46 | I14: 0.74 | J14: 2.82 | K14: 351.13 | L14: 18.92 | M14: 75.43 | N14: 6.7 | O14: 0.2 | P14: 1.02 | Q14: 46.26
A15: 21-03-2023 07:00 | B15: 23.1 | C15: 55.4 | D15: 50.84 | E15: 1.86 | F15: 1.51 | G15: 50.2 | H15: 21.79 | I15: 0.69 | J15: 1.33 | K15: 109.44 | L15: 16.95 | M15: 89.59 | N15: 8.5 | O15: 0.4 | P15: 0.76 | Q15: 42.51
A16: 21-03-2023 08:00 | B16: 20.45 | C16: 52.48 | D16: 46.33 | E16: 2.24 | F16: 1.83 | G16: 49.89 | H16: 19.9 | I16: 0.63 | J16: 1.09 | K16: 104.54 | L16: 16.26 | M16: 91.91 | N16: 77.5 | O16: 0.4 | P16: 0.66 | Q16: 44.64
A17: 21-03-2023 09:00 | B17: 18.08 | C17: 49.32 | D17: 43.46 | E17: 2.62 | F17: 1.69 | G17: 23.79 | H17: 16.31 | I17: 0.62 | J17: 1.61 | K17: 94.57 | L17: 17.33 | M17: 91.35 | N17: 270.3 | O17: 0.4 | P17: 0.6 | Q17: 47.72
A18: 21-03-2023 10:00 | B18: 16.31 | C18: 48.77 | D18: 41.47 | E18: 2.62 | F18: 1.57 | G18: 23.74 | H18: 14 | I18: 0.6 | J18: 3.08 | K18: 117.46 | L18: 19 | M18: 84.38 | N18: 542.9 | O18: 0 | P18: 0.58 | Q18: 50.42
A19: 21-03-2023 11:00 | B19: 10.61 | C19: 49.29 | D19: 37.45 | E19: 2.77 | F19: 3.14 | G19: 28.28 | H19: 14.1 | I19: 0.58 | J19: 2.32 | K19: 116.12 | L19: 20.51 | M19: 78.34 | N19: 832.3 | O19: 0 | P19: 0.51 | Q19: 49.3
A20: 21-03-2023 12:00 | B20: 6.95 | C20: 50.76 | D20: 34.75 | E20: 2.7 | F20: 4.03 | G20: 28.15 | H20: 14.08 | I20: 0.54 | J20: 2.1 | K20: 120.7 | L20: 23.12 | M20: 67.46 | N20: 879.2 | O20: 0 | P20: 0.45 | Q20: 47.5
A21: 21-03-2023 13:00 | B21: 5.34 | C21: 49.85 | D21: 33.53 | E21: 1.88 | F21: 4.22 | G21: 17.08 | H21: 12.65 | I21: 0.53 | J21: 1.01 | K21: 185.83 | L21: 24.36 | M21: 60.59 | N21: 891.3 | O21: 0 | P21: 0.38 | Q21: 49.08
A22: 21-03-2023 14:00 | B22: 4.25 | C22: 48.42 | D22: 31.74 | E22: 1.79 | F22: 5.86 | G22: Invalid | H22: Invalid | I22: 0.53 | J22: 0.88 | K22: 201.92 | L22: 25.93 | M22: 54.4 | N22: 834 | O22: 0 | P22: 0.34 | Q22: 50.25
A23: 21-03-2023 15:00 | B23: 5.11 | C23: 51.7 | D23: 34.37 | E23: 2.44 | F23: 8.41 | G23: 22.6 | H23: 11.65 | I23: 0.53 | J23: 0.43 | K23: 356.95 | L23: 27.56 | M23: 49.98 | N23: 645.1 | O23: 0 | P23: 0.36 | Q23: 43.78
A24: 21-03-2023 16:00 | B24: 6.31 | C24: 59.82 | D24: 38.75 | E24: 1.99 | F24: 7.69 | G24: 35.14 | H24: 11.65 | I24: 0.52 | J24: 0.64 | K24: 220.37 | L24: 26.69 | M24: 52.73 | N24: 337.7 | O24: 0 | P24: 0.37 | Q24: 45.73
A25: 21-03-2023 17:00 | B25: 4.46 | C25: 38.29 | D25: 26.01 | E25: 1.8 | F25: 9.08 | G25: 35.84 | H25: 11.48 | I25: 0.53 | J25: 0.73 | K25: 213.02 | L25: 25.59 | M25: 53.44 | N25: 254.4 | O25: 0 | P25: 0.36 | Q25: 46.2
A26: 21-03-2023 18:00 | B26: 4.51 | C26: 59.34 | D26: 37.87 | E26: 2.16 | F26: 13.91 | G26: 35.8 | H26: 10.96 | I26: 0.52 | J26: 1.37 | K26: 247.32 | L26: 24.98 | M26: 58.6 | N26: 74.1 | O26: 0 | P26: 0.36 | Q26: 43.84
A27: 21-03-2023 19:00 | B27: 6.15 | C27: 58.27 | D27: 38.11 | E27: 2.31 | F27: 10.32 | G27: 32.23 | H27: 14.02 | I27: 0.54 | J27: 1.24 | K27: 240.68 | L27: 23.92 | M27: 65.78 | N27: 7.9 | O27: 0 | P27: 0.39 | Q27: 40.95
A28: 21-03-2023 20:00 | B28: 6.92 | C28: 60.75 | D28: 40.44 | E28: 1.92 | F28: 4.22 | G28: 33.21 | H28: 13.97 | I28: 0.55 | J28: 0.95 | K28: 190.96 | L28: 22.92 | M28: 70.23 | N28: 5.2 | O28: 0 | P28: 0.47 | Q28: 46.42
A29: 21-03-2023 21:00 | B29: 11.99 | C29: 53.87 | D29: 39.83 | E29: 2.72 | F29: 4.21 | G29: 33.2 | H29: 11.07 | I29: 0.54 | J29: 0.79 | K29: 263.06 | L29: 22.12 | M29: 75.82 | N29: 5 | O29: 0 | P29: 0.6 | Q29: 45.18
A30: 21-03-2023 22:00 | B30: 19.76 | C30: 60.01 | D30: 49.47 | E30: 3.99 | F30: 2.66 | G30: 48.53 | H30: 13.23 | I30: 0.59 | J30: 1.53 | K30: 98.19 | L30: 21.55 | M30: 71.81 | N30: 5.1 | O30: 0 | P30: 0.88 | Q30: 42.7
A31: 21-03-2023 23:00 | B31: 20.14 | C31: 57.59 | D31: 49.68 | E31: 3.57 | F31: 2.01 | G31: 63.96 | H31: 16.2 | I31: 0.61 | J31: 1.03 | K31: 119.72 | L31: 20.65 | M31: 68.47 | N31: 4.9 | O31: 0 | P31: 0.87 | Q31: 50.41
A32: 21-03-2023 24:00 | B32: 19.65 | C32: 53.08 | D32: 45.55 | E32: 3.12 | F32: 1.65 | G32: 63.81 | H32: 16.2 | I32: 0.63 | J32: 1.66 | K32: 221.37 | L32: 20.28 | M32: 72.4 | N32: 5 | O32: 0 | P32: 0.82 | Q32: 52.09
A34: Min | B34: =MIN(B9:B32) -> 4.25 | C34: =MIN(C9:C32) -> 38.29 | D34: =MIN(D9:D32) -> 26.01 | E34: =MIN(E9:E32) -> 1.79 | F34: =MIN(F9:F32) -> 1.47 | G34: =MIN(G9:G32) -> 17.08 | H34: =MIN(H9:H32) -> 10.96 | I34: =MIN(I9:I32) -> 0.52 | ... Q34: =MIN(Q9:Q32) -> 40.95
A35: Max | B35: =MAX(B9:B32) -> 86.61 | C35: =MAX(C9:C32) -> 65.42 | D35: =MAX(D9:D32) -> 107.3 | E35: =MAX(E9:E32) -> 3.99 | F35: =MAX(F9:F32) -> 13.91 | G35: =MAX(G9:G32) -> 119.84 | H35: =MAX(H9:H32) -> 30.41 | I35: =MAX(I9:I32) -> 0.91 | ... Q35: =MAX(Q9:Q32) -> 52.09
A36: Avg | B36: =AVERAGE(B9:B32) -> 25.02875 | C36: =AVERAGE(C9:C32) -> 54.177917 | D36: =AVERAGE(D9:D32) -> 51.024167 | E36: =AVERAGE(E9:E32) -> 2.5479167 | F36: =AVERAGE(F9:F32) -> 4.0829167 | G36: =AVERAGE(G9:G32) -> 45.50913 | H36: =AVERAGE(H9:H32) -> 17.323478 | I36: =AVERAGE(I9:I32) -> 0.64125 | ... Q36: =AVERAGE(Q9:Q32) -> 46.293333
A37: Stdev | B37: =STDEV(B9:B32) -> 25.638257 | C37: =STDEV(C9:C32) -> 5.6392899 | D37: =STDEV(D9:D32) -> 21.69404 | E37: =STDEV(E9:E32) -> 0.5534711 | F37: =STDEV(F9:F32) -> 3.4107012 | G37: =STDEV(G9:G32) -> 23.244237 | H37: =STDEV(H9:H32) -> 5.9253796 | I37: =STDEV(I9:I32) -> 0.1345625 | ... Q37: =STDEV(Q9:Q32) -> 2.8413066
A38: Num | B38: =COUNT(B9:B32) -> 24 | C38: =COUNT(C9:C32) -> 24 | D38: =COUNT(D9:D32) -> 24 | E38: =COUNT(E9:E32) -> 24 | F38: =COUNT(F9:F32) -> 24 | G38: =COUNT(G9:G32) -> 23 | H38: =COUNT(H9:H32) -> 23 | I38: =COUNT(I9:I32) -> 24 | ... Q38: =COUNT(Q9:Q32) -> 24
A39: DCR | B39: =IF(B38>=22,">90%",IF(B38<=22,"<90%")) -> >90% | C39: =IF(C38>=22,">90%",IF(C38<=22,"<90%")) -> >90% | D39: =IF(D38>=22,">90%",IF(D38<=22,"<90%")) -> >90% | E39: =IF(E38>=22,">90%",IF(E38<=22,"<90%")) -> >90% | F39: =IF(F38>=22,">90%",IF(F38<=22,"<90%")) -> >90% | G39: =IF(G38>=22,">90%",IF(G38<=22,"<90%")) -> >90% | H39: =IF(H38>=22,">90%",IF(H38<=22,"<90%")) -> >90% | I39: =IF(I38>=22,">90%",IF(I38<=22,"<90%")) -> >90% | ... Q39: =IF(Q38>=22,">90%",IF(Q38<=22,"<90%")) -> >90%
A40: Status | B40: =IF(B38>=22,"OK",IF(B38<=22,"LESS")) -> OK | C40: =IF(C38>=22,"OK",IF(C38<=22,"LESS")) -> OK | D40: =IF(D38>=22,"OK",IF(D38<=22,"LESS")) -> OK | E40: =IF(E38>=22,"OK",IF(E38<=22,"LESS")) -> OK | F40: =IF(F38>=22,"OK",IF(F38<=22,"LESS")) -> OK | G40: =IF(G38>=22,"OK",IF(G38<=22,"LESS")) -> OK | H40: =IF(H38>=22,"OK",IF(H38<=22,"LESS")) -> OK | I40: =IF(I38>=22,"OK",IF(I38<=22,"LESS")) -> OK | ... Q40: =IF(Q38>=22,"OK",IF(Q38<=22,"LESS")) -> OK
A43: Done by | B43: surojit
A45: Comment

Sheet 22
A1: Station: | B1: BHATAGAON RAIPUR
A2: Date: | B2: =$A$9 -> 22-03-2023 01:00 | D2: Power Off | G2: Pw.Off | L2: Link Fail | N2: Link F | P2: Maintenance | R2: Maint.
A3: Report Type: | B3: Mean | D3: Calibration | G3: Calib. | L3: Data Fail | N3: Data F | P3: Invalid | R3: Invalid
A4: Time Base: | B4: 01 Hour | D4: Zero Referrence | G4: Z.Ref | L4: Warm Up | N4: Wm. Up
A7: Date & Time | B7: NO_BHATAGAON | C7: NO2_BHATAGAON | D7: NOX_BHATAGAON | E7: SO2_BHATAGAON | F7: O3_BHATAGAON | G7: PM10_BHATAGAON | H7: PM2_5_BHATAGAON | I7: BENZ_BHATAGAON | J7: WS_BHATAGAON | K7: WD_BHATAGAON | L7: TEMP_BHATAGAON | M7: HUM BHATAGAON | N7: SR_BHATAGAON | O7: RG_BHATAGAON | P7: CO_BHATAGAON | Q7: NH3_BHATAGAON
B8: ug/m3 | C8: ug/m3 | D8: ppb | E8: ug/m3 | F8: ug/m3 | G8: mg/m3 | H8: ug/m3 | I8: ug/m3 | J8: m/sec | K8: deg | L8: degreC | M8: % | N8: w/m2 | O8: mm | P8: ug/m3 | Q8: ug/m3
A9: 22-03-2023 01:00 | B9: 17.27 | C9: 51.31 | D9: 43.9 | E9: 1.84 | F9: 2.18 | G9: 50.45 | H9: 15.81 | I9: 0.62 | J9: 0.66 | K9: 348.16 | L9: 19.65 | M9: 76.83 | N9: 5 | O9: 0 | P9: 0.75 | Q9: 49.62
A10: 22-03-2023 02:00 | B10: 15.87 | C10: 48.51 | D10: 40.37 | E10: 1.62 | F10: 2.18 | G10: 37.79 | H10: 13.15 | I10: 0.6 | J10: 1.57 | K10: 356.56 | L10: 18.87 | M10: 80.97 | N10: 5.1 | O10: 0 | P10: 0.65 | Q10: 45.25
A11: 22-03-2023 03:00 | B11: 13.7 | C11: 53.93 | D11: 41.62 | E11: 1.64 | F11: 1.91 | G11: 41.68 | H11: 18.44 | I11: 0.6 | J11: 1.81 | K11: 28.74 | L11: 18.56 | M11: 76.69 | N11: 5.1 | O11: 0 | P11: 0.62 | Q11: 46.29
A12: 22-03-2023 04:00 | B12: 10.88 | C12: 46.51 | D12: 36.1 | E12: 1.58 | F12: 1.46 | G12: 49.26 | H12: 18.43 | I12: 0.55 | J12: 0.71 | K12: 99.11 | L12: 17.9 | M12: 76.08 | N12: 5 | O12: 0 | P12: 0.59 | Q12: 49.02
A13: 22-03-2023 05:00 | B13: 11.78 | C13: 57.04 | D13: 42.37 | E13: 2.09 | F13: 1.38 | G13: 49.13 | H13: 17.38 | I13: 0.57 | J13: 1.29 | K13: 108.81 | L13: 17.64 | M13: 75.96 | N13: 4.7 | O13: 0 | P13: 0.55 | Q13: 49.54
A14: 22-03-2023 06:00 | B14: 12.41 | C14: 52.95 | D14: 40.56 | E14: 2.08 | F14: 1.77 | G14: 37.35 | H14: 14.04 | I14: 0.58 | J14: 1.23 | K14: 119.57 | L14: 17.77 | M14: 73.92 | N14: 6.1 | O14: 0 | P14: 0.49 | Q14: 51.91
A15: 22-03-2023 07:00 | B15: 14.21 | C15: 45.34 | D15: 38.16 | E15: 2.11 | F15: 1.63 | G15: 28.07 | H15: 13.08 | I15: 0.57 | J15: 0.95 | K15: 118.84 | L15: 18.5 | M15: 72.99 | N15: 66.9 | O15: 0 | P15: 0.45 | Q15: 54.24
A16: 22-03-2023 08:00 | B16: 15.23 | C16: 56.05 | D16: 44.88 | E16: 2.12 | F16: 1.71 | G16: 30.03 | H16: 11.99 | I16: 0.54 | J16: 1.53 | K16: 117.61 | L16: 19.78 | M16: 72.62 | N16: 205 | O16: 0 | P16: 0.45 | Q16: 52.62
A17: 22-03-2023 09:00 | B17: 14.89 | C17: 59.51 | D17: 46.52 | E17: 2.19 | F17: 2.52 | G17: 29.99 | H17: 13.7 | I17: 0.57 | J17: 0.91 | K17: 120.71 | L17: 21.71 | M17: 71.81 | N17: 466.7 | O17: 0 | P17: 0.45 | Q17: 52.45
A18: 22-03-2023 10:00 | B18: 13.85 | C18: 56.45 | D18: 43.83 | E18: 2.41 | F18: 3.28 | G18: 30.86 | H18: 13.69 | I18: 0.57 | J18: 0.68 | K18: 176.59 | L18: 24.47 | M18: 63.63 | N18: 738.4 | O18: 0 | P18: 0.44 | Q18: 56.2
A19: 22-03-2023 11:00 | B19: 11.17 | C19: 54.86 | D19: 40.26 | E19: 2.3 | F19: 24.15 | G19: 30.86 | H19: 13.09 | I19: 0.57 | J19: 0.7 | K19: 209.55 | L19: 26.65 | M19: 55.94 | N19: 817.5 | O19: 0 | P19: 0.43 | Q19: 54.01
A20: 22-03-2023 12:00 | B20: 3.63 | C20: 28.1 | D20: 20.16 | E20: 1.61 | F20: 11.09 | G20: 27.22 | H20: 11.84 | I20: 0.47 | J20: 1.23 | K20: 207.69 | L20: 26.82 | M20: 49.04 | N20: 716.3 | O20: 0 | P20: 0.31 | Q20: 43.95
A21: 22-03-2023 13:00 | B21: 7.78 | C21: 39.53 | D21: 28.53 | E21: 3.29 | F21: 14.09 | G21: 19.74 | H21: 11.58 | I21: 0.48 | J21: 0.47 | K21: 343.7 | L21: 30.34 | M21: 48.66 | N21: 790.5 | O21: 0 | P21: 0.35 | Q21: 43.26
A22: 22-03-2023 14:00 | B22: 6.41 | C22: 49.76 | D22: 32.95 | E22: 2.95 | F22: 8.59 | G22: Maint. | H22: Maint. | I22: 0.51 | J22: 0.57 | K22: 358.16 | L22: 32.03 | M22: 39.25 | N22: 838.4 | O22: 0 | P22: 0.44 | Q22: 46.77
A23: 22-03-2023 15:00 | B23: 4.54 | C23: 51.58 | D23: 33.75 | E23: 2.74 | F23: 8.1 | G23: 51.39 | H23: 18.61 | I23: 0.52 | J23: 0.96 | K23: 345.42 | L23: 31.81 | M23: 36.96 | N23: 686.7 | O23: 0 | P23: 0.58 | Q23: 48.18
A24: 22-03-2023 16:00 | B24: 5.03 | C24: 49.07 | D24: 32.85 | E24: 2.63 | F24: 7.54 | G24: 55.08 | H24: 22.38 | I24: 0.53 | J24: 3.16 | K24: 359.18 | L24: 28.87 | M24: 44.73 | N24: 164.7 | O24: 0 | P24: 0.6 | Q24: 43.14
A25: 22-03-2023 17:00 | B25: 6.33 | C25: 70.87 | D25: 45.92 | E25: 3.08 | F25: 5.96 | G25: 67.82 | H25: 22.56 | I25: 0.52 | J25: 3.08 | K25: 15.53 | L25: 24.8 | M25: 50.3 | N25: 149.5 | O25: 0 | P25: 0.53 | Q25: 38.57
A26: 22-03-2023 18:00 | B26: 10.96 | C26: 75.86 | D26: 51.81 | E26: 2.99 | F26: 6.77 | G26: 68.25 | H26: 19.46 | I26: 0.51 | J26: 1.51 | K26: 22.72 | L26: 24.91 | M26: 45.11 | N26: 87.4 | O26: 0 | P26: 0.65 | Q26: 41.55
A27: 22-03-2023 19:00 | B27: 22.11 | C27: 73.51 | D27: 54.98 | E27: 4.78 | F27: 3.88 | G27: 71.86 | H27: 22.71 | I27: 0.53 | J27: 0.83 | K27: 117.9 | L27: 23.64 | M27: 48.66 | N27: 8.9 | O27: 0 | P27: 0.89 | Q27: 45.96
A28: 22-03-2023 20:00 | B28: 32.67 | C28: 72.19 | D28: 61.19 | E28: 13.16 | F28: 1.33 | G28: 83.07 | H28: 25.41 | I28: 0.6 | J28: 0.45 | K28: 106.72 | L28: 22.52 | M28: 57.84 | N28: 4.8 | O28: 0 | P28: 1.13 | Q28: 43.76
A29: 22-03-2023 21:00 | B29: 39.51 | C29: 74.33 | D29: 70.2 | E29: 4.68 | F29: 1.32 | G29: 95.78 | H29: 29.55 | I29: 0.65 | J29: 0.52 | K29: 239.51 | L29: 21.64 | M29: 65.33 | N29: 4.9 | O29: 0 | P29: 1.18 | Q29: 52.99
A30: 22-03-2023 22:00 | B30: 39.47 | C30: 67.45 | D30: 70.62 | E30: 3.24 | F30: 1.38 | G30: 96.2 | H30: 29.94 | I30: 0.66 | J30: 0.61 | K30: 341.33 | L30: 20.68 | M30: 74.9 | N30: 5 | O30: 0 | P30: 1.2 | Q30: 52.6
A31: 22-03-2023 23:00 | B31: 47.84 | C31: 72.48 | D31: 77.75 | E31: 2.87 | F31: 1.67 | G31: 84.27 | H31: 29.95 | I31: 0.67 | J31: 0.2 | K31: 328.12 | L31: 19.71 | M31: 78.26 | N31: 4.9 | O31: 0 | P31: 1.26 | Q31: 49.04
A32: 22-03-2023 24:00 | B32: 51.57 | C32: 78.69 | D32: 86.53 | E32: 2.68 | F32: 1.72 | G32: 86.43 | H32: 29.15 | I32: 0.69 | J32: 0.18 | K32: 338.67 | L32: 19.47 | M32: 79.94 | N32: 4.8 | O32: 0 | P32: 1.28 | Q32: 49.7
A34: Min | B34: =MIN(B9:B32) -> 3.63 | C34: =MIN(C9:C32) -> 28.1 | D34: =MIN(D9:D32) -> 20.16 | E34: =MIN(E9:E32) -> 1.58 | F34: =MIN(F9:F32) -> 1.32 | G34: =MIN(G9:G32) -> 19.74 | H34: =MIN(H9:H32) -> 11.58 | I34: =MIN(I9:I32) -> 0.47 | ... Q34: =MIN(Q9:Q32) -> 38.57
A35: Max | B35: =MAX(B9:B32) -> 51.57 | C35: =MAX(C9:C32) -> 78.69 | D35: =MAX(D9:D32) -> 86.53 | E35: =MAX(E9:E32) -> 13.16 | F35: =MAX(F9:F32) -> 24.15 | G35: =MAX(G9:G32) -> 96.2 | H35: =MAX(H9:H32) -> 29.95 | I35: =MAX(I9:I32) -> 0.69 | ... Q35: =MAX(Q9:Q32) -> 56.2
A36: Avg | B36: =AVERAGE(B9:B32) -> 17.879583 | C36: =AVERAGE(C9:C32) -> 57.745 | D36: =AVERAGE(D9:D32) -> 46.90875 | E36: =AVERAGE(E9:E32) -> 3.0283333 | F36: =AVERAGE(F9:F32) -> 4.9004167 | G36: =AVERAGE(G9:G32) -> 53.155652 | H36: =AVERAGE(H9:H32) -> 18.953913 | I36: =AVERAGE(I9:I32) -> 0.57 | ... Q36: =AVERAGE(Q9:Q32) -> 48.359167
A37: Stdev | B37: =STDEV(B9:B32) -> 13.8202 | C37: =STDEV(C9:C32) -> 12.90626 | D37: =STDEV(D9:D32) -> 16.057992 | E37: =STDEV(E9:E32) -> 2.3168094 | F37: =STDEV(F9:F32) -> 5.4183019 | G37: =STDEV(G9:G32) -> 23.912591 | H37: =STDEV(H9:H32) -> 6.3502396 | I37: =STDEV(I9:I32) -> 0.058607018 | ... Q37: =STDEV(Q9:Q32) -> 4.563051
A38: Num | B38: =COUNT(B9:B32) -> 24 | C38: =COUNT(C9:C32) -> 24 | D38: =COUNT(D9:D32) -> 24 | E38: =COUNT(E9:E32) -> 24 | F38: =COUNT(F9:F32) -> 24 | G38: =COUNT(G9:G32)+1 -> 24 | H38: =COUNT(H9:H32)+1 -> 24 | I38: =COUNT(I9:I32) -> 24 | J38: =COUNT(J9:J32) -> 24 | K38: =COUNT(K9:K32) -> 24 | L38: =COUNT(L9:L32) -> 24 | M38: =COUNT(M9:M32) -> 24 | N38: =COUNT(N9:N32) -> 24 | O38: =COUNT(O9:O32) -> 24 | P38: =COUNT(P9:P32) -> 24 | Q38: =COUNT(Q9:Q32) -> 24
A39: DCR | B39: =IF(B38>=22,">90%",IF(B38<=22,"<90%")) -> >90% | C39: =IF(C38>=22,">90%",IF(C38<=22,"<90%")) -> >90% | D39: =IF(D38>=22,">90%",IF(D38<=22,"<90%")) -> >90% | E39: =IF(E38>=22,">90%",IF(E38<=22,"<90%")) -> >90% | F39: =IF(F38>=22,">90%",IF(F38<=22,"<90%")) -> >90% | G39: =IF(G38>=22,">90%",IF(G38<=22,"<90%")) -> >90% | H39: =IF(H38>=22,">90%",IF(H38<=22,"<90%")) -> >90% | I39: =IF(I38>=22,">90%",IF(I38<=22,"<90%")) -> >90% | ... Q39: =IF(Q38>=22,">90%",IF(Q38<=22,"<90%")) -> >90%
A40: Status | B40: =IF(B38>=22,"OK",IF(B38<=22,"LESS")) -> OK | C40: =IF(C38>=22,"OK",IF(C38<=22,"LESS")) -> OK | D40: =IF(D38>=22,"OK",IF(D38<=22,"LESS")) -> OK | E40: =IF(E38>=22,"OK",IF(E38<=22,"LESS")) -> OK | F40: =IF(F38>=22,"OK",IF(F38<=22,"LESS")) -> OK | G40: =IF(G38>=22,"OK",IF(G38<=22,"LESS")) -> OK | H40: =IF(H38>=22,"OK",IF(H38<=22,"LESS")) -> OK | I40: =IF(I38>=22,"OK",IF(I38<=22,"LESS")) -> OK | ... Q40: =IF(Q38>=22,"OK",IF(Q38<=22,"LESS")) -> OK
A43: Done by | B43: RK
A45: Comment

Sheet 23
A1: Station: | B1: BHATAGAON RAIPUR
A2: Date: | B2: =$A$9 -> 23-03-2023 01:00 | D2: Power Off | G2: Pw.Off | L2: Link Fail | N2: Link F | P2: Maintenance | R2: Maint.
A3: Report Type: | B3: Mean | D3: Calibration | G3: Calib. | L3: Data Fail | N3: Data F | P3: Invalid | R3: Invalid
A4: Time Base: | B4: 01 Hour | D4: Zero Referrence | G4: Z.Ref | L4: Warm Up | N4: Wm. Up
A7: Date & Time | B7: NO_BHATAGAON | C7: NO2_BHATAGAON | D7: NOX_BHATAGAON | E7: SO2_BHATAGAON | F7: O3_BHATAGAON | G7: PM10_BHATAGAON | H7: PM2_5_BHATAGAON | I7: BENZ_BHATAGAON | J7: WS_BHATAGAON | K7: WD_BHATAGAON | L7: TEMP_BHATAGAON | M7: HUM BHATAGAON | N7: SR_BHATAGAON | O7: RG_BHATAGAON | P7: CO_BHATAGAON | Q7: NH3_BHATAGAON
B8: ug/m3 | C8: ug/m3 | D8: ppb | E8: ug/m3 | F8: ug/m3 | G8: mg/m3 | H8: ug/m3 | I8: ug/m3 | J8: m/sec | K8: deg | L8: degreC | M8: % | N8: w/m2 | O8: mm | P8: ug/m3 | Q8: ug/m3
A9: 23-03-2023 01:00 | B9: 53.61 | C9: 73.8 | D9: 84.16 | E9: 2.04 | F9: 1.7 | G9: 86.5 | H9: 29.24 | I9: 0.7 | J9: 0.25 | K9: 287.16 | L9: 19.73 | M9: 78.61 | N9: 4.8 | O9: 0 | P9: 1.23 | Q9: 53.81
A10: 23-03-2023 02:00 | B10: 44.73 | C10: 69.31 | D10: 75.86 | E10: 1.54 | F10: 1.6 | G10: 75.6 | H10: 23.59 | I10: 0.64 | J10: 0.12 | K10: 338.64 | L10: 18.93 | M10: 82.91 | N10: 5 | O10: 0 | P10: 1.05 | Q10: 54.85
A11: 23-03-2023 03:00 | B11: 39.17 | C11: 49.78 | D11: 60.24 | E11: 1.61 | F11: 1.45 | G11: 58.47 | H11: 21.74 | I11: 0.65 | J11: 0.14 | K11: 289.02 | L11: 18.36 | M11: 87.55 | N11: 4.8 | O11: 0 | P11: 0.97 | Q11: 49.29
A12: 23-03-2023 04:00 | B12: 38.17 | C12: 58.53 | D12: 64.38 | E12: 1.52 | F12: 1.39 | G12: 53.93 | H12: 22.24 | I12: 0.64 | J12: 0.19 | K12: 317.21 | L12: 17.96 | M12: 89.35 | N12: 4.7 | O12: 0 | P12: 0.93 | Q12: 51.21
A13: 23-03-2023 05:00 | B13: 40.04 | C13: 55.19 | D13: 64.09 | E13: 2.04 | F13: 1.51 | G13: 57.59 | H13: 22.25 | I13: 0.61 | J13: 0.22 | K13: 354.94 | L13: 17.98 | M13: 89.91 | N13: 4.8 | O13: 0 | P13: 0.87 | Q13: 53.71
A14: 23-03-2023 06:00 | B14: 47.78 | C14: 60.02 | D14: 72.76 | E14: 2.06 | F14: 1.27 | G14: 62.28 | H14: 24.2 | I14: 0.6 | J14: 0.28 | K14: 358.19 | L14: 17.5 | M14: 91.37 | N14: 6.5 | O14: 0 | P14: 0.86 | Q14: 51.65
A15: 23-03-2023 07:00 | B15: 61.3 | C15: 62.38 | D15: 84.99 | E15: 2.45 | F15: 1.55 | G15: 77.39 | H15: 27.73 | I15: 0.65 | J15: 0.46 | K15: 25.25 | L15: 19.59 | M15: 92.3 | N15: 110.4 | O15: 0 | P15: 0.96 | Q15: 53.16
A16: 23-03-2023 08:00 | B16: 62.24 | C16: 66.27 | D16: 88.22 | E16: 2.5 | F16: 1.54 | G16: 92.66 | H16: 34.85 | I16: 0.65 | J16: 0.63 | K16: 116.54 | L16: 23.86 | M16: 73.71 | N16: 307.5 | O16: 0 | P16: 1.1 | Q16: 57.97
A17: 23-03-2023 09:00 | B17: 56.74 | C17: 65.81 | D17: 79.14 | E17: 3.07 | F17: 4.21 | G17: 202.28 | H17: 51.71 | I17: 0.65 | J17: 1.26 | K17: 15.02 | L17: 28.05 | M17: 55.97 | N17: 494.9 | O17: 0 | P17: 1.35 | Q17: 58.42
A18: 23-03-2023 10:00 | B18: 44.02 | C18: 70.51 | D18: 74.96 | E18: 3.05 | F18: 4.77 | G18: 206.04 | H18: 52.28 | I18: 0.64 | J18: 0.9 | K18: 146.57 | L18: 27.8 | M18: 46.34 | N18: 687.2 | O18: 0 | P18: 1.35 | Q18: 56.56
A19: 23-03-2023 11:00 | B19: 36.39 | C19: 57.48 | D19: 62.38 | E19: 3.45 | F19: 5.53 | G19: 124.44 | H19: 47.39 | I19: 0.65 | J19: 0.88 | K19: 174.75 | L19: 28.55 | M19: 43.48 | N19: 803.9 | O19: 0 | P19: 1.3 | Q19: 57.13
A20: 23-03-2023 12:00 | B20: 21.16 | C20: 61.85 | D20: 48.58 | E20: 2.43 | F20: 4.72 | G20: 127.44 | H20: 43.89 | I20: 0.66 | J20: 1.05 | K20: 198.53 | L20: 28.91 | M20: 44.15 | N20: 926.3 | O20: 0 | P20: 1.19 | Q20: 57.38
... A32: 23-03-2023 24:00 | B32: 105.73 | C32: 76.24 | D32: 128.6 | E32: 3.93 | F32: 1.73 | G32: 153.59 | H32: 42.48 | I32: 1.06 | J32: 0.26 | K32: 261.29 | L32: 21.72 | M32: 61.93 | N32: 5 | O32: 0 | P32: 2.17 | Q32: 59.86
A34: Min | B34: =MIN(B9:B32) -> 5.23 | C34: =MIN(C9:C32) -> 49.78 | D34: =MIN(D9:D32) -> 40.47 | E34: =MIN(E9:E32) -> 1.52 | F34: =MIN(F9:F32) -> 1.27 | G34: =MIN(G9:G32) -> 26.33 | H34: =MIN(H9:H32) -> 17.16 | I34: =MIN(I9:I32) -> 0.58 | ... Q34: =MIN(Q9:Q32) -> 49.29
A35: Max | B35: =MAX(B9:B32) -> 135.18 | C35: =MAX(C9:C32) -> 116.45 | D35: =MAX(D9:D32) -> 167.11 | E35: =MAX(E9:E32) -> 5.87 | F35: =MAX(F9:F32) -> 17.2 | G35: =MAX(G9:G32) -> 206.04 | H35: =MAX(H9:H32) -> 52.28 | I35: =MAX(I9:I32) -> 1.13 | ... Q35: =MAX(Q9:Q32) -> 61.27
A36: Avg | B36: =AVERAGE(B9:B32) -> 47.383333 | C36: =AVERAGE(C9:C32) -> 74.725 | D36: =AVERAGE(D9:D32) -> 79.76125 | E36: =AVERAGE(E9:E32) -> 3.0025 | F36: =AVERAGE(F9:F32) -> 4.6791667 | G36: =AVERAGE(G9:G32) -> 101.36042 | H36: =AVERAGE(H9:H32) -> 31.992917 | I36: =AVERAGE(I9:I32) -> 0.71541667 | ... Q36: =AVERAGE(Q9:Q32) -> 55.394583
A37: Stdev | B37: =STDEV(B9:B32) -> 36.590718 | C37: =STDEV(C9:C32) -> 16.363798 | D37: =STDEV(D9:D32) -> 33.348722 | E37: =STDEV(E9:E32) -> 1.1938438 | F37: =STDEV(F9:F32) -> 4.2336344 | G37: =STDEV(G9:G32) -> 53.71082 | H37: =STDEV(H9:H32) -> 10.49821 | I37: =STDEV(I9:I32) -> 0.17710177 | ... Q37: =STDEV(Q9:Q32) -> 3.0353425
A38: Num | B38: =COUNT(B9:B32) -> 24 | C38: =COUNT(C9:C32) -> 24 | D38: =COUNT(D9:D32) -> 24 | E38: =COUNT(E9:E32) -> 24 | F38: =COUNT(F9:F32) -> 24 | G38: =COUNT(G9:G32) -> 24 | H38: =COUNT(H9:H32) -> 24 | I38: =COUNT(I9:I32) -> 24 | ... Q38: =COUNT(Q9:Q32) -> 24
A39: DCR | B39: =IF(B38>=22,">90%",IF(B38<=22,"<90%")) -> >90% | C39: =IF(C38>=22,">90%",IF(C38<=22,"<90%")) -> >90% | D39: =IF(D38>=22,">90%",IF(D38<=22,"<90%")) -> >90% | E39: =IF(E38>=22,">90%",IF(E38<=22,"<90%")) -> >90% | F39: =IF(F38>=22,">90%",IF(F38<=22,"<90%")) -> >90% | G39: =IF(G38>=22,">90%",IF(G38<=22,"<90%")) -> >90% | H39: =IF(H38>=22,">90%",IF(H38<=22,"<90%")) -> >90% | I39: =IF(I38>=22,">90%",IF(I38<=22,"<90%")) -> >90% | ... Q39: =IF(Q38>=22,">90%",IF(Q38<=22,"<90%")) -> >90%
A40: Status | B40: =IF(B38>=22,"OK",IF(B38<=22,"LESS")) -> OK | C40: =IF(C38>=22,"OK",IF(C38<=22,"LESS")) -> OK | D40: =IF(D38>=22,"OK",IF(D38<=22,"LESS")) -> OK | E40: =IF(E38>=22,"OK",IF(E38<=22,"LESS")) -> OK | F40: =IF(F38>=22,"OK",IF(F38<=22,"LESS")) -> OK | G40: =IF(G38>=22,"OK",IF(G38<=22,"LESS")) -> OK | H40: =IF(H38>=22,"OK",IF(H38<=22,"LESS")) -> OK | I40: =IF(I38>=22,"OK",IF(I38<=22,"LESS")) -> OK | ... Q40: =IF(Q38>=22,"OK",IF(Q38<=22,"LESS")) -> OK
A43: Done by | B43: RK
A45: Comment

Sheet 24
A1: Station: | B1: BHATAGAON RAIPUR
A2: Date: | B2: =$A$9 -> 24-03-2023 01:00 | D2: Power Off | G2: Pw.Off | L2: Link Fail | N2: Link F | P2: Maintenance | R2: Maint.
A3: Report Type: | B3: Mean | D3: Calibration | G3: Calib. | L3: Data Fail | N3: Data F | P3: Invalid | R3: Invalid
A4: Time Base: | B4: 01 Hour | D4: Zero Referrence | G4: Z.Ref | L4: Warm Up | N4: Wm. Up
A7: Date & Time | B7: NO_BHATAGAON | C7: NO2_BHATAGAON | D7: NOX_BHATAGAON | E7: SO2_BHATAGAON | F7: O3_BHATAGAON | G7: PM10_BHATAGAON | H7: PM2_5_BHATAGAON | I7: BENZ_BHATAGAON | J7: WS_BHATAGAON | K7: WD_BHATAGAON | L7: TEMP_BHATAGAON | M7: HUM BHATAGAON | N7: SR_BHATAGAON | O7: RG_BHATAGAON | P7: CO_BHATAGAON | Q7: NH3_BHATAGAON
B8: ug/m3 | C8: ug/m3 | D8: ppb | E8: ug/m3 | F8: ug/m3 | G8: mg/m3 | H8: ug/m3 | I8: ug/m3 | J8: m/sec | K8: deg | L8: degreC | M8: % | N8: w/m2 | O8: mm | P8: ug/m3 | Q8: ug/m3
A9: 24-03-2023 01:00 | B9: 76.84 | C9: 66.63 | D9: 98.26 | E9: 3.04 | F9: 3.29 | G9: 141.34 | H9: 42.54 | I9: 1.03 | J9: 0.2 | K9: 358.36 | L9: 21.21 | M9: 70.49 | N9: 5 | O9: 0 | P9: 1.81 | Q9: 58.54
A10: 24-03-2023 02:00 | B10: 78.58 | C10: 63.78 | D10: 99.95 | E10: 3.16 | F10: 2.69 | G10: 85.65 | H10: 35 | I10: 1.01 | J10: 0.11 | K10: 349.48 | L10: 19.9 | M10: 72.54 | N10: 5 | O10: 0 | P10: 1.74 | Q10: 62.1
A11: 24-03-2023 03:00 | B11: 64.84 | C11: 61.17 | D11: 87.5 | E11: 2.71 | F11: 1.36 | G11: 89.7 | H11: 32.2 | I11: 0.93 | J11: 0.1 | K11: 316.12 | L11: 19.64 | M11: 77.22 | N11: 4.9 | O11: 0 | P11: 1.53 | Q11: 59.66
A12: 24-03-2023 04:00 | B12: 51.66 | C12: 63.57 | D12: 77.65 | E12: 2.71 | F12: 1.75 | G12: 101.45 | H12: 35.57 | I12: 0.75 | J12: 0.17 | K12: 347.15 | L12: 20 | M12: 75.46 | N12: 5 | O12: 0 | P12: 1.3 | Q12: 54.93
A13: 24-03-2023 05:00 | B13: 56.18 | C13: 63.1 | D13: 80.75 | E13: 2.54 | F13: 1.4 | G13: 101.81 | H13: 35.78 | I13: 0.81 | J13: 0.13 | K13: 312.31 | L13: 19.12 | M13: 76.63 | N13: 5 | O13: 0 | P13: 1.22 | Q13: 60.57
A14: 24-03-2023 06:00 | B14: 65.71 | C14: 57.89 | D14: 86.38 | E14: 2.38 | F14: 1.38 | G14: 93.37 | H14: 34.07 | I14: 0.82 | J14: 0.45 | K14: 269.42 | L14: 19.29 | M14: 79.67 | N14: 5.4 | O14: 0 | P14: 1.18 | Q14: 60.65
A15: 24-03-2023 07:00 | B15: 67.08 | C15: 64.41 | D15: 89.38 | E15: 2.29 | F15: 1.51 | G15: 94.43 | H15: 30.2 | I15: 0.78 | J15: 0.71 | K15: 212.71 | L15: 20.83 | M15: 71.43 | N15: 104.8 | O15: 0 | P15: 1.15 | Q15: 62.13
A16: 24-03-2023 08:00 | B16: 64.53 | C16: 60.83 | D16: 86.56 | E16: 2.38 | F16: 2.39 | G16: 92.17 | H16: 37.73 | I16: 0.71 | J16: 0.9 | K16: 178.14 | L16: 23.42 | M16: 64.58 | N16: 324 | O16: 0 | P16: 1.08 | Q16: 55.57
A17: 24-03-2023 09:00 | B17: 57.93 | C17: 60.31 | D17: 74.55 | E17: 2.44 | F17: 2.06 | G17: 60.58 | H17: 38.08 | I17: 0.71 | J17: 0.96 | K17: 213.07 | L17: 26.23 | M17: 56.81 | N17: 535 | O17: 0 | P17: 1.04 | Q17: 61.2
A18: 24-03-2023 10:00 | B18: 36.31 | C18: 67.41 | D18: 63.63 | E18: 2.12 | F18: 1.9 | G18: 46.45 | H18: 28.49 | I18: 0.69 | J18: 0.42 | K18: 353.94 | L18: 31.08 | M18: 47.94 | N18: 712.4 | O18: 0 | P18: 0.88 | Q18: 58.35
A19: 24-03-2023 11:00 | B19: 19.33 | C19: 59.12 | D19: 47.37 | E19: 2.89 | F19: 10.57 | G19: 42.48 | H19: 27.22 | I19: 0.6 | J19: 0.3 | K19: 351.38 | L19: 31.5 | M19: 36.83 | N19: 819.1 | O19: 0 | P19: 0.79 | Q19: 57.23
A20: 24-03-2023 12:00 | B20: 12.82 | C20: 73.88 | D20: 52.79 | E20: 3.41 | F20: 7.8 | G20: 48.01 | H20: 23.41 | I20: 0.62 | J20: 0.65 | K20: 248.72 | L20: 31.49 | M20: 35.73 | N20: 890 | O20: 0 | P20: 0.79 | Q20: 58.98
... A22: 24-03-2023 14:00 | B22: 5.61 | C22: 61.52 | D22: 38.92 | E22: 3.97 | F22: 22.01 | G22: 48.43 | H22: 19.86 | I22: 0.63 | J22: 1.19 | K22: 171.83 | L22: 31.27 | M22: 30.65 | N22: 798.7 | O22: 0 | P22: 0.56 | Q22: 56.5
A23: 24-03-2023 15:00 | B23: Pw.Off | C23: Pw.Off | D23: Pw.Off | E23: Pw.Off | F23: Pw.Off | G23: Pw.Off | H23: Pw.Off | I23: Pw.Off | J23: Pw.Off | K23: Pw.Off | L23: Pw.Off | M23: Pw.Off | N23: Pw.Off | O23: Pw.Off | P23: Pw.Off | Q23: Pw.Off
A24: 24-03-2023 16:00 | B24: Pw.Off | C24: Pw.Off | D24: Pw.Off | E24: Pw.Off | F24: Pw.Off | G24: Pw.Off | H24: Pw.Off | I24: Pw.Off | J24: Pw.Off | K24: Pw.Off | L24: Pw.Off | M24: Pw.Off | N24: Pw.Off | O24: Pw.Off | P24: Pw.Off | Q24: Pw.Off
A25: 24-03-2023 17:00 | B25: 4.53 | C25: 52.18 | D25: 34.14 | E25: 0.64 | F25: 10 | G25: 133.56 | H25: 16.72 | I25: Data F | J25: 0.36 | K25: 334.61 | L25: 30.2 | M25: 31.79 | N25: 87.6 | O25: 0 | P25: 0.5 | Q25: Wm. Up
A26: 24-03-2023 18:00 | B26: 5.14 | C26: 78.25 | D26: 48.75 | E26: Data F | F26: 10.67 | G26: 56.71 | H26: 15.77 | I26: Data F | J26: 0.61 | K26: 281.25 | L26: 30.39 | M26: 36.24 | N26: 87.5 | O26: 0 | P26: 0.46 | Q26: 68.17
A27: 24-03-2023 19:00 | B27: 19.75 | C27: 105.03 | D27: 75.55 | E27: Data F | F27: 29.92 | G27: 69.66 | H27: 18.25 | I27: Data F | J27: 0.35 | K27: 250.85 | L27: 28.53 | M27: 40.92 | N27: 8.4 | O27: 0 | P27: 0.75 | Q27: 25.92
A28: 24-03-2023 20:00 | B28: 26.56 | C28: 97.14 | D28: 76.65 | E28: 2.5 | F28: 11.97 | G28: 75.68 | H28: 23.7 | I28: Data F | J28: 0.12 | K28: 330.22 | L28: 27.52 | M28: 45.7 | N28: 5 | O28: 0 | P28: 1.29 | Q28: 17.59
A29: 24-03-2023 21:00 | B29: 27.12 | C29: 72.28 | D29: 63.38 | E29: 4.25 | F29: 6.02 | G29: 96.92 | H29: 25.09 | I29: Data F | J29: 0.53 | K29: 323.47 | L29: 26.04 | M29: 51.22 | N29: 5.1 | O29: 0 | P29: 1.3 | Q29: 17.7
A30: 24-03-2023 22:00 | B30: 55.1 | C30: 77.52 | D30: 88.71 | E30: 2.89 | F30: 2.04 | G30: 97.9 | H30: 26.51 | I30: Data F | J30: 0.22 | K30: 350.77 | L30: 24.97 | M30: 57.11 | N30: 5 | O30: 0 | P30: 1.39 | Q30: 17.89
A31: 24-03-2023 23:00 | B31: 61.94 | C31: 75.98 | D31: 93.34 | E31: 3.05 | F31: 5.37 | G31: 97.47 | H31: 29.1 | I31: Data F | J31: 0.19 | K31: 306.81 | L31: 23.88 | M31: 59.62 | N31: 4.9 | O31: 0 | P31: 1.52 | Q31: 18.2
A32: 24-03-2023 24:00 | B32: 44.94 | C32: 62.43 | D32: 72.24 | E32: 2.61 | F32: 4.85 | G32: 90.77 | H32: 29.19 | I32: Data F | J32: 0.6 | K32: 348.35 | L32: 23.49 | M32: 59.26 | N32: 5.1 | O32: 0 | P32: 1.19 | Q32: 21.35
A34: Min | B34: =MIN(B9:B32) -> 4.53 | C34: =MIN(C9:C32) -> 52.18 | D34: =MIN(D9:D32) -> 34.14 | E34: =MIN(E9:E32) -> 0.64 | F34: =MIN(F9:F32) -> 1.36 | G34: =MIN(G9:G32) -> 42.48 | H34: =MIN(H9:H32) -> 15.77 | I34: =MIN(I9:I32) -> 0.6 | ... Q34: =MIN(Q9:Q32) -> 17.59
A35: Max | B35: =MAX(B9:B32) -> 78.58 | C35: =MAX(C9:C32) -> 105.03 | D35: =MAX(D9:D32) -> 99.95 | E35: =MAX(E9:E32) -> 4.25 | F35: =MAX(F9:F32) -> 29.92 | G35: =MAX(G9:G32) -> 141.34 | H35: =MAX(H9:H32) -> 42.54 | I35: =MAX(I9:I32) -> 1.03 | ... Q35: =MAX(Q9:Q32) -> 68.17
A36: Avg | B36: =AVERAGE(B9:B32) -> 41.289091 | C36: =AVERAGE(C9:C32) -> 69.093182 | D36: =AVERAGE(D9:D32) -> 72.028182 | E36: =AVERAGE(E9:E32) -> 2.7675 | F36: =AVERAGE(F9:F32) -> 6.6963636 | G36: =AVERAGE(G9:G32) -> 82.407727 | H36: =AVERAGE(H9:H32) -> 28.536818 | I36: =AVERAGE(I9:I32) -> 0.76642857 | ... Q36: =AVERAGE(Q9:Q32) -> 48.158571
A37: Stdev | B37: =STDEV(B9:B32) -> 25.479114 | C37: =STDEV(C9:C32) -> 12.540419 | D37: =STDEV(D9:D32) -> 19.605483 | E37: =STDEV(E9:E32) -> 0.74316446 | F37: =STDEV(F9:F32) -> 7.2336966 | G37: =STDEV(G9:G32) -> 27.36324 | H37: =STDEV(H9:H32) -> 7.3716719 | I37: =STDEV(I9:I32) -> 0.14052687 | ... Q37: =STDEV(Q9:Q32) -> 18.670575
A38: Num | B38: =COUNT(B9:B32)+2 -> 24 | C38: =COUNT(C9:C32)+2 -> 24 | D38: =COUNT(D9:D32)+2 -> 24 | E38: =COUNT(E9:E32)+4 -> 24 | F38: =COUNT(F9:F32)+2 -> 24 | G38: =COUNT(G9:G32)+2 -> 24 | H38: =COUNT(H9:H32)+2 -> 24 | I38: =COUNT(I9:I32)+10 -> 24 | J38: =COUNT(J9:J32)+2 -> 24 | K38: =COUNT(K9:K32)+2 -> 24 | L38: =COUNT(L9:L32)+2 -> 24 | M38: =COUNT(M9:M32)+2 -> 24 | N38: =COUNT(N9:N32)+2 -> 24 | O38: =COUNT(O9:O32)+2 -> 24 | P38: =COUNT(P9:P32)+2 -> 24 | Q38: =COUNT(Q9:Q32)+3 -> 24
A39: DCR | B39: =IF(B38>=22,">90%",IF(B38<=22,"<90%")) -> >90% | C39: =IF(C38>=22,">90%",IF(C38<=22,"<90%")) -> >90% | D39: =IF(D38>=22,">90%",IF(D38<=22,"<90%")) -> >90% | E39: =IF(E38>=22,">90%",IF(E38<=22,"<90%")) -> >90% | F39: =IF(F38>=22,">90%",IF(F38<=22,"<90%")) -> >90% | G39: =IF(G38>=22,">90%",IF(G38<=22,"<90%")) -> >90% | H39: =IF(H38>=22,">90%",IF(H38<=22,"<90%")) -> >90% | I39: =IF(I38>=22,">90%",IF(I38<=22,"<90%")) -> >90% | ... Q39: =IF(Q38>=22,">90%",IF(Q38<=22,"<90%")) -> >90%
A40: Status | B40: =IF(B38>=22,"OK",IF(B38<=22,"LESS")) -> OK | C40: =IF(C38>=22,"OK",IF(C38<=22,"LESS")) -> OK | D40: =IF(D38>=22,"OK",IF(D38<=22,"LESS")) -> OK | E40: =IF(E38>=22,"OK",IF(E38<=22,"LESS")) -> OK | F40: =IF(F38>=22,"OK",IF(F38<=22,"LESS")) -> OK | G40: =IF(G38>=22,"OK",IF(G38<=22,"LESS")) -> OK | H40: =IF(H38>=22,"OK",IF(H38<=22,"LESS")) -> OK | I40: =IF(I38>=22,"OK",IF(I38<=22,"LESS")) -> OK | ... Q40: =IF(Q38>=22,"OK",IF(Q38<=22,"LESS")) -> OK
A43: Done by | B43: RK
A45: Comment

Sheet 25
A1: Station: | B1: BHATAGAON RAIPUR
A2: Date: | B2: =$A$9 -> 25-03-2023 01:00 | D2: Power Off | G2: Pw.Off | L2: Link Fail | N2: Link F | P2: Maintenance | R2: Maint.
A3: Report Type: | B3: Mean | D3: Calibration | G3: Calib. | L3: Data Fail | N3: Data F | P3: Invalid | R3: Invalid
A4: Time Base: | B4: 01 Hour | D4: Zero Referrence | G4: Z.Ref | L4: Warm Up | N4: Wm. Up
A7: Date & Time | B7: NO_BHATAGAON | C7: NO2_BHATAGAON | D7: NOX_BHATAGAON | E7: SO2_BHATAGAON | F7: O3_BHATAGAON | G7: PM10_BHATAGAON | H7: PM2_5_BHATAGAON | I7: BENZ_BHATAGAON | J7: WS_BHATAGAON | K7: WD_BHATAGAON | L7: TEMP_BHATAGAON | M7: HUM BHATAGAON | N7: SR_BHATAGAON | O7: RG_BHATAGAON | P7: CO_BHATAGAON | Q7: NH3_BHATAGAON
B8: ug/m3 | C8: ug/m3 | D8: ppb | E8: ug/m3 | F8: ug/m3 | G8: mg/m3 | H8: ug/m3 | I8: ug/m3 | J8: m/sec | K8: deg | L8: degreC | M8: % | N8: w/m2 | O8: mm | P8: ug/m3 | Q8: ug/m3
A9: 25-03-2023 01:00 | B9: 41.68 | C9: 64.46 | D9: 70.74 | E9: 3.38 | F9: 1.86 | G9: 68.63 | H9: 25.99 | I9: Maint. | J9: 0.17 | K9: 343.89 | L9: 22.16 | M9: 66.47 | N9: 5.1 | O9: 0 | P9: 1.18 | Q9: 18.2
A10: 25-03-2023 02:00 | B10: 40.85 | C10: 62.94 | D10: 69.23 | E10: 2.96 | F10: 2.09 | G10: 70.37 | H10: 25.28 | I10: Maint. | J10: 0.22 | K10: 358.89 | L10: 21.47 | M10: 68.43 | N10: 4.8 | O10: 0 | P10: 1.05 | Q10: 16.13
A11: 25-03-2023 03:00 | B11: 39.37 | C11: 62.7 | D11: 64.75 | E11: 2.93 | F11: 2.26 | G11: 70.44 | H11: 25.34 | I11: Maint. | J11: 0.15 | K11: 342.96 | L11: 21.57 | M11: 70.79 | N11: 5.1 | O11: 0 | P11: 0.97 | Q11: 14.6
A12: 25-03-2023 04:00 | B12: 46.27 | C12: 54.67 | D12: 66.15 | E12: 3.19 | F12: 1.83 | G12: 86.72 | H12: 26.56 | I12: Maint. | J12: 0.12 | K12: 355.47 | L12: 20.35 | M12: 74.36 | N12: 4.8 | O12: 0 | P12: 0.95 | Q12: 16.6
A13: 25-03-2023 05:00 | B13: 53.04 | C13: 57.33 | D13: 75.91 | E13: 3.03 | F13: 1.54 | G13: 101.44 | H13: 30.18 | I13: Maint. | J13: 0.1 | K13: 345.94 | L13: 20.05 | M13: 74.32 | N13: 4.9 | O13: 0 | P13: 0.94 | Q13: 18.44
A14: 25-03-2023 06:00 | B14: 70.82 | C14: 59.69 | D14: 89.29 | E14: 3.02 | F14: 1.29 | G14: 124.17 | H14: 35.69 | I14: Maint. | J14: 0.12 | K14: 348.91 | L14: 19.98 | M14: 76.32 | N14: 7.1 | O14: 0 | P14: 0.97 | Q14: 21.27
A15: 25-03-2023 07:00 | B15: 66.32 | C15: 60.99 | D15: 88.58 | E15: 3.14 | F15: 1.65 | G15: 124.93 | H15: 35.88 | I15: Maint. | J15: 0.53 | K15: 238.76 | L15: 21.81 | M15: 72.36 | N15: 108.6 | O15: 0 | P15: 0.92 | Q15: 25.88
A16: 25-03-2023 08:00 | B16: 64.68 | C16: 58.28 | D16: 85.73 | E16: 3.18 | F16: 1.68 | G16: 78.01 | H16: 32.79 | I16: Maint. | J16: 0.72 | K16: 212.28 | L16: 25.13 | M16: 64.47 | N16: 306.1 | O16: 0 | P16: 0.88 | Q16: 23.82
A17: 25-03-2023 09:00 | B17: 46.78 | C17: 58.76 | D17: 70.54 | E17: 3.13 | F17: 6.52 | G17: 60.42 | H17: 29.44 | I17: Maint. | J17: 0.79 | K17: 198.39 | L17: 26.72 | M17: 52.08 | N17: 538.8 | O17: 0 | P17: 0.84 | Q17: 15.85
A18: 25-03-2023 10:00 | B18: 30.71 | C18: 59.76 | D18: 58.62 | E18: 4.55 | F18: 8.58 | G18: 60.7 | H18: 29.32 | I18: Maint. | J18: 0.74 | K18: 179.78 | L18: 30.09 | M18: 45.39 | N18: 718.9 | O18: 0 | P18: 0.83 | Q18: 9.46
A19: 25-03-2023 11:00 | B19: 22.7 | C19: 67.21 | D19: 57.03 | E19: 12.98 | F19: 59.22 | G19: 57.75 | H19: 28.86 | I19: 0.5 | J19: 0.43 | K19: 262.01 | L19: 32.77 | M19: 39.48 | N19: 809.4 | O19: 0 | P19: 0.92 | Q19: 49.95
A20: 25-03-2023 12:00 | B20: 3.81 | C20: 41.18 | D20: 27.29 | E20: 9.64 | F20: 40.54 | G20: 55.83 | H20: 26.33 | I20: 0.5 | J20: 0.69 | K20: 351.83 | L20: 33.6 | M20: 41.01 | N20: 854.6 | O20: 0 | P20: 0.86 | Q20: 49.67
A21: 25-03-2023 13:00 | B21: 2.31 | C21: 40.82 | D21: 26.1 | E21: 8.17 | F21: 25.85 | G21: 50.45 | H21: 23.64 | I21: 0.49 | J21: 0.27 | K21: 283.8 | L21: 33.02 | M21: 34.59 | N21: 859 | O21: 0 | P21: 0.89 | Q21: 41.76
A22: 25-03-2023 14:00 | B22: 2.37 | C22: 35.75 | D22: 23.23 | E22: 5.7 | F22: 29.17 | G22: 58.55 | H22: 23.55 | I22: 0.53 | J22: 0.83 | K22: 211.7 | L22: 33.61 | M22: 34.94 | N22: 825.8 | O22: 0 | P22: 0.82 | Q22: 44.6
A23: 25-03-2023 15:00 | B23: 3.34 | C23: 30.52 | D23: 20.9 | E23: 5.27 | F23: 13.86 | G23: 58.82 | H23: 20.75 | I23: 0.57 | J23: 0.5 | K23: 184.78 | L23: 34.93 | M23: 25.72 | N23: 739.9 | O23: 0 | P23: 0.73 | Q23: 45.86
A24: 25-03-2023 16:00 | B24: 3.32 | C24: 41.73 | D24: 26.59 | E24: 3.22 | F24: 14.29 | G24: 53.67 | H24: 22.33 | I24: 0.57 | J24: 2.48 | K24: 354.96 | L24: 34.25 | M24: 33.36 | N24: 242.4 | O24: 0 | P24: 0.68 | Q24: 42.14
A25: 25-03-2023 17:00 | B25: 4.34 | C25: 42.3 | D25: 28.57 | E25: 1.62 | F25: 7.83 | G25: 53.93 | H25: 22.51 | I25: 0.55 | J25: 1.57 | K25: 354.66 | L25: 30.16 | M25: 37.72 | N25: 194.1 | O25: 0 | P25: 0.58 | Q25: 41.87
A26: 25-03-2023 18:00 | B26: 31.89 | C26: 70.31 | D26: 59.8 | E26: 3.33 | F26: 16.66 | G26: 57.49 | H26: 20.17 | I26: 0.54 | J26: 0.39 | K26: 342.43 | L26: 29.96 | M26: 35.08 | N26: 53.7 | O26: 0 | P26: 1.03 | Q26: 43.27
A27: 25-03-2023 19:00 | B27: 28.59 | C27: 73.45 | D27: 63.3 | E27: 8.81 | F27: 12.28 | G27: 71.46 | H27: 23.52 | I27: 0.64 | J27: 1.19 | K27: 72.78 | L27: 27.99 | M27: 37.84 | N27: 7.7 | O27: 0 | P27: 1.21 | Q27: 41.91
A28: 25-03-2023 20:00 | B28: 32.02 | C28: 65.97 | D28: 63.83 | E28: 19.93 | F28: 6.65 | G28: 97.89 | H28: 31.09 | I28: 0.64 | J28: 0.47 | K28: 359.73 | L28: 27.28 | M28: 43.89 | N28: 5.1 | O28: 0 | P28: 1.39 | Q28: 44.8
A29: 25-03-2023 21:00 | B29: 33.87 | C29: 75.24 | D29: 70.42 | E29: 27.95 | F29: 7.67 | G29: 104.01 | H29: 33.8 | I29: 0.68 | J29: 0.43 | K29: 120.3 | L29: 26.28 | M29: 45.55 | N29: 4.9 | O29: 0 | P29: 1.6 | Q29: 44.43
A30: 25-03-2023 22:00 | B30: 25.47 | C30: 56.8 | D30: 53.51 | E30: 21.05 | F30: 5.91 | G30: 104.19 | H30: 33.8 | I30: 0.75 | J30: 1.27 | K30: 162.84 | L30: 26.42 | M30: 44.48 | N30: 4.8 | O30: 0 | P30: 1.37 | Q30: 50.44
... A32: 25-03-2023 24:00 | B32: 16.88 | C32: 44.39 | D32: 39.64 | E32: 4.18 | F32: 9.96 | G32: 80.8 | H32: 28.87 | I32: 0.69 | J32: 0.18 | K32: 329 | L32: 23.48 | M32: 61.58 | N32: 5.2 | O32: 0 | P32: 0.92 | Q32: 50.92
A34: Min | B34: =MIN(B9:B32) -> 2.31 | C34: =MIN(C9:C32) -> 30.52 | D34: =MIN(D9:D32) -> 20.9 | E34: =MIN(E9:E32) -> 1.62 | F34: =MIN(F9:F32) -> 1.29 | G34: =MIN(G9:G32) -> 50.45 | H34: =MIN(H9:H32) -> 20.17 | I34: =MIN(I9:I32) -> 0.49 | ... Q34: =MIN(Q9:Q32) -> 9.46
A35: Max | B35: =MAX(B9:B32) -> 70.82 | C35: =MAX(C9:C32) -> 75.24 | D35: =MAX(D9:D32) -> 89.29 | E35: =MAX(E9:E32) -> 27.95 | F35: =MAX(F9:F32) -> 59.22 | G35: =MAX(G9:G32) -> 124.93 | H35: =MAX(H9:H32) -> 35.88 | I35: =MAX(I9:I32) -> 0.75 | ... Q35: =MAX(Q9:Q32) -> 51.83
A36: Avg | B36: =AVERAGE(B9:B32) -> 30.560833 | C36: =AVERAGE(C9:C32) -> 55.56375 | D36: =AVERAGE(D9:D32) -> 56.075 | E36: =AVERAGE(E9:E32) -> 7.1408333 | F36: =AVERAGE(F9:F32) -> 12.033333 | G36: =AVERAGE(G9:G32) -> 76.785833 | H36: =AVERAGE(H9:H32) -> 27.8625 | I36: =AVERAGE(I9:I32) -> 0.59785714 | ... Q36: =AVERAGE(Q9:Q32) -> 34.320833
A37: Stdev | B37: =STDEV(B9:B32) -> 21.091213 | C37: =STDEV(C9:C32) -> 12.210647 | D37: =STDEV(D9:D32) -> 21.460162 | E37: =STDEV(E9:E32) -> 6.7961178 | F37: =STDEV(F9:F32) -> 14.067966 | G37: =STDEV(G9:G32) -> 22.597073 | H37: =STDEV(H9:H32) -> 4.7279624 | I37: =STDEV(I9:I32) -> 0.087457996 | ... Q37: =STDEV(Q9:Q32) -> 14.656611
A38: Num | B38: =COUNT(B9:B32) -> 24 | C38: =COUNT(C9:C32) -> 24 | D38: =COUNT(D9:D32) -> 24 | E38: =COUNT(E9:E32) -> 24 | F38: =COUNT(F9:F32) -> 24 | G38: =COUNT(G9:G32) -> 24 | H38: =COUNT(H9:H32) -> 24 | I38: =COUNT(I9:I32)+10 -> 24 | J38: =COUNT(J9:J32) -> 24 | K38: =COUNT(K9:K32) -> 24 | L38: =COUNT(L9:L32) -> 24 | M38: =COUNT(M9:M32) -> 24 | N38: =COUNT(N9:N32) -> 24 | O38: =COUNT(O9:O32) -> 24 | P38: =COUNT(P9:P32) -> 24 | Q38: =COUNT(Q9:Q32) -> 24
A39: DCR | B39: =IF(B38>=22,">90%",IF(B38<=22,"<90%")) -> >90% | C39: =IF(C38>=22,">90%",IF(C38<=22,"<90%")) -> >90% | D39: =IF(D38>=22,">90%",IF(D38<=22,"<90%")) -> >90% | E39: =IF(E38>=22,">90%",IF(E38<=22,"<90%")) -> >90% | F39: =IF(F38>=22,">90%",IF(F38<=22,"<90%")) -> >90% | G39: =IF(G38>=22,">90%",IF(G38<=22,"<90%")) -> >90% | H39: =IF(H38>=22,">90%",IF(H38<=22,"<90%")) -> >90% | I39: =IF(I38>=22,">90%",IF(I38<=22,"<90%")) -> >90% | ... Q39: =IF(Q38>=22,">90%",IF(Q38<=22,"<90%")) -> >90%
A40: Status | B40: =IF(B38>=22,"OK",IF(B38<=22,"LESS")) -> OK | C40: =IF(C38>=22,"OK",IF(C38<=22,"LESS")) -> OK | D40: =IF(D38>=22,"OK",IF(D38<=22,"LESS")) -> OK | E40: =IF(E38>=22,"OK",IF(E38<=22,"LESS")) -> OK | F40: =IF(F38>=22,"OK",IF(F38<=22,"LESS")) -> OK | G40: =IF(G38>=22,"OK",IF(G38<=22,"LESS")) -> OK | H40: =IF(H38>=22,"OK",IF(H38<=22,"LESS")) -> OK | I40: =IF(I38>=22,"OK",IF(I38<=22,"LESS")) -> OK | ... Q40: =IF(Q38>=22,"OK",IF(Q38<=22,"LESS")) -> OK
A43: Done by | B43: RAHUL
A45: Comment

Sheet 26
A1: Station: | B1: BHATAGAON RAIPUR
A2: Date: | B2: =$A$9 -> 26-03-2023 01:00 | D2: Power Off | G2: Pw.Off | L2: Link Fail | N2: Link F | P2: Maintenance | R2: Maint.
A3: Report Type: | B3: Mean | D3: Calibration | G3: Calib. | L3: Data Fail | N3: Data F | P3: Invalid | R3: Invalid
A4: Time Base: | B4: 01 Hour | D4: Zero Referrence | G4: Z.Ref | L4: Warm Up | N4: Wm. Up
A7: Date & Time | B7: NO_BHATAGAON | C7: NO2_BHATAGAON | D7: NOX_BHATAGAON | E7: SO2_BHATAGAON | F7: O3_BHATAGAON | G7: PM10_BHATAGAON | H7: PM2_5_BHATAGAON | I7: BENZ_BHATAGAON | J7: WS_BHATAGAON | K7: WD_BHATAGAON | L7: TEMP_BHATAGAON | M7: HUM BHATAGAON | N7: SR_BHATAGAON | O7: RG_BHATAGAON | P7: CO_BHATAGAON | Q7: NH3_BHATAGAON
B8: ug/m3 | C8: ug/m3 | D8: ppb | E8: ug/m3 | F8: ug/m3 | G8: mg/m3 | H8: ug/m3 | I8: ug/m3 | J8: m/sec | K8: deg | L8: degreC | M8: % | N8: w/m2 | O8: mm | P8: ug/m3 | Q8: ug/m3
A9: 26-03-2023 01:00 | B9: 16.38 | C9: 45.3 | D9: 39.73 | E9: 2.68 | F9: 10.93 | G9: 49.7 | H9: 25.11 | I9: 0.62 | J9: 0.15 | K9: 352.62 | L9: 22.41 | M9: 62.02 | N9: 4.7 | O9: 0 | P9: 0.87 | Q9: 51.77
A10: 26-03-2023 02:00 | B10: 15.84 | C10: 41.34 | D10: 36.88 | E10: 2.32 | F10: 9.35 | G10: 45.71 | H10: 22.29 | I10: 0.63 | J10: 0.12 | K10: 333.5 | L10: 21.93 | M10: 65.32 | N10: 4.9 | O10: 0 | P10: 0.79 | Q10: 51.81
A11: 26-03-2023 03:00 | B11: 14.55 | C11: 45.5 | D11: 38.52 | E11: 2.2 | F11: 6.26 | G11: 52.28 | H11: 22.81 | I11: 0.6 | J11: 0.27 | K11: 330.86 | L11: 21.71 | M11: 66.71 | N11: 4.9 | O11: 0 | P11: 0.75 | Q11: 51.56
A12: 26-03-2023 04:00 | B12: 16.13 | C12: 53.62 | D12: 44.27 | E12: 2.04 | F12: 8.51 | G12: 52.82 | H12: 22.81 | I12: 0.6 | J12: 0.17 | K12: 277.95 | L12: 22.2 | M12: 62.9 | N12: 4.9 | O12: 0 | P12: 0.63 | Q12: 51.49
A13: 26-03-2023 05:00 | B13: 19.29 | C13: 49.5 | D13: 44.18 | E13: 2.72 | F13: 5.08 | G13: 49.6 | H13: 21.6 | I13: 0.61 | J13: 0.46 | K13: 354.62 | L13: 22.15 | M13: 64.95 | N13: 5 | O13: 0 | P13: 0.63 | Q13: 51.94
A14: 26-03-2023 06:00 | B14: 20.23 | C14: 47.45 | D14: 43.31 | E14: 2.72 | F14: 2.2 | G14: 49.79 | H14: 21.38 | I14: 0.65 | J14: 0.4 | K14: 183.7 | L14: 21.91 | M14: 71.69 | N14: 7.4 | O14: 0 | P14: 0.63 | Q14: 52.07
A15: 26-03-2023 07:00 | B15: 31.01 | C15: 53.17 | D15: 54.66 | E15: 3.28 | F15: 1.73 | G15: 56.64 | H15: 20.44 | I15: 0.62 | J15: 0.57 | K15: 276.8 | L15: 23 | M15: 70.75 | N15: 102.7 | O15: 0 | P15: 0.69 | Q15: 50.92
A16: 26-03-2023 08:00 | B16: 34.25 | C16: 62.38 | D16: 62.06 | E16: 5.23 | F16: 2.77 | G16: 67.63 | H16: 29.41 | I16: 0.64 | J16: 0.36 | K16: 355.6 | L16: 28.09 | M16: 57.67 | N16: 294.9 | O16: 0 | P16: 0.73 | Q16: 52.55
A17: 26-03-2023 09:00 | B17: 31.55 | C17: 45.22 | D17: 51.92 | E17: 3.73 | F17: 4.81 | G17: 68.04 | H17: 29.41 | I17: 0.65 | J17: 0.23 | K17: 353.81 | L17: 29.48 | M17: 45.75 | N17: 519.7 | O17: 0 | P17: 0.81 | Q17: 55.46
A18: 26-03-2023 10:00 | B18: 24.09 | C18: 62.52 | D18: 48.76 | E18: 2.99 | F18: 2.7 | G18: 68.04 | H18: 26.84 | I18: 0.64 | J18: 0.47 | K18: 346.22 | L18: 31.28 | M18: 46.95 | N18: 651 | O18: 0 | P18: 1.09 | Q18: 48.96
A19: 26-03-2023 11:00 | B19: 9.39 | C19: 72.81 | D19: 49.45 | E19: 2.71 | F19: 3.81 | G19: 64.79 | H19: 26.32 | I19: 0.59 | J19: 0.9 | K19: 354.99 | L19: 33.04 | M19: 39.5 | N19: 787.5 | O19: 0 | P19: 1.13 | Q19: 44.9
A20: 26-03-2023 12:00 | B20: 4.68 | C20: 55.38 | D20: 35.89 | E20: 2.64 | F20: 3.99 | G20: 60.7 | H20: 25.25 | I20: 0.54 | J20: 0.64 | K20: 8.65 | L20: 34.89 | M20: 36.92 | N20: 866.2 | O20: 0 | P20: 0.95 | Q20: 44.48
... A32: 26-03-2023 24:00 | B32: 6.29 | C32: 35.16 | D32: 26.19 | E32: 2.32 | F32: 5.33 | G32: 31.08 | H32: 14.42 | I32: 0.52 | J32: 1.73 | K32: 72.63 | L32: 20.94 | M32: 74.02 | N32: 5.2 | O32: 0 | P32: 0.48 | Q32: 47.17
A34: Min | B34: =MIN(B9:B32) -> 2.39 | C34: =MIN(C9:C32) -> 33.84 | D34: =MIN(D9:D32) -> 23.34 | E34: =MIN(E9:E32) -> 2.04 | F34: =MIN(F9:F32) -> 1.73 | G34: =MIN(G9:G32) -> 24.85 | H34: =MIN(H9:H32) -> 14.42 | I34: =MIN(I9:I32) -> 0.5 | ... Q34: =MIN(Q9:Q32) -> 32.97
A35: Max | B35: =MAX(B9:B32) -> 34.25 | C35: =MAX(C9:C32) -> 72.81 | D35: =MAX(D9:D32) -> 62.06 | E35: =MAX(E9:E32) -> 5.23 | F35: =MAX(F9:F32) -> 14.71 | G35: =MAX(G9:G32) -> 120.49 | H35: =MAX(H9:H32) -> 29.41 | I35: =MAX(I9:I32) -> 0.65 | ... Q35: =MAX(Q9:Q32) -> 55.46
A36: Avg | B36: =AVERAGE(B9:B32) -> 12.767917 | C36: =AVERAGE(C9:C32) -> 49.579583 | D36: =AVERAGE(D9:D32) -> 38.550833 | E36: =AVERAGE(E9:E32) -> 2.8433333 | F36: =AVERAGE(F9:F32) -> 6.64375 | G36: =AVERAGE(G9:G32) -> 55.3125 | H36: =AVERAGE(H9:H32) -> 21.396667 | I36: =AVERAGE(I9:I32) -> 0.57 | ... Q36: =AVERAGE(Q9:Q32) -> 46.439583
A37: Stdev | B37: =STDEV(B9:B32) -> 9.6249377 | C37: =STDEV(C9:C32) -> 9.5350846 | D37: =STDEV(D9:D32) -> 9.7312048 | E37: =STDEV(E9:E32) -> 0.723005 | F37: =STDEV(F9:F32) -> 3.8407866 | G37: =STDEV(G9:G32) -> 22.658918 | H37: =STDEV(H9:H32) -> 4.0441667 | I37: =STDEV(I9:I32) -> 0.052419711 | ... Q37: =STDEV(Q9:Q32) -> 5.5301171
A38: Num | B38: =COUNT(B9:B32) -> 24 | C38: =COUNT(C9:C32) -> 24 | D38: =COUNT(D9:D32) -> 24 | E38: =COUNT(E9:E32) -> 24 | F38: =COUNT(F9:F32) -> 24 | G38: =COUNT(G9:G32) -> 24 | H38: =COUNT(H9:H32) -> 24 | I38: =COUNT(I9:I32) -> 24 | ... Q38: =COUNT(Q9:Q32) -> 24
A39: DCR | B39: =IF(B38>=22,">90%",IF(B38<=22,"<90%")) -> >90% | C39: =IF(C38>=22,">90%",IF(C38<=22,"<90%")) -> >90% | D39: =IF(D38>=22,">90%",IF(D38<=22,"<90%")) -> >90% | E39: =IF(E38>=22,">90%",IF(E38<=22,"<90%")) -> >90% | F39: =IF(F38>=22,">90%",IF(F38<=22,"<90%")) -> >90% | G39: =IF(G38>=22,">90%",IF(G38<=22,"<90%")) -> >90% | H39: =IF(H38>=22,">90%",IF(H38<=22,"<90%")) -> >90% | I39: =IF(I38>=22,">90%",IF(I38<=22,"<90%")) -> >90% | ... Q39: =IF(Q38>=22,">90%",IF(Q38<=22,"<90%")) -> >90%
A40: Status | B40: =IF(B38>=22,"OK",IF(B38<=22,"LESS")) -> OK | C40: =IF(C38>=22,"OK",IF(C38<=22,"LESS")) -> OK | D40: =IF(D38>=22,"OK",IF(D38<=22,"LESS")) -> OK | E40: =IF(E38>=22,"OK",IF(E38<=22,"LESS")) -> OK | F40: =IF(F38>=22,"OK",IF(F38<=22,"LESS")) -> OK | G40: =IF(G38>=22,"OK",IF(G38<=22,"LESS")) -> OK | H40: =IF(H38>=22,"OK",IF(H38<=22,"LESS")) -> OK | I40: =IF(I38>=22,"OK",IF(I38<=22,"LESS")) -> OK | ... Q40: =IF(Q38>=22,"OK",IF(Q38<=22,"LESS")) -> OK
A43: Done by | B43: RAHUL
A45: Comment

Sheet 27
A1: Station: | B1: BHATAGAON RAIPUR
A2: Date: | B2: =$A$9 -> 27-03-2023 01:00 | D2: Power Off | G2: Pw.Off | L2: Link Fail | N2: Link F | P2: Maintenance | R2: Maint.
A3: Report Type: | B3: Mean | D3: Calibration | G3: Calib. | L3: Data Fail | N3: Data F | P3: Invalid | R3: Invalid
A4: Time Base: | B4: 01 Hour | D4: Zero Referrence | G4: Z.Ref | L4: Warm Up | N4: Wm. Up
A7: Date & Time | B7: NO_BHATAGAON | C7: NO2_BHATAGAON | D7: NOX_BHATAGAON | E7: SO2_BHATAGAON | F7: O3_BHATAGAON | G7: PM10_BHATAGAON | H7: PM2_5_BHATAGAON | I7: BENZ_BHATAGAON | J7: WS_BHATAGAON | K7: WD_BHATAGAON | L7: TEMP_BHATAGAON | M7: HUM BHATAGAON | N7: SR_BHATAGAON | O7: RG_BHATAGAON | P7: CO_BHATAGAON | Q7: NH3_BHATAGAON
B8: ug/m3 | C8: ug/m3 | D8: ppb | E8: ug/m3 | F8: ug/m3 | G8: mg/m3 | H8: ug/m3 | I8: ug/m3 | J8: m/sec | K8: deg | L8: degreC | M8: % | N8: w/m2 | O8: mm | P8: ug/m3 | Q8: ug/m3
A9: 27-03-2023 01:00 | B9: 7.44 | C9: 47.02 | D9: 32.89 | E9: 2.19 | F9: 2.52 | G9: 43.55 | H9: 15.07 | I9: 0.52 | J9: 1.28 | K9: 58.78 | L9: 20.21 | M9: 77.46 | N9: 5.1 | O9: 0 | P9: 0.53 | Q9: 46.12
A10: 27-03-2023 02:00 | B10: 8.76 | C10: 47.6 | D10: 35.04 | E10: 2.09 | F10: 2.5 | G10: 43.97 | H10: 15.1 | I10: 0.52 | J10: 1.72 | K10: 113.37 | L10: 20.68 | M10: 71.27 | N10: 4.7 | O10: 0 | P10: 0.49 | Q10: 48.22
A11: 27-03-2023 03:00 | B11: 8.97 | C11: 37.85 | D11: 29.82 | E11: 1.95 | F11: 2.08 | G11: 27.25 | H11: 13.39 | I11: 0.52 | J11: 1.92 | K11: 118.88 | L11: 20.56 | M11: 69.33 | N11: 4.7 | O11: 0 | P11: 0.46 | Q11: 52.12
A12: 27-03-2023 04:00 | B12: 8.7 | C12: 37.65 | D12: 29.33 | E12: 2.03 | F12: 2.31 | G12: 27.4 | H12: 12.57 | I12: 0.52 | J12: 2.23 | K12: 112.17 | L12: 20.58 | M12: 68.44 | N12: 4.6 | O12: 0 | P12: 0.42 | Q12: 51.47
A13: 27-03-2023 05:00 | B13: 9.82 | C13: 35.17 | D13: 29.02 | E13: 2.38 | F13: 2.74 | G13: 24.32 | H13: 12.67 | I13: 0.51 | J13: 0.54 | K13: 200.06 | L13: 20.55 | M13: 68.52 | N13: 4.7 | O13: 0 | P13: 0.39 | Q13: 48.98
A14: 27-03-2023 06:00 | B14: 10.7 | C14: 41.67 | D14: 33.31 | E14: 2.21 | F14: 1.99 | G14: 22.03 | H14: 10.38 | I14: 0.54 | J14: 0.24 | K14: 263.81 | L14: 20.1 | M14: 76.68 | N14: 6.7 | O14: 0 | P14: 0.38 | Q14: 47.59
A15: 27-03-2023 07:00 | B15: 12.85 | C15: 38.03 | D15: 31.89 | E15: 2.13 | F15: 1.64 | G15: 29.74 | H15: 11.35 | I15: 0.55 | J15: 0.3 | K15: 81.28 | L15: 20.15 | M15: 80.68 | N15: 109.8 | O15: 0 | P15: 0.4 | Q15: 47.35
A16: 27-03-2023 08:00 | B16: 15.04 | C16: 42.41 | D16: 37.12 | E16: 2.33 | F16: 2.54 | G16: 33.62 | H16: 13.49 | I16: 0.53 | J16: 0.99 | K16: 115.44 | L16: 22.58 | M16: 69.21 | N16: 334.7 | O16: 0 | P16: 0.42 | Q16: 46.26
A17: 27-03-2023 09:00 | B17: 14.82 | C17: 39.05 | D17: 35.04 | E17: 2.68 | F17: 4.18 | G17: 33.76 | H17: 13.83 | I17: 0.54 | J17: 0.65 | K17: 109.8 | L17: 27.48 | M17: 63.61 | N17: 562.8 | O17: 0 | P17: 0.44 | Q17: 48.88
A18: 27-03-2023 10:00 | B18: 14.79 | C18: 42.24 | D18: 35.86 | E18: 2.87 | F18: 26.8 | G18: 32.63 | H18: 12.71 | I18: 0.56 | J18: 1.11 | K18: 124.08 | L18: 27.39 | M18: 55.02 | N18: 760.2 | O18: 0 | P18: 0.46 | Q18: 50.22
A19: 27-03-2023 11:00 | B19: 4.76 | C19: 40.33 | D19: 27.82 | E19: 2.11 | F19: 19.62 | G19: 21.58 | H19: 12.49 | I19: 0.53 | J19: 0.7 | K19: 140.36 | L19: 30.28 | M19: 50.13 | N19: 851.5 | O19: 0 | P19: 0.45 | Q19: 37.15
A20: 27-03-2023 12:00 | B20: 4.15 | C20: 39.05 | D20: 26.13 | E20: 6.74 | F20: 15.47 | G20: Calib. | H20: Calib. | I20: 0.49 | J20: 0.84 | K20: 190.26 | L20: 31.52 | M20: 45.33 | N20: 897.7 | O20: 0 | P20: 0.45 | Q20: 44.58
A21: 27-03-2023 13:00 | B21: 5.41 | C21: 31.5 | D21: 21.44 | E21: 5.17 | F21: 24.55 | G21: Calib. | H21: Calib. | I21: 0.52 | J21: 0.79 | K21: 225.18 | L21: 31.96 | M21: 43.81 | N21: 899.3 | O21: 0 | P21: 0.43 | Q21: 45.15
A22: 27-03-2023 14:00 | B22: 4.33 | C22: 26.25 | D22: 19.43 | E22: 3.82 | F22: 10.3 | G22: 39.52 | H22: 19.22 | I22: 0.52 | J22: 1.1 | K22: 350.72 | L22: 32.73 | M22: 38.07 | N22: 824.6 | O22: 0 | P22: 0.46 | Q22: 43.15
A23: 27-03-2023 15:00 | B23: 2.54 | C23: 33.61 | D23: 22.09 | E23: 3.96 | F23: 18.09 | G23: 39.52 | H23: 19.22 | I23: 0.54 | J23: 1.07 | K23: 217.06 | L23: 31.34 | M23: 34.36 | N23: 718.6 | O23: 0 | P23: 0.43 | Q23: 43.46
A24: 27-03-2023 16:00 | B24: 4.44 | C24: 33.91 | D24: 24.02 | E24: 7.49 | F24: 32.99 | G24: 35.6 | H24: 15.64 | I24: 0.51 | J24: 0.51 | K24: 224.3 | L24: 31.98 | M24: 32.39 | N24: 283.6 | O24: 0 | P24: 0.58 | Q24: 44.51
A25: 27-03-2023 17:00 | B25: 4.04 | C25: 32.96 | D25: 23.17 | E25: 8.66 | F25: 20.61 | G25: 40.02 | H25: 16.41 | I25: 0.64 | J25: 0.7 | K25: 279.73 | L25: 31.2 | M25: 31.86 | N25: 145.2 | O25: 0 | P25: 0.58 | Q25: 39.97
A26: 27-03-2023 18:00 | B26: 5.56 | C26: 45.27 | D26: 29.16 | E26: 5.44 | F26: 21.77 | G26: 40.02 | H26: 16.41 | I26: 0.63 | J26: 0.41 | K26: 305.04 | L26: 30.56 | M26: 33.68 | N26: 64.4 | O26: 0 | P26: 0.68 | Q26: 39.3
A27: 27-03-2023 19:00 | B27: 61.75 | C27: 91.8 | D27: 101.92 | E27: 6.79 | F27: 7.5 | G27: 38.24 | H27: 14.9 | I27: 0.72 | J27: 0.22 | K27: 339.64 | L27: 29.04 | M27: 45.32 | N27: 8.7 | O27: 0 | P27: 2.15 | Q27: 38.2
A28: 27-03-2023 20:00 | B28: 71.73 | C28: 109.89 | D28: 119.48 | E28: 6.48 | F28: 7.45 | G28: 64.35 | H28: 21.85 | I28: 0.98 | J28: 0.25 | K28: 359.9 | L28: 26.68 | M28: 44.46 | N28: 4.8 | O28: 0 | P28: 2.57 | Q28: 43.25
A29: 27-03-2023 21:00 | B29: 67.19 | C29: 84.62 | D29: 98.85 | E29: 6.2 | F29: 7.28 | G29: 80.52 | H29: 23.83 | I29: 0.92 | J29: 0.22 | K29: 95.46 | L29: 25.76 | M29: 43.05 | N29: 4.8 | O29: 0 | P29: 2.49 | Q29: 45.41
A30: 27-03-2023 22:00 | B30: 118.74 | C30: 90.11 | D30: 146.69 | E30: 6.37 | F30: 3.73 | G30: 85.22 | H30: 26.2 | I30: 0.99 | J30: 0.21 | K30: 336.39 | L30: 24.7 | M30: 49.14 | N30: 4.8 | O30: 0 | P30: 2.8 | Q30: 41.48
A31: 27-03-2023 23:00 | B31: 172.34 | C31: 87.91 | D31: 188.46 | E31: 5.37 | F31: 2.96 | G31: 111.7 | H31: 32.66 | I31: 1.19 | J31: 0.14 | K31: 344.1 | L31: 23.01 | M31: 53.44 | N31: 4.8 | O31: 0 | P31: 2.77 | Q31: 41.38
A32: 27-03-2023 24:00 | B32: 126.2 | C32: 66.44 | D32: 134.01 | E32: 4.09 | F32: 2.99 | G32: 117.37 | H32: 37.64 | I32: 1.09 | J32: 0.35 | K32: 308.77 | L32: 21.83 | M32: 59.01 | N32: 4.8 | O32: 0 | P32: 2.61 | Q32: 48.51
