Workbook

Sheet 01
A1: Station: | B1: BHATAGAON RAIPUR
A2: Date: | B2: =$A$9 -> 01/09/2025 01:00 | D2: Power Off | G2: Pw.Off | L2: Link Fail | N2: Link F | P2: Maintenance | R2: Maint.
A3: Report Type: | B3: Mean | D3: Calibration | G3: Calib. | L3: Data Fail | N3: Data F | P3: Invalid | R3: Invalid
A4: Time Base: | B4: 01 Hour | D4: Zero Referrence | G4: Z.Ref | L4: Warm Up | N4: Wm. Up
A7: Date & Time | B7: NO_BHATAGAON | C7: NO2__BHATAGAON | D7: NOX_BHATAGAON | E7: SO2__BHATAGAON | F7: O3__BHATAGAON | G7: PM10__BHATAGAON | H7: PM2_5__BHATAGAON | I7: BENZ__BHATAGAON | J7: WS__BHATAGAON | K7: WD__BHATAGAON | L7: TEMP__BHATAGAON | M7: HUM__BHATAGAON | N7: SR__BHATAGAON | O7: RG__BHATAGAON | P7: CO__BHATAGAON | Q7: NH3__BHATAGAON
B8: ug/m3 | C8: ug/m3 | D8: ppb | E8: ug/m3 | F8: ug/m3 | G8: mg/m3 | H8: ug/m3 | I8: ug/m3 | J8: m/sec | K8: deg | L8: degreC | M8: % | N8: w/m2 | O8: mm | P8: ug/m3 | Q8: ug/m3
A9: 01/09/2025 01:00 | B9: 6.63 | C9: 6.45 | D9: 8.49 | E9: 4.85 | F9: 6.7 | G9: 20.68 | H9: 4.96 | I9: 1.78 | J9: 0.1 | K9: 329.11 | L9: 24.65 | M9: 98.14 | N9: 30.8 | O9: 0 | P9: 0.34 | Q9: 9.55
A10: 01/09/2025 02:00 | B10: 5.77 | C10: 6.18 | D10: 7.83 | E10: 4.57 | F10: 9.28 | G10: 16.76 | H10: 4.14 | I10: 1.53 | J10: 0.06 | K10: 305.12 | L10: 24.02 | M10: 98.16 | N10: 30.5 | O10: 0 | P10: 0.36 | Q10: 9.48
A11: 01/09/2025 03:00 | B11: 5.32 | C11: 6.38 | D11: 7.6 | E11: 4.61 | F11: 9.08 | G11: 14.34 | H11: 2.94 | I11: 1.36 | J11: 0.09 | K11: 295.96 | L11: 23.8 | M11: 98.18 | N11: 30.6 | O11: 0 | P11: 0.28 | Q11: 9.46
A12: 01/09/2025 04:00 | B12: 5.29 | C12: 6.26 | D12: 7.52 | E12: 4.73 | F12: 8.67 | G12: 10.99 | H12: 2.1 | I12: 1.24 | J12: 0.27 | K12: 269.11 | L12: 23.42 | M12: 98.19 | N12: 30.6 | O12: 0 | P12: 0.25 | Q12: 9.5
A13: 01/09/2025 05:00 | B13: 6.01 | C13: 7.14 | D13: 8.12 | E13: 4.93 | F13: 9.26 | G13: 10.13 | H13: 1.67 | I13: 1.17 | J13: 0.78 | K13: 157.29 | L13: 23.05 | M13: 98.24 | N13: 30.7 | O13: 0 | P13: 0.29 | Q13: 9.49
A14: 01/09/2025 06:00 | B14: 6.28 | C14: 6.4 | D14: 8.35 | E14: 4.58 | F14: 6.75 | G14: 9.75 | H14: 1.56 | I14: 1.11 | J14: 0.32 | K14: 171.04 | L14: 23.06 | M14: 98.27 | N14: 38.7 | O14: 0 | P14: 0.25 | Q14: 9.48
A15: 01/09/2025 07:00 | B15: 6.69 | C15: 7.27 | D15: 9.02 | E15: 4.52 | F15: 6.25 | G15: 8.82 | H15: 1.39 | I15: 0.97 | J15: 0.11 | K15: 282.89 | L15: 23.61 | M15: 98.27 | N15: 90 | O15: 0 | P15: 0.26 | Q15: 9.47
A16: 01/09/2025 08:00 | B16: 8.83 | C16: 9.11 | D16: 11.85 | E16: 4.41 | F16: 5.11 | G16: 12.87 | H16: 1.41 | I16: 0.98 | J16: 0.14 | K16: 303.82 | L16: 24.63 | M16: 98.14 | N16: 163.1 | O16: 0 | P16: 0.29 | Q16: 9.52
A17: 01/09/2025 09:00 | B17: 9.49 | C17: 9.2 | D17: 11.69 | E17: 3.86 | F17: 5.08 | G17: 21.68 | H17: 1.31 | I17: 1.14 | J17: 0.46 | K17: 323.85 | L17: 26.81 | M17: 98.07 | N17: 254.4 | O17: 0 | P17: 0.42 | Q17: 9.57
A18: 01/09/2025 10:00 | B18: 10.3 | C18: 8.8 | D18: 12.83 | E18: 3.89 | F18: 5.81 | G18: 39.38 | H18: 1.26 | I18: 1.31 | J18: 0.36 | K18: 319.2 | L18: 29.12 | M18: 97.97 | N18: 325.9 | O18: 0 | P18: 0.42 | Q18: 9.59
A19: 01/09/2025 11:00 | B19: 12.73 | C19: 10.1 | D19: 15.48 | E19: 3.79 | F19: 8.98 | G19: 44.48 | H19: 1.36 | I19: 1.35 | J19: 0.78 | K19: 339.04 | L19: 29.89 | M19: 88.03 | N19: 357.2 | O19: 0 | P19: 0.49 | Q19: 9.63
A20: 01/09/2025 12:00 | B20: 11.64 | C20: 10.49 | D20: 14.59 | E20: 3.8 | F20: 9.11 | G20: 43.83 | H20: 1.96 | I20: 1.38 | J20: 1.24 | K20: 336.54 | L20: 31.02 | M20: 80.59 | N20: 565 | O20: 0 | P20: 0.5 | Q20: 9.62
A21: 01/09/2025 13:00 | B21: 10.3 | C21: 11.38 | D21: 13.18 | E21: 4.06 | F21: 3.89 | G21: 43.78 | H21: 2.6 | I21: 1.39 | J21: 1.31 | K21: 337.59 | L21: 31.87 | M21: 74.01 | N21: 576 | O21: 0 | P21: 0.51 | Q21: 9.62
A22: 01/09/2025 14:00 | B22: 13.47 | C22: 17.47 | D22: 19.65 | E22: 3.87 | F22: 10.96 | G22: Calib. | H22: Calib. | I22: 1.28 | J22: 1 | K22: 359.27 | L22: 31.58 | M22: 76.31 | N22: 306.3 | O22: 0 | P22: 0.66 | Q22: 9.55
A23: 01/09/2025 15:00 | B23: 10.21 | C23: 16.87 | D23: 17 | E23: 3.76 | F23: 10.97 | G23: 118.7 | H23: Calib. | I23: 1.15 | J23: 0.66 | K23: 151.43 | L23: 29.19 | M23: 98.17 | N23: 115.5 | O23: 0 | P23: 0.62 | Q23: 9.56
A24: 01/09/2025 16:00 | B24: 6.92 | C24: 15.48 | D24: 13.01 | E24: 3.65 | F24: 7.71 | G24: 118.7 | H24: Calib. | I24: 1.21 | J24: 0.55 | K24: 329.22 | L24: 23.73 | M24: 98.21 | N24: 92.3 | O24: 3 | P24: 0.45 | Q24: 9.58
A25: 01/09/2025 17:00 | B25: 16.47 | C25: 17.7 | D25: 22.46 | E25: 3.7 | F25: 9.55 | G25: 82.58 | H25: 20.2 | I25: 1.15 | J25: 0.1 | K25: 275.57 | L25: 23.51 | M25: 98.2 | N25: 131.9 | O25: 0 | P25: 0.66 | Q25: 9.61
A26: 01/09/2025 18:00 | B26: 19.72 | C26: 15.44 | D26: 23.45 | E26: 3.91 | F26: 8.82 | G26: 52.92 | H26: 40.91 | I26: 1.12 | J26: 0.24 | K26: 343.45 | L26: 24.12 | M26: 98.22 | N26: 84.5 | O26: 0 | P26: 0.98 | Q26: 9.62
A27: 01/09/2025 19:00 | B27: 12.54 | C27: 17.76 | D27: 18.3 | E27: 4.06 | F27: 6.15 | G27: 29.3 | H27: 40.91 | I27: 1.26 | J27: 0.07 | K27: 354.92 | L27: 24.12 | M27: 98.24 | N27: 32.7 | O27: 0 | P27: 0.88 | Q27: 9.63
A28: 01/09/2025 20:00 | B28: 16.84 | C28: 13.6 | D28: 19.47 | E28: 4.02 | F28: 5.31 | G28: 22.79 | H28: 23.32 | I28: 1.43 | J28: 0.06 | K28: 302.25 | L28: 24.15 | M28: 98.25 | N28: 31.3 | O28: 0 | P28: 0.9 | Q28: 9.62
A29: 01/09/2025 21:00 | B29: 12.05 | C29: 16.24 | D29: 17.99 | E29: 3.98 | F29: 5.43 | G29: 27.46 | H29: 13.76 | I29: 1.57 | J29: 0.06 | K29: 346.58 | L29: 24.11 | M29: 98.26 | N29: 31.1 | O29: 0 | P29: 0.71 | Q29: 9.64
A30: 01/09/2025 22:00 | B30: 14.31 | C30: 15.56 | D30: 19.27 | E30: 3.96 | F30: 5.48 | G30: 27.46 | H30: 36.04 | I30: 1.62 | J30: 0.06 | K30: 304.9 | L30: 24.03 | M30: 98.32 | N30: 30.8 | O30: 0 | P30: 0.79 | Q30: 9.64
A31: 01/09/2025 23:00 | B31: 18.52 | C31: 15.62 | D31: 19.83 | E31: 3.79 | F31: 5.14 | G31: 31.15 | H31: 3248.78 | I31: 1.64 | J31: 0.07 | K31: 312.15 | L31: 24.12 | M31: 98.38 | N31: 30.8 | O31: 0 | P31: 0.7 | Q31: 9.65
A32: 01/09/2025 24:00 | B32: 10.86 | C32: 10.1 | D32: 13.81 | E32: 5.03 | F32: 5.68 | G32: 31.15 | H32: 3248.78 | I32: 1.72 | J32: 0.07 | K32: 292.88 | L32: 24.24 | M32: 98.38 | N32: 31.8 | O32: 0 | P32: 0.53 | Q32: 9.66
A34: Min | B34: =MIN(B9:B32) -> 5.29 | C34: =MIN(C9:C32) -> 6.18 | D34: =MIN(D9:D32) -> 7.52 | E34: =MIN(E9:E32) -> 3.65 | F34: =MIN(F9:F32) -> 3.89 | G34: =MIN(G9:G32) -> 8.82 | H34: =MIN(H9:H32) -> 1.26 | I34: =MIN(I9:I32) -> 0.97 | ... Q34: =MIN(Q9:Q32) -> 9.46
A35: Max | B35: =MAX(B9:B32) -> 19.72 | C35: =MAX(C9:C32) -> 17.76 | D35: =MAX(D9:D32) -> 23.45 | E35: =MAX(E9:E32) -> 5.03 | F35: =MAX(F9:F32) -> 10.97 | G35: =MAX(G9:G32) -> 118.7 | H35: =MAX(H9:H32) -> 3248.78 | I35: =MAX(I9:I32) -> 1.78 | ... Q35: =MAX(Q9:Q32) -> 9.66
A36: Avg | B36: =AVERAGE(B9:B32) -> 10.71625 | C36: =AVERAGE(C9:C32) -> 11.541667 | D36: =AVERAGE(D9:D32) -> 14.199583 | E36: =AVERAGE(E9:E32) -> 4.1804167 | F36: =AVERAGE(F9:F32) -> 7.29875 | G36: =AVERAGE(G9:G32) -> 36.508696 | H36: =AVERAGE(H9:H32) -> 319.11238 | I36: =AVERAGE(I9:I32) -> 1.3275 | ... Q36: =AVERAGE(Q9:Q32) -> 9.5725
A37: Stdev | B37: =STDEV(B9:B32) -> 4.2780865 | C37: =STDEV(C9:C32) -> 4.3107516 | D37: =STDEV(D9:D32) -> 5.0440007 | E37: =STDEV(E9:E32) -> 0.43421573 | F37: =STDEV(F9:F32) -> 2.0645124 | G37: =STDEV(G9:G32) -> 31.10302 | H37: =STDEV(H9:H32) -> 974.07708 | I37: =STDEV(I9:I32) -> 0.22370886 | ... Q37: =STDEV(Q9:Q32) -> 0.064757071
A38: Num | B38: =COUNT(B9:B32) -> 24 | C38: =COUNT(C9:C32) -> 24 | D38: =COUNT(D9:D32) -> 24 | E38: =COUNT(E9:E32) -> 24 | F38: =COUNT(F9:F32) -> 24 | G38: =COUNT(G9:G32)+1 -> 24 | H38: =COUNT(H9:H32)+3 -> 24 | I38: =COUNT(I9:I32) -> 24 | J38: =COUNT(J9:J32) -> 24 | K38: =COUNT(K9:K32) -> 24 | L38: =COUNT(L9:L32) -> 24 | M38: =COUNT(M9:M32) -> 24 | N38: =COUNT(N9:N32) -> 24 | O38: =COUNT(O9:O32) -> 24 | P38: =COUNT(P9:P32) -> 24 | Q38: =COUNT(Q9:Q32) -> 24
A39: DCR | B39: =IF(B38>=22,">90%",IF(B38<=22,"<90%")) -> >90% | C39: =IF(C38>=22,">90%",IF(C38<=22,"<90%")) -> >90% | D39: =IF(D38>=22,">90%",IF(D38<=22,"<90%")) -> >90% | E39: =IF(E38>=22,">90%",IF(E38<=22,"<90%")) -> >90% | F39: =IF(F38>=22,">90%",IF(F38<=22,"<90%")) -> >90% | G39: =IF(G38>=22,">90%",IF(G38<=22,"<90%")) -> >90% | H39: =IF(H38>=22,">90%",IF(H38<=22,"<90%")) -> >90% | I39: =IF(I38>=22,">90%",IF(I38<=22,"<90%")) -> >90% | ... Q39: =IF(Q38>=22,">90%",IF(Q38<=22,"<90%")) -> >90%
A40: Status | B40: =IF(B38>=22,"OK",IF(B38<=22,"LESS")) -> OK | C40: =IF(C38>=22,"OK",IF(C38<=22,"LESS")) -> OK | D40: =IF(D38>=22,"OK",IF(D38<=22,"LESS")) -> OK | E40: =IF(E38>=22,"OK",IF(E38<=22,"LESS")) -> OK | F40: =IF(F38>=22,"OK",IF(F38<=22,"LESS")) -> OK | G40: =IF(G38>=22,"OK",IF(G38<=22,"LESS")) -> OK | H40: =IF(H38>=22,"OK",IF(H38<=22,"LESS")) -> OK | I40: =IF(I38>=22,"OK",IF(I38<=22,"LESS")) -> OK | ... Q40: =IF(Q38>=22,"OK",IF(Q38<=22,"LESS")) -> OK
A43: Done by | B43: RAHUL
A45: Comment

Sheet 02
A1: Station: | B1: BHATAGAON RAIPUR
A2: Date: | B2: =$A$9 -> 02/09/2025 01:00 | D2: Power Off | G2: Pw.Off | L2: Link Fail | N2: Link F | P2: Maintenance | R2: Maint.
A3: Report Type: | B3: Mean | D3: Calibration | G3: Calib. | L3: Data Fail | N3: Data F | P3: Invalid | R3: Invalid
A4: Time Base: | B4: 01 Hour | D4: Zero Referrence | G4: Z.Ref | L4: Warm Up | N4: Wm. Up
A7: Date & Time | B7: NO_BHATAGAON | C7: NO2__BHATAGAON | D7: NOX_BHATAGAON | E7: SO2__BHATAGAON | F7: O3__BHATAGAON | G7: PM10__BHATAGAON | H7: PM2_5__BHATAGAON | I7: BENZ__BHATAGAON | J7: WS__BHATAGAON | K7: WD__BHATAGAON | L7: TEMP__BHATAGAON | M7: HUM__BHATAGAON | N7: SR__BHATAGAON | O7: RG__BHATAGAON | P7: CO__BHATAGAON | Q7: NH3__BHATAGAON
B8: ug/m3 | C8: ug/m3 | D8: ppb | E8: ug/m3 | F8: ug/m3 | G8: mg/m3 | H8: ug/m3 | I8: ug/m3 | J8: m/sec | K8: deg | L8: degreC | M8: % | N8: w/m2 | O8: mm | P8: ug/m3 | Q8: ug/m3
A9: 02/09/2025 01:00 | B9: 10.41 | C9: 18.17 | D9: 17.84 | E9: 5.19 | F9: 6.32 | G9: 29.33 | H9: 1.6 | I9: 1.57 | J9: 0.11 | K9: 297.48 | L9: 23.8 | M9: 98.39 | N9: 32.1 | O9: 0 | P9: 0.44 | Q9: 9.66
A10: 02/09/2025 02:00 | B10: 9.38 | C10: 5.6 | D10: 10.44 | E10: 5.06 | F10: 5.16 | G10: 28.67 | H10: 1.2 | I10: 1.47 | J10: 0.14 | K10: 310.42 | L10: 23.32 | M10: 98.38 | N10: 31.1 | O10: 0 | P10: 0.41 | Q10: 9.65
A11: 02/09/2025 03:00 | B11: 7.92 | C11: 5.62 | D11: 9.09 | E11: 5.15 | F11: 4.72 | G11: 24.03 | H11: 1.2 | I11: 1.27 | J11: 0.11 | K11: 303.41 | L11: 22.99 | M11: 98.42 | N11: 31 | O11: 0 | P11: 0.34 | Q11: 9.61
A12: 02/09/2025 04:00 | B12: 7.41 | C12: 6.09 | D12: 8.88 | E12: 5.15 | F12: 3.57 | G12: 21.71 | H12: 1.79 | I12: 1.04 | J12: 0.13 | K12: 297.56 | L12: 23.03 | M12: 98.42 | N12: 31 | O12: 0 | P12: 0.31 | Q12: 9.54
A13: 02/09/2025 05:00 | B13: 7.07 | C13: 7.42 | D13: 9.55 | E13: 4.91 | F13: 4.1 | G13: 17.91 | H13: 3.02 | I13: 0.98 | J13: 0.12 | K13: 309.2 | L13: 23.14 | M13: 98.44 | N13: 30.9 | O13: 0 | P13: 0.29 | Q13: 9.49
A14: 02/09/2025 06:00 | B14: 7.72 | C14: 8.49 | D14: 10.53 | E14: 5.08 | F14: 5.83 | G14: 13.99 | H14: 3.02 | I14: 1.07 | J14: 0.13 | K14: 325.99 | L14: 23.11 | M14: 98.45 | N14: 37.9 | O14: 0 | P14: 0.3 | Q14: 9.52
A15: 02/09/2025 07:00 | B15: 10.75 | C15: 9.75 | D15: 13.55 | E15: 5.07 | F15: 5.5 | G15: 15.24 | H15: 0.36 | I15: 1.32 | J15: 0.1 | K15: 318.08 | L15: 23.32 | M15: 98.48 | N15: 75.9 | O15: 0 | P15: 0.39 | Q15: 9.56
A16: 02/09/2025 08:00 | B16: 15 | C16: 8.06 | D16: 16.24 | E16: 5.12 | F16: 4.59 | G16: 21.01 | H16: 0.78 | I16: 1.46 | J16: 0.2 | K16: 324.65 | L16: 24.67 | M16: 98.44 | N16: 102.8 | O16: 0 | P16: 0.49 | Q16: 9.6
A17: 02/09/2025 09:00 | B17: 13.53 | C17: 7.37 | D17: 14.7 | E17: 4.85 | F17: 5.84 | G17: 35.62 | H17: 1.2 | I17: 1.58 | J17: 0.85 | K17: 338.45 | L17: 27.61 | M17: 98.38 | N17: 405.1 | O17: 0 | P17: 0.47 | Q17: 9.63
A18: 02/09/2025 10:00 | B18: 16.17 | C18: 8.61 | D18: 17 | E18: 4.63 | F18: 9.18 | G18: 38.52 | H18: 1.2 | I18: 1.57 | J18: 1.1 | K18: 334.63 | L18: 29.5 | M18: 91.99 | N18: 364.7 | O18: 0 | P18: 0.52 | Q18: 9.63
A19: 02/09/2025 11:00 | B19: 15.36 | C19: 7.81 | D19: 16.33 | E19: 4.63 | F19: 6.95 | G19: 38.52 | H19: 1.06 | I19: 1.61 | J19: 1.61 | K19: 337.5 | L19: 28.73 | M19: 94.75 | N19: 456.4 | O19: 0 | P19: 0.52 | Q19: 9.65
A20: 02/09/2025 12:00 | B20: 14.18 | C20: 7.34 | D20: 14.55 | E20: 4.76 | F20: 4.7 | G20: 40.06 | H20: 0.23 | I20: 1.6 | J20: 1.76 | K20: 338.58 | L20: 30.8 | M20: 93.98 | N20: 667.9 | O20: 0 | P20: 0.52 | Q20: 9.64
... A32: 02/09/2025 24:00 | B32: 12.8 | C32: 14.75 | D32: 17.22 | E32: 5.14 | F32: 6.42 | G32: 17.86 | H32: 0.5 | I32: 1.47 | J32: 0.25 | K32: 332.96 | L32: 21.78 | M32: 98.63 | N32: 31 | O32: 0 | P32: 0.53 | Q32: 9.65
A34: Min | B34: =MIN(B9:B32) -> 7.07 | C34: =MIN(C9:C32) -> 5.6 | D34: =MIN(D9:D32) -> 8.88 | E34: =MIN(E9:E32) -> 4.39 | F34: =MIN(F9:F32) -> 3.57 | G34: =MIN(G9:G32) -> 13.99 | H34: =MIN(H9:H32) -> 0.01 | I34: =MIN(I9:I32) -> 0.98 | ... Q34: =MIN(Q9:Q32) -> 9.49
A35: Max | B35: =MAX(B9:B32) -> 27.16 | C35: =MAX(C9:C32) -> 33.01 | D35: =MAX(D9:D32) -> 39.03 | E35: =MAX(E9:E32) -> 5.71 | F35: =MAX(F9:F32) -> 15.3 | G35: =MAX(G9:G32) -> 47.36 | H35: =MAX(H9:H32) -> 4.69 | I35: =MAX(I9:I32) -> 1.61 | ... Q35: =MAX(Q9:Q32) -> 9.66
A36: Avg | B36: =AVERAGE(B9:B32) -> 14.436667 | C36: =AVERAGE(C9:C32) -> 11.928333 | D36: =AVERAGE(D9:D32) -> 17.654583 | E36: =AVERAGE(E9:E32) -> 5.0675 | F36: =AVERAGE(F9:F32) -> 7.2379167 | G36: =AVERAGE(G9:G32) -> 32.816667 | H36: =AVERAGE(H9:H32) -> 1.6504167 | I36: =AVERAGE(I9:I32) -> 1.40125 | ... Q36: =AVERAGE(Q9:Q32) -> 9.6179167
A37: Stdev | B37: =STDEV(B9:B32) -> 5.3344595 | C37: =STDEV(C9:C32) -> 6.6890882 | D37: =STDEV(D9:D32) -> 7.3223909 | E37: =STDEV(E9:E32) -> 0.35887808 | F37: =STDEV(F9:F32) -> 3.0154169 | G37: =STDEV(G9:G32) -> 10.632058 | H37: =STDEV(H9:H32) -> 1.1578822 | I37: =STDEV(I9:I32) -> 0.18262131 | ... Q37: =STDEV(Q9:Q32) -> 0.044719334
A38: Num | B38: =COUNT(B9:B32) -> 24 | C38: =COUNT(C9:C32) -> 24 | D38: =COUNT(D9:D32) -> 24 | E38: =COUNT(E9:E32) -> 24 | F38: =COUNT(F9:F32) -> 24 | G38: =COUNT(G9:G32) -> 24 | H38: =COUNT(H9:H32) -> 24 | I38: =COUNT(I9:I32) -> 24 | ... Q38: =COUNT(Q9:Q32) -> 24
A39: DCR | B39: =IF(B38>=22,">90%",IF(B38<=22,"<90%")) -> >90% | C39: =IF(C38>=22,">90%",IF(C38<=22,"<90%")) -> >90% | D39: =IF(D38>=22,">90%",IF(D38<=22,"<90%")) -> >90% | E39: =IF(E38>=22,">90%",IF(E38<=22,"<90%")) -> >90% | F39: =IF(F38>=22,">90%",IF(F38<=22,"<90%")) -> >90% | G39: =IF(G38>=22,">90%",IF(G38<=22,"<90%")) -> >90% | H39: =IF(H38>=22,">90%",IF(H38<=22,"<90%")) -> >90% | I39: =IF(I38>=22,">90%",IF(I38<=22,"<90%")) -> >90% | ... Q39: =IF(Q38>=22,">90%",IF(Q38<=22,"<90%")) -> >90%
A40: Status | B40: =IF(B38>=22,"OK",IF(B38<=22,"LESS")) -> OK | C40: =IF(C38>=22,"OK",IF(C38<=22,"LESS")) -> OK | D40: =IF(D38>=22,"OK",IF(D38<=22,"LESS")) -> OK | E40: =IF(E38>=22,"OK",IF(E38<=22,"LESS")) -> OK | F40: =IF(F38>=22,"OK",IF(F38<=22,"LESS")) -> OK | G40: =IF(G38>=22,"OK",IF(G38<=22,"LESS")) -> OK | H40: =IF(H38>=22,"OK",IF(H38<=22,"LESS")) -> OK | I40: =IF(I38>=22,"OK",IF(I38<=22,"LESS")) -> OK | ... Q40: =IF(Q38>=22,"OK",IF(Q38<=22,"LESS")) -> OK
A43: Done by | B43: RAHUL
A45: Comment

Sheet 03
A1: Station: | B1: BHATAGAON RAIPUR
A2: Date: | B2: =$A$9 -> 03/09/2025 01:00 | D2: Power Off | G2: Pw.Off | L2: Link Fail | N2: Link F | P2: Maintenance | R2: Maint.
A3: Report Type: | B3: Mean | D3: Calibration | G3: Calib. | L3: Data Fail | N3: Data F | P3: Invalid | R3: Invalid
A4: Time Base: | B4: 01 Hour | D4: Zero Referrence | G4: Z.Ref | L4: Warm Up | N4: Wm. Up
A7: Date & Time | B7: NO_BHATAGAON | C7: NO2__BHATAGAON | D7: NOX_BHATAGAON | E7: SO2__BHATAGAON | F7: O3__BHATAGAON | G7: PM10__BHATAGAON | H7: PM2_5__BHATAGAON | I7: BENZ__BHATAGAON | J7: WS__BHATAGAON | K7: WD__BHATAGAON | L7: TEMP__BHATAGAON | M7: HUM__BHATAGAON | N7: SR__BHATAGAON | O7: RG__BHATAGAON | P7: CO__BHATAGAON | Q7: NH3__BHATAGAON
B8: ug/m3 | C8: ug/m3 | D8: ppb | E8: ug/m3 | F8: ug/m3 | G8: mg/m3 | H8: ug/m3 | I8: ug/m3 | J8: m/sec | K8: deg | L8: degreC | M8: % | N8: w/m2 | O8: mm | P8: ug/m3 | Q8: ug/m3
A9: 03/09/2025 01:00 | B9: 10.9 | C9: 8.14 | D9: 12.31 | E9: 4.01 | F9: 7.02 | G9: 12.75 | H9: 1.5 | I9: 1.53 | J9: 0.06 | K9: 251.63 | L9: 21.83 | M9: 98.65 | N9: 31 | O9: 0 | P9: 0.52 | Q9: 9.65
A10: 03/09/2025 02:00 | B10: 13.05 | C10: 6.38 | D10: 12.97 | E10: 3.98 | F10: 4.1 | G10: 16.24 | H10: 2.6 | I10: 1.42 | J10: 0.06 | K10: 263.73 | L10: 21.77 | M10: 98.67 | N10: 31 | O10: 0 | P10: 0.53 | Q10: 9.65
A11: 03/09/2025 03:00 | B11: 11.25 | C11: 6.25 | D11: 11.87 | E11: 3.96 | F11: 4.47 | G11: 16.24 | H11: 2.4 | I11: 1.38 | J11: 0.07 | K11: 334.86 | L11: 21.91 | M11: 98.68 | N11: 31 | O11: 0 | P11: 0.51 | Q11: 9.65
A12: 03/09/2025 04:00 | B12: 9.92 | C12: 9.46 | D12: 11.9 | E12: 3.89 | F12: 5.25 | G12: 12.4 | H12: 1.6 | I12: 1.25 | J12: 0.13 | K12: 316.95 | L12: 21.87 | M12: 98.7 | N12: 31 | O12: 0.4 | P12: 0.48 | Q12: 9.64
A13: 03/09/2025 05:00 | B13: 8.98 | C13: 9.02 | D13: 11.84 | E13: 4 | F13: 4.88 | G13: 12.89 | H13: 1.9 | I13: 1.19 | J13: 0.05 | K13: 201.47 | L13: 21.95 | M13: 98.74 | N13: 31 | O13: 0 | P13: 0.44 | Q13: 9.64
A14: 03/09/2025 06:00 | B14: 10.69 | C14: 7.73 | D14: 11.65 | E14: 4.24 | F14: 4.77 | G14: 15.95 | H14: 1.5 | I14: 1.15 | J14: 0.07 | K14: 326.51 | L14: 22.02 | M14: 98.77 | N14: 33.2 | O14: 0 | P14: 0.46 | Q14: 9.64
A15: 03/09/2025 07:00 | B15: 12.89 | C15: 10.48 | D15: 15.32 | E15: 4.15 | F15: 5.11 | G15: 15.95 | H15: 2.9 | I15: 1.16 | J15: 0.38 | K15: 175.82 | L15: 22.38 | M15: 98.83 | N15: 69.3 | O15: 0 | P15: 0.41 | Q15: 9.65
A16: 03/09/2025 08:00 | B16: 12.22 | C16: 9.71 | D16: 14.11 | E16: 4.67 | F16: 5.82 | G16: 14.23 | H16: 59.46 | I16: 1.15 | J16: 0.27 | K16: 175.86 | L16: 22.49 | M16: 98.82 | N16: 95.2 | O16: 0 | P16: 0.36 | Q16: 9.65
A17: 03/09/2025 09:00 | B17: 11.68 | C17: 9.33 | D17: 13.88 | E17: 4.64 | F17: 8.28 | G17: 14.23 | H17: 59.46 | I17: 1.22 | J17: 0.37 | K17: 156.06 | L17: 23.72 | M17: 98.52 | N17: 289 | O17: 0 | P17: 0.34 | Q17: 9.64
A18: 03/09/2025 10:00 | B18: 11.27 | C18: 10.72 | D18: 13.36 | E18: 4.74 | F18: 9.1 | G18: 14.25 | H18: 2.38 | I18: 1.23 | J18: 0.42 | K18: 155.78 | L18: 25.23 | M18: 98.42 | N18: 285.1 | O18: 0 | P18: 0.34 | Q18: 9.64
A19: 03/09/2025 11:00 | B19: 10.14 | C19: 12.96 | D19: 13.85 | E19: 4.79 | F19: 10.76 | G19: 14.25 | H19: 0.48 | I19: 1.22 | J19: 0.46 | K19: 149.59 | L19: 26.34 | M19: 98.35 | N19: 421.6 | O19: 0 | P19: 0.28 | Q19: 9.64
A20: 03/09/2025 12:00 | B20: 6.26 | C20: 15.51 | D20: 13.13 | E20: 4.64 | F20: 11.52 | G20: 20.52 | H20: 0.48 | I20: 1.04 | J20: 0.87 | K20: 144.44 | L20: 27.11 | M20: 98.27 | N20: 393.2 | O20: 0 | P20: 0.17 | Q20: 9.54
... A32: 03/09/2025 24:00 | B32: 10.88 | C32: 7.7 | D32: 12.72 | E32: 4.34 | F32: 3.43 | G32: 63.08 | H32: 7.43 | I32: 2.06 | J32: 0.24 | K32: 339.34 | L32: 23.06 | M32: 98.32 | N32: 27.4 | O32: 0 | P32: 0.81 | Q32: 9.63
A34: Min | B34: =MIN(B9:B32) -> 6.17 | C34: =MIN(C9:C32) -> 6.25 | D34: =MIN(D9:D32) -> 11.65 | E34: =MIN(E9:E32) -> 3.89 | F34: =MIN(F9:F32) -> 3.43 | G34: =MIN(G9:G32) -> 12.4 | H34: =MIN(H9:H32) -> 0.48 | I34: =MIN(I9:I32) -> 0.87 | ... Q34: =MIN(Q9:Q32) -> 9.49
A35: Max | B35: =MAX(B9:B32) -> 32.65 | C35: =MAX(C9:C32) -> 29.11 | D35: =MAX(D9:D32) -> 38.03 | E35: =MAX(E9:E32) -> 5.31 | F35: =MAX(F9:F32) -> 19.4 | G35: =MAX(G9:G32) -> 99.13 | H35: =MAX(H9:H32) -> 76.97 | I35: =MAX(I9:I32) -> 2.66 | ... Q35: =MAX(Q9:Q32) -> 9.66
A36: Avg | B36: =AVERAGE(B9:B32) -> 13.8575 | C36: =AVERAGE(C9:C32) -> 13.789583 | D36: =AVERAGE(D9:D32) -> 17.663333 | E36: =AVERAGE(E9:E32) -> 4.5975 | F36: =AVERAGE(F9:F32) -> 9.1516667 | G36: =AVERAGE(G9:G32) -> 39.6425 | H36: =AVERAGE(H9:H32) -> 15.509583 | I36: =AVERAGE(I9:I32) -> 1.3991667 | ... Q36: =AVERAGE(Q9:Q32) -> 9.61
A37: Stdev | B37: =STDEV(B9:B32) -> 7.000992 | C37: =STDEV(C9:C32) -> 6.8611581 | D37: =STDEV(D9:D32) -> 8.0674675 | E37: =STDEV(E9:E32) -> 0.43784303 | F37: =STDEV(F9:F32) -> 5.1698698 | G37: =STDEV(G9:G32) -> 30.445102 | H37: =STDEV(H9:H32) -> 22.778134 | I37: =STDEV(I9:I32) -> 0.48407614 | ... Q37: =STDEV(Q9:Q32) -> 0.052750438
A38: Num | B38: =COUNT(B9:B32) -> 24 | C38: =COUNT(C9:C32) -> 24 | D38: =COUNT(D9:D32) -> 24 | E38: =COUNT(E9:E32) -> 24 | F38: =COUNT(F9:F32) -> 24 | G38: =COUNT(G9:G32) -> 24 | H38: =COUNT(H9:H32) -> 24 | I38: =COUNT(I9:I32) -> 24 | ... Q38: =COUNT(Q9:Q32) -> 24
A39: DCR | B39: =IF(B38>=22,">90%",IF(B38<=22,"<90%")) -> >90% | C39: =IF(C38>=22,">90%",IF(C38<=22,"<90%")) -> >90% | D39: =IF(D38>=22,">90%",IF(D38<=22,"<90%")) -> >90% | E39: =IF(E38>=22,">90%",IF(E38<=22,"<90%")) -> >90% | F39: =IF(F38>=22,">90%",IF(F38<=22,"<90%")) -> >90% | G39: =IF(G38>=22,">90%",IF(G38<=22,"<90%")) -> >90% | H39: =IF(H38>=22,">90%",IF(H38<=22,"<90%")) -> >90% | I39: =IF(I38>=22,">90%",IF(I38<=22,"<90%")) -> >90% | ... Q39: =IF(Q38>=22,">90%",IF(Q38<=22,"<90%")) -> >90%
A40: Status | B40: =IF(B38>=22,"OK",IF(B38<=22,"LESS")) -> OK | C40: =IF(C38>=22,"OK",IF(C38<=22,"LESS")) -> OK | D40: =IF(D38>=22,"OK",IF(D38<=22,"LESS")) -> OK | E40: =IF(E38>=22,"OK",IF(E38<=22,"LESS")) -> OK | F40: =IF(F38>=22,"OK",IF(F38<=22,"LESS")) -> OK | G40: =IF(G38>=22,"OK",IF(G38<=22,"LESS")) -> OK | H40: =IF(H38>=22,"OK",IF(H38<=22,"LESS")) -> OK | I40: =IF(I38>=22,"OK",IF(I38<=22,"LESS")) -> OK | ... Q40: =IF(Q38>=22,"OK",IF(Q38<=22,"LESS")) -> OK
A43: Done by | B43: RAHUL
A45: Comment

Sheet 04
A1: Station: | B1: BHATAGAON RAIPUR
A2: Date: | B2: =$A$9 -> 04/09/2025 01:00 | D2: Power Off | G2: Pw.Off | L2: Link Fail | N2: Link F | P2: Maintenance | R2: Maint.
A3: Report Type: | B3: Mean | D3: Calibration | G3: Calib. | L3: Data Fail | N3: Data F | P3: Invalid | R3: Invalid
A4: Time Base: | B4: 01 Hour | D4: Zero Referrence | G4: Z.Ref | L4: Warm Up | N4: Wm. Up
A7: Date & Time | B7: NO_BHATAGAON | C7: NO2__BHATAGAON | D7: NOX_BHATAGAON | E7: SO2__BHATAGAON | F7: O3__BHATAGAON | G7: PM10__BHATAGAON | H7: PM2_5__BHATAGAON | I7: BENZ__BHATAGAON | J7: WS__BHATAGAON | K7: WD__BHATAGAON | L7: TEMP__BHATAGAON | M7: HUM__BHATAGAON | N7: SR__BHATAGAON | O7: RG__BHATAGAON | P7: CO__BHATAGAON | Q7: NH3__BHATAGAON
B8: ug/m3 | C8: ug/m3 | D8: ppb | E8: ug/m3 | F8: ug/m3 | G8: mg/m3 | H8: ug/m3 | I8: ug/m3 | J8: m/sec | K8: deg | L8: degreC | M8: % | N8: w/m2 | O8: mm | P8: ug/m3 | Q8: ug/m3
A9: 04/09/2025 01:00 | B9: 11.34 | C9: 9.73 | D9: 13.9 | E9: 3.98 | F9: 4.94 | G9: 44.98 | H9: 7.67 | I9: 1.85 | J9: 0.13 | K9: 320.76 | L9: 22.88 | M9: 98.37 | N9: 27.6 | O9: 0 | P9: 0.73 | Q9: 9.64
A10: 04/09/2025 02:00 | B10: 10.05 | C10: 7.42 | D10: 11.73 | E10: 4.21 | F10: 7.85 | G10: 36.1 | H10: 7.67 | I10: 1.86 | J10: 0.04 | K10: 286.27 | L10: 22.92 | M10: 98.37 | N10: 27.6 | O10: 0 | P10: 0.57 | Q10: 9.64
A11: 04/09/2025 03:00 | B11: 8.05 | C11: 6.22 | D11: 9.5 | E11: 4.33 | F11: 6.94 | G11: 26.24 | H11: 10.94 | I11: 1.82 | J11: 0.06 | K11: 324.59 | L11: 22.84 | M11: 98.38 | N11: 27.6 | O11: 0 | P11: 0.44 | Q11: 9.64
A12: 04/09/2025 04:00 | B12: 9.59 | C12: 5.49 | D12: 10.56 | E12: 4.32 | F12: 5.68 | G12: 17.41 | H12: 10.94 | I12: 1.68 | J12: 0.09 | K12: 326.09 | L12: 22.88 | M12: 98.39 | N12: 27.6 | O12: 0 | P12: 0.49 | Q12: 9.64
A13: 04/09/2025 05:00 | B13: 9.08 | C13: 6.15 | D13: 10.4 | E13: 4.03 | F13: 4.87 | G13: 15.62 | H13: 8.33 | I13: 1.51 | J13: 0.05 | K13: 327.21 | L13: 22.89 | M13: 98.4 | N13: 27.6 | O13: 0 | P13: 0.41 | Q13: 9.6
A14: 04/09/2025 06:00 | B14: 8.93 | C14: 6.07 | D14: 10.21 | E14: 4.03 | F14: 4.43 | G14: 15.62 | H14: 7.23 | I14: 1.39 | J14: 0.05 | K14: 264.39 | L14: 22.94 | M14: 98.4 | N14: 29.1 | O14: 0 | P14: 0.37 | Q14: 9.59
A15: 04/09/2025 07:00 | B15: 8.75 | C15: 7.3 | D15: 10.74 | E15: 4.04 | F15: 5.75 | G15: 13.76 | H15: 5.06 | I15: 1.39 | J15: 0.06 | K15: 296.91 | L15: 23 | M15: 98.4 | N15: 54.7 | O15: 0 | P15: 0.31 | Q15: 9.63
A16: 04/09/2025 08:00 | B16: 9.84 | C16: 7 | D16: 11.03 | E16: 5.42 | F16: 5.79 | G16: 10.12 | H16: 3.54 | I16: 1.37 | J16: 0.1 | K16: 321.55 | L16: 23.48 | M16: 98.4 | N16: 94.6 | O16: 0 | P16: 0.39 | Q16: 9.63
A17: 04/09/2025 09:00 | B17: 10.37 | C17: 6.12 | D17: 11.18 | E17: 5.19 | F17: 3.51 | G17: 14.33 | H17: 2.48 | I17: 1.31 | J17: 0.16 | K17: 307.75 | L17: 23.99 | M17: 98.4 | N17: 162.2 | O17: 0 | P17: 0.4 | Q17: 9.61
A18: 04/09/2025 10:00 | B18: 9.95 | C18: 6.62 | D18: 11.42 | E18: 4.81 | F18: 3.67 | G18: 14.33 | H18: 1.79 | I18: 1.22 | J18: 0.1 | K18: 318.14 | L18: 24.52 | M18: 98.32 | N18: 290.5 | O18: 0 | P18: 0.36 | Q18: 9.59
A19: 04/09/2025 11:00 | B19: 9.48 | C19: 7.52 | D19: 11.54 | E19: 4.87 | F19: 5.36 | G19: 15.73 | H19: 5.69 | I19: 1.16 | J19: 0.11 | K19: 287.37 | L19: 25.2 | M19: 98.06 | N19: 238.9 | O19: 0 | P19: 0.35 | Q19: 9.57
A20: 04/09/2025 12:00 | B20: 8.4 | C20: 7.36 | D20: 10.58 | E20: 4.86 | F20: 5.77 | G20: 20.42 | H20: 5.69 | I20: 1.12 | J20: 0.12 | K20: 231.93 | L20: 27.42 | M20: 98.03 | N20: 499.7 | O20: 0 | P20: 0.32 | Q20: 9.58
... A32: 04/09/2025 24:00 | B32: 8.13 | C32: 7.45 | D32: 10.41 | E32: 5.65 | F32: 8.05 | G32: 20.01 | H32: 5.93 | I32: 1.05 | J32: 0.11 | K32: 188.92 | L32: 23.01 | M32: 98.34 | N32: 48.1 | O32: 0 | P32: 0.33 | Q32: 9.54
A34: Min | B34: =MIN(B9:B32) -> 6.41 | C34: =MIN(C9:C32) -> 5.49 | D34: =MIN(D9:D32) -> 9.25 | E34: =MIN(E9:E32) -> 3.98 | F34: =MIN(F9:F32) -> 3.51 | G34: =MIN(G9:G32) -> 10.12 | H34: =MIN(H9:H32) -> 1.79 | I34: =MIN(I9:I32) -> 0.89 | ... Q34: =MIN(Q9:Q32) -> 9.48
A35: Max | B35: =MAX(B9:B32) -> 11.34 | C35: =MAX(C9:C32) -> 15.54 | D35: =MAX(D9:D32) -> 15.18 | E35: =MAX(E9:E32) -> 5.65 | F35: =MAX(F9:F32) -> 8.81 | G35: =MAX(G9:G32) -> 44.98 | H35: =MAX(H9:H32) -> 10.94 | I35: =MAX(I9:I32) -> 1.86 | ... Q35: =MAX(Q9:Q32) -> 9.64
A36: Avg | B36: =AVERAGE(B9:B32) -> 8.6166667 | C36: =AVERAGE(C9:C32) -> 8.3070833 | D36: =AVERAGE(D9:D32) -> 11.117917 | E36: =AVERAGE(E9:E32) -> 4.7291667 | F36: =AVERAGE(F9:F32) -> 6.0541667 | G36: =AVERAGE(G9:G32) -> 20.602083 | H36: =AVERAGE(H9:H32) -> 5.9816667 | I36: =AVERAGE(I9:I32) -> 1.2216667 | ... Q36: =AVERAGE(Q9:Q32) -> 9.5608333
A37: Stdev | B37: =STDEV(B9:B32) -> 1.2539803 | C37: =STDEV(C9:C32) -> 2.4601352 | D37: =STDEV(D9:D32) -> 1.5793614 | E37: =STDEV(E9:E32) -> 0.45646007 | F37: =STDEV(F9:F32) -> 1.5158551 | G37: =STDEV(G9:G32) -> 7.4413919 | H37: =STDEV(H9:H32) -> 2.3688057 | I37: =STDEV(I9:I32) -> 0.32129719 | ... Q37: =STDEV(Q9:Q32) -> 0.059776152
A38: Num | B38: =COUNT(B9:B32) -> 24 | C38: =COUNT(C9:C32) -> 24 | D38: =COUNT(D9:D32) -> 24 | E38: =COUNT(E9:E32) -> 24 | F38: =COUNT(F9:F32) -> 24 | G38: =COUNT(G9:G32) -> 24 | H38: =COUNT(H9:H32) -> 24 | I38: =COUNT(I9:I32) -> 24 | ... Q38: =COUNT(Q9:Q32) -> 24
A39: DCR | B39: =IF(B38>=22,">90%",IF(B38<=22,"<90%")) -> >90% | C39: =IF(C38>=22,">90%",IF(C38<=22,"<90%")) -> >90% | D39: =IF(D38>=22,">90%",IF(D38<=22,"<90%")) -> >90% | E39: =IF(E38>=22,">90%",IF(E38<=22,"<90%")) -> >90% | F39: =IF(F38>=22,">90%",IF(F38<=22,"<90%")) -> >90% | G39: =IF(G38>=22,">90%",IF(G38<=22,"<90%")) -> >90% | H39: =IF(H38>=22,">90%",IF(H38<=22,"<90%")) -> >90% | I39: =IF(I38>=22,">90%",IF(I38<=22,"<90%")) -> >90% | ... Q39: =IF(Q38>=22,">90%",IF(Q38<=22,"<90%")) -> >90%
A40: Status | B40: =IF(B38>=22,"OK",IF(B38<=22,"LESS")) -> OK | C40: =IF(C38>=22,"OK",IF(C38<=22,"LESS")) -> OK | D40: =IF(D38>=22,"OK",IF(D38<=22,"LESS")) -> OK | E40: =IF(E38>=22,"OK",IF(E38<=22,"LESS")) -> OK | F40: =IF(F38>=22,"OK",IF(F38<=22,"LESS")) -> OK | G40: =IF(G38>=22,"OK",IF(G38<=22,"LESS")) -> OK | H40: =IF(H38>=22,"OK",IF(H38<=22,"LESS")) -> OK | I40: =IF(I38>=22,"OK",IF(I38<=22,"LESS")) -> OK | ... Q40: =IF(Q38>=22,"OK",IF(Q38<=22,"LESS")) -> OK
A43: Done by | B43: RAHUL
A45: Comment

Sheet 05
A1: Station: | B1: BHATAGAON RAIPUR
A2: Date: | B2: =$A$9 -> 05/09/2025 01:00 | D2: Power Off | G2: Pw.Off | L2: Link Fail | N2: Link F | P2: Maintenance | R2: Maint.
A3: Report Type: | B3: Mean | D3: Calibration | G3: Calib. | L3: Data Fail | N3: Data F | P3: Invalid | R3: Invalid
A4: Time Base: | B4: 01 Hour | D4: Zero Referrence | G4: Z.Ref | L4: Warm Up | N4: Wm. Up
A7: Date & Time | B7: NO_BHATAGAON | C7: NO2__BHATAGAON | D7: NOX_BHATAGAON | E7: SO2__BHATAGAON | F7: O3__BHATAGAON | G7: PM10__BHATAGAON | H7: PM2_5__BHATAGAON | I7: BENZ__BHATAGAON | J7: WS__BHATAGAON | K7: WD__BHATAGAON | L7: TEMP__BHATAGAON | M7: HUM__BHATAGAON | N7: SR__BHATAGAON | O7: RG__BHATAGAON | P7: CO__BHATAGAON | Q7: NH3__BHATAGAON
B8: ug/m3 | C8: ug/m3 | D8: ppb | E8: ug/m3 | F8: ug/m3 | G8: mg/m3 | H8: ug/m3 | I8: ug/m3 | J8: m/sec | K8: deg | L8: degreC | M8: % | N8: w/m2 | O8: mm | P8: ug/m3 | Q8: ug/m3
A9: 05/09/2025 01:00 | B9: 6.64 | C9: 7.01 | D9: 8.81 | E9: 5.86 | F9: 7.45 | G9: 22.38 | H9: 4.8 | I9: 0.92 | J9: 0.13 | K9: 154.49 | L9: 22.9 | M9: 98.47 | N9: 45 | O9: 0 | P9: 0.3 | Q9: 9.57
A10: 05/09/2025 02:00 | B10: 7.94 | C10: 6.06 | D10: 9.36 | E10: 6.05 | F10: 7.98 | G10: 22.38 | H10: 3.36 | I10: 0.89 | J10: 0.08 | K10: 192.62 | L10: 22.84 | M10: 98.58 | N10: 47.4 | O10: 0 | P10: 0.3 | Q10: 9.57
A11: 05/09/2025 03:00 | B11: 7.79 | C11: 5.52 | D11: 9.11 | E11: 5.9 | F11: 7.58 | G11: 16.08 | H11: 9.26 | I11: 0.85 | J11: 0.24 | K11: 131.35 | L11: 22.74 | M11: 98.7 | N11: 45.6 | O11: 0 | P11: 0.29 | Q11: 9.55
A12: 05/09/2025 04:00 | B12: 7.98 | C12: 5.85 | D12: 9.08 | E12: 5.9 | F12: 6.8 | G12: 13.8 | H12: 9.26 | I12: 0.9 | J12: 0.22 | K12: 204.43 | L12: 22.73 | M12: 98.77 | N12: 42.6 | O12: 0 | P12: 0.29 | Q12: 9.55
A13: 05/09/2025 05:00 | B13: 7.29 | C13: 6.9 | D13: 9.45 | E13: 6.04 | F13: 8.28 | G13: 16.74 | H13: 6.48 | I13: 0.89 | J13: 0.41 | K13: 136.07 | L13: 22.8 | M13: 98.65 | N13: 43.5 | O13: 0 | P13: 0.23 | Q13: 9.59
A14: 05/09/2025 06:00 | B14: 9.34 | C14: 9.9 | D14: 12.67 | E14: 6.07 | F14: 8.21 | G14: 16.74 | H14: 4.54 | I14: 0.83 | J14: 0.37 | K14: 155.67 | L14: 22.82 | M14: 98.67 | N14: 50.4 | O14: 0 | P14: 0.26 | Q14: 9.6
A15: 05/09/2025 07:00 | B15: 11.56 | C15: 8.38 | D15: 13.65 | E15: 6.07 | F15: 5.04 | G15: 13.79 | H15: 10.49 | I15: 0.83 | J15: 0.76 | K15: 157.86 | L15: 23.26 | M15: 98.68 | N15: 111.1 | O15: 0 | P15: 0.28 | Q15: 9.59
A16: 05/09/2025 08:00 | B16: 10.71 | C16: 7.51 | D16: 12.44 | E16: 5.99 | F16: 5.16 | G16: 15.38 | H16: 10.49 | I16: 0.82 | J16: 1.04 | K16: 171.7 | L16: 23.61 | M16: 98.68 | N16: 173.1 | O16: 0 | P16: 0.27 | Q16: 9.6
A17: 05/09/2025 09:00 | B17: 11.11 | C17: 7.91 | D17: 12.94 | E17: 4.55 | F17: 7.85 | G17: 15.38 | H17: 7.34 | I17: 0.84 | J17: 1.04 | K17: 150.75 | L17: 24.06 | M17: 98.67 | N17: 229.4 | O17: 0 | P17: 0.29 | Q17: 9.59
A18: 05/09/2025 10:00 | B18: 9.7 | C18: 7.63 | D18: 11.5 | E18: 4.8 | F18: 9.47 | G18: 14.18 | H18: 5.14 | I18: 0.83 | J18: 0.82 | K18: 145.26 | L18: 27.09 | M18: 98.6 | N18: 686.4 | O18: 0 | P18: 0.28 | Q18: 9.58
A19: 05/09/2025 11:00 | B19: 9.05 | C19: 7.22 | D19: 10.93 | E19: 4.79 | F19: 7.4 | G19: 17.35 | H19: 8.99 | I19: 0.83 | J19: 0.89 | K19: 144.19 | L19: 28.35 | M19: 97.03 | N19: 809.3 | O19: 0 | P19: 0.27 | Q19: 9.57
A20: 05/09/2025 12:00 | B20: 8.61 | C20: 8.49 | D20: 10.95 | E20: 4.67 | F20: 10.42 | G20: 17.35 | H20: 8.99 | I20: 0.82 | J20: 0.54 | K20: 213.17 | L20: 29.04 | M20: 91.44 | N20: 705.4 | O20: 0 | P20: 0.27 | Q20: 9.54
... A32: 05/09/2025 24:00 | B32: 9.03 | C32: 9.28 | D32: 12.09 | E32: 5.5 | F32: 9.36 | G32: 35.48 | H32: 7.45 | I32: 0.9 | J32: 0.52 | K32: 145.45 | L32: 24.12 | M32: 98.66 | N32: 35.3 | O32: 0 | P32: 0.3 | Q32: 9.56
A34: Min | B34: =MIN(B9:B32) -> 6.22 | C34: =MIN(C9:C32) -> 5.52 | D34: =MIN(D9:D32) -> 8.81 | E34: =MIN(E9:E32) -> 4.55 | F34: =MIN(F9:F32) -> 5.04 | G34: =MIN(G9:G32) -> 13.79 | H34: =MIN(H9:H32) -> 3.36 | I34: =MIN(I9:I32) -> 0.8 | ... Q34: =MIN(Q9:Q32) -> 9.47
A35: Max | B35: =MAX(B9:B32) -> 13.89 | C35: =MAX(C9:C32) -> 14.03 | D35: =MAX(D9:D32) -> 16.51 | E35: =MAX(E9:E32) -> 6.07 | F35: =MAX(F9:F32) -> 14.34 | G35: =MAX(G9:G32) -> 36.43 | H35: =MAX(H9:H32) -> 10.49 | I35: =MAX(I9:I32) -> 0.98 | ... Q35: =MAX(Q9:Q32) -> 9.6
A36: Avg | B36: =AVERAGE(B9:B32) -> 9.01375 | C36: =AVERAGE(C9:C32) -> 9.1054167 | D36: =AVERAGE(D9:D32) -> 11.784167 | E36: =AVERAGE(E9:E32) -> 5.375 | F36: =AVERAGE(F9:F32) -> 8.6254167 | G36: =AVERAGE(G9:G32) -> 24.08125 | H36: =AVERAGE(H9:H32) -> 6.8275 | I36: =AVERAGE(I9:I32) -> 0.85625 | ... Q36: =AVERAGE(Q9:Q32) -> 9.5479167
A37: Stdev | B37: =STDEV(B9:B32) -> 1.6556328 | C37: =STDEV(C9:C32) -> 2.4202587 | D37: =STDEV(D9:D32) -> 1.9572739 | E37: =STDEV(E9:E32) -> 0.50573236 | F37: =STDEV(F9:F32) -> 2.2748626 | G37: =STDEV(G9:G32) -> 8.4142505 | H37: =STDEV(H9:H32) -> 2.1055233 | I37: =STDEV(I9:I32) -> 0.044897226 | ... Q37: =STDEV(Q9:Q32) -> 0.03967029
A38: Num | B38: =COUNT(B9:B32) -> 24 | C38: =COUNT(C9:C32) -> 24 | D38: =COUNT(D9:D32) -> 24 | E38: =COUNT(E9:E32) -> 24 | F38: =COUNT(F9:F32) -> 24 | G38: =COUNT(G9:G32) -> 24 | H38: =COUNT(H9:H32) -> 24 | I38: =COUNT(I9:I32) -> 24 | ... Q38: =COUNT(Q9:Q32) -> 24
A39: DCR | B39: =IF(B38>=22,">90%",IF(B38<=22,"<90%")) -> >90% | C39: =IF(C38>=22,">90%",IF(C38<=22,"<90%")) -> >90% | D39: =IF(D38>=22,">90%",IF(D38<=22,"<90%")) -> >90% | E39: =IF(E38>=22,">90%",IF(E38<=22,"<90%")) -> >90% | F39: =IF(F38>=22,">90%",IF(F38<=22,"<90%")) -> >90% | G39: =IF(G38>=22,">90%",IF(G38<=22,"<90%")) -> >90% | H39: =IF(H38>=22,">90%",IF(H38<=22,"<90%")) -> >90% | I39: =IF(I38>=22,">90%",IF(I38<=22,"<90%")) -> >90% | ... Q39: =IF(Q38>=22,">90%",IF(Q38<=22,"<90%")) -> >90%
A40: Status | B40: =IF(B38>=22,"OK",IF(B38<=22,"LESS")) -> OK | C40: =IF(C38>=22,"OK",IF(C38<=22,"LESS")) -> OK | D40: =IF(D38>=22,"OK",IF(D38<=22,"LESS")) -> OK | E40: =IF(E38>=22,"OK",IF(E38<=22,"LESS")) -> OK | F40: =IF(F38>=22,"OK",IF(F38<=22,"LESS")) -> OK | G40: =IF(G38>=22,"OK",IF(G38<=22,"LESS")) -> OK | H40: =IF(H38>=22,"OK",IF(H38<=22,"LESS")) -> OK | I40: =IF(I38>=22,"OK",IF(I38<=22,"LESS")) -> OK | ... Q40: =IF(Q38>=22,"OK",IF(Q38<=22,"LESS")) -> OK
A43: Done by | B43: RAHUL
A45: Comment

Sheet 06
A1: Station: | B1: BHATAGAON RAIPUR
A2: Date: | B2: =$A$9 -> 06/09/2025 01:00 | D2: Power Off | G2: Pw.Off | L2: Link Fail | N2: Link F | P2: Maintenance | R2: Maint.
A3: Report Type: | B3: Mean | D3: Calibration | G3: Calib. | L3: Data Fail | N3: Data F | P3: Invalid | R3: Invalid
A4: Time Base: | B4: 01 Hour | D4: Zero Referrence | G4: Z.Ref | L4: Warm Up | N4: Wm. Up
A7: Date & Time | B7: NO_BHATAGAON | C7: NO2__BHATAGAON | D7: NOX_BHATAGAON | E7: SO2__BHATAGAON | F7: O3__BHATAGAON | G7: PM10__BHATAGAON | H7: PM2_5__BHATAGAON | I7: BENZ__BHATAGAON | J7: WS__BHATAGAON | K7: WD__BHATAGAON | L7: TEMP__BHATAGAON | M7: HUM__BHATAGAON | N7: SR__BHATAGAON | O7: RG__BHATAGAON | P7: CO__BHATAGAON | Q7: NH3__BHATAGAON
B8: ug/m3 | C8: ug/m3 | D8: ppb | E8: ug/m3 | F8: ug/m3 | G8: mg/m3 | H8: ug/m3 | I8: ug/m3 | J8: m/sec | K8: deg | L8: degreC | M8: % | N8: w/m2 | O8: mm | P8: ug/m3 | Q8: ug/m3
A9: 06/09/2025 01:00 | B9: 19.83 | C9: 9.12 | D9: 20.37 | E9: 5.56 | F9: 7.82 | G9: 36.51 | H9: 5.21 | I9: 0.95 | J9: 0.11 | K9: 245.63 | L9: 23.86 | M9: 98.76 | N9: 35.4 | O9: 0 | P9: 0.28 | Q9: 9.62
A10: 06/09/2025 02:00 | B10: 8.03 | C10: 8.05 | D10: 10.6 | E10: 5.77 | F10: 7.43 | G10: 36.51 | H10: 3.65 | I10: 1 | J10: 0.34 | K10: 155.22 | L10: 23.53 | M10: 98.72 | N10: 35 | O10: 0 | P10: 0.25 | Q10: 9.65
A11: 06/09/2025 03:00 | B11: 8.45 | C11: 7.34 | D11: 10.17 | E11: 5.7 | F11: 7.16 | G11: 23.84 | H11: 8.38 | I11: 1.01 | J11: 0.22 | K11: 160.5 | L11: 23.49 | M11: 98.69 | N11: 35.1 | O11: 0 | P11: 0.26 | Q11: 9.63
A12: 06/09/2025 04:00 | B12: 8.79 | C12: 7.82 | D12: 10.25 | E12: 5.75 | F12: 5.73 | G12: 25.06 | H12: 8.38 | I12: 0.97 | J12: 0.29 | K12: 152.5 | L12: 23.64 | M12: 98.7 | N12: 35.1 | O12: 0 | P12: 0.26 | Q12: 9.61
A13: 06/09/2025 05:00 | B13: 9.6 | C13: 8.1 | D13: 11.7 | E13: 5.93 | F13: 5.04 | G13: 25.06 | H13: 6.73 | I13: 0.94 | J13: 0.58 | K13: 146.94 | L13: 23.82 | M13: 98.64 | N13: 35.1 | O13: 0 | P13: 0.25 | Q13: 9.6
A14: 06/09/2025 06:00 | B14: 8.46 | C14: 8.08 | D14: 10.94 | E14: 5.56 | F14: 6.27 | G14: 24.49 | H14: 5.21 | I14: 0.93 | J14: 0.58 | K14: 155.53 | L14: 23.87 | M14: 98.58 | N14: 37.9 | O14: 0 | P14: 0.25 | Q14: 9.63
A15: 06/09/2025 07:00 | B15: 12.04 | C15: 7.59 | D15: 12.28 | E15: 5.81 | F15: 4.33 | G15: 24.49 | H15: 10.58 | I15: 0.96 | J15: 0.59 | K15: 145.02 | L15: 24.18 | M15: 98.57 | N15: 96.4 | O15: 0 | P15: 0.28 | Q15: 9.64
A16: 06/09/2025 08:00 | B16: 12.33 | C16: 7.26 | D16: 12.65 | E16: 5.71 | F16: 7.15 | G16: 23.48 | H16: 10.58 | I16: 0.99 | J16: 0.61 | K16: 148.79 | L16: 27.54 | M16: 98.53 | N16: 502.9 | O16: 0.2 | P16: 0.29 | Q16: 9.63
A17: 06/09/2025 09:00 | B17: 9.41 | C17: 7.36 | D17: 11.09 | E17: 4.87 | F17: 13.02 | G17: 25.15 | H17: 7.56 | I17: 1 | J17: 1.14 | K17: 139.28 | L17: 29.22 | M17: 89.43 | N17: 596.2 | O17: 0 | P17: 0.25 | Q17: 9.62
A18: 06/09/2025 10:00 | B18: 8.21 | C18: 7.89 | D18: 10.58 | E18: 5.11 | F18: 13.63 | G18: 25.15 | H18: 5.29 | I18: 0.97 | J18: 0.65 | K18: 145.71 | L18: 30.74 | M18: 85 | N18: 796.9 | O18: 0 | P18: 0.23 | Q18: 9.59
A19: 06/09/2025 11:00 | B19: 10.68 | C19: 8.32 | D19: 12.81 | E19: 5.27 | F19: 11.76 | G19: 25.33 | H19: 9.63 | I19: 0.94 | J19: 0.16 | K19: 287.65 | L19: 30.79 | M19: 85.35 | N19: 873.6 | O19: 0 | P19: 0.28 | Q19: 9.58
A20: 06/09/2025 12:00 | B20: 8.56 | C20: 8.56 | D20: 11.1 | E20: 4.95 | F20: 6.2 | G20: 28.84 | H20: 9.63 | I20: 0.96 | J20: 0.35 | K20: 277.37 | L20: 31.41 | M20: 77.18 | N20: 996.6 | O20: 0 | P20: 0.28 | Q20: 9.55
... A32: 06/09/2025 24:00 | B32: 8.55 | C32: 6.71 | D32: 10.31 | E32: 4.51 | F32: 10.32 | G32: 47.39 | H32: 8.12 | I32: 1.42 | J32: 0.8 | K32: 236.8 | L32: 24.57 | M32: 98.35 | N32: 36.8 | O32: 0 | P32: 0.3 | Q32: 9.64
A34: Min | B34: =MIN(B9:B32) -> 6.63 | C34: =MIN(C9:C32) -> 6.71 | D34: =MIN(D9:D32) -> 9.83 | E34: =MIN(E9:E32) -> 4.02 | F34: =MIN(F9:F32) -> 4.33 | G34: =MIN(G9:G32) -> 23.48 | H34: =MIN(H9:H32) -> 3.65 | I34: =MIN(I9:I32) -> 0.74 | ... Q34: =MIN(Q9:Q32) -> 9.46
A35: Max | B35: =MAX(B9:B32) -> 25.87 | C35: =MAX(C9:C32) -> 25.37 | D35: =MAX(D9:D32) -> 26.53 | E35: =MAX(E9:E32) -> 5.93 | F35: =MAX(F9:F32) -> 18.98 | G35: =MAX(G9:G32) -> 53.23 | H35: =MAX(H9:H32) -> 10.58 | I35: =MAX(I9:I32) -> 1.43 | ... Q35: =MAX(Q9:Q32) -> 9.65
A36: Avg | B36: =AVERAGE(B9:B32) -> 11.02625 | C36: =AVERAGE(C9:C32) -> 11.28625 | D36: =AVERAGE(D9:D32) -> 14.179583 | E36: =AVERAGE(E9:E32) -> 5.025 | F36: =AVERAGE(F9:F32) -> 9.9508333 | G36: =AVERAGE(G9:G32) -> 34.39875 | H36: =AVERAGE(H9:H32) -> 7.2979167 | I36: =AVERAGE(I9:I32) -> 1.0058333 | ... Q36: =AVERAGE(Q9:Q32) -> 9.57375
A37: Stdev | B37: =STDEV(B9:B32) -> 4.5658199 | C37: =STDEV(C9:C32) -> 5.6499171 | D37: =STDEV(D9:D32) -> 5.0172342 | E37: =STDEV(E9:E32) -> 0.61849748 | F37: =STDEV(F9:F32) -> 4.2173646 | G37: =STDEV(G9:G32) -> 11.069773 | H37: =STDEV(H9:H32) -> 1.8569446 | I37: =STDEV(I9:I32) -> 0.17136071 | ... Q37: =STDEV(Q9:Q32) -> 0.064525863
A38: Num | B38: =COUNT(B9:B32) -> 24 | C38: =COUNT(C9:C32) -> 24 | D38: =COUNT(D9:D32) -> 24 | E38: =COUNT(E9:E32) -> 24 | F38: =COUNT(F9:F32) -> 24 | G38: =COUNT(G9:G32) -> 24 | H38: =COUNT(H9:H32) -> 24 | I38: =COUNT(I9:I32) -> 24 | ... Q38: =COUNT(Q9:Q32) -> 24
A39: DCR | B39: =IF(B38>=22,">90%",IF(B38<=22,"<90%")) -> >90% | C39: =IF(C38>=22,">90%",IF(C38<=22,"<90%")) -> >90% | D39: =IF(D38>=22,">90%",IF(D38<=22,"<90%")) -> >90% | E39: =IF(E38>=22,">90%",IF(E38<=22,"<90%")) -> >90% | F39: =IF(F38>=22,">90%",IF(F38<=22,"<90%")) -> >90% | G39: =IF(G38>=22,">90%",IF(G38<=22,"<90%")) -> >90% | H39: =IF(H38>=22,">90%",IF(H38<=22,"<90%")) -> >90% | I39: =IF(I38>=22,">90%",IF(I38<=22,"<90%")) -> >90% | ... Q39: =IF(Q38>=22,">90%",IF(Q38<=22,"<90%")) -> >90%
A40: Status | B40: =IF(B38>=22,"OK",IF(B38<=22,"LESS")) -> OK | C40: =IF(C38>=22,"OK",IF(C38<=22,"LESS")) -> OK | D40: =IF(D38>=22,"OK",IF(D38<=22,"LESS")) -> OK | E40: =IF(E38>=22,"OK",IF(E38<=22,"LESS")) -> OK | F40: =IF(F38>=22,"OK",IF(F38<=22,"LESS")) -> OK | G40: =IF(G38>=22,"OK",IF(G38<=22,"LESS")) -> OK | H40: =IF(H38>=22,"OK",IF(H38<=22,"LESS")) -> OK | I40: =IF(I38>=22,"OK",IF(I38<=22,"LESS")) -> OK | ... Q40: =IF(Q38>=22,"OK",IF(Q38<=22,"LESS")) -> OK
A43: Done by | B43: RAHUL
A45: Comment

Sheet 07
A1: Station: | B1: BHATAGAON RAIPUR
A2: Date: | B2: =$A$9 -> 07/09/2025 01:00 | D2: Power Off | G2: Pw.Off | L2: Link Fail | N2: Link F | P2: Maintenance | R2: Maint.
A3: Report Type: | B3: Mean | D3: Calibration | G3: Calib. | L3: Data Fail | N3: Data F | P3: Invalid | R3: Invalid
A4: Time Base: | B4: 01 Hour | D4: Zero Referrence | G4: Z.Ref | L4: Warm Up | N4: Wm. Up
A7: Date & Time | B7: NO_BHATAGAON | C7: NO2__BHATAGAON | D7: NOX_BHATAGAON | E7: SO2__BHATAGAON | F7: O3__BHATAGAON | G7: PM10__BHATAGAON | H7: PM2_5__BHATAGAON | I7: BENZ__BHATAGAON | J7: WS__BHATAGAON | K7: WD__BHATAGAON | L7: TEMP__BHATAGAON | M7: HUM__BHATAGAON | N7: SR__BHATAGAON | O7: RG__BHATAGAON | P7: CO__BHATAGAON | Q7: NH3__BHATAGAON
B8: ug/m3 | C8: ug/m3 | D8: ppb | E8: ug/m3 | F8: ug/m3 | G8: mg/m3 | H8: ug/m3 | I8: ug/m3 | J8: m/sec | K8: deg | L8: degreC | M8: % | N8: w/m2 | O8: mm | P8: ug/m3 | Q8: ug/m3
A9: 07/09/2025 01:00 | B9: 8.41 | C9: 6.45 | D9: 9.92 | E9: 5.08 | F9: 9.15 | G9: 39.21 | H9: 5.69 | I9: 1.35 | J9: 0.53 | K9: 253.37 | L9: 24.25 | M9: 98.38 | N9: 36.2 | O9: 0 | P9: 0.31 | Q9: 9.66
A10: 07/09/2025 02:00 | B10: 7.38 | C10: 5.92 | D10: 8.96 | E10: 4.83 | F10: 9.62 | G10: 32.44 | H10: 4.21 | I10: 1.26 | J10: 0.29 | K10: 282.25 | L10: 24.23 | M10: 98.41 | N10: 36.1 | O10: 0 | P10: 0.23 | Q10: 9.64
A11: 07/09/2025 03:00 | B11: 7.81 | C11: 5.73 | D11: 9.1 | E11: 4.93 | F11: 7.84 | G11: 29 | H11: 9.1 | I11: 1.14 | J11: 0.25 | K11: 208.38 | L11: 23.96 | M11: 98.43 | N11: 36 | O11: 0 | P11: 0.25 | Q11: 9.59
A12: 07/09/2025 04:00 | B12: 7.9 | C12: 5.99 | D12: 8.97 | E12: 4.99 | F12: 8.24 | G12: 20.67 | H12: 9.1 | I12: 1.06 | J12: 0.2 | K12: 168.53 | L12: 23.67 | M12: 98.47 | N12: 35.9 | O12: 0 | P12: 0.24 | Q12: 9.57
A13: 07/09/2025 05:00 | B13: 7.2 | C13: 6.46 | D13: 9.03 | E13: 4.76 | F13: 7.35 | G13: 20.31 | H13: 6.37 | I13: 1 | J13: 0.42 | K13: 297.58 | L13: 23.54 | M13: 98.48 | N13: 35.8 | O13: 0 | P13: 0.21 | Q13: 9.58
A14: 07/09/2025 06:00 | B14: 7.15 | C14: 7.21 | D14: 9.24 | E14: 5.02 | F14: 6.24 | G14: 19.35 | H14: 4.46 | I14: 1.03 | J14: 0.22 | K14: 332.96 | L14: 23.61 | M14: 98.48 | N14: 42 | O14: 0 | P14: 0.25 | Q14: 9.57
A15: 07/09/2025 07:00 | B15: 18.53 | C15: 7.38 | D15: 17.84 | E15: 4.79 | F15: 5.04 | G15: 23.96 | H15: 8.73 | I15: 1.01 | J15: 0.06 | K15: 287.45 | L15: 25.15 | M15: 98.48 | N15: 159 | O15: 0 | P15: 0.33 | Q15: 9.55
A16: 07/09/2025 08:00 | B16: 13.3 | C16: 8.54 | D16: 13.92 | E16: 4.74 | F16: 6.37 | G16: 32.19 | H16: 8.73 | I16: 1.04 | J16: 0.12 | K16: 305.15 | L16: 26.86 | M16: 98.35 | N16: 301.6 | O16: 0 | P16: 0.4 | Q16: 9.59
A17: 07/09/2025 09:00 | B17: 13.3 | C17: 9.59 | D17: 15.67 | E17: 4.56 | F17: 8.64 | G17: 41.05 | H17: 6.11 | I17: 1.35 | J17: 0.2 | K17: 330.6 | L17: 30.18 | M17: 92.43 | N17: 564.7 | O17: 0 | P17: 0.62 | Q17: 9.64
A18: 07/09/2025 10:00 | B18: 11.74 | C18: 9.76 | D18: 14.51 | E18: 4.69 | F18: 8.73 | G18: 42.17 | H18: 4.28 | I18: 1.59 | J18: 0.27 | K18: 338.59 | L18: 32.41 | M18: 79.41 | N18: 781.4 | O18: 0 | P18: 0.5 | Q18: 9.63
A19: 07/09/2025 11:00 | B19: 9.98 | C19: 13.91 | D19: 15.27 | E19: 4.65 | F19: 13.05 | G19: 42.17 | H19: 10.5 | I19: 1.67 | J19: 0.2 | K19: 318.79 | L19: 32.12 | M19: 78.2 | N19: 772.6 | O19: 0 | P19: 0.62 | Q19: 9.6
A20: 07/09/2025 12:00 | B20: 9.73 | C20: 10.41 | D20: 13.24 | E20: 4.65 | F20: 10.25 | G20: 46.96 | H20: 10.5 | I20: 1.96 | J20: 0.58 | K20: 334.91 | L20: 31.91 | M20: 80.01 | N20: 651.2 | O20: 0 | P20: 0.54 | Q20: 9.53
... A29: 07/09/2025 21:00 | B29: 5.01 | C29: 4.6 | D29: 6.42 | E29: 3.74 | F29: 8.43 | G29: 22.47 | H29: 7.66 | I29: 0 | J29: 0.27 | K29: 151.77 | L29: 21.22 | M29: 98.57 | N29: 29.9 | O29: 0 | P29: 0.25 | Q29: 9.44
A30: 07/09/2025 22:00 | B30: Pw.Off | C30: Pw.Off | D30: Pw.Off | E30: Pw.Off | F30: Pw.Off | G30: Pw.Off | H30: Pw.Off | I30: Pw.Off | J30: Pw.Off | K30: Pw.Off | L30: Pw.Off | M30: Pw.Off | N30: Pw.Off | O30: Pw.Off | P30: Pw.Off | Q30: Pw.Off
A31: 07/09/2025 23:00 | B31: 12.17 | C31: 5.42 | D31: 12.59 | E31: 5.23 | F31: 5.16 | G31: 11.97 | H31: 4.21 | I31: 0 | J31: 0.44 | K31: 265.92 | L31: 22.59 | M31: 98.52 | N31: 30.2 | O31: 0 | P31: 0.36 | Q31: 9.4
A32: 07/09/2025 24:00 | B32: 14.33 | C32: 15.46 | D32: 18.42 | E32: 4.07 | F32: 2.87 | G32: 33.75 | H32: 22.43 | I32: 1.76 | J32: 0.06 | K32: 359.73 | L32: 22.78 | M32: 98.1 | N32: 30.4 | O32: 0 | P32: 0.28 | Q32: 9.67
A34: Min | B34: =MIN(B9:B32) -> 4.98 | C34: =MIN(C9:C32) -> 4.6 | D34: =MIN(D9:D32) -> 6.42 | E34: =MIN(E9:E32) -> 3.74 | F34: =MIN(F9:F32) -> 2.87 | G34: =MIN(G9:G32) -> 11.97 | H34: =MIN(H9:H32) -> 4.21 | I34: =MIN(I9:I32) -> 0 | ... Q34: =MIN(Q9:Q32) -> 9.4
A35: Max | B35: =MAX(B9:B32) -> 18.53 | C35: =MAX(C9:C32) -> 22.89 | D35: =MAX(D9:D32) -> 23.49 | E35: =MAX(E9:E32) -> 5.23 | F35: =MAX(F9:F32) -> 14.16 | G35: =MAX(G9:G32) -> 50.6 | H35: =MAX(H9:H32) -> 22.43 | I35: =MAX(I9:I32) -> 2.08 | ... Q35: =MAX(Q9:Q32) -> 9.67
A36: Avg | B36: =AVERAGE(B9:B32) -> 9.4882609 | C36: =AVERAGE(C9:C32) -> 10.133913 | D36: =AVERAGE(D9:D32) -> 12.607826 | E36: =AVERAGE(E9:E32) -> 4.7273913 | F36: =AVERAGE(F9:F32) -> 8.793913 | G36: =AVERAGE(G9:G32) -> 35.634783 | H36: =AVERAGE(H9:H32) -> 8.4426087 | I36: =AVERAGE(I9:I32) -> 1.3717391 | ... Q36: =AVERAGE(Q9:Q32) -> 9.5373913
A37: Stdev | B37: =STDEV(B9:B32) -> 3.4667874 | C37: =STDEV(C9:C32) -> 4.2922793 | D37: =STDEV(D9:D32) -> 3.8015618 | E37: =STDEV(E9:E32) -> 0.3159289 | F37: =STDEV(F9:F32) -> 2.9430114 | G37: =STDEV(G9:G32) -> 11.386548 | H37: =STDEV(H9:H32) -> 3.8532126 | I37: =STDEV(I9:I32) -> 0.55506472 | ... Q37: =STDEV(Q9:Q32) -> 0.08421927
A38: Num | B38: =COUNT(B9:B32)+1 -> 24 | C38: =COUNT(C9:C32)+1 -> 24 | D38: =COUNT(D9:D32)+1 -> 24 | E38: =COUNT(E9:E32)+1 -> 24 | F38: =COUNT(F9:F32)+1 -> 24 | G38: =COUNT(G9:G32)+1 -> 24 | H38: =COUNT(H9:H32)+1 -> 24 | I38: =COUNT(I9:I32)+1 -> 24 | ... Q38: =COUNT(Q9:Q32)+1 -> 24
A39: DCR | B39: =IF(B38>=22,">90%",IF(B38<=22,"<90%")) -> >90% | C39: =IF(C38>=22,">90%",IF(C38<=22,"<90%")) -> >90% | D39: =IF(D38>=22,">90%",IF(D38<=22,"<90%")) -> >90% | E39: =IF(E38>=22,">90%",IF(E38<=22,"<90%")) -> >90% | F39: =IF(F38>=22,">90%",IF(F38<=22,"<90%")) -> >90% | G39: =IF(G38>=22,">90%",IF(G38<=22,"<90%")) -> >90% | H39: =IF(H38>=22,">90%",IF(H38<=22,"<90%")) -> >90% | I39: =IF(I38>=22,">90%",IF(I38<=22,"<90%")) -> >90% | ... Q39: =IF(Q38>=22,">90%",IF(Q38<=22,"<90%")) -> >90%
A40: Status | B40: =IF(B38>=22,"OK",IF(B38<=22,"LESS")) -> OK | C40: =IF(C38>=22,"OK",IF(C38<=22,"LESS")) -> OK | D40: =IF(D38>=22,"OK",IF(D38<=22,"LESS")) -> OK | E40: =IF(E38>=22,"OK",IF(E38<=22,"LESS")) -> OK | F40: =IF(F38>=22,"OK",IF(F38<=22,"LESS")) -> OK | G40: =IF(G38>=22,"OK",IF(G38<=22,"LESS")) -> OK | H40: =IF(H38>=22,"OK",IF(H38<=22,"LESS")) -> OK | I40: =IF(I38>=22,"OK",IF(I38<=22,"LESS")) -> OK | ... Q40: =IF(Q38>=22,"OK",IF(Q38<=22,"LESS")) -> OK
A43: Done by | B43: RAHUL
A45: Comment

Sheet 08
A1: Station: | B1: BHATAGAON RAIPUR
A2: Date: | B2: =$A$9 -> 08/09/2025 01:00 | D2: Power Off | G2: Pw.Off | L2: Link Fail | N2: Link F | P2: Maintenance | R2: Maint.
A3: Report Type: | B3: Mean | D3: Calibration | G3: Calib. | L3: Data Fail | N3: Data F | P3: Invalid | R3: Invalid
A4: Time Base: | B4: 01 Hour | D4: Zero Referrence | G4: Z.Ref | L4: Warm Up | N4: Wm. Up
A7: Date & Time | B7: NO_BHATAGAON | C7: NO2__BHATAGAON | D7: NOX_BHATAGAON | E7: SO2__BHATAGAON | F7: O3__BHATAGAON | G7: PM10__BHATAGAON | H7: PM2_5__BHATAGAON | I7: BENZ__BHATAGAON | J7: WS__BHATAGAON | K7: WD__BHATAGAON | L7: TEMP__BHATAGAON | M7: HUM__BHATAGAON | N7: SR__BHATAGAON | O7: RG__BHATAGAON | P7: CO__BHATAGAON | Q7: NH3__BHATAGAON
B8: ug/m3 | C8: ug/m3 | D8: ppb | E8: ug/m3 | F8: ug/m3 | G8: mg/m3 | H8: ug/m3 | I8: ug/m3 | J8: m/sec | K8: deg | L8: degreC | M8: % | N8: w/m2 | O8: mm | P8: ug/m3 | Q8: ug/m3
A9: 08/09/2025 01:00 | B9: 11.27 | C9: 11.36 | D9: 12.98 | E9: 4 | F9: 7.02 | G9: 33.75 | H9: 22.43 | I9: 1.76 | J9: 0.25 | K9: 303.44 | L9: 22.83 | M9: 98.24 | N9: 30.2 | O9: 0 | P9: 0.13 | Q9: 9.52
A10: 08/09/2025 02:00 | B10: 9.65 | C10: 11.64 | D10: 12.58 | E10: 2.29 | F10: 7.74 | G10: 22.46 | H10: 15.03 | I10: 1.68 | J10: 0.66 | K10: 136.27 | L10: 22.77 | M10: 97.99 | N10: 30.3 | O10: 0 | P10: 0.29 | Q10: 9.49
A11: 08/09/2025 03:00 | B11: 8.22 | C11: 11.38 | D11: 12.53 | E11: 1.83 | F11: 7.28 | G11: 21.44 | H11: 12.28 | I11: 1.6 | J11: 0.35 | K11: 337.15 | L11: 22.81 | M11: 98.08 | N11: 30.2 | O11: 0 | P11: 0.26 | Q11: 9.49
A12: 08/09/2025 04:00 | B12: 9.16 | C12: 7.2 | D12: 10.11 | E12: 1.73 | F12: 6.49 | G12: 21.44 | H12: 12.28 | I12: 1.5 | J12: 0.07 | K12: 209.57 | L12: 22.79 | M12: 97.95 | N12: 30.3 | O12: 0 | P12: 0.31 | Q12: 9.43
A13: 08/09/2025 05:00 | B13: 9.31 | C13: 10.24 | D13: 12.82 | E13: 1.39 | F13: 4.66 | G13: 16.55 | H13: 11.12 | I13: 1.39 | J13: 0.09 | K13: 282.63 | L13: 22.77 | M13: 98.2 | N13: 30.1 | O13: 0 | P13: 0.31 | Q13: 9.39
A14: 08/09/2025 06:00 | B14: 9.49 | C14: 9.3 | D14: 11.8 | E14: 1.12 | F14: 3.29 | G14: 16.55 | H14: 8.04 | I14: 1.3 | J14: 0.07 | K14: 306.72 | L14: 22.89 | M14: 98.3 | N14: 42.7 | O14: 0 | P14: 0.28 | Q14: 9.41
A15: 08/09/2025 07:00 | B15: 11.03 | C15: 8.59 | D15: 12.99 | E15: 1.22 | F15: 4.08 | G15: 16.94 | H15: 9.3 | I15: 1.23 | J15: 0.1 | K15: 140.76 | L15: 23.35 | M15: 98.24 | N15: 98.6 | O15: 0 | P15: 0.27 | Q15: 9.43
A16: 08/09/2025 08:00 | B16: 13.04 | C16: 8.15 | D16: 13.65 | E16: 3.29 | F16: 4.58 | G16: 16.94 | H16: 9.3 | I16: 1.24 | J16: 0.16 | K16: 234.21 | L16: 25.38 | M16: 98.3 | N16: 309.3 | O16: 0.2 | P16: 0.29 | Q16: 9.44
A17: 08/09/2025 09:00 | B17: 11.67 | C17: 9.73 | D17: 12.68 | E17: 3.75 | F17: 6.64 | G17: Maint. | H17: Maint. | I17: 1.42 | J17: 0.12 | K17: 303.57 | L17: 29.53 | M17: 98.25 | N17: 575.7 | O17: 0 | P17: 0.41 | Q17: 9.44
A18: 08/09/2025 10:00 | B18: 9.29 | C18: 13.7 | D18: 13.72 | E18: 3.87 | F18: 5.73 | G18: 73.37 | H18: Maint. | I18: 2.41 | J18: 0.17 | K18: 301.81 | L18: 30.57 | M18: 92.06 | N18: 556.1 | O18: 0.2 | P18: 0.6 | Q18: 9.32
A19: 08/09/2025 11:00 | B19: 7.85 | C19: 12.79 | D19: 12.44 | E19: 3.79 | F19: 12.08 | G19: 132.07 | H19: Maint. | I19: 2.82 | J19: 0.18 | K19: 325.42 | L19: 31.94 | M19: 94.52 | N19: 927.6 | O19: 0 | P19: 0.59 | Q19: 9.29
A20: 08/09/2025 12:00 | B20: 12.09 | C20: 13.7 | D20: 15.78 | E20: 4.03 | F20: 9.25 | G20: 100.5 | H20: Maint. | I20: 2.8 | J20: 0.51 | K20: 330 | L20: 30.74 | M20: 90.74 | N20: 318.7 | O20: 0 | P20: 0.62 | Q20: 9.31
A21: 08/09/2025 13:00 | B21: 10.43 | C21: 9.92 | D21: 13.26 | E21: 4.17 | F21: 6.82 | G21: 79.25 | H21: Maint. | I21: 2.7 | J21: 1.67 | K21: 339.22 | L21: 28.6 | M21: 98.57 | N21: 153 | O21: 0.8 | P21: 0.55 | Q21: 9.31
A22: 08/09/2025 14:00 | B22: 12.95 | C22: 11.25 | D22: 15.84 | E22: 4.08 | F22: 6.26 | G22: 60.18 | H22: Maint. | I22: 2.33 | J22: 0.85 | K22: 341.9 | L22: 24.38 | M22: 98.65 | N22: 258.1 | O22: 0.8 | P22: 0.57 | Q22: 9.34
A23: 08/09/2025 15:00 | B23: 13.83 | C23: 11.49 | D23: 17.1 | E23: 4.05 | F23: 6.84 | G23: 49.32 | H23: Maint. | I23: 2.18 | J23: 0.98 | K23: 339.25 | L23: 26.35 | M23: 98.71 | N23: 280.8 | O23: 0 | P23: 0.56 | Q23: 9.38
A24: 08/09/2025 16:00 | B24: 14.15 | C24: 10.22 | D24: 16.64 | E24: 4.09 | F24: 9.29 | G24: 43.36 | H24: Maint. | I24: 2.1 | J24: 1.46 | K24: 340.24 | L24: 27.45 | M24: 98.51 | N24: 204.5 | O24: 0 | P24: 0.55 | Q24: 9.44
A25: 08/09/2025 17:00 | B25: 24.49 | C25: 14.89 | D25: 27.39 | E25: 4.06 | F25: 9.17 | G25: 53.21 | H25: Maint. | I25: 1.99 | J25: 1.45 | K25: 339.26 | L25: 27.61 | M25: 98.49 | N25: 157.4 | O25: 0 | P25: 0.7 | Q25: 9.53
A26: 08/09/2025 18:00 | B26: 36.44 | C26: 22.48 | D26: 38.5 | E26: 4.47 | F26: 6.84 | G26: 63.72 | H26: Maint. | I26: 1.86 | J26: 0.51 | K26: 341.42 | L26: 26.78 | M26: 98.4 | N26: 42.8 | O26: 0 | P26: 1.72 | Q26: 9.61
A27: 08/09/2025 19:00 | B27: 42.36 | C27: 23.95 | D27: 44.6 | E27: 4.69 | F27: 4.09 | G27: 73.58 | H27: Maint. | I27: 2.17 | J27: 0.1 | K27: 355.93 | L27: 26.2 | M27: 98.35 | N27: 33.5 | O27: 0 | P27: 1.67 | Q27: 9.64
A28: 08/09/2025 20:00 | B28: 41.86 | C28: 14.78 | D28: 39.83 | E28: 4.69 | F28: 3.48 | G28: 79.42 | H28: Maint. | I28: 2.42 | J28: 0.38 | K28: 334.72 | L28: 25.72 | M28: 98.45 | N28: 32.5 | O28: 0 | P28: 2.06 | Q28: 9.65
A29: 08/09/2025 21:00 | B29: 42.67 | C29: 17.55 | D29: 41.49 | E29: 4.43 | F29: 3.03 | G29: 81.2 | H29: Maint. | I29: 2.55 | J29: 0.55 | K29: 340.91 | L29: 25.52 | M29: 98.53 | N29: 32.5 | O29: 0 | P29: 1.44 | Q29: 9.66
... A32: 08/09/2025 24:00 | B32: 20.13 | C32: 10.91 | D32: 20.61 | E32: 4.5 | F32: 5.36 | G32: 58.69 | H32: Maint. | I32: 2.51 | J32: 0.06 | K32: 318.87 | L32: 23.75 | M32: 98.74 | N32: 32.5 | O32: 0 | P32: 0.75 | Q32: 9.7
A34: Min | B34: =MIN(B9:B32) -> 7.85 | C34: =MIN(C9:C32) -> 7.2 | D34: =MIN(D9:D32) -> 10.11 | E34: =MIN(E9:E32) -> 1.12 | F34: =MIN(F9:F32) -> 3.03 | G34: =MIN(G9:G32) -> 16.55 | H34: =MIN(H9:H32) -> 8.04 | I34: =MIN(I9:I32) -> 1.23 | ... Q34: =MIN(Q9:Q32) -> 9.29
A35: Max | B35: =MAX(B9:B32) -> 82.11 | C35: =MAX(C9:C32) -> 23.95 | D35: =MAX(D9:D32) -> 66.38 | E35: =MAX(E9:E32) -> 4.72 | F35: =MAX(F9:F32) -> 12.08 | G35: =MAX(G9:G32) -> 132.07 | H35: =MAX(H9:H32) -> 22.43 | I35: =MAX(I9:I32) -> 2.82 | ... Q35: =MAX(Q9:Q32) -> 9.7
A36: Avg | B36: =AVERAGE(B9:B32) -> 20.249167 | C36: =AVERAGE(C9:C32) -> 12.455417 | D36: =AVERAGE(D9:D32) -> 21.516667 | E36: =AVERAGE(E9:E32) -> 3.5258333 | F36: =AVERAGE(F9:F32) -> 6.15375 | G36: =AVERAGE(G9:G32) -> 55.413043 | H36: =AVERAGE(H9:H32) -> 12.4725 | I36: =AVERAGE(I9:I32) -> 2.0570833 | ... Q36: =AVERAGE(Q9:Q32) -> 9.4833333
A37: Stdev | B37: =STDEV(B9:B32) -> 17.502399 | C37: =STDEV(C9:C32) -> 4.0782274 | D37: =STDEV(D9:D32) -> 14.249979 | E37: =STDEV(E9:E32) -> 1.2007024 | F37: =STDEV(F9:F32) -> 2.2856562 | G37: =STDEV(G9:G32) -> 31.436901 | H37: =STDEV(H9:H32) -> 4.588379 | I37: =STDEV(I9:I32) -> 0.54232574 | ... Q37: =STDEV(Q9:Q32) -> 0.13457394
A38: Num | B38: =COUNT(B9:B32) -> 24 | C38: =COUNT(C9:C32) -> 24 | D38: =COUNT(D9:D32) -> 24 | E38: =COUNT(E9:E32) -> 24 | F38: =COUNT(F9:F32) -> 24 | G38: =COUNT(G9:G32)+1 -> 24 | H38: 24 | I38: =COUNT(I9:I32) -> 24 | J38: =COUNT(J9:J32) -> 24 | K38: =COUNT(K9:K32) -> 24 | L38: =COUNT(L9:L32) -> 24 | M38: =COUNT(M9:M32) -> 24 | N38: =COUNT(N9:N32) -> 24 | O38: =COUNT(O9:O32) -> 24 | P38: =COUNT(P9:P32) -> 24 | Q38: =COUNT(Q9:Q32) -> 24
A39: DCR | B39: =IF(B38>=22,">90%",IF(B38<=22,"<90%")) -> >90% | C39: =IF(C38>=22,">90%",IF(C38<=22,"<90%")) -> >90% | D39: =IF(D38>=22,">90%",IF(D38<=22,"<90%")) -> >90% | E39: =IF(E38>=22,">90%",IF(E38<=22,"<90%")) -> >90% | F39: =IF(F38>=22,">90%",IF(F38<=22,"<90%")) -> >90% | G39: =IF(G38>=22,">90%",IF(G38<=22,"<90%")) -> >90% | H39: =IF(H38>=22,">90%",IF(H38<=22,"<90%")) -> >90% | I39: =IF(I38>=22,">90%",IF(I38<=22,"<90%")) -> >90% | ... Q39: =IF(Q38>=22,">90%",IF(Q38<=22,"<90%")) -> >90%
A40: Status | B40: =IF(B38>=22,"OK",IF(B38<=22,"LESS")) -> OK | C40: =IF(C38>=22,"OK",IF(C38<=22,"LESS")) -> OK | D40: =IF(D38>=22,"OK",IF(D38<=22,"LESS")) -> OK | E40: =IF(E38>=22,"OK",IF(E38<=22,"LESS")) -> OK | F40: =IF(F38>=22,"OK",IF(F38<=22,"LESS")) -> OK | G40: =IF(G38>=22,"OK",IF(G38<=22,"LESS")) -> OK | H40: =IF(H38>=22,"OK",IF(H38<=22,"LESS")) -> OK | I40: =IF(I38>=22,"OK",IF(I38<=22,"LESS")) -> OK | ... Q40: =IF(Q38>=22,"OK",IF(Q38<=22,"LESS")) -> OK
A43: Done by | B43: RAHUL
A45: Comment

Sheet 09
A1: Station: | B1: BHATAGAON RAIPUR
A2: Date: | B2: =$A$9 -> 09/09/2025 01:00 | D2: Power Off | G2: Pw.Off | L2: Link Fail | N2: Link F | P2: Maintenance | R2: Maint.
A3: Report Type: | B3: Mean | D3: Calibration | G3: Calib. | L3: Data Fail | N3: Data F | P3: Invalid | R3: Invalid
A4: Time Base: | B4: 01 Hour | D4: Zero Referrence | G4: Z.Ref | L4: Warm Up | N4: Wm. Up
A7: Date & Time | B7: NO_BHATAGAON | C7: NO2__BHATAGAON | D7: NOX_BHATAGAON | E7: SO2__BHATAGAON | F7: O3__BHATAGAON | G7: PM10__BHATAGAON | H7: PM2_5__BHATAGAON | I7: BENZ__BHATAGAON | J7: WS__BHATAGAON | K7: WD__BHATAGAON | L7: TEMP__BHATAGAON | M7: HUM__BHATAGAON | N7: SR__BHATAGAON | O7: RG__BHATAGAON | P7: CO__BHATAGAON | Q7: NH3__BHATAGAON
B8: ug/m3 | C8: ug/m3 | D8: ppb | E8: ug/m3 | F8: ug/m3 | G8: mg/m3 | H8: ug/m3 | I8: ug/m3 | J8: m/sec | K8: deg | L8: degreC | M8: % | N8: w/m2 | O8: mm | P8: ug/m3 | Q8: ug/m3
A9: 09/09/2025 01:00 | B9: 16.25 | C9: 11.79 | D9: 18.31 | E9: 5.07 | F9: 4.14 | G9: 49.74 | H9: 1.6 | I9: 2.29 | J9: 0.08 | K9: 234.49 | L9: 23.83 | M9: 98.81 | N9: 32.4 | O9: 0 | P9: 0.68 | Q9: 9.68
A10: 09/09/2025 02:00 | B10: 12.91 | C10: 12.14 | D10: 15.77 | E10: 5.18 | F10: 5.77 | G10: 48.71 | H10: 1.58 | I10: 2.3 | J10: 0.16 | K10: 180.75 | L10: 23.95 | M10: 98.82 | N10: 32.5 | O10: 0 | P10: 0.64 | Q10: 9.68
A11: 09/09/2025 03:00 | B11: 16.58 | C11: 5.36 | D11: 15.54 | E11: 5.1 | F11: 8.48 | G11: 45.2 | H11: 1.2 | I11: 2.32 | J11: 0.11 | K11: 218.79 | L11: 23.81 | M11: 98.73 | N11: 32.5 | O11: 0 | P11: 0.5 | Q11: 9.67
A12: 09/09/2025 04:00 | B12: 12.43 | C12: 6.82 | D12: 13.14 | E12: 5.2 | F12: 6.22 | G12: 35.98 | H12: 1.1 | I12: 2.14 | J12: 0.07 | K12: 275.03 | L12: 23.46 | M12: 98.65 | N12: 32.5 | O12: 0 | P12: 0.42 | Q12: 9.66
A13: 09/09/2025 05:00 | B13: 12.97 | C13: 7.73 | D13: 13.1 | E13: 4.79 | F13: 5.11 | G13: 24.07 | H13: 1.93 | I13: 1.92 | J13: 0.22 | K13: 182.94 | L13: 23.29 | M13: 98.64 | N13: 32.3 | O13: 0 | P13: 0.46 | Q13: 9.64
A14: 09/09/2025 06:00 | B14: 13.22 | C14: 7.79 | D14: 14.4 | E14: 4.91 | F14: 4.04 | G14: 24.19 | H14: 2.27 | I14: 1.75 | J14: 0.13 | K14: 262.73 | L14: 23.17 | M14: 98.63 | N14: 41.3 | O14: 0 | P14: 0.35 | Q14: 9.62
A15: 09/09/2025 07:00 | B15: 19.11 | C15: 6.56 | D15: 18.54 | E15: 5.06 | F15: 4.2 | G15: 22.49 | H15: 0.59 | I15: 1.73 | J15: 0.19 | K15: 275.2 | L15: 24.34 | M15: 98.5 | N15: 125.2 | O15: 0 | P15: 0.5 | Q15: 9.61
A16: 09/09/2025 08:00 | B16: 24.11 | C16: 8.34 | D16: 23.47 | E16: 5.47 | F16: 5.32 | G16: 27.93 | H16: 0.17 | I16: 1.7 | J16: 0.26 | K16: 354.09 | L16: 26.08 | M16: 98.45 | N16: 212.3 | O16: 0 | P16: 0.69 | Q16: 9.59
A17: 09/09/2025 09:00 | B17: 18.88 | C17: 9.73 | D17: 20.07 | E17: 5.05 | F17: 8.67 | G17: 34.14 | H17: 0.26 | I17: 1.61 | J17: 0.37 | K17: 354.59 | L17: 32.04 | M17: 97.9 | N17: 562 | O17: 0 | P17: 0.51 | Q17: 9.62
A18: 09/09/2025 10:00 | B18: 17.24 | C18: 15.41 | D18: 20.93 | E18: 5.36 | F18: 12.53 | G18: 37.11 | H18: 0.6 | I18: 1.64 | J18: 0.43 | K18: 135.09 | L18: 32.79 | M18: 89.64 | N18: 609.9 | O18: 0 | P18: 0.58 | Q18: 9.65
A19: 09/09/2025 11:00 | B19: 15.85 | C19: 18.08 | D19: 22.13 | E19: 5.48 | F19: 18.62 | G19: 37.29 | H19: 0.8 | I19: 1.68 | J19: 0.48 | K19: 338.47 | L19: 30.29 | M19: 87.18 | N19: 622.6 | O19: 0 | P19: 0.73 | Q19: 9.63
A20: 09/09/2025 12:00 | B20: 9.25 | C20: 25.78 | D20: 20.89 | E20: 5.22 | F20: 15.75 | G20: 35.7 | H20: 0.59 | I20: 1.65 | J20: 0.52 | K20: 324.89 | L20: 30.23 | M20: 91 | N20: 376.8 | O20: 0 | P20: 0.7 | Q20: 9.23
... A32: 09/09/2025 24:00 | B32: 13.88 | C32: 21.84 | D32: 20.08 | E32: 4.42 | F32: 8.25 | G32: 99.69 | H32: 6.28 | I32: 2.76 | J32: 0.87 | K32: 338.22 | L32: 25.22 | M32: 97.85 | N32: 32.6 | O32: 0 | P32: 1.23 | Q32: 9.63
A34: Min | B34: =MIN(B9:B32) -> 4.77 | C34: =MIN(C9:C32) -> 5.36 | D34: =MIN(D9:D32) -> 10.64 | E34: =MIN(E9:E32) -> 4.06 | F34: =MIN(F9:F32) -> 4.04 | G34: =MIN(G9:G32) -> 22.49 | H34: =MIN(H9:H32) -> 0.17 | I34: =MIN(I9:I32) -> 1.49 | ... Q34: =MIN(Q9:Q32) -> 9.23
A35: Max | B35: =MAX(B9:B32) -> 45.95 | C35: =MAX(C9:C32) -> 41.88 | D35: =MAX(D9:D32) -> 54.6 | E35: =MAX(E9:E32) -> 5.92 | F35: =MAX(F9:F32) -> 29.55 | G35: =MAX(G9:G32) -> 130.09 | H35: =MAX(H9:H32) -> 11.41 | I35: =MAX(I9:I32) -> 2.76 | ... Q35: =MAX(Q9:Q32) -> 9.68
A36: Avg | B36: =AVERAGE(B9:B32) -> 17.539167 | C36: =AVERAGE(C9:C32) -> 19.2575 | D36: =AVERAGE(D9:D32) -> 23.38625 | E36: =AVERAGE(E9:E32) -> 5.0291667 | F36: =AVERAGE(F9:F32) -> 12.658333 | G36: =AVERAGE(G9:G32) -> 68.443333 | H36: =AVERAGE(H9:H32) -> 3.8775 | I36: =AVERAGE(I9:I32) -> 1.9745833 | ... Q36: =AVERAGE(Q9:Q32) -> 9.5166667
A37: Stdev | B37: =STDEV(B9:B32) -> 10.443264 | C37: =STDEV(C9:C32) -> 11.389004 | D37: =STDEV(D9:D32) -> 12.286765 | E37: =STDEV(E9:E32) -> 0.42622628 | F37: =STDEV(F9:F32) -> 8.7307058 | G37: =STDEV(G9:G32) -> 37.401714 | H37: =STDEV(H9:H32) -> 3.4946459 | I37: =STDEV(I9:I32) -> 0.36728119 | ... Q37: =STDEV(Q9:Q32) -> 0.16985074
A38: Num | B38: =COUNT(B9:B32) -> 24 | C38: =COUNT(C9:C32) -> 24 | D38: =COUNT(D9:D32) -> 24 | E38: =COUNT(E9:E32) -> 24 | F38: =COUNT(F9:F32) -> 24 | G38: =COUNT(G9:G32) -> 24 | H38: =COUNT(H9:H32) -> 24 | I38: =COUNT(I9:I32) -> 24 | ... Q38: =COUNT(Q9:Q32) -> 24
A39: DCR | B39: =IF(B38>=22,">90%",IF(B38<=22,"<90%")) -> >90% | C39: =IF(C38>=22,">90%",IF(C38<=22,"<90%")) -> >90% | D39: =IF(D38>=22,">90%",IF(D38<=22,"<90%")) -> >90% | E39: =IF(E38>=22,">90%",IF(E38<=22,"<90%")) -> >90% | F39: =IF(F38>=22,">90%",IF(F38<=22,"<90%")) -> >90% | G39: =IF(G38>=22,">90%",IF(G38<=22,"<90%")) -> >90% | H39: =IF(H38>=22,">90%",IF(H38<=22,"<90%")) -> >90% | I39: =IF(I38>=22,">90%",IF(I38<=22,"<90%")) -> >90% | ... Q39: =IF(Q38>=22,">90%",IF(Q38<=22,"<90%")) -> >90%
A40: Status | B40: =IF(B38>=22,"OK",IF(B38<=22,"LESS")) -> OK | C40: =IF(C38>=22,"OK",IF(C38<=22,"LESS")) -> OK | D40: =IF(D38>=22,"OK",IF(D38<=22,"LESS")) -> OK | E40: =IF(E38>=22,"OK",IF(E38<=22,"LESS")) -> OK | F40: =IF(F38>=22,"OK",IF(F38<=22,"LESS")) -> OK | G40: =IF(G38>=22,"OK",IF(G38<=22,"LESS")) -> OK | H40: =IF(H38>=22,"OK",IF(H38<=22,"LESS")) -> OK | I40: =IF(I38>=22,"OK",IF(I38<=22,"LESS")) -> OK | ... Q40: =IF(Q38>=22,"OK",IF(Q38<=22,"LESS")) -> OK
A43: Done by | B43: RAHUL
A45: Comment

Sheet 10
A1: Station: | B1: BHATAGAON RAIPUR
A2: Date: | B2: =$A$9 -> 10/09/2025 01:00 | D2: Power Off | G2: Pw.Off | L2: Link Fail | N2: Link F | P2: Maintenance | R2: Maint.
A3: Report Type: | B3: Mean | D3: Calibration | G3: Calib. | L3: Data Fail | N3: Data F | P3: Invalid | R3: Invalid
A4: Time Base: | B4: 01 Hour | D4: Zero Referrence | G4: Z.Ref | L4: Warm Up | N4: Wm. Up
A7: Date & Time | B7: NO_BHATAGAON | C7: NO2__BHATAGAON | D7: NOX_BHATAGAON | E7: SO2__BHATAGAON | F7: O3__BHATAGAON | G7: PM10__BHATAGAON | H7: PM2_5__BHATAGAON | I7: BENZ__BHATAGAON | J7: WS__BHATAGAON | K7: WD__BHATAGAON | L7: TEMP__BHATAGAON | M7: HUM__BHATAGAON | N7: SR__BHATAGAON | O7: RG__BHATAGAON | P7: CO__BHATAGAON | Q7: NH3__BHATAGAON
B8: ug/m3 | C8: ug/m3 | D8: ppb | E8: ug/m3 | F8: ug/m3 | G8: mg/m3 | H8: ug/m3 | I8: ug/m3 | J8: m/sec | K8: deg | L8: degreC | M8: % | N8: w/m2 | O8: mm | P8: ug/m3 | Q8: ug/m3
A9: 10/09/2025 01:00 | B9: 14.63 | C9: 15.85 | D9: 17.73 | E9: 4.71 | F9: 9.23 | G9: 85.52 | H9: 6.28 | I9: 2.82 | J9: 0.81 | K9: 341.32 | L9: 25.03 | M9: 97.89 | N9: 32.7 | O9: 0 | P9: 0.9 | Q9: 9.64
A10: 10/09/2025 02:00 | B10: 11.05 | C10: 20.68 | D10: 18.23 | E10: 4.7 | F10: 6.16 | G10: 88.24 | H10: 11.99 | I10: 2.69 | J10: 0.24 | K10: 354.66 | L10: 24.98 | M10: 97.85 | N10: 32.9 | O10: 0 | P10: 0.57 | Q10: 9.62
A11: 10/09/2025 03:00 | B11: 10.25 | C11: 17.49 | D11: 17.34 | E11: 4.54 | F11: 8.1 | G11: 94.01 | H11: 166.92 | I11: 2.6 | J11: 0.24 | K11: 323.29 | L11: 24.75 | M11: 97.9 | N11: 32.9 | O11: 0 | P11: 0.64 | Q11: 9.59
A12: 10/09/2025 04:00 | B12: 9.05 | C12: 11.33 | D12: 13.17 | E12: 4.67 | F12: 7.94 | G12: 94.98 | H12: 287.19 | I12: 2.46 | J12: 0.18 | K12: 339.25 | L12: 24.24 | M12: 97.93 | N12: 32.9 | O12: 0 | P12: 0.3 | Q12: 9.57
A13: 10/09/2025 05:00 | B13: 15.2 | C13: 13.57 | D13: 19.28 | E13: 4.72 | F13: 7.34 | G13: 76.61 | H13: 7.28 | I13: 2.28 | J13: 0.33 | K13: 344.05 | L13: 24.25 | M13: 97.92 | N13: 33.3 | O13: 0 | P13: 0.48 | Q13: 9.55
A14: 10/09/2025 06:00 | B14: 12.79 | C14: 13.08 | D14: 16.99 | E14: 4.57 | F14: 5.22 | G14: 71.26 | H14: 8.9 | I14: 2.09 | J14: 0.36 | K14: 342.66 | L14: 24.23 | M14: 97.93 | N14: 37.2 | O14: 0 | P14: 0.46 | Q14: 9.51
A15: 10/09/2025 07:00 | B15: 21.67 | C15: 14.49 | D15: 23.25 | E15: 4.51 | F15: 5.6 | G15: 77.35 | H15: 9.32 | I15: 1.97 | J15: 0.3 | K15: 344.24 | L15: 25.3 | M15: 97.88 | N15: 94.2 | O15: 0 | P15: 0.54 | Q15: 9.55
A16: 10/09/2025 08:00 | B16: 25.57 | C16: 13.62 | D16: 27.61 | E16: 4.77 | F16: 8.35 | G16: 85.05 | H16: 1845.11 | I16: 1.94 | J16: 0.47 | K16: 350.65 | L16: 28.01 | M16: 97.83 | N16: 252.9 | O16: 0 | P16: 0.66 | Q16: 9.64
A17: 10/09/2025 09:00 | B17: 19.26 | C17: 14.86 | D17: 22.35 | E17: 5.21 | F17: 10.03 | G17: 87.75 | H17: 2963.9 | I17: 1.96 | J17: 0.47 | K17: 349.66 | L17: 31.8 | M17: 89.94 | N17: 392.2 | O17: 0 | P17: 0.64 | Q17: 9.65
A18: 10/09/2025 10:00 | B18: 19.6 | C18: 17.35 | D18: 24.4 | E18: 5.15 | F18: 10.54 | G18: 95.5 | H18: 14.71 | I18: 1.96 | J18: 0.58 | K18: 354.45 | L18: 33.17 | M18: 73.82 | N18: 595.8 | O18: 0 | P18: 0.78 | Q18: 9.64
A19: 10/09/2025 11:00 | B19: 17.44 | C19: 18.22 | D19: 23.5 | E19: 5.55 | F19: 13.94 | G19: 102.08 | H19: 17.23 | I19: 1.96 | J19: 0.21 | K19: 327.8 | L19: 32.95 | M19: 74.6 | N19: 706.9 | O19: 0 | P19: 0.79 | Q19: 9.66
A20: 10/09/2025 12:00 | B20: 14.78 | C20: 17.59 | D20: 19.98 | E20: 6.06 | F20: 19.32 | G20: 110.29 | H20: 14.39 | I20: 2 | J20: 0.39 | K20: 336.95 | L20: 33.38 | M20: 69.51 | N20: 654.2 | O20: 0 | P20: 0.72 | Q20: 9.62
... A32: 10/09/2025 24:00 | B32: 13.78 | C32: 14.93 | D32: 17.15 | E32: 5.57 | F32: 5.02 | G32: 40.83 | H32: 6.32 | I32: 2.69 | J32: 0.05 | K32: 248.05 | L32: 23.61 | M32: 98.03 | N32: 31.4 | O32: 0 | P32: 0.47 | Q32: 9.67
A34: Min | B34: =MIN(B9:B32) -> 7.05 | C34: =MIN(C9:C32) -> 9.03 | D34: =MIN(D9:D32) -> 11.8 | E34: =MIN(E9:E32) -> 4.51 | F34: =MIN(F9:F32) -> 2.96 | G34: =MIN(G9:G32) -> 40.83 | H34: =MIN(H9:H32) -> 6.28 | I34: =MIN(I9:I32) -> 1.47 | ... Q34: =MIN(Q9:Q32) -> 9.34
A35: Max | B35: =MAX(B9:B32) -> 48.71 | C35: =MAX(C9:C32) -> 26.41 | D35: =MAX(D9:D32) -> 47.07 | E35: =MAX(E9:E32) -> 6.06 | F35: =MAX(F9:F32) -> 20.59 | G35: =MAX(G9:G32) -> 115.65 | H35: =MAX(H9:H32) -> 2963.9 | I35: =MAX(I9:I32) -> 2.82 | ... Q35: =MAX(Q9:Q32) -> 9.67
A36: Avg | B36: =AVERAGE(B9:B32) -> 17.68875 | C36: =AVERAGE(C9:C32) -> 16.54875 | D36: =AVERAGE(D9:D32) -> 21.631667 | E36: =AVERAGE(E9:E32) -> 5.13 | F36: =AVERAGE(F9:F32) -> 9.0466667 | G36: =AVERAGE(G9:G32) -> 78.249583 | H36: =AVERAGE(H9:H32) -> 227.9925 | I36: =AVERAGE(I9:I32) -> 2.11875 | ... Q36: =AVERAGE(Q9:Q32) -> 9.5533333
A37: Stdev | B37: =STDEV(B9:B32) -> 9.8453561 | C37: =STDEV(C9:C32) -> 3.7772216 | D37: =STDEV(D9:D32) -> 7.9995721 | E37: =STDEV(E9:E32) -> 0.44381743 | F37: =STDEV(F9:F32) -> 5.2847234 | G37: =STDEV(G9:G32) -> 23.021457 | H37: =STDEV(H9:H32) -> 693.27163 | I37: =STDEV(I9:I32) -> 0.42811328 | ... Q37: =STDEV(Q9:Q32) -> 0.10598058
A38: Num | B38: =COUNT(B9:B32) -> 24 | C38: =COUNT(C9:C32) -> 24 | D38: =COUNT(D9:D32) -> 24 | E38: =COUNT(E9:E32) -> 24 | F38: =COUNT(F9:F32) -> 24 | G38: =COUNT(G9:G32) -> 24 | H38: =COUNT(H9:H32) -> 24 | I38: =COUNT(I9:I32) -> 24 | ... Q38: =COUNT(Q9:Q32) -> 24
A39: DCR | B39: =IF(B38>=22,">90%",IF(B38<=22,"<90%")) -> >90% | C39: =IF(C38>=22,">90%",IF(C38<=22,"<90%")) -> >90% | D39: =IF(D38>=22,">90%",IF(D38<=22,"<90%")) -> >90% | E39: =IF(E38>=22,">90%",IF(E38<=22,"<90%")) -> >90% | F39: =IF(F38>=22,">90%",IF(F38<=22,"<90%")) -> >90% | G39: =IF(G38>=22,">90%",IF(G38<=22,"<90%")) -> >90% | H39: =IF(H38>=22,">90%",IF(H38<=22,"<90%")) -> >90% | I39: =IF(I38>=22,">90%",IF(I38<=22,"<90%")) -> >90% | ... Q39: =IF(Q38>=22,">90%",IF(Q38<=22,"<90%")) -> >90%
A40: Status | B40: =IF(B38>=22,"OK",IF(B38<=22,"LESS")) -> OK | C40: =IF(C38>=22,"OK",IF(C38<=22,"LESS")) -> OK | D40: =IF(D38>=22,"OK",IF(D38<=22,"LESS")) -> OK | E40: =IF(E38>=22,"OK",IF(E38<=22,"LESS")) -> OK | F40: =IF(F38>=22,"OK",IF(F38<=22,"LESS")) -> OK | G40: =IF(G38>=22,"OK",IF(G38<=22,"LESS")) -> OK | H40: =IF(H38>=22,"OK",IF(H38<=22,"LESS")) -> OK | I40: =IF(I38>=22,"OK",IF(I38<=22,"LESS")) -> OK | ... Q40: =IF(Q38>=22,"OK",IF(Q38<=22,"LESS")) -> OK
A43: Done by | B43: RAHUL
A45: Comment

Sheet 11
A1: Station: | B1: BHATAGAON RAIPUR
A2: Date: | B2: =$A$9 -> 11/09/2025 01:00 | D2: Power Off | G2: Pw.Off | L2: Link Fail | N2: Link F | P2: Maintenance | R2: Maint.
A3: Report Type: | B3: Mean | D3: Calibration | G3: Calib. | L3: Data Fail | N3: Data F | P3: Invalid | R3: Invalid
A4: Time Base: | B4: 01 Hour | D4: Zero Referrence | G4: Z.Ref | L4: Warm Up | N4: Wm. Up
A7: Date & Time | B7: NO_BHATAGAON | C7: NO2__BHATAGAON | D7: NOX_BHATAGAON | E7: SO2__BHATAGAON | F7: O3__BHATAGAON | G7: PM10__BHATAGAON | H7: PM2_5__BHATAGAON | I7: BENZ__BHATAGAON | J7: WS__BHATAGAON | K7: WD__BHATAGAON | L7: TEMP__BHATAGAON | M7: HUM__BHATAGAON | N7: SR__BHATAGAON | O7: RG__BHATAGAON | P7: CO__BHATAGAON | Q7: NH3__BHATAGAON
B8: ug/m3 | C8: ug/m3 | D8: ppb | E8: ug/m3 | F8: ug/m3 | G8: mg/m3 | H8: ug/m3 | I8: ug/m3 | J8: m/sec | K8: deg | L8: degreC | M8: % | N8: w/m2 | O8: mm | P8: ug/m3 | Q8: ug/m3
A9: 11/09/2025 01:00 | B9: 20.65 | C9: 11.37 | D9: 20.53 | E9: 5.68 | F9: 4.53 | G9: 37.6 | H9: 6.29 | I9: 2.58 | J9: 0.06 | K9: 313.29 | L9: 23.59 | M9: 98.04 | N9: 31.3 | O9: 0 | P9: 0.52 | Q9: 9.66
A10: 11/09/2025 02:00 | B10: 14.22 | C10: 10.27 | D10: 15.02 | E10: 5.44 | F10: 4.86 | G10: 40.03 | H10: 8.36 | I10: 2.4 | J10: 0.05 | K10: 313.29 | L10: 23.75 | M10: 98.05 | N10: 31.1 | O10: 0 | P10: 0.44 | Q10: 9.66
A11: 11/09/2025 03:00 | B11: 10.96 | C11: 7.3 | D11: 12.12 | E11: 5.33 | F11: 4.28 | G11: 35.94 | H11: 2477.27 | I11: 2.21 | J11: 0.05 | K11: 292.37 | L11: 23.91 | M11: 98.03 | N11: 31.4 | O11: 0 | P11: 0.48 | Q11: 9.65
A12: 11/09/2025 04:00 | B12: 10.1 | C12: 10.08 | D12: 12.86 | E12: 5.19 | F12: 4.22 | G12: 33.83 | H12: 5297.86 | I12: 2.08 | J12: 0.05 | K12: 296.67 | L12: 23.88 | M12: 98.03 | N12: 31.4 | O12: 0 | P12: 0.45 | Q12: 9.64
A13: 11/09/2025 05:00 | B13: 12.21 | C13: 10.47 | D13: 14.81 | E13: 5.38 | F13: 4.74 | G13: 37.01 | H13: 5904.78 | I13: 2.06 | J13: 0.06 | K13: 241.35 | L13: 23.86 | M13: 98.03 | N13: 31.4 | O13: 0 | P13: 0.44 | Q13: 9.62
A14: 11/09/2025 06:00 | B14: 14.69 | C14: 9.97 | D14: 16.17 | E14: 5.31 | F14: 3.85 | G14: 41.47 | H14: 54.6 | I14: 2.05 | J14: 0.11 | K14: 175.68 | L14: 23.89 | M14: 98.04 | N14: 39.8 | O14: 0 | P14: 0.47 | Q14: 9.58
A15: 11/09/2025 07:00 | B15: 14.64 | C15: 8.18 | D15: 14.95 | E15: 5.38 | F15: 3.6 | G15: 42.52 | H15: 10.45 | I15: 1.98 | J15: 0.09 | K15: 309.31 | L15: 24.54 | M15: 98.1 | N15: 115.8 | O15: 0 | P15: 0.44 | Q15: 9.57
A16: 11/09/2025 08:00 | B16: 18.24 | C16: 9.23 | D16: 19.45 | E16: 5.32 | F16: 5.87 | G16: 44.61 | H16: 10.86 | I16: 1.96 | J16: 0.32 | K16: 336.44 | L16: 28.39 | M16: 98.05 | N16: 235.7 | O16: 0 | P16: 0.49 | Q16: 9.59
A17: 11/09/2025 09:00 | B17: 24.16 | C17: 13.55 | D17: 26.45 | E17: 5.77 | F17: 8.39 | G17: 48.11 | H17: 6.55 | I17: 1.93 | J17: 0.41 | K17: 342.8 | L17: 30.04 | M17: 97.82 | N17: 415 | O17: 0 | P17: 0.6 | Q17: 9.64
A18: 11/09/2025 10:00 | B18: 14.6 | C18: 18.37 | D18: 19.78 | E18: 5.89 | F18: 12.65 | G18: 49.06 | H18: 11.14 | I18: 1.9 | J18: 0.4 | K18: 332.18 | L18: 32.73 | M18: 89.39 | N18: 647.8 | O18: 0 | P18: 0.65 | Q18: 9.65
A19: 11/09/2025 11:00 | B19: 14.77 | C19: 12.85 | D19: 18.14 | E19: 5.93 | F19: 9.05 | G19: 48.57 | H19: 13.03 | I19: 1.87 | J19: 1.66 | K19: 338.48 | L19: 30.01 | M19: 98 | N19: 151.9 | O19: 0 | P19: 0.54 | Q19: 9.6
A20: 11/09/2025 12:00 | B20: 21.55 | C20: 15.43 | D20: 24.64 | E20: 5.7 | F20: 9.44 | G20: 49.33 | H20: 7.09 | I20: 1.81 | J20: 0.25 | K20: 344.61 | L20: 26.23 | M20: 98.07 | N20: 327 | O20: 0 | P20: 0.59 | Q20: 9.59
... A32: 11/09/2025 24:00 | B32: 36.54 | C32: 21 | D32: 37.18 | E32: 5.11 | F32: 2.76 | G32: 68.39 | H32: 6.76 | I32: 2.22 | J32: 0.45 | K32: 355.96 | L32: 24.87 | M32: 98.06 | N32: 31.8 | O32: 0 | P32: 0.99 | Q32: 9.65
A34: Min | B34: =MIN(B9:B32) -> 10.1 | C34: =MIN(C9:C32) -> 7.3 | D34: =MIN(D9:D32) -> 12.12 | E34: =MIN(E9:E32) -> 5.11 | F34: =MIN(F9:F32) -> 2.76 | G34: =MIN(G9:G32) -> 33.83 | H34: =MIN(H9:H32) -> 6.29 | I34: =MIN(I9:I32) -> 1.54 | ... Q34: =MIN(Q9:Q32) -> 9.48
A35: Max | B35: =MAX(B9:B32) -> 36.54 | C35: =MAX(C9:C32) -> 24.28 | D35: =MAX(D9:D32) -> 37.18 | E35: =MAX(E9:E32) -> 6.12 | F35: =MAX(F9:F32) -> 14.91 | G35: =MAX(G9:G32) -> 91.41 | H35: =MAX(H9:H32) -> 5904.78 | I35: =MAX(I9:I32) -> 2.58 | ... Q35: =MAX(Q9:Q32) -> 9.66
A36: Avg | B36: =AVERAGE(B9:B32) -> 18.740833 | C36: =AVERAGE(C9:C32) -> 14.8575 | D36: =AVERAGE(D9:D32) -> 21.684167 | E36: =AVERAGE(E9:E32) -> 5.525 | F36: =AVERAGE(F9:F32) -> 8.1641667 | G36: =AVERAGE(G9:G32) -> 55.265833 | H36: =AVERAGE(H9:H32) -> 579.455 | I36: =AVERAGE(I9:I32) -> 1.95375 | ... Q36: =AVERAGE(Q9:Q32) -> 9.6041667
A37: Stdev | B37: =STDEV(B9:B32) -> 6.5042206 | C37: =STDEV(C9:C32) -> 4.7396819 | D37: =STDEV(D9:D32) -> 6.4543743 | E37: =STDEV(E9:E32) -> 0.27325732 | F37: =STDEV(F9:F32) -> 3.9246943 | G37: =STDEV(G9:G32) -> 17.645457 | H37: =STDEV(H9:H32) -> 1628.7735 | I37: =STDEV(I9:I32) -> 0.25820135 | ... Q37: =STDEV(Q9:Q32) -> 0.046054473
A38: Num | B38: =COUNT(B9:B32) -> 24 | C38: =COUNT(C9:C32) -> 24 | D38: =COUNT(D9:D32) -> 24 | E38: =COUNT(E9:E32) -> 24 | F38: =COUNT(F9:F32) -> 24 | G38: =COUNT(G9:G32) -> 24 | H38: =COUNT(H9:H32) -> 24 | I38: =COUNT(I9:I32) -> 24 | ... Q38: =COUNT(Q9:Q32) -> 24
A39: DCR | B39: =IF(B38>=22,">90%",IF(B38<=22,"<90%")) -> >90% | C39: =IF(C38>=22,">90%",IF(C38<=22,"<90%")) -> >90% | D39: =IF(D38>=22,">90%",IF(D38<=22,"<90%")) -> >90% | E39: =IF(E38>=22,">90%",IF(E38<=22,"<90%")) -> >90% | F39: =IF(F38>=22,">90%",IF(F38<=22,"<90%")) -> >90% | G39: =IF(G38>=22,">90%",IF(G38<=22,"<90%")) -> >90% | H39: =IF(H38>=22,">90%",IF(H38<=22,"<90%")) -> >90% | I39: =IF(I38>=22,">90%",IF(I38<=22,"<90%")) -> >90% | ... Q39: =IF(Q38>=22,">90%",IF(Q38<=22,"<90%")) -> >90%
A40: Status | B40: =IF(B38>=22,"OK",IF(B38<=22,"LESS")) -> OK | C40: =IF(C38>=22,"OK",IF(C38<=22,"LESS")) -> OK | D40: =IF(D38>=22,"OK",IF(D38<=22,"LESS")) -> OK | E40: =IF(E38>=22,"OK",IF(E38<=22,"LESS")) -> OK | F40: =IF(F38>=22,"OK",IF(F38<=22,"LESS")) -> OK | G40: =IF(G38>=22,"OK",IF(G38<=22,"LESS")) -> OK | H40: =IF(H38>=22,"OK",IF(H38<=22,"LESS")) -> OK | I40: =IF(I38>=22,"OK",IF(I38<=22,"LESS")) -> OK | ... Q40: =IF(Q38>=22,"OK",IF(Q38<=22,"LESS")) -> OK
A43: Done by | B43: RAHUL
A45: Comment

Sheet 12
A1: Station: | B1: BHATAGAON RAIPUR
A2: Date: | B2: =$A$9 -> 12/09/2025 01:00 | D2: Power Off | G2: Pw.Off | L2: Link Fail | N2: Link F | P2: Maintenance | R2: Maint.
A3: Report Type: | B3: Mean | D3: Calibration | G3: Calib. | L3: Data Fail | N3: Data F | P3: Invalid | R3: Invalid
A4: Time Base: | B4: 01 Hour | D4: Zero Referrence | G4: Z.Ref | L4: Warm Up | N4: Wm. Up
A7: Date & Time | B7: NO_BHATAGAON | C7: NO2__BHATAGAON | D7: NOX_BHATAGAON | E7: SO2__BHATAGAON | F7: O3__BHATAGAON | G7: PM10__BHATAGAON | H7: PM2_5__BHATAGAON | I7: BENZ__BHATAGAON | J7: WS__BHATAGAON | K7: WD__BHATAGAON | L7: TEMP__BHATAGAON | M7: HUM__BHATAGAON | N7: SR__BHATAGAON | O7: RG__BHATAGAON | P7: CO__BHATAGAON | Q7: NH3__BHATAGAON
B8: ug/m3 | C8: ug/m3 | D8: ppb | E8: ug/m3 | F8: ug/m3 | G8: mg/m3 | H8: ug/m3 | I8: ug/m3 | J8: m/sec | K8: deg | L8: degreC | M8: % | N8: w/m2 | O8: mm | P8: ug/m3 | Q8: ug/m3
A9: 12/09/2025 01:00 | B9: 16.05 | C9: 20.86 | D9: 21.89 | E9: 4.9 | F9: 3.61 | G9: 71.29 | H9: 30.47 | I9: 2.22 | J9: 0.59 | K9: 338.9 | L9: 25.2 | M9: 98.05 | N9: 32.1 | O9: 0 | P9: 0.86 | Q9: 9.66
A10: 12/09/2025 02:00 | B10: 12.63 | C10: 14.85 | D10: 15.94 | E10: 5.06 | F10: 6 | G10: 82.49 | H10: 30.47 | I10: 2.23 | J10: 0.33 | K10: 338.53 | L10: 25.11 | M10: 98.08 | N10: 33.2 | O10: 0.2 | P10: 0.73 | Q10: 9.66
A11: 12/09/2025 03:00 | B11: 14.8 | C11: 7.46 | D11: 14.64 | E11: 5.4 | F11: 10.05 | G11: 89.83 | H11: 6.28 | I11: 2.23 | J11: 0.58 | K11: 314.11 | L11: 23.07 | M11: 98.05 | N11: 33.3 | O11: 0.8 | P11: 0.59 | Q11: 9.67
A12: 12/09/2025 04:00 | B12: 16.26 | C12: 9.22 | D12: 14.99 | E12: 5.21 | F12: 7.05 | G12: 58.47 | H12: 6.28 | I12: 2.09 | J12: 0.74 | K12: 358.84 | L12: 22.36 | M12: 98 | N12: 33 | O12: 2 | P12: 0.62 | Q12: 9.64
A13: 12/09/2025 05:00 | B13: 16.32 | C13: 14.94 | D13: 20.9 | E13: 4.89 | F13: 6.87 | G13: 34.35 | H13: 6.28 | I13: 1.85 | J13: 0.91 | K13: 344.23 | L13: 22.62 | M13: 98 | N13: 32 | O13: 0 | P13: 0.53 | Q13: 9.56
A14: 12/09/2025 06:00 | B14: 14.44 | C14: 13.06 | D14: 18.41 | E14: 5.2 | F14: 6.5 | G14: 32.13 | H14: 6.28 | I14: 1.69 | J14: 0.87 | K14: 346.5 | L14: 22.75 | M14: 98 | N14: 38.9 | O14: 0.2 | P14: 0.44 | Q14: 9.52
A15: 12/09/2025 07:00 | B15: 18.61 | C15: 13.16 | D15: 21.37 | E15: 5.25 | F15: 7.2 | G15: 48.67 | H15: 6.28 | I15: 1.63 | J15: 0.69 | K15: 341.63 | L15: 23.13 | M15: 96.15 | N15: 123.5 | O15: 0 | P15: 0.55 | Q15: 9.56
A16: 12/09/2025 08:00 | B16: 26.25 | C16: 13.45 | D16: 28.08 | E16: 5.42 | F16: 4.64 | G16: 66.4 | H16: 6.28 | I16: 1.73 | J16: 0.43 | K16: 345.82 | L16: 25.04 | M16: 96.2 | N16: 373.5 | O16: 0 | P16: 0.84 | Q16: 9.63
A17: 12/09/2025 09:00 | B17: 22.78 | C17: 12.26 | D17: 22.19 | E17: 5.19 | F17: 8.59 | G17: 72.53 | H17: 6.28 | I17: 1.79 | J17: 0.76 | K17: 337.08 | L17: 28.6 | M17: 95.91 | N17: 479.3 | O17: 0 | P17: 0.64 | Q17: 9.64
A18: 12/09/2025 10:00 | B18: 18.84 | C18: 14.77 | D18: 21.4 | E18: 5.29 | F18: 12.02 | G18: 62.88 | H18: 9.87 | I18: 1.77 | J18: 0.79 | K18: 344.51 | L18: 31.73 | M18: 85.48 | N18: 690.4 | O18: 0 | P18: 0.61 | Q18: 9.64
A19: 12/09/2025 11:00 | B19: 21.59 | C19: 17.44 | D19: 25.34 | E19: 5.18 | F19: 12.37 | G19: 61.36 | H19: 11.07 | I19: 1.73 | J19: 0.81 | K19: 129.51 | L19: 29.73 | M19: 86.06 | N19: 867.9 | O19: 0 | P19: 0.49 | Q19: 9.64
A20: 12/09/2025 12:00 | B20: 10.36 | C20: 17.01 | D20: 17.2 | E20: 5.26 | F20: 12.14 | G20: 57.42 | H20: 7.14 | I20: 1.13 | J20: 1.22 | K20: 130.59 | L20: 30.16 | M20: 85.36 | N20: 818.9 | O20: 0 | P20: 0.29 | Q20: 9.33
... A32: 12/09/2025 24:00 | B32: 14.63 | C32: 20.24 | D32: 22.3 | E32: 6.23 | F32: 5.59 | G32: 101.02 | H32: 6.28 | I32: 2.3 | J32: 0.7 | K32: 338.32 | L32: 24.92 | M32: 97.32 | N32: 30.7 | O32: 0 | P32: 0.97 | Q32: 9.59
A34: Min | B34: =MIN(B9:B32) -> 4.32 | C34: =MIN(C9:C32) -> 7.46 | D34: =MIN(D9:D32) -> 10.14 | E34: =MIN(E9:E32) -> 4.89 | F34: =MIN(F9:F32) -> 3.61 | G34: =MIN(G9:G32) -> 32.13 | H34: =MIN(H9:H32) -> 6.28 | I34: =MIN(I9:I32) -> 0.91 | ... Q34: =MIN(Q9:Q32) -> 9.24
A35: Max | B35: =MAX(B9:B32) -> 26.25 | C35: =MAX(C9:C32) -> 28.2 | D35: =MAX(D9:D32) -> 30.06 | E35: =MAX(E9:E32) -> 8.03 | F35: =MAX(F9:F32) -> 22.58 | G35: =MAX(G9:G32) -> 101.02 | H35: =MAX(H9:H32) -> 30.47 | I35: =MAX(I9:I32) -> 2.3 | ... Q35: =MAX(Q9:Q32) -> 9.67
A36: Avg | B36: =AVERAGE(B9:B32) -> 14.877083 | C36: =AVERAGE(C9:C32) -> 16.185417 | D36: =AVERAGE(D9:D32) -> 19.489583 | E36: =AVERAGE(E9:E32) -> 5.64625 | F36: =AVERAGE(F9:F32) -> 10.794583 | G36: =AVERAGE(G9:G32) -> 62.59875 | H36: =AVERAGE(H9:H32) -> 10.697917 | I36: =AVERAGE(I9:I32) -> 1.6125 | ... Q36: =AVERAGE(Q9:Q32) -> 9.4654167
A37: Stdev | B37: =STDEV(B9:B32) -> 6.7755478 | C37: =STDEV(C9:C32) -> 4.619183 | D37: =STDEV(D9:D32) -> 5.8410775 | E37: =STDEV(E9:E32) -> 0.76372549 | F37: =STDEV(F9:F32) -> 5.617684 | G37: =STDEV(G9:G32) -> 17.440643 | H37: =STDEV(H9:H32) -> 7.4844929 | I37: =STDEV(I9:I32) -> 0.45643467 | ... Q37: =STDEV(Q9:Q32) -> 0.17360573
A38: Num | B38: =COUNT(B9:B32) -> 24 | C38: =COUNT(C9:C32) -> 24 | D38: =COUNT(D9:D32) -> 24 | E38: =COUNT(E9:E32) -> 24 | F38: =COUNT(F9:F32) -> 24 | G38: =COUNT(G9:G32) -> 24 | H38: =COUNT(H9:H32) -> 24 | I38: =COUNT(I9:I32) -> 24 | ... Q38: =COUNT(Q9:Q32) -> 24
A39: DCR | B39: =IF(B38>=22,">90%",IF(B38<=22,"<90%")) -> >90% | C39: =IF(C38>=22,">90%",IF(C38<=22,"<90%")) -> >90% | D39: =IF(D38>=22,">90%",IF(D38<=22,"<90%")) -> >90% | E39: =IF(E38>=22,">90%",IF(E38<=22,"<90%")) -> >90% | F39: =IF(F38>=22,">90%",IF(F38<=22,"<90%")) -> >90% | G39: =IF(G38>=22,">90%",IF(G38<=22,"<90%")) -> >90% | H39: =IF(H38>=22,">90%",IF(H38<=22,"<90%")) -> >90% | I39: =IF(I38>=22,">90%",IF(I38<=22,"<90%")) -> >90% | ... Q39: =IF(Q38>=22,">90%",IF(Q38<=22,"<90%")) -> >90%
A40: Status | B40: =IF(B38>=22,"OK",IF(B38<=22,"LESS")) -> OK | C40: =IF(C38>=22,"OK",IF(C38<=22,"LESS")) -> OK | D40: =IF(D38>=22,"OK",IF(D38<=22,"LESS")) -> OK | E40: =IF(E38>=22,"OK",IF(E38<=22,"LESS")) -> OK | F40: =IF(F38>=22,"OK",IF(F38<=22,"LESS")) -> OK | G40: =IF(G38>=22,"OK",IF(G38<=22,"LESS")) -> OK | H40: =IF(H38>=22,"OK",IF(H38<=22,"LESS")) -> OK | I40: =IF(I38>=22,"OK",IF(I38<=22,"LESS")) -> OK | ... Q40: =IF(Q38>=22,"OK",IF(Q38<=22,"LESS")) -> OK
A43: Done by | B43: RAHUL
A45: Comment

Sheet 13
A1: Station: | B1: BHATAGAON RAIPUR
A2: Date: | B2: =$A$9 -> 13/09/2025 01:00 | D2: Power Off | G2: Pw.Off | L2: Link Fail | N2: Link F | P2: Maintenance | R2: Maint.
A3: Report Type: | B3: Mean | D3: Calibration | G3: Calib. | L3: Data Fail | N3: Data F | P3: Invalid | R3: Invalid
A4: Time Base: | B4: 01 Hour | D4: Zero Referrence | G4: Z.Ref | L4: Warm Up | N4: Wm. Up
A7: Date & Time | B7: NO_BHATAGAON | C7: NO2__BHATAGAON | D7: NOX_BHATAGAON | E7: SO2__BHATAGAON | F7: O3__BHATAGAON | G7: PM10__BHATAGAON | H7: PM2_5__BHATAGAON | I7: BENZ__BHATAGAON | J7: WS__BHATAGAON | K7: WD__BHATAGAON | L7: TEMP__BHATAGAON | M7: HUM__BHATAGAON | N7: SR__BHATAGAON | O7: RG__BHATAGAON | P7: CO__BHATAGAON | Q7: NH3__BHATAGAON
B8: ug/m3 | C8: ug/m3 | D8: ppb | E8: ug/m3 | F8: ug/m3 | G8: mg/m3 | H8: ug/m3 | I8: ug/m3 | J8: m/sec | K8: deg | L8: degreC | M8: % | N8: w/m2 | O8: mm | P8: ug/m3 | Q8: ug/m3
A9: 13/09/2025 01:00 | B9: 11.47 | C9: 13.33 | D9: 14.97 | E9: 5.38 | F9: 9 | G9: 95.99 | H9: 6.28 | I9: 2.35 | J9: 0.25 | K9: 331.44 | L9: 24.57 | M9: 97.39 | N9: 30.9 | O9: 0 | P9: 0.68 | Q9: 9.57
A10: 13/09/2025 02:00 | B10: 9.97 | C10: 9.55 | D10: 11.99 | E10: 4.81 | F10: 9.64 | G10: 88.79 | H10: 6.28 | I10: 2.27 | J10: 0.12 | K10: 312.64 | L10: 24.35 | M10: 97.5 | N10: 30.9 | O10: 0 | P10: 0.55 | Q10: 9.53
A11: 13/09/2025 03:00 | B11: 8.45 | C11: 8.5 | D11: 11.02 | E11: 4.7 | F11: 10.33 | G11: 74.03 | H11: 6.28 | I11: 2.11 | J11: 0.34 | K11: 156.06 | L11: 24.1 | M11: 97.55 | N11: 30.7 | O11: 0 | P11: 0.39 | Q11: 9.49
A12: 13/09/2025 04:00 | B12: 7.63 | C12: 7.61 | D12: 9.94 | E12: 4.79 | F12: 9.44 | G12: 54.52 | H12: 6.28 | I12: 1.99 | J12: 0.38 | K12: 158.75 | L12: 24.05 | M12: 97.64 | N12: 30.8 | O12: 0 | P12: 0.44 | Q12: 9.48
A13: 13/09/2025 05:00 | B13: 7.64 | C13: 8.06 | D13: 9.83 | E13: 4.96 | F13: 8.41 | G13: 52.42 | H13: 6.28 | I13: 1.85 | J13: 0.43 | K13: 129.18 | L13: 23.86 | M13: 97.65 | N13: 30.8 | O13: 0 | P13: 0.39 | Q13: 9.42
A14: 13/09/2025 06:00 | B14: 15.85 | C14: 10.65 | D14: 18.27 | E14: 4.82 | F14: 6.1 | G14: 38.83 | H14: 6.33 | I14: 1.79 | J14: 0.35 | K14: 341.22 | L14: 23.77 | M14: 97.73 | N14: 38.3 | O14: 0 | P14: 0.48 | Q14: 9.4
A15: 13/09/2025 07:00 | B15: 19.98 | C15: 9.24 | D15: 19.56 | E15: 4.65 | F15: 7.78 | G15: 43.83 | H15: 6.35 | I15: 1.73 | J15: 0.76 | K15: 341.44 | L15: 24.34 | M15: 97.75 | N15: 68.1 | O15: 0 | P15: 0.51 | Q15: 9.46
A16: 13/09/2025 08:00 | B16: 24.15 | C16: 10.35 | D16: 24.31 | E16: 4.71 | F16: 7.96 | G16: 45.66 | H16: 6.32 | I16: 1.68 | J16: 0.39 | K16: 335.23 | L16: 25.2 | M16: 97.73 | N16: 205.8 | O16: 0.2 | P16: 0.53 | Q16: 9.54
A17: 13/09/2025 09:00 | B17: 18.07 | C17: 9.17 | D17: 18.66 | E17: 4.39 | F17: 10.72 | G17: 46.38 | H17: 6.3 | I17: 1.75 | J17: 0.81 | K17: 131.82 | L17: 27.39 | M17: 97.57 | N17: 523.1 | O17: 0 | P17: 0.54 | Q17: 9.55
A18: 13/09/2025 10:00 | B18: 11.95 | C18: 8.64 | D18: 14.1 | E18: 4.5 | F18: 11.02 | G18: 47.63 | H18: 8.8 | I18: 1.64 | J18: 1.14 | K18: 130.11 | L18: 29.08 | M18: 96.81 | N18: 752.7 | O18: 0 | P18: 0.4 | Q18: 9.52
A19: 13/09/2025 11:00 | B19: 9.76 | C19: 10.24 | D19: 13.18 | E19: 4.74 | F19: 13.65 | G19: 41.3 | H19: 9.79 | I19: 1.62 | J19: 1.07 | K19: 135.19 | L19: 29.91 | M19: 87.78 | N19: 880.6 | O19: 0 | P19: 0.43 | Q19: 9.46
A20: 13/09/2025 12:00 | B20: 9.68 | C20: 8.67 | D20: 11.97 | E20: 4.83 | F20: 12.12 | G20: 39.17 | H20: 9.85 | I20: 1.51 | J20: 1.74 | K20: 135.56 | L20: 29.76 | M20: 83.6 | N20: 944.3 | O20: 0 | P20: 0.33 | Q20: 9.41
... A32: 13/09/2025 24:00 | B32: 7.9 | C32: 11.07 | D32: 11.48 | E32: 4.91 | F32: 6.81 | G32: 27.65 | H32: 7.86 | I32: 1.15 | J32: 0.49 | K32: 130.12 | L32: 25.45 | M32: 97.77 | N32: 30.8 | O32: 0 | P32: 0.23 | Q32: 9.34
A34: Min | B34: =MIN(B9:B32) -> 6.42 | C34: =MIN(C9:C32) -> 7.61 | D34: =MIN(D9:D32) -> 9.83 | E34: =MIN(E9:E32) -> 4.39 | F34: =MIN(F9:F32) -> 6.06 | G34: =MIN(G9:G32) -> 24.24 | H34: =MIN(H9:H32) -> 6.28 | I34: =MIN(I9:I32) -> 1.11 | ... Q34: =MIN(Q9:Q32) -> 9.27
A35: Max | B35: =MAX(B9:B32) -> 24.15 | C35: =MAX(C9:C32) -> 17.95 | D35: =MAX(D9:D32) -> 24.31 | E35: =MAX(E9:E32) -> 5.38 | F35: =MAX(F9:F32) -> 14.54 | G35: =MAX(G9:G32) -> 95.99 | H35: =MAX(H9:H32) -> 9.98 | I35: =MAX(I9:I32) -> 2.35 | ... Q35: =MAX(Q9:Q32) -> 9.57
A36: Avg | B36: =AVERAGE(B9:B32) -> 10.933333 | C36: =AVERAGE(C9:C32) -> 10.85375 | D36: =AVERAGE(D9:D32) -> 14.0075 | E36: =AVERAGE(E9:E32) -> 4.8641667 | F36: =AVERAGE(F9:F32) -> 10.035833 | G36: =AVERAGE(G9:G32) -> 43.535417 | H36: =AVERAGE(H9:H32) -> 7.8616667 | I36: =AVERAGE(I9:I32) -> 1.53 | ... Q36: =AVERAGE(Q9:Q32) -> 9.3983333
A37: Stdev | B37: =STDEV(B9:B32) -> 4.3479447 | C37: =STDEV(C9:C32) -> 2.7281923 | D37: =STDEV(D9:D32) -> 3.5375 | E37: =STDEV(E9:E32) -> 0.24380885 | F37: =STDEV(F9:F32) -> 2.7366544 | G37: =STDEV(G9:G32) -> 18.665505 | H37: =STDEV(H9:H32) -> 1.3864081 | I37: =STDEV(I9:I32) -> 0.38784802 | ... Q37: =STDEV(Q9:Q32) -> 0.10028944
A38: Num | B38: =COUNT(B9:B32) -> 24 | C38: =COUNT(C9:C32) -> 24 | D38: =COUNT(D9:D32) -> 24 | E38: =COUNT(E9:E32) -> 24 | F38: =COUNT(F9:F32) -> 24 | G38: =COUNT(G9:G32) -> 24 | H38: =COUNT(H9:H32) -> 24 | I38: =COUNT(I9:I32) -> 24 | ... Q38: =COUNT(Q9:Q32) -> 24
A39: DCR | B39: =IF(B38>=22,">90%",IF(B38<=22,"<90%")) -> >90% | C39: =IF(C38>=22,">90%",IF(C38<=22,"<90%")) -> >90% | D39: =IF(D38>=22,">90%",IF(D38<=22,"<90%")) -> >90% | E39: =IF(E38>=22,">90%",IF(E38<=22,"<90%")) -> >90% | F39: =IF(F38>=22,">90%",IF(F38<=22,"<90%")) -> >90% | G39: =IF(G38>=22,">90%",IF(G38<=22,"<90%")) -> >90% | H39: =IF(H38>=22,">90%",IF(H38<=22,"<90%")) -> >90% | I39: =IF(I38>=22,">90%",IF(I38<=22,"<90%")) -> >90% | ... Q39: =IF(Q38>=22,">90%",IF(Q38<=22,"<90%")) -> >90%
A40: Status | B40: =IF(B38>=22,"OK",IF(B38<=22,"LESS")) -> OK | C40: =IF(C38>=22,"OK",IF(C38<=22,"LESS")) -> OK | D40: =IF(D38>=22,"OK",IF(D38<=22,"LESS")) -> OK | E40: =IF(E38>=22,"OK",IF(E38<=22,"LESS")) -> OK | F40: =IF(F38>=22,"OK",IF(F38<=22,"LESS")) -> OK | G40: =IF(G38>=22,"OK",IF(G38<=22,"LESS")) -> OK | H40: =IF(H38>=22,"OK",IF(H38<=22,"LESS")) -> OK | I40: =IF(I38>=22,"OK",IF(I38<=22,"LESS")) -> OK | ... Q40: =IF(Q38>=22,"OK",IF(Q38<=22,"LESS")) -> OK
A43: Done by | B43: RAHUL
A45: Comment

Sheet 14
A1: Station: | B1: BHATAGAON RAIPUR
A2: Date: | B2: =$A$9 -> 14/09/2025 01:00 | D2: Power Off | G2: Pw.Off | L2: Link Fail | N2: Link F | P2: Maintenance | R2: Maint.
A3: Report Type: | B3: Mean | D3: Calibration | G3: Calib. | L3: Data Fail | N3: Data F | P3: Invalid | R3: Invalid
A4: Time Base: | B4: 01 Hour | D4: Zero Referrence | G4: Z.Ref | L4: Warm Up | N4: Wm. Up
A7: Date & Time | B7: NO_BHATAGAON | C7: NO2__BHATAGAON | D7: NOX_BHATAGAON | E7: SO2__BHATAGAON | F7: O3__BHATAGAON | G7: PM10__BHATAGAON | H7: PM2_5__BHATAGAON | I7: BENZ__BHATAGAON | J7: WS__BHATAGAON | K7: WD__BHATAGAON | L7: TEMP__BHATAGAON | M7: HUM__BHATAGAON | N7: SR__BHATAGAON | O7: RG__BHATAGAON | P7: CO__BHATAGAON | Q7: NH3__BHATAGAON
B8: ug/m3 | C8: ug/m3 | D8: ppb | E8: ug/m3 | F8: ug/m3 | G8: mg/m3 | H8: ug/m3 | I8: ug/m3 | J8: m/sec | K8: deg | L8: degreC | M8: % | N8: w/m2 | O8: mm | P8: ug/m3 | Q8: ug/m3
A9: 14/09/2025 01:00 | B9: 5.72 | C9: 7.94 | D9: 8.72 | E9: 4.22 | F9: 9.13 | G9: 25.41 | H9: 7.88 | I9: 1.18 | J9: 0.65 | K9: 141.17 | L9: 25.05 | M9: 97.82 | N9: 30.9 | O9: 0 | P9: 0.19 | Q9: 9.37
A10: 14/09/2025 02:00 | B10: 5.45 | C10: 9.38 | D10: 9.09 | E10: 4.25 | F10: 9.69 | G10: 26.66 | H10: 7.78 | I10: 1.18 | J10: 0.41 | K10: 140.87 | L10: 24.99 | M10: 97.85 | N10: 30.8 | O10: 0 | P10: 0.22 | Q10: 9.36
A11: 14/09/2025 03:00 | B11: 5.03 | C11: 9.42 | D11: 8.91 | E11: 4.13 | F11: 8.09 | G11: 27.81 | H11: 7.72 | I11: 1.12 | J11: 0.44 | K11: 145.7 | L11: 24.74 | M11: 97.86 | N11: 30.8 | O11: 0 | P11: 0.18 | Q11: 9.32
A12: 14/09/2025 04:00 | B12: 6.08 | C12: 8.28 | D12: 8.44 | E12: 4.05 | F12: 6.29 | G12: 23.37 | H12: 7.75 | I12: 1.11 | J12: 0.34 | K12: 151.83 | L12: 24.49 | M12: 98.15 | N12: 30.9 | O12: 0 | P12: 0.19 | Q12: 9.3
A13: 14/09/2025 05:00 | B13: 5.81 | C13: 7.52 | D13: 8.32 | E13: 4.03 | F13: 9.29 | G13: 18.43 | H13: 7.76 | I13: 1.06 | J13: 0.86 | K13: 132.56 | L13: 24.32 | M13: 98.09 | N13: 31 | O13: 0 | P13: 0.18 | Q13: 9.32
A14: 14/09/2025 06:00 | B14: 7.4 | C14: 7.68 | D14: 9.26 | E14: 3.97 | F14: 8.13 | G14: 20.16 | H14: 7.71 | I14: 1.01 | J14: 0.45 | K14: 167.64 | L14: 23.99 | M14: 98.07 | N14: 38.2 | O14: 0 | P14: 0.17 | Q14: 9.33
A15: 14/09/2025 07:00 | B15: 8.48 | C15: 6.34 | D15: 9.75 | E15: 4.22 | F15: 9.24 | G15: 21.6 | H15: 7.67 | I15: 1 | J15: 0.51 | K15: 177.62 | L15: 25.01 | M15: 98.05 | N15: 149.1 | O15: 0 | P15: 0.19 | Q15: 9.32
A16: 14/09/2025 08:00 | B16: 8.93 | C16: 6.95 | D16: 10.77 | E16: 5.31 | F16: 8.75 | G16: 15.53 | H16: 7.63 | I16: 0.97 | J16: 0.52 | K16: 162.32 | L16: 27.65 | M16: 97.98 | N16: 425.4 | O16: 0 | P16: 0.17 | Q16: 9.29
A17: 14/09/2025 09:00 | B17: 7.52 | C17: 6.58 | D17: 9.06 | E17: 5.49 | F17: 10.4 | G17: 15.05 | H17: 7.61 | I17: 0.93 | J17: 0.57 | K17: 121.53 | L17: 28.58 | M17: 96.34 | N17: 481.7 | O17: 0 | P17: 0.16 | Q17: 9.3
A18: 14/09/2025 10:00 | B18: 7.1 | C18: 8.08 | D18: 9.71 | E18: 5.29 | F18: 12.3 | G18: 16.52 | H18: 7.62 | I18: 0.88 | J18: 0.92 | K18: 144.41 | L18: 29.68 | M18: 93.72 | N18: 773.9 | O18: 0 | P18: 0.18 | Q18: 9.32
A19: 14/09/2025 11:00 | B19: 6.77 | C19: 6.66 | D19: 8.91 | E19: 5.43 | F19: 11.35 | G19: 17.93 | H19: 7.58 | I19: 0.85 | J19: 0.88 | K19: 154.6 | L19: 30.44 | M19: 81.45 | N19: 1029 | O19: 0 | P19: 0.16 | Q19: 9.3
A20: 14/09/2025 12:00 | B20: 6.33 | C20: 6.56 | D20: 8.4 | E20: 5.4 | F20: 9.67 | G20: 18.76 | H20: 7.7 | I20: 0.86 | J20: 0.71 | K20: 148.83 | L20: 31.41 | M20: 74.85 | N20: 1007.8 | O20: 0 | P20: 0.17 | Q20: 9.24
... A32: 14/09/2025 24:00 | B32: 7.57 | C32: 8.7 | D32: 8.94 | E32: 4.86 | F32: 8.5 | G32: 27.79 | H32: 7.53 | I32: 1.22 | J32: 0.96 | K32: 207.76 | L32: 26.29 | M32: 98.03 | N32: 31.7 | O32: 0 | P32: 0.33 | Q32: 9.37
A34: Min | B34: =MIN(B9:B32) -> 5.03 | C34: =MIN(C9:C32) -> 6.34 | D34: =MIN(D9:D32) -> 8.3 | E34: =MIN(E9:E32) -> 3.91 | F34: =MIN(F9:F32) -> 5.54 | G34: =MIN(G9:G32) -> 15.05 | H34: =MIN(H9:H32) -> 7.53 | I34: =MIN(I9:I32) -> 0.76 | ... Q34: =MIN(Q9:Q32) -> 9.19
A35: Max | B35: =MAX(B9:B32) -> 16.24 | C35: =MAX(C9:C32) -> 23.5 | D35: =MAX(D9:D32) -> 23.77 | E35: =MAX(E9:E32) -> 5.97 | F35: =MAX(F9:F32) -> 16.02 | G35: =MAX(G9:G32) -> 46.82 | H35: =MAX(H9:H32) -> 7.88 | I35: =MAX(I9:I32) -> 1.22 | ... Q35: =MAX(Q9:Q32) -> 9.37
A36: Avg | B36: =AVERAGE(B9:B32) -> 8.21 | C36: =AVERAGE(C9:C32) -> 11.069167 | D36: =AVERAGE(D9:D32) -> 11.99625 | E36: =AVERAGE(E9:E32) -> 4.6454167 | F36: =AVERAGE(F9:F32) -> 10.189583 | G36: =AVERAGE(G9:G32) -> 25.628333 | H36: =AVERAGE(H9:H32) -> 7.6925 | I36: =AVERAGE(I9:I32) -> 0.99958333 | ... Q36: =AVERAGE(Q9:Q32) -> 9.2945833
A37: Stdev | B37: =STDEV(B9:B32) -> 3.2439361 | C37: =STDEV(C9:C32) -> 5.1752109 | D37: =STDEV(D9:D32) -> 4.686222 | E37: =STDEV(E9:E32) -> 0.66897702 | F37: =STDEV(F9:F32) -> 2.8499573 | G37: =STDEV(G9:G32) -> 8.9086371 | H37: =STDEV(H9:H32) -> 0.10199105 | I37: =STDEV(I9:I32) -> 0.13763465 | ... Q37: =STDEV(Q9:Q32) -> 0.048720959
A38: Num | B38: =COUNT(B9:B32) -> 24 | C38: =COUNT(C9:C32) -> 24 | D38: =COUNT(D9:D32) -> 24 | E38: =COUNT(E9:E32) -> 24 | F38: =COUNT(F9:F32) -> 24 | G38: =COUNT(G9:G32) -> 24 | H38: =COUNT(H9:H32) -> 24 | I38: =COUNT(I9:I32) -> 24 | ... Q38: =COUNT(Q9:Q32) -> 24
A39: DCR | B39: =IF(B38>=22,">90%",IF(B38<=22,"<90%")) -> >90% | C39: =IF(C38>=22,">90%",IF(C38<=22,"<90%")) -> >90% | D39: =IF(D38>=22,">90%",IF(D38<=22,"<90%")) -> >90% | E39: =IF(E38>=22,">90%",IF(E38<=22,"<90%")) -> >90% | F39: =IF(F38>=22,">90%",IF(F38<=22,"<90%")) -> >90% | G39: =IF(G38>=22,">90%",IF(G38<=22,"<90%")) -> >90% | H39: =IF(H38>=22,">90%",IF(H38<=22,"<90%")) -> >90% | I39: =IF(I38>=22,">90%",IF(I38<=22,"<90%")) -> >90% | ... Q39: =IF(Q38>=22,">90%",IF(Q38<=22,"<90%")) -> >90%
A40: Status | B40: =IF(B38>=22,"OK",IF(B38<=22,"LESS")) -> OK | C40: =IF(C38>=22,"OK",IF(C38<=22,"LESS")) -> OK | D40: =IF(D38>=22,"OK",IF(D38<=22,"LESS")) -> OK | E40: =IF(E38>=22,"OK",IF(E38<=22,"LESS")) -> OK | F40: =IF(F38>=22,"OK",IF(F38<=22,"LESS")) -> OK | G40: =IF(G38>=22,"OK",IF(G38<=22,"LESS")) -> OK | H40: =IF(H38>=22,"OK",IF(H38<=22,"LESS")) -> OK | I40: =IF(I38>=22,"OK",IF(I38<=22,"LESS")) -> OK | ... Q40: =IF(Q38>=22,"OK",IF(Q38<=22,"LESS")) -> OK
A43: Done by | B43: RAHUL
A45: Comment

Sheet 15
A1: Station: | B1: BHATAGAON RAIPUR
A2: Date: | B2: =$A$9 -> 15/09/2025 01:00 | D2: Power Off | G2: Pw.Off | L2: Link Fail | N2: Link F | P2: Maintenance | R2: Maint.
A3: Report Type: | B3: Mean | D3: Calibration | G3: Calib. | L3: Data Fail | N3: Data F | P3: Invalid | R3: Invalid
A4: Time Base: | B4: 01 Hour | D4: Zero Referrence | G4: Z.Ref | L4: Warm Up | N4: Wm. Up
A7: Date & Time | B7: NO_BHATAGAON | C7: NO2__BHATAGAON | D7: NOX_BHATAGAON | E7: SO2__BHATAGAON | F7: O3__BHATAGAON | G7: PM10__BHATAGAON | H7: PM2_5__BHATAGAON | I7: BENZ__BHATAGAON | J7: WS__BHATAGAON | K7: WD__BHATAGAON | L7: TEMP__BHATAGAON | M7: HUM__BHATAGAON | N7: SR__BHATAGAON | O7: RG__BHATAGAON | P7: CO__BHATAGAON | Q7: NH3__BHATAGAON
B8: ug/m3 | C8: ug/m3 | D8: ppb | E8: ug/m3 | F8: ug/m3 | G8: mg/m3 | H8: ug/m3 | I8: ug/m3 | J8: m/sec | K8: deg | L8: degreC | M8: % | N8: w/m2 | O8: mm | P8: ug/m3 | Q8: ug/m3
A9: 15/09/2025 01:00 | B9: 7 | C9: 9.23 | D9: 8.6 | E9: 4.41 | F9: 9.95 | G9: 28.77 | H9: 7.49 | I9: 1.18 | J9: 0.22 | K9: 146 | L9: 25.73 | M9: 98.03 | N9: 31.5 | O9: 0 | P9: 0.24 | Q9: 9.32
A10: 15/09/2025 02:00 | B10: 5.95 | C10: 7.56 | D10: 8.28 | E10: 4.55 | F10: 6.96 | G10: 22.43 | H10: 7.55 | I10: 1.05 | J10: 0.54 | K10: 151.94 | L10: 25.74 | M10: 98.03 | N10: 31.7 | O10: 0 | P10: 0.29 | Q10: 9.3
A11: 15/09/2025 03:00 | B11: 4.69 | C11: 6.49 | D11: 7.04 | E11: 4.33 | F11: 7.25 | G11: 22.53 | H11: 7.59 | I11: 1.07 | J11: 0.51 | K11: 262.14 | L11: 25.3 | M11: 98.1 | N11: 31.8 | O11: 0 | P11: 0.23 | Q11: 9.29
A12: 15/09/2025 04:00 | B12: 4.54 | C12: 5.79 | D12: 6.47 | E12: 4.27 | F12: 7.82 | G12: 16.52 | H12: 7.6 | I12: 1.04 | J12: 0.57 | K12: 201.15 | L12: 25.01 | M12: 98.13 | N12: 31.8 | O12: 0 | P12: 0.23 | Q12: 9.26
A13: 15/09/2025 05:00 | B13: 5.67 | C13: 6.35 | D13: 7.84 | E13: 4.22 | F13: 8.85 | G13: 12.92 | H13: 7.56 | I13: 1.02 | J13: 0.93 | K13: 143.45 | L13: 24.79 | M13: 98.12 | N13: 31.8 | O13: 0 | P13: 0.24 | Q13: 9.26
A14: 15/09/2025 06:00 | B14: 6.42 | C14: 8.43 | D14: 9.55 | E14: 4.28 | F14: 8.91 | G14: 12.67 | H14: 7.52 | I14: 0.97 | J14: 0.44 | K14: 216.14 | L14: 24.42 | M14: 98.21 | N14: 34.5 | O14: 0 | P14: 0.24 | Q14: 9.3
A15: 15/09/2025 07:00 | B15: 6.49 | C15: 8.27 | D15: 9.53 | E15: 4.4 | F15: 7.87 | G15: 8.94 | H15: 7.49 | I15: 0.93 | J15: 0.17 | K15: 277.51 | L15: 24.87 | M15: 98.23 | N15: 79.5 | O15: 0 | P15: 0.27 | Q15: 9.3
A16: 15/09/2025 08:00 | B16: 8.49 | C16: 7.37 | D16: 10.38 | E16: 4.49 | F16: 6.82 | G16: 10.48 | H16: 7.45 | I16: 0.92 | J16: 0.12 | K16: 277.96 | L16: 25.87 | M16: 98.14 | N16: 199.6 | O16: 0 | P16: 0.28 | Q16: 9.29
A17: 15/09/2025 09:00 | B17: 6.73 | C17: 8.18 | D17: 9.66 | E17: 4.54 | F17: 9.11 | G17: 16.07 | H17: 7.42 | I17: 0.9 | J17: 0.17 | K17: 291.15 | L17: 26.12 | M17: 98.02 | N17: 170.9 | O17: 0 | P17: 0.28 | Q17: 9.24
A18: 15/09/2025 10:00 | B18: 10.54 | C18: 8.81 | D18: 13.06 | E18: 4.03 | F18: 7.1 | G18: 19.71 | H18: 7.4 | I18: 0.9 | J18: 0.13 | K18: 297.29 | L18: 25.83 | M18: 97.99 | N18: 137.8 | O18: 0 | P18: 0.53 | Q18: 9.23
A19: 15/09/2025 11:00 | B19: 10.49 | C19: 9.58 | D19: 12.84 | E19: 4.37 | F19: 9.04 | G19: 20.88 | H19: 7.41 | I19: 1 | J19: 0.1 | K19: 290.14 | L19: 26.35 | M19: 98.05 | N19: 199.5 | O19: 0 | P19: 0.5 | Q19: 9.25
A20: 15/09/2025 12:00 | B20: 10.91 | C20: 11.63 | D20: 14.83 | E20: 4.39 | F20: 7.74 | G20: 24.51 | H20: 7.37 | I20: 1.07 | J20: 0.11 | K20: 289.7 | L20: 27.07 | M20: 97.96 | N20: 171.3 | O20: 0 | P20: 0.52 | Q20: 9.32
... A32: 15/09/2025 24:00 | B32: 16.94 | C32: 8.01 | D32: 16.32 | E32: 4.67 | F32: 7.4 | G32: 30.09 | H32: 11.23 | I32: 2.32 | J32: 0.84 | K32: 170.21 | L32: 23.52 | M32: 97.98 | N32: 28.7 | O32: 0 | P32: 0.46 | Q32: 9.67
A34: Min | B34: =MIN(B9:B32) -> 4.54 | C34: =MIN(C9:C32) -> 5.79 | D34: =MIN(D9:D32) -> 6.47 | E34: =MIN(E9:E32) -> 4.03 | F34: =MIN(F9:F32) -> 3.66 | G34: =MIN(G9:G32) -> 8.94 | H34: =MIN(H9:H32) -> 6.28 | I34: =MIN(I9:I32) -> 0.9 | ... Q34: =MIN(Q9:Q32) -> 9.23
A35: Max | B35: =MAX(B9:B32) -> 44.78 | C35: =MAX(C9:C32) -> 21.53 | D35: =MAX(D9:D32) -> 45.14 | E35: =MAX(E9:E32) -> 5.64 | F35: =MAX(F9:F32) -> 11.31 | G35: =MAX(G9:G32) -> 57.89 | H35: =MAX(H9:H32) -> 26.86 | I35: =MAX(I9:I32) -> 2.72 | ... Q35: =MAX(Q9:Q32) -> 9.68
A36: Avg | B36: =AVERAGE(B9:B32) -> 16.912917 | C36: =AVERAGE(C9:C32) -> 11.277083 | D36: =AVERAGE(D9:D32) -> 18.647917 | E36: =AVERAGE(E9:E32) -> 4.5870833 | F36: =AVERAGE(F9:F32) -> 7.3129167 | G36: =AVERAGE(G9:G32) -> 29.662083 | H36: =AVERAGE(H9:H32) -> 8.97125 | I36: =AVERAGE(I9:I32) -> 1.6454167 | ... Q36: =AVERAGE(Q9:Q32) -> 9.4379167
A37: Stdev | B37: =STDEV(B9:B32) -> 12.422739 | C37: =STDEV(C9:C32) -> 4.5148947 | D37: =STDEV(D9:D32) -> 11.548444 | E37: =STDEV(E9:E32) -> 0.36548335 | F37: =STDEV(F9:F32) -> 1.8513766 | G37: =STDEV(G9:G32) -> 14.277115 | H37: =STDEV(H9:H32) -> 4.9887528 | I37: =STDEV(I9:I32) -> 0.73761649 | ... Q37: =STDEV(Q9:Q32) -> 0.18812529
A38: Num | B38: =COUNT(B9:B32) -> 24 | C38: =COUNT(C9:C32) -> 24 | D38: =COUNT(D9:D32) -> 24 | E38: =COUNT(E9:E32) -> 24 | F38: =COUNT(F9:F32) -> 24 | G38: =COUNT(G9:G32) -> 24 | H38: =COUNT(H9:H32) -> 24 | I38: =COUNT(I9:I32) -> 24 | ... Q38: =COUNT(Q9:Q32) -> 24
A39: DCR | B39: =IF(B38>=22,">90%",IF(B38<=22,"<90%")) -> >90% | C39: =IF(C38>=22,">90%",IF(C38<=22,"<90%")) -> >90% | D39: =IF(D38>=22,">90%",IF(D38<=22,"<90%")) -> >90% | E39: =IF(E38>=22,">90%",IF(E38<=22,"<90%")) -> >90% | F39: =IF(F38>=22,">90%",IF(F38<=22,"<90%")) -> >90% | G39: =IF(G38>=22,">90%",IF(G38<=22,"<90%")) -> >90% | H39: =IF(H38>=22,">90%",IF(H38<=22,"<90%")) -> >90% | I39: =IF(I38>=22,">90%",IF(I38<=22,"<90%")) -> >90% | ... Q39: =IF(Q38>=22,">90%",IF(Q38<=22,"<90%")) -> >90%
A40: Status | B40: =IF(B38>=22,"OK",IF(B38<=22,"LESS")) -> OK | C40: =IF(C38>=22,"OK",IF(C38<=22,"LESS")) -> OK | D40: =IF(D38>=22,"OK",IF(D38<=22,"LESS")) -> OK | E40: =IF(E38>=22,"OK",IF(E38<=22,"LESS")) -> OK | F40: =IF(F38>=22,"OK",IF(F38<=22,"LESS")) -> OK | G40: =IF(G38>=22,"OK",IF(G38<=22,"LESS")) -> OK | H40: =IF(H38>=22,"OK",IF(H38<=22,"LESS")) -> OK | I40: =IF(I38>=22,"OK",IF(I38<=22,"LESS")) -> OK | ... Q40: =IF(Q38>=22,"OK",IF(Q38<=22,"LESS")) -> OK
A43: Done by | B43: RAHUL
A45: Comment

Sheet 16
A1: Station: | B1: BHATAGAON RAIPUR
A2: Date: | B2: =$A$9 -> 16/09/2025 01:00 | D2: Power Off | G2: Pw.Off | L2: Link Fail | N2: Link F | P2: Maintenance | R2: Maint.
A3: Report Type: | B3: Mean | D3: Calibration | G3: Calib. | L3: Data Fail | N3: Data F | P3: Invalid | R3: Invalid
A4: Time Base: | B4: 01 Hour | D4: Zero Referrence | G4: Z.Ref | L4: Warm Up | N4: Wm. Up
A7: Date & Time | B7: NO_BHATAGAON | C7: NO2__BHATAGAON | D7: NOX_BHATAGAON | E7: SO2__BHATAGAON | F7: O3__BHATAGAON | G7: PM10__BHATAGAON | H7: PM2_5__BHATAGAON | I7: BENZ__BHATAGAON | J7: WS__BHATAGAON | K7: WD__BHATAGAON | L7: TEMP__BHATAGAON | M7: HUM__BHATAGAON | N7: SR__BHATAGAON | O7: RG__BHATAGAON | P7: CO__BHATAGAON | Q7: NH3__BHATAGAON
B8: ug/m3 | C8: ug/m3 | D8: ppb | E8: ug/m3 | F8: ug/m3 | G8: mg/m3 | H8: ug/m3 | I8: ug/m3 | J8: m/sec | K8: deg | L8: degreC | M8: % | N8: w/m2 | O8: mm | P8: ug/m3 | Q8: ug/m3
A9: 16/09/2025 01:00 | B9: 14.8 | C9: 4.39 | D9: 14.1 | E9: 5.18 | F9: 8.49 | G9: 20.57 | H9: 6.77 | I9: 2.14 | J9: 0.75 | K9: 243.78 | L9: 23.33 | M9: 97.96 | N9: 28.4 | O9: 0 | P9: 0.41 | Q9: 9.67
A10: 16/09/2025 02:00 | B10: 17.15 | C10: 3.88 | D10: 15.37 | E10: 5.05 | F10: 4.5 | G10: 18.62 | H10: 6.77 | I10: 1.97 | J10: 0.08 | K10: 198.86 | L10: 23.08 | M10: 98.02 | N10: 28 | O10: 0 | P10: 0.55 | Q10: 9.67
A11: 16/09/2025 03:00 | B11: 15.76 | C11: 4.42 | D11: 14.37 | E11: 4.99 | F11: 4.29 | G11: 14.71 | H11: 6.77 | I11: 1.79 | J11: 0.2 | K11: 190 | L11: 22.91 | M11: 98.25 | N11: 28.1 | O11: 0 | P11: 0.51 | Q11: 9.64
A12: 16/09/2025 04:00 | B12: 11.45 | C12: 6.06 | D12: 11.77 | E12: 4.97 | F12: 7 | G12: 15.6 | H12: 13.27 | I12: 1.66 | J12: 0.25 | K12: 167.14 | L12: 22.91 | M12: 98.26 | N12: 28 | O12: 0 | P12: 0.3 | Q12: 9.59
A13: 16/09/2025 05:00 | B13: 13.47 | C13: 9.49 | D13: 15.76 | E13: 4.98 | F13: 7.2 | G13: 13.06 | H13: 7.53 | I13: 1.5 | J13: 0.23 | K13: 144.48 | L13: 22.91 | M13: 98.28 | N13: 28 | O13: 0 | P13: 0.29 | Q13: 9.59
A14: 16/09/2025 06:00 | B14: 21.78 | C14: 7.71 | D14: 21.11 | E14: 4.93 | F14: 4.9 | G14: 14.14 | H14: 7.53 | I14: 1.4 | J14: 0.26 | K14: 223.01 | L14: 23.03 | M14: 98.35 | N14: 32.5 | O14: 0 | P14: 0.38 | Q14: 9.56
A15: 16/09/2025 07:00 | B15: 14.28 | C15: 7.74 | D15: 14.02 | E15: 4.83 | F15: 5.88 | G15: 17.95 | H15: 7.53 | I15: 1.3 | J15: 0.47 | K15: 214.02 | L15: 23.45 | M15: 98.5 | N15: 68.9 | O15: 0 | P15: 0.34 | Q15: 9.53
A16: 16/09/2025 08:00 | B16: 14.3 | C16: 6.75 | D16: 14.67 | E16: 4.98 | F16: 7.87 | G16: 16.26 | H16: 10.67 | I16: 1.24 | J16: 0.71 | K16: 169.89 | L16: 23.94 | M16: 98.5 | N16: 116.9 | O16: 0 | P16: 0.32 | Q16: 9.51
A17: 16/09/2025 09:00 | B17: 13.95 | C17: 6.48 | D17: 14.46 | E17: 4.52 | F17: 7.36 | G17: 17.25 | H17: 7.42 | I17: 1.19 | J17: 1.01 | K17: 142.73 | L17: 25.26 | M17: 98.47 | N17: 243 | O17: 0 | P17: 0.36 | Q17: 9.53
A18: 16/09/2025 10:00 | B18: 12.64 | C18: 8.64 | D18: 13.8 | E18: 4.67 | F18: 7.15 | G18: 20.21 | H18: 7.42 | I18: 1.15 | J18: 0.23 | K18: 353.36 | L18: 26.51 | M18: 98.41 | N18: 239.3 | O18: 0 | P18: 0.34 | Q18: 9.49
A19: 16/09/2025 11:00 | B19: 19.56 | C19: 11.05 | D19: 20.88 | E19: 4.59 | F19: 10.5 | G19: 26.85 | H19: 7.42 | I19: 1.14 | J19: 0.58 | K19: 343.74 | L19: 28.28 | M19: 98.37 | N19: 712.1 | O19: 0 | P19: 0.54 | Q19: 9.47
A20: 16/09/2025 12:00 | B20: 13.37 | C20: 9.4 | D20: 15.19 | E20: 4.58 | F20: 11.02 | G20: 33.26 | H20: 11.42 | I20: 1.15 | J20: 0.99 | K20: 337.98 | L20: 30.17 | M20: 98.53 | N20: 466.9 | O20: 0.2 | P20: 0.42 | Q20: 9.5
... A32: 16/09/2025 24:00 | B32: 11.78 | C32: 6.28 | D32: 11.95 | E32: 4.39 | F32: 5.11 | G32: 15.65 | H32: 15.24 | I32: 1.36 | J32: 0.57 | K32: 160.67 | L32: 23.03 | M32: 98.53 | N32: 28.4 | O32: 0 | P32: 0.4 | Q32: 9.45
A34: Min | B34: =MIN(B9:B32) -> 11.14 | C34: =MIN(C9:C32) -> 3.88 | D34: =MIN(D9:D32) -> 11.77 | E34: =MIN(E9:E32) -> 4.2 | F34: =MIN(F9:F32) -> 4.29 | G34: =MIN(G9:G32) -> 12.74 | H34: =MIN(H9:H32) -> 6.77 | I34: =MIN(I9:I32) -> 1.14 | ... Q34: =MIN(Q9:Q32) -> 9.42
A35: Max | B35: =MAX(B9:B32) -> 28.7 | C35: =MAX(C9:C32) -> 15.17 | D35: =MAX(D9:D32) -> 27.65 | E35: =MAX(E9:E32) -> 5.18 | F35: =MAX(F9:F32) -> 11.02 | G35: =MAX(G9:G32) -> 35.37 | H35: =MAX(H9:H32) -> 24.08 | I35: =MAX(I9:I32) -> 2.14 | ... Q35: =MAX(Q9:Q32) -> 9.67
A36: Avg | B36: =AVERAGE(B9:B32) -> 14.625 | C36: =AVERAGE(C9:C32) -> 8.6620833 | D36: =AVERAGE(D9:D32) -> 15.647917 | E36: =AVERAGE(E9:E32) -> 4.64375 | F36: =AVERAGE(F9:F32) -> 7.3616667 | G36: =AVERAGE(G9:G32) -> 19.450417 | H36: =AVERAGE(H9:H32) -> 11.2925 | I36: =AVERAGE(I9:I32) -> 1.4141667 | ... Q36: =AVERAGE(Q9:Q32) -> 9.5066667
A37: Stdev | B37: =STDEV(B9:B32) -> 3.9514114 | C37: =STDEV(C9:C32) -> 2.9011901 | D37: =STDEV(D9:D32) -> 3.5163951 | E37: =STDEV(E9:E32) -> 0.27695255 | F37: =STDEV(F9:F32) -> 1.7304351 | G37: =STDEV(G9:G32) -> 6.7837026 | H37: =STDEV(H9:H32) -> 4.9239585 | I37: =STDEV(I9:I32) -> 0.24983328 | ... Q37: =STDEV(Q9:Q32) -> 0.077328586
A38: Num | B38: =COUNT(B9:B32) -> 24 | C38: =COUNT(C9:C32) -> 24 | D38: =COUNT(D9:D32) -> 24 | E38: =COUNT(E9:E32) -> 24 | F38: =COUNT(F9:F32) -> 24 | G38: =COUNT(G9:G32) -> 24 | H38: =COUNT(H9:H32) -> 24 | I38: =COUNT(I9:I32) -> 24 | ... Q38: =COUNT(Q9:Q32) -> 24
A39: DCR | B39: =IF(B38>=22,">90%",IF(B38<=22,"<90%")) -> >90% | C39: =IF(C38>=22,">90%",IF(C38<=22,"<90%")) -> >90% | D39: =IF(D38>=22,">90%",IF(D38<=22,"<90%")) -> >90% | E39: =IF(E38>=22,">90%",IF(E38<=22,"<90%")) -> >90% | F39: =IF(F38>=22,">90%",IF(F38<=22,"<90%")) -> >90% | G39: =IF(G38>=22,">90%",IF(G38<=22,"<90%")) -> >90% | H39: =IF(H38>=22,">90%",IF(H38<=22,"<90%")) -> >90% | I39: =IF(I38>=22,">90%",IF(I38<=22,"<90%")) -> >90% | ... Q39: =IF(Q38>=22,">90%",IF(Q38<=22,"<90%")) -> >90%
A40: Status | B40: =IF(B38>=22,"OK",IF(B38<=22,"LESS")) -> OK | C40: =IF(C38>=22,"OK",IF(C38<=22,"LESS")) -> OK | D40: =IF(D38>=22,"OK",IF(D38<=22,"LESS")) -> OK | E40: =IF(E38>=22,"OK",IF(E38<=22,"LESS")) -> OK | F40: =IF(F38>=22,"OK",IF(F38<=22,"LESS")) -> OK | G40: =IF(G38>=22,"OK",IF(G38<=22,"LESS")) -> OK | H40: =IF(H38>=22,"OK",IF(H38<=22,"LESS")) -> OK | I40: =IF(I38>=22,"OK",IF(I38<=22,"LESS")) -> OK | ... Q40: =IF(Q38>=22,"OK",IF(Q38<=22,"LESS")) -> OK
A43: Done by | B43: RAHUL
A45: Comment

Sheet 17
A1: Station: | B1: BHATAGAON RAIPUR
A2: Date: | B2: =$A$9 -> 17/09/2025 01:00 | D2: Power Off | G2: Pw.Off | L2: Link Fail | N2: Link F | P2: Maintenance | R2: Maint.
A3: Report Type: | B3: Mean | D3: Calibration | G3: Calib. | L3: Data Fail | N3: Data F | P3: Invalid | R3: Invalid
A4: Time Base: | B4: 01 Hour | D4: Zero Referrence | G4: Z.Ref | L4: Warm Up | N4: Wm. Up
A7: Date & Time | B7: NO_BHATAGAON | C7: NO2__BHATAGAON | D7: NOX_BHATAGAON | E7: SO2__BHATAGAON | F7: O3__BHATAGAON | G7: PM10__BHATAGAON | H7: PM2_5__BHATAGAON | I7: BENZ__BHATAGAON | J7: WS__BHATAGAON | K7: WD__BHATAGAON | L7: TEMP__BHATAGAON | M7: HUM__BHATAGAON | N7: SR__BHATAGAON | O7: RG__BHATAGAON | P7: CO__BHATAGAON | Q7: NH3__BHATAGAON
B8: ug/m3 | C8: ug/m3 | D8: ppb | E8: ug/m3 | F8: ug/m3 | G8: mg/m3 | H8: ug/m3 | I8: ug/m3 | J8: m/sec | K8: deg | L8: degreC | M8: % | N8: w/m2 | O8: mm | P8: ug/m3 | Q8: ug/m3
A9: 17/09/2025 01:00 | B9: 8.85 | C9: 6.87 | D9: 10.69 | E9: 4.36 | F9: 6.76 | G9: 16.07 | H9: 13.07 | I9: 1.3 | J9: 0.17 | K9: 320.14 | L9: 23.04 | M9: 98.51 | N9: 28 | O9: 0 | P9: 0.3 | Q9: 9.46
A10: 17/09/2025 02:00 | B10: 9.11 | C10: 5.68 | D10: 10.21 | E10: 4.58 | F10: 7.26 | G10: 16.27 | H10: 15.18 | I10: 1.24 | J10: 0.6 | K10: 321.78 | L10: 22.92 | M10: 98.48 | N10: 28 | O10: 0 | P10: 0.3 | Q10: 9.47
A11: 17/09/2025 03:00 | B11: 11.31 | C11: 4.74 | D11: 11.17 | E11: 4.61 | F11: 5.21 | G11: 11.41 | H11: 17.24 | I11: 1.22 | J11: 0.63 | K11: 169.74 | L11: 22.9 | M11: 98.5 | N11: 28.1 | O11: 0 | P11: 0.34 | Q11: 9.42
A12: 17/09/2025 04:00 | B12: 9.19 | C12: 6.25 | D12: 10.04 | E12: 4.41 | F12: 6.53 | G12: 11.07 | H12: 14.77 | I12: 1.16 | J12: 0.44 | K12: 150.6 | L12: 22.94 | M12: 98.5 | N12: 28.1 | O12: 0 | P12: 0.29 | Q12: 9.38
A13: 17/09/2025 05:00 | B13: 9 | C13: 6.42 | D13: 9.99 | E13: 4.48 | F13: 3.87 | G13: 13.2 | H13: 13.28 | I13: 1.15 | J13: 0.37 | K13: 155.88 | L13: 22.88 | M13: 98.49 | N13: 28 | O13: 0 | P13: 0.27 | Q13: 9.39
A14: 17/09/2025 06:00 | B14: 8.77 | C14: 6.24 | D14: 10.14 | E14: 4.53 | F14: 6.99 | G14: 13.3 | H14: 14.16 | I14: 1.19 | J14: 0.48 | K14: 161.37 | L14: 22.91 | M14: 98.5 | N14: 33.1 | O14: 0 | P14: 0.24 | Q14: 9.41
A15: 17/09/2025 07:00 | B15: 16.74 | C15: 6.65 | D15: 16.8 | E15: 4.63 | F15: 7.15 | G15: 11.1 | H15: 14.88 | I15: 1.18 | J15: 0.52 | K15: 170.5 | L15: 23.18 | M15: 98.45 | N15: 78.5 | O15: 0.2 | P15: 0.28 | Q15: 9.42
A16: 17/09/2025 08:00 | B16: 12.27 | C16: 5.84 | D16: 12.34 | E16: 4.71 | F16: 7.01 | G16: 12.74 | H16: 12.3 | I16: 1.16 | J16: 0.35 | K16: 155.82 | L16: 24.13 | M16: 98.45 | N16: 139.8 | O16: 0 | P16: 0.29 | Q16: 9.4
A17: 17/09/2025 09:00 | B17: 12.2 | C17: 4.84 | D17: 12.11 | E17: 4.72 | F17: 6.41 | G17: 13.43 | H17: 11.78 | I17: 1.15 | J17: 0.15 | K17: 274.43 | L17: 25.71 | M17: 98.4 | N17: 385.4 | O17: 0 | P17: 0.28 | Q17: 9.4
A18: 17/09/2025 10:00 | B18: 10.8 | C18: 6.23 | D18: 11.29 | E18: 4.52 | F18: 5.59 | G18: 13.84 | H18: 11.96 | I18: 1.11 | J18: 0.16 | K18: 293.41 | L18: 27.79 | M18: 98.25 | N18: 601.8 | O18: 0 | P18: 0.27 | Q18: 9.36
A19: 17/09/2025 11:00 | B19: 9.44 | C19: 9.61 | D19: 11.54 | E19: 4.66 | F19: 8.03 | G19: 11.4 | H19: 12.75 | I19: 1.01 | J19: 0.17 | K19: 291.41 | L19: 28.16 | M19: 97.64 | N19: 631.6 | O19: 0 | P19: 0.28 | Q19: 9.31
A20: 17/09/2025 12:00 | B20: 5.83 | C20: 9.88 | D20: 9.67 | E20: 4.47 | F20: 8.32 | G20: 126.43 | H20: 15.55 | I20: 1.13 | J20: 0.2 | K20: 304.68 | L20: 30.02 | M20: 93.86 | N20: 742.7 | O20: 0 | P20: 0.27 | Q20: 9.18
... A32: 17/09/2025 24:00 | B32: 10.08 | C32: 12.18 | D32: 14.45 | E32: 5.06 | F32: 5.24 | G32: 59.89 | H32: 5.94 | I32: 1.8 | J32: 0.26 | K32: 313.03 | L32: 24.67 | M32: 98.48 | N32: 29.5 | O32: 0 | P32: 0.34 | Q32: 9.56
A34: Min | B34: =MIN(B9:B32) -> 5.83 | C34: =MIN(C9:C32) -> 4.74 | D34: =MIN(D9:D32) -> 9.67 | E34: =MIN(E9:E32) -> 4.35 | F34: =MIN(F9:F32) -> 3.87 | G34: =MIN(G9:G32) -> 11.07 | H34: =MIN(H9:H32) -> 4.04 | I34: =MIN(I9:I32) -> 0.87 | ... Q34: =MIN(Q9:Q32) -> 9.16
A35: Max | B35: =MAX(B9:B32) -> 56.69 | C35: =MAX(C9:C32) -> 21.15 | D35: =MAX(D9:D32) -> 51.27 | E35: =MAX(E9:E32) -> 5.53 | F35: =MAX(F9:F32) -> 14.14 | G35: =MAX(G9:G32) -> 126.43 | H35: =MAX(H9:H32) -> 17.24 | I35: =MAX(I9:I32) -> 1.86 | ... Q35: =MAX(Q9:Q32) -> 9.57
A36: Avg | B36: =AVERAGE(B9:B32) -> 15.339583 | C36: =AVERAGE(C9:C32) -> 10.9325 | D36: =AVERAGE(D9:D32) -> 17.187083 | E36: =AVERAGE(E9:E32) -> 4.6920833 | F36: =AVERAGE(F9:F32) -> 7.9983333 | G36: =AVERAGE(G9:G32) -> 45.43875 | H36: =AVERAGE(H9:H32) -> 11.832083 | I36: =AVERAGE(I9:I32) -> 1.2054167 | ... Q36: =AVERAGE(Q9:Q32) -> 9.3579167
A37: Stdev | B37: =STDEV(B9:B32) -> 12.451595 | C37: =STDEV(C9:C32) -> 5.3120399 | D37: =STDEV(D9:D32) -> 10.92854 | E37: =STDEV(E9:E32) -> 0.30902341 | F37: =STDEV(F9:F32) -> 2.567839 | G37: =STDEV(G9:G32) -> 36.421129 | H37: =STDEV(H9:H32) -> 3.9467367 | I37: =STDEV(I9:I32) -> 0.28934678 | ... Q37: =STDEV(Q9:Q32) -> 0.1290089
A38: Num | B38: =COUNT(B9:B32) -> 24 | C38: =COUNT(C9:C32) -> 24 | D38: =COUNT(D9:D32) -> 24 | E38: =COUNT(E9:E32) -> 24 | F38: =COUNT(F9:F32) -> 24 | G38: =COUNT(G9:G32) -> 24 | H38: =COUNT(H9:H32) -> 24 | I38: =COUNT(I9:I32) -> 24 | ... Q38: =COUNT(Q9:Q32) -> 24
A39: DCR | B39: =IF(B38>=22,">90%",IF(B38<=22,"<90%")) -> >90% | C39: =IF(C38>=22,">90%",IF(C38<=22,"<90%")) -> >90% | D39: =IF(D38>=22,">90%",IF(D38<=22,"<90%")) -> >90% | E39: =IF(E38>=22,">90%",IF(E38<=22,"<90%")) -> >90% | F39: =IF(F38>=22,">90%",IF(F38<=22,"<90%")) -> >90% | G39: =IF(G38>=22,">90%",IF(G38<=22,"<90%")) -> >90% | H39: =IF(H38>=22,">90%",IF(H38<=22,"<90%")) -> >90% | I39: =IF(I38>=22,">90%",IF(I38<=22,"<90%")) -> >90% | ... Q39: =IF(Q38>=22,">90%",IF(Q38<=22,"<90%")) -> >90%
A40: Status | B40: =IF(B38>=22,"OK",IF(B38<=22,"LESS")) -> OK | C40: =IF(C38>=22,"OK",IF(C38<=22,"LESS")) -> OK | D40: =IF(D38>=22,"OK",IF(D38<=22,"LESS")) -> OK | E40: =IF(E38>=22,"OK",IF(E38<=22,"LESS")) -> OK | F40: =IF(F38>=22,"OK",IF(F38<=22,"LESS")) -> OK | G40: =IF(G38>=22,"OK",IF(G38<=22,"LESS")) -> OK | H40: =IF(H38>=22,"OK",IF(H38<=22,"LESS")) -> OK | I40: =IF(I38>=22,"OK",IF(I38<=22,"LESS")) -> OK | ... Q40: =IF(Q38>=22,"OK",IF(Q38<=22,"LESS")) -> OK
A43: Done by | B43: RAHUL
A45: Comment

Sheet 18
A1: Station: | B1: BHATAGAON RAIPUR
A2: Date: | B2: =$A$9 -> 18/09/2025 01:00 | D2: Power Off | G2: Pw.Off | L2: Link Fail | N2: Link F | P2: Maintenance | R2: Maint.
A3: Report Type: | B3: Mean | D3: Calibration | G3: Calib. | L3: Data Fail | N3: Data F | P3: Invalid | R3: Invalid
A4: Time Base: | B4: 01 Hour | D4: Zero Referrence | G4: Z.Ref | L4: Warm Up | N4: Wm. Up
A7: Date & Time | B7: NO_BHATAGAON | C7: NO2__BHATAGAON | D7: NOX_BHATAGAON | E7: SO2__BHATAGAON | F7: O3__BHATAGAON | G7: PM10__BHATAGAON | H7: PM2_5__BHATAGAON | I7: BENZ__BHATAGAON | J7: WS__BHATAGAON | K7: WD__BHATAGAON | L7: TEMP__BHATAGAON | M7: HUM__BHATAGAON | N7: SR__BHATAGAON | O7: RG__BHATAGAON | P7: CO__BHATAGAON | Q7: NH3__BHATAGAON
B8: ug/m3 | C8: ug/m3 | D8: ppb | E8: ug/m3 | F8: ug/m3 | G8: mg/m3 | H8: ug/m3 | I8: ug/m3 | J8: m/sec | K8: deg | L8: degreC | M8: % | N8: w/m2 | O8: mm | P8: ug/m3 | Q8: ug/m3
A9: 18/09/2025 01:00 | B9: 8.64 | C9: 8.16 | D9: 10.33 | E9: 5.04 | F9: 7.16 | G9: 42.75 | H9: 5.94 | I9: 1.66 | J9: 0.18 | K9: 145.48 | L9: 23.97 | M9: 98.48 | N9: 28.8 | O9: 0 | P9: 0.29 | Q9: 9.55
A10: 18/09/2025 02:00 | B10: 9.15 | C10: 8.91 | D10: 11.02 | E10: 5.18 | F10: 6.59 | G10: 34.18 | H10: 4.16 | I10: 1.55 | J10: 0.09 | K10: 161.27 | L10: 24 | M10: 98.5 | N10: 29.2 | O10: 0 | P10: 0.33 | Q10: 9.5
A11: 18/09/2025 03:00 | B11: 8.73 | C11: 5.26 | D11: 9.74 | E11: 4.79 | F11: 5 | G11: 26.6 | H11: 4 | I11: 1.45 | J11: 0.04 | K11: 305.92 | L11: 23.93 | M11: 98.4 | N11: 29 | O11: 0 | P11: 0.34 | Q11: 9.44
A12: 18/09/2025 04:00 | B12: 9.09 | C12: 5.97 | D12: 9.23 | E12: 4.76 | F12: 6.08 | G12: 26.6 | H12: 5.23 | I12: 1.3 | J12: 0.06 | K12: 290.5 | L12: 23.72 | M12: 98.4 | N12: 28.8 | O12: 0 | P12: 0.36 | Q12: 9.39
A13: 18/09/2025 05:00 | B13: 7.71 | C13: 22.53 | D13: 17.95 | E13: 4.92 | F13: 6.28 | G13: 19.24 | H13: 5.23 | I13: 1.26 | J13: 0.05 | K13: 308.86 | L13: 23.5 | M13: 98.4 | N13: 28.8 | O13: 0 | P13: 0.28 | Q13: 9.38
A14: 18/09/2025 06:00 | B14: 7.95 | C14: 8.4 | D14: 10.25 | E14: 5.14 | F14: 5.44 | G14: 14.63 | H14: 3.66 | I14: 1.07 | J14: 0.07 | K14: 247.51 | L14: 23.27 | M14: 98.42 | N14: 36.7 | O14: 0 | P14: 0.28 | Q14: 9.36
A15: 18/09/2025 07:00 | B15: 15.21 | C15: 11.87 | D15: 17.59 | E15: 4.91 | F15: 5.27 | G15: 22.35 | H15: 2.56 | I15: 1.01 | J15: 0.08 | K15: 195.03 | L15: 24.57 | M15: 98.42 | N15: 144.9 | O15: 0 | P15: 0.37 | Q15: 9.34
A16: 18/09/2025 08:00 | B16: 12.43 | C16: 8.32 | D16: 14.32 | E16: 5.27 | F16: 7.18 | G16: 26.68 | H16: 6.3 | I16: 0.97 | J16: 0.07 | K16: 330.84 | L16: 27.24 | M16: 98.33 | N16: 383.3 | O16: 0 | P16: 0.4 | Q16: 9.34
A17: 18/09/2025 09:00 | B17: 9.78 | C17: 8.97 | D17: 12.29 | E17: 5.37 | F17: 8.84 | G17: 30.49 | H17: 6.3 | I17: 0.97 | J17: 0.14 | K17: 296.83 | L17: 29.91 | M17: 96.28 | N17: 664.8 | O17: 0 | P17: 0.32 | Q17: 9.34
A18: 18/09/2025 10:00 | B18: 7.95 | C18: 8.42 | D18: 10.54 | E18: 5.42 | F18: 10.36 | G18: 30.49 | H18: 4.41 | I18: 0.93 | J18: 0.19 | K18: 296.88 | L18: 30.7 | M18: 88.71 | N18: 876.7 | O18: 0 | P18: 0.3 | Q18: 9.3
A19: 18/09/2025 11:00 | B19: 6.54 | C19: 8.17 | D19: 9.38 | E19: 5.56 | F19: 9.23 | G19: 28.27 | H19: 3.09 | I19: 0.92 | J19: 0.16 | K19: 292.18 | L19: 31 | M19: 80.03 | N19: 959 | O19: 0 | P19: 0.31 | Q19: 9.21
A20: 18/09/2025 12:00 | B20: 5.13 | C20: 7.79 | D20: 8.18 | E20: 5.28 | F20: 10.31 | G20: 29.34 | H20: 2.16 | I20: 0.86 | J20: 0.16 | K20: 321.83 | L20: 31.64 | M20: 77.53 | N20: 965.7 | O20: 0 | P20: 0.29 | Q20: 9.14
A21: 18/09/2025 13:00 | B21: 5.04 | C21: 10.38 | D21: 9.47 | E21: 5.54 | F21: 10.2 | G21: Calib. | H21: Calib. | I21: 0.81 | J21: 0.17 | K21: 295.17 | L21: 31.36 | M21: 77.03 | N21: 804.6 | O21: 0 | P21: 0.93 | Q21: 9.12
A22: 18/09/2025 14:00 | B22: 5.37 | C22: 9.73 | D22: 9.39 | E22: 6.12 | F22: 12 | G22: Calib. | H22: Calib. | I22: 121.13 | J22: 0.56 | K22: 222.16 | L22: 30.79 | M22: 79.89 | N22: 344.6 | O22: 0 | P22: 0.93 | Q22: 9.13
A23: 18/09/2025 15:00 | B23: 4.53 | C23: 8.89 | D23: 8.28 | E23: 5.35 | F23: 12.51 | G23: Calib. | H23: Calib. | I23: 156.94 | J23: 0.39 | K23: 216.56 | L23: 30.05 | M23: 82.2 | N23: 199.1 | O23: 0 | P23: 6.66 | Q23: 9.12
A24: 18/09/2025 16:00 | B24: 6.31 | C24: 10.08 | D24: 10.13 | E24: 5.48 | F24: 14.32 | G24: 65.78 | H24: 25.2 | I24: 95.8 | J24: 0.22 | K24: 170.69 | L24: 29.7 | M24: 81.12 | N24: 144.4 | O24: 0 | P24: 1.12 | Q24: 9.09
A25: 18/09/2025 17:00 | B25: 7.68 | C25: 10 | D25: 11.37 | E25: 5.3 | F25: 12.3 | G25: 66.64 | H25: 25.2 | I25: 49.25 | J25: 0.09 | K25: 291.91 | L25: 29.33 | M25: 84.58 | N25: 95.7 | O25: 0 | P25: 0.52 | Q25: 9.11
A26: 18/09/2025 18:00 | B26: 5.85 | C26: 14.78 | D26: 11.82 | E26: 5.73 | F26: 12.09 | G26: 66.5 | H26: 17.64 | I26: 39.81 | J26: 0.21 | K26: 234.34 | L26: 28.98 | M26: 93.69 | N26: 81.5 | O26: 0 | P26: 0.01 | Q26: 9.15
A27: 18/09/2025 19:00 | B27: 8.27 | C27: 17.93 | D27: 16 | E27: 5.89 | F27: 9.64 | G27: 54.17 | H27: 12.35 | I27: 33.21 | J27: 0.25 | K27: 185.79 | L27: 27.97 | M27: 97.19 | N27: 49.3 | O27: 0 | P27: 0 | Q27: 9.18
A28: 18/09/2025 20:00 | B28: 14.93 | C28: 20.18 | D28: 22.47 | E28: 6.04 | F28: 7.84 | G28: 46.62 | H28: 10.93 | I28: 28.14 | J28: 0.18 | K28: 198.16 | L28: 27.41 | M28: 98.05 | N28: 50.2 | O28: 0 | P28: 0.57 | Q28: 9.19
A29: 18/09/2025 21:00 | B29: 26.23 | C29: 22.72 | D29: 32.9 | E29: 6.08 | F29: 6.66 | G29: 48.33 | H29: 10.93 | I29: 23.5 | J29: 0.08 | K29: 348.62 | L29: 27.02 | M29: 98.03 | N29: 50.5 | O29: 0 | P29: 0.98 | Q29: 9.28
A30: 18/09/2025 22:00 | B30: 33.36 | C30: 21.72 | D30: 36.46 | E30: 6.02 | F30: 6.19 | G30: 55.1 | H30: 7.84 | I30: 19.88 | J30: 0.12 | K30: 340.37 | L30: 26.49 | M30: 98.04 | N30: 50.5 | O30: 0 | P30: 0.5 | Q30: 9.44
A31: 18/09/2025 23:00 | B31: 38.05 | C31: 17.77 | D31: 37.28 | E31: 5.93 | F31: 7.81 | G31: 66.99 | H31: 5.49 | I31: 17.02 | J31: 0.09 | K31: 328.04 | L31: 26.36 | M31: 98.12 | N31: 50 | O31: 0 | P31: 0.54 | Q31: 9.55
A32: 18/09/2025 24:00 | B32: 38.05 | C32: 17.77 | D32: 37.28 | E32: 5.9 | F32: 7.2 | G32: 66.98 | H32: 8.96 | I32: 14.87 | J32: 0.08 | K32: 305.26 | L32: 25.97 | M32: 98.13 | N32: 49.7 | O32: 0 | P32: 0.18 | Q32: 9.56
A34: Min | B34: =MIN(B9:B32) -> 4.53 | C34: =MIN(C9:C32) -> 5.26 | D34: =MIN(D9:D32) -> 8.18 | E34: =MIN(E9:E32) -> 4.76 | F34: =MIN(F9:F32) -> 5 | G34: =MIN(G9:G32) -> 14.63 | H34: =MIN(H9:H32) -> 2.16 | I34: =MIN(I9:I32) -> 0.81 | ... Q34: =MIN(Q9:Q32) -> 9.09
A35: Max | B35: =MAX(B9:B32) -> 38.05 | C35: =MAX(C9:C32) -> 22.72 | D35: =MAX(D9:D32) -> 37.28 | E35: =MAX(E9:E32) -> 6.12 | F35: =MAX(F9:F32) -> 14.32 | G35: =MAX(G9:G32) -> 66.99 | H35: =MAX(H9:H32) -> 25.2 | I35: =MAX(I9:I32) -> 156.94 | ... Q35: =MAX(Q9:Q32) -> 9.56
A36: Avg | B36: =AVERAGE(B9:B32) -> 12.5825 | C36: =AVERAGE(C9:C32) -> 12.28 | D36: =AVERAGE(D9:D32) -> 15.98625 | E36: =AVERAGE(E9:E32) -> 5.4591667 | F36: =AVERAGE(F9:F32) -> 8.6041667 | G36: =AVERAGE(G9:G32) -> 41.368095 | H36: =AVERAGE(H9:H32) -> 8.4561905 | I36: =AVERAGE(I9:I32) -> 25.59625 | ... Q36: =AVERAGE(Q9:Q32) -> 9.3004167
A37: Stdev | B37: =STDEV(B9:B32) -> 10.320032 | C37: =STDEV(C9:C32) -> 5.5439556 | D37: =STDEV(D9:D32) -> 9.788614 | E37: =STDEV(E9:E32) -> 0.4255525 | F37: =STDEV(F9:F32) -> 2.6554684 | G37: =STDEV(G9:G32) -> 17.933012 | H37: =STDEV(H9:H32) -> 6.7053147 | I37: =STDEV(I9:I32) -> 41.774427 | ... Q37: =STDEV(Q9:Q32) -> 0.15487665
A38: Num | B38: =COUNT(B9:B32) -> 24 | C38: =COUNT(C9:C32) -> 24 | D38: =COUNT(D9:D32) -> 24 | E38: =COUNT(E9:E32) -> 24 | F38: =COUNT(F9:F32) -> 24 | G38: =COUNT(G9:G32)+3 -> 24 | H38: =COUNT(H9:H32)+3 -> 24 | I38: =COUNT(I9:I32) -> 24 | J38: =COUNT(J9:J32) -> 24 | K38: =COUNT(K9:K32) -> 24 | L38: =COUNT(L9:L32) -> 24 | M38: =COUNT(M9:M32) -> 24 | N38: =COUNT(N9:N32) -> 24 | O38: =COUNT(O9:O32) -> 24 | P38: =COUNT(P9:P32) -> 24 | Q38: =COUNT(Q9:Q32) -> 24
A39: DCR | B39: =IF(B38>=22,">90%",IF(B38<=22,"<90%")) -> >90% | C39: =IF(C38>=22,">90%",IF(C38<=22,"<90%")) -> >90% | D39: =IF(D38>=22,">90%",IF(D38<=22,"<90%")) -> >90% | E39: =IF(E38>=22,">90%",IF(E38<=22,"<90%")) -> >90% | F39: =IF(F38>=22,">90%",IF(F38<=22,"<90%")) -> >90% | G39: =IF(G38>=22,">90%",IF(G38<=22,"<90%")) -> >90% | H39: =IF(H38>=22,">90%",IF(H38<=22,"<90%")) -> >90% | I39: =IF(I38>=22,">90%",IF(I38<=22,"<90%")) -> >90% | ... Q39: =IF(Q38>=22,">90%",IF(Q38<=22,"<90%")) -> >90%
A40: Status | B40: =IF(B38>=22,"OK",IF(B38<=22,"LESS")) -> OK | C40: =IF(C38>=22,"OK",IF(C38<=22,"LESS")) -> OK | D40: =IF(D38>=22,"OK",IF(D38<=22,"LESS")) -> OK | E40: =IF(E38>=22,"OK",IF(E38<=22,"LESS")) -> OK | F40: =IF(F38>=22,"OK",IF(F38<=22,"LESS")) -> OK | G40: =IF(G38>=22,"OK",IF(G38<=22,"LESS")) -> OK | H40: =IF(H38>=22,"OK",IF(H38<=22,"LESS")) -> OK | I40: =IF(I38>=22,"OK",IF(I38<=22,"LESS")) -> OK | ... Q40: =IF(Q38>=22,"OK",IF(Q38<=22,"LESS")) -> OK
A43: Done by | B43: RAHUL
A45: Comment

Sheet 19
A1: Station: | B1: BHATAGAON RAIPUR
A2: Date: | B2: =$A$9 -> 19/09/2025 01:00 | D2: Power Off | G2: Pw.Off | L2: Link Fail | N2: Link F | P2: Maintenance | R2: Maint.
A3: Report Type: | B3: Mean | D3: Calibration | G3: Calib. | L3: Data Fail | N3: Data F | P3: Invalid | R3: Invalid
A4: Time Base: | B4: 01 Hour | D4: Zero Referrence | G4: Z.Ref | L4: Warm Up | N4: Wm. Up
A7: Date & Time | B7: NO_BHATAGAON | C7: NO2__BHATAGAON | D7: NOX_BHATAGAON | E7: SO2__BHATAGAON | F7: O3__BHATAGAON | G7: PM10__BHATAGAON | H7: PM2_5__BHATAGAON | I7: BENZ__BHATAGAON | J7: WS__BHATAGAON | K7: WD__BHATAGAON | L7: TEMP__BHATAGAON | M7: HUM__BHATAGAON | N7: SR__BHATAGAON | O7: RG__BHATAGAON | P7: CO__BHATAGAON | Q7: NH3__BHATAGAON
B8: ug/m3 | C8: ug/m3 | D8: ppb | E8: ug/m3 | F8: ug/m3 | G8: mg/m3 | H8: ug/m3 | I8: ug/m3 | J8: m/sec | K8: deg | L8: degreC | M8: % | N8: w/m2 | O8: mm | P8: ug/m3 | Q8: ug/m3
A9: 19/09/2025 01:00 | B9: Data F | C9: Data F | D9: Data F | E9: 4.6 | F9: 5.55 | G9: 66.43 | H9: 8.96 | I9: 13.4 | J9: 0.08 | K9: 326.05 | L9: 25.64 | M9: 98.16 | N9: 49.8 | O9: 0 | P9: 0.23 | Q9: 9.55
A10: 19/09/2025 02:00 | B10: Data F | C10: Data F | D10: Data F | E10: 4.6 | F10: 7.22 | G10: 59.9 | H10: 8.16 | I10: 11.56 | J10: 0.09 | K10: 328.56 | L10: 25.65 | M10: 97.91 | N10: 49.9 | O10: 0 | P10: 0.24 | Q10: 9.51
A11: 19/09/2025 03:00 | B11: Data F | C11: Data F | D11: Data F | E11: 4.93 | F11: 6.63 | G11: 52.36 | H11: 6.1 | I11: 9.63 | J11: 0.07 | K11: 328.77 | L11: 25.08 | M11: 97.91 | N11: 49.9 | O11: 0 | P11: 0.19 | Q11: 9.46
A12: 19/09/2025 04:00 | B12: Data F | C12: Data F | D12: Data F | E12: 4.59 | F12: 5.49 | G12: 40.54 | H12: 4.85 | I12: 8.53 | J12: 0.11 | K12: 328.76 | L12: 24.78 | M12: 98.03 | N12: 49.8 | O12: 0 | P12: 0.28 | Q12: 9.44
A13: 19/09/2025 05:00 | B13: Data F | C13: Data F | D13: Data F | E13: 4.65 | F13: 6.5 | G13: 36.06 | H13: 4.85 | I13: 7.59 | J13: 0.08 | K13: 329 | L13: 24.38 | M13: 98.04 | N13: 49.8 | O13: 0 | P13: 0.49 | Q13: 9.4
A14: 19/09/2025 06:00 | B14: Data F | C14: Data F | D14: Data F | E14: 4.49 | F14: 5.59 | G14: 45.82 | H14: 3.45 | I14: 6.77 | J14: 0.09 | K14: 331.2 | L14: 24.35 | M14: 98.05 | N14: 56.9 | O14: 0 | P14: 0.49 | Q14: 9.4
A15: 19/09/2025 07:00 | B15: Data F | C15: Data F | D15: Data F | E15: 4.63 | F15: 4.32 | G15: 50.03 | H15: 2.41 | I15: 6.15 | J15: 0.12 | K15: 334.75 | L15: 25.67 | M15: 97.97 | N15: 111.8 | O15: 0 | P15: 0.71 | Q15: 9.49
A16: 19/09/2025 08:00 | B16: Data F | C16: Data F | D16: Data F | E16: 4.81 | F16: 7.71 | G16: 67.29 | H16: 4.29 | I16: 5.73 | J16: 0.25 | K16: 331.04 | L16: 28.25 | M16: 97.76 | N16: 258.3 | O16: 0 | P16: 0.77 | Q16: 9.61
A17: 19/09/2025 09:00 | B17: Data F | C17: Data F | D17: Data F | E17: 3.62 | F17: 6.84 | G17: 80.69 | H17: 4.29 | I17: 5.47 | J17: 0.12 | K17: 315.21 | L17: 27.45 | M17: 97.8 | N17: 250.6 | O17: 0 | P17: 0.68 | Q17: 9.62
A18: 19/09/2025 10:00 | B18: Data F | C18: Data F | D18: Data F | E18: 3.47 | F18: 7.83 | G18: 80.58 | H18: 3.42 | I18: 5.06 | J18: 0.54 | K18: 329.31 | L18: 26.37 | M18: 97.99 | N18: 374.9 | O18: 0.4 | P18: 0.73 | Q18: 9.59
A19: 19/09/2025 11:00 | B19: 6.33 | C19: Data F | D19: 16.07 | E19: 3.34 | F19: 4.07 | G19: 69.86 | H19: 2.87 | I19: 4.69 | J19: 0.24 | K19: 296.79 | L19: 30.47 | M19: 98.04 | N19: 929.1 | O19: 0 | P19: 0.65 | Q19: 9.54
A20: 19/09/2025 12:00 | B20: 7.07 | C20: 21.04 | D20: 16.38 | E20: 3.5 | F20: 13.42 | G20: Maint. | H20: Maint. | I20: 4.15 | J20: 0.54 | K20: 326 | L20: 30.88 | M20: 87.38 | N20: 796.6 | O20: 0 | P20: 0.66 | Q20: 9.4
A21: 19/09/2025 13:00 | B21: 6.29 | C21: 18.5 | D21: 18.58 | E21: 3.4 | F21: 17.06 | G21: Maint. | H21: 10.45 | I21: 3.53 | J21: 0.48 | K21: 317.04 | L21: 31.87 | M21: 81.82 | N21: 970.4 | O21: 0 | P21: 0.62 | Q21: 9.24
A22: 19/09/2025 14:00 | B22: 6.62 | C22: 12.99 | D22: 12.09 | E22: 3.53 | F22: 13.95 | G22: Maint. | H22: 83.61 | I22: 2.98 | J22: 0.26 | K22: 304.64 | L22: 30.94 | M22: 75.73 | N22: 331.9 | O22: 0 | P22: 0.52 | Q22: 9.19
A23: 19/09/2025 15:00 | B23: 6.26 | C23: 12.97 | D23: 11.8 | E23: 3.29 | F23: 14.84 | G23: 106.44 | H23: 61.99 | I23: 2.28 | J23: 0.17 | K23: 301.86 | L23: 30.66 | M23: 72.27 | N23: 174.7 | O23: 0 | P23: 0.39 | Q23: 9.16
A24: 19/09/2025 16:00 | B24: 7.63 | C24: 16.52 | D24: 13.94 | E24: 5.16 | F24: 13.9 | G24: 96.68 | H24: 40.39 | I24: 1.93 | J24: 0.21 | K24: 299.11 | L24: 30.87 | M24: 75.56 | N24: 170.8 | O24: 0 | P24: 0.43 | Q24: 9.24
A25: 19/09/2025 17:00 | B25: 9.96 | C25: 17.91 | D25: 17.35 | E25: 5.46 | F25: 14.74 | G25: 266.39 | H25: 22.21 | I25: 1.86 | J25: 0.32 | K25: 325.38 | L25: 30.42 | M25: 80.64 | N25: 172.8 | O25: 0 | P25: 0.51 | Q25: 9.26
A26: 19/09/2025 18:00 | B26: 5.62 | C26: 18.68 | D26: 14.26 | E26: 5.77 | F26: 11.47 | G26: Maint. | H26: Maint. | I26: 1.89 | J26: 0.06 | K26: 218.79 | L26: 29.2 | M26: 91.89 | N26: 73.1 | O26: 0 | P26: 0.36 | Q26: 9.22
A27: 19/09/2025 19:00 | B27: 13.57 | C27: 24.96 | D27: 23.93 | E27: 5.51 | F27: 11.49 | G27: Maint. | H27: Maint. | I27: 1.41 | J27: 0.35 | K27: 262.89 | L27: 28.4 | M27: 96.12 | N27: 63.2 | O27: 0 | P27: 0.45 | Q27: 9.29
A28: 19/09/2025 20:00 | B28: 12.3 | C28: 30.82 | D28: 25.33 | E28: 5.37 | F28: 9.31 | G28: 86.82 | H28: 84.55 | I28: 1.36 | J28: 0.13 | K28: 228.93 | L28: 27.77 | M28: 97.83 | N28: 43 | O28: 0 | P28: 0.7 | Q28: 9.34
A29: 19/09/2025 21:00 | B29: 8.06 | C29: 23.16 | D29: 18.56 | E29: 5.51 | F29: 6.77 | G29: 58.46 | H29: 56.8 | I29: 1.58 | J29: 0.21 | K29: 293.1 | L29: 27.44 | M29: 97.87 | N29: 43.1 | O29: 0 | P29: 0.83 | Q29: 9.33
A30: 19/09/2025 22:00 | B30: Maint. | C30: Maint. | D30: Maint. | E30: 5.38 | F30: 8.47 | G30: 50.22 | H30: 34.08 | I30: 1.72 | J30: 0.18 | K30: 279.9 | L30: 27.24 | M30: 97.98 | N30: 43.5 | O30: 0 | P30: 0.56 | Q30: 9.37
A31: 19/09/2025 23:00 | B31: Maint. | C31: Maint. | D31: Maint. | E31: 5.47 | F31: 7.03 | G31: 48.27 | H31: 20.36 | I31: 1.73 | J31: 0.13 | K31: 267.23 | L31: 26.46 | M31: 98.03 | N31: 44.3 | O31: 0 | P31: 0.49 | Q31: 9.35
A32: 19/09/2025 24:00 | B32: Maint. | C32: Maint. | D32: Maint. | E32: 5.23 | F32: 8.95 | G32: 43.64 | H32: 19.97 | I32: 1.73 | J32: 0.18 | K32: 347.09 | L32: 26.01 | M32: 98.09 | N32: 44.5 | O32: 0 | P32: 0.35 | Q32: 9.32
A34: Min | B34: =MIN(B9:B32) -> 5.62 | C34: =MIN(C9:C32) -> 12.97 | D34: =MIN(D9:D32) -> 11.8 | E34: =MIN(E9:E32) -> 3.29 | F34: =MIN(F9:F32) -> 4.07 | G34: =MIN(G9:G32) -> 36.06 | H34: =MIN(H9:H32) -> 2.41 | I34: =MIN(I9:I32) -> 1.36 | ... Q34: =MIN(Q9:Q32) -> 9.16
A35: Max | B35: =MAX(B9:B32) -> 13.57 | C35: =MAX(C9:C32) -> 30.82 | D35: =MAX(D9:D32) -> 25.33 | E35: =MAX(E9:E32) -> 5.77 | F35: =MAX(F9:F32) -> 17.06 | G35: =MAX(G9:G32) -> 266.39 | H35: =MAX(H9:H32) -> 84.55 | I35: =MAX(I9:I32) -> 13.4 | ... Q35: =MAX(Q9:Q32) -> 9.62
A36: Avg | B36: =AVERAGE(B9:B32) -> 8.1554545 | C36: =AVERAGE(C9:C32) -> 19.755 | D36: =AVERAGE(D9:D32) -> 17.117273 | E36: =AVERAGE(E9:E32) -> 4.59625 | F36: =AVERAGE(F9:F32) -> 9.13125 | G36: =AVERAGE(G9:G32) -> 74.025263 | H36: =AVERAGE(H9:H32) -> 23.240952 | I36: =AVERAGE(I9:I32) -> 4.6970833 | ... Q36: =AVERAGE(Q9:Q32) -> 9.3883333
A37: Stdev | B37: =STDEV(B9:B32) -> 2.653403 | C37: =STDEV(C9:C32) -> 5.4891089 | D37: =STDEV(D9:D32) -> 4.3770266 | E37: =STDEV(E9:E32) -> 0.83242868 | F37: =STDEV(F9:F32) -> 3.7647014 | G37: =STDEV(G9:G32) -> 50.518446 | H37: =STDEV(H9:H32) -> 26.813751 | I37: =STDEV(I9:I32) -> 3.4300672 | ... Q37: =STDEV(Q9:Q32) -> 0.13643494
A38: Num | B38: =COUNT(B9:B32)+13 -> 24 | C38: =COUNT(C9:C32)+14 -> 24 | D38: =COUNT(D9:D32)+13 -> 24 | E38: =COUNT(E9:E32) -> 24 | F38: =COUNT(F9:F32) -> 24 | G38: =COUNT(G9:G32)+5 -> 24 | H38: =COUNT(H9:H32)+3 -> 24 | I38: =COUNT(I9:I32) -> 24 | J38: =COUNT(J9:J32) -> 24 | K38: =COUNT(K9:K32) -> 24 | L38: =COUNT(L9:L32) -> 24 | M38: =COUNT(M9:M32) -> 24 | N38: =COUNT(N9:N32) -> 24 | O38: =COUNT(O9:O32) -> 24 | P38: =COUNT(P9:P32) -> 24 | Q38: =COUNT(Q9:Q32) -> 24
A39: DCR | B39: =IF(B38>=22,">90%",IF(B38<=22,"<90%")) -> >90% | C39: =IF(C38>=22,">90%",IF(C38<=22,"<90%")) -> >90% | D39: =IF(D38>=22,">90%",IF(D38<=22,"<90%")) -> >90% | E39: =IF(E38>=22,">90%",IF(E38<=22,"<90%")) -> >90% | F39: =IF(F38>=22,">90%",IF(F38<=22,"<90%")) -> >90% | G39: =IF(G38>=22,">90%",IF(G38<=22,"<90%")) -> >90% | H39: =IF(H38>=22,">90%",IF(H38<=22,"<90%")) -> >90% | I39: =IF(I38>=22,">90%",IF(I38<=22,"<90%")) -> >90% | ... Q39: =IF(Q38>=22,">90%",IF(Q38<=22,"<90%")) -> >90%
A40: Status | B40: =IF(B38>=22,"OK",IF(B38<=22,"LESS")) -> OK | C40: =IF(C38>=22,"OK",IF(C38<=22,"LESS")) -> OK | D40: =IF(D38>=22,"OK",IF(D38<=22,"LESS")) -> OK | E40: =IF(E38>=22,"OK",IF(E38<=22,"LESS")) -> OK | F40: =IF(F38>=22,"OK",IF(F38<=22,"LESS")) -> OK | G40: =IF(G38>=22,"OK",IF(G38<=22,"LESS")) -> OK | H40: =IF(H38>=22,"OK",IF(H38<=22,"LESS")) -> OK | I40: =IF(I38>=22,"OK",IF(I38<=22,"LESS")) -> OK | ... Q40: =IF(Q38>=22,"OK",IF(Q38<=22,"LESS")) -> OK
A43: Done by | B43: RAHUL
A45: Comment

Sheet 20
A1: Station: | B1: BHATAGAON RAIPUR
A2: Date: | B2: =$A$9 -> 20/09/2025 01:00 | D2: Power Off | G2: Pw.Off | L2: Link Fail | N2: Link F | P2: Maintenance | R2: Maint.
A3: Report Type: | B3: Mean | D3: Calibration | G3: Calib. | L3: Data Fail | N3: Data F | P3: Invalid | R3: Invalid
A4: Time Base: | B4: 01 Hour | D4: Zero Referrence | G4: Z.Ref | L4: Warm Up | N4: Wm. Up
A7: Date & Time | B7: NO_BHATAGAON | C7: NO2__BHATAGAON | D7: NOX_BHATAGAON | E7: SO2__BHATAGAON | F7: O3__BHATAGAON | G7: PM10__BHATAGAON | H7: PM2_5__BHATAGAON | I7: BENZ__BHATAGAON | J7: WS__BHATAGAON | K7: WD__BHATAGAON | L7: TEMP__BHATAGAON | M7: HUM__BHATAGAON | N7: SR__BHATAGAON | O7: RG__BHATAGAON | P7: CO__BHATAGAON | Q7: NH3__BHATAGAON
B8: ug/m3 | C8: ug/m3 | D8: ppb | E8: ug/m3 | F8: ug/m3 | G8: mg/m3 | H8: ug/m3 | I8: ug/m3 | J8: m/sec | K8: deg | L8: degreC | M8: % | N8: w/m2 | O8: mm | P8: ug/m3 | Q8: ug/m3
A9: 20/09/2025 01:00 | B9: 6.64 | C9: 7.01 | D9: 8.81 | E9: 5.29 | F9: 9.27 | G9: 39.71 | H9: 12.55 | I9: 1.67 | J9: 0.08 | K9: 323.52 | L9: 25.54 | M9: 98.11 | N9: 44.4 | O9: 0 | P9: 0.3 | Q9: 9.34
A10: 20/09/2025 02:00 | B10: 7.94 | C10: 6.06 | D10: 9.36 | E10: 5.39 | F10: 9.24 | G10: 36.46 | H10: 7.65 | I10: 1.61 | J10: 0.07 | K10: 328.26 | L10: 25.46 | M10: 98.13 | N10: 44.5 | O10: 0 | P10: 0.3 | Q10: 9.33
A11: 20/09/2025 03:00 | B11: 7.79 | C11: 5.52 | D11: 9.11 | E11: 5.29 | F11: 5.54 | G11: 29.78 | H11: 4.82 | I11: 1.53 | J11: 0.07 | K11: 329.88 | L11: 25.05 | M11: 98.15 | N11: 44.5 | O11: 0 | P11: 0.26 | Q11: 9.29
A12: 20/09/2025 04:00 | B12: 7.98 | C12: 5.85 | D12: 9.08 | E12: 5.24 | F12: 7.38 | G12: 27.85 | H12: 9.95 | I12: 1.46 | J12: 0.16 | K12: 232.28 | L12: 24.81 | M12: 98.15 | N12: 44.6 | O12: 0 | P12: 0.27 | Q12: 9.27
A13: 20/09/2025 05:00 | B13: 7.29 | C13: 6.9 | D13: 9.45 | E13: 5.22 | F13: 8.08 | G13: 24.37 | H13: 7.79 | I13: 1.41 | J13: 0.09 | K13: 332.14 | L13: 24.65 | M13: 98.16 | N13: 44.9 | O13: 0 | P13: 0.32 | Q13: 9.29
A14: 20/09/2025 06:00 | B14: 9.34 | C14: 9.9 | D14: 12.67 | E14: 5.06 | F14: 5.24 | G14: 25.9 | H14: 5.37 | I14: 1.36 | J14: 0.08 | K14: 203.07 | L14: 24.42 | M14: 98.18 | N14: 51 | O14: 0 | P14: 0.48 | Q14: 9.31
A15: 20/09/2025 07:00 | B15: 11.56 | C15: 8.38 | D15: 13.65 | E15: 5.2 | F15: 6.03 | G15: 30.4 | H15: 3.76 | I15: 1.36 | J15: 0.23 | K15: 277.84 | L15: 26.96 | M15: 98.18 | N15: 196.5 | O15: 0 | P15: 0.37 | Q15: 9.33
A16: 20/09/2025 08:00 | B16: 10.71 | C16: 7.51 | D16: 12.44 | E16: 5.44 | F16: 7.31 | G16: 31.96 | H16: 5.15 | I16: 1.42 | J16: 0.16 | K16: 312.65 | L16: 31.52 | M16: 97.98 | N16: 438.1 | O16: 0 | P16: 0.59 | Q16: 9.34
A17: 20/09/2025 09:00 | B17: 11.11 | C17: 7.91 | D17: 12.94 | E17: 5.4 | F17: 12.8 | G17: 41.4 | H17: 3.9 | I17: 1.69 | J17: 0.49 | K17: 323.55 | L17: 34.44 | M17: 83.92 | N17: 598.2 | O17: 0 | P17: 0.56 | Q17: 9.34
A18: 20/09/2025 10:00 | B18: 9.7 | C18: 7.63 | D18: 11.5 | E18: 5.6 | F18: 13.71 | G18: 45.92 | H18: 2.73 | I18: 1.77 | J18: 0.54 | K18: 326.03 | L18: 35.04 | M18: 65.16 | N18: 749 | O18: 0 | P18: 0.57 | Q18: 9.36
A19: 20/09/2025 11:00 | B19: 9.05 | C19: 7.22 | D19: 10.93 | E19: 5.47 | F19: 12.95 | G19: 49.8 | H19: 1.91 | I19: 1.92 | J19: 0.66 | K19: 330.81 | L19: 34.86 | M19: 64.61 | N19: 906.5 | O19: 0 | P19: 0.49 | Q19: 9.34
A20: 20/09/2025 12:00 | B20: 8.61 | C20: 8.49 | D20: 10.95 | E20: 5.38 | F20: 11.97 | G20: 43.89 | H20: 1.38 | I20: 1.73 | J20: 0.73 | K20: 329.41 | L20: 35.59 | M20: 60.49 | N20: 906.6 | O20: 0 | P20: 0.49 | Q20: 9.26
... A32: 20/09/2025 24:00 | B32: 9.03 | C32: 9.28 | D32: 12.09 | E32: 4.44 | F32: 11.22 | G32: 30.68 | H32: 1.73 | I32: 1.61 | J32: 0.46 | K32: 323.66 | L32: 23.53 | M32: 98.22 | N32: 41.5 | O32: 0 | P32: 0.47 | Q32: 9.28
A34: Min | B34: =MIN(B9:B32) -> 6.22 | C34: =MIN(C9:C32) -> 5.52 | D34: =MIN(D9:D32) -> 8.81 | E34: =MIN(E9:E32) -> 4.44 | F34: =MIN(F9:F32) -> 4.46 | G34: =MIN(G9:G32) -> 24.37 | H34: =MIN(H9:H32) -> 1.38 | I34: =MIN(I9:I32) -> 1.36 | ... Q34: =MIN(Q9:Q32) -> 9.15
A35: Max | B35: =MAX(B9:B32) -> 13.89 | C35: =MAX(C9:C32) -> 14.03 | D35: =MAX(D9:D32) -> 16.51 | E35: =MAX(E9:E32) -> 5.6 | F35: =MAX(F9:F32) -> 19.83 | G35: =MAX(G9:G32) -> 60.61 | H35: =MAX(H9:H32) -> 12.55 | I35: =MAX(I9:I32) -> 2.09 | ... Q35: =MAX(Q9:Q32) -> 9.44
A36: Avg | B36: =AVERAGE(B9:B32) -> 9.01375 | C36: =AVERAGE(C9:C32) -> 9.1054167 | D36: =AVERAGE(D9:D32) -> 11.784167 | E36: =AVERAGE(E9:E32) -> 5.1629167 | F36: =AVERAGE(F9:F32) -> 10.942083 | G36: =AVERAGE(G9:G32) -> 41.987917 | H36: =AVERAGE(H9:H32) -> 5.21875 | I36: =AVERAGE(I9:I32) -> 1.6504167 | ... Q36: =AVERAGE(Q9:Q32) -> 9.2908333
A37: Stdev | B37: =STDEV(B9:B32) -> 1.6556328 | C37: =STDEV(C9:C32) -> 2.4202587 | D37: =STDEV(D9:D32) -> 1.9572739 | E37: =STDEV(E9:E32) -> 0.34270635 | F37: =STDEV(F9:F32) -> 4.1296541 | G37: =STDEV(G9:G32) -> 10.535854 | H37: =STDEV(H9:H32) -> 2.7073464 | I37: =STDEV(I9:I32) -> 0.19277108 | ... Q37: =STDEV(Q9:Q32) -> 0.074186408
A38: Num | B38: =COUNT(B9:B32) -> 24 | C38: =COUNT(C9:C32) -> 24 | D38: =COUNT(D9:D32) -> 24 | E38: =COUNT(E9:E32) -> 24 | F38: =COUNT(F9:F32) -> 24 | G38: =COUNT(G9:G32) -> 24 | H38: =COUNT(H9:H32) -> 24 | I38: =COUNT(I9:I32) -> 24 | ... Q38: =COUNT(Q9:Q32) -> 24
A39: DCR | B39: =IF(B38>=22,">90%",IF(B38<=22,"<90%")) -> >90% | C39: =IF(C38>=22,">90%",IF(C38<=22,"<90%")) -> >90% | D39: =IF(D38>=22,">90%",IF(D38<=22,"<90%")) -> >90% | E39: =IF(E38>=22,">90%",IF(E38<=22,"<90%")) -> >90% | F39: =IF(F38>=22,">90%",IF(F38<=22,"<90%")) -> >90% | G39: =IF(G38>=22,">90%",IF(G38<=22,"<90%")) -> >90% | H39: =IF(H38>=22,">90%",IF(H38<=22,"<90%")) -> >90% | I39: =IF(I38>=22,">90%",IF(I38<=22,"<90%")) -> >90% | ... Q39: =IF(Q38>=22,">90%",IF(Q38<=22,"<90%")) -> >90%
A40: Status | B40: =IF(B38>=22,"OK",IF(B38<=22,"LESS")) -> OK | C40: =IF(C38>=22,"OK",IF(C38<=22,"LESS")) -> OK | D40: =IF(D38>=22,"OK",IF(D38<=22,"LESS")) -> OK | E40: =IF(E38>=22,"OK",IF(E38<=22,"LESS")) -> OK | F40: =IF(F38>=22,"OK",IF(F38<=22,"LESS")) -> OK | G40: =IF(G38>=22,"OK",IF(G38<=22,"LESS")) -> OK | H40: =IF(H38>=22,"OK",IF(H38<=22,"LESS")) -> OK | I40: =IF(I38>=22,"OK",IF(I38<=22,"LESS")) -> OK | ... Q40: =IF(Q38>=22,"OK",IF(Q38<=22,"LESS")) -> OK
A43: Done by | B43: RAHUL
A45: Comment

Sheet 21
A1: Station: | B1: BHATAGAON RAIPUR
A2: Date: | B2: =$A$9 -> 21/09/2025 01:00 | D2: Power Off | G2: Pw.Off | L2: Link Fail | N2: Link F | P2: Maintenance | R2: Maint.
A3: Report Type: | B3: Mean | D3: Calibration | G3: Calib. | L3: Data Fail | N3: Data F | P3: Invalid | R3: Invalid
A4: Time Base: | B4: 01 Hour | D4: Zero Referrence | G4: Z.Ref | L4: Warm Up | N4: Wm. Up
A7: Date & Time | B7: NO_BHATAGAON | C7: NO2__BHATAGAON | D7: NOX_BHATAGAON | E7: SO2__BHATAGAON | F7: O3__BHATAGAON | G7: PM10__BHATAGAON | H7: PM2_5__BHATAGAON | I7: BENZ__BHATAGAON | J7: WS__BHATAGAON | K7: WD__BHATAGAON | L7: TEMP__BHATAGAON | M7: HUM__BHATAGAON | N7: SR__BHATAGAON | O7: RG__BHATAGAON | P7: CO__BHATAGAON | Q7: NH3__BHATAGAON
B8: ug/m3 | C8: ug/m3 | D8: ppb | E8: ug/m3 | F8: ug/m3 | G8: mg/m3 | H8: ug/m3 | I8: ug/m3 | J8: m/sec | K8: deg | L8: degreC | M8: % | N8: w/m2 | O8: mm | P8: ug/m3 | Q8: ug/m3
A9: 21/09/2025 01:00 | B9: 10.41 | C9: 18.17 | D9: 17.84 | E9: 4.71 | F9: 7.98 | G9: 27.43 | H9: 1.28 | I9: 1.61 | J9: 0.12 | K9: 312.48 | L9: 23.35 | M9: 98.3 | N9: 41.6 | O9: 0 | P9: 0.46 | Q9: 9.25
A10: 21/09/2025 02:00 | B10: 9.38 | C10: 5.6 | D10: 10.44 | E10: 4.49 | F10: 5.05 | G10: 26.08 | H10: 2.92 | I10: 1.53 | J10: 0.24 | K10: 322.02 | L10: 23.19 | M10: 98.3 | N10: 41.5 | O10: 0 | P10: 0.44 | Q10: 9.2
A11: 21/09/2025 03:00 | B11: 7.92 | C11: 5.62 | D11: 9.09 | E11: 4.51 | F11: 10.76 | G11: 24.65 | H11: 2.5 | I11: 1.6 | J11: 0.19 | K11: 324.8 | L11: 23.27 | M11: 98.28 | N11: 41.4 | O11: 0 | P11: 0.42 | Q11: 9.18
A12: 21/09/2025 04:00 | B12: 7.41 | C12: 6.09 | D12: 8.88 | E12: 4.64 | F12: 10.07 | G12: 17.68 | H12: 3.91 | I12: 1.8 | J12: 0.18 | K12: 331.14 | L12: 23.28 | M12: 98.3 | N12: 41.4 | O12: 0 | P12: 0.51 | Q12: 9.21
A13: 21/09/2025 05:00 | B13: 7.07 | C13: 7.42 | D13: 9.55 | E13: 4.73 | F13: 7.79 | G13: 19.89 | H13: 2.93 | I13: 1.84 | J13: 0.17 | K13: 260.43 | L13: 23.43 | M13: 98.38 | N13: 41.5 | O13: 0 | P13: 0.38 | Q13: 9.2
A14: 21/09/2025 06:00 | B14: 7.72 | C14: 8.49 | D14: 10.53 | E14: 4.72 | F14: 6.24 | G14: 21.03 | H14: 2.64 | I14: 1.83 | J14: 0.1 | K14: 241.68 | L14: 22.93 | M14: 98.41 | N14: 48.6 | O14: 0 | P14: 0.36 | Q14: 9.18
A15: 21/09/2025 07:00 | B15: 10.75 | C15: 9.75 | D15: 13.55 | E15: 4.75 | F15: 9.09 | G15: 20.59 | H15: 1.99 | I15: 1.81 | J15: 0.53 | K15: 272.64 | L15: 24.39 | M15: 98.38 | N15: 179.2 | O15: 0 | P15: 0.37 | Q15: 9.22
A16: 21/09/2025 08:00 | B16: 15 | C16: 8.06 | D16: 16.24 | E16: 4.8 | F16: 9.62 | G16: 15.01 | H16: 5.17 | I16: 1.78 | J16: 0.7 | K16: 342.35 | L16: 27.22 | M16: 98.04 | N16: 334.1 | O16: 0 | P16: 0.42 | Q16: 9.27
A17: 21/09/2025 09:00 | B17: 13.53 | C17: 7.37 | D17: 14.7 | E17: 5.64 | F17: 8.59 | G17: 36.53 | H17: 3.62 | I17: 1.94 | J17: 0.16 | K17: 278.02 | L17: 30.34 | M17: 96.54 | N17: 614.5 | O17: 0 | P17: 0.4 | Q17: 9.29
A18: 21/09/2025 10:00 | B18: 16.17 | C18: 8.61 | D18: 17 | E18: 5.45 | F18: 15.49 | G18: 43.73 | H18: 2.53 | I18: 2 | J18: 0.63 | K18: 341.14 | L18: 33.96 | M18: 77.63 | N18: 780.5 | O18: 0 | P18: 0.52 | Q18: 9.27
A19: 21/09/2025 11:00 | B19: 15.36 | C19: 7.81 | D19: 16.33 | E19: 5.59 | F19: 18.77 | G19: 50.74 | H19: 1.82 | I19: 2.22 | J19: 0.33 | K19: 332.6 | L19: 32.43 | M19: 76.95 | N19: 777.5 | O19: 0 | P19: 0.64 | Q19: 9.26
A20: 21/09/2025 12:00 | B20: 14.18 | C20: 7.34 | D20: 14.55 | E20: 5.66 | F20: 22.66 | G20: 48.84 | H20: 4.79 | I20: 2.51 | J20: 0.41 | K20: 340.06 | L20: 31.17 | M20: 94.07 | N20: 532.1 | O20: 0 | P20: 0.75 | Q20: 9.25
... A32: 21/09/2025 24:00 | B32: 12.8 | C32: 14.75 | D32: 17.22 | E32: 5.07 | F32: 11.87 | G32: 53.94 | H32: 5.77 | I32: 2 | J32: 0.14 | K32: 335.17 | L32: 25.24 | M32: 98.05 | N32: 37.6 | O32: 0 | P32: 0.54 | Q32: 9.32
A34: Min | B34: =MIN(B9:B32) -> 7.07 | C34: =MIN(C9:C32) -> 5.6 | D34: =MIN(D9:D32) -> 8.88 | E34: =MIN(E9:E32) -> 4.49 | F34: =MIN(F9:F32) -> 5.05 | G34: =MIN(G9:G32) -> 15.01 | H34: =MIN(H9:H32) -> 1.28 | I34: =MIN(I9:I32) -> 1.53 | ... Q34: =MIN(Q9:Q32) -> 9.18
A35: Max | B35: =MAX(B9:B32) -> 27.16 | C35: =MAX(C9:C32) -> 33.01 | D35: =MAX(D9:D32) -> 39.03 | E35: =MAX(E9:E32) -> 6.24 | F35: =MAX(F9:F32) -> 22.66 | G35: =MAX(G9:G32) -> 82.87 | H35: =MAX(H9:H32) -> 8.09 | I35: =MAX(I9:I32) -> 2.61 | ... Q35: =MAX(Q9:Q32) -> 9.34
A36: Avg | B36: =AVERAGE(B9:B32) -> 14.436667 | C36: =AVERAGE(C9:C32) -> 11.928333 | D36: =AVERAGE(D9:D32) -> 17.654583 | E36: =AVERAGE(E9:E32) -> 5.3220833 | F36: =AVERAGE(F9:F32) -> 14.068333 | G36: =AVERAGE(G9:G32) -> 49.926667 | H36: =AVERAGE(H9:H32) -> 3.6708333 | I36: =AVERAGE(I9:I32) -> 2.0745833 | ... Q36: =AVERAGE(Q9:Q32) -> 9.2625
A37: Stdev | B37: =STDEV(B9:B32) -> 5.3344595 | C37: =STDEV(C9:C32) -> 6.6890882 | D37: =STDEV(D9:D32) -> 7.3223909 | E37: =STDEV(E9:E32) -> 0.54488913 | F37: =STDEV(F9:F32) -> 5.7369274 | G37: =STDEV(G9:G32) -> 23.706537 | H37: =STDEV(H9:H32) -> 1.5940048 | I37: =STDEV(I9:I32) -> 0.31101488 | ... Q37: =STDEV(Q9:Q32) -> 0.04655525
A38: Num | B38: =COUNT(B9:B32) -> 24 | C38: =COUNT(C9:C32) -> 24 | D38: =COUNT(D9:D32) -> 24 | E38: =COUNT(E9:E32) -> 24 | F38: =COUNT(F9:F32) -> 24 | G38: =COUNT(G9:G32) -> 24 | H38: =COUNT(H9:H32) -> 24 | I38: =COUNT(I9:I32) -> 24 | ... Q38: =COUNT(Q9:Q32) -> 24
A39: DCR | B39: =IF(B38>=22,">90%",IF(B38<=22,"<90%")) -> >90% | C39: =IF(C38>=22,">90%",IF(C38<=22,"<90%")) -> >90% | D39: =IF(D38>=22,">90%",IF(D38<=22,"<90%")) -> >90% | E39: =IF(E38>=22,">90%",IF(E38<=22,"<90%")) -> >90% | F39: =IF(F38>=22,">90%",IF(F38<=22,"<90%")) -> >90% | G39: =IF(G38>=22,">90%",IF(G38<=22,"<90%")) -> >90% | H39: =IF(H38>=22,">90%",IF(H38<=22,"<90%")) -> >90% | I39: =IF(I38>=22,">90%",IF(I38<=22,"<90%")) -> >90% | ... Q39: =IF(Q38>=22,">90%",IF(Q38<=22,"<90%")) -> >90%
A40: Status | B40: =IF(B38>=22,"OK",IF(B38<=22,"LESS")) -> OK | C40: =IF(C38>=22,"OK",IF(C38<=22,"LESS")) -> OK | D40: =IF(D38>=22,"OK",IF(D38<=22,"LESS")) -> OK | E40: =IF(E38>=22,"OK",IF(E38<=22,"LESS")) -> OK | F40: =IF(F38>=22,"OK",IF(F38<=22,"LESS")) -> OK | G40: =IF(G38>=22,"OK",IF(G38<=22,"LESS")) -> OK | H40: =IF(H38>=22,"OK",IF(H38<=22,"LESS")) -> OK | I40: =IF(I38>=22,"OK",IF(I38<=22,"LESS")) -> OK | ... Q40: =IF(Q38>=22,"OK",IF(Q38<=22,"LESS")) -> OK
A43: Done by | B43: RAHUL
A45: Comment

Sheet 22
A1: Station: | B1: BHATAGAON RAIPUR
A2: Date: | B2: =$A$9 -> 22/09/2025 01:00 | D2: Power Off | G2: Pw.Off | L2: Link Fail | N2: Link F | P2: Maintenance | R2: Maint.
A3: Report Type: | B3: Mean | D3: Calibration | G3: Calib. | L3: Data Fail | N3: Data F | P3: Invalid | R3: Invalid
A4: Time Base: | B4: 01 Hour | D4: Zero Referrence | G4: Z.Ref | L4: Warm Up | N4: Wm. Up
A7: Date & Time | B7: NO_BHATAGAON | C7: NO2__BHATAGAON | D7: NOX_BHATAGAON | E7: SO2__BHATAGAON | F7: O3__BHATAGAON | G7: PM10__BHATAGAON | H7: PM2_5__BHATAGAON | I7: BENZ__BHATAGAON | J7: WS__BHATAGAON | K7: WD__BHATAGAON | L7: TEMP__BHATAGAON | M7: HUM__BHATAGAON | N7: SR__BHATAGAON | O7: RG__BHATAGAON | P7: CO__BHATAGAON | Q7: NH3__BHATAGAON
B8: ug/m3 | C8: ug/m3 | D8: ppb | E8: ug/m3 | F8: ug/m3 | G8: mg/m3 | H8: ug/m3 | I8: ug/m3 | J8: m/sec | K8: deg | L8: degreC | M8: % | N8: w/m2 | O8: mm | P8: ug/m3 | Q8: ug/m3
A9: 22/09/2025 01:00 | B9: 16.05 | C9: 20.86 | D9: 21.89 | E9: 4.95 | F9: 8.92 | G9: 52.34 | H9: 4.2 | I9: 1.91 | J9: 0.13 | K9: 323.74 | L9: 24.92 | M9: 98.13 | N9: 37.6 | O9: 0 | P9: 0.81 | Q9: 9.34
A10: 22/09/2025 02:00 | B10: 12.63 | C10: 14.85 | D10: 15.94 | E10: 5.09 | F10: 8.69 | G10: 55.02 | H10: 2.94 | I10: 2.21 | J10: 0.69 | K10: 338.45 | L10: 24.73 | M10: 98.17 | N10: 37.5 | O10: 0 | P10: 0.75 | Q10: 9.35
A11: 22/09/2025 03:00 | B11: 14.8 | C11: 7.46 | D11: 14.64 | E11: 5 | F11: 9.75 | G11: 62.97 | H11: 2.06 | I11: 2.35 | J11: 0.87 | K11: 336.67 | L11: 24.66 | M11: 98.15 | N11: 37.5 | O11: 0 | P11: 0.58 | Q11: 9.34
A12: 22/09/2025 04:00 | B12: 16.26 | C12: 9.22 | D12: 14.99 | E12: 5.06 | F12: 12.49 | G12: 57.77 | H12: 5.03 | I12: 2.3 | J12: 0.88 | K12: 344.25 | L12: 24.62 | M12: 98.13 | N12: 37.8 | O12: 0 | P12: 0.51 | Q12: 9.3
A13: 22/09/2025 05:00 | B13: 16.32 | C13: 14.94 | D13: 20.9 | E13: 5.06 | F13: 13.21 | G13: 51.84 | H13: 3.9 | I13: 2.13 | J13: 1.34 | K13: 132.76 | L13: 24.63 | M13: 98.18 | N13: 41.2 | O13: 0 | P13: 0.47 | Q13: 9.28
A14: 22/09/2025 06:00 | B14: 14.44 | C14: 13.06 | D14: 18.41 | E14: 4.83 | F14: 14.16 | G14: 49.4 | H14: 2.73 | I14: 1.98 | J14: 0.18 | K14: 288.82 | L14: 22.12 | M14: 98.25 | N14: 44.1 | O14: 0 | P14: 0.38 | Q14: 9.26
A15: 22/09/2025 07:00 | B15: 18.61 | C15: 13.16 | D15: 21.37 | E15: 4.99 | F15: 9.18 | G15: 33.61 | H15: 1.91 | I15: 2.02 | J15: 0.14 | K15: 328.04 | L15: 23.03 | M15: 98.24 | N15: 142.3 | O15: 0 | P15: 0.44 | Q15: 9.26
A16: 22/09/2025 08:00 | B16: 26.25 | C16: 13.45 | D16: 28.08 | E16: 4.88 | F16: 12.12 | G16: 21.88 | H16: 6.4 | I16: 1.84 | J16: 0.35 | K16: 357.83 | L16: 26.9 | M16: 98.18 | N16: 346.8 | O16: 0 | P16: 0.5 | Q16: 9.26
A17: 22/09/2025 09:00 | B17: 22.78 | C17: 12.26 | D17: 22.19 | E17: 5.48 | F17: 12.29 | G17: 20.38 | H17: 4.48 | I17: 1.72 | J17: 0.27 | K17: 308.13 | L17: 29.89 | M17: 96.54 | N17: 424.9 | O17: 0 | P17: 0.69 | Q17: 9.27
A18: 22/09/2025 10:00 | B18: 18.84 | C18: 14.77 | D18: 21.4 | E18: 5.36 | F18: 14.45 | G18: 40.92 | H18: 3.14 | I18: 1.77 | J18: 0.31 | K18: 336.64 | L18: 31.73 | M18: 94.44 | N18: 582.8 | O18: 0 | P18: 0.79 | Q18: 9.28
A19: 22/09/2025 11:00 | B19: 21.59 | C19: 17.44 | D19: 25.34 | E19: 5.69 | F19: 17.69 | G19: 59.61 | H19: 3.05 | I19: 1.93 | J19: 0.63 | K19: 339.58 | L19: 32.77 | M19: 75.42 | N19: 568.3 | O19: 0 | P19: 1.09 | Q19: 9.34
A20: 22/09/2025 12:00 | B20: 10.36 | C20: 17.01 | D20: 17.2 | E20: 7 | F20: 20.41 | G20: 65.65 | H20: 3.71 | I20: 2.03 | J20: 0.88 | K20: 345.28 | L20: 32.58 | M20: 66.41 | N20: 781.3 | O20: 0 | P20: 0.62 | Q20: 9.38
... A32: 22/09/2025 24:00 | B32: 5.74 | C32: 10.21 | D32: 9.94 | E32: 4.53 | F32: 13.99 | G32: 47.09 | H32: 2.78 | I32: 1.62 | J32: 0.07 | K32: 252.39 | L32: 24.16 | M32: 98.32 | N32: 40.3 | O32: 0 | P32: 0.29 | Q32: 9.23
A34: Min | B34: =MIN(B9:B32) -> 4.86 | C34: =MIN(C9:C32) -> 7.46 | D34: =MIN(D9:D32) -> 9.94 | E34: =MIN(E9:E32) -> 4.53 | F34: =MIN(F9:F32) -> 8.69 | G34: =MIN(G9:G32) -> 20.38 | H34: =MIN(H9:H32) -> 1.91 | I34: =MIN(I9:I32) -> 1.47 | ... Q34: =MIN(Q9:Q32) -> 9.2
A35: Max | B35: =MAX(B9:B32) -> 26.25 | C35: =MAX(C9:C32) -> 35.14 | D35: =MAX(D9:D32) -> 36.19 | E35: =MAX(E9:E32) -> 7.83 | F35: =MAX(F9:F32) -> 22.14 | G35: =MAX(G9:G32) -> 110.19 | H35: =MAX(H9:H32) -> 6.47 | I35: =MAX(I9:I32) -> 2.35 | ... Q35: =MAX(Q9:Q32) -> 9.39
A36: Avg | B36: =AVERAGE(B9:B32) -> 13.5325 | C36: =AVERAGE(C9:C32) -> 16.825 | D36: =AVERAGE(D9:D32) -> 19.13125 | E36: =AVERAGE(E9:E32) -> 5.5833333 | F36: =AVERAGE(F9:F32) -> 14.847083 | G36: =AVERAGE(G9:G32) -> 63.0975 | H36: =AVERAGE(H9:H32) -> 3.4275 | I36: =AVERAGE(I9:I32) -> 1.8395833 | ... Q36: =AVERAGE(Q9:Q32) -> 9.2870833
A37: Stdev | B37: =STDEV(B9:B32) -> 6.7592656 | C37: =STDEV(C9:C32) -> 6.6113598 | D37: =STDEV(D9:D32) -> 6.9550397 | E37: =STDEV(E9:E32) -> 1.0561072 | F37: =STDEV(F9:F32) -> 4.2967576 | G37: =STDEV(G9:G32) -> 26.317782 | H37: =STDEV(H9:H32) -> 1.2614562 | I37: =STDEV(I9:I32) -> 0.24975604 | ... Q37: =STDEV(Q9:Q32) -> 0.055205479
A38: Num | B38: =COUNT(B9:B32) -> 24 | C38: =COUNT(C9:C32) -> 24 | D38: =COUNT(D9:D32) -> 24 | E38: =COUNT(E9:E32) -> 24 | F38: =COUNT(F9:F32) -> 24 | G38: =COUNT(G9:G32) -> 24 | H38: =COUNT(H9:H32) -> 24 | I38: =COUNT(I9:I32) -> 24 | ... Q38: =COUNT(Q9:Q32) -> 24
A39: DCR | B39: =IF(B38>=22,">90%",IF(B38<=22,"<90%")) -> >90% | C39: =IF(C38>=22,">90%",IF(C38<=22,"<90%")) -> >90% | D39: =IF(D38>=22,">90%",IF(D38<=22,"<90%")) -> >90% | E39: =IF(E38>=22,">90%",IF(E38<=22,"<90%")) -> >90% | F39: =IF(F38>=22,">90%",IF(F38<=22,"<90%")) -> >90% | G39: =IF(G38>=22,">90%",IF(G38<=22,"<90%")) -> >90% | H39: =IF(H38>=22,">90%",IF(H38<=22,"<90%")) -> >90% | I39: =IF(I38>=22,">90%",IF(I38<=22,"<90%")) -> >90% | ... Q39: =IF(Q38>=22,">90%",IF(Q38<=22,"<90%")) -> >90%
A40: Status | B40: =IF(B38>=22,"OK",IF(B38<=22,"LESS")) -> OK | C40: =IF(C38>=22,"OK",IF(C38<=22,"LESS")) -> OK | D40: =IF(D38>=22,"OK",IF(D38<=22,"LESS")) -> OK | E40: =IF(E38>=22,"OK",IF(E38<=22,"LESS")) -> OK | F40: =IF(F38>=22,"OK",IF(F38<=22,"LESS")) -> OK | G40: =IF(G38>=22,"OK",IF(G38<=22,"LESS")) -> OK | H40: =IF(H38>=22,"OK",IF(H38<=22,"LESS")) -> OK | I40: =IF(I38>=22,"OK",IF(I38<=22,"LESS")) -> OK | ... Q40: =IF(Q38>=22,"OK",IF(Q38<=22,"LESS")) -> OK
A43: Done by | B43: RAHUL
A45: Comment

Sheet 23
A1: Station: | B1: BHATAGAON RAIPUR
A2: Date: | B2: =$A$9 -> 23/09/2025 01:00 | D2: Power Off | G2: Pw.Off | L2: Link Fail | N2: Link F | P2: Maintenance | R2: Maint.
A3: Report Type: | B3: Mean | D3: Calibration | G3: Calib. | L3: Data Fail | N3: Data F | P3: Invalid | R3: Invalid
A4: Time Base: | B4: 01 Hour | D4: Zero Referrence | G4: Z.Ref | L4: Warm Up | N4: Wm. Up
A7: Date & Time | B7: NO_BHATAGAON | C7: NO2__BHATAGAON | D7: NOX_BHATAGAON | E7: SO2__BHATAGAON | F7: O3__BHATAGAON | G7: PM10__BHATAGAON | H7: PM2_5__BHATAGAON | I7: BENZ__BHATAGAON | J7: WS__BHATAGAON | K7: WD__BHATAGAON | L7: TEMP__BHATAGAON | M7: HUM__BHATAGAON | N7: SR__BHATAGAON | O7: RG__BHATAGAON | P7: CO__BHATAGAON | Q7: NH3__BHATAGAON
B8: ug/m3 | C8: ug/m3 | D8: ppb | E8: ug/m3 | F8: ug/m3 | G8: mg/m3 | H8: ug/m3 | I8: ug/m3 | J8: m/sec | K8: deg | L8: degreC | M8: % | N8: w/m2 | O8: mm | P8: ug/m3 | Q8: ug/m3
A9: 23/09/2025 01:00 | B9: 5.66 | C9: 9.6 | D9: 9.55 | E9: 3.93 | F9: 12.4 | G9: 37.14 | H9: 2 | I9: 1.59 | J9: 0.09 | K9: 263.28 | L9: 24 | M9: 98.34 | N9: 40.1 | O9: 0 | P9: 0.28 | Q9: 9.23
A10: 23/09/2025 02:00 | B10: 6.21 | C10: 8.29 | D10: 9.01 | E10: 3.94 | F10: 9.06 | G10: 32.15 | H10: 1.48 | I10: 1.54 | J10: 0.31 | K10: 282 | L10: 23.94 | M10: 98.32 | N10: 40.3 | O10: 0 | P10: 0.3 | Q10: 9.21
A11: 23/09/2025 03:00 | B11: 6.91 | C11: 7.79 | D11: 9.4 | E11: 3.74 | F11: 10.49 | G11: 33.21 | H11: 1.57 | I11: 1.49 | J11: 0.13 | K11: 306.68 | L11: 24.26 | M11: 98.33 | N11: 40 | O11: 0 | P11: 0.31 | Q11: 9.19
A12: 23/09/2025 04:00 | B12: 6.93 | C12: 8.94 | D12: 9.8 | E12: 3.69 | F12: 10.39 | G12: 25.72 | H12: 10.37 | I12: 1.43 | J12: 0.13 | K12: 312.3 | L12: 24.2 | M12: 98.35 | N12: 40 | O12: 0 | P12: 0.34 | Q12: 9.21
A13: 23/09/2025 05:00 | B13: 8.23 | C13: 11.75 | D13: 12.72 | E13: 3.92 | F13: 9.11 | G13: 25.37 | H13: 7.26 | I13: 1.45 | J13: 0.15 | K13: 312.43 | L13: 23.99 | M13: 98.35 | N13: 40.1 | O13: 0 | P13: 0.41 | Q13: 9.23
A14: 23/09/2025 06:00 | B14: 9.23 | C14: 11.96 | D14: 12.54 | E14: 3.75 | F14: 7.09 | G14: 30.22 | H14: 5.08 | I14: 1.62 | J14: 0.17 | K14: 303.6 | L14: 23.58 | M14: 98.31 | N14: 46.3 | O14: 0 | P14: 0.42 | Q14: 9.24
A15: 23/09/2025 07:00 | B15: 9.38 | C15: 11.64 | D15: 13.61 | E15: 3.7 | F15: 6.79 | G15: 37.91 | H15: 3.56 | I15: 1.95 | J15: 0.09 | K15: 316.03 | L15: 23.36 | M15: 98.29 | N15: 85.5 | O15: 0 | P15: 0.52 | Q15: 9.21
A16: 23/09/2025 08:00 | B16: 11.91 | C16: 10.2 | D16: 14.4 | E16: 4.9 | F16: 6.42 | G16: 34.3 | H16: 5.12 | I16: 2.21 | J16: 0.29 | K16: 317.77 | L16: 28.29 | M16: 98.29 | N16: 358.9 | O16: 0 | P16: 0.53 | Q16: 9.26
A17: 23/09/2025 09:00 | B17: 14.67 | C17: 13.29 | D17: 17.6 | E17: 5.81 | F17: 10.71 | G17: 51.36 | H17: 3.8 | I17: 2.52 | J17: 1.17 | K17: 335.71 | L17: 33.52 | M17: 82.62 | N17: 663.8 | O17: 0 | P17: 0.55 | Q17: 9.36
A18: 23/09/2025 10:00 | B18: 13.36 | C18: 14.88 | D18: 18.02 | E18: 6.14 | F18: 13.15 | G18: 60.31 | H18: 2.66 | I18: 2.55 | J18: 0.88 | K18: 333.25 | L18: 36.13 | M18: 60.71 | N18: 782.5 | O18: 0 | P18: 0.53 | Q18: 9.39
A19: 23/09/2025 11:00 | B19: 12.57 | C19: 18.88 | D19: 18.23 | E19: 6.06 | F19: 14.27 | G19: 72.59 | H19: 1.86 | I19: 2.45 | J19: 1.23 | K19: 334.62 | L19: 36.32 | M19: 60.26 | N19: 809.4 | O19: 0 | P19: 0.62 | Q19: 9.34
A20: 23/09/2025 12:00 | B20: 11.95 | C20: 19.6 | D20: 19.82 | E20: 6.63 | F20: 16.38 | G20: 76.3 | H20: 8.37 | I20: 2.06 | J20: 1.83 | K20: 337.54 | L20: 34.52 | M20: 57.81 | N20: 700.4 | O20: 0 | P20: 0.61 | Q20: 9.27
... A32: 23/09/2025 24:00 | B32: 11.32 | C32: 15.27 | D32: 16.15 | E32: 5.31 | F32: 7.51 | G32: 40.59 | H32: 7.49 | I32: 1.48 | J32: 0.15 | K32: 342.05 | L32: 25.13 | M32: 98.45 | N32: 67.1 | O32: 0 | P32: 0.66 | Q32: 9.27
A34: Min | B34: =MIN(B9:B32) -> 5.66 | C34: =MIN(C9:C32) -> 7.79 | D34: =MIN(D9:D32) -> 9.01 | E34: =MIN(E9:E32) -> 3.69 | F34: =MIN(F9:F32) -> 6.42 | G34: =MIN(G9:G32) -> 25.37 | H34: =MIN(H9:H32) -> 1.48 | I34: =MIN(I9:I32) -> 1.3 | ... Q34: =MIN(Q9:Q32) -> 9.19
A35: Max | B35: =MAX(B9:B32) -> 16.99 | C35: =MAX(C9:C32) -> 24.4 | D35: =MAX(D9:D32) -> 25.29 | E35: =MAX(E9:E32) -> 6.64 | F35: =MAX(F9:F32) -> 23.46 | G35: =MAX(G9:G32) -> 103.62 | H35: =MAX(H9:H32) -> 10.37 | I35: =MAX(I9:I32) -> 2.55 | ... Q35: =MAX(Q9:Q32) -> 9.39
A36: Avg | B36: =AVERAGE(B9:B32) -> 10.369167 | C36: =AVERAGE(C9:C32) -> 15.2675 | D36: =AVERAGE(D9:D32) -> 15.75375 | E36: =AVERAGE(E9:E32) -> 5.2595833 | F36: =AVERAGE(F9:F32) -> 12.55375 | G36: =AVERAGE(G9:G32) -> 53.660417 | H36: =AVERAGE(H9:H32) -> 5.0045833 | I36: =AVERAGE(I9:I32) -> 1.6570833 | ... Q36: =AVERAGE(Q9:Q32) -> 9.2675
A37: Stdev | B37: =STDEV(B9:B32) -> 3.0742223 | C37: =STDEV(C9:C32) -> 4.8400775 | D37: =STDEV(D9:D32) -> 4.3287942 | E37: =STDEV(E9:E32) -> 1.059132 | F37: =STDEV(F9:F32) -> 4.4212312 | G37: =STDEV(G9:G32) -> 22.484715 | H37: =STDEV(H9:H32) -> 2.5207693 | I37: =STDEV(I9:I32) -> 0.4009172 | ... Q37: =STDEV(Q9:Q32) -> 0.050238561
A38: Num | B38: =COUNT(B9:B32) -> 24 | C38: =COUNT(C9:C32) -> 24 | D38: =COUNT(D9:D32) -> 24 | E38: =COUNT(E9:E32) -> 24 | F38: =COUNT(F9:F32) -> 24 | G38: =COUNT(G9:G32) -> 24 | H38: =COUNT(H9:H32) -> 24 | I38: =COUNT(I9:I32) -> 24 | ... Q38: =COUNT(Q9:Q32) -> 24
A39: DCR | B39: =IF(B38>=22,">90%",IF(B38<=22,"<90%")) -> >90% | C39: =IF(C38>=22,">90%",IF(C38<=22,"<90%")) -> >90% | D39: =IF(D38>=22,">90%",IF(D38<=22,"<90%")) -> >90% | E39: =IF(E38>=22,">90%",IF(E38<=22,"<90%")) -> >90% | F39: =IF(F38>=22,">90%",IF(F38<=22,"<90%")) -> >90% | G39: =IF(G38>=22,">90%",IF(G38<=22,"<90%")) -> >90% | H39: =IF(H38>=22,">90%",IF(H38<=22,"<90%")) -> >90% | I39: =IF(I38>=22,">90%",IF(I38<=22,"<90%")) -> >90% | ... Q39: =IF(Q38>=22,">90%",IF(Q38<=22,"<90%")) -> >90%
A40: Status | B40: =IF(B38>=22,"OK",IF(B38<=22,"LESS")) -> OK | C40: =IF(C38>=22,"OK",IF(C38<=22,"LESS")) -> OK | D40: =IF(D38>=22,"OK",IF(D38<=22,"LESS")) -> OK | E40: =IF(E38>=22,"OK",IF(E38<=22,"LESS")) -> OK | F40: =IF(F38>=22,"OK",IF(F38<=22,"LESS")) -> OK | G40: =IF(G38>=22,"OK",IF(G38<=22,"LESS")) -> OK | H40: =IF(H38>=22,"OK",IF(H38<=22,"LESS")) -> OK | I40: =IF(I38>=22,"OK",IF(I38<=22,"LESS")) -> OK | ... Q40: =IF(Q38>=22,"OK",IF(Q38<=22,"LESS")) -> OK
A43: Done by | B43: RAHUL
A45: Comment

Sheet 24
A1: Station: | B1: BHATAGAON RAIPUR
A2: Date: | B2: =$A$9 -> 24/09/2025 01:00 | D2: Power Off | G2: Pw.Off | L2: Link Fail | N2: Link F | P2: Maintenance | R2: Maint.
A3: Report Type: | B3: Mean | D3: Calibration | G3: Calib. | L3: Data Fail | N3: Data F | P3: Invalid | R3: Invalid
A4: Time Base: | B4: 01 Hour | D4: Zero Referrence | G4: Z.Ref | L4: Warm Up | N4: Wm. Up
A7: Date & Time | B7: NO_BHATAGAON | C7: NO2__BHATAGAON | D7: NOX_BHATAGAON | E7: SO2__BHATAGAON | F7: O3__BHATAGAON | G7: PM10__BHATAGAON | H7: PM2_5__BHATAGAON | I7: BENZ__BHATAGAON | J7: WS__BHATAGAON | K7: WD__BHATAGAON | L7: TEMP__BHATAGAON | M7: HUM__BHATAGAON | N7: SR__BHATAGAON | O7: RG__BHATAGAON | P7: CO__BHATAGAON | Q7: NH3__BHATAGAON
B8: ug/m3 | C8: ug/m3 | D8: ppb | E8: ug/m3 | F8: ug/m3 | G8: mg/m3 | H8: ug/m3 | I8: ug/m3 | J8: m/sec | K8: deg | L8: degreC | M8: % | N8: w/m2 | O8: mm | P8: ug/m3 | Q8: ug/m3
A9: 24/09/2025 01:00 | B9: 8.5 | C9: 15.12 | D9: 13.92 | E9: 5.02 | F9: 8.4 | G9: 46.17 | H9: 8.56 | I9: 1.67 | J9: 0.12 | K9: 315.34 | L9: 25.16 | M9: 98.44 | N9: 66.6 | O9: 0 | P9: 0.66 | Q9: 9.25
A10: 24/09/2025 02:00 | B10: 8.11 | C10: 10.13 | D10: 11.41 | E10: 5.09 | F10: 9.75 | G10: 44.31 | H10: 8.43 | I10: 2.25 | J10: 0.18 | K10: 307.19 | L10: 24.76 | M10: 98.48 | N10: 67.1 | O10: 0 | P10: 0.55 | Q10: 9.25
A11: 24/09/2025 03:00 | B11: 8.8 | C11: 11.72 | D11: 13.18 | E11: 4.93 | F11: 8.93 | G11: 43.38 | H11: 5.9 | I11: 2.52 | J11: 0.17 | K11: 310.11 | L11: 24.67 | M11: 98.43 | N11: 67.3 | O11: 0 | P11: 0.71 | Q11: 9.25
A12: 24/09/2025 04:00 | B12: 8.26 | C12: 11.86 | D12: 12.82 | E12: 4.84 | F12: 9.04 | G12: 36.27 | H12: 4.13 | I12: 2.83 | J12: 0.21 | K12: 324.45 | L12: 24.15 | M12: 98.55 | N12: 66.8 | O12: 0 | P12: 0.74 | Q12: 9.26
A13: 24/09/2025 05:00 | B13: 7.3 | C13: 12.08 | D13: 11.74 | E13: 5.02 | F13: 7 | G13: 40.07 | H13: 3.45 | I13: 3 | J13: 0.36 | K13: 247.11 | L13: 23.31 | M13: 98.58 | N13: 67 | O13: 0 | P13: 0.73 | Q13: 9.21
A14: 24/09/2025 06:00 | B14: 8.27 | C14: 10.3 | D14: 11.85 | E14: 4.82 | F14: 7.76 | G14: 38.73 | H14: 3.5 | I14: 3.06 | J14: 0.07 | K14: 315.83 | L14: 23.07 | M14: 98.6 | N14: 71.6 | O14: 0 | P14: 0.61 | Q14: 9.22
A15: 24/09/2025 07:00 | B15: 16.7 | C15: 12.25 | D15: 19.79 | E15: 5.01 | F15: 8.57 | G15: 36.6 | H15: 2.66 | I15: 2.94 | J15: 0.2 | K15: 315.77 | L15: 23.33 | M15: 98.6 | N15: 94.3 | O15: 0 | P15: 0.62 | Q15: 9.28
A16: 24/09/2025 08:00 | B16: 14.37 | C16: 11.52 | D16: 16.25 | E16: 5.2 | F16: 8.02 | G16: 25.34 | H16: 5.55 | I16: 2.73 | J16: 0.11 | K16: 312.14 | L16: 23.35 | M16: 98.63 | N16: 85.5 | O16: 0 | P16: 0.75 | Q16: 9.31
A17: 24/09/2025 09:00 | B17: 19.34 | C17: 13.46 | D17: 22.54 | E17: 4.04 | F17: 7.57 | G17: 31.87 | H17: 3.89 | I17: 2.82 | J17: 0.18 | K17: 334.04 | L17: 23.25 | M17: 98.62 | N17: 72.6 | O17: 0 | P17: 1.01 | Q17: 9.32
A18: 24/09/2025 10:00 | B18: 18 | C18: 9.32 | D18: 18.93 | E18: 3.95 | F18: 6.76 | G18: 34.44 | H18: 2.72 | I18: 2.98 | J18: 0.35 | K18: 336.93 | L18: 23 | M18: 98.46 | N18: 75.1 | O18: 0 | P18: 0.8 | Q18: 9.38
A19: 24/09/2025 11:00 | B19: 16.47 | C19: 10.82 | D19: 18.86 | E19: 3.76 | F19: 10.77 | G19: 32.3 | H19: 1.91 | I19: 2.97 | J19: 0.65 | K19: 339.25 | L19: 22.52 | M19: 98.41 | N19: 85.9 | O19: 0 | P19: 0.7 | Q19: 9.4
A20: 24/09/2025 12:00 | B20: 16.89 | C20: 13.79 | D20: 20.75 | E20: 3.88 | F20: 10.62 | G20: 23.28 | H20: 2.8 | I20: 2.72 | J20: 1.21 | K20: 335.77 | L20: 22.34 | M20: 98.43 | N20: 96.4 | O20: 0.4 | P20: 0.68 | Q20: 9.44
... A32: 24/09/2025 24:00 | B32: 19.67 | C32: 9.43 | D32: 19.75 | E32: 4.48 | F32: 11.54 | G32: 33.6 | H32: 5.63 | I32: 2.71 | J32: 1.38 | K32: 347.54 | L32: 22.1 | M32: 98.58 | N32: 62 | O32: 3.2 | P32: 0.85 | Q32: 9.39
A34: Min | B34: =MIN(B9:B32) -> 7.3 | C34: =MIN(C9:C32) -> 9.02 | D34: =MIN(D9:D32) -> 11.41 | E34: =MIN(E9:E32) -> 3.7 | F34: =MIN(F9:F32) -> 3.76 | G34: =MIN(G9:G32) -> 12.79 | H34: =MIN(H9:H32) -> 1.91 | I34: =MIN(I9:I32) -> 1.67 | ... Q34: =MIN(Q9:Q32) -> 9.2
A35: Max | B35: =MAX(B9:B32) -> 49.32 | C35: =MAX(C9:C32) -> 18.7 | D35: =MAX(D9:D32) -> 48.61 | E35: =MAX(E9:E32) -> 5.2 | F35: =MAX(F9:F32) -> 11.54 | G35: =MAX(G9:G32) -> 46.17 | H35: =MAX(H9:H32) -> 8.56 | I35: =MAX(I9:I32) -> 3.06 | ... Q35: =MAX(Q9:Q32) -> 9.44
A36: Avg | B36: =AVERAGE(B9:B32) -> 16.3075 | C36: =AVERAGE(C9:C32) -> 12.608333 | D36: =AVERAGE(D9:D32) -> 19.294167 | E36: =AVERAGE(E9:E32) -> 4.4570833 | F36: =AVERAGE(F9:F32) -> 8.1054167 | G36: =AVERAGE(G9:G32) -> 30.0275 | H36: =AVERAGE(H9:H32) -> 4.10875 | I36: =AVERAGE(I9:I32) -> 2.6858333 | ... Q36: =AVERAGE(Q9:Q32) -> 9.3045833
A37: Stdev | B37: =STDEV(B9:B32) -> 8.7525391 | C37: =STDEV(C9:C32) -> 2.5883059 | D37: =STDEV(D9:D32) -> 7.8705538 | E37: =STDEV(E9:E32) -> 0.50901849 | F37: =STDEV(F9:F32) -> 1.903571 | G37: =STDEV(G9:G32) -> 9.1878806 | H37: =STDEV(H9:H32) -> 1.9553301 | I37: =STDEV(I9:I32) -> 0.30292655 | ... Q37: =STDEV(Q9:Q32) -> 0.072350546
A38: Num | B38: =COUNT(B9:B32) -> 24 | C38: =COUNT(C9:C32) -> 24 | D38: =COUNT(D9:D32) -> 24 | E38: =COUNT(E9:E32) -> 24 | F38: =COUNT(F9:F32) -> 24 | G38: =COUNT(G9:G32) -> 24 | H38: =COUNT(H9:H32) -> 24 | I38: =COUNT(I9:I32) -> 24 | ... Q38: =COUNT(Q9:Q32) -> 24
A39: DCR | B39: =IF(B38>=22,">90%",IF(B38<=22,"<90%")) -> >90% | C39: =IF(C38>=22,">90%",IF(C38<=22,"<90%")) -> >90% | D39: =IF(D38>=22,">90%",IF(D38<=22,"<90%")) -> >90% | E39: =IF(E38>=22,">90%",IF(E38<=22,"<90%")) -> >90% | F39: =IF(F38>=22,">90%",IF(F38<=22,"<90%")) -> >90% | G39: =IF(G38>=22,">90%",IF(G38<=22,"<90%")) -> >90% | H39: =IF(H38>=22,">90%",IF(H38<=22,"<90%")) -> >90% | I39: =IF(I38>=22,">90%",IF(I38<=22,"<90%")) -> >90% | ... Q39: =IF(Q38>=22,">90%",IF(Q38<=22,"<90%")) -> >90%
A40: Status | B40: =IF(B38>=22,"OK",IF(B38<=22,"LESS")) -> OK | C40: =IF(C38>=22,"OK",IF(C38<=22,"LESS")) -> OK | D40: =IF(D38>=22,"OK",IF(D38<=22,"LESS")) -> OK | E40: =IF(E38>=22,"OK",IF(E38<=22,"LESS")) -> OK | F40: =IF(F38>=22,"OK",IF(F38<=22,"LESS")) -> OK | G40: =IF(G38>=22,"OK",IF(G38<=22,"LESS")) -> OK | H40: =IF(H38>=22,"OK",IF(H38<=22,"LESS")) -> OK | I40: =IF(I38>=22,"OK",IF(I38<=22,"LESS")) -> OK | ... Q40: =IF(Q38>=22,"OK",IF(Q38<=22,"LESS")) -> OK
A43: Done by | B43: RAHUL
A45: Comment

Sheet 25
A1: Station: | B1: BHATAGAON RAIPUR
A2: Date: | B2: =$A$9 -> 25/09/2025 01:00 | D2: Power Off | G2: Pw.Off | L2: Link Fail | N2: Link F | P2: Maintenance | R2: Maint.
A3: Report Type: | B3: Mean | D3: Calibration | G3: Calib. | L3: Data Fail | N3: Data F | P3: Invalid | R3: Invalid
A4: Time Base: | B4: 01 Hour | D4: Zero Referrence | G4: Z.Ref | L4: Warm Up | N4: Wm. Up
A7: Date & Time | B7: NO_BHATAGAON | C7: NO2__BHATAGAON | D7: NOX_BHATAGAON | E7: SO2__BHATAGAON | F7: O3__BHATAGAON | G7: PM10__BHATAGAON | H7: PM2_5__BHATAGAON | I7: BENZ__BHATAGAON | J7: WS__BHATAGAON | K7: WD__BHATAGAON | L7: TEMP__BHATAGAON | M7: HUM__BHATAGAON | N7: SR__BHATAGAON | O7: RG__BHATAGAON | P7: CO__BHATAGAON | Q7: NH3__BHATAGAON
B8: ug/m3 | C8: ug/m3 | D8: ppb | E8: ug/m3 | F8: ug/m3 | G8: mg/m3 | H8: ug/m3 | I8: ug/m3 | J8: m/sec | K8: deg | L8: degreC | M8: % | N8: w/m2 | O8: mm | P8: ug/m3 | Q8: ug/m3
A9: 25/09/2025 01:00 | B9: 14.74 | C9: 12.64 | D9: 18.4 | E9: 4.6 | F9: 11.58 | G9: 25.35 | H9: 3.94 | I9: 2.55 | J9: 0.3 | K9: 350.04 | L9: 22.29 | M9: 98.55 | N9: 61.1 | O9: 0 | P9: 0.59 | Q9: 9.38
A10: 25/09/2025 02:00 | B10: 14.89 | C10: 13.02 | D10: 17.24 | E10: 4.65 | F10: 10.39 | G10: 25.89 | H10: 2.76 | I10: 2.4 | J10: 0.72 | K10: 343.06 | L10: 22.44 | M10: 98.45 | N10: 61.3 | O10: 0 | P10: 0.7 | Q10: 9.36
A11: 25/09/2025 03:00 | B11: 13.62 | C11: 10.88 | D11: 15.58 | E11: 4.66 | F11: 8.91 | G11: 29.88 | H11: 1.93 | I11: 2.27 | J11: 1.37 | K11: 339.49 | L11: 22.4 | M11: 98.48 | N11: 61.5 | O11: 0 | P11: 0.62 | Q11: 9.26
A12: 25/09/2025 04:00 | B12: 12.93 | C12: 8.37 | D12: 14.2 | E12: 4.37 | F12: 9.52 | G12: 21.58 | H12: 8.35 | I12: 2.12 | J12: 0.63 | K12: 334.67 | L12: 21.93 | M12: 98.5 | N12: 61.1 | O12: 0 | P12: 0.54 | Q12: 9.22
A13: 25/09/2025 05:00 | B13: 16.32 | C13: 17.43 | D13: 21.12 | E13: 4.34 | F13: 7.65 | G13: 15.11 | H13: 5.84 | I13: 2.08 | J13: 0.14 | K13: 341.58 | L13: 21.74 | M13: 98.49 | N13: 60.7 | O13: 0 | P13: 0.4 | Q13: 9.25
A14: 25/09/2025 06:00 | B14: 27.39 | C14: 15.5 | D14: 28.12 | E14: 4.44 | F14: 6.99 | G14: 27.63 | H14: 4.09 | I14: 1.93 | J14: 0.31 | K14: 337.45 | L14: 21.88 | M14: 98.52 | N14: 71.4 | O14: 0 | P14: 0.41 | Q14: 9.27
A15: 25/09/2025 07:00 | B15: 24.17 | C15: 13.26 | D15: 24.95 | E15: 4.56 | F15: 7.38 | G15: 26.65 | H15: 2.86 | I15: 1.86 | J15: 0.34 | K15: 343.92 | L15: 22.34 | M15: 98.47 | N15: 156.2 | O15: 0 | P15: 0.54 | Q15: 9.29
A16: 25/09/2025 08:00 | B16: 32.93 | C16: 12.96 | D16: 32.44 | E16: 4.3 | F16: 12.44 | G16: 21.4 | H16: 8.29 | I16: 1.89 | J16: 0.15 | K16: 318.68 | L16: 23.77 | M16: 98.5 | N16: 324 | O16: 0 | P16: 0.58 | Q16: 9.38
A17: 25/09/2025 09:00 | B17: 24.05 | C17: 15.31 | D17: 25.44 | E17: 4.26 | F17: 9.52 | G17: 29.06 | H17: 5.8 | I17: 1.9 | J17: 0.33 | K17: 359.98 | L17: 26.33 | M17: 98.57 | N17: 447.3 | O17: 0 | P17: 0.56 | Q17: 9.46
A18: 25/09/2025 10:00 | B18: 21.12 | C18: 13.51 | D18: 23.45 | E18: 4.74 | F18: 14.85 | G18: 29.73 | H18: 4.06 | I18: 1.85 | J18: 0.58 | K18: 338.34 | L18: 28.18 | M18: 98.37 | N18: 686.7 | O18: 0 | P18: 0.58 | Q18: 9.46
A19: 25/09/2025 11:00 | B19: 16.27 | C19: 22.01 | D19: 19.71 | E19: 4.89 | F19: 19.94 | G19: 29.63 | H19: 2.84 | I19: 1.83 | J19: 0.96 | K19: 332.45 | L19: 29.37 | M19: 93.89 | N19: 807.7 | O19: 0 | P19: 0.62 | Q19: 9.42
A20: 25/09/2025 12:00 | B20: 16.8 | C20: 22.34 | D20: 25.11 | E20: 4.88 | F20: 17.59 | G20: 21.33 | H20: 7.43 | I20: 1.61 | J20: 0.9 | K20: 334.43 | L20: 30.96 | M20: 85.22 | N20: 951 | O20: 0 | P20: 0.74 | Q20: 9.13
... A32: 25/09/2025 24:00 | B32: 26.44 | C32: 20.07 | D32: 31.69 | E32: 5.96 | F32: 9.18 | G32: 109.4 | H32: 4.36 | I32: 3.69 | J32: 0.65 | K32: 336.66 | L32: 24.92 | M32: 98.33 | N32: 43.8 | O32: 0 | P32: 1.15 | Q32: 9.62
A34: Min | B34: =MIN(B9:B32) -> 9.56 | C34: =MIN(C9:C32) -> 8.37 | D34: =MIN(D9:D32) -> 14.2 | E34: =MIN(E9:E32) -> 4.26 | F34: =MIN(F9:F32) -> 6.99 | G34: =MIN(G9:G32) -> 15.11 | H34: =MIN(H9:H32) -> 1.93 | I34: =MIN(I9:I32) -> 1.19 | ... Q34: =MIN(Q9:Q32) -> 9.11
A35: Max | B35: =MAX(B9:B32) -> 48.74 | C35: =MAX(C9:C32) -> 33.01 | D35: =MAX(D9:D32) -> 55.18 | E35: =MAX(E9:E32) -> 6.45 | F35: =MAX(F9:F32) -> 22.65 | G35: =MAX(G9:G32) -> 109.4 | H35: =MAX(H9:H32) -> 8.62 | I35: =MAX(I9:I32) -> 3.85 | ... Q35: =MAX(Q9:Q32) -> 9.63
A36: Avg | B36: =AVERAGE(B9:B32) -> 22.664583 | C36: =AVERAGE(C9:C32) -> 19.811667 | D36: =AVERAGE(D9:D32) -> 27.597083 | E36: =AVERAGE(E9:E32) -> 5.1920833 | F36: =AVERAGE(F9:F32) -> 13.34625 | G36: =AVERAGE(G9:G32) -> 41.500417 | H36: =AVERAGE(H9:H32) -> 4.9416667 | I36: =AVERAGE(I9:I32) -> 2.2525 | ... Q36: =AVERAGE(Q9:Q32) -> 9.3533333
A37: Stdev | B37: =STDEV(B9:B32) -> 10.728879 | C37: =STDEV(C9:C32) -> 7.3470371 | D37: =STDEV(D9:D32) -> 11.255569 | E37: =STDEV(E9:E32) -> 0.74872633 | F37: =STDEV(F9:F32) -> 4.9097993 | G37: =STDEV(G9:G32) -> 24.529053 | H37: =STDEV(H9:H32) -> 1.94118 | I37: =STDEV(I9:I32) -> 0.82586582 | ... Q37: =STDEV(Q9:Q32) -> 0.1752431
A38: Num | B38: =COUNT(B9:B32) -> 24 | C38: =COUNT(C9:C32) -> 24 | D38: =COUNT(D9:D32) -> 24 | E38: =COUNT(E9:E32) -> 24 | F38: =COUNT(F9:F32) -> 24 | G38: =COUNT(G9:G32) -> 24 | H38: =COUNT(H9:H32) -> 24 | I38: =COUNT(I9:I32) -> 24 | ... Q38: =COUNT(Q9:Q32) -> 24
A39: DCR | B39: =IF(B38>=22,">90%",IF(B38<=22,"<90%")) -> >90% | C39: =IF(C38>=22,">90%",IF(C38<=22,"<90%")) -> >90% | D39: =IF(D38>=22,">90%",IF(D38<=22,"<90%")) -> >90% | E39: =IF(E38>=22,">90%",IF(E38<=22,"<90%")) -> >90% | F39: =IF(F38>=22,">90%",IF(F38<=22,"<90%")) -> >90% | G39: =IF(G38>=22,">90%",IF(G38<=22,"<90%")) -> >90% | H39: =IF(H38>=22,">90%",IF(H38<=22,"<90%")) -> >90% | I39: =IF(I38>=22,">90%",IF(I38<=22,"<90%")) -> >90% | ... Q39: =IF(Q38>=22,">90%",IF(Q38<=22,"<90%")) -> >90%
A40: Status | B40: =IF(B38>=22,"OK",IF(B38<=22,"LESS")) -> OK | C40: =IF(C38>=22,"OK",IF(C38<=22,"LESS")) -> OK | D40: =IF(D38>=22,"OK",IF(D38<=22,"LESS")) -> OK | E40: =IF(E38>=22,"OK",IF(E38<=22,"LESS")) -> OK | F40: =IF(F38>=22,"OK",IF(F38<=22,"LESS")) -> OK | G40: =IF(G38>=22,"OK",IF(G38<=22,"LESS")) -> OK | H40: =IF(H38>=22,"OK",IF(H38<=22,"LESS")) -> OK | I40: =IF(I38>=22,"OK",IF(I38<=22,"LESS")) -> OK | ... Q40: =IF(Q38>=22,"OK",IF(Q38<=22,"LESS")) -> OK
A43: Done by | B43: RAHUL
A45: Comment

Sheet 26
A1: Station: | B1: BHATAGAON RAIPUR
A2: Date: | B2: =$A$9 -> 26/09/2025 01:00 | D2: Power Off | G2: Pw.Off | L2: Link Fail | N2: Link F | P2: Maintenance | R2: Maint.
A3: Report Type: | B3: Mean | D3: Calibration | G3: Calib. | L3: Data Fail | N3: Data F | P3: Invalid | R3: Invalid
A4: Time Base: | B4: 01 Hour | D4: Zero Referrence | G4: Z.Ref | L4: Warm Up | N4: Wm. Up
A7: Date & Time | B7: NO_BHATAGAON | C7: NO2__BHATAGAON | D7: NOX_BHATAGAON | E7: SO2__BHATAGAON | F7: O3__BHATAGAON | G7: PM10__BHATAGAON | H7: PM2_5__BHATAGAON | I7: BENZ__BHATAGAON | J7: WS__BHATAGAON | K7: WD__BHATAGAON | L7: TEMP__BHATAGAON | M7: HUM__BHATAGAON | N7: SR__BHATAGAON | O7: RG__BHATAGAON | P7: CO__BHATAGAON | Q7: NH3__BHATAGAON
B8: ug/m3 | C8: ug/m3 | D8: ppb | E8: ug/m3 | F8: ug/m3 | G8: mg/m3 | H8: ug/m3 | I8: ug/m3 | J8: m/sec | K8: deg | L8: degreC | M8: % | N8: w/m2 | O8: mm | P8: ug/m3 | Q8: ug/m3
A9: 26/09/2025 01:00 | B9: 21.36 | C9: 13.85 | D9: 21.6 | E9: 5.11 | F9: 9.52 | G9: 103.03 | H9: 3.13 | I9: 3.53 | J9: 0.71 | K9: 339.37 | L9: 24.48 | M9: 98.35 | N9: 44.2 | O9: 0 | P9: 1.07 | Q9: 9.58
A10: 26/09/2025 02:00 | B10: 20.84 | C10: 16.02 | D10: 22.26 | E10: 6.1 | F10: 8.88 | G10: 91.22 | H10: 2.97 | I10: 3.25 | J10: 1.15 | K10: 340.47 | L10: 24.26 | M10: 98.35 | N10: 44.1 | O10: 0 | P10: 1 | Q10: 9.54
A11: 26/09/2025 03:00 | B11: 17.42 | C11: 15.15 | D11: 21.67 | E11: 6.55 | F11: 9.38 | G11: 98.57 | H11: 2.95 | I11: 3.23 | J11: 1.17 | K11: 339.64 | L11: 24.01 | M11: 98.23 | N11: 44.3 | O11: 0 | P11: 0.94 | Q11: 9.51
A12: 26/09/2025 04:00 | B12: 15.4 | C12: 11.27 | D12: 17.99 | E12: 6.44 | F12: 9.83 | G12: 96.02 | H12: 5.31 | I12: 3.21 | J12: 0.94 | K12: 342.02 | L12: 23.74 | M12: 98.23 | N12: 44.1 | O12: 0.2 | P12: 0.61 | Q12: 9.46
A13: 26/09/2025 05:00 | B13: 27.5 | C13: 16.55 | D13: 30.66 | E13: 5.89 | F13: 8.35 | G13: 94.2 | H13: 4.06 | I13: 2.92 | J13: 0.81 | K13: 342.23 | L13: 23.66 | M13: 98.23 | N13: 44.1 | O13: 0 | P13: 0.74 | Q13: 9.4
A14: 26/09/2025 06:00 | B14: 22.34 | C14: 12.96 | D14: 23.32 | E14: 5.92 | F14: 7.37 | G14: 92.84 | H14: 4.32 | I14: 2.73 | J14: 0.61 | K14: 341.81 | L14: 23.69 | M14: 98.23 | N14: 52 | O14: 0 | P14: 0.75 | Q14: 9.43
A15: 26/09/2025 07:00 | B15: 28.57 | C15: 14.1 | D15: 29.02 | E15: 6.53 | F15: 8.58 | G15: 98.4 | H15: 3.58 | I15: 2.92 | J15: 0.64 | K15: 342.99 | L15: 24.66 | M15: 98.2 | N15: 94.9 | O15: 0 | P15: 0.93 | Q15: 9.51
A16: 26/09/2025 08:00 | B16: 36.39 | C16: 11.6 | D16: 35.22 | E16: 6.49 | F16: 8.35 | G16: 98.88 | H16: 4.27 | I16: 3.03 | J16: 0.74 | K16: 342.59 | L16: 27.04 | M16: 98.15 | N16: 219.2 | O16: 0 | P16: 0.9 | Q16: 9.57
A17: 26/09/2025 09:00 | B17: 29.69 | C17: 13.94 | D17: 29.87 | E17: 6.32 | F17: 10.29 | G17: 94.09 | H17: 2.99 | I17: 2.96 | J17: 0.59 | K17: 356.35 | L17: 27.99 | M17: 98.09 | N17: 534.7 | O17: 0 | P17: 0.7 | Q17: 9.57
A18: 26/09/2025 10:00 | B18: 25.14 | C18: 15.1 | D18: 27.41 | E18: 5.89 | F18: 9.04 | G18: 82.41 | H18: 2.15 | I18: 2.77 | J18: 0.75 | K18: 126.85 | L18: 30.67 | M18: 95.7 | N18: 662.4 | O18: 0 | P18: 0.59 | Q18: 9.58
A19: 26/09/2025 11:00 | B19: 18.04 | C19: 15.72 | D19: 22.38 | E19: 5.6 | F19: 12.34 | G19: 58.55 | H19: 2.31 | I19: 2.57 | J19: 1.06 | K19: 130.2 | L19: 31.2 | M19: 89.93 | N19: 910.1 | O19: 0 | P19: 0.58 | Q19: 9.57
A20: 26/09/2025 12:00 | B20: 18.52 | C20: 20.17 | D20: 23.36 | E20: 6.06 | F20: 16.57 | G20: 45.38 | H20: 3.5 | I20: 2.34 | J20: 0.51 | K20: 347.15 | L20: 32.16 | M20: 80 | N20: 867.1 | O20: 0 | P20: 0.59 | Q20: 9.5
... A32: 26/09/2025 24:00 | B32: 17.39 | C32: 16.46 | D32: 22.55 | E32: 4.95 | F32: 10.97 | G32: 33.56 | H32: 13.16 | I32: 1.6 | J32: 0.54 | K32: 343.5 | L32: 24.58 | M32: 98.08 | N32: 42.9 | O32: 1.2 | P32: 0.56 | Q32: 9.16
A34: Min | B34: =MIN(B9:B32) -> 9.26 | C34: =MIN(C9:C32) -> 11.27 | D34: =MIN(D9:D32) -> 14.15 | E34: =MIN(E9:E32) -> 4.66 | F34: =MIN(F9:F32) -> 7.37 | G34: =MIN(G9:G32) -> 33.56 | H34: =MIN(H9:H32) -> 2.15 | I34: =MIN(I9:I32) -> 1.59 | ... Q34: =MIN(Q9:Q32) -> 9.16
A35: Max | B35: =MAX(B9:B32) -> 36.39 | C35: =MAX(C9:C32) -> 23.78 | D35: =MAX(D9:D32) -> 35.22 | E35: =MAX(E9:E32) -> 7.37 | F35: =MAX(F9:F32) -> 46.05 | G35: =MAX(G9:G32) -> 103.03 | H35: =MAX(H9:H32) -> 13.16 | I35: =MAX(I9:I32) -> 3.53 | ... Q35: =MAX(Q9:Q32) -> 9.58
A36: Avg | B36: =AVERAGE(B9:B32) -> 17.991667 | C36: =AVERAGE(C9:C32) -> 16.962083 | D36: =AVERAGE(D9:D32) -> 22.323333 | E36: =AVERAGE(E9:E32) -> 5.845 | F36: =AVERAGE(F9:F32) -> 14.586667 | G36: =AVERAGE(G9:G32) -> 64.809167 | H36: =AVERAGE(H9:H32) -> 5.8429167 | I36: =AVERAGE(I9:I32) -> 2.3320833 | ... Q36: =AVERAGE(Q9:Q32) -> 9.3716667
A37: Stdev | B37: =STDEV(B9:B32) -> 7.2768003 | C37: =STDEV(C9:C32) -> 3.3334353 | D37: =STDEV(D9:D32) -> 5.0620624 | E37: =STDEV(E9:E32) -> 0.78951829 | F37: =STDEV(F9:F32) -> 8.7744876 | G37: =STDEV(G9:G32) -> 26.877052 | H37: =STDEV(H9:H32) -> 3.0243152 | I37: =STDEV(I9:I32) -> 0.68223405 | ... Q37: =STDEV(Q9:Q32) -> 0.16023533
A38: Num | B38: =COUNT(B9:B32) -> 24 | C38: =COUNT(C9:C32) -> 24 | D38: =COUNT(D9:D32) -> 24 | E38: =COUNT(E9:E32) -> 24 | F38: =COUNT(F9:F32) -> 24 | G38: =COUNT(G9:G32) -> 24 | H38: =COUNT(H9:H32) -> 24 | I38: =COUNT(I9:I32) -> 24 | ... Q38: =COUNT(Q9:Q32) -> 24
A39: DCR | B39: =IF(B38>=22,">90%",IF(B38<=22,"<90%")) -> >90% | C39: =IF(C38>=22,">90%",IF(C38<=22,"<90%")) -> >90% | D39: =IF(D38>=22,">90%",IF(D38<=22,"<90%")) -> >90% | E39: =IF(E38>=22,">90%",IF(E38<=22,"<90%")) -> >90% | F39: =IF(F38>=22,">90%",IF(F38<=22,"<90%")) -> >90% | G39: =IF(G38>=22,">90%",IF(G38<=22,"<90%")) -> >90% | H39: =IF(H38>=22,">90%",IF(H38<=22,"<90%")) -> >90% | I39: =IF(I38>=22,">90%",IF(I38<=22,"<90%")) -> >90% | ... Q39: =IF(Q38>=22,">90%",IF(Q38<=22,"<90%")) -> >90%
A40: Status | B40: =IF(B38>=22,"OK",IF(B38<=22,"LESS")) -> OK | C40: =IF(C38>=22,"OK",IF(C38<=22,"LESS")) -> OK | D40: =IF(D38>=22,"OK",IF(D38<=22,"LESS")) -> OK | E40: =IF(E38>=22,"OK",IF(E38<=22,"LESS")) -> OK | F40: =IF(F38>=22,"OK",IF(F38<=22,"LESS")) -> OK | G40: =IF(G38>=22,"OK",IF(G38<=22,"LESS")) -> OK | H40: =IF(H38>=22,"OK",IF(H38<=22,"LESS")) -> OK | I40: =IF(I38>=22,"OK",IF(I38<=22,"LESS")) -> OK | ... Q40: =IF(Q38>=22,"OK",IF(Q38<=22,"LESS")) -> OK
A43: Done by | B43: RAHUL
A45: Comment

Sheet 27
A1: Station: | B1: BHATAGAON RAIPUR
A2: Date: | B2: =$A$9 -> 27/09/2025 01:00 | D2: Power Off | G2: Pw.Off | L2: Link Fail | N2: Link F | P2: Maintenance | R2: Maint.
A3: Report Type: | B3: Mean | D3: Calibration | G3: Calib. | L3: Data Fail | N3: Data F | P3: Invalid | R3: Invalid
A4: Time Base: | B4: 01 Hour | D4: Zero Referrence | G4: Z.Ref | L4: Warm Up | N4: Wm. Up
A7: Date & Time | B7: NO_BHATAGAON | C7: NO2__BHATAGAON | D7: NOX_BHATAGAON | E7: SO2__BHATAGAON | F7: O3__BHATAGAON | G7: PM10__BHATAGAON | H7: PM2_5__BHATAGAON | I7: BENZ__BHATAGAON | J7: WS__BHATAGAON | K7: WD__BHATAGAON | L7: TEMP__BHATAGAON | M7: HUM__BHATAGAON | N7: SR__BHATAGAON | O7: RG__BHATAGAON | P7: CO__BHATAGAON | Q7: NH3__BHATAGAON
B8: ug/m3 | C8: ug/m3 | D8: ppb | E8: ug/m3 | F8: ug/m3 | G8: mg/m3 | H8: ug/m3 | I8: ug/m3 | J8: m/sec | K8: deg | L8: degreC | M8: % | N8: w/m2 | O8: mm | P8: ug/m3 | Q8: ug/m3
A9: 27/09/2025 01:00 | B9: 9.65 | C9: 13.08 | D9: 14.15 | E9: 4.86 | F9: 8.07 | G9: 29.82 | H9: 11.8 | I9: 1.56 | J9: 0.1 | K9: 278.42 | L9: 23.85 | M9: 98.05 | N9: 43 | O9: 1.6 | P9: 0.44 | Q9: 9.22
A10: 27/09/2025 02:00 | B10: 8.37 | C10: 11.62 | D10: 12.65 | E10: 4.72 | F10: 9.93 | G10: 27.25 | H10: 9.42 | I10: 1.51 | J10: 0.38 | K10: 324.47 | L10: 23.58 | M10: 98.03 | N10: 43.1 | O10: 0 | P10: 0.37 | Q10: 9.21
A11: 27/09/2025 03:00 | B11: 9.42 | C11: 9.47 | D11: 12.5 | E11: 4.65 | F11: 8.33 | G11: 19.52 | H11: 7.75 | I11: 1.46 | J11: 0.8 | K11: 339.34 | L11: 22.98 | M11: 98.02 | N11: 42.6 | O11: 0 | P11: 0.37 | Q11: 9.18
A12: 27/09/2025 04:00 | B12: 10.14 | C12: 12.18 | D12: 13.43 | E12: 4.42 | F12: 8.64 | G12: 21.72 | H12: 14.27 | I12: 1.5 | J12: 0.86 | K12: 337.95 | L12: 22.88 | M12: 98.05 | N12: 42.7 | O12: 0 | P12: 0.35 | Q12: 9.17
A13: 27/09/2025 05:00 | B13: 10.77 | C13: 9.28 | D13: 12.94 | E13: 4.39 | F13: 6.85 | G13: 16.5 | H13: 12.8 | I13: 1.49 | J13: 0.99 | K13: 338.44 | L13: 22.83 | M13: 98.07 | N13: 42.5 | O13: 0 | P13: 0.38 | Q13: 9.17
A14: 27/09/2025 06:00 | B14: 11.97 | C14: 8.6 | D14: 14.09 | E14: 4.35 | F14: 11.99 | G14: 27.73 | H14: 11.81 | I14: 1.45 | J14: 0.59 | K14: 342.74 | L14: 22.75 | M14: 98.08 | N14: 42.5 | O14: 0 | P14: 0.39 | Q14: 9.15
A15: 27/09/2025 07:00 | B15: 13.43 | C15: 9.57 | D15: 15.6 | E15: 3.89 | F15: 11.63 | G15: 23.43 | H15: 11.55 | I15: 1.49 | J15: 0.3 | K15: 302.51 | L15: 22.84 | M15: 98.05 | N15: 52 | O15: 0 | P15: 0.36 | Q15: 9.13
A16: 27/09/2025 08:00 | B16: 20.76 | C16: 10.4 | D16: 21.39 | E16: 4.82 | F16: 12.92 | G16: 16.43 | H16: 9.24 | I16: 1.46 | J16: 0.18 | K16: 274.26 | L16: 23.12 | M16: 98.07 | N16: 114.3 | O16: 0 | P16: 0.36 | Q16: 9.2
A17: 27/09/2025 09:00 | B17: 16.3 | C17: 10.32 | D17: 18.47 | E17: 4.89 | F17: 12.8 | G17: 11.49 | H17: 7.62 | I17: 1.44 | J17: 0.2 | K17: 313.85 | L17: 24.61 | M17: 98.05 | N17: 327.3 | O17: 0 | P17: 0.38 | Q17: 9.27
A18: 27/09/2025 10:00 | B18: 14.46 | C18: 8.69 | D18: 15.21 | E18: 5.15 | F18: 11.69 | G18: 8.04 | H18: 6.49 | I18: 1.44 | J18: 0.47 | K18: 139.25 | L18: 26.57 | M18: 97.92 | N18: 700.1 | O18: 0 | P18: 0.37 | Q18: 9.29
A19: 27/09/2025 11:00 | B19: 15.15 | C19: 8.09 | D19: 16.37 | E19: 5.16 | F19: 11.51 | G19: 5.63 | H19: 5.7 | I19: 1.41 | J19: 0.65 | K19: 330.96 | L19: 27.12 | M19: 97.84 | N19: 710.9 | O19: 0 | P19: 0.39 | Q19: 9.27
A20: 27/09/2025 12:00 | B20: 13.99 | C20: 9.68 | D20: 16.08 | E20: 5.06 | F20: 13.52 | G20: 3.94 | H20: 11.59 | I20: 1.4 | J20: 1.21 | K20: 131.78 | L20: 27.57 | M20: 97.86 | N20: 752.3 | O20: 0 | P20: 0.41 | Q20: 9.21
... A32: 27/09/2025 24:00 | B32: 7.72 | C32: 8.12 | D32: 10.44 | E32: 5.76 | F32: 9.17 | G32: 7.89 | H32: 7.12 | I32: 1.17 | J32: 0.46 | K32: 139.44 | L32: 24.23 | M32: 98.01 | N32: 47.9 | O32: 0 | P32: 0.26 | Q32: 9.11
A34: Min | B34: =MIN(B9:B32) -> 7.35 | C34: =MIN(C9:C32) -> 8.09 | D34: =MIN(D9:D32) -> 10.44 | E34: =MIN(E9:E32) -> 3.89 | F34: =MIN(F9:F32) -> 6.85 | G34: =MIN(G9:G32) -> 3.94 | H34: =MIN(H9:H32) -> 5.28 | I34: =MIN(I9:I32) -> 1.06 | ... Q34: =MIN(Q9:Q32) -> 9.05
A35: Max | B35: =MAX(B9:B32) -> 20.76 | C35: =MAX(C9:C32) -> 14.36 | D35: =MAX(D9:D32) -> 21.39 | E35: =MAX(E9:E32) -> 6.2 | F35: =MAX(F9:F32) -> 16.7 | G35: =MAX(G9:G32) -> 29.82 | H35: =MAX(H9:H32) -> 14.27 | I35: =MAX(I9:I32) -> 1.56 | ... Q35: =MAX(Q9:Q32) -> 9.29
A36: Avg | B36: =AVERAGE(B9:B32) -> 10.992917 | C36: =AVERAGE(C9:C32) -> 10.236667 | D36: =AVERAGE(D9:D32) -> 13.8575 | E36: =AVERAGE(E9:E32) -> 5.2641667 | F36: =AVERAGE(F9:F32) -> 11.014583 | G36: =AVERAGE(G9:G32) -> 14.85625 | H36: =AVERAGE(H9:H32) -> 9.0991667 | I36: =AVERAGE(I9:I32) -> 1.3458333 | ... Q36: =AVERAGE(Q9:Q32) -> 9.1570833
A37: Stdev | B37: =STDEV(B9:B32) -> 3.3450229 | C37: =STDEV(C9:C32) -> 1.6886518 | D37: =STDEV(D9:D32) -> 2.5588674 | E37: =STDEV(E9:E32) -> 0.6735107 | F37: =STDEV(F9:F32) -> 2.4046675 | G37: =STDEV(G9:G32) -> 7.4102466 | H37: =STDEV(H9:H32) -> 2.6162384 | I37: =STDEV(I9:I32) -> 0.14823356 | ... Q37: =STDEV(Q9:Q32) -> 0.069312096
A38: Num | B38: =COUNT(B9:B32) -> 24 | C38: =COUNT(C9:C32) -> 24 | D38: =COUNT(D9:D32) -> 24 | E38: =COUNT(E9:E32) -> 24 | F38: =COUNT(F9:F32) -> 24 | G38: =COUNT(G9:G32) -> 24 | H38: =COUNT(H9:H32) -> 24 | I38: =COUNT(I9:I32) -> 24 | ... Q38: =COUNT(Q9:Q32) -> 24
A39: DCR | B39: =IF(B38>=22,">90%",IF(B38<=22,"<90%")) -> >90% | C39: =IF(C38>=22,">90%",IF(C38<=22,"<90%")) -> >90% | D39: =IF(D38>=22,">90%",IF(D38<=22,"<90%")) -> >90% | E39: =IF(E38>=22,">90%",IF(E38<=22,"<90%")) -> >90% | F39: =IF(F38>=22,">90%",IF(F38<=22,"<90%")) -> >90% | G39: =IF(G38>=22,">90%",IF(G38<=22,"<90%")) -> >90% | H39: =IF(H38>=22,">90%",IF(H38<=22,"<90%")) -> >90% | I39: =IF(I38>=22,">90%",IF(I38<=22,"<90%")) -> >90% | ... Q39: =IF(Q38>=22,">90%",IF(Q38<=22,"<90%")) -> >90%
A40: Status | B40: =IF(B38>=22,"OK",IF(B38<=22,"LESS")) -> OK | C40: =IF(C38>=22,"OK",IF(C38<=22,"LESS")) -> OK | D40: =IF(D38>=22,"OK",IF(D38<=22,"LESS")) -> OK | E40: =IF(E38>=22,"OK",IF(E38<=22,"LESS")) -> OK | F40: =IF(F38>=22,"OK",IF(F38<=22,"LESS")) -> OK | G40: =IF(G38>=22,"OK",IF(G38<=22,"LESS")) -> OK | H40: =IF(H38>=22,"OK",IF(H38<=22,"LESS")) -> OK | I40: =IF(I38>=22,"OK",IF(I38<=22,"LESS")) -> OK | ... Q40: =IF(Q38>=22,"OK",IF(Q38<=22,"LESS")) -> OK
A43: Done by | B43: RAHUL
A45: Comment

Sheet 28
A1: Station: | B1: BHATAGAON RAIPUR
A2: Date: | B2: =$A$9 -> 28/09/2025 01:00 | D2: Power Off | G2: Pw.Off | L2: Link Fail | N2: Link F | P2: Maintenance | R2: Maint.
A3: Report Type: | B3: Mean | D3: Calibration | G3: Calib. | L3: Data Fail | N3: Data F | P3: Invalid | R3: Invalid
A4: Time Base: | B4: 01 Hour | D4: Zero Referrence | G4: Z.Ref | L4: Warm Up | N4: Wm. Up
A7: Date & Time | B7: NO_BHATAGAON | C7: NO2__BHATAGAON | D7: NOX_BHATAGAON | E7: SO2__BHATAGAON | F7: O3__BHATAGAON | G7: PM10__BHATAGAON | H7: PM2_5__BHATAGAON | I7: BENZ__BHATAGAON | J7: WS__BHATAGAON | K7: WD__BHATAGAON | L7: TEMP__BHATAGAON | M7: HUM__BHATAGAON | N7: SR__BHATAGAON | O7: RG__BHATAGAON | P7: CO__BHATAGAON | Q7: NH3__BHATAGAON
B8: ug/m3 | C8: ug/m3 | D8: ppb | E8: ug/m3 | F8: ug/m3 | G8: mg/m3 | H8: ug/m3 | I8: ug/m3 | J8: m/sec | K8: deg | L8: degreC | M8: % | N8: w/m2 | O8: mm | P8: ug/m3 | Q8: ug/m3
A9: 28/09/2025 01:00 | B9: 7.88 | C9: 6.77 | D9: 9.39 | E9: 4.79 | F9: 11.97 | G9: 8.48 | H9: 6.4 | I9: 1.12 | J9: 0.52 | K9: 127.6 | L9: 24.01 | M9: 98.03 | N9: 47.9 | O9: 0 | P9: 0.26 | Q9: 9.11
A10: 28/09/2025 02:00 | B10: 7.51 | C10: 6.37 | D10: 9.12 | E10: 4.84 | F10: 9.61 | G10: 15.03 | H10: 5.91 | I10: 1.05 | J10: 0.3 | K10: 143.74 | L10: 23.81 | M10: 98.07 | N10: 47.5 | O10: 0 | P10: 0.26 | Q10: 9.05
A11: 28/09/2025 03:00 | B11: 7.32 | C11: 6.5 | D11: 9.01 | E11: 4.92 | F11: 21.58 | G11: 14.27 | H11: 6.27 | I11: 0.96 | J11: 0.62 | K11: 124.04 | L11: 23.61 | M11: 98.05 | N11: 47.7 | O11: 0 | P11: 0.23 | Q11: 9.05
A12: 28/09/2025 04:00 | B12: 6.8 | C12: 6.62 | D12: 8.6 | E12: 4.73 | F12: 9.48 | G12: 10.23 | H12: 10.9 | I12: 0.9 | J12: 0.87 | K12: 125.11 | L12: 23.52 | M12: 98.05 | N12: 47.9 | O12: 0 | P12: 0.2 | Q12: 9.08
A13: 28/09/2025 05:00 | B13: 6.59 | C13: 6.9 | D13: 8.79 | E13: 4.95 | F13: 41.71 | G13: 7.16 | H13: 8.93 | I13: 0.88 | J13: 0.63 | K13: 113.12 | L13: 23.5 | M13: 98.06 | N13: 47.8 | O13: 0 | P13: 0.19 | Q13: 9.08
A14: 28/09/2025 06:00 | B14: 7.3 | C14: 7.75 | D14: 9.62 | E14: 4.99 | F14: 9.95 | G14: 5.01 | H14: 7.4 | I14: 0.85 | J14: 0.54 | K14: 113.04 | L14: 23.45 | M14: 98.08 | N14: 50.8 | O14: 0 | P14: 0.2 | Q14: 9.07
A15: 28/09/2025 07:00 | B15: 7.6 | C15: 7.74 | D15: 9.92 | E15: 4.89 | F15: 9.96 | G15: 6.47 | H15: 6.34 | I15: 0.8 | J15: 0.45 | K15: 142.31 | L15: 23.51 | M15: 98.05 | N15: 71.6 | O15: 0 | P15: 0.21 | Q15: 9.03
A16: 28/09/2025 08:00 | B16: 8.29 | C16: 8.16 | D16: 10.62 | E16: 4.85 | F16: 10.26 | G16: 5.02 | H16: 8.96 | I16: 0.81 | J16: 0.66 | K16: 115.2 | L16: 24.39 | M16: 98.04 | N16: 178.1 | O16: 0 | P16: 0.32 | Q16: 9.07
A17: 28/09/2025 09:00 | B17: 7.71 | C17: 7.74 | D17: 10.2 | E17: 4.33 | F17: 11.15 | G17: 3.61 | H17: 7.42 | I17: 0.82 | J17: 0.52 | K17: 149.37 | L17: 26.69 | M17: 97.96 | N17: 557.7 | O17: 0 | P17: 0.32 | Q17: 9.08
A18: 28/09/2025 10:00 | B18: 7.87 | C18: 7.02 | D18: 9.65 | E18: 4.28 | F18: 10.37 | G18: 2.53 | H18: 6.35 | I18: 0.83 | J18: 0.92 | K18: 150.88 | L18: 27.32 | M18: 97.55 | N18: 645.9 | O18: 0 | P18: 0.31 | Q18: 9.08
A19: 28/09/2025 11:00 | B19: 7.66 | C19: 7.42 | D19: 10.02 | E19: 4.24 | F19: 12.52 | G19: 7.39 | H19: 5.6 | I19: 0.85 | J19: 0.91 | K19: 161.18 | L19: 28.37 | M19: 93.45 | N19: 707.8 | O19: 0 | P19: 0.3 | Q19: 9.04
A20: 28/09/2025 12:00 | B20: 8.43 | C20: 8.92 | D20: 11.42 | E20: 4.29 | F20: 11.22 | G20: 5.32 | H20: 9.08 | I20: 0.93 | J20: 0.92 | K20: 143.65 | L20: 29.58 | M20: 86.7 | N20: 964.6 | O20: 0 | P20: 0.3 | Q20: 9.02
... A32: 28/09/2025 24:00 | B32: 7.43 | C32: 12.21 | D32: 11.37 | E32: 4.97 | F32: 10.74 | G32: 24.1 | H32: 9.74 | I32: 1.52 | J32: 0.22 | K32: 209.69 | L32: 25.09 | M32: 97.95 | N32: 45.2 | O32: 0 | P32: 0.33 | Q32: 9.16
A34: Min | B34: =MIN(B9:B32) -> 6.44 | C34: =MIN(C9:C32) -> 6.37 | D34: =MIN(D9:D32) -> 8.6 | E34: =MIN(E9:E32) -> 4.11 | F34: =MIN(F9:F32) -> 9.48 | G34: =MIN(G9:G32) -> 2.53 | H34: =MIN(H9:H32) -> 5.6 | I34: =MIN(I9:I32) -> 0.8 | ... Q34: =MIN(Q9:Q32) -> 9.01
A35: Max | B35: =MAX(B9:B32) -> 19.58 | C35: =MAX(C9:C32) -> 19.91 | D35: =MAX(D9:D32) -> 24.9 | E35: =MAX(E9:E32) -> 4.99 | F35: =MAX(F9:F32) -> 41.71 | G35: =MAX(G9:G32) -> 27.28 | H35: =MAX(H9:H32) -> 10.93 | I35: =MAX(I9:I32) -> 1.62 | ... Q35: =MAX(Q9:Q32) -> 9.16
A36: Avg | B36: =AVERAGE(B9:B32) -> 8.4870833 | C36: =AVERAGE(C9:C32) -> 10.873333 | D36: =AVERAGE(D9:D32) -> 12.217917 | E36: =AVERAGE(E9:E32) -> 4.54125 | F36: =AVERAGE(F9:F32) -> 13.568333 | G36: =AVERAGE(G9:G32) -> 11.427083 | H36: =AVERAGE(H9:H32) -> 7.96875 | I36: =AVERAGE(I9:I32) -> 1.0170833 | ... Q36: =AVERAGE(Q9:Q32) -> 9.0675
A37: Stdev | B37: =STDEV(B9:B32) -> 2.7510986 | C37: =STDEV(C9:C32) -> 4.8151858 | D37: =STDEV(D9:D32) -> 4.1630768 | E37: =STDEV(E9:E32) -> 0.30310441 | F37: =STDEV(F9:F32) -> 6.6886514 | G37: =STDEV(G9:G32) -> 7.2822378 | H37: =STDEV(H9:H32) -> 1.5072558 | I37: =STDEV(I9:I32) -> 0.24646155 | ... Q37: =STDEV(Q9:Q32) -> 0.037329322
A38: Num | B38: =COUNT(B9:B32) -> 24 | C38: =COUNT(C9:C32) -> 24 | D38: =COUNT(D9:D32) -> 24 | E38: =COUNT(E9:E32) -> 24 | F38: =COUNT(F9:F32) -> 24 | G38: =COUNT(G9:G32) -> 24 | H38: =COUNT(H9:H32) -> 24 | I38: =COUNT(I9:I32) -> 24 | ... Q38: =COUNT(Q9:Q32) -> 24
A39: DCR | B39: =IF(B38>=22,">90%",IF(B38<=22,"<90%")) -> >90% | C39: =IF(C38>=22,">90%",IF(C38<=22,"<90%")) -> >90% | D39: =IF(D38>=22,">90%",IF(D38<=22,"<90%")) -> >90% | E39: =IF(E38>=22,">90%",IF(E38<=22,"<90%")) -> >90% | F39: =IF(F38>=22,">90%",IF(F38<=22,"<90%")) -> >90% | G39: =IF(G38>=22,">90%",IF(G38<=22,"<90%")) -> >90% | H39: =IF(H38>=22,">90%",IF(H38<=22,"<90%")) -> >90% | I39: =IF(I38>=22,">90%",IF(I38<=22,"<90%")) -> >90% | ... Q39: =IF(Q38>=22,">90%",IF(Q38<=22,"<90%")) -> >90%
A40: Status | B40: =IF(B38>=22,"OK",IF(B38<=22,"LESS")) -> OK | C40: =IF(C38>=22,"OK",IF(C38<=22,"LESS")) -> OK | D40: =IF(D38>=22,"OK",IF(D38<=22,"LESS")) -> OK | E40: =IF(E38>=22,"OK",IF(E38<=22,"LESS")) -> OK | F40: =IF(F38>=22,"OK",IF(F38<=22,"LESS")) -> OK | G40: =IF(G38>=22,"OK",IF(G38<=22,"LESS")) -> OK | H40: =IF(H38>=22,"OK",IF(H38<=22,"LESS")) -> OK | I40: =IF(I38>=22,"OK",IF(I38<=22,"LESS")) -> OK | ... Q40: =IF(Q38>=22,"OK",IF(Q38<=22,"LESS")) -> OK
A43: Done by | B43: RAHUL
A45: Comment

Sheet 29
A1: Station: | B1: BHATAGAON RAIPUR
A2: Date: | B2: =$A$9 -> 29/09/2025 01:00 | D2: Power Off | G2: Pw.Off | L2: Link Fail | N2: Link F | P2: Maintenance | R2: Maint.
A3: Report Type: | B3: Mean | D3: Calibration | G3: Calib. | L3: Data Fail | N3: Data F | P3: Invalid | R3: Invalid
A4: Time Base: | B4: 01 Hour | D4: Zero Referrence | G4: Z.Ref | L4: Warm Up | N4: Wm. Up
A7: Date & Time | B7: NO_BHATAGAON | C7: NO2__BHATAGAON | D7: NOX_BHATAGAON | E7: SO2__BHATAGAON | F7: O3__BHATAGAON | G7: PM10__BHATAGAON | H7: PM2_5__BHATAGAON | I7: BENZ__BHATAGAON | J7: WS__BHATAGAON | K7: WD__BHATAGAON | L7: TEMP__BHATAGAON | M7: HUM__BHATAGAON | N7: SR__BHATAGAON | O7: RG__BHATAGAON | P7: CO__BHATAGAON | Q7: NH3__BHATAGAON
B8: ug/m3 | C8: ug/m3 | D8: ppb | E8: ug/m3 | F8: ug/m3 | G8: mg/m3 | H8: ug/m3 | I8: ug/m3 | J8: m/sec | K8: deg | L8: degreC | M8: % | N8: w/m2 | O8: mm | P8: ug/m3 | Q8: ug/m3
A9: 29/09/2025 01:00 | B9: 8.62 | C9: 7.29 | D9: 10.72 | E9: 5.1 | F9: 12.64 | G9: 21.21 | H9: 7.97 | I9: 1.41 | J9: 0.14 | K9: 332.87 | L9: 24.74 | M9: 98 | N9: 45.2 | O9: 0 | P9: 0.39 | Q9: 9.15
A10: 29/09/2025 02:00 | B10: 8.4 | C10: 6.78 | D10: 9.89 | E10: 5.17 | F10: 9.97 | G10: 16.21 | H10: 6.73 | I10: 1.3 | J10: 0.16 | K10: 324.14 | L10: 23.82 | M10: 98.05 | N10: 45.8 | O10: 0 | P10: 0.37 | Q10: 9.1
A11: 29/09/2025 03:00 | B11: 8.52 | C11: 5.74 | D11: 9.68 | E11: 5.09 | F11: 11.73 | G11: 14.66 | H11: 5.87 | I11: 1.17 | J11: 0.29 | K11: 317.45 | L11: 23.09 | M11: 98.03 | N11: 45.7 | O11: 0 | P11: 0.37 | Q11: 9.06
A12: 29/09/2025 04:00 | B12: 7.02 | C12: 5.98 | D12: 8.57 | E12: 4.87 | F12: 12.66 | G12: 10.49 | H12: 10.01 | I12: 1.09 | J12: 0.08 | K12: 308.61 | L12: 22.94 | M12: 98.03 | N12: 45.2 | O12: 0 | P12: 0.29 | Q12: 9.07
A13: 29/09/2025 05:00 | B13: 10.82 | C13: 9.53 | D13: 13.65 | E13: 5.23 | F13: 9.73 | G13: 13.66 | H13: 8.16 | I13: 1.18 | J13: 0.09 | K13: 288.86 | L13: 23.03 | M13: 98.03 | N13: 45.4 | O13: 0 | P13: 0.34 | Q13: 9.09
A14: 29/09/2025 06:00 | B14: 9.62 | C14: 9.1 | D14: 12.47 | E14: 5.1 | F14: 7.77 | G14: 10.21 | H14: 6.87 | I14: 1.22 | J14: 0.05 | K14: 309.68 | L14: 22.9 | M14: 98.07 | N14: 49.2 | O14: 0 | P14: 0.33 | Q14: 9.1
A15: 29/09/2025 07:00 | B15: 8.84 | C15: 8.43 | D15: 10.98 | E15: 4.86 | F15: 9.52 | G15: 9.3 | H15: 5.96 | I15: 1.23 | J15: 0.1 | K15: 178.63 | L15: 23.39 | M15: 98.12 | N15: 74.6 | O15: 0 | P15: 0.35 | Q15: 9.06
A16: 29/09/2025 08:00 | B16: 14.67 | C16: 10.7 | D16: 17.32 | E16: 5.15 | F16: 9.91 | G16: 6.66 | H16: 7.97 | I16: 1.22 | J16: 0.09 | K16: 352.46 | L16: 23.82 | M16: 98.34 | N16: 109.2 | O16: 0 | P16: 0.39 | Q16: 9.1
A17: 29/09/2025 09:00 | B17: 20.03 | C17: 10.57 | D17: 21.51 | E17: 4.62 | F17: 10.26 | G17: 4.66 | H17: 6.81 | I17: 1.24 | J17: 0.09 | K17: 358.19 | L17: 24.31 | M17: 98.02 | N17: 149.1 | O17: 0 | P17: 0.4 | Q17: 9.12
A18: 29/09/2025 10:00 | B18: 15.23 | C18: 9.71 | D18: 17.29 | E18: 4.72 | F18: 8.98 | G18: 11.74 | H18: 6.04 | I18: 1.24 | J18: 0.12 | K18: 285.73 | L18: 25.06 | M18: 97.98 | N18: 226 | O18: 0 | P18: 0.42 | Q18: 9.16
A19: 29/09/2025 11:00 | B19: 13.42 | C19: 8.85 | D19: 15.35 | E19: 4.73 | F19: 9.62 | G19: 12.87 | H19: 5.52 | I19: 1.25 | J19: 0.18 | K19: 322 | L19: 26.94 | M19: 97.93 | N19: 391.7 | O19: 0 | P19: 0.37 | Q19: 9.18
A20: 29/09/2025 12:00 | B20: 14.81 | C20: 10.95 | D20: 17.6 | E20: 4.79 | F20: 9.39 | G20: 16.41 | H20: 11.79 | I20: 1.27 | J20: 0.76 | K20: 337.89 | L20: 29.67 | M20: 95.19 | N20: 481 | O20: 0 | P20: 0.58 | Q20: 9.17
... A32: 29/09/2025 24:00 | B32: 6.89 | C32: 12.89 | D32: 12.11 | E32: 5.46 | F32: 8.91 | G32: 57.55 | H32: 7.87 | I32: 2.39 | J32: 0.51 | K32: 146.92 | L32: 24.47 | M32: 98.15 | N32: 45.2 | O32: 0 | P32: 0.52 | Q32: 9.16
A34: Min | B34: =MIN(B9:B32) -> 6.89 | C34: =MIN(C9:C32) -> 5.74 | D34: =MIN(D9:D32) -> 8.57 | E34: =MIN(E9:E32) -> 4.56 | F34: =MIN(F9:F32) -> 7.77 | G34: =MIN(G9:G32) -> 4.66 | H34: =MIN(H9:H32) -> 5.52 | I34: =MIN(I9:I32) -> 1.09 | ... Q34: =MIN(Q9:Q32) -> 9.06
A35: Max | B35: =MAX(B9:B32) -> 30.95 | C35: =MAX(C9:C32) -> 33.83 | D35: =MAX(D9:D32) -> 37.68 | E35: =MAX(E9:E32) -> 5.46 | F35: =MAX(F9:F32) -> 19.93 | G35: =MAX(G9:G32) -> 79.73 | H35: =MAX(H9:H32) -> 12.28 | I35: =MAX(I9:I32) -> 2.44 | ... Q35: =MAX(Q9:Q32) -> 9.23
A36: Avg | B36: =AVERAGE(B9:B32) -> 14.17625 | C36: =AVERAGE(C9:C32) -> 16.79375 | D36: =AVERAGE(D9:D32) -> 19.556667 | E36: =AVERAGE(E9:E32) -> 4.9304167 | F36: =AVERAGE(F9:F32) -> 11.91125 | G36: =AVERAGE(G9:G32) -> 37.404167 | H36: =AVERAGE(H9:H32) -> 7.8358333 | I36: =AVERAGE(I9:I32) -> 1.6858333 | ... Q36: =AVERAGE(Q9:Q32) -> 9.14125
A37: Stdev | B37: =STDEV(B9:B32) -> 6.1796622 | C37: =STDEV(C9:C32) -> 9.4436875 | D37: =STDEV(D9:D32) -> 8.4515754 | E37: =STDEV(E9:E32) -> 0.25637064 | F37: =STDEV(F9:F32) -> 3.1772223 | G37: =STDEV(G9:G32) -> 27.972196 | H37: =STDEV(H9:H32) -> 1.87196 | I37: =STDEV(I9:I32) -> 0.49566746 | ... Q37: =STDEV(Q9:Q32) -> 0.045426721
A38: Num | B38: =COUNT(B9:B32) -> 24 | C38: =COUNT(C9:C32) -> 24 | D38: =COUNT(D9:D32) -> 24 | E38: =COUNT(E9:E32) -> 24 | F38: =COUNT(F9:F32) -> 24 | G38: =COUNT(G9:G32) -> 24 | H38: =COUNT(H9:H32) -> 24 | I38: =COUNT(I9:I32) -> 24 | ... Q38: =COUNT(Q9:Q32) -> 24
A39: DCR | B39: =IF(B38>=22,">90%",IF(B38<=22,"<90%")) -> >90% | C39: =IF(C38>=22,">90%",IF(C38<=22,"<90%")) -> >90% | D39: =IF(D38>=22,">90%",IF(D38<=22,"<90%")) -> >90% | E39: =IF(E38>=22,">90%",IF(E38<=22,"<90%")) -> >90% | F39: =IF(F38>=22,">90%",IF(F38<=22,"<90%")) -> >90% | G39: =IF(G38>=22,">90%",IF(G38<=22,"<90%")) -> >90% | H39: =IF(H38>=22,">90%",IF(H38<=22,"<90%")) -> >90% | I39: =IF(I38>=22,">90%",IF(I38<=22,"<90%")) -> >90% | ... Q39: =IF(Q38>=22,">90%",IF(Q38<=22,"<90%")) -> >90%
A40: Status | B40: =IF(B38>=22,"OK",IF(B38<=22,"LESS")) -> OK | C40: =IF(C38>=22,"OK",IF(C38<=22,"LESS")) -> OK | D40: =IF(D38>=22,"OK",IF(D38<=22,"LESS")) -> OK | E40: =IF(E38>=22,"OK",IF(E38<=22,"LESS")) -> OK | F40: =IF(F38>=22,"OK",IF(F38<=22,"LESS")) -> OK | G40: =IF(G38>=22,"OK",IF(G38<=22,"LESS")) -> OK | H40: =IF(H38>=22,"OK",IF(H38<=22,"LESS")) -> OK | I40: =IF(I38>=22,"OK",IF(I38<=22,"LESS")) -> OK | ... Q40: =IF(Q38>=22,"OK",IF(Q38<=22,"LESS")) -> OK
A43: Done by | B43: RAHUL
A45: Comment

Sheet 30
A1: Station: | B1: BHATAGAON RAIPUR
A2: Date: | B2: =$A$9 -> 30/09/2025 01:00 | D2: Power Off | G2: Pw.Off | L2: Link Fail | N2: Link F | P2: Maintenance | R2: Maint.
A3: Report Type: | B3: Mean | D3: Calibration | G3: Calib. | L3: Data Fail | N3: Data F | P3: Invalid | R3: Invalid
A4: Time Base: | B4: 01 Hour | D4: Zero Referrence | G4: Z.Ref | L4: Warm Up | N4: Wm. Up
A7: Date & Time | B7: NO_BHATAGAON | C7: NO2__BHATAGAON | D7: NOX_BHATAGAON | E7: SO2__BHATAGAON | F7: O3__BHATAGAON | G7: PM10__BHATAGAON | H7: PM2_5__BHATAGAON | I7: BENZ__BHATAGAON | J7: WS__BHATAGAON | K7: WD__BHATAGAON | L7: TEMP__BHATAGAON | M7: HUM__BHATAGAON | N7: SR__BHATAGAON | O7: RG__BHATAGAON | P7: CO__BHATAGAON | Q7: NH3__BHATAGAON
B8: ug/m3 | C8: ug/m3 | D8: ppb | E8: ug/m3 | F8: ug/m3 | G8: mg/m3 | H8: ug/m3 | I8: ug/m3 | J8: m/sec | K8: deg | L8: degreC | M8: % | N8: w/m2 | O8: mm | P8: ug/m3 | Q8: ug/m3
A9: 30/09/2025 01:00 | B9: 6.69 | C9: 11.97 | D9: 11.37 | E9: 5.24 | F9: 8.88 | G9: 42.28 | H9: 6.66 | I9: 2.28 | J9: 0.45 | K9: 156.58 | L9: 24.42 | M9: 98.17 | N9: 45.3 | O9: 0 | P9: 0.42 | Q9: 9.16
A10: 30/09/2025 02:00 | B10: 6.22 | C10: 8.89 | D10: 9.44 | E10: 5.16 | F10: 9 | G10: 35.9 | H10: 5.88 | I10: 2.13 | J10: 0.41 | K10: 142.94 | L10: 24.35 | M10: 98.18 | N10: 45.6 | O10: 0 | P10: 0.44 | Q10: 9.09
A11: 30/09/2025 03:00 | B11: 6.42 | C11: 7.59 | D11: 9.09 | E11: 5 | F11: 10.34 | G11: 33.39 | H11: 6.45 | I11: 1.99 | J11: 0.12 | K11: 309.96 | L11: 24.22 | M11: 98.21 | N11: 45.4 | O11: 0 | P11: 0.44 | Q11: 9.08
A12: 30/09/2025 04:00 | B12: 9.39 | C12: 7.93 | D12: 11.67 | E12: 5.22 | F12: 11.06 | G12: 22.52 | H12: 12.25 | I12: 1.85 | J12: 0.21 | K12: 315.81 | L12: 24.01 | M12: 98.18 | N12: 45.3 | O12: 0 | P12: 0.39 | Q12: 9.12
A13: 30/09/2025 05:00 | B13: 10.14 | C13: 10.48 | D13: 12.81 | E13: 5.21 | F13: 9.77 | G13: 24.15 | H13: 9.73 | I13: 1.71 | J13: 0.32 | K13: 323.25 | L13: 23.73 | M13: 98.26 | N13: 45.2 | O13: 0 | P13: 0.46 | Q13: 9.12
A14: 30/09/2025 06:00 | B14: 13.68 | C14: 12.74 | D14: 17.62 | E14: 5.43 | F14: 9.05 | G14: 26.4 | H14: 7.97 | I14: 1.88 | J14: 0.12 | K14: 317.73 | L14: 23.56 | M14: 98.17 | N14: 50.1 | O14: 0 | P14: 0.42 | Q14: 9.1
A15: 30/09/2025 07:00 | B15: 25.83 | C15: 10.24 | D15: 25.88 | E15: 5.12 | F15: 8.12 | G15: 31.17 | H15: 6.73 | I15: 2.26 | J15: 0.54 | K15: 350.08 | L15: 27.02 | M15: 98.13 | N15: 202.6 | O15: 0.2 | P15: 0.56 | Q15: 9.14
A16: 30/09/2025 08:00 | B16: 20.19 | C16: 9.56 | D16: 21.14 | E16: 4.98 | F16: 12.65 | G16: 34.57 | H16: 14.6 | I16: 2.33 | J16: 0.55 | K16: 339.25 | L16: 31.89 | M16: 97.05 | N16: 433.7 | O16: 0 | P16: 0.46 | Q16: 9.22
A17: 30/09/2025 09:00 | B17: 16.77 | C17: 10.18 | D17: 18.73 | E17: 4.93 | F17: 12.7 | G17: 33.54 | H17: 11.38 | I17: 2.24 | J17: 0.8 | K17: 337.73 | L17: 34.13 | M17: 74.01 | N17: 712.6 | O17: 0 | P17: 0.46 | Q17: 9.25
A18: 30/09/2025 10:00 | B18: 14.54 | C18: 8.83 | D18: 15.8 | E18: 5.29 | F18: 10.72 | G18: 35.67 | H18: 9.12 | I18: 2.2 | J18: 1.15 | K18: 333.86 | L18: 34.43 | M18: 65.17 | N18: 796 | O18: 0 | P18: 0.46 | Q18: 9.24
A19: 30/09/2025 11:00 | B19: 14.11 | C19: 13.94 | D19: 17.91 | E19: 4.85 | F19: 18.06 | G19: 38.84 | H19: 7.54 | I19: 1.8 | J19: 0.92 | K19: 339.37 | L19: 34.11 | M19: 72.26 | N19: 464.1 | O19: 0 | P19: 0.54 | Q19: 9.18
A20: 30/09/2025 12:00 | B20: 13.73 | C20: 14.85 | D20: 17.8 | E20: 5.15 | F20: 16.78 | G20: 35.93 | H20: 7.86 | I20: 1.69 | J20: 1.11 | K20: 338.24 | L20: 34.08 | M20: 70.54 | N20: 896.1 | O20: 0 | P20: 0.54 | Q20: 9.16
... A32: 30/09/2025 24:00 | B32: 11.36 | C32: 12.82 | D32: 15.8 | E32: 4.93 | F32: 11.43 | G32: 76.43 | H32: 7.55 | I32: 4.19 | J32: 0.39 | K32: 252.18 | L32: 24.04 | M32: 98.13 | N32: 54.4 | O32: 0 | P32: 0.97 | Q32: 9.3
A34: Min | B34: =MIN(B9:B32) -> 6.22 | C34: =MIN(C9:C32) -> 7.59 | D34: =MIN(D9:D32) -> 9.09 | E34: =MIN(E9:E32) -> 4.85 | F34: =MIN(F9:F32) -> 8.12 | G34: =MIN(G9:G32) -> 22.52 | H34: =MIN(H9:H32) -> 5.76 | I34: =MIN(I9:I32) -> 1.35 | ... Q34: =MIN(Q9:Q32) -> 9.07
A35: Max | B35: =MAX(B9:B32) -> 27.96 | C35: =MAX(C9:C32) -> 39.98 | D35: =MAX(D9:D32) -> 39.53 | E35: =MAX(E9:E32) -> 5.45 | F35: =MAX(F9:F32) -> 199.38 | G35: =MAX(G9:G32) -> 85.65 | H35: =MAX(H9:H32) -> 14.6 | I35: =MAX(I9:I32) -> 4.19 | ... Q35: =MAX(Q9:Q32) -> 9.3
A36: Avg | B36: =AVERAGE(B9:B32) -> 15.495833 | C36: =AVERAGE(C9:C32) -> 17.111667 | D36: =AVERAGE(D9:D32) -> 20.757083 | E36: =AVERAGE(E9:E32) -> 5.1454167 | F36: =AVERAGE(F9:F32) -> 20.9875 | G36: =AVERAGE(G9:G32) -> 48.08125 | H36: =AVERAGE(H9:H32) -> 8.3079167 | I36: =AVERAGE(I9:I32) -> 2.15375 | ... Q36: =AVERAGE(Q9:Q32) -> 9.1708333
A37: Stdev | B37: =STDEV(B9:B32) -> 6.1911008 | C37: =STDEV(C9:C32) -> 8.8914217 | D37: =STDEV(D9:D32) -> 8.2933716 | E37: =STDEV(E9:E32) -> 0.17975779 | F37: =STDEV(F9:F32) -> 38.272637 | G37: =STDEV(G9:G32) -> 18.220999 | H37: =STDEV(H9:H32) -> 2.1123858 | I37: =STDEV(I9:I32) -> 0.76996788 | ... Q37: =STDEV(Q9:Q32) -> 0.066588723
A38: Num | B38: =COUNT(B9:B32) -> 24 | C38: =COUNT(C9:C32) -> 24 | D38: =COUNT(D9:D32) -> 24 | E38: =COUNT(E9:E32) -> 24 | F38: =COUNT(F9:F32) -> 24 | G38: =COUNT(G9:G32) -> 24 | H38: =COUNT(H9:H32) -> 24 | I38: =COUNT(I9:I32) -> 24 | ... Q38: =COUNT(Q9:Q32) -> 24
A39: DCR | B39: =IF(B38>=22,">90%",IF(B38<=22,"<90%")) -> >90% | C39: =IF(C38>=22,">90%",IF(C38<=22,"<90%")) -> >90% | D39: =IF(D38>=22,">90%",IF(D38<=22,"<90%")) -> >90% | E39: =IF(E38>=22,">90%",IF(E38<=22,"<90%")) -> >90% | F39: =IF(F38>=22,">90%",IF(F38<=22,"<90%")) -> >90% | G39: =IF(G38>=22,">90%",IF(G38<=22,"<90%")) -> >90% | H39: =IF(H38>=22,">90%",IF(H38<=22,"<90%")) -> >90% | I39: =IF(I38>=22,">90%",IF(I38<=22,"<90%")) -> >90% | ... Q39: =IF(Q38>=22,">90%",IF(Q38<=22,"<90%")) -> >90%
A40: Status | B40: =IF(B38>=22,"OK",IF(B38<=22,"LESS")) -> OK | C40: =IF(C38>=22,"OK",IF(C38<=22,"LESS")) -> OK | D40: =IF(D38>=22,"OK",IF(D38<=22,"LESS")) -> OK | E40: =IF(E38>=22,"OK",IF(E38<=22,"LESS")) -> OK | F40: =IF(F38>=22,"OK",IF(F38<=22,"LESS")) -> OK | G40: =IF(G38>=22,"OK",IF(G38<=22,"LESS")) -> OK | H40: =IF(H38>=22,"OK",IF(H38<=22,"LESS")) -> OK | I40: =IF(I38>=22,"OK",IF(I38<=22,"LESS")) -> OK | ... Q40: =IF(Q38>=22,"OK",IF(Q38<=22,"LESS")) -> OK
A43: Done by | B43: RAHUL
A45: Comment

Sheet MONTHLY 30
A1: Station: | B1: BHATAGAON RAIPUR
A2: Date: | B2: =$A$9 -> 01/09/2025 01:00 | D2: Power Off | G2: Pw.Off | L2: Link Fail | N2: Link F | P2: Maintenance | R2: Maint.
A3: Report Type: | B3: Mean | D3: Calibration | G3: Calib. | L3: Data Fail | N3: Data F | P3: Invalid | R3: Invalid
A4: Time Base: | B4: 24 HRS | D4: Zero Referrence | G4: Z.Ref | L4: Warm Up | N4: Wm. Up
A7: Date & Time | B7: NO_BHATAGAON | C7: NO2__BHATAGAON | D7: NOX_BHATAGAON | E7: SO2__BHATAGAON | F7: O3__BHATAGAON | G7: PM10__BHATAGAON | H7: PM2_5__BHATAGAON | I7: BENZ__BHATAGAON | J7: WS__BHATAGAON | K7: WD__BHATAGAON | L7: TEMP__BHATAGAON | M7: HUM__BHATAGAON | N7: SR__BHATAGAON | O7: RG__BHATAGAON | P7: CO__BHATAGAON | Q7: NH3__BHATAGAON
B8: ug/m3 | C8: ug/m3 | D8: ppb | E8: ug/m3 | F8: ug/m3 | G8: mg/m3 | H8: ug/m3 | I8: ug/m3 | J8: m/sec | K8: deg | L8: degreC | M8: % | N8: w/m2 | O8: mm | P8: ug/m3 | Q8: ug/m3
A9: ='01'!$B$2 -> 01/09/2025 01:00 | B9: ='01'!B36 -> 10.71625 | C9: ='01'!C36 -> 11.541667 | D9: ='01'!D36 -> 14.199583 | E9: ='01'!E36 -> 4.1804167 | F9: ='01'!F36 -> 7.29875 | G9: ='01'!G36 -> 36.508696 | H9: ='01'!H36 -> 319.11238 | I9: ='01'!I36 -> 1.3275 | ... O9: ='01'!O36 -> 0.125 | P9: ='01'!$P$36 -> 0.5225 | Q9: ='01'!Q36 -> 9.5725
A10: ='02'!$B$2 -> 02/09/2025 01:00 | B10: ='02'!B36 -> 14.436667 | C10: ='02'!C36 -> 11.928333 | D10: ='02'!D36 -> 17.654583 | E10: ='02'!E36 -> 5.0675 | F10: ='02'!F36 -> 7.2379167 | G10: ='02'!G36 -> 32.816667 | H10: ='02'!H36 -> 1.6504167 | I10: ='02'!I36 -> 1.40125 | ... O10: ='02'!O36 -> 0.041666667 | P10: ='02'!$P$36 -> 0.57041667 | Q10: ='02'!Q36 -> 9.6179167
A11: ='03'!$B$2 -> 03/09/2025 01:00 | B11: ='03'!B36 -> 13.8575 | C11: ='03'!C36 -> 13.789583 | D11: ='03'!D36 -> 17.663333 | E11: ='03'!E36 -> 4.5975 | F11: ='03'!F36 -> 9.1516667 | G11: ='03'!G36 -> 39.6425 | H11: ='03'!H36 -> 15.509583 | I11: ='03'!I36 -> 1.3991667 | ... O11: ='03'!O36 -> 0.016666667 | P11: ='03'!$P$36 -> 0.68625 | Q11: ='03'!Q36 -> 9.61
A12: ='04'!$B$2 -> 04/09/2025 01:00 | B12: ='04'!B36 -> 8.6166667 | C12: ='04'!C36 -> 8.3070833 | D12: ='04'!D36 -> 11.117917 | E12: ='04'!E36 -> 4.7291667 | F12: ='04'!F36 -> 6.0541667 | G12: ='04'!G36 -> 20.602083 | H12: ='04'!H36 -> 5.9816667 | I12: ='04'!I36 -> 1.2216667 | ... O12: ='04'!O36 -> 0 | P12: ='04'!$P$36 -> 0.37458333 | Q12: ='04'!Q36 -> 9.5608333
A13: ='05'!$B$2 -> 05/09/2025 01:00 | B13: ='05'!B36 -> 9.01375 | C13: ='05'!C36 -> 9.1054167 | D13: ='05'!D36 -> 11.784167 | E13: ='05'!E36 -> 5.375 | F13: ='05'!F36 -> 8.6254167 | G13: ='05'!G36 -> 24.08125 | H13: ='05'!H36 -> 6.8275 | I13: ='05'!I36 -> 0.85625 | ... O13: ='05'!O36 -> 0.0083333333 | P13: ='05'!$P$36 -> 0.29958333 | Q13: ='05'!Q36 -> 9.5479167
A14: ='06'!$B$2 -> 06/09/2025 01:00 | B14: ='06'!B36 -> 11.02625 | C14: ='06'!C36 -> 11.28625 | D14: ='06'!D36 -> 14.179583 | E14: ='06'!E36 -> 5.025 | F14: ='06'!F36 -> 9.9508333 | G14: ='06'!G36 -> 34.39875 | H14: ='06'!H36 -> 7.2979167 | I14: ='06'!I36 -> 1.0058333 | ... O14: ='06'!O36 -> 0.0083333333 | P14: ='06'!$P$36 -> 0.37708333 | Q14: ='06'!Q36 -> 9.57375
A15: ='07'!$B$2 -> 07/09/2025 01:00 | B15: ='07'!B36 -> 9.4882609 | C15: ='07'!C36 -> 10.133913 | D15: ='07'!D36 -> 12.607826 | E15: ='07'!E36 -> 4.7273913 | F15: ='07'!F36 -> 8.793913 | G15: ='07'!G36 -> 35.634783 | H15: ='07'!H36 -> 8.4426087 | I15: ='07'!I36 -> 1.3717391 | ... Q15: ='07'!Q36 -> 9.5373913
