Workbook

Sheet 01
A1: Station: | B1: BHATAGAON RAIPUR
A2: Date: | B2: =$A$9 -> 01/11/2024 00:15 | D2: Power Off | G2: Pw.Off | L2: Link Fail | N2: Link F | P2: Maintenance | R2: Maint.
A3: Report Type: | B3: Mean | D3: Calibration | G3: Calib. | L3: Data Fail | N3: Data F | P3: Invalid | R3: Invalid
A4: Time Base: | B4: 15 Min | D4: Zero Referrence | G4: Z.Ref | L4: Warm Up | N4: Wm. Up
A7: Date & Time | B7: NO_BHATAGAON | C7: NO2__BHATAGAON | D7: NOX_BHATAGAON | E7: SO2__BHATAGAON | F7: O3__BHATAGAON | G7: PM10__BHATAGAON | H7: PM2_5__BHATAGAON | I7: BENZ__BHATAGAON | J7: WS__BHATAGAON | K7: WD__BHATAGAON | L7: TEMP__BHATAGAON | M7: HUM__BHATAGAON | N7: SR__BHATAGAON | O7: RG__BHATAGAON | P7: CO__BHATAGAON | Q7: NH3__BHATAGAON
B8: ug/m3 | C8: ug/m3 | D8: ppb | E8: ug/m3 | F8: ug/m3 | G8: ug/m3 | H8: ug/m3 | I8: ug/m3 | J8: m/sec | K8: deg | L8: degreC | M8: % | N8: w/m2 | O8: mm | P8: mg/m3 | Q8: ug/m3
A9: 01/11/2024 00:15 | B9: 34.03 | C9: 13.77 | D9: 33.11 | E9: 14.5 | F9: 7.31 | G9: Data F | H9: Data F | I9: 5.94 | J9: 0.61 | K9: 328.52 | L9: 23.62 | M9: 102.48 | N9: 26.1 | O9: 0 | P9: 1.43 | Q9: 9.61
A10: 01/11/2024 00:30 | B10: 35.12 | C10: 13.58 | D10: 33.88 | E10: 14.11 | F10: 7.82 | G10: Data F | H10: Data F | I10: 6.44 | J10: 0.57 | K10: 308.34 | L10: 23.2 | M10: 102.74 | N10: 26.1 | O10: 0 | P10: 1.33 | Q10: 9.62
A11: 01/11/2024 00:45 | B11: 34.81 | C11: 13.04 | D11: 33.35 | E11: 12.82 | F11: 7.58 | G11: Data F | H11: Data F | I11: 6.15 | J11: 0.54 | K11: 311.6 | L11: 22.88 | M11: 102.76 | N11: 26.1 | O11: 0 | P11: 1.17 | Q11: 9.62
A12: 01/11/2024 01:00 | B12: 34.49 | C12: 13.22 | D12: 33.19 | E12: 12.38 | F12: 6.25 | G12: Data F | H12: Data F | I12: 5.25 | J12: 0.66 | K12: 339.42 | L12: 22.74 | M12: 102.78 | N12: 26 | O12: 0 | P12: 1.24 | Q12: 9.62
A13: 01/11/2024 01:15 | B13: 35.01 | C13: 12.81 | D13: 33.39 | E13: 12.31 | F13: 6.78 | G13: Data F | H13: Data F | I13: 5.84 | J13: 0.45 | K13: 327.54 | L13: 22.54 | M13: 102.78 | N13: 26 | O13: 0 | P13: 1.17 | Q13: 9.63
A14: 01/11/2024 01:30 | B14: 35.79 | C14: 12.14 | D14: 33.66 | E14: 12.27 | F14: 6.8 | G14: Data F | H14: Data F | I14: 5.63 | J14: 0.19 | K14: 285.68 | L14: 22.46 | M14: 102.78 | N14: 25.9 | O14: 0 | P14: 1.07 | Q14: 9.63
A15: 01/11/2024 01:45 | B15: 35.54 | C15: 12.35 | D15: 33.58 | E15: 11.52 | F15: 6.6 | G15: Data F | H15: Data F | I15: 5.3 | J15: 0.56 | K15: 324.41 | L15: 22.4 | M15: 102.78 | N15: 25.8 | O15: 0 | P15: 1.02 | Q15: 9.64
A16: 01/11/2024 02:00 | B16: 35.62 | C16: 11.15 | D16: 33.01 | E16: 10.67 | F16: 6.25 | G16: Data F | H16: Data F | I16: 5.94 | J16: 0.57 | K16: 301.94 | L16: 22.36 | M16: 102.78 | N16: 25.7 | O16: 0 | P16: 0.87 | Q16: 9.62
A17: 01/11/2024 02:15 | B17: 34.74 | C17: 10.28 | D17: 31.86 | E17: 9.93 | F17: 5.96 | G17: Data F | H17: Data F | I17: 5.24 | J17: 0.4 | K17: 336.83 | L17: 22.15 | M17: 102.78 | N17: 25.9 | O17: 0 | P17: 0.84 | Q17: 9.63
A18: 01/11/2024 02:30 | B18: 33.66 | C18: 9.94 | D18: 30.81 | E18: 9.45 | F18: 6.28 | G18: 324.59 | H18: 194.67 | I18: 4.18 | J18: 0.54 | K18: 344.37 | L18: 21.96 | M18: 102.78 | N18: 25.9 | O18: 0 | P18: 0.85 | Q18: 9.62
A19: 01/11/2024 02:45 | B19: 32.64 | C19: 9.73 | D19: 29.88 | E19: 9.14 | F19: 6.21 | G19: 254.84 | H19: 160.06 | I19: 3.88 | J19: 0.85 | K19: 347.76 | L19: 21.92 | M19: 102.78 | N19: 25.7 | O19: 0 | P19: 0.87 | Q19: 9.62
A20: 01/11/2024 03:00 | B20: 31.55 | C20: 9.73 | D20: 29 | E20: 8.52 | F20: 5.5 | G20: 254.84 | H20: 160.06 | I20: 4.3 | J20: 1.07 | K20: 340.05 | L20: 21.81 | M20: 102.77 | N20: 25.3 | O20: 0 | P20: 0.87 | Q20: 9.62
A21: 01/11/2024 03:15 | B21: 30.35 | C21: 9.52 | D21: 27.94 | E21: 8 | F21: 5.24 | G21: 254.84 | H21: 160.06 | I21: 4.55 | J21: 0.6 | K21: 334.42 | L21: 21.86 | M21: 102.75 | N21: 25.6 | O21: 0 | P21: 0.73 | Q21: 9.62
A22: 01/11/2024 03:30 | B22: 29.29 | C22: 9.16 | D22: 26.9 | E22: 8.05 | F22: 5.12 | G22: 212.54 | H22: 128.22 | I22: 4.35 | J22: 0.49 | K22: 339.66 | L22: 21.62 | M22: 102.22 | N22: 25.8 | O22: 0 | P22: 0.78 | Q22: 9.62
A23: 01/11/2024 03:45 | B23: 28.25 | C23: 9.37 | D23: 26.18 | E23: 7.49 | F23: 4.81 | G23: 176.44 | H23: 121.15 | I23: 3.68 | J23: 0.29 | K23: 318.54 | L23: 21.34 | M23: 98.3 | N23: 26 | O23: 0 | P23: 1.01 | Q23: 9.63
A24: 01/11/2024 04:00 | B24: 26.85 | C24: 9.91 | D24: 25.33 | E24: 6.59 | F24: 5.18 | G24: 176.44 | H24: 121.15 | I24: 4.2 | J24: 0.38 | K24: 343.75 | L24: 21.25 | M24: 96.51 | N24: 26 | O24: 0 | P24: 1.03 | Q24: 9.62
A25: 01/11/2024 04:15 | B25: 25.15 | C25: 9.66 | D25: 23.84 | E25: 6.93 | F25: 4.78 | G25: 176.44 | H25: 121.15 | I25: 5.86 | J25: 0.33 | K25: 9.2 | L25: 21.22 | M25: 90.69 | N25: 26 | O25: 0 | P25: 1 | Q25: 9.62
A26: 01/11/2024 04:30 | B26: 23.78 | C26: 9.54 | D26: 22.68 | E26: 6.77 | F26: 4.59 | G26: 138.28 | H26: 59.86 | I26: 6.16 | J26: 0.43 | K26: 333.19 | L26: 21 | M26: 90.69 | N26: 26.1 | O26: 0 | P26: 0.96 | Q26: 9.6
A27: 01/11/2024 04:45 | B27: 22.69 | C27: 9.61 | D27: 21.84 | E27: 6.52 | F27: 4.44 | G27: 115.11 | H27: 46.48 | I27: 5.88 | J27: 0.35 | K27: 346.75 | L27: 20.87 | M27: 92.94 | N27: 25.9 | O27: 0 | P27: 0.98 | Q27: 9.61
A28: 01/11/2024 05:00 | B28: 21.73 | C28: 9.73 | D28: 21.14 | E28: 6.06 | F28: 4.22 | G28: 115.11 | H28: 46.48 | I28: 5.79 | J28: 0.38 | K28: 309.27 | L28: 20.68 | M28: 90.43 | N28: 26.1 | O28: 0 | P28: 0.97 | Q28: 9.61
A29: 01/11/2024 05:15 | B29: 20.75 | C29: 9.97 | D29: 20.47 | E29: 6.28 | F29: 4.38 | G29: 115.11 | H29: 46.48 | I29: 5.82 | J29: 0.94 | K29: 336.41 | L29: 20.64 | M29: 88 | N29: 25.2 | O29: 0 | P29: 0.96 | Q29: 9.62
... A104: 01/11/2024 24:00 | B104: 55.11 | C104: 11.9 | D104: 49.04 | E104: 6.86 | F104: 5.53 | G104: 279.72 | H104: 237.21 | I104: 5.84 | J104: 0.59 | K104: 317.75 | L104: 22.02 | M104: 91.24 | N104: 26.1 | O104: 0 | P104: 1.42 | Q104: 9.62
A106: Min | B106: =MIN(B9:B104) -> 0.03 | C106: =MIN(C9:C104) -> 8.59 | D106: =MIN(D9:D104) -> 3.63 | E106: =MIN(E9:E104) -> 4.55 | F106: =MIN(F9:F104) -> 3.42 | G106: =MIN(G9:G104) -> 14.8 | H106: =MIN(H9:H104) -> 2.09 | I106: =MIN(I9:I104) -> 1.61 | ... Q106: =MIN(Q9:Q104) -> 9.6
A107: Max | B107: =MAX(B9:B104) -> 56.64 | C107: =MAX(C9:C104) -> 17.15 | D107: =MAX(D9:D104) -> 51.52 | E107: =MAX(E9:E104) -> 14.5 | F107: =MAX(F9:F104) -> 8.9 | G107: =MAX(G9:G104) -> 483.55 | H107: =MAX(H9:H104) -> 451.5 | I107: =MAX(I9:I104) -> 8.5 | ... Q107: =MAX(Q9:Q104) -> 9.64
A108: Avg | B108: =AVERAGE(B9:B104) -> 16.357813 | C108: =AVERAGE(C9:C104) -> 11.590521 | D108: =AVERAGE(D9:D104) -> 17.796771 | E108: =AVERAGE(E9:E104) -> 6.8891667 | F108: =AVERAGE(F9:F104) -> 5.615625 | G108: =AVERAGE(G9:G104) -> 142.17494 | H108: =AVERAGE(H9:H104) -> 93.096092 | I108: =AVERAGE(I9:I104) -> 5.1329167 | ... Q108: =AVERAGE(Q9:Q104) -> 9.6189583
A109: Stdev | B109: =STDEV(B9:B104) -> 16.99752 | C109: =STDEV(C9:C104) -> 2.3954362 | D109: =STDEV(D9:D104) -> 14.117623 | E109: =STDEV(E9:E104) -> 2.4964934 | F109: =STDEV(F9:F104) -> 1.2997383 | G109: =STDEV(G9:G104) -> 122.94766 | H109: =STDEV(H9:H104) -> 113.19195 | I109: =STDEV(I9:I104) -> 1.7258962 | ... Q109: =STDEV(Q9:Q104) -> 0.0086425102
A110: Num | B110: =COUNT(B9:B104) -> 96 | C110: =COUNT(C9:C104) -> 96 | D110: =COUNT(D9:D104) -> 96 | E110: =COUNT(E9:E104) -> 96 | F110: =COUNT(F9:F104) -> 96 | G110: =COUNT(G9:G104)+9 -> 96 | H110: =COUNT(H9:H104)+9 -> 96 | I110: =COUNT(I9:I104) -> 96 | J110: =COUNT(J9:J104) -> 96 | K110: =COUNT(K9:K104) -> 96 | L110: =COUNT(L9:L104) -> 96 | M110: =COUNT(M9:M104) -> 96 | N110: =COUNT(N9:N104) -> 96 | O110: =COUNT(O9:O104) -> 96 | P110: =COUNT(P9:P104) -> 96 | Q110: =COUNT(Q9:Q104) -> 96
A111: DCR | B111: =IF(B110>=87,">90%",IF(B110<=87,"<90%")) -> >90% | C111: =IF(C110>=87,">90%",IF(C110<=87,"<90%")) -> >90% | D111: =IF(D110>=87,">90%",IF(D110<=87,"<90%")) -> >90% | E111: =IF(E110>=87,">90%",IF(E110<=87,"<90%")) -> >90% | F111: =IF(F110>=87,">90%",IF(F110<=87,"<90%")) -> >90% | G111: =IF(G110>=87,">90%",IF(G110<=87,"<90%")) -> >90% | H111: =IF(H110>=87,">90%",IF(H110<=87,"<90%")) -> >90% | I111: =IF(I110>=87,">90%",IF(I110<=87,"<90%")) -> >90% | ... Q111: =IF(Q110>=87,">90%",IF(Q110<=87,"<90%")) -> >90%
A112: Status | B112: =IF(B110>=87,"OK",IF(B110<=87,"LESS")) -> OK | C112: =IF(C110>=87,"OK",IF(C110<=87,"LESS")) -> OK | D112: =IF(D110>=87,"OK",IF(D110<=87,"LESS")) -> OK | E112: =IF(E110>=87,"OK",IF(E110<=87,"LESS")) -> OK | F112: =IF(F110>=87,"OK",IF(F110<=87,"LESS")) -> OK | G112: =IF(G110>=87,"OK",IF(G110<=87,"LESS")) -> OK | H112: =IF(H110>=87,"OK",IF(H110<=87,"LESS")) -> OK | I112: =IF(I110>=87,"OK",IF(I110<=87,"LESS")) -> OK | ... Q112: =IF(Q110>=87,"OK",IF(Q110<=87,"LESS")) -> OK
A115: Done by | B115: RK
A117: Comment

Sheet 02
A1: Station: | B1: BHATAGAON RAIPUR
A2: Date: | B2: =$A$9 -> 02/11/2024 00:15 | D2: Power Off | G2: Pw.Off | L2: Link Fail | N2: Link F | P2: Maintenance | R2: Maint.
A3: Report Type: | B3: Mean | D3: Calibration | G3: Calib. | L3: Data Fail | N3: Data F | P3: Invalid | R3: Invalid
A4: Time Base: | B4: 15 Min | D4: Zero Referrence | G4: Z.Ref | L4: Warm Up | N4: Wm. Up
A7: Date & Time | B7: NO_BHATAGAON | C7: NO2__BHATAGAON | D7: NOX_BHATAGAON | E7: SO2__BHATAGAON | F7: O3__BHATAGAON | G7: PM10__BHATAGAON | H7: PM2_5__BHATAGAON | I7: BENZ__BHATAGAON | J7: WS__BHATAGAON | K7: WD__BHATAGAON | L7: TEMP__BHATAGAON | M7: HUM__BHATAGAON | N7: SR__BHATAGAON | O7: RG__BHATAGAON | P7: CO__BHATAGAON | Q7: NH3__BHATAGAON
B8: ug/m3 | C8: ug/m3 | D8: ppb | E8: ug/m3 | F8: ug/m3 | G8: ug/m3 | H8: ug/m3 | I8: ug/m3 | J8: m/sec | K8: deg | L8: degreC | M8: % | N8: w/m2 | O8: mm | P8: mg/m3 | Q8: ug/m3
A9: 02/11/2024 00:15 | B9: 54.81 | C9: 11.49 | D9: 48.58 | E9: 7.79 | F9: 5.45 | G9: 279.72 | H9: 237.21 | I9: 5.92 | J9: 0.5 | K9: 333.27 | L9: 21.81 | M9: 89.29 | N9: 26.1 | O9: 0 | P9: 1.27 | Q9: 9.64
A10: 02/11/2024 00:30 | B10: 53.55 | C10: 10.96 | D10: 47.29 | E10: 7.43 | F10: 5.35 | G10: 243.79 | H10: 107.15 | I10: 5.87 | J10: 0.24 | K10: 345.6 | L10: 22 | M10: 80.83 | N10: 25.8 | O10: 0 | P10: 1.11 | Q10: 9.63
A11: 02/11/2024 00:45 | B11: 51.25 | C11: 11.36 | D11: 45.65 | E11: 7.04 | F11: 4.6 | G11: 221.98 | H11: 78.77 | I11: 5.31 | J11: 0.32 | K11: 12.08 | L11: 21.97 | M11: 83.24 | N11: 26 | O11: 0 | P11: 1.3 | Q11: 9.63
A12: 02/11/2024 01:00 | B12: 48.42 | C12: 11.21 | D12: 43.31 | E12: 6.59 | F12: 4.95 | G12: 221.98 | H12: 78.77 | I12: 6.35 | J12: 0.25 | K12: 192.6 | L12: 21.75 | M12: 83.66 | N12: 25.7 | O12: 0 | P12: 1.24 | Q12: 9.61
A13: 02/11/2024 01:15 | B13: 45.34 | C13: 11.3 | D13: 40.89 | E13: 6.21 | F13: 4.53 | G13: 221.98 | H13: 78.77 | I13: 6.72 | J13: 0.26 | K13: 359.6 | L13: 21.68 | M13: 85.11 | N13: 26 | O13: 0 | P13: 1.13 | Q13: 9.62
A14: 02/11/2024 01:30 | B14: 42.49 | C14: 11.36 | D14: 38.64 | E14: 5.71 | F14: 4.61 | G14: 136.89 | H14: 91.18 | I14: 6.38 | J14: 0.29 | K14: 255.53 | L14: 21.58 | M14: 83.84 | N14: 25.7 | O14: 0 | P14: 1.1 | Q14: 9.63
A15: 02/11/2024 01:45 | B15: 39.92 | C15: 11.51 | D15: 36.65 | E15: 5.96 | F15: 4.92 | G15: 85.23 | H15: 93.89 | I15: 6.88 | J15: 0.42 | K15: 273.43 | L15: 21.36 | M15: 84.97 | N15: 26 | O15: 0 | P15: 1.1 | Q15: 9.63
A16: 02/11/2024 02:00 | B16: 37.44 | C16: 11.87 | D16: 34.85 | E16: 5.49 | F16: 4.44 | G16: 85.23 | H16: 93.89 | I16: 6.79 | J16: 0.36 | K16: 279.34 | L16: 21.28 | M16: 86.46 | N16: 26.1 | O16: 0 | P16: 1.08 | Q16: 9.63
A17: 02/11/2024 02:15 | B17: 35.16 | C17: 12.12 | D17: 33.15 | E17: 5.42 | F17: 4.29 | G17: 85.23 | H17: 93.89 | I17: 6.71 | J17: 0.15 | K17: 211.37 | L17: 21.25 | M17: 86.14 | N17: 25.7 | O17: 0 | P17: 1.05 | Q17: 9.61
A18: 02/11/2024 02:30 | B18: 32.97 | C18: 12.1 | D18: 31.39 | E18: 5.04 | F18: 4.47 | G18: 85.14 | H18: 47.71 | I18: 6.7 | J18: 0.13 | K18: 194.6 | L18: 21.29 | M18: 87 | N18: 25.6 | O18: 0 | P18: 1.01 | Q18: 9.62
A19: 02/11/2024 02:45 | B19: 30.9 | C19: 12.16 | D19: 29.76 | E19: 5.32 | F19: 4.27 | G19: 85.08 | H19: 37.63 | I19: 6.58 | J19: 0.27 | K19: 293.34 | L19: 21.42 | M19: 86.12 | N19: 26 | O19: 0 | P19: 0.89 | Q19: 9.63
A20: 02/11/2024 03:00 | B20: 29.59 | C20: 11.31 | D20: 28.26 | E20: 4.8 | F20: 3.7 | G20: 85.08 | H20: 37.63 | I20: 6.41 | J20: 0.26 | K20: 218.13 | L20: 21.14 | M20: 86.82 | N20: 26 | O20: 0 | P20: 0.73 | Q20: 9.64
... A104: 02/11/2024 24:00 | B104: 19.02 | C104: 16.33 | D104: 22.41 | E104: 5.05 | F104: 4.82 | G104: 91.75 | H104: 49.45 | I104: 4.77 | J104: 0.64 | K104: 163.26 | L104: 24.17 | M104: 60.44 | N104: 25.7 | O104: 0 | P104: 0.55 | Q104: 9.61
A106: Min | B106: =MIN(B9:B104) -> -0.12 | C106: =MIN(C9:C104) -> 9.45 | D106: =MIN(D9:D104) -> 3.86 | E106: =MIN(E9:E104) -> 4.04 | F106: =MIN(F9:F104) -> 3.4 | G106: =MIN(G9:G104) -> 44.31 | H106: =MIN(H9:H104) -> 21.08 | I106: =MIN(I9:I104) -> 1.09 | ... Q106: =MIN(Q9:Q104) -> 9.6
A107: Max | B107: =MAX(B9:B104) -> 54.81 | C107: =MAX(C9:C104) -> 21.59 | D107: =MAX(D9:D104) -> 48.58 | E107: =MAX(E9:E104) -> 7.79 | F107: =MAX(F9:F104) -> 9.03 | G107: =MAX(G9:G104) -> 279.72 | H107: =MAX(H9:H104) -> 237.21 | I107: =MAX(I9:I104) -> 6.88 | ... Q107: =MAX(Q9:Q104) -> 9.64
A108: Avg | B108: =AVERAGE(B9:B104) -> 19.360417 | C108: =AVERAGE(C9:C104) -> 13.743333 | D108: =AVERAGE(D9:D104) -> 21.329375 | E108: =AVERAGE(E9:E104) -> 5.6892708 | F108: =AVERAGE(F9:F104) -> 5.0896875 | G108: =AVERAGE(G9:G104) -> 106.36812 | H108: =AVERAGE(H9:H104) -> 52.447604 | I108: =AVERAGE(I9:I104) -> 4.9038542 | ... Q108: =AVERAGE(Q9:Q104) -> 9.6209375
A109: Stdev | B109: =STDEV(B9:B104) -> 15.433373 | C109: =STDEV(C9:C104) -> 3.882235 | D109: =STDEV(D9:D104) -> 12.544333 | E109: =STDEV(E9:E104) -> 1.0293506 | F109: =STDEV(F9:F104) -> 1.3073834 | G109: =STDEV(G9:G104) -> 44.356396 | H109: =STDEV(H9:H104) -> 28.049835 | I109: =STDEV(I9:I104) -> 1.3583166 | ... Q109: =STDEV(Q9:Q104) -> 0.0088351124
A110: Num | B110: =COUNT(B9:B104) -> 96 | C110: =COUNT(C9:C104) -> 96 | D110: =COUNT(D9:D104) -> 96 | E110: =COUNT(E9:E104) -> 96 | F110: =COUNT(F9:F104) -> 96 | G110: =COUNT(G9:G104) -> 96 | H110: =COUNT(H9:H104) -> 96 | I110: =COUNT(I9:I104) -> 96 | ... Q110: =COUNT(Q9:Q104) -> 96
A111: DCR | B111: =IF(B110>=87,">90%",IF(B110<=87,"<90%")) -> >90% | C111: =IF(C110>=87,">90%",IF(C110<=87,"<90%")) -> >90% | D111: =IF(D110>=87,">90%",IF(D110<=87,"<90%")) -> >90% | E111: =IF(E110>=87,">90%",IF(E110<=87,"<90%")) -> >90% | F111: =IF(F110>=87,">90%",IF(F110<=87,"<90%")) -> >90% | G111: =IF(G110>=87,">90%",IF(G110<=87,"<90%")) -> >90% | H111: =IF(H110>=87,">90%",IF(H110<=87,"<90%")) -> >90% | I111: =IF(I110>=87,">90%",IF(I110<=87,"<90%")) -> >90% | ... Q111: =IF(Q110>=87,">90%",IF(Q110<=87,"<90%")) -> >90%
A112: Status | B112: =IF(B110>=87,"OK",IF(B110<=87,"LESS")) -> OK | C112: =IF(C110>=87,"OK",IF(C110<=87,"LESS")) -> OK | D112: =IF(D110>=87,"OK",IF(D110<=87,"LESS")) -> OK | E112: =IF(E110>=87,"OK",IF(E110<=87,"LESS")) -> OK | F112: =IF(F110>=87,"OK",IF(F110<=87,"LESS")) -> OK | G112: =IF(G110>=87,"OK",IF(G110<=87,"LESS")) -> OK | H112: =IF(H110>=87,"OK",IF(H110<=87,"LESS")) -> OK | I112: =IF(I110>=87,"OK",IF(I110<=87,"LESS")) -> OK | ... Q112: =IF(Q110>=87,"OK",IF(Q110<=87,"LESS")) -> OK
A115: Done by | B115: RK
A117: Comment

Sheet 03
A1: Station: | B1: BHATAGAON RAIPUR
A2: Date: | B2: =$A$9 -> 03/11/2024 00:15 | D2: Power Off | G2: Pw.Off | L2: Link Fail | N2: Link F | P2: Maintenance | R2: Maint.
A3: Report Type: | B3: Mean | D3: Calibration | G3: Calib. | L3: Data Fail | N3: Data F | P3: Invalid | R3: Invalid
A4: Time Base: | B4: 15 Min | D4: Zero Referrence | G4: Z.Ref | L4: Warm Up | N4: Wm. Up
A7: Date & Time | B7: NO_BHATAGAON | C7: NO2__BHATAGAON | D7: NOX_BHATAGAON | E7: SO2__BHATAGAON | F7: O3__BHATAGAON | G7: PM10__BHATAGAON | H7: PM2_5__BHATAGAON | I7: BENZ__BHATAGAON | J7: WS__BHATAGAON | K7: WD__BHATAGAON | L7: TEMP__BHATAGAON | M7: HUM__BHATAGAON | N7: SR__BHATAGAON | O7: RG__BHATAGAON | P7: CO__BHATAGAON | Q7: NH3__BHATAGAON
B8: ug/m3 | C8: ug/m3 | D8: ppb | E8: ug/m3 | F8: ug/m3 | G8: ug/m3 | H8: ug/m3 | I8: ug/m3 | J8: m/sec | K8: deg | L8: degreC | M8: % | N8: w/m2 | O8: mm | P8: mg/m3 | Q8: ug/m3
A9: 03/11/2024 00:15 | B9: 17.52 | C9: 15.67 | D9: 20.85 | E9: 5.09 | F9: 4.91 | G9: 91.75 | H9: 49.45 | I9: 3.34 | J9: 0.65 | K9: 151.42 | L9: 23.99 | M9: 62.52 | N9: 25.9 | O9: 0 | P9: 0.59 | Q9: 9.63
A10: 03/11/2024 00:30 | B10: 16.14 | C10: 15.27 | D10: 19.54 | E10: 5.07 | F10: 5.14 | G10: 73.8 | H10: 39.68 | I10: 2.43 | J10: 0.41 | K10: 122.17 | L10: 23.87 | M10: 63.49 | N10: 26 | O10: 0 | P10: 0.49 | Q10: 9.62
A11: 03/11/2024 00:45 | B11: 14.88 | C11: 14.63 | D11: 18.2 | E11: 4.51 | F11: 4.83 | G11: 62.91 | H11: 37.55 | I11: 2.9 | J11: 0.47 | K11: 350.85 | L11: 23.64 | M11: 66.29 | N11: 26.2 | O11: 0 | P11: 0.56 | Q11: 9.63
A12: 03/11/2024 01:00 | B12: 13.78 | C12: 14.11 | D12: 17.05 | E12: 4.5 | F12: 4.15 | G12: 62.91 | H12: 37.55 | I12: 2.52 | J12: 0.26 | K12: 340.83 | L12: 23.17 | M12: 71.65 | N12: 26.4 | O12: 0 | P12: 0.6 | Q12: 9.63
A13: 03/11/2024 01:15 | B13: 12.76 | C13: 13.52 | D13: 15.91 | E13: 4.63 | F13: 6.36 | G13: 62.91 | H13: 37.55 | I13: 3.31 | J13: 0.36 | K13: 347.52 | L13: 22.9 | M13: 72.3 | N13: 26.2 | O13: 0 | P13: 0.6 | Q13: 9.63
A14: 03/11/2024 01:30 | B14: 11.82 | C14: 13.13 | D14: 14.96 | E14: 5.11 | F14: 5.08 | G14: 62.65 | H14: 34.04 | I14: 3.64 | J14: 0.38 | K14: 325.35 | L14: 22.54 | M14: 72.98 | N14: 26.1 | O14: 0 | P14: 0.52 | Q14: 9.62
A15: 03/11/2024 01:45 | B15: 10.87 | C15: 13.47 | D15: 14.37 | E15: 4.83 | F15: 4.22 | G15: 62.5 | H15: 33.27 | I15: 3.05 | J15: 0.33 | K15: 312.01 | L15: 22.34 | M15: 74.44 | N15: 26.1 | O15: 0 | P15: 0.67 | Q15: 9.62
A16: 03/11/2024 02:00 | B16: 9.67 | C16: 13.54 | D16: 13.45 | E16: 4.96 | F16: 4.31 | G16: 62.5 | H16: 33.27 | I16: 4.02 | J16: 0.37 | K16: 325.47 | L16: 22.3 | M16: 75.82 | N16: 26.1 | O16: 0 | P16: 0.65 | Q16: 9.62
A17: 03/11/2024 02:15 | B17: 8.58 | C17: 13.47 | D17: 12.54 | E17: 4.95 | F17: 4.04 | G17: 62.5 | H17: 33.27 | I17: 4.97 | J17: 0.6 | K17: 338.27 | L17: 22.18 | M17: 77.12 | N17: 25.7 | O17: 0 | P17: 0.64 | Q17: 9.62
A18: 03/11/2024 02:30 | B18: 7.52 | C18: 13.75 | D18: 11.83 | E18: 4.77 | F18: 4.34 | G18: 58.6 | H18: 26.85 | I18: 4.89 | J18: 0.26 | K18: 204.43 | L18: 22.36 | M18: 76.61 | N18: 26.1 | O18: 0 | P18: 0.56 | Q18: 9.62
A19: 03/11/2024 02:45 | B19: 6.72 | C19: 13.77 | D19: 11.21 | E19: 4.86 | F19: 4.36 | G19: 56.12 | H19: 25.45 | I19: 4.79 | J19: 0.24 | K19: 94.2 | L19: 22.56 | M19: 76.52 | N19: 26.1 | O19: 0 | P19: 0.6 | Q19: 9.62
A20: 03/11/2024 03:00 | B20: 6.02 | C20: 13.25 | D20: 10.38 | E20: 4.95 | F20: 4.35 | G20: 56.12 | H20: 25.45 | I20: 4.32 | J20: 0.27 | K20: 281.86 | L20: 22.57 | M20: 77.41 | N20: 26.1 | O20: 0 | P20: 0.57 | Q20: 9.61
... A104: 03/11/2024 24:00 | B104: 60.83 | C104: 18.45 | D104: 57.04 | E104: 6.15 | F104: 4.42 | G104: 148.36 | H104: 77.13 | I104: 7.27 | J104: 0.45 | K104: 168.94 | L104: 21.92 | M104: 86.67 | N104: 26.1 | O104: 0 | P104: 1.43 | Q104: 9.66
A106: Min | B106: =MIN(B9:B104) -> -0.05 | C106: =MIN(C9:C104) -> 10.92 | D106: =MIN(D9:D104) -> 4.43 | E106: =MIN(E9:E104) -> 4.44 | F106: =MIN(F9:F104) -> 3.78 | G106: =MIN(G9:G104) -> 56.12 | H106: =MIN(H9:H104) -> 21.67 | I106: =MIN(I9:I104) -> 1.16 | ... Q106: =MIN(Q9:Q104) -> 9.6
A107: Max | B107: =MAX(B9:B104) -> 60.83 | C107: =MAX(C9:C104) -> 25.22 | D107: =MAX(D9:D104) -> 57.04 | E107: =MAX(E9:E104) -> 7.52 | F107: =MAX(F9:F104) -> 9.07 | G107: =MAX(G9:G104) -> 148.36 | H107: =MAX(H9:H104) -> 118.11 | I107: =MAX(I9:I104) -> 8.99 | ... Q107: =MAX(Q9:Q104) -> 9.66
A108: Avg | B108: =AVERAGE(B9:B104) -> 14.221042 | C108: =AVERAGE(C9:C104) -> 15.084375 | D108: =AVERAGE(D9:D104) -> 17.908646 | E108: =AVERAGE(E9:E104) -> 5.7720833 | F108: =AVERAGE(F9:F104) -> 5.1382292 | G108: =AVERAGE(G9:G104) -> 86.8875 | H108: =AVERAGE(H9:H104) -> 42.773333 | I108: =AVERAGE(I9:I104) -> 4.7923958 | ... Q108: =AVERAGE(Q9:Q104) -> 9.6214583
A109: Stdev | B109: =STDEV(B9:B104) -> 18.904614 | C109: =STDEV(C9:C104) -> 3.8385304 | D109: =STDEV(D9:D104) -> 16.7304 | E109: =STDEV(E9:E104) -> 0.77934374 | F109: =STDEV(F9:F104) -> 1.1963972 | G109: =STDEV(G9:G104) -> 25.014886 | H109: =STDEV(H9:H104) -> 20.950906 | I109: =STDEV(I9:I104) -> 1.8824339 | ... Q109: =STDEV(Q9:Q104) -> 0.0098386099
A110: Num | B110: =COUNT(B9:B104) -> 96 | C110: =COUNT(C9:C104) -> 96 | D110: =COUNT(D9:D104) -> 96 | E110: =COUNT(E9:E104) -> 96 | F110: =COUNT(F9:F104) -> 96 | G110: =COUNT(G9:G104) -> 96 | H110: =COUNT(H9:H104) -> 96 | I110: =COUNT(I9:I104) -> 96 | ... Q110: =COUNT(Q9:Q104) -> 96
A111: DCR | B111: =IF(B110>=87,">90%",IF(B110<=87,"<90%")) -> >90% | C111: =IF(C110>=87,">90%",IF(C110<=87,"<90%")) -> >90% | D111: =IF(D110>=87,">90%",IF(D110<=87,"<90%")) -> >90% | E111: =IF(E110>=87,">90%",IF(E110<=87,"<90%")) -> >90% | F111: =IF(F110>=87,">90%",IF(F110<=87,"<90%")) -> >90% | G111: =IF(G110>=87,">90%",IF(G110<=87,"<90%")) -> >90% | H111: =IF(H110>=87,">90%",IF(H110<=87,"<90%")) -> >90% | I111: =IF(I110>=87,">90%",IF(I110<=87,"<90%")) -> >90% | ... Q111: =IF(Q110>=87,">90%",IF(Q110<=87,"<90%")) -> >90%
A112: Status | B112: =IF(B110>=87,"OK",IF(B110<=87,"LESS")) -> OK | C112: =IF(C110>=87,"OK",IF(C110<=87,"LESS")) -> OK | D112: =IF(D110>=87,"OK",IF(D110<=87,"LESS")) -> OK | E112: =IF(E110>=87,"OK",IF(E110<=87,"LESS")) -> OK | F112: =IF(F110>=87,"OK",IF(F110<=87,"LESS")) -> OK | G112: =IF(G110>=87,"OK",IF(G110<=87,"LESS")) -> OK | H112: =IF(H110>=87,"OK",IF(H110<=87,"LESS")) -> OK | I112: =IF(I110>=87,"OK",IF(I110<=87,"LESS")) -> OK | ... Q112: =IF(Q110>=87,"OK",IF(Q110<=87,"LESS")) -> OK
A115: Done by | B115: RK
A117: Comment

Sheet 04
A1: Station: | B1: BHATAGAON RAIPUR
A2: Date: | B2: =$A$9 -> 04/11/2024 00:15 | D2: Power Off | G2: Pw.Off | L2: Link Fail | N2: Link F | P2: Maintenance | R2: Maint.
A3: Report Type: | B3: Mean | D3: Calibration | G3: Calib. | L3: Data Fail | N3: Data F | P3: Invalid | R3: Invalid
A4: Time Base: | B4: 15 Min | D4: Zero Referrence | G4: Z.Ref | L4: Warm Up | N4: Wm. Up
A7: Date & Time | B7: NO_BHATAGAON | C7: NO2__BHATAGAON | D7: NOX_BHATAGAON | E7: SO2__BHATAGAON | F7: O3__BHATAGAON | G7: PM10__BHATAGAON | H7: PM2_5__BHATAGAON | I7: BENZ__BHATAGAON | J7: WS__BHATAGAON | K7: WD__BHATAGAON | L7: TEMP__BHATAGAON | M7: HUM__BHATAGAON | N7: SR__BHATAGAON | O7: RG__BHATAGAON | P7: CO__BHATAGAON | Q7: NH3__BHATAGAON
B8: ug/m3 | C8: ug/m3 | D8: ppb | E8: ug/m3 | F8: ug/m3 | G8: ug/m3 | H8: ug/m3 | I8: ug/m3 | J8: m/sec | K8: deg | L8: degreC | M8: % | N8: w/m2 | O8: mm | P8: mg/m3 | Q8: ug/m3
A9: 04/11/2024 00:15 | B9: 61.05 | C9: 18.41 | D9: 57.2 | E9: 6.87 | F9: 4.52 | G9: 148.36 | H9: 77.13 | I9: 7.51 | J9: 0.55 | K9: 347.07 | L9: 21.62 | M9: 90.09 | N9: 26.2 | O9: 0 | P9: 1.44 | Q9: 9.63
A10: 04/11/2024 00:30 | B10: 61.58 | C10: 18.29 | D10: 57.56 | E10: 6.74 | F10: 3.77 | G10: 152.86 | H10: 69.64 | I10: 7.39 | J10: 0.62 | K10: 220.63 | L10: 21.73 | M10: 87.74 | N10: 25.6 | O10: 0 | P10: 1.32 | Q10: 9.62
A11: 04/11/2024 00:45 | B11: 60.25 | C11: 18.19 | D11: 56.44 | E11: 6.38 | F11: 3.91 | G11: 155.59 | H11: 68 | I11: 7.03 | J11: 0.46 | K11: 301.04 | L11: 21.65 | M11: 88.6 | N11: 26.2 | O11: 0 | P11: 1.22 | Q11: 9.61
A12: 04/11/2024 01:00 | B12: 59.03 | C12: 16.23 | D12: 54.45 | E12: 6.09 | F12: 4.66 | G12: 155.59 | H12: 68 | I12: 7.03 | J12: 0.17 | K12: 268.46 | L12: 21.3 | M12: 90.79 | N12: 26 | O12: 0 | P12: 1.19 | Q12: 9.62
A13: 04/11/2024 01:15 | B13: 57.21 | C13: 15.39 | D13: 52.54 | E13: 5.99 | F13: 4.19 | G13: 155.59 | H13: 68 | I13: 5.55 | J13: 0.27 | K13: 299.09 | L13: 21.43 | M13: 85.71 | N13: 25.8 | O13: 0 | P13: 0.93 | Q13: 9.62
A14: 04/11/2024 01:30 | B14: 55.13 | C14: 14.7 | D14: 50.51 | E14: 6.07 | F14: 4.06 | G14: 133.37 | H14: 50.47 | I14: 4.86 | J14: 0.32 | K14: 333.71 | L14: 21.04 | M14: 89.25 | N14: 26 | O14: 0 | P14: 0.91 | Q14: 9.64
A15: 04/11/2024 01:45 | B15: 52.68 | C15: 14.35 | D15: 48.37 | E15: 5.74 | F15: 4.06 | G15: 119.88 | H15: 46.65 | I15: 4.17 | J15: 0.25 | K15: 209.98 | L15: 21.08 | M15: 89.52 | N15: 25.5 | O15: 0 | P15: 0.95 | Q15: 9.64
A16: 04/11/2024 02:00 | B16: 50.36 | C16: 13.61 | D16: 46.12 | E16: 5.78 | F16: 4.17 | G16: 119.88 | H16: 46.65 | I16: 4.52 | J16: 0.46 | K16: 248.21 | L16: 20.97 | M16: 90.92 | N16: 25.8 | O16: 0 | P16: 0.99 | Q16: 9.62
A17: 04/11/2024 02:15 | B17: 48.11 | C17: 13.07 | D17: 44.03 | E17: 5.48 | F17: 3.76 | G17: 119.88 | H17: 46.65 | I17: 5.31 | J17: 0.36 | K17: 290.36 | L17: 20.86 | M17: 92.48 | N17: 26.1 | O17: 0 | P17: 0.96 | Q17: 9.63
A18: 04/11/2024 02:30 | B18: 45.98 | C18: 12.48 | D18: 42.02 | E18: 5.23 | F18: 3.89 | G18: 102.19 | H18: 39.85 | I18: 5.2 | J18: 0.14 | K18: 270.69 | L18: 20.62 | M18: 93.46 | N18: 25.9 | O18: 0 | P18: 0.91 | Q18: 9.64
A19: 04/11/2024 02:45 | B19: 43.74 | C19: 12.92 | D19: 40.45 | E19: 5.34 | F19: 4.02 | G19: 90.92 | H19: 38.37 | I19: 4.62 | J19: 0.18 | K19: 300.19 | L19: 20.59 | M19: 94.36 | N19: 25.9 | O19: 0 | P19: 1.1 | Q19: 9.63
A20: 04/11/2024 03:00 | B20: 41.36 | C20: 12.99 | D20: 38.58 | E20: 5.44 | F20: 3.64 | G20: 90.92 | H20: 38.37 | I20: 5.91 | J20: 0.37 | K20: 309.9 | L20: 20.56 | M20: 95.29 | N20: 26 | O20: 0 | P20: 1.06 | Q20: 9.62
... A55: 04/11/2024 11:45 | B55: -0.03 | C55: 18.16 | D55: 8.09 | E55: 7.88 | F55: 12 | G55: 83.25 | H55: 33.55 | I55: 3.34 | J55: 0.21 | K55: 46.58 | L55: 29.81 | M55: 31.03 | N55: 690.4 | O55: 0 | P55: 0.47 | Q55: 9.61
A56: 04/11/2024 12:00 | B56: -0.13 | C56: 18.83 | D56: 8.35 | E56: 6.31 | F56: 12.76 | G56: Calib. | H56: Calib. | I56: 2.99 | J56: 0.22 | K56: 45.91 | L56: 29.82 | M56: 30.07 | N56: 672.2 | O56: 0 | P56: 0.42 | Q56: 9.62
A57: 04/11/2024 12:15 | B57: -0.17 | C57: 17.5 | D57: 7.63 | E57: 6.29 | F57: 12.59 | G57: Calib. | H57: Calib. | I57: 2.67 | J57: 0.61 | K57: 126.38 | L57: 28.57 | M57: 31.77 | N57: 653.9 | O57: 0 | P57: 0.4 | Q57: 9.62
A58: 04/11/2024 12:30 | B58: 1.61 | C58: 19.45 | D58: 10.08 | E58: 6.55 | F58: 10.62 | G58: Calib. | H58: Calib. | I58: 2.63 | J58: 1.32 | K58: 332.49 | L58: 30.92 | M58: 30.19 | N58: 628.6 | O58: 0 | P58: 0.41 | Q58: 9.61
A59: 04/11/2024 12:45 | B59: 1.89 | C59: 20.44 | D59: 10.82 | E59: 6.98 | F59: 12.46 | G59: Calib. | H59: Calib. | I59: 2.83 | J59: 0.36 | K59: 341.05 | L59: 30.31 | M59: 31.09 | N59: 596.1 | O59: 0 | P59: 0.41 | Q59: 9.62
A60: 04/11/2024 13:00 | B60: 1.54 | C60: 20.74 | D60: 10.69 | E60: 6.27 | F60: 12.18 | G60: 31.31 | H60: 10.56 | I60: 2.7 | J60: 0.82 | K60: 328.36 | L60: 30.92 | M60: 29.88 | N60: 559.7 | O60: 0 | P60: 0.43 | Q60: 9.62
A61: 04/11/2024 13:15 | B61: 1.73 | C61: 21.57 | D61: 11.29 | E61: 6.53 | F61: 8.58 | G61: 122.53 | H61: 30.75 | I61: 2.52 | J61: 1.46 | K61: 329.35 | L61: 31.24 | M61: 27.73 | N61: 418.2 | O61: 0 | P61: 0.53 | Q61: 9.62
A62: 04/11/2024 13:30 | B62: 1.95 | C62: 20.53 | D62: 10.91 | E62: 6.17 | F62: 7.27 | G62: 122.53 | H62: 30.75 | I62: 2.49 | J62: 1.84 | K62: 331.01 | L62: 30.97 | M62: 28.68 | N62: 315.3 | O62: 0 | P62: 0.53 | Q62: 9.61
A63: 04/11/2024 13:45 | B63: 2.09 | C63: 20.7 | D63: 11.11 | E63: 6.46 | F63: 8.28 | G63: 122.53 | H63: 30.75 | I63: 2.53 | J63: 1.29 | K63: 338.54 | L63: 30.44 | M63: 28.9 | N63: 431.8 | O63: 0 | P63: 0.57 | Q63: 9.62
A64: 04/11/2024 14:00 | B64: 2.23 | C64: 21.62 | D64: 11.7 | E64: 5.64 | F64: 7.85 | G64: 116.77 | H64: 31.02 | I64: 2.44 | J64: 1.72 | K64: 337.88 | L64: 29.29 | M64: 30.5 | N64: 213.4 | O64: 0 | P64: 0.57 | Q64: 9.62
A65: 04/11/2024 14:15 | B65: 2.59 | C65: 23.73 | D65: 13.1 | E65: 6.11 | F65: 9.15 | G65: 99.99 | H65: 31.53 | I65: 2.28 | J65: 1.16 | K65: 338.72 | L65: 27.96 | M65: 32.73 | N65: 118 | O65: 0 | P65: 0.74 | Q65: 9.62
A66: 04/11/2024 14:30 | B66: 2.63 | C66: 25.18 | D66: 13.88 | E66: 5.77 | F66: 6.91 | G66: 99.99 | H66: 31.53 | I66: 2.24 | J66: 1.54 | K66: 333.2 | L66: 28.15 | M66: 34.39 | N66: 148.2 | O66: 0 | P66: 0.67 | Q66: 9.64
A67: 04/11/2024 14:45 | B67: 2.87 | C67: 25.02 | D67: 13.99 | E67: 5.77 | F67: 10.14 | G67: 99.99 | H67: 31.53 | I67: 2.49 | J67: 1.34 | K67: 334.7 | L67: 28.42 | M67: 33.37 | N67: 147.1 | O67: 0 | P67: 0.68 | Q67: 9.63
A68: 04/11/2024 15:00 | B68: 2.64 | C68: 28 | D68: 15.37 | E68: 6.21 | F68: 9.62 | G68: 98.15 | H68: 31.7 | I68: 2.5 | J68: 1.61 | K68: 335.89 | L68: 28.15 | M68: 31.98 | N68: 126.5 | O68: 0 | P68: 0.64 | Q68: 9.61
A69: 04/11/2024 15:15 | B69: 2.7 | C69: 28.58 | D69: 15.72 | E69: 5.94 | F69: 6.72 | G69: 92.78 | H69: 32.02 | I69: 2.51 | J69: 1.81 | K69: 336.95 | L69: 27.69 | M69: 33.67 | N69: 109 | O69: 0 | P69: 0.68 | Q69: 9.6
A70: 04/11/2024 15:30 | B70: 3.19 | C70: 27.84 | D70: 15.73 | E70: 5.68 | F70: 6.06 | G70: 92.78 | H70: 32.02 | I70: 2.8 | J70: 2.09 | K70: 335.08 | L70: 27.14 | M70: 33.16 | N70: 91.8 | O70: 0 | P70: 0.66 | Q70: 9.61
A71: 04/11/2024 15:45 | B71: 5.34 | C71: 29.17 | D71: 18.15 | E71: 5.6 | F71: 5.68 | G71: 92.78 | H71: 32.02 | I71: 2.97 | J71: 1.84 | K71: 332.21 | L71: 26.74 | M71: 33.59 | N71: 84.4 | O71: 0 | P71: 0.65 | Q71: 9.62
... A104: 04/11/2024 24:00 | B104: 92.33 | C104: 20.81 | D104: 83.54 | E104: 6.01 | F104: 3.97 | G104: 114.57 | H104: 57.56 | I104: 8.9 | J104: 0.41 | K104: 327.97 | L104: 18.47 | M104: 82.47 | N104: 26.1 | O104: 0 | P104: 1.94 | Q104: 9.66
A106: Min | B106: =MIN(B9:B104) -> -0.17 | C106: =MIN(C9:C104) -> 11.01 | D106: =MIN(D9:D104) -> 6.83 | E106: =MIN(E9:E104) -> 5 | F106: =MIN(F9:F104) -> 3.22 | G106: =MIN(G9:G104) -> 31.31 | H106: =MIN(H9:H104) -> 10.56 | I106: =MIN(I9:I104) -> 2.24 | ... Q106: =MIN(Q9:Q104) -> 9.6
A107: Max | B107: =MAX(B9:B104) -> 92.33 | C107: =MAX(C9:C104) -> 34.6 | D107: =MAX(D9:D104) -> 83.54 | E107: =MAX(E9:E104) -> 10.19 | F107: =MAX(F9:F104) -> 33.56 | G107: =MAX(G9:G104) -> 155.59 | H107: =MAX(H9:H104) -> 77.13 | I107: =MAX(I9:I104) -> 9.37 | ... Q107: =MAX(Q9:Q104) -> 9.66
A108: Avg | B108: =AVERAGE(B9:B104) -> 31.443125 | C108: =AVERAGE(C9:C104) -> 19.303125 | D108: =AVERAGE(D9:D104) -> 33.92375 | E108: =AVERAGE(E9:E104) -> 6.77625 | F108: =AVERAGE(F9:F104) -> 5.7176042 | G108: =AVERAGE(G9:G104) -> 98.166413 | H108: =AVERAGE(H9:H104) -> 41.36163 | I108: =AVERAGE(I9:I104) -> 5.1920833 | ... Q108: =AVERAGE(Q9:Q104) -> 9.6242708
A109: Stdev | B109: =STDEV(B9:B104) -> 27.890748 | C109: =STDEV(C9:C104) -> 6.5218311 | D109: =STDEV(D9:D104) -> 22.297031 | E109: =STDEV(E9:E104) -> 1.2319546 | F109: =STDEV(F9:F104) -> 4.0537156 | G109: =STDEV(G9:G104) -> 21.002418 | H109: =STDEV(H9:H104) -> 14.459646 | I109: =STDEV(I9:I104) -> 2.0704766 | ... Q109: =STDEV(Q9:Q104) -> 0.0109299
A110: Num | B110: =COUNT(B9:B104) -> 96 | C110: =COUNT(C9:C104) -> 96 | D110: =COUNT(D9:D104) -> 96 | E110: =COUNT(E9:E104) -> 96 | F110: =COUNT(F9:F104) -> 96 | G110: =COUNT(G9:G104)+4 -> 96 | H110: =COUNT(H9:H104)+4 -> 96 | I110: =COUNT(I9:I104) -> 96 | J110: =COUNT(J9:J104) -> 96 | K110: =COUNT(K9:K104) -> 96 | L110: =COUNT(L9:L104) -> 96 | M110: =COUNT(M9:M104) -> 96 | N110: =COUNT(N9:N104) -> 96 | O110: =COUNT(O9:O104) -> 96 | P110: =COUNT(P9:P104) -> 96 | Q110: =COUNT(Q9:Q104) -> 96
A111: DCR | B111: =IF(B110>=87,">90%",IF(B110<=87,"<90%")) -> >90% | C111: =IF(C110>=87,">90%",IF(C110<=87,"<90%")) -> >90% | D111: =IF(D110>=87,">90%",IF(D110<=87,"<90%")) -> >90% | E111: =IF(E110>=87,">90%",IF(E110<=87,"<90%")) -> >90% | F111: =IF(F110>=87,">90%",IF(F110<=87,"<90%")) -> >90% | G111: =IF(G110>=87,">90%",IF(G110<=87,"<90%")) -> >90% | H111: =IF(H110>=87,">90%",IF(H110<=87,"<90%")) -> >90% | I111: =IF(I110>=87,">90%",IF(I110<=87,"<90%")) -> >90% | ... Q111: =IF(Q110>=87,">90%",IF(Q110<=87,"<90%")) -> >90%
A112: Status | B112: =IF(B110>=87,"OK",IF(B110<=87,"LESS")) -> OK | C112: =IF(C110>=87,"OK",IF(C110<=87,"LESS")) -> OK | D112: =IF(D110>=87,"OK",IF(D110<=87,"LESS")) -> OK | E112: =IF(E110>=87,"OK",IF(E110<=87,"LESS")) -> OK | F112: =IF(F110>=87,"OK",IF(F110<=87,"LESS")) -> OK | G112: =IF(G110>=87,"OK",IF(G110<=87,"LESS")) -> OK | H112: =IF(H110>=87,"OK",IF(H110<=87,"LESS")) -> OK | I112: =IF(I110>=87,"OK",IF(I110<=87,"LESS")) -> OK | ... Q112: =IF(Q110>=87,"OK",IF(Q110<=87,"LESS")) -> OK
A115: Done by | B115: RK
A117: Comment

Sheet 05
A1: Station: | B1: BHATAGAON RAIPUR
A2: Date: | B2: =$A$9 -> 05/11/2024 00:15 | D2: Power Off | G2: Pw.Off | L2: Link Fail | N2: Link F | P2: Maintenance | R2: Maint.
A3: Report Type: | B3: Mean | D3: Calibration | G3: Calib. | L3: Data Fail | N3: Data F | P3: Invalid | R3: Invalid
A4: Time Base: | B4: 15 Min | D4: Zero Referrence | G4: Z.Ref | L4: Warm Up | N4: Wm. Up
A7: Date & Time | B7: NO_BHATAGAON | C7: NO2__BHATAGAON | D7: NOX_BHATAGAON | E7: SO2__BHATAGAON | F7: O3__BHATAGAON | G7: PM10__BHATAGAON | H7: PM2_5__BHATAGAON | I7: BENZ__BHATAGAON | J7: WS__BHATAGAON | K7: WD__BHATAGAON | L7: TEMP__BHATAGAON | M7: HUM__BHATAGAON | N7: SR__BHATAGAON | O7: RG__BHATAGAON | P7: CO__BHATAGAON | Q7: NH3__BHATAGAON
B8: ug/m3 | C8: ug/m3 | D8: ppb | E8: ug/m3 | F8: ug/m3 | G8: ug/m3 | H8: ug/m3 | I8: ug/m3 | J8: m/sec | K8: deg | L8: degreC | M8: % | N8: w/m2 | O8: mm | P8: mg/m3 | Q8: ug/m3
A9: 05/11/2024 00:15 | B9: 93.79 | C9: 20.85 | D9: 84.73 | E9: 7.23 | F9: 4.04 | G9: 117.47 | H9: 53.84 | I9: 8.9 | J9: 0.26 | K9: 294.14 | L9: 18.8 | M9: 72.4 | N9: 25.5 | O9: 0 | P9: 1.66 | Q9: 9.64
A10: 05/11/2024 00:30 | B10: 91.11 | C10: 21 | D10: 82.66 | E10: 6.59 | F10: 4.06 | G10: 117.47 | H10: 53.84 | I10: 9.07 | J10: 0.37 | K10: 346.37 | L10: 19.33 | M10: 68.07 | N10: 25.6 | O10: 0 | P10: 1.7 | Q10: 9.65
A11: 05/11/2024 00:45 | B11: 86.37 | C11: 20.78 | D11: 78.75 | E11: 6.49 | F11: 4.31 | G11: 117.47 | H11: 53.84 | I11: 7.51 | J11: 0.25 | K11: 15.22 | L11: 19.34 | M11: 67.59 | N11: 25.8 | O11: 0 | P11: 1.6 | Q11: 9.65
A12: 05/11/2024 01:00 | B12: 81.38 | C12: 20.77 | D12: 74.74 | E12: 6.22 | F12: 4.01 | G12: 112.09 | H12: 50.44 | I12: 6.89 | J12: 0.18 | K12: 350.3 | L12: 19.13 | M12: 69.95 | N12: 26.1 | O12: 0 | P12: 1.66 | Q12: 9.63
A13: 05/11/2024 01:15 | B13: 76.64 | C13: 20.17 | D13: 70.62 | E13: 6.36 | F13: 3.97 | G13: 96.44 | H13: 43.94 | I13: 7.68 | J13: 0.43 | K13: 331.18 | L13: 19.05 | M13: 71.26 | N13: 26 | O13: 0 | P13: 1.46 | Q13: 9.62
A14: 05/11/2024 01:30 | B14: 71.97 | C14: 19.83 | D14: 66.7 | E14: 6.13 | F14: 4 | G14: 96.44 | H14: 43.94 | I14: 7.82 | J14: 0.41 | K14: 318.79 | L14: 18.4 | M14: 78.03 | N14: 26.2 | O14: 0 | P14: 1.48 | Q14: 9.69
A15: 05/11/2024 01:45 | B15: 67.84 | C15: 19.73 | D15: 63.33 | E15: 6.05 | F15: 4.28 | G15: 96.44 | H15: 43.94 | I15: 7.87 | J15: 0.52 | K15: 304.5 | L15: 18.04 | M15: 77.39 | N15: 26.1 | O15: 0 | P15: 1.11 | Q15: 9.71
A16: 05/11/2024 02:00 | B16: 64.82 | C16: 17.27 | D16: 59.63 | E16: 5.86 | F16: 4.97 | G16: 94.76 | H16: 42.81 | I16: 7.87 | J16: 0.23 | K16: 25.48 | L16: 17.95 | M16: 79.14 | N16: 26.1 | O16: 0 | P16: 1.04 | Q16: 9.63
A17: 05/11/2024 02:15 | B17: 61.93 | C17: 16.52 | D17: 56.92 | E17: 5.83 | F17: 4.51 | G17: 89.87 | H17: 40.53 | I17: 5.62 | J17: 0.3 | K17: 62.98 | L17: 18.25 | M17: 75.83 | N17: 25.9 | O17: 0 | P17: 0.99 | Q17: 9.65
A18: 05/11/2024 02:30 | B18: 59.16 | C18: 16.05 | D18: 54.45 | E18: 5.6 | F18: 3.81 | G18: 89.87 | H18: 40.53 | I18: 5.12 | J18: 0.5 | K18: 136.84 | L18: 18.29 | M18: 76.21 | N18: 25.7 | O18: 0 | P18: 0.96 | Q18: 9.66
A19: 05/11/2024 02:45 | B19: 56.52 | C19: 15.5 | D19: 52.05 | E19: 5.65 | F19: 3.87 | G19: 89.87 | H19: 40.53 | I19: 5.97 | J19: 0.46 | K19: 268.44 | L19: 18.01 | M19: 81.52 | N19: 26.2 | O19: 0 | P19: 1.06 | Q19: 9.65
A20: 05/11/2024 03:00 | B20: 54.19 | C20: 15.18 | D20: 50.01 | E20: 5.88 | F20: 3.5 | G20: 88.73 | H20: 38.19 | I20: 6.77 | J20: 0.31 | K20: 32.41 | L20: 17.54 | M20: 87.09 | N20: 26.1 | O20: 0 | P20: 1.07 | Q20: 9.64
... A104: 05/11/2024 24:00 | B104: 3.73 | C104: 16.07 | D104: 10.01 | E104: 6.56 | F104: 3.43 | G104: 69.82 | H104: 26.09 | I104: 6.28 | J104: 1.28 | K104: 102.28 | L104: 19.87 | M104: 72.88 | N104: 26 | O104: 0 | P104: 0.65 | Q104: 9.63
A106: Min | B106: =MIN(B9:B104) -> 2.55 | C106: =MIN(C9:C104) -> 14.29 | D106: =MIN(D9:D104) -> 9.98 | E106: =MIN(E9:E104) -> 4.16 | F106: =MIN(F9:F104) -> 3.1 | G106: =MIN(G9:G104) -> 59.58 | H106: =MIN(H9:H104) -> 15.56 | I106: =MIN(I9:I104) -> 2.1 | ... Q106: =MIN(Q9:Q104) -> 9.6
A107: Max | B107: =MAX(B9:B104) -> 93.79 | C107: =MAX(C9:C104) -> 23.48 | D107: =MAX(D9:D104) -> 84.73 | E107: =MAX(E9:E104) -> 7.23 | F107: =MAX(F9:F104) -> 7.12 | G107: =MAX(G9:G104) -> 117.47 | H107: =MAX(H9:H104) -> 53.84 | I107: =MAX(I9:I104) -> 9.07 | ... Q107: =MAX(Q9:Q104) -> 9.71
A108: Avg | B108: =AVERAGE(B9:B104) -> 21.640208 | C108: =AVERAGE(C9:C104) -> 18.836354 | D108: =AVERAGE(D9:D104) -> 25.818333 | E108: =AVERAGE(E9:E104) -> 5.506875 | F108: =AVERAGE(F9:F104) -> 4.5245833 | G108: =AVERAGE(G9:G104) -> 73.675521 | H108: =AVERAGE(H9:H104) -> 30.116354 | I108: =AVERAGE(I9:I104) -> 5.8417708 | ... Q108: =AVERAGE(Q9:Q104) -> 9.6263542
A109: Stdev | B109: =STDEV(B9:B104) -> 23.739231 | C109: =STDEV(C9:C104) -> 2.5700846 | D109: =STDEV(D9:D104) -> 18.594982 | E109: =STDEV(E9:E104) -> 0.68440725 | F109: =STDEV(F9:F104) -> 0.85717273 | G109: =STDEV(G9:G104) -> 12.789347 | H109: =STDEV(H9:H104) -> 8.3062962 | I109: =STDEV(I9:I104) -> 1.4463413 | ... Q109: =STDEV(Q9:Q104) -> 0.015363648
A110: Num | B110: =COUNT(B9:B104) -> 96 | C110: =COUNT(C9:C104) -> 96 | D110: =COUNT(D9:D104) -> 96 | E110: =COUNT(E9:E104) -> 96 | F110: =COUNT(F9:F104) -> 96 | G110: =COUNT(G9:G104) -> 96 | H110: =COUNT(H9:H104) -> 96 | I110: =COUNT(I9:I104) -> 96 | ... Q110: =COUNT(Q9:Q104) -> 96
A111: DCR | B111: =IF(B110>=87,">90%",IF(B110<=87,"<90%")) -> >90% | C111: =IF(C110>=87,">90%",IF(C110<=87,"<90%")) -> >90% | D111: =IF(D110>=87,">90%",IF(D110<=87,"<90%")) -> >90% | E111: =IF(E110>=87,">90%",IF(E110<=87,"<90%")) -> >90% | F111: =IF(F110>=87,">90%",IF(F110<=87,"<90%")) -> >90% | G111: =IF(G110>=87,">90%",IF(G110<=87,"<90%")) -> >90% | H111: =IF(H110>=87,">90%",IF(H110<=87,"<90%")) -> >90% | I111: =IF(I110>=87,">90%",IF(I110<=87,"<90%")) -> >90% | ... Q111: =IF(Q110>=87,">90%",IF(Q110<=87,"<90%")) -> >90%
A112: Status | B112: =IF(B110>=87,"OK",IF(B110<=87,"LESS")) -> OK | C112: =IF(C110>=87,"OK",IF(C110<=87,"LESS")) -> OK | D112: =IF(D110>=87,"OK",IF(D110<=87,"LESS")) -> OK | E112: =IF(E110>=87,"OK",IF(E110<=87,"LESS")) -> OK | F112: =IF(F110>=87,"OK",IF(F110<=87,"LESS")) -> OK | G112: =IF(G110>=87,"OK",IF(G110<=87,"LESS")) -> OK | H112: =IF(H110>=87,"OK",IF(H110<=87,"LESS")) -> OK | I112: =IF(I110>=87,"OK",IF(I110<=87,"LESS")) -> OK | ... Q112: =IF(Q110>=87,"OK",IF(Q110<=87,"LESS")) -> OK
A115: Done by | B115: RK
A117: Comment

Sheet 06
A1: Station: | B1: BHATAGAON RAIPUR
A2: Date: | B2: =$A$9 -> 06/11/2024 00:15 | D2: Power Off | G2: Pw.Off | L2: Link Fail | N2: Link F | P2: Maintenance | R2: Maint.
A3: Report Type: | B3: Mean | D3: Calibration | G3: Calib. | L3: Data Fail | N3: Data F | P3: Invalid | R3: Invalid
A4: Time Base: | B4: 15 Min | D4: Zero Referrence | G4: Z.Ref | L4: Warm Up | N4: Wm. Up
A7: Date & Time | B7: NO_BHATAGAON | C7: NO2__BHATAGAON | D7: NOX_BHATAGAON | E7: SO2__BHATAGAON | F7: O3__BHATAGAON | G7: PM10__BHATAGAON | H7: PM2_5__BHATAGAON | I7: BENZ__BHATAGAON | J7: WS__BHATAGAON | K7: WD__BHATAGAON | L7: TEMP__BHATAGAON | M7: HUM__BHATAGAON | N7: SR__BHATAGAON | O7: RG__BHATAGAON | P7: CO__BHATAGAON | Q7: NH3__BHATAGAON
B8: ug/m3 | C8: ug/m3 | D8: ppb | E8: ug/m3 | F8: ug/m3 | G8: ug/m3 | H8: ug/m3 | I8: ug/m3 | J8: m/sec | K8: deg | L8: degreC | M8: % | N8: w/m2 | O8: mm | P8: mg/m3 | Q8: ug/m3
A9: 06/11/2024 00:15 | B9: 3.57 | C9: 15.48 | D9: 9.58 | E9: 6.13 | F9: 4.14 | G9: 64.8 | H9: 22.49 | I9: 5.85 | J9: 1.32 | K9: 99.79 | L9: 19.75 | M9: 73.08 | N9: 26 | O9: 0 | P9: 0.67 | Q9: 9.62
A10: 06/11/2024 00:30 | B10: 3.41 | C10: 14.99 | D10: 9.19 | E10: 6.01 | F10: 4.08 | G10: 64.8 | H10: 22.49 | I10: 5.84 | J10: 1.26 | K10: 110.15 | L10: 19.61 | M10: 73.94 | N10: 26 | O10: 0 | P10: 0.68 | Q10: 9.61
A11: 06/11/2024 00:45 | B11: 3.23 | C11: 15.02 | D11: 9.06 | E11: 5.89 | F11: 4.26 | G11: 64.8 | H11: 22.49 | I11: 5.87 | J11: 0.6 | K11: 110.97 | L11: 19.5 | M11: 74.46 | N11: 26 | O11: 0 | P11: 0.69 | Q11: 9.61
A12: 06/11/2024 01:00 | B12: 3 | C12: 14.66 | D12: 8.69 | E12: 5.89 | F12: 4.19 | G12: 63.99 | H12: 24.03 | I12: 6.94 | J12: 0.26 | K12: 90.07 | L12: 19.18 | M12: 76.61 | N12: 26.1 | O12: 0 | P12: 0.66 | Q12: 9.61
A13: 06/11/2024 01:15 | B13: 2.88 | C13: 14.47 | D13: 8.49 | E13: 5.84 | F13: 4.5 | G13: 61.62 | H13: 26.97 | I13: 7.23 | J13: 0.53 | K13: 105.01 | L13: 19.13 | M13: 77.23 | N13: 26 | O13: 0 | P13: 0.62 | Q13: 9.62
A14: 06/11/2024 01:30 | B14: 2.75 | C14: 14.38 | D14: 8.35 | E14: 5.53 | F14: 4.28 | G14: 61.62 | H14: 26.97 | I14: 7.04 | J14: 0.29 | K14: 156.16 | L14: 18.91 | M14: 77.34 | N14: 26 | O14: 0 | P14: 0.64 | Q14: 9.62
A15: 06/11/2024 01:45 | B15: 2.68 | C15: 14.09 | D15: 8.13 | E15: 5.4 | F15: 4.4 | G15: 61.62 | H15: 26.97 | I15: 6.88 | J15: 0.49 | K15: 177.41 | L15: 18.8 | M15: 77.08 | N15: 25.9 | O15: 0 | P15: 0.62 | Q15: 9.63
A16: 06/11/2024 02:00 | B16: 2.57 | C16: 14.07 | D16: 8.03 | E16: 5.7 | F16: 4.4 | G16: 60.84 | H16: 26.82 | I16: 6.63 | J16: 0.48 | K16: 202.3 | L16: 18.69 | M16: 77.5 | N16: 26 | O16: 0 | P16: 0.59 | Q16: 9.62
A17: 06/11/2024 02:15 | B17: 2.47 | C17: 14.24 | D17: 8.04 | E17: 5.46 | F17: 4.33 | G17: 58.42 | H17: 26.53 | I17: 6.4 | J17: 0.32 | K17: 207.92 | L17: 18.56 | M17: 78.48 | N17: 26 | O17: 0 | P17: 0.59 | Q17: 9.63
A18: 06/11/2024 02:30 | B18: 2.42 | C18: 14.3 | D18: 8.04 | E18: 5.32 | F18: 4.51 | G18: 58.42 | H18: 26.53 | I18: 5.88 | J18: 0.34 | K18: 196.48 | L18: 18.36 | M18: 80.04 | N18: 26.1 | O18: 0 | P18: 0.57 | Q18: 9.62
A19: 06/11/2024 02:45 | B19: 2.41 | C19: 14.14 | D19: 7.95 | E19: 5.59 | F19: 4.63 | G19: 58.42 | H19: 26.53 | I19: 5.82 | J19: 0.41 | K19: 291.22 | L19: 18.09 | M19: 83.47 | N19: 26.1 | O19: 0 | P19: 0.5 | Q19: 9.62
A20: 06/11/2024 03:00 | B20: 2.52 | C20: 13.39 | D20: 7.64 | E20: 5.39 | F20: 4.08 | G20: 58.69 | H20: 25.3 | I20: 5.5 | J20: 0.6 | K20: 311.72 | L20: 17.65 | M20: 89.85 | N20: 26.2 | O20: 0 | P20: 0.5 | Q20: 9.63
... A104: 06/11/2024 24:00 | B104: 3.04 | C104: 19.78 | D104: 11.39 | E104: 4.72 | F104: 5.72 | G104: 96.66 | H104: 45.01 | I104: 4.36 | J104: 0.79 | K104: 104.5 | L104: 19.66 | M104: 72.44 | N104: 25.8 | O104: 0 | P104: 0.63 | Q104: 9.63
A106: Min | B106: =MIN(B9:B104) -> 1.47 | C106: =MIN(C9:C104) -> 13.12 | D106: =MIN(D9:D104) -> 7.64 | E106: =MIN(E9:E104) -> 4.24 | F106: =MIN(F9:F104) -> 3.48 | G106: =MIN(G9:G104) -> 51.29 | H106: =MIN(H9:H104) -> 0.98 | I106: =MIN(I9:I104) -> 1.75 | ... Q106: =MIN(Q9:Q104) -> 9.6
A107: Max | B107: =MAX(B9:B104) -> 29.59 | C107: =MAX(C9:C104) -> 70.45 | D107: =MAX(D9:D104) -> 59.15 | E107: =MAX(E9:E104) -> 11.19 | F107: =MAX(F9:F104) -> 39.18 | G107: =MAX(G9:G104) -> 158.67 | H107: =MAX(H9:H104) -> 88.62 | I107: =MAX(I9:I104) -> 7.23 | ... Q107: =MAX(Q9:Q104) -> 9.64
A108: Avg | B108: =AVERAGE(B9:B104) -> 7.4004167 | C108: =AVERAGE(C9:C104) -> 23.692292 | D108: =AVERAGE(D9:D104) -> 16.936354 | E108: =AVERAGE(E9:E104) -> 6.52375 | F108: =AVERAGE(F9:F104) -> 5.9789583 | G108: =AVERAGE(G9:G104) -> 89.389479 | H108: =AVERAGE(H9:H104) -> 44.204792 | I108: =AVERAGE(I9:I104) -> 4.4283333 | ... Q108: =AVERAGE(Q9:Q104) -> 9.6213542
A109: Stdev | B109: =STDEV(B9:B104) -> 7.117543 | C109: =STDEV(C9:C104) -> 10.291113 | D109: =STDEV(D9:D104) -> 9.3461429 | E109: =STDEV(E9:E104) -> 1.2867644 | F109: =STDEV(F9:F104) -> 4.1095384 | G109: =STDEV(G9:G104) -> 28.445097 | H109: =STDEV(H9:H104) -> 21.720037 | I109: =STDEV(I9:I104) -> 1.2236715 | ... Q109: =STDEV(Q9:Q104) -> 0.0088994135
A110: Num | B110: =COUNT(B9:B104) -> 96 | C110: =COUNT(C9:C104) -> 96 | D110: =COUNT(D9:D104) -> 96 | E110: =COUNT(E9:E104) -> 96 | F110: =COUNT(F9:F104) -> 96 | G110: =COUNT(G9:G104) -> 96 | H110: =COUNT(H9:H104) -> 96 | I110: =COUNT(I9:I104) -> 96 | ... Q110: =COUNT(Q9:Q104) -> 96
A111: DCR | B111: =IF(B110>=87,">90%",IF(B110<=87,"<90%")) -> >90% | C111: =IF(C110>=87,">90%",IF(C110<=87,"<90%")) -> >90% | D111: =IF(D110>=87,">90%",IF(D110<=87,"<90%")) -> >90% | E111: =IF(E110>=87,">90%",IF(E110<=87,"<90%")) -> >90% | F111: =IF(F110>=87,">90%",IF(F110<=87,"<90%")) -> >90% | G111: =IF(G110>=87,">90%",IF(G110<=87,"<90%")) -> >90% | H111: =IF(H110>=87,">90%",IF(H110<=87,"<90%")) -> >90% | I111: =IF(I110>=87,">90%",IF(I110<=87,"<90%")) -> >90% | ... Q111: =IF(Q110>=87,">90%",IF(Q110<=87,"<90%")) -> >90%
A112: Status | B112: =IF(B110>=87,"OK",IF(B110<=87,"LESS")) -> OK | C112: =IF(C110>=87,"OK",IF(C110<=87,"LESS")) -> OK | D112: =IF(D110>=87,"OK",IF(D110<=87,"LESS")) -> OK | E112: =IF(E110>=87,"OK",IF(E110<=87,"LESS")) -> OK | F112: =IF(F110>=87,"OK",IF(F110<=87,"LESS")) -> OK | G112: =IF(G110>=87,"OK",IF(G110<=87,"LESS")) -> OK | H112: =IF(H110>=87,"OK",IF(H110<=87,"LESS")) -> OK | I112: =IF(I110>=87,"OK",IF(I110<=87,"LESS")) -> OK | ... Q112: =IF(Q110>=87,"OK",IF(Q110<=87,"LESS")) -> OK
A115: Done by | B115: RK
A117: Comment

Sheet 07
A1: Station: | B1: BHATAGAON RAIPUR
A2: Date: | B2: =$A$9 -> 07/11/2024 00:15 | D2: Power Off | G2: Pw.Off | L2: Link Fail | N2: Link F | P2: Maintenance | R2: Maint.
A3: Report Type: | B3: Mean | D3: Calibration | G3: Calib. | L3: Data Fail | N3: Data F | P3: Invalid | R3: Invalid
A4: Time Base: | B4: 15 Min | D4: Zero Referrence | G4: Z.Ref | L4: Warm Up | N4: Wm. Up
A7: Date & Time | B7: NO_BHATAGAON | C7: NO2__BHATAGAON | D7: NOX_BHATAGAON | E7: SO2__BHATAGAON | F7: O3__BHATAGAON | G7: PM10__BHATAGAON | H7: PM2_5__BHATAGAON | I7: BENZ__BHATAGAON | J7: WS__BHATAGAON | K7: WD__BHATAGAON | L7: TEMP__BHATAGAON | M7: HUM__BHATAGAON | N7: SR__BHATAGAON | O7: RG__BHATAGAON | P7: CO__BHATAGAON | Q7: NH3__BHATAGAON
B8: ug/m3 | C8: ug/m3 | D8: ppb | E8: ug/m3 | F8: ug/m3 | G8: ug/m3 | H8: ug/m3 | I8: ug/m3 | J8: m/sec | K8: deg | L8: degreC | M8: % | N8: w/m2 | O8: mm | P8: mg/m3 | Q8: ug/m3
A9: 07/11/2024 00:15 | B9: 3.03 | C9: 19 | D9: 10.98 | E9: 4.97 | F9: 5.78 | G9: 94.52 | H9: 77.29 | I9: 3.59 | J9: 1.07 | K9: 113.52 | L9: 19.63 | M9: 73.39 | N9: 25.8 | O9: 0 | P9: 0.65 | Q9: 9.63
A10: 07/11/2024 00:30 | B10: 3.03 | C10: 17.98 | D10: 10.45 | E10: 4.53 | F10: 5.53 | G10: 94.52 | H10: 77.29 | I10: 2.88 | J10: 0.89 | K10: 115.59 | L10: 19.54 | M10: 73.74 | N10: 25.8 | O10: 0 | P10: 0.65 | Q10: 9.63
A11: 07/11/2024 00:45 | B11: 2.98 | C11: 17.18 | D11: 9.99 | E11: 5.01 | F11: 5.49 | G11: 94.52 | H11: 77.29 | I11: 3.97 | J11: 0.73 | K11: 111.15 | L11: 19.42 | M11: 74.62 | N11: 25.9 | O11: 0 | P11: 0.62 | Q11: 9.63
A12: 07/11/2024 01:00 | B12: 2.95 | C12: 16.52 | D12: 9.62 | E12: 4.69 | F12: 6.02 | G12: 94.54 | H12: 68.07 | I12: 3.96 | J12: 0.28 | K12: 328.21 | L12: 19.04 | M12: 78.23 | N12: 26.1 | O12: 0 | P12: 0.58 | Q12: 9.62
A13: 07/11/2024 01:15 | B13: 2.94 | C13: 15.97 | D13: 9.33 | E13: 4.56 | F13: 5.52 | G13: 94.6 | H13: 48.42 | I13: 3.6 | J13: 0.57 | K13: 296.28 | L13: 18.43 | M13: 83.52 | N13: 26.2 | O13: 0 | P13: 0.68 | Q13: 9.63
A14: 07/11/2024 01:30 | B14: 2.98 | C14: 15.69 | D14: 9.21 | E14: 4.66 | F14: 4.43 | G14: 94.6 | H14: 48.42 | I14: 3.53 | J14: 0.51 | K14: 265.4 | L14: 18.2 | M14: 84 | N14: 26.1 | O14: 0 | P14: 0.69 | Q14: 9.62
A15: 07/11/2024 01:45 | B15: 2.98 | C15: 16.12 | D15: 9.44 | E15: 4.84 | F15: 4.56 | G15: 94.6 | H15: 48.42 | I15: 3.86 | J15: 0.44 | K15: 300.22 | L15: 17.95 | M15: 85.35 | N15: 26.1 | O15: 0 | P15: 0.69 | Q15: 9.61
A16: 07/11/2024 02:00 | B16: 2.88 | C16: 16.05 | D16: 9.32 | E16: 4.98 | F16: 4.92 | G16: 93.97 | H16: 41.66 | I16: 5.21 | J16: 0.52 | K16: 277.55 | L16: 17.93 | M16: 84.93 | N16: 26 | O16: 0 | P16: 0.68 | Q16: 9.59
A17: 07/11/2024 02:15 | B17: 3.06 | C17: 16.24 | D17: 9.56 | E17: 4.72 | F17: 4.78 | G17: 92.13 | H17: 21.97 | I17: 5.62 | J17: 0.52 | K17: 302.72 | L17: 17.67 | M17: 88.31 | N17: 26.1 | O17: 0 | P17: 0.68 | Q17: 9.62
A18: 07/11/2024 02:30 | B18: 3.12 | C18: 16.53 | D18: 9.76 | E18: 5.06 | F18: 4.69 | G18: 92.13 | H18: 21.97 | I18: 5.51 | J18: 0.55 | K18: 288.22 | L18: 17.39 | M18: 89.41 | N18: 26.1 | O18: 0 | P18: 0.67 | Q18: 9.63
A19: 07/11/2024 02:45 | B19: 3.09 | C19: 16.68 | D19: 9.81 | E19: 4.77 | F19: 4.78 | G19: 92.13 | H19: 21.97 | I19: 5.44 | J19: 0.24 | K19: 310.94 | L19: 17.17 | M19: 92.15 | N19: 26.1 | O19: 0 | P19: 0.66 | Q19: 9.62
A20: 07/11/2024 03:00 | B20: 3.15 | C20: 17.18 | D20: 10.13 | E20: 5.26 | F20: 4.29 | G20: 92.47 | H20: 38.94 | I20: 5.34 | J20: 0.25 | K20: 266.15 | L20: 16.98 | M20: 93.83 | N20: 25.9 | O20: 0 | P20: 0.66 | Q20: 9.63
... A104: 07/11/2024 24:00 | B104: 34.76 | C104: 25.55 | D104: 39.85 | E104: 4.51 | F104: 4.03 | G104: 94.24 | H104: 48.78 | I104: 7.25 | J104: 0.35 | K104: 279.07 | L104: 18.48 | M104: 83.56 | N104: 26.1 | O104: 0 | P104: 1.46 | Q104: 9.63
A106: Min | B106: =MIN(B9:B104) -> 2.4 | C106: =MIN(C9:C104) -> 15.41 | D106: =MIN(D9:D104) -> 9.06 | E106: =MIN(E9:E104) -> 4.26 | F106: =MIN(F9:F104) -> 3.82 | G106: =MIN(G9:G104) -> 63.02 | H106: =MIN(H9:H104) -> 21.97 | I106: =MIN(I9:I104) -> 1.96 | ... Q106: =MIN(Q9:Q104) -> 9.59
A107: Max | B107: =MAX(B9:B104) -> 37.92 | C107: =MAX(C9:C104) -> 25.79 | D107: =MAX(D9:D104) -> 41.14 | E107: =MAX(E9:E104) -> 8.36 | F107: =MAX(F9:F104) -> 7.38 | G107: =MAX(G9:G104) -> 150.49 | H107: =MAX(H9:H104) -> 102.08 | I107: =MAX(I9:I104) -> 9.89 | ... Q107: =MAX(Q9:Q104) -> 9.65
A108: Avg | B108: =AVERAGE(B9:B104) -> 11.765625 | C108: =AVERAGE(C9:C104) -> 20.031979 | D108: =AVERAGE(D9:D104) -> 18.525208 | E108: =AVERAGE(E9:E104) -> 5.7520833 | F108: =AVERAGE(F9:F104) -> 4.8701042 | G108: =AVERAGE(G9:G104) -> 99.736042 | H108: =AVERAGE(H9:H104) -> 50.638438 | I108: =AVERAGE(I9:I104) -> 5.2022917 | ... Q108: =AVERAGE(Q9:Q104) -> 9.6232292
A109: Stdev | B109: =STDEV(B9:B104) -> 11.785932 | C109: =STDEV(C9:C104) -> 3.2455779 | D109: =STDEV(D9:D104) -> 10.740897 | E109: =STDEV(E9:E104) -> 1.036758 | F109: =STDEV(F9:F104) -> 0.73545617 | G109: =STDEV(G9:G104) -> 25.32528 | H109: =STDEV(H9:H104) -> 20.239515 | I109: =STDEV(I9:I104) -> 1.6095665 | ... Q109: =STDEV(Q9:Q104) -> 0.0098936228
A110: Num | B110: =COUNT(B9:B104) -> 96 | C110: =COUNT(C9:C104) -> 96 | D110: =COUNT(D9:D104) -> 96 | E110: =COUNT(E9:E104) -> 96 | F110: =COUNT(F9:F104) -> 96 | G110: =COUNT(G9:G104) -> 96 | H110: =COUNT(H9:H104) -> 96 | I110: =COUNT(I9:I104) -> 96 | ... Q110: =COUNT(Q9:Q104) -> 96
A111: DCR | B111: =IF(B110>=87,">90%",IF(B110<=87,"<90%")) -> >90% | C111: =IF(C110>=87,">90%",IF(C110<=87,"<90%")) -> >90% | D111: =IF(D110>=87,">90%",IF(D110<=87,"<90%")) -> >90% | E111: =IF(E110>=87,">90%",IF(E110<=87,"<90%")) -> >90% | F111: =IF(F110>=87,">90%",IF(F110<=87,"<90%")) -> >90% | G111: =IF(G110>=87,">90%",IF(G110<=87,"<90%")) -> >90% | H111: =IF(H110>=87,">90%",IF(H110<=87,"<90%")) -> >90% | I111: =IF(I110>=87,">90%",IF(I110<=87,"<90%")) -> >90% | ... Q111: =IF(Q110>=87,">90%",IF(Q110<=87,"<90%")) -> >90%
A112: Status | B112: =IF(B110>=87,"OK",IF(B110<=87,"LESS")) -> OK | C112: =IF(C110>=87,"OK",IF(C110<=87,"LESS")) -> OK | D112: =IF(D110>=87,"OK",IF(D110<=87,"LESS")) -> OK | E112: =IF(E110>=87,"OK",IF(E110<=87,"LESS")) -> OK | F112: =IF(F110>=87,"OK",IF(F110<=87,"LESS")) -> OK | G112: =IF(G110>=87,"OK",IF(G110<=87,"LESS")) -> OK | H112: =IF(H110>=87,"OK",IF(H110<=87,"LESS")) -> OK | I112: =IF(I110>=87,"OK",IF(I110<=87,"LESS")) -> OK | ... Q112: =IF(Q110>=87,"OK",IF(Q110<=87,"LESS")) -> OK
A115: Done by | B115: RK
A117: Comment

Sheet 08
A1: Station: | B1: BHATAGAON RAIPUR
A2: Date: | B2: =$A$9 -> 08/11/2024 00:15 | D2: Power Off | G2: Pw.Off | L2: Link Fail | N2: Link F | P2: Maintenance | R2: Maint.
A3: Report Type: | B3: Mean | D3: Calibration | G3: Calib. | L3: Data Fail | N3: Data F | P3: Invalid | R3: Invalid
A4: Time Base: | B4: 15 Min | D4: Zero Referrence | G4: Z.Ref | L4: Warm Up | N4: Wm. Up
A7: Date & Time | B7: NO_BHATAGAON | C7: NO2__BHATAGAON | D7: NOX_BHATAGAON | E7: SO2__BHATAGAON | F7: O3__BHATAGAON | G7: PM10__BHATAGAON | H7: PM2_5__BHATAGAON | I7: BENZ__BHATAGAON | J7: WS__BHATAGAON | K7: WD__BHATAGAON | L7: TEMP__BHATAGAON | M7: HUM__BHATAGAON | N7: SR__BHATAGAON | O7: RG__BHATAGAON | P7: CO__BHATAGAON | Q7: NH3__BHATAGAON
B8: ug/m3 | C8: ug/m3 | D8: ppb | E8: ug/m3 | F8: ug/m3 | G8: ug/m3 | H8: ug/m3 | I8: ug/m3 | J8: m/sec | K8: deg | L8: degreC | M8: % | N8: w/m2 | O8: mm | P8: mg/m3 | Q8: ug/m3
A9: 08/11/2024 00:15 | B9: 34.01 | C9: 25.5 | D9: 39.22 | E9: 5.1 | F9: 4.03 | G9: 96.8 | H9: 45.58 | I9: 7.18 | J9: 0.57 | K9: 337.19 | L9: 18.02 | M9: 91.23 | N9: 26.1 | O9: 0 | P9: 1.43 | Q9: 9.67
A10: 08/11/2024 00:30 | B10: 32.79 | C10: 24.78 | D10: 37.87 | E10: 5.11 | F10: 3.99 | G10: 96.8 | H10: 45.58 | I10: 7.08 | J10: 0.54 | K10: 286.82 | L10: 17.63 | M10: 88 | N10: 26.1 | O10: 0 | P10: 1.4 | Q10: 9.68
A11: 08/11/2024 00:45 | B11: 31.15 | C11: 22.87 | D11: 35.55 | E11: 5.27 | F11: 4.3 | G11: 96.8 | H11: 45.58 | I11: 7.11 | J11: 0.55 | K11: 323.09 | L11: 17.5 | M11: 88.87 | N11: 26.1 | O11: 0 | P11: 1.06 | Q11: 9.65
A12: 08/11/2024 01:00 | B12: 30.1 | C12: 21.2 | D12: 33.84 | E12: 5.47 | F12: 4.05 | G12: 97.29 | H12: 44.58 | I12: 6.25 | J12: 0.53 | K12: 303.18 | L12: 17.45 | M12: 91.15 | N12: 26.1 | O12: 0 | P12: 1.2 | Q12: 9.63
A13: 08/11/2024 01:15 | B13: 29.38 | C13: 20.76 | D13: 33.03 | E13: 5.31 | F13: 3.97 | G13: 98.73 | H13: 42.65 | I13: 5.26 | J13: 0.58 | K13: 323.18 | L13: 17.27 | M13: 93.19 | N13: 26.1 | O13: 0 | P13: 0.98 | Q13: 9.62
A14: 08/11/2024 01:30 | B14: 28.62 | C14: 20.09 | D14: 32.07 | E14: 4.88 | F14: 3.98 | G14: 98.73 | H14: 42.65 | I14: 5.21 | J14: 0.42 | K14: 268.55 | L14: 17.35 | M14: 92.89 | N14: 25.6 | O14: 0 | P14: 1.1 | Q14: 9.64
A15: 08/11/2024 01:45 | B15: 27.7 | C15: 19.27 | D15: 30.9 | E15: 4.71 | F15: 3.92 | G15: 98.73 | H15: 42.65 | I15: 5.66 | J15: 0.42 | K15: 173.34 | L15: 17.65 | M15: 92.56 | N15: 25.8 | O15: 0 | P15: 1.06 | Q15: 9.62
A16: 08/11/2024 02:00 | B16: 26.83 | C16: 18.31 | D16: 29.7 | E16: 5.26 | F16: 4.2 | G16: 97.86 | H16: 44.21 | I16: 5.29 | J16: 0.54 | K16: 218 | L16: 17.25 | M16: 94.96 | N16: 26.1 | O16: 0 | P16: 1.11 | Q16: 9.62
A17: 08/11/2024 02:15 | B17: 26.04 | C17: 17.51 | D17: 28.65 | E17: 5.51 | F17: 3.93 | G17: 95.31 | H17: 47.33 | I17: 6.74 | J17: 0.21 | K17: 336.85 | L17: 16.94 | M17: 97.38 | N17: 26.1 | O17: 0 | P17: 1.07 | Q17: 9.63
A18: 08/11/2024 02:30 | B18: 25.29 | C18: 16.74 | D18: 27.65 | E18: 5.69 | F18: 3.92 | G18: 95.31 | H18: 47.33 | I18: 7.4 | J18: 0.54 | K18: 2.95 | L18: 16.78 | M18: 99.25 | N18: 26.1 | O18: 0 | P18: 1.09 | Q18: 9.62
A19: 08/11/2024 02:45 | B19: 24.6 | C19: 16.99 | D19: 27.23 | E19: 6.01 | F19: 3.95 | G19: 95.31 | H19: 47.33 | I19: 7.07 | J19: 0.51 | K19: 352.34 | L19: 16.58 | M19: 100.98 | N19: 26.1 | O19: 0 | P19: 1.14 | Q19: 9.62
A20: 08/11/2024 03:00 | B20: 23.77 | C20: 16.86 | D20: 26.5 | E20: 6.41 | F20: 4.23 | G20: 97.63 | H20: 48.46 | I20: 7.07 | J20: 0.55 | K20: 335.98 | L20: 16.29 | M20: 102.6 | N20: 26.1 | O20: 0 | P20: 1.13 | Q20: 9.62
... A104: 08/11/2024 24:00 | B104: 17.97 | C104: 22.01 | D104: 24.54 | E104: 5.55 | F104: 4 | G104: 108.36 | H104: 47.77 | I104: 6.96 | J104: 1.37 | K104: 111.13 | L104: 19.86 | M104: 74.92 | N104: 25.7 | O104: 0 | P104: 1.13 | Q104: 9.63
A106: Min | B106: =MIN(B9:B104) -> 1.5 | C106: =MIN(C9:C104) -> 13.76 | D106: =MIN(D9:D104) -> 7.65 | E106: =MIN(E9:E104) -> 4.71 | F106: =MIN(F9:F104) -> 3.35 | G106: =MIN(G9:G104) -> 59.37 | H106: =MIN(H9:H104) -> 33.23 | I106: =MIN(I9:I104) -> 1.59 | ... Q106: =MIN(Q9:Q104) -> 9.61
A107: Max | B107: =MAX(B9:B104) -> 42.52 | C107: =MAX(C9:C104) -> 32.61 | D107: =MAX(D9:D104) -> 41.2 | E107: =MAX(E9:E104) -> 8.3 | F107: =MAX(F9:F104) -> 29.24 | G107: =MAX(G9:G104) -> 120.85 | H107: =MAX(H9:H104) -> 57.5 | I107: =MAX(I9:I104) -> 7.81 | ... Q107: =MAX(Q9:Q104) -> 9.68
A108: Avg | B108: =AVERAGE(B9:B104) -> 20.632396 | C108: =AVERAGE(C9:C104) -> 21.1625 | D108: =AVERAGE(D9:D104) -> 26.225 | E108: =AVERAGE(E9:E104) -> 6.5880208 | F108: =AVERAGE(F9:F104) -> 5.5415625 | G108: =AVERAGE(G9:G104) -> 100.2674 | H108: =AVERAGE(H9:H104) -> 45.353021 | I108: =AVERAGE(I9:I104) -> 5.533125 | ... Q108: =AVERAGE(Q9:Q104) -> 9.6311458
A109: Stdev | B109: =STDEV(B9:B104) -> 12.618458 | C109: =STDEV(C9:C104) -> 4.2822898 | D109: =STDEV(D9:D104) -> 10.225622 | E109: =STDEV(E9:E104) -> 0.77694628 | F109: =STDEV(F9:F104) -> 3.2853279 | G109: =STDEV(G9:G104) -> 14.831442 | H109: =STDEV(H9:H104) -> 6.4752 | I109: =STDEV(I9:I104) -> 1.7356014 | ... Q109: =STDEV(Q9:Q104) -> 0.01263827
A110: Num | B110: =COUNT(B9:B104) -> 96 | C110: =COUNT(C9:C104) -> 96 | D110: =COUNT(D9:D104) -> 96 | E110: =COUNT(E9:E104) -> 96 | F110: =COUNT(F9:F104) -> 96 | G110: =COUNT(G9:G104) -> 96 | H110: =COUNT(H9:H104) -> 96 | I110: =COUNT(I9:I104) -> 96 | ... Q110: =COUNT(Q9:Q104) -> 96
A111: DCR | B111: =IF(B110>=87,">90%",IF(B110<=87,"<90%")) -> >90% | C111: =IF(C110>=87,">90%",IF(C110<=87,"<90%")) -> >90% | D111: =IF(D110>=87,">90%",IF(D110<=87,"<90%")) -> >90% | E111: =IF(E110>=87,">90%",IF(E110<=87,"<90%")) -> >90% | F111: =IF(F110>=87,">90%",IF(F110<=87,"<90%")) -> >90% | G111: =IF(G110>=87,">90%",IF(G110<=87,"<90%")) -> >90% | H111: =IF(H110>=87,">90%",IF(H110<=87,"<90%")) -> >90% | I111: =IF(I110>=87,">90%",IF(I110<=87,"<90%")) -> >90% | ... Q111: =IF(Q110>=87,">90%",IF(Q110<=87,"<90%")) -> >90%
A112: Status | B112: =IF(B110>=87,"OK",IF(B110<=87,"LESS")) -> OK | C112: =IF(C110>=87,"OK",IF(C110<=87,"LESS")) -> OK | D112: =IF(D110>=87,"OK",IF(D110<=87,"LESS")) -> OK | E112: =IF(E110>=87,"OK",IF(E110<=87,"LESS")) -> OK | F112: =IF(F110>=87,"OK",IF(F110<=87,"LESS")) -> OK | G112: =IF(G110>=87,"OK",IF(G110<=87,"LESS")) -> OK | H112: =IF(H110>=87,"OK",IF(H110<=87,"LESS")) -> OK | I112: =IF(I110>=87,"OK",IF(I110<=87,"LESS")) -> OK | ... Q112: =IF(Q110>=87,"OK",IF(Q110<=87,"LESS")) -> OK
A115: Done by | B115: RK
A117: Comment

Sheet 09
A1: Station: | B1: BHATAGAON RAIPUR
A2: Date: | B2: =$A$9 -> 09/11/2024 00:15 | D2: Power Off | G2: Pw.Off | L2: Link Fail | N2: Link F | P2: Maintenance | R2: Maint.
A3: Report Type: | B3: Mean | D3: Calibration | G3: Calib. | L3: Data Fail | N3: Data F | P3: Invalid | R3: Invalid
A4: Time Base: | B4: 15 Min | D4: Zero Referrence | G4: Z.Ref | L4: Warm Up | N4: Wm. Up
A7: Date & Time | B7: NO_BHATAGAON | C7: NO2__BHATAGAON | D7: NOX_BHATAGAON | E7: SO2__BHATAGAON | F7: O3__BHATAGAON | G7: PM10__BHATAGAON | H7: PM2_5__BHATAGAON | I7: BENZ__BHATAGAON | J7: WS__BHATAGAON | K7: WD__BHATAGAON | L7: TEMP__BHATAGAON | M7: HUM__BHATAGAON | N7: SR__BHATAGAON | O7: RG__BHATAGAON | P7: CO__BHATAGAON | Q7: NH3__BHATAGAON
B8: ug/m3 | C8: ug/m3 | D8: ppb | E8: ug/m3 | F8: ug/m3 | G8: ug/m3 | H8: ug/m3 | I8: ug/m3 | J8: m/sec | K8: deg | L8: degreC | M8: % | N8: w/m2 | O8: mm | P8: mg/m3 | Q8: ug/m3
A9: 09/11/2024 00:15 | B9: 15.99 | C9: 22.12 | D9: 23 | E9: 5.56 | F9: 4.12 | G9: 99.23 | H9: 47.53 | I9: 7.29 | J9: 1.35 | K9: 107.98 | L9: 19.8 | M9: 74.67 | N9: 25.9 | O9: 0 | P9: 1.1 | Q9: 9.62
A10: 09/11/2024 00:30 | B10: 14.2 | C10: 21.86 | D10: 21.43 | E10: 5.89 | F10: 4.51 | G10: 99.23 | H10: 47.53 | I10: 7.51 | J10: 0.17 | K10: 358.95 | L10: 19.66 | M10: 75.81 | N10: 26.2 | O10: 0 | P10: 1.04 | Q10: 9.63
A11: 09/11/2024 00:45 | B11: 13.03 | C11: 21.69 | D11: 20.4 | E11: 5.81 | F11: 4.92 | G11: 99.23 | H11: 47.53 | I11: 7.73 | J11: 0.11 | K11: 346.31 | L11: 19.24 | M11: 78.91 | N11: 26.2 | O11: 0 | P11: 0.99 | Q11: 9.63
A12: 09/11/2024 01:00 | B12: 12.09 | C12: 21.33 | D12: 19.46 | E12: 5.66 | F12: 3.99 | G12: 96.98 | H12: 46.43 | I12: 7.36 | J12: 0.26 | K12: 268.36 | L12: 18.94 | M12: 81.45 | N12: 26.1 | O12: 0 | P12: 0.98 | Q12: 9.65
A13: 09/11/2024 01:15 | B13: 11.2 | C13: 21.12 | D13: 18.64 | E13: 5.38 | F13: 3.61 | G13: 90.42 | H13: 44.32 | I13: 6.81 | J13: 0.48 | K13: 282.45 | L13: 18.72 | M13: 82.68 | N13: 26.1 | O13: 0 | P13: 0.92 | Q13: 9.63
A14: 09/11/2024 01:30 | B14: 10.35 | C14: 20.76 | D14: 17.77 | E14: 5.41 | F14: 3.14 | G14: 90.42 | H14: 44.32 | I14: 6.9 | J14: 0.64 | K14: 306.19 | L14: 18.51 | M14: 84.28 | N14: 26.1 | O14: 0 | P14: 0.93 | Q14: 9.63
A15: 09/11/2024 01:45 | B15: 9.82 | C15: 19.13 | D15: 16.5 | E15: 5.28 | F15: 3.61 | G15: 90.42 | H15: 44.32 | I15: 6.9 | J15: 0.48 | K15: 305.48 | L15: 18.23 | M15: 88.33 | N15: 26.1 | O15: 0 | P15: 0.69 | Q15: 9.61
A16: 09/11/2024 02:00 | B16: 9.49 | C16: 17.76 | D16: 15.51 | E16: 5.05 | F16: 4.89 | G16: 87.34 | H16: 43 | I16: 6.05 | J16: 0.21 | K16: 252.42 | L16: 18.29 | M16: 85.79 | N16: 25.8 | O16: 0 | P16: 0.67 | Q16: 9.62
A17: 09/11/2024 02:15 | B17: 9.26 | C17: 17.39 | D17: 15.13 | E17: 5.11 | F17: 4.73 | G17: 78.38 | H17: 40.46 | I17: 4.92 | J17: 0.51 | K17: 318.05 | L17: 18.2 | M17: 88.17 | N17: 26.1 | O17: 0 | P17: 0.72 | Q17: 9.62
A18: 09/11/2024 02:30 | B18: 9.07 | C18: 16.84 | D18: 14.7 | E18: 4.88 | F18: 4.38 | G18: 78.38 | H18: 40.46 | I18: 3.87 | J18: 0.49 | K18: 332.17 | L18: 18 | M18: 89.29 | N18: 26 | O18: 0 | P18: 0.72 | Q18: 9.63
A19: 09/11/2024 02:45 | B19: 8.89 | C19: 16.33 | D19: 14.28 | E19: 5.18 | F19: 3.91 | G19: 78.38 | H19: 40.46 | I19: 3.96 | J19: 0.55 | K19: 306.67 | L19: 17.68 | M19: 92.22 | N19: 26.1 | O19: 0 | P19: 0.67 | Q19: 9.62
A20: 09/11/2024 03:00 | B20: 8.85 | C20: 15.75 | D20: 13.95 | E20: 5.5 | F20: 4.45 | G20: 77.4 | H20: 39.36 | I20: 3.98 | J20: 0.49 | K20: 311.06 | L20: 17.41 | M20: 93.13 | N20: 26.1 | O20: 0 | P20: 0.73 | Q20: 9.61
... A104: 09/11/2024 24:00 | B104: 27.39 | C104: 20.79 | D104: 31.44 | E104: 5.61 | F104: 4 | G104: 88.32 | H104: 47.57 | I104: 4.37 | J104: 0.15 | K104: 199.06 | L104: 19.68 | M104: 70.7 | N104: 25.9 | O104: 0 | P104: 0.95 | Q104: 9.65
A106: Min | B106: =MIN(B9:B104) -> 2.96 | C106: =MIN(C9:C104) -> 15.17 | D106: =MIN(D9:D104) -> 11.1 | E106: =MIN(E9:E104) -> 3.89 | F106: =MIN(F9:F104) -> 3.14 | G106: =MIN(G9:G104) -> 62.84 | H106: =MIN(H9:H104) -> 24.25 | I106: =MIN(I9:I104) -> 2.04 | ... Q106: =MIN(Q9:Q104) -> 9.61
A107: Max | B107: =MAX(B9:B104) -> 33.17 | C107: =MAX(C9:C104) -> 28.14 | D107: =MAX(D9:D104) -> 39.92 | E107: =MAX(E9:E104) -> 6.77 | F107: =MAX(F9:F104) -> 6.78 | G107: =MAX(G9:G104) -> 117.72 | H107: =MAX(H9:H104) -> 61.08 | I107: =MAX(I9:I104) -> 9.45 | ... Q107: =MAX(Q9:Q104) -> 9.67
A108: Avg | B108: =AVERAGE(B9:B104) -> 12.973958 | C108: =AVERAGE(C9:C104) -> 21.021146 | D108: =AVERAGE(D9:D104) -> 20.010208 | E108: =AVERAGE(E9:E104) -> 5.5144792 | F108: =AVERAGE(F9:F104) -> 4.465625 | G108: =AVERAGE(G9:G104) -> 84.304896 | H108: =AVERAGE(H9:H104) -> 44.376562 | I108: =AVERAGE(I9:I104) -> 5.3769792 | ... Q108: =AVERAGE(Q9:Q104) -> 9.6290625
A109: Stdev | B109: =STDEV(B9:B104) -> 8.701621 | C109: =STDEV(C9:C104) -> 3.4742711 | D109: =STDEV(D9:D104) -> 7.7500924 | E109: =STDEV(E9:E104) -> 0.56600515 | F109: =STDEV(F9:F104) -> 0.70559838 | G109: =STDEV(G9:G104) -> 16.6944 | H109: =STDEV(H9:H104) -> 8.2929134 | I109: =STDEV(I9:I104) -> 1.4918665 | ... Q109: =STDEV(Q9:Q104) -> 0.01346169
A110: Num | B110: =COUNT(B9:B104) -> 96 | C110: =COUNT(C9:C104) -> 96 | D110: =COUNT(D9:D104) -> 96 | E110: =COUNT(E9:E104) -> 96 | F110: =COUNT(F9:F104) -> 96 | G110: =COUNT(G9:G104) -> 96 | H110: =COUNT(H9:H104) -> 96 | I110: =COUNT(I9:I104) -> 96 | ... Q110: =COUNT(Q9:Q104) -> 96
A111: DCR | B111: =IF(B110>=87,">90%",IF(B110<=87,"<90%")) -> >90% | C111: =IF(C110>=87,">90%",IF(C110<=87,"<90%")) -> >90% | D111: =IF(D110>=87,">90%",IF(D110<=87,"<90%")) -> >90% | E111: =IF(E110>=87,">90%",IF(E110<=87,"<90%")) -> >90% | F111: =IF(F110>=87,">90%",IF(F110<=87,"<90%")) -> >90% | G111: =IF(G110>=87,">90%",IF(G110<=87,"<90%")) -> >90% | H111: =IF(H110>=87,">90%",IF(H110<=87,"<90%")) -> >90% | I111: =IF(I110>=87,">90%",IF(I110<=87,"<90%")) -> >90% | ... Q111: =IF(Q110>=87,">90%",IF(Q110<=87,"<90%")) -> >90%
A112: Status | B112: =IF(B110>=87,"OK",IF(B110<=87,"LESS")) -> OK | C112: =IF(C110>=87,"OK",IF(C110<=87,"LESS")) -> OK | D112: =IF(D110>=87,"OK",IF(D110<=87,"LESS")) -> OK | E112: =IF(E110>=87,"OK",IF(E110<=87,"LESS")) -> OK | F112: =IF(F110>=87,"OK",IF(F110<=87,"LESS")) -> OK | G112: =IF(G110>=87,"OK",IF(G110<=87,"LESS")) -> OK | H112: =IF(H110>=87,"OK",IF(H110<=87,"LESS")) -> OK | I112: =IF(I110>=87,"OK",IF(I110<=87,"LESS")) -> OK | ... Q112: =IF(Q110>=87,"OK",IF(Q110<=87,"LESS")) -> OK
A115: Done by | B115: RK
A117: Comment

Sheet 10
A1: Station: | B1: BHATAGAON RAIPUR
A2: Date: | B2: =$A$9 -> 10/11/2024 00:15 | D2: Power Off | G2: Pw.Off | L2: Link Fail | N2: Link F | P2: Maintenance | R2: Maint.
A3: Report Type: | B3: Mean | D3: Calibration | G3: Calib. | L3: Data Fail | N3: Data F | P3: Invalid | R3: Invalid
A4: Time Base: | B4: 15 Min | D4: Zero Referrence | G4: Z.Ref | L4: Warm Up | N4: Wm. Up
A7: Date & Time | B7: NO_BHATAGAON | C7: NO2__BHATAGAON | D7: NOX_BHATAGAON | E7: SO2__BHATAGAON | F7: O3__BHATAGAON | G7: PM10__BHATAGAON | H7: PM2_5__BHATAGAON | I7: BENZ__BHATAGAON | J7: WS__BHATAGAON | K7: WD__BHATAGAON | L7: TEMP__BHATAGAON | M7: HUM__BHATAGAON | N7: SR__BHATAGAON | O7: RG__BHATAGAON | P7: CO__BHATAGAON | Q7: NH3__BHATAGAON
B8: ug/m3 | C8: ug/m3 | D8: ppb | E8: ug/m3 | F8: ug/m3 | G8: ug/m3 | H8: ug/m3 | I8: ug/m3 | J8: m/sec | K8: deg | L8: degreC | M8: % | N8: w/m2 | O8: mm | P8: mg/m3 | Q8: ug/m3
A9: 10/11/2024 00:15 | B9: 26.48 | C9: 20.2 | D9: 30.41 | E9: 5.85 | F9: 4.27 | G9: 90.77 | H9: 47 | I9: 4.63 | J9: 0.51 | K9: 286.54 | L9: 19.46 | M9: 72.02 | N9: 26.1 | O9: 0 | P9: 1.04 | Q9: 9.65
A10: 10/11/2024 00:30 | B10: 25.4 | C10: 20.21 | D10: 29.55 | E10: 5.55 | F10: 4.06 | G10: 90.77 | H10: 47 | I10: 3.33 | J10: 0.39 | K10: 260.13 | L10: 19.06 | M10: 74.89 | N10: 26.3 | O10: 0 | P10: 1.36 | Q10: 9.63
A11: 10/11/2024 00:45 | B11: 24.08 | C11: 20.47 | D11: 28.63 | E11: 5.26 | F11: 4.03 | G11: 90.77 | H11: 47 | I11: 4.71 | J11: 0.53 | K11: 224.04 | L11: 18.81 | M11: 77.04 | N11: 25.9 | O11: 0 | P11: 1.3 | Q11: 9.63
A12: 10/11/2024 01:00 | B12: 22.87 | C12: 20.61 | D12: 27.73 | E12: 5.37 | F12: 4.09 | G12: 90.79 | H12: 43.4 | I12: 6.69 | J12: 0.45 | K12: 319.16 | L12: 18.85 | M12: 78.01 | N12: 26 | O12: 0 | P12: 1.26 | Q12: 9.65
A13: 10/11/2024 01:15 | B13: 22.08 | C13: 20.92 | D13: 27.26 | E13: 5.22 | F13: 3.64 | G13: 90.86 | H13: 36.53 | I13: 6.99 | J13: 0.53 | K13: 308.7 | L13: 18.22 | M13: 84.15 | N13: 26.3 | O13: 0 | P13: 1.13 | Q13: 9.65
A14: 10/11/2024 01:30 | B14: 21.6 | C14: 21.16 | D14: 27 | E14: 5.44 | F14: 3.6 | G14: 90.86 | H14: 36.53 | I14: 7.08 | J14: 0.33 | K14: 310.69 | L14: 17.78 | M14: 87.05 | N14: 26.1 | O14: 0 | P14: 1.15 | Q14: 9.64
A15: 10/11/2024 01:45 | B15: 20.95 | C15: 21.09 | D15: 26.44 | E15: 5.11 | F15: 3.44 | G15: 90.86 | H15: 36.53 | I15: 7.01 | J15: 0.36 | K15: 249.4 | L15: 17.81 | M15: 88.35 | N15: 25.9 | O15: 0 | P15: 1.12 | Q15: 9.63
A16: 10/11/2024 02:00 | B16: 20.44 | C16: 21.02 | D16: 26 | E16: 5.29 | F16: 3.69 | G16: 89.47 | H16: 36.91 | I16: 6.84 | J16: 0.55 | K16: 347.19 | L16: 17.47 | M16: 92.51 | N16: 26.1 | O16: 0 | P16: 1.09 | Q16: 9.65
A17: 10/11/2024 02:15 | B17: 19.86 | C17: 20.66 | D17: 25.34 | E17: 5.04 | F17: 4.13 | G17: 85.44 | H17: 37.65 | I17: 6.71 | J17: 0.32 | K17: 251.98 | L17: 17.22 | M17: 93.7 | N17: 25.8 | O17: 0 | P17: 1.06 | Q17: 9.63
A18: 10/11/2024 02:30 | B18: 19.29 | C18: 20.34 | D18: 24.72 | E18: 4.85 | F18: 3.83 | G18: 85.44 | H18: 37.65 | I18: 6.62 | J18: 0.42 | K18: 237.68 | L18: 17.3 | M18: 94.44 | N18: 25.9 | O18: 0 | P18: 1.03 | Q18: 9.63
A19: 10/11/2024 02:45 | B19: 18.88 | C19: 18.61 | D19: 23.49 | E19: 5.15 | F19: 3.69 | G19: 85.44 | H19: 37.65 | I19: 6.22 | J19: 0.56 | K19: 329.46 | L19: 17.3 | M19: 95.8 | N19: 26.1 | O19: 0 | P19: 0.89 | Q19: 9.64
A20: 10/11/2024 03:00 | B20: 18.76 | C20: 17.11 | D20: 22.61 | E20: 5.16 | F20: 3.77 | G20: 85.47 | H20: 38.29 | I20: 5.87 | J20: 0.14 | K20: 325.32 | L20: 17.12 | M20: 96.58 | N20: 25.7 | O20: 0 | P20: 0.85 | Q20: 9.63
... A104: 10/11/2024 24:00 | B104: 7.61 | C104: 20.63 | D104: 15.51 | E104: 5.37 | F104: 4.38 | G104: 84.65 | H104: 4.05 | I104: 4.77 | J104: 0.67 | K104: 114.14 | L104: 20.43 | M104: 65.65 | N104: 26.5 | O104: 0 | P104: 0.68 | Q104: 9.63
A106: Min | B106: =MIN(B9:B104) -> 5.23 | C106: =MIN(C9:C104) -> 15.5 | D106: =MIN(D9:D104) -> 15.51 | E106: =MIN(E9:E104) -> 4.85 | F106: =MIN(F9:F104) -> 3.26 | G106: =MIN(G9:G104) -> 81.78 | H106: =MIN(H9:H104) -> 4.05 | I106: =MIN(I9:I104) -> 3.18 | ... Q106: =MIN(Q9:Q104) -> 9.61
A107: Max | B107: =MAX(B9:B104) -> 27.89 | C107: =MAX(C9:C104) -> 30.47 | D107: =MAX(D9:D104) -> 30.92 | E107: =MAX(E9:E104) -> 6.8 | F107: =MAX(F9:F104) -> 5.52 | G107: =MAX(G9:G104) -> 125.26 | H107: =MAX(H9:H104) -> 50.68 | I107: =MAX(I9:I104) -> 7.14 | ... Q107: =MAX(Q9:Q104) -> 9.65
A108: Avg | B108: =AVERAGE(B9:B104) -> 14.167917 | C108: =AVERAGE(C9:C104) -> 22.656875 | D108: =AVERAGE(D9:D104) -> 21.8225 | E108: =AVERAGE(E9:E104) -> 5.7167708 | F108: =AVERAGE(F9:F104) -> 4.2807292 | G108: =AVERAGE(G9:G104) -> 97.004583 | H108: =AVERAGE(H9:H104) -> 36.020729 | I108: =AVERAGE(I9:I104) -> 5.4851042 | ... Q108: =AVERAGE(Q9:Q104) -> 9.6283333
A109: Stdev | B109: =STDEV(B9:B104) -> 7.2113053 | C109: =STDEV(C9:C104) -> 4.3267961 | D109: =STDEV(D9:D104) -> 4.49466 | E109: =STDEV(E9:E104) -> 0.47743943 | F109: =STDEV(F9:F104) -> 0.48489661 | G109: =STDEV(G9:G104) -> 10.572326 | H109: =STDEV(H9:H104) -> 13.709516 | I109: =STDEV(I9:I104) -> 0.96345431 | ... Q109: =STDEV(Q9:Q104) -> 0.0093658581
A110: Num | B110: =COUNT(B9:B104) -> 96 | C110: =COUNT(C9:C104) -> 96 | D110: =COUNT(D9:D104) -> 96 | E110: =COUNT(E9:E104) -> 96 | F110: =COUNT(F9:F104) -> 96 | G110: =COUNT(G9:G104) -> 96 | H110: =COUNT(H9:H104) -> 96 | I110: =COUNT(I9:I104) -> 96 | ... Q110: =COUNT(Q9:Q104) -> 96
A111: DCR | B111: =IF(B110>=87,">90%",IF(B110<=87,"<90%")) -> >90% | C111: =IF(C110>=87,">90%",IF(C110<=87,"<90%")) -> >90% | D111: =IF(D110>=87,">90%",IF(D110<=87,"<90%")) -> >90% | E111: =IF(E110>=87,">90%",IF(E110<=87,"<90%")) -> >90% | F111: =IF(F110>=87,">90%",IF(F110<=87,"<90%")) -> >90% | G111: =IF(G110>=87,">90%",IF(G110<=87,"<90%")) -> >90% | H111: =IF(H110>=87,">90%",IF(H110<=87,"<90%")) -> >90% | I111: =IF(I110>=87,">90%",IF(I110<=87,"<90%")) -> >90% | ... Q111: =IF(Q110>=87,">90%",IF(Q110<=87,"<90%")) -> >90%
A112: Status | B112: =IF(B110>=87,"OK",IF(B110<=87,"LESS")) -> OK | C112: =IF(C110>=87,"OK",IF(C110<=87,"LESS")) -> OK | D112: =IF(D110>=87,"OK",IF(D110<=87,"LESS")) -> OK | E112: =IF(E110>=87,"OK",IF(E110<=87,"LESS")) -> OK | F112: =IF(F110>=87,"OK",IF(F110<=87,"LESS")) -> OK | G112: =IF(G110>=87,"OK",IF(G110<=87,"LESS")) -> OK | H112: =IF(H110>=87,"OK",IF(H110<=87,"LESS")) -> OK | I112: =IF(I110>=87,"OK",IF(I110<=87,"LESS")) -> OK | ... Q112: =IF(Q110>=87,"OK",IF(Q110<=87,"LESS")) -> OK
A115: Done by | B115: RK
A117: Comment

Sheet 11
A1: Station: | B1: BHATAGAON RAIPUR
A2: Date: | B2: =$A$9 -> 11/11/2024 00:15 | D2: Power Off | G2: Pw.Off | L2: Link Fail | N2: Link F | P2: Maintenance | R2: Maint.
A3: Report Type: | B3: Mean | D3: Calibration | G3: Calib. | L3: Data Fail | N3: Data F | P3: Invalid | R3: Invalid
A4: Time Base: | B4: 15 Min | D4: Zero Referrence | G4: Z.Ref | L4: Warm Up | N4: Wm. Up
A7: Date & Time | B7: NO_BHATAGAON | C7: NO2__BHATAGAON | D7: NOX_BHATAGAON | E7: SO2__BHATAGAON | F7: O3__BHATAGAON | G7: PM10__BHATAGAON | H7: PM2_5__BHATAGAON | I7: BENZ__BHATAGAON | J7: WS__BHATAGAON | K7: WD__BHATAGAON | L7: TEMP__BHATAGAON | M7: HUM__BHATAGAON | N7: SR__BHATAGAON | O7: RG__BHATAGAON | P7: CO__BHATAGAON | Q7: NH3__BHATAGAON
B8: ug/m3 | C8: ug/m3 | D8: ppb | E8: ug/m3 | F8: ug/m3 | G8: ug/m3 | H8: ug/m3 | I8: ug/m3 | J8: m/sec | K8: deg | L8: degreC | M8: % | N8: w/m2 | O8: mm | P8: mg/m3 | Q8: ug/m3
A9: 11/11/2024 00:15 | B9: 7.24 | C9: 20.25 | D9: 15.01 | E9: 4.9 | F9: 4.67 | G9: 84.06 | H9: 2.94 | I9: 4.24 | J9: 0.62 | K9: 120.58 | L9: 20.32 | M9: 67.02 | N9: 26.4 | O9: 0 | P9: 0.7 | Q9: 9.62
A10: 11/11/2024 00:30 | B10: 6.9 | C10: 19.67 | D10: 14.43 | E10: 5.21 | F10: 3.47 | G10: 84.06 | H10: 2.94 | I10: 3.68 | J10: 0.35 | K10: 119.6 | L10: 20.34 | M10: 67.72 | N10: 26.2 | O10: 0 | P10: 0.71 | Q10: 9.62
A11: 11/11/2024 00:45 | B11: 6.63 | C11: 19.23 | D11: 13.98 | E11: 5.08 | F11: 4.12 | G11: 84.06 | H11: 2.94 | I11: 3.74 | J11: 0.52 | K11: 110.28 | L11: 20.19 | M11: 68.49 | N11: 26.4 | O11: 0 | P11: 0.66 | Q11: 9.62
A12: 11/11/2024 01:00 | B12: 6.37 | C12: 18.63 | D12: 13.46 | E12: 5.22 | F12: 4.03 | G12: 83.66 | H12: 41.93 | I12: 3.94 | J12: 1.39 | K12: 113.18 | L12: 20.34 | M12: 68 | N12: 25.9 | O12: 0 | P12: 0.74 | Q12: 9.63
A13: 11/11/2024 01:15 | B13: 6.02 | C13: 18.23 | D13: 12.97 | E13: 4.87 | F13: 7.31 | G13: 82.5 | H13: 116.5 | I13: 4.58 | J13: 1.19 | K13: 113.34 | L13: 20.35 | M13: 68.54 | N13: 26.2 | O13: 0 | P13: 0.65 | Q13: 9.62
A14: 11/11/2024 01:30 | B14: 5.61 | C14: 18.31 | D14: 12.69 | E14: 5.54 | F14: 4.49 | G14: 82.5 | H14: 116.5 | I14: 4.86 | J14: 0.57 | K14: 98.79 | L14: 20.31 | M14: 69.9 | N14: 26.3 | O14: 0 | P14: 0.77 | Q14: 9.61
A15: 11/11/2024 01:45 | B15: 5.15 | C15: 18.53 | D15: 12.43 | E15: 5.48 | F15: 4.21 | G15: 82.5 | H15: 116.5 | I15: 5.11 | J15: 1.37 | K15: 339.18 | L15: 20.01 | M15: 72.33 | N15: 26.7 | O15: 0 | P15: 0.75 | Q15: 9.63
A16: 11/11/2024 02:00 | B16: 4.79 | C16: 18.89 | D16: 12.34 | E16: 5.22 | F16: 4.6 | G16: 81.03 | H16: 92.43 | I16: 6.31 | J16: 0.81 | K16: 350.07 | L16: 19.63 | M16: 73.38 | N16: 26.5 | O16: 0 | P16: 0.73 | Q16: 9.63
A17: 11/11/2024 02:15 | B17: 4.68 | C17: 19.19 | D17: 12.4 | E17: 5.38 | F17: 4.4 | G17: 76.76 | H17: 44.29 | I17: 6.67 | J17: 1.06 | K17: 337.62 | L17: 19.47 | M17: 74.18 | N17: 26.2 | O17: 0 | P17: 0.72 | Q17: 9.62
A18: 11/11/2024 02:30 | B18: 4.76 | C18: 19.91 | D18: 12.84 | E18: 5.61 | F18: 4.12 | G18: 76.76 | H18: 44.29 | I18: 6.42 | J18: 1.23 | K18: 340.44 | L18: 19.42 | M18: 73.79 | N18: 26.3 | O18: 0 | P18: 0.73 | Q18: 9.63
A19: 11/11/2024 02:45 | B19: 4.88 | C19: 20.54 | D19: 13.27 | E19: 5.5 | F19: 4.03 | G19: 76.76 | H19: 44.29 | I19: 6.29 | J19: 0.93 | K19: 336.68 | L19: 19.29 | M19: 74.01 | N19: 26.3 | O19: 0 | P19: 0.74 | Q19: 9.63
A20: 11/11/2024 03:00 | B20: 5.07 | C20: 20.5 | D20: 13.4 | E20: 5.28 | F20: 4.08 | G20: 81 | H20: 44.61 | I20: 6.12 | J20: 0.12 | K20: 317.94 | L20: 19.05 | M20: 74.54 | N20: 26.1 | O20: 0 | P20: 0.73 | Q20: 9.62
... A104: 11/11/2024 24:00 | B104: 6.28 | C104: 25.02 | D104: 16.73 | E104: 3.88 | F104: 4.15 | G104: 72.67 | H104: 43.81 | I104: 5.7 | J104: 0.1 | K104: 40.47 | L104: 18.74 | M104: 77.43 | N104: 25.9 | O104: 0 | P104: 0.95 | Q104: 9.64
A106: Min | B106: =MIN(B9:B104) -> 1.88 | C106: =MIN(C9:C104) -> 16.87 | D106: =MIN(D9:D104) -> 11.66 | E106: =MIN(E9:E104) -> 3.77 | F106: =MIN(F9:F104) -> 3.36 | G106: =MIN(G9:G104) -> 45.96 | H106: =MIN(H9:H104) -> 0.48 | I106: =MIN(I9:I104) -> 2.34 | ... Q106: =MIN(Q9:Q104) -> 9.61
A107: Max | B107: =MAX(B9:B104) -> 21.51 | C107: =MAX(C9:C104) -> 48.23 | D107: =MAX(D9:D104) -> 30.94 | E107: =MAX(E9:E104) -> 9.4 | F107: =MAX(F9:F104) -> 15.88 | G107: =MAX(G9:G104) -> 115.11 | H107: =MAX(H9:H104) -> 116.5 | I107: =MAX(I9:I104) -> 7.02 | ... Q107: =MAX(Q9:Q104) -> 9.65
A108: Avg | B108: =AVERAGE(B9:B104) -> 8.3163542 | C108: =AVERAGE(C9:C104) -> 24.186979 | D108: =AVERAGE(D9:D104) -> 17.928958 | E108: =AVERAGE(E9:E104) -> 6.2690625 | F108: =AVERAGE(F9:F104) -> 5.1797917 | G108: =AVERAGE(G9:G104) -> 82.889167 | H108: =AVERAGE(H9:H104) -> 42.619375 | I108: =AVERAGE(I9:I104) -> 4.5735417 | ... Q108: =AVERAGE(Q9:Q104) -> 9.6273958
A109: Stdev | B109: =STDEV(B9:B104) -> 5.4004809 | C109: =STDEV(C9:C104) -> 6.2912558 | D109: =STDEV(D9:D104) -> 5.1794024 | E109: =STDEV(E9:E104) -> 0.92373051 | F109: =STDEV(F9:F104) -> 2.2889041 | G109: =STDEV(G9:G104) -> 16.803628 | H109: =STDEV(H9:H104) -> 29.584625 | I109: =STDEV(I9:I104) -> 1.037154 | ... Q109: =STDEV(Q9:Q104) -> 0.008365945
A110: Num | B110: =COUNT(B9:B104) -> 96 | C110: =COUNT(C9:C104) -> 96 | D110: =COUNT(D9:D104) -> 96 | E110: =COUNT(E9:E104) -> 96 | F110: =COUNT(F9:F104) -> 96 | G110: =COUNT(G9:G104) -> 96 | H110: =COUNT(H9:H104) -> 96 | I110: =COUNT(I9:I104) -> 96 | ... Q110: =COUNT(Q9:Q104) -> 96
A111: DCR | B111: =IF(B110>=87,">90%",IF(B110<=87,"<90%")) -> >90% | C111: =IF(C110>=87,">90%",IF(C110<=87,"<90%")) -> >90% | D111: =IF(D110>=87,">90%",IF(D110<=87,"<90%")) -> >90% | E111: =IF(E110>=87,">90%",IF(E110<=87,"<90%")) -> >90% | F111: =IF(F110>=87,">90%",IF(F110<=87,"<90%")) -> >90% | G111: =IF(G110>=87,">90%",IF(G110<=87,"<90%")) -> >90% | H111: =IF(H110>=87,">90%",IF(H110<=87,"<90%")) -> >90% | I111: =IF(I110>=87,">90%",IF(I110<=87,"<90%")) -> >90% | ... Q111: =IF(Q110>=87,">90%",IF(Q110<=87,"<90%")) -> >90%
A112: Status | B112: =IF(B110>=87,"OK",IF(B110<=87,"LESS")) -> OK | C112: =IF(C110>=87,"OK",IF(C110<=87,"LESS")) -> OK | D112: =IF(D110>=87,"OK",IF(D110<=87,"LESS")) -> OK | E112: =IF(E110>=87,"OK",IF(E110<=87,"LESS")) -> OK | F112: =IF(F110>=87,"OK",IF(F110<=87,"LESS")) -> OK | G112: =IF(G110>=87,"OK",IF(G110<=87,"LESS")) -> OK | H112: =IF(H110>=87,"OK",IF(H110<=87,"LESS")) -> OK | I112: =IF(I110>=87,"OK",IF(I110<=87,"LESS")) -> OK | ... Q112: =IF(Q110>=87,"OK",IF(Q110<=87,"LESS")) -> OK
A115: Done by | B115: RK
A117: Comment

Sheet 12
A1: Station: | B1: BHATAGAON RAIPUR
A2: Date: | B2: =$A$9 -> 12/11/2024 00:15 | D2: Power Off | G2: Pw.Off | L2: Link Fail | N2: Link F | P2: Maintenance | R2: Maint.
A3: Report Type: | B3: Mean | D3: Calibration | G3: Calib. | L3: Data Fail | N3: Data F | P3: Invalid | R3: Invalid
A4: Time Base: | B4: 15 Min | D4: Zero Referrence | G4: Z.Ref | L4: Warm Up | N4: Wm. Up
A7: Date & Time | B7: NO_BHATAGAON | C7: NO2__BHATAGAON | D7: NOX_BHATAGAON | E7: SO2__BHATAGAON | F7: O3__BHATAGAON | G7: PM10__BHATAGAON | H7: PM2_5__BHATAGAON | I7: BENZ__BHATAGAON | J7: WS__BHATAGAON | K7: WD__BHATAGAON | L7: TEMP__BHATAGAON | M7: HUM__BHATAGAON | N7: SR__BHATAGAON | O7: RG__BHATAGAON | P7: CO__BHATAGAON | Q7: NH3__BHATAGAON
B8: ug/m3 | C8: ug/m3 | D8: ppb | E8: ug/m3 | F8: ug/m3 | G8: ug/m3 | H8: ug/m3 | I8: ug/m3 | J8: m/sec | K8: deg | L8: degreC | M8: % | N8: w/m2 | O8: mm | P8: mg/m3 | Q8: ug/m3
A9: 12/11/2024 00:15 | B9: 5.99 | C9: 25.15 | D9: 16.56 | E9: 4.49 | F9: 4.23 | G9: 67.19 | H9: 31.7 | I9: 5.59 | J9: 0.13 | K9: 55.33 | L9: 18.38 | M9: 79.46 | N9: 26 | O9: 0 | P9: 0.92 | Q9: 9.65
A10: 12/11/2024 00:30 | B10: 5.68 | C10: 24.58 | D10: 16.02 | E10: 4.66 | F10: 4.37 | G10: 67.19 | H10: 31.7 | I10: 5.57 | J10: 0.29 | K10: 12.69 | L10: 18.08 | M10: 81.69 | N10: 26.1 | O10: 0 | P10: 0.87 | Q10: 9.64
A11: 12/11/2024 00:45 | B11: 5.6 | C11: 22.63 | D11: 14.93 | E11: 4.54 | F11: 4.8 | G11: 67.19 | H11: 31.7 | I11: 5.11 | J11: 0.28 | K11: 335.84 | L11: 17.86 | M11: 83.76 | N11: 26 | O11: 0 | P11: 0.78 | Q11: 9.64
A12: 12/11/2024 01:00 | B12: 5.62 | C12: 21.06 | D12: 14.13 | E12: 4.53 | F12: 4.73 | G12: 67.42 | H12: 21.69 | I12: 4.17 | J12: 0.42 | K12: 313.06 | L12: 17.56 | M12: 85.4 | N12: 26.1 | O12: 0 | P12: 0.77 | Q12: 9.63
A13: 12/11/2024 01:15 | B13: 5.71 | C13: 20.85 | D13: 14.1 | E13: 4.01 | F13: 5.02 | G13: 68.09 | H13: 2.54 | I13: 3.63 | J13: 0.36 | K13: 354.96 | L13: 17.43 | M13: 85.77 | N13: 25.8 | O13: 0 | P13: 0.72 | Q13: 9.63
A14: 12/11/2024 01:30 | B14: 5.66 | C14: 20.44 | D14: 13.84 | E14: 4.58 | F14: 4.3 | G14: 68.09 | H14: 2.54 | I14: 3.48 | J14: 0.26 | K14: 349.59 | L14: 17.47 | M14: 84.54 | N14: 25.8 | O14: 0 | P14: 0.71 | Q14: 9.64
A15: 12/11/2024 01:45 | B15: 5.53 | C15: 19.79 | D15: 13.4 | E15: 5.01 | F15: 4.43 | G15: 68.09 | H15: 2.54 | I15: 3.59 | J15: 0.56 | K15: 302.35 | L15: 17.39 | M15: 85.2 | N15: 25.9 | O15: 0 | P15: 0.76 | Q15: 9.62
A16: 12/11/2024 02:00 | B16: 5.45 | C16: 19.31 | D16: 13.08 | E16: 4.23 | F16: 4.37 | G16: 66.74 | H16: 23.38 | I16: 3.8 | J16: 0.55 | K16: 305.05 | L16: 17 | M16: 88.07 | N16: 26 | O16: 0 | P16: 0.69 | Q16: 9.62
A17: 12/11/2024 02:15 | B17: 5.38 | C17: 18.78 | D17: 12.75 | E17: 4.47 | F17: 4.24 | G17: 62.81 | H17: 63.27 | I17: 3.49 | J17: 0.45 | K17: 300.56 | L17: 16.89 | M17: 88.17 | N17: 26 | O17: 0 | P17: 0.72 | Q17: 9.62
A18: 12/11/2024 02:30 | B18: 5.33 | C18: 18.69 | D18: 12.66 | E18: 4.7 | F18: 4 | G18: 62.81 | H18: 63.27 | I18: 3.68 | J18: 0.51 | K18: 299.46 | L18: 16.81 | M18: 89.13 | N18: 26 | O18: 0 | P18: 0.75 | Q18: 9.64
A19: 12/11/2024 02:45 | B19: 5.43 | C19: 19.24 | D19: 13.03 | E19: 4.66 | F19: 4.36 | G19: 62.81 | H19: 63.27 | I19: 3.64 | J19: 0.45 | K19: 320.65 | L19: 16.44 | M19: 94.11 | N19: 26.1 | O19: 0 | P19: 0.76 | Q19: 9.62
A20: 12/11/2024 03:00 | B20: 5.63 | C20: 19.42 | D20: 13.28 | E20: 4.46 | F20: 4.18 | G20: 61.98 | H20: 61.41 | I20: 4.4 | J20: 0.53 | K20: 319.11 | L20: 16.18 | M20: 93.15 | N20: 26 | O20: 0 | P20: 0.75 | Q20: 9.62
... A75: 12/11/2024 16:45 | B75: 3.31 | C75: 29.24 | D75: 16.56 | E75: 5.06 | F75: 4.89 | G75: 49.78 | H75: 35.5 | I75: 3.29 | J75: 0.8 | K75: 338.49 | L75: 24.3 | M75: 40.07 | N75: 49.3 | O75: 0 | P75: 0.71 | Q75: 9.63
A76: 12/11/2024 17:00 | B76: 4.12 | C76: 30 | D76: 17.6 | E76: 5.09 | F76: 4.37 | G76: 51.7 | H76: Data F | I76: 3.86 | J76: 1.34 | K76: 342.79 | L76: 24.04 | M76: 42.37 | N76: 40.6 | O76: 0 | P76: 0.62 | Q76: 9.63
A77: 12/11/2024 17:15 | B77: 4.62 | C77: 31.06 | D77: 18.56 | E77: 5.61 | F77: 4.48 | G77: 57.32 | H77: Data F | I77: 3.54 | J77: 1.31 | K77: 343.91 | L77: 23.59 | M77: 45.18 | N77: 32.9 | O77: 0 | P77: 0.77 | Q77: 9.63
A78: 12/11/2024 17:30 | B78: 5.3 | C78: 30.68 | D78: 18.9 | E78: 5.54 | F78: 4.9 | G78: 57.32 | H78: Data F | I78: 3.82 | J78: 1.38 | K78: 343.61 | L78: 23.12 | M78: 48.11 | N78: 27.9 | O78: 0 | P78: 0.77 | Q78: 9.64
A79: 12/11/2024 17:45 | B79: 5.98 | C79: 31.26 | D79: 19.76 | E79: 5.32 | F79: 4.34 | G79: 57.32 | H79: Data F | I79: 3.71 | J79: 1.3 | K79: 345.17 | L79: 22.78 | M79: 48.39 | N79: 26.1 | O79: 0 | P79: 0.87 | Q79: 9.64
A80: 12/11/2024 18:00 | B80: 6.59 | C80: 31.8 | D80: 20.52 | E80: 5.85 | F80: 4.78 | G80: 60.77 | H80: Data F | I80: 3.81 | J80: 1.13 | K80: 344.75 | L80: 22.51 | M80: 50.09 | N80: 26 | O80: 0 | P80: 1.07 | Q80: 9.63
A81: 12/11/2024 18:15 | B81: 7.07 | C81: 31.74 | D81: 20.88 | E81: 5.88 | F81: 5.2 | G81: 70.83 | H81: Data F | I81: 4.45 | J81: 0.72 | K81: 341.57 | L81: 22.06 | M81: 52.53 | N81: 26.1 | O81: 0 | P81: 1.4 | Q81: 9.63
A82: 12/11/2024 18:30 | B82: 8.06 | C82: 31.41 | D82: 21.5 | E82: 6.13 | F82: 4.97 | G82: 70.83 | H82: Data F | I82: 4.84 | J82: 0.78 | K82: 345.11 | L82: 21.62 | M82: 55.05 | N82: 26 | O82: 0 | P82: 1.38 | Q82: 9.62
A83: 12/11/2024 18:45 | B83: 8.97 | C83: 31.03 | D83: 22.03 | E83: 5.88 | F83: 4.77 | G83: 70.83 | H83: Data F | I83: 5.97 | J83: 0.6 | K83: 340.96 | L83: 21.26 | M83: 56.69 | N83: 26 | O83: 0 | P83: 1.64 | Q83: 9.63
A84: 12/11/2024 19:00 | B84: 10.07 | C84: 30.78 | D84: 22.78 | E84: 5.8 | F84: 4.33 | G84: 79.61 | H84: Data F | I84: 5.98 | J84: 0.29 | K84: 43.02 | L84: 21 | M84: 58.98 | N84: 26.1 | O84: 0 | P84: 1.68 | Q84: 9.64
A85: 12/11/2024 19:15 | B85: 11.21 | C85: 31.12 | D85: 23.87 | E85: 6.23 | F85: 4.52 | G85: 105.2 | H85: 76.98 | I85: 6.8 | J85: 0.38 | K85: 71.87 | L85: 20.86 | M85: 58.14 | N85: 25.9 | O85: 0 | P85: 0.85 | Q85: 9.62
A86: 12/11/2024 19:30 | B86: 12.22 | C86: 31.46 | D86: 24.86 | E86: 6.97 | F86: 4.43 | G86: 105.2 | H86: 76.98 | I86: 7.04 | J86: 0.54 | K86: 345.34 | L86: 20.82 | M86: 58.19 | N86: 25.5 | O86: 0 | P86: 1.08 | Q86: 9.63
A87: 12/11/2024 19:45 | B87: 13.1 | C87: 33.1 | D87: 26.42 | E87: 6.74 | F87: 4.8 | G87: 105.2 | H87: 76.98 | I87: 6.14 | J87: 1.01 | K87: 339.86 | L87: 20.97 | M87: 57.08 | N87: 25.4 | O87: 0 | P87: 1.03 | Q87: 9.63
A88: 12/11/2024 20:00 | B88: 13.94 | C88: 33.72 | D88: 27.42 | E88: 7.59 | F88: 4.45 | G88: 112.45 | H88: 78.63 | I88: 5.83 | J88: 0.92 | K88: 341.1 | L88: 20.87 | M88: 57.6 | N88: 25.8 | O88: 0 | P88: 1.06 | Q88: 9.63
A89: 12/11/2024 20:15 | B89: 13.99 | C89: 34.27 | D89: 27.75 | E89: 8.15 | F89: 4.38 | G89: 133.58 | H89: 85.22 | I89: 6.1 | J89: 0.66 | K89: 342.27 | L89: 20.58 | M89: 59.98 | N89: 26 | O89: 0 | P89: 1.14 | Q89: 9.62
A90: 12/11/2024 20:30 | B90: 14.94 | C90: 34.13 | D90: 28.44 | E90: 8.29 | F90: 4.43 | G90: 133.58 | H90: 85.22 | I90: 6.22 | J90: 0.39 | K90: 3.93 | L90: 20.34 | M90: 61.37 | N90: 26 | O90: 0 | P90: 1.18 | Q90: 9.63
A91: 12/11/2024 20:45 | B91: 15.93 | C91: 34.43 | D91: 29.39 | E91: 8.68 | F91: 4.3 | G91: 133.58 | H91: 85.22 | I91: 5.97 | J91: 0.34 | K91: 106.42 | L91: 20.11 | M91: 61.61 | N91: 25.9 | O91: 0 | P91: 1.13 | Q91: 9.64
A92: 12/11/2024 21:00 | B92: 15.23 | C92: 33.74 | D92: 28.46 | E92: 8.32 | F92: 4.67 | G92: 140.34 | H92: 92.78 | I92: 5.93 | J92: 0.24 | K92: 132.24 | L92: 20.02 | M92: 61.76 | N92: 25.9 | O92: 0 | P92: 1.1 | Q92: 9.63
A93: 12/11/2024 21:15 | B93: 14.63 | C93: 33.83 | D93: 28.03 | E93: 8.09 | F93: 4.84 | G93: 160.04 | H93: 107.25 | I93: 5.76 | J93: 0.29 | K93: 112.01 | L93: 19.82 | M93: 62.34 | N93: 26 | O93: 0 | P93: 1.08 | Q93: 9.63
A94: 12/11/2024 21:30 | B94: 13.96 | C94: 32.11 | D94: 26.59 | E94: 8.11 | F94: 5.08 | G94: 160.04 | H94: 107.25 | I94: 5.46 | J94: 0.19 | K94: 98.8 | L94: 19.6 | M94: 63.56 | N94: 25.9 | O94: 0 | P94: 1.05 | Q94: 9.64
A95: 12/11/2024 21:45 | B95: 13.62 | C95: 30.52 | D95: 25.49 | E95: 8.06 | F95: 5.27 | G95: 160.04 | H95: 107.25 | I95: 5.04 | J95: 0.55 | K95: 104.66 | L95: 19.59 | M95: 63.04 | N95: 25.7 | O95: 0 | P95: 0.96 | Q95: 9.62
A96: 12/11/2024 22:00 | B96: 13.11 | C96: 29.56 | D96: 24.58 | E96: 7.87 | F96: 5.71 | G96: 164.81 | H96: 111.77 | I96: 4.6 | J96: 0.35 | K96: 96.87 | L96: 19.51 | M96: 63.92 | N96: 25.7 | O96: 0 | P96: 0.93 | Q96: 9.64
... A104: 12/11/2024 24:00 | B104: 12.31 | C104: 26.21 | D104: 22.19 | E104: 7.95 | F104: 4.91 | G104: 210.39 | H104: 125.38 | I104: 6.07 | J104: 0.51 | K104: 110.22 | L104: 18.52 | M104: 69.43 | N104: 25.4 | O104: 0 | P104: 0.98 | Q104: 9.63
A106: Min | B106: =MIN(B9:B104) -> 1.74 | C106: =MIN(C9:C104) -> 18.66 | D106: =MIN(D9:D104) -> 11.59 | E106: =MIN(E9:E104) -> 4.01 | F106: =MIN(F9:F104) -> 3.36 | G106: =MIN(G9:G104) -> 49.03 | H106: =MIN(H9:H104) -> 0.65 | I106: =MIN(I9:I104) -> 1.74 | ... Q106: =MIN(Q9:Q104) -> 0
A107: Max | B107: =MAX(B9:B104) -> 24.74 | C107: =MAX(C9:C104) -> 42.39 | D107: =MAX(D9:D104) -> 31.79 | E107: =MAX(E9:E104) -> 8.68 | F107: =MAX(F9:F104) -> 24.72 | G107: =MAX(G9:G104) -> 222.02 | H107: =MAX(H9:H104) -> 130.36 | I107: =MAX(I9:I104) -> 7.04 | ... Q107: =MAX(Q9:Q104) -> 9.65
A108: Avg | B108: =AVERAGE(B9:B104) -> 9.8114583 | C108: =AVERAGE(C9:C104) -> 26.234479 | D108: =AVERAGE(D9:D104) -> 20.183438 | E108: =AVERAGE(E9:E104) -> 6.1334375 | F108: =AVERAGE(F9:F104) -> 5.4005208 | G108: =AVERAGE(G9:G104) -> 98.103542 | H108: =AVERAGE(H9:H104) -> 55.478506 | I108: =AVERAGE(I9:I104) -> 4.471875 | ... Q108: =AVERAGE(Q9:Q104) -> 9.52875
A109: Stdev | B109: =STDEV(B9:B104) -> 6.2147998 | C109: =STDEV(C9:C104) -> 5.7030852 | D109: =STDEV(D9:D104) -> 5.5531745 | E109: =STDEV(E9:E104) -> 1.2076587 | F109: =STDEV(F9:F104) -> 2.5901146 | G109: =STDEV(G9:G104) -> 44.523698 | H109: =STDEV(H9:H104) -> 39.420464 | I109: =STDEV(I9:I104) -> 1.0742442 | ... Q109: =STDEV(Q9:Q104) -> 0.98279971
A110: Num | B110: =COUNT(B9:B104) -> 96 | C110: =COUNT(C9:C104) -> 96 | D110: =COUNT(D9:D104) -> 96 | E110: =COUNT(E9:E104) -> 96 | F110: =COUNT(F9:F104) -> 96 | G110: =COUNT(G9:G104) -> 96 | H110: =COUNT(H9:H104)+9 -> 96 | I110: =COUNT(I9:I104) -> 96 | J110: =COUNT(J9:J104) -> 96 | K110: =COUNT(K9:K104) -> 96 | L110: =COUNT(L9:L104) -> 96 | M110: =COUNT(M9:M104) -> 96 | N110: =COUNT(N9:N104) -> 96 | O110: =COUNT(O9:O104) -> 96 | P110: =COUNT(P9:P104) -> 96 | Q110: =COUNT(Q9:Q104) -> 96
A111: DCR | B111: =IF(B110>=87,">90%",IF(B110<=87,"<90%")) -> >90% | C111: =IF(C110>=87,">90%",IF(C110<=87,"<90%")) -> >90% | D111: =IF(D110>=87,">90%",IF(D110<=87,"<90%")) -> >90% | E111: =IF(E110>=87,">90%",IF(E110<=87,"<90%")) -> >90% | F111: =IF(F110>=87,">90%",IF(F110<=87,"<90%")) -> >90% | G111: =IF(G110>=87,">90%",IF(G110<=87,"<90%")) -> >90% | H111: =IF(H110>=87,">90%",IF(H110<=87,"<90%")) -> >90% | I111: =IF(I110>=87,">90%",IF(I110<=87,"<90%")) -> >90% | ... Q111: =IF(Q110>=87,">90%",IF(Q110<=87,"<90%")) -> >90%
A112: Status | B112: =IF(B110>=87,"OK",IF(B110<=87,"LESS")) -> OK | C112: =IF(C110>=87,"OK",IF(C110<=87,"LESS")) -> OK | D112: =IF(D110>=87,"OK",IF(D110<=87,"LESS")) -> OK | E112: =IF(E110>=87,"OK",IF(E110<=87,"LESS")) -> OK | F112: =IF(F110>=87,"OK",IF(F110<=87,"LESS")) -> OK | G112: =IF(G110>=87,"OK",IF(G110<=87,"LESS")) -> OK | H112: =IF(H110>=87,"OK",IF(H110<=87,"LESS")) -> OK | I112: =IF(I110>=87,"OK",IF(I110<=87,"LESS")) -> OK | ... Q112: =IF(Q110>=87,"OK",IF(Q110<=87,"LESS")) -> OK
A115: Done by | B115: RK
A117: Comment

Sheet 13
A1: Station: | B1: BHATAGAON RAIPUR
A2: Date: | B2: =$A$9 -> 13/11/2024 00:15 | D2: Power Off | G2: Pw.Off | L2: Link Fail | N2: Link F | P2: Maintenance | R2: Maint.
A3: Report Type: | B3: Mean | D3: Calibration | G3: Calib. | L3: Data Fail | N3: Data F | P3: Invalid | R3: Invalid
A4: Time Base: | B4: 15 Min | D4: Zero Referrence | G4: Z.Ref | L4: Warm Up | N4: Wm. Up
A7: Date & Time | B7: NO_BHATAGAON | C7: NO2__BHATAGAON | D7: NOX_BHATAGAON | E7: SO2__BHATAGAON | F7: O3__BHATAGAON | G7: PM10__BHATAGAON | H7: PM2_5__BHATAGAON | I7: BENZ__BHATAGAON | J7: WS__BHATAGAON | K7: WD__BHATAGAON | L7: TEMP__BHATAGAON | M7: HUM__BHATAGAON | N7: SR__BHATAGAON | O7: RG__BHATAGAON | P7: CO__BHATAGAON | Q7: NH3__BHATAGAON
B8: ug/m3 | C8: ug/m3 | D8: ppb | E8: ug/m3 | F8: ug/m3 | G8: ug/m3 | H8: ug/m3 | I8: ug/m3 | J8: m/sec | K8: deg | L8: degreC | M8: % | N8: w/m2 | O8: mm | P8: mg/m3 | Q8: ug/m3
A9: 13/11/2024 00:15 | B9: 11.33 | C9: 26.69 | D9: 21.65 | E9: 6.99 | F9: 4.71 | G9: 176.51 | H9: 105.45 | I9: 6.03 | J9: 0.16 | K9: 93.08 | L9: 18.52 | M9: 69.29 | N9: 25.7 | O9: 0 | P9: 0.96 | Q9: 9.62
A10: 13/11/2024 00:30 | B10: 10.41 | C10: 26.59 | D10: 20.87 | E10: 6.5 | F10: 4.66 | G10: 176.51 | H10: 105.45 | I10: 5.97 | J10: 0.2 | K10: 352.7 | L10: 18.35 | M10: 70.05 | N10: 25.8 | O10: 0 | P10: 0.93 | Q10: 9.62
A11: 13/11/2024 00:45 | B11: 9.57 | C11: 26.4 | D11: 20.09 | E11: 6.46 | F11: 4.41 | G11: 176.51 | H11: 105.45 | I11: 5.9 | J11: 0.22 | K11: 328.77 | L11: 18.09 | M11: 71.24 | N11: 25.9 | O11: 0 | P11: 0.9 | Q11: 9.63
A12: 13/11/2024 01:00 | B12: 8.8 | C12: 25.85 | D12: 19.18 | E12: 6.59 | F12: 4.38 | G12: 227.85 | H12: 94.24 | I12: 5.74 | J12: 0.23 | K12: 47.11 | L12: 18.07 | M12: 71.03 | N12: 25.7 | O12: 0 | P12: 0.87 | Q12: 9.63
A13: 13/11/2024 01:15 | B13: 8.04 | C13: 26.14 | D13: 18.73 | E13: 6.4 | F13: 4.29 | G13: 377.41 | H13: 72.8 | I13: 5.6 | J13: 0.14 | K13: 45.89 | L13: 17.98 | M13: 71.46 | N13: 25.7 | O13: 0 | P13: 0.85 | Q13: 9.63
A14: 13/11/2024 01:30 | B14: 7.3 | C14: 25.92 | D14: 18.02 | E14: 6.01 | F14: 4.74 | G14: 377.41 | H14: 72.8 | I14: 5.59 | J14: 0.3 | K14: 357.22 | L14: 17.86 | M14: 72.58 | N14: 26 | O14: 0 | P14: 0.81 | Q14: 9.63
A15: 13/11/2024 01:45 | B15: 6.84 | C15: 23.89 | D15: 16.59 | E15: 5.75 | F15: 4.56 | G15: 377.41 | H15: 72.8 | I15: 5.5 | J15: 0.35 | K15: 13.75 | L15: 17.63 | M15: 73.68 | N15: 26 | O15: 0 | P15: 0.7 | Q15: 9.63
A16: 13/11/2024 02:00 | B16: 6.64 | C16: 22.9 | D16: 15.91 | E16: 5.65 | F16: 4.57 | G16: 297.9 | H16: 68.84 | I16: 4.15 | J16: 0.15 | K16: 128.35 | L16: 17.57 | M16: 73.69 | N16: 25.7 | O16: 0 | P16: 0.71 | Q16: 9.62
A17: 13/11/2024 02:15 | B17: 6.52 | C17: 22.74 | D17: 15.73 | E17: 5.71 | F17: 4.38 | G17: 66.28 | H17: 61.26 | I17: 3.36 | J17: 0.19 | K17: 265.41 | L17: 17.45 | M17: 75.53 | N17: 25.9 | O17: 0 | P17: 0.69 | Q17: 9.62
A18: 13/11/2024 02:30 | B18: 6.47 | C18: 22.18 | D18: 15.4 | E18: 5.32 | F18: 4.15 | G18: 66.28 | H18: 61.26 | I18: 3.34 | J18: 0.2 | K18: 189.35 | L18: 17.18 | M18: 75.96 | N18: 25.7 | O18: 0 | P18: 0.69 | Q18: 9.62
A19: 13/11/2024 02:45 | B19: 6.39 | C19: 21.52 | D19: 14.99 | E19: 5.62 | F19: 3.87 | G19: 66.28 | H19: 61.26 | I19: 3.65 | J19: 0.57 | K19: 305.64 | L19: 16.84 | M19: 79.32 | N19: 26.2 | O19: 0 | P19: 0.73 | Q19: 9.63
A20: 13/11/2024 03:00 | B20: 6.45 | C20: 21.08 | D20: 14.82 | E20: 5.46 | F20: 3.95 | G20: 71.55 | H20: 53.38 | I20: 3.94 | J20: 0.18 | K20: 327.41 | L20: 16.14 | M20: 87.76 | N20: 26.2 | O20: 0 | P20: 0.67 | Q20: 9.63
... A104: 13/11/2024 24:00 | B104: 4.72 | C104: 24.7 | D104: 15.31 | E104: 6.15 | F104: 4.89 | G104: 79.45 | H104: 45.89 | I104: 4.83 | J104: 0.35 | K104: 104.08 | L104: 18.76 | M104: 68.4 | N104: 25.9 | O104: 0 | P104: 0.61 | Q104: 9.63
A106: Min | B106: =MIN(B9:B104) -> 2.64 | C106: =MIN(C9:C104) -> 20.45 | D106: =MIN(D9:D104) -> 13.49 | E106: =MIN(E9:E104) -> 4.33 | F106: =MIN(F9:F104) -> 3.54 | G106: =MIN(G9:G104) -> 36.3 | H106: =MIN(H9:H104) -> 10.21 | I106: =MIN(I9:I104) -> 2.65 | ... Q106: =MIN(Q9:Q104) -> 9.61
A107: Max | B107: =MAX(B9:B104) -> 23.26 | C107: =MAX(C9:C104) -> 31.52 | D107: =MAX(D9:D104) -> 30.68 | E107: =MAX(E9:E104) -> 7.38 | F107: =MAX(F9:F104) -> 6.54 | G107: =MAX(G9:G104) -> 377.41 | H107: =MAX(H9:H104) -> 105.45 | I107: =MAX(I9:I104) -> 7.14 | ... Q107: =MAX(Q9:Q104) -> 9.65
A108: Avg | B108: =AVERAGE(B9:B104) -> 9.0535417 | C108: =AVERAGE(C9:C104) -> 25.558125 | D108: =AVERAGE(D9:D104) -> 19.236563 | E108: =AVERAGE(E9:E104) -> 5.84875 | F108: =AVERAGE(F9:F104) -> 4.6211458 | G108: =AVERAGE(G9:G104) -> 93.631562 | H108: =AVERAGE(H9:H104) -> 44.807083 | I108: =AVERAGE(I9:I104) -> 4.9808333 | ... Q108: =AVERAGE(Q9:Q104) -> 9.6257292
A109: Stdev | B109: =STDEV(B9:B104) -> 6.5406913 | C109: =STDEV(C9:C104) -> 2.9419379 | D109: =STDEV(D9:D104) -> 5.4289762 | E109: =STDEV(E9:E104) -> 0.69745892 | F109: =STDEV(F9:F104) -> 0.59444954 | G109: =STDEV(G9:G104) -> 64.523454 | H109: =STDEV(H9:H104) -> 21.401634 | I109: =STDEV(I9:I104) -> 1.1768367 | ... Q109: =STDEV(Q9:Q104) -> 0.0080452394
A110: Num | B110: =COUNT(B9:B104) -> 96 | C110: =COUNT(C9:C104) -> 96 | D110: =COUNT(D9:D104) -> 96 | E110: =COUNT(E9:E104) -> 96 | F110: =COUNT(F9:F104) -> 96 | G110: =COUNT(G9:G104) -> 96 | H110: =COUNT(H9:H104) -> 96 | I110: =COUNT(I9:I104) -> 96 | ... Q110: =COUNT(Q9:Q104) -> 96
A111: DCR | B111: =IF(B110>=87,">90%",IF(B110<=87,"<90%")) -> >90% | C111: =IF(C110>=87,">90%",IF(C110<=87,"<90%")) -> >90% | D111: =IF(D110>=87,">90%",IF(D110<=87,"<90%")) -> >90% | E111: =IF(E110>=87,">90%",IF(E110<=87,"<90%")) -> >90% | F111: =IF(F110>=87,">90%",IF(F110<=87,"<90%")) -> >90% | G111: =IF(G110>=87,">90%",IF(G110<=87,"<90%")) -> >90% | H111: =IF(H110>=87,">90%",IF(H110<=87,"<90%")) -> >90% | I111: =IF(I110>=87,">90%",IF(I110<=87,"<90%")) -> >90% | ... Q111: =IF(Q110>=87,">90%",IF(Q110<=87,"<90%")) -> >90%
A112: Status | B112: =IF(B110>=87,"OK",IF(B110<=87,"LESS")) -> OK | C112: =IF(C110>=87,"OK",IF(C110<=87,"LESS")) -> OK | D112: =IF(D110>=87,"OK",IF(D110<=87,"LESS")) -> OK | E112: =IF(E110>=87,"OK",IF(E110<=87,"LESS")) -> OK | F112: =IF(F110>=87,"OK",IF(F110<=87,"LESS")) -> OK | G112: =IF(G110>=87,"OK",IF(G110<=87,"LESS")) -> OK | H112: =IF(H110>=87,"OK",IF(H110<=87,"LESS")) -> OK | I112: =IF(I110>=87,"OK",IF(I110<=87,"LESS")) -> OK | ... Q112: =IF(Q110>=87,"OK",IF(Q110<=87,"LESS")) -> OK
A115: Done by | B115: SR
A117: Comment

Sheet 14
A1: Station: | B1: BHATAGAON RAIPUR
A2: Date: | B2: =$A$9 -> 14/11/2024 00:15 | D2: Power Off | G2: Pw.Off | L2: Link Fail | N2: Link F | P2: Maintenance | R2: Maint.
A3: Report Type: | B3: Mean | D3: Calibration | G3: Calib. | L3: Data Fail | N3: Data F | P3: Invalid | R3: Invalid
A4: Time Base: | B4: 15 Min | D4: Zero Referrence | G4: Z.Ref | L4: Warm Up | N4: Wm. Up
A7: Date & Time | B7: NO_BHATAGAON | C7: NO2__BHATAGAON | D7: NOX_BHATAGAON | E7: SO2__BHATAGAON | F7: O3__BHATAGAON | G7: PM10__BHATAGAON | H7: PM2_5__BHATAGAON | I7: BENZ__BHATAGAON | J7: WS__BHATAGAON | K7: WD__BHATAGAON | L7: TEMP__BHATAGAON | M7: HUM__BHATAGAON | N7: SR__BHATAGAON | O7: RG__BHATAGAON | P7: CO__BHATAGAON | Q7: NH3__BHATAGAON
B8: ug/m3 | C8: ug/m3 | D8: ppb | E8: ug/m3 | F8: ug/m3 | G8: ug/m3 | H8: ug/m3 | I8: ug/m3 | J8: m/sec | K8: deg | L8: degreC | M8: % | N8: w/m2 | O8: mm | P8: mg/m3 | Q8: ug/m3
A9: 14/11/2024 00:15 | B9: 4.65 | C9: 24.13 | D9: 14.95 | E9: 4.99 | F9: 4.6 | G9: 73.34 | H9: 26.85 | I9: 4.75 | J9: 0.22 | K9: 23.68 | L9: 18.56 | M9: 69.62 | N9: 26 | O9: 0 | P9: 0.64 | Q9: 9.61
A10: 14/11/2024 00:30 | B10: 4.55 | C10: 24.3 | D10: 14.97 | E10: 5.33 | F10: 4.13 | G10: 73.34 | H10: 26.85 | I10: 3.41 | J10: 0.3 | K10: 102.35 | L10: 18.4 | M10: 70.58 | N10: 25.8 | O10: 0 | P10: 0.66 | Q10: 9.61
A11: 14/11/2024 00:45 | B11: 4.43 | C11: 24.39 | D11: 14.92 | E11: 5.19 | F11: 3.84 | G11: 73.34 | H11: 26.85 | I11: 5.31 | J11: 0.52 | K11: 337.2 | L11: 18.18 | M11: 73.66 | N11: 26.1 | O11: 0 | P11: 0.65 | Q11: 9.61
A12: 14/11/2024 01:00 | B12: 4.59 | C12: 24.47 | D12: 15.09 | E12: 4.97 | F12: 4.36 | G12: 74.18 | H12: 22.06 | I12: 6.01 | J12: 0.34 | K12: 328.8 | L12: 17.88 | M12: 74.1 | N12: 25.9 | O12: 0 | P12: 0.66 | Q12: 9.63
A13: 14/11/2024 01:15 | B13: 4.51 | C13: 24.62 | D13: 15.1 | E13: 4.86 | F13: 4.43 | G13: 76.61 | H13: 12.89 | I13: 5.86 | J13: 0.3 | K13: 347.13 | L13: 17.81 | M13: 74.53 | N13: 25.8 | O13: 0 | P13: 0.63 | Q13: 9.62
A14: 14/11/2024 01:30 | B14: 4.28 | C14: 24.7 | D14: 14.96 | E14: 4.87 | F14: 4.52 | G14: 76.61 | H14: 12.89 | I14: 5.99 | J14: 0.22 | K14: 351.9 | L14: 17.76 | M14: 74.82 | N14: 25.8 | O14: 0 | P14: 0.64 | Q14: 9.62
A15: 14/11/2024 01:45 | B15: 3.97 | C15: 24.51 | D15: 14.61 | E15: 4.72 | F15: 4.53 | G15: 76.61 | H15: 12.89 | I15: 5.89 | J15: 0.12 | K15: 332.3 | L15: 17.71 | M15: 75.8 | N15: 25.8 | O15: 0 | P15: 0.63 | Q15: 9.61
A16: 14/11/2024 02:00 | B16: 3.73 | C16: 24.22 | D16: 14.27 | E16: 4.6 | F16: 4.36 | G16: 75.59 | H16: 10.68 | I16: 5.73 | J16: 0.28 | K16: 359.42 | L16: 17.5 | M16: 77.28 | N16: 25.9 | O16: 0 | P16: 0.63 | Q16: 9.62
A17: 14/11/2024 02:15 | B17: 3.57 | C17: 24.48 | D17: 14.28 | E17: 4.48 | F17: 4.32 | G17: 72.64 | H17: 6.44 | I17: 5.51 | J17: 0.16 | K17: 355.61 | L17: 17.44 | M17: 77.68 | N17: 25.9 | O17: 0 | P17: 0.61 | Q17: 9.62
A18: 14/11/2024 02:30 | B18: 3.5 | C18: 24.15 | D18: 14.05 | E18: 4.59 | F18: 4.06 | G18: 72.64 | H18: 6.44 | I18: 5.22 | J18: 0.41 | K18: 310.63 | L18: 17.08 | M18: 81.98 | N18: 26.1 | O18: 0 | P18: 0.59 | Q18: 9.62
A19: 14/11/2024 02:45 | B19: 3.55 | C19: 22.02 | D19: 12.97 | E19: 4.49 | F19: 4.36 | G19: 72.64 | H19: 6.44 | I19: 5.02 | J19: 0.47 | K19: 278.82 | L19: 16.72 | M19: 84.3 | N19: 25.9 | O19: 0 | P19: 0.54 | Q19: 9.62
A20: 14/11/2024 03:00 | B20: 3.75 | C20: 21.7 | D20: 12.97 | E20: 4.5 | F20: 4.04 | G20: 70 | H20: 42.12 | I20: 4.08 | J20: 0.37 | K20: 274.52 | L20: 16.45 | M20: 86.78 | N20: 26.1 | O20: 0 | P20: 0.55 | Q20: 9.63
A21: 14/11/2024 03:15 | B21: 3.99 | C21: 21.6 | D21: 13.11 | E21: 4.54 | F21: 3.75 | G21: 62.3 | H21: Data F | I21: 3.28 | J21: 0.39 | K21: 289.8 | L21: 16.12 | M21: 89.02 | N21: 26 | O21: 0 | P21: 0.55 | Q21: 9.62
A22: 14/11/2024 03:30 | B22: 4.24 | C22: 21.21 | D22: 13.1 | E22: 4.65 | F22: 4 | G22: 62.3 | H22: Data F | I22: 3.42 | J22: 0.43 | K22: 272.14 | L22: 16.01 | M22: 89.19 | N22: 25.9 | O22: 0 | P22: 0.56 | Q22: 9.64
A23: 14/11/2024 03:45 | B23: 4.59 | C23: 21.13 | D23: 13.34 | E23: 5.11 | F23: 3.77 | G23: 62.3 | H23: Data F | I23: 3.8 | J23: 0.52 | K23: 312.59 | L23: 15.65 | M23: 93.16 | N23: 26.1 | O23: 0 | P23: 0.55 | Q23: 9.65
A24: 14/11/2024 04:00 | B24: 4.99 | C24: 20.89 | D24: 13.53 | E24: 4.02 | F24: 4.19 | G24: 64.5 | H24: Data F | I24: 3.71 | J24: 0.13 | K24: 303 | L24: 15.45 | M24: 95.02 | N24: 25.8 | O24: 0 | P24: 0.56 | Q24: 9.64
A25: 14/11/2024 04:15 | B25: 5.77 | C25: 20.79 | D25: 14.11 | E25: 6.62 | F25: 3.8 | G25: 70.94 | H25: 4.25 | I25: 3.8 | J25: 0.4 | K25: 282.54 | L25: 15.47 | M25: 95.48 | N25: 25.8 | O25: 0 | P25: 0.66 | Q25: 9.62
A26: 14/11/2024 04:30 | B26: 7.2 | C26: 21.05 | D26: 15.39 | E26: 6.46 | F26: 3.55 | G26: 70.94 | H26: 4.25 | I26: 4.22 | J26: 0.27 | K26: 233.03 | L26: 15.26 | M26: 96.83 | N26: 25.8 | O26: 0 | P26: 0.58 | Q26: 9.62
A27: 14/11/2024 04:45 | B27: 8.2 | C27: 21.75 | D27: 16.56 | E27: 6.81 | F27: 3.72 | G27: 70.94 | H27: 4.25 | I27: 5.16 | J27: 0.5 | K27: 72.19 | L27: 15.25 | M27: 96.17 | N27: 25.7 | O27: 0 | P27: 0.59 | Q27: 9.62
A28: 14/11/2024 05:00 | B28: 9.01 | C28: 21.96 | D28: 17.32 | E28: 6.97 | F28: 4.07 | G28: 73.4 | H28: 14.19 | I28: 5.06 | J28: 0.53 | K28: 87.2 | L28: 15.27 | M28: 92.39 | N28: 25.7 | O28: 0 | P28: 0.59 | Q28: 9.62
A29: 14/11/2024 05:15 | B29: 9.02 | C29: 22.33 | D29: 17.52 | E29: 6.99 | F29: 3.74 | G29: 80.58 | H29: 34.09 | I29: 4.77 | J29: 0.37 | K29: 83.35 | L29: 15.35 | M29: 90.71 | N29: 25.7 | O29: 0 | P29: 0.59 | Q29: 9.63
A30: 14/11/2024 05:30 | B30: 8.69 | C30: 23 | D30: 17.61 | E30: 6.61 | F30: 4.11 | G30: 80.58 | H30: 34.09 | I30: 4.79 | J30: 0.58 | K30: 75.79 | L30: 15.33 | M30: 90.5 | N30: 25.7 | O30: 0 | P30: 0.59 | Q30: 9.62
A31: 14/11/2024 05:45 | B31: 8.42 | C31: 23.27 | D31: 17.54 | E31: 6.25 | F31: 4.3 | G31: 80.58 | H31: 34.09 | I31: 4.77 | J31: 0.29 | K31: 355.41 | L31: 15.29 | M31: 91.67 | N31: 25.6 | O31: 0 | P31: 0.6 | Q31: 9.63
A32: 14/11/2024 06:00 | B32: 9.02 | C32: 24.17 | D32: 18.49 | E32: 6.36 | F32: 4.11 | G32: 81.5 | H32: 38.98 | I32: 4.65 | J32: 0.2 | K32: 40.46 | L32: 15.22 | M32: 92.45 | N32: 25.9 | O32: 0 | P32: 0.66 | Q32: 9.64
A33: 14/11/2024 06:15 | B33: 9.5 | C33: 24.92 | D33: 19.26 | E33: 6.5 | F33: 4.04 | G33: 84.17 | H33: 48.34 | I33: 4.65 | J33: 0.1 | K33: 126.07 | L33: 15.05 | M33: 92.15 | N33: 27.9 | O33: 0 | P33: 0.69 | Q33: 9.64
A34: 14/11/2024 06:30 | B34: 9.59 | C34: 25.23 | D34: 19.5 | E34: 6.68 | F34: 4.19 | G34: 84.17 | H34: 48.34 | I34: 4.66 | J34: 0.11 | K34: 16.88 | L34: 15.01 | M34: 92.51 | N34: 34.8 | O34: 0 | P34: 0.7 | Q34: 9.62
A35: 14/11/2024 06:45 | B35: 10.48 | C35: 25.69 | D35: 20.45 | E35: 6.81 | F35: 3.68 | G35: 84.17 | H35: 48.34 | I35: 4.56 | J35: 0.39 | K35: 122.91 | L35: 15.23 | M35: 90.57 | N35: 48 | O35: 0 | P35: 0.71 | Q35: 9.63
A36: 14/11/2024 07:00 | B36: 10.84 | C36: 23.79 | D36: 19.74 | E36: 6.57 | F36: 4.12 | G36: 83.03 | H36: 45.94 | I36: 4.52 | J36: 0.01 | K36: 324.87 | L36: 15.59 | M36: 88.88 | N36: 63.3 | O36: 0 | P36: 0.7 | Q36: 9.64
... A43: 14/11/2024 08:45 | B43: 11.47 | C43: 24.02 | D43: 20.37 | E43: 6.29 | F43: 3.82 | G43: 91.95 | H43: 31.16 | I43: 4.73 | J43: 0.22 | K43: 30 | L43: 21.62 | M43: 64.97 | N43: 383.4 | O43: 0 | P43: 0.72 | Q43: 9.63
A44: 14/11/2024 09:00 | B44: 11.39 | C44: 24.82 | D44: 20.72 | E44: 6.25 | F44: 4.25 | G44: 90.7 | H44: Data F | I44: 5.11 | J44: 0.64 | K44: 315.58 | L44: 23.65 | M44: 57.48 | N44: 423.4 | O44: 0 | P44: 0.71 | Q44: 9.63
A45: 14/11/2024 09:15 | B45: 11.13 | C45: 25.76 | D45: 21.01 | E45: 6.07 | F45: 4.34 | G45: 87.07 | H45: Data F | I45: 5.37 | J45: 0.69 | K45: 105.25 | L45: 23.68 | M45: 57.44 | N45: 460.9 | O45: 0 | P45: 0.71 | Q45: 9.63
A46: 14/11/2024 09:30 | B46: 10.31 | C46: 26.6 | D46: 20.79 | E46: 5.91 | F46: 4.36 | G46: 87.07 | H46: Data F | I46: 5.42 | J46: 1.39 | K46: 109.09 | L46: 22.12 | M46: 61.63 | N46: 488.3 | O46: 0 | P46: 0.72 | Q46: 9.63
A47: 14/11/2024 09:45 | B47: 9.34 | C47: 27.62 | D47: 20.55 | E47: 6.12 | F47: 3.95 | G47: 87.07 | H47: Data F | I47: 5.46 | J47: 0.56 | K47: 321.23 | L47: 24.5 | M47: 53.63 | N47: 505 | O47: 0 | P47: 0.72 | Q47: 9.64
A48: 14/11/2024 10:00 | B48: 9 | C48: 28.74 | D48: 20.86 | E48: 6.21 | F48: 4.22 | G48: 86.8 | H48: Data F | I48: 5.73 | J48: 0.38 | K48: 57.17 | L48: 25.51 | M48: 51.04 | N48: 540.1 | O48: 0 | P48: 0.72 | Q48: 9.62
A49: 14/11/2024 10:15 | B49: 8.29 | C49: 29.36 | D49: 20.61 | E49: 5.9 | F49: 4.31 | G49: 86.02 | H49: Data F | I49: 5.81 | J49: 0.67 | K49: 89.29 | L49: 24.26 | M49: 52.82 | N49: 575.8 | O49: 0 | P49: 0.72 | Q49: 9.63
A50: 14/11/2024 10:30 | B50: 7.31 | C50: 30.49 | D50: 20.42 | E50: 6.04 | F50: 4.52 | G50: 86.02 | H50: Data F | I50: 5.76 | J50: 0.51 | K50: 354.71 | L50: 25.67 | M50: 48.78 | N50: 601.5 | O50: 0 | P50: 0.72 | Q50: 9.64
A51: 14/11/2024 10:45 | B51: 6.55 | C51: 31.78 | D51: 20.48 | E51: 5.55 | F51: 4.52 | G51: 86.02 | H51: Data F | I51: 6 | J51: 0.38 | K51: 30.12 | L51: 25.98 | M51: 47.5 | N51: 630.4 | O51: 0 | P51: 0.73 | Q51: 9.63
A52: 14/11/2024 11:00 | B52: 5.86 | C52: 30.94 | D52: 19.49 | E52: 6.54 | F52: 4.48 | G52: 85.21 | H52: Data F | I52: 6.17 | J52: 0.83 | K52: 105.82 | L52: 25.55 | M52: 46.53 | N52: 645 | O52: 0 | P52: 0.71 | Q52: 9.63
A53: 14/11/2024 11:15 | B53: 5.28 | C53: 28.79 | D53: 17.9 | E53: 5.68 | F53: 5.01 | G53: 82.83 | H53: 71.57 | I53: 6.11 | J53: 0.63 | K53: 117 | L53: 24.93 | M53: 44.93 | N53: 633.5 | O53: 0 | P53: 0.7 | Q53: 9.63
A54: 14/11/2024 11:30 | B54: 5.03 | C54: 28.43 | D54: 17.51 | E54: 5.96 | F54: 4.81 | G54: 82.83 | H54: 71.57 | I54: 5.95 | J54: 0.48 | K54: 333.71 | L54: 26.75 | M54: 37.71 | N54: 643.2 | O54: 0 | P54: 0.69 | Q54: 9.63
A55: 14/11/2024 11:45 | B55: 4.78 | C55: 28.3 | D55: 17.24 | E55: 5.83 | F55: 5.05 | G55: 82.83 | H55: 71.57 | I55: 5.85 | J55: 0.77 | K55: 86 | L55: 25.87 | M55: 39.93 | N55: 628.1 | O55: 0 | P55: 0.68 | Q55: 9.63
A56: 14/11/2024 12:00 | B56: 4.42 | C56: 27.75 | D56: 16.66 | E56: 6.17 | F56: 4.89 | G56: 81.11 | H56: 67.23 | I56: 5.94 | J56: 0.96 | K56: 90.64 | L56: 25.75 | M56: 39.47 | N56: 611.2 | O56: 0 | P56: 0.68 | Q56: 9.64
A57: 14/11/2024 12:15 | B57: 4.11 | C57: 27.32 | D57: 16.2 | E57: 5.56 | F57: 4.8 | G57: 76.09 | H57: 49.89 | I57: 5.81 | J57: 0.97 | K57: 104.44 | L57: 25.28 | M57: 39.55 | N57: 608.9 | O57: 0 | P57: 0.64 | Q57: 9.63
A58: 14/11/2024 12:30 | B58: 3.91 | C58: 26.59 | D58: 15.65 | E58: 4.97 | F58: 4.89 | G58: 76.09 | H58: 49.89 | I58: 5.58 | J58: 0.89 | K58: 97.46 | L58: 25.76 | M58: 37.72 | N58: 582.8 | O58: 0 | P58: 0.63 | Q58: 9.62
A59: 14/11/2024 12:45 | B59: 3.69 | C59: 25.93 | D59: 15.13 | E59: 5.58 | F59: 5.04 | G59: 76.09 | H59: 49.89 | I59: 6.51 | J59: 0.97 | K59: 117.81 | L59: 25.14 | M59: 38.45 | N59: 563.1 | O59: 0 | P59: 0.62 | Q59: 9.62
A60: 14/11/2024 13:00 | B60: 3.36 | C60: 26.04 | D60: 14.93 | E60: 5.3 | F60: 5 | G60: 74.1 | H60: Data F | I60: 6.71 | J60: 0.37 | K60: 28.9 | L60: 26.11 | M60: 37.9 | N60: 524.5 | O60: 0 | P60: 0.63 | Q60: 9.62
A61: 14/11/2024 13:15 | B61: 3.24 | C61: 26.36 | D61: 14.99 | E61: 5.56 | F61: 5.22 | G61: 68.29 | H61: Data F | I61: 7.24 | J61: 0.51 | K61: 358.67 | L61: 26.7 | M61: 36.16 | N61: 444.3 | O61: 0 | P61: 0.6 | Q61: 9.64
A62: 14/11/2024 13:30 | B62: 3.09 | C62: 26.4 | D62: 14.9 | E62: 5.73 | F62: 4.9 | G62: 68.29 | H62: Data F | I62: 6.66 | J62: 0.31 | K62: 92.18 | L62: 27.26 | M62: 35.04 | N62: 472.9 | O62: 0 | P62: 0.62 | Q62: 9.63
A63: 14/11/2024 13:45 | B63: 2.81 | C63: 27.29 | D63: 15.14 | E63: 5.33 | F63: 5.77 | G63: 68.29 | H63: Data F | I63: 6.79 | J63: 0.59 | K63: 112.13 | L63: 25.92 | M63: 36.71 | N63: 464.2 | O63: 0 | P63: 0.6 | Q63: 9.62
A64: 14/11/2024 14:00 | B64: 2.61 | C64: 27.31 | D64: 14.98 | E64: 5.09 | F64: 6.1 | G64: 68.55 | H64: Data F | I64: 6.44 | J64: 1.04 | K64: 342 | L64: 25.98 | M64: 37.05 | N64: 223.1 | O64: 0 | P64: 0.6 | Q64: 9.63
A65: 14/11/2024 14:15 | B65: 2.69 | C65: 28.33 | D65: 15.58 | E65: 5.48 | F65: 6 | G65: 69.32 | H65: Data F | I65: 5.9 | J65: 0.81 | K65: 334.79 | L65: 26.4 | M65: 34.49 | N65: 139.5 | O65: 0 | P65: 0.6 | Q65: 9.62
A66: 14/11/2024 14:30 | B66: 2.66 | C66: 29.04 | D66: 15.93 | E66: 5.78 | F66: 5.31 | G66: 69.32 | H66: Data F | I66: 5.71 | J66: 0.8 | K66: 120.27 | L66: 25.62 | M66: 36.42 | N66: 132.7 | O66: 0 | P66: 0.59 | Q66: 9.63
A67: 14/11/2024 14:45 | B67: 2.61 | C67: 28.87 | D67: 15.8 | E67: 5.52 | F67: 5.81 | G67: 69.32 | H67: Data F | I67: 5.28 | J67: 1.64 | K67: 112.1 | L67: 24.88 | M67: 37.86 | N67: 133.8 | O67: 0 | P67: 0.59 | Q67: 9.62
A68: 14/11/2024 15:00 | B68: 2.39 | C68: 28.4 | D68: 15.37 | E68: 5.75 | F68: 6.4 | G68: 68.11 | H68: 58.47 | I68: 5.47 | J68: 0.5 | K68: 34.1 | L68: 24.89 | M68: 36.52 | N68: 156.1 | O68: 0 | P68: 0.58 | Q68: 9.61
A69: 14/11/2024 15:15 | B69: 2.47 | C69: 27.32 | D69: 14.88 | E69: 5.39 | F69: 7.08 | G69: 64.57 | H69: 27.82 | I69: 5.66 | J69: 0.29 | K69: 354.2 | L69: 25.17 | M69: 35.4 | N69: 101.4 | O69: 0 | P69: 0.61 | Q69: 9.62
A70: 14/11/2024 15:30 | B70: 2.98 | C70: 27.4 | D70: 15.33 | E70: 5.12 | F70: 5.66 | G70: 64.57 | H70: 27.82 | I70: 4.41 | J70: 0.44 | K70: 336.27 | L70: 25.03 | M70: 36.48 | N70: 87.7 | O70: 0 | P70: 0.67 | Q70: 9.63
A71: 14/11/2024 15:45 | B71: 3.42 | C71: 28.07 | D71: 16.03 | E71: 5.25 | F71: 6.31 | G71: 64.57 | H71: 27.82 | I71: 3.54 | J71: 0.6 | K71: 110.87 | L71: 24.57 | M71: 36.54 | N71: 80.4 | O71: 0 | P71: 0.57 | Q71: 9.63
A72: 14/11/2024 16:00 | B72: 3.51 | C72: 27.93 | D72: 16.03 | E72: 5.84 | F72: 6.55 | G72: 64.53 | H72: 30.28 | I72: 3.13 | J72: 0.46 | K72: 0.58 | L72: 24.36 | M72: 37.29 | N72: 72.7 | O72: 0 | P72: 0.63 | Q72: 9.63
A73: 14/11/2024 16:15 | B73: 3.51 | C73: 27.83 | D73: 15.98 | E73: 5.66 | F73: 6.28 | G73: 64.4 | H73: 40.1 | I73: 2.8 | J73: 0.57 | K73: 109.51 | L73: 24.04 | M73: 38.11 | N73: 64 | O73: 0 | P73: 0.57 | Q73: 9.63
A74: 14/11/2024 16:30 | B74: 3.53 | C74: 27.67 | D74: 15.91 | E74: 6.14 | F74: 6.9 | G74: 64.4 | H74: 40.1 | I74: 2.43 | J74: 0.28 | K74: 60.74 | L74: 23.79 | M74: 38.88 | N74: 55.3 | O74: 0 | P74: 0.66 | Q74: 9.63
A75: 14/11/2024 16:45 | B75: 3.47 | C75: 27.66 | D75: 15.86 | E75: 5.97 | F75: 8.06 | G75: 64.4 | H75: 40.1 | I75: 2.57 | J75: 0.51 | K75: 110.53 | L75: 23.43 | M75: 40.19 | N75: 48 | O75: 0 | P75: 0.55 | Q75: 9.63
A76: 14/11/2024 17:00 | B76: 3.34 | C76: 27.39 | D76: 15.61 | E76: 5.84 | F76: 6.17 | G76: 63.99 | H76: Data F | I76: 2.26 | J76: 0.67 | K76: 110.27 | L76: 23.08 | M76: 41.49 | N76: 40.1 | O76: 0 | P76: 0.58 | Q76: 9.62
A77: 14/11/2024 17:15 | B77: 3.11 | C77: 27.38 | D77: 15.43 | E77: 5.85 | F77: 4.88 | G77: 62.78 | H77: Data F | I77: 2.5 | J77: 0.85 | K77: 112.21 | L77: 22.76 | M77: 42.71 | N77: 32.6 | O77: 0 | P77: 0.59 | Q77: 9.62
A78: 14/11/2024 17:30 | B78: 2.81 | C78: 27.17 | D78: 15.08 | E78: 6.22 | F78: 6.06 | G78: 62.78 | H78: Data F | I78: 4.54 | J78: 0.82 | K78: 107.25 | L78: 22.49 | M78: 43.45 | N78: 27.8 | O78: 0 | P78: 0.59 | Q78: 9.63
A79: 14/11/2024 17:45 | B79: 2.61 | C79: 26.91 | D79: 14.76 | E79: 5.83 | F79: 6.31 | G79: 62.78 | H79: Data F | I79: 4.68 | J79: 0.59 | K79: 115.66 | L79: 21.96 | M79: 45.35 | N79: 26.1 | O79: 0 | P79: 0.6 | Q79: 0
A80: 14/11/2024 18:00 | B80: 2.5 | C80: 27.21 | D80: 14.84 | E80: 5.53 | F80: 5.77 | G80: 62.26 | H80: Data F | I80: 4.52 | J80: 0.61 | K80: 113.18 | L80: 21.74 | M80: 46.53 | N80: 26 | O80: 0 | P80: 0.62 | Q80: 9.62
A81: 14/11/2024 18:15 | B81: 2.46 | C81: 27.23 | D81: 14.82 | E81: 5.91 | F81: 5.51 | G81: 60.77 | H81: Data F | I81: 4.35 | J81: 0.29 | K81: 99.22 | L81: 21.51 | M81: 47.05 | N81: 25.9 | O81: 0 | P81: 0.63 | Q81: 9.63
A82: 14/11/2024 18:30 | B82: 2.47 | C82: 27.79 | D82: 15.12 | E82: 5.95 | F82: 5.33 | G82: 60.77 | H82: Data F | I82: 4.3 | J82: 0.3 | K82: 86.21 | L82: 21.3 | M82: 47.81 | N82: 25.9 | O82: 0 | P82: 0.7 | Q82: 9.63
A83: 14/11/2024 18:45 | B83: 2.51 | C83: 28.65 | D83: 15.61 | E83: 5.88 | F83: 5.2 | G83: 60.77 | H83: Data F | I83: 4.79 | J83: 0.58 | K83: 111.93 | L83: 21.02 | M83: 49.31 | N83: 25.8 | O83: 0 | P83: 0.69 | Q83: 9.63
A84: 14/11/2024 19:00 | B84: 2.58 | C84: 29.08 | D84: 15.89 | E84: 5.89 | F84: 5.21 | G84: 60.65 | H84: Data F | I84: 4.86 | J84: 0.44 | K84: 107.82 | L84: 20.96 | M84: 49.72 | N84: 25.8 | O84: 0 | P84: 0.69 | Q84: 9.62
A85: 14/11/2024 19:15 | B85: 2.71 | C85: 29.5 | D85: 16.21 | E85: 6.2 | F85: 5.11 | G85: 60.31 | H85: Data F | I85: 4.99 | J85: 0.7 | K85: 114.92 | L85: 20.77 | M85: 50.89 | N85: 25.5 | O85: 0 | P85: 0.64 | Q85: 9.61
A86: 14/11/2024 19:30 | B86: 2.97 | C86: 28.12 | D86: 15.7 | E86: 5.3 | F86: 4.9 | G86: 60.31 | H86: Data F | I86: 4.94 | J86: 0.2 | K86: 354.34 | L86: 20.61 | M86: 51.89 | N86: 25.9 | O86: 0 | P86: 0.94 | Q86: 9.62
A87: 14/11/2024 19:45 | B87: 3.51 | C87: 28.37 | D87: 16.26 | E87: 5.52 | F87: 5.17 | G87: 60.31 | H87: Data F | I87: 4.35 | J87: 1.26 | K87: 121.63 | L87: 20.6 | M87: 52.36 | N87: 25.2 | O87: 0 | P87: 0.72 | Q87: 9.62
... A91: 14/11/2024 20:45 | B91: 5.01 | C91: 28.56 | D91: 17.56 | E91: 5.64 | F91: 4.24 | G91: 66.73 | H91: Data F | I91: 4.88 | J91: 0.36 | K91: 101 | L91: 19.15 | M91: 60.06 | N91: 26.1 | O91: 0 | P91: 0.99 | Q91: 9.63
A92: 14/11/2024 21:00 | B92: 5.45 | C92: 28.56 | D92: 17.92 | E92: 5.47 | F92: 4.25 | G92: 68.5 | H92: 19.8 | I92: 5.44 | J92: 0.34 | K92: 105.94 | L92: 19.02 | M92: 60.36 | N92: 25.8 | O92: 0 | P92: 0.97 | Q92: 9.63
A93: 14/11/2024 21:15 | B93: 5.76 | C93: 28.95 | D93: 18.37 | E93: 5.61 | F93: 3.88 | G93: 73.66 | H93: 57.68 | I93: 5.87 | J93: 0.18 | K93: 94.57 | L93: 18.93 | M93: 60.87 | N93: 25.8 | O93: 0 | P93: 0.83 | Q93: 9.64
A94: 14/11/2024 21:30 | B94: 5.69 | C94: 29.37 | D94: 18.53 | E94: 5.54 | F94: 4.11 | G94: 73.66 | H94: 57.68 | I94: 5.12 | J94: 0.2 | K94: 179.27 | L94: 18.91 | M94: 62.22 | N94: 25.8 | O94: 0 | P94: 0.85 | Q94: 9.62
A95: 14/11/2024 21:45 | B95: 5.39 | C95: 29.72 | D95: 18.47 | E95: 5.58 | F95: 4.3 | G95: 73.66 | H95: 57.68 | I95: 5.91 | J95: 0.31 | K95: 73.97 | L95: 18.88 | M95: 62.58 | N95: 25.6 | O95: 0 | P95: 0.86 | Q95: 9.63
A96: 14/11/2024 22:00 | B96: 5.36 | C96: 30.51 | D96: 18.86 | E96: 5.12 | F96: 4.5 | G96: 75.5 | H96: 39.07 | I96: 6.21 | J96: 0.13 | K96: 5.98 | L96: 18.77 | M96: 62.48 | N96: 25.8 | O96: 0 | P96: 0.91 | Q96: 9.64
A97: 14/11/2024 22:15 | B97: 5.8 | C97: 31.48 | D97: 19.73 | E97: 5.35 | F97: 4.19 | G97: 80.87 | H97: 3.46 | I97: 6.22 | J97: 0.27 | K97: 5.24 | L97: 18.65 | M97: 63.14 | N97: 25.8 | O97: 0 | P97: 0.9 | Q97: 9.63
A98: 14/11/2024 22:30 | B98: 6.69 | C98: 32.54 | D98: 20.99 | E98: 5.48 | F98: 3.86 | G98: 80.87 | H98: 3.46 | I98: 6.04 | J98: 0.56 | K98: 335.61 | L98: 18.44 | M98: 65.24 | N98: 25.8 | O98: 0 | P98: 0.93 | Q98: 9.63
A99: 14/11/2024 22:45 | B99: 8.96 | C99: 33.38 | D99: 23.25 | E99: 5.35 | F99: 3.8 | G99: 80.87 | H99: 3.46 | I99: 6.02 | J99: 0.14 | K99: 347.44 | L99: 18.16 | M99: 65.25 | N99: 26.1 | O99: 0 | P99: 0.93 | Q99: 9.64
A100: 14/11/2024 23:00 | B100: 11.18 | C100: 34.62 | D100: 25.68 | E100: 5.33 | F100: 3.62 | G100: 80.16 | H100: 3.36 | I100: 6.02 | J100: 0.49 | K100: 331.64 | L100: 17.78 | M100: 69.76 | N100: 26 | O100: 0 | P100: 0.95 | Q100: 9.62
A101: 14/11/2024 23:15 | B101: 15.34 | C101: 35.02 | D101: 29.22 | E101: 5.51 | F101: 3.58 | G101: 78.1 | H101: 3.18 | I101: 6.05 | J101: 0.56 | K101: 317.38 | L101: 17.51 | M101: 72.08 | N101: 25.9 | O101: 0 | P101: 0.97 | Q101: 9.63
A102: 14/11/2024 23:30 | B102: 20.29 | C102: 34.54 | D102: 32.94 | E102: 5.51 | F102: 3.8 | G102: 78.1 | H102: 3.18 | I102: 6.07 | J102: 0.59 | K102: 332.38 | L102: 17.21 | M102: 74.53 | N102: 26 | O102: 0 | P102: 1.15 | Q102: 9.64
A103: 14/11/2024 23:45 | B103: 24.96 | C103: 33.05 | D103: 35.9 | E103: 5.36 | F103: 3.91 | G103: 78.1 | H103: 3.18 | I103: 6.09 | J103: 0.37 | K103: 299.1 | L103: 16.82 | M103: 76.69 | N103: 26.1 | O103: 0 | P103: 1.12 | Q103: 9.64
A104: 14/11/2024 24:00 | B104: 28.01 | C104: 32.55 | D104: 38.09 | E104: 7.02 | F104: 3.18 | G104: 77.65 | H104: 25.25 | I104: 5.67 | J104: 0.3 | K104: 336.02 | L104: 16.71 | M104: 78.7 | N104: 25.7 | O104: 0 | P104: 1.08 | Q104: 9.65
A106: Min | B106: =MIN(B9:B104) -> 2.39 | C106: =MIN(C9:C104) -> 20.79 | D106: =MIN(D9:D104) -> 12.97 | E106: =MIN(E9:E104) -> 4.02 | F106: =MIN(F9:F104) -> 3.18 | G106: =MIN(G9:G104) -> 60.31 | H106: =MIN(H9:H104) -> 3.18 | I106: =MIN(I9:I104) -> 2.26 | ... Q106: =MIN(Q9:Q104) -> 0
A107: Max | B107: =MAX(B9:B104) -> 28.01 | C107: =MAX(C9:C104) -> 35.02 | D107: =MAX(D9:D104) -> 38.09 | E107: =MAX(E9:E104) -> 7.02 | F107: =MAX(F9:F104) -> 8.06 | G107: =MAX(G9:G104) -> 91.95 | H107: =MAX(H9:H104) -> 71.57 | I107: =MAX(I9:I104) -> 7.24 | ... Q107: =MAX(Q9:Q104) -> 9.65
A108: Avg | B108: =AVERAGE(B9:B104) -> 6.3634375 | C108: =AVERAGE(C9:C104) -> 26.755313 | D108: =AVERAGE(D9:D104) -> 17.705 | E108: =AVERAGE(E9:E104) -> 5.6702083 | F108: =AVERAGE(F9:F104) -> 4.6541667 | G108: =AVERAGE(G9:G104) -> 73.927396 | H108: =AVERAGE(H9:H104) -> 31.08339 | I108: =AVERAGE(I9:I104) -> 5.04125 | ... Q108: =AVERAGE(Q9:Q104) -> 9.5269792
A109: Stdev | B109: =STDEV(B9:B104) -> 4.5208159 | C109: =STDEV(C9:C104) -> 3.2882723 | D109: =STDEV(D9:D104) -> 4.2985217 | E109: =STDEV(E9:E104) -> 0.63394501 | F109: =STDEV(F9:F104) -> 0.92653703 | G109: =STDEV(G9:G104) -> 8.8436743 | H109: =STDEV(H9:H104) -> 20.160126 | I109: =STDEV(I9:I104) -> 1.0381443 | ... Q109: =STDEV(Q9:Q104) -> 0.9826164
A110: Num | B110: =COUNT(B9:B104) -> 96 | C110: =COUNT(C9:C104) -> 96 | D110: =COUNT(D9:D104) -> 96 | E110: =COUNT(E9:E104) -> 96 | F110: =COUNT(F9:F104) -> 96 | G110: =COUNT(G9:G104) -> 96 | H110: =COUNT(H9:H104)+37 -> 96 | I110: =COUNT(I9:I104) -> 96 | J110: =COUNT(J9:J104) -> 96 | K110: =COUNT(K9:K104) -> 96 | L110: =COUNT(L9:L104) -> 96 | M110: =COUNT(M9:M104) -> 96 | N110: =COUNT(N9:N104) -> 96 | O110: =COUNT(O9:O104) -> 96 | P110: =COUNT(P9:P104) -> 96 | Q110: =COUNT(Q9:Q104) -> 96
A111: DCR | B111: =IF(B110>=87,">90%",IF(B110<=87,"<90%")) -> >90% | C111: =IF(C110>=87,">90%",IF(C110<=87,"<90%")) -> >90% | D111: =IF(D110>=87,">90%",IF(D110<=87,"<90%")) -> >90% | E111: =IF(E110>=87,">90%",IF(E110<=87,"<90%")) -> >90% | F111: =IF(F110>=87,">90%",IF(F110<=87,"<90%")) -> >90% | G111: =IF(G110>=87,">90%",IF(G110<=87,"<90%")) -> >90% | H111: =IF(H110>=87,">90%",IF(H110<=87,"<90%")) -> >90% | I111: =IF(I110>=87,">90%",IF(I110<=87,"<90%")) -> >90% | ... Q111: =IF(Q110>=87,">90%",IF(Q110<=87,"<90%")) -> >90%
A112: Status | B112: =IF(B110>=87,"OK",IF(B110<=87,"LESS")) -> OK | C112: =IF(C110>=87,"OK",IF(C110<=87,"LESS")) -> OK | D112: =IF(D110>=87,"OK",IF(D110<=87,"LESS")) -> OK | E112: =IF(E110>=87,"OK",IF(E110<=87,"LESS")) -> OK | F112: =IF(F110>=87,"OK",IF(F110<=87,"LESS")) -> OK | G112: =IF(G110>=87,"OK",IF(G110<=87,"LESS")) -> OK | H112: =IF(H110>=87,"OK",IF(H110<=87,"LESS")) -> OK | I112: =IF(I110>=87,"OK",IF(I110<=87,"LESS")) -> OK | ... Q112: =IF(Q110>=87,"OK",IF(Q110<=87,"LESS")) -> OK
...

Sheet 15
A1: Station: | B1: BHATAGAON RAIPUR
A2: Date: | B2: =$A$9 -> 15/11/2024 00:15 | D2: Power Off | G2: Pw.Off | L2: Link Fail | N2: Link F | P2: Maintenance | R2: Maint.
A3: Report Type: | B3: Mean | D3: Calibration | G3: Calib. | L3: Data Fail | N3: Data F | P3: Invalid | R3: Invalid
A4: Time Base: | B4: 15 Min | D4: Zero Referrence | G4: Z.Ref | L4: Warm Up | N4: Wm. Up
A7: Date & Time | B7: NO_BHATAGAON | C7: NO2__BHATAGAON | D7: NOX_BHATAGAON | E7: SO2__BHATAGAON | F7: O3__BHATAGAON | G7: PM10__BHATAGAON | H7: PM2_5__BHATAGAON | I7: BENZ__BHATAGAON | J7: WS__BHATAGAON | K7: WD__BHATAGAON | L7: TEMP__BHATAGAON | M7: HUM__BHATAGAON | N7: SR__BHATAGAON | O7: RG__BHATAGAON | P7: CO__BHATAGAON | Q7: NH3__BHATAGAON
B8: ug/m3 | C8: ug/m3 | D8: ppb | E8: ug/m3 | F8: ug/m3 | G8: ug/m3 | H8: ug/m3 | I8: ug/m3 | J8: m/sec | K8: deg | L8: degreC | M8: % | N8: w/m2 | O8: mm | P8: mg/m3 | Q8: ug/m3
A9: 15/11/2024 00:15 | B9: 30.14 | C9: 31.65 | D9: 39.33 | E9: 7.11 | F9: 3.69 | G9: 76.35 | H9: 113.51 | I9: 5.58 | J9: 0.15 | K9: 256.07 | L9: 16.93 | M9: 74.12 | N9: 25.6 | O9: 0 | P9: 0.94 | Q9: 9.64
A10: 15/11/2024 00:30 | B10: 29.96 | C10: 30.5 | D10: 38.58 | E10: 6.81 | F10: 3.91 | G10: 76.35 | H10: 113.51 | I10: 5.85 | J10: 0.6 | K10: 294.51 | L10: 17.21 | M10: 72.08 | N10: 25.6 | O10: 0 | P10: 0.92 | Q10: 9.64
A11: 15/11/2024 00:45 | B11: 29.22 | C11: 29.57 | D11: 37.51 | E11: 6.93 | F11: 4.15 | G11: 76.35 | H11: 113.51 | I11: 5.65 | J11: 0.43 | K11: 294.66 | L11: 16.89 | M11: 74.28 | N11: 26 | O11: 0 | P11: 0.91 | Q11: 9.64
A12: 15/11/2024 01:00 | B12: 28.42 | C12: 28.93 | D12: 36.53 | E12: 6.76 | F12: 3.86 | G12: 75.06 | H12: 91.18 | I12: 5.06 | J12: 0.55 | K12: 322.71 | L12: 16.66 | M12: 78.44 | N12: 26 | O12: 0 | P12: 0.88 | Q12: 9.63
A13: 15/11/2024 01:15 | B13: 27.73 | C13: 28.49 | D13: 35.74 | E13: 6.62 | F13: 3.8 | G13: 71.32 | H13: 48.45 | I13: 4.44 | J13: 0.64 | K13: 331.05 | L13: 16.23 | M13: 81.1 | N13: 26 | O13: 0 | P13: 0.9 | Q13: 9.63
A14: 15/11/2024 01:30 | B14: 26.68 | C14: 28.77 | D14: 35.05 | E14: 6.9 | F14: 3.74 | G14: 71.32 | H14: 48.45 | I14: 4.71 | J14: 0.03 | K14: 49.73 | L14: 15.91 | M14: 80.24 | N14: 26.1 | O14: 0 | P14: 0.96 | Q14: 9.63
A15: 15/11/2024 01:45 | B15: 24.98 | C15: 28.91 | D15: 33.76 | E15: 6.9 | F15: 3.72 | G15: 71.32 | H15: 48.45 | I15: 5.78 | J15: 0.36 | K15: 320.1 | L15: 15.82 | M15: 82.42 | N15: 25.8 | O15: 0 | P15: 0.93 | Q15: 9.64
A16: 15/11/2024 02:00 | B16: 23.52 | C16: 28.72 | D16: 32.49 | E16: 6.61 | F16: 3.61 | G16: 72 | H16: 41.27 | I16: 6.21 | J16: 0.36 | K16: 348.84 | L16: 15.73 | M16: 84.72 | N16: 26 | O16: 0 | P16: 0.9 | Q16: 9.62
A17: 15/11/2024 02:15 | B17: 22.86 | C17: 29.29 | D17: 32.26 | E17: 6.54 | F17: 3.58 | G17: 73.96 | H17: 27.53 | I17: 6.14 | J17: 0.3 | K17: 297.16 | L17: 15.49 | M17: 85.25 | N17: 25.8 | O17: 0 | P17: 0.88 | Q17: 9.62
A18: 15/11/2024 02:30 | B18: 22.38 | C18: 29.87 | D18: 32.18 | E18: 6.39 | F18: 3.53 | G18: 73.96 | H18: 27.53 | I18: 6 | J18: 0.42 | K18: 301.16 | L18: 15.67 | M18: 84.42 | N18: 25.9 | O18: 0 | P18: 0.86 | Q18: 9.62
A19: 15/11/2024 02:45 | B19: 21.3 | C19: 29.92 | D19: 31.34 | E19: 6.71 | F19: 3.51 | G19: 73.96 | H19: 27.53 | I19: 5.86 | J19: 0.37 | K19: 307.78 | L19: 15.37 | M19: 88.4 | N19: 26 | O19: 0 | P19: 0.84 | Q19: 9.64
A20: 15/11/2024 03:00 | B20: 20.15 | C20: 29.63 | D20: 30.26 | E20: 6.65 | F20: 3.72 | G20: 72.46 | H20: 30.91 | I20: 5.72 | J20: 0.26 | K20: 294.91 | L20: 15.31 | M20: 87.34 | N20: 25.8 | O20: 0 | P20: 0.83 | Q20: 9.63
... A40: 15/11/2024 08:00 | B40: 16.65 | C40: 28.14 | D40: 26.67 | E40: 6.92 | F40: 3.92 | G40: 94.5 | H40: 22.28 | I40: 4.41 | J40: 0.41 | K40: 93.98 | L40: 19.35 | M40: 59.98 | N40: 253 | O40: 0 | P40: 0.8 | Q40: 9.64
A41: 15/11/2024 08:15 | B41: 16.28 | C41: 28.23 | D41: 26.43 | E41: 5.79 | F41: 3.61 | G41: 90.31 | H41: Data F | I41: 4.42 | J41: 0.53 | K41: 116.49 | L41: 19.76 | M41: 58.78 | N41: 295 | O41: 0 | P41: 0.8 | Q41: 9.64
A42: 15/11/2024 08:30 | B42: 15.84 | C42: 28.12 | D42: 26.02 | E42: 5.97 | F42: 3.65 | G42: 90.31 | H42: Data F | I42: 4.52 | J42: 0.73 | K42: 105.47 | L42: 20.85 | M42: 54.71 | N42: 340.7 | O42: 0 | P42: 0.78 | Q42: 9.64
A43: 15/11/2024 08:45 | B43: 15.08 | C43: 27.79 | D43: 25.24 | E43: 6.3 | F43: 4.23 | G43: 90.31 | H43: Data F | I43: 4.49 | J43: 1.24 | K43: 119.44 | L43: 20.58 | M43: 55.28 | N43: 384.8 | O43: 0 | P43: 0.74 | Q43: 9.63
A44: 15/11/2024 09:00 | B44: 14.18 | C44: 27.45 | D44: 24.34 | E44: 6.08 | F44: 3.59 | G44: 89.41 | H44: 73.24 | I44: 4.58 | J44: 0.98 | K44: 109.84 | L44: 21.93 | M44: 52.22 | N44: 420.2 | O44: 0 | P44: 0.77 | Q44: 9.61
A45: 15/11/2024 09:15 | B45: 13.23 | C45: 27.18 | D45: 23.43 | E45: 6.05 | F45: 3.7 | G45: 86.81 | H45: 0.72 | I45: 4.8 | J45: 0.88 | K45: 113.14 | L45: 21.84 | M45: 52.56 | N45: 455.5 | O45: 0 | P45: 0.74 | Q45: 9.63
A46: 15/11/2024 09:30 | B46: 12.39 | C46: 27.01 | D46: 22.67 | E46: 5.86 | F46: 4.02 | G46: 86.81 | H46: 0.72 | I46: 5.18 | J46: 1.67 | K46: 117.98 | L46: 21.8 | M46: 52.75 | N46: 483.6 | O46: 0 | P46: 0.75 | Q46: 9.63
A47: 15/11/2024 09:45 | B47: 11.72 | C47: 28.03 | D47: 22.66 | E47: 5.84 | F47: 4.49 | G47: 86.81 | H47: 0.72 | I47: 5.53 | J47: 0.66 | K47: 348.05 | L47: 24.39 | M47: 44.89 | N47: 499.5 | O47: 0 | P47: 0.74 | Q47: 9.62
A48: 15/11/2024 10:00 | B48: 11.88 | C48: 29.94 | D48: 23.79 | E48: 6.29 | F48: 3.83 | G48: 85.46 | H48: 13.08 | I48: 5.91 | J48: 0.41 | K48: 354.37 | L48: 25.55 | M48: 40.35 | N48: 546.7 | O48: 0 | P48: 0.75 | Q48: 9.63
A49: 15/11/2024 10:15 | B49: 11.51 | C49: 31.53 | D49: 24.33 | E49: 6.01 | F49: 4.06 | G49: 81.53 | H49: 36.72 | I49: 6.26 | J49: 0.72 | K49: 103.54 | L49: 24.5 | M49: 41.25 | N49: 593 | O49: 0 | P49: 0.74 | Q49: 9.63
A50: 15/11/2024 10:30 | B50: 11.12 | C50: 32.82 | D50: 24.69 | E50: 6.14 | F50: 4.07 | G50: 81.53 | H50: 36.72 | I50: 6.34 | J50: 1.33 | K50: 119.68 | L50: 24.25 | M50: 40.73 | N50: 630.8 | O50: 0 | P50: 0.72 | Q50: 9.63
A51: 15/11/2024 10:45 | B51: 10.23 | C51: 33.87 | D51: 24.53 | E51: 6.28 | F51: 4.4 | G51: 81.53 | H51: 36.72 | I51: 6.31 | J51: 1.32 | K51: 112.97 | L51: 23.75 | M51: 41.08 | N51: 658.3 | O51: 0 | P51: 0.71 | Q51: 9.65
A52: 15/11/2024 11:00 | B52: 9.42 | C52: 34.86 | D52: 24.39 | E52: 6.24 | F52: 4.03 | G52: 78.79 | H52: 24.62 | I52: 6.43 | J52: 0.17 | K52: 55.22 | L52: 25.65 | M52: 36.43 | N52: 657.3 | O52: 0 | P52: 0.7 | Q52: 9.63
A53: 15/11/2024 11:15 | B53: 8.73 | C53: 35.54 | D53: 24.2 | E53: 6.11 | F53: 4.09 | G53: 70.79 | H53: 12.47 | I53: 6.59 | J53: 1.42 | K53: 117.76 | L53: 24.61 | M53: 37.95 | N53: 701.4 | O53: 0 | P53: 0.69 | Q53: 9.64
A54: 15/11/2024 11:30 | B54: 7.86 | C54: 35.95 | D54: 23.71 | E54: 5.82 | F54: 4.15 | G54: 70.79 | H54: 12.47 | I54: 6.57 | J54: 1.39 | K54: 339.02 | L54: 27.64 | M54: 32.26 | N54: 662.5 | O54: 0 | P54: 0.67 | Q54: 9.64
A55: 15/11/2024 11:45 | B55: 7.27 | C55: 36.81 | D55: 23.68 | E55: 6.17 | F55: 4.63 | G55: 70.79 | H55: 15.47 | I55: 6.97 | J55: 1.53 | K55: 335.63 | L55: 29.47 | M55: 28.52 | N55: 657.2 | O55: 0 | P55: 0.66 | Q55: 9.64
... A96: 15/11/2024 22:00 | B96: 11.69 | C96: 36.89 | D96: 27.27 | E96: 5.95 | F96: 3.88 | G96: 97.88 | H96: 0.01 | I96: 5.21 | J96: 0.16 | K96: 353.68 | L96: 18.13 | M96: 50.91 | N96: 25.6 | O96: 0 | P96: 1.07 | Q96: 9.63
A97: 15/11/2024 22:15 | B97: 11.91 | C97: 36.48 | D97: 27.24 | E97: 5.99 | F97: 4.27 | G97: 97.81 | H97: Data F | I97: 5.13 | J97: 0.24 | K97: 55.71 | L97: 17.9 | M97: 51.95 | N97: 25.8 | O97: 0 | P97: 1.12 | Q97: 9.64
A98: 15/11/2024 22:30 | B98: 11.81 | C98: 37.14 | D98: 27.5 | E98: 6.13 | F98: 4.15 | G98: 97.81 | H98: Data F | I98: 5.24 | J98: 0.45 | K98: 81.76 | L98: 17.99 | M98: 52.99 | N98: 25.5 | O98: 0 | P98: 1.11 | Q98: 9.63
A99: 15/11/2024 22:45 | B99: 12.02 | C99: 37.79 | D99: 28 | E99: 6.16 | F99: 4.15 | G99: 97.81 | H99: Data F | I99: 6.43 | J99: 0.26 | K99: 86.74 | L99: 17.9 | M99: 52.14 | N99: 25.5 | O99: 0 | P99: 1.09 | Q99: 9.63
A100: 15/11/2024 23:00 | B100: 11.84 | C100: 38.43 | D100: 28.2 | E100: 5.79 | F100: 4.22 | G100: 98.24 | H100: Data F | I100: 6.86 | J100: 0.43 | K100: 113.68 | L100: 17.81 | M100: 52 | N100: 25.6 | O100: 0 | P100: 1.08 | Q100: 9.62
A101: 15/11/2024 23:15 | B101: 11.28 | C101: 38.78 | D101: 27.93 | E101: 5.57 | F101: 4.25 | G101: 99.49 | H101: Data F | I101: 6.71 | J101: 1.16 | K101: 112.3 | L101: 18.18 | M101: 49.7 | N101: 25 | O101: 0 | P101: 1.06 | Q101: 9.61
A102: 15/11/2024 23:30 | B102: 10.19 | C102: 38.79 | D102: 27.06 | E102: 5.5 | F102: 4.08 | G102: 99.49 | H102: Data F | I102: 6.77 | J102: 0.78 | K102: 115.82 | L102: 18.07 | M102: 50.72 | N102: 25.8 | O102: 0 | P102: 1.04 | Q102: 9.63
A103: 15/11/2024 23:45 | B103: 8.91 | C103: 38.79 | D103: 26.04 | E103: 5.27 | F103: 4.25 | G103: 99.49 | H103: Data F | I103: 7.04 | J103: 0.31 | K103: 96.11 | L103: 17.86 | M103: 51.39 | N103: 25.9 | O103: 0 | P103: 1 | Q103: 9.63
A104: 15/11/2024 24:00 | B104: 7.85 | C104: 38.58 | D104: 25.07 | E104: 5.73 | F104: 4.21 | G104: 99.15 | H104: Data F | I104: 7.2 | J104: 0.34 | K104: 103.44 | L104: 17.61 | M104: 52.58 | N104: 26 | O104: 0 | P104: 0.98 | Q104: 9.63
A106: Min | B106: =MIN(B9:B104) -> 3.96 | C106: =MIN(C9:C104) -> 25.3 | D106: =MIN(D9:D104) -> 19.69 | E106: =MIN(E9:E104) -> 5.25 | F106: =MIN(F9:F104) -> 3.29 | G106: =MIN(G9:G104) -> 67.38 | H106: =MIN(H9:H104) -> 0.01 | I106: =MIN(I9:I104) -> 3.63 | ... Q106: =MIN(Q9:Q104) -> 9.61
A107: Max | B107: =MAX(B9:B104) -> 30.14 | C107: =MAX(C9:C104) -> 46.66 | D107: =MAX(D9:D104) -> 39.33 | E107: =MAX(E9:E104) -> 7.11 | F107: =MAX(F9:F104) -> 7.41 | G107: =MAX(G9:G104) -> 113.17 | H107: =MAX(H9:H104) -> 113.51 | I107: =MAX(I9:I104) -> 7.2 | ... Q107: =MAX(Q9:Q104) -> 9.65
A108: Avg | B108: =AVERAGE(B9:B104) -> 13.026771 | C108: =AVERAGE(C9:C104) -> 34.140833 | D108: =AVERAGE(D9:D104) -> 26.907187 | E108: =AVERAGE(E9:E104) -> 6.11125 | F108: =AVERAGE(F9:F104) -> 4.2980208 | G108: =AVERAGE(G9:G104) -> 84.89125 | H108: =AVERAGE(H9:H104) -> 21.870471 | I108: =AVERAGE(I9:I104) -> 5.3694792 | ... Q108: =AVERAGE(Q9:Q104) -> 9.6301042
A109: Stdev | B109: =STDEV(B9:B104) -> 6.9364594 | C109: =STDEV(C9:C104) -> 5.8097897 | D109: =STDEV(D9:D104) -> 4.5116958 | E109: =STDEV(E9:E104) -> 0.46789844 | F109: =STDEV(F9:F104) -> 0.65240223 | G109: =STDEV(G9:G104) -> 13.761195 | H109: =STDEV(H9:H104) -> 25.846546 | I109: =STDEV(I9:I104) -> 0.93345241 | ... Q109: =STDEV(Q9:Q104) -> 0.0087653374
A110: Num | B110: =COUNT(B9:B104) -> 96 | C110: =COUNT(C9:C104) -> 96 | D110: =COUNT(D9:D104) -> 96 | E110: =COUNT(E9:E104) -> 96 | F110: =COUNT(F9:F104) -> 96 | G110: =COUNT(G9:G104) -> 96 | H110: =COUNT(H9:H104)+11 -> 96 | I110: =COUNT(I9:I104) -> 96 | J110: =COUNT(J9:J104) -> 96 | K110: =COUNT(K9:K104) -> 96 | L110: =COUNT(L9:L104) -> 96 | M110: =COUNT(M9:M104) -> 96 | N110: =COUNT(N9:N104) -> 96 | O110: =COUNT(O9:O104) -> 96 | P110: =COUNT(P9:P104) -> 96 | Q110: =COUNT(Q9:Q104) -> 96
A111: DCR | B111: =IF(B110>=87,">90%",IF(B110<=87,"<90%")) -> >90% | C111: =IF(C110>=87,">90%",IF(C110<=87,"<90%")) -> >90% | D111: =IF(D110>=87,">90%",IF(D110<=87,"<90%")) -> >90% | E111: =IF(E110>=87,">90%",IF(E110<=87,"<90%")) -> >90% | F111: =IF(F110>=87,">90%",IF(F110<=87,"<90%")) -> >90% | G111: =IF(G110>=87,">90%",IF(G110<=87,"<90%")) -> >90% | H111: =IF(H110>=87,">90%",IF(H110<=87,"<90%")) -> >90% | I111: =IF(I110>=87,">90%",IF(I110<=87,"<90%")) -> >90% | ... Q111: =IF(Q110>=87,">90%",IF(Q110<=87,"<90%")) -> >90%
A112: Status | B112: =IF(B110>=87,"OK",IF(B110<=87,"LESS")) -> OK | C112: =IF(C110>=87,"OK",IF(C110<=87,"LESS")) -> OK | D112: =IF(D110>=87,"OK",IF(D110<=87,"LESS")) -> OK | E112: =IF(E110>=87,"OK",IF(E110<=87,"LESS")) -> OK | F112: =IF(F110>=87,"OK",IF(F110<=87,"LESS")) -> OK | G112: =IF(G110>=87,"OK",IF(G110<=87,"LESS")) -> OK | H112: =IF(H110>=87,"OK",IF(H110<=87,"LESS")) -> OK | I112: =IF(I110>=87,"OK",IF(I110<=87,"LESS")) -> OK | ... Q112: =IF(Q110>=87,"OK",IF(Q110<=87,"LESS")) -> OK
A115: Done by | B115: RK
A117: Comment

Sheet 16
A1: Station: | B1: BHATAGAON RAIPUR
A2: Date: | B2: =$A$9 -> 16/11/2024 00:15 | D2: Power Off | G2: Pw.Off | L2: Link Fail | N2: Link F | P2: Maintenance | R2: Maint.
A3: Report Type: | B3: Mean | D3: Calibration | G3: Calib. | L3: Data Fail | N3: Data F | P3: Invalid | R3: Invalid
A4: Time Base: | B4: 15 Min | D4: Zero Referrence | G4: Z.Ref | L4: Warm Up | N4: Wm. Up
A7: Date & Time | B7: NO_BHATAGAON | C7: NO2__BHATAGAON | D7: NOX_BHATAGAON | E7: SO2__BHATAGAON | F7: O3__BHATAGAON | G7: PM10__BHATAGAON | H7: PM2_5__BHATAGAON | I7: BENZ__BHATAGAON | J7: WS__BHATAGAON | K7: WD__BHATAGAON | L7: TEMP__BHATAGAON | M7: HUM__BHATAGAON | N7: SR__BHATAGAON | O7: RG__BHATAGAON | P7: CO__BHATAGAON | Q7: NH3__BHATAGAON
B8: ug/m3 | C8: ug/m3 | D8: ppb | E8: ug/m3 | F8: ug/m3 | G8: ug/m3 | H8: ug/m3 | I8: ug/m3 | J8: m/sec | K8: deg | L8: degreC | M8: % | N8: w/m2 | O8: mm | P8: mg/m3 | Q8: ug/m3
A9: 16/11/2024 00:15 | B9: 7.05 | C9: 38.21 | D9: 24.24 | E9: 5.39 | F9: 4.02 | G9: 98.15 | H9: 28.1 | I9: 7.08 | J9: 0.48 | K9: 284.7 | L9: 17.16 | M9: 57.87 | N9: 26.2 | O9: 0 | P9: 0.95 | Q9: 9.63
A10: 16/11/2024 00:30 | B10: 6.75 | C10: 37.22 | D10: 23.48 | E10: 5.96 | F10: 3.95 | G10: 98.15 | H10: 28.1 | I10: 6.98 | J10: 0.36 | K10: 286.98 | L10: 16.21 | M10: 61.4 | N10: 26.3 | O10: 0 | P10: 0.92 | Q10: 9.62
A11: 16/11/2024 00:45 | B11: 6.74 | C11: 35.45 | D11: 22.56 | E11: 5.31 | F11: 3.86 | G11: 98.15 | H11: 28.1 | I11: 6.87 | J11: 0.25 | K11: 241.37 | L11: 16.01 | M11: 62.86 | N11: 25.6 | O11: 0 | P11: 0.88 | Q11: 9.63
A12: 16/11/2024 01:00 | B12: 6.85 | C12: 34.8 | D12: 22.3 | E12: 5.59 | F12: 3.76 | G12: 97.91 | H12: 43.71 | I12: 5.86 | J12: 0.47 | K12: 341.57 | L12: 15.56 | M12: 68.74 | N12: 26.2 | O12: 0 | P12: 0.84 | Q12: 9.62
A13: 16/11/2024 01:15 | B13: 7.02 | C13: 34.2 | D13: 22.12 | E13: 5.57 | F13: 3.71 | G13: 97.22 | H13: 73.57 | I13: 5.53 | J13: 0.12 | K13: 345.22 | L13: 15.19 | M13: 71.45 | N13: 26 | O13: 0 | P13: 0.79 | Q13: 9.62
A14: 16/11/2024 01:30 | B14: 7.29 | C14: 33.37 | D14: 21.91 | E14: 5.51 | F14: 3.45 | G14: 97.22 | H14: 73.57 | I14: 5.02 | J14: 0.58 | K14: 318.57 | L14: 14.83 | M14: 77.68 | N14: 25.9 | O14: 0 | P14: 0.83 | Q14: 9.63
A15: 16/11/2024 01:45 | B15: 7.49 | C15: 32.38 | D15: 21.54 | E15: 6.03 | F15: 3.68 | G15: 97.22 | H15: 73.57 | I15: 5.21 | J15: 0.64 | K15: 329.27 | L15: 14.82 | M15: 78.12 | N15: 24.9 | O15: 0 | P15: 0.86 | Q15: 9.62
A16: 16/11/2024 02:00 | B16: 7.53 | C16: 31.87 | D16: 21.31 | E16: 5.82 | F16: 3.43 | G16: 96.46 | H16: 69.22 | I16: 5.64 | J16: 1.13 | K16: 325.76 | L16: 14.91 | M16: 75.89 | N16: 25.2 | O16: 0 | P16: 0.86 | Q16: 9.64
A17: 16/11/2024 02:15 | B17: 7.52 | C17: 31.13 | D17: 20.92 | E17: 5.97 | F17: 4.09 | G17: 94.24 | H17: 60.92 | I17: 5.61 | J17: 1.14 | K17: 329.22 | L17: 14.79 | M17: 74.44 | N17: 25.5 | O17: 0 | P17: 0.86 | Q17: 9.63
A18: 16/11/2024 02:30 | B18: 7.32 | C18: 31.12 | D18: 20.75 | E18: 6.06 | F18: 3.92 | G18: 94.24 | H18: 60.92 | I18: 5.71 | J18: 0.91 | K18: 324.68 | L18: 14.56 | M18: 74.32 | N18: 25.7 | O18: 0 | P18: 0.86 | Q18: 9.62
A19: 16/11/2024 02:45 | B19: 6.96 | C19: 31.08 | D19: 20.45 | E19: 6.74 | F19: 4.05 | G19: 94.24 | H19: 60.92 | I19: 5.86 | J19: 0.74 | K19: 342.32 | L19: 14.34 | M19: 75.26 | N19: 25.6 | O19: 0 | P19: 0.86 | Q19: 9.63
A20: 16/11/2024 03:00 | B20: 6.69 | C20: 31.16 | D20: 20.26 | E20: 6.9 | F20: 4.3 | G20: 98.97 | H20: 66.28 | I20: 5.86 | J20: 0.22 | K20: 341.77 | L20: 14.23 | M20: 75.67 | N20: 25.9 | O20: 0 | P20: 0.87 | Q20: 9.61
... A44: 16/11/2024 09:00 | B44: 16.7 | C44: 35.92 | D44: 30.78 | E44: 5.12 | F44: 3.79 | G44: 112.08 | H44: 66.31 | I44: 5.12 | J44: 0.76 | K44: 341.77 | L44: 24.44 | M44: 39.72 | N44: 422.1 | O44: 0 | P44: 0.92 | Q44: 9.64
A45: 16/11/2024 09:15 | B45: 16.64 | C45: 36.04 | D45: 30.8 | E45: 4.86 | F45: 3.75 | G45: 106.75 | H45: Data F | I45: 5.11 | J45: 1.09 | K45: 110.8 | L45: 22.62 | M45: 43.72 | N45: 466.1 | O45: 0 | P45: 0.92 | Q45: 9.66
A46: 16/11/2024 09:30 | B46: 15.92 | C46: 35.55 | D46: 29.96 | E46: 4.74 | F46: 4.07 | G46: 106.75 | H46: Data F | I46: 5.16 | J46: 1.65 | K46: 114.48 | L46: 20.93 | M46: 47.57 | N46: 493.6 | O46: 0 | P46: 0.9 | Q46: 9.64
A47: 16/11/2024 09:45 | B47: 14.66 | C47: 35.02 | D47: 28.68 | E47: 4.74 | F47: 4.07 | G47: 106.75 | H47: Data F | I47: 5.66 | J47: 0.59 | K47: 106.77 | L47: 22.39 | M47: 44.31 | N47: 516.8 | O47: 0 | P47: 0.87 | Q47: 9.63
A48: 16/11/2024 10:00 | B48: 13.54 | C48: 34.68 | D48: 27.6 | E48: 4.38 | F48: 4.24 | G48: 104.05 | H48: Data F | I48: 6.24 | J48: 0.27 | K48: 12.44 | L48: 24.72 | M48: 39.01 | N48: 549.7 | O48: 0 | P48: 0.83 | Q48: 9.64
A49: 16/11/2024 10:15 | B49: 12.71 | C49: 34.62 | D49: 26.91 | E49: 4.61 | F49: 3.59 | G49: 96.18 | H49: Data F | I49: 6.17 | J49: 1.59 | K49: 109.64 | L49: 23.61 | M49: 39.01 | N49: 601.8 | O49: 0 | P49: 0.85 | Q49: 9.64
A50: 16/11/2024 10:30 | B50: 11.34 | C50: 34.12 | D50: 25.54 | E50: 4.59 | F50: 3.63 | G50: 96.18 | H50: Data F | I50: 5.59 | J50: 0.96 | K50: 108.49 | L50: 22.83 | M50: 41.1 | N50: 629.8 | O50: 0 | P50: 0.81 | Q50: 9.63
A51: 16/11/2024 10:45 | B51: 9.85 | C51: 34.19 | D51: 24.39 | E51: 4.56 | F51: 3.95 | G51: 96.18 | H51: Data F | I51: 6.48 | J51: 1.04 | K51: 117.42 | L51: 24.18 | M51: 38.03 | N51: 655.3 | O51: 0 | P51: 0.8 | Q51: 9.64
A52: 16/11/2024 11:00 | B52: 8.46 | C52: 34.72 | D52: 23.55 | E52: 4.66 | F52: 4.64 | G52: 93.46 | H52: Data F | I52: 7.04 | J52: 0.69 | K52: 89.58 | L52: 25.23 | M52: 35.15 | N52: 661.5 | O52: 0 | P52: 0.79 | Q52: 9.64
A53: 16/11/2024 11:15 | B53: 7 | C53: 35.54 | D53: 22.8 | E53: 4.49 | F53: 5.06 | G53: 85.53 | H53: Data F | I53: 7.53 | J53: 0.71 | K53: 36.05 | L53: 24.77 | M53: 32.61 | N53: 683 | O53: 0 | P53: 0.76 | Q53: 9.63
A54: 16/11/2024 11:30 | B54: 5.72 | C54: 36.47 | D54: 22.26 | E54: 4.67 | F54: 5.2 | G54: 85.53 | H54: Data F | I54: 7.65 | J54: 0.62 | K54: 356.34 | L54: 26.74 | M54: 27.64 | N54: 679.6 | O54: 0 | P54: 0.73 | Q54: 9.63
A55: 16/11/2024 11:45 | B55: 5.05 | C55: 37.52 | D55: 22.28 | E55: 4.91 | F55: 5.03 | G55: 85.53 | H55: Data F | I55: 7.62 | J55: 1.22 | K55: 334.51 | L55: 28.44 | M55: 27.46 | N55: 663.8 | O55: 0 | P55: 0.72 | Q55: 9.64
A56: 16/11/2024 12:00 | B56: 4.42 | C56: 38.19 | D56: 22.12 | E56: 6.13 | F56: 5.28 | G56: 82.55 | H56: 61.75 | I56: 7.48 | J56: 0.48 | K56: 38.42 | L56: 27.53 | M56: 28.46 | N56: 649.8 | O56: 0 | P56: 0.7 | Q56: 9.63
A57: 16/11/2024 12:15 | B57: 3.75 | C57: 37.65 | D57: 21.3 | E57: 5.24 | F57: 5.36 | G57: 73.87 | H57: Data F | I57: 7.19 | J57: 1.3 | K57: 117.74 | L57: 24.54 | M57: 32.86 | N57: 632.4 | O57: 0 | P57: 0.67 | Q57: 9.64
A58: 16/11/2024 12:30 | B58: 3.18 | C58: 36.44 | D58: 20.21 | E58: 5.11 | F58: 5.8 | G58: 73.87 | H58: Data F | I58: 7.03 | J58: 0.92 | K58: 109.49 | L58: 24.32 | M58: 32.72 | N58: 617.6 | O58: 0 | P58: 0.64 | Q58: 9.62
A59: 16/11/2024 12:45 | B59: 2.96 | C59: 35.95 | D59: 19.78 | E59: 4.91 | F59: 6.01 | G59: 73.87 | H59: Data F | I59: 7.08 | J59: 0.99 | K59: 351.41 | L59: 27.51 | M59: 27.59 | N59: 592.4 | O59: 0 | P59: 0.62 | Q59: 9.65
A60: 16/11/2024 13:00 | B60: 2.93 | C60: 35.58 | D60: 19.57 | E60: 4.76 | F60: 5.66 | G60: 71.52 | H60: Data F | I60: 6.97 | J60: 1.4 | K60: 123.85 | L60: 25.19 | M60: 30.7 | N60: 574.6 | O60: 0 | P60: 0.58 | Q60: 9.65
A61: 16/11/2024 13:15 | B61: 2.89 | C61: 33.44 | D61: 18.42 | E61: 4.67 | F61: 7.83 | G61: 64.67 | H61: Data F | I61: 6.84 | J61: 1.15 | K61: 112.66 | L61: 24.34 | M61: 32.15 | N61: 540.3 | O61: 0 | P61: 0.58 | Q61: 9.64
A62: 16/11/2024 13:30 | B62: 2.97 | C62: 32.4 | D62: 17.93 | E62: 4.26 | F62: 5.54 | G62: 64.67 | H62: Data F | I62: 5.55 | J62: 1.34 | K62: 333.01 | L62: 26.38 | M62: 29.82 | N62: 506.6 | O62: 0 | P62: 0.64 | Q62: 9.63
A63: 16/11/2024 13:45 | B63: 3.17 | C63: 32.21 | D63: 17.99 | E63: 4.86 | F63: 5.6 | G63: 64.67 | H63: Data F | I63: 4.58 | J63: 0.48 | K63: 100.47 | L63: 26.14 | M63: 29.93 | N63: 489.8 | O63: 0 | P63: 0.64 | Q63: 9.64
A64: 16/11/2024 14:00 | B64: 3.31 | C64: 31.86 | D64: 17.93 | E64: 5 | F64: 5.61 | G64: 63.03 | H64: Data F | I64: 4.4 | J64: 0.81 | K64: 124.54 | L64: 24.72 | M64: 31.38 | N64: 311.3 | O64: 0 | P64: 0.57 | Q64: 9.63
A65: 16/11/2024 14:15 | B65: 3.34 | C65: 31.4 | D65: 17.71 | E65: 5.02 | F65: 6.27 | G65: 58.26 | H65: Data F | I65: 4.49 | J65: 0.91 | K65: 340.89 | L65: 24.93 | M65: 30.35 | N65: 129.5 | O65: 0 | P65: 0.57 | Q65: 9.63
A66: 16/11/2024 14:30 | B66: 3.46 | C66: 31.36 | D66: 17.78 | E66: 4.81 | F66: 5.92 | G66: 58.26 | H66: Data F | I66: 3.85 | J66: 1.4 | K66: 341.58 | L66: 25.52 | M66: 29.46 | N66: 122.4 | O66: 0 | P66: 0.63 | Q66: 9.61
A67: 16/11/2024 14:45 | B67: 3.58 | C67: 31.98 | D67: 18.2 | E67: 4.54 | F67: 6.66 | G67: 58.26 | H67: Data F | I67: 3.77 | J67: 0.53 | K67: 11.84 | L67: 24.87 | M67: 29.89 | N67: 118.8 | O67: 0 | P67: 0.56 | Q67: 9.62
A68: 16/11/2024 15:00 | B68: 3.56 | C68: 32.75 | D68: 18.59 | E68: 4.86 | F68: 5.16 | G68: 57.09 | H68: Data F | I68: 4.28 | J68: 0.36 | K68: 91.04 | L68: 24.7 | M68: 30.84 | N68: 140.1 | O68: 0 | P68: 0.63 | Q68: 9.63
... A84: 16/11/2024 19:00 | B84: 12.99 | C84: 42.06 | D84: 31.01 | E84: 5.61 | F84: 4.8 | G84: 82.15 | H84: Data F | I84: 6.21 | J84: 0.3 | K84: 23.08 | L84: 19.6 | M84: 46.48 | N84: 25.7 | O84: 0 | P84: 1.28 | Q84: 9.64
A85: 16/11/2024 19:15 | B85: 13.37 | C85: 41.58 | D85: 31.07 | E85: 6.19 | F85: 3.8 | G85: 99.23 | H85: 50.59 | I85: 6.61 | J85: 0.29 | K85: 76.23 | L85: 19.34 | M85: 46.83 | N85: 25.9 | O85: 0 | P85: 0.98 | Q85: 9.64
A86: 16/11/2024 19:30 | B86: 13.42 | C86: 42.65 | D86: 31.67 | E86: 5.92 | F86: 4.32 | G86: 99.23 | H86: 50.59 | I86: 7.21 | J86: 0.21 | K86: 60.92 | L86: 19.19 | M86: 46.7 | N86: 25.7 | O86: 0 | P86: 1.09 | Q86: 9.64
A87: 16/11/2024 19:45 | B87: 12.65 | C87: 43.53 | D87: 31.51 | E87: 5.83 | F87: 4.23 | G87: 99.23 | H87: 50.59 | I87: 7.47 | J87: 0.25 | K87: 284.36 | L87: 19.06 | M87: 48.85 | N87: 25.7 | O87: 0 | P87: 1.08 | Q87: 9.63
A88: 16/11/2024 20:00 | B88: 13.62 | C88: 44.43 | D88: 32.76 | E88: 7.8 | F88: 4.3 | G88: 99.23 | H88: 53.19 | I88: 7.27 | J88: 0.56 | K88: 331.04 | L88: 18.53 | M88: 58.3 | N88: 26.2 | O88: 0 | P88: 1.23 | Q88: 9.63
A89: 16/11/2024 20:15 | B89: 16.55 | C89: 45.21 | D89: 35.52 | E89: 7.43 | F89: 3.96 | G89: 99.21 | H89: 63.59 | I89: 7.38 | J89: 0.56 | K89: 306.01 | L89: 17.94 | M89: 57.08 | N89: 25.9 | O89: 0 | P89: 1.33 | Q89: 9.63
A90: 16/11/2024 20:30 | B90: 18.55 | C90: 46.41 | D90: 37.75 | E90: 7.89 | F90: 4.19 | G90: 99.21 | H90: 63.59 | I90: 7.79 | J90: 0.54 | K90: 320.38 | L90: 17.69 | M90: 59.52 | N90: 26.1 | O90: 0 | P90: 1.41 | Q90: 9.63
A91: 16/11/2024 20:45 | B91: 21.1 | C91: 47.47 | D91: 40.35 | E91: 8.36 | F91: 4.01 | G91: 99.21 | H91: 63.59 | I91: 7.91 | J91: 0.54 | K91: 315.18 | L91: 17.27 | M91: 60.68 | N91: 25.8 | O91: 0 | P91: 1.45 | Q91: 9.63
A92: 16/11/2024 21:00 | B92: 24.32 | C92: 48.42 | D92: 43.43 | E92: 8.41 | F92: 4.17 | G92: 102.05 | H92: 57.87 | I92: 8.25 | J92: 0.43 | K92: 313.8 | L92: 17.32 | M92: 56.59 | N92: 25.6 | O92: 0 | P92: 1.51 | Q92: 9.63
A93: 16/11/2024 21:15 | B93: 26.36 | C93: 49.19 | D93: 45.46 | E93: 8.52 | F93: 4.29 | G93: 110.33 | H93: 46.93 | I93: 8.44 | J93: 0.15 | K93: 248.76 | L93: 17.75 | M93: 54.61 | N93: 25.2 | O93: 0 | P93: 1.49 | Q93: 9.64
A94: 16/11/2024 21:30 | B94: 26.21 | C94: 47.76 | D94: 44.6 | E94: 8.1 | F94: 4.75 | G94: 110.33 | H94: 46.93 | I94: 7.8 | J94: 0.24 | K94: 318.34 | L94: 17.82 | M94: 54.99 | N94: 25.5 | O94: 0 | P94: 1.49 | Q94: 9.62
A95: 16/11/2024 21:45 | B95: 27.02 | C95: 46.79 | D95: 44.74 | E95: 7.58 | F95: 4.62 | G95: 110.33 | H95: 46.93 | I95: 6.86 | J95: 0.49 | K95: 320.06 | L95: 17.44 | M95: 60.46 | N95: 25.8 | O95: 0 | P95: 1.58 | Q95: 9.64
A96: 16/11/2024 22:00 | B96: 28.02 | C96: 45.77 | D96: 45.01 | E96: 7.34 | F96: 4.68 | G96: 109.81 | H96: 49.54 | I96: 6.82 | J96: 0.6 | K96: 323.87 | L96: 17.05 | M96: 63.66 | N96: 26 | O96: 0 | P96: 1.69 | Q96: 9.62
... A104: 16/11/2024 24:00 | B104: 22.4 | C104: 42.01 | D104: 38.54 | E104: 6.5 | F104: 3.84 | G104: 98.04 | H104: 37.9 | I104: 8.35 | J104: 0.61 | K104: 275.93 | L104: 16.93 | M104: 55.87 | N104: 26.1 | O104: 0 | P104: 1.35 | Q104: 9.63
A106: Min | B106: =MIN(B9:B104) -> 2.89 | C106: =MIN(C9:C104) -> 29.79 | D106: =MIN(D9:D104) -> 17.71 | E106: =MIN(E9:E104) -> 4.18 | F106: =MIN(F9:F104) -> 3.43 | G106: =MIN(G9:G104) -> 53.67 | H106: =MIN(H9:H104) -> 7.47 | I106: =MIN(I9:I104) -> 3.77 | ... Q106: =MIN(Q9:Q104) -> 9.61
A107: Max | B107: =MAX(B9:B104) -> 30.35 | C107: =MAX(C9:C104) -> 49.19 | D107: =MAX(D9:D104) -> 45.46 | E107: =MAX(E9:E104) -> 8.52 | F107: =MAX(F9:F104) -> 7.83 | G107: =MAX(G9:G104) -> 163.08 | H107: =MAX(H9:H104) -> 130.57 | I107: =MAX(I9:I104) -> 8.44 | ... Q107: =MAX(Q9:Q104) -> 9.66
A108: Avg | B108: =AVERAGE(B9:B104) -> 11.424896 | C108: =AVERAGE(C9:C104) -> 36.981875 | D108: =AVERAGE(D9:D104) -> 27.107396 | E108: =AVERAGE(E9:E104) -> 5.8596875 | F108: =AVERAGE(F9:F104) -> 4.4914583 | G108: =AVERAGE(G9:G104) -> 98.069896 | H108: =AVERAGE(H9:H104) -> 61.852807 | I108: =AVERAGE(I9:I104) -> 6.0048958 | ... Q108: =AVERAGE(Q9:Q104) -> 9.6315625
A109: Stdev | B109: =STDEV(B9:B104) -> 7.7063222 | C109: =STDEV(C9:C104) -> 5.3256887 | D109: =STDEV(D9:D104) -> 8.1292788 | E109: =STDEV(E9:E104) -> 1.0945381 | F109: =STDEV(F9:F104) -> 0.79628212 | G109: =STDEV(G9:G104) -> 28.380292 | H109: =STDEV(H9:H104) -> 32.095326 | I109: =STDEV(I9:I104) -> 1.0440024 | ... Q109: =STDEV(Q9:Q104) -> 0.0089828052
A110: Num | B110: =COUNT(B9:B104) -> 96 | C110: =COUNT(C9:C104) -> 96 | D110: =COUNT(D9:D104) -> 96 | E110: =COUNT(E9:E104) -> 96 | F110: =COUNT(F9:F104) -> 96 | G110: =COUNT(G9:G104) -> 96 | H110: =COUNT(H9:H104)+39 -> 96 | I110: =COUNT(I9:I104) -> 96 | J110: =COUNT(J9:J104) -> 96 | K110: =COUNT(K9:K104) -> 96 | L110: =COUNT(L9:L104) -> 96 | M110: =COUNT(M9:M104) -> 96 | N110: =COUNT(N9:N104) -> 96 | O110: =COUNT(O9:O104) -> 96 | P110: =COUNT(P9:P104) -> 96 | Q110: =COUNT(Q9:Q104) -> 96
A111: DCR | B111: =IF(B110>=87,">90%",IF(B110<=87,"<90%")) -> >90% | C111: =IF(C110>=87,">90%",IF(C110<=87,"<90%")) -> >90% | D111: =IF(D110>=87,">90%",IF(D110<=87,"<90%")) -> >90% | E111: =IF(E110>=87,">90%",IF(E110<=87,"<90%")) -> >90% | F111: =IF(F110>=87,">90%",IF(F110<=87,"<90%")) -> >90% | G111: =IF(G110>=87,">90%",IF(G110<=87,"<90%")) -> >90% | H111: =IF(H110>=87,">90%",IF(H110<=87,"<90%")) -> >90% | I111: =IF(I110>=87,">90%",IF(I110<=87,"<90%")) -> >90% | ... Q111: =IF(Q110>=87,">90%",IF(Q110<=87,"<90%")) -> >90%
A112: Status | B112: =IF(B110>=87,"OK",IF(B110<=87,"LESS")) -> OK | C112: =IF(C110>=87,"OK",IF(C110<=87,"LESS")) -> OK | D112: =IF(D110>=87,"OK",IF(D110<=87,"LESS")) -> OK | E112: =IF(E110>=87,"OK",IF(E110<=87,"LESS")) -> OK | F112: =IF(F110>=87,"OK",IF(F110<=87,"LESS")) -> OK | G112: =IF(G110>=87,"OK",IF(G110<=87,"LESS")) -> OK | H112: =IF(H110>=87,"OK",IF(H110<=87,"LESS")) -> OK | I112: =IF(I110>=87,"OK",IF(I110<=87,"LESS")) -> OK | ... Q112: =IF(Q110>=87,"OK",IF(Q110<=87,"LESS")) -> OK
A115: Done by | B115: RK
A117: Comment

Sheet 17
A1: Station: | B1: BHATAGAON RAIPUR
A2: Date: | B2: =$A$9 -> 17/11/2024 00:15 | D2: Power Off | G2: Pw.Off | L2: Link Fail | N2: Link F | P2: Maintenance | R2: Maint.
A3: Report Type: | B3: Mean | D3: Calibration | G3: Calib. | L3: Data Fail | N3: Data F | P3: Invalid | R3: Invalid
A4: Time Base: | B4: 15 Min | D4: Zero Referrence | G4: Z.Ref | L4: Warm Up | N4: Wm. Up
A7: Date & Time | B7: NO_BHATAGAON | C7: NO2__BHATAGAON | D7: NOX_BHATAGAON | E7: SO2__BHATAGAON | F7: O3__BHATAGAON | G7: PM10__BHATAGAON | H7: PM2_5__BHATAGAON | I7: BENZ__BHATAGAON | J7: WS__BHATAGAON | K7: WD__BHATAGAON | L7: TEMP__BHATAGAON | M7: HUM__BHATAGAON | N7: SR__BHATAGAON | O7: RG__BHATAGAON | P7: CO__BHATAGAON | Q7: NH3__BHATAGAON
B8: ug/m3 | C8: ug/m3 | D8: ppb | E8: ug/m3 | F8: ug/m3 | G8: ug/m3 | H8: ug/m3 | I8: ug/m3 | J8: m/sec | K8: deg | L8: degreC | M8: % | N8: w/m2 | O8: mm | P8: mg/m3 | Q8: ug/m3
A9: 17/11/2024 00:15 | B9: 20.34 | C9: 42.15 | D9: 36.96 | E9: 5.66 | F9: 3.86 | G9: 94.76 | H9: 43.36 | I9: 8.17 | J9: 0.55 | K9: 259.65 | L9: 16.51 | M9: 58.08 | N9: 25.9 | O9: 0 | P9: 1.31 | Q9: 9.63
A10: 17/11/2024 00:30 | B10: 18.54 | C10: 42.49 | D10: 35.69 | E10: 5.4 | F10: 4.17 | G10: 94.76 | H10: 43.36 | I10: 8 | J10: 0.41 | K10: 274.3 | L10: 16.53 | M10: 59.82 | N10: 25.8 | O10: 0 | P10: 1.25 | Q10: 9.65
A11: 17/11/2024 00:45 | B11: 17.36 | C11: 42.78 | D11: 34.9 | E11: 5.52 | F11: 4.09 | G11: 94.76 | H11: 43.36 | I11: 7.63 | J11: 0.35 | K11: 330.82 | L11: 15.79 | M11: 64.65 | N11: 26.3 | O11: 0 | P11: 1.23 | Q11: 9.64
A12: 17/11/2024 01:00 | B12: 15.97 | C12: 43.01 | D12: 33.9 | E12: 5.61 | F12: 3.77 | G12: 93.38 | H12: 38.45 | I12: 7.51 | J12: 0.37 | K12: 217.28 | L12: 15.41 | M12: 67.71 | N12: 25.9 | O12: 0 | P12: 1.19 | Q12: 9.63
A13: 17/11/2024 01:15 | B13: 14.85 | C13: 42.58 | D13: 32.78 | E13: 5.64 | F13: 3.72 | G13: 89.36 | H13: 29.07 | I13: 7.37 | J13: 0.25 | K13: 240.96 | L13: 15.03 | M13: 74.19 | N13: 26.2 | O13: 0 | P13: 1.1 | Q13: 9.64
A14: 17/11/2024 01:30 | B14: 14.15 | C14: 41.15 | D14: 31.47 | E14: 5.71 | F14: 3.78 | G14: 89.36 | H14: 29.07 | I14: 7.18 | J14: 0.28 | K14: 233.36 | L14: 14.53 | M14: 75.22 | N14: 26 | O14: 0 | P14: 1.11 | Q14: 9.63
A15: 17/11/2024 01:45 | B15: 13.56 | C15: 38.81 | D15: 29.77 | E15: 5.03 | F15: 3.19 | G15: 89.36 | H15: 29.07 | I15: 7.02 | J15: 0.32 | K15: 259.33 | L15: 14.29 | M15: 77.28 | N15: 26.1 | O15: 0 | P15: 1.06 | Q15: 9.64
A16: 17/11/2024 02:00 | B16: 13.07 | C16: 37.74 | D16: 28.82 | E16: 4.85 | F16: 3.61 | G16: 89.89 | H16: 31.42 | I16: 6.32 | J16: 0.26 | K16: 267.57 | L16: 14.08 | M16: 81.16 | N16: 26 | O16: 0 | P16: 1.05 | Q16: 9.63
A17: 17/11/2024 02:15 | B17: 12.62 | C17: 36.43 | D17: 27.78 | E17: 5.6 | F17: 4.02 | G17: 91.42 | H17: 35.92 | I17: 5.94 | J17: 0.86 | K17: 326.66 | L17: 13.89 | M17: 82.18 | N17: 25.4 | O17: 0 | P17: 1.04 | Q17: 9.63
A18: 17/11/2024 02:30 | B18: 11.95 | C18: 35.21 | D18: 26.6 | E18: 5.26 | F18: 3.53 | G18: 91.42 | H18: 35.92 | I18: 6.12 | J18: 0.96 | K18: 332.77 | L18: 14 | M18: 82.4 | N18: 25.1 | O18: 0 | P18: 1.01 | Q18: 9.65
A19: 17/11/2024 02:45 | B19: 11.56 | C19: 34.69 | D19: 26.02 | E19: 6.2 | F19: 3.42 | G19: 91.42 | H19: 35.92 | I19: 6.11 | J19: 0.21 | K19: 335.17 | L19: 14.01 | M19: 80.11 | N19: 25.6 | O19: 0 | P19: 0.99 | Q19: 9.65
A20: 17/11/2024 03:00 | B20: 11.39 | C20: 34.01 | D20: 25.53 | E20: 6.16 | F20: 3.8 | G20: 90.79 | H20: 39.23 | I20: 6.02 | J20: 0.07 | K20: 309.95 | L20: 13.83 | M20: 78.84 | N20: 25.9 | O20: 0 | P20: 0.99 | Q20: 9.62
... A44: 17/11/2024 09:00 | B44: 22.7 | C44: 37.76 | D44: 36.55 | E44: 5.85 | F44: 4.25 | G44: 148.7 | H44: 52.11 | I44: 6.33 | J44: 1.26 | K44: 114.33 | L44: 19.32 | M44: 54.3 | N44: 370.8 | O44: 0 | P44: 1.12 | Q44: 9.65
A45: 17/11/2024 09:15 | B45: 20.33 | C45: 39.24 | D45: 35.43 | E45: 6.13 | F45: 4.09 | G45: 129.71 | H45: Data F | I45: 6.48 | J45: 0.43 | K45: 335.59 | L45: 21.64 | M45: 47.85 | N45: 400.1 | O45: 0 | P45: 1.11 | Q45: 9.67
A46: 17/11/2024 09:30 | B46: 19.23 | C46: 41.26 | D46: 35.6 | E46: 5.87 | F46: 3.98 | G46: 129.71 | H46: Data F | I46: 6.71 | J46: 0.33 | K46: 57.44 | L46: 23.06 | M46: 44.9 | N46: 432.4 | O46: 0 | P46: 1.09 | Q46: 9.65
A47: 17/11/2024 09:45 | B47: 17.91 | C47: 42.81 | D47: 35.36 | E47: 5.61 | F47: 3.88 | G47: 129.71 | H47: Data F | I47: 6.79 | J47: 0.38 | K47: 8.55 | L47: 22.89 | M47: 45.31 | N47: 459.5 | O47: 0 | P47: 1.08 | Q47: 9.65
A48: 17/11/2024 10:00 | B48: 16.8 | C48: 42.06 | D48: 34.07 | E48: 5.67 | F48: 4.03 | G48: 125.24 | H48: Data F | I48: 6.78 | J48: 0.82 | K48: 113.03 | L48: 23.22 | M48: 45.31 | N48: 491.1 | O48: 0 | P48: 1.05 | Q48: 9.66
A49: 17/11/2024 10:15 | B49: 15.53 | C49: 41.75 | D49: 32.89 | E49: 5.65 | F49: 4.03 | G49: 112.22 | H49: Data F | I49: 6.76 | J49: 0.78 | K49: 107.8 | L49: 23.21 | M49: 45.1 | N49: 519.4 | O49: 0 | P49: 1.04 | Q49: 9.63
A50: 17/11/2024 10:30 | B50: 14.26 | C50: 41.63 | D50: 31.81 | E50: 5.13 | F50: 4.19 | G50: 112.22 | H50: Data F | I50: 6.7 | J50: 0.63 | K50: 108.61 | L50: 23.39 | M50: 43.04 | N50: 556.7 | O50: 0 | P50: 1.03 | Q50: 9.63
A51: 17/11/2024 10:45 | B51: 12.94 | C51: 41.33 | D51: 30.59 | E51: 5.22 | F51: 4.07 | G51: 112.22 | H51: Data F | I51: 7.03 | J51: 1.03 | K51: 121.91 | L51: 23.4 | M51: 42.61 | N51: 589.8 | O51: 0 | P51: 1 | Q51: 9.63
A52: 17/11/2024 11:00 | B52: 11.37 | C52: 40.88 | D52: 29.1 | E52: 5.39 | F52: 4.26 | G52: 110.1 | H52: Data F | I52: 7.27 | J52: 0.79 | K52: 99.09 | L52: 24.21 | M52: 38.18 | N52: 617.8 | O52: 0 | P52: 0.98 | Q52: 9.64
A53: 17/11/2024 11:15 | B53: 9.83 | C53: 40.69 | D53: 27.76 | E53: 5.19 | F53: 4.27 | G53: 103.96 | H53: Data F | I53: 7.34 | J53: 0.29 | K53: 15.11 | L53: 25.51 | M53: 35.05 | N53: 623.9 | O53: 0 | P53: 0.96 | Q53: 9.63
A54: 17/11/2024 11:30 | B54: 8.52 | C54: 40.09 | D54: 26.4 | E54: 5.13 | F54: 4.26 | G54: 103.96 | H54: Data F | I54: 8.07 | J54: 1.55 | K54: 114.22 | L54: 24.08 | M54: 35.11 | N54: 646.6 | O54: 0 | P54: 0.93 | Q54: 9.63
A55: 17/11/2024 11:45 | B55: 7.2 | C55: 39.12 | D55: 24.84 | E55: 5.19 | F55: 4.34 | G55: 103.96 | H55: Data F | I55: 8.21 | J55: 0.46 | K55: 355.69 | L55: 26.01 | M55: 31.31 | N55: 623 | O55: 0 | P55: 0.9 | Q55: 9.62
A56: 17/11/2024 12:00 | B56: 6.06 | C56: 38.72 | D56: 23.71 | E56: 7.11 | F56: 5.22 | G56: 97.72 | H56: Data F | I56: 8.04 | J56: 1.66 | K56: 115.99 | L56: 24.16 | M56: 33.7 | N56: 608.6 | O56: 0 | P56: 0.89 | Q56: 9.63
... A64: 17/11/2024 14:00 | B64: 2.58 | C64: 40.94 | D64: 22.08 | E64: 7.84 | F64: 6.5 | G64: 74.29 | H64: Data F | I64: 7.03 | J64: 1.86 | K64: 340.09 | L64: 25.89 | M64: 29.22 | N64: 250.4 | O64: 0 | P64: 0.73 | Q64: 9.65
A65: 17/11/2024 14:15 | B65: 2.62 | C65: 40.23 | D65: 21.74 | E65: 7.74 | F65: 7.2 | G65: 70.32 | H65: 43.88 | I65: 6.54 | J65: 0.53 | K65: 92.54 | L65: 25.36 | M65: 29.56 | N65: 143 | O65: 0 | P65: 0.64 | Q65: 9.65
A66: 17/11/2024 14:30 | B66: 2.58 | C66: 38.97 | D66: 21.05 | E66: 7.17 | F66: 6.32 | G66: 70.32 | H66: 43.88 | I66: 5.85 | J66: 0.97 | K66: 116.11 | L66: 24.04 | M66: 32.08 | N66: 131.6 | O66: 0 | P66: 0.63 | Q66: 9.63
A67: 17/11/2024 14:45 | B67: 2.74 | C67: 37.79 | D67: 20.56 | E67: 7.22 | F67: 7.14 | G67: 70.32 | H67: 43.88 | I67: 4.9 | J67: 1.01 | K67: 339.37 | L67: 24.68 | M67: 31.36 | N67: 121.1 | O67: 0 | P67: 0.64 | Q67: 9.63
A68: 17/11/2024 15:00 | B68: 3.03 | C68: 38.02 | D68: 20.92 | E68: 6.88 | F68: 7.88 | G68: 68.75 | H68: 29.77 | I68: 3.93 | J68: 0.94 | K68: 344.4 | L68: 24.93 | M68: 30.21 | N68: 135.5 | O68: 0 | P68: 0.67 | Q68: 9.64
A69: 17/11/2024 15:15 | B69: 3.2 | C69: 38.2 | D69: 21.15 | E69: 7.25 | F69: 6.63 | G69: 64.17 | H69: 0.88 | I69: 3.3 | J69: 0.74 | K69: 116.03 | L69: 23.96 | M69: 30.99 | N69: 98.7 | O69: 0 | P69: 0.56 | Q69: 9.63
A70: 17/11/2024 15:30 | B70: 3.17 | C70: 37.38 | D70: 20.69 | E70: 7.1 | F70: 7.4 | G70: 64.17 | H70: 0.88 | I70: 3.45 | J70: 0.31 | K70: 22.96 | L70: 23.73 | M70: 32.65 | N70: 89.2 | O70: 0 | P70: 0.61 | Q70: 9.63
A71: 17/11/2024 15:45 | B71: 3.18 | C71: 36.9 | D71: 20.45 | E71: 6.8 | F71: 6.86 | G71: 64.17 | H71: 0.88 | I71: 2.87 | J71: 0.58 | K71: 53.72 | L71: 23.54 | M71: 32.64 | N71: 81.1 | O71: 0 | P71: 0.63 | Q71: 9.62
A72: 17/11/2024 16:00 | B72: 3.15 | C72: 36.98 | D72: 20.47 | E72: 5.32 | F72: 5.85 | G72: 64.79 | H72: 10.29 | I72: 3.31 | J72: 0.76 | K72: 100.38 | L72: 23.27 | M72: 32.87 | N72: 72.2 | O72: 0 | P72: 0.67 | Q72: 9.62
A73: 17/11/2024 16:15 | B73: 2.86 | C73: 36.81 | D73: 20.15 | E73: 5.46 | F73: 5.79 | G73: 66.59 | H73: 47.96 | I73: 4.5 | J73: 0.55 | K73: 113.28 | L73: 22.92 | M73: 33.96 | N73: 63.7 | O73: 0 | P73: 0.61 | Q73: 9.62
A74: 17/11/2024 16:30 | B74: 2.69 | C74: 37.06 | D74: 20.15 | E74: 5.51 | F74: 6.33 | G74: 66.59 | H74: 47.96 | I74: 6.09 | J74: 0.34 | K74: 353.98 | L74: 22.72 | M74: 34.92 | N74: 55.1 | O74: 0 | P74: 0.74 | Q74: 9.62
A75: 17/11/2024 16:45 | B75: 3.07 | C75: 39.08 | D75: 21.51 | E75: 5.76 | F75: 5.85 | G75: 66.59 | H75: 47.96 | I75: 5.65 | J75: 0.35 | K75: 83.47 | L75: 22.54 | M75: 35.01 | N75: 46.8 | O75: 0 | P75: 0.71 | Q75: 9.62
A76: 17/11/2024 17:00 | B76: 2.98 | C76: 39.95 | D76: 21.89 | E76: 5.56 | F76: 6.18 | G76: 66.48 | H76: 32.49 | I76: 4.22 | J76: 0.35 | K76: 55.95 | L76: 22.08 | M76: 35.58 | N76: 38.9 | O76: 0 | P76: 0.63 | Q76: 9.63
... A104: 17/11/2024 24:00 | B104: 108.22 | C104: 44.21 | D104: 108.5 | E104: 4.37 | F104: 3.84 | G104: 137.08 | H104: 56.9 | I104: 8.68 | J104: 0.6 | K104: 342.45 | L104: 14.77 | M104: 78.45 | N104: 25.9 | O104: 0 | P104: 1.75 | Q104: 9.73
A106: Min | B106: =MIN(B9:B104) -> 2.55 | C106: =MIN(C9:C104) -> 31.52 | D106: =MIN(D9:D104) -> 20.15 | E106: =MIN(E9:E104) -> 4.37 | F106: =MIN(F9:F104) -> 3.19 | G106: =MIN(G9:G104) -> 64.17 | H106: =MIN(H9:H104) -> 0.88 | I106: =MIN(I9:I104) -> 2.87 | ... Q106: =MIN(Q9:Q104) -> 9.61
A107: Max | B107: =MAX(B9:B104) -> 111.27 | C107: =MAX(C9:C104) -> 53.61 | D107: =MAX(D9:D104) -> 113.3 | E107: =MAX(E9:E104) -> 9.93 | F107: =MAX(F9:F104) -> 7.88 | G107: =MAX(G9:G104) -> 168.55 | H107: =MAX(H9:H104) -> 112.99 | I107: =MAX(I9:I104) -> 9.92 | ... Q107: =MAX(Q9:Q104) -> 9.79
A108: Avg | B108: =AVERAGE(B9:B104) -> 25.916458 | C108: =AVERAGE(C9:C104) -> 40.455833 | D108: =AVERAGE(D9:D104) -> 40.543542 | E108: =AVERAGE(E9:E104) -> 6.6191667 | F108: =AVERAGE(F9:F104) -> 4.6290625 | G108: =AVERAGE(G9:G104) -> 106.22896 | H108: =AVERAGE(H9:H104) -> 53.946579 | I108: =AVERAGE(I9:I104) -> 6.853125 | ... Q108: =AVERAGE(Q9:Q104) -> 9.6441667
A109: Stdev | B109: =STDEV(B9:B104) -> 30.757272 | C109: =STDEV(C9:C104) -> 5.7291617 | D109: =STDEV(D9:D104) -> 26.522303 | E109: =STDEV(E9:E104) -> 1.1635822 | F109: =STDEV(F9:F104) -> 1.1057849 | G109: =STDEV(G9:G104) -> 31.715369 | H109: =STDEV(H9:H104) -> 28.285029 | I109: =STDEV(I9:I104) -> 1.6518706 | ... Q109: =STDEV(Q9:Q104) -> 0.031876956
A110: Num | B110: =COUNT(B9:B104) -> 96 | C110: =COUNT(C9:C104) -> 96 | D110: =COUNT(D9:D104) -> 96 | E110: =COUNT(E9:E104) -> 96 | F110: =COUNT(F9:F104) -> 96 | G110: =COUNT(G9:G104) -> 96 | H110: =COUNT(H9:H104)+20 -> 96 | I110: =COUNT(I9:I104) -> 96 | J110: =COUNT(J9:J104) -> 96 | K110: =COUNT(K9:K104) -> 96 | L110: =COUNT(L9:L104) -> 96 | M110: =COUNT(M9:M104) -> 96 | N110: =COUNT(N9:N104) -> 96 | O110: =COUNT(O9:O104) -> 96 | P110: =COUNT(P9:P104) -> 96 | Q110: =COUNT(Q9:Q104) -> 96
A111: DCR | B111: =IF(B110>=87,">90%",IF(B110<=87,"<90%")) -> >90% | C111: =IF(C110>=87,">90%",IF(C110<=87,"<90%")) -> >90% | D111: =IF(D110>=87,">90%",IF(D110<=87,"<90%")) -> >90% | E111: =IF(E110>=87,">90%",IF(E110<=87,"<90%")) -> >90% | F111: =IF(F110>=87,">90%",IF(F110<=87,"<90%")) -> >90% | G111: =IF(G110>=87,">90%",IF(G110<=87,"<90%")) -> >90% | H111: =IF(H110>=87,">90%",IF(H110<=87,"<90%")) -> >90% | I111: =IF(I110>=87,">90%",IF(I110<=87,"<90%")) -> >90% | ... Q111: =IF(Q110>=87,">90%",IF(Q110<=87,"<90%")) -> >90%
A112: Status | B112: =IF(B110>=87,"OK",IF(B110<=87,"LESS")) -> OK | C112: =IF(C110>=87,"OK",IF(C110<=87,"LESS")) -> OK | D112: =IF(D110>=87,"OK",IF(D110<=87,"LESS")) -> OK | E112: =IF(E110>=87,"OK",IF(E110<=87,"LESS")) -> OK | F112: =IF(F110>=87,"OK",IF(F110<=87,"LESS")) -> OK | G112: =IF(G110>=87,"OK",IF(G110<=87,"LESS")) -> OK | H112: =IF(H110>=87,"OK",IF(H110<=87,"LESS")) -> OK | I112: =IF(I110>=87,"OK",IF(I110<=87,"LESS")) -> OK | ... Q112: =IF(Q110>=87,"OK",IF(Q110<=87,"LESS")) -> OK
A115: Done by | B115: RK
A117: Comment

Sheet 18
A1: Station: | B1: BHATAGAON RAIPUR
A2: Date: | B2: =$A$9 -> 18/11/2024 00:15 | D2: Power Off | G2: Pw.Off | L2: Link Fail | N2: Link F | P2: Maintenance | R2: Maint.
A3: Report Type: | B3: Mean | D3: Calibration | G3: Calib. | L3: Data Fail | N3: Data F | P3: Invalid | R3: Invalid
A4: Time Base: | B4: 15 Min | D4: Zero Referrence | G4: Z.Ref | L4: Warm Up | N4: Wm. Up
A7: Date & Time | B7: NO_BHATAGAON | C7: NO2__BHATAGAON | D7: NOX_BHATAGAON | E7: SO2__BHATAGAON | F7: O3__BHATAGAON | G7: PM10__BHATAGAON | H7: PM2_5__BHATAGAON | I7: BENZ__BHATAGAON | J7: WS__BHATAGAON | K7: WD__BHATAGAON | L7: TEMP__BHATAGAON | M7: HUM__BHATAGAON | N7: SR__BHATAGAON | O7: RG__BHATAGAON | P7: CO__BHATAGAON | Q7: NH3__BHATAGAON
B8: ug/m3 | C8: ug/m3 | D8: ppb | E8: ug/m3 | F8: ug/m3 | G8: ug/m3 | H8: ug/m3 | I8: ug/m3 | J8: m/sec | K8: deg | L8: degreC | M8: % | N8: w/m2 | O8: mm | P8: mg/m3 | Q8: ug/m3
A9: 18/11/2024 00:15 | B9: 104.5 | C9: 42.67 | D9: 104.72 | E9: 6.22 | F9: 3.97 | G9: 126.74 | H9: 57.49 | I9: 8.64 | J9: 0.4 | K9: 356 | L9: 14.54 | M9: 78.14 | N9: 26 | O9: 0 | P9: 1.81 | Q9: 9.69
A10: 18/11/2024 00:30 | B10: 99.7 | C10: 41.91 | D10: 100.47 | E10: 6.48 | F10: 3.93 | G10: 126.74 | H10: 57.49 | I10: 8.37 | J10: 0.51 | K10: 347.21 | L10: 14.38 | M10: 77.86 | N10: 25.8 | O10: 0 | P10: 1.84 | Q10: 9.65
A11: 18/11/2024 00:45 | B11: 93.63 | C11: 41.03 | D11: 95.14 | E11: 6.43 | F11: 4.23 | G11: 126.74 | H11: 57.49 | I11: 9.09 | J11: 0.52 | K11: 298.79 | L11: 14.12 | M11: 78.62 | N11: 25.9 | O11: 0 | P11: 1.77 | Q11: 9.66
A12: 18/11/2024 01:00 | B12: 87.11 | C12: 40.63 | D12: 89.71 | E12: 5.96 | F12: 4.08 | G12: 122.3 | H12: 86.68 | I12: 9.26 | J12: 0.52 | K12: 319.52 | L12: 13.88 | M12: 81.4 | N12: 25.8 | O12: 0 | P12: 1.7 | Q12: 9.68
A13: 18/11/2024 01:15 | B13: 80.89 | C13: 40.2 | D13: 84.5 | E13: 5.6 | F13: 4.16 | G13: 110.09 | H13: Data F | I13: 8.95 | J13: 0.67 | K13: 338.36 | L13: 13.91 | M13: 81.39 | N13: 25.2 | O13: 0 | P13: 1.5 | Q13: 9.65
A14: 18/11/2024 01:30 | B14: 74.7 | C14: 40.39 | D14: 79.63 | E14: 5.84 | F14: 3.94 | G14: 110.09 | H14: Data F | I14: 8.71 | J14: 0.36 | K14: 310.62 | L14: 14.15 | M14: 80.17 | N14: 25.6 | O14: 0 | P14: 1.51 | Q14: 9.67
A15: 18/11/2024 01:45 | B15: 68.99 | C15: 40.74 | D15: 75.23 | E15: 5.53 | F15: 3.91 | G15: 110.09 | H15: Data F | I15: 8.42 | J15: 0.37 | K15: 348.16 | L15: 14.07 | M15: 80.95 | N15: 25.4 | O15: 0 | P15: 1.46 | Q15: 9.7
A16: 18/11/2024 02:00 | B16: 64.75 | C16: 41.12 | D16: 72.03 | E16: 5.75 | F16: 3.9 | G16: 109.89 | H16: Data F | I16: 8.16 | J16: 0.51 | K16: 348.6 | L16: 14.21 | M16: 78.29 | N16: 25.4 | O16: 0 | P16: 1.42 | Q16: 9.7
A17: 18/11/2024 02:15 | B17: 60.98 | C17: 41.15 | D17: 69.03 | E17: 6.06 | F17: 3.8 | G17: 109.33 | H17: 30.53 | I17: 7.99 | J17: 0.24 | K17: 262.54 | L17: 14.32 | M17: 77.02 | N17: 25.7 | O17: 0 | P17: 1.39 | Q17: 9.7
A18: 18/11/2024 02:30 | B18: 57.18 | C18: 40.91 | D18: 65.85 | E18: 6.11 | F18: 3.99 | G18: 109.33 | H18: 30.53 | I18: 7.85 | J18: 0.05 | K18: 315.07 | L18: 14.45 | M18: 76.2 | N18: 25.8 | O18: 0 | P18: 1.35 | Q18: 9.65
A19: 18/11/2024 02:45 | B19: 53.71 | C19: 39.07 | D19: 62.11 | E19: 5.91 | F19: 4.17 | G19: 109.33 | H19: 30.53 | I19: 7.76 | J19: 0.19 | K19: 259.48 | L19: 14.39 | M19: 73.92 | N19: 25.8 | O19: 0 | P19: 1.33 | Q19: 9.65
A20: 18/11/2024 03:00 | B20: 50.94 | C20: 38.83 | D20: 59.77 | E20: 5.57 | F20: 4.01 | G20: 112.75 | H20: 50.34 | I20: 7.56 | J20: 0.16 | K20: 156.56 | L20: 14.19 | M20: 74.87 | N20: 25.9 | O20: 0 | P20: 1.3 | Q20: 9.65
A21: 18/11/2024 03:15 | B21: 48.55 | C21: 38.34 | D21: 57.59 | E21: 5.45 | F21: 4.08 | G21: 122.7 | H21: 89.96 | I21: 7.45 | J21: 0.27 | K21: 230.82 | L21: 13.94 | M21: 79.83 | N21: 25.8 | O21: 0 | P21: 1.29 | Q21: 9.65
A22: 18/11/2024 03:30 | B22: 46.18 | C22: 37.79 | D22: 55.4 | E22: 5.8 | F22: 3.97 | G22: 122.7 | H22: 89.96 | I22: 7.41 | J22: 0.37 | K22: 233.93 | L22: 13.9 | M22: 83.21 | N22: 25.7 | O22: 0 | P22: 1.25 | Q22: 9.66
A23: 18/11/2024 03:45 | B23: 44.26 | C23: 37.05 | D23: 53.48 | E23: 5.97 | F23: 3.84 | G23: 122.7 | H23: 89.96 | I23: 7.41 | J23: 0.26 | K23: 261.89 | L23: 13.67 | M23: 86.18 | N23: 26 | O23: 0 | P23: 1.25 | Q23: 9.64
A24: 18/11/2024 04:00 | B24: 43.09 | C24: 36.07 | D24: 52.03 | E24: 5.49 | F24: 3.92 | G24: 127.69 | H24: 89.27 | I24: 7.11 | J24: 0.25 | K24: 336.6 | L24: 13.21 | M24: 89.16 | N24: 26 | O24: 0 | P24: 1.23 | Q24: 9.65
A25: 18/11/2024 04:15 | B25: 42.35 | C25: 35.6 | D25: 51.18 | E25: 6.55 | F25: 3.77 | G25: 142.22 | H25: 86.23 | I25: 7.18 | J25: 0.42 | K25: 289.46 | L25: 13.17 | M25: 87.68 | N25: 25.8 | O25: 0 | P25: 1.23 | Q25: 9.66
A26: 18/11/2024 04:30 | B26: 41.9 | C26: 34.85 | D26: 50.43 | E26: 6.64 | F26: 4.01 | G26: 142.22 | H26: 86.23 | I26: 7.12 | J26: 0.21 | K26: 294.74 | L26: 13.03 | M26: 88.84 | N26: 25.5 | O26: 0 | P26: 1.22 | Q26: 9.65
A27: 18/11/2024 04:45 | B27: 42.47 | C27: 34.48 | D27: 50.69 | E27: 6.45 | F27: 4.34 | G27: 142.22 | H27: 86.23 | I27: 7.09 | J27: 0.3 | K27: 331.39 | L27: 13.05 | M27: 91.13 | N27: 25.8 | O27: 0 | P27: 1.23 | Q27: 9.65
A28: 18/11/2024 05:00 | B28: 43.63 | C28: 34.79 | D28: 51.79 | E28: 6.95 | F28: 4.28 | G28: 144.64 | H28: 68.62 | I28: 7.05 | J28: 0.01 | K28: 138.12 | L28: 13.27 | M28: 85.52 | N28: 25.4 | O28: 0 | P28: 1.23 | Q28: 9.64
... A60: 18/11/2024 13:00 | B60: 2.8 | C60: 48.33 | D60: 26.12 | E60: 8.07 | F60: 6.19 | G60: 64.56 | H60: 34.5 | I60: 4.59 | J60: 0.45 | K60: 69.95 | L60: 25.63 | M60: 25.6 | N60: 541.7 | O60: 0 | P60: 0.58 | Q60: 9.64
A61: 18/11/2024 13:15 | B61: 3.48 | C61: 47.38 | D61: 26.17 | E61: 9.61 | F61: 9.66 | G61: Calib. | H61: Calib. | I61: 5.42 | J61: 0.8 | K61: 341.18 | L61: 25.88 | M61: 24.74 | N61: 526.4 | O61: 0 | P61: 0.63 | Q61: 9.64
A62: 18/11/2024 13:30 | B62: 3.1 | C62: 59.22 | D62: 32.05 | E62: 21.67 | F62: 20.87 | G62: Calib. | H62: Calib. | I62: 5.47 | J62: 0.64 | K62: 103.94 | L62: 25.42 | M62: 25.7 | N62: 501.3 | O62: 0 | P62: 0.6 | Q62: 9.63
A63: 18/11/2024 13:45 | B63: 3.02 | C63: 63.46 | D63: 34.2 | E63: 9.19 | F63: 10.89 | G63: Calib. | H63: Calib. | I63: 4.31 | J63: 0.78 | K63: 108.17 | L63: 24.97 | M63: 27.73 | N63: 466.8 | O63: 0 | P63: 0.59 | Q63: 9.62
A64: 18/11/2024 14:00 | B64: 3.5 | C64: 63.11 | D64: 34.4 | E64: 10.22 | F64: 9.7 | G64: Calib. | H64: Calib. | I64: 3.23 | J64: 0.74 | K64: 357.18 | L64: 25.33 | M64: 28.14 | N64: 340.4 | O64: 0 | P64: 0.57 | Q64: 9.61
A65: 18/11/2024 14:15 | B65: 3.57 | C65: 61.83 | D65: 33.79 | E65: 8.48 | F65: 7.67 | G65: 6.84 | H65: 2.87 | I65: 2.54 | J65: 0.66 | K65: 41.86 | L65: 24.93 | M65: 28.03 | N65: 137.1 | O65: 0 | P65: 0.59 | Q65: 9.62
A66: 18/11/2024 14:30 | B66: 3.66 | C66: 58.11 | D66: 31.92 | E66: 7.63 | F66: 5.92 | G66: 51.29 | H66: 17.49 | I66: 2.78 | J66: 0.71 | K66: 103.49 | L66: 24.4 | M66: 28.75 | N66: 120.4 | O66: 0 | P66: 0.58 | Q66: 9.63
A67: 18/11/2024 14:45 | B67: 3.74 | C67: 54.09 | D67: 29.88 | E67: 6.95 | F67: 5.41 | G67: 51.29 | H67: 17.49 | I67: 3.13 | J67: 2.11 | K67: 119.75 | L67: 23.51 | M67: 29.5 | N67: 123.6 | O67: 0 | P67: 0.57 | Q67: 9.64
A68: 18/11/2024 15:00 | B68: 3.57 | C68: 50.6 | D68: 27.92 | E68: 6.5 | F68: 5.07 | G68: 51.29 | H68: 17.49 | I68: 3.34 | J68: 1.24 | K68: 109.05 | L68: 23.63 | M68: 29.4 | N68: 117.9 | O68: 0 | P68: 0.55 | Q68: 9.65
A69: 18/11/2024 15:15 | B69: 3.55 | C69: 46.39 | D69: 25.71 | E69: 6.01 | F69: 5.05 | G69: 53.93 | H69: 18.41 | I69: 3.73 | J69: 0.39 | K69: 50.1 | L69: 23.51 | M69: 30.66 | N69: 93.7 | O69: 0 | P69: 0.59 | Q69: 9.64
A70: 18/11/2024 15:30 | B70: 3.94 | C70: 44.76 | D70: 25.17 | E70: 6.17 | F70: 5.33 | G70: 71.14 | H70: 23.09 | I70: 3.73 | J70: 1.3 | K70: 347.6 | L70: 23.77 | M70: 30.38 | N70: 85.3 | O70: 0 | P70: 0.55 | Q70: 9.64
A71: 18/11/2024 15:45 | B71: 4.37 | C71: 44.05 | D71: 25.14 | E71: 5.92 | F71: 5.22 | G71: 71.14 | H71: 23.09 | I71: 3.27 | J71: 0.31 | K71: 34.13 | L71: 23.52 | M71: 30.71 | N71: 77.3 | O71: 0 | P71: 0.55 | Q71: 9.64
A72: 18/11/2024 16:00 | B72: 4.62 | C72: 43.48 | D72: 25.04 | E72: 4.87 | F72: 5.39 | G72: 71.14 | H72: 23.09 | I72: 3.31 | J72: 0.23 | K72: 351.15 | L72: 23.15 | M72: 31.95 | N72: 70.1 | O72: 0 | P72: 0.63 | Q72: 9.63
A73: 18/11/2024 16:15 | B73: 5.2 | C73: 50.84 | D73: 29.36 | E73: 7.35 | F73: 7.36 | G73: 70.17 | H73: 21.76 | I73: 3.01 | J73: 0.18 | K73: 22.06 | L73: 22.97 | M73: 33.28 | N73: 62.3 | O73: 0 | P73: 0.65 | Q73: 9.63
A74: 18/11/2024 16:30 | B74: 4.81 | C74: 55.48 | D74: 31.47 | E74: 7.38 | F74: 9.82 | G74: 63.9 | H74: 15.01 | I74: 2.7 | J74: 0.61 | K74: 105.46 | L74: 22.54 | M74: 32.89 | N74: 54.4 | O74: 0 | P74: 0.58 | Q74: 9.64
A75: 18/11/2024 16:45 | B75: 3.59 | C75: 55.01 | D75: 30.24 | E75: 7.18 | F75: 9.79 | G75: 63.9 | H75: 15.01 | I75: 2.62 | J75: 0.19 | K75: 91.04 | L75: 22.11 | M75: 33.57 | N75: 46.3 | O75: 0 | P75: 0.71 | Q75: 9.63
A76: 18/11/2024 17:00 | B76: 3.13 | C76: 53.79 | D76: 29.23 | E76: 7.65 | F76: 7.77 | G76: 63.9 | H76: 15.01 | I76: 2.34 | J76: 0.36 | K76: 340.46 | L76: 21.73 | M76: 34.22 | N76: 38.8 | O76: 0 | P76: 0.71 | Q76: 9.64
... A81: 18/11/2024 18:15 | B81: 10.96 | C81: 56.26 | D81: 36.81 | E81: 7.15 | F81: 3.98 | G81: 69.3 | H81: 25.63 | I81: 5.16 | J81: 0.45 | K81: 13.71 | L81: 19.67 | M81: 42.27 | N81: 26 | O81: 0 | P81: 0.9 | Q81: 9.63
A82: 18/11/2024 18:30 | B82: 12.81 | C82: 55.98 | D82: 38.15 | E82: 6.97 | F82: 3.99 | G82: 88.15 | H82: Data F | I82: 5.25 | J82: 0.66 | K82: 346.94 | L82: 19.33 | M82: 44.68 | N82: 26 | O82: 0 | P82: 0.96 | Q82: 9.64
A83: 18/11/2024 18:45 | B83: 15.53 | C83: 55.89 | D83: 40.28 | E83: 6.78 | F83: 3.65 | G83: 88.15 | H83: Data F | I83: 5.43 | J83: 0.68 | K83: 343.13 | L83: 19.07 | M83: 45.33 | N83: 25.7 | O83: 0 | P83: 1.05 | Q83: 9.62
A84: 18/11/2024 19:00 | B84: 18.25 | C84: 55.98 | D84: 42.51 | E84: 7.04 | F84: 4.11 | G84: 88.15 | H84: Data F | I84: 5.44 | J84: 0.34 | K84: 350.3 | L84: 18.82 | M84: 46.18 | N84: 26 | O84: 0 | P84: 1.11 | Q84: 9.63
A85: 18/11/2024 19:15 | B85: 20.41 | C85: 55.02 | D85: 43.74 | E85: 6.81 | F85: 3.94 | G85: 89.32 | H85: Data F | I85: 5.87 | J85: 0.41 | K85: 90.56 | L85: 18.64 | M85: 46.51 | N85: 25.9 | O85: 0 | P85: 1.3 | Q85: 9.62
A86: 18/11/2024 19:30 | B86: 21.03 | C86: 53.09 | D86: 43.22 | E86: 6.7 | F86: 3.86 | G86: 96.96 | H86: 55.32 | I86: 5.97 | J86: 0.39 | K86: 119.45 | L86: 18.5 | M86: 46.88 | N86: 25.9 | O86: 0 | P86: 1.28 | Q86: 9.63
A87: 18/11/2024 19:45 | B87: 21.43 | C87: 52 | D87: 42.98 | E87: 6.82 | F87: 3.71 | G87: 96.96 | H87: 55.32 | I87: 6.15 | J87: 0.17 | K87: 352.24 | L87: 18.24 | M87: 49.23 | N87: 25.8 | O87: 0 | P87: 1.21 | Q87: 9.65
A88: 18/11/2024 20:00 | B88: 22.16 | C88: 50.9 | D88: 42.99 | E88: 7.72 | F88: 3.87 | G88: 96.96 | H88: 55.32 | I88: 6.03 | J88: 0.41 | K88: 308.55 | L88: 17.89 | M88: 52.85 | N88: 26 | O88: 0 | P88: 1.35 | Q88: 9.65
A89: 18/11/2024 20:15 | B89: 23.51 | C89: 49.97 | D89: 43.59 | E89: 7.84 | F89: 3.78 | G89: 97.81 | H89: 52.7 | I89: 5.83 | J89: 0.59 | K89: 322.11 | L89: 17.36 | M89: 57.31 | N89: 25.9 | O89: 0 | P89: 1.74 | Q89: 9.64
A90: 18/11/2024 20:30 | B90: 25.28 | C90: 49.19 | D90: 44.6 | E90: 7.42 | F90: 3.56 | G90: 103.36 | H90: 39.41 | I90: 6.51 | J90: 0.12 | K90: 356.19 | L90: 17.58 | M90: 52.34 | N90: 25.3 | O90: 0 | P90: 1.28 | Q90: 9.65
A91: 18/11/2024 20:45 | B91: 25.51 | C91: 48.4 | D91: 44.37 | E91: 7.38 | F91: 3.52 | G91: 103.36 | H91: 39.41 | I91: 7.38 | J91: 0.9 | K91: 123.48 | L91: 18.19 | M91: 49.3 | N91: 24.8 | O91: 0 | P91: 1.15 | Q91: 9.64
A92: 18/11/2024 21:00 | B92: 24.92 | C92: 47.7 | D92: 43.53 | E92: 7.13 | F92: 3.13 | G92: 103.36 | H92: 39.41 | I92: 6.56 | J92: 0.98 | K92: 112.98 | L92: 18.28 | M92: 49.31 | N92: 25 | O92: 0 | P92: 1.21 | Q92: 9.64
A93: 18/11/2024 21:15 | B93: 23.95 | C93: 48.3 | D93: 43.07 | E93: 7.25 | F93: 2.76 | G93: 102.81 | H93: 40.39 | I93: 6.06 | J93: 0.08 | K93: 267.37 | L93: 18.15 | M93: 50.01 | N93: 25.9 | O93: 0 | P93: 1.24 | Q93: 9.65
A94: 18/11/2024 21:30 | B94: 22.72 | C94: 48.83 | D94: 42.35 | E94: 7.37 | F94: 3.73 | G94: 99.2 | H94: 45.9 | I94: 6.56 | J94: 0.32 | K94: 110.15 | L94: 17.72 | M94: 51.98 | N94: 25.5 | O94: 0 | P94: 1.21 | Q94: 9.64
A95: 18/11/2024 21:45 | B95: 21.79 | C95: 49.46 | D95: 41.94 | E95: 7.23 | F95: 4.35 | G95: 99.2 | H95: 45.9 | I95: 7.28 | J95: 0.13 | K95: 334.84 | L95: 17.97 | M95: 50.68 | N95: 25.6 | O95: 0 | P95: 1.2 | Q95: 9.65
A96: 18/11/2024 22:00 | B96: 22.01 | C96: 50.62 | D96: 42.72 | E96: 6.96 | F96: 4.06 | G96: 99.2 | H96: 45.9 | I96: 7.18 | J96: 0.14 | K96: 233.12 | L96: 17.28 | M96: 54.22 | N96: 26.2 | O96: 0 | P96: 1.21 | Q96: 9.66
A97: 18/11/2024 22:15 | B97: 23.91 | C97: 51.75 | D97: 44.83 | E97: 6.88 | F97: 3.79 | G97: 98.64 | H97: 44.24 | I97: 7.24 | J97: 0.19 | K97: 270.44 | L97: 16.46 | M97: 58.59 | N97: 26.1 | O97: 0 | P97: 1.26 | Q97: 9.65
... A104: 18/11/2024 24:00 | B104: 60.67 | C104: 50.47 | D104: 73.64 | E104: 6.34 | F104: 3.51 | G104: 106.83 | H104: 58.18 | I104: 6.58 | J104: 0.39 | K104: 304.59 | L104: 15.11 | M104: 75.48 | N104: 25.5 | O104: 0 | P104: 1.48 | Q104: 9.64
A106: Min | B106: =MIN(B9:B104) -> 2.61 | C106: =MIN(C9:C104) -> 34.2 | D106: =MIN(D9:D104) -> 25.04 | E106: =MIN(E9:E104) -> 4.87 | F106: =MIN(F9:F104) -> 2.76 | G106: =MIN(G9:G104) -> 6.84 | H106: =MIN(H9:H104) -> 2.87 | I106: =MIN(I9:I104) -> 2.34 | ... Q106: =MIN(Q9:Q104) -> 9.61
A107: Max | B107: =MAX(B9:B104) -> 104.5 | C107: =MAX(C9:C104) -> 63.46 | D107: =MAX(D9:D104) -> 104.72 | E107: =MAX(E9:E104) -> 21.67 | F107: =MAX(F9:F104) -> 20.87 | G107: =MAX(G9:G104) -> 162.51 | H107: =MAX(H9:H104) -> 101.93 | I107: =MAX(I9:I104) -> 9.26 | ... Q107: =MAX(Q9:Q104) -> 9.7
A108: Avg | B108: =AVERAGE(B9:B104) -> 31.725312 | C108: =AVERAGE(C9:C104) -> 46.612708 | D108: =AVERAGE(D9:D104) -> 48.418438 | E108: =AVERAGE(E9:E104) -> 7.1101042 | F108: =AVERAGE(F9:F104) -> 5.0447917 | G108: =AVERAGE(G9:G104) -> 103.56141 | H108: =AVERAGE(H9:H104) -> 48.875833 | I108: =AVERAGE(I9:I104) -> 6.1064583 | ... Q108: =AVERAGE(Q9:Q104) -> 9.6454167
A109: Stdev | B109: =STDEV(B9:B104) -> 24.590536 | C109: =STDEV(C9:C104) -> 8.0959893 | D109: =STDEV(D9:D104) -> 17.216006 | E109: =STDEV(E9:E104) -> 1.7431179 | F109: =STDEV(F9:F104) -> 2.5422816 | G109: =STDEV(G9:G104) -> 32.250441 | H109: =STDEV(H9:H104) -> 25.060456 | I109: =STDEV(I9:I104) -> 1.6394216 | ... Q109: =STDEV(Q9:Q104) -> 0.018175557
A110: Num | B110: =COUNT(B9:B104) -> 96 | C110: =COUNT(C9:C104) -> 96 | D110: =COUNT(D9:D104) -> 96 | E110: =COUNT(E9:E104) -> 96 | F110: =COUNT(F9:F104) -> 96 | G110: =COUNT(G9:G104)+4 -> 96 | H110: =COUNT(H9:H104)+12 -> 96 | I110: =COUNT(I9:I104) -> 96 | J110: =COUNT(J9:J104) -> 96 | K110: =COUNT(K9:K104) -> 96 | L110: =COUNT(L9:L104) -> 96 | M110: =COUNT(M9:M104) -> 96 | N110: =COUNT(N9:N104) -> 96 | O110: =COUNT(O9:O104) -> 96 | P110: =COUNT(P9:P104) -> 96 | Q110: =COUNT(Q9:Q104) -> 96
A111: DCR | B111: =IF(B110>=87,">90%",IF(B110<=87,"<90%")) -> >90% | C111: =IF(C110>=87,">90%",IF(C110<=87,"<90%")) -> >90% | D111: =IF(D110>=87,">90%",IF(D110<=87,"<90%")) -> >90% | E111: =IF(E110>=87,">90%",IF(E110<=87,"<90%")) -> >90% | F111: =IF(F110>=87,">90%",IF(F110<=87,"<90%")) -> >90% | G111: =IF(G110>=87,">90%",IF(G110<=87,"<90%")) -> >90% | H111: =IF(H110>=87,">90%",IF(H110<=87,"<90%")) -> >90% | I111: =IF(I110>=87,">90%",IF(I110<=87,"<90%")) -> >90% | ... Q111: =IF(Q110>=87,">90%",IF(Q110<=87,"<90%")) -> >90%
A112: Status | B112: =IF(B110>=87,"OK",IF(B110<=87,"LESS")) -> OK | C112: =IF(C110>=87,"OK",IF(C110<=87,"LESS")) -> OK | D112: =IF(D110>=87,"OK",IF(D110<=87,"LESS")) -> OK | E112: =IF(E110>=87,"OK",IF(E110<=87,"LESS")) -> OK | F112: =IF(F110>=87,"OK",IF(F110<=87,"LESS")) -> OK | G112: =IF(G110>=87,"OK",IF(G110<=87,"LESS")) -> OK | H112: =IF(H110>=87,"OK",IF(H110<=87,"LESS")) -> OK | I112: =IF(I110>=87,"OK",IF(I110<=87,"LESS")) -> OK | ... Q112: =IF(Q110>=87,"OK",IF(Q110<=87,"LESS")) -> OK
A115: Done by | B115: RK
A117: Comment

Sheet 19
A1: Station: | B1: BHATAGAON RAIPUR
A2: Date: | B2: =$A$9 -> 19/11/2024 00:15 | D2: Power Off | G2: Pw.Off | L2: Link Fail | N2: Link F | P2: Maintenance | R2: Maint.
A3: Report Type: | B3: Mean | D3: Calibration | G3: Calib. | L3: Data Fail | N3: Data F | P3: Invalid | R3: Invalid
A4: Time Base: | B4: 15 Min | D4: Zero Referrence | G4: Z.Ref | L4: Warm Up | N4: Wm. Up
A7: Date & Time | B7: NO_BHATAGAON | C7: NO2__BHATAGAON | D7: NOX_BHATAGAON | E7: SO2__BHATAGAON | F7: O3__BHATAGAON | G7: PM10__BHATAGAON | H7: PM2_5__BHATAGAON | I7: BENZ__BHATAGAON | J7: WS__BHATAGAON | K7: WD__BHATAGAON | L7: TEMP__BHATAGAON | M7: HUM__BHATAGAON | N7: SR__BHATAGAON | O7: RG__BHATAGAON | P7: CO__BHATAGAON | Q7: NH3__BHATAGAON
B8: ug/m3 | C8: ug/m3 | D8: ppb | E8: ug/m3 | F8: ug/m3 | G8: ug/m3 | H8: ug/m3 | I8: ug/m3 | J8: m/sec | K8: deg | L8: degreC | M8: % | N8: w/m2 | O8: mm | P8: mg/m3 | Q8: ug/m3
A9: 19/11/2024 00:15 | B9: 64.65 | C9: 49.51 | D9: 76.33 | E9: 7 | F9: 3.59 | G9: 107.59 | H9: 57.39 | I9: 6.77 | J9: 0.49 | K9: 289.86 | L9: 14.74 | M9: 79.59 | N9: 25.8 | O9: 0 | P9: 1.51 | Q9: 9.68
A10: 19/11/2024 00:30 | B10: 67.73 | C10: 48.39 | D10: 78.22 | E10: 7.67 | F10: 4.03 | G10: 112.52 | H10: 53.41 | I10: 7 | J10: 0.4 | K10: 312.6 | L10: 14.54 | M10: 80.77 | N10: 25.9 | O10: 0 | P10: 1.48 | Q10: 9.65
A11: 19/11/2024 00:45 | B11: 69.89 | C11: 47.16 | D11: 79.31 | E11: 7.62 | F11: 4.21 | G11: 112.52 | H11: 53.41 | I11: 7.11 | J11: 0.33 | K11: 254.5 | L11: 14.45 | M11: 81.71 | N11: 25.8 | O11: 0 | P11: 1.5 | Q11: 9.64
A12: 19/11/2024 01:00 | B12: 70.57 | C12: 45.96 | D12: 79.23 | E12: 7.14 | F12: 3.79 | G12: 112.52 | H12: 53.41 | I12: 7.08 | J12: 0.86 | K12: 338.23 | L12: 14.25 | M12: 83.75 | N12: 25.1 | O12: 0 | P12: 1.42 | Q12: 9.64
A13: 19/11/2024 01:15 | B13: 68.8 | C13: 44.82 | D13: 77.22 | E13: 7.76 | F13: 4.45 | G13: 112.14 | H13: 53.65 | I13: 7.07 | J13: 0.47 | K13: 339.15 | L13: 14.45 | M13: 75.63 | N13: 25.7 | O13: 0 | P13: 1.32 | Q13: 9.66
A14: 19/11/2024 01:30 | B14: 65.9 | C14: 44.69 | D14: 74.82 | E14: 7.73 | F14: 3.82 | G14: 109.65 | H14: 54.98 | I14: 7.18 | J14: 0.51 | K14: 327.46 | L14: 14.42 | M14: 75.38 | N14: 25.6 | O14: 0 | P14: 1.36 | Q14: 9.72
A15: 19/11/2024 01:45 | B15: 62.15 | C15: 44.25 | D15: 71.58 | E15: 7.79 | F15: 3.73 | G15: 109.65 | H15: 54.98 | I15: 7.25 | J15: 0.72 | K15: 344.43 | L15: 14.46 | M15: 70.46 | N15: 25.6 | O15: 0 | P15: 1.34 | Q15: 9.72
A16: 19/11/2024 02:00 | B16: 58.11 | C16: 43.93 | D16: 68.18 | E16: 7.45 | F16: 3.62 | G16: 109.65 | H16: 54.98 | I16: 7.22 | J16: 0.4 | K16: 331.39 | L16: 14.45 | M16: 69.74 | N16: 25.9 | O16: 0 | P16: 1.3 | Q16: 9.68
A17: 19/11/2024 02:15 | B17: 54.36 | C17: 43.73 | D17: 65.06 | E17: 7.22 | F17: 3.68 | G17: 110.29 | H17: 54.44 | I17: 7.05 | J17: 0.47 | K17: 244.61 | L17: 14.43 | M17: 69.67 | N17: 25.9 | O17: 0 | P17: 1.28 | Q17: 9.68
A18: 19/11/2024 02:30 | B18: 50.9 | C18: 43.27 | D18: 62.05 | E18: 7.34 | F18: 3.95 | G18: 114.92 | H18: 51.69 | I18: 6.9 | J18: 0.25 | K18: 114.75 | L18: 14.33 | M18: 69.39 | N18: 25.8 | O18: 0 | P18: 1.26 | Q18: 9.75
A19: 19/11/2024 02:45 | B19: 47.76 | C19: 43.04 | D19: 59.41 | E19: 7.44 | F19: 3.83 | G19: 114.92 | H19: 51.69 | I19: 6.77 | J19: 0.09 | K19: 25.99 | L19: 14.32 | M19: 69.29 | N19: 25.8 | O19: 0 | P19: 1.25 | Q19: 9.68
A20: 19/11/2024 03:00 | B20: 44.92 | C20: 42.94 | D20: 57.08 | E20: 6.96 | F20: 3.98 | G20: 114.92 | H20: 51.69 | I20: 6.64 | J20: 0.13 | K20: 29.11 | L20: 14.24 | M20: 68.93 | N20: 25.7 | O20: 0 | P20: 1.24 | Q20: 9.67
... A72: 19/11/2024 16:00 | B72: 2.83 | C72: 54.55 | D72: 29.39 | E72: 9.38 | F72: 17.25 | G72: 67.49 | H72: 23.71 | I72: 5.85 | J72: 2.17 | K72: 340.54 | L72: 22.81 | M72: 35.96 | N72: 71.9 | O72: 0 | P72: 0.66 | Q72: 9.63
A73: 19/11/2024 16:15 | B73: 2.96 | C73: 52.12 | D73: 28.23 | E73: 13.38 | F73: 8.55 | G73: 26.54 | H73: Data F | I73: 4.83 | J73: 2.22 | K73: 342.34 | L73: 22.5 | M73: 36.29 | N73: 63.1 | O73: 0 | P73: 0.68 | Q73: 9.63
A74: 19/11/2024 16:30 | B74: 3.64 | C74: 49.82 | D74: 27.57 | E74: 13.04 | F74: 7.77 | G74: Data F | H74: Data F | I74: 3.87 | J74: 2.25 | K74: 344.05 | L74: 22.23 | M74: 36 | N74: 58.6 | O74: 0 | P74: 0.68 | Q74: 0
A75: 19/11/2024 16:45 | B75: 5.62 | C75: 49.22 | D75: 28.84 | E75: 28.3 | F75: 7.56 | G75: Data F | H75: Data F | I75: 3.44 | J75: 2.15 | K75: 341.41 | L75: 21.97 | M75: 36.64 | N75: 50.8 | O75: 0 | P75: 0.82 | Q75: 0
A76: 19/11/2024 17:00 | B76: 12.58 | C76: 51.55 | D76: 35.65 | E76: 45.65 | F76: 10.49 | G76: Data F | H76: Data F | I76: 2.85 | J76: 2.23 | K76: 344.19 | L76: 21.61 | M76: 37.14 | N76: 42.9 | O76: 0 | P76: 0.81 | Q76: 0
A77: 19/11/2024 17:15 | B77: 15.03 | C77: 84.01 | D77: 54.57 | E77: 53.98 | F77: 15.43 | G77: 43.94 | H77: 23.17 | I77: 3.04 | J77: 1.61 | K77: 345.67 | L77: 21.18 | M77: 38.12 | N77: 36 | O77: 0 | P77: 0.97 | Q77: 0.14
A78: 19/11/2024 17:30 | B78: 10.9 | C78: 113.8 | D78: 66.82 | E78: 43.22 | F78: 14.96 | G78: 70.61 | H78: 27.8 | I78: 2.82 | J78: 1.22 | K78: 342.97 | L78: 20.64 | M78: 40.82 | N78: 31.7 | O78: 0 | P78: 1.18 | Q78: 0
A79: 19/11/2024 17:45 | B79: 5.75 | C79: 108.78 | D79: 60.07 | E79: 26.89 | F79: 8.44 | G79: 70.61 | H79: 27.8 | I79: 2.9 | J79: 1.22 | K79: 345.89 | L79: 19.95 | M79: 45.91 | N79: 30.4 | O79: 0 | P79: 1.31 | Q79: 9.92
A80: 19/11/2024 18:00 | B80: 6.53 | C80: 97.43 | D80: 54.77 | E80: 21.59 | F80: 6.56 | G80: 70.61 | H80: 27.8 | I80: 4.2 | J80: 0.85 | K80: 51.74 | L80: 19.52 | M80: 46.35 | N80: 30.3 | O80: 0 | P80: 1.2 | Q80: 9.03
A81: 19/11/2024 18:15 | B81: 8.66 | C81: 87.93 | D81: 51.5 | E81: 17.84 | F81: 5.77 | G81: 88.62 | H81: 34.14 | I81: 4.64 | J81: 0.98 | K81: 355.81 | L81: 19.22 | M81: 48.24 | N81: 30.1 | O81: 0 | P81: 1.23 | Q81: 8.66
A82: 19/11/2024 18:30 | B82: 10.93 | C82: 81.21 | D82: 49.81 | E82: 14.96 | F82: 5.9 | G82: 99.55 | H82: 35.39 | I82: 4.34 | J82: 1.16 | K82: 352.97 | L82: 18.93 | M82: 49.52 | N82: 30.1 | O82: 0 | P82: 1.32 | Q82: 8.45
A83: 19/11/2024 18:45 | B83: 13.24 | C83: 75.89 | D83: 48.89 | E83: 13.03 | F83: 5.42 | G83: 99.55 | H83: 35.39 | I83: 4.8 | J83: 0.95 | K83: 53.17 | L83: 18.75 | M83: 48.64 | N83: 30.2 | O83: 0 | P83: 1.35 | Q83: 8.54
A84: 19/11/2024 19:00 | B84: 13.76 | C84: 71.17 | D84: 46.84 | E84: 11.82 | F84: 4.88 | G84: 99.55 | H84: 35.39 | I84: 5.01 | J84: 0.23 | K84: 138.61 | L84: 18.5 | M84: 50.27 | N84: 30.3 | O84: 0 | P84: 1.33 | Q84: 8.43
A85: 19/11/2024 19:15 | B85: 13.14 | C85: 66.63 | D85: 43.98 | E85: 10.28 | F85: 5.05 | G85: 102.39 | H85: 39.97 | I85: 4.95 | J85: 0.55 | K85: 17.25 | L85: 18.25 | M85: 51.41 | N85: 30.2 | O85: 0 | P85: 1.21 | Q85: 8.48
A86: 19/11/2024 19:30 | B86: 13.15 | C86: 63.35 | D86: 42.27 | E86: 9.25 | F86: 5.14 | G86: 104.11 | H86: 40.96 | I86: 4.95 | J86: 0.78 | K86: 20.34 | L86: 18.15 | M86: 51.93 | N86: 30.2 | O86: 0 | P86: 1.28 | Q86: 8.55
A87: 19/11/2024 19:45 | B87: 14 | C87: 60.91 | D87: 41.67 | E87: 8.43 | F87: 4.46 | G87: 104.11 | H87: 40.96 | I87: 5.06 | J87: 0.58 | K87: 320.65 | L87: 17.8 | M87: 56.35 | N87: 30.3 | O87: 0 | P87: 1.32 | Q87: 8.41
A88: 19/11/2024 20:00 | B88: 16.15 | C88: 59.39 | D88: 42.61 | E88: 8.95 | F88: 3.81 | G88: 104.11 | H88: 40.96 | I88: 5.16 | J88: 0.72 | K88: 314.82 | L88: 17.47 | M88: 63.74 | N88: 30.5 | O88: 0 | P88: 1.36 | Q88: 8.55
... A104: 19/11/2024 24:00 | B104: 46.7 | C104: 50.85 | D104: 62.64 | E104: 6.13 | F104: 3.89 | G104: 101.02 | H104: 48.12 | I104: 6.21 | J104: 1.11 | K104: 336.79 | L104: 14.47 | M104: 83.08 | N104: 30.5 | O104: 0 | P104: 1.47 | Q104: 9.78
A106: Min | B106: =MIN(B9:B104) -> 2.83 | C106: =MIN(C9:C104) -> 34.48 | D106: =MIN(D9:D104) -> 24.92 | E106: =MIN(E9:E104) -> 4.65 | F106: =MIN(F9:F104) -> 3.53 | G106: =MIN(G9:G104) -> 26.54 | H106: =MIN(H9:H104) -> 23.17 | I106: =MIN(I9:I104) -> 2.82 | ... Q106: =MIN(Q9:Q104) -> 0
A107: Max | B107: =MAX(B9:B104) -> 70.57 | C107: =MAX(C9:C104) -> 113.8 | D107: =MAX(D9:D104) -> 79.31 | E107: =MAX(E9:E104) -> 53.98 | F107: =MAX(F9:F104) -> 17.25 | G107: =MAX(G9:G104) -> 134.59 | H107: =MAX(H9:H104) -> 74.49 | I107: =MAX(I9:I104) -> 7.73 | ... Q107: =MAX(Q9:Q104) -> 9.92
A108: Avg | B108: =AVERAGE(B9:B104) -> 28.09375 | C108: =AVERAGE(C9:C104) -> 49.452604 | D108: =AVERAGE(D9:D104) -> 46.99 | E108: =AVERAGE(E9:E104) -> 9.1041667 | F108: =AVERAGE(F9:F104) -> 5.0017708 | G108: =AVERAGE(G9:G104) -> 102.77129 | H108: =AVERAGE(H9:H104) -> 47.072174 | I108: =AVERAGE(I9:I104) -> 5.8602083 | ... Q108: =AVERAGE(Q9:Q104) -> 8.9305208
A109: Stdev | B109: =STDEV(B9:B104) -> 18.775518 | C109: =STDEV(C9:C104) -> 14.497789 | D109: =STDEV(D9:D104) -> 13.811574 | E109: =STDEV(E9:E104) -> 8.0094874 | F109: =STDEV(F9:F104) -> 2.5571831 | G109: =STDEV(G9:G104) -> 20.98254 | H109: =STDEV(H9:H104) -> 12.461249 | I109: =STDEV(I9:I104) -> 1.0364809 | ... Q109: =STDEV(Q9:Q104) -> 2.1410644
A110: Num | B110: =COUNT(B9:B104) -> 96 | C110: =COUNT(C9:C104) -> 96 | D110: =COUNT(D9:D104) -> 96 | E110: =COUNT(E9:E104) -> 96 | F110: =COUNT(F9:F104) -> 96 | G110: =COUNT(G9:G104)+3 -> 96 | H110: =COUNT(H9:H104)+4 -> 96 | I110: =COUNT(I9:I104) -> 96 | J110: =COUNT(J9:J104) -> 96 | K110: =COUNT(K9:K104) -> 96 | L110: =COUNT(L9:L104) -> 96 | M110: =COUNT(M9:M104) -> 96 | N110: =COUNT(N9:N104) -> 96 | O110: =COUNT(O9:O104) -> 96 | P110: =COUNT(P9:P104) -> 96 | Q110: =COUNT(Q9:Q104) -> 96
A111: DCR | B111: =IF(B110>=87,">90%",IF(B110<=87,"<90%")) -> >90% | C111: =IF(C110>=87,">90%",IF(C110<=87,"<90%")) -> >90% | D111: =IF(D110>=87,">90%",IF(D110<=87,"<90%")) -> >90% | E111: =IF(E110>=87,">90%",IF(E110<=87,"<90%")) -> >90% | F111: =IF(F110>=87,">90%",IF(F110<=87,"<90%")) -> >90% | G111: =IF(G110>=87,">90%",IF(G110<=87,"<90%")) -> >90% | H111: =IF(H110>=87,">90%",IF(H110<=87,"<90%")) -> >90% | I111: =IF(I110>=87,">90%",IF(I110<=87,"<90%")) -> >90% | ... Q111: =IF(Q110>=87,">90%",IF(Q110<=87,"<90%")) -> >90%
A112: Status | B112: =IF(B110>=87,"OK",IF(B110<=87,"LESS")) -> OK | C112: =IF(C110>=87,"OK",IF(C110<=87,"LESS")) -> OK | D112: =IF(D110>=87,"OK",IF(D110<=87,"LESS")) -> OK | E112: =IF(E110>=87,"OK",IF(E110<=87,"LESS")) -> OK | F112: =IF(F110>=87,"OK",IF(F110<=87,"LESS")) -> OK | G112: =IF(G110>=87,"OK",IF(G110<=87,"LESS")) -> OK | H112: =IF(H110>=87,"OK",IF(H110<=87,"LESS")) -> OK | I112: =IF(I110>=87,"OK",IF(I110<=87,"LESS")) -> OK | ... Q112: =IF(Q110>=87,"OK",IF(Q110<=87,"LESS")) -> OK
A115: Done by | B115: RK
A117: Comment

Sheet 20
A1: Station: | B1: BHATAGAON RAIPUR
A2: Date: | B2: =$A$9 -> 20/11/2024 00:15 | D2: Power Off | G2: Pw.Off | L2: Link Fail | N2: Link F | P2: Maintenance | R2: Maint.
A3: Report Type: | B3: Mean | D3: Calibration | G3: Calib. | L3: Data Fail | N3: Data F | P3: Invalid | R3: Invalid
A4: Time Base: | B4: 15 Min | D4: Zero Referrence | G4: Z.Ref | L4: Warm Up | N4: Wm. Up
A7: Date & Time | B7: NO_BHATAGAON | C7: NO2__BHATAGAON | D7: NOX_BHATAGAON | E7: SO2__BHATAGAON | F7: O3__BHATAGAON | G7: PM10__BHATAGAON | H7: PM2_5__BHATAGAON | I7: BENZ__BHATAGAON | J7: WS__BHATAGAON | K7: WD__BHATAGAON | L7: TEMP__BHATAGAON | M7: HUM__BHATAGAON | N7: SR__BHATAGAON | O7: RG__BHATAGAON | P7: CO__BHATAGAON | Q7: NH3__BHATAGAON
B8: ug/m3 | C8: ug/m3 | D8: ppb | E8: ug/m3 | F8: ug/m3 | G8: ug/m3 | H8: ug/m3 | I8: ug/m3 | J8: m/sec | K8: deg | L8: degreC | M8: % | N8: w/m2 | O8: mm | P8: mg/m3 | Q8: ug/m3
A9: 20/11/2024 00:15 | B9: 50.73 | C9: 50.89 | D9: 65.89 | E9: 6.48 | F9: 3.9 | G9: 107.78 | H9: 50.62 | I9: 6.16 | J9: 1.14 | K9: 321.4 | L9: 14.21 | M9: 85.64 | N9: 30.4 | O9: 0 | P9: 1.46 | Q9: 9.84
A10: 20/11/2024 00:30 | B10: 51.52 | C10: 48.4 | D10: 65.23 | E10: 6.5 | F10: 4 | G10: 111.89 | H10: 51.45 | I10: 6.13 | J10: 0.12 | K10: 146.25 | L10: 14.09 | M10: 81.92 | N10: 30.4 | O10: 0 | P10: 1.39 | Q10: 9.81
A11: 20/11/2024 00:45 | B11: 49.95 | C11: 46.47 | D11: 62.96 | E11: 6.44 | F11: 3.94 | G11: 111.89 | H11: 51.45 | I11: 5.98 | J11: 1.07 | K11: 317.65 | L11: 14.22 | M11: 79.41 | N11: 30.5 | O11: 0 | P11: 1.36 | Q11: 9.85
A12: 20/11/2024 01:00 | B12: 48.67 | C12: 45.61 | D12: 61.48 | E12: 6.38 | F12: 3.68 | G12: 111.89 | H12: 51.45 | I12: 5.81 | J12: 1.08 | K12: 333.67 | L12: 14.07 | M12: 82.96 | N12: 30.6 | O12: 0 | P12: 1.34 | Q12: 9.87
A13: 20/11/2024 01:15 | B13: 47.42 | C13: 44.38 | D13: 59.84 | E13: 6.44 | F13: 3.72 | G13: 107.61 | H13: 48.1 | I13: 5.79 | J13: 0.92 | K13: 339.62 | L13: 13.78 | M13: 84.42 | N13: 30.7 | O13: 0 | P13: 1.31 | Q13: 9.95
A14: 20/11/2024 01:30 | B14: 46.1 | C14: 43.35 | D14: 58.24 | E14: 6.32 | F14: 3.75 | G14: 105.01 | H14: 47.37 | I14: 5.93 | J14: 0.96 | K14: 312.81 | L14: 13.61 | M14: 87.08 | N14: 30.6 | O14: 0 | P14: 1.31 | Q14: 10.03
A15: 20/11/2024 01:45 | B15: 44.65 | C15: 42.52 | D15: 56.65 | E15: 6.56 | F15: 3.63 | G15: 105.01 | H15: 47.37 | I15: 6 | J15: 0.55 | K15: 97.01 | L15: 13.82 | M15: 79.22 | N15: 30.3 | O15: 0 | P15: 1.23 | Q15: 10.05
A16: 20/11/2024 02:00 | B16: 42.72 | C16: 41.36 | D16: 54.49 | E16: 7.03 | F16: 3.85 | G16: 105.01 | H16: 47.37 | I16: 6.15 | J16: 0.46 | K16: 74.41 | L16: 14.16 | M16: 74.57 | N16: 30.3 | O16: 0 | P16: 1.25 | Q16: 10.21
A17: 20/11/2024 02:15 | B17: 40.58 | C17: 41.18 | D17: 52.68 | E17: 6.4 | F17: 3.68 | G17: 105 | H17: 50.96 | I17: 6.52 | J17: 0.9 | K17: 322.22 | L17: 14.04 | M17: 77.45 | N17: 30.7 | O17: 0 | P17: 1.26 | Q17: 10.3
A18: 20/11/2024 02:30 | B18: 38.69 | C18: 41.28 | D18: 51.22 | E18: 6.49 | F18: 3.72 | G18: 104.99 | H18: 51.75 | I18: 6.69 | J18: 0.33 | K18: 313.02 | L18: 13.43 | M18: 83.88 | N18: 31 | O18: 0 | P18: 1.29 | Q18: 10.33
A19: 20/11/2024 02:45 | B19: 36.8 | C19: 41.03 | D19: 49.57 | E19: 6.84 | F19: 4.11 | G19: 104.99 | H19: 51.75 | I19: 6.61 | J19: 1 | K19: 116.52 | L19: 13.09 | M19: 84.66 | N19: 30.7 | O19: 0 | P19: 1.27 | Q19: 10.49
A20: 20/11/2024 03:00 | B20: 34.72 | C20: 40.86 | D20: 47.81 | E20: 6.76 | F20: 4.23 | G20: 104.99 | H20: 51.75 | I20: 6.58 | J20: 0.63 | K20: 341 | L20: 13 | M20: 86.96 | N20: 30.7 | O20: 0 | P20: 1.26 | Q20: 10.51
... A104: 20/11/2024 24:00 | B104: 61.28 | C104: 47.91 | D104: 72.79 | E104: 6.84 | F104: 4.35 | G104: 132.05 | H104: 56.87 | I104: 8.76 | J104: 2.68 | K104: 309.18 | L104: 13.75 | M104: 70.34 | N104: 31.4 | O104: 0 | P104: 1.87 | Q104: 10.75
A106: Min | B106: =MIN(B9:B104) -> 3.07 | C106: =MIN(C9:C104) -> 37.39 | D106: =MIN(D9:D104) -> 23.42 | E106: =MIN(E9:E104) -> 5.32 | F106: =MIN(F9:F104) -> 3.53 | G106: =MIN(G9:G104) -> 78.43 | H106: =MIN(H9:H104) -> 25.87 | I106: =MIN(I9:I104) -> 5.24 | ... Q106: =MIN(Q9:Q104) -> 9.81
A107: Max | B107: =MAX(B9:B104) -> 61.69 | C107: =MAX(C9:C104) -> 54.23 | D107: =MAX(D9:D104) -> 73.04 | E107: =MAX(E9:E104) -> 8.1 | F107: =MAX(F9:F104) -> 6 | G107: =MAX(G9:G104) -> 146.24 | H107: =MAX(H9:H104) -> 85.96 | I107: =MAX(I9:I104) -> 9.33 | ... Q107: =MAX(Q9:Q104) -> 10.88
A108: Avg | B108: =AVERAGE(B9:B104) -> 23.520208 | C108: =AVERAGE(C9:C104) -> 44.525937 | D108: =AVERAGE(D9:D104) -> 40.748021 | E108: =AVERAGE(E9:E104) -> 6.5960417 | F108: =AVERAGE(F9:F104) -> 4.3228125 | G108: =AVERAGE(G9:G104) -> 111.06115 | H108: =AVERAGE(H9:H104) -> 50.585833 | I108: =AVERAGE(I9:I104) -> 6.6507292 | ... Q108: =AVERAGE(Q9:Q104) -> 10.284062
A109: Stdev | B109: =STDEV(B9:B104) -> 17.871086 | C109: =STDEV(C9:C104) -> 4.892579 | D109: =STDEV(D9:D104) -> 14.990399 | E109: =STDEV(E9:E104) -> 0.58937876 | F109: =STDEV(F9:F104) -> 0.62778425 | G109: =STDEV(G9:G104) -> 21.199023 | H109: =STDEV(H9:H104) -> 13.616851 | I109: =STDEV(I9:I104) -> 1.0663437 | ... Q109: =STDEV(Q9:Q104) -> 0.22194157
A110: Num | B110: =COUNT(B9:B104) -> 96 | C110: =COUNT(C9:C104) -> 96 | D110: =COUNT(D9:D104) -> 96 | E110: =COUNT(E9:E104) -> 96 | F110: =COUNT(F9:F104) -> 96 | G110: =COUNT(G9:G104) -> 96 | H110: =COUNT(H9:H104) -> 96 | I110: =COUNT(I9:I104) -> 96 | ... Q110: =COUNT(Q9:Q104) -> 96
A111: DCR | B111: =IF(B110>=87,">90%",IF(B110<=87,"<90%")) -> >90% | C111: =IF(C110>=87,">90%",IF(C110<=87,"<90%")) -> >90% | D111: =IF(D110>=87,">90%",IF(D110<=87,"<90%")) -> >90% | E111: =IF(E110>=87,">90%",IF(E110<=87,"<90%")) -> >90% | F111: =IF(F110>=87,">90%",IF(F110<=87,"<90%")) -> >90% | G111: =IF(G110>=87,">90%",IF(G110<=87,"<90%")) -> >90% | H111: =IF(H110>=87,">90%",IF(H110<=87,"<90%")) -> >90% | I111: =IF(I110>=87,">90%",IF(I110<=87,"<90%")) -> >90% | ... Q111: =IF(Q110>=87,">90%",IF(Q110<=87,"<90%")) -> >90%
A112: Status | B112: =IF(B110>=87,"OK",IF(B110<=87,"LESS")) -> OK | C112: =IF(C110>=87,"OK",IF(C110<=87,"LESS")) -> OK | D112: =IF(D110>=87,"OK",IF(D110<=87,"LESS")) -> OK | E112: =IF(E110>=87,"OK",IF(E110<=87,"LESS")) -> OK | F112: =IF(F110>=87,"OK",IF(F110<=87,"LESS")) -> OK | G112: =IF(G110>=87,"OK",IF(G110<=87,"LESS")) -> OK | H112: =IF(H110>=87,"OK",IF(H110<=87,"LESS")) -> OK | I112: =IF(I110>=87,"OK",IF(I110<=87,"LESS")) -> OK | ... Q112: =IF(Q110>=87,"OK",IF(Q110<=87,"LESS")) -> OK
A115: Done by | B115: RK
A117: Comment

Sheet 21
A1: Station: | B1: BHATAGAON RAIPUR
A2: Date: | B2: =$A$9 -> 21/11/2024 00:15 | D2: Power Off | G2: Pw.Off | L2: Link Fail | N2: Link F | P2: Maintenance | R2: Maint.
A3: Report Type: | B3: Mean | D3: Calibration | G3: Calib. | L3: Data Fail | N3: Data F | P3: Invalid | R3: Invalid
A4: Time Base: | B4: 15 Min | D4: Zero Referrence | G4: Z.Ref | L4: Warm Up | N4: Wm. Up
A7: Date & Time | B7: NO_BHATAGAON | C7: NO2__BHATAGAON | D7: NOX_BHATAGAON | E7: SO2__BHATAGAON | F7: O3__BHATAGAON | G7: PM10__BHATAGAON | H7: PM2_5__BHATAGAON | I7: BENZ__BHATAGAON | J7: WS__BHATAGAON | K7: WD__BHATAGAON | L7: TEMP__BHATAGAON | M7: HUM__BHATAGAON | N7: SR__BHATAGAON | O7: RG__BHATAGAON | P7: CO__BHATAGAON | Q7: NH3__BHATAGAON
B8: ug/m3 | C8: ug/m3 | D8: ppb | E8: ug/m3 | F8: ug/m3 | G8: ug/m3 | H8: ug/m3 | I8: ug/m3 | J8: m/sec | K8: deg | L8: degreC | M8: % | N8: w/m2 | O8: mm | P8: mg/m3 | Q8: ug/m3
A9: 21/11/2024 00:15 | B9: 59.96 | C9: 47.78 | D9: 71.67 | E9: 8.06 | F9: 4.09 | G9: 127.5 | H9: 60.32 | I9: 8.64 | J9: 2.68 | K9: 311.44 | L9: 13.54 | M9: 71.19 | N9: 31.4 | O9: 0 | P9: 1.83 | Q9: 10.74
A10: 21/11/2024 00:30 | B10: 58.16 | C10: 47.22 | D10: 69.94 | E10: 8.07 | F10: 3.99 | G10: 124.75 | H10: 61.51 | I10: 8.51 | J10: 2.24 | K10: 310.98 | L10: 13.36 | M10: 75.02 | N10: 31.3 | O10: 0 | P10: 1.8 | Q10: 10.75
A11: 21/11/2024 00:45 | B11: 56 | C11: 47.27 | D11: 68.23 | E11: 7.58 | F11: 4.21 | G11: 124.75 | H11: 61.51 | I11: 8.36 | J11: 2.9 | K11: 325.51 | L11: 13.17 | M11: 74.46 | N11: 31.4 | O11: 0 | P11: 1.75 | Q11: 10.71
A12: 21/11/2024 01:00 | B12: 54.18 | C12: 46.97 | D12: 66.61 | E12: 7.24 | F12: 3.97 | G12: 124.75 | H12: 61.51 | I12: 8.2 | J12: 2.19 | K12: 314.1 | L12: 13.14 | M12: 79.87 | N12: 31.2 | O12: 0 | P12: 1.71 | Q12: 10.71
A13: 21/11/2024 01:15 | B13: 53.65 | C13: 46.59 | D13: 65.99 | E13: 7.64 | F13: 3.93 | G13: 129.25 | H13: 64.9 | I13: 8.03 | J13: 0.91 | K13: 248.67 | L13: 13.06 | M13: 78.85 | N13: 31.1 | O13: 0 | P13: 1.54 | Q13: 10.71
A14: 21/11/2024 01:30 | B14: 52.28 | C14: 44.93 | D14: 64.02 | E14: 7.42 | F14: 3.75 | G14: 131.99 | H14: 65.64 | I14: 7.9 | J14: 1.58 | K14: 286.6 | L14: 12.99 | M14: 79.03 | N14: 31.2 | O14: 0 | P14: 1.57 | Q14: 10.64
A15: 21/11/2024 01:45 | B15: 50.54 | C15: 43.35 | D15: 61.8 | E15: 7.11 | F15: 3.8 | G15: 131.99 | H15: 65.64 | I15: 7.72 | J15: 0.42 | K15: 283.05 | L15: 12.9 | M15: 79.69 | N15: 31.2 | O15: 0 | P15: 1.54 | Q15: 10.58
A16: 21/11/2024 02:00 | B16: 48.82 | C16: 42.84 | D16: 60.16 | E16: 7.51 | F16: 4.12 | G16: 131.99 | H16: 65.64 | I16: 7.67 | J16: 2 | K16: 287.65 | L16: 12.69 | M16: 82.23 | N16: 31.4 | O16: 0 | P16: 1.5 | Q16: 10.59
A17: 21/11/2024 02:15 | B17: 47.19 | C17: 42.07 | D17: 58.44 | E17: 7.45 | F17: 3.92 | G17: 124.07 | H17: 61.24 | I17: 7.61 | J17: 2.12 | K17: 317.08 | L17: 12.54 | M17: 83.98 | N17: 31.3 | O17: 0 | P17: 1.48 | Q17: 10.56
A18: 21/11/2024 02:30 | B18: 45.69 | C18: 41.11 | D18: 56.74 | E18: 7.28 | F18: 4.13 | G18: 119.27 | H18: 60.27 | I18: 7.42 | J18: 1.51 | K18: 333.93 | L18: 12.42 | M18: 89.07 | N18: 31.1 | O18: 0 | P18: 1.44 | Q18: 10.53
A19: 21/11/2024 02:45 | B19: 44.44 | C19: 40.02 | D19: 55.17 | E19: 7.47 | F19: 4.17 | G19: 119.27 | H19: 60.27 | I19: 7.36 | J19: 1.62 | K19: 320.86 | L19: 12.7 | M19: 86.22 | N19: 30.6 | O19: 0 | P19: 1.44 | Q19: 10.56
A20: 21/11/2024 03:00 | B20: 43.12 | C20: 39.45 | D20: 53.81 | E20: 7.17 | F20: 3.57 | G20: 119.27 | H20: 60.27 | I20: 7.33 | J20: 0.89 | K20: 325.51 | L20: 12.71 | M20: 85.11 | N20: 30.9 | O20: 0 | P20: 1.42 | Q20: 10.54
... A104: 21/11/2024 24:00 | B104: 47.79 | C104: 52.64 | D104: 64.45 | E104: 5.1 | F104: 3.37 | G104: 142.56 | H104: 72.49 | I104: 7.98 | J104: 1.78 | K104: 172.27 | L104: 13.81 | M104: 87 | N104: 33.2 | O104: 0 | P104: 1.7 | Q104: 11.01
A106: Min | B106: =MIN(B9:B104) -> 0 | C106: =MIN(C9:C104) -> 0 | D106: =MIN(D9:D104) -> 0 | E106: =MIN(E9:E104) -> 4.64 | F106: =MIN(F9:F104) -> 3.24 | G106: =MIN(G9:G104) -> 82.89 | H106: =MIN(H9:H104) -> 44.64 | I106: =MIN(I9:I104) -> 4.28 | ... Q106: =MIN(Q9:Q104) -> 9.58
A107: Max | B107: =MAX(B9:B104) -> 59.96 | C107: =MAX(C9:C104) -> 64.16 | D107: =MAX(D9:D104) -> 71.67 | E107: =MAX(E9:E104) -> 8.53 | F107: =MAX(F9:F104) -> 11.92 | G107: =MAX(G9:G104) -> 142.56 | H107: =MAX(H9:H104) -> 72.49 | I107: =MAX(I9:I104) -> 8.64 | ... Q107: =MAX(Q9:Q104) -> 11.04
A108: Avg | B108: =AVERAGE(B9:B104) -> 21.807292 | C108: =AVERAGE(C9:C104) -> 47.634688 | D108: =AVERAGE(D9:D104) -> 41.016354 | E108: =AVERAGE(E9:E104) -> 7.015 | F108: =AVERAGE(F9:F104) -> 4.7034375 | G108: =AVERAGE(G9:G104) -> 111.33792 | H108: =AVERAGE(H9:H104) -> 56.203542 | I108: =AVERAGE(I9:I104) -> 6.6629167 | ... Q108: =AVERAGE(Q9:Q104) -> 10.497708
A109: Stdev | B109: =STDEV(B9:B104) -> 17.689348 | C109: =STDEV(C9:C104) -> 9.4545834 | D109: =STDEV(D9:D104) -> 14.504064 | E109: =STDEV(E9:E104) -> 0.75009052 | F109: =STDEV(F9:F104) -> 1.4133989 | G109: =STDEV(G9:G104) -> 18.422385 | H109: =STDEV(H9:H104) -> 8.6615738 | I109: =STDEV(I9:I104) -> 0.96269459 | ... Q109: =STDEV(Q9:Q104) -> 0.26994923
A110: Num | B110: =COUNT(B9:B104) -> 96 | C110: =COUNT(C9:C104) -> 96 | D110: =COUNT(D9:D104) -> 96 | E110: =COUNT(E9:E104) -> 96 | F110: =COUNT(F9:F104) -> 96 | G110: =COUNT(G9:G104) -> 96 | H110: =COUNT(H9:H104) -> 96 | I110: =COUNT(I9:I104) -> 96 | ... Q110: =COUNT(Q9:Q104) -> 96
A111: DCR | B111: =IF(B110>=87,">90%",IF(B110<=87,"<90%")) -> >90% | C111: =IF(C110>=87,">90%",IF(C110<=87,"<90%")) -> >90% | D111: =IF(D110>=87,">90%",IF(D110<=87,"<90%")) -> >90% | E111: =IF(E110>=87,">90%",IF(E110<=87,"<90%")) -> >90% | F111: =IF(F110>=87,">90%",IF(F110<=87,"<90%")) -> >90% | G111: =IF(G110>=87,">90%",IF(G110<=87,"<90%")) -> >90% | H111: =IF(H110>=87,">90%",IF(H110<=87,"<90%")) -> >90% | I111: =IF(I110>=87,">90%",IF(I110<=87,"<90%")) -> >90% | ... Q111: =IF(Q110>=87,">90%",IF(Q110<=87,"<90%")) -> >90%
A112: Status | B112: =IF(B110>=87,"OK",IF(B110<=87,"LESS")) -> OK | C112: =IF(C110>=87,"OK",IF(C110<=87,"LESS")) -> OK | D112: =IF(D110>=87,"OK",IF(D110<=87,"LESS")) -> OK | E112: =IF(E110>=87,"OK",IF(E110<=87,"LESS")) -> OK | F112: =IF(F110>=87,"OK",IF(F110<=87,"LESS")) -> OK | G112: =IF(G110>=87,"OK",IF(G110<=87,"LESS")) -> OK | H112: =IF(H110>=87,"OK",IF(H110<=87,"LESS")) -> OK | I112: =IF(I110>=87,"OK",IF(I110<=87,"LESS")) -> OK | ... Q112: =IF(Q110>=87,"OK",IF(Q110<=87,"LESS")) -> OK
A115: Done by | B115: RK
A117: Comment

Sheet 22
A1: Station: | B1: BHATAGAON RAIPUR
A2: Date: | B2: =$A$9 -> 22/11/2024 00:15 | D2: Power Off | G2: Pw.Off | L2: Link Fail | N2: Link F | P2: Maintenance | R2: Maint.
A3: Report Type: | B3: Mean | D3: Calibration | G3: Calib. | L3: Data Fail | N3: Data F | P3: Invalid | R3: Invalid
A4: Time Base: | B4: 15 Min | D4: Zero Referrence | G4: Z.Ref | L4: Warm Up | N4: Wm. Up
A7: Date & Time | B7: NO_BHATAGAON | C7: NO2__BHATAGAON | D7: NOX_BHATAGAON | E7: SO2__BHATAGAON | F7: O3__BHATAGAON | G7: PM10__BHATAGAON | H7: PM2_5__BHATAGAON | I7: BENZ__BHATAGAON | J7: WS__BHATAGAON | K7: WD__BHATAGAON | L7: TEMP__BHATAGAON | M7: HUM__BHATAGAON | N7: SR__BHATAGAON | O7: RG__BHATAGAON | P7: CO__BHATAGAON | Q7: NH3__BHATAGAON
B8: ug/m3 | C8: ug/m3 | D8: ppb | E8: ug/m3 | F8: ug/m3 | G8: ug/m3 | H8: ug/m3 | I8: ug/m3 | J8: m/sec | K8: deg | L8: degreC | M8: % | N8: w/m2 | O8: mm | P8: mg/m3 | Q8: ug/m3
A9: 22/11/2024 00:15 | B9: 48.06 | C9: 52.48 | D9: 64.58 | E9: 6.14 | F9: 3.59 | G9: 144.6 | H9: 75.33 | I9: 7.93 | J9: 1.36 | K9: 274.46 | L9: 13.92 | M9: 88.4 | N9: 32.9 | O9: 0 | P9: 1.73 | Q9: 11.09
A10: 22/11/2024 00:30 | B10: 48.98 | C10: 52.22 | D10: 65.19 | E10: 6.34 | F10: 3.88 | G10: 145.83 | H10: 76.4 | I10: 7.67 | J10: 2.3 | K10: 270.08 | L10: 13.53 | M10: 89.75 | N10: 33.2 | O10: 0 | P10: 1.73 | Q10: 11.14
A11: 22/11/2024 00:45 | B11: 48.73 | C11: 51.31 | D11: 64.51 | E11: 6.02 | F11: 4.26 | G11: 145.83 | H11: 76.4 | I11: 7.89 | J11: 1.14 | K11: 309.64 | L11: 13.52 | M11: 89.13 | N11: 33.2 | O11: 0 | P11: 1.71 | Q11: 11.05
A12: 22/11/2024 01:00 | B12: 47.6 | C12: 51.42 | D12: 63.66 | E12: 5.82 | F12: 4.09 | G12: 145.83 | H12: 76.4 | I12: 7.91 | J12: 0.66 | K12: 311.41 | L12: 13.2 | M12: 93.4 | N12: 33.2 | O12: 0 | P12: 1.69 | Q12: 11.02
A13: 22/11/2024 01:15 | B13: 46.01 | C13: 50.53 | D13: 61.92 | E13: 5.73 | F13: 4.04 | G13: 143.03 | H13: 72.44 | I13: 7.82 | J13: 1.27 | K13: 314.71 | L13: 13.29 | M13: 91.33 | N13: 33.2 | O13: 0 | P13: 1.51 | Q13: 11.01
A14: 22/11/2024 01:30 | B14: 44.23 | C14: 50.17 | D14: 60.31 | E14: 6.02 | F14: 3.97 | G14: 141.33 | H14: 71.15 | I14: 7.78 | J14: 1.7 | K14: 44.87 | L14: 13.11 | M14: 92.57 | N14: 33.2 | O14: 0 | P14: 1.58 | Q14: 10.97
A15: 22/11/2024 01:45 | B15: 42.39 | C15: 50.37 | D15: 58.93 | E15: 5.69 | F15: 4.05 | G15: 141.33 | H15: 71.15 | I15: 7.68 | J15: 0.46 | K15: 99.03 | L15: 12.95 | M15: 90.98 | N15: 33.2 | O15: 0 | P15: 1.55 | Q15: 10.95
A16: 22/11/2024 02:00 | B16: 40.69 | C16: 48.97 | D16: 56.84 | E16: 5.86 | F16: 4.07 | G16: 141.33 | H16: 71.15 | I16: 7.59 | J16: 2.7 | K16: 232.37 | L16: 12.92 | M16: 91.35 | N16: 33 | O16: 0 | P16: 1.53 | Q16: 10.9
A17: 22/11/2024 02:15 | B17: 39.1 | C17: 49.65 | D17: 55.92 | E17: 5.68 | F17: 4.31 | G17: 140.86 | H17: 75.43 | I17: 7.52 | J17: 0.81 | K17: 15 | L17: 12.78 | M17: 93.27 | N17: 33.2 | O17: 0 | P17: 1.51 | Q17: 10.9
A18: 22/11/2024 02:30 | B18: 37.56 | C18: 47.28 | D18: 53.45 | E18: 6.09 | F18: 4.57 | G18: 140.58 | H18: 76.37 | I18: 7.45 | J18: 0.03 | K18: 201.68 | L18: 12.5 | M18: 95.83 | N18: 33.1 | O18: 0 | P18: 1.49 | Q18: 10.8
A19: 22/11/2024 02:45 | B19: 36.18 | C19: 45.51 | D19: 51.41 | E19: 5.79 | F19: 4.16 | G19: 140.58 | H19: 76.37 | I19: 7.4 | J19: 0.84 | K19: 2.38 | L19: 12.44 | M19: 95.48 | N19: 33.3 | O19: 0 | P19: 1.47 | Q19: 10.7
A20: 22/11/2024 03:00 | B20: 35.04 | C20: 45.4 | D20: 50.44 | E20: 6.13 | F20: 3.87 | G20: 140.58 | H20: 76.37 | I20: 7.39 | J20: 2.42 | K20: 309.17 | L20: 12.54 | M20: 94.09 | N20: 33.2 | O20: 0 | P20: 1.44 | Q20: 10.73
... A104: 22/11/2024 24:00 | B104: 52.48 | C104: 55.28 | D104: 69.59 | E104: 5.29 | F104: 4.02 | G104: 141.72 | H104: 65.6 | I104: 7.94 | J104: 2 | K104: 337.67 | L104: 13.53 | M104: 81.59 | N104: 34.3 | O104: 0 | P104: 1.78 | Q104: 11.04
A106: Min | B106: =MIN(B9:B104) -> 1.91 | C106: =MIN(C9:C104) -> 42.01 | D106: =MIN(D9:D104) -> 25.79 | E106: =MIN(E9:E104) -> 4.31 | F106: =MIN(F9:F104) -> 3.52 | G106: =MIN(G9:G104) -> 89.74 | H106: =MIN(H9:H104) -> 42.56 | I106: =MIN(I9:I104) -> 3.52 | ... Q106: =MIN(Q9:Q104) -> 10.31
A107: Max | B107: =MAX(B9:B104) -> 56.12 | C107: =MAX(C9:C104) -> 66.19 | D107: =MAX(D9:D104) -> 74.84 | E107: =MAX(E9:E104) -> 9.6 | F107: =MAX(F9:F104) -> 8.78 | G107: =MAX(G9:G104) -> 198.46 | H107: =MAX(H9:H104) -> 102.43 | I107: =MAX(I9:I104) -> 9.73 | ... Q107: =MAX(Q9:Q104) -> 11.24
A108: Avg | B108: =AVERAGE(B9:B104) -> 21.340937 | C108: =AVERAGE(C9:C104) -> 51.407812 | D108: =AVERAGE(D9:D104) -> 42.59625 | E108: =AVERAGE(E9:E104) -> 6.9527083 | F108: =AVERAGE(F9:F104) -> 4.6890625 | G108: =AVERAGE(G9:G104) -> 131.52292 | H108: =AVERAGE(H9:H104) -> 66.287812 | I108: =AVERAGE(I9:I104) -> 6.9217708 | ... Q108: =AVERAGE(Q9:Q104) -> 10.682187
A109: Stdev | B109: =STDEV(B9:B104) -> 17.692632 | C109: =STDEV(C9:C104) -> 6.558053 | D109: =STDEV(D9:D104) -> 14.880185 | E109: =STDEV(E9:E104) -> 1.009073 | F109: =STDEV(F9:F104) -> 1.141778 | G109: =STDEV(G9:G104) -> 26.282558 | H109: =STDEV(H9:H104) -> 14.579453 | I109: =STDEV(I9:I104) -> 1.1935573 | ... Q109: =STDEV(Q9:Q104) -> 0.24034713
