Workbook

Sheet 01
A1: Station: | B1: BHATAGAON RAIPUR
A2: Date: | B2: =$A$9 -> 01/10/2025 01:00 | D2: Power Off | G2: Pw.Off | L2: Link Fail | N2: Link F | P2: Maintenance | R2: Maint.
A3: Report Type: | B3: Mean | D3: Calibration | G3: Calib. | L3: Data Fail | N3: Data F | P3: Invalid | R3: Invalid
A4: Time Base: | B4: 01 Hour | D4: Zero Referrence | G4: Z.Ref | L4: Warm Up | N4: Wm. Up
A7: Date & Time | B7: NO_BHATAGAON | C7: NO2__BHATAGAON | D7: NOX_BHATAGAON | E7: SO2__BHATAGAON | F7: O3__BHATAGAON | G7: PM10__BHATAGAON | H7: PM2_5__BHATAGAON | I7: BENZ__BHATAGAON | J7: WS__BHATAGAON | K7: WD__BHATAGAON | L7: TEMP__BHATAGAON | M7: HUM__BHATAGAON | N7: SR__BHATAGAON | O7: RG__BHATAGAON | P7: CO__BHATAGAON | Q7: NH3__BHATAGAON
B8: ug/m3 | C8: ug/m3 | D8: ppb | E8: ug/m3 | F8: ug/m3 | G8: mg/m3 | H8: ug/m3 | I8: ug/m3 | J8: m/sec | K8: deg | L8: degreC | M8: % | N8: w/m2 | O8: mm | P8: ug/m3 | Q8: ug/m3
A9: 01/10/2025 01:00 | B9: 10.17 | C9: 12.25 | D9: 13.48 | E9: 4.19 | F9: 17.11 | G9: 59.86 | H9: 6.59 | I9: 4.13 | J9: 0.29 | K9: 325.81 | L9: 23.75 | M9: 98.22 | N9: 54.2 | O9: 0 | P9: 0.71 | Q9: 9.24
A10: 01/10/2025 02:00 | B10: 7.81 | C10: 9.68 | D10: 10.45 | E10: 3.95 | F10: 14.24 | G10: 42.26 | H10: 7.74 | I10: 3.82 | J10: 0.13 | K10: 250.37 | L10: 23.61 | M10: 98.13 | N10: 54.4 | O10: 0 | P10: 0.46 | Q10: 9.18
A11: 01/10/2025 03:00 | B11: 7.13 | C11: 7.62 | D11: 9.49 | E11: 4.4 | F11: 263.9 | G11: 26.59 | H11: 7.38 | I11: 3.51 | J11: 0.11 | K11: 222.39 | L11: 23.68 | M11: 98.3 | N11: 54.9 | O11: 0 | P11: 0.44 | Q11: 9.2
A12: 01/10/2025 04:00 | B12: 6.74 | C12: 7.55 | D12: 9.35 | E12: 4.05 | F12: 23.61 | G12: 19.51 | H12: 8.82 | I12: 3.26 | J12: 0.2 | K12: 284.61 | L12: 23.66 | M12: 98.3 | N12: 54.6 | O12: 0 | P12: 0.3 | Q12: 9.19
A13: 01/10/2025 05:00 | B13: 7.35 | C13: 9.2 | D13: 10.7 | E13: 4.44 | F13: 292.25 | G13: 14.45 | H13: 7.33 | I13: 3.14 | J13: 0.07 | K13: 341.38 | L13: 23.53 | M13: 98.3 | N13: 54.6 | O13: 0 | P13: 0.32 | Q13: 9.16
A14: 01/10/2025 06:00 | B14: 9.21 | C14: 11.04 | D14: 12.4 | E14: 4.08 | F14: 347.62 | G14: 14.94 | H14: 6.29 | I14: 2.81 | J14: 0.08 | K14: 317.04 | L14: 23.51 | M14: 98.31 | N14: 60.5 | O14: 0 | P14: 0.36 | Q14: 9.1
A15: 01/10/2025 07:00 | B15: 13.41 | C15: 9.88 | D15: 14.65 | E15: 3.88 | F15: 10.59 | G15: 22.64 | H15: 6.2 | I15: 2.49 | J15: 0.19 | K15: 310.19 | L15: 24.74 | M15: 98.34 | N15: 174.6 | O15: 0 | P15: 0.4 | Q15: 9.12
A16: 01/10/2025 08:00 | B16: 14.3 | C16: 8.36 | D16: 15.29 | E16: 4.28 | F16: 8.61 | G16: 17.42 | H16: 10.19 | I16: 2.42 | J16: 0.35 | K16: 321.17 | L16: 29.17 | M16: 98.29 | N16: 430.2 | O16: 0 | P16: 0.53 | Q16: 9.2
A17: 01/10/2025 09:00 | B17: 17.95 | C17: 13.59 | D17: 19.75 | E17: 4.5 | F17: 10.97 | G17: 27.7 | H17: 8.29 | I17: 2.33 | J17: 0.72 | K17: 338.23 | L17: 34.24 | M17: 89.32 | N17: 688.8 | O17: 0 | P17: 0.56 | Q17: 9.21
A18: 01/10/2025 10:00 | B18: 18.34 | C18: 19.32 | D18: 24.8 | E18: 4.45 | F18: 14.04 | G18: 39.99 | H18: 6.96 | I18: 2.29 | J18: 0.59 | K18: 359.72 | L18: 34.51 | M18: 67.63 | N18: 794 | O18: 0 | P18: 0.61 | Q18: 9.18
A19: 01/10/2025 11:00 | B19: 12.3 | C19: 21.37 | D19: 19.01 | E19: 4.75 | F19: 22.36 | G19: 50.21 | H19: 6.03 | I19: 2.11 | J19: 0.31 | K19: 329.16 | L19: 32.52 | M19: 76.1 | N19: 811.9 | O19: 0 | P19: 0.66 | Q19: 9.18
A20: 01/10/2025 12:00 | B20: 11.65 | C20: 24.9 | D20: 20.08 | E20: 4.68 | F20: 16.36 | G20: 48.82 | H20: 8.61 | I20: 1.96 | J20: 0.55 | K20: 323.92 | L20: 31.38 | M20: 94.33 | N20: 158.6 | O20: 0 | P20: 0.65 | Q20: 9.17
... A32: 01/10/2025 24:00 | B32: 28.69 | C32: 19.26 | D32: 27.99 | E32: 6.5 | F32: 10.51 | G32: 61.64 | H32: 11.97 | I32: 2.82 | J32: 0.11 | K32: 338.77 | L32: 23.48 | M32: 98.22 | N32: 49 | O32: 0 | P32: 1.11 | Q32: 9.49
A34: Min | B34: =MIN(B9:B32) -> 6.74 | C34: =MIN(C9:C32) -> 7.55 | D34: =MIN(D9:D32) -> 9.35 | E34: =MIN(E9:E32) -> 3.88 | F34: =MIN(F9:F32) -> 8.61 | G34: =MIN(G9:G32) -> 14.45 | H34: =MIN(H9:H32) -> 6.03 | I34: =MIN(I9:I32) -> 1.63 | ... Q34: =MIN(Q9:Q32) -> 9.1
A35: Max | B35: =MAX(B9:B32) -> 34.69 | C35: =MAX(C9:C32) -> 25.34 | D35: =MAX(D9:D32) -> 36.91 | E35: =MAX(E9:E32) -> 6.66 | F35: =MAX(F9:F32) -> 347.62 | G35: =MAX(G9:G32) -> 62.13 | H35: =MAX(H9:H32) -> 12.64 | I35: =MAX(I9:I32) -> 4.13 | ... Q35: =MAX(Q9:Q32) -> 9.49
A36: Avg | B36: =AVERAGE(B9:B32) -> 16.922917 | C36: =AVERAGE(C9:C32) -> 14.96 | D36: =AVERAGE(D9:D32) -> 19.92 | E36: =AVERAGE(E9:E32) -> 5.10625 | F36: =AVERAGE(F9:F32) -> 51.955 | G36: =AVERAGE(G9:G32) -> 40.157917 | H36: =AVERAGE(H9:H32) -> 8.575 | I36: =AVERAGE(I9:I32) -> 2.4970833 | ... Q36: =AVERAGE(Q9:Q32) -> 9.24125
A37: Stdev | B37: =STDEV(B9:B32) -> 8.7230591 | C37: =STDEV(C9:C32) -> 6.0449361 | D37: =STDEV(D9:D32) -> 8.1191866 | E37: =STDEV(E9:E32) -> 1.0207662 | F37: =STDEV(F9:F32) -> 98.094694 | G37: =STDEV(G9:G32) -> 15.134547 | H37: =STDEV(H9:H32) -> 2.0159645 | I37: =STDEV(I9:I32) -> 0.6730623 | ... Q37: =STDEV(Q9:Q32) -> 0.12127269
A38: Num | B38: =COUNT(B9:B32) -> 24 | C38: =COUNT(C9:C32) -> 24 | D38: =COUNT(D9:D32) -> 24 | E38: =COUNT(E9:E32) -> 24 | F38: =COUNT(F9:F32) -> 24 | G38: =COUNT(G9:G32) -> 24 | H38: =COUNT(H9:H32) -> 24 | I38: =COUNT(I9:I32) -> 24 | ... Q38: =COUNT(Q9:Q32) -> 24
A39: DCR | B39: =IF(B38>=22,">90%",IF(B38<=22,"<90%")) -> >90% | C39: =IF(C38>=22,">90%",IF(C38<=22,"<90%")) -> >90% | D39: =IF(D38>=22,">90%",IF(D38<=22,"<90%")) -> >90% | E39: =IF(E38>=22,">90%",IF(E38<=22,"<90%")) -> >90% | F39: =IF(F38>=22,">90%",IF(F38<=22,"<90%")) -> >90% | G39: =IF(G38>=22,">90%",IF(G38<=22,"<90%")) -> >90% | H39: =IF(H38>=22,">90%",IF(H38<=22,"<90%")) -> >90% | I39: =IF(I38>=22,">90%",IF(I38<=22,"<90%")) -> >90% | ... Q39: =IF(Q38>=22,">90%",IF(Q38<=22,"<90%")) -> >90%
A40: Status | B40: =IF(B38>=22,"OK",IF(B38<=22,"LESS")) -> OK | C40: =IF(C38>=22,"OK",IF(C38<=22,"LESS")) -> OK | D40: =IF(D38>=22,"OK",IF(D38<=22,"LESS")) -> OK | E40: =IF(E38>=22,"OK",IF(E38<=22,"LESS")) -> OK | F40: =IF(F38>=22,"OK",IF(F38<=22,"LESS")) -> OK | G40: =IF(G38>=22,"OK",IF(G38<=22,"LESS")) -> OK | H40: =IF(H38>=22,"OK",IF(H38<=22,"LESS")) -> OK | I40: =IF(I38>=22,"OK",IF(I38<=22,"LESS")) -> OK | ... Q40: =IF(Q38>=22,"OK",IF(Q38<=22,"LESS")) -> OK
A43: Done by | B43: RAHUL
A45: Comment

Sheet 02
A1: Station: | B1: BHATAGAON RAIPUR
A2: Date: | B2: =$A$9 -> 02/10/2025 01:00 | D2: Power Off | G2: Pw.Off | L2: Link Fail | N2: Link F | P2: Maintenance | R2: Maint.
A3: Report Type: | B3: Mean | D3: Calibration | G3: Calib. | L3: Data Fail | N3: Data F | P3: Invalid | R3: Invalid
A4: Time Base: | B4: 01 Hour | D4: Zero Referrence | G4: Z.Ref | L4: Warm Up | N4: Wm. Up
A7: Date & Time | B7: NO_BHATAGAON | C7: NO2__BHATAGAON | D7: NOX_BHATAGAON | E7: SO2__BHATAGAON | F7: O3__BHATAGAON | G7: PM10__BHATAGAON | H7: PM2_5__BHATAGAON | I7: BENZ__BHATAGAON | J7: WS__BHATAGAON | K7: WD__BHATAGAON | L7: TEMP__BHATAGAON | M7: HUM__BHATAGAON | N7: SR__BHATAGAON | O7: RG__BHATAGAON | P7: CO__BHATAGAON | Q7: NH3__BHATAGAON
B8: ug/m3 | C8: ug/m3 | D8: ppb | E8: ug/m3 | F8: ug/m3 | G8: mg/m3 | H8: ug/m3 | I8: ug/m3 | J8: m/sec | K8: deg | L8: degreC | M8: % | N8: w/m2 | O8: mm | P8: ug/m3 | Q8: ug/m3
A9: 02/10/2025 01:00 | B9: 20.95 | C9: 19.64 | D9: 22.91 | E9: 4.64 | F9: 11.56 | G9: 71.24 | H9: 11.11 | I9: 2.98 | J9: 0.48 | K9: 339.47 | L9: 23.26 | M9: 98.14 | N9: 49.3 | O9: 0 | P9: 1.04 | Q9: 9.51
A10: 02/10/2025 02:00 | B10: 18.27 | C10: 14.38 | D10: 20.79 | E10: 4.52 | F10: 7.54 | G10: 75.03 | H10: 9.21 | I10: 3.05 | J10: 0.46 | K10: 346.51 | L10: 22.98 | M10: 98.15 | N10: 49.5 | O10: 0 | P10: 0.76 | Q10: 9.52
A11: 02/10/2025 03:00 | B11: 20.39 | C11: 13.7 | D11: 20.09 | E11: 4.51 | F11: 6.6 | G11: 78.61 | H11: 7.6 | I11: 3.03 | J11: 0.24 | K11: 357.04 | L11: 22.68 | M11: 98.24 | N11: 49.7 | O11: 0 | P11: 0.82 | Q11: 9.49
A12: 02/10/2025 04:00 | B12: 20.17 | C12: 9.34 | D12: 19.19 | E12: 4.24 | F12: 9.61 | G12: 78.27 | H12: 12.08 | I12: 2.96 | J12: 0.53 | K12: 342.84 | L12: 22.75 | M12: 98.28 | N12: 49.9 | O12: 0 | P12: 0.81 | Q12: 9.44
A13: 02/10/2025 05:00 | B13: 20.99 | C13: 11.75 | D13: 21.76 | E13: 3.98 | F13: 7.18 | G13: 81.23 | H13: 10.71 | I13: 2.93 | J13: 0.2 | K13: 346.42 | L13: 22.65 | M13: 98.48 | N13: 50.1 | O13: 0 | P13: 0.66 | Q13: 9.39
A14: 02/10/2025 06:00 | B14: 21.9 | C14: 10.36 | D14: 21.73 | E14: 4.25 | F14: 9.31 | G14: 80.7 | H14: 8.65 | I14: 2.85 | J14: 0.12 | K14: 359.69 | L14: 22.52 | M14: 98.48 | N14: 52.8 | O14: 0 | P14: 0.7 | Q14: 9.42
A15: 02/10/2025 07:00 | B15: 26.36 | C15: 10.7 | D15: 26.63 | E15: 4.29 | F15: 7.89 | G15: 76.96 | H15: 7.21 | I15: 2.67 | J15: 0.69 | K15: 339.79 | L15: 23.86 | M15: 98.4 | N15: 146.6 | O15: 0 | P15: 0.69 | Q15: 9.43
A16: 02/10/2025 08:00 | B16: 23.75 | C16: 10.21 | D16: 24.36 | E16: 4.74 | F16: 10.39 | G16: 72.24 | H16: 11.3 | I16: 2.61 | J16: 1.18 | K16: 338.96 | L16: 25.08 | M16: 98.32 | N16: 173.8 | O16: 0 | P16: 0.75 | Q16: 9.4
A17: 02/10/2025 09:00 | B17: 24.64 | C17: 12.66 | D17: 24.76 | E17: 4.94 | F17: 10.74 | G17: 79.65 | H17: 10 | I17: 2.43 | J17: 0.7 | K17: 339.74 | L17: 26.71 | M17: 98.35 | N17: 391.9 | O17: 0 | P17: 0.72 | Q17: 9.42
A18: 02/10/2025 10:00 | B18: 23.8 | C18: 13.19 | D18: 25.98 | E18: 6.16 | F18: 9.27 | G18: 85.87 | H18: 8.15 | I18: 2.37 | J18: 1.27 | K18: 339.15 | L18: 29.75 | M18: 91.94 | N18: 541 | O18: 0 | P18: 0.66 | Q18: 9.46
A19: 02/10/2025 11:00 | B19: 26.09 | C19: 11.69 | D19: 26.43 | E19: 8.49 | F19: 9.86 | G19: 79.19 | H19: 6.86 | I19: 2.19 | J19: 1.26 | K19: 338.99 | L19: 30.92 | M19: 79.95 | N19: 633.2 | O19: 0 | P19: 0.56 | Q19: 9.48
A20: 02/10/2025 12:00 | B20: 22.26 | C20: 12.41 | D20: 24.34 | E20: 10.91 | F20: 24.64 | G20: 69.89 | H20: 6.54 | I20: 2.01 | J20: 1.57 | K20: 337.74 | L20: 31.02 | M20: 80.15 | N20: 454.1 | O20: 0 | P20: 0.58 | Q20: 9.47
... A32: 02/10/2025 24:00 | B32: 14.4 | C32: 8.42 | D32: 15.78 | E32: 5.95 | F32: 10.99 | G32: 44.61 | H32: 9.06 | I32: 2.24 | J32: 0.41 | K32: 333 | L32: 22.78 | M32: 99.06 | N32: 60.4 | O32: 0 | P32: 0.67 | Q32: 9.34
A34: Min | B34: =MIN(B9:B32) -> 13.18 | C34: =MIN(C9:C32) -> 8.42 | D34: =MIN(D9:D32) -> 15.78 | E34: =MIN(E9:E32) -> 3.98 | F34: =MIN(F9:F32) -> 6.6 | G34: =MIN(G9:G32) -> 44.61 | H34: =MIN(H9:H32) -> 6.12 | I34: =MIN(I9:I32) -> 1.56 | ... Q34: =MIN(Q9:Q32) -> 9.17
A35: Max | B35: =MAX(B9:B32) -> 31.63 | C35: =MAX(C9:C32) -> 22.45 | D35: =MAX(D9:D32) -> 28.91 | E35: =MAX(E9:E32) -> 10.91 | F35: =MAX(F9:F32) -> 650.69 | G35: =MAX(G9:G32) -> 85.87 | H35: =MAX(H9:H32) -> 12.08 | I35: =MAX(I9:I32) -> 3.05 | ... Q35: =MAX(Q9:Q32) -> 9.52
A36: Avg | B36: =AVERAGE(B9:B32) -> 20.600417 | C36: =AVERAGE(C9:C32) -> 13.290417 | D36: =AVERAGE(D9:D32) -> 22.479583 | E36: =AVERAGE(E9:E32) -> 6.30875 | F36: =AVERAGE(F9:F32) -> 61.305 | G36: =AVERAGE(G9:G32) -> 71.351667 | H36: =AVERAGE(H9:H32) -> 8.65 | I36: =AVERAGE(I9:I32) -> 2.30875 | ... Q36: =AVERAGE(Q9:Q32) -> 9.36875
A37: Stdev | B37: =STDEV(B9:B32) -> 4.2555483 | C37: =STDEV(C9:C32) -> 3.3196955 | D37: =STDEV(D9:D32) -> 3.4423153 | E37: =STDEV(E9:E32) -> 1.7961101 | F37: =STDEV(F9:F32) -> 170.81491 | G37: =STDEV(G9:G32) -> 9.0592728 | H37: =STDEV(H9:H32) -> 1.6272676 | I37: =STDEV(I9:I32) -> 0.50280355 | ... Q37: =STDEV(Q9:Q32) -> 0.10165211
A38: Num | B38: =COUNT(B9:B32) -> 24 | C38: =COUNT(C9:C32) -> 24 | D38: =COUNT(D9:D32) -> 24 | E38: =COUNT(E9:E32) -> 24 | F38: =COUNT(F9:F32) -> 24 | G38: =COUNT(G9:G32) -> 24 | H38: =COUNT(H9:H32) -> 24 | I38: =COUNT(I9:I32) -> 24 | ... Q38: =COUNT(Q9:Q32) -> 24
A39: DCR | B39: =IF(B38>=22,">90%",IF(B38<=22,"<90%")) -> >90% | C39: =IF(C38>=22,">90%",IF(C38<=22,"<90%")) -> >90% | D39: =IF(D38>=22,">90%",IF(D38<=22,"<90%")) -> >90% | E39: =IF(E38>=22,">90%",IF(E38<=22,"<90%")) -> >90% | F39: =IF(F38>=22,">90%",IF(F38<=22,"<90%")) -> >90% | G39: =IF(G38>=22,">90%",IF(G38<=22,"<90%")) -> >90% | H39: =IF(H38>=22,">90%",IF(H38<=22,"<90%")) -> >90% | I39: =IF(I38>=22,">90%",IF(I38<=22,"<90%")) -> >90% | ... Q39: =IF(Q38>=22,">90%",IF(Q38<=22,"<90%")) -> >90%
A40: Status | B40: =IF(B38>=22,"OK",IF(B38<=22,"LESS")) -> OK | C40: =IF(C38>=22,"OK",IF(C38<=22,"LESS")) -> OK | D40: =IF(D38>=22,"OK",IF(D38<=22,"LESS")) -> OK | E40: =IF(E38>=22,"OK",IF(E38<=22,"LESS")) -> OK | F40: =IF(F38>=22,"OK",IF(F38<=22,"LESS")) -> OK | G40: =IF(G38>=22,"OK",IF(G38<=22,"LESS")) -> OK | H40: =IF(H38>=22,"OK",IF(H38<=22,"LESS")) -> OK | I40: =IF(I38>=22,"OK",IF(I38<=22,"LESS")) -> OK | ... Q40: =IF(Q38>=22,"OK",IF(Q38<=22,"LESS")) -> OK
A43: Done by | B43: RAHUL
A45: Comment

Sheet 03
A1: Station: | B1: BHATAGAON RAIPUR
A2: Date: | B2: =$A$9 -> 03/10/2025 01:00 | D2: Power Off | G2: Pw.Off | L2: Link Fail | N2: Link F | P2: Maintenance | R2: Maint.
A3: Report Type: | B3: Mean | D3: Calibration | G3: Calib. | L3: Data Fail | N3: Data F | P3: Invalid | R3: Invalid
A4: Time Base: | B4: 01 Hour | D4: Zero Referrence | G4: Z.Ref | L4: Warm Up | N4: Wm. Up
A7: Date & Time | B7: NO_BHATAGAON | C7: NO2__BHATAGAON | D7: NOX_BHATAGAON | E7: SO2__BHATAGAON | F7: O3__BHATAGAON | G7: PM10__BHATAGAON | H7: PM2_5__BHATAGAON | I7: BENZ__BHATAGAON | J7: WS__BHATAGAON | K7: WD__BHATAGAON | L7: TEMP__BHATAGAON | M7: HUM__BHATAGAON | N7: SR__BHATAGAON | O7: RG__BHATAGAON | P7: CO__BHATAGAON | Q7: NH3__BHATAGAON
B8: ug/m3 | C8: ug/m3 | D8: ppb | E8: ug/m3 | F8: ug/m3 | G8: mg/m3 | H8: ug/m3 | I8: ug/m3 | J8: m/sec | K8: deg | L8: degreC | M8: % | N8: w/m2 | O8: mm | P8: ug/m3 | Q8: ug/m3
A9: 03/10/2025 01:00 | B9: 14.85 | C9: 8.89 | D9: 16.56 | E9: 5.5 | F9: 9.95 | G9: 37.7 | H9: 7.5 | I9: 2.12 | J9: 0.77 | K9: 339.96 | L9: 22.75 | M9: 98.65 | N9: 60.7 | O9: 0 | P9: 0.65 | Q9: 9.33
A10: 03/10/2025 02:00 | B10: 12.82 | C10: 10.74 | D10: 14.88 | E10: 5.49 | F10: 8.87 | G10: 33.64 | H10: 6.4 | I10: 1.96 | J10: 1.2 | K10: 339.01 | L10: 22.55 | M10: 98.65 | N10: 61.9 | O10: 0.4 | P10: 0.63 | Q10: 9.26
A11: 03/10/2025 03:00 | B11: 12.27 | C11: 7.61 | D11: 13.63 | E11: 5.32 | F11: 9.83 | G11: 22.16 | H11: 5.69 | I11: 1.83 | J11: 1.37 | K11: 337.76 | L11: 22.37 | M11: 98.56 | N11: 62.9 | O11: 0.4 | P11: 0.59 | Q11: 9.2
A12: 03/10/2025 04:00 | B12: 11.2 | C12: 8.71 | D12: 12.72 | E12: 5.34 | F12: 9.5 | G12: 817.9 | H12: 10.02 | I12: 1.64 | J12: 1.29 | K12: 338.4 | L12: 22.21 | M12: 98.57 | N12: 62.8 | O12: 0 | P12: 0.53 | Q12: 9.18
A13: 03/10/2025 05:00 | B13: 10.82 | C13: 7.61 | D13: 12.65 | E13: 5.52 | F13: 8.96 | G13: 71.39 | H13: 8.17 | I13: 1.6 | J13: 1.21 | K13: 338.32 | L13: 22.13 | M13: 98.55 | N13: 62.7 | O13: 0 | P13: 0.46 | Q13: 9.17
A14: 03/10/2025 06:00 | B14: 10.69 | C14: 6.84 | D14: 12 | E14: 5.2 | F14: 9.17 | G14: 30.47 | H14: 6.87 | I14: 1.52 | J14: 1.31 | K14: 339.19 | L14: 22.33 | M14: 98.5 | N14: 64.1 | O14: 0 | P14: 0.41 | Q14: 9.17
A15: 03/10/2025 07:00 | B15: 12.8 | C15: 8.64 | D15: 14.56 | E15: 5.33 | F15: 8.64 | G15: 38.27 | H15: 5.97 | I15: 1.46 | J15: 1 | K15: 339.09 | L15: 22.66 | M15: 98.51 | N15: 90.6 | O15: 0 | P15: 0.42 | Q15: 9.13
A16: 03/10/2025 08:00 | B16: 14.77 | C16: 8.15 | D16: 16.1 | E16: 5.4 | F16: 8.38 | G16: 36.22 | H16: 10.66 | I16: 1.51 | J16: 0.78 | K16: 337.51 | L16: 22.78 | M16: 98.45 | N16: 92.3 | O16: 0 | P16: 0.47 | Q16: 9.18
A17: 03/10/2025 09:00 | B17: 14.71 | C17: 7.03 | D17: 15.2 | E17: 4.76 | F17: 8.09 | G17: 45.78 | H17: 8.62 | I17: 1.5 | J17: 1.19 | K17: 336.76 | L17: 23.47 | M17: 98.42 | N17: 178.3 | O17: 0 | P17: 0.48 | Q17: 9.24
A18: 03/10/2025 10:00 | B18: 15.22 | C18: 8.54 | D18: 16.46 | E18: 5.13 | F18: 8.2 | G18: 28.08 | H18: 7.19 | I18: 1.49 | J18: 1.14 | K18: 335.54 | L18: 23.68 | M18: 98.46 | N18: 163.4 | O18: 0 | P18: 0.54 | Q18: 9.25
A19: 03/10/2025 11:00 | B19: 19 | C19: 9.57 | D19: 20.22 | E19: 4.86 | F19: 16.11 | G19: 27.97 | H19: 6.19 | I19: 1.56 | J19: 0.98 | K19: 342.89 | L19: 24.55 | M19: 98.1 | N19: 297.9 | O19: 0 | P19: 0.74 | Q19: 9.23
A20: 03/10/2025 12:00 | B20: 23.21 | C20: 9.37 | D20: 23.35 | E20: 4.81 | F20: 9.7 | G20: 12.62 | H20: 12.21 | I20: 1.65 | J20: 1.33 | K20: 336.86 | L20: 27.55 | M20: 97.98 | N20: 447 | O20: 0 | P20: 0.74 | Q20: 9.27
... A32: 03/10/2025 24:00 | B32: 12.22 | C32: 8.23 | D32: 13.21 | E32: 5.47 | F32: 10.48 | G32: 10.27 | H32: 11.17 | I32: 1.64 | J32: 0.29 | K32: 283.53 | L32: 23.23 | M32: 98.15 | N32: 44.1 | O32: 0 | P32: 0.53 | Q32: 9.18
A34: Min | B34: =MIN(B9:B32) -> 10.06 | C34: =MIN(C9:C32) -> 6.84 | D34: =MIN(D9:D32) -> 12 | E34: =MIN(E9:E32) -> 4.76 | F34: =MIN(F9:F32) -> 7.92 | G34: =MIN(G9:G32) -> 4.01 | H34: =MIN(H9:H32) -> 5.69 | I34: =MIN(I9:I32) -> 1.09 | ... Q34: =MIN(Q9:Q32) -> 9.08
A35: Max | B35: =MAX(B9:B32) -> 23.21 | C35: =MAX(C9:C32) -> 19.59 | D35: =MAX(D9:D32) -> 24.64 | E35: =MAX(E9:E32) -> 5.55 | F35: =MAX(F9:F32) -> 395.77 | G35: =MAX(G9:G32) -> 817.9 | H35: =MAX(H9:H32) -> 12.91 | I35: =MAX(I9:I32) -> 2.12 | ... Q35: =MAX(Q9:Q32) -> 9.33
A36: Avg | B36: =AVERAGE(B9:B32) -> 14.025833 | C36: =AVERAGE(C9:C32) -> 10.819583 | D36: =AVERAGE(D9:D32) -> 16.51875 | E36: =AVERAGE(E9:E32) -> 5.22375 | F36: =AVERAGE(F9:F32) -> 37.699583 | G36: =AVERAGE(G9:G32) -> 61.881667 | H36: =AVERAGE(H9:H32) -> 8.2404167 | I36: =AVERAGE(I9:I32) -> 1.5270833 | ... Q36: =AVERAGE(Q9:Q32) -> 9.1908333
A37: Stdev | B37: =STDEV(B9:B32) -> 3.5688896 | C37: =STDEV(C9:C32) -> 3.7402656 | D37: =STDEV(D9:D32) -> 3.3057188 | E37: =STDEV(E9:E32) -> 0.26106492 | F37: =STDEV(F9:F32) -> 94.347392 | G37: =STDEV(G9:G32) -> 161.80483 | H37: =STDEV(H9:H32) -> 2.0731335 | I37: =STDEV(I9:I32) -> 0.23294857 | ... Q37: =STDEV(Q9:Q32) -> 0.065336365
A38: Num | B38: =COUNT(B9:B32) -> 24 | C38: =COUNT(C9:C32) -> 24 | D38: =COUNT(D9:D32) -> 24 | E38: =COUNT(E9:E32) -> 24 | F38: =COUNT(F9:F32) -> 24 | G38: =COUNT(G9:G32) -> 24 | H38: =COUNT(H9:H32) -> 24 | I38: =COUNT(I9:I32) -> 24 | ... Q38: =COUNT(Q9:Q32) -> 24
A39: DCR | B39: =IF(B38>=22,">90%",IF(B38<=22,"<90%")) -> >90% | C39: =IF(C38>=22,">90%",IF(C38<=22,"<90%")) -> >90% | D39: =IF(D38>=22,">90%",IF(D38<=22,"<90%")) -> >90% | E39: =IF(E38>=22,">90%",IF(E38<=22,"<90%")) -> >90% | F39: =IF(F38>=22,">90%",IF(F38<=22,"<90%")) -> >90% | G39: =IF(G38>=22,">90%",IF(G38<=22,"<90%")) -> >90% | H39: =IF(H38>=22,">90%",IF(H38<=22,"<90%")) -> >90% | I39: =IF(I38>=22,">90%",IF(I38<=22,"<90%")) -> >90% | ... Q39: =IF(Q38>=22,">90%",IF(Q38<=22,"<90%")) -> >90%
A40: Status | B40: =IF(B38>=22,"OK",IF(B38<=22,"LESS")) -> OK | C40: =IF(C38>=22,"OK",IF(C38<=22,"LESS")) -> OK | D40: =IF(D38>=22,"OK",IF(D38<=22,"LESS")) -> OK | E40: =IF(E38>=22,"OK",IF(E38<=22,"LESS")) -> OK | F40: =IF(F38>=22,"OK",IF(F38<=22,"LESS")) -> OK | G40: =IF(G38>=22,"OK",IF(G38<=22,"LESS")) -> OK | H40: =IF(H38>=22,"OK",IF(H38<=22,"LESS")) -> OK | I40: =IF(I38>=22,"OK",IF(I38<=22,"LESS")) -> OK | ... Q40: =IF(Q38>=22,"OK",IF(Q38<=22,"LESS")) -> OK
A43: Done by | B43: RAHUL
A45: Comment

Sheet 04
A1: Station: | B1: BHATAGAON RAIPUR
A2: Date: | B2: =$A$9 -> 04/10/2025 01:00 | D2: Power Off | G2: Pw.Off | L2: Link Fail | N2: Link F | P2: Maintenance | R2: Maint.
A3: Report Type: | B3: Mean | D3: Calibration | G3: Calib. | L3: Data Fail | N3: Data F | P3: Invalid | R3: Invalid
A4: Time Base: | B4: 01 Hour | D4: Zero Referrence | G4: Z.Ref | L4: Warm Up | N4: Wm. Up
A7: Date & Time | B7: NO_BHATAGAON | C7: NO2__BHATAGAON | D7: NOX_BHATAGAON | E7: SO2__BHATAGAON | F7: O3__BHATAGAON | G7: PM10__BHATAGAON | H7: PM2_5__BHATAGAON | I7: BENZ__BHATAGAON | J7: WS__BHATAGAON | K7: WD__BHATAGAON | L7: TEMP__BHATAGAON | M7: HUM__BHATAGAON | N7: SR__BHATAGAON | O7: RG__BHATAGAON | P7: CO__BHATAGAON | Q7: NH3__BHATAGAON
B8: ug/m3 | C8: ug/m3 | D8: ppb | E8: ug/m3 | F8: ug/m3 | G8: mg/m3 | H8: ug/m3 | I8: ug/m3 | J8: m/sec | K8: deg | L8: degreC | M8: % | N8: w/m2 | O8: mm | P8: ug/m3 | Q8: ug/m3
A9: 04/10/2025 01:00 | B9: 11.6 | C9: 5.74 | D9: 12.02 | E9: 4.92 | F9: 9.13 | G9: 13.43 | H9: 10.04 | I9: 1.52 | J9: 0.12 | K9: 310.8 | L9: 23.39 | M9: 98.15 | N9: 44.5 | O9: 0 | P9: 0.48 | Q9: 9.15
A10: 04/10/2025 02:00 | B10: 10.55 | C10: 6.4 | D10: 11.42 | E10: 4.78 | F10: 11.24 | G10: 15.52 | H10: 8.77 | I10: 1.37 | J10: 0.15 | K10: 301.52 | L10: 23.33 | M10: 98.15 | N10: 44.5 | O10: 0 | P10: 0.44 | Q10: 9.1
A11: 04/10/2025 03:00 | B11: 9.05 | C11: 6.41 | D11: 10.56 | E11: 5.03 | F11: 12.62 | G11: 11.01 | H11: 7.3 | I11: 1.31 | J11: 0.15 | K11: 297.25 | L11: 22.94 | M11: 98.15 | N11: 44.6 | O11: 0 | P11: 0.4 | Q11: 9.09
A12: 04/10/2025 04:00 | B12: 7.97 | C12: 6.4 | D12: 9.71 | E12: 4.95 | F12: 8.78 | G12: 5.3 | H12: 7.63 | I12: 1.35 | J12: 0.13 | K12: 300.7 | L12: 22.67 | M12: 98.17 | N12: 44.5 | O12: 0 | P12: 0.33 | Q12: 9.07
A13: 04/10/2025 05:00 | B13: 7.98 | C13: 6.44 | D13: 9.77 | E13: 4.84 | F13: 21.43 | G13: 2.53 | H13: 6.49 | I13: 1.28 | J13: 0.12 | K13: 314.84 | L13: 22.61 | M13: 98.19 | N13: 44.5 | O13: 0 | P13: 0.33 | Q13: 9.04
A14: 04/10/2025 06:00 | B14: 7.86 | C14: 6.41 | D14: 9.55 | E14: 4.78 | F14: 8.73 | G14: 6.12 | H14: 5.75 | I14: 1.17 | J14: 0.14 | K14: 308.48 | L14: 22.65 | M14: 98.23 | N14: 47.6 | O14: 0 | P14: 0.29 | Q14: 9.02
A15: 04/10/2025 07:00 | B15: 7.77 | C15: 7.22 | D15: 9.99 | E15: 4.72 | F15: 8.13 | G15: 11.03 | H15: 5.26 | I15: 1.07 | J15: 0.16 | K15: 295.16 | L15: 22.84 | M15: 98.22 | N15: 75.9 | O15: 0 | P15: 0.27 | Q15: 9.04
A16: 04/10/2025 08:00 | B16: 8.6 | C16: 7.69 | D16: 10.91 | E16: 4.57 | F16: 8.15 | G16: 12.75 | H16: 7.39 | I16: 1.09 | J16: 0.18 | K16: 304.65 | L16: 23.84 | M16: 98.2 | N16: 161.7 | O16: 0 | P16: 0.36 | Q16: 9.06
A17: 04/10/2025 09:00 | B17: 8.75 | C17: 7.39 | D17: 10.8 | E17: 3.47 | F17: 10.06 | G17: 18.25 | H17: 6.61 | I17: 1.36 | J17: 0.19 | K17: 297.3 | L17: 26.23 | M17: 98.1 | N17: 359.5 | O17: 0 | P17: 0.4 | Q17: 9.06
A18: 04/10/2025 10:00 | B18: 10.15 | C18: 7.62 | D18: 12.1 | E18: 3.35 | F18: 9.25 | G18: 23.92 | H18: 6.06 | I18: 1.67 | J18: 0.24 | K18: 293.89 | L18: 29.08 | M18: 97.98 | N18: 785.5 | O18: 0 | P18: 0.46 | Q18: 9.05
A19: 04/10/2025 11:00 | B19: 9.89 | C19: 10.55 | D19: 13.28 | E19: 3.62 | F19: 9.09 | G19: 34.3 | H19: 5.91 | I19: 1.85 | J19: 0.43 | K19: 311.37 | L19: 30.12 | M19: 92.53 | N19: 617.6 | O19: 0 | P19: 0.53 | Q19: 9.06
A20: 04/10/2025 12:00 | B20: 9.72 | C20: 10.47 | D20: 13.27 | E20: 3.49 | F20: 9.09 | G20: 28.26 | H20: 7.13 | I20: 1.85 | J20: 0.32 | K20: 298.98 | L20: 29.05 | M20: 97.47 | N20: 501.4 | O20: 0 | P20: 0.56 | Q20: 9.08
... A32: 04/10/2025 24:00 | B32: 9.26 | C32: 7.47 | D32: 11.01 | E32: 4.45 | F32: 39.21 | G32: 24.61 | H32: 11.1 | I32: 1.35 | J32: 0.15 | K32: 173.85 | L32: 23.2 | M32: 98.13 | N32: 40.4 | O32: 0 | P32: 0.35 | Q32: 9.11
A34: Min | B34: =MIN(B9:B32) -> 7.77 | C34: =MIN(C9:C32) -> 5.74 | D34: =MIN(D9:D32) -> 9.55 | E34: =MIN(E9:E32) -> 3.35 | F34: =MIN(F9:F32) -> 8.13 | G34: =MIN(G9:G32) -> 2.53 | H34: =MIN(H9:H32) -> 5.26 | I34: =MIN(I9:I32) -> 1.07 | ... Q34: =MIN(Q9:Q32) -> 9.02
A35: Max | B35: =MAX(B9:B32) -> 14.65 | C35: =MAX(C9:C32) -> 15.02 | D35: =MAX(D9:D32) -> 18.28 | E35: =MAX(E9:E32) -> 5.13 | F35: =MAX(F9:F32) -> 39.21 | G35: =MAX(G9:G32) -> 36.73 | H35: =MAX(H9:H32) -> 11.31 | I35: =MAX(I9:I32) -> 1.86 | ... Q35: =MAX(Q9:Q32) -> 9.15
A36: Avg | B36: =AVERAGE(B9:B32) -> 10.289167 | C36: =AVERAGE(C9:C32) -> 9.255 | D36: =AVERAGE(D9:D32) -> 12.842083 | E36: =AVERAGE(E9:E32) -> 4.4204167 | F36: =AVERAGE(F9:F32) -> 11.8 | G36: =AVERAGE(G9:G32) -> 22.274167 | H36: =AVERAGE(H9:H32) -> 7.3608333 | I36: =AVERAGE(I9:I32) -> 1.4941667 | ... Q36: =AVERAGE(Q9:Q32) -> 9.08375
A37: Stdev | B37: =STDEV(B9:B32) -> 1.9350742 | C37: =STDEV(C9:C32) -> 2.6934349 | D37: =STDEV(D9:D32) -> 2.491256 | E37: =STDEV(E9:E32) -> 0.61317761 | F37: =STDEV(F9:F32) -> 6.4572864 | G37: =STDEV(G9:G32) -> 10.316115 | H37: =STDEV(H9:H32) -> 1.6636077 | I37: =STDEV(I9:I32) -> 0.22852869 | ... Q37: =STDEV(Q9:Q32) -> 0.037971671
A38: Num | B38: =COUNT(B9:B32) -> 24 | C38: =COUNT(C9:C32) -> 24 | D38: =COUNT(D9:D32) -> 24 | E38: =COUNT(E9:E32) -> 24 | F38: =COUNT(F9:F32) -> 24 | G38: =COUNT(G9:G32) -> 24 | H38: =COUNT(H9:H32) -> 24 | I38: =COUNT(I9:I32) -> 24 | ... Q38: =COUNT(Q9:Q32) -> 24
A39: DCR | B39: =IF(B38>=22,">90%",IF(B38<=22,"<90%")) -> >90% | C39: =IF(C38>=22,">90%",IF(C38<=22,"<90%")) -> >90% | D39: =IF(D38>=22,">90%",IF(D38<=22,"<90%")) -> >90% | E39: =IF(E38>=22,">90%",IF(E38<=22,"<90%")) -> >90% | F39: =IF(F38>=22,">90%",IF(F38<=22,"<90%")) -> >90% | G39: =IF(G38>=22,">90%",IF(G38<=22,"<90%")) -> >90% | H39: =IF(H38>=22,">90%",IF(H38<=22,"<90%")) -> >90% | I39: =IF(I38>=22,">90%",IF(I38<=22,"<90%")) -> >90% | ... Q39: =IF(Q38>=22,">90%",IF(Q38<=22,"<90%")) -> >90%
A40: Status | B40: =IF(B38>=22,"OK",IF(B38<=22,"LESS")) -> OK | C40: =IF(C38>=22,"OK",IF(C38<=22,"LESS")) -> OK | D40: =IF(D38>=22,"OK",IF(D38<=22,"LESS")) -> OK | E40: =IF(E38>=22,"OK",IF(E38<=22,"LESS")) -> OK | F40: =IF(F38>=22,"OK",IF(F38<=22,"LESS")) -> OK | G40: =IF(G38>=22,"OK",IF(G38<=22,"LESS")) -> OK | H40: =IF(H38>=22,"OK",IF(H38<=22,"LESS")) -> OK | I40: =IF(I38>=22,"OK",IF(I38<=22,"LESS")) -> OK | ... Q40: =IF(Q38>=22,"OK",IF(Q38<=22,"LESS")) -> OK
A43: Done by | B43: RAHUL
A45: Comment

Sheet 05
A1: Station: | B1: BHATAGAON RAIPUR
A2: Date: | B2: =$A$9 -> 05/10/2025 01:00 | D2: Power Off | G2: Pw.Off | L2: Link Fail | N2: Link F | P2: Maintenance | R2: Maint.
A3: Report Type: | B3: Mean | D3: Calibration | G3: Calib. | L3: Data Fail | N3: Data F | P3: Invalid | R3: Invalid
A4: Time Base: | B4: 01 Hour | D4: Zero Referrence | G4: Z.Ref | L4: Warm Up | N4: Wm. Up
A7: Date & Time | B7: NO_BHATAGAON | C7: NO2__BHATAGAON | D7: NOX_BHATAGAON | E7: SO2__BHATAGAON | F7: O3__BHATAGAON | G7: PM10__BHATAGAON | H7: PM2_5__BHATAGAON | I7: BENZ__BHATAGAON | J7: WS__BHATAGAON | K7: WD__BHATAGAON | L7: TEMP__BHATAGAON | M7: HUM__BHATAGAON | N7: SR__BHATAGAON | O7: RG__BHATAGAON | P7: CO__BHATAGAON | Q7: NH3__BHATAGAON
B8: ug/m3 | C8: ug/m3 | D8: ppb | E8: ug/m3 | F8: ug/m3 | G8: mg/m3 | H8: ug/m3 | I8: ug/m3 | J8: m/sec | K8: deg | L8: degreC | M8: % | N8: w/m2 | O8: mm | P8: ug/m3 | Q8: ug/m3
A9: 05/10/2025 01:00 | B9: 8.26 | C9: 7.73 | D9: 10.52 | E9: 4.41 | F9: 10.98 | G9: 21.76 | H9: 9.01 | I9: 1.38 | J9: 0.19 | K9: 184.96 | L9: 22.86 | M9: 98.13 | N9: 40.4 | O9: 0 | P9: 0.29 | Q9: 9.14
A10: 05/10/2025 02:00 | B10: 9.35 | C10: 5.61 | D10: 10.13 | E10: 4.48 | F10: 12.21 | G10: 19.93 | H10: 7.46 | I10: 1.36 | J10: 0.08 | K10: 267.96 | L10: 22.66 | M10: 98.13 | N10: 40.4 | O10: 0 | P10: 0.29 | Q10: 9.13
A11: 05/10/2025 03:00 | B11: 9.07 | C11: 5.38 | D11: 10.04 | E11: 4.53 | F11: 9.51 | G11: 20.84 | H11: 6.38 | I11: 1.33 | J11: 0.12 | K11: 311.29 | L11: 22.67 | M11: 98.13 | N11: 40.4 | O11: 0 | P11: 0.29 | Q11: 9.09
A12: 05/10/2025 04:00 | B12: 9.31 | C12: 5.56 | D12: 10.18 | E12: 4.32 | F12: 10.02 | G12: 15.01 | H12: 10.95 | I12: 1.26 | J12: 0.1 | K12: 295.26 | L12: 22.64 | M12: 98.13 | N12: 40.4 | O12: 0 | P12: 0.28 | Q12: 9.07
A13: 05/10/2025 05:00 | B13: 8.94 | C13: 6.76 | D13: 10.49 | E13: 4.16 | F13: 11.63 | G13: 15.78 | H13: 8.82 | I13: 1.19 | J13: 0.11 | K13: 254.94 | L13: 22.5 | M13: 98.15 | N13: 40.4 | O13: 0 | P13: 0.24 | Q13: 9.08
A14: 05/10/2025 06:00 | B14: 10.81 | C14: 8.11 | D14: 12.91 | E14: 4.51 | F14: 12.24 | G14: 13.81 | H14: 7.33 | I14: 1.13 | J14: 0.1 | K14: 306.97 | L14: 22.72 | M14: 98.17 | N14: 42.4 | O14: 0 | P14: 0.27 | Q14: 9.11
A15: 05/10/2025 07:00 | B15: 11.8 | C15: 6.55 | D15: 12.89 | E15: 4.49 | F15: 11.93 | G15: 18.05 | H15: 6.28 | I15: 1.12 | J15: 0.12 | K15: 310.98 | L15: 23.21 | M15: 98.17 | N15: 73.4 | O15: 0 | P15: 0.29 | Q15: 9.11
A16: 05/10/2025 08:00 | B16: 11.65 | C16: 5.95 | D16: 12.45 | E16: 4.59 | F16: 9.94 | G16: 20.38 | H16: 10.72 | I16: 1.12 | J16: 0.14 | K16: 296.22 | L16: 25.28 | M16: 98 | N16: 257.7 | O16: 0 | P16: 0.38 | Q16: 9.09
A17: 05/10/2025 09:00 | B17: 12.38 | C17: 7.08 | D17: 13.62 | E17: 3.56 | F17: 9.54 | G17: 25.07 | H17: 8.66 | I17: 1.32 | J17: 0.19 | K17: 294.1 | L17: 26.5 | M17: 97.91 | N17: 289.6 | O17: 0 | P17: 0.48 | Q17: 9.11
A18: 05/10/2025 10:00 | B18: 11.55 | C18: 10.96 | D18: 14.52 | E18: 3.88 | F18: 10.12 | G18: 38.01 | H18: 7.22 | I18: 1.91 | J18: 0.17 | K18: 286.27 | L18: 28.21 | M18: 97.9 | N18: 467.8 | O18: 0 | P18: 0.61 | Q18: 9.14
A19: 05/10/2025 11:00 | B19: 12.25 | C19: 13.43 | D19: 16.4 | E19: 4.24 | F19: 11.98 | G19: 45.21 | H19: 6.21 | I19: 2.18 | J19: 0.21 | K19: 275.66 | L19: 28.6 | M19: 97.83 | N19: 457 | O19: 0 | P19: 0.63 | Q19: 9.13
A20: 05/10/2025 12:00 | B20: 16.84 | C20: 12.61 | D20: 20.08 | E20: 4.03 | F20: 14.42 | G20: 42.41 | H20: 10.34 | I20: 2.22 | J20: 0.61 | K20: 334.35 | L20: 28.35 | M20: 98.15 | N20: 685.2 | O20: 0.8 | P20: 0.66 | Q20: 9.1
... A32: 05/10/2025 24:00 | B32: 14.1 | C32: 5.62 | D32: 14.24 | E32: 5.03 | F32: 11.5 | G32: 24.66 | H32: 11.17 | I32: 1.87 | J32: 0.1 | K32: 331.62 | L32: 22.28 | M32: 98.12 | N32: 46.3 | O32: 0 | P32: 0.51 | Q32: 9.21
A34: Min | B34: =MIN(B9:B32) -> 8.26 | C34: =MIN(C9:C32) -> 5.38 | D34: =MIN(D9:D32) -> 10.04 | E34: =MIN(E9:E32) -> 3.56 | F34: =MIN(F9:F32) -> 9.51 | G34: =MIN(G9:G32) -> 13.81 | H34: =MIN(H9:H32) -> 6.21 | I34: =MIN(I9:I32) -> 1.12 | ... Q34: =MIN(Q9:Q32) -> 9.06
A35: Max | B35: =MAX(B9:B32) -> 23.88 | C35: =MAX(C9:C32) -> 17.84 | D35: =MAX(D9:D32) -> 23.88 | E35: =MAX(E9:E32) -> 5.43 | F35: =MAX(F9:F32) -> 16.19 | G35: =MAX(G9:G32) -> 45.21 | H35: =MAX(H9:H32) -> 12.71 | I35: =MAX(I9:I32) -> 2.22 | ... Q35: =MAX(Q9:Q32) -> 9.26
A36: Avg | B36: =AVERAGE(B9:B32) -> 12.895 | C36: =AVERAGE(C9:C32) -> 10.00875 | D36: =AVERAGE(D9:D32) -> 15.293333 | E36: =AVERAGE(E9:E32) -> 4.5583333 | F36: =AVERAGE(F9:F32) -> 11.734583 | G36: =AVERAGE(G9:G32) -> 26.012083 | H36: =AVERAGE(H9:H32) -> 8.99625 | I36: =AVERAGE(I9:I32) -> 1.6625 | ... Q36: =AVERAGE(Q9:Q32) -> 9.1245833
A37: Stdev | B37: =STDEV(B9:B32) -> 4.4205626 | C37: =STDEV(C9:C32) -> 3.851769 | D37: =STDEV(D9:D32) -> 4.2257715 | E37: =STDEV(E9:E32) -> 0.52157509 | F37: =STDEV(F9:F32) -> 2.0336367 | G37: =STDEV(G9:G32) -> 10.385586 | H37: =STDEV(H9:H32) -> 2.0181671 | I37: =STDEV(I9:I32) -> 0.36624119 | ... Q37: =STDEV(Q9:Q32) -> 0.057632959
A38: Num | B38: =COUNT(B9:B32) -> 24 | C38: =COUNT(C9:C32) -> 24 | D38: =COUNT(D9:D32) -> 24 | E38: =COUNT(E9:E32) -> 24 | F38: =COUNT(F9:F32) -> 24 | G38: =COUNT(G9:G32) -> 24 | H38: =COUNT(H9:H32) -> 24 | I38: =COUNT(I9:I32) -> 24 | ... Q38: =COUNT(Q9:Q32) -> 24
A39: DCR | B39: =IF(B38>=22,">90%",IF(B38<=22,"<90%")) -> >90% | C39: =IF(C38>=22,">90%",IF(C38<=22,"<90%")) -> >90% | D39: =IF(D38>=22,">90%",IF(D38<=22,"<90%")) -> >90% | E39: =IF(E38>=22,">90%",IF(E38<=22,"<90%")) -> >90% | F39: =IF(F38>=22,">90%",IF(F38<=22,"<90%")) -> >90% | G39: =IF(G38>=22,">90%",IF(G38<=22,"<90%")) -> >90% | H39: =IF(H38>=22,">90%",IF(H38<=22,"<90%")) -> >90% | I39: =IF(I38>=22,">90%",IF(I38<=22,"<90%")) -> >90% | ... Q39: =IF(Q38>=22,">90%",IF(Q38<=22,"<90%")) -> >90%
A40: Status | B40: =IF(B38>=22,"OK",IF(B38<=22,"LESS")) -> OK | C40: =IF(C38>=22,"OK",IF(C38<=22,"LESS")) -> OK | D40: =IF(D38>=22,"OK",IF(D38<=22,"LESS")) -> OK | E40: =IF(E38>=22,"OK",IF(E38<=22,"LESS")) -> OK | F40: =IF(F38>=22,"OK",IF(F38<=22,"LESS")) -> OK | G40: =IF(G38>=22,"OK",IF(G38<=22,"LESS")) -> OK | H40: =IF(H38>=22,"OK",IF(H38<=22,"LESS")) -> OK | I40: =IF(I38>=22,"OK",IF(I38<=22,"LESS")) -> OK | ... Q40: =IF(Q38>=22,"OK",IF(Q38<=22,"LESS")) -> OK
A43: Done by | B43: RAHUL
A45: Comment

Sheet 06
A1: Station: | B1: BHATAGAON RAIPUR
A2: Date: | B2: =$A$9 -> 06/10/2025 01:00 | D2: Power Off | G2: Pw.Off | L2: Link Fail | N2: Link F | P2: Maintenance | R2: Maint.
A3: Report Type: | B3: Mean | D3: Calibration | G3: Calib. | L3: Data Fail | N3: Data F | P3: Invalid | R3: Invalid
A4: Time Base: | B4: 01 Hour | D4: Zero Referrence | G4: Z.Ref | L4: Warm Up | N4: Wm. Up
A7: Date & Time | B7: NO_BHATAGAON | C7: NO2__BHATAGAON | D7: NOX_BHATAGAON | E7: SO2__BHATAGAON | F7: O3__BHATAGAON | G7: PM10__BHATAGAON | H7: PM2_5__BHATAGAON | I7: BENZ__BHATAGAON | J7: WS__BHATAGAON | K7: WD__BHATAGAON | L7: TEMP__BHATAGAON | M7: HUM__BHATAGAON | N7: SR__BHATAGAON | O7: RG__BHATAGAON | P7: CO__BHATAGAON | Q7: NH3__BHATAGAON
B8: ug/m3 | C8: ug/m3 | D8: ppb | E8: ug/m3 | F8: ug/m3 | G8: mg/m3 | H8: ug/m3 | I8: ug/m3 | J8: m/sec | K8: deg | L8: degreC | M8: % | N8: w/m2 | O8: mm | P8: ug/m3 | Q8: ug/m3
A9: 06/10/2025 01:00 | B9: 14.16 | C9: 7.29 | D9: 13.87 | E9: 4.33 | F9: 10.6 | G9: 20.29 | H9: 10.97 | I9: 1.74 | J9: 0.35 | K9: 326.72 | L9: 22.05 | M9: 98.17 | N9: 46.3 | O9: 0 | P9: 0.52 | Q9: 9.19
A10: 06/10/2025 02:00 | B10: 10.67 | C10: 7.88 | D10: 12.5 | E10: 4.18 | F10: 11.6 | G10: 15.47 | H10: 9.3 | I10: 1.63 | J10: 0.14 | K10: 208.84 | L10: 21.97 | M10: 98.18 | N10: 46.4 | O10: 0 | P10: 0.4 | Q10: 9.2
A11: 06/10/2025 03:00 | B11: 12.45 | C11: 5.02 | D11: 12.22 | E11: 4.36 | F11: 11 | G11: 11.61 | H11: 7.67 | I11: 1.59 | J11: 0.32 | K11: 144.31 | L11: 21.76 | M11: 98.2 | N11: 46.9 | O11: 0 | P11: 0.43 | Q11: 9.19
A12: 06/10/2025 04:00 | B12: 12.02 | C12: 4.8 | D12: 11.9 | E12: 4.27 | F12: 4.8 | G12: 8.17 | H12: 9.07 | I12: 1.53 | J12: 0.39 | K12: 130.04 | L12: 21.57 | M12: 98.2 | N12: 46.6 | O12: 0 | P12: 0.39 | Q12: 9.13
A13: 06/10/2025 05:00 | B13: 11.24 | C13: 5.37 | D13: 11.78 | E13: 4.21 | F13: 11.7 | G13: 5.72 | H13: 8.59 | I13: 1.45 | J13: 0.05 | K13: 247.21 | L13: 21.43 | M13: 98.18 | N13: 46.3 | O13: 0 | P13: 0.38 | Q13: 9.11
A14: 06/10/2025 06:00 | B14: 12.03 | C14: 7.26 | D14: 13.19 | E14: 4.34 | F14: 10.02 | G14: 6.18 | H14: 7.17 | I14: 1.42 | J14: 0.14 | K14: 293.53 | L14: 21.57 | M14: 98.23 | N14: 47.2 | O14: 0 | P14: 0.33 | Q14: 9.12
A15: 06/10/2025 07:00 | B15: 18.3 | C15: 7.78 | D15: 17.92 | E15: 4.44 | F15: 11.63 | G15: 7.47 | H15: 6.17 | I15: 1.35 | J15: 0.12 | K15: 326.88 | L15: 21.87 | M15: 98.24 | N15: 65.8 | O15: 0 | P15: 0.38 | Q15: 9.17
A16: 06/10/2025 08:00 | B16: 15.19 | C16: 6.09 | D16: 15.36 | E16: 4.69 | F16: 12.24 | G16: 5.54 | H16: 5.98 | I16: 1.35 | J16: 0.1 | K16: 326.42 | L16: 22.4 | M16: 98.22 | N16: 98.3 | O16: 0 | P16: 0.39 | Q16: 9.17
A17: 06/10/2025 09:00 | B17: 15.17 | C17: 7.18 | D17: 15.71 | E17: 4.8 | F17: 11.93 | G17: 8.62 | H17: 5.58 | I17: 1.38 | J17: 0.09 | K17: 299.06 | L17: 23.23 | M17: 98.21 | N17: 139.7 | O17: 0 | P17: 0.56 | Q17: 9.19
A18: 06/10/2025 10:00 | B18: 14.9 | C18: 7.37 | D18: 15.06 | E18: 4.54 | F18: 9.94 | G18: 21.06 | H18: 5.27 | I18: 1.85 | J18: 0.11 | K18: 278.12 | L18: 23.87 | M18: 98.2 | N18: 177.4 | O18: 0 | P18: 0.63 | Q18: 9.19
A19: 06/10/2025 11:00 | B19: 16.88 | C19: 9.9 | D19: 17.38 | E19: 4.99 | F19: 9.54 | G19: 35.61 | H19: 4.96 | I19: 2.53 | J19: 0.14 | K19: 278.83 | L19: 25.2 | M19: 98.17 | N19: 229.3 | O19: 0 | P19: 0.66 | Q19: 9.21
A20: 06/10/2025 12:00 | B20: 16.05 | C20: 9.59 | D20: 17.27 | E20: 4.72 | F20: 10.12 | G20: 37.57 | H20: 7.39 | I20: 2.53 | J20: 0.44 | K20: 313.71 | L20: 25.81 | M20: 98.07 | N20: 426.7 | O20: 0 | P20: 0.65 | Q20: 9.22
... A32: 06/10/2025 24:00 | B32: 21.49 | C32: 8.3 | D32: 20.55 | E32: 4.84 | F32: 11.8 | G32: 30.56 | H32: 7.63 | I32: 2.79 | J32: 0.2 | K32: 325.26 | L32: 21.68 | M32: 98.23 | N32: 44.1 | O32: 0 | P32: 0.95 | Q32: 9.35
A34: Min | B34: =MIN(B9:B32) -> 10.67 | C34: =MIN(C9:C32) -> 4.8 | D34: =MIN(D9:D32) -> 11.78 | E34: =MIN(E9:E32) -> 4.14 | F34: =MIN(F9:F32) -> 4.8 | G34: =MIN(G9:G32) -> 5.54 | H34: =MIN(H9:H32) -> 4.96 | I34: =MIN(I9:I32) -> 1.35 | ... Q34: =MIN(Q9:Q32) -> 9.08
A35: Max | B35: =MAX(B9:B32) -> 38.79 | C35: =MAX(C9:C32) -> 18.08 | D35: =MAX(D9:D32) -> 37.44 | E35: =MAX(E9:E32) -> 5.15 | F35: =MAX(F9:F32) -> 15.9 | G35: =MAX(G9:G32) -> 55.56 | H35: =MAX(H9:H32) -> 10.97 | I35: =MAX(I9:I32) -> 2.79 | ... Q35: =MAX(Q9:Q32) -> 9.35
A36: Avg | B36: =AVERAGE(B9:B32) -> 16.390417 | C36: =AVERAGE(C9:C32) -> 9.9025 | D36: =AVERAGE(D9:D32) -> 17.71375 | E36: =AVERAGE(E9:E32) -> 4.57125 | F36: =AVERAGE(F9:F32) -> 11.78 | G36: =AVERAGE(G9:G32) -> 26.969167 | H36: =AVERAGE(H9:H32) -> 7.4208333 | I36: =AVERAGE(I9:I32) -> 2.11375 | ... Q36: =AVERAGE(Q9:Q32) -> 9.1891667
A37: Stdev | B37: =STDEV(B9:B32) -> 6.1390797 | C37: =STDEV(C9:C32) -> 3.6910576 | D37: =STDEV(D9:D32) -> 5.4750984 | E37: =STDEV(E9:E32) -> 0.31519921 | F37: =STDEV(F9:F32) -> 2.1914319 | G37: =STDEV(G9:G32) -> 16.58709 | H37: =STDEV(H9:H32) -> 1.5183484 | I37: =STDEV(I9:I32) -> 0.52860614 | ... Q37: =STDEV(Q9:Q32) -> 0.064868876
A38: Num | B38: =COUNT(B9:B32) -> 24 | C38: =COUNT(C9:C32) -> 24 | D38: =COUNT(D9:D32) -> 24 | E38: =COUNT(E9:E32) -> 24 | F38: =COUNT(F9:F32) -> 24 | G38: =COUNT(G9:G32) -> 24 | H38: =COUNT(H9:H32) -> 24 | I38: =COUNT(I9:I32) -> 24 | ... Q38: =COUNT(Q9:Q32) -> 24
A39: DCR | B39: =IF(B38>=22,">90%",IF(B38<=22,"<90%")) -> >90% | C39: =IF(C38>=22,">90%",IF(C38<=22,"<90%")) -> >90% | D39: =IF(D38>=22,">90%",IF(D38<=22,"<90%")) -> >90% | E39: =IF(E38>=22,">90%",IF(E38<=22,"<90%")) -> >90% | F39: =IF(F38>=22,">90%",IF(F38<=22,"<90%")) -> >90% | G39: =IF(G38>=22,">90%",IF(G38<=22,"<90%")) -> >90% | H39: =IF(H38>=22,">90%",IF(H38<=22,"<90%")) -> >90% | I39: =IF(I38>=22,">90%",IF(I38<=22,"<90%")) -> >90% | ... Q39: =IF(Q38>=22,">90%",IF(Q38<=22,"<90%")) -> >90%
A40: Status | B40: =IF(B38>=22,"OK",IF(B38<=22,"LESS")) -> OK | C40: =IF(C38>=22,"OK",IF(C38<=22,"LESS")) -> OK | D40: =IF(D38>=22,"OK",IF(D38<=22,"LESS")) -> OK | E40: =IF(E38>=22,"OK",IF(E38<=22,"LESS")) -> OK | F40: =IF(F38>=22,"OK",IF(F38<=22,"LESS")) -> OK | G40: =IF(G38>=22,"OK",IF(G38<=22,"LESS")) -> OK | H40: =IF(H38>=22,"OK",IF(H38<=22,"LESS")) -> OK | I40: =IF(I38>=22,"OK",IF(I38<=22,"LESS")) -> OK | ... Q40: =IF(Q38>=22,"OK",IF(Q38<=22,"LESS")) -> OK
A43: Done by | B43: RAHUL
A45: Comment

Sheet 07
A1: Station: | B1: BHATAGAON RAIPUR
A2: Date: | B2: =$A$9 -> 07/10/2025 01:00 | D2: Power Off | G2: Pw.Off | L2: Link Fail | N2: Link F | P2: Maintenance | R2: Maint.
A3: Report Type: | B3: Mean | D3: Calibration | G3: Calib. | L3: Data Fail | N3: Data F | P3: Invalid | R3: Invalid
A4: Time Base: | B4: 01 Hour | D4: Zero Referrence | G4: Z.Ref | L4: Warm Up | N4: Wm. Up
A7: Date & Time | B7: NO_BHATAGAON | C7: NO2__BHATAGAON | D7: NOX_BHATAGAON | E7: SO2__BHATAGAON | F7: O3__BHATAGAON | G7: PM10__BHATAGAON | H7: PM2_5__BHATAGAON | I7: BENZ__BHATAGAON | J7: WS__BHATAGAON | K7: WD__BHATAGAON | L7: TEMP__BHATAGAON | M7: HUM__BHATAGAON | N7: SR__BHATAGAON | O7: RG__BHATAGAON | P7: CO__BHATAGAON | Q7: NH3__BHATAGAON
B8: ug/m3 | C8: ug/m3 | D8: ppb | E8: ug/m3 | F8: ug/m3 | G8: mg/m3 | H8: ug/m3 | I8: ug/m3 | J8: m/sec | K8: deg | L8: degreC | M8: % | N8: w/m2 | O8: mm | P8: ug/m3 | Q8: ug/m3
A9: 07/10/2025 01:00 | B9: 18.9 | C9: 5.9 | D9: 16.81 | E9: 5.36 | F9: 4.9 | G9: 27.1 | H9: 6.8 | I9: 2.86 | J9: 0.17 | K9: 331.06 | L9: 21.58 | M9: 98.25 | N9: 44.1 | O9: 0 | P9: 0.88 | Q9: 9.35
A10: 07/10/2025 02:00 | B10: 18.55 | C10: 5.61 | D10: 16.62 | E10: 5.33 | F10: 5.1 | G10: 33.64 | H10: 6.21 | I10: 2.93 | J10: 0.52 | K10: 330.27 | L10: 21.82 | M10: 98.24 | N10: 44.4 | O10: 0 | P10: 0.87 | Q10: 9.3
A11: 07/10/2025 03:00 | B11: 15.8 | C11: 8.31 | D11: 15.94 | E11: 5.5 | F11: 4.3 | G11: 31.87 | H11: 5.89 | I11: 2.99 | J11: 0.1 | K11: 325.25 | L11: 21.84 | M11: 98.21 | N11: 44.4 | O11: 0 | P11: 0.78 | Q11: 9.27
A12: 07/10/2025 04:00 | B12: 16.18 | C12: 8.84 | D12: 15.2 | E12: 5.24 | F12: 9.4 | G12: 24.13 | H12: 8.14 | I12: 2.94 | J12: 0.07 | K12: 299.92 | L12: 21.81 | M12: 98.25 | N12: 44.5 | O12: 0 | P12: 0.77 | Q12: 9.26
A13: 07/10/2025 05:00 | B13: 16.25 | C13: 10.3 | D13: 17.79 | E13: 5.51 | F13: 8.4 | G13: 27.46 | H13: 7.24 | I13: 2.81 | J13: 0.14 | K13: 344.39 | L13: 21.85 | M13: 98.3 | N13: 44.4 | O13: 0 | P13: 0.71 | Q13: 9.26
A14: 07/10/2025 06:00 | B14: 19.24 | C14: 10.42 | D14: 19.52 | E14: 5.58 | F14: 5.6 | G14: 33.55 | H14: 6.36 | I14: 2.87 | J14: 0.09 | K14: 353.37 | L14: 21.86 | M14: 98.32 | N14: 46.7 | O14: 0 | P14: 0.72 | Q14: 9.25
A15: 07/10/2025 07:00 | B15: 20.63 | C15: 5.45 | D15: 19.39 | E15: 5.47 | F15: 4.36 | G15: 49.34 | H15: 5.58 | I15: 2.97 | J15: 0.18 | K15: 322.23 | L15: 22.58 | M15: 98.33 | N15: 137.8 | O15: 0 | P15: 0.74 | Q15: 9.27
A16: 07/10/2025 08:00 | B16: 20.25 | C16: 6.7 | D16: 19.27 | E16: 5.32 | F16: 4.6 | G16: 46.07 | H16: 8.54 | I16: 3 | J16: 0.11 | K16: 289.93 | L16: 24.39 | M16: 98.25 | N16: 254.9 | O16: 0 | P16: 0.68 | Q16: 9.29
A17: 07/10/2025 09:00 | B17: 19.28 | C17: 7.47 | D17: 18.61 | E17: 5.38 | F17: 14.9 | G17: 44.78 | H17: 7.14 | I17: 3.3 | J17: 0.14 | K17: 284.68 | L17: 24.12 | M17: 98.23 | N17: 247.2 | O17: 0 | P17: 0.79 | Q17: 9.3
A18: 07/10/2025 10:00 | B18: 18.52 | C18: 8.67 | D18: 18.12 | E18: 5.24 | F18: 12 | G18: 61.42 | H18: 6.22 | I18: 3.7 | J18: 0.36 | K18: 177.73 | L18: 24.96 | M18: 98.21 | N18: 457.7 | O18: 0 | P18: 0.71 | Q18: 9.31
A19: 07/10/2025 11:00 | B19: 18.45 | C19: 16.21 | D19: 17.93 | E19: 5.46 | F19: 15.6 | G19: 59.92 | H19: 5.6 | I19: 3.73 | J19: 0.19 | K19: 288.36 | L19: 28.57 | M19: 97.97 | N19: 755.5 | O19: 0 | P19: 0.7 | Q19: 9.28
A20: 07/10/2025 12:00 | B20: 12 | C20: 23.54 | D20: 21.38 | E20: 5.49 | F20: 12.6 | G20: 40.28 | H20: 12.99 | I20: 2.91 | J20: 0.74 | K20: 343.5 | L20: 31 | M20: 88.56 | N20: 849.2 | O20: 0 | P20: 0.5 | Q20: 9.15
... A32: 07/10/2025 24:00 | B32: 9.8 | C32: 14.13 | D32: 15.24 | E32: 4.36 | F32: 27.4 | G32: 54.75 | H32: 7.28 | I32: 2.01 | J32: 0.11 | K32: 309.09 | L32: 23.75 | M32: 98.2 | N32: 46.6 | O32: 0 | P32: 0.49 | Q32: 9.18
A34: Min | B34: =MIN(B9:B32) -> 7.14 | C34: =MIN(C9:C32) -> 5.45 | D34: =MIN(D9:D32) -> 14.6 | E34: =MIN(E9:E32) -> 4.08 | F34: =MIN(F9:F32) -> 2.4 | G34: =MIN(G9:G32) -> 24.13 | H34: =MIN(H9:H32) -> 5.51 | I34: =MIN(I9:I32) -> 1.43 | ... Q34: =MIN(Q9:Q32) -> 9.06
A35: Max | B35: =MAX(B9:B32) -> 42.15 | C35: =MAX(C9:C32) -> 31.69 | D35: =MAX(D9:D32) -> 47.11 | E35: =MAX(E9:E32) -> 6.37 | F35: =MAX(F9:F32) -> 27.4 | G35: =MAX(G9:G32) -> 68.3 | H35: =MAX(H9:H32) -> 13.64 | I35: =MAX(I9:I32) -> 3.73 | ... Q35: =MAX(Q9:Q32) -> 9.35
A36: Avg | B36: =AVERAGE(B9:B32) -> 17.099583 | C36: =AVERAGE(C9:C32) -> 16.83625 | D36: =AVERAGE(D9:D32) -> 21.558333 | E36: =AVERAGE(E9:E32) -> 5.1166667 | F36: =AVERAGE(F9:F32) -> 10.177083 | G36: =AVERAGE(G9:G32) -> 47.825417 | H36: =AVERAGE(H9:H32) -> 7.8075 | I36: =AVERAGE(I9:I32) -> 2.4366667 | ... Q36: =AVERAGE(Q9:Q32) -> 9.2091667
A37: Stdev | B37: =STDEV(B9:B32) -> 6.8546769 | C37: =STDEV(C9:C32) -> 8.8400156 | D37: =STDEV(D9:D32) -> 7.3237705 | E37: =STDEV(E9:E32) -> 0.61743978 | F37: =STDEV(F9:F32) -> 5.5079243 | G37: =STDEV(G9:G32) -> 13.086822 | H37: =STDEV(H9:H32) -> 2.1980589 | I37: =STDEV(I9:I32) -> 0.72132527 | ... Q37: =STDEV(Q9:Q32) -> 0.082668361
A38: Num | B38: =COUNT(B9:B32) -> 24 | C38: =COUNT(C9:C32) -> 24 | D38: =COUNT(D9:D32) -> 24 | E38: =COUNT(E9:E32) -> 24 | F38: =COUNT(F9:F32) -> 24 | G38: =COUNT(G9:G32) -> 24 | H38: =COUNT(H9:H32) -> 24 | I38: =COUNT(I9:I32) -> 24 | ... Q38: =COUNT(Q9:Q32) -> 24
A39: DCR | B39: =IF(B38>=22,">90%",IF(B38<=22,"<90%")) -> >90% | C39: =IF(C38>=22,">90%",IF(C38<=22,"<90%")) -> >90% | D39: =IF(D38>=22,">90%",IF(D38<=22,"<90%")) -> >90% | E39: =IF(E38>=22,">90%",IF(E38<=22,"<90%")) -> >90% | F39: =IF(F38>=22,">90%",IF(F38<=22,"<90%")) -> >90% | G39: =IF(G38>=22,">90%",IF(G38<=22,"<90%")) -> >90% | H39: =IF(H38>=22,">90%",IF(H38<=22,"<90%")) -> >90% | I39: =IF(I38>=22,">90%",IF(I38<=22,"<90%")) -> >90% | ... Q39: =IF(Q38>=22,">90%",IF(Q38<=22,"<90%")) -> >90%
A40: Status | B40: =IF(B38>=22,"OK",IF(B38<=22,"LESS")) -> OK | C40: =IF(C38>=22,"OK",IF(C38<=22,"LESS")) -> OK | D40: =IF(D38>=22,"OK",IF(D38<=22,"LESS")) -> OK | E40: =IF(E38>=22,"OK",IF(E38<=22,"LESS")) -> OK | F40: =IF(F38>=22,"OK",IF(F38<=22,"LESS")) -> OK | G40: =IF(G38>=22,"OK",IF(G38<=22,"LESS")) -> OK | H40: =IF(H38>=22,"OK",IF(H38<=22,"LESS")) -> OK | I40: =IF(I38>=22,"OK",IF(I38<=22,"LESS")) -> OK | ... Q40: =IF(Q38>=22,"OK",IF(Q38<=22,"LESS")) -> OK
A43: Done by | B43: RAHUL
A45: Comment

Sheet 08
A1: Station: | B1: BHATAGAON RAIPUR
A2: Date: | B2: =$A$9 -> 08/10/2025 01:00 | D2: Power Off | G2: Pw.Off | L2: Link Fail | N2: Link F | P2: Maintenance | R2: Maint.
A3: Report Type: | B3: Mean | D3: Calibration | G3: Calib. | L3: Data Fail | N3: Data F | P3: Invalid | R3: Invalid
A4: Time Base: | B4: 01 Hour | D4: Zero Referrence | G4: Z.Ref | L4: Warm Up | N4: Wm. Up
A7: Date & Time | B7: NO_BHATAGAON | C7: NO2__BHATAGAON | D7: NOX_BHATAGAON | E7: SO2__BHATAGAON | F7: O3__BHATAGAON | G7: PM10__BHATAGAON | H7: PM2_5__BHATAGAON | I7: BENZ__BHATAGAON | J7: WS__BHATAGAON | K7: WD__BHATAGAON | L7: TEMP__BHATAGAON | M7: HUM__BHATAGAON | N7: SR__BHATAGAON | O7: RG__BHATAGAON | P7: CO__BHATAGAON | Q7: NH3__BHATAGAON
B8: ug/m3 | C8: ug/m3 | D8: ppb | E8: ug/m3 | F8: ug/m3 | G8: mg/m3 | H8: ug/m3 | I8: ug/m3 | J8: m/sec | K8: deg | L8: degreC | M8: % | N8: w/m2 | O8: mm | P8: ug/m3 | Q8: ug/m3
A9: 08/10/2025 01:00 | B9: 11.56 | C9: 10.89 | D9: 14.96 | E9: 4.16 | F9: 10.03 | G9: 48.15 | H9: 6.53 | I9: 1.95 | J9: 0.08 | K9: 357.78 | L9: 23.51 | M9: 98.2 | N9: 46.7 | O9: 0 | P9: 0.46 | Q9: 9.17
A10: 08/10/2025 02:00 | B10: 9.79 | C10: 8.9 | D10: 12.5 | E10: 4.26 | F10: 11.3 | G10: 44.77 | H10: 5.99 | I10: 1.84 | J10: 0.25 | K10: 356.14 | L10: 23.2 | M10: 98.24 | N10: 46.7 | O10: 0 | P10: 0.41 | Q10: 9.12
A11: 08/10/2025 03:00 | B11: 8.12 | C11: 9.4 | D11: 11.09 | E11: 4.18 | F11: 12.8 | G11: 43.5 | H11: 5.88 | I11: 1.76 | J11: 0.05 | K11: 349.18 | L11: 22.94 | M11: 98.27 | N11: 46.8 | O11: 0 | P11: 0.43 | Q11: 9.1
A12: 08/10/2025 04:00 | B12: 11.35 | C12: 10.09 | D12: 13.52 | E12: 4.29 | F12: 13.6 | G12: 36.37 | H12: 8.25 | I12: 1.83 | J12: 0.53 | K12: 343.1 | L12: 22.81 | M12: 98.35 | N12: 46.7 | O12: 0 | P12: 0.44 | Q12: 9.13
A13: 08/10/2025 05:00 | B13: 13.2 | C13: 9.24 | D13: 14.59 | E13: 4.06 | F13: 12.6 | G13: 44.39 | H13: 7.33 | I13: 1.84 | J13: 0.2 | K13: 322.46 | L13: 22.82 | M13: 98.37 | N13: 46.8 | O13: 0 | P13: 0.47 | Q13: 9.14
A14: 08/10/2025 06:00 | B14: 14.19 | C14: 7.97 | D14: 14.95 | E14: 4.11 | F14: 12.4 | G14: 46.41 | H14: 6.42 | I14: 1.82 | J14: 0.32 | K14: 331 | L14: 22.95 | M14: 98.35 | N14: 50.4 | O14: 0 | P14: 0.47 | Q14: 9.12
A15: 08/10/2025 07:00 | B15: 19.33 | C15: 8.56 | D15: 19.98 | E15: 3.86 | F15: 13.6 | G15: 61.57 | H15: 5.62 | I15: 1.83 | J15: 0.47 | K15: 339.76 | L15: 23.92 | M15: 98.31 | N15: 146.9 | O15: 0 | P15: 0.52 | Q15: 9.17
A16: 08/10/2025 08:00 | B16: 28.37 | C16: 14.19 | D16: 30.02 | E16: 5.51 | F16: 12.2 | G16: 73.13 | H16: 8.65 | I16: 1.89 | J16: 0.71 | K16: 347.24 | L16: 29.78 | M16: 98.11 | N16: 369 | O16: 0 | P16: 0.9 | Q16: 9.27
A17: 08/10/2025 09:00 | B17: 29.46 | C17: 20.5 | D17: 32.42 | E17: 6.46 | F17: 14.6 | G17: 209.82 | H17: 7.21 | I17: 2.03 | J17: 0.31 | K17: 342.46 | L17: 30.39 | M17: 84.92 | N17: 455.2 | O17: 0 | P17: 1.09 | Q17: 9.36
A18: 08/10/2025 10:00 | B18: 22.11 | C18: 32.7 | D18: 34.81 | E18: 6.39 | F18: 15.6 | G18: 250.24 | H18: 6.2 | I18: 2.14 | J18: 0.44 | K18: 353.73 | L18: 29.46 | M18: 89.16 | N18: 458.8 | O18: 0 | P18: 1.27 | Q18: 9.36
A19: 08/10/2025 11:00 | B19: 15.62 | C19: 29.74 | D19: 25.23 | E19: 7.15 | F19: 14.3 | G19: 205.18 | H19: 5.54 | I19: 2.26 | J19: 0.54 | K19: 282.97 | L19: 29.76 | M19: 88.42 | N19: 622.1 | O19: 0 | P19: 1.13 | Q19: 9.35
A20: 08/10/2025 12:00 | B20: 18.58 | C20: 32.74 | D20: 32.01 | E20: 6.79 | F20: 12.6 | G20: 160.65 | H20: 11.01 | I20: 2.32 | J20: 0.71 | K20: 155.58 | L20: 29.33 | M20: 93.64 | N20: 723.9 | O20: 0 | P20: 1.15 | Q20: 9.29
... A32: 08/10/2025 24:00 | B32: 13.38 | C32: 18.35 | D32: 20.31 | E32: 4.46 | F32: 2.47 | G32: 22.67 | H32: 7.25 | I32: 2.32 | J32: 0.29 | K32: 332.51 | L32: 23.92 | M32: 98.02 | N32: 43.9 | O32: 0 | P32: 0.47 | Q32: 9.31
A34: Min | B34: =MIN(B9:B32) -> 6.07 | C34: =MIN(C9:C32) -> 7.97 | D34: =MIN(D9:D32) -> 11.09 | E34: =MIN(E9:E32) -> 3.86 | F34: =MIN(F9:F32) -> 2.47 | G34: =MIN(G9:G32) -> 19.61 | H34: =MIN(H9:H32) -> 5.54 | I34: =MIN(I9:I32) -> 1.31 | ... Q34: =MIN(Q9:Q32) -> 9.07
A35: Max | B35: =MAX(B9:B32) -> 61.61 | C35: =MAX(C9:C32) -> 36.84 | D35: =MAX(D9:D32) -> 66.33 | E35: =MAX(E9:E32) -> 7.68 | F35: =MAX(F9:F32) -> 183.43 | G35: =MAX(G9:G32) -> 250.24 | H35: =MAX(H9:H32) -> 14.15 | I35: =MAX(I9:I32) -> 2.42 | ... Q35: =MAX(Q9:Q32) -> 9.36
A36: Avg | B36: =AVERAGE(B9:B32) -> 21.171667 | C36: =AVERAGE(C9:C32) -> 20.156667 | D36: =AVERAGE(D9:D32) -> 26.819167 | E36: =AVERAGE(E9:E32) -> 5.45375 | F36: =AVERAGE(F9:F32) -> 20.037083 | G36: =AVERAGE(G9:G32) -> 71.336667 | H36: =AVERAGE(H9:H32) -> 8.1716667 | I36: =AVERAGE(I9:I32) -> 2.01375 | ... Q36: =AVERAGE(Q9:Q32) -> 9.225
A37: Stdev | B37: =STDEV(B9:B32) -> 13.580464 | C37: =STDEV(C9:C32) -> 9.3059979 | D37: =STDEV(D9:D32) -> 13.761276 | E37: =STDEV(E9:E32) -> 1.1838949 | F37: =STDEV(F9:F32) -> 36.369439 | G37: =STDEV(G9:G32) -> 68.561169 | H37: =STDEV(H9:H32) -> 2.2367283 | I37: =STDEV(I9:I32) -> 0.31412837 | ... Q37: =STDEV(Q9:Q32) -> 0.10151033
A38: Num | B38: =COUNT(B9:B32) -> 24 | C38: =COUNT(C9:C32) -> 24 | D38: =COUNT(D9:D32) -> 24 | E38: =COUNT(E9:E32) -> 24 | F38: =COUNT(F9:F32) -> 24 | G38: =COUNT(G9:G32) -> 24 | H38: =COUNT(H9:H32) -> 24 | I38: =COUNT(I9:I32) -> 24 | ... Q38: =COUNT(Q9:Q32) -> 24
A39: DCR | B39: =IF(B38>=22,">90%",IF(B38<=22,"<90%")) -> >90% | C39: =IF(C38>=22,">90%",IF(C38<=22,"<90%")) -> >90% | D39: =IF(D38>=22,">90%",IF(D38<=22,"<90%")) -> >90% | E39: =IF(E38>=22,">90%",IF(E38<=22,"<90%")) -> >90% | F39: =IF(F38>=22,">90%",IF(F38<=22,"<90%")) -> >90% | G39: =IF(G38>=22,">90%",IF(G38<=22,"<90%")) -> >90% | H39: =IF(H38>=22,">90%",IF(H38<=22,"<90%")) -> >90% | I39: =IF(I38>=22,">90%",IF(I38<=22,"<90%")) -> >90% | ... Q39: =IF(Q38>=22,">90%",IF(Q38<=22,"<90%")) -> >90%
A40: Status | B40: =IF(B38>=22,"OK",IF(B38<=22,"LESS")) -> OK | C40: =IF(C38>=22,"OK",IF(C38<=22,"LESS")) -> OK | D40: =IF(D38>=22,"OK",IF(D38<=22,"LESS")) -> OK | E40: =IF(E38>=22,"OK",IF(E38<=22,"LESS")) -> OK | F40: =IF(F38>=22,"OK",IF(F38<=22,"LESS")) -> OK | G40: =IF(G38>=22,"OK",IF(G38<=22,"LESS")) -> OK | H40: =IF(H38>=22,"OK",IF(H38<=22,"LESS")) -> OK | I40: =IF(I38>=22,"OK",IF(I38<=22,"LESS")) -> OK | ... Q40: =IF(Q38>=22,"OK",IF(Q38<=22,"LESS")) -> OK
A43: Done by | B43: RAHUL
A45: Comment

Sheet 09
A1: Station: | B1: BHATAGAON RAIPUR
A2: Date: | B2: =$A$9 -> 09/10/2025 01:00 | D2: Power Off | G2: Pw.Off | L2: Link Fail | N2: Link F | P2: Maintenance | R2: Maint.
A3: Report Type: | B3: Mean | D3: Calibration | G3: Calib. | L3: Data Fail | N3: Data F | P3: Invalid | R3: Invalid
A4: Time Base: | B4: 01 Hour | D4: Zero Referrence | G4: Z.Ref | L4: Warm Up | N4: Wm. Up
A7: Date & Time | B7: NO_BHATAGAON | C7: NO2__BHATAGAON | D7: NOX_BHATAGAON | E7: SO2__BHATAGAON | F7: O3__BHATAGAON | G7: PM10__BHATAGAON | H7: PM2_5__BHATAGAON | I7: BENZ__BHATAGAON | J7: WS__BHATAGAON | K7: WD__BHATAGAON | L7: TEMP__BHATAGAON | M7: HUM__BHATAGAON | N7: SR__BHATAGAON | O7: RG__BHATAGAON | P7: CO__BHATAGAON | Q7: NH3__BHATAGAON
B8: ug/m3 | C8: ug/m3 | D8: ppb | E8: ug/m3 | F8: ug/m3 | G8: mg/m3 | H8: ug/m3 | I8: ug/m3 | J8: m/sec | K8: deg | L8: degreC | M8: % | N8: w/m2 | O8: mm | P8: ug/m3 | Q8: ug/m3
A9: 09/10/2025 01:00 | B9: 14.6 | C9: 10.54 | D9: 16.37 | E9: 4.43 | F9: 4.77 | G9: 22.75 | H9: 6.64 | I9: 2.2 | J9: 0.08 | K9: 306.12 | L9: 23.51 | M9: 98.01 | N9: 43.9 | O9: 0 | P9: 0.52 | Q9: 9.29
A10: 09/10/2025 02:00 | B10: 11.3 | C10: 9.11 | D10: 13.64 | E10: 4.34 | F10: 3.71 | G10: 24.27 | H10: 5.86 | I10: 2.08 | J10: 0.26 | K10: 329.94 | L10: 23.35 | M10: 98.02 | N10: 43.8 | O10: 0 | P10: 0.43 | Q10: 9.28
A11: 09/10/2025 03:00 | B11: 11.24 | C11: 8.27 | D11: 12.93 | E11: 4.46 | F11: 3.3 | G11: 12.37 | H11: 5.34 | I11: 2.02 | J11: 0.25 | K11: 322.05 | L11: 23.04 | M11: 98 | N11: 44.1 | O11: 0 | P11: 0.41 | Q11: 9.26
A12: 09/10/2025 04:00 | B12: 15.62 | C12: 7.81 | D12: 16.44 | E12: 4.31 | F12: 3.36 | G12: 11.75 | H12: 9.49 | I12: 1.92 | J12: 0.54 | K12: 343.6 | L12: 22.91 | M12: 98.03 | N12: 44 | O12: 0 | P12: 0.48 | Q12: 9.22
A13: 09/10/2025 05:00 | B13: 14.83 | C13: 7.96 | D13: 15.09 | E13: 4.12 | F13: 4.22 | G13: 23.02 | H13: 8.65 | I13: 1.8 | J13: 0.59 | K13: 342.34 | L13: 22.8 | M13: 98.06 | N13: 43.9 | O13: 0 | P13: 0.43 | Q13: 9.19
A14: 09/10/2025 06:00 | B14: 18.31 | C14: 9.96 | D14: 18.66 | E14: 4.47 | F14: 3.74 | G14: 23.45 | H14: 7.87 | I14: 1.72 | J14: 0.76 | K14: 337.46 | L14: 22.77 | M14: 98.03 | N14: 47.8 | O14: 0 | P14: 0.57 | Q14: 9.25
A15: 09/10/2025 07:00 | B15: 19.97 | C15: 9.85 | D15: 20.29 | E15: 4.73 | F15: 3.45 | G15: 32.16 | H15: 6.66 | I15: 1.77 | J15: 1 | K15: 338.28 | L15: 24.66 | M15: 98.04 | N15: 153.9 | O15: 0 | P15: 0.63 | Q15: 9.28
A16: 09/10/2025 08:00 | B16: 27.18 | C16: 12.18 | D16: 28.13 | E16: 5.28 | F16: 4.36 | G16: 37.42 | H16: 8.58 | I16: 1.82 | J16: 1.01 | K16: 341.57 | L16: 29.66 | M16: 97.83 | N16: 342.8 | O16: 0 | P16: 0.8 | Q16: 9.3
A17: 09/10/2025 09:00 | B17: 26.36 | C17: 14.88 | D17: 28.85 | E17: 6.42 | F17: 6.11 | G17: 49.73 | H17: 9.58 | I17: 1.96 | J17: 1.44 | K17: 340.45 | L17: 32.32 | M17: 79.63 | N17: 549.9 | O17: 0 | P17: 0.79 | Q17: 9.37
A18: 09/10/2025 10:00 | B18: 26.6 | C18: 18 | D18: 30.05 | E18: 7.05 | F18: 8.4 | G18: 52.74 | H18: 8.65 | I18: 2.07 | J18: 0.78 | K18: 337.38 | L18: 33.12 | M18: 76.94 | N18: 637.5 | O18: 0 | P18: 1 | Q18: 9.42
A19: 09/10/2025 11:00 | B19: 24.36 | C19: 24.06 | D19: 29.32 | E19: 7.21 | F19: 10.35 | G19: 50 | H19: 7.21 | I19: 2.15 | J19: 0.81 | K19: 347.55 | L19: 31.13 | M19: 82.85 | N19: 600.5 | O19: 0 | P19: 0.82 | Q19: 9.45
A20: 09/10/2025 12:00 | B20: 17.23 | C20: 18.5 | D20: 23.49 | E20: 6.86 | F20: 16.71 | G20: 43.12 | H20: 8.94 | I20: 2.16 | J20: 0.45 | K20: 137.61 | L20: 29.52 | M20: 87.98 | N20: 424.6 | O20: 0 | P20: 0.68 | Q20: 9.44
... A32: 09/10/2025 24:00 | B32: 12.45 | C32: 15.72 | D32: 15.23 | E32: 5.63 | F32: 3.01 | G32: 20.5 | H32: 8.37 | I32: 1.83 | J32: 0.14 | K32: 253.14 | L32: 22.69 | M32: 98.04 | N32: 41.1 | O32: 0 | P32: 0.65 | Q32: 9.2
A34: Min | B34: =MIN(B9:B32) -> 9.74 | C34: =MIN(C9:C32) -> 7.81 | D34: =MIN(D9:D32) -> 12.93 | E34: =MIN(E9:E32) -> 4.12 | F34: =MIN(F9:F32) -> 2.27 | G34: =MIN(G9:G32) -> 11.75 | H34: =MIN(H9:H32) -> 5.25 | I34: =MIN(I9:I32) -> 1.72 | ... Q34: =MIN(Q9:Q32) -> 9.16
A35: Max | B35: =MAX(B9:B32) -> 28.76 | C35: =MAX(C9:C32) -> 31.41 | D35: =MAX(D9:D32) -> 37.7 | E35: =MAX(E9:E32) -> 7.9 | F35: =MAX(F9:F32) -> 16.71 | G35: =MAX(G9:G32) -> 52.74 | H35: =MAX(H9:H32) -> 10.49 | I35: =MAX(I9:I32) -> 2.2 | ... Q35: =MAX(Q9:Q32) -> 9.45
A36: Avg | B36: =AVERAGE(B9:B32) -> 18.035417 | C36: =AVERAGE(C9:C32) -> 17.15375 | D36: =AVERAGE(D9:D32) -> 22.6325 | E36: =AVERAGE(E9:E32) -> 5.7970833 | F36: =AVERAGE(F9:F32) -> 7.52875 | G36: =AVERAGE(G9:G32) -> 31.596667 | H36: =AVERAGE(H9:H32) -> 7.76125 | I36: =AVERAGE(I9:I32) -> 1.9583333 | ... Q36: =AVERAGE(Q9:Q32) -> 9.2733333
A37: Stdev | B37: =STDEV(B9:B32) -> 6.2367417 | C37: =STDEV(C9:C32) -> 7.19394 | D37: =STDEV(D9:D32) -> 7.374946 | E37: =STDEV(E9:E32) -> 1.0933136 | F37: =STDEV(F9:F32) -> 4.4719097 | G37: =STDEV(G9:G32) -> 11.050424 | H37: =STDEV(H9:H32) -> 1.5281342 | I37: =STDEV(I9:I32) -> 0.14125729 | ... Q37: =STDEV(Q9:Q32) -> 0.087609145
A38: Num | B38: =COUNT(B9:B32) -> 24 | C38: =COUNT(C9:C32) -> 24 | D38: =COUNT(D9:D32) -> 24 | E38: =COUNT(E9:E32) -> 24 | F38: =COUNT(F9:F32) -> 24 | G38: =COUNT(G9:G32) -> 24 | H38: =COUNT(H9:H32) -> 24 | I38: =COUNT(I9:I32) -> 24 | ... Q38: =COUNT(Q9:Q32) -> 24
A39: DCR | B39: =IF(B38>=22,">90%",IF(B38<=22,"<90%")) -> >90% | C39: =IF(C38>=22,">90%",IF(C38<=22,"<90%")) -> >90% | D39: =IF(D38>=22,">90%",IF(D38<=22,"<90%")) -> >90% | E39: =IF(E38>=22,">90%",IF(E38<=22,"<90%")) -> >90% | F39: =IF(F38>=22,">90%",IF(F38<=22,"<90%")) -> >90% | G39: =IF(G38>=22,">90%",IF(G38<=22,"<90%")) -> >90% | H39: =IF(H38>=22,">90%",IF(H38<=22,"<90%")) -> >90% | I39: =IF(I38>=22,">90%",IF(I38<=22,"<90%")) -> >90% | ... Q39: =IF(Q38>=22,">90%",IF(Q38<=22,"<90%")) -> >90%
A40: Status | B40: =IF(B38>=22,"OK",IF(B38<=22,"LESS")) -> OK | C40: =IF(C38>=22,"OK",IF(C38<=22,"LESS")) -> OK | D40: =IF(D38>=22,"OK",IF(D38<=22,"LESS")) -> OK | E40: =IF(E38>=22,"OK",IF(E38<=22,"LESS")) -> OK | F40: =IF(F38>=22,"OK",IF(F38<=22,"LESS")) -> OK | G40: =IF(G38>=22,"OK",IF(G38<=22,"LESS")) -> OK | H40: =IF(H38>=22,"OK",IF(H38<=22,"LESS")) -> OK | I40: =IF(I38>=22,"OK",IF(I38<=22,"LESS")) -> OK | ... Q40: =IF(Q38>=22,"OK",IF(Q38<=22,"LESS")) -> OK
A43: Done by | B43: RAHUL
A45: Comment

Sheet 10
A1: Station: | B1: BHATAGAON RAIPUR
A2: Date: | B2: =$A$9 -> 10/10/2025 01:00 | D2: Power Off | G2: Pw.Off | L2: Link Fail | N2: Link F | P2: Maintenance | R2: Maint.
A3: Report Type: | B3: Mean | D3: Calibration | G3: Calib. | L3: Data Fail | N3: Data F | P3: Invalid | R3: Invalid
A4: Time Base: | B4: 01 Hour | D4: Zero Referrence | G4: Z.Ref | L4: Warm Up | N4: Wm. Up
A7: Date & Time | B7: NO_BHATAGAON | C7: NO2__BHATAGAON | D7: NOX_BHATAGAON | E7: SO2__BHATAGAON | F7: O3__BHATAGAON | G7: PM10__BHATAGAON | H7: PM2_5__BHATAGAON | I7: BENZ__BHATAGAON | J7: WS__BHATAGAON | K7: WD__BHATAGAON | L7: TEMP__BHATAGAON | M7: HUM__BHATAGAON | N7: SR__BHATAGAON | O7: RG__BHATAGAON | P7: CO__BHATAGAON | Q7: NH3__BHATAGAON
B8: ug/m3 | C8: ug/m3 | D8: ppb | E8: ug/m3 | F8: ug/m3 | G8: mg/m3 | H8: ug/m3 | I8: ug/m3 | J8: m/sec | K8: deg | L8: degreC | M8: % | N8: w/m2 | O8: mm | P8: ug/m3 | Q8: ug/m3
A9: 10/10/2025 01:00 | B9: 13.26 | C9: 19.29 | D9: 19.19 | E9: 6.02 | F9: 2.35 | G9: 20.36 | H9: 7.46 | I9: 1.79 | J9: 0.52 | K9: 340.48 | L9: 22.81 | M9: 98.03 | N9: 41.3 | O9: 0 | P9: 0.63 | Q9: 9.21
A10: 10/10/2025 02:00 | B10: 13.78 | C10: 16.89 | D10: 17.54 | E10: 6.53 | F10: 2.25 | G10: 20.8 | H10: 6.56 | I10: 1.83 | J10: 1.02 | K10: 339.71 | L10: 22.8 | M10: 98.01 | N10: 41.9 | O10: 0 | P10: 0.7 | Q10: 9.21
A11: 10/10/2025 03:00 | B11: 12.39 | C11: 8.27 | D11: 14.22 | E11: 6.09 | F11: 2.1 | G11: 28.94 | H11: 6.01 | I11: 1.86 | J11: 0.83 | K11: 350.32 | L11: 22.24 | M11: 97.99 | N11: 41.5 | O11: 0 | P11: 0.67 | Q11: 9.18
A12: 10/10/2025 04:00 | B12: 11.17 | C12: 14.07 | D12: 15.68 | E12: 6.92 | F12: 2.1 | G12: 25.51 | H12: 9 | I12: 1.96 | J12: 0.2 | K12: 354.13 | L12: 21.76 | M12: 98.06 | N12: 41.2 | O12: 0 | P12: 0.94 | Q12: 9.18
A13: 10/10/2025 05:00 | B13: 15.14 | C13: 13.48 | D13: 18.46 | E13: 6.91 | F13: 2.1 | G13: 76.42 | H13: 7.45 | I13: 2.1 | J13: 0.06 | K13: 355.95 | L13: 21.65 | M13: 98.09 | N13: 41.2 | O13: 0 | P13: 0.93 | Q13: 9.21
A14: 10/10/2025 06:00 | B14: 18.04 | C14: 13.52 | D14: 20.21 | E14: 6.59 | F14: 2.1 | G14: 52.22 | H14: 6.37 | I14: 2.13 | J14: 0.12 | K14: 353.25 | L14: 21.61 | M14: 98.17 | N14: 44.9 | O14: 0 | P14: 0.84 | Q14: 9.22
A15: 10/10/2025 07:00 | B15: 24.85 | C15: 10.82 | D15: 25.58 | E15: 6.28 | F15: 2.13 | G15: 43.91 | H15: 5.67 | I15: 2.1 | J15: 0.32 | K15: 337.12 | L15: 23.03 | M15: 98.15 | N15: 127.6 | O15: 0 | P15: 0.93 | Q15: 9.24
A16: 10/10/2025 08:00 | B16: 21.48 | C16: 10.35 | D16: 22.15 | E16: 6.45 | F16: 3.08 | G16: 44.93 | H16: 11.84 | I16: 2.16 | J16: 0.48 | K16: 341.22 | L16: 24.13 | M16: 98.06 | N16: 136.5 | O16: 0 | P16: 0.76 | Q16: 9.3
A17: 10/10/2025 09:00 | B17: 23.76 | C17: 11.65 | D17: 25.09 | E17: 5.94 | F17: 6.46 | G17: 46.65 | H17: 10.1 | I17: 2.17 | J17: 0.64 | K17: 133.72 | L17: 24.84 | M17: 98.13 | N17: 259.1 | O17: 0 | P17: 0.62 | Q17: 9.35
A18: 10/10/2025 10:00 | B18: 18.31 | C18: 11.73 | D18: 20.81 | E18: 6.55 | F18: 9.45 | G18: 22.53 | H18: 8.22 | I18: 2.24 | J18: 0.97 | K18: 138.95 | L18: 26.24 | M18: 97.99 | N18: 464.9 | O18: 0 | P18: 0.56 | Q18: 9.35
A19: 10/10/2025 11:00 | B19: 16.78 | C19: 12.87 | D19: 19.79 | E19: 6.51 | F19: 8.05 | G19: 26.82 | H19: 6.91 | I19: 2.06 | J19: 0.67 | K19: 132.28 | L19: 28.03 | M19: 96.85 | N19: 427.6 | O19: 0 | P19: 0.58 | Q19: 9.31
A20: 10/10/2025 12:00 | B20: 17.11 | C20: 15.23 | D20: 21.68 | E20: 6.48 | F20: 12.76 | G20: 23.6 | H20: 9.5 | I20: 1.99 | J20: 0.11 | K20: 352.85 | L20: 28.48 | M20: 89.37 | N20: 415.7 | O20: 0 | P20: 0.6 | Q20: 9.27
... A32: 10/10/2025 24:00 | B32: 16.03 | C32: 13.56 | D32: 18.01 | E32: 5.52 | F32: 5.17 | G32: 35.4 | H32: 8.7 | I32: 2.24 | J32: 0.65 | K32: 337.16 | L32: 22.99 | M32: 98.42 | N32: 41.5 | O32: 0 | P32: 0.75 | Q32: 9.28
A34: Min | B34: =MIN(B9:B32) -> 7.55 | C34: =MIN(C9:C32) -> 8.27 | D34: =MIN(D9:D32) -> 14.22 | E34: =MIN(E9:E32) -> 5.19 | F34: =MIN(F9:F32) -> 2.1 | G34: =MIN(G9:G32) -> 12.29 | H34: =MIN(H9:H32) -> 5.67 | I34: =MIN(I9:I32) -> 1.66 | ... Q34: =MIN(Q9:Q32) -> 9.11
A35: Max | B35: =MAX(B9:B32) -> 25.65 | C35: =MAX(C9:C32) -> 31.48 | D35: =MAX(D9:D32) -> 31.86 | E35: =MAX(E9:E32) -> 9.35 | F35: =MAX(F9:F32) -> 14.05 | G35: =MAX(G9:G32) -> 76.42 | H35: =MAX(H9:H32) -> 13.76 | I35: =MAX(I9:I32) -> 2.24 | ... Q35: =MAX(Q9:Q32) -> 9.35
A36: Avg | B36: =AVERAGE(B9:B32) -> 16.284167 | C36: =AVERAGE(C9:C32) -> 18.092083 | D36: =AVERAGE(D9:D32) -> 21.677083 | E36: =AVERAGE(E9:E32) -> 6.4083333 | F36: =AVERAGE(F9:F32) -> 6.4266667 | G36: =AVERAGE(G9:G32) -> 32.436667 | H36: =AVERAGE(H9:H32) -> 8.4454167 | I36: =AVERAGE(I9:I32) -> 1.9766667 | ... Q36: =AVERAGE(Q9:Q32) -> 9.2354167
A37: Stdev | B37: =STDEV(B9:B32) -> 5.3621393 | C37: =STDEV(C9:C32) -> 6.7211069 | D37: =STDEV(D9:D32) -> 4.7566013 | E37: =STDEV(E9:E32) -> 0.88678543 | F37: =STDEV(F9:F32) -> 4.3858584 | G37: =STDEV(G9:G32) -> 14.440172 | H37: =STDEV(H9:H32) -> 1.9288361 | I37: =STDEV(I9:I32) -> 0.17429776 | ... Q37: =STDEV(Q9:Q32) -> 0.065273949
A38: Num | B38: =COUNT(B9:B32) -> 24 | C38: =COUNT(C9:C32) -> 24 | D38: =COUNT(D9:D32) -> 24 | E38: =COUNT(E9:E32) -> 24 | F38: =COUNT(F9:F32) -> 24 | G38: =COUNT(G9:G32) -> 24 | H38: =COUNT(H9:H32) -> 24 | I38: =COUNT(I9:I32) -> 24 | ... Q38: =COUNT(Q9:Q32) -> 24
A39: DCR | B39: =IF(B38>=22,">90%",IF(B38<=22,"<90%")) -> >90% | C39: =IF(C38>=22,">90%",IF(C38<=22,"<90%")) -> >90% | D39: =IF(D38>=22,">90%",IF(D38<=22,"<90%")) -> >90% | E39: =IF(E38>=22,">90%",IF(E38<=22,"<90%")) -> >90% | F39: =IF(F38>=22,">90%",IF(F38<=22,"<90%")) -> >90% | G39: =IF(G38>=22,">90%",IF(G38<=22,"<90%")) -> >90% | H39: =IF(H38>=22,">90%",IF(H38<=22,"<90%")) -> >90% | I39: =IF(I38>=22,">90%",IF(I38<=22,"<90%")) -> >90% | ... Q39: =IF(Q38>=22,">90%",IF(Q38<=22,"<90%")) -> >90%
A40: Status | B40: =IF(B38>=22,"OK",IF(B38<=22,"LESS")) -> OK | C40: =IF(C38>=22,"OK",IF(C38<=22,"LESS")) -> OK | D40: =IF(D38>=22,"OK",IF(D38<=22,"LESS")) -> OK | E40: =IF(E38>=22,"OK",IF(E38<=22,"LESS")) -> OK | F40: =IF(F38>=22,"OK",IF(F38<=22,"LESS")) -> OK | G40: =IF(G38>=22,"OK",IF(G38<=22,"LESS")) -> OK | H40: =IF(H38>=22,"OK",IF(H38<=22,"LESS")) -> OK | I40: =IF(I38>=22,"OK",IF(I38<=22,"LESS")) -> OK | ... Q40: =IF(Q38>=22,"OK",IF(Q38<=22,"LESS")) -> OK
A43: Done by | B43: RAHUL
A45: Comment

Sheet 11
A1: Station: | B1: BHATAGAON RAIPUR
A2: Date: | B2: =$A$9 -> 11/10/2025 01:00 | D2: Power Off | G2: Pw.Off | L2: Link Fail | N2: Link F | P2: Maintenance | R2: Maint.
A3: Report Type: | B3: Mean | D3: Calibration | G3: Calib. | L3: Data Fail | N3: Data F | P3: Invalid | R3: Invalid
A4: Time Base: | B4: 01 Hour | D4: Zero Referrence | G4: Z.Ref | L4: Warm Up | N4: Wm. Up
A7: Date & Time | B7: NO_BHATAGAON | C7: NO2__BHATAGAON | D7: NOX_BHATAGAON | E7: SO2__BHATAGAON | F7: O3__BHATAGAON | G7: PM10__BHATAGAON | H7: PM2_5__BHATAGAON | I7: BENZ__BHATAGAON | J7: WS__BHATAGAON | K7: WD__BHATAGAON | L7: TEMP__BHATAGAON | M7: HUM__BHATAGAON | N7: SR__BHATAGAON | O7: RG__BHATAGAON | P7: CO__BHATAGAON | Q7: NH3__BHATAGAON
B8: ug/m3 | C8: ug/m3 | D8: ppb | E8: ug/m3 | F8: ug/m3 | G8: mg/m3 | H8: ug/m3 | I8: ug/m3 | J8: m/sec | K8: deg | L8: degreC | M8: % | N8: w/m2 | O8: mm | P8: ug/m3 | Q8: ug/m3
A9: 11/10/2025 01:00 | B9: 12.72 | C9: 10.95 | D9: 15.92 | E9: 5.41 | F9: 4.73 | G9: 31.39 | H9: 8.1 | I9: 2.25 | J9: 0.29 | K9: 322.14 | L9: 22.67 | M9: 98.32 | N9: 41.5 | O9: 0 | P9: 0.72 | Q9: 9.23
A10: 11/10/2025 02:00 | B10: 12.95 | C10: 11.51 | D10: 15.05 | E10: 5.28 | F10: 5.87 | G10: 28.32 | H10: 6.83 | I10: 2.17 | J10: 0.74 | K10: 337.77 | L10: 22.61 | M10: 98.46 | N10: 41.5 | O10: 0 | P10: 0.59 | Q10: 9.2
A11: 11/10/2025 03:00 | B11: 12.6 | C11: 13.24 | D11: 15.76 | E11: 6.04 | F11: 2.84 | G11: 29.57 | H11: 5.99 | I11: 2.37 | J11: 0.81 | K11: 340.67 | L11: 22.38 | M11: 98.44 | N11: 41.5 | O11: 0 | P11: 0.6 | Q11: 9.21
A12: 11/10/2025 04:00 | B12: 13.38 | C12: 14.52 | D12: 17.73 | E12: 6.37 | F12: 2.13 | G12: 36.98 | H12: 7.48 | I12: 2.62 | J12: 0.63 | K12: 336.77 | L12: 22.15 | M12: 98.49 | N12: 41.5 | O12: 0 | P12: 0.69 | Q12: 9.21
A13: 11/10/2025 05:00 | B13: 14.39 | C13: 8.62 | D13: 15.92 | E13: 6.21 | F13: 2.63 | G13: 54.24 | H13: 6.54 | I13: 2.57 | J13: 0.41 | K13: 348.07 | L13: 21.94 | M13: 98.45 | N13: 41.5 | O13: 0 | P13: 0.65 | Q13: 9.2
A14: 11/10/2025 06:00 | B14: 15.75 | C14: 8.3 | D14: 16.92 | E14: 6.15 | F14: 2.1 | G14: 52.03 | H14: 5.89 | I14: 2.57 | J14: 0.3 | K14: 339.73 | L14: 21.82 | M14: 98.41 | N14: 46.6 | O14: 0 | P14: 0.62 | Q14: 9.2
A15: 11/10/2025 07:00 | B15: 24.87 | C15: 10.62 | D15: 25.49 | E15: 5.95 | F15: 2.1 | G15: 49.19 | H15: 5.44 | I15: 2.56 | J15: 0.62 | K15: 342.75 | L15: 22.28 | M15: 98.45 | N15: 84 | O15: 0 | P15: 0.58 | Q15: 9.27
A16: 11/10/2025 08:00 | B16: 24.93 | C16: 10.51 | D16: 24.79 | E16: 6.76 | F16: 2.1 | G16: 48.02 | H16: 6.58 | I16: 2.51 | J16: 0.76 | K16: 345.46 | L16: 23.56 | M16: 98.4 | N16: 122.5 | O16: 0 | P16: 0.76 | Q16: 9.32
A17: 11/10/2025 09:00 | B17: 23.9 | C17: 12.34 | D17: 25.61 | E17: 7.69 | F17: 2.39 | G17: 55.6 | H17: 6.09 | I17: 2.51 | J17: 0.54 | K17: 343.02 | L17: 24.88 | M17: 98.27 | N17: 240.4 | O17: 0 | P17: 0.83 | Q17: 9.39
A18: 11/10/2025 10:00 | B18: 24.44 | C18: 17.61 | D18: 28.8 | E18: 8.21 | F18: 7.19 | G18: 59.27 | H18: 5.73 | I18: 2.44 | J18: 0.71 | K18: 342.09 | L18: 30.09 | M18: 97.18 | N18: 553.2 | O18: 0 | P18: 0.84 | Q18: 9.39
A19: 11/10/2025 11:00 | B19: 18.04 | C19: 23.8 | D19: 26.9 | E19: 9.24 | F19: 10.1 | G19: 52.51 | H19: 5.68 | I19: 2.42 | J19: 1.13 | K19: 337.59 | L19: 30.3 | M19: 87.24 | N19: 415.1 | O19: 0 | P19: 0.87 | Q19: 9.37
A20: 11/10/2025 12:00 | B20: 18.61 | C20: 25.42 | D20: 27.6 | E20: 10.42 | F20: 10.83 | G20: 61.21 | H20: 10.07 | I20: 2.43 | J20: 1.03 | K20: 338.61 | L20: 29.25 | M20: 83.57 | N20: 452.8 | O20: 0 | P20: 0.86 | Q20: 9.26
... A32: 11/10/2025 24:00 | B32: 19.34 | C32: 10.63 | D32: 20.15 | E32: 5.93 | F32: 2.1 | G32: 30.72 | H32: 9.6 | I32: 2.21 | J32: 0.74 | K32: 342.02 | L32: 21.38 | M32: 98.07 | N32: 41.5 | O32: 0 | P32: 0.61 | Q32: 9.34
A34: Min | B34: =MIN(B9:B32) -> 10.31 | C34: =MIN(C9:C32) -> 8.3 | D34: =MIN(D9:D32) -> 15.05 | E34: =MIN(E9:E32) -> 5.28 | F34: =MIN(F9:F32) -> 2.1 | G34: =MIN(G9:G32) -> 18.77 | H34: =MIN(H9:H32) -> 5.3 | I34: =MIN(I9:I32) -> 1.58 | ... Q34: =MIN(Q9:Q32) -> 9.1
A35: Max | B35: =MAX(B9:B32) -> 24.93 | C35: =MAX(C9:C32) -> 25.42 | D35: =MAX(D9:D32) -> 28.8 | E35: =MAX(E9:E32) -> 10.42 | F35: =MAX(F9:F32) -> 14.79 | G35: =MAX(G9:G32) -> 62.92 | H35: =MAX(H9:H32) -> 10.07 | I35: =MAX(I9:I32) -> 2.62 | ... Q35: =MAX(Q9:Q32) -> 9.39
A36: Avg | B36: =AVERAGE(B9:B32) -> 16.34 | C36: =AVERAGE(C9:C32) -> 15.13 | D36: =AVERAGE(D9:D32) -> 20.520417 | E36: =AVERAGE(E9:E32) -> 6.9516667 | F36: =AVERAGE(F9:F32) -> 5.9975 | G36: =AVERAGE(G9:G32) -> 42.119583 | H36: =AVERAGE(H9:H32) -> 7.12875 | I36: =AVERAGE(I9:I32) -> 2.2141667 | ... Q36: =AVERAGE(Q9:Q32) -> 9.2366667
A37: Stdev | B37: =STDEV(B9:B32) -> 4.8694156 | C37: =STDEV(C9:C32) -> 5.0567157 | D37: =STDEV(D9:D32) -> 4.1558345 | E37: =STDEV(E9:E32) -> 1.4087635 | F37: =STDEV(F9:F32) -> 4.2499138 | G37: =STDEV(G9:G32) -> 13.814229 | H37: =STDEV(H9:H32) -> 1.4487995 | I37: =STDEV(I9:I32) -> 0.326908 | ... Q37: =STDEV(Q9:Q32) -> 0.087757901
A38: Num | B38: =COUNT(B9:B32) -> 24 | C38: =COUNT(C9:C32) -> 24 | D38: =COUNT(D9:D32) -> 24 | E38: =COUNT(E9:E32) -> 24 | F38: =COUNT(F9:F32) -> 24 | G38: =COUNT(G9:G32) -> 24 | H38: =COUNT(H9:H32) -> 24 | I38: =COUNT(I9:I32) -> 24 | ... Q38: =COUNT(Q9:Q32) -> 24
A39: DCR | B39: =IF(B38>=22,">90%",IF(B38<=22,"<90%")) -> >90% | C39: =IF(C38>=22,">90%",IF(C38<=22,"<90%")) -> >90% | D39: =IF(D38>=22,">90%",IF(D38<=22,"<90%")) -> >90% | E39: =IF(E38>=22,">90%",IF(E38<=22,"<90%")) -> >90% | F39: =IF(F38>=22,">90%",IF(F38<=22,"<90%")) -> >90% | G39: =IF(G38>=22,">90%",IF(G38<=22,"<90%")) -> >90% | H39: =IF(H38>=22,">90%",IF(H38<=22,"<90%")) -> >90% | I39: =IF(I38>=22,">90%",IF(I38<=22,"<90%")) -> >90% | ... Q39: =IF(Q38>=22,">90%",IF(Q38<=22,"<90%")) -> >90%
A40: Status | B40: =IF(B38>=22,"OK",IF(B38<=22,"LESS")) -> OK | C40: =IF(C38>=22,"OK",IF(C38<=22,"LESS")) -> OK | D40: =IF(D38>=22,"OK",IF(D38<=22,"LESS")) -> OK | E40: =IF(E38>=22,"OK",IF(E38<=22,"LESS")) -> OK | F40: =IF(F38>=22,"OK",IF(F38<=22,"LESS")) -> OK | G40: =IF(G38>=22,"OK",IF(G38<=22,"LESS")) -> OK | H40: =IF(H38>=22,"OK",IF(H38<=22,"LESS")) -> OK | I40: =IF(I38>=22,"OK",IF(I38<=22,"LESS")) -> OK | ... Q40: =IF(Q38>=22,"OK",IF(Q38<=22,"LESS")) -> OK
A43: Done by | B43: RAHUL
A45: Comment

Sheet 12
A1: Station: | B1: BHATAGAON RAIPUR
A2: Date: | B2: =$A$9 -> 12/10/2025 01:00 | D2: Power Off | G2: Pw.Off | L2: Link Fail | N2: Link F | P2: Maintenance | R2: Maint.
A3: Report Type: | B3: Mean | D3: Calibration | G3: Calib. | L3: Data Fail | N3: Data F | P3: Invalid | R3: Invalid
A4: Time Base: | B4: 01 Hour | D4: Zero Referrence | G4: Z.Ref | L4: Warm Up | N4: Wm. Up
A7: Date & Time | B7: NO_BHATAGAON | C7: NO2__BHATAGAON | D7: NOX_BHATAGAON | E7: SO2__BHATAGAON | F7: O3__BHATAGAON | G7: PM10__BHATAGAON | H7: PM2_5__BHATAGAON | I7: BENZ__BHATAGAON | J7: WS__BHATAGAON | K7: WD__BHATAGAON | L7: TEMP__BHATAGAON | M7: HUM__BHATAGAON | N7: SR__BHATAGAON | O7: RG__BHATAGAON | P7: CO__BHATAGAON | Q7: NH3__BHATAGAON
B8: ug/m3 | C8: ug/m3 | D8: ppb | E8: ug/m3 | F8: ug/m3 | G8: mg/m3 | H8: ug/m3 | I8: ug/m3 | J8: m/sec | K8: deg | L8: degreC | M8: % | N8: w/m2 | O8: mm | P8: ug/m3 | Q8: ug/m3
A9: 12/10/2025 01:00 | B9: 17.24 | C9: 12.65 | D9: 18.59 | E9: 6.64 | F9: 2.1 | G9: 29.36 | H9: 7.87 | I9: 2.16 | J9: 0.78 | K9: 338.73 | L9: 21.22 | M9: 98.08 | N9: 41.5 | O9: 0 | P9: 0.58 | Q9: 9.34
A10: 12/10/2025 02:00 | B10: 16.46 | C10: 12.56 | D10: 18.37 | E10: 6.58 | F10: 2.1 | G10: 32.03 | H10: 6.67 | I10: 2.03 | J10: 0.42 | K10: 340.13 | L10: 21.3 | M10: 98.13 | N10: 41.9 | O10: 0 | P10: 0.62 | Q10: 9.34
A11: 12/10/2025 03:00 | B11: 18.84 | C11: 9.97 | D11: 17.49 | E11: 6.25 | F11: 2.1 | G11: 34.39 | H11: 5.82 | I11: 1.95 | J11: 0.57 | K11: 340.66 | L11: 21.5 | M11: 98.11 | N11: 41.9 | O11: 0 | P11: 0.65 | Q11: 9.3
A12: 12/10/2025 04:00 | B12: 17.13 | C12: 10.03 | D12: 18.1 | E12: 6.46 | F12: 2.1 | G12: 42.88 | H12: 8.57 | I12: 1.93 | J12: 0.66 | K12: 341.72 | L12: 21.58 | M12: 98.25 | N12: 41.9 | O12: 0 | P12: 0.65 | Q12: 9.3
A13: 12/10/2025 05:00 | B13: 17.9 | C13: 11.61 | D13: 19.54 | E13: 6.96 | F13: 2.1 | G13: 41.94 | H13: 7.77 | I13: 2.17 | J13: 0.47 | K13: 341.89 | L13: 21.47 | M13: 98.23 | N13: 41.8 | O13: 0 | P13: 0.65 | Q13: 9.33
A14: 12/10/2025 06:00 | B14: 16.67 | C14: 10.35 | D14: 18.77 | E14: 6.66 | F14: 2.1 | G14: 39.93 | H14: 6.6 | I14: 2.16 | J14: 0.16 | K14: 351.26 | L14: 21.08 | M14: 98.2 | N14: 44.1 | O14: 0 | P14: 0.61 | Q14: 9.34
A15: 12/10/2025 07:00 | B15: 20.24 | C15: 5.75 | D15: 18.71 | E15: 6.22 | F15: 2.1 | G15: 40.05 | H15: 5.77 | I15: 2.12 | J15: 0.58 | K15: 341.21 | L15: 22.14 | M15: 98.13 | N15: 119.6 | O15: 0 | P15: 0.62 | Q15: 9.32
A16: 12/10/2025 08:00 | B16: 22.02 | C16: 9.23 | D16: 21.2 | E16: 7.28 | F16: 2.1 | G16: 39.03 | H16: 11.68 | I16: 2.11 | J16: 0.7 | K16: 347.85 | L16: 25.9 | M16: 97.99 | N16: 328.2 | O16: 0 | P16: 0.62 | Q16: 9.33
A17: 12/10/2025 09:00 | B17: 33.24 | C17: 12.72 | D17: 32.96 | E17: 10.35 | F17: 2.71 | G17: 40.71 | H17: 9.36 | I17: 2.11 | J17: 0.89 | K17: 353.78 | L17: 27.72 | M17: 80.69 | N17: 557.7 | O17: 0 | P17: 0.61 | Q17: 9.41
A18: 12/10/2025 10:00 | B18: 25.44 | C18: 13.63 | D18: 26.7 | E18: 11.5 | F18: 4.49 | G18: 39.68 | H18: 7.92 | I18: 2.11 | J18: 0.54 | K18: 128.89 | L18: 28.99 | M18: 82.11 | N18: 700.9 | O18: 0 | P18: 0.53 | Q18: 9.48
A19: 12/10/2025 11:00 | B19: 23.59 | C19: 13.59 | D19: 25.68 | E19: 11.77 | F19: 6.32 | G19: 37.46 | H19: 7.34 | I19: 2.05 | J19: 0.53 | K19: 126.22 | L19: 28.68 | M19: 84.2 | N19: 698.3 | O19: 0 | P19: 0.53 | Q19: 9.47
A20: 12/10/2025 12:00 | B20: 17.27 | C20: 16.53 | D20: 21.9 | E20: 11.69 | F20: 9.05 | G20: 34.58 | H20: 9.65 | I20: 1.96 | J20: 0.73 | K20: 352.44 | L20: 28.84 | M20: 80.47 | N20: 551.9 | O20: 0 | P20: 0.53 | Q20: 9.41
... A32: 12/10/2025 24:00 | B32: 23.4 | C32: 28.56 | D32: 33.69 | E32: 6.59 | F32: 3.69 | G32: 42.87 | H32: 8.82 | I32: 3.11 | J32: 0.08 | K32: 341.02 | L32: 23.26 | M32: 98.32 | N32: 41.8 | O32: 0 | P32: 1.1 | Q32: 9.41
A34: Min | B34: =MIN(B9:B32) -> 11.56 | C34: =MIN(C9:C32) -> 5.75 | D34: =MIN(D9:D32) -> 17.49 | E34: =MIN(E9:E32) -> 6.22 | F34: =MIN(F9:F32) -> 2.1 | G34: =MIN(G9:G32) -> 28.49 | H34: =MIN(H9:H32) -> 5.77 | I34: =MIN(I9:I32) -> 1.72 | ... Q34: =MIN(Q9:Q32) -> 9.12
A35: Max | B35: =MAX(B9:B32) -> 40.09 | C35: =MAX(C9:C32) -> 44.92 | D35: =MAX(D9:D32) -> 50.29 | E35: =MAX(E9:E32) -> 12.79 | F35: =MAX(F9:F32) -> 19.19 | G35: =MAX(G9:G32) -> 45.03 | H35: =MAX(H9:H32) -> 11.68 | I35: =MAX(I9:I32) -> 3.11 | ... Q35: =MAX(Q9:Q32) -> 9.48
A36: Avg | B36: =AVERAGE(B9:B32) -> 21.281667 | C36: =AVERAGE(C9:C32) -> 22.1725 | D36: =AVERAGE(D9:D32) -> 27.865 | E36: =AVERAGE(E9:E32) -> 8.3245833 | F36: =AVERAGE(F9:F32) -> 5.6983333 | G36: =AVERAGE(G9:G32) -> 36.94375 | H36: =AVERAGE(H9:H32) -> 7.745 | I36: =AVERAGE(I9:I32) -> 2.1358333 | ... Q36: =AVERAGE(Q9:Q32) -> 9.3070833
A37: Stdev | B37: =STDEV(B9:B32) -> 7.0300224 | C37: =STDEV(C9:C32) -> 13.084408 | D37: =STDEV(D9:D32) -> 10.451362 | E37: =STDEV(E9:E32) -> 2.1584918 | F37: =STDEV(F9:F32) -> 5.0508912 | G37: =STDEV(G9:G32) -> 5.0192056 | H37: =STDEV(H9:H32) -> 1.5508231 | I37: =STDEV(I9:I32) -> 0.37554501 | ... Q37: =STDEV(Q9:Q32) -> 0.09706471
A38: Num | B38: =COUNT(B9:B32) -> 24 | C38: =COUNT(C9:C32) -> 24 | D38: =COUNT(D9:D32) -> 24 | E38: =COUNT(E9:E32) -> 24 | F38: =COUNT(F9:F32) -> 24 | G38: =COUNT(G9:G32) -> 24 | H38: =COUNT(H9:H32) -> 24 | I38: =COUNT(I9:I32) -> 24 | ... Q38: =COUNT(Q9:Q32) -> 24
A39: DCR | B39: =IF(B38>=22,">90%",IF(B38<=22,"<90%")) -> >90% | C39: =IF(C38>=22,">90%",IF(C38<=22,"<90%")) -> >90% | D39: =IF(D38>=22,">90%",IF(D38<=22,"<90%")) -> >90% | E39: =IF(E38>=22,">90%",IF(E38<=22,"<90%")) -> >90% | F39: =IF(F38>=22,">90%",IF(F38<=22,"<90%")) -> >90% | G39: =IF(G38>=22,">90%",IF(G38<=22,"<90%")) -> >90% | H39: =IF(H38>=22,">90%",IF(H38<=22,"<90%")) -> >90% | I39: =IF(I38>=22,">90%",IF(I38<=22,"<90%")) -> >90% | ... Q39: =IF(Q38>=22,">90%",IF(Q38<=22,"<90%")) -> >90%
A40: Status | B40: =IF(B38>=22,"OK",IF(B38<=22,"LESS")) -> OK | C40: =IF(C38>=22,"OK",IF(C38<=22,"LESS")) -> OK | D40: =IF(D38>=22,"OK",IF(D38<=22,"LESS")) -> OK | E40: =IF(E38>=22,"OK",IF(E38<=22,"LESS")) -> OK | F40: =IF(F38>=22,"OK",IF(F38<=22,"LESS")) -> OK | G40: =IF(G38>=22,"OK",IF(G38<=22,"LESS")) -> OK | H40: =IF(H38>=22,"OK",IF(H38<=22,"LESS")) -> OK | I40: =IF(I38>=22,"OK",IF(I38<=22,"LESS")) -> OK | ... Q40: =IF(Q38>=22,"OK",IF(Q38<=22,"LESS")) -> OK
A43: Done by | B43: RAHUL
A45: Comment

Sheet 13
A1: Station: | B1: BHATAGAON RAIPUR
A2: Date: | B2: =$A$9 -> 13/10/2025 01:00 | D2: Power Off | G2: Pw.Off | L2: Link Fail | N2: Link F | P2: Maintenance | R2: Maint.
A3: Report Type: | B3: Mean | D3: Calibration | G3: Calib. | L3: Data Fail | N3: Data F | P3: Invalid | R3: Invalid
A4: Time Base: | B4: 01 Hour | D4: Zero Referrence | G4: Z.Ref | L4: Warm Up | N4: Wm. Up
A7: Date & Time | B7: NO_BHATAGAON | C7: NO2__BHATAGAON | D7: NOX_BHATAGAON | E7: SO2__BHATAGAON | F7: O3__BHATAGAON | G7: PM10__BHATAGAON | H7: PM2_5__BHATAGAON | I7: BENZ__BHATAGAON | J7: WS__BHATAGAON | K7: WD__BHATAGAON | L7: TEMP__BHATAGAON | M7: HUM__BHATAGAON | N7: SR__BHATAGAON | O7: RG__BHATAGAON | P7: CO__BHATAGAON | Q7: NH3__BHATAGAON
B8: ug/m3 | C8: ug/m3 | D8: ppb | E8: ug/m3 | F8: ug/m3 | G8: mg/m3 | H8: ug/m3 | I8: ug/m3 | J8: m/sec | K8: deg | L8: degreC | M8: % | N8: w/m2 | O8: mm | P8: ug/m3 | Q8: ug/m3
A9: 13/10/2025 01:00 | B9: 15.2 | C9: 21.69 | D9: 22.13 | E9: 5.9 | F9: 2.34 | G9: 44.82 | H9: 7.48 | I9: 3.17 | J9: 0.31 | K9: 354.08 | L9: 23.16 | M9: 98.35 | N9: 41.8 | O9: 0 | P9: 1.1 | Q9: 9.37
A10: 13/10/2025 02:00 | B10: 15.31 | C10: 16.11 | D10: 20.69 | E10: 7.26 | F10: 2.46 | G10: 48.45 | H10: 6.32 | I10: 3.3 | J10: 0.87 | K10: 340.46 | L10: 23.06 | M10: 98.39 | N10: 41.7 | O10: 0 | P10: 1.01 | Q10: 9.32
A11: 13/10/2025 03:00 | B11: 14.75 | C11: 16.87 | D11: 18.96 | E11: 8.36 | F11: 4.55 | G11: 55.8 | H11: 6.42 | I11: 3.37 | J11: 0.49 | K11: 333.43 | L11: 22.98 | M11: 98.32 | N11: 41.8 | O11: 0 | P11: 0.91 | Q11: 9.3
A12: 13/10/2025 04:00 | B12: 11.92 | C12: 11.62 | D12: 15.46 | E12: 7.73 | F12: 3.39 | G12: 58.47 | H12: 7.94 | I12: 3.28 | J12: 0.42 | K12: 332.85 | L12: 22.47 | M12: 98.33 | N12: 41.9 | O12: 0 | P12: 0.75 | Q12: 9.29
A13: 13/10/2025 05:00 | B13: 15.09 | C13: 10.22 | D13: 17.38 | E13: 6.13 | F13: 3.18 | G13: 50.93 | H13: 6.79 | I13: 3.09 | J13: 0.11 | K13: 288.26 | L13: 22.1 | M13: 98.39 | N13: 41.7 | O13: 0 | P13: 0.83 | Q13: 9.25
A14: 13/10/2025 06:00 | B14: 17.97 | C14: 18.25 | D14: 23.95 | E14: 5.66 | F14: 2.81 | G14: 42.86 | H14: 6.03 | I14: 2.95 | J14: 0.14 | K14: 320.28 | L14: 22.07 | M14: 98.35 | N14: 45.4 | O14: 0 | P14: 0.72 | Q14: 9.22
A15: 13/10/2025 07:00 | B15: 26.3 | C15: 13.25 | D15: 27.32 | E15: 5.92 | F15: 2.1 | G15: 40.8 | H15: 5.51 | I15: 2.83 | J15: 0.09 | K15: 333.08 | L15: 22.93 | M15: 98.34 | N15: 100.6 | O15: 0 | P15: 0.73 | Q15: 9.27
A16: 13/10/2025 08:00 | B16: 28.03 | C16: 15.78 | D16: 29.87 | E16: 6.09 | F16: 2.72 | G16: 38.01 | H16: 7.28 | I16: 2.77 | J16: 0.19 | K16: 334.69 | L16: 26.67 | M16: 98.29 | N16: 361.2 | O16: 0 | P16: 0.7 | Q16: 9.36
A17: 13/10/2025 09:00 | B17: 20.37 | C17: 14.79 | D17: 24.06 | E17: 6.83 | F17: 12.33 | G17: 46.81 | H17: 6.59 | I17: 2.74 | J17: 0.58 | K17: 130.63 | L17: 28.61 | M17: 82.82 | N17: 570.7 | O17: 0 | P17: 0.64 | Q17: 9.38
A18: 13/10/2025 10:00 | B18: 12.5 | C18: 13.17 | D18: 16.88 | E18: 8.58 | F18: 12.13 | G18: 43.18 | H18: 6.1 | I18: 2.66 | J18: 1.05 | K18: 131.14 | L18: 29.3 | M18: 82.94 | N18: 690.7 | O18: 0 | P18: 0.56 | Q18: 9.33
A19: 13/10/2025 11:00 | B19: 10.26 | C19: 12.83 | D19: 14.13 | E19: 8.44 | F19: 14.99 | G19: 35.27 | H19: 5.74 | I19: 2.51 | J19: 1.07 | K19: 131.38 | L19: 28.8 | M19: 69.7 | N19: 816.3 | O19: 0 | P19: 0.4 | Q19: 9.24
A20: 13/10/2025 12:00 | B20: 10.4 | C20: 12.04 | D20: 14.63 | E20: 8.6 | F20: 13.84 | G20: 27.23 | H20: 6.42 | I20: 2.45 | J20: 1.23 | K20: 129.62 | L20: 29.53 | M20: 64.9 | N20: 847.8 | O20: 0 | P20: 0.38 | Q20: 9.16
... A32: 13/10/2025 24:00 | B32: 8.01 | C32: 23.56 | D32: 18.73 | E32: 6.89 | F32: 4.26 | G32: 25.45 | H32: 10.93 | I32: 1.97 | J32: 0.35 | K32: 173.05 | L32: 23.99 | M32: 98.19 | N32: 40.4 | O32: 0 | P32: 0.53 | Q32: 9.05
A34: Min | B34: =MIN(B9:B32) -> 6.78 | C34: =MIN(C9:C32) -> 10.22 | D34: =MIN(D9:D32) -> 13.18 | E34: =MIN(E9:E32) -> 5.66 | F34: =MIN(F9:F32) -> 2.1 | G34: =MIN(G9:G32) -> 18.48 | H34: =MIN(H9:H32) -> 5.51 | I34: =MIN(I9:I32) -> 1.7 | ... Q34: =MIN(Q9:Q32) -> 9.03
A35: Max | B35: =MAX(B9:B32) -> 28.03 | C35: =MAX(C9:C32) -> 28.57 | D35: =MAX(D9:D32) -> 29.87 | E35: =MAX(E9:E32) -> 8.6 | F35: =MAX(F9:F32) -> 17.15 | G35: =MAX(G9:G32) -> 58.47 | H35: =MAX(H9:H32) -> 10.93 | I35: =MAX(I9:I32) -> 3.37 | ... Q35: =MAX(Q9:Q32) -> 9.38
A36: Avg | B36: =AVERAGE(B9:B32) -> 12.783333 | C36: =AVERAGE(C9:C32) -> 17.727083 | D36: =AVERAGE(D9:D32) -> 19.215417 | E36: =AVERAGE(E9:E32) -> 6.9916667 | F36: =AVERAGE(F9:F32) -> 8.04375 | G36: =AVERAGE(G9:G32) -> 33.348333 | H36: =AVERAGE(H9:H32) -> 6.8058333 | I36: =AVERAGE(I9:I32) -> 2.4 | ... Q36: =AVERAGE(Q9:Q32) -> 9.1754167
A37: Stdev | B37: =STDEV(B9:B32) -> 5.7054258 | C37: =STDEV(C9:C32) -> 5.1388177 | D37: =STDEV(D9:D32) -> 4.4276866 | E37: =STDEV(E9:E32) -> 0.85322237 | F37: =STDEV(F9:F32) -> 4.8434338 | G37: =STDEV(G9:G32) -> 12.901114 | H37: =STDEV(H9:H32) -> 1.2161769 | I37: =STDEV(I9:I32) -> 0.59263597 | ... Q37: =STDEV(Q9:Q32) -> 0.1283331
A38: Num | B38: =COUNT(B9:B32) -> 24 | C38: =COUNT(C9:C32) -> 24 | D38: =COUNT(D9:D32) -> 24 | E38: =COUNT(E9:E32) -> 24 | F38: =COUNT(F9:F32) -> 24 | G38: =COUNT(G9:G32) -> 24 | H38: =COUNT(H9:H32) -> 24 | I38: =COUNT(I9:I32) -> 24 | ... Q38: =COUNT(Q9:Q32) -> 24
A39: DCR | B39: =IF(B38>=22,">90%",IF(B38<=22,"<90%")) -> >90% | C39: =IF(C38>=22,">90%",IF(C38<=22,"<90%")) -> >90% | D39: =IF(D38>=22,">90%",IF(D38<=22,"<90%")) -> >90% | E39: =IF(E38>=22,">90%",IF(E38<=22,"<90%")) -> >90% | F39: =IF(F38>=22,">90%",IF(F38<=22,"<90%")) -> >90% | G39: =IF(G38>=22,">90%",IF(G38<=22,"<90%")) -> >90% | H39: =IF(H38>=22,">90%",IF(H38<=22,"<90%")) -> >90% | I39: =IF(I38>=22,">90%",IF(I38<=22,"<90%")) -> >90% | ... Q39: =IF(Q38>=22,">90%",IF(Q38<=22,"<90%")) -> >90%
A40: Status | B40: =IF(B38>=22,"OK",IF(B38<=22,"LESS")) -> OK | C40: =IF(C38>=22,"OK",IF(C38<=22,"LESS")) -> OK | D40: =IF(D38>=22,"OK",IF(D38<=22,"LESS")) -> OK | E40: =IF(E38>=22,"OK",IF(E38<=22,"LESS")) -> OK | F40: =IF(F38>=22,"OK",IF(F38<=22,"LESS")) -> OK | G40: =IF(G38>=22,"OK",IF(G38<=22,"LESS")) -> OK | H40: =IF(H38>=22,"OK",IF(H38<=22,"LESS")) -> OK | I40: =IF(I38>=22,"OK",IF(I38<=22,"LESS")) -> OK | ... Q40: =IF(Q38>=22,"OK",IF(Q38<=22,"LESS")) -> OK
A43: Done by | B43: RAHUL
A45: Comment

Sheet 14
A1: Station: | B1: BHATAGAON RAIPUR
A2: Date: | B2: =$A$9 -> 14/10/2025 01:00 | D2: Power Off | G2: Pw.Off | L2: Link Fail | N2: Link F | P2: Maintenance | R2: Maint.
A3: Report Type: | B3: Mean | D3: Calibration | G3: Calib. | L3: Data Fail | N3: Data F | P3: Invalid | R3: Invalid
A4: Time Base: | B4: 01 Hour | D4: Zero Referrence | G4: Z.Ref | L4: Warm Up | N4: Wm. Up
A7: Date & Time | B7: NO_BHATAGAON | C7: NO2__BHATAGAON | D7: NOX_BHATAGAON | E7: SO2__BHATAGAON | F7: O3__BHATAGAON | G7: PM10__BHATAGAON | H7: PM2_5__BHATAGAON | I7: BENZ__BHATAGAON | J7: WS__BHATAGAON | K7: WD__BHATAGAON | L7: TEMP__BHATAGAON | M7: HUM__BHATAGAON | N7: SR__BHATAGAON | O7: RG__BHATAGAON | P7: CO__BHATAGAON | Q7: NH3__BHATAGAON
B8: ug/m3 | C8: ug/m3 | D8: ppb | E8: ug/m3 | F8: ug/m3 | G8: mg/m3 | H8: ug/m3 | I8: ug/m3 | J8: m/sec | K8: deg | L8: degreC | M8: % | N8: w/m2 | O8: mm | P8: ug/m3 | Q8: ug/m3
A9: 14/10/2025 01:00 | B9: 7.09 | C9: 15.76 | D9: 13.87 | E9: 6.87 | F9: 6.47 | G9: 26.13 | H9: 8.81 | I9: 1.95 | J9: 0.12 | K9: 276.87 | L9: 23.6 | M9: 98.17 | N9: 40.4 | O9: 0 | P9: 0.52 | Q9: 9.08
A10: 14/10/2025 02:00 | B10: 6.51 | C10: 16.15 | D10: 13.26 | E10: 6.33 | F10: 4.55 | G10: 25.98 | H10: 7.32 | I10: 1.9 | J10: 0.14 | K10: 356.16 | L10: 23.15 | M10: 98.2 | N10: 40.4 | O10: 0 | P10: 0.48 | Q10: 9.09
A11: 14/10/2025 03:00 | B11: 6.76 | C11: 9.86 | D11: 10.18 | E11: 6.1 | F11: 2.54 | G11: 26.49 | H11: 6.28 | I11: 1.87 | J11: 0.1 | K11: 156 | L11: 22.69 | M11: 98.26 | N11: 40.4 | O11: 0 | P11: 0.48 | Q11: 9.04
A12: 14/10/2025 04:00 | B12: 7.2 | C12: 12.32 | D12: 11.73 | E12: 5.62 | F12: 2.13 | G12: 25.95 | H12: 13.65 | I12: 1.85 | J12: 0.1 | K12: 296.25 | L12: 22.37 | M12: 98.31 | N12: 40.4 | O12: 0 | P12: 0.48 | Q12: 9.03
A13: 14/10/2025 05:00 | B13: 7.44 | C13: 12.13 | D13: 12.16 | E13: 5.73 | F13: 2.44 | G13: 25.71 | H13: 10.71 | I13: 1.89 | J13: 0.09 | K13: 315.99 | L13: 21.96 | M13: 98.35 | N13: 40.4 | O13: 0 | P13: 0.47 | Q13: 9.08
A14: 14/10/2025 06:00 | B14: 10.26 | C14: 13.36 | D14: 15.21 | E14: 5.49 | F14: 2.1 | G14: 27.74 | H14: 8.65 | I14: 1.91 | J14: 0.17 | K14: 271.11 | L14: 21.72 | M14: 98.43 | N14: 43.7 | O14: 0 | P14: 0.53 | Q14: 9.1
A15: 14/10/2025 07:00 | B15: 11.89 | C15: 13.06 | D15: 15.19 | E15: 5.65 | F15: 5.26 | G15: 30.78 | H15: 7.21 | I15: 1.96 | J15: 0.27 | K15: 307.16 | L15: 23.5 | M15: 98.43 | N15: 157.7 | O15: 0 | P15: 0.56 | Q15: 9.09
A16: 14/10/2025 08:00 | B16: 12.53 | C16: 13.59 | D16: 16.52 | E16: 5.38 | F16: 5.67 | G16: 33.17 | H16: 9.69 | I16: 2.29 | J16: 0.53 | K16: 211.2 | L16: 26.33 | M16: 98.29 | N16: 295.6 | O16: 0 | P16: 0.58 | Q16: 9.12
A17: 14/10/2025 09:00 | B17: 15.48 | C17: 15.3 | D17: 20.18 | E17: 5.88 | F17: 7.22 | G17: 36.91 | H17: 7.94 | I17: 2.37 | J17: 0.91 | K17: 332.55 | L17: 26.5 | M17: 92.97 | N17: 323.2 | O17: 0 | P17: 0.64 | Q17: 9.15
A18: 14/10/2025 10:00 | B18: 15.48 | C18: 15.37 | D18: 20.45 | E18: 6.43 | F18: 6.38 | G18: 36.46 | H18: 6.71 | I18: 2.36 | J18: 0.31 | K18: 346.98 | L18: 30.21 | M18: 81.83 | N18: 718.6 | O18: 0 | P18: 0.61 | Q18: 9.18
A19: 14/10/2025 11:00 | B19: 9.53 | C19: 12.49 | D19: 14.17 | E19: 6.91 | F19: 10.51 | G19: 35.77 | H19: 9.85 | I19: 2.37 | J19: 0.87 | K19: 132.88 | L19: 29.2 | M19: 70.8 | N19: 826.7 | O19: 0 | P19: 0.51 | Q19: 9.18
A20: 14/10/2025 12:00 | B20: 9.07 | C20: 10.45 | D20: 12.4 | E20: 6.31 | F20: 15.17 | G20: 38.24 | H20: 10.55 | I20: 2.31 | J20: 1.02 | K20: 140.28 | L20: 29.32 | M20: 66.06 | N20: 899.1 | O20: 0 | P20: 0.48 | Q20: 9.09
... A32: 14/10/2025 24:00 | B32: 6.74 | C32: 17.35 | D32: 14.47 | E32: 6.88 | F32: 9.46 | G32: 53.69 | H32: 10.97 | I32: 2.12 | J32: 0.37 | K32: 138.07 | L32: 24.29 | M32: 98.35 | N32: 41.9 | O32: 0 | P32: 0.61 | Q32: 9.15
A34: Min | B34: =MIN(B9:B32) -> 6.51 | C34: =MIN(C9:C32) -> 9.86 | D34: =MIN(D9:D32) -> 10.18 | E34: =MIN(E9:E32) -> 5.38 | F34: =MIN(F9:F32) -> 2.1 | G34: =MIN(G9:G32) -> 25.71 | H34: =MIN(H9:H32) -> 6.28 | I34: =MIN(I9:I32) -> 1.5 | ... Q34: =MIN(Q9:Q32) -> 9.01
A35: Max | B35: =MAX(B9:B32) -> 27.58 | C35: =MAX(C9:C32) -> 38.17 | D35: =MAX(D9:D32) -> 37.95 | E35: =MAX(E9:E32) -> 6.91 | F35: =MAX(F9:F32) -> 15.17 | G35: =MAX(G9:G32) -> 56.89 | H35: =MAX(H9:H32) -> 13.65 | I35: =MAX(I9:I32) -> 2.37 | ... Q35: =MAX(Q9:Q32) -> 9.18
A36: Avg | B36: =AVERAGE(B9:B32) -> 11.740833 | C36: =AVERAGE(C9:C32) -> 17.83375 | D36: =AVERAGE(D9:D32) -> 18.309167 | E36: =AVERAGE(E9:E32) -> 6.0679167 | F36: =AVERAGE(F9:F32) -> 7.4020833 | G36: =AVERAGE(G9:G32) -> 37.65875 | H36: =AVERAGE(H9:H32) -> 9.1420833 | I36: =AVERAGE(I9:I32) -> 1.97 | ... Q36: =AVERAGE(Q9:Q32) -> 9.09875
A37: Stdev | B37: =STDEV(B9:B32) -> 5.5716455 | C37: =STDEV(C9:C32) -> 7.5059651 | D37: =STDEV(D9:D32) -> 7.6014083 | E37: =STDEV(E9:E32) -> 0.43493107 | F37: =STDEV(F9:F32) -> 3.7460205 | G37: =STDEV(G9:G32) -> 9.9785402 | H37: =STDEV(H9:H32) -> 1.5845284 | I37: =STDEV(I9:I32) -> 0.2635708 | ... Q37: =STDEV(Q9:Q32) -> 0.052196327
A38: Num | B38: =COUNT(B9:B32) -> 24 | C38: =COUNT(C9:C32) -> 24 | D38: =COUNT(D9:D32) -> 24 | E38: =COUNT(E9:E32) -> 24 | F38: =COUNT(F9:F32) -> 24 | G38: =COUNT(G9:G32) -> 24 | H38: =COUNT(H9:H32) -> 24 | I38: =COUNT(I9:I32) -> 24 | ... Q38: =COUNT(Q9:Q32) -> 24
A39: DCR | B39: =IF(B38>=22,">90%",IF(B38<=22,"<90%")) -> >90% | C39: =IF(C38>=22,">90%",IF(C38<=22,"<90%")) -> >90% | D39: =IF(D38>=22,">90%",IF(D38<=22,"<90%")) -> >90% | E39: =IF(E38>=22,">90%",IF(E38<=22,"<90%")) -> >90% | F39: =IF(F38>=22,">90%",IF(F38<=22,"<90%")) -> >90% | G39: =IF(G38>=22,">90%",IF(G38<=22,"<90%")) -> >90% | H39: =IF(H38>=22,">90%",IF(H38<=22,"<90%")) -> >90% | I39: =IF(I38>=22,">90%",IF(I38<=22,"<90%")) -> >90% | ... Q39: =IF(Q38>=22,">90%",IF(Q38<=22,"<90%")) -> >90%
A40: Status | B40: =IF(B38>=22,"OK",IF(B38<=22,"LESS")) -> OK | C40: =IF(C38>=22,"OK",IF(C38<=22,"LESS")) -> OK | D40: =IF(D38>=22,"OK",IF(D38<=22,"LESS")) -> OK | E40: =IF(E38>=22,"OK",IF(E38<=22,"LESS")) -> OK | F40: =IF(F38>=22,"OK",IF(F38<=22,"LESS")) -> OK | G40: =IF(G38>=22,"OK",IF(G38<=22,"LESS")) -> OK | H40: =IF(H38>=22,"OK",IF(H38<=22,"LESS")) -> OK | I40: =IF(I38>=22,"OK",IF(I38<=22,"LESS")) -> OK | ... Q40: =IF(Q38>=22,"OK",IF(Q38<=22,"LESS")) -> OK
A43: Done by | B43: RAHUL
A45: Comment

Sheet 15
A1: Station: | B1: BHATAGAON RAIPUR
A2: Date: | B2: =$A$9 -> 15/10/2025 01:00 | D2: Power Off | G2: Pw.Off | L2: Link Fail | N2: Link F | P2: Maintenance | R2: Maint.
A3: Report Type: | B3: Mean | D3: Calibration | G3: Calib. | L3: Data Fail | N3: Data F | P3: Invalid | R3: Invalid
A4: Time Base: | B4: 01 Hour | D4: Zero Referrence | G4: Z.Ref | L4: Warm Up | N4: Wm. Up
A7: Date & Time | B7: NO_BHATAGAON | C7: NO2__BHATAGAON | D7: NOX_BHATAGAON | E7: SO2__BHATAGAON | F7: O3__BHATAGAON | G7: PM10__BHATAGAON | H7: PM2_5__BHATAGAON | I7: BENZ__BHATAGAON | J7: WS__BHATAGAON | K7: WD__BHATAGAON | L7: TEMP__BHATAGAON | M7: HUM__BHATAGAON | N7: SR__BHATAGAON | O7: RG__BHATAGAON | P7: CO__BHATAGAON | Q7: NH3__BHATAGAON
B8: ug/m3 | C8: ug/m3 | D8: ppb | E8: ug/m3 | F8: ug/m3 | G8: mg/m3 | H8: ug/m3 | I8: ug/m3 | J8: m/sec | K8: deg | L8: degreC | M8: % | N8: w/m2 | O8: mm | P8: ug/m3 | Q8: ug/m3
A9: 15/10/2025 01:00 | B9: 7.29 | C9: 18.45 | D9: 15.48 | E9: 6.46 | F9: 10.17 | G9: 53.2 | H9: 10.9 | I9: 2.09 | J9: 0.33 | K9: 146.85 | L9: 23.8 | M9: 98.4 | N9: 42 | O9: 0 | P9: 0.54 | Q9: 9.08
A10: 15/10/2025 02:00 | B10: 8.66 | C10: 17.4 | D10: 16.04 | E10: 5.8 | F10: 3.24 | G10: 50.36 | H10: 10.33 | I10: 2.12 | J10: 0.09 | K10: 347.16 | L10: 23.3 | M10: 98.54 | N10: 42.3 | O10: 0 | P10: 0.55 | Q10: 9.05
A11: 15/10/2025 03:00 | B11: 8.34 | C11: 15.44 | D11: 14.76 | E11: 5.62 | F11: 2.8 | G11: 52.53 | H11: 9.5 | I11: 1.95 | J11: 0.21 | K11: 333.1 | L11: 22.46 | M11: 98.55 | N11: 42.3 | O11: 0 | P11: 0.61 | Q11: 9.08
A12: 15/10/2025 04:00 | B12: 10.03 | C12: 14.26 | D12: 15.33 | E12: 5.45 | F12: 2.35 | G12: 59 | H12: 8.82 | I12: 1.9 | J12: 0.15 | K12: 352.61 | L12: 21.79 | M12: 98.57 | N12: 42.3 | O12: 0 | P12: 0.57 | Q12: 9.11
A13: 15/10/2025 05:00 | B13: 22.5 | C13: 15.59 | D13: 26.19 | E13: 5.65 | F13: 2.18 | G13: 60.64 | H13: 7.99 | I13: 1.86 | J13: 0.12 | K13: 344.04 | L13: 21.92 | M13: 98.42 | N13: 42.4 | O13: 0.2 | P13: 0.62 | Q13: 9.1
A14: 15/10/2025 06:00 | B14: 13.1 | C14: 13.78 | D14: 16.09 | E14: 5.6 | F14: 2.13 | G14: 64.22 | H14: 7.45 | I14: 2.06 | J14: 0.41 | K14: 345.55 | L14: 21.83 | M14: 98.5 | N14: 45.5 | O14: 0 | P14: 0.62 | Q14: 9.1
A15: 15/10/2025 07:00 | B15: 12.49 | C15: 14.83 | D15: 17.16 | E15: 5.69 | F15: 2.79 | G15: 66.8 | H15: 7.08 | I15: 2.13 | J15: 0.22 | K15: 324.94 | L15: 23.73 | M15: 98.49 | N15: 162.3 | O15: 0 | P15: 0.68 | Q15: 9.15
A16: 15/10/2025 08:00 | B16: 15.31 | C16: 19.06 | D16: 21.55 | E16: 5.94 | F16: 7.07 | G16: 67.1 | H16: 9.24 | I16: 2.14 | J16: 0.21 | K16: 268.84 | L16: 27.44 | M16: 98.2 | N16: 379.2 | O16: 0 | P16: 0.66 | Q16: 9.19
A17: 15/10/2025 09:00 | B17: 11.4 | C17: 14.71 | D17: 16.81 | E17: 5.61 | F17: 13.63 | G17: 76.39 | H17: 8.53 | I17: 2.15 | J17: 0.75 | K17: 135.57 | L17: 28.54 | M17: 77.4 | N17: 584.3 | O17: 0 | P17: 0.66 | Q17: 9.19
A18: 15/10/2025 10:00 | B18: 9.99 | C18: 14.79 | D18: 15.74 | E18: 6.61 | F18: 12.89 | G18: 73.05 | H18: 8.04 | I18: 2.16 | J18: 1.24 | K18: 129.06 | L18: 28.66 | M18: 75.64 | N18: 715.9 | O18: 0 | P18: 0.61 | Q18: 9.13
A19: 15/10/2025 11:00 | B19: 7.81 | C19: 10.69 | D19: 11.54 | E19: 7.12 | F19: 15.34 | G19: 67.69 | H19: 7.68 | I19: 2.17 | J19: 1.01 | K19: 134.86 | L19: 29.55 | M19: 71.29 | N19: 810.9 | O19: 0 | P19: 0.56 | Q19: 9.07
A20: 15/10/2025 12:00 | B20: 6.89 | C20: 11.7 | D20: 11.63 | E20: 6.69 | F20: 14.25 | G20: 58.71 | H20: 9.92 | I20: 2.23 | J20: 1.06 | K20: 129.04 | L20: 29.99 | M20: 64.51 | N20: 752.3 | O20: 0 | P20: 0.5 | Q20: 9.06
... A32: 15/10/2025 24:00 | B32: 6.41 | C32: 24.45 | D32: 17.23 | E32: 7.14 | F32: 8.44 | G32: 68.16 | H32: 11.84 | I32: 2.31 | J32: 0.17 | K32: 169.27 | L32: 24.42 | M32: 93.5 | N32: 44.8 | O32: 0 | P32: 0.67 | Q32: 9.03
A34: Min | B34: =MIN(B9:B32) -> 5.29 | C34: =MIN(C9:C32) -> 10.69 | D34: =MIN(D9:D32) -> 11.03 | E34: =MIN(E9:E32) -> 5.45 | F34: =MIN(F9:F32) -> 2.13 | G34: =MIN(G9:G32) -> 33.28 | H34: =MIN(H9:H32) -> 7.08 | I34: =MIN(I9:I32) -> 0.89 | ... Q34: =MIN(Q9:Q32) -> 8.98
A35: Max | B35: =MAX(B9:B32) -> 22.5 | C35: =MAX(C9:C32) -> 39.15 | D35: =MAX(D9:D32) -> 32.87 | E35: =MAX(E9:E32) -> 10.1 | F35: =MAX(F9:F32) -> 16.6 | G35: =MAX(G9:G32) -> 76.39 | H35: =MAX(H9:H32) -> 11.84 | I35: =MAX(I9:I32) -> 2.31 | ... Q35: =MAX(Q9:Q32) -> 9.19
A36: Avg | B36: =AVERAGE(B9:B32) -> 9.9758333 | C36: =AVERAGE(C9:C32) -> 21.015833 | D36: =AVERAGE(D9:D32) -> 18.86625 | E36: =AVERAGE(E9:E32) -> 7.0770833 | F36: =AVERAGE(F9:F32) -> 8.9154167 | G36: =AVERAGE(G9:G32) -> 56.095417 | H36: =AVERAGE(H9:H32) -> 9.0525 | I36: =AVERAGE(I9:I32) -> 1.87625 | ... Q36: =AVERAGE(Q9:Q32) -> 9.0691667
A37: Stdev | B37: =STDEV(B9:B32) -> 4.1710711 | C37: =STDEV(C9:C32) -> 9.3254789 | D37: =STDEV(D9:D32) -> 6.0050275 | E37: =STDEV(E9:E32) -> 1.4299817 | F37: =STDEV(F9:F32) -> 4.8053068 | G37: =STDEV(G9:G32) -> 13.398818 | H37: =STDEV(H9:H32) -> 1.1927252 | I37: =STDEV(I9:I32) -> 0.41620242 | ... Q37: =STDEV(Q9:Q32) -> 0.054686193
A38: Num | B38: =COUNT(B9:B32) -> 24 | C38: =COUNT(C9:C32) -> 24 | D38: =COUNT(D9:D32) -> 24 | E38: =COUNT(E9:E32) -> 24 | F38: =COUNT(F9:F32) -> 24 | G38: =COUNT(G9:G32) -> 24 | H38: =COUNT(H9:H32) -> 24 | I38: =COUNT(I9:I32) -> 24 | ... Q38: =COUNT(Q9:Q32) -> 24
A39: DCR | B39: =IF(B38>=22,">90%",IF(B38<=22,"<90%")) -> >90% | C39: =IF(C38>=22,">90%",IF(C38<=22,"<90%")) -> >90% | D39: =IF(D38>=22,">90%",IF(D38<=22,"<90%")) -> >90% | E39: =IF(E38>=22,">90%",IF(E38<=22,"<90%")) -> >90% | F39: =IF(F38>=22,">90%",IF(F38<=22,"<90%")) -> >90% | G39: =IF(G38>=22,">90%",IF(G38<=22,"<90%")) -> >90% | H39: =IF(H38>=22,">90%",IF(H38<=22,"<90%")) -> >90% | I39: =IF(I38>=22,">90%",IF(I38<=22,"<90%")) -> >90% | ... Q39: =IF(Q38>=22,">90%",IF(Q38<=22,"<90%")) -> >90%
A40: Status | B40: =IF(B38>=22,"OK",IF(B38<=22,"LESS")) -> OK | C40: =IF(C38>=22,"OK",IF(C38<=22,"LESS")) -> OK | D40: =IF(D38>=22,"OK",IF(D38<=22,"LESS")) -> OK | E40: =IF(E38>=22,"OK",IF(E38<=22,"LESS")) -> OK | F40: =IF(F38>=22,"OK",IF(F38<=22,"LESS")) -> OK | G40: =IF(G38>=22,"OK",IF(G38<=22,"LESS")) -> OK | H40: =IF(H38>=22,"OK",IF(H38<=22,"LESS")) -> OK | I40: =IF(I38>=22,"OK",IF(I38<=22,"LESS")) -> OK | ... Q40: =IF(Q38>=22,"OK",IF(Q38<=22,"LESS")) -> OK
A43: Done by | B43: RAHUL
A45: Comment

Sheet 16
A1: Station: | B1: BHATAGAON RAIPUR
A2: Date: | B2: =$A$9 -> 16/10/2025 01:00 | D2: Power Off | G2: Pw.Off | L2: Link Fail | N2: Link F | P2: Maintenance | R2: Maint.
A3: Report Type: | B3: Mean | D3: Calibration | G3: Calib. | L3: Data Fail | N3: Data F | P3: Invalid | R3: Invalid
A4: Time Base: | B4: 01 Hour | D4: Zero Referrence | G4: Z.Ref | L4: Warm Up | N4: Wm. Up
A7: Date & Time | B7: NO_BHATAGAON | C7: NO2__BHATAGAON | D7: NOX_BHATAGAON | E7: SO2__BHATAGAON | F7: O3__BHATAGAON | G7: PM10__BHATAGAON | H7: PM2_5__BHATAGAON | I7: BENZ__BHATAGAON | J7: WS__BHATAGAON | K7: WD__BHATAGAON | L7: TEMP__BHATAGAON | M7: HUM__BHATAGAON | N7: SR__BHATAGAON | O7: RG__BHATAGAON | P7: CO__BHATAGAON | Q7: NH3__BHATAGAON
B8: ug/m3 | C8: ug/m3 | D8: ppb | E8: ug/m3 | F8: ug/m3 | G8: mg/m3 | H8: ug/m3 | I8: ug/m3 | J8: m/sec | K8: deg | L8: degreC | M8: % | N8: w/m2 | O8: mm | P8: ug/m3 | Q8: ug/m3
A9: 16/10/2025 01:00 | B9: 7.96 | C9: 23.07 | D9: 17.15 | E9: 6.6 | F9: 9.32 | G9: 67.28 | H9: 10.1 | I9: 2.3 | J9: 0.25 | K9: 332.73 | L9: 24.24 | M9: 98.01 | N9: 45.2 | O9: 0 | P9: 0.7 | Q9: 9.05
A10: 16/10/2025 02:00 | B10: 6.15 | C10: 20.57 | D10: 15.38 | E10: 5.98 | F10: 5.34 | G10: 71.38 | H10: 8.89 | I10: 2.27 | J10: 0.2 | K10: 337.4 | L10: 22.89 | M10: 98.06 | N10: 44.9 | O10: 0 | P10: 0.65 | Q10: 9.07
A11: 16/10/2025 03:00 | B11: 6.59 | C11: 17.87 | D11: 14.38 | E11: 5.66 | F11: 4.77 | G11: 73.52 | H11: 8.03 | I11: 2.29 | J11: 0.18 | K11: 335.21 | L11: 22.68 | M11: 98.1 | N11: 44.9 | O11: 0 | P11: 0.68 | Q11: 9.06
A12: 16/10/2025 04:00 | B12: 6.95 | C12: 12.89 | D12: 12.22 | E12: 5.23 | F12: 5.47 | G12: 75.25 | H12: 13.59 | I12: 2.26 | J12: 0.21 | K12: 357.62 | L12: 22.98 | M12: 98.08 | N12: 44.9 | O12: 0 | P12: 0.63 | Q12: 9.03
A13: 16/10/2025 05:00 | B13: 16.01 | C13: 19.29 | D13: 22.91 | E13: 5.1 | F13: 2.98 | G13: 65.53 | H13: 11.79 | I13: 2.26 | J13: 0.19 | K13: 345.65 | L13: 22.5 | M13: 98.15 | N13: 44.9 | O13: 0 | P13: 0.65 | Q13: 9.04
A14: 16/10/2025 06:00 | B14: 14.61 | C14: 19.17 | D14: 21.65 | E14: 5.12 | F14: 2.15 | G14: 66.14 | H14: 10.07 | I14: 2.27 | J14: 0.14 | K14: 323.8 | L14: 21.95 | M14: 98.18 | N14: 48.1 | O14: 0 | P14: 0.73 | Q14: 9.12
A15: 16/10/2025 07:00 | B15: 25.49 | C15: 22.76 | D15: 30.08 | E15: 5.2 | F15: 2.41 | G15: 75.29 | H15: 8.86 | I15: 2.37 | J15: 0.32 | K15: 347.45 | L15: 23.99 | M15: 98.17 | N15: 155.1 | O15: 0 | P15: 0.86 | Q15: 9.14
A16: 16/10/2025 08:00 | B16: 11.31 | C16: 17.74 | D16: 16.78 | E16: 5.64 | F16: 9.16 | G16: 76.12 | H16: 11.59 | I16: 2.39 | J16: 0.43 | K16: 129.23 | L16: 26.92 | M16: 97.98 | N16: 351.4 | O16: 0 | P16: 0.68 | Q16: 9.15
A17: 16/10/2025 09:00 | B17: 16.15 | C17: 18.64 | D17: 22.57 | E17: 6.49 | F17: 9.95 | G17: 79.01 | H17: 9.93 | I17: 2.38 | J17: 0.34 | K17: 118.93 | L17: 29.72 | M17: 76.68 | N17: 529.8 | O17: 0 | P17: 0.71 | Q17: 9.13
A18: 16/10/2025 10:00 | B18: 10.01 | C18: 17.66 | D18: 15.57 | E18: 7.69 | F18: 15.26 | G18: 79.19 | H18: 8.76 | I18: 2.38 | J18: 1.13 | K18: 127.34 | L18: 29.47 | M18: 72.39 | N18: 665.9 | O18: 0 | P18: 0.61 | Q18: 9.13
A19: 16/10/2025 11:00 | B19: 6.6 | C19: 16.16 | D19: 13.74 | E19: 8.99 | F19: 17.71 | G19: 59.92 | H19: 7.95 | I19: 2.28 | J19: 0.75 | K19: 128.77 | L19: 29.52 | M19: 67.51 | N19: 662.1 | O19: 0 | P19: 0.52 | Q19: 9.05
A20: 16/10/2025 12:00 | B20: 5.79 | C20: 14.94 | D20: 12.45 | E20: 10.26 | F20: 17.69 | G20: 68 | H20: 10.82 | I20: 2.14 | J20: 1.09 | K20: 133.03 | L20: 29.54 | M20: 64.14 | N20: 608 | O20: 0 | P20: 0.51 | Q20: 9
... A32: 16/10/2025 24:00 | B32: 20.39 | C32: 32.44 | D32: 33.3 | E32: 8.32 | F32: 3.44 | G32: 64.55 | H32: 9.23 | I32: 2.05 | J32: 0.14 | K32: 338.2 | L32: 24.51 | M32: 98.03 | N32: 44.9 | O32: 0 | P32: 1.03 | Q32: 9.1
A34: Min | B34: =MIN(B9:B32) -> 5.7 | C34: =MIN(C9:C32) -> 12.89 | D34: =MIN(D9:D32) -> 11.88 | E34: =MIN(E9:E32) -> 5.1 | F34: =MIN(F9:F32) -> 2.15 | G34: =MIN(G9:G32) -> 48.75 | H34: =MIN(H9:H32) -> 7.17 | I34: =MIN(I9:I32) -> 1.3 | ... Q34: =MIN(Q9:Q32) -> 8.97
A35: Max | B35: =MAX(B9:B32) -> 25.49 | C35: =MAX(C9:C32) -> 43.58 | D35: =MAX(D9:D32) -> 33.3 | E35: =MAX(E9:E32) -> 11.99 | F35: =MAX(F9:F32) -> 21.21 | G35: =MAX(G9:G32) -> 79.19 | H35: =MAX(H9:H32) -> 13.59 | I35: =MAX(I9:I32) -> 2.39 | ... Q35: =MAX(Q9:Q32) -> 9.15
A36: Avg | B36: =AVERAGE(B9:B32) -> 10.56 | C36: =AVERAGE(C9:C32) -> 23.96625 | D36: =AVERAGE(D9:D32) -> 20.53 | E36: =AVERAGE(E9:E32) -> 7.9408333 | F36: =AVERAGE(F9:F32) -> 9.5383333 | G36: =AVERAGE(G9:G32) -> 67.390417 | H36: =AVERAGE(H9:H32) -> 9.5108333 | I36: =AVERAGE(I9:I32) -> 1.9945833 | ... Q36: =AVERAGE(Q9:Q32) -> 9.0658333
A37: Stdev | B37: =STDEV(B9:B32) -> 4.945467 | C37: =STDEV(C9:C32) -> 8.5621918 | D37: =STDEV(D9:D32) -> 6.355845 | E37: =STDEV(E9:E32) -> 2.2268654 | F37: =STDEV(F9:F32) -> 5.9931952 | G37: =STDEV(G9:G32) -> 7.3433629 | H37: =STDEV(H9:H32) -> 1.4646232 | I37: =STDEV(I9:I32) -> 0.37234835 | ... Q37: =STDEV(Q9:Q32) -> 0.045865272
A38: Num | B38: =COUNT(B9:B32) -> 24 | C38: =COUNT(C9:C32) -> 24 | D38: =COUNT(D9:D32) -> 24 | E38: =COUNT(E9:E32) -> 24 | F38: =COUNT(F9:F32) -> 24 | G38: =COUNT(G9:G32) -> 24 | H38: =COUNT(H9:H32) -> 24 | I38: =COUNT(I9:I32) -> 24 | ... Q38: =COUNT(Q9:Q32) -> 24
A39: DCR | B39: =IF(B38>=22,">90%",IF(B38<=22,"<90%")) -> >90% | C39: =IF(C38>=22,">90%",IF(C38<=22,"<90%")) -> >90% | D39: =IF(D38>=22,">90%",IF(D38<=22,"<90%")) -> >90% | E39: =IF(E38>=22,">90%",IF(E38<=22,"<90%")) -> >90% | F39: =IF(F38>=22,">90%",IF(F38<=22,"<90%")) -> >90% | G39: =IF(G38>=22,">90%",IF(G38<=22,"<90%")) -> >90% | H39: =IF(H38>=22,">90%",IF(H38<=22,"<90%")) -> >90% | I39: =IF(I38>=22,">90%",IF(I38<=22,"<90%")) -> >90% | ... Q39: =IF(Q38>=22,">90%",IF(Q38<=22,"<90%")) -> >90%
A40: Status | B40: =IF(B38>=22,"OK",IF(B38<=22,"LESS")) -> OK | C40: =IF(C38>=22,"OK",IF(C38<=22,"LESS")) -> OK | D40: =IF(D38>=22,"OK",IF(D38<=22,"LESS")) -> OK | E40: =IF(E38>=22,"OK",IF(E38<=22,"LESS")) -> OK | F40: =IF(F38>=22,"OK",IF(F38<=22,"LESS")) -> OK | G40: =IF(G38>=22,"OK",IF(G38<=22,"LESS")) -> OK | H40: =IF(H38>=22,"OK",IF(H38<=22,"LESS")) -> OK | I40: =IF(I38>=22,"OK",IF(I38<=22,"LESS")) -> OK | ... Q40: =IF(Q38>=22,"OK",IF(Q38<=22,"LESS")) -> OK
A43: Done by | B43: RAHUL
A45: Comment

Sheet 17
A1: Station: | B1: BHATAGAON RAIPUR
A2: Date: | B2: =$A$9 -> 17/10/2025 01:00 | D2: Power Off | G2: Pw.Off | L2: Link Fail | N2: Link F | P2: Maintenance | R2: Maint.
A3: Report Type: | B3: Mean | D3: Calibration | G3: Calib. | L3: Data Fail | N3: Data F | P3: Invalid | R3: Invalid
A4: Time Base: | B4: 01 Hour | D4: Zero Referrence | G4: Z.Ref | L4: Warm Up | N4: Wm. Up
A7: Date & Time | B7: NO_BHATAGAON | C7: NO2__BHATAGAON | D7: NOX_BHATAGAON | E7: SO2__BHATAGAON | F7: O3__BHATAGAON | G7: PM10__BHATAGAON | H7: PM2_5__BHATAGAON | I7: BENZ__BHATAGAON | J7: WS__BHATAGAON | K7: WD__BHATAGAON | L7: TEMP__BHATAGAON | M7: HUM__BHATAGAON | N7: SR__BHATAGAON | O7: RG__BHATAGAON | P7: CO__BHATAGAON | Q7: NH3__BHATAGAON
B8: ug/m3 | C8: ug/m3 | D8: ppb | E8: ug/m3 | F8: ug/m3 | G8: mg/m3 | H8: ug/m3 | I8: ug/m3 | J8: m/sec | K8: deg | L8: degreC | M8: % | N8: w/m2 | O8: mm | P8: ug/m3 | Q8: ug/m3
A9: 17/10/2025 01:00 | B9: 14.19 | C9: 26.56 | D9: 23.38 | E9: 6.18 | F9: 2.15 | G9: 73.45 | H9: 8.94 | I9: 2.15 | J9: 0.19 | K9: 337.07 | L9: 23.51 | M9: 97.99 | N9: 44.9 | O9: 0 | P9: 0.92 | Q9: 9.12
A10: 17/10/2025 02:00 | B10: 10.56 | C10: 21.26 | D10: 18.52 | E10: 5.59 | F10: 4.07 | G10: 85.55 | H10: 9.07 | I10: 2.2 | J10: 0.11 | K10: 352.46 | L10: 23.32 | M10: 97.93 | N10: 44.8 | O10: 0 | P10: 0.69 | Q10: 9.11
A11: 17/10/2025 03:00 | B11: 7.62 | C11: 19.82 | D11: 16.15 | E11: 5.07 | F11: 2.85 | G11: 78.43 | H11: 8.58 | I11: 2.2 | J11: 0.16 | K11: 329.31 | L11: 23.22 | M11: 97.91 | N11: 45 | O11: 0 | P11: 0.64 | Q11: 9.11
A12: 17/10/2025 04:00 | B12: 10.67 | C12: 17.34 | D12: 16.11 | E12: 5.07 | F12: 2.32 | G12: 72.75 | H12: 11.42 | I12: 2.18 | J12: 0.23 | K12: 334.88 | L12: 22.56 | M12: 98 | N12: 44.9 | O12: 0 | P12: 0.59 | Q12: 9.15
A13: 17/10/2025 05:00 | B13: 16.62 | C13: 17.11 | D13: 22.26 | E13: 4.82 | F13: 2.31 | G13: 71.25 | H13: 10.37 | I13: 2.21 | J13: 0.32 | K13: 336.98 | L13: 21.89 | M13: 97.95 | N13: 44.6 | O13: 0 | P13: 0.66 | Q13: 9.16
A14: 17/10/2025 06:00 | B14: 13.41 | C14: 16.8 | D14: 17.36 | E14: 4.74 | F14: 2.1 | G14: 72.77 | H14: 9.03 | I14: 2.2 | J14: 0.26 | K14: 343.46 | L14: 21.94 | M14: 97.94 | N14: 47.7 | O14: 0 | P14: 0.64 | Q14: 9.14
A15: 17/10/2025 07:00 | B15: 18.19 | C15: 17.35 | D15: 23.65 | E15: 4.66 | F15: 2.1 | G15: 72.04 | H15: 8.14 | I15: 2.28 | J15: 0.16 | K15: 352.88 | L15: 23.41 | M15: 97.9 | N15: 135.2 | O15: 0 | P15: 0.86 | Q15: 9.14
A16: 17/10/2025 08:00 | B16: 24.34 | C16: 17.82 | D16: 28.78 | E16: 5.38 | F16: 6.24 | G16: 81.15 | H16: 9.82 | I16: 2.39 | J16: 0.69 | K16: 132.71 | L16: 25.49 | M16: 97.74 | N16: 310.5 | O16: 0 | P16: 0.74 | Q16: 9.2
A17: 17/10/2025 09:00 | B17: 14.19 | C17: 18.65 | D17: 18.92 | E17: 7.76 | F17: 8.2 | G17: 78.14 | H17: 8.77 | I17: 2.37 | J17: 0.36 | K17: 134.83 | L17: 29.36 | M17: 79.24 | N17: 490.9 | O17: 0 | P17: 0.63 | Q17: 9.21
A18: 17/10/2025 10:00 | B18: 14.26 | C18: 25.43 | D18: 24.72 | E18: 9.46 | F18: 6.76 | G18: 76.24 | H18: 8.06 | I18: 2.33 | J18: 0.69 | K18: 352.25 | L18: 30.46 | M18: 75.99 | N18: 646.1 | O18: 0 | P18: 0.66 | Q18: 9.19
A19: 17/10/2025 11:00 | B19: 12.32 | C19: 16.5 | D19: 18.5 | E19: 12.27 | F19: 12.44 | G19: 78.46 | H19: 7.58 | I19: 2.22 | J19: 0.96 | K19: 132.04 | L19: 30.63 | M19: 61.76 | N19: 703 | O19: 0 | P19: 0.6 | Q19: 9.16
A20: 17/10/2025 12:00 | B20: 12.25 | C20: 17.1 | D20: 19.15 | E20: 15.9 | F20: 13.66 | G20: 69.38 | H20: 10.46 | I20: 2.11 | J20: 0.66 | K20: 351.94 | L20: 30.59 | M20: 55.03 | N20: 694.5 | O20: 0 | P20: 0.55 | Q20: 9.11
... A32: 17/10/2025 24:00 | B32: 84.72 | C32: 32.9 | D32: 77.33 | E32: 7.03 | F32: 2.1 | G32: 101.02 | H32: 10.96 | I32: 2.63 | J32: 0.16 | K32: 352.3 | L32: 23.02 | M32: 97.73 | N32: 42.4 | O32: 0 | P32: 1.43 | Q32: 9.53
A34: Min | B34: =MIN(B9:B32) -> 5.89 | C34: =MIN(C9:C32) -> 16.47 | D34: =MIN(D9:D32) -> 14.7 | E34: =MIN(E9:E32) -> 4.66 | F34: =MIN(F9:F32) -> 2.1 | G34: =MIN(G9:G32) -> 69.38 | H34: =MIN(H9:H32) -> 7.58 | I34: =MIN(I9:I32) -> 1.68 | ... Q34: =MIN(Q9:Q32) -> 9.02
A35: Max | B35: =MAX(B9:B32) -> 91.7 | C35: =MAX(C9:C32) -> 48.19 | D35: =MAX(D9:D32) -> 85.94 | E35: =MAX(E9:E32) -> 21.43 | F35: =MAX(F9:F32) -> 20.94 | G35: =MAX(G9:G32) -> 101.02 | H35: =MAX(H9:H32) -> 11.42 | I35: =MAX(I9:I32) -> 2.63 | ... Q35: =MAX(Q9:Q32) -> 9.53
A36: Avg | B36: =AVERAGE(B9:B32) -> 18.932917 | C36: =AVERAGE(C9:C32) -> 25.773333 | D36: =AVERAGE(D9:D32) -> 27.525833 | E36: =AVERAGE(E9:E32) -> 10.41625 | F36: =AVERAGE(F9:F32) -> 8.1908333 | G36: =AVERAGE(G9:G32) -> 75.572083 | H36: =AVERAGE(H9:H32) -> 9.1079167 | I36: =AVERAGE(I9:I32) -> 2.0858333 | ... Q36: =AVERAGE(Q9:Q32) -> 9.13875
A37: Stdev | B37: =STDEV(B9:B32) -> 21.93961 | C37: =STDEV(C9:C32) -> 9.3616664 | D37: =STDEV(D9:D32) -> 17.903999 | E37: =STDEV(E9:E32) -> 5.433655 | F37: =STDEV(F9:F32) -> 6.3356719 | G37: =STDEV(G9:G32) -> 6.91605 | H37: =STDEV(H9:H32) -> 0.98726667 | I37: =STDEV(I9:I32) -> 0.26795387 | ... Q37: =STDEV(Q9:Q32) -> 0.10389428
A38: Num | B38: =COUNT(B9:B32) -> 24 | C38: =COUNT(C9:C32) -> 24 | D38: =COUNT(D9:D32) -> 24 | E38: =COUNT(E9:E32) -> 24 | F38: =COUNT(F9:F32) -> 24 | G38: =COUNT(G9:G32) -> 24 | H38: =COUNT(H9:H32) -> 24 | I38: =COUNT(I9:I32) -> 24 | ... Q38: =COUNT(Q9:Q32) -> 24
A39: DCR | B39: =IF(B38>=22,">90%",IF(B38<=22,"<90%")) -> >90% | C39: =IF(C38>=22,">90%",IF(C38<=22,"<90%")) -> >90% | D39: =IF(D38>=22,">90%",IF(D38<=22,"<90%")) -> >90% | E39: =IF(E38>=22,">90%",IF(E38<=22,"<90%")) -> >90% | F39: =IF(F38>=22,">90%",IF(F38<=22,"<90%")) -> >90% | G39: =IF(G38>=22,">90%",IF(G38<=22,"<90%")) -> >90% | H39: =IF(H38>=22,">90%",IF(H38<=22,"<90%")) -> >90% | I39: =IF(I38>=22,">90%",IF(I38<=22,"<90%")) -> >90% | ... Q39: =IF(Q38>=22,">90%",IF(Q38<=22,"<90%")) -> >90%
A40: Status | B40: =IF(B38>=22,"OK",IF(B38<=22,"LESS")) -> OK | C40: =IF(C38>=22,"OK",IF(C38<=22,"LESS")) -> OK | D40: =IF(D38>=22,"OK",IF(D38<=22,"LESS")) -> OK | E40: =IF(E38>=22,"OK",IF(E38<=22,"LESS")) -> OK | F40: =IF(F38>=22,"OK",IF(F38<=22,"LESS")) -> OK | G40: =IF(G38>=22,"OK",IF(G38<=22,"LESS")) -> OK | H40: =IF(H38>=22,"OK",IF(H38<=22,"LESS")) -> OK | I40: =IF(I38>=22,"OK",IF(I38<=22,"LESS")) -> OK | ... Q40: =IF(Q38>=22,"OK",IF(Q38<=22,"LESS")) -> OK
A43: Done by | B43: RAHUL
A45: Comment

Sheet 18
A1: Station: | B1: BHATAGAON RAIPUR
A2: Date: | B2: =$A$9 -> 18/10/2025 01:00 | D2: Power Off | G2: Pw.Off | L2: Link Fail | N2: Link F | P2: Maintenance | R2: Maint.
A3: Report Type: | B3: Mean | D3: Calibration | G3: Calib. | L3: Data Fail | N3: Data F | P3: Invalid | R3: Invalid
A4: Time Base: | B4: 01 Hour | D4: Zero Referrence | G4: Z.Ref | L4: Warm Up | N4: Wm. Up
A7: Date & Time | B7: NO_BHATAGAON | C7: NO2__BHATAGAON | D7: NOX_BHATAGAON | E7: SO2__BHATAGAON | F7: O3__BHATAGAON | G7: PM10__BHATAGAON | H7: PM2_5__BHATAGAON | I7: BENZ__BHATAGAON | J7: WS__BHATAGAON | K7: WD__BHATAGAON | L7: TEMP__BHATAGAON | M7: HUM__BHATAGAON | N7: SR__BHATAGAON | O7: RG__BHATAGAON | P7: CO__BHATAGAON | Q7: NH3__BHATAGAON
B8: ug/m3 | C8: ug/m3 | D8: ppb | E8: ug/m3 | F8: ug/m3 | G8: mg/m3 | H8: ug/m3 | I8: ug/m3 | J8: m/sec | K8: deg | L8: degreC | M8: % | N8: w/m2 | O8: mm | P8: ug/m3 | Q8: ug/m3
A9: 18/10/2025 01:00 | B9: 32.35 | C9: 23.08 | D9: 38 | E9: 6.83 | F9: 8.03 | G9: 106.55 | H9: 9.78 | I9: 2.75 | J9: 0.18 | K9: 337.21 | L9: 23.43 | M9: 97.21 | N9: 42.4 | O9: 0 | P9: 1.18 | Q9: 9.59
A10: 18/10/2025 02:00 | B10: 15.83 | C10: 14.98 | D10: 19.87 | E10: 7.47 | F10: 6.94 | G10: 101.95 | H10: 8.66 | I10: 2.75 | J10: 0.15 | K10: 311.65 | L10: 23.38 | M10: 90.48 | N10: 42.6 | O10: 0 | P10: 0.54 | Q10: 9.58
A11: 18/10/2025 03:00 | B11: 19.93 | C11: 12.47 | D11: 19.87 | E11: 6.99 | F11: 3.08 | G11: 84.32 | H11: 7.88 | I11: 2.66 | J11: 0.2 | K11: 343.04 | L11: 22.36 | M11: 97.77 | N11: 42.6 | O11: 0 | P11: 0.72 | Q11: 9.52
A12: 18/10/2025 04:00 | B12: 19.18 | C12: 12.93 | D12: 19.2 | E12: 6.09 | F12: 2.1 | G12: 70.45 | H12: 11.42 | I12: 2.56 | J12: 0.07 | K12: 285.16 | L12: 21.92 | M12: 97.83 | N12: 42.3 | O12: 0 | P12: 0.71 | Q12: 9.44
A13: 18/10/2025 05:00 | B13: 19.27 | C13: 10.86 | D13: 19.3 | E13: 5.92 | F13: 2.1 | G13: 74.26 | H13: 11.85 | I13: 2.47 | J13: 0.1 | K13: 322.24 | L13: 21.52 | M13: 97.85 | N13: 42.3 | O13: 0 | P13: 0.72 | Q13: 9.36
A14: 18/10/2025 06:00 | B14: 20.52 | C14: 14.57 | D14: 21.66 | E14: 6.07 | F14: 2.25 | G14: 95.31 | H14: 10.11 | I14: 2.48 | J14: 0.18 | K14: 355.19 | L14: 21.41 | M14: 97.78 | N14: 45 | O14: 0 | P14: 0.71 | Q14: 9.36
A15: 18/10/2025 07:00 | B15: 28.25 | C15: 17.59 | D15: 30.02 | E15: 6.41 | F15: 2.1 | G15: 92.19 | H15: 8.89 | I15: 2.62 | J15: 0.24 | K15: 344.33 | L15: 23.12 | M15: 97.82 | N15: 131.9 | O15: 0 | P15: 0.78 | Q15: 9.39
A16: 18/10/2025 08:00 | B16: 18.84 | C16: 10.23 | D16: 20.46 | E16: 6.13 | F16: 2.2 | G16: 104.96 | H16: 9.52 | I16: 2.53 | J16: 0.59 | K16: 135.23 | L16: 24.84 | M16: 93.02 | N16: 315.6 | O16: 0 | P16: 0.66 | Q16: 9.4
A17: 18/10/2025 09:00 | B17: 14.42 | C17: 14.78 | D17: 18.95 | E17: 7.77 | F17: 4.1 | G17: 90.03 | H17: 8.55 | I17: 2.51 | J17: 0.71 | K17: 130.33 | L17: 27.01 | M17: 72.93 | N17: 518.6 | O17: 0 | P17: 0.61 | Q17: 9.31
A18: 18/10/2025 10:00 | B18: 15.84 | C18: 16.25 | D18: 19.89 | E18: 11.96 | F18: 4.36 | G18: 81.68 | H18: 7.9 | I18: 2.43 | J18: 0.42 | K18: 137.07 | L18: 29.51 | M18: 60.23 | N18: 689.6 | O18: 0 | P18: 0.6 | Q18: 9.24
A19: 18/10/2025 11:00 | B19: 10.46 | C19: 15.86 | D19: 16.56 | E19: 15.56 | F19: 8 | G19: 77.13 | H19: 7.46 | I19: 2.4 | J19: 0.76 | K19: 140.44 | L19: 30.07 | M19: 44.11 | N19: 753.7 | O19: 0 | P19: 0.53 | Q19: 9.23
A20: 18/10/2025 12:00 | B20: 10.57 | C20: 21.83 | D20: 18.91 | E20: 14.16 | F20: 10.02 | G20: 64.28 | H20: 7.15 | I20: 2.34 | J20: 0.65 | K20: 350.79 | L20: 32.12 | M20: 41 | N20: 765.9 | O20: 0 | P20: 0.53 | Q20: 9.18
... A32: 18/10/2025 24:00 | B32: 8.44 | C32: 28.58 | D32: 21.21 | E32: 8.21 | F32: 3.8 | G32: 52.05 | H32: 8.84 | I32: 2.64 | J32: 0.19 | K32: 354.52 | L32: 22.77 | M32: 79.54 | N32: 45.2 | O32: 0 | P32: 0.81 | Q32: 9.1
A34: Min | B34: =MIN(B9:B32) -> 6.57 | C34: =MIN(C9:C32) -> 10.23 | D34: =MIN(D9:D32) -> 16.39 | E34: =MIN(E9:E32) -> 5.92 | F34: =MIN(F9:F32) -> 2.1 | G34: =MIN(G9:G32) -> 52.05 | H34: =MIN(H9:H32) -> 7.02 | I34: =MIN(I9:I32) -> 2 | ... Q34: =MIN(Q9:Q32) -> 9.05
A35: Max | B35: =MAX(B9:B32) -> 32.35 | C35: =MAX(C9:C32) -> 37.3 | D35: =MAX(D9:D32) -> 38 | E35: =MAX(E9:E32) -> 21.63 | F35: =MAX(F9:F32) -> 21.12 | G35: =MAX(G9:G32) -> 106.55 | H35: =MAX(H9:H32) -> 11.85 | I35: =MAX(I9:I32) -> 2.75 | ... Q35: =MAX(Q9:Q32) -> 9.59
A36: Avg | B36: =AVERAGE(B9:B32) -> 14.8175 | C36: =AVERAGE(C9:C32) -> 21.92375 | D36: =AVERAGE(D9:D32) -> 22.427917 | E36: =AVERAGE(E9:E32) -> 11.3225 | F36: =AVERAGE(F9:F32) -> 6.5666667 | G36: =AVERAGE(G9:G32) -> 74.8475 | H36: =AVERAGE(H9:H32) -> 8.55 | I36: =AVERAGE(I9:I32) -> 2.39375 | ... Q36: =AVERAGE(Q9:Q32) -> 9.2458333
A37: Stdev | B37: =STDEV(B9:B32) -> 6.5250829 | C37: =STDEV(C9:C32) -> 8.2171876 | D37: =STDEV(D9:D32) -> 5.3601557 | E37: =STDEV(E9:E32) -> 4.9962214 | F37: =STDEV(F9:F32) -> 4.4533453 | G37: =STDEV(G9:G32) -> 16.120941 | H37: =STDEV(H9:H32) -> 1.2234982 | I37: =STDEV(I9:I32) -> 0.230478 | ... Q37: =STDEV(Q9:Q32) -> 0.1691132
A38: Num | B38: =COUNT(B9:B32) -> 24 | C38: =COUNT(C9:C32) -> 24 | D38: =COUNT(D9:D32) -> 24 | E38: =COUNT(E9:E32) -> 24 | F38: =COUNT(F9:F32) -> 24 | G38: =COUNT(G9:G32) -> 24 | H38: =COUNT(H9:H32) -> 24 | I38: =COUNT(I9:I32) -> 24 | ... Q38: =COUNT(Q9:Q32) -> 24
A39: DCR | B39: =IF(B38>=22,">90%",IF(B38<=22,"<90%")) -> >90% | C39: =IF(C38>=22,">90%",IF(C38<=22,"<90%")) -> >90% | D39: =IF(D38>=22,">90%",IF(D38<=22,"<90%")) -> >90% | E39: =IF(E38>=22,">90%",IF(E38<=22,"<90%")) -> >90% | F39: =IF(F38>=22,">90%",IF(F38<=22,"<90%")) -> >90% | G39: =IF(G38>=22,">90%",IF(G38<=22,"<90%")) -> >90% | H39: =IF(H38>=22,">90%",IF(H38<=22,"<90%")) -> >90% | I39: =IF(I38>=22,">90%",IF(I38<=22,"<90%")) -> >90% | ... Q39: =IF(Q38>=22,">90%",IF(Q38<=22,"<90%")) -> >90%
A40: Status | B40: =IF(B38>=22,"OK",IF(B38<=22,"LESS")) -> OK | C40: =IF(C38>=22,"OK",IF(C38<=22,"LESS")) -> OK | D40: =IF(D38>=22,"OK",IF(D38<=22,"LESS")) -> OK | E40: =IF(E38>=22,"OK",IF(E38<=22,"LESS")) -> OK | F40: =IF(F38>=22,"OK",IF(F38<=22,"LESS")) -> OK | G40: =IF(G38>=22,"OK",IF(G38<=22,"LESS")) -> OK | H40: =IF(H38>=22,"OK",IF(H38<=22,"LESS")) -> OK | I40: =IF(I38>=22,"OK",IF(I38<=22,"LESS")) -> OK | ... Q40: =IF(Q38>=22,"OK",IF(Q38<=22,"LESS")) -> OK
A43: Done by | B43: RAHUL
A45: Comment

Sheet 19
A1: Station: | B1: BHATAGAON RAIPUR
A2: Date: | B2: =$A$9 -> 19/10/2025 01:00 | D2: Power Off | G2: Pw.Off | L2: Link Fail | N2: Link F | P2: Maintenance | R2: Maint.
A3: Report Type: | B3: Mean | D3: Calibration | G3: Calib. | L3: Data Fail | N3: Data F | P3: Invalid | R3: Invalid
A4: Time Base: | B4: 01 Hour | D4: Zero Referrence | G4: Z.Ref | L4: Warm Up | N4: Wm. Up
A7: Date & Time | B7: NO_BHATAGAON | C7: NO2__BHATAGAON | D7: NOX_BHATAGAON | E7: SO2__BHATAGAON | F7: O3__BHATAGAON | G7: PM10__BHATAGAON | H7: PM2_5__BHATAGAON | I7: BENZ__BHATAGAON | J7: WS__BHATAGAON | K7: WD__BHATAGAON | L7: TEMP__BHATAGAON | M7: HUM__BHATAGAON | N7: SR__BHATAGAON | O7: RG__BHATAGAON | P7: CO__BHATAGAON | Q7: NH3__BHATAGAON
B8: ug/m3 | C8: ug/m3 | D8: ppb | E8: ug/m3 | F8: ug/m3 | G8: mg/m3 | H8: ug/m3 | I8: ug/m3 | J8: m/sec | K8: deg | L8: degreC | M8: % | N8: w/m2 | O8: mm | P8: ug/m3 | Q8: ug/m3
A9: 19/10/2025 01:00 | B9: 7.37 | C9: 27.15 | D9: 19.88 | E9: 6.79 | F9: 2.85 | G9: 51.57 | H9: 8.77 | I9: 2.77 | J9: 0.12 | K9: 314.85 | L9: 21.92 | M9: 88.41 | N9: 45.3 | O9: 0 | P9: 0.78 | Q9: 9.11
A10: 19/10/2025 02:00 | B10: 7.26 | C10: 13.93 | D10: 12.9 | E10: 6.2 | F10: 2.17 | G10: 53.37 | H10: 8.71 | I10: 2.89 | J10: 0.14 | K10: 321.66 | L10: 21.77 | M10: 91.2 | N10: 45.3 | O10: 0 | P10: 0.73 | Q10: 9.07
A11: 19/10/2025 03:00 | B11: 7.6 | C11: 12.31 | D11: 12.42 | E11: 5.24 | F11: 2.1 | G11: 54.62 | H11: 8.71 | I11: 2.91 | J11: 0.06 | K11: 339.49 | L11: 20.66 | M11: 97.59 | N11: 45.3 | O11: 0 | P11: 0.71 | Q11: 9.06
A12: 19/10/2025 04:00 | B12: 8.17 | C12: 15.5 | D12: 14.61 | E12: 5.07 | F12: 2.58 | G12: 50.74 | H12: 9.02 | I12: 2.92 | J12: 0.18 | K12: 337.47 | L12: 20.37 | M12: 97.78 | N12: 44.9 | O12: 0 | P12: 0.69 | Q12: 9.08
A13: 19/10/2025 05:00 | B13: 10.91 | C13: 19.9 | D13: 17.43 | E13: 5.53 | F13: 2.1 | G13: 53.02 | H13: 8.95 | I13: 2.98 | J13: 0.07 | K13: 145.34 | L13: 20.06 | M13: 97.83 | N13: 44.9 | O13: 0 | P13: 0.82 | Q13: 9.1
A14: 19/10/2025 06:00 | B14: 10.78 | C14: 11.98 | D14: 13.79 | E14: 5.07 | F14: 2.1 | G14: 68.83 | H14: 8.88 | I14: 3.07 | J14: 0.57 | K14: 342.03 | L14: 20.04 | M14: 97.81 | N14: 47.8 | O14: 0 | P14: 0.77 | Q14: 9.11
A15: 19/10/2025 07:00 | B15: 14.49 | C15: 9.45 | D15: 16.21 | E15: 4.98 | F15: 2.1 | G15: 71.45 | H15: 8.81 | I15: 3.01 | J15: 0.34 | K15: 344.44 | L15: 22.01 | M15: 97.8 | N15: 163.4 | O15: 0 | P15: 0.8 | Q15: 9.18
A16: 19/10/2025 08:00 | B16: 19.34 | C16: 13.1 | D16: 22.35 | E16: 5.88 | F16: 2.1 | G16: 72.95 | H16: 9.03 | I16: 2.99 | J16: 0.5 | K16: 339.01 | L16: 26.54 | M16: 74.89 | N16: 379.8 | O16: 0 | P16: 0.78 | Q16: 9.26
A17: 19/10/2025 09:00 | B17: 17.42 | C17: 16.54 | D17: 21.39 | E17: 8.25 | F17: 2.2 | G17: 72.45 | H17: 8.95 | I17: 2.95 | J17: 0.71 | K17: 358.08 | L17: 31.09 | M17: 47.68 | N17: 572 | O17: 0 | P17: 0.77 | Q17: 9.31
A18: 19/10/2025 10:00 | B18: 16.14 | C18: 16.65 | D18: 21.42 | E18: 9.07 | F18: 2.14 | G18: 62.96 | H18: 8.88 | I18: 2.89 | J18: 0.79 | K18: 340.88 | L18: 31.94 | M18: 45.3 | N18: 731.7 | O18: 0 | P18: 0.74 | Q18: 9.3
A19: 19/10/2025 11:00 | B19: 15.98 | C19: 16.03 | D19: 20.33 | E19: 8.55 | F19: 3.05 | G19: 58.7 | H19: 8.82 | I19: 2.81 | J19: 1.02 | K19: 337.87 | L19: 33.22 | M19: 37.94 | N19: 792.1 | O19: 0 | P19: 0.71 | Q19: 9.27
A20: 19/10/2025 12:00 | B20: 12.13 | C20: 16.58 | D20: 17.03 | E20: 10.39 | F20: 12.08 | G20: 51.72 | H20: 9.27 | I20: 2.66 | J20: 0.84 | K20: 130.74 | L20: 31.11 | M20: 43.65 | N20: 824.6 | O20: 0 | P20: 0.62 | Q20: 9.22
... A32: 19/10/2025 24:00 | B32: 13.94 | C32: 26.09 | D32: 22.08 | E32: 10.45 | F32: 3.11 | G32: 95.99 | H32: 20.25 | I32: 3.74 | J32: 0.52 | K32: 337.83 | L32: 23.68 | M32: 91.44 | N32: 40.5 | O32: 0 | P32: 1.14 | Q32: 9.29
A34: Min | B34: =MIN(B9:B32) -> 7.26 | C34: =MIN(C9:C32) -> 9.45 | D34: =MIN(D9:D32) -> 12.42 | E34: =MIN(E9:E32) -> 4.98 | F34: =MIN(F9:F32) -> 2.1 | G34: =MIN(G9:G32) -> 40.54 | H34: =MIN(H9:H32) -> 8.6 | I34: =MIN(I9:I32) -> 1.95 | ... Q34: =MIN(Q9:Q32) -> 9.05
A35: Max | B35: =MAX(B9:B32) -> 29.59 | C35: =MAX(C9:C32) -> 48.78 | D35: =MAX(D9:D32) -> 47.5 | E35: =MAX(E9:E32) -> 31.6 | F35: =MAX(F9:F32) -> 21.26 | G35: =MAX(G9:G32) -> 98.02 | H35: =MAX(H9:H32) -> 23.03 | I35: =MAX(I9:I32) -> 3.74 | ... Q35: =MAX(Q9:Q32) -> 9.32
A36: Avg | B36: =AVERAGE(B9:B32) -> 14.697083 | C36: =AVERAGE(C9:C32) -> 24.25 | D36: =AVERAGE(D9:D32) -> 23.787917 | E36: =AVERAGE(E9:E32) -> 11.649583 | F36: =AVERAGE(F9:F32) -> 6.9629167 | G36: =AVERAGE(G9:G32) -> 59.839583 | H36: =AVERAGE(H9:H32) -> 10.622083 | I36: =AVERAGE(I9:I32) -> 2.8220833 | ... Q36: =AVERAGE(Q9:Q32) -> 9.1716667
A37: Stdev | B37: =STDEV(B9:B32) -> 7.1270278 | C37: =STDEV(C9:C32) -> 11.438242 | D37: =STDEV(D9:D32) -> 10.278105 | E37: =STDEV(E9:E32) -> 6.6126752 | F37: =STDEV(F9:F32) -> 7.176838 | G37: =STDEV(G9:G32) -> 17.556988 | H37: =STDEV(H9:H32) -> 3.8076582 | I37: =STDEV(I9:I32) -> 0.4896936 | ... Q37: =STDEV(Q9:Q32) -> 0.093141625
A38: Num | B38: =COUNT(B9:B32) -> 24 | C38: =COUNT(C9:C32) -> 24 | D38: =COUNT(D9:D32) -> 24 | E38: =COUNT(E9:E32) -> 24 | F38: =COUNT(F9:F32) -> 24 | G38: =COUNT(G9:G32) -> 24 | H38: =COUNT(H9:H32) -> 24 | I38: =COUNT(I9:I32) -> 24 | ... Q38: =COUNT(Q9:Q32) -> 24
A39: DCR | B39: =IF(B38>=22,">90%",IF(B38<=22,"<90%")) -> >90% | C39: =IF(C38>=22,">90%",IF(C38<=22,"<90%")) -> >90% | D39: =IF(D38>=22,">90%",IF(D38<=22,"<90%")) -> >90% | E39: =IF(E38>=22,">90%",IF(E38<=22,"<90%")) -> >90% | F39: =IF(F38>=22,">90%",IF(F38<=22,"<90%")) -> >90% | G39: =IF(G38>=22,">90%",IF(G38<=22,"<90%")) -> >90% | H39: =IF(H38>=22,">90%",IF(H38<=22,"<90%")) -> >90% | I39: =IF(I38>=22,">90%",IF(I38<=22,"<90%")) -> >90% | ... Q39: =IF(Q38>=22,">90%",IF(Q38<=22,"<90%")) -> >90%
A40: Status | B40: =IF(B38>=22,"OK",IF(B38<=22,"LESS")) -> OK | C40: =IF(C38>=22,"OK",IF(C38<=22,"LESS")) -> OK | D40: =IF(D38>=22,"OK",IF(D38<=22,"LESS")) -> OK | E40: =IF(E38>=22,"OK",IF(E38<=22,"LESS")) -> OK | F40: =IF(F38>=22,"OK",IF(F38<=22,"LESS")) -> OK | G40: =IF(G38>=22,"OK",IF(G38<=22,"LESS")) -> OK | H40: =IF(H38>=22,"OK",IF(H38<=22,"LESS")) -> OK | I40: =IF(I38>=22,"OK",IF(I38<=22,"LESS")) -> OK | ... Q40: =IF(Q38>=22,"OK",IF(Q38<=22,"LESS")) -> OK
A43: Done by | B43: RAHUL
A45: Comment

Sheet 20
A1: Station: | B1: BHATAGAON RAIPUR
A2: Date: | B2: =$A$9 -> 20/10/2025 01:00 | D2: Power Off | G2: Pw.Off | L2: Link Fail | N2: Link F | P2: Maintenance | R2: Maint.
A3: Report Type: | B3: Mean | D3: Calibration | G3: Calib. | L3: Data Fail | N3: Data F | P3: Invalid | R3: Invalid
A4: Time Base: | B4: 01 Hour | D4: Zero Referrence | G4: Z.Ref | L4: Warm Up | N4: Wm. Up
A7: Date & Time | B7: NO_BHATAGAON | C7: NO2__BHATAGAON | D7: NOX_BHATAGAON | E7: SO2__BHATAGAON | F7: O3__BHATAGAON | G7: PM10__BHATAGAON | H7: PM2_5__BHATAGAON | I7: BENZ__BHATAGAON | J7: WS__BHATAGAON | K7: WD__BHATAGAON | L7: TEMP__BHATAGAON | M7: HUM__BHATAGAON | N7: SR__BHATAGAON | O7: RG__BHATAGAON | P7: CO__BHATAGAON | Q7: NH3__BHATAGAON
B8: ug/m3 | C8: ug/m3 | D8: ppb | E8: ug/m3 | F8: ug/m3 | G8: mg/m3 | H8: ug/m3 | I8: ug/m3 | J8: m/sec | K8: deg | L8: degreC | M8: % | N8: w/m2 | O8: mm | P8: ug/m3 | Q8: ug/m3
A9: 20/10/2025 01:00 | B9: 11.14 | C9: 18.04 | D9: 17.19 | E9: 8.95 | F9: 3.2 | G9: 90.25 | H9: 19.91 | I9: 3.66 | J9: 0.52 | K9: 340.99 | L9: 23.63 | M9: 92.49 | N9: 40.6 | O9: 0 | P9: 1.12 | Q9: 9.24
A10: 20/10/2025 02:00 | B10: 8.81 | C10: 18.43 | D10: 16.6 | E10: 9.99 | F10: 7.38 | G10: 86.13 | H10: 18.57 | I10: 3.54 | J10: 0.31 | K10: 339.53 | L10: 23.11 | M10: 94.34 | N10: 40.4 | O10: 0 | P10: 0.83 | Q10: 9.19
A11: 20/10/2025 03:00 | B11: 7.61 | C11: 20.19 | D11: 16.62 | E11: 9.93 | F11: 6.27 | G11: 79.91 | H11: 17.5 | I11: 3.47 | J11: 0.15 | K11: 325.38 | L11: 22.97 | M11: 97.53 | N11: 40.6 | O11: 0 | P11: 0.96 | Q11: 9.17
A12: 20/10/2025 04:00 | B12: 8.99 | C12: 19.65 | D12: 16.18 | E12: 10.85 | F12: 2.1 | G12: 92.46 | H12: 21.69 | I12: 3.45 | J12: 0.43 | K12: 344.38 | L12: 22.77 | M12: 96.92 | N12: 40.8 | O12: 0 | P12: 0.96 | Q12: 9.17
A13: 20/10/2025 05:00 | B13: 9.95 | C13: 14.12 | D13: 15.02 | E13: 8.21 | F13: 2.12 | G13: 89.93 | H13: 19.69 | I13: 3.39 | J13: 0.42 | K13: 343.98 | L13: 22.69 | M13: 97.74 | N13: 40.8 | O13: 0 | P13: 0.86 | Q13: 9.12
A14: 20/10/2025 06:00 | B14: 13.41 | C14: 17.12 | D14: 18.72 | E14: 8.18 | F14: 3.43 | G14: 82.48 | H14: 18.43 | I14: 3.21 | J14: 0.55 | K14: 342.36 | L14: 22.81 | M14: 97.75 | N14: 41.5 | O14: 0 | P14: 0.83 | Q14: 9.12
A15: 20/10/2025 07:00 | B15: 17.04 | C15: 19.58 | D15: 23.9 | E15: 11.46 | F15: 3.18 | G15: 82.07 | H15: 17.4 | I15: 3.2 | J15: 0.75 | K15: 340.67 | L15: 23.25 | M15: 97.71 | N15: 70 | O15: 0 | P15: 0.86 | Q15: 9.18
A16: 20/10/2025 08:00 | B16: 13.73 | C16: 21.25 | D16: 22.11 | E16: 12 | F16: 2.27 | G16: 84.47 | H16: 18.81 | I16: 3.32 | J16: 0.52 | K16: 336.76 | L16: 23.74 | M16: 96.66 | N16: 129.8 | O16: 0 | P16: 0.91 | Q16: 9.21
A17: 20/10/2025 09:00 | B17: 14.03 | C17: 12.58 | D17: 17.06 | E17: 8.68 | F17: 4.26 | G17: 94.5 | H17: 18.6 | I17: 3.31 | J17: 0.69 | K17: 314.13 | L17: 25.03 | M17: 97.33 | N17: 252.6 | O17: 0 | P17: 0.81 | Q17: 9.19
A18: 20/10/2025 10:00 | B18: 10.62 | C18: 18.79 | D18: 15.45 | E18: 8.09 | F18: 8.98 | G18: 87.37 | H18: 20.25 | I18: 3.15 | J18: 0.61 | K18: 132.48 | L18: 28.09 | M18: 96.58 | N18: 630.1 | O18: 0 | P18: 0.68 | Q18: 9.18
A19: 20/10/2025 11:00 | B19: 8.67 | C19: 16.14 | D19: 15.08 | E19: 8.27 | F19: 10.6 | G19: 15.08 | H19: 20.21 | I19: 2.29 | J19: 1.38 | K19: 320.93 | L19: 29.31 | M19: 74.19 | N19: 671.8 | O19: 0 | P19: 0.43 | Q19: 9.07
A20: 20/10/2025 12:00 | B20: 6.14 | C20: 11.53 | D20: 10.95 | E20: 7.59 | F20: 10.01 | G20: 19.89 | H20: 13.38 | I20: 2.06 | J20: 2.12 | K20: 131.9 | L20: 28.83 | M20: 73.37 | N20: 764 | O20: 0 | P20: 0.23 | Q20: 9.06
... A32: 20/10/2025 24:00 | B32: 6.44 | C32: 10.08 | D32: 10.43 | E32: 6.31 | F32: 3.43 | G32: 71.88 | H32: 7.3 | I32: 1.45 | J32: 0.4 | K32: 177.89 | L32: 23.18 | M32: 97.73 | N32: 41.9 | O32: 0 | P32: 0.31 | Q32: 9.03
A34: Min | B34: =MIN(B9:B32) -> 5.18 | C34: =MIN(C9:C32) -> 9.32 | D34: =MIN(D9:D32) -> 9.41 | E34: =MIN(E9:E32) -> 5.96 | F34: =MIN(F9:F32) -> 2.1 | G34: =MIN(G9:G32) -> 2.02 | H34: =MIN(H9:H32) -> 6.13 | I34: =MIN(I9:I32) -> 1.13 | ... Q34: =MIN(Q9:Q32) -> 8.98
A35: Max | B35: =MAX(B9:B32) -> 17.04 | C35: =MAX(C9:C32) -> 21.25 | D35: =MAX(D9:D32) -> 23.9 | E35: =MAX(E9:E32) -> 12 | F35: =MAX(F9:F32) -> 13.57 | G35: =MAX(G9:G32) -> 94.5 | H35: =MAX(H9:H32) -> 21.69 | I35: =MAX(I9:I32) -> 3.66 | ... Q35: =MAX(Q9:Q32) -> 9.24
A36: Avg | B36: =AVERAGE(B9:B32) -> 8.5675 | C36: =AVERAGE(C9:C32) -> 14.620417 | D36: =AVERAGE(D9:D32) -> 14.132917 | E36: =AVERAGE(E9:E32) -> 8.0358333 | F36: =AVERAGE(F9:F32) -> 7.2083333 | G36: =AVERAGE(G9:G32) -> 57.876667 | H36: =AVERAGE(H9:H32) -> 14.264583 | I36: =AVERAGE(I9:I32) -> 2.275 | ... Q36: =AVERAGE(Q9:Q32) -> 9.0841667
A37: Stdev | B37: =STDEV(B9:B32) -> 3.2807651 | C37: =STDEV(C9:C32) -> 3.7184423 | D37: =STDEV(D9:D32) -> 3.9046845 | E37: =STDEV(E9:E32) -> 1.7134656 | F37: =STDEV(F9:F32) -> 3.5279341 | G37: =STDEV(G9:G32) -> 29.277118 | H37: =STDEV(H9:H32) -> 5.0359145 | I37: =STDEV(I9:I32) -> 0.98258311 | ... Q37: =STDEV(Q9:Q32) -> 0.086170542
A38: Num | B38: =COUNT(B9:B32) -> 24 | C38: =COUNT(C9:C32) -> 24 | D38: =COUNT(D9:D32) -> 24 | E38: =COUNT(E9:E32) -> 24 | F38: =COUNT(F9:F32) -> 24 | G38: =COUNT(G9:G32) -> 24 | H38: =COUNT(H9:H32) -> 24 | I38: =COUNT(I9:I32) -> 24 | ... Q38: =COUNT(Q9:Q32) -> 24
A39: DCR | B39: =IF(B38>=22,">90%",IF(B38<=22,"<90%")) -> >90% | C39: =IF(C38>=22,">90%",IF(C38<=22,"<90%")) -> >90% | D39: =IF(D38>=22,">90%",IF(D38<=22,"<90%")) -> >90% | E39: =IF(E38>=22,">90%",IF(E38<=22,"<90%")) -> >90% | F39: =IF(F38>=22,">90%",IF(F38<=22,"<90%")) -> >90% | G39: =IF(G38>=22,">90%",IF(G38<=22,"<90%")) -> >90% | H39: =IF(H38>=22,">90%",IF(H38<=22,"<90%")) -> >90% | I39: =IF(I38>=22,">90%",IF(I38<=22,"<90%")) -> >90% | ... Q39: =IF(Q38>=22,">90%",IF(Q38<=22,"<90%")) -> >90%
A40: Status | B40: =IF(B38>=22,"OK",IF(B38<=22,"LESS")) -> OK | C40: =IF(C38>=22,"OK",IF(C38<=22,"LESS")) -> OK | D40: =IF(D38>=22,"OK",IF(D38<=22,"LESS")) -> OK | E40: =IF(E38>=22,"OK",IF(E38<=22,"LESS")) -> OK | F40: =IF(F38>=22,"OK",IF(F38<=22,"LESS")) -> OK | G40: =IF(G38>=22,"OK",IF(G38<=22,"LESS")) -> OK | H40: =IF(H38>=22,"OK",IF(H38<=22,"LESS")) -> OK | I40: =IF(I38>=22,"OK",IF(I38<=22,"LESS")) -> OK | ... Q40: =IF(Q38>=22,"OK",IF(Q38<=22,"LESS")) -> OK
A43: Done by | B43: RAHUL
A45: Comment

Sheet 21
A1: Station: | B1: BHATAGAON RAIPUR
A2: Date: | B2: =$A$9 -> 21/10/2025 01:00 | D2: Power Off | G2: Pw.Off | L2: Link Fail | N2: Link F | P2: Maintenance | R2: Maint.
A3: Report Type: | B3: Mean | D3: Calibration | G3: Calib. | L3: Data Fail | N3: Data F | P3: Invalid | R3: Invalid
A4: Time Base: | B4: 01 Hour | D4: Zero Referrence | G4: Z.Ref | L4: Warm Up | N4: Wm. Up
A7: Date & Time | B7: NO_BHATAGAON | C7: NO2__BHATAGAON | D7: NOX_BHATAGAON | E7: SO2__BHATAGAON | F7: O3__BHATAGAON | G7: PM10__BHATAGAON | H7: PM2_5__BHATAGAON | I7: BENZ__BHATAGAON | J7: WS__BHATAGAON | K7: WD__BHATAGAON | L7: TEMP__BHATAGAON | M7: HUM__BHATAGAON | N7: SR__BHATAGAON | O7: RG__BHATAGAON | P7: CO__BHATAGAON | Q7: NH3__BHATAGAON
B8: ug/m3 | C8: ug/m3 | D8: ppb | E8: ug/m3 | F8: ug/m3 | G8: mg/m3 | H8: ug/m3 | I8: ug/m3 | J8: m/sec | K8: deg | L8: degreC | M8: % | N8: w/m2 | O8: mm | P8: ug/m3 | Q8: ug/m3
A9: 21/10/2025 01:00 | B9: 6.5 | C9: 8.93 | D9: 9.64 | E9: 6.99 | F9: 2.1 | G9: 67.56 | H9: 18.66 | I9: 1.37 | J9: 0.37 | K9: 153.52 | L9: 23.03 | M9: 97.73 | N9: 41.8 | O9: 0 | P9: 0.29 | Q9: 9.05
A10: 21/10/2025 02:00 | B10: 7.06 | C10: 7.7 | D10: 9.56 | E10: 6.37 | F10: 2.1 | G10: 49.28 | H10: 15.2 | I10: 1.33 | J10: 0.82 | K10: 125.53 | L10: 22.76 | M10: 97.73 | N10: 41.8 | O10: 0 | P10: 0.31 | Q10: 9.04
A11: 21/10/2025 03:00 | B11: 6.98 | C11: 6.83 | D11: 9.11 | E11: 6.08 | F11: 2.45 | G11: 40.97 | H11: 14.69 | I11: 1.24 | J11: 0.87 | K11: 125.17 | L11: 22.39 | M11: 97.75 | N11: 41.7 | O11: 0 | P11: 0.26 | Q11: 9.03
A12: 21/10/2025 04:00 | B12: 7.21 | C12: 7.01 | D12: 9.39 | E12: 5.82 | F12: 2.1 | G12: 32.63 | H12: 13.96 | I12: 1.18 | J12: 0.69 | K12: 127.24 | L12: 22.28 | M12: 97.73 | N12: 41.8 | O12: 0 | P12: 0.27 | Q12: 9.03
A13: 21/10/2025 05:00 | B13: 7.27 | C13: 7.85 | D13: 9.73 | E13: 5.81 | F13: 2.1 | G13: 29.6 | H13: 13.07 | I13: 1.15 | J13: 0.34 | K13: 136.07 | L13: 21.88 | M13: 97.8 | N13: 41.9 | O13: 0 | P13: 0.24 | Q13: 9.06
A14: 21/10/2025 06:00 | B14: 8.88 | C14: 7.53 | D14: 10.9 | E14: 5.91 | F14: 2.1 | G14: 23.36 | H14: 14.88 | I14: 1.14 | J14: 0.17 | K14: 278.14 | L14: 21.45 | M14: 97.85 | N14: 44.3 | O14: 0 | P14: 0.26 | Q14: 9.07
A15: 21/10/2025 07:00 | B15: 9.36 | C15: 6.92 | D15: 10.93 | E15: 5.67 | F15: 2.12 | G15: 20.91 | H15: 13.71 | I15: 1.12 | J15: 0.22 | K15: 240.16 | L15: 23.56 | M15: 97.72 | N15: 199.5 | O15: 0 | P15: 0.29 | Q15: 9.05
A16: 21/10/2025 08:00 | B16: 9.4 | C16: 6.65 | D16: 10.9 | E16: 5.87 | F16: 3.39 | G16: 24.71 | H16: 13.26 | I16: 1.15 | J16: 1.06 | K16: 137.39 | L16: 25.73 | M16: 96.86 | N16: 405.8 | O16: 0 | P16: 0.28 | Q16: 9.07
A17: 21/10/2025 09:00 | B17: 10.35 | C17: 8.19 | D17: 11.96 | E17: 7.87 | F17: 4.92 | G17: 22.42 | H17: 12.67 | I17: 1.16 | J17: 0.96 | K17: 144.12 | L17: 28.02 | M17: 86.36 | N17: 562.5 | O17: 0 | P17: 0.3 | Q17: 9.1
A18: 21/10/2025 10:00 | B18: 8.41 | C18: 7.62 | D18: 10.73 | E18: 8.23 | F18: 6.72 | G18: 18.04 | H18: 12.84 | I18: 1.19 | J18: 1.26 | K18: 126.54 | L18: 28.32 | M18: 81.58 | N18: 726 | O18: 0 | P18: 0.27 | Q18: 9.11
A19: 21/10/2025 11:00 | B19: 7.71 | C19: 6.91 | D19: 9.79 | E19: 7.07 | F19: 8.27 | G19: 15.54 | H19: 12.43 | I19: 1.18 | J19: 1.49 | K19: 127.63 | L19: 28.16 | M19: 80.87 | N19: 775.5 | O19: 0 | P19: 0.27 | Q19: 9.09
A20: 21/10/2025 12:00 | B20: 6.69 | C20: 7.7 | D20: 9.32 | E20: 6.65 | F20: 13.45 | G20: 17.6 | H20: 12.51 | I20: 1.12 | J20: 1.26 | K20: 125.07 | L20: 27.51 | M20: 82.69 | N20: 455.9 | O20: 0 | P20: 0.27 | Q20: 9.02
... A32: 21/10/2025 24:00 | B32: 6.28 | C32: 18.13 | D32: 14.48 | E32: 10.49 | F32: 8.9 | G32: 90.49 | H32: 12.99 | I32: 1.81 | J32: 0.43 | K32: 145.68 | L32: 24.91 | M32: 95.34 | N32: 38.9 | O32: 0 | P32: 0.57 | Q32: 9.05
A34: Min | B34: =MIN(B9:B32) -> 5.63 | C34: =MIN(C9:C32) -> 6.65 | D34: =MIN(D9:D32) -> 8.66 | E34: =MIN(E9:E32) -> 5.67 | F34: =MIN(F9:F32) -> 2.1 | G34: =MIN(G9:G32) -> 15.54 | H34: =MIN(H9:H32) -> 12.43 | I34: =MIN(I9:I32) -> 1.08 | ... Q34: =MIN(Q9:Q32) -> 8.97
A35: Max | B35: =MAX(B9:B32) -> 10.35 | C35: =MAX(C9:C32) -> 26.07 | D35: =MAX(D9:D32) -> 20.02 | E35: =MAX(E9:E32) -> 10.49 | F35: =MAX(F9:F32) -> 14.75 | G35: =MAX(G9:G32) -> 90.49 | H35: =MAX(H9:H32) -> 18.66 | I35: =MAX(I9:I32) -> 1.81 | ... Q35: =MAX(Q9:Q32) -> 9.11
A36: Avg | B36: =AVERAGE(B9:B32) -> 7.1479167 | C36: =AVERAGE(C9:C32) -> 11.27 | D36: =AVERAGE(D9:D32) -> 11.512917 | E36: =AVERAGE(E9:E32) -> 7.0741667 | F36: =AVERAGE(F9:F32) -> 7.29 | G36: =AVERAGE(G9:G32) -> 38.65125 | H36: =AVERAGE(H9:H32) -> 14.12875 | I36: =AVERAGE(I9:I32) -> 1.2866667 | ... Q36: =AVERAGE(Q9:Q32) -> 9.0333333
A37: Stdev | B37: =STDEV(B9:B32) -> 1.3042338 | C37: =STDEV(C9:C32) -> 5.3970894 | D37: =STDEV(D9:D32) -> 2.6107878 | E37: =STDEV(E9:E32) -> 1.2811202 | F37: =STDEV(F9:F32) -> 4.4343736 | G37: =STDEV(G9:G32) -> 23.745173 | H37: =STDEV(H9:H32) -> 1.4905217 | I37: =STDEV(I9:I32) -> 0.22319161 | ... Q37: =STDEV(Q9:Q32) -> 0.03795497
A38: Num | B38: =COUNT(B9:B32) -> 24 | C38: =COUNT(C9:C32) -> 24 | D38: =COUNT(D9:D32) -> 24 | E38: =COUNT(E9:E32) -> 24 | F38: =COUNT(F9:F32) -> 24 | G38: =COUNT(G9:G32) -> 24 | H38: =COUNT(H9:H32) -> 24 | I38: =COUNT(I9:I32) -> 24 | ... Q38: =COUNT(Q9:Q32) -> 24
A39: DCR | B39: =IF(B38>=22,">90%",IF(B38<=22,"<90%")) -> >90% | C39: =IF(C38>=22,">90%",IF(C38<=22,"<90%")) -> >90% | D39: =IF(D38>=22,">90%",IF(D38<=22,"<90%")) -> >90% | E39: =IF(E38>=22,">90%",IF(E38<=22,"<90%")) -> >90% | F39: =IF(F38>=22,">90%",IF(F38<=22,"<90%")) -> >90% | G39: =IF(G38>=22,">90%",IF(G38<=22,"<90%")) -> >90% | H39: =IF(H38>=22,">90%",IF(H38<=22,"<90%")) -> >90% | I39: =IF(I38>=22,">90%",IF(I38<=22,"<90%")) -> >90% | ... Q39: =IF(Q38>=22,">90%",IF(Q38<=22,"<90%")) -> >90%
A40: Status | B40: =IF(B38>=22,"OK",IF(B38<=22,"LESS")) -> OK | C40: =IF(C38>=22,"OK",IF(C38<=22,"LESS")) -> OK | D40: =IF(D38>=22,"OK",IF(D38<=22,"LESS")) -> OK | E40: =IF(E38>=22,"OK",IF(E38<=22,"LESS")) -> OK | F40: =IF(F38>=22,"OK",IF(F38<=22,"LESS")) -> OK | G40: =IF(G38>=22,"OK",IF(G38<=22,"LESS")) -> OK | H40: =IF(H38>=22,"OK",IF(H38<=22,"LESS")) -> OK | I40: =IF(I38>=22,"OK",IF(I38<=22,"LESS")) -> OK | ... Q40: =IF(Q38>=22,"OK",IF(Q38<=22,"LESS")) -> OK
A43: Done by | B43: RAHUL
A45: Comment

Sheet 22
A1: Station: | B1: BHATAGAON RAIPUR
A2: Date: | B2: =$A$9 -> 22/10/2025 01:00 | D2: Power Off | G2: Pw.Off | L2: Link Fail | N2: Link F | P2: Maintenance | R2: Maint.
A3: Report Type: | B3: Mean | D3: Calibration | G3: Calib. | L3: Data Fail | N3: Data F | P3: Invalid | R3: Invalid
A4: Time Base: | B4: 01 Hour | D4: Zero Referrence | G4: Z.Ref | L4: Warm Up | N4: Wm. Up
A7: Date & Time | B7: NO_BHATAGAON | C7: NO2__BHATAGAON | D7: NOX_BHATAGAON | E7: SO2__BHATAGAON | F7: O3__BHATAGAON | G7: PM10__BHATAGAON | H7: PM2_5__BHATAGAON | I7: BENZ__BHATAGAON | J7: WS__BHATAGAON | K7: WD__BHATAGAON | L7: TEMP__BHATAGAON | M7: HUM__BHATAGAON | N7: SR__BHATAGAON | O7: RG__BHATAGAON | P7: CO__BHATAGAON | Q7: NH3__BHATAGAON
B8: ug/m3 | C8: ug/m3 | D8: ppb | E8: ug/m3 | F8: ug/m3 | G8: mg/m3 | H8: ug/m3 | I8: ug/m3 | J8: m/sec | K8: deg | L8: degreC | M8: % | N8: w/m2 | O8: mm | P8: ug/m3 | Q8: ug/m3
A9: 22/10/2025 01:00 | B9: 5.39 | C9: 17.84 | D9: 13.45 | E9: 10.69 | F9: 9.01 | G9: 98.47 | H9: 12.54 | I9: 1.87 | J9: 0.59 | K9: 140.22 | L9: 24.66 | M9: 92.87 | N9: 38.9 | O9: 0 | P9: 0.52 | Q9: 8.99
A10: 22/10/2025 02:00 | B10: 5.34 | C10: 11.5 | D10: 10.18 | E10: 7.51 | F10: 6.35 | G10: 86.13 | H10: 15 | I10: 1.87 | J10: 0.16 | K10: 204.12 | L10: 24.45 | M10: 96.58 | N10: 39.2 | O10: 0 | P10: 0.44 | Q10: 9
A11: 22/10/2025 03:00 | B11: 5.28 | C11: 11.64 | D11: 10.23 | E11: 7.39 | F11: 7.8 | G11: 76.86 | H11: 14.2 | I11: 1.86 | J11: 0.28 | K11: 321.7 | L11: 23.95 | M11: 97.75 | N11: 39.2 | O11: 0 | P11: 0.45 | Q11: 9.01
A12: 22/10/2025 04:00 | B12: 5.82 | C12: 9.86 | D12: 9.49 | E12: 6.58 | F12: 6.04 | G12: 72.83 | H12: 13.62 | I12: 1.89 | J12: 0.11 | K12: 292.28 | L12: 23.4 | M12: 97.75 | N12: 38.9 | O12: 0 | P12: 0.45 | Q12: 9.02
A13: 22/10/2025 05:00 | B13: 6.13 | C13: 9.23 | D13: 9.53 | E13: 6.16 | F13: 3.67 | G13: 68.84 | H13: 13.02 | I13: 1.92 | J13: 0.19 | K13: 282.06 | L13: 22.84 | M13: 97.81 | N13: 38.8 | O13: 0 | P13: 0.46 | Q13: 8.98
A14: 22/10/2025 06:00 | B14: 7.58 | C14: 10.37 | D14: 11.5 | E14: 5.69 | F14: 2.11 | G14: 66.25 | H14: 15.04 | I14: 1.97 | J14: 0.24 | K14: 339.07 | L14: 22.46 | M14: 97.89 | N14: 40.9 | O14: 0 | P14: 0.51 | Q14: 8.99
A15: 22/10/2025 07:00 | B15: 10.28 | C15: 11.02 | D15: 14 | E15: 5.66 | F15: 2.16 | G15: 68.39 | H15: 14.21 | I15: 2.02 | J15: 0.22 | K15: 296.98 | L15: 23.17 | M15: 97.88 | N15: 138.3 | O15: 0 | P15: 0.6 | Q15: 9.04
A16: 22/10/2025 08:00 | B16: 9.69 | C16: 11 | D16: 13.51 | E16: 5.46 | F16: 5.21 | G16: 73.75 | H16: 13.22 | I16: 2.05 | J16: 0.64 | K16: 138.01 | L16: 26.23 | M16: 97.74 | N16: 340.9 | O16: 0 | P16: 0.53 | Q16: 9.06
A17: 22/10/2025 09:00 | B17: 8.33 | C17: 10.55 | D17: 11.93 | E17: 6.34 | F17: 5.5 | G17: 70.37 | H17: 12.55 | I17: 2.09 | J17: 0.62 | K17: 128.43 | L17: 28.27 | M17: 83.07 | N17: 535.5 | O17: 0 | P17: 0.53 | Q17: 9.05
A18: 22/10/2025 10:00 | B18: 7.84 | C18: 10.07 | D18: 11.55 | E18: 6.1 | F18: 6.2 | G18: 65.77 | H18: 16.53 | I18: 2.1 | J18: 0.74 | K18: 134.73 | L18: 29.4 | M18: 75.9 | N18: 691.3 | O18: 0 | P18: 0.5 | Q18: 9.02
A19: 22/10/2025 11:00 | B19: 6.92 | C19: 9.78 | D19: 10.66 | E19: 6.91 | F19: 8.69 | G19: 59.87 | H19: 14.87 | I19: 2.09 | J19: 1.12 | K19: 132.97 | L19: 29.86 | M19: 64.99 | N19: 759.7 | O19: 0 | P19: 0.45 | Q19: 9.02
A20: 22/10/2025 12:00 | B20: 6.44 | C20: 8.55 | D20: 9.51 | E20: 6.79 | F20: 10.17 | G20: 48.09 | H20: 13.71 | I20: 2.02 | J20: 1.22 | K20: 129.82 | L20: 29.8 | M20: 65.21 | N20: 751.9 | O20: 0 | P20: 0.42 | Q20: 9.04
... A32: 22/10/2025 24:00 | B32: 5.98 | C32: 13.84 | D32: 11.91 | E32: 8.67 | F32: 6.82 | G32: 78.46 | H32: 13.1 | I32: 2.02 | J32: 0.78 | K32: 119.32 | L32: 24.83 | M32: 76.88 | N32: 38.9 | O32: 0 | P32: 0.47 | Q32: 9.01
A34: Min | B34: =MIN(B9:B32) -> 5.22 | C34: =MIN(C9:C32) -> 8.55 | D34: =MIN(D9:D32) -> 9.49 | E34: =MIN(E9:E32) -> 5.46 | F34: =MIN(F9:F32) -> 2.11 | G34: =MIN(G9:G32) -> 20.24 | H34: =MIN(H9:H32) -> 12.54 | I34: =MIN(I9:I32) -> 1.46 | ... Q34: =MIN(Q9:Q32) -> 8.98
A35: Max | B35: =MAX(B9:B32) -> 12.69 | C35: =MAX(C9:C32) -> 30.53 | D35: =MAX(D9:D32) -> 26.13 | E35: =MAX(E9:E32) -> 10.69 | F35: =MAX(F9:F32) -> 10.72 | G35: =MAX(G9:G32) -> 98.47 | H35: =MAX(H9:H32) -> 16.53 | I35: =MAX(I9:I32) -> 2.1 | ... Q35: =MAX(Q9:Q32) -> 9.06
A36: Avg | B36: =AVERAGE(B9:B32) -> 6.9683333 | C36: =AVERAGE(C9:C32) -> 14.33625 | D36: =AVERAGE(D9:D32) -> 12.919167 | E36: =AVERAGE(E9:E32) -> 7.4366667 | F36: =AVERAGE(F9:F32) -> 7.00125 | G36: =AVERAGE(G9:G32) -> 58.667917 | H36: =AVERAGE(H9:H32) -> 13.924583 | I36: =AVERAGE(I9:I32) -> 1.8529167 | ... Q36: =AVERAGE(Q9:Q32) -> 9.0129167
A37: Stdev | B37: =STDEV(B9:B32) -> 1.8201186 | C37: =STDEV(C9:C32) -> 6.205014 | D37: =STDEV(D9:D32) -> 3.9587019 | E37: =STDEV(E9:E32) -> 1.5851119 | F37: =STDEV(F9:F32) -> 2.6651198 | G37: =STDEV(G9:G32) -> 22.758251 | H37: =STDEV(H9:H32) -> 1.0044552 | I37: =STDEV(I9:I32) -> 0.2019143 | ... Q37: =STDEV(Q9:Q32) -> 0.024579802
A38: Num | B38: =COUNT(B9:B32) -> 24 | C38: =COUNT(C9:C32) -> 24 | D38: =COUNT(D9:D32) -> 24 | E38: =COUNT(E9:E32) -> 24 | F38: =COUNT(F9:F32) -> 24 | G38: =COUNT(G9:G32) -> 24 | H38: =COUNT(H9:H32) -> 24 | I38: =COUNT(I9:I32) -> 24 | ... Q38: =COUNT(Q9:Q32) -> 24
A39: DCR | B39: =IF(B38>=22,">90%",IF(B38<=22,"<90%")) -> >90% | C39: =IF(C38>=22,">90%",IF(C38<=22,"<90%")) -> >90% | D39: =IF(D38>=22,">90%",IF(D38<=22,"<90%")) -> >90% | E39: =IF(E38>=22,">90%",IF(E38<=22,"<90%")) -> >90% | F39: =IF(F38>=22,">90%",IF(F38<=22,"<90%")) -> >90% | G39: =IF(G38>=22,">90%",IF(G38<=22,"<90%")) -> >90% | H39: =IF(H38>=22,">90%",IF(H38<=22,"<90%")) -> >90% | I39: =IF(I38>=22,">90%",IF(I38<=22,"<90%")) -> >90% | ... Q39: =IF(Q38>=22,">90%",IF(Q38<=22,"<90%")) -> >90%
A40: Status | B40: =IF(B38>=22,"OK",IF(B38<=22,"LESS")) -> OK | C40: =IF(C38>=22,"OK",IF(C38<=22,"LESS")) -> OK | D40: =IF(D38>=22,"OK",IF(D38<=22,"LESS")) -> OK | E40: =IF(E38>=22,"OK",IF(E38<=22,"LESS")) -> OK | F40: =IF(F38>=22,"OK",IF(F38<=22,"LESS")) -> OK | G40: =IF(G38>=22,"OK",IF(G38<=22,"LESS")) -> OK | H40: =IF(H38>=22,"OK",IF(H38<=22,"LESS")) -> OK | I40: =IF(I38>=22,"OK",IF(I38<=22,"LESS")) -> OK | ... Q40: =IF(Q38>=22,"OK",IF(Q38<=22,"LESS")) -> OK
A43: Done by | B43: RAHUL
A45: Comment

Sheet 23
A1: Station: | B1: BHATAGAON RAIPUR
A2: Date: | B2: =$A$9 -> 23/10/2025 01:00 | D2: Power Off | G2: Pw.Off | L2: Link Fail | N2: Link F | P2: Maintenance | R2: Maint.
A3: Report Type: | B3: Mean | D3: Calibration | G3: Calib. | L3: Data Fail | N3: Data F | P3: Invalid | R3: Invalid
A4: Time Base: | B4: 01 Hour | D4: Zero Referrence | G4: Z.Ref | L4: Warm Up | N4: Wm. Up
A7: Date & Time | B7: NO_BHATAGAON | C7: NO2__BHATAGAON | D7: NOX_BHATAGAON | E7: SO2__BHATAGAON | F7: O3__BHATAGAON | G7: PM10__BHATAGAON | H7: PM2_5__BHATAGAON | I7: BENZ__BHATAGAON | J7: WS__BHATAGAON | K7: WD__BHATAGAON | L7: TEMP__BHATAGAON | M7: HUM__BHATAGAON | N7: SR__BHATAGAON | O7: RG__BHATAGAON | P7: CO__BHATAGAON | Q7: NH3__BHATAGAON
B8: ug/m3 | C8: ug/m3 | D8: ppb | E8: ug/m3 | F8: ug/m3 | G8: mg/m3 | H8: ug/m3 | I8: ug/m3 | J8: m/sec | K8: deg | L8: degreC | M8: % | N8: w/m2 | O8: mm | P8: ug/m3 | Q8: ug/m3
A9: 23/10/2025 01:00 | B9: 6.37 | C9: 15.17 | D9: 13.03 | E9: 8.14 | F9: 5.42 | G9: 66.36 | H9: 12.6 | I9: 1.99 | J9: 0.22 | K9: 255.04 | L9: 24.34 | M9: 84.48 | N9: 39.1 | O9: 0 | P9: 0.45 | Q9: 9.04
A10: 23/10/2025 02:00 | B10: 6.03 | C10: 9.96 | D10: 10.04 | E10: 7.8 | F10: 4.65 | G10: 57.97 | H10: 15.07 | I10: 1.91 | J10: 0.4 | K10: 145.27 | L10: 23.78 | M10: 85.57 | N10: 38.9 | O10: 0 | P10: 0.45 | Q10: 9.05
A11: 23/10/2025 03:00 | B11: 5.89 | C11: 9.2 | D11: 9.21 | E11: 7.28 | F11: 4.99 | G11: 56.27 | H11: 14.45 | I11: 1.87 | J11: 0.13 | K11: 312.11 | L11: 23.48 | M11: 91.53 | N11: 39.1 | O11: 0 | P11: 0.45 | Q11: 9.01
A12: 23/10/2025 04:00 | B12: 7.89 | C12: 11.07 | D12: 12.11 | E12: 6.56 | F12: 2.51 | G12: 52.98 | H12: 14.95 | I12: 1.83 | J12: 0.53 | K12: 340.76 | L12: 22.77 | M12: 97.77 | N12: 38.9 | O12: 0 | P12: 0.47 | Q12: 9.01
A13: 23/10/2025 05:00 | B13: 7.84 | C13: 11.19 | D13: 11.89 | E13: 6.45 | F13: 3.74 | G13: 41.95 | H13: 14.28 | I13: 1.81 | J13: 0.33 | K13: 331.96 | L13: 22.33 | M13: 97.78 | N13: 38.9 | O13: 0 | P13: 0.52 | Q13: 9.03
A14: 23/10/2025 06:00 | B14: 8.79 | C14: 10.81 | D14: 12.6 | E14: 6.52 | F14: 2.24 | G14: 46.21 | H14: 13.76 | I14: 1.78 | J14: 0.22 | K14: 327.56 | L14: 21.92 | M14: 97.83 | N14: 41.4 | O14: 0 | P14: 0.51 | Q14: 9.05
A15: 23/10/2025 07:00 | B15: 8.8 | C15: 14.38 | D15: 13.5 | E15: 6.4 | F15: 3.86 | G15: 52.89 | H15: 12.93 | I15: 1.83 | J15: 0.15 | K15: 274.66 | L15: 23.5 | M15: 97.8 | N15: 151.7 | O15: 0 | P15: 0.53 | Q15: 9.06
A16: 23/10/2025 08:00 | B16: 9.49 | C16: 13.3 | D16: 14.56 | E16: 6.1 | F16: 8.21 | G16: 69.95 | H16: 12.39 | I16: 1.92 | J16: 0.98 | K16: 249.29 | L16: 26.52 | M16: 85.71 | N16: 378.7 | O16: 0 | P16: 0.55 | Q16: 9.03
A17: 23/10/2025 09:00 | B17: 8.26 | C17: 12.34 | D17: 12.68 | E17: 7.46 | F17: 7.77 | G17: 76.07 | H17: 12.03 | I17: 1.93 | J17: 0.94 | K17: 134.83 | L17: 29.31 | M17: 71.1 | N17: 575.2 | O17: 0 | P17: 0.51 | Q17: 9.04
A18: 23/10/2025 10:00 | B18: 7.48 | C18: 10.82 | D18: 11.36 | E18: 8.43 | F18: 7.16 | G18: 71.74 | H18: 14.4 | I18: 1.89 | J18: 0.91 | K18: 130.81 | L18: 29.49 | M18: 64.81 | N18: 731.7 | O18: 0 | P18: 0.47 | Q18: 9.07
A19: 23/10/2025 11:00 | B19: 8.06 | C19: 12.99 | D19: 12.94 | E19: 9.29 | F19: 8.63 | G19: 64.02 | H19: 13.74 | I19: 1.83 | J19: 0.9 | K19: 326.52 | L19: 30.39 | M19: 61.12 | N19: 788.6 | O19: 0 | P19: 0.47 | Q19: 9.06
A20: 23/10/2025 12:00 | B20: 7.28 | C20: 10.72 | D20: 11 | E20: 10.21 | F20: 10.97 | G20: 55.62 | H20: 13.19 | I20: 1.77 | J20: 1.13 | K20: 128.72 | L20: 30.37 | M20: 53.82 | N20: 809.9 | O20: 0 | P20: 0.47 | Q20: 9.01
... A32: 23/10/2025 24:00 | B32: 6.23 | C32: 19.22 | D32: 15.04 | E32: 6.83 | F32: 3.25 | G32: 63.71 | H32: 13.73 | I32: 1.7 | J32: 0.36 | K32: 344.05 | L32: 24.75 | M32: 89.89 | N32: 40 | O32: 0 | P32: 0.41 | Q32: 9.07
A34: Min | B34: =MIN(B9:B32) -> 5.31 | C34: =MIN(C9:C32) -> 9.2 | D34: =MIN(D9:D32) -> 9.21 | E34: =MIN(E9:E32) -> 6.1 | F34: =MIN(F9:F32) -> 2.13 | G34: =MIN(G9:G32) -> 23.21 | H34: =MIN(H9:H32) -> 12.03 | I34: =MIN(I9:I32) -> 1.25 | ... Q34: =MIN(Q9:Q32) -> 8.99
A35: Max | B35: =MAX(B9:B32) -> 11.86 | C35: =MAX(C9:C32) -> 28.11 | D35: =MAX(D9:D32) -> 23.89 | E35: =MAX(E9:E32) -> 10.21 | F35: =MAX(F9:F32) -> 12.92 | G35: =MAX(G9:G32) -> 197.35 | H35: =MAX(H9:H32) -> 15.07 | I35: =MAX(I9:I32) -> 1.99 | ... Q35: =MAX(Q9:Q32) -> 9.07
A36: Avg | B36: =AVERAGE(B9:B32) -> 7.35625 | C36: =AVERAGE(C9:C32) -> 14.905 | D36: =AVERAGE(D9:D32) -> 13.463333 | E36: =AVERAGE(E9:E32) -> 8.0945833 | F36: =AVERAGE(F9:F32) -> 6.4808333 | G36: =AVERAGE(G9:G32) -> 62.89 | H36: =AVERAGE(H9:H32) -> 13.630417 | I36: =AVERAGE(I9:I32) -> 1.6795833 | ... Q36: =AVERAGE(Q9:Q32) -> 9.0283333
A37: Stdev | B37: =STDEV(B9:B32) -> 1.5144832 | C37: =STDEV(C9:C32) -> 4.8260228 | D37: =STDEV(D9:D32) -> 2.9183835 | E37: =STDEV(E9:E32) -> 1.2956951 | F37: =STDEV(F9:F32) -> 3.5052481 | G37: =STDEV(G9:G32) -> 32.278079 | H37: =STDEV(H9:H32) -> 0.89307227 | I37: =STDEV(I9:I32) -> 0.22109371 | ... Q37: =STDEV(Q9:Q32) -> 0.025309676
A38: Num | B38: =COUNT(B9:B32) -> 24 | C38: =COUNT(C9:C32) -> 24 | D38: =COUNT(D9:D32) -> 24 | E38: =COUNT(E9:E32) -> 24 | F38: =COUNT(F9:F32) -> 24 | G38: =COUNT(G9:G32) -> 24 | H38: =COUNT(H9:H32) -> 24 | I38: =COUNT(I9:I32) -> 24 | ... Q38: =COUNT(Q9:Q32) -> 24
A39: DCR | B39: =IF(B38>=22,">90%",IF(B38<=22,"<90%")) -> >90% | C39: =IF(C38>=22,">90%",IF(C38<=22,"<90%")) -> >90% | D39: =IF(D38>=22,">90%",IF(D38<=22,"<90%")) -> >90% | E39: =IF(E38>=22,">90%",IF(E38<=22,"<90%")) -> >90% | F39: =IF(F38>=22,">90%",IF(F38<=22,"<90%")) -> >90% | G39: =IF(G38>=22,">90%",IF(G38<=22,"<90%")) -> >90% | H39: =IF(H38>=22,">90%",IF(H38<=22,"<90%")) -> >90% | I39: =IF(I38>=22,">90%",IF(I38<=22,"<90%")) -> >90% | ... Q39: =IF(Q38>=22,">90%",IF(Q38<=22,"<90%")) -> >90%
A40: Status | B40: =IF(B38>=22,"OK",IF(B38<=22,"LESS")) -> OK | C40: =IF(C38>=22,"OK",IF(C38<=22,"LESS")) -> OK | D40: =IF(D38>=22,"OK",IF(D38<=22,"LESS")) -> OK | E40: =IF(E38>=22,"OK",IF(E38<=22,"LESS")) -> OK | F40: =IF(F38>=22,"OK",IF(F38<=22,"LESS")) -> OK | G40: =IF(G38>=22,"OK",IF(G38<=22,"LESS")) -> OK | H40: =IF(H38>=22,"OK",IF(H38<=22,"LESS")) -> OK | I40: =IF(I38>=22,"OK",IF(I38<=22,"LESS")) -> OK | ... Q40: =IF(Q38>=22,"OK",IF(Q38<=22,"LESS")) -> OK
A43: Done by | B43: RAHUL
A45: Comment

Sheet 24
A1: Station: | B1: BHATAGAON RAIPUR
A2: Date: | B2: =$A$9 -> 24/10/2025 01:00 | D2: Power Off | G2: Pw.Off | L2: Link Fail | N2: Link F | P2: Maintenance | R2: Maint.
A3: Report Type: | B3: Mean | D3: Calibration | G3: Calib. | L3: Data Fail | N3: Data F | P3: Invalid | R3: Invalid
A4: Time Base: | B4: 01 Hour | D4: Zero Referrence | G4: Z.Ref | L4: Warm Up | N4: Wm. Up
A7: Date & Time | B7: NO_BHATAGAON | C7: NO2__BHATAGAON | D7: NOX_BHATAGAON | E7: SO2__BHATAGAON | F7: O3__BHATAGAON | G7: PM10__BHATAGAON | H7: PM2_5__BHATAGAON | I7: BENZ__BHATAGAON | J7: WS__BHATAGAON | K7: WD__BHATAGAON | L7: TEMP__BHATAGAON | M7: HUM__BHATAGAON | N7: SR__BHATAGAON | O7: RG__BHATAGAON | P7: CO__BHATAGAON | Q7: NH3__BHATAGAON
B8: ug/m3 | C8: ug/m3 | D8: ppb | E8: ug/m3 | F8: ug/m3 | G8: mg/m3 | H8: ug/m3 | I8: ug/m3 | J8: m/sec | K8: deg | L8: degreC | M8: % | N8: w/m2 | O8: mm | P8: ug/m3 | Q8: ug/m3
A9: 24/10/2025 01:00 | B9: 6.07 | C9: 13.31 | D9: 11.57 | E9: 5.25 | F9: 2.26 | G9: 55.9 | H9: 12.94 | I9: 1.7 | J9: 0.13 | K9: 279.53 | L9: 23.96 | M9: 93.13 | N9: 39.8 | O9: 0 | P9: 0.4 | Q9: 9.05
A10: 24/10/2025 02:00 | B10: 6.59 | C10: 11.9 | D10: 11.49 | E10: 4.73 | F10: 2.28 | G10: 46.13 | H10: 15.72 | I10: 1.67 | J10: 0.17 | K10: 335.2 | L10: 23.56 | M10: 97.82 | N10: 39.8 | O10: 0 | P10: 0.41 | Q10: 9.02
A11: 24/10/2025 03:00 | B11: 7.43 | C11: 10.32 | D11: 11.35 | E11: 4.62 | F11: 2.14 | G11: 36.53 | H11: 15.39 | I11: 1.63 | J11: 0.16 | K11: 330.47 | L11: 22.78 | M11: 97.83 | N11: 39.8 | O11: 0 | P11: 0.4 | Q11: 9.04
A12: 24/10/2025 04:00 | B12: 7.27 | C12: 12.14 | D12: 12.04 | E12: 4.43 | F12: 2.1 | G12: 33.5 | H12: 14.07 | I12: 1.62 | J12: 0.17 | K12: 345.09 | L12: 22.38 | M12: 97.88 | N12: 39.9 | O12: 0 | P12: 0.38 | Q12: 9.06
A13: 24/10/2025 05:00 | B13: 11.7 | C13: 14.36 | D13: 14.73 | E13: 4.41 | F13: 2.1 | G13: 43.42 | H13: 13.15 | I13: 1.65 | J13: 0.18 | K13: 345.76 | L13: 22.2 | M13: 97.9 | N13: 39.9 | O13: 0 | P13: 0.45 | Q13: 9.06
A14: 24/10/2025 06:00 | B14: 14.96 | C14: 11.58 | D14: 16.78 | E14: 4.16 | F14: 2.1 | G14: 55.38 | H14: 14.37 | I14: 1.68 | J14: 0.46 | K14: 339.35 | L14: 22.08 | M14: 97.92 | N14: 41.9 | O14: 0 | P14: 0.47 | Q14: 9.06
A15: 24/10/2025 07:00 | B15: 11.58 | C15: 12.36 | D15: 15.3 | E15: 4.18 | F15: 2.8 | G15: 61.55 | H15: 13.53 | I15: 1.73 | J15: 0.24 | K15: 339.38 | L15: 23.22 | M15: 97.9 | N15: 159.9 | O15: 0 | P15: 0.48 | Q15: 9.1
A16: 24/10/2025 08:00 | B16: 11.57 | C16: 13.32 | D16: 15.96 | E16: 5.41 | F16: 4.55 | G16: 66.56 | H16: 12.88 | I16: 1.81 | J16: 0.15 | K16: 332.12 | L16: 27.67 | M16: 94.63 | N16: 374.9 | O16: 0 | P16: 0.49 | Q16: 9.13
A17: 24/10/2025 09:00 | B17: 10.5 | C17: 12.01 | D17: 14.7 | E17: 6.18 | F17: 10.98 | G17: 80.79 | H17: 12.43 | I17: 1.82 | J17: 1.01 | K17: 130.27 | L17: 28.21 | M17: 78.11 | N17: 579.9 | O17: 0 | P17: 0.45 | Q17: 9.13
A18: 24/10/2025 10:00 | B18: 7.7 | C18: 10.25 | D18: 11.37 | E18: 7.25 | F18: 7.91 | G18: 61.74 | H18: 14.82 | I18: 1.81 | J18: 0.9 | K18: 135.44 | L18: 29.02 | M18: 75.01 | N18: 678 | O18: 0 | P18: 0.42 | Q18: 9.08
A19: 24/10/2025 11:00 | B19: 5.94 | C19: 12.6 | D19: 11.34 | E19: 6.18 | F19: 6.77 | G19: 26.44 | H19: 14.55 | I19: 1.7 | J19: 0.69 | K19: 140.02 | L19: 30.18 | M19: 63.06 | N19: 826.3 | O19: 0 | P19: 0.25 | Q19: 9.01
A20: 24/10/2025 12:00 | B20: 7.81 | C20: 11.99 | D20: 12.02 | E20: 5.15 | F20: 6.7 | G20: 52.78 | H20: 14.01 | I20: 0.81 | J20: 0.94 | K20: 148.77 | L20: 31.02 | M20: 58.17 | N20: 891.3 | O20: 0 | P20: 0.23 | Q20: 9
... A32: 24/10/2025 24:00 | B32: 7.96 | C32: 20.84 | D32: 17.27 | E32: 7.29 | F32: 2.58 | G32: 61.46 | H32: 13.55 | I32: 1.84 | J32: 0.53 | K32: 139.92 | L32: 25.03 | M32: 89.08 | N32: 40 | O32: 0 | P32: 0.51 | Q32: 9.07
A34: Min | B34: =MIN(B9:B32) -> 5.94 | C34: =MIN(C9:C32) -> 10.25 | D34: =MIN(D9:D32) -> 11.34 | E34: =MIN(E9:E32) -> 4.16 | F34: =MIN(F9:F32) -> 2.1 | G34: =MIN(G9:G32) -> 20.75 | H34: =MIN(H9:H32) -> 11.96 | I34: =MIN(I9:I32) -> 0.81 | ... Q34: =MIN(Q9:Q32) -> 9
A35: Max | B35: =MAX(B9:B32) -> 21.4 | C35: =MAX(C9:C32) -> 32.83 | D35: =MAX(D9:D32) -> 34.31 | E35: =MAX(E9:E32) -> 9.72 | F35: =MAX(F9:F32) -> 10.98 | G35: =MAX(G9:G32) -> 80.79 | H35: =MAX(H9:H32) -> 17.7 | I35: =MAX(I9:I32) -> 1.86 | ... Q35: =MAX(Q9:Q32) -> 9.13
A36: Avg | B36: =AVERAGE(B9:B32) -> 10.175417 | C36: =AVERAGE(C9:C32) -> 16.902917 | D36: =AVERAGE(D9:D32) -> 16.684167 | E36: =AVERAGE(E9:E32) -> 6.3420833 | F36: =AVERAGE(F9:F32) -> 4.7275 | G36: =AVERAGE(G9:G32) -> 47.496667 | H36: =AVERAGE(H9:H32) -> 13.975833 | I36: =AVERAGE(I9:I32) -> 1.5045833 | ... Q36: =AVERAGE(Q9:Q32) -> 9.0516667
A37: Stdev | B37: =STDEV(B9:B32) -> 3.926978 | C37: =STDEV(C9:C32) -> 6.4251324 | D37: =STDEV(D9:D32) -> 5.5041509 | E37: =STDEV(E9:E32) -> 1.6939791 | F37: =STDEV(F9:F32) -> 2.7509686 | G37: =STDEV(G9:G32) -> 14.783996 | H37: =STDEV(H9:H32) -> 1.3790637 | I37: =STDEV(I9:I32) -> 0.35701637 | ... Q37: =STDEV(Q9:Q32) -> 0.038748539
A38: Num | B38: =COUNT(B9:B32) -> 24 | C38: =COUNT(C9:C32) -> 24 | D38: =COUNT(D9:D32) -> 24 | E38: =COUNT(E9:E32) -> 24 | F38: =COUNT(F9:F32) -> 24 | G38: =COUNT(G9:G32) -> 24 | H38: =COUNT(H9:H32) -> 24 | I38: =COUNT(I9:I32) -> 24 | ... Q38: =COUNT(Q9:Q32) -> 24
A39: DCR | B39: =IF(B38>=22,">90%",IF(B38<=22,"<90%")) -> >90% | C39: =IF(C38>=22,">90%",IF(C38<=22,"<90%")) -> >90% | D39: =IF(D38>=22,">90%",IF(D38<=22,"<90%")) -> >90% | E39: =IF(E38>=22,">90%",IF(E38<=22,"<90%")) -> >90% | F39: =IF(F38>=22,">90%",IF(F38<=22,"<90%")) -> >90% | G39: =IF(G38>=22,">90%",IF(G38<=22,"<90%")) -> >90% | H39: =IF(H38>=22,">90%",IF(H38<=22,"<90%")) -> >90% | I39: =IF(I38>=22,">90%",IF(I38<=22,"<90%")) -> >90% | ... Q39: =IF(Q38>=22,">90%",IF(Q38<=22,"<90%")) -> >90%
A40: Status | B40: =IF(B38>=22,"OK",IF(B38<=22,"LESS")) -> OK | C40: =IF(C38>=22,"OK",IF(C38<=22,"LESS")) -> OK | D40: =IF(D38>=22,"OK",IF(D38<=22,"LESS")) -> OK | E40: =IF(E38>=22,"OK",IF(E38<=22,"LESS")) -> OK | F40: =IF(F38>=22,"OK",IF(F38<=22,"LESS")) -> OK | G40: =IF(G38>=22,"OK",IF(G38<=22,"LESS")) -> OK | H40: =IF(H38>=22,"OK",IF(H38<=22,"LESS")) -> OK | I40: =IF(I38>=22,"OK",IF(I38<=22,"LESS")) -> OK | ... Q40: =IF(Q38>=22,"OK",IF(Q38<=22,"LESS")) -> OK
A43: Done by | B43: RAHUL
A45: Comment

Sheet 25
A1: Station: | B1: BHATAGAON RAIPUR
A2: Date: | B2: =$A$9 -> 25/10/2025 01:00 | D2: Power Off | G2: Pw.Off | L2: Link Fail | N2: Link F | P2: Maintenance | R2: Maint.
A3: Report Type: | B3: Mean | D3: Calibration | G3: Calib. | L3: Data Fail | N3: Data F | P3: Invalid | R3: Invalid
A4: Time Base: | B4: 01 Hour | D4: Zero Referrence | G4: Z.Ref | L4: Warm Up | N4: Wm. Up
A7: Date & Time | B7: NO_BHATAGAON | C7: NO2__BHATAGAON | D7: NOX_BHATAGAON | E7: SO2__BHATAGAON | F7: O3__BHATAGAON | G7: PM10__BHATAGAON | H7: PM2_5__BHATAGAON | I7: BENZ__BHATAGAON | J7: WS__BHATAGAON | K7: WD__BHATAGAON | L7: TEMP__BHATAGAON | M7: HUM__BHATAGAON | N7: SR__BHATAGAON | O7: RG__BHATAGAON | P7: CO__BHATAGAON | Q7: NH3__BHATAGAON
B8: ug/m3 | C8: ug/m3 | D8: ppb | E8: ug/m3 | F8: ug/m3 | G8: mg/m3 | H8: ug/m3 | I8: ug/m3 | J8: m/sec | K8: deg | L8: degreC | M8: % | N8: w/m2 | O8: mm | P8: ug/m3 | Q8: ug/m3
A9: 25/10/2025 01:00 | B9: 6.28 | C9: 13.86 | D9: 11.88 | E9: 6.05 | F9: 4.51 | G9: 57.68 | H9: 13.44 | I9: 1.81 | J9: 0.4 | K9: 133.22 | L9: 25.05 | M9: 90.24 | N9: 40.2 | O9: 0 | P9: 0.41 | Q9: 9.08
A10: 25/10/2025 02:00 | B10: 5.71 | C10: 10.36 | D10: 9.93 | E10: 5.86 | F10: 4.32 | G10: 45.77 | H10: 15.63 | I10: 1.87 | J10: 0.39 | K10: 126.72 | L10: 24.72 | M10: 91.86 | N10: 40.3 | O10: 0 | P10: 0.35 | Q10: 9.08
A11: 25/10/2025 03:00 | B11: 6.63 | C11: 11.19 | D11: 10.43 | E11: 5.73 | F11: 2.54 | G11: 42.73 | H11: 14.84 | I11: 1.94 | J11: 0.4 | K11: 135.83 | L11: 24.52 | M11: 92.76 | N11: 40.1 | O11: 0 | P11: 0.39 | Q11: 9.08
A12: 25/10/2025 04:00 | B12: 9.61 | C12: 13.75 | D12: 14.89 | E12: 5.38 | F12: 2.12 | G12: 39.13 | H12: 14.34 | I12: 1.69 | J12: 0.13 | K12: 348.78 | L12: 24.32 | M12: 97.38 | N12: 40.2 | O12: 0 | P12: 0.37 | Q12: 9.05
A13: 25/10/2025 05:00 | B13: 9.56 | C13: 17.57 | D13: 16.84 | E13: 5.25 | F13: 2.78 | G13: 41 | H13: 13.61 | I13: 1.68 | J13: 0.17 | K13: 213 | L13: 24.16 | M13: 96.61 | N13: 40.2 | O13: 0 | P13: 0.35 | Q13: 9.03
A14: 25/10/2025 06:00 | B14: 7.16 | C14: 11.24 | D14: 10.9 | E14: 5.13 | F14: 3.46 | G14: 34.5 | H14: 14.74 | I14: 1.72 | J14: 0.46 | K14: 163.5 | L14: 23.98 | M14: 97.91 | N14: 42 | O14: 0 | P14: 0.36 | Q14: 9.06
A15: 25/10/2025 07:00 | B15: 7.13 | C15: 13.08 | D15: 12.12 | E15: 5.12 | F15: 2.26 | G15: 33.89 | H15: 13.62 | I15: 1.74 | J15: 0.19 | K15: 178.62 | L15: 23.96 | M15: 97.93 | N15: 65.8 | O15: 0 | P15: 0.35 | Q15: 9.06
A16: 25/10/2025 08:00 | B16: 10.12 | C16: 15.66 | D16: 16.3 | E16: 5.24 | F16: 2.82 | G16: 37.34 | H16: 12.89 | I16: 1.72 | J16: 0.33 | K16: 133.15 | L16: 24.95 | M16: 97.91 | N16: 133 | O16: 0 | P16: 0.43 | Q16: 9.03
A17: 25/10/2025 09:00 | B17: 8.38 | C17: 10.81 | D17: 11.85 | E17: 5.14 | F17: 3.72 | G17: 40.28 | H17: 12.4 | I17: 1.73 | J17: 0.54 | K17: 130.36 | L17: 25.75 | M17: 97.89 | N17: 230.1 | O17: 0 | P17: 0.41 | Q17: 9.05
A18: 25/10/2025 10:00 | B18: 14.65 | C18: 15 | D18: 19.37 | E18: 6.14 | F18: 5.17 | G18: 67.18 | H18: 14.8 | I18: 1.57 | J18: 0.2 | K18: 115.26 | L18: 26.53 | M18: 95.71 | N18: 240.1 | O18: 0 | P18: 0.63 | Q18: 9.08
A19: 25/10/2025 11:00 | B19: 9.43 | C19: 23.32 | D19: 19.48 | E19: 7.6 | F19: 7.45 | G19: 65.62 | H19: 13.97 | I19: 1.91 | J19: 0.37 | K19: 344.9 | L19: 27.26 | M19: 88.7 | N19: 240.8 | O19: 0 | P19: 0.71 | Q19: 9.1
A20: 25/10/2025 12:00 | B20: 6.93 | C20: 19.04 | D20: 14.51 | E20: 8.03 | F20: 8.22 | G20: 65.39 | H20: 13.6 | I20: 2.6 | J20: 0.84 | K20: 130.54 | L20: 29.06 | M20: 86.12 | N20: 601.5 | O20: 0 | P20: 0.58 | Q20: 9.13
... A32: 25/10/2025 24:00 | B32: 8.59 | C32: 16.59 | D32: 15.12 | E32: 6.9 | F32: 5.11 | G32: 78.91 | H32: 13.79 | I32: 2.3 | J32: 0.35 | K32: 182.05 | L32: 25.11 | M32: 97.32 | N32: 41.5 | O32: 0 | P32: 0.53 | Q32: 9.2
A34: Min | B34: =MIN(B9:B32) -> 5.71 | C34: =MIN(C9:C32) -> 10.36 | D34: =MIN(D9:D32) -> 9.93 | E34: =MIN(E9:E32) -> 5.12 | F34: =MIN(F9:F32) -> 2.12 | G34: =MIN(G9:G32) -> 29.87 | H34: =MIN(H9:H32) -> 12.4 | I34: =MIN(I9:I32) -> 1.57 | ... Q34: =MIN(Q9:Q32) -> 8.99
A35: Max | B35: =MAX(B9:B32) -> 28.03 | C35: =MAX(C9:C32) -> 30.75 | D35: =MAX(D9:D32) -> 34.68 | E35: =MAX(E9:E32) -> 8.15 | F35: =MAX(F9:F32) -> 11.34 | G35: =MAX(G9:G32) -> 81.32 | H35: =MAX(H9:H32) -> 15.63 | I35: =MAX(I9:I32) -> 2.6 | ... Q35: =MAX(Q9:Q32) -> 9.2
A36: Avg | B36: =AVERAGE(B9:B32) -> 11.01875 | C36: =AVERAGE(C9:C32) -> 18.340833 | D36: =AVERAGE(D9:D32) -> 18.00375 | E36: =AVERAGE(E9:E32) -> 6.58375 | F36: =AVERAGE(F9:F32) -> 5.4470833 | G36: =AVERAGE(G9:G32) -> 52.497917 | H36: =AVERAGE(H9:H32) -> 13.844167 | I36: =AVERAGE(I9:I32) -> 1.925 | ... Q36: =AVERAGE(Q9:Q32) -> 9.0804167
A37: Stdev | B37: =STDEV(B9:B32) -> 5.4256928 | C37: =STDEV(C9:C32) -> 6.8531363 | D37: =STDEV(D9:D32) -> 7.1333039 | E37: =STDEV(E9:E32) -> 1.0105221 | F37: =STDEV(F9:F32) -> 2.8868856 | G37: =STDEV(G9:G32) -> 17.989343 | H37: =STDEV(H9:H32) -> 0.72367971 | I37: =STDEV(I9:I32) -> 0.29163706 | ... Q37: =STDEV(Q9:Q32) -> 0.052542254
A38: Num | B38: =COUNT(B9:B32) -> 24 | C38: =COUNT(C9:C32) -> 24 | D38: =COUNT(D9:D32) -> 24 | E38: =COUNT(E9:E32) -> 24 | F38: =COUNT(F9:F32) -> 24 | G38: =COUNT(G9:G32) -> 24 | H38: =COUNT(H9:H32) -> 24 | I38: =COUNT(I9:I32) -> 24 | ... Q38: =COUNT(Q9:Q32) -> 24
A39: DCR | B39: =IF(B38>=22,">90%",IF(B38<=22,"<90%")) -> >90% | C39: =IF(C38>=22,">90%",IF(C38<=22,"<90%")) -> >90% | D39: =IF(D38>=22,">90%",IF(D38<=22,"<90%")) -> >90% | E39: =IF(E38>=22,">90%",IF(E38<=22,"<90%")) -> >90% | F39: =IF(F38>=22,">90%",IF(F38<=22,"<90%")) -> >90% | G39: =IF(G38>=22,">90%",IF(G38<=22,"<90%")) -> >90% | H39: =IF(H38>=22,">90%",IF(H38<=22,"<90%")) -> >90% | I39: =IF(I38>=22,">90%",IF(I38<=22,"<90%")) -> >90% | ... Q39: =IF(Q38>=22,">90%",IF(Q38<=22,"<90%")) -> >90%
A40: Status | B40: =IF(B38>=22,"OK",IF(B38<=22,"LESS")) -> OK | C40: =IF(C38>=22,"OK",IF(C38<=22,"LESS")) -> OK | D40: =IF(D38>=22,"OK",IF(D38<=22,"LESS")) -> OK | E40: =IF(E38>=22,"OK",IF(E38<=22,"LESS")) -> OK | F40: =IF(F38>=22,"OK",IF(F38<=22,"LESS")) -> OK | G40: =IF(G38>=22,"OK",IF(G38<=22,"LESS")) -> OK | H40: =IF(H38>=22,"OK",IF(H38<=22,"LESS")) -> OK | I40: =IF(I38>=22,"OK",IF(I38<=22,"LESS")) -> OK | ... Q40: =IF(Q38>=22,"OK",IF(Q38<=22,"LESS")) -> OK
A43: Done by | B43: RAHUL
A45: Comment

Sheet 26
A1: Station: | B1: BHATAGAON RAIPUR
A2: Date: | B2: =$A$9 -> 26/10/2025 01:00 | D2: Power Off | G2: Pw.Off | L2: Link Fail | N2: Link F | P2: Maintenance | R2: Maint.
A3: Report Type: | B3: Mean | D3: Calibration | G3: Calib. | L3: Data Fail | N3: Data F | P3: Invalid | R3: Invalid
A4: Time Base: | B4: 01 Hour | D4: Zero Referrence | G4: Z.Ref | L4: Warm Up | N4: Wm. Up
A7: Date & Time | B7: NO_BHATAGAON | C7: NO2__BHATAGAON | D7: NOX_BHATAGAON | E7: SO2__BHATAGAON | F7: O3__BHATAGAON | G7: PM10__BHATAGAON | H7: PM2_5__BHATAGAON | I7: BENZ__BHATAGAON | J7: WS__BHATAGAON | K7: WD__BHATAGAON | L7: TEMP__BHATAGAON | M7: HUM__BHATAGAON | N7: SR__BHATAGAON | O7: RG__BHATAGAON | P7: CO__BHATAGAON | Q7: NH3__BHATAGAON
B8: ug/m3 | C8: ug/m3 | D8: ppb | E8: ug/m3 | F8: ug/m3 | G8: mg/m3 | H8: ug/m3 | I8: ug/m3 | J8: m/sec | K8: deg | L8: degreC | M8: % | N8: w/m2 | O8: mm | P8: ug/m3 | Q8: ug/m3
A9: 26/10/2025 01:00 | B9: 8.29 | C9: 12.13 | D9: 12.23 | E9: 5.84 | F9: 4.7 | G9: 72.46 | H9: 13.18 | I9: 2.27 | J9: 0.49 | K9: 162.15 | L9: 24.84 | M9: 98.08 | N9: 41.9 | O9: 0 | P9: 0.56 | Q9: 9.16
A10: 26/10/2025 02:00 | B10: 11.23 | C10: 10.27 | D10: 14 | E10: 4.78 | F10: 2.1 | G10: 72.78 | H10: 17.76 | I10: 2.19 | J10: 0.11 | K10: 356.52 | L10: 23.37 | M10: 98.14 | N10: 40.8 | O10: 0 | P10: 0.51 | Q10: 9.09
A11: 26/10/2025 03:00 | B11: 8.32 | C11: 10.65 | D11: 11.44 | E11: 4.59 | F11: 2.37 | G11: 69.76 | H11: 17.39 | I11: 2.1 | J11: 0.08 | K11: 347.29 | L11: 23.46 | M11: 98.15 | N11: 41.4 | O11: 0 | P11: 0.59 | Q11: 9.08
A12: 26/10/2025 04:00 | B12: 11.77 | C12: 7.92 | D12: 13.49 | E12: 4.62 | F12: 2.29 | G12: 63.69 | H12: 15.47 | I12: 2.05 | J12: 0.24 | K12: 331.23 | L12: 23.1 | M12: 98.15 | N12: 41.2 | O12: 0 | P12: 0.55 | Q12: 9.12
A13: 26/10/2025 05:00 | B13: 13.18 | C13: 9.75 | D13: 15.15 | E13: 4.51 | F13: 2.39 | G13: 59.59 | H13: 14.13 | I13: 1.98 | J13: 0.66 | K13: 342.37 | L13: 23.27 | M13: 98.17 | N13: 41.1 | O13: 0 | P13: 0.58 | Q13: 9.13
A14: 26/10/2025 06:00 | B14: 12.73 | C14: 16.17 | D14: 17.82 | E14: 4.9 | F14: 2.49 | G14: 63.55 | H14: 15.67 | I14: 2.04 | J14: 0.4 | K14: 341.35 | L14: 23.4 | M14: 98.13 | N14: 43 | O14: 0 | P14: 0.71 | Q14: 9.12
A15: 26/10/2025 07:00 | B15: 16.14 | C15: 16.43 | D15: 21.13 | E15: 6.44 | F15: 4.01 | G15: 74.53 | H15: 14.27 | I15: 2.08 | J15: 0.76 | K15: 339.45 | L15: 23.68 | M15: 98.07 | N15: 75.4 | O15: 0 | P15: 0.7 | Q15: 9.11
A16: 26/10/2025 08:00 | B16: 16.06 | C16: 18.39 | D16: 20.17 | E16: 8.01 | F16: 3.26 | G16: 82.18 | H16: 13.29 | I16: 2.38 | J16: 0.86 | K16: 343.24 | L16: 24.46 | M16: 98.04 | N16: 148.5 | O16: 0 | P16: 0.86 | Q16: 9.18
A17: 26/10/2025 09:00 | B17: 15.3 | C17: 13.43 | D17: 19.29 | E17: 8.1 | F17: 5.98 | G17: 94.57 | H17: 12.6 | I17: 2.45 | J17: 1.01 | K17: 334.29 | L17: 26.78 | M17: 97.96 | N17: 322.8 | O17: 0 | P17: 0.73 | Q17: 9.22
A18: 26/10/2025 10:00 | B18: 12.51 | C18: 12.43 | D18: 15.76 | E18: 6.7 | F18: 5.97 | G18: 104.17 | H18: 14.56 | I18: 2.46 | J18: 0.66 | K18: 132.58 | L18: 27.16 | M18: 97.96 | N18: 375.4 | O18: 0 | P18: 0.7 | Q18: 9.21
A19: 26/10/2025 11:00 | B19: 9.54 | C19: 12.59 | D19: 14.23 | E19: 6.62 | F19: 8.91 | G19: 99.98 | H19: 14.25 | I19: 2.4 | J19: 0.74 | K19: 137.19 | L19: 29.5 | M19: 95.11 | N19: 635.6 | O19: 0 | P19: 0.62 | Q19: 9.15
A20: 26/10/2025 12:00 | B20: 9.27 | C20: 11.96 | D20: 13.38 | E20: 6.39 | F20: 9.44 | G20: 89.92 | H20: 14.18 | I20: 2.32 | J20: 0.93 | K20: 147.94 | L20: 29.48 | M20: 80.76 | N20: 844.5 | O20: 0 | P20: 0.56 | Q20: 9.1
... A32: 26/10/2025 24:00 | B32: 25.14 | C32: 8.1 | D32: 24.01 | E32: 6.76 | F32: 2.83 | G32: 63.38 | H32: 14.43 | I32: 2.63 | J32: 0.55 | K32: 334.84 | L32: 23.59 | M32: 98.1 | N32: 39.3 | O32: 0 | P32: 0.88 | Q32: 9.53
A34: Min | B34: =MIN(B9:B32) -> 7.69 | C34: =MIN(C9:C32) -> 7.92 | D34: =MIN(D9:D32) -> 11.25 | E34: =MIN(E9:E32) -> 4.51 | F34: =MIN(F9:F32) -> 2.1 | G34: =MIN(G9:G32) -> 42.51 | H34: =MIN(H9:H32) -> 12.6 | I34: =MIN(I9:I32) -> 1.95 | ... Q34: =MIN(Q9:Q32) -> 9.04
A35: Max | B35: =MAX(B9:B32) -> 43.81 | C35: =MAX(C9:C32) -> 23.49 | D35: =MAX(D9:D32) -> 39.42 | E35: =MAX(E9:E32) -> 11.57 | F35: =MAX(F9:F32) -> 9.44 | G35: =MAX(G9:G32) -> 104.17 | H35: =MAX(H9:H32) -> 17.76 | I35: =MAX(I9:I32) -> 2.76 | ... Q35: =MAX(Q9:Q32) -> 9.53
A36: Avg | B36: =AVERAGE(B9:B32) -> 17.49875 | C36: =AVERAGE(C9:C32) -> 13.95375 | D36: =AVERAGE(D9:D32) -> 20.425833 | E36: =AVERAGE(E9:E32) -> 6.8025 | F36: =AVERAGE(F9:F32) -> 4.33875 | G36: =AVERAGE(G9:G32) -> 68.005 | H36: =AVERAGE(H9:H32) -> 14.7525 | I36: =AVERAGE(I9:I32) -> 2.2841667 | ... Q36: =AVERAGE(Q9:Q32) -> 9.195
A37: Stdev | B37: =STDEV(B9:B32) -> 9.8170736 | C37: =STDEV(C9:C32) -> 3.9682115 | D37: =STDEV(D9:D32) -> 7.8787926 | E37: =STDEV(E9:E32) -> 1.8072228 | F37: =STDEV(F9:F32) -> 2.4082816 | G37: =STDEV(G9:G32) -> 16.452534 | H37: =STDEV(H9:H32) -> 1.3721334 | I37: =STDEV(I9:I32) -> 0.23091344 | ... Q37: =STDEV(Q9:Q32) -> 0.13900266
A38: Num | B38: =COUNT(B9:B32) -> 24 | C38: =COUNT(C9:C32) -> 24 | D38: =COUNT(D9:D32) -> 24 | E38: =COUNT(E9:E32) -> 24 | F38: =COUNT(F9:F32) -> 24 | G38: =COUNT(G9:G32) -> 24 | H38: =COUNT(H9:H32) -> 24 | I38: =COUNT(I9:I32) -> 24 | ... Q38: =COUNT(Q9:Q32) -> 24
A39: DCR | B39: =IF(B38>=22,">90%",IF(B38<=22,"<90%")) -> >90% | C39: =IF(C38>=22,">90%",IF(C38<=22,"<90%")) -> >90% | D39: =IF(D38>=22,">90%",IF(D38<=22,"<90%")) -> >90% | E39: =IF(E38>=22,">90%",IF(E38<=22,"<90%")) -> >90% | F39: =IF(F38>=22,">90%",IF(F38<=22,"<90%")) -> >90% | G39: =IF(G38>=22,">90%",IF(G38<=22,"<90%")) -> >90% | H39: =IF(H38>=22,">90%",IF(H38<=22,"<90%")) -> >90% | I39: =IF(I38>=22,">90%",IF(I38<=22,"<90%")) -> >90% | ... Q39: =IF(Q38>=22,">90%",IF(Q38<=22,"<90%")) -> >90%
A40: Status | B40: =IF(B38>=22,"OK",IF(B38<=22,"LESS")) -> OK | C40: =IF(C38>=22,"OK",IF(C38<=22,"LESS")) -> OK | D40: =IF(D38>=22,"OK",IF(D38<=22,"LESS")) -> OK | E40: =IF(E38>=22,"OK",IF(E38<=22,"LESS")) -> OK | F40: =IF(F38>=22,"OK",IF(F38<=22,"LESS")) -> OK | G40: =IF(G38>=22,"OK",IF(G38<=22,"LESS")) -> OK | H40: =IF(H38>=22,"OK",IF(H38<=22,"LESS")) -> OK | I40: =IF(I38>=22,"OK",IF(I38<=22,"LESS")) -> OK | ... Q40: =IF(Q38>=22,"OK",IF(Q38<=22,"LESS")) -> OK
A43: Done by | B43: RAHUL
A45: Comment

Sheet 27
A1: Station: | B1: BHATAGAON RAIPUR
A2: Date: | B2: =$A$9 -> 27/10/2025 01:00 | D2: Power Off | G2: Pw.Off | L2: Link Fail | N2: Link F | P2: Maintenance | R2: Maint.
A3: Report Type: | B3: Mean | D3: Calibration | G3: Calib. | L3: Data Fail | N3: Data F | P3: Invalid | R3: Invalid
A4: Time Base: | B4: 01 Hour | D4: Zero Referrence | G4: Z.Ref | L4: Warm Up | N4: Wm. Up
A7: Date & Time | B7: NO_BHATAGAON | C7: NO2__BHATAGAON | D7: NOX_BHATAGAON | E7: SO2__BHATAGAON | F7: O3__BHATAGAON | G7: PM10__BHATAGAON | H7: PM2_5__BHATAGAON | I7: BENZ__BHATAGAON | J7: WS__BHATAGAON | K7: WD__BHATAGAON | L7: TEMP__BHATAGAON | M7: HUM__BHATAGAON | N7: SR__BHATAGAON | O7: RG__BHATAGAON | P7: CO__BHATAGAON | Q7: NH3__BHATAGAON
B8: ug/m3 | C8: ug/m3 | D8: ppb | E8: ug/m3 | F8: ug/m3 | G8: mg/m3 | H8: ug/m3 | I8: ug/m3 | J8: m/sec | K8: deg | L8: degreC | M8: % | N8: w/m2 | O8: mm | P8: ug/m3 | Q8: ug/m3
A9: 27/10/2025 01:00 | B9: 25.55 | C9: 7.47 | D9: 23.17 | E9: 6.72 | F9: 2.92 | G9: 67.36 | H9: 14.46 | I9: 2.56 | J9: 0.64 | K9: 337.71 | L9: 23.1 | M9: 98.13 | N9: 39.3 | O9: 0 | P9: 0.66 | Q9: 9.51
A10: 27/10/2025 02:00 | B10: 18.86 | C10: 5.56 | D10: 17.53 | E10: 6.29 | F10: 2.54 | G10: 62.05 | H10: 17.17 | I10: 2.45 | J10: 0.42 | K10: 333.51 | L10: 22.8 | M10: 98.15 | N10: 39.3 | O10: 0 | P10: 0.64 | Q10: 9.49
A11: 27/10/2025 03:00 | B11: 18.23 | C11: 6.12 | D11: 16.76 | E11: 6.17 | F11: 2.16 | G11: 56.48 | H11: 15.32 | I11: 2.36 | J11: 0.26 | K11: 277.03 | L11: 22.53 | M11: 98.15 | N11: 39.3 | O11: 0 | P11: 0.67 | Q11: 9.45
A12: 27/10/2025 04:00 | B12: 16.33 | C12: 4.85 | D12: 15.62 | E12: 5.95 | F12: 3.25 | G12: 56.88 | H12: 14.02 | I12: 2.28 | J12: 0.38 | K12: 167.43 | L12: 22.54 | M12: 98.13 | N12: 39.3 | O12: 0 | P12: 0.62 | Q12: 9.39
A13: 27/10/2025 05:00 | B13: 15.02 | C13: 5.9 | D13: 15.12 | E13: 6.15 | F13: 3.15 | G13: 54.88 | H13: 13.12 | I13: 2.16 | J13: 0.4 | K13: 180.41 | L13: 22.32 | M13: 98.13 | N13: 39.3 | O13: 0 | P13: 0.59 | Q13: 9.31
A14: 27/10/2025 06:00 | B14: 13.84 | C14: 7.98 | D14: 14.57 | E14: 6.27 | F14: 3.86 | G14: 51.36 | H14: 14.19 | I14: 2.24 | J14: 0.57 | K14: 135.49 | L14: 22.04 | M14: 98.18 | N14: 40.8 | O14: 0 | P14: 0.56 | Q14: 9.25
A15: 27/10/2025 07:00 | B15: 12.1 | C15: 8.26 | D15: 13.66 | E15: 6.9 | F15: 2.16 | G15: 49.98 | H15: 13.3 | I15: 2.18 | J15: 0.84 | K15: 130.61 | L15: 22.74 | M15: 98.15 | N15: 116.4 | O15: 0 | P15: 0.52 | Q15: 9.25
A16: 27/10/2025 08:00 | B16: 15.73 | C16: 15.78 | D16: 20.19 | E16: 6.73 | F16: 3.73 | G16: 48.57 | H16: 12.7 | I16: 2.14 | J16: 0.3 | K16: 135.36 | L16: 26.21 | M16: 98.05 | N16: 331 | O16: 0 | P16: 0.49 | Q16: 9.24
A17: 27/10/2025 09:00 | B17: 12.02 | C17: 13.64 | D17: 16.76 | E17: 6.91 | F17: 7.14 | G17: 41.91 | H17: 12.29 | I17: 1.8 | J17: 1.06 | K17: 130.8 | L17: 27.07 | M17: 92.42 | N17: 505.6 | O17: 0 | P17: 0.42 | Q17: 9.14
A18: 27/10/2025 10:00 | B18: 6.9 | C18: 10.59 | D18: 11.07 | E18: 6.69 | F18: 8.55 | G18: 37.74 | H18: 15.5 | I18: 1.64 | J18: 1.17 | K18: 125.86 | L18: 28.21 | M18: 83.6 | N18: 690.5 | O18: 0 | P18: 0.26 | Q18: 9.03
A19: 27/10/2025 11:00 | B19: 7.9 | C19: 9.25 | D19: 11.16 | E19: 5.97 | F19: 7.29 | G19: 33.46 | H19: 14.45 | I19: 1.21 | J19: 1.27 | K19: 120.39 | L19: 28.24 | M19: 75.84 | N19: 756.5 | O19: 0 | P19: 0.17 | Q19: 8.98
A20: 27/10/2025 12:00 | B20: 5.59 | C20: 9.05 | D20: 9.2 | E20: 5.8 | F20: 6.38 | G20: 45.18 | H20: 13.35 | I20: 0.99 | J20: 1.41 | K20: 125.32 | L20: 29.43 | M20: 68.51 | N20: 822.5 | O20: 0 | P20: 0.14 | Q20: 9
... A32: 27/10/2025 24:00 | B32: 10.29 | C32: 11.17 | D32: 14.09 | E32: 5.98 | F32: 2.25 | G32: 24.57 | H32: 10.19 | I32: 1.39 | J32: 1.12 | K32: 131.82 | L32: 23.95 | M32: 98.05 | N32: 44.1 | O32: 0 | P32: 0.4 | Q32: 9.11
A34: Min | B34: =MIN(B9:B32) -> 5.59 | C34: =MIN(C9:C32) -> 4.85 | D34: =MIN(D9:D32) -> 9.2 | E34: =MIN(E9:E32) -> 5.48 | F34: =MIN(F9:F32) -> 2.16 | G34: =MIN(G9:G32) -> 11.34 | H34: =MIN(H9:H32) -> 7.29 | I34: =MIN(I9:I32) -> 0.7 | ... Q34: =MIN(Q9:Q32) -> 8.95
A35: Max | B35: =MAX(B9:B32) -> 25.55 | C35: =MAX(C9:C32) -> 18.35 | D35: =MAX(D9:D32) -> 24.16 | E35: =MAX(E9:E32) -> 6.91 | F35: =MAX(F9:F32) -> 8.55 | G35: =MAX(G9:G32) -> 67.36 | H35: =MAX(H9:H32) -> 17.17 | I35: =MAX(I9:I32) -> 2.56 | ... Q35: =MAX(Q9:Q32) -> 9.51
A36: Avg | B36: =AVERAGE(B9:B32) -> 12.460417 | C36: =AVERAGE(C9:C32) -> 10.65 | D36: =AVERAGE(D9:D32) -> 15.277083 | E36: =AVERAGE(E9:E32) -> 6.11 | F36: =AVERAGE(F9:F32) -> 5.0320833 | G36: =AVERAGE(G9:G32) -> 38.478333 | H36: =AVERAGE(H9:H32) -> 12.81 | I36: =AVERAGE(I9:I32) -> 1.5266667 | ... Q36: =AVERAGE(Q9:Q32) -> 9.1758333
A37: Stdev | B37: =STDEV(B9:B32) -> 4.911267 | C37: =STDEV(C9:C32) -> 3.6501769 | D37: =STDEV(D9:D32) -> 3.9280502 | E37: =STDEV(E9:E32) -> 0.43724434 | F37: =STDEV(F9:F32) -> 2.1461917 | G37: =STDEV(G9:G32) -> 15.256504 | H37: =STDEV(H9:H32) -> 2.3937219 | I37: =STDEV(I9:I32) -> 0.62738704 | ... Q37: =STDEV(Q9:Q32) -> 0.17171556
A38: Num | B38: =COUNT(B9:B32) -> 24 | C38: =COUNT(C9:C32) -> 24 | D38: =COUNT(D9:D32) -> 24 | E38: =COUNT(E9:E32) -> 24 | F38: =COUNT(F9:F32) -> 24 | G38: =COUNT(G9:G32) -> 24 | H38: =COUNT(H9:H32) -> 24 | I38: =COUNT(I9:I32) -> 24 | ... Q38: =COUNT(Q9:Q32) -> 24
A39: DCR | B39: =IF(B38>=22,">90%",IF(B38<=22,"<90%")) -> >90% | C39: =IF(C38>=22,">90%",IF(C38<=22,"<90%")) -> >90% | D39: =IF(D38>=22,">90%",IF(D38<=22,"<90%")) -> >90% | E39: =IF(E38>=22,">90%",IF(E38<=22,"<90%")) -> >90% | F39: =IF(F38>=22,">90%",IF(F38<=22,"<90%")) -> >90% | G39: =IF(G38>=22,">90%",IF(G38<=22,"<90%")) -> >90% | H39: =IF(H38>=22,">90%",IF(H38<=22,"<90%")) -> >90% | I39: =IF(I38>=22,">90%",IF(I38<=22,"<90%")) -> >90% | ... Q39: =IF(Q38>=22,">90%",IF(Q38<=22,"<90%")) -> >90%
A40: Status | B40: =IF(B38>=22,"OK",IF(B38<=22,"LESS")) -> OK | C40: =IF(C38>=22,"OK",IF(C38<=22,"LESS")) -> OK | D40: =IF(D38>=22,"OK",IF(D38<=22,"LESS")) -> OK | E40: =IF(E38>=22,"OK",IF(E38<=22,"LESS")) -> OK | F40: =IF(F38>=22,"OK",IF(F38<=22,"LESS")) -> OK | G40: =IF(G38>=22,"OK",IF(G38<=22,"LESS")) -> OK | H40: =IF(H38>=22,"OK",IF(H38<=22,"LESS")) -> OK | I40: =IF(I38>=22,"OK",IF(I38<=22,"LESS")) -> OK | ... Q40: =IF(Q38>=22,"OK",IF(Q38<=22,"LESS")) -> OK
A43: Done by | B43: RAHUL
A45: Comment

Sheet 28
A1: Station: | B1: BHATAGAON RAIPUR
A2: Date: | B2: =$A$9 -> 28/10/2025 01:00 | D2: Power Off | G2: Pw.Off | L2: Link Fail | N2: Link F | P2: Maintenance | R2: Maint.
A3: Report Type: | B3: Mean | D3: Calibration | G3: Calib. | L3: Data Fail | N3: Data F | P3: Invalid | R3: Invalid
A4: Time Base: | B4: 01 Hour | D4: Zero Referrence | G4: Z.Ref | L4: Warm Up | N4: Wm. Up
A7: Date & Time | B7: NO_BHATAGAON | C7: NO2__BHATAGAON | D7: NOX_BHATAGAON | E7: SO2__BHATAGAON | F7: O3__BHATAGAON | G7: PM10__BHATAGAON | H7: PM2_5__BHATAGAON | I7: BENZ__BHATAGAON | J7: WS__BHATAGAON | K7: WD__BHATAGAON | L7: TEMP__BHATAGAON | M7: HUM__BHATAGAON | N7: SR__BHATAGAON | O7: RG__BHATAGAON | P7: CO__BHATAGAON | Q7: NH3__BHATAGAON
B8: ug/m3 | C8: ug/m3 | D8: ppb | E8: ug/m3 | F8: ug/m3 | G8: mg/m3 | H8: ug/m3 | I8: ug/m3 | J8: m/sec | K8: deg | L8: degreC | M8: % | N8: w/m2 | O8: mm | P8: ug/m3 | Q8: ug/m3
A9: 28/10/2025 01:00 | B9: 7.82 | C9: 12.14 | D9: 11.93 | E9: 5.73 | F9: 4.21 | G9: 24.53 | H9: 9.39 | I9: 1.35 | J9: 0.92 | K9: 135.15 | L9: 23.76 | M9: 98.06 | N9: 44.1 | O9: 0 | P9: 0.4 | Q9: 9.11
A10: 28/10/2025 02:00 | B10: 8.28 | C10: 6.88 | D10: 9.91 | E10: 5.27 | F10: 3.54 | G10: 18.73 | H10: 12.23 | I10: 1.32 | J10: 0.44 | K10: 137.36 | L10: 23.37 | M10: 98.08 | N10: 43.9 | O10: 0 | P10: 0.36 | Q10: 9.07
A11: 28/10/2025 03:00 | B11: 8.35 | C11: 6.16 | D11: 9.92 | E11: 4.69 | F11: 4.06 | G11: 14.1 | H11: 11.9 | I11: 1.28 | J11: 0.07 | K11: 287.93 | L11: 23.39 | M11: 98.08 | N11: 44 | O11: 0 | P11: 0.34 | Q11: 9.05
A12: 28/10/2025 04:00 | B12: 8.49 | C12: 6.77 | D12: 10.05 | E12: 4.55 | F12: 3.11 | G12: 13.11 | H12: 11.5 | I12: 1.24 | J12: 0.2 | K12: 305.54 | L12: 23.07 | M12: 98.13 | N12: 44.1 | O12: 0 | P12: 0.35 | Q12: 9.06
A13: 28/10/2025 05:00 | B13: 10.3 | C13: 7.41 | D13: 11.86 | E13: 4.58 | F13: 2.27 | G13: 11.79 | H13: 10.59 | I13: 1.18 | J13: 0.18 | K13: 331.28 | L13: 22.98 | M13: 98.15 | N13: 43.9 | O13: 0 | P13: 0.32 | Q13: 9.09
A14: 28/10/2025 06:00 | B14: 12.5 | C14: 7.5 | D14: 13.55 | E14: 4.39 | F14: 2.72 | G14: 8.78 | H14: 13.06 | I14: 1.13 | J14: 0.16 | K14: 320.47 | L14: 22.92 | M14: 98.15 | N14: 44.6 | O14: 0 | P14: 0.34 | Q14: 9.08
A15: 28/10/2025 07:00 | B15: 14.31 | C15: 7.84 | D15: 15.04 | E15: 4.59 | F15: 2.99 | G15: 6.12 | H15: 12.02 | I15: 1.17 | J15: 0.21 | K15: 336.84 | L15: 23.19 | M15: 98.15 | N15: 70.9 | O15: 0 | P15: 0.38 | Q15: 9.08
A16: 28/10/2025 08:00 | B16: 15.31 | C16: 8.05 | D16: 16.21 | E16: 4.62 | F16: 2.45 | G16: 21.94 | H16: 11.03 | I16: 1.25 | J16: 0.21 | K16: 342.29 | L16: 23.88 | M16: 98.1 | N16: 100.9 | O16: 0 | P16: 0.45 | Q16: 9.14
A17: 28/10/2025 09:00 | B17: 14.38 | C17: 7.66 | D17: 14.99 | E17: 5.89 | F17: 3.16 | G17: 35.3 | H17: 9.97 | I17: 1.34 | J17: 0.68 | K17: 135.67 | L17: 24.79 | M17: 98.03 | N17: 213.9 | O17: 0 | P17: 0.48 | Q17: 9.18
A18: 28/10/2025 10:00 | B18: 13.46 | C18: 8.4 | D18: 14.77 | E18: 6.28 | F18: 3.61 | G18: 33.98 | H18: 9.28 | I18: 1.42 | J18: 0.66 | K18: 162.26 | L18: 24.81 | M18: 98.05 | N18: 221.8 | O18: 0 | P18: 0.52 | Q18: 9.19
A19: 28/10/2025 11:00 | B19: 15.28 | C19: 10.98 | D19: 17.64 | E19: 6.13 | F19: 7.08 | G19: 36.55 | H19: 8.96 | I19: 1.65 | J19: 0.44 | K19: 344.63 | L19: 25.97 | M19: 98.06 | N19: 320.6 | O19: 0 | P19: 0.62 | Q19: 9.15
A20: 28/10/2025 12:00 | B20: 13.73 | C20: 10.49 | D20: 16.21 | E20: 6.32 | F20: 5.27 | G20: 44.9 | H20: 10.12 | I20: 1.78 | J20: 0.34 | K20: 306.07 | L20: 26.77 | M20: 96.2 | N20: 376.5 | O20: 0 | P20: 0.62 | Q20: 9.15
... A32: 28/10/2025 24:00 | B32: 13.94 | C32: 6.26 | D32: 14.27 | E32: 5.85 | F32: 3.35 | G32: 15.73 | H32: 8.83 | I32: 1.55 | J32: 0.49 | K32: 155.79 | L32: 22.8 | M32: 98.05 | N32: 41.5 | O32: 0 | P32: 0.42 | Q32: 9.17
A34: Min | B34: =MIN(B9:B32) -> 7.82 | C34: =MIN(C9:C32) -> 6.16 | D34: =MIN(D9:D32) -> 9.91 | E34: =MIN(E9:E32) -> 4.39 | F34: =MIN(F9:F32) -> 2.15 | G34: =MIN(G9:G32) -> 6.12 | H34: =MIN(H9:H32) -> 8.83 | I34: =MIN(I9:I32) -> 1.13 | ... Q34: =MIN(Q9:Q32) -> 9.05
A35: Max | B35: =MAX(B9:B32) -> 15.31 | C35: =MAX(C9:C32) -> 13.96 | D35: =MAX(D9:D32) -> 18.08 | E35: =MAX(E9:E32) -> 6.6 | F35: =MAX(F9:F32) -> 8.88 | G35: =MAX(G9:G32) -> 45.81 | H35: =MAX(H9:H32) -> 13.06 | I35: =MAX(I9:I32) -> 1.8 | ... Q35: =MAX(Q9:Q32) -> 9.19
A36: Avg | B36: =AVERAGE(B9:B32) -> 12.040417 | C36: =AVERAGE(C9:C32) -> 9.3141667 | D36: =AVERAGE(D9:D32) -> 14.177917 | E36: =AVERAGE(E9:E32) -> 5.7145833 | F36: =AVERAGE(F9:F32) -> 4.43625 | G36: =AVERAGE(G9:G32) -> 27.61 | H36: =AVERAGE(H9:H32) -> 10.639583 | I36: =AVERAGE(I9:I32) -> 1.5016667 | ... Q36: =AVERAGE(Q9:Q32) -> 9.11625
A37: Stdev | B37: =STDEV(B9:B32) -> 2.3974705 | C37: =STDEV(C9:C32) -> 2.2406655 | D37: =STDEV(D9:D32) -> 2.2474739 | E37: =STDEV(E9:E32) -> 0.7386002 | F37: =STDEV(F9:F32) -> 1.8685121 | G37: =STDEV(G9:G32) -> 12.501901 | H37: =STDEV(H9:H32) -> 1.1320066 | I37: =STDEV(I9:I32) -> 0.21932043 | ... Q37: =STDEV(Q9:Q32) -> 0.045665371
A38: Num | B38: =COUNT(B9:B32) -> 24 | C38: =COUNT(C9:C32) -> 24 | D38: =COUNT(D9:D32) -> 24 | E38: =COUNT(E9:E32) -> 24 | F38: =COUNT(F9:F32) -> 24 | G38: =COUNT(G9:G32) -> 24 | H38: =COUNT(H9:H32) -> 24 | I38: =COUNT(I9:I32) -> 24 | ... Q38: =COUNT(Q9:Q32) -> 24
A39: DCR | B39: =IF(B38>=22,">90%",IF(B38<=22,"<90%")) -> >90% | C39: =IF(C38>=22,">90%",IF(C38<=22,"<90%")) -> >90% | D39: =IF(D38>=22,">90%",IF(D38<=22,"<90%")) -> >90% | E39: =IF(E38>=22,">90%",IF(E38<=22,"<90%")) -> >90% | F39: =IF(F38>=22,">90%",IF(F38<=22,"<90%")) -> >90% | G39: =IF(G38>=22,">90%",IF(G38<=22,"<90%")) -> >90% | H39: =IF(H38>=22,">90%",IF(H38<=22,"<90%")) -> >90% | I39: =IF(I38>=22,">90%",IF(I38<=22,"<90%")) -> >90% | ... Q39: =IF(Q38>=22,">90%",IF(Q38<=22,"<90%")) -> >90%
A40: Status | B40: =IF(B38>=22,"OK",IF(B38<=22,"LESS")) -> OK | C40: =IF(C38>=22,"OK",IF(C38<=22,"LESS")) -> OK | D40: =IF(D38>=22,"OK",IF(D38<=22,"LESS")) -> OK | E40: =IF(E38>=22,"OK",IF(E38<=22,"LESS")) -> OK | F40: =IF(F38>=22,"OK",IF(F38<=22,"LESS")) -> OK | G40: =IF(G38>=22,"OK",IF(G38<=22,"LESS")) -> OK | H40: =IF(H38>=22,"OK",IF(H38<=22,"LESS")) -> OK | I40: =IF(I38>=22,"OK",IF(I38<=22,"LESS")) -> OK | ... Q40: =IF(Q38>=22,"OK",IF(Q38<=22,"LESS")) -> OK
A43: Done by | B43: RAHUL
A45: Comment

Sheet 29
A1: Station: | B1: BHATAGAON RAIPUR
A2: Date: | B2: =$A$9 -> 29/10/2025 01:00 | D2: Power Off | G2: Pw.Off | L2: Link Fail | N2: Link F | P2: Maintenance | R2: Maint.
A3: Report Type: | B3: Mean | D3: Calibration | G3: Calib. | L3: Data Fail | N3: Data F | P3: Invalid | R3: Invalid
A4: Time Base: | B4: 01 Hour | D4: Zero Referrence | G4: Z.Ref | L4: Warm Up | N4: Wm. Up
A7: Date & Time | B7: NO_BHATAGAON | C7: NO2__BHATAGAON | D7: NOX_BHATAGAON | E7: SO2__BHATAGAON | F7: O3__BHATAGAON | G7: PM10__BHATAGAON | H7: PM2_5__BHATAGAON | I7: BENZ__BHATAGAON | J7: WS__BHATAGAON | K7: WD__BHATAGAON | L7: TEMP__BHATAGAON | M7: HUM__BHATAGAON | N7: SR__BHATAGAON | O7: RG__BHATAGAON | P7: CO__BHATAGAON | Q7: NH3__BHATAGAON
B8: ug/m3 | C8: ug/m3 | D8: ppb | E8: ug/m3 | F8: ug/m3 | G8: mg/m3 | H8: ug/m3 | I8: ug/m3 | J8: m/sec | K8: deg | L8: degreC | M8: % | N8: w/m2 | O8: mm | P8: ug/m3 | Q8: ug/m3
A9: 29/10/2025 01:00 | B9: 12.84 | C9: 5.71 | D9: 13.02 | E9: 5.35 | F9: 2.23 | G9: 19.58 | H9: 8.93 | I9: 1.44 | J9: 0.31 | K9: 271.62 | L9: 22.61 | M9: 98.04 | N9: 41.1 | O9: 0 | P9: 0.36 | Q9: 9.15
A10: 29/10/2025 02:00 | B10: 12.08 | C10: 6.31 | D10: 12.45 | E10: 5.51 | F10: 2.1 | G10: 14.94 | H10: 11.51 | I10: 1.38 | J10: 0.51 | K10: 173.61 | L10: 22.41 | M10: 98.05 | N10: 41.1 | O10: 0 | P10: 0.41 | Q10: 9.14
A11: 29/10/2025 03:00 | B11: 10.8 | C11: 6.4 | D11: 11.82 | E11: 5.86 | F11: 2.1 | G11: 10.9 | H11: 10.79 | I11: 1.29 | J11: 0.24 | K11: 259.99 | L11: 22.41 | M11: 98.03 | N11: 41.1 | O11: 0 | P11: 0.38 | Q11: 9.14
A12: 29/10/2025 04:00 | B12: 10.55 | C12: 6.33 | D12: 11.58 | E12: 5.78 | F12: 2.15 | G12: 16.36 | H12: 10.03 | I12: 1.3 | J12: 0.23 | K12: 308.12 | L12: 22.19 | M12: 98.07 | N12: 41.3 | O12: 0 | P12: 0.37 | Q12: 9.13
A13: 29/10/2025 05:00 | B13: 10.99 | C13: 6.58 | D13: 12.25 | E13: 5.45 | F13: 2.11 | G13: 14.63 | H13: 9.32 | I13: 1.31 | J13: 0.21 | K13: 309.8 | L13: 22.15 | M13: 98.08 | N13: 41.1 | O13: 0 | P13: 0.37 | Q13: 9.09
A14: 29/10/2025 06:00 | B14: 11.41 | C14: 6.34 | D14: 12.02 | E14: 5.41 | F14: 2.45 | G14: 11.62 | H14: 13.25 | I14: 1.3 | J14: 0.4 | K14: 216.18 | L14: 22.34 | M14: 98.08 | N14: 42.3 | O14: 0 | P14: 0.36 | Q14: 9.1
A15: 29/10/2025 07:00 | B15: 12.8 | C15: 6.99 | D15: 13.87 | E15: 5.3 | F15: 2.22 | G15: 8.63 | H15: 11.52 | I15: 1.27 | J15: 0.15 | K15: 336.16 | L15: 22.44 | M15: 98.08 | N15: 59.5 | O15: 0 | P15: 0.34 | Q15: 9.14
A16: 29/10/2025 08:00 | B16: 14.57 | C16: 7.04 | D16: 15.28 | E16: 5.92 | F16: 2.1 | G16: 16.95 | H16: 10.32 | I16: 1.27 | J16: 0.12 | K16: 335.42 | L16: 22.86 | M16: 98.05 | N16: 84.8 | O16: 0 | P16: 0.36 | Q16: 9.17
A17: 29/10/2025 09:00 | B17: 15.07 | C17: 6.49 | D17: 15.15 | E17: 5.41 | F17: 2.8 | G17: 28.4 | H17: 9.47 | I17: 1.29 | J17: 0.43 | K17: 316.71 | L17: 23.15 | M17: 98.04 | N17: 92.6 | O17: 0 | P17: 0.38 | Q17: 9.17
A18: 29/10/2025 10:00 | B18: 15.43 | C18: 6.72 | D18: 15.75 | E18: 5.43 | F18: 3.71 | G18: 21.01 | H18: 12.84 | I18: 1.33 | J18: 0.53 | K18: 184.77 | L18: 24.07 | M18: 98.03 | N18: 176.7 | O18: 0 | P18: 0.39 | Q18: 9.19
A19: 29/10/2025 11:00 | B19: 15.31 | C19: 6.86 | D19: 15.28 | E19: 5.54 | F19: 4.89 | G19: 24.19 | H19: 11.38 | I19: 1.37 | J19: 1.04 | K19: 129.88 | L19: 25.55 | M19: 97.97 | N19: 434.8 | O19: 0 | P19: 0.41 | Q19: 9.21
A20: 29/10/2025 12:00 | B20: 11.84 | C20: 7.53 | D20: 13.02 | E20: 6.15 | F20: 6.51 | G20: 18.46 | H20: 10.55 | I20: 1.35 | J20: 1 | K20: 131.67 | L20: 26.8 | M20: 95 | N20: 430.9 | O20: 0 | P20: 0.34 | Q20: 9.19
... A32: 29/10/2025 24:00 | B32: 10.25 | C32: 6.05 | D32: 11.18 | E32: 5.93 | F32: 3.86 | G32: 15.21 | H32: 11.54 | I32: 1.23 | J32: 1.42 | K32: 133.18 | L32: 23.42 | M32: 98.12 | N32: 40.4 | O32: 0 | P32: 0.36 | Q32: 9.11
A34: Min | B34: =MIN(B9:B32) -> 7.27 | C34: =MIN(C9:C32) -> 5.71 | D34: =MIN(D9:D32) -> 10.2 | E34: =MIN(E9:E32) -> 5.3 | F34: =MIN(F9:F32) -> 2.1 | G34: =MIN(G9:G32) -> 8.63 | H34: =MIN(H9:H32) -> 8.93 | I34: =MIN(I9:I32) -> 0.83 | ... Q34: =MIN(Q9:Q32) -> 8.98
A35: Max | B35: =MAX(B9:B32) -> 15.43 | C35: =MAX(C9:C32) -> 10.69 | D35: =MAX(D9:D32) -> 15.75 | E35: =MAX(E9:E32) -> 6.15 | F35: =MAX(F9:F32) -> 8.86 | G35: =MAX(G9:G32) -> 56.58 | H35: =MAX(H9:H32) -> 16.58 | I35: =MAX(I9:I32) -> 1.44 | ... Q35: =MAX(Q9:Q32) -> 9.21
A36: Avg | B36: =AVERAGE(B9:B32) -> 11.209583 | C36: =AVERAGE(C9:C32) -> 7.6508333 | D36: =AVERAGE(D9:D32) -> 12.805417 | E36: =AVERAGE(E9:E32) -> 5.6916667 | F36: =AVERAGE(F9:F32) -> 4.2033333 | G36: =AVERAGE(G9:G32) -> 21.625417 | H36: =AVERAGE(H9:H32) -> 11.680833 | I36: =AVERAGE(I9:I32) -> 1.1804167 | ... Q36: =AVERAGE(Q9:Q32) -> 9.1125
A37: Stdev | B37: =STDEV(B9:B32) -> 2.3178091 | C37: =STDEV(C9:C32) -> 1.4028323 | D37: =STDEV(D9:D32) -> 1.61902 | E37: =STDEV(E9:E32) -> 0.24481877 | F37: =STDEV(F9:F32) -> 2.0516243 | G37: =STDEV(G9:G32) -> 11.621421 | H37: =STDEV(H9:H32) -> 1.7867944 | I37: =STDEV(I9:I32) -> 0.19499117 | ... Q37: =STDEV(Q9:Q32) -> 0.058328157
A38: Num | B38: =COUNT(B9:B32) -> 24 | C38: =COUNT(C9:C32) -> 24 | D38: =COUNT(D9:D32) -> 24 | E38: =COUNT(E9:E32) -> 24 | F38: =COUNT(F9:F32) -> 24 | G38: =COUNT(G9:G32) -> 24 | H38: =COUNT(H9:H32) -> 24 | I38: =COUNT(I9:I32) -> 24 | ... Q38: =COUNT(Q9:Q32) -> 24
A39: DCR | B39: =IF(B38>=22,">90%",IF(B38<=22,"<90%")) -> >90% | C39: =IF(C38>=22,">90%",IF(C38<=22,"<90%")) -> >90% | D39: =IF(D38>=22,">90%",IF(D38<=22,"<90%")) -> >90% | E39: =IF(E38>=22,">90%",IF(E38<=22,"<90%")) -> >90% | F39: =IF(F38>=22,">90%",IF(F38<=22,"<90%")) -> >90% | G39: =IF(G38>=22,">90%",IF(G38<=22,"<90%")) -> >90% | H39: =IF(H38>=22,">90%",IF(H38<=22,"<90%")) -> >90% | I39: =IF(I38>=22,">90%",IF(I38<=22,"<90%")) -> >90% | ... Q39: =IF(Q38>=22,">90%",IF(Q38<=22,"<90%")) -> >90%
A40: Status | B40: =IF(B38>=22,"OK",IF(B38<=22,"LESS")) -> OK | C40: =IF(C38>=22,"OK",IF(C38<=22,"LESS")) -> OK | D40: =IF(D38>=22,"OK",IF(D38<=22,"LESS")) -> OK | E40: =IF(E38>=22,"OK",IF(E38<=22,"LESS")) -> OK | F40: =IF(F38>=22,"OK",IF(F38<=22,"LESS")) -> OK | G40: =IF(G38>=22,"OK",IF(G38<=22,"LESS")) -> OK | H40: =IF(H38>=22,"OK",IF(H38<=22,"LESS")) -> OK | I40: =IF(I38>=22,"OK",IF(I38<=22,"LESS")) -> OK | ... Q40: =IF(Q38>=22,"OK",IF(Q38<=22,"LESS")) -> OK
A43: Done by | B43: RAHUL
A45: Comment

Sheet 30
A1: Station: | B1: BHATAGAON RAIPUR
A2: Date: | B2: =$A$9 -> 30/10/2025 01:00 | D2: Power Off | G2: Pw.Off | L2: Link Fail | N2: Link F | P2: Maintenance | R2: Maint.
A3: Report Type: | B3: Mean | D3: Calibration | G3: Calib. | L3: Data Fail | N3: Data F | P3: Invalid | R3: Invalid
A4: Time Base: | B4: 01 Hour | D4: Zero Referrence | G4: Z.Ref | L4: Warm Up | N4: Wm. Up
A7: Date & Time | B7: NO_BHATAGAON | C7: NO2__BHATAGAON | D7: NOX_BHATAGAON | E7: SO2__BHATAGAON | F7: O3__BHATAGAON | G7: PM10__BHATAGAON | H7: PM2_5__BHATAGAON | I7: BENZ__BHATAGAON | J7: WS__BHATAGAON | K7: WD__BHATAGAON | L7: TEMP__BHATAGAON | M7: HUM__BHATAGAON | N7: SR__BHATAGAON | O7: RG__BHATAGAON | P7: CO__BHATAGAON | Q7: NH3__BHATAGAON
B8: ug/m3 | C8: ug/m3 | D8: ppb | E8: ug/m3 | F8: ug/m3 | G8: mg/m3 | H8: ug/m3 | I8: ug/m3 | J8: m/sec | K8: deg | L8: degreC | M8: % | N8: w/m2 | O8: mm | P8: ug/m3 | Q8: ug/m3
A9: 30/10/2025 01:00 | B9: 8.86 | C9: 5.34 | D9: 9.75 | E9: 5.11 | F9: 2.63 | G9: 13.58 | H9: 10.33 | I9: 1.15 | J9: 1.68 | K9: 129.85 | L9: 23.06 | M9: 98.15 | N9: 40.4 | O9: 0 | P9: 0.33 | Q9: 9.13
A10: 30/10/2025 02:00 | B10: 8.65 | C10: 5.38 | D10: 9.59 | E10: 5.16 | F10: 2.42 | G10: 9.89 | H10: 12.25 | I10: 1.02 | J10: 1.55 | K10: 126.4 | L10: 22.74 | M10: 98.2 | N10: 40.4 | O10: 0 | P10: 0.32 | Q10: 9.11
A11: 30/10/2025 03:00 | B11: 8.62 | C11: 5.17 | D11: 9.44 | E11: 5.04 | F11: 2.61 | G11: 7.63 | H11: 11.51 | I11: 0.93 | J11: 1.38 | K11: 121.13 | L11: 22.66 | M11: 98.22 | N11: 40.3 | O11: 0 | P11: 0.31 | Q11: 9.03
A12: 30/10/2025 04:00 | B12: 8.12 | C12: 5.07 | D12: 9.12 | E12: 4.89 | F12: 2.8 | G12: 5.34 | H12: 11.9 | I12: 0.87 | J12: 1.41 | K12: 122.45 | L12: 22.51 | M12: 98.23 | N12: 40.4 | O12: 0 | P12: 0.26 | Q12: 9.02
A13: 30/10/2025 05:00 | B13: 7.68 | C13: 5.79 | D13: 9.07 | E13: 4.8 | F13: 2.71 | G13: 3.74 | H13: 10.58 | I13: 0.8 | J13: 1.48 | K13: 121.01 | L13: 22.45 | M13: 98.22 | N13: 40.1 | O13: 0 | P13: 0.23 | Q13: 9.07
A14: 30/10/2025 06:00 | B14: 7.89 | C14: 6.26 | D14: 9.37 | E14: 4.76 | F14: 2.1 | G14: 2.68 | H14: 9.77 | I14: 0.73 | J14: 1.35 | K14: 119.28 | L14: 22.48 | M14: 98.15 | N14: 43 | O14: 0 | P14: 0.23 | Q14: 9.07
A15: 30/10/2025 07:00 | B15: 8.09 | C15: 5.65 | D15: 9.39 | E15: 5.05 | F15: 2.1 | G15: 2.01 | H15: 9.13 | I15: 0.69 | J15: 1.01 | K15: 105.83 | L15: 22.39 | M15: 98.22 | N15: 52.2 | O15: 0 | P15: 0.23 | Q15: 9.02
A16: 30/10/2025 08:00 | B16: 8.14 | C16: 5.66 | D16: 9.42 | E16: 4.96 | F16: 2.23 | G16: 1.46 | H16: 8.75 | I16: 0.7 | J16: 1.29 | K16: 117.16 | L16: 21.65 | M16: 98.23 | N16: 91.9 | O16: 0 | P16: 0.24 | Q16: 9.01
A17: 30/10/2025 09:00 | B17: 8.01 | C17: 6.61 | D17: 9.87 | E17: 5.05 | F17: 2.14 | G17: 2.63 | H17: 8.97 | I17: 0.71 | J17: 1.13 | K17: 116.41 | L17: 22.25 | M17: 98.23 | N17: 166.5 | O17: 0 | P17: 0.25 | Q17: 9.06
A18: 30/10/2025 10:00 | B18: 7.94 | C18: 6.65 | D18: 9.77 | E18: 5.44 | F18: 2.13 | G18: 2.42 | H18: 10.24 | I18: 0.73 | J18: 0.81 | K18: 119.54 | L18: 23.45 | M18: 98.15 | N18: 208.6 | O18: 0 | P18: 0.26 | Q18: 9.07
A19: 30/10/2025 11:00 | B19: 7.17 | C19: 7.59 | D19: 9.71 | E19: 5.2 | F19: 2.86 | G19: 1.91 | H19: 9.69 | I19: 0.75 | J19: 0.66 | K19: 138.01 | L19: 23.58 | M19: 98.08 | N19: 162.4 | O19: 0 | P19: 0.25 | Q19: 9.05
A20: 30/10/2025 12:00 | B20: 7.02 | C20: 6.83 | D20: 9.19 | E20: 5.08 | F20: 2.12 | G20: 3.2 | H20: 9.69 | I20: 0.79 | J20: 1.06 | K20: 173.69 | L20: 24.99 | M20: 97.62 | N20: 303.5 | O20: 0 | P20: 0.23 | Q20: 9.02
... A32: 30/10/2025 24:00 | B32: 5.94 | C32: 5.97 | D32: 7.72 | E32: 5.34 | F32: 5.6 | G32: 11.22 | H32: 1.79 | I32: 0.75 | J32: 0.81 | K32: 139.05 | L32: 22.55 | M32: 98.13 | N32: 40.4 | O32: 0 | P32: 0.21 | Q32: 9.08
A34: Min | B34: =MIN(B9:B32) -> 4.22 | C34: =MIN(C9:C32) -> 5.07 | D34: =MIN(D9:D32) -> 7.52 | E34: =MIN(E9:E32) -> 4.76 | F34: =MIN(F9:F32) -> 2.1 | G34: =MIN(G9:G32) -> 1.46 | H34: =MIN(H9:H32) -> 1.79 | I34: =MIN(I9:I32) -> 0.51 | ... Q34: =MIN(Q9:Q32) -> 8.99
A35: Max | B35: =MAX(B9:B32) -> 8.86 | C35: =MAX(C9:C32) -> 12.01 | D35: =MAX(D9:D32) -> 11.57 | E35: =MAX(E9:E32) -> 5.44 | F35: =MAX(F9:F32) -> 10.36 | G35: =MAX(G9:G32) -> 30.28 | H35: =MAX(H9:H32) -> 21.37 | I35: =MAX(I9:I32) -> 1.15 | ... Q35: =MAX(Q9:Q32) -> 9.13
A36: Avg | B36: =AVERAGE(B9:B32) -> 6.9083333 | C36: =AVERAGE(C9:C32) -> 7.5833333 | D36: =AVERAGE(D9:D32) -> 9.4079167 | E36: =AVERAGE(E9:E32) -> 5.0779167 | F36: =AVERAGE(F9:F32) -> 4.385 | G36: =AVERAGE(G9:G32) -> 12.070833 | H36: =AVERAGE(H9:H32) -> 9.57125 | I36: =AVERAGE(I9:I32) -> 0.755 | ... Q36: =AVERAGE(Q9:Q32) -> 9.0433333
A37: Stdev | B37: =STDEV(B9:B32) -> 1.4702075 | C37: =STDEV(C9:C32) -> 2.2465039 | D37: =STDEV(D9:D32) -> 0.95881711 | E37: =STDEV(E9:E32) -> 0.17557308 | F37: =STDEV(F9:F32) -> 2.5984862 | G37: =STDEV(G9:G32) -> 9.5340087 | H37: =STDEV(H9:H32) -> 4.7951763 | I37: =STDEV(I9:I32) -> 0.13367709 | ... Q37: =STDEV(Q9:Q32) -> 0.034724589
A38: Num | B38: =COUNT(B9:B32) -> 24 | C38: =COUNT(C9:C32) -> 24 | D38: =COUNT(D9:D32) -> 24 | E38: =COUNT(E9:E32) -> 24 | F38: =COUNT(F9:F32) -> 24 | G38: =COUNT(G9:G32) -> 24 | H38: =COUNT(H9:H32) -> 24 | I38: =COUNT(I9:I32) -> 24 | ... Q38: =COUNT(Q9:Q32) -> 24
A39: DCR | B39: =IF(B38>=22,">90%",IF(B38<=22,"<90%")) -> >90% | C39: =IF(C38>=22,">90%",IF(C38<=22,"<90%")) -> >90% | D39: =IF(D38>=22,">90%",IF(D38<=22,"<90%")) -> >90% | E39: =IF(E38>=22,">90%",IF(E38<=22,"<90%")) -> >90% | F39: =IF(F38>=22,">90%",IF(F38<=22,"<90%")) -> >90% | G39: =IF(G38>=22,">90%",IF(G38<=22,"<90%")) -> >90% | H39: =IF(H38>=22,">90%",IF(H38<=22,"<90%")) -> >90% | I39: =IF(I38>=22,">90%",IF(I38<=22,"<90%")) -> >90% | ... Q39: =IF(Q38>=22,">90%",IF(Q38<=22,"<90%")) -> >90%
A40: Status | B40: =IF(B38>=22,"OK",IF(B38<=22,"LESS")) -> OK | C40: =IF(C38>=22,"OK",IF(C38<=22,"LESS")) -> OK | D40: =IF(D38>=22,"OK",IF(D38<=22,"LESS")) -> OK | E40: =IF(E38>=22,"OK",IF(E38<=22,"LESS")) -> OK | F40: =IF(F38>=22,"OK",IF(F38<=22,"LESS")) -> OK | G40: =IF(G38>=22,"OK",IF(G38<=22,"LESS")) -> OK | H40: =IF(H38>=22,"OK",IF(H38<=22,"LESS")) -> OK | I40: =IF(I38>=22,"OK",IF(I38<=22,"LESS")) -> OK | ... Q40: =IF(Q38>=22,"OK",IF(Q38<=22,"LESS")) -> OK
A43: Done by | B43: RAHUL
A45: Comment

Sheet 31
A1: Station: | B1: BHATAGAON RAIPUR
A2: Date: | B2: =$A$9 -> 31/10/2025 01:00 | D2: Power Off | G2: Pw.Off | L2: Link Fail | N2: Link F | P2: Maintenance | R2: Maint.
A3: Report Type: | B3: Mean | D3: Calibration | G3: Calib. | L3: Data Fail | N3: Data F | P3: Invalid | R3: Invalid
A4: Time Base: | B4: 01 Hour | D4: Zero Referrence | G4: Z.Ref | L4: Warm Up | N4: Wm. Up
A7: Date & Time | B7: NO_BHATAGAON | C7: NO2__BHATAGAON | D7: NOX_BHATAGAON | E7: SO2__BHATAGAON | F7: O3__BHATAGAON | G7: PM10__BHATAGAON | H7: PM2_5__BHATAGAON | I7: BENZ__BHATAGAON | J7: WS__BHATAGAON | K7: WD__BHATAGAON | L7: TEMP__BHATAGAON | M7: HUM__BHATAGAON | N7: SR__BHATAGAON | O7: RG__BHATAGAON | P7: CO__BHATAGAON | Q7: NH3__BHATAGAON
B8: ug/m3 | C8: ug/m3 | D8: ppb | E8: ug/m3 | F8: ug/m3 | G8: mg/m3 | H8: ug/m3 | I8: ug/m3 | J8: m/sec | K8: deg | L8: degreC | M8: % | N8: w/m2 | O8: mm | P8: ug/m3 | Q8: ug/m3
A9: 31/10/2025 01:00 | B9: 5.78 | C9: 5.31 | D9: 7.41 | E9: 4.2 | F9: 6.39 | G9: 10.77 | H9: 1.6 | I9: 0.72 | J9: 0.45 | K9: 139.32 | L9: 22.3 | M9: 98.13 | N9: 40.3 | O9: 0 | P9: 0.18 | Q9: 9.02
A10: 31/10/2025 02:00 | B10: 5.82 | C10: 5.27 | D10: 7.42 | E10: 3.84 | F10: 6.05 | G10: 9.31 | H10: 1.22 | I10: 0.7 | J10: 0.2 | K10: 163.82 | L10: 22.37 | M10: 98.13 | N10: 40.1 | O10: 0 | P10: 0.27 | Q10: 9
A11: 31/10/2025 03:00 | B11: 5.29 | C11: 5.27 | D11: 6.98 | E11: 3.85 | F11: 7.64 | G11: 10.17 | H11: 1.02 | I11: 0.69 | J11: 0.53 | K11: 181.68 | L11: 22.41 | M11: 98.15 | N11: 40.2 | O11: 0 | P11: 0.26 | Q11: 9.06
A12: 31/10/2025 04:00 | B12: 5.54 | C12: 5.25 | D12: 7.12 | E12: 4.06 | F12: 5.98 | G12: 10.17 | H12: 1.02 | I12: 0.7 | J12: 0.15 | K12: 240.28 | L12: 22.23 | M12: 98.15 | N12: 40.3 | O12: 0 | P12: 0.27 | Q12: 9.06
A13: 31/10/2025 05:00 | B13: 5.81 | C13: 5.11 | D13: 7.24 | E13: 4.06 | F13: 5.61 | G13: 7.31 | H13: 1.15 | I13: 0.7 | J13: 0.18 | K13: 210.34 | L13: 22.23 | M13: 98.17 | N13: 40.4 | O13: 0 | P13: 0.27 | Q13: 9
A14: 31/10/2025 06:00 | B14: 5.77 | C14: 5.41 | D14: 7.43 | E14: 3.94 | F14: 4.49 | G14: 5.12 | H14: 1.15 | I14: 0.64 | J14: 0.44 | K14: 177.76 | L14: 22.22 | M14: 98.18 | N14: 40.9 | O14: 0 | P14: 0.25 | Q14: 9.01
A15: 31/10/2025 07:00 | B15: 5.81 | C15: 5.89 | D15: 7.62 | E15: 3.81 | F15: 6.75 | G15: 4.83 | H15: 1.09 | I15: 0.62 | J15: 0.08 | K15: 246.83 | L15: 22.53 | M15: 98.18 | N15: 63.1 | O15: 0 | P15: 0.26 | Q15: 9.03
A16: 31/10/2025 08:00 | B16: 5.77 | C16: 6.19 | D16: 7.81 | E16: 4 | F16: 6.5 | G16: 4.83 | H16: 0.97 | I16: 0.66 | J16: 0.09 | K16: 249.69 | L16: 22.63 | M16: 98.18 | N16: 67.8 | O16: 0 | P16: 0.28 | Q16: 9.04
A17: 31/10/2025 09:00 | B17: 6.26 | C17: 5.97 | D17: 7.81 | E17: 4.3 | F17: 5.91 | G17: 3.38 | H17: 0.94 | I17: 0.7 | J17: 0.12 | K17: 282.71 | L17: 23.02 | M17: 98.17 | N17: 110.5 | O17: 0 | P17: 0.29 | Q17: 9.05
A18: 31/10/2025 10:00 | B18: 6.94 | C18: 6.14 | D18: 8.33 | E18: 4.33 | F18: 5.13 | G18: 6.73 | H18: 0.95 | I18: 0.77 | J18: 0.28 | K18: 307.76 | L18: 25.72 | M18: 98.12 | N18: 335.6 | O18: 0 | P18: 0.32 | Q18: 9.01
A19: 31/10/2025 11:00 | B19: 5.36 | C19: 8.17 | D19: 8.06 | E19: 4.17 | F19: 3.73 | G19: 9.79 | H19: 0.95 | I19: 0.84 | J19: 0.28 | K19: 299.08 | L19: 26.72 | M19: 97.03 | N19: 587.5 | O19: 0 | P19: 0.34 | Q19: 9
A20: 31/10/2025 12:00 | B20: 4.14 | C20: 8.36 | D20: 7.69 | E20: 4.2 | F20: 4.52 | G20: 13.8 | H20: 0.93 | I20: 0.87 | J20: 0.23 | K20: 299.93 | L20: 26.85 | M20: 97.16 | N20: 238.4 | O20: 0 | P20: 0.39 | Q20: 8.97
... A32: 31/10/2025 24:00 | B32: 12.06 | C32: 6.23 | D32: 12.89 | E32: 5.14 | F32: 5.61 | G32: 35.97 | H32: 8.04 | I32: 1.58 | J32: 0.19 | K32: 167.85 | L32: 22.54 | M32: 98.22 | N32: 39.8 | O32: 0 | P32: 0.58 | Q32: 9.18
A34: Min | B34: =MIN(B9:B32) -> 4.14 | C34: =MIN(C9:C32) -> 5.11 | D34: =MIN(D9:D32) -> 6.98 | E34: =MIN(E9:E32) -> 3.81 | F34: =MIN(F9:F32) -> 3.73 | G34: =MIN(G9:G32) -> 3.38 | H34: =MIN(H9:H32) -> 0.93 | I34: =MIN(I9:I32) -> 0.62 | ... Q34: =MIN(Q9:Q32) -> 8.96
A35: Max | B35: =MAX(B9:B32) -> 29.81 | C35: =MAX(C9:C32) -> 14.16 | D35: =MAX(D9:D32) -> 28.11 | E35: =MAX(E9:E32) -> 5.39 | F35: =MAX(F9:F32) -> 8.21 | G35: =MAX(G9:G32) -> 35.97 | H35: =MAX(H9:H32) -> 8.04 | I35: =MAX(I9:I32) -> 1.58 | ... Q35: =MAX(Q9:Q32) -> 9.22
A36: Avg | B36: =AVERAGE(B9:B32) -> 7.67875 | C36: =AVERAGE(C9:C32) -> 8.1891667 | D36: =AVERAGE(D9:D32) -> 10.067917 | E36: =AVERAGE(E9:E32) -> 4.4541667 | F36: =AVERAGE(F9:F32) -> 6.0725 | G36: =AVERAGE(G9:G32) -> 17.347083 | H36: =AVERAGE(H9:H32) -> 3.0254167 | I36: =AVERAGE(I9:I32) -> 0.99291667 | ... Q36: =AVERAGE(Q9:Q32) -> 9.0420833
A37: Stdev | B37: =STDEV(B9:B32) -> 5.3276092 | C37: =STDEV(C9:C32) -> 2.9427108 | D37: =STDEV(D9:D32) -> 4.6595101 | E37: =STDEV(E9:E32) -> 0.51173122 | F37: =STDEV(F9:F32) -> 1.2663856 | G37: =STDEV(G9:G32) -> 11.133169 | H37: =STDEV(H9:H32) -> 2.3925027 | I37: =STDEV(I9:I32) -> 0.32381529 | ... Q37: =STDEV(Q9:Q32) -> 0.06865029
A38: Num | B38: =COUNT(B9:B32) -> 24 | C38: =COUNT(C9:C32) -> 24 | D38: =COUNT(D9:D32) -> 24 | E38: =COUNT(E9:E32) -> 24 | F38: =COUNT(F9:F32) -> 24 | G38: =COUNT(G9:G32) -> 24 | H38: =COUNT(H9:H32) -> 24 | I38: =COUNT(I9:I32) -> 24 | ... Q38: =COUNT(Q9:Q32) -> 24
A39: DCR | B39: =IF(B38>=22,">90%",IF(B38<=22,"<90%")) -> >90% | C39: =IF(C38>=22,">90%",IF(C38<=22,"<90%")) -> >90% | D39: =IF(D38>=22,">90%",IF(D38<=22,"<90%")) -> >90% | E39: =IF(E38>=22,">90%",IF(E38<=22,"<90%")) -> >90% | F39: =IF(F38>=22,">90%",IF(F38<=22,"<90%")) -> >90% | G39: =IF(G38>=22,">90%",IF(G38<=22,"<90%")) -> >90% | H39: =IF(H38>=22,">90%",IF(H38<=22,"<90%")) -> >90% | I39: =IF(I38>=22,">90%",IF(I38<=22,"<90%")) -> >90% | ... Q39: =IF(Q38>=22,">90%",IF(Q38<=22,"<90%")) -> >90%
A40: Status | B40: =IF(B38>=22,"OK",IF(B38<=22,"LESS")) -> OK | C40: =IF(C38>=22,"OK",IF(C38<=22,"LESS")) -> OK | D40: =IF(D38>=22,"OK",IF(D38<=22,"LESS")) -> OK | E40: =IF(E38>=22,"OK",IF(E38<=22,"LESS")) -> OK | F40: =IF(F38>=22,"OK",IF(F38<=22,"LESS")) -> OK | G40: =IF(G38>=22,"OK",IF(G38<=22,"LESS")) -> OK | H40: =IF(H38>=22,"OK",IF(H38<=22,"LESS")) -> OK | I40: =IF(I38>=22,"OK",IF(I38<=22,"LESS")) -> OK | ... Q40: =IF(Q38>=22,"OK",IF(Q38<=22,"LESS")) -> OK
A43: Done by | B43: RAHUL
A45: Comment

Sheet MONTHLY 30
A1: Station: | B1: BHATAGAON RAIPUR
A2: Date: | B2: =$A$9 -> 01/10/2025 01:00 | D2: Power Off | G2: Pw.Off | L2: Link Fail | N2: Link F | P2: Maintenance | R2: Maint.
A3: Report Type: | B3: Mean | D3: Calibration | G3: Calib. | L3: Data Fail | N3: Data F | P3: Invalid | R3: Invalid
A4: Time Base: | B4: 24 HRS | D4: Zero Referrence | G4: Z.Ref | L4: Warm Up | N4: Wm. Up
A7: Date & Time | B7: NO_BHATAGAON | C7: NO2__BHATAGAON | D7: NOX_BHATAGAON | E7: SO2__BHATAGAON | F7: O3__BHATAGAON | G7: PM10__BHATAGAON | H7: PM2_5__BHATAGAON | I7: BENZ__BHATAGAON | J7: WS__BHATAGAON | K7: WD__BHATAGAON | L7: TEMP__BHATAGAON | M7: HUM__BHATAGAON | N7: SR__BHATAGAON | O7: RG__BHATAGAON | P7: CO__BHATAGAON | Q7: NH3__BHATAGAON
B8: ug/m3 | C8: ug/m3 | D8: ppb | E8: ug/m3 | F8: ug/m3 | G8: mg/m3 | H8: ug/m3 | I8: ug/m3 | J8: m/sec | K8: deg | L8: degreC | M8: % | N8: w/m2 | O8: mm | P8: ug/m3 | Q8: ug/m3
A9: ='01'!$B$2 -> 01/10/2025 01:00 | B9: ='01'!B36 -> 16.922917 | C9: ='01'!C36 -> 14.96 | D9: ='01'!D36 -> 19.92 | E9: ='01'!E36 -> 5.10625 | F9: ='01'!F36 -> 51.955 | G9: ='01'!G36 -> 40.157917 | H9: ='01'!H36 -> 8.575 | I9: ='01'!I36 -> 2.4970833 | ... O9: ='01'!O36 -> 0.091666667 | P9: ='01'!$P$36 -> 0.68208333 | Q9: ='01'!Q36 -> 9.24125
A10: ='02'!$B$2 -> 02/10/2025 01:00 | B10: ='02'!B36 -> 20.600417 | C10: ='02'!C36 -> 13.290417 | D10: ='02'!D36 -> 22.479583 | E10: ='02'!E36 -> 6.30875 | F10: ='02'!F36 -> 61.305 | G10: ='02'!G36 -> 71.351667 | H10: ='02'!H36 -> 8.65 | I10: ='02'!I36 -> 2.30875 | ... O10: ='02'!O36 -> 0 | P10: ='02'!$P$36 -> 0.78416667 | Q10: ='02'!Q36 -> 9.36875
A11: ='03'!$B$2 -> 03/10/2025 01:00 | B11: ='03'!B36 -> 14.025833 | C11: ='03'!C36 -> 10.819583 | D11: ='03'!D36 -> 16.51875 | E11: ='03'!E36 -> 5.22375 | F11: ='03'!F36 -> 37.699583 | G11: ='03'!G36 -> 61.881667 | H11: ='03'!H36 -> 8.2404167 | I11: ='03'!I36 -> 1.5270833 | ... O11: ='03'!O36 -> 0.033333333 | P11: ='03'!$P$36 -> 0.57875 | Q11: ='03'!Q36 -> 9.1908333
A12: ='04'!$B$2 -> 04/10/2025 01:00 | B12: ='04'!B36 -> 10.289167 | C12: ='04'!C36 -> 9.255 | D12: ='04'!D36 -> 12.842083 | E12: ='04'!E36 -> 4.4204167 | F12: ='04'!F36 -> 11.8 | G12: ='04'!G36 -> 22.274167 | H12: ='04'!H36 -> 7.3608333 | I12: ='04'!I36 -> 1.4941667 | ... O12: ='04'!O36 -> 0 | P12: ='04'!$P$36 -> 0.45791667 | Q12: ='04'!Q36 -> 9.08375
A13: ='05'!$B$2 -> 05/10/2025 01:00 | B13: ='05'!B36 -> 12.895 | C13: ='05'!C36 -> 10.00875 | D13: ='05'!D36 -> 15.293333 | E13: ='05'!E36 -> 4.5583333 | F13: ='05'!F36 -> 11.734583 | G13: ='05'!G36 -> 26.012083 | H13: ='05'!H36 -> 8.99625 | I13: ='05'!I36 -> 1.6625 | ... O13: ='05'!O36 -> 0.033333333 | P13: ='05'!$P$36 -> 0.49958333 | Q13: ='05'!Q36 -> 9.1245833
A14: ='06'!$B$2 -> 06/10/2025 01:00 | B14: ='06'!B36 -> 16.390417 | C14: ='06'!C36 -> 9.9025 | D14: ='06'!D36 -> 17.71375 | E14: ='06'!E36 -> 4.57125 | F14: ='06'!F36 -> 11.78 | G14: ='06'!G36 -> 26.969167 | H14: ='06'!H36 -> 7.4208333 | I14: ='06'!I36 -> 2.11375 | ... O14: ='06'!O36 -> 0 | P14: ='06'!$P$36 -> 0.66583333 | Q14: ='06'!Q36 -> 9.1891667
A15: ='07'!$B$2 -> 07/10/2025 01:00 | B15: ='07'!B36 -> 17.099583 | C15: ='07'!C36 -> 16.83625 | D15: ='07'!D36 -> 21.558333 | E15: ='07'!E36 -> 5.1166667 | F15: ='07'!F36 -> 10.177083 | G15: ='07'!G36 -> 47.825417 | H15: ='07'!H36 -> 7.8075 | I15: ='07'!I36 -> 2.4366667 | ... M15: ='07'!M36 -> 95.770417 | N15: ='06'!N37 -> 181.86866 | O15: ='06'!O37 -> 0 | P15: ='06'!$P$36 -> 0.66583333 | Q15: ='07'!Q36 -> 9.2091667
A16: ='08'!$B$2 -> 08/10/2025 01:00 | B16: ='08'!B36 -> 21.171667 | C16: ='08'!C36 -> 20.156667 | D16: ='08'!D36 -> 26.819167 | E16: ='08'!E36 -> 5.45375 | F16: ='08'!F36 -> 20.037083 | G16: ='08'!G36 -> 71.336667 | H16: ='08'!H36 -> 8.1716667 | I16: ='08'!I36 -> 2.01375 | ... O16: ='08'!O36 -> 0.0083333333 | P16: ='08'!$P$36 -> 0.87708333 | Q16: ='08'!Q36 -> 9.225
A17: ='09'!$B$2 -> 09/10/2025 01:00 | B17: ='09'!B36 -> 18.035417 | C17: ='09'!C36 -> 17.15375 | D17: ='09'!D36 -> 22.6325 | E17: ='09'!E36 -> 5.7970833 | F17: ='09'!F36 -> 7.52875 | G17: ='09'!G36 -> 31.596667 | H17: ='09'!H36 -> 7.76125 | I17: ='09'!I36 -> 1.9583333 | ... M17: ='09'!M36 -> 94.279583 | N17: ='08'!N37 -> 264.22062 | O17: ='08'!O37 -> 0.040824829 | P17: ='08'!$P$36 -> 0.87708333 | Q17: ='09'!Q36 -> 9.2733333
A18: ='10'!$B$2 -> 10/10/2025 01:00 | B18: ='10'!B36 -> 16.284167 | C18: ='10'!C36 -> 18.092083 | D18: ='10'!D36 -> 21.677083 | E18: ='10'!E36 -> 6.4083333 | F18: ='10'!F36 -> 6.4266667 | G18: ='10'!G36 -> 32.436667 | H18: ='10'!H36 -> 8.4454167 | I18: ='10'!I36 -> 1.9766667 | ... O18: ='10'!O36 -> 0 | P18: ='10'!$P$36 -> 0.74916667 | Q18: ='10'!Q36 -> 9.2354167
A19: ='11'!$B$2 -> 11/10/2025 01:00 | B19: ='11'!B36 -> 16.34 | C19: ='11'!C36 -> 15.13 | D19: ='11'!D36 -> 20.520417 | E19: ='11'!E36 -> 6.9516667 | F19: ='11'!F36 -> 5.9975 | G19: ='11'!G36 -> 42.119583 | H19: ='11'!H36 -> 7.12875 | I19: ='11'!I36 -> 2.2141667 | ... Q19: ='11'!Q36 -> 9.2366667
A20: ='12'!$B$2 -> 12/10/2025 01:00 | B20: ='12'!B36 -> 21.281667 | C20: ='12'!C36 -> 22.1725 | D20: ='12'!D36 -> 27.865 | E20: ='12'!E36 -> 8.3245833 | F20: ='12'!F36 -> 5.6983333 | G20: ='12'!G36 -> 36.94375 | H20: ='12'!H36 -> 7.745 | I20: ='12'!I36 -> 2.1358333 | ... Q20: ='12'!Q36 -> 9.3070833
A21: ='13'!$B$2 -> 13/10/2025 01:00 | B21: ='13'!B36 -> 12.783333 | C21: ='13'!C36 -> 17.727083 | D21: ='13'!D36 -> 19.215417 | E21: ='13'!E36 -> 6.9916667 | F21: ='13'!F36 -> 8.04375 | G21: ='13'!G36 -> 33.348333 | H21: ='13'!H36 -> 6.8058333 | I21: ='13'!I36 -> 2.4 | ... Q21: ='13'!Q36 -> 9.1754167
A22: ='14'!$B$2 -> 14/10/2025 01:00 | B22: ='14'!B36 -> 11.740833 | C22: ='14'!C36 -> 17.83375 | D22: ='14'!D36 -> 18.309167 | E22: ='14'!E36 -> 6.0679167 | F22: ='14'!F36 -> 7.4020833 | G22: ='14'!G36 -> 37.65875 | H22: ='14'!H36 -> 9.1420833 | I22: ='14'!I36 -> 1.97 | ... Q22: ='14'!Q36 -> 9.09875
A23: ='15'!$B$2 -> 15/10/2025 01:00 | B23: ='15'!B36 -> 9.9758333 | C23: ='15'!C36 -> 21.015833 | D23: ='15'!D36 -> 18.86625 | E23: ='15'!E36 -> 7.0770833 | F23: ='15'!F36 -> 8.9154167 | G23: ='15'!G36 -> 56.095417 | H23: ='15'!H36 -> 9.0525 | I23: ='15'!I36 -> 1.87625 | ... Q23: ='15'!Q36 -> 9.0691667
A24: ='16'!$B$2 -> 16/10/2025 01:00 | B24: ='16'!B36 -> 10.56 | C24: ='16'!C36 -> 23.96625 | D24: ='16'!D36 -> 20.53 | E24: ='16'!E36 -> 7.9408333 | F24: ='16'!F36 -> 9.5383333 | G24: ='16'!G36 -> 67.390417 | H24: ='16'!H36 -> 9.5108333 | I24: ='16'!I36 -> 1.9945833 | ... Q24: ='16'!Q36 -> 9.0658333
A25: ='17'!$B$2 -> 17/10/2025 01:00 | B25: ='17'!B36 -> 18.932917 | C25: ='17'!C36 -> 25.773333 | D25: ='17'!D36 -> 27.525833 | E25: ='17'!E36 -> 10.41625 | F25: ='17'!F36 -> 8.1908333 | G25: ='17'!G36 -> 75.572083 | H25: ='17'!H36 -> 9.1079167 | I25: ='17'!I36 -> 2.0858333 | ... Q25: ='17'!Q36 -> 9.13875
A26: ='18'!$B$2 -> 18/10/2025 01:00 | B26: ='18'!B36 -> 14.8175 | C26: ='18'!C36 -> 21.92375 | D26: ='18'!D36 -> 22.427917 | E26: ='18'!E36 -> 11.3225 | F26: ='18'!F36 -> 6.5666667 | G26: ='18'!G36 -> 74.8475 | H26: ='18'!H36 -> 8.55 | I26: ='18'!I36 -> 2.39375 | ... Q26: ='18'!Q36 -> 9.2458333
A27: ='19'!$B$2 -> 19/10/2025 01:00 | B27: ='19'!B36 -> 14.697083 | C27: ='19'!C36 -> 24.25 | D27: ='19'!D36 -> 23.787917 | E27: ='19'!E36 -> 11.649583 | F27: ='19'!F36 -> 6.9629167 | G27: ='19'!G36 -> 59.839583 | H27: ='19'!H36 -> 10.622083 | I27: ='19'!I36 -> 2.8220833 | ... Q27: ='19'!Q36 -> 9.1716667
A28: ='20'!$B$2 -> 20/10/2025 01:00 | B28: ='20'!B36 -> 8.5675 | C28: ='20'!C36 -> 14.620417 | D28: ='20'!D36 -> 14.132917 | E28: ='20'!E36 -> 8.0358333 | F28: ='20'!F36 -> 7.2083333 | G28: ='20'!G36 -> 57.876667 | H28: ='20'!H36 -> 14.264583 | I28: ='20'!I36 -> 2.275 | ... Q28: ='20'!Q36 -> 9.0841667
