Workbook

Sheet 01
A1: Station: | B1: IGKV RAIPUR
A2: Date: | B2: =$A$9 -> 01/03/2025 00:15 | C2: Power Off | G2: Pw.Off | J2: Link Fail | L2: Link F | N2: Maintenance | P2: Maint.
A3: Report Type: | B3: Mean | C3: Calibration | G3: Calib. | J3: Data Fail | L3: Data F | N3: Invalid | P3: Invalid
A4: Time Base: | B4: 15 Min | C4: Zero Referrence | G4: Z.Ref | J4: Warm Up | L4: Wm. Up
A7: Date & Time | B7: NO | C7: NO2 | D7: NOX | E7: SO2 | F7: O3 | G7: PM 10 | H7: PM 2.5 | I7: BENZ | J7: WS | K7: WD | L7: TEMP | M7: HUM | N7: SR | O7: RG | P7: CO | Q7: NH3
B8: ug/m3 | C8: ug/m3 | D8: ppb | E8: ug/m3 | F8: ug/m3 | G8: ug/m3 | H8: ug/m3 | I8: ug/m3 | J8: m/sec | K8: deg | L8: degreC | M8: % | N8: w/m2 | O8: mm | P8: mg/m3 | Q8: ug/m3
A9: 01/03/2025 00:15 | B9: 9.89 | C9: 22.75 | D9: 21.17 | E9: 11.27 | F9: Maint. | G9: 110.66 | H9: 35.44 | I9: 10.91 | J9: 0.14 | K9: 147.37 | L9: 22.45 | M9: 59.21 | N9: 0.9 | O9: 0 | P9: 1 | Q9: 28.19
A10: 01/03/2025 00:30 | B10: 11.08 | C10: 23.64 | D10: 22.59 | E10: 10.77 | F10: Maint. | G10: 110.66 | H10: 35.44 | I10: 11.1 | J10: 0.23 | K10: 196.07 | L10: 22.23 | M10: 62.29 | N10: 1.2 | O10: 0 | P10: 1.02 | Q10: 28.26
A11: 01/03/2025 00:45 | B11: 12.14 | C11: 24.44 | D11: 23.86 | E11: 11.5 | F11: Maint. | G11: 110.29 | H11: 33.62 | I11: 11.36 | J11: 0.22 | K11: 187.39 | L11: 21.79 | M11: 63.5 | N11: 1.3 | O11: 0 | P11: 1.04 | Q11: 28.31
A12: 01/03/2025 01:00 | B12: 12.63 | C12: 25.03 | D12: 24.56 | E12: 10.89 | F12: Maint. | G12: 110.25 | H12: 33.62 | I12: 11.64 | J12: 0.26 | K12: 217.45 | L12: 21.47 | M12: 65.25 | N12: 1.3 | O12: 0 | P12: 1.05 | Q12: 28.35
A13: 01/03/2025 01:15 | B13: 12.76 | C13: 25.54 | D13: 24.93 | E13: 11 | F13: Maint. | G13: 110.25 | H13: 33.62 | I13: 11.87 | J13: 0.19 | K13: 203.53 | L13: 21.1 | M13: 66.63 | N13: 1.2 | O13: 0 | P13: 1.07 | Q13: 28.38
A14: 01/03/2025 01:30 | B14: 12.72 | C14: 25.91 | D14: 25.09 | E14: 11.13 | F14: Maint. | G14: 110.25 | H14: 33.62 | I14: 12.17 | J14: 0.2 | K14: 200.8 | L14: 21.04 | M14: 66.23 | N14: 1.1 | O14: 0 | P14: 1.08 | Q14: 28.36
A15: 01/03/2025 01:45 | B15: 12.56 | C15: 26.04 | D15: 25.03 | E15: 11.19 | F15: Maint. | G15: 106.13 | H15: 31.67 | I15: 12.4 | J15: 0.03 | K15: 220.08 | L15: 21.01 | M15: 63.87 | N15: 0.8 | O15: 0 | P15: 1.11 | Q15: 28.36
A16: 01/03/2025 02:00 | B16: 12.75 | C16: 26.11 | D16: 25.22 | E16: 11.09 | F16: Maint. | G16: 105.61 | H16: 31.67 | I16: 12.58 | J16: 0.21 | K16: 80.61 | L16: 21.65 | M16: 58.52 | N16: 0.6 | O16: 0 | P16: 1.12 | Q16: 28.36
A17: 01/03/2025 02:15 | B17: 14.08 | C17: 26.81 | D17: 26.65 | E17: 8.24 | F17: Maint. | G17: 105.61 | H17: 31.67 | I17: 12.77 | J17: 0.15 | K17: 126.85 | L17: 21.95 | M17: 57.54 | N17: 0.7 | O17: 0 | P17: 1.14 | Q17: 28.42
A18: 01/03/2025 02:30 | B18: 15.6 | C18: 27.34 | D18: 28.15 | E18: 9.41 | F18: Maint. | G18: 105.61 | H18: 31.67 | I18: 13.05 | J18: 0.22 | K18: 173.54 | L18: 21.43 | M18: 64.72 | N18: 1.2 | O18: 0 | P18: 1.15 | Q18: 28.45
A19: 01/03/2025 02:45 | B19: 16.49 | C19: 27.74 | D19: 29.06 | E19: 9.38 | F19: Maint. | G19: 109.09 | H19: 33.52 | I19: 13.43 | J19: 0.22 | K19: 190.4 | L19: 21.02 | M19: 66.22 | N19: 1.2 | O19: 0 | P19: 1.17 | Q19: 28.5
A20: 01/03/2025 03:00 | B20: 16.7 | C20: 27.96 | D20: 29.35 | E20: 9.3 | F20: Maint. | G20: 109.53 | H20: 33.52 | I20: 13.8 | J20: 0.27 | K20: 221.12 | L20: 20.24 | M20: 69.18 | N20: 1.6 | O20: 0 | P20: 1.18 | Q20: 28.52
... A104: 01/03/2025 24:00 | B104: 7.43 | C104: 23.71 | D104: 19.7 | E104: 10.95 | F104: Maint. | G104: 79.6 | H104: 26.11 | I104: 13.66 | J104: 0.21 | K104: 169.08 | L104: 23.39 | M104: 60.74 | N104: 1 | O104: 0 | P104: 1.08 | Q104: 28.13
A106: Min | B106: =MIN(B9:B104) -> 3.85 | C106: =MIN(C9:C104) -> 17.86 | D106: =MIN(D9:D104) -> 13.91 | E106: =MIN(E9:E104) -> 8.24 | F106: =MIN(F9:F104) -> 0 | G106: =MIN(G9:G104) -> 47.64 | H106: =MIN(H9:H104) -> 22.8 | I106: =MIN(I9:I104) -> 5.31 | ... Q106: =MIN(Q9:Q104) -> 27.97
A107: Max | B107: =MAX(B9:B104) -> 16.7 | C107: =MAX(C9:C104) -> 27.96 | D107: =MAX(D9:D104) -> 29.35 | E107: =MAX(E9:E104) -> 27.7 | F107: =MAX(F9:F104) -> 0 | G107: =MAX(G9:G104) -> 110.66 | H107: =MAX(H9:H104) -> 44.51 | I107: =MAX(I9:I104) -> 14.63 | ... Q107: =MAX(Q9:Q104) -> 28.52
A108: Avg | B108: =AVERAGE(B9:B104) -> 8.1027083 | C108: =AVERAGE(C9:C104) -> 22.413333 | D108: =AVERAGE(D9:D104) -> 19.558854 | E108: =AVERAGE(E9:E104) -> 12.022083 | F108: =AVERAGE(F9:F104) -> #DIV/0! | G108: =AVERAGE(G9:G104) -> 77.591875 | H108: =AVERAGE(H9:H104) -> 32.487292 | I108: =AVERAGE(I9:I104) -> 10.869792 | ... Q108: =AVERAGE(Q9:Q104) -> 28.172396
A109: Stdev | B109: =STDEV(B9:B104) -> 4.4935595 | C109: =STDEV(C9:C104) -> 2.7270245 | D109: =STDEV(D9:D104) -> 4.8294735 | E109: =STDEV(E9:E104) -> 3.7151978 | F109: =STDEV(F9:F104) -> #DIV/0! | G109: =STDEV(G9:G104) -> 18.532137 | H109: =STDEV(H9:H104) -> 5.2827607 | I109: =STDEV(I9:I104) -> 3.0299814 | ... Q109: =STDEV(Q9:Q104) -> 0.18424095
A110: Num | B110: =COUNT(B9:B104) -> 96 | C110: =COUNT(C9:C104) -> 96 | D110: =COUNT(D9:D104) -> 96 | E110: =COUNT(E9:E104) -> 96 | F110: =COUNT(F9:F104)+96 -> 96 | G110: =COUNT(G9:G104) -> 96 | H110: =COUNT(H9:H104) -> 96 | I110: =COUNT(I9:I104) -> 96 | J110: =COUNT(J9:J104) -> 96 | K110: =COUNT(K9:K104) -> 96 | L110: =COUNT(L9:L104) -> 96 | M110: =COUNT(M9:M104) -> 96 | N110: =COUNT(N9:N104) -> 96 | ... Q110: =COUNT(Q9:Q104) -> 96
A111: DCR | B111: =IF(B110>=87,">90%",IF(B110<=87,"<90%")) -> >90% | C111: =IF(C110>=87,">90%",IF(C110<=87,"<90%")) -> >90% | D111: =IF(D110>=87,">90%",IF(D110<=87,"<90%")) -> >90% | E111: =IF(E110>=87,">90%",IF(E110<=87,"<90%")) -> >90% | F111: =IF(F110>=87,">90%",IF(F110<=87,"<90%")) -> >90% | G111: =IF(G110>=87,">90%",IF(G110<=87,"<90%")) -> >90% | H111: =IF(H110>=87,">90%",IF(H110<=87,"<90%")) -> >90% | I111: =IF(I110>=87,">90%",IF(I110<=87,"<90%")) -> >90% | ... Q111: =IF(Q110>=87,">90%",IF(Q110<=87,"<90%")) -> >90%
A112: Status | B112: =IF(B110>=87,"OK",IF(B110<=87,"LESS")) -> OK | C112: =IF(C110>=87,"OK",IF(C110<=87,"LESS")) -> OK | D112: =IF(D110>=87,"OK",IF(D110<=87,"LESS")) -> OK | E112: =IF(E110>=87,"OK",IF(E110<=87,"LESS")) -> OK | F112: =IF(F110>=87,"OK",IF(F110<=87,"LESS")) -> OK | G112: =IF(G110>=87,"OK",IF(G110<=87,"LESS")) -> OK | H112: =IF(H110>=87,"OK",IF(H110<=87,"LESS")) -> OK | I112: =IF(I110>=87,"OK",IF(I110<=87,"LESS")) -> OK | ... Q112: =IF(Q110>=87,"OK",IF(Q110<=87,"LESS")) -> OK
A115: Done by | B115: AKASH
A117: Comment

Sheet 02
A1: Station: | B1: IGKV RAIPUR
A2: Date: | B2: =$A$9 -> 02/03/2025 00:15 | C2: Power Off | G2: Pw.Off | J2: Link Fail | L2: Link F | N2: Maintenance | P2: Maint.
A3: Report Type: | B3: Mean | C3: Calibration | G3: Calib. | J3: Data Fail | L3: Data F | N3: Invalid | P3: Invalid
A4: Time Base: | B4: 15 Min | C4: Zero Referrence | G4: Z.Ref | J4: Warm Up | L4: Wm. Up
A7: Date & Time | B7: NO | C7: NO2 | D7: NOX | E7: SO2 | F7: O3 | G7: PM 10 | H7: PM 2.5 | I7: BENZ | J7: WS | K7: WD | L7: TEMP | M7: HUM | N7: SR | O7: RG | P7: CO | Q7: NH3
B8: ug/m3 | C8: ug/m3 | D8: ppb | E8: ug/m3 | F8: ug/m3 | G8: ug/m3 | H8: ug/m3 | I8: ug/m3 | J8: m/sec | K8: deg | L8: degreC | M8: % | N8: w/m2 | O8: mm | P8: mg/m3 | Q8: ug/m3
A9: 02/03/2025 00:15 | B9: 7.76 | C9: 24.15 | D9: 20.19 | E9: 10.72 | F9: Maint. | G9: 79.6 | H9: 26.11 | I9: 13.89 | J9: 0.26 | K9: 169.11 | L9: 23.39 | M9: 62.87 | N9: 1 | O9: 0 | P9: 1.09 | Q9: 28.14
A10: 02/03/2025 00:30 | B10: 8.13 | C10: 24.26 | D10: 20.55 | E10: 10.96 | F10: Maint. | G10: 79.6 | H10: 26.11 | I10: 14.03 | J10: 0.27 | K10: 162.37 | L10: 23.1 | M10: 64.53 | N10: 1.2 | O10: 0 | P10: 1.1 | Q10: 28.15
A11: 02/03/2025 00:45 | B11: 8.23 | C11: 24.14 | D11: 20.56 | E11: 11 | F11: Maint. | G11: 78.25 | H11: 28.21 | I11: 14.16 | J11: 0.24 | K11: 192.02 | L11: 22.72 | M11: 66.88 | N11: 1.4 | O11: 0 | P11: 1.12 | Q11: 28.19
A12: 02/03/2025 01:00 | B12: 8.5 | C12: 21.71 | D12: 19.51 | E12: 10.78 | F12: Maint. | G12: 78.08 | H12: 28.21 | I12: 14.27 | J12: 0.18 | K12: 209.46 | L12: 21.92 | M12: 68.15 | N12: 1.6 | O12: 0 | P12: 1.16 | Q12: 28.24
A13: 02/03/2025 01:15 | B13: 8.72 | C13: 20.85 | D13: 19.24 | E13: 10.62 | F13: Maint. | G13: 78.08 | H13: 28.21 | I13: 14.36 | J13: 0.21 | K13: 203.6 | L13: 21.86 | M13: 66.69 | N13: 1.2 | O13: 0 | P13: 1.15 | Q13: 28.23
A14: 02/03/2025 01:30 | B14: 8.86 | C14: 20.65 | D14: 19.25 | E14: 10.23 | F14: Maint. | G14: 78.08 | H14: 28.21 | I14: 14.41 | J14: 0.13 | K14: 155.31 | L14: 21.9 | M14: 66.64 | N14: 1 | O14: 0 | P14: 1.16 | Q14: 28.22
A15: 02/03/2025 01:45 | B15: 9.1 | C15: 20.87 | D15: 19.55 | E15: 10.74 | F15: Maint. | G15: 73.32 | H15: 25.41 | I15: 14.36 | J15: 0.14 | K15: 173.19 | L15: 21.89 | M15: 69.86 | N15: 1 | O15: 0 | P15: 1.14 | Q15: 28.24
A16: 02/03/2025 02:00 | B16: 9.31 | C16: 21.23 | D16: 19.9 | E16: 10.35 | F16: Maint. | G16: 72.73 | H16: 25.41 | I16: 14.24 | J16: 0.14 | K16: 159.92 | L16: 21.87 | M16: 70.5 | N16: 0.9 | O16: 0 | P16: 1.15 | Q16: 28.24
A17: 02/03/2025 02:15 | B17: 9.55 | C17: 21.33 | D17: 20.16 | E17: 8.93 | F17: Maint. | G17: 72.73 | H17: 25.41 | I17: 14.19 | J17: 0.17 | K17: 179.05 | L17: 21.64 | M17: 72.3 | N17: 1.1 | O17: 0 | P17: 1.16 | Q17: 28.25
A18: 02/03/2025 02:30 | B18: 9.8 | C18: 21 | D18: 20.18 | E18: 10.86 | F18: Maint. | G18: 72.73 | H18: 25.41 | I18: 14.21 | J18: 0.14 | K18: 163.16 | L18: 21.51 | M18: 71.59 | N18: 1 | O18: 0 | P18: 1.17 | Q18: 28.27
A19: 02/03/2025 02:45 | B19: 10.05 | C19: 20.84 | D19: 20.3 | E19: 10.21 | F19: Maint. | G19: 75.64 | H19: 23.56 | I19: 14.25 | J19: 0.21 | K19: 187.88 | L19: 21.25 | M19: 73.67 | N19: 1.2 | O19: 0 | P19: 1.16 | Q19: 28.25
A20: 02/03/2025 03:00 | B20: 10.26 | C20: 20.62 | D20: 20.35 | E20: 10.61 | F20: Maint. | G20: 76 | H20: 23.56 | I20: 14.32 | J20: 0.17 | K20: 210.41 | L20: 20.71 | M20: 73.07 | N20: 1.4 | O20: 0 | P20: 1.17 | Q20: 28.28
... A104: 02/03/2025 24:00 | B104: 6.63 | C104: 18.43 | D104: 16.29 | E104: 8.91 | F104: Maint. | G104: 69.19 | H104: 27.62 | I104: 10.75 | J104: 0.14 | K104: 194.92 | L104: 23.89 | M104: 64.7 | N104: 1.2 | O104: 0 | P104: 0.87 | Q104: 28.13
A106: Min | B106: =MIN(B9:B104) -> 3.64 | C106: =MIN(C9:C104) -> 16.99 | D106: =MIN(D9:D104) -> 13.26 | E106: =MIN(E9:E104) -> 8.75 | F106: =MIN(F9:F104) -> 0 | G106: =MIN(G9:G104) -> 50.38 | H106: =MIN(H9:H104) -> 20.21 | I106: =MIN(I9:I104) -> 7.04 | ... Q106: =MIN(Q9:Q104) -> 27.96
A107: Max | B107: =MAX(B9:B104) -> 13.64 | C107: =MAX(C9:C104) -> 24.57 | D107: =MAX(D9:D104) -> 23.31 | E107: =MAX(E9:E104) -> 21.19 | F107: =MAX(F9:F104) -> 0 | G107: =MAX(G9:G104) -> 79.6 | H107: =MAX(H9:H104) -> 36.92 | I107: =MAX(I9:I104) -> 14.41 | ... Q107: =MAX(Q9:Q104) -> 28.42
A108: Avg | B108: =AVERAGE(B9:B104) -> 6.754375 | C108: =AVERAGE(C9:C104) -> 20.168021 | D108: =AVERAGE(D9:D104) -> 17.304479 | E108: =AVERAGE(E9:E104) -> 12.074167 | F108: =AVERAGE(F9:F104) -> #DIV/0! | G108: =AVERAGE(G9:G104) -> 63.185625 | H108: =AVERAGE(H9:H104) -> 26.826458 | I108: =AVERAGE(I9:I104) -> 11.192813 | ... Q108: =AVERAGE(Q9:Q104) -> 28.122708
A109: Stdev | B109: =STDEV(B9:B104) -> 3.3550834 | C109: =STDEV(C9:C104) -> 2.1101876 | D109: =STDEV(D9:D104) -> 3.3291225 | E109: =STDEV(E9:E104) -> 2.7489671 | F109: =STDEV(F9:F104) -> #DIV/0! | G109: =STDEV(G9:G104) -> 8.6211606 | H109: =STDEV(H9:H104) -> 3.7566802 | I109: =STDEV(I9:I104) -> 2.7288265 | ... Q109: =STDEV(Q9:Q104) -> 0.14117163
A110: Num | B110: =COUNT(B9:B104) -> 96 | C110: =COUNT(C9:C104) -> 96 | D110: =COUNT(D9:D104) -> 96 | E110: =COUNT(E9:E104) -> 96 | F110: =COUNT(F9:F104) -> 0 | G110: =COUNT(G9:G104) -> 96 | H110: =COUNT(H9:H104) -> 96 | I110: =COUNT(I9:I104) -> 96 | ... Q110: =COUNT(Q9:Q104) -> 96
A111: DCR | B111: =IF(B110>=87,">90%",IF(B110<=87,"<90%")) -> >90% | C111: =IF(C110>=87,">90%",IF(C110<=87,"<90%")) -> >90% | D111: =IF(D110>=87,">90%",IF(D110<=87,"<90%")) -> >90% | E111: =IF(E110>=87,">90%",IF(E110<=87,"<90%")) -> >90% | F111: =IF(F110>=87,">90%",IF(F110<=87,"<90%")) -> <90% | G111: =IF(G110>=87,">90%",IF(G110<=87,"<90%")) -> >90% | H111: =IF(H110>=87,">90%",IF(H110<=87,"<90%")) -> >90% | I111: =IF(I110>=87,">90%",IF(I110<=87,"<90%")) -> >90% | ... Q111: =IF(Q110>=87,">90%",IF(Q110<=87,"<90%")) -> >90%
A112: Status | B112: =IF(B110>=87,"OK",IF(B110<=87,"LESS")) -> OK | C112: =IF(C110>=87,"OK",IF(C110<=87,"LESS")) -> OK | D112: =IF(D110>=87,"OK",IF(D110<=87,"LESS")) -> OK | E112: =IF(E110>=87,"OK",IF(E110<=87,"LESS")) -> OK | F112: =IF(F110>=87,"OK",IF(F110<=87,"LESS")) -> LESS | G112: =IF(G110>=87,"OK",IF(G110<=87,"LESS")) -> OK | H112: =IF(H110>=87,"OK",IF(H110<=87,"LESS")) -> OK | I112: =IF(I110>=87,"OK",IF(I110<=87,"LESS")) -> OK | ... Q112: =IF(Q110>=87,"OK",IF(Q110<=87,"LESS")) -> OK
A115: Done by | B115: AKASH
A117: Comment

Sheet 03
A1: Station: | B1: IGKV RAIPUR
A2: Date: | B2: =$A$9 -> 03/03/2025 00:15 | C2: Power Off | G2: Pw.Off | J2: Link Fail | L2: Link F | N2: Maintenance | P2: Maint.
A3: Report Type: | B3: Mean | C3: Calibration | G3: Calib. | J3: Data Fail | L3: Data F | N3: Invalid | P3: Invalid
A4: Time Base: | B4: 15 Min | C4: Zero Referrence | G4: Z.Ref | J4: Warm Up | L4: Wm. Up
A7: Date & Time | B7: NO | C7: NO2 | D7: NOX | E7: SO2 | F7: O3 | G7: PM 10 | H7: PM 2.5 | I7: BENZ | J7: WS | K7: WD | L7: TEMP | M7: HUM | N7: SR | O7: RG | P7: CO | Q7: NH3
B8: ug/m3 | C8: ug/m3 | D8: ppb | E8: ug/m3 | F8: ug/m3 | G8: ug/m3 | H8: ug/m3 | I8: ug/m3 | J8: m/sec | K8: deg | L8: degreC | M8: % | N8: w/m2 | O8: mm | P8: mg/m3 | Q8: ug/m3
A9: 03/03/2025 00:15 | B9: 6.75 | C9: 17.45 | D9: 15.88 | E9: 9.44 | F9: Maint. | G9: 69.19 | H9: 27.62 | I9: 10.81 | J9: 0.21 | K9: 20.85 | L9: 24.4 | M9: 58.58 | N9: 0.4 | O9: 0 | P9: 0.87 | Q9: 28.13
A10: 03/03/2025 00:30 | B10: 7 | C10: 18.12 | D10: 16.43 | E10: 9.53 | F10: Maint. | G10: 69.19 | H10: 27.62 | I10: 10.85 | J10: 0.15 | K10: 169.82 | L10: 25.09 | M10: 55.99 | N10: 0.8 | O10: 0 | P10: 0.88 | Q10: 28.14
A11: 03/03/2025 00:45 | B11: 7.49 | C11: 18.95 | D11: 17.26 | E11: 9.95 | F11: Maint. | G11: 67.55 | H11: 24.04 | I11: 10.84 | J11: 0.14 | K11: 106.29 | L11: 24.94 | M11: 57 | N11: 1.2 | O11: 0 | P11: 0.89 | Q11: 28.16
A12: 03/03/2025 01:00 | B12: 8.35 | C12: 19.98 | D12: 18.48 | E12: 10.18 | F12: Maint. | G12: 67.35 | H12: 24.04 | I12: 10.93 | J12: 0.07 | K12: 184 | L12: 25.23 | M12: 55.71 | N12: 0.9 | O12: 0 | P12: 0.93 | Q12: 28.18
A13: 03/03/2025 01:15 | B13: 9.24 | C13: 20.84 | D13: 19.65 | E13: 9.76 | F13: Maint. | G13: 67.35 | H13: 24.04 | I13: 11.29 | J13: 0.17 | K13: 170.46 | L13: 24.43 | M13: 63.84 | N13: 1.8 | O13: 0 | P13: 0.9 | Q13: 28.22
A14: 03/03/2025 01:30 | B14: 9.59 | C14: 21.67 | D14: 20.36 | E14: 9.73 | F14: Maint. | G14: 67.35 | H14: 24.04 | I14: 11.56 | J14: 0.18 | K14: 173.17 | L14: 24.47 | M14: 60.73 | N14: 1.2 | O14: 0 | P14: 0.88 | Q14: 28.2
A15: 03/03/2025 01:45 | B15: 9.83 | C15: 22.26 | D15: 20.86 | E15: 9.58 | F15: Maint. | G15: 71.12 | H15: 25.83 | I15: 11.47 | J15: 0.27 | K15: 201.95 | L15: 24.19 | M15: 65.59 | N15: 1.8 | O15: 0 | P15: 0.89 | Q15: 28.25
A16: 03/03/2025 02:00 | B16: 9.89 | C16: 22.64 | D16: 21.11 | E16: 9.94 | F16: Maint. | G16: 71.59 | H16: 25.83 | I16: 11.44 | J16: 0.17 | K16: 173.63 | L16: 23.67 | M16: 65.79 | N16: 1.6 | O16: 0 | P16: 0.9 | Q16: 28.25
A17: 03/03/2025 02:15 | B17: 9.84 | C17: 22.83 | D17: 21.17 | E17: 8.8 | F17: Maint. | G17: 71.59 | H17: 25.83 | I17: 11.59 | J17: 0.18 | K17: 175.53 | L17: 23.46 | M17: 68.39 | N17: 1.6 | O17: 0 | P17: 0.88 | Q17: 28.25
A18: 03/03/2025 02:30 | B18: 9.75 | C18: 22.9 | D18: 21.13 | E18: 10.42 | F18: Maint. | G18: 71.59 | H18: 25.83 | I18: 11.71 | J18: 0.18 | K18: 177.75 | L18: 23.18 | M18: 67.11 | N18: 1.3 | O18: 0 | P18: 0.89 | Q18: 28.23
A19: 03/03/2025 02:45 | B19: 9.61 | C19: 22.75 | D19: 20.94 | E19: 10.49 | F19: Maint. | G19: 68.51 | H19: 25.44 | I19: 11.8 | J19: 0.16 | K19: 187.67 | L19: 22.93 | M19: 68.83 | N19: 1.3 | O19: 0 | P19: 0.89 | Q19: 28.22
A20: 03/03/2025 03:00 | B20: 9.47 | C20: 22.72 | D20: 20.82 | E20: 10.04 | F20: Maint. | G20: 68.12 | H20: 25.44 | I20: 11.82 | J20: 0.17 | K20: 169.79 | L20: 22.89 | M20: 66.69 | N20: 1.1 | O20: 0 | P20: 0.88 | Q20: 28.23
... A104: 03/03/2025 24:00 | B104: 25.23 | C104: 25.67 | D104: 35 | E104: 7.96 | F104: Maint. | G104: 128.3 | H104: 41.28 | I104: 13.27 | J104: 0.22 | K104: 180.9 | L104: 23.46 | M104: 59.55 | N104: 1.2 | O104: 0 | P104: 1.22 | Q104: 28.97
A106: Min | B106: =MIN(B9:B104) -> 4.11 | C106: =MIN(C9:C104) -> 2.1 | D106: =MIN(D9:D104) -> 9.19 | E106: =MIN(E9:E104) -> 3.57 | F106: =MIN(F9:F104) -> 0 | G106: =MIN(G9:G104) -> 0 | H106: =MIN(H9:H104) -> 0 | I106: =MIN(I9:I104) -> 2.96 | ... Q106: =MIN(Q9:Q104) -> 27.97
A107: Max | B107: =MAX(B9:B104) -> 209.3 | C107: =MAX(C9:C104) -> 31.6 | D107: =MAX(D9:D104) -> 232.63 | E107: =MAX(E9:E104) -> 279.49 | F107: =MAX(F9:F104) -> 0 | G107: =MAX(G9:G104) -> 128.3 | H107: =MAX(H9:H104) -> 78.94 | I107: =MAX(I9:I104) -> 20.35 | ... Q107: =MAX(Q9:Q104) -> 28.97
A108: Avg | B108: =AVERAGE(B9:B104) -> 13.095 | C108: =AVERAGE(C9:C104) -> 21.596458 | D108: =AVERAGE(D9:D104) -> 23.868333 | E108: =AVERAGE(E9:E104) -> 20.080208 | F108: =AVERAGE(F9:F104) -> #DIV/0! | G108: =AVERAGE(G9:G104) -> 71.222813 | H108: =AVERAGE(H9:H104) -> 30.182917 | I108: =AVERAGE(I9:I104) -> 10.508333 | ... Q108: =AVERAGE(Q9:Q104) -> 28.213437
A109: Stdev | B109: =STDEV(B9:B104) -> 24.586766 | C109: =STDEV(C9:C104) -> 4.0279594 | D109: =STDEV(D9:D104) -> 24.758 | E109: =STDEV(E9:E104) -> 47.691165 | F109: =STDEV(F9:F104) -> #DIV/0! | G109: =STDEV(G9:G104) -> 28.278831 | H109: =STDEV(H9:H104) -> 16.85671 | I109: =STDEV(I9:I104) -> 3.5368599 | ... Q109: =STDEV(Q9:Q104) -> 0.18429283
A110: Num | B110: =COUNT(B9:B104) -> 96 | C110: =COUNT(C9:C104) -> 96 | D110: =COUNT(D9:D104) -> 96 | E110: =COUNT(E9:E104) -> 96 | F110: =COUNT(F9:F104)+96 -> 96 | G110: =COUNT(G9:G104) -> 96 | H110: =COUNT(H9:H104) -> 96 | I110: =COUNT(I9:I104) -> 96 | J110: =COUNT(J9:J104) -> 96 | K110: =COUNT(K9:K104) -> 96 | L110: =COUNT(L9:L104) -> 96 | M110: =COUNT(M9:M104) -> 96 | N110: =COUNT(N9:N104) -> 96 | ... Q110: =COUNT(Q9:Q104) -> 96
A111: DCR | B111: =IF(B110>=87,">90%",IF(B110<=87,"<90%")) -> >90% | C111: =IF(C110>=87,">90%",IF(C110<=87,"<90%")) -> >90% | D111: =IF(D110>=87,">90%",IF(D110<=87,"<90%")) -> >90% | E111: =IF(E110>=87,">90%",IF(E110<=87,"<90%")) -> >90% | F111: =IF(F110>=87,">90%",IF(F110<=87,"<90%")) -> >90% | G111: =IF(G110>=87,">90%",IF(G110<=87,"<90%")) -> >90% | H111: =IF(H110>=87,">90%",IF(H110<=87,"<90%")) -> >90% | I111: =IF(I110>=87,">90%",IF(I110<=87,"<90%")) -> >90% | ... Q111: =IF(Q110>=87,">90%",IF(Q110<=87,"<90%")) -> >90%
A112: Status | B112: =IF(B110>=87,"OK",IF(B110<=87,"LESS")) -> OK | C112: =IF(C110>=87,"OK",IF(C110<=87,"LESS")) -> OK | D112: =IF(D110>=87,"OK",IF(D110<=87,"LESS")) -> OK | E112: =IF(E110>=87,"OK",IF(E110<=87,"LESS")) -> OK | F112: =IF(F110>=87,"OK",IF(F110<=87,"LESS")) -> OK | G112: =IF(G110>=87,"OK",IF(G110<=87,"LESS")) -> OK | H112: =IF(H110>=87,"OK",IF(H110<=87,"LESS")) -> OK | I112: =IF(I110>=87,"OK",IF(I110<=87,"LESS")) -> OK | ... Q112: =IF(Q110>=87,"OK",IF(Q110<=87,"LESS")) -> OK
A115: Done by | B115: AKASH
A117: Comment

Sheet 04
A1: Station: | B1: IGKV RAIPUR
A2: Date: | B2: =$A$9 -> 04/03/2025 00:15 | C2: Power Off | G2: Pw.Off | J2: Link Fail | L2: Link F | N2: Maintenance | P2: Maint.
A3: Report Type: | B3: Mean | C3: Calibration | G3: Calib. | J3: Data Fail | L3: Data F | N3: Invalid | P3: Invalid
A4: Time Base: | B4: 15 Min | C4: Zero Referrence | G4: Z.Ref | J4: Warm Up | L4: Wm. Up
A7: Date & Time | B7: NO | C7: NO2 | D7: NOX | E7: SO2 | F7: O3 | G7: PM 10 | H7: PM 2.5 | I7: BENZ | J7: WS | K7: WD | L7: TEMP | M7: HUM | N7: SR | O7: RG | P7: CO | Q7: NH3
B8: ug/m3 | C8: ug/m3 | D8: ppb | E8: ug/m3 | F8: ug/m3 | G8: ug/m3 | H8: ug/m3 | I8: ug/m3 | J8: m/sec | K8: deg | L8: degreC | M8: % | N8: w/m2 | O8: mm | P8: mg/m3 | Q8: ug/m3
A9: 04/03/2025 00:15 | B9: 25.39 | C9: 24.87 | D9: 34.7 | E9: 8.13 | F9: Invalid | G9: 131.94 | H9: 44.23 | I9: 13.61 | J9: 0.24 | K9: 163.97 | L9: 23.07 | M9: 59.97 | N9: 1 | O9: 0 | P9: 1.24 | Q9: 28.97
A10: 04/03/2025 00:30 | B10: 25.72 | C10: 25.42 | D10: 35.26 | E10: 8.24 | F10: Invalid | G10: 132.25 | H10: 44.23 | I10: 13.89 | J10: 0.15 | K10: 111.17 | L10: 23.11 | M10: 57.92 | N10: 0.8 | O10: 0 | P10: 1.25 | Q10: 28.97
A11: 04/03/2025 00:45 | B11: 26.6 | C11: 25.78 | D11: 36.15 | E11: 8.06 | F11: Invalid | G11: 132.25 | H11: 44.23 | I11: 14.15 | J11: 0.2 | K11: 119.07 | L11: 23.3 | M11: 54.91 | N11: 0.7 | O11: 0 | P11: 1.26 | Q11: 28.99
A12: 04/03/2025 01:00 | B12: 27.18 | C12: 25.73 | D12: 36.59 | E12: 8.01 | F12: Invalid | G12: 132.25 | H12: 44.23 | I12: 14.31 | J12: 0.09 | K12: 114.86 | L12: 23.15 | M12: 54.36 | N12: 0.8 | O12: 0 | P12: 1.26 | Q12: 29.04
A13: 04/03/2025 01:15 | B13: 27.3 | C13: 25.64 | D13: 36.64 | E13: 7.78 | F13: Invalid | G13: 121.66 | H13: 41.27 | I13: 14.39 | J13: 0.16 | K13: 124.51 | L13: 23.08 | M13: 53.77 | N13: 0.8 | O13: 0 | P13: 1.25 | Q13: 29.05
A14: 04/03/2025 01:30 | B14: 27.21 | C14: 25.46 | D14: 36.47 | E14: 8.01 | F14: Invalid | G14: 120.76 | H14: 41.27 | I14: 14.44 | J14: 0.35 | K14: 68.21 | L14: 23.25 | M14: 50.57 | N14: 0.4 | O14: 0 | P14: 1.25 | Q14: 29.02
A15: 04/03/2025 01:45 | B15: 27.28 | C15: 25.46 | D15: 36.53 | E15: 7.76 | F15: Invalid | G15: 120.76 | H15: 41.27 | I15: 14.41 | J15: 0.02 | K15: 353.27 | L15: 23.3 | M15: 50.65 | N15: 0.8 | O15: 0 | P15: 1.23 | Q15: 29.04
A16: 04/03/2025 02:00 | B16: 27.34 | C16: 25.53 | D16: 36.61 | E16: 7.97 | F16: Invalid | G16: 120.76 | H16: 41.27 | I16: 14.32 | J16: 0.22 | K16: 161.58 | L16: 22.6 | M16: 55.93 | N16: 1.1 | O16: 0 | P16: 1.23 | Q16: 29.03
A17: 04/03/2025 02:15 | B17: 27.54 | C17: 24.97 | D17: 36.48 | E17: 6.72 | F17: Invalid | G17: 109.63 | H17: 38.06 | I17: 14.24 | J17: 0.17 | K17: 155.13 | L17: 21.91 | M17: 57.41 | N17: 1.1 | O17: 0 | P17: 1.22 | Q17: 29.03
A18: 04/03/2025 02:30 | B18: 27.85 | C18: 24.84 | D18: 36.66 | E18: 8.4 | F18: Invalid | G18: 108.54 | H18: 38.06 | I18: 14.15 | J18: 0.28 | K18: 165.89 | L18: 21.48 | M18: 62.58 | N18: 1 | O18: 0 | P18: 1.22 | Q18: 29.06
A19: 04/03/2025 02:45 | B19: 27.96 | C19: 24.44 | D19: 36.54 | E19: 8.62 | F19: Invalid | G19: 108.54 | H19: 38.06 | I19: 14.09 | J19: 0.17 | K19: 143.39 | L19: 21.17 | M19: 61.36 | N19: 1 | O19: 0 | P19: 1.21 | Q19: 29.04
A20: 04/03/2025 03:00 | B20: 28.04 | C20: 24.3 | D20: 36.53 | E20: 8.53 | F20: Invalid | G20: 108.54 | H20: 38.06 | I20: 14.04 | J20: 0.06 | K20: 185.24 | L20: 21.06 | M20: 62.33 | N20: 0.8 | O20: 0 | P20: 1.2 | Q20: 29.05
... A104: 04/03/2025 24:00 | B104: 7.29 | C104: 18.95 | D104: 17.1 | E104: 9.4 | F104: Invalid | G104: 81.95 | H104: 26.39 | I104: 8.6 | J104: 0.5 | K104: 21.89 | L104: 26.8 | M104: 38.29 | N104: 1.3 | O104: 0 | P104: 0.65 | Q104: 28.17
A106: Min | B106: =MIN(B9:B104) -> 3.38 | C106: =MIN(C9:C104) -> 16.04 | D106: =MIN(D9:D104) -> 12.44 | E106: =MIN(E9:E104) -> 6.72 | F106: =MIN(F9:F104) -> 0 | G106: =MIN(G9:G104) -> 50.5 | H106: =MIN(H9:H104) -> 16.54 | I106: =MIN(I9:I104) -> 6.24 | ... Q106: =MIN(Q9:Q104) -> 27.98
A107: Max | B107: =MAX(B9:B104) -> 28.27 | C107: =MAX(C9:C104) -> 25.78 | D107: =MAX(D9:D104) -> 36.66 | E107: =MAX(E9:E104) -> 15.07 | F107: =MAX(F9:F104) -> 0 | G107: =MAX(G9:G104) -> 132.25 | H107: =MAX(H9:H104) -> 44.23 | I107: =MAX(I9:I104) -> 14.44 | ... Q107: =MAX(Q9:Q104) -> 29.08
A108: Avg | B108: =AVERAGE(B9:B104) -> 12.548958 | C108: =AVERAGE(C9:C104) -> 21.190417 | D108: =AVERAGE(D9:D104) -> 22.48625 | E108: =AVERAGE(E9:E104) -> 8.8714583 | F108: =AVERAGE(F9:F104) -> #DIV/0! | G108: =AVERAGE(G9:G104) -> 80.352812 | H108: =AVERAGE(H9:H104) -> 26.25125 | I108: =AVERAGE(I9:I104) -> 10.235625 | ... Q108: =AVERAGE(Q9:Q104) -> 28.393646
A109: Stdev | B109: =STDEV(B9:B104) -> 10.119706 | C109: =STDEV(C9:C104) -> 2.5546795 | D109: =STDEV(D9:D104) -> 9.0130336 | E109: =STDEV(E9:E104) -> 1.2460675 | F109: =STDEV(F9:F104) -> #DIV/0! | G109: =STDEV(G9:G104) -> 20.529874 | H109: =STDEV(H9:H104) -> 7.2283805 | I109: =STDEV(I9:I104) -> 2.6533565 | ... Q109: =STDEV(Q9:Q104) -> 0.43670084
A110: Num | B110: =COUNT(B9:B104) -> 96 | C110: =COUNT(C9:C104) -> 96 | D110: =COUNT(D9:D104) -> 96 | E110: =COUNT(E9:E104) -> 96 | F110: =COUNT(F9:F104) -> 0 | G110: =COUNT(G9:G104) -> 96 | H110: =COUNT(H9:H104) -> 96 | I110: =COUNT(I9:I104) -> 96 | ... Q110: =COUNT(Q9:Q104) -> 96
A111: DCR | B111: =IF(B110>=87,">90%",IF(B110<=87,"<90%")) -> >90% | C111: =IF(C110>=87,">90%",IF(C110<=87,"<90%")) -> >90% | D111: =IF(D110>=87,">90%",IF(D110<=87,"<90%")) -> >90% | E111: =IF(E110>=87,">90%",IF(E110<=87,"<90%")) -> >90% | F111: =IF(F110>=87,">90%",IF(F110<=87,"<90%")) -> <90% | G111: =IF(G110>=87,">90%",IF(G110<=87,"<90%")) -> >90% | H111: =IF(H110>=87,">90%",IF(H110<=87,"<90%")) -> >90% | I111: =IF(I110>=87,">90%",IF(I110<=87,"<90%")) -> >90% | ... Q111: =IF(Q110>=87,">90%",IF(Q110<=87,"<90%")) -> >90%
A112: Status | B112: =IF(B110>=87,"OK",IF(B110<=87,"LESS")) -> OK | C112: =IF(C110>=87,"OK",IF(C110<=87,"LESS")) -> OK | D112: =IF(D110>=87,"OK",IF(D110<=87,"LESS")) -> OK | E112: =IF(E110>=87,"OK",IF(E110<=87,"LESS")) -> OK | F112: =IF(F110>=87,"OK",IF(F110<=87,"LESS")) -> LESS | G112: =IF(G110>=87,"OK",IF(G110<=87,"LESS")) -> OK | H112: =IF(H110>=87,"OK",IF(H110<=87,"LESS")) -> OK | I112: =IF(I110>=87,"OK",IF(I110<=87,"LESS")) -> OK | ... Q112: =IF(Q110>=87,"OK",IF(Q110<=87,"LESS")) -> OK
A115: Done by | B115: AKASH
A117: Comment

Sheet 05
A1: Station: | B1: IGKV RAIPUR
A2: Date: | B2: =$A$9 -> 05/03/2025 00:15 | C2: Power Off | G2: Pw.Off | J2: Link Fail | L2: Link F | N2: Maintenance | P2: Maint.
A3: Report Type: | B3: Mean | C3: Calibration | G3: Calib. | J3: Data Fail | L3: Data F | N3: Invalid | P3: Invalid
A4: Time Base: | B4: 15 Min | C4: Zero Referrence | G4: Z.Ref | J4: Warm Up | L4: Wm. Up
A7: Date & Time | B7: NO | C7: NO2 | D7: NOX | E7: SO2 | F7: O3 | G7: PM 10 | H7: PM 2.5 | I7: BENZ | J7: WS | K7: WD | L7: TEMP | M7: HUM | N7: SR | O7: RG | P7: CO | Q7: NH3
B8: ug/m3 | C8: ug/m3 | D8: ppb | E8: ug/m3 | F8: ug/m3 | G8: ug/m3 | H8: ug/m3 | I8: ug/m3 | J8: m/sec | K8: deg | L8: degreC | M8: % | N8: w/m2 | O8: mm | P8: mg/m3 | Q8: ug/m3
A9: 05/03/2025 00:15 | B9: 7.76 | C9: 18.97 | D9: 17.48 | E9: 9.18 | F9: Invalid | G9: 76.59 | H9: 26.21 | I9: 8.56 | J9: 0.28 | K9: 2.65 | L9: 26.42 | M9: 39.62 | N9: 1.3 | O9: 0 | P9: 0.65 | Q9: 28.18
A10: 05/03/2025 00:30 | B10: 8.04 | C10: 19.15 | D10: 17.8 | E10: 8.96 | F10: Invalid | G10: 76.07 | H10: 26.21 | I10: 8.47 | J10: 0.22 | K10: 2.19 | L10: 26.06 | M10: 40.99 | N10: 1.2 | O10: 0 | P10: 0.65 | Q10: 28.18
A11: 05/03/2025 00:45 | B11: 8.39 | C11: 19.32 | D11: 18.17 | E11: 9.04 | F11: Invalid | G11: 76.07 | H11: 26.21 | I11: 8.47 | J11: 0.27 | K11: 11.31 | L11: 25.75 | M11: 42.03 | N11: 1 | O11: 0 | P11: 0.66 | Q11: 28.2
A12: 05/03/2025 01:00 | B12: 8.9 | C12: 19.28 | D12: 18.56 | E12: 11.76 | F12: Invalid | G12: 76.07 | H12: 26.21 | I12: 8.55 | J12: 0.46 | K12: 30.66 | L12: 25.61 | M12: 42.22 | N12: 0.8 | O12: 0 | P12: 0.67 | Q12: 28.21
A13: 05/03/2025 01:15 | B13: 9.14 | C13: 19.09 | D13: 18.66 | E13: 12.68 | F13: Invalid | G13: 84.6 | H13: 28.6 | I13: 8.64 | J13: 0.86 | K13: 26.35 | L13: 25.63 | M13: 41.68 | N13: 0.7 | O13: 0 | P13: 0.68 | Q13: 28.21
A14: 05/03/2025 01:30 | B14: 9.49 | C14: 19.12 | D14: 18.95 | E14: 13.94 | F14: Invalid | G14: 85.43 | H14: 28.6 | I14: 8.7 | J14: 0.67 | K14: 43.63 | L14: 25.44 | M14: 42.46 | N14: 1.1 | O14: 0 | P14: 0.67 | Q14: 28.24
A15: 05/03/2025 01:45 | B15: 9.88 | C15: 19.01 | D15: 19.21 | E15: 10.07 | F15: Invalid | G15: 85.43 | H15: 28.6 | I15: 8.71 | J15: 0.63 | K15: 45.71 | L15: 25.1 | M15: 43.73 | N15: 1.2 | O15: 0 | P15: 0.67 | Q15: 28.25
A16: 05/03/2025 02:00 | B16: 10.33 | C16: 19.05 | D16: 19.59 | E16: 9 | F16: Invalid | G16: 85.43 | H16: 28.6 | I16: 8.67 | J16: 0.54 | K16: 45.44 | L16: 24.71 | M16: 45.09 | N16: 1.1 | O16: 0 | P16: 0.66 | Q16: 28.28
A17: 05/03/2025 02:15 | B17: 10.49 | C17: 18.81 | D17: 19.59 | E17: 8.13 | F17: Invalid | G17: 87.37 | H17: 27.42 | I17: 8.47 | J17: 0.55 | K17: 43.51 | L17: 24.43 | M17: 46.2 | N17: 1 | O17: 0 | P17: 0.65 | Q17: 28.28
A18: 05/03/2025 02:30 | B18: 10.72 | C18: 18.59 | D18: 19.66 | E18: 9.41 | F18: Invalid | G18: 87.56 | H18: 27.42 | I18: 8.17 | J18: 0.81 | K18: 53.88 | L18: 24.15 | M18: 47.26 | N18: 1 | O18: 0 | P18: 0.65 | Q18: 28.29
A19: 05/03/2025 02:45 | B19: 10.69 | C19: 18.6 | D19: 19.64 | E19: 8.89 | F19: Invalid | G19: 87.56 | H19: 27.42 | I19: 8.19 | J19: 0.83 | K19: 53.54 | L19: 23.89 | M19: 48.39 | N19: 1.1 | O19: 0 | P19: 0.64 | Q19: 28.29
A20: 05/03/2025 03:00 | B20: 10.24 | C20: 18.81 | D20: 19.39 | E20: 8.75 | F20: Invalid | G20: 87.56 | H20: 27.42 | I20: 8.2 | J20: 1 | K20: 31.3 | L20: 23.68 | M20: 48.17 | N20: 0.8 | O20: 0 | P20: 0.64 | Q20: 28.28
... A104: 05/03/2025 24:00 | B104: 15.43 | C104: 18.88 | D104: 23.59 | E104: 8.44 | F104: Invalid | G104: 66.73 | H104: 21.43 | I104: 6.31 | J104: 0.36 | K104: 348.61 | L104: 22.05 | M104: 20.23 | N104: 0.4 | O104: 0 | P104: 0.63 | Q104: 28.29
A106: Min | B106: =MIN(B9:B104) -> 4.12 | C106: =MIN(C9:C104) -> 16.39 | D106: =MIN(D9:D104) -> 14.13 | E106: =MIN(E9:E104) -> 7.24 | F106: =MIN(F9:F104) -> 0 | G106: =MIN(G9:G104) -> 55.95 | H106: =MIN(H9:H104) -> 12.99 | I106: =MIN(I9:I104) -> 4.75 | ... Q106: =MIN(Q9:Q104) -> 28
A107: Max | B107: =MAX(B9:B104) -> 16.32 | C107: =MAX(C9:C104) -> 22.5 | D107: =MAX(D9:D104) -> 25.48 | E107: =MAX(E9:E104) -> 13.94 | F107: =MAX(F9:F104) -> 0 | G107: =MAX(G9:G104) -> 112.81 | H107: =MAX(H9:H104) -> 31.69 | I107: =MAX(I9:I104) -> 9.27 | ... Q107: =MAX(Q9:Q104) -> 28.54
A108: Avg | B108: =AVERAGE(B9:B104) -> 9.6215625 | C108: =AVERAGE(C9:C104) -> 19.787292 | D108: =AVERAGE(D9:D104) -> 19.405625 | E108: =AVERAGE(E9:E104) -> 9.0085417 | F108: =AVERAGE(F9:F104) -> #DIV/0! | G108: =AVERAGE(G9:G104) -> 81.115521 | H108: =AVERAGE(H9:H104) -> 23.595417 | I108: =AVERAGE(I9:I104) -> 7.0302083 | ... Q108: =AVERAGE(Q9:Q104) -> 28.226875
A109: Stdev | B109: =STDEV(B9:B104) -> 3.7201503 | C109: =STDEV(C9:C104) -> 1.5218752 | D109: =STDEV(D9:D104) -> 3.2125274 | E109: =STDEV(E9:E104) -> 1.1415308 | F109: =STDEV(F9:F104) -> #DIV/0! | G109: =STDEV(G9:G104) -> 15.992337 | H109: =STDEV(H9:H104) -> 4.8005114 | I109: =STDEV(I9:I104) -> 1.3179761 | ... Q109: =STDEV(Q9:Q104) -> 0.15020906
A110: Num | B110: =COUNT(B9:B104) -> 96 | C110: =COUNT(C9:C104) -> 96 | D110: =COUNT(D9:D104) -> 96 | E110: =COUNT(E9:E104) -> 96 | F110: =COUNT(F9:F104) -> 0 | G110: =COUNT(G9:G104) -> 96 | H110: =COUNT(H9:H104) -> 96 | I110: =COUNT(I9:I104) -> 96 | ... Q110: =COUNT(Q9:Q104) -> 96
A111: DCR | B111: =IF(B110>=87,">90%",IF(B110<=87,"<90%")) -> >90% | C111: =IF(C110>=87,">90%",IF(C110<=87,"<90%")) -> >90% | D111: =IF(D110>=87,">90%",IF(D110<=87,"<90%")) -> >90% | E111: =IF(E110>=87,">90%",IF(E110<=87,"<90%")) -> >90% | F111: =IF(F110>=87,">90%",IF(F110<=87,"<90%")) -> <90% | G111: =IF(G110>=87,">90%",IF(G110<=87,"<90%")) -> >90% | H111: =IF(H110>=87,">90%",IF(H110<=87,"<90%")) -> >90% | I111: =IF(I110>=87,">90%",IF(I110<=87,"<90%")) -> >90% | ... Q111: =IF(Q110>=87,">90%",IF(Q110<=87,"<90%")) -> >90%
A112: Status | B112: =IF(B110>=87,"OK",IF(B110<=87,"LESS")) -> OK | C112: =IF(C110>=87,"OK",IF(C110<=87,"LESS")) -> OK | D112: =IF(D110>=87,"OK",IF(D110<=87,"LESS")) -> OK | E112: =IF(E110>=87,"OK",IF(E110<=87,"LESS")) -> OK | F112: =IF(F110>=87,"OK",IF(F110<=87,"LESS")) -> LESS | G112: =IF(G110>=87,"OK",IF(G110<=87,"LESS")) -> OK | H112: =IF(H110>=87,"OK",IF(H110<=87,"LESS")) -> OK | I112: =IF(I110>=87,"OK",IF(I110<=87,"LESS")) -> OK | ... Q112: =IF(Q110>=87,"OK",IF(Q110<=87,"LESS")) -> OK
A115: Done by | B115: AKASH
A117: Comment

Sheet 06
A1: Station: | B1: IGKV RAIPUR
A2: Date: | B2: =$A$9 -> 06/03/2025 00:15 | C2: Power Off | G2: Pw.Off | J2: Link Fail | L2: Link F | N2: Maintenance | P2: Maint.
A3: Report Type: | B3: Mean | C3: Calibration | G3: Calib. | J3: Data Fail | L3: Data F | N3: Invalid | P3: Invalid
A4: Time Base: | B4: 15 Min | C4: Zero Referrence | G4: Z.Ref | J4: Warm Up | L4: Wm. Up
A7: Date & Time | B7: NO | C7: NO2 | D7: NOX | E7: SO2 | F7: O3 | G7: PM 10 | H7: PM 2.5 | I7: BENZ | J7: WS | K7: WD | L7: TEMP | M7: HUM | N7: SR | O7: RG | P7: CO | Q7: NH3
B8: ug/m3 | C8: ug/m3 | D8: ppb | E8: ug/m3 | F8: ug/m3 | G8: ug/m3 | H8: ug/m3 | I8: ug/m3 | J8: m/sec | K8: deg | L8: degreC | M8: % | N8: w/m2 | O8: mm | P8: mg/m3 | Q8: ug/m3
A9: 06/03/2025 00:15 | B9: 9.36 | C9: 18.53 | D9: 18.54 | E9: 8.18 | F9: Invalid | G9: 65.13 | H9: 19.17 | I9: 6.26 | J9: 0.23 | K9: 358.33 | L9: 21.72 | M9: 20.58 | N9: 0.5 | O9: 0 | P9: 0.61 | Q9: 28.27
A10: 06/03/2025 00:30 | B10: 9.14 | C10: 18.19 | D10: 18.18 | E10: 7.92 | F10: Invalid | G10: 64.97 | H10: 19.17 | I10: 6.2 | J10: 0.34 | K10: 338.08 | L10: 21.35 | M10: 21.11 | N10: 0.4 | O10: 0 | P10: 0.6 | Q10: 28.26
A11: 06/03/2025 00:45 | B11: 8.88 | C11: 17.8 | D11: 17.77 | E11: 7.83 | F11: Invalid | G11: 64.97 | H11: 19.17 | I11: 6.14 | J11: 0.31 | K11: 302.83 | L11: 21.21 | M11: 21.61 | N11: 0.3 | O11: 0 | P11: 0.6 | Q11: 28.24
A12: 06/03/2025 01:00 | B12: 8.68 | C12: 17.63 | D12: 17.52 | E12: 8.05 | F12: Invalid | G12: 64.97 | H12: 19.17 | I12: 6.1 | J12: 0.26 | K12: 24.3 | L12: 20.85 | M12: 22.14 | N12: 0.5 | O12: 0 | P12: 0.59 | Q12: 28.22
A13: 06/03/2025 01:15 | B13: 8.96 | C13: 16.96 | D13: 17.4 | E13: 7.94 | F13: Invalid | G13: 55.82 | H13: 19.09 | I13: 6.04 | J13: 0.46 | K13: 22.97 | L13: 20.67 | M13: 21.86 | N13: 0.3 | O13: 0 | P13: 0.58 | Q13: 28.19
A14: 06/03/2025 01:30 | B14: 9.01 | C14: 16.55 | D14: 17.22 | E14: 8.32 | F14: Invalid | G14: 54.92 | H14: 19.09 | I14: 6 | J14: 0.61 | K14: 34.89 | L14: 20.59 | M14: 21.49 | N14: 0.2 | O14: 0 | P14: 0.58 | Q14: 28.19
A15: 06/03/2025 01:45 | B15: 9.43 | C15: 16.14 | D15: 17.35 | E15: 8.53 | F15: Invalid | G15: 54.92 | H15: 19.09 | I15: 5.99 | J15: 0.62 | K15: 49.2 | L15: 20.27 | M15: 22.96 | N15: 0.6 | O15: 0 | P15: 0.59 | Q15: 28.17
A16: 06/03/2025 02:00 | B16: 9.73 | C16: 15.81 | D16: 17.42 | E16: 8.22 | F16: Invalid | G16: 54.92 | H16: 19.09 | I16: 5.96 | J16: 0.34 | K16: 14.61 | L16: 19.9 | M16: 24.07 | N16: 0.6 | O16: 0 | P16: 0.59 | Q16: 28.17
A17: 06/03/2025 02:15 | B17: 10.54 | C17: 15.09 | D17: 17.69 | E17: 8.13 | F17: Invalid | G17: 53.51 | H17: 17.76 | I17: 5.94 | J17: 0.55 | K17: 35.59 | L17: 19.74 | M17: 24.22 | N17: 0.3 | O17: 0 | P17: 0.59 | Q17: 28.16
A18: 06/03/2025 02:30 | B18: 10.31 | C18: 15.05 | D18: 17.49 | E18: 9.48 | F18: Invalid | G18: 53.37 | H18: 17.76 | I18: 5.92 | J18: 0.35 | K18: 9.34 | L18: 19.66 | M18: 24.3 | N18: 0.4 | O18: 0 | P18: 0.6 | Q18: 28.12
A19: 06/03/2025 02:45 | B19: 8.68 | C19: 15.34 | D19: 16.32 | E19: 9.74 | F19: Invalid | G19: 53.37 | H19: 17.76 | I19: 5.92 | J19: 0.05 | K19: 228.02 | L19: 19.43 | M19: 25.49 | N19: 0.6 | O19: 0 | P19: 0.6 | Q19: 28.12
A20: 06/03/2025 03:00 | B20: 6.5 | C20: 16.16 | D20: 15 | E20: 9.88 | F20: Invalid | G20: 53.37 | H20: 17.76 | I20: 5.95 | J20: 0.21 | K20: 203.4 | L20: 18.97 | M20: 27.37 | N20: 0.6 | O20: 0 | P20: 0.61 | Q20: 28.11
... A104: 06/03/2025 24:00 | B104: 4.03 | C104: 17.64 | D104: 13.8 | E104: 9.04 | F104: Invalid | G104: 86.63 | H104: 22.32 | I104: 9.51 | J104: 0.22 | K104: 178.93 | L104: 18.43 | M104: 51.18 | N104: 0.6 | O104: 0 | P104: 0.81 | Q104: 28.19
A106: Min | B106: =MIN(B9:B104) -> 2 | C106: =MIN(C9:C104) -> 11.18 | D106: =MIN(D9:D104) -> 11.89 | E106: =MIN(E9:E104) -> 7.57 | F106: =MIN(F9:F104) -> 0 | G106: =MIN(G9:G104) -> 40.43 | H106: =MIN(H9:H104) -> 10.49 | I106: =MIN(I9:I104) -> 5.61 | ... Q106: =MIN(Q9:Q104) -> 27.99
A107: Max | B107: =MAX(B9:B104) -> 16.23 | C107: =MAX(C9:C104) -> 18.59 | D107: =MAX(D9:D104) -> 23.51 | E107: =MAX(E9:E104) -> 14.97 | F107: =MAX(F9:F104) -> 0 | G107: =MAX(G9:G104) -> 93.43 | H107: =MAX(H9:H104) -> 30.7 | I107: =MAX(I9:I104) -> 10.28 | ... Q107: =MAX(Q9:Q104) -> 28.41
A108: Avg | B108: =AVERAGE(B9:B104) -> 9.4038542 | C108: =AVERAGE(C9:C104) -> 15.507812 | D108: =AVERAGE(D9:D104) -> 16.994688 | E108: =AVERAGE(E9:E104) -> 9.0748958 | F108: =AVERAGE(F9:F104) -> #DIV/0! | G108: =AVERAGE(G9:G104) -> 61.637188 | H108: =AVERAGE(H9:H104) -> 18.385 | I108: =AVERAGE(I9:I104) -> 7.0647917 | ... Q108: =AVERAGE(Q9:Q104) -> 28.144583
A109: Stdev | B109: =STDEV(B9:B104) -> 3.4087622 | C109: =STDEV(C9:C104) -> 2.1678999 | D109: =STDEV(D9:D104) -> 2.6895364 | E109: =STDEV(E9:E104) -> 1.2442888 | F109: =STDEV(F9:F104) -> #DIV/0! | G109: =STDEV(G9:G104) -> 15.027073 | H109: =STDEV(H9:H104) -> 4.8351311 | I109: =STDEV(I9:I104) -> 1.2807703 | ... Q109: =STDEV(Q9:Q104) -> 0.10556033
A110: Num | B110: =COUNT(B9:B104) -> 96 | C110: =COUNT(C9:C104) -> 96 | D110: =COUNT(D9:D104) -> 96 | E110: =COUNT(E9:E104) -> 96 | F110: =COUNT(F9:F104) -> 0 | G110: =COUNT(G9:G104) -> 96 | H110: =COUNT(H9:H104) -> 96 | I110: =COUNT(I9:I104) -> 96 | ... Q110: =COUNT(Q9:Q104) -> 96
A111: DCR | B111: =IF(B110>=87,">90%",IF(B110<=87,"<90%")) -> >90% | C111: =IF(C110>=87,">90%",IF(C110<=87,"<90%")) -> >90% | D111: =IF(D110>=87,">90%",IF(D110<=87,"<90%")) -> >90% | E111: =IF(E110>=87,">90%",IF(E110<=87,"<90%")) -> >90% | F111: =IF(F110>=87,">90%",IF(F110<=87,"<90%")) -> <90% | G111: =IF(G110>=87,">90%",IF(G110<=87,"<90%")) -> >90% | H111: =IF(H110>=87,">90%",IF(H110<=87,"<90%")) -> >90% | I111: =IF(I110>=87,">90%",IF(I110<=87,"<90%")) -> >90% | ... Q111: =IF(Q110>=87,">90%",IF(Q110<=87,"<90%")) -> >90%
A112: Status | B112: =IF(B110>=87,"OK",IF(B110<=87,"LESS")) -> OK | C112: =IF(C110>=87,"OK",IF(C110<=87,"LESS")) -> OK | D112: =IF(D110>=87,"OK",IF(D110<=87,"LESS")) -> OK | E112: =IF(E110>=87,"OK",IF(E110<=87,"LESS")) -> OK | F112: =IF(F110>=87,"OK",IF(F110<=87,"LESS")) -> LESS | G112: =IF(G110>=87,"OK",IF(G110<=87,"LESS")) -> OK | H112: =IF(H110>=87,"OK",IF(H110<=87,"LESS")) -> OK | I112: =IF(I110>=87,"OK",IF(I110<=87,"LESS")) -> OK | ... Q112: =IF(Q110>=87,"OK",IF(Q110<=87,"LESS")) -> OK
A115: Done by | B115: AKASH
A117: Comment

Sheet 07
A1: Station: | B1: IGKV RAIPUR
A2: Date: | B2: =$A$9 -> 07/03/2025 00:15 | C2: Power Off | G2: Pw.Off | J2: Link Fail | L2: Link F | N2: Maintenance | P2: Maint.
A3: Report Type: | B3: Mean | C3: Calibration | G3: Calib. | J3: Data Fail | L3: Data F | N3: Invalid | P3: Invalid
A4: Time Base: | B4: 15 Min | C4: Zero Referrence | G4: Z.Ref | J4: Warm Up | L4: Wm. Up
A7: Date & Time | B7: NO | C7: NO2 | D7: NOX | E7: SO2 | F7: O3 | G7: PM 10 | H7: PM 2.5 | I7: BENZ | J7: WS | K7: WD | L7: TEMP | M7: HUM | N7: SR | O7: RG | P7: CO | Q7: NH3
B8: ug/m3 | C8: ug/m3 | D8: ppb | E8: ug/m3 | F8: ug/m3 | G8: ug/m3 | H8: ug/m3 | I8: ug/m3 | J8: m/sec | K8: deg | L8: degreC | M8: % | N8: w/m2 | O8: mm | P8: mg/m3 | Q8: ug/m3
A9: 07/03/2025 00:15 | B9: 8.3 | C9: 18.15 | D9: 17.49 | E9: 9.23 | F9: Invalid | G9: 84.62 | H9: 25.93 | I9: 9.63 | J9: 0.19 | K9: 154.37 | L9: 17.89 | M9: 54.45 | N9: 0.9 | O9: 0 | P9: 0.82 | Q9: 28.2
A10: 07/03/2025 00:30 | B10: 9.55 | C10: 17.02 | D10: 17.9 | E10: 9.23 | F10: Invalid | G10: 84.45 | H10: 25.93 | I10: 9.74 | J10: 0.14 | K10: 156.15 | L10: 17.6 | M10: 53.42 | N10: 0.6 | O10: 0 | P10: 0.84 | Q10: 28.21
A11: 07/03/2025 00:45 | B11: 10.39 | C11: 16.3 | D11: 18.2 | E11: 8.98 | F11: Invalid | G11: 84.45 | H11: 25.93 | I11: 9.89 | J11: 0.19 | K11: 166.24 | L11: 17.74 | M11: 52.54 | N11: 0.5 | O11: 0 | P11: 0.85 | Q11: 28.2
A12: 07/03/2025 01:00 | B12: 8.61 | C12: 18.12 | D12: 17.73 | E12: 9.16 | F12: Invalid | G12: 84.45 | H12: 25.93 | I12: 10 | J12: 0.2 | K12: 174.11 | L12: 17.59 | M12: 54.09 | N12: 0.6 | O12: 0 | P12: 0.86 | Q12: 28.22
A13: 07/03/2025 01:15 | B13: 7.8 | C13: 19.87 | D13: 17.99 | E13: 9.01 | F13: Invalid | G13: 83.96 | H13: 24.11 | I13: 10.12 | J13: 0.25 | K13: 177.07 | L13: 17.15 | M13: 57.33 | N13: 0.7 | O13: 0 | P13: 0.86 | Q13: 28.24
A14: 07/03/2025 01:30 | B14: 9.49 | C14: 19.09 | D14: 18.93 | E14: 9.1 | F14: Invalid | G14: 83.92 | H14: 24.11 | I14: 10.25 | J14: 0.2 | K14: 169.15 | L14: 16.81 | M14: 58.36 | N14: 0.7 | O14: 0 | P14: 0.88 | Q14: 28.27
A15: 07/03/2025 01:45 | B15: 8.81 | C15: 19.99 | D15: 18.86 | E15: 9.27 | F15: Invalid | G15: 83.92 | H15: 24.11 | I15: 10.38 | J15: 0.23 | K15: 193.88 | L15: 16.6 | M15: 59.61 | N15: 0.7 | O15: 0 | P15: 0.89 | Q15: 28.31
A16: 07/03/2025 02:00 | B16: 9.28 | C16: 19.72 | D16: 19.09 | E16: 9.06 | F16: Invalid | G16: 83.92 | H16: 24.11 | I16: 10.45 | J16: 0.16 | K16: 202.72 | L16: 16.23 | M16: 58.46 | N16: 0.7 | O16: 0 | P16: 0.9 | Q16: 28.32
A17: 07/03/2025 02:15 | B17: 10.33 | C17: 18.86 | D17: 19.49 | E17: 7.52 | F17: Invalid | G17: 73.78 | H17: 27.19 | I17: 10.56 | J17: 0.14 | K17: 198.87 | L17: 16.09 | M17: 58.8 | N17: 0.6 | O17: 0 | P17: 0.92 | Q17: 28.3
A18: 07/03/2025 02:30 | B18: 9.59 | C18: 19.44 | D18: 19.2 | E18: 8.31 | F18: Invalid | G18: 72.8 | H18: 27.19 | I18: 10.98 | J18: 0.16 | K18: 166.84 | L18: 15.63 | M18: 62.7 | N18: 0.7 | O18: 0 | P18: 0.94 | Q18: 28.3
A19: 07/03/2025 02:45 | B19: 9.22 | C19: 19.69 | D19: 19.04 | E19: 8.67 | F19: Invalid | G19: 72.8 | H19: 27.19 | I19: 13.15 | J19: 0.18 | K19: 166.34 | L19: 15.45 | M19: 63.14 | N19: 0.6 | O19: 0 | P19: 0.97 | Q19: 28.31
A20: 07/03/2025 03:00 | B20: 9.05 | C20: 19.76 | D20: 18.93 | E20: 8.51 | F20: Invalid | G20: 72.8 | H20: 27.19 | I20: 17.13 | J20: 0.16 | K20: 152.5 | L20: 15.6 | M20: 62.43 | N20: 0.6 | O20: 0 | P20: 0.99 | Q20: 28.3
... A104: 07/03/2025 24:00 | B104: 12.78 | C104: 12.7 | D104: 18.24 | E104: 8.86 | F104: Invalid | G104: 77.94 | H104: 23.47 | I104: 9.28 | J104: 0.17 | K104: 143.41 | L104: 20.19 | M104: 45.4 | N104: 0.6 | O104: 0 | P104: 0.74 | Q104: 28.08
A106: Min | B106: =MIN(B9:B104) -> 4.83 | C106: =MIN(C9:C104) -> 10.13 | D106: =MIN(D9:D104) -> 13.18 | E106: =MIN(E9:E104) -> 7.52 | F106: =MIN(F9:F104) -> 0 | G106: =MIN(G9:G104) -> 36.38 | H106: =MIN(H9:H104) -> 12.43 | I106: =MIN(I9:I104) -> 6.6 | ... Q106: =MIN(Q9:Q104) -> 27.97
A107: Max | B107: =MAX(B9:B104) -> 25.02 | C107: =MAX(C9:C104) -> 22.88 | D107: =MAX(D9:D104) -> 32.37 | E107: =MAX(E9:E104) -> 11.63 | F107: =MAX(F9:F104) -> 0 | G107: =MAX(G9:G104) -> 103.71 | H107: =MAX(H9:H104) -> 34.98 | I107: =MAX(I9:I104) -> 26.44 | ... Q107: =MAX(Q9:Q104) -> 28.93
A108: Avg | B108: =AVERAGE(B9:B104) -> 15.155104 | C108: =AVERAGE(C9:C104) -> 16.788646 | D108: =AVERAGE(D9:D104) -> 22.275938 | E108: =AVERAGE(E9:E104) -> 8.9660417 | F108: =AVERAGE(F9:F104) -> #DIV/0! | G108: =AVERAGE(G9:G104) -> 75.21625 | H108: =AVERAGE(H9:H104) -> 24.07625 | I108: =AVERAGE(I9:I104) -> 13.794375 | ... Q108: =AVERAGE(Q9:Q104) -> 28.32875
A109: Stdev | B109: =STDEV(B9:B104) -> 5.1189495 | C109: =STDEV(C9:C104) -> 3.7651383 | D109: =STDEV(D9:D104) -> 5.468627 | E109: =STDEV(E9:E104) -> 0.69157102 | F109: =STDEV(F9:F104) -> #DIV/0! | G109: =STDEV(G9:G104) -> 19.182285 | H109: =STDEV(H9:H104) -> 7.2213985 | I109: =STDEV(I9:I104) -> 6.5694907 | ... Q109: =STDEV(Q9:Q104) -> 0.31610208
A110: Num | B110: =COUNT(B9:B104) -> 96 | C110: =COUNT(C9:C104) -> 96 | D110: =COUNT(D9:D104) -> 96 | E110: =COUNT(E9:E104) -> 96 | F110: =COUNT(F9:F104) -> 0 | G110: =COUNT(G9:G104) -> 96 | H110: =COUNT(H9:H104) -> 96 | I110: =COUNT(I9:I104) -> 96 | ... Q110: =COUNT(Q9:Q104) -> 96
A111: DCR | B111: =IF(B110>=87,">90%",IF(B110<=87,"<90%")) -> >90% | C111: =IF(C110>=87,">90%",IF(C110<=87,"<90%")) -> >90% | D111: =IF(D110>=87,">90%",IF(D110<=87,"<90%")) -> >90% | E111: =IF(E110>=87,">90%",IF(E110<=87,"<90%")) -> >90% | F111: =IF(F110>=87,">90%",IF(F110<=87,"<90%")) -> <90% | G111: =IF(G110>=87,">90%",IF(G110<=87,"<90%")) -> >90% | H111: =IF(H110>=87,">90%",IF(H110<=87,"<90%")) -> >90% | I111: =IF(I110>=87,">90%",IF(I110<=87,"<90%")) -> >90% | ... Q111: =IF(Q110>=87,">90%",IF(Q110<=87,"<90%")) -> >90%
A112: Status | B112: =IF(B110>=87,"OK",IF(B110<=87,"LESS")) -> OK | C112: =IF(C110>=87,"OK",IF(C110<=87,"LESS")) -> OK | D112: =IF(D110>=87,"OK",IF(D110<=87,"LESS")) -> OK | E112: =IF(E110>=87,"OK",IF(E110<=87,"LESS")) -> OK | F112: =IF(F110>=87,"OK",IF(F110<=87,"LESS")) -> LESS | G112: =IF(G110>=87,"OK",IF(G110<=87,"LESS")) -> OK | H112: =IF(H110>=87,"OK",IF(H110<=87,"LESS")) -> OK | I112: =IF(I110>=87,"OK",IF(I110<=87,"LESS")) -> OK | ... Q112: =IF(Q110>=87,"OK",IF(Q110<=87,"LESS")) -> OK
A115: Done by | B115: AKASH
A117: Comment

Sheet 08
A1: Station: | B1: IGKV RAIPUR
A2: Date: | B2: =$A$9 -> 08/03/2025 00:15 | C2: Power Off | G2: Pw.Off | J2: Link Fail | L2: Link F | N2: Maintenance | P2: Maint.
A3: Report Type: | B3: Mean | C3: Calibration | G3: Calib. | J3: Data Fail | L3: Data F | N3: Invalid | P3: Invalid
A4: Time Base: | B4: 15 Min | C4: Zero Referrence | G4: Z.Ref | J4: Warm Up | L4: Wm. Up
A7: Date & Time | B7: NO | C7: NO2 | D7: NOX | E7: SO2 | F7: O3 | G7: PM 10 | H7: PM 2.5 | I7: BENZ | J7: WS | K7: WD | L7: TEMP | M7: HUM | N7: SR | O7: RG | P7: CO | Q7: NH3
B8: ug/m3 | C8: ug/m3 | D8: ppb | E8: ug/m3 | F8: ug/m3 | G8: ug/m3 | H8: ug/m3 | I8: ug/m3 | J8: m/sec | K8: deg | L8: degreC | M8: % | N8: w/m2 | O8: mm | P8: mg/m3 | Q8: ug/m3
A9: 08/03/2025 00:15 | B9: 5.37 | C9: 12.13 | D9: 11.99 | E9: 8.89 | F9: 0 | G9: 75.24 | H9: 21.82 | I9: 9.36 | J9: 0.18 | K9: 168.47 | L9: 20.09 | M9: 45.91 | N9: 0.6 | O9: 0 | P9: 0.75 | Q9: 28.04
A10: 08/03/2025 00:30 | B10: 4.26 | C10: 12.19 | D10: 11.13 | E10: 8.72 | F10: 0 | G10: 74.98 | H10: 21.82 | I10: 9.39 | J10: 0.14 | K10: 185.48 | L10: 19.92 | M10: 44.68 | N10: 0.6 | O10: 0 | P10: 0.76 | Q10: 28.05
A11: 08/03/2025 00:45 | B11: 4.42 | C11: 12.14 | D11: 11.24 | E11: 8.91 | F11: 0 | G11: 74.98 | H11: 21.82 | I11: 9.4 | J11: 0.17 | K11: 165.42 | L11: 20.13 | M11: 43.85 | N11: 0.4 | O11: 0 | P11: 0.76 | Q11: 28.04
A12: 08/03/2025 01:00 | B12: 4.02 | C12: 12.15 | D12: 10.92 | E12: 8.89 | F12: 0 | G12: 74.98 | H12: 21.82 | I12: 9.51 | J12: 0.18 | K12: 164.53 | L12: 19.73 | M12: 45.19 | N12: 0.8 | O12: 0 | P12: 0.76 | Q12: 28.05
A13: 08/03/2025 01:15 | B13: 3.84 | C13: 12 | D13: 10.7 | E13: 8.78 | F13: 0 | G13: 64.9 | H13: 24.48 | I13: 9.68 | J13: 0.17 | K13: 180.7 | L13: 19.65 | M13: 47.41 | N13: 0.7 | O13: 0 | P13: 0.77 | Q13: 28.04
A14: 08/03/2025 01:30 | B14: 4.34 | C14: 11.91 | D14: 11.06 | E14: 8.99 | F14: 0 | G14: 64.05 | H14: 24.48 | I14: 9.66 | J14: 0.24 | K14: 163.97 | L14: 19.53 | M14: 47.79 | N14: 0.6 | O14: 0 | P14: 0.77 | Q14: 28.02
A15: 08/03/2025 01:45 | B15: 2.45 | C15: 11.27 | D15: 9.2 | E15: 8.45 | F15: 0 | G15: 64.05 | H15: 24.48 | I15: 9.62 | J15: 0.24 | K15: 161.52 | L15: 19.47 | M15: 48.52 | N15: 0.6 | O15: 0 | P15: 0.77 | Q15: 28.02
A16: 08/03/2025 02:00 | B16: 2.25 | C16: 11.45 | D16: 9.14 | E16: 9.03 | F16: 0 | G16: 64.05 | H16: 24.48 | I16: 9.44 | J16: 0.24 | K16: 187.23 | L16: 19.09 | M16: 51.91 | N16: 0.8 | O16: 0 | P16: 0.77 | Q16: 28.02
A17: 08/03/2025 02:15 | B17: 2.18 | C17: 11.03 | D17: 8.86 | E17: 7.01 | F17: 0 | G17: 60.72 | H17: 26.66 | I17: 9.32 | J17: 0.22 | K17: 184.58 | L17: 18.6 | M17: 49.72 | N17: 0.9 | O17: 0 | P17: 0.77 | Q17: 28.02
A18: 08/03/2025 02:30 | B18: 2 | C18: 9.64 | D18: 7.99 | E18: 7.86 | F18: 0 | G18: 60.39 | H18: 26.66 | I18: 9.35 | J18: 0.27 | K18: 168.05 | L18: 18.53 | M18: 51.55 | N18: 0.7 | O18: 0 | P18: 0.78 | Q18: 28.04
A19: 08/03/2025 02:45 | B19: 3.39 | C19: 11.59 | D19: 10.13 | E19: 7.89 | F19: 0 | G19: 60.39 | H19: 26.66 | I19: 9.22 | J19: 0.24 | K19: 170.52 | L19: 18.36 | M19: 51.87 | N19: 0.8 | O19: 0 | P19: 0.78 | Q19: 28.04
A20: 08/03/2025 03:00 | B20: 2.53 | C20: 11.49 | D20: 9.38 | E20: 7.86 | F20: 0 | G20: 60.39 | H20: 26.66 | I20: 9.37 | J20: 0.26 | K20: 166.1 | L20: 18.16 | M20: 52.92 | N20: 0.8 | O20: 0 | P20: 0.78 | Q20: 28.04
... A104: 08/03/2025 24:00 | B104: 5.28 | C104: 23.83 | D104: 18.04 | E104: 8.49 | F104: 0 | G104: 113.27 | H104: 27.31 | I104: 8.21 | J104: 0.24 | K104: 146.54 | L104: 21.9 | M104: 50.88 | N104: 0.8 | O104: 0 | P104: 0.77 | Q104: 28.5
A106: Min | B106: =MIN(B9:B104) -> 2 | C106: =MIN(C9:C104) -> 5.8 | D106: =MIN(D9:D104) -> 5.98 | E106: =MIN(E9:E104) -> 7.01 | F106: =MIN(F9:F104) -> 0 | G106: =MIN(G9:G104) -> 37.69 | H106: =MIN(H9:H104) -> 12.78 | I106: =MIN(I9:I104) -> 5.6 | ... Q106: =MIN(Q9:Q104) -> 27.99
A107: Max | B107: =MAX(B9:B104) -> 11.13 | C107: =MAX(C9:C104) -> 23.83 | D107: =MAX(D9:D104) -> 20.36 | E107: =MAX(E9:E104) -> 16.72 | F107: =MAX(F9:F104) -> 0 | G107: =MAX(G9:G104) -> 115.12 | H107: =MAX(H9:H104) -> 46.09 | I107: =MAX(I9:I104) -> 13.01 | ... Q107: =MAX(Q9:Q104) -> 28.69
A108: Avg | B108: =AVERAGE(B9:B104) -> 4.4308333 | C108: =AVERAGE(C9:C104) -> 13.52625 | D108: =AVERAGE(D9:D104) -> 11.970729 | E108: =AVERAGE(E9:E104) -> 9.4219792 | F108: =AVERAGE(F9:F104) -> 0 | G108: =AVERAGE(G9:G104) -> 73.479896 | H108: =AVERAGE(H9:H104) -> 26.451667 | I108: =AVERAGE(I9:I104) -> 9.046875 | ... Q108: =AVERAGE(Q9:Q104) -> 28.146563
A109: Stdev | B109: =STDEV(B9:B104) -> 2.8442254 | C109: =STDEV(C9:C104) -> 4.070737 | D109: =STDEV(D9:D104) -> 3.9547603 | E109: =STDEV(E9:E104) -> 1.8042486 | F109: =STDEV(F9:F104) -> 0 | G109: =STDEV(G9:G104) -> 22.088572 | H109: =STDEV(H9:H104) -> 8.3986133 | I109: =STDEV(I9:I104) -> 2.0346609 | ... Q109: =STDEV(Q9:Q104) -> 0.20177543
A110: Num | B110: =COUNT(B9:B104) -> 96 | C110: =COUNT(C9:C104) -> 96 | D110: =COUNT(D9:D104) -> 96 | E110: =COUNT(E9:E104) -> 96 | F110: =COUNT(F9:F104) -> 96 | G110: =COUNT(G9:G104) -> 96 | H110: =COUNT(H9:H104) -> 96 | I110: =COUNT(I9:I104) -> 96 | ... Q110: =COUNT(Q9:Q104) -> 96
A111: DCR | B111: =IF(B110>=87,">90%",IF(B110<=87,"<90%")) -> >90% | C111: =IF(C110>=87,">90%",IF(C110<=87,"<90%")) -> >90% | D111: =IF(D110>=87,">90%",IF(D110<=87,"<90%")) -> >90% | E111: =IF(E110>=87,">90%",IF(E110<=87,"<90%")) -> >90% | F111: =IF(F110>=87,">90%",IF(F110<=87,"<90%")) -> >90% | G111: =IF(G110>=87,">90%",IF(G110<=87,"<90%")) -> >90% | H111: =IF(H110>=87,">90%",IF(H110<=87,"<90%")) -> >90% | I111: =IF(I110>=87,">90%",IF(I110<=87,"<90%")) -> >90% | ... Q111: =IF(Q110>=87,">90%",IF(Q110<=87,"<90%")) -> >90%
A112: Status | B112: =IF(B110>=87,"OK",IF(B110<=87,"LESS")) -> OK | C112: =IF(C110>=87,"OK",IF(C110<=87,"LESS")) -> OK | D112: =IF(D110>=87,"OK",IF(D110<=87,"LESS")) -> OK | E112: =IF(E110>=87,"OK",IF(E110<=87,"LESS")) -> OK | F112: =IF(F110>=87,"OK",IF(F110<=87,"LESS")) -> OK | G112: =IF(G110>=87,"OK",IF(G110<=87,"LESS")) -> OK | H112: =IF(H110>=87,"OK",IF(H110<=87,"LESS")) -> OK | I112: =IF(I110>=87,"OK",IF(I110<=87,"LESS")) -> OK | ... Q112: =IF(Q110>=87,"OK",IF(Q110<=87,"LESS")) -> OK
A115: Done by | B115: AKASH
A117: Comment

Sheet 09
A1: Station: | B1: IGKV RAIPUR
A2: Date: | B2: =$A$9 -> 09/03/2025 00:15 | C2: Power Off | G2: Pw.Off | J2: Link Fail | L2: Link F | N2: Maintenance | P2: Maint.
A3: Report Type: | B3: Mean | C3: Calibration | G3: Calib. | J3: Data Fail | L3: Data F | N3: Invalid | P3: Invalid
A4: Time Base: | B4: 15 Min | C4: Zero Referrence | G4: Z.Ref | J4: Warm Up | L4: Wm. Up
A7: Date & Time | B7: NO | C7: NO2 | D7: NOX | E7: SO2 | F7: O3 | G7: PM 10 | H7: PM 2.5 | I7: BENZ | J7: WS | K7: WD | L7: TEMP | M7: HUM | N7: SR | O7: RG | P7: CO | Q7: NH3
B8: ug/m3 | C8: ug/m3 | D8: ppb | E8: ug/m3 | F8: ug/m3 | G8: ug/m3 | H8: ug/m3 | I8: ug/m3 | J8: m/sec | K8: deg | L8: degreC | M8: % | N8: w/m2 | O8: mm | P8: mg/m3 | Q8: ug/m3
A9: 09/03/2025 00:15 | B9: 17.7 | C9: 25.05 | D9: 28.63 | E9: 8.86 | F9: Invalid | G9: 134.48 | H9: 36.5 | I9: 8.35 | J9: 0.24 | K9: 179.62 | L9: 21.45 | M9: 54.1 | N9: 1 | O9: 0 | P9: 0.78 | Q9: 28.58
A10: 09/03/2025 00:30 | B10: 18.56 | C10: 25.15 | D10: 29.38 | E10: 8.54 | F10: Invalid | G10: 136.26 | H10: 36.5 | I10: 8.44 | J10: 0.13 | K10: 186.64 | L10: 20.99 | M10: 52.06 | N10: 0.9 | O10: 0 | P10: 0.8 | Q10: 28.63
A11: 09/03/2025 00:45 | B11: 18.67 | C11: 24.89 | D11: 29.33 | E11: 8.58 | F11: Invalid | G11: 136.26 | H11: 36.5 | I11: 8.51 | J11: 0.24 | K11: 180.88 | L11: 20.92 | M11: 53.09 | N11: 0.9 | O11: 0 | P11: 0.81 | Q11: 28.65
A12: 09/03/2025 01:00 | B12: 18.64 | C12: 24.5 | D12: 29.09 | E12: 8.47 | F12: Invalid | G12: 136.26 | H12: 36.5 | I12: 8.6 | J12: 0.18 | K12: 185.39 | L12: 20.04 | M12: 57.23 | N12: 1.3 | O12: 0 | P12: 0.81 | Q12: 28.62
A13: 09/03/2025 01:15 | B13: 18.39 | C13: 24.03 | D13: 28.66 | E13: 8.63 | F13: Invalid | G13: 116.79 | H13: 34.85 | I13: 8.63 | J13: 0.16 | K13: 23.06 | L13: 20.12 | M13: 54.15 | N13: 0.6 | O13: 0 | P13: 0.82 | Q13: 28.61
A14: 09/03/2025 01:30 | B14: 18.5 | C14: 23.67 | D14: 28.55 | E14: 8.55 | F14: Invalid | G14: 115.15 | H14: 34.85 | I14: 8.66 | J14: 0.71 | K14: 26.38 | L14: 22.21 | M14: 40.01 | N14: 0 | O14: 0 | P14: 0.82 | Q14: 28.61
A15: 09/03/2025 01:45 | B15: 19 | C15: 23.92 | D15: 29.08 | E15: 8.8 | F15: Invalid | G15: 115.15 | H15: 34.85 | I15: 8.69 | J15: 0.32 | K15: 72.85 | L15: 22.89 | M15: 36.78 | N15: 0.6 | O15: 0 | P15: 0.83 | Q15: 28.62
A16: 09/03/2025 02:00 | B16: 19.56 | C16: 23.6 | D16: 29.36 | E16: 8.76 | F16: Invalid | G16: 115.15 | H16: 34.85 | I16: 8.74 | J16: 0.18 | K16: 123.42 | L16: 22.28 | M16: 40.05 | N16: 1.2 | O16: 0 | P16: 0.83 | Q16: 28.62
A17: 09/03/2025 02:15 | B17: 19.58 | C17: 23.73 | D17: 29.46 | E17: 6.88 | F17: Invalid | G17: 100.84 | H17: 33.82 | I17: 8.81 | J17: 0.25 | K17: 85.55 | L17: 22.06 | M17: 38.55 | N17: 0.9 | O17: 0 | P17: 0.84 | Q17: 28.61
A18: 09/03/2025 02:30 | B18: 19.52 | C18: 23.77 | D18: 29.43 | E18: 8.31 | F18: Invalid | G18: 99.45 | H18: 33.82 | I18: 8.83 | J18: 0.09 | K18: 187.81 | L18: 21.91 | M18: 41.6 | N18: 1 | O18: 0 | P18: 0.84 | Q18: 28.66
A19: 09/03/2025 02:45 | B19: 20.5 | C19: 22.95 | D19: 29.78 | E19: 7.98 | F19: Invalid | G19: 99.45 | H19: 33.82 | I19: 8.87 | J19: 0.17 | K19: 178.99 | L19: 20.73 | M19: 49.61 | N19: 1.6 | O19: 0 | P19: 0.84 | Q19: 28.64
A20: 09/03/2025 03:00 | B20: 22.31 | C20: 21.18 | D20: 30.31 | E20: 7.99 | F20: Invalid | G20: 99.45 | H20: 33.82 | I20: 8.92 | J20: 0.21 | K20: 185.97 | L20: 20.19 | M20: 49.37 | N20: 1.2 | O20: 0 | P20: 0.84 | Q20: 28.64
... A104: 09/03/2025 24:00 | B104: 5.7 | C104: 21.63 | D104: 17.23 | E104: 8.66 | F104: Invalid | G104: 92.51 | H104: 31.5 | I104: 8.11 | J104: 0.71 | K104: 69.23 | L104: 26.18 | M104: 34.52 | N104: 0.1 | O104: 0 | P104: 0.78 | Q104: 28.08
A106: Min | B106: =MIN(B9:B104) -> 4.24 | C106: =MIN(C9:C104) -> 13.23 | D106: =MIN(D9:D104) -> 13.99 | E106: =MIN(E9:E104) -> 6.88 | F106: =MIN(F9:F104) -> 0 | G106: =MIN(G9:G104) -> 47.91 | H106: =MIN(H9:H104) -> 22.58 | I106: =MIN(I9:I104) -> 6.93 | ... Q106: =MIN(Q9:Q104) -> 27.98
A107: Max | B107: =MAX(B9:B104) -> 27.13 | C107: =MAX(C9:C104) -> 30.97 | D107: =MAX(D9:D104) -> 35.1 | E107: =MAX(E9:E104) -> 26.6 | F107: =MAX(F9:F104) -> 0 | G107: =MAX(G9:G104) -> 136.26 | H107: =MAX(H9:H104) -> 44.59 | I107: =MAX(I9:I104) -> 11.64 | ... Q107: =MAX(Q9:Q104) -> 28.96
A108: Avg | B108: =AVERAGE(B9:B104) -> 12.339583 | C108: =AVERAGE(C9:C104) -> 22.587917 | D108: =AVERAGE(D9:D104) -> 23.048333 | E108: =AVERAGE(E9:E104) -> 9.9853125 | F108: =AVERAGE(F9:F104) -> #DIV/0! | G108: =AVERAGE(G9:G104) -> 92.290417 | H108: =AVERAGE(H9:H104) -> 33.09 | I108: =AVERAGE(I9:I104) -> 8.9134375 | ... Q108: =AVERAGE(Q9:Q104) -> 28.306771
A109: Stdev | B109: =STDEV(B9:B104) -> 7.9937623 | C109: =STDEV(C9:C104) -> 3.7680094 | D109: =STDEV(D9:D104) -> 6.6845953 | E109: =STDEV(E9:E104) -> 2.9291759 | F109: =STDEV(F9:F104) -> #DIV/0! | G109: =STDEV(G9:G104) -> 23.900946 | H109: =STDEV(H9:H104) -> 5.4570314 | I109: =STDEV(I9:I104) -> 1.2448199 | ... Q109: =STDEV(Q9:Q104) -> 0.33396342
A110: Num | B110: =COUNT(B9:B104) -> 96 | C110: =COUNT(C9:C104) -> 96 | D110: =COUNT(D9:D104) -> 96 | E110: =COUNT(E9:E104) -> 96 | F110: =COUNT(F9:F104) -> 0 | G110: =COUNT(G9:G104) -> 96 | H110: =COUNT(H9:H104) -> 96 | I110: =COUNT(I9:I104) -> 96 | ... Q110: =COUNT(Q9:Q104) -> 96
A111: DCR | B111: =IF(B110>=87,">90%",IF(B110<=87,"<90%")) -> >90% | C111: =IF(C110>=87,">90%",IF(C110<=87,"<90%")) -> >90% | D111: =IF(D110>=87,">90%",IF(D110<=87,"<90%")) -> >90% | E111: =IF(E110>=87,">90%",IF(E110<=87,"<90%")) -> >90% | F111: =IF(F110>=87,">90%",IF(F110<=87,"<90%")) -> <90% | G111: =IF(G110>=87,">90%",IF(G110<=87,"<90%")) -> >90% | H111: =IF(H110>=87,">90%",IF(H110<=87,"<90%")) -> >90% | I111: =IF(I110>=87,">90%",IF(I110<=87,"<90%")) -> >90% | ... Q111: =IF(Q110>=87,">90%",IF(Q110<=87,"<90%")) -> >90%
A112: Status | B112: =IF(B110>=87,"OK",IF(B110<=87,"LESS")) -> OK | C112: =IF(C110>=87,"OK",IF(C110<=87,"LESS")) -> OK | D112: =IF(D110>=87,"OK",IF(D110<=87,"LESS")) -> OK | E112: =IF(E110>=87,"OK",IF(E110<=87,"LESS")) -> OK | F112: =IF(F110>=87,"OK",IF(F110<=87,"LESS")) -> LESS | G112: =IF(G110>=87,"OK",IF(G110<=87,"LESS")) -> OK | H112: =IF(H110>=87,"OK",IF(H110<=87,"LESS")) -> OK | I112: =IF(I110>=87,"OK",IF(I110<=87,"LESS")) -> OK | ... Q112: =IF(Q110>=87,"OK",IF(Q110<=87,"LESS")) -> OK
A115: Done by | B115: AKASH
A117: Comment

Sheet 10
A1: Station: | B1: IGKV RAIPUR
A2: Date: | B2: =$A$9 -> 10/03/2025 00:15 | C2: Power Off | G2: Pw.Off | J2: Link Fail | L2: Link F | N2: Maintenance | P2: Maint.
A3: Report Type: | B3: Mean | C3: Calibration | G3: Calib. | J3: Data Fail | L3: Data F | N3: Invalid | P3: Invalid
A4: Time Base: | B4: 15 Min | C4: Zero Referrence | G4: Z.Ref | J4: Warm Up | L4: Wm. Up
A7: Date & Time | B7: NO | C7: NO2 | D7: NOX | E7: SO2 | F7: O3 | G7: PM 10 | H7: PM 2.5 | I7: BENZ | J7: WS | K7: WD | L7: TEMP | M7: HUM | N7: SR | O7: RG | P7: CO | Q7: NH3
B8: ug/m3 | C8: ug/m3 | D8: ppb | E8: ug/m3 | F8: ug/m3 | G8: ug/m3 | H8: ug/m3 | I8: ug/m3 | J8: m/sec | K8: deg | L8: degreC | M8: % | N8: w/m2 | O8: mm | P8: mg/m3 | Q8: ug/m3
A9: 10/03/2025 00:15 | B9: 5.35 | C9: 21.39 | D9: 16.81 | E9: 8.64 | F9: Invalid | G9: 88.68 | H9: 35.09 | I9: 8.14 | J9: 0.71 | K9: 58.25 | L9: 26.07 | M9: 35.32 | N9: 0.6 | O9: 0 | P9: 0.77 | Q9: 28.06
A10: 10/03/2025 00:30 | B10: 5.59 | C10: 21.58 | D10: 17.11 | E10: 8.19 | F10: Invalid | G10: 88.36 | H10: 35.09 | I10: 8.14 | J10: 0.55 | K10: 54.35 | L10: 25.64 | M10: 37.77 | N10: 1 | O10: 0 | P10: 0.78 | Q10: 28.07
A11: 10/03/2025 00:45 | B11: 5.93 | C11: 22.55 | D11: 17.89 | E11: 8.32 | F11: Invalid | G11: 88.36 | H11: 35.09 | I11: 8.13 | J11: 0.52 | K11: 31.63 | L11: 25.28 | M11: 39.17 | N11: 0.9 | O11: 0 | P11: 0.78 | Q11: 28.06
A12: 10/03/2025 01:00 | B12: 5.9 | C12: 22.8 | D12: 18 | E12: 8.2 | F12: Invalid | G12: 88.36 | H12: 35.09 | I12: 8.27 | J12: 0.49 | K12: 35.16 | L12: 24.81 | M12: 40.56 | N12: 1.2 | O12: 0 | P12: 0.77 | Q12: 28.09
A13: 10/03/2025 01:15 | B13: 5.58 | C13: 23.25 | D13: 17.97 | E13: 8.35 | F13: Invalid | G13: 91.17 | H13: 37.44 | I13: 8.46 | J13: 0.42 | K13: 19.94 | L13: 24.28 | M13: 42.3 | N13: 1.3 | O13: 0 | P13: 0.75 | Q13: 28.1
A14: 10/03/2025 01:30 | B14: 5.68 | C14: 23.45 | D14: 18.16 | E14: 7.88 | F14: Invalid | G14: 91.4 | H14: 37.44 | I14: 8.44 | J14: 0.7 | K14: 29.78 | L14: 23.88 | M14: 41.24 | N14: 1 | O14: 0 | P14: 0.76 | Q14: 28.09
A15: 10/03/2025 01:45 | B15: 5.99 | C15: 23.22 | D15: 18.29 | E15: 8.39 | F15: Invalid | G15: 91.4 | H15: 37.44 | I15: 8.45 | J15: 0.77 | K15: 40.37 | L15: 24.03 | M15: 39.84 | N15: 0.8 | O15: 0 | P15: 0.77 | Q15: 28.08
A16: 10/03/2025 02:00 | B16: 5.77 | C16: 23.29 | D16: 18.14 | E16: 8.67 | F16: Invalid | G16: 91.4 | H16: 37.44 | I16: 8.38 | J16: 0.78 | K16: 54.05 | L16: 24.02 | M16: 39.27 | N16: 0.7 | O16: 0 | P16: 0.78 | Q16: 28.09
A17: 10/03/2025 02:15 | B17: 5.39 | C17: 24.1 | D17: 18.27 | E17: 8.15 | F17: Invalid | G17: 101.68 | H17: 36.06 | I17: 8.29 | J17: 0.69 | K17: 39.08 | L17: 24.23 | M17: 37.46 | N17: 0.5 | O17: 0 | P17: 0.78 | Q17: 28.08
A18: 10/03/2025 02:30 | B18: 5.3 | C18: 24.2 | D18: 18.25 | E18: 10.54 | F18: Invalid | G18: 102.68 | H18: 36.06 | I18: 8.32 | J18: 0.64 | K18: 43.09 | L18: 24.26 | M18: 36.54 | N18: 0.7 | O18: 0 | P18: 0.78 | Q18: 28.07
A19: 10/03/2025 02:45 | B19: 5.14 | C19: 24.16 | D19: 18.1 | E19: 10.3 | F19: Invalid | G19: 102.68 | H19: 36.06 | I19: 8.32 | J19: 0.18 | K19: 56.96 | L19: 24 | M19: 38.07 | N19: 1.2 | O19: 0 | P19: 0.78 | Q19: 28.08
A20: 10/03/2025 03:00 | B20: 4.99 | C20: 24.08 | D20: 17.93 | E20: 9.97 | F20: Invalid | G20: 102.68 | H20: 36.06 | I20: 8.3 | J20: 0.22 | K20: 165.61 | L20: 23.23 | M20: 43.33 | N20: 1.5 | O20: 0 | P20: 0.78 | Q20: 28.07
... A104: 10/03/2025 24:00 | B104: 22.16 | C104: 30.85 | D104: 35.24 | E104: 9.16 | F104: Invalid | G104: 146.85 | H104: 46.09 | I104: 17.87 | J104: 0.18 | K104: 225.23 | L104: 22.85 | M104: 50.73 | N104: 1.2 | O104: 0 | P104: 1.37 | Q104: 28.74
A106: Min | B106: =MIN(B9:B104) -> 3.57 | C106: =MIN(C9:C104) -> 15.22 | D106: =MIN(D9:D104) -> 12.25 | E106: =MIN(E9:E104) -> 7.88 | F106: =MIN(F9:F104) -> 0 | G106: =MIN(G9:G104) -> 58.4 | H106: =MIN(H9:H104) -> 28.7 | I106: =MIN(I9:I104) -> 5.41 | ... Q106: =MIN(Q9:Q104) -> 27.99
A107: Max | B107: =MAX(B9:B104) -> 26.09 | C107: =MAX(C9:C104) -> 35.95 | D107: =MAX(D9:D104) -> 38.2 | E107: =MAX(E9:E104) -> 38.95 | F107: =MAX(F9:F104) -> 0 | G107: =MAX(G9:G104) -> 170.06 | H107: =MAX(H9:H104) -> 51.79 | I107: =MAX(I9:I104) -> 21.97 | ... Q107: =MAX(Q9:Q104) -> 28.87
A108: Avg | B108: =AVERAGE(B9:B104) -> 9.5533333 | C108: =AVERAGE(C9:C104) -> 25.761979 | D108: =AVERAGE(D9:D104) -> 22.480625 | E108: =AVERAGE(E9:E104) -> 12.613333 | F108: =AVERAGE(F9:F104) -> #DIV/0! | G108: =AVERAGE(G9:G104) -> 107.66188 | H108: =AVERAGE(H9:H104) -> 37.654583 | I108: =AVERAGE(I9:I104) -> 11.364687 | ... Q108: =AVERAGE(Q9:Q104) -> 28.223229
A109: Stdev | B109: =STDEV(B9:B104) -> 6.3321382 | C109: =STDEV(C9:C104) -> 4.8016808 | D109: =STDEV(D9:D104) -> 6.4183292 | E109: =STDEV(E9:E104) -> 5.344147 | F109: =STDEV(F9:F104) -> #DIV/0! | G109: =STDEV(G9:G104) -> 27.63042 | H109: =STDEV(H9:H104) -> 5.2096437 | I109: =STDEV(I9:I104) -> 4.0045485 | ... Q109: =STDEV(Q9:Q104) -> 0.24059354
A110: Num | B110: =COUNT(B9:B104) -> 96 | C110: =COUNT(C9:C104) -> 96 | D110: =COUNT(D9:D104) -> 96 | E110: =COUNT(E9:E104) -> 96 | F110: =COUNT(F9:F104) -> 0 | G110: =COUNT(G9:G104) -> 96 | H110: =COUNT(H9:H104) -> 96 | I110: =COUNT(I9:I104) -> 96 | ... Q110: =COUNT(Q9:Q104) -> 96
A111: DCR | B111: =IF(B110>=87,">90%",IF(B110<=87,"<90%")) -> >90% | C111: =IF(C110>=87,">90%",IF(C110<=87,"<90%")) -> >90% | D111: =IF(D110>=87,">90%",IF(D110<=87,"<90%")) -> >90% | E111: =IF(E110>=87,">90%",IF(E110<=87,"<90%")) -> >90% | F111: =IF(F110>=87,">90%",IF(F110<=87,"<90%")) -> <90% | G111: =IF(G110>=87,">90%",IF(G110<=87,"<90%")) -> >90% | H111: =IF(H110>=87,">90%",IF(H110<=87,"<90%")) -> >90% | I111: =IF(I110>=87,">90%",IF(I110<=87,"<90%")) -> >90% | ... Q111: =IF(Q110>=87,">90%",IF(Q110<=87,"<90%")) -> >90%
A112: Status | B112: =IF(B110>=87,"OK",IF(B110<=87,"LESS")) -> OK | C112: =IF(C110>=87,"OK",IF(C110<=87,"LESS")) -> OK | D112: =IF(D110>=87,"OK",IF(D110<=87,"LESS")) -> OK | E112: =IF(E110>=87,"OK",IF(E110<=87,"LESS")) -> OK | F112: =IF(F110>=87,"OK",IF(F110<=87,"LESS")) -> LESS | G112: =IF(G110>=87,"OK",IF(G110<=87,"LESS")) -> OK | H112: =IF(H110>=87,"OK",IF(H110<=87,"LESS")) -> OK | I112: =IF(I110>=87,"OK",IF(I110<=87,"LESS")) -> OK | ... Q112: =IF(Q110>=87,"OK",IF(Q110<=87,"LESS")) -> OK
A115: Done by | B115: AKASH
A117: Comment

Sheet 11
A1: Station: | B1: IGKV RAIPUR
A2: Date: | B2: =$A$9 -> 11/03/2025 00:15 | C2: Power Off | G2: Pw.Off | J2: Link Fail | L2: Link F | N2: Maintenance | P2: Maint.
A3: Report Type: | B3: Mean | C3: Calibration | G3: Calib. | J3: Data Fail | L3: Data F | N3: Invalid | P3: Invalid
A4: Time Base: | B4: 15 Min | C4: Zero Referrence | G4: Z.Ref | J4: Warm Up | L4: Wm. Up
A7: Date & Time | B7: NO | C7: NO2 | D7: NOX | E7: SO2 | F7: O3 | G7: PM 10 | H7: PM 2.5 | I7: BENZ | J7: WS | K7: WD | L7: TEMP | M7: HUM | N7: SR | O7: RG | P7: CO | Q7: NH3
B8: ug/m3 | C8: ug/m3 | D8: ppb | E8: ug/m3 | F8: ug/m3 | G8: ug/m3 | H8: ug/m3 | I8: ug/m3 | J8: m/sec | K8: deg | L8: degreC | M8: % | N8: w/m2 | O8: mm | P8: mg/m3 | Q8: ug/m3
A9: 11/03/2025 00:15 | B9: 20.43 | C9: 30.48 | D9: 33.66 | E9: 9.04 | F9: Invalid | G9: 127.06 | H9: 47.79 | I9: 17.71 | J9: 0.2 | K9: 153.22 | L9: 22.58 | M9: 53.06 | N9: 1 | O9: 0 | P9: 1.35 | Q9: 28.69
A10: 11/03/2025 00:30 | B10: 19.62 | C10: 29.66 | D10: 32.59 | E10: 8.89 | F10: Invalid | G10: 125.39 | H10: 47.79 | I10: 17.58 | J10: 0.24 | K10: 168.76 | L10: 22.61 | M10: 52.78 | N10: 0.7 | O10: 0 | P10: 1.32 | Q10: 28.64
A11: 11/03/2025 00:45 | B11: 18.69 | C11: 29.09 | D11: 31.53 | E11: 8.67 | F11: Invalid | G11: 125.39 | H11: 47.79 | I11: 17.44 | J11: 0.19 | K11: 170.18 | L11: 22.5 | M11: 51.28 | N11: 0.6 | O11: 0 | P11: 1.3 | Q11: 28.61
A12: 11/03/2025 01:00 | B12: 17.7 | C12: 28.82 | D12: 30.6 | E12: 8.98 | F12: Invalid | G12: 125.39 | H12: 47.79 | I12: 17.26 | J12: 0.23 | K12: 163.74 | L12: 22.34 | M12: 54.03 | N12: 0.8 | O12: 0 | P12: 1.29 | Q12: 28.58
A13: 11/03/2025 01:15 | B13: 17.08 | C13: 28.42 | D13: 29.9 | E13: 8.75 | F13: Invalid | G13: 127.21 | H13: 48.18 | I13: 17.04 | J13: 0.21 | K13: 104.71 | L13: 22.37 | M13: 51.45 | N13: 0.5 | O13: 0 | P13: 1.26 | Q13: 28.55
A14: 11/03/2025 01:30 | B14: 16.72 | C14: 28.26 | D14: 29.53 | E14: 8.83 | F14: Invalid | G14: 127.36 | H14: 48.18 | I14: 16.83 | J14: 0.25 | K14: 133.41 | L14: 22.78 | M14: 49.67 | N14: 0.7 | O14: 0 | P14: 1.24 | Q14: 28.56
A15: 11/03/2025 01:45 | B15: 16.49 | C15: 27.97 | D15: 29.18 | E15: 8.6 | F15: Invalid | G15: 127.36 | H15: 48.18 | I15: 16.69 | J15: 0.26 | K15: 168.79 | L15: 21.96 | M15: 52.11 | N15: 1 | O15: 0 | P15: 1.24 | Q15: 28.54
A16: 11/03/2025 02:00 | B16: 16.4 | C16: 27.53 | D16: 28.89 | E16: 8.3 | F16: Invalid | G16: 127.36 | H16: 48.18 | I16: 16.58 | J16: 0.2 | K16: 173.39 | L16: 21.67 | M16: 51.45 | N16: 0.9 | O16: 0 | P16: 1.22 | Q16: 28.52
A17: 11/03/2025 02:15 | B17: 16.18 | C17: 27.08 | D17: 28.48 | E17: 6.94 | F17: Invalid | G17: 105.52 | H17: 44.42 | I17: 16.46 | J17: 0.23 | K17: 72.61 | L17: 22 | M17: 44.69 | N17: 0.4 | O17: 0 | P17: 1.2 | Q17: 28.53
A18: 11/03/2025 02:30 | B18: 16.33 | C18: 26.77 | D18: 28.43 | E18: 7.91 | F18: Invalid | G18: 103.39 | H18: 44.42 | I18: 16.33 | J18: 0.54 | K18: 65.79 | L18: 23.29 | M18: 36.73 | N18: 0.2 | O18: 0 | P18: 1.19 | Q18: 28.51
A19: 11/03/2025 02:45 | B19: 16.3 | C19: 26.38 | D19: 28.2 | E19: 8.16 | F19: Invalid | G19: 103.39 | H19: 44.42 | I19: 16.27 | J19: 0.28 | K19: 19.28 | L19: 23.13 | M19: 37.68 | N19: 0.5 | O19: 0 | P19: 1.18 | Q19: 28.49
A20: 11/03/2025 03:00 | B20: 16.26 | C20: 25.92 | D20: 27.94 | E20: 8.3 | F20: Invalid | G20: 103.39 | H20: 44.42 | I20: 16.3 | J20: 0.4 | K20: 30.31 | L20: 22.92 | M20: 38.02 | N20: 0.6 | O20: 0 | P20: 1.15 | Q20: 28.49
... A104: 11/03/2025 24:00 | B104: 12.89 | C104: 18.76 | D104: 21.49 | E104: 8.89 | F104: Invalid | G104: 79.53 | H104: 24.8 | I104: 10.75 | J104: 0.22 | K104: 166.42 | L104: 21.9 | M104: 53.48 | N104: 0.9 | O104: 0 | P104: 0.8 | Q104: 28.36
A106: Min | B106: =MIN(B9:B104) -> 4.47 | C106: =MIN(C9:C104) -> 18.64 | D106: =MIN(D9:D104) -> 15.3 | E106: =MIN(E9:E104) -> 6.94 | F106: =MIN(F9:F104) -> 0 | G106: =MIN(G9:G104) -> 37.1 | H106: =MIN(H9:H104) -> 13.96 | I106: =MIN(I9:I104) -> 6.12 | ... Q106: =MIN(Q9:Q104) -> 28.04
A107: Max | B107: =MAX(B9:B104) -> 20.95 | C107: =MAX(C9:C104) -> 30.48 | D107: =MAX(D9:D104) -> 33.66 | E107: =MAX(E9:E104) -> 20.71 | F107: =MAX(F9:F104) -> 0 | G107: =MAX(G9:G104) -> 127.36 | H107: =MAX(H9:H104) -> 48.18 | I107: =MAX(I9:I104) -> 17.71 | ... Q107: =MAX(Q9:Q104) -> 28.69
A108: Avg | B108: =AVERAGE(B9:B104) -> 11.424479 | C108: =AVERAGE(C9:C104) -> 24.017813 | D108: =AVERAGE(D9:D104) -> 23.060521 | E108: =AVERAGE(E9:E104) -> 10.144271 | F108: =AVERAGE(F9:F104) -> #DIV/0! | G108: =AVERAGE(G9:G104) -> 72.425938 | H108: =AVERAGE(H9:H104) -> 26.949583 | I108: =AVERAGE(I9:I104) -> 11.631875 | ... Q108: =AVERAGE(Q9:Q104) -> 28.290312
A109: Stdev | B109: =STDEV(B9:B104) -> 4.7548247 | C109: =STDEV(C9:C104) -> 3.2283364 | D109: =STDEV(D9:D104) -> 4.4083427 | E109: =STDEV(E9:E104) -> 3.072168 | F109: =STDEV(F9:F104) -> #DIV/0! | G109: =STDEV(G9:G104) -> 23.168432 | H109: =STDEV(H9:H104) -> 8.9317475 | I109: =STDEV(I9:I104) -> 3.3682037 | ... Q109: =STDEV(Q9:Q104) -> 0.19548834
A110: Num | B110: =COUNT(B9:B104) -> 96 | C110: =COUNT(C9:C104) -> 96 | D110: =COUNT(D9:D104) -> 96 | E110: =COUNT(E9:E104) -> 96 | F110: =COUNT(F9:F104) -> 0 | G110: =COUNT(G9:G104) -> 96 | H110: =COUNT(H9:H104) -> 96 | I110: =COUNT(I9:I104) -> 96 | ... Q110: =COUNT(Q9:Q104) -> 96
A111: DCR | B111: =IF(B110>=87,">90%",IF(B110<=87,"<90%")) -> >90% | C111: =IF(C110>=87,">90%",IF(C110<=87,"<90%")) -> >90% | D111: =IF(D110>=87,">90%",IF(D110<=87,"<90%")) -> >90% | E111: =IF(E110>=87,">90%",IF(E110<=87,"<90%")) -> >90% | F111: =IF(F110>=87,">90%",IF(F110<=87,"<90%")) -> <90% | G111: =IF(G110>=87,">90%",IF(G110<=87,"<90%")) -> >90% | H111: =IF(H110>=87,">90%",IF(H110<=87,"<90%")) -> >90% | I111: =IF(I110>=87,">90%",IF(I110<=87,"<90%")) -> >90% | ... Q111: =IF(Q110>=87,">90%",IF(Q110<=87,"<90%")) -> >90%
A112: Status | B112: =IF(B110>=87,"OK",IF(B110<=87,"LESS")) -> OK | C112: =IF(C110>=87,"OK",IF(C110<=87,"LESS")) -> OK | D112: =IF(D110>=87,"OK",IF(D110<=87,"LESS")) -> OK | E112: =IF(E110>=87,"OK",IF(E110<=87,"LESS")) -> OK | F112: =IF(F110>=87,"OK",IF(F110<=87,"LESS")) -> LESS | G112: =IF(G110>=87,"OK",IF(G110<=87,"LESS")) -> OK | H112: =IF(H110>=87,"OK",IF(H110<=87,"LESS")) -> OK | I112: =IF(I110>=87,"OK",IF(I110<=87,"LESS")) -> OK | ... Q112: =IF(Q110>=87,"OK",IF(Q110<=87,"LESS")) -> OK
A115: Done by | B115: AKASH
A117: Comment

Sheet 12
A1: Station: | B1: IGKV RAIPUR
A2: Date: | B2: =$A$9 -> 12/03/2025 00:15 | C2: Power Off | G2: Pw.Off | J2: Link Fail | L2: Link F | N2: Maintenance | P2: Maint.
A3: Report Type: | B3: Mean | C3: Calibration | G3: Calib. | J3: Data Fail | L3: Data F | N3: Invalid | P3: Invalid
A4: Time Base: | B4: 15 Min | C4: Zero Referrence | G4: Z.Ref | J4: Warm Up | L4: Wm. Up
A7: Date & Time | B7: NO | C7: NO2 | D7: NOX | E7: SO2 | F7: O3 | G7: PM 10 | H7: PM 2.5 | I7: BENZ | J7: WS | K7: WD | L7: TEMP | M7: HUM | N7: SR | O7: RG | P7: CO | Q7: NH3
B8: ug/m3 | C8: ug/m3 | D8: ppb | E8: ug/m3 | F8: ug/m3 | G8: ug/m3 | H8: ug/m3 | I8: ug/m3 | J8: m/sec | K8: deg | L8: degreC | M8: % | N8: w/m2 | O8: mm | P8: mg/m3 | Q8: ug/m3
A9: 12/03/2025 00:15 | B9: 13.17 | C9: 18.62 | D9: 21.64 | E9: 9.27 | F9: Invalid | G9: 77.63 | H9: 26.41 | I9: 10.8 | J9: 0.25 | K9: 213.21 | L9: 21.59 | M9: 55.77 | N9: 0.9 | O9: 0 | P9: 0.81 | Q9: 28.36
A10: 12/03/2025 00:30 | B10: 13.53 | C10: 18.68 | D10: 21.96 | E10: 8.98 | F10: Invalid | G10: 77.47 | H10: 26.41 | I10: 10.84 | J10: 0.23 | K10: 201.34 | L10: 21.48 | M10: 53.27 | N10: 0.8 | O10: 0 | P10: 0.82 | Q10: 28.39
A11: 12/03/2025 00:45 | B11: 13.75 | C11: 18.65 | D11: 22.12 | E11: 9.4 | F11: Invalid | G11: 77.47 | H11: 26.41 | I11: 10.91 | J11: 0.1 | K11: 185.49 | L11: 21.54 | M11: 51.62 | N11: 0.6 | O11: 0 | P11: 0.83 | Q11: 28.38
A12: 12/03/2025 01:00 | B12: 13.81 | C12: 18.59 | D12: 22.14 | E12: 8.93 | F12: Invalid | G12: 77.47 | H12: 26.41 | I12: 10.98 | J12: 0.13 | K12: 201.26 | L12: 21.78 | M12: 52.93 | N12: 0.4 | O12: 0 | P12: 0.84 | Q12: 28.37
A13: 12/03/2025 01:15 | B13: 13.99 | C13: 18.43 | D13: 22.2 | E13: 9 | F13: Invalid | G13: 79.58 | H13: 26.77 | I13: 11.07 | J13: 0.23 | K13: 191.02 | L13: 21.51 | M13: 54.19 | N13: 0.7 | O13: 0 | P13: 0.85 | Q13: 28.38
A14: 12/03/2025 01:30 | B14: 14.03 | C14: 18.53 | D14: 22.28 | E14: 9.12 | F14: Invalid | G14: 79.79 | H14: 26.77 | I14: 11.16 | J14: 0.13 | K14: 148.42 | L14: 21.4 | M14: 52.2 | N14: 0.9 | O14: 0 | P14: 0.85 | Q14: 28.38
A15: 12/03/2025 01:45 | B15: 13.94 | C15: 18.41 | D15: 22.15 | E15: 8.81 | F15: Invalid | G15: 79.79 | H15: 26.77 | I15: 11.23 | J15: 0.06 | K15: 83.5 | L15: 21.25 | M15: 52.2 | N15: 0.6 | O15: 0 | P15: 0.86 | Q15: 28.39
A16: 12/03/2025 02:00 | B16: 13.85 | C16: 18.28 | D16: 22.01 | E16: 9.2 | F16: Invalid | G16: 79.79 | H16: 26.77 | I16: 11.26 | J16: 0.13 | K16: 185.47 | L16: 21.47 | M16: 50.42 | N16: 0.6 | O16: 0 | P16: 0.87 | Q16: 28.37
A17: 12/03/2025 02:15 | B17: 13.42 | C17: 18.25 | D17: 21.64 | E17: 7.53 | F17: Invalid | G17: 74.15 | H17: 28.43 | I17: 11.3 | J17: 0.16 | K17: 175.75 | L17: 21.34 | M17: 53.53 | N17: 0.7 | O17: 0 | P17: 0.85 | Q17: 28.36
A18: 12/03/2025 02:30 | B18: 12.81 | C18: 18.44 | D18: 21.26 | E18: 8.79 | F18: Invalid | G18: 73.6 | H18: 28.43 | I18: 11.35 | J18: 0.09 | K18: 168.15 | L18: 21.16 | M18: 50.93 | N18: 0.6 | O18: 0 | P18: 0.85 | Q18: 28.35
A19: 12/03/2025 02:45 | B19: 12.13 | C19: 18.45 | D19: 20.72 | E19: 8.91 | F19: Invalid | G19: 73.6 | H19: 28.43 | I19: 11.39 | J19: 0.15 | K19: 172.02 | L19: 21.28 | M19: 50.88 | N19: 0.6 | O19: 0 | P19: 0.86 | Q19: 28.33
A20: 12/03/2025 03:00 | B20: 11.41 | C20: 18.46 | D20: 20.15 | E20: 8.47 | F20: Invalid | G20: 73.6 | H20: 28.43 | I20: 11.43 | J20: 0.24 | K20: 190.28 | L20: 21.12 | M20: 54.09 | N20: 0.7 | O20: 0 | P20: 0.86 | Q20: 28.32
... A104: 12/03/2025 24:00 | B104: 5.32 | C104: 18.89 | D104: 15.49 | E104: 8.58 | F104: Invalid | G104: 73.82 | H104: 28.42 | I104: 8.96 | J104: 0.28 | K104: 197.16 | L104: 24.54 | M104: 47.66 | N104: 1.1 | O104: 0 | P104: 0.77 | Q104: 28.05
A106: Min | B106: =MIN(B9:B104) -> 3.2 | C106: =MIN(C9:C104) -> 11.67 | D106: =MIN(D9:D104) -> 10.02 | E106: =MIN(E9:E104) -> 7.53 | F106: =MIN(F9:F104) -> 0 | G106: =MIN(G9:G104) -> 49.26 | H106: =MIN(H9:H104) -> 20.23 | I106: =MIN(I9:I104) -> 5.37 | ... Q106: =MIN(Q9:Q104) -> 27.99
A107: Max | B107: =MAX(B9:B104) -> 14.03 | C107: =MAX(C9:C104) -> 20.81 | D107: =MAX(D9:D104) -> 22.28 | E107: =MAX(E9:E104) -> 23.9 | F107: =MAX(F9:F104) -> 0 | G107: =MAX(G9:G104) -> 90.92 | H107: =MAX(H9:H104) -> 40.69 | I107: =MAX(I9:I104) -> 14.99 | ... Q107: =MAX(Q9:Q104) -> 28.39
A108: Avg | B108: =AVERAGE(B9:B104) -> 6.2805208 | C108: =AVERAGE(C9:C104) -> 17.59875 | D108: =AVERAGE(D9:D104) -> 15.582917 | E108: =AVERAGE(E9:E104) -> 10.814271 | F108: =AVERAGE(F9:F104) -> #DIV/0! | G108: =AVERAGE(G9:G104) -> 70.046146 | H108: =AVERAGE(H9:H104) -> 28.58875 | I108: =AVERAGE(I9:I104) -> 10.320938 | ... Q108: =AVERAGE(Q9:Q104) -> 28.109375
A109: Stdev | B109: =STDEV(B9:B104) -> 3.3254636 | C109: =STDEV(C9:C104) -> 1.888466 | D109: =STDEV(D9:D104) -> 3.1789399 | E109: =STDEV(E9:E104) -> 3.8492673 | F109: =STDEV(F9:F104) -> #DIV/0! | G109: =STDEV(G9:G104) -> 10.920135 | H109: =STDEV(H9:H104) -> 5.426658 | I109: =STDEV(I9:I104) -> 2.4726802 | ... Q109: =STDEV(Q9:Q104) -> 0.12326106
A110: Num | B110: =COUNT(B9:B104) -> 96 | C110: =COUNT(C9:C104) -> 96 | D110: =COUNT(D9:D104) -> 96 | E110: =COUNT(E9:E104) -> 96 | F110: =COUNT(F9:F104) -> 0 | G110: =COUNT(G9:G104) -> 96 | H110: =COUNT(H9:H104) -> 96 | I110: =COUNT(I9:I104) -> 96 | ... Q110: =COUNT(Q9:Q104) -> 96
A111: DCR | B111: =IF(B110>=87,">90%",IF(B110<=87,"<90%")) -> >90% | C111: =IF(C110>=87,">90%",IF(C110<=87,"<90%")) -> >90% | D111: =IF(D110>=87,">90%",IF(D110<=87,"<90%")) -> >90% | E111: =IF(E110>=87,">90%",IF(E110<=87,"<90%")) -> >90% | F111: =IF(F110>=87,">90%",IF(F110<=87,"<90%")) -> <90% | G111: =IF(G110>=87,">90%",IF(G110<=87,"<90%")) -> >90% | H111: =IF(H110>=87,">90%",IF(H110<=87,"<90%")) -> >90% | I111: =IF(I110>=87,">90%",IF(I110<=87,"<90%")) -> >90% | ... Q111: =IF(Q110>=87,">90%",IF(Q110<=87,"<90%")) -> >90%
A112: Status | B112: =IF(B110>=87,"OK",IF(B110<=87,"LESS")) -> OK | C112: =IF(C110>=87,"OK",IF(C110<=87,"LESS")) -> OK | D112: =IF(D110>=87,"OK",IF(D110<=87,"LESS")) -> OK | E112: =IF(E110>=87,"OK",IF(E110<=87,"LESS")) -> OK | F112: =IF(F110>=87,"OK",IF(F110<=87,"LESS")) -> LESS | G112: =IF(G110>=87,"OK",IF(G110<=87,"LESS")) -> OK | H112: =IF(H110>=87,"OK",IF(H110<=87,"LESS")) -> OK | I112: =IF(I110>=87,"OK",IF(I110<=87,"LESS")) -> OK | ... Q112: =IF(Q110>=87,"OK",IF(Q110<=87,"LESS")) -> OK
A115: Done by | B115: AKASH
A117: Comment

Sheet 13
A1: Station: | B1: IGKV RAIPUR
A2: Date: | B2: =$A$9 -> 13/03/2025 00:15 | C2: Power Off | G2: Pw.Off | J2: Link Fail | L2: Link F | N2: Maintenance | P2: Maint.
A3: Report Type: | B3: Mean | C3: Calibration | G3: Calib. | J3: Data Fail | L3: Data F | N3: Invalid | P3: Invalid
A4: Time Base: | B4: 15 Min | C4: Zero Referrence | G4: Z.Ref | J4: Warm Up | L4: Wm. Up
A7: Date & Time | B7: NO | C7: NO2 | D7: NOX | E7: SO2 | F7: O3 | G7: PM 10 | H7: PM 2.5 | I7: BENZ | J7: WS | K7: WD | L7: TEMP | M7: HUM | N7: SR | O7: RG | P7: CO | Q7: NH3
B8: ug/m3 | C8: ug/m3 | D8: ppb | E8: ug/m3 | F8: ug/m3 | G8: ug/m3 | H8: ug/m3 | I8: ug/m3 | J8: m/sec | K8: deg | L8: degreC | M8: % | N8: w/m2 | O8: mm | P8: mg/m3 | Q8: ug/m3
A9: 13/03/2025 00:15 | B9: 5.21 | C9: 18.77 | D9: 15.33 | E9: 8.82 | F9: Invalid | G9: 77.93 | H9: 32.16 | I9: 9.05 | J9: 0.22 | K9: 194.31 | L9: 24.02 | M9: 47.05 | N9: 1.1 | O9: 0 | P9: 0.77 | Q9: 28.07
A10: 13/03/2025 00:30 | B10: 5.02 | C10: 18.62 | D10: 15.1 | E10: 8.74 | F10: Invalid | G10: 78.28 | H10: 32.16 | I10: 9.12 | J10: 0.2 | K10: 158.6 | L10: 24.11 | M10: 47.29 | N10: 0.7 | O10: 0 | P10: 0.76 | Q10: 28.05
A11: 13/03/2025 00:45 | B11: 4.86 | C11: 18.43 | D11: 14.87 | E11: 8.62 | F11: Invalid | G11: 78.28 | H11: 32.16 | I11: 9.15 | J11: 0.22 | K11: 168.84 | L11: 24.26 | M11: 47.05 | N11: 0.7 | O11: 0 | P11: 0.77 | Q11: 28.06
A12: 13/03/2025 01:00 | B12: 4.76 | C12: 18.28 | D12: 14.72 | E12: 8.7 | F12: Invalid | G12: 78.28 | H12: 32.16 | I12: 9.16 | J12: 0.29 | K12: 184.01 | L12: 23.63 | M12: 50.79 | N12: 1.3 | O12: 0 | P12: 0.78 | Q12: 28.06
A13: 13/03/2025 01:15 | B13: 4.72 | C13: 18.08 | D13: 14.58 | E13: 8.57 | F13: Invalid | G13: 70.43 | H13: 33.47 | I13: 9.16 | J13: 0.23 | K13: 165.62 | L13: 23.29 | M13: 50.79 | N13: 0.9 | O13: 0 | P13: 0.77 | Q13: 28.05
A14: 13/03/2025 01:30 | B14: 4.7 | C14: 17.92 | D14: 14.48 | E14: 8.72 | F14: Invalid | G14: 69.67 | H14: 33.47 | I14: 9.18 | J14: 0.22 | K14: 181.54 | L14: 23.43 | M14: 50.23 | N14: 0.7 | O14: 0 | P14: 0.77 | Q14: 28.05
A15: 13/03/2025 01:45 | B15: 4.64 | C15: 17.75 | D15: 14.35 | E15: 8.75 | F15: Invalid | G15: 69.67 | H15: 33.47 | I15: 9.21 | J15: 0.22 | K15: 166.49 | L15: 23.24 | M15: 50.07 | N15: 0.9 | O15: 0 | P15: 0.79 | Q15: 28.04
A16: 13/03/2025 02:00 | B16: 4.56 | C16: 17.6 | D16: 14.21 | E16: 8.86 | F16: Invalid | G16: 69.67 | H16: 33.47 | I16: 9.17 | J16: 0.11 | K16: 170.13 | L16: 23.13 | M16: 48.64 | N16: 0.6 | O16: 0 | P16: 0.8 | Q16: 28.04
A17: 13/03/2025 02:15 | B17: 4.52 | C17: 17.57 | D17: 14.15 | E17: 6.45 | F17: Invalid | G17: 69.05 | H17: 29.22 | I17: 9.17 | J17: 0.18 | K17: 185.5 | L17: 23.24 | M17: 49.06 | N17: 0.7 | O17: 0 | P17: 0.78 | Q17: 28.04
A18: 13/03/2025 02:30 | B18: 4.46 | C18: 17.41 | D18: 14.02 | E18: 7.65 | F18: Invalid | G18: 68.99 | H18: 29.22 | I18: 9.14 | J18: 0.21 | K18: 180.31 | L18: 22.85 | M18: 53.04 | N18: 1 | O18: 0 | P18: 0.78 | Q18: 28.04
A19: 13/03/2025 02:45 | B19: 4.44 | C19: 17.33 | D19: 13.97 | E19: 7.83 | F19: Invalid | G19: 68.99 | H19: 29.22 | I19: 9.12 | J19: 0.18 | K19: 180.29 | L19: 22.69 | M19: 51.59 | N19: 0.8 | O19: 0 | P19: 0.79 | Q19: 28.03
A20: 13/03/2025 03:00 | B20: 4.5 | C20: 17.33 | D20: 14.01 | E20: 7.46 | F20: Invalid | G20: 68.99 | H20: 29.22 | I20: 9.09 | J20: 0.15 | K20: 156.45 | L20: 22.56 | M20: 51.27 | N20: 0.9 | O20: 0 | P20: 0.8 | Q20: 28.04
... A104: 13/03/2025 24:00 | B104: 8.57 | C104: 17.42 | D104: 17.33 | E104: 9.66 | F104: Invalid | G104: 64.89 | H104: 24.82 | I104: 9.72 | J104: 0.1 | K104: 213.02 | L104: 23.94 | M104: 44.04 | N104: 0.4 | O104: 0 | P104: 0.83 | Q104: 28.19
A106: Min | B106: =MIN(B9:B104) -> 3.34 | C106: =MIN(C9:C104) -> 13.44 | D106: =MIN(D9:D104) -> 11.07 | E106: =MIN(E9:E104) -> 6.45 | F106: =MIN(F9:F104) -> 0 | G106: =MIN(G9:G104) -> 37.69 | H106: =MIN(H9:H104) -> 18.95 | I106: =MIN(I9:I104) -> 6.06 | ... Q106: =MIN(Q9:Q104) -> 27.99
A107: Max | B107: =MAX(B9:B104) -> 8.58 | C107: =MAX(C9:C104) -> 19.64 | D107: =MAX(D9:D104) -> 18.49 | E107: =MAX(E9:E104) -> 19.41 | F107: =MAX(F9:F104) -> 0 | G107: =MAX(G9:G104) -> 98.62 | H107: =MAX(H9:H104) -> 39.2 | I107: =MAX(I9:I104) -> 10.81 | ... Q107: =MAX(Q9:Q104) -> 28.2
A108: Avg | B108: =AVERAGE(B9:B104) -> 4.744375 | C108: =AVERAGE(C9:C104) -> 16.809688 | D108: =AVERAGE(D9:D104) -> 13.938229 | E108: =AVERAGE(E9:E104) -> 9.3741667 | F108: =AVERAGE(F9:F104) -> #DIV/0! | G108: =AVERAGE(G9:G104) -> 66.371354 | H108: =AVERAGE(H9:H104) -> 28.872292 | I108: =AVERAGE(I9:I104) -> 8.7678125 | ... Q108: =AVERAGE(Q9:Q104) -> 28.045833
A109: Stdev | B109: =STDEV(B9:B104) -> 1.4825837 | C109: =STDEV(C9:C104) -> 1.4487595 | D109: =STDEV(D9:D104) -> 1.7118657 | E109: =STDEV(E9:E104) -> 1.8806212 | F109: =STDEV(F9:F104) -> #DIV/0! | G109: =STDEV(G9:G104) -> 16.182681 | H109: =STDEV(H9:H104) -> 6.4892076 | I109: =STDEV(I9:I104) -> 1.276962 | ... Q109: =STDEV(Q9:Q104) -> 0.054225002
A110: Num | B110: =COUNT(B9:B104) -> 96 | C110: =COUNT(C9:C104) -> 96 | D110: =COUNT(D9:D104) -> 96 | E110: =COUNT(E9:E104) -> 96 | F110: =COUNT(F9:F104) -> 0 | G110: =COUNT(G9:G104) -> 96 | H110: =COUNT(H9:H104) -> 96 | I110: =COUNT(I9:I104) -> 96 | ... Q110: =COUNT(Q9:Q104) -> 96
A111: DCR | B111: =IF(B110>=87,">90%",IF(B110<=87,"<90%")) -> >90% | C111: =IF(C110>=87,">90%",IF(C110<=87,"<90%")) -> >90% | D111: =IF(D110>=87,">90%",IF(D110<=87,"<90%")) -> >90% | E111: =IF(E110>=87,">90%",IF(E110<=87,"<90%")) -> >90% | F111: =IF(F110>=87,">90%",IF(F110<=87,"<90%")) -> <90% | G111: =IF(G110>=87,">90%",IF(G110<=87,"<90%")) -> >90% | H111: =IF(H110>=87,">90%",IF(H110<=87,"<90%")) -> >90% | I111: =IF(I110>=87,">90%",IF(I110<=87,"<90%")) -> >90% | ... Q111: =IF(Q110>=87,">90%",IF(Q110<=87,"<90%")) -> >90%
A112: Status | B112: =IF(B110>=87,"OK",IF(B110<=87,"LESS")) -> OK | C112: =IF(C110>=87,"OK",IF(C110<=87,"LESS")) -> OK | D112: =IF(D110>=87,"OK",IF(D110<=87,"LESS")) -> OK | E112: =IF(E110>=87,"OK",IF(E110<=87,"LESS")) -> OK | F112: =IF(F110>=87,"OK",IF(F110<=87,"LESS")) -> LESS | G112: =IF(G110>=87,"OK",IF(G110<=87,"LESS")) -> OK | H112: =IF(H110>=87,"OK",IF(H110<=87,"LESS")) -> OK | I112: =IF(I110>=87,"OK",IF(I110<=87,"LESS")) -> OK | ... Q112: =IF(Q110>=87,"OK",IF(Q110<=87,"LESS")) -> OK
A115: Done by | B115: AKASH
A117: Comment

Sheet 14
A1: Station: | B1: IGKV RAIPUR
A2: Date: | B2: =$A$9 -> 14/03/2025 00:15 | C2: Power Off | G2: Pw.Off | J2: Link Fail | L2: Link F | N2: Maintenance | P2: Maint.
A3: Report Type: | B3: Mean | C3: Calibration | G3: Calib. | J3: Data Fail | L3: Data F | N3: Invalid | P3: Invalid
A4: Time Base: | B4: 15 Min | C4: Zero Referrence | G4: Z.Ref | J4: Warm Up | L4: Wm. Up
A7: Date & Time | B7: NO | C7: NO2 | D7: NOX | E7: SO2 | F7: O3 | G7: PM 10 | H7: PM 2.5 | I7: BENZ | J7: WS | K7: WD | L7: TEMP | M7: HUM | N7: SR | O7: RG | P7: CO | Q7: NH3
B8: ug/m3 | C8: ug/m3 | D8: ppb | E8: ug/m3 | F8: ug/m3 | G8: ug/m3 | H8: ug/m3 | I8: ug/m3 | J8: m/sec | K8: deg | L8: degreC | M8: % | N8: w/m2 | O8: mm | P8: mg/m3 | Q8: ug/m3
A9: 14/03/2025 00:15 | B9: 8.89 | C9: 17.13 | D9: 17.43 | E9: 9.57 | F9: 0 | G9: 62.64 | H9: 25.17 | I9: 9.84 | J9: 0.17 | K9: 191.63 | L9: 24.11 | M9: 43.51 | N9: 0.5 | O9: 0 | P9: 0.85 | Q9: 28.18
A10: 14/03/2025 00:30 | B10: 8.92 | C10: 16.94 | D10: 17.35 | E10: 9.52 | F10: 0 | G10: 62.42 | H10: 25.17 | I10: 10 | J10: 0.16 | K10: 147.81 | L10: 23.88 | M10: 45.3 | N10: 0.8 | O10: 0 | P10: 0.87 | Q10: 28.19
A11: 14/03/2025 00:45 | B11: 9.07 | C11: 16.82 | D11: 17.41 | E11: 9.55 | F11: 0 | G11: 62.42 | H11: 25.17 | I11: 10.17 | J11: 0.19 | K11: 178.62 | L11: 23.91 | M11: 44.55 | N11: 0.8 | O11: 0 | P11: 0.87 | Q11: 28.19
A12: 14/03/2025 01:00 | B12: 9.12 | C12: 16.69 | D12: 17.38 | E12: 9.57 | F12: 0 | G12: 62.42 | H12: 25.17 | I12: 10.34 | J12: 0.27 | K12: 185.14 | L12: 23.71 | M12: 44.66 | N12: 0.8 | O12: 0 | P12: 0.89 | Q12: 28.18
A13: 14/03/2025 01:15 | B13: 9.13 | C13: 16.61 | D13: 17.35 | E13: 9.31 | F13: 0 | G13: 66.76 | H13: 27.69 | I13: 10.54 | J13: 0.14 | K13: 176.54 | L13: 23.6 | M13: 42.32 | N13: 0.8 | O13: 0 | P13: 0.91 | Q13: 28.2
A14: 14/03/2025 01:30 | B14: 9.19 | C14: 16.58 | D14: 17.38 | E14: 9.43 | F14: 0 | G14: 67.19 | H14: 27.69 | I14: 10.76 | J14: 0.21 | K14: 185.14 | L14: 23.62 | M14: 43.86 | N14: 0.7 | O14: 0 | P14: 0.92 | Q14: 28.21
A15: 14/03/2025 01:45 | B15: 9.18 | C15: 16.57 | D15: 17.37 | E15: 9.61 | F15: 0 | G15: 67.19 | H15: 27.69 | I15: 10.99 | J15: 0.2 | K15: 174.14 | L15: 23.79 | M15: 42.17 | N15: 0.6 | O15: 0 | P15: 0.93 | Q15: 28.19
A16: 14/03/2025 02:00 | B16: 9.16 | C16: 16.43 | D16: 17.28 | E16: 9.65 | F16: 0 | G16: 67.19 | H16: 27.69 | I16: 11.2 | J16: 0.17 | K16: 183.14 | L16: 23.9 | M16: 42.28 | N16: 0.8 | O16: 0 | P16: 0.96 | Q16: 28.18
A17: 14/03/2025 02:15 | B17: 9.19 | C17: 16.25 | D17: 17.21 | E17: 7.57 | F17: 0 | G17: 69.41 | H17: 32.76 | I17: 11.49 | J17: 0.12 | K17: 186.27 | L17: 23.87 | M17: 41.63 | N17: 0.9 | O17: 0 | P17: 0.97 | Q17: 28.19
A18: 14/03/2025 02:30 | B18: 9.22 | C18: 16.13 | D18: 17.17 | E18: 8.82 | F18: 0 | G18: 69.62 | H18: 32.76 | I18: 11.73 | J18: 0.23 | K18: 156.98 | L18: 23.88 | M18: 43.54 | N18: 1 | O18: 0 | P18: 0.99 | Q18: 28.2
A19: 14/03/2025 02:45 | B19: 9.13 | C19: 16.09 | D19: 17.08 | E19: 9.04 | F19: 0 | G19: 69.62 | H19: 32.76 | I19: 11.89 | J19: 0.39 | K19: 172.94 | L19: 23.92 | M19: 45.96 | N19: 0.9 | O19: 0 | P19: 1 | Q19: 28.19
A20: 14/03/2025 03:00 | B20: 9.07 | C20: 16.13 | D20: 17.05 | E20: 8.75 | F20: 0 | G20: 69.62 | H20: 32.76 | I20: 12.02 | J20: 0.21 | K20: 179.6 | L20: 23.61 | M20: 47.27 | N20: 1.3 | O20: 0 | P20: 1.04 | Q20: 28.19
... A104: 14/03/2025 24:00 | B104: 6.91 | C104: 16.02 | D104: 15.26 | E104: 8.45 | F104: 0 | G104: 53.24 | H104: 22.1 | I104: 9.34 | J104: 0.34 | K104: 190.92 | L104: 24.5 | M104: 46.39 | N104: 0.9 | O104: 0 | P104: 0.85 | Q104: 28.12
A106: Min | B106: =MIN(B9:B104) -> 3.43 | C106: =MIN(C9:C104) -> 11.19 | D106: =MIN(D9:D104) -> 10 | E106: =MIN(E9:E104) -> 7.57 | F106: =MIN(F9:F104) -> 0 | G106: =MIN(G9:G104) -> 38.42 | H106: =MIN(H9:H104) -> 17.55 | I106: =MIN(I9:I104) -> 6.24 | ... Q106: =MIN(Q9:Q104) -> 0
A107: Max | B107: =MAX(B9:B104) -> 11.37 | C107: =MAX(C9:C104) -> 20.55 | D107: =MAX(D9:D104) -> 21.21 | E107: =MAX(E9:E104) -> 19.39 | F107: =MAX(F9:F104) -> 0 | G107: =MAX(G9:G104) -> 73.84 | H107: =MAX(H9:H104) -> 37.35 | I107: =MAX(I9:I104) -> 15.24 | ... Q107: =MAX(Q9:Q104) -> 28.21
A108: Avg | B108: =AVERAGE(B9:B104) -> 5.4128125 | C108: =AVERAGE(C9:C104) -> 15.381042 | D108: =AVERAGE(D9:D104) -> 13.728646 | E108: =AVERAGE(E9:E104) -> 10.992083 | F108: =AVERAGE(F9:F104) -> 0 | G108: =AVERAGE(G9:G104) -> 58.050312 | H108: =AVERAGE(H9:H104) -> 28.086875 | I108: =AVERAGE(I9:I104) -> 10.744167 | ... Q108: =AVERAGE(Q9:Q104) -> 25.787812
A109: Stdev | B109: =STDEV(B9:B104) -> 2.1287905 | C109: =STDEV(C9:C104) -> 1.7258337 | D109: =STDEV(D9:D104) -> 2.3649425 | E109: =STDEV(E9:E104) -> 3.1956753 | F109: =STDEV(F9:F104) -> 0 | G109: =STDEV(G9:G104) -> 11.583996 | H109: =STDEV(H9:H104) -> 6.6944839 | I109: =STDEV(I9:I104) -> 2.8598409 | ... Q109: =STDEV(Q9:Q104) -> 7.6232472
A110: Num | B110: =COUNT(B9:B104) -> 96 | C110: =COUNT(C9:C104) -> 96 | D110: =COUNT(D9:D104) -> 96 | E110: =COUNT(E9:E104) -> 96 | F110: =COUNT(F9:F104) -> 96 | G110: =COUNT(G9:G104) -> 96 | H110: =COUNT(H9:H104) -> 96 | I110: =COUNT(I9:I104) -> 96 | ... Q110: =COUNT(Q9:Q104) -> 96
A111: DCR | B111: =IF(B110>=87,">90%",IF(B110<=87,"<90%")) -> >90% | C111: =IF(C110>=87,">90%",IF(C110<=87,"<90%")) -> >90% | D111: =IF(D110>=87,">90%",IF(D110<=87,"<90%")) -> >90% | E111: =IF(E110>=87,">90%",IF(E110<=87,"<90%")) -> >90% | F111: =IF(F110>=87,">90%",IF(F110<=87,"<90%")) -> >90% | G111: =IF(G110>=87,">90%",IF(G110<=87,"<90%")) -> >90% | H111: =IF(H110>=87,">90%",IF(H110<=87,"<90%")) -> >90% | I111: =IF(I110>=87,">90%",IF(I110<=87,"<90%")) -> >90% | ... Q111: =IF(Q110>=87,">90%",IF(Q110<=87,"<90%")) -> >90%
A112: Status | B112: =IF(B110>=87,"OK",IF(B110<=87,"LESS")) -> OK | C112: =IF(C110>=87,"OK",IF(C110<=87,"LESS")) -> OK | D112: =IF(D110>=87,"OK",IF(D110<=87,"LESS")) -> OK | E112: =IF(E110>=87,"OK",IF(E110<=87,"LESS")) -> OK | F112: =IF(F110>=87,"OK",IF(F110<=87,"LESS")) -> OK | G112: =IF(G110>=87,"OK",IF(G110<=87,"LESS")) -> OK | H112: =IF(H110>=87,"OK",IF(H110<=87,"LESS")) -> OK | I112: =IF(I110>=87,"OK",IF(I110<=87,"LESS")) -> OK | ... Q112: =IF(Q110>=87,"OK",IF(Q110<=87,"LESS")) -> OK
A115: Done by | B115: AKASH
A117: Comment

Sheet 15
A1: Station: | B1: IGKV RAIPUR
A2: Date: | B2: =$A$9 -> 15/03/2025 00:15 | C2: Power Off | G2: Pw.Off | J2: Link Fail | L2: Link F | N2: Maintenance | P2: Maint.
A3: Report Type: | B3: Mean | C3: Calibration | G3: Calib. | J3: Data Fail | L3: Data F | N3: Invalid | P3: Invalid
A4: Time Base: | B4: 15 Min | C4: Zero Referrence | G4: Z.Ref | J4: Warm Up | L4: Wm. Up
A7: Date & Time | B7: NO | C7: NO2 | D7: NOX | E7: SO2 | F7: O3 | G7: PM 10 | H7: PM 2.5 | I7: BENZ | J7: WS | K7: WD | L7: TEMP | M7: HUM | N7: SR | O7: RG | P7: CO | Q7: NH3
B8: ug/m3 | C8: ug/m3 | D8: ppb | E8: ug/m3 | F8: ug/m3 | G8: ug/m3 | H8: ug/m3 | I8: ug/m3 | J8: m/sec | K8: deg | L8: degreC | M8: % | N8: w/m2 | O8: mm | P8: mg/m3 | Q8: ug/m3
A9: 15/03/2025 00:15 | B9: 6.66 | C9: 16.02 | D9: 15.06 | E9: 8.59 | F9: Invalid | G9: 53.17 | H9: 21.02 | I9: 9.63 | J9: 0.14 | K9: 137.98 | L9: 24.07 | M9: 46.76 | N9: 0.8 | O9: 0 | P9: 0.86 | Q9: 28.13
A10: 15/03/2025 00:30 | B10: 6.54 | C10: 15.93 | D10: 14.92 | E10: 8.45 | F10: Invalid | G10: 53.16 | H10: 21.02 | I10: 9.86 | J10: 0.24 | K10: 188.39 | L10: 23.94 | M10: 49.75 | N10: 0.7 | O10: 0 | P10: 0.88 | Q10: 28.12
A11: 15/03/2025 00:45 | B11: 6.43 | C11: 15.78 | D11: 14.75 | E11: 8.32 | F11: Invalid | G11: 53.16 | H11: 21.02 | I11: 10.09 | J11: 0.27 | K11: 184.31 | L11: 23.78 | M11: 48.34 | N11: 0.7 | O11: 0 | P11: 0.88 | Q11: 28.1
A12: 15/03/2025 01:00 | B12: 6.35 | C12: 15.72 | D12: 14.65 | E12: 8.26 | F12: Invalid | G12: 53.16 | H12: 21.02 | I12: 10.31 | J12: 0.14 | K12: 159.9 | L12: 23.84 | M12: 47.14 | N12: 0.7 | O12: 0 | P12: 0.89 | Q12: 28.1
A13: 15/03/2025 01:15 | B13: 6.32 | C13: 15.75 | D13: 14.65 | E13: 8.48 | F13: Invalid | G13: 56.14 | H13: 20.87 | I13: 10.51 | J13: 0.15 | K13: 178.6 | L13: 23.85 | M13: 46.17 | N13: 0.6 | O13: 0 | P13: 0.89 | Q13: 28.09
A14: 15/03/2025 01:30 | B14: 6.12 | C14: 15.78 | D14: 14.5 | E14: 8.09 | F14: Invalid | G14: 56.39 | H14: 20.87 | I14: 10.69 | J14: 0.18 | K14: 172.13 | L14: 23.81 | M14: 46.29 | N14: 0.6 | O14: 0 | P14: 0.89 | Q14: 28.09
A15: 15/03/2025 01:45 | B15: 5.89 | C15: 15.73 | D15: 14.3 | E15: 8.26 | F15: Invalid | G15: 56.39 | H15: 20.87 | I15: 10.82 | J15: 0.16 | K15: 173.15 | L15: 23.72 | M15: 45.95 | N15: 0.6 | O15: 0 | P15: 0.9 | Q15: 28.09
A16: 15/03/2025 02:00 | B16: 5.62 | C16: 15.66 | D16: 14.03 | E16: 8.41 | F16: Invalid | G16: 56.39 | H16: 20.87 | I16: 10.89 | J16: 0.16 | K16: 171.49 | L16: 23.51 | M16: 46.84 | N16: 0.7 | O16: 0 | P16: 0.9 | Q16: 28.08
A17: 15/03/2025 02:15 | B17: 5.39 | C17: 15.66 | D17: 13.86 | E17: 7.94 | F17: Invalid | G17: 52.48 | H17: 24.12 | I17: 10.96 | J17: 0.19 | K17: 173.54 | L17: 23.48 | M17: 46.09 | N17: 0.6 | O17: 0 | P17: 0.89 | Q17: 28.07
A18: 15/03/2025 02:30 | B18: 5.18 | C18: 15.61 | D18: 13.66 | E18: 8.81 | F18: Invalid | G18: 52.1 | H18: 24.12 | I18: 10.97 | J18: 0.15 | K18: 218.82 | L18: 23.31 | M18: 44.68 | N18: 0.7 | O18: 0 | P18: 0.89 | Q18: 28.06
A19: 15/03/2025 02:45 | B19: 4.94 | C19: 15.58 | D19: 13.45 | E19: 9.03 | F19: Invalid | G19: 52.1 | H19: 24.12 | I19: 10.96 | J19: 0.19 | K19: 162.03 | L19: 23.29 | M19: 48.18 | N19: 0.8 | O19: 0 | P19: 0.88 | Q19: 28.05
A20: 15/03/2025 03:00 | B20: 4.78 | C20: 15.44 | D20: 13.25 | E20: 8.66 | F20: Invalid | G20: 52.1 | H20: 24.12 | I20: 10.9 | J20: 0.22 | K20: 169.24 | L20: 23.22 | M20: 47.82 | N20: 0.8 | O20: 0 | P20: 0.88 | Q20: 28.05
... A104: 15/03/2025 24:00 | B104: 6.48 | C104: 18.53 | D104: 16.23 | E104: 8.43 | F104: Invalid | G104: 2.95 | H104: 29.19 | I104: 11.19 | J104: 0.22 | K104: 198.84 | L104: 26.29 | M104: 46.68 | N104: 0.7 | O104: 0 | P104: 1 | Q104: 28.11
A106: Min | B106: =MIN(B9:B104) -> 3.36 | C106: =MIN(C9:C104) -> 9.82 | D106: =MIN(D9:D104) -> 9.2 | E106: =MIN(E9:E104) -> 7.94 | F106: =MIN(F9:F104) -> 0 | G106: =MIN(G9:G104) -> 2.95 | H106: =MIN(H9:H104) -> 14.52 | I106: =MIN(I9:I104) -> 6.58 | ... Q106: =MIN(Q9:Q104) -> 27.99
A107: Max | B107: =MAX(B9:B104) -> 16.31 | C107: =MAX(C9:C104) -> 24.09 | D107: =MAX(D9:D104) -> 27.02 | E107: =MAX(E9:E104) -> 17.09 | F107: =MAX(F9:F104) -> 0 | G107: =MAX(G9:G104) -> 69.21 | H107: =MAX(H9:H104) -> 35.55 | I107: =MAX(I9:I104) -> 13.78 | ... Q107: =MAX(Q9:Q104) -> 28.19
A108: Avg | B108: =AVERAGE(B9:B104) -> 5.1466667 | C108: =AVERAGE(C9:C104) -> 15.881458 | D108: =AVERAGE(D9:D104) -> 13.775937 | E108: =AVERAGE(E9:E104) -> 10.253229 | F108: =AVERAGE(F9:F104) -> #DIV/0! | G108: =AVERAGE(G9:G104) -> 37.429063 | H108: =AVERAGE(H9:H104) -> 23.795833 | I108: =AVERAGE(I9:I104) -> 9.8371875 | ... Q108: =AVERAGE(Q9:Q104) -> 28.058021
A109: Stdev | B109: =STDEV(B9:B104) -> 2.0580822 | C109: =STDEV(C9:C104) -> 2.6731684 | D109: =STDEV(D9:D104) -> 2.6708396 | E109: =STDEV(E9:E104) -> 2.3112063 | F109: =STDEV(F9:F104) -> #DIV/0! | G109: =STDEV(G9:G104) -> 20.795413 | H109: =STDEV(H9:H104) -> 4.9901165 | I109: =STDEV(I9:I104) -> 1.5817643 | ... Q109: =STDEV(Q9:Q104) -> 0.056542854
A110: Num | B110: =COUNT(B9:B104) -> 96 | C110: =COUNT(C9:C104) -> 96 | D110: =COUNT(D9:D104) -> 96 | E110: =COUNT(E9:E104) -> 96 | F110: =COUNT(F9:F104) -> 0 | G110: =COUNT(G9:G104) -> 96 | H110: =COUNT(H9:H104) -> 96 | I110: =COUNT(I9:I104) -> 96 | ... Q110: =COUNT(Q9:Q104) -> 96
A111: DCR | B111: =IF(B110>=87,">90%",IF(B110<=87,"<90%")) -> >90% | C111: =IF(C110>=87,">90%",IF(C110<=87,"<90%")) -> >90% | D111: =IF(D110>=87,">90%",IF(D110<=87,"<90%")) -> >90% | E111: =IF(E110>=87,">90%",IF(E110<=87,"<90%")) -> >90% | F111: =IF(F110>=87,">90%",IF(F110<=87,"<90%")) -> <90% | G111: =IF(G110>=87,">90%",IF(G110<=87,"<90%")) -> >90% | H111: =IF(H110>=87,">90%",IF(H110<=87,"<90%")) -> >90% | I111: =IF(I110>=87,">90%",IF(I110<=87,"<90%")) -> >90% | ... Q111: =IF(Q110>=87,">90%",IF(Q110<=87,"<90%")) -> >90%
A112: Status | B112: =IF(B110>=87,"OK",IF(B110<=87,"LESS")) -> OK | C112: =IF(C110>=87,"OK",IF(C110<=87,"LESS")) -> OK | D112: =IF(D110>=87,"OK",IF(D110<=87,"LESS")) -> OK | E112: =IF(E110>=87,"OK",IF(E110<=87,"LESS")) -> OK | F112: =IF(F110>=87,"OK",IF(F110<=87,"LESS")) -> LESS | G112: =IF(G110>=87,"OK",IF(G110<=87,"LESS")) -> OK | H112: =IF(H110>=87,"OK",IF(H110<=87,"LESS")) -> OK | I112: =IF(I110>=87,"OK",IF(I110<=87,"LESS")) -> OK | ... Q112: =IF(Q110>=87,"OK",IF(Q110<=87,"LESS")) -> OK
A115: Done by | B115: AKASH
A117: Comment

Sheet 16
A1: Station: | B1: IGKV RAIPUR
A2: Date: | B2: =$A$9 -> 16/03/2025 00:15 | C2: Power Off | G2: Pw.Off | J2: Link Fail | L2: Link F | N2: Maintenance | P2: Maint.
A3: Report Type: | B3: Mean | C3: Calibration | G3: Calib. | J3: Data Fail | L3: Data F | N3: Invalid | P3: Invalid
A4: Time Base: | B4: 15 Min | C4: Zero Referrence | G4: Z.Ref | J4: Warm Up | L4: Wm. Up
A7: Date & Time | B7: NO | C7: NO2 | D7: NOX | E7: SO2 | F7: O3 | G7: PM 10 | H7: PM 2.5 | I7: BENZ | J7: WS | K7: WD | L7: TEMP | M7: HUM | N7: SR | O7: RG | P7: CO | Q7: NH3
B8: ug/m3 | C8: ug/m3 | D8: ppb | E8: ug/m3 | F8: ug/m3 | G8: ug/m3 | H8: ug/m3 | I8: ug/m3 | J8: m/sec | K8: deg | L8: degreC | M8: % | N8: w/m2 | O8: mm | P8: mg/m3 | Q8: ug/m3
A9: 16/03/2025 00:15 | B9: 6.85 | C9: 18.19 | D9: 16.35 | E9: 8.15 | F9: Invalid | G9: 2.57 | H9: 30.27 | I9: 11.39 | J9: 0.16 | K9: 185.27 | L9: 25.8 | M9: 48.02 | N9: 1.2 | O9: 0 | P9: 1.01 | Q9: 28.11
A10: 16/03/2025 00:30 | B10: 6.92 | C10: 18.15 | D10: 16.38 | E10: 8.46 | F10: Invalid | G10: 2.57 | H10: 30.27 | I10: 11.48 | J10: 0.12 | K10: 183.89 | L10: 25.6 | M10: 47.76 | N10: 0.9 | O10: 0 | P10: 1.01 | Q10: 28.13
A11: 16/03/2025 00:45 | B11: 6.99 | C11: 17.8 | D11: 16.25 | E11: 8.35 | F11: Invalid | G11: 2.57 | H11: 30.27 | I11: 11.54 | J11: 0.13 | K11: 226.08 | L11: 25.44 | M11: 48.87 | N11: 0.9 | O11: 0 | P11: 1.01 | Q11: 28.13
A12: 16/03/2025 01:00 | B12: 7.02 | C12: 17.41 | D12: 16.08 | E12: 8.26 | F12: Invalid | G12: 2.57 | H12: 30.27 | I12: 11.65 | J12: 0.12 | K12: 163.4 | L12: 25.36 | M12: 48.83 | N12: 0.9 | O12: 0 | P12: 1.01 | Q12: 28.14
A13: 16/03/2025 01:15 | B13: 7.1 | C13: 17.16 | D13: 16.01 | E13: 7.85 | F13: Invalid | G13: 2.35 | H13: 29.08 | I13: 11.71 | J13: 0.14 | K13: 169.71 | L13: 25.11 | M13: 49.56 | N13: 0.9 | O13: 0 | P13: 1.02 | Q13: 28.14
A14: 16/03/2025 01:30 | B14: 7.19 | C14: 16.96 | D14: 15.98 | E14: 8.26 | F14: Invalid | G14: 2.35 | H14: 29.08 | I14: 11.79 | J14: 0.15 | K14: 169.61 | L14: 24.9 | M14: 51.09 | N14: 0.9 | O14: 0 | P14: 1.02 | Q14: 28.14
A15: 16/03/2025 01:45 | B15: 7.25 | C15: 16.65 | D15: 15.87 | E15: 8.58 | F15: Invalid | G15: 2.35 | H15: 29.08 | I15: 11.87 | J15: 0.15 | K15: 168.72 | L15: 24.76 | M15: 52.06 | N15: 0.9 | O15: 0 | P15: 1.02 | Q15: 28.14
A16: 16/03/2025 02:00 | B16: 7.26 | C16: 16.46 | D16: 15.77 | E16: 8.27 | F16: Invalid | G16: 2.35 | H16: 29.08 | I16: 11.94 | J16: 0.1 | K16: 167.92 | L16: 24.8 | M16: 50.51 | N16: 0.7 | O16: 0 | P16: 1.03 | Q16: 28.14
A17: 16/03/2025 02:15 | B17: 8.91 | C17: 17.37 | D17: 17.57 | E17: 7.2 | F17: Invalid | G17: 2.24 | H17: 29.44 | I17: 11.97 | J17: 0.12 | K17: 148.81 | L17: 24.97 | M17: 49.27 | N17: 0.7 | O17: 0 | P17: 1.03 | Q17: 28.15
A18: 16/03/2025 02:30 | B18: 8.25 | C18: 17.08 | D18: 16.89 | E18: 8.37 | F18: Invalid | G18: 2.24 | H18: 29.44 | I18: 11.98 | J18: 0.27 | K18: 171.21 | L18: 24.53 | M18: 54.13 | N18: 1.2 | O18: 0 | P18: 1.04 | Q18: 28.16
A19: 16/03/2025 02:45 | B19: 8.29 | C19: 16.82 | D19: 16.78 | E19: 8.25 | F19: Invalid | G19: 2.24 | H19: 29.44 | I19: 12.02 | J19: 0.09 | K19: 187.84 | L19: 24.13 | M19: 53.94 | N19: 1 | O19: 0 | P19: 1.04 | Q19: 28.18
A20: 16/03/2025 03:00 | B20: 8.26 | C20: 16.64 | D20: 16.67 | E20: 8.37 | F20: Invalid | G20: 2.24 | H20: 29.44 | I20: 12.06 | J20: 0.19 | K20: 242.57 | L20: 24.37 | M20: 51.54 | N20: 0.7 | O20: 0 | P20: 1.04 | Q20: 28.19
... A104: 16/03/2025 24:00 | B104: 6.13 | C104: 16.72 | D104: 15 | E104: 7.17 | F104: Invalid | G104: 1.72 | H104: 29.78 | I104: 10.74 | J104: 0.11 | K104: 147.12 | L104: 26.05 | M104: 50.89 | N104: 1 | O104: 0 | P104: 0.99 | Q104: 28.09
A106: Min | B106: =MIN(B9:B104) -> 3.5 | C106: =MIN(C9:C104) -> 13.23 | D106: =MIN(D9:D104) -> 11.3 | E106: =MIN(E9:E104) -> 7.04 | F106: =MIN(F9:F104) -> 0 | G106: =MIN(G9:G104) -> 1.38 | H106: =MIN(H9:H104) -> 24.51 | I106: =MIN(I9:I104) -> 6.85 | ... Q106: =MIN(Q9:Q104) -> 27.98
A107: Max | B107: =MAX(B9:B104) -> 9.43 | C107: =MAX(C9:C104) -> 29.12 | D107: =MAX(D9:D104) -> 20.37 | E107: =MAX(E9:E104) -> 14.57 | F107: =MAX(F9:F104) -> 0 | G107: =MAX(G9:G104) -> 2.89 | H107: =MAX(H9:H104) -> 35.56 | I107: =MAX(I9:I104) -> 14.61 | ... Q107: =MAX(Q9:Q104) -> 28.21
A108: Avg | B108: =AVERAGE(B9:B104) -> 5.3353125 | C108: =AVERAGE(C9:C104) -> 17.430417 | D108: =AVERAGE(D9:D104) -> 14.736458 | E108: =AVERAGE(E9:E104) -> 9.3114583 | F108: =AVERAGE(F9:F104) -> #DIV/0! | G108: =AVERAGE(G9:G104) -> 1.8370833 | H108: =AVERAGE(H9:H104) -> 29.976667 | I108: =AVERAGE(I9:I104) -> 10.815 | ... Q108: =AVERAGE(Q9:Q104) -> 28.064063
A109: Stdev | B109: =STDEV(B9:B104) -> 1.7570549 | C109: =STDEV(C9:C104) -> 2.8911771 | D109: =STDEV(D9:D104) -> 2.0562357 | E109: =STDEV(E9:E104) -> 1.6834701 | F109: =STDEV(F9:F104) -> #DIV/0! | G109: =STDEV(G9:G104) -> 0.40085676 | H109: =STDEV(H9:H104) -> 2.2862696 | I109: =STDEV(I9:I104) -> 1.8373436 | ... Q109: =STDEV(Q9:Q104) -> 0.065767983
A110: Num | B110: =COUNT(B9:B104) -> 96 | C110: =COUNT(C9:C104) -> 96 | D110: =COUNT(D9:D104) -> 96 | E110: =COUNT(E9:E104) -> 96 | F110: =COUNT(F9:F104) -> 0 | G110: =COUNT(G9:G104) -> 96 | H110: =COUNT(H9:H104) -> 96 | I110: =COUNT(I9:I104) -> 96 | ... Q110: =COUNT(Q9:Q104) -> 96
A111: DCR | B111: =IF(B110>=87,">90%",IF(B110<=87,"<90%")) -> >90% | C111: =IF(C110>=87,">90%",IF(C110<=87,"<90%")) -> >90% | D111: =IF(D110>=87,">90%",IF(D110<=87,"<90%")) -> >90% | E111: =IF(E110>=87,">90%",IF(E110<=87,"<90%")) -> >90% | F111: =IF(F110>=87,">90%",IF(F110<=87,"<90%")) -> <90% | G111: =IF(G110>=87,">90%",IF(G110<=87,"<90%")) -> >90% | H111: =IF(H110>=87,">90%",IF(H110<=87,"<90%")) -> >90% | I111: =IF(I110>=87,">90%",IF(I110<=87,"<90%")) -> >90% | ... Q111: =IF(Q110>=87,">90%",IF(Q110<=87,"<90%")) -> >90%
A112: Status | B112: =IF(B110>=87,"OK",IF(B110<=87,"LESS")) -> OK | C112: =IF(C110>=87,"OK",IF(C110<=87,"LESS")) -> OK | D112: =IF(D110>=87,"OK",IF(D110<=87,"LESS")) -> OK | E112: =IF(E110>=87,"OK",IF(E110<=87,"LESS")) -> OK | F112: =IF(F110>=87,"OK",IF(F110<=87,"LESS")) -> LESS | G112: =IF(G110>=87,"OK",IF(G110<=87,"LESS")) -> OK | H112: =IF(H110>=87,"OK",IF(H110<=87,"LESS")) -> OK | I112: =IF(I110>=87,"OK",IF(I110<=87,"LESS")) -> OK | ... Q112: =IF(Q110>=87,"OK",IF(Q110<=87,"LESS")) -> OK
A115: Done by | B115: AKASH
A117: Comment

Sheet 17
A1: Station: | B1: IGKV RAIPUR
A2: Date: | B2: =$A$9 -> 17/03/2025 00:15 | C2: Power Off | G2: Pw.Off | J2: Link Fail | L2: Link F | N2: Maintenance | P2: Maint.
A3: Report Type: | B3: Mean | C3: Calibration | G3: Calib. | J3: Data Fail | L3: Data F | N3: Invalid | P3: Invalid
A4: Time Base: | B4: 15 Min | C4: Zero Referrence | G4: Z.Ref | J4: Warm Up | L4: Wm. Up
A7: Date & Time | B7: NO | C7: NO2 | D7: NOX | E7: SO2 | F7: O3 | G7: PM 10 | H7: PM 2.5 | I7: BENZ | J7: WS | K7: WD | L7: TEMP | M7: HUM | N7: SR | O7: RG | P7: CO | Q7: NH3
B8: ug/m3 | C8: ug/m3 | D8: ppb | E8: ug/m3 | F8: ug/m3 | G8: ug/m3 | H8: ug/m3 | I8: ug/m3 | J8: m/sec | K8: deg | L8: degreC | M8: % | N8: w/m2 | O8: mm | P8: mg/m3 | Q8: ug/m3
A9: 17/03/2025 00:15 | B9: 6.44 | C9: 16.92 | D9: 15.36 | E9: 7.2 | F9: Invalid | G9: 1.65 | H9: 32.39 | I9: 10.73 | J9: 0.17 | K9: 140.87 | L9: 25.89 | M9: 51.2 | N9: 0.9 | O9: 0 | P9: 0.98 | Q9: 28.1
A10: 17/03/2025 00:30 | B10: 6.19 | C10: 16.83 | D10: 15.11 | E10: 7.57 | F10: Invalid | G10: 1.65 | H10: 32.39 | I10: 10.82 | J10: 0.14 | K10: 160.03 | L10: 25.82 | M10: 51.44 | N10: 0.8 | O10: 0 | P10: 0.98 | Q10: 28.09
A11: 17/03/2025 00:45 | B11: 5.86 | C11: 16.88 | D11: 14.87 | E11: 7.09 | F11: Invalid | G11: 1.65 | H11: 32.39 | I11: 10.89 | J11: 0.19 | K11: 155.92 | L11: 25.75 | M11: 51.11 | N11: 0.7 | O11: 0 | P11: 0.98 | Q11: 28.07
A12: 17/03/2025 01:00 | B12: 5.51 | C12: 16.98 | D12: 14.64 | E12: 7.39 | F12: Invalid | G12: 1.65 | H12: 32.39 | I12: 10.88 | J12: 0.17 | K12: 154.97 | L12: 25.63 | M12: 50.6 | N12: 0.9 | O12: 0 | P12: 0.98 | Q12: 28.06
A13: 17/03/2025 01:15 | B13: 5.92 | C13: 17.4 | D13: 15.19 | E13: 7.46 | F13: Invalid | G13: 1.55 | H13: 31.37 | I13: 10.87 | J13: 0.66 | K13: 38.25 | L13: 26 | M13: 47.23 | N13: 0.2 | O13: 0 | P13: 0.97 | Q13: 28.06
A14: 17/03/2025 01:30 | B14: 5.72 | C14: 17.9 | D14: 15.29 | E14: 7.62 | F14: Invalid | G14: 1.55 | H14: 31.37 | I14: 10.79 | J14: 0.38 | K14: 3.65 | L14: 26.9 | M14: 44.18 | N14: 0.1 | O14: 0 | P14: 0.97 | Q14: 28.07
A15: 17/03/2025 01:45 | B15: 5.36 | C15: 18.38 | D15: 15.25 | E15: 7.94 | F15: Invalid | G15: 1.55 | H15: 31.37 | I15: 10.7 | J15: 0.39 | K15: 356.07 | L15: 27.5 | M15: 44.67 | N15: 0.8 | O15: 0 | P15: 1 | Q15: 28.07
A16: 17/03/2025 02:00 | B16: 5.24 | C16: 19.15 | D16: 15.55 | E16: 8.95 | F16: Invalid | G16: 1.55 | H16: 31.37 | I16: 10.68 | J16: 0.24 | K16: 266.13 | L16: 27.4 | M16: 45.88 | N16: 1.4 | O16: 0 | P16: 1.05 | Q16: 28.07
A17: 17/03/2025 02:15 | B17: 5.21 | C17: 19.59 | D17: 15.76 | E17: 8.41 | F17: Invalid | G17: 1.49 | H17: 34.23 | I17: 10.79 | J17: 0.36 | K17: 178.96 | L17: 26.91 | M17: 48.76 | N17: 1.9 | O17: 0 | P17: 1.06 | Q17: 28.07
A18: 17/03/2025 02:30 | B18: 5.28 | C18: 19.7 | D18: 15.88 | E18: 9.45 | F18: Invalid | G18: 1.49 | H18: 34.23 | I18: 11.12 | J18: 0.22 | K18: 197.95 | L18: 26.37 | M18: 50.13 | N18: 1.8 | O18: 0 | P18: 1.1 | Q18: 28.07
A19: 17/03/2025 02:45 | B19: 5.35 | C19: 19.85 | D19: 16.01 | E19: 9.93 | F19: Invalid | G19: 1.49 | H19: 34.23 | I19: 11.37 | J19: 0.17 | K19: 211.69 | L19: 26.33 | M19: 49.54 | N19: 1.2 | O19: 0 | P19: 1.13 | Q19: 28.07
A20: 17/03/2025 03:00 | B20: 5.4 | C20: 20.31 | D20: 16.29 | E20: 9.66 | F20: Invalid | G20: 1.49 | H20: 34.23 | I20: 11.55 | J20: 0.27 | K20: 208.89 | L20: 26.89 | M20: 46.38 | N20: 0.5 | O20: 0 | P20: 1.15 | Q20: 28.07
... A51: 17/03/2025 10:45 | B51: 3.83 | C51: 17.71 | D51: 13.68 | E51: 11.78 | F51: Invalid | G51: 1.26 | H51: 46.15 | I51: 14.19 | J51: 1.61 | K51: 250.87 | L51: 34.18 | M51: 26.78 | N51: 295.3 | O51: 0 | P51: 1.07 | Q51: 28
A52: 17/03/2025 11:00 | B52: 3.66 | C52: 14.99 | D52: 12.12 | E52: 14.58 | F52: Invalid | G52: Calib. | H52: 17.75 | I52: 13.78 | J52: 1.08 | K52: 282.05 | L52: 34.44 | M52: 26.65 | N52: 283.4 | O52: 0 | P52: 0.91 | Q52: 27.99
A53: 17/03/2025 11:15 | B53: 3.73 | C53: 15.03 | D53: 12.19 | E53: 17.91 | F53: Invalid | G53: Calib. | H53: Calib. | I53: 12.7 | J53: 1.07 | K53: 275.09 | L53: 34.87 | M53: 25.86 | N53: 290.9 | O53: 0 | P53: 0.92 | Q53: 28.01
A54: 17/03/2025 11:30 | B54: 3.74 | C54: 14.71 | D54: 12.04 | E54: 19.81 | F54: Invalid | G54: Calib. | H54: Calib. | I54: 11.3 | J54: 1.31 | K54: 288.87 | L54: 34.95 | M54: 25.5 | N54: 272.9 | O54: 0 | P54: 0.97 | Q54: 28.06
A55: 17/03/2025 11:45 | B55: 3.5 | C55: 16.63 | D55: 12.85 | E55: 13.55 | F55: Invalid | G55: Calib. | H55: Calib. | I55: 11.41 | J55: 0.98 | K55: 264.81 | L55: 35.55 | M55: 25.11 | N55: 265.4 | O55: 0 | P55: 0.99 | Q55: 28.06
A56: 17/03/2025 12:00 | B56: 3.34 | C56: 18.15 | D56: 13.51 | E56: 12.17 | F56: Invalid | G56: 63.55 | H56: 29.8 | I56: 11.91 | J56: 1.24 | K56: 312.13 | L56: 35.76 | M56: 23.97 | N56: 292.8 | O56: 0 | P56: 1.01 | Q56: 28.05
A57: 17/03/2025 12:15 | B57: 3.42 | C57: 18.26 | D57: 13.64 | E57: 12.32 | F57: Invalid | G57: 86.66 | H57: 30.72 | I57: 12.08 | J57: 1.13 | K57: 322.11 | L57: 35.98 | M57: 21.94 | N57: 317.5 | O57: 0 | P57: 0.93 | Q57: 28.04
A58: 17/03/2025 12:30 | B58: 4.12 | C58: 17.18 | D58: 13.63 | E58: 15.71 | F58: Invalid | G58: 86.66 | H58: 30.72 | I58: 12.02 | J58: 1.36 | K58: 317.08 | L58: 36.42 | M58: 21.08 | N58: 327.2 | O58: 0 | P58: 0.77 | Q58: 28.06
A59: 17/03/2025 12:45 | B59: 4.4 | C59: 16.99 | D59: 13.76 | E59: 14.32 | F59: Invalid | G59: 86.66 | H59: 30.72 | I59: 10.32 | J59: 0.81 | K59: 320.52 | L59: 36.88 | M59: 20.28 | N59: 329.9 | O59: 0 | P59: 0.73 | Q59: 28.09
A60: 17/03/2025 13:00 | B60: 3.84 | C60: 15.56 | D60: 12.57 | E60: 15.34 | F60: Invalid | G60: 78.67 | H60: 26.7 | I60: 8.38 | J60: 1.12 | K60: 279.74 | L60: 37.18 | M60: 19.63 | N60: 327.9 | O60: 0 | P60: 0.66 | Q60: 28.08
A61: 17/03/2025 13:15 | B61: 3.73 | C61: 14.87 | D61: 12.19 | E61: 15.01 | F61: Invalid | G61: 75.77 | H61: 26.57 | I61: 8.17 | J61: 1.04 | K61: 282.3 | L61: 36.91 | M61: 19.32 | N61: 330.1 | O61: 0 | P61: 0.6 | Q61: 28.08
A62: 17/03/2025 13:30 | B62: 3.46 | C62: 14.5 | D62: 11.7 | E62: 15.51 | F62: Invalid | G62: 75.77 | H62: 26.57 | I62: 6.49 | J62: 0.76 | K62: 326.08 | L62: 37.68 | M62: 17.97 | N62: 320 | O62: 0 | P62: 0.6 | Q62: 28.06
A63: 17/03/2025 13:45 | B63: 3.21 | C63: 15.77 | D63: 12.17 | E63: 10.59 | F63: Invalid | G63: 75.77 | H63: 26.57 | I63: 5.83 | J63: 0.8 | K63: 282.34 | L63: 37.74 | M63: 17.82 | N63: 320.3 | O63: 0 | P63: 0.66 | Q63: 28.03
A64: 17/03/2025 14:00 | B64: 3.26 | C64: 15.99 | D64: 12.32 | E64: 10.53 | F64: Invalid | G64: 70.82 | H64: 30.85 | I64: 5.56 | J64: 1.17 | K64: 307.5 | L64: 37.78 | M64: 17.57 | N64: 328.7 | O64: 0 | P64: 0.65 | Q64: 28
A65: 17/03/2025 14:15 | B65: 3.24 | C65: 16.18 | D65: 12.41 | E65: 10.24 | F65: Invalid | G65: 68.91 | H65: 30.98 | I65: 6.05 | J65: 0.97 | K65: 256.48 | L65: 38.08 | M65: 16.89 | N65: 326.7 | O65: 0 | P65: 0.61 | Q65: 28.01
A66: 17/03/2025 14:30 | B66: 3.21 | C66: 16.14 | D66: 12.35 | E66: 10.08 | F66: Invalid | G66: 68.91 | H66: 30.98 | I66: 6.63 | J66: 0.95 | K66: 274.71 | L66: 38.14 | M66: 16.24 | N66: 309.3 | O66: 0 | P66: 0.62 | Q66: 28.02
A67: 17/03/2025 14:45 | B67: 3.43 | C67: 17.58 | D67: 13.29 | E67: 10.48 | F67: Invalid | G67: 68.91 | H67: 30.98 | I67: 6.69 | J67: 0.81 | K67: 255.53 | L67: 38.23 | M67: 16.89 | N67: 284.4 | O67: 0 | P67: 0.61 | Q67: 28.02
... A104: 17/03/2025 24:00 | B104: 5.69 | C104: 22.93 | D104: 17.9 | E104: 16.52 | F104: Invalid | G104: 87.47 | H104: 34.4 | I104: 8.03 | J104: 0.22 | K104: 172.8 | L104: 27.03 | M104: 35.12 | N104: 5.7 | O104: 0 | P104: 0.78 | Q104: 28.06
A106: Min | B106: =MIN(B9:B104) -> 3.21 | C106: =MIN(C9:C104) -> 14.5 | D106: =MIN(D9:D104) -> 11.7 | E106: =MIN(E9:E104) -> 7.09 | F106: =MIN(F9:F104) -> 0 | G106: =MIN(G9:G104) -> 1.22 | H106: =MIN(H9:H104) -> 15.32 | I106: =MIN(I9:I104) -> 5.56 | ... Q106: =MIN(Q9:Q104) -> 27.99
A107: Max | B107: =MAX(B9:B104) -> 7.51 | C107: =MAX(C9:C104) -> 24.35 | D107: =MAX(D9:D104) -> 17.93 | E107: =MAX(E9:E104) -> 22.75 | F107: =MAX(F9:F104) -> 0 | G107: =MAX(G9:G104) -> 87.47 | H107: =MAX(H9:H104) -> 60.18 | I107: =MAX(I9:I104) -> 16.1 | ... Q107: =MAX(Q9:Q104) -> 28.12
A108: Avg | B108: =AVERAGE(B9:B104) -> 4.659375 | C108: =AVERAGE(C9:C104) -> 18.961354 | D108: =AVERAGE(D9:D104) -> 14.995833 | E108: =AVERAGE(E9:E104) -> 11.128437 | F108: =AVERAGE(F9:F104) -> #DIV/0! | G108: =AVERAGE(G9:G104) -> 35.25 | H108: =AVERAGE(H9:H104) -> 32.015269 | I108: =AVERAGE(I9:I104) -> 10.175521 | ... Q108: =AVERAGE(Q9:Q104) -> 28.051354
A109: Stdev | B109: =STDEV(B9:B104) -> 1.0174517 | C109: =STDEV(C9:C104) -> 2.5488902 | D109: =STDEV(D9:D104) -> 1.5945669 | E109: =STDEV(E9:E104) -> 3.4183029 | F109: =STDEV(F9:F104) -> #DIV/0! | G109: =STDEV(G9:G104) -> 33.068707 | H109: =STDEV(H9:H104) -> 9.7880569 | I109: =STDEV(I9:I104) -> 2.7525528 | ... Q109: =STDEV(Q9:Q104) -> 0.02975761
A110: Num | B110: =COUNT(B9:B104) -> 96 | C110: =COUNT(C9:C104) -> 96 | D110: =COUNT(D9:D104) -> 96 | E110: =COUNT(E9:E104) -> 96 | F110: =COUNT(F9:F104) -> 0 | G110: =COUNT(G9:G104)+4 -> 96 | H110: =COUNT(H9:H104)+3 -> 96 | I110: =COUNT(I9:I104) -> 96 | J110: =COUNT(J9:J104) -> 96 | K110: =COUNT(K9:K104) -> 96 | L110: =COUNT(L9:L104) -> 96 | M110: =COUNT(M9:M104) -> 96 | N110: =COUNT(N9:N104) -> 96 | O110: =COUNT(O9:O104) -> 96 | P110: =COUNT(P9:P104) -> 96 | Q110: =COUNT(Q9:Q104) -> 96
A111: DCR | B111: =IF(B110>=87,">90%",IF(B110<=87,"<90%")) -> >90% | C111: =IF(C110>=87,">90%",IF(C110<=87,"<90%")) -> >90% | D111: =IF(D110>=87,">90%",IF(D110<=87,"<90%")) -> >90% | E111: =IF(E110>=87,">90%",IF(E110<=87,"<90%")) -> >90% | F111: =IF(F110>=87,">90%",IF(F110<=87,"<90%")) -> <90% | G111: =IF(G110>=87,">90%",IF(G110<=87,"<90%")) -> >90% | H111: =IF(H110>=87,">90%",IF(H110<=87,"<90%")) -> >90% | I111: =IF(I110>=87,">90%",IF(I110<=87,"<90%")) -> >90% | ... Q111: =IF(Q110>=87,">90%",IF(Q110<=87,"<90%")) -> >90%
A112: Status | B112: =IF(B110>=87,"OK",IF(B110<=87,"LESS")) -> OK | C112: =IF(C110>=87,"OK",IF(C110<=87,"LESS")) -> OK | D112: =IF(D110>=87,"OK",IF(D110<=87,"LESS")) -> OK | E112: =IF(E110>=87,"OK",IF(E110<=87,"LESS")) -> OK | F112: =IF(F110>=87,"OK",IF(F110<=87,"LESS")) -> LESS | G112: =IF(G110>=87,"OK",IF(G110<=87,"LESS")) -> OK | H112: =IF(H110>=87,"OK",IF(H110<=87,"LESS")) -> OK | I112: =IF(I110>=87,"OK",IF(I110<=87,"LESS")) -> OK | ... Q112: =IF(Q110>=87,"OK",IF(Q110<=87,"LESS")) -> OK
A115: Done by | B115: AKASH
A117: Comment

Sheet 18
A1: Station: | B1: IGKV RAIPUR
A2: Date: | B2: =$A$9 -> 18/03/2025 00:15 | C2: Power Off | G2: Pw.Off | J2: Link Fail | L2: Link F | N2: Maintenance | P2: Maint.
A3: Report Type: | B3: Mean | C3: Calibration | G3: Calib. | J3: Data Fail | L3: Data F | N3: Invalid | P3: Invalid
A4: Time Base: | B4: 15 Min | C4: Zero Referrence | G4: Z.Ref | J4: Warm Up | L4: Wm. Up
A7: Date & Time | B7: NO | C7: NO2 | D7: NOX | E7: SO2 | F7: O3 | G7: PM 10 | H7: PM 2.5 | I7: BENZ | J7: WS | K7: WD | L7: TEMP | M7: HUM | N7: SR | O7: RG | P7: CO | Q7: NH3
B8: ug/m3 | C8: ug/m3 | D8: ppb | E8: ug/m3 | F8: ug/m3 | G8: ug/m3 | H8: ug/m3 | I8: ug/m3 | J8: m/sec | K8: deg | L8: degreC | M8: % | N8: w/m2 | O8: mm | P8: mg/m3 | Q8: ug/m3
A9: 18/03/2025 00:15 | B9: 4.92 | C9: 21.79 | D9: 16.68 | E9: 10.98 | F9: Invalid | G9: 89.15 | H9: 34.46 | I9: 8.03 | J9: 0.33 | K9: 160.21 | L9: 27.02 | M9: 35.78 | N9: 5.7 | O9: 0 | P9: 0.78 | Q9: 28.06
A10: 18/03/2025 00:30 | B10: 5 | C10: 21.12 | D10: 16.39 | E10: 9.37 | F10: Invalid | G10: 89.15 | H10: 34.46 | I10: 8.01 | J10: 0.28 | K10: 180.78 | L10: 26.21 | M10: 38.76 | N10: 6.2 | O10: 0 | P10: 0.78 | Q10: 28.06
A11: 18/03/2025 00:45 | B11: 5.09 | C11: 20.7 | D11: 16.25 | E11: 9.02 | F11: Invalid | G11: 89.15 | H11: 34.46 | I11: 8 | J11: 0.26 | K11: 210.5 | L11: 25.41 | M11: 41.38 | N11: 6.3 | O11: 0 | P11: 0.78 | Q11: 28.06
A12: 18/03/2025 01:00 | B12: 5.22 | C12: 20.27 | D12: 16.13 | E12: 8.12 | F12: Invalid | G12: 86.59 | H12: 32.08 | I12: 7.99 | J12: 0.18 | K12: 190.05 | L12: 24.99 | M12: 42.51 | N12: 5.9 | O12: 0 | P12: 0.77 | Q12: 28.05
A13: 18/03/2025 01:15 | B13: 5.52 | C13: 19.58 | D13: 16.01 | E13: 7.85 | F13: Invalid | G13: 85.66 | H13: 32.01 | I13: 7.95 | J13: 0.2 | K13: 183.64 | L13: 24.84 | M13: 43 | N13: 5.7 | O13: 0 | P13: 0.76 | Q13: 28.08
A14: 18/03/2025 01:30 | B14: 5.8 | C14: 18.94 | D14: 15.9 | E14: 7.93 | F14: Invalid | G14: 85.66 | H14: 32.01 | I14: 7.95 | J14: 0.19 | K14: 187.72 | L14: 24.48 | M14: 44.2 | N14: 6 | O14: 0 | P14: 0.76 | Q14: 28.08
A15: 18/03/2025 01:45 | B15: 6.09 | C15: 18.35 | D15: 15.82 | E15: 7.91 | F15: Invalid | G15: 85.66 | H15: 32.01 | I15: 7.99 | J15: 0.2 | K15: 193.5 | L15: 24.01 | M15: 48.14 | N15: 6.1 | O15: 0 | P15: 0.76 | Q15: 28.09
A16: 18/03/2025 02:00 | B16: 6.43 | C16: 17.79 | D16: 15.8 | E16: 7.9 | F16: Invalid | G16: 81.15 | H16: 29.32 | I16: 7.97 | J16: 0.14 | K16: 123.97 | L16: 23.94 | M16: 46.55 | N16: 5.6 | O16: 0 | P16: 0.77 | Q16: 28.1
A17: 18/03/2025 02:15 | B17: 8.6 | C17: 18.41 | D17: 17.86 | E17: 7.89 | F17: Invalid | G17: 79.51 | H17: 29.24 | I17: 8 | J17: 0.32 | K17: 57.65 | L17: 24.74 | M17: 40.09 | N17: 4.7 | O17: 0 | P17: 0.76 | Q17: 28.13
A18: 18/03/2025 02:30 | B18: 8.06 | C18: 17.89 | D18: 17.16 | E18: 9.53 | F18: Invalid | G18: 79.51 | H18: 29.24 | I18: 8.01 | J18: 0.24 | K18: 186.16 | L18: 24.68 | M18: 44.13 | N18: 6.1 | O18: 0 | P18: 0.77 | Q18: 28.14
A19: 18/03/2025 02:45 | B19: 8.11 | C19: 17.58 | D19: 17.04 | E19: 8.82 | F19: Invalid | G19: 79.51 | H19: 29.24 | I19: 8.06 | J19: 0.22 | K19: 204.33 | L19: 23.47 | M19: 49.32 | N19: 6.6 | O19: 0 | P19: 0.77 | Q19: 28.14
A20: 18/03/2025 03:00 | B20: 8.37 | C20: 17.22 | D20: 17.06 | E20: 8.78 | F20: Invalid | G20: 77.86 | H20: 28.98 | I20: 8.07 | J20: 0.11 | K20: 194.37 | L20: 23.26 | M20: 50.18 | N20: 6 | O20: 0 | P20: 0.78 | Q20: 28.15
... A104: 18/03/2025 24:00 | B104: 17.03 | C104: 21.06 | D104: 26.01 | E104: 9.38 | F104: Invalid | G104: 134.28 | H104: 41.07 | I104: 12.72 | J104: 0.41 | K104: 52.23 | L104: 26.03 | M104: 41.19 | N104: 5.6 | O104: 0 | P104: 1.05 | Q104: 28.46
A106: Min | B106: =MIN(B9:B104) -> 3.67 | C106: =MIN(C9:C104) -> 13.57 | D106: =MIN(D9:D104) -> 11.38 | E106: =MIN(E9:E104) -> 7.85 | F106: =MIN(F9:F104) -> 0 | G106: =MIN(G9:G104) -> 53.25 | H106: =MIN(H9:H104) -> 19.6 | I106: =MIN(I9:I104) -> 5.05 | ... Q106: =MIN(Q9:Q104) -> 27.99
A107: Max | B107: =MAX(B9:B104) -> 20.65 | C107: =MAX(C9:C104) -> 29.66 | D107: =MAX(D9:D104) -> 32.36 | E107: =MAX(E9:E104) -> 22.19 | F107: =MAX(F9:F104) -> 0 | G107: =MAX(G9:G104) -> 207.12 | H107: =MAX(H9:H104) -> 44.79 | I107: =MAX(I9:I104) -> 12.77 | ... Q107: =MAX(Q9:Q104) -> 28.46
A108: Avg | B108: =AVERAGE(B9:B104) -> 8.0845833 | C108: =AVERAGE(C9:C104) -> 19.964375 | D108: =AVERAGE(D9:D104) -> 18.264896 | E108: =AVERAGE(E9:E104) -> 11.583021 | F108: =AVERAGE(F9:F104) -> #DIV/0! | G108: =AVERAGE(G9:G104) -> 85.772917 | H108: =AVERAGE(H9:H104) -> 28.991771 | I108: =AVERAGE(I9:I104) -> 8.0573958 | ... Q108: =AVERAGE(Q9:Q104) -> 28.134687
A109: Stdev | B109: =STDEV(B9:B104) -> 3.9608726 | C109: =STDEV(C9:C104) -> 3.5772947 | D109: =STDEV(D9:D104) -> 4.4009953 | E109: =STDEV(E9:E104) -> 3.1839807 | F109: =STDEV(F9:F104) -> #DIV/0! | G109: =STDEV(G9:G104) -> 34.504537 | H109: =STDEV(H9:H104) -> 7.6099182 | I109: =STDEV(I9:I104) -> 1.7451432 | ... Q109: =STDEV(Q9:Q104) -> 0.11683504
A110: Num | B110: =COUNT(B9:B104) -> 96 | C110: =COUNT(C9:C104) -> 96 | D110: =COUNT(D9:D104) -> 96 | E110: =COUNT(E9:E104) -> 96 | F110: =COUNT(F9:F104) -> 0 | G110: =COUNT(G9:G104) -> 96 | H110: =COUNT(H9:H104) -> 96 | I110: =COUNT(I9:I104) -> 96 | ... Q110: =COUNT(Q9:Q104) -> 96
A111: DCR | B111: =IF(B110>=87,">90%",IF(B110<=87,"<90%")) -> >90% | C111: =IF(C110>=87,">90%",IF(C110<=87,"<90%")) -> >90% | D111: =IF(D110>=87,">90%",IF(D110<=87,"<90%")) -> >90% | E111: =IF(E110>=87,">90%",IF(E110<=87,"<90%")) -> >90% | F111: =IF(F110>=87,">90%",IF(F110<=87,"<90%")) -> <90% | G111: =IF(G110>=87,">90%",IF(G110<=87,"<90%")) -> >90% | H111: =IF(H110>=87,">90%",IF(H110<=87,"<90%")) -> >90% | I111: =IF(I110>=87,">90%",IF(I110<=87,"<90%")) -> >90% | ... Q111: =IF(Q110>=87,">90%",IF(Q110<=87,"<90%")) -> >90%
A112: Status | B112: =IF(B110>=87,"OK",IF(B110<=87,"LESS")) -> OK | C112: =IF(C110>=87,"OK",IF(C110<=87,"LESS")) -> OK | D112: =IF(D110>=87,"OK",IF(D110<=87,"LESS")) -> OK | E112: =IF(E110>=87,"OK",IF(E110<=87,"LESS")) -> OK | F112: =IF(F110>=87,"OK",IF(F110<=87,"LESS")) -> LESS | G112: =IF(G110>=87,"OK",IF(G110<=87,"LESS")) -> OK | H112: =IF(H110>=87,"OK",IF(H110<=87,"LESS")) -> OK | I112: =IF(I110>=87,"OK",IF(I110<=87,"LESS")) -> OK | ... Q112: =IF(Q110>=87,"OK",IF(Q110<=87,"LESS")) -> OK
A115: Done by | B115: AKASH
A117: Comment

Sheet 19
A1: Station: | B1: IGKV RAIPUR
A2: Date: | B2: =$A$9 -> 19/03/2025 00:15 | C2: Power Off | G2: Pw.Off | J2: Link Fail | L2: Link F | N2: Maintenance | P2: Maint.
A3: Report Type: | B3: Mean | C3: Calibration | G3: Calib. | J3: Data Fail | L3: Data F | N3: Invalid | P3: Invalid
A4: Time Base: | B4: 15 Min | C4: Zero Referrence | G4: Z.Ref | J4: Warm Up | L4: Wm. Up
A7: Date & Time | B7: NO | C7: NO2 | D7: NOX | E7: SO2 | F7: O3 | G7: PM 10 | H7: PM 2.5 | I7: BENZ | J7: WS | K7: WD | L7: TEMP | M7: HUM | N7: SR | O7: RG | P7: CO | Q7: NH3
B8: ug/m3 | C8: ug/m3 | D8: ppb | E8: ug/m3 | F8: ug/m3 | G8: ug/m3 | H8: ug/m3 | I8: ug/m3 | J8: m/sec | K8: deg | L8: degreC | M8: % | N8: w/m2 | O8: mm | P8: mg/m3 | Q8: ug/m3
A9: 19/03/2025 00:15 | B9: 16.58 | C9: 20.93 | D9: 25.58 | E9: 10.15 | F9: Invalid | G9: 134.67 | H9: 41.04 | I9: 12.33 | J9: 0.31 | K9: 83.6 | L9: 27.04 | M9: 37.06 | N9: 5.2 | O9: 0 | P9: 1.04 | Q9: 28.48
A10: 19/03/2025 00:30 | B10: 16.56 | C10: 21.47 | D10: 25.85 | E10: 10.38 | F10: Invalid | G10: 134.67 | H10: 41.04 | I10: 12.33 | J10: 0.48 | K10: 54.11 | L10: 27.24 | M10: 35.82 | N10: 5.2 | O10: 0 | P10: 1.02 | Q10: 28.46
A11: 19/03/2025 00:45 | B11: 16.69 | C11: 21.57 | D11: 26.01 | E11: 10.31 | F11: Invalid | G11: 134.67 | H11: 41.04 | I11: 12.23 | J11: 0.36 | K11: 70.55 | L11: 27.24 | M11: 35.28 | N11: 5.6 | O11: 0 | P11: 1.02 | Q11: 28.46
A12: 19/03/2025 01:00 | B12: 16.77 | C12: 21.16 | D12: 25.85 | E12: 10.2 | F12: Invalid | G12: 101.06 | H12: 38 | I12: 12.15 | J12: 0.23 | K12: 48.39 | L12: 27.05 | M12: 35.61 | N12: 5.6 | O12: 0 | P12: 1.03 | Q12: 28.46
A13: 19/03/2025 01:15 | B13: 16.76 | C13: 20.8 | D13: 25.66 | E13: 9.71 | F13: Invalid | G13: 88.84 | H13: 37.95 | I13: 12.07 | J13: 0.19 | K13: 76.69 | L13: 26.59 | M13: 37.54 | N13: 6 | O13: 0 | P13: 1.02 | Q13: 28.47
A14: 19/03/2025 01:30 | B14: 16.61 | C14: 21.2 | D14: 25.75 | E14: 9.88 | F14: Invalid | G14: 88.84 | H14: 37.95 | I14: 12.02 | J14: 0.24 | K14: 88.98 | L14: 26.48 | M14: 37.68 | N14: 5.9 | O14: 0 | P14: 1.02 | Q14: 28.46
A15: 19/03/2025 01:45 | B15: 16.31 | C15: 21.74 | D15: 25.79 | E15: 9.79 | F15: Invalid | G15: 88.84 | H15: 37.95 | I15: 11.99 | J15: 0.32 | K15: 64.65 | L15: 26.53 | M15: 36.87 | N15: 5.5 | O15: 0 | P15: 1 | Q15: 28.45
A16: 19/03/2025 02:00 | B16: 15.67 | C16: 21.81 | D16: 25.31 | E16: 9.74 | F16: Invalid | G16: 84.85 | H16: 37.01 | I16: 11.82 | J16: 0.43 | K16: 53.65 | L16: 26.65 | M16: 35.99 | N16: 5.5 | O16: 0 | P16: 0.97 | Q16: 28.43
A17: 19/03/2025 02:15 | B17: 14.78 | C17: 21.65 | D17: 24.52 | E17: 9.41 | F17: Invalid | G17: 83.4 | H17: 36.98 | I17: 11.61 | J17: 0.47 | K17: 49.56 | L17: 26.57 | M17: 35.7 | N17: 5.7 | O17: 0 | P17: 0.98 | Q17: 28.41
A18: 19/03/2025 02:30 | B18: 14.07 | C18: 22.09 | D18: 24.17 | E18: 10.72 | F18: Invalid | G18: 83.4 | H18: 36.98 | I18: 11.44 | J18: 0.17 | K18: 108.31 | L18: 26.23 | M18: 38.16 | N18: 6.1 | O18: 0 | P18: 0.96 | Q18: 28.4
A19: 19/03/2025 02:45 | B19: 13.55 | C19: 22.25 | D19: 23.84 | E19: 10.33 | F19: Invalid | G19: 83.4 | H19: 36.98 | I19: 11.4 | J19: 0.17 | K19: 157.82 | L19: 25.38 | M19: 43.46 | N19: 6.4 | O19: 0 | P19: 0.95 | Q19: 28.37
A20: 19/03/2025 03:00 | B20: 12.91 | C20: 22.42 | D20: 23.42 | E20: 10.48 | F20: Invalid | G20: 76.82 | H20: 33.14 | I20: 11.28 | J20: 0.46 | K20: 56.08 | L20: 25.53 | M20: 39.44 | N20: 5.3 | O20: 0 | P20: 0.92 | Q20: 28.35
... A104: 19/03/2025 24:00 | B104: 3.75 | C104: 17.41 | D104: 13.46 | E104: 9.01 | F104: Invalid | G104: 87.81 | H104: 42.34 | I104: 11.09 | J104: 0.11 | K104: 208.02 | L104: 27.19 | M104: 51.08 | N104: 6 | O104: 0 | P104: 1.02 | Q104: 28.01
A106: Min | B106: =MIN(B9:B104) -> 3.45 | C106: =MIN(C9:C104) -> 17.41 | D106: =MIN(D9:D104) -> 13.46 | E106: =MIN(E9:E104) -> 8.15 | F106: =MIN(F9:F104) -> 0 | G106: =MIN(G9:G104) -> 58.21 | H106: =MIN(H9:H104) -> 26.66 | I106: =MIN(I9:I104) -> 9.72 | ... Q106: =MIN(Q9:Q104) -> 27.99
A107: Max | B107: =MAX(B9:B104) -> 16.77 | C107: =MAX(C9:C104) -> 33.76 | D107: =MAX(D9:D104) -> 26.01 | E107: =MAX(E9:E104) -> 32.35 | F107: =MAX(F9:F104) -> 0 | G107: =MAX(G9:G104) -> 138.89 | H107: =MAX(H9:H104) -> 47.58 | I107: =MAX(I9:I104) -> 13.33 | ... Q107: =MAX(Q9:Q104) -> 28.48
A108: Avg | B108: =AVERAGE(B9:B104) -> 7.1051042 | C108: =AVERAGE(C9:C104) -> 21.419896 | D108: =AVERAGE(D9:D104) -> 18.240521 | E108: =AVERAGE(E9:E104) -> 13.600833 | F108: =AVERAGE(F9:F104) -> #DIV/0! | G108: =AVERAGE(G9:G104) -> 91.040937 | H108: =AVERAGE(H9:H104) -> 36.82375 | I108: =AVERAGE(I9:I104) -> 11.080521 | ... Q108: =AVERAGE(Q9:Q104) -> 28.132396
A109: Stdev | B109: =STDEV(B9:B104) -> 4.0928065 | C109: =STDEV(C9:C104) -> 3.4807705 | D109: =STDEV(D9:D104) -> 3.8642827 | E109: =STDEV(E9:E104) -> 5.462912 | F109: =STDEV(F9:F104) -> #DIV/0! | G109: =STDEV(G9:G104) -> 20.825189 | H109: =STDEV(H9:H104) -> 5.1370047 | I109: =STDEV(I9:I104) -> 0.87906454 | ... Q109: =STDEV(Q9:Q104) -> 0.14500631
A110: Num | B110: =COUNT(B9:B104) -> 96 | C110: =COUNT(C9:C104) -> 96 | D110: =COUNT(D9:D104) -> 96 | E110: =COUNT(E9:E104) -> 96 | F110: =COUNT(F9:F104) -> 0 | G110: =COUNT(G9:G104) -> 96 | H110: =COUNT(H9:H104) -> 96 | I110: =COUNT(I9:I104) -> 96 | ... Q110: =COUNT(Q9:Q104) -> 96
A111: DCR | B111: =IF(B110>=87,">90%",IF(B110<=87,"<90%")) -> >90% | C111: =IF(C110>=87,">90%",IF(C110<=87,"<90%")) -> >90% | D111: =IF(D110>=87,">90%",IF(D110<=87,"<90%")) -> >90% | E111: =IF(E110>=87,">90%",IF(E110<=87,"<90%")) -> >90% | F111: =IF(F110>=87,">90%",IF(F110<=87,"<90%")) -> <90% | G111: =IF(G110>=87,">90%",IF(G110<=87,"<90%")) -> >90% | H111: =IF(H110>=87,">90%",IF(H110<=87,"<90%")) -> >90% | I111: =IF(I110>=87,">90%",IF(I110<=87,"<90%")) -> >90% | ... Q111: =IF(Q110>=87,">90%",IF(Q110<=87,"<90%")) -> >90%
A112: Status | B112: =IF(B110>=87,"OK",IF(B110<=87,"LESS")) -> OK | C112: =IF(C110>=87,"OK",IF(C110<=87,"LESS")) -> OK | D112: =IF(D110>=87,"OK",IF(D110<=87,"LESS")) -> OK | E112: =IF(E110>=87,"OK",IF(E110<=87,"LESS")) -> OK | F112: =IF(F110>=87,"OK",IF(F110<=87,"LESS")) -> LESS | G112: =IF(G110>=87,"OK",IF(G110<=87,"LESS")) -> OK | H112: =IF(H110>=87,"OK",IF(H110<=87,"LESS")) -> OK | I112: =IF(I110>=87,"OK",IF(I110<=87,"LESS")) -> OK | ... Q112: =IF(Q110>=87,"OK",IF(Q110<=87,"LESS")) -> OK
A115: Done by | B115: AKASH
A117: Comment

Sheet 20
A1: Station: | B1: IGKV RAIPUR
A2: Date: | B2: =$A$9 -> 20/03/2025 00:15 | C2: Power Off | G2: Pw.Off | J2: Link Fail | L2: Link F | N2: Maintenance | P2: Maint.
A3: Report Type: | B3: Mean | C3: Calibration | G3: Calib. | J3: Data Fail | L3: Data F | N3: Invalid | P3: Invalid
A4: Time Base: | B4: 15 Min | C4: Zero Referrence | G4: Z.Ref | J4: Warm Up | L4: Wm. Up
A7: Date & Time | B7: NO | C7: NO2 | D7: NOX | E7: SO2 | F7: O3 | G7: PM 10 | H7: PM 2.5 | I7: BENZ | J7: WS | K7: WD | L7: TEMP | M7: HUM | N7: SR | O7: RG | P7: CO | Q7: NH3
B8: ug/m3 | C8: ug/m3 | D8: ppb | E8: ug/m3 | F8: ug/m3 | G8: ug/m3 | H8: ug/m3 | I8: ug/m3 | J8: m/sec | K8: deg | L8: degreC | M8: % | N8: w/m2 | O8: mm | P8: mg/m3 | Q8: ug/m3
A9: 20/03/2025 00:15 | B9: 3.61 | C9: 17.71 | D9: 13.5 | E9: 8.97 | F9: Invalid | G9: 84.37 | H9: 42.35 | I9: 10.87 | J9: 0.13 | K9: 194.1 | L9: 27.11 | M9: 50.99 | N9: 5.9 | O9: 0 | P9: 1.02 | Q9: 28
A10: 20/03/2025 00:30 | B10: 3.64 | C10: 17.41 | D10: 13.37 | E10: 8.93 | F10: Invalid | G10: 84.37 | H10: 42.35 | I10: 10.71 | J10: 0.1 | K10: 221.36 | L10: 26.84 | M10: 51.86 | N10: 6 | O10: 0 | P10: 1 | Q10: 28.01
A11: 20/03/2025 00:45 | B11: 3.65 | C11: 17.25 | D11: 13.29 | E11: 8.73 | F11: Invalid | G11: 84.37 | H11: 42.35 | I11: 10.64 | J11: 0.15 | K11: 159.15 | L11: 26.8 | M11: 52.03 | N11: 5.9 | O11: 0 | P11: 0.99 | Q11: 28
A12: 20/03/2025 01:00 | B12: 3.68 | C12: 17.26 | D12: 13.32 | E12: 8.48 | F12: Invalid | G12: 71.01 | H12: 34.24 | I12: 10.47 | J12: 0.17 | K12: 162.49 | L12: 26.5 | M12: 53.36 | N12: 6 | O12: 0 | P12: 0.98 | Q12: 27.98
A13: 20/03/2025 01:15 | B13: 3.7 | C13: 17.25 | D13: 13.33 | E13: 8.68 | F13: Invalid | G13: 66.16 | H13: 34.11 | I13: 10.31 | J13: 0.17 | K13: 210.37 | L13: 26.21 | M13: 54.11 | N13: 6 | O13: 0 | P13: 0.96 | Q13: 27.98
A14: 20/03/2025 01:30 | B14: 3.71 | C14: 17.13 | D14: 13.28 | E14: 8.7 | F14: Invalid | G14: 66.16 | H14: 34.11 | I14: 10.24 | J14: 0.12 | K14: 159.54 | L14: 26.16 | M14: 54.01 | N14: 5.9 | O14: 0 | P14: 0.96 | Q14: 28
A15: 20/03/2025 01:45 | B15: 3.74 | C15: 17.1 | D15: 13.28 | E15: 8.71 | F15: Invalid | G15: 66.16 | H15: 34.11 | I15: 10.1 | J15: 0.1 | K15: 204.98 | L15: 25.91 | M15: 55.33 | N15: 6 | O15: 0 | P15: 0.94 | Q15: 28
A16: 20/03/2025 02:00 | B16: 3.77 | C16: 16.87 | D16: 13.19 | E16: 8.71 | F16: Invalid | G16: 59.1 | H16: 32.79 | I16: 9.96 | J16: 0.14 | K16: 206.38 | L16: 25.75 | M16: 56.09 | N16: 5.8 | O16: 0 | P16: 0.94 | Q16: 28
A17: 20/03/2025 02:15 | B17: 3.9 | C17: 16.41 | D17: 13.05 | E17: 7.91 | F17: Invalid | G17: 56.53 | H17: 32.75 | I17: 9.84 | J17: 0.19 | K17: 222.66 | L17: 25.89 | M17: 55.7 | N17: 5.7 | O17: 0 | P17: 0.93 | Q17: 28.02
A18: 20/03/2025 02:30 | B18: 4.08 | C18: 15.88 | D18: 12.92 | E18: 8.88 | F18: Invalid | G18: 56.53 | H18: 32.75 | I18: 9.73 | J18: 0.14 | K18: 226.54 | L18: 25.87 | M18: 56.17 | N18: 5.8 | O18: 0 | P18: 0.92 | Q18: 28.03
A19: 20/03/2025 02:45 | B19: 4.25 | C19: 16.63 | D19: 13.45 | E19: 8.93 | F19: Invalid | G19: 56.53 | H19: 32.75 | I19: 9.74 | J19: 0.1 | K19: 191.45 | L19: 25.82 | M19: 56.27 | N19: 5.9 | O19: 0 | P19: 0.91 | Q19: 28.03
A20: 20/03/2025 03:00 | B20: 4.36 | C20: 16.72 | D20: 13.58 | E20: 9.27 | F20: Invalid | G20: 53.18 | H20: 28.64 | I20: 9.69 | J20: 0.11 | K20: 227.1 | L20: 25.7 | M20: 57.07 | N20: 6 | O20: 0 | P20: 0.9 | Q20: 28.04
... A104: 20/03/2025 24:00 | B104: 6.95 | C104: 17.86 | D104: 16.25 | E104: 9.2 | F104: Invalid | G104: 68.42 | H104: 21.58 | I104: 11.11 | J104: 0.2 | K104: 171.11 | L104: 26.5 | M104: 50.53 | N104: 6.1 | O104: 0 | P104: 0.87 | Q104: 28.13
A106: Min | B106: =MIN(B9:B104) -> 3.61 | C106: =MIN(C9:C104) -> 14.76 | D106: =MIN(D9:D104) -> 12.12 | E106: =MIN(E9:E104) -> 6.78 | F106: =MIN(F9:F104) -> 0 | G106: =MIN(G9:G104) -> 29.97 | H106: =MIN(H9:H104) -> 10.79 | I106: =MIN(I9:I104) -> 6.23 | ... Q106: =MIN(Q9:Q104) -> 27.98
A107: Max | B107: =MAX(B9:B104) -> 10.91 | C107: =MAX(C9:C104) -> 27.27 | D107: =MAX(D9:D104) -> 20.43 | E107: =MAX(E9:E104) -> 19.01 | F107: =MAX(F9:F104) -> 0 | G107: =MAX(G9:G104) -> 84.37 | H107: =MAX(H9:H104) -> 42.35 | I107: =MAX(I9:I104) -> 12.51 | ... Q107: =MAX(Q9:Q104) -> 28.15
A108: Avg | B108: =AVERAGE(B9:B104) -> 4.9233333 | C108: =AVERAGE(C9:C104) -> 19.185208 | D108: =AVERAGE(D9:D104) -> 15.322812 | E108: =AVERAGE(E9:E104) -> 9.3611458 | F108: =AVERAGE(F9:F104) -> #DIV/0! | G108: =AVERAGE(G9:G104) -> 54.829375 | H108: =AVERAGE(H9:H104) -> 25.744583 | I108: =AVERAGE(I9:I104) -> 9.6566667 | ... Q108: =AVERAGE(Q9:Q104) -> 28.051146
A109: Stdev | B109: =STDEV(B9:B104) -> 1.2828969 | C109: =STDEV(C9:C104) -> 2.9899463 | D109: =STDEV(D9:D104) -> 1.9449534 | E109: =STDEV(E9:E104) -> 2.1038135 | F109: =STDEV(F9:F104) -> #DIV/0! | G109: =STDEV(G9:G104) -> 14.438297 | H109: =STDEV(H9:H104) -> 7.5242671 | I109: =STDEV(I9:I104) -> 1.4533596 | ... Q109: =STDEV(Q9:Q104) -> 0.040206566
A110: Num | B110: =COUNT(B9:B104) -> 96 | C110: =COUNT(C9:C104) -> 96 | D110: =COUNT(D9:D104) -> 96 | E110: =COUNT(E9:E104) -> 96 | F110: =COUNT(F9:F104) -> 0 | G110: =COUNT(G9:G104) -> 96 | H110: =COUNT(H9:H104) -> 96 | I110: =COUNT(I9:I104) -> 96 | ... Q110: =COUNT(Q9:Q104) -> 96
A111: DCR | B111: =IF(B110>=87,">90%",IF(B110<=87,"<90%")) -> >90% | C111: =IF(C110>=87,">90%",IF(C110<=87,"<90%")) -> >90% | D111: =IF(D110>=87,">90%",IF(D110<=87,"<90%")) -> >90% | E111: =IF(E110>=87,">90%",IF(E110<=87,"<90%")) -> >90% | F111: =IF(F110>=87,">90%",IF(F110<=87,"<90%")) -> <90% | G111: =IF(G110>=87,">90%",IF(G110<=87,"<90%")) -> >90% | H111: =IF(H110>=87,">90%",IF(H110<=87,"<90%")) -> >90% | I111: =IF(I110>=87,">90%",IF(I110<=87,"<90%")) -> >90% | ... Q111: =IF(Q110>=87,">90%",IF(Q110<=87,"<90%")) -> >90%
A112: Status | B112: =IF(B110>=87,"OK",IF(B110<=87,"LESS")) -> OK | C112: =IF(C110>=87,"OK",IF(C110<=87,"LESS")) -> OK | D112: =IF(D110>=87,"OK",IF(D110<=87,"LESS")) -> OK | E112: =IF(E110>=87,"OK",IF(E110<=87,"LESS")) -> OK | F112: =IF(F110>=87,"OK",IF(F110<=87,"LESS")) -> LESS | G112: =IF(G110>=87,"OK",IF(G110<=87,"LESS")) -> OK | H112: =IF(H110>=87,"OK",IF(H110<=87,"LESS")) -> OK | I112: =IF(I110>=87,"OK",IF(I110<=87,"LESS")) -> OK | ... Q112: =IF(Q110>=87,"OK",IF(Q110<=87,"LESS")) -> OK
A115: Done by | B115: AKASH
A117: Comment

Sheet 21
A1: Station: | B1: IGKV RAIPUR
A2: Date: | B2: =$A$9 -> 21/03/2025 00:15 | C2: Power Off | G2: Pw.Off | J2: Link Fail | L2: Link F | N2: Maintenance | P2: Maint.
A3: Report Type: | B3: Mean | C3: Calibration | G3: Calib. | J3: Data Fail | L3: Data F | N3: Invalid | P3: Invalid
A4: Time Base: | B4: 15 Min | C4: Zero Referrence | G4: Z.Ref | J4: Warm Up | L4: Wm. Up
A7: Date & Time | B7: NO | C7: NO2 | D7: NOX | E7: SO2 | F7: O3 | G7: PM 10 | H7: PM 2.5 | I7: BENZ | J7: WS | K7: WD | L7: TEMP | M7: HUM | N7: SR | O7: RG | P7: CO | Q7: NH3
B8: ug/m3 | C8: ug/m3 | D8: ppb | E8: ug/m3 | F8: ug/m3 | G8: ug/m3 | H8: ug/m3 | I8: ug/m3 | J8: m/sec | K8: deg | L8: degreC | M8: % | N8: w/m2 | O8: mm | P8: mg/m3 | Q8: ug/m3
A9: 21/03/2025 00:15 | B9: 7.3 | C9: 18.14 | D9: 16.68 | E9: 9.2 | F9: Invalid | G9: 68.35 | H9: 21.53 | I9: 11.13 | J9: 0.2 | K9: 200.49 | L9: 26.35 | M9: 50.3 | N9: 6.4 | O9: 0 | P9: 0.89 | Q9: 28.12
A10: 21/03/2025 00:30 | B10: 7.37 | C10: 17.72 | D10: 16.52 | E10: 9.19 | F10: Invalid | G10: 68.35 | H10: 21.53 | I10: 11.17 | J10: 0.17 | K10: 195.28 | L10: 26.23 | M10: 49.97 | N10: 6.3 | O10: 0 | P10: 0.88 | Q10: 28.11
A11: 21/03/2025 00:45 | B11: 7.49 | C11: 17.53 | D11: 16.52 | E11: 8.94 | F11: Invalid | G11: 68.35 | H11: 21.53 | I11: 11.21 | J11: 0.14 | K11: 166.65 | L11: 26.36 | M11: 50.81 | N11: 6.3 | O11: 0 | P11: 0.89 | Q11: 28.14
A12: 21/03/2025 01:00 | B12: 7.69 | C12: 17.6 | D12: 16.72 | E12: 8.74 | F12: Invalid | G12: 66.37 | H12: 21.92 | I12: 11.23 | J12: 0.14 | K12: 167.96 | L12: 26.47 | M12: 50.07 | N12: 6.2 | O12: 0 | P12: 0.88 | Q12: 28.14
A13: 21/03/2025 01:15 | B13: 7.83 | C13: 17.3 | D13: 16.67 | E13: 8.82 | F13: Invalid | G13: 65.65 | H13: 21.93 | I13: 11.27 | J13: 0.14 | K13: 173.21 | L13: 26.46 | M13: 49.13 | N13: 6 | O13: 0 | P13: 0.88 | Q13: 28.15
A14: 21/03/2025 01:30 | B14: 7.98 | C14: 17.24 | D14: 16.76 | E14: 8.74 | F14: Invalid | G14: 65.65 | H14: 21.93 | I14: 11.31 | J14: 0.16 | K14: 176.41 | L14: 26.2 | M14: 53.53 | N14: 6.4 | O14: 0 | P14: 0.89 | Q14: 28.15
A15: 21/03/2025 01:45 | B15: 8.07 | C15: 17.14 | D15: 16.78 | E15: 8.74 | F15: Invalid | G15: 65.65 | H15: 21.93 | I15: 11.32 | J15: 0.12 | K15: 179.07 | L15: 26.14 | M15: 51 | N15: 6.3 | O15: 0 | P15: 0.87 | Q15: 28.17
A16: 21/03/2025 02:00 | B16: 8.13 | C16: 17.04 | D16: 16.78 | E16: 8.92 | F16: Invalid | G16: 63.57 | H16: 23.74 | I16: 11.31 | J16: 0.17 | K16: 96.96 | L16: 26.38 | M16: 50.73 | N16: 6.3 | O16: 0 | P16: 0.88 | Q16: 28.17
A17: 21/03/2025 02:15 | B17: 8.42 | C17: 17.2 | D17: 17.09 | E17: 7.86 | F17: Invalid | G17: 62.81 | H17: 23.8 | I17: 11.3 | J17: 0.86 | K17: 349.18 | L17: 27.13 | M17: 45.89 | N17: 4.9 | O17: 0 | P17: 0.88 | Q17: 28.16
A18: 21/03/2025 02:30 | B18: 9.25 | C18: 17.9 | D18: 18.12 | E18: 9.91 | F18: Invalid | G18: 62.81 | H18: 23.8 | I18: 11.25 | J18: 0.61 | K18: 334.21 | L18: 28.2 | M18: 43.91 | N18: 5.5 | O18: 0 | P18: 0.88 | Q18: 28.14
A19: 21/03/2025 02:45 | B19: 8.48 | C19: 18.23 | D19: 17.68 | E19: 10.94 | F19: Invalid | G19: 62.81 | H19: 23.8 | I19: 11.22 | J19: 0.61 | K19: 20.52 | L19: 28.06 | M19: 42.99 | N19: 6.6 | O19: 0 | P19: 0.91 | Q19: 28.15
A20: 21/03/2025 03:00 | B20: 8.12 | C20: 18.86 | D20: 17.72 | E20: 10.89 | F20: Invalid | G20: 64.79 | H20: 26.04 | I20: 11.28 | J20: 0.71 | K20: 14.32 | L20: 27.78 | M20: 42.21 | N20: 6.7 | O20: 0 | P20: 0.9 | Q20: 28.15
... A104: 21/03/2025 24:00 | B104: 5.43 | C104: 19.44 | D104: 15.86 | E104: 8.46 | F104: Invalid | G104: 23.03 | H104: 12.81 | I104: 8.59 | J104: 0.14 | K104: 143.38 | L104: 23.8 | M104: 71.02 | N104: 6.3 | O104: 0 | P104: 0.49 | Q104: 28.07
A106: Min | B106: =MIN(B9:B104) -> 3.6 | C106: =MIN(C9:C104) -> 15.05 | D106: =MIN(D9:D104) -> 12.11 | E106: =MIN(E9:E104) -> 7.08 | F106: =MIN(F9:F104) -> 0 | G106: =MIN(G9:G104) -> 23.03 | H106: =MIN(H9:H104) -> 9.73 | I106: =MIN(I9:I104) -> 8.59 | ... Q106: =MIN(Q9:Q104) -> 27.99
A107: Max | B107: =MAX(B9:B104) -> 9.25 | C107: =MAX(C9:C104) -> 22.6 | D107: =MAX(D9:D104) -> 19.41 | E107: =MAX(E9:E104) -> 12.58 | F107: =MAX(F9:F104) -> 0 | G107: =MAX(G9:G104) -> 106.22 | H107: =MAX(H9:H104) -> 57.73 | I107: =MAX(I9:I104) -> 14.95 | ... Q107: =MAX(Q9:Q104) -> 28.17
A108: Avg | B108: =AVERAGE(B9:B104) -> 5.9785417 | C108: =AVERAGE(C9:C104) -> 18.765208 | D108: =AVERAGE(D9:D104) -> 15.949375 | E108: =AVERAGE(E9:E104) -> 8.9391667 | F108: =AVERAGE(F9:F104) -> #DIV/0! | G108: =AVERAGE(G9:G104) -> 64.024896 | H108: =AVERAGE(H9:H104) -> 26.432292 | I108: =AVERAGE(I9:I104) -> 10.327708 | ... Q108: =AVERAGE(Q9:Q104) -> 28.084062
A109: Stdev | B109: =STDEV(B9:B104) -> 1.6300035 | C109: =STDEV(C9:C104) -> 1.9272631 | D109: =STDEV(D9:D104) -> 1.8416085 | E109: =STDEV(E9:E104) -> 0.77578167 | F109: =STDEV(F9:F104) -> #DIV/0! | G109: =STDEV(G9:G104) -> 21.437099 | H109: =STDEV(H9:H104) -> 10.205325 | I109: =STDEV(I9:I104) -> 1.6815372 | ... Q109: =STDEV(Q9:Q104) -> 0.054879353
A110: Num | B110: =COUNT(B9:B104) -> 96 | C110: =COUNT(C9:C104) -> 96 | D110: =COUNT(D9:D104) -> 96 | E110: =COUNT(E9:E104) -> 96 | F110: =COUNT(F9:F104) -> 0 | G110: =COUNT(G9:G104) -> 96 | H110: =COUNT(H9:H104) -> 96 | I110: =COUNT(I9:I104) -> 96 | ... Q110: =COUNT(Q9:Q104) -> 96
A111: DCR | B111: =IF(B110>=87,">90%",IF(B110<=87,"<90%")) -> >90% | C111: =IF(C110>=87,">90%",IF(C110<=87,"<90%")) -> >90% | D111: =IF(D110>=87,">90%",IF(D110<=87,"<90%")) -> >90% | E111: =IF(E110>=87,">90%",IF(E110<=87,"<90%")) -> >90% | F111: =IF(F110>=87,">90%",IF(F110<=87,"<90%")) -> <90% | G111: =IF(G110>=87,">90%",IF(G110<=87,"<90%")) -> >90% | H111: =IF(H110>=87,">90%",IF(H110<=87,"<90%")) -> >90% | I111: =IF(I110>=87,">90%",IF(I110<=87,"<90%")) -> >90% | ... Q111: =IF(Q110>=87,">90%",IF(Q110<=87,"<90%")) -> >90%
A112: Status | B112: =IF(B110>=87,"OK",IF(B110<=87,"LESS")) -> OK | C112: =IF(C110>=87,"OK",IF(C110<=87,"LESS")) -> OK | D112: =IF(D110>=87,"OK",IF(D110<=87,"LESS")) -> OK | E112: =IF(E110>=87,"OK",IF(E110<=87,"LESS")) -> OK | F112: =IF(F110>=87,"OK",IF(F110<=87,"LESS")) -> LESS | G112: =IF(G110>=87,"OK",IF(G110<=87,"LESS")) -> OK | H112: =IF(H110>=87,"OK",IF(H110<=87,"LESS")) -> OK | I112: =IF(I110>=87,"OK",IF(I110<=87,"LESS")) -> OK | ... Q112: =IF(Q110>=87,"OK",IF(Q110<=87,"LESS")) -> OK
A115: Done by | B115: AKASH
A117: Comment

Sheet 22
A1: Station: | B1: IGKV RAIPUR
A2: Date: | B2: =$A$9 -> 22/03/2025 00:15 | C2: Power Off | G2: Pw.Off | J2: Link Fail | L2: Link F | N2: Maintenance | P2: Maint.
A3: Report Type: | B3: Mean | C3: Calibration | G3: Calib. | J3: Data Fail | L3: Data F | N3: Invalid | P3: Invalid
A4: Time Base: | B4: 15 Min | C4: Zero Referrence | G4: Z.Ref | J4: Warm Up | L4: Wm. Up
A7: Date & Time | B7: NO | C7: NO2 | D7: NOX | E7: SO2 | F7: O3 | G7: PM 10 | H7: PM 2.5 | I7: BENZ | J7: WS | K7: WD | L7: TEMP | M7: HUM | N7: SR | O7: RG | P7: CO | Q7: NH3
B8: ug/m3 | C8: ug/m3 | D8: ppb | E8: ug/m3 | F8: ug/m3 | G8: ug/m3 | H8: ug/m3 | I8: ug/m3 | J8: m/sec | K8: deg | L8: degreC | M8: % | N8: w/m2 | O8: mm | P8: mg/m3 | Q8: ug/m3
A9: 22/03/2025 00:15 | B9: 5.49 | C9: 19.59 | D9: 15.99 | E9: 8.2 | F9: Invalid | G9: 21.65 | H9: 12.73 | I9: Maint. | J9: 0.15 | K9: 134.91 | L9: 23.71 | M9: 71.75 | N9: 6.3 | O9: 0 | P9: 0.49 | Q9: 28.06
A10: 22/03/2025 00:30 | B10: 5.36 | C10: 19.33 | D10: 15.75 | E10: 8.23 | F10: Invalid | G10: 21.65 | H10: 12.73 | I10: Maint. | J10: 0.19 | K10: 145.96 | L10: 23.67 | M10: 71.97 | N10: 6 | O10: 0 | P10: 0.48 | Q10: 28.05
A11: 22/03/2025 00:45 | B11: 5.3 | C11: 19.22 | D11: 15.65 | E11: 8 | F11: Invalid | G11: 21.65 | H11: 12.73 | I11: Maint. | J11: 0.2 | K11: 161.57 | L11: 23.55 | M11: 72.52 | N11: 6.4 | O11: 0 | P11: 0.48 | Q11: 28.06
A12: 22/03/2025 01:00 | B12: 5.29 | C12: 19.21 | D12: 15.63 | E12: 8.44 | F12: Invalid | G12: 19.82 | H12: 11.88 | I12: Maint. | J12: 0.25 | K12: 185.23 | L12: 23.12 | M12: 74.7 | N12: 6.7 | O12: 0 | P12: 0.47 | Q12: 28.05
A13: 22/03/2025 01:15 | B13: 5.31 | C13: 19.04 | D13: 15.56 | E13: 8.06 | F13: Invalid | G13: 19.16 | H13: 11.87 | I13: Maint. | J13: 0.16 | K13: 196.01 | L13: 22.88 | M13: 75.89 | N13: 6.4 | O13: 0 | P13: 0.46 | Q13: 28.07
A14: 22/03/2025 01:30 | B14: 5.36 | C14: 18.85 | D14: 15.49 | E14: 8.2 | F14: Invalid | G14: 19.16 | H14: 11.87 | I14: Maint. | J14: 0.16 | K14: 218.53 | L14: 22.68 | M14: 77.85 | N14: 6.4 | O14: 0 | P14: 0.46 | Q14: 28.04
A15: 22/03/2025 01:45 | B15: 5.44 | C15: 18.75 | D15: 15.51 | E15: 8.06 | F15: Invalid | G15: 19.16 | H15: 11.87 | I15: Maint. | J15: 0.22 | K15: 226.8 | L15: 22.68 | M15: 78.21 | N15: 6.3 | O15: 0 | P15: 0.45 | Q15: 28.05
A16: 22/03/2025 02:00 | B16: 5.51 | C16: 19.01 | D16: 15.7 | E16: 8.19 | F16: Invalid | G16: 20.76 | H16: 11.87 | I16: Maint. | J16: 0.28 | K16: 234.3 | L16: 22.62 | M16: 78.34 | N16: 6.2 | O16: 0 | P16: 0.44 | Q16: 28.04
A17: 22/03/2025 02:15 | B17: 5.63 | C17: 18.76 | D17: 15.67 | E17: 7.04 | F17: Invalid | G17: 21.34 | H17: 11.87 | I17: Maint. | J17: 0.46 | K17: 330.28 | L17: 22.76 | M17: 76.99 | N17: 6.1 | O17: 0 | P17: 0.44 | Q17: 28.05
A18: 22/03/2025 02:30 | B18: 5.87 | C18: 19.16 | D18: 16.07 | E18: 7.86 | F18: Invalid | G18: 21.34 | H18: 11.87 | I18: Maint. | J18: 0.25 | K18: 255.56 | L18: 22.9 | M18: 76.29 | N18: 6.2 | O18: 0 | P18: 0.44 | Q18: 28.07
A19: 22/03/2025 02:45 | B19: 6.13 | C19: 19.23 | D19: 16.31 | E19: 8.04 | F19: Invalid | G19: 21.34 | H19: 11.87 | I19: Maint. | J19: 0.42 | K19: 17.15 | L19: 22.82 | M19: 76.15 | N19: 6.3 | O19: 0 | P19: 0.43 | Q19: 28.08
A20: 22/03/2025 03:00 | B20: 6.47 | C20: 19.41 | D20: 16.68 | E20: 8.37 | F20: Invalid | G20: 21.98 | H20: 14.36 | I20: Maint. | J20: 0.13 | K20: 168.97 | L20: 22.83 | M20: 76.32 | N20: 6.4 | O20: 0 | P20: 0.42 | Q20: 28.08
... A104: 22/03/2025 24:00 | B104: 4.95 | C104: 18.64 | D104: 15.06 | E104: 9.14 | F104: Invalid | G104: 46.42 | H104: 17.74 | I104: Maint. | J104: 1 | K104: 63.34 | L104: 25.95 | M104: 68.28 | N104: 6.4 | O104: 0 | P104: 0.7 | Q104: 28.05
A106: Min | B106: =MIN(B9:B104) -> 3.53 | C106: =MIN(C9:C104) -> 12.02 | D106: =MIN(D9:D104) -> 10.51 | E106: =MIN(E9:E104) -> 6.85 | F106: =MIN(F9:F104) -> 0 | G106: =MIN(G9:G104) -> 19.16 | H106: =MIN(H9:H104) -> 11.63 | I106: =MIN(I9:I104) -> 0 | ... Q106: =MIN(Q9:Q104) -> 27.98
A107: Max | B107: =MAX(B9:B104) -> 13.06 | C107: =MAX(C9:C104) -> 20.75 | D107: =MAX(D9:D104) -> 21.34 | E107: =MAX(E9:E104) -> 15.59 | F107: =MAX(F9:F104) -> 0 | G107: =MAX(G9:G104) -> 59.37 | H107: =MAX(H9:H104) -> 26.34 | I107: =MAX(I9:I104) -> 0 | ... Q107: =MAX(Q9:Q104) -> 28.33
A108: Avg | B108: =AVERAGE(B9:B104) -> 6.0415625 | C108: =AVERAGE(C9:C104) -> 17.84125 | D108: =AVERAGE(D9:D104) -> 15.517604 | E108: =AVERAGE(E9:E104) -> 9.0178125 | F108: =AVERAGE(F9:F104) -> #DIV/0! | G108: =AVERAGE(G9:G104) -> 35.88875 | H108: =AVERAGE(H9:H104) -> 16.288854 | I108: =AVERAGE(I9:I104) -> #DIV/0! | ... Q108: =AVERAGE(Q9:Q104) -> 28.082604
A109: Stdev | B109: =STDEV(B9:B104) -> 2.9976371 | C109: =STDEV(C9:C104) -> 2.2976121 | D109: =STDEV(D9:D104) -> 2.980791 | E109: =STDEV(E9:E104) -> 1.5401068 | F109: =STDEV(F9:F104) -> #DIV/0! | G109: =STDEV(G9:G104) -> 12.473793 | H109: =STDEV(H9:H104) -> 4.1103215 | I109: =STDEV(I9:I104) -> #DIV/0! | ... Q109: =STDEV(Q9:Q104) -> 0.10048561
A110: Num | B110: =COUNT(B9:B104) -> 96 | C110: =COUNT(C9:C104) -> 96 | D110: =COUNT(D9:D104) -> 96 | E110: =COUNT(E9:E104) -> 96 | F110: =COUNT(F9:F104) -> 0 | G110: =COUNT(G9:G104) -> 96 | H110: =COUNT(H9:H104) -> 96 | I110: =COUNT(I9:I104)+96 -> 96 | J110: =COUNT(J9:J104) -> 96 | K110: =COUNT(K9:K104) -> 96 | L110: =COUNT(L9:L104) -> 96 | M110: =COUNT(M9:M104) -> 96 | N110: =COUNT(N9:N104) -> 96 | O110: =COUNT(O9:O104) -> 96 | P110: =COUNT(P9:P104) -> 96 | Q110: =COUNT(Q9:Q104) -> 96
A111: DCR | B111: =IF(B110>=87,">90%",IF(B110<=87,"<90%")) -> >90% | C111: =IF(C110>=87,">90%",IF(C110<=87,"<90%")) -> >90% | D111: =IF(D110>=87,">90%",IF(D110<=87,"<90%")) -> >90% | E111: =IF(E110>=87,">90%",IF(E110<=87,"<90%")) -> >90% | F111: =IF(F110>=87,">90%",IF(F110<=87,"<90%")) -> <90% | G111: =IF(G110>=87,">90%",IF(G110<=87,"<90%")) -> >90% | H111: =IF(H110>=87,">90%",IF(H110<=87,"<90%")) -> >90% | I111: =IF(I110>=87,">90%",IF(I110<=87,"<90%")) -> >90% | ... Q111: =IF(Q110>=87,">90%",IF(Q110<=87,"<90%")) -> >90%
A112: Status | B112: =IF(B110>=87,"OK",IF(B110<=87,"LESS")) -> OK | C112: =IF(C110>=87,"OK",IF(C110<=87,"LESS")) -> OK | D112: =IF(D110>=87,"OK",IF(D110<=87,"LESS")) -> OK | E112: =IF(E110>=87,"OK",IF(E110<=87,"LESS")) -> OK | F112: =IF(F110>=87,"OK",IF(F110<=87,"LESS")) -> LESS | G112: =IF(G110>=87,"OK",IF(G110<=87,"LESS")) -> OK | H112: =IF(H110>=87,"OK",IF(H110<=87,"LESS")) -> OK | I112: =IF(I110>=87,"OK",IF(I110<=87,"LESS")) -> OK | ... Q112: =IF(Q110>=87,"OK",IF(Q110<=87,"LESS")) -> OK
A115: Done by | B115: AKASH
A117: Comment

Sheet 23
A1: Station: | B1: IGKV RAIPUR
A2: Date: | B2: =$A$9 -> 23/03/2025 00:15 | C2: Power Off | G2: Pw.Off | J2: Link Fail | L2: Link F | N2: Maintenance | P2: Maint.
A3: Report Type: | B3: Mean | C3: Calibration | G3: Calib. | J3: Data Fail | L3: Data F | N3: Invalid | P3: Invalid
A4: Time Base: | B4: 15 Min | C4: Zero Referrence | G4: Z.Ref | J4: Warm Up | L4: Wm. Up
A7: Date & Time | B7: NO | C7: NO2 | D7: NOX | E7: SO2 | F7: O3 | G7: PM 10 | H7: PM 2.5 | I7: BENZ | J7: WS | K7: WD | L7: TEMP | M7: HUM | N7: SR | O7: RG | P7: CO | Q7: NH3
B8: ug/m3 | C8: ug/m3 | D8: ppb | E8: ug/m3 | F8: ug/m3 | G8: ug/m3 | H8: ug/m3 | I8: ug/m3 | J8: m/sec | K8: deg | L8: degreC | M8: % | N8: w/m2 | O8: mm | P8: mg/m3 | Q8: ug/m3
A9: 23/03/2025 00:15 | B9: 5.32 | C9: 18.68 | D9: 15.38 | E9: 9.49 | F9: Invalid | G9: 45.61 | H9: 17.69 | I9: Maint. | J9: 0.93 | K9: 57.42 | L9: 25.77 | M9: 69.28 | N9: 6.4 | O9: 0 | P9: 0.69 | Q9: 28.05
A10: 23/03/2025 00:30 | B10: 5.56 | C10: 18.3 | D10: 15.37 | E10: 9.23 | F10: Invalid | G10: 45.61 | H10: 17.69 | I10: Maint. | J10: 0.54 | K10: 55.09 | L10: 25.74 | M10: 68.43 | N10: 6.3 | O10: 0 | P10: 0.69 | Q10: 28.07
A11: 23/03/2025 00:45 | B11: 5.9 | C11: 18.15 | D11: 15.56 | E11: 9.07 | F11: Invalid | G11: 45.61 | H11: 17.69 | I11: Maint. | J11: 0.77 | K11: 67.92 | L11: 25.79 | M11: 67.74 | N11: 6.1 | O11: 0 | P11: 0.68 | Q11: 28.08
A12: 23/03/2025 01:00 | B12: 5.97 | C12: 18.28 | D12: 15.69 | E12: 9.37 | F12: Invalid | G12: 44.53 | H12: 17.72 | I12: Maint. | J12: 0.66 | K12: 69.21 | L12: 25.82 | M12: 67.28 | N12: 6.3 | O12: 0 | P12: 0.69 | Q12: 28.07
A13: 23/03/2025 01:15 | B13: 6.1 | C13: 17.93 | D13: 15.61 | E13: 9.32 | F13: Invalid | G13: 44.14 | H13: 17.72 | I13: Maint. | J13: 0.87 | K13: 62.48 | L13: 25.76 | M13: 67.44 | N13: 6.4 | O13: 0 | P13: 0.68 | Q13: 28.1
A14: 23/03/2025 01:30 | B14: 6.22 | C14: 18.13 | D14: 15.81 | E14: 9.37 | F14: Invalid | G14: 44.14 | H14: 17.72 | I14: Maint. | J14: 0.81 | K14: 71.55 | L14: 25.73 | M14: 67.48 | N14: 6.5 | O14: 0 | P14: 0.68 | Q14: 28.1
A15: 23/03/2025 01:45 | B15: 6.28 | C15: 18.01 | D15: 15.8 | E15: 9.21 | F15: Invalid | G15: 44.14 | H15: 17.72 | I15: Maint. | J15: 0.68 | K15: 76.15 | L15: 25.61 | M15: 68.16 | N15: 6.5 | O15: 0 | P15: 0.68 | Q15: 28.08
A16: 23/03/2025 02:00 | B16: 6.3 | C16: 18.41 | D16: 16.02 | E16: 9.09 | F16: Invalid | G16: 44.37 | H16: 21.36 | I16: Maint. | J16: 0.96 | K16: 65.32 | L16: 25.32 | M16: 69.73 | N16: 6.7 | O16: 0 | P16: 0.68 | Q16: 28.07
A17: 23/03/2025 02:15 | B17: 6.46 | C17: 17.79 | D17: 15.82 | E17: 7.81 | F17: Invalid | G17: 44.45 | H17: 21.48 | I17: Maint. | J17: 0.82 | K17: 63.94 | L17: 25.19 | M17: 70.32 | N17: 6.6 | O17: 0 | P17: 0.68 | Q17: 28.1
A18: 23/03/2025 02:30 | B18: 6.54 | C18: 17.57 | D18: 15.78 | E18: 8.82 | F18: Invalid | G18: 44.45 | H18: 21.48 | I18: Maint. | J18: 1.03 | K18: 56.3 | L18: 25.1 | M18: 70.84 | N18: 6.5 | O18: 0 | P18: 0.67 | Q18: 28.09
A19: 23/03/2025 02:45 | B19: 6.67 | C19: 17.6 | D19: 15.89 | E19: 8.3 | F19: Invalid | G19: 44.45 | H19: 21.48 | I19: Maint. | J19: 0.86 | K19: 71.7 | L19: 25.1 | M19: 70.92 | N19: 6.7 | O19: 0 | P19: 0.66 | Q19: 28.11
A20: 23/03/2025 03:00 | B20: 6.7 | C20: 17.83 | D20: 16.04 | E20: 8.49 | F20: Invalid | G20: 42.2 | H20: 14.71 | I20: Maint. | J20: 0.78 | K20: 70.28 | L20: 24.96 | M20: 71.92 | N20: 6.7 | O20: 0 | P20: 0.67 | Q20: 28.11
... A104: 23/03/2025 24:00 | B104: 13.99 | C104: 22.13 | D104: 24.13 | E104: 9.41 | F104: Invalid | G104: 66.6 | H104: 24.56 | I104: Maint. | J104: 0.34 | K104: 52.08 | L104: 25.96 | M104: 58.92 | N104: 6.3 | O104: 0 | P104: 0.79 | Q104: 28.25
A106: Min | B106: =MIN(B9:B104) -> 4.19 | C106: =MIN(C9:C104) -> 14.8 | D106: =MIN(D9:D104) -> 13.2 | E106: =MIN(E9:E104) -> 7.77 | F106: =MIN(F9:F104) -> 0 | G106: =MIN(G9:G104) -> 30.27 | H106: =MIN(H9:H104) -> 14.5 | I106: =MIN(I9:I104) -> 0 | ... Q106: =MIN(Q9:Q104) -> 27.99
A107: Max | B107: =MAX(B9:B104) -> 13.99 | C107: =MAX(C9:C104) -> 22.13 | D107: =MAX(D9:D104) -> 24.13 | E107: =MAX(E9:E104) -> 13.19 | F107: =MAX(F9:F104) -> 0 | G107: =MAX(G9:G104) -> 66.82 | H107: =MAX(H9:H104) -> 29.19 | I107: =MAX(I9:I104) -> 0 | ... Q107: =MAX(Q9:Q104) -> 28.26
A108: Avg | B108: =AVERAGE(B9:B104) -> 7.2129167 | C108: =AVERAGE(C9:C104) -> 18.096875 | D108: =AVERAGE(D9:D104) -> 16.590313 | E108: =AVERAGE(E9:E104) -> 9.451875 | F108: =AVERAGE(F9:F104) -> #DIV/0! | G108: =AVERAGE(G9:G104) -> 43.946979 | H108: =AVERAGE(H9:H104) -> 19.332812 | I108: =AVERAGE(I9:I104) -> #DIV/0! | ... Q108: =AVERAGE(Q9:Q104) -> 28.109896
A109: Stdev | B109: =STDEV(B9:B104) -> 2.3493699 | C109: =STDEV(C9:C104) -> 1.3968893 | D109: =STDEV(D9:D104) -> 2.1784236 | E109: =STDEV(E9:E104) -> 1.2290735 | F109: =STDEV(F9:F104) -> #DIV/0! | G109: =STDEV(G9:G104) -> 10.389792 | H109: =STDEV(H9:H104) -> 3.6408506 | I109: =STDEV(I9:I104) -> #DIV/0! | ... Q109: =STDEV(Q9:Q104) -> 0.075734923
A110: Num | B110: =COUNT(B9:B104) -> 96 | C110: =COUNT(C9:C104) -> 96 | D110: =COUNT(D9:D104) -> 96 | E110: =COUNT(E9:E104) -> 96 | F110: =COUNT(F9:F104) -> 0 | G110: =COUNT(G9:G104) -> 96 | H110: =COUNT(H9:H104) -> 96 | I110: =COUNT(I9:I104)+96 -> 96 | J110: =COUNT(J9:J104) -> 96 | K110: =COUNT(K9:K104) -> 96 | L110: =COUNT(L9:L104) -> 96 | M110: =COUNT(M9:M104) -> 96 | N110: =COUNT(N9:N104) -> 96 | O110: =COUNT(O9:O104) -> 96 | P110: =COUNT(P9:P104) -> 96 | Q110: =COUNT(Q9:Q104) -> 96
A111: DCR | B111: =IF(B110>=87,">90%",IF(B110<=87,"<90%")) -> >90% | C111: =IF(C110>=87,">90%",IF(C110<=87,"<90%")) -> >90% | D111: =IF(D110>=87,">90%",IF(D110<=87,"<90%")) -> >90% | E111: =IF(E110>=87,">90%",IF(E110<=87,"<90%")) -> >90% | F111: =IF(F110>=87,">90%",IF(F110<=87,"<90%")) -> <90% | G111: =IF(G110>=87,">90%",IF(G110<=87,"<90%")) -> >90% | H111: =IF(H110>=87,">90%",IF(H110<=87,"<90%")) -> >90% | I111: =IF(I110>=87,">90%",IF(I110<=87,"<90%")) -> >90% | ... Q111: =IF(Q110>=87,">90%",IF(Q110<=87,"<90%")) -> >90%
A112: Status | B112: =IF(B110>=87,"OK",IF(B110<=87,"LESS")) -> OK | C112: =IF(C110>=87,"OK",IF(C110<=87,"LESS")) -> OK | D112: =IF(D110>=87,"OK",IF(D110<=87,"LESS")) -> OK | E112: =IF(E110>=87,"OK",IF(E110<=87,"LESS")) -> OK | F112: =IF(F110>=87,"OK",IF(F110<=87,"LESS")) -> LESS | G112: =IF(G110>=87,"OK",IF(G110<=87,"LESS")) -> OK | H112: =IF(H110>=87,"OK",IF(H110<=87,"LESS")) -> OK | I112: =IF(I110>=87,"OK",IF(I110<=87,"LESS")) -> OK | ... Q112: =IF(Q110>=87,"OK",IF(Q110<=87,"LESS")) -> OK
A115: Done by | B115: AKASH
A117: Comment

Sheet 24
A1: Station: | B1: IGKV RAIPUR
A2: Date: | B2: =$A$9 -> 24/03/2025 00:15 | C2: Power Off | G2: Pw.Off | J2: Link Fail | L2: Link F | N2: Maintenance | P2: Maint.
A3: Report Type: | B3: Mean | C3: Calibration | G3: Calib. | J3: Data Fail | L3: Data F | N3: Invalid | P3: Invalid
A4: Time Base: | B4: 15 Min | C4: Zero Referrence | G4: Z.Ref | J4: Warm Up | L4: Wm. Up
A7: Date & Time | B7: NO | C7: NO2 | D7: NOX | E7: SO2 | F7: O3 | G7: PM 10 | H7: PM 2.5 | I7: BENZ | J7: WS | K7: WD | L7: TEMP | M7: HUM | N7: SR | O7: RG | P7: CO | Q7: NH3
B8: ug/m3 | C8: ug/m3 | D8: ppb | E8: ug/m3 | F8: ug/m3 | G8: ug/m3 | H8: ug/m3 | I8: ug/m3 | J8: m/sec | K8: deg | L8: degreC | M8: % | N8: w/m2 | O8: mm | P8: mg/m3 | Q8: ug/m3
A9: 24/03/2025 00:15 | B9: 12.64 | C9: 21.63 | D9: 22.79 | E9: 9.38 | F9: Invalid | G9: 66.52 | H9: 24.51 | I9: 0 | J9: 0.65 | K9: 60.11 | L9: 25.99 | M9: 57.36 | N9: 6.1 | O9: 0 | P9: 0.79 | Q9: 28.26
A10: 24/03/2025 00:30 | B10: 12.83 | C10: 21.78 | D10: 23.02 | E10: 9.32 | F10: Invalid | G10: 66.52 | H10: 24.51 | I10: 0 | J10: 1.16 | K10: 54.99 | L10: 25.81 | M10: 57.1 | N10: 6.2 | O10: 0 | P10: 0.79 | Q10: 28.3
A11: 24/03/2025 00:45 | B11: 12.87 | C11: 21.86 | D11: 23.1 | E11: 9.29 | F11: Invalid | G11: 66.52 | H11: 24.51 | I11: 0 | J11: 0.83 | K11: 65.81 | L11: 25.58 | M11: 59.52 | N11: 6.5 | O11: 0 | P11: 0.79 | Q11: 28.3
A12: 24/03/2025 01:00 | B12: 12.38 | C12: 22.11 | D12: 22.83 | E12: 9.51 | F12: Invalid | G12: 67.94 | H12: 23.29 | I12: 0 | J12: 0.54 | K12: 74.28 | L12: 25.56 | M12: 61.97 | N12: 6.3 | O12: 0 | P12: 0.78 | Q12: 28.31
A13: 24/03/2025 01:15 | B13: 11.87 | C13: 21.92 | D13: 22.32 | E13: 9.37 | F13: Invalid | G13: 68.46 | H13: 23.27 | I13: Maint. | J13: 0.58 | K13: 75.73 | L13: 25.54 | M13: 63.91 | N13: 6.2 | O13: 0 | P13: 0.76 | Q13: 28.29
A14: 24/03/2025 01:30 | B14: 11.15 | C14: 21.93 | D14: 21.75 | E14: 9.34 | F14: Invalid | G14: 68.46 | H14: 23.27 | I14: Maint. | J14: 0.76 | K14: 69.79 | L14: 25.47 | M14: 65.94 | N14: 6.1 | O14: 0 | P14: 0.76 | Q14: 28.26
A15: 24/03/2025 01:45 | B15: 10.49 | C15: 21.69 | D15: 21.1 | E15: 9.25 | F15: Invalid | G15: 68.46 | H15: 23.27 | I15: Maint. | J15: 0.62 | K15: 72.88 | L15: 25.31 | M15: 67.99 | N15: 6.3 | O15: 0 | P15: 0.75 | Q15: 28.24
A16: 24/03/2025 02:00 | B16: 9.87 | C16: 21.84 | D16: 20.68 | E16: 8.94 | F16: Invalid | G16: 65.32 | H16: 22.85 | I16: Maint. | J16: 0.6 | K16: 74.37 | L16: 25.19 | M16: 68.94 | N16: 6.3 | O16: 0 | P16: 0.74 | Q16: 28.2
A17: 24/03/2025 02:15 | B17: 9.36 | C17: 21.58 | D17: 20.13 | E17: 6.69 | F17: Invalid | G17: 64.11 | H17: 22.83 | I17: Maint. | J17: 0.38 | K17: 84.73 | L17: 24.98 | M17: 70.11 | N17: 6.3 | O17: 0 | P17: 0.74 | Q17: 28.2
A18: 24/03/2025 02:30 | B18: 8.82 | C18: 21.46 | D18: 19.63 | E18: 8.08 | F18: Invalid | G18: 64.11 | H18: 22.83 | I18: Maint. | J18: 0.26 | K18: 111.15 | L18: 24.96 | M18: 70.99 | N18: 6.2 | O18: 0 | P18: 0.72 | Q18: 28.18
A19: 24/03/2025 02:45 | B19: 8.39 | C19: 21.17 | D19: 19.14 | E19: 7.78 | F19: Invalid | G19: 64.11 | H19: 22.83 | I19: Maint. | J19: 0.7 | K19: 67.59 | L19: 24.8 | M19: 72.58 | N19: 6.3 | O19: 0 | P19: 0.71 | Q19: 28.16
A20: 24/03/2025 03:00 | B20: 8.06 | C20: 21.41 | D20: 19 | E20: 7.66 | F20: Invalid | G20: 57.85 | H20: 22.42 | I20: Maint. | J20: 0.76 | K20: 72.36 | L20: 24.42 | M20: 74.47 | N20: 6.4 | O20: 0 | P20: 0.71 | Q20: 28.14
A21: 24/03/2025 03:15 | B21: 7.77 | C21: 21.05 | D21: 18.58 | E21: 7.81 | F21: Invalid | G21: 55.44 | H21: 22.4 | I21: Maint. | J21: 0.64 | K21: 73.57 | L21: 24.24 | M21: 74.6 | N21: 6.4 | O21: 0 | P21: 0.7 | Q21: 28.14
A22: 24/03/2025 03:30 | B22: 7.55 | C22: 20.77 | D22: 18.26 | E22: 7.91 | F22: Invalid | G22: 55.44 | H22: 22.4 | I22: Maint. | J22: 0.66 | K22: 73.63 | L22: 24.01 | M22: 75.68 | N22: 6.4 | O22: 0 | P22: 0.69 | Q22: 28.15
A23: 24/03/2025 03:45 | B23: 7.45 | C23: 20.65 | D23: 18.11 | E23: 7.73 | F23: Invalid | G23: 55.44 | H23: 22.4 | I23: Maint. | J23: 0.49 | K23: 69.2 | L23: 23.82 | M23: 76.75 | N23: 6.4 | O23: 0 | P23: 0.69 | Q23: 28.14
A24: 24/03/2025 04:00 | B24: 7.57 | C24: 20.94 | D24: 18.36 | E24: 7.87 | F24: Invalid | G24: 46.89 | H24: 20.97 | I24: Maint. | J24: 0.59 | K24: 72.58 | L24: 23.69 | M24: 77.24 | N24: 6.3 | O24: 0 | P24: 0.68 | Q24: 28.12
... A57: 24/03/2025 12:15 | B57: 3.98 | C57: 15.39 | D57: 12.68 | E57: 8.14 | F57: Invalid | G57: 44.62 | H57: 18.5 | I57: Maint. | J57: 0.21 | K57: 89.48 | L57: 34.95 | M57: 36.58 | N57: 787.9 | O57: 0 | P57: 0.59 | Q57: 28
A58: 24/03/2025 12:30 | B58: 3.76 | C58: 12.36 | D58: 10.82 | E58: 8.12 | F58: Invalid | G58: 44.62 | H58: 18.5 | I58: 3.02 | J58: 1.01 | K58: 51.21 | L58: 34.51 | M58: 36.66 | N58: 586.2 | O58: 0 | P58: 0.58 | Q58: 28.04
A59: 24/03/2025 12:45 | B59: 3.75 | C59: 11 | D59: 10.11 | E59: 8.49 | F59: Invalid | G59: 44.62 | H59: 18.5 | I59: 6.63 | J59: 0.2 | K59: 91.84 | L59: 33.47 | M59: 35.74 | N59: 220.1 | O59: 0 | P59: 0.55 | Q59: 28.05
A60: 24/03/2025 13:00 | B60: 3.74 | C60: 11.32 | D60: 10.27 | E60: 8.76 | F60: Invalid | G60: 42.14 | H60: 16.4 | I60: 5.61 | J60: 0.21 | K60: 322.16 | L60: 33.49 | M60: 32.76 | N60: 184.3 | O60: 0 | P60: 0.53 | Q60: 28.06
A61: 24/03/2025 13:15 | B61: 5.28 | C61: 15.05 | D61: 13.45 | E61: 9.04 | F61: Invalid | G61: 41.18 | H61: 16.33 | I61: 4.99 | J61: 0.88 | K61: 46.93 | L61: 33.98 | M61: 29.03 | N61: 600.6 | O61: 0 | P61: 0.54 | Q61: 28.08
A62: 24/03/2025 13:30 | B62: 4.48 | C62: 14.31 | D62: 12.42 | E62: 9.41 | F62: Invalid | G62: 41.18 | H62: 16.33 | I62: 4.81 | J62: 0.9 | K62: 27.75 | L62: 35.09 | M62: 21.42 | N62: 687.7 | O62: 0 | P62: 0.52 | Q62: 28.09
A63: 24/03/2025 13:45 | B63: 5.28 | C63: 14.62 | D63: 13.23 | E63: 11.86 | F63: Invalid | G63: 41.18 | H63: 16.33 | I63: 4.68 | J63: 0.96 | K63: 27.05 | L63: 35.8 | M63: 23.82 | N63: 630.4 | O63: 0 | P63: 0.53 | Q63: 28.07
A64: 24/03/2025 14:00 | B64: 4.07 | C64: 15.89 | D64: 12.92 | E64: 16.45 | F64: Invalid | G64: 41.58 | H64: 15.03 | I64: 4.48 | J64: 1.12 | K64: 58.29 | L64: 35.28 | M64: 27.11 | N64: 604.3 | O64: 0 | P64: 0.56 | Q64: 28.06
A65: 24/03/2025 14:15 | B65: 3.84 | C65: 18.73 | D65: 14.21 | E65: 13.41 | F65: Invalid | G65: 41.73 | H65: 14.99 | I65: 4.58 | J65: 1.06 | K65: 61.63 | L65: 35.66 | M65: 22.51 | N65: 577.1 | O65: 0 | P65: 0.55 | Q65: 28.08
A66: 24/03/2025 14:30 | B66: 4.2 | C66: 19.78 | D66: 15.05 | E66: 13.22 | F66: Invalid | G66: 41.73 | H66: 14.99 | I66: 5.04 | J66: 1.11 | K66: 32.79 | L66: 35.78 | M66: 19.48 | N66: 565.2 | O66: 0 | P66: 0.59 | Q66: 28.08
A67: 24/03/2025 14:45 | B67: 4.79 | C67: 18.98 | D67: 15.11 | E67: 17.97 | F67: Invalid | G67: 41.73 | H67: 14.99 | I67: 5.11 | J67: 0.69 | K67: 313.95 | L67: 35.74 | M67: 18.71 | N67: 527.1 | O67: 0 | P67: 0.59 | Q67: 28.08
A68: 24/03/2025 15:00 | B68: 4.32 | C68: 17.51 | D68: 13.96 | E68: 16.13 | F68: Invalid | G68: 43.81 | H68: 17 | I68: 5 | J68: 0.34 | K68: 329.63 | L68: 35.38 | M68: 17.52 | N68: 362.8 | O68: 0 | P68: 0.55 | Q68: 28.08
A69: 24/03/2025 15:15 | B69: 4.06 | C69: 15.74 | D69: 12.83 | E69: 13.96 | F69: Invalid | G69: 44.6 | H69: 17.06 | I69: 3.87 | J69: 0.72 | K69: 351.51 | L69: 35.67 | M69: 18.31 | N69: 455.3 | O69: 0 | P69: 0.56 | Q69: 28.08
... A104: 24/03/2025 24:00 | B104: 14.7 | C104: 23.24 | D104: 25.28 | E104: 8.41 | F104: Invalid | G104: 94.43 | H104: 29.72 | I104: 10.23 | J104: 0.2 | K104: 138.56 | L104: 23.11 | M104: 48.1 | N104: 5.6 | O104: 0 | P104: 0.91 | Q104: 28.42
A106: Min | B106: =MIN(B9:B104) -> 3.74 | C106: =MIN(C9:C104) -> 11 | D106: =MIN(D9:D104) -> 10.11 | E106: =MIN(E9:E104) -> 6.69 | F106: =MIN(F9:F104) -> 0 | G106: =MIN(G9:G104) -> 34.75 | H106: =MIN(H9:H104) -> 14.99 | I106: =MIN(I9:I104) -> 0 | ... Q106: =MIN(Q9:Q104) -> 28
A107: Max | B107: =MAX(B9:B104) -> 15.53 | C107: =MAX(C9:C104) -> 30.12 | D107: =MAX(D9:D104) -> 25.66 | E107: =MAX(E9:E104) -> 17.97 | F107: =MAX(F9:F104) -> 0 | G107: =MAX(G9:G104) -> 94.43 | H107: =MAX(H9:H104) -> 29.72 | I107: =MAX(I9:I104) -> 10.3 | ... Q107: =MAX(Q9:Q104) -> 28.42
A108: Avg | B108: =AVERAGE(B9:B104) -> 8.9351042 | C108: =AVERAGE(C9:C104) -> 20.386042 | D108: =AVERAGE(D9:D104) -> 19.168542 | E108: =AVERAGE(E9:E104) -> 9.4015625 | F108: =AVERAGE(F9:F104) -> #DIV/0! | G108: =AVERAGE(G9:G104) -> 54.475417 | H108: =AVERAGE(H9:H104) -> 20.5725 | I108: =AVERAGE(I9:I104) -> 6.1235294 | ... Q108: =AVERAGE(Q9:Q104) -> 28.196354
A109: Stdev | B109: =STDEV(B9:B104) -> 3.5564219 | C109: =STDEV(C9:C104) -> 3.7237577 | D109: =STDEV(D9:D104) -> 3.9132288 | E109: =STDEV(E9:E104) -> 2.3652953 | F109: =STDEV(F9:F104) -> #DIV/0! | G109: =STDEV(G9:G104) -> 15.328993 | H109: =STDEV(H9:H104) -> 3.5583524 | I109: =STDEV(I9:I104) -> 3.0762704 | ... Q109: =STDEV(Q9:Q104) -> 0.10913169
A110: Num | B110: =COUNT(B9:B104) -> 96 | C110: =COUNT(C9:C104) -> 96 | D110: =COUNT(D9:D104) -> 96 | E110: =COUNT(E9:E104) -> 96 | F110: =COUNT(F9:F104) -> 0 | G110: =COUNT(G9:G104) -> 96 | H110: =COUNT(H9:H104) -> 96 | I110: =COUNT(I9:I104)+45 -> 96 | J110: =COUNT(J9:J104) -> 96 | K110: =COUNT(K9:K104) -> 96 | L110: =COUNT(L9:L104) -> 96 | M110: =COUNT(M9:M104) -> 96 | N110: =COUNT(N9:N104) -> 96 | O110: =COUNT(O9:O104) -> 96 | P110: =COUNT(P9:P104) -> 96 | Q110: =COUNT(Q9:Q104) -> 96
A111: DCR | B111: =IF(B110>=87,">90%",IF(B110<=87,"<90%")) -> >90% | C111: =IF(C110>=87,">90%",IF(C110<=87,"<90%")) -> >90% | D111: =IF(D110>=87,">90%",IF(D110<=87,"<90%")) -> >90% | E111: =IF(E110>=87,">90%",IF(E110<=87,"<90%")) -> >90% | F111: =IF(F110>=87,">90%",IF(F110<=87,"<90%")) -> <90% | G111: =IF(G110>=87,">90%",IF(G110<=87,"<90%")) -> >90% | H111: =IF(H110>=87,">90%",IF(H110<=87,"<90%")) -> >90% | I111: =IF(I110>=87,">90%",IF(I110<=87,"<90%")) -> >90% | ... Q111: =IF(Q110>=87,">90%",IF(Q110<=87,"<90%")) -> >90%
A112: Status | B112: =IF(B110>=87,"OK",IF(B110<=87,"LESS")) -> OK | C112: =IF(C110>=87,"OK",IF(C110<=87,"LESS")) -> OK | D112: =IF(D110>=87,"OK",IF(D110<=87,"LESS")) -> OK | E112: =IF(E110>=87,"OK",IF(E110<=87,"LESS")) -> OK | F112: =IF(F110>=87,"OK",IF(F110<=87,"LESS")) -> LESS | G112: =IF(G110>=87,"OK",IF(G110<=87,"LESS")) -> OK | H112: =IF(H110>=87,"OK",IF(H110<=87,"LESS")) -> OK | I112: =IF(I110>=87,"OK",IF(I110<=87,"LESS")) -> OK | ... Q112: =IF(Q110>=87,"OK",IF(Q110<=87,"LESS")) -> OK
A115: Done by | B115: AKASH
A117: Comment

Sheet 25
A1: Station: | B1: IGKV RAIPUR
A2: Date: | B2: =$A$9 -> 25/03/2025 00:15 | C2: Power Off | G2: Pw.Off | J2: Link Fail | L2: Link F | N2: Maintenance | P2: Maint.
A3: Report Type: | B3: Mean | C3: Calibration | G3: Calib. | J3: Data Fail | L3: Data F | N3: Invalid | P3: Invalid
A4: Time Base: | B4: 15 Min | C4: Zero Referrence | G4: Z.Ref | J4: Warm Up | L4: Wm. Up
A7: Date & Time | B7: NO | C7: NO2 | D7: NOX | E7: SO2 | F7: O3 | G7: PM 10 | H7: PM 2.5 | I7: BENZ | J7: WS | K7: WD | L7: TEMP | M7: HUM | N7: SR | O7: RG | P7: CO | Q7: NH3
B8: ug/m3 | C8: ug/m3 | D8: ppb | E8: ug/m3 | F8: ug/m3 | G8: ug/m3 | H8: ug/m3 | I8: ug/m3 | J8: m/sec | K8: deg | L8: degreC | M8: % | N8: w/m2 | O8: mm | P8: mg/m3 | Q8: ug/m3
A9: 25/03/2025 00:15 | B9: 14.96 | C9: 24.55 | D9: 26.17 | E9: 8.26 | F9: Invalid | G9: 96.03 | H9: 29.74 | I9: 10.25 | J9: 0.13 | K9: 140.26 | L9: 23.21 | M9: 49.65 | N9: 5.6 | O9: 0 | P9: 0.89 | Q9: 28.43
A10: 25/03/2025 00:30 | B10: 15.04 | C10: 23.38 | D10: 25.63 | E10: 8.55 | F10: Invalid | G10: 96.03 | H10: 29.74 | I10: 10.24 | J10: 0.29 | K10: 251.91 | L10: 22.87 | M10: 52.41 | N10: 5.9 | O10: 0 | P10: 0.89 | Q10: 28.44
A11: 25/03/2025 00:45 | B11: 15.46 | C11: 22.56 | D11: 25.53 | E11: 8.33 | F11: Invalid | G11: 96.03 | H11: 29.74 | I11: 10.18 | J11: 0.11 | K11: 192.79 | L11: 22.87 | M11: 51.69 | N11: 5.8 | O11: 0 | P11: 0.88 | Q11: 28.46
A12: 25/03/2025 01:00 | B12: 16.56 | C12: 25.02 | D12: 27.7 | E12: 8.45 | F12: Invalid | G12: 94.47 | H12: 29.16 | I12: 10.17 | J12: 0.18 | K12: 172.87 | L12: 22.88 | M12: 52.92 | N12: 6 | O12: 0 | P12: 0.89 | Q12: 28.52
A13: 25/03/2025 01:15 | B13: 17.71 | C13: 23.94 | D13: 28.06 | E13: 8.69 | F13: Invalid | G13: 93.91 | H13: 29.15 | I13: 10.12 | J13: 0.23 | K13: 230.37 | L13: 22.48 | M13: 54.98 | N13: 5.9 | O13: 0 | P13: 0.88 | Q13: 28.55
A14: 25/03/2025 01:30 | B14: 19.05 | C14: 24.82 | D14: 29.6 | E14: 8.9 | F14: Invalid | G14: 93.91 | H14: 29.15 | I14: 10.11 | J14: 0.32 | K14: 177.78 | L14: 22.15 | M14: 57.19 | N14: 6.4 | O14: 0 | P14: 0.9 | Q14: 28.6
A15: 25/03/2025 01:45 | B15: 19.99 | C15: 25.28 | D15: 30.59 | E15: 8.95 | F15: Invalid | G15: 93.91 | H15: 29.15 | I15: 10.13 | J15: 0.12 | K15: 144.31 | L15: 21.68 | M15: 59.43 | N15: 6.2 | O15: 0 | P15: 0.89 | Q15: 28.62
A16: 25/03/2025 02:00 | B16: 20.33 | C16: 26.32 | D16: 31.4 | E16: 8.89 | F16: Invalid | G16: 98 | H16: 32.59 | I16: 10.1 | J16: 0.06 | K16: 336.03 | L16: 22.19 | M16: 61.32 | N16: 5.6 | O16: 0 | P16: 0.89 | Q16: 28.63
A17: 25/03/2025 02:15 | B17: 20.59 | C17: 24.38 | D17: 30.6 | E17: 7.16 | F17: Invalid | G17: 99.49 | H17: 32.7 | I17: 10.05 | J17: 0.11 | K17: 206.02 | L17: 22.74 | M17: 58.52 | N17: 5.5 | O17: 0 | P17: 0.9 | Q17: 28.64
A18: 25/03/2025 02:30 | B18: 20.77 | C18: 24.82 | D18: 30.98 | E18: 8.22 | F18: Invalid | G18: 99.49 | H18: 32.7 | I18: 10.05 | J18: 0.83 | K18: 12.78 | L18: 22.58 | M18: 58 | N18: 5.2 | O18: 0 | P18: 0.89 | Q18: 28.65
A19: 25/03/2025 02:45 | B19: 20.85 | C19: 24.28 | D19: 30.76 | E19: 8.27 | F19: Invalid | G19: 99.49 | H19: 32.7 | I19: 10 | J19: 1.05 | K19: 36.58 | L19: 23.34 | M19: 51.94 | N19: 5 | O19: 0 | P19: 0.89 | Q19: 28.65
A20: 25/03/2025 03:00 | B20: 20.76 | C20: 25.86 | D20: 31.51 | E20: 8.52 | F20: Invalid | G20: 98.39 | H20: 34.34 | I20: 9.93 | J20: 0.82 | K20: 49.97 | L20: 23.38 | M20: 50.95 | N20: 5.9 | O20: 0 | P20: 0.89 | Q20: 28.64
... A104: 25/03/2025 24:00 | B104: 5.77 | C104: 16.18 | D104: 14.43 | E104: 8.97 | F104: Invalid | G104: 71.18 | H104: 31.85 | I104: 7.61 | J104: 0.22 | K104: 131.64 | L104: 24.56 | M104: 47.02 | N104: 6 | O104: 0 | P104: 0.74 | Q104: 28.14
A106: Min | B106: =MIN(B9:B104) -> 3.26 | C106: =MIN(C9:C104) -> 14.59 | D106: =MIN(D9:D104) -> 11.59 | E106: =MIN(E9:E104) -> 7.16 | F106: =MIN(F9:F104) -> 0 | G106: =MIN(G9:G104) -> 62.27 | H106: =MIN(H9:H104) -> 26.92 | I106: =MIN(I9:I104) -> 5.81 | ... Q106: =MIN(Q9:Q104) -> 28.04
A107: Max | B107: =MAX(B9:B104) -> 20.85 | C107: =MAX(C9:C104) -> 26.51 | D107: =MAX(D9:D104) -> 31.51 | E107: =MAX(E9:E104) -> 23.57 | F107: =MAX(F9:F104) -> 0 | G107: =MAX(G9:G104) -> 115.78 | H107: =MAX(H9:H104) -> 42.29 | I107: =MAX(I9:I104) -> 10.77 | ... Q107: =MAX(Q9:Q104) -> 28.65
A108: Avg | B108: =AVERAGE(B9:B104) -> 8.9272917 | C108: =AVERAGE(C9:C104) -> 20.269687 | D108: =AVERAGE(D9:D104) -> 19.099583 | E108: =AVERAGE(E9:E104) -> 11.468542 | F108: =AVERAGE(F9:F104) -> #DIV/0! | G108: =AVERAGE(G9:G104) -> 83.581771 | H108: =AVERAGE(H9:H104) -> 33.85875 | I108: =AVERAGE(I9:I104) -> 8.513125 | ... Q108: =AVERAGE(Q9:Q104) -> 28.251875
A109: Stdev | B109: =STDEV(B9:B104) -> 6.3993084 | C109: =STDEV(C9:C104) -> 3.8429694 | D109: =STDEV(D9:D104) -> 6.8173404 | E109: =STDEV(E9:E104) -> 4.2078538 | F109: =STDEV(F9:F104) -> #DIV/0! | G109: =STDEV(G9:G104) -> 14.150607 | H109: =STDEV(H9:H104) -> 3.771468 | I109: =STDEV(I9:I104) -> 1.5095557 | ... Q109: =STDEV(Q9:Q104) -> 0.21116874
A110: Num | B110: =COUNT(B9:B104) -> 96 | C110: =COUNT(C9:C104) -> 96 | D110: =COUNT(D9:D104) -> 96 | E110: =COUNT(E9:E104) -> 96 | F110: =COUNT(F9:F104) -> 0 | G110: =COUNT(G9:G104) -> 96 | H110: =COUNT(H9:H104) -> 96 | I110: =COUNT(I9:I104) -> 96 | ... Q110: =COUNT(Q9:Q104) -> 96
A111: DCR | B111: =IF(B110>=87,">90%",IF(B110<=87,"<90%")) -> >90% | C111: =IF(C110>=87,">90%",IF(C110<=87,"<90%")) -> >90% | D111: =IF(D110>=87,">90%",IF(D110<=87,"<90%")) -> >90% | E111: =IF(E110>=87,">90%",IF(E110<=87,"<90%")) -> >90% | F111: =IF(F110>=87,">90%",IF(F110<=87,"<90%")) -> <90% | G111: =IF(G110>=87,">90%",IF(G110<=87,"<90%")) -> >90% | H111: =IF(H110>=87,">90%",IF(H110<=87,"<90%")) -> >90% | I111: =IF(I110>=87,">90%",IF(I110<=87,"<90%")) -> >90% | ... Q111: =IF(Q110>=87,">90%",IF(Q110<=87,"<90%")) -> >90%
A112: Status | B112: =IF(B110>=87,"OK",IF(B110<=87,"LESS")) -> OK | C112: =IF(C110>=87,"OK",IF(C110<=87,"LESS")) -> OK | D112: =IF(D110>=87,"OK",IF(D110<=87,"LESS")) -> OK | E112: =IF(E110>=87,"OK",IF(E110<=87,"LESS")) -> OK | F112: =IF(F110>=87,"OK",IF(F110<=87,"LESS")) -> LESS | G112: =IF(G110>=87,"OK",IF(G110<=87,"LESS")) -> OK | H112: =IF(H110>=87,"OK",IF(H110<=87,"LESS")) -> OK | I112: =IF(I110>=87,"OK",IF(I110<=87,"LESS")) -> OK | ... Q112: =IF(Q110>=87,"OK",IF(Q110<=87,"LESS")) -> OK
A115: Done by | B115: AKASH
A117: Comment

Sheet 26
A1: Station: | B1: IGKV RAIPUR
A2: Date: | B2: =$A$9 -> 26/03/2025 00:15 | C2: Power Off | G2: Pw.Off | J2: Link Fail | L2: Link F | N2: Maintenance | P2: Maint.
A3: Report Type: | B3: Mean | C3: Calibration | G3: Calib. | J3: Data Fail | L3: Data F | N3: Invalid | P3: Invalid
A4: Time Base: | B4: 15 Min | C4: Zero Referrence | G4: Z.Ref | J4: Warm Up | L4: Wm. Up
A7: Date & Time | B7: NO | C7: NO2 | D7: NOX | E7: SO2 | F7: O3 | G7: PM 10 | H7: PM 2.5 | I7: BENZ | J7: WS | K7: WD | L7: TEMP | M7: HUM | N7: SR | O7: RG | P7: CO | Q7: NH3
B8: ug/m3 | C8: ug/m3 | D8: ppb | E8: ug/m3 | F8: ug/m3 | G8: ug/m3 | H8: ug/m3 | I8: ug/m3 | J8: m/sec | K8: deg | L8: degreC | M8: % | N8: w/m2 | O8: mm | P8: mg/m3 | Q8: ug/m3
A9: 26/03/2025 00:15 | B9: 6.38 | C9: 16.32 | D9: 14.99 | E9: 8.77 | F9: Invalid | G9: 69.71 | H9: 31.77 | I9: 7.68 | J9: 0.23 | K9: 89.91 | L9: 25.03 | M9: 45.09 | N9: 5.4 | O9: 0 | P9: 0.74 | Q9: 28.15
A10: 26/03/2025 00:30 | B10: 7.49 | C10: 18.83 | D10: 17.2 | E10: 8.76 | F10: Invalid | G10: 69.71 | H10: 31.77 | I10: 7.68 | J10: 0.2 | K10: 125.36 | L10: 25.16 | M10: 46.41 | N10: 5.8 | O10: 0 | P10: 0.76 | Q10: 28.18
A11: 26/03/2025 00:45 | B11: 7.6 | C11: 19.44 | D11: 17.6 | E11: 8.61 | F11: Invalid | G11: 69.71 | H11: 31.77 | I11: 7.78 | J11: 0.17 | K11: 198.45 | L11: 24.44 | M11: 50 | N11: 6.2 | O11: 0 | P11: 0.76 | Q11: 28.2
A12: 26/03/2025 01:00 | B12: 7.89 | C12: 20.26 | D12: 18.26 | E12: 8.79 | F12: Invalid | G12: 75.75 | H12: 35.45 | I12: 7.82 | J12: 0.19 | K12: 178.1 | L12: 23.77 | M12: 52.46 | N12: 6.3 | O12: 0 | P12: 0.76 | Q12: 28.22
A13: 26/03/2025 01:15 | B13: 8.52 | C13: 20.86 | D13: 19.08 | E13: 8.64 | F13: Invalid | G13: 77.95 | H13: 35.5 | I13: 7.86 | J13: 0.15 | K13: 210.71 | L13: 23.54 | M13: 53.28 | N13: 5.9 | O13: 0 | P13: 0.77 | Q13: 28.22
A14: 26/03/2025 01:30 | B14: 9.76 | C14: 21.59 | D14: 20.46 | E14: 8.28 | F14: Invalid | G14: 77.95 | H14: 35.5 | I14: 7.93 | J14: 0.22 | K14: 187.36 | L14: 23.66 | M14: 53.01 | N14: 5.8 | O14: 0 | P14: 0.78 | Q14: 28.26
A15: 26/03/2025 01:45 | B15: 10.6 | C15: 22.26 | D15: 21.48 | E15: 8.43 | F15: Invalid | G15: 77.95 | H15: 35.5 | I15: 8.04 | J15: 0.25 | K15: 201.2 | L15: 22.92 | M15: 56.2 | N15: 6.4 | O15: 0 | P15: 0.78 | Q15: 28.3
A16: 26/03/2025 02:00 | B16: 11.01 | C16: 22.39 | D16: 21.87 | E16: 8.53 | F16: Invalid | G16: 88.99 | H16: 36.04 | I16: 8.08 | J16: 0.05 | K16: 14.27 | L16: 22.66 | M16: 56.73 | N16: 5.8 | O16: 0 | P16: 0.78 | Q16: 28.3
A17: 26/03/2025 02:15 | B17: 11.9 | C17: 22.54 | D17: 22.67 | E17: 8.35 | F17: Invalid | G17: 93 | H17: 36.05 | I17: 8.08 | J17: 0.08 | K17: 183.16 | L17: 23.28 | M17: 53.96 | N17: 5.5 | O17: 0 | P17: 0.78 | Q17: 28.33
A18: 26/03/2025 02:30 | B18: 12.93 | C18: 22.96 | D18: 23.72 | E18: 9.46 | F18: Invalid | G18: 93 | H18: 36.05 | I18: 8.17 | J18: 0.14 | K18: 103.43 | L18: 23.3 | M18: 53.72 | N18: 5.8 | O18: 0 | P18: 0.79 | Q18: 28.37
A19: 26/03/2025 02:45 | B19: 13.78 | C19: 23.11 | D19: 24.47 | E19: 9.46 | F19: Invalid | G19: 93 | H19: 36.05 | I19: 8.22 | J19: 0.15 | K19: 180.94 | L19: 22.93 | M19: 55.73 | N19: 6 | O19: 0 | P19: 0.81 | Q19: 28.4
A20: 26/03/2025 03:00 | B20: 14.54 | C20: 23.1 | D20: 25.08 | E20: 9.12 | F20: Invalid | G20: 105.99 | H20: 40.33 | I20: 8.3 | J20: 0.13 | K20: 207.4 | L20: 22.5 | M20: 57.44 | N20: 6 | O20: 0 | P20: 0.82 | Q20: 28.41
... A104: 26/03/2025 24:00 | B104: 4.35 | C104: 17.34 | D104: 13.9 | E104: 8.3 | F104: Invalid | G104: 68.9 | H104: 27.58 | I104: 7.88 | J104: 0.11 | K104: 144.62 | L104: 25.58 | M104: 37.54 | N104: 5.6 | O104: 0 | P104: 0.74 | Q104: 28.08
A106: Min | B106: =MIN(B9:B104) -> 3.44 | C106: =MIN(C9:C104) -> 15.45 | D106: =MIN(D9:D104) -> 12.19 | E106: =MIN(E9:E104) -> 7.78 | F106: =MIN(F9:F104) -> 0 | G106: =MIN(G9:G104) -> 47.91 | H106: =MIN(H9:H104) -> 19.74 | I106: =MIN(I9:I104) -> 5.11 | ... Q106: =MIN(Q9:Q104) -> 28.05
A107: Max | B107: =MAX(B9:B104) -> 19.17 | C107: =MAX(C9:C104) -> 25.5 | D107: =MAX(D9:D104) -> 27.61 | E107: =MAX(E9:E104) -> 18.73 | F107: =MAX(F9:F104) -> 0 | G107: =MAX(G9:G104) -> 122.24 | H107: =MAX(H9:H104) -> 49.69 | I107: =MAX(I9:I104) -> 11.27 | ... Q107: =MAX(Q9:Q104) -> 28.58
A108: Avg | B108: =AVERAGE(B9:B104) -> 8.6115625 | C108: =AVERAGE(C9:C104) -> 19.550104 | D108: =AVERAGE(D9:D104) -> 18.470625 | E108: =AVERAGE(E9:E104) -> 10.111042 | F108: =AVERAGE(F9:F104) -> #DIV/0! | G108: =AVERAGE(G9:G104) -> 84.020104 | H108: =AVERAGE(H9:H104) -> 34.93375 | I108: =AVERAGE(I9:I104) -> 8.20875 | ... Q108: =AVERAGE(Q9:Q104) -> 28.226875
A109: Stdev | B109: =STDEV(B9:B104) -> 5.6652589 | C109: =STDEV(C9:C104) -> 2.3681463 | D109: =STDEV(D9:D104) -> 5.3421367 | E109: =STDEV(E9:E104) -> 2.1350767 | F109: =STDEV(F9:F104) -> #DIV/0! | G109: =STDEV(G9:G104) -> 23.9373 | H109: =STDEV(H9:H104) -> 8.6039745 | I109: =STDEV(I9:I104) -> 1.7518377 | ... Q109: =STDEV(Q9:Q104) -> 0.18366624
A110: Num | B110: =COUNT(B9:B104) -> 96 | C110: =COUNT(C9:C104) -> 96 | D110: =COUNT(D9:D104) -> 96 | E110: =COUNT(E9:E104) -> 96 | F110: =COUNT(F9:F104) -> 0 | G110: =COUNT(G9:G104) -> 96 | H110: =COUNT(H9:H104) -> 96 | I110: =COUNT(I9:I104) -> 96 | ... Q110: =COUNT(Q9:Q104) -> 96
A111: DCR | B111: =IF(B110>=87,">90%",IF(B110<=87,"<90%")) -> >90% | C111: =IF(C110>=87,">90%",IF(C110<=87,"<90%")) -> >90% | D111: =IF(D110>=87,">90%",IF(D110<=87,"<90%")) -> >90% | E111: =IF(E110>=87,">90%",IF(E110<=87,"<90%")) -> >90% | F111: =IF(F110>=87,">90%",IF(F110<=87,"<90%")) -> <90% | G111: =IF(G110>=87,">90%",IF(G110<=87,"<90%")) -> >90% | H111: =IF(H110>=87,">90%",IF(H110<=87,"<90%")) -> >90% | I111: =IF(I110>=87,">90%",IF(I110<=87,"<90%")) -> >90% | ... Q111: =IF(Q110>=87,">90%",IF(Q110<=87,"<90%")) -> >90%
A112: Status | B112: =IF(B110>=87,"OK",IF(B110<=87,"LESS")) -> OK | C112: =IF(C110>=87,"OK",IF(C110<=87,"LESS")) -> OK | D112: =IF(D110>=87,"OK",IF(D110<=87,"LESS")) -> OK | E112: =IF(E110>=87,"OK",IF(E110<=87,"LESS")) -> OK | F112: =IF(F110>=87,"OK",IF(F110<=87,"LESS")) -> LESS | G112: =IF(G110>=87,"OK",IF(G110<=87,"LESS")) -> OK | H112: =IF(H110>=87,"OK",IF(H110<=87,"LESS")) -> OK | I112: =IF(I110>=87,"OK",IF(I110<=87,"LESS")) -> OK | ... Q112: =IF(Q110>=87,"OK",IF(Q110<=87,"LESS")) -> OK
A115: Done by | B115: AKASH
A117: Comment

Sheet 27
A1: Station: | B1: IGKV RAIPUR
A2: Date: | B2: =$A$9 -> 27/03/2025 00:15 | C2: Power Off | G2: Pw.Off | J2: Link Fail | L2: Link F | N2: Maintenance | P2: Maint.
A3: Report Type: | B3: Mean | C3: Calibration | G3: Calib. | J3: Data Fail | L3: Data F | N3: Invalid | P3: Invalid
A4: Time Base: | B4: 15 Min | C4: Zero Referrence | G4: Z.Ref | J4: Warm Up | L4: Wm. Up
A7: Date & Time | B7: NO | C7: NO2 | D7: NOX | E7: SO2 | F7: O3 | G7: PM 10 | H7: PM 2.5 | I7: BENZ | J7: WS | K7: WD | L7: TEMP | M7: HUM | N7: SR | O7: RG | P7: CO | Q7: NH3
B8: ug/m3 | C8: ug/m3 | D8: ppb | E8: ug/m3 | F8: ug/m3 | G8: ug/m3 | H8: ug/m3 | I8: ug/m3 | J8: m/sec | K8: deg | L8: degreC | M8: % | N8: w/m2 | O8: mm | P8: mg/m3 | Q8: ug/m3
A9: 27/03/2025 00:15 | B9: 4.19 | C9: 17.42 | D9: 13.82 | E9: 7.98 | F9: Invalid | G9: 69.24 | H9: 27.56 | I9: 7.87 | J9: 0.17 | K9: 166.15 | L9: 25.6 | M9: 37.91 | N9: 5.6 | O9: 0 | P9: 0.74 | Q9: 28.09
A10: 27/03/2025 00:30 | B10: 4.16 | C10: 17.43 | D10: 13.79 | E10: 8.28 | F10: Invalid | G10: 69.24 | H10: 27.56 | I10: 7.79 | J10: 0.26 | K10: 244.37 | L10: 25.16 | M10: 39.57 | N10: 5.8 | O10: 0 | P10: 0.75 | Q10: 28.08
A11: 27/03/2025 00:45 | B11: 4.11 | C11: 17.47 | D11: 13.77 | E11: 7.77 | F11: Invalid | G11: 69.24 | H11: 27.56 | I11: 7.74 | J11: 0.28 | K11: 233.82 | L11: 24.75 | M11: 41.26 | N11: 5.9 | O11: 0 | P11: 0.74 | Q11: 28.08
A12: 27/03/2025 01:00 | B12: 4.11 | C12: 17.34 | D12: 13.71 | E12: 7.88 | F12: Invalid | G12: 86.22 | H12: 32.16 | I12: 7.72 | J12: 0.14 | K12: 139.4 | L12: 24.39 | M12: 42.72 | N12: 6 | O12: 0 | P12: 0.75 | Q12: 28.08
A13: 27/03/2025 01:15 | B13: 4.39 | C13: 16.94 | D13: 13.72 | E13: 8.27 | F13: Invalid | G13: 92.4 | H13: 32.23 | I13: 7.67 | J13: 0.19 | K13: 189.58 | L13: 23.97 | M13: 44.98 | N13: 6.1 | O13: 0 | P13: 0.73 | Q13: 28.08
A14: 27/03/2025 01:30 | B14: 4.66 | C14: 16.72 | D14: 13.82 | E14: 8.09 | F14: Invalid | G14: 92.4 | H14: 32.23 | I14: 7.65 | J14: 0.11 | K14: 192.55 | L14: 23.68 | M14: 45.26 | N14: 6 | O14: 0 | P14: 0.73 | Q14: 28.1
A15: 27/03/2025 01:45 | B15: 4.97 | C15: 16.44 | D15: 13.93 | E15: 8.07 | F15: Invalid | G15: 92.4 | H15: 32.23 | I15: 7.72 | J15: 0.19 | K15: 180.5 | L15: 23.61 | M15: 46.61 | N15: 6 | O15: 0 | P15: 0.73 | Q15: 28.11
A16: 27/03/2025 02:00 | B16: 5.23 | C16: 16.2 | D16: 14.01 | E16: 8.26 | F16: Invalid | G16: 81.98 | H16: 30.12 | I16: 7.69 | J16: 0.2 | K16: 232.8 | L16: 23.51 | M16: 45.23 | N16: 5.7 | O16: 0 | P16: 0.73 | Q16: 28.13
A17: 27/03/2025 02:15 | B17: 5.42 | C17: 15.89 | D17: 14 | E17: 6.79 | F17: Invalid | G17: 78.19 | H17: 30.05 | I17: 7.68 | J17: 0.33 | K17: 213.46 | L17: 23.98 | M17: 43.37 | N17: 5.3 | O17: 0 | P17: 0.74 | Q17: 28.12
A18: 27/03/2025 02:30 | B18: 5.64 | C18: 15.93 | D18: 14.2 | E18: 7.53 | F18: Invalid | G18: 78.19 | H18: 30.05 | I18: 7.74 | J18: 0.05 | K18: 196.62 | L18: 23.75 | M18: 43.96 | N18: 5.9 | O18: 0 | P18: 0.74 | Q18: 28.11
A19: 27/03/2025 02:45 | B19: 6.11 | C19: 16.3 | D19: 14.77 | E19: 7.52 | F19: Invalid | G19: 78.19 | H19: 30.05 | I19: 7.77 | J19: 0.2 | K19: 153.64 | L19: 24.01 | M19: 43.08 | N19: 5.7 | O19: 0 | P19: 0.74 | Q19: 28.13
A20: 27/03/2025 03:00 | B20: 6.58 | C20: 16.68 | D20: 15.34 | E20: 7.91 | F20: Invalid | G20: 82.13 | H20: 30.83 | I20: 7.84 | J20: 0.17 | K20: 163.73 | L20: 23.56 | M20: 45.61 | N20: 6.2 | O20: 0 | P20: 0.75 | Q20: 28.16
... A104: 27/03/2025 24:00 | B104: 5.44 | C104: 14.88 | D104: 13.49 | E104: 9.79 | F104: Invalid | G104: 70.13 | H104: 38.75 | I104: 10.13 | J104: 0.2 | K104: 182.98 | L104: 25.79 | M104: 39.71 | N104: 5.8 | O104: 0 | P104: 0.89 | Q104: 28.14
A106: Min | B106: =MIN(B9:B104) -> 3.27 | C106: =MIN(C9:C104) -> 11.89 | D106: =MIN(D9:D104) -> 10.48 | E106: =MIN(E9:E104) -> 6.79 | F106: =MIN(F9:F104) -> 0 | G106: =MIN(G9:G104) -> 38.44 | H106: =MIN(H9:H104) -> 25.2 | I106: =MIN(I9:I104) -> 6.99 | ... Q106: =MIN(Q9:Q104) -> 28.04
A107: Max | B107: =MAX(B9:B104) -> 17.67 | C107: =MAX(C9:C104) -> 35.83 | D107: =MAX(D9:D104) -> 27.07 | E107: =MAX(E9:E104) -> 22.32 | F107: =MAX(F9:F104) -> 0 | G107: =MAX(G9:G104) -> 231.91 | H107: =MAX(H9:H104) -> 85.43 | I107: =MAX(I9:I104) -> 18.44 | ... Q107: =MAX(Q9:Q104) -> 28.51
A108: Avg | B108: =AVERAGE(B9:B104) -> 6.5528125 | C108: =AVERAGE(C9:C104) -> 18.048438 | D108: =AVERAGE(D9:D104) -> 16.035 | E108: =AVERAGE(E9:E104) -> 10.531563 | F108: =AVERAGE(F9:F104) -> #DIV/0! | G108: =AVERAGE(G9:G104) -> 94.718958 | H108: =AVERAGE(H9:H104) -> 39.160104 | I108: =AVERAGE(I9:I104) -> 9.96125 | ... Q108: =AVERAGE(Q9:Q104) -> 28.159062
A109: Stdev | B109: =STDEV(B9:B104) -> 4.1763489 | C109: =STDEV(C9:C104) -> 4.8310632 | D109: =STDEV(D9:D104) -> 5.0428016 | E109: =STDEV(E9:E104) -> 3.1142668 | F109: =STDEV(F9:F104) -> #DIV/0! | G109: =STDEV(G9:G104) -> 54.757129 | H109: =STDEV(H9:H104) -> 15.155444 | I109: =STDEV(I9:I104) -> 3.2585506 | ... Q109: =STDEV(Q9:Q104) -> 0.13309338
A110: Num | B110: =COUNT(B9:B104) -> 96 | C110: =COUNT(C9:C104) -> 96 | D110: =COUNT(D9:D104) -> 96 | E110: =COUNT(E9:E104) -> 96 | F110: =COUNT(F9:F104) -> 0 | G110: =COUNT(G9:G104) -> 96 | H110: =COUNT(H9:H104) -> 96 | I110: =COUNT(I9:I104) -> 96 | ... Q110: =COUNT(Q9:Q104) -> 96
A111: DCR | B111: =IF(B110>=87,">90%",IF(B110<=87,"<90%")) -> >90% | C111: =IF(C110>=87,">90%",IF(C110<=87,"<90%")) -> >90% | D111: =IF(D110>=87,">90%",IF(D110<=87,"<90%")) -> >90% | E111: =IF(E110>=87,">90%",IF(E110<=87,"<90%")) -> >90% | F111: =IF(F110>=87,">90%",IF(F110<=87,"<90%")) -> <90% | G111: =IF(G110>=87,">90%",IF(G110<=87,"<90%")) -> >90% | H111: =IF(H110>=87,">90%",IF(H110<=87,"<90%")) -> >90% | I111: =IF(I110>=87,">90%",IF(I110<=87,"<90%")) -> >90% | ... Q111: =IF(Q110>=87,">90%",IF(Q110<=87,"<90%")) -> >90%
A112: Status | B112: =IF(B110>=87,"OK",IF(B110<=87,"LESS")) -> OK | C112: =IF(C110>=87,"OK",IF(C110<=87,"LESS")) -> OK | D112: =IF(D110>=87,"OK",IF(D110<=87,"LESS")) -> OK | E112: =IF(E110>=87,"OK",IF(E110<=87,"LESS")) -> OK | F112: =IF(F110>=87,"OK",IF(F110<=87,"LESS")) -> LESS | G112: =IF(G110>=87,"OK",IF(G110<=87,"LESS")) -> OK | H112: =IF(H110>=87,"OK",IF(H110<=87,"LESS")) -> OK | I112: =IF(I110>=87,"OK",IF(I110<=87,"LESS")) -> OK | ... Q112: =IF(Q110>=87,"OK",IF(Q110<=87,"LESS")) -> OK
A115: Done by | B115: AKASH
A117: Comment

Sheet 28
A1: Station: | B1: IGKV RAIPUR
A2: Date: | B2: =$A$9 -> 28/03/2025 00:15 | C2: Power Off | G2: Pw.Off | J2: Link Fail | L2: Link F | N2: Maintenance | P2: Maint.
A3: Report Type: | B3: Mean | C3: Calibration | G3: Calib. | J3: Data Fail | L3: Data F | N3: Invalid | P3: Invalid
A4: Time Base: | B4: 15 Min | C4: Zero Referrence | G4: Z.Ref | J4: Warm Up | L4: Wm. Up
A7: Date & Time | B7: NO | C7: NO2 | D7: NOX | E7: SO2 | F7: O3 | G7: PM 10 | H7: PM 2.5 | I7: BENZ | J7: WS | K7: WD | L7: TEMP | M7: HUM | N7: SR | O7: RG | P7: CO | Q7: NH3
B8: ug/m3 | C8: ug/m3 | D8: ppb | E8: ug/m3 | F8: ug/m3 | G8: ug/m3 | H8: ug/m3 | I8: ug/m3 | J8: m/sec | K8: deg | L8: degreC | M8: % | N8: w/m2 | O8: mm | P8: mg/m3 | Q8: ug/m3
A9: 28/03/2025 00:15 | B9: 5.44 | C9: 14.61 | D9: 13.35 | E9: 9.31 | F9: Invalid | G9: 70.17 | H9: 38.78 | I9: 10.15 | J9: 0.15 | K9: 197.06 | L9: 25.7 | M9: 40.28 | N9: 5.8 | O9: 0 | P9: 0.89 | Q9: 28.12
A10: 28/03/2025 00:30 | B10: 5.43 | C10: 14.85 | D10: 13.46 | E10: 9.5 | F10: Invalid | G10: 70.17 | H10: 38.78 | I10: 10.18 | J10: 0.17 | K10: 172.58 | L10: 25.38 | M10: 41.56 | N10: 6 | O10: 0 | P10: 0.89 | Q10: 28.13
A11: 28/03/2025 00:45 | B11: 5.5 | C11: 14.77 | D11: 13.48 | E11: 9.72 | F11: Invalid | G11: 70.17 | H11: 38.78 | I11: 10.22 | J11: 0.16 | K11: 172.3 | L11: 25.19 | M11: 41.76 | N11: 5.9 | O11: 0 | P11: 0.89 | Q11: 28.13
A12: 28/03/2025 01:00 | B12: 5.78 | C12: 15.76 | D12: 14.22 | E12: 9.59 | F12: Invalid | G12: 72.68 | H12: 36.6 | I12: 10.24 | J12: 0.21 | K12: 118.52 | L12: 25.34 | M12: 40.76 | N12: 5.6 | O12: 0 | P12: 0.9 | Q12: 28.13
A13: 28/03/2025 01:15 | B13: 5.91 | C13: 15.76 | D13: 14.32 | E13: 9.64 | F13: Invalid | G13: 73.59 | H13: 36.57 | I13: 10.27 | J13: 0.2 | K13: 186.2 | L13: 24.83 | M13: 43.8 | N13: 6.2 | O13: 0 | P13: 0.91 | Q13: 28.14
A14: 28/03/2025 01:30 | B14: 5.8 | C14: 15.46 | D14: 14.08 | E14: 9.43 | F14: Invalid | G14: 73.59 | H14: 36.57 | I14: 10.27 | J14: 0.22 | K14: 172.84 | L14: 24.73 | M14: 42.67 | N14: 5.9 | O14: 0 | P14: 0.91 | Q14: 28.13
A15: 28/03/2025 01:45 | B15: 5.47 | C15: 15.64 | D15: 13.91 | E15: 9.39 | F15: Invalid | G15: 73.59 | H15: 36.57 | I15: 10.42 | J15: 0.19 | K15: 196.19 | L15: 24.38 | M15: 43.88 | N15: 6 | O15: 0 | P15: 0.92 | Q15: 28.13
A16: 28/03/2025 02:00 | B16: 5.06 | C16: 15.82 | D16: 13.68 | E16: 9.34 | F16: Invalid | G16: 67.17 | H16: 34.94 | I16: 10.37 | J16: 0.16 | K16: 189.88 | L16: 23.95 | M16: 46.41 | N16: 6 | O16: 0 | P16: 0.92 | Q16: 28.11
A17: 28/03/2025 02:15 | B17: 4.79 | C17: 15.85 | D17: 13.47 | E17: 8.19 | F17: Invalid | G17: 64.83 | H17: 34.89 | I17: 10.34 | J17: 0.19 | K17: 199.19 | L17: 23.67 | M17: 48.38 | N17: 6 | O17: 0 | P17: 0.91 | Q17: 28.1
A18: 28/03/2025 02:30 | B18: 4.65 | C18: 15.98 | D18: 13.43 | E18: 9.24 | F18: Invalid | G18: 64.83 | H18: 34.89 | I18: 10.38 | J18: 0.17 | K18: 171.87 | L18: 23.57 | M18: 47.75 | N18: 5.8 | O18: 0 | P18: 0.92 | Q18: 28.1
A19: 28/03/2025 02:45 | B19: 4.67 | C19: 15.72 | D19: 13.31 | E19: 9.04 | F19: Invalid | G19: 64.83 | H19: 34.89 | I19: 10.38 | J19: 0.2 | K19: 188.77 | L19: 23.76 | M19: 46.71 | N19: 5.7 | O19: 0 | P19: 0.93 | Q19: 28.1
A20: 28/03/2025 03:00 | B20: 4.51 | C20: 15.78 | D20: 13.21 | E20: 9.12 | F20: Invalid | G20: 70.54 | H20: 36.2 | I20: 10.48 | J20: 0.14 | K20: 126.12 | L20: 23.66 | M20: 46.35 | N20: 5.7 | O20: 0 | P20: 0.95 | Q20: 28.1
... A104: 28/03/2025 24:00 | B104: 18.8 | C104: 30.46 | D104: 32.34 | E104: 10.5 | F104: Invalid | G104: 127.12 | H104: 46.33 | I104: 13.32 | J104: 0.32 | K104: 80.91 | L104: 28.76 | M104: 32.83 | N104: 5.8 | O104: 0 | P104: 1.24 | Q104: 28.46
A106: Min | B106: =MIN(B9:B104) -> 3.23 | C106: =MIN(C9:C104) -> 14.61 | D106: =MIN(D9:D104) -> 12.65 | E106: =MIN(E9:E104) -> 8.19 | F106: =MIN(F9:F104) -> 0 | G106: =MIN(G9:G104) -> 59.48 | H106: =MIN(H9:H104) -> 24.5 | I106: =MIN(I9:I104) -> 5.88 | ... Q106: =MIN(Q9:Q104) -> 28.05
A107: Max | B107: =MAX(B9:B104) -> 18.8 | C107: =MAX(C9:C104) -> 30.46 | D107: =MAX(D9:D104) -> 32.34 | E107: =MAX(E9:E104) -> 34.7 | F107: =MAX(F9:F104) -> 0 | G107: =MAX(G9:G104) -> 136.87 | H107: =MAX(H9:H104) -> 54.77 | I107: =MAX(I9:I104) -> 16.13 | ... Q107: =MAX(Q9:Q104) -> 28.46
A108: Avg | B108: =AVERAGE(B9:B104) -> 6.1803125 | C108: =AVERAGE(C9:C104) -> 19.795625 | D108: =AVERAGE(D9:D104) -> 16.649896 | E108: =AVERAGE(E9:E104) -> 13.769167 | F108: =AVERAGE(F9:F104) -> #DIV/0! | G108: =AVERAGE(G9:G104) -> 84.935625 | H108: =AVERAGE(H9:H104) -> 37.258958 | I108: =AVERAGE(I9:I104) -> 10.929167 | ... Q108: =AVERAGE(Q9:Q104) -> 28.143333
A109: Stdev | B109: =STDEV(B9:B104) -> 3.218911 | C109: =STDEV(C9:C104) -> 3.4224629 | D109: =STDEV(D9:D104) -> 3.9593462 | E109: =STDEV(E9:E104) -> 5.2803277 | F109: =STDEV(F9:F104) -> #DIV/0! | G109: =STDEV(G9:G104) -> 22.313018 | H109: =STDEV(H9:H104) -> 8.2075854 | I109: =STDEV(I9:I104) -> 2.6363394 | ... Q109: =STDEV(Q9:Q104) -> 0.081300828
A110: Num | B110: =COUNT(B9:B104) -> 96 | C110: =COUNT(C9:C104) -> 96 | D110: =COUNT(D9:D104) -> 96 | E110: =COUNT(E9:E104) -> 96 | F110: =COUNT(F9:F104) -> 0 | G110: =COUNT(G9:G104) -> 96 | H110: =COUNT(H9:H104) -> 96 | I110: =COUNT(I9:I104) -> 96 | ... Q110: =COUNT(Q9:Q104) -> 96
A111: DCR | B111: =IF(B110>=87,">90%",IF(B110<=87,"<90%")) -> >90% | C111: =IF(C110>=87,">90%",IF(C110<=87,"<90%")) -> >90% | D111: =IF(D110>=87,">90%",IF(D110<=87,"<90%")) -> >90% | E111: =IF(E110>=87,">90%",IF(E110<=87,"<90%")) -> >90% | F111: =IF(F110>=87,">90%",IF(F110<=87,"<90%")) -> <90% | G111: =IF(G110>=87,">90%",IF(G110<=87,"<90%")) -> >90% | H111: =IF(H110>=87,">90%",IF(H110<=87,"<90%")) -> >90% | I111: =IF(I110>=87,">90%",IF(I110<=87,"<90%")) -> >90% | ... Q111: =IF(Q110>=87,">90%",IF(Q110<=87,"<90%")) -> >90%
A112: Status | B112: =IF(B110>=87,"OK",IF(B110<=87,"LESS")) -> OK | C112: =IF(C110>=87,"OK",IF(C110<=87,"LESS")) -> OK | D112: =IF(D110>=87,"OK",IF(D110<=87,"LESS")) -> OK | E112: =IF(E110>=87,"OK",IF(E110<=87,"LESS")) -> OK | F112: =IF(F110>=87,"OK",IF(F110<=87,"LESS")) -> LESS | G112: =IF(G110>=87,"OK",IF(G110<=87,"LESS")) -> OK | H112: =IF(H110>=87,"OK",IF(H110<=87,"LESS")) -> OK | I112: =IF(I110>=87,"OK",IF(I110<=87,"LESS")) -> OK | ... Q112: =IF(Q110>=87,"OK",IF(Q110<=87,"LESS")) -> OK
A115: Done by | B115: AKASH
A117: Comment

Sheet 29
A1: Station: | B1: IGKV RAIPUR
A2: Date: | B2: =$A$9 -> 29/03/2025 00:15 | C2: Power Off | G2: Pw.Off | J2: Link Fail | L2: Link F | N2: Maintenance | P2: Maint.
A3: Report Type: | B3: Mean | C3: Calibration | G3: Calib. | J3: Data Fail | L3: Data F | N3: Invalid | P3: Invalid
A4: Time Base: | B4: 15 Min | C4: Zero Referrence | G4: Z.Ref | J4: Warm Up | L4: Wm. Up
A7: Date & Time | B7: NO | C7: NO2 | D7: NOX | E7: SO2 | F7: O3 | G7: PM 10 | H7: PM 2.5 | I7: BENZ | J7: WS | K7: WD | L7: TEMP | M7: HUM | N7: SR | O7: RG | P7: CO | Q7: NH3
B8: ug/m3 | C8: ug/m3 | D8: ppb | E8: ug/m3 | F8: ug/m3 | G8: ug/m3 | H8: ug/m3 | I8: ug/m3 | J8: m/sec | K8: deg | L8: degreC | M8: % | N8: w/m2 | O8: mm | P8: mg/m3 | Q8: ug/m3
A9: 29/03/2025 00:15 | B9: 20.23 | C9: 28.63 | D9: 32.54 | E9: 10.37 | F9: Invalid | G9: 129.52 | H9: 46.37 | I9: 13.75 | J9: 0.26 | K9: 101.76 | L9: 28.64 | M9: 33.51 | N9: 6.2 | O9: 0 | P9: 1.26 | Q9: 28.51
A10: 29/03/2025 00:30 | B10: 19.58 | C10: 27.55 | D10: 31.45 | E10: 10.14 | F10: Invalid | G10: 129.52 | H10: 46.37 | I10: 14.19 | J10: 0.28 | K10: 172.29 | L10: 27.63 | M10: 36.74 | N10: 6.8 | O10: 0 | P10: 1.26 | Q10: 28.55
A11: 29/03/2025 00:45 | B11: 19.46 | C11: 26.59 | D11: 30.85 | E11: 9.88 | F11: Invalid | G11: 129.52 | H11: 46.37 | I11: 14.52 | J11: 0.18 | K11: 244.01 | L11: 26.99 | M11: 37.8 | N11: 6.4 | O11: 0 | P11: 1.28 | Q11: 28.53
A12: 29/03/2025 01:00 | B12: 24.68 | C12: 27.28 | D12: 35.39 | E12: 10.81 | F12: Invalid | G12: 145.43 | H12: 53.94 | I12: 14.62 | J12: 0.93 | K12: 54.23 | L12: 28.03 | M12: 32.18 | N12: 4.2 | O12: 0 | P12: 1.34 | Q12: 28.59
A13: 29/03/2025 01:15 | B13: 20.52 | C13: 26.19 | D13: 31.49 | E13: 10.52 | F13: Invalid | G13: 151.21 | H13: 54.18 | I13: 14.85 | J13: 1 | K13: 45.47 | L13: 28.72 | M13: 29.09 | N13: 5.3 | O13: 0 | P13: 1.31 | Q13: 28.59
A14: 29/03/2025 01:30 | B14: 19.59 | C14: 26.59 | D14: 30.95 | E14: 10.49 | F14: Invalid | G14: 151.21 | H14: 54.18 | I14: 15.2 | J14: 0.52 | K14: 44.68 | L14: 28.78 | M14: 28.6 | N14: 5.9 | O14: 0 | P14: 1.28 | Q14: 28.55
A15: 29/03/2025 01:45 | B15: 18.2 | C15: 26.15 | D15: 29.61 | E15: 10.63 | F15: Invalid | G15: 151.21 | H15: 54.18 | I15: 14.93 | J15: 0.62 | K15: 49.62 | L15: 28.67 | M15: 28.84 | N15: 5.9 | O15: 0 | P15: 1.26 | Q15: 28.54
A16: 29/03/2025 02:00 | B16: 17.17 | C16: 25.96 | D16: 28.68 | E16: 10.45 | F16: Invalid | G16: 141.66 | H16: 48.68 | I16: 14.59 | J16: 0.71 | K16: 56.28 | L16: 28.88 | M16: 27.71 | N16: 5.6 | O16: 0 | P16: 1.21 | Q16: 28.51
A17: 29/03/2025 02:15 | B17: 16.02 | C17: 24.98 | D17: 27.25 | E17: 8.92 | F17: Invalid | G17: 138.19 | H17: 48.51 | I17: 14.32 | J17: 0.84 | K17: 53.25 | L17: 29.26 | M17: 26.71 | N17: 5.3 | O17: 0 | P17: 1.19 | Q17: 28.48
A18: 29/03/2025 02:30 | B18: 15.63 | C18: 24.46 | D18: 26.66 | E18: 9.84 | F18: Invalid | G18: 138.19 | H18: 48.51 | I18: 13.9 | J18: 0.82 | K18: 57.8 | L18: 29.27 | M18: 26.99 | N18: 5.8 | O18: 0 | P18: 1.16 | Q18: 28.45
A19: 29/03/2025 02:45 | B19: 15.27 | C19: 23.38 | D19: 25.81 | E19: 9.16 | F19: Invalid | G19: 138.19 | H19: 48.51 | I19: 13.54 | J19: 0.98 | K19: 57.15 | L19: 29.14 | M19: 27.5 | N19: 5.8 | O19: 0 | P19: 1.16 | Q19: 28.45
A20: 29/03/2025 03:00 | B20: 14.6 | C20: 22.3 | D20: 24.71 | E20: 9.5 | F20: Invalid | G20: 116.99 | H20: 43.95 | I20: 13.35 | J20: 1.21 | K20: 50.63 | L20: 29.21 | M20: 27.26 | N20: 5.6 | O20: 0 | P20: 1.14 | Q20: 28.44
... A104: 29/03/2025 24:00 | B104: 10.68 | C104: 25.23 | D104: 23.1 | E104: 9.73 | F104: Invalid | G104: 102.04 | H104: 31.11 | I104: 10 | J104: 0.6 | K104: 44.49 | L104: 29.57 | M104: 20.94 | N104: 5.8 | O104: 0 | P104: 0.79 | Q104: 28.24
A106: Min | B106: =MIN(B9:B104) -> 3.59 | C106: =MIN(C9:C104) -> 13.42 | D106: =MIN(D9:D104) -> 11.24 | E106: =MIN(E9:E104) -> 8.11 | F106: =MIN(F9:F104) -> 0 | G106: =MIN(G9:G104) -> 66.29 | H106: =MIN(H9:H104) -> 26.15 | I106: =MIN(I9:I104) -> 6.21 | ... Q106: =MIN(Q9:Q104) -> 28.06
A107: Max | B107: =MAX(B9:B104) -> 24.68 | C107: =MAX(C9:C104) -> 32.92 | D107: =MAX(D9:D104) -> 35.39 | E107: =MAX(E9:E104) -> 40.76 | F107: =MAX(F9:F104) -> 0 | G107: =MAX(G9:G104) -> 151.21 | H107: =MAX(H9:H104) -> 54.18 | I107: =MAX(I9:I104) -> 15.2 | ... Q107: =MAX(Q9:Q104) -> 28.59
A108: Avg | B108: =AVERAGE(B9:B104) -> 9.3704167 | C108: =AVERAGE(C9:C104) -> 22.889583 | D108: =AVERAGE(D9:D104) -> 20.824375 | E108: =AVERAGE(E9:E104) -> 12.065625 | F108: =AVERAGE(F9:F104) -> #DIV/0! | G108: =AVERAGE(G9:G104) -> 99.736458 | H108: =AVERAGE(H9:H104) -> 35.061875 | I108: =AVERAGE(I9:I104) -> 10.273021 | ... Q108: =AVERAGE(Q9:Q104) -> 28.231875
A109: Stdev | B109: =STDEV(B9:B104) -> 5.1264579 | C109: =STDEV(C9:C104) -> 4.1664648 | D109: =STDEV(D9:D104) -> 5.133182 | E109: =STDEV(E9:E104) -> 5.5511868 | F109: =STDEV(F9:F104) -> #DIV/0! | G109: =STDEV(G9:G104) -> 22.824609 | H109: =STDEV(H9:H104) -> 7.4126378 | I109: =STDEV(I9:I104) -> 2.4093136 | ... Q109: =STDEV(Q9:Q104) -> 0.15257311
A110: Num | B110: =COUNT(B9:B104) -> 96 | C110: =COUNT(C9:C104) -> 96 | D110: =COUNT(D9:D104) -> 96 | E110: =COUNT(E9:E104) -> 96 | F110: =COUNT(F9:F104) -> 0 | G110: =COUNT(G9:G104) -> 96 | H110: =COUNT(H9:H104) -> 96 | I110: =COUNT(I9:I104) -> 96 | ... Q110: =COUNT(Q9:Q104) -> 96
A111: DCR | B111: =IF(B110>=87,">90%",IF(B110<=87,"<90%")) -> >90% | C111: =IF(C110>=87,">90%",IF(C110<=87,"<90%")) -> >90% | D111: =IF(D110>=87,">90%",IF(D110<=87,"<90%")) -> >90% | E111: =IF(E110>=87,">90%",IF(E110<=87,"<90%")) -> >90% | F111: =IF(F110>=87,">90%",IF(F110<=87,"<90%")) -> <90% | G111: =IF(G110>=87,">90%",IF(G110<=87,"<90%")) -> >90% | H111: =IF(H110>=87,">90%",IF(H110<=87,"<90%")) -> >90% | I111: =IF(I110>=87,">90%",IF(I110<=87,"<90%")) -> >90% | ... Q111: =IF(Q110>=87,">90%",IF(Q110<=87,"<90%")) -> >90%
A112: Status | B112: =IF(B110>=87,"OK",IF(B110<=87,"LESS")) -> OK | C112: =IF(C110>=87,"OK",IF(C110<=87,"LESS")) -> OK | D112: =IF(D110>=87,"OK",IF(D110<=87,"LESS")) -> OK | E112: =IF(E110>=87,"OK",IF(E110<=87,"LESS")) -> OK | F112: =IF(F110>=87,"OK",IF(F110<=87,"LESS")) -> LESS | G112: =IF(G110>=87,"OK",IF(G110<=87,"LESS")) -> OK | H112: =IF(H110>=87,"OK",IF(H110<=87,"LESS")) -> OK | I112: =IF(I110>=87,"OK",IF(I110<=87,"LESS")) -> OK | ... Q112: =IF(Q110>=87,"OK",IF(Q110<=87,"LESS")) -> OK
A115: Done by | B115: AKASH
A117: Comment

Sheet 30
A1: Station: | B1: IGKV RAIPUR
A2: Date: | B2: =$A$9 -> 30/03/2025 00:15 | C2: Power Off | G2: Pw.Off | J2: Link Fail | L2: Link F | N2: Maintenance | P2: Maint.
A3: Report Type: | B3: Mean | C3: Calibration | G3: Calib. | J3: Data Fail | L3: Data F | N3: Invalid | P3: Invalid
A4: Time Base: | B4: 15 Min | C4: Zero Referrence | G4: Z.Ref | J4: Warm Up | L4: Wm. Up
A7: Date & Time | B7: NO | C7: NO2 | D7: NOX | E7: SO2 | F7: O3 | G7: PM 10 | H7: PM 2.5 | I7: BENZ | J7: WS | K7: WD | L7: TEMP | M7: HUM | N7: SR | O7: RG | P7: CO | Q7: NH3
B8: ug/m3 | C8: ug/m3 | D8: ppb | E8: ug/m3 | F8: ug/m3 | G8: ug/m3 | H8: ug/m3 | I8: ug/m3 | J8: m/sec | K8: deg | L8: degreC | M8: % | N8: w/m2 | O8: mm | P8: mg/m3 | Q8: ug/m3
A9: 30/03/2025 00:15 | B9: 9.13 | C9: 21.99 | D9: 20.16 | E9: 9.02 | F9: Invalid | G9: 96.65 | H9: 31.03 | I9: 9.95 | J9: 0.56 | K9: 38.52 | L9: 29.32 | M9: 20.99 | N9: 5.9 | O9: 0 | P9: 0.79 | Q9: 28.24
A10: 30/03/2025 00:30 | B10: 9.9 | C10: 22.7 | D10: 21.15 | E10: 9.75 | F10: Invalid | G10: 96.65 | H10: 31.03 | I10: 9.85 | J10: 0.66 | K10: 45.15 | L10: 29.26 | M10: 20.23 | N10: 5.6 | O10: 0 | P10: 0.79 | Q10: 28.24
A11: 30/03/2025 00:45 | B11: 9.79 | C11: 22.11 | D11: 20.75 | E11: 10.29 | F11: Invalid | G11: 96.65 | H11: 31.03 | I11: 9.89 | J11: 0.56 | K11: 52.68 | L11: 29.09 | M11: 20.32 | N11: 6 | O11: 0 | P11: 0.77 | Q11: 28.24
A12: 30/03/2025 01:00 | B12: 10.45 | C12: 23.59 | D12: 22.05 | E12: 11.71 | F12: Invalid | G12: 92.03 | H12: 29.5 | I12: 9.83 | J12: 0.5 | K12: 53.39 | L12: 28.86 | M12: 20.59 | N12: 5.9 | O12: 0 | P12: 0.78 | Q12: 28.25
A13: 30/03/2025 01:15 | B13: 10.11 | C13: 22.79 | D13: 21.37 | E13: 10.2 | F13: Invalid | G13: 90.34 | H13: 29.48 | I13: 9.78 | J13: 0.53 | K13: 44.78 | L13: 28.61 | M13: 20.44 | N13: 5.8 | O13: 0 | P13: 0.78 | Q13: 28.26
A14: 30/03/2025 01:30 | B14: 9.92 | C14: 21.6 | D14: 20.59 | E14: 8.71 | F14: Invalid | G14: 90.34 | H14: 29.48 | I14: 9.92 | J14: 0.56 | K14: 49.12 | L14: 28.49 | M14: 20.1 | N14: 5.8 | O14: 0 | P14: 0.77 | Q14: 28.25
A15: 30/03/2025 01:45 | B15: 9.96 | C15: 21.16 | D15: 20.39 | E15: 8.14 | F15: Invalid | G15: 90.34 | H15: 29.48 | I15: 9.98 | J15: 0.48 | K15: 47.85 | L15: 28.23 | M15: 20.66 | N15: 5.9 | O15: 0 | P15: 0.76 | Q15: 28.26
A16: 30/03/2025 02:00 | B16: 10.16 | C16: 21.48 | D16: 20.72 | E16: 8.63 | F16: Invalid | G16: 81.33 | H16: 26.09 | I16: 9.86 | J16: 0.47 | K16: 40.26 | L16: 27.93 | M16: 21.56 | N16: 5.8 | O16: 0 | P16: 0.75 | Q16: 28.27
A17: 30/03/2025 02:15 | B17: 10.44 | C17: 20.86 | D17: 20.62 | E17: 8.2 | F17: Invalid | G17: 78.05 | H17: 25.99 | I17: 9.84 | J17: 0.47 | K17: 29.06 | L17: 27.69 | M17: 22.36 | N17: 5.9 | O17: 0 | P17: 0.77 | Q17: 28.26
A18: 30/03/2025 02:30 | B18: 10.36 | C18: 20.68 | D18: 20.46 | E18: 10.07 | F18: Invalid | G18: 78.05 | H18: 25.99 | I18: 9.62 | J18: 0.37 | K18: 37.39 | L18: 27.5 | M18: 22.41 | N18: 5.9 | O18: 0 | P18: 0.76 | Q18: 28.25
A19: 30/03/2025 02:45 | B19: 10.21 | C19: 20.96 | D19: 20.49 | E19: 9.88 | F19: Invalid | G19: 78.05 | H19: 25.99 | I19: 9.71 | J19: 0.13 | K19: 172.72 | L19: 26.7 | M19: 27.68 | N19: 6.8 | O19: 0 | P19: 0.76 | Q19: 28.25
A20: 30/03/2025 03:00 | B20: 9.71 | C20: 20.76 | D20: 19.98 | E20: 9.53 | F20: Invalid | G20: 83.5 | H20: 27.07 | I20: 9.78 | J20: 0.14 | K20: 152.89 | L20: 25.69 | M20: 30.04 | N20: 6.5 | O20: 0 | P20: 0.75 | Q20: 28.24
... A104: 30/03/2025 24:00 | B104: 14.39 | C104: 26.11 | D104: 26.53 | E104: 10.11 | F104: Invalid | G104: 140.63 | H104: 43.69 | I104: 11.12 | J104: 0.16 | K104: 163.22 | L104: 25.87 | M104: 34.6 | N104: 5.8 | O104: 0 | P104: 0.98 | Q104: 28.29
A106: Min | B106: =MIN(B9:B104) -> 3.49 | C106: =MIN(C9:C104) -> 16.47 | D106: =MIN(D9:D104) -> 13.6 | E106: =MIN(E9:E104) -> 8.06 | F106: =MIN(F9:F104) -> 0 | G106: =MIN(G9:G104) -> 75.39 | H106: =MIN(H9:H104) -> 25.99 | I106: =MIN(I9:I104) -> 6.37 | ... Q106: =MIN(Q9:Q104) -> 28.05
A107: Max | B107: =MAX(B9:B104) -> 14.39 | C107: =MAX(C9:C104) -> 36.35 | D107: =MAX(D9:D104) -> 30.47 | E107: =MAX(E9:E104) -> 45.09 | F107: =MAX(F9:F104) -> 0 | G107: =MAX(G9:G104) -> 140.63 | H107: =MAX(H9:H104) -> 43.69 | I107: =MAX(I9:I104) -> 12.37 | ... Q107: =MAX(Q9:Q104) -> 28.29
A108: Avg | B108: =AVERAGE(B9:B104) -> 7.7221875 | C108: =AVERAGE(C9:C104) -> 23.271458 | D108: =AVERAGE(D9:D104) -> 19.702187 | E108: =AVERAGE(E9:E104) -> 15.319271 | F108: =AVERAGE(F9:F104) -> #DIV/0! | G108: =AVERAGE(G9:G104) -> 92.164687 | H108: =AVERAGE(H9:H104) -> 33.299479 | I108: =AVERAGE(I9:I104) -> 9.3883333 | ... Q108: =AVERAGE(Q9:Q104) -> 28.173437
A109: Stdev | B109: =STDEV(B9:B104) -> 2.6843987 | C109: =STDEV(C9:C104) -> 4.2740445 | D109: =STDEV(D9:D104) -> 3.4098493 | E109: =STDEV(E9:E104) -> 8.35688 | F109: =STDEV(F9:F104) -> #DIV/0! | G109: =STDEV(G9:G104) -> 14.480779 | H109: =STDEV(H9:H104) -> 4.7224519 | I109: =STDEV(I9:I104) -> 1.4928466 | ... Q109: =STDEV(Q9:Q104) -> 0.075711754
A110: Num | B110: =COUNT(B9:B104) -> 96 | C110: =COUNT(C9:C104) -> 96 | D110: =COUNT(D9:D104) -> 96 | E110: =COUNT(E9:E104) -> 96 | F110: =COUNT(F9:F104) -> 0 | G110: =COUNT(G9:G104) -> 96 | H110: =COUNT(H9:H104) -> 96 | I110: =COUNT(I9:I104) -> 96 | ... Q110: =COUNT(Q9:Q104) -> 96
A111: DCR | B111: =IF(B110>=87,">90%",IF(B110<=87,"<90%")) -> >90% | C111: =IF(C110>=87,">90%",IF(C110<=87,"<90%")) -> >90% | D111: =IF(D110>=87,">90%",IF(D110<=87,"<90%")) -> >90% | E111: =IF(E110>=87,">90%",IF(E110<=87,"<90%")) -> >90% | F111: =IF(F110>=87,">90%",IF(F110<=87,"<90%")) -> <90% | G111: =IF(G110>=87,">90%",IF(G110<=87,"<90%")) -> >90% | H111: =IF(H110>=87,">90%",IF(H110<=87,"<90%")) -> >90% | I111: =IF(I110>=87,">90%",IF(I110<=87,"<90%")) -> >90% | ... Q111: =IF(Q110>=87,">90%",IF(Q110<=87,"<90%")) -> >90%
A112: Status | B112: =IF(B110>=87,"OK",IF(B110<=87,"LESS")) -> OK | C112: =IF(C110>=87,"OK",IF(C110<=87,"LESS")) -> OK | D112: =IF(D110>=87,"OK",IF(D110<=87,"LESS")) -> OK | E112: =IF(E110>=87,"OK",IF(E110<=87,"LESS")) -> OK | F112: =IF(F110>=87,"OK",IF(F110<=87,"LESS")) -> LESS | G112: =IF(G110>=87,"OK",IF(G110<=87,"LESS")) -> OK | H112: =IF(H110>=87,"OK",IF(H110<=87,"LESS")) -> OK | I112: =IF(I110>=87,"OK",IF(I110<=87,"LESS")) -> OK | ... Q112: =IF(Q110>=87,"OK",IF(Q110<=87,"LESS")) -> OK
A115: Done by | B115: AKASH
A117: Comment

Sheet 31
A1: Station: | B1: IGKV RAIPUR
A2: Date: | B2: =$A$9 -> 31/03/2025 00:15 | C2: Power Off | G2: Pw.Off | J2: Link Fail | L2: Link F | N2: Maintenance | P2: Maint.
A3: Report Type: | B3: Mean | C3: Calibration | G3: Calib. | J3: Data Fail | L3: Data F | N3: Invalid | P3: Invalid
A4: Time Base: | B4: 15 Min | C4: Zero Referrence | G4: Z.Ref | J4: Warm Up | L4: Wm. Up
A7: Date & Time | B7: NO | C7: NO2 | D7: NOX | E7: SO2 | F7: O3 | G7: PM 10 | H7: PM 2.5 | I7: BENZ | J7: WS | K7: WD | L7: TEMP | M7: HUM | N7: SR | O7: RG | P7: CO | Q7: NH3
B8: ug/m3 | C8: ug/m3 | D8: ppb | E8: ug/m3 | F8: ug/m3 | G8: ug/m3 | H8: ug/m3 | I8: ug/m3 | J8: m/sec | K8: deg | L8: degreC | M8: % | N8: w/m2 | O8: mm | P8: mg/m3 | Q8: ug/m3
A9: 31/03/2025 00:15 | B9: 14.6 | C9: 25.4 | D9: 26.33 | E9: 10.29 | F9: Invalid | G9: 145.88 | H9: 43.73 | I9: 11.29 | J9: 0.21 | K9: 134.61 | L9: 25.97 | M9: 33.92 | N9: 5.6 | O9: 0 | P9: 0.98 | Q9: 28.36
A10: 31/03/2025 00:30 | B10: 15.06 | C10: 25.65 | D10: 26.83 | E10: 10.54 | F10: Invalid | G10: 145.88 | H10: 43.73 | I10: 11.36 | J10: 0.23 | K10: 128.5 | L10: 26.29 | M10: 32.11 | N10: 5.6 | O10: 0 | P10: 0.97 | Q10: 28.38
A11: 31/03/2025 00:45 | B11: 15.14 | C11: 25.79 | D11: 26.97 | E11: 10.85 | F11: Invalid | G11: 145.88 | H11: 43.73 | I11: 11.39 | J11: 0.21 | K11: 108.43 | L11: 26.44 | M11: 29.33 | N11: 5.6 | O11: 0 | P11: 0.97 | Q11: 28.39
A12: 31/03/2025 01:00 | B12: 16.89 | C12: 28.93 | D12: 30.01 | E12: 14.04 | F12: Invalid | G12: 142.27 | H12: 45.56 | I12: 11.35 | J12: 0.23 | K12: 137.32 | L12: 26.34 | M12: 30.58 | N12: 5.8 | O12: 0 | P12: 0.96 | Q12: 28.41
A13: 31/03/2025 01:15 | B13: 15.04 | C13: 25.82 | D13: 26.9 | E13: 9.93 | F13: Invalid | G13: 140.95 | H13: 45.59 | I13: 11.37 | J13: 0.27 | K13: 176.04 | L13: 25.12 | M13: 35.96 | N13: 6.4 | O13: 0 | P13: 0.96 | Q13: 28.39
A14: 31/03/2025 01:30 | B14: 14.37 | C14: 25.2 | D14: 26.04 | E14: 10.14 | F14: Invalid | G14: 140.95 | H14: 45.59 | I14: 11.25 | J14: 0.18 | K14: 172.33 | L14: 24.7 | M14: 36.28 | N14: 6 | O14: 0 | P14: 0.95 | Q14: 28.37
A15: 31/03/2025 01:45 | B15: 14.06 | C15: 25.06 | D15: 25.72 | E15: 10.25 | F15: Invalid | G15: 140.95 | H15: 45.59 | I15: 11.33 | J15: 0.12 | K15: 154.49 | L15: 24.65 | M15: 36.41 | N15: 5.8 | O15: 0 | P15: 0.96 | Q15: 28.37
A16: 31/03/2025 02:00 | B16: 15.64 | C16: 26.31 | D16: 27.63 | E16: 10.84 | F16: Invalid | G16: 130.27 | H16: 46.19 | I16: 11.41 | J16: 0.4 | K16: 47.08 | L16: 25.32 | M16: 31.47 | N16: 4.7 | O16: 0 | P16: 0.95 | Q16: 28.38
A17: 31/03/2025 02:15 | B17: 14.58 | C17: 25.37 | D17: 26.3 | E17: 9.67 | F17: Invalid | G17: 126.16 | H17: 46.21 | I17: 11.39 | J17: 0.65 | K17: 29.82 | L17: 26.35 | M17: 27.25 | N17: 4.5 | O17: 0 | P17: 0.94 | Q17: 28.39
A18: 31/03/2025 02:30 | B18: 14.11 | C18: 25.28 | D18: 25.87 | E18: 10.18 | F18: Invalid | G18: 126.16 | H18: 46.21 | I18: 11.37 | J18: 0.28 | K18: 52.53 | L18: 26.23 | M18: 28.47 | N18: 6 | O18: 0 | P18: 0.94 | Q18: 28.36
A19: 31/03/2025 02:45 | B19: 13.88 | C19: 25.56 | D19: 25.84 | E19: 10.23 | F19: Invalid | G19: 126.16 | H19: 46.21 | I19: 11.2 | J19: 0.33 | K19: 29.69 | L19: 25.99 | M19: 28.45 | N19: 5.6 | O19: 0 | P19: 0.94 | Q19: 28.33
A20: 31/03/2025 03:00 | B20: 13.17 | C20: 25.29 | D20: 25.13 | E20: 10.35 | F20: Invalid | G20: 122.47 | H20: 42.26 | I20: 11.22 | J20: 0.2 | K20: 79.06 | L20: 25.9 | M20: 29.92 | N20: 6.1 | O20: 0 | P20: 0.94 | Q20: 28.33
... A104: 31/03/2025 24:00 | B104: 8.05 | C104: 26.71 | D104: 21.76 | E104: 8.88 | F104: Invalid | G104: 129.69 | H104: 59.82 | I104: 18.49 | J104: 0.19 | K104: 193.32 | L104: 26.84 | M104: 25.88 | N104: 6.4 | O104: 0 | P104: 1.15 | Q104: 28.22
A106: Min | B106: =MIN(B9:B104) -> 3.63 | C106: =MIN(C9:C104) -> 17.67 | D106: =MIN(D9:D104) -> 14.11 | E106: =MIN(E9:E104) -> 8.35 | F106: =MIN(F9:F104) -> 0 | G106: =MIN(G9:G104) -> 78.17 | H106: =MIN(H9:H104) -> 37.03 | I106: =MIN(I9:I104) -> 7.43 | ... Q106: =MIN(Q9:Q104) -> 28.05
A107: Max | B107: =MAX(B9:B104) -> 16.89 | C107: =MAX(C9:C104) -> 41.23 | D107: =MAX(D9:D104) -> 30.01 | E107: =MAX(E9:E104) -> 40.18 | F107: =MAX(F9:F104) -> 0 | G107: =MAX(G9:G104) -> 249.63 | H107: =MAX(H9:H104) -> 65.14 | I107: =MAX(I9:I104) -> 21.34 | ... Q107: =MAX(Q9:Q104) -> 28.41
