Workbook

Sheet 01
A1: Station: | B1: BHATAGAON ,RAIPUR
A2: Date: | B2: =$A$9 -> 01-12-2022 01:00 | D2: Power Off | G2: Pw.Off | L2: Link Fail | N2: Link F | P2: Maintenance | R2: Maint.
A3: Report Type: | B3: Mean | D3: Calibration | G3: Calib. | L3: Data Fail | N3: Data F | P3: Invalid | R3: Invalid
A4: Time Base: | B4: 01 Hour | D4: Zero Referrence | G4: Z.Ref | L4: Warm Up | N4: Wm. Up
A7: Date & Time | B7: NO_BHATAGAON | C7: NO2_BHATAGAON | D7: NOX_BHATAGAON | E7: SO2_BHATAGAON | F7: O3_BHATAGAON | G7: PM10_BHATAGAON | H7: PM2_5_BHATAGAON | I7: BENZ_BHATAGAON | J7: WS_BHATAGAON | K7: WD_BHATAGAON | L7: TEMP_BHATAGAON | M7: HUM BHATAGAON | N7: SR_BHATAGAON | O7: RG_BHATAGAON | P7: CO_BHATAGAON | Q7: NH3_BHATAGAON
B8: ug/m3 | C8: ug/m3 | D8: ug/m3 | E8: ug/m3 | F8: ug/m3 | G8: mg/m3 | H8: ug/m3 | I8: ug/m3 | J8: m/sec | K8: deg | L8: degreC | M8: % | N8: w/m2 | O8: mm | P8: ug/m3 | Q8: ug/m3
A9: 01-12-2022 01:00 | B9: 93.87 | C9: 136.52 | D9: 150.61 | E9: 5.15 | F9: 0.77 | G9: 223.96 | H9: 66.47 | I9: 1.54 | J9: 0.2 | K9: 294.27 | L9: 18.08 | M9: 91 | N9: Maint. | O9: 0 | P9: 3.84 | Q9: 151.77
A10: 01-12-2022 02:00 | B10: 88.51 | C10: 131.68 | D10: 143.65 | E10: 5.04 | F10: 0.63 | G10: 185.45 | H10: 63.78 | I10: 1.53 | J10: 0.48 | K10: 294.61 | L10: 17.88 | M10: 92 | N10: Maint. | O10: 0 | P10: 3.5 | Q10: 149.59
A11: 01-12-2022 03:00 | B11: 68.64 | C11: 116.89 | D11: 119.55 | E11: 4.65 | F11: 0.66 | G11: 193.63 | H11: 73.84 | I11: 1.42 | J11: 0.38 | K11: 278.93 | L11: 17.62 | M11: 89 | N11: Maint. | O11: 0 | P11: 3.19 | Q11: 141.7
A12: 01-12-2022 04:00 | B12: 51.32 | C12: 104.72 | D12: 98.95 | E12: 4.84 | F12: 0.74 | G12: 193.63 | H12: 73.84 | I12: 1.2 | J12: 0.24 | K12: 270.74 | L12: 17.54 | M12: 68 | N12: Maint. | O12: 0 | P12: 2.85 | Q12: 132.05
A13: 01-12-2022 05:00 | B13: 37.72 | C13: 95.78 | D13: 83.11 | E13: 5.63 | F13: 0.72 | G13: 165.87 | H13: 71.59 | I13: 1 | J13: 0.3 | K13: 294.54 | L13: 17.12 | M13: 96 | N13: Maint. | O13: 0 | P13: 2.56 | Q13: 128.32
A14: 01-12-2022 06:00 | B14: 31.34 | C14: 90.89 | D14: 75.29 | E14: 5.39 | F14: 0.81 | G14: 151.27 | H14: 66.09 | I14: 0.84 | J14: 0.22 | K14: 297.26 | L14: 17.12 | M14: 66 | N14: Maint. | O14: 0 | P14: 2.36 | Q14: 124.02
A15: 01-12-2022 07:00 | B15: 38.29 | C15: 92.64 | D15: 81.84 | E15: 5.12 | F15: 0.72 | G15: 116.33 | H15: 59.78 | I15: 0.72 | J15: 0.23 | K15: 294.47 | L15: 16.68 | M15: 86 | N15: Maint. | O15: 0 | P15: 2.08 | Q15: 121.25
A16: 01-12-2022 08:00 | B16: 44.94 | C16: 100.72 | D16: 91.15 | E16: 5.06 | F16: 0.75 | G16: 107.39 | H16: 49.12 | I16: 0.65 | J16: 0.86 | K16: 282.52 | L16: 21.58 | M16: 87 | N16: 76 | O16: 0 | P16: 2.02 | Q16: 124.61
A17: 01-12-2022 09:00 | B17: 43.07 | C17: 102.7 | D17: 90.72 | E17: 5.07 | F17: 0.78 | G17: 107.39 | H17: 49.12 | I17: 0.64 | J17: 0.69 | K17: 200.89 | L17: 24.04 | M17: 85 | N17: 182 | O17: 0 | P17: 1.9 | Q17: 124.87
A18: 01-12-2022 10:00 | B18: 35.12 | C18: 100.65 | D18: 83.71 | E18: 5.19 | F18: 0.97 | G18: 81.79 | H18: 44.49 | I18: 0.61 | J18: 1.52 | K18: 202.37 | L18: 25.2 | M18: 67 | N18: 243.7 | O18: 0 | P18: 1.74 | Q18: 123.88
A19: 01-12-2022 11:00 | B19: 21.72 | C19: 93.09 | D19: 68.31 | E19: 5.04 | F19: 2 | G19: 80.96 | H19: 42.27 | I19: 0.58 | J19: 1.45 | K19: 177.79 | L19: 26.84 | M19: 71 | N19: 289.2 | O19: 0 | P19: 1.58 | Q19: 115.79
A20: 01-12-2022 12:00 | B20: 13.22 | C20: 89.58 | D20: 60.04 | E20: 5.21 | F20: 2.1 | G20: 80.54 | H20: 40.69 | I20: 0.54 | J20: 1.14 | K20: 175.97 | L20: 28.02 | M20: 93 | N20: 291.8 | O20: 0 | P20: 1.4 | Q20: 116.32
A21: 01-12-2022 13:00 | B21: 6.89 | C21: 83.61 | D21: 51.67 | E21: 6.11 | F21: 2.52 | G21: 72.28 | H21: 40.25 | I21: 0.51 | J21: 0.7 | K21: 172.6 | L21: 30.98 | M21: 82 | N21: 284.3 | O21: 0 | P21: 1.27 | Q21: 119.78
A22: 01-12-2022 14:00 | B22: 3.47 | C22: 80.95 | D22: 47.46 | E22: 5.94 | F22: 4.69 | G22: 72.28 | H22: 40.25 | I22: 0.51 | J22: 1.06 | K22: 137.35 | L22: 31.66 | M22: 93 | N22: 257.5 | O22: 0 | P22: 1.2 | Q22: 116.06
A23: 01-12-2022 15:00 | B23: 2 | C23: 77.98 | D23: 44.43 | E23: 18.28 | F23: 18.57 | G23: 67.03 | H23: 37.75 | I23: 0.45 | J23: 0.71 | K23: 141.05 | L23: 29.67 | M23: 66 | N23: 171.6 | O23: 0 | P23: 1.1 | Q23: 107.64
A24: 01-12-2022 16:00 | B24: 2.36 | C24: 85.59 | D24: 49.08 | E24: 22.82 | F24: 21.21 | G24: 75.95 | H24: 35.99 | I24: 0.33 | J24: 2.53 | K24: 146.78 | L24: 29.53 | M24: 92 | N24: 66.6 | O24: 0 | P24: 1.14 | Q24: 98.15
A25: 01-12-2022 17:00 | B25: 4.2 | C25: 108.54 | D25: 63.27 | E25: 10.59 | F25: 16.85 | G25: 75.95 | H25: 35.99 | I25: 0.32 | J25: 0.71 | K25: 215.22 | L25: 84.46 | M25: 99 | N25: Maint. | O25: 0 | P25: 1.6 | Q25: 95.18
A26: 01-12-2022 18:00 | B26: 12.63 | C26: 129.08 | D26: 76.82 | E26: 4.58 | F26: 2.05 | G26: 99.78 | H26: 41.7 | I26: 0.38 | J26: 0.22 | K26: 222.39 | L26: 25.1 | M26: 77 | N26: Maint. | O26: 0 | P26: 1.88 | Q26: 94.11
A27: 01-12-2022 19:00 | B27: 26.69 | C27: 119.99 | D27: 87.02 | E27: 4.3 | F27: 0.71 | G27: 164.12 | H27: 44.86 | I27: 0.56 | J27: 0.2 | K27: Maint. | L27: 22.65 | M27: 69 | N27: Maint. | O27: 0 | P27: 2.29 | Q27: 113.96
A28: 01-12-2022 20:00 | B28: 37.95 | C28: 117.24 | D28: 93.9 | E28: 4.54 | F28: 0.82 | G28: 179.79 | H28: 49.46 | I28: 0.86 | J28: 0.28 | K28: Maint. | L28: 22.39 | M28: 41 | N28: Maint. | O28: 0 | P28: 2.73 | Q28: 125.51
A29: 01-12-2022 21:00 | B29: 37.46 | C29: 112.05 | D29: 90.78 | E29: 4.15 | F29: 0.72 | G29: 179.79 | H29: 49.46 | I29: 1.03 | J29: 0.31 | K29: Maint. | L29: 22.49 | M29: 20 | N29: Maint. | O29: 0 | P29: 2.83 | Q29: 123.97
A30: 01-12-2022 22:00 | B30: 32.71 | C30: 110.85 | D30: 87.41 | E30: 4.05 | F30: 0.66 | G30: 135.25 | H30: 52.09 | I30: 1.07 | J30: 0.24 | K30: Maint. | L30: 21.55 | M30: 46 | N30: Maint. | O30: 0 | P30: 2.84 | Q30: 127.25
A31: 01-12-2022 23:00 | B31: 37.49 | C31: 111.08 | D31: 91.37 | E31: 4.42 | F31: 0.63 | G31: 135.25 | H31: 52.09 | I31: 1.11 | J31: 0.19 | K31: Maint. | L31: 20.31 | M31: 86 | N31: Maint. | O31: 0 | P31: 2.9 | Q31: 132.61
A32: 01-12-2022 24:00 | B32: 63.64 | C32: 118.63 | D32: 116.51 | E32: 4.6 | F32: 0.66 | G32: 173.9 | H32: 52.01 | I32: 1.21 | J32: 0.18 | K32: Maint. | L32: 18.92 | M32: 82 | N32: Maint. | O32: 0 | P32: 3.01 | Q32: 139.78
A34: Min | B34: =MIN(B9:B32) -> 2 | C34: =MIN(C9:C32) -> 77.98 | D34: =MIN(D9:D32) -> 44.43 | E34: =MIN(E9:E32) -> 4.05 | F34: =MIN(F9:F32) -> 0.63 | G34: =MIN(G9:G32) -> 67.03 | H34: =MIN(H9:H32) -> 35.99 | I34: =MIN(I9:I32) -> 0.32 | ... Q34: =MIN(Q9:Q32) -> 94.11
A35: Max | B35: =MAX(B9:B32) -> 93.87 | C35: =MAX(C9:C32) -> 136.52 | D35: =MAX(D9:D32) -> 150.61 | E35: =MAX(E9:E32) -> 22.82 | F35: =MAX(F9:F32) -> 21.21 | G35: =MAX(G9:G32) -> 223.96 | H35: =MAX(H9:H32) -> 73.84 | I35: =MAX(I9:I32) -> 1.54 | ... Q35: =MAX(Q9:Q32) -> 151.77
A36: Avg | B36: =AVERAGE(B9:B32) -> 34.802083 | C36: =AVERAGE(C9:C32) -> 104.64375 | D36: =AVERAGE(D9:D32) -> 85.277083 | E36: =AVERAGE(E9:E32) -> 6.4904167 | F36: =AVERAGE(F9:F32) -> 3.4058333 | G36: =AVERAGE(G9:G32) -> 129.9825 | H36: =AVERAGE(H9:H32) -> 51.374167 | I36: =AVERAGE(I9:I32) -> 0.81708333 | ... Q36: =AVERAGE(Q9:Q32) -> 122.84042
A37: Stdev | B37: =STDEV(B9:B32) -> 25.431562 | C37: =STDEV(C9:C32) -> 16.310959 | D37: =STDEV(D9:D32) -> 27.476427 | E37: =STDEV(E9:E32) -> 4.5577821 | F37: =STDEV(F9:F32) -> 6.0789672 | G37: =STDEV(G9:G32) -> 49.172977 | H37: =STDEV(H9:H32) -> 12.145745 | I37: =STDEV(I9:I32) -> 0.37507656 | ... Q37: =STDEV(Q9:Q32) -> 14.89545
A38: Num | B38: =COUNT(B9:B32) -> 24 | C38: =COUNT(C9:C32) -> 24 | D38: =COUNT(D9:D32) -> 24 | E38: =COUNT(E9:E32) -> 24 | F38: =COUNT(F9:F32) -> 24 | G38: =COUNT(G9:G32) -> 24 | H38: 24 | I38: =COUNT(I9:I32) -> 24 | J38: =COUNT(J9:J32) -> 24 | K38: =COUNT(K9:K32)+6 -> 24 | L38: =COUNT(L9:L32) -> 24 | M38: =COUNT(M9:M32) -> 24 | N38: =COUNT(N9:N32)+15 -> 24 | O38: =COUNT(O9:O32) -> 24 | P38: =COUNT(P9:P32) -> 24 | Q38: =COUNT(Q9:Q32) -> 24
A39: DCR | B39: =IF(B38>=22,">90%",IF(B38<=22,"<90%")) -> >90% | C39: =IF(C38>=22,">90%",IF(C38<=22,"<90%")) -> >90% | D39: =IF(D38>=22,">90%",IF(D38<=22,"<90%")) -> >90% | E39: =IF(E38>=22,">90%",IF(E38<=22,"<90%")) -> >90% | F39: =IF(F38>=22,">90%",IF(F38<=22,"<90%")) -> >90% | G39: =IF(G38>=22,">90%",IF(G38<=22,"<90%")) -> >90% | H39: =IF(H38>=22,">90%",IF(H38<=22,"<90%")) -> >90% | I39: =IF(I38>=22,">90%",IF(I38<=22,"<90%")) -> >90% | ... Q39: =IF(Q38>=22,">90%",IF(Q38<=22,"<90%")) -> >90%
A40: Status | B40: =IF(B38>=22,"OK",IF(B38<=22,"LESS")) -> OK | C40: =IF(C38>=22,"OK",IF(C38<=22,"LESS")) -> OK | D40: =IF(D38>=22,"OK",IF(D38<=22,"LESS")) -> OK | E40: =IF(E38>=22,"OK",IF(E38<=22,"LESS")) -> OK | F40: =IF(F38>=22,"OK",IF(F38<=22,"LESS")) -> OK | G40: =IF(G38>=22,"OK",IF(G38<=22,"LESS")) -> OK | H40: =IF(H38>=22,"OK",IF(H38<=22,"LESS")) -> OK | I40: =IF(I38>=22,"OK",IF(I38<=22,"LESS")) -> OK | ... Q40: =IF(Q38>=22,"OK",IF(Q38<=22,"LESS")) -> OK
A43: Done by | B43: RAHUL
A45: Comment

Sheet 02
A1: Station: | B1: BHATAGAON RAIPUR
A2: Date: | B2: =$A$9 -> 02-12-2022 01:00 | D2: Power Off | G2: Pw.Off | L2: Link Fail | N2: Link F | P2: Maintenance | R2: Maint.
A3: Report Type: | B3: Mean | D3: Calibration | G3: Calib. | L3: Data Fail | N3: Data F | P3: Invalid | R3: Invalid
A4: Time Base: | B4: 01 Hour | D4: Zero Referrence | G4: Z.Ref | L4: Warm Up | N4: Wm. Up
A7: Date & Time | B7: NO_BHATAGAON | C7: NO2_BHATAGAON | D7: NOX_BHATAGAON | E7: SO2_BHATAGAON | F7: O3_BHATAGAON | G7: PM10_BHATAGAON | H7: PM2_5_BHATAGAON | I7: BENZ_BHATAGAON | J7: WS_BHATAGAON | K7: WD_BHATAGAON | L7: TEMP_BHATAGAON | M7: HUM BHATAGAON | N7: SR_BHATAGAON | O7: RG_BHATAGAON | P7: CO_BHATAGAON | Q7: NH3_BHATAGAON
B8: ug/m3 | C8: ug/m3 | D8: ug/m3 | E8: ug/m3 | F8: ug/m3 | G8: mg/m3 | H8: ug/m3 | I8: ug/m3 | J8: m/sec | K8: deg | L8: degreC | M8: % | N8: w/m2 | O8: mm | P8: ug/m3 | Q8: ug/m3
A9: 02-12-2022 01:00 | B9: 64.2 | C9: 118.58 | D9: 116.92 | E9: 4.38 | F9: 0.65 | G9: 173.9 | H9: 50.66 | I9: 1.21 | J9: 0.24 | K9: Maint. | L9: 18.54 | M9: Maint. | N9: Maint. | O9: 0 | P9: 2.96 | Q9: 139.46
A10: 02-12-2022 02:00 | B10: 56.76 | C10: 111.99 | D10: 107.32 | E10: 4.67 | F10: 0.58 | G10: 118.66 | H10: 49.8 | I10: 1.16 | J10: 0.32 | K10: Maint. | L10: 18.59 | M10: Maint. | N10: Maint. | O10: 0 | P10: 2.75 | Q10: 137.74
A11: 02-12-2022 03:00 | B11: 50.39 | C11: 106.25 | D11: 99.05 | E11: 4.92 | F11: 0.5 | G11: 118.66 | H11: 48.65 | I11: Maint. | J11: 0.14 | K11: Maint. | L11: 17.48 | M11: Maint. | N11: Maint. | O11: 0 | P11: 2.66 | Q11: 136.31
A12: 02-12-2022 04:00 | B12: 44.3 | C12: 97.21 | D12: 89.18 | E12: 4.24 | F12: 0.55 | G12: 146.05 | H12: 50.47 | I12: Maint. | J12: 0.15 | K12: Maint. | L12: 17.04 | M12: Maint. | N12: Maint. | O12: 0 | P12: 2.5 | Q12: 133.27
A13: 02-12-2022 05:00 | B13: 39.71 | C13: 90.78 | D13: 81.94 | E13: 4.4 | F13: 0.68 | G13: 171.95 | H13: 53.79 | I13: Maint. | J13: 0.27 | K13: Maint. | L13: 17.44 | M13: Maint. | N13: Maint. | O13: 0 | P13: 2.4 | Q13: 129.39
A14: 02-12-2022 06:00 | B14: 34.36 | C14: 89.21 | D14: 76.78 | E14: 4.36 | F14: 0.54 | G14: 171.95 | H14: 53.79 | I14: Maint. | J14: 0.53 | K14: Maint. | L14: 17.46 | M14: Maint. | N14: Maint. | O14: 0 | P14: 2.36 | Q14: 127.48
A15: 02-12-2022 07:00 | B15: 28.17 | C15: 86.09 | D15: 70.1 | E15: 4.07 | F15: 0.64 | G15: 142.19 | H15: 52.78 | I15: Maint. | J15: 0.4 | K15: Maint. | L15: 17.51 | M15: Maint. | N15: Maint. | O15: 0 | P15: 2.14 | Q15: 123.04
A16: 02-12-2022 08:00 | B16: 24.44 | C16: 82.78 | D16: 65.27 | E16: 4.53 | F16: 0.81 | G16: 106.91 | H16: 49.95 | I16: Maint. | J16: 1.14 | K16: Maint. | L16: 19.83 | M16: Maint. | N16: 47.9 | O16: 0 | P16: 1.9 | Q16: 119.98
A17: 02-12-2022 09:00 | B17: 23.38 | C17: 83.85 | D17: 64.16 | E17: 4.88 | F17: 0.84 | G17: 100.87 | H17: 47.92 | I17: Maint. | J17: 1.16 | K17: Maint. | L17: 23.37 | M17: Maint. | N17: 150.1 | O17: 0 | P17: 1.79 | Q17: 120.53
A18: 02-12-2022 10:00 | B18: 18.75 | C18: 84.08 | D18: 61.44 | E18: 4.98 | F18: 1.12 | G18: 102.58 | H18: 44.36 | I18: Maint. | J18: 1.38 | K18: Maint. | L18: 24.15 | M18: Maint. | N18: 219.5 | O18: 0 | P18: 1.64 | Q18: 119.65
A19: 02-12-2022 11:00 | B19: 11.53 | C19: 80.5 | D19: 53.49 | E19: 4.86 | F19: 1.28 | G19: 102.58 | H19: 42.48 | I19: Maint. | J19: 1.07 | K19: Maint. | L19: 26.9 | M19: Maint. | N19: 258.5 | O19: 0 | P19: 1.45 | Q19: 116.61
A20: 02-12-2022 12:00 | B20: 6.2 | C20: 77.84 | D20: 47.93 | E20: 8.52 | F20: 9.78 | G20: 91.78 | H20: 41.23 | I20: 0.42 | J20: 0.99 | K20: Maint. | L20: 29.5 | M20: Maint. | N20: 266.7 | O20: 0 | P20: 1.32 | Q20: 111.06
A21: 02-12-2022 13:00 | B21: 6.76 | C21: 80.63 | D21: 47.45 | E21: 18.6 | F21: 20.13 | G21: 73.21 | H21: 39.03 | I21: 0.36 | J21: 0.92 | K21: Maint. | L21: 31.82 | M21: Maint. | N21: 260.4 | O21: 0 | P21: 1.01 | Q21: 71.89
A22: 02-12-2022 14:00 | B22: 3.18 | C22: 74.62 | D22: 43.55 | E22: 15.75 | F22: 20.44 | G22: 72.15 | H22: 39.7 | I22: 0.24 | J22: 1.1 | K22: Maint. | L22: 34.11 | M22: Maint. | N22: 223.4 | O22: 0 | P22: 0.99 | Q22: 70.71
A23: 02-12-2022 15:00 | B23: 2.84 | C23: 88.97 | D23: 51.38 | E23: 13.05 | F23: 22.38 | G23: 73.58 | H23: 39.7 | I23: 0.25 | J23: 0.93 | K23: Maint. | L23: 32.68 | M23: Maint. | N23: 298.5 | O23: 0 | P23: 1.12 | Q23: 73.12
A24: 02-12-2022 16:00 | B24: 5.06 | C24: 113.32 | D24: 66.6 | E24: 16.21 | F24: 37.73 | G24: 73.58 | H24: 37.59 | I24: 0.25 | J24: 0.45 | K24: 145.1 | L24: 30.18 | M24: Maint. | N24: 213.5 | O24: 0 | P24: 1.39 | Q24: 74.02
A25: 02-12-2022 17:00 | B25: 9.33 | C25: 65.47 | D25: 41.64 | E25: 17.66 | F25: 32.27 | G25: 73.03 | H25: 35.65 | I25: 0.29 | J25: 0.37 | K25: 213.11 | L25: 28.22 | M25: Maint. | N25: 76.8 | O25: 0 | P25: 1.9 | Q25: 55.22
A26: 02-12-2022 18:00 | B26: 8.97 | C26: 67.21 | D26: 41.64 | E26: 8.83 | F26: 5.37 | G26: 99.9 | H26: 37.59 | I26: 0.48 | J26: 0.21 | K26: 218.94 | L26: 25.54 | M26: Maint. | N26: 39 | O26: 0 | P26: 2.14 | Q26: 40.4
A27: 02-12-2022 19:00 | B27: 28.34 | C27: 55.32 | D27: 48.39 | E27: 3.73 | F27: 0.86 | G27: 167.96 | H27: 40.86 | I27: 0.68 | J27: 0.15 | K27: 231.49 | L27: 24.34 | M27: Maint. | N27: 34.7 | O27: 0 | P27: 2.79 | Q27: 43.31
A28: 02-12-2022 20:00 | B28: 35.41 | C28: 43.01 | D28: 52.13 | E28: 4.72 | F28: 1 | G28: 183.51 | H28: 50.01 | I28: 0.95 | J28: 0.26 | K28: 204.6 | L28: 24.05 | M28: Maint. | N28: 34.4 | O28: 0 | P28: 3.05 | Q28: 47.33
A29: 02-12-2022 21:00 | B29: 42.92 | C29: 37.65 | D29: 52.07 | E29: 5.53 | F29: 0.68 | G29: 201.65 | H29: 61.14 | I29: 1.14 | J29: 0.24 | K29: 212.12 | L29: 23.63 | M29: Maint. | N29: 34.6 | O29: 0 | P29: 3.31 | Q29: 51.9
A30: 02-12-2022 22:00 | B30: 41.84 | C30: 33.75 | D30: 50.64 | E30: 5.22 | F30: 0.83 | G30: 201.65 | H30: 61.14 | I30: 1.27 | J30: 0.15 | K30: 243.48 | L30: 22.57 | M30: Maint. | N30: 34.8 | O30: 0 | P30: 3.32 | Q30: 52.15
A31: 02-12-2022 23:00 | B31: 64.8 | C31: 29.73 | D31: 61.46 | E31: 5.45 | F31: 0.65 | G31: 187.77 | H31: 60.38 | I31: 1.34 | J31: 0.17 | K31: 262.94 | L31: 21.19 | M31: Maint. | N31: 34.7 | O31: 0 | P31: 3.57 | Q31: 52.29
A32: 02-12-2022 24:00 | B32: 78.8 | C32: 14.8 | D32: 66.57 | E32: 5.11 | F32: 0.8 | G32: 187.77 | H32: 60.38 | I32: 1.46 | J32: 0.15 | K32: 274.42 | L32: 20.24 | M32: Maint. | N32: 34.7 | O32: 0 | P32: 3.61 | Q32: 54.74
A34: Min | B34: =MIN(B9:B32) -> 2.84 | C34: =MIN(C9:C32) -> 14.8 | D34: =MIN(D9:D32) -> 41.64 | E34: =MIN(E9:E32) -> 3.73 | F34: =MIN(F9:F32) -> 0.5 | G34: =MIN(G9:G32) -> 72.15 | H34: =MIN(H9:H32) -> 35.65 | I34: =MIN(I9:I32) -> 0.24 | ... Q34: =MIN(Q9:Q32) -> 40.4
A35: Max | B35: =MAX(B9:B32) -> 78.8 | C35: =MAX(C9:C32) -> 118.58 | D35: =MAX(D9:D32) -> 116.92 | E35: =MAX(E9:E32) -> 18.6 | F35: =MAX(F9:F32) -> 37.73 | G35: =MAX(G9:G32) -> 201.65 | H35: =MAX(H9:H32) -> 61.14 | I35: =MAX(I9:I32) -> 1.46 | ... Q35: =MAX(Q9:Q32) -> 139.46
A36: Avg | B36: =AVERAGE(B9:B32) -> 30.435 | C36: =AVERAGE(C9:C32) -> 75.568333 | D36: =AVERAGE(D9:D32) -> 64.879167 | E36: =AVERAGE(E9:E32) -> 7.4445833 | F36: =AVERAGE(F9:F32) -> 6.7129167 | G36: =AVERAGE(G9:G32) -> 130.99333 | H36: =AVERAGE(H9:H32) -> 47.877083 | I36: =AVERAGE(I9:I32) -> 0.76666667 | ... Q36: =AVERAGE(Q9:Q32) -> 91.733333
A37: Stdev | B37: =STDEV(B9:B32) -> 22.014982 | C37: =STDEV(C9:C32) -> 27.655249 | D37: =STDEV(D9:D32) -> 20.848231 | E37: =STDEV(E9:E32) -> 4.8458974 | F37: =STDEV(F9:F32) -> 11.116832 | G37: =STDEV(G9:G32) -> 46.047675 | H37: =STDEV(H9:H32) -> 8.0598363 | I37: =STDEV(I9:I32) -> 0.46296662 | ... Q37: =STDEV(Q9:Q32) -> 36.736544
A38: Num | B38: =COUNT(B9:B32) -> 24 | C38: =COUNT(C9:C32) -> 24 | D38: =COUNT(D9:D32) -> 24 | E38: =COUNT(E9:E32) -> 24 | F38: 24 | G38: =COUNT(G9:G32) -> 24 | H38: =COUNT(H9:H32) -> 24 | I38: =COUNT(I9:I32)+9 -> 24 | J38: =COUNT(J9:J32) -> 24 | K38: =COUNT(K9:K32)+15 -> 24 | L38: =COUNT(L9:L32) -> 24 | M38: =COUNT(M9:M32)+24 -> 24 | N38: =COUNT(N9:N32)+7 -> 24 | O38: =COUNT(O9:O32) -> 24 | P38: =COUNT(P9:P32) -> 24 | Q38: =COUNT(Q9:Q32) -> 24
A39: DCR | B39: =IF(B38>=22,">90%",IF(B38<=22,"<90%")) -> >90% | C39: =IF(C38>=22,">90%",IF(C38<=22,"<90%")) -> >90% | D39: =IF(D38>=22,">90%",IF(D38<=22,"<90%")) -> >90% | E39: =IF(E38>=22,">90%",IF(E38<=22,"<90%")) -> >90% | F39: =IF(F38>=22,">90%",IF(F38<=22,"<90%")) -> >90% | G39: =IF(G38>=22,">90%",IF(G38<=22,"<90%")) -> >90% | H39: =IF(H38>=22,">90%",IF(H38<=22,"<90%")) -> >90% | I39: =IF(I38>=22,">90%",IF(I38<=22,"<90%")) -> >90% | ... Q39: =IF(Q38>=22,">90%",IF(Q38<=22,"<90%")) -> >90%
A40: Status | B40: =IF(B38>=22,"OK",IF(B38<=22,"LESS")) -> OK | C40: =IF(C38>=22,"OK",IF(C38<=22,"LESS")) -> OK | D40: =IF(D38>=22,"OK",IF(D38<=22,"LESS")) -> OK | E40: =IF(E38>=22,"OK",IF(E38<=22,"LESS")) -> OK | F40: =IF(F38>=22,"OK",IF(F38<=22,"LESS")) -> OK | G40: =IF(G38>=22,"OK",IF(G38<=22,"LESS")) -> OK | H40: =IF(H38>=22,"OK",IF(H38<=22,"LESS")) -> OK | I40: =IF(I38>=22,"OK",IF(I38<=22,"LESS")) -> OK | ... Q40: =IF(Q38>=22,"OK",IF(Q38<=22,"LESS")) -> OK
A43: Done by | B43: RAHUL
A45: Comment

Sheet 03
A1: Station: | B1: BHATAGAON RAIPUR
A2: Date: | B2: =$A$9 -> 03-12-2022 01:00 | D2: Power Off | G2: Pw.Off | L2: Link Fail | N2: Link F | P2: Maintenance | R2: Maint.
A3: Report Type: | B3: Mean | D3: Calibration | G3: Calib. | L3: Data Fail | N3: Data F | P3: Invalid | R3: Invalid
A4: Time Base: | B4: 01 Hour | D4: Zero Referrence | G4: Z.Ref | L4: Warm Up | N4: Wm. Up
A7: Date & Time | B7: NO_BHATAGAON | C7: NO2_BHATAGAON | D7: NOX_BHATAGAON | E7: SO2_BHATAGAON | F7: O3_BHATAGAON | G7: PM10_BHATAGAON | H7: PM2_5_BHATAGAON | I7: BENZ_BHATAGAON | J7: WS_BHATAGAON | K7: WD_BHATAGAON | L7: TEMP_BHATAGAON | M7: HUM BHATAGAON | N7: SR_BHATAGAON | O7: RG_BHATAGAON | P7: CO_BHATAGAON | Q7: NH3_BHATAGAON
B8: ug/m3 | C8: ug/m3 | D8: ug/m3 | E8: ug/m3 | F8: ug/m3 | G8: mg/m3 | H8: ug/m3 | I8: ug/m3 | J8: m/sec | K8: deg | L8: degreC | M8: % | N8: w/m2 | O8: mm | P8: ug/m3 | Q8: ug/m3
A9: 03-12-2022 01:00 | B9: 80.2 | C9: 4.79 | D9: 66.72 | E9: 5.75 | F9: 0.56 | G9: 159.52 | H9: 57.55 | I9: 1.48 | J9: 0.21 | K9: 285.13 | L9: 20.07 | M9: 36 | N9: 34.6 | O9: 0 | P9: 3.56 | Q9: 56.32
A10: 03-12-2022 02:00 | B10: 76.05 | C10: 4.06 | D10: 62.9 | E10: 5.55 | F10: 0.74 | G10: 148.53 | H10: 57.5 | I10: 1.44 | J10: 0.26 | K10: 302.17 | L10: 19.24 | M10: 45 | N10: 34.6 | O10: 0 | P10: 3.26 | Q10: 54.75
A11: 03-12-2022 03:00 | B11: 69.02 | C11: 5.47 | D11: 57.95 | E11: 5.43 | F11: 0.75 | G11: 166.15 | H11: 61.54 | I11: 1.32 | J11: 0.14 | K11: 298.31 | L11: 19.03 | M11: 39 | N11: 34.6 | O11: 0 | P11: 3.04 | Q11: 53.24
A12: 03-12-2022 04:00 | B12: 62.89 | C12: 8.82 | D12: 54.02 | E12: 5.48 | F12: 1.04 | G12: 190.32 | H12: 69.1 | I12: 1.25 | J12: 0.19 | K12: 300.65 | L12: 18.68 | M12: 23 | N12: 34.6 | O12: 0 | P12: 2.87 | Q12: 53.38
A13: 03-12-2022 05:00 | B13: 54.45 | C13: 13.61 | D13: 48.85 | E13: 5.9 | F13: 0.47 | G13: 196.8 | H13: 70.7 | I13: 1.17 | J13: 0.14 | K13: 296.62 | L13: 18.82 | M13: 19 | N13: 34.6 | O13: 0 | P13: 2.69 | Q13: 54.05
A14: 03-12-2022 06:00 | B14: 61.1 | C14: 13.02 | D14: 53.48 | E14: 5.35 | F14: 0.74 | G14: 216.64 | H14: 72.51 | I14: 1.02 | J14: 0.17 | K14: 305.36 | L14: 18.31 | M14: 33 | N14: 34.6 | O14: 0 | P14: 2.53 | Q14: 52.32
A15: 03-12-2022 07:00 | B15: 59.14 | C15: 10.2 | D15: 52.14 | E15: 5.78 | F15: 0.67 | G15: 216.64 | H15: 72.51 | I15: 0.92 | J15: 0.22 | K15: 288.62 | L15: 18.52 | M15: 27 | N15: 55.8 | O15: 0 | P15: 2.44 | Q15: 52.02
A16: 03-12-2022 08:00 | B16: 60.78 | C16: 7.94 | D16: 52.86 | E16: 5.78 | F16: 0.61 | G16: 169.44 | H16: 71.89 | I16: Maint. | J16: 0.78 | K16: 274.64 | L16: 20.58 | M16: 12 | N16: 157.4 | O16: 0 | P16: 2.36 | Q16: 53.17
A17: 03-12-2022 09:00 | B17: 53.39 | C17: 19.92 | D17: 49.12 | E17: 4.95 | F17: 0.92 | G17: 161.84 | H17: 71.89 | I17: Maint. | J17: 1.03 | K17: 235.45 | L17: 23.35 | M17: 15 | N17: 285.4 | O17: 0 | P17: 2.26 | Q17: 52.22
A18: 03-12-2022 10:00 | B18: 37.94 | C18: 32.61 | D18: 43.24 | E18: 5.22 | F18: 0.92 | G18: 126.63 | H18: 63.98 | I18: Maint. | J18: 0.94 | K18: 191.58 | L18: 28.68 | M18: 46 | N18: 367.3 | O18: 0 | P18: 2.03 | Q18: 50.66
A19: 03-12-2022 11:00 | B19: 25.64 | C19: 39.16 | D19: 39.08 | E19: 5.06 | F19: 1.33 | G19: 113.82 | H19: 63.98 | I19: Maint. | J19: 1 | K19: 186.98 | L19: 31.2 | M19: 37 | N19: 393.2 | O19: 0 | P19: 1.95 | Q19: 51.37
A20: 03-12-2022 12:00 | B20: 14.53 | C20: 48.33 | D20: 34.62 | E20: 5.34 | F20: 1.58 | G20: 105.19 | H20: 63.16 | I20: Maint. | J20: 0.9 | K20: 142.14 | L20: 32.46 | M20: 40 | N20: 411.3 | O20: 0 | P20: 1.9 | Q20: 52.6
A21: 03-12-2022 13:00 | B21: 4.97 | C21: 48.83 | D21: 30.93 | E21: 5.08 | F21: 2.91 | G21: 93.01 | H21: 60.54 | I21: 0.68 | J21: 0.64 | K21: 135.33 | L21: 32.18 | M21: 29 | N21: 410.1 | O21: 0 | P21: 1.76 | Q21: 50.08
A22: 03-12-2022 14:00 | B22: 4.07 | C22: 46.16 | D22: 27.81 | E22: 9.11 | F22: 5.62 | G22: 99.81 | H22: 54.97 | I22: 0.59 | J22: 0.77 | K22: 147.5 | L22: 32 | M22: 39 | N22: 327.9 | O22: 0 | P22: 1.63 | Q22: 50.56
A23: 03-12-2022 15:00 | B23: 4.16 | C23: 43.39 | D23: 27.28 | E23: 5.73 | F23: 4.02 | G23: 99.81 | H23: 54.97 | I23: 0.57 | J23: 0.93 | K23: 126.61 | L23: 32.21 | M23: 41 | N23: 338.6 | O23: 0 | P23: 1.58 | Q23: 51.82
A24: 03-12-2022 16:00 | B24: 2.6 | C24: 44.3 | D24: 26.39 | E24: 4.7 | F24: 3.77 | G24: 80.84 | H24: 54.93 | I24: 0.56 | J24: 0.99 | K24: 143.58 | L24: 31.33 | M24: 44 | N24: 201.6 | O24: 0 | P24: 1.49 | Q24: 51.69
A25: 03-12-2022 17:00 | B25: 5.28 | C25: 44.63 | D25: 28.39 | E25: 7 | F25: 7.46 | G25: 80.69 | H25: 49.09 | I25: 0.5 | J25: 0.83 | K25: 165.74 | L25: 28.5 | M25: 43 | N25: 78 | O25: 0 | P25: 1.55 | Q25: 49.63
A26: 03-12-2022 18:00 | B26: 15.6 | C26: 47.92 | D26: 37.71 | E26: 6.65 | F26: 4.44 | G26: 99.48 | H26: 43.88 | I26: 0.55 | J26: 0.45 | K26: 204.44 | L26: 25.93 | M26: 30 | N26: 38.7 | O26: 0 | P26: 1.98 | Q26: 51.08
A27: 03-12-2022 19:00 | B27: 22.8 | C27: 42.19 | D27: 39.9 | E27: 5.35 | F27: 1.11 | G27: 138.87 | H27: 48.81 | I27: 0.74 | J27: 0.1 | K27: 235.08 | L27: 23.52 | M27: 39 | N27: 34.6 | O27: 0 | P27: 2.18 | Q27: 54.69
A28: 03-12-2022 20:00 | B28: 47.69 | C28: 37.53 | D28: 54.05 | E28: 4.42 | F28: 0.9 | G28: 244.77 | H28: 53.87 | I28: 1 | J28: 0.09 | K28: 258.98 | L28: 21.82 | M28: 55 | N28: 34.6 | O28: 0 | P28: 2.82 | Q28: 54.92
A29: 03-12-2022 21:00 | B29: 83.72 | C29: 25.24 | D29: 70.15 | E29: 4.76 | F29: 0.73 | G29: 244.77 | H29: 62.91 | I29: 1.35 | J29: 0.18 | K29: 274.73 | L29: 21.17 | M29: 39 | N29: 34.5 | O29: 0 | P29: 3.66 | Q29: 56.95
A30: 03-12-2022 22:00 | B30: 121.69 | C30: Invalid | D30: 88.43 | E30: 5.56 | F30: 0.64 | G30: 231.68 | H30: 66.39 | I30: 1.71 | J30: 0.17 | K30: 273.9 | L30: 20.47 | M30: 37 | N30: 34.4 | O30: 0 | P30: 4.34 | Q30: 61.27
A31: 03-12-2022 23:00 | B31: 125.4 | C31: Invalid | D31: 90.08 | E31: 5.83 | F31: 0.65 | G31: 186.41 | H31: 66.39 | I31: 1.84 | J31: 0.2 | K31: 290.23 | L31: 20.18 | M31: 32 | N31: 34.6 | O31: 0 | P31: 4.42 | Q31: 62.46
A32: 03-12-2022 24:00 | B32: 145.17 | C32: Invalid | D32: 97.24 | E32: 5.75 | F32: 0.62 | G32: 209.5 | H32: 68.62 | I32: 1.79 | J32: 0.27 | K32: 299.26 | L32: 19.12 | M32: 23 | N32: 34.4 | O32: 0 | P32: 4.33 | Q32: 59.5
A34: Min | B34: =MIN(B9:B32) -> 2.6 | C34: =MIN(C9:C32) -> 4.06 | D34: =MIN(D9:D32) -> 26.39 | E34: =MIN(E9:E32) -> 4.42 | F34: =MIN(F9:F32) -> 0.47 | G34: =MIN(G9:G32) -> 80.69 | H34: =MIN(H9:H32) -> 43.88 | I34: =MIN(I9:I32) -> 0.5 | ... Q34: =MIN(Q9:Q32) -> 49.63
A35: Max | B35: =MAX(B9:B32) -> 145.17 | C35: =MAX(C9:C32) -> 48.83 | D35: =MAX(D9:D32) -> 97.24 | E35: =MAX(E9:E32) -> 9.11 | F35: =MAX(F9:F32) -> 7.46 | G35: =MAX(G9:G32) -> 244.77 | H35: =MAX(H9:H32) -> 72.51 | I35: =MAX(I9:I32) -> 1.84 | ... Q35: =MAX(Q9:Q32) -> 62.46
A36: Avg | B36: =AVERAGE(B9:B32) -> 51.595 | C36: =AVERAGE(C9:C32) -> 28.005714 | D36: =AVERAGE(D9:D32) -> 51.389167 | E36: =AVERAGE(E9:E32) -> 5.6470833 | F36: =AVERAGE(F9:F32) -> 1.8 | G36: =AVERAGE(G9:G32) -> 157.54833 | H36: =AVERAGE(H9:H32) -> 61.736667 | I36: =AVERAGE(I9:I32) -> 1.0778947 | ... Q36: =AVERAGE(Q9:Q32) -> 53.78125
A37: Stdev | B37: =STDEV(B9:B32) -> 40.562059 | C37: =STDEV(C9:C32) -> 17.323083 | D37: =STDEV(D9:D32) -> 20.10248 | E37: =STDEV(E9:E32) -> 0.92960711 | F37: =STDEV(F9:F32) -> 1.8867432 | G37: =STDEV(G9:G32) -> 53.614725 | H37: =STDEV(H9:H32) -> 8.2347649 | I37: =STDEV(I9:I32) -> 0.44936472 | ... Q37: =STDEV(Q9:Q32) -> 3.4007983
A38: Num | B38: =COUNT(B9:B32) -> 24 | C38: =COUNT(C9:C32) -> 21 | D38: =COUNT(D9:D32) -> 24 | E38: 24 | F38: 24 | G38: =COUNT(G9:G32) -> 24 | H38: =COUNT(H9:H32) -> 24 | I38: =COUNT(I9:I32)+5 -> 24 | J38: =COUNT(J9:J32) -> 24 | K38: =COUNT(K9:K32) -> 24 | L38: =COUNT(L9:L32) -> 24 | M38: =COUNT(M9:M32) -> 24 | N38: =COUNT(N9:N32) -> 24 | O38: =COUNT(O9:O32) -> 24 | P38: =COUNT(P9:P32) -> 24 | Q38: =COUNT(Q9:Q32) -> 24
A39: DCR | B39: =IF(B38>=22,">90%",IF(B38<=22,"<90%")) -> >90% | C39: =IF(C38>=22,">90%",IF(C38<=22,"<90%")) -> <90% | D39: =IF(D38>=22,">90%",IF(D38<=22,"<90%")) -> >90% | E39: =IF(E38>=22,">90%",IF(E38<=22,"<90%")) -> >90% | F39: =IF(F38>=22,">90%",IF(F38<=22,"<90%")) -> >90% | G39: =IF(G38>=22,">90%",IF(G38<=22,"<90%")) -> >90% | H39: =IF(H38>=22,">90%",IF(H38<=22,"<90%")) -> >90% | I39: =IF(I38>=22,">90%",IF(I38<=22,"<90%")) -> >90% | ... Q39: =IF(Q38>=22,">90%",IF(Q38<=22,"<90%")) -> >90%
A40: Status | B40: =IF(B38>=22,"OK",IF(B38<=22,"LESS")) -> OK | C40: =IF(C38>=22,"OK",IF(C38<=22,"LESS")) -> LESS | D40: =IF(D38>=22,"OK",IF(D38<=22,"LESS")) -> OK | E40: =IF(E38>=22,"OK",IF(E38<=22,"LESS")) -> OK | F40: =IF(F38>=22,"OK",IF(F38<=22,"LESS")) -> OK | G40: =IF(G38>=22,"OK",IF(G38<=22,"LESS")) -> OK | H40: =IF(H38>=22,"OK",IF(H38<=22,"LESS")) -> OK | I40: =IF(I38>=22,"OK",IF(I38<=22,"LESS")) -> OK | ... Q40: =IF(Q38>=22,"OK",IF(Q38<=22,"LESS")) -> OK
A43: Done by | B43: RAHUL
A45: Comment

Sheet 04
A1: Station: | B1: BHATAGAON RAIPUR
A2: Date: | B2: =$A$9 -> 04-12-2022 01:00 | D2: Power Off | G2: Pw.Off | L2: Link Fail | N2: Link F | P2: Maintenance | R2: Maint.
A3: Report Type: | B3: Mean | D3: Calibration | G3: Calib. | L3: Data Fail | N3: Data F | P3: Invalid | R3: Invalid
A4: Time Base: | B4: 01 Hour | D4: Zero Referrence | G4: Z.Ref | L4: Warm Up | N4: Wm. Up
A7: Date & Time | B7: NO_BHATAGAON | C7: NO2_BHATAGAON | D7: NOX_BHATAGAON | E7: SO2_BHATAGAON | F7: O3_BHATAGAON | G7: PM10_BHATAGAON | H7: PM2_5_BHATAGAON | I7: BENZ_BHATAGAON | J7: WS_BHATAGAON | K7: WD_BHATAGAON | L7: TEMP_BHATAGAON | M7: HUM BHATAGAON | N7: SR_BHATAGAON | O7: RG_BHATAGAON | P7: CO_BHATAGAON | Q7: NH3_BHATAGAON
B8: ug/m3 | C8: ug/m3 | D8: ug/m3 | E8: ug/m3 | F8: ug/m3 | G8: mg/m3 | H8: ug/m3 | I8: ug/m3 | J8: m/sec | K8: deg | L8: degreC | M8: % | N8: w/m2 | O8: mm | P8: ug/m3 | Q8: ug/m3
A9: 04-12-2022 01:00 | B9: 147.09 | C9: Invalid | D9: 97.89 | E9: 5.08 | F9: 0.64 | G9: 209.5 | H9: 68.92 | I9: 1.75 | J9: 0.46 | K9: 297.77 | L9: 19.22 | M9: Maint. | N9: 34.5 | O9: 0 | P9: 4.29 | Q9: 60.26
A10: 04-12-2022 02:00 | B10: 128.15 | C10: Invalid | D10: 87.42 | E10: 5.14 | F10: 0.66 | G10: 172.7 | H10: 69.08 | I10: 1.71 | J10: 0.34 | K10: 277.43 | L10: 19.46 | M10: Maint. | N10: 34.3 | O10: 0 | P10: 3.75 | Q10: 59.47
A11: 04-12-2022 03:00 | B11: 95.65 | C11: 2.15 | D11: 71.94 | E11: 4.71 | F11: 0.61 | G11: 218.92 | H11: 75.89 | I11: 1.53 | J11: 0.23 | K11: 298.98 | L11: 18.77 | M11: Maint. | N11: 34.8 | O11: 0 | P11: 3.5 | Q11: 57.16
A12: 04-12-2022 04:00 | B12: 70.3 | C12: 7.16 | D12: 59.09 | E12: 4.09 | F12: 0.6 | G12: 218.92 | H12: 75.89 | I12: 1.25 | J12: 0.17 | K12: 311.29 | L12: 18.01 | M12: Maint. | N12: 34.6 | O12: 0 | P12: 3.45 | Q12: 53.57
A13: 04-12-2022 05:00 | B13: 59.18 | C13: 6.91 | D13: 51.15 | E13: 4.11 | F13: 0.55 | G13: 173.51 | H13: 75.19 | I13: Maint. | J13: 0.19 | K13: 319.04 | L13: 17 | M13: Maint. | N13: 34.6 | O13: 0 | P13: 3.18 | Q13: 52.51
A14: 04-12-2022 06:00 | B14: 56.68 | C14: 6.79 | D14: 48.79 | E14: 3.7 | F14: 0.59 | G14: 151.13 | H14: 66.14 | I14: Maint. | J14: 0.23 | K14: 324.67 | L14: 16.76 | M14: 32 | N14: 34.5 | O14: 0 | P14: 2.79 | Q14: 52.44
A15: 04-12-2022 07:00 | B15: 68.12 | C15: 5.49 | D15: 55.71 | E15: 3.97 | F15: 0.72 | G15: 167.01 | H15: 65 | I15: Maint. | J15: 0.16 | K15: 321.62 | L15: 17.4 | M15: 21 | N15: 54.1 | O15: 0 | P15: 2.59 | Q15: 51.3
A16: 04-12-2022 08:00 | B16: 67.56 | C16: 11.51 | D16: 55.57 | E16: 3.85 | F16: 0.76 | G16: 167.01 | H16: 65 | I16: Maint. | J16: 0.53 | K16: 292.69 | L16: 20.91 | M16: 25 | N16: 169.7 | O16: 0 | P16: 2.52 | Q16: 51.32
A17: 04-12-2022 09:00 | B17: 58.34 | C17: 14.56 | D17: 53.28 | E17: 4.76 | F17: 0.68 | G17: 113.71 | H17: 64.83 | I17: Maint. | J17: 1.24 | K17: 248.29 | L17: 23.22 | M17: 21 | N17: 312.2 | O17: 0 | P17: 2.36 | Q17: 52.32
A18: 04-12-2022 10:00 | B18: 42.26 | C18: 33.16 | D18: 43.92 | E18: 4.92 | F18: 1.52 | G18: 99.66 | H18: 57.27 | I18: 0.61 | J18: 21.17 | K18: 217.43 | L18: 24.53 | M18: 37 | N18: 385 | O18: 0 | P18: 2.08 | Q18: 50.91
A19: 04-12-2022 11:00 | B19: 10.79 | C19: 43.04 | D19: 29.47 | E19: 6.16 | F19: 5.11 | G19: 91.09 | H19: 54.92 | I19: 0.51 | J19: 7.08 | K19: 359.52 | L19: 29.73 | M19: 50 | N19: 428.9 | O19: 0 | P19: 1.63 | Q19: 41.91
A20: 04-12-2022 12:00 | B20: 6.21 | C20: 45.53 | D20: 29.01 | E20: 4.14 | F20: 3.44 | G20: 103.59 | H20: 49.52 | I20: 0.41 | J20: 0.85 | K20: 329.19 | L20: Maint. | M20: 44 | N20: 440.8 | O20: 0 | P20: 1.43 | Q20: 42.51
A21: 04-12-2022 13:00 | B21: 3.86 | C21: 48.69 | D21: 29.45 | E21: 5.3 | F21: 3.49 | G21: 103.59 | H21: 49.52 | I21: 0.44 | J21: 0.8 | K21: 350.99 | L21: Maint. | M21: 35 | N21: 400.5 | O21: 0 | P21: 1.39 | Q21: 47.53
A22: 04-12-2022 14:00 | B22: 3.2 | C22: 47.98 | D22: 29.04 | E22: 6.49 | F22: 4.95 | G22: 88.21 | H22: 47.45 | I22: 0.44 | J22: 1.34 | K22: 340.6 | L22: Maint. | M22: 30 | N22: 381.2 | O22: 0 | P22: 1.32 | Q22: 45.65
A23: 04-12-2022 15:00 | B23: 4.51 | C23: 42.71 | D23: 26.42 | E23: 6.82 | F23: 8.96 | G23: 88.21 | H23: 46.8 | I23: 0.38 | J23: 1.07 | K23: 350.61 | L23: Maint. | M23: 30 | N23: 317.4 | O23: 0 | P23: 1.23 | Q23: 44.19
A24: 04-12-2022 16:00 | B24: 5.66 | C24: 41.18 | D24: 26.77 | E24: 8.31 | F24: 12.26 | G24: 79.56 | H24: 45.38 | I24: 0.38 | J24: 0.83 | K24: 350.53 | L24: Maint. | M24: 35 | N24: 201.4 | O24: 0 | P24: 1.25 | Q24: 47.46
A25: 04-12-2022 17:00 | B25: 4.92 | C25: 45.96 | D25: 29.29 | E25: 5.18 | F25: 3.52 | G25: 98.44 | H25: 42.67 | I25: 0.43 | J25: 0.78 | K25: 348.21 | L25: 28.37 | M25: 41 | N25: 66 | O25: 0 | P25: 1.43 | Q25: 48.78
A26: 04-12-2022 18:00 | B26: 8.12 | C26: 48.76 | D26: 33.42 | E26: 4.74 | F26: 3.16 | G26: 116 | H26: 44.2 | I26: 0.47 | J26: 0.13 | K26: 135.52 | L26: 25.76 | M26: 56 | N26: 28.5 | O26: 0 | P26: 1.66 | Q26: 48.79
A27: 04-12-2022 19:00 | B27: 19.3 | C27: 44.01 | D27: 37.97 | E27: 4.58 | F27: 0.86 | G27: 139.98 | H27: 44.47 | I27: 0.65 | J27: 0.11 | K27: 333.42 | L27: 22.66 | M27: 64 | N27: 24.5 | O27: 0 | P27: 1.94 | Q27: 49.73
A28: 04-12-2022 20:00 | B28: 45.89 | C28: 34.53 | D28: 50.68 | E28: 5.49 | F28: 0.73 | G28: 167.55 | H28: 47.91 | I28: 0.89 | J28: 0.12 | K28: 331.29 | L28: 21.89 | M28: 69 | N28: 24.4 | O28: 0 | P28: 2.73 | Q28: 54.65
A29: 04-12-2022 21:00 | B29: 83.1 | C29: 19.32 | D29: 70.91 | E29: 5.25 | F29: 0.75 | G29: 187.75 | H29: 52.5 | I29: 1.18 | J29: 0.11 | K29: 321.66 | L29: 20.79 | M29: 71 | N29: 24.5 | O29: 0 | P29: 3.58 | Q29: 55.83
A30: 04-12-2022 22:00 | B30: 129.44 | C30: Invalid | D30: 92.89 | E30: 5.66 | F30: 0.86 | G30: 191.23 | H30: 55.43 | I30: 1.44 | J30: 0.07 | K30: 306.52 | L30: 19.96 | M30: 74 | N30: 24.5 | O30: 0 | P30: 4.03 | Q30: 57.47
A31: 04-12-2022 23:00 | B31: 166.91 | C31: Invalid | D31: 110.16 | E31: 6.29 | F31: 0.79 | G31: 195.5 | H31: 58.32 | I31: 1.61 | J31: 0.16 | K31: 329.85 | L31: 19.53 | M31: 78 | N31: 24.3 | O31: 0 | P31: 4.29 | Q31: 60.53
A32: 04-12-2022 24:00 | B32: 179.87 | C32: Invalid | D32: 115.88 | E32: 6.31 | F32: 0.82 | G32: 195.5 | H32: 58.32 | I32: 1.73 | J32: 0.15 | K32: 358.89 | L32: 20.53 | M32: 74 | N32: 24.2 | O32: 0 | P32: 4.39 | Q32: 63.46
A34: Min | B34: =MIN(B9:B32) -> 3.2 | C34: =MIN(C9:C32) -> 2.15 | D34: =MIN(D9:D32) -> 26.42 | E34: =MIN(E9:E32) -> 3.7 | F34: =MIN(F9:F32) -> 0.55 | G34: =MIN(G9:G32) -> 79.56 | H34: =MIN(H9:H32) -> 42.67 | I34: =MIN(I9:I32) -> 0.38 | ... Q34: =MIN(Q9:Q32) -> 41.91
A35: Max | B35: =MAX(B9:B32) -> 179.87 | C35: =MAX(C9:C32) -> 48.76 | D35: =MAX(D9:D32) -> 115.88 | E35: =MAX(E9:E32) -> 8.31 | F35: =MAX(F9:F32) -> 12.26 | G35: =MAX(G9:G32) -> 218.92 | H35: =MAX(H9:H32) -> 75.89 | I35: =MAX(I9:I32) -> 1.75 | ... Q35: =MAX(Q9:Q32) -> 63.46
A36: Avg | B36: =AVERAGE(B9:B32) -> 61.04625 | C36: =AVERAGE(C9:C32) -> 28.917895 | D36: =AVERAGE(D9:D32) -> 55.671667 | E36: =AVERAGE(E9:E32) -> 5.2104167 | F36: =AVERAGE(F9:F32) -> 2.37625 | G36: =AVERAGE(G9:G32) -> 147.42792 | H36: =AVERAGE(H9:H32) -> 57.525833 | I36: =AVERAGE(I9:I32) -> 0.93736842 | ... Q36: =AVERAGE(Q9:Q32) -> 52.072917
A37: Stdev | B37: =STDEV(B9:B32) -> 55.361261 | C37: =STDEV(C9:C32) -> 18.021237 | D37: =STDEV(D9:D32) -> 27.587262 | E37: =STDEV(E9:E32) -> 1.1006657 | F37: =STDEV(F9:F32) -> 2.9638676 | G37: =STDEV(G9:G32) -> 46.739208 | H37: =STDEV(H9:H32) -> 10.795229 | I37: =STDEV(I9:I32) -> 0.54483272 | ... Q37: =STDEV(Q9:Q32) -> 5.7897867
A38: Num | B38: =COUNT(B9:B32) -> 24 | C38: =COUNT(C9:C32) -> 19 | D38: =COUNT(D9:D32) -> 24 | E38: =COUNT(E9:E32) -> 24 | F38: 24 | G38: 24 | H38: 24 | I38: =COUNT(I9:I32)+5 -> 24 | J38: =COUNT(J9:J32) -> 24 | K38: =COUNT(K9:K32) -> 24 | L38: =COUNT(L9:L32)+5 -> 24 | M38: =COUNT(M9:M32)+5 -> 24 | N38: =COUNT(N9:N32) -> 24 | O38: =COUNT(O9:O32) -> 24 | P38: =COUNT(P9:P32) -> 24 | Q38: =COUNT(Q9:Q32) -> 24
A39: DCR | B39: =IF(B38>=22,">90%",IF(B38<=22,"<90%")) -> >90% | C39: =IF(C38>=22,">90%",IF(C38<=22,"<90%")) -> <90% | D39: =IF(D38>=22,">90%",IF(D38<=22,"<90%")) -> >90% | E39: =IF(E38>=22,">90%",IF(E38<=22,"<90%")) -> >90% | F39: =IF(F38>=22,">90%",IF(F38<=22,"<90%")) -> >90% | G39: =IF(G38>=22,">90%",IF(G38<=22,"<90%")) -> >90% | H39: =IF(H38>=22,">90%",IF(H38<=22,"<90%")) -> >90% | I39: =IF(I38>=22,">90%",IF(I38<=22,"<90%")) -> >90% | ... Q39: =IF(Q38>=22,">90%",IF(Q38<=22,"<90%")) -> >90%
A40: Status | B40: =IF(B38>=22,"OK",IF(B38<=22,"LESS")) -> OK | C40: =IF(C38>=22,"OK",IF(C38<=22,"LESS")) -> LESS | D40: =IF(D38>=22,"OK",IF(D38<=22,"LESS")) -> OK | E40: =IF(E38>=22,"OK",IF(E38<=22,"LESS")) -> OK | F40: =IF(F38>=22,"OK",IF(F38<=22,"LESS")) -> OK | G40: =IF(G38>=22,"OK",IF(G38<=22,"LESS")) -> OK | H40: =IF(H38>=22,"OK",IF(H38<=22,"LESS")) -> OK | I40: =IF(I38>=22,"OK",IF(I38<=22,"LESS")) -> OK | ... Q40: =IF(Q38>=22,"OK",IF(Q38<=22,"LESS")) -> OK
A43: Done by | B43: RAHUL
A45: Comment

Sheet 05
A1: Station: | B1: BHATAGAON RAIPUR
A2: Date: | B2: =$A$9 -> 05-12-2022 01:00 | D2: Power Off | G2: Pw.Off | L2: Link Fail | N2: Link F | P2: Maintenance | R2: Maint.
A3: Report Type: | B3: Mean | D3: Calibration | G3: Calib. | L3: Data Fail | N3: Data F | P3: Invalid | R3: Invalid
A4: Time Base: | B4: 01 Hour | D4: Zero Referrence | G4: Z.Ref | L4: Warm Up | N4: Wm. Up
A7: Date & Time | B7: NO_BHATAGAON | C7: NO2_BHATAGAON | D7: NOX_BHATAGAON | E7: SO2_BHATAGAON | F7: O3_BHATAGAON | G7: PM10_BHATAGAON | H7: PM2_5_BHATAGAON | I7: BENZ_BHATAGAON | J7: WS_BHATAGAON | K7: WD_BHATAGAON | L7: TEMP_BHATAGAON | M7: HUM BHATAGAON | N7: SR_BHATAGAON | O7: RG_BHATAGAON | P7: CO_BHATAGAON | Q7: NH3_BHATAGAON
B8: ug/m3 | C8: ug/m3 | D8: ug/m3 | E8: ug/m3 | F8: ug/m3 | G8: mg/m3 | H8: ug/m3 | I8: ug/m3 | J8: m/sec | K8: deg | L8: degreC | M8: % | N8: w/m2 | O8: mm | P8: ug/m3 | Q8: ug/m3
A9: 05-12-2022 01:00 | B9: 142.91 | C9: Invalid | D9: 97.61 | E9: 4.85 | F9: 0.71 | G9: 172.84 | H9: 57.31 | I9: 1.6 | J9: 0.17 | K9: 283.63 | L9: 19.9 | M9: 75 | N9: 24.6 | O9: 0 | P9: 3.71 | Q9: 59.86
A10: 05-12-2022 02:00 | B10: 104.92 | C10: Invalid | D10: 76.52 | E10: 4.26 | F10: 0.73 | G10: 155.42 | H10: 51.06 | I10: 1.27 | J10: 0.18 | K10: 262.04 | L10: 18.03 | M10: 82 | N10: 24.4 | O10: 0 | P10: 3.03 | Q10: 53.98
A11: 05-12-2022 03:00 | B11: 81.77 | C11: Invalid | D11: 61.87 | E11: 4.41 | F11: 0.75 | G11: 155.42 | H11: 49.26 | I11: 1.12 | J11: 0.13 | K11: 298.44 | L11: 17.43 | M11: 87 | N11: 24.6 | O11: 0 | P11: 2.74 | Q11: 53.77
A12: 05-12-2022 04:00 | B12: 68.29 | C12: Invalid | D12: 53.32 | E12: 4.06 | F12: 1.35 | G12: 112.38 | H12: 50.89 | I12: 1.01 | J12: 0.08 | K12: 145.88 | L12: 16.67 | M12: 89 | N12: 24.4 | O12: 0 | P12: 2.45 | Q12: 53.32
A13: 05-12-2022 05:00 | B13: 59.46 | C13: 4.21 | D13: 48.04 | E13: 5.29 | F13: 1.03 | G13: 107.72 | H13: 50.89 | I13: 0.88 | J13: 0.13 | K13: 333.52 | L13: 16.65 | M13: 86 | N13: 24.2 | O13: 0 | P13: 2.22 | Q13: 51.01
A14: 05-12-2022 06:00 | B14: 52.7 | C14: 6.52 | D14: 44.68 | E14: 5.44 | F14: 1.06 | G14: 113.63 | H14: 49.82 | I14: 0.81 | J14: 0.11 | K14: 319.21 | L14: 16.44 | M14: 85 | N14: 24.2 | O14: 0 | P14: 2.01 | Q14: 48.43
A15: 05-12-2022 07:00 | B15: 54.24 | C15: 6.41 | D15: 45.95 | E15: 5.1 | F15: 0.72 | G15: 113.63 | H15: 48.04 | I15: 0.76 | J15: 0.17 | K15: 92.01 | L15: 17.5 | M15: 81 | N15: 45.8 | O15: 0 | P15: 1.92 | Q15: 50.17
A16: 05-12-2022 08:00 | B16: 49.92 | C16: 17.15 | D16: 46.76 | E16: 5.1 | F16: 0.8 | G16: 110.95 | H16: 48.04 | I16: 0.69 | J16: 0.88 | K16: 356.46 | L16: 21.74 | M16: 71 | N16: 180.5 | O16: 0 | P16: 1.82 | Q16: 49.17
A17: 05-12-2022 09:00 | B17: 45.73 | C17: 24.8 | D17: 47.87 | E17: 3.95 | F17: 1 | G17: 106.28 | H17: 46.65 | I17: 0.6 | J17: 0.86 | K17: 351.44 | L17: 25.97 | M17: 53 | N17: 307 | O17: 0 | P17: 1.82 | Q17: 45.73
A18: 05-12-2022 10:00 | B18: 35.12 | C18: 28.98 | D18: 42.86 | E18: 4.64 | F18: 1.03 | G18: 100.72 | H18: 44.63 | I18: 0.59 | J18: 1.12 | K18: 357.3 | L18: 26.51 | M18: 45 | N18: 398 | O18: 0 | P18: 1.73 | Q18: 47.47
A19: 05-12-2022 11:00 | B19: 32.81 | C19: 35.15 | D19: 43.7 | E19: 5.64 | F19: 2.16 | G19: 87.9 | H19: 41.65 | I19: 0.57 | J19: 1.27 | K19: 350.69 | L19: 28.33 | M19: 44 | N19: 457 | O19: 0 | P19: 1.56 | Q19: 47.98
A20: 05-12-2022 12:00 | B20: 25.83 | C20: 50.61 | D20: 43.47 | E20: 7.37 | F20: 5.89 | G20: 77.59 | H20: 37.62 | I20: 0.48 | J20: 0.81 | K20: 354.34 | L20: 29.91 | M20: 40 | N20: 451.1 | O20: 0 | P20: 1.38 | Q20: 43.85
A21: 05-12-2022 13:00 | B21: 6.22 | C21: 48.86 | D21: 31.72 | E21: 11.95 | F21: 8.39 | G21: 77.59 | H21: 37.31 | I21: 0.32 | J21: 1.14 | K21: 356.65 | L21: 31.62 | M21: 37 | N21: 436.8 | O21: 0 | P21: 1.16 | Q21: 37.06
A22: 05-12-2022 14:00 | B22: 4.71 | C22: 45.67 | D22: 28.01 | E22: 14.45 | F22: 12.22 | G22: 84.38 | H22: 39.4 | I22: 0.33 | J22: 1.42 | K22: 358.13 | L22: 31.8 | M22: 31 | N22: 365.6 | O22: 0 | P22: 1.19 | Q22: 39.51
A23: 05-12-2022 15:00 | B23: 3.69 | C23: 45.31 | D23: 26.95 | E23: 5.05 | F23: 5.65 | G23: 84.38 | H23: 39.4 | I23: 0.3 | J23: 1.09 | K23: 352.55 | L23: 32.17 | M23: 25 | N23: 330.8 | O23: 0 | P23: 1.2 | Q23: 37.09
A24: 05-12-2022 16:00 | B24: 8.98 | C24: 41.89 | D24: 29.81 | E24: 12.12 | F24: 11.03 | G24: 71.21 | H24: 37.08 | I24: 0.27 | J24: 0.8 | K24: 358.29 | L24: 30.45 | M24: 25 | N24: 221.6 | O24: 0 | P24: 1.24 | Q24: 38.27
... A32: 05-12-2022 24:00 | B32: 89.42 | C32: 0.64 | D32: 71.69 | E32: 4.09 | F32: 0.73 | G32: 111.62 | H32: 45.41 | I32: 1.36 | J32: 0.09 | K32: 343.58 | L32: 19.54 | M32: 63 | N32: 24.6 | O32: 0 | P32: 3.19 | Q32: 52.4
A34: Min | B34: =MIN(B9:B32) -> 3.69 | C34: =MIN(C9:C32) -> 0.52 | D34: =MIN(D9:D32) -> 26.95 | E34: =MIN(E9:E32) -> 3.77 | F34: =MIN(F9:F32) -> 0.71 | G34: =MIN(G9:G32) -> 70.47 | H34: =MIN(H9:H32) -> 36.44 | I34: =MIN(I9:I32) -> 0.27 | ... Q34: =MIN(Q9:Q32) -> 37.06
A35: Max | B35: =MAX(B9:B32) -> 142.91 | C35: =MAX(C9:C32) -> 50.61 | D35: =MAX(D9:D32) -> 97.61 | E35: =MAX(E9:E32) -> 14.45 | F35: =MAX(F9:F32) -> 14.12 | G35: =MAX(G9:G32) -> 193.99 | H35: =MAX(H9:H32) -> 57.31 | I35: =MAX(I9:I32) -> 1.6 | ... Q35: =MAX(Q9:Q32) -> 59.86
A36: Avg | B36: =AVERAGE(B9:B32) -> 54.084583 | C36: =AVERAGE(C9:C32) -> 25.714 | D36: =AVERAGE(D9:D32) -> 52.212917 | E36: =AVERAGE(E9:E32) -> 5.9845833 | F36: =AVERAGE(F9:F32) -> 3.1025 | G36: =AVERAGE(G9:G32) -> 114.35458 | H36: =AVERAGE(H9:H32) -> 45.126667 | I36: =AVERAGE(I9:I32) -> 0.81708333 | ... Q36: =AVERAGE(Q9:Q32) -> 48.170417
A37: Stdev | B37: =STDEV(B9:B32) -> 38.533037 | C37: =STDEV(C9:C32) -> 18.179833 | D37: =STDEV(D9:D32) -> 19.604161 | E37: =STDEV(E9:E32) -> 3.0679876 | F37: =STDEV(F9:F32) -> 4.1426207 | G37: =STDEV(G9:G32) -> 36.136866 | H37: =STDEV(H9:H32) -> 5.8166737 | I37: =STDEV(I9:I32) -> 0.41701297 | ... Q37: =STDEV(Q9:Q32) -> 6.2135067
A38: Num | B38: =COUNT(B9:B32) -> 24 | C38: =COUNT(C9:C32) -> 20 | D38: =COUNT(D9:D32) -> 24 | E38: =COUNT(E9:E32) -> 24 | F38: =COUNT(F9:F32) -> 24 | G38: =COUNT(G9:G32) -> 24 | H38: =COUNT(H9:H32) -> 24 | I38: =COUNT(I9:I32) -> 24 | ... Q38: =COUNT(Q9:Q32) -> 24
A39: DCR | B39: =IF(B38>=22,">90%",IF(B38<=22,"<90%")) -> >90% | C39: =IF(C38>=22,">90%",IF(C38<=22,"<90%")) -> <90% | D39: =IF(D38>=22,">90%",IF(D38<=22,"<90%")) -> >90% | E39: =IF(E38>=22,">90%",IF(E38<=22,"<90%")) -> >90% | F39: =IF(F38>=22,">90%",IF(F38<=22,"<90%")) -> >90% | G39: =IF(G38>=22,">90%",IF(G38<=22,"<90%")) -> >90% | H39: =IF(H38>=22,">90%",IF(H38<=22,"<90%")) -> >90% | I39: =IF(I38>=22,">90%",IF(I38<=22,"<90%")) -> >90% | ... Q39: =IF(Q38>=22,">90%",IF(Q38<=22,"<90%")) -> >90%
A40: Status | B40: =IF(B38>=22,"OK",IF(B38<=22,"LESS")) -> OK | C40: =IF(C38>=22,"OK",IF(C38<=22,"LESS")) -> LESS | D40: =IF(D38>=22,"OK",IF(D38<=22,"LESS")) -> OK | E40: =IF(E38>=22,"OK",IF(E38<=22,"LESS")) -> OK | F40: =IF(F38>=22,"OK",IF(F38<=22,"LESS")) -> OK | G40: =IF(G38>=22,"OK",IF(G38<=22,"LESS")) -> OK | H40: =IF(H38>=22,"OK",IF(H38<=22,"LESS")) -> OK | I40: =IF(I38>=22,"OK",IF(I38<=22,"LESS")) -> OK | ... Q40: =IF(Q38>=22,"OK",IF(Q38<=22,"LESS")) -> OK
A43: Done by | B43: RAHUL
A45: Comment

Sheet 06
A1: Station: | B1: BHATAGAON RAIPUR
A2: Date: | B2: =$A$9 -> 06-12-2022 01:00 | D2: Power Off | G2: Pw.Off | L2: Link Fail | N2: Link F | P2: Maintenance | R2: Maint.
A3: Report Type: | B3: Mean | D3: Calibration | G3: Calib. | L3: Data Fail | N3: Data F | P3: Invalid | R3: Invalid
A4: Time Base: | B4: 01 Hour | D4: Zero Referrence | G4: Z.Ref | L4: Warm Up | N4: Wm. Up
A7: Date & Time | B7: NO_BHATAGAON | C7: NO2_BHATAGAON | D7: NOX_BHATAGAON | E7: SO2_BHATAGAON | F7: O3_BHATAGAON | G7: PM10_BHATAGAON | H7: PM2_5_BHATAGAON | I7: BENZ_BHATAGAON | J7: WS_BHATAGAON | K7: WD_BHATAGAON | L7: TEMP_BHATAGAON | M7: HUM BHATAGAON | N7: SR_BHATAGAON | O7: RG_BHATAGAON | P7: CO_BHATAGAON | Q7: NH3_BHATAGAON
B8: ug/m3 | C8: ug/m3 | D8: ug/m3 | E8: ug/m3 | F8: ug/m3 | G8: mg/m3 | H8: ug/m3 | I8: ug/m3 | J8: m/sec | K8: deg | L8: degreC | M8: % | N8: w/m2 | O8: mm | P8: ug/m3 | Q8: ug/m3
A9: 06-12-2022 01:00 | B9: 79.64 | C9: 7.33 | D9: 64.9 | E9: 4.79 | F9: 0.8 | G9: 111.62 | H9: 43.45 | I9: 1.28 | J9: 0.13 | K9: 321.82 | L9: 18.79 | M9: 71 | N9: 24.6 | O9: 0 | P9: 2.88 | Q9: 52.88
A10: 06-12-2022 02:00 | B10: 61.43 | C10: 11.56 | D10: 54.01 | E10: 4.51 | F10: 0.83 | G10: 95.64 | H10: 39.68 | I10: 1.09 | J10: 0.15 | K10: 308.06 | L10: 17.34 | M10: 75 | N10: 24.5 | O10: 0 | P10: 2.36 | Q10: 50.89
A11: 06-12-2022 03:00 | B11: 50.26 | C11: 18.02 | D11: 47.18 | E11: 4.33 | F11: 0.9 | G11: 95.64 | H11: 36.45 | I11: 0.89 | J11: 0.39 | K11: 67.12 | L11: 19.03 | M11: 61 | N11: 24.1 | O11: 0 | P11: 2.09 | Q11: 47.88
A12: 06-12-2022 04:00 | B12: 33.95 | C12: 25 | D12: 37.81 | E12: 4.76 | F12: 0.99 | G12: 69.28 | H12: 34.68 | I12: 0.79 | J12: 0.61 | K12: 356.7 | L12: 18.73 | M12: 60 | N12: 24.2 | O12: 0 | P12: 1.71 | Q12: 47.26
A13: 06-12-2022 05:00 | B13: 22.54 | C13: 30.43 | D13: 32.71 | E13: 3.69 | F13: 0.97 | G13: 72.47 | H13: 28.62 | I13: 0.69 | J13: 0.62 | K13: 352.74 | L13: 18.45 | M13: 61 | N13: 24.3 | O13: 0 | P13: 1.4 | Q13: 46.81
A14: 06-12-2022 06:00 | B14: 14.84 | C14: 31.21 | D14: 29.03 | E14: 3.47 | F14: 0.87 | G14: 72.47 | H14: 27.29 | I14: 0.55 | J14: 0.24 | K14: 88.17 | L14: 17.68 | M14: 64 | N14: 24.4 | O14: 0 | P14: 1.19 | Q14: 44.86
A15: 06-12-2022 07:00 | B15: 22.01 | C15: 30.74 | D15: 32.11 | E15: 3.53 | F15: 0.79 | G15: 88.18 | H15: 29.93 | I15: 0.5 | J15: 0.08 | K15: 314.5 | L15: 17.2 | M15: 72 | N15: 44.2 | O15: 0 | P15: 1.23 | Q15: 43.86
A16: 06-12-2022 08:00 | B16: 32.69 | C16: 23.95 | D16: 37.35 | E16: 4.29 | F16: 0.75 | G16: 116.91 | H16: 34.37 | I16: 0.5 | J16: 0.57 | K16: 235.26 | L16: 20.99 | M16: 72 | N16: 222 | O16: 0 | P16: 1.35 | Q16: 45.99
A17: 06-12-2022 09:00 | B17: 30.73 | C17: 27.48 | D17: 36.82 | E17: 3.64 | F17: 0.88 | G17: 116.91 | H17: 34.37 | I17: 0.5 | J17: 1.37 | K17: 115.42 | L17: 22.07 | M17: 50 | N17: 356.2 | O17: 0 | P17: 1.33 | Q17: 45.4
A18: 06-12-2022 10:00 | B18: 22.33 | C18: 30.61 | D18: 33.6 | E18: 4.29 | F18: 1.12 | G18: 69.47 | H18: 28.63 | I18: 0.47 | J18: 1.21 | K18: 111.61 | L18: 24.79 | M18: 46 | N18: 416.1 | O18: 0 | P18: 1.2 | Q18: 44.39
A19: 06-12-2022 11:00 | B19: 15.55 | C19: 35.25 | D19: 29.71 | E19: 4.11 | F19: 2.45 | G19: 63.76 | H19: 28.63 | I19: 0.46 | J19: 1.16 | K19: 113.9 | L19: 26.41 | M19: 39 | N19: 469.2 | O19: 0 | P19: 1.1 | Q19: 44.84
A20: 06-12-2022 12:00 | B20: 5.41 | C20: 36.06 | D20: 23.69 | E20: 3.89 | F20: 5.41 | G20: 58.99 | H20: 26.25 | I20: 0.42 | J20: 0.71 | K20: 85.41 | L20: 29.38 | M20: 33 | N20: 466.5 | O20: 0 | P20: 0.95 | Q20: 43.31
... A28: 06-12-2022 20:00 | B28: 79.61 | C28: 20.88 | D28: 67.06 | E28: 4.33 | F28: 0.72 | G28: 172.61 | H28: 36.4 | I28: 0.87 | J28: 0.15 | K28: 339.89 | L28: 20.75 | M28: 61 | N28: 24.4 | O28: 0 | P28: 2.64 | Q28: 46.79
A29: 06-12-2022 21:00 | B29: 96.72 | C29: Invalid | D29: 75.07 | E29: 4.38 | F29: 0.71 | G29: 172.61 | H29: 36.4 | I29: 1.24 | J29: 0.28 | K29: 59.11 | L29: 21.42 | M29: 62 | N29: 23.7 | O29: 0 | P29: 3.1 | Q29: 49.88
A30: 06-12-2022 22:00 | B30: 93.32 | C30: Invalid | D30: 72.08 | E30: 4.33 | F30: 1.19 | G30: 131.19 | H30: 35.8 | I30: 1.3 | J30: 0.23 | K30: 72.06 | L30: 21.47 | M30: 53 | N30: 24.4 | O30: 0 | P30: 3.14 | Q30: 52.35
A31: 06-12-2022 23:00 | B31: 93.28 | C31: 1.83 | D31: 71.88 | E31: 4.56 | F31: 0.98 | G31: 104.22 | H31: 36.88 | I31: 1.38 | J31: 0.32 | K31: 85.8 | L31: 20.52 | M31: 53 | N31: 24.2 | O31: 0 | P31: 3.14 | Q31: 52.16
A32: 06-12-2022 24:00 | B32: 74.26 | C32: 9.24 | D32: 61.85 | E32: 4.13 | F32: 2.21 | G32: 155.87 | H32: 36.88 | I32: 1.23 | J32: 0.3 | K32: 83.01 | L32: 19.92 | M32: 55 | N32: 24.2 | O32: 0 | P32: 2.79 | Q32: 49.58
A34: Min | B34: =MIN(B9:B32) -> 4.97 | C34: =MIN(C9:C32) -> 1.83 | D34: =MIN(D9:D32) -> 23.3 | E34: =MIN(E9:E32) -> 3.47 | F34: =MIN(F9:F32) -> 0.71 | G34: =MIN(G9:G32) -> 55.74 | H34: =MIN(H9:H32) -> 26.25 | I34: =MIN(I9:I32) -> 0.28 | ... Q34: =MIN(Q9:Q32) -> 36.37
A35: Max | B35: =MAX(B9:B32) -> 96.72 | C35: =MAX(C9:C32) -> 45.58 | D35: =MAX(D9:D32) -> 75.07 | E35: =MAX(E9:E32) -> 9.2 | F35: =MAX(F9:F32) -> 17.87 | G35: =MAX(G9:G32) -> 172.61 | H35: =MAX(H9:H32) -> 43.45 | I35: =MAX(I9:I32) -> 1.38 | ... Q35: =MAX(Q9:Q32) -> 52.88
A36: Avg | B36: =AVERAGE(B9:B32) -> 38.945 | C36: =AVERAGE(C9:C32) -> 28.057273 | D36: =AVERAGE(D9:D32) -> 42.9675 | E36: =AVERAGE(E9:E32) -> 4.8733333 | F36: =AVERAGE(F9:F32) -> 3.2033333 | G36: =AVERAGE(G9:G32) -> 95.846667 | H36: =AVERAGE(H9:H32) -> 32.700833 | I36: =AVERAGE(I9:I32) -> 0.69083333 | ... Q36: =AVERAGE(Q9:Q32) -> 45.019583
A37: Stdev | B37: =STDEV(B9:B32) -> 31.72466 | C37: =STDEV(C9:C32) -> 12.162555 | D37: =STDEV(D9:D32) -> 17.324118 | E37: =STDEV(E9:E32) -> 1.6463548 | F37: =STDEV(F9:F32) -> 4.2457361 | G37: =STDEV(G9:G32) -> 39.05513 | H37: =STDEV(H9:H32) -> 4.6220078 | I37: =STDEV(I9:I32) -> 0.37481493 | ... Q37: =STDEV(Q9:Q32) -> 5.1475612
A38: Num | B38: =COUNT(B9:B32) -> 24 | C38: =COUNT(C9:C32) -> 22 | D38: =COUNT(D9:D32) -> 24 | E38: =COUNT(E9:E32) -> 24 | F38: =COUNT(F9:F32) -> 24 | G38: =COUNT(G9:G32) -> 24 | H38: =COUNT(H9:H32) -> 24 | I38: 24 | J38: =COUNT(J9:J32) -> 24 | K38: =COUNT(K9:K32) -> 24 | L38: =COUNT(L9:L32) -> 24 | M38: =COUNT(M9:M32) -> 24 | N38: =COUNT(N9:N32) -> 24 | O38: =COUNT(O9:O32) -> 24 | P38: =COUNT(P9:P32) -> 24 | Q38: =COUNT(Q9:Q32) -> 24
A39: DCR | B39: =IF(B38>=22,">90%",IF(B38<=22,"<90%")) -> >90% | C39: =IF(C38>=22,">90%",IF(C38<=22,"<90%")) -> >90% | D39: =IF(D38>=22,">90%",IF(D38<=22,"<90%")) -> >90% | E39: =IF(E38>=22,">90%",IF(E38<=22,"<90%")) -> >90% | F39: =IF(F38>=22,">90%",IF(F38<=22,"<90%")) -> >90% | G39: =IF(G38>=22,">90%",IF(G38<=22,"<90%")) -> >90% | H39: =IF(H38>=22,">90%",IF(H38<=22,"<90%")) -> >90% | I39: =IF(I38>=22,">90%",IF(I38<=22,"<90%")) -> >90% | ... Q39: =IF(Q38>=22,">90%",IF(Q38<=22,"<90%")) -> >90%
A40: Status | B40: =IF(B38>=22,"OK",IF(B38<=22,"LESS")) -> OK | C40: =IF(C38>=22,"OK",IF(C38<=22,"LESS")) -> OK | D40: =IF(D38>=22,"OK",IF(D38<=22,"LESS")) -> OK | E40: =IF(E38>=22,"OK",IF(E38<=22,"LESS")) -> OK | F40: =IF(F38>=22,"OK",IF(F38<=22,"LESS")) -> OK | G40: =IF(G38>=22,"OK",IF(G38<=22,"LESS")) -> OK | H40: =IF(H38>=22,"OK",IF(H38<=22,"LESS")) -> OK | I40: =IF(I38>=22,"OK",IF(I38<=22,"LESS")) -> OK | ... Q40: =IF(Q38>=22,"OK",IF(Q38<=22,"LESS")) -> OK
A43: Done by | B43: RAHUL
A45: Comment

Sheet 07
A1: Station: | B1: BHATAGAON RAIPUR
A2: Date: | B2: =$A$9 -> 07-12-2022 01:00 | D2: Power Off | G2: Pw.Off | L2: Link Fail | N2: Link F | P2: Maintenance | R2: Maint.
A3: Report Type: | B3: Mean | D3: Calibration | G3: Calib. | L3: Data Fail | N3: Data F | P3: Invalid | R3: Invalid
A4: Time Base: | B4: 01 Hour | D4: Zero Referrence | G4: Z.Ref | L4: Warm Up | N4: Wm. Up
A7: Date & Time | B7: NO_BHATAGAON | C7: NO2_BHATAGAON | D7: NOX_BHATAGAON | E7: SO2_BHATAGAON | F7: O3_BHATAGAON | G7: PM10_BHATAGAON | H7: PM2_5_BHATAGAON | I7: BENZ_BHATAGAON | J7: WS_BHATAGAON | K7: WD_BHATAGAON | L7: TEMP_BHATAGAON | M7: HUM BHATAGAON | N7: SR_BHATAGAON | O7: RG_BHATAGAON | P7: CO_BHATAGAON | Q7: NH3_BHATAGAON
B8: ug/m3 | C8: ug/m3 | D8: ug/m3 | E8: ug/m3 | F8: ug/m3 | G8: mg/m3 | H8: ug/m3 | I8: ug/m3 | J8: m/sec | K8: deg | L8: degreC | M8: % | N8: w/m2 | O8: mm | P8: ug/m3 | Q8: ug/m3
A9: 07-12-2022 01:00 | B9: 60.21 | C9: 11.77 | D9: 53.31 | E9: 4.81 | F9: 1.2 | G9: 155.87 | H9: 33.7 | I9: 1.05 | J9: 0.14 | K9: 237.61 | L9: 19.36 | M9: 61 | N9: 24.4 | O9: 0 | P9: 2.49 | Q9: 47.86
A10: 07-12-2022 02:00 | B10: 46.93 | C10: 16.18 | D10: 44.67 | E10: 4.41 | F10: 0.69 | G10: 69.59 | H10: 30.05 | I10: 0.98 | J10: 0.13 | K10: 335.07 | L10: 18.1 | M10: 69 | N10: 24.5 | O10: 0 | P10: 1.98 | Q10: 48.74
A11: 07-12-2022 03:00 | B11: 33.78 | C11: 18.69 | D11: 36.69 | E11: 4.1 | F11: 0.67 | G11: 96.08 | H11: 26.86 | I11: 0.83 | J11: 0.14 | K11: 317.07 | L11: 16.98 | M11: 77 | N11: 24.3 | O11: 0 | P11: 1.73 | Q11: 46.96
A12: 07-12-2022 04:00 | B12: 29.76 | C12: 18.4 | D12: 33.36 | E12: 4.22 | F12: 0.7 | G12: 104.98 | H12: 28.59 | I12: 0.71 | J12: 0.13 | K12: 334.94 | L12: 15.72 | M12: 80 | N12: 24.3 | O12: 0 | P12: 1.51 | Q12: 43.94
A13: 07-12-2022 05:00 | B13: 29.26 | C13: 19.71 | D13: 32.72 | E13: 4.14 | F13: 0.8 | G13: 104.98 | H13: 28.84 | I13: 0.68 | J13: 0.9 | K13: 26.7 | L13: 17.05 | M13: 69 | N13: 24.1 | O13: 0 | P13: 1.37 | Q13: 45.29
A14: 07-12-2022 06:00 | B14: 25.76 | C14: 23.66 | D14: 32.12 | E14: 4.67 | F14: 0.68 | G14: 117.72 | H14: 32.41 | I14: 0.63 | J14: 1.33 | K14: 12.74 | L14: 17.19 | M14: 69 | N14: 24.1 | O14: 0 | P14: 1.36 | Q14: 45.12
A15: 07-12-2022 07:00 | B15: 21.05 | C15: 24.54 | D15: 30.41 | E15: 4 | F15: 0.81 | G15: 117.72 | H15: 32.41 | I15: 0.52 | J15: 0.76 | K15: 357.47 | L15: 16.66 | M15: 74 | N15: 47.4 | O15: 0 | P15: 1.24 | Q15: 43
A16: 07-12-2022 08:00 | B16: 23.37 | C16: 23.84 | D16: 31.76 | E16: 4.55 | F16: 1.08 | G16: 123.45 | H16: 35.13 | I16: Maint. | J16: 0.88 | K16: 104.35 | L16: 19.14 | M16: 72 | N16: 156.6 | O16: 0 | P16: 1.34 | Q16: 41.67
A17: 07-12-2022 09:00 | B17: 22.96 | C17: 28.94 | D17: 34.09 | E17: 5.46 | F17: 0.86 | G17: 123.45 | H17: 35.9 | I17: Maint. | J17: 1.53 | K17: 20.45 | L17: 23.41 | M17: 55 | N17: 299.7 | O17: 0 | P17: 1.36 | Q17: 43.24
A18: 07-12-2022 10:00 | B18: 21.91 | C18: 36.31 | D18: 34.72 | E18: 5.34 | F18: 1.78 | G18: 125.02 | H18: 35.92 | I18: Maint. | J18: 1.45 | K18: 52.04 | L18: 24.65 | M18: 43 | N18: 389 | O18: 0 | P18: 1.35 | Q18: 42.42
A19: 07-12-2022 11:00 | B19: 13.08 | C19: 39 | D19: 31.38 | E19: 5.7 | F19: 2.28 | G19: 125.02 | H19: 36.6 | I19: Maint. | J19: 1.29 | K19: 25.12 | L19: 26.26 | M19: 37 | N19: 444.8 | O19: 0 | P19: 1.25 | Q19: 39.99
A20: 07-12-2022 12:00 | B20: 7.95 | C20: 40.28 | D20: 28.36 | E20: 5.47 | F20: 2.61 | G20: 74.63 | H20: 36.6 | I20: Maint. | J20: 1.36 | K20: 77.95 | L20: 27.18 | M20: 31 | N20: 480.4 | O20: 0 | P20: 1.17 | Q20: 40.31
A21: 07-12-2022 13:00 | B21: 5.51 | C21: 38.98 | D21: 25.93 | E21: 4.87 | F21: 2.27 | G21: 74.63 | H21: 37.1 | I21: 0.42 | J21: 1.21 | K21: 99.71 | L21: 27.58 | M21: 25 | N21: 478.2 | O21: 0 | P21: 1.09 | Q21: 41.45
A22: 07-12-2022 14:00 | B22: 3.86 | C22: 37.22 | D22: 23.64 | E22: 4.9 | F22: 3.12 | G22: 33.76 | H22: 37.1 | I22: 0.38 | J22: 1.44 | K22: 120.74 | L22: 26.13 | M22: 27 | N22: 430.3 | O22: 0 | P22: 0.96 | Q22: 40.75
A23: 07-12-2022 15:00 | B23: 5.01 | C23: 33.08 | D23: 22.12 | E23: 5.17 | F23: 3.95 | G23: 45.6 | H23: 35.09 | I23: 0.35 | J23: 0.74 | K23: 113.53 | L23: 27.14 | M23: 24 | N23: 351.7 | O23: 0 | P23: 0.88 | Q23: 39.79
A24: 07-12-2022 16:00 | B24: 4.76 | C24: 37.65 | D24: 24.31 | E24: 6.16 | F24: 4.09 | G24: 75.21 | H24: 31.45 | I24: 0.35 | J24: 1.18 | K24: 13.95 | L24: 27.56 | M24: 25 | N24: 231.2 | O24: 0 | P24: 0.96 | Q24: 41.94
A25: 07-12-2022 17:00 | B25: 5.6 | C25: 41.12 | D25: 27.18 | E25: 4.35 | F25: 2.32 | G25: 75.21 | H25: 31.58 | I25: 0.34 | J25: 1.06 | K25: 358.52 | L25: 24.91 | M25: 42 | N25: 60.7 | O25: 0 | P25: 1.12 | Q25: 41.37
A26: 07-12-2022 18:00 | B26: 14.23 | C26: 43.68 | D26: 34.35 | E26: 4.46 | F26: 1.32 | G26: 108.87 | H26: 32.09 | I26: 0.4 | J26: 0.46 | K26: 52.81 | L26: 22.69 | M26: 47 | N26: 27.1 | O26: 0 | P26: 1.35 | Q26: 40.43
A27: 07-12-2022 19:00 | B27: 24.96 | C27: 41.28 | D27: 40.39 | E27: 4.36 | F27: 0.77 | G27: 113.67 | H27: 33.99 | I27: 0.52 | J27: 0.25 | K27: 352.68 | L27: 21.56 | M27: 54 | N27: 24.5 | O27: 0 | P27: 1.75 | Q27: 43.44
A28: 07-12-2022 20:00 | B28: 62.47 | C28: 34.6 | D28: 60.87 | E28: 4.56 | F28: 0.77 | G28: 158.69 | H28: 37.59 | I28: 0.76 | J28: 0.16 | K28: 357.54 | L28: 18.71 | M28: 63 | N28: 24.4 | O28: 0 | P28: 2.57 | Q28: 47
A29: 07-12-2022 21:00 | B29: 110.28 | C29: 10.57 | D29: 86.24 | E29: 4.74 | F29: 0.76 | G29: 185.74 | H29: 47.72 | I29: 1.18 | J29: 0.1 | K29: 336.45 | L29: 18.37 | M29: 62 | N29: 24.1 | O29: 0 | P29: 3.8 | Q29: 49.35
A30: 07-12-2022 22:00 | B30: 130.53 | C30: Invalid | D30: 95.09 | E30: 5.62 | F30: 0.85 | G30: 199.4 | H30: 56.26 | I30: 1.76 | J30: 0.21 | K30: 80.34 | L30: 19.28 | M30: 62 | N30: 24.4 | O30: 0 | P30: 4.38 | Q30: 50.83
A31: 07-12-2022 23:00 | B31: 129.82 | C31: Invalid | D31: 93.67 | E31: 5.54 | F31: 0.8 | G31: 199.4 | H31: 56.26 | I31: 1.88 | J31: 0.3 | K31: 77.63 | L31: 18.54 | M31: 55 | N31: 24.1 | O31: 0 | P31: 4.4 | Q31: 51.8
A32: 07-12-2022 24:00 | B32: 112.29 | C32: Invalid | D32: 83.26 | E32: 5.1 | F32: 0.75 | G32: 183.02 | H32: 54.97 | I32: 1.82 | J32: 0.84 | K32: 62.84 | L32: 18.52 | M32: 49 | N32: 24 | O32: 0 | P32: 3.99 | Q32: 51.02
A34: Min | B34: =MIN(B9:B32) -> 3.86 | C34: =MIN(C9:C32) -> 10.57 | D34: =MIN(D9:D32) -> 22.12 | E34: =MIN(E9:E32) -> 4 | F34: =MIN(F9:F32) -> 0.67 | G34: =MIN(G9:G32) -> 33.76 | H34: =MIN(H9:H32) -> 26.86 | I34: =MIN(I9:I32) -> 0.34 | ... Q34: =MIN(Q9:Q32) -> 39.79
A35: Max | B35: =MAX(B9:B32) -> 130.53 | C35: =MAX(C9:C32) -> 43.68 | D35: =MAX(D9:D32) -> 95.09 | E35: =MAX(E9:E32) -> 6.16 | F35: =MAX(F9:F32) -> 4.09 | G35: =MAX(G9:G32) -> 199.4 | H35: =MAX(H9:H32) -> 56.26 | I35: =MAX(I9:I32) -> 1.88 | ... Q35: =MAX(Q9:Q32) -> 51.8
A36: Avg | B36: =AVERAGE(B9:B32) -> 39.389167 | C36: =AVERAGE(C9:C32) -> 29.5 | D36: =AVERAGE(D9:D32) -> 43.36 | E36: =AVERAGE(E9:E32) -> 4.8625 | F36: =AVERAGE(F9:F32) -> 1.4970833 | G36: =AVERAGE(G9:G32) -> 116.32125 | H36: =AVERAGE(H9:H32) -> 36.842083 | I36: =AVERAGE(I9:I32) -> 0.81894737 | ... Q36: =AVERAGE(Q9:Q32) -> 44.487917
A37: Stdev | B37: =STDEV(B9:B32) -> 40.584401 | C37: =STDEV(C9:C32) -> 10.62898 | D37: =STDEV(D9:D32) -> 22.954615 | E37: =STDEV(E9:E32) -> 0.58645026 | F37: =STDEV(F9:F32) -> 1.0619772 | G37: =STDEV(G9:G32) -> 45.814231 | H37: =STDEV(H9:H32) -> 8.403298 | I37: =STDEV(I9:I32) -> 0.50930121 | ... Q37: =STDEV(Q9:Q32) -> 3.8217706
A38: Num | B38: =COUNT(B9:B32) -> 24 | C38: =COUNT(C9:C32) -> 21 | D38: =COUNT(D9:D32) -> 24 | E38: =COUNT(E9:E32) -> 24 | F38: =COUNT(F9:F32) -> 24 | G38: =COUNT(G9:G32) -> 24 | H38: =COUNT(H9:H32) -> 24 | I38: =COUNT(I9:I32)+5 -> 24 | J38: =COUNT(J9:J32) -> 24 | K38: =COUNT(K9:K32) -> 24 | L38: =COUNT(L9:L32) -> 24 | M38: =COUNT(M9:M32) -> 24 | N38: =COUNT(N9:N32) -> 24 | O38: =COUNT(O9:O32) -> 24 | P38: =COUNT(P9:P32) -> 24 | Q38: =COUNT(Q9:Q32) -> 24
A39: DCR | B39: =IF(B38>=22,">90%",IF(B38<=22,"<90%")) -> >90% | C39: =IF(C38>=22,">90%",IF(C38<=22,"<90%")) -> <90% | D39: =IF(D38>=22,">90%",IF(D38<=22,"<90%")) -> >90% | E39: =IF(E38>=22,">90%",IF(E38<=22,"<90%")) -> >90% | F39: =IF(F38>=22,">90%",IF(F38<=22,"<90%")) -> >90% | G39: =IF(G38>=22,">90%",IF(G38<=22,"<90%")) -> >90% | H39: =IF(H38>=22,">90%",IF(H38<=22,"<90%")) -> >90% | I39: =IF(I38>=22,">90%",IF(I38<=22,"<90%")) -> >90% | ... Q39: =IF(Q38>=22,">90%",IF(Q38<=22,"<90%")) -> >90%
A40: Status | B40: =IF(B38>=22,"OK",IF(B38<=22,"LESS")) -> OK | C40: =IF(C38>=22,"OK",IF(C38<=22,"LESS")) -> LESS | D40: =IF(D38>=22,"OK",IF(D38<=22,"LESS")) -> OK | E40: =IF(E38>=22,"OK",IF(E38<=22,"LESS")) -> OK | F40: =IF(F38>=22,"OK",IF(F38<=22,"LESS")) -> OK | G40: =IF(G38>=22,"OK",IF(G38<=22,"LESS")) -> OK | H40: =IF(H38>=22,"OK",IF(H38<=22,"LESS")) -> OK | I40: =IF(I38>=22,"OK",IF(I38<=22,"LESS")) -> OK | ... Q40: =IF(Q38>=22,"OK",IF(Q38<=22,"LESS")) -> OK
A43: Done by | B43: RAHUL
A45: Comment

Sheet 08
A1: Station: | B1: BHATAGAON RAIPUR
A2: Date: | B2: =$A$9 -> 08-12-2022 01:00 | D2: Power Off | G2: Pw.Off | L2: Link Fail | N2: Link F | P2: Maintenance | R2: Maint.
A3: Report Type: | B3: Mean | D3: Calibration | G3: Calib. | L3: Data Fail | N3: Data F | P3: Invalid | R3: Invalid
A4: Time Base: | B4: 01 Hour | D4: Zero Referrence | G4: Z.Ref | L4: Warm Up | N4: Wm. Up
A7: Date & Time | B7: NO_BHATAGAON | C7: NO2_BHATAGAON | D7: NOX_BHATAGAON | E7: SO2_BHATAGAON | F7: O3_BHATAGAON | G7: PM10_BHATAGAON | H7: PM2_5_BHATAGAON | I7: BENZ_BHATAGAON | J7: WS_BHATAGAON | K7: WD_BHATAGAON | L7: TEMP_BHATAGAON | M7: HUM BHATAGAON | N7: SR_BHATAGAON | O7: RG_BHATAGAON | P7: CO_BHATAGAON | Q7: NH3_BHATAGAON
B8: ug/m3 | C8: ug/m3 | D8: ug/m3 | E8: ug/m3 | F8: ug/m3 | G8: mg/m3 | H8: ug/m3 | I8: ug/m3 | J8: m/sec | K8: deg | L8: degreC | M8: % | N8: w/m2 | O8: mm | P8: ug/m3 | Q8: ug/m3
A9: 08-12-2022 01:00 | B9: 77.65 | C9: 12.11 | D9: 64.29 | E9: 5.45 | F9: 0.8 | G9: 86.94 | H9: 47.05 | I9: 1.33 | J9: 0.92 | K9: 110.44 | L9: 18.27 | M9: 53 | N9: 24.6 | O9: 0 | P9: 3.13 | Q9: 46.97
A10: 08-12-2022 02:00 | B10: 52.99 | C10: 18.27 | D10: 50.23 | E10: 5.4 | F10: 0.76 | G10: 100.2 | H10: 38.26 | I10: 1.04 | J10: 0.6 | K10: 131.79 | L10: 17.33 | M10: 59 | N10: 24.6 | O10: 0 | P10: 2.61 | Q10: 42.99
A11: 08-12-2022 03:00 | B11: 37.65 | C11: 27.65 | D11: 41.06 | E11: 5.37 | F11: 0.79 | G11: 100.2 | H11: 35.66 | I11: 0.89 | J11: 1.33 | K11: 13.97 | L11: 17.25 | M11: 56 | N11: 24.5 | O11: 0 | P11: 2.37 | Q11: 42.98
A12: 08-12-2022 04:00 | B12: 21.25 | C12: 32.84 | D12: 33.34 | E12: 5.65 | F12: 0.79 | G12: 96.67 | H12: 36.76 | I12: 0.69 | J12: 1.34 | K12: 12.74 | L12: 17.02 | M12: 59 | N12: 24.4 | O12: 0 | P12: 1.94 | Q12: 40.75
A13: 08-12-2022 05:00 | B13: 14.25 | C13: 33.75 | D13: 29.77 | E13: 7.09 | F13: 0.75 | G13: 96.67 | H13: 36.76 | I13: 0.54 | J13: 1.52 | K13: 17.17 | L13: 16.25 | M13: 60 | N13: 24.2 | O13: 0 | P13: 1.7 | Q13: 37.68
A14: 08-12-2022 06:00 | B14: 13.88 | C14: 34.19 | D14: 29.67 | E14: 7.6 | F14: 0.74 | G14: 65.25 | H14: 34.56 | I14: 0.47 | J14: 1.33 | K14: 20.06 | L14: 16.09 | M14: 60 | N14: 24.5 | O14: 0 | P14: 1.63 | Q14: 38.53
A15: 08-12-2022 07:00 | B15: 17.42 | C15: 33.28 | D15: 31.52 | E15: 6.64 | F15: 0.71 | G15: 210.96 | H15: 36.46 | I15: Maint. | J15: 0.56 | K15: 94.69 | L15: 15.61 | M15: 61 | N15: 48.1 | O15: 0 | P15: 1.78 | Q15: 38.69
A16: 08-12-2022 08:00 | B16: 18.72 | C16: 31.43 | D16: 32.09 | E16: 6.04 | F16: 0.83 | G16: 210.96 | H16: 36.46 | I16: Maint. | J16: 0.6 | K16: 85.88 | L16: 16.1 | M16: 59 | N16: 96 | O16: 0 | P16: 1.77 | Q16: 38.23
A17: 08-12-2022 09:00 | B17: 17.89 | C17: 30.75 | D17: 31.13 | E17: 5.96 | F17: 1.28 | G17: 69.39 | H17: 36.01 | I17: Maint. | J17: 0.51 | K17: 75.43 | L17: 19.02 | M17: 56 | N17: 217.6 | O17: 0 | P17: 1.6 | Q17: 37.59
A18: 08-12-2022 10:00 | B18: 16.07 | C18: 32.87 | D18: 30.13 | E18: 5.3 | F18: 1.12 | G18: 69.39 | H18: 31.6 | I18: Maint. | J18: 0.94 | K18: 109.89 | L18: 20.16 | M18: 49 | N18: 302.3 | O18: 0 | P18: 1.44 | Q18: 39.51
A19: 08-12-2022 11:00 | B19: 11.74 | C19: 37.39 | D19: 28.61 | E19: 8.18 | F19: 3.7 | G19: Invalid | H19: Invalid | I19: Maint. | J19: 1.08 | K19: 94 | L19: 23.71 | M19: 43 | N19: 414.6 | O19: 0 | P19: 1.32 | Q19: 39.11
A20: 08-12-2022 12:00 | B20: 10.66 | C20: 40.61 | D20: 30.96 | E20: 17.58 | F20: 5.28 | G20: Calib. | H20: Calib. | I20: 0.29 | J20: 1.52 | K20: 118.53 | L20: 24.87 | M20: 37 | N20: 499.4 | O20: 0 | P20: 1.04 | Q20: 31.21
A21: 08-12-2022 13:00 | B21: 10.99 | C21: 70.25 | D21: 43.32 | E21: 21.72 | F21: 8.42 | G21: Calib. | H21: Calib. | I21: 0.26 | J21: 1.18 | K21: 115.19 | L21: 25.41 | M21: 29 | N21: 483 | O21: 0 | P21: 0.8 | Q21: 27.13
A22: 08-12-2022 14:00 | B22: 5.42 | C22: 67.19 | D22: 40.24 | E22: 12.97 | F22: 9.69 | G22: Invalid | H22: Invalid | I22: Maint. | J22: 1.12 | K22: 122.86 | L22: 27.17 | M22: 27 | N22: 443.6 | O22: 0 | P22: 0.65 | Q22: 27.81
A23: 08-12-2022 15:00 | B23: 4.97 | C23: 62.69 | D23: 38 | E23: 10.99 | F23: 11.51 | G23: Invalid | H23: Invalid | I23: 0.18 | J23: 1.02 | K23: 129.43 | L23: 27.3 | M23: 26 | N23: 374 | O23: 0 | P23: 0.68 | Q23: 27.59
A24: 08-12-2022 16:00 | B24: 6.35 | C24: 59.92 | D24: 37.26 | E24: 14.28 | F24: 17.32 | G24: Invalid | H24: Invalid | I24: 0.19 | J24: 1.22 | K24: 125.53 | L24: 26.58 | M24: 27 | N24: 248 | O24: 0 | P24: 0.75 | Q24: 27.71
A25: 08-12-2022 17:00 | B25: 13.81 | C25: 79.34 | D25: 53.32 | E25: 35.66 | F25: 13.23 | G25: Invalid | H25: Invalid | I25: 0.23 | J25: 1.38 | K25: 93.42 | L25: 25.3 | M25: 31 | N25: 59.6 | O25: 0 | P25: 0.95 | Q25: 30.39
A26: 08-12-2022 18:00 | B26: 11.77 | C26: 78.85 | D26: 52.95 | E26: 5.84 | F26: 1.06 | G26: 123.12 | H26: 38.7 | I26: 0.29 | J26: 0.27 | K26: 111.83 | L26: 22.81 | M26: 44 | N26: 27.6 | O26: 0 | P26: 1.14 | Q26: 35.44
A27: 08-12-2022 19:00 | B27: 44.2 | C27: 80.81 | D27: 78.55 | E27: 5.3 | F27: 0.67 | G27: 130.6 | H27: 39.83 | I27: 0.45 | J27: 0.11 | K27: 350.56 | L27: 20.45 | M27: 53 | N27: 24.6 | O27: 0 | P27: 1.69 | Q27: 38.89
A28: 08-12-2022 20:00 | B28: 79.59 | C28: 77.45 | D28: 105.71 | E28: 5.31 | F28: 0.74 | G28: 154.28 | H28: 43.72 | I28: 0.74 | J28: 0.19 | K28: 354.22 | L28: 18.49 | M28: 57 | N28: 24.1 | O28: 0 | P28: 2.57 | Q28: 43.85
A29: 08-12-2022 21:00 | B29: 122.83 | C29: 73.92 | D29: 138.09 | E29: 5.54 | F29: 0.81 | G29: 167.39 | H29: 47.4 | I29: 1.27 | J29: 0.18 | K29: 327.98 | L29: 18.19 | M29: 59 | N29: 24.3 | O29: 0 | P29: 3.44 | Q29: 47.99
A30: 08-12-2022 22:00 | B30: 125.43 | C30: 71.26 | D30: 139.89 | E30: 5.58 | F30: 1.28 | G30: 167.39 | H30: 47.4 | I30: 1.47 | J30: 0.28 | K30: 72.8 | L30: 18.46 | M30: 51 | N30: 23.9 | O30: 0 | P30: 3.6 | Q30: 48.47
A31: 08-12-2022 23:00 | B31: 111.65 | C31: 70.18 | D31: 128.26 | E31: 5.42 | F31: 0.92 | G31: 156.43 | H31: 47.12 | I31: 1.46 | J31: 0.26 | K31: 79.28 | L31: 18.05 | M31: 54 | N31: 24.4 | O31: 0 | P31: 3.48 | Q31: 47.28
A32: 08-12-2022 24:00 | B32: 93.2 | C32: 67 | D32: 111.71 | E32: 5.52 | F32: 0.62 | G32: 65.82 | H32: 44.26 | I32: 1.39 | J32: 0.32 | K32: 82.66 | L32: 17.72 | M32: 52 | N32: 24.3 | O32: 0 | P32: 3.17 | Q32: 47.29
A34: Min | B34: =MIN(B9:B32) -> 4.97 | C34: =MIN(C9:C32) -> 12.11 | D34: =MIN(D9:D32) -> 28.61 | E34: =MIN(E9:E32) -> 5.3 | F34: =MIN(F9:F32) -> 0.62 | G34: =MIN(G9:G32) -> 65.25 | H34: =MIN(H9:H32) -> 31.6 | I34: =MIN(I9:I32) -> 0.18 | ... Q34: =MIN(Q9:Q32) -> 27.13
A35: Max | B35: =MAX(B9:B32) -> 125.43 | C35: =MAX(C9:C32) -> 80.81 | D35: =MAX(D9:D32) -> 139.89 | E35: =MAX(E9:E32) -> 35.66 | F35: =MAX(F9:F32) -> 17.32 | G35: =MAX(G9:G32) -> 210.96 | H35: =MAX(H9:H32) -> 47.4 | I35: =MAX(I9:I32) -> 1.47 | ... Q35: =MAX(Q9:Q32) -> 48.47
A36: Avg | B36: =AVERAGE(B9:B32) -> 39.1825 | C36: =AVERAGE(C9:C32) -> 51 | D36: =AVERAGE(D9:D32) -> 58.3375 | E36: =AVERAGE(E9:E32) -> 9.1829167 | F36: =AVERAGE(F9:F32) -> 3.4925 | G36: =AVERAGE(G9:G32) -> 121.86235 | H36: =AVERAGE(H9:H32) -> 39.882941 | I36: =AVERAGE(I9:I32) -> 0.73222222 | ... Q36: =AVERAGE(Q9:Q32) -> 38.503333
A37: Stdev | B37: =STDEV(B9:B32) -> 39.860612 | C37: =STDEV(C9:C32) -> 22.207855 | D37: =STDEV(D9:D32) -> 37.362281 | E37: =STDEV(E9:E32) -> 7.1394754 | F37: =STDEV(F9:F32) -> 4.8203466 | G37: =STDEV(G9:G32) -> 48.493468 | H37: =STDEV(H9:H32) -> 5.1683179 | I37: =STDEV(I9:I32) -> 0.48052123 | ... Q37: =STDEV(Q9:Q32) -> 6.9153557
A38: Num | B38: =COUNT(B9:B32) -> 24 | C38: =COUNT(C9:C32) -> 24 | D38: =COUNT(D9:D32) -> 24 | E38: =COUNT(E9:E32) -> 24 | F38: =COUNT(F9:F32) -> 24 | G38: =COUNT(G9:G32)+2 -> 19 | H38: =COUNT(H9:H32)+2 -> 19 | I38: =COUNT(I9:I32)+6 -> 24 | J38: =COUNT(J9:J32) -> 24 | K38: =COUNT(K9:K32) -> 24 | L38: =COUNT(L9:L32) -> 24 | M38: =COUNT(M9:M32) -> 24 | N38: 24 | O38: =COUNT(O9:O32) -> 24 | P38: =COUNT(P9:P32) -> 24 | Q38: =COUNT(Q9:Q32) -> 24
A39: DCR | B39: =IF(B38>=22,">90%",IF(B38<=22,"<90%")) -> >90% | C39: =IF(C38>=22,">90%",IF(C38<=22,"<90%")) -> >90% | D39: =IF(D38>=22,">90%",IF(D38<=22,"<90%")) -> >90% | E39: =IF(E38>=22,">90%",IF(E38<=22,"<90%")) -> >90% | F39: =IF(F38>=22,">90%",IF(F38<=22,"<90%")) -> >90% | G39: =IF(G38>=22,">90%",IF(G38<=22,"<90%")) -> <90% | H39: =IF(H38>=22,">90%",IF(H38<=22,"<90%")) -> <90% | I39: =IF(I38>=22,">90%",IF(I38<=22,"<90%")) -> >90% | ... Q39: =IF(Q38>=22,">90%",IF(Q38<=22,"<90%")) -> >90%
A40: Status | B40: =IF(B38>=22,"OK",IF(B38<=22,"LESS")) -> OK | C40: =IF(C38>=22,"OK",IF(C38<=22,"LESS")) -> OK | D40: =IF(D38>=22,"OK",IF(D38<=22,"LESS")) -> OK | E40: =IF(E38>=22,"OK",IF(E38<=22,"LESS")) -> OK | F40: =IF(F38>=22,"OK",IF(F38<=22,"LESS")) -> OK | G40: =IF(G38>=22,"OK",IF(G38<=22,"LESS")) -> LESS | H40: =IF(H38>=22,"OK",IF(H38<=22,"LESS")) -> LESS | I40: =IF(I38>=22,"OK",IF(I38<=22,"LESS")) -> OK | ... Q40: =IF(Q38>=22,"OK",IF(Q38<=22,"LESS")) -> OK
A43: Done by | B43: RAHUL
A45: Comment

Sheet 09
A1: Station: | B1: BHATAGAON RAIPUR
A2: Date: | B2: =$A$9 -> 09-12-2022 01:00 | D2: Power Off | G2: Pw.Off | L2: Link Fail | N2: Link F | P2: Maintenance | R2: Maint.
A3: Report Type: | B3: Mean | D3: Calibration | G3: Calib. | L3: Data Fail | N3: Data F | P3: Invalid | R3: Invalid
A4: Time Base: | B4: 01 Hour | D4: Zero Referrence | G4: Z.Ref | L4: Warm Up | N4: Wm. Up
A7: Date & Time | B7: NO_BHATAGAON | C7: NO2_BHATAGAON | D7: NOX_BHATAGAON | E7: SO2_BHATAGAON | F7: O3_BHATAGAON | G7: PM10_BHATAGAON | H7: PM2_5_BHATAGAON | I7: BENZ_BHATAGAON | J7: WS_BHATAGAON | K7: WD_BHATAGAON | L7: TEMP_BHATAGAON | M7: HUM BHATAGAON | N7: SR_BHATAGAON | O7: RG_BHATAGAON | P7: CO_BHATAGAON | Q7: NH3_BHATAGAON
B8: ug/m3 | C8: ug/m3 | D8: ug/m3 | E8: ug/m3 | F8: ug/m3 | G8: mg/m3 | H8: ug/m3 | I8: ug/m3 | J8: m/sec | K8: deg | L8: degreC | M8: % | N8: w/m2 | O8: mm | P8: ug/m3 | Q8: ug/m3
A9: 09-12-2022 01:00 | B9: 73.54 | C9: 65.41 | D9: 95.07 | E9: 6.71 | F9: 0.99 | G9: 146.86 | H9: 42.42 | I9: 1.1 | J9: 0.32 | K9: 95.67 | L9: 17.34 | M9: 55 | N9: 24.2 | O9: 0 | P9: 2.7 | Q9: 46.6
A10: 09-12-2022 02:00 | B10: 48.64 | C10: 64.48 | D10: 74.59 | E10: 6.26 | F10: 0.82 | G10: 146.86 | H10: 38.89 | I10: 0.87 | J10: 0.65 | K10: 54.88 | L10: 16.84 | M10: 57 | N10: 24.1 | O10: 0 | P10: 2.06 | Q10: 44.03
A11: 09-12-2022 03:00 | B11: 27.88 | C11: 62.96 | D11: 57.11 | E11: 8.58 | F11: 1.04 | G11: Maint. | H11: 34.37 | I11: 0.7 | J11: 1.02 | K11: 16.42 | L11: 16.84 | M11: 57 | N11: 24.4 | O11: 0 | P11: 1.76 | Q11: 42.09
A12: 09-12-2022 04:00 | B12: 18.02 | C12: 60.4 | D12: 47.79 | E12: 7.95 | F12: 1.1 | G12: Maint. | H12: 31.51 | I12: 0.6 | J12: 0.76 | K12: 72.81 | L12: 16.04 | M12: 59 | N12: 24.4 | O12: 0 | P12: 1.42 | Q12: 41.1
A13: 09-12-2022 05:00 | B13: 11.08 | C13: 56.78 | D13: 40.22 | E13: 4.88 | F13: 0.91 | G13: Maint. | H13: 28.01 | I13: 0.53 | J13: 0.72 | K13: 118.95 | L13: 15.44 | M13: 60 | N13: 23.9 | O13: 0 | P13: 1.18 | Q13: 39.8
A14: 09-12-2022 06:00 | B14: 6.98 | C14: 52.76 | D14: 34.72 | E14: 4.78 | F14: 0.75 | G14: 36.94 | H14: 27.19 | I14: 0.47 | J14: 0.7 | K14: 105.76 | L14: 15.32 | M14: 65 | N14: 24.3 | O14: 0 | P14: 1.03 | Q14: 38.63
A15: 09-12-2022 07:00 | B15: 12.52 | C15: 52.96 | D15: 39.27 | E15: 4.96 | F15: 0.8 | G15: 82.31 | H15: 24.76 | I15: 0.45 | J15: 0.68 | K15: 105.32 | L15: 14.67 | M15: 67 | N15: 38.3 | O15: 0 | P15: 0.96 | Q15: 39.57
A16: 09-12-2022 08:00 | B16: 16.82 | C16: 56.78 | D16: 44.82 | E16: 4.85 | F16: 0.82 | G16: 99.06 | H16: 27.43 | I16: 0.43 | J16: 0.61 | K16: 64.43 | L16: 18 | M16: 66 | N16: 208.3 | O16: 0 | P16: 1.01 | Q16: 39.88
A17: 09-12-2022 09:00 | B17: 21.21 | C17: 62.69 | D17: 51.61 | E17: 7.54 | F17: 1.09 | G17: 108.68 | H17: 30.45 | I17: 0.4 | J17: 1.28 | K17: 13.59 | L17: 21.43 | M17: 50 | N17: 344.6 | O17: 0 | P17: 1.05 | Q17: 39.41
A18: 09-12-2022 10:00 | B18: 22.47 | C18: 65.58 | D18: 53.28 | E18: 7.68 | F18: 1.23 | G18: 108.68 | H18: 31 | I18: 0.38 | J18: 1.12 | K18: 77.87 | L18: 23.87 | M18: 44 | N18: 405.3 | O18: 0 | P18: 1.07 | Q18: 38.52
A19: 09-12-2022 11:00 | B19: 19.47 | C19: 64.38 | D19: 50.7 | E19: 10.26 | F19: 5.35 | G19: 69.84 | H19: 31 | I19: 0.39 | J19: 1.18 | K19: 98.61 | L19: 25.6 | M19: 45 | N19: 459.7 | O19: 0 | P19: 1.05 | Q19: 40.01
A20: 09-12-2022 12:00 | B20: 2.05 | C20: 65.12 | D20: 37.5 | E20: 9.07 | F20: 6.18 | G20: 69.84 | H20: 31.52 | I20: 0.36 | J20: 1.58 | K20: 108.14 | L20: 25.38 | M20: 37 | N20: 470.2 | O20: 0 | P20: 1 | Q20: 37.33
A21: 09-12-2022 13:00 | B21: 4.61 | C21: 63.52 | D21: 38.09 | E21: 16.65 | F21: 8.23 | G21: 64.02 | H21: 32.41 | I21: 0.25 | J21: 1.27 | K21: 112.27 | L21: 25.61 | M21: 34 | N21: 482.3 | O21: 0 | P21: 0.85 | Q21: 33.19
A22: 09-12-2022 14:00 | B22: 3.02 | C22: 68.06 | D22: 39.52 | E22: 15.33 | F22: 7.65 | G22: 36.46 | H22: 32.41 | I22: 0.2 | J22: 1.63 | K22: 129.77 | L22: 26.2 | M22: 34 | N22: 438.5 | O22: 0 | P22: 0.76 | Q22: 31.01
A23: 09-12-2022 15:00 | B23: 4 | C23: 65.3 | D23: 39.25 | E23: 12.12 | F23: 9.66 | G23: 72.66 | H23: 31.27 | I23: 0.2 | J23: 1.32 | K23: 118.14 | L23: 27.06 | M23: 33 | N23: 286.5 | O23: 0 | P23: 0.78 | Q23: 33.03
A24: 09-12-2022 16:00 | B24: 3.78 | C24: 73.63 | D24: 43.67 | E24: 7.81 | F24: 6.55 | G24: 72.66 | H24: 29.46 | I24: 0.2 | J24: 1.39 | K24: 121.42 | L24: 25.49 | M24: 33 | N24: 170.8 | O24: 0 | P24: 0.83 | Q24: 32.05
A25: 09-12-2022 17:00 | B25: 3.86 | C25: 65.24 | D25: 39.06 | E25: 6.37 | F25: 3.62 | G25: 58.1 | H25: 26.69 | I25: 0.22 | J25: 0.92 | K25: 112.24 | L25: 24.66 | M25: 33 | N25: 68 | O25: 0 | P25: 0.8 | Q25: 34.24
... A32: 09-12-2022 24:00 | B32: 45.75 | C32: 110.86 | D32: 97.47 | E32: 5.75 | F32: 0.69 | G32: 118 | H32: 43.24 | I32: 1.01 | J32: 0.17 | K32: 46.01 | L32: 19.3 | M32: 55 | N32: 24.7 | O32: 0 | P32: 2.85 | Q32: 45.17
A34: Min | B34: =MIN(B9:B32) -> 2.05 | C34: =MIN(C9:C32) -> 52.76 | D34: =MIN(D9:D32) -> 34.72 | E34: =MIN(E9:E32) -> 4.36 | F34: =MIN(F9:F32) -> 0.69 | G34: =MIN(G9:G32) -> 36.46 | H34: =MIN(H9:H32) -> 24.7 | I34: =MIN(I9:I32) -> 0.2 | ... Q34: =MIN(Q9:Q32) -> 31.01
A35: Max | B35: =MAX(B9:B32) -> 73.54 | C35: =MAX(C9:C32) -> 116.52 | D35: =MAX(D9:D32) -> 113.32 | E35: =MAX(E9:E32) -> 16.65 | F35: =MAX(F9:F32) -> 9.66 | G35: =MAX(G9:G32) -> 207.25 | H35: =MAX(H9:H32) -> 45.41 | I35: =MAX(I9:I32) -> 1.1 | ... Q35: =MAX(Q9:Q32) -> 47.45
A36: Avg | B36: =AVERAGE(B9:B32) -> 24.20125 | C36: =AVERAGE(C9:C32) -> 75.210417 | D36: =AVERAGE(D9:D32) -> 60.789167 | E36: =AVERAGE(E9:E32) -> 7.4391667 | F36: =AVERAGE(F9:F32) -> 2.6541667 | G36: =AVERAGE(G9:G32) -> 101.06429 | H36: =AVERAGE(H9:H32) -> 33.140833 | I36: =AVERAGE(I9:I32) -> 0.5475 | ... Q36: =AVERAGE(Q9:Q32) -> 39.969167
A37: Stdev | B37: =STDEV(B9:B32) -> 21.634821 | C37: =STDEV(C9:C32) -> 21.814144 | D37: =STDEV(D9:D32) -> 26.537315 | E37: =STDEV(E9:E32) -> 3.2719186 | F37: =STDEV(F9:F32) -> 2.891855 | G37: =STDEV(G9:G32) -> 51.339635 | H37: =STDEV(H9:H32) -> 6.5668396 | I37: =STDEV(I9:I32) -> 0.30310351 | ... Q37: =STDEV(Q9:Q32) -> 4.736681
A38: Num | B38: =COUNT(B9:B32) -> 24 | C38: =COUNT(C9:C32) -> 24 | D38: =COUNT(D9:D32) -> 24 | E38: =COUNT(E9:E32) -> 24 | F38: =COUNT(F9:F32) -> 24 | G38: =COUNT(G9:G32)+3 -> 24 | H38: =COUNT(H9:H32) -> 24 | I38: =COUNT(I9:I32) -> 24 | J38: =COUNT(J9:J32) -> 24 | K38: =COUNT(K9:K32) -> 24 | L38: =COUNT(L9:L32) -> 24 | M38: =COUNT(M9:M32) -> 24 | N38: 24 | O38: =COUNT(O9:O32) -> 24 | P38: =COUNT(P9:P32) -> 24 | Q38: =COUNT(Q9:Q32) -> 24
A39: DCR | B39: =IF(B38>=22,">90%",IF(B38<=22,"<90%")) -> >90% | C39: =IF(C38>=22,">90%",IF(C38<=22,"<90%")) -> >90% | D39: =IF(D38>=22,">90%",IF(D38<=22,"<90%")) -> >90% | E39: =IF(E38>=22,">90%",IF(E38<=22,"<90%")) -> >90% | F39: =IF(F38>=22,">90%",IF(F38<=22,"<90%")) -> >90% | G39: =IF(G38>=22,">90%",IF(G38<=22,"<90%")) -> >90% | H39: =IF(H38>=22,">90%",IF(H38<=22,"<90%")) -> >90% | I39: =IF(I38>=22,">90%",IF(I38<=22,"<90%")) -> >90% | ... Q39: =IF(Q38>=22,">90%",IF(Q38<=22,"<90%")) -> >90%
A40: Status | B40: =IF(B38>=22,"OK",IF(B38<=22,"LESS")) -> OK | C40: =IF(C38>=22,"OK",IF(C38<=22,"LESS")) -> OK | D40: =IF(D38>=22,"OK",IF(D38<=22,"LESS")) -> OK | E40: =IF(E38>=22,"OK",IF(E38<=22,"LESS")) -> OK | F40: =IF(F38>=22,"OK",IF(F38<=22,"LESS")) -> OK | G40: =IF(G38>=22,"OK",IF(G38<=22,"LESS")) -> OK | H40: =IF(H38>=22,"OK",IF(H38<=22,"LESS")) -> OK | I40: =IF(I38>=22,"OK",IF(I38<=22,"LESS")) -> OK | ... Q40: =IF(Q38>=22,"OK",IF(Q38<=22,"LESS")) -> OK
A43: Done by | B43: RAHUL
A45: Comment

Sheet 10
A1: Station: | B1: BHATAGAON RAIPUR
A2: Date: | B2: =$A$9 -> 10-12-2022 01:00 | D2: Power Off | G2: Pw.Off | L2: Link Fail | N2: Link F | P2: Maintenance | R2: Maint.
A3: Report Type: | B3: Mean | D3: Calibration | G3: Calib. | L3: Data Fail | N3: Data F | P3: Invalid | R3: Invalid
A4: Time Base: | B4: 01 Hour | D4: Zero Referrence | G4: Z.Ref | L4: Warm Up | N4: Wm. Up
A7: Date & Time | B7: NO_BHATAGAON | C7: NO2_BHATAGAON | D7: NOX_BHATAGAON | E7: SO2_BHATAGAON | F7: O3_BHATAGAON | G7: PM10_BHATAGAON | H7: PM2_5_BHATAGAON | I7: BENZ_BHATAGAON | J7: WS_BHATAGAON | K7: WD_BHATAGAON | L7: TEMP_BHATAGAON | M7: HUM BHATAGAON | N7: SR_BHATAGAON | O7: RG_BHATAGAON | P7: CO_BHATAGAON | Q7: NH3_BHATAGAON
B8: ug/m3 | C8: ug/m3 | D8: ug/m3 | E8: ug/m3 | F8: ug/m3 | G8: mg/m3 | H8: ug/m3 | I8: ug/m3 | J8: m/sec | K8: deg | L8: degreC | M8: % | N8: w/m2 | O8: mm | P8: ug/m3 | Q8: ug/m3
A9: 10-12-2022 01:00 | B9: 41.06 | C9: 105.12 | D9: 90.94 | E9: 4.72 | F9: 0.8 | G9: 118 | H9: 41.45 | I9: 1 | J9: 0.24 | K9: 120.48 | L9: 19.1 | M9: 60 | N9: 24.7 | O9: 0 | P9: 2.68 | Q9: 45.03
A10: 10-12-2022 02:00 | B10: 26.15 | C10: 93.72 | D10: 72.69 | E10: 4.26 | F10: 1.16 | G10: 74.78 | H10: 40.25 | I10: 0.92 | J10: 0.19 | K10: 85.45 | L10: 19.17 | M10: 53 | N10: 24.6 | O10: 0 | P10: 2.12 | Q10: 44.76
A11: 10-12-2022 03:00 | B11: 12.15 | C11: 83.87 | D11: 56.03 | E11: 4.07 | F11: 1.12 | G11: 62.15 | H11: 37.61 | I11: 0.73 | J11: 0.11 | K11: 294.3 | L11: 19 | M11: 58 | N11: 25 | O11: 0 | P11: 1.81 | Q11: 42.69
A12: 10-12-2022 04:00 | B12: 7.6 | C12: 75.34 | D12: 47.67 | E12: 3.98 | F12: 0.91 | G12: 67.6 | H12: 33.73 | I12: 0.61 | J12: 0.41 | K12: 356.7 | L12: 18.14 | M12: 60 | N12: 24.9 | O12: 0 | P12: 1.53 | Q12: 41.2
A13: 10-12-2022 05:00 | B13: 6.63 | C13: 68.99 | D13: 43.03 | E13: 4.89 | F13: 1.23 | G13: 79.65 | H13: 32.86 | I13: 0.57 | J13: 0.74 | K13: 350.04 | L13: 17.98 | M13: 63 | N13: 24.8 | O13: 0 | P13: 1.35 | Q13: 42
A14: 10-12-2022 06:00 | B14: 10.65 | C14: 71.78 | D14: 48.15 | E14: 5.24 | F14: 0.82 | G14: 118.07 | H14: 36.62 | I14: 0.51 | J14: 0.84 | K14: 15.06 | L14: 18.1 | M14: 61 | N14: 24.8 | O14: 0 | P14: 1.4 | Q14: 41.28
A15: 10-12-2022 07:00 | B15: 11.37 | C15: 72.03 | D15: 48.6 | E15: 5.28 | F15: 1.54 | G15: 118.07 | H15: 36.62 | I15: 0.46 | J15: 1.17 | K15: 15.99 | L15: 17.85 | M15: 61 | N15: 32.6 | O15: 0 | P15: 1.4 | Q15: 40.08
A16: 10-12-2022 08:00 | B16: 15.81 | C16: 74.1 | D16: 53.57 | E16: 6.05 | F16: 1.3 | G16: 106.46 | H16: 36.59 | I16: 0.44 | J16: 0.72 | K16: 79.22 | L16: 18.52 | M16: 61 | N16: 81.6 | O16: 0 | P16: 1.35 | Q16: 40.3
A17: 10-12-2022 09:00 | B17: 16.04 | C17: 75.96 | D17: 53.94 | E17: 5.42 | F17: 1.01 | G17: 106.46 | H17: 36.08 | I17: 0.45 | J17: 0.9 | K17: 96.14 | L17: 20.23 | M17: 58 | N17: 146.4 | O17: 0 | P17: 1.34 | Q17: 41.19
A18: 10-12-2022 10:00 | B18: 13.73 | C18: 76.52 | D18: 53.25 | E18: 5.38 | F18: 1.34 | G18: 94.09 | H18: 33.99 | I18: 0.44 | J18: 0.95 | K18: 93.28 | L18: 21.4 | M18: 53 | N18: 155.7 | O18: 0 | P18: 1.32 | Q18: 40.52
A19: 10-12-2022 11:00 | B19: 9.74 | C19: 74.82 | D19: 49.1 | E19: 6.5 | F19: 2.25 | G19: 86.7 | H19: 33.57 | I19: 0.42 | J19: 0.96 | K19: 91.65 | L19: 24.36 | M19: 50 | N19: 237.1 | O19: 0 | P19: 1.32 | Q19: 40.55
A20: 10-12-2022 12:00 | B20: 11.6 | C20: 79.95 | D20: 51.35 | E20: 7.18 | F20: 3.44 | G20: 79.77 | H20: 31.84 | I20: 0.43 | J20: 1.21 | K20: 67.25 | L20: 25.59 | M20: 42 | N20: 223.8 | O20: 0 | P20: 1.33 | Q20: 41.37
... A32: 10-12-2022 24:00 | B32: 9.81 | C32: 80.87 | D32: 52.5 | E32: 6.29 | F32: 0.76 | G32: 103.55 | H32: 36.17 | I32: 0.52 | J32: 1 | K32: 115.33 | L32: 21.17 | M32: 54 | N32: 25 | O32: 0 | P32: 1.66 | Q32: 44.46
A34: Min | B34: =MIN(B9:B32) -> 3.83 | C34: =MIN(C9:C32) -> 67.28 | D34: =MIN(D9:D32) -> 40.31 | E34: =MIN(E9:E32) -> 3.98 | F34: =MIN(F9:F32) -> 0.76 | G34: =MIN(G9:G32) -> 52.95 | H34: =MIN(H9:H32) -> 28.48 | I34: =MIN(I9:I32) -> 0.36 | ... Q34: =MIN(Q9:Q32) -> 40.08
A35: Max | B35: =MAX(B9:B32) -> 41.06 | C35: =MAX(C9:C32) -> 105.12 | D35: =MAX(D9:D32) -> 90.94 | E35: =MAX(E9:E32) -> 8.1 | F35: =MAX(F9:F32) -> 3.91 | G35: =MAX(G9:G32) -> 118.07 | H35: =MAX(H9:H32) -> 41.45 | I35: =MAX(I9:I32) -> 1 | ... Q35: =MAX(Q9:Q32) -> 45.57
A36: Avg | B36: =AVERAGE(B9:B32) -> 11.854583 | C36: =AVERAGE(C9:C32) -> 79.2075 | D36: =AVERAGE(D9:D32) -> 53.015 | E36: =AVERAGE(E9:E32) -> 5.7808333 | F36: =AVERAGE(F9:F32) -> 1.735 | G36: =AVERAGE(G9:G32) -> 86.425 | H36: =AVERAGE(H9:H32) -> 33.965 | I36: =AVERAGE(I9:I32) -> 0.51166667 | ... Q36: =AVERAGE(Q9:Q32) -> 42.475
A37: Stdev | B37: =STDEV(B9:B32) -> 7.9958467 | C37: =STDEV(C9:C32) -> 9.3122417 | D37: =STDEV(D9:D32) -> 10.982764 | E37: =STDEV(E9:E32) -> 1.162093 | F37: =STDEV(F9:F32) -> 1.0327675 | G37: =STDEV(G9:G32) -> 20.140684 | H37: =STDEV(H9:H32) -> 3.3895248 | I37: =STDEV(I9:I32) -> 0.1629795 | ... Q37: =STDEV(Q9:Q32) -> 1.7878381
A38: Num | B38: =COUNT(B9:B32) -> 24 | C38: =COUNT(C9:C32) -> 24 | D38: =COUNT(D9:D32) -> 24 | E38: =COUNT(E9:E32) -> 24 | F38: =COUNT(F9:F32) -> 24 | G38: =COUNT(G9:G32) -> 24 | H38: 24 | I38: =COUNT(I9:I32) -> 24 | J38: =COUNT(J9:J32) -> 24 | K38: =COUNT(K9:K32) -> 24 | L38: =COUNT(L9:L32) -> 24 | M38: =COUNT(M9:M32) -> 24 | N38: =COUNT(N9:N32) -> 24 | O38: =COUNT(O9:O32) -> 24 | P38: =COUNT(P9:P32) -> 24 | Q38: =COUNT(Q9:Q32) -> 24
A39: DCR | B39: =IF(B38>=22,">90%",IF(B38<=22,"<90%")) -> >90% | C39: =IF(C38>=22,">90%",IF(C38<=22,"<90%")) -> >90% | D39: =IF(D38>=22,">90%",IF(D38<=22,"<90%")) -> >90% | E39: =IF(E38>=22,">90%",IF(E38<=22,"<90%")) -> >90% | F39: =IF(F38>=22,">90%",IF(F38<=22,"<90%")) -> >90% | G39: =IF(G38>=22,">90%",IF(G38<=22,"<90%")) -> >90% | H39: =IF(H38>=22,">90%",IF(H38<=22,"<90%")) -> >90% | I39: =IF(I38>=22,">90%",IF(I38<=22,"<90%")) -> >90% | ... Q39: =IF(Q38>=22,">90%",IF(Q38<=22,"<90%")) -> >90%
A40: Status | B40: =IF(B38>=22,"OK",IF(B38<=22,"LESS")) -> OK | C40: =IF(C38>=22,"OK",IF(C38<=22,"LESS")) -> OK | D40: =IF(D38>=22,"OK",IF(D38<=22,"LESS")) -> OK | E40: =IF(E38>=22,"OK",IF(E38<=22,"LESS")) -> OK | F40: =IF(F38>=22,"OK",IF(F38<=22,"LESS")) -> OK | G40: =IF(G38>=22,"OK",IF(G38<=22,"LESS")) -> OK | H40: =IF(H38>=22,"OK",IF(H38<=22,"LESS")) -> OK | I40: =IF(I38>=22,"OK",IF(I38<=22,"LESS")) -> OK | ... Q40: =IF(Q38>=22,"OK",IF(Q38<=22,"LESS")) -> OK
A43: Done by | B43: RAHUL
A45: Comment

Sheet 11
A1: Station: | B1: BHATAGAON RAIPUR
A2: Date: | B2: =$A$9 -> 11-12-2022 01:00 | D2: Power Off | G2: Pw.Off | L2: Link Fail | N2: Link F | P2: Maintenance | R2: Maint.
A3: Report Type: | B3: Mean | D3: Calibration | G3: Calib. | L3: Data Fail | N3: Data F | P3: Invalid | R3: Invalid
A4: Time Base: | B4: 01 Hour | D4: Zero Referrence | G4: Z.Ref | L4: Warm Up | N4: Wm. Up
A7: Date & Time | B7: NO_BHATAGAON | C7: NO2_BHATAGAON | D7: NOX_BHATAGAON | E7: SO2_BHATAGAON | F7: O3_BHATAGAON | G7: PM10_BHATAGAON | H7: PM2_5_BHATAGAON | I7: BENZ_BHATAGAON | J7: WS_BHATAGAON | K7: WD_BHATAGAON | L7: TEMP_BHATAGAON | M7: HUM BHATAGAON | N7: SR_BHATAGAON | O7: RG_BHATAGAON | P7: CO_BHATAGAON | Q7: NH3_BHATAGAON
B8: ug/m3 | C8: ug/m3 | D8: ug/m3 | E8: ug/m3 | F8: ug/m3 | G8: mg/m3 | H8: ug/m3 | I8: ug/m3 | J8: m/sec | K8: deg | L8: degreC | M8: % | N8: w/m2 | O8: mm | P8: ug/m3 | Q8: ug/m3
A9: 11-12-2022 01:00 | B9: 6.01 | C9: 74.75 | D9: 46.08 | E9: 6.5 | F9: 1.05 | G9: 78.16 | H9: 32.14 | I9: 0.46 | J9: 0.96 | K9: 187.1 | L9: 21.15 | M9: 52 | N9: 25 | O9: 0 | P9: 1.51 | Q9: 42.56
A10: 11-12-2022 02:00 | B10: 5.71 | C10: 69.02 | D10: 42.39 | E10: 6.87 | F10: 0.7 | G10: 69.52 | H10: 32.14 | I10: 0.46 | J10: 0.15 | K10: 315.4 | L10: 20.73 | M10: 58 | N10: 25.3 | O10: 0 | P10: 1.34 | Q10: 43.65
A11: 11-12-2022 03:00 | B11: 6.12 | C11: 66.7 | D11: 41.64 | E11: 6.36 | F11: 0.74 | G11: 60.09 | H11: 29.22 | I11: 0.47 | J11: 0.23 | K11: 357.05 | L11: 20.34 | M11: 57 | N11: 25 | O11: 0 | P11: 1.24 | Q11: 43.87
A12: 11-12-2022 04:00 | B12: 5.31 | C12: 64.95 | D12: 40.07 | E12: 6.47 | F12: 0.84 | G12: 60.09 | H12: 30.3 | I12: 0.43 | J12: 0.47 | K12: 104.28 | L12: 20.4 | M12: 58 | N12: 25.2 | O12: 0 | P12: 1.12 | Q12: 42.27
A13: 11-12-2022 05:00 | B13: 6.55 | C13: 63.97 | D13: 40.56 | E13: 5.66 | F13: 0.74 | G13: 54.48 | H13: 30.3 | I13: 0.43 | J13: 0.64 | K13: 359.78 | L13: 20.37 | M13: 58 | N13: 25.2 | O13: 0 | P13: 1.06 | Q13: 42.01
A14: 11-12-2022 06:00 | B14: 10.8 | C14: 67.68 | D14: 46.01 | E14: 5.69 | F14: 0.7 | G14: 60.58 | H14: 29.57 | I14: 0.44 | J14: 0.64 | K14: 358.25 | L14: 20.26 | M14: 62 | N14: 25.4 | O14: 0 | P14: 1.08 | Q14: 43.48
A15: 11-12-2022 07:00 | B15: 19.97 | C15: 74.91 | D15: 57.36 | E15: 5.9 | F15: 0.59 | G15: 83.44 | H15: 36.21 | I15: 0.43 | J15: 0.75 | K15: 359.35 | L15: 20.13 | M15: 65 | N15: 32 | O15: 0 | P15: 1.4 | Q15: 42.97
A16: 11-12-2022 08:00 | B16: 24.83 | C16: 78.92 | D16: 63.47 | E16: 6 | F16: 0.66 | G16: 105.27 | H16: 43.09 | I16: 0.42 | J16: 0.87 | K16: 2.78 | L16: 20.64 | M16: 64 | N16: 58.6 | O16: 0 | P16: 1.67 | Q16: 42.15
A17: 11-12-2022 09:00 | B17: 26.03 | C17: 79.29 | D17: 64.57 | E17: 5.43 | F17: 0.61 | G17: 105.27 | H17: 43.09 | I17: 0.46 | J17: 0.95 | K17: 91.99 | L17: 21.18 | M17: 62 | N17: 126.6 | O17: 0 | P17: 1.71 | Q17: 42.35
A18: 11-12-2022 10:00 | B18: 23.86 | C18: 77.94 | D18: 61.91 | E18: 5.55 | F18: 0.77 | G18: 101.59 | H18: 39.39 | I18: 0.48 | J18: 0.63 | K18: 85.67 | L18: 23.22 | M18: 60 | N18: 168.8 | O18: 0 | P18: 1.67 | Q18: 43.47
A19: 11-12-2022 11:00 | B19: 15.57 | C19: 78.61 | D19: 55.69 | E19: 5.31 | F19: 1.21 | G19: 95.67 | H19: 35.65 | I19: 0.45 | J19: 1.08 | K19: 103.5 | L19: 25.02 | M19: 58 | N19: 233.7 | O19: 0 | P19: 1.62 | Q19: 42.61
A20: 11-12-2022 12:00 | B20: 9.51 | C20: 76.62 | D20: 49.91 | E20: 5.93 | F20: 2.62 | G20: 85.11 | H20: 35.65 | I20: 0.43 | J20: 1.36 | K20: 112.63 | L20: 27.49 | M20: 57 | N20: 318.7 | O20: 0 | P20: 1.51 | Q20: 42.65
... A32: 11-12-2022 24:00 | B32: 33.84 | C32: 87.49 | D32: 74.82 | E32: 7.38 | F32: 0.6 | G32: 85.95 | H32: 33.15 | I32: 0.68 | J32: 0.37 | K32: 73.84 | L32: 23.13 | M32: 55 | N32: 25 | O32: 0 | P32: 2.18 | Q32: 50.49
A34: Min | B34: =MIN(B9:B32) -> 3.75 | C34: =MIN(C9:C32) -> 63.97 | D34: =MIN(D9:D32) -> 40.07 | E34: =MIN(E9:E32) -> 5.31 | F34: =MIN(F9:F32) -> 0.56 | G34: =MIN(G9:G32) -> 54.48 | H34: =MIN(H9:H32) -> 29.22 | I34: =MIN(I9:I32) -> 0.4 | ... Q34: =MIN(Q9:Q32) -> 42.01
A35: Max | B35: =MAX(B9:B32) -> 33.84 | C35: =MAX(C9:C32) -> 99.52 | D35: =MAX(D9:D32) -> 75.55 | E35: =MAX(E9:E32) -> 11.92 | F35: =MAX(F9:F32) -> 6.02 | G35: =MAX(G9:G32) -> 156.43 | H35: =MAX(H9:H32) -> 46.83 | I35: =MAX(I9:I32) -> 0.68 | ... Q35: =MAX(Q9:Q32) -> 50.49
A36: Avg | B36: =AVERAGE(B9:B32) -> 13.767917 | C36: =AVERAGE(C9:C32) -> 83.170417 | D36: =AVERAGE(D9:D32) -> 56.587083 | E36: =AVERAGE(E9:E32) -> 6.9833333 | F36: =AVERAGE(F9:F32) -> 1.6529167 | G36: =AVERAGE(G9:G32) -> 94.656667 | H36: =AVERAGE(H9:H32) -> 38.170833 | I36: =AVERAGE(I9:I32) -> 0.47875 | ... Q36: =AVERAGE(Q9:Q32) -> 44.174167
A37: Stdev | B37: =STDEV(B9:B32) -> 9.8302085 | C37: =STDEV(C9:C32) -> 12.006323 | D37: =STDEV(D9:D32) -> 10.577913 | E37: =STDEV(E9:E32) -> 1.6274591 | F37: =STDEV(F9:F32) -> 1.5144334 | G37: =STDEV(G9:G32) -> 27.779775 | H37: =STDEV(H9:H32) -> 6.1695782 | I37: =STDEV(I9:I32) -> 0.084148549 | ... Q37: =STDEV(Q9:Q32) -> 2.2333576
A38: Num | B38: =COUNT(B9:B32) -> 24 | C38: =COUNT(C9:C32) -> 24 | D38: =COUNT(D9:D32) -> 24 | E38: =COUNT(E9:E32) -> 24 | F38: =COUNT(F9:F32) -> 24 | G38: =COUNT(G9:G32) -> 24 | H38: =COUNT(H9:H32) -> 24 | I38: =COUNT(I9:I32) -> 24 | ... M38: =COUNT(M9:M32) -> 24 | N38: 24 | O38: =COUNT(O9:O32) -> 24 | P38: =COUNT(P9:P32) -> 24 | Q38: =COUNT(Q9:Q32) -> 24
A39: DCR | B39: =IF(B38>=22,">90%",IF(B38<=22,"<90%")) -> >90% | C39: =IF(C38>=22,">90%",IF(C38<=22,"<90%")) -> >90% | D39: =IF(D38>=22,">90%",IF(D38<=22,"<90%")) -> >90% | E39: =IF(E38>=22,">90%",IF(E38<=22,"<90%")) -> >90% | F39: =IF(F38>=22,">90%",IF(F38<=22,"<90%")) -> >90% | G39: =IF(G38>=22,">90%",IF(G38<=22,"<90%")) -> >90% | H39: =IF(H38>=22,">90%",IF(H38<=22,"<90%")) -> >90% | I39: =IF(I38>=22,">90%",IF(I38<=22,"<90%")) -> >90% | ... Q39: =IF(Q38>=22,">90%",IF(Q38<=22,"<90%")) -> >90%
A40: Status | B40: =IF(B38>=22,"OK",IF(B38<=22,"LESS")) -> OK | C40: =IF(C38>=22,"OK",IF(C38<=22,"LESS")) -> OK | D40: =IF(D38>=22,"OK",IF(D38<=22,"LESS")) -> OK | E40: =IF(E38>=22,"OK",IF(E38<=22,"LESS")) -> OK | F40: =IF(F38>=22,"OK",IF(F38<=22,"LESS")) -> OK | G40: =IF(G38>=22,"OK",IF(G38<=22,"LESS")) -> OK | H40: =IF(H38>=22,"OK",IF(H38<=22,"LESS")) -> OK | I40: =IF(I38>=22,"OK",IF(I38<=22,"LESS")) -> OK | ... Q40: =IF(Q38>=22,"OK",IF(Q38<=22,"LESS")) -> OK
A43: Done by | B43: RAHUL
A45: Comment

Sheet 12
A1: Station: | B1: BHATAGAON RAIPUR
A2: Date: | B2: =$A$9 -> 12-12-2022 01:00 | D2: Power Off | G2: Pw.Off | L2: Link Fail | N2: Link F | P2: Maintenance | R2: Maint.
A3: Report Type: | B3: Mean | D3: Calibration | G3: Calib. | L3: Data Fail | N3: Data F | P3: Invalid | R3: Invalid
A4: Time Base: | B4: 01 Hour | D4: Zero Referrence | G4: Z.Ref | L4: Warm Up | N4: Wm. Up
A7: Date & Time | B7: NO_BHATAGAON | C7: NO2_BHATAGAON | D7: NOX_BHATAGAON | E7: SO2_BHATAGAON | F7: O3_BHATAGAON | G7: PM10_BHATAGAON | H7: PM2_5_BHATAGAON | I7: BENZ_BHATAGAON | J7: WS_BHATAGAON | K7: WD_BHATAGAON | L7: TEMP_BHATAGAON | M7: HUM BHATAGAON | N7: SR_BHATAGAON | O7: RG_BHATAGAON | P7: CO_BHATAGAON | Q7: NH3_BHATAGAON
B8: ug/m3 | C8: ug/m3 | D8: ug/m3 | E8: ug/m3 | F8: ug/m3 | G8: mg/m3 | H8: ug/m3 | I8: ug/m3 | J8: m/sec | K8: deg | L8: degreC | M8: % | N8: w/m2 | O8: mm | P8: ug/m3 | Q8: ug/m3
A9: 12-12-2022 01:00 | B9: 31.35 | C9: 86.16 | D9: 72.69 | E9: 5.9 | F9: 0.5 | G9: 79.11 | H9: 31.34 | I9: 0.63 | J9: 0.27 | K9: 349.3 | L9: 22.31 | M9: 61 | N9: 24.9 | O9: 0 | P9: 1.88 | Q9: 49.14
A10: 12-12-2022 02:00 | B10: 25.52 | C10: 82.84 | D10: 66.18 | E10: 5.35 | F10: 0.58 | G10: 79.11 | H10: 30.6 | I10: 0.53 | J10: 0.12 | K10: 313.71 | L10: 21 | M10: 69 | N10: 25 | O10: 0 | P10: 1.6 | Q10: 46.67
A11: 12-12-2022 03:00 | B11: 24.66 | C11: 78.98 | D11: 63.36 | E11: 5.37 | F11: 0.64 | G11: 66.39 | H11: 29.76 | I11: 0.55 | J11: 0.26 | K11: 344.79 | L11: 20.47 | M11: 68 | N11: 24.6 | O11: 0 | P11: 1.52 | Q11: 47.93
A12: 12-12-2022 04:00 | B12: 21.83 | C12: 74.93 | D12: 58.85 | E12: 5.22 | F12: 0.56 | G12: 80.77 | H12: 29.76 | I12: 0.54 | J12: 0.15 | K12: 99.51 | L12: 19.88 | M12: 73 | N12: 24.6 | O12: 0 | P12: 1.38 | Q12: 48.27
A13: 12-12-2022 05:00 | B13: 23.12 | C13: 76.75 | D13: 60.9 | E13: 5.8 | F13: 0.59 | G13: 94.68 | H13: 30.65 | I13: 0.49 | J13: 0.19 | K13: 91.47 | L13: 20.18 | M13: 69 | N13: 24.6 | O13: 0 | P13: 1.31 | Q13: 46.1
A14: 12-12-2022 06:00 | B14: 22.5 | C14: 75.24 | D14: 59.57 | E14: 6.01 | F14: 0.51 | G14: 94.68 | H14: 31.95 | I14: 0.5 | J14: 0.62 | K14: 108.47 | L14: 20.65 | M14: 67 | N14: 24.8 | O14: 0 | P14: 1.28 | Q14: 45.62
A15: 12-12-2022 07:00 | B15: 22.19 | C15: 73.27 | D15: 58.09 | E15: 6.24 | F15: 0.53 | G15: 74.83 | H15: 31.95 | I15: 0.5 | J15: 0.23 | K15: 65.5 | L15: 20.77 | M15: 67 | N15: 37.4 | O15: 0 | P15: 1.22 | Q15: 47.26
A16: 12-12-2022 08:00 | B16: 30.29 | C16: 79.33 | D16: 68.07 | E16: 6.07 | F16: 0.59 | G16: 84.72 | H16: 32.72 | I16: 0.5 | J16: 0.78 | K16: 21.78 | L16: 22.17 | M16: 66 | N16: 76.5 | O16: 0 | P16: 1.4 | Q16: 46.27
A17: 12-12-2022 09:00 | B17: 33.71 | C17: 83.57 | D17: 73.15 | E17: 6.2 | F17: 0.7 | G17: 93.93 | H17: 34.68 | I17: 0.5 | J17: 0.48 | K17: 355.31 | L17: 23.32 | M17: 64 | N17: 119.5 | O17: 0 | P17: 1.52 | Q17: 45.2
A18: 12-12-2022 10:00 | B18: 32.96 | C18: 85.28 | D18: 72.68 | E18: 7.4 | F18: 1.61 | G18: 97.59 | H18: 35.59 | I18: 0.55 | J18: 0.7 | K18: 354.66 | L18: 25.52 | M18: 58 | N18: 222.4 | O18: 0 | P18: 1.61 | Q18: 47.11
A19: 12-12-2022 11:00 | B19: 26.53 | C19: 87.93 | D19: 68.09 | E19: 6.41 | F19: 1.05 | G19: 97.59 | H19: 35.59 | I19: 0.56 | J19: 0.54 | K19: 104.64 | L19: 27.16 | M19: 58 | N19: 222.6 | O19: 0 | P19: 1.62 | Q19: 48.54
A20: 12-12-2022 12:00 | B20: 9.55 | C20: 85.13 | D20: 54.64 | E20: Invalid | F20: Invalid | G20: 89.15 | H20: 35.12 | I20: 0.53 | J20: 0.79 | K20: 354.76 | L20: 30.97 | M20: 52 | N20: 341.2 | O20: 0 | P20: 1.69 | Q20: 42.65
A21: 12-12-2022 13:00 | B21: 5.64 | C21: 75.31 | D21: 44.04 | E21: 10.9 | F21: 12.8 | G21: 89.15 | H21: 35.12 | I21: 0.43 | J21: 1.14 | K21: 352.81 | L21: 34.04 | M21: 45 | N21: 492.2 | O21: 0 | P21: 1.62 | Q21: 37.46
A22: 12-12-2022 14:00 | B22: 5.41 | C22: 76.42 | D22: 44.95 | E22: 6.2 | F22: 8.48 | G22: 78.24 | H22: 32.62 | I22: 0.43 | J22: 1.38 | K22: 355.48 | L22: 33.93 | M22: 42 | N22: 377.1 | O22: 0 | P22: 1.52 | Q22: 38.3
A23: 12-12-2022 15:00 | B23: 4.12 | C23: 77.85 | D23: 45.69 | E23: 13.72 | F23: 12.11 | G23: 76.2 | H23: 32.62 | I23: 0.39 | J23: 1.33 | K23: 358.73 | L23: 33.2 | M23: 42 | N23: 284.2 | O23: 0 | P23: 1.47 | Q23: 35.85
A24: 12-12-2022 16:00 | B24: 6.75 | C24: 79.41 | D24: 48.96 | E24: 21.59 | F24: 11.17 | G24: 79.78 | H24: 31.51 | I24: 0.31 | J24: 0.89 | K24: 33.15 | L24: 30.8 | M24: 47 | N24: 142 | O24: 0 | P24: 1.6 | Q24: 36.22
A25: 12-12-2022 17:00 | B25: 15.36 | C25: 97.34 | D25: 66.04 | E25: 35.69 | F25: 10.3 | G25: 79.78 | H25: 31.51 | I25: 0.38 | J25: 0.45 | K25: 357.74 | L25: 29.15 | M25: 58 | N25: 65.9 | O25: 0 | P25: 2.08 | Q25: 38.66
A26: 12-12-2022 18:00 | B26: 18.74 | C26: 103.15 | D26: 71.09 | E26: 20.1 | F26: 3.74 | G26: 79.02 | H26: 29.98 | I26: 0.54 | J26: 0.38 | K26: 358.79 | L26: 27.36 | M26: 60 | N26: 28.9 | O26: 0 | P26: 2.37 | Q26: 43.08
A27: 12-12-2022 19:00 | B27: 32.27 | C27: 110.27 | D27: 86.73 | E27: 7.27 | F27: 0.67 | G27: 149.55 | H27: 36.23 | I27: 0.72 | J27: 0.41 | K27: 74.13 | L27: 26.65 | M27: 58 | N27: 24.9 | O27: 0 | P27: 3.07 | Q27: 44.12
A28: 12-12-2022 20:00 | B28: 35.4 | C28: 105.88 | D28: 86.34 | E28: 9.14 | F28: 1.36 | G28: 149.55 | H28: 36.23 | I28: 0.82 | J28: 0.61 | K28: 181.14 | L28: 26.1 | M28: 57 | N28: 25 | O28: 0 | P28: 3.17 | Q28: 46.94
A29: 12-12-2022 21:00 | B29: 37.81 | C29: 103.8 | D29: 85.65 | E29: 7.16 | F29: 0.92 | G29: 122.67 | H29: 37.18 | I29: 0.87 | J29: 0.22 | K29: 304.51 | L29: 25.65 | M29: 66 | N29: 25.2 | O29: 0 | P29: 3.15 | Q29: 50.47
A30: 12-12-2022 22:00 | B30: 56.14 | C30: 107.11 | D30: 104.13 | E30: 6.05 | F30: 0.67 | G30: 163.28 | H30: 37.98 | I30: 0.98 | J30: 0.24 | K30: 347.46 | L30: 24.53 | M30: 71 | N30: 25 | O30: 0 | P30: 3.56 | Q30: 51.72
A31: 12-12-2022 23:00 | B31: 69.97 | C31: 108.21 | D31: 115.16 | E31: 6.03 | F31: 0.73 | G31: 168.64 | H31: 39.79 | I31: 1.15 | J31: 0.15 | K31: 343.68 | L31: 24.22 | M31: 73 | N31: 25 | O31: 0 | P31: 3.86 | Q31: 53.1
A32: 12-12-2022 24:00 | B32: 67.98 | C32: 108.49 | D32: 113.91 | E32: 6.5 | F32: 0.68 | G32: 168.64 | H32: 39.79 | I32: 1.21 | J32: 0.17 | K32: 178.57 | L32: 25.01 | M32: 61 | N32: 24.9 | O32: 0 | P32: 3.83 | Q32: 55.23
A34: Min | B34: =MIN(B9:B32) -> 4.12 | C34: =MIN(C9:C32) -> 73.27 | D34: =MIN(D9:D32) -> 44.04 | E34: =MIN(E9:E32) -> 5.22 | F34: =MIN(F9:F32) -> 0.5 | G34: =MIN(G9:G32) -> 66.39 | H34: =MIN(H9:H32) -> 29.76 | I34: =MIN(I9:I32) -> 0.31 | ... Q34: =MIN(Q9:Q32) -> 35.85
A35: Max | B35: =MAX(B9:B32) -> 69.97 | C35: =MAX(C9:C32) -> 110.27 | D35: =MAX(D9:D32) -> 115.16 | E35: =MAX(E9:E32) -> 35.69 | F35: =MAX(F9:F32) -> 12.8 | G35: =MAX(G9:G32) -> 168.64 | H35: =MAX(H9:H32) -> 39.79 | I35: =MAX(I9:I32) -> 1.21 | ... Q35: =MAX(Q9:Q32) -> 55.23
A36: Avg | B36: =AVERAGE(B9:B32) -> 27.491667 | C36: =AVERAGE(C9:C32) -> 88.44375 | D36: =AVERAGE(D9:D32) -> 70.373333 | E36: =AVERAGE(E9:E32) -> 9.4052174 | F36: =AVERAGE(F9:F32) -> 3.1082609 | G36: =AVERAGE(G9:G32) -> 101.54375 | H36: =AVERAGE(H9:H32) -> 33.76125 | I36: =AVERAGE(I9:I32) -> 0.60875 | ... Q36: =AVERAGE(Q9:Q32) -> 45.49625
A37: Stdev | B37: =STDEV(B9:B32) -> 17.633726 | C37: =STDEV(C9:C32) -> 13.091189 | D37: =STDEV(D9:D32) -> 19.843824 | E37: =STDEV(E9:E32) -> 7.2522284 | F37: =STDEV(F9:F32) -> 4.3503392 | G37: =STDEV(G9:G32) -> 32.751978 | H37: =STDEV(H9:H32) -> 3.0774938 | I37: =STDEV(I9:I32) -> 0.23441532 | ... Q37: =STDEV(Q9:Q32) -> 5.193942
A38: Num | B38: =COUNT(B9:B32) -> 24 | C38: =COUNT(C9:C32) -> 24 | D38: =COUNT(D9:D32) -> 24 | E38: =COUNT(E9:E32) -> 23 | F38: =COUNT(F9:F32) -> 23 | G38: =COUNT(G9:G32) -> 24 | H38: =COUNT(H9:H32) -> 24 | I38: =COUNT(I9:I32) -> 24 | ... M38: =COUNT(M9:M32) -> 24 | N38: 24 | O38: =COUNT(O9:O32) -> 24 | P38: =COUNT(P9:P32) -> 24 | Q38: =COUNT(Q9:Q32) -> 24
A39: DCR | B39: =IF(B38>=22,">90%",IF(B38<=22,"<90%")) -> >90% | C39: =IF(C38>=22,">90%",IF(C38<=22,"<90%")) -> >90% | D39: =IF(D38>=22,">90%",IF(D38<=22,"<90%")) -> >90% | E39: =IF(E38>=22,">90%",IF(E38<=22,"<90%")) -> >90% | F39: =IF(F38>=22,">90%",IF(F38<=22,"<90%")) -> >90% | G39: =IF(G38>=22,">90%",IF(G38<=22,"<90%")) -> >90% | H39: =IF(H38>=22,">90%",IF(H38<=22,"<90%")) -> >90% | I39: =IF(I38>=22,">90%",IF(I38<=22,"<90%")) -> >90% | ... Q39: =IF(Q38>=22,">90%",IF(Q38<=22,"<90%")) -> >90%
A40: Status | B40: =IF(B38>=22,"OK",IF(B38<=22,"LESS")) -> OK | C40: =IF(C38>=22,"OK",IF(C38<=22,"LESS")) -> OK | D40: =IF(D38>=22,"OK",IF(D38<=22,"LESS")) -> OK | E40: =IF(E38>=22,"OK",IF(E38<=22,"LESS")) -> OK | F40: =IF(F38>=22,"OK",IF(F38<=22,"LESS")) -> OK | G40: =IF(G38>=22,"OK",IF(G38<=22,"LESS")) -> OK | H40: =IF(H38>=22,"OK",IF(H38<=22,"LESS")) -> OK | I40: =IF(I38>=22,"OK",IF(I38<=22,"LESS")) -> OK | ... Q40: =IF(Q38>=22,"OK",IF(Q38<=22,"LESS")) -> OK
A43: Done by | B43: RAHUL
A45: Comment

Sheet 13
A1: Station: | B1: BHATAGAON RAIPUR
A2: Date: | B2: =$A$9 -> 13-12-2022 01:00 | D2: Power Off | G2: Pw.Off | L2: Link Fail | N2: Link F | P2: Maintenance | R2: Maint.
A3: Report Type: | B3: Mean | D3: Calibration | G3: Calib. | L3: Data Fail | N3: Data F | P3: Invalid | R3: Invalid
A4: Time Base: | B4: 01 Hour | D4: Zero Referrence | G4: Z.Ref | L4: Warm Up | N4: Wm. Up
A7: Date & Time | B7: NO_BHATAGAON | C7: NO2_BHATAGAON | D7: NOX_BHATAGAON | E7: SO2_BHATAGAON | F7: O3_BHATAGAON | G7: PM10_BHATAGAON | H7: PM2_5_BHATAGAON | I7: BENZ_BHATAGAON | J7: WS_BHATAGAON | K7: WD_BHATAGAON | L7: TEMP_BHATAGAON | M7: HUM BHATAGAON | N7: SR_BHATAGAON | O7: RG_BHATAGAON | P7: CO_BHATAGAON | Q7: NH3_BHATAGAON
B8: ug/m3 | C8: ug/m3 | D8: ug/m3 | E8: ug/m3 | F8: ug/m3 | G8: mg/m3 | H8: ug/m3 | I8: ug/m3 | J8: m/sec | K8: deg | L8: degreC | M8: % | N8: w/m2 | O8: mm | P8: ug/m3 | Q8: ug/m3
A9: 13-12-2022 01:00 | B9: 62.08 | C9: 98.72 | D9: 103 | E9: 7.02 | F9: 1.11 | G9: 108.5 | H9: 38.55 | I9: 1.21 | J9: 0.39 | K9: 356.5 | L9: 24.92 | M9: 59 | N9: 25.3 | O9: 0 | P9: 3.48 | Q9: 57.08
A10: 13-12-2022 02:00 | B10: 52.84 | C10: 89.36 | D10: 91.62 | E10: 5.52 | F10: 0.64 | G10: 79.84 | H10: 32.47 | I10: 1.13 | J10: 0.47 | K10: 357.53 | L10: 23.3 | M10: 63 | N10: 25.1 | O10: 0 | P10: 2.9 | Q10: 54.77
A11: 13-12-2022 03:00 | B11: 40.1 | C11: 85.7 | D11: 79.46 | E11: 5.82 | F11: 0.54 | G11: 100.64 | H11: 34.15 | I11: 0.95 | J11: 0.65 | K11: 349.4 | L11: 23.15 | M11: 61 | N11: 24.9 | O11: 0 | P11: 2.55 | Q11: 51.9
A12: 13-12-2022 04:00 | B12: 35.45 | C12: 81.04 | D12: 73.15 | E12: 6.09 | F12: 0.43 | G12: 108.69 | H12: 36.85 | I12: 0.86 | J12: 0.48 | K12: 76.14 | L12: 22.85 | M12: 61 | N12: 25 | O12: 0 | P12: 2.32 | Q12: 53.7
A13: 13-12-2022 05:00 | B13: 32.35 | C13: 74.4 | D13: 65.02 | E13: 5.29 | F13: 0.57 | G13: 108.69 | H13: 36.85 | I13: 0.8 | J13: 0.46 | K13: 42.79 | L13: 22.49 | M13: 60 | N13: 25 | O13: 0 | P13: 2.11 | Q13: 54.3
A14: 13-12-2022 06:00 | B14: 28.08 | C14: 73.57 | D14: 63.02 | E14: 5.23 | F14: 0.39 | G14: 86.04 | H14: 34.01 | I14: 0.68 | J14: 0.59 | K14: 59.7 | L14: 22.23 | M14: 62 | N14: 25 | O14: 0 | P14: 1.81 | Q14: 51.4
A15: 13-12-2022 07:00 | B15: 30.35 | C15: 74.13 | D15: 65.12 | E15: 5.44 | F15: 0.55 | G15: 87 | H15: 32.65 | I15: 0.59 | J15: 0.67 | K15: 32.9 | L15: 21.97 | M15: 62 | N15: 38.6 | O15: 0 | P15: 1.64 | Q15: 49.33
A16: 13-12-2022 08:00 | B16: 30.39 | C16: 72.4 | D16: 64.32 | E16: 5.3 | F16: 0.58 | G16: 87 | H16: 30.82 | I16: 0.6 | J16: 0.86 | K16: 109.48 | L16: 23.66 | M16: 59 | N16: 143.5 | O16: 0 | P16: 1.53 | Q16: 51.69
A17: 13-12-2022 09:00 | B17: 32.04 | C17: 79.12 | D17: 69.28 | E17: 5.3 | F17: 0.89 | G17: 85.22 | H17: 29.79 | I17: 0.58 | J17: 0.83 | K17: 100.89 | L17: 26.98 | M17: 49 | N17: 262.2 | O17: 0 | P17: 1.48 | Q17: 51.27
A18: 13-12-2022 10:00 | B18: 35.96 | C18: 86.16 | D18: 74.81 | E18: 8.59 | F18: 2.03 | G18: 85.22 | H18: 31.29 | I18: 0.54 | J18: 1.1 | K18: 66.74 | L18: 30.46 | M18: 41 | N18: 331.6 | O18: 0 | P18: 1.43 | Q18: 48.75
A19: 13-12-2022 11:00 | B19: 33.48 | C19: 87 | D19: 74.33 | E19: 10.56 | F19: 2.12 | G19: 84.59 | H19: 31.29 | I19: 0.47 | J19: 1.2 | K19: 91.66 | L19: 32 | M19: 33 | N19: 378.2 | O19: 0 | P19: 1.39 | Q19: 47
A20: 13-12-2022 12:00 | B20: 33.79 | C20: 89.98 | D20: 76.76 | E20: 8.14 | F20: 1.28 | G20: 70.63 | H20: 30.71 | I20: 0.48 | J20: 1.17 | K20: 31.81 | L20: 34.2 | M20: 29 | N20: 385.2 | O20: 0 | P20: 1.32 | Q20: 48.63
... A32: 13-12-2022 24:00 | B32: 33.76 | C32: 87.27 | D32: 75.24 | E32: 6.96 | F32: 0.78 | G32: 91.12 | H32: 30.6 | I32: 0.65 | J32: 0.38 | K32: 21.14 | L32: 23.73 | M32: 48 | N32: 24.9 | O32: 0 | P32: 2.02 | Q32: 49.4
A34: Min | B34: =MIN(B9:B32) -> 5.62 | C34: =MIN(C9:C32) -> 72.4 | D34: =MIN(D9:D32) -> 54.92 | E34: =MIN(E9:E32) -> 5.23 | F34: =MIN(F9:F32) -> 0.39 | G34: =MIN(G9:G32) -> 63.66 | H34: =MIN(H9:H32) -> 29.79 | I34: =MIN(I9:I32) -> 0.35 | ... Q34: =MIN(Q9:Q32) -> 42.89
A35: Max | B35: =MAX(B9:B32) -> 62.08 | C35: =MAX(C9:C32) -> 98.98 | D35: =MAX(D9:D32) -> 103 | E35: =MAX(E9:E32) -> 41.53 | F35: =MAX(F9:F32) -> 7.53 | G35: =MAX(G9:G32) -> 108.69 | H35: =MAX(H9:H32) -> 38.55 | I35: =MAX(I9:I32) -> 1.21 | ... Q35: =MAX(Q9:Q32) -> 57.08
A36: Avg | B36: =AVERAGE(B9:B32) -> 30.482917 | C36: =AVERAGE(C9:C32) -> 87.976667 | D36: =AVERAGE(D9:D32) -> 72.499583 | E36: =AVERAGE(E9:E32) -> 10.865833 | F36: =AVERAGE(F9:F32) -> 2.2470833 | G36: =AVERAGE(G9:G32) -> 86.7075 | H36: =AVERAGE(H9:H32) -> 32.661667 | I36: =AVERAGE(I9:I32) -> 0.6225 | ... Q36: =AVERAGE(Q9:Q32) -> 49.4575
A37: Stdev | B37: =STDEV(B9:B32) -> 11.584168 | C37: =STDEV(C9:C32) -> 8.2815093 | D37: =STDEV(D9:D32) -> 9.8240249 | E37: =STDEV(E9:E32) -> 8.8531296 | F37: =STDEV(F9:F32) -> 2.1312019 | G37: =STDEV(G9:G32) -> 12.396537 | H37: =STDEV(H9:H32) -> 2.1683768 | I37: =STDEV(I9:I32) -> 0.22969261 | ... Q37: =STDEV(Q9:Q32) -> 3.453344
A38: Num | B38: =COUNT(B9:B32) -> 24 | C38: =COUNT(C9:C32) -> 24 | D38: =COUNT(D9:D32) -> 24 | E38: =COUNT(E9:E32) -> 24 | F38: =COUNT(F9:F32) -> 24 | G38: =COUNT(G9:G32) -> 24 | H38: =COUNT(H9:H32) -> 24 | I38: =COUNT(I9:I32) -> 24 | ... M38: =COUNT(M9:M32) -> 24 | N38: 24 | O38: =COUNT(O9:O32) -> 24 | P38: =COUNT(P9:P32) -> 24 | Q38: =COUNT(Q9:Q32) -> 24
A39: DCR | B39: =IF(B38>=22,">90%",IF(B38<=22,"<90%")) -> >90% | C39: =IF(C38>=22,">90%",IF(C38<=22,"<90%")) -> >90% | D39: =IF(D38>=22,">90%",IF(D38<=22,"<90%")) -> >90% | E39: =IF(E38>=22,">90%",IF(E38<=22,"<90%")) -> >90% | F39: =IF(F38>=22,">90%",IF(F38<=22,"<90%")) -> >90% | G39: =IF(G38>=22,">90%",IF(G38<=22,"<90%")) -> >90% | H39: =IF(H38>=22,">90%",IF(H38<=22,"<90%")) -> >90% | I39: =IF(I38>=22,">90%",IF(I38<=22,"<90%")) -> >90% | ... Q39: =IF(Q38>=22,">90%",IF(Q38<=22,"<90%")) -> >90%
A40: Status | B40: =IF(B38>=22,"OK",IF(B38<=22,"LESS")) -> OK | C40: =IF(C38>=22,"OK",IF(C38<=22,"LESS")) -> OK | D40: =IF(D38>=22,"OK",IF(D38<=22,"LESS")) -> OK | E40: =IF(E38>=22,"OK",IF(E38<=22,"LESS")) -> OK | F40: =IF(F38>=22,"OK",IF(F38<=22,"LESS")) -> OK | G40: =IF(G38>=22,"OK",IF(G38<=22,"LESS")) -> OK | H40: =IF(H38>=22,"OK",IF(H38<=22,"LESS")) -> OK | I40: =IF(I38>=22,"OK",IF(I38<=22,"LESS")) -> OK | ... Q40: =IF(Q38>=22,"OK",IF(Q38<=22,"LESS")) -> OK
A43: Done by | B43: RAHUL
A45: Comment

Sheet 14
A1: Station: | B1: BHATAGAON RAIPUR
A2: Date: | B2: =$A$9 -> 14-12-2022 01:00 | D2: Power Off | G2: Pw.Off | L2: Link Fail | N2: Link F | P2: Maintenance | R2: Maint.
A3: Report Type: | B3: Mean | D3: Calibration | G3: Calib. | L3: Data Fail | N3: Data F | P3: Invalid | R3: Invalid
A4: Time Base: | B4: 01 Hour | D4: Zero Referrence | G4: Z.Ref | L4: Warm Up | N4: Wm. Up
A7: Date & Time | B7: NO_BHATAGAON | C7: NO2_BHATAGAON | D7: NOX_BHATAGAON | E7: SO2_BHATAGAON | F7: O3_BHATAGAON | G7: PM10_BHATAGAON | H7: PM2_5_BHATAGAON | I7: BENZ_BHATAGAON | J7: WS_BHATAGAON | K7: WD_BHATAGAON | L7: TEMP_BHATAGAON | M7: HUM BHATAGAON | N7: SR_BHATAGAON | O7: RG_BHATAGAON | P7: CO_BHATAGAON | Q7: NH3_BHATAGAON
B8: ug/m3 | C8: ug/m3 | D8: ug/m3 | E8: ug/m3 | F8: ug/m3 | G8: mg/m3 | H8: ug/m3 | I8: ug/m3 | J8: m/sec | K8: deg | L8: degreC | M8: % | N8: w/m2 | O8: mm | P8: ug/m3 | Q8: ug/m3
A9: 14-12-2022 01:00 | B9: 31.42 | C9: 83.25 | D9: 71.14 | E9: 6.9 | F9: 2.1 | G9: 83.41 | H9: 29.25 | I9: 0.6 | J9: 0.3 | K9: 71 | L9: 23.54 | M9: 44 | N9: 24.6 | O9: 0 | P9: 1.86 | Q9: 47.88
A10: 14-12-2022 02:00 | B10: 27.27 | C10: 73.4 | D10: 62.37 | E10: 6.48 | F10: 1.49 | G10: 75.63 | H10: 25.74 | I10: 0.6 | J10: 0.45 | K10: 350.34 | L10: 23.35 | M10: 50 | N10: 25.2 | O10: 0 | P10: 1.63 | Q10: 49.65
A11: 14-12-2022 03:00 | B11: 22.17 | C11: 70.36 | D11: 56.61 | E11: 5.55 | F11: 0.66 | G11: 56.24 | H11: 22.72 | I11: 0.56 | J11: 0.26 | K11: 265.09 | L11: 22.23 | M11: 49 | N11: 24.6 | O11: 0 | P11: 1.39 | Q11: 48.85
A12: 14-12-2022 04:00 | B12: 16.58 | C12: 65.77 | D12: 49.59 | E12: 5.21 | F12: 0.68 | G12: 51.88 | H12: 18.51 | I12: 0.48 | J12: 0.19 | K12: 330.63 | L12: 21.26 | M12: 55 | N12: 24.7 | O12: 0 | P12: 1.16 | Q12: 45.96
A13: 14-12-2022 05:00 | B13: 16.28 | C13: 62.54 | D13: 47.57 | E13: 5.08 | F13: 0.59 | G13: 43.69 | H13: 17.89 | I13: 0.47 | J13: 0.24 | K13: 353.43 | L13: 20.79 | M13: 56 | N13: 24.5 | O13: 0 | P13: 1.03 | Q13: 46.25
A14: 14-12-2022 06:00 | B14: 16.13 | C14: 63.94 | D14: 47.95 | E14: 4.91 | F14: 0.75 | G14: 42.49 | H14: 14.17 | I14: 0.48 | J14: 0.2 | K14: 71.64 | L14: 20.85 | M14: 51 | N14: 24.5 | O14: 0 | P14: 0.93 | Q14: 47.62
A15: 14-12-2022 07:00 | B15: 22.63 | C15: 67.53 | D15: 55.41 | E15: 4.83 | F15: 0.78 | G15: 42.06 | H15: 12.27 | I15: 0.45 | J15: 0.27 | K15: 86.92 | L15: 20.62 | M15: 57 | N15: 39.2 | O15: 0 | P15: 0.89 | Q15: 46.23
A16: 14-12-2022 08:00 | B16: 24.97 | C16: 69.74 | D16: 58.52 | E16: 4.97 | F16: 0.99 | G16: 42.58 | H16: 12.32 | I16: 0.45 | J16: 0.61 | K16: 81.2 | L16: 23.97 | M16: 52 | N16: 202.9 | O16: 0 | P16: 0.93 | Q16: 44.64
A17: 14-12-2022 09:00 | B17: 26.98 | C17: 74.68 | D17: 61.39 | E17: 5.95 | F17: 1.62 | G17: 45.37 | H17: 18.78 | I17: 0.47 | J17: 1.01 | K17: 39.74 | L17: 28.92 | M17: 39 | N17: 321.5 | O17: 0 | P17: 0.97 | Q17: 46.16
A18: 14-12-2022 10:00 | B18: 22.56 | C18: 76.79 | D18: 60.03 | E18: 6.04 | F18: 1.54 | G18: 46.1 | H18: 19.89 | I18: 0.46 | J18: 0.99 | K18: 80.05 | L18: 29.67 | M18: 34 | N18: 379.3 | O18: 0 | P18: 0.97 | Q18: 45.24
A19: 14-12-2022 11:00 | B19: 25.64 | C19: 76.74 | D19: 62.23 | E19: 38.23 | F19: 4.13 | G19: 46.1 | H19: 24.29 | I19: 0.42 | J19: 1.05 | K19: 63.63 | L19: 31.82 | M19: 30 | N19: 424.3 | O19: 0 | P19: 0.96 | Q19: 43.9
A20: 14-12-2022 12:00 | B20: 24.1 | C20: 83.64 | D20: 65.48 | E20: 34.04 | F20: 3.78 | G20: 42.48 | H20: 24.29 | I20: 0.34 | J20: 1.47 | K20: 110.62 | L20: 31.4 | M20: 31 | N20: 430.6 | O20: 0 | P20: 0.83 | Q20: 35.98
... A32: 14-12-2022 24:00 | B32: 24.99 | C32: 79.54 | D32: 63.94 | E32: 5.1 | F32: 0.62 | G32: 71.5 | H32: 23.39 | I32: 0.7 | J32: 0.37 | K32: 77.16 | L32: 24.16 | M32: 47 | N32: 24.5 | O32: 0 | P32: 1.89 | Q32: 49.9
A34: Min | B34: =MIN(B9:B32) -> 3.79 | C34: =MIN(C9:C32) -> 61.85 | D34: =MIN(D9:D32) -> 37.14 | E34: =MIN(E9:E32) -> 4.83 | F34: =MIN(F9:F32) -> 0.59 | G34: =MIN(G9:G32) -> 33.77 | H34: =MIN(H9:H32) -> 12.27 | I34: =MIN(I9:I32) -> 0.14 | ... Q34: =MIN(Q9:Q32) -> 27.07
A35: Max | B35: =MAX(B9:B32) -> 31.42 | C35: =MAX(C9:C32) -> 106.33 | D35: =MAX(D9:D32) -> 80.29 | E35: =MAX(E9:E32) -> 38.23 | F35: =MAX(F9:F32) -> 16.18 | G35: =MAX(G9:G32) -> 93.47 | H35: =MAX(H9:H32) -> 29.25 | I35: =MAX(I9:I32) -> 0.7 | ... Q35: =MAX(Q9:Q32) -> 49.9
A36: Avg | B36: =AVERAGE(B9:B32) -> 20.463333 | C36: =AVERAGE(C9:C32) -> 79.709583 | D36: =AVERAGE(D9:D32) -> 60.169167 | E36: =AVERAGE(E9:E32) -> 10.029167 | F36: =AVERAGE(F9:F32) -> 3.6529167 | G36: =AVERAGE(G9:G32) -> 56.47125 | H36: =AVERAGE(H9:H32) -> 20.924167 | I36: =AVERAGE(I9:I32) -> 0.46541667 | ... Q36: =AVERAGE(Q9:Q32) -> 43.10375
A37: Stdev | B37: =STDEV(B9:B32) -> 7.3261109 | C37: =STDEV(C9:C32) -> 12.854761 | D37: =STDEV(D9:D32) -> 10.524962 | E37: =STDEV(E9:E32) -> 8.8341885 | F37: =STDEV(F9:F32) -> 4.8082605 | G37: =STDEV(G9:G32) -> 18.819358 | H37: =STDEV(H9:H32) -> 4.572615 | I37: =STDEV(I9:I32) -> 0.1711592 | ... Q37: =STDEV(Q9:Q32) -> 6.3019126
A38: Num | B38: =COUNT(B9:B32) -> 24 | C38: =COUNT(C9:C32) -> 24 | D38: =COUNT(D9:D32) -> 24 | E38: =COUNT(E9:E32) -> 24 | F38: =COUNT(F9:F32) -> 24 | G38: =COUNT(G9:G32) -> 24 | H38: =COUNT(H9:H32) -> 24 | I38: =COUNT(I9:I32) -> 24 | ... M38: =COUNT(M9:M32) -> 24 | N38: 24 | O38: =COUNT(O9:O32) -> 24 | P38: =COUNT(P9:P32) -> 24 | Q38: =COUNT(Q9:Q32) -> 24
A39: DCR | B39: =IF(B38>=22,">90%",IF(B38<=22,"<90%")) -> >90% | C39: =IF(C38>=22,">90%",IF(C38<=22,"<90%")) -> >90% | D39: =IF(D38>=22,">90%",IF(D38<=22,"<90%")) -> >90% | E39: =IF(E38>=22,">90%",IF(E38<=22,"<90%")) -> >90% | F39: =IF(F38>=22,">90%",IF(F38<=22,"<90%")) -> >90% | G39: =IF(G38>=22,">90%",IF(G38<=22,"<90%")) -> >90% | H39: =IF(H38>=22,">90%",IF(H38<=22,"<90%")) -> >90% | I39: =IF(I38>=22,">90%",IF(I38<=22,"<90%")) -> >90% | ... Q39: =IF(Q38>=22,">90%",IF(Q38<=22,"<90%")) -> >90%
A40: Status | B40: =IF(B38>=22,"OK",IF(B38<=22,"LESS")) -> OK | C40: =IF(C38>=22,"OK",IF(C38<=22,"LESS")) -> OK | D40: =IF(D38>=22,"OK",IF(D38<=22,"LESS")) -> OK | E40: =IF(E38>=22,"OK",IF(E38<=22,"LESS")) -> OK | F40: =IF(F38>=22,"OK",IF(F38<=22,"LESS")) -> OK | G40: =IF(G38>=22,"OK",IF(G38<=22,"LESS")) -> OK | H40: =IF(H38>=22,"OK",IF(H38<=22,"LESS")) -> OK | I40: =IF(I38>=22,"OK",IF(I38<=22,"LESS")) -> OK | ... Q40: =IF(Q38>=22,"OK",IF(Q38<=22,"LESS")) -> OK
A43: Done by | B43: RAHUL
A45: Comment

Sheet 15
A1: Station: | B1: BHATAGAON RAIPUR
A2: Date: | B2: =$A$9 -> 15-12-2022 01:00 | D2: Power Off | G2: Pw.Off | L2: Link Fail | N2: Link F | P2: Maintenance | R2: Maint.
A3: Report Type: | B3: Mean | D3: Calibration | G3: Calib. | L3: Data Fail | N3: Data F | P3: Invalid | R3: Invalid
A4: Time Base: | B4: 01 Hour | D4: Zero Referrence | G4: Z.Ref | L4: Warm Up | N4: Wm. Up
A7: Date & Time | B7: NO_BHATAGAON | C7: NO2_BHATAGAON | D7: NOX_BHATAGAON | E7: SO2_BHATAGAON | F7: O3_BHATAGAON | G7: PM10_BHATAGAON | H7: PM2_5_BHATAGAON | I7: BENZ_BHATAGAON | J7: WS_BHATAGAON | K7: WD_BHATAGAON | L7: TEMP_BHATAGAON | M7: HUM BHATAGAON | N7: SR_BHATAGAON | O7: RG_BHATAGAON | P7: CO_BHATAGAON | Q7: NH3_BHATAGAON
B8: ug/m3 | C8: ug/m3 | D8: ug/m3 | E8: ug/m3 | F8: ug/m3 | G8: mg/m3 | H8: ug/m3 | I8: ug/m3 | J8: m/sec | K8: deg | L8: degreC | M8: % | N8: w/m2 | O8: mm | P8: ug/m3 | Q8: ug/m3
A9: 15-12-2022 01:00 | B9: 21.65 | C9: 76.05 | D9: 59.33 | E9: 5.53 | F9: 1.41 | G9: 64.38 | H9: 22.38 | I9: 0.61 | J9: 0.38 | K9: 74.05 | L9: 23.55 | M9: 47 | N9: 24.4 | O9: 0 | P9: 1.59 | Q9: 48.23
A10: 15-12-2022 02:00 | B10: 16.67 | C10: 66.69 | D10: 50.17 | E10: 5.71 | F10: 1.83 | G10: 56.28 | H10: 18.92 | I10: 0.52 | J10: 0.75 | K10: 33.18 | L10: 22.99 | M10: 46 | N10: 24.5 | O10: 0 | P10: 1.34 | Q10: 46.05
A11: 15-12-2022 03:00 | B11: 13.77 | C11: 62.74 | D11: 45.54 | E11: 5.11 | F11: 1.32 | G11: 38.69 | H11: 14.62 | I11: 0.51 | J11: 0.61 | K11: 117.97 | L11: 22.58 | M11: 46 | N11: 24.7 | O11: 0 | P11: 1.21 | Q11: 47.49
A12: 15-12-2022 04:00 | B12: 10.8 | C12: 61.18 | D12: 42.42 | E12: 4.53 | F12: 0.66 | G12: 46.67 | H12: 14.27 | I12: 0.49 | J12: 0.26 | K12: 75.95 | L12: 21.53 | M12: 52 | N12: 24.9 | O12: 0 | P12: 1.03 | Q12: 46.87
A13: 15-12-2022 05:00 | B13: 13.12 | C13: 61.51 | D13: 44.47 | E13: 4.02 | F13: 0.62 | G13: 52.36 | H13: 14.27 | I13: 0.42 | J13: 0.16 | K13: 348.17 | L13: 20.47 | M13: 60 | N13: 24.7 | O13: 0 | P13: 0.91 | Q13: 43.58
A14: 15-12-2022 06:00 | B14: 19.32 | C14: 63.57 | D14: 50.58 | E14: 4.16 | F14: 0.57 | G14: 59.72 | H14: 15.11 | I14: 0.45 | J14: 0.14 | K14: 85.95 | L14: 19.97 | M14: 59 | N14: 24.5 | O14: 0 | P14: 0.89 | Q14: 44.55
A15: 15-12-2022 07:00 | B15: 32.47 | C15: 70.85 | D15: 65.14 | E15: 4.22 | F15: 0.6 | G15: 65.76 | H15: 15.11 | I15: 0.47 | J15: 0.47 | K15: 357.97 | L15: 20.09 | M15: 62 | N15: 40.2 | O15: 0 | P15: 0.98 | Q15: 46.32
A16: 15-12-2022 08:00 | B16: 44.28 | C16: 79.86 | D16: 79.59 | E16: 4.48 | F16: 0.68 | G16: 90.07 | H16: 23.66 | I16: 0.46 | J16: 0.37 | K16: 87.06 | L16: 23.7 | M16: 57 | N16: 179.6 | O16: 0 | P16: 1.32 | Q16: 45.18
A17: 15-12-2022 09:00 | B17: 44.67 | C17: 79.45 | D17: 79.67 | E17: 5.18 | F17: 1 | G17: 93.72 | H17: 30.01 | I17: 0.49 | J17: 0.88 | K17: 121.07 | L17: 26.46 | M17: 39 | N17: 310.3 | O17: 0 | P17: 1.34 | Q17: 45.25
A18: 15-12-2022 10:00 | B18: 38.42 | C18: 80.22 | D18: 72.89 | E18: 5.79 | F18: 1.39 | G18: 93.72 | H18: 30.01 | I18: 0.5 | J18: 0.77 | K18: 74.69 | L18: 30.51 | M18: 30 | N18: 371.6 | O18: 0 | P18: 1.29 | Q18: 47.5
A19: 15-12-2022 11:00 | B19: 30.82 | C19: 82.2 | D19: 69.32 | E19: 5.33 | F19: 0.96 | G19: 72.39 | H19: 25.77 | I19: 0.49 | J19: 0.73 | K19: 105.67 | L19: 30.59 | M19: 27 | N19: 410 | O19: 0 | P19: 1.21 | Q19: 47.3
A20: 15-12-2022 12:00 | B20: 24.85 | C20: 81.56 | D20: 64.94 | E20: 6.17 | F20: 3.37 | G20: 65.79 | H20: 25.77 | I20: 0.43 | J20: 0.82 | K20: 112.96 | L20: 32.73 | M20: 27 | N20: 420.3 | O20: 0 | P20: 1.1 | Q20: 44.48
... A32: 15-12-2022 24:00 | B32: 169.14 | C32: 142.86 | D32: 214.48 | E32: 6.78 | F32: 0.52 | G32: 226.67 | H32: 47.92 | I32: 2.07 | J32: 0.17 | K32: 336.48 | L32: 21.47 | M32: 66 | N32: 24.6 | O32: 0 | P32: 4.98 | Q32: 59.58
A34: Min | B34: =MIN(B9:B32) -> 10.8 | C34: =MIN(C9:C32) -> 61.18 | D34: =MIN(D9:D32) -> 42.42 | E34: =MIN(E9:E32) -> 4.02 | F34: =MIN(F9:F32) -> 0.5 | G34: =MIN(G9:G32) -> 38.69 | H34: =MIN(H9:H32) -> 14.27 | I34: =MIN(I9:I32) -> 0.36 | ... Q34: =MIN(Q9:Q32) -> 43.58
A35: Max | B35: =MAX(B9:B32) -> 173.86 | C35: =MAX(C9:C32) -> 158.2 | D35: =MAX(D9:D32) -> 222.68 | E35: =MAX(E9:E32) -> 21.16 | F35: =MAX(F9:F32) -> 10.66 | G35: =MAX(G9:G32) -> 239.94 | H35: =MAX(H9:H32) -> 47.92 | I35: =MAX(I9:I32) -> 2.07 | ... Q35: =MAX(Q9:Q32) -> 59.58
A36: Avg | B36: =AVERAGE(B9:B32) -> 47.44 | C36: =AVERAGE(C9:C32) -> 92.5775 | D36: =AVERAGE(D9:D32) -> 88.78125 | E36: =AVERAGE(E9:E32) -> 7.1470833 | F36: =AVERAGE(F9:F32) -> 2.2979167 | G36: =AVERAGE(G9:G32) -> 101.02833 | H36: =AVERAGE(H9:H32) -> 26.1775 | I36: =AVERAGE(I9:I32) -> 0.71208333 | ... Q36: =AVERAGE(Q9:Q32) -> 48.165
A37: Stdev | B37: =STDEV(B9:B32) -> 50.607929 | C37: =STDEV(C9:C32) -> 30.102047 | D37: =STDEV(D9:D32) -> 55.851596 | E37: =STDEV(E9:E32) -> 4.1861318 | F37: =STDEV(F9:F32) -> 3.0034444 | G37: =STDEV(G9:G32) -> 67.852362 | H37: =STDEV(H9:H32) -> 10.728815 | I37: =STDEV(I9:I32) -> 0.5193891 | ... Q37: =STDEV(Q9:Q32) -> 4.5617093
A38: Num | B38: =COUNT(B9:B32) -> 24 | C38: =COUNT(C9:C32) -> 24 | D38: =COUNT(D9:D32) -> 24 | E38: =COUNT(E9:E32) -> 24 | F38: =COUNT(F9:F32) -> 24 | G38: =COUNT(G9:G32) -> 24 | H38: =COUNT(H9:H32) -> 24 | I38: =COUNT(I9:I32) -> 24 | ... M38: =COUNT(M9:M32) -> 24 | N38: 24 | O38: =COUNT(O9:O32) -> 24 | P38: =COUNT(P9:P32) -> 24 | Q38: =COUNT(Q9:Q32) -> 24
A39: DCR | B39: =IF(B38>=22,">90%",IF(B38<=22,"<90%")) -> >90% | C39: =IF(C38>=22,">90%",IF(C38<=22,"<90%")) -> >90% | D39: =IF(D38>=22,">90%",IF(D38<=22,"<90%")) -> >90% | E39: =IF(E38>=22,">90%",IF(E38<=22,"<90%")) -> >90% | F39: =IF(F38>=22,">90%",IF(F38<=22,"<90%")) -> >90% | G39: =IF(G38>=22,">90%",IF(G38<=22,"<90%")) -> >90% | H39: =IF(H38>=22,">90%",IF(H38<=22,"<90%")) -> >90% | I39: =IF(I38>=22,">90%",IF(I38<=22,"<90%")) -> >90% | ... Q39: =IF(Q38>=22,">90%",IF(Q38<=22,"<90%")) -> >90%
A40: Status | B40: =IF(B38>=22,"OK",IF(B38<=22,"LESS")) -> OK | C40: =IF(C38>=22,"OK",IF(C38<=22,"LESS")) -> OK | D40: =IF(D38>=22,"OK",IF(D38<=22,"LESS")) -> OK | E40: =IF(E38>=22,"OK",IF(E38<=22,"LESS")) -> OK | F40: =IF(F38>=22,"OK",IF(F38<=22,"LESS")) -> OK | G40: =IF(G38>=22,"OK",IF(G38<=22,"LESS")) -> OK | H40: =IF(H38>=22,"OK",IF(H38<=22,"LESS")) -> OK | I40: =IF(I38>=22,"OK",IF(I38<=22,"LESS")) -> OK | ... Q40: =IF(Q38>=22,"OK",IF(Q38<=22,"LESS")) -> OK
A43: Done by | B43: RAHUL
A45: Comment

Sheet 16
A1: Station: | B1: BHATAGAON RAIPUR
A2: Date: | B2: =$A$9 -> 16-12-2022 01:00 | D2: Power Off | G2: Pw.Off | L2: Link Fail | N2: Link F | P2: Maintenance | R2: Maint.
A3: Report Type: | B3: Mean | D3: Calibration | G3: Calib. | L3: Data Fail | N3: Data F | P3: Invalid | R3: Invalid
A4: Time Base: | B4: 01 Hour | D4: Zero Referrence | G4: Z.Ref | L4: Warm Up | N4: Wm. Up
A7: Date & Time | B7: NO_BHATAGAON | C7: NO2_BHATAGAON | D7: NOX_BHATAGAON | E7: SO2_BHATAGAON | F7: O3_BHATAGAON | G7: PM10_BHATAGAON | H7: PM2_5_BHATAGAON | I7: BENZ_BHATAGAON | J7: WS_BHATAGAON | K7: WD_BHATAGAON | L7: TEMP_BHATAGAON | M7: HUM BHATAGAON | N7: SR_BHATAGAON | O7: RG_BHATAGAON | P7: CO_BHATAGAON | Q7: NH3_BHATAGAON
B8: ug/m3 | C8: ug/m3 | D8: ug/m3 | E8: ug/m3 | F8: ug/m3 | G8: mg/m3 | H8: ug/m3 | I8: ug/m3 | J8: m/sec | K8: deg | L8: degreC | M8: % | N8: w/m2 | O8: mm | P8: ug/m3 | Q8: ug/m3
A9: 16-12-2022 01:00 | B9: 149.39 | C9: 130.81 | D9: 191.98 | E9: 5.54 | F9: 0.56 | G9: 146.82 | H9: 46.91 | I9: 1.97 | J9: 0.41 | K9: 261.01 | L9: 21.98 | M9: 71 | N9: 24.5 | O9: 0 | P9: 4.4 | Q9: 59.22
A10: 16-12-2022 02:00 | B10: 122.15 | C10: 122.48 | D10: 165.55 | E10: 5.39 | F10: 0.51 | G10: 122.98 | H10: 46.91 | I10: 1.75 | J10: 0.15 | K10: 320.31 | L10: 21.44 | M10: 68 | N10: 24.8 | O10: 0 | P10: 3.92 | Q10: 55.11
A11: 16-12-2022 03:00 | B11: 97.85 | C11: 111.2 | D11: 139.84 | E11: 5.31 | F11: 0.52 | G11: 120.5 | H11: 43.81 | I11: 1.46 | J11: 0.16 | K11: 322.33 | L11: 20.46 | M11: 68 | N11: 24.6 | O11: 0 | P11: 3.7 | Q11: 51.06
A12: 16-12-2022 04:00 | B12: 78.21 | C12: 99.69 | D12: 117.74 | E12: 5.92 | F12: 0.6 | G12: 98.41 | H12: 43.81 | I12: 1.36 | J12: 0.24 | K12: 77.52 | L12: 21.38 | M12: 53 | N12: 24.4 | O12: 0 | P12: 3.16 | Q12: 51.27
A13: 16-12-2022 05:00 | B13: 60.63 | C13: 91.73 | D13: 99.25 | E13: 5.62 | F13: 0.55 | G13: 63.52 | H13: 33.83 | I13: 1.13 | J13: 0.38 | K13: 99.18 | L13: 21.08 | M13: 53 | N13: 24.4 | O13: 0 | P13: 2.45 | Q13: 49.67
A14: 16-12-2022 06:00 | B14: 43.61 | C14: 84.02 | D14: 81.34 | E14: 5.11 | F14: 0.65 | G14: 55.84 | H14: 25.5 | I14: 0.84 | J14: 0.89 | K14: 113.89 | L14: 20.48 | M14: 56 | N14: 24.6 | O14: 0 | P14: 1.89 | Q14: 45.27
A15: 16-12-2022 07:00 | B15: 36.19 | C15: 78.79 | D15: 72.51 | E15: 5.25 | F15: 0.63 | G15: 55.84 | H15: 23.64 | I15: 0.71 | J15: 0.86 | K15: 114.54 | L15: 20.12 | M15: 58 | N15: 39 | O15: 0 | P15: 1.59 | Q15: 44.31
A16: 16-12-2022 08:00 | B16: 30.42 | C16: 74.69 | D16: 65.61 | E16: 4.9 | F16: 0.72 | G16: 59.73 | H16: 20.63 | I16: 0.66 | J16: 1.19 | K16: 106.6 | L16: 21.98 | M16: 58 | N16: 194.9 | O16: 0 | P16: 1.36 | Q16: 45.4
A17: 16-12-2022 09:00 | B17: 24.74 | C17: 73.49 | D17: 60.38 | E17: 5.02 | F17: 0.87 | G17: 59.73 | H17: 20.63 | I17: 0.56 | J17: 1.29 | K17: 113.27 | L17: 24.91 | M17: 48 | N17: 309.2 | O17: 0 | P17: 1.21 | Q17: 44.17
A18: 16-12-2022 10:00 | B18: 20.63 | C18: 74.75 | D18: 57.67 | E18: 5.6 | F18: 0.86 | G18: 49.23 | H18: 21.45 | I18: 0.48 | J18: 1.68 | K18: 113.68 | L18: 27.06 | M18: 42 | N18: 368.8 | O18: 0 | P18: 1.08 | Q18: 41.84
A19: 16-12-2022 11:00 | B19: 17.54 | C19: 75.25 | D19: 54.66 | E19: 5.35 | F19: 1.29 | G19: 43.12 | H19: 21.45 | I19: 0.46 | J19: 1.62 | K19: 111.49 | L19: 29.36 | M19: 41 | N19: 407.5 | O19: 0 | P19: 0.96 | Q19: 43.29
A20: 16-12-2022 12:00 | B20: 13.39 | C20: 76.38 | D20: 52.89 | E20: 4.91 | F20: 1.43 | G20: 46.33 | H20: 22.66 | I20: 0.4 | J20: 1.24 | K20: 358.49 | L20: 32.12 | M20: 37 | N20: 412.6 | O20: 0 | P20: 0.88 | Q20: 43.24
... A32: 16-12-2022 24:00 | B32: 129.55 | C32: 122.11 | D32: 171.28 | E32: 5.93 | F32: 0.88 | G32: 177.54 | H32: 34.22 | I32: 1.9 | J32: 0.45 | K32: 78.47 | L32: 23.48 | M32: 56 | N32: 24.5 | O32: 0 | P32: 4.27 | Q32: 55.5
A34: Min | B34: =MIN(B9:B32) -> 5.32 | C34: =MIN(C9:C32) -> 73.49 | D34: =MIN(D9:D32) -> 47.12 | E34: =MIN(E9:E32) -> 4.9 | F34: =MIN(F9:F32) -> 0.51 | G34: =MIN(G9:G32) -> 43.12 | H34: =MIN(H9:H32) -> 19.02 | I34: =MIN(I9:I32) -> 0.31 | ... Q34: =MIN(Q9:Q32) -> 40.78
A35: Max | B35: =MAX(B9:B32) -> 149.39 | C35: =MAX(C9:C32) -> 132.07 | D35: =MAX(D9:D32) -> 191.98 | E35: =MAX(E9:E32) -> 10.07 | F35: =MAX(F9:F32) -> 6.51 | G35: =MAX(G9:G32) -> 198.47 | H35: =MAX(H9:H32) -> 46.91 | I35: =MAX(I9:I32) -> 1.97 | ... Q35: =MAX(Q9:Q32) -> 59.22
A36: Avg | B36: =AVERAGE(B9:B32) -> 57.029167 | C36: =AVERAGE(C9:C32) -> 96.277083 | D36: =AVERAGE(D9:D32) -> 98.66375 | E36: =AVERAGE(E9:E32) -> 6.3120833 | F36: =AVERAGE(F9:F32) -> 1.8491667 | G36: =AVERAGE(G9:G32) -> 93.52875 | H36: =AVERAGE(H9:H32) -> 27.935833 | I36: =AVERAGE(I9:I32) -> 0.91541667 | ... Q36: =AVERAGE(Q9:Q32) -> 47.782917
A37: Stdev | B37: =STDEV(B9:B32) -> 48.288251 | C37: =STDEV(C9:C32) -> 21.757946 | D37: =STDEV(D9:D32) -> 50.23432 | E37: =STDEV(E9:E32) -> 1.6258028 | F37: =STDEV(F9:F32) -> 2.0688306 | G37: =STDEV(G9:G32) -> 52.286002 | H37: =STDEV(H9:H32) -> 9.3128872 | I37: =STDEV(I9:I32) -> 0.58301301 | ... Q37: =STDEV(Q9:Q32) -> 5.5844033
A38: Num | B38: =COUNT(B9:B32) -> 24 | C38: =COUNT(C9:C32) -> 24 | D38: =COUNT(D9:D32) -> 24 | E38: =COUNT(E9:E32) -> 24 | F38: =COUNT(F9:F32) -> 24 | G38: =COUNT(G9:G32) -> 24 | H38: =COUNT(H9:H32) -> 24 | I38: =COUNT(I9:I32) -> 24 | ... Q38: =COUNT(Q9:Q32) -> 24
A39: DCR | B39: =IF(B38>=22,">90%",IF(B38<=22,"<90%")) -> >90% | C39: =IF(C38>=22,">90%",IF(C38<=22,"<90%")) -> >90% | D39: =IF(D38>=22,">90%",IF(D38<=22,"<90%")) -> >90% | E39: =IF(E38>=22,">90%",IF(E38<=22,"<90%")) -> >90% | F39: =IF(F38>=22,">90%",IF(F38<=22,"<90%")) -> >90% | G39: =IF(G38>=22,">90%",IF(G38<=22,"<90%")) -> >90% | H39: =IF(H38>=22,">90%",IF(H38<=22,"<90%")) -> >90% | I39: =IF(I38>=22,">90%",IF(I38<=22,"<90%")) -> >90% | ... Q39: =IF(Q38>=22,">90%",IF(Q38<=22,"<90%")) -> >90%
A40: Status | B40: =IF(B38>=22,"OK",IF(B38<=22,"LESS")) -> OK | C40: =IF(C38>=22,"OK",IF(C38<=22,"LESS")) -> OK | D40: =IF(D38>=22,"OK",IF(D38<=22,"LESS")) -> OK | E40: =IF(E38>=22,"OK",IF(E38<=22,"LESS")) -> OK | F40: =IF(F38>=22,"OK",IF(F38<=22,"LESS")) -> OK | G40: =IF(G38>=22,"OK",IF(G38<=22,"LESS")) -> OK | H40: =IF(H38>=22,"OK",IF(H38<=22,"LESS")) -> OK | I40: =IF(I38>=22,"OK",IF(I38<=22,"LESS")) -> OK | ... Q40: =IF(Q38>=22,"OK",IF(Q38<=22,"LESS")) -> OK
A43: Done by | B43: RAHUL
A45: Comment

Sheet 17
A1: Station: | B1: BHATAGAON RAIPUR
A2: Date: | B2: =$A$9 -> 17-12-2022 01:00 | D2: Power Off | G2: Pw.Off | L2: Link Fail | N2: Link F | P2: Maintenance | R2: Maint.
A3: Report Type: | B3: Mean | D3: Calibration | G3: Calib. | L3: Data Fail | N3: Data F | P3: Invalid | R3: Invalid
A4: Time Base: | B4: 01 Hour | D4: Zero Referrence | G4: Z.Ref | L4: Warm Up | N4: Wm. Up
A7: Date & Time | B7: NO_BHATAGAON | C7: NO2_BHATAGAON | D7: NOX_BHATAGAON | E7: SO2_BHATAGAON | F7: O3_BHATAGAON | G7: PM10_BHATAGAON | H7: PM2_5_BHATAGAON | I7: BENZ_BHATAGAON | J7: WS_BHATAGAON | K7: WD_BHATAGAON | L7: TEMP_BHATAGAON | M7: HUM BHATAGAON | N7: SR_BHATAGAON | O7: RG_BHATAGAON | P7: CO_BHATAGAON | Q7: NH3_BHATAGAON
B8: ug/m3 | C8: ug/m3 | D8: ug/m3 | E8: ug/m3 | F8: ug/m3 | G8: mg/m3 | H8: ug/m3 | I8: ug/m3 | J8: m/sec | K8: deg | L8: degreC | M8: % | N8: w/m2 | O8: mm | P8: ug/m3 | Q8: ug/m3
A9: 17-12-2022 01:00 | B9: 106.59 | C9: 110.53 | D9: 146.48 | E9: 5.98 | F9: 0.68 | G9: 65.68 | H9: 29.88 | I9: 1.62 | J9: 0.27 | K9: 358.76 | L9: 22.72 | M9: 57 | N9: 24.4 | O9: 0 | P9: 3.6 | Q9: 54.04
A10: 17-12-2022 02:00 | B10: 86.2 | C10: 101.92 | D10: 125.38 | E10: 5.9 | F10: 0.54 | G10: 65.68 | H10: 25.47 | I10: 1.37 | J10: 0.35 | K10: 68.35 | L10: 21.88 | M10: 61 | N10: 24.4 | O10: 0 | P10: 2.87 | Q10: 53.71
A11: 17-12-2022 03:00 | B11: 62.22 | C11: 91.46 | D11: 100.37 | E11: 5.37 | F11: 0.52 | G11: 47.12 | H11: 22.27 | I11: 1.01 | J11: 0.62 | K11: 63.33 | L11: 21.2 | M11: 61 | N11: 24.4 | O11: 0 | P11: 2.31 | Q11: 49.96
A12: 17-12-2022 04:00 | B12: 43.21 | C12: 80.53 | D12: 79.09 | E12: 5.73 | F12: 0.77 | G12: 111.88 | H12: 20.74 | I12: 0.79 | J12: 0.82 | K12: 6.96 | L12: 20.69 | M12: 62 | N12: 24.4 | O12: 0 | P12: 1.83 | Q12: 45.63
A13: 17-12-2022 05:00 | B13: 32.29 | C13: 77.04 | D13: 68.41 | E13: 6.07 | F13: 0.76 | G13: 111.88 | H13: 16.42 | I13: 0.67 | J13: 0.89 | K13: 7.98 | L13: 19.95 | M13: 59 | N13: 24.2 | O13: 0 | P13: 1.48 | Q13: 44.44
A14: 17-12-2022 06:00 | B14: 23.38 | C14: 73.91 | D14: 59.54 | E14: 5.49 | F14: 0.86 | G14: 52.72 | H14: 16.42 | I14: 0.56 | J14: 0.51 | K14: 7.33 | L14: 19.34 | M14: 57 | N14: 24.1 | O14: 0 | P14: 1.19 | Q14: 42.63
A15: 17-12-2022 07:00 | B15: 21.88 | C15: 73.15 | D15: 57.91 | E15: 5.75 | F15: 0.78 | G15: 49.99 | H15: 17.24 | I15: 0.44 | J15: 0.59 | K15: 26.62 | L15: 18.89 | M15: 61 | N15: 37.1 | O15: 0 | P15: 1.18 | Q15: 39.45
A16: 17-12-2022 08:00 | B16: 22.33 | C16: 73.44 | D16: 58.44 | E16: 5.85 | F16: 0.71 | G16: 49.99 | H16: 17.24 | I16: 0.42 | J16: 0.43 | K16: 77.15 | L16: 21.5 | M16: 59 | N16: 229.4 | O16: 0 | P16: 1.21 | Q16: 39.45
A17: 17-12-2022 09:00 | B17: 22.62 | C17: 76.62 | D17: 60.1 | E17: 4.21 | F17: 0.96 | G17: 66.05 | H17: 16.91 | I17: 0.42 | J17: 1.25 | K17: 4.61 | L17: 28.14 | M17: 44 | N17: 350.2 | O17: 0 | P17: 1.16 | Q17: 40.99
A18: 17-12-2022 10:00 | B18: 17 | C18: 77.33 | D18: 56.08 | E18: 3.86 | F18: 2.02 | G18: 66.05 | H18: 17.71 | I18: 0.38 | J18: 1.08 | K18: 14.65 | L18: 28.92 | M18: 38 | N18: 400.5 | O18: 0 | P18: 1.07 | Q18: 38.64
A19: 17-12-2022 11:00 | B19: 10.42 | C19: 84.7 | D19: 52.7 | E19: 16.32 | F19: 7.93 | G19: Invalid | H19: Invalid | I19: 0.34 | J19: 1.05 | K19: 14.12 | L19: 31.18 | M19: 29 | N19: 423.3 | O19: 0 | P19: 1.11 | Q19: 36.09
A20: 17-12-2022 12:00 | B20: 8.63 | C20: 92.1 | D20: 56 | E20: 26.63 | F20: 10.58 | G20: 71.79 | H20: 28.17 | I20: 0.33 | J20: 0.93 | K20: 124.09 | L20: 31.21 | M20: 28 | N20: 413 | O20: 0 | P20: 1.22 | Q20: 30.68
A21: 17-12-2022 13:00 | B21: 5.07 | C21: 88.48 | D21: 52.76 | E21: 10.93 | F21: 5.7 | G21: 142.55 | H21: 31.55 | I21: 0.26 | J21: 0.7 | K21: 78.35 | L21: 31.98 | M21: 30 | N21: 396.5 | O21: 0 | P21: 1.18 | Q21: 30.11
A22: 17-12-2022 14:00 | B22: 6.19 | C22: 89.73 | D22: 54.48 | E22: 11.02 | F22: 6.91 | G22: 142.55 | H22: 31.96 | I22: 0.22 | J22: 0.99 | K22: 358.52 | L22: 32.31 | M22: 23 | N22: 345.9 | O22: 0 | P22: 1.14 | Q22: 29.59
A23: 17-12-2022 15:00 | B23: 8.14 | C23: 96.13 | D23: 59.06 | E23: 12.81 | F23: 9.59 | G23: Invalid | H23: Invalid | I23: 0.22 | J23: 1.42 | K23: 354.8 | L23: 32.55 | M23: 19 | N23: 322.7 | O23: 0 | P23: 1.06 | Q23: 28.51
A24: 17-12-2022 16:00 | B24: 9.59 | C24: 89.64 | D24: 55.29 | E24: 12.49 | F24: 11.32 | G24: Invalid | H24: Invalid | I24: 0.22 | J24: 1.29 | K24: 12.54 | L24: 30.76 | M24: 20 | N24: 237.7 | O24: 0 | P24: 1.03 | Q24: 30.11
A25: 17-12-2022 17:00 | B25: 10.01 | C25: 91.58 | D25: 58.56 | E25: 8.07 | F25: 5.11 | G25: Calib. | H25: Calib. | I25: 0.22 | J25: 0.98 | K25: 24.38 | L25: 27.73 | M25: 24 | N25: 52.4 | O25: 0 | P25: 1.17 | Q25: 30.19
A26: 17-12-2022 18:00 | B26: 20.99 | C26: 100.26 | D26: 72.17 | E26: 8.02 | F26: 4.65 | G26: 61.24 | H26: 32.18 | I26: 0.32 | J26: 0.47 | K26: 81.14 | L26: 25.51 | M26: 31 | N26: 29.8 | O26: 0 | P26: 1.53 | Q26: 34.01
A27: 17-12-2022 19:00 | B27: 23.08 | C27: 98.47 | D27: 72.85 | E27: 5.62 | F27: 1.06 | G27: 74.94 | H27: 31.3 | I27: 0.42 | J27: 0.34 | K27: 65.83 | L27: 23.54 | M27: 34 | N27: 24.1 | O27: 0 | P27: 1.72 | Q27: 38.62
A28: 17-12-2022 20:00 | B28: 20.83 | C28: 92.04 | D28: 67.06 | E28: 4.21 | F28: 0.79 | G28: 79.17 | H28: 32.28 | I28: 0.47 | J28: 0.32 | K28: 63.57 | L28: 22.12 | M28: 41 | N28: 24.4 | O28: 0 | P28: 1.86 | Q28: 38.75
A29: 17-12-2022 21:00 | B29: 51.54 | C29: 106.17 | D29: 99.93 | E29: 4.6 | F29: 0.91 | G29: 83.13 | H29: 31.78 | I29: 0.62 | J29: 0.2 | K29: 342.29 | L29: 20.02 | M29: 53 | N29: 24.3 | O29: 0 | P29: 2.64 | Q29: 40.16
A30: 17-12-2022 22:00 | B30: 68.59 | C30: 110.07 | D30: 115.75 | E30: 4.62 | F30: 0.66 | G30: 104.02 | H30: 31.52 | I30: 0.83 | J30: 0.14 | K30: 344.73 | L30: 19.31 | M30: 50 | N30: 24.1 | O30: 0 | P30: 2.97 | Q30: 43.24
A31: 17-12-2022 23:00 | B31: 77.38 | C31: 115.53 | D31: 125.35 | E31: 4.79 | F31: 0.72 | G31: 124.79 | H31: 33.52 | I31: 1.1 | J31: 0.29 | K31: 57.98 | L31: 19.83 | M31: 51 | N31: 23.9 | O31: 0 | P31: 3.13 | Q31: 44.73
A32: 17-12-2022 24:00 | B32: 72.19 | C32: 114.01 | D32: 120.81 | E32: 5.1 | F32: 0.94 | G32: 93.3 | H32: 34.54 | I32: 0.96 | J32: 0.35 | K32: 51.26 | L32: 19.75 | M32: 47 | N32: 24.4 | O32: 0 | P32: 2.92 | Q32: 43.76
A34: Min | B34: =MIN(B9:B32) -> 5.07 | C34: =MIN(C9:C32) -> 73.15 | D34: =MIN(D9:D32) -> 52.7 | E34: =MIN(E9:E32) -> 3.86 | F34: =MIN(F9:F32) -> 0.52 | G34: =MIN(G9:G32) -> 47.12 | H34: =MIN(H9:H32) -> 16.42 | I34: =MIN(I9:I32) -> 0.22 | ... Q34: =MIN(Q9:Q32) -> 28.51
A35: Max | B35: =MAX(B9:B32) -> 106.59 | C35: =MAX(C9:C32) -> 115.53 | D35: =MAX(D9:D32) -> 146.48 | E35: =MAX(E9:E32) -> 26.63 | F35: =MAX(F9:F32) -> 11.32 | G35: =MAX(G9:G32) -> 142.55 | H35: =MAX(H9:H32) -> 34.54 | I35: =MAX(I9:I32) -> 1.62 | ... Q35: =MAX(Q9:Q32) -> 54.04
A36: Avg | B36: =AVERAGE(B9:B32) -> 34.59875 | C36: =AVERAGE(C9:C32) -> 91.868333 | D36: =AVERAGE(D9:D32) -> 78.107083 | E36: =AVERAGE(E9:E32) -> 7.8933333 | F36: =AVERAGE(F9:F32) -> 3.1445833 | G36: =AVERAGE(G9:G32) -> 83.226 | H36: =AVERAGE(H9:H32)+1 -> 26.955 | I36: =AVERAGE(I9:I32) -> 0.59208333 | J36: =AVERAGE(J9:J32) -> 0.67833333 | K36: =AVERAGE(K9:K32) -> 108.7225 | L36: =AVERAGE(L9:L32) -> 24.62625 | M36: =AVERAGE(M9:M32) -> 43.291667 | N36: =AVERAGE(N9:N32) -> 147.06667 | O36: =AVERAGE(O9:O32) -> 0 | P36: =AVERAGE(P9:P32) -> 1.7741667 | Q36: =AVERAGE(Q9:Q32) -> 39.47875
A37: Stdev | B37: =STDEV(B9:B32) -> 29.22217 | C37: =STDEV(C9:C32) -> 13.261507 | D37: =STDEV(D9:D32) -> 28.879933 | E37: =STDEV(E9:E32) -> 5.1521795 | F37: =STDEV(F9:F32) -> 3.6058238 | G37: =STDEV(G9:G32) -> 30.166887 | H37: =STDEV(H9:H32) -> 6.9409923 | I37: =STDEV(I9:I32) -> 0.38309925 | ... Q37: =STDEV(Q9:Q32) -> 7.4024328
A38: Num | B38: =COUNT(B9:B32) -> 24 | C38: =COUNT(C9:C32) -> 24 | D38: =COUNT(D9:D32) -> 24 | E38: =COUNT(E9:E32) -> 24 | F38: =COUNT(F9:F32) -> 24 | G38: =COUNT(G9:G32)+1 -> 21 | H38: =COUNT(H9:H32)+1 -> 21 | I38: =COUNT(I9:I32) -> 24 | J38: =COUNT(J9:J32) -> 24 | K38: =COUNT(K9:K32) -> 24 | L38: =COUNT(L9:L32) -> 24 | M38: =COUNT(M9:M32) -> 24 | N38: =COUNT(N9:N32) -> 24 | O38: =COUNT(O9:O32) -> 24 | P38: =COUNT(P9:P32) -> 24 | Q38: =COUNT(Q9:Q32) -> 24
A39: DCR | B39: =IF(B38>=22,">90%",IF(B38<=22,"<90%")) -> >90% | C39: =IF(C38>=22,">90%",IF(C38<=22,"<90%")) -> >90% | D39: =IF(D38>=22,">90%",IF(D38<=22,"<90%")) -> >90% | E39: =IF(E38>=22,">90%",IF(E38<=22,"<90%")) -> >90% | F39: =IF(F38>=22,">90%",IF(F38<=22,"<90%")) -> >90% | G39: =IF(G38>=22,">90%",IF(G38<=22,"<90%")) -> <90% | H39: =IF(H38>=22,">90%",IF(H38<=22,"<90%")) -> <90% | I39: =IF(I38>=22,">90%",IF(I38<=22,"<90%")) -> >90% | ... Q39: =IF(Q38>=22,">90%",IF(Q38<=22,"<90%")) -> >90%
A40: Status | B40: =IF(B38>=22,"OK",IF(B38<=22,"LESS")) -> OK | C40: =IF(C38>=22,"OK",IF(C38<=22,"LESS")) -> OK | D40: =IF(D38>=22,"OK",IF(D38<=22,"LESS")) -> OK | E40: =IF(E38>=22,"OK",IF(E38<=22,"LESS")) -> OK | F40: =IF(F38>=22,"OK",IF(F38<=22,"LESS")) -> OK | G40: =IF(G38>=22,"OK",IF(G38<=22,"LESS")) -> LESS | H40: =IF(H38>=22,"OK",IF(H38<=22,"LESS")) -> LESS | I40: =IF(I38>=22,"OK",IF(I38<=22,"LESS")) -> OK | ... Q40: =IF(Q38>=22,"OK",IF(Q38<=22,"LESS")) -> OK
A43: Done by | B43: SUROJIT
A45: Comment

Sheet 18
A1: Station: | B1: BHATAGAON RAIPUR
A2: Date: | B2: =$A$9 -> 18-12-2022 01:00 | D2: Power Off | G2: Pw.Off | L2: Link Fail | N2: Link F | P2: Maintenance | R2: Maint.
A3: Report Type: | B3: Mean | D3: Calibration | G3: Calib. | L3: Data Fail | N3: Data F | P3: Invalid | R3: Invalid
A4: Time Base: | B4: 01 Hour | D4: Zero Referrence | G4: Z.Ref | L4: Warm Up | N4: Wm. Up
A7: Date & Time | B7: NO_BHATAGAON | C7: NO2_BHATAGAON | D7: NOX_BHATAGAON | E7: SO2_BHATAGAON | F7: O3_BHATAGAON | G7: PM10_BHATAGAON | H7: PM2_5_BHATAGAON | I7: BENZ_BHATAGAON | J7: WS_BHATAGAON | K7: WD_BHATAGAON | L7: TEMP_BHATAGAON | M7: HUM BHATAGAON | N7: SR_BHATAGAON | O7: RG_BHATAGAON | P7: CO_BHATAGAON | Q7: NH3_BHATAGAON
B8: ug/m3 | C8: ug/m3 | D8: ug/m3 | E8: ug/m3 | F8: ug/m3 | G8: mg/m3 | H8: ug/m3 | I8: ug/m3 | J8: m/sec | K8: deg | L8: degreC | M8: % | N8: w/m2 | O8: mm | P8: ug/m3 | Q8: ug/m3
A9: 18-12-2022 01:00 | B9: 57.07 | C9: 104.87 | D9: 103.64 | E9: 5.18 | F9: 1.39 | G9: 41.5 | H9: 33.05 | I9: 0.8 | J9: 0.31 | K9: 359.58 | L9: 18.53 | M9: 49 | N9: 24.3 | O9: 0 | P9: 2.53 | Q9: 41.68
A10: 18-12-2022 02:00 | B10: 46.03 | C10: 93.72 | D10: 88.64 | E10: 5.24 | F10: 0.84 | G10: Invalid | H10: 29.14 | I10: 0.73 | J10: 0.38 | K10: 39.1 | L10: 18.12 | M10: 48 | N10: 23.8 | O10: 0 | P10: 2.13 | Q10: 41.96
A11: 18-12-2022 03:00 | B11: 32.82 | C11: 84.31 | D11: 72.84 | E11: 4.94 | F11: 0.99 | G11: 29.92 | H11: 26.25 | I11: 0.65 | J11: 0.48 | K11: 56.05 | L11: 17.82 | M11: 49 | N11: 24 | O11: 0 | P11: 1.8 | Q11: 41.09
A12: 18-12-2022 04:00 | B12: 20.25 | C12: 76.17 | D12: 58.27 | E12: 5.67 | F12: 1.04 | G12: 29.92 | H12: 24.68 | I12: 0.52 | J12: 0.97 | K12: 16.46 | L12: 17.6 | M12: 50 | N12: 24 | O12: 0 | P12: 1.41 | Q12: 38.1
A13: 18-12-2022 05:00 | B13: 12.61 | C13: 71.92 | D13: 49.8 | E13: 5.15 | F13: 0.92 | G13: Invalid | H13: 22.23 | I13: 0.41 | J13: 1 | K13: 10.47 | L13: 17.01 | M13: 53 | N13: 24.1 | O13: 0 | P13: 1.12 | Q13: 36.1
A14: 18-12-2022 06:00 | B14: 10.19 | C14: 68.68 | D14: 46.04 | E14: 4.63 | F14: 0.89 | G14: Invalid | H14: 18.82 | I14: 0.38 | J14: 0.68 | K14: 58.17 | L14: 16.47 | M14: 56 | N14: 24.1 | O14: 0 | P14: 0.94 | Q14: 35.63
A15: 18-12-2022 07:00 | B15: 10.41 | C15: 67.51 | D15: 45.61 | E15: 4.39 | F15: 0.89 | G15: Invalid | H15: 17.79 | I15: 0.34 | J15: 0.4 | K15: 85.58 | L15: 15.55 | M15: 58 | N15: 37.7 | O15: 0 | P15: 0.81 | Q15: 34.86
A16: 18-12-2022 08:00 | B16: 11.97 | C16: 67.66 | D16: 46.87 | E16: 4.45 | F16: 1.12 | G16: Invalid | H16: 16.62 | I16: 0.31 | J16: 0.64 | K16: 101.9 | L16: 18.64 | M16: 57 | N16: 219 | O16: 0 | P16: 0.81 | Q16: 34.92
A17: 18-12-2022 09:00 | B17: 16.11 | C17: 70.59 | D17: 51.88 | E17: 7.03 | F17: 0.84 | G17: 55.24 | H17: 21.86 | I17: 0.33 | J17: 1.18 | K17: 108.07 | L17: 20.89 | M17: 44 | N17: 346.7 | O17: 0 | P17: 0.85 | Q17: 36.4
A18: 18-12-2022 10:00 | B18: 15.66 | C18: 71.87 | D18: 51.66 | E18: 7.06 | F18: 1.21 | G18: 31.14 | H18: 25.65 | I18: 0.33 | J18: 1.34 | K18: 95.49 | L18: 23.88 | M18: 40 | N18: 391.4 | O18: 0 | P18: 0.85 | Q18: 41.7
A19: 18-12-2022 11:00 | B19: 11.14 | C19: 72.09 | D19: 48.72 | E19: 7.96 | F19: 1.5 | G19: Invalid | H19: 24.92 | I19: 0.33 | J19: 1.54 | K19: 104.47 | L19: 27.25 | M19: 37 | N19: 426.3 | O19: 0 | P19: 0.82 | Q19: 36.44
A20: 18-12-2022 12:00 | B20: 11.28 | C20: 76.79 | D20: 50.77 | E20: 8.14 | F20: 1.57 | G20: Invalid | H20: 25.91 | I20: 0.27 | J20: 1.25 | K20: 59.61 | L20: 31.11 | M20: 29 | N20: 428.1 | O20: 0 | P20: 0.82 | Q20: 36.92
A21: 18-12-2022 13:00 | B21: 11.52 | C21: 77.79 | D21: 51.93 | E21: 7.61 | F21: 1.82 | G21: Invalid | H21: 25.91 | I21: 0.29 | J21: 0.82 | K21: 115.23 | L21: 30.37 | M21: 25 | N21: 423 | O21: 0 | P21: 0.82 | Q21: 38.39
A22: 18-12-2022 14:00 | B22: 11.79 | C22: 80.17 | D22: 53.23 | E22: 8.72 | F22: 2.07 | G22: Invalid | H22: 25.41 | I22: 0.28 | J22: 0.75 | K22: 143.92 | L22: 29.24 | M22: 21 | N22: 403.5 | O22: 0 | P22: 0.8 | Q22: 38.43
A23: 18-12-2022 15:00 | B23: 11.91 | C23: 83.75 | D23: 55.77 | E23: 18.84 | F23: 4.48 | G23: Invalid | H23: Invalid | I23: 0.26 | J23: 1.38 | K23: 133.6 | L23: 30.44 | M23: 22 | N23: 353.4 | O23: 0 | P23: 0.81 | Q23: 39.11
A24: 18-12-2022 16:00 | B24: 15.55 | C24: 83.49 | D24: 58.28 | E24: 17.06 | F24: 3.25 | G24: Maint. | H24: Invalid | I24: 0.27 | J24: 0.63 | K24: 75.69 | L24: 27.65 | M24: 24 | N24: 237 | O24: 0 | P24: 0.83 | Q24: 40.5
A25: 18-12-2022 17:00 | B25: 16.22 | C25: 87.25 | D25: 60.68 | E25: 12.48 | F25: 1.67 | G25: Maint. | H25: 30.88 | I25: 0.28 | J25: 1.4 | K25: 10.5 | L25: 26.75 | M25: 29 | N25: 56.2 | O25: 0 | P25: 1 | Q25: 41.55
A26: 18-12-2022 18:00 | B26: 14.98 | C26: 94.78 | D26: 64.26 | E26: 8.09 | F26: 2.67 | G26: Maint. | H26: 26.94 | I26: 0.29 | J26: 1.19 | K26: 17.77 | L26: 24.88 | M26: 36 | N26: 30 | O26: 0 | P26: 1.27 | Q26: 40.27
A27: 18-12-2022 19:00 | B27: 20.54 | C27: 98.37 | D27: 70.76 | E27: 7.81 | F27: 2.17 | G27: Maint. | H27: 41.47 | I27: 0.36 | J27: 0.33 | K27: 72.89 | L27: 22.55 | M27: 42 | N27: 24.3 | O27: 0 | P27: 1.54 | Q27: 40.99
A28: 18-12-2022 20:00 | B28: 40.33 | C28: 102.28 | D28: 88.79 | E28: 7.18 | F28: 0.71 | G28: 135.69 | H28: 39.63 | I28: 0.51 | J28: 0.18 | K28: 359.87 | L28: 20.73 | M28: 49 | N28: 24.2 | O28: 0 | P28: 2.18 | Q28: 44.33
A29: 18-12-2022 21:00 | B29: 59.79 | C29: 115.56 | D29: 111.72 | E29: 6.99 | F29: 0.71 | G29: 223.43 | H29: 57.57 | I29: 0.68 | J29: 0.16 | K29: 347.18 | L29: 19.89 | M29: 55 | N29: 24.4 | O29: 0 | P29: 2.9 | Q29: 44.71
A30: 18-12-2022 22:00 | B30: 85.63 | C30: 127.43 | D30: 138.99 | E30: 6.82 | F30: 0.71 | G30: 205.01 | H30: 59.41 | I30: 0.86 | J30: 0.1 | K30: 348.1 | L30: 17.83 | M30: 64 | N30: 24.1 | O30: 0 | P30: 3.26 | Q30: 46.38
A31: 18-12-2022 23:00 | B31: 113.71 | C31: 134.14 | D31: 165.21 | E31: 7.3 | F31: 0.67 | G31: 225.67 | H31: 73.15 | I31: 1.05 | J31: 0.1 | K31: 332.79 | L31: 17.36 | M31: 67 | N31: 23.9 | O31: 0 | P31: 3.71 | Q31: 49.44
A32: 18-12-2022 24:00 | B32: 115.1 | C32: 134.3 | D32: 166.42 | E32: 7.44 | F32: 0.74 | G32: 191.68 | H32: 69.04 | I32: 1.11 | J32: 0.12 | K32: 340.85 | L32: 17.47 | M32: 59 | N32: 24.4 | O32: 0 | P32: 3.71 | Q32: 49.58
A34: Min | B34: =MIN(B9:B32) -> 10.19 | C34: =MIN(C9:C32) -> 67.51 | D34: =MIN(D9:D32) -> 45.61 | E34: =MIN(E9:E32) -> 4.39 | F34: =MIN(F9:F32) -> 0.67 | G34: =MIN(G9:G32) -> 29.92 | H34: =MIN(H9:H32) -> 16.62 | I34: =MIN(I9:I32) -> 0.26 | ... Q34: =MIN(Q9:Q32) -> 34.86
A35: Max | B35: =MAX(B9:B32) -> 115.1 | C35: =MAX(C9:C32) -> 134.3 | D35: =MAX(D9:D32) -> 166.42 | E35: =MAX(E9:E32) -> 18.84 | F35: =MAX(F9:F32) -> 4.48 | G35: =MAX(G9:G32) -> 225.67 | H35: =MAX(H9:H32) -> 73.15 | I35: =MAX(I9:I32) -> 1.11 | ... Q35: =MAX(Q9:Q32) -> 49.58
A36: Avg | B36: =AVERAGE(B9:B32) -> 32.192083 | C36: =AVERAGE(C9:C32) -> 89.395417 | D36: =AVERAGE(D9:D32) -> 75.0325 | E36: =AVERAGE(E9:E32) -> 7.7575 | F36: =AVERAGE(F9:F32) -> 1.4529167 | G36: =AVERAGE(G9:G32) -> 116.92 | H36: =AVERAGE(H9:H32) -> 33.469545 | I36: =AVERAGE(I9:I32) -> 0.485 | ... Q36: =AVERAGE(Q9:Q32) -> 40.395
A37: Stdev | B37: =STDEV(B9:B32) -> 31.990629 | C37: =STDEV(C9:C32) -> 20.831017 | D37: =STDEV(D9:D32) -> 36.653041 | E37: =STDEV(E9:E32) -> 3.6126207 | F37: =STDEV(F9:F32) -> 0.93184006 | G37: =STDEV(G9:G32) -> 87.471245 | H37: =STDEV(H9:H32) -> 16.492561 | I37: =STDEV(I9:I32) -> 0.25842331 | ... Q37: =STDEV(Q9:Q32) -> 4.1928635
A38: Num | B38: =COUNT(B9:B32) -> 24 | C38: =COUNT(C9:C32) -> 24 | D38: =COUNT(D9:D32) -> 24 | E38: =COUNT(E9:E32) -> 24 | F38: =COUNT(F9:F32) -> 24 | G38: =COUNT(G9:G32)+4 -> 14 | H38: =COUNT(H9:H32) -> 22 | I38: =COUNT(I9:I32) -> 24 | J38: =COUNT(J9:J32) -> 24 | K38: =COUNT(K9:K32) -> 24 | L38: =COUNT(L9:L32) -> 24 | M38: =COUNT(M9:M32) -> 24 | N38: =COUNT(N9:N32) -> 24 | O38: =COUNT(O9:O32) -> 24 | ... Q38: =COUNT(Q9:Q32) -> 24
A39: DCR | B39: =IF(B38>=22,">90%",IF(B38<=22,"<90%")) -> >90% | C39: =IF(C38>=22,">90%",IF(C38<=22,"<90%")) -> >90% | D39: =IF(D38>=22,">90%",IF(D38<=22,"<90%")) -> >90% | E39: =IF(E38>=22,">90%",IF(E38<=22,"<90%")) -> >90% | F39: =IF(F38>=22,">90%",IF(F38<=22,"<90%")) -> >90% | G39: =IF(G38>=22,">90%",IF(G38<=22,"<90%")) -> <90% | H39: =IF(H38>=22,">90%",IF(H38<=22,"<90%")) -> >90% | I39: =IF(I38>=22,">90%",IF(I38<=22,"<90%")) -> >90% | ... Q39: =IF(Q38>=22,">90%",IF(Q38<=22,"<90%")) -> >90%
A40: Status | B40: =IF(B38>=22,"OK",IF(B38<=22,"LESS")) -> OK | C40: =IF(C38>=22,"OK",IF(C38<=22,"LESS")) -> OK | D40: =IF(D38>=22,"OK",IF(D38<=22,"LESS")) -> OK | E40: =IF(E38>=22,"OK",IF(E38<=22,"LESS")) -> OK | F40: =IF(F38>=22,"OK",IF(F38<=22,"LESS")) -> OK | G40: =IF(G38>=22,"OK",IF(G38<=22,"LESS")) -> LESS | H40: =IF(H38>=22,"OK",IF(H38<=22,"LESS")) -> OK | I40: =IF(I38>=22,"OK",IF(I38<=22,"LESS")) -> OK | ... Q40: =IF(Q38>=22,"OK",IF(Q38<=22,"LESS")) -> OK
A43: Done by | B43: RAHUL
A45: Comment

Sheet 19
A1: Station: | B1: BHATAGAON RAIPUR
A2: Date: | B2: =$A$9 -> 19-12-2022 01:00 | D2: Power Off | G2: Pw.Off | L2: Link Fail | N2: Link F | P2: Maintenance | R2: Maint.
A3: Report Type: | B3: Mean | D3: Calibration | G3: Calib. | L3: Data Fail | N3: Data F | P3: Invalid | R3: Invalid
A4: Time Base: | B4: 01 Hour | D4: Zero Referrence | G4: Z.Ref | L4: Warm Up | N4: Wm. Up
A7: Date & Time | B7: NO_BHATAGAON | C7: NO2_BHATAGAON | D7: NOX_BHATAGAON | E7: SO2_BHATAGAON | F7: O3_BHATAGAON | G7: PM10_BHATAGAON | H7: PM2_5_BHATAGAON | I7: BENZ_BHATAGAON | J7: WS_BHATAGAON | K7: WD_BHATAGAON | L7: TEMP_BHATAGAON | M7: HUM BHATAGAON | N7: SR_BHATAGAON | O7: RG_BHATAGAON | P7: CO_BHATAGAON | Q7: NH3_BHATAGAON
B8: ug/m3 | C8: ug/m3 | D8: ug/m3 | E8: ug/m3 | F8: ug/m3 | G8: mg/m3 | H8: ug/m3 | I8: ug/m3 | J8: m/sec | K8: deg | L8: degreC | M8: % | N8: w/m2 | O8: mm | P8: ug/m3 | Q8: ug/m3
A9: 19-12-2022 01:00 | B9: 92.88 | C9: 124.82 | D9: 143.37 | E9: 5.47 | F9: 0.76 | G9: 149.23 | H9: 57.49 | I9: 1.02 | J9: 0.14 | K9: 349.64 | L9: 16.49 | M9: 60 | N9: 24.2 | O9: 0 | P9: 3.44 | Q9: 46.79
A10: 19-12-2022 02:00 | B10: 72.97 | C10: 114.16 | D10: 121.52 | E10: 5.59 | F10: 0.6 | G10: 112.42 | H10: 44.98 | I10: 0.88 | J10: 0.21 | K10: 344.87 | L10: 17.29 | M10: 57 | N10: 24.6 | O10: 0 | P10: 2.96 | Q10: 44.17
A11: 19-12-2022 03:00 | B11: 52.64 | C11: 98.39 | D11: 96.51 | E11: 4.74 | F11: 0.57 | G11: 79.52 | H11: 40.27 | I11: 0.76 | J11: 0.16 | K11: 346.63 | L11: 16.3 | M11: 74 | N11: 24.5 | O11: 0 | P11: 2.52 | Q11: 42.17
A12: 19-12-2022 04:00 | B12: 42.1 | C12: 87.72 | D12: 82.17 | E12: 4.34 | F12: 0.73 | G12: 105.01 | H12: 36.46 | I12: 0.66 | J12: 0.26 | K12: 81.26 | L12: 16.08 | M12: 77 | N12: 24.2 | O12: 0 | P12: 2.21 | Q12: 41.08
A13: 19-12-2022 05:00 | B13: 33.93 | C13: 82.32 | D13: 72.36 | E13: 5.19 | F13: 1.42 | G13: 103.14 | H13: 38.86 | I13: 0.59 | J13: 0.36 | K13: 267.65 | L13: 16.11 | M13: 58 | N13: 24.3 | O13: 0 | P13: 1.95 | Q13: 39.14
A14: 19-12-2022 06:00 | B14: 28.22 | C14: 81.74 | D14: 67.74 | E14: 5.13 | F14: 0.52 | G14: 69.22 | H14: 39.26 | I14: 0.5 | J14: 0.16 | K14: 225.97 | L14: 15.16 | M14: 61 | N14: 24.2 | O14: 0 | P14: 1.79 | Q14: 38.23
A15: 19-12-2022 07:00 | B15: 31 | C15: 81.45 | D15: 69.82 | E15: 4.9 | F15: 0.82 | G15: 126.25 | H15: 47.64 | I15: 0.46 | J15: 0.18 | K15: 113.7 | L15: 14.96 | M15: 61 | N15: 37.3 | O15: 0 | P15: 1.65 | Q15: 38.65
A16: 19-12-2022 08:00 | B16: 28.73 | C16: 82.25 | D16: 67.76 | E16: 4.71 | F16: 1.32 | G16: 122.65 | H16: 42.59 | I16: 0.42 | J16: 0.61 | K16: 111.56 | L16: 18.16 | M16: 57 | N16: 197 | O16: 0 | P16: 1.5 | Q16: 36.38
A17: 19-12-2022 09:00 | B17: 28.11 | C17: 87.4 | D17: 70.27 | E17: 6.19 | F17: 1.12 | G17: 117.1 | H17: 38.56 | I17: 0.41 | J17: 0.7 | K17: 91.4 | L17: 25.43 | M17: 44 | N17: 324 | O17: 0 | P17: 1.49 | Q17: 36.72
A18: 19-12-2022 10:00 | B18: 26.09 | C18: 87.03 | D18: 68.95 | E18: 6 | F18: 0.82 | G18: 66.68 | H18: 37.95 | I18: 0.43 | J18: 1.62 | K18: 137.91 | L18: 22.25 | M18: 40 | N18: 365.9 | O18: 0 | P18: 1.46 | Q18: 37.88
A19: 19-12-2022 11:00 | B19: 17.08 | C19: 82.68 | D19: 58.57 | E19: 8.76 | F19: 2.61 | G19: 128.41 | H19: 35.34 | I19: 0.43 | J19: 0.97 | K19: 127.13 | L19: 25.61 | M19: 39 | N19: 408.8 | O19: 0 | P19: 1.32 | Q19: 38.24
A20: 19-12-2022 12:00 | B20: 6.4 | C20: 83.71 | D20: 79.09 | E20: 6.28 | F20: 2.27 | G20: Calib. | H20: Calib. | I20: 0.36 | J20: 1.56 | K20: 136.08 | L20: 25.93 | M20: 30 | N20: 420.5 | O20: 0 | P20: 1.14 | Q20: 34.63
A21: 19-12-2022 13:00 | B21: 5.5 | C21: 71.7 | D21: 77.2 | E21: 24.02 | F21: 11.4 | G21: Calib. | H21: Calib. | I21: 0.24 | J21: 1 | K21: 127.3 | L21: 29.7 | M21: 27 | N21: 409.4 | O21: 0 | P21: 0.76 | Q21: 28.95
A22: 19-12-2022 14:00 | B22: 5.03 | C22: 75.35 | D22: 80.01 | E22: 9.68 | F22: 2.36 | G22: 28.35 | H22: 27.04 | I22: 0.22 | J22: 0.72 | K22: 357.76 | L22: 31.63 | M22: 21 | N22: 396.5 | O22: 0 | P22: 0.74 | Q22: 31.95
A23: 19-12-2022 15:00 | B23: 6.32 | C23: 78.36 | D23: 84.68 | E23: 8.78 | F23: 3.25 | G23: 40.31 | H23: 28.65 | I23: 0.23 | J23: 1.16 | K23: 127.82 | L23: 30.2 | M23: 22 | N23: 332.7 | O23: 0 | P23: 0.79 | Q23: 33.11
A24: 19-12-2022 16:00 | B24: 8.26 | C24: 74.33 | D24: 81.11 | E24: 11.93 | F24: 2.57 | G24: 56.04 | H24: 28.65 | I24: 0.21 | J24: 1.09 | K24: 119.49 | L24: 27.28 | M24: 24 | N24: 228.1 | O24: 0 | P24: 0.74 | Q24: 34.76
A25: 19-12-2022 17:00 | B25: 39.24 | C25: 118 | D25: 103.46 | E25: 57.08 | F25: 2.79 | G25: 56.04 | H25: 27.36 | I25: 0.23 | J25: 0.5 | K25: 92.12 | L25: 26.73 | M25: 28 | N25: 57.6 | O25: 0 | P25: 1.57 | Q25: 36.94
A26: 19-12-2022 18:00 | B26: 58.06 | C26: 123.26 | D26: 114.58 | E26: 16.96 | F26: 1.06 | G26: 64.17 | H26: 28.47 | I26: 0.48 | J26: 0.15 | K26: 86.5 | L26: 24.92 | M26: 37 | N26: 29.8 | O26: 0 | P26: 2.08 | Q26: 37.32
A27: 19-12-2022 19:00 | B27: 69.84 | C27: 136.37 | D27: 131.26 | E27: 7.72 | F27: 1.25 | G27: 135.37 | H27: 43.32 | I27: 0.66 | J27: 0.26 | K27: 290.36 | L27: 23.01 | M27: 43 | N27: 24.5 | O27: 0 | P27: 2.74 | Q27: 39.22
A28: 19-12-2022 20:00 | B28: 73.63 | C28: 136.79 | D28: 132.54 | E28: 7.32 | F28: 0.74 | G28: 151.06 | H28: 58.45 | I28: 0.91 | J28: 0.11 | K28: 300.73 | L28: 20.85 | M28: 50 | N28: 24.3 | O28: 0 | P28: 2.99 | Q28: 41.12
A29: 19-12-2022 21:00 | B29: 101.41 | C29: 133.5 | D29: 155 | E29: 6.59 | F29: 0.23 | G29: 207.66 | H29: 74.73 | I29: 1.09 | J29: 0.13 | K29: 343 | L29: 19.47 | M29: 61 | N29: 24.1 | O29: 0 | P29: 3.59 | Q29: 46.22
A30: 19-12-2022 22:00 | B30: 153.76 | C30: 154.33 | D30: 208.47 | E30: 6.9 | F30: 0.22 | G30: 220.23 | H30: 82.55 | I30: 1.33 | J30: 0.11 | K30: 334.8 | L30: 17.98 | M30: 63 | N30: 24.1 | O30: 0 | P30: 4.52 | Q30: 50.83
A31: 19-12-2022 23:00 | B31: 213.2 | C31: 175.83 | D31: 268.01 | E31: 7.73 | F31: 0.33 | G31: 232.39 | H31: 88.75 | I31: 1.62 | J31: 0.14 | K31: 342.83 | L31: 17.63 | M31: 68 | N31: 24.1 | O31: 0 | P31: 4.93 | Q31: 53.89
A32: 19-12-2022 24:00 | B32: 216.41 | C32: 174.13 | D32: 268.74 | E32: 7.92 | F32: 2.2 | G32: 232.39 | H32: 91.74 | I32: 1.75 | J32: 0.15 | K32: 330.76 | L32: 16.81 | M32: 72 | N32: 24.2 | O32: 0 | P32: 5.06 | Q32: 55.2
A34: Min | B34: =MIN(B9:B32) -> 5.03 | C34: =MIN(C9:C32) -> 71.7 | D34: =MIN(D9:D32) -> 58.57 | E34: =MIN(E9:E32) -> 4.34 | F34: =MIN(F9:F32) -> 0.22 | G34: =MIN(G9:G32) -> 28.35 | H34: =MIN(H9:H32) -> 27.04 | I34: =MIN(I9:I32) -> 0.21 | ... Q34: =MIN(Q9:Q32) -> 28.95
A35: Max | B35: =MAX(B9:B32) -> 216.41 | C35: =MAX(C9:C32) -> 175.83 | D35: =MAX(D9:D32) -> 268.74 | E35: =MAX(E9:E32) -> 57.08 | F35: =MAX(F9:F32) -> 11.4 | G35: =MAX(G9:G32) -> 232.39 | H35: =MAX(H9:H32) -> 91.74 | I35: =MAX(I9:I32) -> 1.75 | ... Q35: =MAX(Q9:Q32) -> 55.2
A36: Avg | B36: =AVERAGE(B9:B32) -> 58.78375 | C36: =AVERAGE(C9:C32) -> 106.0675 | D36: =AVERAGE(D9:D32) -> 112.63292 | E36: =AVERAGE(E9:E32) -> 9.9970833 | F36: =AVERAGE(F9:F32) -> 1.7483333 | G36: =AVERAGE(G9:G32) -> 118.34727 | H36: =AVERAGE(H9:H32) -> 47.232273 | I36: =AVERAGE(I9:I32) -> 0.66208333 | ... Q36: =AVERAGE(Q9:Q32) -> 40.149583
A37: Stdev | B37: =STDEV(B9:B32) -> 59.958929 | C37: =STDEV(C9:C32) -> 32.0871 | D37: =STDEV(D9:D32) -> 59.65969 | E37: =STDEV(E9:E32) -> 10.947212 | F37: =STDEV(F9:F32) -> 2.2437714 | G37: =STDEV(G9:G32) -> 61.252593 | H37: =STDEV(H9:H32) -> 20.032714 | I37: =STDEV(I9:I32) -> 0.43514095 | ... Q37: =STDEV(Q9:Q32) -> 6.5773356
A38: Num | B38: =COUNT(B9:B32) -> 24 | C38: =COUNT(C9:C32) -> 24 | D38: =COUNT(D9:D32) -> 24 | E38: =COUNT(E9:E32) -> 24 | F38: =COUNT(F9:F32) -> 24 | G38: =COUNT(G9:G32)+2 -> 24 | H38: =COUNT(H9:H32)+2 -> 24 | I38: =COUNT(I9:I32) -> 24 | J38: =COUNT(J9:J32) -> 24 | K38: =COUNT(K9:K32) -> 24 | L38: =COUNT(L9:L32) -> 24 | M38: =COUNT(M9:M32) -> 24 | N38: =COUNT(N9:N32) -> 24 | O38: =COUNT(O9:O32) -> 24 | P38: =COUNT(P9:P32) -> 24 | Q38: =COUNT(Q9:Q32) -> 24
A39: DCR | B39: =IF(B38>=22,">90%",IF(B38<=22,"<90%")) -> >90% | C39: =IF(C38>=22,">90%",IF(C38<=22,"<90%")) -> >90% | D39: =IF(D38>=22,">90%",IF(D38<=22,"<90%")) -> >90% | E39: =IF(E38>=22,">90%",IF(E38<=22,"<90%")) -> >90% | F39: =IF(F38>=22,">90%",IF(F38<=22,"<90%")) -> >90% | G39: =IF(G38>=22,">90%",IF(G38<=22,"<90%")) -> >90% | H39: =IF(H38>=22,">90%",IF(H38<=22,"<90%")) -> >90% | I39: =IF(I38>=22,">90%",IF(I38<=22,"<90%")) -> >90% | ... Q39: =IF(Q38>=22,">90%",IF(Q38<=22,"<90%")) -> >90%
A40: Status | B40: =IF(B38>=22,"OK",IF(B38<=22,"LESS")) -> OK | C40: =IF(C38>=22,"OK",IF(C38<=22,"LESS")) -> OK | D40: =IF(D38>=22,"OK",IF(D38<=22,"LESS")) -> OK | E40: =IF(E38>=22,"OK",IF(E38<=22,"LESS")) -> OK | F40: =IF(F38>=22,"OK",IF(F38<=22,"LESS")) -> OK | G40: =IF(G38>=22,"OK",IF(G38<=22,"LESS")) -> OK | H40: =IF(H38>=22,"OK",IF(H38<=22,"LESS")) -> OK | I40: =IF(I38>=22,"OK",IF(I38<=22,"LESS")) -> OK | ... Q40: =IF(Q38>=22,"OK",IF(Q38<=22,"LESS")) -> OK
A43: Done by | B43: surojit
A45: Comment

Sheet 20
A1: Station: | B1: BHATAGAON RAIPUR
A2: Date: | B2: =$A$9 -> 20-12-2022 01:00 | D2: Power Off | G2: Pw.Off | L2: Link Fail | N2: Link F | P2: Maintenance | R2: Maint.
A3: Report Type: | B3: Mean | D3: Calibration | G3: Calib. | L3: Data Fail | N3: Data F | P3: Invalid | R3: Invalid
A4: Time Base: | B4: 01 Hour | D4: Zero Referrence | G4: Z.Ref | L4: Warm Up | N4: Wm. Up
A7: Date & Time | B7: NO_BHATAGAON | C7: NO2_BHATAGAON | D7: NOX_BHATAGAON | E7: SO2_BHATAGAON | F7: O3_BHATAGAON | G7: PM10_BHATAGAON | H7: PM2_5_BHATAGAON | I7: BENZ_BHATAGAON | J7: WS_BHATAGAON | K7: WD_BHATAGAON | L7: TEMP_BHATAGAON | M7: HUM BHATAGAON | N7: SR_BHATAGAON | O7: RG_BHATAGAON | P7: CO_BHATAGAON | Q7: NH3_BHATAGAON
B8: ug/m3 | C8: ug/m3 | D8: ug/m3 | E8: ug/m3 | F8: ug/m3 | G8: mg/m3 | H8: ug/m3 | I8: ug/m3 | J8: m/sec | K8: deg | L8: degreC | M8: % | N8: w/m2 | O8: mm | P8: ug/m3 | Q8: ug/m3
A9: 20-12-2022 01:00 | B9: 207.76 | C9: 162.44 | D9: 256.26 | E9: 6.74 | F9: 1.25 | G9: 197.24 | H9: 91.74 | I9: 1.78 | J9: 0.17 | K9: 286.56 | L9: 16.51 | M9: 74 | N9: 24.2 | O9: 0 | P9: 4.92 | Q9: 54.5
A10: 20-12-2022 02:00 | B10: 174.25 | C10: 139.66 | D10: 216.81 | E10: 6.28 | F10: 0.22 | G10: 181.7 | H10: 87.78 | I10: 1.62 | J10: 0.14 | K10: 356.58 | L10: 15.26 | M10: 77 | N10: 24.4 | O10: 0 | P10: 3.98 | Q10: 52.86
A11: 20-12-2022 03:00 | B11: 137.94 | C11: 121.33 | D11: 177.58 | E11: 5.75 | F11: 1.64 | G11: 140.38 | H11: 79.87 | I11: 1.23 | J11: 0.22 | K11: 309.65 | L11: 15.82 | M11: 77 | N11: 24.4 | O11: 0 | P11: 3.53 | Q11: 48.06
A12: 20-12-2022 04:00 | B12: 110.24 | C12: 108.08 | D12: 148.05 | E12: 5.43 | F12: 0.53 | G12: 134.36 | H12: 73.89 | I12: 1.06 | J12: 0.15 | K12: 333.3 | L12: 14.65 | M12: 78 | N12: 24.4 | O12: 0 | P12: 2.96 | Q12: 45.89
A13: 20-12-2022 05:00 | B13: 85.63 | C13: 96.91 | D13: 122.16 | E13: 5.29 | F13: 1.65 | G13: 123.07 | H13: 67.04 | I13: 0.88 | J13: 0.12 | K13: 339.87 | L13: 14.49 | M13: 78 | N13: 24.4 | O13: 0 | P13: 2.47 | Q13: 45.77
A14: 20-12-2022 06:00 | B14: 83.96 | C14: 99.04 | D14: 121.99 | E14: 4.96 | F14: 2.35 | G14: 164.34 | H14: 76.54 | I14: 0.73 | J14: 0.14 | K14: 334.22 | L14: 13.91 | M14: 83 | N14: 24.3 | O14: 0 | P14: 2.19 | Q14: 43.36
A15: 20-12-2022 07:00 | B15: 121.82 | C15: 111.51 | D15: 159.23 | E15: 5.8 | F15: 0.9 | G15: 205.76 | H15: 90.13 | I15: 0.65 | J15: 0.1 | K15: 299.8 | L15: 14.25 | M15: 84 | N15: 36.5 | O15: 0 | P15: 2.23 | Q15: 45.35
A16: 20-12-2022 08:00 | B16: 125.45 | C16: 114.86 | D16: 163.22 | E16: 5.82 | F16: 1.18 | G16: 212.54 | H16: 101.02 | I16: 0.65 | J16: 0.43 | K16: 290.19 | L16: 17.3 | M16: 77 | N16: 176 | O16: 0 | P16: 2.25 | Q16: 46.96
A17: 20-12-2022 09:00 | B17: 107.47 | C17: 116.96 | D17: 150.73 | E17: 5.58 | F17: 0.13 | G17: 212.54 | H17: 101.02 | I17: 0.62 | J17: 0.55 | K17: 189.78 | L17: 22.24 | M17: 63 | N17: 297.7 | O17: 0 | P17: 2.22 | Q17: 45.68
A18: 20-12-2022 10:00 | B18: 82.6 | C18: 113.24 | D18: 128.47 | E18: 5.88 | F18: 0.36 | G18: 163.07 | H18: 85.6 | I18: 0.58 | J18: 0.86 | K18: 167.7 | L18: 24.48 | M18: 47 | N18: 351.3 | O18: 0 | P18: 2.2 | Q18: 44.33
A19: 20-12-2022 11:00 | B19: 59.19 | C19: 112.96 | D19: 108.66 | E19: 7.36 | F19: 1.41 | G19: 155.81 | H19: 84.26 | I19: 0.57 | J19: 0.75 | K19: 167.1 | L19: 30.68 | M19: 35 | N19: 387.4 | O19: 0 | P19: 2.06 | Q19: 45.64
A20: 20-12-2022 12:00 | B20: 37.23 | C20: 122.75 | D20: 93.65 | E20: 6 | F20: 1.05 | G20: 123.63 | H20: 73.78 | I20: 0.55 | J20: 0.46 | K20: 356.98 | L20: 31.93 | M20: 26 | N20: 408.6 | O20: 0 | P20: 1.93 | Q20: 46.73
... A32: 20-12-2022 24:00 | B32: 173.35 | C32: 156.93 | D32: 225.39 | E32: 6.39 | F32: 0.77 | G32: 248.17 | H32: 75.03 | I32: 1.54 | J32: 0.3 | K32: 341.14 | L32: 18.57 | M32: 65 | N32: 24.6 | O32: 0 | P32: 4.32 | Q32: 55.71
A34: Min | B34: =MIN(B9:B32) -> 3.01 | C34: =MIN(C9:C32) -> 95.64 | D34: =MIN(D9:D32) -> 56.25 | E34: =MIN(E9:E32) -> 4.96 | F34: =MIN(F9:F32) -> 0.13 | G34: =MIN(G9:G32) -> 96.57 | H34: =MIN(H9:H32) -> 41.49 | I34: =MIN(I9:I32) -> 0.39 | ... Q34: =MIN(Q9:Q32) -> 43.36
A35: Max | B35: =MAX(B9:B32) -> 207.76 | C35: =MAX(C9:C32) -> 162.44 | D35: =MAX(D9:D32) -> 256.26 | E35: =MAX(E9:E32) -> 15.38 | F35: =MAX(F9:F32) -> 11.16 | G35: =MAX(G9:G32) -> 248.17 | H35: =MAX(H9:H32) -> 101.02 | I35: =MAX(I9:I32) -> 1.78 | ... Q35: =MAX(Q9:Q32) -> 55.71
A36: Avg | B36: =AVERAGE(B9:B32) -> 79.954167 | C36: =AVERAGE(C9:C32) -> 118.04542 | D36: =AVERAGE(D9:D32) -> 128.89667 | E36: =AVERAGE(E9:E32) -> 7.2079167 | F36: =AVERAGE(F9:F32) -> 2.2729167 | G36: =AVERAGE(G9:G32) -> 151.40375 | H36: =AVERAGE(H9:H32) -> 69.972917 | I36: =AVERAGE(I9:I32) -> 0.81833333 | ... Q36: =AVERAGE(Q9:Q32) -> 47.4175
A37: Stdev | B37: =STDEV(B9:B32) -> 61.974998 | C37: =STDEV(C9:C32) -> 18.368113 | D37: =STDEV(D9:D32) -> 57.698893 | E37: =STDEV(E9:E32) -> 2.7629946 | F37: =STDEV(F9:F32) -> 2.917601 | G37: =STDEV(G9:G32) -> 46.920287 | H37: =STDEV(H9:H32) -> 18.071332 | I37: =STDEV(I9:I32) -> 0.40123361 | ... Q37: =STDEV(Q9:Q32) -> 3.6658165
A38: Num | B38: =COUNT(B9:B32) -> 24 | C38: =COUNT(C9:C32) -> 24 | D38: =COUNT(D9:D32) -> 24 | E38: =COUNT(E9:E32) -> 24 | F38: =COUNT(F9:F32) -> 24 | G38: =COUNT(G9:G32) -> 24 | H38: =COUNT(H9:H32) -> 24 | I38: =COUNT(I9:I32) -> 24 | ... Q38: =COUNT(Q9:Q32) -> 24
A39: DCR | B39: =IF(B38>=22,">90%",IF(B38<=22,"<90%")) -> >90% | C39: =IF(C38>=22,">90%",IF(C38<=22,"<90%")) -> >90% | D39: =IF(D38>=22,">90%",IF(D38<=22,"<90%")) -> >90% | E39: =IF(E38>=22,">90%",IF(E38<=22,"<90%")) -> >90% | F39: =IF(F38>=22,">90%",IF(F38<=22,"<90%")) -> >90% | G39: =IF(G38>=22,">90%",IF(G38<=22,"<90%")) -> >90% | H39: =IF(H38>=22,">90%",IF(H38<=22,"<90%")) -> >90% | I39: =IF(I38>=22,">90%",IF(I38<=22,"<90%")) -> >90% | ... Q39: =IF(Q38>=22,">90%",IF(Q38<=22,"<90%")) -> >90%
A40: Status | B40: =IF(B38>=22,"OK",IF(B38<=22,"LESS")) -> OK | C40: =IF(C38>=22,"OK",IF(C38<=22,"LESS")) -> OK | D40: =IF(D38>=22,"OK",IF(D38<=22,"LESS")) -> OK | E40: =IF(E38>=22,"OK",IF(E38<=22,"LESS")) -> OK | F40: =IF(F38>=22,"OK",IF(F38<=22,"LESS")) -> OK | G40: =IF(G38>=22,"OK",IF(G38<=22,"LESS")) -> OK | H40: =IF(H38>=22,"OK",IF(H38<=22,"LESS")) -> OK | I40: =IF(I38>=22,"OK",IF(I38<=22,"LESS")) -> OK | ... Q40: =IF(Q38>=22,"OK",IF(Q38<=22,"LESS")) -> OK
A43: Done by | B43: RAHUL
A45: Comment

Sheet 21
A1: Station: | B1: BHATAGAON RAIPUR
A2: Date: | B2: =$A$9 -> 21-12-2022 01:00 | D2: Power Off | G2: Pw.Off | L2: Link Fail | N2: Link F | P2: Maintenance | R2: Maint.
A3: Report Type: | B3: Mean | D3: Calibration | G3: Calib. | L3: Data Fail | N3: Data F | P3: Invalid | R3: Invalid
A4: Time Base: | B4: 01 Hour | D4: Zero Referrence | G4: Z.Ref | L4: Warm Up | N4: Wm. Up
A7: Date & Time | B7: NO_BHATAGAON | C7: NO2_BHATAGAON | D7: NOX_BHATAGAON | E7: SO2_BHATAGAON | F7: O3_BHATAGAON | G7: PM10_BHATAGAON | H7: PM2_5_BHATAGAON | I7: BENZ_BHATAGAON | J7: WS_BHATAGAON | K7: WD_BHATAGAON | L7: TEMP_BHATAGAON | M7: HUM BHATAGAON | N7: SR_BHATAGAON | O7: RG_BHATAGAON | P7: CO_BHATAGAON | Q7: NH3_BHATAGAON
B8: ug/m3 | C8: ug/m3 | D8: ug/m3 | E8: ug/m3 | F8: ug/m3 | G8: mg/m3 | H8: ug/m3 | I8: ug/m3 | J8: m/sec | K8: deg | L8: degreC | M8: % | N8: w/m2 | O8: mm | P8: ug/m3 | Q8: ug/m3
A9: 21-12-2022 01:00 | B9: 160.83 | C9: 144.65 | D9: 208.8 | E9: 5.31 | F9: 0.53 | G9: 187.27 | H9: 75.03 | I9: 1.5 | J9: 0.13 | K9: 338.47 | L9: 17 | M9: 71 | N9: 24.5 | O9: 0 | P9: 4.08 | Q9: 53.15
A10: 21-12-2022 02:00 | B10: 141.62 | C10: 129.51 | D10: 185.04 | E10: 5.03 | F10: 1.68 | G10: 153.54 | H10: 70.19 | I10: 1.41 | J10: 0.19 | K10: 359.34 | L10: 17 | M10: 73 | N10: 24.2 | O10: 0 | P10: 3.55 | Q10: 52.41
A11: 21-12-2022 03:00 | B11: 115.73 | C11: 118.97 | D11: 158.46 | E11: 5.14 | F11: 0.88 | G11: 153.54 | H11: 72.65 | I11: 1.17 | J11: 0.12 | K11: 334.18 | L11: 16.78 | M11: 69 | N11: 24.4 | O11: 0 | P11: 3.32 | Q11: 49.87
A12: 21-12-2022 04:00 | B12: 92.13 | C12: 111.32 | D12: 135.32 | E12: 4.92 | F12: 0.22 | G12: 173.04 | H12: 81.05 | I12: 1.05 | J12: 0.31 | K12: 356.89 | L12: 16.73 | M12: 67 | N12: 24.3 | O12: 0 | P12: 3.03 | Q12: 46.26
A13: 21-12-2022 05:00 | B13: 72.59 | C13: 102.56 | D13: 114.81 | E13: 6.1 | F13: 0.1 | G13: 186.69 | H13: 88.62 | I13: 0.91 | J13: 0.24 | K13: 80.94 | L13: 16.96 | M13: 64 | N13: 24.4 | O13: 0 | P13: 2.86 | Q13: 45.34
A14: 21-12-2022 06:00 | B14: 61.5 | C14: 96.23 | D14: 102.42 | E14: 5.51 | F14: 0.13 | G14: 186.69 | H14: 88.62 | I14: 0.78 | J14: 0.19 | K14: 104.74 | L14: 16.61 | M14: 63 | N14: 24.3 | O14: 0 | P14: 2.75 | Q14: 45.24
A15: 21-12-2022 07:00 | B15: 48.35 | C15: 92.73 | D15: 89.95 | E15: 5.07 | F15: 0.21 | G15: 161.43 | H15: 86.74 | I15: 0.62 | J15: 0.16 | K15: 346.66 | L15: 16.33 | M15: 66 | N15: 36.2 | O15: 0 | P15: 2.31 | Q15: 42.65
A16: 21-12-2022 08:00 | B16: 63.03 | C16: 100.23 | D16: 105.86 | E16: 4.86 | F16: 0.3 | G16: 116.86 | H16: 71.39 | I16: 0.53 | J16: 0.51 | K16: 115.77 | L16: 19.61 | M16: 65 | N16: 189.3 | O16: 0 | P16: 2.13 | Q16: 42.31
A17: 21-12-2022 09:00 | B17: 58.67 | C17: 97.11 | D17: 100.64 | E17: 5.59 | F17: 0.42 | G17: 119.44 | H17: 70.83 | I17: 0.52 | J17: 1.51 | K17: 126.17 | L17: 21.74 | M17: 46 | N17: 317.5 | O17: 0 | P17: 2.03 | Q17: 43.55
A18: 21-12-2022 10:00 | B18: 39.69 | C18: 91.44 | D18: 82.12 | E18: 5.78 | F18: 0.53 | G18: 119.44 | H18: 63.5 | I18: 0.5 | J18: 1.02 | K18: 104.89 | L18: 24.7 | M18: 39 | N18: 365.6 | O18: 0 | P18: 1.73 | Q18: 42.89
A19: 21-12-2022 11:00 | B19: 23.52 | C19: 90.47 | D19: 68.79 | E19: 10.34 | F19: 8.66 | G19: 92.11 | H19: 53.48 | I19: 0.41 | J19: 1.58 | K19: 116.87 | L19: 27.36 | M19: 34 | N19: 394.5 | O19: 0 | P19: 1.46 | Q19: 40.03
A20: 21-12-2022 12:00 | B20: 9.88 | C20: 86.25 | D20: 55.36 | E20: 14.86 | F20: 14.14 | G20: 77.5 | H20: 43.91 | I20: 0.32 | J20: 1.13 | K20: 42.68 | L20: 31.84 | M20: 22 | N20: 397.4 | O20: 0 | P20: 1.04 | Q20: 30.99
... A29: 21-12-2022 21:00 | B29: 150.34 | C29: 159.38 | D29: 208.52 | E29: 5.38 | F29: 0.37 | G29: 216.19 | H29: 79.81 | I29: 1.32 | J29: 0.14 | K29: 345.82 | L29: 19.26 | M29: 60 | N29: 24.3 | O29: 0 | P29: 4.36 | Q29: 50.29
A30: 21-12-2022 22:00 | B30: 207.34 | C30: 176.03 | D30: 263.42 | E30: 6.5 | F30: 0.33 | G30: Invalid | H30: 99.35 | I30: 1.71 | J30: 0.11 | K30: 348.7 | L30: 18.73 | M30: 62 | N30: 24.3 | O30: 0 | P30: 5.1 | Q30: 55.95
A31: 21-12-2022 23:00 | B31: 224.44 | C31: 178.71 | D31: 278.06 | E31: 6.61 | F31: 1.52 | G31: 246.21 | H31: 99.35 | I31: 1.91 | J31: 0.13 | K31: 330.98 | L31: 18.05 | M31: 63 | N31: 24.2 | O31: 0 | P31: 5.26 | Q31: 59.21
A32: 21-12-2022 24:00 | B32: 233.64 | C32: 179.34 | D32: 286.34 | E32: 6.53 | F32: 0.19 | G32: 246.21 | H32: 99.79 | I32: 1.92 | J32: 0.16 | K32: 344.73 | L32: 17.63 | M32: 65 | N32: 24.2 | O32: 0 | P32: 5.37 | Q32: 59.38
A34: Min | B34: =MIN(B9:B32) -> 6.57 | C34: =MIN(C9:C32) -> 83.4 | D34: =MIN(D9:D32) -> 50.73 | E34: =MIN(E9:E32) -> 4.86 | F34: =MIN(F9:F32) -> 0.1 | G34: =MIN(G9:G32) -> 56.28 | H34: =MIN(H9:H32) -> 26.59 | I34: =MIN(I9:I32) -> 0.19 | ... Q34: =MIN(Q9:Q32) -> 29.16
A35: Max | B35: =MAX(B9:B32) -> 233.64 | C35: =MAX(C9:C32) -> 179.34 | D35: =MAX(D9:D32) -> 286.34 | E35: =MAX(E9:E32) -> 17.79 | F35: =MAX(F9:F32) -> 14.14 | G35: =MAX(G9:G32) -> 246.21 | H35: =MAX(H9:H32) -> 99.79 | I35: =MAX(I9:I32) -> 1.92 | ... Q35: =MAX(Q9:Q32) -> 59.38
A36: Avg | B36: =AVERAGE(B9:B32) -> 78.8225 | C36: =AVERAGE(C9:C32) -> 115.34042 | D36: =AVERAGE(D9:D32) -> 126.69292 | E36: =AVERAGE(E9:E32) -> 7.8816667 | F36: =AVERAGE(F9:F32) -> 3.28 | G36: =AVERAGE(G9:G32) -> 136.17391 | H36: =AVERAGE(H9:H32) -> 63.568333 | I36: =AVERAGE(I9:I32) -> 0.7925 | ... Q36: =AVERAGE(Q9:Q32) -> 42.984167
A37: Stdev | B37: =STDEV(B9:B32) -> 72.471962 | C37: =STDEV(C9:C32) -> 31.067354 | D37: =STDEV(D9:D32) -> 74.611224 | E37: =STDEV(E9:E32) -> 3.9571626 | F37: =STDEV(F9:F32) -> 4.602915 | G37: =STDEV(G9:G32) -> 62.865487 | H37: =STDEV(H9:H32) -> 24.874613 | I37: =STDEV(I9:I32) -> 0.57244897 | ... Q37: =STDEV(Q9:Q32) -> 9.4337036
A38: Num | B38: =COUNT(B9:B32) -> 24 | C38: =COUNT(C9:C32) -> 24 | D38: =COUNT(D9:D32) -> 24 | E38: =COUNT(E9:E32) -> 24 | F38: =COUNT(F9:F32) -> 24 | G38: =COUNT(G9:G32) -> 23 | H38: =COUNT(H9:H32) -> 24 | I38: =COUNT(I9:I32) -> 24 | ... Q38: =COUNT(Q9:Q32) -> 24
A39: DCR | B39: =IF(B38>=22,">90%",IF(B38<=22,"<90%")) -> >90% | C39: =IF(C38>=22,">90%",IF(C38<=22,"<90%")) -> >90% | D39: =IF(D38>=22,">90%",IF(D38<=22,"<90%")) -> >90% | E39: =IF(E38>=22,">90%",IF(E38<=22,"<90%")) -> >90% | F39: =IF(F38>=22,">90%",IF(F38<=22,"<90%")) -> >90% | G39: =IF(G38>=22,">90%",IF(G38<=22,"<90%")) -> >90% | H39: =IF(H38>=22,">90%",IF(H38<=22,"<90%")) -> >90% | I39: =IF(I38>=22,">90%",IF(I38<=22,"<90%")) -> >90% | ... Q39: =IF(Q38>=22,">90%",IF(Q38<=22,"<90%")) -> >90%
A40: Status | B40: =IF(B38>=22,"OK",IF(B38<=22,"LESS")) -> OK | C40: =IF(C38>=22,"OK",IF(C38<=22,"LESS")) -> OK | D40: =IF(D38>=22,"OK",IF(D38<=22,"LESS")) -> OK | E40: =IF(E38>=22,"OK",IF(E38<=22,"LESS")) -> OK | F40: =IF(F38>=22,"OK",IF(F38<=22,"LESS")) -> OK | G40: =IF(G38>=22,"OK",IF(G38<=22,"LESS")) -> OK | H40: =IF(H38>=22,"OK",IF(H38<=22,"LESS")) -> OK | I40: =IF(I38>=22,"OK",IF(I38<=22,"LESS")) -> OK | ... Q40: =IF(Q38>=22,"OK",IF(Q38<=22,"LESS")) -> OK
A43: Done by | B43: surojit
A45: Comment

Sheet 22
A1: Station: | B1: BHATAGAON RAIPUR
A2: Date: | B2: =$A$9 -> 22-12-2022 01:00 | D2: Power Off | G2: Pw.Off | L2: Link Fail | N2: Link F | P2: Maintenance | R2: Maint.
A3: Report Type: | B3: Mean | D3: Calibration | G3: Calib. | L3: Data Fail | N3: Data F | P3: Invalid | R3: Invalid
A4: Time Base: | B4: 01 Hour | D4: Zero Referrence | G4: Z.Ref | L4: Warm Up | N4: Wm. Up
A7: Date & Time | B7: NO_BHATAGAON | C7: NO2_BHATAGAON | D7: NOX_BHATAGAON | E7: SO2_BHATAGAON | F7: O3_BHATAGAON | G7: PM10_BHATAGAON | H7: PM2_5_BHATAGAON | I7: BENZ_BHATAGAON | J7: WS_BHATAGAON | K7: WD_BHATAGAON | L7: TEMP_BHATAGAON | M7: HUM BHATAGAON | N7: SR_BHATAGAON | O7: RG_BHATAGAON | P7: CO_BHATAGAON | Q7: NH3_BHATAGAON
B8: ug/m3 | C8: ug/m3 | D8: ug/m3 | E8: ug/m3 | F8: ug/m3 | G8: mg/m3 | H8: ug/m3 | I8: ug/m3 | J8: m/sec | K8: deg | L8: degreC | M8: % | N8: w/m2 | O8: mm | P8: ug/m3 | Q8: ug/m3
A9: 22-12-2022 01:00 | B9: 220.45 | C9: 173.67 | D9: 272.63 | E9: 6.09 | F9: 0.26 | G9: 232.16 | H9: 99.79 | I9: 1.93 | J9: 0.1 | K9: 289.49 | L9: 17.37 | M9: 56 | N9: 24.3 | O9: 0 | P9: 5.26 | Q9: 58.28
A10: 22-12-2022 02:00 | B10: 174.94 | C10: 151.2 | D10: 223.73 | E10: 5.72 | F10: 0.15 | G10: 176.8 | H10: 92.35 | I10: 1.82 | J10: 0.14 | K10: 300.37 | L10: 16.75 | M10: 55 | N10: 24.2 | O10: 0 | P10: 4.4 | Q10: 53.86
A11: 22-12-2022 03:00 | B11: 131 | C11: 132.21 | D11: 178.01 | E11: 4.96 | F11: 0.1 | G11: 110.93 | H11: 76.54 | I11: 1.55 | J11: 0.13 | K11: 325.19 | L11: 15.92 | M11: 63 | N11: 24.4 | O11: 0 | P11: 3.81 | Q11: 50.54
A12: 22-12-2022 04:00 | B12: 97.28 | C12: 116.29 | D12: 142.19 | E12: 4.63 | F12: 0.14 | G12: 128.17 | H12: 66.89 | I12: 1.15 | J12: 0.26 | K12: 267.03 | L12: 16.14 | M12: 72 | N12: 24.5 | O12: 0 | P12: 3.2 | Q12: 47.64
A13: 22-12-2022 05:00 | B13: 76.24 | C13: 102.69 | D13: 117.81 | E13: 5.08 | F13: 0.16 | G13: 128.17 | H13: 66.89 | I13: 0.95 | J13: 0.15 | K13: 328.25 | L13: 14.65 | M13: 76 | N13: 24.5 | O13: 0 | P13: 2.74 | Q13: 44.15
A14: 22-12-2022 06:00 | B14: 83.03 | C14: 102.63 | D14: 123.22 | E14: 5.05 | F14: 0.11 | G14: 177.2 | H14: 73.76 | I14: 0.81 | J14: 0.15 | K14: 334.05 | L14: 14.42 | M14: 76 | N14: 24.2 | O14: 0 | P14: 2.44 | Q14: 44.86
A15: 22-12-2022 07:00 | B15: 105.63 | C15: 113.71 | D15: 147.46 | E15: 5.22 | F15: 0.18 | G15: 177.2 | H15: 73.76 | I15: 0.72 | J15: 0.13 | K15: 348.73 | L15: 14.49 | M15: 74 | N15: 42 | O15: 0 | P15: 2.23 | Q15: 46.37
A16: 22-12-2022 08:00 | B16: 117.47 | C16: 120.32 | D16: 160.55 | E16: 5.35 | F16: 1.44 | G16: 145.26 | H16: 72 | I16: 0.63 | J16: 0.49 | K16: 24.88 | L16: 20.95 | M16: 68 | N16: 198.9 | O16: 0 | P16: 2.13 | Q16: 46.7
A17: 22-12-2022 09:00 | B17: 110.89 | C17: 119.6 | D17: 154.93 | E17: 6.67 | F17: 1.54 | G17: 138.35 | H17: 72 | I17: 0.61 | J17: 0.92 | K17: 27.43 | L17: 26.73 | M17: 34 | N17: 321.3 | O17: 0 | P17: 2.07 | Q17: 46.07
A18: 22-12-2022 10:00 | B18: 83.14 | C18: 113.87 | D18: 128.24 | E18: 6.06 | F18: 0.39 | G18: 101.34 | H18: 63.47 | I18: 0.56 | J18: 1.07 | K18: 111.59 | L18: 26.57 | M18: 33 | N18: 362.2 | O18: 0 | P18: 1.83 | Q18: 44.54
A19: 22-12-2022 11:00 | B19: 56.81 | C19: 108.59 | D19: 105.49 | E19: 5.79 | F19: 0.6 | G19: 73.47 | H19: 50.68 | I19: 0.5 | J19: 1.37 | K19: 123.4 | L19: 26.39 | M19: 30 | N19: 393.4 | O19: 0 | P19: 1.58 | Q19: 43.64
A20: 22-12-2022 12:00 | B20: 31.92 | C20: 99.93 | D20: 80.75 | E20: 12.72 | F20: 13.99 | G20: 72.27 | H20: 42.61 | I20: 0.42 | J20: 1.28 | K20: 107.35 | L20: 30.26 | M20: 28 | N20: 409.5 | O20: 0 | P20: 1.31 | Q20: 41.44
... A32: 22-12-2022 24:00 | B32: 83.23 | C32: 117.4 | D32: 131.54 | E32: 5.94 | F32: 0.91 | G32: 93.33 | H32: 67.4 | I32: 1.31 | J32: 0.32 | K32: 322.75 | L32: 19.63 | M32: 45 | N32: 24.6 | O32: 0 | P32: 3.3 | Q32: 45.66
A34: Min | B34: =MIN(B9:B32) -> 10.65 | C34: =MIN(C9:C32) -> 83.72 | D34: =MIN(D9:D32) -> 57.36 | E34: =MIN(E9:E32) -> 4.63 | F34: =MIN(F9:F32) -> 0.07 | G34: =MIN(G9:G32) -> 50.22 | H34: =MIN(H9:H32) -> 26.4 | I34: =MIN(I9:I32) -> 0.16 | ... Q34: =MIN(Q9:Q32) -> 25.75
A35: Max | B35: =MAX(B9:B32) -> 220.45 | C35: =MAX(C9:C32) -> 173.67 | D35: =MAX(D9:D32) -> 272.63 | E35: =MAX(E9:E32) -> 47.18 | F35: =MAX(F9:F32) -> 13.99 | G35: =MAX(G9:G32) -> 232.16 | H35: =MAX(H9:H32) -> 99.79 | I35: =MAX(I9:I32) -> 1.93 | ... Q35: =MAX(Q9:Q32) -> 58.28
A36: Avg | B36: =AVERAGE(B9:B32) -> 79.901667 | C36: =AVERAGE(C9:C32) -> 116.67458 | D36: =AVERAGE(D9:D32) -> 128.25333 | E36: =AVERAGE(E9:E32) -> 10.237917 | F36: =AVERAGE(F9:F32) -> 2.7016667 | G36: =AVERAGE(G9:G32) -> 125.67583 | H36: =AVERAGE(H9:H32) -> 58.49 | I36: =AVERAGE(I9:I32) -> 0.795 | ... Q36: =AVERAGE(Q9:Q32) -> 42.091667
A37: Stdev | B37: =STDEV(B9:B32) -> 53.499075 | C37: =STDEV(C9:C32) -> 19.993916 | D37: =STDEV(D9:D32) -> 53.105936 | E37: =STDEV(E9:E32) -> 10.045448 | F37: =STDEV(F9:F32) -> 4.2907825 | G37: =STDEV(G9:G32) -> 57.646057 | H37: =STDEV(H9:H32) -> 21.189225 | I37: =STDEV(I9:I32) -> 0.54869014 | ... Q37: =STDEV(Q9:Q32) -> 8.1786342
A38: Num | B38: =COUNT(B9:B32) -> 24 | C38: =COUNT(C9:C32) -> 24 | D38: =COUNT(D9:D32) -> 24 | E38: =COUNT(E9:E32) -> 24 | F38: =COUNT(F9:F32) -> 24 | G38: =COUNT(G9:G32) -> 24 | H38: =COUNT(H9:H32) -> 24 | I38: =COUNT(I9:I32) -> 24 | ... Q38: =COUNT(Q9:Q32) -> 24
A39: DCR | B39: =IF(B38>=22,">90%",IF(B38<=22,"<90%")) -> >90% | C39: =IF(C38>=22,">90%",IF(C38<=22,"<90%")) -> >90% | D39: =IF(D38>=22,">90%",IF(D38<=22,"<90%")) -> >90% | E39: =IF(E38>=22,">90%",IF(E38<=22,"<90%")) -> >90% | F39: =IF(F38>=22,">90%",IF(F38<=22,"<90%")) -> >90% | G39: =IF(G38>=22,">90%",IF(G38<=22,"<90%")) -> >90% | H39: =IF(H38>=22,">90%",IF(H38<=22,"<90%")) -> >90% | I39: =IF(I38>=22,">90%",IF(I38<=22,"<90%")) -> >90% | ... Q39: =IF(Q38>=22,">90%",IF(Q38<=22,"<90%")) -> >90%
A40: Status | B40: =IF(B38>=22,"OK",IF(B38<=22,"LESS")) -> OK | C40: =IF(C38>=22,"OK",IF(C38<=22,"LESS")) -> OK | D40: =IF(D38>=22,"OK",IF(D38<=22,"LESS")) -> OK | E40: =IF(E38>=22,"OK",IF(E38<=22,"LESS")) -> OK | F40: =IF(F38>=22,"OK",IF(F38<=22,"LESS")) -> OK | G40: =IF(G38>=22,"OK",IF(G38<=22,"LESS")) -> OK | H40: =IF(H38>=22,"OK",IF(H38<=22,"LESS")) -> OK | I40: =IF(I38>=22,"OK",IF(I38<=22,"LESS")) -> OK | ... Q40: =IF(Q38>=22,"OK",IF(Q38<=22,"LESS")) -> OK
A43: Done by | B43: RAHUL
A45: Comment

Sheet 23
A1: Station: | B1: BHATAGAON RAIPUR
A2: Date: | B2: =$A$9 -> 23-12-2022 01:00 | D2: Power Off | G2: Pw.Off | L2: Link Fail | N2: Link F | P2: Maintenance | R2: Maint.
A3: Report Type: | B3: Mean | D3: Calibration | G3: Calib. | L3: Data Fail | N3: Data F | P3: Invalid | R3: Invalid
A4: Time Base: | B4: 01 Hour | D4: Zero Referrence | G4: Z.Ref | L4: Warm Up | N4: Wm. Up
A7: Date & Time | B7: NO_BHATAGAON | C7: NO2_BHATAGAON | D7: NOX_BHATAGAON | E7: SO2_BHATAGAON | F7: O3_BHATAGAON | G7: PM10_BHATAGAON | H7: PM2_5_BHATAGAON | I7: BENZ_BHATAGAON | J7: WS_BHATAGAON | K7: WD_BHATAGAON | L7: TEMP_BHATAGAON | M7: HUM BHATAGAON | N7: SR_BHATAGAON | O7: RG_BHATAGAON | P7: CO_BHATAGAON | Q7: NH3_BHATAGAON
B8: ug/m3 | C8: ug/m3 | D8: ug/m3 | E8: ug/m3 | F8: ug/m3 | G8: mg/m3 | H8: ug/m3 | I8: ug/m3 | J8: m/sec | K8: deg | L8: degreC | M8: % | N8: w/m2 | O8: mm | P8: ug/m3 | Q8: ug/m3
A9: 23-12-2022 01:00 | B9: 71.9 | C9: 110.26 | D9: 118.51 | E9: 5.55 | F9: 0.37 | G9: 144.65 | H9: 60.24 | I9: 1.15 | J9: 0.15 | K9: 348.33 | L9: 18.3 | M9: 66 | N9: 25 | O9: 0 | P9: 2.89 | Q9: 45.66
A10: 23-12-2022 02:00 | B10: 66.83 | C10: 105.08 | D10: 111.58 | E10: 5.3 | F10: 0.12 | G10: 144.65 | H10: 55.31 | I10: 0.92 | J10: 0.16 | K10: 356.42 | L10: 16.32 | M10: 67 | N10: 24.4 | O10: 0 | P10: 2.59 | Q10: 44.55
A11: 23-12-2022 03:00 | B11: 60.38 | C11: 96.55 | D11: 101.7 | E11: 5.1 | F11: 0.59 | G11: 127.9 | H11: 52.02 | I11: 0.82 | J11: 0.13 | K11: 344.99 | L11: 16.03 | M11: 69 | N11: 24.3 | O11: 0 | P11: 2.39 | Q11: 40.82
A12: 23-12-2022 04:00 | B12: 49.52 | C12: 88.21 | D12: 88.39 | E12: 5.16 | F12: 0.1 | G12: 89.23 | H12: 51.72 | I12: 0.76 | J12: 0.11 | K12: 355.06 | L12: 15.49 | M12: 75 | N12: 24.3 | O12: 0 | P12: 2.12 | Q12: 41.74
A13: 23-12-2022 05:00 | B13: 48.43 | C13: 86.74 | D13: 86.71 | E13: 4.4 | F13: 0.05 | G13: 98.19 | H13: 49.89 | I13: 0.68 | J13: 0.15 | K13: 345.02 | L13: 15.12 | M13: 76 | N13: 24.2 | O13: 0 | P13: 1.87 | Q13: 41.41
A14: 23-12-2022 06:00 | B14: 70.3 | C14: 92.56 | D14: 107.45 | E14: 4.37 | F14: 0.01 | G14: 172.23 | H14: 57.56 | I14: 0.64 | J14: 0.13 | K14: 334.44 | L14: 14.82 | M14: 77 | N14: 24.3 | O14: 0 | P14: 1.88 | Q14: 40.24
A15: 23-12-2022 07:00 | B15: 77.41 | C15: 93.59 | D15: 113.69 | E15: 5.08 | F15: 0.2 | G15: 182.43 | H15: 69.52 | I15: 0.65 | J15: 0.19 | K15: 251.92 | L15: 15.4 | M15: 70 | N15: 34.9 | O15: 0 | P15: 1.89 | Q15: 42.17
A16: 23-12-2022 08:00 | B16: 79.69 | C16: 96 | D16: 116.74 | E16: 5.43 | F16: 0.43 | G16: 209.98 | H16: 78.95 | I16: 0.61 | J16: 0.56 | K16: 120.82 | L16: 18.96 | M16: 66 | N16: 169.9 | O16: 0 | P16: 2.09 | Q16: 43.62
A17: 23-12-2022 09:00 | B17: 70.84 | C17: 96.81 | D17: 109.99 | E17: 5.75 | F17: 0.85 | G17: 209.98 | H17: 90.39 | I17: 0.55 | J17: 1.21 | K17: 124.6 | L17: 21.42 | M17: 50 | N17: 296.5 | O17: 0 | P17: 2.17 | Q17: 43.24
A18: 23-12-2022 10:00 | B18: 53.86 | C18: 93.71 | D18: 94.91 | E18: 5.5 | F18: 0.58 | G18: 192.95 | H18: 90.39 | I18: 0.51 | J18: 1.16 | K18: 127.1 | L18: 24.32 | M18: 42 | N18: 342.9 | O18: 0 | P18: 2.09 | Q18: 41.04
A19: 23-12-2022 11:00 | B19: 36.72 | C19: 99.25 | D19: 79.16 | E19: 5.88 | F19: 0.83 | G19: 93.24 | H19: 70.82 | I19: 0.5 | J19: 0.64 | K19: 126.86 | L19: 31.88 | M19: 37 | N19: 379.1 | O19: 0 | P19: 1.91 | Q19: 44.67
A20: 23-12-2022 12:00 | B20: 16.29 | C20: 108.59 | D20: 70.11 | E20: 5.86 | F20: 1.75 | G20: 95.5 | H20: 52.26 | I20: 0.46 | J20: 0.83 | K20: 359.64 | L20: 33.93 | M20: 25 | N20: 384 | O20: 0 | P20: 1.81 | Q20: 44.47
... A32: 23-12-2022 24:00 | B32: 19.31 | C32: 93.82 | D32: 67.26 | E32: 3.75 | F32: 0.76 | G32: 44.95 | H32: 42.18 | I32: 0.55 | J32: 0.51 | K32: 200.31 | L32: 21.42 | M32: 51 | N32: 24.3 | O32: 0 | P32: 1.58 | Q32: 44.77
A34: Min | B34: =MIN(B9:B32) -> 3.69 | C34: =MIN(C9:C32) -> 79.81 | D34: =MIN(D9:D32) -> 48.75 | E34: =MIN(E9:E32) -> 3.75 | F34: =MIN(F9:F32) -> 0.01 | G34: =MIN(G9:G32) -> 44.95 | H34: =MIN(H9:H32) -> 32.7 | I34: =MIN(I9:I32) -> 0.28 | ... Q34: =MIN(Q9:Q32) -> 40.24
A35: Max | B35: =MAX(B9:B32) -> 79.69 | C35: =MAX(C9:C32) -> 134.44 | D35: =MAX(D9:D32) -> 118.51 | E35: =MAX(E9:E32) -> 18.06 | F35: =MAX(F9:F32) -> 24.79 | G35: =MAX(G9:G32) -> 209.98 | H35: =MAX(H9:H32) -> 90.39 | I35: =MAX(I9:I32) -> 1.15 | ... Q35: =MAX(Q9:Q32) -> 50.17
A36: Avg | B36: =AVERAGE(B9:B32) -> 40.662083 | C36: =AVERAGE(C9:C32) -> 99.357917 | D36: =AVERAGE(D9:D32) -> 87.020417 | E36: =AVERAGE(E9:E32) -> 6.8766667 | F36: =AVERAGE(F9:F32) -> 4.47625 | G36: =AVERAGE(G9:G32) -> 120.66083 | H36: =AVERAGE(H9:H32) -> 54.929167 | I36: =AVERAGE(I9:I32) -> 0.60291667 | ... Q36: =AVERAGE(Q9:Q32) -> 44.235417
A37: Stdev | B37: =STDEV(B9:B32) -> 25.772703 | C37: =STDEV(C9:C32) -> 13.739244 | D37: =STDEV(D9:D32) -> 24.059727 | E37: =STDEV(E9:E32) -> 3.4329081 | F37: =STDEV(F9:F32) -> 7.5687595 | G37: =STDEV(G9:G32) -> 48.199648 | H37: =STDEV(H9:H32) -> 15.585266 | I37: =STDEV(I9:I32) -> 0.20283811 | ... Q37: =STDEV(Q9:Q32) -> 2.8860383
A38: Num | B38: =COUNT(B9:B32) -> 24 | C38: =COUNT(C9:C32) -> 24 | D38: =COUNT(D9:D32) -> 24 | E38: =COUNT(E9:E32) -> 24 | F38: =COUNT(F9:F32) -> 24 | G38: =COUNT(G9:G32) -> 24 | H38: =COUNT(H9:H32) -> 24 | I38: =COUNT(I9:I32) -> 24 | ... Q38: =COUNT(Q9:Q32) -> 24
A39: DCR | B39: =IF(B38>=22,">90%",IF(B38<=22,"<90%")) -> >90% | C39: =IF(C38>=22,">90%",IF(C38<=22,"<90%")) -> >90% | D39: =IF(D38>=22,">90%",IF(D38<=22,"<90%")) -> >90% | E39: =IF(E38>=22,">90%",IF(E38<=22,"<90%")) -> >90% | F39: =IF(F38>=22,">90%",IF(F38<=22,"<90%")) -> >90% | G39: =IF(G38>=22,">90%",IF(G38<=22,"<90%")) -> >90% | H39: =IF(H38>=22,">90%",IF(H38<=22,"<90%")) -> >90% | I39: =IF(I38>=22,">90%",IF(I38<=22,"<90%")) -> >90% | ... Q39: =IF(Q38>=22,">90%",IF(Q38<=22,"<90%")) -> >90%
A40: Status | B40: =IF(B38>=22,"OK",IF(B38<=22,"LESS")) -> OK | C40: =IF(C38>=22,"OK",IF(C38<=22,"LESS")) -> OK | D40: =IF(D38>=22,"OK",IF(D38<=22,"LESS")) -> OK | E40: =IF(E38>=22,"OK",IF(E38<=22,"LESS")) -> OK | F40: =IF(F38>=22,"OK",IF(F38<=22,"LESS")) -> OK | G40: =IF(G38>=22,"OK",IF(G38<=22,"LESS")) -> OK | H40: =IF(H38>=22,"OK",IF(H38<=22,"LESS")) -> OK | I40: =IF(I38>=22,"OK",IF(I38<=22,"LESS")) -> OK | ... Q40: =IF(Q38>=22,"OK",IF(Q38<=22,"LESS")) -> OK
A43: Done by | B43: RAHUL
A45: Comment

Sheet 24
A1: Station: | B1: BHATAGAON RAIPUR
A2: Date: | B2: =$A$9 -> 24-12-2022 01:00 | D2: Power Off | G2: Pw.Off | L2: Link Fail | N2: Link F | P2: Maintenance | R2: Maint.
A3: Report Type: | B3: Mean | D3: Calibration | G3: Calib. | L3: Data Fail | N3: Data F | P3: Invalid | R3: Invalid
A4: Time Base: | B4: 01 Hour | D4: Zero Referrence | G4: Z.Ref | L4: Warm Up | N4: Wm. Up
A7: Date & Time | B7: NO_BHATAGAON | C7: NO2_BHATAGAON | D7: NOX_BHATAGAON | E7: SO2_BHATAGAON | F7: O3_BHATAGAON | G7: PM10_BHATAGAON | H7: PM2_5_BHATAGAON | I7: BENZ_BHATAGAON | J7: WS_BHATAGAON | K7: WD_BHATAGAON | L7: TEMP_BHATAGAON | M7: HUM BHATAGAON | N7: SR_BHATAGAON | O7: RG_BHATAGAON | P7: CO_BHATAGAON | Q7: NH3_BHATAGAON
B8: ug/m3 | C8: ug/m3 | D8: ug/m3 | E8: ug/m3 | F8: ug/m3 | G8: mg/m3 | H8: ug/m3 | I8: ug/m3 | J8: m/sec | K8: deg | L8: degreC | M8: % | N8: w/m2 | O8: mm | P8: ug/m3 | Q8: ug/m3
A9: 24-12-2022 01:00 | B9: 13.61 | C9: 82.96 | D9: 56.69 | E9: 4.09 | F9: 0.5 | G9: Invalid | H9: 33.44 | I9: 0.49 | J9: 0.35 | K9: 256.06 | L9: 20.02 | M9: 55 | N9: 24.4 | O9: 0 | P9: 1.36 | Q9: 44.65
A10: 24-12-2022 02:00 | B10: 9.25 | C10: 77.67 | D10: 50.28 | E10: 4.03 | F10: 0.42 | G10: 50.57 | H10: 25.29 | I10: 0.44 | J10: 0.17 | K10: 340.27 | L10: 18.64 | M10: 68 | N10: 24.6 | O10: 0 | P10: 1.05 | Q10: 44.82
A11: 24-12-2022 03:00 | B11: 8.8 | C11: 76.1 | D11: 48.64 | E11: 3.49 | F11: 0.61 | G11: 50.57 | H11: 22.55 | I11: 0.37 | J11: 0.2 | K11: 293.27 | L11: 16.53 | M11: 71 | N11: 24.4 | O11: 0 | P11: 0.94 | Q11: 43.13
A12: 24-12-2022 04:00 | B12: 9.17 | C12: 72.48 | D12: 47.03 | E12: 3.5 | F12: 0.26 | G12: 47.98 | H12: 24.48 | I12: 0.33 | J12: 0.2 | K12: 354.01 | L12: 16.16 | M12: 75 | N12: 24.3 | O12: 0 | P12: 0.85 | Q12: 39.27
A13: 24-12-2022 05:00 | B13: 15.59 | C13: 74.36 | D13: 53.54 | E13: 4.58 | F13: 0.12 | G13: 83.33 | H13: 32.38 | I13: 0.33 | J13: 0.18 | K13: 353.02 | L13: 15.93 | M13: 78 | N13: 24.1 | O13: 0 | P13: 0.97 | Q13: 41.82
A14: 24-12-2022 06:00 | B14: 28.73 | C14: 81.93 | D14: 68.25 | E14: 5.09 | F14: Z.Ref | G14: 186.6 | H14: 96.12 | I14: 0.35 | J14: 0.23 | K14: 110.11 | L14: 16.57 | M14: 80 | N14: 24.1 | O14: 0 | P14: 1.32 | Q14: 42.26
A15: 24-12-2022 07:00 | B15: 30.56 | C15: 82.18 | D15: 69.81 | E15: 5.02 | F15: 0.27 | G15: 232.42 | H15: 111.76 | I15: 0.35 | J15: 0.4 | K15: 97.27 | L15: 16.55 | M15: 72 | N15: 34.8 | O15: 0 | P15: 1.51 | Q15: 41.12
A16: 24-12-2022 08:00 | B16: 28.86 | C16: 81.08 | D16: 67.89 | E16: 5.33 | F16: 0.22 | G16: 232.42 | H16: 111.76 | I16: 0.36 | J16: 1.39 | K16: 112.31 | L16: 18.98 | M16: 69 | N16: 200.2 | O16: 0 | P16: 1.59 | Q16: 40.77
A17: 24-12-2022 09:00 | B17: 22.46 | C17: 80.23 | D17: 61.68 | E17: 6.04 | F17: 0.3 | G17: 121.69 | H17: 70.92 | I17: 0.37 | J17: 1.63 | K17: 112 | L17: 21.86 | M17: 57 | N17: 314.7 | O17: 0 | P17: 1.56 | Q17: 41.62
A18: 24-12-2022 10:00 | B18: 14.26 | C18: 84.04 | D18: 56.94 | E18: 6.21 | F18: 0.78 | G18: 81.59 | H18: 49.79 | I18: 0.35 | J18: 0.94 | K18: 113.26 | L18: 25.23 | M18: 48 | N18: 360.1 | O18: 0 | P18: 1.46 | Q18: 41.03
A19: 24-12-2022 11:00 | B19: 10.71 | C19: 82.26 | D19: 53.99 | E19: 7.43 | F19: 7.57 | G19: 81.11 | H19: 48.41 | I19: 0.33 | J19: 0.73 | K19: 169.71 | L19: 29.23 | M19: 39 | N19: 399.5 | O19: 0 | P19: 1.41 | Q19: 39.34
A20: 24-12-2022 12:00 | B20: 2.89 | C20: 62.69 | D20: 36.92 | E20: 9.12 | F20: 15.01 | G20: 81.11 | H20: 38.24 | I20: 0.33 | J20: 1.06 | K20: 168.56 | L20: 29.83 | M20: 35 | N20: 401.4 | O20: 0 | P20: 1 | Q20: 30.33
A21: 24-12-2022 13:00 | B21: 2.74 | C21: 61.26 | D21: 36 | E21: 3.76 | F21: 6.05 | G21: 47.96 | H21: 32.43 | I21: 0.16 | J21: 0.75 | K21: 168.87 | L21: 32.11 | M21: 24 | N21: 399.9 | O21: 0 | P21: 0.8 | Q21: 29.39
A22: 24-12-2022 14:00 | B22: 6.81 | C22: 55.43 | D22: 35.27 | E22: 4.21 | F22: 16.21 | G22: 47.96 | H22: 32.43 | I22: 0.14 | J22: 0.52 | K22: 148.63 | L22: 33.16 | M22: 21 | N22: 381 | O22: 0 | P22: 0.68 | Q22: 27.65
A23: 24-12-2022 15:00 | B23: 4.44 | C23: 55.42 | D23: 34.11 | E23: 4.38 | F23: 14.38 | G23: 33.55 | H23: 24.47 | I23: 0.15 | J23: 0.82 | K23: 335.5 | L23: 32.35 | M23: 19 | N23: 328.5 | O23: 0 | P23: 0.61 | Q23: 31.01
A24: 24-12-2022 16:00 | B24: 4.23 | C24: 60.49 | D24: 36.37 | E24: 3.26 | F24: 7.38 | G24: Invalid | H24: 22.76 | I24: 0.19 | J24: 0.81 | K24: 170.36 | L24: 30.89 | M24: 21 | N24: 226.1 | O24: 0 | P24: 0.62 | Q24: 36.18
A25: 24-12-2022 17:00 | B25: 9.69 | C25: 80.63 | D25: 52.27 | E25: 5.14 | F25: 17.47 | G25: 36.14 | H25: 22.76 | I25: 0.17 | J25: 0.11 | K25: 206.33 | L25: 29.36 | M25: 23 | N25: 55.4 | O25: 0 | P25: 0.78 | Q25: 37.04
A26: 24-12-2022 18:00 | B26: 29.04 | C26: 94.57 | D26: 75.48 | E26: 4.47 | F26: 8.81 | G26: 59.08 | H26: 33.06 | I26: 0.27 | J26: 0.06 | K26: 351.47 | L26: 27.37 | M26: 46 | N26: 31.3 | O26: 0 | P26: 0.92 | Q26: 36.5
A27: 24-12-2022 19:00 | B27: 44.21 | C27: 105.66 | D27: 93.77 | E27: 4.55 | F27: 0.24 | G27: 146.93 | H27: 46.69 | I27: 0.35 | J27: 0.09 | K27: 172.44 | L27: 22.86 | M27: 53 | N27: 24.4 | O27: 0 | P27: 1.05 | Q27: 44.69
A28: 24-12-2022 20:00 | B28: 93.37 | C28: 120.9 | D28: 141.6 | E28: 4.63 | F28: 0.19 | G28: 162.9 | H28: 56.18 | I28: 0.48 | J28: 0.09 | K28: 123.57 | L28: 21.21 | M28: 61 | N28: 24.4 | O28: 0 | P28: 1.89 | Q28: 49.22
A29: 24-12-2022 21:00 | B29: 150.93 | C29: 136.51 | D29: 196.07 | E29: 4.46 | F29: 0.27 | G29: 222.84 | H29: 78.85 | I29: 1.04 | J29: 0.12 | K29: 335.29 | L29: 20.68 | M29: 65 | N29: 24.1 | O29: 0 | P29: 3.2 | Q29: 49.34
A30: 24-12-2022 22:00 | B30: 203.95 | C30: 150.73 | D30: 246.74 | E30: 5.79 | F30: 0.11 | G30: 241.07 | H30: 95.75 | I30: 1.54 | J30: 0.17 | K30: 333.35 | L30: 20.4 | M30: 67 | N30: 24.4 | O30: 0 | P30: 4.35 | Q30: 54.46
A31: 24-12-2022 23:00 | B31: 250.06 | C31: 168.16 | D31: 293.33 | E31: 6.92 | F31: 0.23 | G31: 241.07 | H31: 97.06 | I31: 2.03 | J31: 0.2 | K31: 341.63 | L31: 20.25 | M31: 68 | N31: 24.4 | O31: 0 | P31: 5.52 | Q31: 63.08
A32: 24-12-2022 24:00 | B32: 251.77 | C32: 168.29 | D32: 294.78 | E32: 6.85 | F32: 0.02 | G32: 166.32 | H32: 97.06 | I32: 2.18 | J32: 0.19 | K32: 352.35 | L32: 19.78 | M32: 63 | N32: 24.6 | O32: 0 | P32: 5.64 | Q32: 63.06
A34: Min | B34: =MIN(B9:B32) -> 2.74 | C34: =MIN(C9:C32) -> 55.42 | D34: =MIN(D9:D32) -> 34.11 | E34: =MIN(E9:E32) -> 3.26 | F34: =MIN(F9:F32) -> 0.02 | G34: =MIN(G9:G32) -> 33.55 | H34: =MIN(H9:H32) -> 22.55 | I34: =MIN(I9:I32) -> 0.14 | ... Q34: =MIN(Q9:Q32) -> 27.65
A35: Max | B35: =MAX(B9:B32) -> 251.77 | C35: =MAX(C9:C32) -> 168.29 | D35: =MAX(D9:D32) -> 294.78 | E35: =MAX(E9:E32) -> 9.12 | F35: =MAX(F9:F32) -> 17.47 | G35: =MAX(G9:G32) -> 241.07 | H35: =MAX(H9:H32) -> 111.76 | I35: =MAX(I9:I32) -> 2.18 | ... Q35: =MAX(Q9:Q32) -> 63.08
A36: Avg | B36: =AVERAGE(B9:B32) -> 51.922083 | C36: =AVERAGE(C9:C32) -> 91.50125 | D36: =AVERAGE(D9:D32) -> 91.977083 | E36: =AVERAGE(E9:E32) -> 5.0979167 | F36: =AVERAGE(F9:F32) -> 4.2356522 | G36: =AVERAGE(G9:G32) -> 120.69136 | H36: =AVERAGE(H9:H32) -> 54.36 | I36: =AVERAGE(I9:I32) -> 0.54583333 | ... Q36: =AVERAGE(Q9:Q32) -> 42.1575
A37: Stdev | B37: =STDEV(B9:B32) -> 78.40574 | C37: =STDEV(C9:C32) -> 33.310706 | D37: =STDEV(D9:D32) -> 80.804965 | E37: =STDEV(E9:E32) -> 1.4146131 | F37: =STDEV(F9:F32) -> 6.0877387 | G37: =STDEV(G9:G32) -> 76.711342 | H37: =STDEV(H9:H32) -> 31.56911 | I37: =STDEV(I9:I32) -> 0.56625326 | ... Q37: =STDEV(Q9:Q32) -> 9.0905274
A38: Num | B38: =COUNT(B9:B32) -> 24 | C38: =COUNT(C9:C32) -> 24 | D38: =COUNT(D9:D32) -> 24 | E38: =COUNT(E9:E32) -> 24 | F38: =COUNT(F9:F32)+1 -> 24 | G38: =COUNT(G9:G32) -> 22 | H38: =COUNT(H9:H32) -> 24 | I38: =COUNT(I9:I32) -> 24 | J38: =COUNT(J9:J32) -> 24 | K38: =COUNT(K9:K32) -> 24 | L38: =COUNT(L9:L32) -> 24 | M38: =COUNT(M9:M32) -> 24 | N38: =COUNT(N9:N32) -> 24 | ... Q38: =COUNT(Q9:Q32) -> 24
A39: DCR | B39: =IF(B38>=22,">90%",IF(B38<=22,"<90%")) -> >90% | C39: =IF(C38>=22,">90%",IF(C38<=22,"<90%")) -> >90% | D39: =IF(D38>=22,">90%",IF(D38<=22,"<90%")) -> >90% | E39: =IF(E38>=22,">90%",IF(E38<=22,"<90%")) -> >90% | F39: =IF(F38>=22,">90%",IF(F38<=22,"<90%")) -> >90% | G39: =IF(G38>=22,">90%",IF(G38<=22,"<90%")) -> >90% | H39: =IF(H38>=22,">90%",IF(H38<=22,"<90%")) -> >90% | I39: =IF(I38>=22,">90%",IF(I38<=22,"<90%")) -> >90% | ... Q39: =IF(Q38>=22,">90%",IF(Q38<=22,"<90%")) -> >90%
A40: Status | B40: =IF(B38>=22,"OK",IF(B38<=22,"LESS")) -> OK | C40: =IF(C38>=22,"OK",IF(C38<=22,"LESS")) -> OK | D40: =IF(D38>=22,"OK",IF(D38<=22,"LESS")) -> OK | E40: =IF(E38>=22,"OK",IF(E38<=22,"LESS")) -> OK | F40: =IF(F38>=22,"OK",IF(F38<=22,"LESS")) -> OK | G40: =IF(G38>=22,"OK",IF(G38<=22,"LESS")) -> OK | H40: =IF(H38>=22,"OK",IF(H38<=22,"LESS")) -> OK | I40: =IF(I38>=22,"OK",IF(I38<=22,"LESS")) -> OK | ... Q40: =IF(Q38>=22,"OK",IF(Q38<=22,"LESS")) -> OK
A43: Done by | B43: rahul
A45: Comment

Sheet 25
A1: Station: | B1: BHATAGAON RAIPUR
A2: Date: | B2: =$A$9 -> 25-12-2022 01:00 | D2: Power Off | G2: Pw.Off | L2: Link Fail | N2: Link F | P2: Maintenance | R2: Maint.
A3: Report Type: | B3: Mean | D3: Calibration | G3: Calib. | L3: Data Fail | N3: Data F | P3: Invalid | R3: Invalid
A4: Time Base: | B4: 01 Hour | D4: Zero Referrence | G4: Z.Ref | L4: Warm Up | N4: Wm. Up
A7: Date & Time | B7: NO_BHATAGAON | C7: NO2_BHATAGAON | D7: NOX_BHATAGAON | E7: SO2_BHATAGAON | F7: O3_BHATAGAON | G7: PM10_BHATAGAON | H7: PM2_5_BHATAGAON | I7: BENZ_BHATAGAON | J7: WS_BHATAGAON | K7: WD_BHATAGAON | L7: TEMP_BHATAGAON | M7: HUM BHATAGAON | N7: SR_BHATAGAON | O7: RG_BHATAGAON | P7: CO_BHATAGAON | Q7: NH3_BHATAGAON
B8: ug/m3 | C8: ug/m3 | D8: ug/m3 | E8: ug/m3 | F8: ug/m3 | G8: mg/m3 | H8: ug/m3 | I8: ug/m3 | J8: m/sec | K8: deg | L8: degreC | M8: % | N8: w/m2 | O8: mm | P8: ug/m3 | Q8: ug/m3
A9: 25-12-2022 01:00 | B9: 203.49 | C9: 146.84 | D9: 244.22 | E9: 5.29 | F9: 0.19 | G9: 166.32 | H9: 87.59 | I9: 2.01 | J9: 0.16 | K9: 340.18 | L9: 18.08 | M9: 65 | N9: 24.5 | O9: 0 | P9: 4.85 | Q9: 56.22
A10: 25-12-2022 02:00 | B10: 164.22 | C10: 124.54 | D10: 200.43 | E10: 5.26 | F10: 0.1 | G10: 98.45 | H10: 66.02 | I10: 1.76 | J10: 0.12 | K10: 353.55 | L10: 18.43 | M10: 70 | N10: 24.4 | O10: 0 | P10: 3.78 | Q10: 53.64
A11: 25-12-2022 03:00 | B11: 128.2 | C11: 108.4 | D11: 162.63 | E11: 4.79 | F11: 0.33 | G11: 55.87 | H11: 46.2 | I11: 1.47 | J11: 0.22 | K11: 350.37 | L11: 17.04 | M11: 71 | N11: 24.3 | O11: 0 | P11: 3.16 | Q11: 52.36
A12: 25-12-2022 04:00 | B12: 92.66 | C12: 95.54 | D12: 127.03 | E12: 4.26 | F12: 0.03 | G12: 55.87 | H12: 40.38 | I12: 1.1 | J12: 0.22 | K12: 340.23 | L12: 17.28 | M12: 77 | N12: 24.6 | O12: 0 | P12: 2.49 | Q12: 48.35
A13: 25-12-2022 05:00 | B13: 72.22 | C13: 86.13 | D13: 105.45 | E13: 5.46 | F13: 0.18 | G13: 56.14 | H13: 35.1 | I13: 0.78 | J13: 0.23 | K13: 321.37 | L13: 17.21 | M13: 77 | N13: 24.6 | O13: 0 | P13: 2.09 | Q13: 43.57
A14: 25-12-2022 06:00 | B14: 73.94 | C14: 87.31 | D14: 107.48 | E14: 5.58 | F14: 0.7 | G14: 91.18 | H14: 38.68 | I14: 0.68 | J14: 0.13 | K14: 330.44 | L14: 16.12 | M14: 81 | N14: 24.5 | O14: 0 | P14: 1.85 | Q14: 46.05
A15: 25-12-2022 07:00 | B15: 102.76 | C15: 99.42 | D15: 137.27 | E15: 5.45 | F15: 0.12 | G15: 103.45 | H15: 40.49 | I15: 0.59 | J15: 0.23 | K15: 352.01 | L15: 16.11 | M15: 82 | N15: 35.1 | O15: 0 | P15: 1.72 | Q15: 47.1
A16: 25-12-2022 08:00 | B16: 105.59 | C16: 99.86 | D16: 139.73 | E16: 5.43 | F16: 0.03 | G16: 107.47 | H16: 44.46 | I16: 0.55 | J16: 0.3 | K16: 259.01 | L16: 21.71 | M16: 80 | N16: 185.7 | O16: 0 | P16: 1.86 | Q16: 45.6
A17: 25-12-2022 09:00 | B17: 101.9 | C17: 102.59 | D17: 137.18 | E17: 4.97 | F17: 0.09 | G17: 107.47 | H17: 49.84 | I17: 0.55 | J17: 0.5 | K17: 349.02 | L17: 28.63 | M17: 49 | N17: 280.7 | O17: 0 | P17: 1.86 | Q17: 46.5
A18: 25-12-2022 10:00 | B18: 83.88 | C18: 108.34 | D18: 124.63 | E18: 5.15 | F18: 0.18 | G18: 90.56 | H18: 49.84 | I18: 0.56 | J18: 0.5 | K18: 7.78 | L18: 30.81 | M18: 40 | N18: 335.6 | O18: 0 | P18: 1.8 | Q18: 47.19
A19: 25-12-2022 11:00 | B19: 56.99 | C19: 110.92 | D19: 106.37 | E19: 4.57 | F19: 0.6 | G19: 77.85 | H19: 46.92 | I19: 0.48 | J19: 0.4 | K19: 355.6 | L19: 30.8 | M19: 39 | N19: 366.5 | O19: 0 | P19: 1.77 | Q19: 46
A20: 25-12-2022 12:00 | B20: 34.97 | C20: 107.19 | D20: 87.2 | E20: 4.05 | F20: 0.75 | G20: 77.85 | H20: 42.64 | I20: 0.42 | J20: 0.45 | K20: 355.32 | L20: 32.92 | M20: 35 | N20: 380 | O20: 0 | P20: 1.68 | Q20: 41.31
... A32: 25-12-2022 24:00 | B32: 165.18 | C32: 140.72 | D32: 210.12 | E32: 6.47 | F32: 0.27 | G32: 207.42 | H32: 77.56 | I32: 1.44 | J32: 0.66 | K32: 281.48 | L32: 20.42 | M32: 77 | N32: 24.6 | O32: 0 | P32: 4.2 | Q32: 58.43
A34: Min | B34: =MIN(B9:B32) -> 4.98 | C34: =MIN(C9:C32) -> 74.29 | D34: =MIN(D9:D32) -> 44.7 | E34: =MIN(E9:E32) -> 2.87 | F34: =MIN(F9:F32) -> 0.03 | G34: =MIN(G9:G32) -> 38.27 | H34: =MIN(H9:H32) -> 23.94 | I34: =MIN(I9:I32) -> 0.25 | ... Q34: =MIN(Q9:Q32) -> 41.31
A35: Max | B35: =MAX(B9:B32) -> 203.49 | C35: =MAX(C9:C32) -> 146.84 | D35: =MAX(D9:D32) -> 244.22 | E35: =MAX(E9:E32) -> 6.47 | F35: =MAX(F9:F32) -> 14.8 | G35: =MAX(G9:G32) -> 207.42 | H35: =MAX(H9:H32) -> 87.59 | I35: =MAX(I9:I32) -> 2.01 | ... Q35: =MAX(Q9:Q32) -> 58.43
A36: Avg | B36: =AVERAGE(B9:B32) -> 81.585833 | C36: =AVERAGE(C9:C32) -> 109.00375 | D36: =AVERAGE(D9:D32) -> 125.28875 | E36: =AVERAGE(E9:E32) -> 5.03875 | F36: =AVERAGE(F9:F32) -> 1.4725 | G36: =AVERAGE(G9:G32) -> 102.34458 | H36: =AVERAGE(H9:H32) -> 46.647917 | I36: =AVERAGE(I9:I32) -> 0.78291667 | ... Q36: =AVERAGE(Q9:Q32) -> 48.043333
A37: Stdev | B37: =STDEV(B9:B32) -> 57.455775 | C37: =STDEV(C9:C32) -> 20.824675 | D37: =STDEV(D9:D32) -> 55.26424 | E37: =STDEV(E9:E32) -> 0.81193442 | F37: =STDEV(F9:F32) -> 3.3183354 | G37: =STDEV(G9:G32) -> 55.687548 | H37: =STDEV(H9:H32) -> 17.350524 | I37: =STDEV(I9:I32) -> 0.50692148 | ... Q37: =STDEV(Q9:Q32) -> 5.0988845
A38: Num | B38: =COUNT(B9:B32) -> 24 | C38: =COUNT(C9:C32) -> 24 | D38: =COUNT(D9:D32) -> 24 | E38: =COUNT(E9:E32) -> 24 | F38: =COUNT(F9:F32) -> 24 | G38: =COUNT(G9:G32) -> 24 | H38: =COUNT(H9:H32) -> 24 | I38: =COUNT(I9:I32) -> 24 | ... Q38: =COUNT(Q9:Q32) -> 24
A39: DCR | B39: =IF(B38>=22,">90%",IF(B38<=22,"<90%")) -> >90% | C39: =IF(C38>=22,">90%",IF(C38<=22,"<90%")) -> >90% | D39: =IF(D38>=22,">90%",IF(D38<=22,"<90%")) -> >90% | E39: =IF(E38>=22,">90%",IF(E38<=22,"<90%")) -> >90% | F39: =IF(F38>=22,">90%",IF(F38<=22,"<90%")) -> >90% | G39: =IF(G38>=22,">90%",IF(G38<=22,"<90%")) -> >90% | H39: =IF(H38>=22,">90%",IF(H38<=22,"<90%")) -> >90% | I39: =IF(I38>=22,">90%",IF(I38<=22,"<90%")) -> >90% | ... Q39: =IF(Q38>=22,">90%",IF(Q38<=22,"<90%")) -> >90%
A40: Status | B40: =IF(B38>=22,"OK",IF(B38<=22,"LESS")) -> OK | C40: =IF(C38>=22,"OK",IF(C38<=22,"LESS")) -> OK | D40: =IF(D38>=22,"OK",IF(D38<=22,"LESS")) -> OK | E40: =IF(E38>=22,"OK",IF(E38<=22,"LESS")) -> OK | F40: =IF(F38>=22,"OK",IF(F38<=22,"LESS")) -> OK | G40: =IF(G38>=22,"OK",IF(G38<=22,"LESS")) -> OK | H40: =IF(H38>=22,"OK",IF(H38<=22,"LESS")) -> OK | I40: =IF(I38>=22,"OK",IF(I38<=22,"LESS")) -> OK | ... Q40: =IF(Q38>=22,"OK",IF(Q38<=22,"LESS")) -> OK
A43: Done by | B43: RAHUL
A45: Comment

Sheet 26
A1: Station: | B1: BHATAGAON RAIPUR
A2: Date: | B2: =$A$9 -> 26-12-2022 01:00 | D2: Power Off | G2: Pw.Off | L2: Link Fail | N2: Link F | P2: Maintenance | R2: Maint.
A3: Report Type: | B3: Mean | D3: Calibration | G3: Calib. | L3: Data Fail | N3: Data F | P3: Invalid | R3: Invalid
A4: Time Base: | B4: 01 Hour | D4: Zero Referrence | G4: Z.Ref | L4: Warm Up | N4: Wm. Up
A7: Date & Time | B7: NO_BHATAGAON | C7: NO2_BHATAGAON | D7: NOX_BHATAGAON | E7: SO2_BHATAGAON | F7: O3_BHATAGAON | G7: PM10_BHATAGAON | H7: PM2_5_BHATAGAON | I7: BENZ_BHATAGAON | J7: WS_BHATAGAON | K7: WD_BHATAGAON | L7: TEMP_BHATAGAON | M7: HUM BHATAGAON | N7: SR_BHATAGAON | O7: RG_BHATAGAON | P7: CO_BHATAGAON | Q7: NH3_BHATAGAON
B8: ug/m3 | C8: ug/m3 | D8: ug/m3 | E8: ug/m3 | F8: ug/m3 | G8: mg/m3 | H8: ug/m3 | I8: ug/m3 | J8: m/sec | K8: deg | L8: degreC | M8: % | N8: w/m2 | O8: mm | P8: ug/m3 | Q8: ug/m3
A9: 26-12-2022 01:00 | B9: 135.76 | C9: 128.11 | D9: 179.57 | E9: 5.22 | F9: 0.09 | G9: 188.74 | H9: 74.37 | I9: 1.5 | J9: 0.19 | K9: 350.71 | L9: 19.37 | M9: 77 | N9: 24.7 | O9: 0 | P9: 3.6 | Q9: 56.12
A10: 26-12-2022 02:00 | B10: 107.22 | C10: 115.14 | D10: 149.53 | E10: 4.66 | F10: 0.01 | G10: 94.71 | H10: 59.63 | I10: 1.07 | J10: 0.09 | K10: 340.68 | L10: 18.11 | M10: 80 | N10: 24.5 | O10: 0 | P10: 2.89 | Q10: 49.56
A11: 26-12-2022 03:00 | B11: 88.29 | C11: 104.05 | D11: 128.22 | E11: 4.93 | F11: 0.03 | G11: 91.81 | H11: 50.99 | I11: 0.93 | J11: 0.08 | K11: 343.61 | L11: 17.8 | M11: 81 | N11: 24.4 | O11: 0 | P11: 2.64 | Q11: 49.13
A12: 26-12-2022 04:00 | B12: 73.25 | C12: 97.15 | D12: 112.35 | E12: 4.55 | F12: 0.7 | G12: 91.81 | H12: 50.99 | I12: 0.83 | J12: 0.17 | K12: 353.93 | L12: 18.07 | M12: 82 | N12: 24.5 | O12: 0 | P12: 2.27 | Q12: 49.17
A13: 26-12-2022 05:00 | B13: 60.61 | C13: 91.92 | D13: 99.33 | E13: 4.58 | F13: 0.01 | G13: 75.4 | H13: 45.92 | I13: 0.69 | J13: 0.16 | K13: 338.13 | L13: 17.17 | M13: 81 | N13: 24.6 | O13: 0 | P13: 1.94 | Q13: 47.47
A14: 26-12-2022 06:00 | B14: 69.56 | C14: 91.6 | D14: 106.33 | E14: 4.76 | F14: 0.07 | G14: 105.26 | H14: 36.24 | I14: 0.59 | J14: 0.18 | K14: 271.07 | L14: 17.44 | M14: 81 | N14: 24.3 | O14: 0 | P14: 1.76 | Q14: 44.1
A15: 26-12-2022 07:00 | B15: 80.3 | C15: 95.43 | D15: 117.06 | E15: 4.86 | F15: 0.77 | G15: 105.26 | H15: 40.83 | I15: 0.55 | J15: 0.18 | K15: 352.06 | L15: 16.98 | M15: 84 | N15: 34.9 | O15: 0 | P15: 1.66 | Q15: 47.42
A16: 26-12-2022 08:00 | B16: 84.52 | C16: 97.83 | D16: 121.76 | E16: 4.62 | F16: 0.15 | G16: 96.06 | H16: 43.82 | I16: 0.53 | J16: 0.89 | K16: 327.28 | L16: 19.03 | M16: 82 | N16: 155.6 | O16: 0 | P16: 1.69 | Q16: 47.4
A17: 26-12-2022 09:00 | B17: 71.47 | C17: 96.71 | D17: 108.57 | E17: 4.83 | F17: 0.02 | G17: 93.17 | H17: 43.82 | I17: 0.48 | J17: 0.61 | K17: 357.13 | L17: 27.61 | M17: 66 | N17: 271.2 | O17: 0 | P17: 1.56 | Q17: 43.81
A18: 26-12-2022 10:00 | B18: 63.9 | C18: 106.16 | D18: 105.52 | E18: 5.63 | F18: 0.37 | G18: 95.58 | H18: 44.02 | I18: 0.45 | J18: 1.06 | K18: 12.19 | L18: 30.45 | M18: 46 | N18: 321.3 | O18: 0 | P18: 1.67 | Q18: 44.47
A19: 26-12-2022 11:00 | B19: 48.08 | C19: 110.55 | D19: 99.57 | E19: 7 | F19: 2.45 | G19: 95.58 | H19: 44.02 | I19: 0.46 | J19: 0.55 | K19: 130.53 | L19: 30.68 | M19: 44 | N19: 341.7 | O19: 0 | P19: 1.85 | Q19: 45.28
A20: 26-12-2022 12:00 | B20: 6.87 | C20: 126.58 | D20: 75.37 | E20: 18.51 | F20: 14.11 | G20: Calib. | H20: Calib. | I20: 0.4 | J20: 0.45 | K20: 98.65 | L20: 33.31 | M20: 41 | N20: 357.4 | O20: 0 | P20: 1.93 | Q20: 39.45
A21: 26-12-2022 13:00 | B21: 8.61 | C21: 105.48 | D21: 63.5 | E21: 19.66 | F21: 12.24 | G21: 166.32 | H21: 52.59 | I21: 0.29 | J21: 0.74 | K21: 163.92 | L21: 32.13 | M21: 34 | N21: 367.6 | O21: 0 | P21: 1.77 | Q21: 35.69
A22: 26-12-2022 14:00 | B22: Pw.Off | C22: Pw.Off | D22: Pw.Off | E22: Pw.Off | F22: Pw.Off | G22: Pw.Off | H22: Pw.Off | I22: Pw.Off | J22: Pw.Off | K22: Pw.Off | L22: Pw.Off | M22: Pw.Off | N22: Pw.Off | O22: Pw.Off | P22: Pw.Off | Q22: Pw.Off
A23: 26-12-2022 15:00 | B23: Pw.Off | C23: Pw.Off | D23: Pw.Off | E23: Pw.Off | F23: Pw.Off | G23: Pw.Off | H23: Pw.Off | I23: Pw.Off | J23: Pw.Off | K23: Pw.Off | L23: Pw.Off | M23: Pw.Off | N23: Pw.Off | O23: Pw.Off | P23: Pw.Off | Q23: Pw.Off
A24: 26-12-2022 16:00 | B24: 4.86 | C24: 82.6 | D24: 48.65 | E24: 3.39 | F24: 13.25 | G24: 101.36 | H24: 45.44 | I24: Wm. Up | J24: 0.44 | K24: 351 | L24: 31.57 | M24: 31 | N24: 160.3 | O24: 0 | P24: 1.13 | Q24: 61.21
A25: 26-12-2022 17:00 | B25: 3.31 | C25: 81.04 | D25: 45.98 | E25: 3.7 | F25: 15.05 | G25: 82.95 | H25: 41.32 | I25: 0.31 | J25: 0.34 | K25: 103.96 | L25: 29.37 | M25: 34 | N25: 60.7 | O25: 0 | P25: 0.85 | Q25: 52.2
A26: 26-12-2022 18:00 | B26: 28.14 | C26: 112.37 | D26: 84.58 | E26: 3.72 | F26: 16.39 | G26: 64.48 | H26: 36.59 | I26: 0.33 | J26: 0.09 | K26: 339.3 | L26: 27.79 | M26: 55 | N26: 31.4 | O26: 0 | P26: 1.43 | Q26: 32.97
A27: 26-12-2022 19:00 | B27: 45.68 | C27: 121.97 | D27: 103.94 | E27: 2.43 | F27: 0.59 | G27: 148.67 | H27: 41.57 | I27: 0.47 | J27: 0.21 | K27: 127.97 | L27: 23.98 | M27: 65 | N27: 24.4 | O27: 0 | P27: 1.39 | Q27: 32.51
A28: 26-12-2022 20:00 | B28: 79.39 | C28: 134.16 | D28: 137.71 | E28: 2.59 | F28: 0.33 | G28: 161.05 | H28: 45.77 | I28: 0.68 | J28: 0.07 | K28: 336.01 | L28: 22.64 | M28: 67 | N28: 24.4 | O28: 0 | P28: 2.62 | Q28: 40.69
A29: 26-12-2022 21:00 | B29: 140.53 | C29: 163.27 | D29: 197.66 | E29: 5.79 | F29: 0.23 | G29: 239.94 | H29: 59.46 | I29: 1.11 | J29: 0.13 | K29: 341.27 | L29: 21.95 | M29: 67 | N29: 24.3 | O29: 0 | P29: 4.11 | Q29: 43.38
A30: 26-12-2022 22:00 | B30: 162.9 | C30: 167.69 | D30: 223.01 | E30: 6.76 | F30: 0.13 | G30: 236.22 | H30: 70.85 | I30: 1.73 | J30: 0.16 | K30: 349.16 | L30: 21.7 | M30: 70 | N30: 24.4 | O30: 0 | P30: 4.68 | Q30: 44.29
A31: 26-12-2022 23:00 | B31: 170.56 | C31: 173.56 | D31: 232.56 | E31: 6.57 | F31: 0.62 | G31: 231.81 | H31: 83.87 | I31: 1.85 | J31: 0.16 | K31: 339.82 | L31: 21.37 | M31: 68 | N31: 24.4 | O31: 0 | P31: 4.77 | Q31: 49.36
A32: 26-12-2022 24:00 | B32: 157.94 | C32: 164.64 | D32: 217.51 | E32: 6.34 | F32: 0.41 | G32: 189.86 | H32: 75.33 | I32: 1.85 | J32: 0.1 | K32: 333.18 | L32: 20.3 | M32: 73 | N32: 24.6 | O32: 0 | P32: 4.38 | Q32: 48.7
A34: Min | B34: =MIN(B9:B32) -> 3.31 | C34: =MIN(C9:C32) -> 81.04 | D34: =MIN(D9:D32) -> 45.98 | E34: =MIN(E9:E32) -> 2.43 | F34: =MIN(F9:F32) -> 0.01 | G34: =MIN(G9:G32) -> 64.48 | H34: =MIN(H9:H32) -> 36.24 | I34: =MIN(I9:I32) -> 0.29 | ... Q34: =MIN(Q9:Q32) -> 32.51
A35: Max | B35: =MAX(B9:B32) -> 170.56 | C35: =MAX(C9:C32) -> 173.56 | D35: =MAX(D9:D32) -> 232.56 | E35: =MAX(E9:E32) -> 19.66 | F35: =MAX(F9:F32) -> 16.39 | G35: =MAX(G9:G32) -> 239.94 | H35: =MAX(H9:H32) -> 83.87 | I35: =MAX(I9:I32) -> 1.85 | ... Q35: =MAX(Q9:Q32) -> 61.21
A36: Avg | B36: =AVERAGE(B9:B32) -> 76.897727 | C36: =AVERAGE(C9:C32) -> 116.72773 | D36: =AVERAGE(D9:D32) -> 125.37636 | E36: =AVERAGE(E9:E32) -> 6.1409091 | F36: =AVERAGE(F9:F32) -> 3.5463636 | G36: =AVERAGE(G9:G32) -> 131.24 | H36: =AVERAGE(H9:H32) -> 51.782857 | I36: =AVERAGE(I9:I32) -> 0.81428571 | ... Q36: =AVERAGE(Q9:Q32) -> 45.653636
A37: Stdev | B37: =STDEV(B9:B32) -> 51.759817 | C37: =STDEV(C9:C32) -> 28.102925 | D37: =STDEV(D9:D32) -> 54.201758 | E37: =STDEV(E9:E32) -> 4.3660475 | F37: =STDEV(F9:F32) -> 5.9811534 | G37: =STDEV(G9:G32) -> 56.542108 | H37: =STDEV(H9:H32) -> 13.682931 | I37: =STDEV(I9:I32) -> 0.51375647 | ... Q37: =STDEV(Q9:Q32) -> 6.8208543
A38: Num | B38: =COUNT(B9:B32)+2 -> 24 | C38: =COUNT(C9:C32)+2 -> 24 | D38: =COUNT(D9:D32)+2 -> 24 | E38: =COUNT(E9:E32)+2 -> 24 | F38: =COUNT(F9:F32)+2 -> 24 | G38: =COUNT(G9:G32)+3 -> 24 | H38: =COUNT(H9:H32)+3 -> 24 | I38: =COUNT(I9:I32)+3 -> 24 | J38: =COUNT(J9:J32)+2 -> 24 | K38: =COUNT(K9:K32)+2 -> 24 | L38: =COUNT(L9:L32)+2 -> 24 | M38: =COUNT(M9:M32)+2 -> 24 | N38: =COUNT(N9:N32)+2 -> 24 | O38: =COUNT(O9:O32)+2 -> 24 | P38: =COUNT(P9:P32)+2 -> 24 | Q38: =COUNT(Q9:Q32)+2 -> 24
A39: DCR | B39: =IF(B38>=22,">90%",IF(B38<=22,"<90%")) -> >90% | C39: =IF(C38>=22,">90%",IF(C38<=22,"<90%")) -> >90% | D39: =IF(D38>=22,">90%",IF(D38<=22,"<90%")) -> >90% | E39: =IF(E38>=22,">90%",IF(E38<=22,"<90%")) -> >90% | F39: =IF(F38>=22,">90%",IF(F38<=22,"<90%")) -> >90% | G39: =IF(G38>=22,">90%",IF(G38<=22,"<90%")) -> >90% | H39: =IF(H38>=22,">90%",IF(H38<=22,"<90%")) -> >90% | I39: =IF(I38>=22,">90%",IF(I38<=22,"<90%")) -> >90% | ... Q39: =IF(Q38>=22,">90%",IF(Q38<=22,"<90%")) -> >90%
A40: Status | B40: =IF(B38>=22,"OK",IF(B38<=22,"LESS")) -> OK | C40: =IF(C38>=22,"OK",IF(C38<=22,"LESS")) -> OK | D40: =IF(D38>=22,"OK",IF(D38<=22,"LESS")) -> OK | E40: =IF(E38>=22,"OK",IF(E38<=22,"LESS")) -> OK | F40: =IF(F38>=22,"OK",IF(F38<=22,"LESS")) -> OK | G40: =IF(G38>=22,"OK",IF(G38<=22,"LESS")) -> OK | H40: =IF(H38>=22,"OK",IF(H38<=22,"LESS")) -> OK | I40: =IF(I38>=22,"OK",IF(I38<=22,"LESS")) -> OK | ... Q40: =IF(Q38>=22,"OK",IF(Q38<=22,"LESS")) -> OK
A43: Done by | B43: RAHUL
A45: Comment

Sheet 27
A1: Station: | B1: BHATAGAON RAIPUR
A2: Date: | B2: =$A$9 -> 27-12-2022 01:00 | D2: Power Off | G2: Pw.Off | L2: Link Fail | N2: Link F | P2: Maintenance | R2: Maint.
A3: Report Type: | B3: Mean | D3: Calibration | G3: Calib. | L3: Data Fail | N3: Data F | P3: Invalid | R3: Invalid
A4: Time Base: | B4: 01 Hour | D4: Zero Referrence | G4: Z.Ref | L4: Warm Up | N4: Wm. Up
A7: Date & Time | B7: NO_BHATAGAON | C7: NO2_BHATAGAON | D7: NOX_BHATAGAON | E7: SO2_BHATAGAON | F7: O3_BHATAGAON | G7: PM10_BHATAGAON | H7: PM2_5_BHATAGAON | I7: BENZ_BHATAGAON | J7: WS_BHATAGAON | K7: WD_BHATAGAON | L7: TEMP_BHATAGAON | M7: HUM BHATAGAON | N7: SR_BHATAGAON | O7: RG_BHATAGAON | P7: CO_BHATAGAON | Q7: NH3_BHATAGAON
B8: ug/m3 | C8: ug/m3 | D8: ug/m3 | E8: ug/m3 | F8: ug/m3 | G8: mg/m3 | H8: ug/m3 | I8: ug/m3 | J8: m/sec | K8: deg | L8: degreC | M8: % | N8: w/m2 | O8: mm | P8: ug/m3 | Q8: ug/m3
A9: 27-12-2022 01:00 | B9: 131.19 | C9: 146.94 | D9: 186.3 | E9: 4.74 | F9: 0.07 | G9: 104.88 | H9: 56.25 | I9: 1.54 | J9: 0.11 | K9: 345.91 | L9: 19.12 | M9: 73 | N9: 24.5 | O9: 0 | P9: 3.68 | Q9: 45.75
A10: 27-12-2022 02:00 | B10: 110.4 | C10: 132.41 | D10: 161.61 | E10: 4.91 | F10: 0.17 | G10: 83.88 | H10: 42.65 | I10: 1.25 | J10: 0.15 | K10: 346.35 | L10: 19.39 | M10: 73 | N10: 24.2 | O10: 0 | P10: 3.1 | Q10: 41.39
A11: 27-12-2022 03:00 | B11: 93.72 | C11: 118.19 | D11: 140.38 | E11: 4.67 | F11: 0.13 | G11: 47.92 | H11: 32.04 | I11: 1.16 | J11: 0.1 | K11: 317.08 | L11: 19.47 | M11: 77 | N11: 24.4 | O11: 0 | P11: 2.68 | Q11: 42.82
A12: 27-12-2022 04:00 | B12: 69.47 | C12: 101.92 | D12: 111.96 | E12: 4.09 | F12: 0.04 | G12: 27.05 | H12: 21.96 | I12: 0.82 | J12: 0.15 | K12: 354.28 | L12: 18.38 | M12: 83 | N12: 24.5 | O12: 0 | P12: 2.09 | Q12: 40.91
A13: 27-12-2022 05:00 | B13: 53.71 | C13: 89.39 | D13: 92.27 | E13: 4.26 | F13: 0.03 | G13: 28.62 | H13: 15.7 | I13: 0.63 | J13: 0.23 | K13: 349.4 | L13: 18.1 | M13: 84 | N13: 24.3 | O13: 0 | P13: 1.71 | Q13: 36.95
A14: 27-12-2022 06:00 | B14: 64.14 | C14: 90.53 | D14: 101.4 | E14: 4.49 | F14: Z.Ref | G14: 57.98 | H14: 14.54 | I14: 0.57 | J14: 0.08 | K14: 344.51 | L14: 17.89 | M14: 85 | N14: 24.4 | O14: 0 | P14: 1.51 | Q14: 39.69
A15: 27-12-2022 07:00 | B15: 94.58 | C15: 117.38 | D15: 140.62 | E15: 4.51 | F15: 0.02 | G15: 83.63 | H15: 23.15 | I15: 0.55 | J15: 0.1 | K15: 268.07 | L15: 18.22 | M15: 87 | N15: 35.8 | O15: 0 | P15: 1.49 | Q15: 41.67
A16: 27-12-2022 08:00 | B16: 110.56 | C16: 125.64 | D16: 156.56 | E16: 4.41 | F16: 0.14 | G16: 87.99 | H16: 25.88 | I16: 0.53 | J16: 0.49 | K16: 329.31 | L16: 21.77 | M16: 82 | N16: 176.5 | O16: 0 | P16: 1.58 | Q16: 42.9
A17: 27-12-2022 09:00 | B17: 103.59 | C17: 123.61 | D17: 151.29 | E17: 5.06 | F17: 0.12 | G17: 82.48 | H17: 30.94 | I17: 0.55 | J17: 1.32 | K17: 191.52 | L17: 23.85 | M17: 67 | N17: 298.7 | O17: 0 | P17: 1.54 | Q17: 40.15
A18: 27-12-2022 10:00 | B18: 82.17 | C18: 109.42 | D18: 125.43 | E18: 4.22 | F18: 0.2 | G18: 51.95 | H18: 29.14 | I18: 0.53 | J18: 1.31 | K18: 195.13 | L18: 29.23 | M18: 64 | N18: 330.2 | O18: 0 | P18: 1.35 | Q18: 40.52
