Workbook

Sheet 01
A1: Station: | B1: BHATAGAON RAIPPUR
A2: Date: | B2: =$A$9 -> 01-12-2022 00:15 | D2: Power Off | G2: Pw.Off | L2: Link Fail | N2: Link F | P2: Maintenance | R2: Maint.
A3: Report Type: | B3: Mean | D3: Calibration | G3: Calib. | L3: Data Fail | N3: Data F | P3: Invalid | R3: Invalid
A4: Time Base: | B4: 15 Min | D4: Zero Referrence | G4: Z.Ref | L4: Warm Up | N4: Wm. Up
A7: Date & Time | B7: NO_BHATAGAON | C7: NO2__BHATAGAON | D7: NOX_BHATAGAON | E7: SO2__BHATAGAON | F7: O3__BHATAGAON | G7: PM10__BHATAGAON | H7: PM2_5__BHATAGAON | I7: BENZ__BHATAGAON | J7: WS__BHATAGAON | K7: WD__BHATAGAON | L7: TEMP__BHATAGAON | M7: HUM__BHATAGAON | N7: SR__BHATAGAON | O7: RG__BHATAGAON | P7: CO__BHATAGAON | Q7: NH3__BHATAGAON
B8: ug/m3 | C8: ug/m3 | D8: ug/m3 | E8: ug/m3 | F8: ug/m3 | G8: ug/m3 | H8: ug/m3 | I8: ug/m3 | J8: m/sec | K8: deg | L8: degreC | M8: % | N8: w/m2 | O8: mm | P8: mg/m3 | Q8: ug/m3
A9: 01-12-2022 00:15 | B9: 93.75 | C9: 135.96 | D9: 150.21 | E9: 4.45 | F9: 0.73 | G9: 223.96 | H9: 66.47 | I9: 1.51 | J9: 0.13 | K9: 285.14 | L9: 18.08 | M9: 91 | N9: Maint. | O9: 0 | P9: 3.84 | Q9: 150.04
A10: 01-12-2022 00:30 | B10: 93.87 | C10: 136.52 | D10: 150.61 | E10: 5.15 | F10: 0.77 | G10: 223.96 | H10: 66.47 | I10: 1.52 | J10: 0.2 | K10: 286.32 | L10: 17.81 | M10: 70 | N10: Maint. | O10: 0 | P10: 3.81 | Q10: 151.77
A11: 01-12-2022 00:45 | B11: 92.21 | C11: 135.25 | D11: 148.58 | E11: 4.9 | F11: 0.54 | G11: 204.59 | H11: 65.15 | I11: 1.54 | J11: 0.13 | K11: 293.2 | L11: 17.56 | M11: 89 | N11: Maint. | O11: 0 | P11: 3.79 | Q11: 151.7
A12: 01-12-2022 01:00 | B12: 90.23 | C12: 133.48 | D12: 146.02 | E12: 4.93 | F12: 0.57 | G12: 162.17 | H12: 61.05 | I12: 1.53 | J12: 0.12 | K12: 294.27 | L12: 17.48 | M12: 83 | N12: Maint. | O12: 0 | P12: 3.76 | Q12: 150.71
A13: 01-12-2022 01:15 | B13: 88.51 | C13: 131.68 | D13: 143.65 | E13: 4.73 | F13: 0.61 | G13: 162.17 | H13: 61.05 | I13: 1.53 | J13: 0.48 | K13: 294.61 | L13: 17.5 | M13: 79 | N13: Maint. | O13: 0 | P13: 3.4 | Q13: 149.59
A14: 01-12-2022 01:30 | B14: 85.07 | C14: 129.13 | D14: 139.48 | E14: 4.79 | F14: 0.54 | G14: 162.17 | H14: 61.05 | I14: 1.52 | J14: 0.44 | K14: 273.83 | L14: 17.88 | M14: 92 | N14: Maint. | O14: 0 | P14: 3.5 | Q14: 147.78
A15: 01-12-2022 01:45 | B15: 79.78 | C15: 125.97 | D15: 133.49 | E15: 4.89 | F15: 0.56 | G15: 169.23 | H15: 61.69 | I15: 1.52 | J15: 0.23 | K15: 271.01 | L15: 17.85 | M15: 92 | N15: Maint. | O15: 0 | P15: 3.39 | Q15: 145.66
A16: 01-12-2022 02:00 | B16: 74.03 | C16: 121.9 | D16: 126.64 | E16: 5.04 | F16: 0.63 | G16: 185.45 | H16: 63.78 | I16: 1.47 | J16: 0.13 | K16: 273.5 | L16: 17.65 | M16: 76 | N16: Maint. | O16: 0 | P16: 3.28 | Q16: 143.5
A17: 01-12-2022 02:15 | B17: 68.64 | C17: 116.89 | D17: 119.55 | E17: 4.65 | F17: 0.51 | G17: 185.45 | H17: 63.78 | I17: 1.42 | J17: 0.16 | K17: 273.75 | L17: 17.62 | M17: 72 | N17: Maint. | O17: 0 | P17: 3.19 | Q17: 141.7
A18: 01-12-2022 02:30 | B18: 63.92 | C18: 113.85 | D18: 114.09 | E18: 4.22 | F18: 0.5 | G18: 185.45 | H18: 63.78 | I18: 1.36 | J18: 0.2 | K18: 275.7 | L18: 17.52 | M18: 71 | N18: Maint. | O18: 0 | P18: 3.1 | Q18: 138.75
A19: 01-12-2022 02:45 | B19: 59.53 | C19: 110.54 | D19: 108.74 | E19: 4.29 | F19: 0.64 | G19: 187.93 | H19: 66.13 | I19: 1.3 | J19: 0.11 | K19: 277.5 | L19: 17.26 | M19: 86 | N19: Maint. | O19: 0 | P19: 3.02 | Q19: 135.4
A20: 01-12-2022 03:00 | B20: 55.38 | C20: 107.61 | D20: 103.8 | E20: 4.59 | F20: 0.66 | G20: 193.63 | H20: 73.84 | I20: 1.25 | J20: 0.38 | K20: 278.93 | L20: 17.14 | M20: 89 | N20: Maint. | O20: 0 | P20: 2.94 | Q20: 133.69
... A37: 01-12-2022 07:15 | B37: 41.4 | C37: 93.82 | D37: 84.98 | E37: 4.9 | F37: 0.6 | G37: 97.6 | H37: 48.54 | I37: 0.65 | J37: 0.16 | K37: 282.52 | L37: 17.2 | M37: 52 | N37: Maint. | O37: 0 | P37: 1.94 | Q37: 122.04
A38: 01-12-2022 07:30 | B38: 43.13 | C38: 96.08 | D38: 87.61 | E38: 4.85 | F38: 0.75 | G38: 97.6 | H38: 48.54 | I38: 0.64 | J38: 0.16 | K38: 268.65 | L38: 18.08 | M38: 64 | N38: 4.3 | O38: 0 | P38: 2.02 | Q38: 122.82
A39: 01-12-2022 07:45 | B39: 44.94 | C39: 98.78 | D39: 90.55 | E39: 5.06 | F39: 0.75 | G39: 99.18 | H39: 48.68 | I39: 0.64 | J39: 0.86 | K39: 243.05 | L39: 19.64 | M39: 87 | N39: 41 | O39: 0 | P39: 2 | Q39: 124.61
A40: 01-12-2022 08:00 | B40: 44.35 | C40: 100.72 | D40: 91.15 | E40: 2.42 | F40: 0.6 | G40: 107.39 | H40: 49.12 | I40: 0.63 | J40: 0.66 | K40: 221.37 | L40: 21.58 | M40: 87 | N40: 76 | O40: 0 | P40: 1.94 | Q40: 124.51
A41: 01-12-2022 08:15 | B41: 43.07 | C41: 101.81 | D41: 90.72 | E41: 4.61 | F41: 0.63 | G41: 107.39 | H41: 49.12 | I41: 0.64 | J41: 0.67 | K41: 200.89 | L41: 23.04 | M41: 84 | N41: 105.4 | O41: 0 | P41: 1.9 | Q41: 124.87
A42: 01-12-2022 08:30 | B42: 41.46 | C42: 102.66 | D42: 89.9 | E42: 4.5 | F42: 0.54 | G42: 107.39 | H42: 49.12 | I42: 0.63 | J42: 0.67 | K42: 194.69 | L42: 23.78 | M42: 85 | N42: 136.5 | O42: 0 | P42: 1.85 | Q42: 124.29
A43: 01-12-2022 08:45 | B43: 39.29 | C43: 102.7 | D43: 88.18 | E43: 5.07 | F43: 0.78 | G43: 99.37 | H43: 48.04 | I43: 0.62 | J43: 0.69 | K43: 190.2 | L43: 24.04 | M43: 65 | N43: 160.7 | O43: 0 | P43: 1.8 | Q43: 123.11
A44: 01-12-2022 09:00 | B44: 37.33 | C44: 102.12 | D44: 86.29 | E44: 4.6 | F44: 0.68 | G44: 81.79 | H44: 44.49 | I44: 0.62 | J44: 0.62 | K44: 200.52 | L44: 23.46 | M44: 68 | N44: 182 | O44: 0 | P44: 1.77 | Q44: 122.04
A45: 01-12-2022 09:15 | B45: 35.12 | C45: 100.65 | D45: 83.71 | E45: 4.78 | F45: 0.75 | G45: 81.79 | H45: 44.49 | I45: 0.61 | J45: 0.75 | K45: 180.94 | L45: 25.2 | M45: 67 | N45: 199.6 | O45: 0 | P45: 1.74 | Q45: 123.88
A46: 01-12-2022 09:30 | B46: 32.4 | C46: 98.92 | D46: 80.57 | E46: 5.19 | F46: 0.84 | G46: 81.79 | H46: 44.49 | I46: 0.61 | J46: 1.52 | K46: 202.37 | L46: 22.89 | M46: 33 | N46: 224.8 | O46: 0 | P46: 1.71 | Q46: 122.32
A47: 01-12-2022 09:45 | B47: 28.63 | C47: 96.07 | D47: 75.97 | E47: 4.88 | F47: 0.75 | G47: 81.53 | H47: 43.97 | I47: 0.61 | J47: 0.82 | K47: 199.21 | L47: 23.45 | M47: 47 | N47: 232 | O47: 0 | P47: 1.66 | Q47: 118.88
A48: 01-12-2022 10:00 | B48: 25.1 | C48: 93.84 | D48: 71.91 | E48: 4.5 | F48: 0.97 | G48: 80.96 | H48: 42.27 | I48: 0.6 | J48: 0.93 | K48: 194.19 | L48: 24.12 | M48: 44 | N48: 243.7 | O48: 0 | P48: 1.61 | Q48: 116.83
A49: 01-12-2022 10:15 | B49: 21.72 | C49: 92.21 | D49: 68.31 | E49: 4.45 | F49: 1.09 | G49: 80.96 | H49: 42.27 | I49: 0.58 | J49: 0.89 | K49: 177.79 | L49: 25.77 | M49: 71 | N49: 254.8 | O49: 0 | P49: 1.58 | Q49: 115.79
... A71: 01-12-2022 15:45 | B71: 2.36 | C71: 84.03 | D71: 48.26 | E71: 10.35 | F71: 5.85 | G71: 63.84 | H71: 35.07 | I71: 0.28 | J71: 0.97 | K71: 124.64 | L71: 28.54 | M71: 87 | N71: 4 | O71: 0 | P71: 1.1 | Q71: 98.15
A72: 01-12-2022 16:00 | B72: 2.29 | C72: 85.59 | D72: 49.08 | E72: 5.5 | F72: 11.21 | G72: 75.95 | H72: 35.99 | I72: 0.3 | J72: 2.53 | K72: 146.78 | L72: 13.22 | M72: 92 | N72: Maint. | O72: 0 | P72: 1.14 | Q72: 0
A73: 01-12-2022 16:15 | B73: 2.59 | C73: 88.85 | D73: 51.11 | E73: 7.56 | F73: 7.83 | G73: 75.95 | H73: 35.99 | I73: 0.32 | J73: 0.71 | K73: 148.75 | L73: 84.46 | M73: 99 | N73: Maint. | O73: 0 | P73: 1.18 | Q73: 95.18
A74: 01-12-2022 16:30 | B74: 2.93 | C74: 93.65 | D74: 54.03 | E74: 5.18 | F74: 4.11 | G74: 75.95 | H74: 35.99 | I74: 0.31 | J74: 0.44 | K74: 121.21 | L74: 9.69 | M74: 87 | N74: Maint. | O74: 0 | P74: 1.27 | Q74: 93.12
A75: 01-12-2022 16:45 | B75: 3.55 | C75: 89.41 | D75: 52.19 | E75: 10.19 | F75: 16.85 | G75: 74.38 | H75: 35.9 | I75: 0.3 | J75: 0.61 | K75: 201.72 | L75: 26.63 | M75: 82 | N75: Maint. | O75: 0 | P75: 1.48 | Q75: 81.84
A76: 01-12-2022 17:00 | B76: 4.2 | C76: 108.54 | D76: 63.27 | E76: 10.59 | F76: 8.97 | G76: 70.95 | H76: 35.61 | I76: 0.3 | J76: 0.44 | K76: 215.22 | L76: 25.87 | M76: 79 | N76: Maint. | O76: 0 | P76: 1.6 | Q76: 77.93
A77: 01-12-2022 17:15 | B77: 4.97 | C77: 129.08 | D77: 75.22 | E77: 4.58 | F77: 2.05 | G77: 70.95 | H77: 35.61 | I77: 0.3 | J77: 0.22 | K77: 222.39 | L77: 25.1 | M77: 77 | N77: Maint. | O77: 0 | P77: 1.65 | Q77: 85.06
A78: 01-12-2022 17:30 | B78: 7.42 | C78: 126.21 | D78: 75.6 | E78: 3.67 | F78: 0.95 | G78: 70.95 | H78: 35.61 | I78: 0.32 | J78: 0.08 | K78: 67.62 | L78: 24.24 | M78: 48 | N78: Maint. | O78: 0 | P78: 1.69 | Q78: 88.12
A79: 01-12-2022 17:45 | B79: 9.97 | C79: 123.26 | D79: 76.02 | E79: 3.48 | F79: 0.54 | G79: 79.99 | H79: 37.1 | I79: 0.35 | J79: 0.12 | K79: Maint. | L79: 23.64 | M79: 47 | N79: Maint. | O79: 0 | P79: 1.8 | Q79: 91.17
A80: 01-12-2022 18:00 | B80: 12.63 | C80: 120.84 | D80: 76.82 | E80: 3.51 | F80: 0.67 | G80: 99.78 | H80: 41.7 | I80: 0.38 | J80: 0.08 | K80: Maint. | L80: 23.17 | M80: 65 | N80: Maint. | O80: 0 | P80: 1.88 | Q80: 94.11
A81: 01-12-2022 18:15 | B81: 14.83 | C81: 117.4 | D81: 76.68 | E81: 3.37 | F81: 0.71 | G81: 99.78 | H81: 41.7 | I81: 0.42 | J81: 0.12 | K81: Maint. | L81: 22.65 | M81: 64 | N81: Maint. | O81: 0 | P81: 2.01 | Q81: 97.35
A82: 01-12-2022 18:30 | B82: 18.83 | C82: 119.48 | D82: 81.04 | E82: 3.47 | F82: 0.65 | G82: 99.78 | H82: 41.7 | I82: 0.46 | J82: 0.17 | K82: Maint. | L82: 22.07 | M82: 33 | N82: Maint. | O82: 0 | P82: 2.08 | Q82: 104.31
A83: 01-12-2022 18:45 | B83: 22.72 | C83: 119.99 | D83: 84.44 | E83: 4.3 | F83: 0.56 | G83: 119.94 | H83: 42.44 | I83: 0.5 | J83: 0.13 | K83: Maint. | L83: 22.08 | M83: 69 | N83: Maint. | O83: 0 | P83: 2.19 | Q83: 109.91
A84: 01-12-2022 19:00 | B84: 26.69 | C84: 118.9 | D84: 87.02 | E84: 4.22 | F84: 0.48 | G84: 164.12 | H84: 44.86 | I84: 0.56 | J84: 0.2 | K84: Maint. | L84: 21.76 | M84: 51 | N84: Maint. | O84: 0 | P84: 2.29 | Q84: 113.96
A85: 01-12-2022 19:15 | B85: 30.13 | C85: 117.24 | D85: 88.86 | E85: 4.12 | F85: 0.82 | G85: 164.12 | H85: 44.86 | I85: 0.63 | J85: 0.2 | K85: Maint. | L85: 22.14 | M85: 30 | N85: Maint. | O85: 0 | P85: 2.37 | Q85: 118.01
A86: 01-12-2022 19:30 | B86: 32.23 | C86: 115.76 | D86: 89.73 | E86: 4.54 | F86: 0.63 | G86: 164.12 | H86: 44.86 | I86: 0.7 | J86: 0.16 | K86: Maint. | L86: 22.29 | M86: 22 | N86: Maint. | O86: 0 | P86: 2.52 | Q86: 120.42
A87: 01-12-2022 19:45 | B87: 35.31 | C87: 115.83 | D87: 92.24 | E87: 4.02 | F87: 0.61 | G87: 166.92 | H87: 45.98 | I87: 0.78 | J87: 0.21 | K87: Maint. | L87: 22.38 | M87: 39 | N87: Maint. | O87: 0 | P87: 2.7 | Q87: 122.76
A88: 01-12-2022 20:00 | B88: 37.95 | C88: 115.01 | D88: 93.9 | E88: 2.33 | F88: 0.58 | G88: 179.79 | H88: 49.46 | I88: 0.86 | J88: 0.28 | K88: Maint. | L88: 22.39 | M88: 41 | N88: Maint. | O88: 0 | P88: 2.73 | Q88: 125.51
A89: 01-12-2022 20:15 | B89: 37.46 | C89: 110.06 | D89: 90.78 | E89: 3.38 | F89: 0.52 | G89: 179.79 | H89: 49.46 | I89: 0.93 | J89: 0.28 | K89: Maint. | L89: 22.49 | M89: 20 | N89: Maint. | O89: 0 | P89: 2.74 | Q89: 123.97
A90: 01-12-2022 20:30 | B90: 35.82 | C90: 112.05 | D90: 90.56 | E90: 3.99 | F90: 0.56 | G90: 179.79 | H90: 49.46 | I90: 0.98 | J90: 0.23 | K90: Maint. | L90: 22 | M90: 18 | N90: Maint. | O90: 0 | P90: 2.77 | Q90: 123.21
... A104: 01-12-2022 24:00 | B104: 63.64 | C104: 118.63 | D104: 116.51 | E104: 2.46 | F104: 0.44 | G104: 173.9 | H104: 50.66 | I104: 1.21 | J104: 0.16 | K104: Maint. | L104: 18.57 | M104: 61 | N104: Maint. | O104: 0 | P104: 3.01 | Q104: 138.42
A106: Min | B106: =MIN(B9:B104) -> 1.74 | C106: =MIN(C9:C104) -> 75.16 | D106: =MIN(D9:D104) -> 42.99 | E106: =MIN(E9:E104) -> 2.33 | F106: =MIN(F9:F104) -> 0.4 | G106: =MIN(G9:G104) -> 61.47 | H106: =MIN(H9:H104) -> 34.77 | I106: =MIN(I9:I104) -> 0.28 | ... Q106: =MIN(Q9:Q104) -> 0
A107: Max | B107: =MAX(B9:B104) -> 93.87 | C107: =MAX(C9:C104) -> 136.52 | D107: =MAX(D9:D104) -> 150.61 | E107: =MAX(E9:E104) -> 22.82 | F107: =MAX(F9:F104) -> 21.21 | G107: =MAX(G9:G104) -> 223.96 | H107: =MAX(H9:H104) -> 73.84 | I107: =MAX(I9:I104) -> 1.54 | ... Q107: =MAX(Q9:Q104) -> 151.77
A108: Avg | B108: =AVERAGE(B9:B104) -> 31.483542 | C108: =AVERAGE(C9:C104) -> 102.08281 | D108: =AVERAGE(D9:D104) -> 81.583542 | E108: =AVERAGE(E9:E104) -> 5.4015625 | F108: =AVERAGE(F9:F104) -> 2.2838542 | G108: =AVERAGE(G9:G104) -> 120.34531 | H108: =AVERAGE(H9:H104) -> 49.872083 | I108: =AVERAGE(I9:I104) -> 0.7821875 | ... Q108: =AVERAGE(Q9:Q104) -> 119.33344
A109: Stdev | B109: =STDEV(B9:B104) -> 23.976426 | C109: =STDEV(C9:C104) -> 15.977904 | D109: =STDEV(D9:D104) -> 26.183493 | E109: =STDEV(E9:E104) -> 3.1132354 | F109: =STDEV(F9:F104) -> 4.1633821 | G109: =STDEV(G9:G104) -> 45.342354 | H109: =STDEV(H9:H104) -> 11.473886 | I109: =STDEV(I9:I104) -> 0.3648798 | ... Q109: =STDEV(Q9:Q104) -> 19.822679
A110: Num | B110: =COUNT(B9:B104) -> 96 | C110: =COUNT(C9:C104) -> 96 | D110: =COUNT(D9:D104) -> 96 | E110: =COUNT(E9:E104) -> 96 | F110: =COUNT(F9:F104) -> 96 | G110: =COUNT(G9:G104) -> 96 | H110: =COUNT(H9:H104) -> 96 | I110: =COUNT(I9:I104) -> 96 | J110: =COUNT(J9:J104) -> 96 | K110: =COUNT(K9:K104)+26 -> 96 | L110: =COUNT(L9:L104) -> 96 | M110: =COUNT(M9:M104) -> 96 | N110: =COUNT(N9:N104)+62 -> 96 | O110: =COUNT(O9:O104) -> 96 | P110: =COUNT(P9:P104) -> 96 | Q110: =COUNT(Q9:Q104) -> 96
A111: DCR | B111: =IF(B110>=87,">90%",IF(B110<=87,"<90%")) -> >90% | C111: =IF(C110>=87,">90%",IF(C110<=87,"<90%")) -> >90% | D111: =IF(D110>=87,">90%",IF(D110<=87,"<90%")) -> >90% | E111: =IF(E110>=87,">90%",IF(E110<=87,"<90%")) -> >90% | F111: =IF(F110>=87,">90%",IF(F110<=87,"<90%")) -> >90% | G111: =IF(G110>=87,">90%",IF(G110<=87,"<90%")) -> >90% | H111: =IF(H110>=87,">90%",IF(H110<=87,"<90%")) -> >90% | I111: =IF(I110>=87,">90%",IF(I110<=87,"<90%")) -> >90% | ... Q111: =IF(Q110>=87,">90%",IF(Q110<=87,"<90%")) -> >90%
A112: Status | B112: =IF(B110>=87,"OK",IF(B110<=87,"LESS")) -> OK | C112: =IF(C110>=87,"OK",IF(C110<=87,"LESS")) -> OK | D112: =IF(D110>=87,"OK",IF(D110<=87,"LESS")) -> OK | E112: =IF(E110>=87,"OK",IF(E110<=87,"LESS")) -> OK | F112: =IF(F110>=87,"OK",IF(F110<=87,"LESS")) -> OK | G112: =IF(G110>=87,"OK",IF(G110<=87,"LESS")) -> OK | H112: =IF(H110>=87,"OK",IF(H110<=87,"LESS")) -> OK | I112: =IF(I110>=87,"OK",IF(I110<=87,"LESS")) -> OK | ... Q112: =IF(Q110>=87,"OK",IF(Q110<=87,"LESS")) -> OK
A115: Done by | B115: RK
A117: Comment

Sheet 02
A1: Station: | B1: BHATAGAON RAIPUR
A2: Date: | B2: =$A$9 -> 02-12-2022 00:15 | D2: Power Off | G2: Pw.Off | L2: Link Fail | N2: Link F | P2: Maintenance | R2: Maint.
A3: Report Type: | B3: Mean | D3: Calibration | G3: Calib. | L3: Data Fail | N3: Data F | P3: Invalid | R3: Invalid
A4: Time Base: | B4: 15 Min | D4: Zero Referrence | G4: Z.Ref | L4: Warm Up | N4: Wm. Up
A7: Date & Time | B7: NO_BHATAGAON | C7: NO2__BHATAGAON | D7: NOX_BHATAGAON | E7: SO2__BHATAGAON | F7: O3__BHATAGAON | G7: PM10__BHATAGAON | H7: PM2_5__BHATAGAON | I7: BENZ__BHATAGAON | J7: WS__BHATAGAON | K7: WD__BHATAGAON | L7: TEMP__BHATAGAON | M7: HUM__BHATAGAON | N7: SR__BHATAGAON | O7: RG__BHATAGAON | P7: CO__BHATAGAON | Q7: NH3__BHATAGAON
B8: ug/m3 | C8: ug/m3 | D8: ug/m3 | E8: ug/m3 | F8: ug/m3 | G8: ug/m3 | H8: ug/m3 | I8: ug/m3 | J8: m/sec | K8: deg | L8: degreC | M8: % | N8: w/m2 | O8: mm | P8: mg/m3 | Q8: ug/m3
A9: 02-12-2022 00:15 | B9: 64.2 | C9: 118.58 | D9: 116.92 | E9: 4.19 | F9: 0.65 | G9: 173.9 | H9: 50.66 | I9: 1.21 | J9: 0.24 | K9: Maint. | L9: 18.51 | M9: Maint. | N9: Maint. | O9: 0 | P9: 2.96 | Q9: 139.38
A10: 02-12-2022 00:30 | B10: 62.38 | C10: 117.08 | D10: 114.64 | E10: 4.38 | F10: 0.6 | G10: 173.9 | H10: 50.66 | I10: 1.2 | J10: 0.16 | K10: Maint. | L10: 18.54 | M10: Maint. | N10: Maint. | O10: 0 | P10: 2.92 | Q10: 139.46
A11: 02-12-2022 00:45 | B11: 60.7 | C11: 115.47 | D11: 112.41 | E11: 3.83 | F11: 0.59 | G11: 156.29 | H11: 50.45 | I11: 1.19 | J11: 0.11 | K11: Maint. | L11: 18.51 | M11: Maint. | N11: Maint. | O11: 0 | P11: 2.89 | Q11: 138.99
A12: 02-12-2022 01:00 | B12: 58.76 | C12: 113.49 | D12: 109.76 | E12: 4.19 | F12: 0.55 | G12: 117.71 | H12: 49.8 | I12: 1.18 | J12: 0.11 | K12: Maint. | L12: 18.14 | M12: Maint. | N12: Maint. | O12: 0 | P12: 2.85 | Q12: 138.07
A13: 02-12-2022 01:15 | B13: 56.76 | C13: 111.99 | D13: 107.32 | E13: 4.15 | F13: 0.46 | G13: 117.71 | H13: 49.8 | I13: 1.16 | J13: 0.13 | K13: Maint. | L13: 17.89 | M13: Maint. | N13: Maint. | O13: 0 | P13: 2.71 | Q13: 137.63
A14: 02-12-2022 01:30 | B14: 55.02 | C14: 110.95 | D14: 105.35 | E14: 4.5 | F14: 0.58 | G14: 117.71 | H14: 49.8 | I14: 1.15 | J14: 0.21 | K14: Maint. | L14: 17.79 | M14: Maint. | N14: Maint. | O14: 0 | P14: 2.75 | Q14: 137.52
A15: 02-12-2022 01:45 | B15: 53.43 | C15: 109.97 | D15: 103.54 | E15: 4.67 | F15: 0.5 | G15: 118 | H15: 49.33 | I15: Maint. | J15: 0.32 | K15: Maint. | L15: 18.59 | M15: Maint. | N15: Maint. | O15: 0 | P15: 2.73 | Q15: 137.74
A16: 02-12-2022 02:00 | B16: 51.65 | C16: 108 | D16: 101.02 | E16: 4.19 | F16: 0.39 | G16: 118.66 | H16: 47.8 | I16: Maint. | J16: 0.22 | K16: Maint. | L16: 17.93 | M16: Maint. | N16: Maint. | O16: 0 | P16: 2.69 | Q16: 137.3
A17: 02-12-2022 02:15 | B17: 50.39 | C17: 106.25 | D17: 99.05 | E17: 4.25 | F17: 0.48 | G17: 118.66 | H17: 47.8 | I17: Maint. | J17: 0.13 | K17: Maint. | L17: 17.42 | M17: Maint. | N17: Maint. | O17: 0 | P17: 2.66 | Q17: 136.31
A18: 02-12-2022 02:30 | B18: 49.19 | C18: 104.16 | D18: 96.93 | E18: 4.36 | F18: 0.5 | G18: 118.66 | H18: 47.8 | I18: Maint. | J18: 0.13 | K18: Maint. | L18: 17.41 | M18: Maint. | N18: Maint. | O18: 0 | P18: 2.62 | Q18: 135.16
A19: 02-12-2022 02:45 | B19: 47.47 | C19: 102.05 | D19: 94.39 | E19: 4.92 | F19: 0.33 | G19: 116.15 | H19: 48 | I19: Maint. | J19: 0.14 | K19: Maint. | L19: 17.48 | M19: Maint. | N19: Maint. | O19: 0 | P19: 2.58 | Q19: 134.59
A20: 02-12-2022 03:00 | B20: 45.59 | C20: 99.55 | D20: 91.49 | E20: 4.81 | F20: 0.4 | G20: 110.4 | H20: 48.65 | I20: Maint. | J20: 0.13 | K20: Maint. | L20: 17.16 | M20: Maint. | N20: Maint. | O20: 0 | P20: 2.53 | Q20: 132.74
A21: 02-12-2022 03:15 | B21: 44.3 | C21: 97.21 | D21: 89.18 | E21: 4.09 | F21: 0.44 | G21: 110.4 | H21: 48.65 | I21: Maint. | J21: 0.15 | K21: Maint. | L21: 17.02 | M21: Maint. | N21: Maint. | O21: 0 | P21: 2.5 | Q21: 133.27
A22: 02-12-2022 03:30 | B22: 43.88 | C22: 94.7 | D22: 87.45 | E22: 3.57 | F22: 0.51 | G22: 110.4 | H22: 48.65 | I22: Maint. | J22: 0.08 | K22: Maint. | L22: 16.94 | M22: Maint. | N22: Maint. | O22: 0 | P22: 2.48 | Q22: 131.34
A23: 02-12-2022 03:45 | B23: 42.65 | C23: 93.28 | D23: 85.68 | E23: 4.24 | F23: 0.5 | G23: 116.76 | H23: 49.08 | I23: Maint. | J23: 0.13 | K23: Maint. | L23: 16.99 | M23: Maint. | N23: Maint. | O23: 0 | P23: 2.45 | Q23: 130.28
A24: 02-12-2022 04:00 | B24: 40.96 | C24: 91.87 | D24: 83.54 | E24: 1.94 | F24: 0.55 | G24: 146.05 | H24: 50.47 | I24: Maint. | J24: 0.11 | K24: Maint. | L24: 17.04 | M24: Maint. | N24: Maint. | O24: 0 | P24: 2.42 | Q24: 128.24
A25: 02-12-2022 04:15 | B25: 39.71 | C25: 90.78 | D25: 81.94 | E25: 3.89 | F25: 0.68 | G25: 146.05 | H25: 50.47 | I25: Maint. | J25: 0.12 | K25: Maint. | L25: 16.87 | M25: Maint. | N25: Maint. | O25: 0 | P25: 2.4 | Q25: 128.98
A26: 02-12-2022 04:30 | B26: 39.14 | C26: 90.31 | D26: 81.23 | E26: 3.92 | F26: 0.65 | G26: 146.05 | H26: 50.47 | I26: Maint. | J26: 0.1 | K26: Maint. | L26: 17.11 | M26: Maint. | N26: Maint. | O26: 0 | P26: 2.39 | Q26: 129.39
... A37: 02-12-2022 07:15 | B37: 24.35 | C37: 82.2 | D37: 64.9 | E37: 4 | F37: 0.53 | G37: 106.91 | H37: 49.95 | I37: Maint. | J37: 0.46 | K37: Maint. | L37: 17.97 | M37: Maint. | N37: Maint. | O37: 0 | P37: 1.88 | Q37: 119.98
A38: 02-12-2022 07:30 | B38: 24.28 | C38: 82.43 | D38: 64.97 | E38: 4.53 | F38: 0.51 | G38: 106.91 | H38: 49.95 | I38: Maint. | J38: 0.45 | K38: Maint. | L38: 18.46 | M38: Maint. | N38: 0.2 | O38: 0 | P38: 1.9 | Q38: 119.75
A39: 02-12-2022 07:45 | B39: 24.44 | C39: 82.76 | D39: 65.27 | E39: 4.26 | F39: 0.57 | G39: 105.75 | H39: 49.48 | I39: Maint. | J39: 0.64 | K39: Maint. | L39: 19.19 | M39: Maint. | N39: 18 | O39: 0 | P39: 1.86 | Q39: 119.67
A40: 02-12-2022 08:00 | B40: 24.3 | C40: 82.78 | D40: 65.17 | E40: 1.78 | F40: 0.81 | G40: 100.87 | H40: 47.92 | I40: Maint. | J40: 1.14 | K40: Maint. | L40: 19.83 | M40: Maint. | N40: 47.9 | O40: 0 | P40: 1.83 | Q40: 119.41
A41: 02-12-2022 08:15 | B41: 23.38 | C41: 82.28 | D41: 64.16 | E41: 3.79 | F41: 0.82 | G41: 100.87 | H41: 47.92 | I41: Maint. | J41: 0.65 | K41: Maint. | L41: 20.67 | M41: Maint. | N41: 73.8 | O41: 0 | P41: 1.79 | Q41: 120.08
A42: 02-12-2022 08:30 | B42: 22.54 | C42: 83.06 | D42: 63.91 | E42: 4.24 | F42: 0.84 | G42: 100.87 | H42: 47.92 | I42: Maint. | J42: 0.69 | K42: Maint. | L42: 21.99 | M42: Maint. | N42: 103.2 | O42: 0 | P42: 1.76 | Q42: 119.81
A43: 02-12-2022 08:45 | B43: 21.58 | C43: 83.85 | D43: 63.58 | E43: 4.21 | F43: 0.8 | G43: 98.77 | H43: 47.05 | I43: Maint. | J43: 1.16 | K43: Maint. | L43: 21.86 | M43: Maint. | N43: 129.8 | O43: 0 | P43: 1.72 | Q43: 120.53
A44: 02-12-2022 09:00 | B44: 20.1 | C44: 83.36 | D44: 62.12 | E44: 4.88 | F44: 0.84 | G44: 94.18 | H44: 44.36 | I44: Maint. | J44: 0.75 | K44: Maint. | L44: 23.37 | M44: Maint. | N44: 150.1 | O44: 0 | P44: 1.68 | Q44: 120.2
A45: 02-12-2022 09:15 | B45: 18.75 | C45: 84.08 | D45: 61.44 | E45: 4.47 | F45: 0.73 | G45: 94.18 | H45: 44.36 | I45: Maint. | J45: 0.96 | K45: Maint. | L45: 23.15 | M45: Maint. | N45: 170 | O45: 0 | P45: 1.64 | Q45: 119.65
A46: 02-12-2022 09:30 | B46: 17.07 | C46: 83.59 | D46: 59.82 | E46: 4.91 | F46: 1.12 | G46: 94.18 | H46: 44.36 | I46: Maint. | J46: 0.81 | K46: Maint. | L46: 24.15 | M46: Maint. | N46: 185.8 | O46: 0 | P46: 1.59 | Q46: 118.75
A47: 02-12-2022 09:45 | B47: 15.03 | C47: 83.27 | D47: 58.01 | E47: 4.98 | F47: 1.12 | G47: 96.81 | H47: 43.92 | I47: Maint. | J47: 1.32 | K47: Maint. | L47: 23.9 | M47: Maint. | N47: 205.3 | O47: 0 | P47: 1.55 | Q47: 117.55
A48: 02-12-2022 10:00 | B48: 13.03 | C48: 81.65 | D48: 55.51 | E48: 4.27 | F48: 1.09 | G48: 102.58 | H48: 42.48 | I48: Maint. | J48: 1.38 | K48: Maint. | L48: 23.99 | M48: Maint. | N48: 219.5 | O48: 0 | P48: 1.51 | Q48: 116.41
A49: 02-12-2022 10:15 | B49: 11.53 | C49: 80.17 | D49: 53.49 | E49: 4.86 | F49: 0.9 | G49: 102.58 | H49: 42.48 | I49: Maint. | J49: 0.94 | K49: Maint. | L49: 25.16 | M49: Maint. | N49: 232.6 | O49: 0 | P49: 1.45 | Q49: 116.61
... A53: 02-12-2022 11:15 | B53: 6.2 | C53: 77.84 | D53: 47.93 | E53: 4.11 | F53: 1.54 | G53: 91.78 | H53: 41.23 | I53: Maint. | J53: 0.99 | K53: Maint. | L53: 26.9 | M53: Maint. | N53: 261.2 | O53: 0 | P53: 1.32 | Q53: 111.06
A54: 02-12-2022 11:30 | B54: 3.71 | C54: 77.64 | D54: 45.83 | E54: 6.65 | F54: 8.06 | G54: 91.78 | H54: 41.23 | I54: Maint. | J54: 0.96 | K54: 96.91 | L54: 27.12 | M54: Maint. | N54: 266.7 | O54: 0 | P54: 1.18 | Q54: 96.16
A55: 02-12-2022 11:45 | B55: 2.03 | C55: 73.57 | D55: 42.23 | E55: 7.17 | F55: 6.84 | G55: 88.75 | H55: 40.69 | I55: 0.13 | J55: 0.64 | K55: 132.98 | L55: 28.38 | M55: Maint. | N55: 262.1 | O55: 0 | P55: 1.08 | Q55: 83.34
A56: 02-12-2022 12:00 | B56: 1.82 | C56: 71.13 | D56: 40.71 | E56: 8.52 | F56: 9.78 | G56: 73.21 | H56: 39.03 | I56: 0.42 | J56: 0.95 | K56: 102.42 | L56: 29.5 | M56: Maint. | N56: 265.8 | O56: 0 | P56: 1.01 | Q56: 75.35
A57: 02-12-2022 12:15 | B57: 6.76 | C57: 72.04 | D57: 45.17 | E57: 16.7 | F57: 20.13 | G57: 73.21 | H57: 39.03 | I57: 0.36 | J57: 0.92 | K57: 59.16 | L57: 30.48 | M57: Maint. | N57: 260.4 | O57: 0 | P57: 1 | Q57: Z.Ref
A58: 02-12-2022 12:30 | B58: 3.68 | C58: 80.63 | D58: 47.45 | E58: 18.6 | F58: 17.21 | G58: 73.21 | H58: 39.03 | I58: 0.29 | J58: 0.64 | K58: 48.45 | L58: 31.82 | M58: Maint. | N58: 250.5 | O58: 0 | P58: 1.01 | Q58: 71.89
A59: 02-12-2022 12:45 | B59: 2 | C59: 74.36 | D59: 42.64 | E59: 12.87 | F59: 17.49 | G59: 69.1 | H59: 38.68 | I59: 0.26 | J59: 0.76 | K59: 81.3 | L59: 29.11 | M59: Maint. | N59: 241.5 | O59: 0 | P59: 0.93 | Q59: 68.58
A60: 02-12-2022 13:00 | B60: 2.27 | C60: 69.92 | D60: 40.41 | E60: 11.9 | F60: 12.81 | G60: 60.09 | H60: 37.59 | I60: 0.26 | J60: 0.69 | K60: Maint. | L60: 29.92 | M60: Maint. | N60: 234.9 | O60: 0 | P60: 0.9 | Q60: 68.54
A61: 02-12-2022 13:15 | B61: 2.68 | C61: 70.94 | D61: 41.3 | E61: 10.03 | F61: 14.15 | G61: 60.09 | H61: 37.59 | I61: 0.23 | J61: 0.54 | K61: Maint. | L61: 29.8 | M61: Maint. | N61: 223.4 | O61: 0 | P61: 0.86 | Q61: 67.99
A62: 02-12-2022 13:30 | B62: 2.96 | C62: 74.62 | D62: 43.55 | E62: 8.98 | F62: 18.66 | G62: 60.09 | H62: 37.59 | I62: 0.24 | J62: 1.1 | K62: Maint. | L62: 32.52 | M62: Maint. | N62: 221.8 | O62: 0 | P62: 0.9 | Q62: 67.7
A63: 02-12-2022 13:45 | B63: 3.18 | C63: 72.29 | D63: 42.45 | E63: 15.75 | F63: 20.44 | G63: 63.75 | H63: 38.08 | I63: 0.23 | J63: 0.8 | K63: Maint. | L63: 34.11 | M63: Maint. | N63: 199.4 | O63: 0 | P63: 0.96 | Q63: 69.27
A64: 02-12-2022 14:00 | B64: 2.34 | C64: 71 | D64: 41.06 | E64: 10.64 | F64: 20.06 | G64: 72.15 | H64: 39.7 | I64: 0.23 | J64: 0.68 | K64: Maint. | L64: 33.76 | M64: Maint. | N64: 184.3 | O64: 0 | P64: 0.99 | Q64: 70.71
A65: 02-12-2022 14:15 | B65: 1.76 | C65: 76.26 | D65: 43.49 | E65: 7.98 | F65: 13.84 | G65: 72.15 | H65: 39.7 | I65: 0.24 | J65: 0.93 | K65: Maint. | L65: 30.31 | M65: Maint. | N65: 298.5 | O65: 0 | P65: 1.01 | Q65: 68.13
A66: 02-12-2022 14:30 | B66: 1.51 | C66: 82.2 | D66: 46.58 | E66: 5.09 | F66: 6.84 | G66: 72.15 | H66: 39.7 | I66: 0.25 | J66: 0.67 | K66: Maint. | L66: 31.54 | M66: Maint. | N66: 216 | O66: 0 | P66: 1.01 | Q66: 69.95
A67: 02-12-2022 14:45 | B67: 1.94 | C67: 84.01 | D67: 47.92 | E67: 4.68 | F67: 9.09 | G67: 72.58 | H67: 39.21 | I67: 0.24 | J67: 0.93 | K67: Maint. | L67: 32.68 | M67: Maint. | N67: 193 | O67: 0 | P67: 1.04 | Q67: 73.12
A68: 02-12-2022 15:00 | B68: 2.84 | C68: 88.97 | D68: 51.38 | E68: 13.05 | F68: 22.38 | G68: 73.58 | H68: 37.59 | I68: 0.25 | J68: 0.61 | K68: 3.85 | L68: -54.98 | M68: Maint. | N68: 222.1 | O68: 0 | P68: 1.12 | Q68: 70.78
A69: 02-12-2022 15:15 | B69: 3.79 | C69: 100.35 | D69: 58.42 | E69: 9.11 | F69: 18.11 | G69: 73.58 | H69: 37.59 | I69: 0.25 | J69: 0.28 | K69: 111.61 | L69: -52.07 | M69: Maint. | N69: 213.5 | O69: 0 | P69: 1.2 | Q69: 67.59
A70: 02-12-2022 15:30 | B70: 5.06 | C70: 113.32 | D70: 66.6 | E70: 10.82 | F70: 21.75 | G70: 73.58 | H70: 37.59 | I70: 0.23 | J70: 0.45 | K70: 135.81 | L70: 30.18 | M70: Maint. | N70: 153.4 | O70: 0 | P70: 1.28 | Q70: 69.62
A71: 02-12-2022 15:45 | B71: 5.03 | C71: 98.34 | D71: 58.3 | E71: 16.21 | F71: 35.71 | G71: 73.49 | H71: 37.01 | I71: 0.23 | J71: 0.32 | K71: 142.23 | L71: 29.66 | M71: Maint. | N71: 133.2 | O71: 0 | P71: 1.39 | Q71: Z.Ref
A72: 02-12-2022 16:00 | B72: 3.81 | C72: 97.9 | D72: 57.09 | E72: 13.38 | F72: 37.73 | G72: 73.03 | H72: 35.65 | I72: 0.24 | J72: 0.42 | K72: 145.1 | L72: 28.87 | M72: Maint. | N72: 93.5 | O72: 0 | P72: 1.31 | Q72: 74.02
A73: 02-12-2022 16:15 | B73: 6.87 | C73: 65.47 | D73: 41.64 | E73: 17.66 | F73: 32.27 | G73: 73.03 | H73: 35.65 | I73: 0.24 | J73: 0.28 | K73: 151.88 | L73: 28.22 | M73: Maint. | N73: 76.8 | O73: 0 | P73: 1.42 | Q73: 55.22
A74: 02-12-2022 16:30 | B74: 9.33 | C74: 45.8 | D74: 32.75 | E74: 15.72 | F74: 22.55 | G74: 73.03 | H74: 35.65 | I74: 0.24 | J74: 0.37 | K74: 185.1 | L74: 27.55 | M74: Maint. | N74: 65.7 | O74: 0 | P74: 1.52 | Q74: 35.57
A75: 02-12-2022 16:45 | B75: 7.02 | C75: 54.7 | D75: 35.82 | E75: 14.18 | F75: 19.98 | G75: 72.44 | H75: 35.45 | I75: 0.27 | J75: 0.19 | K75: 195.78 | L75: 26.8 | M75: Maint. | N75: 55.1 | O75: 0 | P75: 1.73 | Q75: 35.64
A76: 02-12-2022 17:00 | B76: 7.98 | C76: 60.66 | D76: 39.88 | E76: 13.63 | F76: 13.47 | G76: 71.1 | H76: 34.85 | I76: 0.29 | J76: 0.18 | K76: 213.11 | L76: 26.11 | M76: Maint. | N76: 46 | O76: 0 | P76: 1.9 | Q76: 34.15
A77: 02-12-2022 17:15 | B77: 5.67 | C77: 67.21 | D77: 41.64 | E77: 8.83 | F77: 5.37 | G77: 71.1 | H77: 34.85 | I77: 0.36 | J77: 0.1 | K77: 215.61 | L77: 25.54 | M77: Maint. | N77: 39 | O77: 0 | P77: 2.02 | Q77: 34.86
A78: 02-12-2022 17:30 | B78: 5.13 | C78: 62.05 | D78: 38.36 | E78: 5.03 | F78: 2.41 | G78: 71.1 | H78: 34.85 | I78: 0.41 | J78: 0.07 | K78: 217.48 | L78: 25.07 | M78: Maint. | N78: 35.7 | O78: 0 | P78: 1.97 | Q78: 39.63
A79: 02-12-2022 17:45 | B79: 6.51 | C79: 57.22 | D79: 36.8 | E79: 3.83 | F79: 1.08 | G79: 80.12 | H79: 35.49 | I79: 0.46 | J79: 0.1 | K79: 218.94 | L79: 24.61 | M79: Maint. | N79: 34.9 | O79: 0 | P79: 2.04 | Q79: 39.42
A80: 02-12-2022 18:00 | B80: 8.97 | C80: 55.7 | D80: 37.93 | E80: 3.61 | F80: 0.85 | G80: 99.9 | H80: 37.59 | I80: 0.48 | J80: 0.21 | K80: 212.17 | L80: 24.47 | M80: Maint. | N80: 34.4 | O80: 0 | P80: 2.14 | Q80: 40.4
A81: 02-12-2022 18:15 | B81: 10.88 | C81: 55.32 | D81: 39.25 | E81: 3.46 | F81: 0.86 | G81: 99.9 | H81: 37.59 | I81: 0.51 | J81: 0.12 | K81: 207.4 | L81: 24.34 | M81: Maint. | N81: 34.6 | O81: 0 | P81: 2.24 | Q81: 41.01
A82: 02-12-2022 18:30 | B82: 15.14 | C82: 53.75 | D82: 41.8 | E82: 3.53 | F82: 0.84 | G82: 99.9 | H82: 37.59 | I82: 0.57 | J82: 0.08 | K82: 224.53 | L82: 23.93 | M82: Maint. | N82: 34.6 | O82: 0 | P82: 2.39 | Q82: 42.14
A83: 02-12-2022 18:45 | B83: 22.46 | C83: 50.8 | D83: 46.04 | E83: 3.73 | F83: 0.82 | G83: 121.23 | H83: 38.39 | I83: 0.62 | J83: 0.06 | K83: 231.49 | L83: 23.37 | M83: Maint. | N83: 34.7 | O83: 0 | P83: 2.61 | Q83: 42.79
... A104: 02-12-2022 24:00 | B104: 78.8 | C104: 6.13 | D104: 66.57 | E104: 2.52 | F104: 0.66 | G104: 159.52 | H104: 57.55 | I104: 1.46 | J104: 0.09 | K104: 272.99 | L104: 19.83 | M104: Maint. | N104: 34.6 | O104: 0 | P104: 3.59 | Q104: 54.74
A106: Min | B106: =MIN(B9:B104) -> 1.51 | C106: =MIN(C9:C104) -> 6.13 | D106: =MIN(D9:D104) -> 32.75 | E106: =MIN(E9:E104) -> 1.78 | F106: =MIN(F9:F104) -> 0.33 | G106: =MIN(G9:G104) -> 60.09 | H106: =MIN(H9:H104) -> 34.85 | I106: =MIN(I9:I104) -> 0.13 | ... Q106: =MIN(Q9:Q104) -> 34.15
A107: Max | B107: =MAX(B9:B104) -> 78.8 | C107: =MAX(C9:C104) -> 118.58 | D107: =MAX(D9:D104) -> 116.92 | E107: =MAX(E9:E104) -> 18.6 | F107: =MAX(F9:F104) -> 37.73 | G107: =MAX(G9:G104) -> 201.65 | H107: =MAX(H9:H104) -> 61.14 | I107: =MAX(I9:I104) -> 1.46 | ... Q107: =MAX(Q9:Q104) -> 139.46
A108: Avg | B108: =AVERAGE(B9:B104) -> 27.927917 | C108: =AVERAGE(C9:C104) -> 72.192292 | D108: =AVERAGE(D9:D104) -> 62.236875 | E108: =AVERAGE(E9:E104) -> 6.108125 | F108: =AVERAGE(F9:F104) -> 4.96 | G108: =AVERAGE(G9:G104) -> 120.72375 | H108: =AVERAGE(H9:H104) -> 46.505104 | I108: =AVERAGE(I9:I104) -> 0.72107143 | ... Q108: =AVERAGE(Q9:Q104) -> 89.413511
A109: Stdev | B109: =STDEV(B9:B104) -> 21.026559 | C109: =STDEV(C9:C104) -> 27.680378 | D109: =STDEV(D9:D104) -> 20.562029 | E109: =STDEV(E9:E104) -> 3.7874578 | F109: =STDEV(F9:F104) -> 8.5285504 | G109: =STDEV(G9:G104) -> 42.191198 | H109: =STDEV(H9:H104) -> 7.7993592 | I109: =STDEV(I9:I104) -> 0.45770844 | ... Q109: =STDEV(Q9:Q104) -> 37.204992
A110: Num | B110: =COUNT(B9:B104) -> 96 | C110: =COUNT(C9:C104) -> 96 | D110: =COUNT(D9:D104) -> 96 | E110: =COUNT(E9:E104) -> 96 | F110: =COUNT(F9:F104) -> 96 | G110: =COUNT(G9:G104) -> 96 | H110: =COUNT(H9:H104) -> 96 | I110: =COUNT(I9:I104)+40 -> 96 | J110: =COUNT(J9:J104) -> 96 | K110: =COUNT(K9:K104)+53 -> 96 | L110: =COUNT(L9:L104) -> 96 | M110: =COUNT(M9:M104)+96 -> 96 | N110: =COUNT(N9:N104)+29 -> 96 | O110: =COUNT(O9:O104) -> 96 | P110: =COUNT(P9:P104) -> 96 | Q110: =COUNT(Q9:Q104)+2 -> 96
A111: DCR | B111: =IF(B110>=87,">90%",IF(B110<=87,"<90%")) -> >90% | C111: =IF(C110>=87,">90%",IF(C110<=87,"<90%")) -> >90% | D111: =IF(D110>=87,">90%",IF(D110<=87,"<90%")) -> >90% | E111: =IF(E110>=87,">90%",IF(E110<=87,"<90%")) -> >90% | F111: =IF(F110>=87,">90%",IF(F110<=87,"<90%")) -> >90% | G111: =IF(G110>=87,">90%",IF(G110<=87,"<90%")) -> >90% | H111: =IF(H110>=87,">90%",IF(H110<=87,"<90%")) -> >90% | I111: =IF(I110>=87,">90%",IF(I110<=87,"<90%")) -> >90% | ... Q111: =IF(Q110>=87,">90%",IF(Q110<=87,"<90%")) -> >90%
A112: Status | B112: =IF(B110>=87,"OK",IF(B110<=87,"LESS")) -> OK | C112: =IF(C110>=87,"OK",IF(C110<=87,"LESS")) -> OK | D112: =IF(D110>=87,"OK",IF(D110<=87,"LESS")) -> OK | E112: =IF(E110>=87,"OK",IF(E110<=87,"LESS")) -> OK | F112: =IF(F110>=87,"OK",IF(F110<=87,"LESS")) -> OK | G112: =IF(G110>=87,"OK",IF(G110<=87,"LESS")) -> OK | H112: =IF(H110>=87,"OK",IF(H110<=87,"LESS")) -> OK | I112: =IF(I110>=87,"OK",IF(I110<=87,"LESS")) -> OK | ... Q112: =IF(Q110>=87,"OK",IF(Q110<=87,"LESS")) -> OK
A115: Done by | B115: RK
A117: Comment

Sheet 03
A1: Station: | B1: BHATAGAON RAIPUR
A2: Date: | B2: =$A$9 -> 03-12-2022 00:15 | D2: Power Off | G2: Pw.Off | L2: Link Fail | N2: Link F | P2: Maintenance | R2: Maint.
A3: Report Type: | B3: Mean | D3: Calibration | G3: Calib. | L3: Data Fail | N3: Data F | P3: Invalid | R3: Invalid
A4: Time Base: | B4: 15 Min | D4: Zero Referrence | G4: Z.Ref | L4: Warm Up | N4: Wm. Up
A7: Date & Time | B7: NO_BHATAGAON | C7: NO2__BHATAGAON | D7: NOX_BHATAGAON | E7: SO2__BHATAGAON | F7: O3__BHATAGAON | G7: PM10__BHATAGAON | H7: PM2_5__BHATAGAON | I7: BENZ__BHATAGAON | J7: WS__BHATAGAON | K7: WD__BHATAGAON | L7: TEMP__BHATAGAON | M7: HUM__BHATAGAON | N7: SR__BHATAGAON | O7: RG__BHATAGAON | P7: CO__BHATAGAON | Q7: NH3__BHATAGAON
B8: ug/m3 | C8: ug/m3 | D8: ug/m3 | E8: ug/m3 | F8: ug/m3 | G8: ug/m3 | H8: ug/m3 | I8: ug/m3 | J8: m/sec | K8: deg | L8: degreC | M8: % | N8: w/m2 | O8: mm | P8: mg/m3 | Q8: ug/m3
A9: 03-12-2022 00:15 | B9: 79.9 | C9: 4.79 | D9: 66.72 | E9: 4.99 | F9: 0.45 | G9: 159.52 | H9: 57.55 | I9: 1.47 | J9: 0.16 | K9: 271.43 | L9: 19.74 | M9: Invalid | N9: 34.4 | O9: 0 | P9: 3.56 | Q9: 55.25
A10: 03-12-2022 00:30 | B10: 80.2 | C10: 3.44 | D10: 66.21 | E10: 5.23 | F10: 0.45 | G10: 159.52 | H10: 57.55 | I10: 1.48 | J10: 0.21 | K10: 275.14 | L10: 20.07 | M10: Invalid | N10: 34.1 | O10: 0 | P10: 3.52 | Q10: 56.23
A11: 03-12-2022 00:45 | B11: 79.36 | C11: 0.23 | D11: 63.77 | E11: 5.27 | F11: 0.54 | G11: 154.89 | H11: 57.23 | I11: 1.48 | J11: 0.16 | K11: 283.62 | L11: 19.69 | M11: Invalid | N11: 34.6 | O11: 0 | P11: 3.45 | Q11: 56.32
A12: 03-12-2022 01:00 | B12: 77.67 | C12: 1.56 | D12: 63.15 | E12: 5.75 | F12: 0.56 | G12: 144.98 | H12: 56.24 | I12: 1.47 | J12: 0.16 | K12: 285.13 | L12: 19.62 | M12: Invalid | N12: 34.6 | O12: 0 | P12: 3.39 | Q12: 55.24
A13: 03-12-2022 01:15 | B13: 76.05 | C13: 3.47 | D13: 62.9 | E13: 5.32 | F13: 0.61 | G13: 144.98 | H13: 56.24 | I13: 1.44 | J13: 0.11 | K13: 293.54 | L13: 19.24 | M13: Invalid | N13: 34.6 | O13: 0 | P13: 3.22 | Q13: 54.75
A14: 03-12-2022 01:30 | B14: 75.47 | C14: 3.24 | D14: 62.31 | E14: 5.53 | F14: 0.66 | G14: 144.98 | H14: 56.24 | I14: 1.41 | J14: 0.14 | K14: 302.17 | L14: 18.98 | M14: Invalid | N14: 34.6 | O14: 0 | P14: 3.26 | Q14: 54.06
A15: 03-12-2022 01:45 | B15: 73.82 | C15: 3.35 | D15: 61.05 | E15: 5.55 | F15: 0.74 | G15: 146.06 | H15: 56.53 | I15: 1.38 | J15: 0.13 | K15: 300.34 | L15: 18.94 | M15: Invalid | N15: 34.5 | O15: 0 | P15: 3.19 | Q15: 53.59
A16: 03-12-2022 02:00 | B16: 71.08 | C16: 4.06 | D16: 59.24 | E16: 5.08 | F16: 0.71 | G16: 148.53 | H16: 57.5 | I16: 1.34 | J16: 0.26 | K16: 299.76 | L16: 19.02 | M16: Invalid | N16: 34.2 | O16: 0 | P16: 3.11 | Q16: 53.13
A17: 03-12-2022 02:15 | B17: 69.02 | C17: 4.71 | D17: 57.95 | E17: 5.09 | F17: 0.75 | G17: 148.53 | H17: 57.5 | I17: 1.32 | J17: 0.12 | K17: 298.31 | L17: 19.03 | M17: Invalid | N17: 34.5 | O17: 0 | P17: 3.04 | Q17: 52.6
A18: 03-12-2022 02:30 | B18: 68.45 | C18: 4.54 | D18: 57.39 | E18: 5.1 | F18: 0.65 | G18: 148.53 | H18: 57.5 | I18: 1.28 | J18: 0.14 | K18: 295.15 | L18: 18.92 | M18: Invalid | N18: 34.5 | O18: 0 | P18: 3 | Q18: 52.61
A19: 03-12-2022 02:45 | B19: 67.64 | C19: 4.66 | D19: 56.82 | E19: 5.43 | F19: 0.54 | G19: 153.87 | H19: 58.44 | I19: 1.27 | J19: 0.09 | K19: 286.44 | L19: 18.91 | M19: Invalid | N19: 34.6 | O19: 0 | P19: 2.96 | Q19: 53.16
A20: 03-12-2022 03:00 | B20: 65.57 | C20: 5.47 | D20: 55.6 | E20: 5.33 | F20: 0.59 | G20: 166.15 | H20: 61.54 | I20: 1.26 | J20: 0.1 | K20: 285.44 | L20: 18.82 | M20: Invalid | N20: 34.6 | O20: 0 | P20: 2.91 | Q20: 53.24
... A33: 03-12-2022 06:15 | B33: 58.31 | C33: 9.38 | D33: 51.93 | E33: 5.19 | F33: 0.46 | G33: 216.64 | H33: 72.51 | I33: 0.92 | J33: 0.17 | K33: 270.56 | L33: 18.52 | M33: Invalid | N33: 34.7 | O33: 0 | P33: 2.44 | Q33: 51.57
A34: 03-12-2022 06:30 | B34: 56.2 | C34: 10.2 | D34: 50.7 | E34: 5.78 | F34: 0.46 | G34: 216.64 | H34: 72.51 | I34: Maint. | J34: 0.22 | K34: 287.66 | L34: 18.1 | M34: Invalid | N34: 37.2 | O34: 0 | P34: 2.4 | Q34: 51.85
A35: 03-12-2022 06:45 | B35: 56.46 | C35: 9.99 | D35: 50.79 | E35: 5.16 | F35: 0.48 | G35: 202.34 | H35: 71.64 | I35: Maint. | J35: 0.19 | K35: 288.62 | L35: 18.13 | M35: Invalid | N35: 44.4 | O35: 0 | P35: 2.37 | Q35: 52.02
A36: 03-12-2022 07:00 | B36: 59.14 | C36: 8.53 | D36: 52.14 | E36: 5.71 | F36: 0.67 | G36: 169.44 | H36: 68.79 | I36: Maint. | J36: 0.15 | K36: 288.59 | L36: 18.21 | M36: Invalid | N36: 55.8 | O36: 0 | P36: 2.36 | Q36: 51.82
A37: 03-12-2022 07:15 | B37: 60.78 | C37: 7.46 | D37: 52.86 | E37: 5.64 | F37: 0.5 | G37: 169.44 | H37: 68.79 | I37: Maint. | J37: 0.31 | K37: 274.64 | L37: 18.87 | M37: Invalid | N37: 68.9 | O37: 0 | P37: 2.33 | Q37: 52.61
A38: 03-12-2022 07:30 | B38: 60.43 | C38: 7.64 | D38: 52.67 | E38: 5.61 | F38: 0.53 | G38: 169.44 | H38: 68.79 | I38: Maint. | J38: 0.48 | K38: 266.11 | L38: 19.43 | M38: Invalid | N38: 88.7 | O38: 0 | P38: 2.36 | Q38: 52.85
A39: 03-12-2022 07:45 | B39: 58.64 | C39: 7.64 | D39: 51.24 | E39: 5.78 | F39: 0.6 | G39: 168.08 | H39: 69.51 | I39: Maint. | J39: 0.78 | K39: 258.2 | L39: 19.86 | M39: Invalid | N39: 122.2 | O39: 0 | P39: 2.33 | Q39: 53.17
A40: 03-12-2022 08:00 | B40: 55.77 | C40: 7.94 | D40: 49.1 | E40: 2.3 | F40: 0.61 | G40: 161.84 | H40: 71.89 | I40: Maint. | J40: 0.49 | K40: 252.75 | L40: 20.58 | M40: Invalid | N40: 157.4 | O40: 0 | P40: 2.27 | Q40: 52.58
A41: 03-12-2022 08:15 | B41: 53.39 | C41: 11.43 | D41: 49.12 | E41: 4.51 | F41: 0.78 | G41: 161.84 | H41: 71.89 | I41: Maint. | J41: 0.59 | K41: 235.45 | L41: 21.9 | M41: Invalid | N41: 189.6 | O41: 0 | P41: 2.26 | Q41: 52.22
A42: 03-12-2022 08:30 | B42: 51.04 | C42: 13.79 | D42: 48.54 | E42: 4.92 | F42: 0.88 | G42: 161.84 | H42: 71.89 | I42: Maint. | J42: 1.03 | K42: 235.23 | L42: 21.6 | M42: Invalid | N42: 224.5 | O42: 0 | P42: 2.21 | Q42: 52.16
A43: 03-12-2022 08:45 | B43: 46.53 | C43: 16.76 | D43: 46.57 | E43: 4.95 | F43: 0.91 | G43: 150.8 | H43: 69.79 | I43: Maint. | J43: 0.56 | K43: 219.01 | L43: 22.96 | M43: Invalid | N43: 255.8 | O43: 0 | P43: 2.14 | Q43: 51.54
A44: 03-12-2022 09:00 | B44: 42.29 | C44: 19.92 | D44: 44.9 | E44: 4.74 | F44: 0.92 | G44: 126.63 | H44: 62.9 | I44: Maint. | J44: 0.75 | K44: 214.92 | L44: 23.35 | M44: Invalid | N44: 285.4 | O44: 0 | P44: 2.09 | Q44: 50.96
A45: 03-12-2022 09:15 | B45: 37.94 | C45: 23.22 | D45: 43.24 | E45: 5.04 | F45: 0.92 | G45: 126.63 | H45: 62.9 | I45: Maint. | J45: 0.61 | K45: 191.58 | L45: 25.22 | M45: Invalid | N45: 308.1 | O45: 0 | P45: 2.03 | Q45: 50.66
... A56: 03-12-2022 12:00 | B56: 6.47 | C56: 48.33 | D56: 31.86 | E56: 2.79 | F56: 1.58 | G56: 93.01 | H56: 60.54 | I56: Maint. | J56: 0.56 | K56: 131.78 | L56: 32.46 | M56: Invalid | N56: 411.3 | O56: 0 | P56: 1.81 | Q56: 49.9
A57: 03-12-2022 12:15 | B57: 4.97 | C57: 48.83 | D57: 30.93 | E57: 4.34 | F57: 2.18 | G57: 93.01 | H57: 60.54 | I57: 0.5 | J57: 0.64 | K57: 132.43 | L57: 32.18 | M57: Invalid | N57: 410.1 | O57: 0 | P57: 1.76 | Q57: 50.08
A58: 03-12-2022 12:30 | B58: 4.09 | C58: 48.75 | D58: 30.19 | E58: 5.08 | F58: 2.91 | G58: 93.01 | H58: 60.54 | I58: 0.68 | J58: 0.55 | K58: 135.33 | L58: 31.36 | M58: Invalid | N58: 404.5 | O58: 0 | P58: 1.73 | Q58: 49.24
A59: 03-12-2022 12:45 | B59: 3.62 | C59: 48.42 | D59: 29.62 | E59: 4.11 | F59: 2.78 | G59: 89.95 | H59: 58.96 | I59: 0.64 | J59: 0.59 | K59: 134.29 | L59: 31.41 | M59: Invalid | N59: 398.1 | O59: 0 | P59: 1.68 | Q59: 48.86
A60: 03-12-2022 13:00 | B60: 3.11 | C60: 47.76 | D60: 28.85 | E60: 4.23 | F60: 2.81 | G60: 83.25 | H60: 54.07 | I60: 0.61 | J60: 0.24 | K60: 133.32 | L60: 31.16 | M60: Invalid | N60: 365.9 | O60: 0 | P60: 1.66 | Q60: 48.47
A61: 03-12-2022 13:15 | B61: 2.92 | C61: 46.16 | D61: 27.81 | E61: 9.11 | F61: 5.44 | G61: 83.25 | H61: 54.07 | I61: 0.59 | J61: 0.36 | K61: 139.22 | L61: 30.21 | M61: Invalid | N61: 327.9 | O61: 0 | P61: 1.52 | Q61: 48.83
A62: 03-12-2022 13:30 | B62: 3.26 | C62: 44.52 | D62: 27.18 | E62: 8.28 | F62: 3.95 | G62: 83.25 | H62: 54.07 | I62: 0.59 | J62: 0.77 | K62: 147.5 | L62: 29.51 | M62: Invalid | N62: 302.8 | O62: 0 | P62: 1.63 | Q62: 49.52
A63: 03-12-2022 13:45 | B63: 3.94 | C63: 43.73 | D63: 27.3 | E63: 7.14 | F63: 5.62 | G63: 88.44 | H63: 54.28 | I63: 0.57 | J63: 0.69 | K63: 137.29 | L63: 31.29 | M63: Invalid | N63: 291.1 | O63: 0 | P63: 1.62 | Q63: 50.22
A64: 03-12-2022 14:00 | B64: 4.07 | C64: 43.8 | D64: 27.44 | E64: 6.13 | F64: 3.84 | G64: 99.81 | H64: 54.97 | I64: 0.55 | J64: 0.6 | K64: 133.36 | L64: 32 | M64: Invalid | N64: 317.7 | O64: 0 | P64: 1.61 | Q64: 50.56
A65: 03-12-2022 14:15 | B65: 4.16 | C65: 43.39 | D65: 27.28 | E65: 5.73 | F65: 3.58 | G65: 99.81 | H65: 54.97 | I65: 0.56 | J65: 0.45 | K65: 125.64 | L65: 32.18 | M65: Invalid | N65: 338.6 | O65: 0 | P65: 1.58 | Q65: 50.9
A66: 03-12-2022 14:30 | B66: 3.51 | C66: 42.85 | D66: 26.46 | E66: 4.79 | F66: 2.36 | G66: 99.81 | H66: 54.97 | I66: 0.57 | J66: 0.54 | K66: 123.22 | L66: 32.21 | M66: Invalid | N66: 223.1 | O66: 0 | P66: 1.56 | Q66: 50.96
A67: 03-12-2022 14:45 | B67: 3.69 | C67: 42.01 | D67: 26.14 | E67: 4.97 | F67: 4.02 | G67: 93.86 | H67: 54.96 | I67: 0.57 | J67: 0.93 | K67: 123.64 | L67: 32 | M67: Invalid | N67: 214.7 | O67: 0 | P67: 1.55 | Q67: 50.99
A68: 03-12-2022 15:00 | B68: 2.88 | C68: 42.25 | D68: 25.63 | E68: 4.89 | F68: 2.99 | G68: 80.84 | H68: 54.93 | I68: 0.57 | J68: 0.4 | K68: 126.61 | L68: 31.76 | M68: Invalid | N68: 222.7 | O68: 0 | P68: 1.5 | Q68: 51.82
... A92: 03-12-2022 21:00 | B92: 83.72 | C92: 5.46 | D92: 70.15 | E92: 4.7 | F92: 0.64 | G92: 231.68 | H92: 62.91 | I92: 1.35 | J92: 0.16 | K92: 274.73 | L92: 20.52 | M92: Invalid | N92: 34.2 | O92: 0 | P92: 3.66 | Q92: 56.95
A93: 03-12-2022 21:15 | B93: 97.2 | C93: Invalid | D93: 76.62 | E93: 4.89 | F93: 0.59 | G93: 231.68 | H93: 62.91 | I93: 1.44 | J93: 0.16 | K93: 266.39 | L93: 20.47 | M93: Invalid | N93: 34.2 | O93: 0 | P93: 3.91 | Q93: 58.31
A94: 03-12-2022 21:30 | B94: 109.06 | C94: Invalid | D94: 82.29 | E94: 5.44 | F94: 0.59 | G94: 231.68 | H94: 62.91 | I94: 1.54 | J94: 0.17 | K94: 272.92 | L94: 20.29 | M94: Invalid | N94: 34.4 | O94: 0 | P94: 4.1 | Q94: 59.48
A95: 03-12-2022 21:45 | B95: 117.04 | C95: Invalid | D95: 86.32 | E95: 5.56 | F95: 0.64 | G95: 231.68 | H95: 63.72 | I95: 1.64 | J95: 0.15 | K95: 267.02 | L95: 20.17 | M95: Invalid | N95: 34.3 | O95: 0 | P95: 4.26 | Q95: 60.48
A96: 03-12-2022 22:00 | B96: 121.69 | C96: Invalid | D96: 88.43 | E96: 5.53 | F96: 0.55 | G96: 252.55 | H96: 66.39 | I96: 1.71 | J96: 0.17 | K96: 273.9 | L96: 20.08 | M96: Invalid | N96: 34.3 | O96: 0 | P96: 4.34 | Q96: 61.27
A97: 03-12-2022 22:15 | B97: 125.4 | C97: Invalid | D97: 90.08 | E97: 5.8 | F97: 0.59 | G97: 252.55 | H97: 66.39 | I97: 1.77 | J97: 0.2 | K97: 272.93 | L97: 20.18 | M97: Invalid | N97: 34.1 | O97: 0 | P97: 4.42 | Q97: 62.46
A98: 03-12-2022 22:30 | B98: 125.21 | C98: Invalid | D98: 89.72 | E98: 5.55 | F98: 0.59 | G98: 252.55 | H98: 66.39 | I98: 1.81 | J98: 0.15 | K98: 270.76 | L98: 20.04 | M98: Invalid | N98: 34.4 | O98: 0 | P98: 4.41 | Q98: 61.52
A99: 03-12-2022 22:45 | B99: 120.9 | C99: Invalid | D99: 86.96 | E99: 5.59 | F99: 0.53 | G99: 186.41 | H99: 66.1 | I99: 1.84 | J99: 0.2 | K99: 273.92 | L99: 19.79 | M99: Invalid | N99: 34.5 | O99: 0 | P99: 4.29 | Q99: 60.56
A100: 03-12-2022 23:00 | B100: 118.68 | C100: Invalid | D100: 85.46 | E100: 5.83 | F100: 0.65 | G100: 186.41 | H100: 65.16 | I100: 1.83 | J100: 0.13 | K100: 290.23 | L100: 19.28 | M100: Invalid | N100: 34.6 | O100: 0 | P100: 4.27 | Q100: 59.6
A101: 03-12-2022 23:15 | B101: 121.94 | C101: Invalid | D101: 86.8 | E101: 5.75 | F101: 0.62 | G101: 186.41 | H101: 65.16 | I101: 1.79 | J101: 0.17 | K101: 296.94 | L101: 19.12 | M101: Invalid | N101: 34.3 | O101: 0 | P101: 4.28 | Q101: 59.09
A102: 03-12-2022 23:30 | B102: 130.89 | C102: Invalid | D102: 90.97 | E102: 5.32 | F102: 0.51 | G102: 186.41 | H102: 65.16 | I102: 1.76 | J102: 0.13 | K102: 296.97 | L102: 19.1 | M102: Invalid | N102: 34.4 | O102: 0 | P102: 4.31 | Q102: 59.45
A103: 03-12-2022 23:45 | B103: 139.89 | C103: Invalid | D103: 95.01 | E103: 5.69 | F103: 0.6 | G103: 190.61 | H103: 66.01 | I103: 1.74 | J103: 0.17 | K103: 299.26 | L103: 19.03 | M103: Invalid | N103: 34.3 | O103: 0 | P103: 4.33 | Q103: 59.5
A104: 03-12-2022 24:00 | B104: 145.17 | C104: Invalid | D104: 97.24 | E104: 2.16 | F104: 0.61 | G104: 209.5 | H104: 68.62 | I104: 1.74 | J104: 0.27 | K104: 297.9 | L104: 19.07 | M104: Invalid | N104: 34 | O104: 0 | P104: 4.32 | Q104: 59.18
A106: Min | B106: =MIN(B9:B104) -> 2.38 | C106: =MIN(C9:C104) -> 0.23 | D106: =MIN(D9:D104) -> 25.63 | E106: =MIN(E9:E104) -> 2.16 | F106: =MIN(F9:F104) -> 0.16 | G106: =MIN(G9:G104) -> 78.27 | H106: =MIN(H9:H104) -> 42 | I106: =MIN(I9:I104) -> 0.47 | ... Q106: =MIN(Q9:Q104) -> 48.47
A107: Max | B107: =MAX(B9:B104) -> 145.17 | C107: =MAX(C9:C104) -> 48.83 | D107: =MAX(D9:D104) -> 97.24 | E107: =MAX(E9:E104) -> 9.11 | F107: =MAX(F9:F104) -> 7.46 | G107: =MAX(G9:G104) -> 252.55 | H107: =MAX(H9:H104) -> 72.51 | I107: =MAX(I9:I104) -> 1.84 | ... Q107: =MAX(Q9:Q104) -> 62.46
A108: Avg | B108: =AVERAGE(B9:B104) -> 47.728958 | C108: =AVERAGE(C9:C104) -> 25.75631 | D108: =AVERAGE(D9:D104) -> 49.406667 | E108: =AVERAGE(E9:E104) -> 5.1017708 | F108: =AVERAGE(F9:F104) -> 1.4794792 | G108: =AVERAGE(G9:G104) -> 148.67 | H108: =AVERAGE(H9:H104) -> 59.828646 | I108: =AVERAGE(I9:I104) -> 1.0364384 | ... Q108: =AVERAGE(Q9:Q104) -> 53.054688
A109: Stdev | B109: =STDEV(B9:B104) -> 38.286581 | C109: =STDEV(C9:C104) -> 17.198362 | D109: =STDEV(D9:D104) -> 18.926494 | E109: =STDEV(E9:E104) -> 1.0415909 | F109: =STDEV(F9:F104) -> 1.5419635 | G109: =STDEV(G9:G104) -> 52.731677 | H109: =STDEV(H9:H104) -> 8.3670442 | I109: =STDEV(I9:I104) -> 0.44239679 | ... Q109: =STDEV(Q9:Q104) -> 3.3002367
A110: Num | B110: =COUNT(B9:B104) -> 96 | C110: =COUNT(C9:C104) -> 84 | D110: =COUNT(D9:D104) -> 96 | E110: =COUNT(E9:E104) -> 96 | F110: =COUNT(F9:F104) -> 96 | G110: =COUNT(G9:G104) -> 96 | H110: =COUNT(H9:H104) -> 96 | I110: =COUNT(I9:I104)+23 -> 96 | J110: =COUNT(J9:J104) -> 96 | K110: =COUNT(K9:K104) -> 96 | L110: =COUNT(L9:L104) -> 96 | M110: =COUNT(M9:M104) -> 0 | N110: =COUNT(N9:N104) -> 96 | O110: =COUNT(O9:O104) -> 96 | P110: =COUNT(P9:P104) -> 96 | Q110: =COUNT(Q9:Q104) -> 96
A111: DCR | B111: =IF(B110>=87,">90%",IF(B110<=87,"<90%")) -> >90% | C111: =IF(C110>=87,">90%",IF(C110<=87,"<90%")) -> <90% | D111: =IF(D110>=87,">90%",IF(D110<=87,"<90%")) -> >90% | E111: =IF(E110>=87,">90%",IF(E110<=87,"<90%")) -> >90% | F111: =IF(F110>=87,">90%",IF(F110<=87,"<90%")) -> >90% | G111: =IF(G110>=87,">90%",IF(G110<=87,"<90%")) -> >90% | H111: =IF(H110>=87,">90%",IF(H110<=87,"<90%")) -> >90% | I111: =IF(I110>=87,">90%",IF(I110<=87,"<90%")) -> >90% | ... Q111: =IF(Q110>=87,">90%",IF(Q110<=87,"<90%")) -> >90%
A112: Status | B112: =IF(B110>=87,"OK",IF(B110<=87,"LESS")) -> OK | C112: =IF(C110>=87,"OK",IF(C110<=87,"LESS")) -> LESS | D112: =IF(D110>=87,"OK",IF(D110<=87,"LESS")) -> OK | E112: =IF(E110>=87,"OK",IF(E110<=87,"LESS")) -> OK | F112: =IF(F110>=87,"OK",IF(F110<=87,"LESS")) -> OK | G112: =IF(G110>=87,"OK",IF(G110<=87,"LESS")) -> OK | H112: =IF(H110>=87,"OK",IF(H110<=87,"LESS")) -> OK | I112: =IF(I110>=87,"OK",IF(I110<=87,"LESS")) -> OK | ... Q112: =IF(Q110>=87,"OK",IF(Q110<=87,"LESS")) -> OK
A115: Done by | B115: RK
A117: Comment

Sheet 04
A1: Station: | B1: BHATAGAON RAIPUR
A2: Date: | B2: =$A$9 -> 04-12-2022 00:15 | D2: Power Off | G2: Pw.Off | L2: Link Fail | N2: Link F | P2: Maintenance | R2: Maint.
A3: Report Type: | B3: Mean | D3: Calibration | G3: Calib. | L3: Data Fail | N3: Data F | P3: Invalid | R3: Invalid
A4: Time Base: | B4: 15 Min | D4: Zero Referrence | G4: Z.Ref | L4: Warm Up | N4: Wm. Up
A7: Date & Time | B7: NO_BHATAGAON | C7: NO2__BHATAGAON | D7: NOX_BHATAGAON | E7: SO2__BHATAGAON | F7: O3__BHATAGAON | G7: PM10__BHATAGAON | H7: PM2_5__BHATAGAON | I7: BENZ__BHATAGAON | J7: WS__BHATAGAON | K7: WD__BHATAGAON | L7: TEMP__BHATAGAON | M7: HUM__BHATAGAON | N7: SR__BHATAGAON | O7: RG__BHATAGAON | P7: CO__BHATAGAON | Q7: NH3__BHATAGAON
B8: ug/m3 | C8: ug/m3 | D8: ug/m3 | E8: ug/m3 | F8: ug/m3 | G8: ug/m3 | H8: ug/m3 | I8: ug/m3 | J8: m/sec | K8: deg | L8: degreC | M8: % | N8: w/m2 | O8: mm | P8: mg/m3 | Q8: ug/m3
A9: 04-12-2022 00:15 | B9: 147.09 | C9: Invalid | D9: 97.89 | E9: 4.64 | F9: 0.51 | G9: 209.5 | H9: 68.62 | I9: 1.75 | J9: 0.46 | K9: 297.77 | L9: 19.09 | M9: 25 | N9: 33.5 | O9: 0 | P9: 4.29 | Q9: 60.26
A10: 04-12-2022 00:30 | B10: 144.31 | C10: Invalid | D10: 96.1 | E10: 5.02 | F10: 0.5 | G10: 209.5 | H10: 68.62 | I10: 1.75 | J10: 0.35 | K10: 283.01 | L10: 19.2 | M10: 40 | N10: 33.9 | O10: 0 | P10: 4.23 | Q10: 60.26
A11: 04-12-2022 00:45 | B11: 139.05 | C11: Invalid | D11: 93.3 | E11: 4.61 | F11: 0.64 | G11: 197.96 | H11: 68.69 | I11: 1.75 | J11: 0.13 | K11: 276.59 | L11: 19.22 | M11: Maint. | N11: 34.4 | O11: 0 | P11: 4.14 | Q11: 60.08
A12: 04-12-2022 01:00 | B12: 133.85 | C12: Invalid | D12: 90.45 | E12: 5.08 | F12: 0.57 | G12: 172.7 | H12: 68.92 | I12: 1.74 | J12: 0.13 | K12: 272.53 | L12: 19.17 | M12: Maint. | N12: 34.5 | O12: 0 | P12: 4.04 | Q12: 59.38
A13: 04-12-2022 01:15 | B13: 128.15 | C13: Invalid | D13: 87.42 | E13: 5.14 | F13: 0.63 | G13: 172.7 | H13: 68.92 | I13: 1.71 | J13: 0.19 | K13: 277.43 | L13: 18.89 | M13: Maint. | N13: 34.2 | O13: 0 | P13: 3.65 | Q13: 59.47
A14: 04-12-2022 01:30 | B14: 120.96 | C14: Invalid | D14: 83.82 | E14: 4.68 | F14: 0.57 | G14: 172.7 | H14: 68.92 | I14: 1.68 | J14: 0.34 | K14: 260.55 | L14: 19.36 | M14: Maint. | N14: 33.6 | O14: 0 | P14: 3.75 | Q14: 59.06
A15: 04-12-2022 01:45 | B15: 112.8 | C15: Invalid | D15: 78.93 | E15: 4.76 | F15: 0.65 | G15: 171.23 | H15: 68.96 | I15: 1.65 | J15: 0.32 | K15: 259.3 | L15: 19.46 | M15: Maint. | N15: 34.1 | O15: 0 | P15: 3.64 | Q15: 59.24
A16: 04-12-2022 02:00 | B16: 104.11 | C16: Invalid | D16: 75.52 | E16: 4.65 | F16: 0.66 | G16: 167.84 | H16: 69.08 | I16: 1.6 | J16: 0.21 | K16: 263.19 | L16: 19.27 | M16: Maint. | N16: 34.3 | O16: 0 | P16: 3.55 | Q16: 58.01
A17: 04-12-2022 02:15 | B17: 95.65 | C17: Invalid | D17: 71.94 | E17: 4.71 | F17: 0.57 | G17: 167.84 | H17: 69.08 | I17: 1.53 | J17: 0.1 | K17: 276.21 | L17: 18.77 | M17: Maint. | N17: 34.8 | O17: 0 | P17: 3.5 | Q17: 57.16
A18: 04-12-2022 02:30 | B18: 87.99 | C18: Invalid | D18: 68.34 | E18: 4.66 | F18: 0.58 | G18: 167.84 | H18: 69.08 | I18: 1.45 | J18: 0.1 | K18: 287.95 | L18: 18.29 | M18: Maint. | N18: 34.6 | O18: 0 | P18: 3.47 | Q18: 56.03
A19: 04-12-2022 02:45 | B19: 81.45 | C19: Invalid | D19: 64.95 | E19: 4.25 | F19: 0.53 | G19: 183.32 | H19: 70.67 | I19: 1.37 | J19: 0.14 | K19: 298.17 | L19: 17.86 | M19: Maint. | N19: 34.6 | O19: 0 | P19: 3.43 | Q19: 55.15
A20: 04-12-2022 03:00 | B20: 75.79 | C20: 2.15 | D20: 61.96 | E20: 4 | F20: 0.61 | G20: 218.92 | H20: 75.89 | I20: 1.31 | J20: 0.23 | K20: 298.98 | L20: 18.06 | M20: 12 | N20: 33.9 | O20: 0 | P20: 3.42 | Q20: 54.46
A21: 04-12-2022 03:15 | B21: 70.3 | C21: 4.91 | D21: 59.09 | E21: 3.84 | F21: 0.54 | G21: 218.92 | H21: 75.89 | I21: 1.25 | J21: 0.17 | K21: 300.28 | L21: 18.01 | M21: 28 | N21: 34.6 | O21: 0 | P21: 3.44 | Q21: 53.57
A22: 04-12-2022 03:30 | B22: 66.11 | C22: 6.36 | D22: 56.52 | E22: 4.09 | F22: 0.6 | G22: 218.92 | H22: 75.89 | I22: 1.2 | J22: 0.15 | K22: 308.15 | L22: 17.57 | M22: 29 | N22: 34.4 | O22: 0 | P22: 3.45 | Q22: 52.83
A23: 04-12-2022 03:45 | B23: 63.41 | C23: 6.92 | D23: 54.67 | E23: 4.01 | F23: 0.43 | G23: 210.81 | H23: 75.72 | I23: 1.15 | J23: 0.15 | K23: 306.2 | L23: 17.66 | M23: 21 | N23: 34.4 | O23: 0 | P23: 3.39 | Q23: 52.82
A24: 04-12-2022 04:00 | B24: 60.95 | C24: 7.16 | D24: 52.82 | E24: 1.48 | F24: 0.35 | G24: 173.51 | H24: 75.19 | I24: 1.12 | J24: 0.11 | K24: 311.29 | L24: 17.4 | M24: 29 | N24: 34.5 | O24: 0 | P24: 3.29 | Q24: 52.39
A25: 04-12-2022 04:15 | B25: 59.18 | C25: 6.68 | D25: 51.15 | E25: 3.67 | F25: 0.55 | G25: 173.51 | H25: 75.19 | I25: Maint. | J25: 0.08 | K25: 315.61 | L25: 17 | M25: 37 | N25: 34.6 | O25: 0 | P25: 3.18 | Q25: 52.51
A26: 04-12-2022 04:30 | B26: 57.76 | C26: 6.41 | D26: 49.85 | E26: 3.83 | F26: 0.48 | G26: 173.51 | H26: 75.19 | I26: Maint. | J26: 0.13 | K26: 319.04 | L26: 16.73 | M26: 2 | N26: 34.4 | O26: 0 | P26: 3.07 | Q26: 52.3
A27: 04-12-2022 04:45 | B27: 55.86 | C27: 6.58 | D27: 48.43 | E27: 4.11 | F27: 0.24 | G27: 161.17 | H27: 73.08 | I27: Maint. | J27: 0.14 | K27: 318.91 | L27: 16.75 | M27: 27 | N27: 34.3 | O27: 0 | P27: 2.96 | Q27: 52.28
A28: 04-12-2022 05:00 | B28: 54.51 | C28: 6.91 | D28: 47.52 | E28: 3.87 | F28: 0.43 | G28: 134.13 | H28: 66.14 | I28: Maint. | J28: 0.19 | K28: 317.46 | L28: 16.77 | M28: 28 | N28: 34.3 | O28: 0 | P28: 2.86 | Q28: 51.97
A29: 04-12-2022 05:15 | B29: 55.49 | C29: 6.02 | D29: 47.82 | E29: 3.7 | F29: 0.38 | G29: 134.13 | H29: 66.14 | I29: Maint. | J29: 0.15 | K29: 324.67 | L29: 16.53 | M29: 31 | N29: 34.5 | O29: 0 | P29: 2.79 | Q29: 52.42
A30: 04-12-2022 05:30 | B30: 56.68 | C30: 5.45 | D30: 48.46 | E30: 3.61 | F30: 0.59 | G30: 134.13 | H30: 66.14 | I30: Maint. | J30: 0.06 | K30: 323.92 | L30: 16.52 | M30: 21 | N30: 34.5 | O30: 0 | P30: 2.72 | Q30: 52.44
A31: 04-12-2022 05:45 | B31: 56.12 | C31: 6.3 | D31: 48.48 | E31: 3.55 | F31: 0.59 | G31: 139.16 | H31: 65.81 | I31: Maint. | J31: 0.13 | K31: 318.97 | L31: 16.7 | M31: 24 | N31: 34.2 | O31: 0 | P31: 2.66 | Q31: 51.83
A32: 04-12-2022 06:00 | B32: 56.17 | C32: 6.79 | D32: 48.79 | E32: 3.38 | F32: 0.36 | G32: 151.13 | H32: 64.81 | I32: Maint. | J32: 0.23 | K32: 319.51 | L32: 16.76 | M32: 32 | N32: 34.2 | O32: 0 | P32: 2.61 | Q32: 51.46
A33: 04-12-2022 06:15 | B33: 59.38 | C33: 5.49 | D33: 50.65 | E33: 3.64 | F33: 0.72 | G33: 151.13 | H33: 64.81 | I33: Maint. | J33: 0.07 | K33: 321.62 | L33: 16.57 | M33: Maint. | N33: 34.9 | O33: 0 | P33: 2.59 | Q33: 51.3
A34: 04-12-2022 06:30 | B34: 62.79 | C34: 4.21 | D34: 52.68 | E34: 3.45 | F34: 0.67 | G34: 151.13 | H34: 64.81 | I34: Maint. | J34: 0.16 | K34: 319.8 | L34: 16.72 | M34: Maint. | N34: 36.7 | O34: 0 | P34: 2.57 | Q34: 51.21
A35: 04-12-2022 06:45 | B35: 65.59 | C35: 3.07 | D35: 54.29 | E35: 3.97 | F35: 0.64 | G35: 156.11 | H35: 64.86 | I35: Maint. | J35: 0.15 | K35: 307.12 | L35: 17.12 | M35: Maint. | N35: 43.5 | O35: 0 | P35: 2.56 | Q35: 51
A36: 04-12-2022 07:00 | B36: 68.12 | C36: 1.95 | D36: 55.71 | E36: 3.52 | F36: 0.66 | G36: 167.01 | H36: 65 | I36: Maint. | J36: 0.09 | K36: 301.89 | L36: 17.4 | M36: Maint. | N36: 54.1 | O36: 0 | P36: 2.54 | Q36: 50.54
A37: 04-12-2022 07:15 | B37: 67.56 | C37: 2.52 | D37: 55.57 | E37: 3.09 | F37: 0.62 | G37: 167.01 | H37: 65 | I37: Maint. | J37: 0.1 | K37: 292.69 | L37: 17.86 | M37: Maint. | N37: 67.7 | O37: 0 | P37: 2.48 | Q37: 50.61
A38: 04-12-2022 07:30 | B38: 65.91 | C38: 3.72 | D38: 54.9 | E38: 3.85 | F38: 0.76 | G38: 167.01 | H38: 65 | I38: Maint. | J38: 0.43 | K38: 277.38 | L38: 18.67 | M38: Maint. | N38: 88.2 | O38: 0 | P38: 2.52 | Q38: 51.32
A39: 04-12-2022 07:45 | B39: 62.9 | C39: 6.92 | D39: 54.25 | E39: 3.82 | F39: 0.45 | G39: 157.49 | H39: 64.96 | I39: Maint. | J39: 0.48 | K39: 270.33 | L39: 19.36 | M39: Maint. | N39: 127.7 | O39: 0 | P39: 2.46 | Q39: 51.07
A40: 04-12-2022 08:00 | B40: 60.29 | C40: 11.51 | D40: 54.7 | E40: 2.36 | F40: 0.59 | G40: 113.71 | H40: 64.83 | I40: Maint. | J40: 0.53 | K40: 251.99 | L40: 20.91 | M40: Maint. | N40: 169.7 | O40: 0 | P40: 2.41 | Q40: 50.53
A41: 04-12-2022 08:15 | B41: 58.34 | C41: 11.78 | D41: 53.28 | E41: 3.93 | F41: 0.62 | G41: 113.71 | H41: 64.83 | I41: Maint. | J41: 0.71 | K41: 248.29 | L41: 21.2 | M41: Maint. | N41: 204.8 | O41: 0 | P41: 2.36 | Q41: 51.17
A42: 04-12-2022 08:30 | B42: 55.48 | C42: 11.39 | D42: 50.78 | E42: 4.51 | F42: 0.63 | G42: 113.71 | H42: 64.83 | I42: Maint. | J42: 0.83 | K42: 244.11 | L42: 21.35 | M42: Maint. | N42: 241.8 | O42: 0 | P42: 2.3 | Q42: 51.65
A43: 04-12-2022 08:45 | B43: 52 | C43: 12.25 | D43: 48.46 | E43: 4.5 | F43: 0.65 | G43: 109.31 | H43: 63.07 | I43: Maint. | J43: 0.51 | K43: 222.32 | L43: 23.22 | M43: Maint. | N43: 275.2 | O43: 0 | P43: 2.25 | Q43: 51.89
A44: 04-12-2022 09:00 | B44: 48.24 | C44: 14.56 | D44: 46.72 | E44: 4.76 | F44: 0.68 | G44: 99.66 | H44: 57.27 | I44: Maint. | J44: 1.24 | K44: 222.34 | L44: 22.87 | M44: Maint. | N44: 312.2 | O44: 0 | P44: 2.18 | Q44: 52.32
... A46: 04-12-2022 09:30 | B46: 31.46 | C46: 24.28 | D46: 38.63 | E46: 4.92 | F46: 1.06 | G46: 99.66 | H46: 57.27 | I46: Maint. | J46: 0.8 | K46: 205.45 | L46: 24.3 | M46: Maint. | N46: 347.5 | O46: 0 | P46: 1.93 | Q46: 47.34
A47: 04-12-2022 09:45 | B47: 21.12 | C47: 29.3 | D47: 33.1 | E47: 4.29 | F47: 1.52 | G47: 92.52 | H47: 56.24 | I47: 0.61 | J47: 0.66 | K47: 197.66 | L47: 24.53 | M47: Maint. | N47: 349 | O47: 0 | P47: 1.81 | Q47: Z.Ref
A48: 04-12-2022 10:00 | B48: 15.96 | C48: 33.16 | D48: 31.1 | E48: 4.16 | F48: 1.37 | G48: 91.09 | H48: 54.92 | I48: Z.Ref | J48: 21.17 | K48: 42.08 | L48: 11.98 | M48: 37 | N48: 385 | O48: 0 | P48: 1.72 | Q48: 42.39
A49: 04-12-2022 10:15 | B49: 10.79 | C49: 34.63 | D49: 27.76 | E49: 4.16 | F49: 1.76 | G49: 91.09 | H49: 54.92 | I49: 0.18 | J49: 7.08 | K49: 112.9 | L49: 14.75 | M49: 42 | N49: 342.1 | O49: 0 | P49: 1.63 | Q49: 41.91
A50: 04-12-2022 10:30 | B50: 6.29 | C50: 31.9 | D50: 22.65 | E50: 4.65 | F50: 5.11 | G50: 91.09 | H50: 54.92 | I50: 0.51 | J50: 0.51 | K50: 74.32 | L50: 25.62 | M50: 50 | N50: 406.9 | O50: 0 | P50: 1.47 | Q50: 39.91
A51: 04-12-2022 10:45 | B51: 8.63 | C51: 39.28 | D51: 28.6 | E51: 6.16 | F51: 3.62 | G51: 89.04 | H51: 53.19 | I51: 0.46 | J51: 0.46 | K51: 359.52 | L51: 28.73 | M51: 42 | N51: 412.7 | O51: 0 | P51: 1.44 | Q51: 36.9
A52: 04-12-2022 11:00 | B52: 7.14 | C52: 43.04 | D52: 29.47 | E52: 4.06 | F52: 2.37 | G52: 84.34 | H52: 47.5 | I52: 0.39 | J52: 0.25 | K52: 70.64 | L52: 29.73 | M52: 41 | N52: 428.9 | O52: 0 | P52: 1.45 | Q52: 38.45
A53: 04-12-2022 11:15 | B53: 6.21 | C53: 43.54 | D53: 29.01 | E53: 3.75 | F53: 1.19 | G53: 84.34 | H53: 47.5 | I53: 0.36 | J53: 0.47 | K53: 109.57 | L53: 28.09 | M53: 44 | N53: 440.8 | O53: 0 | P53: 1.43 | Q53: 40.05
A54: 04-12-2022 11:30 | B54: 5.47 | C54: 42.69 | D54: 27.94 | E54: 4.14 | F54: 1.19 | G54: 84.34 | H54: 47.5 | I54: 0.38 | J54: 0.27 | K54: 43.86 | L54: 28.45 | M54: 42 | N54: 435.8 | O54: 0 | P54: 1.41 | Q54: 41.33
A55: 04-12-2022 11:45 | B55: 4.87 | C55: 42.87 | D55: 27.57 | E55: 3.51 | F55: 1.4 | G55: 87.78 | H55: 47.98 | I55: 0.4 | J55: 0.85 | K55: 329.19 | L55: 32.29 | M55: 34 | N55: 433.3 | O55: 0 | P55: 1.41 | Q55: 41.87
A56: 04-12-2022 12:00 | B56: 4.3 | C56: 45.53 | D56: 28.58 | E56: 3.09 | F56: 3.44 | G56: 103.59 | H56: 49.52 | I56: 0.41 | J56: 0.53 | K56: 321.45 | L56: 32.5 | M56: 33 | N56: 427.5 | O56: 0 | P56: 1.4 | Q56: 42.51
A57: 04-12-2022 12:15 | B57: 3.86 | C57: 45.79 | D57: 28.37 | E57: 5.3 | F57: 2.61 | G57: 103.59 | H57: 49.52 | I57: 0.42 | J57: 0.4 | K57: 29.56 | L57: 30.53 | M57: 35 | N57: 400.5 | O57: 0 | P57: 1.39 | Q57: 43.74
A58: 04-12-2022 12:30 | B58: 3.72 | C58: 45.56 | D58: 28.13 | E58: 5.15 | F58: 2.29 | G58: 103.59 | H58: 49.52 | I58: 0.43 | J58: 0.54 | K58: 350.99 | L58: 31.52 | M58: 33 | N58: 396.3 | O58: 0 | P58: 1.39 | Q58: 47.53
A59: 04-12-2022 12:45 | B59: 3.41 | C59: 44.81 | D59: 27.47 | E59: 4.98 | F59: 3.49 | G59: 98.17 | H59: 49.04 | I59: 0.44 | J59: 0.75 | K59: 337.65 | L59: 32.15 | M59: 32 | N59: 372.2 | O59: 0 | P59: 1.39 | Q59: 45.64
A60: 04-12-2022 13:00 | B60: 3.22 | C60: 48.69 | D60: 29.45 | E60: 4.75 | F60: 3.12 | G60: 85.69 | H60: 47.45 | I60: 0.44 | J60: 0.8 | K60: 325.32 | L60: 32.58 | M60: 30 | N60: 367.1 | O60: 0 | P60: 1.37 | Q60: 45.72
... A92: 04-12-2022 21:00 | B92: 83.1 | C92: 7.74 | D92: 70.91 | E92: 5.25 | F92: 0.67 | G92: 187.75 | H92: 52.5 | I92: 1.18 | J92: 0.07 | K92: 301.55 | L92: 20.22 | M92: 71 | N92: 24.5 | O92: 0 | P92: 3.58 | Q92: 55.8
A93: 04-12-2022 21:15 | B93: 101.06 | C93: Invalid | D93: 79.84 | E93: 5.53 | F93: 0.82 | G93: 187.75 | H93: 52.5 | I93: 1.24 | J93: 0.07 | K93: 303.96 | L93: 19.96 | M93: 70 | N93: 24.5 | O93: 0 | P93: 3.84 | Q93: 56.22
A94: 04-12-2022 21:30 | B94: 112.82 | C94: Invalid | D94: 85.83 | E94: 5.66 | F94: 0.79 | G94: 187.75 | H94: 52.5 | I94: 1.31 | J94: 0.03 | K94: 306.52 | L94: 19.83 | M94: 69 | N94: 24.5 | O94: 0 | P94: 3.95 | Q94: 55.65
A95: 04-12-2022 21:45 | B95: 119.18 | C95: Invalid | D95: 88.71 | E95: 5.46 | F95: 0.86 | G95: 188.84 | H95: 53.18 | I95: 1.39 | J95: 0.06 | K95: 121.32 | L95: 19.57 | M95: 73 | N95: 24.5 | O95: 0 | P95: 3.99 | Q95: 56.4
A96: 04-12-2022 22:00 | B96: 129.44 | C96: Invalid | D96: 92.89 | E96: 5.44 | F96: 0.81 | G96: 191.23 | H96: 55.43 | I96: 1.44 | J96: 0.06 | K96: 120.86 | L96: 19.51 | M96: 74 | N96: 24.4 | O96: 0 | P96: 4.03 | Q96: 57.47
A97: 04-12-2022 22:15 | B97: 139.94 | C97: Invalid | D97: 97.75 | E97: 5.58 | F97: 0.66 | G97: 191.23 | H97: 55.43 | I97: 1.49 | J97: 0.09 | K97: 267.07 | L97: 19.53 | M97: 74 | N97: 24.2 | O97: 0 | P97: 4.07 | Q97: 58.96
A98: 04-12-2022 22:30 | B98: 148.66 | C98: Invalid | D98: 101.08 | E98: 5.73 | F98: 0.79 | G98: 191.23 | H98: 55.43 | I98: 1.54 | J98: 0.09 | K98: 288.69 | L98: 19.5 | M98: 75 | N98: 24.3 | O98: 0 | P98: 4.1 | Q98: 59.66
A99: 04-12-2022 22:45 | B99: 157.17 | C99: Invalid | D99: 105.7 | E99: 5.68 | F99: 0.6 | G99: 192.57 | H99: 56.11 | I99: 1.57 | J99: 0.16 | K99: 329.85 | L99: 19.24 | M99: 77 | N99: 24.2 | O99: 0 | P99: 4.16 | Q99: 60.21
A100: 04-12-2022 23:00 | B100: 166.91 | C100: Invalid | D100: 110.16 | E100: 6.29 | F100: 0.69 | G100: 195.5 | H100: 58.32 | I100: 1.61 | J100: 0.01 | K100: 291.6 | L100: 19.15 | M100: 78 | N100: 24.1 | O100: 0 | P100: 4.29 | Q100: 60.53
A101: 04-12-2022 23:15 | B101: 177.25 | C101: Invalid | D101: 113.78 | E101: 6.31 | F101: 0.72 | G101: 195.5 | H101: 58.32 | I101: 1.64 | J101: 0.13 | K101: 313.59 | L101: 19.29 | M101: 74 | N101: 24 | O101: 0 | P101: 4.39 | Q101: 63.02
A102: 04-12-2022 23:30 | B102: 179.87 | C102: Invalid | D102: 115.88 | E102: 6.07 | F102: 0.82 | G102: 195.5 | H102: 58.32 | I102: 1.7 | J102: 0.1 | K102: 8.63 | L102: 19.9 | M102: 64 | N102: 23.3 | O102: 0 | P102: 4.34 | Q102: 63.46
A103: 04-12-2022 23:45 | B103: 170.68 | C103: Invalid | D103: 111.99 | E103: 5.72 | F103: 0.67 | G103: 191.45 | H103: 58.09 | I103: 1.73 | J103: 0.15 | K103: 42.5 | L103: 20.47 | M103: 60 | N103: 23.6 | O103: 0 | P103: 4.14 | Q103: 62.38
A104: 04-12-2022 24:00 | B104: 156.68 | C104: Invalid | D104: 104.84 | E104: 2.24 | F104: 0.77 | G104: 172.84 | H104: 57.31 | I104: 1.69 | J104: 0.08 | K104: 358.89 | L104: 20.53 | M104: 59 | N104: 24.2 | O104: 0 | P104: 3.92 | Q104: 60.79
A106: Min | B106: =MIN(B9:B104) -> 2.59 | C106: =MIN(C9:C104) -> 1.95 | D106: =MIN(D9:D104) -> 22.65 | E106: =MIN(E9:E104) -> 1.48 | F106: =MIN(F9:F104) -> 0.24 | G106: =MIN(G9:G104) -> 78.35 | H106: =MIN(H9:H104) -> 41.52 | I106: =MIN(I9:I104) -> 0.18 | ... Q106: =MIN(Q9:Q104) -> 36.9
A107: Max | B107: =MAX(B9:B104) -> 179.87 | C107: =MAX(C9:C104) -> 48.76 | D107: =MAX(D9:D104) -> 115.88 | E107: =MAX(E9:E104) -> 8.31 | F107: =MAX(F9:F104) -> 12.26 | G107: =MAX(G9:G104) -> 218.92 | H107: =MAX(H9:H104) -> 75.89 | I107: =MAX(I9:I104) -> 1.75 | ... Q107: =MAX(Q9:Q104) -> 63.46
A108: Avg | B108: =AVERAGE(B9:B104) -> 55.4 | C108: =AVERAGE(C9:C104) -> 27.598767 | D108: =AVERAGE(D9:D104) -> 52.54125 | E108: =AVERAGE(E9:E104) -> 4.6722917 | F108: =AVERAGE(F9:F104) -> 1.6983333 | G108: =AVERAGE(G9:G104) -> 137.69042 | H108: =AVERAGE(H9:H104) -> 56.280833 | I108: =AVERAGE(I9:I104) -> 0.90041096 | ... Q108: =AVERAGE(Q9:Q104) -> 51.113789
A109: Stdev | B109: =STDEV(B9:B104) -> 51.414834 | C109: =STDEV(C9:C104) -> 17.309271 | D109: =STDEV(D9:D104) -> 25.826969 | E109: =STDEV(E9:E104) -> 1.1213981 | F109: =STDEV(F9:F104) -> 2.0878595 | G109: =STDEV(G9:G104) -> 44.239911 | H109: =STDEV(H9:H104) -> 10.594197 | I109: =STDEV(I9:I104) -> 0.53167565 | ... Q109: =STDEV(Q9:Q104) -> 6.078185
A110: Num | B110: =COUNT(B9:B104) -> 96 | C110: =COUNT(C9:C104) -> 73 | D110: =COUNT(D9:D104) -> 96 | E110: =COUNT(E9:E104) -> 96 | F110: =COUNT(F9:F104) -> 96 | G110: =COUNT(G9:G104) -> 96 | H110: =COUNT(H9:H104) -> 96 | I110: =COUNT(I9:I104)+23 -> 96 | J110: =COUNT(J9:J104) -> 96 | K110: =COUNT(K9:K104) -> 96 | L110: =COUNT(L9:L104) -> 96 | M110: =COUNT(M9:M104)+24 -> 96 | N110: =COUNT(N9:N104) -> 96 | O110: =COUNT(O9:O104) -> 96 | P110: =COUNT(P9:P104) -> 96 | Q110: =COUNT(Q9:Q104)+1 -> 96
A111: DCR | B111: =IF(B110>=87,">90%",IF(B110<=87,"<90%")) -> >90% | C111: =IF(C110>=87,">90%",IF(C110<=87,"<90%")) -> <90% | D111: =IF(D110>=87,">90%",IF(D110<=87,"<90%")) -> >90% | E111: =IF(E110>=87,">90%",IF(E110<=87,"<90%")) -> >90% | F111: =IF(F110>=87,">90%",IF(F110<=87,"<90%")) -> >90% | G111: =IF(G110>=87,">90%",IF(G110<=87,"<90%")) -> >90% | H111: =IF(H110>=87,">90%",IF(H110<=87,"<90%")) -> >90% | I111: =IF(I110>=87,">90%",IF(I110<=87,"<90%")) -> >90% | ... Q111: =IF(Q110>=87,">90%",IF(Q110<=87,"<90%")) -> >90%
A112: Status | B112: =IF(B110>=87,"OK",IF(B110<=87,"LESS")) -> OK | C112: =IF(C110>=87,"OK",IF(C110<=87,"LESS")) -> LESS | D112: =IF(D110>=87,"OK",IF(D110<=87,"LESS")) -> OK | E112: =IF(E110>=87,"OK",IF(E110<=87,"LESS")) -> OK | F112: =IF(F110>=87,"OK",IF(F110<=87,"LESS")) -> OK | G112: =IF(G110>=87,"OK",IF(G110<=87,"LESS")) -> OK | H112: =IF(H110>=87,"OK",IF(H110<=87,"LESS")) -> OK | I112: =IF(I110>=87,"OK",IF(I110<=87,"LESS")) -> OK | ... Q112: =IF(Q110>=87,"OK",IF(Q110<=87,"LESS")) -> OK
A115: Done by | B115: RK
A117: Comment

Sheet 05
A1: Station: | B1: BHATAGAON RAIPUR
A2: Date: | B2: =$A$9 -> 05-12-2022 00:15 | D2: Power Off | G2: Pw.Off | L2: Link Fail | N2: Link F | P2: Maintenance | R2: Maint.
A3: Report Type: | B3: Mean | D3: Calibration | G3: Calib. | L3: Data Fail | N3: Data F | P3: Invalid | R3: Invalid
A4: Time Base: | B4: 15 Min | D4: Zero Referrence | G4: Z.Ref | L4: Warm Up | N4: Wm. Up
A7: Date & Time | B7: NO_BHATAGAON | C7: NO2__BHATAGAON | D7: NOX_BHATAGAON | E7: SO2__BHATAGAON | F7: O3__BHATAGAON | G7: PM10__BHATAGAON | H7: PM2_5__BHATAGAON | I7: BENZ__BHATAGAON | J7: WS__BHATAGAON | K7: WD__BHATAGAON | L7: TEMP__BHATAGAON | M7: HUM__BHATAGAON | N7: SR__BHATAGAON | O7: RG__BHATAGAON | P7: CO__BHATAGAON | Q7: NH3__BHATAGAON
B8: ug/m3 | C8: ug/m3 | D8: ug/m3 | E8: ug/m3 | F8: ug/m3 | G8: ug/m3 | H8: ug/m3 | I8: ug/m3 | J8: m/sec | K8: deg | L8: degreC | M8: % | N8: w/m2 | O8: mm | P8: mg/m3 | Q8: ug/m3
A9: 05-12-2022 00:15 | B9: 142.91 | C9: Invalid | D9: 97.61 | E9: 4.64 | F9: 0.66 | G9: 172.84 | H9: 57.31 | I9: 1.6 | J9: 0.13 | K9: 246.73 | L9: 19.9 | M9: 63 | N9: 24.5 | O9: 0 | P9: 3.71 | Q9: 59.86
A10: 05-12-2022 00:30 | B10: 130.62 | C10: Invalid | D10: 91.09 | E10: 4.85 | F10: 0.68 | G10: 172.84 | H10: 57.31 | I10: 1.51 | J10: 0.12 | K10: 283.63 | L10: 19.49 | M10: 66 | N10: 24.6 | O10: 0 | P10: 3.53 | Q10: 58.75
A11: 05-12-2022 00:45 | B11: 120.4 | C11: Invalid | D11: 85.64 | E11: 4.58 | F11: 0.63 | G11: 172.84 | H11: 55.85 | I11: 1.42 | J11: 0.17 | K11: 243.07 | L11: 18.71 | M11: 71 | N11: 24.6 | O11: 0 | P11: 3.36 | Q11: 57.14
A12: 05-12-2022 01:00 | B12: 111.18 | C12: Invalid | D12: 80.33 | E12: 3.93 | F12: 0.71 | G12: 557.25 | H12: 51.06 | I12: 1.34 | J12: 0.09 | K12: 258.59 | L12: 18.32 | M12: 75 | N12: 24.6 | O12: 0 | P12: 3.24 | Q12: 55.1
A13: 05-12-2022 01:15 | B13: 104.92 | C13: Invalid | D13: 76.52 | E13: 4.26 | F13: 0.71 | G13: 557.25 | H13: 51.06 | I13: 1.27 | J13: 0.11 | K13: 254.45 | L13: 18.02 | M13: 78 | N13: 24.4 | O13: 0 | P13: 3.02 | Q13: 53.98
A14: 05-12-2022 01:30 | B14: 98.48 | C14: Invalid | D14: 72.4 | E14: 4.2 | F14: 0.72 | G14: 557.25 | H14: 51.06 | I14: 1.23 | J14: 0.18 | K14: 218.77 | L14: 18.03 | M14: 79 | N14: 24.1 | O14: 0 | P14: 3.03 | Q14: 53.45
A15: 05-12-2022 01:45 | B15: 92.16 | C15: Invalid | D15: 68.3 | E15: 3.83 | F15: 0.73 | G15: 155.42 | H15: 50.61 | I15: 1.19 | J15: 0.16 | K15: 236.11 | L15: 18.02 | M15: 80 | N15: 24.1 | O15: 0 | P15: 2.92 | Q15: 53.19
A16: 05-12-2022 02:00 | B16: 86.68 | C16: Invalid | D16: 64.82 | E16: 4.08 | F16: 0.67 | G16: 155.42 | H16: 49.14 | I16: 1.16 | J16: 0.1 | K16: 262.04 | L16: 17.6 | M16: 82 | N16: 24.3 | O16: 0 | P16: 2.82 | Q16: 52.92
A17: 05-12-2022 02:15 | B17: 81.77 | C17: Invalid | D17: 61.87 | E17: 4.07 | F17: 0.65 | G17: 155.42 | H17: 49.14 | I17: 1.12 | J17: 0.13 | K17: 298.44 | L17: 17.43 | M17: 82 | N17: 24.2 | O17: 0 | P17: 2.74 | Q17: 52.74
A18: 05-12-2022 02:30 | B18: 78.44 | C18: Invalid | D18: 59.83 | E18: 4.41 | F18: 0.52 | G18: 155.42 | H18: 49.14 | I18: 1.09 | J18: 0.04 | K18: 288.66 | L18: 16.93 | M18: 85 | N18: 24.6 | O18: 0 | P18: 2.66 | Q18: 52.38
A19: 05-12-2022 02:45 | B19: 75.54 | C19: Invalid | D19: 57.88 | E19: 4.32 | F19: 0.55 | G19: 142.38 | H19: 49.17 | I19: 1.06 | J19: 0.08 | K19: 274.8 | L19: 16.74 | M19: 87 | N19: 24.4 | O19: 0 | P19: 2.59 | Q19: 53.32
A20: 05-12-2022 03:00 | B20: 71.92 | C20: Invalid | D20: 55.49 | E20: 4.23 | F20: 0.75 | G20: 112.38 | H20: 49.26 | I20: 1.04 | J20: 0.09 | K20: 258.54 | L20: 16.74 | M20: 87 | N20: 24.2 | O20: 0 | P20: 2.52 | Q20: 53.77
... A24: 05-12-2022 04:00 | B24: 62.46 | C24: Invalid | D24: 49.64 | E24: 3.12 | F24: 0.68 | G24: 107.72 | H24: 50.89 | I24: 0.91 | J24: 0.01 | K24: 88.27 | L24: 16.49 | M24: 87 | N24: 24.4 | O24: 0 | P24: 2.29 | Q24: 51.24
A25: 05-12-2022 04:15 | B25: 59.46 | C25: 0.65 | D25: 48.04 | E25: 4.84 | F25: 1.03 | G25: 107.72 | H25: 50.89 | I25: 0.88 | J25: 0.04 | K25: 275.74 | L25: 16.49 | M25: 84 | N25: 24.2 | O25: 0 | P25: 2.22 | Q25: 51.01
A26: 05-12-2022 04:30 | B26: 56.89 | C26: 2.12 | D26: 46.79 | E26: 4.72 | F26: 0.73 | G26: 107.72 | H26: 50.89 | I26: 0.87 | J26: 0.13 | K26: 333.52 | L26: 16.42 | M26: 86 | N26: 24.1 | O26: 0 | P26: 2.16 | Q26: 49.59
A27: 05-12-2022 04:45 | B27: 55.63 | C27: 3.04 | D27: 46.29 | E27: 4.97 | F27: 0.88 | G27: 104.82 | H27: 50.64 | I27: 0.84 | J27: 0.02 | K27: 316.81 | L27: 16.65 | M27: 80 | N27: 23.8 | O27: 0 | P27: 2.13 | Q27: 48.7
A28: 05-12-2022 05:00 | B28: 53.39 | C28: 4.21 | D28: 45.14 | E28: 5.29 | F28: 0.97 | G28: 98.14 | H28: 49.82 | I28: 0.83 | J28: 0.07 | K28: 228.96 | L28: 16.49 | M28: 81 | N28: 23.9 | O28: 0 | P28: 2.07 | Q28: 48.66
A29: 05-12-2022 05:15 | B29: 50.76 | C29: 5.59 | D29: 43.79 | E29: 4.87 | F29: 1.06 | G29: 98.14 | H29: 49.82 | I29: 0.81 | J29: 0.08 | K29: 270.34 | L29: 16.44 | M29: 82 | N29: 23.9 | O29: 0 | P29: 2.01 | Q29: 48.26
A30: 05-12-2022 05:30 | B30: 48.74 | C30: 6.52 | D30: 42.68 | E30: 4.97 | F30: 0.67 | G30: 98.14 | H30: 49.82 | I30: 0.79 | J30: 0.11 | K30: 306.37 | L30: 16.32 | M30: 83 | N30: 24.1 | O30: 0 | P30: 1.97 | Q30: 48.26
A31: 05-12-2022 05:45 | B31: 49.81 | C31: 5.86 | D31: 43.18 | E31: 5.1 | F31: 0.5 | G31: 102.99 | H31: 48.94 | I31: 0.78 | J31: 0.1 | K31: 319.21 | L31: 16.02 | M31: 85 | N31: 24.2 | O31: 0 | P31: 1.95 | Q31: 48.43
A32: 05-12-2022 06:00 | B32: 52.7 | C32: 4.39 | D32: 44.68 | E32: 5.44 | F32: 0.64 | G32: 113.63 | H32: 46.04 | I32: 0.77 | J32: 0.06 | K32: 307.09 | L32: 15.95 | M32: 85 | N32: 24.2 | O32: 0 | P32: 1.94 | Q32: 48.31
A33: 05-12-2022 06:15 | B33: 53.78 | C33: 4.21 | D33: 45.45 | E33: 5.1 | F33: 0.66 | G33: 113.63 | H33: 46.04 | I33: 0.76 | J33: 0.08 | K33: 39.98 | L33: 16.13 | M33: 81 | N33: 24.2 | O33: 0 | P33: 1.92 | Q33: 48.88
A34: 05-12-2022 06:30 | B34: 54.24 | C34: 4.44 | D34: 45.95 | E34: 5.05 | F34: 0.64 | G34: 113.63 | H34: 46.04 | I34: 0.76 | J34: 0.12 | K34: 63.64 | L34: 16.89 | M34: 76 | N34: 26.3 | O34: 0 | P34: 1.91 | Q34: 50.17
A35: 05-12-2022 06:45 | B35: 53.43 | C35: 5.13 | D35: 45.68 | E35: 5.02 | F35: 0.72 | G35: 112.79 | H35: 46.51 | I35: 0.74 | J35: 0.16 | K35: 70.67 | L35: 17.32 | M35: 73 | N35: 33.8 | O35: 0 | P35: 1.91 | Q35: 50.08
A36: 05-12-2022 07:00 | B36: 52.27 | C36: 6.41 | D36: 45.45 | E36: 4.98 | F36: 0.72 | G36: 110.95 | H36: 48.04 | I36: 0.72 | J36: 0.17 | K36: 92.01 | L36: 17.5 | M36: 71 | N36: 45.8 | O36: 0 | P36: 1.87 | Q36: 49.53
... A93: 05-12-2022 21:15 | B93: 89.46 | C93: 3.14 | D93: 73.48 | E93: 4.16 | F93: 0.69 | G93: 193.99 | H93: 50.35 | I93: 1.38 | J93: 0.15 | K93: 354.09 | L93: 20.35 | M93: 57 | N93: 24.1 | O93: 0 | P93: 3.25 | Q93: 54.23
A94: 05-12-2022 21:30 | B94: 97.17 | C94: Invalid | D94: 77.57 | E94: 3.58 | F94: 0.81 | G94: 193.99 | H94: 50.35 | I94: 1.36 | J94: 0.09 | K94: 347.04 | L94: 20.23 | M94: 56 | N94: 24.4 | O94: 0 | P94: 3.39 | Q94: 54.38
A95: 05-12-2022 21:45 | B95: 100.73 | C95: Invalid | D95: 79.4 | E95: 3.75 | F95: 0.66 | G95: 175.38 | H95: 49.68 | I95: 1.39 | J95: 0.19 | K95: 353.14 | L95: 19.95 | M95: 58 | N95: 24.2 | O95: 0 | P95: 3.4 | Q95: 54.44
A96: 05-12-2022 22:00 | B96: 104.35 | C96: Invalid | D96: 81.35 | E96: 3.86 | F96: 0.7 | G96: 134.63 | H96: 47.62 | I96: 1.41 | J96: 0.12 | K96: 32.84 | L96: 19.8 | M96: 57 | N96: 24 | O96: 0 | P96: 3.47 | Q96: 54.16
A97: 05-12-2022 22:15 | B97: 103.78 | C97: Invalid | D97: 81.16 | E97: 4 | F97: 0.83 | G97: 134.63 | H97: 47.62 | I97: 1.41 | J97: 0.18 | K97: 29.22 | L97: 20.37 | M97: 53 | N97: 23.9 | O97: 0 | P97: 3.43 | Q97: 54.04
A98: 05-12-2022 22:30 | B98: 97.76 | C98: Invalid | D98: 78.33 | E98: 3.98 | F98: 0.81 | G98: 134.63 | H98: 47.62 | I98: 1.42 | J98: 0.04 | K98: 355.94 | L98: 20.06 | M98: 55 | N98: 24.5 | O98: 0 | P98: 3.37 | Q98: 53.56
A99: 05-12-2022 22:45 | B99: 94.67 | C99: Invalid | D99: 75.8 | E99: 3.77 | F99: 0.86 | G99: 126.34 | H99: 47.08 | I99: 1.39 | J99: 0.05 | K99: 297.12 | L99: 19.73 | M99: 57 | N99: 24.4 | O99: 0 | P99: 3.3 | Q99: 53.12
A100: 05-12-2022 23:00 | B100: 90.93 | C100: Invalid | D100: 73.21 | E100: 4.15 | F100: 0.77 | G100: 108.59 | H100: 45.41 | I100: 1.39 | J100: 0.16 | K100: 346.27 | L100: 19.53 | M100: 58 | N100: 24.1 | O100: 0 | P100: 3.24 | Q100: 52.7
A101: 05-12-2022 23:15 | B101: 89.42 | C101: Invalid | D101: 71.69 | E101: 4.09 | F101: 0.73 | G101: 108.59 | H101: 45.41 | I101: 1.36 | J101: 0.09 | K101: 343.58 | L101: 19.54 | M101: 58 | N101: 24.3 | O101: 0 | P101: 3.19 | Q101: 52.4
A102: 05-12-2022 23:30 | B102: 87.28 | C102: 0.27 | D102: 70.15 | E102: 3.77 | F102: 0.72 | G102: 108.59 | H102: 45.41 | I102: 1.34 | J102: 0.09 | K102: 281.79 | L102: 19.04 | M102: 62 | N102: 24.6 | O102: 0 | P102: 3.12 | Q102: 52.24
A103: 05-12-2022 23:45 | B103: 85.84 | C103: 0.3 | D103: 69.01 | E103: 3.83 | F103: 0.58 | G103: 109.14 | H103: 44.96 | I103: 1.33 | J103: 0.08 | K103: 326.9 | L103: 18.47 | M103: 63 | N103: 24.4 | O103: 0 | P103: 3.08 | Q103: 52.18
A104: 05-12-2022 24:00 | B104: 83.55 | C104: 0.64 | D104: 67.35 | E104: 2.77 | F104: 0.68 | G104: 111.62 | H104: 43.45 | I104: 1.31 | J104: 0.05 | K104: 250.51 | L104: 18.8 | M104: 61 | N104: 24 | O104: 0 | P104: 2.99 | Q104: 52.11
A106: Min | B106: =MIN(B9:B104) -> 2.4 | C106: =MIN(C9:C104) -> 0.27 | D106: =MIN(D9:D104) -> 25.42 | E106: =MIN(E9:E104) -> 1.62 | F106: =MIN(F9:F104) -> 0.5 | G106: =MIN(G9:G104) -> 58.74 | H106: =MIN(H9:H104) -> 35.78 | I106: =MIN(I9:I104) -> 0.27 | ... Q106: =MIN(Q9:Q104) -> 36.03
A107: Max | B107: =MAX(B9:B104) -> 142.91 | C107: =MAX(C9:C104) -> 50.61 | D107: =MAX(D9:D104) -> 97.61 | E107: =MAX(E9:E104) -> 14.45 | F107: =MAX(F9:F104) -> 14.12 | G107: =MAX(G9:G104) -> 557.25 | H107: =MAX(H9:H104) -> 57.31 | I107: =MAX(I9:I104) -> 1.6 | ... Q107: =MAX(Q9:Q104) -> 59.86
A108: Avg | B108: =AVERAGE(B9:B104) -> 49.590625 | C108: =AVERAGE(C9:C104) -> 26.248056 | D108: =AVERAGE(D9:D104) -> 49.631979 | E108: =AVERAGE(E9:E104) -> 5.0290625 | F108: =AVERAGE(F9:F104) -> 2.2923958 | G108: =AVERAGE(G9:G104) -> 124.42323 | H108: =AVERAGE(H9:H104) -> 44.039375 | I108: =AVERAGE(I9:I104) -> 0.77447917 | ... Q108: =AVERAGE(Q9:Q104) -> 47.233438
A109: Stdev | B109: =STDEV(B9:B104) -> 35.678386 | C109: =STDEV(C9:C104) -> 16.886183 | D109: =STDEV(D9:D104) -> 18.048657 | E109: =STDEV(E9:E104) -> 2.1453456 | F109: =STDEV(F9:F104) -> 3.122032 | G109: =STDEV(G9:G104) -> 88.982025 | H109: =STDEV(H9:H104) -> 5.7422623 | I109: =STDEV(I9:I104) -> 0.39572417 | ... Q109: =STDEV(Q9:Q104) -> 6.187579
A110: Num | B110: =COUNT(B9:B104) -> 96 | C110: =COUNT(C9:C104) -> 72 | D110: =COUNT(D9:D104) -> 96 | E110: =COUNT(E9:E104) -> 96 | F110: =COUNT(F9:F104) -> 96 | G110: =COUNT(G9:G104) -> 96 | H110: =COUNT(H9:H104) -> 96 | I110: =COUNT(I9:I104) -> 96 | ... Q110: =COUNT(Q9:Q104) -> 96
A111: DCR | B111: =IF(B110>=87,">90%",IF(B110<=87,"<90%")) -> >90% | C111: =IF(C110>=87,">90%",IF(C110<=87,"<90%")) -> <90% | D111: =IF(D110>=87,">90%",IF(D110<=87,"<90%")) -> >90% | E111: =IF(E110>=87,">90%",IF(E110<=87,"<90%")) -> >90% | F111: =IF(F110>=87,">90%",IF(F110<=87,"<90%")) -> >90% | G111: =IF(G110>=87,">90%",IF(G110<=87,"<90%")) -> >90% | H111: =IF(H110>=87,">90%",IF(H110<=87,"<90%")) -> >90% | I111: =IF(I110>=87,">90%",IF(I110<=87,"<90%")) -> >90% | ... Q111: =IF(Q110>=87,">90%",IF(Q110<=87,"<90%")) -> >90%
A112: Status | B112: =IF(B110>=87,"OK",IF(B110<=87,"LESS")) -> OK | C112: =IF(C110>=87,"OK",IF(C110<=87,"LESS")) -> LESS | D112: =IF(D110>=87,"OK",IF(D110<=87,"LESS")) -> OK | E112: =IF(E110>=87,"OK",IF(E110<=87,"LESS")) -> OK | F112: =IF(F110>=87,"OK",IF(F110<=87,"LESS")) -> OK | G112: =IF(G110>=87,"OK",IF(G110<=87,"LESS")) -> OK | H112: =IF(H110>=87,"OK",IF(H110<=87,"LESS")) -> OK | I112: =IF(I110>=87,"OK",IF(I110<=87,"LESS")) -> OK | ... Q112: =IF(Q110>=87,"OK",IF(Q110<=87,"LESS")) -> OK
A115: Done by | B115: RK
A117: Comment

Sheet 06
A1: Station: | B1: BHATAGAON RAIPUR
A2: Date: | B2: =$A$9 -> 06-12-2022 00:15 | D2: Power Off | G2: Pw.Off | L2: Link Fail | N2: Link F | P2: Maintenance | R2: Maint.
A3: Report Type: | B3: Mean | D3: Calibration | G3: Calib. | L3: Data Fail | N3: Data F | P3: Invalid | R3: Invalid
A4: Time Base: | B4: 15 Min | D4: Zero Referrence | G4: Z.Ref | L4: Warm Up | N4: Wm. Up
A7: Date & Time | B7: NO_BHATAGAON | C7: NO2__BHATAGAON | D7: NOX_BHATAGAON | E7: SO2__BHATAGAON | F7: O3__BHATAGAON | G7: PM10__BHATAGAON | H7: PM2_5__BHATAGAON | I7: BENZ__BHATAGAON | J7: WS__BHATAGAON | K7: WD__BHATAGAON | L7: TEMP__BHATAGAON | M7: HUM__BHATAGAON | N7: SR__BHATAGAON | O7: RG__BHATAGAON | P7: CO__BHATAGAON | Q7: NH3__BHATAGAON
B8: ug/m3 | C8: ug/m3 | D8: ug/m3 | E8: ug/m3 | F8: ug/m3 | G8: ug/m3 | H8: ug/m3 | I8: ug/m3 | J8: m/sec | K8: deg | L8: degreC | M8: % | N8: w/m2 | O8: mm | P8: mg/m3 | Q8: ug/m3
A9: 06-12-2022 00:15 | B9: 79.64 | C9: 1.88 | D9: 64.9 | E9: 4.57 | F9: 0.72 | G9: 111.62 | H9: 43.45 | I9: 1.28 | J9: 0.09 | K9: 256.17 | L9: 18.79 | M9: 62 | N9: 24.5 | O9: 0 | P9: 2.88 | Q9: 52.88
A10: 06-12-2022 00:30 | B10: 74.21 | C10: 3.87 | D10: 61.65 | E10: 4.77 | F10: 0.8 | G10: 111.62 | H10: 43.45 | I10: 1.26 | J10: 0.13 | K10: 321.82 | L10: 18.17 | M10: 68 | N10: 24.6 | O10: 0 | P10: 2.75 | Q10: 52.85
A11: 06-12-2022 00:45 | B11: 69.58 | C11: 5.6 | D11: 58.89 | E11: 4.46 | F11: 0.72 | G11: 102.97 | H11: 42.57 | I11: 1.2 | J11: 0.07 | K11: 298.14 | L11: 17.62 | M11: 69 | N11: 24.6 | O11: 0 | P11: 2.65 | Q11: 52.02
A12: 06-12-2022 01:00 | B12: 65.12 | C12: 7.33 | D12: 56.26 | E12: 4.79 | F12: 0.51 | G12: 84.01 | H12: 39.68 | I12: 1.14 | J12: 0.11 | K12: 289.32 | L12: 17.39 | M12: 71 | N12: 24.4 | O12: 0 | P12: 2.54 | Q12: 51.23
A13: 06-12-2022 01:15 | B13: 61.43 | C13: 8.6 | D13: 54.01 | E13: 4.39 | F13: 0.61 | G13: 84.01 | H13: 39.68 | I13: 1.09 | J13: 0.07 | K13: 282.46 | L13: 17.34 | M13: 72 | N13: 24.3 | O13: 0 | P13: 2.36 | Q13: 50.89
A14: 06-12-2022 01:30 | B14: 58.03 | C14: 9.95 | D14: 52.03 | E14: 4.16 | F14: 0.72 | G14: 84.01 | H14: 39.68 | I14: 1.04 | J14: 0.06 | K14: 245.58 | L14: 17.1 | M14: 72 | N14: 24.5 | O14: 0 | P14: 2.34 | Q14: 50.21
A15: 06-12-2022 01:45 | B15: 55.16 | C15: 11.11 | D15: 50.37 | E15: 4.51 | F15: 0.6 | G15: 87.53 | H15: 38.93 | I15: 0.97 | J15: 0.13 | K15: 308.06 | L15: 17.04 | M15: 75 | N15: 24.3 | O15: 0 | P15: 2.26 | Q15: 49.38
A16: 06-12-2022 02:00 | B16: 53.19 | C16: 11.56 | D16: 49.03 | E16: 4.23 | F16: 0.83 | G16: 95.64 | H16: 36.45 | I16: 0.92 | J16: 0.15 | K16: 43.8 | L16: 17.24 | M16: 70 | N16: 23.6 | O16: 0 | P16: 2.18 | Q16: 48.02
A17: 06-12-2022 02:15 | B17: 50.26 | C17: 12.45 | D17: 47.18 | E17: 4.25 | F17: 0.9 | G17: 95.64 | H17: 36.45 | I17: 0.89 | J17: 0.26 | K17: 54.2 | L17: 18.49 | M17: 61 | N17: 23.1 | O17: 0 | P17: 2.09 | Q17: 47.88
A18: 06-12-2022 02:30 | B18: 46.87 | C18: 14.17 | D18: 45.41 | E18: 4.19 | F18: 0.88 | G18: 95.64 | H18: 36.45 | I18: 0.86 | J18: 0.39 | K18: 67.12 | L18: 18.93 | M18: 58 | N18: 23.1 | O18: 0 | P18: 2 | Q18: 47.86
A19: 06-12-2022 02:45 | B19: 42.84 | C19: 16.06 | D19: 43.22 | E19: 4.33 | F19: 0.84 | G19: 87.65 | H19: 36.04 | I19: 0.84 | J19: 0.23 | K19: 19.38 | L19: 19.03 | M19: 58 | N19: 23.8 | O19: 0 | P19: 1.9 | Q19: 47.67
A20: 06-12-2022 03:00 | B20: 38.64 | C20: 18.02 | D20: 40.93 | E20: 4.19 | F20: 0.81 | G20: 69.28 | H20: 34.68 | I20: 0.81 | J20: 0.25 | K20: 33.44 | L20: 18.79 | M20: 58 | N20: 24.1 | O20: 0 | P20: 1.81 | Q20: 47.41
... A88: 06-12-2022 20:00 | B88: 79.61 | C88: 5.82 | D88: 67.06 | E88: 1.62 | F88: 0.59 | G88: 172.61 | H88: 36.4 | I88: 0.87 | J88: 0.04 | K88: 307.71 | L88: 19.99 | M88: 61 | N88: 24.4 | O88: 0 | P88: 2.64 | Q88: 46.37
A89: 06-12-2022 20:15 | B89: 91.38 | C89: Invalid | D89: 73.1 | E89: 3.81 | F89: 0.63 | G89: 172.61 | H89: 36.4 | I89: 0.98 | J89: 0.23 | K89: 16.2 | L89: 19.89 | M89: 62 | N89: 23.7 | O89: 0 | P89: 2.85 | Q89: 47.32
A90: 06-12-2022 20:30 | B90: 96.72 | C90: Invalid | D90: 75.07 | E90: 4.25 | F90: 0.6 | G90: 172.61 | H90: 36.4 | I90: 1.06 | J90: 0.2 | K90: 54.13 | L90: 20.9 | M90: 50 | N90: 23.1 | O90: 0 | P90: 3.04 | Q90: 48.45
A91: 06-12-2022 20:45 | B91: 94.13 | C91: Invalid | D91: 74.61 | E91: 4.23 | F91: 0.58 | G91: 159.63 | H91: 36.15 | I91: 1.16 | J91: 0.27 | K91: 59.11 | L91: 21.37 | M91: 47 | N91: 23.5 | O91: 0 | P91: 3.09 | Q91: 49.4
A92: 06-12-2022 21:00 | B92: 92.15 | C92: Invalid | D92: 73.06 | E92: 4.38 | F92: 0.71 | G92: 131.19 | H92: 35.38 | I92: 1.24 | J92: 0.28 | K92: 54.64 | L92: 21.42 | M92: 46 | N92: 23.6 | O92: 0 | P92: 3.1 | Q92: 49.88
A93: 06-12-2022 21:15 | B93: 92.52 | C93: Invalid | D93: 72.08 | E93: 4.01 | F93: 0.7 | G93: 131.19 | H93: 35.38 | I93: 1.27 | J93: 0.23 | K93: 59.83 | L93: 21.47 | M93: 46 | N93: 23.9 | O93: 0 | P93: 3.09 | Q93: 50.29
A94: 06-12-2022 21:30 | B94: 91.44 | C94: Invalid | D94: 71.34 | E94: 4.28 | F94: 0.66 | G94: 131.19 | H94: 35.38 | I94: 1.29 | J94: 0.18 | K94: 72.06 | L94: 21.28 | M94: 47 | N94: 24.2 | O94: 0 | P94: 3.08 | Q94: 50.57
A95: 06-12-2022 21:45 | B95: 90.93 | C95: Invalid | D95: 70.48 | E95: 4.32 | F95: 1.19 | G95: 122.73 | H95: 35.48 | I95: 1.28 | J95: 0.09 | K95: 63.82 | L95: 20.85 | M95: 50 | N95: 24.4 | O95: 0 | P95: 3.09 | Q95: 51.75
A96: 06-12-2022 22:00 | B96: 93.32 | C96: Invalid | D96: 71.78 | E96: 4.33 | F96: 0.49 | G96: 104.22 | H96: 35.8 | I96: 1.3 | J96: 0.13 | K96: 56.84 | L96: 20.34 | M96: 53 | N96: 24.2 | O96: 0 | P96: 3.14 | Q96: 52.35
A97: 06-12-2022 22:15 | B97: 93.28 | C97: Invalid | D97: 71.88 | E97: 4.56 | F97: 0.72 | G97: 104.22 | H97: 35.8 | I97: 1.31 | J97: 0.21 | K97: 47.4 | L97: 20.52 | M97: 51 | N97: 23.8 | O97: 0 | P97: 3.14 | Q97: 52.16
A98: 06-12-2022 22:30 | B98: 89.41 | C98: Invalid | D98: 69.97 | E98: 4.2 | F98: 0.07 | G98: 104.22 | H98: 35.8 | I98: 1.32 | J98: 0.17 | K98: 85.8 | L98: 20.17 | M98: 53 | N98: 23.9 | O98: 0 | P98: 3.09 | Q98: 51.62
A99: 06-12-2022 22:45 | B99: 84.52 | C99: Invalid | D99: 67.36 | E99: 3.85 | F99: 0.48 | G99: 80.59 | H99: 36.07 | I99: 1.3 | J99: 0.32 | K99: 82.74 | L99: 20.52 | M99: 52 | N99: 23.5 | O99: 0 | P99: 3 | Q99: 50.95
A100: 06-12-2022 23:00 | B100: 79.02 | C100: 1.83 | D100: 64.38 | E100: 3.56 | F100: 0.98 | G100: 26.25 | H100: 36.88 | I100: 1.38 | J100: 0.26 | K100: 38.81 | L100: 20.32 | M100: 52 | N100: 24.2 | O100: 0 | P100: 2.9 | Q100: 50.2
A101: 06-12-2022 23:15 | B101: 74.26 | C101: 4.17 | D101: 61.85 | E101: 4.02 | F101: 2.21 | G101: 26.25 | H101: 36.88 | I101: 1.23 | J101: 0.22 | K101: 52.65 | L101: 19.91 | M101: 53 | N101: 24.2 | O101: 0 | P101: 2.79 | Q101: 49.58
A102: 06-12-2022 23:30 | B102: 69.7 | C102: 5.9 | D102: 59.15 | E102: 3.99 | F102: 0.55 | G102: 26.25 | H102: 36.88 | I102: 1.18 | J102: 0.3 | K102: 74.12 | L102: 19.92 | M102: 53 | N102: 24.1 | O102: 0 | P102: 2.71 | Q102: 48.08
A103: 06-12-2022 23:45 | B103: 65.64 | C103: 7.84 | D103: 56.97 | E103: 4.13 | F103: 0.6 | G103: 49.4 | H103: 36.1 | I103: 1.13 | J103: 0.21 | K103: 83.01 | L103: 19.73 | M103: 54 | N103: 24.2 | O103: 0 | P103: 2.62 | Q103: 47.68
A104: 06-12-2022 24:00 | B104: 61.81 | C104: 9.24 | D104: 54.67 | E104: 2.48 | F104: 0.58 | G104: 155.87 | H104: 33.7 | I104: 1.09 | J104: 0.17 | K104: 68.03 | L104: 19.55 | M104: 55 | N104: 24.2 | O104: 0 | P104: 2.56 | Q104: 47.69
A106: Min | B106: =MIN(B9:B104) -> 3.49 | C106: =MIN(C9:C104) -> 1.83 | D106: =MIN(D9:D104) -> 21.83 | E106: =MIN(E9:E104) -> 1.4 | F106: =MIN(F9:F104) -> 0.07 | G106: =MIN(G9:G104) -> 26.25 | H106: =MIN(H9:H104) -> 23.95 | I106: =MIN(I9:I104) -> 0.25 | ... Q106: =MIN(Q9:Q104) -> 34.83
A107: Max | B107: =MAX(B9:B104) -> 96.72 | C107: =MAX(C9:C104) -> 45.58 | D107: =MAX(D9:D104) -> 75.07 | E107: =MAX(E9:E104) -> 9.2 | F107: =MAX(F9:F104) -> 17.87 | G107: =MAX(G9:G104) -> 172.61 | H107: =MAX(H9:H104) -> 43.45 | I107: =MAX(I9:I104) -> 1.38 | ... Q107: =MAX(Q9:Q104) -> 52.88
A108: Avg | B108: =AVERAGE(B9:B104) -> 34.735104 | C108: =AVERAGE(C9:C104) -> 26.471529 | D108: =AVERAGE(D9:D104) -> 40.591667 | E108: =AVERAGE(E9:E104) -> 4.2402083 | F108: =AVERAGE(F9:F104) -> 2.2934375 | G108: =AVERAGE(G9:G104) -> 81.866875 | H108: =AVERAGE(H9:H104) -> 31.453438 | I108: =AVERAGE(I9:I104) -> 0.65114583 | ... Q108: =AVERAGE(Q9:Q104) -> 44.155208
A109: Stdev | B109: =STDEV(B9:B104) -> 29.745537 | C109: =STDEV(C9:C104) -> 11.26895 | D109: =STDEV(D9:D104) -> 16.366181 | E109: =STDEV(E9:E104) -> 1.4067416 | F109: =STDEV(F9:F104) -> 3.0181227 | G109: =STDEV(G9:G104) -> 35.499232 | H109: =STDEV(H9:H104) -> 4.7875934 | I109: =STDEV(I9:I104) -> 0.35019354 | ... Q109: =STDEV(Q9:Q104) -> 5.2140846
A110: Num | B110: =COUNT(B9:B104)+1 -> 97 | C110: =COUNT(C9:C104)+1 -> 86 | D110: =COUNT(D9:D104) -> 96 | E110: =COUNT(E9:E104) -> 96 | F110: =COUNT(F9:F104) -> 96 | G110: =COUNT(G9:G104) -> 96 | H110: =COUNT(H9:H104) -> 96 | I110: =COUNT(I9:I104) -> 96 | J110: =COUNT(J9:J104) -> 96 | K110: =COUNT(K9:K104) -> 96 | ... Q110: =COUNT(Q9:Q104) -> 96
A111: DCR | B111: =IF(B110>=87,">90%",IF(B110<=87,"<90%")) -> >90% | C111: =IF(C110>=87,">90%",IF(C110<=87,"<90%")) -> <90% | D111: =IF(D110>=87,">90%",IF(D110<=87,"<90%")) -> >90% | E111: =IF(E110>=87,">90%",IF(E110<=87,"<90%")) -> >90% | F111: =IF(F110>=87,">90%",IF(F110<=87,"<90%")) -> >90% | G111: =IF(G110>=87,">90%",IF(G110<=87,"<90%")) -> >90% | H111: =IF(H110>=87,">90%",IF(H110<=87,"<90%")) -> >90% | I111: =IF(I110>=87,">90%",IF(I110<=87,"<90%")) -> >90% | ... Q111: =IF(Q110>=87,">90%",IF(Q110<=87,"<90%")) -> >90%
A112: Status | B112: =IF(B110>=87,"OK",IF(B110<=87,"LESS")) -> OK | C112: =IF(C110>=87,"OK",IF(C110<=87,"LESS")) -> LESS | D112: =IF(D110>=87,"OK",IF(D110<=87,"LESS")) -> OK | E112: =IF(E110>=87,"OK",IF(E110<=87,"LESS")) -> OK | F112: =IF(F110>=87,"OK",IF(F110<=87,"LESS")) -> OK | G112: =IF(G110>=87,"OK",IF(G110<=87,"LESS")) -> OK | H112: =IF(H110>=87,"OK",IF(H110<=87,"LESS")) -> OK | I112: =IF(I110>=87,"OK",IF(I110<=87,"LESS")) -> OK | ... Q112: =IF(Q110>=87,"OK",IF(Q110<=87,"LESS")) -> OK
A115: Done by | B115: RK
A117: Comment

Sheet 07
A1: Station: | B1: BHATAGAON RAIPUR
A2: Date: | B2: =$A$9 -> 07-12-2022 00:15 | D2: Power Off | G2: Pw.Off | L2: Link Fail | N2: Link F | P2: Maintenance | R2: Maint.
A3: Report Type: | B3: Mean | D3: Calibration | G3: Calib. | L3: Data Fail | N3: Data F | P3: Invalid | R3: Invalid
A4: Time Base: | B4: 15 Min | D4: Zero Referrence | G4: Z.Ref | L4: Warm Up | N4: Wm. Up
A7: Date & Time | B7: NO_BHATAGAON | C7: NO2__BHATAGAON | D7: NOX_BHATAGAON | E7: SO2__BHATAGAON | F7: O3__BHATAGAON | G7: PM10__BHATAGAON | H7: PM2_5__BHATAGAON | I7: BENZ__BHATAGAON | J7: WS__BHATAGAON | K7: WD__BHATAGAON | L7: TEMP__BHATAGAON | M7: HUM__BHATAGAON | N7: SR__BHATAGAON | O7: RG__BHATAGAON | P7: CO__BHATAGAON | Q7: NH3__BHATAGAON
B8: ug/m3 | C8: ug/m3 | D8: ug/m3 | E8: ug/m3 | F8: ug/m3 | G8: ug/m3 | H8: ug/m3 | I8: ug/m3 | J8: m/sec | K8: deg | L8: degreC | M8: % | N8: w/m2 | O8: mm | P8: mg/m3 | Q8: ug/m3
A9: 07-12-2022 00:15 | B9: 60.21 | C9: 9.11 | D9: 53.31 | E9: 4.04 | F9: 0.74 | G9: 155.87 | H9: 33.7 | I9: 1.05 | J9: 0.14 | K9: 99.59 | L9: 19.36 | M9: 57 | N9: 24.3 | O9: 0 | P9: 2.49 | Q9: 47.85
A10: 07-12-2022 00:30 | B10: 56.34 | C10: 9.39 | D10: 50.36 | E10: 4.49 | F10: 1.2 | G10: 155.87 | H10: 33.7 | I10: 1.05 | J10: 0.13 | K10: 134.15 | L10: 19.21 | M10: 57 | N10: 24.1 | O10: 0 | P10: 2.4 | Q10: 47.86
A11: 07-12-2022 00:45 | B11: 53.16 | C11: 10.85 | D11: 48.62 | E11: 4.2 | F11: 0.82 | G11: 122.73 | H11: 32.85 | I11: 1.02 | J11: 0.14 | K11: 90.56 | L11: 19.1 | M11: 58 | N11: 24.1 | O11: 0 | P11: 2.31 | Q11: 47.71
A12: 07-12-2022 01:00 | B12: 50.19 | C12: 11.77 | D12: 46.74 | E12: 4.81 | F12: 0.56 | G12: 50.13 | H12: 30.05 | I12: 1.01 | J12: 0.06 | K12: 237.61 | L12: 18.62 | M12: 61 | N12: 24.4 | O12: 0 | P12: 2.23 | Q12: 47.5
A13: 07-12-2022 01:15 | B13: 46.93 | C13: 12.75 | D13: 44.67 | E13: 4.35 | F13: 0.33 | G13: 50.13 | H13: 30.05 | I13: 0.98 | J13: 0.13 | K13: 265.7 | L13: 18.1 | M13: 63 | N13: 24.4 | O13: 0 | P13: 1.95 | Q13: 47.9
A14: 07-12-2022 01:30 | B14: 43.13 | C14: 14.02 | D14: 42.32 | E14: 4.41 | F14: 0.56 | G14: 50.13 | H14: 30.05 | I14: 0.96 | J14: 0.04 | K14: 335.07 | L14: 17.81 | M14: 65 | N14: 24.5 | O14: 0 | P14: 1.98 | Q14: 48.74
A15: 07-12-2022 01:45 | B15: 40.08 | C15: 15.16 | D15: 40.51 | E15: 3.61 | F15: 0.66 | G15: 56.03 | H15: 29.14 | I15: 0.93 | J15: 0.02 | K15: 300.71 | L15: 17.39 | M15: 68 | N15: 24.5 | O15: 0 | P15: 1.89 | Q15: 48.1
A16: 07-12-2022 02:00 | B16: 37.07 | C16: 16.18 | D16: 38.65 | E16: 4.13 | F16: 0.69 | G16: 69.59 | H16: 26.13 | I16: 0.88 | J16: 0.12 | K16: 257.64 | L16: 17.15 | M16: 69 | N16: 24.2 | O16: 0 | P16: 1.81 | Q16: 47.36
A17: 07-12-2022 02:15 | B17: 33.78 | C17: 17.39 | D17: 36.69 | E17: 4.1 | F17: 0.67 | G17: 69.59 | H17: 26.13 | I17: 0.83 | J17: 0.03 | K17: 267.25 | L17: 16.98 | M17: 70 | N17: 24.2 | O17: 0 | P17: 1.73 | Q17: 46.96
A18: 07-12-2022 02:30 | B18: 31.19 | C18: 18.24 | D18: 35.08 | E18: 3.65 | F18: 0.34 | G18: 69.59 | H18: 26.13 | I18: 0.8 | J18: 0.12 | K18: 313.07 | L18: 16.54 | M18: 74 | N18: 24.3 | O18: 0 | P18: 1.64 | Q18: 46.42
A19: 07-12-2022 02:45 | B19: 29.93 | C19: 18.67 | D19: 34.31 | E19: 3.74 | F19: 0.45 | G19: 77.9 | H19: 26.3 | I19: 0.77 | J19: 0.12 | K19: 279.28 | L19: 16.29 | M19: 76 | N19: 24.2 | O19: 0 | P19: 1.58 | Q19: 45.77
A20: 07-12-2022 03:00 | B20: 29 | C20: 18.69 | D20: 33.57 | E20: 3.57 | F20: 0.5 | G20: 96.08 | H20: 26.86 | I20: 0.73 | J20: 0.14 | K20: 317.07 | L20: 16.14 | M20: 77 | N20: 24.3 | O20: 0 | P20: 1.54 | Q20: 44.59
... A36: 07-12-2022 07:00 | B36: 20.88 | C36: 24.35 | D36: 30.18 | E36: 3.95 | F36: 0.81 | G36: 67.21 | H36: 30.72 | I36: 0.46 | J36: 0.06 | K36: 108.64 | L36: 15.9 | M36: 74 | N36: 47.4 | O36: 0 | P36: 1.2 | Q36: 40.85
A37: 07-12-2022 07:15 | B37: 21.62 | C37: 23.84 | D37: 30.5 | E37: 4.02 | F37: 0.76 | G37: 67.21 | H37: 30.72 | I37: Maint. | J37: 0.38 | K37: 104.35 | L37: 16.35 | M37: 72 | N37: 63.3 | O37: 0 | P37: 1.18 | Q37: 41.23
A38: 07-12-2022 07:30 | B38: 22.5 | C38: 23.24 | D38: 30.87 | E38: 3.76 | F38: 0.64 | G38: 67.21 | H38: 30.72 | I38: Maint. | J38: 0.18 | K38: 71.85 | L38: 16.98 | M38: 69 | N38: 76.9 | O38: 0 | P38: 1.28 | Q38: 41.38
A39: 07-12-2022 07:45 | B39: 23.27 | C39: 22.86 | D39: 31.28 | E39: 4.55 | F39: 0.61 | G39: 77.25 | H39: 31.75 | I39: Maint. | J39: 0.75 | K39: 14.17 | L39: 17.72 | M39: 65 | N39: 119.5 | O39: 0 | P39: 1.32 | Q39: 41.67
A40: 07-12-2022 08:00 | B40: 23.37 | C40: 23.59 | D40: 31.76 | E40: 2.95 | F40: 1.08 | G40: 123.45 | H40: 35.13 | I40: Maint. | J40: 0.88 | K40: 16.73 | L40: 19.14 | M40: 58 | N40: 156.6 | O40: 0 | P40: 1.34 | Q40: 41.56
A41: 07-12-2022 08:15 | B41: 22.96 | C41: 24.78 | D41: 32.09 | E41: 5.4 | F41: 0.71 | G41: 123.45 | H41: 35.13 | I41: Maint. | J41: 1.04 | K41: 10.84 | L41: 19.96 | M41: 55 | N41: 146.7 | O41: 0 | P41: 1.35 | Q41: 41.86
A42: 07-12-2022 08:30 | B42: 22.85 | C42: 26.11 | D42: 32.74 | E42: 5.46 | F42: 0.71 | G42: 123.45 | H42: 35.13 | I42: Maint. | J42: 0.62 | K42: 20.45 | L42: 19.95 | M42: 55 | N42: 230.8 | O42: 0 | P42: 1.36 | Q42: 42.77
A43: 07-12-2022 08:45 | B43: 22.84 | C43: 27.35 | D43: 33.41 | E43: 5.43 | F43: 0.86 | G43: 99.49 | H43: 35.31 | I43: Maint. | J43: 1.31 | K43: 11.77 | L43: 21.7 | M43: 50 | N43: 299.7 | O43: 0 | P43: 1.36 | Q43: 43.24
A44: 07-12-2022 09:00 | B44: 22.59 | C44: 28.94 | D44: 34.09 | E44: 5.24 | F44: 0.84 | G44: 44.4 | H44: 35.9 | I44: Maint. | J44: 1.53 | K44: 10.98 | L44: 23.41 | M44: 45 | N44: 291.5 | O44: 0 | P44: 1.36 | Q44: 42.83
A45: 07-12-2022 09:15 | B45: 21.91 | C45: 30.91 | D45: 34.63 | E45: 5.25 | F45: 0.82 | G45: 44.4 | H45: 35.9 | I45: Maint. | J45: 1.45 | K45: 7.29 | L45: 24.2 | M45: 43 | N45: 349.4 | O45: 0 | P45: 1.35 | Q45: 42.42
A46: 07-12-2022 09:30 | B46: 20.86 | C46: 32.6 | D46: 34.72 | E46: 5.34 | F46: 0.97 | G46: 44.4 | H46: 35.9 | I46: Maint. | J46: 0.61 | K46: 28.43 | L46: 24.65 | M46: 42 | N46: 378.1 | O46: 0 | P46: 1.33 | Q46: 41.95
A47: 07-12-2022 09:45 | B47: 18.81 | C47: 34.21 | D47: 33.97 | E47: 5.17 | F47: 1.52 | G47: 68.83 | H47: 35.91 | I47: Maint. | J47: 1.09 | K47: 30.64 | L47: 23.61 | M47: 42 | N47: 389 | O47: 0 | P47: 1.31 | Q47: 41.65
A48: 07-12-2022 10:00 | B48: 15.61 | C48: 36.31 | D48: 32.56 | E48: 5.13 | F48: 1.78 | G48: 125.02 | H48: 35.92 | I48: Maint. | J48: 0.95 | K48: 52.04 | L48: 24.22 | M48: 39 | N48: 380.9 | O48: 0 | P48: 1.28 | Q48: 41.13
... A56: 07-12-2022 12:00 | B56: 6.27 | C56: 39.26 | D56: 26.7 | E56: 2.66 | F56: 2.49 | G56: 74.63 | H56: 35.24 | I56: Maint. | J56: 0.78 | K56: 77.44 | L56: 26.8 | M56: 25 | N56: 423.8 | O56: 0 | P56: 1.1 | Q56: 40.31
A57: 07-12-2022 12:15 | B57: 5.51 | C57: 38.98 | D57: 25.93 | E57: 4.87 | F57: 2.27 | G57: 74.63 | H57: 35.24 | I57: 0.08 | J57: 1.21 | K57: 12.76 | L57: 27.12 | M57: 23 | N57: 456.2 | O57: 0 | P57: 1.09 | Q57: 41.37
A58: 07-12-2022 12:30 | B58: 4.85 | C58: 38.93 | D58: 25.37 | E58: 4.5 | F58: 2.19 | G58: 74.63 | H58: 35.24 | I58: 0.42 | J58: 0.71 | K58: 20.86 | L58: 27.58 | M58: 24 | N58: 467.4 | O58: 0 | P58: 1.06 | Q58: 41.45
A59: 07-12-2022 12:45 | B59: 4.35 | C59: 38.56 | D59: 24.77 | E59: 4.16 | F59: 2.11 | G59: 61.82 | H59: 35.67 | I59: 0.41 | J59: 1.11 | K59: 99.71 | L59: 26.79 | M59: 24 | N59: 478.2 | O59: 0 | P59: 1.03 | Q59: 41.3
A60: 07-12-2022 13:00 | B60: 3.87 | C60: 37.59 | D60: 23.84 | E60: 4.27 | F60: 2.09 | G60: 33.76 | H60: 37.1 | I60: 0.39 | J60: 0.49 | K60: 68.9 | L60: 26.74 | M60: 25 | N60: 419 | O60: 0 | P60: 1 | Q60: 40.84
A61: 07-12-2022 13:15 | B61: 3.86 | C61: 37.22 | D61: 23.64 | E61: 4.47 | F61: 2.12 | G61: 33.76 | H61: 37.1 | I61: 0.38 | J61: 1.08 | K61: 114.81 | L61: 26.13 | M61: 27 | N61: 430.3 | O61: 0 | P61: 0.94 | Q61: 40.71
A62: 07-12-2022 13:30 | B62: 3.68 | C62: 36.6 | D62: 23.15 | E62: 4.72 | F62: 2.26 | G62: 33.76 | H62: 37.1 | I62: 0.37 | J62: 1.08 | K62: 108.78 | L62: 25.92 | M62: 27 | N62: 418.2 | O62: 0 | P62: 0.96 | Q62: 40.75
A63: 07-12-2022 13:45 | B63: 3.5 | C63: 35.45 | D63: 22.37 | E63: 4.9 | F63: 2.3 | G63: 27.86 | H63: 36.63 | I63: 0.37 | J63: 1.44 | K63: 120.74 | L63: 25.59 | M63: 26 | N63: 394.8 | O63: 0 | P63: 0.93 | Q63: 39.94
A64: 07-12-2022 14:00 | B64: 3.29 | C64: 34.15 | D64: 21.48 | E64: 4.9 | F64: 3.12 | G64: 14.92 | H64: 35.09 | I64: 0.36 | J64: 0.98 | K64: 103.74 | L64: 25.97 | M64: 25 | N64: 377.2 | O64: 0 | P64: 0.89 | Q64: 39.11
A65: 07-12-2022 14:15 | B65: 3.44 | C65: 33.08 | D65: 21.02 | E65: 4.35 | F65: 2.55 | G65: 14.92 | H65: 35.09 | I65: 0.35 | J65: 0.74 | K65: 113.53 | L65: 26.34 | M65: 24 | N65: 351.7 | O65: 0 | P65: 0.88 | Q65: 39
A66: 07-12-2022 14:30 | B66: 3.47 | C66: 32.6 | D66: 20.78 | E66: 4.46 | F66: 2.48 | G66: 14.92 | H66: 35.09 | I66: 0.34 | J66: 0.65 | K66: 76.81 | L66: 26.97 | M66: 24 | N66: 200.1 | O66: 0 | P66: 0.87 | Q66: 39.39
A67: 07-12-2022 14:45 | B67: 3.56 | C67: 32.43 | D67: 20.76 | E67: 4.62 | F67: 3.01 | G67: 24.54 | H67: 34.09 | I67: 0.34 | J67: 0.54 | K67: 83.93 | L67: 26.3 | M67: 24 | N67: 226.7 | O67: 0 | P67: 0.86 | Q67: 39.69
A68: 07-12-2022 15:00 | B68: 5.01 | C68: 32.8 | D68: 22.12 | E68: 5.17 | F68: 3.95 | G68: 45.6 | H68: 31 | I68: 0.34 | J68: 0.61 | K68: 35.66 | L68: 27.14 | M68: 24 | N68: 250.2 | O68: 0 | P68: 0.86 | Q68: 39.79
... A91: 07-12-2022 20:45 | B91: 99.03 | C91: 1.14 | D91: 80.04 | E91: 4.57 | F91: 0.66 | G91: 167.17 | H91: 39.95 | I91: 1.08 | J91: 0.09 | K91: 44.59 | L91: 18.37 | M91: 60 | N91: 24 | O91: 0 | P91: 3.55 | Q91: 49.35
A92: 07-12-2022 21:00 | B92: 110.28 | C92: Invalid | D92: 86.24 | E92: 4.74 | F92: 0.62 | G92: 185.74 | H92: 47.72 | I92: 1.18 | J92: 0.02 | K92: 57.48 | L92: 18.24 | M92: 60 | N92: 23.8 | O92: 0 | P92: 3.8 | Q92: 48.92
A93: 07-12-2022 21:15 | B93: 117.62 | C93: Invalid | D93: 88.58 | E93: 4.65 | F93: 0.6 | G93: 185.74 | H93: 47.72 | I93: 1.29 | J93: 0.14 | K93: 29.8 | L93: 18.11 | M93: 62 | N93: 24.2 | O93: 0 | P93: 4 | Q93: 49.2
A94: 07-12-2022 21:30 | B94: 126.18 | C94: Invalid | D94: 92.93 | E94: 4.78 | F94: 0.63 | G94: 185.74 | H94: 47.72 | I94: 1.39 | J94: 0.16 | K94: 70.58 | L94: 18.43 | M94: 56 | N94: 23.6 | O94: 0 | P94: 4.23 | Q94: 49.87
A95: 07-12-2022 21:45 | B95: 130.53 | C95: Invalid | D95: 95.09 | E95: 5.3 | F95: 0.73 | G95: 190.09 | H95: 49.71 | I95: 1.49 | J95: 0.21 | K95: 80.34 | L95: 19.28 | M95: 48 | N95: 23.5 | O95: 0 | P95: 4.37 | Q95: 50.6
A96: 07-12-2022 22:00 | B96: 129.33 | C96: Invalid | D96: 94.12 | E96: 5.62 | F96: 0.85 | G96: 199.4 | H96: 56.26 | I96: 1.76 | J96: 0.13 | K96: 28.54 | L96: 18.94 | M96: 51 | N96: 24.4 | O96: 0 | P96: 4.38 | Q96: 50.83
A97: 07-12-2022 22:15 | B97: 129.82 | C97: Invalid | D97: 93.67 | E97: 5.31 | F97: 0.7 | G97: 199.4 | H97: 56.26 | I97: 1.85 | J97: 0.16 | K97: 63.03 | L97: 18.26 | M97: 55 | N97: 24.1 | O97: 0 | P97: 4.4 | Q97: 51.1
A98: 07-12-2022 22:30 | B98: 129.17 | C98: Invalid | D98: 92.79 | E98: 5.21 | F98: 0.64 | G98: 199.4 | H98: 56.26 | I98: 1.87 | J98: 0.19 | K98: 77.63 | L98: 18.43 | M98: 51 | N98: 24.1 | O98: 0 | P98: 4.39 | Q98: 51.15
A99: 07-12-2022 22:45 | B99: 124.1 | C99: Invalid | D99: 89.51 | E99: 5.54 | F99: 0.56 | G99: 194.27 | H99: 55.95 | I99: 1.88 | J99: 0.21 | K99: 46.04 | L99: 18.51 | M99: 51 | N99: 23.9 | O99: 0 | P99: 4.31 | Q99: 51.43
A100: 07-12-2022 23:00 | B100: 119.54 | C100: Invalid | D100: 87.13 | E100: 5.28 | F100: 0.8 | G100: 183.02 | H100: 54.97 | I100: 1.88 | J100: 0.3 | K100: 65.49 | L100: 18.54 | M100: 48 | N100: 23.5 | O100: 0 | P100: 4.18 | Q100: 51.8
A101: 07-12-2022 23:15 | B101: 112.29 | C101: Invalid | D101: 83.26 | E101: 4.78 | F101: 0.73 | G101: 183.02 | H101: 54.97 | I101: 1.82 | J101: 0.27 | K101: 30.37 | L101: 18.52 | M101: 48 | N101: 23.8 | O101: 0 | P101: 3.99 | Q101: 51.02
A102: 07-12-2022 23:30 | B102: 105.03 | C102: Invalid | D102: 79.34 | E102: 4.91 | F102: 0.71 | G102: 183.02 | H102: 54.97 | I102: 1.62 | J102: 0.29 | K102: 51.93 | L102: 18.48 | M102: 48 | N102: 23.8 | O102: 0 | P102: 3.79 | Q102: 50.01
A103: 07-12-2022 23:45 | B103: 96.19 | C103: Invalid | D103: 74.52 | E103: 5.1 | F103: 0.75 | G103: 167 | H103: 53.03 | I103: 1.63 | J103: 0.35 | K103: 62.84 | L103: 18.34 | M103: 48 | N103: 24 | O103: 0 | P103: 3.57 | Q103: 48.86
A104: 07-12-2022 24:00 | B104: 86.73 | C104: Invalid | D104: 69.32 | E104: 3.1 | F104: 0.72 | G104: 86.94 | H104: 47.05 | I104: 1.45 | J104: 0.84 | K104: 16.26 | L104: 18.22 | M104: 49 | N104: 23.9 | O104: 0 | P104: 3.36 | Q104: 47.79
A106: Min | B106: =MIN(B9:B104) -> 3.29 | C106: =MIN(C9:C104) -> 1.14 | D106: =MIN(D9:D104) -> 20.76 | E106: =MIN(E9:E104) -> 1.89 | F106: =MIN(F9:F104) -> 0.33 | G106: =MIN(G9:G104) -> 14.92 | H106: =MIN(H9:H104) -> 26.13 | I106: =MIN(I9:I104) -> 0.08 | ... Q106: =MIN(Q9:Q104) -> 39
A107: Max | B107: =MAX(B9:B104) -> 130.53 | C107: =MAX(C9:C104) -> 43.68 | D107: =MAX(D9:D104) -> 95.09 | E107: =MAX(E9:E104) -> 6.16 | F107: =MAX(F9:F104) -> 4.09 | G107: =MAX(G9:G104) -> 199.4 | H107: =MAX(H9:H104) -> 56.26 | I107: =MAX(I9:I104) -> 1.88 | ... Q107: =MAX(Q9:Q104) -> 51.8
A108: Avg | B108: =AVERAGE(B9:B104) -> 35.728021 | C108: =AVERAGE(C9:C104) -> 28.035542 | D108: =AVERAGE(D9:D104) -> 41.092083 | E108: =AVERAGE(E9:E104) -> 4.4586458 | F108: =AVERAGE(F9:F104) -> 1.2483333 | G108: =AVERAGE(G9:G104) -> 97.418125 | H108: =AVERAGE(H9:H104) -> 35.375729 | I108: =AVERAGE(I9:I104) -> 0.75776316 | ... Q108: =AVERAGE(Q9:Q104) -> 43.874687
A109: Stdev | B109: =STDEV(B9:B104) -> 37.334777 | C109: =STDEV(C9:C104) -> 10.52527 | D109: =STDEV(D9:D104) -> 21.143354 | E109: =STDEV(E9:E104) -> 0.77829858 | F109: =STDEV(F9:F104) -> 0.89001084 | G109: =STDEV(G9:G104) -> 48.703088 | H109: =STDEV(H9:H104) -> 7.6148615 | I109: =STDEV(I9:I104) -> 0.46259442 | ... Q109: =STDEV(Q9:Q104) -> 3.6995382
A110: Num | B110: =COUNT(B9:B104) -> 96 | C110: =COUNT(C9:C104) -> 83 | D110: =COUNT(D9:D104) -> 96 | E110: =COUNT(E9:E104) -> 96 | F110: =COUNT(F9:F104) -> 96 | G110: =COUNT(G9:G104) -> 96 | H110: =COUNT(H9:H104) -> 96 | I110: =COUNT(I9:I104)+20 -> 96 | J110: =COUNT(J9:J104) -> 96 | K110: =COUNT(K9:K104) -> 96 | L110: =COUNT(L9:L104) -> 96 | M110: =COUNT(M9:M104) -> 96 | N110: =COUNT(N9:N104) -> 96 | O110: =COUNT(O9:O104) -> 96 | P110: =COUNT(P9:P104) -> 96 | Q110: =COUNT(Q9:Q104) -> 96
A111: DCR | B111: =IF(B110>=87,">90%",IF(B110<=87,"<90%")) -> >90% | C111: =IF(C110>=87,">90%",IF(C110<=87,"<90%")) -> <90% | D111: =IF(D110>=87,">90%",IF(D110<=87,"<90%")) -> >90% | E111: =IF(E110>=87,">90%",IF(E110<=87,"<90%")) -> >90% | F111: =IF(F110>=87,">90%",IF(F110<=87,"<90%")) -> >90% | G111: =IF(G110>=87,">90%",IF(G110<=87,"<90%")) -> >90% | H111: =IF(H110>=87,">90%",IF(H110<=87,"<90%")) -> >90% | I111: =IF(I110>=87,">90%",IF(I110<=87,"<90%")) -> >90% | ... Q111: =IF(Q110>=87,">90%",IF(Q110<=87,"<90%")) -> >90%
A112: Status | B112: =IF(B110>=87,"OK",IF(B110<=87,"LESS")) -> OK | C112: =IF(C110>=87,"OK",IF(C110<=87,"LESS")) -> LESS | D112: =IF(D110>=87,"OK",IF(D110<=87,"LESS")) -> OK | E112: =IF(E110>=87,"OK",IF(E110<=87,"LESS")) -> OK | F112: =IF(F110>=87,"OK",IF(F110<=87,"LESS")) -> OK | G112: =IF(G110>=87,"OK",IF(G110<=87,"LESS")) -> OK | H112: =IF(H110>=87,"OK",IF(H110<=87,"LESS")) -> OK | I112: =IF(I110>=87,"OK",IF(I110<=87,"LESS")) -> OK | ... Q112: =IF(Q110>=87,"OK",IF(Q110<=87,"LESS")) -> OK
A115: Done by | B115: RK
A117: Comment

Sheet 08
A1: Station: | B1: BHATAGAON RAIPUR
A2: Date: | B2: =$A$9 -> 08-12-2022 00:15 | D2: Power Off | G2: Pw.Off | L2: Link Fail | N2: Link F | P2: Maintenance | R2: Maint.
A3: Report Type: | B3: Mean | D3: Calibration | G3: Calib. | L3: Data Fail | N3: Data F | P3: Invalid | R3: Invalid
A4: Time Base: | B4: 15 Min | D4: Zero Referrence | G4: Z.Ref | L4: Warm Up | N4: Wm. Up
A7: Date & Time | B7: NO_BHATAGAON | C7: NO2__BHATAGAON | D7: NOX_BHATAGAON | E7: SO2__BHATAGAON | F7: O3__BHATAGAON | G7: PM10__BHATAGAON | H7: PM2_5__BHATAGAON | I7: BENZ__BHATAGAON | J7: WS__BHATAGAON | K7: WD__BHATAGAON | L7: TEMP__BHATAGAON | M7: HUM__BHATAGAON | N7: SR__BHATAGAON | O7: RG__BHATAGAON | P7: CO__BHATAGAON | Q7: NH3__BHATAGAON
B8: ug/m3 | C8: ug/m3 | D8: ug/m3 | E8: ug/m3 | F8: ug/m3 | G8: ug/m3 | H8: ug/m3 | I8: ug/m3 | J8: m/sec | K8: deg | L8: degreC | M8: % | N8: w/m2 | O8: mm | P8: mg/m3 | Q8: ug/m3
A9: 08-12-2022 00:15 | B9: 77.65 | C9: 3.67 | D9: 64.29 | E9: 5.21 | F9: 0.75 | G9: 86.94 | H9: 47.05 | I9: 1.33 | J9: 0.9 | K9: 13.19 | L9: 18.27 | M9: 50 | N9: 23.9 | O9: 0 | P9: 3.13 | Q9: 46.97
A10: 08-12-2022 00:30 | B10: 67.24 | C10: 8.08 | D10: 58.38 | E10: 5.45 | F10: 0.75 | G10: 86.94 | H10: 47.05 | I10: 1.25 | J10: 0.92 | K10: 13.28 | L10: 18.01 | M10: 51 | N10: 24.3 | O10: 0 | P10: 2.97 | Q10: 45.08
A11: 08-12-2022 00:45 | B11: 62.22 | C11: 10.2 | D11: 55.52 | E11: 5.16 | F11: 0.8 | G11: 75.31 | H11: 44.9 | I11: 1.16 | J11: 0.28 | K11: 83.18 | L11: 17.74 | M11: 52 | N11: 24.6 | O11: 0 | P11: 2.86 | Q11: 43.89
A12: 08-12-2022 01:00 | B12: 57.63 | C12: 12.11 | D12: 52.9 | E12: 5.24 | F12: 0.69 | G12: 49.84 | H12: 38.26 | I12: 1.09 | J12: 0.32 | K12: 110.44 | L12: 17.5 | M12: 53 | N12: 24.4 | O12: 0 | P12: 2.78 | Q12: 43.24
A13: 08-12-2022 01:15 | B13: 52.99 | C13: 14.03 | D13: 50.23 | E13: 5.26 | F13: 0.65 | G13: 49.84 | H13: 38.26 | I13: 1.04 | J13: 0.2 | K13: 71.72 | L13: 17.33 | M13: 54 | N13: 24.2 | O13: 0 | P13: 2.59 | Q13: 42.99
A14: 08-12-2022 01:30 | B14: 48.69 | C14: 15.74 | D14: 47.73 | E14: 5.4 | F14: 0.76 | G14: 49.84 | H14: 38.26 | I14: 1 | J14: 0.16 | K14: 14.41 | L14: 16.9 | M14: 57 | N14: 24.6 | O14: 0 | P14: 2.61 | Q14: 42.85
A15: 08-12-2022 01:45 | B15: 44.97 | C15: 17.09 | D15: 45.49 | E15: 5.26 | F15: 0.75 | G15: 65.1 | H15: 37.66 | I15: 0.96 | J15: 0.02 | K15: 131.79 | L15: 16.7 | M15: 57 | N15: 24.5 | O15: 0 | P15: 2.55 | Q15: 42.7
A16: 08-12-2022 02:00 | B16: 41.44 | C16: 18.27 | D16: 43.31 | E16: 5.37 | F16: 0.72 | G16: 100.2 | H16: 35.66 | I16: 0.92 | J16: 0.6 | K16: 12.53 | L16: 16.45 | M16: 59 | N16: 23.8 | O16: 0 | P16: 2.48 | Q16: 42.44
A17: 08-12-2022 02:15 | B17: 37.65 | C17: 19.7 | D17: 41.06 | E17: 4.85 | F17: 0.6 | G17: 100.2 | H17: 35.66 | I17: 0.89 | J17: 1.07 | K17: 13.97 | L17: 16.81 | M17: 56 | N17: 23.1 | O17: 0 | P17: 2.37 | Q17: 42.27
A18: 08-12-2022 02:30 | B18: 33.16 | C18: 22.08 | D18: 38.78 | E18: 4.58 | F18: 0.66 | G18: 100.2 | H18: 35.66 | I18: 0.86 | J18: 1.22 | K18: 12.82 | L18: 17.21 | M18: 54 | N18: 23.6 | O18: 0 | P18: 2.23 | Q18: 42.98
A19: 08-12-2022 02:45 | B19: 28.28 | C19: 25.01 | D19: 36.48 | E19: 5.37 | F19: 0.71 | G19: 90.75 | H19: 35.03 | I19: 0.81 | J19: 1.33 | K19: 13.18 | L19: 17.25 | M19: 54 | N19: 24 | O19: 0 | P19: 2.1 | Q19: 42.29
A20: 08-12-2022 03:00 | B20: 24.21 | C20: 27.65 | D20: 34.68 | E20: 5.08 | F20: 0.79 | G20: 69.02 | H20: 32.99 | I20: 0.75 | J20: 0.96 | K20: 11.44 | L20: 17.08 | M20: 56 | N20: 24.5 | O20: 0 | P20: 2 | Q20: 41.2
... A29: 08-12-2022 05:15 | B29: 12.25 | C29: 34.02 | D29: 28.6 | E29: 7.6 | F29: 0.57 | G29: 65.25 | H29: 33.16 | I29: 0.47 | J29: 1.33 | K29: 20.06 | L29: 16.09 | M29: 59 | N29: 24.3 | O29: 0 | P29: 1.6 | Q29: 37.07
A30: 08-12-2022 05:30 | B30: 12.29 | C30: 34.19 | D30: 28.72 | E30: 6.98 | F30: 0.67 | G30: 65.25 | H30: 33.16 | I30: Maint. | J30: 0.8 | K30: 19.62 | L30: 15.94 | M30: 59 | N30: 24.5 | O30: 0 | P30: 1.61 | Q30: 37.22
A31: 08-12-2022 05:45 | B31: 12.96 | C31: 33.89 | D31: 29.09 | E31: 7.02 | F31: 0.65 | G31: 47.25 | H31: 33.49 | I31: Maint. | J31: 1.1 | K31: 18.95 | L31: 15.81 | M31: 59 | N31: 24 | O31: 0 | P31: 1.62 | Q31: 37.47
A32: 08-12-2022 06:00 | B32: 13.88 | C32: 33.59 | D32: 29.67 | E32: 6.85 | F32: 0.74 | G32: Invalid | H32: Invalid | I32: Maint. | J32: 0.98 | K32: 13.98 | L32: 15.75 | M32: 60 | N32: 24.2 | O32: 0 | P32: 1.63 | Q32: 38.53
A33: 08-12-2022 06:15 | B33: 14.62 | C33: 33.28 | D33: 30.09 | E33: 6.64 | F33: 0.58 | G33: Invalid | H33: Invalid | I33: Maint. | J33: 0.56 | K33: 18.39 | L33: 15.61 | M33: 60 | N33: 24.6 | O33: 0 | P33: 1.65 | Q33: 38.69
A34: 08-12-2022 06:30 | B34: 15.6 | C34: 32.86 | D34: 30.64 | E34: 6.41 | F34: 0.56 | G34: Invalid | H34: Invalid | I34: Maint. | J34: 0.27 | K34: 55.29 | L34: 15.31 | M34: 61 | N34: 26.5 | O34: 0 | P34: 1.72 | Q34: 38.49
A35: 08-12-2022 06:45 | B35: 16.43 | C35: 32.35 | D35: 31.03 | E35: 6.46 | F35: 0.63 | G35: 69.38 | H35: 35.01 | I35: Maint. | J35: 0.27 | K35: 79.52 | L35: 15.15 | M35: 61 | N35: 34.7 | O35: 0 | P35: 1.75 | Q35: 38.29
A36: 08-12-2022 07:00 | B36: 17.42 | C36: 31.8 | D36: 31.52 | E36: 6.49 | F36: 0.71 | G36: 210.96 | H36: 36.46 | I36: Maint. | J36: 0.27 | K36: 94.69 | L36: 15.23 | M36: 61 | N36: 48.1 | O36: 0 | P36: 1.78 | Q36: 38.22
A37: 08-12-2022 07:15 | B37: 17.98 | C37: 31.43 | D37: 31.77 | E37: 6.04 | F37: 0.77 | G37: 210.96 | H37: 36.46 | I37: Maint. | J37: 0.35 | K37: 45.33 | L37: 15.53 | M37: 59 | N37: 53.5 | O37: 0 | P37: 1.72 | Q37: 38.23
A38: 08-12-2022 07:30 | B38: 18.72 | C38: 30.96 | D38: 32.09 | E38: 5.53 | F38: 0.68 | G38: 210.96 | H38: 36.46 | I38: Maint. | J38: 0.48 | K38: 85.88 | L38: 15.69 | M38: 58 | N38: 69.6 | O38: 0 | P38: 1.77 | Q38: 38.15
A39: 08-12-2022 07:45 | B39: 18.2 | C39: 30.83 | D39: 31.61 | E39: 5.93 | F39: 0.64 | G39: 180.56 | H39: 36.35 | I39: Maint. | J39: 0.6 | K39: 73.41 | L39: 15.95 | M39: 58 | N39: 84.8 | O39: 0 | P39: 1.7 | Q39: 37.26
A40: 08-12-2022 08:00 | B40: 17.78 | C40: 30.64 | D40: 31.17 | E40: 3.5 | F40: 0.83 | G40: 40.74 | H40: 36.01 | I40: Maint. | J40: 0.3 | K40: 43.88 | L40: 16.1 | M40: 58 | N40: 96 | O40: 0 | P40: 1.65 | Q40: 36.89
A41: 08-12-2022 08:15 | B41: 17.89 | C41: 30.4 | D41: 31.13 | E41: 5.32 | F41: 0.96 | G41: 40.74 | H41: 36.01 | I41: Maint. | J41: 0.47 | K41: 75.43 | L41: 16.58 | M41: 56 | N41: 119.9 | O41: 0 | P41: 1.6 | Q41: 37.07
A42: 08-12-2022 08:30 | B42: 17.82 | C42: 30.32 | D42: 31.03 | E42: 5.53 | F42: 1.01 | G42: 40.74 | H42: 36.01 | I42: Maint. | J42: 0.47 | K42: 46.01 | L42: 17.4 | M42: 53 | N42: 181.9 | O42: 0 | P42: 1.55 | Q42: 37.32
A43: 08-12-2022 08:45 | B43: 17.41 | C43: 30.54 | D43: 30.82 | E43: 5.96 | F43: 0.96 | G43: 49.42 | H43: 34.67 | I43: Maint. | J43: 0.47 | K43: 70.76 | L43: 18.63 | M43: 50 | N43: 217.6 | O43: 0 | P43: 1.51 | Q43: 37.48
A44: 08-12-2022 09:00 | B44: 16.91 | C44: 30.75 | D44: 30.53 | E44: 5.76 | F44: 1.28 | G44: 69.39 | H44: 30.27 | I44: Maint. | J44: 0.51 | K44: 63.89 | L44: 19.02 | M44: 48 | N44: 162.6 | O44: 0 | P44: 1.48 | Q44: 37.59
A45: 08-12-2022 09:15 | B45: 16.07 | C45: 31.25 | D45: 30.13 | E45: 5.3 | F45: 0.84 | G45: 69.39 | H45: 30.27 | I45: Maint. | J45: 0.67 | K45: 99.46 | L45: 18.62 | M45: 49 | N45: 129.5 | O45: 0 | P45: 1.44 | Q45: 37.8
A46: 08-12-2022 09:30 | B46: 15.24 | C46: 31.61 | D46: 29.66 | E46: 4.94 | F46: 0.76 | G46: 69.39 | H46: 30.27 | I46: Maint. | J46: 0.65 | K46: 99.15 | L46: 18.41 | M46: 49 | N46: 169.9 | O46: 0 | P46: 1.42 | Q46: 38.56
A47: 08-12-2022 09:45 | B47: 13.91 | C47: 32.17 | D47: 28.91 | E47: 4.57 | F47: 0.92 | G47: 49.21 | H47: 30.58 | I47: Maint. | J47: 0.69 | K47: 100.68 | L47: 19.24 | M47: 48 | N47: 302.3 | O47: 0 | P47: 1.37 | Q47: 39.51
A48: 08-12-2022 10:00 | B48: 12.66 | C48: 32.87 | D48: 28.29 | E48: 5.13 | F48: 1.12 | G48: Invalid | H48: Invalid | I48: Maint. | J48: 0.94 | K48: 109.89 | L48: 20.16 | M48: 45 | N48: 245.1 | O48: 0 | P48: 1.34 | Q48: 39.18
A49: 08-12-2022 10:15 | B49: 11.56 | C49: 33.5 | D49: 27.76 | E49: 4.82 | F49: 1.16 | G49: Invalid | H49: Invalid | I49: Maint. | J49: 0.8 | K49: 23.1 | L49: 20.93 | M49: 43 | N49: 276.9 | O49: 0 | P49: 1.32 | Q49: 39.11
A50: 08-12-2022 10:30 | B50: 11.74 | C50: 34.49 | D50: 28.45 | E50: 5.05 | F50: 1.21 | G50: Invalid | H50: Invalid | I50: Maint. | J50: 1.08 | K50: 14.82 | L50: 23.71 | M50: 36 | N50: 414.6 | O50: 0 | P50: 1.31 | Q50: 38.98
A51: 08-12-2022 10:45 | B51: 10.83 | C51: 36.1 | D51: 28.61 | E51: 6.39 | F51: 2.43 | G51: Invalid | H51: Invalid | I51: Maint. | J51: 1.08 | K51: 94 | L51: 22.38 | M51: 37 | N51: 356.9 | O51: 0 | P51: 1.25 | Q51: 38.07
A52: 08-12-2022 11:00 | B52: 7.32 | C52: 37.39 | D52: 26.51 | E52: 8.18 | F52: 3.7 | G52: Invalid | H52: Invalid | I52: Maint. | J52: 0.62 | K52: 83.85 | L52: 22.66 | M52: 37 | N52: 377.9 | O52: 0 | P52: 1.11 | Q52: 34
A53: 08-12-2022 11:15 | B53: 7.28 | C53: 38.09 | D53: 26.86 | E53: 7.96 | F53: 3.03 | G53: Invalid | H53: Invalid | I53: Maint. | J53: 0.93 | K53: 98.41 | L53: 22.62 | M53: 37 | N53: 360.1 | O53: 0 | P53: 1.04 | Q53: 31.21
A54: 08-12-2022 11:30 | B54: 9.43 | C54: 38.14 | D54: 28.61 | E54: 11.43 | F54: 4.63 | G54: Invalid | H54: Invalid | I54: 0.23 | J54: 0.68 | K54: 67.54 | L54: 24.29 | M54: 32 | N54: 457.2 | O54: 0 | P54: 0.99 | Q54: 29.87
A55: 08-12-2022 11:45 | B55: 9.26 | C55: 39.9 | D55: 29.45 | E55: 11.8 | F55: 3.73 | G55: Invalid | H55: Invalid | I55: 0.29 | J55: 1.52 | K55: 118.53 | L55: 23.6 | M55: 31 | N55: 499.4 | O55: 0 | P55: 0.94 | Q55: 29.22
A56: 08-12-2022 12:00 | B56: 10.66 | C56: 40.61 | D56: 30.96 | E56: 17.58 | F56: 5.28 | G56: Invalid | H56: Invalid | I56: 0.27 | J56: 0.68 | K56: 89.43 | L56: 24.87 | M56: 29 | N56: 481.7 | O56: 0 | P56: 0.86 | Q56: 28.39
A57: 08-12-2022 12:15 | B57: 10.99 | C57: 41.69 | D57: 31.82 | E57: 21.72 | F57: 4.82 | G57: Invalid | H57: Invalid | I57: 0.26 | J57: 1.13 | K57: 115.19 | L57: 24.81 | M57: 29 | N57: 483 | O57: 0 | P57: 0.8 | Q57: 27.13
A58: 08-12-2022 12:30 | B58: 7.26 | C58: 59.06 | D58: 38.42 | E58: 19.5 | F58: 5.16 | G58: Invalid | H58: Invalid | I58: 0.25 | J58: 1.11 | K58: 114.43 | L58: 24.68 | M58: 29 | N58: 473.9 | O58: 0 | P58: 0.7 | Q58: 25.62
A59: 08-12-2022 12:45 | B59: 5.67 | C59: 70.25 | D59: 43.32 | E59: 18.28 | F59: 6.26 | G59: Invalid | H59: Invalid | I59: 0.24 | J59: 0.96 | K59: 104.68 | L59: 25.09 | M59: 28 | N59: 468.8 | O59: 0 | P59: 0.67 | Q59: 24.13
A60: 08-12-2022 13:00 | B60: 3.84 | C60: 66.28 | D60: 39.66 | E60: 17.78 | F60: 8.42 | G60: Calib. | H60: Calib. | I60: Maint. | J60: 1.18 | K60: 110.69 | L60: 25.41 | M60: 28 | N60: 458.6 | O60: 0 | P60: 0.62 | Q60: 23.95
A61: 08-12-2022 13:15 | B61: 3.94 | C61: 67.19 | D61: 40.24 | E61: 12.97 | F61: 5.55 | G61: Calib. | H61: Calib. | I61: Maint. | J61: 0.64 | K61: 49.84 | L61: 26.86 | M61: 26 | N61: 443.6 | O61: 0 | P61: 0.58 | Q61: 24.65
A62: 08-12-2022 13:30 | B62: 3.71 | C62: 66.43 | D62: 39.63 | E62: 7.46 | F62: 3.2 | G62: Calib. | H62: Calib. | I62: Maint. | J62: 1.06 | K62: 122.86 | L62: 26.19 | M62: 27 | N62: 439.1 | O62: 0 | P62: 0.63 | Q62: 26.4
A63: 08-12-2022 13:45 | B63: 4.45 | C63: 63.68 | D63: 38.71 | E63: 9.55 | F63: 3.92 | G63: Calib. | H63: Calib. | I63: Maint. | J63: 0.86 | K63: 106.85 | L63: 26.17 | M63: 27 | N63: 421.5 | O63: 0 | P63: 0.64 | Q63: 27.81
A64: 08-12-2022 14:00 | B64: 5.42 | C64: 60.88 | D64: 37.94 | E64: 12.91 | F64: 9.69 | G64: Invalid | H64: Invalid | I64: Maint. | J64: 1.12 | K64: 33.67 | L64: 27.17 | M64: 25 | N64: 401.8 | O64: 0 | P64: 0.65 | Q64: 27.46
A65: 08-12-2022 14:15 | B65: 4.66 | C65: 62.08 | D65: 38 | E65: 9.64 | F65: 6.64 | G65: Invalid | H65: Invalid | I65: 0.01 | J65: 0.76 | K65: 82.26 | L65: 26.88 | M65: 25 | N65: 374 | O65: 0 | P65: 0.66 | Q65: 27.23
A66: 08-12-2022 14:30 | B66: 3.89 | C66: 62.69 | D66: 37.72 | E66: 9.1 | F66: 6.1 | G66: Invalid | H66: Invalid | I66: 0.17 | J66: 0.61 | K66: 91.01 | L66: 27.3 | M66: 25 | N66: 221.4 | O66: 0 | P66: 0.68 | Q66: 27.59
A67: 08-12-2022 14:45 | B67: 4.97 | C67: 57.86 | D67: 35.92 | E67: 9.88 | F67: 11.51 | G67: Invalid | H67: Invalid | I67: 0.17 | J67: 0.66 | K67: 97.63 | L67: 26.57 | M67: 26 | N67: 210.4 | O67: 0 | P67: 0.67 | Q67: 27.16
A68: 08-12-2022 15:00 | B68: 3.47 | C68: 60.25 | D68: 36.03 | E68: 10.99 | F68: 5.11 | G68: Invalid | H68: Invalid | I68: 0.18 | J68: 1.02 | K68: 129.43 | L68: 26.34 | M68: 26 | N68: 269.2 | O68: 0 | P68: 0.67 | Q68: 25.81
A69: 08-12-2022 15:15 | B69: 3.5 | C69: 59.92 | D69: 35.88 | E69: 6.88 | F69: 3.94 | G69: Invalid | H69: Invalid | I69: 0.18 | J69: 0.83 | K69: 55.65 | L69: 26.58 | M69: 25 | N69: 248 | O69: 0 | P69: 0.67 | Q69: 26.54
A70: 08-12-2022 15:30 | B70: 5.71 | C70: 58.42 | D70: 36.82 | E70: 9.78 | F70: 8.42 | G70: Invalid | H70: Invalid | I70: 0.19 | J70: 0.64 | K70: 110.36 | L70: 25.76 | M70: 26 | N70: 153.8 | O70: 0 | P70: 0.68 | Q70: 27.55
A71: 08-12-2022 15:45 | B71: 6.35 | C71: 58.3 | D71: 37.26 | E71: 13.3 | F71: 7.98 | G71: Invalid | H71: Invalid | I71: 0.19 | J71: 1.15 | K71: 125.53 | L71: 25.4 | M71: 27 | N71: 170.1 | O71: 0 | P71: 0.7 | Q71: 27.71
A72: 08-12-2022 16:00 | B72: 6.33 | C72: 57.72 | D72: 36.93 | E72: 14.28 | F72: 17.32 | G72: Invalid | H72: Invalid | I72: 0.19 | J72: 1.22 | K72: 26.05 | L72: 25.42 | M72: 27 | N72: 80.7 | O72: 0 | P72: 0.75 | Q72: 27.01
A73: 08-12-2022 16:15 | B73: 8.78 | C73: 64.69 | D73: 42.74 | E73: 25.26 | F73: 13.23 | G73: Invalid | H73: Invalid | I73: 0.18 | J73: 1.38 | K73: 26.06 | L73: 25.3 | M73: 27 | N73: 59.6 | O73: 0 | P73: 0.83 | Q73: 26.52
A74: 08-12-2022 16:30 | B74: 13.81 | C74: 76.55 | D74: 53.32 | E74: 35.66 | F74: 10.33 | G74: Invalid | H74: Invalid | I74: 0.19 | J74: 0.86 | K74: 26.9 | L74: 24.84 | M74: 27 | N74: 43.9 | O74: 0 | P74: 0.92 | Q74: 26.6
A75: 08-12-2022 16:45 | B75: 9.45 | C75: 77.92 | D75: 50.58 | E75: 10.48 | F75: 2.59 | G75: Invalid | H75: Invalid | I75: 0.2 | J75: 0.32 | K75: 68.36 | L75: 24.03 | M75: 29 | N75: 35.9 | O75: 0 | P75: 0.93 | Q75: 28.44
A76: 08-12-2022 17:00 | B76: 9.22 | C76: 79.34 | D76: 51.18 | E76: 6.9 | F76: 1.53 | G76: Calib. | H76: Calib. | I76: 0.23 | J76: 0.31 | K76: 93.42 | L76: 23.32 | M76: 31 | N76: 33.2 | O76: 0 | P76: 0.95 | Q76: 30.39
... A78: 08-12-2022 17:30 | B78: 7.26 | C78: 78.23 | D78: 48.99 | E78: 5.63 | F78: 1.03 | G78: Calib. | H78: Calib. | I78: 0.26 | J78: 0.13 | K78: 91.22 | L78: 22.49 | M78: 36 | N78: 25 | O78: 0 | P78: 0.98 | Q78: 33.66
A79: 08-12-2022 17:45 | B79: 8.03 | C79: 78.59 | D79: 49.81 | E79: 5.26 | F79: 0.8 | G79: 63.42 | H79: 14.62 | I79: 0.27 | J79: 0.05 | K79: 58.03 | L79: 21.41 | M79: 42 | N79: 24.7 | O79: 0 | P79: 1.02 | Q79: 34.68
A80: 08-12-2022 18:00 | B80: 11.77 | C80: 78.85 | D80: 52.95 | E80: 5.33 | F80: 0.62 | G80: 123.12 | H80: 38.7 | I80: 0.29 | J80: 0.13 | K80: 23.29 | L80: 20.77 | M80: 44 | N80: 24.3 | O80: 0 | P80: 1.14 | Q80: 35.44
A81: 08-12-2022 18:15 | B81: 18.99 | C81: 80.35 | D81: 59.57 | E81: 4.97 | F81: 0.66 | G81: 123.12 | H81: 38.7 | I81: 0.31 | J81: 0.09 | K81: 16.78 | L81: 20.45 | M81: 42 | N81: 24.3 | O81: 0 | P81: 1.29 | Q81: 36.34
A82: 08-12-2022 18:30 | B82: 28.43 | C82: 80.81 | D82: 67.39 | E82: 5.19 | F82: 0.61 | G82: 123.12 | H82: 38.7 | I82: 0.35 | J82: 0.11 | K82: 350.56 | L82: 19.99 | M82: 48 | N82: 24.4 | O82: 0 | P82: 1.43 | Q82: 36.2
A83: 08-12-2022 18:45 | B83: 33.06 | C83: 80.42 | D83: 70.89 | E83: 5.3 | F83: 0.67 | G83: 126.97 | H83: 39.13 | I83: 0.4 | J83: 0.04 | K83: 143.21 | L83: 19.41 | M83: 49 | N83: 24.6 | O83: 0 | P83: 1.53 | Q83: 37.58
A84: 08-12-2022 19:00 | B84: 44.2 | C84: 78.12 | D84: 78.55 | E84: 4.79 | F84: 0.58 | G84: 130.6 | H84: 39.83 | I84: 0.45 | J84: 0.08 | K84: 24.44 | L84: 18.76 | M84: 53 | N84: 24.2 | O84: 0 | P84: 1.69 | Q84: 38.89
A85: 08-12-2022 19:15 | B85: 52.96 | C85: 77.45 | D85: 85.21 | E85: 5.1 | F85: 0.61 | G85: 130.6 | H85: 39.83 | I85: 0.49 | J85: 0.19 | K85: 354.22 | L85: 18.49 | M85: 57 | N85: 24 | O85: 0 | P85: 1.83 | Q85: 40.56
A86: 08-12-2022 19:30 | B86: 62.99 | C86: 76.93 | D86: 92.97 | E86: 5.1 | F86: 0.7 | G86: 130.6 | H86: 39.83 | I86: 0.56 | J86: 0.05 | K86: 307.77 | L86: 17.98 | M86: 56 | N86: 24.1 | O86: 0 | P86: 2.16 | Q86: 41.91
A87: 08-12-2022 19:45 | B87: 70.75 | C87: 76.16 | D87: 98.77 | E87: 5.31 | F87: 0.67 | G87: 142.8 | H87: 41.34 | I87: 0.65 | J87: 0.08 | K87: 36.38 | L87: 18.12 | M87: 55 | N87: 23.8 | O87: 0 | P87: 2.34 | Q87: 42.86
A88: 08-12-2022 20:00 | B88: 79.59 | C88: 75.9 | D88: 105.71 | E88: 3.17 | F88: 0.74 | G88: 154.28 | H88: 43.72 | I88: 0.74 | J88: 0.05 | K88: 245.76 | L88: 18.25 | M88: 54 | N88: 23.8 | O88: 0 | P88: 2.57 | Q88: 43.85
A89: 08-12-2022 20:15 | B89: 88.82 | C89: 73.92 | D89: 112.02 | E89: 4.84 | F89: 0.67 | G89: 154.28 | H89: 43.72 | I89: 0.82 | J89: 0.1 | K89: 327.98 | L89: 18.19 | M89: 54 | N89: 23.8 | O89: 0 | P89: 2.76 | Q89: 45.64
A90: 08-12-2022 20:30 | B90: 102.65 | C90: 73.41 | D90: 122.83 | E90: 5.29 | F90: 0.79 | G90: 154.28 | H90: 43.72 | I90: 1 | J90: 0.18 | K90: 14.01 | L90: 17.68 | M90: 59 | N90: 24.3 | O90: 0 | P90: 3.03 | Q90: 47.09
... A104: 08-12-2022 24:00 | B104: 80.2 | C104: 65.63 | D104: 100.53 | E104: 4.16 | F104: 0.61 | G104: 1.32 | H104: 42.42 | I104: 1.19 | J104: 0.32 | K104: 48.97 | L104: 17.48 | M104: 51 | N104: 23.7 | O104: 0 | P104: 2.84 | Q104: 47.29
A106: Min | B106: =MIN(B9:B104) -> 3.47 | C106: =MIN(C9:C104) -> 3.67 | D106: =MIN(D9:D104) -> 26.51 | E106: =MIN(E9:E104) -> 3.17 | F106: =MIN(F9:F104) -> 0.52 | G106: =MIN(G9:G104) -> 1.32 | H106: =MIN(H9:H104) -> 14.62 | I106: =MIN(I9:I104) -> 0.01 | ... Q106: =MIN(Q9:Q104) -> 23.95
A107: Max | B107: =MAX(B9:B104) -> 125.43 | C107: =MAX(C9:C104) -> 80.81 | D107: =MAX(D9:D104) -> 139.89 | E107: =MAX(E9:E104) -> 35.66 | F107: =MAX(F9:F104) -> 17.32 | G107: =MAX(G9:G104) -> 210.96 | H107: =MAX(H9:H104) -> 47.4 | I107: =MAX(I9:I104) -> 1.47 | ... Q107: =MAX(Q9:Q104) -> 48.47
A108: Avg | B108: =AVERAGE(B9:B104) -> 34.635104 | C108: =AVERAGE(C9:C104) -> 49.157604 | D108: =AVERAGE(D9:D104) -> 54.903229 | E108: =AVERAGE(E9:E104) -> 7.559375 | F108: =AVERAGE(F9:F104) -> 2.2721875 | G108: =AVERAGE(G9:G104) -> 100.92065 | H108: =AVERAGE(H9:H104) -> 38.595161 | I108: =AVERAGE(I9:I104) -> 0.69537313 | ... Q108: =AVERAGE(Q9:Q104) -> 37.534062
A109: Stdev | B109: =STDEV(B9:B104) -> 36.464234 | C109: =STDEV(C9:C104) -> 21.92445 | D109: =STDEV(D9:D104) -> 34.487705 | E109: =STDEV(E9:E104) -> 4.9642969 | F109: =STDEV(F9:F104) -> 3.1296178 | G109: =STDEV(G9:G104) -> 49.269083 | H109: =STDEV(H9:H104) -> 6.0543995 | I109: =STDEV(I9:I104) -> 0.45702373 | ... Q109: =STDEV(Q9:Q104) -> 7.0892768
A110: Num | B110: =COUNT(B9:B104) -> 96 | C110: =COUNT(C9:C104) -> 96 | D110: =COUNT(D9:D104) -> 96 | E110: =COUNT(E9:E104) -> 96 | F110: =COUNT(F9:F104) -> 96 | G110: =COUNT(G9:G104)+7 -> 69 | H110: =COUNT(H9:H104)+7 -> 69 | I110: =COUNT(I9:I104)+29 -> 96 | J110: =COUNT(J9:J104) -> 96 | K110: =COUNT(K9:K104) -> 96 | L110: =COUNT(L9:L104) -> 96 | M110: =COUNT(M9:M104) -> 96 | N110: =COUNT(N9:N104) -> 96 | O110: =COUNT(O9:O104) -> 96 | P110: =COUNT(P9:P104) -> 96 | Q110: =COUNT(Q9:Q104) -> 96
A111: DCR | B111: =IF(B110>=87,">90%",IF(B110<=87,"<90%")) -> >90% | C111: =IF(C110>=87,">90%",IF(C110<=87,"<90%")) -> >90% | D111: =IF(D110>=87,">90%",IF(D110<=87,"<90%")) -> >90% | E111: =IF(E110>=87,">90%",IF(E110<=87,"<90%")) -> >90% | F111: =IF(F110>=87,">90%",IF(F110<=87,"<90%")) -> >90% | G111: =IF(G110>=87,">90%",IF(G110<=87,"<90%")) -> <90% | H111: =IF(H110>=87,">90%",IF(H110<=87,"<90%")) -> <90% | I111: =IF(I110>=87,">90%",IF(I110<=87,"<90%")) -> >90% | ... Q111: =IF(Q110>=87,">90%",IF(Q110<=87,"<90%")) -> >90%
A112: Status | B112: =IF(B110>=87,"OK",IF(B110<=87,"LESS")) -> OK | C112: =IF(C110>=87,"OK",IF(C110<=87,"LESS")) -> OK | D112: =IF(D110>=87,"OK",IF(D110<=87,"LESS")) -> OK | E112: =IF(E110>=87,"OK",IF(E110<=87,"LESS")) -> OK | F112: =IF(F110>=87,"OK",IF(F110<=87,"LESS")) -> OK | G112: =IF(G110>=87,"OK",IF(G110<=87,"LESS")) -> LESS | H112: =IF(H110>=87,"OK",IF(H110<=87,"LESS")) -> LESS | I112: =IF(I110>=87,"OK",IF(I110<=87,"LESS")) -> OK | ... Q112: =IF(Q110>=87,"OK",IF(Q110<=87,"LESS")) -> OK
A115: Done by | B115: RK
A117: Comment

Sheet 09
A1: Station: | B1: BHATAGAON RAIPUR
A2: Date: | B2: =$A$9 -> 09-12-2022 00:15 | D2: Power Off | G2: Pw.Off | L2: Link Fail | N2: Link F | P2: Maintenance | R2: Maint.
A3: Report Type: | B3: Mean | D3: Calibration | G3: Calib. | L3: Data Fail | N3: Data F | P3: Invalid | R3: Invalid
A4: Time Base: | B4: 15 Min | D4: Zero Referrence | G4: Z.Ref | L4: Warm Up | N4: Wm. Up
A7: Date & Time | B7: NO_BHATAGAON | C7: NO2__BHATAGAON | D7: NOX_BHATAGAON | E7: SO2__BHATAGAON | F7: O3__BHATAGAON | G7: PM10__BHATAGAON | H7: PM2_5__BHATAGAON | I7: BENZ__BHATAGAON | J7: WS__BHATAGAON | K7: WD__BHATAGAON | L7: TEMP__BHATAGAON | M7: HUM__BHATAGAON | N7: SR__BHATAGAON | O7: RG__BHATAGAON | P7: CO__BHATAGAON | Q7: NH3__BHATAGAON
B8: ug/m3 | C8: ug/m3 | D8: ug/m3 | E8: ug/m3 | F8: ug/m3 | G8: ug/m3 | H8: ug/m3 | I8: ug/m3 | J8: m/sec | K8: deg | L8: degreC | M8: % | N8: w/m2 | O8: mm | P8: mg/m3 | Q8: ug/m3
A9: 09-12-2022 00:15 | B9: 73.54 | C9: 65.41 | D9: 95.07 | E9: 6.71 | F9: 0.74 | G9: Invalid | H9: 42.42 | I9: 1.1 | J9: 0.22 | K9: 35.57 | L9: 17.34 | M9: 51 | N9: 24.2 | O9: 0 | P9: 2.7 | Q9: 46.6
A10: 09-12-2022 00:30 | B10: 67.34 | C10: 65.26 | D10: 90.02 | E10: 6.53 | F10: 0.99 | G10: Invalid | H10: 42.42 | I10: 1.04 | J10: 0.28 | K10: 41.06 | L10: 17.06 | M10: 53 | N10: 24 | O10: 0 | P10: 2.58 | Q10: 45.99
A11: 09-12-2022 00:45 | B11: 61 | C11: 64.94 | D11: 84.76 | E11: 6.21 | F11: 0.92 | G11: Invalid | H11: 41.05 | I11: 0.98 | J11: 0.32 | K11: 77.15 | L11: 17.16 | M11: 54 | N11: 23.9 | O11: 0 | P11: 2.45 | Q11: 45.1
A12: 09-12-2022 01:00 | B12: 54.93 | C12: 64.91 | D12: 79.87 | E12: 6.31 | F12: 0.86 | G12: 146.86 | H12: 38.89 | I12: 0.92 | J12: 0.32 | K12: 95.67 | L12: 17.11 | M12: 55 | N12: 23.8 | O12: 0 | P12: 2.34 | Q12: 44.36
A13: 09-12-2022 01:15 | B13: 48.64 | C13: 64.48 | D13: 74.59 | E13: 6.26 | F13: 0.69 | G13: 146.86 | H13: 38.89 | I13: 0.87 | J13: 0.24 | K13: 50.63 | L13: 16.84 | M13: 56 | N13: 24.1 | O13: 0 | P13: 2.03 | Q13: 44.03
A14: 09-12-2022 01:30 | B14: 42.74 | C14: 64.15 | D14: 69.68 | E14: 5.65 | F14: 0.6 | G14: 146.86 | H14: 38.89 | I14: 0.81 | J14: 0.28 | K14: 54.88 | L14: 16.69 | M14: 57 | N14: 23.8 | O14: 0 | P14: 2.06 | Q14: 43.22
A15: 09-12-2022 01:45 | B15: 38.06 | C15: 63.67 | D15: 65.66 | E15: 5.87 | F15: 0.7 | G15: 73.43 | H15: 37.18 | I15: 0.77 | J15: 0.41 | K15: 7.29 | L15: 16.55 | M15: 56 | N15: 23.9 | O15: 0 | P15: 1.97 | Q15: 42.37
A16: 09-12-2022 02:00 | B16: 33.78 | C16: 62.76 | D16: 61.72 | E16: 6.08 | F16: 0.82 | G16: Maint. | H16: 34.37 | I16: 0.73 | J16: 0.65 | K16: 8.69 | L16: 16.6 | M16: 55 | N16: 23.4 | O16: 0 | P16: 1.87 | Q16: 42.1
A17: 09-12-2022 02:15 | B17: 27.88 | C17: 62.96 | D17: 57.11 | E17: 7.07 | F17: 0.97 | G17: Maint. | H17: 34.37 | I17: 0.7 | J17: 0.99 | K17: 10.21 | L17: 16.84 | M17: 53 | N17: 23.3 | O17: 0 | P17: 1.76 | Q17: 42.06
A18: 09-12-2022 02:30 | B18: 25.53 | C18: 62.51 | D18: 54.97 | E18: 8.02 | F18: 0.72 | G18: Maint. | H18: 34.37 | I18: 0.67 | J18: 0.9 | K18: 10.71 | L18: 16.67 | M18: 53 | N18: 24 | O18: 0 | P18: 1.66 | Q18: 42.09
A19: 09-12-2022 02:45 | B19: 22.81 | C19: 62.35 | D19: 52.7 | E19: 8.58 | F19: 0.8 | G19: Maint. | H19: 33.29 | I19: 0.65 | J19: 0.39 | K19: 16.42 | L19: 16.34 | M19: 55 | N19: 24.4 | O19: 0 | P19: 1.58 | Q19: 41.53
A20: 09-12-2022 03:00 | B20: 20.64 | C20: 61.85 | D20: 50.69 | E20: 8.15 | F20: 1.04 | G20: Maint. | H20: 31.51 | I20: 0.62 | J20: 1.02 | K20: 9.47 | L20: 16.01 | M20: 57 | N20: 23.8 | O20: 0 | P20: 1.51 | Q20: 40.99
A21: 09-12-2022 03:15 | B21: 18.02 | C21: 60.4 | D21: 47.79 | E21: 7.95 | F21: 1.1 | G21: Maint. | H21: 31.51 | I21: 0.6 | J21: 0.76 | K21: 11.26 | L21: 16.04 | M21: 56 | N21: 24.1 | O21: 0 | P21: 1.42 | Q21: 40.64
A22: 09-12-2022 03:30 | B22: 15.81 | C22: 60.01 | D22: 45.79 | E22: 6.73 | F22: 1.01 | G22: Maint. | H22: 31.51 | I22: 0.58 | J22: 0.33 | K22: 72.81 | L22: 15.76 | M22: 57 | N22: 24.4 | O22: 0 | P22: 1.35 | Q22: 41.1
A23: 09-12-2022 03:45 | B23: 13.85 | C23: 58.96 | D23: 43.64 | E23: 6.29 | F23: 0.82 | G23: Maint. | H23: 30.19 | I23: 0.56 | J23: 0.35 | K23: 47.22 | L23: 15.61 | M23: 58 | N23: 24.3 | O23: 0 | P23: 1.3 | Q23: 40.71
A24: 09-12-2022 04:00 | B24: 12.32 | C24: 57.82 | D24: 41.79 | E24: 2.84 | F24: 0.79 | G24: Maint. | H24: 28.01 | I24: 0.54 | J24: 0.23 | K24: 31.91 | L24: 15.4 | M24: 59 | N24: 24.1 | O24: 0 | P24: 1.24 | Q24: 40.13
A25: 09-12-2022 04:15 | B25: 11.08 | C25: 56.78 | D25: 40.22 | E25: 4.74 | F25: 0.63 | G25: Maint. | H25: 28.01 | I25: 0.53 | J25: 0.36 | K25: 49.9 | L25: 15.31 | M25: 59 | N25: 23.8 | O25: 0 | P25: 1.18 | Q25: 39.8
A26: 09-12-2022 04:30 | B26: 9.71 | C26: 55.74 | D26: 38.55 | E26: 4.88 | F26: 0.88 | G26: Maint. | H26: 28.01 | I26: 0.52 | J26: 0.3 | K26: 43.62 | L26: 15.37 | M26: 59 | N26: 23.9 | O26: 0 | P26: 1.14 | Q26: 39.56
A27: 09-12-2022 04:45 | B27: 8.53 | C27: 54.86 | D27: 37.11 | E27: 4.32 | F27: 0.85 | G27: Maint. | H27: 27.69 | I27: 0.5 | J27: 0.72 | K27: 105.81 | L27: 15.36 | M27: 60 | N27: 23.5 | O27: 0 | P27: 1.09 | Q27: 39.19
... A31: 09-12-2022 05:45 | B31: 6.55 | C31: 51.82 | D31: 33.86 | E31: 4.11 | F31: 0.75 | G31: Invalid | H31: 26.27 | I31: 0.46 | J31: 0.7 | K31: 105.76 | L31: 14.83 | M31: 64 | N31: 23.2 | O31: 0 | P31: 0.99 | Q31: 38.58
A32: 09-12-2022 06:00 | B32: 6.52 | C32: 51.46 | D32: 33.63 | E32: 4.78 | F32: 0.72 | G32: 36.94 | H32: 24.76 | I32: 0.46 | J32: 0.22 | K32: 46.74 | L32: 14.79 | M32: 65 | N32: 24.2 | O32: 0 | P32: 0.97 | Q32: 38.63
A33: 09-12-2022 06:15 | B33: 6.94 | C33: 51.34 | D33: 33.89 | E33: 4.77 | F33: 0.8 | G33: 36.94 | H33: 24.76 | I33: 0.45 | J33: 0.26 | K33: 55.72 | L33: 14.47 | M33: 66 | N33: 24.2 | O33: 0 | P33: 0.96 | Q33: 38.84
A34: 09-12-2022 06:30 | B34: 7.37 | C34: 51.55 | D34: 34.35 | E34: 4.96 | F34: 0.67 | G34: 36.94 | H34: 24.76 | I34: 0.45 | J34: 0.25 | K34: 22.85 | L34: 14.3 | M34: 67 | N34: 25.5 | O34: 0 | P34: 0.94 | Q34: 38.84
A35: 09-12-2022 06:45 | B35: 9.81 | C35: 52.29 | D35: 36.73 | E35: 4.72 | F35: 0.37 | G35: 60.31 | H35: 24.72 | I35: 0.44 | J35: 0.28 | K35: 71.31 | L35: 14.24 | M35: 67 | N35: 29.8 | O35: 0 | P35: 0.96 | Q35: 38.84
A36: 09-12-2022 07:00 | B36: 12.52 | C36: 52.96 | D36: 39.27 | E36: 4.96 | F36: 0.74 | G36: 82.31 | H36: 24.65 | I36: 0.44 | J36: 0.68 | K36: 105.32 | L36: 14.67 | M36: 66 | N36: 38.3 | O36: 0 | P36: 0.95 | Q36: 39.57
A37: 09-12-2022 07:15 | B37: 13.13 | C37: 53.5 | D37: 40.05 | E37: 4.72 | F37: 0.74 | G37: 82.31 | H37: 24.65 | I37: 0.43 | J37: 0.36 | K37: 64.43 | L37: 14.66 | M37: 66 | N37: 50.8 | O37: 0 | P37: 0.95 | Q37: 39.87
A38: 09-12-2022 07:30 | B38: 14.94 | C38: 54.61 | D38: 42.12 | E38: 4.56 | F38: 0.71 | G38: 82.31 | H38: 24.65 | I38: 0.43 | J38: 0.41 | K38: 16.49 | L38: 15.04 | M38: 65 | N38: 67.5 | O38: 0 | P38: 1 | Q38: 39.88
A39: 09-12-2022 07:45 | B39: 16.01 | C39: 55.76 | D39: 43.61 | E39: 4.85 | F39: 0.82 | G39: 90.69 | H39: 25.7 | I39: 0.42 | J39: 0.61 | K39: 12.06 | L39: 16.07 | M39: 60 | N39: 165.5 | O39: 0 | P39: 1 | Q39: 39.62
A40: 09-12-2022 08:00 | B40: 16.82 | C40: 56.78 | D40: 44.82 | E40: 4.08 | F40: 0.7 | G40: 99.06 | H40: 27.43 | I40: 0.41 | J40: 0.54 | K40: 31.92 | L40: 18 | M40: 55 | N40: 208.3 | O40: 0 | P40: 1.01 | Q40: 39.51
A41: 09-12-2022 08:15 | B41: 17.67 | C41: 57.94 | D41: 46.15 | E41: 6.59 | F41: 0.84 | G41: 99.06 | H41: 27.43 | I41: 0.4 | J41: 1.28 | K41: 9.91 | L41: 19.48 | M41: 50 | N41: 249.2 | O41: 0 | P41: 1.04 | Q41: 39.41
A42: 09-12-2022 08:30 | B42: 17.93 | C42: 59.67 | D42: 47.31 | E42: 6.83 | F42: 1.08 | G42: 99.06 | H42: 27.43 | I42: 0.4 | J42: 1.28 | K42: 6.89 | L42: 20.52 | M42: 47 | N42: 295.9 | O42: 0 | P42: 1.05 | Q42: 38.94
A43: 09-12-2022 08:45 | B43: 18.81 | C43: 61.76 | D43: 49.17 | E43: 7.54 | F43: 1.09 | G43: 101.3 | H43: 28.6 | I43: 0.39 | J43: 0.88 | K43: 13.59 | L43: 20.94 | M43: 46 | N43: 311.7 | O43: 0 | P43: 1.05 | Q43: 38
... A51: 09-12-2022 10:45 | B51: 15.25 | C51: 64.38 | D51: 47.76 | E51: 7.17 | F51: 0.97 | G51: 69.62 | H51: 30.13 | I51: 0.39 | J51: 1.1 | K51: 89.37 | L51: 23.93 | M51: 39 | N51: 447.4 | O51: 0 | P51: 1.03 | Q51: 40.01
A52: 09-12-2022 11:00 | B52: 98.05 | C52: Invalid | D52: 93.6 | E52: 10.26 | F52: 5.35 | G52: 69.84 | H52: 28.7 | I52: 0.39 | J52: 0.82 | K52: 48.33 | L52: 25.6 | M52: 36 | N52: 459.7 | O52: 0 | P52: 1.02 | Q52: 38.36
A53: 09-12-2022 11:15 | B53: 160.23 | C53: Invalid | D53: 148.75 | E53: 7.78 | F53: 4.68 | G53: 69.84 | H53: 28.7 | I53: 0.36 | J53: 1.28 | K53: 98.05 | L53: 24.64 | M53: 37 | N53: 470.2 | O53: 0 | P53: 1 | Q53: 37.33
A54: 09-12-2022 11:30 | B54: 78.78 | C54: 44.89 | D54: 109.82 | E54: 9.07 | F54: 6.18 | G54: 69.84 | H54: 28.7 | I54: 0.33 | J54: 1.58 | K54: 105.91 | L54: 24.42 | M54: 37 | N54: 467.8 | O54: 0 | P54: 0.94 | Q54: 36.59
A55: 09-12-2022 11:45 | B55: 1.96 | C55: 65.12 | D55: 37.5 | E55: 7.81 | F55: 6.14 | G55: 66.93 | H55: 29.8 | I55: 0.31 | J55: 1.57 | K55: 108.14 | L55: 24.43 | M55: 37 | N55: 466.9 | O55: 0 | P55: 0.87 | Q55: 35.17
A56: 09-12-2022 12:00 | B56: 2.05 | C56: 63.6 | D56: 36.74 | E56: 4.3 | F56: 5.9 | G56: 64.02 | H56: 31.52 | I56: 0.28 | J56: 0.83 | K56: 87.87 | L56: 25.38 | M56: 34 | N56: 403.9 | O56: 0 | P56: 0.84 | Q56: 34.38
A57: 09-12-2022 12:15 | B57: 2.32 | C57: 63.52 | D57: 36.92 | E57: 8.54 | F57: 8.23 | G57: 64.02 | H57: 31.52 | I57: 0.25 | J57: 1.27 | K57: 103.89 | L57: 25.61 | M57: 33 | N57: 482.3 | O57: 0 | P57: 0.85 | Q57: 33.19
A58: 09-12-2022 12:30 | B58: 1.95 | C58: 61.47 | D58: 35.48 | E58: 10.35 | F58: 7.9 | G58: 64.02 | H58: 31.52 | I58: 0.24 | J58: 0.92 | K58: 100.74 | L58: 25.42 | M58: 34 | N58: 424.8 | O58: 0 | P58: 0.82 | Q58: 30.95
A59: 09-12-2022 12:45 | B59: 2.18 | C59: 61.21 | D59: 35.53 | E59: 16.25 | F59: 6.2 | G59: 56.27 | H59: 31.87 | I59: 0.22 | J59: 1.14 | K59: 112.27 | L59: 25.56 | M59: 33 | N59: 301.5 | O59: 0 | P59: 0.81 | Q59: 30.39
A60: 09-12-2022 13:00 | B60: 4.61 | C60: 62.33 | D60: 38.09 | E60: 16.65 | F60: 6.46 | G60: 31.47 | H60: 32.41 | I60: 0.2 | J60: 0.99 | K60: 104.49 | L60: 25.19 | M60: 34 | N60: 349.5 | O60: 0 | P60: 0.79 | Q60: 29.84
A61: 09-12-2022 13:15 | B61: 3.02 | C61: 66.92 | D61: 39.36 | E61: 15.33 | F61: 5.8 | G61: 31.47 | H61: 32.41 | I61: 0.2 | J61: 0.85 | K61: 84.13 | L61: 26.2 | M61: 32 | N61: 438.5 | O61: 0 | P61: 0.74 | Q61: 29.78
A62: 09-12-2022 13:30 | B62: 2.45 | C62: 68.06 | D62: 39.52 | E62: 9.56 | F62: 3.27 | G62: 31.47 | H62: 32.41 | I62: 0.19 | J62: 1.63 | K62: 128.55 | L62: 26.02 | M62: 33 | N62: 387.6 | O62: 0 | P62: 0.76 | Q62: 30.48
A63: 09-12-2022 13:45 | B63: 2.34 | C63: 65.52 | D63: 38.04 | E63: 12.11 | F63: 5.3 | G63: 34.04 | H63: 31.96 | I63: 0.19 | J63: 1.45 | K63: 129.77 | L63: 25.41 | M63: 34 | N63: 260.3 | O63: 0 | P63: 0.73 | Q63: 31.01
A64: 09-12-2022 14:00 | B64: 1.97 | C64: 62.57 | D64: 36.11 | E64: 11.17 | F64: 7.65 | G64: 36.46 | H64: 31.27 | I64: 0.2 | J64: 1.03 | K64: 112.86 | L64: 25.37 | M64: 34 | N64: 247.3 | O64: 0 | P64: 0.72 | Q64: 30.39
A65: 09-12-2022 14:15 | B65: 3.24 | C65: 63.69 | D65: 37.75 | E65: 12.12 | F65: 9.66 | G65: 36.46 | H65: 31.27 | I65: 0.19 | J65: 0.62 | K65: 34.64 | L65: 27.06 | M65: 31 | N65: 286.5 | O65: 0 | P65: 0.77 | Q65: 30.96
... A104: 09-12-2022 24:00 | B104: 44.15 | C104: 108.14 | D104: 95.09 | E104: 2.49 | F104: 0.5 | G104: 118 | H104: 41.45 | I104: 1 | J104: 0.17 | K104: 43.64 | L104: 19.24 | M104: 54 | N104: 24.6 | O104: 0 | P104: 2.76 | Q104: 45.17
A106: Min | B106: =MIN(B9:B104) -> 1.95 | C106: =MIN(C9:C104) -> 44.89 | D106: =MIN(D9:D104) -> 33.63 | E106: =MIN(E9:E104) -> 2.49 | F106: =MIN(F9:F104) -> 0.37 | G106: =MIN(G9:G104) -> 31.47 | H106: =MIN(H9:H104) -> 24.27 | I106: =MIN(I9:I104) -> 0.18 | ... Q106: =MIN(Q9:Q104) -> 29.78
A107: Max | B107: =MAX(B9:B104) -> 160.23 | C107: =MAX(C9:C104) -> 116.52 | D107: =MAX(D9:D104) -> 148.75 | E107: =MAX(E9:E104) -> 16.65 | F107: =MAX(F9:F104) -> 9.66 | G107: =MAX(G9:G104) -> 207.25 | H107: =MAX(H9:H104) -> 45.41 | I107: =MAX(I9:I104) -> 1.1 | ... Q107: =MAX(Q9:Q104) -> 47.45
A108: Avg | B108: =AVERAGE(B9:B104) -> 24.577813 | C108: =AVERAGE(C9:C104) -> 73.444468 | D108: =AVERAGE(D9:D104) -> 59.9925 | E108: =AVERAGE(E9:E104) -> 6.4182292 | F108: =AVERAGE(F9:F104) -> 2.0576042 | G108: =AVERAGE(G9:G104) -> 87.527273 | H108: =AVERAGE(H9:H104) -> 31.781771 | I108: =AVERAGE(I9:I104) -> 0.51770833 | ... Q108: =AVERAGE(Q9:Q104) -> 39.158125
A109: Stdev | B109: =STDEV(B9:B104) -> 25.771909 | C109: =STDEV(C9:C104) -> 21.442288 | D109: =STDEV(D9:D104) -> 27.117497 | E109: =STDEV(E9:E104) -> 2.5797515 | F109: =STDEV(F9:F104) -> 2.2997303 | G109: =STDEV(G9:G104) -> 45.561601 | H109: =STDEV(H9:H104) -> 6.213735 | I109: =STDEV(I9:I104) -> 0.28574733 | ... Q109: =STDEV(Q9:Q104) -> 4.8936669
A110: Num | B110: =COUNT(B9:B104) -> 96 | C110: =COUNT(C9:C104) -> 94 | D110: =COUNT(D9:D104) -> 96 | E110: =COUNT(E9:E104) -> 96 | F110: =COUNT(F9:F104) -> 96 | G110: =COUNT(G9:G104)+15 -> 92 | H110: =COUNT(H9:H104) -> 96 | I110: =COUNT(I9:I104) -> 96 | J110: =COUNT(J9:J104) -> 96 | K110: =COUNT(K9:K104) -> 96 | L110: =COUNT(L9:L104) -> 96 | M110: =COUNT(M9:M104) -> 96 | N110: =COUNT(N9:N104) -> 96 | O110: =COUNT(O9:O104) -> 96 | ... Q110: =COUNT(Q9:Q104) -> 96
A111: DCR | B111: =IF(B110>=87,">90%",IF(B110<=87,"<90%")) -> >90% | C111: =IF(C110>=87,">90%",IF(C110<=87,"<90%")) -> >90% | D111: =IF(D110>=87,">90%",IF(D110<=87,"<90%")) -> >90% | E111: =IF(E110>=87,">90%",IF(E110<=87,"<90%")) -> >90% | F111: =IF(F110>=87,">90%",IF(F110<=87,"<90%")) -> >90% | G111: =IF(G110>=87,">90%",IF(G110<=87,"<90%")) -> >90% | H111: =IF(H110>=87,">90%",IF(H110<=87,"<90%")) -> >90% | I111: =IF(I110>=87,">90%",IF(I110<=87,"<90%")) -> >90% | ... Q111: =IF(Q110>=87,">90%",IF(Q110<=87,"<90%")) -> >90%
A112: Status | B112: =IF(B110>=87,"OK",IF(B110<=87,"LESS")) -> OK | C112: =IF(C110>=87,"OK",IF(C110<=87,"LESS")) -> OK | D112: =IF(D110>=87,"OK",IF(D110<=87,"LESS")) -> OK | E112: =IF(E110>=87,"OK",IF(E110<=87,"LESS")) -> OK | F112: =IF(F110>=87,"OK",IF(F110<=87,"LESS")) -> OK | G112: =IF(G110>=87,"OK",IF(G110<=87,"LESS")) -> OK | H112: =IF(H110>=87,"OK",IF(H110<=87,"LESS")) -> OK | I112: =IF(I110>=87,"OK",IF(I110<=87,"LESS")) -> OK | ... Q112: =IF(Q110>=87,"OK",IF(Q110<=87,"LESS")) -> OK
A115: Done by | B115: RK
A117: Comment

Sheet 10
A1: Station: | B1: BHATAGAON RAIPUR
A2: Date: | B2: =$A$9 -> 10-12-2022 00:15 | D2: Power Off | G2: Pw.Off | L2: Link Fail | N2: Link F | P2: Maintenance | R2: Maint.
A3: Report Type: | B3: Mean | D3: Calibration | G3: Calib. | L3: Data Fail | N3: Data F | P3: Invalid | R3: Invalid
A4: Time Base: | B4: 15 Min | D4: Zero Referrence | G4: Z.Ref | L4: Warm Up | N4: Wm. Up
A7: Date & Time | B7: NO_BHATAGAON | C7: NO2__BHATAGAON | D7: NOX_BHATAGAON | E7: SO2__BHATAGAON | F7: O3__BHATAGAON | G7: PM10__BHATAGAON | H7: PM2_5__BHATAGAON | I7: BENZ__BHATAGAON | J7: WS__BHATAGAON | K7: WD__BHATAGAON | L7: TEMP__BHATAGAON | M7: HUM__BHATAGAON | N7: SR__BHATAGAON | O7: RG__BHATAGAON | P7: CO__BHATAGAON | Q7: NH3__BHATAGAON
B8: ug/m3 | C8: ug/m3 | D8: ug/m3 | E8: ug/m3 | F8: ug/m3 | G8: ug/m3 | H8: ug/m3 | I8: ug/m3 | J8: m/sec | K8: deg | L8: degreC | M8: % | N8: w/m2 | O8: mm | P8: mg/m3 | Q8: ug/m3
A9: 10-12-2022 00:15 | B9: 41.06 | C9: 105.12 | D9: 90.94 | E9: 4.16 | F9: 0.55 | G9: 118 | H9: 41.45 | I9: 1 | J9: 0.23 | K9: 4.13 | L9: 18.78 | M9: 60 | N9: 24.7 | O9: 0 | P9: 2.68 | Q9: 45.03
A10: 10-12-2022 00:30 | B10: 37.87 | C10: 101.82 | D10: 86.56 | E10: 4.72 | F10: 0.75 | G10: 118 | H10: 41.45 | I10: 0.99 | J10: 0.24 | K10: 54.29 | L10: 19.02 | M10: 53 | N10: 24.1 | O10: 0 | P10: 2.61 | Q10: 45.01
A11: 10-12-2022 00:45 | B11: 34.1 | C11: 98.73 | D11: 81.83 | E11: 4.35 | F11: 0.75 | G11: 108.51 | H11: 40.98 | I11: 0.98 | J11: 0.22 | K11: 120.48 | L11: 19.1 | M11: 53 | N11: 24.3 | O11: 0 | P11: 2.51 | Q11: 44.8
A12: 10-12-2022 01:00 | B12: 30.35 | C12: 95.77 | D12: 77.19 | E12: 4.07 | F12: 0.8 | G12: 74.78 | H12: 40.25 | I12: 0.95 | J12: 0.18 | K12: 49.27 | L12: 19.08 | M12: 54 | N12: 24.6 | O12: 0 | P12: 2.39 | Q12: 45.03
A13: 10-12-2022 01:15 | B13: 26.15 | C13: 93.72 | D13: 72.69 | E13: 4.26 | F13: 0.64 | G13: 74.78 | H13: 40.25 | I13: 0.92 | J13: 0.19 | K13: 44.2 | L13: 19.03 | M13: 53 | N13: 24.5 | O13: 0 | P13: 2.11 | Q13: 44.76
A14: 10-12-2022 01:30 | B14: 21.92 | C14: 91.32 | D14: 67.97 | E14: 4.09 | F14: 0.76 | G14: 74.78 | H14: 40.25 | I14: 0.88 | J14: 0.11 | K14: 85.45 | L14: 19.09 | M14: 52 | N14: 24.6 | O14: 0 | P14: 2.12 | Q14: 44.3
A15: 10-12-2022 01:45 | B15: 18.06 | C15: 89.04 | D15: 63.62 | E15: 3.98 | F15: 0.87 | G15: 65.11 | H15: 39.22 | I15: 0.82 | J15: 0.19 | K15: 63.17 | L15: 19.17 | M15: 53 | N15: 24.5 | O15: 0 | P15: 2.02 | Q15: 43.75
A16: 10-12-2022 02:00 | B16: 14.87 | C16: 86.43 | D16: 59.63 | E16: 3.68 | F16: 1.16 | G16: 55.45 | H16: 37.61 | I16: 0.77 | J16: 0.1 | K16: 25.47 | L16: 19.04 | M16: 53 | N16: 24.6 | O16: 0 | P16: 1.91 | Q16: 43.08
A17: 10-12-2022 02:15 | B17: 12.15 | C17: 83.87 | D17: 56.03 | E17: 4.07 | F17: 1.12 | G17: 55.45 | H17: 37.61 | I17: 0.73 | J17: 0.06 | K17: 3.88 | L17: 19 | M17: 54 | N17: 24.6 | O17: 0 | P17: 1.81 | Q17: 42.69
A18: 10-12-2022 02:30 | B18: 10.36 | C18: 81.57 | D18: 53.32 | E18: 3.69 | F18: 0.93 | G18: 55.45 | H18: 37.61 | I18: 0.69 | J18: 0.11 | K18: 51.53 | L18: 18.64 | M18: 58 | N18: 24.9 | O18: 0 | P18: 1.73 | Q18: 42.13
A19: 10-12-2022 02:45 | B19: 9.36 | C19: 79.59 | D19: 51.43 | E19: 3.87 | F19: 0.84 | G19: 58.8 | H19: 36.14 | I19: 0.65 | J19: 0.09 | K19: 12.88 | L19: 18.84 | M19: 54 | N19: 24.7 | O19: 0 | P19: 1.66 | Q19: 41.35
A20: 10-12-2022 03:00 | B20: 8.45 | C20: 77.36 | D20: 49.47 | E20: 3.72 | F20: 0.72 | G20: 62.15 | H20: 33.73 | I20: 0.63 | J20: 0.08 | K20: 294.3 | L20: 18.47 | M20: 56 | N20: 25 | O20: 0 | P20: 1.59 | Q20: 41.08
... A104: 10-12-2022 24:00 | B104: 6.51 | C104: 76.57 | D104: 47.48 | E104: 3.67 | F104: 0.76 | G104: 78.16 | H104: 30.73 | I104: 0.48 | J104: 0.95 | K104: 111.41 | L104: 20.99 | M104: 53 | N104: 24.7 | O104: 0 | P104: 1.55 | Q104: 43.17
A106: Min | B106: =MIN(B9:B104) -> 2.31 | C106: =MIN(C9:C104) -> 61.15 | D106: =MIN(D9:D104) -> 35.6 | E106: =MIN(E9:E104) -> 2.11 | F106: =MIN(F9:F104) -> 0.45 | G106: =MIN(G9:G104) -> 33.99 | H106: =MIN(H9:H104) -> 25.73 | I106: =MIN(I9:I104) -> 0.34 | ... Q106: =MIN(Q9:Q104) -> 39.16
A107: Max | B107: =MAX(B9:B104) -> 41.06 | C107: =MAX(C9:C104) -> 105.12 | D107: =MAX(D9:D104) -> 90.94 | E107: =MAX(E9:E104) -> 8.1 | F107: =MAX(F9:F104) -> 3.91 | G107: =MAX(G9:G104) -> 118.07 | H107: =MAX(H9:H104) -> 41.45 | I107: =MAX(I9:I104) -> 1 | ... Q107: =MAX(Q9:Q104) -> 45.57
A108: Avg | B108: =AVERAGE(B9:B104) -> 10.414896 | C108: =AVERAGE(C9:C104) -> 76.984896 | D108: =AVERAGE(D9:D104) -> 50.837917 | E108: =AVERAGE(E9:E104) -> 5.2827083 | F108: =AVERAGE(F9:F104) -> 1.4239583 | G108: =AVERAGE(G9:G104) -> 78.520625 | H108: =AVERAGE(H9:H104) -> 33.058438 | I108: =AVERAGE(I9:I104) -> 0.49489583 | ... Q108: =AVERAGE(Q9:Q104) -> 42.013854
A109: Stdev | B109: =STDEV(B9:B104) -> 7.0105696 | C109: =STDEV(C9:C104) -> 8.9682233 | D109: =STDEV(D9:D104) -> 10.053814 | E109: =STDEV(E9:E104) -> 1.2352238 | F109: =STDEV(F9:F104) -> 0.91599986 | G109: =STDEV(G9:G104) -> 20.515797 | H109: =STDEV(H9:H104) -> 3.550212 | I109: =STDEV(I9:I104) -> 0.15091297 | ... Q109: =STDEV(Q9:Q104) -> 1.7534858
A110: Num | B110: =COUNT(B9:B104) -> 96 | C110: =COUNT(C9:C104) -> 96 | D110: =COUNT(D9:D104) -> 96 | E110: =COUNT(E9:E104) -> 96 | F110: =COUNT(F9:F104) -> 96 | G110: =COUNT(G9:G104) -> 96 | H110: =COUNT(H9:H104) -> 96 | I110: =COUNT(I9:I104) -> 96 | ... Q110: =COUNT(Q9:Q104) -> 96
A111: DCR | B111: =IF(B110>=87,">90%",IF(B110<=87,"<90%")) -> >90% | C111: =IF(C110>=87,">90%",IF(C110<=87,"<90%")) -> >90% | D111: =IF(D110>=87,">90%",IF(D110<=87,"<90%")) -> >90% | E111: =IF(E110>=87,">90%",IF(E110<=87,"<90%")) -> >90% | F111: =IF(F110>=87,">90%",IF(F110<=87,"<90%")) -> >90% | G111: =IF(G110>=87,">90%",IF(G110<=87,"<90%")) -> >90% | H111: =IF(H110>=87,">90%",IF(H110<=87,"<90%")) -> >90% | I111: =IF(I110>=87,">90%",IF(I110<=87,"<90%")) -> >90% | ... Q111: =IF(Q110>=87,">90%",IF(Q110<=87,"<90%")) -> >90%
A112: Status | B112: =IF(B110>=87,"OK",IF(B110<=87,"LESS")) -> OK | C112: =IF(C110>=87,"OK",IF(C110<=87,"LESS")) -> OK | D112: =IF(D110>=87,"OK",IF(D110<=87,"LESS")) -> OK | E112: =IF(E110>=87,"OK",IF(E110<=87,"LESS")) -> OK | F112: =IF(F110>=87,"OK",IF(F110<=87,"LESS")) -> OK | G112: =IF(G110>=87,"OK",IF(G110<=87,"LESS")) -> OK | H112: =IF(H110>=87,"OK",IF(H110<=87,"LESS")) -> OK | I112: =IF(I110>=87,"OK",IF(I110<=87,"LESS")) -> OK | ... Q112: =IF(Q110>=87,"OK",IF(Q110<=87,"LESS")) -> OK
A115: Done by | B115: RK
A117: Comment

Sheet 11
A1: Station: | B1: BHATAGAON RAIPUR
A2: Date: | B2: =$A$9 -> 11-12-2022 00:15 | D2: Power Off | G2: Pw.Off | L2: Link Fail | N2: Link F | P2: Maintenance | R2: Maint.
A3: Report Type: | B3: Mean | D3: Calibration | G3: Calib. | L3: Data Fail | N3: Data F | P3: Invalid | R3: Invalid
A4: Time Base: | B4: 15 Min | D4: Zero Referrence | G4: Z.Ref | L4: Warm Up | N4: Wm. Up
A7: Date & Time | B7: NO_BHATAGAON | C7: NO2__BHATAGAON | D7: NOX_BHATAGAON | E7: SO2__BHATAGAON | F7: O3__BHATAGAON | G7: PM10__BHATAGAON | H7: PM2_5__BHATAGAON | I7: BENZ__BHATAGAON | J7: WS__BHATAGAON | K7: WD__BHATAGAON | L7: TEMP__BHATAGAON | M7: HUM__BHATAGAON | N7: SR__BHATAGAON | O7: RG__BHATAGAON | P7: CO__BHATAGAON | Q7: NH3__BHATAGAON
B8: ug/m3 | C8: ug/m3 | D8: ug/m3 | E8: ug/m3 | F8: ug/m3 | G8: ug/m3 | H8: ug/m3 | I8: ug/m3 | J8: m/sec | K8: deg | L8: degreC | M8: % | N8: w/m2 | O8: mm | P8: mg/m3 | Q8: ug/m3
A9: 11-12-2022 00:15 | B9: 6.01 | C9: 74.75 | D9: 46.08 | E9: 6.23 | F9: 1.05 | G9: 78.16 | H9: 30.73 | I9: 0.46 | J9: 0.96 | K9: 95.26 | L9: 21.15 | M9: 51 | N9: 24.7 | O9: 0 | P9: 1.51 | Q9: 42.56
A10: 11-12-2022 00:30 | B10: 5.72 | C10: 73 | D10: 44.88 | E10: 6.43 | F10: 1.04 | G10: 78.16 | H10: 30.73 | I10: 0.45 | J10: 0.35 | K10: 118.68 | L10: 21.06 | M10: 51 | N10: 25 | O10: 0 | P10: 1.47 | Q10: 42.45
A11: 11-12-2022 00:45 | B11: 5.52 | C11: 71.56 | D11: 43.92 | E11: 6.5 | F11: 0.89 | G11: 76.26 | H11: 31.28 | I11: 0.45 | J11: 0.28 | K11: 149.03 | L11: 20.91 | M11: 51 | N11: 25 | O11: 0 | P11: 1.44 | Q11: 42.49
A12: 11-12-2022 01:00 | B12: 5.41 | C12: 70.17 | D12: 43.06 | E12: 6.13 | F12: 0.64 | G12: 69.52 | H12: 32.14 | I12: 0.45 | J12: 0.2 | K12: 187.1 | L12: 20.78 | M12: 52 | N12: 25 | O12: 0 | P12: 1.4 | Q12: 42.4
A13: 11-12-2022 01:15 | B13: 5.36 | C13: 69.02 | D13: 42.39 | E13: 6.69 | F13: 0.68 | G13: 69.52 | H13: 32.14 | I13: 0.45 | J13: 0.08 | K13: 168.49 | L13: 20.73 | M13: 52 | N13: 25 | O13: 0 | P13: 1.32 | Q13: 42.59
A14: 11-12-2022 01:30 | B14: 5.33 | C14: 68.1 | D14: 41.86 | E14: 6.87 | F14: 0.7 | G14: 69.52 | H14: 32.14 | I14: 0.45 | J14: 0.13 | K14: 315.4 | L14: 20.58 | M14: 54 | N14: 25.2 | O14: 0 | P14: 1.34 | Q14: 42.85
A15: 11-12-2022 01:45 | B15: 5.46 | C15: 67.48 | D15: 41.62 | E15: 6.41 | F15: 0.66 | G15: 61.68 | H15: 30.97 | I15: 0.46 | J15: 0.03 | K15: 0.55 | L15: 20.16 | M15: 57 | N15: 25.3 | O15: 0 | P15: 1.31 | Q15: 43.02
A16: 11-12-2022 02:00 | B16: 5.71 | C16: 66.98 | D16: 41.54 | E16: 6.76 | F16: 0.51 | G16: 53.84 | H16: 29.13 | I16: 0.46 | J16: 0.15 | K16: 14.91 | L16: 20.05 | M16: 58 | N16: 25 | O16: 0 | P16: 1.27 | Q16: 43.65
A17: 11-12-2022 02:15 | B17: 6.02 | C17: 66.7 | D17: 41.64 | E17: 6.36 | F17: 0.63 | G17: 53.84 | H17: 29.13 | I17: 0.47 | J17: 0.13 | K17: 27.38 | L17: 20.12 | M17: 57 | N17: 24.9 | O17: 0 | P17: 1.24 | Q17: 43.87
A18: 11-12-2022 02:30 | B18: 6.12 | C18: 66.4 | D18: 41.55 | E18: 6.25 | F18: 0.65 | G18: 53.84 | H18: 29.13 | I18: 0.47 | J18: 0.2 | K18: 35.14 | L18: 20.34 | M18: 55 | N18: 24.8 | O18: 0 | P18: 1.21 | Q18: 43.51
A19: 11-12-2022 02:45 | B19: 5.84 | C19: 65.74 | D19: 40.97 | E19: 5.99 | F19: 0.57 | G19: 56.97 | H19: 29.16 | I19: 0.45 | J19: 0.23 | K19: 357.05 | L19: 20.33 | M19: 56 | N19: 25 | O19: 0 | P19: 1.18 | Q19: 42.95
A20: 11-12-2022 03:00 | B20: 5.48 | C20: 65.32 | D20: 40.45 | E20: 6.14 | F20: 0.74 | G20: 60.09 | H20: 29.22 | I20: 0.44 | J20: 0.21 | K20: 74.44 | L20: 20.3 | M20: 55 | N20: 24.9 | O20: 0 | P20: 1.15 | Q20: 42.54
... A104: 11-12-2022 24:00 | B104: 32.85 | C104: 87.01 | D104: 74.36 | E104: 2.83 | F104: 0.41 | G104: 75.16 | H104: 31.34 | I104: 0.66 | J104: 0.27 | K104: 23.93 | L104: 22.67 | M104: 55 | N104: 24.9 | O104: 0 | P104: 1.96 | Q104: 49.6
A106: Min | B106: =MIN(B9:B104) -> 3.25 | C106: =MIN(C9:C104) -> 63.27 | D106: =MIN(D9:D104) -> 39.37 | E106: =MIN(E9:E104) -> 2.68 | F106: =MIN(F9:F104) -> 0.37 | G106: =MIN(G9:G104) -> 47.78 | H106: =MIN(H9:H104) -> 29.13 | I106: =MIN(I9:I104) -> 0.39 | ... Q106: =MIN(Q9:Q104) -> 41.17
A107: Max | B107: =MAX(B9:B104) -> 33.84 | C107: =MAX(C9:C104) -> 99.52 | D107: =MAX(D9:D104) -> 75.55 | E107: =MAX(E9:E104) -> 11.92 | F107: =MAX(F9:F104) -> 6.02 | G107: =MAX(G9:G104) -> 156.43 | H107: =MAX(H9:H104) -> 46.83 | I107: =MAX(I9:I104) -> 0.68 | ... Q107: =MAX(Q9:Q104) -> 50.49
A108: Avg | B108: =AVERAGE(B9:B104) -> 12.48 | C108: =AVERAGE(C9:C104) -> 81.456354 | D108: =AVERAGE(D9:D104) -> 54.962708 | E108: =AVERAGE(E9:E104) -> 6.2544792 | F108: =AVERAGE(F9:F104) -> 1.305625 | G108: =AVERAGE(G9:G104) -> 87.790313 | H108: =AVERAGE(H9:H104) -> 36.777187 | I108: =AVERAGE(I9:I104) -> 0.46864583 | ... Q108: =AVERAGE(Q9:Q104) -> 43.720729
A109: Stdev | B109: =STDEV(B9:B104) -> 9.2257799 | C109: =STDEV(C9:C104) -> 11.655086 | D109: =STDEV(D9:D104) -> 10.344579 | E109: =STDEV(E9:E104) -> 1.5756675 | F109: =STDEV(F9:F104) -> 1.193004 | G109: =STDEV(G9:G104) -> 25.32869 | H109: =STDEV(H9:H104) -> 6.0112074 | I109: =STDEV(I9:I104) -> 0.08152003 | ... Q109: =STDEV(Q9:Q104) -> 2.1257302
A110: Num | B110: =COUNT(B9:B104) -> 96 | C110: =COUNT(C9:C104) -> 96 | D110: =COUNT(D9:D104) -> 96 | E110: =COUNT(E9:E104) -> 96 | F110: =COUNT(F9:F104) -> 96 | G110: =COUNT(G9:G104) -> 96 | H110: =COUNT(H9:H104) -> 96 | I110: =COUNT(I9:I104) -> 96 | ... Q110: =COUNT(Q9:Q104) -> 96
A111: DCR | B111: =IF(B110>=87,">90%",IF(B110<=87,"<90%")) -> >90% | C111: =IF(C110>=87,">90%",IF(C110<=87,"<90%")) -> >90% | D111: =IF(D110>=87,">90%",IF(D110<=87,"<90%")) -> >90% | E111: =IF(E110>=87,">90%",IF(E110<=87,"<90%")) -> >90% | F111: =IF(F110>=87,">90%",IF(F110<=87,"<90%")) -> >90% | G111: =IF(G110>=87,">90%",IF(G110<=87,"<90%")) -> >90% | H111: =IF(H110>=87,">90%",IF(H110<=87,"<90%")) -> >90% | I111: =IF(I110>=87,">90%",IF(I110<=87,"<90%")) -> >90% | ... Q111: =IF(Q110>=87,">90%",IF(Q110<=87,"<90%")) -> >90%
A112: Status | B112: =IF(B110>=87,"OK",IF(B110<=87,"LESS")) -> OK | C112: =IF(C110>=87,"OK",IF(C110<=87,"LESS")) -> OK | D112: =IF(D110>=87,"OK",IF(D110<=87,"LESS")) -> OK | E112: =IF(E110>=87,"OK",IF(E110<=87,"LESS")) -> OK | F112: =IF(F110>=87,"OK",IF(F110<=87,"LESS")) -> OK | G112: =IF(G110>=87,"OK",IF(G110<=87,"LESS")) -> OK | H112: =IF(H110>=87,"OK",IF(H110<=87,"LESS")) -> OK | I112: =IF(I110>=87,"OK",IF(I110<=87,"LESS")) -> OK | ... Q112: =IF(Q110>=87,"OK",IF(Q110<=87,"LESS")) -> OK
A115: Done by | B115: RK
A117: Comment

Sheet 12
A1: Station: | B1: BHATAGAON RAIPUR
A2: Date: | B2: =$A$9 -> 12-12-2022 00:15 | D2: Power Off | G2: Pw.Off | L2: Link Fail | N2: Link F | P2: Maintenance | R2: Maint.
A3: Report Type: | B3: Mean | D3: Calibration | G3: Calib. | L3: Data Fail | N3: Data F | P3: Invalid | R3: Invalid
A4: Time Base: | B4: 15 Min | D4: Zero Referrence | G4: Z.Ref | L4: Warm Up | N4: Wm. Up
A7: Date & Time | B7: NO_BHATAGAON | C7: NO2__BHATAGAON | D7: NOX_BHATAGAON | E7: SO2__BHATAGAON | F7: O3__BHATAGAON | G7: PM10__BHATAGAON | H7: PM2_5__BHATAGAON | I7: BENZ__BHATAGAON | J7: WS__BHATAGAON | K7: WD__BHATAGAON | L7: TEMP__BHATAGAON | M7: HUM__BHATAGAON | N7: SR__BHATAGAON | O7: RG__BHATAGAON | P7: CO__BHATAGAON | Q7: NH3__BHATAGAON
B8: ug/m3 | C8: ug/m3 | D8: ug/m3 | E8: ug/m3 | F8: ug/m3 | G8: ug/m3 | H8: ug/m3 | I8: ug/m3 | J8: m/sec | K8: deg | L8: degreC | M8: % | N8: w/m2 | O8: mm | P8: mg/m3 | Q8: ug/m3
A9: 12-12-2022 00:15 | B9: 31.35 | C9: 86.16 | D9: 72.69 | E9: 5.25 | F9: 0.38 | G9: 75.16 | H9: 31.34 | I9: 0.63 | J9: 0.27 | K9: 65.08 | L9: 22.31 | M9: 56 | N9: 24.9 | O9: 0 | P9: 1.88 | Q9: 49.14
A10: 12-12-2022 00:30 | B10: 29.57 | C10: 85.61 | D10: 70.96 | E10: 5.3 | F10: 0.39 | G10: 75.16 | H10: 31.34 | I10: 0.61 | J10: 0.18 | K10: 79.38 | L10: 22.07 | M10: 57 | N10: 24.7 | O10: 0 | P10: 1.8 | Q10: 48.52
A11: 12-12-2022 00:45 | B11: 27.8 | C11: 84.83 | D11: 69.11 | E11: 5.68 | F11: 0.42 | G11: 76.1 | H11: 31.05 | I11: 0.58 | J11: 0.21 | K11: 349.3 | L11: 21.85 | M11: 59 | N11: 24.8 | O11: 0 | P11: 1.74 | Q11: 47.97
A12: 12-12-2022 01:00 | B12: 26.49 | C12: 83.98 | D12: 67.59 | E12: 5.9 | F12: 0.5 | G12: 79.11 | H12: 30.6 | I12: 0.56 | J12: 0.09 | K12: 333.58 | L12: 21.3 | M12: 61 | N12: 24.9 | O12: 0 | P12: 1.68 | Q12: 46.96
A13: 12-12-2022 01:15 | B13: 25.52 | C13: 82.84 | D13: 66.18 | E13: 5.31 | F13: 0.44 | G13: 79.11 | H13: 30.6 | I13: 0.53 | J13: 0.06 | K13: 231.52 | L13: 21 | M13: 63 | N13: 24.8 | O13: 0 | P13: 1.58 | Q13: 46.56
A14: 12-12-2022 01:30 | B14: 25.12 | C14: 81.95 | D14: 65.37 | E14: 5.35 | F14: 0.47 | G14: 79.11 | H14: 30.6 | I14: 0.52 | J14: 0.08 | K14: 313.71 | L14: 20.61 | M14: 67 | N14: 25 | O14: 0 | P14: 1.6 | Q14: 46.49
A15: 12-12-2022 01:45 | B15: 24.99 | C15: 80.99 | D15: 64.74 | E15: 5.26 | F15: 0.52 | G15: 71.45 | H15: 30.03 | I15: 0.52 | J15: 0.12 | K15: 0.93 | L15: 20.2 | M15: 69 | N15: 24.7 | O15: 0 | P15: 1.58 | Q15: 46.63
A16: 12-12-2022 02:00 | B16: 25 | C16: 79.93 | D16: 64.16 | E16: 5.08 | F16: 0.58 | G16: 63.78 | H16: 29.09 | I16: 0.52 | J16: 0.06 | K16: 76.33 | L16: 20.53 | M16: 66 | N16: 24.4 | O16: 0 | P16: 1.54 | Q16: 46.67
A17: 12-12-2022 02:15 | B17: 24.66 | C17: 78.98 | D17: 63.36 | E17: 4.97 | F17: 0.64 | G17: 63.78 | H17: 29.09 | I17: 0.53 | J17: 0.07 | K17: 20.16 | L17: 20.41 | M17: 67 | N17: 24.5 | O17: 0 | P17: 1.52 | Q17: 46.93
A18: 12-12-2022 02:30 | B18: 24.22 | C18: 78.07 | D18: 62.51 | E18: 5.37 | F18: 0.52 | G18: 63.78 | H18: 29.09 | I18: 0.54 | J18: 0.26 | K18: 344.79 | L18: 20.47 | M18: 66 | N18: 24.3 | O18: 0 | P18: 1.49 | Q18: 47.25
A19: 12-12-2022 02:45 | B19: 23.69 | C19: 77.17 | D19: 61.59 | E19: 4.79 | F19: 0.53 | G19: 65.11 | H19: 29.35 | I19: 0.54 | J19: 0.04 | K19: 276.44 | L19: 20.42 | M19: 66 | N19: 24.6 | O19: 0 | P19: 1.45 | Q19: 47.32
A20: 12-12-2022 03:00 | B20: 22.97 | C20: 75.97 | D20: 60.35 | E20: 5.26 | F20: 0.52 | G20: 66.39 | H20: 29.76 | I20: 0.55 | J20: 0.08 | K20: 249.54 | L20: 20.07 | M20: 68 | N20: 24.6 | O20: 0 | P20: 1.42 | Q20: 47.93
... A104: 12-12-2022 24:00 | B104: 63.67 | C104: 99.97 | D104: 106.23 | E104: 3.8 | F104: 0.68 | G104: 108.5 | H104: 38.55 | I104: 1.21 | J104: 0.13 | K104: 108.88 | L104: 25.01 | M104: 49 | N104: 24.7 | O104: 0 | P104: 3.59 | Q104: 55.23
A106: Min | B106: =MIN(B9:B104) -> 2.93 | C106: =MIN(C9:C104) -> 53.46 | D106: =MIN(D9:D104) -> 32.81 | E106: =MIN(E9:E104) -> 3.36 | F106: =MIN(F9:F104) -> 0.26 | G106: =MIN(G9:G104) -> 63.78 | H106: =MIN(H9:H104) -> 28.45 | I106: =MIN(I9:I104) -> 0 | ... Q106: =MIN(Q9:Q104) -> 34.53
A107: Max | B107: =MAX(B9:B104) -> 69.97 | C107: =MAX(C9:C104) -> 110.27 | D107: =MAX(D9:D104) -> 115.16 | E107: =MAX(E9:E104) -> 92.03 | F107: =MAX(F9:F104) -> 313.2 | G107: =MAX(G9:G104) -> 168.64 | H107: =MAX(H9:H104) -> 39.79 | I107: =MAX(I9:I104) -> 1.21 | ... Q107: =MAX(Q9:Q104) -> 55.23
A108: Avg | B108: =AVERAGE(B9:B104) -> 25.255521 | C108: =AVERAGE(C9:C104) -> 85.390625 | D108: =AVERAGE(D9:D104) -> 67.378125 | E108: =AVERAGE(E9:E104) -> 9.425 | F108: =AVERAGE(F9:F104) -> 15.489375 | G108: =AVERAGE(G9:G104) -> 93.776562 | H108: =AVERAGE(H9:H104) -> 32.855312 | I108: =AVERAGE(I9:I104) -> 0.57708333 | ... Q108: =AVERAGE(Q9:Q104) -> 44.602812
A109: Stdev | B109: =STDEV(B9:B104) -> 16.750827 | C109: =STDEV(C9:C104) -> 13.452572 | D109: =STDEV(D9:D104) -> 19.418643 | E109: =STDEV(E9:E104) -> 11.890194 | F109: =STDEV(F9:F104) -> 61.665763 | G109: =STDEV(G9:G104) -> 28.576177 | H109: =STDEV(H9:H104) -> 3.0978529 | I109: =STDEV(I9:I104) -> 0.23597911 | ... Q109: =STDEV(Q9:Q104) -> 5.3500463
A110: Num | B110: =COUNT(B9:B104) -> 96 | C110: =COUNT(C9:C104) -> 96 | D110: =COUNT(D9:D104) -> 96 | E110: =COUNT(E9:E104) -> 96 | F110: =COUNT(F9:F104) -> 96 | G110: =COUNT(G9:G104) -> 96 | H110: =COUNT(H9:H104) -> 96 | I110: =COUNT(I9:I104) -> 96 | ... Q110: =COUNT(Q9:Q104) -> 96
A111: DCR | B111: =IF(B110>=87,">90%",IF(B110<=87,"<90%")) -> >90% | C111: =IF(C110>=87,">90%",IF(C110<=87,"<90%")) -> >90% | D111: =IF(D110>=87,">90%",IF(D110<=87,"<90%")) -> >90% | E111: =IF(E110>=87,">90%",IF(E110<=87,"<90%")) -> >90% | F111: =IF(F110>=87,">90%",IF(F110<=87,"<90%")) -> >90% | G111: =IF(G110>=87,">90%",IF(G110<=87,"<90%")) -> >90% | H111: =IF(H110>=87,">90%",IF(H110<=87,"<90%")) -> >90% | I111: =IF(I110>=87,">90%",IF(I110<=87,"<90%")) -> >90% | ... Q111: =IF(Q110>=87,">90%",IF(Q110<=87,"<90%")) -> >90%
A112: Status | B112: =IF(B110>=87,"OK",IF(B110<=87,"LESS")) -> OK | C112: =IF(C110>=87,"OK",IF(C110<=87,"LESS")) -> OK | D112: =IF(D110>=87,"OK",IF(D110<=87,"LESS")) -> OK | E112: =IF(E110>=87,"OK",IF(E110<=87,"LESS")) -> OK | F112: =IF(F110>=87,"OK",IF(F110<=87,"LESS")) -> OK | G112: =IF(G110>=87,"OK",IF(G110<=87,"LESS")) -> OK | H112: =IF(H110>=87,"OK",IF(H110<=87,"LESS")) -> OK | I112: =IF(I110>=87,"OK",IF(I110<=87,"LESS")) -> OK | ... Q112: =IF(Q110>=87,"OK",IF(Q110<=87,"LESS")) -> OK
A115: Done by | B115: RK
A117: Comment

Sheet 13
A1: Station: | B1: BHATAGAON RAIPUR
A2: Date: | B2: =$A$9 -> 13-12-2022 00:15 | D2: Power Off | G2: Pw.Off | L2: Link Fail | N2: Link F | P2: Maintenance | R2: Maint.
A3: Report Type: | B3: Mean | D3: Calibration | G3: Calib. | L3: Data Fail | N3: Data F | P3: Invalid | R3: Invalid
A4: Time Base: | B4: 15 Min | D4: Zero Referrence | G4: Z.Ref | L4: Warm Up | N4: Wm. Up
A7: Date & Time | B7: NO_BHATAGAON | C7: NO2__BHATAGAON | D7: NOX_BHATAGAON | E7: SO2__BHATAGAON | F7: O3__BHATAGAON | G7: PM10__BHATAGAON | H7: PM2_5__BHATAGAON | I7: BENZ__BHATAGAON | J7: WS__BHATAGAON | K7: WD__BHATAGAON | L7: TEMP__BHATAGAON | M7: HUM__BHATAGAON | N7: SR__BHATAGAON | O7: RG__BHATAGAON | P7: CO__BHATAGAON | Q7: NH3__BHATAGAON
B8: ug/m3 | C8: ug/m3 | D8: ug/m3 | E8: ug/m3 | F8: ug/m3 | G8: ug/m3 | H8: ug/m3 | I8: ug/m3 | J8: m/sec | K8: deg | L8: degreC | M8: % | N8: w/m2 | O8: mm | P8: mg/m3 | Q8: ug/m3
A9: 13-12-2022 00:15 | B9: 60.5 | C9: 98.72 | D9: 103 | E9: 7.02 | F9: 1.11 | G9: 108.5 | H9: 38.55 | I9: 1.21 | J9: 0.39 | K9: 356.5 | L9: 24.92 | M9: 51 | N9: 25.3 | O9: 0 | P9: 3.48 | Q9: 55.45
A10: 13-12-2022 00:30 | B10: 62.08 | C10: 90.08 | D10: 99.49 | E10: 5.77 | F10: 0.44 | G10: 108.5 | H10: 38.55 | I10: 1.21 | J10: 0.19 | K10: 131.22 | L10: 24.51 | M10: 52 | N10: 25.2 | O10: 0 | P10: 3.44 | Q10: 57.08
A11: 13-12-2022 00:45 | B11: 59.83 | C11: 86.45 | D11: 95.69 | E11: 5.81 | F11: 0.26 | G11: 101.67 | H11: 36.25 | I11: 1.18 | J11: 0.18 | K11: 55.1 | L11: 24.45 | M11: 53 | N11: 25.2 | O11: 0 | P11: 3.3 | Q11: 55.84
A12: 13-12-2022 01:00 | B12: 56.37 | C12: 88.35 | D12: 93.96 | E12: 5.4 | F12: 0.54 | G12: 79.84 | H12: 32.47 | I12: 1.18 | J12: 0.08 | K12: 269.18 | L12: 23.57 | M12: 59 | N12: 25.2 | O12: 0 | P12: 3.14 | Q12: 55.54
A13: 13-12-2022 01:15 | B13: 52.84 | C13: 89.24 | D13: 91.62 | E13: 5.48 | F13: 0.64 | G13: 79.84 | H13: 32.47 | I13: 1.13 | J13: 0.06 | K13: 337.34 | L13: 23.29 | M13: 59 | N13: 25.1 | O13: 0 | P13: 2.87 | Q13: 54.77
A14: 13-12-2022 01:30 | B14: 49.32 | C14: 89.36 | D14: 88.87 | E14: 5.52 | F14: 0.37 | G14: 79.84 | H14: 32.47 | I14: 1.08 | J14: 0.37 | K14: 335.29 | L14: 22.89 | M14: 63 | N14: 24.7 | O14: 0 | P14: 2.9 | Q14: 53.92
A15: 13-12-2022 01:45 | B15: 46.07 | C15: 87.09 | D15: 85.01 | E15: 4.51 | F15: 0.44 | G15: 79.81 | H15: 32.43 | I15: 1.04 | J15: 0.46 | K15: 357.53 | L15: 23.02 | M15: 60 | N15: 24.4 | O15: 0 | P15: 2.77 | Q15: 52.6
A16: 13-12-2022 02:00 | B16: 43.27 | C16: 86.68 | D16: 82.54 | E16: 5.07 | F16: 0.35 | G16: 79.79 | H16: 32.38 | I16: 0.99 | J16: 0.47 | K16: 0.97 | L16: 23.3 | M16: 57 | N16: 24.6 | O16: 0 | P16: 2.65 | Q16: 52.36
A17: 13-12-2022 02:15 | B17: 40.1 | C17: 85.7 | D17: 79.46 | E17: 5.25 | F17: 0.44 | G17: 79.79 | H17: 32.38 | I17: 0.95 | J17: 0.54 | K17: 349.4 | L17: 23.14 | M17: 59 | N17: 24.7 | O17: 0 | P17: 2.55 | Q17: 51.25
A18: 13-12-2022 02:30 | B18: 38.18 | C18: 84.7 | D18: 77.36 | E18: 5.66 | F18: 0.15 | G18: 79.79 | H18: 32.38 | I18: 0.91 | J18: 0.65 | K18: 4.55 | L18: 23.15 | M18: 59 | N18: 24.7 | O18: 0 | P18: 2.48 | Q18: 51.46
A19: 13-12-2022 02:45 | B19: 37.1 | C19: 83.31 | D19: 75.73 | E19: 5.31 | F19: 0.34 | G19: 90.21 | H19: 33.05 | I19: 0.9 | J19: 0.51 | K19: 1.89 | L19: 23.13 | M19: 60 | N19: 24.9 | O19: 0 | P19: 2.43 | Q19: 51.39
A20: 13-12-2022 03:00 | B20: 36.52 | C20: 82.21 | D20: 74.66 | E20: 5.82 | F20: 0.54 | G20: 100.64 | H20: 34.15 | I20: 0.87 | J20: 0.28 | K20: 31.9 | L20: 22.94 | M20: 61 | N20: 24.9 | O20: 0 | P20: 2.36 | Q20: 51.9
... A104: 13-12-2022 24:00 | B104: 31.97 | C104: 84.52 | D104: 72.28 | E104: 6.07 | F104: 0.73 | G104: 83.41 | H104: 29.25 | I104: 0.61 | J104: 0.36 | K104: 15.89 | L104: 23.54 | M104: 45 | N104: 24.3 | O104: 0 | P104: 1.89 | Q104: 47.36
A106: Min | B106: =MIN(B9:B104) -> 4.64 | C106: =MIN(C9:C104) -> 67.91 | D106: =MIN(D9:D104) -> 51.57 | E106: =MIN(E9:E104) -> 2.55 | F106: =MIN(F9:F104) -> 0.15 | G106: =MIN(G9:G104) -> 59.15 | H106: =MIN(H9:H104) -> 29.21 | I106: =MIN(I9:I104) -> 0.34 | ... Q106: =MIN(Q9:Q104) -> 41.46
A107: Max | B107: =MAX(B9:B104) -> 62.08 | C107: =MAX(C9:C104) -> 98.98 | D107: =MAX(D9:D104) -> 103 | E107: =MAX(E9:E104) -> 41.53 | F107: =MAX(F9:F104) -> 7.53 | G107: =MAX(G9:G104) -> 108.69 | H107: =MAX(H9:H104) -> 38.55 | I107: =MAX(I9:I104) -> 1.21 | ... Q107: =MAX(Q9:Q104) -> 57.08
A108: Avg | B108: =AVERAGE(B9:B104) -> 28.552292 | C108: =AVERAGE(C9:C104) -> 86.053333 | D108: =AVERAGE(D9:D104) -> 70.387812 | E108: =AVERAGE(E9:E104) -> 8.0308333 | F108: =AVERAGE(F9:F104) -> 1.5957292 | G108: =AVERAGE(G9:G104) -> 82.56625 | H108: =AVERAGE(H9:H104) -> 31.931354 | I108: =AVERAGE(I9:I104) -> 0.60052083 | ... Q108: =AVERAGE(Q9:Q104) -> 48.572083
A109: Stdev | B109: =STDEV(B9:B104) -> 11.588284 | C109: =STDEV(C9:C104) -> 7.9963541 | D109: =STDEV(D9:D104) -> 9.3648936 | E109: =STDEV(E9:E104) -> 5.5159504 | F109: =STDEV(F9:F104) -> 1.6140676 | G109: =STDEV(G9:G104) -> 11.91761 | H109: =STDEV(H9:H104) -> 1.9803847 | I109: =STDEV(I9:I104) -> 0.22002569 | ... Q109: =STDEV(Q9:Q104) -> 3.3999337
A110: Num | B110: =COUNT(B9:B104) -> 96 | C110: =COUNT(C9:C104) -> 96 | D110: =COUNT(D9:D104) -> 96 | E110: =COUNT(E9:E104) -> 96 | F110: =COUNT(F9:F104) -> 96 | G110: =COUNT(G9:G104) -> 96 | H110: =COUNT(H9:H104) -> 96 | I110: =COUNT(I9:I104) -> 96 | ... Q110: =COUNT(Q9:Q104) -> 96
A111: DCR | B111: =IF(B110>=87,">90%",IF(B110<=87,"<90%")) -> >90% | C111: =IF(C110>=87,">90%",IF(C110<=87,"<90%")) -> >90% | D111: =IF(D110>=87,">90%",IF(D110<=87,"<90%")) -> >90% | E111: =IF(E110>=87,">90%",IF(E110<=87,"<90%")) -> >90% | F111: =IF(F110>=87,">90%",IF(F110<=87,"<90%")) -> >90% | G111: =IF(G110>=87,">90%",IF(G110<=87,"<90%")) -> >90% | H111: =IF(H110>=87,">90%",IF(H110<=87,"<90%")) -> >90% | I111: =IF(I110>=87,">90%",IF(I110<=87,"<90%")) -> >90% | ... Q111: =IF(Q110>=87,">90%",IF(Q110<=87,"<90%")) -> >90%
A112: Status | B112: =IF(B110>=87,"OK",IF(B110<=87,"LESS")) -> OK | C112: =IF(C110>=87,"OK",IF(C110<=87,"LESS")) -> OK | D112: =IF(D110>=87,"OK",IF(D110<=87,"LESS")) -> OK | E112: =IF(E110>=87,"OK",IF(E110<=87,"LESS")) -> OK | F112: =IF(F110>=87,"OK",IF(F110<=87,"LESS")) -> OK | G112: =IF(G110>=87,"OK",IF(G110<=87,"LESS")) -> OK | H112: =IF(H110>=87,"OK",IF(H110<=87,"LESS")) -> OK | I112: =IF(I110>=87,"OK",IF(I110<=87,"LESS")) -> OK | ... Q112: =IF(Q110>=87,"OK",IF(Q110<=87,"LESS")) -> OK
A115: Done by | B115: rahul
A117: Comment

Sheet 14
A1: Station: | B1: BHATAGAON RAIPUR
A2: Date: | B2: =$A$9 -> 14-12-2022 00:15 | D2: Power Off | G2: Pw.Off | L2: Link Fail | N2: Link F | P2: Maintenance | R2: Maint.
A3: Report Type: | B3: Mean | D3: Calibration | G3: Calib. | L3: Data Fail | N3: Data F | P3: Invalid | R3: Invalid
A4: Time Base: | B4: 15 Min | D4: Zero Referrence | G4: Z.Ref | L4: Warm Up | N4: Wm. Up
A7: Date & Time | B7: NO_BHATAGAON | C7: NO2__BHATAGAON | D7: NOX_BHATAGAON | E7: SO2__BHATAGAON | F7: O3__BHATAGAON | G7: PM10__BHATAGAON | H7: PM2_5__BHATAGAON | I7: BENZ__BHATAGAON | J7: WS__BHATAGAON | K7: WD__BHATAGAON | L7: TEMP__BHATAGAON | M7: HUM__BHATAGAON | N7: SR__BHATAGAON | O7: RG__BHATAGAON | P7: CO__BHATAGAON | Q7: NH3__BHATAGAON
B8: ug/m3 | C8: ug/m3 | D8: ug/m3 | E8: ug/m3 | F8: ug/m3 | G8: ug/m3 | H8: ug/m3 | I8: ug/m3 | J8: m/sec | K8: deg | L8: degreC | M8: % | N8: w/m2 | O8: mm | P8: mg/m3 | Q8: ug/m3
A9: 14-12-2022 00:15 | B9: 31.42 | C9: 83.25 | D9: 71.14 | E9: 6.9 | F9: 0.97 | G9: 83.41 | H9: 29.25 | I9: 0.59 | J9: 0.22 | K9: 71 | L9: 23.54 | M9: 43 | N9: 24.4 | O9: 0 | P9: 1.86 | Q9: 47.45
A10: 14-12-2022 00:30 | B10: 29.66 | C10: 80.74 | D10: 68.34 | E10: 6.42 | F10: 1.11 | G10: 83.41 | H10: 29.25 | I10: 0.6 | J10: 0.3 | K10: 68.09 | L10: 23.45 | M10: 44 | N10: 24.5 | O10: 0 | P10: 1.8 | Q10: 47.61
A11: 14-12-2022 00:45 | B11: 29.17 | C11: 78.11 | D11: 66.5 | E11: 6.56 | F11: 1.34 | G11: 81.56 | H11: 27.88 | I11: 0.6 | J11: 0.3 | K11: 70.74 | L11: 23.45 | M11: 42 | N11: 24.4 | O11: 0 | P11: 1.77 | Q11: 47.84
A12: 14-12-2022 01:00 | B12: 26.96 | C12: 73.76 | D12: 62.33 | E12: 6.84 | F12: 2.1 | G12: 75.63 | H12: 25.74 | I12: 0.6 | J12: 0.22 | K12: 24.24 | L12: 23.33 | M12: 42 | N12: 24.6 | O12: 0 | P12: 1.7 | Q12: 47.88
A13: 14-12-2022 01:15 | B13: 27.09 | C13: 72.9 | D13: 61.96 | E13: 6.48 | F13: 1.49 | G13: 75.63 | H13: 25.74 | I13: 0.59 | J13: 0.45 | K13: 146.38 | L13: 23.35 | M13: 42 | N13: 24 | O13: 0 | P13: 1.59 | Q13: 48.27
A14: 14-12-2022 01:30 | B14: 27.27 | C14: 73.4 | D14: 62.37 | E14: 5.5 | F14: 0.86 | G14: 75.63 | H14: 25.74 | I14: 0.58 | J14: 0.15 | K14: 210.78 | L14: 23.32 | M14: 43 | N14: 24.7 | O14: 0 | P14: 1.63 | Q14: 49.27
A15: 14-12-2022 01:45 | B15: 25.73 | C15: 72.76 | D15: 60.79 | E15: 5.61 | F15: 0.61 | G15: 65.94 | H15: 24.6 | I15: 0.6 | J15: 0.24 | K15: 350.34 | L15: 22.58 | M15: 50 | N15: 25.2 | O15: 0 | P15: 1.55 | Q15: 49.65
A16: 14-12-2022 02:00 | B16: 23.87 | C16: 71.4 | D16: 58.54 | E16: 5.47 | F16: 0.65 | G16: 56.24 | H16: 22.72 | I16: 0.59 | J16: 0.08 | K16: 65.85 | L16: 21.86 | M16: 50 | N16: 24.7 | O16: 0 | P16: 1.47 | Q16: 49.24
A17: 14-12-2022 02:15 | B17: 22.17 | C17: 70.36 | D17: 56.61 | E17: 5.27 | F17: 0.52 | G17: 56.24 | H17: 22.72 | I17: 0.56 | J17: 0.07 | K17: 114.52 | L17: 22.23 | M17: 46 | N17: 24.5 | O17: 0 | P17: 1.39 | Q17: 48.85
A18: 14-12-2022 02:30 | B18: 20.61 | C18: 69.31 | D18: 54.78 | E18: 5.37 | F18: 0.66 | G18: 56.24 | H18: 22.72 | I18: 0.54 | J18: 0.18 | K18: 110.63 | L18: 22.1 | M18: 47 | N18: 24.4 | O18: 0 | P18: 1.33 | Q18: 48.46
A19: 14-12-2022 02:45 | B19: 19.12 | C19: 68.16 | D19: 52.95 | E19: 5.4 | F19: 0.65 | G19: 54.06 | H19: 21.13 | I19: 0.52 | J19: 0.26 | K19: 42.26 | L19: 22.1 | M19: 47 | N19: 24.5 | O19: 0 | P19: 1.27 | Q19: 47.67
A20: 14-12-2022 03:00 | B20: 17.78 | C20: 67.17 | D20: 51.33 | E20: 5.55 | F20: 0.53 | G20: 51.88 | H20: 18.51 | I20: 0.5 | J20: 0.1 | K20: 265.09 | L20: 21.64 | M20: 49 | N20: 24.6 | O20: 0 | P20: 1.21 | Q20: 47.12
... A104: 14-12-2022 24:00 | B104: 23.04 | C104: 77.23 | D104: 61.1 | E104: 2.91 | F104: 0.62 | G104: 64.38 | H104: 22.38 | I104: 0.64 | J104: 0.27 | K104: 37.42 | L104: 23.82 | M104: 46 | N104: 24.5 | O104: 0 | P104: 1.67 | Q104: 48.81
A106: Min | B106: =MIN(B9:B104) -> 2.37 | C106: =MIN(C9:C104) -> 54.44 | D106: =MIN(D9:D104) -> 31.94 | E106: =MIN(E9:E104) -> 2.67 | F106: =MIN(F9:F104) -> 0.37 | G106: =MIN(G9:G104) -> 33.13 | H106: =MIN(H9:H104) -> 11.53 | I106: =MIN(I9:I104) -> 0.13 | ... Q106: =MIN(Q9:Q104) -> 26.33
A107: Max | B107: =MAX(B9:B104) -> 31.42 | C107: =MAX(C9:C104) -> 106.33 | D107: =MAX(D9:D104) -> 80.29 | E107: =MAX(E9:E104) -> 38.23 | F107: =MAX(F9:F104) -> 16.18 | G107: =MAX(G9:G104) -> 93.47 | H107: =MAX(H9:H104) -> 29.25 | I107: =MAX(I9:I104) -> 0.7 | ... Q107: =MAX(Q9:Q104) -> 49.9
A108: Avg | B108: =AVERAGE(B9:B104) -> 18.450312 | C108: =AVERAGE(C9:C104) -> 77.033542 | D108: =AVERAGE(D9:D104) -> 57.308542 | E108: =AVERAGE(E9:E104) -> 7.3736458 | F108: =AVERAGE(F9:F104) -> 2.6473958 | G108: =AVERAGE(G9:G104) -> 53.34375 | H108: =AVERAGE(H9:H104) -> 19.75125 | I108: =AVERAGE(I9:I104) -> 0.44427083 | ... Q108: =AVERAGE(Q9:Q104) -> 42.150208
A109: Stdev | B109: =STDEV(B9:B104) -> 7.1534177 | C109: =STDEV(C9:C104) -> 12.33881 | D109: =STDEV(D9:D104) -> 10.319186 | E109: =STDEV(E9:E104) -> 5.2611686 | F109: =STDEV(F9:F104) -> 3.5522038 | G109: =STDEV(G9:G104) -> 17.487846 | H109: =STDEV(H9:H104) -> 4.5354784 | I109: =STDEV(I9:I104) -> 0.17233837 | ... Q109: =STDEV(Q9:Q104) -> 6.53227
A110: Num | B110: =COUNT(B9:B104) -> 96 | C110: =COUNT(C9:C104) -> 96 | D110: =COUNT(D9:D104) -> 96 | E110: =COUNT(E9:E104) -> 96 | F110: =COUNT(F9:F104) -> 96 | G110: =COUNT(G9:G104) -> 96 | H110: =COUNT(H9:H104) -> 96 | I110: =COUNT(I9:I104) -> 96 | ... Q110: =COUNT(Q9:Q104) -> 96
A111: DCR | B111: =IF(B110>=87,">90%",IF(B110<=87,"<90%")) -> >90% | C111: =IF(C110>=87,">90%",IF(C110<=87,"<90%")) -> >90% | D111: =IF(D110>=87,">90%",IF(D110<=87,"<90%")) -> >90% | E111: =IF(E110>=87,">90%",IF(E110<=87,"<90%")) -> >90% | F111: =IF(F110>=87,">90%",IF(F110<=87,"<90%")) -> >90% | G111: =IF(G110>=87,">90%",IF(G110<=87,"<90%")) -> >90% | H111: =IF(H110>=87,">90%",IF(H110<=87,"<90%")) -> >90% | I111: =IF(I110>=87,">90%",IF(I110<=87,"<90%")) -> >90% | ... Q111: =IF(Q110>=87,">90%",IF(Q110<=87,"<90%")) -> >90%
A112: Status | B112: =IF(B110>=87,"OK",IF(B110<=87,"LESS")) -> OK | C112: =IF(C110>=87,"OK",IF(C110<=87,"LESS")) -> OK | D112: =IF(D110>=87,"OK",IF(D110<=87,"LESS")) -> OK | E112: =IF(E110>=87,"OK",IF(E110<=87,"LESS")) -> OK | F112: =IF(F110>=87,"OK",IF(F110<=87,"LESS")) -> OK | G112: =IF(G110>=87,"OK",IF(G110<=87,"LESS")) -> OK | H112: =IF(H110>=87,"OK",IF(H110<=87,"LESS")) -> OK | I112: =IF(I110>=87,"OK",IF(I110<=87,"LESS")) -> OK | ... Q112: =IF(Q110>=87,"OK",IF(Q110<=87,"LESS")) -> OK
A115: Done by | B115: RK
A117: Comment

Sheet 15
A1: Station: | B1: BHATAGAON RAIPUR
A2: Date: | B2: =$A$9 -> 15-12-2022 00:15 | D2: Power Off | G2: Pw.Off | L2: Link Fail | N2: Link F | P2: Maintenance | R2: Maint.
A3: Report Type: | B3: Mean | D3: Calibration | G3: Calib. | L3: Data Fail | N3: Data F | P3: Invalid | R3: Invalid
A4: Time Base: | B4: 15 Min | D4: Zero Referrence | G4: Z.Ref | L4: Warm Up | N4: Wm. Up
A7: Date & Time | B7: NO_BHATAGAON | C7: NO2__BHATAGAON | D7: NOX_BHATAGAON | E7: SO2__BHATAGAON | F7: O3__BHATAGAON | G7: PM10__BHATAGAON | H7: PM2_5__BHATAGAON | I7: BENZ__BHATAGAON | J7: WS__BHATAGAON | K7: WD__BHATAGAON | L7: TEMP__BHATAGAON | M7: HUM__BHATAGAON | N7: SR__BHATAGAON | O7: RG__BHATAGAON | P7: CO__BHATAGAON | Q7: NH3__BHATAGAON
B8: ug/m3 | C8: ug/m3 | D8: ug/m3 | E8: ug/m3 | F8: ug/m3 | G8: ug/m3 | H8: ug/m3 | I8: ug/m3 | J8: m/sec | K8: deg | L8: degreC | M8: % | N8: w/m2 | O8: mm | P8: mg/m3 | Q8: ug/m3
A9: 15-12-2022 00:15 | B9: 21.65 | C9: 76.05 | D9: 59.33 | E9: 4.73 | F9: 0.56 | G9: 64.38 | H9: 22.38 | I9: 0.61 | J9: 0.31 | K9: 58.85 | L9: 23.55 | M9: 47 | N9: 24.4 | O9: 0 | P9: 1.59 | Q9: 48.23
A10: 15-12-2022 00:30 | B10: 19.85 | C10: 74.47 | D10: 57.02 | E10: 4.72 | F10: 0.65 | G10: 64.38 | H10: 22.38 | I10: 0.58 | J10: 0.38 | K10: 71.76 | L10: 23.39 | M10: 47 | N10: 24.4 | O10: 0 | P10: 1.51 | Q10: 47.49
A11: 15-12-2022 00:45 | B11: 17.95 | C11: 70.86 | D11: 53.5 | E11: 5.05 | F11: 1 | G11: 62.5 | H11: 21.07 | I11: 0.55 | J11: 0.38 | K11: 74.05 | L11: 23.28 | M11: 47 | N11: 24.3 | O11: 0 | P11: 1.44 | Q11: 46.32
A12: 15-12-2022 01:00 | B12: 17.31 | C12: 68.17 | D12: 51.5 | E12: 5.53 | F12: 1.41 | G12: 56.28 | H12: 18.92 | I12: 0.52 | J12: 0.3 | K12: 48.47 | L12: 23.26 | M12: 45 | N12: 24.3 | O12: 0 | P12: 1.4 | Q12: 45.67
A13: 15-12-2022 01:15 | B13: 16.67 | C13: 66.69 | D13: 50.17 | E13: 4.91 | F13: 1.42 | G13: 56.28 | H13: 18.92 | I13: 0.51 | J13: 0.27 | K13: 28.46 | L13: 22.99 | M13: 46 | N13: 24.5 | O13: 0 | P13: 1.34 | Q13: 45.71
A14: 15-12-2022 01:30 | B14: 15.76 | C14: 64.89 | D14: 48.44 | E14: 5.35 | F14: 1.22 | G14: 56.28 | H14: 18.92 | I14: 0.52 | J14: 0.3 | K14: 33.18 | L14: 22.86 | M14: 45 | N14: 24.3 | O14: 0 | P14: 1.33 | Q14: 45.83
A15: 15-12-2022 01:45 | B15: 15 | C15: 62.83 | D15: 46.71 | E15: 5.71 | F15: 1.79 | G15: 47.49 | H15: 17.3 | I15: 0.51 | J15: 0.59 | K15: 18.91 | L15: 22.69 | M15: 46 | N15: 24.2 | O15: 0 | P15: 1.27 | Q15: 46.05
A16: 15-12-2022 02:00 | B16: 14.42 | C16: 62.67 | D16: 46.15 | E16: 5.12 | F16: 1.83 | G16: 38.69 | H16: 14.62 | I16: 0.51 | J16: 0.75 | K16: 9.78 | L16: 22.69 | M16: 45 | N16: 24.3 | O16: 0 | P16: 1.24 | Q16: 45.95
A17: 15-12-2022 02:15 | B17: 13.77 | C17: 62.5 | D17: 45.54 | E17: 5.11 | F17: 1.32 | G17: 38.69 | H17: 14.62 | I17: 0.51 | J17: 0.45 | K17: 39.13 | L17: 22.53 | M17: 45 | N17: 24.5 | O17: 0 | P17: 1.21 | Q17: 45.81
A18: 15-12-2022 02:30 | B18: 13.16 | C18: 62.74 | D18: 45.18 | E18: 5.01 | F18: 0.9 | G18: 38.69 | H18: 14.62 | I18: 0.51 | J18: 0.38 | K18: 110.08 | L18: 22.31 | M18: 44 | N18: 24.5 | O18: 0 | P18: 1.17 | Q18: 46.7
A19: 15-12-2022 02:45 | B19: 12.05 | C19: 61.7 | D19: 43.71 | E19: 4.44 | F19: 0.72 | G19: 29.91 | H19: 14.44 | I19: 0.5 | J19: 0.61 | K19: 117.97 | L19: 22.58 | M19: 43 | N19: 23.8 | O19: 0 | P19: 1.12 | Q19: 47.49
A20: 15-12-2022 03:00 | B20: 11.26 | C20: 61.09 | D20: 42.74 | E20: 5.08 | F20: 0.76 | G20: 21.39 | H20: 14.16 | I20: 0.5 | J20: 0.19 | K20: 66.34 | L20: 22.22 | M20: 46 | N20: 24.7 | O20: 0 | P20: 1.07 | Q20: 47.18
... A104: 15-12-2022 24:00 | B104: 154.99 | C104: 133.81 | D104: 198.13 | E104: 2.87 | F104: 0.49 | G104: 146.82 | H104: 45.78 | I104: 2 | J104: 0.1 | K104: 336.48 | L104: 21.2 | M104: 66 | N104: 24.5 | O104: 0 | P104: 4.56 | Q104: 59.58
A106: Min | B106: =MIN(B9:B104) -> 9.5 | C106: =MIN(C9:C104) -> 60.51 | D106: =MIN(D9:D104) -> 41.24 | E106: =MIN(E9:E104) -> 1.39 | F106: =MIN(F9:F104) -> 0.39 | G106: =MIN(G9:G104) -> 21.39 | H106: =MIN(H9:H104) -> 12.84 | I106: =MIN(I9:I104) -> 0.33 | ... Q106: =MIN(Q9:Q104) -> 42.03
A107: Max | B107: =MAX(B9:B104) -> 173.86 | C107: =MAX(C9:C104) -> 158.2 | D107: =MAX(D9:D104) -> 222.68 | E107: =MAX(E9:E104) -> 21.16 | F107: =MAX(F9:F104) -> 10.66 | G107: =MAX(G9:G104) -> 239.94 | H107: =MAX(H9:H104) -> 47.92 | I107: =MAX(I9:I104) -> 2.07 | ... Q107: =MAX(Q9:Q104) -> 59.58
A108: Avg | B108: =AVERAGE(B9:B104) -> 42.519375 | C108: =AVERAGE(C9:C104) -> 89.428542 | D108: =AVERAGE(D9:D104) -> 83.450313 | E108: =AVERAGE(E9:E104) -> 6.08375 | F108: =AVERAGE(F9:F104) -> 1.6803125 | G108: =AVERAGE(G9:G104) -> 90.822812 | H108: =AVERAGE(H9:H104) -> 24.421771 | I108: =AVERAGE(I9:I104) -> 0.67385417 | ... Q108: =AVERAGE(Q9:Q104) -> 47.258438
A109: Stdev | B109: =STDEV(B9:B104) -> 46.367298 | C109: =STDEV(C9:C104) -> 27.474244 | D109: =STDEV(D9:D104) -> 50.965611 | E109: =STDEV(E9:E104) -> 3.3153564 | F109: =STDEV(F9:F104) -> 2.3840489 | G109: =STDEV(G9:G104) -> 62.473891 | H109: =STDEV(H9:H104) -> 10.216904 | I109: =STDEV(I9:I104) -> 0.48547832 | ... Q109: =STDEV(Q9:Q104) -> 4.6180259
A110: Num | B110: =COUNT(B9:B104) -> 96 | C110: =COUNT(C9:C104) -> 96 | D110: =COUNT(D9:D104) -> 96 | E110: =COUNT(E9:E104) -> 96 | F110: =COUNT(F9:F104) -> 96 | G110: =COUNT(G9:G104) -> 96 | H110: =COUNT(H9:H104) -> 96 | I110: =COUNT(I9:I104) -> 96 | ... Q110: =COUNT(Q9:Q104) -> 96
A111: DCR | B111: =IF(B110>=87,">90%",IF(B110<=87,"<90%")) -> >90% | C111: =IF(C110>=87,">90%",IF(C110<=87,"<90%")) -> >90% | D111: =IF(D110>=87,">90%",IF(D110<=87,"<90%")) -> >90% | E111: =IF(E110>=87,">90%",IF(E110<=87,"<90%")) -> >90% | F111: =IF(F110>=87,">90%",IF(F110<=87,"<90%")) -> >90% | G111: =IF(G110>=87,">90%",IF(G110<=87,"<90%")) -> >90% | H111: =IF(H110>=87,">90%",IF(H110<=87,"<90%")) -> >90% | I111: =IF(I110>=87,">90%",IF(I110<=87,"<90%")) -> >90% | ... Q111: =IF(Q110>=87,">90%",IF(Q110<=87,"<90%")) -> >90%
A112: Status | B112: =IF(B110>=87,"OK",IF(B110<=87,"LESS")) -> OK | C112: =IF(C110>=87,"OK",IF(C110<=87,"LESS")) -> OK | D112: =IF(D110>=87,"OK",IF(D110<=87,"LESS")) -> OK | E112: =IF(E110>=87,"OK",IF(E110<=87,"LESS")) -> OK | F112: =IF(F110>=87,"OK",IF(F110<=87,"LESS")) -> OK | G112: =IF(G110>=87,"OK",IF(G110<=87,"LESS")) -> OK | H112: =IF(H110>=87,"OK",IF(H110<=87,"LESS")) -> OK | I112: =IF(I110>=87,"OK",IF(I110<=87,"LESS")) -> OK | ... Q112: =IF(Q110>=87,"OK",IF(Q110<=87,"LESS")) -> OK
A115: Done by | B115: RK
A117: Comment

Sheet 16
A1: Station: | B1: BHATAGAON RAIPUR
A2: Date: | B2: =$A$9 -> 16-12-2022 00:15 | D2: Power Off | G2: Pw.Off | L2: Link Fail | N2: Link F | P2: Maintenance | R2: Maint.
A3: Report Type: | B3: Mean | D3: Calibration | G3: Calib. | L3: Data Fail | N3: Data F | P3: Invalid | R3: Invalid
A4: Time Base: | B4: 15 Min | D4: Zero Referrence | G4: Z.Ref | L4: Warm Up | N4: Wm. Up
A7: Date & Time | B7: NO_BHATAGAON | C7: NO2__BHATAGAON | D7: NOX_BHATAGAON | E7: SO2__BHATAGAON | F7: O3__BHATAGAON | G7: PM10__BHATAGAON | H7: PM2_5__BHATAGAON | I7: BENZ__BHATAGAON | J7: WS__BHATAGAON | K7: WD__BHATAGAON | L7: TEMP__BHATAGAON | M7: HUM__BHATAGAON | N7: SR__BHATAGAON | O7: RG__BHATAGAON | P7: CO__BHATAGAON | Q7: NH3__BHATAGAON
B8: ug/m3 | C8: ug/m3 | D8: ug/m3 | E8: ug/m3 | F8: ug/m3 | G8: ug/m3 | H8: ug/m3 | I8: ug/m3 | J8: m/sec | K8: deg | L8: degreC | M8: % | N8: w/m2 | O8: mm | P8: mg/m3 | Q8: ug/m3
A9: 16-12-2022 00:15 | B9: 149.39 | C9: 130.81 | D9: 191.98 | E9: 5.38 | F9: 0.56 | G9: 146.82 | H9: 45.78 | I9: 1.97 | J9: 0.29 | K9: 9.9 | L9: 21.06 | M9: 71 | N9: 24.2 | O9: 0 | P9: 4.4 | Q9: 59.22
A10: 16-12-2022 00:30 | B10: 142.17 | C10: 127.85 | D10: 184.56 | E10: 5.42 | F10: 0.46 | G10: 146.82 | H10: 45.78 | I10: 1.91 | J10: 0.41 | K10: 11.27 | L10: 21.71 | M10: 63 | N10: 23.5 | O10: 0 | P10: 4.31 | Q10: 58.18
A11: 16-12-2022 00:45 | B11: 135.45 | C11: 126.47 | D11: 178.42 | E11: 5.54 | F11: 0.45 | G11: 141.14 | H11: 46.22 | I11: 1.82 | J11: 0.11 | K11: 70.67 | L11: 21.98 | M11: 58 | N11: 24.4 | O11: 0 | P11: 4.27 | Q11: 57.15
A12: 16-12-2022 01:00 | B12: 129.23 | C12: 125.07 | D12: 172.66 | E12: 5.38 | F12: 0.49 | G12: 122.98 | H12: 46.91 | I12: 1.65 | J12: 0.08 | K12: 261.01 | L12: 21.81 | M12: 58 | N12: 24.5 | O12: 0 | P12: 4.22 | Q12: 55.95
A13: 16-12-2022 01:15 | B13: 122.15 | C13: 122.48 | D13: 165.55 | E13: 5.39 | F13: 0.48 | G13: 122.98 | H13: 46.91 | I13: 1.75 | J13: 0.09 | K13: 286.7 | L13: 21.44 | M13: 60 | N13: 24.7 | O13: 0 | P13: 3.82 | Q13: 55.11
A14: 16-12-2022 01:30 | B14: 112.96 | C14: 119.15 | D14: 156.34 | E14: 5.18 | F14: 0.48 | G14: 122.98 | H14: 46.91 | I14: 1.6 | J14: 0.15 | K14: 307.52 | L14: 21.14 | M14: 63 | N14: 24.5 | O14: 0 | P14: 3.92 | Q14: 54.14
A15: 16-12-2022 01:45 | B15: 105.48 | C15: 115.62 | D15: 148.39 | E15: 4.72 | F15: 0.45 | G15: 121.72 | H15: 45.74 | I15: 1.7 | J15: 0.04 | K15: 58.72 | L15: 20.59 | M15: 67 | N15: 24.8 | O15: 0 | P15: 3.86 | Q15: 52.11
A16: 16-12-2022 02:00 | B16: 101.39 | C16: 113.57 | D16: 143.98 | E16: 5.35 | F16: 0.51 | G16: 120.5 | H16: 43.81 | I16: 1.62 | J16: 0.12 | K16: 320.31 | L16: 20.27 | M16: 68 | N16: 24.6 | O16: 0 | P16: 3.79 | Q16: 51.34
A17: 16-12-2022 02:15 | B17: 97.85 | C17: 111.2 | D17: 139.84 | E17: 5.13 | F17: 0.43 | G17: 120.5 | H17: 43.81 | I17: 1.46 | J17: 0.11 | K17: 283.86 | L17: 20.29 | M17: 65 | N17: 24.5 | O17: 0 | P17: 3.7 | Q17: 51.06
A18: 16-12-2022 02:30 | B18: 93.47 | C18: 109.25 | D18: 135.25 | E18: 5.1 | F18: 0.52 | G18: 120.5 | H18: 43.81 | I18: 1.44 | J18: 0.11 | K18: 322.33 | L18: 20.19 | M18: 65 | N18: 24.6 | O18: 0 | P18: 3.59 | Q18: 50.78
A19: 16-12-2022 02:45 | B19: 88.73 | C19: 106.26 | D19: 129.79 | E19: 4.85 | F19: 0.37 | G19: 109.46 | H19: 43.81 | I19: 1.42 | J19: 0.16 | K19: 318.9 | L19: 19.94 | M19: 68 | N19: 24.4 | O19: 0 | P19: 3.47 | Q19: 50.54
A20: 16-12-2022 03:00 | B20: 82.06 | C20: 101.36 | D20: 121.75 | E20: 5.31 | F20: 0.51 | G20: 98.41 | H20: 43.81 | I20: 1.38 | J20: 0.14 | K20: 7.29 | L20: 20.46 | M20: 59 | N20: 23.8 | O20: 0 | P20: 3.33 | Q20: 50.29
... A80: 16-12-2022 18:00 | B80: 22.58 | C80: 91.89 | D80: 68.82 | E80: 5.94 | F80: 0.89 | G80: 74.11 | H80: 21.12 | I80: 0.4 | J80: 0.04 | K80: 279.84 | L80: 25.88 | M80: 54 | N80: 24.8 | O80: 0 | P80: 1.54 | Q80: 47.33
A81: 16-12-2022 18:15 | B81: 29.12 | C81: 94.78 | D81: 75.66 | E81: 5.31 | F81: 0.63 | G81: 74.11 | H81: 21.12 | I81: 0.43 | J81: Data F | K81: 263.03 | L81: 25.37 | M81: 56 | N81: 24.6 | O81: 0 | P81: 1.72 | Q81: 48.5
A82: 16-12-2022 18:30 | B82: 35.31 | C82: 97.4 | D82: 82.07 | E82: 5.03 | F82: 0.68 | G82: 74.11 | H82: 21.12 | I82: 0.46 | J82: 0.24 | K82: 102.88 | L82: 25.16 | M82: 57 | N82: 24.3 | O82: 0 | P82: 1.91 | Q82: 48.88
A83: 16-12-2022 18:45 | B83: 39.43 | C83: 103.94 | D83: 88.98 | E83: 5.17 | F83: 0.53 | G83: 86.06 | H83: 21.46 | I83: 0.5 | J83: 0.06 | K83: 131.82 | L83: 24.97 | M83: 58 | N83: 24.6 | O83: 0 | P83: 2 | Q83: 48.41
A84: 16-12-2022 19:00 | B84: 43.31 | C84: 103.55 | D84: 91.88 | E84: 5.17 | F84: 0.38 | G84: 97.31 | H84: 22.01 | I84: 0.55 | J84: 0.06 | K84: 6.51 | L84: 24.58 | M84: 62 | N84: 24.6 | O84: 0 | P84: 2.18 | Q84: 48.01
A85: 16-12-2022 19:15 | B85: 47.87 | C85: 106.47 | D85: 97.15 | E85: 5.41 | F85: 0.47 | G85: 97.31 | H85: 22.01 | I85: 0.61 | J85: 0.06 | K85: 11.92 | L85: 24.48 | M85: 62 | N85: 24.7 | O85: 0 | P85: 2.15 | Q85: 48.37
A86: 16-12-2022 19:30 | B86: 70.32 | C86: 122.99 | D86: 124.27 | E86: 6.1 | F86: 0.46 | G86: 97.31 | H86: 22.01 | I86: 0.68 | J86: 0.06 | K86: 15.84 | L86: 24.43 | M86: 61 | N86: 24.7 | O86: 0 | P86: 2.78 | Q86: 46.73
A87: 16-12-2022 19:45 | B87: 73.7 | C87: 125.1 | D87: 128.14 | E87: 6.41 | F87: 0.5 | G87: 127.72 | H87: 23.73 | I87: 0.77 | J87: 0.06 | K87: 92.87 | L87: 24.15 | M87: 62 | N87: 24.6 | O87: 0 | P87: 2.77 | Q87: 46.48
A88: 16-12-2022 20:00 | B88: 75.02 | C88: 123.86 | D88: 128.51 | E88: 2.25 | F88: 0.54 | G88: 156.34 | H88: 26.42 | I88: 0.95 | J88: 0.11 | K88: 10.7 | L88: 24.05 | M88: 64 | N88: 24.2 | O88: 0 | P88: 3.02 | Q88: 46.26
A89: 16-12-2022 20:15 | B89: 77.53 | C89: 123.6 | D89: 130.38 | E89: 4.94 | F89: 0.51 | G89: 156.34 | H89: 26.42 | I89: 0.99 | J89: 0.06 | K89: 289.32 | L89: 23.97 | M89: 64 | N89: 24.6 | O89: 0 | P89: 3.09 | Q89: 47.5
A90: 16-12-2022 20:30 | B90: 82.17 | C90: 123.41 | D90: 134 | E90: 5.27 | F90: 0.37 | G90: 156.34 | H90: 26.42 | I90: 1.11 | J90: 0.05 | K90: 166.37 | L90: 23.71 | M90: 64 | N90: 24.5 | O90: 0 | P90: 3.12 | Q90: 48.86
A91: 16-12-2022 20:45 | B91: 88.09 | C91: 121.14 | D91: 137.49 | E91: 5.77 | F91: 0.54 | G91: 155.03 | H91: 27.24 | I91: 1.14 | J91: 0.07 | K91: 316.25 | L91: 23.6 | M91: 65 | N91: 24.5 | O91: 0 | P91: 3.26 | Q91: 49.38
A92: 16-12-2022 21:00 | B92: 95.81 | C92: 123.45 | D92: 144.97 | E92: 5.12 | F92: 0.56 | G92: 150.81 | H92: 28.53 | I92: 1.31 | J92: 0.17 | K92: 354.03 | L92: 23.42 | M92: 70 | N92: 24.6 | O92: 0 | P92: 3.65 | Q92: 50.01
A93: 16-12-2022 21:15 | B93: 94.06 | C93: 119.53 | D93: 141.39 | E93: 5.27 | F93: 0.37 | G93: 150.81 | H93: 28.53 | I93: 1.26 | J93: 0.04 | K93: 308.08 | L93: 23.02 | M93: 69 | N93: 24.6 | O93: 0 | P93: 3.58 | Q93: 51.77
... A104: 16-12-2022 24:00 | B104: 111.74 | C104: 113.03 | D104: 151.99 | E104: 3.36 | F104: 0.88 | G104: 51.22 | H104: 29.88 | I104: 1.66 | J104: 0.24 | K104: 35.08 | L104: 23 | M104: 54 | N104: 24.5 | O104: 0 | P104: 3.76 | Q104: 54.57
A106: Min | B106: =MIN(B9:B104) -> 3.87 | C106: =MIN(C9:C104) -> 71.57 | D106: =MIN(D9:D104) -> 44.03 | E106: =MIN(E9:E104) -> 2.17 | F106: =MIN(F9:F104) -> 0.33 | G106: =MIN(G9:G104) -> 42.22 | H106: =MIN(H9:H104) -> 16.93 | I106: =MIN(I9:I104) -> 0.29 | ... Q106: =MIN(Q9:Q104) -> 39.02
A107: Max | B107: =MAX(B9:B104) -> 149.39 | C107: =MAX(C9:C104) -> 132.07 | D107: =MAX(D9:D104) -> 191.98 | E107: =MAX(E9:E104) -> 10.07 | F107: =MAX(F9:F104) -> 6.51 | G107: =MAX(G9:G104) -> 198.47 | H107: =MAX(H9:H104) -> 46.91 | I107: =MAX(I9:I104) -> 1.97 | ... Q107: =MAX(Q9:Q104) -> 59.22
A108: Avg | B108: =AVERAGE(B9:B104) -> 51.948854 | C108: =AVERAGE(C9:C104) -> 93.641979 | D108: =AVERAGE(D9:D104) -> 93.337604 | E108: =AVERAGE(E9:E104) -> 5.671875 | F108: =AVERAGE(F9:F104) -> 1.4221875 | G108: =AVERAGE(G9:G104) -> 84.145938 | H108: =AVERAGE(H9:H104) -> 26.686771 | I108: =AVERAGE(I9:I104) -> 0.85104167 | ... Q108: =AVERAGE(Q9:Q104) -> 46.852188
A109: Stdev | B109: =STDEV(B9:B104) -> 44.228901 | C109: =STDEV(C9:C104) -> 20.68969 | D109: =STDEV(D9:D104) -> 46.282457 | E109: =STDEV(E9:E104) -> 1.5175703 | F109: =STDEV(F9:F104) -> 1.6224265 | G109: =STDEV(G9:G104) -> 46.963955 | H109: =STDEV(H9:H104) -> 9.0859885 | I109: =STDEV(I9:I104) -> 0.53847246 | ... Q109: =STDEV(Q9:Q104) -> 5.4515331
A110: Num | B110: =COUNT(B9:B104) -> 96 | C110: =COUNT(C9:C104) -> 96 | D110: =COUNT(D9:D104) -> 96 | E110: =COUNT(E9:E104) -> 96 | F110: =COUNT(F9:F104) -> 96 | G110: =COUNT(G9:G104) -> 96 | H110: =COUNT(H9:H104) -> 96 | I110: =COUNT(I9:I104) -> 96 | J110: =COUNT(J9:J104)+1 -> 96 | K110: =COUNT(K9:K104) -> 96 | L110: =COUNT(L9:L104) -> 96 | M110: =COUNT(M9:M104) -> 96 | N110: =COUNT(N9:N104) -> 96 | O110: =COUNT(O9:O104) -> 96 | P110: =COUNT(P9:P104) -> 96 | Q110: =COUNT(Q9:Q104) -> 96
A111: DCR | B111: =IF(B110>=87,">90%",IF(B110<=87,"<90%")) -> >90% | C111: =IF(C110>=87,">90%",IF(C110<=87,"<90%")) -> >90% | D111: =IF(D110>=87,">90%",IF(D110<=87,"<90%")) -> >90% | E111: =IF(E110>=87,">90%",IF(E110<=87,"<90%")) -> >90% | F111: =IF(F110>=87,">90%",IF(F110<=87,"<90%")) -> >90% | G111: =IF(G110>=87,">90%",IF(G110<=87,"<90%")) -> >90% | H111: =IF(H110>=87,">90%",IF(H110<=87,"<90%")) -> >90% | I111: =IF(I110>=87,">90%",IF(I110<=87,"<90%")) -> >90% | ... Q111: =IF(Q110>=87,">90%",IF(Q110<=87,"<90%")) -> >90%
A112: Status | B112: =IF(B110>=87,"OK",IF(B110<=87,"LESS")) -> OK | C112: =IF(C110>=87,"OK",IF(C110<=87,"LESS")) -> OK | D112: =IF(D110>=87,"OK",IF(D110<=87,"LESS")) -> OK | E112: =IF(E110>=87,"OK",IF(E110<=87,"LESS")) -> OK | F112: =IF(F110>=87,"OK",IF(F110<=87,"LESS")) -> OK | G112: =IF(G110>=87,"OK",IF(G110<=87,"LESS")) -> OK | H112: =IF(H110>=87,"OK",IF(H110<=87,"LESS")) -> OK | I112: =IF(I110>=87,"OK",IF(I110<=87,"LESS")) -> OK | ... Q112: =IF(Q110>=87,"OK",IF(Q110<=87,"LESS")) -> OK
A115: Done by | B115: RK
A117: Comment

Sheet 17
A1: Station: | B1: BHATAGAON RAIPUR
A2: Date: | B2: =$A$9 -> 17-12-2022 00:15 | D2: Power Off | G2: Pw.Off | L2: Link Fail | N2: Link F | P2: Maintenance | R2: Maint.
A3: Report Type: | B3: Mean | D3: Calibration | G3: Calib. | L3: Data Fail | N3: Data F | P3: Invalid | R3: Invalid
A4: Time Base: | B4: 15 Min | D4: Zero Referrence | G4: Z.Ref | L4: Warm Up | N4: Wm. Up
A7: Date & Time | B7: NO_BHATAGAON | C7: NO2__BHATAGAON | D7: NOX_BHATAGAON | E7: SO2__BHATAGAON | F7: O3__BHATAGAON | G7: PM10__BHATAGAON | H7: PM2_5__BHATAGAON | I7: BENZ__BHATAGAON | J7: WS__BHATAGAON | K7: WD__BHATAGAON | L7: TEMP__BHATAGAON | M7: HUM__BHATAGAON | N7: SR__BHATAGAON | O7: RG__BHATAGAON | P7: CO__BHATAGAON | Q7: NH3__BHATAGAON
B8: ug/m3 | C8: ug/m3 | D8: ug/m3 | E8: ug/m3 | F8: ug/m3 | G8: ug/m3 | H8: ug/m3 | I8: ug/m3 | J8: m/sec | K8: deg | L8: degreC | M8: % | N8: w/m2 | O8: mm | P8: mg/m3 | Q8: ug/m3
A9: 17-12-2022 00:15 | B9: 106.59 | C9: 110.53 | D9: 146.48 | E9: 5.94 | F9: 0.68 | G9: 51.22 | H9: 29.88 | I9: 1.62 | J9: 0.21 | K9: 25.9 | L9: 22.72 | M9: 55 | N9: 24.4 | O9: 0 | P9: 3.6 | Q9: 54.04
A10: 17-12-2022 00:30 | B10: 99.25 | C10: 109.86 | D10: 140.22 | E10: 5.8 | F10: 0.61 | G10: 51.22 | H10: 29.88 | I10: 1.57 | J10: 0.27 | K10: 358.76 | L10: 22.54 | M10: 56 | N10: 24.4 | O10: 0 | P10: 3.44 | Q10: 53.44
A11: 17-12-2022 00:45 | B11: 93.75 | C11: 106.89 | D11: 134.17 | E11: 5.9 | F11: 0.63 | G11: 54.67 | H11: 28.17 | I11: 1.52 | J11: 0.22 | K11: 21.86 | L11: 22.32 | M11: 57 | N11: 24.3 | O11: 0 | P11: 3.28 | Q11: 52.99
A12: 17-12-2022 01:00 | B12: 92.67 | C12: 104.46 | D12: 131.97 | E12: 5.98 | F12: 0.63 | G12: 65.68 | H12: 25.47 | I12: 1.45 | J12: 0.22 | K12: 35.08 | L12: 22.08 | M12: 57 | N12: 24.3 | O12: 0 | P12: 3.14 | Q12: 53.96
A13: 17-12-2022 01:15 | B13: 86.2 | C13: 101.92 | D13: 125.38 | E13: 5.87 | F13: 0.48 | G13: 65.68 | H13: 25.47 | I13: 1.29 | J13: 0.33 | K13: 56.64 | L13: 21.88 | M13: 59 | N13: 24.3 | O13: 0 | P13: 2.87 | Q13: 53.71
A14: 17-12-2022 01:30 | B14: 79.49 | C14: 98.91 | D14: 118.33 | E14: 5.9 | F14: 0.44 | G14: 65.68 | H14: 25.47 | I14: 1.37 | J14: 0.31 | K14: 42.07 | L14: 21.75 | M14: 59 | N14: 24.3 | O14: 0 | P14: 2.77 | Q14: 52.68
A15: 17-12-2022 01:45 | B15: 73.21 | C15: 96.38 | D15: 111.9 | E15: 5.28 | F15: 0.54 | G15: 56.4 | H15: 24.22 | I15: 1.28 | J15: 0.22 | K15: 27.1 | L15: 21.58 | M15: 59 | N15: 24.4 | O15: 0 | P15: 2.61 | Q15: 51.77
A16: 17-12-2022 02:00 | B16: 67.59 | C16: 93.85 | D16: 106 | E16: 4.97 | F16: 0.43 | G16: 47.12 | H16: 22.27 | I16: 1.08 | J16: 0.35 | K16: 68.35 | L16: 21.33 | M16: 61 | N16: 24.2 | O16: 0 | P16: 2.46 | Q16: 50.8
A17: 17-12-2022 02:15 | B17: 62.22 | C17: 91.46 | D17: 100.37 | E17: 4.86 | F17: 0.52 | G17: 47.12 | H17: 22.27 | I17: 1.01 | J17: 0.33 | K17: 63.33 | L17: 21.2 | M17: 60 | N17: 24.2 | O17: 0 | P17: 2.31 | Q17: 49.96
A18: 17-12-2022 02:30 | B18: 56.86 | C18: 89.06 | D18: 94.75 | E18: 4.93 | F18: 0.43 | G18: 47.12 | H18: 22.27 | I18: 0.95 | J18: 0.19 | K18: 38.69 | L18: 21 | M18: 60 | N18: 24.4 | O18: 0 | P18: 2.17 | Q18: 49.01
A19: 17-12-2022 02:45 | B19: 51.89 | C19: 86.87 | D19: 89.55 | E19: 4.69 | F19: 0.47 | G19: 37.21 | H19: 21.69 | I19: 0.89 | J19: 0.33 | K19: 8.06 | L19: 20.81 | M19: 61 | N19: 24.3 | O19: 0 | P19: 2.04 | Q19: 46.99
A20: 17-12-2022 03:00 | B20: 46.85 | C20: 82.29 | D20: 82.99 | E20: 5.37 | F20: 0.47 | G20: 27.6 | H20: 20.74 | I20: 0.83 | J20: 0.62 | K20: 5.93 | L20: 20.65 | M20: 61 | N20: 23.9 | O20: 0 | P20: 1.94 | Q20: 46.1
... A47: 17-12-2022 09:45 | B47: 12.86 | C47: 76.49 | D47: 52.52 | E47: 3.86 | F47: 2.02 | G47: 40.92 | H47: 17.18 | I47: 0.36 | J47: 0.76 | K47: 14.65 | L47: 27.93 | M47: 34 | N47: 392 | O47: 0 | P47: 1.01 | Q47: 37.13
A48: 17-12-2022 10:00 | B48: 11.54 | C48: 76.32 | D48: 51.37 | E48: 3.24 | F48: 1.78 | G48: Invalid | H48: Invalid | I48: 0.34 | J48: 1.08 | K48: 5.59 | L48: 28.92 | M48: 32 | N48: 400.5 | O48: 0 | P48: 1.01 | Q48: 36.03
A49: 17-12-2022 10:15 | B49: 10.42 | C49: 76.84 | D49: 50.76 | E49: 3.59 | F49: 1.36 | G49: Invalid | H49: Invalid | I49: 0.34 | J49: 1.05 | K49: 1.15 | L49: 30.72 | M49: 29 | N49: 415 | O49: 0 | P49: 1 | Q49: 35.95
A50: 17-12-2022 10:30 | B50: 9.63 | C50: 77.34 | D50: 50.4 | E50: 3.71 | F50: 1.29 | G50: Invalid | H50: Invalid | I50: 0.34 | J50: 0.76 | K50: 8.53 | L50: 30.58 | M50: 29 | N50: 421.3 | O50: 0 | P50: 1 | Q50: 36.09
A51: 17-12-2022 10:45 | B51: 8.84 | C51: 78.69 | D51: 50.51 | E51: 6.76 | F51: 4.04 | G51: Invalid | H51: Invalid | I51: 0.34 | J51: 0.96 | K51: 14.12 | L51: 30.62 | M51: 29 | N51: 423.3 | O51: 0 | P51: 1.02 | Q51: 36.09
A52: 17-12-2022 11:00 | B52: 7.43 | C52: 84.7 | D52: 52.7 | E52: 16.32 | F52: 7.93 | G52: Calib. | H52: Calib. | I52: 0.34 | J52: 0.72 | K52: 6.84 | L52: 31.18 | M52: 28 | N52: 416 | O52: 0 | P52: 1.11 | Q52: 33
A53: 17-12-2022 11:15 | B53: 8.63 | C53: 87.03 | D53: 54.95 | E53: 26.63 | F53: 10.58 | G53: Calib. | H53: Calib. | I53: 0.33 | J53: 0.76 | K53: 15.85 | L53: 30.58 | M53: 28 | N53: 407.6 | O53: 0 | P53: 1.18 | Q53: 30.07
A54: 17-12-2022 11:30 | B54: 7.02 | C54: 91.28 | D54: 56 | E54: 17.92 | F54: 6.83 | G54: Calib. | H54: Calib. | I54: 0.28 | J54: 0.93 | K54: 7.26 | L54: 31.21 | M54: 27 | N54: 413 | O54: 0 | P54: 1.21 | Q54: 30.62
A55: 17-12-2022 11:45 | B55: 5.62 | C55: 92.1 | D55: 55.34 | E55: 11.7 | F55: 4.24 | G55: Invalid | H55: Invalid | I55: 0.26 | J55: 0.15 | K55: 124.09 | L55: 29.92 | M55: 28 | N55: 406 | O55: 0 | P55: 1.22 | Q55: 30.68
A56: 17-12-2022 12:00 | B56: 4.76 | C56: 91.1 | D56: 54.1 | E56: 3.45 | F56: 3.6 | G56: 71.79 | H56: 28.17 | I56: 0.27 | J56: 0.34 | K56: 50.08 | L56: 30.59 | M56: 28 | N56: 399.4 | O56: 0 | P56: 1.21 | Q56: 30.16
A57: 17-12-2022 12:15 | B57: 4.9 | C57: 88.48 | D57: 52.76 | E57: 6.44 | F57: 2.89 | G57: 71.79 | H57: 28.17 | I57: 0.26 | J57: 0.43 | K57: 78.35 | L57: 28.8 | M57: 30 | N57: 396.5 | O57: 0 | P57: 1.18 | Q57: 29.95
A58: 17-12-2022 12:30 | B58: 5.07 | C58: 84.94 | D58: 50.94 | E58: 8.03 | F58: 3.34 | G58: 71.79 | H58: 28.17 | I58: 0.25 | J58: 0.65 | K58: 8.75 | L58: 31.01 | M58: 26 | N58: 386.7 | O58: 0 | P58: 1.16 | Q58: 30.02
A59: 17-12-2022 12:45 | B59: 4.85 | C59: 88.45 | D59: 52.71 | E59: 10.93 | F59: 5.39 | G59: 72.85 | H59: 28.21 | I59: 0.25 | J59: 0.7 | K59: 9.9 | L59: 30.74 | M59: 25 | N59: 377.7 | O59: 0 | P59: 1.18 | Q59: 30.11
A60: 17-12-2022 13:00 | B60: 4.88 | C60: 85.61 | D60: 51.16 | E60: 9.07 | F60: 5.7 | G60: 142.55 | H60: 31.55 | I60: 0.24 | J60: 0.52 | K60: 8.73 | L60: 31.98 | M60: 23 | N60: 366.4 | O60: 0 | P60: 1.17 | Q60: 29.45
A61: 17-12-2022 13:15 | B61: 4.98 | C61: 84.16 | D61: 50.44 | E61: 9.43 | F61: 6.51 | G61: 142.55 | H61: 31.55 | I61: 0.22 | J61: 0.62 | K61: 358.52 | L61: 32.02 | M61: 23 | N61: 345.9 | O61: 0 | P61: 1.11 | Q61: 28.84
A62: 17-12-2022 13:30 | B62: 4.26 | C62: 83.72 | D62: 49.62 | E62: 11.02 | F62: 3.39 | G62: 142.55 | H62: 31.55 | I62: 0.21 | J62: 0.28 | K62: 45.72 | L62: 31.21 | M62: 23 | N62: 335.3 | O62: 0 | P62: 1.14 | Q62: 28.38
A63: 17-12-2022 13:45 | B63: 3.79 | C63: 84.43 | D63: 49.63 | E63: 7.55 | F63: 2.62 | G63: 142.55 | H63: 31.56 | I63: 0.22 | J63: 0.67 | K63: 347.09 | L63: 30.88 | M63: 23 | N63: 338.4 | O63: 0 | P63: 1.14 | Q63: 29.34
A64: 17-12-2022 14:00 | B64: 6.19 | C64: 89.73 | D64: 54.48 | E64: 9.52 | F64: 6.91 | G64: Invalid | H64: Invalid | I64: 0.22 | J64: 0.99 | K64: 355.98 | L64: 32.31 | M64: 20 | N64: 332.2 | O64: 0 | P64: 1.11 | Q64: 29.59
A65: 17-12-2022 14:15 | B65: 7.5 | C65: 96.13 | D65: 59.06 | E65: 12.81 | F65: 7.66 | G65: Invalid | H65: Invalid | I65: 0.22 | J65: 0.78 | K65: 7.68 | L65: 31.76 | M65: 19 | N65: 322.7 | O65: 0 | P65: 1.04 | Q65: 27.61
A66: 17-12-2022 14:30 | B66: 8.14 | C66: 92.72 | D66: 57.7 | E66: 9.16 | F66: 5.39 | G66: Invalid | H66: Invalid | I66: 0.2 | J66: 0.91 | K66: 354.8 | L66: 32.55 | M66: 18 | N66: 165.9 | O66: 0 | P66: 1.06 | Q66: 28.27
A67: 17-12-2022 14:45 | B67: 5.84 | C67: 88.74 | D67: 53.66 | E67: 8.48 | F67: 9.59 | G67: Invalid | H67: Invalid | I67: 0.19 | J67: 0.94 | K67: 1.06 | L67: 32.49 | M67: 17 | N67: 159.8 | O67: 0 | P67: 1.04 | Q67: 28.51
A68: 17-12-2022 15:00 | B68: 6.57 | C68: 86.35 | D68: 52.92 | E68: 8.5 | F68: 8.26 | G68: Invalid | H68: Invalid | I68: 0.2 | J68: 1.42 | K68: 11.54 | L68: 31.9 | M68: 17 | N68: 264.6 | O68: 0 | P68: 1 | Q68: 28.31
A69: 17-12-2022 15:15 | B69: 6.2 | C69: 89.64 | D69: 54.45 | E69: 6.25 | F69: 4.64 | G69: Invalid | H69: Invalid | I69: 0.19 | J69: 1.28 | K69: 7.73 | L69: 30.76 | M69: 17 | N69: 237.7 | O69: 0 | P69: 1.03 | Q69: 29.61
A70: 17-12-2022 15:30 | B70: 9.59 | C70: 86.26 | D70: 55.29 | E70: 12.1 | F70: 10.93 | G70: Invalid | H70: Invalid | I70: 0.2 | J70: 0.97 | K70: 12.54 | L70: 29.69 | M70: 18 | N70: 150.3 | O70: 0 | P70: 1.03 | Q70: 30.11
A71: 17-12-2022 15:45 | B71: 8.52 | C71: 86.67 | D71: 54.66 | E71: 12.49 | F71: 11.32 | G71: Invalid | H71: Invalid | I71: 0.22 | J71: 1.29 | K71: 12.51 | L71: 28.66 | M71: 20 | N71: 175.9 | O71: 0 | P71: 1.03 | Q71: 29
A72: 17-12-2022 16:00 | B72: 7.95 | C72: 86.36 | D72: 54.03 | E72: 5.63 | F72: 9.98 | G72: Invalid | H72: Invalid | I72: 0.2 | J72: 1.29 | K72: 11.13 | L72: 28.11 | M72: 20 | N72: 64.8 | O72: 0 | P72: 1.01 | Q72: 28.25
A73: 17-12-2022 16:15 | B73: 6.98 | C73: 89.13 | D73: 54.78 | E73: 8.07 | F73: 5.11 | G73: Invalid | H73: Invalid | I73: 0.2 | J73: 0.76 | K73: 11.92 | L73: 27.73 | M73: 20 | N73: 52.4 | O73: 0 | P73: 1.04 | Q73: 27.63
A74: 17-12-2022 16:30 | B74: 6.76 | C74: 88.75 | D74: 54.4 | E74: 5.49 | F74: 2.86 | G74: Calib. | H74: Calib. | I74: 0.2 | J74: 0.98 | K74: 12.68 | L74: 27.44 | M74: 21 | N74: 47.7 | O74: 0 | P74: 1.05 | Q74: 28.3
A75: 17-12-2022 16:45 | B75: 8.09 | C75: 88.93 | D75: 55.57 | E75: 4.49 | F75: 2.05 | G75: Calib. | H75: Calib. | I75: 0.21 | J75: 0.77 | K75: 12.27 | L75: 26.96 | M75: 23 | N75: 42 | O75: 0 | P75: 1.08 | Q75: 29.52
A76: 17-12-2022 17:00 | B76: 10.01 | C76: 91.58 | D76: 58.56 | E76: 5.99 | F76: 3.98 | G76: Calib. | H76: Calib. | I76: 0.22 | J76: 0.31 | K76: 24.38 | L76: 26.09 | M76: 24 | N76: 36.1 | O76: 0 | P76: 1.17 | Q76: 30.19
A77: 17-12-2022 17:15 | B77: 20.37 | C77: 99.34 | D77: 71.16 | E77: 8.02 | F77: 4.65 | G77: 29.21 | H77: 11.44 | I77: 0.24 | J77: 0.47 | K77: 12.95 | L77: 25.51 | M77: 26 | N77: 29.8 | O77: 0 | P77: 1.41 | Q77: 30.61
A78: 17-12-2022 17:30 | B78: 18.25 | C78: 96.43 | D78: 67.86 | E78: 6.92 | F78: 2.77 | G78: 61.24 | H78: 32.18 | I78: 0.25 | J78: 0.24 | K78: 18.82 | L78: 24.79 | M78: 28 | N78: 25.8 | O78: 0 | P78: 1.46 | Q78: 31.36
A79: 17-12-2022 17:45 | B79: 20.99 | C79: 100.26 | D79: 72.17 | E79: 5.5 | F79: 1.36 | G79: 61.24 | H79: 32.18 | I79: 0.29 | J79: 0.13 | K79: 46.46 | L79: 24.11 | M79: 30 | N79: 24.3 | O79: 0 | P79: 1.52 | Q79: 32.89
A80: 17-12-2022 18:00 | B80: 20.22 | C80: 98.04 | D80: 70.32 | E80: 5.25 | F80: 1.21 | G80: 61.24 | H80: 32.18 | I80: 0.32 | J80: 0.28 | K80: 81.14 | L80: 24 | M80: 31 | N80: 23.7 | O80: 0 | P80: 1.53 | Q80: 34.01
A81: 17-12-2022 18:15 | B81: 23.08 | C81: 98.47 | D81: 72.85 | E81: 5.62 | F81: 1.03 | G81: 67.79 | H81: 31.3 | I81: 0.35 | J81: 0.34 | K81: 19.44 | L81: 23.54 | M81: 33 | N81: 23.7 | O81: 0 | P81: 1.62 | Q81: 35.04
A82: 17-12-2022 18:30 | B82: 23.04 | C82: 94.14 | D82: 70.43 | E82: 5.18 | F82: 1.06 | G82: 74.94 | H82: 29.77 | I82: 0.38 | J82: 0.18 | K82: 54.91 | L82: 23.12 | M82: 33 | N82: 24.1 | O82: 0 | P82: 1.64 | Q82: 36.02
A83: 17-12-2022 18:45 | B83: 22.28 | C83: 92.6 | D83: 68.97 | E83: 4.6 | F83: 0.94 | G83: 74.94 | H83: 29.77 | I83: 0.4 | J83: 0.27 | K83: 65.83 | L83: 22.78 | M83: 34 | N83: 23.9 | O83: 0 | P83: 1.67 | Q83: 37.59
A84: 17-12-2022 19:00 | B84: 22.17 | C84: 91.72 | D84: 68.4 | E84: 4.3 | F84: 0.7 | G84: 74.94 | H84: 29.77 | I84: 0.42 | J84: 0.27 | K84: 65.67 | L84: 22.46 | M84: 34 | N84: 23.8 | O84: 0 | P84: 1.72 | Q84: 38.62
A85: 17-12-2022 19:15 | B85: 20.83 | C85: 91.24 | D85: 67.06 | E85: 4.12 | F85: 0.68 | G85: 76.99 | H85: 30.69 | I85: 0.44 | J85: 0.26 | K85: 63.57 | L85: 22.12 | M85: 35 | N85: 23.8 | O85: 0 | P85: 1.68 | Q85: 38.75
A86: 17-12-2022 19:30 | B86: 19.12 | C86: 90.28 | D86: 65.16 | E86: 4.14 | F86: 0.79 | G86: 79.17 | H86: 32.28 | I86: 0.47 | J86: 0.32 | K86: 59.02 | L86: 22.09 | M86: 35 | N86: 23.5 | O86: 0 | P86: 1.73 | Q86: 38.48
A87: 17-12-2022 19:45 | B87: 18.1 | C87: 90.31 | D87: 64.35 | E87: 4.21 | F87: 0.77 | G87: 79.17 | H87: 32.28 | I87: 0.47 | J87: 0.2 | K87: 42.74 | L87: 21.6 | M87: 37 | N87: 24.2 | O87: 0 | P87: 1.74 | Q87: 38.35
A88: 17-12-2022 20:00 | B88: 19.4 | C88: 92.04 | D88: 66.35 | E88: 1.8 | F88: 0.68 | G88: 79.17 | H88: 32.28 | I88: 0.47 | J88: 0.11 | K88: 10.75 | L88: 20.69 | M88: 41 | N88: 24.4 | O88: 0 | P88: 1.86 | Q88: 38.5
... A104: 17-12-2022 24:00 | B104: 59.08 | C104: 107.37 | D104: 106.63 | E104: 2.75 | F104: 0.94 | G104: 51.98 | H104: 34.54 | I104: 0.85 | J104: 0.22 | K104: 23.85 | L104: 18.62 | M104: 47 | N104: 24.3 | O104: 0 | P104: 2.59 | Q104: 41.69
A106: Min | B106: =MIN(B9:B104) -> 3.79 | C106: =MIN(C9:C104) -> 72.15 | D106: =MIN(D9:D104) -> 49.62 | E106: =MIN(E9:E104) -> 1.8 | F106: =MIN(F9:F104) -> 0.43 | G106: =MIN(G9:G104) -> 27.6 | H106: =MIN(H9:H104) -> 11.44 | I106: =MIN(I9:I104) -> 0.19 | ... Q106: =MIN(Q9:Q104) -> 27.61
A107: Max | B107: =MAX(B9:B104) -> 106.59 | C107: =MAX(C9:C104) -> 115.53 | D107: =MAX(D9:D104) -> 146.48 | E107: =MAX(E9:E104) -> 26.63 | F107: =MAX(F9:F104) -> 11.32 | G107: =MAX(G9:G104) -> 142.55 | H107: =MAX(H9:H104) -> 34.54 | I107: =MAX(I9:I104) -> 1.62 | ... Q107: =MAX(Q9:Q104) -> 54.04
A108: Avg | B108: =AVERAGE(B9:B104) -> 31.131667 | C108: =AVERAGE(C9:C104) -> 89.523854 | D108: =AVERAGE(D9:D104) -> 74.371354 | E108: =AVERAGE(E9:E104) -> 6.1495833 | F108: =AVERAGE(F9:F104) -> 2.2380208 | G108: =AVERAGE(G9:G104) -> 70.866267 | H108: =AVERAGE(H9:H104) -> 24.885867 | I108: =AVERAGE(I9:I104) -> 0.551875 | ... Q108: =AVERAGE(Q9:Q104) -> 38.618438
A109: Stdev | B109: =STDEV(B9:B104) -> 26.499582 | C109: =STDEV(C9:C104) -> 12.611462 | D109: =STDEV(D9:D104) -> 26.330419 | E109: =STDEV(E9:E104) -> 3.4527639 | F109: =STDEV(F9:F104) -> 2.7585868 | G109: =STDEV(G9:G104) -> 29.786107 | H109: =STDEV(H9:H104) -> 7.1508643 | I109: =STDEV(I9:I104) -> 0.3512783 | ... Q109: =STDEV(Q9:Q104) -> 7.2197017
A110: Num | B110: =COUNT(B9:B104) -> 96 | C110: =COUNT(C9:C104) -> 96 | D110: =COUNT(D9:D104) -> 96 | E110: =COUNT(E9:E104) -> 96 | F110: =COUNT(F9:F104) -> 96 | G110: =COUNT(G9:G104)+6 -> 81 | H110: =COUNT(H9:H104)+6 -> 81 | I110: =COUNT(I9:I104) -> 96 | J110: =COUNT(J9:J104) -> 96 | K110: =COUNT(K9:K104) -> 96 | L110: =COUNT(L9:L104) -> 96 | M110: =COUNT(M9:M104) -> 96 | N110: =COUNT(N9:N104) -> 96 | O110: =COUNT(O9:O104) -> 96 | P110: =COUNT(P9:P104) -> 96 | Q110: =COUNT(Q9:Q104) -> 96
A111: DCR | B111: =IF(B110>=87,">90%",IF(B110<=87,"<90%")) -> >90% | C111: =IF(C110>=87,">90%",IF(C110<=87,"<90%")) -> >90% | D111: =IF(D110>=87,">90%",IF(D110<=87,"<90%")) -> >90% | E111: =IF(E110>=87,">90%",IF(E110<=87,"<90%")) -> >90% | F111: =IF(F110>=87,">90%",IF(F110<=87,"<90%")) -> >90% | G111: =IF(G110>=87,">90%",IF(G110<=87,"<90%")) -> <90% | H111: =IF(H110>=87,">90%",IF(H110<=87,"<90%")) -> <90% | I111: =IF(I110>=87,">90%",IF(I110<=87,"<90%")) -> >90% | ... Q111: =IF(Q110>=87,">90%",IF(Q110<=87,"<90%")) -> >90%
A112: Status | B112: =IF(B110>=87,"OK",IF(B110<=87,"LESS")) -> OK | C112: =IF(C110>=87,"OK",IF(C110<=87,"LESS")) -> OK | D112: =IF(D110>=87,"OK",IF(D110<=87,"LESS")) -> OK | E112: =IF(E110>=87,"OK",IF(E110<=87,"LESS")) -> OK | F112: =IF(F110>=87,"OK",IF(F110<=87,"LESS")) -> OK | G112: =IF(G110>=87,"OK",IF(G110<=87,"LESS")) -> LESS | H112: =IF(H110>=87,"OK",IF(H110<=87,"LESS")) -> LESS | I112: =IF(I110>=87,"OK",IF(I110<=87,"LESS")) -> OK | ... Q112: =IF(Q110>=87,"OK",IF(Q110<=87,"LESS")) -> OK
A115: Done by | B115: RK
A117: Comment

Sheet 18
A1: Station: | B1: BHATAGAON RAIPUR
A2: Date: | B2: =$A$9 -> 18-12-2022 00:15 | D2: Power Off | G2: Pw.Off | L2: Link Fail | N2: Link F | P2: Maintenance | R2: Maint.
A3: Report Type: | B3: Mean | D3: Calibration | G3: Calib. | L3: Data Fail | N3: Data F | P3: Invalid | R3: Invalid
A4: Time Base: | B4: 15 Min | D4: Zero Referrence | G4: Z.Ref | L4: Warm Up | N4: Wm. Up
