Workbook

Sheet 01
A1: Station: | B1: IGKV RAIPUR
A2: Date: | B2: =$A$9 -> 01/09/2023 00:15 | C2: Power Off | G2: Pw.Off | J2: Link Fail | L2: Link F | N2: Maintenance | P2: Maint.
A3: Report Type: | B3: Mean | C3: Calibration | G3: Calib. | J3: Data Fail | L3: Data F | N3: Invalid | P3: Invalid
A4: Time Base: | B4: 15 Min | C4: Zero Referrence | G4: Z.Ref | J4: Warm Up | L4: Wm. Up
A7: Date & Time | B7: NO | C7: NO2 | D7: NOX | E7: SO2 | F7: O3 | G7: PM 10 | H7: PM 2.5 | I7: BENZ | J7: WS | K7: WD | L7: TEMP | M7: HUM | N7: SR | O7: RG | P7: CO | Q7: NH3
B8: ug/m3 | C8: ug/m3 | D8: ppb | E8: ug/m3 | F8: ug/m3 | G8: ug/m3 | H8: ug/m3 | I8: ug/m3 | J8: m/sec | K8: deg | L8: degreC | M8: % | N8: w/m2 | O8: mm | P8: mg/m3 | Q8: ug/m3
A9: 01/09/2023 00:15 | B9: 8.57 | C9: 14.33 | D9: 15.71 | E9: 7.41 | F9: 5.27 | G9: 55.21 | H9: 17.87 | I9: 17.78 | J9: 0.09 | K9: 201.91 | L9: 27.52 | M9: 97.26 | N9: 0 | O9: 0 | P9: 0.76 | Q9: 4.67
A10: 01/09/2023 00:30 | B10: 9.51 | C10: 15.6 | D10: 17.13 | E10: 7.96 | F10: 5.34 | G10: 55.21 | H10: 17.87 | I10: 17.02 | J10: 0.25 | K10: 256.91 | L10: 27.48 | M10: 96.37 | N10: 0 | O10: 0 | P10: 0.76 | Q10: 4.65
A11: 01/09/2023 00:45 | B11: 9.93 | C11: 17.74 | D11: 18.59 | E11: 9.13 | F11: 5.47 | G11: 55.21 | H11: 17.87 | I11: 17.72 | J11: 0.21 | K11: 202.97 | L11: 27.59 | M11: 91.05 | N11: 0 | O11: 0 | P11: 0.78 | Q11: 4.71
A12: 01/09/2023 01:00 | B12: 9.52 | C12: 15.88 | D12: 17.28 | E12: 8.24 | F12: 5.97 | G12: 51.89 | H12: 18.1 | I12: 19 | J12: 0.25 | K12: 171.32 | L12: 27.52 | M12: 94.37 | N12: 0 | O12: 0 | P12: 0.76 | Q12: 4.7
A13: 01/09/2023 01:15 | B13: 9.49 | C13: 14.47 | D13: 16.52 | E13: 7.99 | F13: 6.87 | G13: 51.74 | H13: 18.1 | I13: 18.2 | J13: 0.16 | K13: 188.5 | L13: 27.1 | M13: 95.87 | N13: 0 | O13: 0 | P13: 0.72 | Q13: 4.69
A14: 01/09/2023 01:30 | B14: 10.59 | C14: 16.24 | D14: 18.33 | E14: 8.47 | F14: 6.54 | G14: 51.74 | H14: 18.1 | I14: 16.99 | J14: 0.12 | K14: 203.46 | L14: 27.13 | M14: 93.12 | N14: 0 | O14: 0 | P14: 0.75 | Q14: 4.65
A15: 01/09/2023 01:45 | B15: 10.73 | C15: 16.21 | D15: 18.42 | E15: 8.5 | F15: 6.15 | G15: 51.74 | H15: 18.1 | I15: 17.24 | J15: 0.29 | K15: 172.43 | L15: 27.15 | M15: 95.51 | N15: 0 | O15: 0 | P15: 0.76 | Q15: 4.69
A16: 01/09/2023 02:00 | B16: 10 | C16: 14.63 | D16: 17.01 | E16: 8.21 | F16: 7.02 | G16: 49.99 | H16: 18.48 | I16: 18.93 | J16: 0.14 | K16: 206 | L16: 26.86 | M16: 95.55 | N16: 0 | O16: 0 | P16: 0.72 | Q16: 4.69
A17: 01/09/2023 02:15 | B17: 10.04 | C17: 13.78 | D17: 16.6 | E17: 6.76 | F17: 7.14 | G17: 49.88 | H17: 18.48 | I17: 17.69 | J17: 0.24 | K17: 180.62 | L17: 26.8 | M17: 96.96 | N17: 0 | O17: 0 | P17: 0.71 | Q17: 4.66
A18: 01/09/2023 02:30 | B18: 9.99 | C18: 13.19 | D18: 16.25 | E18: 8.09 | F18: 6.63 | G18: 49.88 | H18: 18.48 | I18: 16.28 | J18: 0.13 | K18: 200.93 | L18: 26.67 | M18: 97.99 | N18: 0 | O18: 0 | P18: 0.7 | Q18: 4.64
A19: 01/09/2023 02:45 | B19: 9.69 | C19: 13.11 | D19: 15.97 | E19: 7.96 | F19: 6.51 | G19: 49.88 | H19: 18.48 | I19: 16.01 | J19: 0.13 | K19: 162.79 | L19: 26.69 | M19: 97.21 | N19: 0 | O19: 0 | P19: 0.7 | Q19: 4.61
A20: 01/09/2023 03:00 | B20: 10.36 | C20: 15.01 | D20: 17.5 | E20: 8.27 | F20: 5.48 | G20: 47.38 | H20: 20.73 | I20: 15.53 | J20: 0.11 | K20: 186.06 | L20: 26.57 | M20: 98.01 | N20: 0 | O20: 0 | P20: 0.72 | Q20: 4.67
... A104: 01/09/2023 24:00 | B104: 9.93 | C104: 14.6 | D104: 16.95 | E104: 7.24 | F104: 8.18 | G104: 57.5 | H104: 16.82 | I104: 7.16 | J104: 0.15 | K104: 241.83 | L104: 27.73 | M104: 88.61 | N104: 0 | O104: 0 | P104: 0.77 | Q104: 4.71
A106: Min | B106: =MIN(B9:B104) -> 5.11 | C106: =MIN(C9:C104) -> 11.2 | D106: =MIN(D9:D104) -> 11.5 | E106: =MIN(E9:E104) -> 6.76 | F106: =MIN(F9:F104) -> 4.21 | G106: =MIN(G9:G104) -> 35.58 | H106: =MIN(H9:H104) -> 12.73 | I106: =MIN(I9:I104) -> 5.22 | ... Q106: =MIN(Q9:Q104) -> 4.13
A107: Max | B107: =MAX(B9:B104) -> 13.75 | C107: =MAX(C9:C104) -> 23.71 | D107: =MAX(D9:D104) -> 24.76 | E107: =MAX(E9:E104) -> 16.91 | F107: =MAX(F9:F104) -> 24.01 | G107: =MAX(G9:G104) -> 71.96 | H107: =MAX(H9:H104) -> 20.73 | I107: =MAX(I9:I104) -> 19 | ... Q107: =MAX(Q9:Q104) -> 4.79
A108: Avg | B108: =AVERAGE(B9:B104) -> 9.0527083 | C108: =AVERAGE(C9:C104) -> 16.393333 | D108: =AVERAGE(D9:D104) -> 17.175521 | E108: =AVERAGE(E9:E104) -> 9.6008333 | F108: =AVERAGE(F9:F104) -> 9.663125 | G108: =AVERAGE(G9:G104) -> 51.05125 | H108: =AVERAGE(H9:H104) -> 16.960313 | I108: =AVERAGE(I9:I104) -> 10.180521 | ... Q108: =AVERAGE(Q9:Q104) -> 4.5230208
A109: Stdev | B109: =STDEV(B9:B104) -> 2.6107 | C109: =STDEV(C9:C104) -> 2.7522143 | D109: =STDEV(D9:D104) -> 2.8443968 | E109: =STDEV(E9:E104) -> 2.2980677 | F109: =STDEV(F9:F104) -> 5.6893101 | G109: =STDEV(G9:G104) -> 9.7827489 | H109: =STDEV(H9:H104) -> 1.729759 | I109: =STDEV(I9:I104) -> 3.8960129 | ... Q109: =STDEV(Q9:Q104) -> 0.21697984
A110: Num | B110: =COUNT(B9:B104) -> 96 | C110: =COUNT(C9:C104) -> 96 | D110: =COUNT(D9:D104) -> 96 | E110: =COUNT(E9:E104) -> 96 | F110: =COUNT(F9:F104) -> 96 | G110: =COUNT(G9:G104) -> 96 | H110: =COUNT(H9:H104) -> 96 | I110: =COUNT(I9:I104) -> 96 | ... Q110: =COUNT(Q9:Q104) -> 96
A111: DCR | B111: =IF(B110>=87,">90%",IF(B110<=87,"<90%")) -> >90% | C111: =IF(C110>=87,">90%",IF(C110<=87,"<90%")) -> >90% | D111: =IF(D110>=87,">90%",IF(D110<=87,"<90%")) -> >90% | E111: =IF(E110>=87,">90%",IF(E110<=87,"<90%")) -> >90% | F111: =IF(F110>=87,">90%",IF(F110<=87,"<90%")) -> >90% | G111: =IF(G110>=87,">90%",IF(G110<=87,"<90%")) -> >90% | H111: =IF(H110>=87,">90%",IF(H110<=87,"<90%")) -> >90% | I111: =IF(I110>=87,">90%",IF(I110<=87,"<90%")) -> >90% | ... Q111: =IF(Q110>=87,">90%",IF(Q110<=87,"<90%")) -> >90%
A112: Status | B112: =IF(B110>=87,"OK",IF(B110<=87,"LESS")) -> OK | C112: =IF(C110>=87,"OK",IF(C110<=87,"LESS")) -> OK | D112: =IF(D110>=87,"OK",IF(D110<=87,"LESS")) -> OK | E112: =IF(E110>=87,"OK",IF(E110<=87,"LESS")) -> OK | F112: =IF(F110>=87,"OK",IF(F110<=87,"LESS")) -> OK | G112: =IF(G110>=87,"OK",IF(G110<=87,"LESS")) -> OK | H112: =IF(H110>=87,"OK",IF(H110<=87,"LESS")) -> OK | I112: =IF(I110>=87,"OK",IF(I110<=87,"LESS")) -> OK | ... Q112: =IF(Q110>=87,"OK",IF(Q110<=87,"LESS")) -> OK
A115: Done by | B115: AKASH
A117: Comment

Sheet 02
A1: Station: | B1: IGKV RAIPUR
A2: Date: | B2: =$A$9 -> 02/09/2023 00:15 | C2: Power Off | G2: Pw.Off | J2: Link Fail | L2: Link F | N2: Maintenance | P2: Maint.
A3: Report Type: | B3: Mean | C3: Calibration | G3: Calib. | J3: Data Fail | L3: Data F | N3: Invalid | P3: Invalid
A4: Time Base: | B4: 15 Min | C4: Zero Referrence | G4: Z.Ref | J4: Warm Up | L4: Wm. Up
A7: Date & Time | B7: NO | C7: NO2 | D7: NOX | E7: SO2 | F7: O3 | G7: PM 10 | H7: PM 2.5 | I7: BENZ | J7: WS | K7: WD | L7: TEMP | M7: HUM | N7: SR | O7: RG | P7: CO | Q7: NH3
B8: ug/m3 | C8: ug/m3 | D8: ppb | E8: ug/m3 | F8: ug/m3 | G8: ug/m3 | H8: ug/m3 | I8: ug/m3 | J8: m/sec | K8: deg | L8: degreC | M8: % | N8: w/m2 | O8: mm | P8: mg/m3 | Q8: ug/m3
A9: 02/09/2023 00:15 | B9: 9.73 | C9: 14.53 | D9: 16.74 | E9: 6.62 | F9: 7.9 | G9: 56.86 | H9: 16.82 | I9: 6.73 | J9: 0.13 | K9: 183.08 | L9: 27.69 | M9: 88.04 | N9: 0 | O9: 0 | P9: 0.75 | Q9: 4.69
A10: 02/09/2023 00:30 | B10: 9.25 | C10: 14.06 | D10: 16.11 | E10: 6.85 | F10: 8.02 | G10: 56.86 | H10: 16.82 | I10: 6.56 | J10: 0.11 | K10: 197.61 | L10: 27.57 | M10: 88.52 | N10: 0 | O10: 0 | P10: 0.74 | Q10: 4.7
A11: 02/09/2023 00:45 | B11: 9.18 | C11: 14 | D11: 16.03 | E11: 7.11 | F11: 7.52 | G11: 56.86 | H11: 16.82 | I11: 6.57 | J11: 0.12 | K11: 187.6 | L11: 27.55 | M11: 88.61 | N11: 0 | O11: 0 | P11: 0.76 | Q11: 4.69
A12: 02/09/2023 01:00 | B12: 9.81 | C12: 14.93 | D12: 17.01 | E12: 7.36 | F12: 6.55 | G12: 51.16 | H12: 16 | I12: 6.63 | J12: 0.11 | K12: 173.83 | L12: 27.5 | M12: 89.32 | N12: 0 | O12: 0 | P12: 0.79 | Q12: 4.69
A13: 02/09/2023 01:15 | B13: 10.59 | C13: 17.09 | D13: 18.77 | E13: 7.7 | F13: 5.67 | G13: 50.9 | H13: 16 | I13: 6.97 | J13: 0.12 | K13: 224.91 | L13: 27.35 | M13: 89.94 | N13: 0 | O13: 0 | P13: 0.81 | Q13: 4.79
A14: 02/09/2023 01:30 | B14: 11.16 | C14: 16.72 | D14: 19.04 | E14: 7.65 | F14: 5.9 | G14: 50.9 | H14: 16 | I14: 7.33 | J14: 0.13 | K14: 226.12 | L14: 27.34 | M14: 90.91 | N14: 0 | O14: 0 | P14: 0.82 | Q14: 4.75
A15: 02/09/2023 01:45 | B15: 10.92 | C15: 15.65 | D15: 18.28 | E15: 7.46 | F15: 5.95 | G15: 50.9 | H15: 16 | I15: 7.54 | J15: 0.13 | K15: 191.75 | L15: 27.31 | M15: 92.07 | N15: 0 | O15: 0 | P15: 0.82 | Q15: 4.74
A16: 02/09/2023 02:00 | B16: 10.41 | C16: 14.13 | D16: 17.09 | E16: 6.95 | F16: 6.44 | G16: 46.68 | H16: 14.39 | I16: 7.59 | J16: 0.11 | K16: 188.36 | L16: 27.31 | M16: 90.57 | N16: 0 | O16: 0 | P16: 0.81 | Q16: 4.74
A17: 02/09/2023 02:15 | B17: 10.41 | C17: 13.65 | D17: 16.83 | E17: 6.24 | F17: 6.9 | G17: 46.44 | H17: 14.39 | I17: 7.66 | J17: 0.14 | K17: 159.67 | L17: 27.21 | M17: 91.93 | N17: 0 | O17: 0 | P17: 0.76 | Q17: 4.69
A18: 02/09/2023 02:30 | B18: 10.11 | C18: 12.9 | D18: 16.2 | E18: 7.2 | F18: 7.52 | G18: 46.44 | H18: 14.39 | I18: 7.67 | J18: 0.06 | K18: 202.04 | L18: 27.14 | M18: 91.84 | N18: 0 | O18: 0 | P18: 0.71 | Q18: 4.64
A19: 02/09/2023 02:45 | B19: 9.76 | C19: 12.32 | D19: 15.61 | E19: 7.19 | F19: 8.01 | G19: 46.44 | H19: 14.39 | I19: 7.18 | J19: 0.13 | K19: 183.23 | L19: 27.24 | M19: 91.61 | N19: 0 | O19: 0 | P19: 0.68 | Q19: 4.64
A20: 02/09/2023 03:00 | B20: 9.33 | C20: 11.42 | D20: 14.8 | E20: 7.16 | F20: 8.52 | G20: 38.66 | H20: 15.1 | I20: 6.63 | J20: 0.17 | K20: 176.42 | L20: 27.05 | M20: 91.93 | N20: 0 | O20: 0 | P20: 0.65 | Q20: 4.65
... A104: 02/09/2023 24:00 | B104: 7.97 | C104: 15.26 | D104: 15.71 | E104: 5.97 | F104: 6.57 | G104: 17.27 | H104: 6.33 | I104: 4.28 | J104: 0.25 | K104: 270.48 | L104: 25.28 | M104: 94.25 | N104: 0 | O104: 0 | P104: 0.48 | Q104: 4.36
A106: Min | B106: =MIN(B9:B104) -> 6.61 | C106: =MIN(C9:C104) -> 11.42 | D106: =MIN(D9:D104) -> 13.22 | E106: =MIN(E9:E104) -> 5.43 | F106: =MIN(F9:F104) -> 3.99 | G106: =MIN(G9:G104) -> 10.29 | H106: =MIN(H9:H104) -> 4.2 | I106: =MIN(I9:I104) -> 3.8 | ... Q106: =MIN(Q9:Q104) -> 4.35
A107: Max | B107: =MAX(B9:B104) -> 16.29 | C107: =MAX(C9:C104) -> 22.61 | D107: =MAX(D9:D104) -> 25.52 | E107: =MAX(E9:E104) -> 52.61 | F107: =MAX(F9:F104) -> 21.26 | G107: =MAX(G9:G104) -> 101.8 | H107: =MAX(H9:H104) -> 27.66 | I107: =MAX(I9:I104) -> 7.67 | ... Q107: =MAX(Q9:Q104) -> 5.11
A108: Avg | B108: =AVERAGE(B9:B104) -> 10.46125 | C108: =AVERAGE(C9:C104) -> 17.144479 | D108: =AVERAGE(D9:D104) -> 18.697917 | E108: =AVERAGE(E9:E104) -> 10.790938 | F108: =AVERAGE(F9:F104) -> 9.1430208 | G108: =AVERAGE(G9:G104) -> 51.311979 | H108: =AVERAGE(H9:H104) -> 16.058646 | I108: =AVERAGE(I9:I104) -> 5.8125 | ... Q108: =AVERAGE(Q9:Q104) -> 4.6569792
A109: Stdev | B109: =STDEV(B9:B104) -> 2.7251998 | C109: =STDEV(C9:C104) -> 2.883362 | D109: =STDEV(D9:D104) -> 3.0606934 | E109: =STDEV(E9:E104) -> 8.6403381 | F109: =STDEV(F9:F104) -> 4.298195 | G109: =STDEV(G9:G104) -> 25.401201 | H109: =STDEV(H9:H104) -> 6.5267104 | I109: =STDEV(I9:I104) -> 1.1391363 | ... Q109: =STDEV(Q9:Q104) -> 0.23127618
A110: Num | B110: =COUNT(B9:B104) -> 96 | C110: =COUNT(C9:C104) -> 96 | D110: =COUNT(D9:D104) -> 96 | E110: =COUNT(E9:E104) -> 96 | F110: =COUNT(F9:F104) -> 96 | G110: =COUNT(G9:G104) -> 96 | H110: =COUNT(H9:H104) -> 96 | I110: =COUNT(I9:I104) -> 96 | ... Q110: =COUNT(Q9:Q104) -> 96
A111: DCR | B111: =IF(B110>=87,">90%",IF(B110<=87,"<90%")) -> >90% | C111: =IF(C110>=87,">90%",IF(C110<=87,"<90%")) -> >90% | D111: =IF(D110>=87,">90%",IF(D110<=87,"<90%")) -> >90% | E111: =IF(E110>=87,">90%",IF(E110<=87,"<90%")) -> >90% | F111: =IF(F110>=87,">90%",IF(F110<=87,"<90%")) -> >90% | G111: =IF(G110>=87,">90%",IF(G110<=87,"<90%")) -> >90% | H111: =IF(H110>=87,">90%",IF(H110<=87,"<90%")) -> >90% | I111: =IF(I110>=87,">90%",IF(I110<=87,"<90%")) -> >90% | ... Q111: =IF(Q110>=87,">90%",IF(Q110<=87,"<90%")) -> >90%
A112: Status | B112: =IF(B110>=87,"OK",IF(B110<=87,"LESS")) -> OK | C112: =IF(C110>=87,"OK",IF(C110<=87,"LESS")) -> OK | D112: =IF(D110>=87,"OK",IF(D110<=87,"LESS")) -> OK | E112: =IF(E110>=87,"OK",IF(E110<=87,"LESS")) -> OK | F112: =IF(F110>=87,"OK",IF(F110<=87,"LESS")) -> OK | G112: =IF(G110>=87,"OK",IF(G110<=87,"LESS")) -> OK | H112: =IF(H110>=87,"OK",IF(H110<=87,"LESS")) -> OK | I112: =IF(I110>=87,"OK",IF(I110<=87,"LESS")) -> OK | ... Q112: =IF(Q110>=87,"OK",IF(Q110<=87,"LESS")) -> OK
A115: Done by | B115: AKASH
A117: Comment

Sheet 03
A1: Station: | B1: IGKV RAIPUR
A2: Date: | B2: =$A$9 -> 03/09/2023 00:15 | C2: Power Off | G2: Pw.Off | J2: Link Fail | L2: Link F | N2: Maintenance | P2: Maint.
A3: Report Type: | B3: Mean | C3: Calibration | G3: Calib. | J3: Data Fail | L3: Data F | N3: Invalid | P3: Invalid
A4: Time Base: | B4: 15 Min | C4: Zero Referrence | G4: Z.Ref | J4: Warm Up | L4: Wm. Up
A7: Date & Time | B7: NO | C7: NO2 | D7: NOX | E7: SO2 | F7: O3 | G7: PM 10 | H7: PM 2.5 | I7: BENZ | J7: WS | K7: WD | L7: TEMP | M7: HUM | N7: SR | O7: RG | P7: CO | Q7: NH3
B8: ug/m3 | C8: ug/m3 | D8: ppb | E8: ug/m3 | F8: ug/m3 | G8: ug/m3 | H8: ug/m3 | I8: ug/m3 | J8: m/sec | K8: deg | L8: degreC | M8: % | N8: w/m2 | O8: mm | P8: mg/m3 | Q8: ug/m3
A9: 03/09/2023 00:15 | B9: 8.75 | C9: 16.93 | D9: 17.21 | E9: 6.6 | F9: 5.05 | G9: 17.54 | H9: 6.33 | I9: 4.12 | J9: 0.27 | K9: 262.05 | L9: 25.28 | M9: 93.7 | N9: 0 | O9: 0 | P9: 0.5 | Q9: 4.4
A10: 03/09/2023 00:30 | B10: 8.87 | C10: 15.53 | D10: 16.57 | E10: 6.69 | F10: 6.06 | G10: 17.54 | H10: 6.33 | I10: 4.19 | J10: 0.31 | K10: 249.16 | L10: 25.34 | M10: 92.78 | N10: 0 | O10: 0 | P10: 0.49 | Q10: 4.37
A11: 03/09/2023 00:45 | B11: 8.51 | C11: 14.55 | D11: 15.77 | E11: 6.29 | F11: 7.23 | G11: 17.54 | H11: 6.33 | I11: 4.31 | J11: 0.36 | K11: 263.03 | L11: 25.38 | M11: 92.94 | N11: 0 | O11: 0 | P11: 0.46 | Q11: 4.33
A12: 03/09/2023 01:00 | B12: 8.46 | C12: 15.67 | D12: 16.32 | E12: 6.34 | F12: 5.77 | G12: 13.25 | H12: 6.46 | I12: 4.18 | J12: 0.28 | K12: 240.91 | L12: 25.3 | M12: 93.31 | N12: 0 | O12: 0 | P12: 0.47 | Q12: 4.35
A13: 03/09/2023 01:15 | B13: 8.84 | C13: 17.34 | D13: 17.5 | E13: 7.05 | F13: 4.41 | G13: 12.99 | H13: 6.46 | I13: 4.07 | J13: 0.3 | K13: 256.55 | L13: 25.33 | M13: 94.18 | N13: 0 | O13: 0 | P13: 0.48 | Q13: 4.41
A14: 03/09/2023 01:30 | B14: 9.1 | C14: 16.33 | D14: 17.18 | E14: 6.65 | F14: 5.04 | G14: 12.99 | H14: 6.46 | I14: 4.21 | J14: 0.16 | K14: 220.42 | L14: 25.26 | M14: 94.45 | N14: 0 | O14: 0 | P14: 0.48 | Q14: 4.38
A15: 03/09/2023 01:45 | B15: 9.16 | C15: 16.39 | D15: 17.26 | E15: 6.69 | F15: 4.87 | G15: 12.99 | H15: 6.46 | I15: 4.32 | J15: 0.19 | K15: 243.28 | L15: 25.24 | M15: 94.24 | N15: 0 | O15: 0 | P15: 0.5 | Q15: 4.39
A16: 03/09/2023 02:00 | B16: 9.02 | C16: 15.19 | D16: 16.52 | E16: 6.25 | F16: 6.36 | G16: 11.44 | H16: 4.58 | I16: 4.21 | J16: 0.18 | K16: 226.36 | L16: 25.25 | M16: 93.9 | N16: 0 | O16: 0 | P16: 0.47 | Q16: 4.38
A17: 03/09/2023 02:15 | B17: 8.89 | C17: 14.77 | D17: 16.2 | E17: 6.76 | F17: 6.2 | G17: 11.34 | H17: 4.58 | I17: 4.21 | J17: 0.11 | K17: 220.14 | L17: 25.2 | M17: 94.69 | N17: 0 | O17: 0 | P17: 0.43 | Q17: 4.36
A18: 03/09/2023 02:30 | B18: 8.85 | C18: 14.9 | D18: 16.23 | E18: 8.49 | F18: 5.7 | G18: 11.34 | H18: 4.58 | I18: 4.04 | J18: 0.13 | K18: 156.43 | L18: 25.21 | M18: 94.75 | N18: 0 | O18: 0 | P18: 0.44 | Q18: 4.34
A19: 03/09/2023 02:45 | B19: 9.22 | C19: 16.77 | D19: 17.51 | E19: 8.65 | F19: 4.19 | G19: 11.34 | H19: 4.58 | I19: 3.99 | J19: 0.08 | K19: 174.56 | L19: 25.14 | M19: 95.1 | N19: 0 | O19: 0 | P19: 0.48 | Q19: 4.42
A20: 03/09/2023 03:00 | B20: 9.39 | C20: 15.7 | D20: 17.09 | E20: 8.71 | F20: 5.18 | G20: 12.89 | H20: 3.26 | I20: 4.04 | J20: 0.07 | K20: 201.37 | L20: 25.1 | M20: 95.6 | N20: 0 | O20: 0 | P20: 0.46 | Q20: 4.41
... A104: 03/09/2023 24:00 | B104: 8.7 | C104: 16.32 | D104: 16.85 | E104: 8.08 | F104: 4.96 | G104: 13.03 | H104: 4.4 | I104: 5.13 | J104: 0.29 | K104: 304.88 | L104: 25.46 | M104: 92.15 | N104: 0 | O104: 0 | P104: 0.64 | Q104: 4.35
A106: Min | B106: =MIN(B9:B104) -> 7.19 | C106: =MIN(C9:C104) -> 13.63 | D106: =MIN(D9:D104) -> 15.76 | E106: =MIN(E9:E104) -> 6.15 | F106: =MIN(F9:F104) -> 3.99 | G106: =MIN(G9:G104) -> 10.2 | H106: =MIN(H9:H104) -> 3.13 | I106: =MIN(I9:I104) -> 3.62 | ... Q106: =MIN(Q9:Q104) -> 4.33
A107: Max | B107: =MAX(B9:B104) -> 11.28 | C107: =MAX(C9:C104) -> 20.02 | D107: =MAX(D9:D104) -> 20.28 | E107: =MAX(E9:E104) -> 9.35 | F107: =MAX(F9:F104) -> 7.43 | G107: =MAX(G9:G104) -> 33.21 | H107: =MAX(H9:H104) -> 13.09 | I107: =MAX(I9:I104) -> 6.28 | ... Q107: =MAX(Q9:Q104) -> 4.65
A108: Avg | B108: =AVERAGE(B9:B104) -> 9.1660417 | C108: =AVERAGE(C9:C104) -> 16.950417 | D108: =AVERAGE(D9:D104) -> 17.556875 | E108: =AVERAGE(E9:E104) -> 8.0164583 | F108: =AVERAGE(F9:F104) -> 5.52875 | G108: =AVERAGE(G9:G104) -> 17.096979 | H108: =AVERAGE(H9:H104) -> 6.28875 | I108: =AVERAGE(I9:I104) -> 4.8973958 | ... Q108: =AVERAGE(Q9:Q104) -> 4.44375
A109: Stdev | B109: =STDEV(B9:B104) -> 1.0462982 | C109: =STDEV(C9:C104) -> 1.6387838 | D109: =STDEV(D9:D104) -> 0.99016353 | E109: =STDEV(E9:E104) -> 0.84039838 | F109: =STDEV(F9:F104) -> 0.86469252 | G109: =STDEV(G9:G104) -> 6.2914375 | H109: =STDEV(H9:H104) -> 2.5319097 | I109: =STDEV(I9:I104) -> 0.79550083 | ... Q109: =STDEV(Q9:Q104) -> 0.074427641
A110: Num | B110: =COUNT(B9:B104) -> 96 | C110: =COUNT(C9:C104) -> 96 | D110: =COUNT(D9:D104) -> 96 | E110: =COUNT(E9:E104) -> 96 | F110: =COUNT(F9:F104) -> 96 | G110: =COUNT(G9:G104) -> 96 | H110: =COUNT(H9:H104) -> 96 | I110: =COUNT(I9:I104) -> 96 | ... Q110: =COUNT(Q9:Q104) -> 96
A111: DCR | B111: =IF(B110>=87,">90%",IF(B110<=87,"<90%")) -> >90% | C111: =IF(C110>=87,">90%",IF(C110<=87,"<90%")) -> >90% | D111: =IF(D110>=87,">90%",IF(D110<=87,"<90%")) -> >90% | E111: =IF(E110>=87,">90%",IF(E110<=87,"<90%")) -> >90% | F111: =IF(F110>=87,">90%",IF(F110<=87,"<90%")) -> >90% | G111: =IF(G110>=87,">90%",IF(G110<=87,"<90%")) -> >90% | H111: =IF(H110>=87,">90%",IF(H110<=87,"<90%")) -> >90% | I111: =IF(I110>=87,">90%",IF(I110<=87,"<90%")) -> >90% | ... Q111: =IF(Q110>=87,">90%",IF(Q110<=87,"<90%")) -> >90%
A112: Status | B112: =IF(B110>=87,"OK",IF(B110<=87,"LESS")) -> OK | C112: =IF(C110>=87,"OK",IF(C110<=87,"LESS")) -> OK | D112: =IF(D110>=87,"OK",IF(D110<=87,"LESS")) -> OK | E112: =IF(E110>=87,"OK",IF(E110<=87,"LESS")) -> OK | F112: =IF(F110>=87,"OK",IF(F110<=87,"LESS")) -> OK | G112: =IF(G110>=87,"OK",IF(G110<=87,"LESS")) -> OK | H112: =IF(H110>=87,"OK",IF(H110<=87,"LESS")) -> OK | I112: =IF(I110>=87,"OK",IF(I110<=87,"LESS")) -> OK | ... Q112: =IF(Q110>=87,"OK",IF(Q110<=87,"LESS")) -> OK
A115: Done by | B115: AKASH
A117: Comment

Sheet 04
A1: Station: | B1: IGKV RAIPUR
A2: Date: | B2: =$A$9 -> 04/09/2023 00:15 | C2: Power Off | G2: Pw.Off | J2: Link Fail | L2: Link F | N2: Maintenance | P2: Maint.
A3: Report Type: | B3: Mean | C3: Calibration | G3: Calib. | J3: Data Fail | L3: Data F | N3: Invalid | P3: Invalid
A4: Time Base: | B4: 15 Min | C4: Zero Referrence | G4: Z.Ref | J4: Warm Up | L4: Wm. Up
A7: Date & Time | B7: NO | C7: NO2 | D7: NOX | E7: SO2 | F7: O3 | G7: PM 10 | H7: PM 2.5 | I7: BENZ | J7: WS | K7: WD | L7: TEMP | M7: HUM | N7: SR | O7: RG | P7: CO | Q7: NH3
B8: ug/m3 | C8: ug/m3 | D8: ppb | E8: ug/m3 | F8: ug/m3 | G8: ug/m3 | H8: ug/m3 | I8: ug/m3 | J8: m/sec | K8: deg | L8: degreC | M8: % | N8: w/m2 | O8: mm | P8: mg/m3 | Q8: ug/m3
A9: 04/09/2023 00:15 | B9: 8.59 | C9: 17 | D9: 17.12 | E9: 8.81 | F9: 4.39 | G9: 12.91 | H9: 4.4 | I9: 5.04 | J9: 0.26 | K9: 306.07 | L9: 25.52 | M9: 91.78 | N9: 0 | O9: 0 | P9: 0.66 | Q9: 4.43
A10: 04/09/2023 00:30 | B10: 8.62 | C10: 16.34 | D10: 16.8 | E10: 8.65 | F10: 5.34 | G10: 12.91 | H10: 4.4 | I10: 5.11 | J10: 0.29 | K10: 39.69 | L10: 25.33 | M10: 92.66 | N10: 0 | O10: 0.8 | P10: 0.64 | Q10: 4.43
A11: 04/09/2023 00:45 | B11: 8.26 | C11: 16.1 | D11: 16.39 | E11: 8.2 | F11: 5.94 | G11: 12.91 | H11: 4.4 | I11: 5.1 | J11: 0.24 | K11: 138.92 | L11: 23.95 | M11: 97.79 | N11: 0 | O11: 1.8 | P11: 0.62 | Q11: 4.36
A12: 04/09/2023 01:00 | B12: 7.81 | C12: 18.03 | D12: 17.03 | E12: 8.7 | F12: 4.55 | G12: 11.98 | H12: 4.06 | I12: 5 | J12: 0.27 | K12: 128.05 | L12: 23.43 | M12: 98.75 | N12: 0 | O12: 1.2 | P12: 0.64 | Q12: 4.39
A13: 04/09/2023 01:15 | B13: 7.35 | C13: 17.48 | D13: 16.38 | E13: 8.36 | F13: 4.93 | G13: 11.94 | H13: 4.06 | I13: 4.94 | J13: 0.04 | K13: 198.84 | L13: 23.31 | M13: 99.82 | N13: 0 | O13: 1.6 | P13: 0.62 | Q13: 4.35
A14: 04/09/2023 01:30 | B14: 7.09 | C14: 16.72 | D14: 15.77 | E14: 8.49 | F14: 5.02 | G14: 11.94 | H14: 4.06 | I14: 4.97 | J14: 0.41 | K14: 254.53 | L14: 23.2 | M14: 99.86 | N14: 0 | O14: 1 | P14: 0.6 | Q14: 4.3
A15: 04/09/2023 01:45 | B15: 6.97 | C15: 17.73 | D15: 16.2 | E15: 8.22 | F15: 4.23 | G15: 11.94 | H15: 4.06 | I15: 4.81 | J15: 0.26 | K15: 251.57 | L15: 23.21 | M15: 100.02 | N15: 0 | O15: 0.6 | P15: 0.62 | Q15: 4.33
A16: 04/09/2023 02:00 | B16: 6.98 | C16: 16.98 | D16: 15.82 | E16: 8.48 | F16: 4.78 | G16: 8.92 | H16: 2.95 | I16: 4.72 | J16: 0.11 | K16: 208.95 | L16: 23.2 | M16: 100.41 | N16: 0 | O16: 0.8 | P16: 0.6 | Q16: 4.31
A17: 04/09/2023 02:15 | B17: 6.88 | C17: 16.81 | D17: 15.64 | E17: 5.47 | F17: 4.71 | G17: 8.74 | H17: 2.95 | I17: 4.75 | J17: 0.56 | K17: 265.74 | L17: 23.18 | M17: 100.65 | N17: 0 | O17: 0.2 | P17: 0.58 | Q17: 4.27
A18: 04/09/2023 02:30 | B18: 6.88 | C18: 18.07 | D18: 16.31 | E18: 6.86 | F18: 3.9 | G18: 8.74 | H18: 2.95 | I18: 4.66 | J18: 0.61 | K18: 268.16 | L18: 23.15 | M18: 100.74 | N18: 0 | O18: 0.4 | P18: 0.6 | Q18: 4.32
A19: 04/09/2023 02:45 | B19: 6.84 | C19: 17.07 | D19: 15.75 | E19: 6.81 | F19: 4.78 | G19: 8.74 | H19: 2.95 | I19: 4.64 | J19: 0.64 | K19: 268.8 | L19: 23.25 | M19: 100.61 | N19: 0 | O19: 0 | P19: 0.59 | Q19: 4.3
A20: 04/09/2023 03:00 | B20: 6.65 | C20: 17.1 | D20: 15.62 | E20: 6.34 | F20: 5.28 | G20: 6.48 | H20: 2.25 | I20: 4.69 | J20: 0.61 | K20: 270.58 | L20: 23.35 | M20: 100.66 | N20: 0 | O20: 0 | P20: 0.58 | Q20: 4.28
... A104: 04/09/2023 24:00 | B104: 10.31 | C104: 21.1 | D104: 20.64 | E104: 6.47 | F104: 4.27 | G104: 24.34 | H104: 11.35 | I104: 6.53 | J104: 0.34 | K104: 44.65 | L104: 23.48 | M104: 96.66 | N104: 0 | O104: 0 | P104: 0.92 | Q104: 4.69
A106: Min | B106: =MIN(B9:B104) -> 4.16 | C106: =MIN(C9:C104) -> 14.72 | D106: =MIN(D9:D104) -> 12.38 | E106: =MIN(E9:E104) -> 5.47 | F106: =MIN(F9:F104) -> 3.59 | G106: =MIN(G9:G104) -> 3.62 | H106: =MIN(H9:H104) -> 1.6 | I106: =MIN(I9:I104) -> 4.37 | ... Q106: =MIN(Q9:Q104) -> 4.17
A107: Max | B107: =MAX(B9:B104) -> 12.36 | C107: =MAX(C9:C104) -> 21.63 | D107: =MAX(D9:D104) -> 21.48 | E107: =MAX(E9:E104) -> 11.38 | F107: =MAX(F9:F104) -> 17.76 | G107: =MAX(G9:G104) -> 40.39 | H107: =MAX(H9:H104) -> 16.13 | I107: =MAX(I9:I104) -> 8.4 | ... Q107: =MAX(Q9:Q104) -> 4.8
A108: Avg | B108: =AVERAGE(B9:B104) -> 8.2954167 | C108: =AVERAGE(C9:C104) -> 18.194792 | D108: =AVERAGE(D9:D104) -> 17.509479 | E108: =AVERAGE(E9:E104) -> 7.9597917 | F108: =AVERAGE(F9:F104) -> 5.9163542 | G108: =AVERAGE(G9:G104) -> 26.102187 | H108: =AVERAGE(H9:H104) -> 9.2986458 | I108: =AVERAGE(I9:I104) -> 5.7428125 | ... Q108: =AVERAGE(Q9:Q104) -> 4.4620833
A109: Stdev | B109: =STDEV(B9:B104) -> 2.400464 | C109: =STDEV(C9:C104) -> 1.4323966 | D109: =STDEV(D9:D104) -> 2.4436919 | E109: =STDEV(E9:E104) -> 1.1864152 | F109: =STDEV(F9:F104) -> 2.8374418 | G109: =STDEV(G9:G104) -> 11.263878 | H109: =STDEV(H9:H104) -> 4.579857 | I109: =STDEV(I9:I104) -> 1.0455406 | ... Q109: =STDEV(Q9:Q104) -> 0.19157473
A110: Num | B110: =COUNT(B9:B104) -> 96 | C110: =COUNT(C9:C104) -> 96 | D110: =COUNT(D9:D104) -> 96 | E110: =COUNT(E9:E104) -> 96 | F110: =COUNT(F9:F104) -> 96 | G110: =COUNT(G9:G104) -> 96 | H110: =COUNT(H9:H104) -> 96 | I110: =COUNT(I9:I104) -> 96 | ... Q110: =COUNT(Q9:Q104) -> 96
A111: DCR | B111: =IF(B110>=87,">90%",IF(B110<=87,"<90%")) -> >90% | C111: =IF(C110>=87,">90%",IF(C110<=87,"<90%")) -> >90% | D111: =IF(D110>=87,">90%",IF(D110<=87,"<90%")) -> >90% | E111: =IF(E110>=87,">90%",IF(E110<=87,"<90%")) -> >90% | F111: =IF(F110>=87,">90%",IF(F110<=87,"<90%")) -> >90% | G111: =IF(G110>=87,">90%",IF(G110<=87,"<90%")) -> >90% | H111: =IF(H110>=87,">90%",IF(H110<=87,"<90%")) -> >90% | I111: =IF(I110>=87,">90%",IF(I110<=87,"<90%")) -> >90% | ... Q111: =IF(Q110>=87,">90%",IF(Q110<=87,"<90%")) -> >90%
A112: Status | B112: =IF(B110>=87,"OK",IF(B110<=87,"LESS")) -> OK | C112: =IF(C110>=87,"OK",IF(C110<=87,"LESS")) -> OK | D112: =IF(D110>=87,"OK",IF(D110<=87,"LESS")) -> OK | E112: =IF(E110>=87,"OK",IF(E110<=87,"LESS")) -> OK | F112: =IF(F110>=87,"OK",IF(F110<=87,"LESS")) -> OK | G112: =IF(G110>=87,"OK",IF(G110<=87,"LESS")) -> OK | H112: =IF(H110>=87,"OK",IF(H110<=87,"LESS")) -> OK | I112: =IF(I110>=87,"OK",IF(I110<=87,"LESS")) -> OK | ... Q112: =IF(Q110>=87,"OK",IF(Q110<=87,"LESS")) -> OK
A115: Done by | B115: AKASH
A117: Comment

Sheet 05
A1: Station: | B1: IGKV RAIPUR
A2: Date: | B2: =$A$9 -> 05/09/2023 00:15 | C2: Power Off | G2: Pw.Off | J2: Link Fail | L2: Link F | N2: Maintenance | P2: Maint.
A3: Report Type: | B3: Mean | C3: Calibration | G3: Calib. | J3: Data Fail | L3: Data F | N3: Invalid | P3: Invalid
A4: Time Base: | B4: 15 Min | C4: Zero Referrence | G4: Z.Ref | J4: Warm Up | L4: Wm. Up
A7: Date & Time | B7: NO | C7: NO2 | D7: NOX | E7: SO2 | F7: O3 | G7: PM 10 | H7: PM 2.5 | I7: BENZ | J7: WS | K7: WD | L7: TEMP | M7: HUM | N7: SR | O7: RG | P7: CO | Q7: NH3
B8: ug/m3 | C8: ug/m3 | D8: ppb | E8: ug/m3 | F8: ug/m3 | G8: ug/m3 | H8: ug/m3 | I8: ug/m3 | J8: m/sec | K8: deg | L8: degreC | M8: % | N8: w/m2 | O8: mm | P8: mg/m3 | Q8: ug/m3
A9: 05/09/2023 00:15 | B9: 11.25 | C9: 21.78 | D9: 21.75 | E9: 7.03 | F9: 3.97 | G9: 24.14 | H9: 11.35 | I9: 6.47 | J9: 0.28 | K9: 56.48 | L9: 23.47 | M9: 97.02 | N9: 0 | O9: 0 | P9: 0.91 | Q9: 4.71
A10: 05/09/2023 00:30 | B10: 11.47 | C10: 20.57 | D10: 21.29 | E10: 7.01 | F10: 4.58 | G10: 24.14 | H10: 11.35 | I10: 6.43 | J10: 0.18 | K10: 74.47 | L10: 23.57 | M10: 97.42 | N10: 0 | O10: 0 | P10: 0.89 | Q10: 4.67
A11: 05/09/2023 00:45 | B11: 11.48 | C11: 20.6 | D11: 21.32 | E11: 6.57 | F11: 4.39 | G11: 24.14 | H11: 11.35 | I11: 6.37 | J11: 0.06 | K11: 165 | L11: 23.74 | M11: 98.27 | N11: 0 | O11: 0 | P11: 0.88 | Q11: 4.67
A12: 05/09/2023 01:00 | B12: 11.74 | C12: 21.28 | D12: 21.88 | E12: 7.07 | F12: 3.79 | G12: 26.73 | H12: 8.31 | I12: 6.25 | J12: 0.11 | K12: 288.59 | L12: 23.76 | M12: 98.25 | N12: 0 | O12: 0 | P12: 0.89 | Q12: 4.73
A13: 05/09/2023 01:15 | B13: 11.92 | C13: 20.2 | D13: 21.46 | E13: 6.65 | F13: 4.43 | G13: 26.89 | H13: 8.31 | I13: 6.17 | J13: 0.08 | K13: 309.79 | L13: 23.75 | M13: 97.87 | N13: 0 | O13: 0 | P13: 0.86 | Q13: 4.72
A14: 05/09/2023 01:30 | B14: 11.79 | C14: 20.24 | D14: 21.38 | E14: 6.7 | F14: 4.37 | G14: 26.89 | H14: 8.31 | I14: 6.16 | J14: 0.1 | K14: 213.21 | L14: 23.81 | M14: 97.55 | N14: 0 | O14: 0 | P14: 0.85 | Q14: 4.68
A15: 05/09/2023 01:45 | B15: 11.8 | C15: 20.98 | D15: 21.77 | E15: 6.97 | F15: 3.98 | G15: 26.89 | H15: 8.31 | I15: 6.07 | J15: 0.09 | K15: 324 | L15: 23.87 | M15: 97.68 | N15: 0 | O15: 0.4 | P15: 0.86 | Q15: 4.74
A16: 05/09/2023 02:00 | B16: 11.87 | C16: 19.88 | D16: 21.25 | E16: 6.76 | F16: 4.8 | G16: 21.09 | H16: 6.06 | I16: 5.95 | J16: 0.08 | K16: 313.37 | L16: 23.84 | M16: 97.84 | N16: 0 | O16: 0 | P16: 0.83 | Q16: 4.67
A17: 05/09/2023 02:15 | B17: 11.97 | C17: 20.1 | D17: 21.45 | E17: 8.01 | F17: 4.41 | G17: 20.75 | H17: 6.06 | I17: 5.9 | J17: 0.23 | K17: 269.12 | L17: 23.78 | M17: 97.97 | N17: 0 | O17: 0.2 | P17: 0.83 | Q17: 4.65
A18: 05/09/2023 02:30 | B18: 12.15 | C18: 20.81 | D18: 21.97 | E18: 9.44 | F18: 3.95 | G18: 20.75 | H18: 6.06 | I18: 5.73 | J18: 0.26 | K18: 297.18 | L18: 23.77 | M18: 98.1 | N18: 0 | O18: 0 | P18: 0.84 | Q18: 4.71
A19: 05/09/2023 02:45 | B19: 12.22 | C19: 19.54 | D19: 21.36 | E19: 8.79 | F19: 4.95 | G19: 20.75 | H19: 6.06 | I19: 5.76 | J19: 0.22 | K19: 310.78 | L19: 23.73 | M19: 98.15 | N19: 0 | O19: 0 | P19: 0.8 | Q19: 4.69
A20: 05/09/2023 03:00 | B20: 12.06 | C20: 20.22 | D20: 21.58 | E20: 9.58 | F20: 4.71 | G20: 20.52 | H20: 4.65 | I20: 5.73 | J20: 0.19 | K20: 288.07 | L20: 23.74 | M20: 98.16 | N20: 0 | O20: 0 | P20: 0.8 | Q20: 4.69
... A104: 05/09/2023 24:00 | B104: 15.76 | C104: 19.67 | D104: 24.27 | E104: 6.89 | F104: 5.91 | G104: 35.12 | H104: 14.69 | I104: 4.48 | J104: 0.2 | K104: 61.89 | L104: 25.48 | M104: 94.22 | N104: 0 | O104: 0 | P104: 0.7 | Q104: 5.89
A106: Min | B106: =MIN(B9:B104) -> 2 | C106: =MIN(C9:C104) -> 12.45 | D106: =MIN(D9:D104) -> 9.85 | E106: =MIN(E9:E104) -> 5.96 | F106: =MIN(F9:F104) -> 3.77 | G106: =MIN(G9:G104) -> 20.51 | H106: =MIN(H9:H104) -> 4.65 | I106: =MIN(I9:I104) -> 3.38 | ... Q106: =MIN(Q9:Q104) -> 4.04
A107: Max | B107: =MAX(B9:B104) -> 18.62 | C107: =MAX(C9:C104) -> 23.58 | D107: =MAX(D9:D104) -> 28.39 | E107: =MAX(E9:E104) -> 17.7 | F107: =MAX(F9:F104) -> 19.29 | G107: =MAX(G9:G104) -> 71.24 | H107: =MAX(H9:H104) -> 21.78 | I107: =MAX(I9:I104) -> 7.07 | ... Q107: =MAX(Q9:Q104) -> 5.96
A108: Avg | B108: =AVERAGE(B9:B104) -> 11.741563 | C108: =AVERAGE(C9:C104) -> 19.435104 | D108: =AVERAGE(D9:D104) -> 20.920521 | E108: =AVERAGE(E9:E104) -> 8.4407292 | F108: =AVERAGE(F9:F104) -> 7.094375 | G108: =AVERAGE(G9:G104) -> 41.527708 | H108: =AVERAGE(H9:H104) -> 15.932292 | I108: =AVERAGE(I9:I104) -> 5.1390625 | ... Q108: =AVERAGE(Q9:Q104) -> 5.07375
A109: Stdev | B109: =STDEV(B9:B104) -> 5.0633803 | C109: =STDEV(C9:C104) -> 2.7723723 | D109: =STDEV(D9:D104) -> 5.355882 | E109: =STDEV(E9:E104) -> 2.1809275 | F109: =STDEV(F9:F104) -> 3.0977696 | G109: =STDEV(G9:G104) -> 13.165339 | H109: =STDEV(H9:H104) -> 4.8763747 | I109: =STDEV(I9:I104) -> 1.1898537 | ... Q109: =STDEV(Q9:Q104) -> 0.50522585
A110: Num | B110: =COUNT(B9:B104) -> 96 | C110: =COUNT(C9:C104) -> 96 | D110: =COUNT(D9:D104) -> 96 | E110: =COUNT(E9:E104) -> 96 | F110: =COUNT(F9:F104) -> 96 | G110: =COUNT(G9:G104) -> 96 | H110: =COUNT(H9:H104) -> 96 | I110: =COUNT(I9:I104) -> 96 | ... Q110: =COUNT(Q9:Q104) -> 96
A111: DCR | B111: =IF(B110>=87,">90%",IF(B110<=87,"<90%")) -> >90% | C111: =IF(C110>=87,">90%",IF(C110<=87,"<90%")) -> >90% | D111: =IF(D110>=87,">90%",IF(D110<=87,"<90%")) -> >90% | E111: =IF(E110>=87,">90%",IF(E110<=87,"<90%")) -> >90% | F111: =IF(F110>=87,">90%",IF(F110<=87,"<90%")) -> >90% | G111: =IF(G110>=87,">90%",IF(G110<=87,"<90%")) -> >90% | H111: =IF(H110>=87,">90%",IF(H110<=87,"<90%")) -> >90% | I111: =IF(I110>=87,">90%",IF(I110<=87,"<90%")) -> >90% | ... Q111: =IF(Q110>=87,">90%",IF(Q110<=87,"<90%")) -> >90%
A112: Status | B112: =IF(B110>=87,"OK",IF(B110<=87,"LESS")) -> OK | C112: =IF(C110>=87,"OK",IF(C110<=87,"LESS")) -> OK | D112: =IF(D110>=87,"OK",IF(D110<=87,"LESS")) -> OK | E112: =IF(E110>=87,"OK",IF(E110<=87,"LESS")) -> OK | F112: =IF(F110>=87,"OK",IF(F110<=87,"LESS")) -> OK | G112: =IF(G110>=87,"OK",IF(G110<=87,"LESS")) -> OK | H112: =IF(H110>=87,"OK",IF(H110<=87,"LESS")) -> OK | I112: =IF(I110>=87,"OK",IF(I110<=87,"LESS")) -> OK | ... Q112: =IF(Q110>=87,"OK",IF(Q110<=87,"LESS")) -> OK
A115: Done by | B115: AKASH
A117: Comment

Sheet 06
A1: Station: | B1: IGKV RAIPUR
A2: Date: | B2: =$A$9 -> 06/09/2023 00:15 | C2: Power Off | G2: Pw.Off | J2: Link Fail | L2: Link F | N2: Maintenance | P2: Maint.
A3: Report Type: | B3: Mean | C3: Calibration | G3: Calib. | J3: Data Fail | L3: Data F | N3: Invalid | P3: Invalid
A4: Time Base: | B4: 15 Min | C4: Zero Referrence | G4: Z.Ref | J4: Warm Up | L4: Wm. Up
A7: Date & Time | B7: NO | C7: NO2 | D7: NOX | E7: SO2 | F7: O3 | G7: PM 10 | H7: PM 2.5 | I7: BENZ | J7: WS | K7: WD | L7: TEMP | M7: HUM | N7: SR | O7: RG | P7: CO | Q7: NH3
B8: ug/m3 | C8: ug/m3 | D8: ppb | E8: ug/m3 | F8: ug/m3 | G8: ug/m3 | H8: ug/m3 | I8: ug/m3 | J8: m/sec | K8: deg | L8: degreC | M8: % | N8: w/m2 | O8: mm | P8: mg/m3 | Q8: ug/m3
A9: 06/09/2023 00:15 | B9: 13.58 | C9: 18.29 | D9: 21.8 | E9: 6.28 | F9: 6.07 | G9: 34.52 | H9: 14.69 | I9: 4.53 | J9: 0.12 | K9: 123.95 | L9: 25.48 | M9: 93.71 | N9: 0 | O9: 0 | P9: 0.67 | Q9: 5.87
A10: 06/09/2023 00:30 | B10: 13.84 | C10: 18.43 | D10: 22.08 | E10: 6.2 | F10: 5.7 | G10: 34.52 | H10: 14.69 | I10: 4.36 | J10: 0.21 | K10: 69.54 | L10: 25.27 | M10: 93.43 | N10: 0 | O10: 0 | P10: 0.66 | Q10: 5.84
A11: 06/09/2023 00:45 | B11: 14.08 | C11: 20.69 | D11: 23.46 | E11: 6.71 | F11: 4.25 | G11: 34.52 | H11: 14.69 | I11: 4.33 | J11: 0.4 | K11: 56.79 | L11: 25.2 | M11: 93.77 | N11: 0 | O11: 0 | P11: 0.69 | Q11: 5.91
A12: 06/09/2023 01:00 | B12: 13.95 | C12: 19.86 | D12: 22.92 | E12: 6.8 | F12: 5.67 | G12: 31.32 | H12: 12.03 | I12: 4.35 | J12: 0.35 | K12: 49.49 | L12: 25.23 | M12: 93.81 | N12: 0 | O12: 0 | P12: 0.68 | Q12: 5.94
A13: 06/09/2023 01:15 | B13: 13.9 | C13: 18.09 | D13: 21.95 | E13: 6.62 | F13: 7.13 | G13: 31.13 | H13: 12.03 | I13: 4.46 | J13: 0.31 | K13: 49.07 | L13: 25.14 | M13: 94.12 | N13: 0 | O13: 0 | P13: 0.63 | Q13: 5.87
A14: 06/09/2023 01:30 | B14: 13.8 | C14: 17.81 | D14: 21.72 | E14: 6.4 | F14: 6.79 | G14: 31.13 | H14: 12.03 | I14: 4.26 | J14: 0.23 | K14: 74.86 | L14: 25.23 | M14: 93.53 | N14: 0 | O14: 0 | P14: 0.64 | Q14: 5.82
A15: 06/09/2023 01:45 | B15: 14.07 | C15: 20.03 | D15: 23.1 | E15: 7.14 | F15: 4.6 | G15: 31.13 | H15: 12.03 | I15: 4.2 | J15: 0.14 | K15: 129.91 | L15: 25.28 | M15: 94.35 | N15: 0 | O15: 0 | P15: 0.67 | Q15: 5.88
A16: 06/09/2023 02:00 | B16: 14.18 | C16: 19.23 | D16: 22.77 | E16: 6.67 | F16: 5.14 | G16: 25.21 | H16: 11.11 | I16: 4.18 | J16: 0.17 | K16: 174.18 | L16: 25.28 | M16: 94.56 | N16: 0 | O16: 0 | P16: 0.66 | Q16: 5.88
A17: 06/09/2023 02:15 | B17: 13.76 | C17: 17.68 | D17: 21.62 | E17: 6.37 | F17: 6.86 | G17: 24.86 | H17: 11.11 | I17: 4.32 | J17: 0.07 | K17: 240.49 | L17: 25.18 | M17: 95.49 | N17: 0 | O17: 0 | P17: 0.63 | Q17: 5.83
A18: 06/09/2023 02:30 | B18: 13.3 | C18: 16.78 | D18: 20.79 | E18: 7.92 | F18: 6.82 | G18: 24.86 | H18: 11.11 | I18: 4.18 | J18: 0.22 | K18: 265.62 | L18: 25.27 | M18: 95.4 | N18: 0 | O18: 0 | P18: 0.6 | Q18: 5.8
A19: 06/09/2023 02:45 | B19: 13.24 | C19: 17.78 | D19: 21.26 | E19: 7.46 | F19: 5.82 | G19: 24.86 | H19: 11.11 | I19: 4.04 | J19: 0.19 | K19: 257.85 | L19: 25.39 | M19: 95.18 | N19: 0 | O19: 0 | P19: 0.61 | Q19: 5.74
A20: 06/09/2023 03:00 | B20: 13.61 | C20: 19.23 | D20: 22.31 | E20: 7.96 | F20: 4.85 | G20: 20.12 | H20: 11.19 | I20: 4 | J20: 0.12 | K20: 200.14 | L20: 25.13 | M20: 93.56 | N20: 0 | O20: 0.2 | P20: 0.64 | Q20: 5.82
... A104: 06/09/2023 24:00 | B104: 13.6 | C104: 17.01 | D104: 21.15 | E104: 7.1 | F104: 5.2 | G104: 21.07 | H104: 8.17 | I104: 4.19 | J104: 0.06 | K104: 329.97 | L104: 24.34 | M104: 99.27 | N104: 0 | O104: 1.8 | P104: 0.58 | Q104: 5.7
A106: Min | B106: =MIN(B9:B104) -> 11.8 | C106: =MIN(C9:C104) -> 13.86 | D106: =MIN(D9:D104) -> 18.14 | E106: =MIN(E9:E104) -> 6.2 | F106: =MIN(F9:F104) -> 4.25 | G106: =MIN(G9:G104) -> 13.27 | H106: =MIN(H9:H104) -> 4.76 | I106: =MIN(I9:I104) -> 3.4 | ... Q106: =MIN(Q9:Q104) -> 5.63
A107: Max | B107: =MAX(B9:B104) -> 17.58 | C107: =MAX(C9:C104) -> 22.18 | D107: =MAX(D9:D104) -> 27.04 | E107: =MAX(E9:E104) -> 9.51 | F107: =MAX(F9:F104) -> 9.95 | G107: =MAX(G9:G104) -> 34.88 | H107: =MAX(H9:H104) -> 14.69 | I107: =MAX(I9:I104) -> 4.53 | ... Q107: =MAX(Q9:Q104) -> 5.94
A108: Avg | B108: =AVERAGE(B9:B104) -> 13.492708 | C108: =AVERAGE(C9:C104) -> 17.658125 | D108: =AVERAGE(D9:D104) -> 21.3975 | E108: =AVERAGE(E9:E104) -> 7.7060417 | F108: =AVERAGE(F9:F104) -> 6.2534375 | G108: =AVERAGE(G9:G104) -> 23.864479 | H108: =AVERAGE(H9:H104) -> 8.35875 | I108: =AVERAGE(I9:I104) -> 3.8685417 | ... Q108: =AVERAGE(Q9:Q104) -> 5.7560417
A109: Stdev | B109: =STDEV(B9:B104) -> 0.92759733 | C109: =STDEV(C9:C104) -> 1.3125983 | D109: =STDEV(D9:D104) -> 1.2583506 | E109: =STDEV(E9:E104) -> 0.61498049 | F109: =STDEV(F9:F104) -> 1.2658559 | G109: =STDEV(G9:G104) -> 7.2517388 | H109: =STDEV(H9:H104) -> 2.403611 | I109: =STDEV(I9:I104) -> 0.27923572 | ... Q109: =STDEV(Q9:Q104) -> 0.071000062
A110: Num | B110: =COUNT(B9:B104) -> 96 | C110: =COUNT(C9:C104) -> 96 | D110: =COUNT(D9:D104) -> 96 | E110: =COUNT(E9:E104) -> 96 | F110: =COUNT(F9:F104) -> 96 | G110: =COUNT(G9:G104) -> 96 | H110: =COUNT(H9:H104) -> 96 | I110: =COUNT(I9:I104) -> 96 | ... Q110: =COUNT(Q9:Q104) -> 96
A111: DCR | B111: =IF(B110>=87,">90%",IF(B110<=87,"<90%")) -> >90% | C111: =IF(C110>=87,">90%",IF(C110<=87,"<90%")) -> >90% | D111: =IF(D110>=87,">90%",IF(D110<=87,"<90%")) -> >90% | E111: =IF(E110>=87,">90%",IF(E110<=87,"<90%")) -> >90% | F111: =IF(F110>=87,">90%",IF(F110<=87,"<90%")) -> >90% | G111: =IF(G110>=87,">90%",IF(G110<=87,"<90%")) -> >90% | H111: =IF(H110>=87,">90%",IF(H110<=87,"<90%")) -> >90% | I111: =IF(I110>=87,">90%",IF(I110<=87,"<90%")) -> >90% | ... Q111: =IF(Q110>=87,">90%",IF(Q110<=87,"<90%")) -> >90%
A112: Status | B112: =IF(B110>=87,"OK",IF(B110<=87,"LESS")) -> OK | C112: =IF(C110>=87,"OK",IF(C110<=87,"LESS")) -> OK | D112: =IF(D110>=87,"OK",IF(D110<=87,"LESS")) -> OK | E112: =IF(E110>=87,"OK",IF(E110<=87,"LESS")) -> OK | F112: =IF(F110>=87,"OK",IF(F110<=87,"LESS")) -> OK | G112: =IF(G110>=87,"OK",IF(G110<=87,"LESS")) -> OK | H112: =IF(H110>=87,"OK",IF(H110<=87,"LESS")) -> OK | I112: =IF(I110>=87,"OK",IF(I110<=87,"LESS")) -> OK | ... Q112: =IF(Q110>=87,"OK",IF(Q110<=87,"LESS")) -> OK
A115: Done by | B115: AKASH
A117: Comment

Sheet 07
A1: Station: | B1: IGKV RAIPUR
A2: Date: | B2: =$A$9 -> 07/09/2023 00:15 | C2: Power Off | G2: Pw.Off | J2: Link Fail | L2: Link F | N2: Maintenance | P2: Maint.
A3: Report Type: | B3: Mean | C3: Calibration | G3: Calib. | J3: Data Fail | L3: Data F | N3: Invalid | P3: Invalid
A4: Time Base: | B4: 15 Min | C4: Zero Referrence | G4: Z.Ref | J4: Warm Up | L4: Wm. Up
A7: Date & Time | B7: NO | C7: NO2 | D7: NOX | E7: SO2 | F7: O3 | G7: PM 10 | H7: PM 2.5 | I7: BENZ | J7: WS | K7: WD | L7: TEMP | M7: HUM | N7: SR | O7: RG | P7: CO | Q7: NH3
B8: ug/m3 | C8: ug/m3 | D8: ppb | E8: ug/m3 | F8: ug/m3 | G8: ug/m3 | H8: ug/m3 | I8: ug/m3 | J8: m/sec | K8: deg | L8: degreC | M8: % | N8: w/m2 | O8: mm | P8: mg/m3 | Q8: ug/m3
A9: 07/09/2023 00:15 | B9: 11.66 | C9: 19.82 | D9: 21.05 | E9: 7.29 | F9: 4.08 | G9: 20.61 | H9: 8.17 | I9: 4.17 | J9: 0.12 | K9: 93.4 | L9: 24.35 | M9: 99.49 | N9: 0 | O9: 1.8 | P9: 0.61 | Q9: 5.75
A10: 07/09/2023 00:30 | B10: 12.08 | C10: 17.64 | D10: 20.25 | E10: 7.16 | F10: 4.86 | G10: 20.61 | H10: 8.17 | I10: 4.14 | J10: 0.12 | K10: 123.72 | L10: 24.5 | M10: 99.91 | N10: 0 | O10: 0.6 | P10: 0.6 | Q10: 5.76
A11: 07/09/2023 00:45 | B11: 12 | C11: 16.61 | D11: 19.65 | E11: 7.14 | F11: 5.46 | G11: 20.61 | H11: 8.17 | I11: 4.21 | J11: 0.17 | K11: 133.81 | L11: 24.38 | M11: 100.05 | N11: 0 | O11: 1.8 | P11: 0.57 | Q11: 5.73
A12: 07/09/2023 01:00 | B12: 12.1 | C12: 18.26 | D12: 20.59 | E12: 7.79 | F12: 4.25 | G12: 15.78 | H12: 5.86 | I12: 4.1 | J12: 0.11 | K12: 141.05 | L12: 24.24 | M12: 100.13 | N12: 0 | O12: 1.8 | P12: 0.6 | Q12: 5.79
A13: 07/09/2023 01:15 | B13: 12.24 | C13: 17.67 | D13: 20.4 | E13: 7.63 | F13: 4.65 | G13: 15.55 | H13: 5.86 | I13: 4.06 | J13: 0.1 | K13: 169.68 | L13: 24.24 | M13: 100.22 | N13: 0 | O13: 0.4 | P13: 0.58 | Q13: 5.78
A14: 07/09/2023 01:30 | B14: 12.23 | C14: 16.78 | D14: 19.92 | E14: 6.95 | F14: 5.1 | G14: 15.55 | H14: 5.86 | I14: 4.17 | J14: 0.21 | K14: 246.16 | L14: 24.17 | M14: 99.91 | N14: 0 | O14: 0.2 | P14: 0.57 | Q14: 5.69
A15: 07/09/2023 01:45 | B15: 12.12 | C15: 17.85 | D15: 20.4 | E15: 6.96 | F15: 4.14 | G15: 15.55 | H15: 5.86 | I15: 4.08 | J15: 0.12 | K15: 244.87 | L15: 24.28 | M15: 99.89 | N15: 0 | O15: 0.2 | P15: 0.59 | Q15: 5.73
A16: 07/09/2023 02:00 | B16: 12.18 | C16: 16.98 | D16: 19.99 | E16: 7.11 | F16: 4.55 | G16: 11.49 | H16: 4.51 | I16: 4.03 | J16: 0.1 | K16: 241.43 | L16: 24.42 | M16: 99.66 | N16: 0 | O16: 0.4 | P16: 0.57 | Q16: 5.75
A17: 07/09/2023 02:15 | B17: 12.14 | C17: 15.99 | D17: 19.44 | E17: 6.47 | F17: 5.06 | G17: 11.25 | H17: 4.51 | I17: 4.07 | J17: 0.08 | K17: 201.62 | L17: 24.46 | M17: 99.58 | N17: 0 | O17: 0 | P17: 0.53 | Q17: 5.69
A18: 07/09/2023 02:30 | B18: 12.05 | C18: 15.75 | D18: 19.25 | E18: 7.71 | F18: 4.9 | G18: 11.25 | H18: 4.51 | I18: 3.95 | J18: 0.09 | K18: 141.96 | L18: 24.51 | M18: 99.6 | N18: 0 | O18: 0.2 | P18: 0.53 | Q18: 5.66
A19: 07/09/2023 02:45 | B19: 12.05 | C19: 17.46 | D19: 20.13 | E19: 8.53 | F19: 3.96 | G19: 11.25 | H19: 4.51 | I19: 3.88 | J19: 0.11 | K19: 46.57 | L19: 24.58 | M19: 99.65 | N19: 0 | O19: 0.2 | P19: 0.56 | Q19: 5.72
A20: 07/09/2023 03:00 | B20: 11.94 | C20: 16.02 | D20: 19.3 | E20: 8.41 | F20: 5.02 | G20: 8.42 | H20: 3.36 | I20: 3.89 | J20: 0.08 | K20: 198.53 | L20: 24.56 | M20: 99.7 | N20: 0 | O20: 0 | P20: 0.54 | Q20: 5.72
... A104: 07/09/2023 24:00 | B104: 9.15 | C104: 14.61 | D104: 16.32 | E104: 7.26 | F104: 5.92 | G104: 5.46 | H104: 2.15 | I104: 3.37 | J104: 0.12 | K104: 189.68 | L104: 25.39 | M104: 98.22 | N104: 0 | O104: 0 | P104: 0.47 | Q104: 5.47
A106: Min | B106: =MIN(B9:B104) -> 7.67 | C106: =MIN(C9:C104) -> 12.99 | D106: =MIN(D9:D104) -> 14.57 | E106: =MIN(E9:E104) -> 5.99 | F106: =MIN(F9:F104) -> 3.91 | G106: =MIN(G9:G104) -> 3.17 | H106: =MIN(H9:H104) -> 0.95 | I106: =MIN(I9:I104) -> 3.15 | ... Q106: =MIN(Q9:Q104) -> 5.34
A107: Max | B107: =MAX(B9:B104) -> 12.84 | C107: =MAX(C9:C104) -> 19.82 | D107: =MAX(D9:D104) -> 21.05 | E107: =MAX(E9:E104) -> 9.04 | F107: =MAX(F9:F104) -> 7.85 | G107: =MAX(G9:G104) -> 20.61 | H107: =MAX(H9:H104) -> 8.17 | I107: =MAX(I9:I104) -> 4.21 | ... Q107: =MAX(Q9:Q104) -> 5.8
A108: Avg | B108: =AVERAGE(B9:B104) -> 10.547396 | C108: =AVERAGE(C9:C104) -> 15.93375 | D108: =AVERAGE(D9:D104) -> 18.134688 | E108: =AVERAGE(E9:E104) -> 7.7176042 | F108: =AVERAGE(F9:F104) -> 5.4536458 | G108: =AVERAGE(G9:G104) -> 7.1947917 | H108: =AVERAGE(H9:H104) -> 2.3279167 | I108: =AVERAGE(I9:I104) -> 3.5977083 | ... Q108: =AVERAGE(Q9:Q104) -> 5.5995833
A109: Stdev | B109: =STDEV(B9:B104) -> 1.7127775 | C109: =STDEV(C9:C104) -> 1.2398262 | D109: =STDEV(D9:D104) -> 1.8706458 | E109: =STDEV(E9:E104) -> 0.68438639 | F109: =STDEV(F9:F104) -> 0.93043523 | G109: =STDEV(G9:G104) -> 3.532775 | H109: =STDEV(H9:H104) -> 1.5296452 | I109: =STDEV(I9:I104) -> 0.25301749 | ... Q109: =STDEV(Q9:Q104) -> 0.14387068
A110: Num | B110: =COUNT(B9:B104) -> 96 | C110: =COUNT(C9:C104) -> 96 | D110: =COUNT(D9:D104) -> 96 | E110: =COUNT(E9:E104) -> 96 | F110: =COUNT(F9:F104) -> 96 | G110: =COUNT(G9:G104) -> 96 | H110: =COUNT(H9:H104) -> 96 | I110: =COUNT(I9:I104) -> 96 | ... Q110: =COUNT(Q9:Q104) -> 96
A111: DCR | B111: =IF(B110>=87,">90%",IF(B110<=87,"<90%")) -> >90% | C111: =IF(C110>=87,">90%",IF(C110<=87,"<90%")) -> >90% | D111: =IF(D110>=87,">90%",IF(D110<=87,"<90%")) -> >90% | E111: =IF(E110>=87,">90%",IF(E110<=87,"<90%")) -> >90% | F111: =IF(F110>=87,">90%",IF(F110<=87,"<90%")) -> >90% | G111: =IF(G110>=87,">90%",IF(G110<=87,"<90%")) -> >90% | H111: =IF(H110>=87,">90%",IF(H110<=87,"<90%")) -> >90% | I111: =IF(I110>=87,">90%",IF(I110<=87,"<90%")) -> >90% | ... Q111: =IF(Q110>=87,">90%",IF(Q110<=87,"<90%")) -> >90%
A112: Status | B112: =IF(B110>=87,"OK",IF(B110<=87,"LESS")) -> OK | C112: =IF(C110>=87,"OK",IF(C110<=87,"LESS")) -> OK | D112: =IF(D110>=87,"OK",IF(D110<=87,"LESS")) -> OK | E112: =IF(E110>=87,"OK",IF(E110<=87,"LESS")) -> OK | F112: =IF(F110>=87,"OK",IF(F110<=87,"LESS")) -> OK | G112: =IF(G110>=87,"OK",IF(G110<=87,"LESS")) -> OK | H112: =IF(H110>=87,"OK",IF(H110<=87,"LESS")) -> OK | I112: =IF(I110>=87,"OK",IF(I110<=87,"LESS")) -> OK | ... Q112: =IF(Q110>=87,"OK",IF(Q110<=87,"LESS")) -> OK
A115: Done by | B115: AKASH
A117: Comment

Sheet 08
A1: Station: | B1: IGKV RAIPUR
A2: Date: | B2: =$A$9 -> 08/09/2023 00:15 | C2: Power Off | G2: Pw.Off | J2: Link Fail | L2: Link F | N2: Maintenance | P2: Maint.
A3: Report Type: | B3: Mean | C3: Calibration | G3: Calib. | J3: Data Fail | L3: Data F | N3: Invalid | P3: Invalid
A4: Time Base: | B4: 15 Min | C4: Zero Referrence | G4: Z.Ref | J4: Warm Up | L4: Wm. Up
A7: Date & Time | B7: NO | C7: NO2 | D7: NOX | E7: SO2 | F7: O3 | G7: PM 10 | H7: PM 2.5 | I7: BENZ | J7: WS | K7: WD | L7: TEMP | M7: HUM | N7: SR | O7: RG | P7: CO | Q7: NH3
B8: ug/m3 | C8: ug/m3 | D8: ppb | E8: ug/m3 | F8: ug/m3 | G8: ug/m3 | H8: ug/m3 | I8: ug/m3 | J8: m/sec | K8: deg | L8: degreC | M8: % | N8: w/m2 | O8: mm | P8: mg/m3 | Q8: ug/m3
A9: 08/09/2023 00:15 | B9: 10.45 | C9: 15.52 | D9: 17.84 | E9: 7.66 | F9: 4.54 | G9: 5.51 | H9: 2.15 | I9: 3.29 | J9: 0.48 | K9: 259.79 | L9: 25.15 | M9: 97.82 | N9: 0 | O9: 0 | P9: 0.49 | Q9: 5.54
A10: 08/09/2023 00:30 | B10: 10.12 | C10: 15.72 | D10: 17.68 | E10: 7.18 | F10: 5 | G10: 5.51 | H10: 2.15 | I10: 3.32 | J10: 0.14 | K10: 181.25 | L10: 25.05 | M10: 97.25 | N10: 0 | O10: 0 | P10: 0.47 | Q10: 5.48
A11: 08/09/2023 00:45 | B11: 9.75 | C11: 14.45 | D11: 16.72 | E11: 7.12 | F11: 6 | G11: 5.51 | H11: 2.15 | I11: 3.46 | J11: 0.1 | K11: 224.97 | L11: 25.02 | M11: 97.57 | N11: 0 | O11: 0 | P11: 0.45 | Q11: 5.48
A12: 08/09/2023 01:00 | B12: 9.64 | C12: 14.38 | D12: 16.59 | E12: 6.59 | F12: 5.84 | G12: 7.77 | H12: 2.07 | I12: 3.36 | J12: 0.1 | K12: 230.35 | L12: 25.02 | M12: 97.91 | N12: 0 | O12: 0.2 | P12: 0.44 | Q12: 5.49
A13: 08/09/2023 01:15 | B13: 10.15 | C13: 16.49 | D13: 18.11 | E13: 7.4 | F13: 4.1 | G13: 7.9 | H13: 2.07 | I13: 3.21 | J13: 0.13 | K13: 239.83 | L13: 25.07 | M13: 98.13 | N13: 0 | O13: 0 | P13: 0.47 | Q13: 5.53
A14: 08/09/2023 01:30 | B14: 10.48 | C14: 15.76 | D14: 17.99 | E14: 7.95 | F14: 4.61 | G14: 7.9 | H14: 2.07 | I14: 3.27 | J14: 0.13 | K14: 242.84 | L14: 25.11 | M14: 98.21 | N14: 0 | O14: 0 | P14: 0.48 | Q14: 5.52
A15: 08/09/2023 01:45 | B15: 10.5 | C15: 16.26 | D15: 18.26 | E15: 6.97 | F15: 4.35 | G15: 7.9 | H15: 2.07 | I15: 3.44 | J15: 0.14 | K15: 232.55 | L15: 25.15 | M15: 98.32 | N15: 0 | O15: 0 | P15: 0.49 | Q15: 5.54
A16: 08/09/2023 02:00 | B16: 10.38 | C16: 15.26 | D16: 17.65 | E16: 7.52 | F16: 5.16 | G16: 5.97 | H16: 1.45 | I16: 3.39 | J16: 0.04 | K16: 213.56 | L16: 25.05 | M16: 98.27 | N16: 0 | O16: 0 | P16: 0.46 | Q16: 5.53
A17: 08/09/2023 02:15 | B17: 10.35 | C17: 14.73 | D17: 17.35 | E17: 6.21 | F17: 5.21 | G17: 5.85 | H17: 1.45 | I17: 3.4 | J17: 0.09 | K17: 180.64 | L17: 25.05 | M17: 98.25 | N17: 0 | O17: 0 | P17: 0.45 | Q17: 5.49
A18: 08/09/2023 02:30 | B18: 10.13 | C18: 14.18 | D18: 16.89 | E18: 7.05 | F18: 5.42 | G18: 5.85 | H18: 1.45 | I18: 3.26 | J18: 0.1 | K18: 244.83 | L18: 24.97 | M18: 98.27 | N18: 0 | O18: 0 | P18: 0.43 | Q18: 5.49
A19: 08/09/2023 02:45 | B19: 10.36 | C19: 16.14 | D19: 18.1 | E19: 7.46 | F19: 4.21 | G19: 5.85 | H19: 1.45 | I19: 3.21 | J19: 0.09 | K19: 263.07 | L19: 24.91 | M19: 98.23 | N19: 0 | O19: 0 | P19: 0.46 | Q19: 5.48
A20: 08/09/2023 03:00 | B20: 10.72 | C20: 16.7 | D20: 18.68 | E20: 7.91 | F20: 4.05 | G20: 4.28 | H20: 1.51 | I20: 3.17 | J20: 0.09 | K20: 232.96 | L20: 24.83 | M20: 98.01 | N20: 0 | O20: 0 | P20: 0.47 | Q20: 5.54
... A51: 08/09/2023 10:45 | B51: 11.27 | C51: 15.19 | D51: 18.32 | E51: 7.22 | F51: 5.1 | G51: 4.24 | H51: 1.05 | I51: 3.27 | J51: -0.1 | K51: -0.08 | L51: 28.16 | M51: 85.38 | N51: 188.6 | O51: 0 | P51: 0.43 | Q51: 5.53
A52: 08/09/2023 11:00 | B52: Data F | C52: Data F | D52: Data F | E52: Data F | F52: Data F | G52: Data F | H52: Data F | I52: Data F | J52: Data F | K52: Data F | L52: Data F | M52: Data F | N52: Data F | O52: Data F | P52: Data F | Q52: Data F
A53: 08/09/2023 11:15 | B53: 10.16 | C53: 15.41 | D53: 17.55 | E53: 6.95 | F53: 4.49 | G53: Calib. | H53: Calib. | I53: 3.25 | J53: 0.06 | K53: 244.75 | L53: 27.11 | M53: 90.66 | N53: 106.8 | O53: 0 | P53: 0.45 | Q53: 5.52
A54: 08/09/2023 11:30 | B54: 9.86 | C54: 15.4 | D54: 17.3 | E54: 7.21 | F54: 4.58 | G54: Calib. | H54: Calib. | I54: 3.22 | J54: 0.29 | K54: 251.96 | L54: 26.67 | M54: 93.26 | N54: 102.5 | O54: 0.4 | P54: 0.46 | Q54: 5.59
A55: 08/09/2023 11:45 | B55: 9.45 | C55: 14.38 | D55: 16.44 | E55: 6.65 | F55: 5.15 | G55: Calib. | H55: Calib. | I55: 3.24 | J55: 0.16 | K55: 224.32 | L55: 26.47 | M55: 95.13 | N55: 122.2 | O55: 0.2 | P55: 0.43 | Q55: 5.59
A56: 08/09/2023 12:00 | B56: 9.04 | C56: 14.09 | D56: 15.96 | E56: 7.04 | F56: 8.08 | G56: Calib. | H56: Calib. | I56: 3.18 | J56: 0.19 | K56: 235.82 | L56: 26.65 | M56: 94.84 | N56: 131.3 | O56: 0 | P56: 0.43 | Q56: 5.62
A57: 08/09/2023 12:15 | B57: 9.12 | C57: 14.37 | D57: 16.18 | E57: 7.09 | F57: 6.6 | G57: Calib. | H57: Calib. | I57: 3.08 | J57: 0.47 | K57: 257.87 | L57: 26.74 | M57: 93.61 | N57: 152.3 | O57: 0 | P57: 0.42 | Q57: 5.6
A58: 08/09/2023 12:30 | B58: 9.19 | C58: 14.79 | D58: 16.45 | E58: 6.52 | F58: 5.78 | G58: Calib. | H58: Calib. | I58: 3.06 | J58: 0.24 | K58: 226.31 | L58: 27.04 | M58: 92.65 | N58: 135.1 | O58: 0 | P58: 0.42 | Q58: 5.56
A59: 08/09/2023 12:45 | B59: 9.07 | C59: 15.13 | D59: 16.53 | E59: 6.96 | F59: 5.53 | G59: Calib. | H59: Calib. | I59: 3.12 | J59: 0.71 | K59: 258.38 | L59: 26.83 | M59: 90.72 | N59: 173.7 | O59: 0 | P59: 0.44 | Q59: 5.54
A60: 08/09/2023 13:00 | B60: 8.94 | C60: 15.98 | D60: 16.87 | E60: 7.39 | F60: 5.32 | G60: Calib. | H60: Calib. | I60: 3.13 | J60: 0.63 | K60: 258.77 | L60: 27.09 | M60: 89.57 | N60: 232.4 | O60: 0 | P60: 0.45 | Q60: 5.6
A61: 08/09/2023 13:15 | B61: 8.85 | C61: 15.79 | D61: 16.7 | E61: 6.86 | F61: 5.65 | G61: Calib. | H61: Calib. | I61: 3.13 | J61: 0.7 | K61: 265.64 | L61: 27.58 | M61: 87.31 | N61: 228.8 | O61: 0 | P61: 0.44 | Q61: 5.58
A62: 08/09/2023 13:30 | B62: 8.54 | C62: 16.22 | D62: 16.68 | E62: 6.66 | F62: 5.61 | G62: Calib. | H62: Calib. | I62: 3.13 | J62: 0.7 | K62: 259.31 | L62: 27.9 | M62: 85.51 | N62: 257.6 | O62: 0 | P62: 0.45 | Q62: 5.57
A63: 08/09/2023 13:45 | B63: 8.28 | C63: 16.41 | D63: 16.57 | E63: 6.55 | F63: 5.39 | G63: Calib. | H63: Calib. | I63: 3.11 | J63: 0.53 | K63: 252.17 | L63: 27.8 | M63: 85.8 | N63: 245.9 | O63: 0 | P63: 0.45 | Q63: 5.57
A64: 08/09/2023 14:00 | B64: 7.97 | C64: 16.33 | D64: 16.28 | E64: 6.23 | F64: 5.52 | G64: 0.27 | H64: 0.02 | I64: 3.09 | J64: 0.62 | K64: 257.43 | L64: 27.43 | M64: 86.88 | N64: 77.3 | O64: 0 | P64: 0.45 | Q64: 5.58
A65: 08/09/2023 14:15 | B65: 7.91 | C65: 16.58 | D65: 16.35 | E65: 6.24 | F65: 5.12 | G65: 0.27 | H65: 0.02 | I65: 3.05 | J65: 0.87 | K65: 260.53 | L65: 27.22 | M65: 86.62 | N65: 196.6 | O65: 0 | P65: 0.42 | Q65: 5.59
A66: 08/09/2023 14:30 | B66: 7.7 | C66: 16.49 | D66: 16.14 | E66: 6.17 | F66: 5.12 | G66: 0.27 | H66: 0.02 | I66: 3.04 | J66: 0.74 | K66: 258.85 | L66: 27.41 | M66: 85.87 | N66: 179.8 | O66: 0 | P66: 0.44 | Q66: 5.55
A67: 08/09/2023 14:45 | B67: 7.69 | C67: 16.34 | D67: 16.05 | E67: 6.06 | F67: 5.22 | G67: 0.27 | H67: 0.02 | I67: 3.05 | J67: 0.56 | K67: 250.51 | L67: 27.49 | M67: 85.54 | N67: 158.9 | O67: 0 | P67: 0.44 | Q67: 5.54
A68: 08/09/2023 15:00 | B68: 7.12 | C68: 16.1 | D68: 15.47 | E68: 6.17 | F68: 5.84 | G68: 2.08 | H68: 0.06 | I68: 3 | J68: 0.47 | K68: 246.6 | L68: 27.23 | M68: 85.87 | N68: 105.1 | O68: 0 | P68: 0.44 | Q68: 5.48
A69: 08/09/2023 15:15 | B69: 6.97 | C69: 16.24 | D69: 15.42 | E69: 6.05 | F69: 5.51 | G69: 3.59 | H69: 0.08 | I69: 2.94 | J69: 0.42 | K69: 256.44 | L69: 27.17 | M69: 86.03 | N69: 141.4 | O69: 0 | P69: 0.44 | Q69: 5.49
A70: 08/09/2023 15:30 | B70: 6.91 | C70: 16.58 | D70: 15.56 | E70: 6.13 | F70: 5.32 | G70: 3.59 | H70: 0.08 | I70: 2.86 | J70: 0.39 | K70: 244.27 | L70: 27.29 | M70: 86.07 | N70: 128.6 | O70: 0 | P70: 0.43 | Q70: 5.46
A71: 08/09/2023 15:45 | B71: 7.01 | C71: 16.68 | D71: 15.69 | E71: 5.78 | F71: 4.98 | G71: 3.59 | H71: 0.08 | I71: 2.88 | J71: 0.43 | K71: 254.2 | L71: 27.47 | M71: 85.45 | N71: 176.7 | O71: 0 | P71: 0.43 | Q71: 5.46
A72: 08/09/2023 16:00 | B72: 7.08 | C72: 17.33 | D72: 16.08 | E72: 5.78 | F72: 4.68 | G72: 4.35 | H72: 0.78 | I72: 2.85 | J72: 0.41 | K72: 252.24 | L72: 27.64 | M72: 84.19 | N72: 137.3 | O72: 0 | P72: 0.43 | Q72: 5.47
A73: 08/09/2023 16:15 | B73: 7.22 | C73: 17.81 | D73: 16.45 | E73: 6.72 | F73: 4.69 | G73: 5 | H73: 1.05 | I73: 2.88 | J73: 0.44 | K73: 254.83 | L73: 27.39 | M73: 84.77 | N73: 101.9 | O73: 0 | P73: 0.44 | Q73: 5.52
A74: 08/09/2023 16:30 | B74: 7.25 | C74: 17.64 | D74: 16.38 | E74: 6.15 | F74: 4.87 | G74: 5 | H74: 1.05 | I74: 2.91 | J74: 0.54 | K74: 258.42 | L74: 27.41 | M74: 83.83 | N74: 76.1 | O74: 0 | P74: 0.44 | Q74: 5.53
A75: 08/09/2023 16:45 | B75: 7.45 | C75: 17.11 | D75: 16.27 | E75: 6.26 | F75: 4.97 | G75: 5 | H75: 1.05 | I75: 2.89 | J75: 0.49 | K75: 252.66 | L75: 27.22 | M75: 83.92 | N75: 65.2 | O75: 0 | P75: 0.43 | Q75: 5.49
... A104: 08/09/2023 24:00 | B104: 8.8 | C104: 15.4 | D104: 16.45 | E104: 9.44 | F104: 5.99 | G104: 7.78 | H104: 4.22 | I104: 2.92 | J104: 0.28 | K104: 255.35 | L104: 25.45 | M104: 89.81 | N104: 0 | O104: 0 | P104: 0.4 | Q104: 5.5
A106: Min | B106: =MIN(B9:B104) -> 6.89 | C106: =MIN(C9:C104) -> 14.09 | D106: =MIN(D9:D104) -> 14.95 | E106: =MIN(E9:E104) -> 5.78 | F106: =MIN(F9:F104) -> 3.86 | G106: =MIN(G9:G104) -> 0.27 | H106: =MIN(H9:H104) -> 0.02 | I106: =MIN(I9:I104) -> 2.68 | ... Q106: =MIN(Q9:Q104) -> 5.45
A107: Max | B107: =MAX(B9:B104) -> 11.91 | C107: =MAX(C9:C104) -> 18.37 | D107: =MAX(D9:D104) -> 19.46 | E107: =MAX(E9:E104) -> 9.8 | F107: =MAX(F9:F104) -> 8.08 | G107: =MAX(G9:G104) -> 9.01 | H107: =MAX(H9:H104) -> 4.22 | I107: =MAX(I9:I104) -> 3.46 | ... Q107: =MAX(Q9:Q104) -> 5.64
A108: Avg | B108: =AVERAGE(B9:B104) -> 9.4128421 | C108: =AVERAGE(C9:C104) -> 15.902947 | D108: =AVERAGE(D9:D104) -> 17.208632 | E108: =AVERAGE(E9:E104) -> 7.5636842 | F108: =AVERAGE(F9:F104) -> 5.2153684 | G108: =AVERAGE(G9:G104) -> 5.0534524 | H108: =AVERAGE(H9:H104) -> 1.8905952 | I108: =AVERAGE(I9:I104) -> 3.0730526 | ... Q108: =AVERAGE(Q9:Q104) -> 5.5397895
A109: Stdev | B109: =STDEV(B9:B104) -> 1.6202729 | C109: =STDEV(C9:C104) -> 1.0327508 | D109: =STDEV(D9:D104) -> 1.1795461 | E109: =STDEV(E9:E104) -> 1.0087248 | F109: =STDEV(F9:F104) -> 0.76131299 | G109: =STDEV(G9:G104) -> 1.7476749 | H109: =STDEV(H9:H104) -> 0.94806124 | I109: =STDEV(I9:I104) -> 0.18910244 | ... Q109: =STDEV(Q9:Q104) -> 0.048399467
A110: Num | B110: 96 | C110: 96 | D110: 96 | E110: 96 | F110: 96 | G110: 96 | H110: 96 | I110: 96 | J110: 96 | K110: 96 | L110: 96 | M110: 96 | N110: 96 | O110: 96 | P110: 96 | Q110: 96
A111: DCR | B111: =IF(B110>=87,">90%",IF(B110<=87,"<90%")) -> >90% | C111: =IF(C110>=87,">90%",IF(C110<=87,"<90%")) -> >90% | D111: =IF(D110>=87,">90%",IF(D110<=87,"<90%")) -> >90% | E111: =IF(E110>=87,">90%",IF(E110<=87,"<90%")) -> >90% | F111: =IF(F110>=87,">90%",IF(F110<=87,"<90%")) -> >90% | G111: =IF(G110>=87,">90%",IF(G110<=87,"<90%")) -> >90% | H111: =IF(H110>=87,">90%",IF(H110<=87,"<90%")) -> >90% | I111: =IF(I110>=87,">90%",IF(I110<=87,"<90%")) -> >90% | ... Q111: =IF(Q110>=87,">90%",IF(Q110<=87,"<90%")) -> >90%
A112: Status | B112: =IF(B110>=87,"OK",IF(B110<=87,"LESS")) -> OK | C112: =IF(C110>=87,"OK",IF(C110<=87,"LESS")) -> OK | D112: =IF(D110>=87,"OK",IF(D110<=87,"LESS")) -> OK | E112: =IF(E110>=87,"OK",IF(E110<=87,"LESS")) -> OK | F112: =IF(F110>=87,"OK",IF(F110<=87,"LESS")) -> OK | G112: =IF(G110>=87,"OK",IF(G110<=87,"LESS")) -> OK | H112: =IF(H110>=87,"OK",IF(H110<=87,"LESS")) -> OK | I112: =IF(I110>=87,"OK",IF(I110<=87,"LESS")) -> OK | ... Q112: =IF(Q110>=87,"OK",IF(Q110<=87,"LESS")) -> OK
A115: Done by | B115: AKASH
A117: Comment

Sheet 09
A1: Station: | B1: IGKV RAIPUR
A2: Date: | B2: =$A$9 -> 09/09/2023 00:15 | C2: Power Off | G2: Pw.Off | J2: Link Fail | L2: Link F | N2: Maintenance | P2: Maint.
A3: Report Type: | B3: Mean | C3: Calibration | G3: Calib. | J3: Data Fail | L3: Data F | N3: Invalid | P3: Invalid
A4: Time Base: | B4: 15 Min | C4: Zero Referrence | G4: Z.Ref | J4: Warm Up | L4: Wm. Up
A7: Date & Time | B7: NO | C7: NO2 | D7: NOX | E7: SO2 | F7: O3 | G7: PM 10 | H7: PM 2.5 | I7: BENZ | J7: WS | K7: WD | L7: TEMP | M7: HUM | N7: SR | O7: RG | P7: CO | Q7: NH3
B8: ug/m3 | C8: ug/m3 | D8: ppb | E8: ug/m3 | F8: ug/m3 | G8: ug/m3 | H8: ug/m3 | I8: ug/m3 | J8: m/sec | K8: deg | L8: degreC | M8: % | N8: w/m2 | O8: mm | P8: mg/m3 | Q8: ug/m3
A9: 09/09/2023 00:15 | B9: 10.69 | C9: 18.61 | D9: 19.65 | E9: 9.65 | F9: 4.19 | G9: 6.75 | H9: 4.55 | I9: 2.82 | J9: 0.2 | K9: 258.97 | L9: 25.42 | M9: 89.89 | N9: 0 | O9: 0 | P9: 0.42 | Q9: 5.57
A10: 09/09/2023 00:30 | B10: 10.82 | C10: 17.44 | D10: 19.14 | E10: 10.2 | F10: 4.36 | G10: 6.75 | H10: 4.55 | I10: 2.82 | J10: 0.16 | K10: 246.43 | L10: 25.39 | M10: 90.39 | N10: 0 | O10: 0 | P10: 0.42 | Q10: 5.57
A11: 09/09/2023 00:45 | B11: 10.65 | C11: 16.21 | D11: 18.36 | E11: 9.32 | F11: 5.19 | G11: 6.75 | H11: 4.55 | I11: 3 | J11: 0.14 | K11: 233.59 | L11: 25.42 | M11: 90.57 | N11: 0 | O11: 0 | P11: 0.41 | Q11: 5.56
A12: 09/09/2023 01:00 | B12: 10.28 | C12: 15.61 | D12: 17.76 | E12: 9.07 | F12: 5.69 | G12: 7.93 | H12: 3.67 | I12: 2.93 | J12: 0.11 | K12: 255.16 | L12: 25.33 | M12: 91.72 | N12: 0 | O12: 0 | P12: 0.4 | Q12: 5.53
A13: 09/09/2023 01:15 | B13: 10.8 | C13: 17.97 | D13: 19.4 | E13: 10.41 | F13: 4.12 | G13: 8.92 | H13: 3.35 | I13: 0.03 | J13: 0.12 | K13: 249.33 | L13: 25.26 | M13: 92.32 | N13: 0 | O13: 0 | P13: 0.42 | Q13: 5.59
A14: 09/09/2023 01:30 | B14: 11.06 | C14: 17.54 | D14: 19.39 | E14: 9.31 | F14: 4.39 | G14: 8.92 | H14: 3.35 | I14: 1.21 | J14: 0.16 | K14: 262.86 | L14: 25.21 | M14: 92.59 | N14: 0 | O14: 0 | P14: 0.42 | Q14: 5.58
A15: 09/09/2023 01:45 | B15: 11.28 | C15: 17.64 | D15: 19.62 | E15: 9.34 | F15: 4.3 | G15: 8.92 | H15: 3.35 | I15: 2.95 | J15: 0.1 | K15: 253.26 | L15: 25.24 | M15: 92.57 | N15: 0 | O15: 0 | P15: 0.44 | Q15: 5.59
A16: 09/09/2023 02:00 | B16: 11.25 | C16: 15.99 | D16: 18.73 | E16: 8.99 | F16: 5.24 | G16: 7.5 | H16: 2.72 | I16: 2.94 | J16: 0.11 | K16: 266.47 | L16: 25.2 | M16: 93.31 | N16: 0 | O16: 0 | P16: 0.41 | Q16: 5.57
A17: 09/09/2023 02:15 | B17: 11.16 | C17: 15.29 | D17: 18.29 | E17: 6.8 | F17: 5.24 | G17: 6.46 | H17: 2.52 | I17: 2.98 | J17: 0.09 | K17: 249.15 | L17: 25.21 | M17: 93.72 | N17: 0 | O17: 0 | P17: 0.39 | Q17: 5.56
A18: 09/09/2023 02:30 | B18: 11.12 | C18: 14.77 | D18: 17.98 | E18: 8.02 | F18: 5.19 | G18: 6.46 | H18: 2.52 | I18: 2.87 | J18: 0.13 | K18: 263.09 | L18: 25.22 | M18: 94.17 | N18: 0 | O18: 0 | P18: 0.37 | Q18: 5.55
A19: 09/09/2023 02:45 | B19: 11.16 | C19: 15.74 | D19: 18.52 | E19: 8.18 | F19: 4.62 | G19: 6.46 | H19: 2.52 | I19: 2.8 | J19: 0.13 | K19: 266.67 | L19: 25.22 | M19: 94.36 | N19: 0 | O19: 0 | P19: 0.39 | Q19: 5.52
A20: 09/09/2023 03:00 | B20: 11.52 | C20: 17.34 | D20: 19.65 | E20: 8.09 | F20: 3.97 | G20: 7.23 | H20: 2.05 | I20: 2.81 | J20: 0.1 | K20: 274.01 | L20: 25.29 | M20: 94.05 | N20: 0 | O20: 0 | P20: 0.43 | Q20: 5.6
... A104: 09/09/2023 24:00 | B104: 9.22 | C104: 12.59 | D104: 15.32 | E104: 7.28 | F104: 7.42 | G104: 9.53 | H104: 3.25 | I104: 2.86 | J104: 0.06 | K104: 206.17 | L104: 26 | M104: 89.72 | N104: 0 | O104: 0 | P104: 0.33 | Q104: 5.35
A106: Min | B106: =MIN(B9:B104) -> 7.83 | C106: =MIN(C9:C104) -> 11.82 | D106: =MIN(D9:D104) -> 13.9 | E106: =MIN(E9:E104) -> 6.43 | F106: =MIN(F9:F104) -> 3.93 | G106: =MIN(G9:G104) -> 4.62 | H106: =MIN(H9:H104) -> 1.16 | I106: =MIN(I9:I104) -> 0.03 | ... Q106: =MIN(Q9:Q104) -> 5.25
A107: Max | B107: =MAX(B9:B104) -> 12.86 | C107: =MAX(C9:C104) -> 18.61 | D107: =MAX(D9:D104) -> 21.21 | E107: =MAX(E9:E104) -> 10.41 | F107: =MAX(F9:F104) -> 11.2 | G107: =MAX(G9:G104) -> 12.58 | H107: =MAX(H9:H104) -> 4.55 | I107: =MAX(I9:I104) -> 3 | ... Q107: =MAX(Q9:Q104) -> 5.7
A108: Avg | B108: =AVERAGE(B9:B104) -> 10.194896 | C108: =AVERAGE(C9:C104) -> 14.905 | D108: =AVERAGE(D9:D104) -> 17.314479 | E108: =AVERAGE(E9:E104) -> 7.87 | F108: =AVERAGE(F9:F104) -> 5.9655208 | G108: =AVERAGE(G9:G104) -> 7.7122917 | H108: =AVERAGE(H9:H104) -> 2.5229167 | I108: =AVERAGE(I9:I104) -> 2.7494792 | ... Q108: =AVERAGE(Q9:Q104) -> 5.441875
A109: Stdev | B109: =STDEV(B9:B104) -> 1.5079215 | C109: =STDEV(C9:C104) -> 1.5435366 | D109: =STDEV(D9:D104) -> 1.8954382 | E109: =STDEV(E9:E104) -> 0.68422065 | F109: =STDEV(F9:F104) -> 1.6911042 | G109: =STDEV(G9:G104) -> 2.0014234 | H109: =STDEV(H9:H104) -> 0.90957007 | I109: =STDEV(I9:I104) -> 0.34785469 | ... Q109: =STDEV(Q9:Q104) -> 0.14279402
A110: Num | B110: =COUNT(B9:B104) -> 96 | C110: =COUNT(C9:C104) -> 96 | D110: =COUNT(D9:D104) -> 96 | E110: =COUNT(E9:E104) -> 96 | F110: =COUNT(F9:F104) -> 96 | G110: =COUNT(G9:G104) -> 96 | H110: =COUNT(H9:H104) -> 96 | I110: =COUNT(I9:I104) -> 96 | ... Q110: =COUNT(Q9:Q104) -> 96
A111: DCR | B111: =IF(B110>=87,">90%",IF(B110<=87,"<90%")) -> >90% | C111: =IF(C110>=87,">90%",IF(C110<=87,"<90%")) -> >90% | D111: =IF(D110>=87,">90%",IF(D110<=87,"<90%")) -> >90% | E111: =IF(E110>=87,">90%",IF(E110<=87,"<90%")) -> >90% | F111: =IF(F110>=87,">90%",IF(F110<=87,"<90%")) -> >90% | G111: =IF(G110>=87,">90%",IF(G110<=87,"<90%")) -> >90% | H111: =IF(H110>=87,">90%",IF(H110<=87,"<90%")) -> >90% | I111: =IF(I110>=87,">90%",IF(I110<=87,"<90%")) -> >90% | ... Q111: =IF(Q110>=87,">90%",IF(Q110<=87,"<90%")) -> >90%
A112: Status | B112: =IF(B110>=87,"OK",IF(B110<=87,"LESS")) -> OK | C112: =IF(C110>=87,"OK",IF(C110<=87,"LESS")) -> OK | D112: =IF(D110>=87,"OK",IF(D110<=87,"LESS")) -> OK | E112: =IF(E110>=87,"OK",IF(E110<=87,"LESS")) -> OK | F112: =IF(F110>=87,"OK",IF(F110<=87,"LESS")) -> OK | G112: =IF(G110>=87,"OK",IF(G110<=87,"LESS")) -> OK | H112: =IF(H110>=87,"OK",IF(H110<=87,"LESS")) -> OK | I112: =IF(I110>=87,"OK",IF(I110<=87,"LESS")) -> OK | ... Q112: =IF(Q110>=87,"OK",IF(Q110<=87,"LESS")) -> OK
A115: Done by | B115: AKASH
A117: Comment

Sheet 10
A1: Station: | B1: IGKV RAIPUR
A2: Date: | B2: =$A$9 -> 10/09/2023 00:15 | C2: Power Off | G2: Pw.Off | J2: Link Fail | L2: Link F | N2: Maintenance | P2: Maint.
A3: Report Type: | B3: Mean | C3: Calibration | G3: Calib. | J3: Data Fail | L3: Data F | N3: Invalid | P3: Invalid
A4: Time Base: | B4: 15 Min | C4: Zero Referrence | G4: Z.Ref | J4: Warm Up | L4: Wm. Up
A7: Date & Time | B7: NO | C7: NO2 | D7: NOX | E7: SO2 | F7: O3 | G7: PM 10 | H7: PM 2.5 | I7: BENZ | J7: WS | K7: WD | L7: TEMP | M7: HUM | N7: SR | O7: RG | P7: CO | Q7: NH3
B8: ug/m3 | C8: ug/m3 | D8: ppb | E8: ug/m3 | F8: ug/m3 | G8: ug/m3 | H8: ug/m3 | I8: ug/m3 | J8: m/sec | K8: deg | L8: degreC | M8: % | N8: w/m2 | O8: mm | P8: mg/m3 | Q8: ug/m3
A9: 10/09/2023 00:15 | B9: 9.8 | C9: 15.82 | D9: 17.47 | E9: 7.7 | F9: 5.18 | G9: 8.31 | H9: 3.68 | I9: 2.76 | J9: 0.09 | K9: 141.94 | L9: 25.97 | M9: 89.94 | N9: 0 | O9: 0 | P9: 0.35 | Q9: 5.39
A10: 10/09/2023 00:30 | B10: 9.83 | C10: 15.22 | D10: 17.19 | E10: 7.94 | F10: 5.02 | G10: 8.31 | H10: 3.68 | I10: 2.56 | J10: 0.08 | K10: 170.94 | L10: 25.85 | M10: 90.25 | N10: 0 | O10: 0 | P10: 0.36 | Q10: 5.41
A11: 10/09/2023 00:45 | B11: 9.69 | C11: 14.08 | D11: 16.48 | E11: 7.56 | F11: 5.89 | G11: 8.31 | H11: 3.68 | I11: 2.97 | J11: 0.07 | K11: 192.13 | L11: 25.81 | M11: 90.35 | N11: 0 | O11: 0 | P11: 0.34 | Q11: 5.4
A12: 10/09/2023 01:00 | B12: 9.31 | C12: 12.59 | D12: 15.39 | E12: 7.23 | F12: 6.95 | G12: 7.78 | H12: 2.96 | I12: 2.9 | J12: 0.11 | K12: 167.23 | L12: 25.81 | M12: 91.4 | N12: 0 | O12: 0 | P12: 0.32 | Q12: 5.37
A13: 10/09/2023 01:15 | B13: 9.19 | C13: 12.33 | D13: 15.16 | E13: 7.31 | F13: 6.93 | G13: 7.39 | H13: 2.73 | I13: 2.73 | J13: 0.07 | K13: 219.26 | L13: 25.73 | M13: 91.71 | N13: 0 | O13: 0 | P13: 0.31 | Q13: 5.36
A14: 10/09/2023 01:30 | B14: 9.6 | C14: 15.25 | D14: 17.02 | E14: 7.64 | F14: 4.81 | G14: 7.39 | H14: 2.73 | I14: 2.63 | J14: 0.07 | K14: 174.09 | L14: 25.66 | M14: 92.95 | N14: 0 | O14: 0 | P14: 0.35 | Q14: 5.38
A15: 10/09/2023 01:45 | B15: 10.08 | C15: 16.26 | D15: 17.93 | E15: 8 | F15: 4.27 | G15: 7.39 | H15: 2.73 | I15: 2.63 | J15: 0.09 | K15: 196.23 | L15: 25.61 | M15: 93.36 | N15: 0 | O15: 0 | P15: 0.38 | Q15: 5.45
A16: 10/09/2023 02:00 | B16: 10.25 | C16: 14.72 | D16: 17.26 | E16: 7.83 | F16: 5.32 | G16: 7.74 | H16: 3.85 | I16: 2.97 | J16: 0.11 | K16: 221.87 | L16: 25.64 | M16: 92.75 | N16: 0 | O16: 0 | P16: 0.37 | Q16: 5.45
A17: 10/09/2023 02:15 | B17: 10.12 | C17: 13.89 | D17: 16.72 | E17: 8.42 | F17: 5.76 | G17: 8 | H17: 4.21 | I17: 2.95 | J17: 0.25 | K17: 257.71 | L17: 25.69 | M17: 91.25 | N17: 0 | O17: 0 | P17: 0.33 | Q17: 5.42
A18: 10/09/2023 02:30 | B18: 9.91 | C18: 13.64 | D18: 16.42 | E18: 9.56 | F18: 6.01 | G18: 8 | H18: 4.21 | I18: 2.81 | J18: 0.12 | K18: 229.7 | L18: 25.69 | M18: 91.21 | N18: 0 | O18: 0 | P18: 0.32 | Q18: 5.36
A19: 10/09/2023 02:45 | B19: 9.76 | C19: 13.19 | D19: 16.07 | E19: 9.54 | F19: 6.2 | G19: 8 | H19: 4.21 | I19: 2.8 | J19: 0.08 | K19: 168.4 | L19: 25.66 | M19: 92.13 | N19: 0 | O19: 0 | P19: 0.32 | Q19: 5.37
A20: 10/09/2023 03:00 | B20: 10.19 | C20: 15.48 | D20: 17.61 | E20: 10.48 | F20: 4.6 | G20: 8.54 | H20: 3.97 | I20: 2.7 | J20: 0.03 | K20: 207.02 | L20: 25.45 | M20: 93.38 | N20: 0 | O20: 0 | P20: 0.36 | Q20: 5.45
... A104: 10/09/2023 24:00 | B104: 9.52 | C104: 13.95 | D104: 16.27 | E104: 7.09 | F104: 5.68 | G104: 13.08 | H104: 7.86 | I104: 3.07 | J104: 0.5 | K104: 259.09 | L104: 25.94 | M104: 91.19 | N104: 0 | O104: 0 | P104: 0.38 | Q104: 4.79
A106: Min | B106: =MIN(B9:B104) -> 7.18 | C106: =MIN(C9:C104) -> 11.89 | D106: =MIN(D9:D104) -> 13.32 | E106: =MIN(E9:E104) -> 6.22 | F106: =MIN(F9:F104) -> 4 | G106: =MIN(G9:G104) -> 7.39 | H106: =MIN(H9:H104) -> 2.4 | I106: =MIN(I9:I104) -> 2.52 | ... Q106: =MIN(Q9:Q104) -> 4.62
A107: Max | B107: =MAX(B9:B104) -> 12.21 | C107: =MAX(C9:C104) -> 16.69 | D107: =MAX(D9:D104) -> 19.64 | E107: =MAX(E9:E104) -> 11.04 | F107: =MAX(F9:F104) -> 9.05 | G107: =MAX(G9:G104) -> 14.1 | H107: =MAX(H9:H104) -> 8.15 | I107: =MAX(I9:I104) -> 3.07 | ... Q107: =MAX(Q9:Q104) -> 6.04
A108: Avg | B108: =AVERAGE(B9:B104) -> 9.5640625 | C108: =AVERAGE(C9:C104) -> 14.256979 | D108: =AVERAGE(D9:D104) -> 16.469583 | E108: =AVERAGE(E9:E104) -> 8.6402083 | F108: =AVERAGE(F9:F104) -> 5.8260417 | G108: =AVERAGE(G9:G104) -> 9.9922917 | H108: =AVERAGE(H9:H104) -> 4.7530208 | I108: =AVERAGE(I9:I104) -> 2.8603125 | ... Q108: =AVERAGE(Q9:Q104) -> 5.0225
A109: Stdev | B109: =STDEV(B9:B104) -> 1.4037271 | C109: =STDEV(C9:C104) -> 1.0641133 | D109: =STDEV(D9:D104) -> 1.5262454 | E109: =STDEV(E9:E104) -> 1.3443871 | F109: =STDEV(F9:F104) -> 1.0376923 | G109: =STDEV(G9:G104) -> 1.8076024 | H109: =STDEV(H9:H104) -> 1.505691 | I109: =STDEV(I9:I104) -> 0.12119973 | ... Q109: =STDEV(Q9:Q104) -> 0.34376246
A110: Num | B110: =COUNT(B9:B104) -> 96 | C110: =COUNT(C9:C104) -> 96 | D110: =COUNT(D9:D104) -> 96 | E110: =COUNT(E9:E104) -> 96 | F110: =COUNT(F9:F104) -> 96 | G110: =COUNT(G9:G104) -> 96 | H110: =COUNT(H9:H104) -> 96 | I110: =COUNT(I9:I104) -> 96 | ... Q110: =COUNT(Q9:Q104) -> 96
A111: DCR | B111: =IF(B110>=87,">90%",IF(B110<=87,"<90%")) -> >90% | C111: =IF(C110>=87,">90%",IF(C110<=87,"<90%")) -> >90% | D111: =IF(D110>=87,">90%",IF(D110<=87,"<90%")) -> >90% | E111: =IF(E110>=87,">90%",IF(E110<=87,"<90%")) -> >90% | F111: =IF(F110>=87,">90%",IF(F110<=87,"<90%")) -> >90% | G111: =IF(G110>=87,">90%",IF(G110<=87,"<90%")) -> >90% | H111: =IF(H110>=87,">90%",IF(H110<=87,"<90%")) -> >90% | I111: =IF(I110>=87,">90%",IF(I110<=87,"<90%")) -> >90% | ... Q111: =IF(Q110>=87,">90%",IF(Q110<=87,"<90%")) -> >90%
A112: Status | B112: =IF(B110>=87,"OK",IF(B110<=87,"LESS")) -> OK | C112: =IF(C110>=87,"OK",IF(C110<=87,"LESS")) -> OK | D112: =IF(D110>=87,"OK",IF(D110<=87,"LESS")) -> OK | E112: =IF(E110>=87,"OK",IF(E110<=87,"LESS")) -> OK | F112: =IF(F110>=87,"OK",IF(F110<=87,"LESS")) -> OK | G112: =IF(G110>=87,"OK",IF(G110<=87,"LESS")) -> OK | H112: =IF(H110>=87,"OK",IF(H110<=87,"LESS")) -> OK | I112: =IF(I110>=87,"OK",IF(I110<=87,"LESS")) -> OK | ... Q112: =IF(Q110>=87,"OK",IF(Q110<=87,"LESS")) -> OK
A115: Done by | B115: AKASH
A117: Comment

Sheet 11
A1: Station: | B1: IGKV RAIPUR
A2: Date: | B2: =$A$9 -> 11/09/2023 00:15 | C2: Power Off | G2: Pw.Off | J2: Link Fail | L2: Link F | N2: Maintenance | P2: Maint.
A3: Report Type: | B3: Mean | C3: Calibration | G3: Calib. | J3: Data Fail | L3: Data F | N3: Invalid | P3: Invalid
A4: Time Base: | B4: 15 Min | C4: Zero Referrence | G4: Z.Ref | J4: Warm Up | L4: Wm. Up
A7: Date & Time | B7: NO | C7: NO2 | D7: NOX | E7: SO2 | F7: O3 | G7: PM 10 | H7: PM 2.5 | I7: BENZ | J7: WS | K7: WD | L7: TEMP | M7: HUM | N7: SR | O7: RG | P7: CO | Q7: NH3
B8: ug/m3 | C8: ug/m3 | D8: ppb | E8: ug/m3 | F8: ug/m3 | G8: ug/m3 | H8: ug/m3 | I8: ug/m3 | J8: m/sec | K8: deg | L8: degreC | M8: % | N8: w/m2 | O8: mm | P8: mg/m3 | Q8: ug/m3
A9: 11/09/2023 00:15 | B9: 8.96 | C9: 16.26 | D9: 17.03 | E9: 7.57 | F9: 4.38 | G9: 14.03 | H9: 8.45 | I9: 2.98 | J9: 0.52 | K9: 260.22 | L9: 25.84 | M9: 91.86 | N9: 0 | O9: 0 | P9: 0.39 | Q9: 4.78
A10: 11/09/2023 00:30 | B10: 8.87 | C10: 15.2 | D10: 16.4 | E10: 7.52 | F10: 5.01 | G10: 14.03 | H10: 8.45 | I10: 2.97 | J10: 0.35 | K10: 258.8 | L10: 25.75 | M10: 92.41 | N10: 0 | O10: 0 | P10: 0.37 | Q10: 4.81
A11: 11/09/2023 00:45 | B11: 8.66 | C11: 14.24 | D11: 15.73 | E11: 7.21 | F11: 5.6 | G11: 14.03 | H11: 8.45 | I11: 3.09 | J11: 0.52 | K11: 259.59 | L11: 25.7 | M11: 92.57 | N11: 0 | O11: 0 | P11: 0.36 | Q11: 4.83
A12: 11/09/2023 01:00 | B12: 8.79 | C12: 15.85 | D12: 16.68 | E12: 7.33 | F12: 4.11 | G12: 14.68 | H12: 9.14 | I12: 2.99 | J12: 0.29 | K12: 256.97 | L12: 25.63 | M12: 92.74 | N12: 0 | O12: 0 | P12: 0.39 | Q12: 4.8
A13: 11/09/2023 01:15 | B13: 9.05 | C13: 15.52 | D13: 16.71 | E13: 7.7 | F13: 4.59 | G13: 15.15 | H13: 9.35 | I13: 2.93 | J13: 0.36 | K13: 254.59 | L13: 25.79 | M13: 92.2 | N13: 0 | O13: 0 | P13: 0.38 | Q13: 4.82
A14: 11/09/2023 01:30 | B14: 9.09 | C14: 14.27 | D14: 16.1 | E14: 7.08 | F14: 5.4 | G14: 15.15 | H14: 9.35 | I14: 3.1 | J14: 0.15 | K14: 248.02 | L14: 25.78 | M14: 92.63 | N14: 0 | O14: 0 | P14: 0.37 | Q14: 4.8
A15: 11/09/2023 01:45 | B15: 9.17 | C15: 15.26 | D15: 16.67 | E15: 7.93 | F15: 4.61 | G15: 15.15 | H15: 9.35 | I15: 3.01 | J15: 0.13 | K15: 216.47 | L15: 25.8 | M15: 92.91 | N15: 0 | O15: 0 | P15: 0.39 | Q15: 4.79
A16: 11/09/2023 02:00 | B16: 8.96 | C16: 14.17 | D16: 15.94 | E16: 7.18 | F16: 6.15 | G16: 13.05 | H16: 7.44 | I16: 2.94 | J16: 0.24 | K16: 247.85 | L16: 25.68 | M16: 93.63 | N16: 0 | O16: 0 | P16: 0.38 | Q16: 4.84
A17: 11/09/2023 02:15 | B17: 9.09 | C17: 14.08 | D17: 15.99 | E17: 7.02 | F17: 5.75 | G17: 11.51 | H17: 6.85 | I17: 3.04 | J17: 0.25 | K17: 256.81 | L17: 25.74 | M17: 93.08 | N17: 0 | O17: 0 | P17: 0.36 | Q17: 4.86
A18: 11/09/2023 02:30 | B18: 9.3 | C18: 15.78 | D18: 17.05 | E18: 8.42 | F18: 4.5 | G18: 11.51 | H18: 6.85 | I18: 2.83 | J18: 0.24 | K18: 253.52 | L18: 25.77 | M18: 93.1 | N18: 0 | O18: 0 | P18: 0.39 | Q18: 4.84
A19: 11/09/2023 02:45 | B19: 9.29 | C19: 15.2 | D19: 16.74 | E19: 9.07 | F19: 5.14 | G19: 11.51 | H19: 6.85 | I19: 2.99 | J19: 0.28 | K19: 247.79 | L19: 25.85 | M19: 92.84 | N19: 0 | O19: 0 | P19: 0.37 | Q19: 4.87
A20: 11/09/2023 03:00 | B20: 9.32 | C20: 14.22 | D20: 16.25 | E20: 9 | F20: 5.94 | G20: 11.57 | H20: 5.45 | I20: 3.04 | J20: 0.15 | K20: 238.92 | L20: 25.88 | M20: 92.61 | N20: 0 | O20: 0 | P20: 0.36 | Q20: 4.87
... A104: 11/09/2023 24:00 | B104: 9.3 | C104: 16.1 | D104: 17.22 | E104: 8.42 | F104: 4.81 | G104: 23.03 | H104: 8.84 | I104: 4.3 | J104: 0.33 | K104: 255.77 | L104: 26.3 | M104: 90.48 | N104: 0 | O104: 0 | P104: 0.58 | Q104: 4.92
A106: Min | B106: =MIN(B9:B104) -> 8.09 | C106: =MIN(C9:C104) -> 12.97 | D106: =MIN(D9:D104) -> 14.61 | E106: =MIN(E9:E104) -> 5.58 | F106: =MIN(F9:F104) -> 3.93 | G106: =MIN(G9:G104) -> 10.65 | H106: =MIN(H9:H104) -> 4.73 | I106: =MIN(I9:I104) -> 2.83 | ... Q106: =MIN(Q9:Q104) -> 4.78
A107: Max | B107: =MAX(B9:B104) -> 11.26 | C107: =MAX(C9:C104) -> 18.54 | D107: =MAX(D9:D104) -> 19.72 | E107: =MAX(E9:E104) -> 9.78 | F107: =MAX(F9:F104) -> 10.23 | G107: =MAX(G9:G104) -> 32.72 | H107: =MAX(H9:H104) -> 12.88 | I107: =MAX(I9:I104) -> 4.67 | ... Q107: =MAX(Q9:Q104) -> 5.06
A108: Avg | B108: =AVERAGE(B9:B104) -> 9.628125 | C108: =AVERAGE(C9:C104) -> 15.580312 | D108: =AVERAGE(D9:D104) -> 17.212812 | E108: =AVERAGE(E9:E104) -> 7.7226042 | F108: =AVERAGE(F9:F104) -> 5.7079167 | G108: =AVERAGE(G9:G104) -> 21.091979 | H108: =AVERAGE(H9:H104) -> 8.8322917 | I108: =AVERAGE(I9:I104) -> 3.6336458 | ... Q108: =AVERAGE(Q9:Q104) -> 4.9305208
A109: Stdev | B109: =STDEV(B9:B104) -> 0.9243391 | C109: =STDEV(C9:C104) -> 1.1614496 | D109: =STDEV(D9:D104) -> 0.9604568 | E109: =STDEV(E9:E104) -> 1.2070619 | F109: =STDEV(F9:F104) -> 1.1940325 | G109: =STDEV(G9:G104) -> 7.3736862 | H109: =STDEV(H9:H104) -> 2.2896272 | I109: =STDEV(I9:I104) -> 0.48188035 | ... Q109: =STDEV(Q9:Q104) -> 0.073961153
A110: Num | B110: =COUNT(B9:B104) -> 96 | C110: =COUNT(C9:C104) -> 96 | D110: =COUNT(D9:D104) -> 96 | E110: =COUNT(E9:E104) -> 96 | F110: =COUNT(F9:F104) -> 96 | G110: =COUNT(G9:G104) -> 96 | H110: =COUNT(H9:H104) -> 96 | I110: =COUNT(I9:I104) -> 96 | ... Q110: =COUNT(Q9:Q104) -> 96
A111: DCR | B111: =IF(B110>=87,">90%",IF(B110<=87,"<90%")) -> >90% | C111: =IF(C110>=87,">90%",IF(C110<=87,"<90%")) -> >90% | D111: =IF(D110>=87,">90%",IF(D110<=87,"<90%")) -> >90% | E111: =IF(E110>=87,">90%",IF(E110<=87,"<90%")) -> >90% | F111: =IF(F110>=87,">90%",IF(F110<=87,"<90%")) -> >90% | G111: =IF(G110>=87,">90%",IF(G110<=87,"<90%")) -> >90% | H111: =IF(H110>=87,">90%",IF(H110<=87,"<90%")) -> >90% | I111: =IF(I110>=87,">90%",IF(I110<=87,"<90%")) -> >90% | ... Q111: =IF(Q110>=87,">90%",IF(Q110<=87,"<90%")) -> >90%
A112: Status | B112: =IF(B110>=87,"OK",IF(B110<=87,"LESS")) -> OK | C112: =IF(C110>=87,"OK",IF(C110<=87,"LESS")) -> OK | D112: =IF(D110>=87,"OK",IF(D110<=87,"LESS")) -> OK | E112: =IF(E110>=87,"OK",IF(E110<=87,"LESS")) -> OK | F112: =IF(F110>=87,"OK",IF(F110<=87,"LESS")) -> OK | G112: =IF(G110>=87,"OK",IF(G110<=87,"LESS")) -> OK | H112: =IF(H110>=87,"OK",IF(H110<=87,"LESS")) -> OK | I112: =IF(I110>=87,"OK",IF(I110<=87,"LESS")) -> OK | ... Q112: =IF(Q110>=87,"OK",IF(Q110<=87,"LESS")) -> OK
A115: Done by | B115: AKASH
A117: Comment

Sheet 12
A1: Station: | B1: IGKV RAIPUR
A2: Date: | B2: =$A$9 -> 12/09/2023 00:15 | C2: Power Off | G2: Pw.Off | J2: Link Fail | L2: Link F | N2: Maintenance | P2: Maint.
A3: Report Type: | B3: Mean | C3: Calibration | G3: Calib. | J3: Data Fail | L3: Data F | N3: Invalid | P3: Invalid
A4: Time Base: | B4: 15 Min | C4: Zero Referrence | G4: Z.Ref | J4: Warm Up | L4: Wm. Up
A7: Date & Time | B7: NO | C7: NO2 | D7: NOX | E7: SO2 | F7: O3 | G7: PM 10 | H7: PM 2.5 | I7: BENZ | J7: WS | K7: WD | L7: TEMP | M7: HUM | N7: SR | O7: RG | P7: CO | Q7: NH3
B8: ug/m3 | C8: ug/m3 | D8: ppb | E8: ug/m3 | F8: ug/m3 | G8: ug/m3 | H8: ug/m3 | I8: ug/m3 | J8: m/sec | K8: deg | L8: degreC | M8: % | N8: w/m2 | O8: mm | P8: mg/m3 | Q8: ug/m3
A9: 12/09/2023 00:15 | B9: 8.84 | C9: 16.42 | D9: 17.02 | E9: 8.65 | F9: 4.52 | G9: 21.45 | H9: 9.01 | I9: 4.16 | J9: 0.4 | K9: 259.89 | L9: 26.29 | M9: 90.75 | N9: 0 | O9: 0 | P9: 0.58 | Q9: 4.97
A10: 12/09/2023 00:30 | B10: 8.66 | C10: 15.11 | D10: 16.19 | E10: 8.24 | F10: 5.48 | G10: 21.45 | H10: 9.01 | I10: 4.39 | J10: 0.23 | K10: 249.78 | L10: 26.22 | M10: 91.35 | N10: 0 | O10: 0 | P10: 0.55 | Q10: 4.99
A11: 12/09/2023 00:45 | B11: 8.37 | C11: 13.94 | D11: 15.35 | E11: 7.74 | F11: 5.99 | G11: 21.45 | H11: 9.01 | I11: 4.28 | J11: 0.31 | K11: 259.68 | L11: 26.08 | M11: 92.46 | N11: 0 | O11: 0 | P11: 0.53 | Q11: 4.99
A12: 12/09/2023 01:00 | B12: 8.61 | C12: 16.21 | D12: 16.72 | E12: 8.65 | F12: 4.31 | G12: 21.77 | H12: 8.56 | I12: 4.23 | J12: 0.43 | K12: 264.89 | L12: 26.12 | M12: 92.22 | N12: 0 | O12: 0 | P12: 0.57 | Q12: 4.97
A13: 12/09/2023 01:15 | B13: 8.7 | C13: 16.19 | D13: 16.79 | E13: 8.61 | F13: 4.52 | G13: 22.01 | H13: 8.41 | I13: 4.11 | J13: 0.51 | K13: 266.31 | L13: 26.14 | M13: 92.17 | N13: 0 | O13: 0 | P13: 0.56 | Q13: 5.03
A14: 12/09/2023 01:30 | B14: 8.82 | C14: 15.2 | D14: 16.37 | E14: 7.92 | F14: 5.06 | G14: 22.01 | H14: 8.41 | I14: 4.34 | J14: 0.46 | K14: 263.37 | L14: 26.12 | M14: 92.3 | N14: 0 | O14: 0 | P14: 0.55 | Q14: 5.01
A15: 12/09/2023 01:45 | B15: 8.92 | C15: 16.09 | D15: 16.91 | E15: 7.83 | F15: 4.53 | G15: 22.01 | H15: 8.41 | I15: 4.17 | J15: 0.38 | K15: 264.11 | L15: 26.02 | M15: 93.01 | N15: 0 | O15: 0 | P15: 0.57 | Q15: 5.01
A16: 12/09/2023 02:00 | B16: 8.72 | C16: 15.07 | D16: 16.22 | E16: 8.76 | F16: 5.12 | G16: 21.18 | H16: 8.01 | I16: 4.17 | J16: 0.36 | K16: 266.32 | L16: 25.94 | M16: 93.54 | N16: 0 | O16: 0 | P16: 0.55 | Q16: 5.03
A17: 12/09/2023 02:15 | B17: 8.77 | C17: 14.68 | D17: 16.05 | E17: 6.37 | F17: 5.19 | G17: 20.58 | H17: 7.88 | I17: 4.23 | J17: 0.49 | K17: 262.65 | L17: 25.94 | M17: 93.59 | N17: 0 | O17: 0 | P17: 0.54 | Q17: 5.03
A18: 12/09/2023 02:30 | B18: 8.99 | C18: 16.25 | D18: 17.05 | E18: 7.39 | F18: 4.17 | G18: 20.58 | H18: 7.88 | I18: 4.05 | J18: 0.32 | K18: 262.87 | L18: 25.85 | M18: 94.16 | N18: 0 | O18: 0 | P18: 0.57 | Q18: 5.04
A19: 12/09/2023 02:45 | B19: 9.23 | C19: 15.46 | D19: 16.83 | E19: 8.08 | F19: 4.59 | G19: 20.58 | H19: 7.88 | I19: 4.15 | J19: 0.36 | K19: 261.98 | L19: 25.81 | M19: 94.41 | N19: 0 | O19: 0 | P19: 0.56 | Q19: 5.08
A20: 12/09/2023 03:00 | B20: 9.1 | C20: 14.6 | D20: 16.27 | E20: 7.53 | F20: 4.85 | G20: 23.07 | H20: 7.85 | I20: 4.24 | J20: 0.32 | K20: 274.18 | L20: 25.75 | M20: 94.41 | N20: 0 | O20: 0 | P20: 0.57 | Q20: 5.06
... A104: 12/09/2023 24:00 | B104: 9.06 | C104: 16.69 | D104: 17.34 | E104: 8.45 | F104: 4.06 | G104: 23.36 | H104: 8.94 | I104: 5.19 | J104: 0.64 | K104: 269.36 | L104: 25.55 | M104: 97.6 | N104: 0 | O104: 0 | P104: 0.65 | Q104: 5.44
A106: Min | B106: =MIN(B9:B104) -> 5.71 | C106: =MIN(C9:C104) -> 11.51 | D106: =MIN(D9:D104) -> 12.24 | E106: =MIN(E9:E104) -> 6.37 | F106: =MIN(F9:F104) -> 3.78 | G106: =MIN(G9:G104) -> 20.58 | H106: =MIN(H9:H104) -> 7.8 | I106: =MIN(I9:I104) -> 3.99 | ... Q106: =MIN(Q9:Q104) -> 4.86
A107: Max | B107: =MAX(B9:B104) -> 11.84 | C107: =MAX(C9:C104) -> 18.79 | D107: =MAX(D9:D104) -> 19.75 | E107: =MAX(E9:E104) -> 10.85 | F107: =MAX(F9:F104) -> 11.08 | G107: =MAX(G9:G104) -> 45.33 | H107: =MAX(H9:H104) -> 14.58 | I107: =MAX(I9:I104) -> 5.64 | ... Q107: =MAX(Q9:Q104) -> 5.44
A108: Avg | B108: =AVERAGE(B9:B104) -> 8.7882292 | C108: =AVERAGE(C9:C104) -> 15.694583 | D108: =AVERAGE(D9:D104) -> 16.598542 | E108: =AVERAGE(E9:E104) -> 8.4801042 | F108: =AVERAGE(F9:F104) -> 5.9741667 | G108: =AVERAGE(G9:G104) -> 30.605313 | H108: =AVERAGE(H9:H104) -> 9.9663542 | I108: =AVERAGE(I9:I104) -> 4.6526042 | ... Q108: =AVERAGE(Q9:Q104) -> 5.1494792
A109: Stdev | B109: =STDEV(B9:B104) -> 1.8311245 | C109: =STDEV(C9:C104) -> 1.6446397 | D109: =STDEV(D9:D104) -> 2.0392465 | E109: =STDEV(E9:E104) -> 0.93132107 | F109: =STDEV(F9:F104) -> 1.6610768 | G109: =STDEV(G9:G104) -> 8.3035292 | H109: =STDEV(H9:H104) -> 1.8940939 | I109: =STDEV(I9:I104) -> 0.35069328 | ... Q109: =STDEV(Q9:Q104) -> 0.1541658
A110: Num | B110: =COUNT(B9:B104) -> 96 | C110: =COUNT(C9:C104) -> 96 | D110: =COUNT(D9:D104) -> 96 | E110: =COUNT(E9:E104) -> 96 | F110: =COUNT(F9:F104) -> 96 | G110: =COUNT(G9:G104) -> 96 | H110: =COUNT(H9:H104) -> 96 | I110: =COUNT(I9:I104) -> 96 | ... Q110: =COUNT(Q9:Q104) -> 96
A111: DCR | B111: =IF(B110>=87,">90%",IF(B110<=87,"<90%")) -> >90% | C111: =IF(C110>=87,">90%",IF(C110<=87,"<90%")) -> >90% | D111: =IF(D110>=87,">90%",IF(D110<=87,"<90%")) -> >90% | E111: =IF(E110>=87,">90%",IF(E110<=87,"<90%")) -> >90% | F111: =IF(F110>=87,">90%",IF(F110<=87,"<90%")) -> >90% | G111: =IF(G110>=87,">90%",IF(G110<=87,"<90%")) -> >90% | H111: =IF(H110>=87,">90%",IF(H110<=87,"<90%")) -> >90% | I111: =IF(I110>=87,">90%",IF(I110<=87,"<90%")) -> >90% | ... Q111: =IF(Q110>=87,">90%",IF(Q110<=87,"<90%")) -> >90%
A112: Status | B112: =IF(B110>=87,"OK",IF(B110<=87,"LESS")) -> OK | C112: =IF(C110>=87,"OK",IF(C110<=87,"LESS")) -> OK | D112: =IF(D110>=87,"OK",IF(D110<=87,"LESS")) -> OK | E112: =IF(E110>=87,"OK",IF(E110<=87,"LESS")) -> OK | F112: =IF(F110>=87,"OK",IF(F110<=87,"LESS")) -> OK | G112: =IF(G110>=87,"OK",IF(G110<=87,"LESS")) -> OK | H112: =IF(H110>=87,"OK",IF(H110<=87,"LESS")) -> OK | I112: =IF(I110>=87,"OK",IF(I110<=87,"LESS")) -> OK | ... Q112: =IF(Q110>=87,"OK",IF(Q110<=87,"LESS")) -> OK
A115: Done by | B115: AKASH
A117: Comment

Sheet 13
A1: Station: | B1: IGKV RAIPUR
A2: Date: | B2: =$A$9 -> 13/09/2023 00:15 | C2: Power Off | G2: Pw.Off | J2: Link Fail | L2: Link F | N2: Maintenance | P2: Maint.
A3: Report Type: | B3: Mean | C3: Calibration | G3: Calib. | J3: Data Fail | L3: Data F | N3: Invalid | P3: Invalid
A4: Time Base: | B4: 15 Min | C4: Zero Referrence | G4: Z.Ref | J4: Warm Up | L4: Wm. Up
A7: Date & Time | B7: NO | C7: NO2 | D7: NOX | E7: SO2 | F7: O3 | G7: PM 10 | H7: PM 2.5 | I7: BENZ | J7: WS | K7: WD | L7: TEMP | M7: HUM | N7: SR | O7: RG | P7: CO | Q7: NH3
B8: ug/m3 | C8: ug/m3 | D8: ppb | E8: ug/m3 | F8: ug/m3 | G8: ug/m3 | H8: ug/m3 | I8: ug/m3 | J8: m/sec | K8: deg | L8: degreC | M8: % | N8: w/m2 | O8: mm | P8: mg/m3 | Q8: ug/m3
A9: 13/09/2023 00:15 | B9: 9.49 | C9: 17.47 | D9: 18.1 | E9: 8.95 | F9: 4.04 | G9: 24.83 | H9: 9.54 | I9: 5.21 | J9: 0.59 | K9: 265.94 | L9: 25.51 | M9: 97.68 | N9: 0 | O9: 0 | P9: 0.66 | Q9: 5.51
A10: 13/09/2023 00:30 | B10: 9.62 | C10: 16.45 | D10: 17.66 | E10: 8.68 | F10: 4.84 | G10: 24.83 | H10: 9.54 | I10: 5.32 | J10: 0.5 | K10: 275.01 | L10: 25.55 | M10: 97.64 | N10: 0 | O10: 0 | P10: 0.63 | Q10: 5.57
A11: 13/09/2023 00:45 | B11: 9.71 | C11: 16.36 | D11: 17.68 | E11: 8.82 | F11: 4.57 | G11: 24.83 | H11: 9.54 | I11: 5.28 | J11: 0.59 | K11: 264.34 | L11: 25.62 | M11: 97.14 | N11: 0 | O11: 0 | P11: 0.63 | Q11: 5.49
A12: 13/09/2023 01:00 | B12: 9.84 | C12: 17.47 | D12: 18.37 | E12: 9.3 | F12: 4.15 | G12: 20.96 | H12: 7.62 | I12: 5.19 | J12: 0.63 | K12: 265.51 | L12: 25.67 | M12: 97.03 | N12: 0 | O12: 0 | P12: 0.64 | Q12: 5.53
A13: 13/09/2023 01:15 | B13: 9.95 | C13: 16.77 | D13: 18.09 | E13: 9.01 | F13: 4.71 | G13: 18.13 | H13: 7.02 | I13: 5.3 | J13: 0.67 | K13: 265.45 | L13: 25.68 | M13: 96.89 | N13: 0 | O13: 0 | P13: 0.62 | Q13: 5.54
A14: 13/09/2023 01:30 | B14: 9.95 | C14: 16.24 | D14: 17.81 | E14: 8.56 | F14: 4.82 | G14: 18.13 | H14: 7.02 | I14: 5.44 | J14: 0.43 | K14: 267.34 | L14: 25.79 | M14: 96.77 | N14: 0 | O14: 0 | P14: 0.59 | Q14: 5.49
A15: 13/09/2023 01:45 | B15: 9.95 | C15: 17.42 | D15: 18.43 | E15: 9.19 | F15: 4.1 | G15: 18.13 | H15: 7.02 | I15: 5.44 | J15: 0.16 | K15: 263.85 | L15: 25.75 | M15: 96.95 | N15: 0 | O15: 0 | P15: 0.62 | Q15: 5.49
A16: 13/09/2023 02:00 | B16: 10.32 | C16: 16.92 | D16: 18.47 | E16: 9.18 | F16: 4.41 | G16: 18.66 | H16: 6.37 | I16: 5.48 | J16: 0.31 | K16: 293.16 | L16: 25.82 | M16: 96.65 | N16: 0 | O16: 0 | P16: 0.61 | Q16: 5.56
A17: 13/09/2023 02:15 | B17: 10.58 | C17: 16.59 | D17: 18.51 | E17: 6.66 | F17: 4.78 | G17: 19.04 | H17: 6.16 | I17: 5.59 | J17: 0.39 | K17: 293.52 | L17: 25.78 | M17: 95.87 | N17: 0 | O17: 0 | P17: 0.59 | Q17: 5.55
A18: 13/09/2023 02:30 | B18: 10.71 | C18: 17.71 | D18: 19.19 | E18: 7.35 | F18: 4.21 | G18: 19.04 | H18: 6.16 | I18: 5.46 | J18: 0.29 | K18: 277.26 | L18: 25.66 | M18: 96.17 | N18: 0 | O18: 0 | P18: 0.61 | Q18: 5.61
A19: 13/09/2023 02:45 | B19: 10.85 | C19: 17.13 | D19: 19 | E19: 7.76 | F19: 4.7 | G19: 19.04 | H19: 6.16 | I19: 5.49 | J19: 0.51 | K19: 272.01 | L19: 25.51 | M19: 96.43 | N19: 0 | O19: 0 | P19: 0.59 | Q19: 5.67
A20: 13/09/2023 03:00 | B20: 10.84 | C20: 16.22 | D20: 18.51 | E20: 7.87 | F20: 5.33 | G20: 22.54 | H20: 7.47 | I20: 5.5 | J20: 0.41 | K20: 303.49 | L20: 25.39 | M20: 93.39 | N20: 0 | O20: 0 | P20: 0.58 | Q20: 5.63
... A104: 13/09/2023 24:00 | B104: 13.26 | C104: 20.36 | D104: 22.62 | E104: 7.54 | F104: 4.58 | G104: 10.63 | H104: 4.19 | I104: 4.3 | J104: 0.29 | K104: 290.97 | L104: 23.79 | M104: 101.53 | N104: 0 | O104: 0.8 | P104: 0.6 | Q104: 5.51
A106: Min | B106: =MIN(B9:B104) -> 8.95 | C106: =MIN(C9:C104) -> 15.94 | D106: =MIN(D9:D104) -> 17.15 | E106: =MIN(E9:E104) -> 5.85 | F106: =MIN(F9:F104) -> 3.74 | G106: =MIN(G9:G104) -> 9.37 | H106: =MIN(H9:H104) -> 3.98 | I106: =MIN(I9:I104) -> 4.01 | ... Q106: =MIN(Q9:Q104) -> 5.37
A107: Max | B107: =MAX(B9:B104) -> 15.1 | C107: =MAX(C9:C104) -> 21.4 | D107: =MAX(D9:D104) -> 23.61 | E107: =MAX(E9:E104) -> 9.5 | F107: =MAX(F9:F104) -> 8.26 | G107: =MAX(G9:G104) -> 43.06 | H107: =MAX(H9:H104) -> 14.27 | I107: =MAX(I9:I104) -> 5.59 | ... Q107: =MAX(Q9:Q104) -> 5.8
A108: Avg | B108: =AVERAGE(B9:B104) -> 11.773854 | C108: =AVERAGE(C9:C104) -> 18.249167 | D108: =AVERAGE(D9:D104) -> 20.327083 | E108: =AVERAGE(E9:E104) -> 8.0067708 | F108: =AVERAGE(F9:F104) -> 5.2794792 | G108: =AVERAGE(G9:G104) -> 26.156562 | H108: =AVERAGE(H9:H104) -> 8.1754167 | I108: =AVERAGE(I9:I104) -> 4.7536458 | ... Q108: =AVERAGE(Q9:Q104) -> 5.5847917
A109: Stdev | B109: =STDEV(B9:B104) -> 1.6349469 | C109: =STDEV(C9:C104) -> 1.3679894 | D109: =STDEV(D9:D104) -> 1.6917465 | E109: =STDEV(E9:E104) -> 0.74915882 | F109: =STDEV(F9:F104) -> 1.2767561 | G109: =STDEV(G9:G104) -> 10.827495 | H109: =STDEV(H9:H104) -> 2.8247984 | I109: =STDEV(I9:I104) -> 0.42389949 | ... Q109: =STDEV(Q9:Q104) -> 0.12042888
A110: Num | B110: =COUNT(B9:B104) -> 96 | C110: =COUNT(C9:C104) -> 96 | D110: =COUNT(D9:D104) -> 96 | E110: =COUNT(E9:E104) -> 96 | F110: =COUNT(F9:F104) -> 96 | G110: =COUNT(G9:G104) -> 96 | H110: =COUNT(H9:H104) -> 96 | I110: =COUNT(I9:I104) -> 96 | ... Q110: =COUNT(Q9:Q104) -> 96
A111: DCR | B111: =IF(B110>=87,">90%",IF(B110<=87,"<90%")) -> >90% | C111: =IF(C110>=87,">90%",IF(C110<=87,"<90%")) -> >90% | D111: =IF(D110>=87,">90%",IF(D110<=87,"<90%")) -> >90% | E111: =IF(E110>=87,">90%",IF(E110<=87,"<90%")) -> >90% | F111: =IF(F110>=87,">90%",IF(F110<=87,"<90%")) -> >90% | G111: =IF(G110>=87,">90%",IF(G110<=87,"<90%")) -> >90% | H111: =IF(H110>=87,">90%",IF(H110<=87,"<90%")) -> >90% | I111: =IF(I110>=87,">90%",IF(I110<=87,"<90%")) -> >90% | ... Q111: =IF(Q110>=87,">90%",IF(Q110<=87,"<90%")) -> >90%
A112: Status | B112: =IF(B110>=87,"OK",IF(B110<=87,"LESS")) -> OK | C112: =IF(C110>=87,"OK",IF(C110<=87,"LESS")) -> OK | D112: =IF(D110>=87,"OK",IF(D110<=87,"LESS")) -> OK | E112: =IF(E110>=87,"OK",IF(E110<=87,"LESS")) -> OK | F112: =IF(F110>=87,"OK",IF(F110<=87,"LESS")) -> OK | G112: =IF(G110>=87,"OK",IF(G110<=87,"LESS")) -> OK | H112: =IF(H110>=87,"OK",IF(H110<=87,"LESS")) -> OK | I112: =IF(I110>=87,"OK",IF(I110<=87,"LESS")) -> OK | ... Q112: =IF(Q110>=87,"OK",IF(Q110<=87,"LESS")) -> OK
A115: Done by | B115: AKASH
A117: Comment

Sheet 14
A1: Station: | B1: IGKV RAIPUR
A2: Date: | B2: =$A$9 -> 14/09/2023 00:15 | C2: Power Off | G2: Pw.Off | J2: Link Fail | L2: Link F | N2: Maintenance | P2: Maint.
A3: Report Type: | B3: Mean | C3: Calibration | G3: Calib. | J3: Data Fail | L3: Data F | N3: Invalid | P3: Invalid
A4: Time Base: | B4: 15 Min | C4: Zero Referrence | G4: Z.Ref | J4: Warm Up | L4: Wm. Up
A7: Date & Time | B7: NO | C7: NO2 | D7: NOX | E7: SO2 | F7: O3 | G7: PM 10 | H7: PM 2.5 | I7: BENZ | J7: WS | K7: WD | L7: TEMP | M7: HUM | N7: SR | O7: RG | P7: CO | Q7: NH3
B8: ug/m3 | C8: ug/m3 | D8: ppb | E8: ug/m3 | F8: ug/m3 | G8: ug/m3 | H8: ug/m3 | I8: ug/m3 | J8: m/sec | K8: deg | L8: degreC | M8: % | N8: w/m2 | O8: mm | P8: mg/m3 | Q8: ug/m3
A9: 14/09/2023 00:15 | B9: 14.34 | C9: 22.28 | D9: 24.49 | E9: 7.43 | F9: 3.75 | G9: 9.91 | H9: 3.72 | I9: 4.24 | J9: 0.19 | K9: 326.02 | L9: 23.93 | M9: 101.3 | N9: 0 | O9: 0.2 | P9: 0.61 | Q9: 5.48
A10: 14/09/2023 00:30 | B10: 14.79 | C10: 21.54 | D10: 24.47 | E10: 8.11 | F10: 4.16 | G10: 9.91 | H10: 3.72 | I10: 4.14 | J10: 0.35 | K10: 303.23 | L10: 23.98 | M10: 101.13 | N10: 0 | O10: 0.4 | P10: 0.61 | Q10: 5.52
A11: 14/09/2023 00:45 | B11: 14.91 | C11: 20.25 | D11: 23.89 | E11: 7.78 | F11: 4.89 | G11: 9.91 | H11: 3.72 | I11: 4.27 | J11: 0.42 | K11: 301.29 | L11: 24.01 | M11: 100.83 | N11: 0 | O11: 0.4 | P11: 0.58 | Q11: 5.53
A12: 14/09/2023 01:00 | B12: 14.92 | C12: 21.23 | D12: 24.41 | E12: 7.7 | F12: 4 | G12: 13.71 | H12: 4.46 | I12: 4.22 | J12: 0.4 | K12: 301.63 | L12: 24.08 | M12: 100.64 | N12: 0 | O12: 0.6 | P12: 0.6 | Q12: 5.49
A13: 14/09/2023 01:15 | B13: 14.97 | C13: 21.39 | D13: 24.53 | E13: 7.76 | F13: 4.32 | G13: 16.49 | H13: 4.7 | I13: 4.19 | J13: 0.38 | K13: 354.68 | L13: 24.17 | M13: 100.57 | N13: 0 | O13: 0.4 | P13: 0.6 | Q13: 5.55
A14: 14/09/2023 01:30 | B14: 14.96 | C14: 20.07 | D14: 23.83 | E14: 7.74 | F14: 4.97 | G14: 16.49 | H14: 4.7 | I14: 4.33 | J14: 0.42 | K14: 29.11 | L14: 24.16 | M14: 100.64 | N14: 0 | O14: 0 | P14: 0.58 | Q14: 5.53
A15: 14/09/2023 01:45 | B15: 14.84 | C15: 21.06 | D15: 24.26 | E15: 7.72 | F15: 4.12 | G15: 16.49 | H15: 4.7 | I15: 4.18 | J15: 0.12 | K15: 319.43 | L15: 24.26 | M15: 100.93 | N15: 0 | O15: 0 | P15: 0.6 | Q15: 5.47
A16: 14/09/2023 02:00 | B16: 14.7 | C16: 19.94 | D16: 23.55 | E16: 7.61 | F16: 5.01 | G16: 14.2 | H16: 5.36 | I16: 4.15 | J16: 0.22 | K16: 328.66 | L16: 24.26 | M16: 100.83 | N16: 0 | O16: 0 | P16: 0.58 | Q16: 5.51
A17: 14/09/2023 02:15 | B17: 14.51 | C17: 19.21 | D17: 23.02 | E17: 8.01 | F17: 5.41 | G17: 12.53 | H17: 5.57 | I17: 4.19 | J17: 0.23 | K17: 29.47 | L17: 24.27 | M17: 100.91 | N17: 0 | O17: 0.2 | P17: 0.55 | Q17: 5.5
A18: 14/09/2023 02:30 | B18: 14.6 | C18: 20.79 | D18: 23.92 | E18: 9.68 | F18: 4.1 | G18: 12.53 | H18: 5.57 | I18: 4 | J18: 0.12 | K18: 18.29 | L18: 24.26 | M18: 101.48 | N18: 0 | O18: 0.4 | P18: 0.58 | Q18: 5.5
A19: 14/09/2023 02:45 | B19: 14.75 | C19: 19.87 | D19: 23.56 | E19: 9.65 | F19: 4.51 | G19: 12.53 | H19: 5.57 | I19: 4.03 | J19: 0.11 | K19: 357.7 | L19: 24.3 | M19: 101.48 | N19: 0 | O19: 0.2 | P19: 0.56 | Q19: 5.51
A20: 14/09/2023 03:00 | B20: 14.43 | C20: 18.95 | D20: 22.82 | E20: 9.51 | F20: 5.65 | G20: 11.34 | H20: 4.39 | I20: 4.11 | J20: 0.14 | K20: 299.42 | L20: 24.27 | M20: 101.05 | N20: 0 | O20: 0.2 | P20: 0.53 | Q20: 5.51
... A55: 14/09/2023 11:45 | B55: 17.65 | C55: 23.15 | D55: 27.6 | E55: 9.29 | F55: 5.06 | G55: 37.24 | H55: 13.39 | I55: 4.94 | J55: 0.28 | K55: 20.19 | L55: 28.67 | M55: 83.7 | N55: 204.3 | O55: 0 | P55: 0.75 | Q55: 5.83
A56: 14/09/2023 12:00 | B56: Calib. | C56: Calib. | D56: Calib. | E56: 12.26 | F56: Calib. | G56: Calib. | H56: Calib. | I56: 5.02 | J56: 0.36 | K56: 304.09 | L56: 28.66 | M56: 83.51 | N56: 222.5 | O56: 0 | P56: Calib. | Q56: 5.8
A57: 14/09/2023 12:15 | B57: Calib. | C57: Calib. | D57: Calib. | E57: 13.4 | F57: Calib. | G57: Calib. | H57: Calib. | I57: 4.82 | J57: 0.34 | K57: 322.41 | L57: 28.92 | M57: 82.14 | N57: 242.5 | O57: 0 | P57: Calib. | Q57: 5.61
A58: 14/09/2023 12:30 | B58: Calib. | C58: Calib. | D58: Calib. | E58: 14.99 | F58: 15.75 | G58: Calib. | H58: Calib. | I58: 6.51 | J58: 0.31 | K58: 322.38 | L58: 28.99 | M58: 81.3 | N58: 213.3 | O58: 0 | P58: 0.61 | Q58: 5.41
A59: 14/09/2023 12:45 | B59: Calib. | C59: Calib. | D59: Calib. | E59: 14.38 | F59: 17.15 | G59: Calib. | H59: Calib. | I59: 10.77 | J59: 0.34 | K59: 270.67 | L59: 28.92 | M59: 84.07 | N59: 189.6 | O59: 0 | P59: 0.67 | Q59: 5.22
A60: 14/09/2023 13:00 | B60: Calib. | C60: Calib. | D60: Calib. | E60: 14.01 | F60: 14.06 | G60: Calib. | H60: Calib. | I60: 18.66 | J60: 0.23 | K60: 337.51 | L60: 28.9 | M60: 83.83 | N60: 121.1 | O60: 0 | P60: 0.72 | Q60: 5.08
A61: 14/09/2023 13:15 | B61: Calib. | C61: Calib. | D61: Calib. | E61: 13.69 | F61: 17.33 | G61: Calib. | H61: Calib. | I61: 30.11 | J61: 0.26 | K61: 311.27 | L61: 29.03 | M61: 83.63 | N61: 196.1 | O61: 0 | P61: 0.72 | Q61: 5.04
A62: 14/09/2023 13:30 | B62: Calib. | C62: Calib. | D62: Calib. | E62: 12.5 | F62: 18.5 | G62: 46.3 | H62: 20.78 | I62: 37.51 | J62: 0.33 | K62: 297.02 | L62: 29.24 | M62: 82.24 | N62: 240.4 | O62: 0 | P62: 0.67 | Q62: 5
A63: 14/09/2023 13:45 | B63: 7.09 | C63: 19.44 | D63: 17.19 | E63: 12.48 | F63: 17.09 | G63: 46.3 | H63: 20.78 | I63: 44.49 | J63: 0.5 | K63: 271.1 | L63: 29.12 | M63: 82.39 | N63: 142.8 | O63: 0 | P63: 0.65 | Q63: 4.98
A64: 14/09/2023 14:00 | B64: 5.28 | C64: 17.48 | D64: 14.72 | E64: 9.89 | F64: 19.09 | G64: 46.3 | H64: 20.78 | I64: 56.07 | J64: 0.49 | K64: 266.15 | L64: 28.57 | M64: 85.51 | N64: 53.5 | O64: 0 | P64: 0.6 | Q64: 4.97
A65: 14/09/2023 14:15 | B65: 4.29 | C65: 14.72 | D65: 12.48 | E65: 9.19 | F65: 19.18 | G65: 46.3 | H65: 20.78 | I65: 53.39 | J65: 0.17 | K65: 211.09 | L65: 28.19 | M65: 89.04 | N65: 8.4 | O65: 0 | P65: 0.5 | Q65: 4.93
A66: 14/09/2023 14:30 | B66: 3.84 | C66: 12.76 | D66: 11.1 | E66: 7.95 | F66: 17.47 | G66: 38.16 | H66: 16.65 | I66: 43.35 | J66: 0.21 | K66: 164.09 | L66: 27.84 | M66: 92.09 | N66: 0.8 | O66: 1.2 | P66: 0.51 | Q66: 4.9
A67: 14/09/2023 14:45 | B67: 3.89 | C67: 14.48 | D67: 12.03 | E67: 6.56 | F67: 8.55 | G67: 36.79 | H67: 16.65 | I67: 33.43 | J67: 0.18 | K67: 92.47 | L67: 26.85 | M67: 98.75 | N67: 0 | O67: 10.8 | P67: 0.52 | Q67: 4.88
A68: 14/09/2023 15:00 | B68: 3.84 | C68: 14.54 | D68: 12.03 | E68: 6.1 | F68: 10.9 | G68: 36.79 | H68: 16.65 | I68: 28.32 | J68: 0.1 | K68: 198.72 | L68: 25.99 | M68: 99.9 | N68: 0 | O68: 13.2 | P68: 0.5 | Q68: 4.87
A69: 14/09/2023 15:15 | B69: 3.89 | C69: 12.38 | D69: 10.94 | E69: 6.67 | F69: 16.58 | G69: 36.79 | H69: 16.65 | I69: 33.42 | J69: 0.08 | K69: 269.87 | L69: 25.97 | M69: 101.26 | N69: 1.2 | O69: 0.2 | P69: 0.47 | Q69: 4.9
A70: 14/09/2023 15:30 | B70: 4.04 | C70: 11.62 | D70: 10.66 | E70: 6.3 | F70: 14.14 | G70: 31.2 | H70: 11.79 | I70: 25.07 | J70: 0.16 | K70: 266.09 | L70: 25.68 | M70: 101.1 | N70: 1 | O70: 0 | P70: 0.44 | Q70: 4.91
A71: 14/09/2023 15:45 | B71: 4.17 | C71: 13.02 | D71: 11.5 | E71: 5.43 | F71: 8 | G71: 30.26 | H71: 11.79 | I71: 16.23 | J71: 0.23 | K71: 251.92 | L71: 25.23 | M71: 101.11 | N71: 0.5 | O71: 0 | P71: 0.43 | Q71: 4.88
A72: 14/09/2023 16:00 | B72: 4.64 | C72: 13.92 | D72: 12.35 | E72: 5.11 | F72: 6.07 | G72: 30.26 | H72: 11.79 | I72: 14 | J72: 0.15 | K72: 251.84 | L72: 25.19 | M72: 99.88 | N72: 3.1 | O72: 0.2 | P72: 0.43 | Q72: 4.86
A73: 14/09/2023 16:15 | B73: 5.19 | C73: 14.87 | D73: 13.28 | E73: 5.54 | F73: 5.14 | G73: 30.26 | H73: 11.79 | I73: 15.06 | J73: 0.19 | K73: 247.12 | L73: 25.35 | M73: 99.94 | N73: 23.6 | O73: 0.2 | P73: 0.45 | Q73: 4.93
A74: 14/09/2023 16:30 | B74: 5.54 | C74: 14.11 | D74: 13.17 | E74: 5.92 | F74: 6.72 | G74: 22.42 | H74: 13.23 | I74: 15.13 | J74: 0.16 | K74: 183.73 | L74: 25.5 | M74: 100.73 | N74: 36.4 | O74: 0 | P74: 0.44 | Q74: 4.95
... A104: 14/09/2023 24:00 | B104: 11.75 | C104: 18.86 | D104: 20.63 | E104: 6.96 | F104: 4.11 | G104: 9.79 | H104: 5.08 | I104: 9.14 | J104: 0.56 | K104: 275.81 | L104: 24.55 | M104: 99.4 | N104: 0 | O104: 0.8 | P104: 0.54 | Q104: 4.94
A106: Min | B106: =MIN(B9:B104) -> 3.84 | C106: =MIN(C9:C104) -> 11.62 | D106: =MIN(D9:D104) -> 10.66 | E106: =MIN(E9:E104) -> 5.11 | F106: =MIN(F9:F104) -> 3.71 | G106: =MIN(G9:G104) -> 6.13 | H106: =MIN(H9:H104) -> 3.72 | I106: =MIN(I9:I104) -> 3.85 | ... Q106: =MIN(Q9:Q104) -> 4.86
A107: Max | B107: =MAX(B9:B104) -> 18.26 | C107: =MAX(C9:C104) -> 23.15 | D107: =MAX(D9:D104) -> 27.6 | E107: =MAX(E9:E104) -> 14.99 | F107: =MAX(F9:F104) -> 19.18 | G107: =MAX(G9:G104) -> 46.3 | H107: =MAX(H9:H104) -> 20.78 | I107: =MAX(I9:I104) -> 56.07 | ... Q107: =MAX(Q9:Q104) -> 5.88
A108: Avg | B108: =AVERAGE(B9:B104) -> 12.308202 | C108: =AVERAGE(C9:C104) -> 18.455955 | D108: =AVERAGE(D9:D104) -> 20.863708 | E108: =AVERAGE(E9:E104) -> 8.613125 | F108: =AVERAGE(F9:F104) -> 6.2679787 | G108: =AVERAGE(G9:G104) -> 19.029222 | H108: =AVERAGE(H9:H104) -> 8.4195556 | I108: =AVERAGE(I9:I104) -> 10.786354 | ... Q108: =AVERAGE(Q9:Q104) -> 5.3153125
A109: Stdev | B109: =STDEV(B9:B104) -> 4.5917123 | C109: =STDEV(C9:C104) -> 2.5344749 | D109: =STDEV(D9:D104) -> 4.9065845 | E109: =STDEV(E9:E104) -> 2.1449722 | F109: =STDEV(F9:F104) -> 4.0752544 | G109: =STDEV(G9:G104) -> 10.336274 | H109: =STDEV(H9:H104) -> 4.3286145 | I109: =STDEV(I9:I104) -> 10.767051 | ... Q109: =STDEV(Q9:Q104) -> 0.36418605
A110: Num | B110: 96 | C110: 96 | D110: 96 | E110: 96 | F110: 96 | G110: 96 | H110: 96 | I110: 96 | J110: 96 | K110: 96 | L110: 96 | M110: 96 | N110: 96 | O110: 96 | P110: 96 | Q110: 96
A111: DCR | B111: =IF(B110>=87,">90%",IF(B110<=87,"<90%")) -> >90% | C111: =IF(C110>=87,">90%",IF(C110<=87,"<90%")) -> >90% | D111: =IF(D110>=87,">90%",IF(D110<=87,"<90%")) -> >90% | E111: =IF(E110>=87,">90%",IF(E110<=87,"<90%")) -> >90% | F111: =IF(F110>=87,">90%",IF(F110<=87,"<90%")) -> >90% | G111: =IF(G110>=87,">90%",IF(G110<=87,"<90%")) -> >90% | H111: =IF(H110>=87,">90%",IF(H110<=87,"<90%")) -> >90% | I111: =IF(I110>=87,">90%",IF(I110<=87,"<90%")) -> >90% | ... Q111: =IF(Q110>=87,">90%",IF(Q110<=87,"<90%")) -> >90%
A112: Status | B112: =IF(B110>=87,"OK",IF(B110<=87,"LESS")) -> OK | C112: =IF(C110>=87,"OK",IF(C110<=87,"LESS")) -> OK | D112: =IF(D110>=87,"OK",IF(D110<=87,"LESS")) -> OK | E112: =IF(E110>=87,"OK",IF(E110<=87,"LESS")) -> OK | F112: =IF(F110>=87,"OK",IF(F110<=87,"LESS")) -> OK | G112: =IF(G110>=87,"OK",IF(G110<=87,"LESS")) -> OK | H112: =IF(H110>=87,"OK",IF(H110<=87,"LESS")) -> OK | I112: =IF(I110>=87,"OK",IF(I110<=87,"LESS")) -> OK | ... Q112: =IF(Q110>=87,"OK",IF(Q110<=87,"LESS")) -> OK
A115: Done by | B115: AKASH
A117: Comment

Sheet 15
A1: Station: | B1: IGKV RAIPUR
A2: Date: | B2: =$A$9 -> 15/09/2023 00:15 | C2: Power Off | G2: Pw.Off | J2: Link Fail | L2: Link F | N2: Maintenance | P2: Maint.
A3: Report Type: | B3: Mean | C3: Calibration | G3: Calib. | J3: Data Fail | L3: Data F | N3: Invalid | P3: Invalid
A4: Time Base: | B4: 15 Min | C4: Zero Referrence | G4: Z.Ref | J4: Warm Up | L4: Wm. Up
A7: Date & Time | B7: NO | C7: NO2 | D7: NOX | E7: SO2 | F7: O3 | G7: PM 10 | H7: PM 2.5 | I7: BENZ | J7: WS | K7: WD | L7: TEMP | M7: HUM | N7: SR | O7: RG | P7: CO | Q7: NH3
B8: ug/m3 | C8: ug/m3 | D8: ppb | E8: ug/m3 | F8: ug/m3 | G8: ug/m3 | H8: ug/m3 | I8: ug/m3 | J8: m/sec | K8: deg | L8: degreC | M8: % | N8: w/m2 | O8: mm | P8: mg/m3 | Q8: ug/m3
A9: 15/09/2023 00:15 | B9: 9.4 | C9: 18.18 | D9: 18.39 | E9: 7.68 | F9: 4.52 | G9: 9.79 | H9: 5.08 | I9: 8.93 | J9: 0.68 | K9: 279.49 | L9: 24.51 | M9: 99.4 | N9: 0 | O9: 0.8 | P9: 0.53 | Q9: 5
A10: 15/09/2023 00:30 | B10: 9.09 | C10: 17.89 | D10: 17.99 | E10: 7.34 | F10: 4.84 | G10: 8.88 | H10: 3.91 | I10: 8.93 | J10: 0.65 | K10: 285.14 | L10: 24.39 | M10: 99.4 | N10: 0 | O10: 2.2 | P10: 0.52 | Q10: 5
A11: 15/09/2023 00:45 | B11: 9.33 | C11: 19.08 | D11: 18.8 | E11: 7.28 | F11: 4.01 | G11: 8.72 | H11: 3.91 | I11: 8.66 | J11: 0.48 | K11: 284.91 | L11: 24.41 | M11: 99.4 | N11: 0 | O11: 2.2 | P11: 0.54 | Q11: 5
A12: 15/09/2023 01:00 | B12: 9.5 | C12: 18.31 | D12: 18.54 | E12: 7.87 | F12: 4.62 | G12: 8.72 | H12: 3.91 | I12: 8.5 | J12: 0.51 | K12: 293.36 | L12: 24.45 | M12: 99.4 | N12: 0 | O12: 1.6 | P12: 0.51 | Q12: 5.01
A13: 15/09/2023 01:15 | B13: 9.48 | C13: 17.33 | D13: 18.01 | E13: 7.32 | F13: 5.31 | G13: 8.72 | H13: 3.91 | I13: 8.49 | J13: 0.76 | K13: 297.42 | L13: 24.29 | M13: 99.4 | N13: 0 | O13: 1 | P13: 0.5 | Q13: 5.01
A14: 15/09/2023 01:30 | B14: 9.47 | C14: 19.43 | D14: 19.09 | E14: 7.57 | F14: 3.93 | G14: 6.91 | H14: 2.73 | I14: 8.27 | J14: 0.7 | K14: 280.63 | L14: 24.24 | M14: 99.41 | N14: 0 | O14: 1.6 | P14: 0.52 | Q14: 4.96
A15: 15/09/2023 01:45 | B15: 9.41 | C15: 19.65 | D15: 19.16 | E15: 7.49 | F15: 4.12 | G15: 6.58 | H15: 2.73 | I15: 7.99 | J15: 0.84 | K15: 281.88 | L15: 24.14 | M15: 99.43 | N15: 0 | O15: 1.4 | P15: 0.52 | Q15: 5.01
A16: 15/09/2023 02:00 | B16: 9.36 | C16: 17.91 | D16: 18.21 | E16: 7.46 | F16: 5.21 | G16: 6.58 | H16: 2.73 | I16: 7.97 | J16: 0.88 | K16: 278.3 | L16: 23.95 | M16: 99.4 | N16: 0 | O16: 1.4 | P16: 0.5 | Q16: 5.01
A17: 15/09/2023 02:15 | B17: 9.05 | C17: 17.35 | D17: 17.67 | E17: 6.32 | F17: 5.35 | G17: 6.58 | H17: 2.73 | I17: 7.75 | J17: 0.73 | K17: 270.4 | L17: 23.92 | M17: 99.38 | N17: 0 | O17: 1.2 | P17: 0.48 | Q17: 4.99
A18: 15/09/2023 02:30 | B18: 9.11 | C18: 19.01 | D18: 18.59 | E18: 8.15 | F18: 4.04 | G18: 5.02 | H18: 1.91 | I18: 7.53 | J18: 0.7 | K18: 261.94 | L18: 24 | M18: 99.38 | N18: 0 | O18: 0.8 | P18: 0.5 | Q18: 4.97
A19: 15/09/2023 02:45 | B19: 9.21 | C19: 18.38 | D19: 18.34 | E19: 7.98 | F19: 4.52 | G19: 4.73 | H19: 1.91 | I19: 7.36 | J19: 0.65 | K19: 266.12 | L19: 24.1 | M19: 99.38 | N19: 0 | O19: 0.6 | P19: 0.48 | Q19: 5
A20: 15/09/2023 03:00 | B20: 9.19 | C20: 17.13 | D20: 17.67 | E20: 7.82 | F20: 5.06 | G20: 4.73 | H20: 1.91 | I20: 7.38 | J20: 0.53 | K20: 265.26 | L20: 24.16 | M20: 99.37 | N20: 0 | O20: 0.6 | P20: 0.46 | Q20: 4.96
... A104: 15/09/2023 24:00 | B104: 9.99 | C104: 17.85 | D104: 18.68 | E104: 8.96 | F104: 4.22 | G104: 7.22 | H104: 4.88 | I104: 3.21 | J104: 0.22 | K104: 240.01 | L104: 25.14 | M104: 94.81 | N104: 0 | O104: 0 | P104: 0.36 | Q104: 5.34
A106: Min | B106: =MIN(B9:B104) -> 7.38 | C106: =MIN(C9:C104) -> 14.7 | D106: =MIN(D9:D104) -> 15.07 | E106: =MIN(E9:E104) -> 6.32 | F106: =MIN(F9:F104) -> 3.92 | G106: =MIN(G9:G104) -> 0.73 | H106: =MIN(H9:H104) -> 0.77 | I106: =MIN(I9:I104) -> 3.21 | ... Q106: =MIN(Q9:Q104) -> 4.91
A107: Max | B107: =MAX(B9:B104) -> 10.41 | C107: =MAX(C9:C104) -> 19.65 | D107: =MAX(D9:D104) -> 19.49 | E107: =MAX(E9:E104) -> 10.22 | F107: =MAX(F9:F104) -> 7.5 | G107: =MAX(G9:G104) -> 9.79 | H107: =MAX(H9:H104) -> 6.58 | I107: =MAX(I9:I104) -> 8.93 | ... Q107: =MAX(Q9:Q104) -> 5.45
A108: Avg | B108: =AVERAGE(B9:B104) -> 9.16 | C108: =AVERAGE(C9:C104) -> 17.070417 | D108: =AVERAGE(D9:D104) -> 17.615313 | E108: =AVERAGE(E9:E104) -> 8.6214583 | F108: =AVERAGE(F9:F104) -> 5.2958333 | G108: =AVERAGE(G9:G104) -> 4.1827083 | H108: =AVERAGE(H9:H104) -> 2.79125 | I108: =AVERAGE(I9:I104) -> 4.954375 | ... Q108: =AVERAGE(Q9:Q104) -> 5.1055208
A109: Stdev | B109: =STDEV(B9:B104) -> 0.78570116 | C109: =STDEV(C9:C104) -> 1.2670819 | D109: =STDEV(D9:D104) -> 1.1230456 | E109: =STDEV(E9:E104) -> 0.91769159 | F109: =STDEV(F9:F104) -> 0.89392649 | G109: =STDEV(G9:G104) -> 2.7889604 | H109: =STDEV(H9:H104) -> 1.7318194 | I109: =STDEV(I9:I104) -> 1.680362 | ... Q109: =STDEV(Q9:Q104) -> 0.15841896
A110: Num | B110: =COUNT(B9:B104) -> 96 | C110: =COUNT(C9:C104) -> 96 | D110: =COUNT(D9:D104) -> 96 | E110: =COUNT(E9:E104) -> 96 | F110: =COUNT(F9:F104) -> 96 | G110: =COUNT(G9:G104) -> 96 | H110: =COUNT(H9:H104) -> 96 | I110: =COUNT(I9:I104) -> 96 | ... Q110: =COUNT(Q9:Q104) -> 96
A111: DCR | B111: =IF(B110>=87,">90%",IF(B110<=87,"<90%")) -> >90% | C111: =IF(C110>=87,">90%",IF(C110<=87,"<90%")) -> >90% | D111: =IF(D110>=87,">90%",IF(D110<=87,"<90%")) -> >90% | E111: =IF(E110>=87,">90%",IF(E110<=87,"<90%")) -> >90% | F111: =IF(F110>=87,">90%",IF(F110<=87,"<90%")) -> >90% | G111: =IF(G110>=87,">90%",IF(G110<=87,"<90%")) -> >90% | H111: =IF(H110>=87,">90%",IF(H110<=87,"<90%")) -> >90% | I111: =IF(I110>=87,">90%",IF(I110<=87,"<90%")) -> >90% | ... Q111: =IF(Q110>=87,">90%",IF(Q110<=87,"<90%")) -> >90%
A112: Status | B112: =IF(B110>=87,"OK",IF(B110<=87,"LESS")) -> OK | C112: =IF(C110>=87,"OK",IF(C110<=87,"LESS")) -> OK | D112: =IF(D110>=87,"OK",IF(D110<=87,"LESS")) -> OK | E112: =IF(E110>=87,"OK",IF(E110<=87,"LESS")) -> OK | F112: =IF(F110>=87,"OK",IF(F110<=87,"LESS")) -> OK | G112: =IF(G110>=87,"OK",IF(G110<=87,"LESS")) -> OK | H112: =IF(H110>=87,"OK",IF(H110<=87,"LESS")) -> OK | I112: =IF(I110>=87,"OK",IF(I110<=87,"LESS")) -> OK | ... Q112: =IF(Q110>=87,"OK",IF(Q110<=87,"LESS")) -> OK
A115: Done by | B115: AKASH
A117: Comment

Sheet 16
A1: Station: | B1: IGKV RAIPUR
A2: Date: | B2: =$A$9 -> 16/09/2023 00:15 | C2: Power Off | G2: Pw.Off | J2: Link Fail | L2: Link F | N2: Maintenance | P2: Maint.
A3: Report Type: | B3: Mean | C3: Calibration | G3: Calib. | J3: Data Fail | L3: Data F | N3: Invalid | P3: Invalid
A4: Time Base: | B4: 15 Min | C4: Zero Referrence | G4: Z.Ref | J4: Warm Up | L4: Wm. Up
A7: Date & Time | B7: NO | C7: NO2 | D7: NOX | E7: SO2 | F7: O3 | G7: PM 10 | H7: PM 2.5 | I7: BENZ | J7: WS | K7: WD | L7: TEMP | M7: HUM | N7: SR | O7: RG | P7: CO | Q7: NH3
B8: ug/m3 | C8: ug/m3 | D8: ppb | E8: ug/m3 | F8: ug/m3 | G8: ug/m3 | H8: ug/m3 | I8: ug/m3 | J8: m/sec | K8: deg | L8: degreC | M8: % | N8: w/m2 | O8: mm | P8: mg/m3 | Q8: ug/m3
A9: 16/09/2023 00:15 | B9: 10.35 | C9: 17.21 | D9: 18.64 | E9: 9.34 | F9: 5.05 | G9: 7.22 | H9: 4.88 | I9: 3.25 | J9: 0.17 | K9: 258.25 | L9: 25.17 | M9: 94.58 | N9: 0 | O9: 0 | P9: 0.36 | Q9: 5.37
A10: 16/09/2023 00:30 | B10: 10.51 | C10: 16.61 | D10: 18.46 | E10: 8.96 | F10: 5.38 | G10: 7.13 | H10: 3.79 | I10: 3.27 | J10: 0.16 | K10: 265.75 | L10: 25.15 | M10: 94.63 | N10: 0 | O10: 0 | P10: 0.35 | Q10: 5.33
A11: 16/09/2023 00:45 | B11: 10.83 | C11: 18.42 | D11: 19.66 | E11: 9.33 | F11: 4.15 | G11: 7.12 | H11: 3.79 | I11: 3.19 | J11: 0.04 | K11: 274.93 | L11: 25.22 | M11: 94.07 | N11: 0 | O11: 0 | P11: 0.37 | Q11: 5.34
A12: 16/09/2023 01:00 | B12: 10.99 | C12: 16.85 | D12: 18.96 | E12: 9.06 | F12: 5.3 | G12: 7.12 | H12: 3.79 | I12: 3.22 | J12: 0.18 | K12: 268.89 | L12: 25.15 | M12: 94.01 | N12: 0 | O12: 0 | P12: 0.35 | Q12: 5.37
A13: 16/09/2023 01:15 | B13: 10.99 | C13: 16.6 | D13: 18.84 | E13: 8.68 | F13: 5.28 | G13: 7.12 | H13: 3.79 | I13: 3.25 | J13: 0.12 | K13: 270.37 | L13: 25.18 | M13: 93.89 | N13: 0 | O13: 0 | P13: 0.35 | Q13: 5.33
A14: 16/09/2023 01:30 | B14: 11.12 | C14: 19.05 | D14: 20.22 | E14: 9.53 | F14: 4.03 | G14: 5.47 | H14: 3.68 | I14: 3.16 | J14: 0.15 | K14: 281.81 | L14: 25.23 | M14: 93.82 | N14: 0 | O14: 0 | P14: 0.38 | Q14: 5.3
A15: 16/09/2023 01:45 | B15: 11.37 | C15: 19.17 | D15: 20.49 | E15: 9.45 | F15: 4.26 | G15: 5.19 | H15: 3.68 | I15: 3.2 | J15: 0.21 | K15: 273.56 | L15: 25.27 | M15: 93.3 | N15: 0 | O15: 0 | P15: 0.38 | Q15: 5.35
A16: 16/09/2023 02:00 | B16: 11.54 | C16: 17.65 | D16: 19.82 | E16: 9.43 | F16: 5.02 | G16: 5.19 | H16: 3.68 | I16: 3.3 | J16: 0.18 | K16: 261.13 | L16: 25.23 | M16: 93.54 | N16: 0 | O16: 0 | P16: 0.36 | Q16: 5.32
A17: 16/09/2023 02:15 | B17: 11.44 | C17: 16.35 | D17: 19.06 | E17: 7.96 | F17: 5.28 | G17: 5.19 | H17: 3.68 | I17: 3.24 | J17: 0.08 | K17: 277.97 | L17: 25.16 | M17: 94.11 | N17: 0 | O17: 0 | P17: 0.34 | Q17: 5.28
A18: 16/09/2023 02:30 | B18: 11.53 | C18: 18.2 | D18: 20.11 | E18: 9.31 | F18: 4.15 | G18: 7.25 | H18: 2.85 | I18: 3.19 | J18: 0.03 | K18: 155.15 | L18: 25.13 | M18: 94.54 | N18: 0 | O18: 0 | P18: 0.36 | Q18: 5.24
A19: 16/09/2023 02:45 | B19: 11.68 | C19: 17.93 | D19: 20.09 | E19: 9.59 | F19: 4.6 | G19: 7.63 | H19: 2.85 | I19: 3.12 | J19: 0.05 | K19: 133.55 | L19: 25.04 | M19: 95.42 | N19: 0 | O19: 0 | P19: 0.36 | Q19: 5.27
A20: 16/09/2023 03:00 | B20: 11.65 | C20: 16.91 | D20: 19.52 | E20: 8.72 | F20: 5.09 | G20: 7.63 | H20: 2.85 | I20: 3.27 | J20: 0.25 | K20: 270.95 | L20: 25.15 | M20: 94.65 | N20: 0 | O20: 0 | P20: 0.34 | Q20: 5.27
... A104: 16/09/2023 24:00 | B104: 12.59 | C104: 17.77 | D104: 20.73 | E104: 8.67 | F104: 5.22 | G104: 15.61 | H104: 4.23 | I104: 4.25 | J104: 0.08 | K104: 164.79 | L104: 25.37 | M104: 93.77 | N104: 0 | O104: 0 | P104: 0.44 | Q104: 5.46
A106: Min | B106: =MIN(B9:B104) -> 8.01 | C106: =MIN(C9:C104) -> 13.36 | D106: =MIN(D9:D104) -> 14.76 | E106: =MIN(E9:E104) -> 6.23 | F106: =MIN(F9:F104) -> 3.99 | G106: =MIN(G9:G104) -> 5.19 | H106: =MIN(H9:H104) -> 2.24 | I106: =MIN(I9:I104) -> 2.43 | ... Q106: =MIN(Q9:Q104) -> 4.98
A107: Max | B107: =MAX(B9:B104) -> 13.18 | C107: =MAX(C9:C104) -> 19.5 | D107: =MAX(D9:D104) -> 21.76 | E107: =MAX(E9:E104) -> 9.78 | F107: =MAX(F9:F104) -> 9.78 | G107: =MAX(G9:G104) -> 17.52 | H107: =MAX(H9:H104) -> 6.93 | I107: =MAX(I9:I104) -> 4.31 | ... Q107: =MAX(Q9:Q104) -> 5.61
A108: Avg | B108: =AVERAGE(B9:B104) -> 10.935625 | C108: =AVERAGE(C9:C104) -> 16.997292 | D108: =AVERAGE(D9:D104) -> 19.001458 | E108: =AVERAGE(E9:E104) -> 8.22875 | F108: =AVERAGE(F9:F104) -> 5.3345833 | G108: =AVERAGE(G9:G104) -> 10.58125 | H108: =AVERAGE(H9:H104) -> 4.2630208 | I108: =AVERAGE(I9:I104) -> 3.178125 | ... Q108: =AVERAGE(Q9:Q104) -> 5.274375
A109: Stdev | B109: =STDEV(B9:B104) -> 1.5795528 | C109: =STDEV(C9:C104) -> 1.3826218 | D109: =STDEV(D9:D104) -> 1.880876 | E109: =STDEV(E9:E104) -> 1.1091915 | F109: =STDEV(F9:F104) -> 1.2277167 | G109: =STDEV(G9:G104) -> 3.3819758 | H109: =STDEV(H9:H104) -> 1.0517345 | I109: =STDEV(I9:I104) -> 0.467097 | ... Q109: =STDEV(Q9:Q104) -> 0.17034215
A110: Num | B110: =COUNT(B9:B104) -> 96 | C110: =COUNT(C9:C104) -> 96 | D110: =COUNT(D9:D104) -> 96 | E110: =COUNT(E9:E104) -> 96 | F110: =COUNT(F9:F104) -> 96 | G110: =COUNT(G9:G104) -> 96 | H110: =COUNT(H9:H104) -> 96 | I110: =COUNT(I9:I104) -> 96 | ... Q110: =COUNT(Q9:Q104) -> 96
A111: DCR | B111: =IF(B110>=87,">90%",IF(B110<=87,"<90%")) -> >90% | C111: =IF(C110>=87,">90%",IF(C110<=87,"<90%")) -> >90% | D111: =IF(D110>=87,">90%",IF(D110<=87,"<90%")) -> >90% | E111: =IF(E110>=87,">90%",IF(E110<=87,"<90%")) -> >90% | F111: =IF(F110>=87,">90%",IF(F110<=87,"<90%")) -> >90% | G111: =IF(G110>=87,">90%",IF(G110<=87,"<90%")) -> >90% | H111: =IF(H110>=87,">90%",IF(H110<=87,"<90%")) -> >90% | I111: =IF(I110>=87,">90%",IF(I110<=87,"<90%")) -> >90% | ... Q111: =IF(Q110>=87,">90%",IF(Q110<=87,"<90%")) -> >90%
A112: Status | B112: =IF(B110>=87,"OK",IF(B110<=87,"LESS")) -> OK | C112: =IF(C110>=87,"OK",IF(C110<=87,"LESS")) -> OK | D112: =IF(D110>=87,"OK",IF(D110<=87,"LESS")) -> OK | E112: =IF(E110>=87,"OK",IF(E110<=87,"LESS")) -> OK | F112: =IF(F110>=87,"OK",IF(F110<=87,"LESS")) -> OK | G112: =IF(G110>=87,"OK",IF(G110<=87,"LESS")) -> OK | H112: =IF(H110>=87,"OK",IF(H110<=87,"LESS")) -> OK | I112: =IF(I110>=87,"OK",IF(I110<=87,"LESS")) -> OK | ... Q112: =IF(Q110>=87,"OK",IF(Q110<=87,"LESS")) -> OK
A115: Done by | B115: AKASH
A117: Comment

Sheet 17
A1: Station: | B1: IGKV RAIPUR
A2: Date: | B2: =$A$9 -> 17/09/2023 00:15 | C2: Power Off | G2: Pw.Off | J2: Link Fail | L2: Link F | N2: Maintenance | P2: Maint.
A3: Report Type: | B3: Mean | C3: Calibration | G3: Calib. | J3: Data Fail | L3: Data F | N3: Invalid | P3: Invalid
A4: Time Base: | B4: 15 Min | C4: Zero Referrence | G4: Z.Ref | J4: Warm Up | L4: Wm. Up
A7: Date & Time | B7: NO | C7: NO2 | D7: NOX | E7: SO2 | F7: O3 | G7: PM 10 | H7: PM 2.5 | I7: BENZ | J7: WS | K7: WD | L7: TEMP | M7: HUM | N7: SR | O7: RG | P7: CO | Q7: NH3
B8: ug/m3 | C8: ug/m3 | D8: ppb | E8: ug/m3 | F8: ug/m3 | G8: ug/m3 | H8: ug/m3 | I8: ug/m3 | J8: m/sec | K8: deg | L8: degreC | M8: % | N8: w/m2 | O8: mm | P8: mg/m3 | Q8: ug/m3
A9: 17/09/2023 00:15 | B9: 12.39 | C9: 19.5 | D9: 21.47 | E9: 8.79 | F9: 4.27 | G9: 15.61 | H9: 4.23 | I9: 4.08 | J9: 0.07 | K9: 194.58 | L9: 25.12 | M9: 94.49 | N9: 0 | O9: 0 | P9: 0.45 | Q9: 5.48
A10: 17/09/2023 00:30 | B10: 12.44 | C10: 17.46 | D10: 20.45 | E10: 8.47 | F10: 5.56 | G10: 15.73 | H10: 4.71 | I10: 4.09 | J10: 0.1 | K10: 178.29 | L10: 25.11 | M10: 95.53 | N10: 0 | O10: 0 | P10: 0.44 | Q10: 5.52
A11: 17/09/2023 00:45 | B11: 12.97 | C11: 18.1 | D11: 21.21 | E11: 8.6 | F11: 5.01 | G11: 15.75 | H11: 4.71 | I11: 4.16 | J11: 0.15 | K11: 253.63 | L11: 25.05 | M11: 94.48 | N11: 0 | O11: 0 | P11: 0.44 | Q11: 5.49
A12: 17/09/2023 01:00 | B12: 13.5 | C12: 20.07 | D12: 22.67 | E12: 8.86 | F12: 4.03 | G12: 15.75 | H12: 4.71 | I12: 3.91 | J12: 0.06 | K12: 193.51 | L12: 25.14 | M12: 94.24 | N12: 0 | O12: 0 | P12: 0.45 | Q12: 5.47
A13: 17/09/2023 01:15 | B13: 13.66 | C13: 18.77 | D13: 22.11 | E13: 9.01 | F13: 4.8 | G13: 15.75 | H13: 4.71 | I13: 4.17 | J13: 0.1 | K13: 176.71 | L13: 24.89 | M13: 94.88 | N13: 0 | O13: 0 | P13: 0.44 | Q13: 5.5
A14: 17/09/2023 01:30 | B14: 13.42 | C14: 18.05 | D14: 21.55 | E14: 8.45 | F14: 5.07 | G14: 15.6 | H14: 3.59 | I14: 4.18 | J14: 0.13 | K14: 157.87 | L14: 24.93 | M14: 94.7 | N14: 0 | O14: 0 | P14: 0.42 | Q14: 5.48
A15: 17/09/2023 01:45 | B15: 13.7 | C15: 19.61 | D15: 22.58 | E15: 8.8 | F15: 4.37 | G15: 15.57 | H15: 3.59 | I15: 4.02 | J15: 0.06 | K15: 192.22 | L15: 24.76 | M15: 95.57 | N15: 0 | O15: 0 | P15: 0.45 | Q15: 5.45
A16: 17/09/2023 02:00 | B16: 13.83 | C16: 18.65 | D16: 22.19 | E16: 8.88 | F16: 4.67 | G16: 15.57 | H16: 3.59 | I16: 4.03 | J16: 0.07 | K16: 208.92 | L16: 24.66 | M16: 96.04 | N16: 0 | O16: 0 | P16: 0.44 | Q16: 5.48
A17: 17/09/2023 02:15 | B17: 13.69 | C17: 18.45 | D17: 21.97 | E17: 6.79 | F17: 4.64 | G17: 15.57 | H17: 3.59 | I17: 4.07 | J17: 0.09 | K17: 200.09 | L17: 24.61 | M17: 96.38 | N17: 0 | O17: 0 | P17: 0.43 | Q17: 5.45
A18: 17/09/2023 02:30 | B18: 13.83 | C18: 19.71 | D18: 22.74 | E18: 7.87 | F18: 4 | G18: 11.85 | H18: 2.68 | I18: 3.97 | J18: 0.04 | K18: 163.36 | L18: 24.56 | M18: 96.74 | N18: 0 | O18: 0 | P18: 0.45 | Q18: 5.46
A19: 17/09/2023 02:45 | B19: 14.14 | C19: 18.9 | D19: 22.56 | E19: 8.05 | F19: 4.47 | G19: 11.22 | H19: 2.68 | I19: 3.99 | J19: 0.18 | K19: 163.7 | L19: 24.79 | M19: 96.93 | N19: 0 | O19: 0 | P19: 0.43 | Q19: 5.49
A20: 17/09/2023 03:00 | B20: 14.29 | C20: 19.39 | D20: 22.94 | E20: 8.08 | F20: 4.02 | G20: 11.22 | H20: 2.68 | I20: 4.01 | J20: 0.05 | K20: 236.83 | L20: 24.66 | M20: 97.1 | N20: 0 | O20: 0 | P20: 0.44 | Q20: 5.47
... A104: 17/09/2023 24:00 | B104: 11.91 | C104: 19.6 | D104: 21.14 | E104: 8.57 | F104: 4.63 | G104: 26.44 | H104: 7.77 | I104: 4.48 | J104: 0.09 | K104: 202.69 | L104: 26.06 | M104: 92.63 | N104: 0 | O104: 0 | P104: 0.53 | Q104: 5.36
A106: Min | B106: =MIN(B9:B104) -> 6.11 | C106: =MIN(C9:C104) -> 12.13 | D106: =MIN(D9:D104) -> 12.66 | E106: =MIN(E9:E104) -> 4.92 | F106: =MIN(F9:F104) -> 3.83 | G106: =MIN(G9:G104) -> 9.7 | H106: =MIN(H9:H104) -> 2.38 | I106: =MIN(I9:I104) -> 2.67 | ... Q106: =MIN(Q9:Q104) -> 5.05
A107: Max | B107: =MAX(B9:B104) -> 16.41 | C107: =MAX(C9:C104) -> 21.88 | D107: =MAX(D9:D104) -> 25.17 | E107: =MAX(E9:E104) -> 9.01 | F107: =MAX(F9:F104) -> 14.99 | G107: =MAX(G9:G104) -> 26.44 | H107: =MAX(H9:H104) -> 8.2 | I107: =MAX(I9:I104) -> 4.59 | ... Q107: =MAX(Q9:Q104) -> 5.62
A108: Avg | B108: =AVERAGE(B9:B104) -> 11.089167 | C108: =AVERAGE(C9:C104) -> 18.218437 | D108: =AVERAGE(D9:D104) -> 19.763125 | E108: =AVERAGE(E9:E104) -> 7.2807292 | F108: =AVERAGE(F9:F104) -> 6.2697917 | G108: =AVERAGE(G9:G104) -> 13.99 | H108: =AVERAGE(H9:H104) -> 4.9785417 | I108: =AVERAGE(I9:I104) -> 3.7877083 | ... Q108: =AVERAGE(Q9:Q104) -> 5.3413542
A109: Stdev | B109: =STDEV(B9:B104) -> 3.5426822 | C109: =STDEV(C9:C104) -> 2.1335995 | D109: =STDEV(D9:D104) -> 3.7367637 | E109: =STDEV(E9:E104) -> 1.1665173 | F109: =STDEV(F9:F104) -> 2.8148564 | G109: =STDEV(G9:G104) -> 3.551138 | H109: =STDEV(H9:H104) -> 1.6122903 | I109: =STDEV(I9:I104) -> 0.41847211 | ... Q109: =STDEV(Q9:Q104) -> 0.19572602
A110: Num | B110: =COUNT(B9:B104) -> 96 | C110: =COUNT(C9:C104) -> 96 | D110: =COUNT(D9:D104) -> 96 | E110: =COUNT(E9:E104) -> 96 | F110: =COUNT(F9:F104) -> 96 | G110: =COUNT(G9:G104) -> 96 | H110: =COUNT(H9:H104) -> 96 | I110: =COUNT(I9:I104) -> 96 | ... Q110: =COUNT(Q9:Q104) -> 96
A111: DCR | B111: =IF(B110>=87,">90%",IF(B110<=87,"<90%")) -> >90% | C111: =IF(C110>=87,">90%",IF(C110<=87,"<90%")) -> >90% | D111: =IF(D110>=87,">90%",IF(D110<=87,"<90%")) -> >90% | E111: =IF(E110>=87,">90%",IF(E110<=87,"<90%")) -> >90% | F111: =IF(F110>=87,">90%",IF(F110<=87,"<90%")) -> >90% | G111: =IF(G110>=87,">90%",IF(G110<=87,"<90%")) -> >90% | H111: =IF(H110>=87,">90%",IF(H110<=87,"<90%")) -> >90% | I111: =IF(I110>=87,">90%",IF(I110<=87,"<90%")) -> >90% | ... Q111: =IF(Q110>=87,">90%",IF(Q110<=87,"<90%")) -> >90%
A112: Status | B112: =IF(B110>=87,"OK",IF(B110<=87,"LESS")) -> OK | C112: =IF(C110>=87,"OK",IF(C110<=87,"LESS")) -> OK | D112: =IF(D110>=87,"OK",IF(D110<=87,"LESS")) -> OK | E112: =IF(E110>=87,"OK",IF(E110<=87,"LESS")) -> OK | F112: =IF(F110>=87,"OK",IF(F110<=87,"LESS")) -> OK | G112: =IF(G110>=87,"OK",IF(G110<=87,"LESS")) -> OK | H112: =IF(H110>=87,"OK",IF(H110<=87,"LESS")) -> OK | I112: =IF(I110>=87,"OK",IF(I110<=87,"LESS")) -> OK | ... Q112: =IF(Q110>=87,"OK",IF(Q110<=87,"LESS")) -> OK
A115: Done by | B115: AKASH
A117: Comment

Sheet 18
A1: Station: | B1: IGKV RAIPUR
A2: Date: | B2: =$A$9 -> 18/09/2023 00:15 | C2: Power Off | G2: Pw.Off | J2: Link Fail | L2: Link F | N2: Maintenance | P2: Maint.
A3: Report Type: | B3: Mean | C3: Calibration | G3: Calib. | J3: Data Fail | L3: Data F | N3: Invalid | P3: Invalid
A4: Time Base: | B4: 15 Min | C4: Zero Referrence | G4: Z.Ref | J4: Warm Up | L4: Wm. Up
A7: Date & Time | B7: NO | C7: NO2 | D7: NOX | E7: SO2 | F7: O3 | G7: PM 10 | H7: PM 2.5 | I7: BENZ | J7: WS | K7: WD | L7: TEMP | M7: HUM | N7: SR | O7: RG | P7: CO | Q7: NH3
B8: ug/m3 | C8: ug/m3 | D8: ppb | E8: ug/m3 | F8: ug/m3 | G8: ug/m3 | H8: ug/m3 | I8: ug/m3 | J8: m/sec | K8: deg | L8: degreC | M8: % | N8: w/m2 | O8: mm | P8: mg/m3 | Q8: ug/m3
A9: 18/09/2023 00:15 | B9: 11.12 | C9: 17.76 | D9: 19.55 | E9: 8.21 | F9: 5.11 | G9: 26.44 | H9: 7.77 | I9: 4.6 | J9: 0.11 | K9: 186.91 | L9: 26.14 | M9: 90.96 | N9: 0 | O9: 0 | P9: 0.51 | Q9: 5.36
A10: 18/09/2023 00:30 | B10: 12.42 | C10: 20.66 | D10: 22.1 | E10: 8.75 | F10: 4.35 | G10: 27.89 | H10: 6.76 | I10: 4.61 | J10: 0.19 | K10: 164.75 | L10: 26.15 | M10: 91.65 | N10: 0 | O10: 0 | P10: 0.52 | Q10: 5.34
A11: 18/09/2023 00:45 | B11: 12.71 | C11: 20.68 | D11: 22.35 | E11: 8.37 | F11: 4.41 | G11: 28.13 | H11: 6.76 | I11: 4.56 | J11: 0.1 | K11: 206.31 | L11: 26.05 | M11: 92.74 | N11: 0 | O11: 0 | P11: 0.53 | Q11: 5.36
A12: 18/09/2023 01:00 | B12: 12.35 | C12: 18.54 | D12: 20.94 | E12: 8.02 | F12: 4.81 | G12: 28.13 | H12: 6.76 | I12: 4.72 | J12: 0.13 | K12: 228.39 | L12: 25.83 | M12: 94.61 | N12: 0 | O12: 0 | P12: 0.52 | Q12: 5.38
A13: 18/09/2023 01:15 | B13: 13.02 | C13: 19.93 | D13: 22.21 | E13: 8.76 | F13: 4.54 | G13: 28.13 | H13: 6.76 | I13: 4.65 | J13: 0.14 | K13: 227.01 | L13: 25.68 | M13: 94.29 | N13: 0 | O13: 0 | P13: 0.53 | Q13: 5.37
A14: 18/09/2023 01:30 | B14: 13.11 | C14: 20.15 | D14: 22.39 | E14: 8.35 | F14: 4.49 | G14: 25.03 | H14: 5.78 | I14: 4.62 | J14: 0.09 | K14: 198.33 | L14: 25.67 | M14: 95.4 | N14: 0 | O14: 0 | P14: 0.53 | Q14: 5.39
A15: 18/09/2023 01:45 | B15: 13.53 | C15: 20.51 | D15: 22.92 | E15: 8.22 | F15: 4.44 | G15: 24.51 | H15: 5.78 | I15: 4.77 | J15: 0.09 | K15: 232.13 | L15: 25.62 | M15: 95.99 | N15: 0 | O15: 0 | P15: 0.54 | Q15: 5.39
A16: 18/09/2023 02:00 | B16: 13.59 | C16: 19.11 | D16: 22.23 | E16: 7.78 | F16: 4.34 | G16: 24.51 | H16: 5.78 | I16: 4.76 | J16: 0.14 | K16: 207.49 | L16: 25.73 | M16: 95.55 | N16: 0 | O16: 0 | P16: 0.54 | Q16: 5.39
A17: 18/09/2023 02:15 | B17: 13.51 | C17: 18.22 | D17: 21.7 | E17: 5.46 | F17: 4.16 | G17: 24.51 | H17: 5.78 | I17: 4.8 | J17: 0.13 | K17: 185.24 | L17: 25.73 | M17: 93.81 | N17: 0 | O17: 0 | P17: 0.52 | Q17: 5.4
A18: 18/09/2023 02:30 | B18: 14.2 | C18: 20.14 | D18: 23.26 | E18: 6.4 | F18: 4.14 | G18: 24.3 | H18: 5.55 | I18: 4.72 | J18: 0.14 | K18: 212.56 | L18: 25.72 | M18: 92.41 | N18: 0 | O18: 0 | P18: 0.53 | Q18: 5.39
A19: 18/09/2023 02:45 | B19: 14.7 | C19: 20.93 | D19: 24.07 | E19: 7.08 | F19: 4.12 | G19: 24.26 | H19: 5.55 | I19: 4.72 | J19: 0.13 | K19: 173.12 | L19: 25.71 | M19: 91.96 | N19: 0 | O19: 0 | P19: 0.54 | Q19: 5.43
A20: 18/09/2023 03:00 | B20: 14.37 | C20: 19.22 | D20: 22.92 | E20: 6.92 | F20: 4.9 | G20: 24.26 | H20: 5.55 | I20: 4.9 | J20: 0.11 | K20: 202.68 | L20: 25.62 | M20: 91.79 | N20: 0 | O20: 0 | P20: 0.52 | Q20: 5.46
... A104: 18/09/2023 24:00 | B104: 14.94 | C104: 20.26 | D104: 23.91 | E104: 7.59 | F104: 5.99 | G104: 40.94 | H104: 15.39 | I104: 5.09 | J104: 0.16 | K104: 54.87 | L104: 26.84 | M104: 91.98 | N104: 0 | O104: 0 | P104: 0.59 | Q104: 5.65
A106: Min | B106: =MIN(B9:B104) -> 6.21 | C106: =MIN(C9:C104) -> 14.29 | D106: =MIN(D9:D104) -> 13.87 | E106: =MIN(E9:E104) -> 5.46 | F106: =MIN(F9:F104) -> 3.83 | G106: =MIN(G9:G104) -> 18.87 | H106: =MIN(H9:H104) -> 3.9 | I106: =MIN(I9:I104) -> 3.27 | ... Q106: =MIN(Q9:Q104) -> 5.03
A107: Max | B107: =MAX(B9:B104) -> 17.44 | C107: =MAX(C9:C104) -> 24.77 | D107: =MAX(D9:D104) -> 27.1 | E107: =MAX(E9:E104) -> 11.4 | F107: =MAX(F9:F104) -> 15.38 | G107: =MAX(G9:G104) -> 40.94 | H107: =MAX(H9:H104) -> 15.39 | I107: =MAX(I9:I104) -> 5.55 | ... Q107: =MAX(Q9:Q104) -> 6.05
A108: Avg | B108: =AVERAGE(B9:B104) -> 12.276354 | C108: =AVERAGE(C9:C104) -> 20.321146 | D108: =AVERAGE(D9:D104) -> 21.811979 | E108: =AVERAGE(E9:E104) -> 8.0680208 | F108: =AVERAGE(F9:F104) -> 6.9798958 | G108: =AVERAGE(G9:G104) -> 25.014271 | H108: =AVERAGE(H9:H104) -> 7.536875 | I108: =AVERAGE(I9:I104) -> 4.6602083 | ... Q108: =AVERAGE(Q9:Q104) -> 5.4926042
A109: Stdev | B109: =STDEV(B9:B104) -> 3.4757306 | C109: =STDEV(C9:C104) -> 2.3101683 | D109: =STDEV(D9:D104) -> 3.67898 | E109: =STDEV(E9:E104) -> 1.2068294 | F109: =STDEV(F9:F104) -> 3.0308048 | G109: =STDEV(G9:G104) -> 4.0055414 | H109: =STDEV(H9:H104) -> 2.148998 | I109: =STDEV(I9:I104) -> 0.56109663 | ... Q109: =STDEV(Q9:Q104) -> 0.23428837
A110: Num | B110: =COUNT(B9:B104) -> 96 | C110: =COUNT(C9:C104) -> 96 | D110: =COUNT(D9:D104) -> 96 | E110: =COUNT(E9:E104) -> 96 | F110: =COUNT(F9:F104) -> 96 | G110: =COUNT(G9:G104) -> 96 | H110: =COUNT(H9:H104) -> 96 | I110: =COUNT(I9:I104) -> 96 | ... Q110: =COUNT(Q9:Q104) -> 96
A111: DCR | B111: =IF(B110>=87,">90%",IF(B110<=87,"<90%")) -> >90% | C111: =IF(C110>=87,">90%",IF(C110<=87,"<90%")) -> >90% | D111: =IF(D110>=87,">90%",IF(D110<=87,"<90%")) -> >90% | E111: =IF(E110>=87,">90%",IF(E110<=87,"<90%")) -> >90% | F111: =IF(F110>=87,">90%",IF(F110<=87,"<90%")) -> >90% | G111: =IF(G110>=87,">90%",IF(G110<=87,"<90%")) -> >90% | H111: =IF(H110>=87,">90%",IF(H110<=87,"<90%")) -> >90% | I111: =IF(I110>=87,">90%",IF(I110<=87,"<90%")) -> >90% | ... Q111: =IF(Q110>=87,">90%",IF(Q110<=87,"<90%")) -> >90%
A112: Status | B112: =IF(B110>=87,"OK",IF(B110<=87,"LESS")) -> OK | C112: =IF(C110>=87,"OK",IF(C110<=87,"LESS")) -> OK | D112: =IF(D110>=87,"OK",IF(D110<=87,"LESS")) -> OK | E112: =IF(E110>=87,"OK",IF(E110<=87,"LESS")) -> OK | F112: =IF(F110>=87,"OK",IF(F110<=87,"LESS")) -> OK | G112: =IF(G110>=87,"OK",IF(G110<=87,"LESS")) -> OK | H112: =IF(H110>=87,"OK",IF(H110<=87,"LESS")) -> OK | I112: =IF(I110>=87,"OK",IF(I110<=87,"LESS")) -> OK | ... Q112: =IF(Q110>=87,"OK",IF(Q110<=87,"LESS")) -> OK
A115: Done by | B115: AKASH
A117: Comment

Sheet 19
A1: Station: | B1: IGKV RAIPUR
A2: Date: | B2: =$A$9 -> 19/09/2023 00:15 | C2: Power Off | G2: Pw.Off | J2: Link Fail | L2: Link F | N2: Maintenance | P2: Maint.
A3: Report Type: | B3: Mean | C3: Calibration | G3: Calib. | J3: Data Fail | L3: Data F | N3: Invalid | P3: Invalid
A4: Time Base: | B4: 15 Min | C4: Zero Referrence | G4: Z.Ref | J4: Warm Up | L4: Wm. Up
A7: Date & Time | B7: NO | C7: NO2 | D7: NOX | E7: SO2 | F7: O3 | G7: PM 10 | H7: PM 2.5 | I7: BENZ | J7: WS | K7: WD | L7: TEMP | M7: HUM | N7: SR | O7: RG | P7: CO | Q7: NH3
B8: ug/m3 | C8: ug/m3 | D8: ppb | E8: ug/m3 | F8: ug/m3 | G8: ug/m3 | H8: ug/m3 | I8: ug/m3 | J8: m/sec | K8: deg | L8: degreC | M8: % | N8: w/m2 | O8: mm | P8: mg/m3 | Q8: ug/m3
A9: 19/09/2023 00:15 | B9: 16.11 | C9: 24.18 | D9: 26.9 | E9: 7.54 | F9: 5.13 | G9: 40.94 | H9: 15.39 | I9: 4.79 | J9: 0.12 | K9: 29.37 | L9: 26.76 | M9: 91.95 | N9: 0 | O9: 0 | P9: 0.6 | Q9: 5.68
A10: 19/09/2023 00:30 | B10: 15.56 | C10: 22.42 | D10: 25.55 | E10: 7.44 | F10: 4.82 | G10: 35.29 | H10: 11.26 | I10: 4.92 | J10: 0.16 | K10: 232.79 | L10: 26.64 | M10: 92 | N10: 0 | O10: 0 | P10: 0.57 | Q10: 5.72
A11: 19/09/2023 00:45 | B11: 15.28 | C11: 21.46 | D11: 24.82 | E11: 7.82 | F11: 4.88 | G11: 34.34 | H11: 11.26 | I11: 5.09 | J11: 0.06 | K11: 249.34 | L11: 26.42 | M11: 92.64 | N11: 0 | O11: 0 | P11: 0.56 | Q11: 5.73
A12: 19/09/2023 01:00 | B12: 16.36 | C12: 23.18 | D12: 26.58 | E12: 8.06 | F12: 4.56 | G12: 34.34 | H12: 11.26 | I12: 4.59 | J12: 0.09 | K12: 232.05 | L12: 26.35 | M12: 92.78 | N12: 0 | O12: 0 | P12: 0.6 | Q12: 5.74
A13: 19/09/2023 01:15 | B13: 17.01 | C13: 22.85 | D13: 26.93 | E13: 7.96 | F13: 4.65 | G13: 34.34 | H13: 11.26 | I13: 4.75 | J13: 0.18 | K13: 17.41 | L13: 26.3 | M13: 91.7 | N13: 0 | O13: 0 | P13: 0.59 | Q13: 5.75
A14: 19/09/2023 01:30 | B14: 16.77 | C14: 21.68 | D14: 26.13 | E14: 7.86 | F14: 5.72 | G14: 28.53 | H14: 8.26 | I14: 5.08 | J14: 0.55 | K14: 43.52 | L14: 26.35 | M14: 91.67 | N14: 0 | O14: 0 | P14: 0.57 | Q14: 5.73
A15: 19/09/2023 01:45 | B15: 17.45 | C15: 23.2 | D15: 27.47 | E15: 7.8 | F15: 4.85 | G15: 27.46 | H15: 8.26 | I15: 4.73 | J15: 0.47 | K15: 43.62 | L15: 26.4 | M15: 91.56 | N15: 0 | O15: 0 | P15: 0.59 | Q15: 5.75
A16: 19/09/2023 02:00 | B16: 17.56 | C16: 22.2 | D16: 27.03 | E16: 7.96 | F16: 5 | G16: 27.46 | H16: 8.26 | I16: 4.92 | J16: 0.32 | K16: 48.92 | L16: 26.32 | M16: 93.12 | N16: 0 | O16: 0 | P16: 0.57 | Q16: 5.77
A17: 19/09/2023 02:15 | B17: 17.89 | C17: 21.12 | D17: 26.73 | E17: 6.97 | F17: 4.88 | G17: 27.46 | H17: 8.26 | I17: 4.98 | J17: 0.21 | K17: 54.42 | L17: 26.31 | M17: 94.52 | N17: 0 | O17: 0 | P17: 0.55 | Q17: 5.76
A18: 19/09/2023 02:30 | B18: 18.33 | C18: 22.46 | D18: 27.79 | E18: 8.27 | F18: 4.52 | G18: 29.52 | H18: 8.51 | I18: 4.7 | J18: 0.32 | K18: 43.96 | L18: 26.33 | M18: 94.94 | N18: 0 | O18: 0 | P18: 0.56 | Q18: 5.77
A19: 19/09/2023 02:45 | B19: 18.66 | C19: 23.82 | D19: 28.76 | E19: 8.92 | F19: 4.43 | G19: 29.9 | H19: 8.51 | I19: 4.59 | J19: 0.47 | K19: 40.11 | L19: 26.3 | M19: 95.96 | N19: 0 | O19: 0 | P19: 0.58 | Q19: 5.8
A20: 19/09/2023 03:00 | B20: 18.61 | C20: 22.12 | D20: 27.83 | E20: 9.17 | F20: 5.15 | G20: 29.9 | H20: 8.51 | I20: 4.94 | J20: 0.45 | K20: 38.15 | L20: 26.11 | M20: 95.3 | N20: 0 | O20: 0 | P20: 0.55 | Q20: 5.81
... A104: 19/09/2023 24:00 | B104: 15.93 | C104: 23.44 | D104: 26.38 | E104: 11.12 | F104: 5.89 | G104: 41.78 | H104: 12.2 | I104: 4.07 | J104: 0.12 | K104: 190.98 | L104: 27.45 | M104: 87.45 | N104: 0 | O104: 0 | P104: 0.59 | Q104: 5.78
A106: Min | B106: =MIN(B9:B104) -> 8.43 | C106: =MIN(C9:C104) -> 20.01 | D106: =MIN(D9:D104) -> 18.65 | E106: =MIN(E9:E104) -> 6.97 | F106: =MIN(F9:F104) -> 3.9 | G106: =MIN(G9:G104) -> 22.69 | H106: =MIN(H9:H104) -> 5.43 | I106: =MIN(I9:I104) -> 3.31 | ... Q106: =MIN(Q9:Q104) -> 5.24
A107: Max | B107: =MAX(B9:B104) -> 20.73 | C107: =MAX(C9:C104) -> 26 | D107: =MAX(D9:D104) -> 30.06 | E107: =MAX(E9:E104) -> 17.26 | F107: =MAX(F9:F104) -> 12.87 | G107: =MAX(G9:G104) -> 47.72 | H107: =MAX(H9:H104) -> 15.39 | I107: =MAX(I9:I104) -> 5.34 | ... Q107: =MAX(Q9:Q104) -> 6.01
A108: Avg | B108: =AVERAGE(B9:B104) -> 14.793021 | C108: =AVERAGE(C9:C104) -> 21.997083 | D108: =AVERAGE(D9:D104) -> 24.706979 | E108: =AVERAGE(E9:E104) -> 10.158542 | F108: =AVERAGE(F9:F104) -> 7.1207292 | G108: =AVERAGE(G9:G104) -> 33.732708 | H108: =AVERAGE(H9:H104) -> 10.916979 | I108: =AVERAGE(I9:I104) -> 4.4040625 | ... Q108: =AVERAGE(Q9:Q104) -> 5.6661458
A109: Stdev | B109: =STDEV(B9:B104) -> 4.1610047 | C109: =STDEV(C9:C104) -> 1.1275991 | D109: =STDEV(D9:D104) -> 3.5629403 | E109: =STDEV(E9:E104) -> 1.7698468 | F109: =STDEV(F9:F104) -> 2.4368764 | G109: =STDEV(G9:G104) -> 6.3603625 | H109: =STDEV(H9:H104) -> 2.3492073 | I109: =STDEV(I9:I104) -> 0.4632348 | ... Q109: =STDEV(Q9:Q104) -> 0.22513327
A110: Num | B110: =COUNT(B9:B104) -> 96 | C110: =COUNT(C9:C104) -> 96 | D110: =COUNT(D9:D104) -> 96 | E110: =COUNT(E9:E104) -> 96 | F110: =COUNT(F9:F104) -> 96 | G110: =COUNT(G9:G104) -> 96 | H110: =COUNT(H9:H104) -> 96 | I110: =COUNT(I9:I104) -> 96 | ... Q110: =COUNT(Q9:Q104) -> 96
A111: DCR | B111: =IF(B110>=87,">90%",IF(B110<=87,"<90%")) -> >90% | C111: =IF(C110>=87,">90%",IF(C110<=87,"<90%")) -> >90% | D111: =IF(D110>=87,">90%",IF(D110<=87,"<90%")) -> >90% | E111: =IF(E110>=87,">90%",IF(E110<=87,"<90%")) -> >90% | F111: =IF(F110>=87,">90%",IF(F110<=87,"<90%")) -> >90% | G111: =IF(G110>=87,">90%",IF(G110<=87,"<90%")) -> >90% | H111: =IF(H110>=87,">90%",IF(H110<=87,"<90%")) -> >90% | I111: =IF(I110>=87,">90%",IF(I110<=87,"<90%")) -> >90% | ... Q111: =IF(Q110>=87,">90%",IF(Q110<=87,"<90%")) -> >90%
A112: Status | B112: =IF(B110>=87,"OK",IF(B110<=87,"LESS")) -> OK | C112: =IF(C110>=87,"OK",IF(C110<=87,"LESS")) -> OK | D112: =IF(D110>=87,"OK",IF(D110<=87,"LESS")) -> OK | E112: =IF(E110>=87,"OK",IF(E110<=87,"LESS")) -> OK | F112: =IF(F110>=87,"OK",IF(F110<=87,"LESS")) -> OK | G112: =IF(G110>=87,"OK",IF(G110<=87,"LESS")) -> OK | H112: =IF(H110>=87,"OK",IF(H110<=87,"LESS")) -> OK | I112: =IF(I110>=87,"OK",IF(I110<=87,"LESS")) -> OK | ... Q112: =IF(Q110>=87,"OK",IF(Q110<=87,"LESS")) -> OK
A115: Done by | B115: AKASH
A117: Comment

Sheet 20
A1: Station: | B1: IGKV RAIPUR
A2: Date: | B2: =$A$9 -> 20/09/2023 00:15 | C2: Power Off | G2: Pw.Off | J2: Link Fail | L2: Link F | N2: Maintenance | P2: Maint.
A3: Report Type: | B3: Mean | C3: Calibration | G3: Calib. | J3: Data Fail | L3: Data F | N3: Invalid | P3: Invalid
A4: Time Base: | B4: 15 Min | C4: Zero Referrence | G4: Z.Ref | J4: Warm Up | L4: Wm. Up
A7: Date & Time | B7: NO | C7: NO2 | D7: NOX | E7: SO2 | F7: O3 | G7: PM 10 | H7: PM 2.5 | I7: BENZ | J7: WS | K7: WD | L7: TEMP | M7: HUM | N7: SR | O7: RG | P7: CO | Q7: NH3
B8: ug/m3 | C8: ug/m3 | D8: ppb | E8: ug/m3 | F8: ug/m3 | G8: ug/m3 | H8: ug/m3 | I8: ug/m3 | J8: m/sec | K8: deg | L8: degreC | M8: % | N8: w/m2 | O8: mm | P8: mg/m3 | Q8: ug/m3
A9: 20/09/2023 00:15 | B9: 15.63 | C9: 22.4 | D9: 25.59 | E9: 11.68 | F9: 5.68 | G9: 41.78 | H9: 12.2 | I9: 4.56 | J9: 0.06 | K9: 215.74 | L9: 27.35 | M9: 87.65 | N9: 0 | O9: 0 | P9: 0.6 | Q9: 5.77
A10: 20/09/2023 00:30 | B10: 15.59 | C10: 22.16 | D10: 25.43 | E10: 11.55 | F10: 5.49 | G10: 43.08 | H10: 14.99 | I10: 4.42 | J10: 0.12 | K10: 242.12 | L10: 27.26 | M10: 88.26 | N10: 0 | O10: 0 | P10: 0.58 | Q10: 5.76
A11: 20/09/2023 00:45 | B11: 17 | C11: 24.17 | D11: 27.61 | E11: 10.61 | F11: 4.99 | G11: 43.3 | H11: 14.99 | I11: 4.32 | J11: 0.1 | K11: 288.14 | L11: 27.33 | M11: 87.52 | N11: 0 | O11: 0 | P11: 0.61 | Q11: 5.74
A12: 20/09/2023 01:00 | B12: 17.31 | C12: 23.83 | D12: 27.69 | E12: 11.46 | F12: 4.92 | G12: 43.3 | H12: 14.99 | I12: 4.38 | J12: 0.21 | K12: 280.7 | L12: 27.44 | M12: 87.03 | N12: 0 | O12: 0 | P12: 0.62 | Q12: 5.78
A13: 20/09/2023 01:15 | B13: 18.12 | C13: 23.5 | D13: 28.16 | E13: 13.53 | F13: 4.79 | G13: 43.3 | H13: 14.99 | I13: 4.78 | J13: 0.22 | K13: 317.71 | L13: 27.46 | M13: 86.78 | N13: 0 | O13: 0 | P13: 0.64 | Q13: 5.81
A14: 20/09/2023 01:30 | B14: 17.66 | C14: 22.82 | D14: 27.43 | E14: 14.58 | F14: 5.07 | G14: 45.53 | H14: 17.59 | I14: 5.02 | J14: 0.16 | K14: 341.03 | L14: 27.47 | M14: 86.36 | N14: 0 | O14: 0 | P14: 0.6 | Q14: 5.84
A15: 20/09/2023 01:45 | B15: 17.73 | C15: 23.33 | D15: 27.76 | E15: 12.6 | F15: 5.61 | G15: 45.94 | H15: 17.59 | I15: 5.18 | J15: 0.18 | K15: 324.25 | L15: 27.4 | M15: 86.73 | N15: 0 | O15: 0 | P15: 0.63 | Q15: 5.8
A16: 20/09/2023 02:00 | B16: 17.54 | C16: 21.76 | D16: 26.79 | E16: 11.64 | F16: 6.36 | G16: 45.94 | H16: 17.59 | I16: 5.19 | J16: 0.24 | K16: 309.98 | L16: 27.45 | M16: 87.18 | N16: 0 | O16: 0 | P16: 0.63 | Q16: 5.8
A17: 20/09/2023 02:15 | B17: 17.53 | C17: 20.77 | D17: 26.26 | E17: 9.79 | F17: 6.09 | G17: 45.94 | H17: 17.59 | I17: 5.26 | J17: 0.2 | K17: 320.29 | L17: 27.45 | M17: 87.46 | N17: 0 | O17: 0 | P17: 0.61 | Q17: 5.82
A18: 20/09/2023 02:30 | B18: 17.56 | C18: 21.68 | D18: 26.76 | E18: 11.46 | F18: 5.64 | G18: 42.38 | H18: 13.32 | I18: 4.89 | J18: 0.2 | K18: 301.43 | L18: 27.41 | M18: 87.42 | N18: 0 | O18: 0 | P18: 0.59 | Q18: 5.8
A19: 20/09/2023 02:45 | B19: 18.59 | C19: 23.88 | D19: 28.74 | E19: 10.7 | F19: 4.45 | G19: 41.78 | H19: 13.32 | I19: 4.59 | J19: 0.2 | K19: 288.28 | L19: 27.28 | M19: 88.01 | N19: 0 | O19: 0 | P19: 0.6 | Q19: 5.84
A20: 20/09/2023 03:00 | B20: 18.17 | C20: 21.94 | D20: 27.39 | E20: 11.32 | F20: 5.54 | G20: 41.78 | H20: 13.32 | I20: 4.87 | J20: 0.21 | K20: 314.99 | L20: 27.33 | M20: 86.31 | N20: 0 | O20: 0 | P20: 0.58 | Q20: 5.89
... A58: 20/09/2023 12:30 | B58: 14.36 | C58: 24.24 | D58: 25.53 | E58: 22.08 | F58: 14.09 | G58: 45.52 | H58: 18.88 | I58: 5.01 | J58: 0 | K58: 0.14 | L58: 32.02 | M58: 69.73 | N58: 501.9 | O58: 0 | P58: 0.64 | Q58: 5.78
A59: 45189.531 | B59: Pw.Off | C59: Pw.Off | D59: Pw.Off | E59: Pw.Off | F59: Pw.Off | G59: Pw.Off | H59: Pw.Off | I59: Pw.Off | J59: Pw.Off | K59: Pw.Off | L59: Pw.Off | M59: Pw.Off | N59: Pw.Off | O59: Pw.Off | P59: Pw.Off | Q59: Pw.Off
A60: 45189.542 | B60: Pw.Off | C60: Pw.Off | D60: Pw.Off | E60: Pw.Off | F60: Pw.Off | G60: Pw.Off | H60: Pw.Off | I60: Pw.Off | J60: Pw.Off | K60: Pw.Off | L60: Pw.Off | M60: Pw.Off | N60: Pw.Off | O60: Pw.Off | P60: Pw.Off | Q60: Pw.Off
A61: 20/09/2023 13:15 | B61: Wm. Up | C61: Wm. Up | D61: Wm. Up | E61: Wm. Up | F61: Wm. Up | G61: 45.88 | H61: 18.88 | I61: Wm. Up | J61: 0.43 | K61: 287.03 | L61: 31.49 | M61: 70.74 | N61: 308.2 | O61: 0 | P61: 0.31 | Q61: Wm. Up
A62: 20/09/2023 13:30 | B62: 11.67 | C62: 22.28 | D62: 22.35 | E62: 9.86 | F62: 3.49 | G62: 32.14 | H62: 12.27 | I62: Wm. Up | J62: 0.29 | K62: 300.93 | L62: 31.72 | M62: 69.07 | N62: 358.3 | O62: 0 | P62: 0.68 | Q62: Wm. Up
A63: 20/09/2023 13:45 | B63: 11.75 | C63: 26.09 | D63: 24.4 | E63: 1.28 | F63: 5.45 | G63: 29.82 | H63: 12.27 | I63: 2.08 | J63: 0.18 | K63: 317.3 | L63: 31.99 | M63: 67.74 | N63: 437.4 | O63: 0 | P63: 0.67 | Q63: 4.71
A64: 20/09/2023 14:00 | B64: 10.29 | C64: 25.13 | D64: 22.73 | E64: 0.02 | F64: 12.13 | G64: 29.82 | H64: 12.27 | I64: 4.88 | J64: 0.33 | K64: 12.97 | L64: 32.78 | M64: 66.04 | N64: 552 | O64: 0 | P64: 0.66 | Q64: 4.33
A65: 20/09/2023 14:15 | B65: 9.52 | C65: 24.67 | D65: 21.88 | E65: Maint. | F65: 10.9 | G65: 29.82 | H65: 12.27 | I65: 4.97 | J65: 0.36 | K65: 284.14 | L65: 33.15 | M65: 65.15 | N65: 551.3 | O65: 0 | P65: 0.58 | Q65: 4.19
A66: 20/09/2023 14:30 | B66: 8.59 | C66: 24.38 | D66: 20.98 | E66: Maint. | F66: 11.69 | G66: 42.65 | H66: 19.56 | I66: 4.86 | J66: 0.27 | K66: 349.88 | L66: 32.68 | M66: 66.34 | N66: 199.5 | O66: 0 | P66: 0.63 | Q66: 4.13
A67: 20/09/2023 14:45 | B67: 8.31 | C67: 25.58 | D67: 21.38 | E67: Maint. | F67: 9.89 | G67: 44.81 | H67: 19.56 | I67: 4.85 | J67: 0.33 | K67: 299.67 | L67: 31.88 | M67: 67.65 | N67: 128.2 | O67: 0 | P67: 0.62 | Q67: 4.15
A68: 20/09/2023 15:00 | B68: 7.75 | C68: 25.45 | D68: 20.86 | E68: Maint. | F68: 10.27 | G68: 44.81 | H68: 19.56 | I68: 4.76 | J68: 0.36 | K68: 304.68 | L68: 31.8 | M68: 66.46 | N68: 157.9 | O68: 0 | P68: 0.62 | Q68: 4.18
A69: 20/09/2023 15:15 | B69: 7.66 | C69: 25.79 | D69: 20.97 | E69: Maint. | F69: 9.64 | G69: 44.81 | H69: 19.56 | I69: 4.75 | J69: 0.33 | K69: 303.26 | L69: 31.6 | M69: 66.81 | N69: 86.3 | O69: 0 | P69: 0.61 | Q69: 4.15
A70: 20/09/2023 15:30 | B70: 7.65 | C70: 25.34 | D70: 20.72 | E70: Maint. | F70: 14.06 | G70: 46.23 | H70: 17.04 | I70: 4.77 | J70: 0.3 | K70: 340.73 | L70: 31.21 | M70: 68.02 | N70: 61.9 | O70: 0 | P70: 0.62 | Q70: 4.16
A71: 20/09/2023 15:45 | B71: 6.48 | C71: 24.11 | D71: 19.15 | E71: Maint. | F71: 14.51 | G71: 46.49 | H71: 17.04 | I71: 4.7 | J71: 0.2 | K71: 260.33 | L71: 31.06 | M71: 69.67 | N71: 53.2 | O71: 0 | P71: 0.6 | Q71: 4.17
A72: 20/09/2023 16:00 | B72: 6.38 | C72: 24.7 | D72: 19.37 | E72: Maint. | F72: 11.72 | G72: 46.49 | H72: 17.04 | I72: 4.54 | J72: 0.19 | K72: 168.15 | L72: 30.8 | M72: 71.67 | N72: 49.2 | O72: 0 | P72: 0.6 | Q72: 4.15
A73: 20/09/2023 16:15 | B73: 6.05 | C73: 22.69 | D73: 18.05 | E73: Maint. | F73: 14.24 | G73: 46.49 | H73: 17.04 | I73: 4.37 | J73: 0.22 | K73: 148.05 | L73: 29.58 | M73: 77.38 | N73: 21.3 | O73: 0 | P73: 0.56 | Q73: 4.12
A74: 20/09/2023 16:30 | B74: 5.49 | C74: 22.03 | D74: 17.26 | E74: Maint. | F74: 12.97 | G74: 44.37 | H74: 19.68 | I74: 4.51 | J74: 0.22 | K74: 246.45 | L74: 29.08 | M74: 79.48 | N74: 14.6 | O74: 0 | P74: 0.55 | Q74: 4.1
A75: 20/09/2023 16:45 | B75: 5.82 | C75: 22.53 | D75: 17.79 | E75: Maint. | F75: 10.1 | G75: 43.98 | H75: 19.68 | I75: 4.29 | J75: 0.19 | K75: 261.87 | L75: 27.78 | M75: 83.16 | N75: 5.3 | O75: 0.2 | P75: 0.56 | Q75: 4.08
A76: 20/09/2023 17:00 | B76: 5.88 | C76: 22.86 | D76: 18.01 | E76: Maint. | F76: 7.67 | G76: 43.98 | H76: 19.68 | I76: 4.39 | J76: 0.17 | K76: 245.06 | L76: 26.48 | M76: 87.71 | N76: 0.4 | O76: 0.2 | P76: 0.56 | Q76: 4.05
... A80: 20/09/2023 18:00 | B80: 8.01 | C80: 23.58 | D80: 20.1 | E80: Maint. | F80: 7.6 | G80: 32.4 | H80: 12.79 | I80: 4.56 | J80: 1.23 | K80: 16.51 | L80: 24.31 | M80: 98.77 | N80: 0.4 | O80: 13 | P80: 0.53 | Q80: 3.96
A81: 20/09/2023 18:15 | B81: 6.54 | C81: 23.6 | D81: 18.93 | E81: 7.13 | F81: 7.11 | G81: 32.4 | H81: 12.79 | I81: 4.43 | J81: 1.68 | K81: 32.26 | L81: 23.03 | M81: 99.51 | N81: 0 | O81: 15.2 | P81: 0.53 | Q81: 3.88
A82: 20/09/2023 18:30 | B82: 5.62 | C82: 23.57 | D82: 18.17 | E82: 8.43 | F82: 7.62 | G82: 23.76 | H82: 8.88 | I82: 4.24 | J82: 0.58 | K82: 46.27 | L82: 23.39 | M82: 99.51 | N82: 0 | O82: 2.2 | P82: 0.53 | Q82: 3.86
A83: 20/09/2023 18:45 | B83: 5.57 | C83: 23.8 | D83: 18.25 | E83: 8.1 | F83: 6.13 | G83: 22.3 | H83: 8.88 | I83: 4.28 | J83: 0.2 | K83: 310.5 | L83: 23.73 | M83: 99.58 | N83: 0 | O83: 0.4 | P83: 0.52 | Q83: 3.84
A84: 20/09/2023 19:00 | B84: 5.74 | C84: 25.52 | D84: 19.29 | E84: 8.24 | F84: 4.24 | G84: 22.3 | H84: 8.88 | I84: 4.16 | J84: 0.53 | K84: 259.5 | L84: 23.86 | M84: 99.69 | N84: 0 | O84: 0.2 | P84: 0.54 | Q84: 3.83
A85: 20/09/2023 19:15 | B85: 5.8 | C85: 24.96 | D85: 19.04 | E85: 8.15 | F85: 4.74 | G85: 22.3 | H85: 8.88 | I85: 4.28 | J85: 0.25 | K85: 269.15 | L85: 24.05 | M85: 99.86 | N85: 0 | O85: 0 | P85: 0.53 | Q85: 3.86
A86: 20/09/2023 19:30 | B86: 5.85 | C86: 24.08 | D86: 18.63 | E86: 7.78 | F86: 5.2 | G86: 15.67 | H86: 6.13 | I86: 4.35 | J86: 0.56 | K86: 265.26 | L86: 24.2 | M86: 99.95 | N86: 0 | O86: 0.2 | P86: 0.52 | Q86: 3.82
A87: 20/09/2023 19:45 | B87: 5.99 | C87: 25.37 | D87: 19.41 | E87: 8.01 | F87: 4.07 | G87: 14.55 | H87: 6.13 | I87: 4.27 | J87: 0.15 | K87: 238.68 | L87: 24.57 | M87: 100.11 | N87: 0 | O87: 0.2 | P87: 0.54 | Q87: 3.8
A88: 20/09/2023 20:00 | B88: 6.13 | C88: 24.51 | D88: 19.07 | E88: 8.11 | F88: 4.85 | G88: 14.55 | H88: 6.13 | I88: 4.25 | J88: 0.52 | K88: 267.98 | L88: 24.49 | M88: 100.12 | N88: 0 | O88: 0.6 | P88: 0.53 | Q88: 3.8
A89: 20/09/2023 20:15 | B89: 6.02 | C89: 23.49 | D89: 18.45 | E89: 8.07 | F89: 5.6 | G89: 14.55 | H89: 6.13 | I89: 4.36 | J89: 0.2 | K89: 240.09 | L89: 24.57 | M89: 99.97 | N89: 0 | O89: 0.2 | P89: 0.52 | Q89: 3.77
A90: 20/09/2023 20:30 | B90: 6.14 | C90: 25.01 | D90: 19.34 | E90: 8.51 | F90: 4.16 | G90: 12.95 | H90: 4.29 | I90: 4.31 | J90: 0.08 | K90: 196.07 | L90: 24.54 | M90: 99.96 | N90: 0 | O90: 0.6 | P90: 0.54 | Q90: 3.76
A91: 20/09/2023 20:45 | B91: 6.36 | C91: 24.23 | D91: 19.12 | E91: 8.56 | F91: 4.67 | G91: 12.68 | H91: 4.29 | I91: 4.24 | J91: 0.09 | K91: 260.24 | L91: 24.54 | M91: 99.82 | N91: 0 | O91: 0.6 | P91: 0.52 | Q91: 3.79
A92: 20/09/2023 21:00 | B92: 6.38 | C92: 22.97 | D92: 18.47 | E92: 8.24 | F92: 5.2 | G92: 12.68 | H92: 4.29 | I92: 4.35 | J92: 0.15 | K92: 231.15 | L92: 24.56 | M92: 99.8 | N92: 0 | O92: 1 | P92: 0.51 | Q92: 3.75
... A104: 20/09/2023 24:00 | B104: 7.96 | C104: 23.57 | D104: 20.04 | E104: 7.95 | F104: 4.52 | G104: 8.33 | H104: 1.73 | I104: 3.83 | J104: 0.18 | K104: 247.02 | L104: 24.71 | M104: 99.99 | N104: 0 | O104: 0 | P104: 0.48 | Q104: 3.86
A106: Min | B106: =MIN(B9:B104) -> 5.49 | C106: =MIN(C9:C104) -> 20.25 | D106: =MIN(D9:D104) -> 17.26 | E106: =MIN(E9:E104) -> 0.02 | F106: =MIN(F9:F104) -> 3.49 | G106: =MIN(G9:G104) -> 8.32 | H106: =MIN(H9:H104) -> 1.73 | I106: =MIN(I9:I104) -> 2.08 | ... Q106: =MIN(Q9:Q104) -> 3.73
A107: Max | B107: =MAX(B9:B104) -> 23.88 | C107: =MAX(C9:C104) -> 26.09 | D107: =MAX(D9:D104) -> 33.53 | E107: =MAX(E9:E104) -> 22.08 | F107: =MAX(F9:F104) -> 14.51 | G107: =MAX(G9:G104) -> 46.68 | H107: =MAX(H9:H104) -> 19.68 | I107: =MAX(I9:I104) -> 5.26 | ... Q107: =MAX(Q9:Q104) -> 6.27
A108: Avg | B108: =AVERAGE(B9:B104) -> 13.942473 | C108: =AVERAGE(C9:C104) -> 23.528817 | D108: =AVERAGE(D9:D104) -> 24.825269 | E108: =AVERAGE(E9:E104) -> 10.118312 | F108: =AVERAGE(F9:F104) -> 6.7934409 | G108: =AVERAGE(G9:G104) -> 34.534043 | H108: =AVERAGE(H9:H104) -> 13.244255 | I108: =AVERAGE(I9:I104) -> 4.6157609 | ... Q108: =AVERAGE(Q9:Q104) -> 5.0684783
A109: Stdev | B109: =STDEV(B9:B104) -> 6.8526299 | C109: =STDEV(C9:C104) -> 1.1903487 | D109: =STDEV(D9:D104) -> 5.3797437 | E109: =STDEV(E9:E104) -> 2.9457737 | F109: =STDEV(F9:F104) -> 2.8864701 | G109: =STDEV(G9:G104) -> 13.200074 | H109: =STDEV(H9:H104) -> 5.5256519 | I109: =STDEV(I9:I104) -> 0.45277225 | ... Q109: =STDEV(Q9:Q104) -> 1.0513538
A110: Num | B110: 96 | C110: 96 | D110: 96 | E110: 96 | F110: 96 | G110: 96 | H110: 96 | I110: 96 | J110: 96 | K110: 96 | L110: 96 | M110: 96 | N110: 96 | O110: 96 | P110: 96 | Q110: 96
A111: DCR | B111: =IF(B110>=87,">90%",IF(B110<=87,"<90%")) -> >90% | C111: =IF(C110>=87,">90%",IF(C110<=87,"<90%")) -> >90% | D111: =IF(D110>=87,">90%",IF(D110<=87,"<90%")) -> >90% | E111: =IF(E110>=87,">90%",IF(E110<=87,"<90%")) -> >90% | F111: =IF(F110>=87,">90%",IF(F110<=87,"<90%")) -> >90% | G111: =IF(G110>=87,">90%",IF(G110<=87,"<90%")) -> >90% | H111: =IF(H110>=87,">90%",IF(H110<=87,"<90%")) -> >90% | I111: =IF(I110>=87,">90%",IF(I110<=87,"<90%")) -> >90% | ... Q111: =IF(Q110>=87,">90%",IF(Q110<=87,"<90%")) -> >90%
A112: Status | B112: =IF(B110>=87,"OK",IF(B110<=87,"LESS")) -> OK | C112: =IF(C110>=87,"OK",IF(C110<=87,"LESS")) -> OK | D112: =IF(D110>=87,"OK",IF(D110<=87,"LESS")) -> OK | E112: =IF(E110>=87,"OK",IF(E110<=87,"LESS")) -> OK | F112: =IF(F110>=87,"OK",IF(F110<=87,"LESS")) -> OK | G112: =IF(G110>=87,"OK",IF(G110<=87,"LESS")) -> OK | H112: =IF(H110>=87,"OK",IF(H110<=87,"LESS")) -> OK | I112: =IF(I110>=87,"OK",IF(I110<=87,"LESS")) -> OK | ... Q112: =IF(Q110>=87,"OK",IF(Q110<=87,"LESS")) -> OK
A115: Done by | B115: AKASH
A117: Comment

Sheet 21
A1: Station: | B1: IGKV RAIPUR
A2: Date: | B2: =$A$9 -> 21/09/2023 00:15 | C2: Power Off | G2: Pw.Off | J2: Link Fail | L2: Link F | N2: Maintenance | P2: Maint.
A3: Report Type: | B3: Mean | C3: Calibration | G3: Calib. | J3: Data Fail | L3: Data F | N3: Invalid | P3: Invalid
A4: Time Base: | B4: 15 Min | C4: Zero Referrence | G4: Z.Ref | J4: Warm Up | L4: Wm. Up
A7: Date & Time | B7: NO | C7: NO2 | D7: NOX | E7: SO2 | F7: O3 | G7: PM 10 | H7: PM 2.5 | I7: BENZ | J7: WS | K7: WD | L7: TEMP | M7: HUM | N7: SR | O7: RG | P7: CO | Q7: NH3
B8: ug/m3 | C8: ug/m3 | D8: ppb | E8: ug/m3 | F8: ug/m3 | G8: ug/m3 | H8: ug/m3 | I8: ug/m3 | J8: m/sec | K8: deg | L8: degreC | M8: % | N8: w/m2 | O8: mm | P8: mg/m3 | Q8: ug/m3
A9: 21/09/2023 00:15 | B9: 11.55 | C9: 21.91 | D9: 22.06 | E9: 7.3 | F9: 5.02 | G9: 8.33 | H9: 1.73 | I9: 4.04 | J9: 0.28 | K9: 260.28 | L9: 24.69 | M9: 99.99 | N9: 0 | O9: 0 | P9: 0.46 | Q9: 3.87
A10: 21/09/2023 00:30 | B10: 11.92 | C10: 23.97 | D10: 23.43 | E10: 8.12 | F10: 3.95 | G10: 6.74 | H10: 3.22 | I10: 4.01 | J10: 0.23 | K10: 259.79 | L10: 24.71 | M10: 100.03 | N10: 0 | O10: 0.2 | P10: 0.49 | Q10: 3.83
A11: 21/09/2023 00:45 | B11: 12.17 | C11: 24.79 | D11: 24.07 | E11: 8.44 | F11: 4.07 | G11: 6.47 | H11: 3.22 | I11: 3.95 | J11: 0.13 | K11: 227.94 | L11: 24.79 | M11: 100.28 | N11: 0 | O11: 0 | P11: 0.49 | Q11: 3.9
A12: 21/09/2023 01:00 | B12: 12.38 | C12: 23.2 | D12: 23.4 | E12: 8.35 | F12: 4.86 | G12: 6.47 | H12: 3.22 | I12: 4.11 | J12: 0.09 | K12: 167.67 | L12: 24.81 | M12: 100.27 | N12: 0 | O12: 0 | P12: 0.47 | Q12: 3.93
A13: 21/09/2023 01:15 | B13: 12.41 | C13: 22.71 | D13: 23.17 | E13: 7.89 | F13: 4.82 | G13: 6.47 | H13: 3.22 | I13: 4.12 | J13: 0.16 | K13: 166.72 | L13: 24.81 | M13: 100.25 | N13: 0 | O13: 0 | P13: 0.47 | Q13: 3.9
A14: 21/09/2023 01:30 | B14: 12.53 | C14: 24.05 | D14: 23.96 | E14: 8.69 | F14: 4.07 | G14: 6.55 | H14: 2.29 | I14: 4.04 | J14: 0.1 | K14: 210.29 | L14: 24.74 | M14: 100.24 | N14: 0 | O14: 0.6 | P14: 0.49 | Q14: 3.89
A15: 21/09/2023 01:45 | B15: 12.75 | C15: 23.34 | D15: 23.77 | E15: 8.5 | F15: 4.54 | G15: 6.56 | H15: 2.29 | I15: 4.1 | J15: 0.15 | K15: 241.65 | L15: 24.76 | M15: 100.25 | N15: 0 | O15: 0.6 | P15: 0.48 | Q15: 3.94
A16: 21/09/2023 02:00 | B16: 12.65 | C16: 22.54 | D16: 23.27 | E16: 7.65 | F16: 4.91 | G16: 6.56 | H16: 2.29 | I16: 4.15 | J16: 0.12 | K16: 213.08 | L16: 24.83 | M16: 100.25 | N16: 0 | O16: 1 | P16: 0.47 | Q16: 3.94
A17: 21/09/2023 02:15 | B17: 12.95 | C17: 23.95 | D17: 24.25 | E17: 7.06 | F17: 4.14 | G17: 6.56 | H17: 2.29 | I17: 4.1 | J17: 0.3 | K17: 264.8 | L17: 24.68 | M17: 100.25 | N17: 0 | O17: 0.6 | P17: 0.48 | Q17: 3.95
A18: 21/09/2023 02:30 | B18: 12.84 | C18: 22.62 | D18: 23.46 | E18: 8.3 | F18: 4.91 | G18: 5.85 | H18: 3.99 | I18: 4.07 | J18: 0.18 | K18: 259.3 | L18: 24.74 | M18: 100.27 | N18: 0 | O18: 0.4 | P18: 0.47 | Q18: 3.97
A19: 21/09/2023 02:45 | B19: 12.92 | C19: 22.29 | D19: 23.36 | E19: 8.2 | F19: 4.86 | G19: 5.73 | H19: 3.99 | I19: 4.17 | J19: 0.34 | K19: 305.92 | L19: 24.71 | M19: 100.31 | N19: 0 | O19: 0.2 | P19: 0.47 | Q19: 3.97
A20: 21/09/2023 03:00 | B20: 13.3 | C20: 23.88 | D20: 24.49 | E20: 7.95 | F20: 4.01 | G20: 5.73 | H20: 3.99 | I20: 4.07 | J20: 0.43 | K20: 292.56 | L20: 24.64 | M20: 100.33 | N20: 0 | O20: 0 | P20: 0.48 | Q20: 3.98
... A104: 21/09/2023 24:00 | B104: 17.91 | C104: 25.91 | D104: 29.25 | E104: 8.31 | F104: 4.51 | G104: 33.5 | H104: 16.74 | I104: 5.1 | J104: 0.28 | K104: 281.95 | L104: 24.43 | M104: 97.91 | N104: 0 | O104: 0 | P104: 0.54 | Q104: 4.27
A106: Min | B106: =MIN(B9:B104) -> 11.55 | C106: =MIN(C9:C104) -> 19.37 | D106: =MIN(D9:D104) -> 21.35 | E106: =MIN(E9:E104) -> 6.11 | F106: =MIN(F9:F104) -> 3.38 | G106: =MIN(G9:G104) -> 4.26 | H106: =MIN(H9:H104) -> 1.73 | I106: =MIN(I9:I104) -> 3.95 | ... Q106: =MIN(Q9:Q104) -> 3.83
A107: Max | B107: =MAX(B9:B104) -> 22.87 | C107: =MAX(C9:C104) -> 28.18 | D107: =MAX(D9:D104) -> 34.19 | E107: =MAX(E9:E104) -> 8.98 | F107: =MAX(F9:F104) -> 10.04 | G107: =MAX(G9:G104) -> 33.5 | H107: =MAX(H9:H104) -> 16.74 | I107: =MAX(I9:I104) -> 5.1 | ... Q107: =MAX(Q9:Q104) -> 4.7
A108: Avg | B108: =AVERAGE(B9:B104) -> 15.945 | C108: =AVERAGE(C9:C104) -> 24.445104 | D108: =AVERAGE(D9:D104) -> 26.909583 | E108: =AVERAGE(E9:E104) -> 7.6596875 | F108: =AVERAGE(F9:F104) -> 4.844375 | G108: =AVERAGE(G9:G104) -> 13.601771 | H108: =AVERAGE(H9:H104) -> 6.1607292 | I108: =AVERAGE(I9:I104) -> 4.3089583 | ... Q108: =AVERAGE(Q9:Q104) -> 4.2360417
A109: Stdev | B109: =STDEV(B9:B104) -> 3.3696634 | C109: =STDEV(C9:C104) -> 1.8601443 | D109: =STDEV(D9:D104) -> 3.5452289 | E109: =STDEV(E9:E104) -> 0.69886894 | F109: =STDEV(F9:F104) -> 1.092621 | G109: =STDEV(G9:G104) -> 7.3122948 | H109: =STDEV(H9:H104) -> 3.2367457 | I109: =STDEV(I9:I104) -> 0.29139403 | ... Q109: =STDEV(Q9:Q104) -> 0.240195
A110: Num | B110: =COUNT(B9:B104) -> 96 | C110: =COUNT(C9:C104) -> 96 | D110: =COUNT(D9:D104) -> 96 | E110: =COUNT(E9:E104) -> 96 | F110: =COUNT(F9:F104) -> 96 | G110: =COUNT(G9:G104) -> 96 | H110: =COUNT(H9:H104) -> 96 | I110: =COUNT(I9:I104) -> 96 | ... Q110: =COUNT(Q9:Q104) -> 96
A111: DCR | B111: =IF(B110>=87,">90%",IF(B110<=87,"<90%")) -> >90% | C111: =IF(C110>=87,">90%",IF(C110<=87,"<90%")) -> >90% | D111: =IF(D110>=87,">90%",IF(D110<=87,"<90%")) -> >90% | E111: =IF(E110>=87,">90%",IF(E110<=87,"<90%")) -> >90% | F111: =IF(F110>=87,">90%",IF(F110<=87,"<90%")) -> >90% | G111: =IF(G110>=87,">90%",IF(G110<=87,"<90%")) -> >90% | H111: =IF(H110>=87,">90%",IF(H110<=87,"<90%")) -> >90% | I111: =IF(I110>=87,">90%",IF(I110<=87,"<90%")) -> >90% | ... Q111: =IF(Q110>=87,">90%",IF(Q110<=87,"<90%")) -> >90%
A112: Status | B112: =IF(B110>=87,"OK",IF(B110<=87,"LESS")) -> OK | C112: =IF(C110>=87,"OK",IF(C110<=87,"LESS")) -> OK | D112: =IF(D110>=87,"OK",IF(D110<=87,"LESS")) -> OK | E112: =IF(E110>=87,"OK",IF(E110<=87,"LESS")) -> OK | F112: =IF(F110>=87,"OK",IF(F110<=87,"LESS")) -> OK | G112: =IF(G110>=87,"OK",IF(G110<=87,"LESS")) -> OK | H112: =IF(H110>=87,"OK",IF(H110<=87,"LESS")) -> OK | I112: =IF(I110>=87,"OK",IF(I110<=87,"LESS")) -> OK | ... Q112: =IF(Q110>=87,"OK",IF(Q110<=87,"LESS")) -> OK
A115: Done by | B115: AKASH
A117: Comment

Sheet 22
A1: Station: | B1: IGKV RAIPUR
A2: Date: | B2: =$A$9 -> 22/09/2023 00:15 | C2: Power Off | G2: Pw.Off | J2: Link Fail | L2: Link F | N2: Maintenance | P2: Maint.
A3: Report Type: | B3: Mean | C3: Calibration | G3: Calib. | J3: Data Fail | L3: Data F | N3: Invalid | P3: Invalid
A4: Time Base: | B4: 15 Min | C4: Zero Referrence | G4: Z.Ref | J4: Warm Up | L4: Wm. Up
A7: Date & Time | B7: NO | C7: NO2 | D7: NOX | E7: SO2 | F7: O3 | G7: PM 10 | H7: PM 2.5 | I7: BENZ | J7: WS | K7: WD | L7: TEMP | M7: HUM | N7: SR | O7: RG | P7: CO | Q7: NH3
B8: ug/m3 | C8: ug/m3 | D8: ppb | E8: ug/m3 | F8: ug/m3 | G8: ug/m3 | H8: ug/m3 | I8: ug/m3 | J8: m/sec | K8: deg | L8: degreC | M8: % | N8: w/m2 | O8: mm | P8: mg/m3 | Q8: ug/m3
A9: 22/09/2023 00:15 | B9: 17.4 | C9: 25.35 | D9: 28.55 | E9: 8.04 | F9: 4.58 | G9: 33.5 | H9: 16.74 | I9: 5.16 | J9: 0.31 | K9: 265.34 | L9: 24.45 | M9: 97.92 | N9: 0 | O9: 0 | P9: 0.53 | Q9: 4.22
A10: 22/09/2023 00:30 | B10: 17.34 | C10: 26.97 | D10: 29.35 | E10: 8.04 | F10: 3.64 | G10: 33.03 | H10: 11.52 | I10: 5.09 | J10: 0.4 | K10: 265.47 | L10: 24.47 | M10: 97.84 | N10: 0 | O10: 0 | P10: 0.54 | Q10: 4.21
A11: 22/09/2023 00:45 | B11: 17.65 | C11: 26.42 | D11: 29.31 | E11: 8.32 | F11: 4.15 | G11: 32.95 | H11: 11.52 | I11: 5 | J11: 0.35 | K11: 257.05 | L11: 24.52 | M11: 97.66 | N11: 0 | O11: 0 | P11: 0.54 | Q11: 4.25
A12: 22/09/2023 01:00 | B12: 17.59 | C12: 24.91 | D12: 28.47 | E12: 8.06 | F12: 4.63 | G12: 32.95 | H12: 11.52 | I12: 5.04 | J12: 0.32 | K12: 257.91 | L12: 24.53 | M12: 97.69 | N12: 0 | O12: 0 | P12: 0.53 | Q12: 4.27
A13: 22/09/2023 01:15 | B13: 17.46 | C13: 25.81 | D13: 28.84 | E13: 7.79 | F13: 3.95 | G13: 32.95 | H13: 11.52 | I13: 4.99 | J13: 0.25 | K13: 255.76 | L13: 24.58 | M13: 97.66 | N13: 0 | O13: 0 | P13: 0.53 | Q13: 4.25
A14: 22/09/2023 01:30 | B14: 17.51 | C14: 25.41 | D14: 28.67 | E14: 8.14 | F14: 4.33 | G14: 28.35 | H14: 8.01 | I14: 4.85 | J14: 0.16 | K14: 239.29 | L14: 24.57 | M14: 97.73 | N14: 0 | O14: 0 | P14: 0.52 | Q14: 4.27
A15: 22/09/2023 01:45 | B15: 17.46 | C15: 24.04 | D15: 27.92 | E15: 7.74 | F15: 4.64 | G15: 27.51 | H15: 8.01 | I15: 4.94 | J15: 0.08 | K15: 231.03 | L15: 24.58 | M15: 97.85 | N15: 0 | O15: 0 | P15: 0.49 | Q15: 4.25
A16: 22/09/2023 02:00 | B16: 17.4 | C16: 25.03 | D16: 28.38 | E16: 8.63 | F16: 3.83 | G16: 27.51 | H16: 8.01 | I16: 4.82 | J16: 0.2 | K16: 248.74 | L16: 24.6 | M16: 97.61 | N16: 0 | O16: 0 | P16: 0.51 | Q16: 4.22
A17: 22/09/2023 02:15 | B17: 17.48 | C17: 25.07 | D17: 28.47 | E17: 7.51 | F17: 4.08 | G17: 27.51 | H17: 8.01 | I17: 4.73 | J17: 0.17 | K17: 257.5 | L17: 24.55 | M17: 97.68 | N17: 0 | O17: 0 | P17: 0.51 | Q17: 4.27
A18: 22/09/2023 02:30 | B18: 17.23 | C18: 23.73 | D18: 27.57 | E18: 8.81 | F18: 4.63 | G18: 19.66 | H18: 5.94 | I18: 4.85 | J18: 0.13 | K18: 196.21 | L18: 24.64 | M18: 97.88 | N18: 0 | O18: 0 | P18: 0.49 | Q18: 4.29
A19: 22/09/2023 02:45 | B19: 17.53 | C19: 25.06 | D19: 28.5 | E19: 8.58 | F19: 3.91 | G19: 18.21 | H19: 5.94 | I19: 4.77 | J19: 0.31 | K19: 257.29 | L19: 24.62 | M19: 97.48 | N19: 0 | O19: 0 | P19: 0.52 | Q19: 4.29
A20: 22/09/2023 03:00 | B20: 17.69 | C20: 24.71 | D20: 28.45 | E20: 8.96 | F20: 4.24 | G20: 18.21 | H20: 5.94 | I20: 4.7 | J20: 0.4 | K20: 257.76 | L20: 24.68 | M20: 97.35 | N20: 0 | O20: 0 | P20: 0.52 | Q20: 4.29
... A104: 22/09/2023 24:00 | B104: 15.81 | C104: 23.79 | D104: 26.46 | E104: 8.24 | F104: 4.31 | G104: 9.87 | H104: 3.11 | I104: 5.11 | J104: 0.55 | K104: 263.35 | L104: 24.49 | M104: 96.33 | N104: 0 | O104: 0 | P104: 0.63 | Q104: 4.26
A106: Min | B106: =MIN(B9:B104) -> 12.57 | C106: =MIN(C9:C104) -> 21.41 | D106: =MIN(D9:D104) -> 22.84 | E106: =MIN(E9:E104) -> 6.76 | F106: =MIN(F9:F104) -> 3.63 | G106: =MIN(G9:G104) -> 3.82 | H106: =MIN(H9:H104) -> 2.83 | I106: =MIN(I9:I104) -> 3.53 | ... Q106: =MIN(Q9:Q104) -> 4.02
A107: Max | B107: =MAX(B9:B104) -> 17.69 | C107: =MAX(C9:C104) -> 26.97 | D107: =MAX(D9:D104) -> 29.35 | E107: =MAX(E9:E104) -> 9.62 | F107: =MAX(F9:F104) -> 5.24 | G107: =MAX(G9:G104) -> 33.5 | H107: =MAX(H9:H104) -> 16.74 | I107: =MAX(I9:I104) -> 6.05 | ... Q107: =MAX(Q9:Q104) -> 4.39
A108: Avg | B108: =AVERAGE(B9:B104) -> 15.345104 | C108: =AVERAGE(C9:C104) -> 23.852292 | D108: =AVERAGE(D9:D104) -> 26.118958 | E108: =AVERAGE(E9:E104) -> 8.615625 | F108: =AVERAGE(F9:F104) -> 4.3555208 | G108: =AVERAGE(G9:G104) -> 13.269792 | H108: =AVERAGE(H9:H104) -> 5.0436458 | I108: =AVERAGE(I9:I104) -> 4.6691667 | ... Q108: =AVERAGE(Q9:Q104) -> 4.21875
A109: Stdev | B109: =STDEV(B9:B104) -> 1.4620922 | C109: =STDEV(C9:C104) -> 1.142266 | D109: =STDEV(D9:D104) -> 1.6066949 | E109: =STDEV(E9:E104) -> 0.49203511 | F109: =STDEV(F9:F104) -> 0.36506919 | G109: =STDEV(G9:G104) -> 7.7020755 | H109: =STDEV(H9:H104) -> 2.2541504 | I109: =STDEV(I9:I104) -> 0.78058637 | ... Q109: =STDEV(Q9:Q104) -> 0.098046713
A110: Num | B110: =COUNT(B9:B104) -> 96 | C110: =COUNT(C9:C104) -> 96 | D110: =COUNT(D9:D104) -> 96 | E110: =COUNT(E9:E104) -> 96 | F110: =COUNT(F9:F104) -> 96 | G110: =COUNT(G9:G104) -> 96 | H110: =COUNT(H9:H104) -> 96 | I110: =COUNT(I9:I104) -> 96 | ... Q110: =COUNT(Q9:Q104) -> 96
A111: DCR | B111: =IF(B110>=87,">90%",IF(B110<=87,"<90%")) -> >90% | C111: =IF(C110>=87,">90%",IF(C110<=87,"<90%")) -> >90% | D111: =IF(D110>=87,">90%",IF(D110<=87,"<90%")) -> >90% | E111: =IF(E110>=87,">90%",IF(E110<=87,"<90%")) -> >90% | F111: =IF(F110>=87,">90%",IF(F110<=87,"<90%")) -> >90% | G111: =IF(G110>=87,">90%",IF(G110<=87,"<90%")) -> >90% | H111: =IF(H110>=87,">90%",IF(H110<=87,"<90%")) -> >90% | I111: =IF(I110>=87,">90%",IF(I110<=87,"<90%")) -> >90% | ... Q111: =IF(Q110>=87,">90%",IF(Q110<=87,"<90%")) -> >90%
A112: Status | B112: =IF(B110>=87,"OK",IF(B110<=87,"LESS")) -> OK | C112: =IF(C110>=87,"OK",IF(C110<=87,"LESS")) -> OK | D112: =IF(D110>=87,"OK",IF(D110<=87,"LESS")) -> OK | E112: =IF(E110>=87,"OK",IF(E110<=87,"LESS")) -> OK | F112: =IF(F110>=87,"OK",IF(F110<=87,"LESS")) -> OK | G112: =IF(G110>=87,"OK",IF(G110<=87,"LESS")) -> OK | H112: =IF(H110>=87,"OK",IF(H110<=87,"LESS")) -> OK | I112: =IF(I110>=87,"OK",IF(I110<=87,"LESS")) -> OK | ... Q112: =IF(Q110>=87,"OK",IF(Q110<=87,"LESS")) -> OK
A115: Done by | B115: AKASH
A117: Comment

Sheet 23
A1: Station: | B1: IGKV RAIPUR
A2: Date: | B2: =$A$9 -> 23/09/2023 00:15 | C2: Power Off | G2: Pw.Off | J2: Link Fail | L2: Link F | N2: Maintenance | P2: Maint.
A3: Report Type: | B3: Mean | C3: Calibration | G3: Calib. | J3: Data Fail | L3: Data F | N3: Invalid | P3: Invalid
A4: Time Base: | B4: 15 Min | C4: Zero Referrence | G4: Z.Ref | J4: Warm Up | L4: Wm. Up
A7: Date & Time | B7: NO | C7: NO2 | D7: NOX | E7: SO2 | F7: O3 | G7: PM 10 | H7: PM 2.5 | I7: BENZ | J7: WS | K7: WD | L7: TEMP | M7: HUM | N7: SR | O7: RG | P7: CO | Q7: NH3
B8: ug/m3 | C8: ug/m3 | D8: ppb | E8: ug/m3 | F8: ug/m3 | G8: ug/m3 | H8: ug/m3 | I8: ug/m3 | J8: m/sec | K8: deg | L8: degreC | M8: % | N8: w/m2 | O8: mm | P8: mg/m3 | Q8: ug/m3
A9: 23/09/2023 00:15 | B9: 16.98 | C9: 22.82 | D9: 26.89 | E9: 8.27 | F9: 4.53 | G9: 9.87 | H9: 3.11 | I9: 5.14 | J9: 0.47 | K9: 258.97 | L9: 24.47 | M9: 96.27 | N9: 0 | O9: 0 | P9: 0.59 | Q9: 4.22
A10: 23/09/2023 00:30 | B10: 16.91 | C10: 24.21 | D10: 27.56 | E10: 8.57 | F10: 3.72 | G10: 11.8 | H10: 4.37 | I10: 5.02 | J10: 0.52 | K10: 258.44 | L10: 24.42 | M10: 96.35 | N10: 0 | O10: 0 | P10: 0.6 | Q10: 4.2
A11: 23/09/2023 00:45 | B11: 16.9 | C11: 24.76 | D11: 27.84 | E11: 8.43 | F11: 3.9 | G11: 12.12 | H11: 4.37 | I11: 4.9 | J11: 0.72 | K11: 263.22 | L11: 24.41 | M11: 96.28 | N11: 0 | O11: 0 | P11: 0.6 | Q11: 4.23
A12: 23/09/2023 01:00 | B12: 16.71 | C12: 23.43 | D12: 27 | E12: 8.14 | F12: 4.77 | G12: 12.12 | H12: 4.37 | I12: 4.94 | J12: 0.48 | K12: 262.1 | L12: 24.39 | M12: 96.36 | N12: 0 | O12: 0 | P12: 0.57 | Q12: 4.22
A13: 23/09/2023 01:15 | B13: 16.58 | C13: 23.53 | D13: 26.94 | E13: 8.74 | F13: 4.4 | G13: 12.12 | H13: 4.37 | I13: 4.84 | J13: 0.58 | K13: 264.04 | L13: 24.45 | M13: 96.29 | N13: 0 | O13: 0 | P13: 0.58 | Q13: 4.18
A14: 23/09/2023 01:30 | B14: 16.39 | C14: 24.25 | D14: 27.16 | E14: 8.11 | F14: 4.07 | G14: 9.19 | H14: 3.19 | I14: 4.73 | J14: 0.61 | K14: 268.15 | L14: 24.46 | M14: 96.24 | N14: 0 | O14: 0 | P14: 0.58 | Q14: 4.19
A15: 23/09/2023 01:45 | B15: 16.38 | C15: 22.94 | D15: 26.48 | E15: 8.21 | F15: 4.51 | G15: 8.65 | H15: 3.19 | I15: 4.74 | J15: 0.43 | K15: 260.79 | L15: 24.48 | M15: 96.14 | N15: 0 | O15: 0 | P15: 0.55 | Q15: 4.17
A16: 23/09/2023 02:00 | B16: 16.28 | C16: 23.89 | D16: 26.89 | E16: 8.43 | F16: 3.99 | G16: 8.65 | H16: 3.19 | I16: 4.64 | J16: 0.5 | K16: 264.53 | L16: 24.53 | M16: 96.21 | N16: 0 | O16: 0 | P16: 0.56 | Q16: 4.14
A17: 23/09/2023 02:15 | B17: 16.31 | C17: 23.7 | D17: 26.82 | E17: 8.34 | F17: 4.31 | G17: 8.65 | H17: 3.19 | I17: 4.56 | J17: 0.51 | K17: 262.37 | L17: 24.5 | M17: 95.82 | N17: 0 | O17: 0 | P17: 0.55 | Q17: 4.17
A18: 23/09/2023 02:30 | B18: 16.14 | C18: 22.48 | D18: 26.04 | E18: 9.4 | F18: 4.78 | G18: 6.81 | H18: 2.34 | I18: 4.59 | J18: 0.48 | K18: 261.25 | L18: 24.49 | M18: 95.6 | N18: 0 | O18: 0 | P18: 0.53 | Q18: 4.17
A19: 23/09/2023 02:45 | B19: 16.09 | C19: 24.07 | D19: 26.83 | E19: 9.61 | F19: 3.89 | G19: 6.5 | H19: 2.34 | I19: 4.47 | J19: 0.46 | K19: 264.27 | L19: 24.42 | M19: 95.68 | N19: 0 | O19: 0 | P19: 0.54 | Q19: 4.14
A20: 23/09/2023 03:00 | B20: 16.16 | C20: 23.4 | D20: 26.54 | E20: 9.55 | F20: 4.38 | G20: 6.5 | H20: 2.34 | I20: 4.38 | J20: 0.62 | K20: 267.06 | L20: 24.41 | M20: 95.61 | N20: 0 | O20: 0 | P20: 0.53 | Q20: 4.16
... A104: 23/09/2023 24:00 | B104: 15.32 | C104: 22.59 | D104: 25.44 | E104: 8.91 | F104: 4.87 | G104: 11.15 | H104: 5.52 | I104: 3.73 | J104: 0.12 | K104: 245.99 | L104: 25.52 | M104: 98.23 | N104: 0 | O104: 0 | P104: 0.41 | Q104: 4.04
A106: Min | B106: =MIN(B9:B104) -> 3.49 | C106: =MIN(C9:C104) -> 12.9 | D106: =MIN(D9:D104) -> 10.94 | E106: =MIN(E9:E104) -> 4.13 | F106: =MIN(F9:F104) -> 3.22 | G106: =MIN(G9:G104) -> 3.8 | H106: =MIN(H9:H104) -> 1.66 | I106: =MIN(I9:I104) -> 1.53 | ... Q106: =MIN(Q9:Q104) -> 3.23
A107: Max | B107: =MAX(B9:B104) -> 16.98 | C107: =MAX(C9:C104) -> 25.52 | D107: =MAX(D9:D104) -> 27.84 | E107: =MAX(E9:E104) -> 9.68 | F107: =MAX(F9:F104) -> 9.71 | G107: =MAX(G9:G104) -> 13.22 | H107: =MAX(H9:H104) -> 5.52 | I107: =MAX(I9:I104) -> 5.14 | ... Q107: =MAX(Q9:Q104) -> 4.23
A108: Avg | B108: =AVERAGE(B9:B104) -> 12.002604 | C108: =AVERAGE(C9:C104) -> 22.301146 | D108: =AVERAGE(D9:D104) -> 22.628021 | E108: =AVERAGE(E9:E104) -> 7.4732292 | F108: =AVERAGE(F9:F104) -> 4.6970833 | G108: =AVERAGE(G9:G104) -> 8.7263542 | H108: =AVERAGE(H9:H104) -> 3.3107292 | I108: =AVERAGE(I9:I104) -> 3.51625 | ... Q108: =AVERAGE(Q9:Q104) -> 3.8159375
A109: Stdev | B109: =STDEV(B9:B104) -> 3.4623491 | C109: =STDEV(C9:C104) -> 2.4643243 | D109: =STDEV(D9:D104) -> 3.7022709 | E109: =STDEV(E9:E104) -> 1.8855838 | F109: =STDEV(F9:F104) -> 1.0709936 | G109: =STDEV(G9:G104) -> 2.5974218 | H109: =STDEV(H9:H104) -> 0.82918253 | I109: =STDEV(I9:I104) -> 0.80746289 | ... Q109: =STDEV(Q9:Q104) -> 0.27777529
A110: Num | B110: =COUNT(B9:B104) -> 96 | C110: =COUNT(C9:C104) -> 96 | D110: =COUNT(D9:D104) -> 96 | E110: =COUNT(E9:E104) -> 96 | F110: =COUNT(F9:F104) -> 96 | G110: =COUNT(G9:G104) -> 96 | H110: =COUNT(H9:H104) -> 96 | I110: =COUNT(I9:I104) -> 96 | ... Q110: =COUNT(Q9:Q104) -> 96
A111: DCR | B111: =IF(B110>=87,">90%",IF(B110<=87,"<90%")) -> >90% | C111: =IF(C110>=87,">90%",IF(C110<=87,"<90%")) -> >90% | D111: =IF(D110>=87,">90%",IF(D110<=87,"<90%")) -> >90% | E111: =IF(E110>=87,">90%",IF(E110<=87,"<90%")) -> >90% | F111: =IF(F110>=87,">90%",IF(F110<=87,"<90%")) -> >90% | G111: =IF(G110>=87,">90%",IF(G110<=87,"<90%")) -> >90% | H111: =IF(H110>=87,">90%",IF(H110<=87,"<90%")) -> >90% | I111: =IF(I110>=87,">90%",IF(I110<=87,"<90%")) -> >90% | ... Q111: =IF(Q110>=87,">90%",IF(Q110<=87,"<90%")) -> >90%
A112: Status | B112: =IF(B110>=87,"OK",IF(B110<=87,"LESS")) -> OK | C112: =IF(C110>=87,"OK",IF(C110<=87,"LESS")) -> OK | D112: =IF(D110>=87,"OK",IF(D110<=87,"LESS")) -> OK | E112: =IF(E110>=87,"OK",IF(E110<=87,"LESS")) -> OK | F112: =IF(F110>=87,"OK",IF(F110<=87,"LESS")) -> OK | G112: =IF(G110>=87,"OK",IF(G110<=87,"LESS")) -> OK | H112: =IF(H110>=87,"OK",IF(H110<=87,"LESS")) -> OK | I112: =IF(I110>=87,"OK",IF(I110<=87,"LESS")) -> OK | ... Q112: =IF(Q110>=87,"OK",IF(Q110<=87,"LESS")) -> OK
A115: Done by | B115: AKASH
A117: Comment

Sheet 24
A1: Station: | B1: IGKV RAIPUR
A2: Date: | B2: =$A$9 -> 24/09/2023 00:15 | C2: Power Off | G2: Pw.Off | J2: Link Fail | L2: Link F | N2: Maintenance | P2: Maint.
A3: Report Type: | B3: Mean | C3: Calibration | G3: Calib. | J3: Data Fail | L3: Data F | N3: Invalid | P3: Invalid
A4: Time Base: | B4: 15 Min | C4: Zero Referrence | G4: Z.Ref | J4: Warm Up | L4: Wm. Up
A7: Date & Time | B7: NO | C7: NO2 | D7: NOX | E7: SO2 | F7: O3 | G7: PM 10 | H7: PM 2.5 | I7: BENZ | J7: WS | K7: WD | L7: TEMP | M7: HUM | N7: SR | O7: RG | P7: CO | Q7: NH3
B8: ug/m3 | C8: ug/m3 | D8: ppb | E8: ug/m3 | F8: ug/m3 | G8: ug/m3 | H8: ug/m3 | I8: ug/m3 | J8: m/sec | K8: deg | L8: degreC | M8: % | N8: w/m2 | O8: mm | P8: mg/m3 | Q8: ug/m3
A9: 24/09/2023 00:15 | B9: 15.79 | C9: 19.78 | D9: 24.35 | E9: 7.7 | F9: 5.07 | G9: 11.15 | H9: 5.52 | I9: 3.7 | J9: 0.16 | K9: 254.77 | L9: 25.42 | M9: 97.45 | N9: 0 | O9: 0 | P9: 0.39 | Q9: 4.05
A10: 24/09/2023 00:30 | B10: 14.85 | C10: 18.6 | D10: 22.98 | E10: 7.4 | F10: 5.81 | G10: 11.77 | H10: 4.19 | I10: 3.66 | J10: 0.15 | K10: 243.46 | L10: 25.37 | M10: 97.01 | N10: 0 | O10: 0 | P10: 0.38 | Q10: 4.09
A11: 24/09/2023 00:45 | B11: 15.4 | C11: 20.68 | D11: 24.51 | E11: 7.52 | F11: 4.91 | G11: 11.87 | H11: 4.19 | I11: 3.56 | J11: 0.27 | K11: 259.04 | L11: 25.3 | M11: 97.09 | N11: 0 | O11: 0 | P11: 0.38 | Q11: 4.06
A12: 24/09/2023 01:00 | B12: 15.93 | C12: 22.78 | D12: 26.03 | E12: 8.44 | F12: 4.06 | G12: 11.87 | H12: 4.19 | I12: 3.41 | J12: 0.26 | K12: 255.23 | L12: 25.32 | M12: 97.39 | N12: 0 | O12: 0 | P12: 0.4 | Q12: 4.12
A13: 24/09/2023 01:15 | B13: 16.27 | C13: 21.21 | D13: 25.48 | E13: 7.79 | F13: 4.59 | G13: 11.87 | H13: 4.19 | I13: 3.61 | J13: 0.33 | K13: 264.22 | L13: 25.24 | M13: 98.5 | N13: 0 | O13: 0 | P13: 0.39 | Q13: 4.15
A14: 24/09/2023 01:30 | B14: 16.23 | C14: 20.72 | D14: 25.19 | E14: 7.81 | F14: 4.77 | G14: 10.61 | H14: 4.95 | I14: 3.64 | J14: 0.4 | K14: 265.41 | L14: 25.25 | M14: 98.61 | N14: 0 | O14: 0 | P14: 0.38 | Q14: 4.12
A15: 24/09/2023 01:45 | B15: 16.58 | C15: 22.76 | D15: 26.54 | E15: 8.27 | F15: 4.04 | G15: 10.4 | H15: 4.95 | I15: 3.56 | J15: 0.39 | K15: 265.8 | L15: 25.26 | M15: 98.31 | N15: 0 | O15: 0 | P15: 0.4 | Q15: 4.14
A16: 24/09/2023 02:00 | B16: 16.88 | C16: 21.38 | D16: 26.06 | E16: 8.08 | F16: 4.45 | G16: 10.4 | H16: 4.95 | I16: 3.55 | J16: 0.38 | K16: 261.58 | L16: 25.29 | M16: 97.68 | N16: 0 | O16: 0 | P16: 0.39 | Q16: 4.19
A17: 24/09/2023 02:15 | B17: 16.65 | C17: 19.87 | D17: 25.08 | E17: 7.28 | F17: 5.02 | G17: 10.4 | H17: 4.95 | I17: 3.58 | J17: 0.28 | K17: 264.47 | L17: 25.3 | M17: 98.08 | N17: 0 | O17: 0 | P17: 0.36 | Q17: 4.17
A18: 24/09/2023 02:30 | B18: 16.85 | C18: 21.48 | D18: 26.09 | E18: 8.76 | F18: 4.37 | G18: 12.97 | H18: 3.93 | I18: 3.5 | J18: 0.37 | K18: 261.37 | L18: 25.3 | M18: 97.68 | N18: 0 | O18: 0 | P18: 0.37 | Q18: 4.11
A19: 24/09/2023 02:45 | B19: 17.26 | C19: 22.38 | D19: 26.89 | E19: 8.92 | F19: 4.02 | G19: 13.41 | H19: 3.93 | I19: 3.4 | J19: 0.46 | K19: 263.13 | L19: 25.3 | M19: 97.55 | N19: 0 | O19: 0 | P19: 0.38 | Q19: 4.17
A20: 24/09/2023 03:00 | B20: 17.2 | C20: 20.83 | D20: 26.03 | E20: 8.89 | F20: 4.85 | G20: 13.41 | H20: 3.93 | I20: 3.51 | J20: 0.48 | K20: 266.55 | L20: 25.25 | M20: 97.51 | N20: 0 | O20: 0 | P20: 0.37 | Q20: 4.22
... A104: 24/09/2023 24:00 | B104: 14.86 | C104: 22.79 | D104: 25.17 | E104: 6.43 | F104: 4.15 | G104: 17.44 | H104: 6.75 | I104: 3.84 | J104: 0.1 | K104: 274.34 | L104: 24.96 | M104: 97.49 | N104: 0 | O104: 0 | P104: 0.54 | Q104: 4.06
A106: Min | B106: =MIN(B9:B104) -> 6.84 | C106: =MIN(C9:C104) -> 18.6 | D106: =MIN(D9:D104) -> 19.14 | E106: =MIN(E9:E104) -> 5.31 | F106: =MIN(F9:F104) -> 3.74 | G106: =MIN(G9:G104) -> 6.18 | H106: =MIN(H9:H104) -> 2.67 | I106: =MIN(I9:I104) -> 3 | ... Q106: =MIN(Q9:Q104) -> 3.6
A107: Max | B107: =MAX(B9:B104) -> 17.46 | C107: =MAX(C9:C104) -> 27.16 | D107: =MAX(D9:D104) -> 28.42 | E107: =MAX(E9:E104) -> 9.81 | F107: =MAX(F9:F104) -> 7.79 | G107: =MAX(G9:G104) -> 28.16 | H107: =MAX(H9:H104) -> 12.4 | I107: =MAX(I9:I104) -> 4.42 | ... Q107: =MAX(Q9:Q104) -> 4.27
A108: Avg | B108: =AVERAGE(B9:B104) -> 13.341979 | C108: =AVERAGE(C9:C104) -> 22.786979 | D108: =AVERAGE(D9:D104) -> 23.955833 | E108: =AVERAGE(E9:E104) -> 7.9188542 | F108: =AVERAGE(F9:F104) -> 4.9455208 | G108: =AVERAGE(G9:G104) -> 16.474063 | H108: =AVERAGE(H9:H104) -> 7.0546875 | I108: =AVERAGE(I9:I104) -> 3.6633333 | ... Q108: =AVERAGE(Q9:Q104) -> 3.9770833
A109: Stdev | B109: =STDEV(B9:B104) -> 3.4270336 | C109: =STDEV(C9:C104) -> 1.8840031 | D109: =STDEV(D9:D104) -> 2.7607122 | E109: =STDEV(E9:E104) -> 1.2794661 | F109: =STDEV(F9:F104) -> 0.91697313 | G109: =STDEV(G9:G104) -> 6.7734786 | H109: =STDEV(H9:H104) -> 3.0793793 | I109: =STDEV(I9:I104) -> 0.39462885 | ... Q109: =STDEV(Q9:Q104) -> 0.20986169
A110: Num | B110: =COUNT(B9:B104) -> 96 | C110: =COUNT(C9:C104) -> 96 | D110: =COUNT(D9:D104) -> 96 | E110: =COUNT(E9:E104) -> 96 | F110: =COUNT(F9:F104) -> 96 | G110: =COUNT(G9:G104) -> 96 | H110: =COUNT(H9:H104) -> 96 | I110: =COUNT(I9:I104) -> 96 | ... Q110: =COUNT(Q9:Q104) -> 96
A111: DCR | B111: =IF(B110>=87,">90%",IF(B110<=87,"<90%")) -> >90% | C111: =IF(C110>=87,">90%",IF(C110<=87,"<90%")) -> >90% | D111: =IF(D110>=87,">90%",IF(D110<=87,"<90%")) -> >90% | E111: =IF(E110>=87,">90%",IF(E110<=87,"<90%")) -> >90% | F111: =IF(F110>=87,">90%",IF(F110<=87,"<90%")) -> >90% | G111: =IF(G110>=87,">90%",IF(G110<=87,"<90%")) -> >90% | H111: =IF(H110>=87,">90%",IF(H110<=87,"<90%")) -> >90% | I111: =IF(I110>=87,">90%",IF(I110<=87,"<90%")) -> >90% | ... Q111: =IF(Q110>=87,">90%",IF(Q110<=87,"<90%")) -> >90%
A112: Status | B112: =IF(B110>=87,"OK",IF(B110<=87,"LESS")) -> OK | C112: =IF(C110>=87,"OK",IF(C110<=87,"LESS")) -> OK | D112: =IF(D110>=87,"OK",IF(D110<=87,"LESS")) -> OK | E112: =IF(E110>=87,"OK",IF(E110<=87,"LESS")) -> OK | F112: =IF(F110>=87,"OK",IF(F110<=87,"LESS")) -> OK | G112: =IF(G110>=87,"OK",IF(G110<=87,"LESS")) -> OK | H112: =IF(H110>=87,"OK",IF(H110<=87,"LESS")) -> OK | I112: =IF(I110>=87,"OK",IF(I110<=87,"LESS")) -> OK | ... Q112: =IF(Q110>=87,"OK",IF(Q110<=87,"LESS")) -> OK
A115: Done by | B115: AKASH
A117: Comment

Sheet 25
A1: Station: | B1: IGKV RAIPUR
A2: Date: | B2: =$A$9 -> 25/09/2023 00:15 | C2: Power Off | G2: Pw.Off | J2: Link Fail | L2: Link F | N2: Maintenance | P2: Maint.
A3: Report Type: | B3: Mean | C3: Calibration | G3: Calib. | J3: Data Fail | L3: Data F | N3: Invalid | P3: Invalid
A4: Time Base: | B4: 15 Min | C4: Zero Referrence | G4: Z.Ref | J4: Warm Up | L4: Wm. Up
A7: Date & Time | B7: NO | C7: NO2 | D7: NOX | E7: SO2 | F7: O3 | G7: PM 10 | H7: PM 2.5 | I7: BENZ | J7: WS | K7: WD | L7: TEMP | M7: HUM | N7: SR | O7: RG | P7: CO | Q7: NH3
B8: ug/m3 | C8: ug/m3 | D8: ppb | E8: ug/m3 | F8: ug/m3 | G8: ug/m3 | H8: ug/m3 | I8: ug/m3 | J8: m/sec | K8: deg | L8: degreC | M8: % | N8: w/m2 | O8: mm | P8: mg/m3 | Q8: ug/m3
A9: 25/09/2023 00:15 | B9: 14.73 | C9: 22.36 | D9: 24.85 | E9: 5.94 | F9: 4.58 | G9: 17.44 | H9: 6.75 | I9: 3.94 | J9: 0.07 | K9: 217.3 | L9: 24.89 | M9: 97.9 | N9: 0 | O9: 0 | P9: 0.53 | Q9: 4.06
A10: 25/09/2023 00:30 | B10: 14.39 | C10: 22.57 | D10: 24.68 | E10: 6.09 | F10: 4.65 | G10: 17.61 | H10: 5.49 | I10: 3.92 | J10: 0.25 | K10: 259.36 | L10: 24.8 | M10: 98.06 | N10: 0 | O10: 0 | P10: 0.54 | Q10: 4.03
A11: 25/09/2023 00:45 | B11: 14.17 | C11: 22.96 | D11: 24.71 | E11: 5.84 | F11: 4.28 | G11: 17.63 | H11: 5.49 | I11: 3.81 | J11: 0.35 | K11: 262.06 | L11: 24.83 | M11: 97.88 | N11: 0 | O11: 0 | P11: 0.53 | Q11: 4.02
A12: 25/09/2023 01:00 | B12: 13.76 | C12: 23.27 | D12: 24.55 | E12: 5.57 | F12: 4.23 | G12: 17.63 | H12: 5.49 | I12: 3.74 | J12: 0.21 | K12: 260.76 | L12: 24.82 | M12: 98.46 | N12: 0 | O12: 0 | P12: 0.52 | Q12: 3.99
A13: 25/09/2023 01:15 | B13: 13.39 | C13: 23.31 | D13: 24.27 | E13: 5.4 | F13: 4.23 | G13: 17.63 | H13: 5.49 | I13: 3.69 | J13: 0.04 | K13: 177.22 | L13: 24.74 | M13: 98.75 | N13: 0 | O13: 0 | P13: 0.52 | Q13: 4.02
A14: 25/09/2023 01:30 | B14: 13.13 | C14: 23.72 | D14: 24.27 | E14: 5.86 | F14: 4.12 | G14: 14.89 | H14: 4.55 | I14: 3.6 | J14: 0.1 | K14: 179.33 | L14: 24.66 | M14: 98.53 | N14: 0 | O14: 0 | P14: 0.52 | Q14: 4.01
A15: 25/09/2023 01:45 | B15: 13.03 | C15: 23.78 | D15: 24.22 | E15: 5.53 | F15: 4.07 | G15: 14.42 | H15: 4.55 | I15: 3.56 | J15: 0.08 | K15: 213.17 | L15: 24.65 | M15: 98.2 | N15: 0 | O15: 0 | P15: 0.51 | Q15: 4.04
A16: 25/09/2023 02:00 | B16: 13 | C16: 23.61 | D16: 24.11 | E16: 6.18 | F16: 4.14 | G16: 14.42 | H16: 4.55 | I16: 3.51 | J16: 0.07 | K16: 132.13 | L16: 24.55 | M16: 98.07 | N16: 0 | O16: 0 | P16: 0.51 | Q16: 4.04
A17: 25/09/2023 02:15 | B17: 12.71 | C17: 24.04 | D17: 24.1 | E17: 7.79 | F17: 4.06 | G17: 14.42 | H17: 4.55 | I17: 3.43 | J17: 0.11 | K17: 182.57 | L17: 24.58 | M17: 97.85 | N17: 0 | O17: 0 | P17: 0.5 | Q17: 4.07
A18: 25/09/2023 02:30 | B18: 12.67 | C18: 24.1 | D18: 24.1 | E18: 9.08 | F18: 4.01 | G18: 11.52 | H18: 3.95 | I18: 3.38 | J18: 0.07 | K18: 175.93 | L18: 24.4 | M18: 98.12 | N18: 0 | O18: 0 | P18: 0.49 | Q18: 4.05
A19: 25/09/2023 02:45 | B19: 12.81 | C19: 24.05 | D19: 24.19 | E19: 9.49 | F19: 3.94 | G19: 11.03 | H19: 3.95 | I19: 3.35 | J19: 0.09 | K19: 167.22 | L19: 24.32 | M19: 98.34 | N19: 0 | O19: 0 | P19: 0.49 | Q19: 4.03
A20: 25/09/2023 03:00 | B20: 12.71 | C20: 24.03 | D20: 24.1 | E20: 9.44 | F20: 4.01 | G20: 11.03 | H20: 3.95 | I20: 3.35 | J20: 0.11 | K20: 152.68 | L20: 24.3 | M20: 98.91 | N20: 0 | O20: 0 | P20: 0.48 | Q20: 4.01
... A104: 25/09/2023 24:00 | B104: 22.4 | C104: 31.15 | D104: 35.59 | E104: 9.57 | F104: 3.93 | G104: 42.96 | H104: 13.74 | I104: 9.54 | J104: 0.06 | K104: 80.77 | L104: 24.8 | M104: 98.99 | N104: 0 | O104: 0 | P104: 0.9 | Q104: 4.74
A106: Min | B106: =MIN(B9:B104) -> 9.62 | C106: =MIN(C9:C104) -> 20.49 | D106: =MIN(D9:D104) -> 23.51 | E106: =MIN(E9:E104) -> 5.4 | F106: =MIN(F9:F104) -> 3.77 | G106: =MIN(G9:G104) -> 8.29 | H106: =MIN(H9:H104) -> 2.62 | I106: =MIN(I9:I104) -> 2.99 | ... Q106: =MIN(Q9:Q104) -> 3.84
A107: Max | B107: =MAX(B9:B104) -> 22.4 | C107: =MAX(C9:C104) -> 31.22 | D107: =MAX(D9:D104) -> 35.59 | E107: =MAX(E9:E104) -> 10.04 | F107: =MAX(F9:F104) -> 6.62 | G107: =MAX(G9:G104) -> 77.28 | H107: =MAX(H9:H104) -> 28.71 | I107: =MAX(I9:I104) -> 10.28 | ... Q107: =MAX(Q9:Q104) -> 4.74
A108: Avg | B108: =AVERAGE(B9:B104) -> 14.992604 | C108: =AVERAGE(C9:C104) -> 26.1825 | D108: =AVERAGE(D9:D104) -> 27.053438 | E108: =AVERAGE(E9:E104) -> 8.3219792 | F108: =AVERAGE(F9:F104) -> 4.4236458 | G108: =AVERAGE(G9:G104) -> 35.645833 | H108: =AVERAGE(H9:H104) -> 13.408438 | I108: =AVERAGE(I9:I104) -> 4.7064583 | ... Q108: =AVERAGE(Q9:Q104) -> 4.1484375
A109: Stdev | B109: =STDEV(B9:B104) -> 3.2085026 | C109: =STDEV(C9:C104) -> 2.8828301 | D109: =STDEV(D9:D104) -> 3.151577 | E109: =STDEV(E9:E104) -> 1.0591323 | F109: =STDEV(F9:F104) -> 0.55827765 | G109: =STDEV(G9:G104) -> 22.233218 | H109: =STDEV(H9:H104) -> 8.1003587 | I109: =STDEV(I9:I104) -> 1.9020344 | ... Q109: =STDEV(Q9:Q104) -> 0.20582736
A110: Num | B110: =COUNT(B9:B104) -> 96 | C110: =COUNT(C9:C104) -> 96 | D110: =COUNT(D9:D104) -> 96 | E110: =COUNT(E9:E104) -> 96 | F110: =COUNT(F9:F104) -> 96 | G110: =COUNT(G9:G104) -> 96 | H110: =COUNT(H9:H104) -> 96 | I110: =COUNT(I9:I104) -> 96 | ... Q110: =COUNT(Q9:Q104) -> 96
A111: DCR | B111: =IF(B110>=87,">90%",IF(B110<=87,"<90%")) -> >90% | C111: =IF(C110>=87,">90%",IF(C110<=87,"<90%")) -> >90% | D111: =IF(D110>=87,">90%",IF(D110<=87,"<90%")) -> >90% | E111: =IF(E110>=87,">90%",IF(E110<=87,"<90%")) -> >90% | F111: =IF(F110>=87,">90%",IF(F110<=87,"<90%")) -> >90% | G111: =IF(G110>=87,">90%",IF(G110<=87,"<90%")) -> >90% | H111: =IF(H110>=87,">90%",IF(H110<=87,"<90%")) -> >90% | I111: =IF(I110>=87,">90%",IF(I110<=87,"<90%")) -> >90% | ... Q111: =IF(Q110>=87,">90%",IF(Q110<=87,"<90%")) -> >90%
A112: Status | B112: =IF(B110>=87,"OK",IF(B110<=87,"LESS")) -> OK | C112: =IF(C110>=87,"OK",IF(C110<=87,"LESS")) -> OK | D112: =IF(D110>=87,"OK",IF(D110<=87,"LESS")) -> OK | E112: =IF(E110>=87,"OK",IF(E110<=87,"LESS")) -> OK | F112: =IF(F110>=87,"OK",IF(F110<=87,"LESS")) -> OK | G112: =IF(G110>=87,"OK",IF(G110<=87,"LESS")) -> OK | H112: =IF(H110>=87,"OK",IF(H110<=87,"LESS")) -> OK | I112: =IF(I110>=87,"OK",IF(I110<=87,"LESS")) -> OK | ... Q112: =IF(Q110>=87,"OK",IF(Q110<=87,"LESS")) -> OK
A115: Done by | B115: AKASH
A117: Comment

Sheet 26
A1: Station: | B1: IGKV RAIPUR
A2: Date: | B2: =$A$9 -> 26/09/2023 00:15 | C2: Power Off | G2: Pw.Off | J2: Link Fail | L2: Link F | N2: Maintenance | P2: Maint.
A3: Report Type: | B3: Mean | C3: Calibration | G3: Calib. | J3: Data Fail | L3: Data F | N3: Invalid | P3: Invalid
A4: Time Base: | B4: 15 Min | C4: Zero Referrence | G4: Z.Ref | J4: Warm Up | L4: Wm. Up
A7: Date & Time | B7: NO | C7: NO2 | D7: NOX | E7: SO2 | F7: O3 | G7: PM 10 | H7: PM 2.5 | I7: BENZ | J7: WS | K7: WD | L7: TEMP | M7: HUM | N7: SR | O7: RG | P7: CO | Q7: NH3
B8: ug/m3 | C8: ug/m3 | D8: ppb | E8: ug/m3 | F8: ug/m3 | G8: ug/m3 | H8: ug/m3 | I8: ug/m3 | J8: m/sec | K8: deg | L8: degreC | M8: % | N8: w/m2 | O8: mm | P8: mg/m3 | Q8: ug/m3
A9: 26/09/2023 00:15 | B9: 23.89 | C9: 30.97 | D9: 36.69 | E9: 9.73 | F9: 3.94 | G9: 42.96 | H9: 13.74 | I9: 9.43 | J9: 0.13 | K9: 172.08 | L9: 24.76 | M9: 98.25 | N9: 0 | O9: 0 | P9: 0.91 | Q9: 4.78
A10: 26/09/2023 00:30 | B10: 23.95 | C10: 31.75 | D10: 37.15 | E10: 9.6 | F10: 3.84 | G10: 47.14 | H10: 16.6 | I10: 9.4 | J10: 0.12 | K10: 202.46 | L10: 24.61 | M10: 99.89 | N10: 0 | O10: 0 | P10: 0.92 | Q10: 4.81
A11: 26/09/2023 00:45 | B11: 24.02 | C11: 31.73 | D11: 37.19 | E11: 9.55 | F11: 3.91 | G11: 47.85 | H11: 16.6 | I11: 9.31 | J11: 0.06 | K11: 196.24 | L11: 24.67 | M11: 100.45 | N11: 0 | O11: 0 | P11: 0.92 | Q11: 4.81
A12: 26/09/2023 01:00 | B12: 23.9 | C12: 31.38 | D12: 36.91 | E12: 9.72 | F12: 3.81 | G12: 47.85 | H12: 16.6 | I12: 9.27 | J12: 0.07 | K12: 153.36 | L12: 24.62 | M12: 99.82 | N12: 0 | O12: 0 | P12: 0.92 | Q12: 4.83
A13: 26/09/2023 01:15 | B13: 24.48 | C13: 31.13 | D13: 37.25 | E13: 9.83 | F13: 3.95 | G13: 47.85 | H13: 16.6 | I13: 9.2 | J13: 0.03 | K13: 50.46 | L13: 24.6 | M13: 100.71 | N13: 0 | O13: 0 | P13: 0.9 | Q13: 4.83
A14: 26/09/2023 01:30 | B14: 25.78 | C14: 28.91 | D14: 37.13 | E14: 9.6 | F14: 4.72 | G14: 42.82 | H14: 16.06 | I14: 9.14 | J14: 0.07 | K14: 29.54 | L14: 24.59 | M14: 100.34 | N14: 0 | O14: 0 | P14: 0.9 | Q14: 4.89
A15: 26/09/2023 01:45 | B15: 26.84 | C15: 26.76 | D15: 36.86 | E15: 9.14 | F15: 4.75 | G15: 41.9 | H15: 16.06 | I15: 9.2 | J15: 0.07 | K15: 218.79 | L15: 24.58 | M15: 99.01 | N15: 0 | O15: 0 | P15: 0.87 | Q15: 4.87
A16: 26/09/2023 02:00 | B16: 27.42 | C16: 25.52 | D16: 36.67 | E16: 8.82 | F16: 4.52 | G16: 41.9 | H16: 16.06 | I16: 9.1 | J16: 0.04 | K16: 242.4 | L16: 24.61 | M16: 99.25 | N16: 0 | O16: 0 | P16: 0.86 | Q16: 4.88
A17: 26/09/2023 02:15 | B17: 27.51 | C17: 27.2 | D17: 37.62 | E17: 5.7 | F17: 3.88 | G17: 41.9 | H17: 16.06 | I17: 9.05 | J17: 0.18 | K17: 174.17 | L17: 24.62 | M17: 98.26 | N17: 0 | O17: 0 | P17: 0.87 | Q17: 4.83
A18: 26/09/2023 02:30 | B18: 27.83 | C18: 27.23 | D18: 37.9 | E18: 6.78 | F18: 4.03 | G18: 46.65 | H18: 15.69 | I18: 9 | J18: 0.07 | K18: 169.2 | L18: 24.72 | M18: 97.8 | N18: 0 | O18: 0 | P18: 0.88 | Q18: 4.93
A19: 26/09/2023 02:45 | B19: 28.07 | C19: 25.46 | D19: 37.16 | E19: 6.61 | F19: 4.43 | G19: 47.52 | H19: 15.69 | I19: 9 | J19: 0.12 | K19: 161.74 | L19: 24.59 | M19: 97.93 | N19: 0 | O19: 0 | P19: 0.86 | Q19: 4.9
A20: 26/09/2023 03:00 | B20: 27.93 | C20: 26.48 | D20: 37.58 | E20: 6.56 | F20: 4.07 | G20: 47.52 | H20: 15.69 | I20: 8.9 | J20: 0.1 | K20: 171.57 | L20: 24.59 | M20: 98.06 | N20: 0 | O20: 0 | P20: 0.87 | Q20: 4.86
... A104: 26/09/2023 24:00 | B104: 14.16 | C104: 23.63 | D104: 25.05 | E104: 6.43 | F104: 4.17 | G104: 11.37 | H104: 6.62 | I104: 4.37 | J104: 0.09 | K104: 178.01 | L104: 24.71 | M104: 99.98 | N104: 0 | O104: 0 | P104: 0.45 | Q104: 4.06
A106: Min | B106: =MIN(B9:B104) -> 9.25 | C106: =MIN(C9:C104) -> 20.44 | D106: =MIN(D9:D104) -> 21.23 | E106: =MIN(E9:E104) -> 4.1 | F106: =MIN(F9:F104) -> 3.78 | G106: =MIN(G9:G104) -> 11.37 | H106: =MIN(H9:H104) -> 5.46 | I106: =MIN(I9:I104) -> 4.31 | ... Q106: =MIN(Q9:Q104) -> 3.84
A107: Max | B107: =MAX(B9:B104) -> 30.32 | C107: =MAX(C9:C104) -> 32.2 | D107: =MAX(D9:D104) -> 39.81 | E107: =MAX(E9:E104) -> 16.72 | F107: =MAX(F9:F104) -> 10.41 | G107: =MAX(G9:G104) -> 56.55 | H107: =MAX(H9:H104) -> 23.57 | I107: =MAX(I9:I104) -> 9.43 | ... Q107: =MAX(Q9:Q104) -> 5.12
A108: Avg | B108: =AVERAGE(B9:B104) -> 19.057396 | C108: =AVERAGE(C9:C104) -> 26.528229 | D108: =AVERAGE(D9:D104) -> 30.493437 | E108: =AVERAGE(E9:E104) -> 7.2467708 | F108: =AVERAGE(F9:F104) -> 5.1570833 | G108: =AVERAGE(G9:G104) -> 38.155625 | H108: =AVERAGE(H9:H104) -> 15.5025 | I108: =AVERAGE(I9:I104) -> 6.7226042 | ... Q108: =AVERAGE(Q9:Q104) -> 4.4117708
A109: Stdev | B109: =STDEV(B9:B104) -> 7.6162349 | C109: =STDEV(C9:C104) -> 2.5483877 | D109: =STDEV(D9:D104) -> 6.6897157 | E109: =STDEV(E9:E104) -> 2.1460497 | F109: =STDEV(F9:F104) -> 1.7174595 | G109: =STDEV(G9:G104) -> 14.483081 | H109: =STDEV(H9:H104) -> 5.6450192 | I109: =STDEV(I9:I104) -> 1.7813438 | ... Q109: =STDEV(Q9:Q104) -> 0.47134521
A110: Num | B110: =COUNT(B9:B104) -> 96 | C110: =COUNT(C9:C104) -> 96 | D110: =COUNT(D9:D104) -> 96 | E110: =COUNT(E9:E104) -> 96 | F110: =COUNT(F9:F104) -> 96 | G110: =COUNT(G9:G104) -> 96 | H110: =COUNT(H9:H104) -> 96 | I110: =COUNT(I9:I104) -> 96 | ... Q110: =COUNT(Q9:Q104) -> 96
A111: DCR | B111: =IF(B110>=87,">90%",IF(B110<=87,"<90%")) -> >90% | C111: =IF(C110>=87,">90%",IF(C110<=87,"<90%")) -> >90% | D111: =IF(D110>=87,">90%",IF(D110<=87,"<90%")) -> >90% | E111: =IF(E110>=87,">90%",IF(E110<=87,"<90%")) -> >90% | F111: =IF(F110>=87,">90%",IF(F110<=87,"<90%")) -> >90% | G111: =IF(G110>=87,">90%",IF(G110<=87,"<90%")) -> >90% | H111: =IF(H110>=87,">90%",IF(H110<=87,"<90%")) -> >90% | I111: =IF(I110>=87,">90%",IF(I110<=87,"<90%")) -> >90% | ... Q111: =IF(Q110>=87,">90%",IF(Q110<=87,"<90%")) -> >90%
A112: Status | B112: =IF(B110>=87,"OK",IF(B110<=87,"LESS")) -> OK | C112: =IF(C110>=87,"OK",IF(C110<=87,"LESS")) -> OK | D112: =IF(D110>=87,"OK",IF(D110<=87,"LESS")) -> OK | E112: =IF(E110>=87,"OK",IF(E110<=87,"LESS")) -> OK | F112: =IF(F110>=87,"OK",IF(F110<=87,"LESS")) -> OK | G112: =IF(G110>=87,"OK",IF(G110<=87,"LESS")) -> OK | H112: =IF(H110>=87,"OK",IF(H110<=87,"LESS")) -> OK | I112: =IF(I110>=87,"OK",IF(I110<=87,"LESS")) -> OK | ... Q112: =IF(Q110>=87,"OK",IF(Q110<=87,"LESS")) -> OK
A115: Done by | B115: AKASH
A117: Comment

Sheet 27
A1: Station: | B1: IGKV RAIPUR
A2: Date: | B2: =$A$9 -> 27/09/2023 00:15 | C2: Power Off | G2: Pw.Off | J2: Link Fail | L2: Link F | N2: Maintenance | P2: Maint.
A3: Report Type: | B3: Mean | C3: Calibration | G3: Calib. | J3: Data Fail | L3: Data F | N3: Invalid | P3: Invalid
A4: Time Base: | B4: 15 Min | C4: Zero Referrence | G4: Z.Ref | J4: Warm Up | L4: Wm. Up
A7: Date & Time | B7: NO | C7: NO2 | D7: NOX | E7: SO2 | F7: O3 | G7: PM 10 | H7: PM 2.5 | I7: BENZ | J7: WS | K7: WD | L7: TEMP | M7: HUM | N7: SR | O7: RG | P7: CO | Q7: NH3
B8: ug/m3 | C8: ug/m3 | D8: ppb | E8: ug/m3 | F8: ug/m3 | G8: ug/m3 | H8: ug/m3 | I8: ug/m3 | J8: m/sec | K8: deg | L8: degreC | M8: % | N8: w/m2 | O8: mm | P8: mg/m3 | Q8: ug/m3
A9: 27/09/2023 00:15 | B9: 14.32 | C9: 21.5 | D9: 24.07 | E9: 6.6 | F9: 4.72 | G9: 11.37 | H9: 6.62 | I9: 4.49 | J9: 0.14 | K9: 170.93 | L9: 24.71 | M9: 99.24 | N9: 0 | O9: 0 | P9: 0.42 | Q9: 4.04
A10: 27/09/2023 00:30 | B10: 14.42 | C10: 22.39 | D10: 24.61 | E10: 5.76 | F10: 4.51 | G10: 14.25 | H10: 5.13 | I10: 4.46 | J10: 0.12 | K10: 194.98 | L10: 24.68 | M10: 98.28 | N10: 0 | O10: 0 | P10: 0.43 | Q10: 4.03
A11: 27/09/2023 00:45 | B11: 14.93 | C11: 24.43 | D11: 26.09 | E11: 6.35 | F11: 3.8 | G11: 14.73 | H11: 5.13 | I11: 4.36 | J11: 0.13 | K11: 164.36 | L11: 24.58 | M11: 98.5 | N11: 0 | O11: 0 | P11: 0.45 | Q11: 4.08
A12: 45196.042 | B12: 15.39 | C12: 22.83 | D12: 25.62 | E12: 6.8 | F12: 4.32 | G12: 14.73 | H12: 5.13 | I12: 4.44 | J12: 0.07 | K12: 164.83 | L12: 24.58 | M12: 98.84 | N12: 0 | O12: 0 | P12: 0.42 | Q12: 4.16
A13: 27/09/2023 01:15 | B13: 15.61 | C13: 22.04 | D13: 25.39 | E13: 6.44 | F13: 4.34 | G13: 14.73 | H13: 5.13 | I13: 4.48 | J13: 0.01 | K13: 49.33 | L13: 24.62 | M13: 99.03 | N13: 0 | O13: 0 | P13: 0.42 | Q13: 4.14
A14: 27/09/2023 01:30 | B14: 16.26 | C14: 24.47 | D14: 27.18 | E14: 6.65 | F14: 3.71 | G14: 13.24 | H14: 5.41 | I14: 4.42 | J14: 0.13 | K14: 191.74 | L14: 24.58 | M14: 99.15 | N14: 0 | O14: 0 | P14: 0.45 | Q14: 4.15
A15: 27/09/2023 01:45 | B15: 17.28 | C15: 25.39 | D15: 28.47 | E15: 6.52 | F15: 3.88 | G15: 12.99 | H15: 5.41 | I15: 4.47 | J15: 0.06 | K15: 140.21 | L15: 24.7 | M15: 98.75 | N15: 0 | O15: 0 | P15: 0.46 | Q15: 4.26
A16: 27/09/2023 02:00 | B16: 18.54 | C16: 25.95 | D16: 29.78 | E16: 6.38 | F16: 3.83 | G16: 12.99 | H16: 5.41 | I16: 4.58 | J16: 0.06 | K16: 138.22 | L16: 24.8 | M16: 97.61 | N16: 0 | O16: 0 | P16: 0.47 | Q16: 4.33
A17: 27/09/2023 02:15 | B17: 19.79 | C17: 26.84 | D17: 31.24 | E17: 7.05 | F17: 3.95 | G17: 12.99 | H17: 5.41 | I17: 4.57 | J17: 0.12 | K17: 164.99 | L17: 24.89 | M17: 97.24 | N17: 0 | O17: 0 | P17: 0.49 | Q17: 4.45
A18: 27/09/2023 02:30 | B18: 20.77 | C18: 27.68 | D18: 32.47 | E18: 7.79 | F18: 3.93 | G18: 21.21 | H18: 4.17 | I18: 4.55 | J18: 0.06 | K18: 69.31 | L18: 24.83 | M18: 98.61 | N18: 0 | O18: 0 | P18: 0.49 | Q18: 4.52
A19: 27/09/2023 02:45 | B19: 21.66 | C19: 27.78 | D19: 33.23 | E19: 8.63 | F19: 3.96 | G19: 22.73 | H19: 4.17 | I19: 4.59 | J19: 0.15 | K19: 154.78 | L19: 24.97 | M19: 97.35 | N19: 0 | O19: 0 | P19: 0.49 | Q19: 4.61
A20: 27/09/2023 03:00 | B20: 21.98 | C20: 27.84 | D20: 33.53 | E20: 8.08 | F20: 4.01 | G20: 22.73 | H20: 4.17 | I20: 4.56 | J20: 0.12 | K20: 154.66 | L20: 24.96 | M20: 97.82 | N20: 0 | O20: 0 | P20: 0.49 | Q20: 4.64
A21: 27/09/2023 03:15 | B21: 21.98 | C21: 28.23 | D21: 33.73 | E21: 7.95 | F21: 3.95 | G21: 22.73 | H21: 4.17 | I21: 4.57 | J21: 0.14 | K21: 136.96 | L21: 24.91 | M21: 98.43 | N21: 0 | O21: 0 | P21: 0.49 | Q21: 4.66
A22: 27/09/2023 03:30 | B22: 22.42 | C22: 28.62 | D22: 34.28 | E22: 8.33 | F22: 3.89 | G22: 21.75 | H22: 5.75 | I22: 4.58 | J22: 0.15 | K22: 108.91 | L22: 24.9 | M22: 98.85 | N22: 0 | O22: 0 | P22: 0.5 | Q22: 4.66
A23: 27/09/2023 03:45 | B23: 22.73 | C23: 28.85 | D23: 34.65 | E23: 8.19 | F23: 3.95 | G23: 21.58 | H23: 5.75 | I23: 4.58 | J23: 0.09 | K23: 83.14 | L23: 24.79 | M23: 99.1 | N23: 0 | O23: 0 | P23: 0.5 | Q23: 4.69
A24: 27/09/2023 04:00 | B24: 22.96 | C24: 28.87 | D24: 34.85 | E24: 8.87 | F24: 3.92 | G24: 21.58 | H24: 5.75 | I24: 4.54 | J24: 0.17 | K24: 149.03 | L24: 24.85 | M24: 99.25 | N24: 0 | O24: 0 | P24: 0.5 | Q24: 4.73
... A56: 27/09/2023 12:00 | B56: 18.14 | C56: 28.02 | D56: 30.54 | E56: 10.31 | F56: 6.62 | G56: 60.7 | H56: 21.35 | I56: 4.93 | J56: 0.62 | K56: 32.81 | L56: 31.84 | M56: 67.68 | N56: 711.4 | O56: 0 | P56: 0.57 | Q56: 4.32
A57: 27/09/2023 12:15 | B57: Calib. | C57: Calib. | D57: Calib. | E57: Calib. | F57: Calib. | G57: Calib. | H57: Calib. | I57: 4.79 | J57: 0.39 | K57: 65.56 | L57: 31.75 | M57: 66.81 | N57: 530.9 | O57: 0 | P57: Calib. | Q57: 4.27
A58: 27/09/2023 12:30 | B58: Calib. | C58: Calib. | D58: Calib. | E58: Calib. | F58: Calib. | G58: Calib. | H58: Calib. | I58: 4.6 | J58: 0.65 | K58: 36.1 | L58: 31.66 | M58: 69 | N58: 556.3 | O58: 0 | P58: Calib. | Q58: 4.25
A59: 27/09/2023 12:45 | B59: Calib. | C59: Calib. | D59: Calib. | E59: Calib. | F59: 8.51 | G59: Calib. | H59: Calib. | I59: 5.57 | J59: 0.36 | K59: 45.09 | L59: 31.7 | M59: 71.45 | N59: 434.9 | O59: 0 | P59: 0.52 | Q59: 4.26
A60: 27/09/2023 13:00 | B60: Calib. | C60: Calib. | D60: Calib. | E60: Calib. | F60: 15.97 | G60: Calib. | H60: Calib. | I60: 11.17 | J60: 0.28 | K60: 33.06 | L60: 31.61 | M60: 71 | N60: 322 | O60: 0 | P60: 0.61 | Q60: 4.19
A61: 27/09/2023 13:15 | B61: Calib. | C61: Calib. | D61: Calib. | E61: Calib. | F61: 23.4 | G61: Calib. | H61: Calib. | I61: 16.55 | J61: 0.23 | K61: 43.21 | L61: 32.01 | M61: 68.8 | N61: 413.5 | O61: 0 | P61: 0.58 | Q61: 3.97
A62: 27/09/2023 13:30 | B62: 4.65 | C62: 23.66 | D62: 17.44 | E62: Calib. | F62: 22.84 | G62: Calib. | H62: Calib. | I62: 19.17 | J62: 0.09 | K62: 62.12 | L62: 31.96 | M62: 68.57 | N62: 466 | O62: 0 | P62: 0.56 | Q62: 3.77
A63: 27/09/2023 13:45 | B63: 5.12 | C63: 25.11 | D63: 18.58 | E63: Calib. | F63: 23.15 | G63: Calib. | H63: Calib. | I63: 27.44 | J63: 0.24 | K63: 39.95 | L63: 32.15 | M63: 68.32 | N63: 234 | O63: 0 | P63: 0.56 | Q63: 3.63
A64: 27/09/2023 14:00 | B64: 6.47 | C64: 25 | D64: 19.6 | E64: Calib. | F64: 23.86 | G64: 47.2 | H64: 13.08 | I64: 37.22 | J64: 0.29 | K64: 35.94 | L64: 31.29 | M64: 72.46 | N64: 120.4 | O64: 0 | P64: 0.56 | Q64: 3.56
A65: 27/09/2023 14:15 | B65: 5.81 | C65: 25.15 | D65: 19.15 | E65: Calib. | F65: 27.45 | G65: 47.2 | H65: 13.08 | I65: 45.07 | J65: 0.19 | K65: 7.39 | L65: 31.03 | M65: 72.01 | N65: 144.7 | O65: 0 | P65: 0.52 | Q65: 3.52
A66: 27/09/2023 14:30 | B66: 5.63 | C66: 25.34 | D66: 19.1 | E66: 17.46 | F66: 23.68 | G66: 47.2 | H66: 13.08 | I66: 53.58 | J66: 0.19 | K66: 65.57 | L66: 31.17 | M66: 72.55 | N66: 209.5 | O66: 0 | P66: 0.56 | Q66: 3.52
A67: 27/09/2023 14:45 | B67: 4.67 | C67: 27.68 | D67: 19.56 | E67: 11.97 | F67: 7.91 | G67: 47.36 | H67: 14.18 | I67: 59.17 | J67: 0.2 | K67: 21.9 | L67: 31.45 | M67: 70.76 | N67: 154.6 | O67: 0 | P67: 0.55 | Q67: 3.51
A68: 27/09/2023 15:00 | B68: 4.89 | C68: 30.25 | D68: 21.08 | E68: 10.68 | F68: 6.69 | G68: 47.88 | H68: 16.78 | I68: 80.34 | J68: 0.28 | K68: 60.66 | L68: 30.75 | M68: 71.84 | N68: 50.5 | O68: 0 | P68: 0.59 | Q68: 3.56
A69: 27/09/2023 15:15 | B69: 6.91 | C69: 31.21 | D69: 23.2 | E69: 12.89 | F69: 6.96 | G69: 47.88 | H69: 16.78 | I69: 138.31 | J69: 0.26 | K69: 48.26 | L69: 30.47 | M69: 73 | N69: 47.9 | O69: 0 | P69: 0.59 | Q69: 3.65
A70: 27/09/2023 15:30 | B70: 7.32 | C70: 32.18 | D70: 24.03 | E70: 11.41 | F70: 7.62 | G70: 47.88 | H70: 16.78 | I70: 124.73 | J70: 0.34 | K70: 44.47 | L70: 30.1 | M70: 76.59 | N70: 37.6 | O70: 0 | P70: 0.63 | Q70: 3.69
A71: 27/09/2023 15:45 | B71: 8.07 | C71: 31.38 | D71: 24.22 | E71: 11.51 | F71: 7.63 | G71: 51.42 | H71: 18.29 | I71: 120.69 | J71: 0.27 | K71: 27.94 | L71: 29.92 | M71: 79.98 | N71: 30.5 | O71: 0 | P71: 0.62 | Q71: 3.72
A72: 27/09/2023 16:00 | B72: 8.23 | C72: 32.4 | D72: 24.87 | E72: 10.63 | F72: 8.17 | G72: 63.07 | H72: 21.83 | I72: 108.66 | J72: 0.23 | K72: 29.89 | L72: 29.78 | M72: 80.31 | N72: 28.7 | O72: 0 | P72: 0.66 | Q72: 3.79
A73: 27/09/2023 16:15 | B73: 8.51 | C73: 31.04 | D73: 24.4 | E73: 10.73 | F73: 7.64 | G73: 63.07 | H73: 21.83 | I73: 110.01 | J73: 0.1 | K73: 55.52 | L73: 29.77 | M73: 81.8 | N73: 36.4 | O73: 0 | P73: 0.64 | Q73: 3.83
A74: 27/09/2023 16:30 | B74: 8.75 | C74: 32.11 | D74: 25.14 | E74: 10.63 | F74: 6.89 | G74: 63.07 | H74: 21.83 | I74: 100.44 | J74: 0.1 | K74: 80.7 | L74: 29.76 | M74: 79.4 | N74: 40 | O74: 0 | P74: 0.68 | Q74: 3.8
A75: 27/09/2023 16:45 | B75: 8.64 | C75: 29.68 | D75: 23.79 | E75: 12.39 | F75: 14.37 | G75: 64.19 | H75: 24.12 | I75: 100.7 | J75: 0.23 | K75: 161.9 | L75: 29.69 | M75: 83.32 | N75: 47.7 | O75: 0 | P75: 0.66 | Q75: 3.81
A76: 27/09/2023 17:00 | B76: 8.45 | C76: 26.48 | D76: 21.96 | E76: 13.81 | F76: 15.12 | G76: 68.12 | H76: 29.5 | I76: 93.66 | J76: 0.22 | K76: 163.85 | L76: 29.75 | M76: 83.68 | N76: 51.3 | O76: 0 | P76: 0.66 | Q76: 3.82
A77: 27/09/2023 17:15 | B77: 8.42 | C77: 24.51 | D77: 20.91 | E77: 14.59 | F77: 17.24 | G77: 68.12 | H77: 29.5 | I77: 82.81 | J77: 0.15 | K77: 154.64 | L77: 29.57 | M77: 86.6 | N77: 37.9 | O77: 0 | P77: 0.66 | Q77: 3.81
... A104: 27/09/2023 24:00 | B104: 15.2 | C104: 30.19 | D104: 29.31 | E104: 6.62 | F104: 2.5 | G104: 54.38 | H104: 30.37 | I104: 40.27 | J104: 0.09 | K104: 186.89 | L104: 26.4 | M104: 101.14 | N104: 0 | O104: 0 | P104: 0.89 | Q104: 4.15
A106: Min | B106: =MIN(B9:B104) -> 4.65 | C106: =MIN(C9:C104) -> 20.11 | D106: =MIN(D9:D104) -> 17.44 | E106: =MIN(E9:E104) -> 5.63 | F106: =MIN(F9:F104) -> 2.5 | G106: =MIN(G9:G104) -> 11.37 | H106: =MIN(H9:H104) -> 4.17 | I106: =MIN(I9:I104) -> 4.36 | ... Q106: =MIN(Q9:Q104) -> 3.51
A107: Max | B107: =MAX(B9:B104) -> 26.92 | C107: =MAX(C9:C104) -> 36.21 | D107: =MAX(D9:D104) -> 37.79 | E107: =MAX(E9:E104) -> 17.46 | F107: =MAX(F9:F104) -> 27.45 | G107: =MAX(G9:G104) -> 70.75 | H107: =MAX(H9:H104) -> 32.11 | I107: =MAX(I9:I104) -> 138.31 | ... Q107: =MAX(Q9:Q104) -> 4.9
A108: Avg | B108: =AVERAGE(B9:B104) -> 16.502527 | C108: =AVERAGE(C9:C104) -> 27.233407 | D108: =AVERAGE(D9:D104) -> 28.812967 | E108: =AVERAGE(E9:E104) -> 8.9267816 | F108: =AVERAGE(F9:F104) -> 7.4067021 | G108: =AVERAGE(G9:G104) -> 45.05764 | H108: =AVERAGE(H9:H104) -> 17.63618 | I108: =AVERAGE(I9:I104) -> 31.679271 | ... Q108: =AVERAGE(Q9:Q104) -> 4.2317708
A109: Stdev | B109: =STDEV(B9:B104) -> 7.0477283 | C109: =STDEV(C9:C104) -> 3.4135814 | D109: =STDEV(D9:D104) -> 6.0590492 | E109: =STDEV(E9:E104) -> 2.4069379 | F109: =STDEV(F9:F104) -> 5.7478803 | G109: =STDEV(G9:G104) -> 19.292437 | H109: =STDEV(H9:H104) -> 10.336121 | I109: =STDEV(I9:I104) -> 34.732113 | ... Q109: =STDEV(Q9:Q104) -> 0.43457419
A110: Num | B110: 96 | C110: 96 | D110: 96 | E110: 96 | F110: 96 | G110: 96 | H110: 96 | I110: 96 | J110: 96 | K110: 96 | L110: 96 | M110: 96 | N110: 96 | O110: 96 | P110: 96 | Q110: 96
A111: DCR | B111: =IF(B110>=87,">90%",IF(B110<=87,"<90%")) -> >90% | C111: =IF(C110>=87,">90%",IF(C110<=87,"<90%")) -> >90% | D111: =IF(D110>=87,">90%",IF(D110<=87,"<90%")) -> >90% | E111: =IF(E110>=87,">90%",IF(E110<=87,"<90%")) -> >90% | F111: =IF(F110>=87,">90%",IF(F110<=87,"<90%")) -> >90% | G111: =IF(G110>=87,">90%",IF(G110<=87,"<90%")) -> >90% | H111: =IF(H110>=87,">90%",IF(H110<=87,"<90%")) -> >90% | I111: =IF(I110>=87,">90%",IF(I110<=87,"<90%")) -> >90% | ... Q111: =IF(Q110>=87,">90%",IF(Q110<=87,"<90%")) -> >90%
A112: Status | B112: =IF(B110>=87,"OK",IF(B110<=87,"LESS")) -> OK | C112: =IF(C110>=87,"OK",IF(C110<=87,"LESS")) -> OK | D112: =IF(D110>=87,"OK",IF(D110<=87,"LESS")) -> OK | E112: =IF(E110>=87,"OK",IF(E110<=87,"LESS")) -> OK | F112: =IF(F110>=87,"OK",IF(F110<=87,"LESS")) -> OK | G112: =IF(G110>=87,"OK",IF(G110<=87,"LESS")) -> OK | H112: =IF(H110>=87,"OK",IF(H110<=87,"LESS")) -> OK | I112: =IF(I110>=87,"OK",IF(I110<=87,"LESS")) -> OK | ... Q112: =IF(Q110>=87,"OK",IF(Q110<=87,"LESS")) -> OK
A115: Done by | B115: AKASH
A117: Comment

Sheet 28
A1: Station: | B1: IGKV RAIPUR
A2: Date: | B2: =$A$9 -> 28/09/2023 00:15 | C2: Power Off | G2: Pw.Off | J2: Link Fail | L2: Link F | N2: Maintenance | P2: Maint.
A3: Report Type: | B3: Mean | C3: Calibration | G3: Calib. | J3: Data Fail | L3: Data F | N3: Invalid | P3: Invalid
A4: Time Base: | B4: 15 Min | C4: Zero Referrence | G4: Z.Ref | J4: Warm Up | L4: Wm. Up
A7: Date & Time | B7: NO | C7: NO2 | D7: NOX | E7: SO2 | F7: O3 | G7: PM 10 | H7: PM 2.5 | I7: BENZ | J7: WS | K7: WD | L7: TEMP | M7: HUM | N7: SR | O7: RG | P7: CO | Q7: NH3
B8: ug/m3 | C8: ug/m3 | D8: ppb | E8: ug/m3 | F8: ug/m3 | G8: ug/m3 | H8: ug/m3 | I8: ug/m3 | J8: m/sec | K8: deg | L8: degreC | M8: % | N8: w/m2 | O8: mm | P8: mg/m3 | Q8: ug/m3
A9: 28/09/2023 00:15 | B9: 14.52 | C9: 28.99 | D9: 28.14 | E9: 6.77 | F9: 2.91 | G9: 54.38 | H9: 30.37 | I9: 38.79 | J9: 0.1 | K9: 179.13 | L9: 26.36 | M9: 99.73 | N9: 0 | O9: 0 | P9: 0.87 | Q9: 4.19
A10: 28/09/2023 00:30 | B10: 14.98 | C10: 29.67 | D10: 28.86 | E10: 6.62 | F10: 2.57 | G10: 54.38 | H10: 30.37 | I10: 37.72 | J10: 0.12 | K10: 173.72 | L10: 26.44 | M10: 98.59 | N10: 0 | O10: 0 | P10: 0.89 | Q10: 4.18
A11: 28/09/2023 00:45 | B11: 15.7 | C11: 30.11 | D11: 29.67 | E11: 6.23 | F11: 2.62 | G11: 54.82 | H11: 29.68 | I11: 36.47 | J11: 0.12 | K11: 184.1 | L11: 26.42 | M11: 98.78 | N11: 0 | O11: 0 | P11: 0.91 | Q11: 4.21
A12: 28/09/2023 01:00 | B12: 16.37 | C12: 29.66 | D12: 29.97 | E12: 6.66 | F12: 2.98 | G12: 56.36 | H12: 26.43 | I12: 35.14 | J12: 0.14 | K12: 181.25 | L12: 26.41 | M12: 98.33 | N12: 0 | O12: 0 | P12: 0.92 | Q12: 4.28
A13: 28/09/2023 01:15 | B13: 16.89 | C13: 30.14 | D13: 30.64 | E13: 6.71 | F13: 2.56 | G13: 56.36 | H13: 26.43 | I13: 32.21 | J13: 0.19 | K13: 172.98 | L13: 26.49 | M13: 98.25 | N13: 0 | O13: 0 | P13: 0.92 | Q13: 4.31
A14: 28/09/2023 01:30 | B14: 17.16 | C14: 30.23 | D14: 30.91 | E14: 6.63 | F14: 2.46 | G14: 56.36 | H14: 26.43 | I14: 33.32 | J14: 0.06 | K14: 161.93 | L14: 26.35 | M14: 98.81 | N14: 0 | O14: 0 | P14: 0.93 | Q14: 4.33
A15: 28/09/2023 01:45 | B15: 17.39 | C15: 29.14 | D15: 30.52 | E15: 6.23 | F15: 2.87 | G15: 56.13 | H15: 26.09 | I15: 30.78 | J15: 0.11 | K15: 163.96 | L15: 26.27 | M15: 99.26 | N15: 0 | O15: 0 | P15: 0.92 | Q15: 4.35
A16: 28/09/2023 02:00 | B16: 17.65 | C16: 29.5 | D16: 30.92 | E16: 7.15 | F16: 2.61 | G16: 55.3 | H16: 25.24 | I16: 29.71 | J16: 0.07 | K16: 204.1 | L16: 26.12 | M16: 101.07 | N16: 0 | O16: 0 | P16: 0.92 | Q16: 4.37
A17: 28/09/2023 02:15 | B17: 17.76 | C17: 29.57 | D17: 31.04 | E17: 5.77 | F17: 2.4 | G17: 55.3 | H17: 25.24 | I17: 28.76 | J17: 0.09 | K17: 180.48 | L17: 26.09 | M17: 100.59 | N17: 0 | O17: 0 | P17: 0.91 | Q17: 4.37
A18: 28/09/2023 02:30 | B18: 18.04 | C18: 28.01 | D18: 30.45 | E18: 6.28 | F18: 2.71 | G18: 55.3 | H18: 25.24 | I18: 27.81 | J18: 0.16 | K18: 152.32 | L18: 26.08 | M18: 99.36 | N18: 0 | O18: 0 | P18: 0.89 | Q18: 4.37
A19: 28/09/2023 02:45 | B19: 18.17 | C19: 27.14 | D19: 30.11 | E19: 5.79 | F19: 2.92 | G19: 52.92 | H19: 24.81 | I19: 26.92 | J19: 0.11 | K19: 163.61 | L19: 26.04 | M19: 99.04 | N19: 0 | O19: 0 | P19: 0.88 | Q19: 4.39
A20: 28/09/2023 03:00 | B20: 18.66 | C20: 24.45 | D20: 29.09 | E20: 6.17 | F20: 3.48 | G20: 44.57 | H20: 23.82 | I20: 26.07 | J20: 0.07 | K20: 223.62 | L20: 25.93 | M20: 99 | N20: 0 | O20: 0 | P20: 0.85 | Q20: 4.4
... A104: 28/09/2023 24:00 | B104: 12.48 | C104: 17.85 | D104: 20.69 | E104: 7.94 | F104: 5.68 | G104: 47.17 | H104: 21.99 | I104: 6 | J104: 0.17 | K104: 163.07 | L104: 26.97 | M104: 96.83 | N104: 0 | O104: 0 | P104: 0.64 | Q104: 4.05
A106: Min | B106: =MIN(B9:B104) -> 9.67 | C106: =MIN(C9:C104) -> 17.85 | D106: =MIN(D9:D104) -> 20.69 | E106: =MIN(E9:E104) -> 4.63 | F106: =MIN(F9:F104) -> 2.4 | G106: =MIN(G9:G104) -> 33.17 | H106: =MIN(H9:H104) -> 17 | I106: =MIN(I9:I104) -> 6 | ... Q106: =MIN(Q9:Q104) -> 3.7
A107: Max | B107: =MAX(B9:B104) -> 22.34 | C107: =MAX(C9:C104) -> 33.05 | D107: =MAX(D9:D104) -> 35.86 | E107: =MAX(E9:E104) -> 23.5 | F107: =MAX(F9:F104) -> 18.47 | G107: =MAX(G9:G104) -> 129.3 | H107: =MAX(H9:H104) -> 31.53 | I107: =MAX(I9:I104) -> 38.79 | ... Q107: =MAX(Q9:Q104) -> 4.66
A108: Avg | B108: =AVERAGE(B9:B104) -> 15.148229 | C108: =AVERAGE(C9:C104) -> 27.172396 | D108: =AVERAGE(D9:D104) -> 27.695208 | E108: =AVERAGE(E9:E104) -> 8.2161458 | F108: =AVERAGE(F9:F104) -> 5.7684375 | G108: =AVERAGE(G9:G104) -> 55.112917 | H108: =AVERAGE(H9:H104) -> 25.811458 | I108: =AVERAGE(I9:I104) -> 14.993229 | ... Q108: =AVERAGE(Q9:Q104) -> 4.1711458
A109: Stdev | B109: =STDEV(B9:B104) -> 4.0976653 | C109: =STDEV(C9:C104) -> 3.8095334 | D109: =STDEV(D9:D104) -> 3.7970387 | E109: =STDEV(E9:E104) -> 3.0059041 | F109: =STDEV(F9:F104) -> 3.7644272 | G109: =STDEV(G9:G104) -> 18.276457 | H109: =STDEV(H9:H104) -> 3.8632789 | I109: =STDEV(I9:I104) -> 8.7331871 | ... Q109: =STDEV(Q9:Q104) -> 0.28239528
A110: Num | B110: =COUNT(B9:B104) -> 96 | C110: =COUNT(C9:C104) -> 96 | D110: =COUNT(D9:D104) -> 96 | E110: =COUNT(E9:E104) -> 96 | F110: =COUNT(F9:F104) -> 96 | G110: =COUNT(G9:G104) -> 96 | H110: =COUNT(H9:H104) -> 96 | I110: =COUNT(I9:I104) -> 96 | ... Q110: =COUNT(Q9:Q104) -> 96
A111: DCR | B111: =IF(B110>=87,">90%",IF(B110<=87,"<90%")) -> >90% | C111: =IF(C110>=87,">90%",IF(C110<=87,"<90%")) -> >90% | D111: =IF(D110>=87,">90%",IF(D110<=87,"<90%")) -> >90% | E111: =IF(E110>=87,">90%",IF(E110<=87,"<90%")) -> >90% | F111: =IF(F110>=87,">90%",IF(F110<=87,"<90%")) -> >90% | G111: =IF(G110>=87,">90%",IF(G110<=87,"<90%")) -> >90% | H111: =IF(H110>=87,">90%",IF(H110<=87,"<90%")) -> >90% | I111: =IF(I110>=87,">90%",IF(I110<=87,"<90%")) -> >90% | ... Q111: =IF(Q110>=87,">90%",IF(Q110<=87,"<90%")) -> >90%
A112: Status | B112: =IF(B110>=87,"OK",IF(B110<=87,"LESS")) -> OK | C112: =IF(C110>=87,"OK",IF(C110<=87,"LESS")) -> OK | D112: =IF(D110>=87,"OK",IF(D110<=87,"LESS")) -> OK | E112: =IF(E110>=87,"OK",IF(E110<=87,"LESS")) -> OK | F112: =IF(F110>=87,"OK",IF(F110<=87,"LESS")) -> OK | G112: =IF(G110>=87,"OK",IF(G110<=87,"LESS")) -> OK | H112: =IF(H110>=87,"OK",IF(H110<=87,"LESS")) -> OK | I112: =IF(I110>=87,"OK",IF(I110<=87,"LESS")) -> OK | ... Q112: =IF(Q110>=87,"OK",IF(Q110<=87,"LESS")) -> OK
A115: Done by | B115: AKASH
A117: Comment

Sheet 29
A1: Station: | B1: IGKV RAIPUR
A2: Date: | B2: =$A$9 -> 29/09/2023 00:15 | C2: Power Off | G2: Pw.Off | J2: Link Fail | L2: Link F | N2: Maintenance | P2: Maint.
A3: Report Type: | B3: Mean | C3: Calibration | G3: Calib. | J3: Data Fail | L3: Data F | N3: Invalid | P3: Invalid
A4: Time Base: | B4: 15 Min | C4: Zero Referrence | G4: Z.Ref | J4: Warm Up | L4: Wm. Up
A7: Date & Time | B7: NO | C7: NO2 | D7: NOX | E7: SO2 | F7: O3 | G7: PM 10 | H7: PM 2.5 | I7: BENZ | J7: WS | K7: WD | L7: TEMP | M7: HUM | N7: SR | O7: RG | P7: CO | Q7: NH3
B8: ug/m3 | C8: ug/m3 | D8: ppb | E8: ug/m3 | F8: ug/m3 | G8: ug/m3 | H8: ug/m3 | I8: ug/m3 | J8: m/sec | K8: deg | L8: degreC | M8: % | N8: w/m2 | O8: mm | P8: mg/m3 | Q8: ug/m3
A9: 29/09/2023 00:15 | B9: 12.81 | C9: 17.44 | D9: 20.73 | E9: 8.12 | F9: 6.39 | G9: 47.17 | H9: 21.99 | I9: 5.87 | J9: 0.11 | K9: 166.24 | L9: 26.86 | M9: 96.13 | N9: 0 | O9: 0 | P9: 0.62 | Q9: 4.05
A10: 29/09/2023 00:30 | B10: 14.9 | C10: 21.08 | D10: 24.31 | E10: 8.05 | F10: 4.55 | G10: 47.17 | H10: 21.99 | I10: 5.93 | J10: 0.13 | K10: 161.47 | L10: 26.87 | M10: 96.06 | N10: 0 | O10: 0 | P10: 0.65 | Q10: 4.04
A11: 29/09/2023 00:45 | B11: 14.25 | C11: 20.54 | D11: 23.51 | E11: 8.29 | F11: 5.33 | G11: 46.69 | H11: 22.69 | I11: 5.99 | J11: 0.08 | K11: 165.7 | L11: 26.74 | M11: 96.34 | N11: 0 | O11: 0 | P11: 0.65 | Q11: 4.12
A12: 29/09/2023 01:00 | B12: 13.72 | C12: 18.4 | D12: 21.97 | E12: 8.39 | F12: 6.08 | G12: 45.12 | H12: 25.95 | I12: 6.32 | J12: 0.04 | K12: 168.72 | L12: 26.66 | M12: 96.26 | N12: 0 | O12: 0 | P12: 0.63 | Q12: 4.14
A13: 29/09/2023 01:15 | B13: 13.75 | C13: 17.7 | D13: 21.62 | E13: 8.55 | F13: 6.2 | G13: 45.12 | H13: 25.95 | I13: 5.94 | J13: 0.06 | K13: 196.45 | L13: 26.57 | M13: 96.99 | N13: 0 | O13: 0 | P13: 0.62 | Q13: 4.13
A14: 29/09/2023 01:30 | B14: 14.78 | C14: 18.63 | D14: 22.94 | E14: 8.04 | F14: 4.9 | G14: 45.12 | H14: 25.95 | I14: 5.78 | J14: 0.04 | K14: 41.64 | L14: 26.51 | M14: 98.09 | N14: 0 | O14: 0 | P14: 0.63 | Q14: 4.09
A15: 29/09/2023 01:45 | B15: 17.1 | C15: 22.63 | D15: 26.89 | E15: 8.94 | F15: 3.26 | G15: 43.31 | H15: 25.33 | I15: 5.78 | J15: 0.19 | K15: 25.17 | L15: 26.54 | M15: 98.03 | N15: 0 | O15: 0 | P15: 0.69 | Q15: 4.11
A16: 29/09/2023 02:00 | B16: 18.08 | C16: 22.73 | D16: 27.73 | E16: 10.17 | F16: 3.16 | G16: 37 | H16: 23.82 | I16: 6.1 | J16: 0.27 | K16: 28.99 | L16: 26.53 | M16: 95.43 | N16: 0 | O16: 0 | P16: 0.7 | Q16: 4.2
A17: 29/09/2023 02:15 | B17: 17.84 | C17: 21.76 | D17: 27.03 | E17: 7.69 | F17: 3.41 | G17: 37 | H17: 23.82 | I17: 6.28 | J17: 0.29 | K17: 25.82 | L17: 26.47 | M17: 93.95 | N17: 0 | O17: 0 | P17: 0.69 | Q17: 4.23
A18: 29/09/2023 02:30 | B18: 17.74 | C18: 21.02 | D18: 26.55 | E18: 7.87 | F18: 3.22 | G18: 37 | H18: 23.82 | I18: 6.29 | J18: 0.15 | K18: 23.54 | L18: 26.39 | M18: 94.09 | N18: 0 | O18: 0 | P18: 0.67 | Q18: 4.22
A19: 29/09/2023 02:45 | B19: 19.2 | C19: 22.84 | D19: 28.68 | E19: 7.88 | F19: 3.04 | G19: 44.13 | H19: 24.83 | I19: 6.31 | J19: 0.03 | K19: 310.33 | L19: 26.29 | M19: 94.98 | N19: 0 | O19: 0 | P19: 0.68 | Q19: 4.2
A20: 29/09/2023 03:00 | B20: 20.38 | C20: 25.2 | D20: 30.86 | E20: 7.45 | F20: 2.79 | G20: 69.11 | H20: 27.34 | I20: 6.39 | J20: 0.11 | K20: 29.91 | L20: 26.21 | M20: 95.14 | N20: 0 | O20: 0 | P20: 0.7 | Q20: 4.29
... A104: 29/09/2023 24:00 | B104: 18.72 | C104: 27.75 | D104: 30.86 | E104: 6.17 | F104: 2.67 | G104: 25.62 | H104: 11.51 | I104: 5.01 | J104: 0.08 | K104: 170.93 | L104: 24.99 | M104: 97.71 | N104: 0 | O104: 0 | P104: 0.67 | Q104: 4.28
A106: Min | B106: =MIN(B9:B104) -> 12.81 | C106: =MIN(C9:C104) -> 17.44 | D106: =MIN(D9:D104) -> 20.73 | E106: =MIN(E9:E104) -> 5.43 | F106: =MIN(F9:F104) -> 2.48 | G106: =MIN(G9:G104) -> 24.06 | H106: =MIN(H9:H104) -> 11.44 | I106: =MIN(I9:I104) -> 5.01 | ... Q106: =MIN(Q9:Q104) -> 4.01
A107: Max | B107: =MAX(B9:B104) -> 26.8 | C107: =MAX(C9:C104) -> 34.02 | D107: =MAX(D9:D104) -> 38.2 | E107: =MAX(E9:E104) -> 24.05 | F107: =MAX(F9:F104) -> 8.95 | G107: =MAX(G9:G104) -> 88.74 | H107: =MAX(H9:H104) -> 30.36 | I107: =MAX(I9:I104) -> 6.65 | ... Q107: =MAX(Q9:Q104) -> 4.85
A108: Avg | B108: =AVERAGE(B9:B104) -> 19.543854 | C108: =AVERAGE(C9:C104) -> 26.567083 | D108: =AVERAGE(D9:D104) -> 30.903958 | E108: =AVERAGE(E9:E104) -> 9.7777083 | F108: =AVERAGE(F9:F104) -> 4.5507292 | G108: =AVERAGE(G9:G104) -> 53.063854 | H108: =AVERAGE(H9:H104) -> 22.190625 | I108: =AVERAGE(I9:I104) -> 5.7583333 | ... Q108: =AVERAGE(Q9:Q104) -> 4.3388542
A109: Stdev | B109: =STDEV(B9:B104) -> 3.7644177 | C109: =STDEV(C9:C104) -> 3.5448005 | D109: =STDEV(D9:D104) -> 3.6961817 | E109: =STDEV(E9:E104) -> 4.046229 | F109: =STDEV(F9:F104) -> 1.9673665 | G109: =STDEV(G9:G104) -> 16.272595 | H109: =STDEV(H9:H104) -> 5.5059646 | I109: =STDEV(I9:I104) -> 0.49186362 | ... Q109: =STDEV(Q9:Q104) -> 0.24796804
A110: Num | B110: =COUNT(B9:B104) -> 96 | C110: =COUNT(C9:C104) -> 96 | D110: =COUNT(D9:D104) -> 96 | E110: =COUNT(E9:E104) -> 96 | F110: =COUNT(F9:F104) -> 96 | G110: =COUNT(G9:G104) -> 96 | H110: =COUNT(H9:H104) -> 96 | I110: =COUNT(I9:I104) -> 96 | ... Q110: =COUNT(Q9:Q104) -> 96
