Workbook

Sheet 01
A1: Station: | B1: IGKV RAIPUR
A2: Date: | B2: =$A$9 -> 01/04/2023 00:15 | C2: Power Off | G2: Pw.Off | J2: Link Fail | L2: Link F | N2: Maintenance | P2: Maint.
A3: Report Type: | B3: Mean | C3: Calibration | G3: Calib. | J3: Data Fail | L3: Data F | N3: Invalid | P3: Invalid
A4: Time Base: | B4: 15 Min | C4: Zero Referrence | G4: Z.Ref | J4: Warm Up | L4: Wm. Up
A7: Date & Time | B7: NO_IGKV | C7: NO2__IGKV | D7: NOX_IGKV | E7: SO2__IGKV | F7: O3__IGKV | G7: PM10_IGKV | H7: PM2.5_IGKV | I7: BENZ_IGKV | J7: WS_IGKV | K7: WD_IGKV | L7: TEMP_IGKV | M7: HUM_IGKV | N7: SR_IGKV | O7: RG_IGKV | P7: CO_IGKV | Q7: NH3_IGKV
B8: ug/m3 | C8: ug/m3 | D8: ug/m3 | E8: ug/m3 | F8: ug/m3 | G8: ug/m3 | H8: ug/m3 | I8: ug/m3 | J8: m/sec | K8: deg | L8: degreC | M8: % | N8: w/m2 | O8: mm | P8: mg/m3 | Q8: ug/m3
A9: 01/04/2023 00:15 | B9: 26.95 | C9: 59.83 | D9: 53.74 | E9: 7.25 | F9: 3.2 | G9: 29.01 | H9: 5.48 | I9: 4.79 | J9: 0.1 | K9: 278.88 | L9: 23.46 | M9: 75.12 | N9: 0 | O9: 0 | P9: 0.61 | Q9: 7.05
A10: 01/04/2023 00:30 | B10: 28.11 | C10: 68.72 | D10: 59.32 | E10: 7.63 | F10: 2.62 | G10: 28.14 | H10: 5.48 | I10: 4.76 | J10: 0.12 | K10: 11.88 | L10: 23.54 | M10: 73.23 | N10: 0 | O10: 0 | P10: 0.62 | Q10: 7.26
A11: 01/04/2023 00:45 | B11: 29.71 | C11: 65.98 | D11: 59.17 | E11: 7.58 | F11: 2.95 | G11: 28.14 | H11: 5.48 | I11: 4.73 | J11: 0.23 | K11: 110.08 | L11: 23.39 | M11: 75.43 | N11: 0 | O11: 0 | P11: 0.61 | Q11: 7.3
A12: 45017.042 | B12: 30.78 | C12: 65.98 | D12: 60.03 | E12: 7.62 | F12: 2.9 | G12: 28.14 | H12: 5.48 | I12: 4.76 | J12: 0.17 | K12: 163.23 | L12: 23.03 | M12: 78.06 | N12: 0 | O12: 0 | P12: 0.61 | Q12: 7.34
A13: 01/04/2023 01:15 | B13: 31.57 | C13: 68.41 | D13: 61.94 | E13: 7.89 | F13: 2.7 | G13: 27.47 | H13: 7.59 | I13: 4.74 | J13: 0.18 | K13: 170.93 | L13: 22.67 | M13: 81.18 | N13: 0 | O13: 0 | P13: 0.62 | Q13: 7.43
A14: 01/04/2023 01:30 | B14: 32.56 | C14: 67.4 | D14: 62.2 | E14: 7.88 | F14: 2.81 | G14: 27.3 | H14: 7.59 | I14: 4.79 | J14: 0.2 | K14: 45.52 | L14: 22.46 | M14: 80.33 | N14: 0 | O14: 0 | P14: 0.62 | Q14: 7.51
A15: 01/04/2023 01:45 | B15: 33.84 | C15: 64.05 | D15: 61.47 | E15: 7.76 | F15: 3.04 | G15: 27.3 | H15: 7.59 | I15: 4.77 | J15: 0.4 | K15: 23.39 | L15: 22.72 | M15: 77.06 | N15: 0 | O15: 0 | P15: 0.6 | Q15: 7.5
A16: 01/04/2023 02:00 | B16: 34.75 | C16: 67.14 | D16: 63.82 | E16: 7.11 | F16: 2.67 | G16: 27.3 | H16: 7.59 | I16: 4.73 | J16: 0.31 | K16: 46.43 | L16: 22.79 | M16: 76.8 | N16: 0 | O16: 0 | P16: 0.62 | Q16: 7.58
A17: 01/04/2023 02:15 | B17: 36.19 | C17: 63.47 | D17: 63.05 | E17: 5.07 | F17: 3.11 | G17: 29.32 | H17: 13.53 | I17: 4.74 | J17: 0.2 | K17: 56.35 | L17: 22.81 | M17: 77.3 | N17: 0 | O17: 0 | P17: 0.6 | Q17: 7.53
A18: 01/04/2023 02:30 | B18: 37.05 | C18: 66.98 | D18: 65.58 | E18: 7.65 | F18: 2.8 | G18: 29.87 | H18: 13.53 | I18: 4.75 | J18: 0.6 | K18: 48.4 | L18: 22.69 | M18: 77.63 | N18: 0 | O18: 0 | P18: 0.61 | Q18: 7.7
A19: 01/04/2023 02:45 | B19: 37.76 | C19: 64.9 | D19: 65.06 | E19: 8.14 | F19: 2.98 | G19: 29.87 | H19: 13.53 | I19: 4.77 | J19: 0.82 | K19: 57.56 | L19: 22.42 | M19: 81.59 | N19: 0 | O19: 0 | P19: 0.6 | Q19: 7.67
A20: 01/04/2023 03:00 | B20: 38.39 | C20: 65.95 | D20: 66.12 | E20: 8.32 | F20: 2.89 | G20: 29.87 | H20: 13.53 | I20: 4.87 | J20: 0.59 | K20: 15.42 | L20: 22.28 | M20: 83.68 | N20: 0 | O20: 0 | P20: 0.61 | Q20: 7.75
A21: 01/04/2023 03:15 | B21: 39.07 | C21: 65.75 | D21: 66.56 | E21: 8.72 | F21: 2.93 | G21: 32.04 | H21: 12.61 | I21: 4.86 | J21: 0.88 | K21: 26.99 | L21: 22.18 | M21: 84.55 | N21: 0 | O21: 0 | P21: 0.61 | Q21: 7.83
A22: 01/04/2023 03:30 | B22: 39.75 | C22: 65.79 | D22: 67.12 | E22: 8.21 | F22: 2.88 | G22: 32.62 | H22: 12.61 | I22: 4.88 | J22: 1.04 | K22: 35.18 | L22: 22.17 | M22: 84.46 | N22: 0 | O22: 0 | P22: 0.6 | Q22: 7.87
A23: 01/04/2023 03:45 | B23: 40.3 | C23: 63.37 | D23: 66.3 | E23: 8.3 | F23: 3.01 | G23: 32.62 | H23: 12.61 | I23: 4.9 | J23: 0.94 | K23: 38.02 | L23: 22.2 | M23: 83.8 | N23: 0 | O23: 0 | P23: 0.58 | Q23: 7.81
A24: 01/04/2023 04:00 | B24: 40.42 | C24: 66.12 | D24: 67.83 | E24: 8.57 | F24: 2.76 | G24: 32.62 | H24: 12.61 | I24: 4.85 | J24: 1.25 | K24: 28.38 | L24: 22.18 | M24: 82.4 | N24: 0 | O24: 0 | P24: 0.59 | Q24: 7.96
... A55: 01/04/2023 11:45 | B55: 19.01 | C55: 63.01 | D55: 49.03 | E55: 7.41 | F55: 4.09 | G55: 12.52 | H55: 21.75 | I55: 3.67 | J55: 0.67 | K55: 248.16 | L55: 30.28 | M55: 44.85 | N55: 860.2 | O55: 0 | P55: 0.44 | Q55: 6.51
A56: 01/04/2023 12:00 | B56: 12.62 | C56: 47.29 | D56: 35.7 | E56: 8 | F56: 22.61 | G56: Calib. | H56: Calib. | I56: 3.69 | J56: 0.57 | K56: 290.53 | L56: 30.65 | M56: 42.8 | N56: 882.3 | O56: 0 | P56: 0.44 | Q56: 6.4
A57: 01/04/2023 12:15 | B57: 6.92 | C57: 40.57 | D57: 27.62 | E57: 7.1 | F57: 22.7 | G57: Calib. | H57: Calib. | I57: 3.68 | J57: 0.36 | K57: 220.29 | L57: 31.08 | M57: 41.17 | N57: 885.4 | O57: 0 | P57: 0.41 | Q57: 5.81
A58: 01/04/2023 12:30 | B58: 4.53 | C58: 45.39 | D58: 28.22 | E58: 6.96 | F58: 16.77 | G58: Calib. | H58: Calib. | I58: 3.48 | J58: 0.48 | K58: 284.8 | L58: 31.38 | M58: 38.68 | N58: 885.2 | O58: 0 | P58: 0.42 | Q58: 5.56
A59: 01/04/2023 12:45 | B59: 4.26 | C59: 43.88 | D59: 27.22 | E59: 7.26 | F59: 24.23 | G59: Calib. | H59: Calib. | I59: 3.3 | J59: 0.21 | K59: 335.78 | L59: 31.82 | M59: 35.63 | N59: 873.7 | O59: 0 | P59: 0.43 | Q59: 5.66
A60: 01/04/2023 13:00 | B60: 4.4 | C60: 37.02 | D60: 23.75 | E60: 7.48 | F60: 33.56 | G60: Calib. | H60: Calib. | I60: 3.26 | J60: 0.82 | K60: 305.86 | L60: 32.3 | M60: 34.63 | N60: 888.2 | O60: 0 | P60: 0.42 | Q60: 5.38
A61: 01/04/2023 13:15 | B61: 4.03 | C61: 35.79 | D61: 22.8 | E61: 7.31 | F61: 26.17 | G61: Calib. | H61: Calib. | I61: 3.17 | J61: 0.45 | K61: 276.48 | L61: 32.68 | M61: 32.28 | N61: 869.8 | O61: 0 | P61: 0.41 | Q61: 5.15
A62: 01/04/2023 13:30 | B62: 3.73 | C62: 33.7 | D62: 21.47 | E62: 7.21 | F62: 34.7 | G62: Calib. | H62: Calib. | I62: 3.01 | J62: 0.36 | K62: 248.47 | L62: 32.96 | M62: 31.4 | N62: 833.1 | O62: 0 | P62: 0.39 | Q62: 4.99
A63: 01/04/2023 13:45 | B63: 3.18 | C63: 33.37 | D63: 20.86 | E63: 6.34 | F63: 20.65 | G63: Calib. | H63: Calib. | I63: 2.91 | J63: 0.55 | K63: 212.94 | L63: 33.42 | M63: 31.29 | N63: 784.3 | O63: 0 | P63: 0.39 | Q63: 4.92
A64: 01/04/2023 14:00 | B64: 3.21 | C64: 33.27 | D64: 20.83 | E64: 6.78 | F64: 27.93 | G64: Calib. | H64: Calib. | I64: 2.76 | J64: 0.58 | K64: 211.49 | L64: 34.19 | M64: 28.12 | N64: 792.4 | O64: 0 | P64: 0.38 | Q64: 5
A65: 01/04/2023 14:15 | B65: 3.2 | C65: 34.74 | D65: 21.59 | E65: 6.8 | F65: 32.1 | G65: Calib. | H65: Calib. | I65: 2.71 | J65: 0.74 | K65: 257.8 | L65: 33.66 | M65: 29.51 | N65: 776.7 | O65: 0 | P65: 0.36 | Q65: 4.97
A66: 01/04/2023 14:30 | B66: 3.28 | C66: 33.48 | D66: 21 | E66: 7.2 | F66: 31.1 | G66: Calib. | H66: Calib. | I66: 2.59 | J66: 1.07 | K66: 275.55 | L66: 33.18 | M66: 30.69 | N66: 699.7 | O66: 0 | P66: 0.39 | Q66: 4.99
A67: 01/04/2023 14:45 | B67: 3.3 | C67: 36.02 | D67: 22.34 | E67: 6.72 | F67: 14.38 | G67: 17.49 | H67: Calib. | I67: 2.5 | J67: 0.8 | K67: 269.8 | L67: 33.25 | M67: 31.52 | N67: 660.4 | O67: 0 | P67: 0.4 | Q67: 5.03
A68: 01/04/2023 15:00 | B68: 3.61 | C68: 42.36 | D68: 25.9 | E68: 6.5 | F68: 9.99 | G68: 17.49 | H68: Calib. | I68: 2.49 | J68: 0.56 | K68: 297.15 | L68: 34.15 | M68: 29.89 | N68: 631.2 | O68: 0 | P68: 0.42 | Q68: 5.16
A69: 01/04/2023 15:15 | B69: 4.05 | C69: 43.93 | D69: 27.07 | E69: 5.92 | F69: 8.58 | G69: 17.49 | H69: Calib. | I69: 2.7 | J69: 0.5 | K69: 232.42 | L69: 33.88 | M69: 31.06 | N69: 572.9 | O69: 0 | P69: 0.43 | Q69: 5.24
A70: 01/04/2023 15:30 | B70: 4.45 | C70: 48.14 | D70: 29.59 | E70: 6.21 | F70: 8.18 | G70: 17.55 | H70: Calib. | I70: 2.87 | J70: 0.54 | K70: 249.17 | L70: 33.84 | M70: 31.61 | N70: 525.1 | O70: 0 | P70: 0.44 | Q70: 5.35
A71: 01/04/2023 15:45 | B71: 4.8 | C71: 50.72 | D71: 31.22 | E71: 6.05 | F71: 7.44 | G71: 20.05 | H71: Calib. | I71: 3.05 | J71: 0.71 | K71: 250.6 | L71: 33.52 | M71: 32.25 | N71: 473.8 | O71: 0 | P71: 0.47 | Q71: 5.5
A72: 01/04/2023 16:00 | B72: 4.95 | C72: 51.06 | D72: 31.52 | E72: 6.38 | F72: 8.65 | G72: 20.05 | H72: Calib. | I72: 3.27 | J72: 0.63 | K72: 244.84 | L72: 33.21 | M72: 32.69 | N72: 408.1 | O72: 0 | P72: 0.49 | Q72: 5.54
A73: 01/04/2023 16:15 | B73: 5.04 | C73: 51.17 | D73: 31.65 | E73: 6.36 | F73: 8.77 | G73: 20.05 | H73: Calib. | I73: 3.5 | J73: 0.58 | K73: 226.78 | L73: 33.38 | M73: 32.05 | N73: 344.9 | O73: 0 | P73: 0.51 | Q73: 5.58
A74: 01/04/2023 16:30 | B74: 5.11 | C74: 53.14 | D74: 32.73 | E74: 6.55 | F74: 9.28 | G74: 20.21 | H74: Calib. | I74: 3.7 | J74: 0.5 | K74: 241.27 | L74: 33.16 | M74: 32.32 | N74: 205.3 | O74: 0 | P74: 0.54 | Q74: 5.58
A75: 01/04/2023 16:45 | B75: 5.13 | C75: 54.91 | D75: 33.68 | E75: 6.86 | F75: 10.12 | G75: 27.19 | H75: Calib. | I75: 4.05 | J75: 0.48 | K75: 221.78 | L75: 32.67 | M75: 32.62 | N75: 98.9 | O75: 0 | P75: 0.56 | Q75: 5.68
A76: 01/04/2023 17:00 | B76: 5.22 | C76: 55.53 | D76: 34.07 | E76: 6.42 | F76: 8.82 | G76: 27.19 | H76: Calib. | I76: 4.41 | J76: 0.39 | K76: 235.7 | L76: 31.8 | M76: 33.5 | N76: 40.5 | O76: 0 | P76: 0.58 | Q76: 5.71
A77: 01/04/2023 17:15 | B77: 5.19 | C77: 56.56 | D77: 34.59 | E77: 6.81 | F77: 8.67 | G77: 27.19 | H77: Calib. | I77: 4.75 | J77: 0.47 | K77: 206.92 | L77: 31.85 | M77: 32.5 | N77: 91.2 | O77: 0 | P77: 0.58 | Q77: 5.8
A78: 01/04/2023 17:30 | B78: 5.47 | C78: 56.46 | D78: 34.76 | E78: 6.74 | F78: 10.73 | G78: 27.23 | H78: 5.15 | I78: 5.1 | J78: 0.36 | K78: 198.45 | L78: 31.51 | M78: 31.84 | N78: 28.8 | O78: 0 | P78: 0.58 | Q78: 5.86
A79: 01/04/2023 17:45 | B79: 5.96 | C79: 54.81 | D79: 34.29 | E79: 6.79 | F79: 8.63 | G79: 29.01 | H79: 5.15 | I79: 5.33 | J79: 0.19 | K79: 173.88 | L79: 30.9 | M79: 34.42 | N79: 15.6 | O79: 0 | P79: 0.57 | Q79: 5.87
A80: 01/04/2023 18:00 | B80: 6.45 | C80: 58.22 | D80: 36.46 | E80: 6.38 | F80: 6.87 | G80: 29.01 | H80: 5.15 | I80: 5.27 | J80: 0.27 | K80: 199.98 | L80: 30.42 | M80: 35.13 | N80: 16.9 | O80: 0 | P80: 0.56 | Q80: 5.91
A81: 01/04/2023 18:15 | B81: 6.97 | C81: 58.42 | D81: 36.98 | E81: 5.05 | F81: 7.16 | G81: 29.01 | H81: 5.15 | I81: 5.19 | J81: 0.19 | K81: 169.76 | L81: 29.91 | M81: 36.96 | N81: 0 | O81: 0 | P81: 0.55 | Q81: 5.9
A82: 01/04/2023 18:30 | B82: 7.45 | C82: 58.81 | D82: 37.57 | E82: 7.26 | F82: 6.4 | G82: 28.98 | H82: 5.31 | I82: 5.14 | J82: 0.17 | K82: 160.85 | L82: 29.13 | M82: 39.69 | N82: 0 | O82: 0 | P82: 0.53 | Q82: 5.97
A83: 01/04/2023 18:45 | B83: 7.89 | C83: 59.59 | D83: 38.33 | E83: 7.69 | F83: 10.24 | G83: 27.39 | H83: 10.35 | I83: 5.04 | J83: 0.14 | K83: 192.91 | L83: 28.49 | M83: 41.68 | N83: 0 | O83: 0 | P83: 0.52 | Q83: 6.06
A84: 01/04/2023 19:00 | B84: 9 | C84: 55.67 | D84: 37.18 | E84: 7.01 | F84: 6.81 | G84: 27.39 | H84: 10.35 | I84: 5 | J84: 0.13 | K84: 152.42 | L84: 27.95 | M84: 46.06 | N84: 0 | O84: 0 | P84: 0.51 | Q84: 5.84
A85: 01/04/2023 19:15 | B85: 10.28 | C85: 66.76 | D85: 44 | E85: 7.54 | F85: 4.57 | G85: 27.39 | H85: 10.35 | I85: 4.97 | J85: 0.12 | K85: 160.68 | L85: 27.61 | M85: 46.54 | N85: 0 | O85: 0 | P85: 0.52 | Q85: 6.08
A86: 01/04/2023 19:30 | B86: 11.18 | C86: 64.45 | D86: 43.51 | E86: 7.68 | F86: 4.82 | G86: 27.51 | H86: 10.7 | I86: 5.15 | J86: 0.22 | K86: 152.48 | L86: 27.49 | M86: 47.3 | N86: 0 | O86: 0 | P86: 0.51 | Q86: 6.13
A87: 01/04/2023 19:45 | B87: 12.12 | C87: 62.86 | D87: 43.43 | E87: 7.78 | F87: 5.09 | G87: 32.65 | H87: 22.34 | I87: 5.31 | J87: 0.15 | K87: 162.49 | L87: 27.03 | M87: 51.43 | N87: 0 | O87: 0 | P87: 0.5 | Q87: 6.21
A88: 01/04/2023 20:00 | B88: 13.14 | C88: 67.9 | D88: 46.88 | E88: 7.69 | F88: 3.83 | G88: 32.65 | H88: 22.34 | I88: 5.38 | J88: 0.18 | K88: 149.54 | L88: 26.71 | M88: 54.81 | N88: 0 | O88: 0 | P88: 0.52 | Q88: 6.32
A89: 01/04/2023 20:15 | B89: 14.02 | C89: 63.06 | D89: 45.06 | E89: 8.03 | F89: 4.43 | G89: 32.65 | H89: 22.34 | I89: 5.43 | J89: 0.17 | K89: 169.23 | L89: 26.64 | M89: 50.96 | N89: 0 | O89: 0 | P89: 0.51 | Q89: 6.33
... A104: 01/04/2023 24:00 | B104: 40 | C104: 69.72 | D104: 69.37 | E104: 8.13 | F104: 3.51 | G104: 54.59 | H104: 28.69 | I104: 6.65 | J104: 0.21 | K104: 160.21 | L104: 23.59 | M104: 71.65 | N104: 0 | O104: 0 | P104: 0.73 | Q104: 8.4
A106: Min | B106: =MIN(B9:B104) -> 3.18 | C106: =MIN(C9:C104) -> 33.27 | D106: =MIN(D9:D104) -> 20.83 | E106: =MIN(E9:E104) -> 4.51 | F106: =MIN(F9:F104) -> 2.62 | G106: =MIN(G9:G104) -> 9.43 | H106: =MIN(H9:H104) -> 2.55 | I106: =MIN(I9:I104) -> 2.49 | ... Q106: =MIN(Q9:Q104) -> 4.92
A107: Max | B107: =MAX(B9:B104) -> 40.42 | C107: =MAX(C9:C104) -> 69.89 | D107: =MAX(D9:D104) -> 69.43 | E107: =MAX(E9:E104) -> 8.72 | F107: =MAX(F9:F104) -> 34.7 | G107: =MAX(G9:G104) -> 54.59 | H107: =MAX(H9:H104) -> 28.69 | I107: =MAX(I9:I104) -> 6.65 | ... Q107: =MAX(Q9:Q104) -> 8.4
A108: Avg | B108: =AVERAGE(B9:B104) -> 21.272083 | C108: =AVERAGE(C9:C104) -> 59.796458 | D108: =AVERAGE(D9:D104) -> 49.173229 | E108: =AVERAGE(E9:E104) -> 7.2733333 | F108: =AVERAGE(F9:F104) -> 7.0785417 | G108: =AVERAGE(G9:G104) -> 27.206588 | H108: =AVERAGE(H9:H104) -> 12.409595 | I108: =AVERAGE(I9:I104) -> 4.4002083 | ... Q108: =AVERAGE(Q9:Q104) -> 6.765625
A109: Stdev | B109: =STDEV(B9:B104) -> 12.599142 | C109: =STDEV(C9:C104) -> 10.346974 | D109: =STDEV(D9:D104) -> 14.657716 | E109: =STDEV(E9:E104) -> 0.77418027 | F109: =STDEV(F9:F104) -> 7.6604183 | G109: =STDEV(G9:G104) -> 9.878551 | H109: =STDEV(H9:H104) -> 6.7292079 | I109: =STDEV(I9:I104) -> 1.0281255 | ... Q109: =STDEV(Q9:Q104) -> 0.97971727
A110: Num | B110: =COUNT(B9:B104) -> 96 | C110: =COUNT(C9:C104) -> 96 | D110: =COUNT(D9:D104) -> 96 | E110: =COUNT(E9:E104) -> 96 | F110: =COUNT(F9:F104) -> 96 | G110: 96 | H110: 96 | I110: =COUNT(I9:I104) -> 96 | J110: =COUNT(J9:J104) -> 96 | K110: =COUNT(K9:K104) -> 96 | L110: =COUNT(L9:L104) -> 96 | M110: =COUNT(M9:M104) -> 96 | N110: =COUNT(N9:N104) -> 96 | O110: =COUNT(O9:O104) -> 96 | P110: =COUNT(P9:P104) -> 96 | Q110: =COUNT(Q9:Q104) -> 96
A111: DCR | B111: =IF(B110>=87,">90%",IF(B110<=87,"<90%")) -> >90% | C111: =IF(C110>=87,">90%",IF(C110<=87,"<90%")) -> >90% | D111: =IF(D110>=87,">90%",IF(D110<=87,"<90%")) -> >90% | E111: =IF(E110>=87,">90%",IF(E110<=87,"<90%")) -> >90% | F111: =IF(F110>=87,">90%",IF(F110<=87,"<90%")) -> >90% | G111: =IF(G110>=87,">90%",IF(G110<=87,"<90%")) -> >90% | H111: =IF(H110>=87,">90%",IF(H110<=87,"<90%")) -> >90% | I111: =IF(I110>=87,">90%",IF(I110<=87,"<90%")) -> >90% | ... Q111: =IF(Q110>=87,">90%",IF(Q110<=87,"<90%")) -> >90%
A112: Status | B112: =IF(B110>=87,"OK",IF(B110<=87,"LESS")) -> OK | C112: =IF(C110>=87,"OK",IF(C110<=87,"LESS")) -> OK | D112: =IF(D110>=87,"OK",IF(D110<=87,"LESS")) -> OK | E112: =IF(E110>=87,"OK",IF(E110<=87,"LESS")) -> OK | F112: =IF(F110>=87,"OK",IF(F110<=87,"LESS")) -> OK | G112: =IF(G110>=87,"OK",IF(G110<=87,"LESS")) -> OK | H112: =IF(H110>=87,"OK",IF(H110<=87,"LESS")) -> OK | I112: =IF(I110>=87,"OK",IF(I110<=87,"LESS")) -> OK | ... Q112: =IF(Q110>=87,"OK",IF(Q110<=87,"LESS")) -> OK
A115: Done by | B115: AKASH
A117: Comment

Sheet 02
A1: Station: | B1: IGKV RAIPUR
A2: Date: | B2: =$A$9 -> 02/04/2023 00:15 | C2: Power Off | G2: Pw.Off | J2: Link Fail | L2: Link F | N2: Maintenance | P2: Maint.
A3: Report Type: | B3: Mean | C3: Calibration | G3: Calib. | J3: Data Fail | L3: Data F | N3: Invalid | P3: Invalid
A4: Time Base: | B4: 15 Min | C4: Zero Referrence | G4: Z.Ref | J4: Warm Up | L4: Wm. Up
A7: Date & Time | B7: NO_IGKV | C7: NO2__IGKV | D7: NOX_IGKV | E7: SO2__IGKV | F7: O3__IGKV | G7: PM10_IGKV | H7: PM2.5_IGKV | I7: BENZ_IGKV | J7: WS_IGKV | K7: WD_IGKV | L7: TEMP_IGKV | M7: HUM_IGKV | N7: SR_IGKV | O7: RG_IGKV | P7: CO_IGKV | Q7: NH3_IGKV
B8: ug/m3 | C8: ug/m3 | D8: ug/m3 | E8: ug/m3 | F8: ug/m3 | G8: ug/m3 | H8: ug/m3 | I8: ug/m3 | J8: m/sec | K8: deg | L8: degreC | M8: % | N8: w/m2 | O8: mm | P8: mg/m3 | Q8: ug/m3
A9: 02/04/2023 00:15 | B9: 39.23 | C9: 70.25 | D9: 69.03 | E9: 7.95 | F9: 3.74 | G9: 54.59 | H9: 28.69 | I9: 6.76 | J9: 0.3 | K9: 188.08 | L9: 23.38 | M9: 72.3 | N9: 0 | O9: 0 | P9: 0.74 | Q9: 8.35
A10: 02/04/2023 00:30 | B10: 39.35 | C10: 68.99 | D10: 68.48 | E10: 8.12 | F10: 3.76 | G10: 54.58 | H10: 28.39 | I10: 6.82 | J10: 0.15 | K10: 149.93 | L10: 22.8 | M10: 73.1 | N10: 0 | O10: 0 | P10: 0.74 | Q10: 8.33
A11: 02/04/2023 00:45 | B11: 39.45 | C11: 69.21 | D11: 68.67 | E11: 7.78 | F11: 3.64 | G11: 53.98 | H11: 18.82 | I11: 6.86 | J11: 0.13 | K11: 190.64 | L11: 22.84 | M11: 72.08 | N11: 0 | O11: 0 | P11: 0.74 | Q11: 8.33
A12: 02/04/2023 01:00 | B12: 39.36 | C12: 68.54 | D12: 68.24 | E12: 7.78 | F12: 3.75 | G12: 53.98 | H12: 18.82 | I12: 6.88 | J12: 0.12 | K12: 206.64 | L12: 22.76 | M12: 71.64 | N12: 0 | O12: 0 | P12: 0.74 | Q12: 8.33
A13: 02/04/2023 01:15 | B13: 39.19 | C13: 68.23 | D13: 67.95 | E13: 7.82 | F13: 3.7 | G13: 53.98 | H13: 18.82 | I13: 6.94 | J13: 0.23 | K13: 168.29 | L13: 22.88 | M13: 74.99 | N13: 0 | O13: 0 | P13: 0.74 | Q13: 8.32
A14: 02/04/2023 01:30 | B14: 38.89 | C14: 67.26 | D14: 67.2 | E14: 7.82 | F14: 3.73 | G14: 53.85 | H14: 18.74 | I14: 7.02 | J14: 0.17 | K14: 125.96 | L14: 22.66 | M14: 73.28 | N14: 0 | O14: 0 | P14: 0.74 | Q14: 8.3
A15: 02/04/2023 01:45 | B15: 39.65 | C15: 68.24 | D15: 68.32 | E15: 7.74 | F15: 3.63 | G15: 48.25 | H15: 13.13 | I15: 7.01 | J15: 0.2 | K15: 81.63 | L15: 23.03 | M15: 70.58 | N15: 0 | O15: 0 | P15: 0.74 | Q15: 8.32
A16: 02/04/2023 02:00 | B16: 42.96 | C16: 67.94 | D16: 70.83 | E16: 7.79 | F16: 3.72 | G16: 48.25 | H16: 13.13 | I16: 7.03 | J16: 0.21 | K16: 165.75 | L16: 23.02 | M16: 72 | N16: 0 | O16: 0 | P16: 0.74 | Q16: 8.49
A17: 02/04/2023 02:15 | B17: 45.13 | C17: 68.56 | D17: 72.89 | E17: 5.51 | F17: 3.67 | G17: 48.25 | H17: 13.13 | I17: 7.06 | J17: 0.19 | K17: 211.01 | L17: 22.56 | M17: 75.71 | N17: 0 | O17: 0 | P17: 0.73 | Q17: 8.66
A18: 02/04/2023 02:30 | B18: 45.88 | C18: 68.2 | D18: 73.3 | E18: 7.85 | F18: 3.8 | G18: 48.24 | H18: 13.21 | I18: 7.07 | J18: 0.19 | K18: 168.06 | L18: 22.49 | M18: 75.56 | N18: 0 | O18: 0 | P18: 0.73 | Q18: 8.73
A19: 02/04/2023 02:45 | B19: 46.13 | C19: 68.67 | D19: 73.75 | E19: 8.35 | F19: 3.47 | G19: 48.03 | H19: 18.15 | I19: 7.06 | J19: 0.28 | K19: 182.22 | L19: 22.33 | M19: 77.22 | N19: 0 | O19: 0 | P19: 0.73 | Q19: 8.75
A20: 02/04/2023 03:00 | B20: 45.85 | C20: 68.53 | D20: 73.45 | E20: 8.22 | F20: 3.48 | G20: 48.03 | H20: 18.15 | I20: 7.04 | J20: 0.15 | K20: 179.81 | L20: 21.85 | M20: 78.69 | N20: 0 | O20: 0 | P20: 0.73 | Q20: 8.75
... A57: 02/04/2023 12:15 | B57: 11.99 | C57: 63.64 | D57: 43.74 | E57: 9.46 | F57: 12.55 | G57: 40.16 | H57: 17.51 | I57: 6.83 | J57: 1.18 | K57: 304 | L57: 34.41 | M57: 22.78 | N57: 884.6 | O57: 0 | P57: 0.6 | Q57: 6.76
A58: 02/04/2023 12:30 | B58: 11.23 | C58: 61.55 | D58: 42.04 | E58: 9.31 | F58: 11.38 | G58: 40.15 | H58: 17.28 | I58: 6.67 | J58: Invalid | K58: 0.49 | L58: 34.55 | M58: 22.47 | N58: 876.2 | O58: 0 | P58: 0.58 | Q58: 6.67
A59: 02/04/2023 12:45 | B59: Pw.Off | C59: Pw.Off | D59: Pw.Off | E59: Pw.Off | F59: Pw.Off | G59: Pw.Off | H59: Pw.Off | I59: Pw.Off | J59: Pw.Off | K59: Pw.Off | L59: Pw.Off | M59: Pw.Off | N59: Pw.Off | O59: Pw.Off | P59: Pw.Off | Q59: Pw.Off
A60: 02/04/2023 13:00 | B60: Pw.Off | C60: Pw.Off | D60: Pw.Off | E60: Pw.Off | F60: Pw.Off | G60: Pw.Off | H60: Pw.Off | I60: Pw.Off | J60: Pw.Off | K60: Pw.Off | L60: Pw.Off | M60: Pw.Off | N60: Pw.Off | O60: Pw.Off | P60: Pw.Off | Q60: Pw.Off
A61: 02/04/2023 13:15 | B61: Pw.Off | C61: Pw.Off | D61: Pw.Off | E61: Pw.Off | F61: Pw.Off | G61: Pw.Off | H61: Pw.Off | I61: Pw.Off | J61: Pw.Off | K61: Pw.Off | L61: Pw.Off | M61: Pw.Off | N61: Pw.Off | O61: Pw.Off | P61: Pw.Off | Q61: Pw.Off
A62: 02/04/2023 13:30 | B62: Pw.Off | C62: Pw.Off | D62: Pw.Off | E62: Pw.Off | F62: Pw.Off | G62: Pw.Off | H62: Pw.Off | I62: Pw.Off | J62: Pw.Off | K62: Pw.Off | L62: Pw.Off | M62: Pw.Off | N62: Pw.Off | O62: Pw.Off | P62: Pw.Off | Q62: Pw.Off
A63: 02/04/2023 13:45 | B63: Wm. Up | C63: Wm. Up | D63: Wm. Up | E63: Maint. | F63: Wm. Up | G63: Maint. | H63: Maint. | I63: Wm. Up | J63: 1.8 | K63: 286.99 | L63: 34.92 | M63: 19.25 | N63: 764.6 | O63: 0 | P63: 0.62 | Q63: Wm. Up
A64: 02/04/2023 14:00 | B64: 12.38 | C64: 49.76 | D64: 36.8 | E64: Maint. | F64: 9.52 | G64: Maint. | H64: Maint. | I64: Wm. Up | J64: 1.7 | K64: 300.24 | L64: 35.08 | M64: 19.43 | N64: 767.8 | O64: 0 | P64: 0.59 | Q64: Wm. Up
A65: 02/04/2023 14:15 | B65: 10.93 | C65: 49.73 | D65: 35.62 | E65: Maint. | F65: 9.81 | G65: Maint. | H65: Maint. | I65: 5.79 | J65: 1.59 | K65: 297.68 | L65: 34.91 | M65: 19.6 | N65: 658.9 | O65: 0 | P65: 0.56 | Q65: 5.24
A66: 02/04/2023 14:30 | B66: 9.63 | C66: 50.68 | D66: 35.07 | E66: Maint. | F66: 10.75 | G66: 15.98 | H66: 14.58 | I66: 5.86 | J66: 1 | K66: 264.08 | L66: 34.83 | M66: 19.78 | N66: 401.6 | O66: 0 | P66: 0.56 | Q66: 4.79
A67: 02/04/2023 14:45 | B67: 8.92 | C67: 53.03 | D67: 35.74 | E67: Maint. | F67: 10.04 | G67: 15.98 | H67: 14.58 | I67: 5.63 | J67: 1.31 | K67: 267.49 | L67: 34.72 | M67: 20.1 | N67: 445.7 | O67: 0 | P67: 0.53 | Q67: 4.15
A68: 02/04/2023 15:00 | B68: 7.99 | C68: 54.43 | D68: 35.72 | E68: Maint. | F68: 11.53 | G68: 15.98 | H68: 14.58 | I68: 5.54 | J68: 0.78 | K68: 235.64 | L68: 33.77 | M68: 22.29 | N68: 159 | O68: 0 | P68: 0.5 | Q68: 4.22
A69: 02/04/2023 15:15 | B69: 7.37 | C69: 56.1 | D69: 36.09 | E69: Maint. | F69: 12.67 | G69: 15.98 | H69: 14.58 | I69: 5.44 | J69: 0.81 | K69: 249.27 | L69: 34.19 | M69: 22.73 | N69: 462.6 | O69: 0 | P69: 0.49 | Q69: 4.86
A70: 02/04/2023 15:30 | B70: 6.3 | C70: 52.88 | D70: 33.55 | E70: Maint. | F70: 16.07 | G70: 16.54 | H70: 14.2 | I70: 5.26 | J70: 0.62 | K70: 235.7 | L70: 35.24 | M70: 21.81 | N70: 521.4 | O70: 0 | P70: 0.47 | Q70: 5
A71: 02/04/2023 15:45 | B71: 6.37 | C71: 71.04 | D71: 45.09 | E71: Maint. | F71: 10.78 | G71: 40.99 | H71: 1.93 | I71: 5.09 | J71: 0.72 | K71: 246.68 | L71: 35.34 | M71: 21.19 | N71: 392.5 | O71: 0 | P71: 0.47 | Q71: 4.9
A72: 02/04/2023 16:00 | B72: 5.86 | C72: 62.99 | D72: 38.49 | E72: Maint. | F72: 16 | G72: 40.99 | H72: 1.93 | I72: 4.97 | J72: 0.65 | K72: 264.5 | L72: 35.21 | M72: 21.11 | N72: 368.4 | O72: 0 | P72: 0.47 | Q72: 5
A73: 02/04/2023 16:15 | B73: 5.84 | C73: 59.36 | D73: 36.57 | E73: Maint. | F73: 14.62 | G73: 40.99 | H73: 1.93 | I73: 4.84 | J73: 0.72 | K73: 242.24 | L73: 35.28 | M73: 21.67 | N73: 371 | O73: 0 | P73: 0.46 | Q73: 5
A74: 02/04/2023 16:30 | B74: 5.89 | C74: 58.56 | D74: 36.2 | E74: Maint. | F74: 15.76 | G74: 40.67 | H74: 2.18 | I74: 4.81 | J74: 0.85 | K74: 246.96 | L74: 35.14 | M74: 20.81 | N74: 256.1 | O74: 0 | P74: 0.44 | Q74: 5
A75: 02/04/2023 16:45 | B75: 5.54 | C75: 62.43 | D75: 37.93 | E75: Maint. | F75: 18.54 | G75: 26.5 | H75: 10.18 | I75: 4.81 | J75: 0.52 | K75: 263.37 | L75: 34.59 | M75: 22.08 | N75: 132.4 | O75: 0 | P75: 0.43 | Q75: 5
A76: 02/04/2023 17:00 | B76: 4.98 | C76: 59.43 | D76: 35.92 | E76: Maint. | F76: 23.77 | G76: 26.5 | H76: 10.18 | I76: 4.69 | J76: 1 | K76: 61.01 | L76: 34.58 | M76: 21.92 | N76: 136.5 | O76: 0 | P76: 0.42 | Q76: 5
A77: 02/04/2023 17:15 | B77: 5.98 | C77: 58.37 | D77: 36.16 | E77: Maint. | F77: 18.14 | G77: 26.5 | H77: 10.18 | I77: 4.36 | J77: 0.8 | K77: 23.16 | L77: 34.03 | M77: 20.89 | N77: 90.3 | O77: 0 | P77: 0.42 | Q77: 5
... A80: 02/04/2023 18:00 | B80: 12.4 | C80: 64.91 | D80: 44.73 | E80: Maint. | F80: 14.61 | G80: 28.07 | H80: 19.4 | I80: 4.18 | J80: 0.54 | K80: 44.05 | L80: 32.69 | M80: 23.66 | N80: 9.7 | O80: 0 | P80: 0.49 | Q80: 5
A81: 02/04/2023 18:15 | B81: 12.23 | C81: 66.8 | D81: 45.66 | E81: 7.19 | F81: 13.91 | G81: 28.07 | H81: 19.4 | I81: 4.17 | J81: 0.56 | K81: 52.69 | L81: 32.1 | M81: 25.34 | N81: 0 | O81: 0 | P81: 0.52 | Q81: 5
A82: 02/04/2023 18:30 | B82: 15.55 | C82: 69.04 | D82: 49.42 | E82: 12.7 | F82: 8.18 | G82: 29.19 | H82: 19.28 | I82: 4.36 | J82: 0.44 | K82: 68.17 | L82: 31.38 | M82: 28.66 | N82: 0 | O82: 0 | P82: 0.55 | Q82: 5
A83: 02/04/2023 18:45 | B83: 13.56 | C83: 71.12 | D83: 48.9 | E83: 11.85 | F83: 6.58 | G83: 78.32 | H83: 15.44 | I83: 4.42 | J83: 0.26 | K83: 161.89 | L83: 30.59 | M83: 32.83 | N83: 0 | O83: 0 | P83: 0.54 | Q83: 5
A84: 02/04/2023 19:00 | B84: 13.34 | C84: 71 | D84: 48.67 | E84: 9.52 | F84: 5.64 | G84: 78.32 | H84: 15.44 | I84: 4.62 | J84: 0.2 | K84: 179.29 | L84: 29.45 | M84: 37.85 | N84: 0 | O84: 0 | P84: 0.55 | Q84: 5
A85: 02/04/2023 19:15 | B85: 13.64 | C85: 69.57 | D85: 48.16 | E85: 8.81 | F85: 5.75 | G85: 78.32 | H85: 15.44 | I85: 4.84 | J85: 0.23 | K85: 171.68 | L85: 29.07 | M85: 39.14 | N85: 0 | O85: 0 | P85: 0.57 | Q85: 5
A86: 02/04/2023 19:30 | B86: 14.04 | C86: 68.55 | D86: 47.95 | E86: 8.23 | F86: 5.5 | G86: 77.98 | H86: 15.31 | I86: 4.93 | J86: 0.23 | K86: 172.96 | L86: 28.58 | M86: 41.22 | N86: 0 | O86: 0 | P86: 0.57 | Q86: 5
A87: 02/04/2023 19:45 | B87: 14.39 | C87: 68.07 | D87: 47.98 | E87: 7.94 | F87: 5.85 | G87: 62.74 | H87: 11.06 | I87: 4.98 | J87: 0.18 | K87: 190.61 | L87: 27.87 | M87: 42.62 | N87: 0 | O87: 0 | P87: 0.58 | Q87: 5
A88: 02/04/2023 20:00 | B88: 15.22 | C88: 70.15 | D88: 49.73 | E88: 7.73 | F88: 4.57 | G88: 62.74 | H88: 11.06 | I88: 5 | J88: 0.21 | K88: 150.53 | L88: 27.64 | M88: 43.87 | N88: 0 | O88: 0 | P88: 0.58 | Q88: 5
A89: 02/04/2023 20:15 | B89: 15.49 | C89: 70.11 | D89: 49.93 | E89: 7.63 | F89: 4.41 | G89: 62.74 | H89: 11.06 | I89: 5.03 | J89: 0.13 | K89: 159.98 | L89: 27.33 | M89: 43.24 | N89: 0 | O89: 0 | P89: 0.58 | Q89: 5
A90: 02/04/2023 20:30 | B90: 15.89 | C90: 69.87 | D90: 50.12 | E90: 6.7 | F90: 4.2 | G90: 62.56 | H90: 11.29 | I90: 5.04 | J90: 0.23 | K90: 162.11 | L90: 27.32 | M90: 47.64 | N90: 0 | O90: 0 | P90: 0.6 | Q90: 5
A91: 02/04/2023 20:45 | B91: 16.5 | C91: 70.63 | D91: 51.01 | E91: 6.6 | F91: 4.11 | G91: 54.82 | H91: 18.64 | I91: 5.12 | J91: 0.23 | K91: 135.34 | L91: 27.18 | M91: 47.99 | N91: 0 | O91: 0 | P91: 0.6 | Q91: 5
A92: 02/04/2023 21:00 | B92: 17.23 | C92: 70.53 | D92: 51.54 | E92: 7.13 | F92: 3.92 | G92: 54.82 | H92: 18.64 | I92: 5.27 | J92: 0.22 | K92: 156.08 | L92: 26.92 | M92: 48.44 | N92: 0 | O92: 0 | P92: 0.62 | Q92: 5
... A104: 02/04/2023 24:00 | B104: 48.16 | C104: 72.03 | D104: 77.12 | E104: 7.11 | F104: 3.89 | G104: 114.59 | H104: 37.12 | I104: 7.83 | J104: 0.17 | K104: 72.68 | L104: 25.49 | M104: 49.54 | N104: 0 | O104: 0 | P104: 0.9 | Q104: 4.44
A106: Min | B106: =MIN(B9:B104) -> 4.98 | C106: =MIN(C9:C104) -> 49.73 | D106: =MIN(D9:D104) -> 33.55 | E106: =MIN(E9:E104) -> 5.51 | F106: =MIN(F9:F104) -> 3.47 | G106: =MIN(G9:G104) -> 15.98 | H106: =MIN(H9:H104) -> 1.93 | I106: =MIN(I9:I104) -> 4.17 | ... Q106: =MIN(Q9:Q104) -> 4.15
A107: Max | B107: =MAX(B9:B104) -> 54.57 | C107: =MAX(C9:C104) -> 73.42 | D107: =MAX(D9:D104) -> 78.23 | E107: =MAX(E9:E104) -> 12.7 | F107: =MAX(F9:F104) -> 23.77 | G107: =MAX(G9:G104) -> 114.59 | H107: =MAX(H9:H104) -> 37.12 | I107: =MAX(I9:I104) -> 8.67 | ... Q107: =MAX(Q9:Q104) -> 8.88
A108: Avg | B108: =AVERAGE(B9:B104) -> 29.38967 | C108: =AVERAGE(C9:C104) -> 65.249451 | D108: =AVERAGE(D9:D104) -> 58.555495 | E108: =AVERAGE(E9:E104) -> 8.1802703 | F108: =AVERAGE(F9:F104) -> 6.6193407 | G108: =AVERAGE(G9:G104) -> 51.447753 | H108: =AVERAGE(H9:H104) -> 19.947079 | I108: =AVERAGE(I9:I104) -> 6.4685556 | ... Q108: =AVERAGE(Q9:Q104) -> 6.7194444
A109: Stdev | B109: =STDEV(B9:B104) -> 16.31395 | C109: =STDEV(C9:C104) -> 5.4178256 | D109: =STDEV(D9:D104) -> 13.967069 | E109: =STDEV(E9:E104) -> 1.2459578 | F109: =STDEV(F9:F104) -> 4.5610846 | G109: =STDEV(G9:G104) -> 19.043926 | H109: =STDEV(H9:H104) -> 8.2290217 | I109: =STDEV(I9:I104) -> 1.241406 | ... Q109: =STDEV(Q9:Q104) -> 1.7546755
A110: Num | B110: =COUNT(B9:B104) -> 91 | C110: =COUNT(C9:C104) -> 91 | D110: =COUNT(D9:D104) -> 91 | E110: 92 | F110: =COUNT(F9:F104) -> 91 | G110: 92 | H110: 92 | I110: =COUNT(I9:I104) -> 90 | J110: =COUNT(J9:J104) -> 91 | K110: =COUNT(K9:K104) -> 92 | L110: =COUNT(L9:L104) -> 92 | M110: =COUNT(M9:M104) -> 92 | N110: =COUNT(N9:N104) -> 92 | O110: =COUNT(O9:O104) -> 92 | P110: =COUNT(P9:P104) -> 92 | Q110: =COUNT(Q9:Q104) -> 90
A111: DCR | B111: =IF(B110>=87,">90%",IF(B110<=87,"<90%")) -> >90% | C111: =IF(C110>=87,">90%",IF(C110<=87,"<90%")) -> >90% | D111: =IF(D110>=87,">90%",IF(D110<=87,"<90%")) -> >90% | E111: =IF(E110>=87,">90%",IF(E110<=87,"<90%")) -> >90% | F111: =IF(F110>=87,">90%",IF(F110<=87,"<90%")) -> >90% | G111: =IF(G110>=87,">90%",IF(G110<=87,"<90%")) -> >90% | H111: =IF(H110>=87,">90%",IF(H110<=87,"<90%")) -> >90% | I111: =IF(I110>=87,">90%",IF(I110<=87,"<90%")) -> >90% | ... Q111: =IF(Q110>=87,">90%",IF(Q110<=87,"<90%")) -> >90%
A112: Status | B112: =IF(B110>=87,"OK",IF(B110<=87,"LESS")) -> OK | C112: =IF(C110>=87,"OK",IF(C110<=87,"LESS")) -> OK | D112: =IF(D110>=87,"OK",IF(D110<=87,"LESS")) -> OK | E112: =IF(E110>=87,"OK",IF(E110<=87,"LESS")) -> OK | F112: =IF(F110>=87,"OK",IF(F110<=87,"LESS")) -> OK | G112: =IF(G110>=87,"OK",IF(G110<=87,"LESS")) -> OK | H112: =IF(H110>=87,"OK",IF(H110<=87,"LESS")) -> OK | I112: =IF(I110>=87,"OK",IF(I110<=87,"LESS")) -> OK | ... Q112: =IF(Q110>=87,"OK",IF(Q110<=87,"LESS")) -> OK
A115: Done by | B115: AKASH
A117: Comment

Sheet 03
A1: Station: | B1: IGKV RAIPUR
A2: Date: | B2: =$A$9 -> 03/04/2023 00:15 | C2: Power Off | G2: Pw.Off | J2: Link Fail | L2: Link F | N2: Maintenance | P2: Maint.
A3: Report Type: | B3: Mean | C3: Calibration | G3: Calib. | J3: Data Fail | L3: Data F | N3: Invalid | P3: Invalid
A4: Time Base: | B4: 15 Min | C4: Zero Referrence | G4: Z.Ref | J4: Warm Up | L4: Wm. Up
A7: Date & Time | B7: NO_IGKV | C7: NO2__IGKV | D7: NOX_IGKV | E7: SO2__IGKV | F7: O3__IGKV | G7: PM10_IGKV | H7: PM2.5_IGKV | I7: BENZ_IGKV | J7: WS_IGKV | K7: WD_IGKV | L7: TEMP_IGKV | M7: HUM_IGKV | N7: SR_IGKV | O7: RG_IGKV | P7: CO_IGKV | Q7: NH3_IGKV
B8: ug/m3 | C8: ug/m3 | D8: ug/m3 | E8: ug/m3 | F8: ug/m3 | G8: ug/m3 | H8: ug/m3 | I8: ug/m3 | J8: m/sec | K8: deg | L8: degreC | M8: % | N8: w/m2 | O8: mm | P8: mg/m3 | Q8: ug/m3
A9: 03/04/2023 00:15 | B9: 53.25 | C9: 70.41 | D9: 80.36 | E9: 7.08 | F9: 3.87 | G9: 114.59 | H9: 37.12 | I9: 8.08 | J9: 0.25 | K9: 76.51 | L9: 25.24 | M9: 50.46 | N9: 0 | O9: 0 | P9: 0.91 | Q9: 4.55
A10: 03/04/2023 00:30 | B10: 54.49 | C10: 72.14 | D10: 82.27 | E10: 7.09 | F10: 3.86 | G10: 114.82 | H10: 37.16 | I10: 8.21 | J10: 0.24 | K10: 137.54 | L10: 24.43 | M10: 59.7 | N10: 0 | O10: 0 | P10: 0.93 | Q10: 4.74
A11: 03/04/2023 00:45 | B11: 55.72 | C11: 72.45 | D11: 83.41 | E11: 7.32 | F11: 3.62 | G11: 125 | H11: 38.58 | I11: 8.37 | J11: 0.2 | K11: 95.45 | L11: 23.93 | M11: 59.08 | N11: 0 | O11: 0 | P11: 0.94 | Q11: 4.9
A12: 03/04/2023 01:00 | B12: 56.9 | C12: 71.54 | D12: 83.88 | E12: 7.04 | F12: 3.7 | G12: 125 | H12: 38.58 | I12: 8.51 | J12: 0.25 | K12: 152.02 | L12: 23.76 | M12: 62.05 | N12: 0 | O12: 0 | P12: 0.95 | Q12: 4.94
A13: 03/04/2023 01:15 | B13: 57.54 | C13: 72.09 | D13: 84.68 | E13: 7.41 | F13: 3.85 | G13: 125 | H13: 38.58 | I13: 8.6 | J13: 0.21 | K13: 152.17 | L13: 22.95 | M13: 64.95 | N13: 0 | O13: 0 | P13: 0.96 | Q13: 4.94
A14: 03/04/2023 01:30 | B14: 58.33 | C14: 70.55 | D14: 84.51 | E14: 7.2 | F14: 3.76 | G14: 124.38 | H14: 38.39 | I14: 8.68 | J14: 0.1 | K14: 129.03 | L14: 22.97 | M14: 62.15 | N14: 0 | O14: 0 | P14: 0.96 | Q14: 4.94
A15: 03/04/2023 01:45 | B15: 60.12 | C15: 70.68 | D15: 86.01 | E15: 7.39 | F15: 3.66 | G15: 97.13 | H15: 26.22 | I15: 8.75 | J15: 0.19 | K15: 168.56 | L15: 22.73 | M15: 67.47 | N15: 0 | O15: 0 | P15: 0.96 | Q15: 5.04
A16: 03/04/2023 02:00 | B16: 61.49 | C16: 70.94 | D16: 87.25 | E16: 7.95 | F16: 3.71 | G16: 97.13 | H16: 26.22 | I16: 8.78 | J16: 0.18 | K16: 143.48 | L16: 22.5 | M16: 64.91 | N16: 0 | O16: 0 | P16: 0.97 | Q16: 5.13
A17: 03/04/2023 02:15 | B17: 63.02 | C17: 70.43 | D17: 88.21 | E17: 4.51 | F17: 3.73 | G17: 97.13 | H17: 26.22 | I17: 8.81 | J17: 0.26 | K17: 162.16 | L17: 22.1 | M17: 70.28 | N17: 0 | O17: 0 | P17: 0.98 | Q17: 5.2
A18: 03/04/2023 02:30 | B18: 63.38 | C18: 69.97 | D18: 88.26 | E18: 8.36 | F18: 3.68 | G18: 96.79 | H18: 26.4 | I18: 8.86 | J18: 0.31 | K18: 187.82 | L18: 21.4 | M18: 73.09 | N18: 0 | O18: 0 | P18: 0.98 | Q18: 5.25
A19: 03/04/2023 02:45 | B19: 63.12 | C19: 69.7 | D19: 87.9 | E19: 8.85 | F19: 3.8 | G19: 81.69 | H19: 32.13 | I19: 8.91 | J19: 0.15 | K19: 183.6 | L19: 21.18 | M19: 71.35 | N19: 0 | O19: 0 | P19: 0.98 | Q19: 5.2
A20: 03/04/2023 03:00 | B20: 62.4 | C20: 69.39 | D20: 87.17 | E20: 8.72 | F20: 3.59 | G20: 81.69 | H20: 32.13 | I20: 8.95 | J20: 0.15 | K20: 126.99 | L20: 21.27 | M20: 70.92 | N20: 0 | O20: 0 | P20: 0.98 | Q20: 5.14
... A104: 03/04/2023 24:00 | B104: 17.22 | C104: 64.1 | D104: 48.17 | E104: 9.24 | F104: 5.08 | G104: 44.36 | H104: 20.85 | I104: 5.78 | J104: 0.1 | K104: 129.92 | L104: 25.54 | M104: 60.71 | N104: 0 | O104: 0 | P104: 0.71 | Q104: 5
A106: Min | B106: =MIN(B9:B104) -> 4.87 | C106: =MIN(C9:C104) -> 50.53 | D106: =MIN(D9:D104) -> 31.5 | E106: =MIN(E9:E104) -> 4.51 | F106: =MIN(F9:F104) -> 3.59 | G106: =MIN(G9:G104) -> 29.38 | H106: =MIN(H9:H104) -> 15.31 | I106: =MIN(I9:I104) -> 4.35 | ... Q106: =MIN(Q9:Q104) -> 4.55
A107: Max | B107: =MAX(B9:B104) -> 67.68 | C107: =MAX(C9:C104) -> 75 | D107: =MAX(D9:D104) -> 93.02 | E107: =MAX(E9:E104) -> 10.7 | F107: =MAX(F9:F104) -> 22.92 | G107: =MAX(G9:G104) -> 125 | H107: =MAX(H9:H104) -> 42.07 | I107: =MAX(I9:I104) -> 9.76 | ... Q107: =MAX(Q9:Q104) -> 5.8
A108: Avg | B108: =AVERAGE(B9:B104) -> 31.26125 | C108: =AVERAGE(C9:C104) -> 64.935729 | D108: =AVERAGE(D9:D104) -> 59.869479 | E108: =AVERAGE(E9:E104) -> 8.684375 | F108: =AVERAGE(F9:F104) -> 8.8619792 | G108: =AVERAGE(G9:G104) -> 66.194688 | H108: =AVERAGE(H9:H104) -> 25.687604 | I108: =AVERAGE(I9:I104) -> 7.226875 | ... Q108: =AVERAGE(Q9:Q104) -> 5.0828125
A109: Stdev | B109: =STDEV(B9:B104) -> 25.064382 | C109: =STDEV(C9:C104) -> 7.1878912 | D109: =STDEV(D9:D104) -> 23.255599 | E109: =STDEV(E9:E104) -> 1.1161992 | F109: =STDEV(F9:F104) -> 5.7082429 | G109: =STDEV(G9:G104) -> 28.876608 | H109: =STDEV(H9:H104) -> 8.1664485 | I109: =STDEV(I9:I104) -> 1.8209236 | ... Q109: =STDEV(Q9:Q104) -> 0.2325452
A110: Num | B110: =COUNT(B9:B104) -> 96 | C110: =COUNT(C9:C104) -> 96 | D110: =COUNT(D9:D104) -> 96 | E110: =COUNT(E9:E104) -> 96 | F110: =COUNT(F9:F104) -> 96 | G110: =COUNT(G9:G104) -> 96 | H110: =COUNT(H9:H104) -> 96 | I110: =COUNT(I9:I104) -> 96 | ... Q110: =COUNT(Q9:Q104) -> 96
A111: DCR | B111: =IF(B110>=87,">90%",IF(B110<=87,"<90%")) -> >90% | C111: =IF(C110>=87,">90%",IF(C110<=87,"<90%")) -> >90% | D111: =IF(D110>=87,">90%",IF(D110<=87,"<90%")) -> >90% | E111: =IF(E110>=87,">90%",IF(E110<=87,"<90%")) -> >90% | F111: =IF(F110>=87,">90%",IF(F110<=87,"<90%")) -> >90% | G111: =IF(G110>=87,">90%",IF(G110<=87,"<90%")) -> >90% | H111: =IF(H110>=87,">90%",IF(H110<=87,"<90%")) -> >90% | I111: =IF(I110>=87,">90%",IF(I110<=87,"<90%")) -> >90% | ... Q111: =IF(Q110>=87,">90%",IF(Q110<=87,"<90%")) -> >90%
A112: Status | B112: =IF(B110>=87,"OK",IF(B110<=87,"LESS")) -> OK | C112: =IF(C110>=87,"OK",IF(C110<=87,"LESS")) -> OK | D112: =IF(D110>=87,"OK",IF(D110<=87,"LESS")) -> OK | E112: =IF(E110>=87,"OK",IF(E110<=87,"LESS")) -> OK | F112: =IF(F110>=87,"OK",IF(F110<=87,"LESS")) -> OK | G112: =IF(G110>=87,"OK",IF(G110<=87,"LESS")) -> OK | H112: =IF(H110>=87,"OK",IF(H110<=87,"LESS")) -> OK | I112: =IF(I110>=87,"OK",IF(I110<=87,"LESS")) -> OK | ... Q112: =IF(Q110>=87,"OK",IF(Q110<=87,"LESS")) -> OK
A115: Done by | B115: AKASH
A117: Comment

Sheet 04
A1: Station: | B1: IGKV RAIPUR
A2: Date: | B2: =$A$9 -> 04/04/2023 00:15 | C2: Power Off | G2: Pw.Off | J2: Link Fail | L2: Link F | N2: Maintenance | P2: Maint.
A3: Report Type: | B3: Mean | C3: Calibration | G3: Calib. | J3: Data Fail | L3: Data F | N3: Invalid | P3: Invalid
A4: Time Base: | B4: 15 Min | C4: Zero Referrence | G4: Z.Ref | J4: Warm Up | L4: Wm. Up
A7: Date & Time | B7: NO_IGKV | C7: NO2__IGKV | D7: NOX_IGKV | E7: SO2__IGKV | F7: O3__IGKV | G7: PM10_IGKV | H7: PM2.5_IGKV | I7: BENZ_IGKV | J7: WS_IGKV | K7: WD_IGKV | L7: TEMP_IGKV | M7: HUM_IGKV | N7: SR_IGKV | O7: RG_IGKV | P7: CO_IGKV | Q7: NH3_IGKV
B8: ug/m3 | C8: ug/m3 | D8: ug/m3 | E8: ug/m3 | F8: ug/m3 | G8: ug/m3 | H8: ug/m3 | I8: ug/m3 | J8: m/sec | K8: deg | L8: degreC | M8: % | N8: w/m2 | O8: mm | P8: mg/m3 | Q8: ug/m3
A9: 04/04/2023 00:15 | B9: 18.11 | C9: 67.15 | D9: 50.48 | E9: 9.51 | F9: 4.5 | G9: 44.36 | H9: 20.85 | I9: 5.8 | J9: 0.1 | K9: 140.92 | L9: 25.76 | M9: 59.23 | N9: 0 | O9: 0 | P9: 0.71 | Q9: 5
A10: 04/04/2023 00:30 | B10: 17.9 | C10: 67.1 | D10: 50.28 | E10: 8.84 | F10: 4.29 | G10: 44.3 | H10: 20.9 | I10: 5.82 | J10: 0.09 | K10: 171.6 | L10: 25.74 | M10: 59.44 | N10: 0 | O10: 0 | P10: 0.71 | Q10: 5
A11: 04/04/2023 00:45 | B11: 17.8 | C11: 67.59 | D11: 50.46 | E11: 9.15 | F11: 4.39 | G11: 42.07 | H11: 22.43 | I11: 5.79 | J11: 0.08 | K11: 198.57 | L11: 25.57 | M11: 60.47 | N11: 0 | O11: 0 | P11: 0.72 | Q11: 5
A12: 04/04/2023 01:00 | B12: 17.73 | C12: 67.75 | D12: 50.48 | E12: 8.91 | F12: 4.26 | G12: 42.07 | H12: 22.43 | I12: 5.73 | J12: 0.15 | K12: 146.68 | L12: 25.61 | M12: 60.71 | N12: 0 | O12: 0 | P12: 0.71 | Q12: 5
A13: 04/04/2023 01:15 | B13: 17.54 | C13: 67.84 | D13: 50.38 | E13: 9.19 | F13: 4.22 | G13: 42.07 | H13: 22.43 | I13: 5.68 | J13: 0.15 | K13: 137.05 | L13: 25.59 | M13: 61.61 | N13: 0 | O13: 0 | P13: 0.71 | Q13: 5
A14: 04/04/2023 01:30 | B14: 17.4 | C14: 68.08 | D14: 50.4 | E14: 8.76 | F14: 4.31 | G14: 42.03 | H14: 22.34 | I14: 5.66 | J14: 0.14 | K14: 160.38 | L14: 25.41 | M14: 62.21 | N14: 0 | O14: 0 | P14: 0.7 | Q14: 5
A15: 04/04/2023 01:45 | B15: 17.25 | C15: 68.32 | D15: 50.4 | E15: 9.01 | F15: 4.36 | G15: 40.08 | H15: 19.55 | I15: 5.62 | J15: 0.18 | K15: 177.51 | L15: 25.54 | M15: 61.64 | N15: 0 | O15: 0 | P15: 0.7 | Q15: 5
A16: 04/04/2023 02:00 | B16: 17.11 | C16: 68.49 | D16: 50.38 | E16: 8.85 | F16: 3.64 | G16: 40.08 | H16: 19.55 | I16: 5.52 | J16: 0.19 | K16: 141.71 | L16: 25.54 | M16: 62.54 | N16: 0 | O16: 0 | P16: 0.69 | Q16: 5
A17: 04/04/2023 02:15 | B17: 16.93 | C17: 68.78 | D17: 50.39 | E17: 5.01 | F17: 2.68 | G17: 40.08 | H17: 19.55 | I17: 5.46 | J17: 0.14 | K17: 151.88 | L17: 25.17 | M17: 64.22 | N17: 0 | O17: 0 | P17: 0.69 | Q17: 5
A18: 04/04/2023 02:30 | B18: 16.93 | C18: 68.47 | D18: 50.22 | E18: 7.34 | F18: 3.88 | G18: 40.01 | H18: 19.56 | I18: 5.42 | J18: 0.21 | K18: 154.5 | L18: 24.99 | M18: 66.12 | N18: 0 | O18: 0 | P18: 0.68 | Q18: 5
A19: 04/04/2023 02:45 | B19: 17.05 | C19: 68.67 | D19: 50.42 | E19: 7.4 | F19: 3.87 | G19: 37.04 | H19: 19.95 | I19: 5.34 | J19: 0.22 | K19: 154.27 | L19: 24.75 | M19: 67.41 | N19: 0 | O19: 0 | P19: 0.68 | Q19: 5
A20: 04/04/2023 03:00 | B20: 17.15 | C20: 68.46 | D20: 50.39 | E20: 7.41 | F20: 3.81 | G20: 37.04 | H20: 19.95 | I20: 5.25 | J20: 0.12 | K20: 152.44 | L20: 24.41 | M20: 69.78 | N20: 0 | O20: 0 | P20: 0.68 | Q20: 5
... A104: 04/04/2023 24:00 | B104: 16.96 | C104: 70.92 | D104: 51.53 | E104: 7.82 | F104: 3.92 | G104: 42.58 | H104: 19.6 | I104: 4.68 | J104: 0.19 | K104: 176.73 | L104: 25.49 | M104: 61.42 | N104: 0 | O104: 0 | P104: 0.62 | Q104: 5
A106: Min | B106: =MIN(B9:B104) -> 5.91 | C106: =MIN(C9:C104) -> 47.78 | D106: =MIN(D9:D104) -> 30.57 | E106: =MIN(E9:E104) -> 5.01 | F106: =MIN(F9:F104) -> 2.68 | G106: =MIN(G9:G104) -> 34.43 | H106: =MIN(H9:H104) -> 13.05 | I106: =MIN(I9:I104) -> 3.71 | ... Q106: =MIN(Q9:Q104) -> 5
A107: Max | B107: =MAX(B9:B104) -> 26.01 | C107: =MAX(C9:C104) -> 73.96 | D107: =MAX(D9:D104) -> 57.04 | E107: =MAX(E9:E104) -> 14.15 | F107: =MAX(F9:F104) -> 27.67 | G107: =MAX(G9:G104) -> 48.23 | H107: =MAX(H9:H104) -> 22.43 | I107: =MAX(I9:I104) -> 5.82 | ... Q107: =MAX(Q9:Q104) -> 5
A108: Avg | B108: =AVERAGE(B9:B104) -> 14.169063 | C108: =AVERAGE(C9:C104) -> 64.089271 | D108: =AVERAGE(D9:D104) -> 45.720833 | E108: =AVERAGE(E9:E104) -> 8.5075 | F108: =AVERAGE(F9:F104) -> 7.5665625 | G108: =AVERAGE(G9:G104) -> 38.733542 | H108: =AVERAGE(H9:H104) -> 18.758125 | I108: =AVERAGE(I9:I104) -> 4.6035417 | ... Q108: =AVERAGE(Q9:Q104) -> 5
A109: Stdev | B109: =STDEV(B9:B104) -> 6.3163719 | C109: =STDEV(C9:C104) -> 6.8371661 | D109: =STDEV(D9:D104) -> 7.5927863 | E109: =STDEV(E9:E104) -> 1.5003515 | F109: =STDEV(F9:F104) -> 5.0743451 | G109: =STDEV(G9:G104) -> 2.9820805 | H109: =STDEV(H9:H104) -> 2.227734 | I109: =STDEV(I9:I104) -> 0.56905643 | ... Q109: =STDEV(Q9:Q104) -> 0
A110: Num | B110: =COUNT(B9:B104) -> 96 | C110: =COUNT(C9:C104) -> 96 | D110: =COUNT(D9:D104) -> 96 | E110: =COUNT(E9:E104) -> 96 | F110: =COUNT(F9:F104) -> 96 | G110: =COUNT(G9:G104) -> 96 | H110: =COUNT(H9:H104) -> 96 | I110: =COUNT(I9:I104) -> 96 | ... Q110: =COUNT(Q9:Q104) -> 96
A111: DCR | B111: =IF(B110>=87,">90%",IF(B110<=87,"<90%")) -> >90% | C111: =IF(C110>=87,">90%",IF(C110<=87,"<90%")) -> >90% | D111: =IF(D110>=87,">90%",IF(D110<=87,"<90%")) -> >90% | E111: =IF(E110>=87,">90%",IF(E110<=87,"<90%")) -> >90% | F111: =IF(F110>=87,">90%",IF(F110<=87,"<90%")) -> >90% | G111: =IF(G110>=87,">90%",IF(G110<=87,"<90%")) -> >90% | H111: =IF(H110>=87,">90%",IF(H110<=87,"<90%")) -> >90% | I111: =IF(I110>=87,">90%",IF(I110<=87,"<90%")) -> >90% | ... Q111: =IF(Q110>=87,">90%",IF(Q110<=87,"<90%")) -> >90%
A112: Status | B112: =IF(B110>=87,"OK",IF(B110<=87,"LESS")) -> OK | C112: =IF(C110>=87,"OK",IF(C110<=87,"LESS")) -> OK | D112: =IF(D110>=87,"OK",IF(D110<=87,"LESS")) -> OK | E112: =IF(E110>=87,"OK",IF(E110<=87,"LESS")) -> OK | F112: =IF(F110>=87,"OK",IF(F110<=87,"LESS")) -> OK | G112: =IF(G110>=87,"OK",IF(G110<=87,"LESS")) -> OK | H112: =IF(H110>=87,"OK",IF(H110<=87,"LESS")) -> OK | I112: =IF(I110>=87,"OK",IF(I110<=87,"LESS")) -> OK | ... Q112: =IF(Q110>=87,"OK",IF(Q110<=87,"LESS")) -> OK
A115: Done by | B115: AKASH
A117: Comment

Sheet 05
A1: Station: | B1: IGKV RAIPUR
A2: Date: | B2: =$A$9 -> 05/04/2023 00:15 | C2: Power Off | G2: Pw.Off | J2: Link Fail | L2: Link F | N2: Maintenance | P2: Maint.
A3: Report Type: | B3: Mean | C3: Calibration | G3: Calib. | J3: Data Fail | L3: Data F | N3: Invalid | P3: Invalid
A4: Time Base: | B4: 15 Min | C4: Zero Referrence | G4: Z.Ref | J4: Warm Up | L4: Wm. Up
A7: Date & Time | B7: NO_IGKV | C7: NO2__IGKV | D7: NOX_IGKV | E7: SO2__IGKV | F7: O3__IGKV | G7: PM10_IGKV | H7: PM2.5_IGKV | I7: BENZ_IGKV | J7: WS_IGKV | K7: WD_IGKV | L7: TEMP_IGKV | M7: HUM_IGKV | N7: SR_IGKV | O7: RG_IGKV | P7: CO_IGKV | Q7: NH3_IGKV
B8: ug/m3 | C8: ug/m3 | D8: ug/m3 | E8: ug/m3 | F8: ug/m3 | G8: ug/m3 | H8: ug/m3 | I8: ug/m3 | J8: m/sec | K8: deg | L8: degreC | M8: % | N8: w/m2 | O8: mm | P8: mg/m3 | Q8: ug/m3
A9: 05/04/2023 00:15 | B9: 16.84 | C9: 71.58 | D9: 51.78 | E9: 7.54 | F9: 3.86 | G9: 42.58 | H9: 19.6 | I9: 4.66 | J9: 0.19 | K9: 186.5 | L9: 25.27 | M9: 62.83 | N9: 0 | O9: 0 | P9: 0.62 | Q9: 5
A10: 05/04/2023 00:30 | B10: 17.02 | C10: 70.22 | D10: 51.21 | E10: 7.47 | F10: 4.11 | G10: 42.63 | H10: 19.56 | I10: 4.68 | J10: 0.03 | K10: 303.94 | L10: 25.23 | M10: 61.39 | N10: 0 | O10: 0 | P10: 0.62 | Q10: 5
A11: 05/04/2023 00:45 | B11: 17.38 | C11: 61.39 | D11: 46.89 | E11: 7.45 | F11: 5.25 | G11: 44.92 | H11: 18.2 | I11: 4.67 | J11: 0.32 | K11: 200.88 | L11: 25.7 | M11: 58.65 | N11: 0 | O11: 0 | P11: 0.6 | Q11: 5
A12: 05/04/2023 01:00 | B12: 18.09 | C12: 65.04 | D12: 49.36 | E12: 7.81 | F12: 5.43 | G12: 44.92 | H12: 18.2 | I12: 4.67 | J12: 0.17 | K12: 181.26 | L12: 25.53 | M12: 59.46 | N12: 0 | O12: 0 | P12: 0.58 | Q12: 5
A13: 05/04/2023 01:15 | B13: 18.52 | C13: 65.49 | D13: 49.95 | E13: 7.73 | F13: 4.21 | G13: 44.92 | H13: 18.2 | I13: 4.68 | J13: 0.17 | K13: 165.74 | L13: 25.36 | M13: 60.46 | N13: 0 | O13: 0 | P13: 0.58 | Q13: 5
A14: 05/04/2023 01:30 | B14: 18.8 | C14: 66.83 | D14: 50.87 | E14: 7.14 | F14: 3.99 | G14: 44.75 | H14: 18.17 | I14: 4.68 | J14: 0.15 | K14: 165.32 | L14: 25.2 | M14: 61.73 | N14: 0 | O14: 0 | P14: 0.58 | Q14: 5
A15: 05/04/2023 01:45 | B15: 19.14 | C15: 66.79 | D15: 51.12 | E15: 7.9 | F15: 4.02 | G15: 36.9 | H15: 16.11 | I15: 4.65 | J15: 0.25 | K15: 185.67 | L15: 25.09 | M15: 62.15 | N15: 0 | O15: 0 | P15: 0.58 | Q15: 5
A16: 05/04/2023 02:00 | B16: 19.45 | C16: 66.34 | D16: 51.13 | E16: 8.06 | F16: 4.04 | G16: 36.9 | H16: 16.11 | I16: 4.63 | J16: 0.21 | K16: 168.63 | L16: 25.02 | M16: 62.9 | N16: 0 | O16: 0 | P16: 0.58 | Q16: 5
A17: 05/04/2023 02:15 | B17: 19.76 | C17: 65.89 | D17: 51.15 | E17: 5.46 | F17: 4.05 | G17: 36.9 | H17: 16.11 | I17: 4.64 | J17: 0.22 | K17: 117.15 | L17: 24.62 | M17: 64.72 | N17: 0 | O17: 0 | P17: 0.58 | Q17: 5
A18: 05/04/2023 02:30 | B18: 19.7 | C18: 65.56 | D18: 50.93 | E18: 8.21 | F18: 4.17 | G18: 36.87 | H18: 16.1 | I18: 4.65 | J18: 0.1 | K18: 143.63 | L18: 24.54 | M18: 64.69 | N18: 0 | O18: 0 | P18: 0.57 | Q18: 5
A19: 05/04/2023 02:45 | B19: 20.23 | C19: 65.59 | D19: 51.36 | E19: 8.22 | F19: 4.31 | G19: 35.91 | H19: 15.86 | I19: 4.65 | J19: 0.16 | K19: 125.61 | L19: 24.45 | M19: 65.33 | N19: 0 | O19: 0 | P19: 0.58 | Q19: 5
A20: 05/04/2023 03:00 | B20: 21.55 | C20: 66.23 | D20: 52.75 | E20: 8.28 | F20: 3.84 | G20: 35.91 | H20: 15.86 | I20: 4.65 | J20: 0.14 | K20: 153.25 | L20: 24.29 | M20: 65.99 | N20: 0 | O20: 0 | P20: 0.58 | Q20: 5
... A104: 05/04/2023 24:00 | B104: 23.48 | C104: 67.58 | D104: 55.02 | E104: 8.78 | F104: 3.75 | G104: 80.69 | H104: 26.12 | I104: 5.99 | J104: 0.19 | K104: 119.08 | L104: 25.01 | M104: 62.7 | N104: 0 | O104: 0 | P104: 0.73 | Q104: 5
A106: Min | B106: =MIN(B9:B104) -> 5.18 | C106: =MIN(C9:C104) -> 53.76 | D106: =MIN(D9:D104) -> 33.23 | E106: =MIN(E9:E104) -> 5.46 | F106: =MIN(F9:F104) -> 3.56 | G106: =MIN(G9:G104) -> 34.56 | H106: =MIN(H9:H104) -> 13.81 | I106: =MIN(I9:I104) -> 4.63 | ... Q106: =MIN(Q9:Q104) -> 4.95
A107: Max | B107: =MAX(B9:B104) -> 31.35 | C107: =MAX(C9:C104) -> 73.66 | D107: =MAX(D9:D104) -> 63.36 | E107: =MAX(E9:E104) -> 31.8 | F107: =MAX(F9:F104) -> 36.24 | G107: =MAX(G9:G104) -> 84.88 | H107: =MAX(H9:H104) -> 27.13 | I107: =MAX(I9:I104) -> 11.59 | ... Q107: =MAX(Q9:Q104) -> 5
A108: Avg | B108: =AVERAGE(B9:B104) -> 16.771354 | C108: =AVERAGE(C9:C104) -> 65.164896 | D108: =AVERAGE(D9:D104) -> 48.370104 | E108: =AVERAGE(E9:E104) -> 11.613021 | F108: =AVERAGE(F9:F104) -> 10.703542 | G108: =AVERAGE(G9:G104) -> 59.03375 | H108: =AVERAGE(H9:H104) -> 21.508125 | I108: =AVERAGE(I9:I104) -> 6.7227083 | ... Q108: =AVERAGE(Q9:Q104) -> 4.9988542
A109: Stdev | B109: =STDEV(B9:B104) -> 8.3763687 | C109: =STDEV(C9:C104) -> 4.5534537 | D109: =STDEV(D9:D104) -> 8.669441 | E109: =STDEV(E9:E104) -> 5.105038 | F109: =STDEV(F9:F104) -> 8.4909231 | G109: =STDEV(G9:G104) -> 14.728836 | H109: =STDEV(H9:H104) -> 3.6151588 | I109: =STDEV(I9:I104) -> 2.1681651 | ... Q109: =STDEV(Q9:Q104) -> 0.0066284541
A110: Num | B110: =COUNT(B9:B104) -> 96 | C110: =COUNT(C9:C104) -> 96 | D110: =COUNT(D9:D104) -> 96 | E110: =COUNT(E9:E104) -> 96 | F110: =COUNT(F9:F104) -> 96 | G110: =COUNT(G9:G104) -> 96 | H110: =COUNT(H9:H104) -> 96 | I110: =COUNT(I9:I104) -> 96 | ... Q110: =COUNT(Q9:Q104) -> 96
A111: DCR | B111: =IF(B110>=87,">90%",IF(B110<=87,"<90%")) -> >90% | C111: =IF(C110>=87,">90%",IF(C110<=87,"<90%")) -> >90% | D111: =IF(D110>=87,">90%",IF(D110<=87,"<90%")) -> >90% | E111: =IF(E110>=87,">90%",IF(E110<=87,"<90%")) -> >90% | F111: =IF(F110>=87,">90%",IF(F110<=87,"<90%")) -> >90% | G111: =IF(G110>=87,">90%",IF(G110<=87,"<90%")) -> >90% | H111: =IF(H110>=87,">90%",IF(H110<=87,"<90%")) -> >90% | I111: =IF(I110>=87,">90%",IF(I110<=87,"<90%")) -> >90% | ... Q111: =IF(Q110>=87,">90%",IF(Q110<=87,"<90%")) -> >90%
A112: Status | B112: =IF(B110>=87,"OK",IF(B110<=87,"LESS")) -> OK | C112: =IF(C110>=87,"OK",IF(C110<=87,"LESS")) -> OK | D112: =IF(D110>=87,"OK",IF(D110<=87,"LESS")) -> OK | E112: =IF(E110>=87,"OK",IF(E110<=87,"LESS")) -> OK | F112: =IF(F110>=87,"OK",IF(F110<=87,"LESS")) -> OK | G112: =IF(G110>=87,"OK",IF(G110<=87,"LESS")) -> OK | H112: =IF(H110>=87,"OK",IF(H110<=87,"LESS")) -> OK | I112: =IF(I110>=87,"OK",IF(I110<=87,"LESS")) -> OK | ... Q112: =IF(Q110>=87,"OK",IF(Q110<=87,"LESS")) -> OK
A115: Done by | B115: AKASH
A117: Comment

Sheet 06
A1: Station: | B1: IGKV RAIPUR
A2: Date: | B2: =$A$9 -> 06/04/2023 00:15 | C2: Power Off | G2: Pw.Off | J2: Link Fail | L2: Link F | N2: Maintenance | P2: Maint.
A3: Report Type: | B3: Mean | C3: Calibration | G3: Calib. | J3: Data Fail | L3: Data F | N3: Invalid | P3: Invalid
A4: Time Base: | B4: 15 Min | C4: Zero Referrence | G4: Z.Ref | J4: Warm Up | L4: Wm. Up
A7: Date & Time | B7: NO_IGKV | C7: NO2__IGKV | D7: NOX_IGKV | E7: SO2__IGKV | F7: O3__IGKV | G7: PM10_IGKV | H7: PM2.5_IGKV | I7: BENZ_IGKV | J7: WS_IGKV | K7: WD_IGKV | L7: TEMP_IGKV | M7: HUM_IGKV | N7: SR_IGKV | O7: RG_IGKV | P7: CO_IGKV | Q7: NH3_IGKV
B8: ug/m3 | C8: ug/m3 | D8: ug/m3 | E8: ug/m3 | F8: ug/m3 | G8: ug/m3 | H8: ug/m3 | I8: ug/m3 | J8: m/sec | K8: deg | L8: degreC | M8: % | N8: w/m2 | O8: mm | P8: mg/m3 | Q8: ug/m3
A9: 06/04/2023 00:15 | B9: 24 | C9: 67.81 | D9: 55.55 | E9: 8.79 | F9: 4.02 | G9: 80.69 | H9: 26.12 | I9: 6.04 | J9: 0.19 | K9: 154.15 | L9: 25.22 | M9: 61.75 | N9: 0 | O9: 0 | P9: 0.73 | Q9: 5
A10: 06/04/2023 00:30 | B10: 24.29 | C10: 67.65 | D10: 55.7 | E10: 8.61 | F10: 3.82 | G10: 80.86 | H10: 26.15 | I10: 6.08 | J10: 0.23 | K10: 159.31 | L10: 24.96 | M10: 63.93 | N10: 0 | O10: 0 | P10: 0.73 | Q10: 5
A11: 06/04/2023 00:45 | B11: 24.54 | C11: 67.5 | D11: 55.82 | E11: 8.71 | F11: 4.08 | G11: 88.54 | H11: 27.12 | I11: 6.11 | J11: 0.15 | K11: 181.94 | L11: 24.63 | M11: 63.42 | N11: 0 | O11: 0 | P11: 0.74 | Q11: 5
A12: 06/04/2023 01:00 | B12: 24.91 | C12: 68.06 | D12: 56.41 | E12: 9.07 | F12: 3.87 | G12: 88.54 | H12: 27.12 | I12: 6.17 | J12: 0.07 | K12: 137.35 | L12: 24.44 | M12: 63.56 | N12: 0 | O12: 0 | P12: 0.73 | Q12: 5
A13: 06/04/2023 01:15 | B13: 25.2 | C13: 70.07 | D13: 57.7 | E13: 8.64 | F13: 3.73 | G13: 88.54 | H13: 27.12 | I13: 6.22 | J13: 0.14 | K13: 149.79 | L13: 24.79 | M13: 60.86 | N13: 0 | O13: 0 | P13: 0.75 | Q13: 5
A14: 06/04/2023 01:30 | B14: 25.65 | C14: 70.12 | D14: 58.07 | E14: 8.47 | F14: 3.75 | G14: 88.27 | H14: 26.99 | I14: 6.27 | J14: 0.17 | K14: 179.74 | L14: 24.81 | M14: 61.89 | N14: 0 | O14: 0 | P14: 0.76 | Q14: 5
A15: 06/04/2023 01:45 | B15: 25.4 | C15: 70.09 | D15: 57.87 | E15: 8.23 | F15: 3.78 | G15: 76.4 | H15: 22.74 | I15: 6.28 | J15: 0.06 | K15: 204.95 | L15: 24.46 | M15: 63.71 | N15: 0 | O15: 0 | P15: 0.75 | Q15: 5
A16: 06/04/2023 02:00 | B16: 26.05 | C16: 70.37 | D16: 58.53 | E16: 8.35 | F16: 3.77 | G16: 76.4 | H16: 22.74 | I16: 6.25 | J16: 0.2 | K16: 21.99 | L16: 24.39 | M16: 63.46 | N16: 0 | O16: 0 | P16: 0.74 | Q16: 5
A17: 06/04/2023 02:15 | B17: 27.55 | C17: 70.5 | D17: 59.8 | E17: 5.43 | F17: 3.86 | G17: 76.4 | H17: 22.74 | I17: 6.21 | J17: 0.07 | K17: 136.33 | L17: 24.65 | M17: 61.8 | N17: 0 | O17: 0 | P17: 0.74 | Q17: 5
A18: 06/04/2023 02:30 | B18: 28.78 | C18: 70.99 | D18: 61.04 | E18: 7.7 | F18: 3.66 | G18: 76.31 | H18: 22.76 | I18: 6.19 | J18: 0.13 | K18: 149.34 | L18: 24.51 | M18: 64.06 | N18: 0 | O18: 0 | P18: 0.74 | Q18: 5
A19: 06/04/2023 02:45 | B19: 30.02 | C19: 71.59 | D19: 62.35 | E19: 7.7 | F19: 3.63 | G19: 72.08 | H19: 23.66 | I19: 6.16 | J19: 0.25 | K19: 154.26 | L19: 24.32 | M19: 67.05 | N19: 0 | O19: 0 | P19: 0.73 | Q19: 5
A20: 06/04/2023 03:00 | B20: 30.93 | C20: 71.75 | D20: 63.16 | E20: 7.9 | F20: 3.66 | G20: 72.08 | H20: 23.66 | I20: 6.12 | J20: 0.43 | K20: 155.16 | L20: 23.97 | M20: 66.2 | N20: 0 | O20: 0 | P20: 0.73 | Q20: 5
... A104: 06/04/2023 24:00 | B104: 15.1 | C104: 69.01 | D104: 49.04 | E104: 7.09 | F104: 3.97 | G104: 34.74 | H104: 19.34 | I104: 5.83 | J104: 0.21 | K104: 199.56 | L104: 25.51 | M104: 68.39 | N104: 0 | O104: 0 | P104: 0.73 | Q104: 5
A106: Min | B106: =MIN(B9:B104) -> 8.63 | C106: =MIN(C9:C104) -> 57.66 | D106: =MIN(D9:D104) -> 39.11 | E106: =MIN(E9:E104) -> 5.43 | F106: =MIN(F9:F104) -> 3.58 | G106: =MIN(G9:G104) -> 34.74 | H106: =MIN(H9:H104) -> 19.34 | I106: =MIN(I9:I104) -> 5.08 | ... Q106: =MIN(Q9:Q104) -> 5
A107: Max | B107: =MAX(B9:B104) -> 36.75 | C107: =MAX(C9:C104) -> 79.73 | D107: =MAX(D9:D104) -> 66.83 | E107: =MAX(E9:E104) -> 37.65 | F107: =MAX(F9:F104) -> 32.86 | G107: =MAX(G9:G104) -> 174.56 | H107: =MAX(H9:H104) -> 46.04 | I107: =MAX(I9:I104) -> 8.01 | ... Q107: =MAX(Q9:Q104) -> 5
A108: Avg | B108: =AVERAGE(B9:B104) -> 21.774167 | C108: =AVERAGE(C9:C104) -> 68.479792 | D108: =AVERAGE(D9:D104) -> 54.13125 | E108: =AVERAGE(E9:E104) -> 13.105625 | F108: =AVERAGE(F9:F104) -> 8.9991667 | G108: =AVERAGE(G9:G104) -> 85.507292 | H108: =AVERAGE(H9:H104) -> 28.969062 | I108: =AVERAGE(I9:I104) -> 6.4816667 | ... Q108: =AVERAGE(Q9:Q104) -> 5
A109: Stdev | B109: =STDEV(B9:B104) -> 9.330095 | C109: =STDEV(C9:C104) -> 4.4621984 | D109: =STDEV(D9:D104) -> 8.0167714 | E109: =STDEV(E9:E104) -> 6.9591451 | F109: =STDEV(F9:F104) -> 6.9797835 | G109: =STDEV(G9:G104) -> 35.909245 | H109: =STDEV(H9:H104) -> 7.5519616 | I109: =STDEV(I9:I104) -> 0.68969202 | ... Q109: =STDEV(Q9:Q104) -> 0
A110: Num | B110: =COUNT(B9:B104) -> 96 | C110: =COUNT(C9:C104) -> 96 | D110: =COUNT(D9:D104) -> 96 | E110: =COUNT(E9:E104) -> 96 | F110: =COUNT(F9:F104) -> 96 | G110: =COUNT(G9:G104) -> 96 | H110: =COUNT(H9:H104) -> 96 | I110: =COUNT(I9:I104) -> 96 | ... Q110: =COUNT(Q9:Q104) -> 96
A111: DCR | B111: =IF(B110>=87,">90%",IF(B110<=87,"<90%")) -> >90% | C111: =IF(C110>=87,">90%",IF(C110<=87,"<90%")) -> >90% | D111: =IF(D110>=87,">90%",IF(D110<=87,"<90%")) -> >90% | E111: =IF(E110>=87,">90%",IF(E110<=87,"<90%")) -> >90% | F111: =IF(F110>=87,">90%",IF(F110<=87,"<90%")) -> >90% | G111: =IF(G110>=87,">90%",IF(G110<=87,"<90%")) -> >90% | H111: =IF(H110>=87,">90%",IF(H110<=87,"<90%")) -> >90% | I111: =IF(I110>=87,">90%",IF(I110<=87,"<90%")) -> >90% | ... Q111: =IF(Q110>=87,">90%",IF(Q110<=87,"<90%")) -> >90%
A112: Status | B112: =IF(B110>=87,"OK",IF(B110<=87,"LESS")) -> OK | C112: =IF(C110>=87,"OK",IF(C110<=87,"LESS")) -> OK | D112: =IF(D110>=87,"OK",IF(D110<=87,"LESS")) -> OK | E112: =IF(E110>=87,"OK",IF(E110<=87,"LESS")) -> OK | F112: =IF(F110>=87,"OK",IF(F110<=87,"LESS")) -> OK | G112: =IF(G110>=87,"OK",IF(G110<=87,"LESS")) -> OK | H112: =IF(H110>=87,"OK",IF(H110<=87,"LESS")) -> OK | I112: =IF(I110>=87,"OK",IF(I110<=87,"LESS")) -> OK | ... Q112: =IF(Q110>=87,"OK",IF(Q110<=87,"LESS")) -> OK
A115: Done by | B115: AKASH
A117: Comment

Sheet 07
A1: Station: | B1: IGKV RAIPUR
A2: Date: | B2: =$A$9 -> 07/04/2023 00:15 | C2: Power Off | G2: Pw.Off | J2: Link Fail | L2: Link F | N2: Maintenance | P2: Maint.
A3: Report Type: | B3: Mean | C3: Calibration | G3: Calib. | J3: Data Fail | L3: Data F | N3: Invalid | P3: Invalid
A4: Time Base: | B4: 15 Min | C4: Zero Referrence | G4: Z.Ref | J4: Warm Up | L4: Wm. Up
A7: Date & Time | B7: NO_IGKV | C7: NO2__IGKV | D7: NOX_IGKV | E7: SO2__IGKV | F7: O3__IGKV | G7: PM10_IGKV | H7: PM2.5_IGKV | I7: BENZ_IGKV | J7: WS_IGKV | K7: WD_IGKV | L7: TEMP_IGKV | M7: HUM_IGKV | N7: SR_IGKV | O7: RG_IGKV | P7: CO_IGKV | Q7: NH3_IGKV
B8: ug/m3 | C8: ug/m3 | D8: ug/m3 | E8: ug/m3 | F8: ug/m3 | G8: ug/m3 | H8: ug/m3 | I8: ug/m3 | J8: m/sec | K8: deg | L8: degreC | M8: % | N8: w/m2 | O8: mm | P8: mg/m3 | Q8: ug/m3
A9: 07/04/2023 00:15 | B9: 15.28 | C9: 70.69 | D9: 50.06 | E9: 6.79 | F9: 3.8 | G9: 34.74 | H9: 19.34 | I9: 5.73 | J9: 0.14 | K9: 208.14 | L9: 25.26 | M9: 69.61 | N9: 0 | O9: 0 | P9: 0.72 | Q9: 5
A10: 07/04/2023 00:30 | B10: 15.16 | C10: 69.3 | D10: 49.24 | E10: 6.57 | F10: 3.72 | G10: 34.61 | H10: 19.36 | I10: 5.6 | J10: 0.16 | K10: 182.18 | L10: 25.31 | M10: 69.42 | N10: 0 | O10: 0 | P10: 0.7 | Q10: 5
A11: 07/04/2023 00:45 | B11: 15.27 | C11: 69.7 | D11: 49.54 | E11: 7.31 | F11: 3.76 | G11: 28.58 | H11: 20 | I11: 5.44 | J11: 0.2 | K11: 155.83 | L11: 25.08 | M11: 70.56 | N11: 0 | O11: 0 | P11: 0.69 | Q11: 5
A12: 07/04/2023 01:00 | B12: 15.49 | C12: 69.35 | D12: 49.53 | E12: 6.59 | F12: 3.77 | G12: 28.58 | H12: 20 | I12: 5.31 | J12: 0.17 | K12: 173.57 | L12: 24.74 | M12: 72.11 | N12: 0 | O12: 0 | P12: 0.67 | Q12: 5
A13: 07/04/2023 01:15 | B13: 15.64 | C13: 69.19 | D13: 49.56 | E13: 7.06 | F13: 3.89 | G13: 28.58 | H13: 20 | I13: 5.24 | J13: 0.19 | K13: 182.49 | L13: 24.73 | M13: 72.07 | N13: 0 | O13: 0 | P13: 0.66 | Q13: 5
A14: 07/04/2023 01:30 | B14: 15.76 | C14: 68.97 | D14: 49.55 | E14: 6.95 | F14: 3.81 | G14: 28.62 | H14: 19.94 | I14: 5.19 | J14: 0.25 | K14: 222.29 | L14: 24.57 | M14: 72.52 | N14: 0 | O14: 0 | P14: 0.65 | Q14: 5
A15: 07/04/2023 01:45 | B15: 15.99 | C15: 66.1 | D15: 48.23 | E15: 6.88 | F15: 4.23 | G15: 30.29 | H15: 17.98 | I15: 5.09 | J15: 0.11 | K15: 208.98 | L15: 24.62 | M15: 71.4 | N15: 0 | O15: 0 | P15: 0.64 | Q15: 5
A16: 07/04/2023 02:00 | B16: 16.59 | C16: 59.54 | D16: 45.29 | E16: 6.27 | F16: 4.4 | G16: 30.29 | H16: 17.98 | I16: 4.96 | J16: 0.36 | K16: 245.4 | L16: 24.52 | M16: 71.4 | N16: 0 | O16: 0 | P16: 0.61 | Q16: 5
A17: 07/04/2023 02:15 | B17: 16.95 | C17: 63.46 | D17: 47.62 | E17: 4.98 | F17: 4.07 | G17: 30.29 | H17: 17.98 | I17: 4.87 | J17: 0.31 | K17: 245.09 | L17: 24.47 | M17: 71.58 | N17: 0 | O17: 0 | P17: 0.6 | Q17: 5
A18: 07/04/2023 02:30 | B18: 17.4 | C18: 65.58 | D18: 49.09 | E18: 8.45 | F18: 3.87 | G18: 30 | H18: 17.87 | I18: 4.84 | J18: 0.13 | K18: 160.83 | L18: 24.41 | M18: 72.21 | N18: 0 | O18: 0 | P18: 0.59 | Q18: 5
A19: 07/04/2023 02:45 | B19: 17.91 | C19: 66.56 | D19: 50.01 | E19: 8.6 | F19: 3.69 | G19: 17.19 | H19: 14.25 | I19: 4.78 | J19: 0.15 | K19: 123.99 | L19: 24.11 | M19: 73.59 | N19: 0 | O19: 0 | P19: 0.59 | Q19: 5
A20: 07/04/2023 03:00 | B20: 18.39 | C20: 67.53 | D20: 50.9 | E20: 8.94 | F20: 3.61 | G20: 17.19 | H20: 14.25 | I20: 4.71 | J20: 0.1 | K20: 165.19 | L20: 23.76 | M20: 75.4 | N20: 0 | O20: 0 | P20: 0.59 | Q20: 5
... A104: 07/04/2023 24:00 | B104: 9.58 | C104: 62.69 | D104: 41.31 | E104: 7.16 | F104: 6.44 | G104: 33.79 | H104: 10.53 | I104: 3.27 | J104: 0.96 | K104: 60.01 | L104: 25.52 | M104: 48.55 | N104: 0 | O104: 0 | P104: 0.47 | Q104: 5
A106: Min | B106: =MIN(B9:B104) -> 5.18 | C106: =MIN(C9:C104) -> 50 | D106: =MIN(D9:D104) -> 31.35 | E106: =MIN(E9:E104) -> 4.98 | F106: =MIN(F9:F104) -> 3.48 | G106: =MIN(G9:G104) -> 17.19 | H106: =MIN(H9:H104) -> 10.53 | I106: =MIN(I9:I104) -> 3.27 | ... Q106: =MIN(Q9:Q104) -> 5
A107: Max | B107: =MAX(B9:B104) -> 29.66 | C107: =MAX(C9:C104) -> 72.92 | D107: =MAX(D9:D104) -> 60.7 | E107: =MAX(E9:E104) -> 16.43 | F107: =MAX(F9:F104) -> 42.11 | G107: =MAX(G9:G104) -> 74.87 | H107: =MAX(H9:H104) -> 24.1 | I107: =MAX(I9:I104) -> 5.73 | ... Q107: =MAX(Q9:Q104) -> 5
A108: Avg | B108: =AVERAGE(B9:B104) -> 13.755104 | C108: =AVERAGE(C9:C104) -> 62.655208 | D108: =AVERAGE(D9:D104) -> 44.639896 | E108: =AVERAGE(E9:E104) -> 9.435625 | F108: =AVERAGE(F9:F104) -> 12.146875 | G108: =AVERAGE(G9:G104) -> 41.494167 | H108: =AVERAGE(H9:H104) -> 17.153854 | I108: =AVERAGE(I9:I104) -> 4.3023958 | ... Q108: =AVERAGE(Q9:Q104) -> 5
A109: Stdev | B109: =STDEV(B9:B104) -> 8.4164993 | C109: =STDEV(C9:C104) -> 6.3610883 | D109: =STDEV(D9:D104) -> 9.6362495 | E109: =STDEV(E9:E104) -> 2.5399444 | F109: =STDEV(F9:F104) -> 10.752311 | G109: =STDEV(G9:G104) -> 12.207539 | H109: =STDEV(H9:H104) -> 2.4298587 | I109: =STDEV(I9:I104) -> 0.49604063 | ... Q109: =STDEV(Q9:Q104) -> 0
A110: Num | B110: =COUNT(B9:B104) -> 96 | C110: =COUNT(C9:C104) -> 96 | D110: =COUNT(D9:D104) -> 96 | E110: =COUNT(E9:E104) -> 96 | F110: =COUNT(F9:F104) -> 96 | G110: =COUNT(G9:G104) -> 96 | H110: =COUNT(H9:H104) -> 96 | I110: =COUNT(I9:I104) -> 96 | ... Q110: =COUNT(Q9:Q104) -> 96
A111: DCR | B111: =IF(B110>=87,">90%",IF(B110<=87,"<90%")) -> >90% | C111: =IF(C110>=87,">90%",IF(C110<=87,"<90%")) -> >90% | D111: =IF(D110>=87,">90%",IF(D110<=87,"<90%")) -> >90% | E111: =IF(E110>=87,">90%",IF(E110<=87,"<90%")) -> >90% | F111: =IF(F110>=87,">90%",IF(F110<=87,"<90%")) -> >90% | G111: =IF(G110>=87,">90%",IF(G110<=87,"<90%")) -> >90% | H111: =IF(H110>=87,">90%",IF(H110<=87,"<90%")) -> >90% | I111: =IF(I110>=87,">90%",IF(I110<=87,"<90%")) -> >90% | ... Q111: =IF(Q110>=87,">90%",IF(Q110<=87,"<90%")) -> >90%
A112: Status | B112: =IF(B110>=87,"OK",IF(B110<=87,"LESS")) -> OK | C112: =IF(C110>=87,"OK",IF(C110<=87,"LESS")) -> OK | D112: =IF(D110>=87,"OK",IF(D110<=87,"LESS")) -> OK | E112: =IF(E110>=87,"OK",IF(E110<=87,"LESS")) -> OK | F112: =IF(F110>=87,"OK",IF(F110<=87,"LESS")) -> OK | G112: =IF(G110>=87,"OK",IF(G110<=87,"LESS")) -> OK | H112: =IF(H110>=87,"OK",IF(H110<=87,"LESS")) -> OK | I112: =IF(I110>=87,"OK",IF(I110<=87,"LESS")) -> OK | ... Q112: =IF(Q110>=87,"OK",IF(Q110<=87,"LESS")) -> OK
A115: Done by | B115: AKASH
A117: Comment

Sheet 08
A1: Station: | B1: IGKV RAIPUR
A2: Date: | B2: =$A$9 -> 08/04/2023 00:15 | C2: Power Off | G2: Pw.Off | J2: Link Fail | L2: Link F | N2: Maintenance | P2: Maint.
A3: Report Type: | B3: Mean | C3: Calibration | G3: Calib. | J3: Data Fail | L3: Data F | N3: Invalid | P3: Invalid
A4: Time Base: | B4: 15 Min | C4: Zero Referrence | G4: Z.Ref | J4: Warm Up | L4: Wm. Up
A7: Date & Time | B7: NO_IGKV | C7: NO2__IGKV | D7: NOX_IGKV | E7: SO2__IGKV | F7: O3__IGKV | G7: PM10_IGKV | H7: PM2.5_IGKV | I7: BENZ_IGKV | J7: WS_IGKV | K7: WD_IGKV | L7: TEMP_IGKV | M7: HUM_IGKV | N7: SR_IGKV | O7: RG_IGKV | P7: CO_IGKV | Q7: NH3_IGKV
B8: ug/m3 | C8: ug/m3 | D8: ug/m3 | E8: ug/m3 | F8: ug/m3 | G8: ug/m3 | H8: ug/m3 | I8: ug/m3 | J8: m/sec | K8: deg | L8: degreC | M8: % | N8: w/m2 | O8: mm | P8: mg/m3 | Q8: ug/m3
A9: 08/04/2023 00:15 | B9: 10.33 | C9: 61.89 | D9: 41.5 | E9: 6.85 | F9: 5.77 | G9: 33.79 | H9: 10.53 | I9: 3.27 | J9: 1.06 | K9: 60.81 | L9: 25.7 | M9: 47.24 | N9: 0 | O9: 0 | P9: 0.47 | Q9: 5
A10: 08/04/2023 00:30 | B10: 10.51 | C10: 65.02 | D10: 43.27 | E10: 6.93 | F10: 5.37 | G10: 33.78 | H10: 10.55 | I10: 3.28 | J10: 0.88 | K10: 56.18 | L10: 25.8 | M10: 46.62 | N10: 0 | O10: 0 | P10: 0.47 | Q10: 5
A11: 08/04/2023 00:45 | B11: 11.06 | C11: 66.17 | D11: 44.31 | E11: 7.33 | F11: 5.66 | G11: 33.56 | H11: 11.35 | I11: 3.28 | J11: 0.88 | K11: 63.44 | L11: 25.91 | M11: 45.88 | N11: 0 | O11: 0 | P11: 0.47 | Q11: 5
A12: 45024.042 | B12: 11.49 | C12: 66.13 | D12: 44.64 | E12: 7.25 | F12: 5.87 | G12: 33.56 | H12: 11.35 | I12: 3.32 | J12: 1.01 | K12: 61.58 | L12: 26.15 | M12: 44.56 | N12: 0 | O12: 0 | P12: 0.46 | Q12: 5
A13: 08/04/2023 01:15 | B13: 11.7 | C13: 65.91 | D13: 44.69 | E13: 7.28 | F13: 5.99 | G13: 33.56 | H13: 11.35 | I13: 3.36 | J13: 0.58 | K13: 74.68 | L13: 26.38 | M13: 43.58 | N13: 0 | O13: 0 | P13: 0.46 | Q13: 5
A14: 08/04/2023 01:30 | B14: 11.63 | C14: 64.58 | D14: 43.94 | E14: 7.01 | F14: 5.21 | G14: 33.72 | H14: 11.29 | I14: 3.43 | J14: 0.29 | K14: 99.91 | L14: 26.39 | M14: 43.95 | N14: 0 | O14: 0 | P14: 0.46 | Q14: 5
A15: 08/04/2023 01:45 | B15: 11.99 | C15: 66 | D15: 44.97 | E15: 6.76 | F15: 4.48 | G15: 40.68 | H15: 9.51 | I15: 3.46 | J15: 0.2 | K15: 136.71 | L15: 26.38 | M15: 43.94 | N15: 0 | O15: 0 | P15: 0.46 | Q15: 5
A16: 08/04/2023 02:00 | B16: 12.15 | C16: 66.78 | D16: 45.51 | E16: 7.11 | F16: 4.37 | G16: 40.68 | H16: 9.51 | I16: 3.44 | J16: 0.36 | K16: 259.45 | L16: 26.23 | M16: 44.99 | N16: 0 | O16: 0 | P16: 0.46 | Q16: 5
A17: 08/04/2023 02:15 | B17: 12.28 | C17: 68.19 | D17: 46.35 | E17: 5.14 | F17: 4.33 | G17: 40.68 | H17: 9.51 | I17: 3.44 | J17: 0.26 | K17: 222.99 | L17: 25.91 | M17: 46.82 | N17: 0 | O17: 0 | P17: 0.46 | Q17: 5
A18: 08/04/2023 02:30 | B18: 12.09 | C18: 68.57 | D18: 46.4 | E18: 7.23 | F18: 4.53 | G18: 40.5 | H18: 9.52 | I18: 3.46 | J18: 0.09 | K18: 267.34 | L18: 25.95 | M18: 46.3 | N18: 0 | O18: 0 | P18: 0.47 | Q18: 5
A19: 08/04/2023 02:45 | B19: 12.17 | C19: 69.25 | D19: 46.82 | E19: 7.97 | F19: 4.25 | G19: 32.62 | H19: 9.89 | I19: 3.44 | J19: 0.22 | K19: 159.69 | L19: 25.87 | M19: 48.32 | N19: 0 | O19: 0 | P19: 0.48 | Q19: 5
A20: 08/04/2023 03:00 | B20: 12.33 | C20: 69.2 | D20: 46.91 | E20: 7.73 | F20: 4.29 | G20: 32.62 | H20: 9.89 | I20: 3.42 | J20: 0.22 | K20: 218.41 | L20: 25.2 | M20: 51.34 | N20: 0 | O20: 0 | P20: 0.47 | Q20: 5
A21: 08/04/2023 03:15 | B21: 12.51 | C21: 69 | D21: 46.96 | E21: 7.46 | F21: 4.31 | G21: 32.62 | H21: 9.89 | I21: 3.42 | J21: 0.28 | K21: 242.99 | L21: 25 | M21: 52.41 | N21: 0 | O21: 0 | P21: 0.47 | Q21: 5
A22: 08/04/2023 03:30 | B22: 12.76 | C22: 68.8 | D22: 47.05 | E22: 7.43 | F22: 4.25 | G22: 32.61 | H22: 9.97 | I22: 3.39 | J22: 0.46 | K22: 245.75 | L22: 24.78 | M22: 53.88 | N22: 0 | O22: 0 | P22: 0.47 | Q22: 5
A23: 08/04/2023 03:45 | B23: 12.76 | C23: 69.2 | D23: 47.26 | E23: 7.45 | F23: 4.41 | G23: 32.19 | H23: 12.61 | I23: 3.37 | J23: 0.3 | K23: 229.76 | L23: 24.86 | M23: 54.22 | N23: 0 | O23: 0 | P23: 0.47 | Q23: 5
A24: 08/04/2023 04:00 | B24: 12.64 | C24: 69.2 | D24: 47.16 | E24: 7.11 | F24: 4.3 | G24: 32.19 | H24: 12.61 | I24: 3.35 | J24: 0.38 | K24: 242.07 | L24: 24.54 | M24: 55.16 | N24: 0 | O24: 0 | P24: 0.47 | Q24: 5
... A57: 08/04/2023 12:15 | B57: 15.79 | C57: 64.73 | D57: 47.36 | E57: 8.84 | F57: 8.16 | G57: 56.82 | H57: 21.62 | I57: 6.68 | J57: 1.32 | K57: 334.42 | L57: 30.32 | M57: 35.95 | N57: 779.5 | O57: 0 | P57: 0.71 | Q57: 5
A58: 08/04/2023 12:30 | B58: Calib. | C58: Calib. | D58: Calib. | E58: Calib. | F58: Calib. | G58: Calib. | H58: Calib. | I58: 6.54 | J58: 1.16 | K58: 3.19 | L58: 30.59 | M58: 35.65 | N58: 558.3 | O58: 0 | P58: 0.62 | Q58: 5
A59: 08/04/2023 12:45 | B59: Calib. | C59: Calib. | D59: Calib. | E59: Calib. | F59: 21.22 | G59: Calib. | H59: Calib. | I59: 6.31 | J59: 1.17 | K59: 1.4 | L59: 30.7 | M59: 35.38 | N59: 474.8 | O59: 0 | P59: 0.65 | Q59: 5
A60: 08/04/2023 13:00 | B60: Calib. | C60: Calib. | D60: Calib. | E60: Calib. | F60: 22.62 | G60: Calib. | H60: Calib. | I60: 7.48 | J60: 1.33 | K60: 1.57 | L60: 30.39 | M60: 35.15 | N60: 440.8 | O60: 0 | P60: 0.63 | Q60: 5
A61: 08/04/2023 13:15 | B61: 12.96 | C61: 43.35 | D61: 34.4 | E61: Calib. | F61: 22.76 | G61: Calib. | H61: Calib. | I61: 10.89 | J61: 1.18 | K61: 318.6 | L61: 31.01 | M61: 34.87 | N61: 751.1 | O61: 0 | P61: 0.61 | Q61: Maint.
A62: 08/04/2023 13:30 | B62: 15.68 | C62: 40.11 | D62: 34.88 | E62: Calib. | F62: 24.82 | G62: Calib. | H62: Calib. | I62: 14.98 | J62: 1.6 | K62: 24.1 | L62: 31.08 | M62: 34.34 | N62: 505 | O62: 0 | P62: 0.78 | Q62: Maint.
A63: 08/04/2023 13:45 | B63: 7.99 | C63: 47.97 | D63: 32.82 | E63: Calib. | F63: 20.38 | G63: 80.35 | H63: 13.83 | I63: 19.12 | J63: 1.02 | K63: 9.93 | L63: 31.33 | M63: 32.28 | N63: 631.4 | O63: 0 | P63: 0.8 | Q63: Maint.
A64: 08/04/2023 14:00 | B64: 7.48 | C64: 44.05 | D64: 30.36 | E64: Calib. | F64: 20.92 | G64: 80.35 | H64: 13.83 | I64: 24.99 | J64: 1.96 | K64: 30.76 | L64: 31.81 | M64: 30.36 | N64: 608.6 | O64: 0 | P64: 0.73 | Q64: 2.54
A65: 08/04/2023 14:15 | B65: 6.16 | C65: 47.53 | D65: 31.13 | E65: 8.21 | F65: 19.64 | G65: 80.35 | H65: 13.83 | I65: 32.59 | J65: 1.92 | K65: 33.34 | L65: 31.46 | M65: 30.35 | N65: 461.5 | O65: 0 | P65: 0.59 | Q65: 4.7
A66: 08/04/2023 14:30 | B66: 5.26 | C66: 48.44 | D66: 30.88 | E66: 9.89 | F66: 24.75 | G66: 80.35 | H66: 13.83 | I66: 41.5 | J66: 2.13 | K66: 36.4 | L66: 31.52 | M66: 30.47 | N66: 444.3 | O66: 0 | P66: 0.55 | Q66: 4.78
A67: 08/04/2023 14:45 | B67: 4.53 | C67: 50.19 | D67: 31.2 | E67: 9.17 | F67: 16.33 | G67: 75.36 | H67: 13.24 | I67: 41.02 | J67: 2.22 | K67: 33.2 | L67: 31.28 | M67: 30.39 | N67: 391.2 | O67: 0 | P67: 0.53 | Q67: 4.78
A68: 08/04/2023 15:00 | B68: 4.83 | C68: 53.97 | D68: 33.42 | E68: 8.22 | F68: 12.31 | G68: 63.06 | H68: 12.31 | I68: 32.47 | J68: 1.94 | K68: 29.06 | L68: 30.83 | M68: 31.24 | N68: 247 | O68: 0 | P68: 0.53 | Q68: 4.84
A69: 08/04/2023 15:15 | B69: 5.3 | C69: 57.09 | D69: 35.43 | E69: 7.68 | F69: 11.13 | G69: 63.06 | H69: 12.31 | I69: 27.66 | J69: 2.29 | K69: 36.2 | L69: 30.26 | M69: 31.35 | N69: 201.2 | O69: 0 | P69: 0.52 | Q69: 4.91
A70: 08/04/2023 15:30 | B70: 5.86 | C70: 59.04 | D70: 36.9 | E70: 7.93 | F70: 11.66 | G70: 63.06 | H70: 12.31 | I70: 26.09 | J70: 2.09 | K70: 36.34 | L70: 30.28 | M70: 30.88 | N70: 331.6 | O70: 0 | P70: 0.5 | Q70: 4.99
A71: 08/04/2023 15:45 | B71: 6.16 | C71: 59.8 | D71: 37.53 | E71: 9.13 | F71: 11.68 | G71: 61.9 | H71: 13.15 | I71: 24.61 | J71: 2.25 | K71: 38.64 | L71: 30.59 | M71: 29.91 | N71: 339 | O71: 0 | P71: 0.49 | Q71: 5.06
A72: 08/04/2023 16:00 | B72: 6.51 | C72: 61.23 | D72: 38.57 | E72: 9.21 | F72: 11.34 | G72: 59.03 | H72: 14.49 | I72: 22.84 | J72: 2.31 | K72: 36.79 | L72: 30.22 | M72: 30.26 | N72: 189.6 | O72: 0 | P72: 0.5 | Q72: 5.1
A73: 08/04/2023 16:15 | B73: 6.46 | C73: 60.58 | D73: 38.18 | E73: 8.62 | F73: 9.32 | G73: 59.03 | H73: 14.49 | I73: 21.54 | J73: 2.2 | K73: 36.8 | L73: 29.81 | M73: 31.62 | N73: 109.5 | O73: 0 | P73: 0.49 | Q73: 5.16
A74: 08/04/2023 16:30 | B74: 6.58 | C74: 62.59 | D74: 39.33 | E74: 8.76 | F74: 9.58 | G74: 59.03 | H74: 14.49 | I74: 20.56 | J74: 1.9 | K74: 45.95 | L74: 29.64 | M74: 32.69 | N74: 163.1 | O74: 0 | P74: 0.48 | Q74: 5.18
A75: 08/04/2023 16:45 | B75: 6.76 | C75: 63.68 | D75: 40.04 | E75: 9.02 | F75: 8.8 | G75: 58.91 | H75: 15.14 | I75: 19.73 | J75: 2.08 | K75: 54.68 | L75: 30.07 | M75: 31.74 | N75: 233.7 | O75: 0 | P75: 0.48 | Q75: 5.21
A76: 08/04/2023 17:00 | B76: 7.17 | C76: 62.86 | D76: 39.94 | E76: 8.05 | F76: 8.68 | G76: 58.61 | H76: 16.21 | I76: 18.99 | J76: 2.09 | K76: 60.37 | L76: 29.58 | M76: 32.22 | N76: 88.9 | O76: 0 | P76: 0.48 | Q76: 5.2
... A104: 08/04/2023 24:00 | B104: 32.52 | C104: 72.04 | D104: 65.07 | E104: 8.59 | F104: 3.74 | G104: 108.91 | H104: 30.6 | I104: 10.53 | J104: 0.17 | K104: 170.02 | L104: 24.83 | M104: 57.26 | N104: 0 | O104: 0 | P104: 0.83 | Q104: 6.95
A106: Min | B106: =MIN(B9:B104) -> 4.53 | C106: =MIN(C9:C104) -> 40.11 | D106: =MIN(D9:D104) -> 30.36 | E106: =MIN(E9:E104) -> 5.14 | F106: =MIN(F9:F104) -> 3.69 | G106: =MIN(G9:G104) -> 26.92 | H106: =MIN(H9:H104) -> 9.51 | I106: =MIN(I9:I104) -> 3.27 | ... Q106: =MIN(Q9:Q104) -> 2.54
A107: Max | B107: =MAX(B9:B104) -> 33.14 | C107: =MAX(C9:C104) -> 72.23 | D107: =MAX(D9:D104) -> 65.67 | E107: =MAX(E9:E104) -> 12.26 | F107: =MAX(F9:F104) -> 24.82 | G107: =MAX(G9:G104) -> 108.91 | H107: =MAX(H9:H104) -> 30.6 | I107: =MAX(I9:I104) -> 41.5 | ... Q107: =MAX(Q9:Q104) -> 6.97
A108: Avg | B108: =AVERAGE(B9:B104) -> 15.431075 | C108: =AVERAGE(C9:C104) -> 65.573011 | D108: =AVERAGE(D9:D104) -> 47.734301 | E108: =AVERAGE(E9:E104) -> 8.191573 | F108: =AVERAGE(F9:F104) -> 7.1508421 | G108: =AVERAGE(G9:G104) -> 55.408132 | H108: =AVERAGE(H9:H104) -> 16.759231 | I108: =AVERAGE(I9:I104) -> 10.533958 | ... Q108: =AVERAGE(Q9:Q104) -> 5.2674194
A109: Stdev | B109: =STDEV(B9:B104) -> 7.7366379 | C109: =STDEV(C9:C104) -> 6.5754783 | D109: =STDEV(D9:D104) -> 8.5905648 | E109: =STDEV(E9:E104) -> 1.1588561 | F109: =STDEV(F9:F104) -> 5.1971434 | G109: =STDEV(G9:G104) -> 21.88026 | H109: =STDEV(H9:H104) -> 5.9446342 | I109: =STDEV(I9:I104) -> 8.234208 | ... Q109: =STDEV(Q9:Q104) -> 0.67267781
A110: Num | B110: 96 | C110: 96 | D110: 96 | E110: 96 | F110: 96 | G110: 96 | H110: 96 | I110: 96 | J110: 96 | K110: 96 | L110: 96 | M110: 96 | N110: 96 | O110: 96 | P110: 96 | Q110: 96
A111: DCR | B111: =IF(B110>=87,">90%",IF(B110<=87,"<90%")) -> >90% | C111: =IF(C110>=87,">90%",IF(C110<=87,"<90%")) -> >90% | D111: =IF(D110>=87,">90%",IF(D110<=87,"<90%")) -> >90% | E111: =IF(E110>=87,">90%",IF(E110<=87,"<90%")) -> >90% | F111: =IF(F110>=87,">90%",IF(F110<=87,"<90%")) -> >90% | G111: =IF(G110>=87,">90%",IF(G110<=87,"<90%")) -> >90% | H111: =IF(H110>=87,">90%",IF(H110<=87,"<90%")) -> >90% | I111: =IF(I110>=87,">90%",IF(I110<=87,"<90%")) -> >90% | ... Q111: =IF(Q110>=87,">90%",IF(Q110<=87,"<90%")) -> >90%
A112: Status | B112: =IF(B110>=87,"OK",IF(B110<=87,"LESS")) -> OK | C112: =IF(C110>=87,"OK",IF(C110<=87,"LESS")) -> OK | D112: =IF(D110>=87,"OK",IF(D110<=87,"LESS")) -> OK | E112: =IF(E110>=87,"OK",IF(E110<=87,"LESS")) -> OK | F112: =IF(F110>=87,"OK",IF(F110<=87,"LESS")) -> OK | G112: =IF(G110>=87,"OK",IF(G110<=87,"LESS")) -> OK | H112: =IF(H110>=87,"OK",IF(H110<=87,"LESS")) -> OK | I112: =IF(I110>=87,"OK",IF(I110<=87,"LESS")) -> OK | ... Q112: =IF(Q110>=87,"OK",IF(Q110<=87,"LESS")) -> OK
A115: Done by | B115: AKASH
A117: Comment

Sheet 09
A1: Station: | B1: IGKV RAIPUR
A2: Date: | B2: =$A$9 -> 09/04/2023 00:15 | C2: Power Off | G2: Pw.Off | J2: Link Fail | L2: Link F | N2: Maintenance | P2: Maint.
A3: Report Type: | B3: Mean | C3: Calibration | G3: Calib. | J3: Data Fail | L3: Data F | N3: Invalid | P3: Invalid
A4: Time Base: | B4: 15 Min | C4: Zero Referrence | G4: Z.Ref | J4: Warm Up | L4: Wm. Up
A7: Date & Time | B7: NO_IGKV | C7: NO2__IGKV | D7: NOX_IGKV | E7: SO2__IGKV | F7: O3__IGKV | G7: PM10_IGKV | H7: PM2.5_IGKV | I7: BENZ_IGKV | J7: WS_IGKV | K7: WD_IGKV | L7: TEMP_IGKV | M7: HUM_IGKV | N7: SR_IGKV | O7: RG_IGKV | P7: CO_IGKV | Q7: NH3_IGKV
B8: ug/m3 | C8: ug/m3 | D8: ug/m3 | E8: ug/m3 | F8: ug/m3 | G8: ug/m3 | H8: ug/m3 | I8: ug/m3 | J8: m/sec | K8: deg | L8: degreC | M8: % | N8: w/m2 | O8: mm | P8: mg/m3 | Q8: ug/m3
A9: 09/04/2023 00:15 | B9: 32.19 | C9: 72.36 | D9: 64.98 | E9: 8.15 | F9: 3.82 | G9: 108.91 | H9: 30.6 | I9: 10.41 | J9: 0.29 | K9: 172.66 | L9: 24.96 | M9: 57.21 | N9: 0 | O9: 0 | P9: 0.84 | Q9: 6.93
A10: 09/04/2023 00:30 | B10: 31.88 | C10: 72.09 | D10: 64.58 | E10: 8.16 | F10: 3.74 | G10: 108.91 | H10: 30.6 | I10: 10.34 | J10: 0.1 | K10: 172.27 | L10: 24.81 | M10: 57.68 | N10: 0 | O10: 0 | P10: 0.85 | Q10: 6.93
A11: 09/04/2023 00:45 | B11: 32.46 | C11: 72.04 | D11: 65.02 | E11: 8.55 | F11: 3.79 | G11: 108.42 | H11: 30.85 | I11: 10.28 | J11: 0.2 | K11: 102 | L11: 24.84 | M11: 57.1 | N11: 0 | O11: 0 | P11: 0.86 | Q11: 6.95
A12: 09/04/2023 01:00 | B12: 34.25 | C12: 72.32 | D12: 66.6 | E12: 8.51 | F12: 3.8 | G12: 107.23 | H12: 31.81 | I12: 10.2 | J12: 0.15 | K12: 236.62 | L12: 24.6 | M12: 60.48 | N12: 0 | O12: 0 | P12: 0.88 | Q12: 7.05
A13: 09/04/2023 01:15 | B13: 36.55 | C13: 72.61 | D13: 68.6 | E13: 8.16 | F13: 3.75 | G13: 107.23 | H13: 31.81 | I13: 10.13 | J13: 0.25 | K13: 37.67 | L13: 24.63 | M13: 58.46 | N13: 0 | O13: 0 | P13: 0.9 | Q13: 7.17
A14: 09/04/2023 01:30 | B14: 39.1 | C14: 73.01 | D14: 70.85 | E14: 8.36 | F14: 3.64 | G14: 107.23 | H14: 31.81 | I14: 10.14 | J14: 0.17 | K14: 15.77 | L14: 24.72 | M14: 58.89 | N14: 0 | O14: 0 | P14: 0.94 | Q14: 7.3
A15: 09/04/2023 01:45 | B15: 40.98 | C15: 73.15 | D15: 72.43 | E15: 8.55 | F15: 3.64 | G15: 109.58 | H15: 33.04 | I15: 10.15 | J15: 0.21 | K15: 16.02 | L15: 24.78 | M15: 58.7 | N15: 0 | O15: 0 | P15: 0.97 | Q15: 7.46
A16: 09/04/2023 02:00 | B16: 42.43 | C16: 73.36 | D16: 73.71 | E16: 8.45 | F16: 3.59 | G16: 115.38 | H16: 34.99 | I16: 10.13 | J16: 0.52 | K16: 60.93 | L16: 24.67 | M16: 58.56 | N16: 0 | O16: 0 | P16: 1 | Q16: 7.56
A17: 09/04/2023 02:15 | B17: 43.54 | C17: 73.5 | D17: 74.67 | E17: 7.6 | F17: 3.63 | G17: 115.38 | H17: 34.99 | I17: 10.13 | J17: 0.2 | K17: 94.47 | L17: 24.89 | M17: 57.45 | N17: 0 | O17: 0 | P17: 1.04 | Q17: 7.6
A18: 09/04/2023 02:30 | B18: 43.98 | C18: 73.65 | D18: 75.1 | E18: 9 | F18: 3.63 | G18: 115.38 | H18: 34.99 | I18: 10.18 | J18: 0.11 | K18: 221.11 | L18: 24.7 | M18: 60.08 | N18: 0 | O18: 0 | P18: 1.06 | Q18: 7.69
A19: 09/04/2023 02:45 | B19: 44.42 | C19: 71.54 | D19: 74.35 | E19: 8.91 | F19: 3.82 | G19: 119.52 | H19: 35.9 | I19: 10.3 | J19: 0.54 | K19: 16.58 | L19: 24.26 | M19: 61.36 | N19: 0 | O19: 0 | P19: 1.07 | Q19: 7.64
A20: 09/04/2023 03:00 | B20: 45.04 | C20: 69.28 | D20: 73.67 | E20: 8.95 | F20: 3.83 | G20: 129.74 | H20: 37.41 | I20: 10.38 | J20: 0.65 | K20: 30.71 | L20: 24.14 | M20: 61.22 | N20: 0 | O20: 0 | P20: 1.06 | Q20: 7.52
... A104: 09/04/2023 24:00 | B104: 17.48 | C104: 68.62 | D104: 51.22 | E104: 7.08 | F104: 4.27 | G104: 46.52 | H104: 17.41 | I104: 4.69 | J104: 0.22 | K104: 169.4 | L104: 25.42 | M104: 53.71 | N104: 0 | O104: 0 | P104: 0.63 | Q104: 5.73
A106: Min | B106: =MIN(B9:B104) -> 4.84 | C106: =MIN(C9:C104) -> 47.04 | D106: =MIN(D9:D104) -> 29.81 | E106: =MIN(E9:E104) -> 7.08 | F106: =MIN(F9:F104) -> 3.52 | G106: =MIN(G9:G104) -> 33.8 | H106: =MIN(H9:H104) -> 16.69 | I106: =MIN(I9:I104) -> 4.21 | ... Q106: =MIN(Q9:Q104) -> 4.63
A107: Max | B107: =MAX(B9:B104) -> 45.32 | C107: =MAX(C9:C104) -> 76.65 | D107: =MAX(D9:D104) -> 75.1 | E107: =MAX(E9:E104) -> 18.75 | F107: =MAX(F9:F104) -> 46.18 | G107: =MAX(G9:G104) -> 129.74 | H107: =MAX(H9:H104) -> 37.41 | I107: =MAX(I9:I104) -> 10.41 | ... Q107: =MAX(Q9:Q104) -> 7.69
A108: Avg | B108: =AVERAGE(B9:B104) -> 22.105208 | C108: =AVERAGE(C9:C104) -> 66.139479 | D108: =AVERAGE(D9:D104) -> 53.63375 | E108: =AVERAGE(E9:E104) -> 10.66875 | F108: =AVERAGE(F9:F104) -> 11.483125 | G108: =AVERAGE(G9:G104) -> 64.42125 | H108: =AVERAGE(H9:H104) -> 24.710625 | I108: =AVERAGE(I9:I104) -> 6.9679167 | ... Q108: =AVERAGE(Q9:Q104) -> 6.1440625
A109: Stdev | B109: =STDEV(B9:B104) -> 15.88555 | C109: =STDEV(C9:C104) -> 7.824832 | D109: =STDEV(D9:D104) -> 15.829426 | E109: =STDEV(E9:E104) -> 2.7199916 | F109: =STDEV(F9:F104) -> 10.908417 | G109: =STDEV(G9:G104) -> 29.296576 | H109: =STDEV(H9:H104) -> 6.1711205 | I109: =STDEV(I9:I104) -> 2.1120835 | ... Q109: =STDEV(Q9:Q104) -> 1.0440403
A110: Num | B110: =COUNT(B9:B104) -> 96 | C110: =COUNT(C9:C104) -> 96 | D110: =COUNT(D9:D104) -> 96 | E110: =COUNT(E9:E104) -> 96 | F110: =COUNT(F9:F104) -> 96 | G110: =COUNT(G9:G104) -> 96 | H110: =COUNT(H9:H104) -> 96 | I110: =COUNT(I9:I104) -> 96 | ... Q110: =COUNT(Q9:Q104) -> 96
A111: DCR | B111: =IF(B110>=87,">90%",IF(B110<=87,"<90%")) -> >90% | C111: =IF(C110>=87,">90%",IF(C110<=87,"<90%")) -> >90% | D111: =IF(D110>=87,">90%",IF(D110<=87,"<90%")) -> >90% | E111: =IF(E110>=87,">90%",IF(E110<=87,"<90%")) -> >90% | F111: =IF(F110>=87,">90%",IF(F110<=87,"<90%")) -> >90% | G111: =IF(G110>=87,">90%",IF(G110<=87,"<90%")) -> >90% | H111: =IF(H110>=87,">90%",IF(H110<=87,"<90%")) -> >90% | I111: =IF(I110>=87,">90%",IF(I110<=87,"<90%")) -> >90% | ... Q111: =IF(Q110>=87,">90%",IF(Q110<=87,"<90%")) -> >90%
A112: Status | B112: =IF(B110>=87,"OK",IF(B110<=87,"LESS")) -> OK | C112: =IF(C110>=87,"OK",IF(C110<=87,"LESS")) -> OK | D112: =IF(D110>=87,"OK",IF(D110<=87,"LESS")) -> OK | E112: =IF(E110>=87,"OK",IF(E110<=87,"LESS")) -> OK | F112: =IF(F110>=87,"OK",IF(F110<=87,"LESS")) -> OK | G112: =IF(G110>=87,"OK",IF(G110<=87,"LESS")) -> OK | H112: =IF(H110>=87,"OK",IF(H110<=87,"LESS")) -> OK | I112: =IF(I110>=87,"OK",IF(I110<=87,"LESS")) -> OK | ... Q112: =IF(Q110>=87,"OK",IF(Q110<=87,"LESS")) -> OK
A115: Done by | B115: AKASH
A117: Comment

Sheet 10
A1: Station: | B1: IGKV RAIPUR
A2: Date: | B2: =$A$9 -> 10/04/2023 00:15 | C2: Power Off | G2: Pw.Off | J2: Link Fail | L2: Link F | N2: Maintenance | P2: Maint.
A3: Report Type: | B3: Mean | C3: Calibration | G3: Calib. | J3: Data Fail | L3: Data F | N3: Invalid | P3: Invalid
A4: Time Base: | B4: 15 Min | C4: Zero Referrence | G4: Z.Ref | J4: Warm Up | L4: Wm. Up
A7: Date & Time | B7: NO_IGKV | C7: NO2__IGKV | D7: NOX_IGKV | E7: SO2__IGKV | F7: O3__IGKV | G7: PM10_IGKV | H7: PM2.5_IGKV | I7: BENZ_IGKV | J7: WS_IGKV | K7: WD_IGKV | L7: TEMP_IGKV | M7: HUM_IGKV | N7: SR_IGKV | O7: RG_IGKV | P7: CO_IGKV | Q7: NH3_IGKV
B8: ug/m3 | C8: ug/m3 | D8: ug/m3 | E8: ug/m3 | F8: ug/m3 | G8: ug/m3 | H8: ug/m3 | I8: ug/m3 | J8: m/sec | K8: deg | L8: degreC | M8: % | N8: w/m2 | O8: mm | P8: mg/m3 | Q8: ug/m3
A9: 10/04/2023 00:15 | B9: 18.19 | C9: 69.53 | D9: 52.27 | E9: 6.99 | F9: 4.06 | G9: 46.52 | H9: 17.41 | I9: 4.66 | J9: 0.26 | K9: 180.83 | L9: 24.95 | M9: 55.98 | N9: 0 | O9: 0 | P9: 0.62 | Q9: 5.71
A10: 10/04/2023 00:30 | B10: 18.43 | C10: 68.77 | D10: 52.06 | E10: 6.83 | F10: 3.92 | G10: 46.52 | H10: 17.41 | I10: 4.64 | J10: 0.22 | K10: 204.25 | L10: 24.47 | M10: 57.4 | N10: 0 | O10: 0 | P10: 0.61 | Q10: 5.68
A11: 10/04/2023 00:45 | B11: 18.07 | C11: 67.54 | D11: 51.13 | E11: 6.96 | F11: 4.35 | G11: 43.31 | H11: 16.32 | I11: 4.63 | J11: 0.34 | K11: 260.39 | L11: 24.43 | M11: 56.39 | N11: 0 | O11: 0 | P11: 0.61 | Q11: 5.7
A12: 10/04/2023 01:00 | B12: 18.38 | C12: 67.03 | D12: 51.11 | E12: 6.84 | F12: 4.08 | G12: 35.43 | H12: 12.22 | I12: 4.57 | J12: 0.26 | K12: 171.56 | L12: 24.74 | M12: 55.46 | N12: 0 | O12: 0 | P12: 0.61 | Q12: 5.77
A13: 10/04/2023 01:15 | B13: 19.48 | C13: 67.75 | D13: 52.37 | E13: 7.09 | F13: 3.79 | G13: 35.43 | H13: 12.22 | I13: 4.52 | J13: 0.19 | K13: 152.16 | L13: 24.42 | M13: 58.37 | N13: 0 | O13: 0 | P13: 0.6 | Q13: 5.75
A14: 10/04/2023 01:30 | B14: 20.33 | C14: 67.59 | D14: 52.97 | E14: 6.84 | F14: 3.68 | G14: 35.43 | H14: 12.22 | I14: 4.5 | J14: 0.15 | K14: 45.21 | L14: 24.59 | M14: 56.37 | N14: 0 | O14: 0 | P14: 0.59 | Q14: 5.75
A15: 10/04/2023 01:45 | B15: 21.33 | C15: 68.5 | D15: 54.25 | E15: 6.51 | F15: 3.71 | G15: 33.85 | H15: 12.16 | I15: 4.48 | J15: 0.19 | K15: 54.27 | L15: 24.68 | M15: 57.03 | N15: 0 | O15: 0 | P15: 0.6 | Q15: 5.83
A16: 10/04/2023 02:00 | B16: 22.4 | C16: 67.6 | D16: 54.63 | E16: 6.65 | F16: 3.92 | G16: 29.98 | H16: 12.07 | I16: 4.44 | J16: 0.45 | K16: 34.64 | L16: 24.74 | M16: 55.27 | N16: 0 | O16: 0 | P16: 0.59 | Q16: 5.91
A17: 10/04/2023 02:15 | B17: 23.37 | C17: 67.69 | D17: 55.46 | E17: 5.53 | F17: 3.96 | G17: 29.98 | H17: 12.07 | I17: 4.42 | J17: 0.52 | K17: 38.81 | L17: 24.85 | M17: 54.62 | N17: 0 | O17: 0 | P17: 0.58 | Q17: 5.96
A18: 10/04/2023 02:30 | B18: 24.01 | C18: 67.67 | D18: 55.96 | E18: 6.66 | F18: 4 | G18: 29.98 | H18: 12.07 | I18: 4.42 | J18: 0.25 | K18: 21.75 | L18: 24.95 | M18: 53.7 | N18: 0 | O18: 0 | P18: 0.59 | Q18: 6
A19: 10/04/2023 02:45 | B19: 24.54 | C19: 68.1 | D19: 56.61 | E19: 6.99 | F19: 3.92 | G19: 31.22 | H19: 11.51 | I19: 4.43 | J19: 0.17 | K19: 47.17 | L19: 24.87 | M19: 54.27 | N19: 0 | O19: 0 | P19: 0.61 | Q19: 6.04
A20: 10/04/2023 03:00 | B20: 25.25 | C20: 68.31 | D20: 57.29 | E20: 6.78 | F20: 3.95 | G20: 34.27 | H20: 10.59 | I20: 4.46 | J20: 0.24 | K20: 157.92 | L20: 24.64 | M20: 56.7 | N20: 0 | O20: 0 | P20: 0.62 | Q20: 6.12
... A104: 10/04/2023 24:00 | B104: 15.29 | C104: 68.49 | D104: 49.4 | E104: 9.57 | F104: 5 | G104: 54.1 | H104: 18.7 | I104: 6.48 | J104: 0.27 | K104: 205.85 | L104: 27.86 | M104: 48.23 | N104: 0 | O104: 0 | P104: 0.77 | Q104: 5.69
A106: Min | B106: =MIN(B9:B104) -> 4.56 | C106: =MIN(C9:C104) -> 43.34 | D106: =MIN(D9:D104) -> 28.31 | E106: =MIN(E9:E104) -> 5.53 | F106: =MIN(F9:F104) -> 3.57 | G106: =MIN(G9:G104) -> 29.98 | H106: =MIN(H9:H104) -> 10.59 | I106: =MIN(I9:I104) -> 4.15 | ... Q106: =MIN(Q9:Q104) -> 4.68
A107: Max | B107: =MAX(B9:B104) -> 25.5 | C107: =MAX(C9:C104) -> 70.76 | D107: =MAX(D9:D104) -> 58.29 | E107: =MAX(E9:E104) -> 18.3 | F107: =MAX(F9:F104) -> 48.24 | G107: =MAX(G9:G104) -> 57.83 | H107: =MAX(H9:H104) -> 21.55 | I107: =MAX(I9:I104) -> 6.48 | ... Q107: =MAX(Q9:Q104) -> 6.3
A108: Avg | B108: =AVERAGE(B9:B104) -> 14.928021 | C108: =AVERAGE(C9:C104) -> 63.917083 | D108: =AVERAGE(D9:D104) -> 46.716979 | E108: =AVERAGE(E9:E104) -> 9.6197917 | F108: =AVERAGE(F9:F104) -> 12.251667 | G108: =AVERAGE(G9:G104) -> 45.636562 | H108: =AVERAGE(H9:H104) -> 16.847812 | I108: =AVERAGE(I9:I104) -> 5.2170833 | ... Q108: =AVERAGE(Q9:Q104) -> 5.5836458
A109: Stdev | B109: =STDEV(B9:B104) -> 7.4816899 | C109: =STDEV(C9:C104) -> 7.1908768 | D109: =STDEV(D9:D104) -> 9.0636341 | E109: =STDEV(E9:E104) -> 2.781784 | F109: =STDEV(F9:F104) -> 10.909004 | G109: =STDEV(G9:G104) -> 6.4595476 | H109: =STDEV(H9:H104) -> 2.823132 | I109: =STDEV(I9:I104) -> 0.64336765 | ... Q109: =STDEV(Q9:Q104) -> 0.50042954
A110: Num | B110: =COUNT(B9:B104) -> 96 | C110: =COUNT(C9:C104) -> 96 | D110: =COUNT(D9:D104) -> 96 | E110: =COUNT(E9:E104) -> 96 | F110: =COUNT(F9:F104) -> 96 | G110: =COUNT(G9:G104) -> 96 | H110: =COUNT(H9:H104) -> 96 | I110: =COUNT(I9:I104) -> 96 | ... Q110: =COUNT(Q9:Q104) -> 96
A111: DCR | B111: =IF(B110>=87,">90%",IF(B110<=87,"<90%")) -> >90% | C111: =IF(C110>=87,">90%",IF(C110<=87,"<90%")) -> >90% | D111: =IF(D110>=87,">90%",IF(D110<=87,"<90%")) -> >90% | E111: =IF(E110>=87,">90%",IF(E110<=87,"<90%")) -> >90% | F111: =IF(F110>=87,">90%",IF(F110<=87,"<90%")) -> >90% | G111: =IF(G110>=87,">90%",IF(G110<=87,"<90%")) -> >90% | H111: =IF(H110>=87,">90%",IF(H110<=87,"<90%")) -> >90% | I111: =IF(I110>=87,">90%",IF(I110<=87,"<90%")) -> >90% | ... Q111: =IF(Q110>=87,">90%",IF(Q110<=87,"<90%")) -> >90%
A112: Status | B112: =IF(B110>=87,"OK",IF(B110<=87,"LESS")) -> OK | C112: =IF(C110>=87,"OK",IF(C110<=87,"LESS")) -> OK | D112: =IF(D110>=87,"OK",IF(D110<=87,"LESS")) -> OK | E112: =IF(E110>=87,"OK",IF(E110<=87,"LESS")) -> OK | F112: =IF(F110>=87,"OK",IF(F110<=87,"LESS")) -> OK | G112: =IF(G110>=87,"OK",IF(G110<=87,"LESS")) -> OK | H112: =IF(H110>=87,"OK",IF(H110<=87,"LESS")) -> OK | I112: =IF(I110>=87,"OK",IF(I110<=87,"LESS")) -> OK | ... Q112: =IF(Q110>=87,"OK",IF(Q110<=87,"LESS")) -> OK
A115: Done by | B115: AKASH
A117: Comment

Sheet 11
A1: Station: | B1: IGKV RAIPUR
A2: Date: | B2: =$A$9 -> 11/04/2023 00:15 | C2: Power Off | G2: Pw.Off | J2: Link Fail | L2: Link F | N2: Maintenance | P2: Maint.
A3: Report Type: | B3: Mean | C3: Calibration | G3: Calib. | J3: Data Fail | L3: Data F | N3: Invalid | P3: Invalid
A4: Time Base: | B4: 15 Min | C4: Zero Referrence | G4: Z.Ref | J4: Warm Up | L4: Wm. Up
A7: Date & Time | B7: NO_IGKV | C7: NO2__IGKV | D7: NOX_IGKV | E7: SO2__IGKV | F7: O3__IGKV | G7: PM10_IGKV | H7: PM2.5_IGKV | I7: BENZ_IGKV | J7: WS_IGKV | K7: WD_IGKV | L7: TEMP_IGKV | M7: HUM_IGKV | N7: SR_IGKV | O7: RG_IGKV | P7: CO_IGKV | Q7: NH3_IGKV
B8: ug/m3 | C8: ug/m3 | D8: ug/m3 | E8: ug/m3 | F8: ug/m3 | G8: ug/m3 | H8: ug/m3 | I8: ug/m3 | J8: m/sec | K8: deg | L8: degreC | M8: % | N8: w/m2 | O8: mm | P8: mg/m3 | Q8: ug/m3
A9: 11/04/2023 00:15 | B9: 15.33 | C9: 69.06 | D9: 49.73 | E9: 9.34 | F9: 4.45 | G9: 54.1 | H9: 18.7 | I9: 6.62 | J9: 0.22 | K9: 208.47 | L9: 27.58 | M9: 48.6 | N9: 0 | O9: 0 | P9: 0.77 | Q9: 5.7
A10: 11/04/2023 00:30 | B10: 15.21 | C10: 69.64 | D10: 49.93 | E10: 9.82 | F10: 4.21 | G10: 54.1 | H10: 18.7 | I10: 6.67 | J10: 0.22 | K10: 192.62 | L10: 27.62 | M10: 48.91 | N10: 0 | O10: 0 | P10: 0.77 | Q10: 5.71
A11: 11/04/2023 00:45 | B11: 15.06 | C11: 69.84 | D11: 49.92 | E11: 9.59 | F11: 4.61 | G11: 54.25 | H11: 19.6 | I11: 6.69 | J11: 0.15 | K11: 179.97 | L11: 27.29 | M11: 49.91 | N11: 0 | O11: 0 | P11: 0.77 | Q11: 5.7
A12: 11/04/2023 01:00 | B12: 14.92 | C12: 69.68 | D12: 49.72 | E12: 9.43 | F12: 5.26 | G12: 54.59 | H12: 22.98 | I12: 6.69 | J12: 0.16 | K12: 179.75 | L12: 27.18 | M12: 50.13 | N12: 0 | O12: 0 | P12: 0.76 | Q12: 5.76
A13: 11/04/2023 01:15 | B13: 14.99 | C13: 70.59 | D13: 50.25 | E13: 9.39 | F13: 4.43 | G13: 54.59 | H13: 22.98 | I13: 6.64 | J13: 0.17 | K13: 185.35 | L13: 27.05 | M13: 50.63 | N13: 0 | O13: 0 | P13: 0.76 | Q13: 5.72
A14: 11/04/2023 01:30 | B14: 14.83 | C14: 70.28 | D14: 49.96 | E14: 9.55 | F14: 4.6 | G14: 54.59 | H14: 22.98 | I14: 6.59 | J14: 0.11 | K14: 164.78 | L14: 26.88 | M14: 51.11 | N14: 0 | O14: 0 | P14: 0.75 | Q14: 5.74
A15: 11/04/2023 01:45 | B15: 14.57 | C15: 70.43 | D15: 49.83 | E15: 8.82 | F15: 4.45 | G15: 53.32 | H15: 21.6 | I15: 6.52 | J15: 0.12 | K15: 167.96 | L15: 26.55 | M15: 53.89 | N15: 0 | O15: 0 | P15: 0.75 | Q15: 5.72
A16: 11/04/2023 02:00 | B16: 14.57 | C16: 70.91 | D16: 50.09 | E16: 9.12 | F16: 4.17 | G16: 50.18 | H16: 19.39 | I16: 6.42 | J16: 0.18 | K16: 161.08 | L16: 26.33 | M16: 54.62 | N16: 0 | O16: 0 | P16: 0.74 | Q16: 5.72
A17: 11/04/2023 02:15 | B17: 14.57 | C17: 70.6 | D17: 49.92 | E17: 8.33 | F17: 4.04 | G17: 50.18 | H17: 19.39 | I17: 6.34 | J17: 0.13 | K17: 152.5 | L17: 26.12 | M17: 55.42 | N17: 0 | O17: 0 | P17: 0.73 | Q17: 5.72
A18: 11/04/2023 02:30 | B18: 14.47 | C18: 70.65 | D18: 49.87 | E18: 9.01 | F18: 4.02 | G18: 50.18 | H18: 19.39 | I18: 6.29 | J18: 0.17 | K18: 144.46 | L18: 26.26 | M18: 54.15 | N18: 0 | O18: 0 | P18: 0.73 | Q18: 5.69
A19: 11/04/2023 02:45 | B19: 14.58 | C19: 70.89 | D19: 50.08 | E19: 9.11 | F19: 3.95 | G19: 47.75 | H19: 19.8 | I19: 6.23 | J19: 0.21 | K19: 152.44 | L19: 26.04 | M19: 58.66 | N19: 0 | O19: 0 | P19: 0.73 | Q19: 5.68
A20: 11/04/2023 03:00 | B20: 14.96 | C20: 70.89 | D20: 50.39 | E20: 9.2 | F20: 3.84 | G20: 41.76 | H20: 20.46 | I20: 6.19 | J20: 0.22 | K20: 148.74 | L20: 25.69 | M20: 56.72 | N20: 0 | O20: 0 | P20: 0.73 | Q20: 5.72
... A104: 11/04/2023 24:00 | B104: 23.53 | C104: 88.22 | D104: 66.31 | E104: 8.35 | F104: 4.67 | G104: 87.12 | H104: 27.25 | I104: 6.96 | J104: 0.57 | K104: 20.28 | L104: 28.13 | M104: 46.77 | N104: 0 | O104: 0 | P104: 0.84 | Q104: 6.76
A106: Min | B106: =MIN(B9:B104) -> 3.93 | C106: =MIN(C9:C104) -> 44.01 | D106: =MIN(D9:D104) -> 27.5 | E106: =MIN(E9:E104) -> 7.3 | F106: =MIN(F9:F104) -> 3.45 | G106: =MIN(G9:G104) -> 37.04 | H106: =MIN(H9:H104) -> 17.32 | I106: =MIN(I9:I104) -> 4.23 | ... Q106: =MIN(Q9:Q104) -> 4.46
A107: Max | B107: =MAX(B9:B104) -> 30.93 | C107: =MAX(C9:C104) -> 88.22 | D107: =MAX(D9:D104) -> 66.31 | E107: =MAX(E9:E104) -> 43.52 | F107: =MAX(F9:F104) -> 64.05 | G107: =MAX(G9:G104) -> 91.52 | H107: =MAX(H9:H104) -> 30.11 | I107: =MAX(I9:I104) -> 7.76 | ... Q107: =MAX(Q9:Q104) -> 6.76
A108: Avg | B108: =AVERAGE(B9:B104) -> 14.766562 | C108: =AVERAGE(C9:C104) -> 66.324687 | D108: =AVERAGE(D9:D104) -> 47.930104 | E108: =AVERAGE(E9:E104) -> 12.378854 | F108: =AVERAGE(F9:F104) -> 14.151979 | G108: =AVERAGE(G9:G104) -> 62.473333 | H108: =AVERAGE(H9:H104) -> 24.195521 | I108: =AVERAGE(I9:I104) -> 6.296875 | ... Q108: =AVERAGE(Q9:Q104) -> 5.7017708
A109: Stdev | B109: =STDEV(B9:B104) -> 7.9864397 | C109: =STDEV(C9:C104) -> 8.0682538 | D109: =STDEV(D9:D104) -> 9.4255964 | E109: =STDEV(E9:E104) -> 6.6359312 | F109: =STDEV(F9:F104) -> 14.8009 | G109: =STDEV(G9:G104) -> 14.592979 | H109: =STDEV(H9:H104) -> 3.9006677 | I109: =STDEV(I9:I104) -> 0.8701014 | ... Q109: =STDEV(Q9:Q104) -> 0.53785734
A110: Num | B110: =COUNT(B9:B104) -> 96 | C110: =COUNT(C9:C104) -> 96 | D110: =COUNT(D9:D104) -> 96 | E110: =COUNT(E9:E104) -> 96 | F110: =COUNT(F9:F104) -> 96 | G110: =COUNT(G9:G104) -> 96 | H110: =COUNT(H9:H104) -> 96 | I110: =COUNT(I9:I104) -> 96 | ... Q110: =COUNT(Q9:Q104) -> 96
A111: DCR | B111: =IF(B110>=87,">90%",IF(B110<=87,"<90%")) -> >90% | C111: =IF(C110>=87,">90%",IF(C110<=87,"<90%")) -> >90% | D111: =IF(D110>=87,">90%",IF(D110<=87,"<90%")) -> >90% | E111: =IF(E110>=87,">90%",IF(E110<=87,"<90%")) -> >90% | F111: =IF(F110>=87,">90%",IF(F110<=87,"<90%")) -> >90% | G111: =IF(G110>=87,">90%",IF(G110<=87,"<90%")) -> >90% | H111: =IF(H110>=87,">90%",IF(H110<=87,"<90%")) -> >90% | I111: =IF(I110>=87,">90%",IF(I110<=87,"<90%")) -> >90% | ... Q111: =IF(Q110>=87,">90%",IF(Q110<=87,"<90%")) -> >90%
A112: Status | B112: =IF(B110>=87,"OK",IF(B110<=87,"LESS")) -> OK | C112: =IF(C110>=87,"OK",IF(C110<=87,"LESS")) -> OK | D112: =IF(D110>=87,"OK",IF(D110<=87,"LESS")) -> OK | E112: =IF(E110>=87,"OK",IF(E110<=87,"LESS")) -> OK | F112: =IF(F110>=87,"OK",IF(F110<=87,"LESS")) -> OK | G112: =IF(G110>=87,"OK",IF(G110<=87,"LESS")) -> OK | H112: =IF(H110>=87,"OK",IF(H110<=87,"LESS")) -> OK | I112: =IF(I110>=87,"OK",IF(I110<=87,"LESS")) -> OK | ... Q112: =IF(Q110>=87,"OK",IF(Q110<=87,"LESS")) -> OK
A115: Done by | B115: AKASH
A117: Comment

Sheet 12
A1: Station: | B1: IGKV RAIPUR
A2: Date: | B2: =$A$9 -> 12/04/2023 00:15 | C2: Power Off | G2: Pw.Off | J2: Link Fail | L2: Link F | N2: Maintenance | P2: Maint.
A3: Report Type: | B3: Mean | C3: Calibration | G3: Calib. | J3: Data Fail | L3: Data F | N3: Invalid | P3: Invalid
A4: Time Base: | B4: 15 Min | C4: Zero Referrence | G4: Z.Ref | J4: Warm Up | L4: Wm. Up
A7: Date & Time | B7: NO_IGKV | C7: NO2__IGKV | D7: NOX_IGKV | E7: SO2__IGKV | F7: O3__IGKV | G7: PM10_IGKV | H7: PM2.5_IGKV | I7: BENZ_IGKV | J7: WS_IGKV | K7: WD_IGKV | L7: TEMP_IGKV | M7: HUM_IGKV | N7: SR_IGKV | O7: RG_IGKV | P7: CO_IGKV | Q7: NH3_IGKV
B8: ug/m3 | C8: ug/m3 | D8: ug/m3 | E8: ug/m3 | F8: ug/m3 | G8: ug/m3 | H8: ug/m3 | I8: ug/m3 | J8: m/sec | K8: deg | L8: degreC | M8: % | N8: w/m2 | O8: mm | P8: mg/m3 | Q8: ug/m3
A9: 12/04/2023 00:15 | B9: 27.82 | C9: 71 | D9: 64.01 | E9: 8.8 | F9: 5.09 | G9: 87.12 | H9: 27.25 | I9: 7.04 | J9: 0.25 | K9: 47.6 | L9: 27.9 | M9: 47.81 | N9: 0 | O9: 0 | P9: 0.84 | Q9: 6.73
A10: 12/04/2023 00:30 | B10: 25.83 | C10: 78.3 | D10: 64.66 | E10: 8.73 | F10: 4.51 | G10: 87.12 | H10: 27.25 | I10: 7.22 | J10: 0.1 | K10: 185.15 | L10: 27.68 | M10: 49.18 | N10: 0 | O10: 0 | P10: 0.87 | Q10: 6.83
A11: 12/04/2023 00:45 | B11: 25.58 | C11: 77.04 | D11: 64.34 | E11: 8.54 | F11: 4.11 | G11: 92.02 | H11: 27.65 | I11: 7.39 | J11: 0.2 | K11: 178.38 | L11: 26.92 | M11: 52.42 | N11: 0 | O11: 0 | P11: 0.86 | Q11: 6.8
A12: 12/04/2023 01:00 | B12: 26.92 | C12: 78.2 | D12: 66.59 | E12: 8.68 | F12: 4.15 | G12: 103.47 | H12: 29.28 | I12: 7.47 | J12: 0.13 | K12: 174.27 | L12: 26.47 | M12: 54.26 | N12: 0 | O12: 0 | P12: 0.87 | Q12: 6.94
A13: 12/04/2023 01:15 | B13: 28.24 | C13: 78.6 | D13: 66.31 | E13: 8.02 | F13: 3.94 | G13: 103.47 | H13: 29.28 | I13: 7.52 | J13: 0.17 | K13: 179.65 | L13: 26.26 | M13: 54.92 | N13: 0 | O13: 0 | P13: 0.86 | Q13: 6.89
A14: 12/04/2023 01:30 | B14: 28.86 | C14: 75.69 | D14: 64.63 | E14: 8.33 | F14: 4.04 | G14: 103.47 | H14: 29.28 | I14: 7.58 | J14: 0.18 | K14: 185.09 | L14: 26.08 | M14: 55.78 | N14: 0 | O14: 0 | P14: 0.86 | Q14: 6.83
A15: 12/04/2023 01:45 | B15: 29.48 | C15: 75.49 | D15: 65.96 | E15: 8.38 | F15: 3.84 | G15: 102.8 | H15: 30.17 | I15: 7.65 | J15: 0.52 | K15: 45.6 | L15: 25.97 | M15: 55.73 | N15: 0 | O15: 0 | P15: 0.88 | Q15: 6.87
A16: 12/04/2023 02:00 | B16: 29.44 | C16: 76.3 | D16: 65.66 | E16: 8.37 | F16: 4.23 | G16: 101.13 | H16: 31.57 | I16: 7.69 | J16: 0.15 | K16: 141.05 | L16: 26.73 | M16: 51.58 | N16: 0 | O16: 0 | P16: 0.87 | Q16: 6.89
A17: 12/04/2023 02:15 | B17: 29.9 | C17: 76.34 | D17: 65.21 | E17: 6.7 | F17: 4.22 | G17: 101.13 | H17: 31.57 | I17: 7.73 | J17: 0.13 | K17: 200.08 | L17: 26.28 | M17: 53.8 | N17: 0 | O17: 0 | P17: 0.87 | Q17: 6.84
A18: 12/04/2023 02:30 | B18: 30.73 | C18: 74.54 | D18: 64.94 | E18: 7.4 | F18: 4.02 | G18: 101.13 | H18: 31.57 | I18: 7.72 | J18: 0.2 | K18: 163.89 | L18: 25.84 | M18: 57.2 | N18: 0 | O18: 0 | P18: 0.86 | Q18: 6.79
A19: 12/04/2023 02:45 | B19: 30.74 | C19: 76.66 | D19: 66.05 | E19: 8.27 | F19: 3.73 | G19: 100.25 | H19: 31.11 | I19: 7.74 | J19: 0.14 | K19: 185.33 | L19: 25.29 | M19: 58.81 | N19: 0 | O19: 0 | P19: 0.87 | Q19: 6.88
A20: 12/04/2023 03:00 | B20: 31.01 | C20: 76.59 | D20: 66.24 | E20: 7.87 | F20: 3.78 | G20: 98.08 | H20: 30.36 | I20: 7.8 | J20: 0.12 | K20: 164.73 | L20: 25.13 | M20: 58.6 | N20: 0 | O20: 0 | P20: 0.87 | Q20: 6.92
... A104: 12/04/2023 24:00 | B104: 12.18 | C104: 63.18 | D104: 44.13 | E104: 7.38 | F104: 7.37 | G104: 69.86 | H104: 27.1 | I104: 6.09 | J104: 0.19 | K104: 191.73 | L104: 27.68 | M104: 40.25 | N104: 0 | O104: 0 | P104: 0.73 | Q104: 5.37
A106: Min | B106: =MIN(B9:B104) -> 4.44 | C106: =MIN(C9:C104) -> 44.16 | D106: =MIN(D9:D104) -> 28.25 | E106: =MIN(E9:E104) -> 6.23 | F106: =MIN(F9:F104) -> 3.51 | G106: =MIN(G9:G104) -> 45.12 | H106: =MIN(H9:H104) -> 20.16 | I106: =MIN(I9:I104) -> 4.07 | ... Q106: =MIN(Q9:Q104) -> 4.66
A107: Max | B107: =MAX(B9:B104) -> 41.5 | C107: =MAX(C9:C104) -> 78.81 | D107: =MAX(D9:D104) -> 75.47 | E107: =MAX(E9:E104) -> 30.75 | F107: =MAX(F9:F104) -> 68.19 | G107: =MAX(G9:G104) -> 103.47 | H107: =MAX(H9:H104) -> 31.57 | I107: =MAX(I9:I104) -> 8.24 | ... Q107: =MAX(Q9:Q104) -> 7.65
A108: Avg | B108: =AVERAGE(B9:B104) -> 17.999479 | C108: =AVERAGE(C9:C104) -> 64.811042 | D108: =AVERAGE(D9:D104) -> 49.802083 | E108: =AVERAGE(E9:E104) -> 12.972812 | F108: =AVERAGE(F9:F104) -> 21.44 | G108: =AVERAGE(G9:G104) -> 71.937604 | H108: =AVERAGE(H9:H104) -> 25.901875 | I108: =AVERAGE(I9:I104) -> 6.4814583 | ... Q108: =AVERAGE(Q9:Q104) -> 5.9385417
A109: Stdev | B109: =STDEV(B9:B104) -> 13.089134 | C109: =STDEV(C9:C104) -> 10.333284 | D109: =STDEV(D9:D104) -> 15.779687 | E109: =STDEV(E9:E104) -> 6.2097624 | F109: =STDEV(F9:F104) -> 18.607172 | G109: =STDEV(G9:G104) -> 18.384595 | H109: =STDEV(H9:H104) -> 3.4408794 | I109: =STDEV(I9:I104) -> 1.2577507 | ... Q109: =STDEV(Q9:Q104) -> 1.0321016
A110: Num | B110: =COUNT(B9:B104) -> 96 | C110: =COUNT(C9:C104) -> 96 | D110: =COUNT(D9:D104) -> 96 | E110: =COUNT(E9:E104) -> 96 | F110: =COUNT(F9:F104) -> 96 | G110: =COUNT(G9:G104) -> 96 | H110: =COUNT(H9:H104) -> 96 | I110: =COUNT(I9:I104) -> 96 | ... Q110: =COUNT(Q9:Q104) -> 96
A111: DCR | B111: =IF(B110>=87,">90%",IF(B110<=87,"<90%")) -> >90% | C111: =IF(C110>=87,">90%",IF(C110<=87,"<90%")) -> >90% | D111: =IF(D110>=87,">90%",IF(D110<=87,"<90%")) -> >90% | E111: =IF(E110>=87,">90%",IF(E110<=87,"<90%")) -> >90% | F111: =IF(F110>=87,">90%",IF(F110<=87,"<90%")) -> >90% | G111: =IF(G110>=87,">90%",IF(G110<=87,"<90%")) -> >90% | H111: =IF(H110>=87,">90%",IF(H110<=87,"<90%")) -> >90% | I111: =IF(I110>=87,">90%",IF(I110<=87,"<90%")) -> >90% | ... Q111: =IF(Q110>=87,">90%",IF(Q110<=87,"<90%")) -> >90%
A112: Status | B112: =IF(B110>=87,"OK",IF(B110<=87,"LESS")) -> OK | C112: =IF(C110>=87,"OK",IF(C110<=87,"LESS")) -> OK | D112: =IF(D110>=87,"OK",IF(D110<=87,"LESS")) -> OK | E112: =IF(E110>=87,"OK",IF(E110<=87,"LESS")) -> OK | F112: =IF(F110>=87,"OK",IF(F110<=87,"LESS")) -> OK | G112: =IF(G110>=87,"OK",IF(G110<=87,"LESS")) -> OK | H112: =IF(H110>=87,"OK",IF(H110<=87,"LESS")) -> OK | I112: =IF(I110>=87,"OK",IF(I110<=87,"LESS")) -> OK | ... Q112: =IF(Q110>=87,"OK",IF(Q110<=87,"LESS")) -> OK
A115: Done by | B115: AKASH
A117: Comment

Sheet 13
A1: Station: | B1: IGKV RAIPUR
A2: Date: | B2: =$A$9 -> 45029.01 | C2: Power Off | G2: Pw.Off | J2: Link Fail | L2: Link F | N2: Maintenance | P2: Maint.
A3: Report Type: | B3: Mean | C3: Calibration | G3: Calib. | J3: Data Fail | L3: Data F | N3: Invalid | P3: Invalid
A4: Time Base: | B4: 15 Min | C4: Zero Referrence | G4: Z.Ref | J4: Warm Up | L4: Wm. Up
A7: Date & Time | B7: NO_IGKV | C7: NO2__IGKV | D7: NOX_IGKV | E7: SO2__IGKV | F7: O3__IGKV | G7: PM10_IGKV | H7: PM2.5_IGKV | I7: BENZ_IGKV | J7: WS_IGKV | K7: WD_IGKV | L7: TEMP_IGKV | M7: HUM_IGKV | N7: SR_IGKV | O7: RG_IGKV | P7: CO_IGKV | Q7: NH3_IGKV
B8: ug/m3 | C8: ug/m3 | D8: ug/m3 | E8: ug/m3 | F8: ug/m3 | G8: ug/m3 | H8: ug/m3 | I8: ug/m3 | J8: m/sec | K8: deg | L8: degreC | M8: % | N8: w/m2 | O8: mm | P8: mg/m3 | Q8: ug/m3
A9: 45029.01 | B9: 13.38 | C9: 67.58 | D9: 47.39 | E9: 6.46 | F9: 5.67 | G9: 69.86 | H9: 27.1 | I9: 6.14 | J9: 0.2 | K9: 125.43 | L9: 27.3 | M9: 41.99 | N9: 0 | O9: 0 | P9: 0.74 | Q9: 5.41
A10: 13/04/2023 00:30 | B10: 14.57 | C10: 68.08 | D10: 48.61 | E10: 6.48 | F10: 4.51 | G10: 69.86 | H10: 27.1 | I10: 6.15 | J10: 0.17 | K10: 135.34 | L10: 27.4 | M10: 42.53 | N10: 0 | O10: 0 | P10: 0.74 | Q10: 5.46
A11: 13/04/2023 00:45 | B11: 13.24 | C11: 67.49 | D11: 47.23 | E11: 6.71 | F11: 4.94 | G11: 70.74 | H11: 27.13 | I11: 6.16 | J11: 0.08 | K11: 154.96 | L11: 27.3 | M11: 42.53 | N11: 0 | O11: 0 | P11: 0.74 | Q11: 5.51
A12: 13/04/2023 01:00 | B12: 13.12 | C12: 67.29 | D12: 47.03 | E12: 6.27 | F12: 5.21 | G12: 72.9 | H12: 27.22 | I12: 6.15 | J12: 0.25 | K12: 225.54 | L12: 27.02 | M12: 44.88 | N12: 0 | O12: 0 | P12: 0.74 | Q12: 5.55
A13: 13/04/2023 01:15 | B13: 13.35 | C13: 68.54 | D13: 47.87 | E13: 5.91 | F13: 4.34 | G13: 72.9 | H13: 27.22 | I13: 6.12 | J13: 0.33 | K13: 241.44 | L13: 26.62 | M13: 45.26 | N13: 0 | O13: 0 | P13: 0.74 | Q13: 5.53
A14: 13/04/2023 01:30 | B14: 13.98 | C14: 68.99 | D14: 48.6 | E14: 5.66 | F14: 3.83 | G14: 72.9 | H14: 27.22 | I14: 6.13 | J14: 0.03 | K14: 176.46 | L14: 26.65 | M14: 45.24 | N14: 0 | O14: 0 | P14: 0.75 | Q14: 5.59
A15: 13/04/2023 01:45 | B15: 15.72 | C15: 69.94 | D15: 50.5 | E15: 5.74 | F15: 3.84 | G15: 70.1 | H15: 26.15 | I15: 6.16 | J15: 0.23 | K15: 162.12 | L15: 26.94 | M15: 45.73 | N15: 0 | O15: 0 | P15: 0.75 | Q15: 5.71
A16: 13/04/2023 02:00 | B16: 17.38 | C16: 70.79 | D16: 52.27 | E16: 5.61 | F16: 3.75 | G16: 63.22 | H16: 24.36 | I16: 6.17 | J16: 0.23 | K16: 144.8 | L16: 26.75 | M16: 47.61 | N16: 0 | O16: 0 | P16: 0.76 | Q16: 5.85
A17: 13/04/2023 02:15 | B17: 18.6 | C17: 71.66 | D17: 53.71 | E17: 6.1 | F17: 3.74 | G17: 63.22 | H17: 24.36 | I17: 6.2 | J17: 0.16 | K17: 183.12 | L17: 26.22 | M17: 48.37 | N17: 0 | O17: 0 | P17: 0.76 | Q17: 5.97
A18: 13/04/2023 02:30 | B18: 19.4 | C18: 71.8 | D18: 54.42 | E18: 7.35 | F18: 3.67 | G18: 63.22 | H18: 24.36 | I18: 6.21 | J18: 0.15 | K18: 143.72 | L18: 26.03 | M18: 49.66 | N18: 0 | O18: 0 | P18: 0.76 | Q18: 6.07
A19: 13/04/2023 02:45 | B19: 20.22 | C19: 72.16 | D19: 55.27 | E19: 7.88 | F19: 3.73 | G19: 63.71 | H19: 25.48 | I19: 6.22 | J19: 0.26 | K19: 157.56 | L19: 26.02 | M19: 52.02 | N19: 0 | O19: 0 | P19: 0.77 | Q19: 6.12
A20: 13/04/2023 03:00 | B20: 20.94 | C20: 72.2 | D20: 55.87 | E20: 6.8 | F20: 3.76 | G20: 64.92 | H20: 27.32 | I20: 6.23 | J20: 0.22 | K20: 146.52 | L20: 25.87 | M20: 50.04 | N20: 0 | O20: 0 | P20: 0.77 | Q20: 6.15
A21: 13/04/2023 03:15 | B21: 22.06 | C21: 72.3 | D21: 56.81 | E21: 7.07 | F21: 3.76 | G21: 64.92 | H21: 27.32 | I21: 6.25 | J21: 0.2 | K21: 102.66 | L21: 25.96 | M21: 48.41 | N21: 0 | O21: 0 | P21: 0.77 | Q21: 6.18
... A104: 13/04/2023 24:00 | B104: 9.21 | C104: 60.75 | D104: 40.47 | E104: 6.58 | F104: 10.76 | G104: 93.87 | H104: 33.17 | I104: 6.15 | J104: 0.24 | K104: 240.66 | L104: 30.01 | M104: 40.74 | N104: 0 | O104: 0 | P104: 0.84 | Q104: 5.49
A106: Min | B106: =MIN(B9:B104) -> 3.36 | C106: =MIN(C9:C104) -> 31.89 | D106: =MIN(D9:D104) -> 20.71 | E106: =MIN(E9:E104) -> 5.61 | F106: =MIN(F9:F104) -> 3.5 | G106: =MIN(G9:G104) -> 55.08 | H106: =MIN(H9:H104) -> 24.36 | I106: =MIN(I9:I104) -> 4.76 | ... Q106: =MIN(Q9:Q104) -> 4.65
A107: Max | B107: =MAX(B9:B104) -> 42.07 | C107: =MAX(C9:C104) -> 73.8 | D107: =MAX(D9:D104) -> 72.94 | E107: =MAX(E9:E104) -> 48.31 | F107: =MAX(F9:F104) -> 115.57 | G107: =MAX(G9:G104) -> 112.41 | H107: =MAX(H9:H104) -> 36.98 | I107: =MAX(I9:I104) -> 13.72 | ... Q107: =MAX(Q9:Q104) -> 7.25
A108: Avg | B108: =AVERAGE(B9:B104) -> 15.004896 | C108: =AVERAGE(C9:C104) -> 59.110833 | D108: =AVERAGE(D9:D104) -> 44.267292 | E108: =AVERAGE(E9:E104) -> 14.316875 | F108: =AVERAGE(F9:F104) -> 28.717813 | G108: =AVERAGE(G9:G104) -> 76.938854 | H108: =AVERAGE(H9:H104) -> 30.872396 | I108: =AVERAGE(I9:I104) -> 7.7390625 | ... Q108: =AVERAGE(Q9:Q104) -> 5.6680208
A109: Stdev | B109: =STDEV(B9:B104) -> 12.729172 | C109: =STDEV(C9:C104) -> 12.569277 | D109: =STDEV(D9:D104) -> 15.623855 | E109: =STDEV(E9:E104) -> 9.8096547 | F109: =STDEV(F9:F104) -> 29.506462 | G109: =STDEV(G9:G104) -> 15.272785 | H109: =STDEV(H9:H104) -> 3.9184145 | I109: =STDEV(I9:I104) -> 2.3360268 | ... Q109: =STDEV(Q9:Q104) -> 0.85657656
A110: Num | B110: =COUNT(B9:B104) -> 96 | C110: =COUNT(C9:C104) -> 96 | D110: =COUNT(D9:D104) -> 96 | E110: =COUNT(E9:E104) -> 96 | F110: =COUNT(F9:F104) -> 96 | G110: =COUNT(G9:G104) -> 96 | H110: =COUNT(H9:H104) -> 96 | I110: =COUNT(I9:I104) -> 96 | ... Q110: =COUNT(Q9:Q104) -> 96
A111: DCR | B111: =IF(B110>=87,">90%",IF(B110<=87,"<90%")) -> >90% | C111: =IF(C110>=87,">90%",IF(C110<=87,"<90%")) -> >90% | D111: =IF(D110>=87,">90%",IF(D110<=87,"<90%")) -> >90% | E111: =IF(E110>=87,">90%",IF(E110<=87,"<90%")) -> >90% | F111: =IF(F110>=87,">90%",IF(F110<=87,"<90%")) -> >90% | G111: =IF(G110>=87,">90%",IF(G110<=87,"<90%")) -> >90% | H111: =IF(H110>=87,">90%",IF(H110<=87,"<90%")) -> >90% | I111: =IF(I110>=87,">90%",IF(I110<=87,"<90%")) -> >90% | ... Q111: =IF(Q110>=87,">90%",IF(Q110<=87,"<90%")) -> >90%
A112: Status | B112: =IF(B110>=87,"OK",IF(B110<=87,"LESS")) -> OK | C112: =IF(C110>=87,"OK",IF(C110<=87,"LESS")) -> OK | D112: =IF(D110>=87,"OK",IF(D110<=87,"LESS")) -> OK | E112: =IF(E110>=87,"OK",IF(E110<=87,"LESS")) -> OK | F112: =IF(F110>=87,"OK",IF(F110<=87,"LESS")) -> OK | G112: =IF(G110>=87,"OK",IF(G110<=87,"LESS")) -> OK | H112: =IF(H110>=87,"OK",IF(H110<=87,"LESS")) -> OK | I112: =IF(I110>=87,"OK",IF(I110<=87,"LESS")) -> OK | ... Q112: =IF(Q110>=87,"OK",IF(Q110<=87,"LESS")) -> OK
A115: Done by | B115: AKASH
A117: Comment

Sheet 14
A1: Station: | B1: IGKV RAIPUR
A2: Date: | B2: =$A$9 -> 14/04/2023 00:15 | C2: Power Off | G2: Pw.Off | J2: Link Fail | L2: Link F | N2: Maintenance | P2: Maint.
A3: Report Type: | B3: Mean | C3: Calibration | G3: Calib. | J3: Data Fail | L3: Data F | N3: Invalid | P3: Invalid
A4: Time Base: | B4: 15 Min | C4: Zero Referrence | G4: Z.Ref | J4: Warm Up | L4: Wm. Up
A7: Date & Time | B7: NO_IGKV | C7: NO2__IGKV | D7: NOX_IGKV | E7: SO2__IGKV | F7: O3__IGKV | G7: PM10_IGKV | H7: PM2.5_IGKV | I7: BENZ_IGKV | J7: WS_IGKV | K7: WD_IGKV | L7: TEMP_IGKV | M7: HUM_IGKV | N7: SR_IGKV | O7: RG_IGKV | P7: CO_IGKV | Q7: NH3_IGKV
B8: ug/m3 | C8: ug/m3 | D8: ug/m3 | E8: ug/m3 | F8: ug/m3 | G8: ug/m3 | H8: ug/m3 | I8: ug/m3 | J8: m/sec | K8: deg | L8: degreC | M8: % | N8: w/m2 | O8: mm | P8: mg/m3 | Q8: ug/m3
A9: 14/04/2023 00:15 | B9: 8.87 | C9: 59.3 | D9: 39.44 | E9: 6.43 | F9: 13.83 | G9: 93.87 | H9: 33.17 | I9: 6.1 | J9: 0.1 | K9: 156.05 | L9: 29.67 | M9: 42.55 | N9: 0 | O9: 0 | P9: 0.83 | Q9: 5.46
A10: 14/04/2023 00:30 | B10: 8.12 | C10: 53.74 | D10: 35.95 | E10: 7.01 | F10: 19.62 | G10: 93.87 | H10: 33.17 | I10: 6.07 | J10: 0.18 | K10: 152.34 | L10: 29.23 | M10: 44.47 | N10: 0 | O10: 0 | P10: 0.81 | Q10: 5.42
A11: 14/04/2023 00:45 | B11: 8.53 | C11: 55.83 | D11: 37.36 | E11: 6.23 | F11: 19.36 | G11: 89.77 | H11: 33.19 | I11: 5.87 | J11: 0.13 | K11: 146.39 | L11: 28.81 | M11: 45.72 | N11: 0 | O11: 0 | P11: 0.8 | Q11: 5.31
A12: 14/04/2023 01:00 | B12: 8.42 | C12: 53.21 | D12: 35.9 | E12: 6.84 | F12: 21.77 | G12: 79.68 | H12: 33.27 | I12: 5.74 | J12: 0.11 | K12: 205.47 | L12: 28.77 | M12: 44.16 | N12: 0 | O12: 0 | P12: 0.78 | Q12: 5.27
A13: 14/04/2023 01:15 | B13: 9.1 | C13: 56.69 | D13: 38.26 | E13: 6.96 | F13: 17.23 | G13: 79.68 | H13: 33.27 | I13: 5.65 | J13: 0.16 | K13: 169.73 | L13: 28.91 | M13: 42.74 | N13: 0 | O13: 0 | P13: 0.77 | Q13: 5.24
A14: 14/04/2023 01:30 | B14: 8.53 | C14: 53.77 | D14: 36.29 | E14: 7.09 | F14: 23.66 | G14: 79.68 | H14: 33.27 | I14: 5.58 | J14: 0.15 | K14: 192.07 | L14: 28.79 | M14: 42.34 | N14: 0 | O14: 0 | P14: 0.76 | Q14: 5.23
A15: 14/04/2023 01:45 | B15: 8.88 | C15: 57.08 | D15: 38.29 | E15: 6.47 | F15: 18.31 | G15: 74.44 | H15: 32.04 | I15: 5.57 | J15: 0.2 | K15: 177.41 | L15: 28.77 | M15: 41.81 | N15: 0 | O15: 0 | P15: 0.76 | Q15: 5.24
A16: 14/04/2023 02:00 | B16: 8.87 | C16: 56.86 | D16: 38.17 | E16: 6.56 | F16: 18.6 | G16: 61.53 | H16: 30.02 | I16: 5.55 | J16: 0.19 | K16: 178.29 | L16: 28.7 | M16: 41.48 | N16: 0 | O16: 0 | P16: 0.76 | Q16: 5.26
A17: 14/04/2023 02:15 | B17: 9.04 | C17: 57.45 | D17: 38.62 | E17: 7.31 | F17: 16.67 | G17: 61.53 | H17: 30.02 | I17: 5.48 | J17: 0.18 | K17: 209.32 | L17: 28.57 | M17: 42.19 | N17: 0 | O17: 0 | P17: 0.76 | Q17: 5.21
A18: 14/04/2023 02:30 | B18: 8.9 | C18: 58.79 | D18: 39.2 | E18: 8.52 | F18: 15.63 | G18: 61.53 | H18: 30.02 | I18: 5.43 | J18: 0.2 | K18: 183.95 | L18: 28.4 | M18: 43.24 | N18: 0 | O18: 0 | P18: 0.75 | Q18: 5.22
A19: 14/04/2023 02:45 | B19: 8.74 | C19: 56.01 | D19: 37.63 | E19: 8.7 | F19: 17.87 | G19: 56.63 | H19: 28.75 | I19: 5.43 | J19: 0.22 | K19: 163.67 | L19: 28.35 | M19: 43.94 | N19: 0 | O19: 0 | P19: 0.74 | Q19: 5.24
A20: 14/04/2023 03:00 | B20: 9.56 | C20: 61.12 | D20: 40.95 | E20: 8.33 | F20: 8.71 | G20: 44.55 | H20: 26.61 | I20: 5.42 | J20: 0.33 | K20: 159.41 | L20: 27.81 | M20: 47 | N20: 0 | O20: 0 | P20: 0.75 | Q20: 5.28
... A104: 14/04/2023 24:00 | B104: 24.38 | C104: 68.2 | D104: 56.53 | E104: 7.61 | F104: 4.94 | G104: 90.68 | H104: 30.64 | I104: 8.44 | J104: 0.22 | K104: 166.12 | L104: 29.28 | M104: 47.68 | N104: 0 | O104: 0 | P104: 1.08 | Q104: 6.45
A106: Min | B106: =MIN(B9:B104) -> 4.34 | C106: =MIN(C9:C104) -> 46.35 | D106: =MIN(D9:D104) -> 29.04 | E106: =MIN(E9:E104) -> 5.89 | F106: =MIN(F9:F104) -> 3.57 | G106: =MIN(G9:G104) -> 39.82 | H106: =MIN(H9:H104) -> 19.28 | I106: =MIN(I9:I104) -> 4.16 | ... Q106: =MIN(Q9:Q104) -> 4.91
A107: Max | B107: =MAX(B9:B104) -> 43.57 | C107: =MAX(C9:C104) -> 71.19 | D107: =MAX(D9:D104) -> 73.89 | E107: =MAX(E9:E104) -> 24.86 | F107: =MAX(F9:F104) -> 62.14 | G107: =MAX(G9:G104) -> 93.87 | H107: =MAX(H9:H104) -> 33.27 | I107: =MAX(I9:I104) -> 8.69 | ... Q107: =MAX(Q9:Q104) -> 6.6
A108: Avg | B108: =AVERAGE(B9:B104) -> 10.015625 | C108: =AVERAGE(C9:C104) -> 60.045521 | D108: =AVERAGE(D9:D104) -> 40.759271 | E108: =AVERAGE(E9:E104) -> 10.826562 | F108: =AVERAGE(F9:F104) -> 23.271875 | G108: =AVERAGE(G9:G104) -> 56.6375 | H108: =AVERAGE(H9:H104) -> 25.413125 | I108: =AVERAGE(I9:I104) -> 5.7509375 | ... Q108: =AVERAGE(Q9:Q104) -> 5.3808333
A109: Stdev | B109: =STDEV(B9:B104) -> 7.7889534 | C109: =STDEV(C9:C104) -> 7.4582601 | D109: =STDEV(D9:D104) -> 9.0953454 | E109: =STDEV(E9:E104) -> 4.3679213 | F109: =STDEV(F9:F104) -> 17.53439 | G109: =STDEV(G9:G104) -> 13.687799 | H109: =STDEV(H9:H104) -> 3.9738472 | I109: =STDEV(I9:I104) -> 0.93012855 | ... Q109: =STDEV(Q9:Q104) -> 0.39532177
A110: Num | B110: =COUNT(B9:B104) -> 96 | C110: =COUNT(C9:C104) -> 96 | D110: =COUNT(D9:D104) -> 96 | E110: =COUNT(E9:E104) -> 96 | F110: =COUNT(F9:F104) -> 96 | G110: =COUNT(G9:G104) -> 96 | H110: =COUNT(H9:H104) -> 96 | I110: =COUNT(I9:I104) -> 96 | ... Q110: =COUNT(Q9:Q104) -> 96
A111: DCR | B111: =IF(B110>=87,">90%",IF(B110<=87,"<90%")) -> >90% | C111: =IF(C110>=87,">90%",IF(C110<=87,"<90%")) -> >90% | D111: =IF(D110>=87,">90%",IF(D110<=87,"<90%")) -> >90% | E111: =IF(E110>=87,">90%",IF(E110<=87,"<90%")) -> >90% | F111: =IF(F110>=87,">90%",IF(F110<=87,"<90%")) -> >90% | G111: =IF(G110>=87,">90%",IF(G110<=87,"<90%")) -> >90% | H111: =IF(H110>=87,">90%",IF(H110<=87,"<90%")) -> >90% | I111: =IF(I110>=87,">90%",IF(I110<=87,"<90%")) -> >90% | ... Q111: =IF(Q110>=87,">90%",IF(Q110<=87,"<90%")) -> >90%
A112: Status | B112: =IF(B110>=87,"OK",IF(B110<=87,"LESS")) -> OK | C112: =IF(C110>=87,"OK",IF(C110<=87,"LESS")) -> OK | D112: =IF(D110>=87,"OK",IF(D110<=87,"LESS")) -> OK | E112: =IF(E110>=87,"OK",IF(E110<=87,"LESS")) -> OK | F112: =IF(F110>=87,"OK",IF(F110<=87,"LESS")) -> OK | G112: =IF(G110>=87,"OK",IF(G110<=87,"LESS")) -> OK | H112: =IF(H110>=87,"OK",IF(H110<=87,"LESS")) -> OK | I112: =IF(I110>=87,"OK",IF(I110<=87,"LESS")) -> OK | ... Q112: =IF(Q110>=87,"OK",IF(Q110<=87,"LESS")) -> OK
A115: Done by | B115: AKASH
A117: Comment

Sheet 15
A1: Station: | B1: IGKV RAIPUR
A2: Date: | B2: =$A$9 -> 15/04/2023 00:15 | C2: Power Off | G2: Pw.Off | J2: Link Fail | L2: Link F | N2: Maintenance | P2: Maint.
A3: Report Type: | B3: Mean | C3: Calibration | G3: Calib. | J3: Data Fail | L3: Data F | N3: Invalid | P3: Invalid
A4: Time Base: | B4: 15 Min | C4: Zero Referrence | G4: Z.Ref | J4: Warm Up | L4: Wm. Up
A7: Date & Time | B7: NO_IGKV | C7: NO2__IGKV | D7: NOX_IGKV | E7: SO2__IGKV | F7: O3__IGKV | G7: PM10_IGKV | H7: PM2.5_IGKV | I7: BENZ_IGKV | J7: WS_IGKV | K7: WD_IGKV | L7: TEMP_IGKV | M7: HUM_IGKV | N7: SR_IGKV | O7: RG_IGKV | P7: CO_IGKV | Q7: NH3_IGKV
B8: ug/m3 | C8: ug/m3 | D8: ug/m3 | E8: ug/m3 | F8: ug/m3 | G8: ug/m3 | H8: ug/m3 | I8: ug/m3 | J8: m/sec | K8: deg | L8: degreC | M8: % | N8: w/m2 | O8: mm | P8: mg/m3 | Q8: ug/m3
A9: 15/04/2023 00:15 | B9: 25.96 | C9: 67.97 | D9: 57.68 | E9: 7.53 | F9: 4.93 | G9: 90.68 | H9: 30.64 | I9: 8.85 | J9: 0.26 | K9: 193.74 | L9: 28.67 | M9: 48.28 | N9: 0 | O9: 0 | P9: 1.09 | Q9: 6.42
A10: 15/04/2023 00:30 | B10: 24.47 | C10: 64.6 | D10: 54.73 | E10: 7.35 | F10: 7.24 | G10: 90.68 | H10: 30.64 | I10: 8.86 | J10: 0.33 | K10: 237.2 | L10: 28.93 | M10: 44.87 | N10: 0 | O10: 0 | P10: 1.07 | Q10: 6.45
A11: 15/04/2023 00:45 | B11: 24.31 | C11: 64.57 | D11: 54.58 | E11: 8.15 | F11: 9.71 | G11: 88.98 | H11: 30.53 | I11: 8.69 | J11: 0.27 | K11: 229.97 | L11: 29.13 | M11: 43.13 | N11: 0 | O11: 0 | P11: 1.06 | Q11: 6.46
A12: 15/04/2023 01:00 | B12: 24.42 | C12: 64.03 | D12: 54.39 | E12: 7.1 | F12: 9.38 | G12: 85.03 | H12: 30.13 | I12: 8.69 | J12: 0.33 | K12: 223.37 | L12: 29.45 | M12: 40.51 | N12: 0 | O12: 0 | P12: 1.06 | Q12: 6.52
A13: 15/04/2023 01:15 | B13: 24.33 | C13: 68.57 | D13: 56.69 | E13: 6.7 | F13: 7.42 | G13: 85.03 | H13: 30.13 | I13: 8.56 | J13: 0.6 | K13: 249.03 | L13: 29.66 | M13: 38.47 | N13: 0 | O13: 0 | P13: 1.07 | Q13: 6.49
A14: 15/04/2023 01:30 | B14: 22.38 | C14: 66.58 | D14: 54.09 | E14: 6.98 | F14: 8.5 | G14: 85.03 | H14: 30.13 | I14: 8.64 | J14: 0.44 | K14: 233.84 | L14: 30.13 | M14: 35.6 | N14: 0 | O14: 0 | P14: 1.06 | Q14: 6.45
A15: 15/04/2023 01:45 | B15: 21.25 | C15: 66.65 | D15: 53.22 | E15: 6.58 | F15: 8.92 | G15: 81.02 | H15: 29.09 | I15: 8.79 | J15: 0.65 | K15: 243.2 | L15: 30.58 | M15: 32.28 | N15: 0 | O15: 0 | P15: 1.04 | Q15: 6.41
A16: 15/04/2023 02:00 | B16: 20.88 | C16: 68.69 | D16: 53.98 | E16: 6.63 | F16: 7.63 | G16: 71.16 | H16: 27.4 | I16: 8.8 | J16: 0.63 | K16: 258.41 | L16: 31.03 | M16: 29.5 | N16: 0 | O16: 0 | P16: 1.02 | Q16: 6.33
A17: 15/04/2023 02:15 | B17: 20.84 | C17: 69.11 | D17: 54.17 | E17: 7.42 | F17: 8.56 | G17: 71.16 | H17: 27.4 | I17: 8.7 | J17: 1.02 | K17: 264.93 | L17: 31.73 | M17: 26.15 | N17: 0 | O17: 0 | P17: 1 | Q17: 6.25
A18: 15/04/2023 02:30 | B18: 18.46 | C18: 68.03 | D18: 51.7 | E18: 9.4 | F18: 7.95 | G18: 71.16 | H18: 27.4 | I18: 8.56 | J18: 1.06 | K18: 278.38 | L18: 31.9 | M18: 25.66 | N18: 0 | O18: 0 | P18: 1.02 | Q18: 6.21
A19: 15/04/2023 02:45 | B19: 18.68 | C19: 69.8 | D19: 52.8 | E19: 10.59 | F19: 7.85 | G19: 69.36 | H19: 25.8 | I19: 8.37 | J19: 1.43 | K19: 290.15 | L19: 32.19 | M19: 24.35 | N19: 0 | O19: 0 | P19: 1.08 | Q19: 6.17
A20: 15/04/2023 03:00 | B20: 18.17 | C20: 70.18 | D20: 52.59 | E20: 10.43 | F20: 7.87 | G20: 64.91 | H20: 23.18 | I20: 8.81 | J20: 1.06 | K20: 282.23 | L20: 32.13 | M20: 23.99 | N20: 0 | O20: 0 | P20: 1.07 | Q20: 6.14
... A104: 15/04/2023 24:00 | B104: 16.18 | C104: 67.95 | D104: 49.83 | E104: 9.54 | F104: 5.2 | G104: 53.55 | H104: 16.66 | I104: 4.93 | J104: 0.21 | K104: 144.04 | L104: 29.16 | M104: 33.11 | N104: 0 | O104: 0 | P104: 0.56 | Q104: 5.75
A106: Min | B106: =MIN(B9:B104) -> 6.16 | C106: =MIN(C9:C104) -> 54.22 | D106: =MIN(D9:D104) -> 35.56 | E106: =MIN(E9:E104) -> 6.58 | F106: =MIN(F9:F104) -> 4.93 | G106: =MIN(G9:G104) -> 44.91 | H106: =MIN(H9:H104) -> 15.34 | I106: =MIN(I9:I104) -> 3.87 | ... Q106: =MIN(Q9:Q104) -> 4.86
A107: Max | B107: =MAX(B9:B104) -> 25.96 | C107: =MAX(C9:C104) -> 70.89 | D107: =MAX(D9:D104) -> 57.68 | E107: =MAX(E9:E104) -> 16.3 | F107: =MAX(F9:F104) -> 34.03 | G107: =MAX(G9:G104) -> 90.68 | H107: =MAX(H9:H104) -> 30.64 | I107: =MAX(I9:I104) -> 9.21 | ... Q107: =MAX(Q9:Q104) -> 6.52
A108: Avg | B108: =AVERAGE(B9:B104) -> 12.602396 | C108: =AVERAGE(C9:C104) -> 63.612187 | D108: =AVERAGE(D9:D104) -> 44.693229 | E108: =AVERAGE(E9:E104) -> 9.3548958 | F108: =AVERAGE(F9:F104) -> 12.999896 | G108: =AVERAGE(G9:G104) -> 57.379479 | H108: =AVERAGE(H9:H104) -> 20.515521 | I108: =AVERAGE(I9:I104) -> 6.1508333 | ... Q108: =AVERAGE(Q9:Q104) -> 5.47375
A109: Stdev | B109: =STDEV(B9:B104) -> 5.2866124 | C109: =STDEV(C9:C104) -> 4.2114236 | D109: =STDEV(D9:D104) -> 6.0312934 | E109: =STDEV(E9:E104) -> 2.3432856 | F109: =STDEV(F9:F104) -> 6.5449181 | G109: =STDEV(G9:G104) -> 10.385299 | H109: =STDEV(H9:H104) -> 3.9688895 | I109: =STDEV(I9:I104) -> 1.580482 | ... Q109: =STDEV(Q9:Q104) -> 0.49110241
A110: Num | B110: =COUNT(B9:B104) -> 96 | C110: =COUNT(C9:C104) -> 96 | D110: =COUNT(D9:D104) -> 96 | E110: =COUNT(E9:E104) -> 96 | F110: =COUNT(F9:F104) -> 96 | G110: =COUNT(G9:G104) -> 96 | H110: =COUNT(H9:H104) -> 96 | I110: =COUNT(I9:I104) -> 96 | ... Q110: =COUNT(Q9:Q104) -> 96
A111: DCR | B111: =IF(B110>=87,">90%",IF(B110<=87,"<90%")) -> >90% | C111: =IF(C110>=87,">90%",IF(C110<=87,"<90%")) -> >90% | D111: =IF(D110>=87,">90%",IF(D110<=87,"<90%")) -> >90% | E111: =IF(E110>=87,">90%",IF(E110<=87,"<90%")) -> >90% | F111: =IF(F110>=87,">90%",IF(F110<=87,"<90%")) -> >90% | G111: =IF(G110>=87,">90%",IF(G110<=87,"<90%")) -> >90% | H111: =IF(H110>=87,">90%",IF(H110<=87,"<90%")) -> >90% | I111: =IF(I110>=87,">90%",IF(I110<=87,"<90%")) -> >90% | ... Q111: =IF(Q110>=87,">90%",IF(Q110<=87,"<90%")) -> >90%
A112: Status | B112: =IF(B110>=87,"OK",IF(B110<=87,"LESS")) -> OK | C112: =IF(C110>=87,"OK",IF(C110<=87,"LESS")) -> OK | D112: =IF(D110>=87,"OK",IF(D110<=87,"LESS")) -> OK | E112: =IF(E110>=87,"OK",IF(E110<=87,"LESS")) -> OK | F112: =IF(F110>=87,"OK",IF(F110<=87,"LESS")) -> OK | G112: =IF(G110>=87,"OK",IF(G110<=87,"LESS")) -> OK | H112: =IF(H110>=87,"OK",IF(H110<=87,"LESS")) -> OK | I112: =IF(I110>=87,"OK",IF(I110<=87,"LESS")) -> OK | ... Q112: =IF(Q110>=87,"OK",IF(Q110<=87,"LESS")) -> OK
A115: Done by | B115: AKASH
A117: Comment

Sheet 16
A1: Station: | B1: IGKV RAIPUR
A2: Date: | B2: =$A$9 -> 16/04/2023 00:15 | C2: Power Off | G2: Pw.Off | J2: Link Fail | L2: Link F | N2: Maintenance | P2: Maint.
A3: Report Type: | B3: Mean | C3: Calibration | G3: Calib. | J3: Data Fail | L3: Data F | N3: Invalid | P3: Invalid
A4: Time Base: | B4: 15 Min | C4: Zero Referrence | G4: Z.Ref | J4: Warm Up | L4: Wm. Up
A7: Date & Time | B7: NO_IGKV | C7: NO2__IGKV | D7: NOX_IGKV | E7: SO2__IGKV | F7: O3__IGKV | G7: PM10_IGKV | H7: PM2.5_IGKV | I7: BENZ_IGKV | J7: WS_IGKV | K7: WD_IGKV | L7: TEMP_IGKV | M7: HUM_IGKV | N7: SR_IGKV | O7: RG_IGKV | P7: CO_IGKV | Q7: NH3_IGKV
B8: ug/m3 | C8: ug/m3 | D8: ug/m3 | E8: ug/m3 | F8: ug/m3 | G8: ug/m3 | H8: ug/m3 | I8: ug/m3 | J8: m/sec | K8: deg | L8: degreC | M8: % | N8: w/m2 | O8: mm | P8: mg/m3 | Q8: ug/m3
A9: 16/04/2023 00:15 | B9: 17.89 | C9: 70.79 | D9: 52.68 | E9: 8.14 | F9: 4.31 | G9: 53.55 | H9: 16.66 | I9: 5.25 | J9: 0.25 | K9: 177.4 | L9: 28.79 | M9: 35.2 | N9: 0 | O9: 0 | P9: 0.57 | Q9: 5.74
A10: 16/04/2023 00:30 | B10: 17.79 | C10: 69.18 | D10: 51.76 | E10: 8.32 | F10: 4.35 | G10: 53.55 | H10: 16.66 | I10: 5.46 | J10: 0.22 | K10: 159.24 | L10: 28.21 | M10: 35.85 | N10: 0 | O10: 0 | P10: 0.56 | Q10: 5.81
A11: 16/04/2023 00:45 | B11: 18.22 | C11: 69.96 | D11: 52.52 | E11: 8.06 | F11: 4.09 | G11: 54.54 | H11: 17.01 | I11: 5.49 | J11: 0.35 | K11: 167.38 | L11: 28.34 | M11: 34.98 | N11: 0 | O11: 0 | P11: 0.56 | Q11: 5.84
A12: 16/04/2023 01:00 | B12: 18.28 | C12: 68.38 | D12: 51.74 | E12: 8.47 | F12: 4.11 | G12: 56.98 | H12: 18.33 | I12: 5.52 | J12: 0.19 | K12: 186.59 | L12: 27.83 | M12: 35.75 | N12: 0 | O12: 0 | P12: 0.57 | Q12: 5.84
A13: 16/04/2023 01:15 | B13: 18.47 | C13: 68.71 | D13: 52.06 | E13: 8.68 | F13: 4.22 | G13: 56.98 | H13: 18.33 | I13: 5.51 | J13: 0.18 | K13: 172.01 | L13: 27.63 | M13: 38.14 | N13: 0 | O13: 0 | P13: 0.58 | Q13: 5.83
A14: 16/04/2023 01:30 | B14: 18.37 | C14: 66.96 | D14: 51.07 | E14: 7.92 | F14: 4.46 | G14: 56.98 | H14: 18.33 | I14: 5.5 | J14: 0.26 | K14: 163.13 | L14: 27.4 | M14: 38.69 | N14: 0 | O14: 0 | P14: 0.58 | Q14: 5.84
A15: 16/04/2023 01:45 | B15: 19.57 | C15: 68.61 | D15: 52.89 | E15: 7.28 | F15: 4.18 | G15: 56.7 | H15: 16.89 | I15: 5.43 | J15: 0.2 | K15: 160.98 | L15: 27.06 | M15: 39.52 | N15: 0 | O15: 0 | P15: 0.57 | Q15: 5.8
A16: 16/04/2023 02:00 | B16: 19.22 | C16: 65.48 | D16: 50.98 | E16: 7.62 | F16: 4.48 | G16: 56.02 | H16: 14.47 | I16: 5.39 | J16: 0.18 | K16: 196.58 | L16: 26.61 | M16: 41.08 | N16: 0 | O16: 0 | P16: 0.56 | Q16: 5.8
A17: 16/04/2023 02:15 | B17: 19.78 | C17: 65.22 | D17: 51.29 | E17: 9.6 | F17: 4.08 | G17: 56.02 | H17: 14.47 | I17: 5.36 | J17: 0.16 | K17: 210.17 | L17: 26.31 | M17: 41.28 | N17: 0 | O17: 0 | P17: 0.56 | Q17: 5.77
A18: 16/04/2023 02:30 | B18: 20.11 | C18: 64.78 | D18: 51.32 | E18: 10.96 | F18: 4.73 | G18: 56.02 | H18: 14.47 | I18: 5.34 | J18: 0.21 | K18: 242.92 | L18: 26.25 | M18: 42.54 | N18: 0 | O18: 0 | P18: 0.57 | Q18: 5.8
A19: 16/04/2023 02:45 | B19: 19.57 | C19: 63.44 | D19: 50.19 | E19: 12.24 | F19: 4.46 | G19: 56.39 | H19: 15.04 | I19: 5.4 | J19: 0.15 | K19: 257.93 | L19: 26.05 | M19: 43.91 | N19: 0 | O19: 0 | P19: 0.57 | Q19: 5.78
A20: 16/04/2023 03:00 | B20: 20.08 | C20: 63.57 | D20: 50.67 | E20: 11.91 | F20: 4.61 | G20: 57.3 | H20: 15.94 | I20: 5.48 | J20: 0.28 | K20: 239.57 | L20: 26.42 | M20: 40.81 | N20: 0 | O20: 0 | P20: 0.56 | Q20: 5.74
... A104: 16/04/2023 24:00 | B104: 15.43 | C104: 60.94 | D104: 45.56 | E104: 10.52 | F104: 9.64 | G104: 65.7 | H104: 25.57 | I104: 6.04 | J104: 0.14 | K104: 178.11 | L104: 27.68 | M104: 44.58 | N104: 0 | O104: 0 | P104: 0.8 | Q104: 5.64
A106: Min | B106: =MIN(B9:B104) -> 4.82 | C106: =MIN(C9:C104) -> 46.97 | D106: =MIN(D9:D104) -> 30.45 | E106: =MIN(E9:E104) -> 7.28 | F106: =MIN(F9:F104) -> 3.98 | G106: =MIN(G9:G104) -> 36.67 | H106: =MIN(H9:H104) -> 14.23 | I106: =MIN(I9:I104) -> 3.91 | ... Q106: =MIN(Q9:Q104) -> 4.61
A107: Max | B107: =MAX(B9:B104) -> 45.74 | C107: =MAX(C9:C104) -> 72.96 | D107: =MAX(D9:D104) -> 74.4 | E107: =MAX(E9:E104) -> 17.89 | F107: =MAX(F9:F104) -> 59.54 | G107: =MAX(G9:G104) -> 76.5 | H107: =MAX(H9:H104) -> 25.57 | I107: =MAX(I9:I104) -> 6.7 | ... Q107: =MAX(Q9:Q104) -> 5.97
A108: Avg | B108: =AVERAGE(B9:B104) -> 12.575313 | C108: =AVERAGE(C9:C104) -> 60.911563 | D108: =AVERAGE(D9:D104) -> 43.278125 | E108: =AVERAGE(E9:E104) -> 12.045208 | F108: =AVERAGE(F9:F104) -> 20.115417 | G108: =AVERAGE(G9:G104) -> 48.705417 | H108: =AVERAGE(H9:H104) -> 17.640625 | I108: =AVERAGE(I9:I104) -> 5.3902083 | ... Q108: =AVERAGE(Q9:Q104) -> 5.3375
A109: Stdev | B109: =STDEV(B9:B104) -> 7.4560756 | C109: =STDEV(C9:C104) -> 6.9857853 | D109: =STDEV(D9:D104) -> 9.100606 | E109: =STDEV(E9:E104) -> 2.4484857 | F109: =STDEV(F9:F104) -> 16.34838 | G109: =STDEV(G9:G104) -> 8.8815731 | H109: =STDEV(H9:H104) -> 2.8401671 | I109: =STDEV(I9:I104) -> 0.59065526 | ... Q109: =STDEV(Q9:Q104) -> 0.47831503
A110: Num | B110: =COUNT(B9:B104) -> 96 | C110: =COUNT(C9:C104) -> 96 | D110: =COUNT(D9:D104) -> 96 | E110: =COUNT(E9:E104) -> 96 | F110: =COUNT(F9:F104) -> 96 | G110: =COUNT(G9:G104) -> 96 | H110: =COUNT(H9:H104) -> 96 | I110: =COUNT(I9:I104) -> 96 | ... Q110: =COUNT(Q9:Q104) -> 96
A111: DCR | B111: =IF(B110>=87,">90%",IF(B110<=87,"<90%")) -> >90% | C111: =IF(C110>=87,">90%",IF(C110<=87,"<90%")) -> >90% | D111: =IF(D110>=87,">90%",IF(D110<=87,"<90%")) -> >90% | E111: =IF(E110>=87,">90%",IF(E110<=87,"<90%")) -> >90% | F111: =IF(F110>=87,">90%",IF(F110<=87,"<90%")) -> >90% | G111: =IF(G110>=87,">90%",IF(G110<=87,"<90%")) -> >90% | H111: =IF(H110>=87,">90%",IF(H110<=87,"<90%")) -> >90% | I111: =IF(I110>=87,">90%",IF(I110<=87,"<90%")) -> >90% | ... Q111: =IF(Q110>=87,">90%",IF(Q110<=87,"<90%")) -> >90%
A112: Status | B112: =IF(B110>=87,"OK",IF(B110<=87,"LESS")) -> OK | C112: =IF(C110>=87,"OK",IF(C110<=87,"LESS")) -> OK | D112: =IF(D110>=87,"OK",IF(D110<=87,"LESS")) -> OK | E112: =IF(E110>=87,"OK",IF(E110<=87,"LESS")) -> OK | F112: =IF(F110>=87,"OK",IF(F110<=87,"LESS")) -> OK | G112: =IF(G110>=87,"OK",IF(G110<=87,"LESS")) -> OK | H112: =IF(H110>=87,"OK",IF(H110<=87,"LESS")) -> OK | I112: =IF(I110>=87,"OK",IF(I110<=87,"LESS")) -> OK | ... Q112: =IF(Q110>=87,"OK",IF(Q110<=87,"LESS")) -> OK
A115: Done by | B115: AKASH
A117: Comment

Sheet 17
A1: Station: | B1: IGKV RAIPUR
A2: Date: | B2: =$A$9 -> 17/04/2023 00:15 | C2: Power Off | G2: Pw.Off | J2: Link Fail | L2: Link F | N2: Maintenance | P2: Maint.
A3: Report Type: | B3: Mean | C3: Calibration | G3: Calib. | J3: Data Fail | L3: Data F | N3: Invalid | P3: Invalid
A4: Time Base: | B4: 15 Min | C4: Zero Referrence | G4: Z.Ref | J4: Warm Up | L4: Wm. Up
A7: Date & Time | B7: NO_IGKV | C7: NO2__IGKV | D7: NOX_IGKV | E7: SO2__IGKV | F7: O3__IGKV | G7: PM10_IGKV | H7: PM2.5_IGKV | I7: BENZ_IGKV | J7: WS_IGKV | K7: WD_IGKV | L7: TEMP_IGKV | M7: HUM_IGKV | N7: SR_IGKV | O7: RG_IGKV | P7: CO_IGKV | Q7: NH3_IGKV
B8: ug/m3 | C8: ug/m3 | D8: ug/m3 | E8: ug/m3 | F8: ug/m3 | G8: ug/m3 | H8: ug/m3 | I8: ug/m3 | J8: m/sec | K8: deg | L8: degreC | M8: % | N8: w/m2 | O8: mm | P8: mg/m3 | Q8: ug/m3
A9: 17/04/2023 00:15 | B9: 25.36 | C9: 69.31 | D9: 57.9 | E9: 10.43 | F9: 5.47 | G9: 65.7 | H9: 25.57 | I9: 6.06 | J9: 0.16 | K9: 137.56 | L9: 27.96 | M9: 42.63 | N9: 0 | O9: 0 | P9: 0.86 | Q9: 5.63
A10: 17/04/2023 00:30 | B10: 16.43 | C10: 63.74 | D10: 47.83 | E10: 10.04 | F10: 7.15 | G10: 65.7 | H10: 25.57 | I10: 6.12 | J10: 0.21 | K10: 148.06 | L10: 27.49 | M10: 46.24 | N10: 0 | O10: 0 | P10: 0.81 | Q10: 5.81
A11: 17/04/2023 00:45 | B11: 17.23 | C11: 65.06 | D11: 49.16 | E11: 10.07 | F11: 7.64 | G11: 65.06 | H11: 25.47 | I11: 6.19 | J11: 0.23 | K11: 151.86 | L11: 27.35 | M11: 44.29 | N11: 0 | O11: 0 | P11: 0.83 | Q11: 5.83
A12: 17/04/2023 01:00 | B12: 17.47 | C12: 65.75 | D12: 49.71 | E12: 9.43 | F12: 7.94 | G12: 63.57 | H12: 25.09 | I12: 6.24 | J12: 0.18 | K12: 176.82 | L12: 27.07 | M12: 43.99 | N12: 0 | O12: 0 | P12: 0.82 | Q12: 5.81
A13: 17/04/2023 01:15 | B13: 17.26 | C13: 63.95 | D13: 48.61 | E13: 10.16 | F13: 8.51 | G13: 63.57 | H13: 25.09 | I13: 6.26 | J13: 0.13 | K13: 177.45 | L13: 27.33 | M13: 42.66 | N13: 0 | O13: 0 | P13: 0.82 | Q13: 5.82
A14: 17/04/2023 01:30 | B14: 25.94 | C14: 69.12 | D14: 58.26 | E14: 9.6 | F14: 6.44 | G14: 63.57 | H14: 25.09 | I14: 6.26 | J14: 0.18 | K14: 151.39 | L14: 27.14 | M14: 45.16 | N14: 0 | O14: 0 | P14: 0.85 | Q14: 5.83
A15: 17/04/2023 01:45 | B15: 20.06 | C15: 68.72 | D15: 53.34 | E15: 9.03 | F15: 6.04 | G15: 60.42 | H15: 24.9 | I15: 6.21 | J15: 0.23 | K15: 166.04 | L15: 26.65 | M15: 45.97 | N15: 0 | O15: 0 | P15: 0.83 | Q15: 5.93
A16: 17/04/2023 02:00 | B16: 19.99 | C16: 70.95 | D16: 54.45 | E16: 9.29 | F16: 5.18 | G16: 52.66 | H16: 24.6 | I16: 6.25 | J16: 0.2 | K16: 174.84 | L16: 26.86 | M16: 45.38 | N16: 0 | O16: 0 | P16: 0.85 | Q16: 6
A17: 17/04/2023 02:15 | B17: 19.42 | C17: 70.47 | D17: 53.75 | E17: 7.51 | F17: 4.92 | G17: 52.66 | H17: 24.6 | I17: 6.36 | J17: 0.24 | K17: 173.39 | L17: 26.74 | M17: 47.25 | N17: 0 | O17: 0 | P17: 0.85 | Q17: 6.01
A18: 17/04/2023 02:30 | B18: 18.96 | C18: 70 | D18: 53.12 | E18: 8.28 | F18: 4.84 | G18: 52.66 | H18: 24.6 | I18: 6.35 | J18: 0.21 | K18: 156.62 | L18: 26.49 | M18: 47.6 | N18: 0 | O18: 0 | P18: 0.85 | Q18: 6.02
A19: 17/04/2023 02:45 | B19: 18.91 | C19: 71.37 | D19: 53.8 | E19: 8.22 | F19: 4.54 | G19: 52.72 | H19: 23.64 | I19: 6.36 | J19: 0.2 | K19: 181.57 | L19: 26.45 | M19: 47.68 | N19: 0 | O19: 0 | P19: 0.85 | Q19: 6.01
A20: 17/04/2023 03:00 | B20: 18.37 | C20: 70.75 | D20: 53.05 | E20: 8 | F20: 4.64 | G20: 52.86 | H20: 22.14 | I20: 6.35 | J20: 0.17 | K20: 182.98 | L20: 26.23 | M20: 47.01 | N20: 0 | O20: 0 | P20: 0.84 | Q20: 5.97
... A104: 17/04/2023 24:00 | B104: 11.25 | C104: 63.6 | D104: 43.6 | E104: 7.14 | F104: 5.91 | G104: 52.64 | H104: 21.07 | I104: 6.89 | J104: 0.15 | K104: 148.85 | L104: 28.6 | M104: 40.27 | N104: 0 | O104: 0 | P104: 0.78 | Q104: 5.29
A106: Min | B106: =MIN(B9:B104) -> 4.1 | C106: =MIN(C9:C104) -> 39.8 | D106: =MIN(D9:D104) -> 25.44 | E106: =MIN(E9:E104) -> 6.29 | F106: =MIN(F9:F104) -> 3.88 | G106: =MIN(G9:G104) -> 41.26 | H106: =MIN(H9:H104) -> 16.65 | I106: =MIN(I9:I104) -> 4.17 | ... Q106: =MIN(Q9:Q104) -> 4.54
A107: Max | B107: =MAX(B9:B104) -> 25.94 | C107: =MAX(C9:C104) -> 72.14 | D107: =MAX(D9:D104) -> 58.26 | E107: =MAX(E9:E104) -> 17.32 | F107: =MAX(F9:F104) -> 80.85 | G107: =MAX(G9:G104) -> 65.7 | H107: =MAX(H9:H104) -> 27.79 | I107: =MAX(I9:I104) -> 7.72 | ... Q107: =MAX(Q9:Q104) -> 6.02
A108: Avg | B108: =AVERAGE(B9:B104) -> 10.097604 | C108: =AVERAGE(C9:C104) -> 61.938229 | D108: =AVERAGE(D9:D104) -> 41.809167 | E108: =AVERAGE(E9:E104) -> 9.6675 | F108: =AVERAGE(F9:F104) -> 20.593333 | G108: =AVERAGE(G9:G104) -> 51.605938 | H108: =AVERAGE(H9:H104) -> 23.102396 | I108: =AVERAGE(I9:I104) -> 6.5105208 | ... Q108: =AVERAGE(Q9:Q104) -> 5.2990625
A109: Stdev | B109: =STDEV(B9:B104) -> 5.5907069 | C109: =STDEV(C9:C104) -> 8.7179819 | D109: =STDEV(D9:D104) -> 8.2597727 | E109: =STDEV(E9:E104) -> 2.5092393 | F109: =STDEV(F9:F104) -> 19.045364 | G109: =STDEV(G9:G104) -> 6.3605234 | H109: =STDEV(H9:H104) -> 3.2735626 | I109: =STDEV(I9:I104) -> 0.69357559 | ... Q109: =STDEV(Q9:Q104) -> 0.43157015
A110: Num | B110: =COUNT(B9:B104) -> 96 | C110: =COUNT(C9:C104) -> 96 | D110: =COUNT(D9:D104) -> 96 | E110: =COUNT(E9:E104) -> 96 | F110: =COUNT(F9:F104) -> 96 | G110: =COUNT(G9:G104) -> 96 | H110: =COUNT(H9:H104) -> 96 | I110: =COUNT(I9:I104) -> 96 | ... Q110: =COUNT(Q9:Q104) -> 96
A111: DCR | B111: =IF(B110>=87,">90%",IF(B110<=87,"<90%")) -> >90% | C111: =IF(C110>=87,">90%",IF(C110<=87,"<90%")) -> >90% | D111: =IF(D110>=87,">90%",IF(D110<=87,"<90%")) -> >90% | E111: =IF(E110>=87,">90%",IF(E110<=87,"<90%")) -> >90% | F111: =IF(F110>=87,">90%",IF(F110<=87,"<90%")) -> >90% | G111: =IF(G110>=87,">90%",IF(G110<=87,"<90%")) -> >90% | H111: =IF(H110>=87,">90%",IF(H110<=87,"<90%")) -> >90% | I111: =IF(I110>=87,">90%",IF(I110<=87,"<90%")) -> >90% | ... Q111: =IF(Q110>=87,">90%",IF(Q110<=87,"<90%")) -> >90%
A112: Status | B112: =IF(B110>=87,"OK",IF(B110<=87,"LESS")) -> OK | C112: =IF(C110>=87,"OK",IF(C110<=87,"LESS")) -> OK | D112: =IF(D110>=87,"OK",IF(D110<=87,"LESS")) -> OK | E112: =IF(E110>=87,"OK",IF(E110<=87,"LESS")) -> OK | F112: =IF(F110>=87,"OK",IF(F110<=87,"LESS")) -> OK | G112: =IF(G110>=87,"OK",IF(G110<=87,"LESS")) -> OK | H112: =IF(H110>=87,"OK",IF(H110<=87,"LESS")) -> OK | I112: =IF(I110>=87,"OK",IF(I110<=87,"LESS")) -> OK | ... Q112: =IF(Q110>=87,"OK",IF(Q110<=87,"LESS")) -> OK
A115: Done by | B115: AKASH
A117: Comment

Sheet 18
A1: Station: | B1: IGKV RAIPUR
A2: Date: | B2: =$A$9 -> 18/04/2023 00:15 | C2: Power Off | G2: Pw.Off | J2: Link Fail | L2: Link F | N2: Maintenance | P2: Maint.
A3: Report Type: | B3: Mean | C3: Calibration | G3: Calib. | J3: Data Fail | L3: Data F | N3: Invalid | P3: Invalid
A4: Time Base: | B4: 15 Min | C4: Zero Referrence | G4: Z.Ref | J4: Warm Up | L4: Wm. Up
A7: Date & Time | B7: NO_IGKV | C7: NO2__IGKV | D7: NOX_IGKV | E7: SO2__IGKV | F7: O3__IGKV | G7: PM10_IGKV | H7: PM2.5_IGKV | I7: BENZ_IGKV | J7: WS_IGKV | K7: WD_IGKV | L7: TEMP_IGKV | M7: HUM_IGKV | N7: SR_IGKV | O7: RG_IGKV | P7: CO_IGKV | Q7: NH3_IGKV
B8: ug/m3 | C8: ug/m3 | D8: ug/m3 | E8: ug/m3 | F8: ug/m3 | G8: ug/m3 | H8: ug/m3 | I8: ug/m3 | J8: m/sec | K8: deg | L8: degreC | M8: % | N8: w/m2 | O8: mm | P8: mg/m3 | Q8: ug/m3
A9: 18/04/2023 00:15 | B9: 11.9 | C9: 64.88 | D9: 44.79 | E9: 7.06 | F9: 5.54 | G9: 52.64 | H9: 21.07 | I9: 6.9 | J9: 0.25 | K9: 155.72 | L9: 28.71 | M9: 39.49 | N9: 0 | O9: 0 | P9: 0.79 | Q9: 5.31
A10: 18/04/2023 00:30 | B10: 12.4 | C10: 65.44 | D10: 45.49 | E10: 6.82 | F10: 4.61 | G10: 52.64 | H10: 21.07 | I10: 6.91 | J10: 0.25 | K10: 150.26 | L10: 28.72 | M10: 39.13 | N10: 0 | O10: 0 | P10: 0.79 | Q10: 5.38
A11: 18/04/2023 00:45 | B11: 12.67 | C11: 65.45 | D11: 45.71 | E11: 7.1 | F11: 4.55 | G11: 53.88 | H11: 21.18 | I11: 6.94 | J11: 0.23 | K11: 159.8 | L11: 28.31 | M11: 42.4 | N11: 0 | O11: 0 | P11: 0.8 | Q11: 5.41
A12: 18/04/2023 01:00 | B12: 13.05 | C12: 64.52 | D12: 45.52 | E12: 7 | F12: 4.62 | G12: 56.75 | H12: 21.58 | I12: 6.98 | J12: 0.27 | K12: 204.22 | L12: 27.84 | M12: 41.6 | N12: 0 | O12: 0 | P12: 0.8 | Q12: 5.45
A13: 18/04/2023 01:15 | B13: 13.82 | C13: 66.13 | D13: 46.98 | E13: 6.95 | F13: 4.43 | G13: 56.75 | H13: 21.58 | I13: 6.99 | J13: 0.15 | K13: 150.25 | L13: 27.79 | M13: 40.34 | N13: 0 | O13: 0 | P13: 0.8 | Q13: 5.49
A14: 18/04/2023 01:30 | B14: 14.57 | C14: 65.91 | D14: 47.47 | E14: 7.03 | F14: 4.34 | G14: 56.75 | H14: 21.58 | I14: 7.05 | J14: 0.23 | K14: 161.77 | L14: 28.1 | M14: 40.13 | N14: 0 | O14: 0 | P14: 0.8 | Q14: 5.54
A15: 18/04/2023 01:45 | B15: 14.53 | C15: 64.49 | D15: 46.7 | E15: 7.44 | F15: 4.87 | G15: 56.18 | H15: 19.89 | I15: 7.08 | J15: 0.2 | K15: 175.25 | L15: 27.79 | M15: 41.05 | N15: 0 | O15: 0 | P15: 0.8 | Q15: 5.57
A16: 18/04/2023 02:00 | B16: 15.4 | C16: 66.96 | D16: 48.68 | E16: 6.71 | F16: 4.4 | G16: 54.76 | H16: 17.11 | I16: 7.1 | J16: 0.2 | K16: 152.72 | L16: 27.32 | M16: 42.68 | N16: 0 | O16: 0 | P16: 0.81 | Q16: 5.59
A17: 18/04/2023 02:15 | B17: 15.87 | C17: 67.09 | D17: 49.13 | E17: 7.03 | F17: 4.21 | G17: 54.76 | H17: 17.11 | I17: 7.2 | J17: 0.19 | K17: 138.78 | L17: 27.37 | M17: 41.97 | N17: 0 | O17: 0 | P17: 0.81 | Q17: 5.6
A18: 18/04/2023 02:30 | B18: 15.57 | C18: 63.38 | D18: 46.95 | E18: 9.12 | F18: 4.97 | G18: 54.76 | H18: 17.11 | I18: 7.3 | J18: 0.17 | K18: 157.04 | L18: 27.13 | M18: 42.22 | N18: 0 | O18: 0 | P18: 0.82 | Q18: 5.6
A19: 18/04/2023 02:45 | B19: 16.39 | C19: 65.55 | D19: 48.74 | E19: 8.65 | F19: 4.92 | G19: 55.08 | H19: 17.78 | I19: 7.36 | J19: 0.15 | K19: 139.43 | L19: 26.87 | M19: 42.79 | N19: 0 | O19: 0 | P19: 0.81 | Q19: 5.59
A20: 18/04/2023 03:00 | B20: 16.75 | C20: 64.83 | D20: 48.66 | E20: 9.04 | F20: 4.95 | G20: 55.84 | H20: 18.88 | I20: 7.42 | J20: 0.21 | K20: 154.59 | L20: 26.71 | M20: 44.02 | N20: 0 | O20: 0 | P20: 0.8 | Q20: 5.57
... A104: 18/04/2023 24:00 | B104: 9.13 | C104: 57.76 | D104: 38.85 | E104: 10.78 | F104: 11.26 | G104: 55.93 | H104: 22.7 | I104: 6.65 | J104: 0.19 | K104: 187.09 | L104: 28.59 | M104: 38.57 | N104: 0 | O104: 0 | P104: 0.78 | Q104: 4.96
A106: Min | B106: =MIN(B9:B104) -> 4.32 | C106: =MIN(C9:C104) -> 45.63 | D106: =MIN(D9:D104) -> 28.9 | E106: =MIN(E9:E104) -> 6.71 | F106: =MIN(F9:F104) -> 4.01 | G106: =MIN(G9:G104) -> 46.44 | H106: =MIN(H9:H104) -> 17.01 | I106: =MIN(I9:I104) -> 3.77 | ... Q106: =MIN(Q9:Q104) -> 4.57
A107: Max | B107: =MAX(B9:B104) -> 18.64 | C107: =MAX(C9:C104) -> 71.82 | D107: =MAX(D9:D104) -> 51 | E107: =MAX(E9:E104) -> 27.38 | F107: =MAX(F9:F104) -> 79.52 | G107: =MAX(G9:G104) -> 73.25 | H107: =MAX(H9:H104) -> 34.48 | I107: =MAX(I9:I104) -> 8.47 | ... Q107: =MAX(Q9:Q104) -> 5.74
A108: Avg | B108: =AVERAGE(B9:B104) -> 9.9001042 | C108: =AVERAGE(C9:C104) -> 59.652083 | D108: =AVERAGE(D9:D104) -> 40.459479 | E108: =AVERAGE(E9:E104) -> 12.878646 | F108: =AVERAGE(F9:F104) -> 23.071667 | G108: =AVERAGE(G9:G104) -> 56.10375 | H108: =AVERAGE(H9:H104) -> 22.933333 | I108: =AVERAGE(I9:I104) -> 6.6272917 | ... Q108: =AVERAGE(Q9:Q104) -> 5.154375
A109: Stdev | B109: =STDEV(B9:B104) -> 5.2602238 | C109: =STDEV(C9:C104) -> 6.6115704 | D109: =STDEV(D9:D104) -> 7.015257 | E109: =STDEV(E9:E104) -> 5.0141141 | F109: =STDEV(F9:F104) -> 18.939306 | G109: =STDEV(G9:G104) -> 6.2211917 | H109: =STDEV(H9:H104) -> 4.4665992 | I109: =STDEV(I9:I104) -> 1.2122189 | ... Q109: =STDEV(Q9:Q104) -> 0.41374239
A110: Num | B110: =COUNT(B9:B104) -> 96 | C110: =COUNT(C9:C104) -> 96 | D110: =COUNT(D9:D104) -> 96 | E110: =COUNT(E9:E104) -> 96 | F110: =COUNT(F9:F104) -> 96 | G110: =COUNT(G9:G104) -> 96 | H110: =COUNT(H9:H104) -> 96 | I110: =COUNT(I9:I104) -> 96 | ... Q110: =COUNT(Q9:Q104) -> 96
A111: DCR | B111: =IF(B110>=87,">90%",IF(B110<=87,"<90%")) -> >90% | C111: =IF(C110>=87,">90%",IF(C110<=87,"<90%")) -> >90% | D111: =IF(D110>=87,">90%",IF(D110<=87,"<90%")) -> >90% | E111: =IF(E110>=87,">90%",IF(E110<=87,"<90%")) -> >90% | F111: =IF(F110>=87,">90%",IF(F110<=87,"<90%")) -> >90% | G111: =IF(G110>=87,">90%",IF(G110<=87,"<90%")) -> >90% | H111: =IF(H110>=87,">90%",IF(H110<=87,"<90%")) -> >90% | I111: =IF(I110>=87,">90%",IF(I110<=87,"<90%")) -> >90% | ... Q111: =IF(Q110>=87,">90%",IF(Q110<=87,"<90%")) -> >90%
A112: Status | B112: =IF(B110>=87,"OK",IF(B110<=87,"LESS")) -> OK | C112: =IF(C110>=87,"OK",IF(C110<=87,"LESS")) -> OK | D112: =IF(D110>=87,"OK",IF(D110<=87,"LESS")) -> OK | E112: =IF(E110>=87,"OK",IF(E110<=87,"LESS")) -> OK | F112: =IF(F110>=87,"OK",IF(F110<=87,"LESS")) -> OK | G112: =IF(G110>=87,"OK",IF(G110<=87,"LESS")) -> OK | H112: =IF(H110>=87,"OK",IF(H110<=87,"LESS")) -> OK | I112: =IF(I110>=87,"OK",IF(I110<=87,"LESS")) -> OK | ... Q112: =IF(Q110>=87,"OK",IF(Q110<=87,"LESS")) -> OK
A115: Done by | B115: AKASH
A117: Comment

Sheet 19
A1: Station: | B1: IGKV RAIPUR
A2: Date: | B2: =$A$9 -> 19/04/2023 00:15 | C2: Power Off | G2: Pw.Off | J2: Link Fail | L2: Link F | N2: Maintenance | P2: Maint.
A3: Report Type: | B3: Mean | C3: Calibration | G3: Calib. | J3: Data Fail | L3: Data F | N3: Invalid | P3: Invalid
A4: Time Base: | B4: 15 Min | C4: Zero Referrence | G4: Z.Ref | J4: Warm Up | L4: Wm. Up
A7: Date & Time | B7: NO_IGKV | C7: NO2__IGKV | D7: NOX_IGKV | E7: SO2__IGKV | F7: O3__IGKV | G7: PM10_IGKV | H7: PM2.5_IGKV | I7: BENZ_IGKV | J7: WS_IGKV | K7: WD_IGKV | L7: TEMP_IGKV | M7: HUM_IGKV | N7: SR_IGKV | O7: RG_IGKV | P7: CO_IGKV | Q7: NH3_IGKV
B8: ug/m3 | C8: ug/m3 | D8: ug/m3 | E8: ug/m3 | F8: ug/m3 | G8: ug/m3 | H8: ug/m3 | I8: ug/m3 | J8: m/sec | K8: deg | L8: degreC | M8: % | N8: w/m2 | O8: mm | P8: mg/m3 | Q8: ug/m3
A9: 19/04/2023 00:15 | B9: 9.2 | C9: 57.73 | D9: 38.89 | E9: 10.52 | F9: 11.97 | G9: 55.93 | H9: 22.7 | I9: 6.7 | J9: 0.16 | K9: 161.3 | L9: 28.38 | M9: 39.29 | N9: 0 | O9: 0 | P9: 0.79 | Q9: 4.97
A10: 19/04/2023 00:30 | B10: 9.71 | C10: 58.6 | D10: 39.75 | E10: 10.45 | F10: 9.84 | G10: 55.93 | H10: 22.7 | I10: 6.72 | J10: 0.15 | K10: 168.11 | L10: 28.23 | M10: 40.42 | N10: 0 | O10: 0 | P10: 0.79 | Q10: 5
A11: 19/04/2023 00:45 | B11: 9.93 | C11: 58.38 | D11: 39.82 | E11: 10.29 | F11: 10.32 | G11: 56.25 | H11: 22.65 | I11: 6.7 | J11: 0.17 | K11: 163.55 | L11: 28.19 | M11: 40.26 | N11: 0 | O11: 0 | P11: 0.79 | Q11: 5.03
A12: 19/04/2023 01:00 | B12: 9.92 | C12: 57.35 | D12: 39.27 | E12: 10.25 | F12: 12.45 | G12: 56.89 | H12: 22.5 | I12: 6.74 | J12: 0.19 | K12: 174.72 | L12: 28.07 | M12: 39.08 | N12: 0 | O12: 0 | P12: 0.78 | Q12: 5.07
A13: 19/04/2023 01:15 | B13: 13.6 | C13: 60.01 | D13: 43.61 | E13: 10.2 | F13: 11.92 | G13: 56.89 | H13: 22.5 | I13: 6.72 | J13: 0.19 | K13: 123.68 | L13: 28.15 | M13: 37.51 | N13: 0 | O13: 0 | P13: 0.81 | Q13: 5.09
A14: 19/04/2023 01:30 | B14: 11.96 | C14: 57.43 | D14: 40.95 | E14: 10.59 | F14: 13.49 | G14: 56.89 | H14: 22.5 | I14: 6.88 | J14: 0.23 | K14: 201.49 | L14: 28.09 | M14: 37.75 | N14: 0 | O14: 0 | P14: 0.8 | Q14: 5.15
A15: 19/04/2023 01:45 | B15: 10.96 | C15: 56.36 | D15: 39.59 | E15: 11.44 | F15: 15.72 | G15: 57.49 | H15: 20.92 | I15: 7.11 | J15: 0.27 | K15: 195.78 | L15: 28.41 | M15: 35.59 | N15: 0 | O15: 0 | P15: 0.82 | Q15: 5.23
A16: 19/04/2023 02:00 | B16: 11.34 | C16: 58.38 | D16: 40.94 | E16: 11.3 | F16: 11.01 | G16: 58.95 | H16: 18.32 | I16: 7.06 | J16: 0.21 | K16: 168.97 | L16: 28.24 | M16: 37.95 | N16: 0 | O16: 0 | P16: 0.82 | Q16: 5.15
A17: 19/04/2023 02:15 | B17: 11.63 | C17: 61.45 | D17: 42.78 | E17: 12.33 | F17: 10.68 | G17: 58.95 | H17: 18.32 | I17: 7.14 | J17: 0.32 | K17: 202.09 | L17: 28.4 | M17: 35.37 | N17: 0 | O17: 0 | P17: 0.83 | Q17: 5.17
A18: 19/04/2023 02:30 | B18: 11.23 | C18: 61.32 | D18: 42.39 | E18: 15.03 | F18: 10.24 | G18: 58.95 | H18: 18.32 | I18: 7.27 | J18: 0.26 | K18: 165.75 | L18: 28.78 | M18: 35.21 | N18: 0 | O18: 0 | P18: 0.83 | Q18: 5.22
A19: 19/04/2023 02:45 | B19: 12.11 | C19: 62.27 | D19: 43.6 | E19: 12.82 | F19: 8.09 | G19: 58.79 | H19: 19.56 | I19: 7.4 | J19: 0.3 | K19: 161.08 | L19: 27.79 | M19: 39.34 | N19: 0 | O19: 0 | P19: 0.83 | Q19: 5.21
A20: 19/04/2023 03:00 | B20: 13.74 | C20: 67.81 | D20: 47.8 | E20: 11.33 | F20: 5.67 | G20: 58.39 | H20: 21.59 | I20: 7.48 | J20: 0.24 | K20: 174.48 | L20: 27.42 | M20: 40.09 | N20: 0 | O20: 0 | P20: 0.83 | Q20: 5.29
... A57: 19/04/2023 12:15 | B57: 6.42 | C57: 51.58 | D57: 33.45 | E57: 35.24 | F57: 72.78 | G57: 69.15 | H57: 27.09 | I57: 5.97 | J57: 0.72 | K57: 29.23 | L57: 41.21 | M57: 9.7 | N57: 743.5 | O57: 0 | P57: 0.7 | Q57: 4.75
A58: 19/04/2023 12:30 | B58: Calib. | C58: Calib. | D58: Calib. | E58: Calib. | F58: 81.86 | G58: Calib. | H58: Calib. | I58: 5.77 | J58: 1.17 | K58: 301.69 | L58: 41.64 | M58: 9.41 | N58: 631.3 | O58: 0 | P58: 0.39 | Q58: 4.35
A59: 19/04/2023 12:45 | B59: Calib. | C59: Calib. | D59: Calib. | E59: Calib. | F59: 73.22 | G59: Calib. | H59: Calib. | I59: 5.01 | J59: 0.52 | K59: 357.73 | L59: 41.04 | M59: 9.56 | N59: 342.2 | O59: 0 | P59: 0.58 | Q59: 4.31
A60: 19/04/2023 13:00 | B60: Calib. | C60: Calib. | D60: Calib. | E60: Calib. | F60: 71.45 | G60: Calib. | H60: Calib. | I60: 4.68 | J60: 0.84 | K60: 327.78 | L60: 41.18 | M60: 9.3 | N60: 687.4 | O60: 0 | P60: 0.57 | Q60: 4.27
A61: 19/04/2023 13:15 | B61: Calib. | C61: Calib. | D61: Calib. | E61: Calib. | F61: 65.87 | G61: Calib. | H61: Calib. | I61: 6.51 | J61: 0.62 | K61: 307.17 | L61: 41.51 | M61: 9.02 | N61: 457.7 | O61: 0 | P61: 0.55 | Q61: 4.23
A62: 19/04/2023 13:30 | B62: Calib. | C62: Calib. | D62: Calib. | E62: Calib. | F62: 85.11 | G62: Calib. | H62: Calib. | I62: 9.07 | J62: 0.52 | K62: 306.89 | L62: 40.83 | M62: 9.47 | N62: 373.4 | O62: 0 | P62: 0.53 | Q62: 4.31
A63: 19/04/2023 13:45 | B63: 2.7 | C63: 15.17 | D63: 11.44 | E63: Calib. | F63: 81.8 | G63: Calib. | H63: Calib. | I63: 12.72 | J63: 0.59 | K63: 38.17 | L63: 42.01 | M63: 8.73 | N63: 609.5 | O63: 0 | P63: 0.5 | Q63: 4.56
A64: 19/04/2023 14:00 | B64: 2.64 | C64: 20.71 | D64: 14.29 | E64: Calib. | F64: 91.17 | G64: 32.54 | H64: 2.48 | I64: 14.89 | J64: 0.48 | K64: 318.2 | L64: 41.88 | M64: 8.55 | N64: 626.3 | O64: 0 | P64: 0.49 | Q64: 4.48
A65: 19/04/2023 14:15 | B65: 1.01 | C65: 19.14 | D65: 14.68 | E65: Calib. | F65: 48.22 | G65: 32.54 | H65: 2.48 | I65: 17.61 | J65: 0.29 | K65: 116.11 | L65: 42.67 | M65: 8.23 | N65: 561.9 | O65: 0 | P65: 0.48 | Q65: 4.3
A66: 19/04/2023 14:30 | B66: -7.45 | C66: 24.46 | D66: 8.16 | E66: Calib. | F66: 57.75 | G66: 32.54 | H66: 2.48 | I66: 24.18 | J66: 0.64 | K66: 54.18 | L66: 43.05 | M66: 8.1 | N66: 566.6 | O66: 0 | P66: 0.47 | Q66: 4.31
A67: 19/04/2023 14:45 | B67: -16.21 | C67: 32.13 | D67: 5.14 | E67: 13.98 | F67: 56.98 | G67: 32.54 | H67: 2.48 | I67: 39.39 | J67: 0.84 | K67: 39.79 | L67: 42.44 | M67: 8.31 | N67: 544.8 | O67: 0 | P67: 0.52 | Q67: 4.57
A68: 19/04/2023 15:00 | B68: 5.93 | C68: 43.11 | D68: 30.96 | E68: 14.81 | F68: 51.76 | G68: 35.43 | H68: 5.32 | I68: 50.81 | J68: 0.98 | K68: 297.71 | L68: 42.03 | M68: 8.51 | N68: 500.2 | O68: 0 | P68: 0.54 | Q68: 4.89
A69: 19/04/2023 15:15 | B69: 4.52 | C69: 41.36 | D69: 26.59 | E69: 12.67 | F69: 50.97 | G69: 35.56 | H69: 5.32 | I69: 55.27 | J69: 0.27 | K69: 335.59 | L69: 42.1 | M69: 8.51 | N69: 489.7 | O69: 0 | P69: 0.52 | Q69: 5.15
A70: 19/04/2023 15:30 | B70: 4.48 | C70: 44.86 | D70: 28.38 | E70: 12.3 | F70: 53.44 | G70: 35.56 | H70: 5.32 | I70: 51.98 | J70: 0.17 | K70: 236.69 | L70: 42.15 | M70: 8.71 | N70: 275.9 | O70: 0 | P70: 0.5 | Q70: 5.21
A71: 19/04/2023 15:45 | B71: 4.13 | C71: 40.91 | D71: 26.04 | E71: 12.35 | F71: 55.53 | G71: 35.56 | H71: 5.32 | I71: 41.77 | J71: 0.56 | K71: 280.19 | L71: 42.15 | M71: 8.85 | N71: 393.7 | O71: 0 | P71: 0.49 | Q71: 5.19
A72: 19/04/2023 16:00 | B72: 4.16 | C72: 43.81 | D72: 27.57 | E72: 9.86 | F72: 43.68 | G72: 33.92 | H72: 10.37 | I72: 33.22 | J72: 0.49 | K72: 269.77 | L72: 42.3 | M72: 8.67 | N72: 281.8 | O72: 0 | P72: 0.48 | Q72: 5.14
A73: 19/04/2023 16:15 | B73: 4.06 | C73: 41.98 | D73: 26.54 | E73: 10.81 | F73: 59.9 | G73: 33.84 | H73: 10.37 | I73: 27.24 | J73: 0.42 | K73: 263.93 | L73: 40.91 | M73: 9.72 | N73: 85.2 | O73: 0 | P73: 0.47 | Q73: 5.13
A74: 19/04/2023 16:30 | B74: 3.5 | C74: 35.13 | D74: 22.51 | E74: 10.99 | F74: 51.35 | G74: 33.84 | H74: 10.37 | I74: 10.31 | J74: 0.36 | K74: 243.6 | L74: 39.96 | M74: 10.93 | N74: 60.9 | O74: 0 | P74: 0.44 | Q74: 4.97
A75: 19/04/2023 16:45 | B75: 3.66 | C75: 45.75 | D75: 28.19 | E75: 8.51 | F75: 15.54 | G75: 33.84 | H75: 10.37 | I75: 0 | J75: 0.06 | K75: 207.92 | L75: 39.74 | M75: 12.18 | N75: 73.2 | O75: 0 | P75: 0.46 | Q75: 4.85
A76: 19/04/2023 17:00 | B76: 4.55 | C76: 54.9 | D76: 33.69 | E76: 8.06 | F76: 9.84 | G76: 37.21 | H76: 14.08 | I76: 0 | J76: 0.23 | K76: 41.92 | L76: 39.9 | M76: 11.85 | N76: 113 | O76: 0 | P76: 0.48 | Q76: 5.03
A77: 19/04/2023 17:15 | B77: 5.98 | C77: 61.87 | D77: 38.47 | E77: 9.1 | F77: 9.13 | G77: 37.37 | H77: 14.08 | I77: 0 | J77: 0.27 | K77: 30.7 | L77: 39.94 | M77: 11.79 | N77: 101.8 | O77: 0 | P77: 0.51 | Q77: 5.23
A78: 19/04/2023 17:30 | B78: 8.88 | C78: 68.96 | D78: 44.5 | E78: 10.22 | F78: 9.23 | G78: 37.37 | H78: 14.08 | I78: 0 | J78: 0.33 | K78: 38.64 | L78: 39.82 | M78: 12.15 | N78: 79.9 | O78: 0 | P78: 0.54 | Q78: 5.44
... A104: 19/04/2023 24:00 | B104: 15.12 | C104: 50.17 | D104: 39.69 | E104: 14.82 | F104: 9.97 | G104: 114.02 | H104: 38.16 | I104: 0 | J104: 0.35 | K104: 190.25 | L104: 29.73 | M104: 32.75 | N104: 0 | O104: 0 | P104: 0.58 | Q104: 5.39
A106: Min | B106: =MIN(B9:B104) -> -16.21 | C106: =MIN(C9:C104) -> 15.17 | D106: =MIN(D9:D104) -> 5.14 | E106: =MIN(E9:E104) -> 8.06 | F106: =MIN(F9:F104) -> 3.87 | G106: =MIN(G9:G104) -> 32.54 | H106: =MIN(H9:H104) -> 2.48 | I106: =MIN(I9:I104) -> 0 | ... Q106: =MIN(Q9:Q104) -> 4.23
A107: Max | B107: =MAX(B9:B104) -> 38.43 | C107: =MAX(C9:C104) -> 74.24 | D107: =MAX(D9:D104) -> 71.07 | E107: =MAX(E9:E104) -> 52.5 | F107: =MAX(F9:F104) -> 91.17 | G107: =MAX(G9:G104) -> 139.97 | H107: =MAX(H9:H104) -> 46.58 | I107: =MAX(I9:I104) -> 55.27 | ... Q107: =MAX(Q9:Q104) -> 6.97
A108: Avg | B108: =AVERAGE(B9:B104) -> 13.444615 | C108: =AVERAGE(C9:C104) -> 59.914835 | D108: =AVERAGE(D9:D104) -> 43.514286 | E108: =AVERAGE(E9:E104) -> 16.274138 | F108: =AVERAGE(F9:F104) -> 22.597188 | G108: =AVERAGE(G9:G104) -> 71.152556 | H108: =AVERAGE(H9:H104) -> 25.063333 | I108: =AVERAGE(I9:I104) -> 8.303125 | ... Q108: =AVERAGE(Q9:Q104) -> 5.3841667
A109: Stdev | B109: =STDEV(B9:B104) -> 9.7606003 | C109: =STDEV(C9:C104) -> 12.741006 | D109: =STDEV(D9:D104) -> 13.293142 | E109: =STDEV(E9:E104) -> 9.2561724 | F109: =STDEV(F9:F104) -> 22.494968 | G109: =STDEV(G9:G104) -> 27.214139 | H109: =STDEV(H9:H104) -> 10.863741 | I109: =STDEV(I9:I104) -> 11.023559 | ... Q109: =STDEV(Q9:Q104) -> 0.5998959
A110: Num | B110: =COUNT(B9:B104) -> 91 | C110: =COUNT(C9:C104) -> 91 | D110: =COUNT(D9:D104) -> 91 | E110: =COUNT(E9:E104) -> 87 | F110: =COUNT(F9:F104) -> 96 | G110: =COUNT(G9:G104) -> 90 | H110: =COUNT(H9:H104) -> 90 | I110: =COUNT(I9:I104) -> 96 | ... Q110: =COUNT(Q9:Q104) -> 96
A111: DCR | B111: =IF(B110>=87,">90%",IF(B110<=87,"<90%")) -> >90% | C111: =IF(C110>=87,">90%",IF(C110<=87,"<90%")) -> >90% | D111: =IF(D110>=87,">90%",IF(D110<=87,"<90%")) -> >90% | E111: =IF(E110>=87,">90%",IF(E110<=87,"<90%")) -> >90% | F111: =IF(F110>=87,">90%",IF(F110<=87,"<90%")) -> >90% | G111: =IF(G110>=87,">90%",IF(G110<=87,"<90%")) -> >90% | H111: =IF(H110>=87,">90%",IF(H110<=87,"<90%")) -> >90% | I111: =IF(I110>=87,">90%",IF(I110<=87,"<90%")) -> >90% | ... Q111: =IF(Q110>=87,">90%",IF(Q110<=87,"<90%")) -> >90%
A112: Status | B112: =IF(B110>=87,"OK",IF(B110<=87,"LESS")) -> OK | C112: =IF(C110>=87,"OK",IF(C110<=87,"LESS")) -> OK | D112: =IF(D110>=87,"OK",IF(D110<=87,"LESS")) -> OK | E112: =IF(E110>=87,"OK",IF(E110<=87,"LESS")) -> OK | F112: =IF(F110>=87,"OK",IF(F110<=87,"LESS")) -> OK | G112: =IF(G110>=87,"OK",IF(G110<=87,"LESS")) -> OK | H112: =IF(H110>=87,"OK",IF(H110<=87,"LESS")) -> OK | I112: =IF(I110>=87,"OK",IF(I110<=87,"LESS")) -> OK | ... Q112: =IF(Q110>=87,"OK",IF(Q110<=87,"LESS")) -> OK
A115: Done by | B115: AKASH
A117: Comment

Sheet 20
A1: Station: | B1: IGKV RAIPUR
A2: Date: | B2: =$A$9 -> 20/04/2023 00:15 | C2: Power Off | G2: Pw.Off | J2: Link Fail | L2: Link F | N2: Maintenance | P2: Maint.
A3: Report Type: | B3: Mean | C3: Calibration | G3: Calib. | J3: Data Fail | L3: Data F | N3: Invalid | P3: Invalid
A4: Time Base: | B4: 15 Min | C4: Zero Referrence | G4: Z.Ref | J4: Warm Up | L4: Wm. Up
A7: Date & Time | B7: NO_IGKV | C7: NO2__IGKV | D7: NOX_IGKV | E7: SO2__IGKV | F7: O3__IGKV | G7: PM10_IGKV | H7: PM2.5_IGKV | I7: BENZ_IGKV | J7: WS_IGKV | K7: WD_IGKV | L7: TEMP_IGKV | M7: HUM_IGKV | N7: SR_IGKV | O7: RG_IGKV | P7: CO_IGKV | Q7: NH3_IGKV
B8: ug/m3 | C8: ug/m3 | D8: ug/m3 | E8: ug/m3 | F8: ug/m3 | G8: ug/m3 | H8: ug/m3 | I8: ug/m3 | J8: m/sec | K8: deg | L8: degreC | M8: % | N8: w/m2 | O8: mm | P8: mg/m3 | Q8: ug/m3
A9: 20/04/2023 00:15 | B9: 10.98 | C9: 31.48 | D9: 26.6 | E9: 13.3 | F9: 25.88 | G9: 112.81 | H9: 38.16 | I9: 0 | J9: 0.13 | K9: 239.54 | L9: 29.19 | M9: 32.94 | N9: 0 | O9: 0 | P9: 0.56 | Q9: 5.03
A10: 20/04/2023 00:30 | B10: 10.14 | C10: 29.15 | D10: 24.71 | E10: 17.35 | F10: 35.7 | G10: 112.81 | H10: 38.16 | I10: 0 | J10: 0.14 | K10: 217.07 | L10: 29.82 | M10: 28.91 | N10: 0 | O10: 0 | P10: 0.45 | Q10: 4.66
A11: 20/04/2023 00:45 | B11: 9.38 | C11: 27.94 | D11: 23.47 | E11: 18.46 | F11: 39.21 | G11: 112.81 | H11: 38.16 | I11: 0 | J11: 0.11 | K11: 216.15 | L11: 29.65 | M11: 29.26 | N11: 0 | O11: 0 | P11: 0.42 | Q11: 4.54
A12: 20/04/2023 01:00 | B12: 8.8 | C12: 27.1 | D12: 22.57 | E12: 17.07 | F12: 34.84 | G12: 87.47 | H12: 34.7 | I12: 0 | J12: 0.22 | K12: 230.3 | L12: 29.13 | M12: 30.42 | N12: 0 | O12: 0 | P12: 0.42 | Q12: 4.76
A13: 20/04/2023 01:15 | B13: 8.65 | C13: 26.19 | D13: 21.97 | E13: 16.64 | F13: 32.08 | G13: 86.29 | H13: 34.7 | I13: 0 | J13: 0.15 | K13: 198.62 | L13: 28.8 | M13: 32.59 | N13: 0 | O13: 0 | P13: 0.43 | Q13: 4.96
A14: 20/04/2023 01:30 | B14: 8.11 | C14: 25.61 | D14: 21.23 | E14: 16.42 | F14: 34.11 | G14: 86.29 | H14: 34.7 | I14: 0 | J14: 0.18 | K14: 210.3 | L14: 28.41 | M14: 33.29 | N14: 0 | O14: 0 | P14: 0.42 | Q14: 5
A15: 20/04/2023 01:45 | B15: 7.66 | C15: 24.81 | D15: 20.46 | E15: 14.44 | F15: 28.38 | G15: 86.29 | H15: 34.7 | I15: 0 | J15: 0.15 | K15: 143.2 | L15: 28.12 | M15: 36.26 | N15: 0 | O15: 0 | P15: 0.41 | Q15: 5
A16: 20/04/2023 02:00 | B16: 6.71 | C16: 22.74 | D16: 18.61 | E16: 15.22 | F16: 36.46 | G16: 67.99 | H16: 30.31 | I16: 0 | J16: 0.13 | K16: 149.47 | L16: 28.26 | M16: 34.48 | N16: 0 | O16: 0 | P16: 0.41 | Q16: 5
A17: 20/04/2023 02:15 | B17: 6.44 | C17: 22.74 | D17: 18.39 | E17: 10.89 | F17: 37.62 | G17: 67.14 | H17: 30.31 | I17: 0 | J17: 0.07 | K17: 201.94 | L17: 28.33 | M17: 34.78 | N17: 0 | O17: 0 | P17: 0.41 | Q17: 5
A18: 20/04/2023 02:30 | B18: 5.91 | C18: 21.45 | D18: 17.29 | E18: 11.75 | F18: 44.45 | G18: 67.14 | H18: 30.31 | I18: 0 | J18: 0.07 | K18: 183.17 | L18: 28.5 | M18: 35.21 | N18: 0 | O18: 0 | P18: 0.41 | Q18: 5
A19: 20/04/2023 02:45 | B19: 5.4 | C19: 19.64 | D19: 15.94 | E19: 11.6 | F19: 50.97 | G19: 67.14 | H19: 30.31 | I19: 0 | J19: 0.16 | K19: 100.64 | L19: 28.53 | M19: 35.8 | N19: 0 | O19: 0 | P19: 0.39 | Q19: 5
A20: 20/04/2023 03:00 | B20: 8.65 | C20: 29.44 | D20: 23.67 | E20: 9.84 | F20: 31.58 | G20: 50.09 | H20: 25.27 | I20: 0 | J20: 0.11 | K20: 353.94 | L20: 28.13 | M20: 36.89 | N20: 0 | O20: 0 | P20: 0.42 | Q20: 5
... A104: 20/04/2023 24:00 | B104: 5.48 | C104: 41.06 | D104: 27.2 | E104: 8.5 | F104: 6.56 | G104: 61.6 | H104: 19.46 | I104: 0 | J104: 2.63 | K104: 287.59 | L104: 25.65 | M104: 57.81 | N104: 0 | O104: 0 | P104: 0.54 | Q104: 5
A106: Min | B106: =MIN(B9:B104) -> 3.68 | C106: =MIN(C9:C104) -> 19.64 | D106: =MIN(D9:D104) -> 15.21 | E106: =MIN(E9:E104) -> 6.65 | F106: =MIN(F9:F104) -> 6.56 | G106: =MIN(G9:G104) -> 41.52 | H106: =MIN(H9:H104) -> 18.28 | I106: =MIN(I9:I104) -> 0 | ... Q106: =MIN(Q9:Q104) -> 4.42
A107: Max | B107: =MAX(B9:B104) -> 14.52 | C107: =MAX(C9:C104) -> 66.21 | D107: =MAX(D9:D104) -> 47.26 | E107: =MAX(E9:E104) -> 36.23 | F107: =MAX(F9:F104) -> 65.1 | G107: =MAX(G9:G104) -> 112.81 | H107: =MAX(H9:H104) -> 38.16 | I107: =MAX(I9:I104) -> 0 | ... Q107: =MAX(Q9:Q104) -> 5.06
A108: Avg | B108: =AVERAGE(B9:B104) -> 7.6959375 | C108: =AVERAGE(C9:C104) -> 41.687292 | D108: =AVERAGE(D9:D104) -> 29.3025 | E108: =AVERAGE(E9:E104) -> 14.088854 | F108: =AVERAGE(F9:F104) -> 27.464896 | G108: =AVERAGE(G9:G104) -> 61.40375 | H108: =AVERAGE(H9:H104) -> 24.671042 | I108: =AVERAGE(I9:I104) -> 0 | ... Q108: =AVERAGE(Q9:Q104) -> 4.8923958
A109: Stdev | B109: =STDEV(B9:B104) -> 2.1769634 | C109: =STDEV(C9:C104) -> 12.362882 | D109: =STDEV(D9:D104) -> 7.5036717 | E109: =STDEV(E9:E104) -> 7.0935536 | F109: =STDEV(F9:F104) -> 14.283227 | G109: =STDEV(G9:G104) -> 13.242048 | H109: =STDEV(H9:H104) -> 4.7910617 | I109: =STDEV(I9:I104) -> 0 | ... Q109: =STDEV(Q9:Q104) -> 0.1704344
A110: Num | B110: =COUNT(B9:B104) -> 96 | C110: =COUNT(C9:C104) -> 96 | D110: =COUNT(D9:D104) -> 96 | E110: =COUNT(E9:E104) -> 96 | F110: =COUNT(F9:F104) -> 96 | G110: =COUNT(G9:G104) -> 96 | H110: =COUNT(H9:H104) -> 96 | I110: =COUNT(I9:I104) -> 96 | ... Q110: =COUNT(Q9:Q104) -> 96
A111: DCR | B111: =IF(B110>=87,">90%",IF(B110<=87,"<90%")) -> >90% | C111: =IF(C110>=87,">90%",IF(C110<=87,"<90%")) -> >90% | D111: =IF(D110>=87,">90%",IF(D110<=87,"<90%")) -> >90% | E111: =IF(E110>=87,">90%",IF(E110<=87,"<90%")) -> >90% | F111: =IF(F110>=87,">90%",IF(F110<=87,"<90%")) -> >90% | G111: =IF(G110>=87,">90%",IF(G110<=87,"<90%")) -> >90% | H111: =IF(H110>=87,">90%",IF(H110<=87,"<90%")) -> >90% | I111: =IF(I110>=87,">90%",IF(I110<=87,"<90%")) -> >90% | ... Q111: =IF(Q110>=87,">90%",IF(Q110<=87,"<90%")) -> >90%
A112: Status | B112: =IF(B110>=87,"OK",IF(B110<=87,"LESS")) -> OK | C112: =IF(C110>=87,"OK",IF(C110<=87,"LESS")) -> OK | D112: =IF(D110>=87,"OK",IF(D110<=87,"LESS")) -> OK | E112: =IF(E110>=87,"OK",IF(E110<=87,"LESS")) -> OK | F112: =IF(F110>=87,"OK",IF(F110<=87,"LESS")) -> OK | G112: =IF(G110>=87,"OK",IF(G110<=87,"LESS")) -> OK | H112: =IF(H110>=87,"OK",IF(H110<=87,"LESS")) -> OK | I112: =IF(I110>=87,"OK",IF(I110<=87,"LESS")) -> OK | ... Q112: =IF(Q110>=87,"OK",IF(Q110<=87,"LESS")) -> OK
A115: Done by | B115: AKASH
A117: Comment

Sheet 21
A1: Station: | B1: IGKV RAIPUR
A2: Date: | B2: =$A$9 -> 21/04/2023 00:15 | C2: Power Off | G2: Pw.Off | J2: Link Fail | L2: Link F | N2: Maintenance | P2: Maint.
A3: Report Type: | B3: Mean | C3: Calibration | G3: Calib. | J3: Data Fail | L3: Data F | N3: Invalid | P3: Invalid
A4: Time Base: | B4: 15 Min | C4: Zero Referrence | G4: Z.Ref | J4: Warm Up | L4: Wm. Up
A7: Date & Time | B7: NO_IGKV | C7: NO2__IGKV | D7: NOX_IGKV | E7: SO2__IGKV | F7: O3__IGKV | G7: PM10_IGKV | H7: PM2.5_IGKV | I7: BENZ_IGKV | J7: WS_IGKV | K7: WD_IGKV | L7: TEMP_IGKV | M7: HUM_IGKV | N7: SR_IGKV | O7: RG_IGKV | P7: CO_IGKV | Q7: NH3_IGKV
B8: ug/m3 | C8: ug/m3 | D8: ug/m3 | E8: ug/m3 | F8: ug/m3 | G8: ug/m3 | H8: ug/m3 | I8: ug/m3 | J8: m/sec | K8: deg | L8: degreC | M8: % | N8: w/m2 | O8: mm | P8: mg/m3 | Q8: ug/m3
A9: 21/04/2023 00:15 | B9: 6.25 | C9: 44.31 | D9: 29.52 | E9: 7.8 | F9: 6 | G9: 61.15 | H9: 19.46 | I9: 0 | J9: 1.44 | K9: 287.9 | L9: 24.69 | M9: 63.76 | N9: 0 | O9: 0 | P9: 0.57 | Q9: 5
A10: 21/04/2023 00:30 | B10: 6.7 | C10: 45.54 | D10: 30.52 | E10: 7.43 | F10: 6.57 | G10: 61.15 | H10: 19.46 | I10: 0 | J10: 1.09 | K10: 288.02 | L10: 25.28 | M10: 61.16 | N10: 0 | O10: 0 | P10: 0.58 | Q10: 5
A11: 21/04/2023 00:45 | B11: 7.15 | C11: 47.36 | D11: 31.83 | E11: 7.08 | F11: 6.28 | G11: 61.15 | H11: 19.46 | I11: 0 | J11: 1.18 | K11: 278.33 | L11: 25.42 | M11: 59.14 | N11: 0 | O11: 0 | P11: 0.58 | Q11: 5
A12: 21/04/2023 01:00 | B12: 7.55 | C12: 49.58 | D12: 33.31 | E12: 6.92 | F12: 6.35 | G12: 49.03 | H12: 15.95 | I12: 0 | J12: 1.17 | K12: 284.81 | L12: 25.5 | M12: 57.76 | N12: 0 | O12: 0 | P12: 0.58 | Q12: 4.96
A13: 21/04/2023 01:15 | B13: 7.97 | C13: 51.62 | D13: 34.71 | E13: 7.09 | F13: 6.65 | G13: 48.46 | H13: 15.95 | I13: 0 | J13: 0.68 | K13: 353.62 | L13: 25.65 | M13: 56.64 | N13: 0 | O13: 0 | P13: 0.58 | Q13: 4.8
A14: 21/04/2023 01:30 | B14: 8.53 | C14: 53.62 | D14: 36.2 | E14: 6.38 | F14: 5.87 | G14: 48.46 | H14: 15.95 | I14: 0 | J14: 1.1 | K14: 63.01 | L14: 25.22 | M14: 59.47 | N14: 0 | O14: 0 | P14: 0.57 | Q14: 4.66
A15: 21/04/2023 01:45 | B15: 8.75 | C15: 55.65 | D15: 37.44 | E15: 6.32 | F15: 4.94 | G15: 48.46 | H15: 15.95 | I15: 0 | J15: 1.42 | K15: 66.78 | L15: 25.02 | M15: 59.27 | N15: 0 | O15: 0 | P15: 0.57 | Q15: 4.58
A16: 21/04/2023 02:00 | B16: 8.77 | C16: 57.26 | D16: 38.3 | E16: 6.94 | F16: 5.71 | G16: 47.41 | H16: 13.45 | I16: 0 | J16: 0.6 | K16: 88.62 | L16: 25.12 | M16: 59.08 | N16: 0 | O16: 0 | P16: 0.57 | Q16: 4.48
A17: 21/04/2023 02:15 | B17: 9.08 | C17: 58.69 | D17: 39.3 | E17: 7.75 | F17: 5.23 | G17: 47.36 | H17: 13.45 | I17: 0 | J17: 1.52 | K17: 61.18 | L17: 25.09 | M17: 60.6 | N17: 0 | O17: 0 | P17: 0.58 | Q17: 4.5
A18: 21/04/2023 02:30 | B18: 9.83 | C18: 60.06 | D18: 40.61 | E18: 8.76 | F18: 4.98 | G18: 47.36 | H18: 13.45 | I18: 0 | J18: 1.28 | K18: 47.12 | L18: 24.92 | M18: 60.82 | N18: 0 | O18: 0 | P18: 0.58 | Q18: 4.62
A19: 21/04/2023 02:45 | B19: 10.46 | C19: 60.4 | D19: 41.3 | E19: 9.11 | F19: 5.69 | G19: 47.36 | H19: 13.45 | I19: 0 | J19: 0.75 | K19: 4.82 | L19: 24.73 | M19: 62.17 | N19: 0 | O19: 0 | P19: 0.59 | Q19: 4.69
A20: 21/04/2023 03:00 | B20: 11.21 | C20: 60.98 | D20: 42.2 | E20: 10.5 | F20: 4.8 | G20: 49.55 | H20: 14.97 | I20: 0 | J20: 0.58 | K20: 339.24 | L20: 24.53 | M20: 63.06 | N20: 0 | O20: 0 | P20: 0.61 | Q20: 4.78
... A104: 21/04/2023 24:00 | B104: 11.54 | C104: 46.04 | D104: 34.66 | E104: 7.13 | F104: 15.34 | G104: 29.23 | H104: 10.6 | I104: 0 | J104: 0.61 | K104: 356.43 | L104: 28.56 | M104: 41.67 | N104: 0 | O104: 0 | P104: 0.52 | Q104: 4.63
A106: Min | B106: =MIN(B9:B104) -> 3.84 | C106: =MIN(C9:C104) -> 21.34 | D106: =MIN(D9:D104) -> 15.58 | E106: =MIN(E9:E104) -> 6.32 | F106: =MIN(F9:F104) -> 3.71 | G106: =MIN(G9:G104) -> 16.5 | H106: =MIN(H9:H104) -> 7.52 | I106: =MIN(I9:I104) -> 0 | ... Q106: =MIN(Q9:Q104) -> 4.41
A107: Max | B107: =MAX(B9:B104) -> 15.1 | C107: =MAX(C9:C104) -> 68.31 | D107: =MAX(D9:D104) -> 48.83 | E107: =MAX(E9:E104) -> 26.47 | F107: =MAX(F9:F104) -> 66.81 | G107: =MAX(G9:G104) -> 61.15 | H107: =MAX(H9:H104) -> 20.91 | I107: =MAX(I9:I104) -> 0 | ... Q107: =MAX(Q9:Q104) -> 5.19
A108: Avg | B108: =AVERAGE(B9:B104) -> 7.3946875 | C108: =AVERAGE(C9:C104) -> 43.565208 | D108: =AVERAGE(D9:D104) -> 30.0425 | E108: =AVERAGE(E9:E104) -> 9.6839583 | F108: =AVERAGE(F9:F104) -> 18.441667 | G108: =AVERAGE(G9:G104) -> 33.704687 | H108: =AVERAGE(H9:H104) -> 13.391042 | I108: =AVERAGE(I9:I104) -> 0 | ... Q108: =AVERAGE(Q9:Q104) -> 4.85125
A109: Stdev | B109: =STDEV(B9:B104) -> 2.5691768 | C109: =STDEV(C9:C104) -> 11.901333 | D109: =STDEV(D9:D104) -> 7.6530713 | E109: =STDEV(E9:E104) -> 3.8604945 | F109: =STDEV(F9:F104) -> 14.539227 | G109: =STDEV(G9:G104) -> 13.736894 | H109: =STDEV(H9:H104) -> 3.1420769 | I109: =STDEV(I9:I104) -> 0 | ... Q109: =STDEV(Q9:Q104) -> 0.20743674
A110: Num | B110: =COUNT(B9:B104) -> 96 | C110: =COUNT(C9:C104) -> 96 | D110: =COUNT(D9:D104) -> 96 | E110: =COUNT(E9:E104) -> 96 | F110: =COUNT(F9:F104) -> 96 | G110: =COUNT(G9:G104) -> 96 | H110: =COUNT(H9:H104) -> 96 | I110: =COUNT(I9:I104) -> 96 | ... Q110: =COUNT(Q9:Q104) -> 96
A111: DCR | B111: =IF(B110>=87,">90%",IF(B110<=87,"<90%")) -> >90% | C111: =IF(C110>=87,">90%",IF(C110<=87,"<90%")) -> >90% | D111: =IF(D110>=87,">90%",IF(D110<=87,"<90%")) -> >90% | E111: =IF(E110>=87,">90%",IF(E110<=87,"<90%")) -> >90% | F111: =IF(F110>=87,">90%",IF(F110<=87,"<90%")) -> >90% | G111: =IF(G110>=87,">90%",IF(G110<=87,"<90%")) -> >90% | H111: =IF(H110>=87,">90%",IF(H110<=87,"<90%")) -> >90% | I111: =IF(I110>=87,">90%",IF(I110<=87,"<90%")) -> >90% | ... Q111: =IF(Q110>=87,">90%",IF(Q110<=87,"<90%")) -> >90%
A112: Status | B112: =IF(B110>=87,"OK",IF(B110<=87,"LESS")) -> OK | C112: =IF(C110>=87,"OK",IF(C110<=87,"LESS")) -> OK | D112: =IF(D110>=87,"OK",IF(D110<=87,"LESS")) -> OK | E112: =IF(E110>=87,"OK",IF(E110<=87,"LESS")) -> OK | F112: =IF(F110>=87,"OK",IF(F110<=87,"LESS")) -> OK | G112: =IF(G110>=87,"OK",IF(G110<=87,"LESS")) -> OK | H112: =IF(H110>=87,"OK",IF(H110<=87,"LESS")) -> OK | I112: =IF(I110>=87,"OK",IF(I110<=87,"LESS")) -> OK | ... Q112: =IF(Q110>=87,"OK",IF(Q110<=87,"LESS")) -> OK
A115: Done by | B115: AKASH
A117: Comment

Sheet 22
A1: Station: | B1: IGKV RAIPUR
A2: Date: | B2: =$A$9 -> 22/04/2023 00:15 | C2: Power Off | G2: Pw.Off | J2: Link Fail | L2: Link F | N2: Maintenance | P2: Maint.
A3: Report Type: | B3: Mean | C3: Calibration | G3: Calib. | J3: Data Fail | L3: Data F | N3: Invalid | P3: Invalid
A4: Time Base: | B4: 15 Min | C4: Zero Referrence | G4: Z.Ref | J4: Warm Up | L4: Wm. Up
A7: Date & Time | B7: NO_IGKV | C7: NO2__IGKV | D7: NOX_IGKV | E7: SO2__IGKV | F7: O3__IGKV | G7: PM10_IGKV | H7: PM2.5_IGKV | I7: BENZ_IGKV | J7: WS_IGKV | K7: WD_IGKV | L7: TEMP_IGKV | M7: HUM_IGKV | N7: SR_IGKV | O7: RG_IGKV | P7: CO_IGKV | Q7: NH3_IGKV
B8: ug/m3 | C8: ug/m3 | D8: ug/m3 | E8: ug/m3 | F8: ug/m3 | G8: ug/m3 | H8: ug/m3 | I8: ug/m3 | J8: m/sec | K8: deg | L8: degreC | M8: % | N8: w/m2 | O8: mm | P8: mg/m3 | Q8: ug/m3
A9: 22/04/2023 00:15 | B9: 10.37 | C9: 39.43 | D9: 30.26 | E9: 16.3 | F9: 23.41 | G9: 29.42 | H9: 10.6 | I9: 0 | J9: 1.13 | K9: 37.39 | L9: 28.34 | M9: 40.05 | N9: 0 | O9: 0 | P9: 0.5 | Q9: 4.96
A10: 22/04/2023 00:30 | B10: 11.85 | C10: 40.07 | D10: 31.79 | E10: 36.3 | F10: 25.67 | G10: 29.42 | H10: 10.6 | I10: 0 | J10: 1 | K10: 39.92 | L10: 27.85 | M10: 40.2 | N10: 0 | O10: 0 | P10: 0.42 | Q10: 5
A11: 22/04/2023 00:45 | B11: 10.52 | C11: 36.93 | D11: 29.09 | E11: 46.16 | F11: 36.74 | G11: 29.42 | H11: 10.6 | I11: 0 | J11: 0.95 | K11: 49.12 | L11: 27.21 | M11: 41.02 | N11: 0 | O11: 0 | P11: 0.35 | Q11: 5
A12: 22/04/2023 01:00 | B12: 14.25 | C12: 39.15 | D12: 33.23 | E12: 44.98 | F12: 34.41 | G12: 42.67 | H12: 14.42 | I12: 0 | J12: 0.84 | K12: 52.95 | L12: 26.75 | M12: 41.7 | N12: 0 | O12: 0 | P12: 0.32 | Q12: 5
A13: 22/04/2023 01:15 | B13: 11.42 | C13: 39.13 | D13: 30.95 | E13: 20.24 | F13: 32.41 | G13: 43.29 | H13: 14.42 | I13: 0 | J13: 0.37 | K13: 83.45 | L13: 26.57 | M13: 42.31 | N13: 0 | O13: 0 | P13: 0.29 | Q13: 5
A14: 22/04/2023 01:30 | B14: 6.46 | C14: 31.88 | D14: 23.19 | E14: 12.39 | F14: 39.46 | G14: 43.29 | H14: 14.42 | I14: 0 | J14: 0.22 | K14: 191.53 | L14: 26.33 | M14: 44.15 | N14: 0 | O14: 0 | P14: 0.28 | Q14: 5
A15: 22/04/2023 01:45 | B15: 5.69 | C15: 28.4 | D15: 20.75 | E15: 10.03 | F15: 41.38 | G15: 43.29 | H15: 14.42 | I15: 0 | J15: 0.14 | K15: 139.87 | L15: 25.7 | M15: 45.92 | N15: 0 | O15: 0 | P15: 0.28 | Q15: 5
A16: 22/04/2023 02:00 | B16: 6.21 | C16: 31.48 | D16: 22.78 | E16: 9.96 | F16: 33.53 | G16: 39.27 | H16: 13.92 | I16: 0 | J16: 0.13 | K16: 172.61 | L16: 25.54 | M16: 46.5 | N16: 0 | O16: 0 | P16: 0.29 | Q16: 5
A17: 22/04/2023 02:15 | B17: 5.37 | C17: 30.02 | D17: 21.34 | E17: 11.43 | F17: 36.89 | G17: 39.08 | H17: 13.92 | I17: 0 | J17: 0.21 | K17: 202.3 | L17: 25.43 | M17: 47.16 | N17: 0 | O17: 0 | P17: 0.31 | Q17: 5
A18: 22/04/2023 02:30 | B18: 4.71 | C18: 26.27 | D18: 18.85 | E18: 12.92 | F18: 35.9 | G18: 39.08 | H18: 13.92 | I18: 0 | J18: 0.19 | K18: 221.77 | L18: 24.93 | M18: 49.18 | N18: 0 | O18: 0 | P18: 0.28 | Q18: 5
A19: 22/04/2023 02:45 | B19: 4.42 | C19: 24 | D19: 17.43 | E19: 11.23 | F19: 39.54 | G19: 39.08 | H19: 13.92 | I19: 0 | J19: 0.22 | K19: 222.29 | L19: 24.81 | M19: 49.53 | N19: 0 | O19: 0 | P19: 0.28 | Q19: 5
A20: 22/04/2023 03:00 | B20: 4.25 | C20: 22.53 | D20: 16.53 | E20: 9.56 | F20: 35.45 | G20: 44.43 | H20: 13.19 | I20: 0 | J20: 0.19 | K20: 122.43 | L20: 24.86 | M20: 49.71 | N20: 0 | O20: 0 | P20: 0.28 | Q20: 5
... A104: 22/04/2023 24:00 | B104: 17.61 | C104: 65.69 | D104: 49.79 | E104: 4.02 | F104: 4.01 | G104: 17.88 | H104: 11.85 | I104: 3.37 | J104: 0.63 | K104: 71.94 | L104: 20.85 | M104: 91.67 | N104: 0 | O104: 0 | P104: 0.54 | Q104: 7.16
A106: Min | B106: =MIN(B9:B104) -> 3.32 | C106: =MIN(C9:C104) -> 17.19 | D106: =MIN(D9:D104) -> 12.99 | E106: =MIN(E9:E104) -> 4.02 | F106: =MIN(F9:F104) -> 3.57 | G106: =MIN(G9:G104) -> 17.88 | H106: =MIN(H9:H104) -> 8.64 | I106: =MIN(I9:I104) -> 0 | ... Q106: =MIN(Q9:Q104) -> 0
A107: Max | B107: =MAX(B9:B104) -> 17.64 | C107: =MAX(C9:C104) -> 70.19 | D107: =MAX(D9:D104) -> 50.99 | E107: =MAX(E9:E104) -> 46.16 | F107: =MAX(F9:F104) -> 76.62 | G107: =MAX(G9:G104) -> 81.75 | H107: =MAX(H9:H104) -> 19.7 | I107: =MAX(I9:I104) -> 3.62 | ... Q107: =MAX(Q9:Q104) -> 7.17
A108: Avg | B108: =AVERAGE(B9:B104) -> 8.6852083 | C108: =AVERAGE(C9:C104) -> 45.166875 | D108: =AVERAGE(D9:D104) -> 31.913125 | E108: =AVERAGE(E9:E104) -> 9.5319792 | F108: =AVERAGE(F9:F104) -> 21.042188 | G108: =AVERAGE(G9:G104) -> 38.052708 | H108: =AVERAGE(H9:H104) -> 12.813021 | I108: =AVERAGE(I9:I104) -> 1.4452083 | ... Q108: =AVERAGE(Q9:Q104) -> 5.3405208
A109: Stdev | B109: =STDEV(B9:B104) -> 4.1473504 | C109: =STDEV(C9:C104) -> 16.134769 | D109: =STDEV(D9:D104) -> 11.28087 | E109: =STDEV(E9:E104) -> 6.8318583 | F109: =STDEV(F9:F104) -> 20.072022 | G109: =STDEV(G9:G104) -> 13.397933 | H109: =STDEV(H9:H104) -> 2.9711593 | I109: =STDEV(I9:I104) -> 1.5569045 | ... Q109: =STDEV(Q9:Q104) -> 1.0293364
A110: Num | B110: =COUNT(B9:B104) -> 96 | C110: =COUNT(C9:C104) -> 96 | D110: =COUNT(D9:D104) -> 96 | E110: =COUNT(E9:E104) -> 96 | F110: =COUNT(F9:F104) -> 96 | G110: =COUNT(G9:G104) -> 96 | H110: =COUNT(H9:H104) -> 96 | I110: =COUNT(I9:I104) -> 96 | ... Q110: =COUNT(Q9:Q104) -> 96
A111: DCR | B111: =IF(B110>=87,">90%",IF(B110<=87,"<90%")) -> >90% | C111: =IF(C110>=87,">90%",IF(C110<=87,"<90%")) -> >90% | D111: =IF(D110>=87,">90%",IF(D110<=87,"<90%")) -> >90% | E111: =IF(E110>=87,">90%",IF(E110<=87,"<90%")) -> >90% | F111: =IF(F110>=87,">90%",IF(F110<=87,"<90%")) -> >90% | G111: =IF(G110>=87,">90%",IF(G110<=87,"<90%")) -> >90% | H111: =IF(H110>=87,">90%",IF(H110<=87,"<90%")) -> >90% | I111: =IF(I110>=87,">90%",IF(I110<=87,"<90%")) -> >90% | ... Q111: =IF(Q110>=87,">90%",IF(Q110<=87,"<90%")) -> >90%
A112: Status | B112: =IF(B110>=87,"OK",IF(B110<=87,"LESS")) -> OK | C112: =IF(C110>=87,"OK",IF(C110<=87,"LESS")) -> OK | D112: =IF(D110>=87,"OK",IF(D110<=87,"LESS")) -> OK | E112: =IF(E110>=87,"OK",IF(E110<=87,"LESS")) -> OK | F112: =IF(F110>=87,"OK",IF(F110<=87,"LESS")) -> OK | G112: =IF(G110>=87,"OK",IF(G110<=87,"LESS")) -> OK | H112: =IF(H110>=87,"OK",IF(H110<=87,"LESS")) -> OK | I112: =IF(I110>=87,"OK",IF(I110<=87,"LESS")) -> OK | ... Q112: =IF(Q110>=87,"OK",IF(Q110<=87,"LESS")) -> OK
A115: Done by | B115: AKASH
A117: Comment

Sheet 23
A1: Station: | B1: IGKV RAIPUR
A2: Date: | B2: =$A$9 -> 23/04/2023 00:15 | C2: Power Off | G2: Pw.Off | J2: Link Fail | L2: Link F | N2: Maintenance | P2: Maint.
A3: Report Type: | B3: Mean | C3: Calibration | G3: Calib. | J3: Data Fail | L3: Data F | N3: Invalid | P3: Invalid
A4: Time Base: | B4: 15 Min | C4: Zero Referrence | G4: Z.Ref | J4: Warm Up | L4: Wm. Up
A7: Date & Time | B7: NO_IGKV | C7: NO2__IGKV | D7: NOX_IGKV | E7: SO2__IGKV | F7: O3__IGKV | G7: PM10_IGKV | H7: PM2.5_IGKV | I7: BENZ_IGKV | J7: WS_IGKV | K7: WD_IGKV | L7: TEMP_IGKV | M7: HUM_IGKV | N7: SR_IGKV | O7: RG_IGKV | P7: CO_IGKV | Q7: NH3_IGKV
B8: ug/m3 | C8: ug/m3 | D8: ug/m3 | E8: ug/m3 | F8: ug/m3 | G8: ug/m3 | H8: ug/m3 | I8: ug/m3 | J8: m/sec | K8: deg | L8: degreC | M8: % | N8: w/m2 | O8: mm | P8: mg/m3 | Q8: ug/m3
A9: 23/04/2023 00:15 | B9: 17.18 | C9: 59.17 | D9: 46.04 | E9: 4.1 | F9: 4.7 | G9: 17.76 | H9: 11.85 | I9: 3.36 | J9: 0.67 | K9: 76.76 | L9: 20.88 | M9: 90.64 | N9: 0 | O9: 0 | P9: 0.51 | Q9: 7.01
A10: 23/04/2023 00:30 | B10: 17.42 | C10: 57.4 | D10: 45.31 | E10: 3.27 | F10: 4.37 | G10: 17.76 | H10: 11.85 | I10: 3.32 | J10: 0.19 | K10: 98.79 | L10: 21.05 | M10: 88.3 | N10: 0 | O10: 0 | P10: 0.49 | Q10: 6.66
A11: 23/04/2023 00:45 | B11: 17.5 | C11: 57.8 | D11: 45.58 | E11: 3.64 | F11: 3.96 | G11: 17.76 | H11: 11.85 | I11: 3.22 | J11: 0.17 | K11: 106.68 | L11: 21.1 | M11: 89.53 | N11: 0 | O11: 0 | P11: 0.48 | Q11: 6.57
A12: 23/04/2023 01:00 | B12: 17.93 | C12: 61.34 | D12: 47.78 | E12: 3.93 | F12: 3.43 | G12: 13.25 | H12: 9.37 | I12: 3.19 | J12: 0.25 | K12: 91.99 | L12: 21.08 | M12: 90.85 | N12: 0 | O12: 0 | P12: 0.49 | Q12: 6.68
A13: 23/04/2023 01:15 | B13: 18.4 | C13: 62.44 | D13: 48.72 | E13: 3.8 | F13: 3.54 | G13: 13.04 | H13: 9.37 | I13: 3.2 | J13: 0.17 | K13: 91.55 | L13: 21.02 | M13: 90.41 | N13: 0 | O13: 0 | P13: 0.48 | Q13: 6.79
A14: 23/04/2023 01:30 | B14: 18.82 | C14: 61.97 | D14: 48.83 | E14: 3.49 | F14: 3.73 | G14: 13.04 | H14: 9.37 | I14: 3.19 | J14: 0.41 | K14: 90.8 | L14: 21.01 | M14: 90 | N14: 0 | O14: 0 | P14: 0.48 | Q14: 6.82
A15: 23/04/2023 01:45 | B15: 19.04 | C15: 58.96 | D15: 47.42 | E15: 3.85 | F15: 4.09 | G15: 13.04 | H15: 9.37 | I15: 3.17 | J15: 0.12 | K15: 171.02 | L15: 20.89 | M15: 90.51 | N15: 0 | O15: 0 | P15: 0.47 | Q15: 6.69
A16: 23/04/2023 02:00 | B16: 19.36 | C16: 63.01 | D16: 49.8 | E16: 3.82 | F16: 3.47 | G16: 9.28 | H16: 7.06 | I16: 3.16 | J16: 0.34 | K16: 226.83 | L16: 20.85 | M16: 90.89 | N16: 0 | O16: 0 | P16: 0.48 | Q16: 6.82
A17: 23/04/2023 02:15 | B17: 19.83 | C17: 61.45 | D17: 49.36 | E17: 6.68 | F17: 3.65 | G17: 9.11 | H17: 7.06 | I17: 3.17 | J17: 0.76 | K17: 253.67 | L17: 20.95 | M17: 89.6 | N17: 0 | O17: 0 | P17: 0.48 | Q17: 6.82
A18: 23/04/2023 02:30 | B18: 20.25 | C18: 61.96 | D18: 49.96 | E18: 7.99 | F18: 3.74 | G18: 9.11 | H18: 7.06 | I18: 3.13 | J18: 0.61 | K18: 258.96 | L18: 21.05 | M18: 88.43 | N18: 0 | O18: 0 | P18: 0.48 | Q18: 6.86
A19: 23/04/2023 02:45 | B19: 20.64 | C19: 60.97 | D19: 49.76 | E19: 8.11 | F19: 3.85 | G19: 9.11 | H19: 7.06 | I19: 3.14 | J19: 0.47 | K19: 271.49 | L19: 21.11 | M19: 87.24 | N19: 0 | O19: 0 | P19: 0.47 | Q19: 6.86
A20: 23/04/2023 03:00 | B20: 20.98 | C20: 62.9 | D20: 51.04 | E20: 8.06 | F20: 3.41 | G20: 6.73 | H20: 6.33 | I20: 3.19 | J20: 0.32 | K20: 17.95 | L20: 21.21 | M20: 86.95 | N20: 0 | O20: 0 | P20: 0.48 | Q20: 6.92
... A104: 23/04/2023 24:00 | B104: 24.77 | C104: 63.58 | D104: 54.44 | E104: 8.3 | F104: 9.35 | G104: 38.77 | H104: 13.36 | I104: 6.4 | J104: 2.19 | K104: 24.43 | L104: 22.76 | M104: 78.37 | N104: 2.1 | O104: 0 | P104: 0.54 | Q104: 7.97
A106: Min | B106: =MIN(B9:B104) -> 9.33 | C106: =MIN(C9:C104) -> 49.87 | D106: =MIN(D9:D104) -> 37.63 | E106: =MIN(E9:E104) -> 3.27 | F106: =MIN(F9:F104) -> 3.07 | G106: =MIN(G9:G104) -> 6.62 | H106: =MIN(H9:H104) -> 6.33 | I106: =MIN(I9:I104) -> 3.13 | ... Q106: =MIN(Q9:Q104) -> 6.51
A107: Max | B107: =MAX(B9:B104) -> 34.96 | C107: =MAX(C9:C104) -> 68.84 | D107: =MAX(D9:D104) -> 64.63 | E107: =MAX(E9:E104) -> 8.3 | F107: =MAX(F9:F104) -> 15.2 | G107: =MAX(G9:G104) -> 55.37 | H107: =MAX(H9:H104) -> 19.2 | I107: =MAX(I9:I104) -> 6.47 | ... Q107: =MAX(Q9:Q104) -> 8.57
A108: Avg | B108: =AVERAGE(B9:B104) -> 21.215729 | C108: =AVERAGE(C9:C104) -> 61.657292 | D108: =AVERAGE(D9:D104) -> 50.578542 | E108: =AVERAGE(E9:E104) -> 6.6434375 | F108: =AVERAGE(F9:F104) -> 5.99375 | G108: =AVERAGE(G9:G104) -> 24.096667 | H108: =AVERAGE(H9:H104) -> 11.423646 | I108: =AVERAGE(I9:I104) -> 3.9659375 | ... Q108: =AVERAGE(Q9:Q104) -> 7.3011458
A109: Stdev | B109: =STDEV(B9:B104) -> 7.7864061 | C109: =STDEV(C9:C104) -> 5.009058 | D109: =STDEV(D9:D104) -> 8.090461 | E109: =STDEV(E9:E104) -> 1.2071566 | F109: =STDEV(F9:F104) -> 2.9874137 | G109: =STDEV(G9:G104) -> 13.907352 | H109: =STDEV(H9:H104) -> 3.6367947 | I109: =STDEV(I9:I104) -> 0.84122915 | ... Q109: =STDEV(Q9:Q104) -> 0.62296214
A110: Num | B110: =COUNT(B9:B104) -> 96 | C110: =COUNT(C9:C104) -> 96 | D110: =COUNT(D9:D104) -> 96 | E110: =COUNT(E9:E104) -> 96 | F110: =COUNT(F9:F104) -> 96 | G110: =COUNT(G9:G104) -> 96 | H110: =COUNT(H9:H104) -> 96 | I110: =COUNT(I9:I104) -> 96 | ... Q110: =COUNT(Q9:Q104) -> 96
A111: DCR | B111: =IF(B110>=87,">90%",IF(B110<=87,"<90%")) -> >90% | C111: =IF(C110>=87,">90%",IF(C110<=87,"<90%")) -> >90% | D111: =IF(D110>=87,">90%",IF(D110<=87,"<90%")) -> >90% | E111: =IF(E110>=87,">90%",IF(E110<=87,"<90%")) -> >90% | F111: =IF(F110>=87,">90%",IF(F110<=87,"<90%")) -> >90% | G111: =IF(G110>=87,">90%",IF(G110<=87,"<90%")) -> >90% | H111: =IF(H110>=87,">90%",IF(H110<=87,"<90%")) -> >90% | I111: =IF(I110>=87,">90%",IF(I110<=87,"<90%")) -> >90% | ... Q111: =IF(Q110>=87,">90%",IF(Q110<=87,"<90%")) -> >90%
A112: Status | B112: =IF(B110>=87,"OK",IF(B110<=87,"LESS")) -> OK | C112: =IF(C110>=87,"OK",IF(C110<=87,"LESS")) -> OK | D112: =IF(D110>=87,"OK",IF(D110<=87,"LESS")) -> OK | E112: =IF(E110>=87,"OK",IF(E110<=87,"LESS")) -> OK | F112: =IF(F110>=87,"OK",IF(F110<=87,"LESS")) -> OK | G112: =IF(G110>=87,"OK",IF(G110<=87,"LESS")) -> OK | H112: =IF(H110>=87,"OK",IF(H110<=87,"LESS")) -> OK | I112: =IF(I110>=87,"OK",IF(I110<=87,"LESS")) -> OK | ... Q112: =IF(Q110>=87,"OK",IF(Q110<=87,"LESS")) -> OK
A115: Done by | B115: AKASH
A117: Comment

Sheet 24
A1: Station: | B1: IGKV RAIPUR
A2: Date: | B2: =$A$9 -> 24/04/2023 00:15 | C2: Power Off | G2: Pw.Off | J2: Link Fail | L2: Link F | N2: Maintenance | P2: Maint.
A3: Report Type: | B3: Mean | C3: Calibration | G3: Calib. | J3: Data Fail | L3: Data F | N3: Invalid | P3: Invalid
A4: Time Base: | B4: 15 Min | C4: Zero Referrence | G4: Z.Ref | J4: Warm Up | L4: Wm. Up
A7: Date & Time | B7: NO_IGKV | C7: NO2__IGKV | D7: NOX_IGKV | E7: SO2__IGKV | F7: O3__IGKV | G7: PM10_IGKV | H7: PM2.5_IGKV | I7: BENZ_IGKV | J7: WS_IGKV | K7: WD_IGKV | L7: TEMP_IGKV | M7: HUM_IGKV | N7: SR_IGKV | O7: RG_IGKV | P7: CO_IGKV | Q7: NH3_IGKV
B8: ug/m3 | C8: ug/m3 | D8: ug/m3 | E8: ug/m3 | F8: ug/m3 | G8: ug/m3 | H8: ug/m3 | I8: ug/m3 | J8: m/sec | K8: deg | L8: degreC | M8: % | N8: w/m2 | O8: mm | P8: mg/m3 | Q8: ug/m3
A9: 24/04/2023 00:15 | B9: 25.13 | C9: 67.83 | D9: 56.94 | E9: 7.64 | F9: 5.56 | G9: 38.87 | H9: 13.36 | I9: 6.35 | J9: 2.03 | K9: 66.53 | L9: 21.16 | M9: 81.61 | N9: 0 | O9: 0 | P9: 0.55 | Q9: 7.82
A10: 24/04/2023 00:30 | B10: 23.78 | C10: 62.81 | D10: 53.23 | E10: 7.43 | F10: 4.84 | G10: 38.87 | H10: 13.36 | I10: 6.22 | J10: 0.54 | K10: 79.67 | L10: 21.34 | M10: 80.89 | N10: 0 | O10: 0 | P10: 0.53 | Q10: 7.62
A11: 24/04/2023 00:45 | B11: 22.9 | C11: 70.52 | D11: 56.56 | E11: 7.17 | F11: 3.53 | G11: 38.87 | H11: 13.36 | I11: 5.99 | J11: 0.48 | K11: 96.56 | L11: 21.52 | M11: 83.59 | N11: 0 | O11: 0 | P11: 0.54 | Q11: 7.86
A12: 24/04/2023 01:00 | B12: 22.15 | C12: 70.75 | D12: 56.08 | E12: 7.04 | F12: 3.63 | G12: 34.26 | H12: 12.86 | I12: 5.85 | J12: 0.56 | K12: 85.17 | L12: 21.89 | M12: 84.24 | N12: 0 | O12: 0 | P12: 0.54 | Q12: 7.94
A13: 24/04/2023 01:15 | B13: 21.41 | C13: 69.29 | D13: 54.73 | E13: 7.08 | F13: 3.77 | G13: 34.04 | H13: 12.86 | I13: 5.71 | J13: 0.45 | K13: 91.05 | L13: 21.97 | M13: 84.57 | N13: 0 | O13: 0 | P13: 0.53 | Q13: 7.9
A14: 24/04/2023 01:30 | B14: 21.1 | C14: 70.14 | D14: 54.91 | E14: 6.99 | F14: 3.83 | G14: 34.04 | H14: 12.86 | I14: 5.59 | J14: 0.38 | K14: 97.88 | L14: 21.99 | M14: 85.06 | N14: 0 | O14: 0 | P14: 0.52 | Q14: 7.81
A15: 24/04/2023 01:45 | B15: 20.91 | C15: 69.79 | D15: 54.58 | E15: 6.64 | F15: 3.8 | G15: 34.04 | H15: 12.86 | I15: 5.47 | J15: 0.57 | K15: 85.26 | L15: 21.85 | M15: 86.4 | N15: 0 | O15: 0 | P15: 0.51 | Q15: 7.74
A16: 24/04/2023 02:00 | B16: 20.62 | C16: 70.25 | D16: 54.59 | E16: 6.62 | F16: 3.9 | G16: 22.98 | H16: 9.16 | I16: 5.35 | J16: 0.35 | K16: 100.68 | L16: 21.69 | M16: 87.55 | N16: 0 | O16: 0 | P16: 0.51 | Q16: 7.76
A17: 24/04/2023 02:15 | B17: 20.41 | C17: 69.71 | D17: 54.14 | E17: 5.57 | F17: 3.92 | G17: 22.47 | H17: 9.16 | I17: 5.2 | J17: 0.36 | K17: 90.88 | L17: 21.9 | M17: 86.46 | N17: 0 | O17: 0 | P17: 0.5 | Q17: 7.73
A18: 24/04/2023 02:30 | B18: 20.47 | C18: 69.31 | D18: 53.98 | E18: 6.03 | F18: 3.8 | G18: 22.47 | H18: 9.16 | I18: 5.09 | J18: 0.45 | K18: 84.68 | L18: 21.91 | M18: 85.54 | N18: 0 | O18: 0 | P18: 0.5 | Q18: 7.73
A19: 24/04/2023 02:45 | B19: 20.52 | C19: 68.97 | D19: 53.84 | E19: 5.95 | F19: 3.79 | G19: 22.47 | H19: 9.16 | I19: 4.99 | J19: 0.36 | K19: 97.67 | L19: 22.04 | M19: 84.34 | N19: 0 | O19: 0 | P19: 0.49 | Q19: 7.69
A20: 24/04/2023 03:00 | B20: 20.63 | C20: 68.89 | D20: 53.88 | E20: 6.03 | F20: 3.82 | G20: 18.06 | H20: 10.02 | I20: 4.92 | J20: 0.63 | K20: 79.86 | L20: 22.07 | M20: 82.86 | N20: 0 | O20: 0 | P20: 0.48 | Q20: 7.72
... A104: 24/04/2023 24:00 | B104: 25.95 | C104: 69.61 | D104: 58.53 | E104: 7.4 | F104: 3.61 | G104: 32.19 | H104: 11.19 | I104: 3.53 | J104: 0.91 | K104: 62.85 | L104: 23.8 | M104: 75.45 | N104: 0 | O104: 0 | P104: 0.45 | Q104: 8.16
A106: Min | B106: =MIN(B9:B104) -> 7.82 | C106: =MIN(C9:C104) -> 36.47 | D106: =MIN(D9:D104) -> 26.68 | E106: =MIN(E9:E104) -> 5.38 | F106: =MIN(F9:F104) -> 3.29 | G106: =MIN(G9:G104) -> 9.87 | H106: =MIN(H9:H104) -> 2.05 | I106: =MIN(I9:I104) -> 2.97 | ... Q106: =MIN(Q9:Q104) -> 5.94
A107: Max | B107: =MAX(B9:B104) -> 31.42 | C107: =MAX(C9:C104) -> 72.73 | D107: =MAX(D9:D104) -> 60.18 | E107: =MAX(E9:E104) -> 8.04 | F107: =MAX(F9:F104) -> 36.66 | G107: =MAX(G9:G104) -> 38.87 | H107: =MAX(H9:H104) -> 13.36 | I107: =MAX(I9:I104) -> 6.35 | ... Q107: =MAX(Q9:Q104) -> 8.16
A108: Avg | B108: =AVERAGE(B9:B104) -> 18.934062 | C108: =AVERAGE(C9:C104) -> 62.139271 | D108: =AVERAGE(D9:D104) -> 49.000417 | E108: =AVERAGE(E9:E104) -> 6.4261458 | F108: =AVERAGE(F9:F104) -> 6.0652083 | G108: =AVERAGE(G9:G104) -> 19.15625 | H108: =AVERAGE(H9:H104) -> 6.9023958 | I108: =AVERAGE(I9:I104) -> 3.975625 | ... Q108: =AVERAGE(Q9:Q104) -> 7.3195833
A109: Stdev | B109: =STDEV(B9:B104) -> 6.9354419 | C109: =STDEV(C9:C104) -> 7.4774527 | D109: =STDEV(D9:D104) -> 8.3489859 | E109: =STDEV(E9:E104) -> 0.79633816 | F109: =STDEV(F9:F104) -> 4.8933747 | G109: =STDEV(G9:G104) -> 6.4116232 | H109: =STDEV(H9:H104) -> 2.8346724 | I109: =STDEV(I9:I104) -> 0.69218466 | ... Q109: =STDEV(Q9:Q104) -> 0.57984012
A110: Num | B110: =COUNT(B9:B104) -> 96 | C110: =COUNT(C9:C104) -> 96 | D110: =COUNT(D9:D104) -> 96 | E110: =COUNT(E9:E104) -> 96 | F110: =COUNT(F9:F104) -> 96 | G110: =COUNT(G9:G104) -> 96 | H110: =COUNT(H9:H104) -> 96 | I110: =COUNT(I9:I104) -> 96 | ... Q110: =COUNT(Q9:Q104) -> 96
A111: DCR | B111: =IF(B110>=87,">90%",IF(B110<=87,"<90%")) -> >90% | C111: =IF(C110>=87,">90%",IF(C110<=87,"<90%")) -> >90% | D111: =IF(D110>=87,">90%",IF(D110<=87,"<90%")) -> >90% | E111: =IF(E110>=87,">90%",IF(E110<=87,"<90%")) -> >90% | F111: =IF(F110>=87,">90%",IF(F110<=87,"<90%")) -> >90% | G111: =IF(G110>=87,">90%",IF(G110<=87,"<90%")) -> >90% | H111: =IF(H110>=87,">90%",IF(H110<=87,"<90%")) -> >90% | I111: =IF(I110>=87,">90%",IF(I110<=87,"<90%")) -> >90% | ... Q111: =IF(Q110>=87,">90%",IF(Q110<=87,"<90%")) -> >90%
A112: Status | B112: =IF(B110>=87,"OK",IF(B110<=87,"LESS")) -> OK | C112: =IF(C110>=87,"OK",IF(C110<=87,"LESS")) -> OK | D112: =IF(D110>=87,"OK",IF(D110<=87,"LESS")) -> OK | E112: =IF(E110>=87,"OK",IF(E110<=87,"LESS")) -> OK | F112: =IF(F110>=87,"OK",IF(F110<=87,"LESS")) -> OK | G112: =IF(G110>=87,"OK",IF(G110<=87,"LESS")) -> OK | H112: =IF(H110>=87,"OK",IF(H110<=87,"LESS")) -> OK | I112: =IF(I110>=87,"OK",IF(I110<=87,"LESS")) -> OK | ... Q112: =IF(Q110>=87,"OK",IF(Q110<=87,"LESS")) -> OK
A115: Done by | B115: AKASH
A117: Comment

Sheet 25
A1: Station: | B1: IGKV RAIPUR
A2: Date: | B2: =$A$9 -> 25/04/2023 00:15 | C2: Power Off | G2: Pw.Off | J2: Link Fail | L2: Link F | N2: Maintenance | P2: Maint.
A3: Report Type: | B3: Mean | C3: Calibration | G3: Calib. | J3: Data Fail | L3: Data F | N3: Invalid | P3: Invalid
A4: Time Base: | B4: 15 Min | C4: Zero Referrence | G4: Z.Ref | J4: Warm Up | L4: Wm. Up
A7: Date & Time | B7: NO_IGKV | C7: NO2__IGKV | D7: NOX_IGKV | E7: SO2__IGKV | F7: O3__IGKV | G7: PM10_IGKV | H7: PM2.5_IGKV | I7: BENZ_IGKV | J7: WS_IGKV | K7: WD_IGKV | L7: TEMP_IGKV | M7: HUM_IGKV | N7: SR_IGKV | O7: RG_IGKV | P7: CO_IGKV | Q7: NH3_IGKV
B8: ug/m3 | C8: ug/m3 | D8: ug/m3 | E8: ug/m3 | F8: ug/m3 | G8: ug/m3 | H8: ug/m3 | I8: ug/m3 | J8: m/sec | K8: deg | L8: degreC | M8: % | N8: w/m2 | O8: mm | P8: mg/m3 | Q8: ug/m3
A9: 25/04/2023 00:15 | B9: 27.39 | C9: 65.81 | D9: 57.7 | E9: 7.6 | F9: 3.62 | G9: 32.64 | H9: 11.19 | I9: 3.51 | J9: 0.68 | K9: 52.56 | L9: 23.66 | M9: 76.63 | N9: 0 | O9: 0 | P9: 0.45 | Q9: 8.21
A10: 25/04/2023 00:30 | B10: 28.2 | C10: 67.61 | D10: 59.29 | E10: 7.48 | F10: 3.71 | G10: 32.64 | H10: 11.19 | I10: 3.52 | J10: 1.13 | K10: 48.2 | L10: 23.31 | M10: 79.04 | N10: 0 | O10: 0 | P10: 0.45 | Q10: 8.26
A11: 25/04/2023 00:45 | B11: 28.94 | C11: 67.87 | D11: 60.01 | E11: 7.51 | F11: 3.6 | G11: 32.64 | H11: 11.19 | I11: 3.52 | J11: 1.9 | K11: 55.16 | L11: 22.92 | M11: 76.64 | N11: 0 | O11: 0 | P11: 0.44 | Q11: 8.34
A12: 25/04/2023 01:00 | B12: 29.21 | C12: 69.42 | D12: 61.04 | E12: 7.75 | F12: 3.54 | G12: 29.15 | H12: 9.08 | I12: 3.51 | J12: 1.68 | K12: 53.13 | L12: 22.69 | M12: 76.94 | N12: 0 | O12: 0 | P12: 0.46 | Q12: 8.41
A13: 25/04/2023 01:15 | B13: 29.91 | C13: 64.31 | D13: 58.93 | E13: 7.55 | F13: 4.21 | G13: 28.98 | H13: 9.08 | I13: 3.47 | J13: 1.57 | K13: 54.65 | L13: 22.58 | M13: 75.54 | N13: 0 | O13: 0 | P13: 0.42 | Q13: 8.2
A14: 25/04/2023 01:30 | B14: 29.88 | C14: 60.44 | D14: 56.89 | E14: 6.74 | F14: 4.07 | G14: 28.98 | H14: 9.08 | I14: 3.43 | J14: 1.64 | K14: 54.53 | L14: 22.52 | M14: 74.6 | N14: 0 | O14: 0 | P14: 0.4 | Q14: 7.92
A15: 25/04/2023 01:45 | B15: 29.68 | C15: 61.75 | D15: 57.42 | E15: 6.84 | F15: 3.78 | G15: 28.98 | H15: 9.08 | I15: 3.39 | J15: 1.44 | K15: 59.81 | L15: 22.59 | M15: 73.2 | N15: 0 | O15: 0 | P15: 0.4 | Q15: 7.92
A16: 25/04/2023 02:00 | B16: 29.41 | C16: 64.83 | D16: 58.81 | E16: 7.11 | F16: 3.61 | G16: 25.35 | H16: 10.35 | I16: 3.4 | J16: 1.27 | K16: 65.91 | L16: 22.69 | M16: 72.17 | N16: 0 | O16: 0 | P16: 0.41 | Q16: 7.98
A17: 25/04/2023 02:15 | B17: 29.27 | C17: 64.26 | D17: 58.4 | E17: 5.93 | F17: 3.67 | G17: 25.18 | H17: 10.35 | I17: 3.39 | J17: 1.29 | K17: 62.1 | L17: 22.55 | M17: 72.43 | N17: 0 | O17: 0 | P17: 0.41 | Q17: 7.88
A18: 25/04/2023 02:30 | B18: 29.21 | C18: 63.09 | D18: 57.74 | E18: 6.95 | F18: 3.8 | G18: 25.18 | H18: 10.35 | I18: 3.36 | J18: 1.46 | K18: 63.19 | L18: 22.49 | M18: 72.48 | N18: 0 | O18: 0 | P18: 0.4 | Q18: 7.88
A19: 25/04/2023 02:45 | B19: 28.49 | C19: 65.91 | D19: 58.63 | E19: 7.11 | F19: 3.65 | G19: 25.18 | H19: 10.35 | I19: 3.37 | J19: 1.2 | K19: 66.02 | L19: 22.46 | M19: 72.44 | N19: 0 | O19: 0 | P19: 0.41 | Q19: 7.95
A20: 25/04/2023 03:00 | B20: 28.2 | C20: 65.44 | D20: 58.15 | E20: 7.33 | F20: 3.71 | G20: 24.44 | H20: 9.61 | I20: 3.38 | J20: 1.09 | K20: 69.39 | L20: 22.39 | M20: 73.56 | N20: 0 | O20: 0 | P20: 0.41 | Q20: 7.92
... A104: 25/04/2023 24:00 | B104: 13.15 | C104: 59.91 | D104: 43.2 | E104: 7.7 | F104: 4.27 | G104: 44.22 | H104: 10.95 | I104: 3.38 | J104: 0.73 | K104: 87.36 | L104: 23.22 | M104: 64.72 | N104: 0 | O104: 0 | P104: 0.45 | Q104: 6.78
A106: Min | B106: =MIN(B9:B104) -> 3.35 | C106: =MIN(C9:C104) -> 28.8 | D106: =MIN(D9:D104) -> 19.09 | E106: =MIN(E9:E104) -> 5.93 | F106: =MIN(F9:F104) -> 3.3 | G106: =MIN(G9:G104) -> 18.52 | H106: =MIN(H9:H104) -> 9.07 | I106: =MIN(I9:I104) -> 2.88 | ... Q106: =MIN(Q9:Q104) -> 5.4
A107: Max | B107: =MAX(B9:B104) -> 32.82 | C107: =MAX(C9:C104) -> 71.51 | D107: =MAX(D9:D104) -> 64.99 | E107: =MAX(E9:E104) -> 10.59 | F107: =MAX(F9:F104) -> 44.71 | G107: =MAX(G9:G104) -> 47.64 | H107: =MAX(H9:H104) -> 15.77 | I107: =MAX(I9:I104) -> 3.81 | ... Q107: =MAX(Q9:Q104) -> 8.67
A108: Avg | B108: =AVERAGE(B9:B104) -> 17.978125 | C108: =AVERAGE(C9:C104) -> 57.57375 | D108: =AVERAGE(D9:D104) -> 45.848542 | E108: =AVERAGE(E9:E104) -> 7.79125 | F108: =AVERAGE(F9:F104) -> 9.3261458 | G108: =AVERAGE(G9:G104) -> 27.427917 | H108: =AVERAGE(H9:H104) -> 12.527917 | I108: =AVERAGE(I9:I104) -> 3.5242708 | ... Q108: =AVERAGE(Q9:Q104) -> 7.1977083
A109: Stdev | B109: =STDEV(B9:B104) -> 10.581186 | C109: =STDEV(C9:C104) -> 10.648721 | D109: =STDEV(D9:D104) -> 13.609898 | E109: =STDEV(E9:E104) -> 1.0063443 | F109: =STDEV(F9:F104) -> 8.19698 | G109: =STDEV(G9:G104) -> 5.6444126 | H109: =STDEV(H9:H104) -> 2.1073565 | I109: =STDEV(I9:I104) -> 0.18744119 | ... Q109: =STDEV(Q9:Q104) -> 0.96934104
A110: Num | B110: =COUNT(B9:B104) -> 96 | C110: =COUNT(C9:C104) -> 96 | D110: =COUNT(D9:D104) -> 96 | E110: =COUNT(E9:E104) -> 96 | F110: =COUNT(F9:F104) -> 96 | G110: =COUNT(G9:G104) -> 96 | H110: =COUNT(H9:H104) -> 96 | I110: =COUNT(I9:I104) -> 96 | ... Q110: =COUNT(Q9:Q104) -> 96
A111: DCR | B111: =IF(B110>=87,">90%",IF(B110<=87,"<90%")) -> >90% | C111: =IF(C110>=87,">90%",IF(C110<=87,"<90%")) -> >90% | D111: =IF(D110>=87,">90%",IF(D110<=87,"<90%")) -> >90% | E111: =IF(E110>=87,">90%",IF(E110<=87,"<90%")) -> >90% | F111: =IF(F110>=87,">90%",IF(F110<=87,"<90%")) -> >90% | G111: =IF(G110>=87,">90%",IF(G110<=87,"<90%")) -> >90% | H111: =IF(H110>=87,">90%",IF(H110<=87,"<90%")) -> >90% | I111: =IF(I110>=87,">90%",IF(I110<=87,"<90%")) -> >90% | ... Q111: =IF(Q110>=87,">90%",IF(Q110<=87,"<90%")) -> >90%
A112: Status | B112: =IF(B110>=87,"OK",IF(B110<=87,"LESS")) -> OK | C112: =IF(C110>=87,"OK",IF(C110<=87,"LESS")) -> OK | D112: =IF(D110>=87,"OK",IF(D110<=87,"LESS")) -> OK | E112: =IF(E110>=87,"OK",IF(E110<=87,"LESS")) -> OK | F112: =IF(F110>=87,"OK",IF(F110<=87,"LESS")) -> OK | G112: =IF(G110>=87,"OK",IF(G110<=87,"LESS")) -> OK | H112: =IF(H110>=87,"OK",IF(H110<=87,"LESS")) -> OK | I112: =IF(I110>=87,"OK",IF(I110<=87,"LESS")) -> OK | ... Q112: =IF(Q110>=87,"OK",IF(Q110<=87,"LESS")) -> OK
A115: Done by | B115: AKASH
A117: Comment

Sheet 26
A1: Station: | B1: IGKV RAIPUR
A2: Date: | B2: =$A$9 -> 26/04/2023 00:15 | C2: Power Off | G2: Pw.Off | J2: Link Fail | L2: Link F | N2: Maintenance | P2: Maint.
A3: Report Type: | B3: Mean | C3: Calibration | G3: Calib. | J3: Data Fail | L3: Data F | N3: Invalid | P3: Invalid
A4: Time Base: | B4: 15 Min | C4: Zero Referrence | G4: Z.Ref | J4: Warm Up | L4: Wm. Up
A7: Date & Time | B7: NO_IGKV | C7: NO2__IGKV | D7: NOX_IGKV | E7: SO2__IGKV | F7: O3__IGKV | G7: PM10_IGKV | H7: PM2.5_IGKV | I7: BENZ_IGKV | J7: WS_IGKV | K7: WD_IGKV | L7: TEMP_IGKV | M7: HUM_IGKV | N7: SR_IGKV | O7: RG_IGKV | P7: CO_IGKV | Q7: NH3_IGKV
B8: ug/m3 | C8: ug/m3 | D8: ug/m3 | E8: ug/m3 | F8: ug/m3 | G8: ug/m3 | H8: ug/m3 | I8: ug/m3 | J8: m/sec | K8: deg | L8: degreC | M8: % | N8: w/m2 | O8: mm | P8: mg/m3 | Q8: ug/m3
A9: 26/04/2023 00:15 | B9: 11.97 | C9: 63.06 | D9: 43.9 | E9: 7.74 | F9: 4.04 | G9: 44.06 | H9: 10.95 | I9: 3.31 | J9: 0.5 | K9: 101.51 | L9: 23.35 | M9: 70.15 | N9: 0 | O9: 0 | P9: 0.45 | Q9: 6.93
A10: 26/04/2023 00:30 | B10: 11.75 | C10: 60.36 | D10: 42.3 | E10: 7.9 | F10: 4.5 | G10: 44.06 | H10: 10.95 | I10: 3.3 | J10: 0.54 | K10: 102.49 | L10: 22.93 | M10: 68.1 | N10: 0 | O10: 0 | P10: 0.45 | Q10: 6.79
A11: 26/04/2023 00:45 | B11: 11.33 | C11: 60.68 | D11: 42.14 | E11: 7.5 | F11: 4.41 | G11: 44.06 | H11: 10.95 | I11: 3.34 | J11: 0.63 | K11: 92.56 | L11: 22.65 | M11: 66.29 | N11: 0 | O11: 0 | P11: 0.43 | Q11: 6.81
A12: 26/04/2023 01:00 | B12: 10.66 | C12: 58.51 | D12: 40.47 | E12: 7.59 | F12: 4.77 | G12: 32.98 | H12: 9.11 | I12: 3.39 | J12: 0.8 | K12: 99.49 | L12: 22.49 | M12: 66.25 | N12: 0 | O12: 0 | P12: 0.41 | Q12: 6.66
A13: 26/04/2023 01:15 | B13: 10.17 | C13: 61.51 | D13: 41.64 | E13: 7.91 | F13: 4.51 | G13: 32.46 | H13: 9.11 | I13: 3.29 | J13: 0.62 | K13: 93.56 | L13: 22.38 | M13: 67.61 | N13: 0 | O13: 0 | P13: 0.42 | Q13: 6.85
A14: 26/04/2023 01:30 | B14: 9.83 | C14: 56.67 | D14: 38.84 | E14: 7.19 | F14: 5.06 | G14: 32.46 | H14: 9.11 | I14: 3.26 | J14: 0.6 | K14: 104.29 | L14: 22.75 | M14: 64.92 | N14: 0 | O14: 0 | P14: 0.4 | Q14: 6.63
A15: 26/04/2023 01:45 | B15: 9.71 | C15: 61.97 | D15: 41.52 | E15: 7.38 | F15: 4.22 | G15: 32.46 | H15: 9.11 | I15: 3.2 | J15: 0.37 | K15: 103.65 | L15: 23.31 | M15: 61.43 | N15: 0 | O15: 0 | P15: 0.41 | Q15: 6.81
A16: 26/04/2023 02:00 | B16: 9.76 | C16: 63.43 | D16: 42.32 | E16: 7.48 | F16: 4.18 | G16: 27.19 | H16: 6.74 | I16: 3.17 | J16: 0.23 | K16: 122.73 | L16: 23.53 | M16: 60.9 | N16: 0 | O16: 0 | P16: 0.42 | Q16: 6.96
A17: 26/04/2023 02:15 | B17: 9.91 | C17: 63.65 | D17: 42.56 | E17: 5.74 | F17: 4.2 | G17: 26.94 | H17: 6.74 | I17: 3.18 | J17: 0.32 | K17: 113.24 | L17: 23.52 | M17: 60.96 | N17: 0 | O17: 0 | P17: 0.41 | Q17: 6.96
A18: 26/04/2023 02:30 | B18: 10.11 | C18: 63.73 | D18: 42.76 | E18: 6.8 | F18: 4.22 | G18: 26.94 | H18: 6.74 | I18: 3.17 | J18: 0.34 | K18: 109.76 | L18: 23.26 | M18: 63.11 | N18: 0 | O18: 0 | P18: 0.41 | Q18: 6.97
A19: 26/04/2023 02:45 | B19: 10.33 | C19: 63.69 | D19: 42.91 | E19: 6.64 | F19: 4.25 | G19: 26.94 | H19: 6.74 | I19: 3.16 | J19: 0.3 | K19: 152.75 | L19: 23.26 | M19: 63.01 | N19: 0 | O19: 0 | P19: 0.4 | Q19: 6.98
A20: 26/04/2023 03:00 | B20: 10.55 | C20: 64.19 | D20: 43.35 | E20: 6.49 | F20: 4.26 | G20: 23.43 | H20: 5.07 | I20: 3.08 | J20: 0.18 | K20: 176.13 | L20: 23.33 | M20: 62.64 | N20: 0 | O20: 0 | P20: 0.39 | Q20: 7.02
... A104: 26/04/2023 24:00 | B104: 18.63 | C104: 62.64 | D104: 49.02 | E104: 8.69 | F104: 4.25 | G104: 34.17 | H104: 14.27 | I104: 5.55 | J104: 0.59 | K104: 232.77 | L104: 28.21 | M104: 54.55 | N104: 0 | O104: 0 | P104: 0.58 | Q104: 7.41
A106: Min | B106: =MIN(B9:B104) -> 5.47 | C106: =MIN(C9:C104) -> 30.68 | D106: =MIN(D9:D104) -> 21.76 | E106: =MIN(E9:E104) -> 5.57 | F106: =MIN(F9:F104) -> 3.42 | G106: =MIN(G9:G104) -> 15.43 | H106: =MIN(H9:H104) -> 4.14 | I106: =MIN(I9:I104) -> 2.89 | ... Q106: =MIN(Q9:Q104) -> 5.84
A107: Max | B107: =MAX(B9:B104) -> 24.8 | C107: =MAX(C9:C104) -> 67.03 | D107: =MAX(D9:D104) -> 55.4 | E107: =MAX(E9:E104) -> 9.23 | F107: =MAX(F9:F104) -> 36.76 | G107: =MAX(G9:G104) -> 45.55 | H107: =MAX(H9:H104) -> 15.77 | I107: =MAX(I9:I104) -> 5.72 | ... Q107: =MAX(Q9:Q104) -> 7.79
A108: Avg | B108: =AVERAGE(B9:B104) -> 12.891458 | C108: =AVERAGE(C9:C104) -> 57.955729 | D108: =AVERAGE(D9:D104) -> 41.968958 | E108: =AVERAGE(E9:E104) -> 7.3921875 | F108: =AVERAGE(F9:F104) -> 8.7582292 | G108: =AVERAGE(G9:G104) -> 28.593646 | H108: =AVERAGE(H9:H104) -> 9.7945833 | I108: =AVERAGE(I9:I104) -> 4.0104167 | ... Q108: =AVERAGE(Q9:Q104) -> 6.875625
A109: Stdev | B109: =STDEV(B9:B104) -> 5.9170115 | C109: =STDEV(C9:C104) -> 7.201148 | D109: =STDEV(D9:D104) -> 7.4778787 | E109: =STDEV(E9:E104) -> 1.0043067 | F109: =STDEV(F9:F104) -> 7.8372303 | G109: =STDEV(G9:G104) -> 7.3795299 | H109: =STDEV(H9:H104) -> 2.9477406 | I109: =STDEV(I9:I104) -> 0.79601761 | ... Q109: =STDEV(Q9:Q104) -> 0.49243928
A110: Num | B110: =COUNT(B9:B104) -> 96 | C110: =COUNT(C9:C104) -> 96 | D110: =COUNT(D9:D104) -> 96 | E110: =COUNT(E9:E104) -> 96 | F110: =COUNT(F9:F104) -> 96 | G110: =COUNT(G9:G104) -> 96 | H110: =COUNT(H9:H104) -> 96 | I110: =COUNT(I9:I104) -> 96 | ... Q110: =COUNT(Q9:Q104) -> 96
A111: DCR | B111: =IF(B110>=87,">90%",IF(B110<=87,"<90%")) -> >90% | C111: =IF(C110>=87,">90%",IF(C110<=87,"<90%")) -> >90% | D111: =IF(D110>=87,">90%",IF(D110<=87,"<90%")) -> >90% | E111: =IF(E110>=87,">90%",IF(E110<=87,"<90%")) -> >90% | F111: =IF(F110>=87,">90%",IF(F110<=87,"<90%")) -> >90% | G111: =IF(G110>=87,">90%",IF(G110<=87,"<90%")) -> >90% | H111: =IF(H110>=87,">90%",IF(H110<=87,"<90%")) -> >90% | I111: =IF(I110>=87,">90%",IF(I110<=87,"<90%")) -> >90% | ... Q111: =IF(Q110>=87,">90%",IF(Q110<=87,"<90%")) -> >90%
A112: Status | B112: =IF(B110>=87,"OK",IF(B110<=87,"LESS")) -> OK | C112: =IF(C110>=87,"OK",IF(C110<=87,"LESS")) -> OK | D112: =IF(D110>=87,"OK",IF(D110<=87,"LESS")) -> OK | E112: =IF(E110>=87,"OK",IF(E110<=87,"LESS")) -> OK | F112: =IF(F110>=87,"OK",IF(F110<=87,"LESS")) -> OK | G112: =IF(G110>=87,"OK",IF(G110<=87,"LESS")) -> OK | H112: =IF(H110>=87,"OK",IF(H110<=87,"LESS")) -> OK | I112: =IF(I110>=87,"OK",IF(I110<=87,"LESS")) -> OK | ... Q112: =IF(Q110>=87,"OK",IF(Q110<=87,"LESS")) -> OK
A115: Done by | B115: AKASH
A117: Comment

Sheet 27
A1: Station: | B1: IGKV RAIPUR
A2: Date: | B2: =$A$9 -> 27/04/2023 00:15 | C2: Power Off | G2: Pw.Off | J2: Link Fail | L2: Link F | N2: Maintenance | P2: Maint.
A3: Report Type: | B3: Mean | C3: Calibration | G3: Calib. | J3: Data Fail | L3: Data F | N3: Invalid | P3: Invalid
A4: Time Base: | B4: 15 Min | C4: Zero Referrence | G4: Z.Ref | J4: Warm Up | L4: Wm. Up
A7: Date & Time | B7: NO_IGKV | C7: NO2__IGKV | D7: NOX_IGKV | E7: SO2__IGKV | F7: O3__IGKV | G7: PM10_IGKV | H7: PM2.5_IGKV | I7: BENZ_IGKV | J7: WS_IGKV | K7: WD_IGKV | L7: TEMP_IGKV | M7: HUM_IGKV | N7: SR_IGKV | O7: RG_IGKV | P7: CO_IGKV | Q7: NH3_IGKV
B8: ug/m3 | C8: ug/m3 | D8: ug/m3 | E8: ug/m3 | F8: ug/m3 | G8: ug/m3 | H8: ug/m3 | I8: ug/m3 | J8: m/sec | K8: deg | L8: degreC | M8: % | N8: w/m2 | O8: mm | P8: mg/m3 | Q8: ug/m3
A9: 27/04/2023 00:15 | B9: 18.81 | C9: 63.72 | D9: 49.73 | E9: 8.48 | F9: 4.16 | G9: 34.14 | H9: 14.27 | I9: 5.42 | J9: 0.5 | K9: 230.07 | L9: 28.03 | M9: 56.02 | N9: 0 | O9: 0 | P9: 0.57 | Q9: 7.38
A10: 27/04/2023 00:30 | B10: 18.94 | C10: 63.45 | D10: 49.69 | E10: 8.34 | F10: 3.94 | G10: 34.14 | H10: 14.27 | I10: 5.28 | J10: 0.42 | K10: 232.18 | L10: 27.75 | M10: 57.47 | N10: 0 | O10: 0 | P10: 0.56 | Q10: 7.41
A11: 27/04/2023 00:45 | B11: 18.9 | C11: 63.65 | D11: 49.76 | E11: 8.45 | F11: 3.7 | G11: 34.14 | H11: 14.27 | I11: 5.16 | J11: 0.27 | K11: 222.1 | L11: 27.42 | M11: 58.65 | N11: 0 | O11: 0 | P11: 0.56 | Q11: 7.41
A12: 27/04/2023 01:00 | B12: 19.06 | C12: 64.17 | D12: 50.16 | E12: 8.42 | F12: 3.72 | G12: 30.44 | H12: 12.48 | I12: 5.09 | J12: 0.3 | K12: 237.51 | L12: 27.25 | M12: 58.1 | N12: 0 | O12: 0 | P12: 0.55 | Q12: 7.49
A13: 27/04/2023 01:15 | B13: 19.28 | C13: 63.72 | D13: 50.11 | E13: 8.43 | F13: 3.75 | G13: 30.27 | H13: 12.48 | I13: 5.02 | J13: 0.23 | K13: 205.39 | L13: 27.54 | M13: 56.46 | N13: 0 | O13: 0 | P13: 0.54 | Q13: 7.44
A14: 27/04/2023 01:30 | B14: 19.3 | C14: 63.59 | D14: 50.05 | E14: 8.22 | F14: 3.81 | G14: 30.27 | H14: 12.48 | I14: 4.97 | J14: 0.37 | K14: 157.54 | L14: 27.5 | M14: 56.77 | N14: 0 | O14: 0 | P14: 0.53 | Q14: 7.43
A15: 27/04/2023 01:45 | B15: 19.4 | C15: 63.52 | D15: 50.1 | E15: 7.87 | F15: 3.81 | G15: 30.27 | H15: 12.48 | I15: 4.89 | J15: 0.23 | K15: 99.39 | L15: 27.01 | M15: 59.78 | N15: 0 | O15: 0 | P15: 0.53 | Q15: 7.43
A16: 27/04/2023 02:00 | B16: 19.69 | C16: 62.9 | D16: 50 | E16: 8.19 | F16: 3.88 | G16: 25.05 | H16: 12.42 | I16: 4.83 | J16: 0.16 | K16: 192.44 | L16: 26.56 | M16: 62.18 | N16: 0 | O16: 0 | P16: 0.52 | Q16: 7.43
A17: 27/04/2023 02:15 | B17: 20.19 | C17: 61.49 | D17: 49.67 | E17: 6.01 | F17: 3.91 | G17: 24.81 | H17: 12.42 | I17: 4.79 | J17: 0.07 | K17: 213.16 | L17: 26.16 | M17: 63.27 | N17: 0 | O17: 0 | P17: 0.5 | Q17: 7.34
A18: 27/04/2023 02:30 | B18: 20.87 | C18: 53.32 | D18: 45.95 | E18: 6.17 | F18: 4.59 | G18: 24.81 | H18: 12.42 | I18: 4.72 | J18: 0.37 | K18: 247.14 | L18: 26.08 | M18: 62.61 | N18: 0 | O18: 0 | P18: 0.47 | Q18: 7.04
A19: 27/04/2023 02:45 | B19: 21.18 | C19: 58.17 | D19: 48.72 | E19: 6.56 | F19: 4.22 | G19: 24.81 | H19: 12.42 | I19: 4.62 | J19: 0.48 | K19: 246.42 | L19: 26.59 | M19: 58.77 | N19: 0 | O19: 0 | P19: 0.49 | Q19: 7.16
A20: 27/04/2023 03:00 | B20: 20.34 | C20: 52.44 | D20: 45.06 | E20: 7.06 | F20: 6.88 | G20: 21.79 | H20: 10.53 | I20: 4.58 | J20: 0.6 | K20: 248.62 | L20: 26.88 | M20: 57.02 | N20: 0 | O20: 0 | P20: 0.47 | Q20: 7.2
... A104: 27/04/2023 24:00 | B104: 39.3 | C104: 65.06 | D104: 66.86 | E104: 8.68 | F104: 4.43 | G104: 108.35 | H104: 27.19 | I104: 7.32 | J104: 0.54 | K104: 245.36 | L104: 26.75 | M104: 60.67 | N104: 0 | O104: 0 | P104: 0.93 | Q104: 8.84
A106: Min | B106: =MIN(B9:B104) -> 8.25 | C106: =MIN(C9:C104) -> 50.45 | D106: =MIN(D9:D104) -> 34.86 | E106: =MIN(E9:E104) -> 5.77 | F106: =MIN(F9:F104) -> 3.44 | G106: =MIN(G9:G104) -> 19.65 | H106: =MIN(H9:H104) -> 6.15 | I106: =MIN(I9:I104) -> 4.13 | ... Q106: =MIN(Q9:Q104) -> 6.28
A107: Max | B107: =MAX(B9:B104) -> 43.44 | C107: =MAX(C9:C104) -> 69.12 | D107: =MAX(D9:D104) -> 69.22 | E107: =MAX(E9:E104) -> 9.66 | F107: =MAX(F9:F104) -> 14.06 | G107: =MAX(G9:G104) -> 108.35 | H107: =MAX(H9:H104) -> 27.19 | I107: =MAX(I9:I104) -> 7.32 | ... Q107: =MAX(Q9:Q104) -> 8.84
A108: Avg | B108: =AVERAGE(B9:B104) -> 18.326875 | C108: =AVERAGE(C9:C104) -> 61.534375 | D108: =AVERAGE(D9:D104) -> 48.1975 | E108: =AVERAGE(E9:E104) -> 7.7219792 | F108: =AVERAGE(F9:F104) -> 5.8897917 | G108: =AVERAGE(G9:G104) -> 39.102396 | H108: =AVERAGE(H9:H104) -> 12.515937 | I108: =AVERAGE(I9:I104) -> 5.0114583 | ... Q108: =AVERAGE(Q9:Q104) -> 7.25625
A109: Stdev | B109: =STDEV(B9:B104) -> 8.0404484 | C109: =STDEV(C9:C104) -> 4.5632213 | D109: =STDEV(D9:D104) -> 7.6305319 | E109: =STDEV(E9:E104) -> 0.90474494 | F109: =STDEV(F9:F104) -> 2.8903444 | G109: =STDEV(G9:G104) -> 21.51902 | H109: =STDEV(H9:H104) -> 4.3337752 | I109: =STDEV(I9:I104) -> 0.74328995 | ... Q109: =STDEV(Q9:Q104) -> 0.52943117
A110: Num | B110: =COUNT(B9:B104) -> 96 | C110: =COUNT(C9:C104) -> 96 | D110: =COUNT(D9:D104) -> 96 | E110: =COUNT(E9:E104) -> 96 | F110: =COUNT(F9:F104) -> 96 | G110: =COUNT(G9:G104) -> 96 | H110: =COUNT(H9:H104) -> 96 | I110: =COUNT(I9:I104) -> 96 | ... Q110: =COUNT(Q9:Q104) -> 96
A111: DCR | B111: =IF(B110>=87,">90%",IF(B110<=87,"<90%")) -> >90% | C111: =IF(C110>=87,">90%",IF(C110<=87,"<90%")) -> >90% | D111: =IF(D110>=87,">90%",IF(D110<=87,"<90%")) -> >90% | E111: =IF(E110>=87,">90%",IF(E110<=87,"<90%")) -> >90% | F111: =IF(F110>=87,">90%",IF(F110<=87,"<90%")) -> >90% | G111: =IF(G110>=87,">90%",IF(G110<=87,"<90%")) -> >90% | H111: =IF(H110>=87,">90%",IF(H110<=87,"<90%")) -> >90% | I111: =IF(I110>=87,">90%",IF(I110<=87,"<90%")) -> >90% | ... Q111: =IF(Q110>=87,">90%",IF(Q110<=87,"<90%")) -> >90%
A112: Status | B112: =IF(B110>=87,"OK",IF(B110<=87,"LESS")) -> OK | C112: =IF(C110>=87,"OK",IF(C110<=87,"LESS")) -> OK | D112: =IF(D110>=87,"OK",IF(D110<=87,"LESS")) -> OK | E112: =IF(E110>=87,"OK",IF(E110<=87,"LESS")) -> OK | F112: =IF(F110>=87,"OK",IF(F110<=87,"LESS")) -> OK | G112: =IF(G110>=87,"OK",IF(G110<=87,"LESS")) -> OK | H112: =IF(H110>=87,"OK",IF(H110<=87,"LESS")) -> OK | I112: =IF(I110>=87,"OK",IF(I110<=87,"LESS")) -> OK | ... Q112: =IF(Q110>=87,"OK",IF(Q110<=87,"LESS")) -> OK
A115: Done by | B115: AKASH
A117: Comment

Sheet 28
A1: Station: | B1: IGKV RAIPUR
A2: Date: | B2: =$A$9 -> 28/04/2023 00:15 | C2: Power Off | G2: Pw.Off | J2: Link Fail | L2: Link F | N2: Maintenance | P2: Maint.
A3: Report Type: | B3: Mean | C3: Calibration | G3: Calib. | J3: Data Fail | L3: Data F | N3: Invalid | P3: Invalid
A4: Time Base: | B4: 15 Min | C4: Zero Referrence | G4: Z.Ref | J4: Warm Up | L4: Wm. Up
A7: Date & Time | B7: NO_IGKV | C7: NO2__IGKV | D7: NOX_IGKV | E7: SO2__IGKV | F7: O3__IGKV | G7: PM10_IGKV | H7: PM2.5_IGKV | I7: BENZ_IGKV | J7: WS_IGKV | K7: WD_IGKV | L7: TEMP_IGKV | M7: HUM_IGKV | N7: SR_IGKV | O7: RG_IGKV | P7: CO_IGKV | Q7: NH3_IGKV
B8: ug/m3 | C8: ug/m3 | D8: ug/m3 | E8: ug/m3 | F8: ug/m3 | G8: ug/m3 | H8: ug/m3 | I8: ug/m3 | J8: m/sec | K8: deg | L8: degreC | M8: % | N8: w/m2 | O8: mm | P8: mg/m3 | Q8: ug/m3
A9: 28/04/2023 00:15 | B9: 39.3 | C9: 65.06 | D9: 66.86 | E9: 8.68 | F9: 4.43 | G9: 108.35 | H9: 27.19 | I9: 7.32 | J9: 0.54 | K9: 245.36 | L9: 26.75 | M9: 60.67 | N9: 0 | O9: 0 | P9: 0.93 | Q9: 8.84
A10: 28/04/2023 00:30 | B10: 40.86 | C10: 62.36 | D10: 66.7 | E10: 8.36 | F10: 4.64 | G10: 108.52 | H10: 27.19 | I10: 7.34 | J10: 2.09 | K10: 246.79 | L10: 26.51 | M10: 59.38 | N10: 0 | O10: 0 | P10: 0.93 | Q10: 8.78
A11: 28/04/2023 00:45 | B11: 38 | C11: 62.64 | D11: 64.55 | E11: 8.72 | F11: 4.95 | G11: 108.52 | H11: 27.19 | I11: 7.37 | J11: 3.15 | K11: 264.28 | L11: 21.65 | M11: 82.78 | N11: 0.3 | O11: 0 | P11: 0.91 | Q11: 8.72
A12: 45044.042 | B12: 35.34 | C12: 63.33 | D12: 62.78 | E12: 8 | F12: 4.36 | G12: 108.52 | H12: 27.19 | I12: 7.4 | J12: 1.19 | K12: 241.96 | L12: 20.49 | M12: 91.34 | N12: 0 | O12: 0 | P12: 0.89 | Q12: 8.48
A13: 28/04/2023 01:15 | B13: 33.35 | C13: 66.25 | D13: 62.71 | E13: 7.86 | F13: 3.86 | G13: 90.39 | H13: 24.2 | I13: 7.29 | J13: -1.51 | K13: -0.62 | L13: 20.22 | M13: 94.47 | N13: 0 | O13: 0 | P13: 0.89 | Q13: 8.4
A14: 28/04/2023 01:30 | B14: Data F | C14: Data F | D14: Data F | E14: Data F | F14: Data F | G14: 89.55 | H14: 24.2 | I14: 0 | J14: 1.54 | K14: 242.7 | L14: 20.25 | M14: 94.65 | N14: 0 | O14: 0 | P14: 0.33 | Q14: Data F
A15: 28/04/2023 01:45 | B15: 28.39 | C15: 67.79 | D15: 59.54 | E15: 5.78 | F15: 1 | G15: 89.55 | H15: 24.2 | I15: 0 | J15: 0.72 | K15: 230.34 | L15: 20.23 | M15: 94.87 | N15: 0 | O15: 0 | P15: 0.81 | Q15: 5.15
A16: 28/04/2023 02:00 | B16: 28.57 | C16: 66.05 | D16: 58.77 | E16: 5.85 | F16: 1.01 | G16: 89.55 | H16: 24.2 | I16: 3.85 | J16: 0.21 | K16: 108.71 | L16: 20.38 | M16: 95.61 | N16: 0 | O16: 0 | P16: 0.84 | Q16: 4.83
A17: 28/04/2023 02:15 | B17: 28.3 | C17: 64.51 | D17: 57.75 | E17: 5.92 | F17: 2.64 | G17: 53.47 | H17: 18.51 | I17: 7 | J17: 0.55 | K17: 78.32 | L17: 20.48 | M17: 96.14 | N17: 0 | O17: 0 | P17: 0.84 | Q17: 4.71
A18: 28/04/2023 02:30 | B18: 27.7 | C18: 66.21 | D18: 58.16 | E18: 6.91 | F18: 3.48 | G18: 51.79 | H18: 18.51 | I18: 7.01 | J18: 0.36 | K18: 118.39 | L18: 20.58 | M18: 96.52 | N18: 0 | O18: 0 | P18: 0.84 | Q18: 4.76
A19: 28/04/2023 02:45 | B19: 27.06 | C19: 65.03 | D19: 57.03 | E19: 7.81 | F19: 3.86 | G19: 51.79 | H19: 18.51 | I19: 7.01 | J19: 0.22 | K19: 135.97 | L19: 20.76 | M19: 97.08 | N19: 0 | O19: 0 | P19: 0.82 | Q19: 4.69
A20: 28/04/2023 03:00 | B20: 26.65 | C20: 64.06 | D20: 56.19 | E20: 7.63 | F20: 3.88 | G20: 51.79 | H20: 18.51 | I20: 6.91 | J20: 0.36 | K20: 147.41 | L20: 20.91 | M20: 96.38 | N20: 0 | O20: 0 | P20: 0.8 | Q20: 4.64
A21: 28/04/2023 03:15 | B21: 26.02 | C21: 64.93 | D21: 56.14 | E21: 7.69 | F21: 3.73 | G21: 28.59 | H21: 14.33 | I21: 6.77 | J21: 0.52 | K21: 94.47 | L21: 21.06 | M21: 93.77 | N21: 0 | O21: 0 | P21: 0.77 | Q21: 4.67
A22: 28/04/2023 03:30 | B22: 25.02 | C22: 63.99 | D22: 54.85 | E22: 7.46 | F22: 3.42 | G22: 27.51 | H22: 14.33 | I22: 6.64 | J22: 0.52 | K22: 90.1 | L22: 21.25 | M22: 89.33 | N22: 0 | O22: 0 | P22: 0.75 | Q22: 4.64
A23: 28/04/2023 03:45 | B23: 24.25 | C23: 63.15 | D23: 53.79 | E23: 7.34 | F23: 3.96 | G23: 27.51 | H23: 14.33 | I23: 6.44 | J23: 0.32 | K23: 116.81 | L23: 21.42 | M23: 84.84 | N23: 0 | O23: 0 | P23: 0.72 | Q23: 4.67
A24: 28/04/2023 04:00 | B24: 23.47 | C24: 64.38 | D24: 53.81 | E24: 7.32 | F24: 3.56 | G24: 27.51 | H24: 14.33 | I24: 6.23 | J24: 0.3 | K24: 97.48 | L24: 21.63 | M24: 80.82 | N24: 0 | O24: 0 | P24: 0.7 | Q24: 4.63
A25: 28/04/2023 04:15 | B25: 22.97 | C25: 64.29 | D25: 53.36 | E25: 7.03 | F25: 3.57 | G25: 19.11 | H25: 10.4 | I25: 6 | J25: 0.32 | K25: 110.59 | L25: 21.87 | M25: 76.44 | N25: 0 | O25: 0 | P25: 0.68 | Q25: 4.67
A26: 28/04/2023 04:30 | B26: 22.55 | C26: 64.46 | D26: 53.11 | E26: 7.38 | F26: 3.59 | G26: 18.72 | H26: 10.4 | I26: 5.83 | J26: 0.26 | K26: -0.21 | L26: 21.93 | M26: 75.7 | N26: 0 | O26: 0 | P26: 0.66 | Q26: 4.67
A27: 28/04/2023 04:45 | B27: Pw.Off | C27: Pw.Off | D27: Pw.Off | E27: Pw.Off | F27: Pw.Off | G27: Pw.Off | H27: Pw.Off | I27: Pw.Off | J27: Pw.Off | K27: Pw.Off | L27: Pw.Off | M27: Pw.Off | N27: Pw.Off | O27: Pw.Off | P27: Pw.Off | Q27: Pw.Off
