Workbook

Sheet 01
A1: Station: | B1: BHATAGAON ,RAIPUR
A2: Date: | B2: =$A$9 -> 01-02-2023 01:00 | D2: Power Off | G2: Pw.Off | L2: Link Fail | N2: Link F | P2: Maintenance | R2: Maint.
A3: Report Type: | B3: Mean | D3: Calibration | G3: Calib. | L3: Data Fail | N3: Data F | P3: Invalid | R3: Invalid
A4: Time Base: | B4: 01 Hour | D4: Zero Referrence | G4: Z.Ref | L4: Warm Up | N4: Wm. Up
A7: Date & Time | B7: NO_BHATAGAON | C7: NO2_BHATAGAON | D7: NOX_BHATAGAON | E7: SO2_BHATAGAON | F7: O3_BHATAGAON | G7: PM10_BHATAGAON | H7: PM2_5_BHATAGAON | I7: BENZ_BHATAGAON | J7: WS_BHATAGAON | K7: WD_BHATAGAON | L7: TEMP_BHATAGAON | M7: HUM BHATAGAON | N7: SR_BHATAGAON | O7: RG_BHATAGAON | P7: CO_BHATAGAON | Q7: NH3_BHATAGAON
B8: ug/m3 | C8: ug/m3 | D8: ppb | E8: ug/m3 | F8: ug/m3 | G8: mg/m3 | H8: ug/m3 | I8: ug/m3 | J8: m/sec | K8: deg | L8: degreC | M8: % | N8: w/m2 | O8: mm | P8: ug/m3 | Q8: ug/m3
A9: 01-02-2023 01:00 | B9: 11.08 | C9: 85.63 | D9: 56.55 | E9: 8.31 | F9: 8.74 | G9: 79.02 | H9: 46.65 | I9: Maint. | J9: 1.75 | K9: 14.08 | L9: 21.97 | M9: 55 | N9: 4.6 | O9: 0 | P9: 1.3 | Q9: 30.33
A10: 01-02-2023 02:00 | B10: 2.94 | C10: 77.5 | D10: 45.54 | E10: 5.93 | F10: 6.93 | G10: 49.8 | H10: 34.88 | I10: Maint. | J10: 1.49 | K10: 11.53 | L10: 21.36 | M10: 58 | N10: 4.6 | O10: 0 | P10: 0.91 | Q10: 29.21
A11: 01-02-2023 03:00 | B11: 1.59 | C11: 70.25 | D11: 40.12 | E11: 5.52 | F11: 6.48 | G11: 49.8 | H11: 22.18 | I11: Maint. | J11: 1.28 | K11: 13.12 | L11: 20.51 | M11: 61 | N11: 4.6 | O11: 0 | P11: 0.71 | Q11: 27.93
A12: 01-02-2023 04:00 | B12: 2.08 | C12: 67.21 | D12: 38.99 | E12: 5.96 | F12: 5.67 | G12: 31.75 | H12: 20.32 | I12: Maint. | J12: 1.33 | K12: 12.24 | L12: 19.62 | M12: 62 | N12: 4.4 | O12: 0 | P12: 0.58 | Q12: 26.88
A13: 01-02-2023 05:00 | B13: 2.19 | C13: 66.41 | D13: 38.74 | E13: 6.45 | F13: 5.49 | G13: 31.75 | H13: 16.17 | I13: Maint. | J13: 1.14 | K13: 12.41 | L13: 19.3 | M13: 62 | N13: 4.4 | O13: 0 | P13: 0.51 | Q13: 28.57
A14: 01-02-2023 06:00 | B14: 3.21 | C14: 70.64 | D14: 41.98 | E14: 6.52 | F14: 5.82 | G14: 29.91 | H14: 16.17 | I14: Maint. | J14: 1.11 | K14: 45.93 | L14: 19.18 | M14: 57 | N14: 4.4 | O14: 0 | P14: 0.46 | Q14: 28.49
A15: 01-02-2023 07:00 | B15: 6.34 | C15: 73.69 | D15: 46.17 | E15: 8.09 | F15: 5.56 | G15: 42.92 | H15: 13.65 | I15: Maint. | J15: 1.35 | K15: 26.56 | L15: 18.92 | M15: 56 | N15: 17.8 | O15: 0 | P15: 0.44 | Q15: 27.48
A16: 01-02-2023 08:00 | B16: 8.86 | C16: 77.72 | D16: 50.41 | E16: 6.44 | F16: 4.79 | G16: 42.92 | H16: 18.23 | I16: Maint. | J16: 0.93 | K16: 41.37 | L16: 20.34 | M16: 55 | N16: 142.8 | O16: 0 | P16: 0.55 | Q16: 26.47
A17: 01-02-2023 09:00 | B17: 9.16 | C17: 82.32 | D17: 53.19 | E17: 5.79 | F17: 4.12 | G17: 48.27 | H17: 18.23 | I17: Maint. | J17: 0.8 | K17: 65.41 | L17: 23.28 | M17: 48 | N17: 361.9 | O17: 0 | P17: 0.59 | Q17: 28.85
A18: 01-02-2023 10:00 | B18: 9.92 | C18: 86.04 | D18: 55.19 | E18: 6.05 | F18: 5.2 | G18: 48.27 | H18: 16.57 | I18: Maint. | J18: 1.44 | K18: 19.41 | L18: 28.15 | M18: 39 | N18: 485.9 | O18: 0 | P18: 0.66 | Q18: 28.98
A19: 01-02-2023 11:00 | B19: 10.55 | C19: 87.08 | D19: 56.5 | E19: 7.27 | F19: 4.98 | G19: 41.19 | H19: 16.73 | I19: Maint. | J19: 1.14 | K19: 90.75 | L19: 28.46 | M19: 38 | N19: 568.8 | O19: 0 | P19: 0.68 | Q19: 28.1
A20: 01-02-2023 12:00 | B20: 11.32 | C20: 88.54 | D20: 57.77 | E20: 9.29 | F20: 5.77 | G20: 39.65 | H20: 17.75 | I20: Maint. | J20: 1.22 | K20: 98.2 | L20: 29.43 | M20: 32 | N20: 654.4 | O20: 0 | P20: 0.69 | Q20: 30.5
... A32: 01-02-2023 24:00 | B32: 133.98 | C32: 147.76 | D32: 189.4 | E32: 8.43 | F32: 3.58 | G32: 183.92 | H32: 68.24 | I32: Maint. | J32: 0.29 | K32: 102.35 | L32: 21.09 | M32: 47 | N32: 4.4 | O32: 0 | P32: 2.91 | Q32: 44.65
A34: Min | B34: =MIN(B9:B32) -> 1.59 | C34: =MIN(C9:C32) -> 66.41 | D34: =MIN(D9:D32) -> 38.74 | E34: =MIN(E9:E32) -> 5.36 | F34: =MIN(F9:F32) -> 3.58 | G34: =MIN(G9:G32) -> 29.91 | H34: =MIN(H9:H32) -> 13.65 | I34: =MIN(I9:I32) -> 0 | ... Q34: =MIN(Q9:Q32) -> 26.47
A35: Max | B35: =MAX(B9:B32) -> 151.1 | C35: =MAX(C9:C32) -> 154.41 | D35: =MAX(D9:D32) -> 206.08 | E35: =MAX(E9:E32) -> 13.05 | F35: =MAX(F9:F32) -> 14.5 | G35: =MAX(G9:G32) -> 192.56 | H35: =MAX(H9:H32) -> 68.24 | I35: =MAX(I9:I32) -> 0 | ... Q35: =MAX(Q9:Q32) -> 46.2
A36: Avg | B36: =AVERAGE(B9:B32) -> 33.240833 | C36: =AVERAGE(C9:C32) -> 95.963333 | D36: =AVERAGE(D9:D32) -> 79.75375 | E36: =AVERAGE(E9:E32) -> 7.5125 | F36: =AVERAGE(F9:F32) -> 6.3558333 | G36: =AVERAGE(G9:G32) -> 73.115417 | H36: =AVERAGE(H9:H32) -> 28.015417 | I36: =AVERAGE(I9:I32) -> #DIV/0! | ... Q36: =AVERAGE(Q9:Q32) -> 32.029167
A37: Stdev | B37: =STDEV(B9:B32) -> 50.964093 | C37: =STDEV(C9:C32) -> 28.292896 | D37: =STDEV(D9:D32) -> 56.07079 | E37: =STDEV(E9:E32) -> 1.8473677 | F37: =STDEV(F9:F32) -> 2.8762565 | G37: =STDEV(G9:G32) -> 51.868725 | H37: =STDEV(H9:H32) -> 17.270841 | I37: =STDEV(I9:I32) -> #DIV/0! | ... Q37: =STDEV(Q9:Q32) -> 6.007124
A38: Num | B38: =COUNT(B9:B32) -> 24 | C38: =COUNT(C9:C32) -> 24 | D38: =COUNT(D9:D32) -> 24 | E38: =COUNT(E9:E32) -> 24 | F38: =COUNT(F9:F32) -> 24 | G38: =COUNT(G9:G32) -> 24 | H38: 24 | I38: =COUNT(I9:I32)+24 -> 24 | J38: =COUNT(J9:J32) -> 24 | K38: =COUNT(K9:K32) -> 24 | L38: =COUNT(L9:L32) -> 24 | M38: =COUNT(M9:M32) -> 24 | N38: =COUNT(N9:N32) -> 24 | O38: =COUNT(O9:O32) -> 24 | P38: =COUNT(P9:P32) -> 24 | Q38: =COUNT(Q9:Q32) -> 24
A39: DCR | B39: =IF(B38>=22,">90%",IF(B38<=22,"<90%")) -> >90% | C39: =IF(C38>=22,">90%",IF(C38<=22,"<90%")) -> >90% | D39: =IF(D38>=22,">90%",IF(D38<=22,"<90%")) -> >90% | E39: =IF(E38>=22,">90%",IF(E38<=22,"<90%")) -> >90% | F39: =IF(F38>=22,">90%",IF(F38<=22,"<90%")) -> >90% | G39: =IF(G38>=22,">90%",IF(G38<=22,"<90%")) -> >90% | H39: =IF(H38>=22,">90%",IF(H38<=22,"<90%")) -> >90% | I39: =IF(I38>=22,">90%",IF(I38<=22,"<90%")) -> >90% | ... Q39: =IF(Q38>=22,">90%",IF(Q38<=22,"<90%")) -> >90%
A40: Status | B40: =IF(B38>=22,"OK",IF(B38<=22,"LESS")) -> OK | C40: =IF(C38>=22,"OK",IF(C38<=22,"LESS")) -> OK | D40: =IF(D38>=22,"OK",IF(D38<=22,"LESS")) -> OK | E40: =IF(E38>=22,"OK",IF(E38<=22,"LESS")) -> OK | F40: =IF(F38>=22,"OK",IF(F38<=22,"LESS")) -> OK | G40: =IF(G38>=22,"OK",IF(G38<=22,"LESS")) -> OK | H40: =IF(H38>=22,"OK",IF(H38<=22,"LESS")) -> OK | I40: =IF(I38>=22,"OK",IF(I38<=22,"LESS")) -> OK | ... Q40: =IF(Q38>=22,"OK",IF(Q38<=22,"LESS")) -> OK
A43: Done by | B43: RAHUL
A45: Comment

Sheet 02
A1: Station: | B1: BHATAGAON RAIPUR
A2: Date: | B2: =$A$9 -> 02-02-2023 01:00 | D2: Power Off | G2: Pw.Off | L2: Link Fail | N2: Link F | P2: Maintenance | R2: Maint.
A3: Report Type: | B3: Mean | D3: Calibration | G3: Calib. | L3: Data Fail | N3: Data F | P3: Invalid | R3: Invalid
A4: Time Base: | B4: 01 Hour | D4: Zero Referrence | G4: Z.Ref | L4: Warm Up | N4: Wm. Up
A7: Date & Time | B7: NO_BHATAGAON | C7: NO2_BHATAGAON | D7: NOX_BHATAGAON | E7: SO2_BHATAGAON | F7: O3_BHATAGAON | G7: PM10_BHATAGAON | H7: PM2_5_BHATAGAON | I7: BENZ_BHATAGAON | J7: WS_BHATAGAON | K7: WD_BHATAGAON | L7: TEMP_BHATAGAON | M7: HUM BHATAGAON | N7: SR_BHATAGAON | O7: RG_BHATAGAON | P7: CO_BHATAGAON | Q7: NH3_BHATAGAON
B8: ug/m3 | C8: ug/m3 | D8: ppb | E8: ug/m3 | F8: ug/m3 | G8: mg/m3 | H8: ug/m3 | I8: ug/m3 | J8: m/sec | K8: deg | L8: degreC | M8: % | N8: w/m2 | O8: mm | P8: ug/m3 | Q8: ug/m3
A9: 02-02-2023 01:00 | B9: 103.42 | C9: 133.39 | D9: 156.96 | E9: 7.86 | F9: 3.99 | G9: 142.37 | H9: 68.24 | I9: Maint. | J9: 0.48 | K9: 96.56 | L9: 20.47 | M9: 39 | N9: 4.1 | O9: 0 | P9: 2.62 | Q9: 41.45
A10: 02-02-2023 02:00 | B10: 84.23 | C10: 120.73 | D10: 134.58 | E10: 6.96 | F10: 4.32 | G10: 142.37 | H10: 58.37 | I10: Maint. | J10: 0.57 | K10: 69.39 | L10: 19.64 | M10: 35 | N10: 4.3 | O10: 0 | P10: 2.19 | Q10: 38.85
A11: 02-02-2023 03:00 | B11: 66.21 | C11: 107.9 | D11: 113.06 | E11: 8.08 | F11: 3.76 | G11: 87.04 | H11: 49.99 | I11: Maint. | J11: 1.17 | K11: 21.84 | L11: 18.73 | M11: 40 | N11: 4.2 | O11: 0 | P11: 1.88 | Q11: 38.09
A12: 02-02-2023 04:00 | B12: 43.67 | C12: 96.91 | D12: 88.92 | E12: 15.74 | F12: 3.8 | G12: 102.69 | H12: 41.31 | I12: Maint. | J12: 1.12 | K12: 28.2 | L12: 18.19 | M12: 42 | N12: 4.6 | O12: 0 | P12: 1.54 | Q12: 33.48
A13: 02-02-2023 05:00 | B13: 37.53 | C13: 93.82 | D13: 82.28 | E13: 9.82 | F13: 3.71 | G13: 135.74 | H13: 47.03 | I13: Maint. | J13: 0.38 | K13: 92.52 | L13: 16.87 | M13: 44 | N13: 4.5 | O13: 0 | P13: 1.34 | Q13: 29.7
A14: 02-02-2023 06:00 | B14: 37.41 | C14: 90.64 | D14: 79.87 | E14: 9.85 | F14: 3.63 | G14: 135.74 | H14: 53.78 | I14: Maint. | J14: 0.76 | K14: 351.72 | L14: 15.76 | M14: 54 | N14: 4.4 | O14: 0 | P14: 1.26 | Q14: 30.82
A15: 02-02-2023 07:00 | B15: 43.33 | C15: 91.95 | D15: 85.91 | E15: 9.74 | F15: 3.65 | G15: 141.75 | H15: 53.78 | I15: Maint. | J15: 0.5 | K15: 69.98 | L15: 14.88 | M15: 52 | N15: 19.1 | O15: 0 | P15: 1.28 | Q15: 31.04
A16: 02-02-2023 08:00 | B16: 45.33 | C16: 92.85 | D16: 88 | E16: 7.66 | F16: 3.67 | G16: 141.75 | H16: 52.68 | I16: Maint. | J16: 0.65 | K16: 91.56 | L16: 19.24 | M16: 51 | N16: 255.2 | O16: 0 | P16: 1.48 | Q16: 30.09
A17: 02-02-2023 09:00 | B17: 41.99 | C17: 92.07 | D17: 84.9 | E17: 9.06 | F17: 4.65 | G17: 128.3 | H17: 52.68 | I17: Maint. | J17: 0.99 | K17: 100.42 | L17: 22.62 | M17: 33 | N17: 447.4 | O17: 0 | P17: 1.43 | Q17: 28.6
A18: 02-02-2023 10:00 | B18: 31.17 | C18: 92.58 | D18: 74.93 | E18: 7.97 | F18: 4.07 | G18: 77.45 | H18: 46.78 | I18: Maint. | J18: 1.05 | K18: 38.03 | L18: 26.85 | M18: 27 | N18: 557.7 | O18: 0 | P18: 1.21 | Q18: 28.73
A19: 02-02-2023 11:00 | B19: 25.03 | C19: 96.17 | D19: 72.23 | E19: 9 | F19: 4.35 | G19: 47.3 | H19: 33.59 | I19: Maint. | J19: 1.32 | K19: 87.11 | L19: 28.37 | M19: 23 | N19: 629.4 | O19: 0 | P19: 1.06 | Q19: 28.1
A20: 02-02-2023 12:00 | B20: 21.35 | C20: 95.36 | D20: 70.16 | E20: 7.73 | F20: 5.45 | G20: 43.15 | H20: 29.4 | I20: Maint. | J20: 0.88 | K20: 101.36 | L20: 30.04 | M20: 22 | N20: 735 | O20: 0 | P20: 0.95 | Q20: 26.71
... A32: 02-02-2023 24:00 | B32: 256.28 | C32: 198.56 | D32: 315.13 | E32: 9.28 | F32: 3.66 | G32: 221.16 | H32: 78.34 | I32: Maint. | J32: 0.07 | K32: 335.78 | L32: 16.7 | M32: 68 | N32: 4.2 | O32: 0 | P32: 4.42 | Q32: 50.88
A34: Min | B34: =MIN(B9:B32) -> 7.42 | C34: =MIN(C9:C32) -> 89.8 | D34: =MIN(D9:D32) -> 55.92 | E34: =MIN(E9:E32) -> 6.59 | F34: =MIN(F9:F32) -> 3.63 | G34: =MIN(G9:G32) -> 37.47 | H34: =MIN(H9:H32) -> 18.92 | I34: =MIN(I9:I32) -> 0 | ... Q34: =MIN(Q9:Q32) -> 26.66
A35: Max | B35: =MAX(B9:B32) -> 256.28 | C35: =MAX(C9:C32) -> 198.56 | D35: =MAX(D9:D32) -> 315.13 | E35: =MAX(E9:E32) -> 15.74 | F35: =MAX(F9:F32) -> 9.06 | G35: =MAX(G9:G32) -> 221.16 | H35: =MAX(H9:H32) -> 78.34 | I35: =MAX(I9:I32) -> 0 | ... Q35: =MAX(Q9:Q32) -> 50.88
A36: Avg | B36: =AVERAGE(B9:B32) -> 63.366667 | C36: =AVERAGE(C9:C32) -> 113.1275 | D36: =AVERAGE(D9:D32) -> 113.34833 | E36: =AVERAGE(E9:E32) -> 8.7641667 | F36: =AVERAGE(F9:F32) -> 4.5125 | G36: =AVERAGE(G9:G32) -> 109.29583 | H36: =AVERAGE(H9:H32) -> 42.223333 | I36: =AVERAGE(I9:I32) -> #DIV/0! | ... Q36: =AVERAGE(Q9:Q32) -> 33.277083
A37: Stdev | B37: =STDEV(B9:B32) -> 69.000874 | C37: =STDEV(C9:C32) -> 32.713644 | D37: =STDEV(D9:D32) -> 73.143687 | E37: =STDEV(E9:E32) -> 1.867132 | F37: =STDEV(F9:F32) -> 1.4178467 | G37: =STDEV(G9:G32) -> 58.371079 | H37: =STDEV(H9:H32) -> 18.277816 | I37: =STDEV(I9:I32) -> #DIV/0! | ... Q37: =STDEV(Q9:Q32) -> 6.6351439
A38: Num | B38: =COUNT(B9:B32) -> 24 | C38: =COUNT(C9:C32) -> 24 | D38: =COUNT(D9:D32) -> 24 | E38: =COUNT(E9:E32) -> 24 | F38: 24 | G38: =COUNT(G9:G32) -> 24 | H38: =COUNT(H9:H32) -> 24 | I38: =COUNT(I9:I32)+24 -> 24 | J38: =COUNT(J9:J32) -> 24 | K38: =COUNT(K9:K32) -> 24 | L38: =COUNT(L9:L32) -> 24 | M38: =COUNT(M9:M32) -> 24 | N38: =COUNT(N9:N32) -> 24 | O38: =COUNT(O9:O32) -> 24 | P38: =COUNT(P9:P32) -> 24 | Q38: =COUNT(Q9:Q32) -> 24
A39: DCR | B39: =IF(B38>=22,">90%",IF(B38<=22,"<90%")) -> >90% | C39: =IF(C38>=22,">90%",IF(C38<=22,"<90%")) -> >90% | D39: =IF(D38>=22,">90%",IF(D38<=22,"<90%")) -> >90% | E39: =IF(E38>=22,">90%",IF(E38<=22,"<90%")) -> >90% | F39: =IF(F38>=22,">90%",IF(F38<=22,"<90%")) -> >90% | G39: =IF(G38>=22,">90%",IF(G38<=22,"<90%")) -> >90% | H39: =IF(H38>=22,">90%",IF(H38<=22,"<90%")) -> >90% | I39: =IF(I38>=22,">90%",IF(I38<=22,"<90%")) -> >90% | ... Q39: =IF(Q38>=22,">90%",IF(Q38<=22,"<90%")) -> >90%
A40: Status | B40: =IF(B38>=22,"OK",IF(B38<=22,"LESS")) -> OK | C40: =IF(C38>=22,"OK",IF(C38<=22,"LESS")) -> OK | D40: =IF(D38>=22,"OK",IF(D38<=22,"LESS")) -> OK | E40: =IF(E38>=22,"OK",IF(E38<=22,"LESS")) -> OK | F40: =IF(F38>=22,"OK",IF(F38<=22,"LESS")) -> OK | G40: =IF(G38>=22,"OK",IF(G38<=22,"LESS")) -> OK | H40: =IF(H38>=22,"OK",IF(H38<=22,"LESS")) -> OK | I40: =IF(I38>=22,"OK",IF(I38<=22,"LESS")) -> OK | ... Q40: =IF(Q38>=22,"OK",IF(Q38<=22,"LESS")) -> OK
A43: Done by | B43: RAHUL
A45: Comment

Sheet 03
A1: Station: | B1: BHATAGAON RAIPUR
A2: Date: | B2: =$A$9 -> 03-02-2023 01:00 | D2: Power Off | G2: Pw.Off | L2: Link Fail | N2: Link F | P2: Maintenance | R2: Maint.
A3: Report Type: | B3: Mean | D3: Calibration | G3: Calib. | L3: Data Fail | N3: Data F | P3: Invalid | R3: Invalid
A4: Time Base: | B4: 01 Hour | D4: Zero Referrence | G4: Z.Ref | L4: Warm Up | N4: Wm. Up
A7: Date & Time | B7: NO_BHATAGAON | C7: NO2_BHATAGAON | D7: NOX_BHATAGAON | E7: SO2_BHATAGAON | F7: O3_BHATAGAON | G7: PM10_BHATAGAON | H7: PM2_5_BHATAGAON | I7: BENZ_BHATAGAON | J7: WS_BHATAGAON | K7: WD_BHATAGAON | L7: TEMP_BHATAGAON | M7: HUM BHATAGAON | N7: SR_BHATAGAON | O7: RG_BHATAGAON | P7: CO_BHATAGAON | Q7: NH3_BHATAGAON
B8: ug/m3 | C8: ug/m3 | D8: ppb | E8: ug/m3 | F8: ug/m3 | G8: mg/m3 | H8: ug/m3 | I8: ug/m3 | J8: m/sec | K8: deg | L8: degreC | M8: % | N8: w/m2 | O8: mm | P8: ug/m3 | Q8: ug/m3
A9: 03-02-2023 01:00 | B9: 262.58 | C9: 198.8 | D9: 320.53 | E9: 9.68 | F9: 3.6 | G9: 220.5 | H9: 79.73 | I9: Maint. | J9: 0.08 | K9: 353.57 | L9: 16.44 | M9: 71 | N9: 4.4 | O9: 0 | P9: 4.85 | Q9: 50.82
A10: 03-02-2023 02:00 | B10: 249.09 | C10: 188.76 | D10: 304.34 | E10: 10.47 | F10: 3.54 | G10: 184.77 | H10: 93.02 | I10: Maint. | J10: 0.2 | K10: 260.14 | L10: 17.14 | M10: 53 | N10: 4.2 | O10: 0 | P10: 4.42 | Q10: 49.64
A11: 03-02-2023 03:00 | B11: 208.25 | C11: 167.01 | D11: 259.59 | E11: 9.75 | F11: 3.65 | G11: 217.01 | H11: 98.38 | I11: Maint. | J11: 0.46 | K11: 100.11 | L11: 16.35 | M11: 49 | N11: 4.2 | O11: 0 | P11: 4.01 | Q11: 44.81
A12: 03-02-2023 04:00 | B12: 163 | C12: 145.8 | D12: 211.59 | E12: 9 | F12: 3.8 | G12: 217.01 | H12: 98.38 | I12: Maint. | J12: 0.34 | K12: 87.43 | L12: 16.34 | M12: 49 | N12: 4.3 | O12: 0 | P12: 3.36 | Q12: 42.2
A13: 03-02-2023 05:00 | B13: 118.68 | C13: 128.63 | D13: 166.58 | E13: 8.5 | F13: 3.52 | G13: 186.16 | H13: 85.41 | I13: Maint. | J13: 0.17 | K13: 255.66 | L13: 16.09 | M13: 50 | N13: 4.2 | O13: 0 | P13: 2.69 | Q13: 37.88
A14: 03-02-2023 06:00 | B14: 86.18 | C14: 116.22 | D14: 133.66 | E14: 7.56 | F14: 3.59 | G14: 105.17 | H14: 67.04 | I14: Maint. | J14: 0.14 | K14: 309.18 | L14: 14.65 | M14: 67 | N14: 4.6 | O14: 0 | P14: 2.09 | Q14: 33.06
A15: 03-02-2023 07:00 | B15: 76.79 | C15: 109.2 | D15: 122.25 | E15: 7.62 | F15: 3.56 | G15: 88.16 | H15: 43.47 | I15: Maint. | J15: 0.17 | K15: 307.63 | L15: 14.6 | M15: 62 | N15: 19.4 | O15: 0 | P15: 1.75 | Q15: 32.53
A16: 03-02-2023 08:00 | B16: 72.59 | C16: 111.28 | D16: 119.5 | E16: 7.84 | F16: 3.54 | G16: 91.42 | H16: 44.8 | I16: Maint. | J16: 0.44 | K16: 68.83 | L16: 19.73 | M16: 57 | N16: 246.8 | O16: 0 | P16: 1.73 | Q16: 32.55
A17: 03-02-2023 09:00 | B17: 68.36 | C17: 112.4 | D17: 117.26 | E17: 7.48 | F17: 4.25 | G17: 103.96 | H17: 48.9 | I17: Maint. | J17: 0.94 | K17: 77.82 | L17: 23.75 | M17: 36 | N17: 437.2 | O17: 0 | P17: 1.7 | Q17: 31.65
A18: 03-02-2023 10:00 | B18: 47.08 | C18: 104 | D18: 95.56 | E18: 7.21 | F18: 5.81 | G18: 103.96 | H18: 48.9 | I18: Maint. | J18: 1.31 | K18: 50.4 | L18: 26.75 | M18: 29 | N18: 553.4 | O18: 0 | P18: 1.42 | Q18: 28.48
A19: 03-02-2023 11:00 | B19: 31.82 | C19: 102.56 | D19: 82.53 | E19: 6.47 | F19: 5.96 | G19: 80.09 | H19: 32.99 | I19: Maint. | J19: 1.24 | K19: 89.5 | L19: 28.96 | M19: 21 | N19: 632.1 | O19: 0 | P19: 1.23 | Q19: 27.5
A20: 03-02-2023 12:00 | B20: 4.13 | C20: 60.78 | D20: 37.27 | E20: 12.69 | F20: 50.65 | G20: 50.09 | H20: 31.05 | I20: 0.26 | J20: 1.26 | K20: 108.58 | L20: 28.89 | M20: 15 | N20: 733.7 | O20: 0 | P20: 0.5 | Q20: 11.17
A21: 03-02-2023 13:00 | B21: 3.62 | C21: 32.61 | D21: 19.66 | E21: 16.03 | F21: 48.06 | G21: 26.25 | H21: 19.06 | I21: 0.45 | J21: 1.4 | K21: 118.57 | L21: 30.54 | M21: 15 | N21: 736.3 | O21: 0 | P21: 0.27 | Q21: 6.29
A22: 03-02-2023 14:00 | B22: 5.89 | C22: 54.62 | D22: 33.15 | E22: 10.15 | F22: 7.74 | G22: 39.97 | H22: 17.97 | I22: 0.49 | J22: 1.26 | K22: 64.47 | L22: 33.74 | M22: 12 | N22: 610.5 | O22: 0 | P22: 0.4 | Q22: 13.19
A23: 03-02-2023 15:00 | B23: 5.41 | C23: 71.72 | D23: 42.25 | E23: 9.34 | F23: 7.14 | G23: 50.11 | H23: 18.27 | I23: 0.52 | J23: 1.3 | K23: 344.25 | L23: 33.64 | M23: 11 | N23: 493.9 | O23: 0 | P23: 0.54 | Q23: 17.74
A24: 03-02-2023 16:00 | B24: 7.28 | C24: 78.05 | D24: 46.92 | E24: 16.54 | F24: 11.06 | G24: 57.53 | H24: 18.27 | I24: 0.55 | J24: 1.25 | K24: 13.57 | L24: 32.44 | M24: 13 | N24: 171.1 | O24: 0 | P24: 0.62 | Q24: 18.55
A25: 03-02-2023 17:00 | B25: 15.65 | C25: 84.03 | D25: 57.73 | E25: 17.01 | F25: 10.3 | G25: 57.53 | H25: 18.39 | I25: 0.56 | J25: 1.42 | K25: 16.21 | L25: 29.92 | M25: 13 | N25: 122.9 | O25: 0 | P25: 0.75 | Q25: 19.74
A26: 03-02-2023 18:00 | B26: 17.63 | C26: 92.66 | D26: 64.08 | E26: 16.61 | F26: 8.34 | G26: 66.16 | H26: 18.39 | I26: 0.6 | J26: 0.71 | K26: 70.18 | L26: 27.14 | M26: 17 | N26: 27.1 | O26: 0 | P26: 0.94 | Q26: 24.61
A27: 03-02-2023 19:00 | B27: 43.75 | C27: 109.14 | D27: 94.13 | E27: 7.43 | F27: 3.66 | G27: 76.15 | H27: 19.27 | I27: 0.65 | J27: 0.28 | K27: 293.39 | L27: 24.51 | M27: 34 | N27: 4.9 | O27: 0 | P27: 1.43 | Q27: 26.4
A28: 03-02-2023 20:00 | B28: 90.37 | C28: 130.54 | D28: 143.32 | E28: 6.97 | F28: 3.71 | G28: 183.94 | H28: 36.59 | I28: 0.95 | J28: 0.07 | K28: 305.68 | L28: 20.4 | M28: 40 | N28: 4.3 | O28: 0 | P28: 1.93 | Q28: 29.09
A29: 03-02-2023 21:00 | B29: 138.51 | C29: 150.83 | D29: 193.13 | E29: 8.47 | F29: 3.62 | G29: 237.76 | H29: 52.4 | I29: 1.22 | J29: 0.14 | K29: 327.32 | L29: 18.92 | M29: 47 | N29: 4 | O29: 0 | P29: 2.53 | Q29: 37.15
A30: 03-02-2023 22:00 | B30: 252.7 | C30: 204.37 | D30: 314.24 | E30: 9.32 | F30: 3.64 | G30: 237.76 | H30: 68.77 | I30: 1.54 | J30: 0.14 | K30: 249.31 | L30: 18.03 | M30: 56 | N30: 4.3 | O30: 0 | P30: 3.63 | Q30: 47.68
A31: 03-02-2023 23:00 | B31: 343.77 | C31: 243.94 | D31: 408.86 | E31: 10.49 | F31: 3.79 | G31: 235.24 | H31: 87.34 | I31: 1.97 | J31: 0.08 | K31: 331.17 | L31: 17.4 | M31: 58 | N31: 4.1 | O31: 0 | P31: 4.56 | Q31: 54.72
A32: 03-02-2023 24:00 | B32: 352.68 | C32: 244.11 | D32: 415.9 | E32: 10.56 | F32: 3.6 | G32: Invalid | H32: 98.46 | I32: 2.19 | J32: 0.2 | K32: 301.36 | L32: 17.46 | M32: 63 | N32: 4.1 | O32: 0 | P32: 4.81 | Q32: 55.83
A34: Min | B34: =MIN(B9:B32) -> 3.62 | C34: =MIN(C9:C32) -> 32.61 | D34: =MIN(D9:D32) -> 19.66 | E34: =MIN(E9:E32) -> 6.47 | F34: =MIN(F9:F32) -> 3.52 | G34: =MIN(G9:G32) -> 26.25 | H34: =MIN(H9:H32) -> 17.97 | I34: =MIN(I9:I32) -> 0.26 | ... Q34: =MIN(Q9:Q32) -> 6.29
A35: Max | B35: =MAX(B9:B32) -> 352.68 | C35: =MAX(C9:C32) -> 244.11 | D35: =MAX(D9:D32) -> 415.9 | E35: =MAX(E9:E32) -> 17.01 | F35: =MAX(F9:F32) -> 50.65 | G35: =MAX(G9:G32) -> 237.76 | H35: =MAX(H9:H32) -> 98.46 | I35: =MAX(I9:I32) -> 2.19 | ... Q35: =MAX(Q9:Q32) -> 55.83
A36: Avg | B36: =AVERAGE(B9:B32) -> 111.07542 | C36: =AVERAGE(C9:C32) -> 126.7525 | D36: =AVERAGE(D9:D32) -> 158.50125 | E36: =AVERAGE(E9:E32) -> 10.132917 | F36: =AVERAGE(F9:F32) -> 8.7554167 | G36: =AVERAGE(G9:G32) -> 126.81304 | H36: =AVERAGE(H9:H32) -> 51.885417 | I36: =AVERAGE(I9:I32) -> 0.91923077 | ... Q36: =AVERAGE(Q9:Q32) -> 32.22
A37: Stdev | B37: =STDEV(B9:B32) -> 110.68801 | C37: =STDEV(C9:C32) -> 56.810471 | D37: =STDEV(D9:D32) -> 119.59979 | E37: =STDEV(E9:E32) -> 3.2630507 | F37: =STDEV(F9:F32) -> 12.711143 | G37: =STDEV(G9:G32) -> 74.857621 | H37: =STDEV(H9:H32) -> 30.083475 | I37: =STDEV(I9:I32) -> 0.62141588 | ... Q37: =STDEV(Q9:Q32) -> 13.887029
A38: Num | B38: =COUNT(B9:B32) -> 24 | C38: =COUNT(C9:C32) -> 24 | D38: =COUNT(D9:D32) -> 24 | E38: 24 | F38: 24 | G38: =COUNT(G9:G32) -> 23 | H38: =COUNT(H9:H32) -> 24 | I38: =COUNT(I9:I32)+11 -> 24 | J38: =COUNT(J9:J32) -> 24 | K38: =COUNT(K9:K32) -> 24 | L38: =COUNT(L9:L32) -> 24 | M38: =COUNT(M9:M32) -> 24 | N38: =COUNT(N9:N32) -> 24 | O38: =COUNT(O9:O32) -> 24 | P38: =COUNT(P9:P32) -> 24 | Q38: =COUNT(Q9:Q32) -> 24
A39: DCR | B39: =IF(B38>=22,">90%",IF(B38<=22,"<90%")) -> >90% | C39: =IF(C38>=22,">90%",IF(C38<=22,"<90%")) -> >90% | D39: =IF(D38>=22,">90%",IF(D38<=22,"<90%")) -> >90% | E39: =IF(E38>=22,">90%",IF(E38<=22,"<90%")) -> >90% | F39: =IF(F38>=22,">90%",IF(F38<=22,"<90%")) -> >90% | G39: =IF(G38>=22,">90%",IF(G38<=22,"<90%")) -> >90% | H39: =IF(H38>=22,">90%",IF(H38<=22,"<90%")) -> >90% | I39: =IF(I38>=22,">90%",IF(I38<=22,"<90%")) -> >90% | ... Q39: =IF(Q38>=22,">90%",IF(Q38<=22,"<90%")) -> >90%
A40: Status | B40: =IF(B38>=22,"OK",IF(B38<=22,"LESS")) -> OK | C40: =IF(C38>=22,"OK",IF(C38<=22,"LESS")) -> OK | D40: =IF(D38>=22,"OK",IF(D38<=22,"LESS")) -> OK | E40: =IF(E38>=22,"OK",IF(E38<=22,"LESS")) -> OK | F40: =IF(F38>=22,"OK",IF(F38<=22,"LESS")) -> OK | G40: =IF(G38>=22,"OK",IF(G38<=22,"LESS")) -> OK | H40: =IF(H38>=22,"OK",IF(H38<=22,"LESS")) -> OK | I40: =IF(I38>=22,"OK",IF(I38<=22,"LESS")) -> OK | ... Q40: =IF(Q38>=22,"OK",IF(Q38<=22,"LESS")) -> OK
A43: Done by | B43: RAHUL
A45: Comment

Sheet 04
A1: Station: | B1: BHATAGAON RAIPUR
A2: Date: | B2: =$A$9 -> 04-02-2023 01:00 | D2: Power Off | G2: Pw.Off | L2: Link Fail | N2: Link F | P2: Maintenance | R2: Maint.
A3: Report Type: | B3: Mean | D3: Calibration | G3: Calib. | L3: Data Fail | N3: Data F | P3: Invalid | R3: Invalid
A4: Time Base: | B4: 01 Hour | D4: Zero Referrence | G4: Z.Ref | L4: Warm Up | N4: Wm. Up
A7: Date & Time | B7: NO_BHATAGAON | C7: NO2_BHATAGAON | D7: NOX_BHATAGAON | E7: SO2_BHATAGAON | F7: O3_BHATAGAON | G7: PM10_BHATAGAON | H7: PM2_5_BHATAGAON | I7: BENZ_BHATAGAON | J7: WS_BHATAGAON | K7: WD_BHATAGAON | L7: TEMP_BHATAGAON | M7: HUM BHATAGAON | N7: SR_BHATAGAON | O7: RG_BHATAGAON | P7: CO_BHATAGAON | Q7: NH3_BHATAGAON
B8: ug/m3 | C8: ug/m3 | D8: ppb | E8: ug/m3 | F8: ug/m3 | G8: mg/m3 | H8: ug/m3 | I8: ug/m3 | J8: m/sec | K8: deg | L8: degreC | M8: % | N8: w/m2 | O8: mm | P8: ug/m3 | Q8: ug/m3
A9: 04-02-2023 01:00 | B9: 319.33 | C9: 222 | D9: 377.41 | E9: 9.51 | F9: 3.78 | G9: 237.38 | H9: 98.46 | I9: 2.23 | J9: 0.12 | K9: 343.77 | L9: 16.81 | M9: 66 | N9: 4.2 | O9: 0 | P9: 4.49 | Q9: 54.24
A10: 04-02-2023 02:00 | B10: 267.27 | C10: 192.78 | D10: 319.54 | E10: 8.77 | F10: 3.57 | G10: 237.38 | H10: 92.44 | I10: 1.99 | J10: 0.12 | K10: 307.82 | L10: 15.95 | M10: 64 | N10: 4.3 | O10: 0 | P10: 3.56 | Q10: 50.11
A11: 04-02-2023 03:00 | B11: 209.52 | C11: 166.19 | D11: 258.55 | E11: 8.45 | F11: 3.48 | G11: 236.7 | H11: 84.81 | I11: 1.71 | J11: 0.13 | K11: 348.86 | L11: 15.43 | M11: 63 | N11: 4.2 | O11: 0 | P11: 3.12 | Q11: 44.61
A12: 04-02-2023 04:00 | B12: 176.45 | C12: 149.59 | D12: 222.86 | E12: 8.03 | F12: 3.58 | G12: 161.84 | H12: 76.54 | I12: 1.54 | J12: 0.19 | K12: 334.13 | L12: 14.81 | M12: 66 | N12: 4.4 | O12: 0 | P12: 2.8 | Q12: 40.28
A13: 04-02-2023 05:00 | B13: 148.94 | C13: 134.74 | D13: 192.61 | E13: 8.78 | F13: 3.52 | G13: 216.97 | H13: 79.84 | I13: 1.43 | J13: 0.17 | K13: 346.26 | L13: 15.51 | M13: 57 | N13: 4 | O13: 0 | P13: 2.61 | Q13: 38.45
A14: 04-02-2023 06:00 | B14: 123.72 | C14: 124.61 | D14: 166.79 | E14: 8.96 | F14: 3.57 | G14: 216.97 | H14: 79.84 | I14: 1.24 | J14: 0.27 | K14: 298.74 | L14: 15.16 | M14: 75 | N14: 4.6 | O14: 0 | P14: 2.36 | Q14: 36.72
A15: 04-02-2023 07:00 | B15: 106.68 | C15: 112.22 | D15: 146.29 | E15: 7.04 | F15: 3.48 | G15: 194.16 | H15: 75.14 | I15: Maint. | J15: 0.26 | K15: 296.92 | L15: 13.59 | M15: 74 | N15: 19 | O15: 0 | P15: 2.12 | Q15: 33.3
A16: 04-02-2023 08:00 | B16: 109.42 | C16: 116.75 | D16: 150.99 | E16: 7.48 | F16: 3.63 | G16: 194.16 | H16: 70.86 | I16: Maint. | J16: 0.22 | K16: 349.45 | L16: 19.11 | M16: 71 | N16: 221.2 | O16: 0 | P16: 2.15 | Q16: 34.34
A17: 04-02-2023 09:00 | B17: 114.83 | C17: 134.43 | D17: 162.02 | E17: 8.02 | F17: 3.69 | G17: 199.2 | H17: 81.79 | I17: Maint. | J17: 0.91 | K17: 112.81 | L17: 24.56 | M17: 46 | N17: 417.8 | O17: 0 | P17: 2.23 | Q17: 35.4
A18: 04-02-2023 10:00 | B18: 101.06 | C18: 133.14 | D18: 153.33 | E18: 7.82 | F18: 3.83 | G18: 199.2 | H18: 81.79 | I18: Maint. | J18: 0.95 | K18: 112.38 | L18: 25.73 | M18: 30 | N18: 523 | O18: 0 | P18: 2.07 | Q18: 35.03
A19: 04-02-2023 11:00 | B19: 74.27 | C19: 122.51 | D19: 125.98 | E19: 7.07 | F19: 3.99 | G19: 75.78 | H19: 63.1 | I19: Maint. | J19: 1.3 | K19: 110.45 | L19: 26.82 | M19: 27 | N19: 575.9 | O19: 0 | P19: 1.78 | Q19: 33.31
A20: 04-02-2023 12:00 | B20: 55.05 | C20: 117.04 | D20: 106.51 | E20: 7.64 | F20: 3.9 | G20: 59.68 | H20: 47.8 | I20: Maint. | J20: 0.9 | K20: 355.91 | L20: 34.33 | M20: 21 | N20: 679.5 | O20: 0 | P20: 1.45 | Q20: 33.11
A21: 04-02-2023 13:00 | B21: 39.39 | C21: 117.49 | D21: 95.24 | E21: 7.06 | F21: 4.11 | G21: 59.68 | H21: 37.91 | I21: 0.07 | J21: 0.44 | K21: 346.86 | L21: 33.2 | M21: 16 | N21: 708.2 | O21: 0 | P21: 1.21 | Q21: 32.18
A22: 04-02-2023 14:00 | B22: 24.17 | C22: 114.26 | D22: 81.25 | E22: 8.47 | F22: 8.33 | G22: 52.78 | H22: 29.4 | I22: 0.74 | J22: 0.58 | K22: 341.99 | L22: 32.06 | M22: 16 | N22: 549.8 | O22: 0 | P22: 1.1 | Q22: 30.39
A23: 04-02-2023 15:00 | B23: 14.41 | C23: 104.66 | D23: 67.53 | E23: 10.07 | F23: 9.95 | G23: 62.1 | H23: 26.31 | I23: 0.69 | J23: 0.87 | K23: 357.23 | L23: 33.86 | M23: 17 | N23: 461 | O23: 0 | P23: 1.03 | Q23: 31.69
A24: 04-02-2023 16:00 | B24: 9.67 | C24: 100.99 | D24: 62.3 | E24: 5.9 | F24: 6.5 | G24: 62.1 | H24: 26.31 | I24: 0.69 | J24: 1 | K24: 358.78 | L24: 33.97 | M24: 12 | N24: 163.4 | O24: 0 | P24: 0.95 | Q24: 31.99
A25: 04-02-2023 17:00 | B25: 9.08 | C25: 95.85 | D25: 56.8 | E25: 7.85 | F25: 9.33 | G25: 33.41 | H25: 20.55 | I25: 0.63 | J25: 1.04 | K25: 349.23 | L25: 30.13 | M25: 15 | N25: 129.1 | O25: 0 | P25: 0.82 | Q25: 30.13
A26: 04-02-2023 18:00 | B26: 18.59 | C26: 99.89 | D26: 68.85 | E26: 7.92 | F26: 8.85 | G26: 35.01 | H26: 15.21 | I26: 0.61 | J26: 0.95 | K26: 357.27 | L26: 27.83 | M26: 21 | N26: 28.6 | O26: 0 | P26: 0.99 | Q26: 29.22
A27: 04-02-2023 19:00 | B27: 34.75 | C27: 111.13 | D27: 88 | E27: 7.02 | F27: 4.2 | G27: 78.7 | H27: 22.01 | I27: 0.68 | J27: 0.11 | K27: 357.05 | L27: 23.87 | M27: 33 | N27: 4.7 | O27: 0 | P27: 1.1 | Q27: 34
A28: 04-02-2023 20:00 | B28: 88.1 | C28: 139.78 | D28: 146.6 | E28: 6.99 | F28: 3.84 | G28: 156.16 | H28: 29.96 | I28: 0.89 | J28: 0.04 | K28: 355.74 | L28: 21.22 | M28: 41 | N28: 4.6 | O28: 0 | P28: 1.62 | Q28: 37.59
A29: 04-02-2023 21:00 | B29: 158.73 | C29: 170.76 | D29: 220.34 | E29: 8.37 | F29: 3.51 | G29: 212.61 | H29: 51.41 | I29: 1.25 | J29: 0.13 | K29: 338.71 | L29: 19.93 | M29: 50 | N29: 4.3 | O29: 0 | P29: 2.5 | Q29: 39.61
A30: 04-02-2023 22:00 | B30: 217.92 | C30: 193.54 | D30: 280.37 | E30: 9.43 | F30: 3.6 | G30: 212.61 | H30: 70.07 | I30: 1.57 | J30: 0.06 | K30: 278.4 | L30: 18.78 | M30: 51 | N30: 4.4 | O30: 0 | P30: 3.14 | Q30: 45.87
A31: 04-02-2023 23:00 | B31: 245.95 | C31: 203.5 | D31: 307.8 | E31: 9.96 | F31: 3.71 | G31: 213.1 | H31: 73.82 | I31: 1.78 | J31: 0.16 | K31: 325.43 | L31: 18.54 | M31: 52 | N31: 4.2 | O31: 0 | P31: 3.64 | Q31: 51.52
A32: 04-02-2023 24:00 | B32: 246.04 | C32: 201.93 | D32: 307.56 | E32: 10.22 | F32: 4.11 | G32: 213.1 | H32: 73.82 | I32: 1.89 | J32: 0.15 | K32: 352.18 | L32: 17.66 | M32: 59 | N32: 4.6 | O32: 0 | P32: 3.75 | Q32: 50.7
A34: Min | B34: =MIN(B9:B32) -> 9.08 | C34: =MIN(C9:C32) -> 95.85 | D34: =MIN(D9:D32) -> 56.8 | E34: =MIN(E9:E32) -> 5.9 | F34: =MIN(F9:F32) -> 3.48 | G34: =MIN(G9:G32) -> 33.41 | H34: =MIN(H9:H32) -> 15.21 | I34: =MIN(I9:I32) -> 0.07 | ... Q34: =MIN(Q9:Q32) -> 29.22
A35: Max | B35: =MAX(B9:B32) -> 319.33 | C35: =MAX(C9:C32) -> 222 | D35: =MAX(D9:D32) -> 377.41 | E35: =MAX(E9:E32) -> 10.22 | F35: =MAX(F9:F32) -> 9.95 | G35: =MAX(G9:G32) -> 237.38 | H35: =MAX(H9:H32) -> 98.46 | I35: =MAX(I9:I32) -> 2.23 | ... Q35: =MAX(Q9:Q32) -> 54.24
A36: Avg | B36: =AVERAGE(B9:B32) -> 121.38917 | C36: =AVERAGE(C9:C32) -> 140.82417 | D36: =AVERAGE(D9:D32) -> 173.56333 | E36: =AVERAGE(E9:E32) -> 8.20125 | F36: =AVERAGE(F9:F32) -> 4.7525 | G36: =AVERAGE(G9:G32) -> 150.86583 | H36: =AVERAGE(H9:H32) -> 58.71625 | I36: =AVERAGE(I9:I32) -> 1.2016667 | ... Q36: =AVERAGE(Q9:Q32) -> 38.074583
A37: Stdev | B37: =STDEV(B9:B32) -> 91.633599 | C37: =STDEV(C9:C32) -> 37.7469 | D37: =STDEV(D9:D32) -> 93.710102 | E37: =STDEV(E9:E32) -> 1.1153916 | F37: =STDEV(F9:F32) -> 2.0950713 | G37: =STDEV(G9:G32) -> 76.638745 | H37: =STDEV(H9:H32) -> 26.195897 | I37: =STDEV(I9:I32) -> 0.59976711 | ... Q37: =STDEV(Q9:Q32) -> 7.4876298
A38: Num | B38: =COUNT(B9:B32) -> 24 | C38: =COUNT(C9:C32) -> 24 | D38: =COUNT(D9:D32) -> 24 | E38: =COUNT(E9:E32) -> 24 | F38: =COUNT(F9:F32) -> 24 | G38: =COUNT(G9:G32) -> 24 | H38: =COUNT(H9:H32) -> 24 | I38: =COUNT(I9:I32)+6 -> 24 | J38: =COUNT(J9:J32) -> 24 | K38: =COUNT(K9:K32) -> 24 | L38: =COUNT(L9:L32) -> 24 | M38: =COUNT(M9:M32) -> 24 | N38: =COUNT(N9:N32) -> 24 | O38: =COUNT(O9:O32) -> 24 | P38: =COUNT(P9:P32) -> 24 | Q38: =COUNT(Q9:Q32) -> 24
A39: DCR | B39: =IF(B38>=22,">90%",IF(B38<=22,"<90%")) -> >90% | C39: =IF(C38>=22,">90%",IF(C38<=22,"<90%")) -> >90% | D39: =IF(D38>=22,">90%",IF(D38<=22,"<90%")) -> >90% | E39: =IF(E38>=22,">90%",IF(E38<=22,"<90%")) -> >90% | F39: =IF(F38>=22,">90%",IF(F38<=22,"<90%")) -> >90% | G39: =IF(G38>=22,">90%",IF(G38<=22,"<90%")) -> >90% | H39: =IF(H38>=22,">90%",IF(H38<=22,"<90%")) -> >90% | I39: =IF(I38>=22,">90%",IF(I38<=22,"<90%")) -> >90% | ... Q39: =IF(Q38>=22,">90%",IF(Q38<=22,"<90%")) -> >90%
A40: Status | B40: =IF(B38>=22,"OK",IF(B38<=22,"LESS")) -> OK | C40: =IF(C38>=22,"OK",IF(C38<=22,"LESS")) -> OK | D40: =IF(D38>=22,"OK",IF(D38<=22,"LESS")) -> OK | E40: =IF(E38>=22,"OK",IF(E38<=22,"LESS")) -> OK | F40: =IF(F38>=22,"OK",IF(F38<=22,"LESS")) -> OK | G40: =IF(G38>=22,"OK",IF(G38<=22,"LESS")) -> OK | H40: =IF(H38>=22,"OK",IF(H38<=22,"LESS")) -> OK | I40: =IF(I38>=22,"OK",IF(I38<=22,"LESS")) -> OK | ... Q40: =IF(Q38>=22,"OK",IF(Q38<=22,"LESS")) -> OK
A43: Done by | B43: RAHUL
A45: Comment

Sheet 05
A1: Station: | B1: BHATAGAON RAIPUR
A2: Date: | B2: =$A$9 -> 05-02-2023 01:00 | D2: Power Off | G2: Pw.Off | L2: Link Fail | N2: Link F | P2: Maintenance | R2: Maint.
A3: Report Type: | B3: Mean | D3: Calibration | G3: Calib. | L3: Data Fail | N3: Data F | P3: Invalid | R3: Invalid
A4: Time Base: | B4: 01 Hour | D4: Zero Referrence | G4: Z.Ref | L4: Warm Up | N4: Wm. Up
A7: Date & Time | B7: NO_BHATAGAON | C7: NO2_BHATAGAON | D7: NOX_BHATAGAON | E7: SO2_BHATAGAON | F7: O3_BHATAGAON | G7: PM10_BHATAGAON | H7: PM2_5_BHATAGAON | I7: BENZ_BHATAGAON | J7: WS_BHATAGAON | K7: WD_BHATAGAON | L7: TEMP_BHATAGAON | M7: HUM BHATAGAON | N7: SR_BHATAGAON | O7: RG_BHATAGAON | P7: CO_BHATAGAON | Q7: NH3_BHATAGAON
B8: ug/m3 | C8: ug/m3 | D8: ppb | E8: ug/m3 | F8: ug/m3 | G8: mg/m3 | H8: ug/m3 | I8: ug/m3 | J8: m/sec | K8: deg | L8: degreC | M8: % | N8: w/m2 | O8: mm | P8: ug/m3 | Q8: ug/m3
A9: 05-02-2023 01:00 | B9: 223.18 | C9: 186.06 | D9: 280.47 | E9: 8.42 | F9: 3.63 | G9: 164.07 | H9: 68.93 | I9: 1.86 | J9: 0.13 | K9: 350.93 | L9: 17.07 | M9: 57 | N9: 4.4 | O9: 0 | P9: 3.54 | Q9: 47.07
A10: 05-02-2023 02:00 | B10: 181.42 | C10: 162.57 | D10: 234.01 | E10: 8.14 | F10: 3.65 | G10: 115.21 | H10: 61.41 | I10: 1.69 | J10: 0.16 | K10: 342.49 | L10: 16.15 | M10: 58 | N10: 4.3 | O10: 0 | P10: 2.83 | Q10: 42.92
A11: 05-02-2023 03:00 | B11: 149.08 | C11: 144.76 | D11: 198.26 | E11: 7.71 | F11: 3.68 | G11: 113.47 | H11: 53.73 | I11: 1.49 | J11: 0.16 | K11: 349.17 | L11: 16.76 | M11: 56 | N11: 4 | O11: 0 | P11: 2.55 | Q11: 41.33
A12: 05-02-2023 04:00 | B12: 114.69 | C12: 130.37 | D12: 162.73 | E12: 7.31 | F12: 3.86 | G12: 113.47 | H12: 55.47 | I12: 1.29 | J12: 0.17 | K12: 327.24 | L12: 15.89 | M12: 63 | N12: 4.6 | O12: 0 | P12: 2.19 | Q12: 37.66
A13: 05-02-2023 05:00 | B13: 96.55 | C13: 121.64 | D13: 143.37 | E13: 6.58 | F13: 3.55 | G13: 111.93 | H13: 55.47 | I13: 1.13 | J13: 0.19 | K13: 346.12 | L13: 14.51 | M13: 65 | N13: 4.3 | O13: 0 | P13: 1.95 | Q13: 33.92
A14: 05-02-2023 06:00 | B14: 90.65 | C14: 114.1 | D14: 134.48 | E14: 6.75 | F14: 4.04 | G14: 116.85 | H14: 55.15 | I14: 1 | J14: 0.21 | K14: 276.97 | L14: 14.18 | M14: 70 | N14: 4 | O14: 0 | P14: 1.82 | Q14: 33.85
A15: 05-02-2023 07:00 | B15: 90.27 | C15: 111.63 | D15: 132.81 | E15: 6.46 | F15: 3.64 | G15: 116.85 | H15: 49.13 | I15: 0.93 | J15: 0.24 | K15: 325.07 | L15: 13.81 | M15: 78 | N15: 19.5 | O15: 0 | P15: 1.67 | Q15: 33.42
A16: 05-02-2023 08:00 | B16: 109.39 | C16: 120.51 | D16: 153.04 | E16: 6.62 | F16: 4.02 | G16: 139.01 | H16: 51.85 | I16: Maint. | J16: 0.49 | K16: 325.64 | L16: 17.59 | M16: 79 | N16: 223.8 | O16: 0 | P16: 1.77 | Q16: 33.6
A17: 05-02-2023 09:00 | B17: 100.57 | C17: 119.29 | D17: 144.61 | E17: 7.2 | F17: 3.54 | G17: 139.01 | H17: 57.34 | I17: Maint. | J17: 0.97 | K17: 172.41 | L17: 21.7 | M17: 55 | N17: 376.3 | O17: 0 | P17: 1.76 | Q17: 34.09
A18: 05-02-2023 10:00 | B18: 78.41 | C18: 126.1 | D18: 127.73 | E18: 6.92 | F18: 3.7 | G18: 126.59 | H18: 57.34 | I18: Maint. | J18: 0.6 | K18: 170.14 | L18: 28.56 | M18: 45 | N18: 502.2 | O18: 0 | P18: 1.69 | Q18: 34.08
A19: 05-02-2023 11:00 | B19: 51.72 | C19: 127.57 | D19: 110.69 | E19: 7.32 | F19: 3.86 | G19: 102.52 | H19: 55.33 | I19: Maint. | J19: 1.14 | K19: 124.41 | L19: 27.74 | M19: 26 | N19: 576.9 | O19: 0 | P19: 1.55 | Q19: 32.61
A20: 05-02-2023 12:00 | B20: 36.47 | C20: 119.55 | D20: 94.03 | E20: 6.39 | F20: 4.72 | G20: 83.5 | H20: 46.8 | I20: Maint. | J20: 1.02 | K20: 137.74 | L20: 29.4 | M20: 20 | N20: 671.8 | O20: 0 | P20: 1.37 | Q20: 31.58
A21: 05-02-2023 13:00 | B21: 26.87 | C21: 109.12 | D21: 80.58 | E21: 6.86 | F21: 4.65 | G21: 69.17 | H21: 44.85 | I21: Maint. | J21: 0.98 | K21: 150.22 | L21: 33.29 | M21: 16 | N21: 686.9 | O21: 0 | P21: 1.17 | Q21: 32.62
A22: 05-02-2023 14:00 | B22: 15.06 | C22: 106.72 | D22: 69.78 | E22: 6.8 | F22: 6.7 | G22: 41.52 | H22: 33.84 | I22: Maint. | J22: 0.71 | K22: 342.33 | L22: 33.98 | M22: 12 | N22: 601.4 | O22: 0 | P22: 1.05 | Q22: 32.19
A23: 05-02-2023 15:00 | B23: 8.5 | C23: 94.22 | D23: 56.16 | E23: 11.57 | F23: 15.39 | G23: 41.01 | H23: 27.19 | I23: Maint. | J23: 0.47 | K23: 338.74 | L23: 32.74 | M23: 13 | N23: 463.1 | O23: 0 | P23: 0.94 | Q23: 30.05
A24: 05-02-2023 16:00 | B24: 10.19 | C24: 95.43 | D24: 59.33 | E24: 17.78 | F24: 22.08 | G24: 44.33 | H24: 21.15 | I24: Maint. | J24: 0.85 | K24: 359.65 | L24: 32.79 | M24: 13 | N24: 161.5 | O24: 0 | P24: 0.9 | Q24: 31.46
A25: 05-02-2023 17:00 | B25: 8.46 | C25: 98.3 | D25: 59.51 | E25: 13.75 | F25: 10.94 | G25: 44.6 | H25: 21.15 | I25: Maint. | J25: 0.32 | K25: 331.36 | L25: 30.55 | M25: 16 | N25: 103.9 | O25: 0 | P25: 0.91 | Q25: 32.43
A26: 05-02-2023 18:00 | B26: 12.51 | C26: 110.89 | D26: 70.04 | E26: 19.61 | F26: 20.9 | G26: 44.6 | H26: 21.01 | I26: Maint. | J26: 0.17 | K26: 269.47 | L26: 28.44 | M26: 27 | N26: 30.5 | O26: 0 | P26: 0.93 | Q26: 31.58
A27: 05-02-2023 19:00 | B27: 32.91 | C27: 120.64 | D27: 91.78 | E27: 10.51 | F27: 4.19 | G27: 71.17 | H27: 29.9 | I27: Maint. | J27: 0.19 | K27: 189.64 | L27: 24.32 | M27: 39 | N27: 4.8 | O27: 0 | P27: 1.36 | Q27: 31.29
... A32: 05-02-2023 24:00 | B32: 192.51 | C32: 188.98 | D32: 257.48 | E32: 8.16 | F32: 4.36 | G32: 190.46 | H32: 68.12 | I32: Maint. | J32: 0.12 | K32: 348.06 | L32: 18.59 | M32: 60 | N32: 4.1 | O32: 0 | P32: 3.28 | Q32: 48.51
A34: Min | B34: =MIN(B9:B32) -> 8.46 | C34: =MIN(C9:C32) -> 94.22 | D34: =MIN(D9:D32) -> 56.16 | E34: =MIN(E9:E32) -> 6.39 | F34: =MIN(F9:F32) -> 3.43 | G34: =MIN(G9:G32) -> 41.01 | H34: =MIN(H9:H32) -> 21.01 | I34: =MIN(I9:I32) -> 0.93 | ... Q34: =MIN(Q9:Q32) -> 30.05
A35: Max | B35: =MAX(B9:B32) -> 223.18 | C35: =MAX(C9:C32) -> 188.98 | D35: =MAX(D9:D32) -> 280.47 | E35: =MAX(E9:E32) -> 19.61 | F35: =MAX(F9:F32) -> 22.08 | G35: =MAX(G9:G32) -> 212.69 | H35: =MAX(H9:H32) -> 68.93 | I35: =MAX(I9:I32) -> 1.86 | ... Q35: =MAX(Q9:Q32) -> 48.51
A36: Avg | B36: =AVERAGE(B9:B32) -> 87.799167 | C36: =AVERAGE(C9:C32) -> 131.27542 | D36: =AVERAGE(D9:D32) -> 141.4025 | E36: =AVERAGE(E9:E32) -> 8.7191667 | F36: =AVERAGE(F9:F32) -> 6.2391667 | G36: =AVERAGE(G9:G32) -> 117.54833 | H36: =AVERAGE(H9:H32) -> 48.73625 | I36: =AVERAGE(I9:I32) -> 1.3414286 | ... Q36: =AVERAGE(Q9:Q32) -> 36.331667
A37: Stdev | B37: =STDEV(B9:B32) -> 64.7789 | C37: =STDEV(C9:C32) -> 28.980763 | D37: =STDEV(D9:D32) -> 66.804223 | E37: =STDEV(E9:E32) -> 3.554709 | F37: =STDEV(F9:F32) -> 5.4376089 | G37: =STDEV(G9:G32) -> 57.052536 | H37: =STDEV(H9:H32) -> 15.320073 | I37: =STDEV(I9:I32) -> 0.35253504 | ... Q37: =STDEV(Q9:Q32) -> 5.5305725
A38: Num | B38: =COUNT(B9:B32) -> 24 | C38: =COUNT(C9:C32) -> 24 | D38: =COUNT(D9:D32) -> 24 | E38: =COUNT(E9:E32) -> 24 | F38: =COUNT(F9:F32) -> 24 | G38: =COUNT(G9:G32) -> 24 | H38: =COUNT(H9:H32) -> 24 | I38: =COUNT(I9:I32)+17 -> 24 | J38: =COUNT(J9:J32) -> 24 | K38: =COUNT(K9:K32) -> 24 | L38: =COUNT(L9:L32) -> 24 | M38: =COUNT(M9:M32) -> 24 | N38: =COUNT(N9:N32) -> 24 | O38: =COUNT(O9:O32) -> 24 | P38: =COUNT(P9:P32) -> 24 | Q38: =COUNT(Q9:Q32) -> 24
A39: DCR | B39: =IF(B38>=22,">90%",IF(B38<=22,"<90%")) -> >90% | C39: =IF(C38>=22,">90%",IF(C38<=22,"<90%")) -> >90% | D39: =IF(D38>=22,">90%",IF(D38<=22,"<90%")) -> >90% | E39: =IF(E38>=22,">90%",IF(E38<=22,"<90%")) -> >90% | F39: =IF(F38>=22,">90%",IF(F38<=22,"<90%")) -> >90% | G39: =IF(G38>=22,">90%",IF(G38<=22,"<90%")) -> >90% | H39: =IF(H38>=22,">90%",IF(H38<=22,"<90%")) -> >90% | I39: =IF(I38>=22,">90%",IF(I38<=22,"<90%")) -> >90% | ... Q39: =IF(Q38>=22,">90%",IF(Q38<=22,"<90%")) -> >90%
A40: Status | B40: =IF(B38>=22,"OK",IF(B38<=22,"LESS")) -> OK | C40: =IF(C38>=22,"OK",IF(C38<=22,"LESS")) -> OK | D40: =IF(D38>=22,"OK",IF(D38<=22,"LESS")) -> OK | E40: =IF(E38>=22,"OK",IF(E38<=22,"LESS")) -> OK | F40: =IF(F38>=22,"OK",IF(F38<=22,"LESS")) -> OK | G40: =IF(G38>=22,"OK",IF(G38<=22,"LESS")) -> OK | H40: =IF(H38>=22,"OK",IF(H38<=22,"LESS")) -> OK | I40: =IF(I38>=22,"OK",IF(I38<=22,"LESS")) -> OK | ... Q40: =IF(Q38>=22,"OK",IF(Q38<=22,"LESS")) -> OK
A43: Done by | B43: RAHUL
A45: Comment

Sheet 06
A1: Station: | B1: BHATAGAON RAIPUR
A2: Date: | B2: =$A$9 -> 06-02-2023 01:00 | D2: Power Off | G2: Pw.Off | L2: Link Fail | N2: Link F | P2: Maintenance | R2: Maint.
A3: Report Type: | B3: Mean | D3: Calibration | G3: Calib. | L3: Data Fail | N3: Data F | P3: Invalid | R3: Invalid
A4: Time Base: | B4: 01 Hour | D4: Zero Referrence | G4: Z.Ref | L4: Warm Up | N4: Wm. Up
A7: Date & Time | B7: NO_BHATAGAON | C7: NO2_BHATAGAON | D7: NOX_BHATAGAON | E7: SO2_BHATAGAON | F7: O3_BHATAGAON | G7: PM10_BHATAGAON | H7: PM2_5_BHATAGAON | I7: BENZ_BHATAGAON | J7: WS_BHATAGAON | K7: WD_BHATAGAON | L7: TEMP_BHATAGAON | M7: HUM BHATAGAON | N7: SR_BHATAGAON | O7: RG_BHATAGAON | P7: CO_BHATAGAON | Q7: NH3_BHATAGAON
B8: ug/m3 | C8: ug/m3 | D8: ppb | E8: ug/m3 | F8: ug/m3 | G8: mg/m3 | H8: ug/m3 | I8: ug/m3 | J8: m/sec | K8: deg | L8: degreC | M8: % | N8: w/m2 | O8: mm | P8: ug/m3 | Q8: ug/m3
A9: 06-02-2023 01:00 | B9: 171.66 | C9: 178.92 | D9: 235.21 | E9: 8.43 | F9: 3.59 | G9: 190.46 | H9: 68.12 | I9: Maint. | J9: 0.15 | K9: 335.58 | L9: 18.4 | M9: 57 | N9: 4.3 | O9: 0 | P9: 3.1 | Q9: 46.42
A10: 06-02-2023 02:00 | B10: 138.76 | C10: 161.73 | D10: 199.34 | E10: 8.12 | F10: 3.48 | G10: 109.73 | H10: 59.04 | I10: Maint. | J10: 0.15 | K10: 330.26 | L10: 17.2 | M10: 62 | N10: 4.6 | O10: 0 | P10: 2.64 | Q10: 41.63
A11: 06-02-2023 03:00 | B11: 124.56 | C11: 150.05 | D11: 181.51 | E11: 7.95 | F11: 3.54 | G11: 108.43 | H11: 54.9 | I11: Maint. | J11: 0.33 | K11: 323.91 | L11: 17.59 | M11: 66 | N11: 4.7 | O11: 0 | P11: 2.53 | Q11: 39.76
A12: 06-02-2023 04:00 | B12: 96.52 | C12: 130.16 | D12: 148.05 | E12: 7.71 | F12: 3.8 | G12: 101.49 | H12: 54.8 | I12: Maint. | J12: 0.11 | K12: 304.8 | L12: 15.82 | M12: 70 | N12: 4.4 | O12: 0 | P12: 2.16 | Q12: 37.97
A13: 06-02-2023 05:00 | B13: 71.78 | C13: 115.89 | D13: 120.33 | E13: 6.49 | F13: 3.44 | G13: 88.71 | H13: 46.51 | I13: Maint. | J13: 0.12 | K13: 338.63 | L13: 15.39 | M13: 70 | N13: 4.5 | O13: 0 | P13: 1.86 | Q13: 34.64
A14: 06-02-2023 06:00 | B14: 76.38 | C14: 116 | D14: 124.08 | E14: 6.49 | F14: 3.5 | G14: 107.33 | H14: 46.51 | I14: Maint. | J14: 0.15 | K14: 356.83 | L14: 15.41 | M14: 70 | N14: 4.4 | O14: 0 | P14: 1.84 | Q14: 32.88
A15: 06-02-2023 07:00 | B15: 118.78 | C15: 135.76 | D15: 168.98 | E15: 6.97 | F15: 3.51 | G15: 180.11 | H15: 54.36 | I15: Maint. | J15: 0.12 | K15: 297.39 | L15: 15.06 | M15: 76 | N15: 21.2 | O15: 0 | P15: 2 | Q15: 37.11
A16: 06-02-2023 08:00 | B16: 148.96 | C16: 154.01 | D16: 203.26 | E16: 7.81 | F16: 3.55 | G16: 209.21 | H16: 67.77 | I16: Maint. | J16: 0.63 | K16: 257.79 | L16: 19.08 | M16: 73 | N16: 185.2 | O16: 0 | P16: 2.1 | Q16: 40.03
A17: 06-02-2023 09:00 | B17: 130.42 | C17: 145.61 | D17: 183.76 | E17: 8.09 | F17: 3.87 | G17: 209.21 | H17: 67.77 | I17: Maint. | J17: 0.52 | K17: 203.35 | L17: 24.09 | M17: 43 | N17: 357 | O17: 0 | P17: 2.03 | Q17: 37.92
A18: 06-02-2023 10:00 | B18: 103.1 | C18: 144.65 | D18: 158.97 | E18: 7.96 | F18: 3.84 | G18: 137.11 | H18: 66.55 | I18: Maint. | J18: 0.45 | K18: 160.28 | L18: 29.95 | M18: 32 | N18: 420.6 | O18: 0 | P18: 2.02 | Q18: 37.61
A19: 06-02-2023 11:00 | B19: 75.56 | C19: 166.61 | D19: 144.05 | E19: 25.45 | F19: 53.24 | G19: 150.85 | H19: 70.75 | I19: 0.43 | J19: 0.58 | K19: 359.05 | L19: 32.14 | M19: 27 | N19: 475.4 | O19: 0 | P19: 2.81 | Q19: 37.63
A20: 06-02-2023 12:00 | B20: 2.86 | C20: 110.57 | D20: 62.13 | E20: 15.92 | F20: 45.73 | G20: 152.02 | H20: 72.47 | I20: 0.83 | J20: 0.43 | K20: 52.18 | L20: 32.73 | M20: 23 | N20: 528.6 | O20: 0 | P20: 2.41 | Q20: 13.34
A21: 06-02-2023 13:00 | B21: 4.18 | C21: 83.52 | D21: 48.25 | E21: 32.21 | F21: 48.42 | G21: 154.55 | H21: 72.47 | I21: 0.73 | J21: 0.39 | K21: 143.87 | L21: 32.72 | M21: 20 | N21: 449.4 | O21: 0 | P21: 2.22 | Q21: 15.5
A22: 06-02-2023 14:00 | B22: 3.71 | C22: 75.12 | D22: 43.12 | E22: 19.66 | F22: 18.16 | G22: 154.55 | H22: 72.15 | I22: 0.7 | J22: 0.74 | K22: 350.79 | L22: 33.65 | M22: 16 | N22: 420.2 | O22: 0 | P22: 2 | Q22: 20.74
A23: 06-02-2023 15:00 | B23: 4.09 | C23: 70.46 | D23: 40.37 | E23: 8.14 | F23: 11.34 | G23: 147.66 | H23: 69.28 | I23: 0.71 | J23: 0.93 | K23: 348.3 | L23: 34.58 | M23: 14 | N23: 399.8 | O23: 0 | P23: 1.6 | Q23: 19.99
A24: 06-02-2023 16:00 | B24: 8.61 | C24: 66.61 | D24: 41.59 | E24: 7.79 | F24: 14.71 | G24: 70.11 | H24: 55.09 | I24: Maint. | J24: 1.1 | K24: 353.59 | L24: 34.17 | M24: 15 | N24: 183.9 | O24: 0 | P24: 1.22 | Q24: 20.6
A25: 06-02-2023 17:00 | B25: 10.67 | C25: 68.28 | D25: 45.05 | E25: 11.84 | F25: 22.11 | G25: 56.09 | H25: 45.45 | I25: Maint. | J25: 0.51 | K25: 340.4 | L25: 31.35 | M25: 19 | N25: 87.3 | O25: 0 | P25: 1.12 | Q25: 24.09
A26: 06-02-2023 18:00 | B26: 12.55 | C26: 80.09 | D26: 52.56 | E26: 6.45 | F26: 6.98 | G26: 50.65 | H26: 33.58 | I26: Maint. | J26: 0.7 | K26: 286.59 | L26: 28.74 | M26: 28 | N26: 30.8 | O26: 0 | P26: 1.21 | Q26: 28.84
A27: 06-02-2023 19:00 | B27: 38.75 | C27: 91.53 | D27: 80.4 | E27: 6.24 | F27: 3.51 | G27: 118.88 | H27: 34.76 | I27: Maint. | J27: 0.22 | K27: 136.23 | L27: 24.77 | M27: 43 | N27: 5 | O27: 0 | P27: 1.47 | Q27: 30.22
A28: 06-02-2023 20:00 | B28: 62.08 | C28: 89.67 | D28: 97.28 | E28: 6.22 | F28: 3.87 | G28: 149.66 | H28: 45.15 | I28: Maint. | J28: 0.1 | K28: 351.16 | L28: 22.65 | M28: 48 | N28: 4.6 | O28: 0 | P28: 1.62 | Q28: 32.6
A29: 06-02-2023 21:00 | B29: 74.14 | C29: 86.5 | D29: 105.9 | E29: 6.18 | F29: 3.66 | G29: 167.23 | H29: 50.08 | I29: Maint. | J29: 0.22 | K29: 355.87 | L29: 22.29 | M29: 55 | N29: 4.6 | O29: 0 | P29: 2.03 | Q29: 37.56
A30: 06-02-2023 22:00 | B30: 145.19 | C30: 90.86 | D30: 165.38 | E30: 6.71 | F30: 3.49 | G30: 167.23 | H30: 67.13 | I30: Maint. | J30: 0.08 | K30: 316.85 | L30: 20.15 | M30: 55 | N30: 4.6 | O30: 0 | P30: 2.83 | Q30: 43.1
A31: 06-02-2023 23:00 | B31: 199.05 | C31: 93.4 | D31: 207.95 | E31: 7.63 | F31: 3.56 | G31: 230.38 | H31: 72.37 | I31: Maint. | J31: 0.1 | K31: 325.76 | L31: 19.64 | M31: 57 | N31: 4.5 | O31: 0 | P31: 3.07 | Q31: 44.86
A32: 06-02-2023 24:00 | B32: 217.75 | C32: 88.93 | D32: 220.93 | E32: 7.56 | F32: 3.5 | G32: 246.73 | H32: 80.09 | I32: Maint. | J32: 0.1 | K32: 352.07 | L32: 19.41 | M32: 58 | N32: 4.4 | O32: 0 | P32: 3.21 | Q32: 48.67
A34: Min | B34: =MIN(B9:B32) -> 2.86 | C34: =MIN(C9:C32) -> 66.61 | D34: =MIN(D9:D32) -> 40.37 | E34: =MIN(E9:E32) -> 6.18 | F34: =MIN(F9:F32) -> 3.44 | G34: =MIN(G9:G32) -> 50.65 | H34: =MIN(H9:H32) -> 33.58 | I34: =MIN(I9:I32) -> 0.43 | ... Q34: =MIN(Q9:Q32) -> 13.34
A35: Max | B35: =MAX(B9:B32) -> 217.75 | C35: =MAX(C9:C32) -> 178.92 | D35: =MAX(D9:D32) -> 235.21 | E35: =MAX(E9:E32) -> 32.21 | F35: =MAX(F9:F32) -> 53.24 | G35: =MAX(G9:G32) -> 246.73 | H35: =MAX(H9:H32) -> 80.09 | I35: =MAX(I9:I32) -> 0.83 | ... Q35: =MAX(Q9:Q32) -> 48.67
A36: Avg | B36: =AVERAGE(B9:B32) -> 85.004583 | C36: =AVERAGE(C9:C32) -> 112.28875 | D36: =AVERAGE(D9:D32) -> 128.26875 | E36: =AVERAGE(E9:E32) -> 10.1675 | F36: =AVERAGE(F9:F32) -> 11.6 | G36: =AVERAGE(G9:G32) -> 144.09917 | H36: =AVERAGE(H9:H32) -> 59.464583 | I36: =AVERAGE(I9:I32) -> 0.68 | ... Q36: =AVERAGE(Q9:Q32) -> 33.487917
A37: Stdev | B37: =STDEV(B9:B32) -> 65.983001 | C37: =STDEV(C9:C32) -> 34.920498 | D37: =STDEV(D9:D32) -> 65.053419 | E37: =STDEV(E9:E32) -> 6.6309316 | F37: =STDEV(F9:F32) -> 15.409793 | G37: =STDEV(G9:G32) -> 52.199225 | H37: =STDEV(H9:H32) -> 12.904372 | I37: =STDEV(I9:I32) -> 0.14899664 | ... Q37: =STDEV(Q9:Q32) -> 9.8573702
A38: Num | B38: =COUNT(B9:B32) -> 24 | C38: =COUNT(C9:C32) -> 24 | D38: =COUNT(D9:D32) -> 24 | E38: =COUNT(E9:E32) -> 24 | F38: =COUNT(F9:F32) -> 24 | G38: =COUNT(G9:G32) -> 24 | H38: =COUNT(H9:H32) -> 24 | I38: =COUNT(I9:I32)+19 -> 24 | J38: =COUNT(J9:J32) -> 24 | K38: =COUNT(K9:K32) -> 24 | L38: =COUNT(L9:L32) -> 24 | M38: =COUNT(M9:M32) -> 24 | N38: =COUNT(N9:N32) -> 24 | O38: =COUNT(O9:O32) -> 24 | P38: =COUNT(P9:P32) -> 24 | Q38: =COUNT(Q9:Q32) -> 24
A39: DCR | B39: =IF(B38>=22,">90%",IF(B38<=22,"<90%")) -> >90% | C39: =IF(C38>=22,">90%",IF(C38<=22,"<90%")) -> >90% | D39: =IF(D38>=22,">90%",IF(D38<=22,"<90%")) -> >90% | E39: =IF(E38>=22,">90%",IF(E38<=22,"<90%")) -> >90% | F39: =IF(F38>=22,">90%",IF(F38<=22,"<90%")) -> >90% | G39: =IF(G38>=22,">90%",IF(G38<=22,"<90%")) -> >90% | H39: =IF(H38>=22,">90%",IF(H38<=22,"<90%")) -> >90% | I39: =IF(I38>=22,">90%",IF(I38<=22,"<90%")) -> >90% | ... Q39: =IF(Q38>=22,">90%",IF(Q38<=22,"<90%")) -> >90%
A40: Status | B40: =IF(B38>=22,"OK",IF(B38<=22,"LESS")) -> OK | C40: =IF(C38>=22,"OK",IF(C38<=22,"LESS")) -> OK | D40: =IF(D38>=22,"OK",IF(D38<=22,"LESS")) -> OK | E40: =IF(E38>=22,"OK",IF(E38<=22,"LESS")) -> OK | F40: =IF(F38>=22,"OK",IF(F38<=22,"LESS")) -> OK | G40: =IF(G38>=22,"OK",IF(G38<=22,"LESS")) -> OK | H40: =IF(H38>=22,"OK",IF(H38<=22,"LESS")) -> OK | I40: =IF(I38>=22,"OK",IF(I38<=22,"LESS")) -> OK | ... Q40: =IF(Q38>=22,"OK",IF(Q38<=22,"LESS")) -> OK
A43: Done by | B43: RAHUL
A45: Comment

Sheet 07
A1: Station: | B1: BHATAGAON RAIPUR
A2: Date: | B2: =$A$9 -> 07-02-2023 01:00 | D2: Power Off | G2: Pw.Off | L2: Link Fail | N2: Link F | P2: Maintenance | R2: Maint.
A3: Report Type: | B3: Mean | D3: Calibration | G3: Calib. | L3: Data Fail | N3: Data F | P3: Invalid | R3: Invalid
A4: Time Base: | B4: 01 Hour | D4: Zero Referrence | G4: Z.Ref | L4: Warm Up | N4: Wm. Up
A7: Date & Time | B7: NO_BHATAGAON | C7: NO2_BHATAGAON | D7: NOX_BHATAGAON | E7: SO2_BHATAGAON | F7: O3_BHATAGAON | G7: PM10_BHATAGAON | H7: PM2_5_BHATAGAON | I7: BENZ_BHATAGAON | J7: WS_BHATAGAON | K7: WD_BHATAGAON | L7: TEMP_BHATAGAON | M7: HUM BHATAGAON | N7: SR_BHATAGAON | O7: RG_BHATAGAON | P7: CO_BHATAGAON | Q7: NH3_BHATAGAON
B8: ug/m3 | C8: ug/m3 | D8: ppb | E8: ug/m3 | F8: ug/m3 | G8: mg/m3 | H8: ug/m3 | I8: ug/m3 | J8: m/sec | K8: deg | L8: degreC | M8: % | N8: w/m2 | O8: mm | P8: ug/m3 | Q8: ug/m3
A9: 07-02-2023 01:00 | B9: 208.83 | C9: 83.63 | D9: 212.43 | E9: 7.49 | F9: 3.43 | G9: 246.73 | H9: 80.09 | I9: Maint. | J9: 0.13 | K9: 335.46 | L9: 19.08 | M9: 53 | N9: 4.5 | O9: 0 | P9: 3.11 | Q9: 49.17
A10: 07-02-2023 02:00 | B10: 153.88 | C10: 80.61 | D10: 166.7 | E10: 6.87 | F10: 3.47 | G10: 135.14 | H10: 71.55 | I10: Maint. | J10: 0.15 | K10: 357.59 | L10: 18.12 | M10: 61 | N10: 4.5 | O10: 0 | P10: 2.43 | Q10: 44.43
A11: 07-02-2023 03:00 | B11: 116.11 | C11: 79.81 | D11: 135.97 | E11: 6.51 | F11: 3.46 | G11: 121.97 | H11: 60.75 | I11: Maint. | J11: 0.14 | K11: 337.41 | L11: 17.97 | M11: 59 | N11: 4.4 | O11: 0 | P11: 2.22 | Q11: 39.62
A12: 07-02-2023 04:00 | B12: 98.38 | C12: 74.27 | D12: 118.69 | E12: 6.68 | F12: 3.49 | G12: 133.71 | H12: 59.02 | I12: Maint. | J12: 0.3 | K12: 274.12 | L12: 17.28 | M12: 66 | N12: 4.4 | O12: 0 | P12: 2.02 | Q12: 37.03
A13: 07-02-2023 05:00 | B13: 77.29 | C13: 68.88 | D13: 98.81 | E13: 6.24 | F13: 3.69 | G13: 133.71 | H13: 59.02 | I13: Maint. | J13: 0.18 | K13: 316.47 | L13: 17.06 | M13: 66 | N13: 4.5 | O13: 0 | P13: 1.76 | Q13: 36.69
A14: 07-02-2023 06:00 | B14: 59.79 | C14: 68.42 | D14: 84.44 | E14: 6.06 | F14: 3.36 | G14: 85.12 | H14: 50.45 | I14: Maint. | J14: 0.12 | K14: 343.38 | L14: 15.85 | M14: 72 | N14: 4.6 | O14: 0 | P14: 1.53 | Q14: 34.57
A15: 07-02-2023 07:00 | B15: 64.66 | C15: 68.18 | D15: 87.92 | E15: 5.96 | F15: 3.43 | G15: 89.99 | H15: 42.95 | I15: Maint. | J15: 0.15 | K15: 353.19 | L15: 16.27 | M15: 74 | N15: 20.7 | O15: 0 | P15: 1.42 | Q15: 31.93
A16: 07-02-2023 08:00 | B16: 70.39 | C16: 68.38 | D16: 92.82 | E16: 6.4 | F16: 3.49 | G16: 90.88 | H16: 42.62 | I16: Maint. | J16: 0.49 | K16: 326.83 | L16: 19.07 | M16: 74 | N16: 193 | O16: 0 | P16: 1.53 | Q16: 34.52
A17: 07-02-2023 09:00 | B17: 60.2 | C17: 70.74 | D17: 84.85 | E17: 5.74 | F17: 3.49 | G17: 97.06 | H17: 43.88 | I17: Maint. | J17: 0.45 | K17: 340.02 | L17: 23.24 | M17: 56 | N17: 346.8 | O17: 0 | P17: 1.45 | Q17: 33.88
A18: 07-02-2023 10:00 | B18: 41.01 | C18: 74.29 | D18: 71.19 | E18: 5.05 | F18: 3.58 | G18: 97.06 | H18: 43.88 | I18: Maint. | J18: 0.36 | K18: 348.98 | L18: 27.42 | M18: 42 | N18: 460.1 | O18: 0 | P18: 1.35 | Q18: 30.65
A19: 07-02-2023 11:00 | B19: 32.7 | C19: 76.83 | D19: 66.29 | E19: 6.54 | F19: 5.77 | G19: 83.22 | H19: 41.14 | I19: 0.79 | J19: 0.5 | K19: 359.08 | L19: 32.85 | M19: 31 | N19: 522.9 | O19: 0 | P19: 1.35 | Q19: 32.22
A20: 07-02-2023 12:00 | B20: 24.17 | C20: 88.73 | D20: 63.06 | E20: 5.95 | F20: 4.73 | G20: 83.22 | H20: 41.14 | I20: 0.74 | J20: 0.59 | K20: 71.53 | L20: 34.53 | M20: 24 | N20: 575 | O20: 0 | P20: 1.34 | Q20: 33.96
A21: 07-02-2023 13:00 | B21: 9.83 | C21: 89.83 | D21: 56.27 | E21: 7.81 | F21: 13.18 | G21: 72.61 | H21: 37.2 | I21: 0.71 | J21: 0.7 | K21: 357.23 | L21: 34.94 | M21: 20 | N21: 579.2 | O21: 0 | P21: 1.23 | Q21: 33.27
A22: 07-02-2023 14:00 | B22: 5.25 | C22: 85.64 | D22: 50.28 | E22: 6.79 | F22: 8.44 | G22: 72.61 | H22: 36.71 | I22: 0.66 | J22: 0.64 | K22: 355.79 | L22: 34.2 | M22: 17.42 | N22: 503.2 | O22: 0 | P22: 1.05 | Q22: 29.12
A23: 07-02-2023 15:00 | B23: 3.82 | C23: 73.07 | D23: 42.2 | E23: 6.4 | F23: 10 | G23: 55.16 | H23: 33.4 | I23: Maint. | J23: 0.52 | K23: 356.07 | L23: 34.35 | M23: 17.13 | N23: 435.6 | O23: 0 | P23: 0.93 | Q23: 29.4
A24: 07-02-2023 16:00 | B24: 4 | C24: 69.89 | D24: 40.53 | E24: 6.77 | F24: 9.68 | G24: 35.54 | H24: 29.47 | I24: Maint. | J24: 0.2 | K24: 355.21 | L24: 34.29 | M24: 19.44 | N24: 170.7 | O24: 0 | P24: 0.87 | Q24: 29.76
A25: 07-02-2023 17:00 | B25: 4.04 | C25: 65.31 | D25: 38.1 | E25: 9.57 | F25: 21.24 | G25: 66.9 | H25: 27.01 | I25: Maint. | J25: 0.2 | K25: 254.19 | L25: 30.62 | M25: 22.5 | N25: 89.6 | O25: 0 | P25: 0.82 | Q25: 28.42
A26: 07-02-2023 18:00 | B26: 8.41 | C26: 69.99 | D26: 44.07 | E26: 8.71 | F26: 11.78 | G26: 66.9 | H26: 26.59 | I26: Maint. | J26: 0.13 | K26: 32.54 | L26: 29.6 | M26: 26.9 | N26: 32.7 | O26: 0 | P26: 0.88 | Q26: 27.14
A27: 07-02-2023 19:00 | B27: 13.19 | C27: 78.07 | D27: 52.47 | E27: 6.82 | F27: 5.73 | G27: 67.52 | H27: 32.47 | I27: Maint. | J27: 0.14 | K27: 322.7 | L27: 27.6 | M27: 32.44 | N27: 4.6 | O27: 0 | P27: 1.07 | Q27: 31.97
A28: 07-02-2023 20:00 | B28: 29.7 | C28: 87.73 | D28: 71.05 | E28: 6.65 | F28: 4.55 | G28: 79.41 | H28: 34.66 | I28: Maint. | J28: 0.17 | K28: 344.59 | L28: 25.29 | M28: 38.27 | N28: 4.5 | O28: 0 | P28: 1.66 | Q28: 32.49
A29: 07-02-2023 21:00 | B29: 45.6 | C29: 88.43 | D29: 82.86 | E29: 8.98 | F29: 4.26 | G29: 79.41 | H29: 40.61 | I29: Maint. | J29: 0.13 | K29: 320.59 | L29: 23.95 | M29: 46.24 | N29: 4.4 | O29: 0 | P29: 1.83 | Q29: 31.71
A30: 07-02-2023 22:00 | B30: 50.84 | C30: 86.3 | D30: 86.23 | E30: 6.68 | F30: 3.57 | G30: Data F | H30: 43.1 | I30: Maint. | J30: 0.15 | K30: 333.33 | L30: 22.51 | M30: 53.85 | N30: 4.4 | O30: 0 | P30: 1.97 | Q30: 37.67
A31: 07-02-2023 23:00 | B31: 70.32 | C31: 86.46 | D31: 102.92 | E31: 6.02 | F31: 3.55 | G31: 129.1 | H31: 44.31 | I31: Maint. | J31: 0.08 | K31: 327.93 | L31: 21.76 | M31: 55.96 | N31: 4.4 | O31: 0 | P31: 2.2 | Q31: 39.07
A32: 07-02-2023 24:00 | B32: 73.83 | C32: 87.26 | D32: 106.17 | E32: 6.27 | F32: 3.54 | G32: 150.76 | H32: 47.74 | I32: Maint. | J32: 0.09 | K32: 349.6 | L32: 20.85 | M32: 57.59 | N32: 4.6 | O32: 0 | P32: 2.21 | Q32: 39.31
A34: Min | B34: =MIN(B9:B32) -> 3.82 | C34: =MIN(C9:C32) -> 65.31 | D34: =MIN(D9:D32) -> 38.1 | E34: =MIN(E9:E32) -> 5.05 | F34: =MIN(F9:F32) -> 3.36 | G34: =MIN(G9:G32) -> 35.54 | H34: =MIN(H9:H32) -> 26.59 | I34: =MIN(I9:I32) -> 0.66 | ... Q34: =MIN(Q9:Q32) -> 27.14
A35: Max | B35: =MAX(B9:B32) -> 208.83 | C35: =MAX(C9:C32) -> 89.83 | D35: =MAX(D9:D32) -> 212.43 | E35: =MAX(E9:E32) -> 9.57 | F35: =MAX(F9:F32) -> 21.24 | G35: =MAX(G9:G32) -> 246.73 | H35: =MAX(H9:H32) -> 80.09 | I35: =MAX(I9:I32) -> 0.79 | ... Q35: =MAX(Q9:Q32) -> 49.17
A36: Avg | B36: =AVERAGE(B9:B32) -> 55.26 | C36: =AVERAGE(C9:C32) -> 77.947917 | D36: =AVERAGE(D9:D32) -> 85.68 | E36: =AVERAGE(E9:E32) -> 6.79 | F36: =AVERAGE(F9:F32) -> 6.0379167 | G36: =AVERAGE(G9:G32) -> 98.857826 | H36: =AVERAGE(H9:H32) -> 44.573333 | I36: =AVERAGE(I9:I32) -> 0.725 | ... Q36: =AVERAGE(Q9:Q32) -> 34.5
A37: Stdev | B37: =STDEV(B9:B32) -> 50.717671 | C37: =STDEV(C9:C32) -> 8.1980846 | D37: =STDEV(D9:D32) -> 41.526004 | E37: =STDEV(E9:E32) -> 1.0521448 | F37: =STDEV(F9:F32) -> 4.3769773 | G37: =STDEV(G9:G32) -> 43.515266 | H37: =STDEV(H9:H32) -> 13.363737 | I37: =STDEV(I9:I32) -> 0.054467115 | ... Q37: =STDEV(Q9:Q32) -> 5.1957265
A38: Num | B38: =COUNT(B9:B32) -> 24 | C38: =COUNT(C9:C32) -> 24 | D38: =COUNT(D9:D32) -> 24 | E38: =COUNT(E9:E32) -> 24 | F38: =COUNT(F9:F32) -> 24 | G38: =COUNT(G9:G32)+1 -> 24 | H38: =COUNT(H9:H32) -> 24 | I38: =COUNT(I9:I32)+20 -> 24 | J38: =COUNT(J9:J32) -> 24 | K38: =COUNT(K9:K32) -> 24 | L38: =COUNT(L9:L32) -> 24 | M38: =COUNT(M9:M32) -> 24 | N38: =COUNT(N9:N32) -> 24 | O38: =COUNT(O9:O32) -> 24 | P38: =COUNT(P9:P32) -> 24 | Q38: =COUNT(Q9:Q32) -> 24
A39: DCR | B39: =IF(B38>=22,">90%",IF(B38<=22,"<90%")) -> >90% | C39: =IF(C38>=22,">90%",IF(C38<=22,"<90%")) -> >90% | D39: =IF(D38>=22,">90%",IF(D38<=22,"<90%")) -> >90% | E39: =IF(E38>=22,">90%",IF(E38<=22,"<90%")) -> >90% | F39: =IF(F38>=22,">90%",IF(F38<=22,"<90%")) -> >90% | G39: =IF(G38>=22,">90%",IF(G38<=22,"<90%")) -> >90% | H39: =IF(H38>=22,">90%",IF(H38<=22,"<90%")) -> >90% | I39: =IF(I38>=22,">90%",IF(I38<=22,"<90%")) -> >90% | ... Q39: =IF(Q38>=22,">90%",IF(Q38<=22,"<90%")) -> >90%
A40: Status | B40: =IF(B38>=22,"OK",IF(B38<=22,"LESS")) -> OK | C40: =IF(C38>=22,"OK",IF(C38<=22,"LESS")) -> OK | D40: =IF(D38>=22,"OK",IF(D38<=22,"LESS")) -> OK | E40: =IF(E38>=22,"OK",IF(E38<=22,"LESS")) -> OK | F40: =IF(F38>=22,"OK",IF(F38<=22,"LESS")) -> OK | G40: =IF(G38>=22,"OK",IF(G38<=22,"LESS")) -> OK | H40: =IF(H38>=22,"OK",IF(H38<=22,"LESS")) -> OK | I40: =IF(I38>=22,"OK",IF(I38<=22,"LESS")) -> OK | ... Q40: =IF(Q38>=22,"OK",IF(Q38<=22,"LESS")) -> OK
A43: Done by | B43: RAHUL
A45: Comment

Sheet 08
A1: Station: | B1: BHATAGAON RAIPUR
A2: Date: | B2: =$A$9 -> 08-02-2023 01:00 | D2: Power Off | G2: Pw.Off | L2: Link Fail | N2: Link F | P2: Maintenance | R2: Maint.
A3: Report Type: | B3: Mean | D3: Calibration | G3: Calib. | L3: Data Fail | N3: Data F | P3: Invalid | R3: Invalid
A4: Time Base: | B4: 01 Hour | D4: Zero Referrence | G4: Z.Ref | L4: Warm Up | N4: Wm. Up
A7: Date & Time | B7: NO_BHATAGAON | C7: NO2_BHATAGAON | D7: NOX_BHATAGAON | E7: SO2_BHATAGAON | F7: O3_BHATAGAON | G7: PM10_BHATAGAON | H7: PM2_5_BHATAGAON | I7: BENZ_BHATAGAON | J7: WS_BHATAGAON | K7: WD_BHATAGAON | L7: TEMP_BHATAGAON | M7: HUM BHATAGAON | N7: SR_BHATAGAON | O7: RG_BHATAGAON | P7: CO_BHATAGAON | Q7: NH3_BHATAGAON
B8: ug/m3 | C8: ug/m3 | D8: ppb | E8: ug/m3 | F8: ug/m3 | G8: mg/m3 | H8: ug/m3 | I8: ug/m3 | J8: m/sec | K8: deg | L8: degreC | M8: % | N8: w/m2 | O8: mm | P8: ug/m3 | Q8: ug/m3
A9: 08-02-2023 01:00 | B9: 69.95 | C9: 84.4 | D9: 101.49 | E9: 6.57 | F9: 4.09 | G9: 150.76 | H9: 47.74 | I9: Maint. | J9: 0.79 | K9: 358.57 | L9: 20.44 | M9: 60.47 | N9: 4.4 | O9: 0 | P9: 2.18 | Q9: 37.52
A10: 08-02-2023 02:00 | B10: 58.91 | C10: 79.94 | D10: 90.01 | E10: 6.8 | F10: 4.14 | G10: 114.19 | H10: 45.82 | I10: Maint. | J10: 0.15 | K10: 346.27 | L10: 20.28 | M10: 58 | N10: 4.9 | O10: 0 | P10: 1.98 | Q10: 38.05
A11: 08-02-2023 03:00 | B11: 41.52 | C11: 78 | D11: 75.16 | E11: 5.3 | F11: 3.74 | G11: 75.65 | H11: 43.41 | I11: Maint. | J11: 0.62 | K11: 357.18 | L11: 19.67 | M11: 56.07 | N11: 4.7 | O11: 0 | P11: 1.76 | Q11: 36.44
A12: 08-02-2023 04:00 | B12: 25.79 | C12: 73.34 | D12: 59.97 | E12: 5.2 | F12: 4.53 | G12: 61.73 | H12: 39.49 | I12: Maint. | J12: 0.17 | K12: 341.48 | L12: 19.44 | M12: 51.28 | N12: 4.7 | O12: 0 | P12: 1.47 | Q12: 32.41
A13: 08-02-2023 05:00 | B13: 20.38 | C13: 70.11 | D13: 53.85 | E13: 6.47 | F13: 3.72 | G13: 54.1 | H13: 34.09 | I13: Maint. | J13: 0.19 | K13: 245.35 | L13: 18.71 | M13: 62.11 | N13: 4.6 | O13: 0 | P13: 1.32 | Q13: Data F
A14: 08-02-2023 06:00 | B14: 22.38 | C14: 65.44 | D14: 52.62 | E14: 5.98 | F14: 3.51 | G14: 51.54 | H14: 29.25 | I14: Maint. | J14: 0.28 | K14: 352.42 | L14: 18.09 | M14: 59.35 | N14: 4.5 | O14: 0 | P14: 1.19 | Q14: Data F
A15: 08-02-2023 07:00 | B15: 27.1 | C15: 65.41 | D15: 56.48 | E15: 6.29 | F15: 3.56 | G15: 76.58 | H15: 29.25 | I15: Maint. | J15: 0.52 | K15: 284.56 | L15: 18.52 | M15: 54.67 | N15: 20.1 | O15: 0 | P15: 1.04 | Q15: Data F
A16: 08-02-2023 08:00 | B16: 31.14 | C16: 65.11 | D16: 59.1 | E16: 7.33 | F16: 3.45 | G16: 93.8 | H16: 35.92 | I16: Maint. | J16: 0.43 | K16: 123.02 | L16: 21.89 | M16: 51.64 | N16: 180 | O16: 0 | P16: 1.08 | Q16: Data F
A17: 08-02-2023 09:00 | B17: 35.38 | C17: 65.47 | D17: 62.97 | E17: 11.97 | F17: 3.66 | G17: 131.26 | H17: 48.87 | I17: Maint. | J17: 0.74 | K17: 38.96 | L17: 28.21 | M17: 38.48 | N17: 358.6 | O17: 0 | P17: 1.26 | Q17: Data F
A18: 08-02-2023 10:00 | B18: 34.16 | C18: 69.01 | D18: 62.88 | E18: 9.76 | F18: 3.78 | G18: 131.26 | H18: 48.87 | I18: Maint. | J18: 1.58 | K18: 114.62 | L18: 28.96 | M18: 33.95 | N18: 471.7 | O18: 0 | P18: 1.27 | Q18: Data F
A19: 08-02-2023 11:00 | B19: 24.3 | C19: 68.3 | D19: 55.99 | E19: 11.1 | F19: 9.9 | G19: 89.94 | H19: 46.37 | I19: 0.58 | J19: 1.3 | K19: 123.65 | L19: 31.08 | M19: 31.08 | N19: 535.5 | O19: 0 | P19: 1.09 | Q19: Data F
A20: 08-02-2023 12:00 | B20: 11.64 | C20: 57.96 | D20: 37.17 | E20: 25.45 | F20: 20.81 | G20: Calib. | H20: Calib. | I20: 0.58 | J20: 1 | K20: 16.32 | L20: 34.66 | M20: 22.76 | N20: 564.2 | O20: 0 | P20: 0.81 | Q20: Data F
A21: 08-02-2023 13:00 | B21: 6.5 | C21: 58.52 | D21: 36.16 | E21: 6.88 | F21: 12.12 | G21: Calib. | H21: Calib. | I21: 0.56 | J21: 1.16 | K21: 359.71 | L21: 34.97 | M21: 19.46 | N21: 609.5 | O21: 0 | P21: 0.74 | Q21: Data F
A22: 08-02-2023 14:00 | B22: 4.95 | C22: 53.63 | D22: 31.96 | E22: 4.29 | F22: 9.08 | G22: 76.15 | H22: 21.43 | I22: 0.52 | J22: 1.03 | K22: 354.85 | L22: 34.98 | M22: 20.01 | N22: 554 | O22: 0 | P22: 0.64 | Q22: Data F
A23: 08-02-2023 15:00 | B23: Pw.Off | C23: Pw.Off | D23: Pw.Off | E23: Pw.Off | F23: Pw.Off | G23: Pw.Off | H23: Pw.Off | I23: Pw.Off | J23: Pw.Off | K23: Pw.Off | L23: Pw.Off | M23: Pw.Off | N23: Pw.Off | O23: Pw.Off | P23: Pw.Off | Q23: Pw.Off
A24: 08-02-2023 16:00 | B24: Pw.Off | C24: Pw.Off | D24: Pw.Off | E24: Pw.Off | F24: Pw.Off | G24: Pw.Off | H24: Pw.Off | I24: Pw.Off | J24: Pw.Off | K24: Pw.Off | L24: Pw.Off | M24: Pw.Off | N24: Pw.Off | O24: Pw.Off | P24: Pw.Off | Q24: Pw.Off
A25: 08-02-2023 17:00 | B25: 5.99 | C25: 37.46 | D25: 24.29 | E25: Data F | F25: 8.61 | G25: 50.2 | H25: 18.33 | I25: 0.53 | J25: 0.66 | K25: 359.47 | L25: 30.75 | M25: 24.34 | N25: 131.4 | O25: 0 | P25: 0.34 | Q25: Data F
A26: 08-02-2023 18:00 | B26: 16.17 | C26: 55.31 | D26: 42.3 | E26: Data F | F26: 10.89 | G26: 47.23 | H26: 16.68 | I26: 0.54 | J26: 0.41 | K26: 354.33 | L26: 29.28 | M26: 29.13 | N26: 30.4 | O26: 0 | P26: 0.6 | Q26: Data F
A27: 08-02-2023 19:00 | B27: 35.55 | C27: 64.36 | D27: 62.4 | E27: Data F | F27: 5.64 | G27: 66.97 | H27: 22.51 | I27: 0.67 | J27: 0.29 | K27: 228.56 | L27: 26.95 | M27: 42.06 | N27: 4.6 | O27: 0 | P27: 0.9 | Q27: Data F
A28: 08-02-2023 20:00 | B28: 42.9 | C28: 61.58 | D28: 66.28 | E28: Data F | F28: 4.82 | G28: 179.61 | H28: 38.33 | I28: 0.79 | J28: 0.19 | K28: 356.09 | L28: 24.5 | M28: 51.55 | N28: 4.4 | O28: 0 | P28: 1.47 | Q28: Data F
A29: 08-02-2023 21:00 | B29: 40.62 | C29: 62.31 | D29: 65.68 | E29: Data F | F29: 4.71 | G29: 179.61 | H29: 38.38 | I29: 0.9 | J29: 0.4 | K29: 341.58 | L29: 24.75 | M29: 34.56 | N29: 4.1 | O29: 0 | P29: 1.51 | Q29: Data F
A30: 08-02-2023 22:00 | B30: 38.72 | C30: 61.65 | D30: 63.5 | E30: Data F | F30: 4.86 | G30: 80.78 | H30: 38.38 | I30: 0.84 | J30: 0.23 | K30: 336.01 | L30: 22.87 | M30: 38.53 | N30: 4.6 | O30: 0 | P30: 1.44 | Q30: Data F
A31: 08-02-2023 23:00 | B31: 40.58 | C31: 60.56 | D31: 64.68 | E31: Data F | F31: 4.86 | G31: 85.82 | H31: 29.1 | I31: 0.84 | J31: 1.3 | K31: 357.5 | L31: 21.34 | M31: 40.23 | N31: 4.2 | O31: 0 | P31: 1.47 | Q31: Data F
A32: 08-02-2023 24:00 | B32: 35.78 | C32: 57.65 | D32: 59.32 | E32: Data F | F32: 4.81 | G32: 85.82 | H32: 29.1 | I32: 0.86 | J32: 1.24 | K32: 357.98 | L32: 21.67 | M32: 36.64 | N32: 4.2 | O32: 0 | P32: 1.31 | Q32: Data F
A34: Min | B34: =MIN(B9:B32) -> 4.95 | C34: =MIN(C9:C32) -> 37.46 | D34: =MIN(D9:D32) -> 24.29 | E34: =MIN(E9:E32) -> 4.29 | F34: =MIN(F9:F32) -> 3.45 | G34: =MIN(G9:G32) -> 47.23 | H34: =MIN(H9:H32) -> 16.68 | I34: =MIN(I9:I32) -> 0.52 | ... Q34: =MIN(Q9:Q32) -> 32.41
A35: Max | B35: =MAX(B9:B32) -> 69.95 | C35: =MAX(C9:C32) -> 84.4 | D35: =MAX(D9:D32) -> 101.49 | E35: =MAX(E9:E32) -> 25.45 | F35: =MAX(F9:F32) -> 20.81 | G35: =MAX(G9:G32) -> 179.61 | H35: =MAX(H9:H32) -> 48.87 | I35: =MAX(I9:I32) -> 0.9 | ... Q35: =MAX(Q9:Q32) -> 38.05
A36: Avg | B36: =AVERAGE(B9:B32) -> 30.473182 | C36: =AVERAGE(C9:C32) -> 64.341818 | D36: =AVERAGE(D9:D32) -> 58.375455 | E36: =AVERAGE(E9:E32) -> 8.5278571 | F36: =AVERAGE(F9:F32) -> 6.3313636 | G36: =AVERAGE(G9:G32) -> 94.15 | H36: =AVERAGE(H9:H32) -> 35.066 | I36: =AVERAGE(I9:I32) -> 0.68416667 | ... Q36: =AVERAGE(Q9:Q32) -> 36.105
A37: Stdev | B37: =STDEV(B9:B32) -> 16.377 | C37: =STDEV(C9:C32) -> 9.903686 | D37: =STDEV(D9:D32) -> 17.60524 | E37: =STDEV(E9:E32) -> 5.3529132 | F37: =STDEV(F9:F32) -> 4.1726528 | G37: =STDEV(G9:G32) -> 40.79491 | H37: =STDEV(H9:H32) -> 10.283419 | I37: =STDEV(I9:I32) -> 0.14957262 | ... Q37: =STDEV(Q9:Q32) -> 2.5528089
A38: Num | B38: =COUNT(B9:B32)+2 -> 24 | C38: =COUNT(C9:C32)+2 -> 24 | D38: =COUNT(D9:D32)+2 -> 24 | E38: =COUNT(E9:E32)+10 -> 24 | F38: =COUNT(F9:F32)+2 -> 24 | G38: =COUNT(G9:G32)+4 -> 24 | H38: =COUNT(H9:H32)+4 -> 24 | I38: =COUNT(I9:I32)+12 -> 24 | J38: =COUNT(J9:J32)+2 -> 24 | K38: =COUNT(K9:K32)+2 -> 24 | L38: =COUNT(L9:L32)+2 -> 24 | M38: =COUNT(M9:M32)+2 -> 24 | N38: =COUNT(N9:N32)+2 -> 24 | O38: =COUNT(O9:O32)+2 -> 24 | P38: =COUNT(P9:P32)+2 -> 24 | Q38: =COUNT(Q9:Q32)+20 -> 24
A39: DCR | B39: =IF(B38>=22,">90%",IF(B38<=22,"<90%")) -> >90% | C39: =IF(C38>=22,">90%",IF(C38<=22,"<90%")) -> >90% | D39: =IF(D38>=22,">90%",IF(D38<=22,"<90%")) -> >90% | E39: =IF(E38>=22,">90%",IF(E38<=22,"<90%")) -> >90% | F39: =IF(F38>=22,">90%",IF(F38<=22,"<90%")) -> >90% | G39: =IF(G38>=22,">90%",IF(G38<=22,"<90%")) -> >90% | H39: =IF(H38>=22,">90%",IF(H38<=22,"<90%")) -> >90% | I39: =IF(I38>=22,">90%",IF(I38<=22,"<90%")) -> >90% | ... Q39: =IF(Q38>=22,">90%",IF(Q38<=22,"<90%")) -> >90%
A40: Status | B40: =IF(B38>=22,"OK",IF(B38<=22,"LESS")) -> OK | C40: =IF(C38>=22,"OK",IF(C38<=22,"LESS")) -> OK | D40: =IF(D38>=22,"OK",IF(D38<=22,"LESS")) -> OK | E40: =IF(E38>=22,"OK",IF(E38<=22,"LESS")) -> OK | F40: =IF(F38>=22,"OK",IF(F38<=22,"LESS")) -> OK | G40: =IF(G38>=22,"OK",IF(G38<=22,"LESS")) -> OK | H40: =IF(H38>=22,"OK",IF(H38<=22,"LESS")) -> OK | I40: =IF(I38>=22,"OK",IF(I38<=22,"LESS")) -> OK | ... Q40: =IF(Q38>=22,"OK",IF(Q38<=22,"LESS")) -> OK
A43: Done by | B43: RAHUL
A45: Comment

Sheet 09
A1: Station: | B1: BHATAGAON RAIPUR
A2: Date: | B2: =$A$9 -> 09-02-2023 01:00 | D2: Power Off | G2: Pw.Off | L2: Link Fail | N2: Link F | P2: Maintenance | R2: Maint.
A3: Report Type: | B3: Mean | D3: Calibration | G3: Calib. | L3: Data Fail | N3: Data F | P3: Invalid | R3: Invalid
A4: Time Base: | B4: 01 Hour | D4: Zero Referrence | G4: Z.Ref | L4: Warm Up | N4: Wm. Up
A7: Date & Time | B7: NO_BHATAGAON | C7: NO2_BHATAGAON | D7: NOX_BHATAGAON | E7: SO2_BHATAGAON | F7: O3_BHATAGAON | G7: PM10_BHATAGAON | H7: PM2_5_BHATAGAON | I7: BENZ_BHATAGAON | J7: WS_BHATAGAON | K7: WD_BHATAGAON | L7: TEMP_BHATAGAON | M7: HUM BHATAGAON | N7: SR_BHATAGAON | O7: RG_BHATAGAON | P7: CO_BHATAGAON | Q7: NH3_BHATAGAON
B8: ug/m3 | C8: ug/m3 | D8: ppb | E8: ug/m3 | F8: ug/m3 | G8: mg/m3 | H8: ug/m3 | I8: ug/m3 | J8: m/sec | K8: deg | L8: degreC | M8: % | N8: w/m2 | O8: mm | P8: ug/m3 | Q8: ug/m3
A9: 09-02-2023 01:00 | B9: 24.35 | C9: 56.43 | D9: 49.48 | E9: Data F | F9: 4.73 | G9: 63.92 | H9: 27.48 | I9: 0.72 | J9: 0.41 | K9: 346.59 | L9: 20.01 | M9: 47.39 | N9: 4.9 | O9: 0 | P9: 1.15 | Q9: Data F
A10: 09-02-2023 02:00 | B10: 22.04 | C10: 54.44 | D10: 46.23 | E10: Data F | F10: 4.54 | G10: 110.91 | H10: 39.55 | I10: 0.7 | J10: 0.09 | K10: 334.29 | L10: 18.75 | M10: 47.73 | N10: 4.6 | O10: 0 | P10: 1.09 | Q10: Data F
A11: 09-02-2023 03:00 | B11: 22.1 | C11: 52.93 | D11: 45.54 | E11: Data F | F11: 4.55 | G11: 138.91 | H11: 50.15 | I11: 0.7 | J11: 0.06 | K11: 341.58 | L11: 18.48 | M11: 55.6 | N11: 4.4 | O11: 0 | P11: 1.13 | Q11: Data F
A12: 09-02-2023 04:00 | B12: 21.89 | C12: 51.81 | D12: 44.96 | E12: Data F | F12: 4.57 | G12: 138.91 | H12: 53.95 | I12: 0.7 | J12: 0.07 | K12: 278.32 | L12: 17.38 | M12: 57.95 | N12: 4.3 | O12: 0 | P12: 1.26 | Q12: Data F
A13: 09-02-2023 05:00 | B13: 18.96 | C13: 52.14 | D13: 42.31 | E13: Data F | F13: 4.61 | G13: 125.28 | H13: 54.45 | I13: 0.68 | J13: 0.22 | K13: 260.99 | L13: 17.92 | M13: 56.27 | N13: 4.5 | O13: 0 | P13: 1.37 | Q13: Data F
A14: 09-02-2023 06:00 | B14: 20.56 | C14: 52.22 | D14: 43.86 | E14: Data F | F14: 4.59 | G14: 116.43 | H14: 60.36 | I14: 0.68 | J14: 0.22 | K14: 288.06 | L14: 16.74 | M14: 60.55 | N14: 4.5 | O14: 0 | P14: 1.44 | Q14: Data F
A15: 09-02-2023 07:00 | B15: 29.21 | C15: 52.68 | D15: 51.31 | E15: Data F | F15: 4.64 | G15: 111.96 | H15: 60.36 | I15: 0.66 | J15: 0.16 | K15: 355.88 | L15: 16.44 | M15: 62.68 | N15: 23.9 | O15: 0 | P15: 1.44 | Q15: Data F
A16: 09-02-2023 08:00 | B16: 53.88 | C16: 56.54 | D16: 73.22 | E16: Data F | F16: 4.58 | G16: 121.1 | H16: 52.57 | I16: 0.67 | J16: 0.8 | K16: 308.3 | L16: 21.1 | M16: 62.33 | N16: 231.5 | O16: 0 | P16: 1.45 | Q16: Data F
A17: 09-02-2023 09:00 | B17: 52.66 | C17: 57.17 | D17: 72.42 | E17: Data F | F17: 4.62 | G17: 121.1 | H17: 52.57 | I17: 0.68 | J17: 1.21 | K17: 113.19 | L17: 23.51 | M17: 38.85 | N17: 399.1 | O17: 0 | P17: 1.4 | Q17: Data F
A18: 09-02-2023 10:00 | B18: 41.4 | C18: 58.32 | D18: 63.66 | E18: Data F | F18: 4.85 | G18: 65.79 | H18: 42.98 | I18: 0.68 | J18: 1.41 | K18: 116.14 | L18: 25.68 | M18: 33.75 | N18: 494.4 | O18: 0 | P18: 1.25 | Q18: Data F
A19: 09-02-2023 11:00 | B19: 26.59 | C19: 62.72 | D19: 52.78 | E19: Data F | F19: 5.2 | G19: 60.38 | H19: 34.02 | I19: 0.69 | J19: 1.4 | K19: 115.45 | L19: 28.14 | M19: 29.52 | N19: 558.9 | O19: 0 | P19: 1.06 | Q19: 18.19
A20: 09-02-2023 12:00 | B20: 14.72 | C20: 64.1 | D20: 45.78 | E20: Data F | F20: 7.5 | G20: 51.49 | H20: 30.64 | I20: 0.63 | J20: 1 | K20: 91.08 | L20: 31.81 | M20: 24.04 | N20: 623.6 | O20: 0 | P20: 0.88 | Q20: 15
A21: 09-02-2023 13:00 | B21: 10.7 | C21: 65.1 | D21: 43.32 | E21: Data F | F21: 7.63 | G21: 47.36 | H21: 25.16 | I21: 0.61 | J21: 1.01 | K21: 152.13 | L21: 33.12 | M21: 20.26 | N21: 635.4 | O21: 0 | P21: 0.8 | Q21: 13.26
A22: 09-02-2023 14:00 | B22: 6.72 | C22: 61.44 | D22: 38.11 | E22: Data F | F22: 8.18 | G22: 47.36 | H22: 22.56 | I22: 0.62 | J22: 0.89 | K22: 156.62 | L22: 32.2 | M22: 19.49 | N22: 567.2 | O22: 0 | P22: 0.71 | Q22: 14.09
A23: 09-02-2023 15:00 | B23: 3.75 | C23: 58.94 | D23: 34.23 | E23: 8.36 | F23: 12.35 | G23: 44.6 | H23: 22.56 | I23: Data F | J23: 0.53 | K23: 355.33 | L23: 34.25 | M23: 17.16 | N23: 464.2 | O23: 0 | P23: 0.66 | Q23: 12.53
A24: 09-02-2023 16:00 | B24: 6.03 | C24: 60.36 | D24: 36.26 | E24: 15.73 | F24: 19.03 | G24: 46.95 | H24: 22.74 | I24: Data F | J24: 0.55 | K24: 341.61 | L24: 33.24 | M24: 15.67 | N24: 353.2 | O24: 0 | P24: 0.65 | Q24: 12.82
A25: 09-02-2023 17:00 | B25: 4.76 | C25: 57.07 | D25: 33.39 | E25: 16.69 | F25: 21.41 | G25: 46.95 | H25: 22.74 | I25: Data F | J25: 0.51 | K25: 327.64 | L25: 31.26 | M25: 17.93 | N25: 116.1 | O25: 0 | P25: 0.63 | Q25: 15.81
A26: 09-02-2023 18:00 | B26: 3.52 | C26: 58.4 | D26: 33.56 | E26: 8.29 | F26: 10.37 | G26: 50.98 | H26: 21.73 | I26: Data F | J26: 0.39 | K26: 247.81 | L26: 29.06 | M26: 24.68 | N26: 31.4 | O26: 0 | P26: 0.62 | Q26: 16.08
A27: 09-02-2023 19:00 | B27: 38.94 | C27: 82.11 | D27: 75.35 | E27: 8.82 | F27: 5.99 | G27: 127.78 | H27: 28.11 | I27: 0.68 | J27: 0.26 | K27: 307.49 | L27: 25.43 | M27: 39.7 | N27: 5 | O27: 0 | P27: 1.13 | Q27: 19.97
A28: 09-02-2023 20:00 | B28: 66.24 | C28: 79.31 | D28: 95.7 | E28: 8.75 | F28: 4.6 | G28: 183.73 | H28: 47.65 | I28: 0.89 | J28: 0.14 | K28: 96.4 | L28: 23.18 | M28: 51.68 | N28: 4.5 | O28: 0 | P28: 1.7 | Q28: 22.42
A29: 09-02-2023 21:00 | B29: 86.9 | C29: 76.32 | D29: 109.98 | E29: 8.39 | F29: 4.6 | G29: 248.86 | H29: 67.26 | I29: 1.12 | J29: 0.1 | K29: 344.65 | L29: 22.13 | M29: 52.63 | N29: 4.1 | O29: 0 | P29: 2.39 | Q29: 27.27
A30: 09-02-2023 22:00 | B30: 150.99 | C30: 78.69 | D30: 163.33 | E30: 9.33 | F30: 4.58 | G30: 248.86 | H30: 77.89 | I30: 1.49 | J30: 0.1 | K30: 306.69 | L30: 21.58 | M30: 54.38 | N30: 4.5 | O30: 0 | P30: 3.39 | Q30: 30.14
A31: 09-02-2023 23:00 | B31: 184.23 | C31: 80.39 | D31: 190.51 | E31: 9.56 | F31: 4.53 | G31: 196.12 | H31: 80.79 | I31: 1.74 | J31: 0.11 | K31: 299.15 | L31: 20.26 | M31: 54.75 | N31: 4.5 | O31: 0 | P31: 3.69 | Q31: 31.25
A32: 09-02-2023 24:00 | B32: 189.58 | C32: 78.98 | D32: 192.75 | E32: 9.67 | F32: 4.58 | G32: 196.12 | H32: 80.79 | I32: 1.79 | J32: 0.1 | K32: 334.84 | L32: 19.6 | M32: 62.04 | N32: 4.4 | O32: 0 | P32: 3.71 | Q32: 32.18
A34: Min | B34: =MIN(B9:B32) -> 3.52 | C34: =MIN(C9:C32) -> 51.81 | D34: =MIN(D9:D32) -> 33.39 | E34: =MIN(E9:E32) -> 8.29 | F34: =MIN(F9:F32) -> 4.53 | G34: =MIN(G9:G32) -> 44.6 | H34: =MIN(H9:H32) -> 21.73 | I34: =MIN(I9:I32) -> 0.61 | ... Q34: =MIN(Q9:Q32) -> 12.53
A35: Max | B35: =MAX(B9:B32) -> 189.58 | C35: =MAX(C9:C32) -> 82.11 | D35: =MAX(D9:D32) -> 192.75 | E35: =MAX(E9:E32) -> 16.69 | F35: =MAX(F9:F32) -> 21.41 | G35: =MAX(G9:G32) -> 248.86 | H35: =MAX(H9:H32) -> 80.79 | I35: =MAX(I9:I32) -> 1.79 | ... Q35: =MAX(Q9:Q32) -> 32.18
A36: Avg | B36: =AVERAGE(B9:B32) -> 45.863333 | C36: =AVERAGE(C9:C32) -> 62.85875 | D36: =AVERAGE(D9:D32) -> 69.918333 | E36: =AVERAGE(E9:E32) -> 10.359 | F36: =AVERAGE(F9:F32) -> 6.95125 | G36: =AVERAGE(G9:G32) -> 112.99375 | H36: =AVERAGE(H9:H32) -> 44.960833 | I36: =AVERAGE(I9:I32) -> 0.8565 | ... Q36: =AVERAGE(Q9:Q32) -> 20.072143
A37: Stdev | B37: =STDEV(B9:B32) -> 54.331044 | C37: =STDEV(C9:C32) -> 10.386746 | D37: =STDEV(D9:D32) -> 47.709807 | E37: =STDEV(E9:E32) -> 3.1307133 | F37: =STDEV(F9:F32) -> 4.5885939 | G37: =STDEV(G9:G32) -> 64.151403 | H37: =STDEV(H9:H32) -> 19.576501 | I37: =STDEV(I9:I32) -> 0.3728168 | ... Q37: =STDEV(Q9:Q32) -> 7.2604272
A38: Num | B38: =COUNT(B9:B32) -> 24 | C38: =COUNT(C9:C32) -> 24 | D38: =COUNT(D9:D32) -> 24 | E38: =COUNT(E9:E32)+14 -> 24 | F38: =COUNT(F9:F32) -> 24 | G38: =COUNT(G9:G32) -> 24 | H38: =COUNT(H9:H32) -> 24 | I38: =COUNT(I9:I32)+4 -> 24 | J38: =COUNT(J9:J32) -> 24 | K38: =COUNT(K9:K32) -> 24 | L38: =COUNT(L9:L32) -> 24 | M38: =COUNT(M9:M32) -> 24 | N38: =COUNT(N9:N32) -> 24 | O38: =COUNT(O9:O32) -> 24 | P38: =COUNT(P9:P32) -> 24 | Q38: =COUNT(Q9:Q32)+10 -> 24
A39: DCR | B39: =IF(B38>=22,">90%",IF(B38<=22,"<90%")) -> >90% | C39: =IF(C38>=22,">90%",IF(C38<=22,"<90%")) -> >90% | D39: =IF(D38>=22,">90%",IF(D38<=22,"<90%")) -> >90% | E39: =IF(E38>=22,">90%",IF(E38<=22,"<90%")) -> >90% | F39: =IF(F38>=22,">90%",IF(F38<=22,"<90%")) -> >90% | G39: =IF(G38>=22,">90%",IF(G38<=22,"<90%")) -> >90% | H39: =IF(H38>=22,">90%",IF(H38<=22,"<90%")) -> >90% | I39: =IF(I38>=22,">90%",IF(I38<=22,"<90%")) -> >90% | ... Q39: =IF(Q38>=22,">90%",IF(Q38<=22,"<90%")) -> >90%
A40: Status | B40: =IF(B38>=22,"OK",IF(B38<=22,"LESS")) -> OK | C40: =IF(C38>=22,"OK",IF(C38<=22,"LESS")) -> OK | D40: =IF(D38>=22,"OK",IF(D38<=22,"LESS")) -> OK | E40: =IF(E38>=22,"OK",IF(E38<=22,"LESS")) -> OK | F40: =IF(F38>=22,"OK",IF(F38<=22,"LESS")) -> OK | G40: =IF(G38>=22,"OK",IF(G38<=22,"LESS")) -> OK | H40: =IF(H38>=22,"OK",IF(H38<=22,"LESS")) -> OK | I40: =IF(I38>=22,"OK",IF(I38<=22,"LESS")) -> OK | ... Q40: =IF(Q38>=22,"OK",IF(Q38<=22,"LESS")) -> OK
A43: Done by | B43: RAHUL
A45: Comment

Sheet 10
A1: Station: | B1: BHATAGAON RAIPUR
A2: Date: | B2: =$A$9 -> 10-02-2023 01:00 | D2: Power Off | G2: Pw.Off | L2: Link Fail | N2: Link F | P2: Maintenance | R2: Maint.
A3: Report Type: | B3: Mean | D3: Calibration | G3: Calib. | L3: Data Fail | N3: Data F | P3: Invalid | R3: Invalid
A4: Time Base: | B4: 01 Hour | D4: Zero Referrence | G4: Z.Ref | L4: Warm Up | N4: Wm. Up
A7: Date & Time | B7: NO_BHATAGAON | C7: NO2_BHATAGAON | D7: NOX_BHATAGAON | E7: SO2_BHATAGAON | F7: O3_BHATAGAON | G7: PM10_BHATAGAON | H7: PM2_5_BHATAGAON | I7: BENZ_BHATAGAON | J7: WS_BHATAGAON | K7: WD_BHATAGAON | L7: TEMP_BHATAGAON | M7: HUM BHATAGAON | N7: SR_BHATAGAON | O7: RG_BHATAGAON | P7: CO_BHATAGAON | Q7: NH3_BHATAGAON
B8: ug/m3 | C8: ug/m3 | D8: ppb | E8: ug/m3 | F8: ug/m3 | G8: mg/m3 | H8: ug/m3 | I8: ug/m3 | J8: m/sec | K8: deg | L8: degreC | M8: % | N8: w/m2 | O8: mm | P8: ug/m3 | Q8: ug/m3
A9: 10-02-2023 01:00 | B9: 190.69 | C9: 73.86 | D9: 192.49 | E9: 8.36 | F9: 4.54 | G9: 181.62 | H9: 77.87 | I9: 1.81 | J9: 0.14 | K9: 351.3 | L9: 18.78 | M9: 65.31 | N9: 4.4 | O9: 0 | P9: 3.68 | Q9: 32.83
A10: 10-02-2023 02:00 | B10: 186.06 | C10: 71.22 | D10: 187.32 | E10: 8.39 | F10: 4.51 | G10: 180.9 | H10: 72.99 | I10: 1.79 | J10: 0.17 | K10: 292.26 | L10: 18.26 | M10: 64.5 | N10: 4.3 | O10: 0 | P10: 3.31 | Q10: 31.98
A11: 10-02-2023 03:00 | B11: 152.93 | C11: 67.86 | D11: 158.9 | E11: 8.03 | F11: 4.55 | G11: 153.11 | H11: 67.92 | I11: 1.67 | J11: 0.12 | K11: 285.29 | L11: 17.91 | M11: 69.22 | N11: 4.5 | O11: 0 | P11: 2.89 | Q11: 28.76
A12: 10-02-2023 04:00 | B12: 122.26 | C12: 62 | D12: 131.07 | E12: 7.95 | F12: 4.5 | G12: 99.21 | H12: 57.76 | I12: 1.49 | J12: 0.16 | K12: 336.56 | L12: 17.29 | M12: 78.96 | N12: 4.2 | O12: 0 | P12: 2.45 | Q12: 26.77
A13: 10-02-2023 05:00 | B13: 94.11 | C13: 58.38 | D13: 106.5 | E13: 6.18 | F13: 4.51 | G13: 79.67 | H13: 51.74 | I13: 1.32 | J13: 0.17 | K13: 322.2 | L13: 16.37 | M13: 75.82 | N13: 4.2 | O13: 0 | P13: 2.04 | Q13: 25.8
A14: 10-02-2023 06:00 | B14: 70.72 | C14: 58.25 | D14: 87.64 | E14: 6.04 | F14: 4.52 | G14: 71.43 | H14: 37.92 | I14: 1.02 | J14: 0.16 | K14: 279.03 | L14: 16.15 | M14: 83.68 | N14: 4.4 | O14: 0 | P14: 1.69 | Q14: 23.79
A15: 10-02-2023 07:00 | B15: 57.17 | C15: 57.41 | D15: 76.09 | E15: 6.02 | F15: 4.52 | G15: 82.03 | H15: 36.8 | I15: 0.89 | J15: 0.25 | K15: 262.31 | L15: 16.34 | M15: 80.88 | N15: 23 | O15: 0 | P15: 1.5 | Q15: 21.8
A16: 10-02-2023 08:00 | B16: 53.71 | C16: 61.26 | D16: 74.05 | E16: 6.25 | F16: 4.53 | G16: 82.03 | H16: 37.61 | I16: 0.83 | J16: 0.55 | K16: 223 | L16: 20.92 | M16: 70.45 | N16: 233.7 | O16: 0 | P16: 1.47 | Q16: 22.34
A17: 10-02-2023 09:00 | B17: 45.13 | C17: 64.72 | D17: 69.21 | E17: 5.84 | F17: 4.5 | G17: 63.41 | H17: 37.61 | I17: 0.76 | J17: 1.12 | K17: 190.27 | L17: 23.95 | M17: 55.58 | N17: 393.9 | O17: 0 | P17: 1.4 | Q17: 21.99
A18: 10-02-2023 10:00 | B18: 29.45 | C18: 69.12 | D18: 58.83 | E18: 5.77 | F18: 4.63 | G18: 64.04 | H18: 33.92 | I18: 0.72 | J18: 0.35 | K18: 157.52 | L18: 30.81 | M18: 42.01 | N18: 488.7 | O18: 0 | P18: 1.28 | Q18: 20.41
A19: 10-02-2023 11:00 | B19: 20.8 | C19: 68.87 | D19: 52.97 | E19: 6.67 | F19: 20.16 | G19: 64.04 | H19: 33.92 | I19: 0.7 | J19: 0.67 | K19: 106.91 | L19: 32.59 | M19: 25.88 | N19: 549.7 | O19: 0 | P19: 1.21 | Q19: 15.28
A20: 10-02-2023 12:00 | B20: Data F | C20: Data F | D20: Data F | E20: 4.5 | F20: 17.29 | G20: 56.44 | H20: 29.99 | I20: 0.57 | J20: 0.51 | K20: 91.43 | L20: 33.83 | M20: 22.66 | N20: 603.6 | O20: 0 | P20: 1.12 | Q20: 17.43
A21: 10-02-2023 13:00 | B21: 0.82 | C21: 70.58 | D21: 39.32 | E21: 5.79 | F21: 20.23 | G21: 43.87 | H21: 29.99 | I21: 0.56 | J21: 0.6 | K21: 352.36 | L21: 36.29 | M21: 19.08 | N21: 617 | O21: 0 | P21: 0.95 | Q21: 17.45
A22: 10-02-2023 14:00 | B22: 2.49 | C22: 62.25 | D22: 36.03 | E22: 6.23 | F22: 23.91 | G22: 41.75 | H22: 24.66 | I22: 0.57 | J22: 0.97 | K22: 350.13 | L22: 36.89 | M22: 14.64 | N22: 559.9 | O22: 0 | P22: 0.63 | Q22: 6.11
A23: 10-02-2023 15:00 | B23: 3.33 | C23: 62.2 | D23: 37 | E23: 6.29 | F23: 10.24 | G23: 40.94 | H23: 22.35 | I23: 0.54 | J23: 1.08 | K23: 355.45 | L23: 36.96 | M23: 13.63 | N23: 472.6 | O23: 0 | P23: 0.61 | Q23: 14.84
A24: 10-02-2023 16:00 | B24: 3.75 | C24: 62.52 | D24: 36.85 | E24: 5.23 | F24: 12.53 | G24: 40.94 | H24: 22.35 | I24: 0.52 | J24: 0.9 | K24: 355.75 | L24: 36.4 | M24: 14.23 | N24: 407.1 | O24: 0 | P24: 0.56 | Q24: 15.48
A25: 10-02-2023 17:00 | B25: 8.12 | C25: 65.22 | D25: 41.54 | E25: 6.1 | F25: 15.92 | G25: 33.75 | H25: 16.54 | I25: 0.53 | J25: 1.22 | K25: 357.45 | L25: 33.66 | M25: 16.25 | N25: 114.4 | O25: 0 | P25: 0.65 | Q25: 16.24
A26: 10-02-2023 18:00 | B26: 23.37 | C26: 100.96 | D26: 73.03 | E26: 9.02 | F26: 16.71 | G26: 40.84 | H26: 14.91 | I26: 0.54 | J26: 0.35 | K26: 354.72 | L26: 30.77 | M26: 23.47 | N26: 29.1 | O26: 0 | P26: 1 | Q26: 16.11
A27: 10-02-2023 19:00 | B27: 49.73 | C27: 114.18 | D27: 102.89 | E27: 4.1 | F27: 4.97 | G27: 111.76 | H27: 24.1 | I27: 0.63 | J27: 0.23 | K27: 136.49 | L27: 26.63 | M27: 34.84 | N27: 5.2 | O27: 0 | P27: 1.07 | Q27: 22.5
A28: 10-02-2023 20:00 | B28: 108.56 | C28: 147.62 | D28: 168.53 | E28: 5.08 | F28: 4.52 | G28: 177.05 | H28: 40.28 | I28: 0.83 | J28: 0.18 | K28: 324.2 | L28: 24.67 | M28: 47.39 | N28: 4.4 | O28: 0 | P28: 2.08 | Q28: 25.72
A29: 10-02-2023 21:00 | B29: 112.98 | C29: 148.86 | D29: 172.75 | E29: 7.3 | F29: 4.63 | G29: 246.12 | H29: 58.82 | I29: 1.16 | J29: 0.33 | K29: 331.03 | L29: 23.91 | M29: 48.86 | N29: 4.4 | O29: 0 | P29: 2.17 | Q29: 30.99
A30: 10-02-2023 22:00 | B30: 102.54 | C30: 135.64 | D30: 157.09 | E30: 6.55 | F30: 4.61 | G30: 246.12 | H30: 58.82 | I30: 1.19 | J30: 0.17 | K30: 339.73 | L30: 23.37 | M30: 47.21 | N30: 4.5 | O30: 0 | P30: 2.19 | Q30: 33.7
A31: 10-02-2023 23:00 | B31: 108.4 | C31: 139.82 | D31: 164.02 | E31: 6.7 | F31: 4.57 | G31: 162.41 | H31: 53.8 | I31: 1.22 | J31: 0.13 | K31: 342.57 | L31: 21.72 | M31: 48.46 | N31: 4.5 | O31: 0 | P31: 2.38 | Q31: 35.33
A32: 10-02-2023 24:00 | B32: 105.04 | C32: 138.44 | D32: 160.63 | E32: 6.3 | F32: 4.58 | G32: 162.41 | H32: 53.71 | I32: 1.23 | J32: 0.19 | K32: 351.57 | L32: 20.81 | M32: 48.82 | N32: 4.5 | O32: 0 | P32: 2.33 | Q32: 35.32
A34: Min | B34: =MIN(B9:B32) -> 0.82 | C34: =MIN(C9:C32) -> 57.41 | D34: =MIN(D9:D32) -> 36.03 | E34: =MIN(E9:E32) -> 4.1 | F34: =MIN(F9:F32) -> 4.5 | G34: =MIN(G9:G32) -> 33.75 | H34: =MIN(H9:H32) -> 14.91 | I34: =MIN(I9:I32) -> 0.52 | ... Q34: =MIN(Q9:Q32) -> 6.11
A35: Max | B35: =MAX(B9:B32) -> 190.69 | C35: =MAX(C9:C32) -> 148.86 | D35: =MAX(D9:D32) -> 192.49 | E35: =MAX(E9:E32) -> 9.02 | F35: =MAX(F9:F32) -> 23.91 | G35: =MAX(G9:G32) -> 246.12 | H35: =MAX(H9:H32) -> 77.87 | I35: =MAX(I9:I32) -> 1.81 | ... Q35: =MAX(Q9:Q32) -> 35.33
A36: Avg | B36: =AVERAGE(B9:B32) -> 71.833043 | C36: =AVERAGE(C9:C32) -> 85.271304 | D36: =AVERAGE(D9:D32) -> 103.68478 | E36: =AVERAGE(E9:E32) -> 6.4454167 | F36: =AVERAGE(F9:F32) -> 8.7575 | G36: =AVERAGE(G9:G32) -> 105.24542 | H36: =AVERAGE(H9:H32) -> 41.515833 | I36: =AVERAGE(I9:I32) -> 0.96208333 | ... Q36: =AVERAGE(Q9:Q32) -> 23.290417
A37: Stdev | B37: =STDEV(B9:B32) -> 58.367803 | C37: =STDEV(C9:C32) -> 33.358015 | D37: =STDEV(D9:D32) -> 55.392638 | E37: =STDEV(E9:E32) -> 1.2203206 | F37: =STDEV(F9:F32) -> 6.511471 | G37: =STDEV(G9:G32) -> 66.280506 | H37: =STDEV(H9:H32) -> 17.910822 | I37: =STDEV(I9:I32) -> 0.4207238 | ... Q37: =STDEV(Q9:Q32) -> 7.6712249
A38: Num | B38: =COUNT(B9:B32)+1 -> 24 | C38: =COUNT(C9:C32)+1 -> 24 | D38: =COUNT(D9:D32)+1 -> 24 | E38: =COUNT(E9:E32) -> 24 | F38: =COUNT(F9:F32) -> 24 | G38: =COUNT(G9:G32) -> 24 | H38: 24 | I38: =COUNT(I9:I32) -> 24 | J38: =COUNT(J9:J32) -> 24 | K38: =COUNT(K9:K32) -> 24 | L38: =COUNT(L9:L32) -> 24 | M38: =COUNT(M9:M32) -> 24 | N38: =COUNT(N9:N32) -> 24 | O38: =COUNT(O9:O32) -> 24 | P38: =COUNT(P9:P32) -> 24 | Q38: =COUNT(Q9:Q32) -> 24
A39: DCR | B39: =IF(B38>=22,">90%",IF(B38<=22,"<90%")) -> >90% | C39: =IF(C38>=22,">90%",IF(C38<=22,"<90%")) -> >90% | D39: =IF(D38>=22,">90%",IF(D38<=22,"<90%")) -> >90% | E39: =IF(E38>=22,">90%",IF(E38<=22,"<90%")) -> >90% | F39: =IF(F38>=22,">90%",IF(F38<=22,"<90%")) -> >90% | G39: =IF(G38>=22,">90%",IF(G38<=22,"<90%")) -> >90% | H39: =IF(H38>=22,">90%",IF(H38<=22,"<90%")) -> >90% | I39: =IF(I38>=22,">90%",IF(I38<=22,"<90%")) -> >90% | ... Q39: =IF(Q38>=22,">90%",IF(Q38<=22,"<90%")) -> >90%
A40: Status | B40: =IF(B38>=22,"OK",IF(B38<=22,"LESS")) -> OK | C40: =IF(C38>=22,"OK",IF(C38<=22,"LESS")) -> OK | D40: =IF(D38>=22,"OK",IF(D38<=22,"LESS")) -> OK | E40: =IF(E38>=22,"OK",IF(E38<=22,"LESS")) -> OK | F40: =IF(F38>=22,"OK",IF(F38<=22,"LESS")) -> OK | G40: =IF(G38>=22,"OK",IF(G38<=22,"LESS")) -> OK | H40: =IF(H38>=22,"OK",IF(H38<=22,"LESS")) -> OK | I40: =IF(I38>=22,"OK",IF(I38<=22,"LESS")) -> OK | ... Q40: =IF(Q38>=22,"OK",IF(Q38<=22,"LESS")) -> OK
A43: Done by | B43: RAHUL
A45: Comment

Sheet 11
A1: Station: | B1: BHATAGAON RAIPUR
A2: Date: | B2: =$A$9 -> 11-02-2023 01:00 | D2: Power Off | G2: Pw.Off | L2: Link Fail | N2: Link F | P2: Maintenance | R2: Maint.
A3: Report Type: | B3: Mean | D3: Calibration | G3: Calib. | L3: Data Fail | N3: Data F | P3: Invalid | R3: Invalid
A4: Time Base: | B4: 01 Hour | D4: Zero Referrence | G4: Z.Ref | L4: Warm Up | N4: Wm. Up
A7: Date & Time | B7: NO_BHATAGAON | C7: NO2_BHATAGAON | D7: NOX_BHATAGAON | E7: SO2_BHATAGAON | F7: O3_BHATAGAON | G7: PM10_BHATAGAON | H7: PM2_5_BHATAGAON | I7: BENZ_BHATAGAON | J7: WS_BHATAGAON | K7: WD_BHATAGAON | L7: TEMP_BHATAGAON | M7: HUM BHATAGAON | N7: SR_BHATAGAON | O7: RG_BHATAGAON | P7: CO_BHATAGAON | Q7: NH3_BHATAGAON
B8: ug/m3 | C8: ug/m3 | D8: ppb | E8: ug/m3 | F8: ug/m3 | G8: mg/m3 | H8: ug/m3 | I8: ug/m3 | J8: m/sec | K8: deg | L8: degreC | M8: % | N8: w/m2 | O8: mm | P8: ug/m3 | Q8: ug/m3
A9: 11-02-2023 01:00 | B9: 96.08 | C9: 131.4 | D9: 149.56 | E9: 6.91 | F9: 4.61 | G9: 120.51 | H9: 51.34 | I9: 1.17 | J9: 0.13 | K9: 347.15 | L9: 19.95 | M9: 55.54 | N9: 4.5 | O9: 0 | P9: 2.22 | Q9: 34.76
A10: 11-02-2023 02:00 | B10: 82.03 | C10: 120.5 | D10: 132.29 | E10: 6.73 | F10: 4.52 | G10: 77.31 | H10: 42.22 | I10: 1.13 | J10: 0.16 | K10: 318.09 | L10: 20.79 | M10: 60.29 | N10: 4.3 | O10: 0 | P10: 1.89 | Q10: 34.94
A11: 11-02-2023 03:00 | B11: 61.76 | C11: 105.93 | D11: 107.98 | E11: 6.16 | F11: 4.57 | G11: 77.31 | H11: 39.35 | I11: 0.97 | J11: 0.17 | K11: 342.28 | L11: 19.31 | M11: 61.44 | N11: 4.4 | O11: 0 | P11: 1.68 | Q11: 34.05
A12: 11-02-2023 04:00 | B12: 44.23 | C12: 95.78 | D12: 88.33 | E12: 6.32 | F12: 4.51 | G12: 62.18 | H12: 31.57 | I12: 0.81 | J12: 0.09 | K12: 341.35 | L12: 18.78 | M12: 56.19 | N12: 4.6 | O12: 0 | P12: 1.41 | Q12: 32.08
A13: 11-02-2023 05:00 | B13: 36.19 | C13: 91.3 | D13: 79.41 | E13: 5.95 | F13: 4.55 | G13: 62.18 | H13: 28.79 | I13: 0.77 | J13: 0.23 | K13: 288.65 | L13: 19.01 | M13: 55.57 | N13: 4.1 | O13: 0 | P13: 1.23 | Q13: 31.62
A14: 11-02-2023 06:00 | B14: 29.15 | C14: 86.84 | D14: 71.3 | E14: 5.71 | F14: 4.59 | G14: 60.47 | H14: 28.79 | I14: 0.74 | J14: 0.31 | K14: 255.15 | L14: 18.56 | M14: 60.67 | N14: 4.2 | O14: 0 | P14: 1.07 | Q14: 31.59
A15: 11-02-2023 07:00 | B15: 24.51 | C15: 84.6 | D15: 66.34 | E15: 5.86 | F15: 4.51 | G15: 60.47 | H15: 25.92 | I15: 0.69 | J15: 0.19 | K15: 333.59 | L15: 18.17 | M15: 63.42 | N15: 21.1 | O15: 0 | P15: 0.98 | Q15: 31.39
A16: 11-02-2023 08:00 | B16: 23.96 | C16: 84.26 | D16: 65.71 | E16: 6 | F16: 4.58 | G16: 56.29 | H16: 26.21 | I16: 0.67 | J16: 0.45 | K16: 309.63 | L16: 22.03 | M16: 57.16 | N16: 240.6 | O16: 0 | P16: 0.95 | Q16: 29.92
A17: 11-02-2023 09:00 | B17: 21.52 | C17: 83.32 | D17: 63.24 | E17: 6.43 | F17: 4.7 | G17: 56.29 | H17: 26.21 | I17: 0.66 | J17: 0.87 | K17: 185.74 | L17: 26.32 | M17: 44.74 | N17: 395.7 | O17: 0 | P17: 0.92 | Q17: 30.55
A18: 11-02-2023 10:00 | B18: 13.47 | C18: 85.07 | D18: 56.2 | E18: 5.99 | F18: 4.83 | G18: 36.73 | H18: 24.07 | I18: 0.64 | J18: 0.5 | K18: 349.24 | L18: 31.99 | M18: 38.68 | N18: 486.1 | O18: 0 | P18: 0.85 | Q18: 30.47
A19: 11-02-2023 11:00 | B19: 7.87 | C19: 88.69 | D19: 53.91 | E19: 7.46 | F19: 5.33 | G19: 59.77 | H19: 24.35 | I19: 0.62 | J19: 0.49 | K19: 349.03 | L19: 36.55 | M19: 26.71 | N19: 530.7 | O19: 0 | P19: 0.92 | Q19: 29.36
A20: 11-02-2023 12:00 | B20: 5.9 | C20: 91.71 | D20: 54.63 | E20: 10.79 | F20: 7.55 | G20: 67.66 | H20: 28.34 | I20: 0.62 | J20: 0.27 | K20: 354.22 | L20: 36.07 | M20: 18.78 | N20: 607.8 | O20: 0 | P20: 1.15 | Q20: 29.07
... A32: 11-02-2023 24:00 | B32: 20.3 | C32: 95.35 | D32: 68.89 | E32: 7.24 | F32: 4.62 | G32: 62.01 | H32: 25.05 | I32: 0.72 | J32: 0.79 | K32: 24.93 | L32: 22.94 | M32: 37.54 | N32: 4.3 | O32: 0 | P32: 1.32 | Q32: 30.02
A34: Min | B34: =MIN(B9:B32) -> 1.14 | C34: =MIN(C9:C32) -> 62.68 | D34: =MIN(D9:D32) -> 35.47 | E34: =MIN(E9:E32) -> 5.71 | F34: =MIN(F9:F32) -> 4.51 | G34: =MIN(G9:G32) -> 36.73 | H34: =MIN(H9:H32) -> 18.73 | I34: =MIN(I9:I32) -> 0.53 | ... Q34: =MIN(Q9:Q32) -> 19.97
A35: Max | B35: =MAX(B9:B32) -> 96.08 | C35: =MAX(C9:C32) -> 131.4 | D35: =MAX(D9:D32) -> 149.56 | E35: =MAX(E9:E32) -> 16.07 | F35: =MAX(F9:F32) -> 13.34 | G35: =MAX(G9:G32) -> 120.51 | H35: =MAX(H9:H32) -> 51.34 | I35: =MAX(I9:I32) -> 1.17 | ... Q35: =MAX(Q9:Q32) -> 34.94
A36: Avg | B36: =AVERAGE(B9:B32) -> 24.863333 | C36: =AVERAGE(C9:C32) -> 91.17 | D36: =AVERAGE(D9:D32) -> 70.082917 | E36: =AVERAGE(E9:E32) -> 7.76375 | F36: =AVERAGE(F9:F32) -> 6.4645833 | G36: =AVERAGE(G9:G32) -> 66.496667 | H36: =AVERAGE(H9:H32) -> 28.517083 | I36: =AVERAGE(I9:I32) -> 0.7075 | ... Q36: =AVERAGE(Q9:Q32) -> 28.279167
A37: Stdev | B37: =STDEV(B9:B32) -> 24.838452 | C37: =STDEV(C9:C32) -> 15.622351 | D37: =STDEV(D9:D32) -> 27.732629 | E37: =STDEV(E9:E32) -> 2.3422115 | F37: =STDEV(F9:F32) -> 2.4422406 | G37: =STDEV(G9:G32) -> 16.911576 | H37: =STDEV(H9:H32) -> 7.0161091 | I37: =STDEV(I9:I32) -> 0.17009588 | ... Q37: =STDEV(Q9:Q32) -> 4.6590603
A38: Num | B38: =COUNT(B9:B32) -> 24 | C38: =COUNT(C9:C32) -> 24 | D38: =COUNT(D9:D32) -> 24 | E38: =COUNT(E9:E32) -> 24 | F38: =COUNT(F9:F32) -> 24 | G38: =COUNT(G9:G32) -> 24 | H38: =COUNT(H9:H32) -> 24 | I38: =COUNT(I9:I32) -> 24 | ... M38: =COUNT(M9:M32) -> 24 | N38: 24 | O38: =COUNT(O9:O32) -> 24 | P38: =COUNT(P9:P32) -> 24 | Q38: =COUNT(Q9:Q32) -> 24
A39: DCR | B39: =IF(B38>=22,">90%",IF(B38<=22,"<90%")) -> >90% | C39: =IF(C38>=22,">90%",IF(C38<=22,"<90%")) -> >90% | D39: =IF(D38>=22,">90%",IF(D38<=22,"<90%")) -> >90% | E39: =IF(E38>=22,">90%",IF(E38<=22,"<90%")) -> >90% | F39: =IF(F38>=22,">90%",IF(F38<=22,"<90%")) -> >90% | G39: =IF(G38>=22,">90%",IF(G38<=22,"<90%")) -> >90% | H39: =IF(H38>=22,">90%",IF(H38<=22,"<90%")) -> >90% | I39: =IF(I38>=22,">90%",IF(I38<=22,"<90%")) -> >90% | ... Q39: =IF(Q38>=22,">90%",IF(Q38<=22,"<90%")) -> >90%
A40: Status | B40: =IF(B38>=22,"OK",IF(B38<=22,"LESS")) -> OK | C40: =IF(C38>=22,"OK",IF(C38<=22,"LESS")) -> OK | D40: =IF(D38>=22,"OK",IF(D38<=22,"LESS")) -> OK | E40: =IF(E38>=22,"OK",IF(E38<=22,"LESS")) -> OK | F40: =IF(F38>=22,"OK",IF(F38<=22,"LESS")) -> OK | G40: =IF(G38>=22,"OK",IF(G38<=22,"LESS")) -> OK | H40: =IF(H38>=22,"OK",IF(H38<=22,"LESS")) -> OK | I40: =IF(I38>=22,"OK",IF(I38<=22,"LESS")) -> OK | ... Q40: =IF(Q38>=22,"OK",IF(Q38<=22,"LESS")) -> OK
A43: Done by | B43: RAHUL
A45: Comment

Sheet 12
A1: Station: | B1: BHATAGAON RAIPUR
A2: Date: | B2: =$A$9 -> 12-02-2023 01:00 | D2: Power Off | G2: Pw.Off | L2: Link Fail | N2: Link F | P2: Maintenance | R2: Maint.
A3: Report Type: | B3: Mean | D3: Calibration | G3: Calib. | L3: Data Fail | N3: Data F | P3: Invalid | R3: Invalid
A4: Time Base: | B4: 01 Hour | D4: Zero Referrence | G4: Z.Ref | L4: Warm Up | N4: Wm. Up
A7: Date & Time | B7: NO_BHATAGAON | C7: NO2_BHATAGAON | D7: NOX_BHATAGAON | E7: SO2_BHATAGAON | F7: O3_BHATAGAON | G7: PM10_BHATAGAON | H7: PM2_5_BHATAGAON | I7: BENZ_BHATAGAON | J7: WS_BHATAGAON | K7: WD_BHATAGAON | L7: TEMP_BHATAGAON | M7: HUM BHATAGAON | N7: SR_BHATAGAON | O7: RG_BHATAGAON | P7: CO_BHATAGAON | Q7: NH3_BHATAGAON
B8: ug/m3 | C8: ug/m3 | D8: ppb | E8: ug/m3 | F8: ug/m3 | G8: mg/m3 | H8: ug/m3 | I8: ug/m3 | J8: m/sec | K8: deg | L8: degreC | M8: % | N8: w/m2 | O8: mm | P8: ug/m3 | Q8: ug/m3
A9: 12-02-2023 01:00 | B9: 16.79 | C9: 91.71 | D9: 64.08 | E9: 9.44 | F9: 5.7 | G9: 61.68 | H9: 24.71 | I9: 0.67 | J9: 0.67 | K9: 25.68 | L9: 22.44 | M9: 38.64 | N9: 4.3 | O9: 0 | P9: 1.22 | Q9: 29.7
A10: 12-02-2023 02:00 | B10: 14.3 | C10: 86.25 | D10: 59.07 | E10: 8.25 | F10: 5.08 | G10: 63.39 | H10: 27.94 | I10: 0.69 | J10: 0.66 | K10: 358.68 | L10: 21.92 | M10: 40.85 | N10: 4.9 | O10: 0 | P10: 1.1 | Q10: 29.18
A11: 12-02-2023 03:00 | B11: 13.32 | C11: 84.28 | D11: 57.19 | E11: 7.63 | F11: 4.73 | G11: 63.55 | H11: 29.73 | I11: 0.7 | J11: 0.55 | K11: 352.26 | L11: 20.9 | M11: 45.27 | N11: 4.4 | O11: 0 | P11: 1.05 | Q11: 30.09
A12: 12-02-2023 04:00 | B12: 9.81 | C12: 80.51 | D12: 52.3 | E12: 9.46 | F12: 4.71 | G12: 63.55 | H12: 29.73 | I12: 0.64 | J12: 0.6 | K12: 344.79 | L12: 19.79 | M12: 48.28 | N12: 4.7 | O12: 0 | P12: 0.91 | Q12: 29.96
A13: 12-02-2023 05:00 | B13: 7.34 | C13: 77.63 | D13: 48.73 | E13: 6.84 | F13: 4.73 | G13: 62.6 | H13: 29 | I13: 0.6 | J13: 0.96 | K13: 359.54 | L13: 19.55 | M13: 49.73 | N13: 4.1 | O13: 0 | P13: 0.8 | Q13: 28.64
A14: 12-02-2023 06:00 | B14: 8.02 | C14: 76.1 | D14: 48.43 | E14: 7.57 | F14: 4.69 | G14: 53.22 | H14: 25.92 | I14: 0.63 | J14: 0.88 | K14: 354.42 | L14: 19.11 | M14: 54.95 | N14: 4.6 | O14: 0 | P14: 0.72 | Q14: 28.71
A15: 12-02-2023 07:00 | B15: 10.48 | C15: 78.58 | D15: 51.78 | E15: 7.7 | F15: 4.61 | G15: 49.79 | H15: 22.9 | I15: 0.62 | J15: 0.27 | K15: 340.89 | L15: 18.26 | M15: 57.02 | N15: 22.4 | O15: 0 | P15: 0.75 | Q15: 29.3
A16: 12-02-2023 08:00 | B16: 21.78 | C16: 88.06 | D16: 66.06 | E16: 7.22 | F16: 4.5 | G16: 63.82 | H16: 29.62 | I16: 0.6 | J16: 0.41 | K16: 359.39 | L16: 25.49 | M16: 60.15 | N16: 237.7 | O16: 0 | P16: 0.84 | Q16: 29.79
A17: 12-02-2023 09:00 | B17: 25.94 | C17: 95.96 | D17: 73.76 | E17: 14.85 | F17: 5.02 | G17: 78.83 | H17: 37.71 | I17: 0.62 | J17: 0.94 | K17: 18.77 | L17: 31.09 | M17: 33.57 | N17: 375.6 | O17: 0 | P17: 1.02 | Q17: 29.32
A18: 12-02-2023 10:00 | B18: 26.45 | C18: 97.44 | D18: 74.99 | E18: 13.03 | F18: 5.21 | G18: 88.05 | H18: 41.62 | I18: 0.64 | J18: 1.29 | K18: 95.1 | L18: 30.45 | M18: 35.45 | N18: 494.3 | O18: 0 | P18: 1.06 | Q18: 30.27
A19: 12-02-2023 11:00 | B19: 19.89 | C19: 93.45 | D19: 67.53 | E19: 9.43 | F19: 5.11 | G19: 88.05 | H19: 41.62 | I19: 0.63 | J19: 1.22 | K19: 93.23 | L19: 32.35 | M19: 33.16 | N19: 525.2 | O19: 0 | P19: 0.96 | Q19: 30.01
A20: 12-02-2023 12:00 | B20: 11.84 | C20: 89.73 | D20: 59.02 | E20: 10.43 | F20: 8.2 | G20: 78.66 | H20: 33.36 | I20: 0.63 | J20: 2.18 | K20: 359.74 | L20: 33.5 | M20: 24.25 | N20: 607.1 | O20: 0 | P20: 0.85 | Q20: 28.31
... A32: 12-02-2023 24:00 | B32: 37.5 | C32: 103.68 | D32: 87.29 | E32: 13.51 | F32: 5.06 | G32: 115.76 | H32: 46.49 | I32: 0.86 | J32: 0.64 | K32: 18.69 | L32: 21.69 | M32: 33.25 | N32: 4.5 | O32: 0 | P32: 1.98 | Q32: 29.3
A34: Min | B34: =MIN(B9:B32) -> 1.96 | C34: =MIN(C9:C32) -> 70.44 | D34: =MIN(D9:D32) -> 40.97 | E34: =MIN(E9:E32) -> 6.66 | F34: =MIN(F9:F32) -> 4.5 | G34: =MIN(G9:G32) -> 49.79 | H34: =MIN(H9:H32) -> 22.9 | I34: =MIN(I9:I32) -> 0.55 | ... Q34: =MIN(Q9:Q32) -> 21.04
A35: Max | B35: =MAX(B9:B32) -> 54.91 | C35: =MAX(C9:C32) -> 115.12 | D35: =MAX(D9:D32) -> 107.56 | E35: =MAX(E9:E32) -> 17.72 | F35: =MAX(F9:F32) -> 13.11 | G35: =MAX(G9:G32) -> 177.32 | H35: =MAX(H9:H32) -> 46.54 | I35: =MAX(I9:I32) -> 1.01 | ... Q35: =MAX(Q9:Q32) -> 31.54
A36: Avg | B36: =AVERAGE(B9:B32) -> 19.899167 | C36: =AVERAGE(C9:C32) -> 90.140833 | D36: =AVERAGE(D9:D32) -> 65.637083 | E36: =AVERAGE(E9:E32) -> 9.1795833 | F36: =AVERAGE(F9:F32) -> 6.2970833 | G36: =AVERAGE(G9:G32) -> 83.547083 | H36: =AVERAGE(H9:H32) -> 32.291667 | I36: =AVERAGE(I9:I32) -> 0.6775 | ... Q36: =AVERAGE(Q9:Q32) -> 27.749583
A37: Stdev | B37: =STDEV(B9:B32) -> 16.334822 | C37: =STDEV(C9:C32) -> 13.407797 | D37: =STDEV(D9:D32) -> 20.372856 | E37: =STDEV(E9:E32) -> 2.8369924 | F37: =STDEV(F9:F32) -> 2.3584436 | G37: =STDEV(G9:G32) -> 37.880351 | H37: =STDEV(H9:H32) -> 8.3204142 | I37: =STDEV(I9:I32) -> 0.13188434 | ... Q37: =STDEV(Q9:Q32) -> 3.0834883
A38: Num | B38: =COUNT(B9:B32) -> 24 | C38: =COUNT(C9:C32) -> 24 | D38: =COUNT(D9:D32) -> 24 | E38: =COUNT(E9:E32) -> 24 | F38: =COUNT(F9:F32) -> 24 | G38: =COUNT(G9:G32) -> 24 | H38: =COUNT(H9:H32) -> 24 | I38: =COUNT(I9:I32) -> 24 | ... M38: =COUNT(M9:M32) -> 24 | N38: 24 | O38: =COUNT(O9:O32) -> 24 | P38: =COUNT(P9:P32) -> 24 | Q38: =COUNT(Q9:Q32) -> 24
A39: DCR | B39: =IF(B38>=22,">90%",IF(B38<=22,"<90%")) -> >90% | C39: =IF(C38>=22,">90%",IF(C38<=22,"<90%")) -> >90% | D39: =IF(D38>=22,">90%",IF(D38<=22,"<90%")) -> >90% | E39: =IF(E38>=22,">90%",IF(E38<=22,"<90%")) -> >90% | F39: =IF(F38>=22,">90%",IF(F38<=22,"<90%")) -> >90% | G39: =IF(G38>=22,">90%",IF(G38<=22,"<90%")) -> >90% | H39: =IF(H38>=22,">90%",IF(H38<=22,"<90%")) -> >90% | I39: =IF(I38>=22,">90%",IF(I38<=22,"<90%")) -> >90% | ... Q39: =IF(Q38>=22,">90%",IF(Q38<=22,"<90%")) -> >90%
A40: Status | B40: =IF(B38>=22,"OK",IF(B38<=22,"LESS")) -> OK | C40: =IF(C38>=22,"OK",IF(C38<=22,"LESS")) -> OK | D40: =IF(D38>=22,"OK",IF(D38<=22,"LESS")) -> OK | E40: =IF(E38>=22,"OK",IF(E38<=22,"LESS")) -> OK | F40: =IF(F38>=22,"OK",IF(F38<=22,"LESS")) -> OK | G40: =IF(G38>=22,"OK",IF(G38<=22,"LESS")) -> OK | H40: =IF(H38>=22,"OK",IF(H38<=22,"LESS")) -> OK | I40: =IF(I38>=22,"OK",IF(I38<=22,"LESS")) -> OK | ... Q40: =IF(Q38>=22,"OK",IF(Q38<=22,"LESS")) -> OK
A43: Done by | B43: RAHUL
A45: Comment

Sheet 13
A1: Station: | B1: BHATAGAON RAIPUR
A2: Date: | B2: =$A$9 -> 13-02-2023 01:00 | D2: Power Off | G2: Pw.Off | L2: Link Fail | N2: Link F | P2: Maintenance | R2: Maint.
A3: Report Type: | B3: Mean | D3: Calibration | G3: Calib. | L3: Data Fail | N3: Data F | P3: Invalid | R3: Invalid
A4: Time Base: | B4: 01 Hour | D4: Zero Referrence | G4: Z.Ref | L4: Warm Up | N4: Wm. Up
A7: Date & Time | B7: NO_BHATAGAON | C7: NO2_BHATAGAON | D7: NOX_BHATAGAON | E7: SO2_BHATAGAON | F7: O3_BHATAGAON | G7: PM10_BHATAGAON | H7: PM2_5_BHATAGAON | I7: BENZ_BHATAGAON | J7: WS_BHATAGAON | K7: WD_BHATAGAON | L7: TEMP_BHATAGAON | M7: HUM BHATAGAON | N7: SR_BHATAGAON | O7: RG_BHATAGAON | P7: CO_BHATAGAON | Q7: NH3_BHATAGAON
B8: ug/m3 | C8: ug/m3 | D8: ppb | E8: ug/m3 | F8: ug/m3 | G8: mg/m3 | H8: ug/m3 | I8: ug/m3 | J8: m/sec | K8: deg | L8: degreC | M8: % | N8: w/m2 | O8: mm | P8: ug/m3 | Q8: ug/m3
A9: 13-02-2023 01:00 | B9: 34.13 | C9: 98.74 | D9: 81.87 | E9: 10.93 | F9: 4.69 | G9: 132.59 | H9: 45.2 | I9: 0.77 | J9: 0.32 | K9: 70.95 | L9: 20.38 | M9: 43.13 | N9: 4.6 | O9: 0 | P9: 1.91 | Q9: 29.59
A10: 13-02-2023 02:00 | B10: 31.26 | C10: 95.85 | D10: 77.97 | E10: 10.36 | F10: 4.61 | G10: 132.59 | H10: 48.46 | I10: 0.72 | J10: 0.26 | K10: 357.91 | L10: 18.67 | M10: 47.77 | N10: 4.4 | O10: 0 | P10: 1.66 | Q10: 29.71
A11: 13-02-2023 03:00 | B11: 26.6 | C11: 90.41 | D11: 71.23 | E11: 8.83 | F11: 4.75 | G11: 129.25 | H11: 48.69 | I11: 0.7 | J11: 0.52 | K11: 15.91 | L11: 18.02 | M11: 47.38 | N11: 4.2 | O11: 0 | P11: 1.53 | Q11: 28.48
A12: 13-02-2023 04:00 | B12: 21.78 | C12: 85.39 | D12: 64.59 | E12: 7.81 | F12: 4.66 | G12: 115.9 | H12: 48.69 | I12: 0.73 | J12: 0.28 | K12: 271.76 | L12: 17.5 | M12: 44.81 | N12: 4.6 | O12: 0 | P12: 1.35 | Q12: 28.53
A13: 13-02-2023 05:00 | B13: 17.06 | C13: 81.13 | D13: 58.46 | E13: 9.25 | F13: 4.64 | G13: 98.63 | H13: 55.53 | I13: 0.68 | J13: 0.25 | K13: 268.22 | L13: 16.9 | M13: 40.2 | N13: 4.2 | O13: 0 | P13: 1.2 | Q13: 28.46
A14: 13-02-2023 06:00 | B14: 16.12 | C14: 79.33 | D14: 56.42 | E14: 8.66 | F14: 4.58 | G14: 98.63 | H14: 55.53 | I14: 0.67 | J14: 0.1 | K14: 306.72 | L14: 15.82 | M14: 57.15 | N14: 4.4 | O14: 0 | P14: 1.1 | Q14: 27.38
A15: 13-02-2023 07:00 | B15: 17.69 | C15: 78.29 | D15: 57.4 | E15: 7.58 | F15: 4.68 | G15: 100.2 | H15: 54.1 | I15: 0.63 | J15: 0.13 | K15: 318.49 | L15: 14.86 | M15: 51.79 | N15: 23.3 | O15: 0 | P15: 1.03 | Q15: 26.27
A16: 13-02-2023 08:00 | B16: 23.61 | C16: 85.3 | D16: 65.57 | E16: 7.65 | F16: 4.72 | G16: 100.2 | H16: 44.58 | I16: 0.65 | J16: 0.76 | K16: 353.41 | L16: 22.4 | M16: 48.1 | N16: 258.3 | O16: 0 | P16: 1.02 | Q16: 26.74
A17: 13-02-2023 09:00 | B17: 21.42 | C17: 87.91 | D17: 64.73 | E17: 7.14 | F17: 4.79 | G17: 91.18 | H17: 42 | I17: 0.63 | J17: 1.08 | K17: 357.08 | L17: 28.81 | M17: 27.25 | N17: 429.9 | O17: 0 | P17: 0.95 | Q17: 26.41
A18: 13-02-2023 10:00 | B18: 16.28 | C18: 87.37 | D18: 61.27 | E18: 7.32 | F18: 5.52 | G18: 58.47 | H18: 34.38 | I18: 0.62 | J18: 1.83 | K18: 358.92 | L18: 30.81 | M18: 19.91 | N18: 516.6 | O18: 0 | P18: 0.87 | Q18: 24.64
A19: 13-02-2023 11:00 | B19: 9.41 | C19: 83.82 | D19: 53.8 | E19: 7.9 | F19: 6.37 | G19: 57.24 | H19: 30.93 | I19: 0.58 | J19: 2.23 | K19: 19.55 | L19: 31.66 | M19: 17.6 | N19: 571.9 | O19: 0 | P19: 0.78 | Q19: 22.5
A20: 13-02-2023 12:00 | B20: 4.18 | C20: 79.03 | D20: 46.97 | E20: 6.9 | F20: 6.55 | G20: 55.21 | H20: 27.76 | I20: 0.57 | J20: 1.84 | K20: 15.53 | L20: 33.13 | M20: 14.58 | N20: 652.5 | O20: 0 | P20: 0.71 | Q20: 21.83
... A32: 13-02-2023 24:00 | B32: 18.09 | C32: 94 | D32: 66.38 | E32: 6.94 | F32: 4.66 | G32: 59.01 | H32: 20.91 | I32: 0.68 | J32: 0.71 | K32: 355.68 | L32: 19.29 | M32: 39.82 | N32: 4.5 | O32: 0 | P32: 1.06 | Q32: 27.11
A34: Min | B34: =MIN(B9:B32) -> 2.36 | C34: =MIN(C9:C32) -> 68.59 | D34: =MIN(D9:D32) -> 39.73 | E34: =MIN(E9:E32) -> 5.89 | F34: =MIN(F9:F32) -> 4.58 | G34: =MIN(G9:G32) -> 28.73 | H34: =MIN(H9:H32) -> 15.28 | I34: =MIN(I9:I32) -> 0.54 | ... Q34: =MIN(Q9:Q32) -> 20.24
A35: Max | B35: =MAX(B9:B32) -> 34.13 | C35: =MAX(C9:C32) -> 100.77 | D35: =MAX(D9:D32) -> 81.87 | E35: =MAX(E9:E32) -> 10.93 | F35: =MAX(F9:F32) -> 8.56 | G35: =MAX(G9:G32) -> 132.59 | H35: =MAX(H9:H32) -> 55.53 | I35: =MAX(I9:I32) -> 0.77 | ... Q35: =MAX(Q9:Q32) -> 29.71
A36: Avg | B36: =AVERAGE(B9:B32) -> 16.745 | C36: =AVERAGE(C9:C32) -> 84.67625 | D36: =AVERAGE(D9:D32) -> 60.02375 | E36: =AVERAGE(E9:E32) -> 7.4458333 | F36: =AVERAGE(F9:F32) -> 5.56125 | G36: =AVERAGE(G9:G32) -> 72.7025 | H36: =AVERAGE(H9:H32) -> 32.15 | I36: =AVERAGE(I9:I32) -> 0.63833333 | ... Q36: =AVERAGE(Q9:Q32) -> 25.439583
A37: Stdev | B37: =STDEV(B9:B32) -> 9.8919409 | C37: =STDEV(C9:C32) -> 9.6543105 | D37: =STDEV(D9:D32) -> 12.939159 | E37: =STDEV(E9:E32) -> 1.3088193 | F37: =STDEV(F9:F32) -> 1.2232363 | G37: =STDEV(G9:G32) -> 33.96389 | H37: =STDEV(H9:H32) -> 14.455344 | I37: =STDEV(I9:I32) -> 0.071180522 | ... Q37: =STDEV(Q9:Q32) -> 3.1104249
A38: Num | B38: =COUNT(B9:B32) -> 24 | C38: =COUNT(C9:C32) -> 24 | D38: =COUNT(D9:D32) -> 24 | E38: =COUNT(E9:E32) -> 24 | F38: =COUNT(F9:F32) -> 24 | G38: =COUNT(G9:G32) -> 24 | H38: =COUNT(H9:H32) -> 24 | I38: =COUNT(I9:I32) -> 24 | ... M38: =COUNT(M9:M32) -> 24 | N38: 24 | O38: =COUNT(O9:O32) -> 24 | P38: =COUNT(P9:P32) -> 24 | Q38: =COUNT(Q9:Q32) -> 24
A39: DCR | B39: =IF(B38>=22,">90%",IF(B38<=22,"<90%")) -> >90% | C39: =IF(C38>=22,">90%",IF(C38<=22,"<90%")) -> >90% | D39: =IF(D38>=22,">90%",IF(D38<=22,"<90%")) -> >90% | E39: =IF(E38>=22,">90%",IF(E38<=22,"<90%")) -> >90% | F39: =IF(F38>=22,">90%",IF(F38<=22,"<90%")) -> >90% | G39: =IF(G38>=22,">90%",IF(G38<=22,"<90%")) -> >90% | H39: =IF(H38>=22,">90%",IF(H38<=22,"<90%")) -> >90% | I39: =IF(I38>=22,">90%",IF(I38<=22,"<90%")) -> >90% | ... Q39: =IF(Q38>=22,">90%",IF(Q38<=22,"<90%")) -> >90%
A40: Status | B40: =IF(B38>=22,"OK",IF(B38<=22,"LESS")) -> OK | C40: =IF(C38>=22,"OK",IF(C38<=22,"LESS")) -> OK | D40: =IF(D38>=22,"OK",IF(D38<=22,"LESS")) -> OK | E40: =IF(E38>=22,"OK",IF(E38<=22,"LESS")) -> OK | F40: =IF(F38>=22,"OK",IF(F38<=22,"LESS")) -> OK | G40: =IF(G38>=22,"OK",IF(G38<=22,"LESS")) -> OK | H40: =IF(H38>=22,"OK",IF(H38<=22,"LESS")) -> OK | I40: =IF(I38>=22,"OK",IF(I38<=22,"LESS")) -> OK | ... Q40: =IF(Q38>=22,"OK",IF(Q38<=22,"LESS")) -> OK
A43: Done by | B43: RAHUL
A45: Comment

Sheet 14
A1: Station: | B1: BHATAGAON RAIPUR
A2: Date: | B2: =$A$9 -> 14-02-2023 01:00 | D2: Power Off | G2: Pw.Off | L2: Link Fail | N2: Link F | P2: Maintenance | R2: Maint.
A3: Report Type: | B3: Mean | D3: Calibration | G3: Calib. | L3: Data Fail | N3: Data F | P3: Invalid | R3: Invalid
A4: Time Base: | B4: 01 Hour | D4: Zero Referrence | G4: Z.Ref | L4: Warm Up | N4: Wm. Up
A7: Date & Time | B7: NO_BHATAGAON | C7: NO2_BHATAGAON | D7: NOX_BHATAGAON | E7: SO2_BHATAGAON | F7: O3_BHATAGAON | G7: PM10_BHATAGAON | H7: PM2_5_BHATAGAON | I7: BENZ_BHATAGAON | J7: WS_BHATAGAON | K7: WD_BHATAGAON | L7: TEMP_BHATAGAON | M7: HUM BHATAGAON | N7: SR_BHATAGAON | O7: RG_BHATAGAON | P7: CO_BHATAGAON | Q7: NH3_BHATAGAON
B8: ug/m3 | C8: ug/m3 | D8: ppb | E8: ug/m3 | F8: ug/m3 | G8: mg/m3 | H8: ug/m3 | I8: ug/m3 | J8: m/sec | K8: deg | L8: degreC | M8: % | N8: w/m2 | O8: mm | P8: ug/m3 | Q8: ug/m3
A9: 14-02-2023 01:00 | B9: 16.33 | C9: 90.56 | D9: 63.07 | E9: 6.89 | F9: 4.79 | G9: 57.25 | H9: 20.91 | I9: 0.67 | J9: 0.73 | K9: 356.47 | L9: 18.31 | M9: 35.14 | N9: 4.6 | O9: 0 | P9: 0.96 | Q9: 26.96
A10: 14-02-2023 02:00 | B10: 10.62 | C10: 83.01 | D10: 54.33 | E10: 10.3 | F10: 5.02 | G10: 50.21 | H10: 18.43 | I10: 0.63 | J10: 0.58 | K10: 347.23 | L10: 17.28 | M10: 38.35 | N10: 4.1 | O10: 0 | P10: 0.84 | Q10: 27.04
A11: 14-02-2023 03:00 | B11: 5.83 | C11: 77.55 | D11: 47.48 | E11: 15.74 | F11: 5.16 | G11: 57.31 | H11: 26.55 | I11: 0.63 | J11: 1.05 | K11: 353.75 | L11: 16.95 | M11: 36.96 | N11: 4.8 | O11: 0 | P11: 0.87 | Q11: 26.53
A12: 14-02-2023 04:00 | B12: 4.18 | C12: 74.9 | D12: 44.69 | E12: 13.24 | F12: 5.3 | G12: 57.31 | H12: 26.55 | I12: 0.58 | J12: 0.81 | K12: 359.48 | L12: 16.17 | M12: 38.83 | N12: 3.7 | O12: 0 | P12: 0.89 | Q12: 24.93
A13: 14-02-2023 05:00 | B13: 3.44 | C13: 69.96 | D13: 41.2 | E13: 7.89 | F13: 5.36 | G13: 49.08 | H13: 23.43 | I13: 0.59 | J13: 1.22 | K13: 357 | L13: 16.05 | M13: 40.12 | N13: 4.2 | O13: 0 | P13: 0.78 | Q13: 24.52
A14: 14-02-2023 06:00 | B14: 4.37 | C14: 73.24 | D14: 43.93 | E14: 9.06 | F14: 5.05 | G14: 45.6 | H14: 19.69 | I14: 0.58 | J14: 0.48 | K14: 264.47 | L14: 15.67 | M14: 42.54 | N14: 4.5 | O14: 0 | P14: 0.73 | Q14: 24.93
A15: 14-02-2023 07:00 | B15: 7.57 | C15: 78.1 | D15: 49.17 | E15: 11.17 | F15: 4.73 | G15: 64.33 | H15: 28.46 | I15: 0.58 | J15: 0.42 | K15: 92.5 | L15: 15.98 | M15: 43.04 | N15: 23.9 | O15: 0 | P15: 0.86 | Q15: 24.33
A16: 14-02-2023 08:00 | B16: 19.13 | C16: 87.49 | D16: 63.62 | E16: 16.92 | F16: 4.73 | G16: 147.66 | H16: 47.14 | I16: 0.61 | J16: 1.14 | K16: 21.38 | L16: 22.26 | M16: 43.47 | N16: 231 | O16: 0 | P16: 1.1 | Q16: 23.81
A17: 14-02-2023 09:00 | B17: 23.79 | C17: 95.3 | D17: 71.41 | E17: 21.02 | F17: 4.94 | G17: 147.66 | H17: 49.77 | I17: 0.6 | J17: 1.13 | K17: 21.86 | L17: 26.9 | M17: 24.93 | N17: 424.5 | O17: 0 | P17: 1.24 | Q17: 25.05
A18: 14-02-2023 10:00 | B18: 21.91 | C18: 95.48 | D18: 70.27 | E18: 11.47 | F18: 5.11 | G18: 143.55 | H18: 49.77 | I18: 0.6 | J18: 1.04 | K18: 43.36 | L18: 28.72 | M18: 16.54 | N18: 495.6 | O18: 0 | P18: 1.16 | Q18: 25.12
A19: 14-02-2023 11:00 | B19: 18.11 | C19: 95.42 | D19: 67.18 | E19: 68.71 | F19: 14.06 | G19: 49.13 | H19: 43.17 | I19: 0.6 | J19: 1.09 | K19: 15.62 | L19: 32.48 | M19: 14 | N19: 532 | O19: 0 | P19: 1.08 | Q19: 24.62
A20: 14-02-2023 12:00 | B20: 6.88 | C20: 86.19 | D20: 53.08 | E20: 46.08 | F20: 24.76 | G20: 57.31 | H20: 30.36 | I20: 0.52 | J20: 0.88 | K20: 205.27 | L20: 32.77 | M20: 12.01 | N20: 595.3 | O20: 0 | P20: 0.97 | Q20: 13.86
... A32: 14-02-2023 24:00 | B32: 76.39 | C32: 137.5 | D32: 137.14 | E32: 7.7 | F32: 4.52 | G32: 127.67 | H32: 47.98 | I32: 1.12 | J32: 0.12 | K32: 354.58 | L32: 19.5 | M32: 41.91 | N32: 4.5 | O32: 0 | P32: 2.16 | Q32: 31.29
A34: Min | B34: =MIN(B9:B32) -> 1.76 | C34: =MIN(C9:C32) -> 62.65 | D34: =MIN(D9:D32) -> 35.94 | E34: =MIN(E9:E32) -> 6.89 | F34: =MIN(F9:F32) -> 4.52 | G34: =MIN(G9:G32) -> 45.6 | H34: =MIN(H9:H32) -> 18.43 | I34: =MIN(I9:I32) -> 0.49 | ... Q34: =MIN(Q9:Q32) -> 13.86
A35: Max | B35: =MAX(B9:B32) -> 80.12 | C35: =MAX(C9:C32) -> 139.77 | D35: =MAX(D9:D32) -> 141.23 | E35: =MAX(E9:E32) -> 68.71 | F35: =MAX(F9:F32) -> 24.76 | G35: =MAX(G9:G32) -> 181.66 | H35: =MAX(H9:H32) -> 49.77 | I35: =MAX(I9:I32) -> 1.13 | ... Q35: =MAX(Q9:Q32) -> 31.38
A36: Avg | B36: =AVERAGE(B9:B32) -> 22.7975 | C36: =AVERAGE(C9:C32) -> 90.636667 | D36: =AVERAGE(D9:D32) -> 68.241667 | E36: =AVERAGE(E9:E32) -> 15.96875 | F36: =AVERAGE(F9:F32) -> 8.8829167 | G36: =AVERAGE(G9:G32) -> 90.864167 | H36: =AVERAGE(H9:H32) -> 32.168333 | I36: =AVERAGE(I9:I32) -> 0.66666667 | ... Q36: =AVERAGE(Q9:Q32) -> 23.3
A37: Stdev | B37: =STDEV(B9:B32) -> 27.489256 | C37: =STDEV(C9:C32) -> 25.556648 | D37: =STDEV(D9:D32) -> 35.965823 | E37: =STDEV(E9:E32) -> 14.642077 | F37: =STDEV(F9:F32) -> 6.0168737 | G37: =STDEV(G9:G32) -> 50.943843 | H37: =STDEV(H9:H32) -> 11.685203 | I37: =STDEV(I9:I32) -> 0.2051228 | ... Q37: =STDEV(Q9:Q32) -> 5.3523047
A38: Num | B38: =COUNT(B9:B32) -> 24 | C38: =COUNT(C9:C32) -> 24 | D38: =COUNT(D9:D32) -> 24 | E38: =COUNT(E9:E32) -> 24 | F38: =COUNT(F9:F32) -> 24 | G38: =COUNT(G9:G32) -> 24 | H38: =COUNT(H9:H32) -> 24 | I38: =COUNT(I9:I32) -> 24 | ... M38: =COUNT(M9:M32) -> 24 | N38: 24 | O38: =COUNT(O9:O32) -> 24 | P38: =COUNT(P9:P32) -> 24 | Q38: =COUNT(Q9:Q32) -> 24
A39: DCR | B39: =IF(B38>=22,">90%",IF(B38<=22,"<90%")) -> >90% | C39: =IF(C38>=22,">90%",IF(C38<=22,"<90%")) -> >90% | D39: =IF(D38>=22,">90%",IF(D38<=22,"<90%")) -> >90% | E39: =IF(E38>=22,">90%",IF(E38<=22,"<90%")) -> >90% | F39: =IF(F38>=22,">90%",IF(F38<=22,"<90%")) -> >90% | G39: =IF(G38>=22,">90%",IF(G38<=22,"<90%")) -> >90% | H39: =IF(H38>=22,">90%",IF(H38<=22,"<90%")) -> >90% | I39: =IF(I38>=22,">90%",IF(I38<=22,"<90%")) -> >90% | ... Q39: =IF(Q38>=22,">90%",IF(Q38<=22,"<90%")) -> >90%
A40: Status | B40: =IF(B38>=22,"OK",IF(B38<=22,"LESS")) -> OK | C40: =IF(C38>=22,"OK",IF(C38<=22,"LESS")) -> OK | D40: =IF(D38>=22,"OK",IF(D38<=22,"LESS")) -> OK | E40: =IF(E38>=22,"OK",IF(E38<=22,"LESS")) -> OK | F40: =IF(F38>=22,"OK",IF(F38<=22,"LESS")) -> OK | G40: =IF(G38>=22,"OK",IF(G38<=22,"LESS")) -> OK | H40: =IF(H38>=22,"OK",IF(H38<=22,"LESS")) -> OK | I40: =IF(I38>=22,"OK",IF(I38<=22,"LESS")) -> OK | ... Q40: =IF(Q38>=22,"OK",IF(Q38<=22,"LESS")) -> OK
A43: Done by | B43: RAHUL
A45: Comment

Sheet 15
A1: Station: | B1: BHATAGAON RAIPUR
A2: Date: | B2: =$A$9 -> 15-02-2023 01:00 | D2: Power Off | G2: Pw.Off | L2: Link Fail | N2: Link F | P2: Maintenance | R2: Maint.
A3: Report Type: | B3: Mean | D3: Calibration | G3: Calib. | L3: Data Fail | N3: Data F | P3: Invalid | R3: Invalid
A4: Time Base: | B4: 01 Hour | D4: Zero Referrence | G4: Z.Ref | L4: Warm Up | N4: Wm. Up
A7: Date & Time | B7: NO_BHATAGAON | C7: NO2_BHATAGAON | D7: NOX_BHATAGAON | E7: SO2_BHATAGAON | F7: O3_BHATAGAON | G7: PM10_BHATAGAON | H7: PM2_5_BHATAGAON | I7: BENZ_BHATAGAON | J7: WS_BHATAGAON | K7: WD_BHATAGAON | L7: TEMP_BHATAGAON | M7: HUM BHATAGAON | N7: SR_BHATAGAON | O7: RG_BHATAGAON | P7: CO_BHATAGAON | Q7: NH3_BHATAGAON
B8: ug/m3 | C8: ug/m3 | D8: ppb | E8: ug/m3 | F8: ug/m3 | G8: mg/m3 | H8: ug/m3 | I8: ug/m3 | J8: m/sec | K8: deg | L8: degreC | M8: % | N8: w/m2 | O8: mm | P8: ug/m3 | Q8: ug/m3
A9: 15-02-2023 01:00 | B9: 61.81 | C9: 125.79 | D9: 118.99 | E9: 7.01 | F9: 4.66 | G9: 105.46 | H9: 44.96 | I9: 1.02 | J9: 0.23 | K9: 358.94 | L9: 18.76 | M9: 44.21 | N9: 4.4 | O9: 0 | P9: 1.94 | Q9: 29.58
A10: 15-02-2023 02:00 | B10: 49.83 | C10: 114.64 | D10: 103.22 | E10: 7.08 | F10: 4.6 | G10: 89.67 | H10: 36.71 | I10: 0.91 | J10: 0.16 | K10: 30.93 | L10: 18.37 | M10: 45.86 | N10: 4.6 | O10: 0 | P10: 1.56 | Q10: 28.9
A11: 15-02-2023 03:00 | B11: 40.27 | C11: 106.02 | D11: 90.8 | E11: 6.67 | F11: 4.57 | G11: 73.92 | H11: 36.29 | I11: 0.87 | J11: 0.72 | K11: 354.26 | L11: 18.3 | M11: 44.4 | N11: 4.2 | O11: 0 | P11: 1.36 | Q11: 29.14
A12: 15-02-2023 04:00 | B12: 24.38 | C12: 95.3 | D12: 72.15 | E12: 6.06 | F12: 4.62 | G12: 58.13 | H12: 33.06 | I12: 0.73 | J12: 0.73 | K12: 357.78 | L12: 18.43 | M12: 40.66 | N12: 3.9 | O12: 0 | P12: 1.07 | Q12: 27.29
A13: 15-02-2023 05:00 | B13: 14.91 | C13: 88.88 | D13: 61.01 | E13: 10.05 | F13: 4.67 | G13: 49.66 | H13: 26.02 | I13: 0.66 | J13: 0.67 | K13: 348.32 | L13: 17.9 | M13: 43.17 | N13: 4.4 | O13: 0 | P13: 0.94 | Q13: 25.15
A14: 15-02-2023 06:00 | B14: 11.93 | C14: 85.38 | D14: 56.68 | E14: 9.61 | F14: 4.59 | G14: 63.33 | H14: 28.18 | I14: 0.67 | J14: 0.7 | K14: 356.91 | L14: 17.58 | M14: 43.99 | N14: 4.6 | O14: 0 | P14: 0.91 | Q14: 25.98
A15: 15-02-2023 07:00 | B15: 14.54 | C15: 88.76 | D15: 60.64 | E15: 11.04 | F15: 4.59 | G15: 95.57 | H15: 41.08 | I15: 0.62 | J15: 0.42 | K15: 137.23 | L15: 17.82 | M15: 45.96 | N15: 26.5 | O15: 0 | P15: 0.94 | Q15: 26.08
A16: 15-02-2023 08:00 | B16: 18.08 | C16: 90.11 | D16: 64.23 | E16: 12.33 | F16: 4.57 | G16: 127.49 | H16: 49.8 | I16: 0.61 | J16: 0.28 | K16: 165.33 | L16: 23.28 | M16: 47.82 | N16: 225.7 | O16: 0 | P16: 1.16 | Q16: 25.39
A17: 15-02-2023 09:00 | B17: 20.46 | C17: 94.18 | D17: 67.78 | E17: 9.6 | F17: 4.69 | G17: 127.49 | H17: 50.5 | I17: 0.67 | J17: 1.05 | K17: 262.73 | L17: 24.9 | M17: 40.82 | N17: 370.5 | O17: 0 | P17: 1.26 | Q17: 26
A18: 15-02-2023 10:00 | B18: 17.66 | C18: 103.8 | D18: 67.86 | E18: 8.97 | F18: 4.8 | G18: 123.27 | H18: 50.5 | I18: 0.67 | J18: 0.35 | K18: 205.51 | L18: 30.54 | M18: 35.54 | N18: 454.5 | O18: 0 | P18: 1.39 | Q18: 27.49
A19: 15-02-2023 11:00 | B19: 11.59 | C19: 109.14 | D19: 68.11 | E19: 10.25 | F19: 5.61 | G19: 117.5 | H19: 49.29 | I19: 0.65 | J19: 0.51 | K19: 153.81 | L19: 32.48 | M19: 21.68 | N19: 492 | O19: 0 | P19: 1.4 | Q19: 27.57
A20: 15-02-2023 12:00 | B20: 6.56 | C20: 108.12 | D20: 64.93 | E20: 16.85 | F20: 8.9 | G20: 87.95 | H20: 46.64 | I20: 0.64 | J20: 1.08 | K20: 183.5 | L20: 34.31 | M20: 22.1 | N20: 557.7 | O20: 0 | P20: 1.36 | Q20: 26.99
... A32: 15-02-2023 24:00 | B32: 44.66 | C32: 110.05 | D32: 96.55 | E32: 8.36 | F32: 4.64 | G32: 74.82 | H32: 34.19 | I32: 0.85 | J32: 1.44 | K32: 358.97 | L32: 22.3 | M32: 38.67 | N32: 4.5 | O32: 0 | P32: 1.58 | Q32: 32.19
A34: Min | B34: =MIN(B9:B32) -> 3.44 | C34: =MIN(C9:C32) -> 79.92 | D34: =MIN(D9:D32) -> 46.94 | E34: =MIN(E9:E32) -> 6.06 | F34: =MIN(F9:F32) -> 4.57 | G34: =MIN(G9:G32) -> 42.54 | H34: =MIN(H9:H32) -> 18.29 | I34: =MIN(I9:I32) -> 0.59 | ... Q34: =MIN(Q9:Q32) -> 25.15
A35: Max | B35: =MAX(B9:B32) -> 61.81 | C35: =MAX(C9:C32) -> 126.42 | D35: =MAX(D9:D32) -> 118.99 | E35: =MAX(E9:E32) -> 16.85 | F35: =MAX(F9:F32) -> 12.93 | G35: =MAX(G9:G32) -> 183.4 | H35: =MAX(H9:H32) -> 50.5 | I35: =MAX(I9:I32) -> 1.04 | ... Q35: =MAX(Q9:Q32) -> 34.65
A36: Avg | B36: =AVERAGE(B9:B32) -> 26.984167 | C36: =AVERAGE(C9:C32) -> 102.38917 | D36: =AVERAGE(D9:D32) -> 77.794167 | E36: =AVERAGE(E9:E32) -> 9.0733333 | F36: =AVERAGE(F9:F32) -> 6.3116667 | G36: =AVERAGE(G9:G32) -> 94.552917 | H36: =AVERAGE(H9:H32) -> 37.322917 | I36: =AVERAGE(I9:I32) -> 0.75666667 | ... Q36: =AVERAGE(Q9:Q32) -> 28.895
A37: Stdev | B37: =STDEV(B9:B32) -> 21.01522 | C37: =STDEV(C9:C32) -> 15.2083 | D37: =STDEV(D9:D32) -> 24.663481 | E37: =STDEV(E9:E32) -> 2.333694 | F37: =STDEV(F9:F32) -> 2.5621979 | G37: =STDEV(G9:G32) -> 40.560565 | H37: =STDEV(H9:H32) -> 9.7879551 | I37: =STDEV(I9:I32) -> 0.15647383 | ... Q37: =STDEV(Q9:Q32) -> 2.7506964
A38: Num | B38: =COUNT(B9:B32) -> 24 | C38: =COUNT(C9:C32) -> 24 | D38: =COUNT(D9:D32) -> 24 | E38: =COUNT(E9:E32) -> 24 | F38: =COUNT(F9:F32) -> 24 | G38: =COUNT(G9:G32) -> 24 | H38: =COUNT(H9:H32) -> 24 | I38: =COUNT(I9:I32) -> 24 | ... M38: =COUNT(M9:M32) -> 24 | N38: 24 | O38: =COUNT(O9:O32) -> 24 | P38: =COUNT(P9:P32) -> 24 | Q38: =COUNT(Q9:Q32) -> 24
A39: DCR | B39: =IF(B38>=22,">90%",IF(B38<=22,"<90%")) -> >90% | C39: =IF(C38>=22,">90%",IF(C38<=22,"<90%")) -> >90% | D39: =IF(D38>=22,">90%",IF(D38<=22,"<90%")) -> >90% | E39: =IF(E38>=22,">90%",IF(E38<=22,"<90%")) -> >90% | F39: =IF(F38>=22,">90%",IF(F38<=22,"<90%")) -> >90% | G39: =IF(G38>=22,">90%",IF(G38<=22,"<90%")) -> >90% | H39: =IF(H38>=22,">90%",IF(H38<=22,"<90%")) -> >90% | I39: =IF(I38>=22,">90%",IF(I38<=22,"<90%")) -> >90% | ... Q39: =IF(Q38>=22,">90%",IF(Q38<=22,"<90%")) -> >90%
A40: Status | B40: =IF(B38>=22,"OK",IF(B38<=22,"LESS")) -> OK | C40: =IF(C38>=22,"OK",IF(C38<=22,"LESS")) -> OK | D40: =IF(D38>=22,"OK",IF(D38<=22,"LESS")) -> OK | E40: =IF(E38>=22,"OK",IF(E38<=22,"LESS")) -> OK | F40: =IF(F38>=22,"OK",IF(F38<=22,"LESS")) -> OK | G40: =IF(G38>=22,"OK",IF(G38<=22,"LESS")) -> OK | H40: =IF(H38>=22,"OK",IF(H38<=22,"LESS")) -> OK | I40: =IF(I38>=22,"OK",IF(I38<=22,"LESS")) -> OK | ... Q40: =IF(Q38>=22,"OK",IF(Q38<=22,"LESS")) -> OK
A43: Done by | B43: RAHUL
A45: Comment

Sheet 16
A1: Station: | B1: BHATAGAON RAIPUR
A2: Date: | B2: =$A$9 -> 16-02-2023 01:00 | D2: Power Off | G2: Pw.Off | L2: Link Fail | N2: Link F | P2: Maintenance | R2: Maint.
A3: Report Type: | B3: Mean | D3: Calibration | G3: Calib. | L3: Data Fail | N3: Data F | P3: Invalid | R3: Invalid
A4: Time Base: | B4: 01 Hour | D4: Zero Referrence | G4: Z.Ref | L4: Warm Up | N4: Wm. Up
A7: Date & Time | B7: NO_BHATAGAON | C7: NO2_BHATAGAON | D7: NOX_BHATAGAON | E7: SO2_BHATAGAON | F7: O3_BHATAGAON | G7: PM10_BHATAGAON | H7: PM2_5_BHATAGAON | I7: BENZ_BHATAGAON | J7: WS_BHATAGAON | K7: WD_BHATAGAON | L7: TEMP_BHATAGAON | M7: HUM BHATAGAON | N7: SR_BHATAGAON | O7: RG_BHATAGAON | P7: CO_BHATAGAON | Q7: NH3_BHATAGAON
B8: ug/m3 | C8: ug/m3 | D8: ppb | E8: ug/m3 | F8: ug/m3 | G8: mg/m3 | H8: ug/m3 | I8: ug/m3 | J8: m/sec | K8: deg | L8: degreC | M8: % | N8: w/m2 | O8: mm | P8: ug/m3 | Q8: ug/m3
A9: 16-02-2023 01:00 | B9: 32.54 | C9: 100.48 | D9: 81.55 | E9: 10.22 | F9: 4.54 | G9: 75.39 | H9: 32.38 | I9: 0.76 | J9: 0.82 | K9: 352.31 | L9: 20.78 | M9: 43.36 | N9: 4.5 | O9: 0 | P9: 1.38 | Q9: 31.1
A10: 16-02-2023 02:00 | B10: 24.42 | C10: 95.06 | D10: 72.05 | E10: 9.55 | F10: 4.59 | G10: 88.17 | H10: 35.41 | I10: 0.74 | J10: 0.85 | K10: 355.83 | L10: 20.19 | M10: 46 | N10: 4.8 | O10: 0 | P10: 1.26 | Q10: 28.97
A11: 16-02-2023 03:00 | B11: 21.02 | C11: 91.91 | D11: 67.58 | E11: 9.28 | F11: 4.63 | G11: 110.96 | H11: 42.18 | I11: 0.66 | J11: 0.17 | K11: 323.97 | L11: 19.52 | M11: 53.96 | N11: 4.6 | O11: 0 | P11: 1.24 | Q11: 29.27
A12: 16-02-2023 04:00 | B12: 21.46 | C12: 89.37 | D12: 65.88 | E12: 8.02 | F12: 4.53 | G12: 122.9 | H12: 52.15 | I12: 0.66 | J12: 0.13 | K12: 311.62 | L12: 18.45 | M12: 60.26 | N12: 4.7 | O12: 0 | P12: 1.23 | Q12: 30
A13: 16-02-2023 05:00 | B13: 26.34 | C13: 90.13 | D13: 70.86 | E13: 8.13 | F13: 4.5 | G13: 139.75 | H13: 55.22 | I13: 0.65 | J13: 0.12 | K13: 350.68 | L13: 17.25 | M13: 58.96 | N13: 4.5 | O13: 0 | P13: 1.29 | Q13: 29.41
A14: 16-02-2023 06:00 | B14: 31.32 | C14: 93.4 | D14: 76.66 | E14: 9.25 | F14: 4.54 | G14: 151.34 | H14: 62.53 | I14: 0.72 | J14: 0.18 | K14: 359.74 | L14: 17.73 | M14: 56.75 | N14: 4.2 | O14: 0 | P14: 1.37 | Q14: 28.44
A15: 16-02-2023 07:00 | B15: 36.39 | C15: 97.2 | D15: 82.82 | E15: 10.21 | F15: 4.51 | G15: 159.56 | H15: 67.09 | I15: 0.69 | J15: 0.35 | K15: 271.14 | L15: 18.03 | M15: 53.08 | N15: 26.4 | O15: 0 | P15: 1.51 | Q15: 29.88
A16: 16-02-2023 08:00 | B16: 44.71 | C16: 104.29 | D16: 93.4 | E16: 14.22 | F16: 4.51 | G16: 176.69 | H16: 75.95 | I16: 0.68 | J16: 0.65 | K16: 269.42 | L16: 20.41 | M16: 52.11 | N16: 207.1 | O16: 0 | P16: 1.58 | Q16: 29.97
A17: 16-02-2023 09:00 | B17: 43.28 | C17: 108.04 | D17: 92.38 | E17: 11.26 | F17: 4.56 | G17: 176.69 | H17: 75.95 | I17: 0.7 | J17: 0.41 | K17: 256.67 | L17: 28.22 | M17: 50.17 | N17: 360 | O17: 0 | P17: 1.6 | Q17: 29.65
A18: 16-02-2023 10:00 | B18: 39.22 | C18: 110.4 | D18: 92.13 | E18: 12.16 | F18: 5.86 | G18: 152.52 | H18: 71.12 | I18: 0.69 | J18: 1.23 | K18: 23.64 | L18: 34.52 | M18: 26.92 | N18: 464.2 | O18: 0 | P18: 1.61 | Q18: 30.15
A19: 16-02-2023 11:00 | B19: 32.59 | C19: 110.6 | D19: 87.18 | E19: 11.28 | F19: 7.92 | G19: 146.01 | H19: 68.9 | I19: 0.69 | J19: 1.54 | K19: 22.63 | L19: 35.62 | M19: 15.72 | N19: 517.7 | O19: 0 | P19: 1.54 | Q19: 30.6
A20: 16-02-2023 12:00 | B20: 3.12 | C20: 79.72 | D20: 46.5 | E20: Calib. | F20: 8.64 | G20: Calib. | H20: Calib. | I20: 0.53 | J20: 1.58 | K20: 359.97 | L20: 36.69 | M20: 14.89 | N20: 589.4 | O20: 0 | P20: 0.9 | Q20: 17.04
A21: 16-02-2023 13:00 | B21: 2.48 | C21: 74.82 | D21: 43.28 | E21: 10.1 | F21: 8.12 | G21: 41.38 | H21: 25.42 | I21: 0.53 | J21: 1.47 | K21: 357.9 | L21: 36.68 | M21: 14.94 | N21: 602 | O21: 0 | P21: 0.59 | Q21: 17.41
A22: 16-02-2023 14:00 | B22: 4.45 | C22: 68.75 | D22: 39.9 | E22: 3.97 | F22: 7.5 | G22: 46.2 | H22: 25.42 | I22: 0.51 | J22: 1.81 | K22: 14.51 | L22: 36.67 | M22: 14.33 | N22: 538.7 | O22: 0 | P22: 0.57 | Q22: 18.76
A23: 16-02-2023 15:00 | B23: 2.57 | C23: 66.02 | D23: 38.48 | E23: 4.25 | F23: 5.31 | G23: 46.2 | H23: 23.61 | I23: 0.53 | J23: 1.55 | K23: 353.82 | L23: 36.45 | M23: 15.49 | N23: 462.8 | O23: 0 | P23: 0.55 | Q23: 20.04
A24: 16-02-2023 16:00 | B24: 4.5 | C24: 67.4 | D24: 40.11 | E24: 4.39 | F24: 11.97 | G24: 42.23 | H24: 23.61 | I24: 0.52 | J24: 1.83 | K24: 358.63 | L24: 35.8 | M24: 16.72 | N24: 381.4 | O24: 0 | P24: 0.54 | Q24: 20.51
A25: 16-02-2023 17:00 | B25: 5.65 | C25: 67.8 | D25: 41.77 | E25: 4.04 | F25: 10.62 | G25: 41.54 | H25: 17.5 | I25: 0.53 | J25: 1.43 | K25: 15.95 | L25: 33.22 | M25: 19.49 | N25: 194.3 | O25: 0 | P25: 0.58 | Q25: 21.31
A26: 16-02-2023 18:00 | B26: 8.56 | C26: 82.8 | D26: 52.56 | E26: 3.41 | F26: 6.5 | G26: 38.54 | H26: 13.06 | I26: 0.56 | J26: 1.52 | K26: 25.03 | L26: 31.04 | M26: 22.56 | N26: 34.8 | O26: 0 | P26: 0.77 | Q26: 22.48
A27: 16-02-2023 19:00 | B27: 19.03 | C27: 100.93 | D27: 70.96 | E27: 3.97 | F27: 3.91 | G27: 49.02 | H27: 17.38 | I27: 0.63 | J27: 0.18 | K27: 335.64 | L27: 28.13 | M27: 34.26 | N27: 5.3 | O27: 0 | P27: 1.13 | Q27: 24.39
A28: 16-02-2023 20:00 | B28: 46.24 | C28: 119.38 | D28: 102.97 | E28: 5.86 | F28: 1.91 | G28: 154.65 | H28: 30.42 | I28: 0.86 | J28: 0.2 | K28: 345.56 | L28: 25.38 | M28: 38.26 | N28: 4.4 | O28: 0 | P28: 1.68 | Q28: 25.64
A29: 16-02-2023 21:00 | B29: 51.67 | C29: 119.48 | D29: 107.37 | E29: 5.13 | F29: 1.8 | G29: 154.65 | H29: 38.25 | I29: 0.95 | J29: 0.26 | K29: 108.89 | L29: 24.76 | M29: 47.64 | N29: 4.4 | O29: 0 | P29: 1.67 | Q29: 28.81
A30: 16-02-2023 22:00 | B30: 50.38 | C30: 117.94 | D30: 105.49 | E30: 5.11 | F30: 1.67 | G30: 150.37 | H30: 46.89 | I30: 1.01 | J30: 0.78 | K30: 78.75 | L30: 25.04 | M30: 41.79 | N30: 4.4 | O30: 0 | P30: 1.89 | Q30: 31.11
A31: 16-02-2023 23:00 | B31: 48.74 | C31: 121.8 | D31: 106.3 | E31: 5.52 | F31: 2.1 | G31: 150.37 | H31: 46.89 | I31: 1.04 | J31: 0.4 | K31: 68.76 | L31: 24.46 | M31: 35.24 | N31: 4.4 | O31: 0 | P31: 1.87 | Q31: 30.94
A32: 16-02-2023 24:00 | B32: 40.18 | C32: 115.57 | D32: 96 | E32: 5.57 | F32: 3.55 | G32: 110.92 | H32: 43.55 | I32: 0.99 | J32: 0.35 | K32: 77.56 | L32: 23.54 | M32: 36.18 | N32: 4.3 | O32: 0 | P32: 1.74 | Q32: 30.65
A34: Min | B34: =MIN(B9:B32) -> 2.48 | C34: =MIN(C9:C32) -> 66.02 | D34: =MIN(D9:D32) -> 38.48 | E34: =MIN(E9:E32) -> 3.41 | F34: =MIN(F9:F32) -> 1.67 | G34: =MIN(G9:G32) -> 38.54 | H34: =MIN(H9:H32) -> 13.06 | I34: =MIN(I9:I32) -> 0.51 | ... Q34: =MIN(Q9:Q32) -> 17.04
A35: Max | B35: =MAX(B9:B32) -> 51.67 | C35: =MAX(C9:C32) -> 121.8 | D35: =MAX(D9:D32) -> 107.37 | E35: =MAX(E9:E32) -> 14.22 | F35: =MAX(F9:F32) -> 11.97 | G35: =MAX(G9:G32) -> 176.69 | H35: =MAX(H9:H32) -> 75.95 | I35: =MAX(I9:I32) -> 1.04 | ... Q35: =MAX(Q9:Q32) -> 31.11
A36: Avg | B36: =AVERAGE(B9:B32) -> 26.7025 | C36: =AVERAGE(C9:C32) -> 95.55375 | D36: =AVERAGE(D9:D32) -> 73.924167 | E36: =AVERAGE(E9:E32) -> 7.6043478 | F36: =AVERAGE(F9:F32) -> 5.3454167 | G36: =AVERAGE(G9:G32) -> 109.82826 | H36: =AVERAGE(H9:H32) -> 43.081739 | I36: =AVERAGE(I9:I32) -> 0.70125 | ... Q36: =AVERAGE(Q9:Q32) -> 26.522083
A37: Stdev | B37: =STDEV(B9:B32) -> 17.172267 | C37: =STDEV(C9:C32) -> 18.116032 | D37: =STDEV(D9:D32) -> 23.527538 | E37: =STDEV(E9:E32) -> 3.1849987 | F37: =STDEV(F9:F32) -> 2.6588523 | G37: =STDEV(G9:G32) -> 50.942425 | H37: =STDEV(H9:H32) -> 19.980833 | I37: =STDEV(I9:I32) -> 0.16211409 | ... Q37: =STDEV(Q9:Q32) -> 4.8650287
A38: Num | B38: =COUNT(B9:B32) -> 24 | C38: =COUNT(C9:C32) -> 24 | D38: =COUNT(D9:D32) -> 24 | E38: =COUNT(E9:E32)+1 -> 24 | F38: =COUNT(F9:F32) -> 24 | G38: =COUNT(G9:G32)+1 -> 24 | H38: =COUNT(H9:H32)+1 -> 24 | I38: =COUNT(I9:I32) -> 24 | J38: =COUNT(J9:J32) -> 24 | K38: =COUNT(K9:K32) -> 24 | L38: =COUNT(L9:L32) -> 24 | M38: =COUNT(M9:M32) -> 24 | N38: =COUNT(N9:N32) -> 24 | O38: =COUNT(O9:O32) -> 24 | P38: =COUNT(P9:P32) -> 24 | Q38: =COUNT(Q9:Q32) -> 24
A39: DCR | B39: =IF(B38>=22,">90%",IF(B38<=22,"<90%")) -> >90% | C39: =IF(C38>=22,">90%",IF(C38<=22,"<90%")) -> >90% | D39: =IF(D38>=22,">90%",IF(D38<=22,"<90%")) -> >90% | E39: =IF(E38>=22,">90%",IF(E38<=22,"<90%")) -> >90% | F39: =IF(F38>=22,">90%",IF(F38<=22,"<90%")) -> >90% | G39: =IF(G38>=22,">90%",IF(G38<=22,"<90%")) -> >90% | H39: =IF(H38>=22,">90%",IF(H38<=22,"<90%")) -> >90% | I39: =IF(I38>=22,">90%",IF(I38<=22,"<90%")) -> >90% | ... Q39: =IF(Q38>=22,">90%",IF(Q38<=22,"<90%")) -> >90%
A40: Status | B40: =IF(B38>=22,"OK",IF(B38<=22,"LESS")) -> OK | C40: =IF(C38>=22,"OK",IF(C38<=22,"LESS")) -> OK | D40: =IF(D38>=22,"OK",IF(D38<=22,"LESS")) -> OK | E40: =IF(E38>=22,"OK",IF(E38<=22,"LESS")) -> OK | F40: =IF(F38>=22,"OK",IF(F38<=22,"LESS")) -> OK | G40: =IF(G38>=22,"OK",IF(G38<=22,"LESS")) -> OK | H40: =IF(H38>=22,"OK",IF(H38<=22,"LESS")) -> OK | I40: =IF(I38>=22,"OK",IF(I38<=22,"LESS")) -> OK | ... Q40: =IF(Q38>=22,"OK",IF(Q38<=22,"LESS")) -> OK
A43: Done by | B43: RAHUL
A45: Comment

Sheet 17
A1: Station: | B1: BHATAGAON RAIPUR
A2: Date: | B2: =$A$9 -> 17-02-2023 01:00 | D2: Power Off | G2: Pw.Off | L2: Link Fail | N2: Link F | P2: Maintenance | R2: Maint.
A3: Report Type: | B3: Mean | D3: Calibration | G3: Calib. | L3: Data Fail | N3: Data F | P3: Invalid | R3: Invalid
A4: Time Base: | B4: 01 Hour | D4: Zero Referrence | G4: Z.Ref | L4: Warm Up | N4: Wm. Up
A7: Date & Time | B7: NO_BHATAGAON | C7: NO2_BHATAGAON | D7: NOX_BHATAGAON | E7: SO2_BHATAGAON | F7: O3_BHATAGAON | G7: PM10_BHATAGAON | H7: PM2_5_BHATAGAON | I7: BENZ_BHATAGAON | J7: WS_BHATAGAON | K7: WD_BHATAGAON | L7: TEMP_BHATAGAON | M7: HUM BHATAGAON | N7: SR_BHATAGAON | O7: RG_BHATAGAON | P7: CO_BHATAGAON | Q7: NH3_BHATAGAON
B8: ug/m3 | C8: ug/m3 | D8: ppb | E8: ug/m3 | F8: ug/m3 | G8: mg/m3 | H8: ug/m3 | I8: ug/m3 | J8: m/sec | K8: deg | L8: degreC | M8: % | N8: w/m2 | O8: mm | P8: ug/m3 | Q8: ug/m3
A9: 17-02-2023 01:00 | B9: 35.89 | C9: 107.24 | D9: 87.4 | E9: 4.45 | F9: 3.48 | G9: 110.92 | H9: 40.06 | I9: 0.98 | J9: 0.37 | K9: 72.24 | L9: 22.67 | M9: 38.03 | N9: 4.3 | O9: 0 | P9: 1.62 | Q9: 31.7
A10: 17-02-2023 02:00 | B10: 27.67 | C10: 103.09 | D10: 79.08 | E10: 4.02 | F10: 1.55 | G10: 72.67 | H10: 31.02 | I10: 0.9 | J10: 0.38 | K10: 82.89 | L10: 21.95 | M10: 40.46 | N10: 4.1 | O10: 0 | P10: 1.38 | Q10: 31.16
A11: 17-02-2023 03:00 | B11: 14.56 | C11: 93.58 | D11: 63.32 | E11: 4.36 | F11: 3.3 | G11: 72.15 | H11: 30.17 | I11: 0.77 | J11: 0.71 | K11: 66.36 | L11: 21.36 | M11: 42.66 | N11: 4.2 | O11: 0 | P11: 1.19 | Q11: 29.32
A12: 17-02-2023 04:00 | B12: 9.39 | C12: 88.13 | D12: 56.14 | E12: 4.83 | F12: 2.84 | G12: 52.05 | H12: 27.76 | I12: 0.72 | J12: 0.59 | K12: 27.24 | L12: 20.89 | M12: 45.78 | N12: 4.2 | O12: 0 | P12: 1.04 | Q12: 27.79
A13: 17-02-2023 05:00 | B13: 7.12 | C13: 89.71 | D13: 54.94 | E13: 8.19 | F13: 1.81 | G13: 84.05 | H13: 30.75 | I13: 0.74 | J13: 0.75 | K13: 49.9 | L13: 20.25 | M13: 51.7 | N13: 4.5 | O13: 0 | P13: 1.09 | Q13: 28.71
A14: 17-02-2023 06:00 | B14: 7.79 | C14: 93.21 | D14: 57.69 | E14: 8.17 | F14: 1.8 | G14: 114.84 | H14: 37.99 | I14: 0.66 | J14: 0.5 | K14: 79.19 | L14: 19.52 | M14: 54.41 | N14: 4.2 | O14: 0 | P14: 1.48 | Q14: 28.39
A15: 17-02-2023 07:00 | B15: 9.91 | C15: 95.84 | D15: 60.84 | E15: 6.77 | F15: 1.55 | G15: 114.84 | H15: 42.23 | I15: 0.64 | J15: 0.25 | K15: 75.19 | L15: 18.56 | M15: 57.75 | N15: 26.1 | O15: 0 | P15: 1.61 | Q15: 27.28
A16: 17-02-2023 08:00 | B16: 14.64 | C16: 100.63 | D16: 67.28 | E16: 7.88 | F16: 1.59 | G16: 121.56 | H16: 47.67 | I16: 0.64 | J16: 1.1 | K16: 24.61 | L16: 23.34 | M16: 54.76 | N16: 185.8 | O16: 0 | P16: 1.78 | Q16: 28.7
A17: 17-02-2023 09:00 | B17: 14.31 | C17: 104.76 | D17: 67.7 | E17: 10.24 | F17: 1.79 | G17: 125.05 | H17: 50.02 | I17: 0.65 | J17: 1.64 | K17: 24.74 | L17: 27.26 | M17: 38.71 | N17: 338.5 | O17: 0 | P17: 1.76 | Q17: 28.66
A18: 17-02-2023 10:00 | B18: 11.4 | C18: 106.78 | D18: 68.08 | E18: 10.02 | F18: 3.65 | G18: 125.05 | H18: 50.11 | I18: 0.62 | J18: 0.83 | K18: 58.25 | L18: 29.22 | M18: 32.68 | N18: 562.9 | O18: 0 | P18: 1.6 | Q18: 26.96
A19: 17-02-2023 11:00 | B19: 9.47 | C19: 107.5 | D19: 66.91 | E19: 8.88 | F19: 4.12 | G19: 105.81 | H19: 50.11 | I19: 0.61 | J19: 0.87 | K19: 102.86 | L19: 30.73 | M19: 31.17 | N19: 582.9 | O19: 0 | P19: 1.45 | Q19: 26.48
A20: 17-02-2023 12:00 | B20: 7.1 | C20: 107.76 | D20: 64.34 | E20: 7.76 | F20: 3.07 | G20: 77.88 | H20: 42.53 | I20: 0.64 | J20: 0.88 | K20: 359.33 | L20: 34.78 | M20: 27.54 | N20: 573 | O20: 0 | P20: 1.38 | Q20: 28.18
... A32: 17-02-2023 24:00 | B32: 45.65 | C32: 141.44 | D32: 114.67 | E32: 6.98 | F32: 3.42 | G32: 232.75 | H32: 75.36 | I32: 1.17 | J32: 0.61 | K32: 349.81 | L32: 22.23 | M32: 50.53 | N32: 4.5 | O32: 0 | P32: 2.65 | Q32: 34.04
A34: Min | B34: =MIN(B9:B32) -> 2.07 | C34: =MIN(C9:C32) -> 88.13 | D34: =MIN(D9:D32) -> 54.94 | E34: =MIN(E9:E32) -> 4.02 | F34: =MIN(F9:F32) -> 1.48 | G34: =MIN(G9:G32) -> 52.05 | H34: =MIN(H9:H32) -> 27.76 | I34: =MIN(I9:I32) -> 0.59 | ... Q34: =MIN(Q9:Q32) -> 26.48
A35: Max | B35: =MAX(B9:B32) -> 47.78 | C35: =MAX(C9:C32) -> 141.61 | D35: =MAX(D9:D32) -> 116.39 | E35: =MAX(E9:E32) -> 25.88 | F35: =MAX(F9:F32) -> 12.33 | G35: =MAX(G9:G32) -> 232.75 | H35: =MAX(H9:H32) -> 75.36 | I35: =MAX(I9:I32) -> 1.19 | ... Q35: =MAX(Q9:Q32) -> 34.39
A36: Avg | B36: =AVERAGE(B9:B32) -> 15.340833 | C36: =AVERAGE(C9:C32) -> 108.11875 | D36: =AVERAGE(D9:D32) -> 71.580833 | E36: =AVERAGE(E9:E32) -> 9.5133333 | F36: =AVERAGE(F9:F32) -> 4.32125 | G36: =AVERAGE(G9:G32) -> 111.86 | H36: =AVERAGE(H9:H32) -> 44.264583 | I36: =AVERAGE(I9:I32) -> 0.74791667 | ... Q36: =AVERAGE(Q9:Q32) -> 29.181667
A37: Stdev | B37: =STDEV(B9:B32) -> 14.389591 | C37: =STDEV(C9:C32) -> 16.55476 | D37: =STDEV(D9:D32) -> 19.502278 | E37: =STDEV(E9:E32) -> 4.7483184 | F37: =STDEV(F9:F32) -> 3.288793 | G37: =STDEV(G9:G32) -> 50.974256 | H37: =STDEV(H9:H32) -> 12.588694 | I37: =STDEV(I9:I32) -> 0.18756979 | ... Q37: =STDEV(Q9:Q32) -> 2.1370473
A38: Num | B38: =COUNT(B9:B32) -> 24 | C38: =COUNT(C9:C32) -> 24 | D38: =COUNT(D9:D32) -> 24 | E38: =COUNT(E9:E32) -> 24 | F38: =COUNT(F9:F32) -> 24 | G38: =COUNT(G9:G32) -> 24 | H38: =COUNT(H9:H32) -> 24 | I38: =COUNT(I9:I32) -> 24 | ... Q38: =COUNT(Q9:Q32) -> 24
A39: DCR | B39: =IF(B38>=22,">90%",IF(B38<=22,"<90%")) -> >90% | C39: =IF(C38>=22,">90%",IF(C38<=22,"<90%")) -> >90% | D39: =IF(D38>=22,">90%",IF(D38<=22,"<90%")) -> >90% | E39: =IF(E38>=22,">90%",IF(E38<=22,"<90%")) -> >90% | F39: =IF(F38>=22,">90%",IF(F38<=22,"<90%")) -> >90% | G39: =IF(G38>=22,">90%",IF(G38<=22,"<90%")) -> >90% | H39: =IF(H38>=22,">90%",IF(H38<=22,"<90%")) -> >90% | I39: =IF(I38>=22,">90%",IF(I38<=22,"<90%")) -> >90% | ... Q39: =IF(Q38>=22,">90%",IF(Q38<=22,"<90%")) -> >90%
A40: Status | B40: =IF(B38>=22,"OK",IF(B38<=22,"LESS")) -> OK | C40: =IF(C38>=22,"OK",IF(C38<=22,"LESS")) -> OK | D40: =IF(D38>=22,"OK",IF(D38<=22,"LESS")) -> OK | E40: =IF(E38>=22,"OK",IF(E38<=22,"LESS")) -> OK | F40: =IF(F38>=22,"OK",IF(F38<=22,"LESS")) -> OK | G40: =IF(G38>=22,"OK",IF(G38<=22,"LESS")) -> OK | H40: =IF(H38>=22,"OK",IF(H38<=22,"LESS")) -> OK | I40: =IF(I38>=22,"OK",IF(I38<=22,"LESS")) -> OK | ... Q40: =IF(Q38>=22,"OK",IF(Q38<=22,"LESS")) -> OK
A43: Done by | B43: RAHUL
A45: Comment

Sheet 18
A1: Station: | B1: BHATAGAON RAIPUR
A2: Date: | B2: =$A$9 -> 18-02-2023 01:00 | D2: Power Off | G2: Pw.Off | L2: Link Fail | N2: Link F | P2: Maintenance | R2: Maint.
A3: Report Type: | B3: Mean | D3: Calibration | G3: Calib. | L3: Data Fail | N3: Data F | P3: Invalid | R3: Invalid
A4: Time Base: | B4: 01 Hour | D4: Zero Referrence | G4: Z.Ref | L4: Warm Up | N4: Wm. Up
A7: Date & Time | B7: NO_BHATAGAON | C7: NO2_BHATAGAON | D7: NOX_BHATAGAON | E7: SO2_BHATAGAON | F7: O3_BHATAGAON | G7: PM10_BHATAGAON | H7: PM2_5_BHATAGAON | I7: BENZ_BHATAGAON | J7: WS_BHATAGAON | K7: WD_BHATAGAON | L7: TEMP_BHATAGAON | M7: HUM BHATAGAON | N7: SR_BHATAGAON | O7: RG_BHATAGAON | P7: CO_BHATAGAON | Q7: NH3_BHATAGAON
B8: ug/m3 | C8: ug/m3 | D8: ppb | E8: ug/m3 | F8: ug/m3 | G8: mg/m3 | H8: ug/m3 | I8: ug/m3 | J8: m/sec | K8: deg | L8: degreC | M8: % | N8: w/m2 | O8: mm | P8: ug/m3 | Q8: ug/m3
A9: 18-02-2023 01:00 | B9: 32.68 | C9: 131.2 | D9: 98.61 | E9: 9.45 | F9: 2.83 | G9: 134.09 | H9: 69.59 | I9: 0.98 | J9: 0.34 | K9: 44.45 | L9: 21.44 | M9: 57.17 | N9: 4.7 | O9: 0 | P9: 2.43 | Q9: 32.09
A10: 18-02-2023 02:00 | B10: 27.19 | C10: 121.31 | D10: 88.76 | E10: 8.75 | F10: 3.03 | G10: 137.09 | H10: 67.36 | I10: 0.94 | J10: 1.13 | K10: 34.12 | L10: 21.61 | M10: 53.46 | N10: 3.9 | O10: 0 | P10: 2.25 | Q10: 32.7
A11: 18-02-2023 03:00 | B11: 17.84 | C11: 117.51 | D11: 79.15 | E11: 9.93 | F11: 2.03 | G11: 137.09 | H11: 67.36 | I11: 0.89 | J11: 0.99 | K11: 37.31 | L11: 21.55 | M11: 52.64 | N11: 4.5 | O11: 0 | P11: 2.01 | Q11: 31.87
A12: 18-02-2023 04:00 | B12: 8.26 | C12: 108.6 | D12: 66.56 | E12: 11.88 | F12: 3.08 | G12: 156.67 | H12: 66.97 | I12: 0.78 | J12: 0.91 | K12: 24.4 | L12: 21.25 | M12: 52.16 | N12: 4.5 | O12: 0 | P12: 1.88 | Q12: 29.8
A13: 18-02-2023 05:00 | B13: 5.59 | C13: 101.01 | D13: 60.23 | E13: 7.69 | F13: 4.04 | G13: 156.67 | H13: 66.97 | I13: 0.71 | J13: 0.61 | K13: 36.81 | L13: 21.02 | M13: 51.77 | N13: 4.5 | O13: 0 | P13: 1.82 | Q13: 28.29
A14: 18-02-2023 06:00 | B14: 3.82 | C14: 96.44 | D14: 56.29 | E14: 6.33 | F14: 2.75 | G14: 107.27 | H14: 62.46 | I14: 0.7 | J14: 0.39 | K14: 67.62 | L14: 20.15 | M14: 53.82 | N14: 4.4 | O14: 0 | P14: 1.63 | Q14: 29.55
A15: 18-02-2023 07:00 | B15: 2.7 | C15: 92.24 | D15: 53 | E15: 5.52 | F15: 2.32 | G15: 85.78 | H15: 54.91 | I15: 0.67 | J15: 0.91 | K15: 129.18 | L15: 20.12 | M15: 54.3 | N15: 26.5 | O15: 0 | P15: 1.42 | Q15: 29
A16: 18-02-2023 08:00 | B16: 4.36 | C16: 91.83 | D16: 54.18 | E16: 5.07 | F16: 1.7 | G16: 85.22 | H16: 46.6 | I16: 0.64 | J16: 0.39 | K16: 227.62 | L16: 22.36 | M16: 57.56 | N16: 172 | O16: 0 | P16: 1.28 | Q16: 27.49
A17: 18-02-2023 09:00 | B17: 5 | C17: 92.03 | D17: 54.65 | E17: 6.55 | F17: 2.19 | G17: 116.26 | H17: 50.68 | I17: 0.65 | J17: 1.6 | K17: 107.68 | L17: 24.66 | M17: 49.96 | N17: 361.2 | O17: 0 | P17: 1.27 | Q17: 29.08
A18: 18-02-2023 10:00 | B18: 4.48 | C18: 93.28 | D18: 54.37 | E18: 5.75 | F18: 2.59 | G18: 116.26 | H18: 50.68 | I18: 0.66 | J18: 0.89 | K18: 104.83 | L18: 27.5 | M18: 41.25 | N18: 520.5 | O18: 0 | P18: 1.23 | Q18: 29.28
A19: 18-02-2023 11:00 | B19: 3.02 | C19: 92.99 | D19: 53.33 | E19: 23.65 | F19: 40.57 | G19: 92 | H19: 47.56 | I19: 0.67 | J19: 0.8 | K19: 132.38 | L19: 30.18 | M19: 34.38 | N19: 539.1 | O19: 0 | P19: 1.22 | Q19: 28.65
A20: 18-02-2023 12:00 | B20: 1.98 | C20: 60.46 | D20: 34.95 | E20: 14.86 | F20: 23.47 | G20: 88.43 | H20: 44.42 | I20: 0.54 | J20: 0.86 | K20: 151.39 | L20: 31.28 | M20: 30.9 | N20: 557.6 | O20: 0 | P20: 0.8 | Q20: 15.94
... A32: 18-02-2023 24:00 | B32: 30.91 | C32: 127.33 | D32: 94.91 | E32: 6.55 | F32: 1.68 | G32: 177.27 | H32: 83.5 | I32: 1.4 | J32: 0.2 | K32: 283.17 | L32: 22.71 | M32: 60.8 | N32: 4.8 | O32: 0 | P32: 3.49 | Q32: 37.74
A34: Min | B34: =MIN(B9:B32) -> 1.55 | C34: =MIN(C9:C32) -> 50.48 | D34: =MIN(D9:D32) -> 29.11 | E34: =MIN(E9:E32) -> 5.07 | F34: =MIN(F9:F32) -> 1.68 | G34: =MIN(G9:G32) -> 50.94 | H34: =MIN(H9:H32) -> 32.9 | I34: =MIN(I9:I32) -> 0.49 | ... Q34: =MIN(Q9:Q32) -> 15.82
A35: Max | B35: =MAX(B9:B32) -> 32.84 | C35: =MAX(C9:C32) -> 141.42 | D35: =MAX(D9:D32) -> 101.33 | E35: =MAX(E9:E32) -> 33.09 | F35: =MAX(F9:F32) -> 40.57 | G35: =MAX(G9:G32) -> 220.74 | H35: =MAX(H9:H32) -> 115.7 | I35: =MAX(I9:I32) -> 1.4 | ... Q35: =MAX(Q9:Q32) -> 37.74
A36: Avg | B36: =AVERAGE(B9:B32) -> 10.787917 | C36: =AVERAGE(C9:C32) -> 98.155 | D36: =AVERAGE(D9:D32) -> 62.587917 | E36: =AVERAGE(E9:E32) -> 13.03125 | F36: =AVERAGE(F9:F32) -> 11.212083 | G36: =AVERAGE(G9:G32) -> 115.85458 | H36: =AVERAGE(H9:H32) -> 57.759583 | I36: =AVERAGE(I9:I32) -> 0.78333333 | ... Q36: =AVERAGE(Q9:Q32) -> 27.750417
A37: Stdev | B37: =STDEV(B9:B32) -> 11.283199 | C37: =STDEV(C9:C32) -> 26.880647 | D37: =STDEV(D9:D32) -> 22.913482 | E37: =STDEV(E9:E32) -> 7.458673 | F37: =STDEV(F9:F32) -> 12.388456 | G37: =STDEV(G9:G32) -> 49.2741 | H37: =STDEV(H9:H32) -> 22.994864 | I37: =STDEV(I9:I32) -> 0.27398297 | ... Q37: =STDEV(Q9:Q32) -> 6.2997664
A38: Num | B38: =COUNT(B9:B32) -> 24 | C38: =COUNT(C9:C32) -> 24 | D38: =COUNT(D9:D32) -> 24 | E38: =COUNT(E9:E32) -> 24 | F38: =COUNT(F9:F32) -> 24 | G38: =COUNT(G9:G32) -> 24 | H38: =COUNT(H9:H32) -> 24 | I38: =COUNT(I9:I32) -> 24 | ... Q38: =COUNT(Q9:Q32) -> 24
A39: DCR | B39: =IF(B38>=22,">90%",IF(B38<=22,"<90%")) -> >90% | C39: =IF(C38>=22,">90%",IF(C38<=22,"<90%")) -> >90% | D39: =IF(D38>=22,">90%",IF(D38<=22,"<90%")) -> >90% | E39: =IF(E38>=22,">90%",IF(E38<=22,"<90%")) -> >90% | F39: =IF(F38>=22,">90%",IF(F38<=22,"<90%")) -> >90% | G39: =IF(G38>=22,">90%",IF(G38<=22,"<90%")) -> >90% | H39: =IF(H38>=22,">90%",IF(H38<=22,"<90%")) -> >90% | I39: =IF(I38>=22,">90%",IF(I38<=22,"<90%")) -> >90% | ... Q39: =IF(Q38>=22,">90%",IF(Q38<=22,"<90%")) -> >90%
A40: Status | B40: =IF(B38>=22,"OK",IF(B38<=22,"LESS")) -> OK | C40: =IF(C38>=22,"OK",IF(C38<=22,"LESS")) -> OK | D40: =IF(D38>=22,"OK",IF(D38<=22,"LESS")) -> OK | E40: =IF(E38>=22,"OK",IF(E38<=22,"LESS")) -> OK | F40: =IF(F38>=22,"OK",IF(F38<=22,"LESS")) -> OK | G40: =IF(G38>=22,"OK",IF(G38<=22,"LESS")) -> OK | H40: =IF(H38>=22,"OK",IF(H38<=22,"LESS")) -> OK | I40: =IF(I38>=22,"OK",IF(I38<=22,"LESS")) -> OK | ... Q40: =IF(Q38>=22,"OK",IF(Q38<=22,"LESS")) -> OK
A43: Done by | B43: RAHUL
A45: Comment

Sheet 19
A1: Station: | B1: BHATAGAON RAIPUR
A2: Date: | B2: =$A$9 -> 19-02-2023 01:00 | D2: Power Off | G2: Pw.Off | L2: Link Fail | N2: Link F | P2: Maintenance | R2: Maint.
A3: Report Type: | B3: Mean | D3: Calibration | G3: Calib. | L3: Data Fail | N3: Data F | P3: Invalid | R3: Invalid
A4: Time Base: | B4: 01 Hour | D4: Zero Referrence | G4: Z.Ref | L4: Warm Up | N4: Wm. Up
A7: Date & Time | B7: NO_BHATAGAON | C7: NO2_BHATAGAON | D7: NOX_BHATAGAON | E7: SO2_BHATAGAON | F7: O3_BHATAGAON | G7: PM10_BHATAGAON | H7: PM2_5_BHATAGAON | I7: BENZ_BHATAGAON | J7: WS_BHATAGAON | K7: WD_BHATAGAON | L7: TEMP_BHATAGAON | M7: HUM BHATAGAON | N7: SR_BHATAGAON | O7: RG_BHATAGAON | P7: CO_BHATAGAON | Q7: NH3_BHATAGAON
B8: ug/m3 | C8: ug/m3 | D8: ppb | E8: ug/m3 | F8: ug/m3 | G8: mg/m3 | H8: ug/m3 | I8: ug/m3 | J8: m/sec | K8: deg | L8: degreC | M8: % | N8: w/m2 | O8: mm | P8: ug/m3 | Q8: ug/m3
A9: 19-02-2023 01:00 | B9: 43.72 | C9: 131.22 | D9: 107.48 | E9: 5.56 | F9: 1.64 | G9: 177.27 | H9: 115.07 | I9: 1.35 | J9: 0.14 | K9: 142.56 | L9: 21.64 | M9: 64.61 | N9: 4.7 | O9: 0 | P9: 3.65 | Q9: 36.98
A10: 19-02-2023 02:00 | B10: 42.06 | C10: 127.76 | D10: 104.24 | E10: 6.2 | F10: 2.05 | G10: 249.45 | H10: 117.09 | I10: 1.35 | J10: 0.34 | K10: 313.31 | L10: 22.59 | M10: 63.4 | N10: 4.8 | O10: 0 | P10: 3.48 | Q10: 35.53
A11: 19-02-2023 03:00 | B11: 37.66 | C11: 119.04 | D11: 95.81 | E11: 5.48 | F11: 1.96 | G11: 249.45 | H11: 117.09 | I11: 1.36 | J11: 0.14 | K11: 355.66 | L11: 21.06 | M11: 68.14 | N11: 4.7 | O11: 0 | P11: 3.3 | Q11: 36.39
A12: 19-02-2023 04:00 | B12: 35.6 | C12: 113.96 | D12: 91.44 | E12: 4.87 | F12: 1.56 | G12: 192.12 | H12: 103.46 | I12: 1.31 | J12: 0.1 | K12: 340.76 | L12: 20.31 | M12: 70.44 | N12: 4.6 | O12: 0 | P12: 3.08 | Q12: 36.01
A13: 19-02-2023 05:00 | B13: 32.31 | C13: 109.8 | D13: 86.51 | E13: 5.65 | F13: 1.69 | G13: 190.48 | H13: 103.46 | I13: 1.14 | J13: 0.13 | K13: 356.08 | L13: 19.88 | M13: 72.66 | N13: 4.6 | O13: 0 | P13: 2.83 | Q13: 34.51
A14: 19-02-2023 06:00 | B14: 35.96 | C14: 106.18 | D14: 86.79 | E14: 5.45 | F14: 1.49 | G14: 218.47 | H14: 102.71 | I14: 1.09 | J14: 0.1 | K14: 159.32 | L14: 19.75 | M14: 73.57 | N14: 4.6 | O14: 0 | P14: 2.68 | Q14: 33.32
A15: 19-02-2023 07:00 | B15: 42.17 | C15: 109.86 | D15: 94.44 | E15: 5.76 | F15: 1.69 | G15: 218.47 | H15: 131.33 | I15: 1.07 | J15: 0.4 | K15: 273.7 | L15: 20.53 | M15: 69.04 | N15: 23.8 | O15: 0 | P15: 2.64 | Q15: 34.58
A16: 19-02-2023 08:00 | B16: 43.26 | C16: 111.28 | D16: 96.1 | E16: 6.14 | F16: 1.59 | G16: Invalid | H16: 131.33 | I16: 1.01 | J16: 0.65 | K16: 114.96 | L16: 22.78 | M16: 64.06 | N16: 151.5 | O16: 0 | P16: 2.56 | Q16: 34.55
A17: 19-02-2023 09:00 | B17: 33.67 | C17: 109.25 | D17: 87.29 | E17: 5.48 | F17: 1.63 | G17: 143.82 | H17: 127.62 | I17: 0.92 | J17: 1.03 | K17: 114.82 | L17: 26.31 | M17: 54.65 | N17: 317.8 | O17: 0 | P17: 2.42 | Q17: 32.85
A18: 19-02-2023 10:00 | B18: 25.94 | C18: 107.09 | D18: 79.11 | E18: 6.06 | F18: 3.36 | G18: 143.82 | H18: 92.11 | I18: 0.89 | J18: 0.64 | K18: 129.89 | L18: 29.03 | M18: 44.57 | N18: 502.5 | O18: 0 | P18: 2.22 | Q18: 34.06
A19: 19-02-2023 11:00 | B19: 16.62 | C19: 107.71 | D19: 72.27 | E19: 5.43 | F19: 2.23 | G19: 106.72 | H19: 70.63 | I19: 0.86 | J19: 0.53 | K19: 174.18 | L19: 31.28 | M19: 37.97 | N19: 528.3 | O19: 0 | P19: 1.96 | Q19: 33.98
A20: 19-02-2023 12:00 | B20: 4.83 | C20: 106.44 | D20: 62.62 | E20: 6.88 | F20: 8.12 | G20: 76.48 | H20: 44.73 | I20: 0.77 | J20: 0.52 | K20: 248.83 | L20: 32.08 | M20: 34.87 | N20: 535.6 | O20: 0 | P20: 1.62 | Q20: 32.27
A21: 19-02-2023 13:00 | B21: 2.41 | C21: 96.38 | D21: 54.85 | E21: 6.53 | F21: 8.53 | G21: 74.84 | H21: 44.73 | I21: 0.76 | J21: 1.18 | K21: 358.53 | L21: 36.82 | M21: 31.38 | N21: 511.2 | O21: 0 | P21: 1.38 | Q21: 30.53
A22: 19-02-2023 14:00 | B22: 2.48 | C22: 90.93 | D22: 51.59 | E22: 7.33 | F22: 10.61 | G22: 71.8 | H22: 39.56 | I22: 0.75 | J22: 1.09 | K22: 352.26 | L22: 36.39 | M22: 22.66 | N22: 487.4 | O22: 0 | P22: 1.32 | Q22: 32
A23: 19-02-2023 15:00 | B23: 1.14 | C23: 86.65 | D23: 48.56 | E23: 5.89 | F23: 7.95 | G23: 71.8 | H23: 39.56 | I23: 0.71 | J23: 0.78 | K23: 148.14 | L23: 35.34 | M23: 24.24 | N23: 408.5 | O23: 0 | P23: 1.14 | Q23: 31.01
A24: 19-02-2023 16:00 | B24: 2.45 | C24: 74.91 | D24: 43.19 | E24: 17.79 | F24: 43.78 | G24: 60.68 | H24: 33.27 | I24: 0.66 | J24: 0.52 | K24: 129.5 | L24: 33.69 | M24: 25.43 | N24: 283.9 | O24: 0 | P24: 0.97 | Q24: 29.81
A25: 19-02-2023 17:00 | B25: 2.77 | C25: 83.96 | D25: 48.09 | E25: 25.89 | F25: 40.16 | G25: 68.8 | H25: 33.01 | I25: 0.61 | J25: 0.85 | K25: 358.68 | L25: 32.3 | M25: 27.66 | N25: 122.2 | O25: 0 | P25: 1 | Q25: 30.89
A26: 19-02-2023 18:00 | B26: 2.98 | C26: 98.18 | D26: 56.58 | E26: 9.24 | F26: 10.71 | G26: 69.53 | H26: 34.91 | I26: 0.67 | J26: 1.29 | K26: 79.14 | L26: 31.07 | M26: 31.51 | N26: 41 | O26: 0 | P26: 1.35 | Q26: 31.97
A27: 19-02-2023 19:00 | B27: 17.35 | C27: 129.75 | D27: 85.52 | E27: 9.41 | F27: 5.79 | G27: 90.2 | H27: 42.09 | I27: 0.7 | J27: 0.13 | K27: 109.63 | L27: 27.98 | M27: 43.43 | N27: 5.3 | O27: 0 | P27: 1.77 | Q27: 31.11
A28: 19-02-2023 20:00 | B28: 33.58 | C28: 134.24 | D28: 101.01 | E28: 9.61 | F28: 5.77 | G28: 129.59 | H28: 45.83 | I28: 0.87 | J28: 0.26 | K28: 236.32 | L28: 25.65 | M28: 49.97 | N28: 4.4 | O28: 0 | P28: 2.24 | Q28: 30.82
... A32: 19-02-2023 24:00 | B32: 65.73 | C32: 144.96 | D32: 132.32 | E32: 5.14 | F32: 1.46 | G32: 159.06 | H32: 71.06 | I32: 1.29 | J32: 0.21 | K32: 341.43 | L32: 22.63 | M32: 64.43 | N32: 4.5 | O32: 0 | P32: 2.81 | Q32: 36.59
A34: Min | B34: =MIN(B9:B32) -> 1.14 | C34: =MIN(C9:C32) -> 74.91 | D34: =MIN(D9:D32) -> 43.19 | E34: =MIN(E9:E32) -> 4.87 | F34: =MIN(F9:F32) -> 1.46 | G34: =MIN(G9:G32) -> 60.68 | H34: =MIN(H9:H32) -> 33.01 | I34: =MIN(I9:I32) -> 0.61 | ... Q34: =MIN(Q9:Q32) -> 29.81
A35: Max | B35: =MAX(B9:B32) -> 65.73 | C35: =MAX(C9:C32) -> 147.02 | D35: =MAX(D9:D32) -> 133.49 | E35: =MAX(E9:E32) -> 25.89 | F35: =MAX(F9:F32) -> 43.78 | G35: =MAX(G9:G32) -> 249.45 | H35: =MAX(H9:H32) -> 131.33 | I35: =MAX(I9:I32) -> 1.36 | ... Q35: =MAX(Q9:Q32) -> 36.98
A36: Avg | B36: =AVERAGE(B9:B32) -> 28.473333 | C36: =AVERAGE(C9:C32) -> 113.4675 | D36: =AVERAGE(D9:D32) -> 85.28625 | E36: =AVERAGE(E9:E32) -> 7.6354167 | F36: =AVERAGE(F9:F32) -> 7.0158333 | G36: =AVERAGE(G9:G32) -> 142.8313 | H36: =AVERAGE(H9:H32) -> 76.919167 | I36: =AVERAGE(I9:I32) -> 0.98708333 | ... Q36: =AVERAGE(Q9:Q32) -> 33.662917
A37: Stdev | B37: =STDEV(B9:B32) -> 20.310303 | C37: =STDEV(C9:C32) -> 19.732168 | D37: =STDEV(D9:D32) -> 26.225604 | E37: =STDEV(E9:E32) -> 4.7249274 | F37: =STDEV(F9:F32) -> 11.221014 | G37: =STDEV(G9:G32) -> 62.956877 | H37: =STDEV(H9:H32) -> 35.210874 | I37: =STDEV(I9:I32) -> 0.25276693 | ... Q37: =STDEV(Q9:Q32) -> 2.2674952
A38: Num | B38: =COUNT(B9:B32) -> 24 | C38: =COUNT(C9:C32) -> 24 | D38: =COUNT(D9:D32) -> 24 | E38: =COUNT(E9:E32) -> 24 | F38: =COUNT(F9:F32) -> 24 | G38: =COUNT(G9:G32) -> 23 | H38: =COUNT(H9:H32) -> 24 | I38: =COUNT(I9:I32) -> 24 | ... Q38: =COUNT(Q9:Q32) -> 24
A39: DCR | B39: =IF(B38>=22,">90%",IF(B38<=22,"<90%")) -> >90% | C39: =IF(C38>=22,">90%",IF(C38<=22,"<90%")) -> >90% | D39: =IF(D38>=22,">90%",IF(D38<=22,"<90%")) -> >90% | E39: =IF(E38>=22,">90%",IF(E38<=22,"<90%")) -> >90% | F39: =IF(F38>=22,">90%",IF(F38<=22,"<90%")) -> >90% | G39: =IF(G38>=22,">90%",IF(G38<=22,"<90%")) -> >90% | H39: =IF(H38>=22,">90%",IF(H38<=22,"<90%")) -> >90% | I39: =IF(I38>=22,">90%",IF(I38<=22,"<90%")) -> >90% | ... Q39: =IF(Q38>=22,">90%",IF(Q38<=22,"<90%")) -> >90%
A40: Status | B40: =IF(B38>=22,"OK",IF(B38<=22,"LESS")) -> OK | C40: =IF(C38>=22,"OK",IF(C38<=22,"LESS")) -> OK | D40: =IF(D38>=22,"OK",IF(D38<=22,"LESS")) -> OK | E40: =IF(E38>=22,"OK",IF(E38<=22,"LESS")) -> OK | F40: =IF(F38>=22,"OK",IF(F38<=22,"LESS")) -> OK | G40: =IF(G38>=22,"OK",IF(G38<=22,"LESS")) -> OK | H40: =IF(H38>=22,"OK",IF(H38<=22,"LESS")) -> OK | I40: =IF(I38>=22,"OK",IF(I38<=22,"LESS")) -> OK | ... Q40: =IF(Q38>=22,"OK",IF(Q38<=22,"LESS")) -> OK
A43: Done by | B43: RAHUL
A45: Comment

Sheet 20
A1: Station: | B1: BHATAGAON RAIPUR
A2: Date: | B2: =$A$9 -> 20-02-2023 01:00 | D2: Power Off | G2: Pw.Off | L2: Link Fail | N2: Link F | P2: Maintenance | R2: Maint.
A3: Report Type: | B3: Mean | D3: Calibration | G3: Calib. | L3: Data Fail | N3: Data F | P3: Invalid | R3: Invalid
A4: Time Base: | B4: 01 Hour | D4: Zero Referrence | G4: Z.Ref | L4: Warm Up | N4: Wm. Up
A7: Date & Time | B7: NO_BHATAGAON | C7: NO2_BHATAGAON | D7: NOX_BHATAGAON | E7: SO2_BHATAGAON | F7: O3_BHATAGAON | G7: PM10_BHATAGAON | H7: PM2_5_BHATAGAON | I7: BENZ_BHATAGAON | J7: WS_BHATAGAON | K7: WD_BHATAGAON | L7: TEMP_BHATAGAON | M7: HUM BHATAGAON | N7: SR_BHATAGAON | O7: RG_BHATAGAON | P7: CO_BHATAGAON | Q7: NH3_BHATAGAON
B8: ug/m3 | C8: ug/m3 | D8: ppb | E8: ug/m3 | F8: ug/m3 | G8: mg/m3 | H8: ug/m3 | I8: ug/m3 | J8: m/sec | K8: deg | L8: degreC | M8: % | N8: w/m2 | O8: mm | P8: ug/m3 | Q8: ug/m3
A9: 20-02-2023 01:00 | B9: 60.87 | C9: 136.42 | D9: 123.82 | E9: 4.67 | F9: 1.4 | G9: 159.06 | H9: 64.46 | I9: 1.32 | J9: 0.26 | K9: 277.76 | L9: 22.91 | M9: 62.63 | N9: 4.7 | O9: 0 | P9: 2.73 | Q9: 37.87
A10: 20-02-2023 02:00 | B10: 51.36 | C10: 128.89 | D10: 112.31 | E10: 4.52 | F10: 2.35 | G10: 136.2 | H10: 63.7 | I10: 1.16 | J10: 0.1 | K10: 304.43 | L10: 21.61 | M10: 61.99 | N10: 4.5 | O10: 0 | P10: 2.28 | Q10: 36.65
A11: 20-02-2023 03:00 | B11: 35.16 | C11: 112.87 | D11: 90.49 | E11: 4.03 | F11: 1.91 | G11: 96.84 | H11: 52.89 | I11: 1.02 | J11: 0.11 | K11: 328.24 | L11: 20.81 | M11: 55.06 | N11: 4.5 | O11: 0 | P11: 2.04 | Q11: 33.91
A12: 20-02-2023 04:00 | B12: 31.13 | C12: 107.62 | D12: 84.35 | E12: 3.95 | F12: 1.52 | G12: 82.2 | H12: 46.05 | I12: 0.95 | J12: 0.55 | K12: 358.76 | L12: 20.34 | M12: 56.18 | N12: 4.5 | O12: 0 | P12: 1.83 | Q12: 34.15
A13: 20-02-2023 05:00 | B13: 25.05 | C13: 103.94 | D13: 77.45 | E13: 5.4 | F13: 1.51 | G13: 61.28 | H13: 42.15 | I13: 0.91 | J13: 0.8 | K13: 358.56 | L13: 19.87 | M13: 62.45 | N13: 4.4 | O13: 0 | P13: 1.6 | Q13: 33.84
A14: 20-02-2023 06:00 | B14: 18.74 | C14: 100.52 | D14: 70.5 | E14: 5.24 | F14: 1.43 | G14: 90.23 | H14: 46.17 | I14: 0.8 | J14: 0.53 | K14: 174.06 | L14: 19.06 | M14: 66.93 | N14: 4.7 | O14: 0 | P14: 1.52 | Q14: 32
A15: 20-02-2023 07:00 | B15: 26.16 | C15: 103.79 | D15: 78.26 | E15: 5.32 | F15: 1.41 | G15: 163.11 | H15: 59.09 | I15: 0.75 | J15: 0.16 | K15: 332.38 | L15: 18.44 | M15: 73.17 | N15: 27.1 | O15: 0 | P15: 1.65 | Q15: 30.81
A16: 20-02-2023 08:00 | B16: 44.45 | C16: 115.65 | D16: 99.47 | E16: 5.86 | F16: 1.4 | G16: 203.77 | H16: 76.24 | I16: 0.77 | J16: 0.23 | K16: 303.91 | L16: 24.81 | M16: 68.74 | N16: 181.1 | O16: 0 | P16: 1.95 | Q16: 32.94
A17: 20-02-2023 09:00 | B17: 47.59 | C17: 123.11 | D17: 105.03 | E17: 9.85 | F17: 2.96 | G17: 206.41 | H17: 84.52 | I17: 0.8 | J17: 0.73 | K17: 25.31 | L17: 30.22 | M17: 48.13 | N17: 374 | O17: 0 | P17: 2.01 | Q17: 33.31
A18: 20-02-2023 10:00 | B18: 34.03 | C18: 121.27 | D18: 94.21 | E18: 9.99 | F18: 6.59 | G18: 206.41 | H18: 84.52 | I18: 0.77 | J18: 0.99 | K18: 50.41 | L18: 32.94 | M18: 32.11 | N18: 552.6 | O18: 0 | P18: 1.9 | Q18: 31.68
A19: 20-02-2023 11:00 | B19: 23.79 | C19: 120.12 | D19: 84.67 | E19: 8.35 | F19: 6.74 | G19: 150.61 | H19: 73.73 | I19: 0.73 | J19: 1.57 | K19: 118.51 | L19: 33.1 | M19: 31.16 | N19: 581 | O19: 0 | P19: 1.73 | Q19: 30.99
A20: 20-02-2023 12:00 | B20: 13.15 | C20: 117.52 | D20: 75.4 | E20: 5.28 | F20: 5.72 | G20: 87.78 | H20: 55.68 | I20: 0.73 | J20: 1.38 | K20: 125.34 | L20: 32.5 | M20: 29.44 | N20: 579.8 | O20: 0 | P20: 1.53 | Q20: 30.9
... A32: 20-02-2023 24:00 | B32: 157.4 | C32: 126.56 | D32: 195.8 | E32: 5.85 | F32: 1.52 | G32: 154.47 | H32: 57.61 | I32: 1.2 | J32: 0.11 | K32: 113.01 | L32: 20.97 | M32: 54.44 | N32: 4.4 | O32: 0 | P32: 2.29 | Q32: 34.6
A34: Min | B34: =MIN(B9:B32) -> 2.11 | C34: =MIN(C9:C32) -> 78.2 | D34: =MIN(D9:D32) -> 45.69 | E34: =MIN(E9:E32) -> 3.84 | F34: =MIN(F9:F32) -> 1.4 | G34: =MIN(G9:G32) -> 35.09 | H34: =MIN(H9:H32) -> 17.56 | I34: =MIN(I9:I32) -> 0.48 | ... Q34: =MIN(Q9:Q32) -> 17.95
A35: Max | B35: =MAX(B9:B32) -> 157.4 | C35: =MAX(C9:C32) -> 136.42 | D35: =MAX(D9:D32) -> 195.8 | E35: =MAX(E9:E32) -> 13.45 | F35: =MAX(F9:F32) -> 43.78 | G35: =MAX(G9:G32) -> 206.41 | H35: =MAX(H9:H32) -> 84.52 | I35: =MAX(I9:I32) -> 1.32 | ... Q35: =MAX(Q9:Q32) -> 37.87
A36: Avg | B36: =AVERAGE(B9:B32) -> 50.004167 | C36: =AVERAGE(C9:C32) -> 111.96292 | D36: =AVERAGE(D9:D32) -> 101.65125 | E36: =AVERAGE(E9:E32) -> 6.3745833 | F36: =AVERAGE(F9:F32) -> 8.2679167 | G36: =AVERAGE(G9:G32) -> 120.35375 | H36: =AVERAGE(H9:H32) -> 51.207083 | I36: =AVERAGE(I9:I32) -> 0.85875 | ... Q36: =AVERAGE(Q9:Q32) -> 30.673333
A37: Stdev | B37: =STDEV(B9:B32) -> 48.420505 | C37: =STDEV(C9:C32) -> 16.052784 | D37: =STDEV(D9:D32) -> 45.426584 | E37: =STDEV(E9:E32) -> 2.5974452 | F37: =STDEV(F9:F32) -> 11.574363 | G37: =STDEV(G9:G32) -> 59.332845 | H37: =STDEV(H9:H32) -> 18.290986 | I37: =STDEV(I9:I32) -> 0.25223027 | ... Q37: =STDEV(Q9:Q32) -> 4.7463585
A38: Num | B38: =COUNT(B9:B32) -> 24 | C38: =COUNT(C9:C32) -> 24 | D38: =COUNT(D9:D32) -> 24 | E38: =COUNT(E9:E32) -> 24 | F38: =COUNT(F9:F32) -> 24 | G38: =COUNT(G9:G32) -> 24 | H38: =COUNT(H9:H32) -> 24 | I38: =COUNT(I9:I32) -> 24 | ... Q38: =COUNT(Q9:Q32) -> 24
A39: DCR | B39: =IF(B38>=22,">90%",IF(B38<=22,"<90%")) -> >90% | C39: =IF(C38>=22,">90%",IF(C38<=22,"<90%")) -> >90% | D39: =IF(D38>=22,">90%",IF(D38<=22,"<90%")) -> >90% | E39: =IF(E38>=22,">90%",IF(E38<=22,"<90%")) -> >90% | F39: =IF(F38>=22,">90%",IF(F38<=22,"<90%")) -> >90% | G39: =IF(G38>=22,">90%",IF(G38<=22,"<90%")) -> >90% | H39: =IF(H38>=22,">90%",IF(H38<=22,"<90%")) -> >90% | I39: =IF(I38>=22,">90%",IF(I38<=22,"<90%")) -> >90% | ... Q39: =IF(Q38>=22,">90%",IF(Q38<=22,"<90%")) -> >90%
A40: Status | B40: =IF(B38>=22,"OK",IF(B38<=22,"LESS")) -> OK | C40: =IF(C38>=22,"OK",IF(C38<=22,"LESS")) -> OK | D40: =IF(D38>=22,"OK",IF(D38<=22,"LESS")) -> OK | E40: =IF(E38>=22,"OK",IF(E38<=22,"LESS")) -> OK | F40: =IF(F38>=22,"OK",IF(F38<=22,"LESS")) -> OK | G40: =IF(G38>=22,"OK",IF(G38<=22,"LESS")) -> OK | H40: =IF(H38>=22,"OK",IF(H38<=22,"LESS")) -> OK | I40: =IF(I38>=22,"OK",IF(I38<=22,"LESS")) -> OK | ... Q40: =IF(Q38>=22,"OK",IF(Q38<=22,"LESS")) -> OK
A43: Done by | B43: RAHUL
A45: Comment

Sheet 21
A1: Station: | B1: BHATAGAON RAIPUR
A2: Date: | B2: =$A$9 -> 21-02-2023 01:00 | D2: Power Off | G2: Pw.Off | L2: Link Fail | N2: Link F | P2: Maintenance | R2: Maint.
A3: Report Type: | B3: Mean | D3: Calibration | G3: Calib. | L3: Data Fail | N3: Data F | P3: Invalid | R3: Invalid
A4: Time Base: | B4: 01 Hour | D4: Zero Referrence | G4: Z.Ref | L4: Warm Up | N4: Wm. Up
A7: Date & Time | B7: NO_BHATAGAON | C7: NO2_BHATAGAON | D7: NOX_BHATAGAON | E7: SO2_BHATAGAON | F7: O3_BHATAGAON | G7: PM10_BHATAGAON | H7: PM2_5_BHATAGAON | I7: BENZ_BHATAGAON | J7: WS_BHATAGAON | K7: WD_BHATAGAON | L7: TEMP_BHATAGAON | M7: HUM BHATAGAON | N7: SR_BHATAGAON | O7: RG_BHATAGAON | P7: CO_BHATAGAON | Q7: NH3_BHATAGAON
B8: ug/m3 | C8: ug/m3 | D8: ppb | E8: ug/m3 | F8: ug/m3 | G8: mg/m3 | H8: ug/m3 | I8: ug/m3 | J8: m/sec | K8: deg | L8: degreC | M8: % | N8: w/m2 | O8: mm | P8: ug/m3 | Q8: ug/m3
A9: 21-02-2023 01:00 | B9: 146.09 | C9: 124.04 | D9: 185.6 | E9: 4.5 | F9: 1.44 | G9: 154.47 | H9: 57.61 | I9: 1.19 | J9: 0.09 | K9: 342.85 | L9: 20.17 | M9: 54.82 | N9: 4.4 | O9: 0 | P9: 2.18 | Q9: 34.24
A10: 21-02-2023 02:00 | B10: 128.37 | C10: 118.48 | D10: 167.88 | E10: 4.7 | F10: 1.45 | G10: 119.84 | H10: 48.92 | I10: 1.15 | J10: 0.1 | K10: 298.62 | L10: 19.34 | M10: 59.08 | N10: 4.4 | O10: 0 | P10: 1.93 | Q10: 34.85
A11: 21-02-2023 03:00 | B11: 103.56 | C11: 113.75 | D11: 145.82 | E11: 4.13 | F11: 1.4 | G11: 109.74 | H11: 44.07 | I11: 1.07 | J11: 0.14 | K11: 319.3 | L11: 19.12 | M11: 62.16 | N11: 4.4 | O11: 0 | P11: 1.75 | Q11: 33.57
A12: 21-02-2023 04:00 | B12: 77.15 | C12: 107.55 | D12: 121.22 | E12: 3.94 | F12: 1.43 | G12: 80.49 | H12: 43.11 | I12: 0.97 | J12: 0.14 | K12: 341.85 | L12: 18.4 | M12: 66.25 | N12: 4.6 | O12: 0 | P12: 1.57 | Q12: 30.75
A13: 21-02-2023 05:00 | B13: 65.39 | C13: 104.11 | D13: 109.13 | E13: 4.43 | F13: 1.45 | G13: 93.72 | H13: 40.92 | I13: 0.86 | J13: 0.13 | K13: 318.01 | L13: 18.8 | M13: 67.13 | N13: 4.5 | O13: 0 | P13: 1.43 | Q13: 30.79
A14: 21-02-2023 06:00 | B14: 85.25 | C14: 105.16 | D14: 126.4 | E14: 4.59 | F14: 1.47 | G14: 133.77 | H14: 42.49 | I14: 0.84 | J14: 0.13 | K14: 350.28 | L14: 17.79 | M14: 67.36 | N14: 4.5 | O14: 0 | P14: 1.37 | Q14: 31.56
A15: 21-02-2023 07:00 | B15: 90.45 | C15: 105.23 | D15: 130.51 | E15: 4.72 | F15: 1.41 | G15: 133.77 | H15: 42.49 | I15: 0.83 | J15: 0.2 | K15: 326.01 | L15: 18.08 | M15: 63.78 | N15: 28 | O15: 0 | P15: 1.35 | Q15: 31.42
A16: 21-02-2023 08:00 | B16: 84.16 | C16: 104.26 | D16: 124.89 | E16: 4.71 | F16: 1.56 | G16: 106.96 | H16: 42.98 | I16: 0.82 | J16: 0.74 | K16: 234.05 | L16: 23.75 | M16: 59.96 | N16: 242.5 | O16: 0 | P16: 1.31 | Q16: 29.74
A17: 21-02-2023 09:00 | B17: 74.51 | C17: 108.93 | D17: 117.88 | E17: 5.95 | F17: 1.46 | G17: 86.06 | H17: 42.98 | I17: 0.8 | J17: 1.31 | K17: 232.01 | L17: 25.77 | M17: 43.91 | N17: 443 | O17: 0 | P17: 1.3 | Q17: 30.97
A18: 21-02-2023 10:00 | B18: 51.43 | C18: 119.2 | D18: 102.52 | E18: 6.5 | F18: 1.68 | G18: 84.51 | H18: 41.67 | I18: 0.77 | J18: 0.99 | K18: 194.35 | L18: 30.26 | M18: 35.9 | N18: 595.7 | O18: 0 | P18: 1.24 | Q18: 30.53
A19: 21-02-2023 11:00 | B19: 16.98 | C19: 101.65 | D19: 69.72 | E19: 25.65 | F19: 58.21 | G19: 73.29 | H19: 41.67 | I19: 0.73 | J19: 0.44 | K19: 292.59 | L19: 34.3 | M19: 28.07 | N19: 603.3 | O19: 0 | P19: 1.33 | Q19: 28.02
A20: 21-02-2023 12:00 | B20: 1.93 | C20: 72.84 | D20: 41.74 | E20: 27.61 | F20: 72.67 | G20: Calib. | H20: Calib. | I20: 0.49 | J20: 0.61 | K20: 354.4 | L20: 36.96 | M20: 19.94 | N20: 580.5 | O20: 0 | P20: Calib. | Q20: 12
A21: 21-02-2023 13:00 | B21: 1.04 | C21: 70.26 | D21: 39.2 | E21: 34.82 | F21: 72.91 | G21: 66.28 | H21: 45.44 | I21: 0.51 | J21: 0.26 | K21: 220.96 | L21: 36.53 | M21: 17.4 | N21: 541.6 | O21: 0 | P21: 1.31 | Q21: 13.87
A22: 21-02-2023 14:00 | B22: 4.78 | C22: 77.43 | D22: 46.24 | E22: 25.64 | F22: 28.97 | G22: 68.99 | H22: 45.44 | I22: 0.51 | J22: 0.91 | K22: 358.21 | L22: 38.54 | M22: 15.92 | N22: 456.3 | O22: 0 | P22: 1.43 | Q22: 15.09
A23: 21-02-2023 15:00 | B23: 2.52 | C23: 67.87 | D23: 38.59 | E23: 32.46 | F23: 72.83 | G23: 68.99 | H23: 41.39 | I23: 0.51 | J23: 0.67 | K23: 350.15 | L23: 38.15 | M23: 12.53 | N23: 430.2 | O23: 0 | P23: 0.67 | Q23: 12.56
A24: 21-02-2023 16:00 | B24: 1.79 | C24: 73.2 | D24: 41.23 | E24: 35.73 | F24: 81.3 | G24: 61.95 | H24: 33.71 | I24: 0.48 | J24: 0.5 | K24: 355.08 | L24: 37.28 | M24: 13.82 | N24: 352.7 | O24: 0 | P24: 0.7 | Q24: 10.37
A25: 21-02-2023 17:00 | B25: 3.68 | C25: 91.53 | D25: 53.47 | E25: 46.07 | F25: 65.63 | G25: 58.92 | H25: 31.32 | I25: 0.49 | J25: 0.22 | K25: 317.98 | L25: 34.98 | M25: 16.71 | N25: 103.4 | O25: 0 | P25: 0.86 | Q25: 11.82
A26: 21-02-2023 18:00 | B26: 31.42 | C26: 126.37 | D26: 94.94 | E26: 29.71 | F26: 34.57 | G26: 56.87 | H26: 29.24 | I26: 0.52 | J26: 0.57 | K26: 346.98 | L26: 32.93 | M26: 27.54 | N26: 41 | O26: 0 | P26: 1.67 | Q26: 13.16
A27: 21-02-2023 19:00 | B27: 100.49 | C27: 148.56 | D27: 162.57 | E27: 20.33 | F27: 4.71 | G27: 175.72 | H27: 44.83 | I27: 0.8 | J27: 0.19 | K27: 251.96 | L27: 29.07 | M27: 39.17 | N27: 5.5 | O27: 0 | P27: 2.33 | Q27: 14.15
A28: 21-02-2023 20:00 | B28: 116.6 | C28: 134.91 | D28: 167.96 | E28: 8.65 | F28: 0.37 | G28: 243.53 | H28: 58.4 | I28: 0.96 | J28: 0.16 | K28: 239.45 | L28: 26.49 | M28: 43.91 | N28: 4.2 | O28: 0 | P28: 2.24 | Q28: 24.09
A29: 21-02-2023 21:00 | B29: 209.65 | C29: 156.98 | D29: 254.76 | E29: 7.94 | F29: 0.18 | G29: 244.7 | H29: 66.93 | I29: 1.17 | J29: 0.1 | K29: 350.17 | L29: 24.85 | M29: 47.92 | N29: 4.3 | O29: 0 | P29: 2.89 | Q29: 27.68
A30: 21-02-2023 22:00 | B30: 199.62 | C30: 145.5 | D30: 240.34 | E30: 7.67 | F30: 0.16 | G30: 244.7 | H30: 75.51 | I30: 1.4 | J30: 0.13 | K30: 313.54 | L30: 23.86 | M30: 50.65 | N30: 4.4 | O30: 0 | P30: 3 | Q30: 34.17
A31: 21-02-2023 23:00 | B31: 208.6 | C31: 143.16 | D31: 246.29 | E31: 6.89 | F31: 0.23 | G31: 232.1 | H31: 76.6 | I31: 1.44 | J31: 0.11 | K31: 344.45 | L31: 22.72 | M31: 57.66 | N31: 4.4 | O31: 0 | P31: 3.04 | Q31: 35.52
A32: 21-02-2023 24:00 | B32: 190.79 | C32: 130.78 | D32: 225.18 | E32: 6.28 | F32: 0.18 | G32: 199.7 | H32: 76.6 | I32: 1.46 | J32: 0.11 | K32: 314.33 | L32: 22.21 | M32: 52.29 | N32: 4.5 | O32: 0 | P32: 2.94 | Q32: 35.75
A34: Min | B34: =MIN(B9:B32) -> 1.04 | C34: =MIN(C9:C32) -> 67.87 | D34: =MIN(D9:D32) -> 38.59 | E34: =MIN(E9:E32) -> 3.94 | F34: =MIN(F9:F32) -> 0.16 | G34: =MIN(G9:G32) -> 56.87 | H34: =MIN(H9:H32) -> 29.24 | I34: =MIN(I9:I32) -> 0.48 | ... Q34: =MIN(Q9:Q32) -> 10.37
A35: Max | B35: =MAX(B9:B32) -> 209.65 | C35: =MAX(C9:C32) -> 156.98 | D35: =MAX(D9:D32) -> 254.76 | E35: =MAX(E9:E32) -> 46.07 | F35: =MAX(F9:F32) -> 81.3 | G35: =MAX(G9:G32) -> 244.7 | H35: =MAX(H9:H32) -> 76.6 | I35: =MAX(I9:I32) -> 1.46 | ... Q35: =MAX(Q9:Q32) -> 35.75
A36: Avg | B36: =AVERAGE(B9:B32) -> 83.177083 | C36: =AVERAGE(C9:C32) -> 110.48958 | D36: =AVERAGE(D9:D32) -> 127.25333 | E36: =AVERAGE(E9:E32) -> 15.150833 | F36: =AVERAGE(F9:F32) -> 21.152917 | G36: =AVERAGE(G9:G32) -> 126.04652 | H36: =AVERAGE(H9:H32) -> 48.448696 | I36: =AVERAGE(I9:I32) -> 0.86541667 | ... Q36: =AVERAGE(Q9:Q32) -> 25.277917
A37: Stdev | B37: =STDEV(B9:B32) -> 69.843345 | C37: =STDEV(C9:C32) -> 25.891117 | D37: =STDEV(D9:D32) -> 68.803328 | E37: =STDEV(E9:E32) -> 13.271393 | F37: =STDEV(F9:F32) -> 30.607136 | G37: =STDEV(G9:G32) -> 65.853046 | H37: =STDEV(H9:H32) -> 13.700941 | I37: =STDEV(I9:I32) -> 0.31478052 | ... Q37: =STDEV(Q9:Q32) -> 9.3540644
A38: Num | B38: =COUNT(B9:B32) -> 24 | C38: =COUNT(C9:C32) -> 24 | D38: =COUNT(D9:D32) -> 24 | E38: =COUNT(E9:E32) -> 24 | F38: =COUNT(F9:F32) -> 24 | G38: =COUNT(G9:G32)+1 -> 24 | H38: =COUNT(H9:H32)+1 -> 24 | I38: =COUNT(I9:I32) -> 24 | J38: =COUNT(J9:J32) -> 24 | K38: =COUNT(K9:K32) -> 24 | L38: =COUNT(L9:L32) -> 24 | M38: =COUNT(M9:M32) -> 24 | N38: =COUNT(N9:N32) -> 24 | O38: =COUNT(O9:O32) -> 24 | P38: =COUNT(P9:P32)+1 -> 24 | Q38: =COUNT(Q9:Q32) -> 24
A39: DCR | B39: =IF(B38>=22,">90%",IF(B38<=22,"<90%")) -> >90% | C39: =IF(C38>=22,">90%",IF(C38<=22,"<90%")) -> >90% | D39: =IF(D38>=22,">90%",IF(D38<=22,"<90%")) -> >90% | E39: =IF(E38>=22,">90%",IF(E38<=22,"<90%")) -> >90% | F39: =IF(F38>=22,">90%",IF(F38<=22,"<90%")) -> >90% | G39: =IF(G38>=22,">90%",IF(G38<=22,"<90%")) -> >90% | H39: =IF(H38>=22,">90%",IF(H38<=22,"<90%")) -> >90% | I39: =IF(I38>=22,">90%",IF(I38<=22,"<90%")) -> >90% | ... Q39: =IF(Q38>=22,">90%",IF(Q38<=22,"<90%")) -> >90%
A40: Status | B40: =IF(B38>=22,"OK",IF(B38<=22,"LESS")) -> OK | C40: =IF(C38>=22,"OK",IF(C38<=22,"LESS")) -> OK | D40: =IF(D38>=22,"OK",IF(D38<=22,"LESS")) -> OK | E40: =IF(E38>=22,"OK",IF(E38<=22,"LESS")) -> OK | F40: =IF(F38>=22,"OK",IF(F38<=22,"LESS")) -> OK | G40: =IF(G38>=22,"OK",IF(G38<=22,"LESS")) -> OK | H40: =IF(H38>=22,"OK",IF(H38<=22,"LESS")) -> OK | I40: =IF(I38>=22,"OK",IF(I38<=22,"LESS")) -> OK | ... Q40: =IF(Q38>=22,"OK",IF(Q38<=22,"LESS")) -> OK
A43: Done by | B43: RAHUL
A45: Comment

Sheet 22
A1: Station: | B1: BHATAGAON RAIPUR
A2: Date: | B2: =$A$9 -> 22-02-2023 01:00 | D2: Power Off | G2: Pw.Off | L2: Link Fail | N2: Link F | P2: Maintenance | R2: Maint.
A3: Report Type: | B3: Mean | D3: Calibration | G3: Calib. | L3: Data Fail | N3: Data F | P3: Invalid | R3: Invalid
A4: Time Base: | B4: 01 Hour | D4: Zero Referrence | G4: Z.Ref | L4: Warm Up | N4: Wm. Up
A7: Date & Time | B7: NO_BHATAGAON | C7: NO2_BHATAGAON | D7: NOX_BHATAGAON | E7: SO2_BHATAGAON | F7: O3_BHATAGAON | G7: PM10_BHATAGAON | H7: PM2_5_BHATAGAON | I7: BENZ_BHATAGAON | J7: WS_BHATAGAON | K7: WD_BHATAGAON | L7: TEMP_BHATAGAON | M7: HUM BHATAGAON | N7: SR_BHATAGAON | O7: RG_BHATAGAON | P7: CO_BHATAGAON | Q7: NH3_BHATAGAON
B8: ug/m3 | C8: ug/m3 | D8: ppb | E8: ug/m3 | F8: ug/m3 | G8: mg/m3 | H8: ug/m3 | I8: ug/m3 | J8: m/sec | K8: deg | L8: degreC | M8: % | N8: w/m2 | O8: mm | P8: ug/m3 | Q8: ug/m3
A9: 22-02-2023 01:00 | B9: 162.37 | C9: 126.48 | D9: 200.01 | E9: 5.6 | F9: 0.12 | G9: 149.4 | H9: 69.26 | I9: 1.38 | J9: 0.28 | K9: 351.1 | L9: 21.11 | M9: 57.14 | N9: 4.4 | O9: 0 | P9: 2.65 | Q9: 34.75
A10: 22-02-2023 02:00 | B10: 127.75 | C10: 115.84 | D10: 166.33 | E10: 5.45 | F10: 0.58 | G10: 119.8 | H10: 58.72 | I10: 1.24 | J10: 0.25 | K10: 359.51 | L10: 21.24 | M10: 58.37 | N10: 4.6 | O10: 0 | P10: 2.26 | Q10: 33.01
A11: 22-02-2023 03:00 | B11: 102.99 | C11: 108.87 | D11: 142.33 | E11: 4.96 | F11: 0.2 | G11: 101.28 | H11: 44.64 | I11: 1.15 | J11: 0.17 | K11: 349.67 | L11: 19.85 | M11: 66.04 | N11: 4.6 | O11: 0 | P11: 2.05 | Q11: 33.31
A12: 22-02-2023 04:00 | B12: 82.61 | C12: 104.35 | D12: 123.83 | E12: 4.69 | F12: 0.01 | G12: 101.28 | H12: 42.17 | I12: 0.95 | J12: 0.33 | K12: 184.39 | L12: 20.2 | M12: 65.08 | N12: 4.6 | O12: 0 | P12: 1.74 | Q12: 32.15
A13: 22-02-2023 05:00 | B13: 61.16 | C13: 100.1 | D13: 104.15 | E13: 5.25 | F13: 0.05 | G13: 91.53 | H13: 39.77 | I13: 0.84 | J13: 0.17 | K13: 347.46 | L13: 19.45 | M13: 67.93 | N13: 4.3 | O13: 0 | P13: 1.52 | Q13: 29.98
A14: 22-02-2023 06:00 | B14: 71.61 | C14: 101.7 | D14: 113.55 | E14: 5.51 | F14: 0.04 | G14: 91.53 | H14: 41.56 | I14: 0.82 | J14: 0.09 | K14: 330.63 | L14: 19.34 | M14: 70.81 | N14: 4.6 | O14: 0 | P14: 1.41 | Q14: 31.31
A15: 22-02-2023 07:00 | B15: 99.56 | C15: 104.72 | D15: 137.63 | E15: 5.54 | F15: 0.09 | G15: 111.11 | H15: 46.97 | I15: 0.86 | J15: 0.19 | K15: 334.81 | L15: 19.09 | M15: 72.76 | N15: 28.4 | O15: 0 | P15: 1.46 | Q15: 32.35
A16: 22-02-2023 08:00 | B16: 97.44 | C16: 104.11 | D16: 135.6 | E16: 5.44 | F16: 0.05 | G16: 111.11 | H16: 48.16 | I16: 0.87 | J16: 1.38 | K16: 225.27 | L16: 22.53 | M16: 61.73 | N16: 234.7 | O16: 0 | P16: 1.43 | Q16: 32.14
A17: 22-02-2023 09:00 | B17: 77.08 | C17: 104.23 | D17: 118.95 | E17: 5.42 | F17: 0.2 | G17: 100.65 | H17: 48.16 | I17: 0.81 | J17: 1.62 | K17: 184.36 | L17: 25.67 | M17: 50.3 | N17: 422.1 | O17: 0 | P17: 1.35 | Q17: 30.35
A18: 22-02-2023 10:00 | B18: 54.36 | C18: 110.59 | D18: 101.2 | E18: 5.84 | F18: 0.56 | G18: 72.37 | H18: 42.29 | I18: 0.77 | J18: 1.82 | K18: 195.4 | L18: 30.03 | M18: 42.38 | N18: 559.6 | O18: 0 | P18: 1.37 | Q18: 30.57
A19: 22-02-2023 11:00 | B19: 29.34 | C19: 119.44 | D19: 86.34 | E19: 13.25 | F19: 10.25 | G19: 74.72 | H19: 40.8 | I19: 0.72 | J19: 0.98 | K19: 159.48 | L19: 35.98 | M19: 31.81 | N19: 563.3 | O19: 0 | P19: 1.62 | Q19: 30.07
A20: 22-02-2023 12:00 | B20: 2.05 | C20: 106.02 | D20: 60.15 | E20: 29.71 | F20: 32.58 | G20: 74.72 | H20: 38.99 | I20: 0.67 | J20: 0.25 | K20: 351.41 | L20: 36.02 | M20: 25.25 | N20: 560.7 | O20: 0 | P20: 1.71 | Q20: 18.66
... A32: 22-02-2023 24:00 | B32: 102.15 | C32: 125.05 | D32: 150.31 | E32: 4.15 | F32: 0.18 | G32: 184.59 | H32: 53.93 | I32: 1 | J32: 0.2 | K32: 301.2 | L32: 21.31 | M32: 52.35 | N32: 4.3 | O32: 0 | P32: 1.91 | Q32: 33.27
A34: Min | B34: =MIN(B9:B32) -> 0.96 | C34: =MIN(C9:C32) -> 73.98 | D34: =MIN(D9:D32) -> 41.58 | E34: =MIN(E9:E32) -> 4.15 | F34: =MIN(F9:F32) -> 0.01 | G34: =MIN(G9:G32) -> 40.8 | H34: =MIN(H9:H32) -> 21.13 | I34: =MIN(I9:I32) -> 0.52 | ... Q34: =MIN(Q9:Q32) -> 18.63
A35: Max | B35: =MAX(B9:B32) -> 162.37 | C35: =MAX(C9:C32) -> 127.49 | D35: =MAX(D9:D32) -> 200.01 | E35: =MAX(E9:E32) -> 29.71 | F35: =MAX(F9:F32) -> 32.58 | G35: =MAX(G9:G32) -> 184.59 | H35: =MAX(H9:H32) -> 69.26 | I35: =MAX(I9:I32) -> 1.38 | ... Q35: =MAX(Q9:Q32) -> 34.75
A36: Avg | B36: =AVERAGE(B9:B32) -> 53.665833 | C36: =AVERAGE(C9:C32) -> 105.375 | D36: =AVERAGE(D9:D32) -> 100.83833 | E36: =AVERAGE(E9:E32) -> 7.7283333 | F36: =AVERAGE(F9:F32) -> 5.47 | G36: =AVERAGE(G9:G32) -> 91.920833 | H36: =AVERAGE(H9:H32) -> 40.241667 | I36: =AVERAGE(I9:I32) -> 0.79041667 | ... Q36: =AVERAGE(Q9:Q32) -> 27.5125
A37: Stdev | B37: =STDEV(B9:B32) -> 46.649361 | C37: =STDEV(C9:C32) -> 14.849659 | D37: =STDEV(D9:D32) -> 42.929409 | E37: =STDEV(E9:E32) -> 5.3272684 | F37: =STDEV(F9:F32) -> 8.2678529 | G37: =STDEV(G9:G32) -> 36.233417 | H37: =STDEV(H9:H32) -> 11.267224 | I37: =STDEV(I9:I32) -> 0.23279921 | ... Q37: =STDEV(Q9:Q32) -> 5.3928352
A38: Num | B38: =COUNT(B9:B32) -> 24 | C38: =COUNT(C9:C32) -> 24 | D38: =COUNT(D9:D32) -> 24 | E38: =COUNT(E9:E32) -> 24 | F38: =COUNT(F9:F32) -> 24 | G38: =COUNT(G9:G32) -> 24 | H38: =COUNT(H9:H32) -> 24 | I38: =COUNT(I9:I32) -> 24 | ... Q38: =COUNT(Q9:Q32) -> 24
A39: DCR | B39: =IF(B38>=22,">90%",IF(B38<=22,"<90%")) -> >90% | C39: =IF(C38>=22,">90%",IF(C38<=22,"<90%")) -> >90% | D39: =IF(D38>=22,">90%",IF(D38<=22,"<90%")) -> >90% | E39: =IF(E38>=22,">90%",IF(E38<=22,"<90%")) -> >90% | F39: =IF(F38>=22,">90%",IF(F38<=22,"<90%")) -> >90% | G39: =IF(G38>=22,">90%",IF(G38<=22,"<90%")) -> >90% | H39: =IF(H38>=22,">90%",IF(H38<=22,"<90%")) -> >90% | I39: =IF(I38>=22,">90%",IF(I38<=22,"<90%")) -> >90% | ... Q39: =IF(Q38>=22,">90%",IF(Q38<=22,"<90%")) -> >90%
A40: Status | B40: =IF(B38>=22,"OK",IF(B38<=22,"LESS")) -> OK | C40: =IF(C38>=22,"OK",IF(C38<=22,"LESS")) -> OK | D40: =IF(D38>=22,"OK",IF(D38<=22,"LESS")) -> OK | E40: =IF(E38>=22,"OK",IF(E38<=22,"LESS")) -> OK | F40: =IF(F38>=22,"OK",IF(F38<=22,"LESS")) -> OK | G40: =IF(G38>=22,"OK",IF(G38<=22,"LESS")) -> OK | H40: =IF(H38>=22,"OK",IF(H38<=22,"LESS")) -> OK | I40: =IF(I38>=22,"OK",IF(I38<=22,"LESS")) -> OK | ... Q40: =IF(Q38>=22,"OK",IF(Q38<=22,"LESS")) -> OK
A43: Done by | B43: RAHUL
A45: Comment

Sheet 23
A1: Station: | B1: BHATAGAON RAIPUR
A2: Date: | B2: =$A$9 -> 23-02-2023 01:00 | D2: Power Off | G2: Pw.Off | L2: Link Fail | N2: Link F | P2: Maintenance | R2: Maint.
A3: Report Type: | B3: Mean | D3: Calibration | G3: Calib. | L3: Data Fail | N3: Data F | P3: Invalid | R3: Invalid
A4: Time Base: | B4: 01 Hour | D4: Zero Referrence | G4: Z.Ref | L4: Warm Up | N4: Wm. Up
A7: Date & Time | B7: NO_BHATAGAON | C7: NO2_BHATAGAON | D7: NOX_BHATAGAON | E7: SO2_BHATAGAON | F7: O3_BHATAGAON | G7: PM10_BHATAGAON | H7: PM2_5_BHATAGAON | I7: BENZ_BHATAGAON | J7: WS_BHATAGAON | K7: WD_BHATAGAON | L7: TEMP_BHATAGAON | M7: HUM BHATAGAON | N7: SR_BHATAGAON | O7: RG_BHATAGAON | P7: CO_BHATAGAON | Q7: NH3_BHATAGAON
B8: ug/m3 | C8: ug/m3 | D8: ppb | E8: ug/m3 | F8: ug/m3 | G8: mg/m3 | H8: ug/m3 | I8: ug/m3 | J8: m/sec | K8: deg | L8: degreC | M8: % | N8: w/m2 | O8: mm | P8: ug/m3 | Q8: ug/m3
A9: 23-02-2023 01:00 | B9: 110.77 | C9: 122.39 | D9: 155.93 | E9: 4.45 | F9: 0.1 | G9: 184.59 | H9: 53.93 | I9: 1.06 | J9: 0.13 | K9: 345.13 | L9: 20.44 | M9: 52 | N9: 4.3 | O9: 0 | P9: 1.94 | Q9: 34.28
A10: 23-02-2023 02:00 | B10: 102.72 | C10: 118.76 | D10: 147.92 | E10: 4.23 | F10: 0.06 | G10: 147.99 | H10: 54.12 | I10: 1.05 | J10: 0.1 | K10: 291.19 | L10: 20.24 | M10: 54.85 | N10: 4.5 | O10: 0 | P10: 1.81 | Q10: 33.72
A11: 23-02-2023 03:00 | B11: 91.02 | C11: 113.87 | D11: 135.83 | E11: 4.46 | F11: 0.01 | G11: 147.99 | H11: 54.12 | I11: 0.9 | J11: 0.14 | K11: 333.83 | L11: 19.14 | M11: 59.41 | N11: 4.4 | O11: 0 | P11: 1.73 | Q11: 32.3
A12: 23-02-2023 04:00 | B12: 79.65 | C12: 109.04 | D12: 124.05 | E12: 3.98 | F12: 0.04 | G12: 114.79 | H12: 53.17 | I12: 0.89 | J12: 0.31 | K12: 331.98 | L12: 18.76 | M12: 63.6 | N12: 4.4 | O12: 0 | P12: 1.62 | Q12: 32.61
A13: 23-02-2023 05:00 | B13: 72.75 | C13: 106.76 | D13: 117.26 | E13: 5.03 | F13: 0.01 | G13: 114.79 | H13: 48.61 | I13: 0.85 | J13: 0.3 | K13: 348.51 | L13: 19.06 | M13: 59.18 | N13: 4.1 | O13: 0 | P13: 1.49 | Q13: 32.35
A14: 23-02-2023 06:00 | B14: 65.47 | C14: 105.22 | D14: 110.51 | E14: 4.88 | F14: 0.04 | G14: 99.62 | H14: 46.54 | I14: 0.8 | J14: 0.15 | K14: 330.44 | L14: 18.51 | M14: 63.89 | N14: 4.6 | O14: 0 | P14: 1.36 | Q14: 30.98
A15: 23-02-2023 07:00 | B15: 67.19 | C15: 105.12 | D15: 111.89 | E15: 4.98 | F15: Data F | G15: 98.97 | H15: 43.52 | I15: 0.79 | J15: 0.17 | K15: 356.88 | L15: 17.78 | M15: 62.7 | N15: 29.9 | O15: 0 | P15: 1.33 | Q15: 30.42
A16: 23-02-2023 08:00 | B16: 65.67 | C16: 105.27 | D16: 110.52 | E16: 5.27 | F16: 0.11 | G16: 98.97 | H16: 42.88 | I16: 0.77 | J16: 0.16 | K16: 180.94 | L16: 25.01 | M16: 57.45 | N16: 234.3 | O16: 0 | P16: 1.27 | Q16: 31.2
A17: 23-02-2023 09:00 | B17: 50.18 | C17: 113.33 | D17: 99.51 | E17: 4.26 | F17: 0.21 | G17: 81.91 | H17: 42.51 | I17: 0.74 | J17: 0.3 | K17: 357.26 | L17: 30.41 | M17: 38.85 | N17: 400.1 | O17: 0 | P17: 1.24 | Q17: 30.43
A18: 23-02-2023 10:00 | B18: 39.04 | C18: 114.69 | D18: 94.49 | E18: 5.09 | F18: 2.51 | G18: 76.03 | H18: 38.94 | I18: 0.71 | J18: 0.64 | K18: 357.82 | L18: 34.61 | M18: 28.94 | N18: 563.4 | O18: 0 | P18: 1.23 | Q18: 29.85
A19: 23-02-2023 11:00 | B19: 28.61 | C19: 118.31 | D19: 85.68 | E19: 6.32 | F19: 3.27 | G19: 68.57 | H19: 37.47 | I19: 0.72 | J19: 1.17 | K19: 359.02 | L19: 37.65 | M19: 17.84 | N19: 592.4 | O19: 0 | P19: 1.22 | Q19: 30.82
A20: 23-02-2023 12:00 | B20: 15.24 | C20: 120.76 | D20: 77.66 | E20: 5.83 | F20: 2.94 | G20: 66.84 | H20: 35.4 | I20: 0.71 | J20: 1.06 | K20: 356.88 | L20: 38.11 | M20: 16.27 | N20: 586.6 | O20: 0 | P20: 1.16 | Q20: 30.65
A21: 23-02-2023 13:00 | B21: 4.65 | C21: 117.62 | D21: 68.64 | E21: 4.31 | F21: 3.95 | G21: 66.76 | H21: 33.15 | I21: 0.68 | J21: 1.64 | K21: 359.82 | L21: 38.24 | M21: 15.15 | N21: 576.7 | O21: 0 | P21: 1.01 | Q21: 28.94
A22: 23-02-2023 14:00 | B22: 1.93 | C22: 102.29 | D22: 58 | E22: 4.27 | F22: 4.7 | G22: 44.34 | H22: 22.58 | I22: 0.63 | J22: 1.27 | K22: 355.69 | L22: 37.8 | M22: 15.25 | N22: 523.4 | O22: 0 | P22: 0.82 | Q22: 25.87
A23: 23-02-2023 15:00 | B23: 2.11 | C23: 91.09 | D23: 51.96 | E23: 4.22 | F23: 4.56 | G23: 44.34 | H23: 20.57 | I23: 0.59 | J23: 0.88 | K23: 352.71 | L23: 36.96 | M23: 15.45 | N23: 400.7 | O23: 0 | P23: 0.73 | Q23: 25.87
A24: 23-02-2023 16:00 | B24: 1.45 | C24: 87.6 | D24: 49.5 | E24: 3.54 | F24: 6 | G24: 43.16 | H24: 19.67 | I24: 0.56 | J24: 0.53 | K24: 337.67 | L24: 36.05 | M24: 15.5 | N24: 355.3 | O24: 0 | P24: 0.63 | Q24: 24.91
A25: 23-02-2023 17:00 | B25: 2.78 | C25: 86.74 | D25: 49.26 | E25: 3.48 | F25: 4.51 | G25: 40.49 | H25: 17.38 | I25: 0.55 | J25: 1.85 | K25: 359.77 | L25: 34.82 | M25: 16.24 | N25: 163.2 | O25: 0 | P25: 0.56 | Q25: 22.93
A26: 23-02-2023 18:00 | B26: 3.57 | C26: 82.78 | D26: 48.55 | E26: 3.27 | F26: 3.55 | G26: 34.53 | H26: 16.06 | I26: 0.53 | J26: 1.41 | K26: 347.06 | L26: 32.62 | M26: 18.45 | N26: 44.6 | O26: 0 | P26: 0.58 | Q26: 24.63
A27: 23-02-2023 19:00 | B27: 9.74 | C27: 92.8 | D27: 59.03 | E27: 4 | F27: 2.72 | G27: 41.7 | H27: 15.55 | I27: 0.55 | J27: 0.79 | K27: 347.33 | L27: 30 | M27: 23.59 | N27: 6.1 | O27: 0 | P27: 0.86 | Q27: 25.65
... A32: 23-02-2023 24:00 | B32: 115.66 | C32: 125.81 | D32: 162.18 | E32: 4.03 | F32: 0.01 | G32: 142.04 | H32: 47.42 | I32: 1.12 | J32: 0.13 | K32: 315.4 | L32: 21.7 | M32: 50.85 | N32: 4.4 | O32: 0 | P32: 2.09 | Q32: 33.5
A34: Min | B34: =MIN(B9:B32) -> 1.45 | C34: =MIN(C9:C32) -> 82.78 | D34: =MIN(D9:D32) -> 48.55 | E34: =MIN(E9:E32) -> 3.27 | F34: =MIN(F9:F32) -> 0.01 | G34: =MIN(G9:G32) -> 34.53 | H34: =MIN(H9:H32) -> 15.55 | I34: =MIN(I9:I32) -> 0.53 | ... Q34: =MIN(Q9:Q32) -> 22.93
A35: Max | B35: =MAX(B9:B32) -> 115.66 | C35: =MAX(C9:C32) -> 125.81 | D35: =MAX(D9:D32) -> 162.18 | E35: =MAX(E9:E32) -> 9.61 | F35: =MAX(F9:F32) -> 6 | G35: =MAX(G9:G32) -> 184.59 | H35: =MAX(H9:H32) -> 54.12 | I35: =MAX(I9:I32) -> 1.12 | ... Q35: =MAX(Q9:Q32) -> 34.28
A36: Avg | B36: =AVERAGE(B9:B32) -> 50.179583 | C36: =AVERAGE(C9:C32) -> 108.54375 | D36: =AVERAGE(D9:D32) -> 99.705417 | E36: =AVERAGE(E9:E32) -> 4.7379167 | F36: =AVERAGE(F9:F32) -> 1.8978261 | G36: =AVERAGE(G9:G32) -> 91.2225 | H36: =AVERAGE(H9:H32) -> 36.822083 | I36: =AVERAGE(I9:I32) -> 0.77875 | ... Q36: =AVERAGE(Q9:Q32) -> 29.642917
A37: Stdev | B37: =STDEV(B9:B32) -> 39.358075 | C37: =STDEV(C9:C32) -> 12.472087 | D37: =STDEV(D9:D32) -> 36.678464 | E37: =STDEV(E9:E32) -> 1.292278 | F37: =STDEV(F9:F32) -> 2.0051954 | G37: =STDEV(G9:G32) -> 41.261642 | H37: =STDEV(H9:H32) -> 13.061591 | I37: =STDEV(I9:I32) -> 0.17801594 | ... Q37: =STDEV(Q9:Q32) -> 3.3865302
A38: Num | B38: =COUNT(B9:B32) -> 24 | C38: =COUNT(C9:C32) -> 24 | D38: =COUNT(D9:D32) -> 24 | E38: =COUNT(E9:E32) -> 24 | F38: =COUNT(F9:F32)+1 -> 24 | G38: =COUNT(G9:G32) -> 24 | H38: =COUNT(H9:H32) -> 24 | I38: =COUNT(I9:I32) -> 24 | J38: =COUNT(J9:J32) -> 24 | K38: =COUNT(K9:K32) -> 24 | L38: =COUNT(L9:L32) -> 24 | M38: =COUNT(M9:M32) -> 24 | N38: =COUNT(N9:N32) -> 24 | ... Q38: =COUNT(Q9:Q32) -> 24
A39: DCR | B39: =IF(B38>=22,">90%",IF(B38<=22,"<90%")) -> >90% | C39: =IF(C38>=22,">90%",IF(C38<=22,"<90%")) -> >90% | D39: =IF(D38>=22,">90%",IF(D38<=22,"<90%")) -> >90% | E39: =IF(E38>=22,">90%",IF(E38<=22,"<90%")) -> >90% | F39: =IF(F38>=22,">90%",IF(F38<=22,"<90%")) -> >90% | G39: =IF(G38>=22,">90%",IF(G38<=22,"<90%")) -> >90% | H39: =IF(H38>=22,">90%",IF(H38<=22,"<90%")) -> >90% | I39: =IF(I38>=22,">90%",IF(I38<=22,"<90%")) -> >90% | ... Q39: =IF(Q38>=22,">90%",IF(Q38<=22,"<90%")) -> >90%
A40: Status | B40: =IF(B38>=22,"OK",IF(B38<=22,"LESS")) -> OK | C40: =IF(C38>=22,"OK",IF(C38<=22,"LESS")) -> OK | D40: =IF(D38>=22,"OK",IF(D38<=22,"LESS")) -> OK | E40: =IF(E38>=22,"OK",IF(E38<=22,"LESS")) -> OK | F40: =IF(F38>=22,"OK",IF(F38<=22,"LESS")) -> OK | G40: =IF(G38>=22,"OK",IF(G38<=22,"LESS")) -> OK | H40: =IF(H38>=22,"OK",IF(H38<=22,"LESS")) -> OK | I40: =IF(I38>=22,"OK",IF(I38<=22,"LESS")) -> OK | ... Q40: =IF(Q38>=22,"OK",IF(Q38<=22,"LESS")) -> OK
A43: Done by | B43: RAHUL
A45: Comment

Sheet 24
A1: Station: | B1: BHATAGAON RAIPUR
A2: Date: | B2: =$A$9 -> 24-02-2023 01:00 | D2: Power Off | G2: Pw.Off | L2: Link Fail | N2: Link F | P2: Maintenance | R2: Maint.
A3: Report Type: | B3: Mean | D3: Calibration | G3: Calib. | L3: Data Fail | N3: Data F | P3: Invalid | R3: Invalid
A4: Time Base: | B4: 01 Hour | D4: Zero Referrence | G4: Z.Ref | L4: Warm Up | N4: Wm. Up
A7: Date & Time | B7: NO_BHATAGAON | C7: NO2_BHATAGAON | D7: NOX_BHATAGAON | E7: SO2_BHATAGAON | F7: O3_BHATAGAON | G7: PM10_BHATAGAON | H7: PM2_5_BHATAGAON | I7: BENZ_BHATAGAON | J7: WS_BHATAGAON | K7: WD_BHATAGAON | L7: TEMP_BHATAGAON | M7: HUM BHATAGAON | N7: SR_BHATAGAON | O7: RG_BHATAGAON | P7: CO_BHATAGAON | Q7: NH3_BHATAGAON
B8: ug/m3 | C8: ug/m3 | D8: ppb | E8: ug/m3 | F8: ug/m3 | G8: mg/m3 | H8: ug/m3 | I8: ug/m3 | J8: m/sec | K8: deg | L8: degreC | M8: % | N8: w/m2 | O8: mm | P8: ug/m3 | Q8: ug/m3
A9: 24-02-2023 01:00 | B9: 111.61 | C9: 122.04 | D9: 156.41 | E9: 5.04 | F9: 0.13 | G9: 151.15 | H9: 50.16 | I9: 1.17 | J9: 0.17 | K9: 358.17 | L9: 21.17 | M9: 52.53 | N9: 4.4 | O9: 0 | P9: 2.07 | Q9: 35.38
A10: 24-02-2023 02:00 | B10: 107.66 | C10: 117.8 | D10: 151.34 | E10: 4.77 | F10: 0.18 | G10: 151.15 | H10: 50.16 | I10: 1.17 | J10: 0.2 | K10: 352.05 | L10: 20.61 | M10: 57 | N10: 4.5 | O10: 0 | P10: 1.84 | Q10: 35.76
A11: 24-02-2023 03:00 | B11: 90.39 | C11: 112.06 | D11: 134.33 | E11: 5.12 | F11: 0.02 | G11: 120.12 | H11: 47.37 | I11: 1.05 | J11: 0.23 | K11: 241.33 | L11: 21.11 | M11: 54.56 | N11: 4.6 | O11: 0 | P11: 1.69 | Q11: 34.05
A12: 24-02-2023 04:00 | B12: 70.13 | C12: 109.13 | D12: 116.47 | E12: 5.45 | F12: 0.11 | G12: 112.87 | H12: 53.15 | I12: 0.9 | J12: 0.28 | K12: 293.14 | L12: 20.53 | M12: 57.37 | N12: 4.4 | O12: 0 | P12: 1.57 | Q12: 32.37
A13: 24-02-2023 05:00 | B13: 56.19 | C13: 102.95 | D13: 101.67 | E13: 3.88 | F13: 0.03 | G13: 112.87 | H13: 53.15 | I13: 0.88 | J13: 0.33 | K13: 141.68 | L13: 19.77 | M13: 59.08 | N13: 4.5 | O13: 0 | P13: 1.47 | Q13: 32.11
A14: 24-02-2023 06:00 | B14: 50.69 | C14: 102.12 | D14: 97.01 | E14: 3.85 | F14: Data F | G14: 99.74 | H14: 47.49 | I14: 0.83 | J14: 0.31 | K14: 302.15 | L14: 20.5 | M14: 62.86 | N14: 4.6 | O14: 0 | P14: 1.37 | Q14: 32.09
A15: 24-02-2023 07:00 | B15: 50.45 | C15: 100.91 | D15: 95.5 | E15: 4.14 | F15: Data F | G15: 99.74 | H15: 47.49 | I15: 0.77 | J15: 0.48 | K15: 316.76 | L15: 18.95 | M15: 65.93 | N15: 32.7 | O15: 0 | P15: 1.33 | Q15: 30.74
A16: 24-02-2023 08:00 | B16: 72.98 | C16: 103.42 | D16: 114.63 | E16: 4.75 | F16: 0.07 | G16: 192.65 | H16: 50.37 | I16: 0.79 | J16: 0.26 | K16: 357.35 | L16: 27.69 | M16: 63.97 | N16: 216 | O16: 0 | P16: 1.57 | Q16: 31.58
A17: 24-02-2023 09:00 | B17: 67.18 | C17: 109.46 | D17: 112.05 | E17: 5.96 | F17: 0.28 | G17: 192.65 | H17: 50.37 | I17: 0.81 | J17: 0.85 | K17: 52.96 | L17: 30.25 | M17: 31.2 | N17: 419.9 | O17: 0 | P17: 1.56 | Q17: 32.95
A18: 24-02-2023 10:00 | B18: 52.4 | C18: 116.65 | D18: 104.15 | E18: 7.17 | F18: 1.17 | G18: 108.3 | H18: 49.13 | I18: 0.77 | J18: 1.2 | K18: 112.21 | L18: 32.2 | M18: 30.31 | N18: 573.3 | O18: 0 | P18: 1.4 | Q18: 32.7
A19: 24-02-2023 11:00 | B19: 39.92 | C19: 111.94 | D19: 93.79 | E19: 10 | F19: 4.87 | G19: 78 | H19: 43.78 | I19: 0.71 | J19: 1.35 | K19: 121.73 | L19: 32.75 | M19: 27.96 | N19: 568 | O19: 0 | P19: 1.25 | Q19: 32.33
A20: 24-02-2023 12:00 | B20: 29.03 | C20: 111.52 | D20: 84 | E20: 8.38 | F20: 4.38 | G20: 61.51 | H20: 37.13 | I20: 0.7 | J20: 1.82 | K20: 126.36 | L20: 32.76 | M20: 24.26 | N20: 573.2 | O20: 0 | P20: 1.1 | Q20: 31.59
A21: 24-02-2023 13:00 | B21: 13.98 | C21: 109.77 | D21: 71.16 | E21: 7.38 | F21: 9.45 | G21: 56.32 | H21: 29.48 | I21: 0.69 | J21: 1.19 | K21: 159.71 | L21: 35.81 | M21: 21 | N21: 546.5 | O21: 0 | P21: 0.91 | Q21: 31.02
A22: 24-02-2023 14:00 | B22: 3.46 | C22: 106.95 | D22: 61.8 | E22: 18.59 | F22: 23.85 | G22: 48.89 | H22: 27.97 | I22: 0.64 | J22: 0.97 | K22: 169.07 | L22: 35.43 | M22: 20.7 | N22: 438.1 | O22: 0 | P22: 0.74 | Q22: 28.28
A23: 24-02-2023 15:00 | B23: 3.28 | C23: 99.37 | D23: 57.41 | E23: 9.14 | F23: 22.44 | G23: 54.63 | H23: 25.7 | I23: 0.63 | J23: 1.14 | K23: 354.58 | L23: 38.13 | M23: 15.75 | N23: 403.1 | O23: 0 | P23: 0.71 | Q23: 27.52
A24: 24-02-2023 16:00 | B24: 2.83 | C24: 98.07 | D24: 56.34 | E24: 6.55 | F24: 13.4 | G24: 54.63 | H24: 25.7 | I24: 0.65 | J24: 1.25 | K24: 7.23 | L24: 37.69 | M24: 15.97 | N24: 368.3 | O24: 0 | P24: 0.67 | Q24: 28.33
A25: 24-02-2023 17:00 | B25: 3.03 | C25: 91.93 | D25: 52.52 | E25: 6.54 | F25: 15.32 | G25: 40.44 | H25: 20.47 | I25: 0.64 | J25: 1.13 | K25: 10.09 | L25: 35.61 | M25: 18.37 | N25: 126.1 | O25: 0 | P25: 0.66 | Q25: 27.59
A26: 24-02-2023 18:00 | B26: 14.86 | C26: 101.67 | D26: 62.96 | E26: 8.76 | F26: 24.57 | G26: 44.47 | H26: 15.93 | I26: 0.61 | J26: 0.75 | K26: 161.17 | L26: 32.35 | M26: 23.56 | N26: 38.6 | O26: 0 | P26: 0.95 | Q26: 26.29
A27: 24-02-2023 19:00 | B27: 34.37 | C27: 118.14 | D27: 92.76 | E27: 7.72 | F27: 7.04 | G27: 77.35 | H27: 19.53 | I27: 0.78 | J27: 0.17 | K27: 104.85 | L27: 28.92 | M27: 34.17 | N27: 5.5 | O27: 0 | P27: 1.08 | Q27: 28.12
... A32: 24-02-2023 24:00 | B32: 125.36 | C32: 133.97 | D32: 174.46 | E32: 5.05 | F32: 4.36 | G32: 156.85 | H32: 44.72 | I32: 1.1 | J32: 0.05 | K32: 250.21 | L32: 22.78 | M32: 49.09 | N32: 4.6 | O32: 0 | P32: 1.79 | Q32: 37.53
A34: Min | B34: =MIN(B9:B32) -> 2.83 | C34: =MIN(C9:C32) -> 91.93 | D34: =MIN(D9:D32) -> 52.52 | E34: =MIN(E9:E32) -> 3.85 | F34: =MIN(F9:F32) -> 0.02 | G34: =MIN(G9:G32) -> 40.44 | H34: =MIN(H9:H32) -> 15.93 | I34: =MIN(I9:I32) -> 0.61 | ... Q34: =MIN(Q9:Q32) -> 26.29
A35: Max | B35: =MAX(B9:B32) -> 125.36 | C35: =MAX(C9:C32) -> 133.97 | D35: =MAX(D9:D32) -> 174.46 | E35: =MAX(E9:E32) -> 18.59 | F35: =MAX(F9:F32) -> 24.57 | G35: =MAX(G9:G32) -> 192.65 | H35: =MAX(H9:H32) -> 53.15 | I35: =MAX(I9:I32) -> 1.17 | ... Q35: =MAX(Q9:Q32) -> 37.53
A36: Avg | B36: =AVERAGE(B9:B32) -> 55.922917 | C36: =AVERAGE(C9:C32) -> 112.39375 | D36: =AVERAGE(D9:D32) -> 106.21708 | E36: =AVERAGE(E9:E32) -> 6.8266667 | F36: =AVERAGE(F9:F32) -> 6.8318182 | G36: =AVERAGE(G9:G32) -> 107.95583 | H36: =AVERAGE(H9:H32) -> 39.043333 | I36: =AVERAGE(I9:I32) -> 0.83958333 | ... Q36: =AVERAGE(Q9:Q32) -> 31.7375
A37: Stdev | B37: =STDEV(B9:B32) -> 38.105255 | C37: =STDEV(C9:C32) -> 11.758809 | D37: =STDEV(D9:D32) -> 35.797058 | E37: =STDEV(E9:E32) -> 3.0129166 | F37: =STDEV(F9:F32) -> 8.0262786 | G37: =STDEV(G9:G32) -> 47.095467 | H37: =STDEV(H9:H32) -> 11.803137 | I37: =STDEV(I9:I32) -> 0.17672084 | ... Q37: =STDEV(Q9:Q32) -> 2.946506
A38: Num | B38: =COUNT(B9:B32) -> 24 | C38: =COUNT(C9:C32) -> 24 | D38: =COUNT(D9:D32) -> 24 | E38: =COUNT(E9:E32) -> 24 | F38: =COUNT(F9:F32)+2 -> 24 | G38: =COUNT(G9:G32) -> 24 | H38: =COUNT(H9:H32) -> 24 | I38: =COUNT(I9:I32) -> 24 | J38: =COUNT(J9:J32) -> 24 | K38: =COUNT(K9:K32) -> 24 | L38: =COUNT(L9:L32) -> 24 | M38: =COUNT(M9:M32) -> 24 | N38: =COUNT(N9:N32) -> 24 | ... Q38: =COUNT(Q9:Q32) -> 24
A39: DCR | B39: =IF(B38>=22,">90%",IF(B38<=22,"<90%")) -> >90% | C39: =IF(C38>=22,">90%",IF(C38<=22,"<90%")) -> >90% | D39: =IF(D38>=22,">90%",IF(D38<=22,"<90%")) -> >90% | E39: =IF(E38>=22,">90%",IF(E38<=22,"<90%")) -> >90% | F39: =IF(F38>=22,">90%",IF(F38<=22,"<90%")) -> >90% | G39: =IF(G38>=22,">90%",IF(G38<=22,"<90%")) -> >90% | H39: =IF(H38>=22,">90%",IF(H38<=22,"<90%")) -> >90% | I39: =IF(I38>=22,">90%",IF(I38<=22,"<90%")) -> >90% | ... Q39: =IF(Q38>=22,">90%",IF(Q38<=22,"<90%")) -> >90%
A40: Status | B40: =IF(B38>=22,"OK",IF(B38<=22,"LESS")) -> OK | C40: =IF(C38>=22,"OK",IF(C38<=22,"LESS")) -> OK | D40: =IF(D38>=22,"OK",IF(D38<=22,"LESS")) -> OK | E40: =IF(E38>=22,"OK",IF(E38<=22,"LESS")) -> OK | F40: =IF(F38>=22,"OK",IF(F38<=22,"LESS")) -> OK | G40: =IF(G38>=22,"OK",IF(G38<=22,"LESS")) -> OK | H40: =IF(H38>=22,"OK",IF(H38<=22,"LESS")) -> OK | I40: =IF(I38>=22,"OK",IF(I38<=22,"LESS")) -> OK | ... Q40: =IF(Q38>=22,"OK",IF(Q38<=22,"LESS")) -> OK
A43: Done by | B43: RAHUL
A45: Comment

Sheet 25
A1: Station: | B1: BHATAGAON RAIPUR
A2: Date: | B2: =$A$9 -> 25-02-2023 01:00 | D2: Power Off | G2: Pw.Off | L2: Link Fail | N2: Link F | P2: Maintenance | R2: Maint.
A3: Report Type: | B3: Mean | D3: Calibration | G3: Calib. | L3: Data Fail | N3: Data F | P3: Invalid | R3: Invalid
A4: Time Base: | B4: 01 Hour | D4: Zero Referrence | G4: Z.Ref | L4: Warm Up | N4: Wm. Up
A7: Date & Time | B7: NO_BHATAGAON | C7: NO2_BHATAGAON | D7: NOX_BHATAGAON | E7: SO2_BHATAGAON | F7: O3_BHATAGAON | G7: PM10_BHATAGAON | H7: PM2_5_BHATAGAON | I7: BENZ_BHATAGAON | J7: WS_BHATAGAON | K7: WD_BHATAGAON | L7: TEMP_BHATAGAON | M7: HUM BHATAGAON | N7: SR_BHATAGAON | O7: RG_BHATAGAON | P7: CO_BHATAGAON | Q7: NH3_BHATAGAON
B8: ug/m3 | C8: ug/m3 | D8: ppb | E8: ug/m3 | F8: ug/m3 | G8: mg/m3 | H8: ug/m3 | I8: ug/m3 | J8: m/sec | K8: deg | L8: degreC | M8: % | N8: w/m2 | O8: mm | P8: ug/m3 | Q8: ug/m3
A9: 25-02-2023 01:00 | B9: 132.81 | C9: 135.37 | D9: 181.21 | E9: 7.11 | F9: 5.86 | G9: 144.09 | H9: 45.89 | I9: 1.11 | J9: 0.79 | K9: 294.22 | L9: 22.86 | M9: 53.98 | N9: 4.6 | O9: 0 | P9: 1.76 | Q9: 37
A10: 25-02-2023 02:00 | B10: 102.91 | C10: 125.78 | D10: 151.88 | E10: 6.66 | F10: 5.48 | G10: 114.08 | H10: 45.89 | I10: 1.08 | J10: 0.32 | K10: 295.8 | L10: 22.49 | M10: 52.11 | N10: 4.9 | O10: 0 | P10: 1.68 | Q10: 36.98
A11: 25-02-2023 03:00 | B11: 92.77 | C11: 118.82 | D11: 139.88 | E11: 6.46 | F11: 4.31 | G11: 109.65 | H11: 44.11 | I11: 1.08 | J11: 0.96 | K11: 108.56 | L11: 21.97 | M11: 50.55 | N11: 4.6 | O11: 0 | P11: 1.62 | Q11: 36.79
A12: 25-02-2023 04:00 | B12: 72.99 | C12: 116.48 | D12: 122.82 | E12: 6.76 | F12: 4.46 | G12: 162.61 | H12: 56.35 | I12: 0.93 | J12: 0.1 | K12: 340.67 | L12: 21.7 | M12: 57.44 | N12: 4.7 | O12: 0 | P12: 1.65 | Q12: 34.94
A13: 25-02-2023 05:00 | B13: 59.56 | C13: 110.15 | D13: 108.35 | E13: 5.82 | F13: 4.91 | G13: 162.61 | H13: 59.43 | I13: 0.82 | J13: 0.27 | K13: 344.58 | L13: 21.28 | M13: 54.99 | N13: 4.3 | O13: 0 | P13: 1.65 | Q13: 33.02
A14: 25-02-2023 06:00 | B14: 55.09 | C14: 107.57 | D14: 103.49 | E14: 5.49 | F14: 4.92 | G14: 138.83 | H14: 59.43 | I14: 0.81 | J14: 0.41 | K14: 107.61 | L14: 21.37 | M14: 51.45 | N14: 4.7 | O14: 0 | P14: 1.54 | Q14: 33.53
A15: 25-02-2023 07:00 | B15: 50.97 | C15: 108.69 | D15: 100.21 | E15: 4.92 | F15: 4.39 | G15: 100.74 | H15: 50.22 | I15: 0.8 | J15: 0.31 | K15: 279.48 | L15: 20.48 | M15: 53.38 | N15: 33.8 | O15: 0 | P15: 1.42 | Q15: 33.29
A16: 25-02-2023 08:00 | B16: 49.49 | C16: 109.62 | D16: 100.04 | E16: 6.52 | F16: 4.62 | G16: 106.18 | H16: 49.35 | I16: 0.75 | J16: 0.67 | K16: 33.1 | L16: 25.4 | M16: 50.64 | N16: 216.4 | O16: 0 | P16: 1.36 | Q16: 32.05
A17: 25-02-2023 09:00 | B17: 45.19 | C17: 109.73 | D17: 95.29 | E17: 8.89 | F17: 5.11 | G17: 120.69 | H17: 49.35 | I17: 0.74 | J17: 1.35 | K17: 108.65 | L17: 26.38 | M17: 36.88 | N17: 411.8 | O17: 0 | P17: 1.38 | Q17: 30.8
A18: 25-02-2023 10:00 | B18: 37.26 | C18: 111.61 | D18: 91.47 | E18: 6.19 | F18: 4.87 | G18: 120.69 | H18: 49.01 | I18: 0.73 | J18: 2.01 | K18: 117.46 | L18: 29.04 | M18: 33.28 | N18: 563.2 | O18: 0 | P18: 1.32 | Q18: 30.91
A19: 25-02-2023 11:00 | B19: 18 | C19: 110.32 | D19: 75.32 | E19: 15.78 | F19: 42.01 | G19: 81.65 | H19: 42.78 | I19: 0.69 | J19: 2.36 | K19: 117.29 | L19: 30.37 | M19: 25.58 | N19: 571.3 | O19: 0 | P19: 1.1 | Q19: 29.61
A20: 25-02-2023 12:00 | B20: 0.51 | C20: 55.1 | D20: 30.82 | E20: 32.99 | F20: 63.87 | G20: 62.75 | H20: 38.03 | I20: 0.58 | J20: 2.15 | K20: 117.66 | L20: 31.99 | M20: 21.51 | N20: 567 | O20: 0 | P20: 0.37 | Q20: 6.62
... A32: 25-02-2023 24:00 | B32: 112.94 | C32: 119.98 | D32: 155.86 | E32: 7.54 | F32: 4.4 | G32: 163.38 | H32: 55.03 | I32: 1.29 | J32: 0.73 | K32: 170.66 | L32: 24.43 | M32: 51.29 | N32: 5.2 | O32: 0 | P32: 2.88 | Q32: 33.64
A34: Min | B34: =MIN(B9:B32) -> 0.51 | C34: =MIN(C9:C32) -> 52.24 | D34: =MIN(D9:D32) -> 30.24 | E34: =MIN(E9:E32) -> 4.92 | F34: =MIN(F9:F32) -> 4.31 | G34: =MIN(G9:G32) -> 41.48 | H34: =MIN(H9:H32) -> 25.04 | I34: =MIN(I9:I32) -> 0.48 | ... Q34: =MIN(Q9:Q32) -> 6.62
A35: Max | B35: =MAX(B9:B32) -> 132.81 | C35: =MAX(C9:C32) -> 135.37 | D35: =MAX(D9:D32) -> 181.21 | E35: =MAX(E9:E32) -> 36.32 | F35: =MAX(F9:F32) -> 63.87 | G35: =MAX(G9:G32) -> 163.38 | H35: =MAX(H9:H32) -> 59.43 | I35: =MAX(I9:I32) -> 1.29 | ... Q35: =MAX(Q9:Q32) -> 37
A36: Avg | B36: =AVERAGE(B9:B32) -> 47.562083 | C36: =AVERAGE(C9:C32) -> 101.96667 | D36: =AVERAGE(D9:D32) -> 94.001667 | E36: =AVERAGE(E9:E32) -> 13.579583 | F36: =AVERAGE(F9:F32) -> 15.708333 | G36: =AVERAGE(G9:G32) -> 103.4925 | H36: =AVERAGE(H9:H32) -> 42.65875 | I36: =AVERAGE(I9:I32) -> 0.81166667 | ... Q36: =AVERAGE(Q9:Q32) -> 27.01
A37: Stdev | B37: =STDEV(B9:B32) -> 40.857703 | C37: =STDEV(C9:C32) -> 25.162609 | D37: =STDEV(D9:D32) -> 44.774103 | E37: =STDEV(E9:E32) -> 9.7924183 | F37: =STDEV(F9:F32) -> 16.391845 | G37: =STDEV(G9:G32) -> 42.830188 | H37: =STDEV(H9:H32) -> 11.499645 | I37: =STDEV(I9:I32) -> 0.23000315 | ... Q37: =STDEV(Q9:Q32) -> 8.2115608
A38: Num | B38: =COUNT(B9:B32) -> 24 | C38: =COUNT(C9:C32) -> 24 | D38: =COUNT(D9:D32) -> 24 | E38: =COUNT(E9:E32) -> 24 | F38: =COUNT(F9:F32) -> 24 | G38: =COUNT(G9:G32) -> 24 | H38: =COUNT(H9:H32) -> 24 | I38: =COUNT(I9:I32) -> 24 | ... Q38: =COUNT(Q9:Q32) -> 24
A39: DCR | B39: =IF(B38>=22,">90%",IF(B38<=22,"<90%")) -> >90% | C39: =IF(C38>=22,">90%",IF(C38<=22,"<90%")) -> >90% | D39: =IF(D38>=22,">90%",IF(D38<=22,"<90%")) -> >90% | E39: =IF(E38>=22,">90%",IF(E38<=22,"<90%")) -> >90% | F39: =IF(F38>=22,">90%",IF(F38<=22,"<90%")) -> >90% | G39: =IF(G38>=22,">90%",IF(G38<=22,"<90%")) -> >90% | H39: =IF(H38>=22,">90%",IF(H38<=22,"<90%")) -> >90% | I39: =IF(I38>=22,">90%",IF(I38<=22,"<90%")) -> >90% | ... Q39: =IF(Q38>=22,">90%",IF(Q38<=22,"<90%")) -> >90%
A40: Status | B40: =IF(B38>=22,"OK",IF(B38<=22,"LESS")) -> OK | C40: =IF(C38>=22,"OK",IF(C38<=22,"LESS")) -> OK | D40: =IF(D38>=22,"OK",IF(D38<=22,"LESS")) -> OK | E40: =IF(E38>=22,"OK",IF(E38<=22,"LESS")) -> OK | F40: =IF(F38>=22,"OK",IF(F38<=22,"LESS")) -> OK | G40: =IF(G38>=22,"OK",IF(G38<=22,"LESS")) -> OK | H40: =IF(H38>=22,"OK",IF(H38<=22,"LESS")) -> OK | I40: =IF(I38>=22,"OK",IF(I38<=22,"LESS")) -> OK | ... Q40: =IF(Q38>=22,"OK",IF(Q38<=22,"LESS")) -> OK
A43: Done by | B43: RAHUL
A45: Comment

Sheet 26
A1: Station: | B1: BHATAGAON RAIPUR
A2: Date: | B2: =$A$9 -> 26-02-2023 01:00 | D2: Power Off | G2: Pw.Off | L2: Link Fail | N2: Link F | P2: Maintenance | R2: Maint.
A3: Report Type: | B3: Mean | D3: Calibration | G3: Calib. | L3: Data Fail | N3: Data F | P3: Invalid | R3: Invalid
A4: Time Base: | B4: 01 Hour | D4: Zero Referrence | G4: Z.Ref | L4: Warm Up | N4: Wm. Up
A7: Date & Time | B7: NO_BHATAGAON | C7: NO2_BHATAGAON | D7: NOX_BHATAGAON | E7: SO2_BHATAGAON | F7: O3_BHATAGAON | G7: PM10_BHATAGAON | H7: PM2_5_BHATAGAON | I7: BENZ_BHATAGAON | J7: WS_BHATAGAON | K7: WD_BHATAGAON | L7: TEMP_BHATAGAON | M7: HUM BHATAGAON | N7: SR_BHATAGAON | O7: RG_BHATAGAON | P7: CO_BHATAGAON | Q7: NH3_BHATAGAON
B8: ug/m3 | C8: ug/m3 | D8: ppb | E8: ug/m3 | F8: ug/m3 | G8: mg/m3 | H8: ug/m3 | I8: ug/m3 | J8: m/sec | K8: deg | L8: degreC | M8: % | N8: w/m2 | O8: mm | P8: ug/m3 | Q8: ug/m3
A9: 26-02-2023 01:00 | B9: 115.35 | C9: 118.4 | D9: 157.64 | E9: 7.61 | F9: 4.38 | G9: 171.53 | H9: 58.08 | I9: 1.43 | J9: 0.28 | K9: 160.33 | L9: 23.05 | M9: 51.51 | N9: 4.5 | O9: 0 | P9: 3.12 | Q9: 34.17
A10: 26-02-2023 02:00 | B10: 108.41 | C10: 116.85 | D10: 150.67 | E10: 12.56 | F10: 4.4 | G10: 194.28 | H10: 75.84 | I10: 1.45 | J10: 0.85 | K10: 181.43 | L10: 23.32 | M10: 47.54 | N10: 4.9 | O10: 0 | P10: 2.97 | Q10: 33.71
A11: 26-02-2023 03:00 | B11: 97.6 | C11: 112.75 | D11: 140.49 | E11: 7.09 | F11: 4.34 | G11: 194.28 | H11: 75.84 | I11: 1.4 | J11: 0.13 | K11: 102 | L11: 21.2 | M11: 54.11 | N11: 4.6 | O11: 0 | P11: 2.79 | Q11: 32.77
A12: 26-02-2023 04:00 | B12: 92.35 | C12: 109.28 | D12: 134.37 | E12: 8.88 | F12: 4.31 | G12: 194.34 | H12: 72.48 | I12: 1.35 | J12: 0.24 | K12: 167.47 | L12: 21.63 | M12: 50.82 | N12: 4.1 | O12: 0 | P12: 2.64 | Q12: 33.7
A13: 26-02-2023 05:00 | B13: 82.96 | C13: 107.58 | D13: 125.87 | E13: 7.48 | F13: 4.91 | G13: 210.99 | H13: 82.9 | I13: 1.27 | J13: 0.22 | K13: 97.57 | L13: 21.53 | M13: 46.88 | N13: 4.2 | O13: 0 | P13: 2.68 | Q13: 33.2
A14: 26-02-2023 06:00 | B14: 69.05 | C14: 106.58 | D14: 114.19 | E14: 6.03 | F14: 4.86 | G14: 210.99 | H14: 82.9 | I14: 1.06 | J14: 0.63 | K14: 231.27 | L14: 22.18 | M14: 55.95 | N14: 5.4 | O14: 0 | P14: 2.49 | Q14: 31.27
A15: 26-02-2023 07:00 | B15: 72.51 | C15: 105.57 | D15: 115.46 | E15: 5.01 | F15: 4.34 | G15: 140.11 | H15: 64.02 | I15: 0.96 | J15: 0.13 | K15: 333.09 | L15: 19.35 | M15: 64.98 | N15: 35.9 | O15: 0 | P15: 2.24 | Q15: 32.45
A16: 26-02-2023 08:00 | B16: 75.65 | C16: 105.01 | D16: 118.01 | E16: 5.19 | F16: 4.31 | G16: 157.16 | H16: 61.45 | I16: 0.96 | J16: 0.6 | K16: 239.69 | L16: 23.17 | M16: 59.32 | N16: 210.1 | O16: 0 | P16: 2.1 | Q16: 32.8
A17: 26-02-2023 09:00 | B17: 71.1 | C17: 111.62 | D17: 115.79 | E17: 5.31 | F17: 4.75 | G17: 157.16 | H17: 63.15 | I17: 0.94 | J17: 0.53 | K17: 352.43 | L17: 31.03 | M17: 48.17 | N17: 386 | O17: 0 | P17: 2.05 | Q17: 32.34
A18: 26-02-2023 10:00 | B18: 55.94 | C18: 114.04 | D18: 107.36 | E18: 6.44 | F18: 6.29 | G18: 143.21 | H18: 63.15 | I18: 0.9 | J18: 0.86 | K18: 114.34 | L18: 30.31 | M18: 26.63 | N18: 536.2 | O18: 0 | P18: 1.96 | Q18: 31.34
A19: 26-02-2023 11:00 | B19: 43.46 | C19: 115.83 | D19: 96.33 | E19: 6.69 | F19: 6.23 | G19: 112.06 | H19: 58.35 | I19: 0.88 | J19: 1.02 | K19: 108.9 | L19: 32.03 | M19: 25.18 | N19: 533.8 | O19: 0 | P19: 1.77 | Q19: 32.15
A20: 26-02-2023 12:00 | B20: 19.76 | C20: 118.14 | D20: 81.05 | E20: 7.32 | F20: 12.07 | G20: 104.31 | H20: 51.16 | I20: 0.81 | J20: 0.7 | K20: 179.98 | L20: 35.16 | M20: 18.72 | N20: 535.1 | O20: 0 | P20: 1.45 | Q20: 30.93
... A32: 26-02-2023 24:00 | B32: 83.3 | C32: 126.25 | D32: 136.47 | E32: 5.97 | F32: 4.97 | G32: 157.19 | H32: 52.85 | I32: 1.15 | J32: 0.32 | K32: 300.73 | L32: 24.6 | M32: 42.67 | N32: 4.7 | O32: 0 | P32: 2.19 | Q32: 33.39
A34: Min | B34: =MIN(B9:B32) -> 2.07 | C34: =MIN(C9:C32) -> 88.54 | D34: =MIN(D9:D32) -> 52.32 | E34: =MIN(E9:E32) -> 5.01 | F34: =MIN(F9:F32) -> 4.31 | G34: =MIN(G9:G32) -> 44.55 | H34: =MIN(H9:H32) -> 25.48 | I34: =MIN(I9:I32) -> 0.64 | ... Q34: =MIN(Q9:Q32) -> 25.79
A35: Max | B35: =MAX(B9:B32) -> 115.35 | C35: =MAX(C9:C32) -> 135.06 | D35: =MAX(D9:D32) -> 157.64 | E35: =MAX(E9:E32) -> 15.76 | F35: =MAX(F9:F32) -> 29.69 | G35: =MAX(G9:G32) -> 210.99 | H35: =MAX(H9:H32) -> 82.9 | I35: =MAX(I9:I32) -> 1.45 | ... Q35: =MAX(Q9:Q32) -> 34.17
A36: Avg | B36: =AVERAGE(B9:B32) -> 54.681667 | C36: =AVERAGE(C9:C32) -> 112.81042 | D36: =AVERAGE(D9:D32) -> 105.50708 | E36: =AVERAGE(E9:E32) -> 8.4170833 | F36: =AVERAGE(F9:F32) -> 9.8829167 | G36: =AVERAGE(G9:G32) -> 128.93042 | H36: =AVERAGE(H9:H32) -> 52.070833 | I36: =AVERAGE(I9:I32) -> 0.99458333 | ... Q36: =AVERAGE(Q9:Q32) -> 30.925833
A37: Stdev | B37: =STDEV(B9:B32) -> 36.558088 | C37: =STDEV(C9:C32) -> 12.923736 | D37: =STDEV(D9:D32) -> 33.161021 | E37: =STDEV(E9:E32) -> 3.0686132 | F37: =STDEV(F9:F32) -> 8.4247732 | G37: =STDEV(G9:G32) -> 54.820274 | H37: =STDEV(H9:H32) -> 18.391864 | I37: =STDEV(I9:I32) -> 0.25059892 | ... Q37: =STDEV(Q9:Q32) -> 2.4915141
A38: Num | B38: =COUNT(B9:B32) -> 24 | C38: =COUNT(C9:C32) -> 24 | D38: =COUNT(D9:D32) -> 24 | E38: =COUNT(E9:E32) -> 24 | F38: =COUNT(F9:F32) -> 24 | G38: =COUNT(G9:G32) -> 24 | H38: =COUNT(H9:H32) -> 24 | I38: =COUNT(I9:I32) -> 24 | ... Q38: =COUNT(Q9:Q32) -> 24
A39: DCR | B39: =IF(B38>=22,">90%",IF(B38<=22,"<90%")) -> >90% | C39: =IF(C38>=22,">90%",IF(C38<=22,"<90%")) -> >90% | D39: =IF(D38>=22,">90%",IF(D38<=22,"<90%")) -> >90% | E39: =IF(E38>=22,">90%",IF(E38<=22,"<90%")) -> >90% | F39: =IF(F38>=22,">90%",IF(F38<=22,"<90%")) -> >90% | G39: =IF(G38>=22,">90%",IF(G38<=22,"<90%")) -> >90% | H39: =IF(H38>=22,">90%",IF(H38<=22,"<90%")) -> >90% | I39: =IF(I38>=22,">90%",IF(I38<=22,"<90%")) -> >90% | ... Q39: =IF(Q38>=22,">90%",IF(Q38<=22,"<90%")) -> >90%
A40: Status | B40: =IF(B38>=22,"OK",IF(B38<=22,"LESS")) -> OK | C40: =IF(C38>=22,"OK",IF(C38<=22,"LESS")) -> OK | D40: =IF(D38>=22,"OK",IF(D38<=22,"LESS")) -> OK | E40: =IF(E38>=22,"OK",IF(E38<=22,"LESS")) -> OK | F40: =IF(F38>=22,"OK",IF(F38<=22,"LESS")) -> OK | G40: =IF(G38>=22,"OK",IF(G38<=22,"LESS")) -> OK | H40: =IF(H38>=22,"OK",IF(H38<=22,"LESS")) -> OK | I40: =IF(I38>=22,"OK",IF(I38<=22,"LESS")) -> OK | ... Q40: =IF(Q38>=22,"OK",IF(Q38<=22,"LESS")) -> OK
A43: Done by | B43: RAHUL
A45: Comment

Sheet 27
A1: Station: | B1: BHATAGAON RAIPUR
A2: Date: | B2: =$A$9 -> 27-02-2023 01:00 | D2: Power Off | G2: Pw.Off | L2: Link Fail | N2: Link F | P2: Maintenance | R2: Maint.
A3: Report Type: | B3: Mean | D3: Calibration | G3: Calib. | L3: Data Fail | N3: Data F | P3: Invalid | R3: Invalid
A4: Time Base: | B4: 01 Hour | D4: Zero Referrence | G4: Z.Ref | L4: Warm Up | N4: Wm. Up
A7: Date & Time | B7: NO_BHATAGAON | C7: NO2_BHATAGAON | D7: NOX_BHATAGAON | E7: SO2_BHATAGAON | F7: O3_BHATAGAON | G7: PM10_BHATAGAON | H7: PM2_5_BHATAGAON | I7: BENZ_BHATAGAON | J7: WS_BHATAGAON | K7: WD_BHATAGAON | L7: TEMP_BHATAGAON | M7: HUM BHATAGAON | N7: SR_BHATAGAON | O7: RG_BHATAGAON | P7: CO_BHATAGAON | Q7: NH3_BHATAGAON
B8: ug/m3 | C8: ug/m3 | D8: ppb | E8: ug/m3 | F8: ug/m3 | G8: mg/m3 | H8: ug/m3 | I8: ug/m3 | J8: m/sec | K8: deg | L8: degreC | M8: % | N8: w/m2 | O8: mm | P8: ug/m3 | Q8: ug/m3
A9: 27-02-2023 01:00 | B9: 72.97 | C9: 125.29 | D9: 127.66 | E9: 6.56 | F9: 6 | G9: 155.42 | H9: 52.85 | I9: 1.15 | J9: 0.12 | K9: 187.29 | L9: 23.72 | M9: 42.17 | N9: 4.5 | O9: 0 | P9: 2.11 | Q9: 34.36
A10: 27-02-2023 02:00 | B10: 69.11 | C10: 122.15 | D10: 122.83 | E10: 5.33 | F10: 4.47 | G10: 125.05 | H10: 45.72 | I10: 1.17 | J10: 0.17 | K10: 283.79 | L10: 23.2 | M10: 43.18 | N10: 4.6 | O10: 0 | P10: 1.99 | Q10: 34.17
A11: 27-02-2023 03:00 | B11: 51.88 | C11: 118.83 | D11: 107.18 | E11: 5.15 | F11: 4.38 | G11: 100.35 | H11: 39.03 | I11: 1.09 | J11: 0.73 | K11: 265.85 | L11: 22.93 | M11: 54.73 | N11: 5.2 | O11: 0 | P11: 1.8 | Q11: 32.5
A12: 27-02-2023 04:00 | B12: 40.24 | C12: 110.63 | D12: 93.32 | E12: 4.96 | F12: 4.54 | G12: 68.92 | H12: 37.93 | I12: 0.96 | J12: 0.27 | K12: 198.35 | L12: 21.23 | M12: 52.13 | N12: 4.2 | O12: 0 | P12: 1.62 | Q12: 30.4
A13: 27-02-2023 05:00 | B13: 35.52 | C13: 108.08 | D13: 87.64 | E13: 4.97 | F13: 4.53 | G13: 75.78 | H13: 34.38 | I13: 0.88 | J13: 0.24 | K13: 265.8 | L13: 21.37 | M13: 43.6 | N13: 4.2 | O13: 0 | P13: 1.49 | Q13: 31.65
A14: 27-02-2023 06:00 | B14: 34.27 | C14: 111.95 | D14: 89.27 | E14: 4.59 | F14: 4.38 | G14: 79.04 | H14: 33.79 | I14: 0.83 | J14: 0.25 | K14: 324.44 | L14: 21.36 | M14: 54.14 | N14: 4.8 | O14: 0 | P14: 1.31 | Q14: 31.02
A15: 27-02-2023 07:00 | B15: 51.88 | C15: 111.32 | D15: 102.36 | E15: 4.57 | F15: 4.31 | G15: 101.39 | H15: 40.28 | I15: 0.78 | J15: 0.16 | K15: 319.6 | L15: 19.91 | M15: 61.4 | N15: 37.1 | O15: 0 | P15: 1.33 | Q15: 29.75
A16: 27-02-2023 08:00 | B16: 56.98 | C16: 110.15 | D16: 106.22 | E16: 5.52 | F16: 4.46 | G16: 118.94 | H16: 48.21 | I16: 0.81 | J16: 1.39 | K16: 119.58 | L16: 24.21 | M16: 53.62 | N16: 207.9 | O16: 0 | P16: 1.35 | Q16: 31.6
A17: 27-02-2023 09:00 | B17: 49.74 | C17: 111.76 | D17: 99.97 | E17: 6.3 | F17: 4.54 | G17: 118.94 | H17: 48.21 | I17: 0.81 | J17: 1.72 | K17: 242.57 | L17: 25.75 | M17: 39 | N17: 353.6 | O17: 0 | P17: 1.27 | Q17: 31.66
A18: 27-02-2023 10:00 | B18: 28.07 | C18: 114.75 | D18: 85.09 | E18: 5.68 | F18: 5.19 | G18: 103.33 | H18: 44.73 | I18: 0.72 | J18: 1.14 | K18: 163.75 | L18: 28.06 | M18: 33.29 | N18: 481.9 | O18: 0 | P18: 1.2 | Q18: 29.2
A19: 27-02-2023 11:00 | B19: 16.71 | C19: 112.85 | D19: 75 | E19: 9.27 | F19: 23.29 | G19: 93.29 | H19: 41.47 | I19: 0.68 | J19: 0.86 | K19: 157.5 | L19: 30.89 | M19: 28.57 | N19: 499.9 | O19: 0 | P19: 1.12 | Q19: 27.77
A20: 27-02-2023 12:00 | B20: 0.64 | C20: 79.1 | D20: 43.85 | E20: 8.74 | F20: 21.88 | G20: 86.61 | H20: 39.64 | I20: 0.67 | J20: 0.84 | K20: 359 | L20: 34.45 | M20: 23.69 | N20: 509.3 | O20: 0 | P20: 0.82 | Q20: 21.28
... A32: 27-02-2023 24:00 | B32: 28.71 | C32: 138.69 | D32: 98.91 | E32: 5.23 | F32: 6.28 | G32: 155.77 | H32: 67.58 | I32: 1.07 | J32: 0.6 | K32: 157.76 | L32: 26.16 | M32: 51.14 | N32: 5.3 | O32: 0 | P32: 2.58 | Q32: 30.64
A34: Min | B34: =MIN(B9:B32) -> 0.64 | C34: =MIN(C9:C32) -> 73.84 | D34: =MIN(D9:D32) -> 42.15 | E34: =MIN(E9:E32) -> 4.57 | F34: =MIN(F9:F32) -> 4.31 | G34: =MIN(G9:G32) -> 55.87 | H34: =MIN(H9:H32) -> 31.02 | I34: =MIN(I9:I32) -> 0.54 | ... Q34: =MIN(Q9:Q32) -> 20.81
A35: Max | B35: =MAX(B9:B32) -> 72.97 | C35: =MAX(C9:C32) -> 157.44 | D35: =MAX(D9:D32) -> 127.66 | E35: =MAX(E9:E32) -> 40.22 | F35: =MAX(F9:F32) -> 49.37 | G35: =MAX(G9:G32) -> 195.03 | H35: =MAX(H9:H32) -> 71.9 | I35: =MAX(I9:I32) -> 1.17 | ... Q35: =MAX(Q9:Q32) -> 34.36
A36: Avg | B36: =AVERAGE(B9:B32) -> 28.357917 | C36: =AVERAGE(C9:C32) -> 114.51333 | D36: =AVERAGE(D9:D32) -> 85.42125 | E36: =AVERAGE(E9:E32) -> 11.34125 | F36: =AVERAGE(F9:F32) -> 13.250417 | G36: =AVERAGE(G9:G32) -> 107.2175 | H36: =AVERAGE(H9:H32) -> 44.100417 | I36: =AVERAGE(I9:I32) -> 0.81208333 | ... Q36: =AVERAGE(Q9:Q32) -> 27.76875
A37: Stdev | B37: =STDEV(B9:B32) -> 22.21924 | C37: =STDEV(C9:C32) -> 25.360028 | D37: =STDEV(D9:D32) -> 26.889849 | E37: =STDEV(E9:E32) -> 10.060087 | F37: =STDEV(F9:F32) -> 11.638208 | G37: =STDEV(G9:G32) -> 46.217795 | H37: =STDEV(H9:H32) -> 12.324593 | I37: =STDEV(I9:I32) -> 0.20652359 | ... Q37: =STDEV(Q9:Q32) -> 4.3604002
A38: Num | B38: =COUNT(B9:B32) -> 24 | C38: =COUNT(C9:C32) -> 24 | D38: =COUNT(D9:D32) -> 24 | E38: =COUNT(E9:E32) -> 24 | F38: =COUNT(F9:F32) -> 24 | G38: =COUNT(G9:G32) -> 24 | H38: =COUNT(H9:H32) -> 24 | I38: =COUNT(I9:I32) -> 24 | ... Q38: =COUNT(Q9:Q32) -> 24
A39: DCR | B39: =IF(B38>=22,">90%",IF(B38<=22,"<90%")) -> >90% | C39: =IF(C38>=22,">90%",IF(C38<=22,"<90%")) -> >90% | D39: =IF(D38>=22,">90%",IF(D38<=22,"<90%")) -> >90% | E39: =IF(E38>=22,">90%",IF(E38<=22,"<90%")) -> >90% | F39: =IF(F38>=22,">90%",IF(F38<=22,"<90%")) -> >90% | G39: =IF(G38>=22,">90%",IF(G38<=22,"<90%")) -> >90% | H39: =IF(H38>=22,">90%",IF(H38<=22,"<90%")) -> >90% | I39: =IF(I38>=22,">90%",IF(I38<=22,"<90%")) -> >90% | ... Q39: =IF(Q38>=22,">90%",IF(Q38<=22,"<90%")) -> >90%
A40: Status | B40: =IF(B38>=22,"OK",IF(B38<=22,"LESS")) -> OK | C40: =IF(C38>=22,"OK",IF(C38<=22,"LESS")) -> OK | D40: =IF(D38>=22,"OK",IF(D38<=22,"LESS")) -> OK | E40: =IF(E38>=22,"OK",IF(E38<=22,"LESS")) -> OK | F40: =IF(F38>=22,"OK",IF(F38<=22,"LESS")) -> OK | G40: =IF(G38>=22,"OK",IF(G38<=22,"LESS")) -> OK | H40: =IF(H38>=22,"OK",IF(H38<=22,"LESS")) -> OK | I40: =IF(I38>=22,"OK",IF(I38<=22,"LESS")) -> OK | ... Q40: =IF(Q38>=22,"OK",IF(Q38<=22,"LESS")) -> OK
A43: Done by | B43: RAHUL
A45: Comment

Sheet 28
A1: Station: | B1: BHATAGAON RAIPUR
A2: Date: | B2: =$A$9 -> 28-02-2023 01:00 | D2: Power Off | G2: Pw.Off | L2: Link Fail | N2: Link F | P2: Maintenance | R2: Maint.
A3: Report Type: | B3: Mean | D3: Calibration | G3: Calib. | L3: Data Fail | N3: Data F | P3: Invalid | R3: Invalid
A4: Time Base: | B4: 01 Hour | D4: Zero Referrence | G4: Z.Ref | L4: Warm Up | N4: Wm. Up
