Workbook

Sheet 01
A1: Station: | B1: BHATAGAON ,RAIPUR
A2: Date: | B2: =$A$9 -> 01-02-2024 01:00 | D2: Power Off | G2: Pw.Off | L2: Link Fail | N2: Link F | P2: Maintenance | R2: Maint.
A3: Report Type: | B3: Mean | D3: Calibration | G3: Calib. | L3: Data Fail | N3: Data F | P3: Invalid | R3: Invalid
A4: Time Base: | B4: 01 Hour | D4: Zero Referrence | G4: Z.Ref | L4: Warm Up | N4: Wm. Up
A7: Date & Time | B7: NO_BHATAGAON | C7: NO2_BHATAGAON | D7: NOX_BHATAGAON | E7: SO2_BHATAGAON | F7: O3_BHATAGAON | G7: PM10_BHATAGAON | H7: PM2_5_BHATAGAON | I7: BENZ_BHATAGAON | J7: WS_BHATAGAON | K7: WD_BHATAGAON | L7: TEMP_BHATAGAON | M7: HUM BHATAGAON | N7: SR_BHATAGAON | O7: RG_BHATAGAON | P7: CO_BHATAGAON | Q7: NH3_BHATAGAON
B8: ug/m3 | C8: ug/m3 | D8: ppb | E8: ug/m3 | F8: ug/m3 | G8: mg/m3 | H8: ug/m3 | I8: ug/m3 | J8: m/sec | K8: deg | L8: degreC | M8: % | N8: w/m2 | O8: mm | P8: ug/m3 | Q8: ug/m3
A9: 01-02-2024 01:00 | B9: 20.8 | C9: 61.42 | D9: 49.23 | E9: 0.3 | F9: 3.16 | G9: 101.84 | H9: 44.16 | I9: 1.56 | J9: 0.51 | K9: 305.32 | L9: 18.24 | M9: 82.79 | N9: 59.3 | O9: 0 | P9: 1.06 | Q9: 8.19
A10: 01-02-2024 02:00 | B10: 18.13 | C10: 59.97 | D10: 48.28 | E10: 0.28 | F10: 3.26 | G10: 101.84 | H10: 44.16 | I10: 1.55 | J10: 0.68 | K10: 275.33 | L10: 18.19 | M10: 78.51 | N10: 59 | O10: 0 | P10: 0.96 | Q10: 8.14
A11: 01-02-2024 03:00 | B11: 11.71 | C11: 58.38 | D11: 42.25 | E11: 0.28 | F11: 3.26 | G11: 88.97 | H11: 39.86 | I11: 1.55 | J11: 0.34 | K11: 306.2 | L11: 17.83 | M11: 81.5 | N11: 59 | O11: 0 | P11: 0.86 | Q11: 7.61
A12: 01-02-2024 04:00 | B12: 8.49 | C12: 55.3 | D12: 37.97 | E12: 0.21 | F12: 3.36 | G12: 74.36 | H12: 38.31 | I12: 1.56 | J12: 0.67 | K12: 335.14 | L12: 16.89 | M12: 89.63 | N12: 59 | O12: 0 | P12: 0.76 | Q12: 7.17
A13: 01-02-2024 05:00 | B13: 9.52 | C13: 54.5 | D13: 38.36 | E13: 0.19 | F13: 3.07 | G13: 69.53 | H13: 35.32 | I13: 1.53 | J13: 0.3 | K13: 329.68 | L13: 16.54 | M13: 91.77 | N13: 59 | O13: 0 | P13: 0.76 | Q13: 7.17
A14: 01-02-2024 06:00 | B14: 21.33 | C14: 53.57 | D14: 47.22 | E14: 0.25 | F14: 3.23 | G14: 123.09 | H14: 48.34 | I14: 1.52 | J14: 0.24 | K14: 322.75 | L14: 15.85 | M14: 96.58 | N14: 59 | O14: 0 | P14: 0.9 | Q14: 8.07
A15: 01-02-2024 07:00 | B15: 36.15 | C15: 53.32 | D15: 58.96 | E15: 0.25 | F15: 3.22 | G15: 148.13 | H15: 64.67 | I15: 1.51 | J15: 0.05 | K15: 248.72 | L15: 15.65 | M15: 98.56 | N15: 78.3 | O15: 0 | P15: 1.04 | Q15: 8.99
A16: 01-02-2024 08:00 | B16: 46.42 | C16: 53.29 | D16: 66.5 | E16: 0.29 | F16: 3.18 | G16: 179.71 | H16: 72.53 | I16: 1.54 | J16: 0.75 | K16: 251.99 | L16: 18.06 | M16: 95.81 | N16: 197.5 | O16: 0 | P16: 1.16 | Q16: 9.88
A17: 01-02-2024 09:00 | B17: 45.49 | C17: 56.1 | D17: 66.64 | E17: 0.37 | F17: 3.02 | G17: 183.19 | H17: 75.44 | I17: 1.57 | J17: 0.55 | K17: 155.04 | L17: 20.22 | M17: 77.75 | N17: 306.1 | O17: 0 | P17: 1.26 | Q17: 9.89
A18: 01-02-2024 10:00 | B18: 38.82 | C18: 62.61 | D18: 63.8 | E18: 0.35 | F18: 3.09 | G18: 183.19 | H18: 75.44 | I18: 1.55 | J18: 0.62 | K18: 346.42 | L18: 27.07 | M18: 66.32 | N18: 504.1 | O18: 0 | P18: 1.25 | Q18: 9.64
A19: 01-02-2024 11:00 | B19: 26.79 | C19: 71.53 | D19: 57.55 | E19: 0.3 | F19: 3.26 | G19: 148.47 | H19: 64.68 | I19: 1.59 | J19: 0.8 | K19: 330.94 | L19: 29.25 | M19: 42.98 | N19: 592.2 | O19: 0 | P19: 1.22 | Q19: 8.85
A20: 01-02-2024 12:00 | B20: 16.7 | C20: 74.7 | D20: 54.52 | E20: 0.29 | F20: 3.71 | G20: 122.64 | H20: 54.43 | I20: 1.55 | J20: 0.46 | K20: 339.32 | L20: 28.8 | M20: 42.64 | N20: 642.2 | O20: 0 | P20: 1.22 | Q20: 8.53
... A32: 01-02-2024 24:00 | B32: 96.25 | C32: 58.36 | D32: 110.02 | E32: 0.56 | F32: 3.06 | G32: 175.14 | H32: 57.37 | I32: 1.55 | J32: 0.2 | K32: 314.53 | L32: 18.67 | M32: 89.82 | N32: 58.3 | O32: 0 | P32: 2.07 | Q32: 13.82
A34: Min | B34: =MIN(B9:B32) -> 2.31 | C34: =MIN(C9:C32) -> 53.29 | D34: =MIN(D9:D32) -> 34.81 | E34: =MIN(E9:E32) -> 0.14 | F34: =MIN(F9:F32) -> 2.95 | G34: =MIN(G9:G32) -> 42.1 | H34: =MIN(H9:H32) -> 26.59 | I34: =MIN(I9:I32) -> 1.5 | ... Q34: =MIN(Q9:Q32) -> 6.94
A35: Max | B35: =MAX(B9:B32) -> 99.17 | C35: =MAX(C9:C32) -> 74.7 | D35: =MAX(D9:D32) -> 113.3 | E35: =MAX(E9:E32) -> 0.56 | F35: =MAX(F9:F32) -> 6.35 | G35: =MAX(G9:G32) -> 183.19 | H35: =MAX(H9:H32) -> 75.44 | I35: =MAX(I9:I32) -> 1.61 | ... Q35: =MAX(Q9:Q32) -> 13.92
A36: Avg | B36: =AVERAGE(B9:B32) -> 29.915417 | C36: =AVERAGE(C9:C32) -> 61.4925 | D36: =AVERAGE(D9:D32) -> 57.983333 | E36: =AVERAGE(E9:E32) -> 0.29833333 | F36: =AVERAGE(F9:F32) -> 3.6616667 | G36: =AVERAGE(G9:G32) -> 117.1525 | H36: =AVERAGE(H9:H32) -> 48.345833 | I36: =AVERAGE(I9:I32) -> 1.5483333 | ... Q36: =AVERAGE(Q9:Q32) -> 8.9558333
A37: Stdev | B37: =STDEV(B9:B32) -> 28.933549 | C37: =STDEV(C9:C32) -> 6.4678289 | D37: =STDEV(D9:D32) -> 22.515934 | E37: =STDEV(E9:E32) -> 0.10166726 | F37: =STDEV(F9:F32) -> 0.91929872 | G37: =STDEV(G9:G32) -> 45.182579 | H37: =STDEV(H9:H32) -> 14.542418 | I37: =STDEV(I9:I32) -> 0.027610122 | ... Q37: =STDEV(Q9:Q32) -> 2.004024
A38: Num | B38: =COUNT(B9:B32) -> 24 | C38: =COUNT(C9:C32) -> 24 | D38: =COUNT(D9:D32) -> 24 | E38: =COUNT(E9:E32) -> 24 | F38: =COUNT(F9:F32) -> 24 | G38: =COUNT(G9:G32) -> 24 | H38: =COUNT(H9:H32) -> 24 | I38: =COUNT(I9:I32) -> 24 | ... M38: =COUNT(M9:M32) -> 24 | N38: =COUNT(N9:N32)+12 -> 36 | O38: =COUNT(O9:O32) -> 24 | P38: =COUNT(P9:P32) -> 24 | Q38: =COUNT(Q9:Q32) -> 24
A39: DCR | B39: =IF(B38>=22,">90%",IF(B38<=22,"<90%")) -> >90% | C39: =IF(C38>=22,">90%",IF(C38<=22,"<90%")) -> >90% | D39: =IF(D38>=22,">90%",IF(D38<=22,"<90%")) -> >90% | E39: =IF(E38>=22,">90%",IF(E38<=22,"<90%")) -> >90% | F39: =IF(F38>=22,">90%",IF(F38<=22,"<90%")) -> >90% | G39: =IF(G38>=22,">90%",IF(G38<=22,"<90%")) -> >90% | H39: =IF(H38>=22,">90%",IF(H38<=22,"<90%")) -> >90% | I39: =IF(I38>=22,">90%",IF(I38<=22,"<90%")) -> >90% | ... Q39: =IF(Q38>=22,">90%",IF(Q38<=22,"<90%")) -> >90%
A40: Status | B40: =IF(B38>=22,"OK",IF(B38<=22,"LESS")) -> OK | C40: =IF(C38>=22,"OK",IF(C38<=22,"LESS")) -> OK | D40: =IF(D38>=22,"OK",IF(D38<=22,"LESS")) -> OK | E40: =IF(E38>=22,"OK",IF(E38<=22,"LESS")) -> OK | F40: =IF(F38>=22,"OK",IF(F38<=22,"LESS")) -> OK | G40: =IF(G38>=22,"OK",IF(G38<=22,"LESS")) -> OK | H40: =IF(H38>=22,"OK",IF(H38<=22,"LESS")) -> OK | I40: =IF(I38>=22,"OK",IF(I38<=22,"LESS")) -> OK | ... Q40: =IF(Q38>=22,"OK",IF(Q38<=22,"LESS")) -> OK
A43: Done by | B43: RAHUL
A45: Comment

Sheet 02
A1: Station: | B1: BHATAGAON RAIPUR
A2: Date: | B2: =$A$9 -> 02-02-2024 01:00 | D2: Power Off | G2: Pw.Off | L2: Link Fail | N2: Link F | P2: Maintenance | R2: Maint.
A3: Report Type: | B3: Mean | D3: Calibration | G3: Calib. | L3: Data Fail | N3: Data F | P3: Invalid | R3: Invalid
A4: Time Base: | B4: 01 Hour | D4: Zero Referrence | G4: Z.Ref | L4: Warm Up | N4: Wm. Up
A7: Date & Time | B7: NO_BHATAGAON | C7: NO2_BHATAGAON | D7: NOX_BHATAGAON | E7: SO2_BHATAGAON | F7: O3_BHATAGAON | G7: PM10_BHATAGAON | H7: PM2_5_BHATAGAON | I7: BENZ_BHATAGAON | J7: WS_BHATAGAON | K7: WD_BHATAGAON | L7: TEMP_BHATAGAON | M7: HUM BHATAGAON | N7: SR_BHATAGAON | O7: RG_BHATAGAON | P7: CO_BHATAGAON | Q7: NH3_BHATAGAON
B8: ug/m3 | C8: ug/m3 | D8: ppb | E8: ug/m3 | F8: ug/m3 | G8: mg/m3 | H8: ug/m3 | I8: ug/m3 | J8: m/sec | K8: deg | L8: degreC | M8: % | N8: w/m2 | O8: mm | P8: ug/m3 | Q8: ug/m3
A9: 02-02-2024 01:00 | B9: 93.28 | C9: 57.43 | D9: 107.15 | E9: 0.32 | F9: 3.2 | G9: 131.77 | H9: 51.49 | I9: 1.52 | J9: 0.11 | K9: 351.82 | L9: 17.72 | M9: 95.79 | N9: 58.2 | O9: 0 | P9: 1.91 | Q9: 13.59
A10: 02-02-2024 02:00 | B10: 82.15 | C10: 55.13 | D10: 95.65 | E10: 0.29 | F10: 3.21 | G10: 118.79 | H10: 45.89 | I10: 1.57 | J10: 0.13 | K10: 350.64 | L10: 17.49 | M10: 95.58 | N10: 58.3 | O10: 0 | P10: 1.54 | Q10: 12.78
A11: 02-02-2024 03:00 | B11: 72.05 | C11: 55.25 | D11: 88.92 | E11: 0.31 | F11: 3.26 | G11: 85.22 | H11: 42.07 | I11: 1.52 | J11: 0.07 | K11: 255.22 | L11: 17.56 | M11: 92.57 | N11: 58.4 | O11: 0 | P11: 1.39 | Q11: 12.4
A12: 02-02-2024 04:00 | B12: 62.69 | C12: 54.26 | D12: 80.86 | E12: 0.29 | F12: 3.24 | G12: 78.76 | H12: 35.39 | I12: 1.57 | J12: 0.17 | K12: 354.88 | L12: 17.28 | M12: 97.87 | N12: 58.6 | O12: 0 | P12: 1.22 | Q12: 11.7
A13: 02-02-2024 05:00 | B13: 57.3 | C13: 52.72 | D13: 75.69 | E13: 0.35 | F13: 3.39 | G13: 79.53 | H13: 35.39 | I13: 1.5 | J13: 0.45 | K13: 351.94 | L13: 17.82 | M13: 93.76 | N13: 58.8 | O13: 0 | P13: 1.11 | Q13: 11.31
A14: 02-02-2024 06:00 | B14: 51.34 | C14: 50.8 | D14: 69.62 | E14: 0.28 | F14: 3.43 | G14: 89.21 | H14: 36.93 | I14: 1.58 | J14: 0.27 | K14: 112.06 | L14: 18 | M14: 86.43 | N14: 59 | O14: 0 | P14: 1.03 | Q14: 10.65
A15: 02-02-2024 07:00 | B15: 43.26 | C15: 52.53 | D15: 63.92 | E15: 0.26 | F15: 3.18 | G15: 98.06 | H15: 36.93 | I15: 1.5 | J15: 0.58 | K15: 338.03 | L15: 17.51 | M15: 93.07 | N15: 62.6 | O15: 0 | P15: 0.95 | Q15: 10.03
A16: 02-02-2024 08:00 | B16: 38.72 | C16: 52.39 | D16: 60.28 | E16: 0.24 | F16: 3.39 | G16: 98.06 | H16: 36.48 | I16: 1.51 | J16: 0.91 | K16: 345.14 | L16: 18.81 | M16: 92.69 | N16: 185 | O16: 0 | P16: 0.93 | Q16: 9.51
A17: 02-02-2024 09:00 | B17: 44.39 | C17: 56.83 | D17: 67.61 | E17: 0.32 | F17: 3.28 | G17: 130.95 | H17: 40.42 | I17: 1.56 | J17: 0.97 | K17: 347.07 | L17: 23.05 | M17: 77.9 | N17: 404.2 | O17: 0 | P17: 1.05 | Q17: 10.21
A18: 02-02-2024 10:00 | B18: 44.2 | C18: 59.94 | D18: 68.16 | E18: 0.35 | F18: 3.48 | G18: 143.62 | H18: 49.09 | I18: 1.56 | J18: 0.7 | K18: 340.82 | L18: 27.3 | M18: 66.1 | N18: 549.7 | O18: 0 | P18: 1.08 | Q18: 10.32
A19: 02-02-2024 11:00 | B19: 40.75 | C19: 66.48 | D19: 67.16 | E19: 0.32 | F19: 3.25 | G19: 143.62 | H19: 49.09 | I19: 1.58 | J19: 0.57 | K19: 344.31 | L19: 29.3 | M19: 46.76 | N19: 639.3 | O19: 0 | P19: 1.1 | Q19: 10.27
A20: 02-02-2024 12:00 | B20: 32.53 | C20: 67.29 | D20: 63.78 | E20: 0.3 | F20: 3.46 | G20: 130.36 | H20: 47.5 | I20: 1.55 | J20: 0.74 | K20: 341.34 | L20: 29.04 | M20: 51.68 | N20: 667.1 | O20: 0 | P20: 1.08 | Q20: 10.03
... A32: 02-02-2024 24:00 | B32: 35.5 | C32: 56.46 | D32: 59.99 | E32: 0.22 | F32: 3.32 | G32: 70.59 | H32: 30.18 | I32: 1.52 | J32: 0.62 | K32: 350.71 | L32: 18.34 | M32: 92.22 | N32: 61.9 | O32: 0 | P32: 1.04 | Q32: 9.8
A34: Min | B34: =MIN(B9:B32) -> 2.39 | C34: =MIN(C9:C32) -> 50.8 | D34: =MIN(D9:D32) -> 36.61 | E34: =MIN(E9:E32) -> 0.18 | F34: =MIN(F9:F32) -> 3.04 | G34: =MIN(G9:G32) -> 70.11 | H34: =MIN(H9:H32) -> 30.18 | I34: =MIN(I9:I32) -> 1.5 | ... Q34: =MIN(Q9:Q32) -> 7.69
A35: Max | B35: =MAX(B9:B32) -> 93.28 | C35: =MAX(C9:C32) -> 75.76 | D35: =MAX(D9:D32) -> 107.15 | E35: =MAX(E9:E32) -> 0.41 | F35: =MAX(F9:F32) -> 4.98 | G35: =MAX(G9:G32) -> 143.62 | H35: =MAX(H9:H32) -> 51.49 | I35: =MAX(I9:I32) -> 1.62 | ... Q35: =MAX(Q9:Q32) -> 13.59
A36: Avg | B36: =AVERAGE(B9:B32) -> 36.150833 | C36: =AVERAGE(C9:C32) -> 59.514583 | D36: =AVERAGE(D9:D32) -> 61.825417 | E36: =AVERAGE(E9:E32) -> 0.27083333 | F36: =AVERAGE(F9:F32) -> 3.57625 | G36: =AVERAGE(G9:G32) -> 95.562083 | H36: =AVERAGE(H9:H32) -> 39.087083 | I36: =AVERAGE(I9:I32) -> 1.5479167 | ... Q36: =AVERAGE(Q9:Q32) -> 9.79625
A37: Stdev | B37: =STDEV(B9:B32) -> 25.845884 | C37: =STDEV(C9:C32) -> 7.0970079 | D37: =STDEV(D9:D32) -> 18.790589 | E37: =STDEV(E9:E32) -> 0.060499132 | F37: =STDEV(F9:F32) -> 0.53254771 | G37: =STDEV(G9:G32) -> 23.911092 | H37: =STDEV(H9:H32) -> 5.9181588 | I37: =STDEV(I9:I32) -> 0.032966276 | ... Q37: =STDEV(Q9:Q32) -> 1.6806257
A38: Num | B38: =COUNT(B9:B32) -> 24 | C38: =COUNT(C9:C32) -> 24 | D38: =COUNT(D9:D32) -> 24 | E38: =COUNT(E9:E32) -> 24 | F38: =COUNT(F9:F32) -> 24 | G38: =COUNT(G9:G32) -> 24 | H38: =COUNT(H9:H32) -> 24 | I38: =COUNT(I9:I32) -> 24 | ... Q38: =COUNT(Q9:Q32) -> 24
A39: DCR | B39: =IF(B38>=22,">90%",IF(B38<=22,"<90%")) -> >90% | C39: =IF(C38>=22,">90%",IF(C38<=22,"<90%")) -> >90% | D39: =IF(D38>=22,">90%",IF(D38<=22,"<90%")) -> >90% | E39: =IF(E38>=22,">90%",IF(E38<=22,"<90%")) -> >90% | F39: =IF(F38>=22,">90%",IF(F38<=22,"<90%")) -> >90% | G39: =IF(G38>=22,">90%",IF(G38<=22,"<90%")) -> >90% | H39: =IF(H38>=22,">90%",IF(H38<=22,"<90%")) -> >90% | I39: =IF(I38>=22,">90%",IF(I38<=22,"<90%")) -> >90% | ... Q39: =IF(Q38>=22,">90%",IF(Q38<=22,"<90%")) -> >90%
A40: Status | B40: =IF(B38>=22,"OK",IF(B38<=22,"LESS")) -> OK | C40: =IF(C38>=22,"OK",IF(C38<=22,"LESS")) -> OK | D40: =IF(D38>=22,"OK",IF(D38<=22,"LESS")) -> OK | E40: =IF(E38>=22,"OK",IF(E38<=22,"LESS")) -> OK | F40: =IF(F38>=22,"OK",IF(F38<=22,"LESS")) -> OK | G40: =IF(G38>=22,"OK",IF(G38<=22,"LESS")) -> OK | H40: =IF(H38>=22,"OK",IF(H38<=22,"LESS")) -> OK | I40: =IF(I38>=22,"OK",IF(I38<=22,"LESS")) -> OK | ... Q40: =IF(Q38>=22,"OK",IF(Q38<=22,"LESS")) -> OK
A43: Done by | B43: RAHUL
A45: Comment

Sheet 03
A1: Station: | B1: BHATAGAON RAIPUR
A2: Date: | B2: =$A$9 -> 03-02-2024 01:00 | D2: Power Off | G2: Pw.Off | L2: Link Fail | N2: Link F | P2: Maintenance | R2: Maint.
A3: Report Type: | B3: Mean | D3: Calibration | G3: Calib. | L3: Data Fail | N3: Data F | P3: Invalid | R3: Invalid
A4: Time Base: | B4: 01 Hour | D4: Zero Referrence | G4: Z.Ref | L4: Warm Up | N4: Wm. Up
A7: Date & Time | B7: NO_BHATAGAON | C7: NO2_BHATAGAON | D7: NOX_BHATAGAON | E7: SO2_BHATAGAON | F7: O3_BHATAGAON | G7: PM10_BHATAGAON | H7: PM2_5_BHATAGAON | I7: BENZ_BHATAGAON | J7: WS_BHATAGAON | K7: WD_BHATAGAON | L7: TEMP_BHATAGAON | M7: HUM BHATAGAON | N7: SR_BHATAGAON | O7: RG_BHATAGAON | P7: CO_BHATAGAON | Q7: NH3_BHATAGAON
B8: ug/m3 | C8: ug/m3 | D8: ppb | E8: ug/m3 | F8: ug/m3 | G8: mg/m3 | H8: ug/m3 | I8: ug/m3 | J8: m/sec | K8: deg | L8: degreC | M8: % | N8: w/m2 | O8: mm | P8: ug/m3 | Q8: ug/m3
A9: 03-02-2024 01:00 | B9: 35.17 | C9: 55.44 | D9: 58.94 | E9: 0.38 | F9: 3.18 | G9: 82.37 | H9: 34.27 | I9: 1.53 | J9: 0.12 | K9: 312.56 | L9: 17.74 | M9: 98.07 | N9: 62.2 | O9: 0 | P9: 1.03 | Q9: 9.73
A10: 03-02-2024 02:00 | B10: 38.19 | C10: 54.25 | D10: 60.18 | E10: 0.42 | F10: 3.25 | G10: 98.2 | H10: 42.31 | I10: 1.53 | J10: 0.3 | K10: 358.69 | L10: 17.61 | M10: 99.27 | N10: 62 | O10: 0 | P10: 1.03 | Q10: 9.77
A11: 03-02-2024 03:00 | B11: 33.06 | C11: 56.27 | D11: 56.93 | E11: 0.36 | F11: 3.31 | G11: 98.2 | H11: 42.31 | I11: 1.52 | J11: 0.58 | K11: 349.11 | L11: 17.78 | M11: 65.58 | N11: 62.5 | O11: 0 | P11: 0.97 | Q11: 9.52
A12: 03-02-2024 04:00 | B12: 24.76 | C12: 55.95 | D12: 51.28 | E12: 0.39 | F12: 3.07 | G12: 83.98 | H12: 41.33 | I12: 1.54 | J12: 0.26 | K12: 82.58 | L12: 16.69 | M12: 68.45 | N12: 62.6 | O12: 0 | P12: 0.87 | Q12: 8.73
A13: 03-02-2024 05:00 | B13: 24.45 | C13: 54.62 | D13: 49.62 | E13: 0.19 | F13: 3.14 | G13: 81.72 | H13: 36.95 | I13: 1.52 | J13: 0.19 | K13: 348.29 | L13: 15.83 | M13: 82.34 | N13: 62.8 | O13: 0 | P13: 0.78 | Q13: 8.21
A14: 03-02-2024 06:00 | B14: 29.83 | C14: 54.24 | D14: 54.48 | E14: 0.18 | F14: 3.24 | G14: 86.58 | H14: 34.81 | I14: 1.52 | J14: 0.13 | K14: 357.1 | L14: 15.04 | M14: 82.88 | N14: 62.5 | O14: 0 | P14: 0.76 | Q14: 8.73
A15: 03-02-2024 07:00 | B15: 46.8 | C15: 56.06 | D15: 69.11 | E15: 0.2 | F15: 3.28 | G15: 97.02 | H15: 36.96 | I15: 1.55 | J15: 0.17 | K15: 350.5 | L15: 14.26 | M15: 87.62 | N15: 85.4 | O15: 0 | P15: 0.85 | Q15: 9.73
A16: 03-02-2024 08:00 | B16: 55.69 | C16: 57.7 | D16: 77.15 | E16: 0.23 | F16: 3.25 | G16: 128.17 | H16: 45.32 | I16: 1.52 | J16: 0.64 | K16: 351.34 | L16: 19.46 | M16: 84.45 | N16: 265.6 | O16: 0 | P16: 1 | Q16: 10.77
A17: 03-02-2024 09:00 | B17: 56.71 | C17: 60.86 | D17: 78.03 | E17: 0.33 | F17: 3.3 | G17: 151.57 | H17: 52.33 | I17: 1.57 | J17: 0.51 | K17: 343.69 | L17: 23.89 | M17: 48.67 | N17: 502.6 | O17: 0 | P17: Calib. | Q17: 10.84
A18: 03-02-2024 10:00 | B18: 50.06 | C18: 63.55 | D18: 75.12 | E18: 0.33 | F18: 3.28 | G18: 151.57 | H18: 52.33 | I18: 1.57 | J18: 1.05 | K18: 114.04 | L18: 23.11 | M18: 38.72 | N18: 704.7 | O18: 0 | P18: Calib. | Q18: 10.54
A19: 03-02-2024 11:00 | B19: 34.26 | C19: 72.6 | D19: 63.18 | E19: 0.34 | F19: 4.36 | G19: 111.26 | H19: 42.3 | I19: 1.58 | J19: 1.06 | K19: 110.18 | L19: 26.06 | M19: 35.06 | N19: 792.4 | O19: 0 | P19: 0.9 | Q19: 9.48
A20: 03-02-2024 12:00 | B20: 8.35 | C20: 73.7 | D20: 48.01 | E20: 0.3 | F20: 6.08 | G20: Calib. | H20: Calib. | I20: 1.51 | J20: 0.9 | K20: 350.22 | L20: 29.33 | M20: 27.38 | N20: 839.2 | O20: 0 | P20: 0.67 | Q20: 7.88
A21: 03-02-2024 13:00 | B21: 3.8 | C21: 69.1 | D21: 41.83 | E21: 0.37 | F21: 6.07 | G21: 38.51 | H21: 38.01 | I21: 1.6 | J21: 0.61 | K21: 322.63 | L21: 30.17 | M21: 23.87 | N21: 846.9 | O21: 0 | P21: 0.53 | Q21: 7.14
A22: 03-02-2024 14:00 | B22: 4.13 | C22: 66.13 | D22: 40.28 | E22: 0.37 | F22: 4.2 | G22: 48.24 | H22: 38.87 | I22: 1.57 | J22: 0.59 | K22: 349.79 | L22: 30 | M22: 25.77 | N22: 794.6 | O22: 0 | P22: 0.49 | Q22: 7.26
A23: 03-02-2024 15:00 | B23: 5.7 | C23: 63.5 | D23: 40.07 | E23: 0.42 | F23: 4.07 | G23: 56.44 | H23: 38.87 | I23: 1.53 | J23: 1.11 | K23: 342.08 | L23: 29.2 | M23: 25.34 | N23: 596.3 | O23: 0 | P23: 0.49 | Q23: 7.49
A24: 03-02-2024 16:00 | B24: 10.54 | C24: 57.7 | D24: 40.61 | E24: 0.4 | F24: 5.19 | G24: 56.44 | H24: 37.89 | I24: 1.55 | J24: 0.82 | K24: 322.97 | L24: 28.6 | M24: 25.79 | N24: 288.4 | O24: 0 | P24: 0.48 | Q24: 7.64
A25: 03-02-2024 17:00 | B25: 6.91 | C25: 60.08 | D25: 38.94 | E25: 0.13 | F25: 4.34 | G25: 54.54 | H25: 30.6 | I25: 1.51 | J25: 1.13 | K25: 338.36 | L25: 25.7 | M25: 28.09 | N25: 117.9 | O25: 0 | P25: 0.44 | Q25: 7.42
A26: 03-02-2024 18:00 | B26: 7.8 | C26: 63.5 | D26: 41.95 | E26: 0.08 | F26: 4.01 | G26: 49.75 | H26: 21.66 | I26: 1.51 | J26: 0.57 | K26: 335.69 | L26: 24.3 | M26: 46.85 | N26: 84.7 | O26: 0 | P26: 0.49 | Q26: 7.54
A27: 03-02-2024 19:00 | B27: 19.95 | C27: 65.68 | D27: 52.89 | E27: 0.06 | F27: 3.42 | G27: 51.75 | H27: 21.27 | I27: 1.53 | J27: 0.04 | K27: 278.99 | L27: 21.5 | M27: 48.8 | N27: 59.5 | O27: 0 | P27: 0.72 | Q27: 8.13
A28: 03-02-2024 20:00 | B28: 46.31 | C28: 67.18 | D28: 74.86 | E28: 0.14 | F28: 3.23 | G28: 200.93 | H28: 27.93 | I28: 1.55 | J28: 0.08 | K28: 333.34 | L28: 19.12 | M28: 69.01 | N28: 59.2 | O28: 0 | P28: 1.04 | Q28: 10
A29: 03-02-2024 21:00 | B29: 77.79 | C29: 67.8 | D29: 100.44 | E29: 0.29 | F29: 3.28 | G29: 200.93 | H29: 31.66 | I29: 1.57 | J29: 0.2 | K29: 335.05 | L29: 18.68 | M29: 72.21 | N29: 59.5 | O29: 0 | P29: 1.54 | Q29: 12.2
A30: 03-02-2024 22:00 | B30: 143.78 | C30: 69.98 | D30: 154.57 | E30: 0.43 | F30: 3.21 | G30: 211.82 | H30: 41.88 | I30: 1.55 | J30: 0.13 | K30: 328.7 | L30: 17.55 | M30: 74.52 | N30: 59.4 | O30: 0 | P30: 2.16 | Q30: 16.07
A31: 03-02-2024 23:00 | B31: 217.62 | C31: 71.11 | D31: 214.16 | E31: 0.61 | F31: 3.12 | G31: 235.72 | H31: 55.37 | I31: 1.56 | J31: 0.13 | K31: 297.99 | L31: 17.41 | M31: 82.01 | N31: 59.8 | O31: 0 | P31: 2.76 | Q31: 21.42
A32: 03-02-2024 24:00 | B32: 232.73 | C32: 70.27 | D32: 225.47 | E32: 0.69 | F32: 3.08 | G32: 235.72 | H32: 56.54 | I32: 1.58 | J32: 0.16 | K32: 306.82 | L32: 16.77 | M32: 79.33 | N32: 60 | O32: 0 | P32: 2.92 | Q32: 23.33
A34: Min | B34: =MIN(B9:B32) -> 3.8 | C34: =MIN(C9:C32) -> 54.24 | D34: =MIN(D9:D32) -> 38.94 | E34: =MIN(E9:E32) -> 0.06 | F34: =MIN(F9:F32) -> 3.07 | G34: =MIN(G9:G32) -> 38.51 | H34: =MIN(H9:H32) -> 21.27 | I34: =MIN(I9:I32) -> 1.51 | ... Q34: =MIN(Q9:Q32) -> 7.14
A35: Max | B35: =MAX(B9:B32) -> 232.73 | C35: =MAX(C9:C32) -> 73.7 | D35: =MAX(D9:D32) -> 225.47 | E35: =MAX(E9:E32) -> 0.69 | F35: =MAX(F9:F32) -> 6.08 | G35: =MAX(G9:G32) -> 235.72 | H35: =MAX(H9:H32) -> 56.54 | I35: =MAX(I9:I32) -> 1.6 | ... Q35: =MAX(Q9:Q32) -> 23.33
A36: Avg | B36: =AVERAGE(B9:B32) -> 50.599583 | C36: =AVERAGE(C9:C32) -> 62.802917 | D36: =AVERAGE(D9:D32) -> 75.3375 | E36: =AVERAGE(E9:E32) -> 0.31833333 | F36: =AVERAGE(F9:F32) -> 3.7483333 | G36: =AVERAGE(G9:G32) -> 113.54043 | H36: =AVERAGE(H9:H32) -> 39.207391 | I36: =AVERAGE(I9:I32) -> 1.5445833 | ... Q36: =AVERAGE(Q9:Q32) -> 10.39875
A37: Stdev | B37: =STDEV(B9:B32) -> 61.774667 | C37: =STDEV(C9:C32) -> 6.4662686 | D37: =STDEV(D9:D32) -> 51.041837 | E37: =STDEV(E9:E32) -> 0.15167662 | F37: =STDEV(F9:F32) -> 0.89618839 | G37: =STDEV(G9:G32) -> 63.964309 | H37: =STDEV(H9:H32) -> 9.3639372 | I37: =STDEV(I9:I32) -> 0.025872458 | ... Q37: =STDEV(Q9:Q32) -> 4.1856373
A38: Num | B38: =COUNT(B9:B32) -> 24 | C38: =COUNT(C9:C32) -> 24 | D38: =COUNT(D9:D32) -> 24 | E38: =COUNT(E9:E32) -> 24 | F38: =COUNT(F9:F32) -> 24 | G38: =COUNT(G9:G32)+1 -> 24 | H38: =COUNT(H9:H32)+1 -> 24 | I38: =COUNT(I9:I32) -> 24 | J38: =COUNT(J9:J32) -> 24 | K38: =COUNT(K9:K32) -> 24 | L38: =COUNT(L9:L32) -> 24 | M38: =COUNT(M9:M32) -> 24 | N38: =COUNT(N9:N32) -> 24 | O38: =COUNT(O9:O32) -> 24 | P38: =COUNT(P9:P32)+2 -> 24 | Q38: =COUNT(Q9:Q32) -> 24
A39: DCR | B39: =IF(B38>=22,">90%",IF(B38<=22,"<90%")) -> >90% | C39: =IF(C38>=22,">90%",IF(C38<=22,"<90%")) -> >90% | D39: =IF(D38>=22,">90%",IF(D38<=22,"<90%")) -> >90% | E39: =IF(E38>=22,">90%",IF(E38<=22,"<90%")) -> >90% | F39: =IF(F38>=22,">90%",IF(F38<=22,"<90%")) -> >90% | G39: =IF(G38>=22,">90%",IF(G38<=22,"<90%")) -> >90% | H39: =IF(H38>=22,">90%",IF(H38<=22,"<90%")) -> >90% | I39: =IF(I38>=22,">90%",IF(I38<=22,"<90%")) -> >90% | ... Q39: =IF(Q38>=22,">90%",IF(Q38<=22,"<90%")) -> >90%
A40: Status | B40: =IF(B38>=22,"OK",IF(B38<=22,"LESS")) -> OK | C40: =IF(C38>=22,"OK",IF(C38<=22,"LESS")) -> OK | D40: =IF(D38>=22,"OK",IF(D38<=22,"LESS")) -> OK | E40: =IF(E38>=22,"OK",IF(E38<=22,"LESS")) -> OK | F40: =IF(F38>=22,"OK",IF(F38<=22,"LESS")) -> OK | G40: =IF(G38>=22,"OK",IF(G38<=22,"LESS")) -> OK | H40: =IF(H38>=22,"OK",IF(H38<=22,"LESS")) -> OK | I40: =IF(I38>=22,"OK",IF(I38<=22,"LESS")) -> OK | ... Q40: =IF(Q38>=22,"OK",IF(Q38<=22,"LESS")) -> OK
A43: Done by | B43: RAHUL
A45: Comment

Sheet 04
A1: Station: | B1: BHATAGAON RAIPUR
A2: Date: | B2: =$A$9 -> 04-02-2024 01:00 | D2: Power Off | G2: Pw.Off | L2: Link Fail | N2: Link F | P2: Maintenance | R2: Maint.
A3: Report Type: | B3: Mean | D3: Calibration | G3: Calib. | L3: Data Fail | N3: Data F | P3: Invalid | R3: Invalid
A4: Time Base: | B4: 01 Hour | D4: Zero Referrence | G4: Z.Ref | L4: Warm Up | N4: Wm. Up
A7: Date & Time | B7: NO_BHATAGAON | C7: NO2_BHATAGAON | D7: NOX_BHATAGAON | E7: SO2_BHATAGAON | F7: O3_BHATAGAON | G7: PM10_BHATAGAON | H7: PM2_5_BHATAGAON | I7: BENZ_BHATAGAON | J7: WS_BHATAGAON | K7: WD_BHATAGAON | L7: TEMP_BHATAGAON | M7: HUM BHATAGAON | N7: SR_BHATAGAON | O7: RG_BHATAGAON | P7: CO_BHATAGAON | Q7: NH3_BHATAGAON
B8: ug/m3 | C8: ug/m3 | D8: ppb | E8: ug/m3 | F8: ug/m3 | G8: mg/m3 | H8: ug/m3 | I8: ug/m3 | J8: m/sec | K8: deg | L8: degreC | M8: % | N8: w/m2 | O8: mm | P8: ug/m3 | Q8: ug/m3
A9: 04-02-2024 01:00 | B9: 226.53 | C9: 65.76 | D9: 218.6 | E9: 0.43 | F9: 3.07 | G9: 203.44 | H9: 56.54 | I9: 1.53 | J9: 0.12 | K9: 333.94 | L9: 15.61 | M9: 81.17 | N9: 60.1 | O9: 0 | P9: 2.82 | Q9: 23.08
A10: 04-02-2024 02:00 | B10: 196.7 | C10: 61.91 | D10: 192.55 | E10: 0.37 | F10: 3.07 | G10: 148.86 | H10: 52.7 | I10: 1.58 | J10: 0.1 | K10: 247.7 | L10: 15.6 | M10: 83.42 | N10: 60.1 | O10: 0 | P10: 2.23 | Q10: 21.12
A11: 04-02-2024 03:00 | B11: 172.62 | C11: 59.68 | D11: 172.01 | E11: 0.36 | F11: 3.11 | G11: 183 | H11: 59.48 | I11: 1.55 | J11: 0.16 | K11: 296.95 | L11: 14.56 | M11: 91.86 | N11: 59.8 | O11: 0 | P11: 2.16 | Q11: 19.16
A12: 04-02-2024 04:00 | B12: 161.53 | C12: 59.11 | D12: 162.8 | E12: 0.33 | F12: 3 | G12: 183 | H12: 60.09 | I12: 1.52 | J12: 0.11 | K12: 292.02 | L12: 14.38 | M12: 92.53 | N12: 59.4 | O12: 0 | P12: 2.12 | Q12: 18.5
A13: 04-02-2024 05:00 | B13: 157.11 | C13: 57.88 | D13: 158.58 | E13: 0.52 | F13: 3.36 | G13: 166.28 | H13: 60.09 | I13: 1.56 | J13: 0.16 | K13: 310.65 | L13: 14.49 | M13: 83.45 | N13: 59.7 | O13: 0 | P13: 2 | Q13: 18.21
A14: 04-02-2024 06:00 | B14: 138.71 | C14: 57.27 | D14: 143.48 | E14: 0.49 | F14: 3.06 | G14: 163.56 | H14: 58.05 | I14: 1.63 | J14: 0.18 | K14: 299.67 | L14: 13.78 | M14: 92.74 | N14: 59.7 | O14: 0 | P14: 1.81 | Q14: 14.21
A15: 04-02-2024 07:00 | B15: 148.04 | C15: 55.44 | D15: 149.96 | E15: 0.46 | F15: 3.2 | G15: 133.62 | H15: 51.65 | I15: 1.57 | J15: 0.12 | K15: 294.83 | L15: 13.82 | M15: 96.51 | N15: 82 | O15: 0 | P15: 1.61 | Q15: 16.75
A16: 04-02-2024 08:00 | B16: 157.55 | C16: 56.88 | D16: 158.09 | E16: 0.44 | F16: 3.21 | G16: 139.02 | H16: 51.65 | I16: 1.5 | J16: 0.11 | K16: 288.35 | L16: 19.22 | M16: 92.87 | N16: 276.3 | O16: 0 | P16: 1.61 | Q16: 17.59
A17: 04-02-2024 09:00 | B17: 150.44 | C17: 63.98 | D17: 153.28 | E17: 0.55 | F17: 3.35 | G17: 150.31 | H17: 51.61 | I17: 1.6 | J17: 0.81 | K17: 351.6 | L17: 22.63 | M17: 57.89 | N17: 488.7 | O17: 0 | P17: 1.57 | Q17: 17.41
A18: 04-02-2024 10:00 | B18: 123.5 | C18: 71.26 | D18: 136.11 | E18: 0.47 | F18: 3.49 | G18: 150.31 | H18: 50.99 | I18: 1.55 | J18: 0.62 | K18: 155.93 | L18: 25.22 | M18: 50.4 | N18: 684.9 | O18: 0 | P18: 1.5 | Q18: 16.17
A19: 04-02-2024 11:00 | B19: 88.2 | C19: 73.4 | D19: 111.45 | E19: 0.41 | F19: 3.18 | G19: 117.67 | H19: 48.52 | I19: 1.56 | J19: 0.53 | K19: 334.3 | L19: 27.97 | M19: 34.67 | N19: 789.8 | O19: 0 | P19: 1.29 | Q19: 14.2
A20: 04-02-2024 12:00 | B20: 62.53 | C20: 74.85 | D20: 91.72 | E20: 0.37 | F20: 3.36 | G20: 78.56 | H20: 40.54 | I20: 1.53 | J20: 0.64 | K20: 349.74 | L20: 29.31 | M20: 30.02 | N20: 838 | O20: 0 | P20: 1.1 | Q20: 12.33
... A32: 04-02-2024 24:00 | B32: 108.68 | C32: 74.75 | D32: 129.05 | E32: 0.37 | F32: 3.28 | G32: 121.26 | H32: 38.92 | I32: 1.54 | J32: 0.29 | K32: 328.96 | L32: 18.03 | M32: 65.13 | N32: 64.8 | O32: 0 | P32: 1.56 | Q32: 16.45
A34: Min | B34: =MIN(B9:B32) -> 2.75 | C34: =MIN(C9:C32) -> 54.56 | D34: =MIN(D9:D32) -> 33.49 | E34: =MIN(E9:E32) -> 0.04 | F34: =MIN(F9:F32) -> 3 | G34: =MIN(G9:G32) -> 35.2 | H34: =MIN(H9:H32) -> 21.35 | I34: =MIN(I9:I32) -> 1.48 | ... Q34: =MIN(Q9:Q32) -> 4.84
A35: Max | B35: =MAX(B9:B32) -> 226.53 | C35: =MAX(C9:C32) -> 77.05 | D35: =MAX(D9:D32) -> 218.6 | E35: =MAX(E9:E32) -> 0.55 | F35: =MAX(F9:F32) -> 4.88 | G35: =MAX(G9:G32) -> 203.44 | H35: =MAX(H9:H32) -> 60.09 | I35: =MAX(I9:I32) -> 1.63 | ... Q35: =MAX(Q9:Q32) -> 23.08
A36: Avg | B36: =AVERAGE(B9:B32) -> 96.4475 | C36: =AVERAGE(C9:C32) -> 66.275417 | D36: =AVERAGE(D9:D32) -> 114.21083 | E36: =AVERAGE(E9:E32) -> 0.32166667 | F36: =AVERAGE(F9:F32) -> 3.4420833 | G36: =AVERAGE(G9:G32) -> 120.265 | H36: =AVERAGE(H9:H32) -> 42.03875 | I36: =AVERAGE(I9:I32) -> 1.5391667 | ... Q36: =AVERAGE(Q9:Q32) -> 14.735833
A37: Stdev | B37: =STDEV(B9:B32) -> 67.994854 | C37: =STDEV(C9:C32) -> 8.0154714 | D37: =STDEV(D9:D32) -> 53.363398 | E37: =STDEV(E9:E32) -> 0.14760896 | F37: =STDEV(F9:F32) -> 0.49557151 | G37: =STDEV(G9:G32) -> 54.401294 | H37: =STDEV(H9:H32) -> 13.174608 | I37: =STDEV(I9:I32) -> 0.03682115 | ... Q37: =STDEV(Q9:Q32) -> 4.2432759
A38: Num | B38: =COUNT(B9:B32) -> 24 | C38: =COUNT(C9:C32) -> 24 | D38: =COUNT(D9:D32) -> 24 | E38: =COUNT(E9:E32) -> 24 | F38: =COUNT(F9:F32) -> 24 | G38: =COUNT(G9:G32) -> 24 | H38: =COUNT(H9:H32) -> 24 | I38: =COUNT(I9:I32) -> 24 | ... Q38: =COUNT(Q9:Q32) -> 24
A39: DCR | B39: =IF(B38>=22,">90%",IF(B38<=22,"<90%")) -> >90% | C39: =IF(C38>=22,">90%",IF(C38<=22,"<90%")) -> >90% | D39: =IF(D38>=22,">90%",IF(D38<=22,"<90%")) -> >90% | E39: =IF(E38>=22,">90%",IF(E38<=22,"<90%")) -> >90% | F39: =IF(F38>=22,">90%",IF(F38<=22,"<90%")) -> >90% | G39: =IF(G38>=22,">90%",IF(G38<=22,"<90%")) -> >90% | H39: =IF(H38>=22,">90%",IF(H38<=22,"<90%")) -> >90% | I39: =IF(I38>=22,">90%",IF(I38<=22,"<90%")) -> >90% | ... Q39: =IF(Q38>=22,">90%",IF(Q38<=22,"<90%")) -> >90%
A40: Status | B40: =IF(B38>=22,"OK",IF(B38<=22,"LESS")) -> OK | C40: =IF(C38>=22,"OK",IF(C38<=22,"LESS")) -> OK | D40: =IF(D38>=22,"OK",IF(D38<=22,"LESS")) -> OK | E40: =IF(E38>=22,"OK",IF(E38<=22,"LESS")) -> OK | F40: =IF(F38>=22,"OK",IF(F38<=22,"LESS")) -> OK | G40: =IF(G38>=22,"OK",IF(G38<=22,"LESS")) -> OK | H40: =IF(H38>=22,"OK",IF(H38<=22,"LESS")) -> OK | I40: =IF(I38>=22,"OK",IF(I38<=22,"LESS")) -> OK | ... Q40: =IF(Q38>=22,"OK",IF(Q38<=22,"LESS")) -> OK
A43: Done by | B43: RAHUL
A45: Comment

Sheet 05
A1: Station: | B1: BHATAGAON RAIPUR
A2: Date: | B2: =$A$9 -> 05-02-2024 01:00 | D2: Power Off | G2: Pw.Off | L2: Link Fail | N2: Link F | P2: Maintenance | R2: Maint.
A3: Report Type: | B3: Mean | D3: Calibration | G3: Calib. | L3: Data Fail | N3: Data F | P3: Invalid | R3: Invalid
A4: Time Base: | B4: 01 Hour | D4: Zero Referrence | G4: Z.Ref | L4: Warm Up | N4: Wm. Up
A7: Date & Time | B7: NO_BHATAGAON | C7: NO2_BHATAGAON | D7: NOX_BHATAGAON | E7: SO2_BHATAGAON | F7: O3_BHATAGAON | G7: PM10_BHATAGAON | H7: PM2_5_BHATAGAON | I7: BENZ_BHATAGAON | J7: WS_BHATAGAON | K7: WD_BHATAGAON | L7: TEMP_BHATAGAON | M7: HUM BHATAGAON | N7: SR_BHATAGAON | O7: RG_BHATAGAON | P7: CO_BHATAGAON | Q7: NH3_BHATAGAON
B8: ug/m3 | C8: ug/m3 | D8: ppb | E8: ug/m3 | F8: ug/m3 | G8: mg/m3 | H8: ug/m3 | I8: ug/m3 | J8: m/sec | K8: deg | L8: degreC | M8: % | N8: w/m2 | O8: mm | P8: ug/m3 | Q8: ug/m3
A9: 05-02-2024 01:00 | B9: 101.36 | C9: 70.68 | D9: 120.94 | E9: 0.24 | F9: 3.26 | G9: 91.14 | H9: 35.51 | I9: 1.52 | J9: 0.38 | K9: 308.56 | L9: 18.12 | M9: 67.05 | N9: 64.4 | O9: 0 | P9: 1.5 | Q9: 15.71
A10: 05-02-2024 02:00 | B10: 83.3 | C10: 66.8 | D10: 104.31 | E10: 0.23 | F10: 3.19 | G10: 91.14 | H10: 31.96 | I10: 1.54 | J10: 0.12 | K10: 332.91 | L10: 17.68 | M10: 80.53 | N10: 65 | O10: 0 | P10: 1.22 | Q10: 14.39
A11: 05-02-2024 03:00 | B11: 66.18 | C11: 62.25 | D11: 88.08 | E11: 0.19 | F11: 3.17 | G11: 55.97 | H11: 30.76 | I11: 1.58 | J11: 0.14 | K11: 282.95 | L11: 16.55 | M11: 79.34 | N11: 65 | O11: 0 | P11: 1.08 | Q11: 12.88
A12: 05-02-2024 04:00 | B12: 50.67 | C12: 58.95 | D12: 73.81 | E12: 0.13 | F12: 3.1 | G12: 48.89 | H12: 25.08 | I12: 1.52 | J12: 0.16 | K12: 355.48 | L12: 15.51 | M12: 89.36 | N12: 65.1 | O12: 0 | P12: 0.92 | Q12: 11.36
A13: 05-02-2024 05:00 | B13: 43.39 | C13: 58 | D13: 67.36 | E13: 0.17 | F13: 3.23 | G13: 48.89 | H13: 23.21 | I13: 1.55 | J13: 0.18 | K13: 301.96 | L13: 15.19 | M13: 84.97 | N13: 65 | O13: 0 | P13: 0.82 | Q13: 10.4
A14: 05-02-2024 06:00 | B14: 52.38 | C14: 58.65 | D14: 75.02 | E14: 0.18 | F14: 3.05 | G14: 80.08 | H14: 23.92 | I14: 1.53 | J14: 0.12 | K14: 305.01 | L14: 15.22 | M14: 86.87 | N14: 65 | O14: 0 | P14: 0.76 | Q14: 10.53
A15: 05-02-2024 07:00 | B15: 59.58 | C15: 60.74 | D15: 81.85 | E15: 0.24 | F15: 3.29 | G15: 82.05 | H15: 23.92 | I15: 1.54 | J15: 0.42 | K15: 211.39 | L15: 16.02 | M15: 82.75 | N15: 88.6 | O15: 0 | P15: 0.74 | Q15: 11.31
A16: 05-02-2024 08:00 | B16: 57.07 | C16: 61.58 | D16: 79.96 | E16: 0.27 | F16: 3.12 | G16: 82.05 | H16: 26.06 | I16: 1.51 | J16: 1.07 | K16: 177.16 | L16: 18.13 | M16: 79.44 | N16: 291.4 | O16: 0 | P16: 0.75 | Q16: 11.16
A17: 05-02-2024 09:00 | B17: 48.77 | C17: 62.13 | D17: 73.74 | E17: 0.22 | F17: 3.33 | G17: 59.94 | H17: 26.06 | I17: 1.51 | J17: 0.72 | K17: 213.8 | L17: 21.82 | M17: 64.37 | N17: 508 | O17: 0 | P17: 0.72 | Q17: 10.46
A18: 05-02-2024 10:00 | B18: 34.94 | C18: 64.45 | D18: 62.62 | E18: 0.18 | F18: 3.18 | G18: 48.85 | H18: 22.31 | I18: 1.5 | J18: 0.36 | K18: 343.08 | L18: 28.66 | M18: 46.73 | N18: 670.4 | O18: 0 | P18: 0.67 | Q18: 9.36
A19: 05-02-2024 11:00 | B19: 23.43 | C19: 73.07 | D19: 55.78 | E19: 0.21 | F19: 4.54 | G19: 45.02 | H19: 22.03 | I19: 1.54 | J19: 0.33 | K19: 347.15 | L19: 29.82 | M19: 43.79 | N19: 766.9 | O19: 0 | P19: 0.67 | Q19: 8.71
A20: 05-02-2024 12:00 | B20: 4.15 | C20: 69.45 | D20: 42.3 | E20: 0.23 | F20: 7.29 | G20: 70.15 | H20: 23.16 | I20: 1.52 | J20: 0.58 | K20: 343.63 | L20: 31.66 | M20: 39.98 | N20: 796.1 | O20: 0 | P20: 0.63 | Q20: 7.25
... A32: 05-02-2024 24:00 | B32: 28.61 | C32: 59.85 | D32: 56.57 | E32: 0.39 | F32: 3.29 | G32: 85.01 | H32: 28.73 | I32: 1.54 | J32: 0.14 | K32: 308.02 | L32: 21.12 | M32: 80.79 | N32: 64.8 | O32: 0 | P32: 1.05 | Q32: 8.87
A34: Min | B34: =MIN(B9:B32) -> 1.64 | C34: =MIN(C9:C32) -> 51.42 | D34: =MIN(D9:D32) -> 32.3 | E34: =MIN(E9:E32) -> 0.13 | F34: =MIN(F9:F32) -> 3.05 | G34: =MIN(G9:G32) -> 45.02 | H34: =MIN(H9:H32) -> 15.67 | I34: =MIN(I9:I32) -> 1.5 | ... Q34: =MIN(Q9:Q32) -> 5.21
A35: Max | B35: =MAX(B9:B32) -> 101.36 | C35: =MAX(C9:C32) -> 73.07 | D35: =MAX(D9:D32) -> 120.94 | E35: =MAX(E9:E32) -> 0.46 | F35: =MAX(F9:F32) -> 16.96 | G35: =MAX(G9:G32) -> 91.14 | H35: =MAX(H9:H32) -> 35.51 | I35: =MAX(I9:I32) -> 1.58 | ... Q35: =MAX(Q9:Q32) -> 15.71
A36: Avg | B36: =AVERAGE(B9:B32) -> 31.342083 | C36: =AVERAGE(C9:C32) -> 62.36125 | D36: =AVERAGE(D9:D32) -> 59.67375 | E36: =AVERAGE(E9:E32) -> 0.25 | F36: =AVERAGE(F9:F32) -> 4.9283333 | G36: =AVERAGE(G9:G32) -> 66.100417 | H36: =AVERAGE(H9:H32) -> 24.6475 | I36: =AVERAGE(I9:I32) -> 1.5325 | ... Q36: =AVERAGE(Q9:Q32) -> 8.9779167
A37: Stdev | B37: =STDEV(B9:B32) -> 28.493221 | C37: =STDEV(C9:C32) -> 5.6264896 | D37: =STDEV(D9:D32) -> 24.005484 | E37: =STDEV(E9:E32) -> 0.095507796 | F37: =STDEV(F9:F32) -> 3.1742725 | G37: =STDEV(G9:G32) -> 14.878596 | H37: =STDEV(H9:H32) -> 4.2363533 | I37: =STDEV(I9:I32) -> 0.017257639 | ... Q37: =STDEV(Q9:Q32) -> 2.8892604
A38: Num | B38: =COUNT(B9:B32) -> 24 | C38: =COUNT(C9:C32) -> 24 | D38: =COUNT(D9:D32) -> 24 | E38: =COUNT(E9:E32) -> 24 | F38: =COUNT(F9:F32) -> 24 | G38: =COUNT(G9:G32) -> 24 | H38: =COUNT(H9:H32) -> 24 | I38: =COUNT(I9:I32) -> 24 | ... Q38: =COUNT(Q9:Q32) -> 24
A39: DCR | B39: =IF(B38>=22,">90%",IF(B38<=22,"<90%")) -> >90% | C39: =IF(C38>=22,">90%",IF(C38<=22,"<90%")) -> >90% | D39: =IF(D38>=22,">90%",IF(D38<=22,"<90%")) -> >90% | E39: =IF(E38>=22,">90%",IF(E38<=22,"<90%")) -> >90% | F39: =IF(F38>=22,">90%",IF(F38<=22,"<90%")) -> >90% | G39: =IF(G38>=22,">90%",IF(G38<=22,"<90%")) -> >90% | H39: =IF(H38>=22,">90%",IF(H38<=22,"<90%")) -> >90% | I39: =IF(I38>=22,">90%",IF(I38<=22,"<90%")) -> >90% | ... Q39: =IF(Q38>=22,">90%",IF(Q38<=22,"<90%")) -> >90%
A40: Status | B40: =IF(B38>=22,"OK",IF(B38<=22,"LESS")) -> OK | C40: =IF(C38>=22,"OK",IF(C38<=22,"LESS")) -> OK | D40: =IF(D38>=22,"OK",IF(D38<=22,"LESS")) -> OK | E40: =IF(E38>=22,"OK",IF(E38<=22,"LESS")) -> OK | F40: =IF(F38>=22,"OK",IF(F38<=22,"LESS")) -> OK | G40: =IF(G38>=22,"OK",IF(G38<=22,"LESS")) -> OK | H40: =IF(H38>=22,"OK",IF(H38<=22,"LESS")) -> OK | I40: =IF(I38>=22,"OK",IF(I38<=22,"LESS")) -> OK | ... Q40: =IF(Q38>=22,"OK",IF(Q38<=22,"LESS")) -> OK
A43: Done by | B43: RAHUL
A45: Comment

Sheet 06
A1: Station: | B1: BHATAGAON RAIPUR
A2: Date: | B2: =$A$9 -> 06-02-2024 01:00 | D2: Power Off | G2: Pw.Off | L2: Link Fail | N2: Link F | P2: Maintenance | R2: Maint.
A3: Report Type: | B3: Mean | D3: Calibration | G3: Calib. | L3: Data Fail | N3: Data F | P3: Invalid | R3: Invalid
A4: Time Base: | B4: 01 Hour | D4: Zero Referrence | G4: Z.Ref | L4: Warm Up | N4: Wm. Up
A7: Date & Time | B7: NO_BHATAGAON | C7: NO2_BHATAGAON | D7: NOX_BHATAGAON | E7: SO2_BHATAGAON | F7: O3_BHATAGAON | G7: PM10_BHATAGAON | H7: PM2_5_BHATAGAON | I7: BENZ_BHATAGAON | J7: WS_BHATAGAON | K7: WD_BHATAGAON | L7: TEMP_BHATAGAON | M7: HUM BHATAGAON | N7: SR_BHATAGAON | O7: RG_BHATAGAON | P7: CO_BHATAGAON | Q7: NH3_BHATAGAON
B8: ug/m3 | C8: ug/m3 | D8: ppb | E8: ug/m3 | F8: ug/m3 | G8: mg/m3 | H8: ug/m3 | I8: ug/m3 | J8: m/sec | K8: deg | L8: degreC | M8: % | N8: w/m2 | O8: mm | P8: ug/m3 | Q8: ug/m3
A9: 06-02-2024 01:00 | B9: 23.43 | C9: 59.58 | D9: 52.32 | E9: 0.35 | F9: 3.11 | G9: 71.19 | H9: 28.73 | I9: 1.54 | J9: 0.28 | K9: 316.67 | L9: 20.28 | M9: 80.78 | N9: 64.6 | O9: 0 | P9: 0.96 | Q9: 8.39
A10: 06-02-2024 02:00 | B10: 17.14 | C10: 56.87 | D10: 45.78 | E10: 0.37 | F10: 3.28 | G10: 63.85 | H10: 25.71 | I10: 1.55 | J10: 0.08 | K10: 292.77 | L10: 19.77 | M10: 82 | N10: 64.6 | O10: 0 | P10: 0.8 | Q10: 7.94
A11: 06-02-2024 03:00 | B11: 12.04 | C11: 54.41 | D11: 40.08 | E11: 0.32 | F11: 3.57 | G11: 54.22 | H11: 23.7 | I11: 1.57 | J11: 0.16 | K11: 230.58 | L11: 19.2 | M11: 86.7 | N11: 64.7 | O11: 0 | P11: 0.71 | Q11: 7.48
A12: 06-02-2024 04:00 | B12: 13.13 | C12: 54.82 | D12: 41.36 | E12: 0.3 | F12: 3.39 | G12: 54.22 | H12: 22.75 | I12: 1.57 | J12: 0.1 | K12: 309.46 | L12: 18.54 | M12: 93.91 | N12: 64.9 | O12: 0 | P12: 0.62 | Q12: 7.6
A13: 06-02-2024 05:00 | B13: 20.55 | C13: 54.95 | D13: 47.38 | E13: 0.2 | F13: 3.2 | G13: 59.81 | H13: 23.23 | I13: 1.57 | J13: 0.16 | K13: 343.36 | L13: 17.72 | M13: 97.84 | N13: 64.7 | O13: 0 | P13: 0.61 | Q13: 8.09
A14: 06-02-2024 06:00 | B14: 24.42 | C14: 55.01 | D14: 49.88 | E14: 0.18 | F14: 3.28 | G14: 59.81 | H14: 23.23 | I14: 1.56 | J14: 0.15 | K14: 343.29 | L14: 18.11 | M14: 95.4 | N14: 64.5 | O14: 0 | P14: 0.58 | Q14: 8.51
A15: 06-02-2024 07:00 | B15: 35.42 | C15: 52.56 | D15: 57.8 | E15: 0.23 | F15: 3.32 | G15: 82.2 | H15: 28.88 | I15: 1.56 | J15: 0.12 | K15: 259.63 | L15: 18.12 | M15: 97.81 | N15: 85.4 | O15: 0 | P15: 0.65 | Q15: 8.75
A16: 06-02-2024 08:00 | B16: 62.22 | C16: 56.46 | D16: 81.7 | E16: 0.21 | F16: 3.17 | G16: 112.25 | H16: 38.75 | I16: 1.6 | J16: 0.1 | K16: 341.51 | L16: 21.39 | M16: 96.58 | N16: 220.5 | O16: 0 | P16: 0.85 | Q16: 10.77
A17: 06-02-2024 09:00 | B17: 62.06 | C17: 59.16 | D17: 81.86 | E17: 0.18 | F17: 3.27 | G17: 112.25 | H17: 38.75 | I17: 1.56 | J17: 0.17 | K17: 333.15 | L17: 23.95 | M17: 71.92 | N17: 416.3 | O17: 0 | P17: 0.87 | Q17: 10.96
A18: 06-02-2024 10:00 | B18: 45.69 | C18: 68.17 | D18: 70.52 | E18: 0.23 | F18: 3.63 | G18: 103.02 | H18: 34.28 | I18: 1.53 | J18: 0.29 | K18: 351.65 | L18: 25.73 | M18: 63.15 | N18: 610.8 | O18: 0 | P18: 0.85 | Q18: 10.29
A19: 06-02-2024 11:00 | B19: 15.36 | C19: 70.05 | D19: 51.62 | E19: 0.15 | F19: 8.49 | G19: 78.32 | H19: 33.99 | I19: 1.58 | J19: 0.36 | K19: 312.24 | L19: 27.36 | M19: 59.18 | N19: 706.3 | O19: 0 | P19: 0.69 | Q19: 8.94
A20: 06-02-2024 12:00 | B20: 2.41 | C20: 56.74 | D20: 33.89 | E20: 0.19 | F20: 9.66 | G20: 70.28 | H20: 27.21 | I20: 1.55 | J20: 0.4 | K20: 22.11 | L20: 29.01 | M20: 54.09 | N20: 761.1 | O20: 0 | P20: 0.46 | Q20: 7.48
... A32: 06-02-2024 24:00 | B32: 54.33 | C32: 60.23 | D32: 77.15 | E32: 0.2 | F32: 3.13 | G32: 111.46 | H32: 38.68 | I32: 1.53 | J32: 0.85 | K32: 348.69 | L32: 21.35 | M32: 70.51 | N32: 63.3 | O32: 0 | P32: 1.58 | Q32: 10.66
A34: Min | B34: =MIN(B9:B32) -> 1.43 | C34: =MIN(C9:C32) -> 49.49 | D34: =MIN(D9:D32) -> 29.42 | E34: =MIN(E9:E32) -> 0.1 | F34: =MIN(F9:F32) -> 3.11 | G34: =MIN(G9:G32) -> 49.62 | H34: =MIN(H9:H32) -> 21.17 | I34: =MIN(I9:I32) -> 1.5 | ... Q34: =MIN(Q9:Q32) -> 5.27
A35: Max | B35: =MAX(B9:B32) -> 66.93 | C35: =MAX(C9:C32) -> 70.05 | D35: =MAX(D9:D32) -> 87.76 | E35: =MAX(E9:E32) -> 0.37 | F35: =MAX(F9:F32) -> 19.31 | G35: =MAX(G9:G32) -> 120.03 | H35: =MAX(H9:H32) -> 38.75 | I35: =MAX(I9:I32) -> 1.6 | ... Q35: =MAX(Q9:Q32) -> 11.39
A36: Avg | B36: =AVERAGE(B9:B32) -> 24.714167 | C36: =AVERAGE(C9:C32) -> 57.444583 | D36: =AVERAGE(D9:D32) -> 51.700417 | E36: =AVERAGE(E9:E32) -> 0.22208333 | F36: =AVERAGE(F9:F32) -> 5.615 | G36: =AVERAGE(G9:G32) -> 76.87875 | H36: =AVERAGE(H9:H32) -> 28.652083 | I36: =AVERAGE(I9:I32) -> 1.5441667 | ... Q36: =AVERAGE(Q9:Q32) -> 8.2170833
A37: Stdev | B37: =STDEV(B9:B32) -> 22.816966 | C37: =STDEV(C9:C32) -> 5.1439352 | D37: =STDEV(D9:D32) -> 19.531384 | E37: =STDEV(E9:E32) -> 0.070401283 | F37: =STDEV(F9:F32) -> 4.0898953 | G37: =STDEV(G9:G32) -> 23.535925 | H37: =STDEV(H9:H32) -> 5.8622262 | I37: =STDEV(I9:I32) -> 0.025007245 | ... Q37: =STDEV(Q9:Q32) -> 1.9243033
A38: Num | B38: =COUNT(B9:B32) -> 24 | C38: =COUNT(C9:C32) -> 24 | D38: =COUNT(D9:D32) -> 24 | E38: =COUNT(E9:E32) -> 24 | F38: =COUNT(F9:F32) -> 24 | G38: =COUNT(G9:G32) -> 24 | H38: =COUNT(H9:H32) -> 24 | I38: =COUNT(I9:I32) -> 24 | ... Q38: =COUNT(Q9:Q32) -> 24
A39: DCR | B39: =IF(B38>=22,">90%",IF(B38<=22,"<90%")) -> >90% | C39: =IF(C38>=22,">90%",IF(C38<=22,"<90%")) -> >90% | D39: =IF(D38>=22,">90%",IF(D38<=22,"<90%")) -> >90% | E39: =IF(E38>=22,">90%",IF(E38<=22,"<90%")) -> >90% | F39: =IF(F38>=22,">90%",IF(F38<=22,"<90%")) -> >90% | G39: =IF(G38>=22,">90%",IF(G38<=22,"<90%")) -> >90% | H39: =IF(H38>=22,">90%",IF(H38<=22,"<90%")) -> >90% | I39: =IF(I38>=22,">90%",IF(I38<=22,"<90%")) -> >90% | ... Q39: =IF(Q38>=22,">90%",IF(Q38<=22,"<90%")) -> >90%
A40: Status | B40: =IF(B38>=22,"OK",IF(B38<=22,"LESS")) -> OK | C40: =IF(C38>=22,"OK",IF(C38<=22,"LESS")) -> OK | D40: =IF(D38>=22,"OK",IF(D38<=22,"LESS")) -> OK | E40: =IF(E38>=22,"OK",IF(E38<=22,"LESS")) -> OK | F40: =IF(F38>=22,"OK",IF(F38<=22,"LESS")) -> OK | G40: =IF(G38>=22,"OK",IF(G38<=22,"LESS")) -> OK | H40: =IF(H38>=22,"OK",IF(H38<=22,"LESS")) -> OK | I40: =IF(I38>=22,"OK",IF(I38<=22,"LESS")) -> OK | ... Q40: =IF(Q38>=22,"OK",IF(Q38<=22,"LESS")) -> OK
A43: Done by | B43: RAHUL
A45: Comment

Sheet 07
A1: Station: | B1: BHATAGAON RAIPUR
A2: Date: | B2: =$A$9 -> 07-02-2024 01:00 | D2: Power Off | G2: Pw.Off | L2: Link Fail | N2: Link F | P2: Maintenance | R2: Maint.
A3: Report Type: | B3: Mean | D3: Calibration | G3: Calib. | L3: Data Fail | N3: Data F | P3: Invalid | R3: Invalid
A4: Time Base: | B4: 01 Hour | D4: Zero Referrence | G4: Z.Ref | L4: Warm Up | N4: Wm. Up
A7: Date & Time | B7: NO_BHATAGAON | C7: NO2_BHATAGAON | D7: NOX_BHATAGAON | E7: SO2_BHATAGAON | F7: O3_BHATAGAON | G7: PM10_BHATAGAON | H7: PM2_5_BHATAGAON | I7: BENZ_BHATAGAON | J7: WS_BHATAGAON | K7: WD_BHATAGAON | L7: TEMP_BHATAGAON | M7: HUM BHATAGAON | N7: SR_BHATAGAON | O7: RG_BHATAGAON | P7: CO_BHATAGAON | Q7: NH3_BHATAGAON
B8: ug/m3 | C8: ug/m3 | D8: ppb | E8: ug/m3 | F8: ug/m3 | G8: mg/m3 | H8: ug/m3 | I8: ug/m3 | J8: m/sec | K8: deg | L8: degreC | M8: % | N8: w/m2 | O8: mm | P8: ug/m3 | Q8: ug/m3
A9: 07-02-2024 01:00 | B9: 40.33 | C9: 60.52 | D9: 66.35 | E9: 0.37 | F9: 3.36 | G9: 90.61 | H9: 33.86 | I9: 1.53 | J9: 1.06 | K9: 346.52 | L9: 19.81 | M9: 75.93 | N9: 62.9 | O9: 0 | P9: 1.27 | Q9: 9.8
A10: 07-02-2024 02:00 | B10: 28.67 | C10: 59.78 | D10: 56.63 | E10: 0.3 | F10: 3.38 | G10: 69.79 | H10: 25.93 | I10: 1.53 | J10: 0.87 | K10: 351.38 | L10: 19.02 | M10: 80.57 | N10: 63.1 | O10: 0 | P10: 0.94 | Q10: 9.11
A11: 07-02-2024 03:00 | B11: 21.14 | C11: 57.84 | D11: 49.52 | E11: 0.28 | F11: 3.25 | G11: 53.06 | H11: 24.43 | I11: 1.58 | J11: 0.29 | K11: 82.39 | L11: 18.39 | M11: 82.66 | N11: 63 | O11: 0 | P11: 0.81 | Q11: 8.43
A12: 07-02-2024 04:00 | B12: 16.54 | C12: 50.85 | D12: 41.87 | E12: 0.26 | F12: 3.36 | G12: 49.66 | H12: 23.72 | I12: 1.54 | J12: 0.28 | K12: 35 | L12: 18.04 | M12: 85.92 | N12: 63 | O12: 0 | P12: 0.68 | Q12: 7.81
A13: 07-02-2024 05:00 | B13: 14.18 | C13: 49.9 | D13: 39.41 | E13: 0.23 | F13: 3.09 | G13: 49.66 | H13: 24.38 | I13: 1.52 | J13: 0.44 | K13: 352.57 | L13: 17.9 | M13: 86.02 | N13: 63.5 | O13: 0 | P13: 0.59 | Q13: 7.42
A14: 07-02-2024 06:00 | B14: 15.45 | C14: 49.63 | D14: 40.42 | E14: 0.21 | F14: 3.07 | G14: 52.6 | H14: 24.88 | I14: 1.52 | J14: 0.5 | K14: 355.38 | L14: 17.53 | M14: 86.5 | N14: 63.6 | O14: 0 | P14: 0.51 | Q14: 7.4
A15: 07-02-2024 07:00 | B15: 20.02 | C15: 51.09 | D15: 44.9 | E15: 0.19 | F15: 3.19 | G15: 56.73 | H15: 24.88 | I15: 1.52 | J15: 0.37 | K15: 355.38 | L15: 17.53 | M15: 87.92 | N15: 84.9 | O15: 0 | P15: 0.49 | Q15: 7.76
A16: 07-02-2024 08:00 | B16: 23.53 | C16: 51.31 | D16: 47.66 | E16: 0.18 | F16: 3.23 | G16: 57.76 | H16: 24.37 | I16: 1.56 | J16: 0.91 | K16: 103.97 | L16: 18.54 | M16: 88.38 | N16: 228.6 | O16: 0 | P16: 0.46 | Q16: 8.17
A17: 07-02-2024 09:00 | B17: 27.07 | C17: 51.74 | D17: 50.91 | E17: 0.31 | F17: 3.37 | G17: 57.76 | H17: 24.13 | I17: 1.55 | J17: 0.74 | K17: 113.68 | L17: 20.65 | M17: 76.46 | N17: 430.3 | O17: 0 | P17: 0.47 | Q17: 8.49
A18: 07-02-2024 10:00 | B18: 28.66 | C18: 53.07 | D18: 52.7 | E18: 0.29 | F18: 3.23 | G18: 59.43 | H18: 25.65 | I18: 1.55 | J18: 0.83 | K18: 359.79 | L18: 26.64 | M18: 62.46 | N18: 563.3 | O18: 0 | P18: 0.5 | Q18: 8.65
A19: 07-02-2024 11:00 | B19: 28.49 | C19: 55.1 | D19: 52.08 | E19: 0.32 | F19: 3.12 | G19: 64.68 | H19: 25.65 | I19: 1.49 | J19: 0.61 | K19: 351.34 | L19: 27.46 | M19: 48.14 | N19: 705.1 | O19: 0 | P19: 0.54 | Q19: 8.5
A20: 07-02-2024 12:00 | B20: 25.06 | C20: 58.5 | D20: 50.93 | E20: 0.3 | F20: 3.22 | G20: 64.68 | H20: 25.73 | I20: 1.56 | J20: 0.74 | K20: 119.06 | L20: 26.84 | M20: 51.51 | N20: 741.5 | O20: 0 | P20: 0.56 | Q20: 8.35
... A32: 07-02-2024 24:00 | B32: 52.1 | C32: 64.95 | D32: 78.27 | E32: 0.23 | F32: 3.3 | G32: 122.43 | H32: 40.9 | I32: 1.61 | J32: 1.52 | K32: 349.77 | L32: 20.05 | M32: 60.1 | N32: 66.8 | O32: 0 | P32: 1.52 | Q32: 11.21
A34: Min | B34: =MIN(B9:B32) -> 2.8 | C34: =MIN(C9:C32) -> 49.63 | D34: =MIN(D9:D32) -> 33.84 | E34: =MIN(E9:E32) -> 0.11 | F34: =MIN(F9:F32) -> 3.07 | G34: =MIN(G9:G32) -> 49.66 | H34: =MIN(H9:H32) -> 23.72 | I34: =MIN(I9:I32) -> 1.49 | ... Q34: =MIN(Q9:Q32) -> 7.02
A35: Max | B35: =MAX(B9:B32) -> 54.95 | C35: =MAX(C9:C32) -> 68.13 | D35: =MAX(D9:D32) -> 80.75 | E35: =MAX(E9:E32) -> 0.37 | F35: =MAX(F9:F32) -> 4.56 | G35: =MAX(G9:G32) -> 122.6 | H35: =MAX(H9:H32) -> 41.18 | I35: =MAX(I9:I32) -> 1.61 | ... Q35: =MAX(Q9:Q32) -> 11.25
A36: Avg | B36: =AVERAGE(B9:B32) -> 22.005833 | C36: =AVERAGE(C9:C32) -> 58.622917 | D36: =AVERAGE(D9:D32) -> 50.295833 | E36: =AVERAGE(E9:E32) -> 0.25 | F36: =AVERAGE(F9:F32) -> 3.4758333 | G36: =AVERAGE(G9:G32) -> 74.36625 | H36: =AVERAGE(H9:H32) -> 29.259583 | I36: =AVERAGE(I9:I32) -> 1.5429167 | ... Q36: =AVERAGE(Q9:Q32) -> 8.3716667
A37: Stdev | B37: =STDEV(B9:B32) -> 15.03648 | C37: =STDEV(C9:C32) -> 5.8552188 | D37: =STDEV(D9:D32) -> 13.18074 | E37: =STDEV(E9:E32) -> 0.061219491 | F37: =STDEV(F9:F32) -> 0.44268859 | G37: =STDEV(G9:G32) -> 22.75084 | H37: =STDEV(H9:H32) -> 5.5548173 | I37: =STDEV(I9:I32) -> 0.028357833 | ... Q37: =STDEV(Q9:Q32) -> 1.2012699
A38: Num | B38: =COUNT(B9:B32) -> 24 | C38: =COUNT(C9:C32) -> 24 | D38: =COUNT(D9:D32) -> 24 | E38: =COUNT(E9:E32) -> 24 | F38: =COUNT(F9:F32) -> 24 | G38: =COUNT(G9:G32) -> 24 | H38: =COUNT(H9:H32) -> 24 | I38: =COUNT(I9:I32) -> 24 | ... Q38: =COUNT(Q9:Q32) -> 24
A39: DCR | B39: =IF(B38>=22,">90%",IF(B38<=22,"<90%")) -> >90% | C39: =IF(C38>=22,">90%",IF(C38<=22,"<90%")) -> >90% | D39: =IF(D38>=22,">90%",IF(D38<=22,"<90%")) -> >90% | E39: =IF(E38>=22,">90%",IF(E38<=22,"<90%")) -> >90% | F39: =IF(F38>=22,">90%",IF(F38<=22,"<90%")) -> >90% | G39: =IF(G38>=22,">90%",IF(G38<=22,"<90%")) -> >90% | H39: =IF(H38>=22,">90%",IF(H38<=22,"<90%")) -> >90% | I39: =IF(I38>=22,">90%",IF(I38<=22,"<90%")) -> >90% | ... Q39: =IF(Q38>=22,">90%",IF(Q38<=22,"<90%")) -> >90%
A40: Status | B40: =IF(B38>=22,"OK",IF(B38<=22,"LESS")) -> OK | C40: =IF(C38>=22,"OK",IF(C38<=22,"LESS")) -> OK | D40: =IF(D38>=22,"OK",IF(D38<=22,"LESS")) -> OK | E40: =IF(E38>=22,"OK",IF(E38<=22,"LESS")) -> OK | F40: =IF(F38>=22,"OK",IF(F38<=22,"LESS")) -> OK | G40: =IF(G38>=22,"OK",IF(G38<=22,"LESS")) -> OK | H40: =IF(H38>=22,"OK",IF(H38<=22,"LESS")) -> OK | I40: =IF(I38>=22,"OK",IF(I38<=22,"LESS")) -> OK | ... Q40: =IF(Q38>=22,"OK",IF(Q38<=22,"LESS")) -> OK
A43: Done by | B43: RAHUL
A45: Comment

Sheet 08
A1: Station: | B1: BHATAGAON RAIPUR
A2: Date: | B2: =$A$9 -> 08-02-2024 01:00 | D2: Power Off | G2: Pw.Off | L2: Link Fail | N2: Link F | P2: Maintenance | R2: Maint.
A3: Report Type: | B3: Mean | D3: Calibration | G3: Calib. | L3: Data Fail | N3: Data F | P3: Invalid | R3: Invalid
A4: Time Base: | B4: 01 Hour | D4: Zero Referrence | G4: Z.Ref | L4: Warm Up | N4: Wm. Up
A7: Date & Time | B7: NO_BHATAGAON | C7: NO2_BHATAGAON | D7: NOX_BHATAGAON | E7: SO2_BHATAGAON | F7: O3_BHATAGAON | G7: PM10_BHATAGAON | H7: PM2_5_BHATAGAON | I7: BENZ_BHATAGAON | J7: WS_BHATAGAON | K7: WD_BHATAGAON | L7: TEMP_BHATAGAON | M7: HUM BHATAGAON | N7: SR_BHATAGAON | O7: RG_BHATAGAON | P7: CO_BHATAGAON | Q7: NH3_BHATAGAON
B8: ug/m3 | C8: ug/m3 | D8: ppb | E8: ug/m3 | F8: ug/m3 | G8: mg/m3 | H8: ug/m3 | I8: ug/m3 | J8: m/sec | K8: deg | L8: degreC | M8: % | N8: w/m2 | O8: mm | P8: ug/m3 | Q8: ug/m3
A9: 08-02-2024 01:00 | B9: 36.47 | C9: 61.28 | D9: 63.71 | E9: 0.2 | F9: 3.36 | G9: 99.19 | H9: 38.99 | I9: 1.58 | J9: 0.91 | K9: 356.83 | L9: 19.05 | M9: 45.66 | N9: 66.8 | O9: 0 | P9: 1.16 | Q9: 9.85
A10: 08-02-2024 02:00 | B10: 22.58 | C10: 58.95 | D10: 51.29 | E10: 0.16 | F10: 3.4 | G10: 59.83 | H10: 28.98 | I10: 1.58 | J10: 0.96 | K10: 350.82 | L10: 18.22 | M10: 45.05 | N10: 66.7 | O10: 0 | P10: 0.85 | Q10: 8.31
A11: 08-02-2024 03:00 | B11: 15.5 | C11: 58.11 | D11: 45.15 | E11: 0.15 | F11: 3.4 | G11: 53.49 | H11: 17.1 | I11: 1.56 | J11: 0.75 | K11: 349.61 | L11: 17.58 | M11: 47.7 | N11: 67.1 | O11: 0 | P11: 0.69 | Q11: 7.43
A12: 08-02-2024 04:00 | B12: 12.71 | C12: 57.12 | D12: 42.37 | E12: 0.11 | F12: 3.36 | G12: 44.08 | H12: 9.89 | I12: 1.53 | J12: 0.3 | K12: 349.57 | L12: 16.94 | M12: 48.04 | N12: 67.2 | O12: 0 | P12: 0.56 | Q12: 6.99
A13: 08-02-2024 05:00 | B13: 11.58 | C13: 55.65 | D13: 40.33 | E13: 0.16 | F13: 3.46 | G13: 44.08 | H13: 9.89 | I13: 1.62 | J13: 1.19 | K13: 349.97 | L13: 17.09 | M13: 44.99 | N13: 67.9 | O13: 0 | P13: 0.48 | Q13: 6.88
A14: 08-02-2024 06:00 | B14: 10.08 | C14: 56.32 | D14: 39.71 | E14: 0.18 | F14: 3.6 | G14: 36.9 | H14: 6.97 | I14: 1.61 | J14: 0.97 | K14: 349.5 | L14: 16.56 | M14: 47.74 | N14: 66.8 | O14: 0 | P14: 0.4 | Q14: 6.81
A15: 08-02-2024 07:00 | B15: 10.01 | C15: 56.57 | D15: 39.88 | E15: 0.12 | F15: 3.73 | G15: 46.92 | H15: 15.58 | I15: 1.58 | J15: 0.97 | K15: 349.25 | L15: 15.83 | M15: 47.78 | N15: 90.2 | O15: 0 | P15: 0.38 | Q15: 6.75
A16: 08-02-2024 08:00 | B16: 10.27 | C16: 58.46 | D16: 41.15 | E16: 0.3 | F16: 3.63 | G16: 51.57 | H16: 19.93 | I16: 1.53 | J16: 1.1 | K16: 352.48 | L16: 18.53 | M16: 45.21 | N16: 282.9 | O16: 0 | P16: 0.44 | Q16: 6.68
A17: 08-02-2024 09:00 | B17: 14.79 | C17: 61.22 | D17: 46.29 | E17: 0.49 | F17: 3.38 | G17: 63.79 | H17: 22.69 | I17: 1.54 | J17: 1.34 | K17: 349.81 | L17: 21.54 | M17: 34.99 | N17: 445.2 | O17: 0 | P17: 0.48 | Q17: 6.15
A18: 08-02-2024 10:00 | B18: 14.79 | C18: 63.83 | D18: 47.18 | E18: 0.43 | F18: 3.5 | G18: 70.05 | H18: 26.52 | I18: 1.54 | J18: 1.35 | K18: 349.81 | L18: 23.62 | M18: 28.87 | N18: 687.7 | O18: 0 | P18: 0.5 | Q18: 11.57
A19: 08-02-2024 11:00 | B19: 11.57 | C19: 64.63 | D19: 44.89 | E19: 0.58 | F19: 4.67 | G19: 70.05 | H19: 26.52 | I19: 1.49 | J19: 1.22 | K19: 355.63 | L19: 27.4 | M19: 20.62 | N19: 776.3 | O19: 0 | P19: 0.51 | Q19: 15.86
A20: 08-02-2024 12:00 | B20: 8.37 | C20: 71.69 | D20: 46.85 | E20: 0.54 | F20: 4.33 | G20: 55.92 | H20: 24.06 | I20: 1.51 | J20: 1.26 | K20: 356.9 | L20: 28.2 | M20: 20.97 | N20: 811.5 | O20: 0 | P20: 0.56 | Q20: 14.2
... A32: 08-02-2024 24:00 | B32: 111.75 | C32: 66.38 | D32: 126.89 | E32: 0.36 | F32: 3.26 | G32: 127.23 | H32: 38.46 | I32: 1.57 | J32: 1.11 | K32: 358.44 | L32: 16.27 | M32: 59.57 | N32: 56.9 | O32: 0 | P32: 2.09 | Q32: 14.67
A34: Min | B34: =MIN(B9:B32) -> 5.21 | C34: =MIN(C9:C32) -> 55.65 | D34: =MIN(D9:D32) -> 39.32 | E34: =MIN(E9:E32) -> 0.11 | F34: =MIN(F9:F32) -> 3.13 | G34: =MIN(G9:G32) -> 36.9 | H34: =MIN(H9:H32) -> 6.97 | I34: =MIN(I9:I32) -> 1.49 | ... Q34: =MIN(Q9:Q32) -> 6.15
A35: Max | B35: =MAX(B9:B32) -> 115.83 | C35: =MAX(C9:C32) -> 71.78 | D35: =MAX(D9:D32) -> 130.14 | E35: =MAX(E9:E32) -> 0.85 | F35: =MAX(F9:F32) -> 6.85 | G35: =MAX(G9:G32) -> 132.93 | H35: =MAX(H9:H32) -> 38.99 | I35: =MAX(I9:I32) -> 1.62 | ... Q35: =MAX(Q9:Q32) -> 15.86
A36: Avg | B36: =AVERAGE(B9:B32) -> 28.302083 | C36: =AVERAGE(C9:C32) -> 63.223333 | D36: =AVERAGE(D9:D32) -> 58.10625 | E36: =AVERAGE(E9:E32) -> 0.32416667 | F36: =AVERAGE(F9:F32) -> 3.9195833 | G36: =AVERAGE(G9:G32) -> 73.33625 | H36: =AVERAGE(H9:H32) -> 22.9675 | I36: =AVERAGE(I9:I32) -> 1.56 | ... Q36: =AVERAGE(Q9:Q32) -> 9.44625
A37: Stdev | B37: =STDEV(B9:B32) -> 34.871268 | C37: =STDEV(C9:C32) -> 4.6655683 | D37: =STDEV(D9:D32) -> 28.834482 | E37: =STDEV(E9:E32) -> 0.17641149 | F37: =STDEV(F9:F32) -> 0.92736878 | G37: =STDEV(G9:G32) -> 29.153046 | H37: =STDEV(H9:H32) -> 8.697748 | I37: =STDEV(I9:I32) -> 0.033879582 | ... Q37: =STDEV(Q9:Q32) -> 3.0807478
A38: Num | B38: =COUNT(B9:B32) -> 24 | C38: =COUNT(C9:C32) -> 24 | D38: =COUNT(D9:D32) -> 24 | E38: =COUNT(E9:E32) -> 24 | F38: =COUNT(F9:F32) -> 24 | G38: =COUNT(G9:G32) -> 24 | H38: =COUNT(H9:H32) -> 24 | I38: =COUNT(I9:I32) -> 24 | ... Q38: =COUNT(Q9:Q32) -> 24
A39: DCR | B39: =IF(B38>=22,">90%",IF(B38<=22,"<90%")) -> >90% | C39: =IF(C38>=22,">90%",IF(C38<=22,"<90%")) -> >90% | D39: =IF(D38>=22,">90%",IF(D38<=22,"<90%")) -> >90% | E39: =IF(E38>=22,">90%",IF(E38<=22,"<90%")) -> >90% | F39: =IF(F38>=22,">90%",IF(F38<=22,"<90%")) -> >90% | G39: =IF(G38>=22,">90%",IF(G38<=22,"<90%")) -> >90% | H39: =IF(H38>=22,">90%",IF(H38<=22,"<90%")) -> >90% | I39: =IF(I38>=22,">90%",IF(I38<=22,"<90%")) -> >90% | ... Q39: =IF(Q38>=22,">90%",IF(Q38<=22,"<90%")) -> >90%
A40: Status | B40: =IF(B38>=22,"OK",IF(B38<=22,"LESS")) -> OK | C40: =IF(C38>=22,"OK",IF(C38<=22,"LESS")) -> OK | D40: =IF(D38>=22,"OK",IF(D38<=22,"LESS")) -> OK | E40: =IF(E38>=22,"OK",IF(E38<=22,"LESS")) -> OK | F40: =IF(F38>=22,"OK",IF(F38<=22,"LESS")) -> OK | G40: =IF(G38>=22,"OK",IF(G38<=22,"LESS")) -> OK | H40: =IF(H38>=22,"OK",IF(H38<=22,"LESS")) -> OK | I40: =IF(I38>=22,"OK",IF(I38<=22,"LESS")) -> OK | ... Q40: =IF(Q38>=22,"OK",IF(Q38<=22,"LESS")) -> OK
A43: Done by | B43: RAHUL
A45: Comment

Sheet 09
A1: Station: | B1: BHATAGAON RAIPUR
A2: Date: | B2: =$A$9 -> 09-02-2024 01:00 | D2: Power Off | G2: Pw.Off | L2: Link Fail | N2: Link F | P2: Maintenance | R2: Maint.
A3: Report Type: | B3: Mean | D3: Calibration | G3: Calib. | L3: Data Fail | N3: Data F | P3: Invalid | R3: Invalid
A4: Time Base: | B4: 01 Hour | D4: Zero Referrence | G4: Z.Ref | L4: Warm Up | N4: Wm. Up
A7: Date & Time | B7: NO_BHATAGAON | C7: NO2_BHATAGAON | D7: NOX_BHATAGAON | E7: SO2_BHATAGAON | F7: O3_BHATAGAON | G7: PM10_BHATAGAON | H7: PM2_5_BHATAGAON | I7: BENZ_BHATAGAON | J7: WS_BHATAGAON | K7: WD_BHATAGAON | L7: TEMP_BHATAGAON | M7: HUM BHATAGAON | N7: SR_BHATAGAON | O7: RG_BHATAGAON | P7: CO_BHATAGAON | Q7: NH3_BHATAGAON
B8: ug/m3 | C8: ug/m3 | D8: ppb | E8: ug/m3 | F8: ug/m3 | G8: mg/m3 | H8: ug/m3 | I8: ug/m3 | J8: m/sec | K8: deg | L8: degreC | M8: % | N8: w/m2 | O8: mm | P8: ug/m3 | Q8: ug/m3
A9: 09-02-2024 01:00 | B9: 83.63 | C9: 64.84 | D9: 103.5 | E9: 0.45 | F9: 3.2 | G9: 105.78 | H9: 35.33 | I9: 1.55 | J9: 0.87 | K9: 353.2 | L9: 16 | M9: 61.14 | N9: 57 | O9: 0 | P9: 1.73 | Q9: 13
A10: 09-02-2024 02:00 | B10: 63.18 | C10: 63.32 | D10: 86.26 | E10: 0.56 | F10: 3.35 | G10: 84.97 | H10: 32.09 | I10: 1.56 | J10: 0.98 | K10: 353.22 | L10: 15.79 | M10: 59.18 | N10: 56.7 | O10: 0 | P10: 1.26 | Q10: 11.4
A11: 09-02-2024 03:00 | B11: 50.46 | C11: 60.93 | D11: 74.73 | E11: 0.61 | F11: 3.18 | G11: 117.31 | H11: 35.11 | I11: 1.5 | J11: 0.82 | K11: 354.04 | L11: 14.95 | M11: 57.96 | N11: 56.9 | O11: 0 | P11: 1.12 | Q11: 10.23
A12: 09-02-2024 04:00 | B12: 43.18 | C12: 59.92 | D12: 68.34 | E12: 0.51 | F12: 3.09 | G12: 117.31 | H12: 35.11 | I12: 1.57 | J12: 0.35 | K12: 66 | L12: 14.38 | M12: 57.76 | N12: 57.3 | O12: 0 | P12: 1.03 | Q12: 9.65
A13: 09-02-2024 05:00 | B13: 39.81 | C13: 56.56 | D13: 63.78 | E13: 0.31 | F13: 3.24 | G13: 117.28 | H13: 36.59 | I13: 1.58 | J13: 0.18 | K13: 62.32 | L13: 13.53 | M13: 59.27 | N13: 57 | O13: 0 | P13: 0.99 | Q13: 9.1
A14: 09-02-2024 06:00 | B14: 36.22 | C14: 54.92 | D14: 60 | E14: 0.23 | F14: 3.2 | G14: 117.28 | H14: 36.59 | I14: 1.53 | J14: 0.16 | K14: 356.34 | L14: 13.21 | M14: 50.25 | N14: 56.9 | O14: 0 | P14: 0.9 | Q14: 8.76
A15: 09-02-2024 07:00 | B15: 30.29 | C15: 54.64 | D15: 54.92 | E15: 0.2 | F15: 3.36 | G15: 74.07 | H15: 33.58 | I15: 1.54 | J15: 0.2 | K15: 342.46 | L15: 12.92 | M15: 50.31 | N15: 81.2 | O15: 0 | P15: 0.76 | Q15: 8.34
A16: 09-02-2024 08:00 | B16: 30.07 | C16: 56.54 | D16: 55.81 | E16: 0.19 | F16: 3.4 | G16: 68.28 | H16: 29.16 | I16: 1.51 | J16: 1.21 | K16: 349.03 | L16: 15.83 | M16: 49.75 | N16: 336.8 | O16: 0 | P16: 0.77 | Q16: 8.16
A17: 09-02-2024 09:00 | B17: 28.23 | C17: 56.27 | D17: 54.31 | E17: 0.32 | F17: 3.44 | G17: 68.28 | H17: 25.62 | I17: 1.58 | J17: 1.25 | K17: 105.09 | L17: 18.57 | M17: 36.76 | N17: 548.8 | O17: 0 | P17: 0.72 | Q17: 8.09
A18: 09-02-2024 10:00 | B18: 23.81 | C18: 57.17 | D18: 51.29 | E18: 0.31 | F18: 3.43 | G18: 60.87 | H18: 24.25 | I18: 1.58 | J18: 1.51 | K18: 100.65 | L18: 20.52 | M18: 29.55 | N18: 719.4 | O18: 0 | P18: 0.65 | Q18: 7.72
A19: 09-02-2024 11:00 | B19: 20.64 | C19: 61.6 | D19: 48.93 | E19: 0.58 | F19: 6.26 | G19: 52 | H19: 21.28 | I19: 1.52 | J19: 1.23 | K19: 97.38 | L19: 22.75 | M19: 25.05 | N19: 820.1 | O19: 0 | P19: 0.57 | Q19: 7.55
A20: 09-02-2024 12:00 | B20: 6.7 | C20: 70.5 | D20: 44.93 | E20: 1.09 | F20: 8.22 | G20: 45.68 | H20: 20.23 | I20: 1.52 | J20: 1.13 | K20: 102.24 | L20: 24.39 | M20: 21.94 | N20: 883.4 | O20: 0 | P20: 0.47 | Q20: 6.71
... A32: 09-02-2024 24:00 | B32: 27.02 | C32: 71.08 | D32: 61.38 | E32: 0.25 | F32: 3.47 | G32: 86.47 | H32: 32.16 | I32: 1.53 | J32: 0.15 | K32: 348.48 | L32: 16.76 | M32: 43.07 | N32: 88.2 | O32: 0 | P32: 1.2 | Q32: 8.44
A34: Min | B34: =MIN(B9:B32) -> 3.8 | C34: =MIN(C9:C32) -> 54.64 | D34: =MIN(D9:D32) -> 35.55 | E34: =MIN(E9:E32) -> 0.19 | F34: =MIN(F9:F32) -> 3.09 | G34: =MIN(G9:G32) -> 44.27 | H34: =MIN(H9:H32) -> 17.16 | I34: =MIN(I9:I32) -> 1.49 | ... Q34: =MIN(Q9:Q32) -> 5.91
A35: Max | B35: =MAX(B9:B32) -> 83.63 | C35: =MAX(C9:C32) -> 72.68 | D35: =MAX(D9:D32) -> 103.5 | E35: =MAX(E9:E32) -> 1.09 | F35: =MAX(F9:F32) -> 8.22 | G35: =MAX(G9:G32) -> 117.31 | H35: =MAX(H9:H32) -> 36.59 | I35: =MAX(I9:I32) -> 1.61 | ... Q35: =MAX(Q9:Q32) -> 13
A36: Avg | B36: =AVERAGE(B9:B32) -> 26.131667 | C36: =AVERAGE(C9:C32) -> 62.515417 | D36: =AVERAGE(D9:D32) -> 55.911667 | E36: =AVERAGE(E9:E32) -> 0.3875 | F36: =AVERAGE(F9:F32) -> 3.8204167 | G36: =AVERAGE(G9:G32) -> 80.242917 | H36: =AVERAGE(H9:H32) -> 27.271667 | I36: =AVERAGE(I9:I32) -> 1.5420833 | ... Q36: =AVERAGE(Q9:Q32) -> 8.0645833
A37: Stdev | B37: =STDEV(B9:B32) -> 19.943803 | C37: =STDEV(C9:C32) -> 6.3020404 | D37: =STDEV(D9:D32) -> 16.381414 | E37: =STDEV(E9:E32) -> 0.19065676 | F37: =STDEV(F9:F32) -> 1.1624056 | G37: =STDEV(G9:G32) -> 25.400663 | H37: =STDEV(H9:H32) -> 6.9390832 | I37: =STDEV(I9:I32) -> 0.02963241 | ... Q37: =STDEV(Q9:Q32) -> 1.7505378
A38: Num | B38: =COUNT(B9:B32) -> 24 | C38: =COUNT(C9:C32) -> 24 | D38: =COUNT(D9:D32) -> 24 | E38: =COUNT(E9:E32) -> 24 | F38: =COUNT(F9:F32) -> 24 | G38: =COUNT(G9:G32) -> 24 | H38: =COUNT(H9:H32) -> 24 | I38: =COUNT(I9:I32) -> 24 | ... Q38: =COUNT(Q9:Q32) -> 24
A39: DCR | B39: =IF(B38>=22,">90%",IF(B38<=22,"<90%")) -> >90% | C39: =IF(C38>=22,">90%",IF(C38<=22,"<90%")) -> >90% | D39: =IF(D38>=22,">90%",IF(D38<=22,"<90%")) -> >90% | E39: =IF(E38>=22,">90%",IF(E38<=22,"<90%")) -> >90% | F39: =IF(F38>=22,">90%",IF(F38<=22,"<90%")) -> >90% | G39: =IF(G38>=22,">90%",IF(G38<=22,"<90%")) -> >90% | H39: =IF(H38>=22,">90%",IF(H38<=22,"<90%")) -> >90% | I39: =IF(I38>=22,">90%",IF(I38<=22,"<90%")) -> >90% | ... Q39: =IF(Q38>=22,">90%",IF(Q38<=22,"<90%")) -> >90%
A40: Status | B40: =IF(B38>=22,"OK",IF(B38<=22,"LESS")) -> OK | C40: =IF(C38>=22,"OK",IF(C38<=22,"LESS")) -> OK | D40: =IF(D38>=22,"OK",IF(D38<=22,"LESS")) -> OK | E40: =IF(E38>=22,"OK",IF(E38<=22,"LESS")) -> OK | F40: =IF(F38>=22,"OK",IF(F38<=22,"LESS")) -> OK | G40: =IF(G38>=22,"OK",IF(G38<=22,"LESS")) -> OK | H40: =IF(H38>=22,"OK",IF(H38<=22,"LESS")) -> OK | I40: =IF(I38>=22,"OK",IF(I38<=22,"LESS")) -> OK | ... Q40: =IF(Q38>=22,"OK",IF(Q38<=22,"LESS")) -> OK
A43: Done by | B43: RAHUL
A45: Comment

Sheet 10
A1: Station: | B1: BHATAGAON RAIPUR
A2: Date: | B2: =$A$9 -> 10-02-2024 01:00 | D2: Power Off | G2: Pw.Off | L2: Link Fail | N2: Link F | P2: Maintenance | R2: Maint.
A3: Report Type: | B3: Mean | D3: Calibration | G3: Calib. | L3: Data Fail | N3: Data F | P3: Invalid | R3: Invalid
A4: Time Base: | B4: 01 Hour | D4: Zero Referrence | G4: Z.Ref | L4: Warm Up | N4: Wm. Up
A7: Date & Time | B7: NO_BHATAGAON | C7: NO2_BHATAGAON | D7: NOX_BHATAGAON | E7: SO2_BHATAGAON | F7: O3_BHATAGAON | G7: PM10_BHATAGAON | H7: PM2_5_BHATAGAON | I7: BENZ_BHATAGAON | J7: WS_BHATAGAON | K7: WD_BHATAGAON | L7: TEMP_BHATAGAON | M7: HUM BHATAGAON | N7: SR_BHATAGAON | O7: RG_BHATAGAON | P7: CO_BHATAGAON | Q7: NH3_BHATAGAON
B8: ug/m3 | C8: ug/m3 | D8: ppb | E8: ug/m3 | F8: ug/m3 | G8: mg/m3 | H8: ug/m3 | I8: ug/m3 | J8: m/sec | K8: deg | L8: degreC | M8: % | N8: w/m2 | O8: mm | P8: ug/m3 | Q8: ug/m3
A9: 10-02-2024 01:00 | B9: 21.5 | C9: 70.7 | D9: 56.9 | E9: 0.13 | F9: 3.56 | G9: 76.56 | H9: 29.64 | I9: 1.53 | J9: 0.16 | K9: 316.39 | L9: 16.18 | M9: 61.64 | N9: 88.7 | O9: 0 | P9: 1.09 | Q9: 8.22
A10: 10-02-2024 02:00 | B10: 16.7 | C10: 66.7 | D10: 50.85 | E10: 0.12 | F10: 3.26 | G10: 64.53 | H10: 26.24 | I10: 1.59 | J10: 0.16 | K10: 321.19 | L10: 14.38 | M10: 62.04 | N10: 88.6 | O10: 0 | P10: 0.88 | Q10: 7.71
A11: 10-02-2024 03:00 | B11: 12.68 | C11: 62.94 | D11: 45.55 | E11: 0.11 | F11: 3.21 | G11: 80.39 | H11: 28.08 | I11: 1.48 | J11: 0.16 | K11: 273.38 | L11: 14.48 | M11: 58.9 | N11: 88.5 | O11: 0 | P11: 0.82 | Q11: 7.22
A12: 10-02-2024 04:00 | B12: 10.83 | C12: 60.16 | D12: 42.5 | E12: 0.19 | F12: 3.39 | G12: 125.01 | H12: 36.93 | I12: 1.51 | J12: 0.17 | K12: 340.51 | L12: 14.65 | M12: 61.01 | N12: 88.6 | O12: 0 | P12: 0.98 | Q12: 6.91
A13: 10-02-2024 05:00 | B13: 10.63 | C13: 58.78 | D13: 41.42 | E13: 0.29 | F13: 3.17 | G13: 125.01 | H13: 36.93 | I13: 1.53 | J13: 0.2 | K13: 315.38 | L13: 14.23 | M13: 59.45 | N13: 88.6 | O13: 0 | P13: 1.02 | Q13: 6.84
A14: 10-02-2024 06:00 | B14: 12.6 | C14: 59.47 | D14: 43.57 | E14: 0.28 | F14: 3.48 | G14: 122.1 | H14: 40.7 | I14: 1.53 | J14: 0.59 | K14: 352.05 | L14: 13.86 | M14: 63.35 | N14: 88.4 | O14: 0 | P14: 0.98 | Q14: 7
A15: 10-02-2024 07:00 | B15: 13.93 | C15: 61.15 | D15: 45.57 | E15: 0.3 | F15: 3.17 | G15: 102.11 | H15: 40.7 | I15: 1.56 | J15: 0.13 | K15: 349.45 | L15: 13.95 | M15: 61.76 | N15: 115.7 | O15: 0 | P15: 0.88 | Q15: 7.17
A16: 10-02-2024 08:00 | B16: 16.86 | C16: 62.75 | D16: 48.77 | E16: 0.3 | F16: 3.43 | G16: 94.94 | H16: 36.62 | I16: 1.54 | J16: 0.87 | K16: 354.86 | L16: 17.29 | M16: 54.13 | N16: 327.2 | O16: 0 | P16: 0.81 | Q16: 7.36
A17: 10-02-2024 09:00 | B17: 16.86 | C17: 62.7 | D17: 48.77 | E17: 0.27 | F17: 3.44 | G17: 94.94 | H17: 32.22 | I17: 1.51 | J17: 1.19 | K17: 108.44 | L17: 19.26 | M17: 40.23 | N17: 514.5 | O17: 0 | P17: 0.79 | Q17: 7.36
A18: 10-02-2024 10:00 | B18: 10.32 | C18: 60.16 | D18: 42.08 | E18: 0.26 | F18: 3.88 | G18: 82.34 | H18: 29.82 | I18: 1.55 | J18: 1.51 | K18: 112.56 | L18: 23.68 | M18: 35.59 | N18: 646.3 | O18: 0 | P18: 0.7 | Q18: 6.93
A19: 10-02-2024 11:00 | B19: 5.34 | C19: 60.05 | D19: 38.07 | E19: 0.68 | F19: 12.12 | G19: 76.27 | H19: 29.82 | I19: 1.58 | J19: 1.02 | K19: 110.15 | L19: 24.51 | M19: 31.44 | N19: 755.9 | O19: 0 | P19: 0.66 | Q19: 6.54
A20: 10-02-2024 12:00 | B20: 2.44 | C20: 59.46 | D20: 35.42 | E20: 0.51 | F20: 10.01 | G20: 67.77 | H20: 28.94 | I20: 1.56 | J20: 0.94 | K20: 356.16 | L20: 27.06 | M20: 28.34 | N20: 866.7 | O20: 0 | P20: 0.51 | Q20: 6.22
... A32: 10-02-2024 24:00 | B32: 5.28 | C32: 73.1 | D32: 45.22 | E32: 0.36 | F32: 4.27 | G32: 91.52 | H32: 36.54 | I32: 1.58 | J32: 0.84 | K32: 108.63 | L32: 19.63 | M32: 48.01 | N32: 72.7 | O32: 0 | P32: 1.02 | Q32: 7.44
A34: Min | B34: =MIN(B9:B32) -> 1.84 | C34: =MIN(C9:C32) -> 54.37 | D34: =MIN(D9:D32) -> 32.13 | E34: =MIN(E9:E32) -> 0.11 | F34: =MIN(F9:F32) -> 3.17 | G34: =MIN(G9:G32) -> 53.18 | H34: =MIN(H9:H32) -> 22.33 | I34: =MIN(I9:I32) -> 1.48 | ... Q34: =MIN(Q9:Q32) -> 5.8
A35: Max | B35: =MAX(B9:B32) -> 21.5 | C35: =MAX(C9:C32) -> 80.12 | D35: =MAX(D9:D32) -> 56.9 | E35: =MAX(E9:E32) -> 0.68 | F35: =MAX(F9:F32) -> 20.18 | G35: =MAX(G9:G32) -> 125.01 | H35: =MAX(H9:H32) -> 40.7 | I35: =MAX(I9:I32) -> 1.62 | ... Q35: =MAX(Q9:Q32) -> 8.22
A36: Avg | B36: =AVERAGE(B9:B32) -> 9.2404167 | C36: =AVERAGE(C9:C32) -> 66.807917 | D36: =AVERAGE(D9:D32) -> 44.862083 | E36: =AVERAGE(E9:E32) -> 0.35208333 | F36: =AVERAGE(F9:F32) -> 5.58875 | G36: =AVERAGE(G9:G32) -> 87.4225 | H36: =AVERAGE(H9:H32) -> 31.515417 | I36: =AVERAGE(I9:I32) -> 1.5445833 | ... Q36: =AVERAGE(Q9:Q32) -> 7.12375
A37: Stdev | B37: =STDEV(B9:B32) -> 5.5737354 | C37: =STDEV(C9:C32) -> 7.9695262 | D37: =STDEV(D9:D32) -> 6.4265698 | E37: =STDEV(E9:E32) -> 0.14346577 | F37: =STDEV(F9:F32) -> 4.0300041 | G37: =STDEV(G9:G32) -> 21.087138 | H37: =STDEV(H9:H32) -> 5.8118462 | I37: =STDEV(I9:I32) -> 0.030924757 | ... Q37: =STDEV(Q9:Q32) -> 0.62403186
A38: Num | B38: =COUNT(B9:B32) -> 24 | C38: =COUNT(C9:C32) -> 24 | D38: =COUNT(D9:D32) -> 24 | E38: =COUNT(E9:E32) -> 24 | F38: =COUNT(F9:F32) -> 24 | G38: =COUNT(G9:G32) -> 24 | H38: =COUNT(H9:H32) -> 24 | I38: =COUNT(I9:I32) -> 24 | ... Q38: =COUNT(Q9:Q32) -> 24
A39: DCR | B39: =IF(B38>=22,">90%",IF(B38<=22,"<90%")) -> >90% | C39: =IF(C38>=22,">90%",IF(C38<=22,"<90%")) -> >90% | D39: =IF(D38>=22,">90%",IF(D38<=22,"<90%")) -> >90% | E39: =IF(E38>=22,">90%",IF(E38<=22,"<90%")) -> >90% | F39: =IF(F38>=22,">90%",IF(F38<=22,"<90%")) -> >90% | G39: =IF(G38>=22,">90%",IF(G38<=22,"<90%")) -> >90% | H39: =IF(H38>=22,">90%",IF(H38<=22,"<90%")) -> >90% | I39: =IF(I38>=22,">90%",IF(I38<=22,"<90%")) -> >90% | ... Q39: =IF(Q38>=22,">90%",IF(Q38<=22,"<90%")) -> >90%
A40: Status | B40: =IF(B38>=22,"OK",IF(B38<=22,"LESS")) -> OK | C40: =IF(C38>=22,"OK",IF(C38<=22,"LESS")) -> OK | D40: =IF(D38>=22,"OK",IF(D38<=22,"LESS")) -> OK | E40: =IF(E38>=22,"OK",IF(E38<=22,"LESS")) -> OK | F40: =IF(F38>=22,"OK",IF(F38<=22,"LESS")) -> OK | G40: =IF(G38>=22,"OK",IF(G38<=22,"LESS")) -> OK | H40: =IF(H38>=22,"OK",IF(H38<=22,"LESS")) -> OK | I40: =IF(I38>=22,"OK",IF(I38<=22,"LESS")) -> OK | ... Q40: =IF(Q38>=22,"OK",IF(Q38<=22,"LESS")) -> OK
A43: Done by | B43: RAHUL
A45: Comment

Sheet 11
A1: Station: | B1: BHATAGAON RAIPUR
A2: Date: | B2: =$A$9 -> 11-02-2024 01:00 | D2: Power Off | G2: Pw.Off | L2: Link Fail | N2: Link F | P2: Maintenance | R2: Maint.
A3: Report Type: | B3: Mean | D3: Calibration | G3: Calib. | L3: Data Fail | N3: Data F | P3: Invalid | R3: Invalid
A4: Time Base: | B4: 01 Hour | D4: Zero Referrence | G4: Z.Ref | L4: Warm Up | N4: Wm. Up
A7: Date & Time | B7: NO_BHATAGAON | C7: NO2_BHATAGAON | D7: NOX_BHATAGAON | E7: SO2_BHATAGAON | F7: O3_BHATAGAON | G7: PM10_BHATAGAON | H7: PM2_5_BHATAGAON | I7: BENZ_BHATAGAON | J7: WS_BHATAGAON | K7: WD_BHATAGAON | L7: TEMP_BHATAGAON | M7: HUM BHATAGAON | N7: SR_BHATAGAON | O7: RG_BHATAGAON | P7: CO_BHATAGAON | Q7: NH3_BHATAGAON
B8: ug/m3 | C8: ug/m3 | D8: ppb | E8: ug/m3 | F8: ug/m3 | G8: mg/m3 | H8: ug/m3 | I8: ug/m3 | J8: m/sec | K8: deg | L8: degreC | M8: % | N8: w/m2 | O8: mm | P8: ug/m3 | Q8: ug/m3
A9: 11-02-2024 01:00 | B9: 2.93 | C9: 66.04 | D9: 39.44 | E9: 0.21 | F9: 4.74 | G9: 88.04 | H9: 35.36 | I9: 1.5 | J9: 1.43 | K9: 104.4 | L9: 19.68 | M9: 54.46 | N9: 72.9 | O9: 0 | P9: 0.93 | Q9: 6.92
A10: 11-02-2024 02:00 | B10: 3.02 | C10: 57.73 | D10: 34.3 | E10: 0.2 | F10: 4.52 | G10: 80.54 | H10: 33.59 | I10: 1.58 | J10: 0.17 | K10: 354.72 | L10: 18.93 | M10: 68.35 | N10: 73.5 | O10: 0 | P10: 0.79 | Q10: 6.52
A11: 11-02-2024 03:00 | B11: 4.37 | C11: 56.54 | D11: 35.36 | E11: 0.22 | F11: 3.6 | G11: 75.41 | H11: 32.55 | I11: 1.59 | J11: 0.14 | K11: 329.14 | L11: 17.46 | M11: 76.73 | N11: 73.5 | O11: 0 | P11: 0.74 | Q11: 6.56
A12: 11-02-2024 04:00 | B12: 5.32 | C12: 57.32 | D12: 36.55 | E12: 0.23 | F12: 3.41 | G12: 73.86 | H12: 32.55 | I12: 1.55 | J12: 1.05 | K12: 356.46 | L12: 17.95 | M12: 76.24 | N12: 74 | O12: 0 | P12: 0.71 | Q12: 6.65
A13: 11-02-2024 05:00 | B13: 5.31 | C13: 57.91 | D13: 36.86 | E13: 0.33 | F13: 3.61 | G13: 77.27 | H13: 32.71 | I13: 1.56 | J13: 0.25 | K13: 334.62 | L13: 17.23 | M13: 75.68 | N13: 74 | O13: 0 | P13: 0.68 | Q13: 6.7
A14: 11-02-2024 06:00 | B14: 11.63 | C14: 60.31 | D14: 43.25 | E14: 0.27 | F14: 3.5 | G14: 78.83 | H14: 32.71 | I14: 1.56 | J14: 0.1 | K14: 294.63 | L14: 16.83 | M14: 79.63 | N14: 73.8 | O14: 0 | P14: 0.73 | Q14: 7
A15: 11-02-2024 07:00 | B15: 23.54 | C15: 62.6 | D15: 54.03 | E15: 0.29 | F15: 3.22 | G15: 89.93 | H15: 34.64 | I15: 1.53 | J15: 0.38 | K15: 352.11 | L15: 16.48 | M15: 83.38 | N15: 88.8 | O15: 0 | P15: 0.83 | Q15: 7.97
A16: 11-02-2024 08:00 | B16: 24.15 | C16: 65.38 | D16: 55.71 | E16: 0.34 | F16: 2.98 | G16: 94.95 | H16: 42.63 | I16: 1.58 | J16: 0.4 | K16: 352.72 | L16: 18.74 | M16: 74.96 | N16: 245 | O16: 0 | P16: 0.86 | Q16: 8.2
A17: 11-02-2024 09:00 | B17: 23.4 | C17: 66.25 | D17: 55.85 | E17: 0.3 | F17: 3.22 | G17: 99.93 | H17: 42.63 | I17: 1.52 | J17: 0.88 | K17: 359.29 | L17: 21.47 | M17: 60.1 | N17: 447.4 | O17: 0 | P17: 0.89 | Q17: 8.16
A18: 11-02-2024 10:00 | B18: 19.58 | C18: 66.05 | D18: 52.8 | E18: 0.3 | F18: 3.28 | G18: 99.93 | H18: 41.41 | I18: 1.55 | J18: 1.06 | K18: 115.45 | L18: 24.69 | M18: 57.54 | N18: 623.5 | O18: 0 | P18: 0.88 | Q18: 8.08
A19: 11-02-2024 11:00 | B19: 13.47 | C19: 69.27 | D19: 48.31 | E19: 0.31 | F19: 3.64 | G19: 97.14 | H19: 40.27 | I19: 1.51 | J19: 0.72 | K19: 345.28 | L19: 30.51 | M19: 41.77 | N19: 693.2 | O19: 0 | P19: 0.86 | Q19: 7.78
A20: 11-02-2024 12:00 | B20: 8.74 | C20: 70.26 | D20: 46.43 | E20: 0.31 | F20: 4.89 | G20: 89.2 | H20: 38.3 | I20: 1.55 | J20: 0.68 | K20: 138.47 | L20: 28.43 | M20: 41.45 | N20: 728.6 | O20: 0 | P20: 0.87 | Q20: 7.53
... A32: 11-02-2024 24:00 | B32: 5.18 | C32: 63.21 | D32: 39.68 | E32: 0.33 | F32: 3.8 | G32: 67.18 | H32: 31.26 | I32: 1.49 | J32: 0.98 | K32: 103.25 | L32: 19.48 | M32: 67.76 | N32: 143.9 | O32: 0 | P32: 0.72 | Q32: 6.64
A34: Min | B34: =MIN(B9:B32) -> 2.05 | C34: =MIN(C9:C32) -> 55.16 | D34: =MIN(D9:D32) -> 33.05 | E34: =MIN(E9:E32) -> 0.2 | F34: =MIN(F9:F32) -> 2.98 | G34: =MIN(G9:G32) -> 51.92 | H34: =MIN(H9:H32) -> 22.6 | I34: =MIN(I9:I32) -> 1.49 | ... Q34: =MIN(Q9:Q32) -> 5.21
A35: Max | B35: =MAX(B9:B32) -> 24.15 | C35: =MAX(C9:C32) -> 70.26 | D35: =MAX(D9:D32) -> 55.85 | E35: =MAX(E9:E32) -> 0.39 | F35: =MAX(F9:F32) -> 5.67 | G35: =MAX(G9:G32) -> 99.93 | H35: =MAX(H9:H32) -> 42.63 | I35: =MAX(I9:I32) -> 1.59 | ... Q35: =MAX(Q9:Q32) -> 8.2
A36: Avg | B36: =AVERAGE(B9:B32) -> 7.9829167 | C36: =AVERAGE(C9:C32) -> 63.07875 | D36: =AVERAGE(D9:D32) -> 41.7025 | E36: =AVERAGE(E9:E32) -> 0.29125 | F36: =AVERAGE(F9:F32) -> 4.1766667 | G36: =AVERAGE(G9:G32) -> 77.52125 | H36: =AVERAGE(H9:H32) -> 33.02 | I36: =AVERAGE(I9:I32) -> 1.5416667 | ... Q36: =AVERAGE(Q9:Q32) -> 6.8429167
A37: Stdev | B37: =STDEV(B9:B32) -> 7.3297295 | C37: =STDEV(C9:C32) -> 4.8059432 | D37: =STDEV(D9:D32) -> 7.1348704 | E37: =STDEV(E9:E32) -> 0.053512493 | F37: =STDEV(F9:F32) -> 0.84802413 | G37: =STDEV(G9:G32) -> 13.69105 | H37: =STDEV(H9:H32) -> 5.1894994 | I37: =STDEV(I9:I32) -> 0.028078565 | ... Q37: =STDEV(Q9:Q32) -> 0.77526141
A38: Num | B38: =COUNT(B9:B32) -> 24 | C38: =COUNT(C9:C32) -> 24 | D38: =COUNT(D9:D32) -> 24 | E38: =COUNT(E9:E32) -> 24 | F38: =COUNT(F9:F32) -> 24 | G38: =COUNT(G9:G32) -> 24 | H38: =COUNT(H9:H32) -> 24 | I38: =COUNT(I9:I32) -> 24 | ... Q38: =COUNT(Q9:Q32) -> 24
A39: DCR | B39: =IF(B38>=22,">90%",IF(B38<=22,"<90%")) -> >90% | C39: =IF(C38>=22,">90%",IF(C38<=22,"<90%")) -> >90% | D39: =IF(D38>=22,">90%",IF(D38<=22,"<90%")) -> >90% | E39: =IF(E38>=22,">90%",IF(E38<=22,"<90%")) -> >90% | F39: =IF(F38>=22,">90%",IF(F38<=22,"<90%")) -> >90% | G39: =IF(G38>=22,">90%",IF(G38<=22,"<90%")) -> >90% | H39: =IF(H38>=22,">90%",IF(H38<=22,"<90%")) -> >90% | I39: =IF(I38>=22,">90%",IF(I38<=22,"<90%")) -> >90% | ... Q39: =IF(Q38>=22,">90%",IF(Q38<=22,"<90%")) -> >90%
A40: Status | B40: =IF(B38>=22,"OK",IF(B38<=22,"LESS")) -> OK | C40: =IF(C38>=22,"OK",IF(C38<=22,"LESS")) -> OK | D40: =IF(D38>=22,"OK",IF(D38<=22,"LESS")) -> OK | E40: =IF(E38>=22,"OK",IF(E38<=22,"LESS")) -> OK | F40: =IF(F38>=22,"OK",IF(F38<=22,"LESS")) -> OK | G40: =IF(G38>=22,"OK",IF(G38<=22,"LESS")) -> OK | H40: =IF(H38>=22,"OK",IF(H38<=22,"LESS")) -> OK | I40: =IF(I38>=22,"OK",IF(I38<=22,"LESS")) -> OK | ... Q40: =IF(Q38>=22,"OK",IF(Q38<=22,"LESS")) -> OK
A43: Done by | B43: RAHUL
A45: Comment

Sheet 12
A1: Station: | B1: BHATAGAON RAIPUR
A2: Date: | B2: =$A$9 -> 12-02-2024 01:00 | D2: Power Off | G2: Pw.Off | L2: Link Fail | N2: Link F | P2: Maintenance | R2: Maint.
A3: Report Type: | B3: Mean | D3: Calibration | G3: Calib. | L3: Data Fail | N3: Data F | P3: Invalid | R3: Invalid
A4: Time Base: | B4: 01 Hour | D4: Zero Referrence | G4: Z.Ref | L4: Warm Up | N4: Wm. Up
A7: Date & Time | B7: NO_BHATAGAON | C7: NO2_BHATAGAON | D7: NOX_BHATAGAON | E7: SO2_BHATAGAON | F7: O3_BHATAGAON | G7: PM10_BHATAGAON | H7: PM2_5_BHATAGAON | I7: BENZ_BHATAGAON | J7: WS_BHATAGAON | K7: WD_BHATAGAON | L7: TEMP_BHATAGAON | M7: HUM BHATAGAON | N7: SR_BHATAGAON | O7: RG_BHATAGAON | P7: CO_BHATAGAON | Q7: NH3_BHATAGAON
B8: ug/m3 | C8: ug/m3 | D8: ppb | E8: ug/m3 | F8: ug/m3 | G8: mg/m3 | H8: ug/m3 | I8: ug/m3 | J8: m/sec | K8: deg | L8: degreC | M8: % | N8: w/m2 | O8: mm | P8: ug/m3 | Q8: ug/m3
A9: 12-02-2024 01:00 | B9: 4.23 | C9: 59.29 | D9: 36.75 | E9: 0.36 | F9: 3.85 | G9: 66.81 | H9: 27.78 | I9: 1.51 | J9: 0.73 | K9: 104.87 | L9: 19.11 | M9: 95.78 | N9: 150.9 | O9: 0.8 | P9: 0.65 | Q9: 6.67
A10: 12-02-2024 02:00 | B10: 4.35 | C10: 56.91 | D10: 35.52 | E10: 0.36 | F10: 3.69 | G10: 66.35 | H10: 28.73 | I10: 1.52 | J10: 0.83 | K10: 109.65 | L10: 17.35 | M10: 90.63 | N10: 144.4 | O10: 0 | P10: 0.59 | Q10: 6.71
A11: 12-02-2024 03:00 | B11: 4.16 | C11: 54.42 | D11: 33.86 | E11: 0.34 | F11: 3.71 | G11: 65.3 | H11: 30.71 | I11: 1.49 | J11: 0.39 | K11: 355.13 | L11: 17.38 | M11: 96.45 | N11: 152.1 | O11: 0 | P11: 0.55 | Q11: 6.69
A12: 12-02-2024 04:00 | B12: 4.19 | C12: 53.33 | D12: 33.44 | E12: 0.29 | F12: 3.7 | G12: 59.05 | H12: 31.13 | I12: 1.59 | J12: 1.22 | K12: 103.25 | L12: 16.61 | M12: 95.01 | N12: 145.8 | O12: 0 | P12: 0.53 | Q12: 6.61
A13: 12-02-2024 05:00 | B13: 3.71 | C13: 51.62 | D13: 32.11 | E13: 0.21 | F13: 3.71 | G13: 56.24 | H13: 31.13 | I13: 1.56 | J13: 0.86 | K13: 107.54 | L13: 16.14 | M13: 95.98 | N13: 177.2 | O13: 0 | P13: 0.5 | Q13: 6.22
A14: 12-02-2024 06:00 | B14: 5.66 | C14: 54.04 | D14: 35.01 | E14: 0.2 | F14: 3.25 | G14: 52.93 | H14: 27.24 | I14: 1.54 | J14: 0.58 | K14: 102.29 | L14: 16.02 | M14: 97.24 | N14: 164 | O14: 0 | P14: 0.49 | Q14: 6.76
A15: 12-02-2024 07:00 | B15: 9.87 | C15: 56.49 | D15: 39.73 | E15: 0.23 | F15: 3.29 | G15: 53.26 | H15: 28.25 | I15: 1.55 | J15: 0.5 | K15: 353.1 | L15: 16.26 | M15: 97.79 | N15: 221.4 | O15: 0 | P15: 0.51 | Q15: 6.96
A16: 12-02-2024 08:00 | B16: 14.03 | C16: 58.62 | D16: 44.25 | E16: 0.2 | F16: 3.43 | G16: 54.7 | H16: 29.2 | I16: 1.52 | J16: 0.97 | K16: 351.93 | L16: 16.62 | M16: 98.47 | N16: 253.7 | O16: 0 | P16: 0.56 | Q16: 7.02
A17: 12-02-2024 09:00 | B17: 14.06 | C17: 59.2 | D17: 44.56 | E17: 0.25 | F17: 3.39 | G17: 62.91 | H17: 29.2 | I17: 1.55 | J17: 1.78 | K17: 339.69 | L17: 16.29 | M17: 99.67 | N17: 445.5 | O17: 4.6 | P17: 0.59 | Q17: 7.03
A18: 12-02-2024 10:00 | B18: 14.42 | C18: 57.38 | D18: 43.7 | E18: 0.27 | F18: 3.26 | G18: 62.91 | H18: 29.92 | I18: 1.55 | J18: 1.65 | K18: 124.46 | L18: 20.49 | M18: 99.82 | N18: 543.3 | O18: 0 | P18: 0.6 | Q18: 6.67
A19: 12-02-2024 11:00 | B19: 10.65 | C19: 60.63 | D19: 40.78 | E19: 0.3 | F19: 8.51 | G19: 62.7 | H19: 29.92 | I19: 1.55 | J19: 0.53 | K19: 341.1 | L19: 24.82 | M19: 80.5 | N19: 679.2 | O19: 0 | P19: 0.67 | Q19: 6.43
A20: 12-02-2024 12:00 | B20: 4.12 | C20: 60.1 | D20: 36.11 | E20: 0.27 | F20: 6.9 | G20: Calib. | H20: Calib. | I20: 1.55 | J20: 0.86 | K20: 347.91 | L20: 28.82 | M20: 65.39 | N20: 779.8 | O20: 0 | P20: 0.66 | Q20: 6.54
A21: 12-02-2024 13:00 | B21: 4.01 | C21: 62.55 | D21: 37.68 | E21: 0.33 | F21: 6.91 | G21: 73.51 | H21: 20.37 | I21: 1.63 | J21: 0.75 | K21: 352.6 | L21: 29.8 | M21: 56.43 | N21: 715.6 | O21: 0 | P21: 0.71 | Q21: 6.42
A22: 12-02-2024 14:00 | B22: 4.08 | C22: 65.08 | D22: 38.43 | E22: 0.61 | F22: 8.64 | G22: 73.51 | H22: 22.97 | I22: 1.55 | J22: 0.74 | K22: 336.12 | L22: 30.34 | M22: 49.14 | N22: 674.9 | O22: 0 | P22: 0.73 | Q22: 6.6
A23: 12-02-2024 15:00 | B23: 3.25 | C23: 69.64 | D23: 41.41 | E23: 0.38 | F23: 7.38 | G23: 74.94 | H23: 27.49 | I23: 1.49 | J23: 0.91 | K23: 351.91 | L23: 29.5 | M23: 52.23 | N23: 543.9 | O23: 0 | P23: 0.84 | Q23: 6.99
A24: 12-02-2024 16:00 | B24: 3.88 | C24: 66.67 | D24: 40.08 | E24: 0.37 | F24: 4.86 | G24: 74.94 | H24: 27.93 | I24: 1.49 | J24: 0.8 | K24: 357.46 | L24: 27.28 | M24: 63.26 | N24: 332.9 | O24: 0 | P24: 0.86 | Q24: 6.88
A25: 12-02-2024 17:00 | B25: 4.27 | C25: 69.39 | D25: 42.01 | E25: 0.33 | F25: 5.55 | G25: 71.75 | H25: 27.93 | I25: 1.55 | J25: 1.3 | K25: 351.91 | L25: 25.8 | M25: 69.32 | N25: 216.5 | O25: 0 | P25: 0.88 | Q25: 7.17
A26: 12-02-2024 18:00 | B26: 6.2 | C26: 68 | D26: 43.15 | E26: 0.32 | F26: 4.01 | G26: 70.33 | H26: 27.49 | I26: 1.54 | J26: 0.5 | K26: 353.99 | L26: 23.94 | M26: 77.09 | N26: 96.2 | O26: 0 | P26: 0.94 | Q26: 7.2
A27: 12-02-2024 19:00 | B27: 11.62 | C27: 72.22 | D27: 49.82 | E27: 0.34 | F27: 3.38 | G27: 66.89 | H27: 26.7 | I27: 1.6 | J27: 0.74 | K27: 355.93 | L27: 22.46 | M27: 84.26 | N27: 51.6 | O27: 0 | P27: 1.07 | Q27: 7.49
A28: 12-02-2024 20:00 | B28: 16.95 | C28: 71.51 | D28: 52.55 | E28: 0.37 | F28: 3.83 | G28: 66.89 | H28: 30.39 | I28: 1.54 | J28: 0.51 | K28: 346.69 | L28: 21.53 | M28: 86.68 | N28: 52.7 | O28: 0 | P28: 1.07 | Q28: 8.19
A29: 12-02-2024 21:00 | B29: 19.17 | C29: 68.54 | D29: 53.61 | E29: 0.32 | F29: 3.4 | G29: 66.04 | H29: 30.39 | I29: 1.54 | J29: 0.46 | K29: 90.4 | L29: 20.76 | M29: 86.49 | N29: 53.9 | O29: 0 | P29: 1.06 | Q29: 8.39
A30: 12-02-2024 22:00 | B30: 19 | C30: 67.36 | D30: 53.06 | E30: 0.3 | F30: 3.3 | G30: 62.89 | H30: 29.04 | I30: 1.54 | J30: 1.7 | K30: 105.56 | L30: 20.61 | M30: 85.7 | N30: 55.3 | O30: 0 | P30: 1.03 | Q30: 8.37
A31: 12-02-2024 23:00 | B31: 16.53 | C31: 62.81 | D31: 48.56 | E31: 0.26 | F31: 3.64 | G31: 60.59 | H31: 28.62 | I31: 1.55 | J31: 1.89 | K31: 109.52 | L31: 20.44 | M31: 86.12 | N31: 51.8 | O31: 0 | P31: 0.93 | Q31: 8.16
A32: 12-02-2024 24:00 | B32: 9.46 | C32: 56.8 | D32: 39.58 | E32: 0.23 | F32: 3.26 | G32: 55.02 | H32: 27.72 | I32: 1.54 | J32: 2.07 | K32: 109.48 | L32: 20.22 | M32: 89.37 | N32: 57.5 | O32: 0 | P32: 0.74 | Q32: 7.17
A34: Min | B34: =MIN(B9:B32) -> 3.25 | C34: =MIN(C9:C32) -> 51.62 | D34: =MIN(D9:D32) -> 32.11 | E34: =MIN(E9:E32) -> 0.2 | F34: =MIN(F9:F32) -> 3.25 | G34: =MIN(G9:G32) -> 52.93 | H34: =MIN(H9:H32) -> 20.37 | I34: =MIN(I9:I32) -> 1.49 | ... Q34: =MIN(Q9:Q32) -> 6.22
A35: Max | B35: =MAX(B9:B32) -> 19.17 | C35: =MAX(C9:C32) -> 72.22 | D35: =MAX(D9:D32) -> 53.61 | E35: =MAX(E9:E32) -> 0.61 | F35: =MAX(F9:F32) -> 8.64 | G35: =MAX(G9:G32) -> 74.94 | H35: =MAX(H9:H32) -> 31.13 | I35: =MAX(I9:I32) -> 1.63 | ... Q35: =MAX(Q9:Q32) -> 8.39
A36: Avg | B36: =AVERAGE(B9:B32) -> 8.8279167 | C36: =AVERAGE(C9:C32) -> 61.775 | D36: =AVERAGE(D9:D32) -> 41.49 | E36: =AVERAGE(E9:E32) -> 0.31 | F36: =AVERAGE(F9:F32) -> 4.5354167 | G36: =AVERAGE(G9:G32) -> 64.367826 | H36: =AVERAGE(H9:H32) -> 28.271739 | I36: =AVERAGE(I9:I32) -> 1.5433333 | ... Q36: =AVERAGE(Q9:Q32) -> 7.0558333
A37: Stdev | B37: =STDEV(B9:B32) -> 5.5401514 | C37: =STDEV(C9:C32) -> 6.2097035 | D37: =STDEV(D9:D32) -> 6.32655 | E37: =STDEV(E9:E32) -> 0.085159697 | F37: =STDEV(F9:F32) -> 1.7577505 | G37: =STDEV(G9:G32) -> 6.9410203 | H37: =STDEV(H9:H32) -> 2.48102 | I37: =STDEV(I9:I32) -> 0.032526466 | ... Q37: =STDEV(Q9:Q32) -> 0.62901522
A38: Num | B38: =COUNT(B9:B32) -> 24 | C38: =COUNT(C9:C32) -> 24 | D38: =COUNT(D9:D32) -> 24 | E38: =COUNT(E9:E32) -> 24 | F38: =COUNT(F9:F32) -> 24 | G38: =COUNT(G9:G32)+1 -> 24 | H38: =COUNT(H9:H32)+1 -> 24 | I38: =COUNT(I9:I32) -> 24 | J38: =COUNT(J9:J32) -> 24 | K38: =COUNT(K9:K32) -> 24 | L38: =COUNT(L9:L32) -> 24 | M38: =COUNT(M9:M32) -> 24 | N38: =COUNT(N9:N32) -> 24 | O38: =COUNT(O9:O32) -> 24 | P38: =COUNT(P9:P32) -> 24 | Q38: =COUNT(Q9:Q32) -> 24
A39: DCR | B39: =IF(B38>=22,">90%",IF(B38<=22,"<90%")) -> >90% | C39: =IF(C38>=22,">90%",IF(C38<=22,"<90%")) -> >90% | D39: =IF(D38>=22,">90%",IF(D38<=22,"<90%")) -> >90% | E39: =IF(E38>=22,">90%",IF(E38<=22,"<90%")) -> >90% | F39: =IF(F38>=22,">90%",IF(F38<=22,"<90%")) -> >90% | G39: =IF(G38>=22,">90%",IF(G38<=22,"<90%")) -> >90% | H39: =IF(H38>=22,">90%",IF(H38<=22,"<90%")) -> >90% | I39: =IF(I38>=22,">90%",IF(I38<=22,"<90%")) -> >90% | ... Q39: =IF(Q38>=22,">90%",IF(Q38<=22,"<90%")) -> >90%
A40: Status | B40: =IF(B38>=22,"OK",IF(B38<=22,"LESS")) -> OK | C40: =IF(C38>=22,"OK",IF(C38<=22,"LESS")) -> OK | D40: =IF(D38>=22,"OK",IF(D38<=22,"LESS")) -> OK | E40: =IF(E38>=22,"OK",IF(E38<=22,"LESS")) -> OK | F40: =IF(F38>=22,"OK",IF(F38<=22,"LESS")) -> OK | G40: =IF(G38>=22,"OK",IF(G38<=22,"LESS")) -> OK | H40: =IF(H38>=22,"OK",IF(H38<=22,"LESS")) -> OK | I40: =IF(I38>=22,"OK",IF(I38<=22,"LESS")) -> OK | ... Q40: =IF(Q38>=22,"OK",IF(Q38<=22,"LESS")) -> OK
A43: Done by | B43: RAHUL
A45: Comment

Sheet 13
A1: Station: | B1: BHATAGAON RAIPUR
A2: Date: | B2: =$A$9 -> 13-02-2024 01:00 | D2: Power Off | G2: Pw.Off | L2: Link Fail | N2: Link F | P2: Maintenance | R2: Maint.
A3: Report Type: | B3: Mean | D3: Calibration | G3: Calib. | L3: Data Fail | N3: Data F | P3: Invalid | R3: Invalid
A4: Time Base: | B4: 01 Hour | D4: Zero Referrence | G4: Z.Ref | L4: Warm Up | N4: Wm. Up
A7: Date & Time | B7: NO_BHATAGAON | C7: NO2_BHATAGAON | D7: NOX_BHATAGAON | E7: SO2_BHATAGAON | F7: O3_BHATAGAON | G7: PM10_BHATAGAON | H7: PM2_5_BHATAGAON | I7: BENZ_BHATAGAON | J7: WS_BHATAGAON | K7: WD_BHATAGAON | L7: TEMP_BHATAGAON | M7: HUM BHATAGAON | N7: SR_BHATAGAON | O7: RG_BHATAGAON | P7: CO_BHATAGAON | Q7: NH3_BHATAGAON
B8: ug/m3 | C8: ug/m3 | D8: ppb | E8: ug/m3 | F8: ug/m3 | G8: mg/m3 | H8: ug/m3 | I8: ug/m3 | J8: m/sec | K8: deg | L8: degreC | M8: % | N8: w/m2 | O8: mm | P8: ug/m3 | Q8: ug/m3
A9: 13-02-2024 01:00 | B9: 5.72 | C9: 54.25 | D9: 35.18 | E9: 0.24 | F9: 3.69 | G9: 45.27 | H9: 25 | I9: 1.54 | J9: 1.47 | K9: 108.24 | L9: 20.02 | M9: 93.67 | N9: 58.1 | O9: 0 | P9: 0.58 | Q9: 6.29
A10: 13-02-2024 02:00 | B10: 6.22 | C10: 51.02 | D10: 33 | E10: 0.19 | F10: 3.41 | G10: 42.93 | H10: 21.14 | I10: 1.57 | J10: 0.26 | K10: 93.19 | L10: 19.57 | M10: 98.86 | N10: 68.5 | O10: 0 | P10: 0.56 | Q10: 5.6
A11: 13-02-2024 03:00 | B11: 9.21 | C11: 52.89 | D11: 37.22 | E11: 0.16 | F11: 3.27 | G11: 42.93 | H11: 21.77 | I11: 1.53 | J11: 0.14 | K11: 312.8 | L11: 18.75 | M11: 100 | N11: 59.3 | O11: 0 | P11: 0.53 | Q11: 6.61
A12: 13-02-2024 04:00 | B12: 12.75 | C12: 56.86 | D12: 42.25 | E12: 0.19 | F12: 3.67 | G12: 43.38 | H12: 23.44 | I12: 1.53 | J12: 0.15 | K12: 349.38 | L12: 17.89 | M12: 100 | N12: 55.5 | O12: 0 | P12: 0.52 | Q12: 7.43
A13: 13-02-2024 05:00 | B13: 16.64 | C13: 56.97 | D13: 45.42 | E13: 0.12 | F13: 3.33 | G13: 49.18 | H13: 24.41 | I13: 1.56 | J13: 0.19 | K13: 329.92 | L13: 17.53 | M13: 100 | N13: 56.6 | O13: 0 | P13: 0.53 | Q13: 7.66
A14: 13-02-2024 06:00 | B14: 20.14 | C14: 53.29 | D14: 45.36 | E14: 0.1 | F14: 3.27 | G14: 49.18 | H14: 25.25 | I14: 1.51 | J14: 0.32 | K14: 356.43 | L14: 17.26 | M14: 100.01 | N14: 67.4 | O14: 0 | P14: 0.56 | Q14: 7.57
A15: 13-02-2024 07:00 | B15: 24.56 | C15: 52.98 | D15: 49.58 | E15: 0.11 | F15: 3.38 | G15: 50.24 | H15: 25.25 | I15: 1.51 | J15: 0.38 | K15: 355.26 | L15: 16.91 | M15: 100.07 | N15: 68.3 | O15: 0 | P15: 0.62 | Q15: 7.87
A16: 13-02-2024 08:00 | B16: 31.16 | C16: 55.08 | D16: 56.03 | E16: 0.18 | F16: 3.42 | G16: 61.12 | H16: 27.65 | I16: 1.59 | J16: 0.43 | K16: 345.52 | L16: 19.23 | M16: 100.05 | N16: 224.5 | O16: 0 | P16: 0.7 | Q16: 8.39
A17: 13-02-2024 09:00 | B17: 31.07 | C17: 57.93 | D17: 55.73 | E17: 0.35 | F17: 3.01 | G17: 64.3 | H17: 28.7 | I17: 1.55 | J17: 0.6 | K17: 350.96 | L17: 23.23 | M17: 100 | N17: 353.8 | O17: 0 | P17: 0.74 | Q17: 8.45
A18: 13-02-2024 10:00 | B18: 29.79 | C18: 62.62 | D18: 58.65 | E18: 0.43 | F18: 3.48 | G18: 72.77 | H18: 30.65 | I18: 1.52 | J18: 0.7 | K18: 345.24 | L18: 25.26 | M18: 73.65 | N18: 557.9 | O18: 0 | P18: 0.81 | Q18: 8.87
A19: 13-02-2024 11:00 | B19: 27.45 | C19: 69.21 | D19: 57.24 | E19: 0.39 | F19: 6.82 | G19: 72.77 | H19: 30.65 | I19: 1.57 | J19: 0.33 | K19: 333.94 | L19: 27.14 | M19: 71.51 | N19: 690 | O19: 0 | P19: 0.79 | Q19: 8.85
A20: 13-02-2024 12:00 | B20: 6.25 | C20: 76.94 | D20: 48.12 | E20: 0.37 | F20: 6.42 | G20: 71.09 | H20: 31.52 | I20: 1.63 | J20: 0.57 | K20: 358.05 | L20: 29.22 | M20: 54.96 | N20: 711.2 | O20: 0 | P20: 0.96 | Q20: 8.54
... A32: 13-02-2024 24:00 | B32: 129.59 | C32: 76.01 | D32: 146.51 | E32: 0.41 | F32: 3.21 | G32: 131.66 | H32: 45.2 | I32: 1.55 | J32: 0.13 | K32: 305.75 | L32: 18.68 | M32: 95.99 | N32: 125.4 | O32: 0 | P32: 2.58 | Q32: 16.46
A34: Min | B34: =MIN(B9:B32) -> 2.49 | C34: =MIN(C9:C32) -> 51.02 | D34: =MIN(D9:D32) -> 33 | E34: =MIN(E9:E32) -> 0.1 | F34: =MIN(F9:F32) -> 3 | G34: =MIN(G9:G32) -> 42.93 | H34: =MIN(H9:H32) -> 21.14 | I34: =MIN(I9:I32) -> 1.5 | ... Q34: =MIN(Q9:Q32) -> 5.6
A35: Max | B35: =MAX(B9:B32) -> 129.59 | C35: =MAX(C9:C32) -> 76.94 | D35: =MAX(D9:D32) -> 146.51 | E35: =MAX(E9:E32) -> 0.46 | F35: =MAX(F9:F32) -> 11.63 | G35: =MAX(G9:G32) -> 131.66 | H35: =MAX(H9:H32) -> 45.2 | I35: =MAX(I9:I32) -> 1.63 | ... Q35: =MAX(Q9:Q32) -> 16.46
A36: Avg | B36: =AVERAGE(B9:B32) -> 32.32 | C36: =AVERAGE(C9:C32) -> 63.110833 | D36: =AVERAGE(D9:D32) -> 61.044167 | E36: =AVERAGE(E9:E32) -> 0.26916667 | F36: =AVERAGE(F9:F32) -> 4.675 | G36: =AVERAGE(G9:G32) -> 73.736667 | H36: =AVERAGE(H9:H32) -> 31.83 | I36: =AVERAGE(I9:I32) -> 1.54625 | ... Q36: =AVERAGE(Q9:Q32) -> 8.8720833
A37: Stdev | B37: =STDEV(B9:B32) -> 40.233785 | C37: =STDEV(C9:C32) -> 8.0767702 | D37: =STDEV(D9:D32) -> 35.17726 | E37: =STDEV(E9:E32) -> 0.10672666 | F37: =STDEV(F9:F32) -> 2.3586934 | G37: =STDEV(G9:G32) -> 28.004556 | H37: =STDEV(H9:H32) -> 7.3868314 | I37: =STDEV(I9:I32) -> 0.032007132 | ... Q37: =STDEV(Q9:Q32) -> 3.0442704
A38: Num | B38: =COUNT(B9:B32) -> 24 | C38: =COUNT(C9:C32) -> 24 | D38: =COUNT(D9:D32) -> 24 | E38: =COUNT(E9:E32) -> 24 | F38: =COUNT(F9:F32) -> 24 | G38: =COUNT(G9:G32) -> 24 | H38: =COUNT(H9:H32) -> 24 | I38: =COUNT(I9:I32) -> 24 | ... Q38: =COUNT(Q9:Q32) -> 24
A39: DCR | B39: =IF(B38>=22,">90%",IF(B38<=22,"<90%")) -> >90% | C39: =IF(C38>=22,">90%",IF(C38<=22,"<90%")) -> >90% | D39: =IF(D38>=22,">90%",IF(D38<=22,"<90%")) -> >90% | E39: =IF(E38>=22,">90%",IF(E38<=22,"<90%")) -> >90% | F39: =IF(F38>=22,">90%",IF(F38<=22,"<90%")) -> >90% | G39: =IF(G38>=22,">90%",IF(G38<=22,"<90%")) -> >90% | H39: =IF(H38>=22,">90%",IF(H38<=22,"<90%")) -> >90% | I39: =IF(I38>=22,">90%",IF(I38<=22,"<90%")) -> >90% | ... Q39: =IF(Q38>=22,">90%",IF(Q38<=22,"<90%")) -> >90%
A40: Status | B40: =IF(B38>=22,"OK",IF(B38<=22,"LESS")) -> OK | C40: =IF(C38>=22,"OK",IF(C38<=22,"LESS")) -> OK | D40: =IF(D38>=22,"OK",IF(D38<=22,"LESS")) -> OK | E40: =IF(E38>=22,"OK",IF(E38<=22,"LESS")) -> OK | F40: =IF(F38>=22,"OK",IF(F38<=22,"LESS")) -> OK | G40: =IF(G38>=22,"OK",IF(G38<=22,"LESS")) -> OK | H40: =IF(H38>=22,"OK",IF(H38<=22,"LESS")) -> OK | I40: =IF(I38>=22,"OK",IF(I38<=22,"LESS")) -> OK | ... Q40: =IF(Q38>=22,"OK",IF(Q38<=22,"LESS")) -> OK
A43: Done by | B43: RAHUL
A45: Comment

Sheet 14
A1: Station: | B1: BHATAGAON RAIPUR
A2: Date: | B2: =$A$9 -> 14-02-2024 01:00 | D2: Power Off | G2: Pw.Off | L2: Link Fail | N2: Link F | P2: Maintenance | R2: Maint.
A3: Report Type: | B3: Mean | D3: Calibration | G3: Calib. | L3: Data Fail | N3: Data F | P3: Invalid | R3: Invalid
A4: Time Base: | B4: 01 Hour | D4: Zero Referrence | G4: Z.Ref | L4: Warm Up | N4: Wm. Up
A7: Date & Time | B7: NO_BHATAGAON | C7: NO2_BHATAGAON | D7: NOX_BHATAGAON | E7: SO2_BHATAGAON | F7: O3_BHATAGAON | G7: PM10_BHATAGAON | H7: PM2_5_BHATAGAON | I7: BENZ_BHATAGAON | J7: WS_BHATAGAON | K7: WD_BHATAGAON | L7: TEMP_BHATAGAON | M7: HUM BHATAGAON | N7: SR_BHATAGAON | O7: RG_BHATAGAON | P7: CO_BHATAGAON | Q7: NH3_BHATAGAON
B8: ug/m3 | C8: ug/m3 | D8: ppb | E8: ug/m3 | F8: ug/m3 | G8: mg/m3 | H8: ug/m3 | I8: ug/m3 | J8: m/sec | K8: deg | L8: degreC | M8: % | N8: w/m2 | O8: mm | P8: ug/m3 | Q8: ug/m3
A9: 14-02-2024 01:00 | B9: 122.26 | C9: 72.48 | D9: 138.69 | E9: 0.47 | F9: 3.64 | G9: 124.86 | H9: 45.2 | I9: 1.54 | J9: 0.06 | K9: 337.02 | L9: 17.68 | M9: 96.3 | N9: 107.4 | O9: 0 | P9: 2.35 | Q9: 16.17
A10: 14-02-2024 02:00 | B10: 107.12 | C10: 69.55 | D10: 124.93 | E10: 0.44 | F10: 3.81 | G10: 107.37 | H10: 39.5 | I10: 1.53 | J10: 0.18 | K10: 307.9 | L10: 17.49 | M10: 86.74 | N10: 112.9 | O10: 0 | P10: 1.83 | Q10: 15.17
A11: 14-02-2024 03:00 | B11: 92.01 | C11: 63.75 | D11: 109.61 | E11: 0.38 | F11: 3.54 | G11: 97.77 | H11: 38.04 | I11: 1.55 | J11: 0.24 | K11: 320.93 | L11: 17.54 | M11: 92.5 | N11: 117.7 | O11: 0 | P11: 1.64 | Q11: 13.8
A12: 14-02-2024 04:00 | B12: 74.73 | C12: 59.83 | D12: 93.59 | E12: 0.35 | F12: 3.2 | G12: 78.39 | H12: 34.03 | I12: 1.59 | J12: 0.12 | K12: 354.65 | L12: 16.76 | M12: 97.96 | N12: 113.7 | O12: 0 | P12: 1.32 | Q12: 12.25
A13: 14-02-2024 05:00 | B13: 67.01 | C13: 58.05 | D13: 86.42 | E13: 0.32 | F13: 3.18 | G13: 75.28 | H13: 30.01 | I13: 1.52 | J13: 0.07 | K13: 218.18 | L13: 16.99 | M13: 97.5 | N13: 114.9 | O13: 0 | P13: 1.1 | Q13: 11.49
A14: 14-02-2024 06:00 | B14: 57.55 | C14: 56.23 | D14: 76.97 | E14: 0.27 | F14: 3.25 | G14: 72.02 | H14: 26.25 | I14: 1.61 | J14: 0.16 | K14: 240.99 | L14: 16.58 | M14: 100.3 | N14: 70.8 | O14: 0 | P14: 0.94 | Q14: 10.8
A15: 14-02-2024 07:00 | B15: 66.12 | C15: 58.98 | D15: 86.22 | E15: 0.35 | F15: 3.56 | G15: 70.64 | H15: 27.73 | I15: 1.52 | J15: 0.37 | K15: 336.09 | L15: 16.19 | M15: 100.33 | N15: 85.9 | O15: 0 | P15: 0.88 | Q15: 11.37
A16: 14-02-2024 08:00 | B16: 67.9 | C16: 60.88 | D16: 88.69 | E16: 0.32 | F16: 3.09 | G16: 81.22 | H16: 31.55 | I16: 1.54 | J16: 0.46 | K16: 354.51 | L16: 22.08 | M16: 98.44 | N16: 271.2 | O16: 0 | P16: 1.04 | Q16: 11.75
A17: 14-02-2024 09:00 | B17: 68.14 | C17: 63.88 | D17: 89.64 | E17: 0.33 | F17: 3.28 | G17: 98.96 | H17: 36.99 | I17: 1.6 | J17: 0.62 | K17: 348.67 | L17: 27.04 | M17: 56.36 | N17: 524.9 | O17: 0 | P17: 1.12 | Q17: 11.9
A18: 14-02-2024 10:00 | B18: 65.16 | C18: 66.54 | D18: 85.53 | E18: 0.28 | F18: 3.53 | G18: 115.11 | H18: 44.89 | I18: 1.51 | J18: 0.4 | K18: 340.86 | L18: 28.41 | M18: 53.15 | N18: 547.6 | O18: 0 | P18: 1.16 | Q18: 11.55
A19: 14-02-2024 11:00 | B19: 46.71 | C19: 71.28 | D19: 75.3 | E19: 0.25 | F19: 3.17 | G19: 115.11 | H19: 44.89 | I19: 1.53 | J19: 0.54 | K19: 337.13 | L19: 29.89 | M19: 50.61 | N19: 808.7 | O19: 0 | P19: 1.13 | Q19: 10.64
A20: 14-02-2024 12:00 | B20: 26.6 | C20: 73.88 | D20: 61.83 | E20: 0.23 | F20: 4.01 | G20: 94.8 | H20: 35.55 | I20: 1.56 | J20: 0.35 | K20: 328.23 | L20: 28.91 | M20: 37.89 | N20: 765.8 | O20: 0 | P20: 1.03 | Q20: 9.34
... A32: 14-02-2024 24:00 | B32: 172.34 | C32: 73.54 | D32: 179.27 | E32: 0.84 | F32: 3.28 | G32: 198.97 | H32: 59.87 | I32: 1.55 | J32: 0.14 | K32: 309.59 | L32: 19.01 | M32: 87.77 | N32: 22.1 | O32: 0 | P32: 2.61 | Q32: 19.44
A34: Min | B34: =MIN(B9:B32) -> 3.53 | C34: =MIN(C9:C32) -> 56.23 | D34: =MIN(D9:D32) -> 35.81 | E34: =MIN(E9:E32) -> 0.12 | F34: =MIN(F9:F32) -> 3.09 | G34: =MIN(G9:G32) -> 34.07 | H34: =MIN(H9:H32) -> 12.55 | I34: =MIN(I9:I32) -> 1.5 | ... Q34: =MIN(Q9:Q32) -> 6.3
A35: Max | B35: =MAX(B9:B32) -> 172.34 | C35: =MAX(C9:C32) -> 73.88 | D35: =MAX(D9:D32) -> 179.27 | E35: =MAX(E9:E32) -> 0.84 | F35: =MAX(F9:F32) -> 5.34 | G35: =MAX(G9:G32) -> 198.97 | H35: =MAX(H9:H32) -> 59.87 | I35: =MAX(I9:I32) -> 1.61 | ... Q35: =MAX(Q9:Q32) -> 19.44
A36: Avg | B36: =AVERAGE(B9:B32) -> 65.413333 | C36: =AVERAGE(C9:C32) -> 65.8075 | D36: =AVERAGE(D9:D32) -> 88.942083 | E36: =AVERAGE(E9:E32) -> 0.32916667 | F36: =AVERAGE(F9:F32) -> 3.7083333 | G36: =AVERAGE(G9:G32) -> 96.006667 | H36: =AVERAGE(H9:H32) -> 33.60125 | I36: =AVERAGE(I9:I32) -> 1.5483333 | ... Q36: =AVERAGE(Q9:Q32) -> 11.445833
A37: Stdev | B37: =STDEV(B9:B32) -> 49.576259 | C37: =STDEV(C9:C32) -> 5.6400565 | D37: =STDEV(D9:D32) -> 41.311394 | E37: =STDEV(E9:E32) -> 0.17616486 | F37: =STDEV(F9:F32) -> 0.67743549 | G37: =STDEV(G9:G32) -> 48.804665 | H37: =STDEV(H9:H32) -> 12.841443 | I37: =STDEV(I9:I32) -> 0.029733112 | ... Q37: =STDEV(Q9:Q32) -> 3.7333851
A38: Num | B38: =COUNT(B9:B32) -> 24 | C38: =COUNT(C9:C32) -> 24 | D38: =COUNT(D9:D32) -> 24 | E38: =COUNT(E9:E32) -> 24 | F38: =COUNT(F9:F32) -> 24 | G38: =COUNT(G9:G32) -> 24 | H38: =COUNT(H9:H32) -> 24 | I38: =COUNT(I9:I32) -> 24 | ... Q38: =COUNT(Q9:Q32) -> 24
A39: DCR | B39: =IF(B38>=22,">90%",IF(B38<=22,"<90%")) -> >90% | C39: =IF(C38>=22,">90%",IF(C38<=22,"<90%")) -> >90% | D39: =IF(D38>=22,">90%",IF(D38<=22,"<90%")) -> >90% | E39: =IF(E38>=22,">90%",IF(E38<=22,"<90%")) -> >90% | F39: =IF(F38>=22,">90%",IF(F38<=22,"<90%")) -> >90% | G39: =IF(G38>=22,">90%",IF(G38<=22,"<90%")) -> >90% | H39: =IF(H38>=22,">90%",IF(H38<=22,"<90%")) -> >90% | I39: =IF(I38>=22,">90%",IF(I38<=22,"<90%")) -> >90% | ... Q39: =IF(Q38>=22,">90%",IF(Q38<=22,"<90%")) -> >90%
A40: Status | B40: =IF(B38>=22,"OK",IF(B38<=22,"LESS")) -> OK | C40: =IF(C38>=22,"OK",IF(C38<=22,"LESS")) -> OK | D40: =IF(D38>=22,"OK",IF(D38<=22,"LESS")) -> OK | E40: =IF(E38>=22,"OK",IF(E38<=22,"LESS")) -> OK | F40: =IF(F38>=22,"OK",IF(F38<=22,"LESS")) -> OK | G40: =IF(G38>=22,"OK",IF(G38<=22,"LESS")) -> OK | H40: =IF(H38>=22,"OK",IF(H38<=22,"LESS")) -> OK | I40: =IF(I38>=22,"OK",IF(I38<=22,"LESS")) -> OK | ... Q40: =IF(Q38>=22,"OK",IF(Q38<=22,"LESS")) -> OK
A43: Done by | B43: RAHUL
A45: Comment

Sheet 15
A1: Station: | B1: BHATAGAON RAIPUR
A2: Date: | B2: =$A$9 -> 15-02-2024 01:00 | D2: Power Off | G2: Pw.Off | L2: Link Fail | N2: Link F | P2: Maintenance | R2: Maint.
A3: Report Type: | B3: Mean | D3: Calibration | G3: Calib. | L3: Data Fail | N3: Data F | P3: Invalid | R3: Invalid
A4: Time Base: | B4: 01 Hour | D4: Zero Referrence | G4: Z.Ref | L4: Warm Up | N4: Wm. Up
A7: Date & Time | B7: NO_BHATAGAON | C7: NO2_BHATAGAON | D7: NOX_BHATAGAON | E7: SO2_BHATAGAON | F7: O3_BHATAGAON | G7: PM10_BHATAGAON | H7: PM2_5_BHATAGAON | I7: BENZ_BHATAGAON | J7: WS_BHATAGAON | K7: WD_BHATAGAON | L7: TEMP_BHATAGAON | M7: HUM BHATAGAON | N7: SR_BHATAGAON | O7: RG_BHATAGAON | P7: CO_BHATAGAON | Q7: NH3_BHATAGAON
B8: ug/m3 | C8: ug/m3 | D8: ppb | E8: ug/m3 | F8: ug/m3 | G8: mg/m3 | H8: ug/m3 | I8: ug/m3 | J8: m/sec | K8: deg | L8: degreC | M8: % | N8: w/m2 | O8: mm | P8: ug/m3 | Q8: ug/m3
A9: 15-02-2024 01:00 | B9: 168.32 | C9: 74.81 | D9: 176.45 | E9: 0.56 | F9: 3.52 | G9: 147.97 | H9: 53.6 | I9: 1.55 | J9: 0.25 | K9: 309.17 | L9: 19.3 | M9: 86.68 | N9: 22 | O9: 0 | P9: 2.52 | Q9: 19.24
A10: 15-02-2024 02:00 | B10: 141.63 | C10: 78.47 | D10: 155.96 | E10: 0.55 | F10: 3.5 | G10: 64.31 | H10: 36.91 | I10: 1.63 | J10: 0.17 | K10: 359.79 | L10: 19 | M10: 80.72 | N10: 22.4 | O10: 0 | P10: 1.83 | Q10: 17.34
A11: 15-02-2024 03:00 | B11: 117.56 | C11: 80.4 | D11: 138.68 | E11: 0.6 | F11: 3.74 | G11: 56.75 | H11: 26.28 | I11: 1.56 | J11: 0.1 | K11: 263.31 | L11: 18.27 | M11: 82.25 | N11: 22.3 | O11: 0 | P11: 1.56 | Q11: 15.51
A12: 15-02-2024 04:00 | B12: 101.77 | C12: 74.71 | D12: 120.8 | E12: 0.21 | F12: 3.08 | G12: 65.68 | H12: 25.55 | I12: 1.56 | J12: 0.15 | K12: 321.56 | L12: 17.78 | M12: 87.42 | N12: 22.3 | O12: 0 | P12: 1.3 | Q12: 8.34
A13: 15-02-2024 05:00 | B13: 95.59 | C13: 71.41 | D13: 116.71 | E13: 0.46 | F13: 3.38 | G13: 86 | H13: 25.55 | I13: 1.53 | J13: 0.28 | K13: 342.22 | L13: 17.46 | M13: 91.11 | N13: 22.3 | O13: 0 | P13: 1.1 | Q13: 12.88
A14: 15-02-2024 06:00 | B14: 91.6 | C14: 66.34 | D14: 110.72 | E14: 0.45 | F14: 3.32 | G14: 88.74 | H14: 27.89 | I14: 1.52 | J14: 0.45 | K14: 354.92 | L14: 18.2 | M14: 93.09 | N14: 22.1 | O14: 0 | P14: 0.96 | Q14: 13.91
A15: 15-02-2024 07:00 | B15: 82.8 | C15: 69.47 | D15: 102.49 | E15: 0.52 | F15: 3.51 | G15: 118.69 | H15: 37.33 | I15: 1.6 | J15: 0.54 | K15: 353.33 | L15: 18.25 | M15: 93.79 | N15: 49.7 | O15: 0 | P15: 0.93 | Q15: 13.91
A16: 15-02-2024 08:00 | B16: 75.22 | C16: 73.53 | D16: 99.86 | E16: 0.66 | F16: 3.22 | G16: 118.69 | H16: 37.33 | I16: 1.55 | J16: 0.42 | K16: 349.52 | L16: 19.85 | M16: 89.5 | N16: 153.3 | O16: 0 | P16: 1.04 | Q16: 13.45
A17: 15-02-2024 09:00 | B17: 68.9 | C17: 79.43 | D17: 97.66 | E17: 0.51 | F17: 3.39 | G17: 94.76 | H17: 32.32 | I17: 1.5 | J17: 1.08 | K17: 103.71 | L17: 21.86 | M17: 76.96 | N17: 412.8 | O17: 0 | P17: 0.98 | Q17: 12.72
A18: 15-02-2024 10:00 | B18: 59.65 | C18: 82.46 | D18: 93.04 | E18: 0.6 | F18: 3.85 | G18: 68.23 | H18: 27.19 | I18: 1.55 | J18: 1.03 | K18: 353.73 | L18: 27.24 | M18: 69.56 | N18: 602.5 | O18: 0 | P18: 0.89 | Q18: 12.09
A19: 15-02-2024 11:00 | B19: 52.32 | C19: 85.63 | D19: 88.06 | E19: 0.16 | F19: 3.16 | G19: 70.18 | H19: 28.7 | I19: 1.54 | J19: 1.3 | K19: 350.34 | L19: 30.9 | M19: 48.75 | N19: 745 | O19: 0 | P19: 0.82 | Q19: 10.33
A20: 15-02-2024 12:00 | B20: 45.09 | C20: 81.17 | D20: 81.6 | E20: 0.19 | F20: 3.47 | G20: 70.41 | H20: 28.7 | I20: 1.53 | J20: 0.42 | K20: 344.96 | L20: 31.09 | M20: 46.13 | N20: 800.8 | O20: 0 | P20: 0.79 | Q20: 11.92
... A32: 15-02-2024 24:00 | B32: 37.19 | C32: 101.4 | D32: 85.89 | E32: 0.93 | F32: 3.49 | G32: 98.7 | H32: 37.75 | I32: 1.53 | J32: 0.97 | K32: 353.07 | L32: 21.59 | M32: 73.21 | N32: 120 | O32: 0 | P32: 1.68 | Q32: 0.52
A34: Min | B34: =MIN(B9:B32) -> 8.49 | C34: =MIN(C9:C32) -> 66.34 | D34: =MIN(D9:D32) -> 58.44 | E34: =MIN(E9:E32) -> 0 | F34: =MIN(F9:F32) -> 2.91 | G34: =MIN(G9:G32) -> 56.75 | H34: =MIN(H9:H32) -> 23.89 | I34: =MIN(I9:I32) -> 1.49 | ... Q34: =MIN(Q9:Q32) -> 0.52
A35: Max | B35: =MAX(B9:B32) -> 168.32 | C35: =MAX(C9:C32) -> 132.47 | D35: =MAX(D9:D32) -> 176.45 | E35: =MAX(E9:E32) -> 0.97 | F35: =MAX(F9:F32) -> 4.78 | G35: =MAX(G9:G32) -> 147.97 | H35: =MAX(H9:H32) -> 53.6 | I35: =MAX(I9:I32) -> 1.63 | ... Q35: =MAX(Q9:Q32) -> 30.69
A36: Avg | B36: =AVERAGE(B9:B32) -> 57.432083 | C36: =AVERAGE(C9:C32) -> 88.374167 | D36: =AVERAGE(D9:D32) -> 94.210417 | E36: =AVERAGE(E9:E32) -> 0.50958333 | F36: =AVERAGE(F9:F32) -> 3.5404167 | G36: =AVERAGE(G9:G32) -> 86.900417 | H36: =AVERAGE(H9:H32) -> 31.594167 | I36: =AVERAGE(I9:I32) -> 1.5441667 | ... Q36: =AVERAGE(Q9:Q32) -> 12.022917
A37: Stdev | B37: =STDEV(B9:B32) -> 43.828103 | C37: =STDEV(C9:C32) -> 16.093386 | D37: =STDEV(D9:D32) -> 30.043574 | E37: =STDEV(E9:E32) -> 0.25587835 | F37: =STDEV(F9:F32) -> 0.38579651 | G37: =STDEV(G9:G32) -> 23.161303 | H37: =STDEV(H9:H32) -> 6.6891209 | I37: =STDEV(I9:I32) -> 0.030348221 | ... Q37: =STDEV(Q9:Q32) -> 5.502275
A38: Num | B38: =COUNT(B9:B32) -> 24 | C38: =COUNT(C9:C32) -> 24 | D38: =COUNT(D9:D32) -> 24 | E38: =COUNT(E9:E32) -> 24 | F38: =COUNT(F9:F32) -> 24 | G38: =COUNT(G9:G32) -> 24 | H38: =COUNT(H9:H32) -> 24 | I38: =COUNT(I9:I32) -> 24 | ... Q38: =COUNT(Q9:Q32) -> 24
A39: DCR | B39: =IF(B38>=22,">90%",IF(B38<=22,"<90%")) -> >90% | C39: =IF(C38>=22,">90%",IF(C38<=22,"<90%")) -> >90% | D39: =IF(D38>=22,">90%",IF(D38<=22,"<90%")) -> >90% | E39: =IF(E38>=22,">90%",IF(E38<=22,"<90%")) -> >90% | F39: =IF(F38>=22,">90%",IF(F38<=22,"<90%")) -> >90% | G39: =IF(G38>=22,">90%",IF(G38<=22,"<90%")) -> >90% | H39: =IF(H38>=22,">90%",IF(H38<=22,"<90%")) -> >90% | I39: =IF(I38>=22,">90%",IF(I38<=22,"<90%")) -> >90% | ... Q39: =IF(Q38>=22,">90%",IF(Q38<=22,"<90%")) -> >90%
A40: Status | B40: =IF(B38>=22,"OK",IF(B38<=22,"LESS")) -> OK | C40: =IF(C38>=22,"OK",IF(C38<=22,"LESS")) -> OK | D40: =IF(D38>=22,"OK",IF(D38<=22,"LESS")) -> OK | E40: =IF(E38>=22,"OK",IF(E38<=22,"LESS")) -> OK | F40: =IF(F38>=22,"OK",IF(F38<=22,"LESS")) -> OK | G40: =IF(G38>=22,"OK",IF(G38<=22,"LESS")) -> OK | H40: =IF(H38>=22,"OK",IF(H38<=22,"LESS")) -> OK | I40: =IF(I38>=22,"OK",IF(I38<=22,"LESS")) -> OK | ... Q40: =IF(Q38>=22,"OK",IF(Q38<=22,"LESS")) -> OK
A43: Done by | B43: RAHUL
A45: Comment

Sheet 16
A1: Station: | B1: BHATAGAON RAIPUR
A2: Date: | B2: =$A$9 -> 16-02-2024 01:00 | D2: Power Off | G2: Pw.Off | L2: Link Fail | N2: Link F | P2: Maintenance | R2: Maint.
A3: Report Type: | B3: Mean | D3: Calibration | G3: Calib. | L3: Data Fail | N3: Data F | P3: Invalid | R3: Invalid
A4: Time Base: | B4: 01 Hour | D4: Zero Referrence | G4: Z.Ref | L4: Warm Up | N4: Wm. Up
A7: Date & Time | B7: NO_BHATAGAON | C7: NO2_BHATAGAON | D7: NOX_BHATAGAON | E7: SO2_BHATAGAON | F7: O3_BHATAGAON | G7: PM10_BHATAGAON | H7: PM2_5_BHATAGAON | I7: BENZ_BHATAGAON | J7: WS_BHATAGAON | K7: WD_BHATAGAON | L7: TEMP_BHATAGAON | M7: HUM BHATAGAON | N7: SR_BHATAGAON | O7: RG_BHATAGAON | P7: CO_BHATAGAON | Q7: NH3_BHATAGAON
B8: ug/m3 | C8: ug/m3 | D8: ppb | E8: ug/m3 | F8: ug/m3 | G8: mg/m3 | H8: ug/m3 | I8: ug/m3 | J8: m/sec | K8: deg | L8: degreC | M8: % | N8: w/m2 | O8: mm | P8: ug/m3 | Q8: ug/m3
A9: 16-02-2024 01:00 | B9: 31.47 | C9: 86.92 | D9: 73.43 | E9: 0.18 | F9: 3.06 | G9: 84.44 | H9: 35.72 | I9: 1.6 | J9: 0.25 | K9: 25.27 | L9: 20.94 | M9: 78.93 | N9: 99.1 | O9: 0 | P9: 1.4 | Q9: 6.21
A10: 16-02-2024 02:00 | B10: 29.34 | C10: 81.58 | D10: 69.19 | E10: 0.2 | F10: 3.43 | G10: 73.06 | H10: 34.3 | I10: 1.58 | J10: 0.61 | K10: 357.31 | L10: 20.19 | M10: 82.65 | N10: 89.8 | O10: 0 | P10: 1.13 | Q10: 7.71
A11: 16-02-2024 03:00 | B11: 25.95 | C11: 71.75 | D11: 61.05 | E11: 0.14 | F11: 3.44 | G11: 69.39 | H11: 31.49 | I11: 1.46 | J11: 0.91 | K11: 349.21 | L11: 19.58 | M11: 81.78 | N11: 92.9 | O11: 0 | P11: 1 | Q11: 6.27
A12: 16-02-2024 04:00 | B12: 21.94 | C12: 72.71 | D12: 56.81 | E12: 0.24 | F12: 3.78 | G12: 59.04 | H12: 28.61 | I12: 1.59 | J12: 0.87 | K12: 356.25 | L12: 19.48 | M12: 82.02 | N12: 137.4 | O12: 0 | P12: 0.84 | Q12: 5.21
A13: 16-02-2024 05:00 | B13: 19.43 | C13: 74.38 | D13: 57.28 | E13: 0.4 | F13: 3.27 | G13: 53.1 | H13: 26.98 | I13: 1.56 | J13: 1.28 | K13: 109.16 | L13: 19.1 | M13: 86.15 | N13: 129 | O13: 0 | P13: 0.72 | Q13: 5.21
A14: 16-02-2024 06:00 | B14: 21.71 | C14: 78.73 | D14: 61.51 | E14: 0.58 | F14: 3.34 | G14: 56.38 | H14: 24.94 | I14: 1.53 | J14: 0.68 | K14: 353.31 | L14: 18.6 | M14: 86.25 | N14: 221.8 | O14: 0 | P14: 0.62 | Q14: 5.21
A15: 16-02-2024 07:00 | B15: 23.42 | C15: 81.53 | D15: 64.42 | E15: 0.59 | F15: 3.65 | G15: 59.21 | H15: 26.77 | I15: 1.52 | J15: 0.77 | K15: 357.68 | L15: 18.81 | M15: 85.58 | N15: 114.9 | O15: 0 | P15: 0.56 | Q15: 0.94
A16: 16-02-2024 08:00 | B16: 30.08 | C16: 75.02 | D16: 65.71 | E16: 0.16 | F16: 3.09 | G16: 64.18 | H16: 29.59 | I16: 1.51 | J16: 0.72 | K16: 351.14 | L16: 20.55 | M16: 85.85 | N16: 256.6 | O16: 0 | P16: 0.61 | Q16: 5.59
A17: 16-02-2024 09:00 | B17: 31.95 | C17: 72.14 | D17: 65.27 | E17: 0.34 | F17: 3.35 | G17: 67.84 | H17: 29.59 | I17: 1.52 | J17: 0.95 | K17: 357.28 | L17: 22.2 | M17: 73.3 | N17: 423.6 | O17: 0 | P17: 0.63 | Q17: 6.42
A18: 16-02-2024 10:00 | B18: 31.88 | C18: 68.36 | D18: 63.43 | E18: 0.37 | F18: 3.62 | G18: 71.07 | H18: 33.2 | I18: 1.53 | J18: 0.79 | K18: 104.84 | L18: 24.54 | M18: 66.01 | N18: 595.5 | O18: 0 | P18: 0.65 | Q18: 6.03
A19: 16-02-2024 11:00 | B19: 28.43 | C19: 85.64 | D19: 63 | E19: 0.9 | F19: 4.73 | G19: 71.07 | H19: 33.2 | I19: 1.5 | J19: 0.7 | K19: 89.92 | L19: 28.38 | M19: 53.5 | N19: 696.3 | O19: 0 | P19: 0.74 | Q19: 6.01
A20: 16-02-2024 12:00 | B20: 6.52 | C20: 90.4 | D20: 55.76 | E20: 0.88 | F20: 7.19 | G20: 62.27 | H20: 29.34 | I20: 1.53 | J20: 1.3 | K20: 124.02 | L20: 27.31 | M20: 52.15 | N20: 772 | O20: 0 | P20: 0.73 | Q20: 5.21
... A32: 16-02-2024 24:00 | B32: 40.78 | C32: 66.99 | D32: 70.23 | E32: 0.26 | F32: 3.39 | G32: 134.12 | H32: 53.1 | I32: 1.52 | J32: 0.54 | K32: 358.97 | L32: 20.51 | M32: 90.42 | N32: 35.4 | O32: 0 | P32: 1.37 | Q32: 8.39
A34: Min | B34: =MIN(B9:B32) -> 2.64 | C34: =MIN(C9:C32) -> 62.74 | D34: =MIN(D9:D32) -> 37.88 | E34: =MIN(E9:E32) -> 0.09 | F34: =MIN(F9:F32) -> 3.06 | G34: =MIN(G9:G32) -> 53.1 | H34: =MIN(H9:H32) -> 24.94 | I34: =MIN(I9:I32) -> 1.46 | ... Q34: =MIN(Q9:Q32) -> 0.94
A35: Max | B35: =MAX(B9:B32) -> 40.78 | C35: =MAX(C9:C32) -> 90.4 | D35: =MAX(D9:D32) -> 73.43 | E35: =MAX(E9:E32) -> 0.9 | F35: =MAX(F9:F32) -> 11.99 | G35: =MAX(G9:G32) -> 140.25 | H35: =MAX(H9:H32) -> 54.83 | I35: =MAX(I9:I32) -> 1.6 | ... Q35: =MAX(Q9:Q32) -> 8.39
A36: Avg | B36: =AVERAGE(B9:B32) -> 20.2175 | C36: =AVERAGE(C9:C32) -> 74.335833 | D36: =AVERAGE(D9:D32) -> 57.175 | E36: =AVERAGE(E9:E32) -> 0.33333333 | F36: =AVERAGE(F9:F32) -> 4.3733333 | G36: =AVERAGE(G9:G32) -> 81.674167 | H36: =AVERAGE(H9:H32) -> 34.9825 | I36: =AVERAGE(I9:I32) -> 1.5366667 | ... Q36: =AVERAGE(Q9:Q32) -> 5.67125
A37: Stdev | B37: =STDEV(B9:B32) -> 12.19288 | C37: =STDEV(C9:C32) -> 7.188345 | D37: =STDEV(D9:D32) -> 10.078879 | E37: =STDEV(E9:E32) -> 0.22534354 | F37: =STDEV(F9:F32) -> 1.9728366 | G37: =STDEV(G9:G32) -> 28.531719 | H37: =STDEV(H9:H32) -> 9.4944786 | I37: =STDEV(I9:I32) -> 0.034599154 | ... Q37: =STDEV(Q9:Q32) -> 1.3759876
A38: Num | B38: =COUNT(B9:B32) -> 24 | C38: =COUNT(C9:C32) -> 24 | D38: =COUNT(D9:D32) -> 24 | E38: =COUNT(E9:E32) -> 24 | F38: =COUNT(F9:F32) -> 24 | G38: =COUNT(G9:G32) -> 24 | H38: =COUNT(H9:H32) -> 24 | I38: =COUNT(I9:I32) -> 24 | ... Q38: =COUNT(Q9:Q32) -> 24
A39: DCR | B39: =IF(B38>=22,">90%",IF(B38<=22,"<90%")) -> >90% | C39: =IF(C38>=22,">90%",IF(C38<=22,"<90%")) -> >90% | D39: =IF(D38>=22,">90%",IF(D38<=22,"<90%")) -> >90% | E39: =IF(E38>=22,">90%",IF(E38<=22,"<90%")) -> >90% | F39: =IF(F38>=22,">90%",IF(F38<=22,"<90%")) -> >90% | G39: =IF(G38>=22,">90%",IF(G38<=22,"<90%")) -> >90% | H39: =IF(H38>=22,">90%",IF(H38<=22,"<90%")) -> >90% | I39: =IF(I38>=22,">90%",IF(I38<=22,"<90%")) -> >90% | ... Q39: =IF(Q38>=22,">90%",IF(Q38<=22,"<90%")) -> >90%
A40: Status | B40: =IF(B38>=22,"OK",IF(B38<=22,"LESS")) -> OK | C40: =IF(C38>=22,"OK",IF(C38<=22,"LESS")) -> OK | D40: =IF(D38>=22,"OK",IF(D38<=22,"LESS")) -> OK | E40: =IF(E38>=22,"OK",IF(E38<=22,"LESS")) -> OK | F40: =IF(F38>=22,"OK",IF(F38<=22,"LESS")) -> OK | G40: =IF(G38>=22,"OK",IF(G38<=22,"LESS")) -> OK | H40: =IF(H38>=22,"OK",IF(H38<=22,"LESS")) -> OK | I40: =IF(I38>=22,"OK",IF(I38<=22,"LESS")) -> OK | ... Q40: =IF(Q38>=22,"OK",IF(Q38<=22,"LESS")) -> OK
A43: Done by | B43: RAHUL
A45: Comment

Sheet 17
A1: Station: | B1: BHATAGAON RAIPUR
A2: Date: | B2: =$A$9 -> 17-02-2024 01:00 | D2: Power Off | G2: Pw.Off | L2: Link Fail | N2: Link F | P2: Maintenance | R2: Maint.
A3: Report Type: | B3: Mean | D3: Calibration | G3: Calib. | L3: Data Fail | N3: Data F | P3: Invalid | R3: Invalid
A4: Time Base: | B4: 01 Hour | D4: Zero Referrence | G4: Z.Ref | L4: Warm Up | N4: Wm. Up
A7: Date & Time | B7: NO_BHATAGAON | C7: NO2_BHATAGAON | D7: NOX_BHATAGAON | E7: SO2_BHATAGAON | F7: O3_BHATAGAON | G7: PM10_BHATAGAON | H7: PM2_5_BHATAGAON | I7: BENZ_BHATAGAON | J7: WS_BHATAGAON | K7: WD_BHATAGAON | L7: TEMP_BHATAGAON | M7: HUM BHATAGAON | N7: SR_BHATAGAON | O7: RG_BHATAGAON | P7: CO_BHATAGAON | Q7: NH3_BHATAGAON
B8: ug/m3 | C8: ug/m3 | D8: ppb | E8: ug/m3 | F8: ug/m3 | G8: mg/m3 | H8: ug/m3 | I8: ug/m3 | J8: m/sec | K8: deg | L8: degreC | M8: % | N8: w/m2 | O8: mm | P8: ug/m3 | Q8: ug/m3
A9: 17-02-2024 01:00 | B9: 40.1 | C9: 66.18 | D9: 69.32 | E9: 0.3 | F9: 3.32 | G9: 131.01 | H9: 53.1 | I9: 1.54 | J9: 0.22 | K9: 221.51 | L9: 20.04 | M9: 92.42 | N9: 36.4 | O9: 0 | P9: 1.33 | Q9: 8.45
A10: 17-02-2024 02:00 | B10: 37.81 | C10: 63.62 | D10: 65.73 | E10: 0.3 | F10: 3.58 | G10: 128.47 | H10: 48.14 | I10: 1.58 | J10: 0.23 | K10: 354.24 | L10: 19.26 | M10: 98.7 | N10: 36.6 | O10: 0 | P10: 1.24 | Q10: 8.23
A11: 17-02-2024 03:00 | B11: 37.82 | C11: 61.8 | D11: 64.95 | E11: 0.32 | F11: 3.47 | G11: 119.93 | H11: 52.69 | I11: 1.51 | J11: 0.58 | K11: 340.73 | L11: 18.58 | M11: 98.7 | N11: 37.2 | O11: 0 | P11: 1.18 | Q11: 7.64
A12: 17-02-2024 04:00 | B12: 36.7 | C12: 61.3 | D12: 63.84 | E12: 0.23 | F12: 3.36 | G12: 137.72 | H12: 63.12 | I12: 1.54 | J12: 0.14 | K12: 74.23 | L12: 18.94 | M12: 96.23 | N12: 37.3 | O12: 0 | P12: 1.16 | Q12: 7.58
A13: 17-02-2024 05:00 | B13: 35.98 | C13: 61.72 | D13: 63.1 | E13: 0.28 | F13: 3.51 | G13: 137.72 | H13: 63.12 | I13: 1.56 | J13: 0.19 | K13: 358.14 | L13: 19.09 | M13: 83.66 | N13: 37.6 | O13: 0 | P13: 1.12 | Q13: 7.98
A14: 17-02-2024 06:00 | B14: 33.46 | C14: 61.89 | D14: 61.63 | E14: 0.27 | F14: 3.62 | G14: 117.14 | H14: 49.93 | I14: 1.58 | J14: 0.26 | K14: 100.67 | L14: 18.91 | M14: 79.52 | N14: 38.4 | O14: 0 | P14: 1 | Q14: 7.96
A15: 17-02-2024 07:00 | B15: 32.37 | C15: 62.5 | D15: 61.07 | E15: 0.27 | F15: 3.41 | G15: 87.64 | H15: 40.06 | I15: 1.57 | J15: 0.46 | K15: 338.95 | L15: 18.6 | M15: 83.43 | N15: 71.7 | O15: 0 | P15: 0.89 | Q15: 7.77
A16: 17-02-2024 08:00 | B16: 32.02 | C16: 62.84 | D16: 60.66 | E16: 0.29 | F16: 3.49 | G16: 81.98 | H16: 33.79 | I16: 1.54 | J16: 0.82 | K16: 152.99 | L16: 20.71 | M16: 80.45 | N16: 262.9 | O16: 0 | P16: 0.8 | Q16: 7.54
A17: 17-02-2024 09:00 | B17: 31.26 | C17: 61.95 | D17: 59.9 | E17: 0.34 | F17: 3.73 | G17: 76.67 | H17: 33.44 | I17: 1.51 | J17: 1.24 | K17: 105 | L17: 22.82 | M17: 59.47 | N17: 420.6 | O17: 0 | P17: 0.76 | Q17: 6.64
A18: 17-02-2024 10:00 | B18: 27.91 | C18: 61.99 | D18: 56.76 | E18: 0.33 | F18: 3.61 | G18: 67.97 | H18: 28.55 | I18: 1.62 | J18: 0.89 | K18: 111.52 | L18: 26.12 | M18: 50.46 | N18: 591.4 | O18: 0 | P18: 0.7 | Q18: 5.83
A19: 17-02-2024 11:00 | B19: 25.38 | C19: 89.36 | D19: 62.66 | E19: 0.35 | F19: 4.59 | G19: 63.6 | H19: 28.55 | I19: 1.54 | J19: 0.74 | K19: 355.72 | L19: 32.52 | M19: 43.97 | N19: 702.4 | O19: 0 | P19: 0.79 | Q19: 7.56
A20: 17-02-2024 12:00 | B20: 9.75 | C20: 86.35 | D20: 56.12 | E20: 0.29 | F20: 5.64 | G20: 60.77 | H20: 27.81 | I20: 1.5 | J20: 0.91 | K20: 336.79 | L20: 31.76 | M20: 36.66 | N20: 751 | O20: 0 | P20: 0.76 | Q20: 6.75
... A32: 17-02-2024 24:00 | B32: 51.37 | C32: 55.22 | D32: 71.76 | E32: 0.29 | F32: 3.33 | G32: 93.3 | H32: 35.22 | I32: 1.53 | J32: 0.09 | K32: 307.38 | L32: 20.58 | M32: 76.01 | N32: 23.1 | O32: 0 | P32: 1.38 | Q32: 8.46
A34: Min | B34: =MIN(B9:B32) -> 1.46 | C34: =MIN(C9:C32) -> 54.15 | D34: =MIN(D9:D32) -> 32.03 | E34: =MIN(E9:E32) -> 0.2 | F34: =MIN(F9:F32) -> 3.1 | G34: =MIN(G9:G32) -> 45.61 | H34: =MIN(H9:H32) -> 21.44 | I34: =MIN(I9:I32) -> 1.5 | ... Q34: =MIN(Q9:Q32) -> 5.21
A35: Max | B35: =MAX(B9:B32) -> 51.37 | C35: =MAX(C9:C32) -> 89.36 | D35: =MAX(D9:D32) -> 73.1 | E35: =MAX(E9:E32) -> 1.23 | F35: =MAX(F9:F32) -> 46.43 | G35: =MAX(G9:G32) -> 158.8 | H35: =MAX(H9:H32) -> 63.12 | I35: =MAX(I9:I32) -> 1.62 | ... Q35: =MAX(Q9:Q32) -> 8.46
A36: Avg | B36: =AVERAGE(B9:B32) -> 27.404167 | C36: =AVERAGE(C9:C32) -> 63.356667 | D36: =AVERAGE(D9:D32) -> 57.080417 | E36: =AVERAGE(E9:E32) -> 0.34458333 | F36: =AVERAGE(F9:F32) -> 8.3 | G36: =AVERAGE(G9:G32) -> 95.574167 | H36: =AVERAGE(H9:H32) -> 36.795417 | I36: =AVERAGE(I9:I32) -> 1.5483333 | ... Q36: =AVERAGE(Q9:Q32) -> 6.9625
A37: Stdev | B37: =STDEV(B9:B32) -> 17.263682 | C37: =STDEV(C9:C32) -> 8.5857924 | D37: =STDEV(D9:D32) -> 13.33865 | E37: =STDEV(E9:E32) -> 0.20508703 | F37: =STDEV(F9:F32) -> 11.319926 | G37: =STDEV(G9:G32) -> 32.894366 | H37: =STDEV(H9:H32) -> 11.964181 | I37: =STDEV(I9:I32) -> 0.032526466 | ... Q37: =STDEV(Q9:Q32) -> 1.3005292
A38: Num | B38: =COUNT(B9:B32) -> 24 | C38: =COUNT(C9:C32) -> 24 | D38: =COUNT(D9:D32) -> 24 | E38: =COUNT(E9:E32) -> 24 | F38: =COUNT(F9:F32) -> 24 | G38: =COUNT(G9:G32) -> 24 | H38: =COUNT(H9:H32) -> 24 | I38: =COUNT(I9:I32) -> 24 | ... Q38: =COUNT(Q9:Q32) -> 24
A39: DCR | B39: =IF(B38>=22,">90%",IF(B38<=22,"<90%")) -> >90% | C39: =IF(C38>=22,">90%",IF(C38<=22,"<90%")) -> >90% | D39: =IF(D38>=22,">90%",IF(D38<=22,"<90%")) -> >90% | E39: =IF(E38>=22,">90%",IF(E38<=22,"<90%")) -> >90% | F39: =IF(F38>=22,">90%",IF(F38<=22,"<90%")) -> >90% | G39: =IF(G38>=22,">90%",IF(G38<=22,"<90%")) -> >90% | H39: =IF(H38>=22,">90%",IF(H38<=22,"<90%")) -> >90% | I39: =IF(I38>=22,">90%",IF(I38<=22,"<90%")) -> >90% | ... Q39: =IF(Q38>=22,">90%",IF(Q38<=22,"<90%")) -> >90%
A40: Status | B40: =IF(B38>=22,"OK",IF(B38<=22,"LESS")) -> OK | C40: =IF(C38>=22,"OK",IF(C38<=22,"LESS")) -> OK | D40: =IF(D38>=22,"OK",IF(D38<=22,"LESS")) -> OK | E40: =IF(E38>=22,"OK",IF(E38<=22,"LESS")) -> OK | F40: =IF(F38>=22,"OK",IF(F38<=22,"LESS")) -> OK | G40: =IF(G38>=22,"OK",IF(G38<=22,"LESS")) -> OK | H40: =IF(H38>=22,"OK",IF(H38<=22,"LESS")) -> OK | I40: =IF(I38>=22,"OK",IF(I38<=22,"LESS")) -> OK | ... Q40: =IF(Q38>=22,"OK",IF(Q38<=22,"LESS")) -> OK
A43: Done by | B43: RAHUL
A45: Comment

Sheet 18
A1: Station: | B1: BHATAGAON RAIPUR
A2: Date: | B2: =$A$9 -> 18-02-2024 01:00 | D2: Power Off | G2: Pw.Off | L2: Link Fail | N2: Link F | P2: Maintenance | R2: Maint.
A3: Report Type: | B3: Mean | D3: Calibration | G3: Calib. | L3: Data Fail | N3: Data F | P3: Invalid | R3: Invalid
A4: Time Base: | B4: 01 Hour | D4: Zero Referrence | G4: Z.Ref | L4: Warm Up | N4: Wm. Up
A7: Date & Time | B7: NO_BHATAGAON | C7: NO2_BHATAGAON | D7: NOX_BHATAGAON | E7: SO2_BHATAGAON | F7: O3_BHATAGAON | G7: PM10_BHATAGAON | H7: PM2_5_BHATAGAON | I7: BENZ_BHATAGAON | J7: WS_BHATAGAON | K7: WD_BHATAGAON | L7: TEMP_BHATAGAON | M7: HUM BHATAGAON | N7: SR_BHATAGAON | O7: RG_BHATAGAON | P7: CO_BHATAGAON | Q7: NH3_BHATAGAON
B8: ug/m3 | C8: ug/m3 | D8: ppb | E8: ug/m3 | F8: ug/m3 | G8: mg/m3 | H8: ug/m3 | I8: ug/m3 | J8: m/sec | K8: deg | L8: degreC | M8: % | N8: w/m2 | O8: mm | P8: ug/m3 | Q8: ug/m3
A9: 18-02-2024 01:00 | B9: 53.82 | C9: 53.55 | D9: 72.98 | E9: 0.23 | F9: 3.12 | G9: 97.26 | H9: 35.22 | I9: 1.49 | J9: 0.14 | K9: 348.53 | L9: 20.63 | M9: 79.58 | N9: 23 | O9: 0 | P9: 1.34 | Q9: 8.59
A10: 18-02-2024 02:00 | B10: 53.57 | C10: 51.67 | D10: 72.12 | E10: 0.26 | F10: 3.26 | G10: 97.26 | H10: 33.24 | I10: 1.56 | J10: 0.42 | K10: 243.93 | L10: 20.83 | M10: 75.82 | N10: 23.2 | O10: 0 | P10: 1.22 | Q10: 8.6
A11: 18-02-2024 03:00 | B11: 48.81 | C11: 49.77 | D11: 67.25 | E11: 0.22 | F11: 3.37 | G11: 75 | H11: 32.77 | I11: 1.55 | J11: 0.45 | K11: 190.01 | L11: 20.27 | M11: 79.82 | N11: 23.4 | O11: 0 | P11: 1.17 | Q11: 8.25
A12: 18-02-2024 04:00 | B12: 44.52 | C12: 48.54 | D12: 63.14 | E12: 0.24 | F12: 3.25 | G12: 79.26 | H12: 31.51 | I12: 1.55 | J12: 0.11 | K12: 328.45 | L12: 19.37 | M12: 86.81 | N12: 23.2 | O12: 0 | P12: 1.1 | Q12: 7.9
A13: 18-02-2024 05:00 | B13: 42.13 | C13: 47.71 | D13: 60.72 | E13: 0.25 | F13: 3.7 | G13: 79.26 | H13: 31.51 | I13: 1.52 | J13: 0.35 | K13: 205.73 | L13: 19.44 | M13: 84.39 | N13: 23.3 | O13: 0 | P13: 1.04 | Q13: 7.7
A14: 18-02-2024 06:00 | B14: 38.28 | C14: 47.25 | D14: 57.3 | E14: 0.31 | F14: 3.78 | G14: 78.58 | H14: 31.09 | I14: 1.53 | J14: 0.16 | K14: 226.66 | L14: 19.26 | M14: 87.15 | N14: 23.3 | O14: 0 | P14: 0.98 | Q14: 7.44
A15: 18-02-2024 07:00 | B15: 42.13 | C15: 48.08 | D15: 60.76 | E15: 0.28 | F15: 3.39 | G15: 82.18 | H15: 31.96 | I15: 1.51 | J15: 0.22 | K15: 217.93 | L15: 19.73 | M15: 84.9 | N15: 44.4 | O15: 0 | P15: 0.94 | Q15: 7.59
A16: 18-02-2024 08:00 | B16: 42.32 | C16: 48.45 | D16: 60.83 | E16: 0.35 | F16: 3.33 | G16: 84.9 | H16: 34.44 | I16: 1.55 | J16: 0.45 | K16: 174.47 | L16: 20.42 | M16: 80.23 | N16: 152.6 | O16: 0 | P16: 0.95 | Q16: 7.63
A17: 18-02-2024 09:00 | B17: 38.82 | C17: 49.47 | D17: 58.46 | E17: 0.19 | F17: 3.52 | G17: 84.9 | H17: 34.44 | I17: 1.56 | J17: 0.73 | K17: 170.61 | L17: 21.23 | M17: 76.58 | N17: 233.2 | O17: 0 | P17: 0.93 | Q17: 7.6
A18: 18-02-2024 10:00 | B18: 30.72 | C18: 51.47 | D18: 52.63 | E18: 0.18 | F18: 3.36 | G18: 71.92 | H18: 32.45 | I18: 1.51 | J18: 1 | K18: 342.76 | L18: 26.18 | M18: 72.1 | N18: 476 | O18: 0 | P18: 0.87 | Q18: 7.08
A19: 18-02-2024 11:00 | B19: 22.59 | C19: 57.03 | D19: 48.07 | E19: 0.18 | F19: 4.92 | G19: 84.27 | H19: 33.31 | I19: 1.5 | J19: 0.57 | K19: 347 | L19: 30.52 | M19: 48.83 | N19: 573.8 | O19: 0 | P19: 0.88 | Q19: 5.55
A20: 18-02-2024 12:00 | B20: 6.66 | C20: 70.02 | D20: 44.63 | E20: 0.57 | F20: 32.82 | G20: 85.42 | H20: 36.83 | I20: 1.6 | J20: 0.97 | K20: 323.63 | L20: 30.06 | M20: 43.61 | N20: 708.6 | O20: 0 | P20: 0.95 | Q20: 5.21
... A32: 18-02-2024 24:00 | B32: 87.55 | C32: 38.85 | D32: 91.86 | E32: 0.34 | F32: 3.15 | G32: 118.73 | H32: 37.86 | I32: 1.52 | J32: 0.18 | K32: 344.6 | L32: 20.3 | M32: 77.82 | N32: 21 | O32: 0 | P32: 1.69 | Q32: 9.1
A34: Min | B34: =MIN(B9:B32) -> 1.05 | C34: =MIN(C9:C32) -> 30.69 | D34: =MIN(D9:D32) -> 21.88 | E34: =MIN(E9:E32) -> 0.14 | F34: =MIN(F9:F32) -> 3.12 | G34: =MIN(G9:G32) -> 49.21 | H34: =MIN(H9:H32) -> 24.98 | I34: =MIN(I9:I32) -> 1.49 | ... Q34: =MIN(Q9:Q32) -> 5.21
A35: Max | B35: =MAX(B9:B32) -> 87.55 | C35: =MAX(C9:C32) -> 70.02 | D35: =MAX(D9:D32) -> 91.86 | E35: =MAX(E9:E32) -> 3.66 | F35: =MAX(F9:F32) -> 73.9 | G35: =MAX(G9:G32) -> 119.18 | H35: =MAX(H9:H32) -> 38.44 | I35: =MAX(I9:I32) -> 1.6 | ... Q35: =MAX(Q9:Q32) -> 9.1
A36: Avg | B36: =AVERAGE(B9:B32) -> 33.997083 | C36: =AVERAGE(C9:C32) -> 45.94125 | D36: =AVERAGE(D9:D32) -> 52.884583 | E36: =AVERAGE(E9:E32) -> 0.565 | F36: =AVERAGE(F9:F32) -> 15.580833 | G36: =AVERAGE(G9:G32) -> 84.2175 | H36: =AVERAGE(H9:H32) -> 33.609583 | I36: =AVERAGE(I9:I32) -> 1.5445833 | ... Q36: =AVERAGE(Q9:Q32) -> 6.7841667
A37: Stdev | B37: =STDEV(B9:B32) -> 26.392933 | C37: =STDEV(C9:C32) -> 9.3623865 | D37: =STDEV(D9:D32) -> 21.220524 | E37: =STDEV(E9:E32) -> 0.78729587 | F37: =STDEV(F9:F32) -> 22.5891 | G37: =STDEV(G9:G32) -> 19.426055 | H37: =STDEV(H9:H32) -> 3.4773209 | I37: =STDEV(I9:I32) -> 0.027343097 | ... Q37: =STDEV(Q9:Q32) -> 1.4383986
A38: Num | B38: =COUNT(B9:B32) -> 24 | C38: =COUNT(C9:C32) -> 24 | D38: =COUNT(D9:D32) -> 24 | E38: =COUNT(E9:E32) -> 24 | F38: =COUNT(F9:F32) -> 24 | G38: =COUNT(G9:G32) -> 24 | H38: =COUNT(H9:H32) -> 24 | I38: =COUNT(I9:I32) -> 24 | ... Q38: =COUNT(Q9:Q32) -> 24
A39: DCR | B39: =IF(B38>=22,">90%",IF(B38<=22,"<90%")) -> >90% | C39: =IF(C38>=22,">90%",IF(C38<=22,"<90%")) -> >90% | D39: =IF(D38>=22,">90%",IF(D38<=22,"<90%")) -> >90% | E39: =IF(E38>=22,">90%",IF(E38<=22,"<90%")) -> >90% | F39: =IF(F38>=22,">90%",IF(F38<=22,"<90%")) -> >90% | G39: =IF(G38>=22,">90%",IF(G38<=22,"<90%")) -> >90% | H39: =IF(H38>=22,">90%",IF(H38<=22,"<90%")) -> >90% | I39: =IF(I38>=22,">90%",IF(I38<=22,"<90%")) -> >90% | ... Q39: =IF(Q38>=22,">90%",IF(Q38<=22,"<90%")) -> >90%
A40: Status | B40: =IF(B38>=22,"OK",IF(B38<=22,"LESS")) -> OK | C40: =IF(C38>=22,"OK",IF(C38<=22,"LESS")) -> OK | D40: =IF(D38>=22,"OK",IF(D38<=22,"LESS")) -> OK | E40: =IF(E38>=22,"OK",IF(E38<=22,"LESS")) -> OK | F40: =IF(F38>=22,"OK",IF(F38<=22,"LESS")) -> OK | G40: =IF(G38>=22,"OK",IF(G38<=22,"LESS")) -> OK | H40: =IF(H38>=22,"OK",IF(H38<=22,"LESS")) -> OK | I40: =IF(I38>=22,"OK",IF(I38<=22,"LESS")) -> OK | ... Q40: =IF(Q38>=22,"OK",IF(Q38<=22,"LESS")) -> OK
A43: Done by | B43: RAHUL
A45: Comment

Sheet 19
A1: Station: | B1: BHATAGAON RAIPUR
A2: Date: | B2: =$A$9 -> 19-02-2024 01:00 | D2: Power Off | G2: Pw.Off | L2: Link Fail | N2: Link F | P2: Maintenance | R2: Maint.
A3: Report Type: | B3: Mean | D3: Calibration | G3: Calib. | L3: Data Fail | N3: Data F | P3: Invalid | R3: Invalid
A4: Time Base: | B4: 01 Hour | D4: Zero Referrence | G4: Z.Ref | L4: Warm Up | N4: Wm. Up
A7: Date & Time | B7: NO_BHATAGAON | C7: NO2_BHATAGAON | D7: NOX_BHATAGAON | E7: SO2_BHATAGAON | F7: O3_BHATAGAON | G7: PM10_BHATAGAON | H7: PM2_5_BHATAGAON | I7: BENZ_BHATAGAON | J7: WS_BHATAGAON | K7: WD_BHATAGAON | L7: TEMP_BHATAGAON | M7: HUM BHATAGAON | N7: SR_BHATAGAON | O7: RG_BHATAGAON | P7: CO_BHATAGAON | Q7: NH3_BHATAGAON
B8: ug/m3 | C8: ug/m3 | D8: ppb | E8: ug/m3 | F8: ug/m3 | G8: mg/m3 | H8: ug/m3 | I8: ug/m3 | J8: m/sec | K8: deg | L8: degreC | M8: % | N8: w/m2 | O8: mm | P8: ug/m3 | Q8: ug/m3
A9: 19-02-2024 01:00 | B9: 86.72 | C9: 37.81 | D9: 90.94 | E9: 0.34 | F9: 3.19 | G9: 118.73 | H9: 37.86 | I9: 1.58 | J9: 0.34 | K9: 222.14 | L9: 20.63 | M9: 72.35 | N9: 20.8 | O9: 0 | P9: 1.67 | Q9: 9.14
A10: 19-02-2024 02:00 | B10: 69.68 | C10: 39.26 | D10: 76.68 | E10: 0.33 | F10: 3.21 | G10: 102.66 | H10: 31.47 | I10: 1.54 | J10: 0.52 | K10: 175.11 | L10: 19.99 | M10: 68.63 | N10: 20.8 | O10: 0 | P10: 1.3 | Q10: 8.15
A11: 19-02-2024 03:00 | B11: 54.63 | C11: 39.56 | D11: 66.28 | E11: 0.29 | F11: 4.03 | G11: 75.26 | H11: 29.62 | I11: 1.53 | J11: 0.29 | K11: 357.87 | L11: 19.45 | M11: 85.94 | N11: 21.3 | O11: 0 | P11: 1.16 | Q11: 7.08
A12: 19-02-2024 04:00 | B12: 47.98 | C12: 36.7 | D12: 59.36 | E12: 0.25 | F12: 3.72 | G12: 57.59 | H12: 26.8 | I12: 1.6 | J12: 0.48 | K12: 338.08 | L12: 19.25 | M12: 82.83 | N12: 20.9 | O12: 0 | P12: 1.02 | Q12: 6.65
A13: 19-02-2024 05:00 | B13: 41.14 | C13: 33.54 | D13: 52.15 | E13: 0.22 | F13: 3.23 | G13: 67.29 | H13: 26.13 | I13: 1.5 | J13: 0.48 | K13: 146.21 | L13: 19.5 | M13: 82.76 | N13: 20.8 | O13: 0 | P13: 0.93 | Q13: 6.1
A14: 19-02-2024 06:00 | B14: 37.26 | C14: 32.99 | D14: 48.54 | E14: 0.15 | F14: 3.04 | G14: 100.95 | H14: 35.42 | I14: 1.57 | J14: 0.52 | K14: 345.98 | L14: 19.58 | M14: 80.41 | N14: 21.3 | O14: 0 | P14: 0.94 | Q14: 5.3
A15: 19-02-2024 07:00 | B15: 38.89 | C15: 33.51 | D15: 50.01 | E15: 0.16 | F15: 3.41 | G15: 142.15 | H15: 44.92 | I15: 1.56 | J15: 0.87 | K15: 112.23 | L15: 19.53 | M15: 78.71 | N15: 41.3 | O15: 0 | P15: 0.97 | Q15: 5.47
A16: 19-02-2024 08:00 | B16: 40.76 | C16: 34.38 | D16: 52.21 | E16: 0.15 | F16: 3.27 | G16: 142.15 | H16: 46.35 | I16: 1.51 | J16: 0.78 | K16: 110.35 | L16: 21 | M16: 77.68 | N16: 117.1 | O16: 0 | P16: 1.06 | Q16: 6.12
A17: 19-02-2024 09:00 | B17: 43.53 | C17: 38.45 | D17: 56.77 | E17: 0.3 | F17: 3.38 | G17: 143.84 | H17: 46.35 | I17: 1.56 | J17: 0.34 | K17: 342.98 | L17: 24.78 | M17: 66.5 | N17: 208.6 | O17: 0 | P17: 1.17 | Q17: 6.36
A18: 19-02-2024 10:00 | B18: 43.34 | C18: 46.27 | D18: 57.61 | E18: 0.34 | F18: 3.22 | G18: 152.26 | H18: 56.19 | I18: 1.52 | J18: 0.37 | K18: 353.94 | L18: 29.11 | M18: 52.38 | N18: 448.7 | O18: 0 | P18: 1.29 | Q18: 6.41
A19: 19-02-2024 11:00 | B19: 35.87 | C19: 69.74 | D19: 56.17 | E19: 0.31 | F19: 9.36 | G19: 152.26 | H19: 56.19 | I19: 1.5 | J19: 0.64 | K19: 334.83 | L19: 32.16 | M19: 39.79 | N19: 706 | O19: 0 | P19: 1.32 | Q19: 6.28
A20: 19-02-2024 12:00 | B20: 4.75 | C20: 70.52 | D20: 43.37 | E20: 0.2 | F20: 17.04 | G20: 132.25 | H20: 52.73 | I20: 1.56 | J20: 0.25 | K20: 349.89 | L20: 30.17 | M20: 35.01 | N20: 743.6 | O20: 0 | P20: 1.05 | Q20: 5.21
... A32: 19-02-2024 24:00 | B32: 70.56 | C32: 48.96 | D32: 84.25 | E32: 0.47 | F32: 3.47 | G32: 139.4 | H32: 37.94 | I32: 1.54 | J32: 0.98 | K32: 295.28 | L32: 21.24 | M32: 79.79 | N32: 20.9 | O32: 0 | P32: 1.83 | Q32: 9.03
A34: Min | B34: =MIN(B9:B32) -> 1.93 | C34: =MIN(C9:C32) -> 32.99 | D34: =MIN(D9:D32) -> 24.85 | E34: =MIN(E9:E32) -> 0.08 | F34: =MIN(F9:F32) -> 3.04 | G34: =MIN(G9:G32) -> 50.38 | H34: =MIN(H9:H32) -> 23.28 | I34: =MIN(I9:I32) -> 1.47 | ... Q34: =MIN(Q9:Q32) -> 5.21
A35: Max | B35: =MAX(B9:B32) -> 86.72 | C35: =MAX(C9:C32) -> 70.52 | D35: =MAX(D9:D32) -> 91.4 | E35: =MAX(E9:E32) -> 0.47 | F35: =MAX(F9:F32) -> 17.04 | G35: =MAX(G9:G32) -> 152.26 | H35: =MAX(H9:H32) -> 56.19 | I35: =MAX(I9:I32) -> 1.6 | ... Q35: =MAX(Q9:Q32) -> 9.37
A36: Avg | B36: =AVERAGE(B9:B32) -> 36.238333 | C36: =AVERAGE(C9:C32) -> 46.89375 | D36: =AVERAGE(D9:D32) -> 54.72 | E36: =AVERAGE(E9:E32) -> 0.27666667 | F36: =AVERAGE(F9:F32) -> 5.5004167 | G36: =AVERAGE(G9:G32) -> 104.63875 | H36: =AVERAGE(H9:H32) -> 35.862083 | I36: =AVERAGE(I9:I32) -> 1.5333333 | ... Q36: =AVERAGE(Q9:Q32) -> 6.4120833
A37: Stdev | B37: =STDEV(B9:B32) -> 26.519729 | C37: =STDEV(C9:C32) -> 10.680506 | D37: =STDEV(D9:D32) -> 19.737407 | E37: =STDEV(E9:E32) -> 0.11138131 | F37: =STDEV(F9:F32) -> 3.7119214 | G37: =STDEV(G9:G32) -> 36.077631 | H37: =STDEV(H9:H32) -> 10.334341 | I37: =STDEV(I9:I32) -> 0.032925036 | ... Q37: =STDEV(Q9:Q32) -> 1.3932258
A38: Num | B38: =COUNT(B9:B32) -> 24 | C38: =COUNT(C9:C32) -> 24 | D38: =COUNT(D9:D32) -> 24 | E38: =COUNT(E9:E32) -> 24 | F38: =COUNT(F9:F32) -> 24 | G38: =COUNT(G9:G32) -> 24 | H38: =COUNT(H9:H32) -> 24 | I38: =COUNT(I9:I32) -> 24 | ... Q38: =COUNT(Q9:Q32) -> 24
A39: DCR | B39: =IF(B38>=22,">90%",IF(B38<=22,"<90%")) -> >90% | C39: =IF(C38>=22,">90%",IF(C38<=22,"<90%")) -> >90% | D39: =IF(D38>=22,">90%",IF(D38<=22,"<90%")) -> >90% | E39: =IF(E38>=22,">90%",IF(E38<=22,"<90%")) -> >90% | F39: =IF(F38>=22,">90%",IF(F38<=22,"<90%")) -> >90% | G39: =IF(G38>=22,">90%",IF(G38<=22,"<90%")) -> >90% | H39: =IF(H38>=22,">90%",IF(H38<=22,"<90%")) -> >90% | I39: =IF(I38>=22,">90%",IF(I38<=22,"<90%")) -> >90% | ... Q39: =IF(Q38>=22,">90%",IF(Q38<=22,"<90%")) -> >90%
A40: Status | B40: =IF(B38>=22,"OK",IF(B38<=22,"LESS")) -> OK | C40: =IF(C38>=22,"OK",IF(C38<=22,"LESS")) -> OK | D40: =IF(D38>=22,"OK",IF(D38<=22,"LESS")) -> OK | E40: =IF(E38>=22,"OK",IF(E38<=22,"LESS")) -> OK | F40: =IF(F38>=22,"OK",IF(F38<=22,"LESS")) -> OK | G40: =IF(G38>=22,"OK",IF(G38<=22,"LESS")) -> OK | H40: =IF(H38>=22,"OK",IF(H38<=22,"LESS")) -> OK | I40: =IF(I38>=22,"OK",IF(I38<=22,"LESS")) -> OK | ... Q40: =IF(Q38>=22,"OK",IF(Q38<=22,"LESS")) -> OK
A43: Done by | B43: RAHUL
A45: Comment

Sheet 20
A1: Station: | B1: BHATAGAON RAIPUR
A2: Date: | B2: =$A$9 -> 20-02-2024 01:00 | D2: Power Off | G2: Pw.Off | L2: Link Fail | N2: Link F | P2: Maintenance | R2: Maint.
A3: Report Type: | B3: Mean | D3: Calibration | G3: Calib. | L3: Data Fail | N3: Data F | P3: Invalid | R3: Invalid
A4: Time Base: | B4: 01 Hour | D4: Zero Referrence | G4: Z.Ref | L4: Warm Up | N4: Wm. Up
A7: Date & Time | B7: NO_BHATAGAON | C7: NO2_BHATAGAON | D7: NOX_BHATAGAON | E7: SO2_BHATAGAON | F7: O3_BHATAGAON | G7: PM10_BHATAGAON | H7: PM2_5_BHATAGAON | I7: BENZ_BHATAGAON | J7: WS_BHATAGAON | K7: WD_BHATAGAON | L7: TEMP_BHATAGAON | M7: HUM BHATAGAON | N7: SR_BHATAGAON | O7: RG_BHATAGAON | P7: CO_BHATAGAON | Q7: NH3_BHATAGAON
B8: ug/m3 | C8: ug/m3 | D8: ppb | E8: ug/m3 | F8: ug/m3 | G8: mg/m3 | H8: ug/m3 | I8: ug/m3 | J8: m/sec | K8: deg | L8: degreC | M8: % | N8: w/m2 | O8: mm | P8: ug/m3 | Q8: ug/m3
A9: 20-02-2024 01:00 | B9: 55.17 | C9: 48.29 | D9: 71.54 | E9: 0.27 | F9: 3.85 | G9: 95.28 | H9: 35.58 | I9: 1.52 | J9: 0.55 | K9: 326.21 | L9: 21.23 | M9: 81.96 | N9: 21.2 | O9: 0 | P9: 1.56 | Q9: 8.09
A10: 20-02-2024 02:00 | B10: 43.97 | C10: 43.87 | D10: 60.12 | E10: 0.28 | F10: 3.56 | G10: 64.92 | H10: 30.03 | I10: 1.54 | J10: 0.28 | K10: 314.51 | L10: 20.52 | M10: 85.27 | N10: 21.1 | O10: 0 | P10: 1.34 | Q10: 7.03
A11: 20-02-2024 03:00 | B11: 39.47 | C11: 41.65 | D11: 55.21 | E11: 0.28 | F11: 3.6 | G11: 64.92 | H11: 30.03 | I11: 1.52 | J11: 0.22 | K11: 180.89 | L11: 20.74 | M11: 78.59 | N11: 21.4 | O11: 0 | P11: 1.26 | Q11: 6.63
A12: 20-02-2024 04:00 | B12: 31.67 | C12: 42.38 | D12: 49.14 | E12: 0.27 | F12: 3.44 | G12: 45.52 | H12: 26.69 | I12: 1.52 | J12: 0.26 | K12: 164.6 | L12: 20.27 | M12: 77.95 | N12: 21.3 | O12: 0 | P12: 1.11 | Q12: 5.23
A13: 20-02-2024 05:00 | B13: 24.18 | C13: 43.79 | D13: 43.61 | E13: 0.23 | F13: 3.62 | G13: 44.13 | H13: 24.66 | I13: 1.52 | J13: 0.35 | K13: 327.74 | L13: 19.66 | M13: 72.38 | N13: 21.2 | O13: 0 | P13: 0.95 | Q13: 5.21
A14: 20-02-2024 06:00 | B14: 20.07 | C14: 43.65 | D14: 40.34 | E14: 0.26 | F14: 3.73 | G14: 31.16 | H14: 18.27 | I14: 1.55 | J14: 0.1 | K14: 333.69 | L14: 19.53 | M14: 65.38 | N14: 21.4 | O14: 0 | P14: 0.8 | Q14: 5.21
A15: 20-02-2024 07:00 | B15: 29.8 | C15: 42.36 | D15: 47.92 | E15: 0.29 | F15: 3.48 | G15: 57.45 | H15: 17.89 | I15: 1.49 | J15: 0.09 | K15: 260.44 | L15: 18.83 | M15: 73.64 | N15: 53.5 | O15: 0 | P15: 0.73 | Q15: 5.21
A16: 20-02-2024 08:00 | B16: 39.49 | C16: 50.49 | D16: 59.74 | E16: 0.3 | F16: 3.49 | G16: 80.7 | H16: 25.82 | I16: 1.61 | J16: 0.15 | K16: 339.81 | L16: 24.1 | M16: 70.18 | N16: 232 | O16: 0 | P16: 0.76 | Q16: 6.77
A17: 20-02-2024 09:00 | B17: 37.91 | C17: 60.18 | D17: 60.54 | E17: 0.1 | F17: 3.49 | G17: 80.7 | H17: 25.82 | I17: 1.57 | J17: 0.25 | K17: 25.93 | L17: 25.39 | M17: 49.06 | N17: 410.3 | O17: 0 | P17: 0.76 | Q17: 6.81
A18: 20-02-2024 10:00 | B18: 21.33 | C18: 63.64 | D18: 51.6 | E18: 0.04 | F18: 4.46 | G18: 74.74 | H18: 35.65 | I18: 1.54 | J18: 0.31 | K18: 33.9 | L18: 25.66 | M18: 41.9 | N18: 471.4 | O18: 0 | P18: 0.67 | Q18: 5.21
A19: 20-02-2024 11:00 | B19: 4.76 | C19: 58.4 | D19: 36.69 | E19: 0.02 | F19: 6.26 | G19: 61.33 | H19: 35.65 | I19: 1.56 | J19: 0.35 | K19: 32.97 | L19: 29.96 | M19: 36.02 | N19: 753.6 | O19: 0 | P19: 0.5 | Q19: 5.21
A20: 20-02-2024 12:00 | B20: 1.91 | C20: 52.73 | D20: 31.28 | E20: 0.06 | F20: 8.01 | G20: Maint. | H20: Maint. | I20: 1.58 | J20: 0.42 | K20: 24.57 | L20: 30.81 | M20: 30.17 | N20: 790.7 | O20: 0 | P20: 0.39 | Q20: 5.21
A21: 20-02-2024 13:00 | B21: 1.9 | C21: 55.15 | D21: 32.6 | E21: 0.13 | F21: 7.8 | G21: Maint. | H21: Maint. | I21: 1.57 | J21: 1.04 | K21: 346.54 | L21: 33.41 | M21: 30.24 | N21: 799.9 | O21: 0 | P21: 0.45 | Q21: 5.21
A22: 20-02-2024 14:00 | B22: 2.39 | C22: 55.53 | D22: 33.04 | E22: 0.16 | F22: 5.97 | G22: Maint. | H22: Maint. | I22: 1.48 | J22: 1.17 | K22: 329.12 | L22: 34.25 | M22: 21.89 | N22: 785.7 | O22: 0 | P22: 0.5 | Q22: 5.21
A23: 20-02-2024 15:00 | B23: 2.5 | C23: 52.84 | D23: 31.71 | E23: 0.1 | F23: 6.02 | G23: Maint. | H23: Maint. | I23: 1.53 | J23: 1.15 | K23: 331.74 | L23: 34.01 | M23: 21.64 | N23: 636.8 | O23: 0 | P23: 0.45 | Q23: 5.21
A24: 20-02-2024 16:00 | B24: 2.46 | C24: 49.99 | D24: 30.15 | E24: 0.09 | F24: 5.66 | G24: 36.43 | H24: 19.15 | I24: 1.55 | J24: 0.71 | K24: 333.93 | L24: 32.07 | M24: 22.87 | N24: 310.8 | O24: 0 | P24: 0.41 | Q24: 5.21
A25: 20-02-2024 17:00 | B25: 3.16 | C25: 49.54 | D25: 30.46 | E25: 0.16 | F25: 5.55 | G25: 34.4 | H25: 13.3 | I25: 1.48 | J25: 1.16 | K25: 320.7 | L25: 29.95 | M25: 24.47 | N25: 152.4 | O25: 0 | P25: 0.4 | Q25: 5.21
A26: 20-02-2024 18:00 | B26: 4.92 | C26: 51.35 | D26: 32.93 | E26: 0.1 | F26: 4.34 | G26: 30.63 | H26: 14.23 | I26: 1.51 | J26: 0.86 | K26: 342.86 | L26: 28.31 | M26: 37.74 | N26: 59.6 | O26: 0 | P26: 0.45 | Q26: 5.21
A27: 20-02-2024 19:00 | B27: 8.18 | C27: 54.01 | D27: 37.01 | E27: 0.14 | F27: 3.55 | G27: 36.56 | H27: 17.44 | I27: 1.56 | J27: 0.35 | K27: 344.75 | L27: 25.53 | M27: 38.61 | N27: 23.4 | O27: 0 | P27: 0.57 | Q27: 5.21
A28: 20-02-2024 20:00 | B28: 14.37 | C28: 53.12 | D28: 41.19 | E28: 0.1 | F28: 3.67 | G28: 44.35 | H28: 17.44 | I28: 1.54 | J28: 0.22 | K28: 319 | L28: 24.77 | M28: 36.23 | N28: 23.6 | O28: 0 | P28: 0.84 | Q28: 5.21
A29: 20-02-2024 21:00 | B29: 22.37 | C29: 52.24 | D29: 47.3 | E29: 0.15 | F29: 3.49 | G29: 62.31 | H29: 21.88 | I29: 1.52 | J29: 0.16 | K29: 281.62 | L29: 23.47 | M29: 38.22 | N29: 23.6 | O29: 0 | P29: 0.93 | Q29: 5.21
A30: 20-02-2024 22:00 | B30: 51.05 | C30: 57.77 | D30: 73.46 | E30: 0.21 | F30: 3.38 | G30: 81.57 | H30: 32.28 | I30: 1.57 | J30: 0.21 | K30: 296.12 | L30: 22.49 | M30: 51.86 | N30: 23.9 | O30: 0 | P30: 1.11 | Q30: 7.49
A31: 20-02-2024 23:00 | B31: 68.75 | C31: 59.15 | D31: 88 | E31: 0.22 | F31: 3.21 | G31: 94.09 | H31: 32.5 | I31: 1.53 | J31: 0.42 | K31: 349.49 | L31: 21.1 | M31: 58.09 | N31: 23.6 | O31: 0 | P31: 1.29 | Q31: 9.1
A32: 20-02-2024 24:00 | B32: 66.03 | C32: 57.43 | D32: 85.29 | E32: 0.26 | F32: 3.11 | G32: 94.09 | H32: 32.5 | I32: 1.55 | J32: 0.88 | K32: 344.21 | L32: 21.36 | M32: 57.19 | N32: 24 | O32: 0 | P32: 1.24 | Q32: 9.16
A34: Min | B34: =MIN(B9:B32) -> 1.9 | C34: =MIN(C9:C32) -> 41.65 | D34: =MIN(D9:D32) -> 30.15 | E34: =MIN(E9:E32) -> 0.02 | F34: =MIN(F9:F32) -> 3.11 | G34: =MIN(G9:G32) -> 30.63 | H34: =MIN(H9:H32) -> 13.3 | I34: =MIN(I9:I32) -> 1.48 | ... Q34: =MIN(Q9:Q32) -> 5.21
A35: Max | B35: =MAX(B9:B32) -> 68.75 | C35: =MAX(C9:C32) -> 63.64 | D35: =MAX(D9:D32) -> 88 | E35: =MAX(E9:E32) -> 0.3 | F35: =MAX(F9:F32) -> 8.01 | G35: =MAX(G9:G32) -> 95.28 | H35: =MAX(H9:H32) -> 35.65 | I35: =MAX(I9:I32) -> 1.61 | ... Q35: =MAX(Q9:Q32) -> 9.16
A36: Avg | B36: =AVERAGE(B9:B32) -> 24.90875 | C36: =AVERAGE(C9:C32) -> 51.647917 | D36: =AVERAGE(D9:D32) -> 48.78625 | E36: =AVERAGE(E9:E32) -> 0.17583333 | F36: =AVERAGE(F9:F32) -> 4.4475 | G36: =AVERAGE(G9:G32) -> 60.764 | H36: =AVERAGE(H9:H32) -> 25.3405 | I36: =AVERAGE(I9:I32) -> 1.5379167 | ... Q36: =AVERAGE(Q9:Q32) -> 6.0191667
A37: Stdev | B37: =STDEV(B9:B32) -> 21.389705 | C37: =STDEV(C9:C32) -> 6.2750008 | D37: =STDEV(D9:D32) -> 17.344398 | E37: =STDEV(E9:E32) -> 0.088264261 | F37: =STDEV(F9:F32) -> 1.4497054 | G37: =STDEV(G9:G32) -> 22.147739 | H37: =STDEV(H9:H32) -> 7.4828622 | I37: =STDEV(I9:I32) -> 0.031619912 | ... Q37: =STDEV(Q9:Q32) -> 1.2994344
A38: Num | B38: =COUNT(B9:B32) -> 24 | C38: =COUNT(C9:C32) -> 24 | D38: =COUNT(D9:D32) -> 24 | E38: =COUNT(E9:E32) -> 24 | F38: =COUNT(F9:F32) -> 24 | G38: =COUNT(G9:G32)+4 -> 24 | H38: =COUNT(H9:H32)+4 -> 24 | I38: =COUNT(I9:I32) -> 24 | J38: =COUNT(J9:J32) -> 24 | K38: =COUNT(K9:K32) -> 24 | L38: =COUNT(L9:L32) -> 24 | M38: =COUNT(M9:M32) -> 24 | N38: =COUNT(N9:N32) -> 24 | O38: =COUNT(O9:O32) -> 24 | P38: =COUNT(P9:P32) -> 24 | Q38: =COUNT(Q9:Q32) -> 24
A39: DCR | B39: =IF(B38>=22,">90%",IF(B38<=22,"<90%")) -> >90% | C39: =IF(C38>=22,">90%",IF(C38<=22,"<90%")) -> >90% | D39: =IF(D38>=22,">90%",IF(D38<=22,"<90%")) -> >90% | E39: =IF(E38>=22,">90%",IF(E38<=22,"<90%")) -> >90% | F39: =IF(F38>=22,">90%",IF(F38<=22,"<90%")) -> >90% | G39: =IF(G38>=22,">90%",IF(G38<=22,"<90%")) -> >90% | H39: =IF(H38>=22,">90%",IF(H38<=22,"<90%")) -> >90% | I39: =IF(I38>=22,">90%",IF(I38<=22,"<90%")) -> >90% | ... Q39: =IF(Q38>=22,">90%",IF(Q38<=22,"<90%")) -> >90%
A40: Status | B40: =IF(B38>=22,"OK",IF(B38<=22,"LESS")) -> OK | C40: =IF(C38>=22,"OK",IF(C38<=22,"LESS")) -> OK | D40: =IF(D38>=22,"OK",IF(D38<=22,"LESS")) -> OK | E40: =IF(E38>=22,"OK",IF(E38<=22,"LESS")) -> OK | F40: =IF(F38>=22,"OK",IF(F38<=22,"LESS")) -> OK | G40: =IF(G38>=22,"OK",IF(G38<=22,"LESS")) -> OK | H40: =IF(H38>=22,"OK",IF(H38<=22,"LESS")) -> OK | I40: =IF(I38>=22,"OK",IF(I38<=22,"LESS")) -> OK | ... Q40: =IF(Q38>=22,"OK",IF(Q38<=22,"LESS")) -> OK
A43: Done by | B43: RAHUL
A45: Comment

Sheet 21
A1: Station: | B1: BHATAGAON RAIPUR
A2: Date: | B2: =$A$9 -> 21-02-2024 01:00 | D2: Power Off | G2: Pw.Off | L2: Link Fail | N2: Link F | P2: Maintenance | R2: Maint.
A3: Report Type: | B3: Mean | D3: Calibration | G3: Calib. | L3: Data Fail | N3: Data F | P3: Invalid | R3: Invalid
A4: Time Base: | B4: 01 Hour | D4: Zero Referrence | G4: Z.Ref | L4: Warm Up | N4: Wm. Up
A7: Date & Time | B7: NO_BHATAGAON | C7: NO2_BHATAGAON | D7: NOX_BHATAGAON | E7: SO2_BHATAGAON | F7: O3_BHATAGAON | G7: PM10_BHATAGAON | H7: PM2_5_BHATAGAON | I7: BENZ_BHATAGAON | J7: WS_BHATAGAON | K7: WD_BHATAGAON | L7: TEMP_BHATAGAON | M7: HUM BHATAGAON | N7: SR_BHATAGAON | O7: RG_BHATAGAON | P7: CO_BHATAGAON | Q7: NH3_BHATAGAON
B8: ug/m3 | C8: ug/m3 | D8: ppb | E8: ug/m3 | F8: ug/m3 | G8: mg/m3 | H8: ug/m3 | I8: ug/m3 | J8: m/sec | K8: deg | L8: degreC | M8: % | N8: w/m2 | O8: mm | P8: ug/m3 | Q8: ug/m3
A9: 21-02-2024 01:00 | B9: 55.71 | C9: 51.94 | D9: 73.99 | E9: 0.12 | F9: 3.31 | G9: 73.56 | H9: 26.82 | I9: 1.54 | J9: 0.1 | K9: 301.39 | L9: 20.37 | M9: 60.45 | N9: 23.4 | O9: 0 | P9: 1.12 | Q9: 8.17
A10: 21-02-2024 02:00 | B10: 48.82 | C10: 49.73 | D10: 67.24 | E10: 0.17 | F10: 3.44 | G10: 60.26 | H10: 20.66 | I10: 1.57 | J10: 0.15 | K10: 311.25 | L10: 19.63 | M10: 67.21 | N10: 23.7 | O10: 0 | P10: 0.9 | Q10: 7.84
A11: 21-02-2024 03:00 | B11: 39.15 | C11: 48.45 | D11: 58.18 | E11: 0.13 | F11: 3.23 | G11: 45.5 | H11: 24.61 | I11: 1.5 | J11: 0.13 | K11: 304.92 | L11: 18.95 | M11: 70.85 | N11: 23.6 | O11: 0 | P11: 0.83 | Q11: 7.16
A12: 21-02-2024 04:00 | B12: 30.87 | C12: 48.88 | D12: 51.91 | E12: 0.13 | F12: 3.24 | G12: 42.75 | H12: 24.61 | I12: 1.54 | J12: 0.18 | K12: 308.45 | L12: 19.78 | M12: 62.42 | N12: 23.7 | O12: 0 | P12: 0.73 | Q12: 5.6
A13: 21-02-2024 05:00 | B13: 23.06 | C13: 47.32 | D13: 44.89 | E13: 0.21 | F13: 3.29 | G13: 42.75 | H13: 17.5 | I13: 1.57 | J13: 0.14 | K13: 328.78 | L13: 19.36 | M13: 67.72 | N13: 23.6 | O13: 0 | P13: 0.62 | Q13: 5.21
A14: 21-02-2024 06:00 | B14: 24.96 | C14: 48.52 | D14: 47.44 | E14: 0.25 | F14: 3.35 | G14: 52.49 | H14: 20 | I14: 1.54 | J14: 0.23 | K14: 210.38 | L14: 18.38 | M14: 70.81 | N14: 23.4 | O14: 0 | P14: 0.58 | Q14: 5.21
A15: 21-02-2024 07:00 | B15: 25.78 | C15: 48.42 | D15: 47.9 | E15: 0.23 | F15: 3.45 | G15: 55.19 | H15: 20.59 | I15: 1.54 | J15: 0.28 | K15: 248.06 | L15: 18.22 | M15: 72.84 | N15: 59.1 | O15: 0 | P15: 0.56 | Q15: 5.21
A16: 21-02-2024 08:00 | B16: 24.73 | C16: 49.72 | D16: 47.23 | E16: 0.27 | F16: 3.28 | G16: 55.97 | H16: 20.59 | I16: 1.57 | J16: 0.31 | K16: 349.01 | L16: 22.2 | M16: 67.19 | N16: 256.6 | O16: 0 | P16: 0.62 | Q16: 5.21
A17: 21-02-2024 09:00 | B17: 18.11 | C17: 52.13 | D17: 42.84 | E17: 0.07 | F17: 3.65 | G17: 55.97 | H17: 18.63 | I17: 1.57 | J17: 0.04 | K17: 251.15 | L17: 24.33 | M17: 54.29 | N17: 474.6 | O17: 0 | P17: 0.6 | Q17: 5.21
A18: 21-02-2024 10:00 | B18: 7.76 | C18: 53.5 | D18: 35.96 | E18: 0.14 | F18: 6.88 | G18: 51.9 | H18: 15.35 | I18: 1.54 | J18: 0.35 | K18: 30.25 | L18: 28.15 | M18: 44.73 | N18: 666.9 | O18: 0 | P18: 0.53 | Q18: 5.21
A19: 21-02-2024 11:00 | B19: 1.7 | C19: 51.39 | D19: 30.27 | E19: 0.23 | F19: 14.47 | G19: 51.9 | H19: 15.35 | I19: 1.52 | J19: 0.48 | K19: 40.09 | L19: 30.57 | M19: 34.54 | N19: 784.5 | O19: 0 | P19: 0.42 | Q19: 5.21
A20: 21-02-2024 12:00 | B20: 1.94 | C20: 50.05 | D20: 29.78 | E20: 0.15 | F20: 12.65 | G20: Calib. | H20: Calib. | I20: 1.62 | J20: 1.31 | K20: 346.59 | L20: 32.59 | M20: 28.59 | N20: 841.5 | O20: 0 | P20: Calib. | Q20: 5.21
A21: 21-02-2024 13:00 | B21: 1.69 | C21: 48.89 | D21: 28.93 | E21: 0.16 | F21: 9.06 | G21: Calib. | H21: Calib. | I21: 1.55 | J21: 1.24 | K21: 320.93 | L21: 33.85 | M21: 26.74 | N21: 843.3 | O21: 0 | P21: 0.4 | Q21: 5.21
A22: 21-02-2024 14:00 | B22: 2.17 | C22: 48.7 | D22: 28.94 | E22: 0.19 | F22: 8.5 | G22: 62.97 | H22: 23.45 | I22: 1.55 | J22: 0.82 | K22: 324.78 | L22: 33.92 | M22: 22.82 | N22: 784.5 | O22: 0 | P22: 0.39 | Q22: 5.21
A23: 21-02-2024 15:00 | B23: 1.8 | C23: 48.42 | D23: 28.67 | E23: 0.16 | F23: 10.45 | G23: 62.97 | H23: 23.45 | I23: 1.54 | J23: 0.32 | K23: 351.93 | L23: 31.64 | M23: 23.14 | N23: 679 | O23: 0 | P23: 0.41 | Q23: 5.21
A24: 21-02-2024 16:00 | B24: 1.55 | C24: 46.65 | D24: 27.41 | E24: 0.2 | F24: 12.6 | G24: 51.86 | H24: 18.77 | I24: 1.57 | J24: 0.3 | K24: 33.61 | L24: 30.96 | M24: 23.52 | N24: 300.2 | O24: 0 | P24: 0.35 | Q24: 5.21
A25: 21-02-2024 17:00 | B25: 1.37 | C25: 45.89 | D25: 26.92 | E25: 0.19 | F25: 8.46 | G25: 51.86 | H25: 18.77 | I25: 1.47 | J25: 0.52 | K25: 353.8 | L25: 29.61 | M25: 26.42 | N25: 137 | O25: 0 | P25: 0.32 | Q25: 5.21
A26: 21-02-2024 18:00 | B26: 3.18 | C26: 64.11 | D26: 37.95 | E26: 0.2 | F26: 8.5 | G26: 38.4 | H26: 16.46 | I26: 1.56 | J26: 0.19 | K26: 14.1 | L26: 28.4 | M26: 28.74 | N26: 59.5 | O26: 0 | P26: 0.62 | Q26: 5.21
A27: 21-02-2024 19:00 | B27: 9.27 | C27: 63.65 | D27: 41 | E27: 0.14 | F27: 4.26 | G27: 36.57 | H27: 13.4 | I27: 1.49 | J27: 0.12 | K27: 329.24 | L27: 26.39 | M27: 38.12 | N27: 24.4 | O27: 0 | P27: 0.97 | Q27: 5.21
A28: 21-02-2024 20:00 | B28: 17.01 | C28: 58.91 | D28: 45.33 | E28: 0.14 | F28: 3.34 | G28: 52.75 | H28: 20.28 | I28: 1.56 | J28: 0.49 | K28: 217.83 | L28: 24.92 | M28: 39.65 | N28: 23.4 | O28: 0 | P28: 0.94 | Q28: 5.21
A29: 21-02-2024 21:00 | B29: 19.89 | C29: 57.64 | D29: 48.41 | E29: 0.17 | F29: 3.27 | G29: 56.28 | H29: 20.28 | I29: 1.55 | J29: 0.3 | K29: 224.03 | L29: 24.48 | M29: 45.06 | N29: 23.6 | O29: 0 | P29: 0.89 | Q29: 5.21
A30: 21-02-2024 22:00 | B30: 37.9 | C30: 60.2 | D30: 64.27 | E30: 0.15 | F30: 3.22 | G30: 69.44 | H30: 19.55 | I30: 1.54 | J30: 0.13 | K30: 351.84 | L30: 23.54 | M30: 53.67 | N30: 24 | O30: 0 | P30: 1.13 | Q30: 6.87
A31: 21-02-2024 23:00 | B31: 46.67 | C31: 60.74 | D31: 71.11 | E31: 0.22 | F31: 3.47 | G31: 77.7 | H31: 23.13 | I31: 1.52 | J31: 0.24 | K31: 353.45 | L31: 22.63 | M31: 58.21 | N31: 23.7 | O31: 0 | P31: 1.19 | Q31: 7.78
A32: 21-02-2024 24:00 | B32: 45.43 | C32: 57.47 | D32: 68.8 | E32: 0.18 | F32: 3.54 | G32: 77.7 | H32: 23.13 | I32: 1.5 | J32: 0.42 | K32: 239.04 | L32: 22.68 | M32: 52.31 | N32: 23.5 | O32: 0 | P32: 1.08 | Q32: 7.73
A34: Min | B34: =MIN(B9:B32) -> 1.37 | C34: =MIN(C9:C32) -> 45.89 | D34: =MIN(D9:D32) -> 26.92 | E34: =MIN(E9:E32) -> 0.07 | F34: =MIN(F9:F32) -> 3.22 | G34: =MIN(G9:G32) -> 36.57 | H34: =MIN(H9:H32) -> 13.4 | I34: =MIN(I9:I32) -> 1.47 | ... Q34: =MIN(Q9:Q32) -> 5.21
A35: Max | B35: =MAX(B9:B32) -> 55.71 | C35: =MAX(C9:C32) -> 64.11 | D35: =MAX(D9:D32) -> 73.99 | E35: =MAX(E9:E32) -> 0.27 | F35: =MAX(F9:F32) -> 14.47 | G35: =MAX(G9:G32) -> 77.7 | H35: =MAX(H9:H32) -> 26.82 | I35: =MAX(I9:I32) -> 1.62 | ... Q35: =MAX(Q9:Q32) -> 8.17
A36: Avg | B36: =AVERAGE(B9:B32) -> 20.438333 | C36: =AVERAGE(C9:C32) -> 52.555 | D36: =AVERAGE(D9:D32) -> 45.640417 | E36: =AVERAGE(E9:E32) -> 0.175 | F36: =AVERAGE(F9:F32) -> 5.9545833 | G36: =AVERAGE(G9:G32) -> 55.760909 | H36: =AVERAGE(H9:H32) -> 20.244545 | I36: =AVERAGE(I9:I32) -> 1.5425 | ... Q36: =AVERAGE(Q9:Q32) -> 5.8216667
A37: Stdev | B37: =STDEV(B9:B32) -> 17.751326 | C37: =STDEV(C9:C32) -> 5.5692627 | D37: =STDEV(D9:D32) -> 15.060874 | E37: =STDEV(E9:E32) -> 0.046250734 | F37: =STDEV(F9:F32) -> 3.6628167 | G37: =STDEV(G9:G32) -> 11.516028 | H37: =STDEV(H9:H32) -> 3.4022412 | I37: =STDEV(I9:I32) -> 0.031794175 | ... Q37: =STDEV(Q9:Q32) -> 1.0706506
A38: Num | B38: =COUNT(B9:B32) -> 24 | C38: =COUNT(C9:C32) -> 24 | D38: =COUNT(D9:D32) -> 24 | E38: =COUNT(E9:E32) -> 24 | F38: =COUNT(F9:F32) -> 24 | G38: =COUNT(G9:G32)+2 -> 24 | H38: =COUNT(H9:H32)+2 -> 24 | I38: =COUNT(I9:I32) -> 24 | J38: =COUNT(J9:J32) -> 24 | K38: =COUNT(K9:K32) -> 24 | L38: =COUNT(L9:L32) -> 24 | M38: =COUNT(M9:M32) -> 24 | N38: =COUNT(N9:N32) -> 24 | O38: =COUNT(O9:O32) -> 24 | P38: =COUNT(P9:P32)+1 -> 24 | Q38: =COUNT(Q9:Q32) -> 24
A39: DCR | B39: =IF(B38>=22,">90%",IF(B38<=22,"<90%")) -> >90% | C39: =IF(C38>=22,">90%",IF(C38<=22,"<90%")) -> >90% | D39: =IF(D38>=22,">90%",IF(D38<=22,"<90%")) -> >90% | E39: =IF(E38>=22,">90%",IF(E38<=22,"<90%")) -> >90% | F39: =IF(F38>=22,">90%",IF(F38<=22,"<90%")) -> >90% | G39: =IF(G38>=22,">90%",IF(G38<=22,"<90%")) -> >90% | H39: =IF(H38>=22,">90%",IF(H38<=22,"<90%")) -> >90% | I39: =IF(I38>=22,">90%",IF(I38<=22,"<90%")) -> >90% | ... Q39: =IF(Q38>=22,">90%",IF(Q38<=22,"<90%")) -> >90%
A40: Status | B40: =IF(B38>=22,"OK",IF(B38<=22,"LESS")) -> OK | C40: =IF(C38>=22,"OK",IF(C38<=22,"LESS")) -> OK | D40: =IF(D38>=22,"OK",IF(D38<=22,"LESS")) -> OK | E40: =IF(E38>=22,"OK",IF(E38<=22,"LESS")) -> OK | F40: =IF(F38>=22,"OK",IF(F38<=22,"LESS")) -> OK | G40: =IF(G38>=22,"OK",IF(G38<=22,"LESS")) -> OK | H40: =IF(H38>=22,"OK",IF(H38<=22,"LESS")) -> OK | I40: =IF(I38>=22,"OK",IF(I38<=22,"LESS")) -> OK | ... Q40: =IF(Q38>=22,"OK",IF(Q38<=22,"LESS")) -> OK
A43: Done by | B43: RAHUL
A45: Comment

Sheet 22
A1: Station: | B1: BHATAGAON RAIPUR
A2: Date: | B2: =$A$9 -> 22-02-2024 01:00 | D2: Power Off | G2: Pw.Off | L2: Link Fail | N2: Link F | P2: Maintenance | R2: Maint.
A3: Report Type: | B3: Mean | D3: Calibration | G3: Calib. | L3: Data Fail | N3: Data F | P3: Invalid | R3: Invalid
A4: Time Base: | B4: 01 Hour | D4: Zero Referrence | G4: Z.Ref | L4: Warm Up | N4: Wm. Up
A7: Date & Time | B7: NO_BHATAGAON | C7: NO2_BHATAGAON | D7: NOX_BHATAGAON | E7: SO2_BHATAGAON | F7: O3_BHATAGAON | G7: PM10_BHATAGAON | H7: PM2_5_BHATAGAON | I7: BENZ_BHATAGAON | J7: WS_BHATAGAON | K7: WD_BHATAGAON | L7: TEMP_BHATAGAON | M7: HUM BHATAGAON | N7: SR_BHATAGAON | O7: RG_BHATAGAON | P7: CO_BHATAGAON | Q7: NH3_BHATAGAON
B8: ug/m3 | C8: ug/m3 | D8: ppb | E8: ug/m3 | F8: ug/m3 | G8: mg/m3 | H8: ug/m3 | I8: ug/m3 | J8: m/sec | K8: deg | L8: degreC | M8: % | N8: w/m2 | O8: mm | P8: ug/m3 | Q8: ug/m3
A9: 22-02-2024 01:00 | B9: 40.03 | C9: 52.81 | D9: 61.89 | E9: 0.22 | F9: 3.41 | G9: 61.98 | H9: 22.65 | I9: 1.54 | J9: 0.1 | K9: 255.4 | L9: 21.71 | M9: 57.59 | N9: 23.5 | O9: 0 | P9: 1.01 | Q9: 7.36
A10: 22-02-2024 02:00 | B10: 29.67 | C10: 50.12 | D10: 52.1 | E10: 0.22 | F10: 3.19 | G10: 49.29 | H10: 19.92 | I10: 1.53 | J10: 0.14 | K10: 327.41 | L10: 20.68 | M10: 64.32 | N10: 23.5 | O10: 0 | P10: 0.86 | Q10: 5.92
A11: 22-02-2024 03:00 | B11: 20.93 | C11: 49.08 | D11: 44.52 | E11: 0.19 | F11: 3.42 | G11: 36.97 | H11: 15.05 | I11: 1.55 | J11: 0.18 | K11: 252.52 | L11: 20.39 | M11: 63.47 | N11: 23.1 | O11: 0 | P11: 0.76 | Q11: 5.21
A12: 22-02-2024 04:00 | B12: 13.79 | C12: 44.35 | D12: 36.09 | E12: 0.18 | F12: 3.52 | G12: 35.89 | H12: 15.05 | I12: 1.52 | J12: 0.3 | K12: 307.18 | L12: 19.39 | M12: 74.51 | N12: 23.8 | O12: 0 | P12: 0.62 | Q12: 5.21
A13: 22-02-2024 05:00 | B13: 13.91 | C13: 44.99 | D13: 36.63 | E13: 0.1 | F13: 3.61 | G13: 39.15 | H13: 15.52 | I13: 1.56 | J13: 0.2 | K13: 323.51 | L13: 18.99 | M13: 80.02 | N13: 23.2 | O13: 0 | P13: 0.57 | Q13: 5.21
A14: 22-02-2024 06:00 | B14: 13.19 | C14: 45.48 | D14: 35.96 | E14: 0.12 | F14: 3.49 | G14: 39.15 | H14: 15.52 | I14: 1.51 | J14: 0.16 | K14: 233.76 | L14: 18.06 | M14: 81.86 | N14: 23.2 | O14: 0 | P14: 0.53 | Q14: 5.21
A15: 22-02-2024 07:00 | B15: 11.96 | C15: 46.56 | D15: 35.63 | E15: 0.12 | F15: 3.25 | G15: 29.12 | H15: 13.65 | I15: 1.56 | J15: 0.12 | K15: 257.37 | L15: 18.53 | M15: 76.33 | N15: 63.7 | O15: 0 | P15: 0.47 | Q15: 5.21
A16: 22-02-2024 08:00 | B16: 10.74 | C16: 47.26 | D16: 35.34 | E16: 0.1 | F16: 3.7 | G16: 38.76 | H16: 13.65 | I16: 1.56 | J16: 0.36 | K16: 355.3 | L16: 24.1 | M16: 68.48 | N16: 295.1 | O16: 0 | P16: 0.45 | Q16: 5.21
A17: 22-02-2024 09:00 | B17: 8.77 | C17: 50.27 | D17: 34.06 | E17: 0.25 | F17: 4.01 | G17: 40.8 | H17: 17.5 | I17: 1.61 | J17: 0.45 | K17: 355.9 | L17: 28.71 | M17: 41.99 | N17: 510.9 | O17: 0 | P17: 0.46 | Q17: 5.21
A18: 22-02-2024 10:00 | B18: 5.65 | C18: 52.02 | D18: 33.69 | E18: 0.19 | F18: 4.34 | G18: 41.31 | H18: 17.5 | I18: 1.56 | J18: 0.96 | K18: 334.91 | L18: 31.44 | M18: 30.02 | N18: 756.1 | O18: 0 | P18: 0.44 | Q18: 5.21
A19: 22-02-2024 11:00 | B19: 4.08 | C19: 49.57 | D19: 31.27 | E19: 0.37 | F19: 14.07 | G19: 41.31 | H19: 15.71 | I19: 1.52 | J19: 1.12 | K19: 324.45 | L19: 33.29 | M19: 25.44 | N19: 871.7 | O19: 0 | P19: 0.42 | Q19: 5.21
A20: 22-02-2024 12:00 | B20: 1.6 | C20: 50.13 | D20: 29.59 | E20: 0.55 | F20: 14.76 | G20: 40.86 | H20: 14.72 | I20: 1.54 | J20: 0.99 | K20: 348.85 | L20: 32.98 | M20: 25.44 | N20: 889.9 | O20: 0 | P20: 0.35 | Q20: 5.21
... A32: 22-02-2024 24:00 | B32: 13.08 | C32: 54.99 | D32: 40.93 | E32: 0.11 | F32: 3.68 | G32: 52.22 | H32: 17.25 | I32: 1.49 | J32: 1.45 | K32: 340.94 | L32: 21.18 | M32: 44.11 | N32: 15.1 | O32: 0 | P32: 0.71 | Q32: 5.21
A34: Min | B34: =MIN(B9:B32) -> 1.54 | C34: =MIN(C9:C32) -> 44.35 | D34: =MIN(D9:D32) -> 26.71 | E34: =MIN(E9:E32) -> 0.03 | F34: =MIN(F9:F32) -> 3.19 | G34: =MIN(G9:G32) -> 28.85 | H34: =MIN(H9:H32) -> 13.65 | I34: =MIN(I9:I32) -> 1.49 | ... Q34: =MIN(Q9:Q32) -> 5.21
A35: Max | B35: =MAX(B9:B32) -> 40.03 | C35: =MAX(C9:C32) -> 56.22 | D35: =MAX(D9:D32) -> 61.89 | E35: =MAX(E9:E32) -> 0.55 | F35: =MAX(F9:F32) -> 14.76 | G35: =MAX(G9:G32) -> 61.98 | H35: =MAX(H9:H32) -> 22.65 | I35: =MAX(I9:I32) -> 1.64 | ... Q35: =MAX(Q9:Q32) -> 7.36
A36: Avg | B36: =AVERAGE(B9:B32) -> 11.322917 | C36: =AVERAGE(C9:C32) -> 50.019583 | D36: =AVERAGE(D9:D32) -> 37.0975 | E36: =AVERAGE(E9:E32) -> 0.15291667 | F36: =AVERAGE(F9:F32) -> 5.4070833 | G36: =AVERAGE(G9:G32) -> 43.556667 | H36: =AVERAGE(H9:H32) -> 16.043333 | I36: =AVERAGE(I9:I32) -> 1.5479167 | ... Q36: =AVERAGE(Q9:Q32) -> 5.3291667
A37: Stdev | B37: =STDEV(B9:B32) -> 9.3622561 | C37: =STDEV(C9:C32) -> 3.5322618 | D37: =STDEV(D9:D32) -> 8.2127521 | E37: =STDEV(E9:E32) -> 0.11284769 | F37: =STDEV(F9:F32) -> 3.2681154 | G37: =STDEV(G9:G32) -> 8.2534265 | H37: =STDEV(H9:H32) -> 2.0956324 | I37: =STDEV(I9:I32) -> 0.034386444 | ... Q37: =STDEV(Q9:Q32) -> 0.45615517
A38: Num | B38: =COUNT(B9:B32) -> 24 | C38: =COUNT(C9:C32) -> 24 | D38: =COUNT(D9:D32) -> 24 | E38: =COUNT(E9:E32) -> 24 | F38: =COUNT(F9:F32) -> 24 | G38: =COUNT(G9:G32) -> 24 | H38: =COUNT(H9:H32) -> 24 | I38: =COUNT(I9:I32) -> 24 | ... Q38: =COUNT(Q9:Q32) -> 24
A39: DCR | B39: =IF(B38>=22,">90%",IF(B38<=22,"<90%")) -> >90% | C39: =IF(C38>=22,">90%",IF(C38<=22,"<90%")) -> >90% | D39: =IF(D38>=22,">90%",IF(D38<=22,"<90%")) -> >90% | E39: =IF(E38>=22,">90%",IF(E38<=22,"<90%")) -> >90% | F39: =IF(F38>=22,">90%",IF(F38<=22,"<90%")) -> >90% | G39: =IF(G38>=22,">90%",IF(G38<=22,"<90%")) -> >90% | H39: =IF(H38>=22,">90%",IF(H38<=22,"<90%")) -> >90% | I39: =IF(I38>=22,">90%",IF(I38<=22,"<90%")) -> >90% | ... Q39: =IF(Q38>=22,">90%",IF(Q38<=22,"<90%")) -> >90%
A40: Status | B40: =IF(B38>=22,"OK",IF(B38<=22,"LESS")) -> OK | C40: =IF(C38>=22,"OK",IF(C38<=22,"LESS")) -> OK | D40: =IF(D38>=22,"OK",IF(D38<=22,"LESS")) -> OK | E40: =IF(E38>=22,"OK",IF(E38<=22,"LESS")) -> OK | F40: =IF(F38>=22,"OK",IF(F38<=22,"LESS")) -> OK | G40: =IF(G38>=22,"OK",IF(G38<=22,"LESS")) -> OK | H40: =IF(H38>=22,"OK",IF(H38<=22,"LESS")) -> OK | I40: =IF(I38>=22,"OK",IF(I38<=22,"LESS")) -> OK | ... Q40: =IF(Q38>=22,"OK",IF(Q38<=22,"LESS")) -> OK
A43: Done by | B43: RAHUL
A45: Comment

Sheet 23
A1: Station: | B1: BHATAGAON RAIPUR
A2: Date: | B2: =$A$9 -> 23-02-2024 01:00 | D2: Power Off | G2: Pw.Off | L2: Link Fail | N2: Link F | P2: Maintenance | R2: Maint.
A3: Report Type: | B3: Mean | D3: Calibration | G3: Calib. | L3: Data Fail | N3: Data F | P3: Invalid | R3: Invalid
A4: Time Base: | B4: 01 Hour | D4: Zero Referrence | G4: Z.Ref | L4: Warm Up | N4: Wm. Up
A7: Date & Time | B7: NO_BHATAGAON | C7: NO2_BHATAGAON | D7: NOX_BHATAGAON | E7: SO2_BHATAGAON | F7: O3_BHATAGAON | G7: PM10_BHATAGAON | H7: PM2_5_BHATAGAON | I7: BENZ_BHATAGAON | J7: WS_BHATAGAON | K7: WD_BHATAGAON | L7: TEMP_BHATAGAON | M7: HUM BHATAGAON | N7: SR_BHATAGAON | O7: RG_BHATAGAON | P7: CO_BHATAGAON | Q7: NH3_BHATAGAON
B8: ug/m3 | C8: ug/m3 | D8: ppb | E8: ug/m3 | F8: ug/m3 | G8: mg/m3 | H8: ug/m3 | I8: ug/m3 | J8: m/sec | K8: deg | L8: degreC | M8: % | N8: w/m2 | O8: mm | P8: ug/m3 | Q8: ug/m3
A9: 23-02-2024 01:00 | B9: 9.6 | C9: 54.42 | D9: 38.38 | E9: 0.14 | F9: 3.48 | G9: 67 | H9: 23.13 | I9: 1.55 | J9: 1.48 | K9: 353.51 | L9: 20.15 | M9: 45.05 | N9: 15.1 | O9: 0 | P9: 0.68 | Q9: 5.21
A10: 23-02-2024 02:00 | B10: 8.83 | C10: 51.88 | D10: 36.31 | E10: 0.17 | F10: 3.57 | G10: 70.66 | H10: 23.13 | I10: 1.58 | J10: 1.5 | K10: 353.55 | L10: 20.1 | M10: 47.19 | N10: 15.7 | O10: 0 | P10: 0.62 | Q10: 5.21
A11: 23-02-2024 03:00 | B11: 9.42 | C11: 51.62 | D11: 36.68 | E11: 0.22 | F11: 3.49 | G11: 79.33 | H11: 24.32 | I11: 1.53 | J11: 1.25 | K11: 352.53 | L11: 19.28 | M11: 56.83 | N11: 15.5 | O11: 0 | P11: 0.58 | Q11: 5.21
A12: 23-02-2024 04:00 | B12: 8.87 | C12: 51.05 | D12: 35.93 | E12: 0.24 | F12: 3.49 | G12: 79.33 | H12: 24.32 | I12: 1.55 | J12: 1.1 | K12: 353.47 | L12: 18.24 | M12: 62.76 | N12: 15.5 | O12: 0 | P12: 0.51 | Q12: 5.21
A13: 23-02-2024 05:00 | B13: 7.24 | C13: 47.87 | D13: 32.87 | E13: 0.26 | F13: 3.46 | G13: 65.62 | H13: 21.88 | I13: 1.54 | J13: 0.31 | K13: 73.3 | L13: 17.63 | M13: 64.97 | N13: 15 | O13: 0 | P13: 0.44 | Q13: 5.21
A14: 23-02-2024 06:00 | B14: 7.72 | C14: 43.73 | D14: 30.97 | E14: 0.2 | F14: 3.63 | G14: 51.1 | H14: 20.75 | I14: 1.57 | J14: 0.49 | K14: 353.05 | L14: 17.18 | M14: 67.6 | N14: 15.4 | O14: 0 | P14: 0.39 | Q14: 5.21
A15: 23-02-2024 07:00 | B15: 10.7 | C15: 44.37 | D15: 33.45 | E15: 0.24 | F15: 3.49 | G15: 57.73 | H15: 17.66 | I15: 1.58 | J15: 0.34 | K15: 92.93 | L15: 17.32 | M15: 68.31 | N15: 54.4 | O15: 0 | P15: 0.38 | Q15: 5.21
A16: 23-02-2024 08:00 | B16: 15.13 | C16: 47.29 | D16: 38.88 | E16: 0.26 | F16: 3.38 | G16: 57.73 | H16: 17.66 | I16: 1.54 | J16: 0.38 | K16: 71.52 | L16: 20.39 | M16: 64.1 | N16: 219.6 | O16: 0 | P16: 0.44 | Q16: 5.21
A17: 23-02-2024 09:00 | B17: 17.82 | C17: 51.18 | D17: 43.18 | E17: 0.21 | F17: 3.42 | G17: 60.68 | H17: 19.1 | I17: 1.51 | J17: 0.68 | K17: 350.5 | L17: 25.73 | M17: 49.11 | N17: 493.2 | O17: 0 | P17: 0.5 | Q17: 5.21
A18: 23-02-2024 10:00 | B18: 18.28 | C18: 52.8 | D18: 44.17 | E18: 0.18 | F18: 3.69 | G18: 60.68 | H18: 19.1 | I18: 1.55 | J18: 1.17 | K18: 359.37 | L18: 28.16 | M18: 45.25 | N18: 689 | O18: 0 | P18: 0.52 | Q18: 5.21
A19: 23-02-2024 11:00 | B19: 17.38 | C19: 54.14 | D19: 44.39 | E19: 0.16 | F19: 3.66 | G19: 76.29 | H19: 18.22 | I19: 1.59 | J19: 0.84 | K19: 95.65 | L19: 28.42 | M19: 40.8 | N19: 817.9 | O19: 0 | P19: 0.53 | Q19: 5.21
A20: 23-02-2024 12:00 | B20: 15.72 | C20: 53.97 | D20: 42.33 | E20: 0.24 | F20: 3.61 | G20: 76.29 | H20: 18.43 | I20: 1.52 | J20: 0.62 | K20: 83.08 | L20: 29.91 | M20: 34.61 | N20: 840.3 | O20: 0 | P20: 0.51 | Q20: 5.21
... A32: 23-02-2024 24:00 | B32: 28.41 | C32: 57.6 | D32: 55.22 | E32: 0.24 | F32: 3.41 | G32: 77.09 | H32: 26.02 | I32: 1.54 | J32: 1.11 | K32: 99.95 | L32: 20.92 | M32: 45.82 | N32: 14.9 | O32: 0 | P32: 1.07 | Q32: 6.3
A34: Min | B34: =MIN(B9:B32) -> 6.02 | C34: =MIN(C9:C32) -> 43.73 | D34: =MIN(D9:D32) -> 30.97 | E34: =MIN(E9:E32) -> 0.14 | F34: =MIN(F9:F32) -> 3.17 | G34: =MIN(G9:G32) -> 48.96 | H34: =MIN(H9:H32) -> 11.5 | I34: =MIN(I9:I32) -> 1.49 | ... Q34: =MIN(Q9:Q32) -> 5.21
A35: Max | B35: =MAX(B9:B32) -> 28.41 | C35: =MAX(C9:C32) -> 60.14 | D35: =MAX(D9:D32) -> 55.22 | E35: =MAX(E9:E32) -> 0.4 | F35: =MAX(F9:F32) -> 4.18 | G35: =MAX(G9:G32) -> 79.33 | H35: =MAX(H9:H32) -> 26.91 | I35: =MAX(I9:I32) -> 1.59 | ... Q35: =MAX(Q9:Q32) -> 6.3
A36: Avg | B36: =AVERAGE(B9:B32) -> 13.779167 | C36: =AVERAGE(C9:C32) -> 53.643333 | D36: =AVERAGE(D9:D32) -> 41.099167 | E36: =AVERAGE(E9:E32) -> 0.24 | F36: =AVERAGE(F9:F32) -> 3.60875 | G36: =AVERAGE(G9:G32) -> 64.89875 | H36: =AVERAGE(H9:H32) -> 21.59375 | I36: =AVERAGE(I9:I32) -> 1.5433333 | ... Q36: =AVERAGE(Q9:Q32) -> 5.2983333
A37: Stdev | B37: =STDEV(B9:B32) -> 6.6993049 | C37: =STDEV(C9:C32) -> 4.370412 | D37: =STDEV(D9:D32) -> 6.5363405 | E37: =STDEV(E9:E32) -> 0.073069354 | F37: =STDEV(F9:F32) -> 0.25217855 | G37: =STDEV(G9:G32) -> 9.8738589 | H37: =STDEV(H9:H32) -> 4.0076024 | I37: =STDEV(I9:I32) -> 0.02792329 | ... Q37: =STDEV(Q9:Q32) -> 0.28557595
A38: Num | B38: =COUNT(B9:B32) -> 24 | C38: =COUNT(C9:C32) -> 24 | D38: =COUNT(D9:D32) -> 24 | E38: =COUNT(E9:E32) -> 24 | F38: =COUNT(F9:F32) -> 24 | G38: =COUNT(G9:G32) -> 24 | H38: =COUNT(H9:H32) -> 24 | I38: =COUNT(I9:I32) -> 24 | ... Q38: =COUNT(Q9:Q32) -> 24
A39: DCR | B39: =IF(B38>=22,">90%",IF(B38<=22,"<90%")) -> >90% | C39: =IF(C38>=22,">90%",IF(C38<=22,"<90%")) -> >90% | D39: =IF(D38>=22,">90%",IF(D38<=22,"<90%")) -> >90% | E39: =IF(E38>=22,">90%",IF(E38<=22,"<90%")) -> >90% | F39: =IF(F38>=22,">90%",IF(F38<=22,"<90%")) -> >90% | G39: =IF(G38>=22,">90%",IF(G38<=22,"<90%")) -> >90% | H39: =IF(H38>=22,">90%",IF(H38<=22,"<90%")) -> >90% | I39: =IF(I38>=22,">90%",IF(I38<=22,"<90%")) -> >90% | ... Q39: =IF(Q38>=22,">90%",IF(Q38<=22,"<90%")) -> >90%
A40: Status | B40: =IF(B38>=22,"OK",IF(B38<=22,"LESS")) -> OK | C40: =IF(C38>=22,"OK",IF(C38<=22,"LESS")) -> OK | D40: =IF(D38>=22,"OK",IF(D38<=22,"LESS")) -> OK | E40: =IF(E38>=22,"OK",IF(E38<=22,"LESS")) -> OK | F40: =IF(F38>=22,"OK",IF(F38<=22,"LESS")) -> OK | G40: =IF(G38>=22,"OK",IF(G38<=22,"LESS")) -> OK | H40: =IF(H38>=22,"OK",IF(H38<=22,"LESS")) -> OK | I40: =IF(I38>=22,"OK",IF(I38<=22,"LESS")) -> OK | ... Q40: =IF(Q38>=22,"OK",IF(Q38<=22,"LESS")) -> OK
A43: Done by | B43: RAHUL
A45: Comment

Sheet 24
A1: Station: | B1: BHATAGAON RAIPUR
A2: Date: | B2: =$A$9 -> 24-02-2024 01:00 | D2: Power Off | G2: Pw.Off | L2: Link Fail | N2: Link F | P2: Maintenance | R2: Maint.
A3: Report Type: | B3: Mean | D3: Calibration | G3: Calib. | L3: Data Fail | N3: Data F | P3: Invalid | R3: Invalid
A4: Time Base: | B4: 01 Hour | D4: Zero Referrence | G4: Z.Ref | L4: Warm Up | N4: Wm. Up
A7: Date & Time | B7: NO_BHATAGAON | C7: NO2_BHATAGAON | D7: NOX_BHATAGAON | E7: SO2_BHATAGAON | F7: O3_BHATAGAON | G7: PM10_BHATAGAON | H7: PM2_5_BHATAGAON | I7: BENZ_BHATAGAON | J7: WS_BHATAGAON | K7: WD_BHATAGAON | L7: TEMP_BHATAGAON | M7: HUM BHATAGAON | N7: SR_BHATAGAON | O7: RG_BHATAGAON | P7: CO_BHATAGAON | Q7: NH3_BHATAGAON
B8: ug/m3 | C8: ug/m3 | D8: ppb | E8: ug/m3 | F8: ug/m3 | G8: mg/m3 | H8: ug/m3 | I8: ug/m3 | J8: m/sec | K8: deg | L8: degreC | M8: % | N8: w/m2 | O8: mm | P8: ug/m3 | Q8: ug/m3
A9: 24-02-2024 01:00 | B9: 24.02 | C9: 53.91 | D9: 49.66 | E9: 0.01 | F9: 3.52 | G9: 74.55 | H9: 25.85 | I9: 1.53 | J9: 0.16 | K9: 299.68 | L9: 19.9 | M9: 56.89 | N9: 15.2 | O9: 0 | P9: 0.95 | Q9: 5.26
A10: 24-02-2024 02:00 | B10: 21.88 | C10: 50.72 | D10: 46.18 | E10: 0.03 | F10: 3.46 | G10: 71.94 | H10: 23.35 | I10: 1.57 | J10: 0.5 | K10: 359.5 | L10: 18.67 | M10: 60.58 | N10: 15.1 | O10: 0 | P10: 0.85 | Q10: 5.21
A11: 24-02-2024 03:00 | B11: 16.35 | C11: 49.25 | D11: 40.93 | E11: 0.02 | F11: 3.55 | G11: 68.04 | H11: 23.01 | I11: 1.56 | J11: 0.49 | K11: 74 | L11: 18.82 | M11: 55.72 | N11: 14.9 | O11: 0 | P11: 0.74 | Q11: 5.21
A12: 24-02-2024 04:00 | B12: 11.18 | C12: 48.96 | D12: 36.09 | E12: 0.01 | F12: 3.45 | G12: 70.13 | H12: 23.01 | I12: 1.49 | J12: 1.16 | K12: 355.63 | L12: 17.94 | M12: 57.19 | N12: 14.9 | O12: 0 | P12: 0.65 | Q12: 5.21
A13: 24-02-2024 05:00 | B13: 10.63 | C13: 49.58 | D13: 36.25 | E13: 0.12 | F13: 3.7 | G13: 70.13 | H13: 23.74 | I13: 1.57 | J13: 0.96 | K13: 355.99 | L13: 17.46 | M13: 57.08 | N13: 14.9 | O13: 0 | P13: 0.56 | Q13: 5.21
A14: 24-02-2024 06:00 | B14: 11.36 | C14: 49.69 | D14: 37.18 | E14: 0.16 | F14: 3.61 | G14: 65.88 | H14: 23.74 | I14: 1.52 | J14: 1.03 | K14: 353.28 | L14: 17.04 | M14: 56.91 | N14: 14.9 | O14: 0 | P14: 0.51 | Q14: 5.21
A15: 24-02-2024 07:00 | B15: 13.3 | C15: 49.66 | D15: 38.72 | E15: 0.15 | F15: 3.59 | G15: 71.06 | H15: 21.41 | I15: 1.58 | J15: 0.97 | K15: 355.19 | L15: 16.79 | M15: 59.31 | N15: 52.9 | O15: 0 | P15: 0.48 | Q15: 5.21
A16: 24-02-2024 08:00 | B16: 15.57 | C16: 51.05 | D16: 41.3 | E16: 0.21 | F16: 3.17 | G16: 71.06 | H16: 22.28 | I16: 1.56 | J16: 0.77 | K16: 356.91 | L16: 20.08 | M16: 58.28 | N16: 253.4 | O16: 0 | P16: 0.52 | Q16: 5.21
A17: 24-02-2024 09:00 | B17: 15.88 | C17: 51.45 | D17: 41.78 | E17: 0.19 | F17: 3.19 | G17: 70.5 | H17: 24.39 | I17: 1.58 | J17: 0.64 | K17: 75.89 | L17: 21.61 | M17: 48.93 | N17: 445.7 | O17: 0 | P17: 0.53 | Q17: 5.21
A18: 24-02-2024 10:00 | B18: 14.77 | C18: 51.25 | D18: 40.77 | E18: 0.18 | F18: 3.48 | G18: 72.46 | H18: 24.39 | I18: 1.51 | J18: 0.98 | K18: 109.88 | L18: 24.01 | M18: 45.83 | N18: 603.4 | O18: 0 | P18: 0.52 | Q18: 5.21
A19: 24-02-2024 11:00 | B19: 12.18 | C19: 51.86 | D19: 37.74 | E19: 0.22 | F19: 3.82 | G19: 72.46 | H19: 25.5 | I19: 1.55 | J19: 0.42 | K19: 337.4 | L19: 28.82 | M19: 42.7 | N19: 759.5 | O19: 0 | P19: 0.53 | Q19: 5.21
A20: 24-02-2024 12:00 | B20: 7.43 | C20: 53.27 | D20: 35.52 | E20: 0.26 | F20: 4.25 | G20: 66.41 | H20: 25.5 | I20: 1.55 | J20: 0.51 | K20: 348.61 | L20: 30.31 | M20: 39.31 | N20: 782.8 | O20: 0 | P20: 0.54 | Q20: 5.21
... A32: 24-02-2024 24:00 | B32: 8.22 | C32: 58.26 | D32: 39.39 | E32: 0.11 | F32: 3.89 | G32: 89.41 | H32: 34.34 | I32: 1.51 | J32: 0.52 | K32: 359.17 | L32: 21.77 | M32: 73.08 | N32: 15.3 | O32: 0 | P32: 1.16 | Q32: 5.21
A34: Min | B34: =MIN(B9:B32) -> 1.65 | C34: =MIN(C9:C32) -> 45.66 | D34: =MIN(D9:D32) -> 27.16 | E34: =MIN(E9:E32) -> 0.01 | F34: =MIN(F9:F32) -> 3.17 | G34: =MIN(G9:G32) -> 53.29 | H34: =MIN(H9:H32) -> 21.41 | I34: =MIN(I9:I32) -> 1.49 | ... Q34: =MIN(Q9:Q32) -> 5.21
A35: Max | B35: =MAX(B9:B32) -> 24.02 | C35: =MAX(C9:C32) -> 65.12 | D35: =MAX(D9:D32) -> 49.66 | E35: =MAX(E9:E32) -> 0.31 | F35: =MAX(F9:F32) -> 6.15 | G35: =MAX(G9:G32) -> 96.2 | H35: =MAX(H9:H32) -> 38.84 | I35: =MAX(I9:I32) -> 1.6 | ... Q35: =MAX(Q9:Q32) -> 5.26
A36: Avg | B36: =AVERAGE(B9:B32) -> 9.9829167 | C36: =AVERAGE(C9:C32) -> 53.029167 | D36: =AVERAGE(D9:D32) -> 37.797083 | E36: =AVERAGE(E9:E32) -> 0.15666667 | F36: =AVERAGE(F9:F32) -> 4.1533333 | G36: =AVERAGE(G9:G32) -> 71.39625 | H36: =AVERAGE(H9:H32) -> 28.469167 | I36: =AVERAGE(I9:I32) -> 1.5491667 | ... Q36: =AVERAGE(Q9:Q32) -> 5.2120833
A37: Stdev | B37: =STDEV(B9:B32) -> 6.1685165 | C37: =STDEV(C9:C32) -> 5.5217545 | D37: =STDEV(D9:D32) -> 5.9797742 | E37: =STDEV(E9:E32) -> 0.082760349 | F37: =STDEV(F9:F32) -> 0.9603381 | G37: =STDEV(G9:G32) -> 12.158797 | H37: =STDEV(H9:H32) -> 5.7717994 | I37: =STDEV(I9:I32) -> 0.030204616 | ... Q37: =STDEV(Q9:Q32) -> 0.010206207
A38: Num | B38: =COUNT(B9:B32) -> 24 | C38: =COUNT(C9:C32) -> 24 | D38: =COUNT(D9:D32) -> 24 | E38: =COUNT(E9:E32) -> 24 | F38: =COUNT(F9:F32) -> 24 | G38: =COUNT(G9:G32) -> 24 | H38: =COUNT(H9:H32) -> 24 | I38: =COUNT(I9:I32) -> 24 | ... Q38: =COUNT(Q9:Q32) -> 24
A39: DCR | B39: =IF(B38>=22,">90%",IF(B38<=22,"<90%")) -> >90% | C39: =IF(C38>=22,">90%",IF(C38<=22,"<90%")) -> >90% | D39: =IF(D38>=22,">90%",IF(D38<=22,"<90%")) -> >90% | E39: =IF(E38>=22,">90%",IF(E38<=22,"<90%")) -> >90% | F39: =IF(F38>=22,">90%",IF(F38<=22,"<90%")) -> >90% | G39: =IF(G38>=22,">90%",IF(G38<=22,"<90%")) -> >90% | H39: =IF(H38>=22,">90%",IF(H38<=22,"<90%")) -> >90% | I39: =IF(I38>=22,">90%",IF(I38<=22,"<90%")) -> >90% | ... Q39: =IF(Q38>=22,">90%",IF(Q38<=22,"<90%")) -> >90%
A40: Status | B40: =IF(B38>=22,"OK",IF(B38<=22,"LESS")) -> OK | C40: =IF(C38>=22,"OK",IF(C38<=22,"LESS")) -> OK | D40: =IF(D38>=22,"OK",IF(D38<=22,"LESS")) -> OK | E40: =IF(E38>=22,"OK",IF(E38<=22,"LESS")) -> OK | F40: =IF(F38>=22,"OK",IF(F38<=22,"LESS")) -> OK | G40: =IF(G38>=22,"OK",IF(G38<=22,"LESS")) -> OK | H40: =IF(H38>=22,"OK",IF(H38<=22,"LESS")) -> OK | I40: =IF(I38>=22,"OK",IF(I38<=22,"LESS")) -> OK | ... Q40: =IF(Q38>=22,"OK",IF(Q38<=22,"LESS")) -> OK
A43: Done by | B43: RAHUL
A45: Comment

Sheet 25
A1: Station: | B1: BHATAGAON RAIPUR
A2: Date: | B2: =$A$9 -> 25-02-2024 01:00 | D2: Power Off | G2: Pw.Off | L2: Link Fail | N2: Link F | P2: Maintenance | R2: Maint.
A3: Report Type: | B3: Mean | D3: Calibration | G3: Calib. | L3: Data Fail | N3: Data F | P3: Invalid | R3: Invalid
A4: Time Base: | B4: 01 Hour | D4: Zero Referrence | G4: Z.Ref | L4: Warm Up | N4: Wm. Up
A7: Date & Time | B7: NO_BHATAGAON | C7: NO2_BHATAGAON | D7: NOX_BHATAGAON | E7: SO2_BHATAGAON | F7: O3_BHATAGAON | G7: PM10_BHATAGAON | H7: PM2_5_BHATAGAON | I7: BENZ_BHATAGAON | J7: WS_BHATAGAON | K7: WD_BHATAGAON | L7: TEMP_BHATAGAON | M7: HUM BHATAGAON | N7: SR_BHATAGAON | O7: RG_BHATAGAON | P7: CO_BHATAGAON | Q7: NH3_BHATAGAON
B8: ug/m3 | C8: ug/m3 | D8: ppb | E8: ug/m3 | F8: ug/m3 | G8: mg/m3 | H8: ug/m3 | I8: ug/m3 | J8: m/sec | K8: deg | L8: degreC | M8: % | N8: w/m2 | O8: mm | P8: ug/m3 | Q8: ug/m3
A9: 25-02-2024 01:00 | B9: 7.86 | C9: 55.62 | D9: 37.65 | E9: 0.29 | F9: 3.54 | G9: 89.05 | H9: 32.86 | I9: 1.53 | J9: 1.43 | K9: 355.98 | L9: 20.21 | M9: 71.46 | N9: 15.4 | O9: 0 | P9: 1.05 | Q9: 5.21
A10: 25-02-2024 02:00 | B10: 6.38 | C10: 55.15 | D10: 36.2 | E10: 0.28 | F10: 3.64 | G10: 82.77 | H10: 32.86 | I10: 1.51 | J10: 0.6 | K10: 351.54 | L10: 19.06 | M10: 59.76 | N10: 14.9 | O10: 0 | P10: 0.73 | Q10: 5.21
A11: 25-02-2024 03:00 | B11: 5.2 | C11: 53.15 | D11: 34.15 | E11: 0.25 | F11: 3.7 | G11: 71.02 | H11: 25.12 | I11: 1.55 | J11: 1.33 | K11: 355.68 | L11: 18.36 | M11: 65.77 | N11: 15 | O11: 0 | P11: 0.63 | Q11: 5.21
A12: 25-02-2024 04:00 | B12: 5.21 | C12: 51.72 | D12: 33.36 | E12: 0.2 | F12: 3.83 | G12: 60.71 | H12: 22.2 | I12: 1.54 | J12: 1.08 | K12: 354.64 | L12: 17.8 | M12: 68.05 | N12: 15.1 | O12: 0 | P12: 0.53 | Q12: 5.21
A13: 25-02-2024 05:00 | B13: 6.46 | C13: 52.21 | D13: 34.53 | E13: 0.23 | F13: 3.86 | G13: 57.35 | H13: 21.5 | I13: 1.52 | J13: 1.54 | K13: 354.58 | L13: 17.26 | M13: 68.21 | N13: 15 | O13: 0 | P13: 0.46 | Q13: 5.21
A14: 25-02-2024 06:00 | B14: 6.62 | C14: 51.99 | D14: 34.64 | E14: 0.24 | F14: 3.55 | G14: 57.35 | H14: 36.72 | I14: 1.57 | J14: 1.06 | K14: 352.97 | L14: 16.62 | M14: 66.84 | N14: 14.9 | O14: 0 | P14: 0.42 | Q14: 5.21
A15: 25-02-2024 07:00 | B15: 9.12 | C15: 52.98 | D15: 37.2 | E15: 0.23 | F15: 3.72 | G15: 56.27 | H15: 40.59 | I15: 1.52 | J15: 0.85 | K15: 354.91 | L15: 16.51 | M15: 65.11 | N15: 52.8 | O15: 0 | P15: 0.43 | Q15: 5.21
A16: 25-02-2024 08:00 | B16: 12.12 | C16: 53.37 | D16: 39.82 | E16: 0.21 | F16: 3.74 | G16: 52.73 | H16: 40.59 | I16: 1.53 | J16: 0.69 | K16: 357.75 | L16: 19.19 | M16: 61.15 | N16: 209.8 | O16: 0 | P16: 0.53 | Q16: 5.21
A17: 25-02-2024 09:00 | B17: 13.5 | C17: 54.64 | D17: 41.62 | E17: 0.17 | F17: 3.64 | G17: 54.49 | H17: 34.21 | I17: 1.54 | J17: 0.89 | K17: 357.34 | L17: 22.58 | M17: 52.07 | N17: 357.4 | O17: 0 | P17: 0.56 | Q17: 5.21
A18: 25-02-2024 10:00 | B18: 14.17 | C18: 57.52 | D18: 43.57 | E18: 0.23 | F18: 3.57 | G18: 56.57 | H18: 26.21 | I18: 1.57 | J18: 1.09 | K18: 355.56 | L18: 25.44 | M18: 44.25 | N18: 487.1 | O18: 0 | P18: 0.62 | Q18: 5.21
A19: 25-02-2024 11:00 | B19: 13.13 | C19: 60.52 | D19: 43.25 | E19: 0.22 | F19: 3.77 | G19: 58.21 | H19: 23.37 | I19: 1.48 | J19: 1.51 | K19: 357.99 | L19: 26.58 | M19: 45.78 | N19: 566 | O19: 0 | P19: 0.65 | Q19: 5.21
A20: 25-02-2024 12:00 | B20: 9.61 | C20: 61.98 | D20: 42.26 | E20: 0.17 | F20: 3.79 | G20: 58.28 | H20: 23.37 | I20: 1.57 | J20: 1.06 | K20: 354.61 | L20: 27.77 | M20: 45.85 | N20: 566.7 | O20: 0 | P20: 0.67 | Q20: 5.21
... A22: 25-02-2024 14:00 | B22: 7.54 | C22: 60.22 | D22: 39.93 | E22: 0.2 | F22: 18 | G22: 64.17 | H22: 24.75 | I22: 1.5 | J22: 0.78 | K22: 56.25 | L22: 27.81 | M22: 46.68 | N22: 685.1 | O22: 0 | P22: 0.66 | Q22: 5.21
A23: 25-02-2024 15:00 | B23: 4.96 | C23: 75.46 | D23: 46.26 | E23: Data F | F23: 10.24 | G23: 72.69 | H23: 22.36 | I23: 1.55 | J23: 0.71 | K23: 75.3 | L23: 26.94 | M23: 46.3 | N23: 503.1 | O23: 0 | P23: 0.79 | Q23: Data F
A24: 25-02-2024 16:00 | B24: 5.06 | C24: 62.59 | D24: 39.22 | E24: 5.4 | F24: 9.19 | G24: 72.69 | H24: 23.52 | I24: 1.54 | J24: 1.44 | K24: 356.15 | L24: 27.88 | M24: 49.24 | N24: 303.8 | O24: 0 | P24: 0.81 | Q24: Data F
A25: 25-02-2024 17:00 | B25: 4.44 | C25: 67.28 | D25: 41.34 | E25: 8.45 | F25: 19.8 | G25: 77.58 | H25: 23.79 | I25: 1.51 | J25: 0.85 | K25: 356.07 | L25: 25.49 | M25: 51.34 | N25: 148.8 | O25: 0 | P25: 0.75 | Q25: Data F
A26: 25-02-2024 18:00 | B26: 2.87 | C26: 67.41 | D26: 39.58 | E26: 7.36 | F26: 15.45 | G26: 79.92 | H26: 26.52 | I26: 1.6 | J26: 0.75 | K26: 348.87 | L26: 24.51 | M26: 61.54 | N26: 61 | O26: 0 | P26: 0.74 | Q26: 7.6
A27: 25-02-2024 19:00 | B27: 4.21 | C27: 59.53 | D27: 36.29 | E27: 5.02 | F27: 3.59 | G27: 79.92 | H27: 26.7 | I27: 1.58 | J27: 0.26 | K27: 354.26 | L27: 22.95 | M27: 65.52 | N27: 23.1 | O27: 0 | P27: 0.78 | Q27: 7.92
A28: 25-02-2024 20:00 | B28: Data F | C28: Data F | D28: Data F | E28: 5.07 | F28: 3.47 | G28: 74.56 | H28: 26.7 | I28: 1.52 | J28: 0.85 | K28: 97.03 | L28: 22.86 | M28: 60.99 | N28: 23.1 | O28: 0 | P28: 0.81 | Q28: 7
A29: 25-02-2024 21:00 | B29: Data F | C29: Data F | D29: Data F | E29: 5.06 | F29: 4.09 | G29: 73.84 | H29: 27.25 | I29: 1.48 | J29: 1.02 | K29: 100.66 | L29: 22.53 | M29: 65.03 | N29: 23.5 | O29: 0 | P29: 0.79 | Q29: 7.08
A30: 25-02-2024 22:00 | B30: Data F | C30: Data F | D30: Data F | E30: 4.76 | F30: 3.79 | G30: 71.82 | H30: 27.25 | I30: 1.57 | J30: 1.27 | K30: 97.27 | L30: 21.85 | M30: 69.33 | N30: 23.7 | O30: 0 | P30: 0.76 | Q30: 7.45
A31: 25-02-2024 23:00 | B31: Data F | C31: Data F | D31: Data F | E31: 4.48 | F31: 3.65 | G31: 70.85 | H31: 26.85 | I31: 1.61 | J31: 1.76 | K31: 103.55 | L31: 21.31 | M31: 71.74 | N31: 23.8 | O31: 0 | P31: 0.73 | Q31: 7.82
A32: 25-02-2024 24:00 | B32: Data F | C32: Data F | D32: Data F | E32: 4.73 | F32: 3.93 | G32: 67.29 | H32: 26.85 | I32: 1.59 | J32: 1.74 | K32: 105.47 | L32: 20.97 | M32: 74.83 | N32: 25.1 | O32: 0 | P32: 0.69 | Q32: 8.04
A34: Min | B34: =MIN(B9:B32) -> 2.87 | C34: =MIN(C9:C32) -> 51.72 | D34: =MIN(D9:D32) -> 33.36 | E34: =MIN(E9:E32) -> 0.17 | F34: =MIN(F9:F32) -> 3.47 | G34: =MIN(G9:G32) -> 52.73 | H34: =MIN(H9:H32) -> 21.5 | I34: =MIN(I9:I32) -> 1.48 | ... Q34: =MIN(Q9:Q32) -> 5.21
A35: Max | B35: =MAX(B9:B32) -> 14.17 | C35: =MAX(C9:C32) -> 75.46 | D35: =MAX(D9:D32) -> 46.26 | E35: =MAX(E9:E32) -> 8.45 | F35: =MAX(F9:F32) -> 19.8 | G35: =MAX(G9:G32) -> 89.05 | H35: =MAX(H9:H32) -> 40.59 | I35: =MAX(I9:I32) -> 1.61 | ... Q35: =MAX(Q9:Q32) -> 8.04
A36: Avg | B36: =AVERAGE(B9:B32) -> 7.6957895 | C36: =AVERAGE(C9:C32) -> 58.691579 | D36: =AVERAGE(D9:D32) -> 39.044737 | E36: =AVERAGE(E9:E32) -> 2.323913 | F36: =AVERAGE(F9:F32) -> 5.975 | G36: =AVERAGE(G9:G32) -> 67.679167 | H36: =AVERAGE(H9:H32) -> 27.787083 | I36: =AVERAGE(I9:I32) -> 1.5420833 | ... Q36: =AVERAGE(Q9:Q32) -> 5.9928571
A37: Stdev | B37: =STDEV(B9:B32) -> 3.3973148 | C37: =STDEV(C9:C32) -> 6.4115705 | D37: =STDEV(D9:D32) -> 3.6132186 | E37: =STDEV(E9:E32) -> 2.8029234 | F37: =STDEV(F9:F32) -> 4.8940603 | G37: =STDEV(G9:G32) -> 10.154856 | H37: =STDEV(H9:H32) -> 5.5486062 | I37: =STDEV(I9:I32) -> 0.035136896 | ... Q37: =STDEV(Q9:Q32) -> 1.1559764
A38: Num | B38: =COUNT(B9:B32)+5 -> 24 | C38: =COUNT(C9:C32)+5 -> 24 | D38: =COUNT(D9:D32)+5 -> 24 | E38: =COUNT(E9:E32)+1 -> 24 | F38: =COUNT(F9:F32) -> 24 | G38: =COUNT(G9:G32) -> 24 | H38: =COUNT(H9:H32) -> 24 | I38: =COUNT(I9:I32) -> 24 | J38: =COUNT(J9:J32) -> 24 | K38: =COUNT(K9:K32) -> 24 | L38: =COUNT(L9:L32) -> 24 | M38: =COUNT(M9:M32) -> 24 | ... P38: =COUNT(P9:P32) -> 24 | Q38: =COUNT(Q9:Q32)+3 -> 24
A39: DCR | B39: =IF(B38>=22,">90%",IF(B38<=22,"<90%")) -> >90% | C39: =IF(C38>=22,">90%",IF(C38<=22,"<90%")) -> >90% | D39: =IF(D38>=22,">90%",IF(D38<=22,"<90%")) -> >90% | E39: =IF(E38>=22,">90%",IF(E38<=22,"<90%")) -> >90% | F39: =IF(F38>=22,">90%",IF(F38<=22,"<90%")) -> >90% | G39: =IF(G38>=22,">90%",IF(G38<=22,"<90%")) -> >90% | H39: =IF(H38>=22,">90%",IF(H38<=22,"<90%")) -> >90% | I39: =IF(I38>=22,">90%",IF(I38<=22,"<90%")) -> >90% | ... Q39: =IF(Q38>=22,">90%",IF(Q38<=22,"<90%")) -> >90%
A40: Status | B40: =IF(B38>=22,"OK",IF(B38<=22,"LESS")) -> OK | C40: =IF(C38>=22,"OK",IF(C38<=22,"LESS")) -> OK | D40: =IF(D38>=22,"OK",IF(D38<=22,"LESS")) -> OK | E40: =IF(E38>=22,"OK",IF(E38<=22,"LESS")) -> OK | F40: =IF(F38>=22,"OK",IF(F38<=22,"LESS")) -> OK | G40: =IF(G38>=22,"OK",IF(G38<=22,"LESS")) -> OK | H40: =IF(H38>=22,"OK",IF(H38<=22,"LESS")) -> OK | I40: =IF(I38>=22,"OK",IF(I38<=22,"LESS")) -> OK | ... Q40: =IF(Q38>=22,"OK",IF(Q38<=22,"LESS")) -> OK
A43: Done by | B43: RAHUL
A45: Comment

Sheet 26
A1: Station: | B1: BHATAGAON RAIPUR
A2: Date: | B2: =$A$9 -> 26-02-2024 01:00 | D2: Power Off | G2: Pw.Off | L2: Link Fail | N2: Link F | P2: Maintenance | R2: Maint.
A3: Report Type: | B3: Mean | D3: Calibration | G3: Calib. | L3: Data Fail | N3: Data F | P3: Invalid | R3: Invalid
A4: Time Base: | B4: 01 Hour | D4: Zero Referrence | G4: Z.Ref | L4: Warm Up | N4: Wm. Up
A7: Date & Time | B7: NO_BHATAGAON | C7: NO2_BHATAGAON | D7: NOX_BHATAGAON | E7: SO2_BHATAGAON | F7: O3_BHATAGAON | G7: PM10_BHATAGAON | H7: PM2_5_BHATAGAON | I7: BENZ_BHATAGAON | J7: WS_BHATAGAON | K7: WD_BHATAGAON | L7: TEMP_BHATAGAON | M7: HUM BHATAGAON | N7: SR_BHATAGAON | O7: RG_BHATAGAON | P7: CO_BHATAGAON | Q7: NH3_BHATAGAON
B8: ug/m3 | C8: ug/m3 | D8: ppb | E8: ug/m3 | F8: ug/m3 | G8: mg/m3 | H8: ug/m3 | I8: ug/m3 | J8: m/sec | K8: deg | L8: degreC | M8: % | N8: w/m2 | O8: mm | P8: ug/m3 | Q8: ug/m3
A9: 26-02-2024 01:00 | B9: Data F | C9: Data F | D9: Data F | E9: 5.08 | F9: 3.64 | G9: 62.2 | H9: 25.78 | I9: 1.57 | J9: 1 | K9: 97.91 | L9: 20.61 | M9: 78.18 | N9: 25.2 | O9: 0 | P9: 0.62 | Q9: 8.25
A10: 26-02-2024 02:00 | B10: Data F | C10: Data F | D10: Data F | E10: 4.64 | F10: 3.86 | G10: 60.39 | H10: 25.56 | I10: 1.52 | J10: 0.75 | K10: 87.55 | L10: 20.23 | M10: 78.86 | N10: 25.4 | O10: 0 | P10: 0.57 | Q10: 8.37
A11: 26-02-2024 03:00 | B11: Data F | C11: Data F | D11: Data F | E11: 4.87 | F11: 3.73 | G11: 57.38 | H11: 25.41 | I11: 1.53 | J11: 0.47 | K11: 354.86 | L11: 20.01 | M11: 79.9 | N11: 25.7 | O11: 0 | P11: 0.54 | Q11: 8.44
A12: 26-02-2024 04:00 | B12: Data F | C12: Data F | D12: Data F | E12: 4.7 | F12: 3.88 | G12: 56.51 | H12: 25.41 | I12: 1.58 | J12: 0.78 | K12: 357.82 | L12: 19.51 | M12: 83.44 | N12: 25.7 | O12: 0 | P12: 0.51 | Q12: 8.54
A13: 26-02-2024 05:00 | B13: Data F | C13: Data F | D13: Data F | E13: 3.85 | F13: 3.64 | G13: 56.23 | H13: 25.83 | I13: 1.55 | J13: 0.39 | K13: 55.73 | L13: 18.64 | M13: 90.21 | N13: 26 | O13: 0 | P13: 0.5 | Q13: 8.71
A14: 26-02-2024 06:00 | B14: Data F | C14: Data F | D14: Data F | E14: 4.07 | F14: 3.67 | G14: 63.21 | H14: 25.83 | I14: 1.52 | J14: 0.38 | K14: 67.54 | L14: 17.96 | M14: 93.25 | N14: 25.6 | O14: 0 | P14: 0.51 | Q14: 8.77
A15: 26-02-2024 07:00 | B15: Data F | C15: Data F | D15: Data F | E15: 3.84 | F15: 4.17 | G15: 80.74 | H15: 25.68 | I15: 1.52 | J15: 0.57 | K15: 353.15 | L15: 17.86 | M15: 94.61 | N15: 66.2 | O15: 0 | P15: 0.52 | Q15: 8.93
A16: 26-02-2024 08:00 | B16: Data F | C16: Data F | D16: Data F | E16: 4.14 | F16: 3.47 | G16: 80.74 | H16: 26.83 | I16: 1.56 | J16: 0.69 | K16: 354.97 | L16: 19.35 | M16: 91 | N16: 195.2 | O16: 0 | P16: 0.57 | Q16: 9.03
A17: 26-02-2024 09:00 | B17: Data F | C17: Data F | D17: Data F | E17: 4.61 | F17: 3.56 | G17: 74.63 | H17: 27.01 | I17: 1.51 | J17: 1.16 | K17: 96.89 | L17: 20.4 | M17: 86.43 | N17: 330.4 | O17: 0 | P17: 0.58 | Q17: 9.15
A18: 26-02-2024 10:00 | B18: Data F | C18: Data F | D18: Data F | E18: 4.59 | F18: 3.83 | G18: 67.09 | H18: 27.01 | I18: 1.5 | J18: 1 | K18: 89.45 | L18: 22.93 | M18: 83.71 | N18: 372.9 | O18: 0 | P18: 0.59 | Q18: 9.15
A19: 26-02-2024 11:00 | B19: 12.72 | C19: 50.88 | D19: 38.93 | E19: 4.8 | F19: 3.68 | G19: 62.05 | H19: 25.21 | I19: 1.57 | J19: 0.73 | K19: 89.62 | L19: 24.84 | M19: 73.26 | N19: 620.1 | O19: 0 | P19: 0.61 | Q19: 9.14
A20: 26-02-2024 12:00 | B20: 12.43 | C20: 49.49 | D20: 37.84 | E20: 4.71 | F20: 3.8 | G20: 58.11 | H20: 25.21 | I20: 1.53 | J20: 0.66 | K20: 99.62 | L20: 27.54 | M20: 68.97 | N20: 760.9 | O20: 0 | P20: 0.61 | Q20: 9.09
A21: 26-02-2024 13:00 | B21: 11 | C21: 51.48 | D21: 36.48 | E21: 4.62 | F21: 4.19 | G21: 55.89 | H21: 23.78 | I21: 1.53 | J21: 0.68 | K21: 77.25 | L21: 28.34 | M21: 57.18 | N21: 698.5 | O21: 0 | P21: 0.6 | Q21: 9.1
A22: 26-02-2024 14:00 | B22: 8.16 | C22: 49.41 | D22: 34.45 | E22: 4.6 | F22: 4.12 | G22: 53.73 | H22: 23.13 | I22: 1.53 | J22: 1.2 | K22: 359.82 | L22: 29.46 | M22: 57.3 | N22: 690.3 | O22: 0 | P22: 0.6 | Q22: 8.9
A23: 26-02-2024 15:00 | B23: 4.7 | C23: 47.27 | D23: 30.34 | E23: 4.53 | F23: 4.34 | G23: 52.3 | H23: 21.46 | I23: 1.54 | J23: 1.01 | K23: 354.66 | L23: 30.04 | M23: 53.43 | N23: 514.5 | O23: 0 | P23: 0.59 | Q23: 8.72
A24: 26-02-2024 16:00 | B24: 4.2 | C24: 49.08 | D24: 30.7 | E24: 4.58 | F24: 4.13 | G24: 52.3 | H24: 20.15 | I24: 1.55 | J24: 0.95 | K24: 355.36 | L24: 28.44 | M24: 53.1 | N24: 341.5 | O24: 0 | P24: 0.58 | Q24: 8.66
A25: 26-02-2024 17:00 | B25: 5.11 | C25: 52.27 | D25: 33.59 | E25: 3.53 | F25: 4.3 | G25: 49.96 | H25: 21.25 | I25: 1.55 | J25: 1.57 | K25: 354.7 | L25: 28.02 | M25: 57.91 | N25: 202.1 | O25: 0 | P25: 0.61 | Q25: 8.81
A26: 26-02-2024 18:00 | B26: 5.66 | C26: 60.67 | D26: 38.67 | E26: 3.56 | F26: 4.08 | G26: 63.85 | H26: 33.34 | I26: 1.49 | J26: 1.58 | K26: 353.51 | L26: 25.78 | M26: 63.18 | N26: 114.4 | O26: 0 | P26: 0.75 | Q26: 8.81
A27: 26-02-2024 19:00 | B27: 7.43 | C27: 61.78 | D27: 40.49 | E27: 3.82 | F27: 3.87 | G27: 74.56 | H27: 36.23 | I27: 1.61 | J27: 0.95 | K27: 353.31 | L27: 24.44 | M27: 65.23 | N27: 69 | O27: 0 | P27: 0.92 | Q27: 8.83
A28: 26-02-2024 20:00 | B28: 8.31 | C28: 60.9 | D28: 40.77 | E28: 5.46 | F28: 3.67 | G28: 74.56 | H28: 36.23 | I28: 1.55 | J28: 0.98 | K28: 356.36 | L28: 24.08 | M28: 68.2 | N28: 68.9 | O28: 0 | P28: 1 | Q28: 8.85
A29: 26-02-2024 21:00 | B29: 9.38 | C29: 59.41 | D29: 40.17 | E29: 4.99 | F29: 4.04 | G29: 76.36 | H29: 34.17 | I29: 1.5 | J29: 0.67 | K29: 354.74 | L29: 23.28 | M29: 69.42 | N29: 68.8 | O29: 0 | P29: 1.04 | Q29: 9.04
A30: 26-02-2024 22:00 | B30: 9.48 | C30: 56.36 | D30: 39.35 | E30: 4.97 | F30: 3.74 | G30: 76.36 | H30: 33.17 | I30: 1.53 | J30: 1.05 | K30: 93.52 | L30: 22.98 | M30: 71.09 | N30: 68.4 | O30: 0 | P30: 1.04 | Q30: 9.03
... A32: 26-02-2024 24:00 | B32: 8.45 | C32: 54.59 | D32: 37.45 | E32: 5 | F32: 3.72 | G32: 70.97 | H32: 33.9 | I32: 1.51 | J32: 0.44 | K32: 124.38 | L32: 21.98 | M32: 77.21 | N32: 67.7 | O32: 0 | P32: 0.92 | Q32: 8.92
A34: Min | B34: =MIN(B9:B32) -> 4.2 | C34: =MIN(C9:C32) -> 47.27 | D34: =MIN(D9:D32) -> 30.34 | E34: =MIN(E9:E32) -> 3.53 | F34: =MIN(F9:F32) -> 3.47 | G34: =MIN(G9:G32) -> 49.96 | H34: =MIN(H9:H32) -> 20.15 | I34: =MIN(I9:I32) -> 1.49 | ... Q34: =MIN(Q9:Q32) -> 8.25
A35: Max | B35: =MAX(B9:B32) -> 12.72 | C35: =MAX(C9:C32) -> 61.78 | D35: =MAX(D9:D32) -> 40.77 | E35: =MAX(E9:E32) -> 5.46 | F35: =MAX(F9:F32) -> 4.34 | G35: =MAX(G9:G32) -> 80.74 | H35: =MAX(H9:H32) -> 36.23 | I35: =MAX(I9:I32) -> 1.61 | ... Q35: =MAX(Q9:Q32) -> 9.15
A36: Avg | B36: =AVERAGE(B9:B32) -> 8.2728571 | C36: =AVERAGE(C9:C32) -> 54.176429 | D36: =AVERAGE(D9:D32) -> 36.94 | E36: =AVERAGE(E9:E32) -> 4.515 | F36: =AVERAGE(F9:F32) -> 3.8645833 | G36: =AVERAGE(G9:G32) -> 64.77875 | H36: =AVERAGE(H9:H32) -> 27.561667 | I36: =AVERAGE(I9:I32) -> 1.53625 | ... Q36: =AVERAGE(Q9:Q32) -> 8.8379167
A37: Stdev | B37: =STDEV(B9:B32) -> 2.6945342 | C37: =STDEV(C9:C32) -> 4.9469254 | D37: =STDEV(D9:D32) -> 3.4266759 | E37: =STDEV(E9:E32) -> 0.50629086 | F37: =STDEV(F9:F32) -> 0.24731566 | G37: =STDEV(G9:G32) -> 9.8138652 | H37: =STDEV(H9:H32) -> 4.8600659 | I37: =STDEV(I9:I32) -> 0.028255434 | ... Q37: =STDEV(Q9:Q32) -> 0.24960803
A38: Num | B38: =COUNT(B9:B32)+10 -> 24 | C38: =COUNT(C9:C32)+10 -> 24 | D38: =COUNT(D9:D32)+10 -> 24 | E38: =COUNT(E9:E32) -> 24 | F38: =COUNT(F9:F32) -> 24 | G38: =COUNT(G9:G32) -> 24 | H38: =COUNT(H9:H32) -> 24 | I38: =COUNT(I9:I32) -> 24 | J38: =COUNT(J9:J32) -> 24 | K38: =COUNT(K9:K32) -> 24 | L38: =COUNT(L9:L32) -> 24 | ... Q38: =COUNT(Q9:Q32) -> 24
A39: DCR | B39: =IF(B38>=22,">90%",IF(B38<=22,"<90%")) -> >90% | C39: =IF(C38>=22,">90%",IF(C38<=22,"<90%")) -> >90% | D39: =IF(D38>=22,">90%",IF(D38<=22,"<90%")) -> >90% | E39: =IF(E38>=22,">90%",IF(E38<=22,"<90%")) -> >90% | F39: =IF(F38>=22,">90%",IF(F38<=22,"<90%")) -> >90% | G39: =IF(G38>=22,">90%",IF(G38<=22,"<90%")) -> >90% | H39: =IF(H38>=22,">90%",IF(H38<=22,"<90%")) -> >90% | I39: =IF(I38>=22,">90%",IF(I38<=22,"<90%")) -> >90% | ... Q39: =IF(Q38>=22,">90%",IF(Q38<=22,"<90%")) -> >90%
A40: Status | B40: =IF(B38>=22,"OK",IF(B38<=22,"LESS")) -> OK | C40: =IF(C38>=22,"OK",IF(C38<=22,"LESS")) -> OK | D40: =IF(D38>=22,"OK",IF(D38<=22,"LESS")) -> OK | E40: =IF(E38>=22,"OK",IF(E38<=22,"LESS")) -> OK | F40: =IF(F38>=22,"OK",IF(F38<=22,"LESS")) -> OK | G40: =IF(G38>=22,"OK",IF(G38<=22,"LESS")) -> OK | H40: =IF(H38>=22,"OK",IF(H38<=22,"LESS")) -> OK | I40: =IF(I38>=22,"OK",IF(I38<=22,"LESS")) -> OK | ... Q40: =IF(Q38>=22,"OK",IF(Q38<=22,"LESS")) -> OK
A43: Done by | B43: RAHUL
A45: Comment

Sheet 27
A1: Station: | B1: BHATAGAON RAIPUR
A2: Date: | B2: =$A$9 -> 27-02-2024 01:00 | D2: Power Off | G2: Pw.Off | L2: Link Fail | N2: Link F | P2: Maintenance | R2: Maint.
A3: Report Type: | B3: Mean | D3: Calibration | G3: Calib. | L3: Data Fail | N3: Data F | P3: Invalid | R3: Invalid
A4: Time Base: | B4: 01 Hour | D4: Zero Referrence | G4: Z.Ref | L4: Warm Up | N4: Wm. Up
A7: Date & Time | B7: NO_BHATAGAON | C7: NO2_BHATAGAON | D7: NOX_BHATAGAON | E7: SO2_BHATAGAON | F7: O3_BHATAGAON | G7: PM10_BHATAGAON | H7: PM2_5_BHATAGAON | I7: BENZ_BHATAGAON | J7: WS_BHATAGAON | K7: WD_BHATAGAON | L7: TEMP_BHATAGAON | M7: HUM BHATAGAON | N7: SR_BHATAGAON | O7: RG_BHATAGAON | P7: CO_BHATAGAON | Q7: NH3_BHATAGAON
B8: ug/m3 | C8: ug/m3 | D8: ppb | E8: ug/m3 | F8: ug/m3 | G8: mg/m3 | H8: ug/m3 | I8: ug/m3 | J8: m/sec | K8: deg | L8: degreC | M8: % | N8: w/m2 | O8: mm | P8: ug/m3 | Q8: ug/m3
A9: 27-02-2024 01:00 | B9: 6.37 | C9: 52.61 | D9: 34.79 | E9: 3.31 | F9: 3.98 | G9: 68.77 | H9: 28.33 | I9: 1.54 | J9: 0.47 | K9: 165.47 | L9: 21.53 | M9: 79.97 | N9: 67.7 | O9: 0 | P9: 0.83 | Q9: 8.9
A10: 27-02-2024 02:00 | B10: 6.2 | C10: 47.42 | D10: 31.45 | E10: 3.31 | F10: 3.97 | G10: 63.82 | H10: 29.11 | I10: 1.56 | J10: 0.22 | K10: 353.19 | L10: 21.26 | M10: 87.51 | N10: 69.6 | O10: 0 | P10: 0.75 | Q10: 8.92
A11: 27-02-2024 03:00 | B11: 7.33 | C11: 51.41 | D11: 34.63 | E11: 3.31 | F11: 3.67 | G11: 63.82 | H11: 29.11 | I11: 1.55 | J11: 0.21 | K11: 349.45 | L11: 20.35 | M11: 91.14 | N11: 70.7 | O11: 0 | P11: 0.71 | Q11: 8.91
A12: 27-02-2024 04:00 | B12: 6.7 | C12: 50.92 | D12: 34.12 | E12: 3.21 | F12: 3.8 | G12: 60.35 | H12: 28.89 | I12: 1.56 | J12: 0.17 | K12: 347.28 | L12: 19.77 | M12: 96.55 | N12: 71.8 | O12: 0 | P12: 0.66 | Q12: 9.02
A13: 27-02-2024 05:00 | B13: 9.59 | C13: 49.84 | D13: 35.49 | E13: 4.15 | F13: 3.65 | G13: 57.79 | H13: 29.48 | I13: 1.51 | J13: 0.26 | K13: 273.48 | L13: 19.9 | M13: 97.47 | N13: 73.1 | O13: 0 | P13: 0.65 | Q13: 8.99
A14: 27-02-2024 06:00 | B14: 11.03 | C14: 48.4 | D14: 35.47 | E14: 3.86 | F14: 3.73 | G14: 58.16 | H14: 30.73 | I14: 1.53 | J14: 0.28 | K14: 80.86 | L14: 19.93 | M14: 93.47 | N14: 74.2 | O14: 0 | P14: 0.64 | Q14: 9.02
A15: 27-02-2024 07:00 | B15: 15.94 | C15: 47.93 | D15: 39.75 | E15: 4 | F15: 4.14 | G15: 66.22 | H15: 31.22 | I15: 1.57 | J15: 0.55 | K15: 89.4 | L15: 20.23 | M15: 94.34 | N15: 138.6 | O15: 0 | P15: 0.67 | Q15: 8.94
A16: 27-02-2024 08:00 | B16: 16.53 | C16: 51.16 | D16: 41.6 | E16: 4.09 | F16: 3.66 | G16: 70.44 | H16: 31.8 | I16: 1.56 | J16: 0.91 | K16: 93.6 | L16: 21.29 | M16: 87.98 | N16: 201.7 | O16: 0 | P16: 0.69 | Q16: 9.04
A17: 27-02-2024 09:00 | B17: 14.82 | C17: 51.97 | D17: 41.21 | E17: 4.47 | F17: 3.55 | G17: 70.44 | H17: 31.8 | I17: 1.53 | J17: 0.52 | K17: 355.6 | L17: 27.23 | M17: 84.75 | N17: 452.9 | O17: 0 | P17: 0.68 | Q17: 9.04
A18: 27-02-2024 10:00 | B18: 15.1 | C18: 53.45 | D18: 41.94 | E18: 4.55 | F18: 3.54 | G18: 67.25 | H18: 29.62 | I18: 1.58 | J18: 0.52 | K18: 352.32 | L18: 30.79 | M18: 54.2 | N18: 597.9 | O18: 0 | P18: 0.72 | Q18: 9.06
A19: 27-02-2024 11:00 | B19: 14.34 | C19: 53.56 | D19: 41.19 | E19: 4.24 | F19: 3.72 | G19: 67.25 | H19: 25.42 | I19: 1.56 | J19: 0.8 | K19: 306.3 | L19: 29.76 | M19: 62.28 | N19: 740.3 | O19: 0 | P19: 0.72 | Q19: 9.08
A20: 27-02-2024 12:00 | B20: 9.52 | C20: 50.26 | D20: 36.02 | E20: 4.73 | F20: 9.31 | G20: 66.33 | H20: 25.42 | I20: 1.53 | J20: 0.34 | K20: 252.82 | L20: 30.15 | M20: 58.15 | N20: 774.6 | O20: 0 | P20: 0.66 | Q20: 8.98
... A32: 27-02-2024 24:00 | B32: 9.69 | C32: 45.57 | D32: 33.12 | E32: 4.3 | F32: 3.8 | G32: 79.3 | H32: 19.2 | I32: 1.55 | J32: 2.92 | K32: 351.11 | L32: 19.79 | M32: 87.53 | N32: 28.8 | O32: 0 | P32: 0.72 | Q32: 8.18
A34: Min | B34: =MIN(B9:B32) -> 2.16 | C34: =MIN(C9:C32) -> 33.93 | D34: =MIN(D9:D32) -> 20.73 | E34: =MIN(E9:E32) -> 3.21 | F34: =MIN(F9:F32) -> 3.37 | G34: =MIN(G9:G32) -> 29.82 | H34: =MIN(H9:H32) -> 16.31 | I34: =MIN(I9:I32) -> 1.51 | ... Q34: =MIN(Q9:Q32) -> 7.94
A35: Max | B35: =MAX(B9:B32) -> 17.03 | C35: =MAX(C9:C32) -> 53.56 | D35: =MAX(D9:D32) -> 41.94 | E35: =MAX(E9:E32) -> 4.88 | F35: =MAX(F9:F32) -> 12.16 | G35: =MAX(G9:G32) -> 81.83 | H35: =MAX(H9:H32) -> 31.8 | I35: =MAX(I9:I32) -> 1.64 | ... Q35: =MAX(Q9:Q32) -> 9.08
A36: Avg | B36: =AVERAGE(B9:B32) -> 9.2991667 | C36: =AVERAGE(C9:C32) -> 45.269583 | D36: =AVERAGE(D9:D32) -> 32.833333 | E36: =AVERAGE(E9:E32) -> 4.2529167 | F36: =AVERAGE(F9:F32) -> 4.9883333 | G36: =AVERAGE(G9:G32) -> 60.112917 | H36: =AVERAGE(H9:H32) -> 25.297917 | I36: =AVERAGE(I9:I32) -> 1.5541667 | ... Q36: =AVERAGE(Q9:Q32) -> 8.5958333
A37: Stdev | B37: =STDEV(B9:B32) -> 5.207416 | C37: =STDEV(C9:C32) -> 6.4564848 | D37: =STDEV(D9:D32) -> 7.0598939 | E37: =STDEV(E9:E32) -> 0.51787592 | F37: =STDEV(F9:F32) -> 2.407699 | G37: =STDEV(G9:G32) -> 13.941467 | H37: =STDEV(H9:H32) -> 5.1581459 | I37: =STDEV(I9:I32) -> 0.028117249 | ... Q37: =STDEV(Q9:Q32) -> 0.43153837
A38: Num | B38: =COUNT(B9:B32) -> 24 | C38: =COUNT(C9:C32) -> 24 | D38: =COUNT(D9:D32) -> 24 | E38: =COUNT(E9:E32) -> 24 | F38: =COUNT(F9:F32) -> 24 | G38: =COUNT(G9:G32) -> 24 | H38: =COUNT(H9:H32) -> 24 | I38: =COUNT(I9:I32) -> 24 | ... Q38: =COUNT(Q9:Q32) -> 24
A39: DCR | B39: =IF(B38>=22,">90%",IF(B38<=22,"<90%")) -> >90% | C39: =IF(C38>=22,">90%",IF(C38<=22,"<90%")) -> >90% | D39: =IF(D38>=22,">90%",IF(D38<=22,"<90%")) -> >90% | E39: =IF(E38>=22,">90%",IF(E38<=22,"<90%")) -> >90% | F39: =IF(F38>=22,">90%",IF(F38<=22,"<90%")) -> >90% | G39: =IF(G38>=22,">90%",IF(G38<=22,"<90%")) -> >90% | H39: =IF(H38>=22,">90%",IF(H38<=22,"<90%")) -> >90% | I39: =IF(I38>=22,">90%",IF(I38<=22,"<90%")) -> >90% | ... Q39: =IF(Q38>=22,">90%",IF(Q38<=22,"<90%")) -> >90%
A40: Status | B40: =IF(B38>=22,"OK",IF(B38<=22,"LESS")) -> OK | C40: =IF(C38>=22,"OK",IF(C38<=22,"LESS")) -> OK | D40: =IF(D38>=22,"OK",IF(D38<=22,"LESS")) -> OK | E40: =IF(E38>=22,"OK",IF(E38<=22,"LESS")) -> OK | F40: =IF(F38>=22,"OK",IF(F38<=22,"LESS")) -> OK | G40: =IF(G38>=22,"OK",IF(G38<=22,"LESS")) -> OK | H40: =IF(H38>=22,"OK",IF(H38<=22,"LESS")) -> OK | I40: =IF(I38>=22,"OK",IF(I38<=22,"LESS")) -> OK | ... Q40: =IF(Q38>=22,"OK",IF(Q38<=22,"LESS")) -> OK
A43: Done by | B43: RAHUL
A45: Comment

Sheet 28
A1: Station: | B1: BHATAGAON RAIPUR
A2: Date: | B2: =$A$9 -> 28-02-2024 01:00 | D2: Power Off | G2: Pw.Off | L2: Link Fail | N2: Link F | P2: Maintenance | R2: Maint.
A3: Report Type: | B3: Mean | D3: Calibration | G3: Calib. | L3: Data Fail | N3: Data F | P3: Invalid | R3: Invalid
A4: Time Base: | B4: 01 Hour | D4: Zero Referrence | G4: Z.Ref | L4: Warm Up | N4: Wm. Up
A7: Date & Time | B7: NO_BHATAGAON | C7: NO2_BHATAGAON | D7: NOX_BHATAGAON | E7: SO2_BHATAGAON | F7: O3_BHATAGAON | G7: PM10_BHATAGAON | H7: PM2_5_BHATAGAON | I7: BENZ_BHATAGAON | J7: WS_BHATAGAON | K7: WD_BHATAGAON | L7: TEMP_BHATAGAON | M7: HUM BHATAGAON | N7: SR_BHATAGAON | O7: RG_BHATAGAON | P7: CO_BHATAGAON | Q7: NH3_BHATAGAON
B8: ug/m3 | C8: ug/m3 | D8: ppb | E8: ug/m3 | F8: ug/m3 | G8: mg/m3 | H8: ug/m3 | I8: ug/m3 | J8: m/sec | K8: deg | L8: degreC | M8: % | N8: w/m2 | O8: mm | P8: ug/m3 | Q8: ug/m3
A9: 28-02-2024 01:00 | B9: 7.65 | C9: 46.96 | D9: 32.02 | E9: 4.44 | F9: 3.91 | G9: 57.8 | H9: 17.27 | I9: 1.55 | J9: 1.28 | K9: 359.54 | L9: 18.94 | M9: 82.84 | N9: 27.8 | O9: 0 | P9: 0.56 | Q9: 8.19
A10: 28-02-2024 02:00 | B10: 6.5 | C10: 44.85 | D10: 30.6 | E10: 4.48 | F10: 3.52 | G10: 50.47 | H10: 15.64 | I10: 1.56 | J10: 1.46 | K10: 102.25 | L10: 18.59 | M10: 81.17 | N10: 27.3 | O10: 0 | P10: 0.53 | Q10: 8.24
A11: 28-02-2024 03:00 | B11: 6 | C11: 39.38 | D11: 27.19 | E11: 4.55 | F11: 3.56 | G11: 39.12 | H11: 14.65 | I11: 1.54 | J11: 0.6 | K11: 158.93 | L11: 18.44 | M11: 90.37 | N11: 27.5 | O11: 0 | P11: 0.47 | Q11: 8.27
A12: 28-02-2024 04:00 | B12: 5.78 | C12: 36.71 | D12: 25.38 | E12: 4.44 | F12: 3.67 | G12: 37.03 | H12: 12.07 | I12: 1.5 | J12: 0.67 | K12: 192.07 | L12: 18.06 | M12: 91.77 | N12: 27.3 | O12: 0 | P12: 0.43 | Q12: 8.28
A13: 28-02-2024 05:00 | B13: 7.04 | C13: 38.93 | D13: 27.78 | E13: 3.59 | F13: 3.53 | G13: 31.49 | H13: 11.35 | I13: 1.52 | J13: 0.23 | K13: 332.44 | L13: 18.09 | M13: 93.26 | N13: 27.8 | O13: 0 | P13: 0.4 | Q13: 8.35
A14: 28-02-2024 06:00 | B14: 10.22 | C14: 39.06 | D14: 30.4 | E14: 3.77 | F14: 3.52 | G14: 28.89 | H14: 11.98 | I14: 1.51 | J14: 0.97 | K14: 357.05 | L14: 17.94 | M14: 93.09 | N14: 27.9 | O14: 0 | P14: 0.43 | Q14: 8.32
A15: 28-02-2024 07:00 | B15: 18.62 | C15: 41.32 | D15: 37.53 | E15: 4.31 | F15: 3.3 | G15: 115.91 | H15: 18.3 | I15: 1.59 | J15: 0.68 | K15: 359.29 | L15: 17.63 | M15: 93.81 | N15: 69.9 | O15: 0 | P15: 0.55 | Q15: 8.43
A16: 28-02-2024 08:00 | B16: 27.76 | C16: 41.34 | D16: 45.72 | E16: 4.86 | F16: 3.41 | G16: 151.61 | H16: 37.27 | I16: 1.61 | J16: 1.25 | K16: 354.13 | L16: 21.35 | M16: 89.34 | N16: 213.7 | O16: 0 | P16: 0.67 | Q16: 8.79
A17: 28-02-2024 09:00 | B17: 35.44 | C17: 45.5 | D17: 54.17 | E17: 5.04 | F17: 3.48 | G17: 151.61 | H17: 38.08 | I17: 1.54 | J17: 1.12 | K17: 351.1 | L17: 25.69 | M17: 71.47 | N17: 379.2 | O17: 0 | P17: 0.83 | Q17: 9.01
A18: 28-02-2024 10:00 | B18: 37.83 | C18: 47.49 | D18: 57.08 | E18: 5.15 | F18: 3.51 | G18: 171.42 | H18: 46.07 | I18: 1.49 | J18: 0.86 | K18: 340.49 | L18: 28.59 | M18: 54.07 | N18: 577.6 | O18: 0 | P18: 0.87 | Q18: 9.14
A19: 28-02-2024 11:00 | B19: 37.37 | C19: 49.06 | D19: 56.73 | E19: 5.06 | F19: 3.7 | G19: 171.42 | H19: 46.07 | I19: 1.55 | J19: 0.85 | K19: 346.49 | L19: 30.5 | M19: 49.94 | N19: 721.9 | O19: 0 | P19: 0.87 | Q19: 9.13
A20: 28-02-2024 12:00 | B20: 21.93 | C20: 55.87 | D20: 47.58 | E20: 5.48 | F20: 6.11 | G20: 104.89 | H20: 38.65 | I20: 1.55 | J20: 0.56 | K20: 348.02 | L20: 31.09 | M20: 44.83 | N20: 762.7 | O20: 0 | P20: 0.81 | Q20: 8.91
... A32: 28-02-2024 24:00 | B32: 74 | C32: 54.14 | D32: 89.87 | E32: 5.91 | F32: 3.66 | G32: 122.55 | H32: 44.28 | I32: 1.61 | J32: 0.46 | K32: 329.98 | L32: 20.9 | M32: 78.5 | N32: 25 | O32: 0 | P32: 1.94 | Q32: 9.98
A34: Min | B34: =MIN(B9:B32) -> 3.6 | C34: =MIN(C9:C32) -> 36.71 | D34: =MIN(D9:D32) -> 25.38 | E34: =MIN(E9:E32) -> 3.59 | F34: =MIN(F9:F32) -> 3.3 | G34: =MIN(G9:G32) -> 28.89 | H34: =MIN(H9:H32) -> 11.35 | I34: =MIN(I9:I32) -> 1.49 | ... Q34: =MIN(Q9:Q32) -> 8.19
A35: Max | B35: =MAX(B9:B32) -> 74 | C35: =MAX(C9:C32) -> 56.09 | D35: =MAX(D9:D32) -> 89.87 | E35: =MAX(E9:E32) -> 5.91 | F35: =MAX(F9:F32) -> 11.09 | G35: =MAX(G9:G32) -> 171.42 | H35: =MAX(H9:H32) -> 46.07 | I35: =MAX(I9:I32) -> 1.61 | ... Q35: =MAX(Q9:Q32) -> 9.98
A36: Avg | B36: =AVERAGE(B9:B32) -> 22.134167 | C36: =AVERAGE(C9:C32) -> 46.55625 | D36: =AVERAGE(D9:D32) -> 43.85875 | E36: =AVERAGE(E9:E32) -> 4.895 | F36: =AVERAGE(F9:F32) -> 4.215 | G36: =AVERAGE(G9:G32) -> 84.95 | H36: =AVERAGE(H9:H32) -> 27.8475 | I36: =AVERAGE(I9:I32) -> 1.5475 | ... Q36: =AVERAGE(Q9:Q32) -> 8.6691667
A37: Stdev | B37: =STDEV(B9:B32) -> 22.878821 | C37: =STDEV(C9:C32) -> 5.813971 | D37: =STDEV(D9:D32) -> 20.464256 | E37: =STDEV(E9:E32) -> 0.59586255 | F37: =STDEV(F9:F32) -> 1.5958479 | G37: =STDEV(G9:G32) -> 47.215809 | H37: =STDEV(H9:H32) -> 11.995794 | I37: =STDEV(I9:I32) -> 0.032737427 | ... Q37: =STDEV(Q9:Q32) -> 0.52988035
A38: Num | B38: =COUNT(B9:B32) -> 24 | C38: =COUNT(C9:C32) -> 24 | D38: =COUNT(D9:D32) -> 24 | E38: =COUNT(E9:E32) -> 24 | F38: =COUNT(F9:F32) -> 24 | G38: =COUNT(G9:G32) -> 24 | H38: =COUNT(H9:H32) -> 24 | I38: =COUNT(I9:I32) -> 24 | ... Q38: =COUNT(Q9:Q32) -> 24
A39: DCR | B39: =IF(B38>=22,">90%",IF(B38<=22,"<90%")) -> >90% | C39: =IF(C38>=22,">90%",IF(C38<=22,"<90%")) -> >90% | D39: =IF(D38>=22,">90%",IF(D38<=22,"<90%")) -> >90% | E39: =IF(E38>=22,">90%",IF(E38<=22,"<90%")) -> >90% | F39: =IF(F38>=22,">90%",IF(F38<=22,"<90%")) -> >90% | G39: =IF(G38>=22,">90%",IF(G38<=22,"<90%")) -> >90% | H39: =IF(H38>=22,">90%",IF(H38<=22,"<90%")) -> >90% | I39: =IF(I38>=22,">90%",IF(I38<=22,"<90%")) -> >90% | ... Q39: =IF(Q38>=22,">90%",IF(Q38<=22,"<90%")) -> >90%
A40: Status | B40: =IF(B38>=22,"OK",IF(B38<=22,"LESS")) -> OK | C40: =IF(C38>=22,"OK",IF(C38<=22,"LESS")) -> OK | D40: =IF(D38>=22,"OK",IF(D38<=22,"LESS")) -> OK | E40: =IF(E38>=22,"OK",IF(E38<=22,"LESS")) -> OK | F40: =IF(F38>=22,"OK",IF(F38<=22,"LESS")) -> OK | G40: =IF(G38>=22,"OK",IF(G38<=22,"LESS")) -> OK | H40: =IF(H38>=22,"OK",IF(H38<=22,"LESS")) -> OK | I40: =IF(I38>=22,"OK",IF(I38<=22,"LESS")) -> OK | ... Q40: =IF(Q38>=22,"OK",IF(Q38<=22,"LESS")) -> OK
A43: Done by | B43: RAHUL
A45: Comment

Sheet 29
A1: Station: | B1: BHATAGAON RAIPUR
A2: Date: | B2: =$A$9 -> 29-02-2024 01:00 | D2: Power Off | G2: Pw.Off | L2: Link Fail | N2: Link F | P2: Maintenance | R2: Maint.
A3: Report Type: | B3: Mean | D3: Calibration | G3: Calib. | L3: Data Fail | N3: Data F | P3: Invalid | R3: Invalid
A4: Time Base: | B4: 01 Hour | D4: Zero Referrence | G4: Z.Ref | L4: Warm Up | N4: Wm. Up
A7: Date & Time | B7: NO_BHATAGAON | C7: NO2_BHATAGAON | D7: NOX_BHATAGAON | E7: SO2_BHATAGAON | F7: O3_BHATAGAON | G7: PM10_BHATAGAON | H7: PM2_5_BHATAGAON | I7: BENZ_BHATAGAON | J7: WS_BHATAGAON | K7: WD_BHATAGAON | L7: TEMP_BHATAGAON | M7: HUM BHATAGAON | N7: SR_BHATAGAON | O7: RG_BHATAGAON | P7: CO_BHATAGAON | Q7: NH3_BHATAGAON
B8: ug/m3 | C8: ug/m3 | D8: ppb | E8: ug/m3 | F8: ug/m3 | G8: mg/m3 | H8: ug/m3 | I8: ug/m3 | J8: m/sec | K8: deg | L8: degreC | M8: % | N8: w/m2 | O8: mm | P8: ug/m3 | Q8: ug/m3
A9: 29-02-2024 01:00 | B9: 70.99 | C9: 53.36 | D9: 85.93 | E9: 5.08 | F9: 3.68 | G9: 112.63 | H9: 40.06 | I9: 1.54 | J9: 0.27 | K9: 315.83 | L9: 20.61 | M9: 83.17 | N9: 25 | O9: 0 | P9: 1.84 | Q9: 9.95
A10: 29-02-2024 02:00 | B10: 60.16 | C10: 51.73 | D10: 77.43 | E10: 5.03 | F10: 3.24 | G10: 115.44 | H10: 40.61 | I10: 1.55 | J10: 0.29 | K10: 358.06 | L10: 19.71 | M10: 86.89 | N10: 25.1 | O10: 0 | P10: 1.56 | Q10: 9.85
A11: 29-02-2024 03:00 | B11: 49.51 | C11: 48.02 | D11: 66.85 | E11: 4.98 | F11: 3.31 | G11: 115.44 | H11: 42.94 | I11: 1.51 | J11: 0.29 | K11: 97.79 | L11: 19.96 | M11: 85.36 | N11: 25.1 | O11: 0 | P11: 1.44 | Q11: 9.61
A12: 29-02-2024 04:00 | B12: 40.93 | C12: 44.85 | D12: 58.05 | E12: 5.63 | F12: 3.41 | G12: 97.94 | H12: 42.94 | I12: 1.57 | J12: 0.39 | K12: 227.11 | L12: 19.03 | M12: 83.41 | N12: 24.8 | O12: 0 | P12: 1.27 | Q12: 9.43
A13: 29-02-2024 05:00 | B13: 39.08 | C13: 45.13 | D13: 56.89 | E13: 5.94 | F13: 3.67 | G13: 99.79 | H13: 36.56 | I13: 1.56 | J13: 0.15 | K13: 349.97 | L13: 18.13 | M13: 92.82 | N13: 25.2 | O13: 0 | P13: 1.18 | Q13: 9.39
A14: 29-02-2024 06:00 | B14: 38.58 | C14: 45.64 | D14: 56.77 | E14: 6.15 | F14: 3.69 | G14: 99.79 | H14: 36.56 | I14: 1.61 | J14: 0.21 | K14: 320.04 | L14: 17.92 | M14: 95.21 | N14: 25 | O14: 0 | P14: 1.11 | Q14: 9.36
A15: 29-02-2024 07:00 | B15: 34.54 | C15: 47.07 | D15: 53.14 | E15: 6.07 | F15: 3.39 | G15: 73.62 | H15: 28.02 | I15: 1.53 | J15: 0.65 | K15: 351.65 | L15: 18.62 | M15: 84.38 | N15: 85.8 | O15: 0 | P15: 0.98 | Q15: 9.25
A16: 29-02-2024 08:00 | B16: 33.15 | C16: 50.43 | D16: 53.9 | E16: 5.9 | F16: 3.49 | G16: 65.31 | H16: 25.73 | I16: 1.49 | J16: 1.38 | K16: 352.77 | L16: 23.49 | M16: 70.26 | N16: 313.9 | O16: 0 | P16: 0.94 | Q16: 9.27
A17: 29-02-2024 09:00 | B17: 27.44 | C17: 54.13 | D17: 51.06 | E17: 4.91 | F17: 3.72 | G17: 65.25 | H17: 25.16 | I17: 1.51 | J17: 1.56 | K17: 353.35 | L17: 26.62 | M17: 51.72 | N17: 536 | O17: 0 | P17: 0.83 | Q17: 9.15
A18: 29-02-2024 10:00 | B18: 22.1 | C18: 56.41 | D18: 47.99 | E18: 5.07 | F18: 3.7 | G18: 65.25 | H18: 36.82 | I18: 1.54 | J18: 0.95 | K18: 359.4 | L18: 28.1 | M18: 46.93 | N18: 750.9 | O18: 0 | P18: 0.75 | Q18: 9.08
A19: 29-02-2024 11:00 | B19: 15.91 | C19: 62.73 | D19: 44.67 | E19: 5 | F19: 4.68 | G19: 62.26 | H19: 36.82 | I19: 1.51 | J19: 0.9 | K19: 357.79 | L19: 32.28 | M19: 40.12 | N19: 835.6 | O19: 0 | P19: 0.67 | Q19: 8.98
A20: 29-02-2024 12:00 | B20: 9.18 | C20: 61.63 | D20: 42.02 | E20: 4.76 | F20: 4.41 | G20: 51.1 | H20: 26.33 | I20: 1.53 | J20: 1.01 | K20: 357.93 | L20: 31.64 | M20: 34.99 | N20: 872.2 | O20: 0 | P20: 0.57 | Q20: 8.63
... A32: 29-02-2024 24:00 | B32: 34.03 | C32: 58.13 | D32: 60.02 | E32: 4 | F32: 3.29 | G32: 77.58 | H32: 27.27 | I32: 1.49 | J32: 0.28 | K32: 69.09 | L32: 22.46 | M32: 39.18 | N32: 47.3 | O32: 0 | P32: 0.91 | Q32: 9.86
A34: Min | B34: =MIN(B9:B32) -> 2.39 | C34: =MIN(C9:C32) -> 44.85 | D34: =MIN(D9:D32) -> 33.25 | E34: =MIN(E9:E32) -> 3.84 | F34: =MIN(F9:F32) -> 3.24 | G34: =MIN(G9:G32) -> 39.66 | H34: =MIN(H9:H32) -> 19.38 | I34: =MIN(I9:I32) -> 1.49 | ... Q34: =MIN(Q9:Q32) -> 8.53
A35: Max | B35: =MAX(B9:B32) -> 70.99 | C35: =MAX(C9:C32) -> 70.54 | D35: =MAX(D9:D32) -> 85.93 | E35: =MAX(E9:E32) -> 7.6 | F35: =MAX(F9:F32) -> 14.46 | G35: =MAX(G9:G32) -> 115.44 | H35: =MAX(H9:H32) -> 42.94 | I35: =MAX(I9:I32) -> 1.61 | ... Q35: =MAX(Q9:Q32) -> 9.97
A36: Avg | B36: =AVERAGE(B9:B32) -> 28.238333 | C36: =AVERAGE(C9:C32) -> 56.992917 | D36: =AVERAGE(D9:D32) -> 54.085833 | E36: =AVERAGE(E9:E32) -> 4.9895833 | F36: =AVERAGE(F9:F32) -> 4.5166667 | G36: =AVERAGE(G9:G32) -> 73.380833 | H36: =AVERAGE(H9:H32) -> 29.837083 | I36: =AVERAGE(I9:I32) -> 1.5395833 | ... Q36: =AVERAGE(Q9:Q32) -> 9.2875
A37: Stdev | B37: =STDEV(B9:B32) -> 18.761895 | C37: =STDEV(C9:C32) -> 7.6997304 | D37: =STDEV(D9:D32) -> 14.533503 | E37: =STDEV(E9:E32) -> 0.87176223 | F37: =STDEV(F9:F32) -> 2.5166691 | G37: =STDEV(G9:G32) -> 23.327848 | H37: =STDEV(H9:H32) -> 7.6836684 | I37: =STDEV(I9:I32) -> 0.034068877 | ... Q37: =STDEV(Q9:Q32) -> 0.47809632
A38: Num | B38: =COUNT(B9:B32) -> 24 | C38: =COUNT(C9:C32) -> 24 | D38: =COUNT(D9:D32) -> 24 | E38: =COUNT(E9:E32) -> 24 | F38: =COUNT(F9:F32) -> 24 | G38: =COUNT(G9:G32) -> 24 | H38: =COUNT(H9:H32) -> 24 | I38: =COUNT(I9:I32) -> 24 | ... Q38: =COUNT(Q9:Q32) -> 24
A39: DCR | B39: =IF(B38>=22,">90%",IF(B38<=22,"<90%")) -> >90% | C39: =IF(C38>=22,">90%",IF(C38<=22,"<90%")) -> >90% | D39: =IF(D38>=22,">90%",IF(D38<=22,"<90%")) -> >90% | E39: =IF(E38>=22,">90%",IF(E38<=22,"<90%")) -> >90% | F39: =IF(F38>=22,">90%",IF(F38<=22,"<90%")) -> >90% | G39: =IF(G38>=22,">90%",IF(G38<=22,"<90%")) -> >90% | H39: =IF(H38>=22,">90%",IF(H38<=22,"<90%")) -> >90% | I39: =IF(I38>=22,">90%",IF(I38<=22,"<90%")) -> >90% | ... Q39: =IF(Q38>=22,">90%",IF(Q38<=22,"<90%")) -> >90%
A40: Status | B40: =IF(B38>=22,"OK",IF(B38<=22,"LESS")) -> OK | C40: =IF(C38>=22,"OK",IF(C38<=22,"LESS")) -> OK | D40: =IF(D38>=22,"OK",IF(D38<=22,"LESS")) -> OK | E40: =IF(E38>=22,"OK",IF(E38<=22,"LESS")) -> OK | F40: =IF(F38>=22,"OK",IF(F38<=22,"LESS")) -> OK | G40: =IF(G38>=22,"OK",IF(G38<=22,"LESS")) -> OK | H40: =IF(H38>=22,"OK",IF(H38<=22,"LESS")) -> OK | I40: =IF(I38>=22,"OK",IF(I38<=22,"LESS")) -> OK | ... Q40: =IF(Q38>=22,"OK",IF(Q38<=22,"LESS")) -> OK
A43: Done by | B43: RAHUL
A45: Comment

Sheet MONTHLY 31
A1: Station: | B1: BHATAGAON RAIPUR
A2: Date: | B2: =$A$9 -> 01-02-2024 01:00 | D2: Power Off | G2: Pw.Off | L2: Link Fail | N2: Link F | P2: Maintenance | R2: Maint.
A3: Report Type: | B3: Mean | D3: Calibration | G3: Calib. | L3: Data Fail | N3: Data F | P3: Invalid | R3: Invalid
A4: Time Base: | B4: 24 HRS | D4: Zero Referrence | G4: Z.Ref | L4: Warm Up | N4: Wm. Up
A7: Date & Time | B7: NO_BHATAGAON | C7: NO2_BHATAGAON | D7: NOX_BHATAGAON | E7: SO2_BHATAGAON | F7: O3_BHATAGAON | G7: PM10_BHATAGAON | H7: PM2_5_BHATAGAON | I7: BENZ_BHATAGAON | J7: WS_BHATAGAON | K7: WD_BHATAGAON | L7: TEMP_BHATAGAON | M7: HUM BHATAGAON | N7: SR_BHATAGAON | O7: RG_BHATAGAON | P7: CO_BHATAGAON | Q7: NH3_BHATAGAON
B8: ug/m3 | C8: ug/m3 | D8: ppb | E8: ug/m3 | F8: ug/m3 | G8: mg/m3 | H8: ug/m3 | I8: ug/m3 | J8: m/sec | K8: deg | L8: degreC | M8: % | N8: w/m2 | O8: mm | P8: ug/m3 | Q8: ug/m3
A9: ='01'!$B$2 -> 01-02-2024 01:00 | B9: ='01'!B36 -> 29.915417 | C9: ='01'!C36 -> 61.4925 | D9: ='01'!D36 -> 57.983333 | E9: ='01'!E36 -> 0.29833333 | F9: ='01'!F36 -> 3.6616667 | G9: ='01'!G36 -> 117.1525 | H9: ='01'!H36 -> 48.345833 | I9: ='01'!I36 -> 1.5483333 | ... O9: ='01'!O36 -> 0 | P9: ='01'!$P$36 -> 1.1466667 | Q9: ='01'!Q36 -> 8.9558333
A10: ='02'!$B$2 -> 02-02-2024 01:00 | B10: ='02'!B36 -> 36.150833 | C10: ='02'!C36 -> 59.514583 | D10: ='02'!D36 -> 61.825417 | E10: ='02'!E36 -> 0.27083333 | F10: ='02'!F36 -> 3.57625 | G10: ='02'!G36 -> 95.562083 | H10: ='02'!H36 -> 39.087083 | I10: ='02'!I36 -> 1.5479167 | ... O10: ='02'!O36 -> 0 | P10: ='02'!$P$36 -> 1.0466667 | Q10: ='02'!Q36 -> 9.79625
A11: ='03'!$B$2 -> 03-02-2024 01:00 | B11: ='03'!B36 -> 50.599583 | C11: ='03'!C36 -> 62.802917 | D11: ='03'!D36 -> 75.3375 | E11: ='03'!E36 -> 0.31833333 | F11: ='03'!F36 -> 3.7483333 | G11: ='03'!G36 -> 113.54043 | H11: ='03'!H36 -> 39.207391 | I11: ='03'!I36 -> 1.5445833 | ... O11: ='03'!O36 -> 0 | P11: ='03'!$P$36 -> 1.0418182 | Q11: ='03'!Q36 -> 10.39875
A12: ='04'!$B$2 -> 04-02-2024 01:00 | B12: ='04'!B36 -> 96.4475 | C12: ='04'!C36 -> 66.275417 | D12: ='04'!D36 -> 114.21083 | E12: ='04'!E36 -> 0.32166667 | F12: ='04'!F36 -> 3.4420833 | G12: ='04'!G36 -> 120.265 | H12: ='04'!H36 -> 42.03875 | I12: ='04'!I36 -> 1.5391667 | ... O12: ='04'!O36 -> 0 | P12: ='04'!$P$36 -> 1.4041667 | Q12: ='04'!Q36 -> 14.735833
A13: ='05'!$B$2 -> 05-02-2024 01:00 | B13: ='05'!B36 -> 31.342083 | C13: ='05'!C36 -> 62.36125 | D13: ='05'!D36 -> 59.67375 | E13: ='05'!E36 -> 0.25 | F13: ='05'!F36 -> 4.9283333 | G13: ='05'!G36 -> 66.100417 | H13: ='05'!H36 -> 24.6475 | I13: ='05'!I36 -> 1.5325 | ... O13: ='05'!O36 -> 0 | P13: ='05'!$P$36 -> 0.84541667 | Q13: ='05'!Q36 -> 8.9779167
A14: ='06'!$B$2 -> 06-02-2024 01:00 | B14: ='06'!B36 -> 24.714167 | C14: ='06'!C36 -> 57.444583 | D14: ='06'!D36 -> 51.700417 | E14: ='06'!E36 -> 0.22208333 | F14: ='06'!F36 -> 5.615 | G14: ='06'!G36 -> 76.87875 | H14: ='06'!H36 -> 28.652083 | I14: ='06'!I36 -> 1.5441667 | ... O14: ='06'!O36 -> 0 | P14: ='06'!$P$36 -> 0.83583333 | Q14: ='06'!Q36 -> 8.2170833
A15: ='07'!$B$2 -> 07-02-2024 01:00 | B15: ='07'!B36 -> 22.005833 | C15: ='07'!C36 -> 58.622917 | D15: ='07'!D36 -> 50.295833 | E15: ='07'!E36 -> 0.25 | F15: ='07'!F36 -> 3.4758333 | G15: ='07'!G36 -> 74.36625 | H15: ='07'!H36 -> 29.259583 | I15: ='07'!I36 -> 1.5429167 | ... M15: ='07'!M36 -> 70.373333 | N15: ='07'!N37 -> 253.17329 | O15: ='07'!O37 -> 0 | P15: ='07'!$P$36 -> 0.80875 | Q15: ='07'!Q36 -> 8.3716667
A16: ='08'!$B$2 -> 08-02-2024 01:00 | B16: ='08'!B36 -> 28.302083 | C16: ='08'!C36 -> 63.223333 | D16: ='08'!D36 -> 58.10625 | E16: ='08'!E36 -> 0.32416667 | F16: ='08'!F36 -> 3.9195833 | G16: ='08'!G36 -> 73.33625 | H16: ='08'!H36 -> 22.9675 | I16: ='08'!I36 -> 1.56 | ... O16: ='08'!O36 -> 0 | P16: ='08'!$P$36 -> 0.795 | Q16: ='08'!Q36 -> 9.44625
A17: ='09'!$B$2 -> 09-02-2024 01:00 | B17: ='09'!B36 -> 26.131667 | C17: ='09'!C36 -> 62.515417 | D17: ='09'!D36 -> 55.911667 | E17: ='09'!E36 -> 0.3875 | F17: ='09'!F36 -> 3.8204167 | G17: ='09'!G36 -> 80.242917 | H17: ='09'!H36 -> 27.271667 | I17: ='09'!I36 -> 1.5420833 | ... M17: ='09'!M36 -> 40.64875 | N17: ='09'!N37 -> 319.56602 | O17: ='09'!O37 -> 0 | P17: ='09'!$P$36 -> 0.85875 | Q17: ='09'!Q36 -> 8.0645833
A18: ='10'!$B$2 -> 10-02-2024 01:00 | B18: ='10'!B36 -> 9.2404167 | C18: ='10'!C36 -> 66.807917 | D18: ='10'!D36 -> 44.862083 | E18: ='10'!E36 -> 0.35208333 | F18: ='10'!F36 -> 5.58875 | G18: ='10'!G36 -> 87.4225 | H18: ='10'!H36 -> 31.515417 | I18: ='10'!I36 -> 1.5445833 | ... O18: ='10'!O36 -> 0 | P18: ='10'!$P$36 -> 0.81541667 | Q18: ='10'!Q36 -> 7.12375
