Workbook

Sheet 01
A1: Station: | B1: BHATAGAON RAIPPUR
A2: Date: | B2: =$A$9 -> 01-02-2023 00:15 | D2: Power Off | G2: Pw.Off | L2: Link Fail | N2: Link F | P2: Maintenance | R2: Maint.
A3: Report Type: | B3: Mean | D3: Calibration | G3: Calib. | L3: Data Fail | N3: Data F | P3: Invalid | R3: Invalid
A4: Time Base: | B4: 15 Min | D4: Zero Referrence | G4: Z.Ref | L4: Warm Up | N4: Wm. Up
A7: Date & Time | B7: NO_BHATAGAON | C7: NO2__BHATAGAON | D7: NOX_BHATAGAON | E7: SO2__BHATAGAON | F7: O3__BHATAGAON | G7: PM10__BHATAGAON | H7: PM2_5__BHATAGAON | I7: BENZ__BHATAGAON | J7: WS__BHATAGAON | K7: WD__BHATAGAON | L7: TEMP__BHATAGAON | M7: HUM__BHATAGAON | N7: SR__BHATAGAON | O7: RG__BHATAGAON | P7: CO__BHATAGAON | Q7: NH3__BHATAGAON
B8: ug/m3 | C8: ug/m3 | D8: ppb | E8: ug/m3 | F8: ug/m3 | G8: ug/m3 | H8: ug/m3 | I8: ug/m3 | J8: m/sec | K8: deg | L8: degreC | M8: % | N8: w/m2 | O8: mm | P8: mg/m3 | Q8: ug/m3
A9: 01-02-2023 00:15 | B9: 11.08 | C9: 85.63 | D9: 56.55 | E9: 7.66 | F9: 7.91 | G9: 79.02 | H9: 46.65 | I9: Maint. | J9: 1.43 | K9: 13.81 | L9: 21.97 | M9: 54 | N9: 4.4 | O9: 0 | P9: 1.3 | Q9: 30.33
A10: 01-02-2023 00:30 | B10: 8.62 | C10: 82.5 | D10: 52.85 | E10: 8.31 | F10: 8.41 | G10: 56.77 | H10: 39.98 | I10: Maint. | J10: 1.72 | K10: 14.08 | L10: 21.85 | M10: 54 | N10: 4.3 | O10: 0 | P10: 1.2 | Q10: 29.42
A11: 01-02-2023 00:45 | B11: 6.26 | C11: 77.33 | D11: 48.11 | E11: 7.09 | F11: 8.74 | G11: 38.97 | H11: 34.88 | I11: Maint. | J11: 1.56 | K11: 13.19 | L11: 21.68 | M11: 55 | N11: 4.6 | O11: 0 | P11: 1.1 | Q11: 28.43
A12: 01-02-2023 01:00 | B12: 4.72 | C12: 77.28 | D12: 46.85 | E12: 5.98 | F12: 7.11 | G12: 38.97 | H12: 34.88 | I12: Maint. | J12: 1.75 | K12: 13.63 | L12: 21.52 | M12: 55 | N12: 4.5 | O12: 0 | P12: 1.02 | Q12: 28.94
A13: 01-02-2023 01:15 | B13: 2.94 | C13: 77.5 | D13: 45.54 | E13: 5.92 | F13: 6.42 | G13: 38.97 | H13: 34.88 | I13: Maint. | J13: 1.49 | K13: 11.53 | L13: 21.36 | M13: 56 | N13: 4.6 | O13: 0 | P13: 0.91 | Q13: 29.21
A14: 01-02-2023 01:30 | B14: 2.09 | C14: 73.96 | D14: 42.91 | E14: 5.93 | F14: 6.55 | G14: 44.99 | H14: 27.82 | I14: Maint. | J14: 1.37 | K14: 10.88 | L14: 21.14 | M14: 57 | N14: 4.6 | O14: 0 | P14: 0.87 | Q14: 28.52
A15: 01-02-2023 01:45 | B15: 1.66 | C15: 73.05 | D15: 42.06 | E15: 5.48 | F15: 6.93 | G15: 49.8 | H15: 22.18 | I15: Maint. | J15: 1.26 | K15: 11.49 | L15: 20.93 | M15: 57 | N15: 4.6 | O15: 0 | P15: 0.8 | Q15: 28.22
A16: 01-02-2023 02:00 | B16: 1.33 | C16: 70.17 | D16: 40.2 | E16: 5.3 | F16: 6.12 | G16: 49.8 | H16: 22.18 | I16: Maint. | J16: 1.11 | K16: 9.31 | L16: 20.74 | M16: 58 | N16: 4.6 | O16: 0 | P16: 0.75 | Q16: 27.97
A17: 01-02-2023 02:15 | B17: 1.17 | C17: 70.25 | D17: 40.12 | E17: 5.52 | F17: 5.66 | G17: 49.8 | H17: 22.18 | I17: Maint. | J17: 1.28 | K17: 13.12 | L17: 20.51 | M17: 58 | N17: 4.5 | O17: 0 | P17: 0.71 | Q17: 27.93
A18: 01-02-2023 02:30 | B18: 1.21 | C18: 68.63 | D18: 39.26 | E18: 4.96 | F18: 5.45 | G18: 38.75 | H18: 21.15 | I18: Maint. | J18: 1.27 | K18: 8.39 | L18: 20.33 | M18: 59 | N18: 4.6 | O18: 0 | P18: 0.66 | Q18: 27.29
A19: 01-02-2023 02:45 | B19: 1.41 | C19: 64.75 | D19: 37.28 | E19: 5.32 | F19: 6.48 | G19: 29.9 | H19: 20.32 | I19: Maint. | J19: 1.06 | K19: 10.36 | L19: 20.14 | M19: 60 | N19: 4.5 | O19: 0 | P19: 0.63 | Q19: 26.48
A20: 01-02-2023 03:00 | B20: 1.59 | C20: 65.63 | D20: 37.91 | E20: 5.14 | F20: 5.95 | G20: 29.9 | H20: 20.32 | I20: Maint. | J20: 0.88 | K20: 9.52 | L20: 19.89 | M20: 61 | N20: 4.6 | O20: 0 | P20: 0.6 | Q20: 26.08
... A30: 01-02-2023 05:30 | B30: 1.92 | C30: 66.96 | D30: 38.91 | E30: 5.86 | F30: 5.82 | G30: 18.58 | H30: 14.02 | I30: Maint. | J30: 1.11 | K30: 14.48 | L30: 19.13 | M30: 57 | N30: 4.4 | O30: 0 | P30: 0.43 | Q30: 28.23
A31: 01-02-2023 05:45 | B31: 2.24 | C31: 67.99 | D31: 39.73 | E31: 6.37 | F31: 4.97 | G31: Invalid | H31: Invalid | I31: Maint. | J31: 0.57 | K31: 45.93 | L31: 19 | M31: 56 | N31: 4.4 | O31: 0 | P31: 0.43 | Q31: 28.22
A32: 01-02-2023 06:00 | B32: 3.21 | C32: 70.64 | D32: 41.98 | E32: 6.52 | F32: 4.29 | G32: Invalid | H32: Invalid | I32: Maint. | J32: 0.81 | K32: 25.87 | L32: 18.89 | M32: 56 | N32: 4.3 | O32: 0 | P32: 0.42 | Q32: 28.35
A33: 01-02-2023 06:15 | B33: 3.86 | C33: 71.67 | D33: 43.06 | E33: 8.09 | F33: 5.56 | G33: Invalid | H33: Invalid | I33: Maint. | J33: 1.35 | K33: 20.94 | L33: 18.92 | M33: 56 | N33: 4.1 | O33: 0 | P33: 0.42 | Q33: 27.48
A34: 01-02-2023 06:30 | B34: 4.68 | C34: 72.58 | D34: 44.22 | E34: 7.98 | F34: 4.87 | G34: 28.07 | H34: 13.05 | I34: Maint. | J34: 1.13 | K34: 26.56 | L34: 18.83 | M34: 56 | N34: 5.6 | O34: 0 | P34: 0.43 | Q34: 26.41
A35: 01-02-2023 06:45 | B35: 5.53 | C35: 73.53 | D35: 45.43 | E35: 6.73 | F35: 4.34 | G35: 42.92 | H35: 13.65 | I35: Maint. | J35: 0.78 | K35: 25.31 | L35: 18.66 | M35: 56 | N35: 9.6 | O35: 0 | P35: 0.43 | Q35: 25.92
A36: 01-02-2023 07:00 | B36: 6.34 | C36: 73.69 | D36: 46.17 | E36: 6.29 | F36: 4.26 | G36: 42.92 | H36: 13.65 | I36: Maint. | J36: 0.82 | K36: 19.09 | L36: 18.63 | M36: 55 | N36: 17.8 | O36: 0 | P36: 0.44 | Q36: 26.26
A37: 01-02-2023 07:15 | B37: 7.14 | C37: 73.44 | D37: 46.68 | E37: 6.38 | F37: 4.53 | G37: 42.92 | H37: 13.65 | I37: Maint. | J37: 0.84 | K37: 17.62 | L37: 18.78 | M37: 55 | N37: 27.3 | O37: 0 | P37: 0.47 | Q37: 26.38
A38: 01-02-2023 07:30 | B38: 7.31 | C38: 75.05 | D38: 47.69 | E38: 5.9 | F38: 4.79 | G38: 39.64 | H38: 16.19 | I38: Maint. | J38: 0.93 | K38: 19.77 | L38: 19.07 | M38: 54 | N38: 51 | O38: 0 | P38: 0.51 | Q38: 26.25
A39: 01-02-2023 07:45 | B39: 7.72 | C39: 76.34 | D39: 48.74 | E39: 6.44 | F39: 4.75 | G39: 37.01 | H39: 18.23 | I39: Maint. | J39: 0.93 | K39: 20.58 | L39: 19.54 | M39: 53 | N39: 94.9 | O39: 0 | P39: 0.53 | Q39: 26.18
A40: 01-02-2023 08:00 | B40: 8.86 | C40: 77.72 | D40: 50.41 | E40: 4.12 | F40: 4.4 | G40: 37.01 | H40: 18.23 | I40: Maint. | J40: 0.75 | K40: 41.37 | L40: 20.34 | M40: 50 | N40: 142.8 | O40: 0 | P40: 0.55 | Q40: 26.47
A41: 01-02-2023 08:15 | B41: 9.03 | C41: 79.16 | D41: 51.35 | E41: 5.79 | F41: 4.12 | G41: 37.01 | H41: 18.23 | I41: Maint. | J41: 0.8 | K41: 50.52 | L41: 21.2 | M41: 48 | N41: 216.3 | O41: 0 | P41: 0.57 | Q41: 27.91
A42: 01-02-2023 08:30 | B42: 8.89 | C42: 80.42 | D42: 51.93 | E42: 5.66 | F42: 3.95 | G42: 43.27 | H42: 17.21 | I42: Maint. | J42: 0.62 | K42: 57.95 | L42: 21.8 | M42: 47 | N42: 233.5 | O42: 0 | P42: 0.58 | Q42: 28.23
A43: 01-02-2023 08:45 | B43: 9 | C43: 81.37 | D43: 52.54 | E43: 5.51 | F43: 3.93 | G43: 48.27 | H43: 16.4 | I43: Maint. | J43: 0.48 | K43: 65.41 | L43: 22.52 | M43: 46 | N43: 299.6 | O43: 0 | P43: 0.58 | Q43: 28.47
A44: 01-02-2023 09:00 | B44: 9.16 | C44: 82.32 | D44: 53.19 | E44: 5.69 | F44: 3.95 | G44: 48.27 | H44: 16.4 | I44: Maint. | J44: 0.64 | K44: 63.82 | L44: 23.28 | M44: 44 | N44: 361.9 | O44: 0 | P44: 0.59 | Q44: 28.85
A45: 01-02-2023 09:15 | B45: 9.92 | C45: 83.71 | D45: 54.56 | E45: 5.65 | F45: 4 | G45: 48.27 | H45: 16.4 | I45: Maint. | J45: 1.41 | K45: 18.25 | L45: 25.46 | M45: 39 | N45: 376 | O45: 0 | P45: 0.62 | Q45: 28.98
... A92: 01-02-2023 21:00 | B92: 118.09 | C92: 145.26 | D92: 175.28 | E92: 7.15 | F92: 3.56 | G92: 137.94 | H92: 47.3 | I92: Maint. | J92: 0.11 | K92: 276.44 | L92: 20.8 | M92: 54 | N92: 4.2 | O92: 0 | P92: 2.35 | Q92: 38.27
A93: 01-02-2023 21:15 | B93: 128.44 | C93: 148.89 | D93: 185.59 | E93: 7.13 | F93: 3.66 | G93: 137.94 | H93: 47.3 | I93: Maint. | J93: Maint. | K93: 235.57 | L93: 20.59 | M93: 57 | N93: 4.3 | O93: 0 | P93: 2.44 | Q93: 39.21
A94: 01-02-2023 21:30 | B94: 138.5 | C94: 150.03 | D94: 194.28 | E94: 6.96 | F94: 3.64 | G94: 168.29 | H94: 56.47 | I94: Maint. | J94: 0.21 | K94: 17.01 | L94: 20.22 | M94: 63 | N94: 4.2 | O94: 0 | P94: 2.55 | Q94: 40.47
A95: 01-02-2023 21:45 | B95: 149.65 | C95: 154.41 | D95: 205.63 | E95: 7.02 | F95: 3.51 | G95: 192.56 | H95: 63.81 | I95: Maint. | J95: 0.06 | K95: 357.59 | L95: 19.88 | M95: 62 | N95: 4.5 | O95: 0 | P95: 2.77 | Q95: 41.61
A96: 01-02-2023 22:00 | B96: 151.1 | C96: 153.1 | D96: 206.08 | E96: 7.14 | F96: 3.45 | G96: 192.56 | H96: 63.81 | I96: Maint. | J96: 0.13 | K96: 296.91 | L96: 20.19 | M96: 59 | N96: 3.9 | O96: 0 | P96: 2.85 | Q96: 43.57
A97: 01-02-2023 22:15 | B97: 150.31 | C97: 151.47 | D97: 204.54 | E97: 6.93 | F97: 3.5 | G97: 192.56 | H97: 63.81 | I97: Maint. | J97: 0.3 | K97: 24.63 | L97: 19.78 | M97: 63 | N97: 4 | O97: 0 | P97: 2.88 | Q97: 44.9
A98: 01-02-2023 22:30 | B98: 150.86 | C98: 150.47 | D98: 204.44 | E98: 7.71 | F98: 3.6 | G98: 187.76 | H98: 64.09 | I98: Maint. | J98: 0.95 | K98: 29.13 | L98: 20.72 | M98: 55 | N98: 1.7 | O98: 0 | P98: 2.96 | Q98: 46.09
A99: 01-02-2023 22:45 | B99: 145.28 | C99: 150.14 | D99: 199.78 | E99: 8.24 | F99: 3.56 | G99: 183.92 | H99: 64.31 | I99: Maint. | J99: 0.53 | K99: 42.47 | L99: 21.35 | M99: 49 | N99: 3.6 | O99: 0 | P99: 3 | Q99: 46.2
A100: 01-02-2023 23:00 | B100: 139.99 | C100: 149.99 | D100: 195.45 | E100: 8.42 | F100: 3.55 | G100: 183.92 | H100: 64.31 | I100: Maint. | J100: 0.38 | K100: 42.61 | L100: 21.34 | M100: 49 | N100: 3.9 | O100: 0 | P100: 2.96 | Q100: 45.48
A101: 01-02-2023 23:15 | B101: 133.98 | C101: 147.76 | D101: 189.4 | E101: 8.43 | F101: 3.58 | G101: 183.92 | H101: 64.31 | I101: Maint. | J101: 0.29 | K101: 41.66 | L101: 21.09 | M101: 47 | N101: 4.4 | O101: 0 | P101: 2.91 | Q101: 44.65
A102: 01-02-2023 23:30 | B102: 127.96 | C102: 145.16 | D102: 183.14 | E102: 7.74 | F102: 3.5 | G102: 158.31 | H102: 66.54 | I102: Maint. | J102: 0.27 | K102: 53.88 | L102: 20.97 | M102: 41 | N102: 4.1 | O102: 0 | P102: 2.86 | Q102: 43.84
A103: 01-02-2023 23:45 | B103: 121.46 | C103: 142.62 | D103: 176.53 | E103: 7.94 | F103: 3.51 | G103: 137.82 | H103: 68.24 | I103: Maint. | J103: 0.2 | K103: 75.46 | L103: 20.93 | M103: 38 | N103: 4.3 | O103: 0 | P103: 2.78 | Q103: 43.3
A104: 01-02-2023 24:00 | B104: 111.83 | C104: 138.32 | D104: 166.44 | E104: 4.83 | F104: 3.52 | G104: 137.82 | H104: 68.24 | I104: Maint. | J104: 0.25 | K104: 102.35 | L104: 20.48 | M104: 39 | N104: 4.2 | O104: 0 | P104: 2.68 | Q104: 42.46
A106: Min | B106: =MIN(B9:B104) -> 1.17 | C106: =MIN(C9:C104) -> 63.12 | D106: =MIN(D9:D104) -> 36.92 | E106: =MIN(E9:E104) -> 4.12 | F106: =MIN(F9:F104) -> 3.4 | G106: =MIN(G9:G104) -> 18.58 | H106: =MIN(H9:H104) -> 12.4 | I106: =MIN(I9:I104) -> 0 | ... Q106: =MIN(Q9:Q104) -> 25.92
A107: Max | B107: =MAX(B9:B104) -> 151.1 | C107: =MAX(C9:C104) -> 154.41 | D107: =MAX(D9:D104) -> 206.08 | E107: =MAX(E9:E104) -> 13.05 | F107: =MAX(F9:F104) -> 14.5 | G107: =MAX(G9:G104) -> 192.56 | H107: =MAX(H9:H104) -> 68.24 | I107: =MAX(I9:I104) -> 0 | ... Q107: =MAX(Q9:Q104) -> 46.2
A108: Avg | B108: =AVERAGE(B9:B104) -> 30.025729 | C108: =AVERAGE(C9:C104) -> 93.192813 | D108: =AVERAGE(D9:D104) -> 75.924062 | E108: =AVERAGE(E9:E104) -> 6.659375 | F108: =AVERAGE(F9:F104) -> 5.53875 | G108: =AVERAGE(G9:G104) -> 67.020645 | H108: =AVERAGE(H9:H104) -> 26.356559 | I108: =AVERAGE(I9:I104) -> #DIV/0! | ... Q108: =AVERAGE(Q9:Q104) -> 31.123125
A109: Stdev | B109: =STDEV(B9:B104) -> 47.320203 | C109: =STDEV(C9:C104) -> 27.153129 | D109: =STDEV(D9:D104) -> 52.519647 | E109: =STDEV(E9:E104) -> 1.6018896 | F109: =STDEV(F9:F104) -> 2.1520151 | G109: =STDEV(G9:G104) -> 47.532449 | H109: =STDEV(H9:H104) -> 16.413588 | I109: =STDEV(I9:I104) -> #DIV/0! | ... Q109: =STDEV(Q9:Q104) -> 5.6579683
A110: Num | B110: =COUNT(B9:B104) -> 96 | C110: =COUNT(C9:C104) -> 96 | D110: =COUNT(D9:D104) -> 96 | E110: =COUNT(E9:E104) -> 96 | F110: =COUNT(F9:F104) -> 96 | G110: =COUNT(G9:G104) -> 93 | H110: =COUNT(H9:H104) -> 93 | I110: =COUNT(I9:I104)+96 -> 96 | J110: =COUNT(J9:J104)+1 -> 96 | K110: =COUNT(K9:K104) -> 96 | L110: =COUNT(L9:L104) -> 96 | M110: =COUNT(M9:M104) -> 96 | N110: =COUNT(N9:N104) -> 96 | O110: =COUNT(O9:O104) -> 96 | P110: =COUNT(P9:P104) -> 96 | Q110: =COUNT(Q9:Q104) -> 96
A111: DCR | B111: =IF(B110>=87,">90%",IF(B110<=87,"<90%")) -> >90% | C111: =IF(C110>=87,">90%",IF(C110<=87,"<90%")) -> >90% | D111: =IF(D110>=87,">90%",IF(D110<=87,"<90%")) -> >90% | E111: =IF(E110>=87,">90%",IF(E110<=87,"<90%")) -> >90% | F111: =IF(F110>=87,">90%",IF(F110<=87,"<90%")) -> >90% | G111: =IF(G110>=87,">90%",IF(G110<=87,"<90%")) -> >90% | H111: =IF(H110>=87,">90%",IF(H110<=87,"<90%")) -> >90% | I111: =IF(I110>=87,">90%",IF(I110<=87,"<90%")) -> >90% | ... Q111: =IF(Q110>=87,">90%",IF(Q110<=87,"<90%")) -> >90%
A112: Status | B112: =IF(B110>=87,"OK",IF(B110<=87,"LESS")) -> OK | C112: =IF(C110>=87,"OK",IF(C110<=87,"LESS")) -> OK | D112: =IF(D110>=87,"OK",IF(D110<=87,"LESS")) -> OK | E112: =IF(E110>=87,"OK",IF(E110<=87,"LESS")) -> OK | F112: =IF(F110>=87,"OK",IF(F110<=87,"LESS")) -> OK | G112: =IF(G110>=87,"OK",IF(G110<=87,"LESS")) -> OK | H112: =IF(H110>=87,"OK",IF(H110<=87,"LESS")) -> OK | I112: =IF(I110>=87,"OK",IF(I110<=87,"LESS")) -> OK | ... Q112: =IF(Q110>=87,"OK",IF(Q110<=87,"LESS")) -> OK
A115: Done by | B115: RK
A117: Comment

Sheet 02
A1: Station: | B1: BHATAGAON RAIPUR
A2: Date: | B2: =$A$9 -> 02-02-2023 00:15 | D2: Power Off | G2: Pw.Off | L2: Link Fail | N2: Link F | P2: Maintenance | R2: Maint.
A3: Report Type: | B3: Mean | D3: Calibration | G3: Calib. | L3: Data Fail | N3: Data F | P3: Invalid | R3: Invalid
A4: Time Base: | B4: 15 Min | D4: Zero Referrence | G4: Z.Ref | L4: Warm Up | N4: Wm. Up
A7: Date & Time | B7: NO_BHATAGAON | C7: NO2__BHATAGAON | D7: NOX_BHATAGAON | E7: SO2__BHATAGAON | F7: O3__BHATAGAON | G7: PM10__BHATAGAON | H7: PM2_5__BHATAGAON | I7: BENZ__BHATAGAON | J7: WS__BHATAGAON | K7: WD__BHATAGAON | L7: TEMP__BHATAGAON | M7: HUM__BHATAGAON | N7: SR__BHATAGAON | O7: RG__BHATAGAON | P7: CO__BHATAGAON | Q7: NH3__BHATAGAON
B8: ug/m3 | C8: ug/m3 | D8: ppb | E8: ug/m3 | F8: ug/m3 | G8: ug/m3 | H8: ug/m3 | I8: ug/m3 | J8: m/sec | K8: deg | L8: degreC | M8: % | N8: w/m2 | O8: mm | P8: mg/m3 | Q8: ug/m3
A9: 02-02-2023 00:15 | B9: 103.42 | C9: 133.39 | D9: 156.96 | E9: 7.56 | F9: 3.68 | G9: 137.82 | H9: 68.24 | I9: Maint. | J9: 0.31 | K9: 96.56 | L9: 20.47 | M9: 39 | N9: 3.9 | O9: 0 | P9: 2.62 | Q9: 41.45
A10: 02-02-2023 00:30 | B10: 98.63 | C10: 129.77 | D10: 151.13 | E10: 7.86 | F10: 3.69 | G10: 140.4 | H10: 62.76 | I10: Maint. | J10: 0.23 | K10: 50.39 | L10: 20.07 | M10: 38 | N10: 4.1 | O10: 0 | P10: 2.57 | Q10: 40.23
A11: 02-02-2023 00:45 | B11: 94.83 | C11: 127.93 | D11: 147.07 | E11: 7.29 | F11: 3.66 | G11: 142.37 | H11: 58.37 | I11: Maint. | J11: 0.48 | K11: 26.28 | L11: 19.91 | M11: 37 | N11: 3.7 | O11: 0 | P11: 2.54 | Q11: 39.51
A12: 02-02-2023 01:00 | B12: 90.13 | C12: 123.07 | D12: 140.61 | E12: 7.05 | F12: 3.99 | G12: 142.37 | H12: 58.37 | I12: Maint. | J12: 0.46 | K12: 29.29 | L12: 19.82 | M12: 36 | N12: 3.9 | O12: 0 | P12: 2.46 | Q12: 39.21
A13: 02-02-2023 01:15 | B13: 84.23 | C13: 120.73 | D13: 134.58 | E13: 6.9 | F13: 4.32 | G13: 142.37 | H13: 58.37 | I13: Maint. | J13: 0.57 | K13: 25.57 | L13: 19.64 | M13: 35 | N13: 3.7 | O13: 0 | P13: 2.19 | Q13: 38.85
A14: 02-02-2023 01:30 | B14: 79.11 | C14: 113.72 | D14: 126.62 | E14: 6.96 | F14: 4.02 | G14: 111.63 | H14: 53.72 | I14: Maint. | J14: 0.36 | K14: 34.87 | L14: 19.57 | M14: 32 | N14: 4.1 | O14: 0 | P14: 2.19 | Q14: 38.17
A15: 02-02-2023 01:45 | B15: 74.54 | C15: 111.61 | D15: 121.78 | E15: 6.89 | F15: 3.85 | G15: 87.04 | H15: 49.99 | I15: Maint. | J15: 0.31 | K15: 69.39 | L15: 19.21 | M15: 32 | N15: 4.2 | O15: 0 | P15: 2.11 | Q15: 37.6
A16: 02-02-2023 02:00 | B16: 71.69 | C16: 110.67 | D16: 118.98 | E16: 6.44 | F16: 3.56 | G16: 87.04 | H16: 49.99 | I16: Maint. | J16: 0.26 | K16: 54.58 | L16: 18.77 | M16: 34 | N16: 4.3 | O16: 0 | P16: 2 | Q16: 37.87
A17: 02-02-2023 02:15 | B17: 66.21 | C17: 107.9 | D17: 113.06 | E17: 6.42 | F17: 3.6 | G17: 87.04 | H17: 49.99 | I17: Maint. | J17: 0.88 | K17: 14.35 | L17: 18.66 | M17: 35 | N17: 3.4 | O17: 0 | P17: 1.88 | Q17: 38.09
A18: 02-02-2023 02:30 | B18: 59.53 | C18: 104.25 | D18: 105.69 | E18: 6.6 | F18: 3.73 | G18: 68.88 | H18: 41.67 | I18: Maint. | J18: 1.03 | K18: 16.55 | L18: 18.73 | M18: 33 | N18: 3.6 | O18: 0 | P18: 1.75 | Q18: 36.93
A19: 02-02-2023 02:45 | B19: 53.08 | C19: 100.73 | D19: 98.57 | E19: 7.35 | F19: 3.76 | G19: 54.35 | H19: 35.01 | I19: Maint. | J19: 1.17 | K19: 21.84 | L19: 18.56 | M19: 37 | N19: 3.9 | O19: 0 | P19: 1.65 | Q19: 35.56
A20: 02-02-2023 03:00 | B20: 47.68 | C20: 98.43 | D20: 92.97 | E20: 8.08 | F20: 3.57 | G20: 54.35 | H20: 35.01 | I20: Maint. | J20: 0.99 | K20: 15.12 | L20: 18.37 | M20: 40 | N20: 4.2 | O20: 0 | P20: 1.59 | Q20: 34.43
... A104: 02-02-2023 24:00 | B104: 256.28 | C104: 197.87 | D104: 315.13 | E104: 5.73 | F104: 3.65 | G104: 220.5 | H104: 78.34 | I104: Maint. | J104: 0.07 | K104: 335.78 | L104: 16.11 | M104: 68 | N104: 4.2 | O104: 0 | P104: 4.42 | Q104: 50.88
A106: Min | B106: =MIN(B9:B104) -> 6.23 | C106: =MIN(C9:C104) -> 85.24 | D106: =MIN(D9:D104) -> 52.76 | E106: =MIN(E9:E104) -> 4.3 | F106: =MIN(F9:F104) -> 3.48 | G106: =MIN(G9:G104) -> 33.09 | H106: =MIN(H9:H104) -> 17.9 | I106: =MIN(I9:I104) -> 0 | ... Q106: =MIN(Q9:Q104) -> 26.42
A107: Max | B107: =MAX(B9:B104) -> 256.28 | C107: =MAX(C9:C104) -> 198.56 | D107: =MAX(D9:D104) -> 315.13 | E107: =MAX(E9:E104) -> 15.74 | F107: =MAX(F9:F104) -> 9.06 | G107: =MAX(G9:G104) -> 221.16 | H107: =MAX(H9:H104) -> 78.34 | I107: =MAX(I9:I104) -> 0 | ... Q107: =MAX(Q9:Q104) -> 50.88
A108: Avg | B108: =AVERAGE(B9:B104) -> 57.548125 | C108: =AVERAGE(C9:C104) -> 109.65646 | D108: =AVERAGE(D9:D104) -> 107.08094 | E108: =AVERAGE(E9:E104) -> 7.8265625 | F108: =AVERAGE(F9:F104) -> 4.1801042 | G108: =AVERAGE(G9:G104) -> 98.808021 | H108: =AVERAGE(H9:H104) -> 39.066146 | I108: =AVERAGE(I9:I104) -> #DIV/0! | ... Q108: =AVERAGE(Q9:Q104) -> 32.355833
A109: Stdev | B109: =STDEV(B9:B104) -> 63.541323 | C109: =STDEV(C9:C104) -> 30.766154 | D109: =STDEV(D9:D104) -> 67.57129 | E109: =STDEV(E9:E104) -> 1.5559007 | F109: =STDEV(F9:F104) -> 0.97969006 | G109: =STDEV(G9:G104) -> 57.749373 | H109: =STDEV(H9:H104) -> 17.285832 | I109: =STDEV(I9:I104) -> #DIV/0! | ... Q109: =STDEV(Q9:Q104) -> 6.25639
A110: Num | B110: =COUNT(B9:B104) -> 96 | C110: =COUNT(C9:C104) -> 96 | D110: =COUNT(D9:D104) -> 96 | E110: =COUNT(E9:E104) -> 96 | F110: =COUNT(F9:F104) -> 96 | G110: =COUNT(G9:G104) -> 96 | H110: =COUNT(H9:H104) -> 96 | I110: =COUNT(I9:I104)+96 -> 96 | J110: =COUNT(J9:J104) -> 96 | K110: =COUNT(K9:K104) -> 96 | L110: =COUNT(L9:L104) -> 96 | M110: =COUNT(M9:M104) -> 96 | N110: =COUNT(N9:N104) -> 96 | O110: =COUNT(O9:O104) -> 96 | P110: =COUNT(P9:P104) -> 96 | Q110: =COUNT(Q9:Q104) -> 96
A111: DCR | B111: =IF(B110>=87,">90%",IF(B110<=87,"<90%")) -> >90% | C111: =IF(C110>=87,">90%",IF(C110<=87,"<90%")) -> >90% | D111: =IF(D110>=87,">90%",IF(D110<=87,"<90%")) -> >90% | E111: =IF(E110>=87,">90%",IF(E110<=87,"<90%")) -> >90% | F111: =IF(F110>=87,">90%",IF(F110<=87,"<90%")) -> >90% | G111: =IF(G110>=87,">90%",IF(G110<=87,"<90%")) -> >90% | H111: =IF(H110>=87,">90%",IF(H110<=87,"<90%")) -> >90% | I111: =IF(I110>=87,">90%",IF(I110<=87,"<90%")) -> >90% | ... Q111: =IF(Q110>=87,">90%",IF(Q110<=87,"<90%")) -> >90%
A112: Status | B112: =IF(B110>=87,"OK",IF(B110<=87,"LESS")) -> OK | C112: =IF(C110>=87,"OK",IF(C110<=87,"LESS")) -> OK | D112: =IF(D110>=87,"OK",IF(D110<=87,"LESS")) -> OK | E112: =IF(E110>=87,"OK",IF(E110<=87,"LESS")) -> OK | F112: =IF(F110>=87,"OK",IF(F110<=87,"LESS")) -> OK | G112: =IF(G110>=87,"OK",IF(G110<=87,"LESS")) -> OK | H112: =IF(H110>=87,"OK",IF(H110<=87,"LESS")) -> OK | I112: =IF(I110>=87,"OK",IF(I110<=87,"LESS")) -> OK | ... Q112: =IF(Q110>=87,"OK",IF(Q110<=87,"LESS")) -> OK
A115: Done by | B115: RK
A117: Comment

Sheet 03
A1: Station: | B1: BHATAGAON RAIPUR
A2: Date: | B2: =$A$9 -> 03-02-2023 00:15 | D2: Power Off | G2: Pw.Off | L2: Link Fail | N2: Link F | P2: Maintenance | R2: Maint.
A3: Report Type: | B3: Mean | D3: Calibration | G3: Calib. | L3: Data Fail | N3: Data F | P3: Invalid | R3: Invalid
A4: Time Base: | B4: 15 Min | D4: Zero Referrence | G4: Z.Ref | L4: Warm Up | N4: Wm. Up
A7: Date & Time | B7: NO_BHATAGAON | C7: NO2__BHATAGAON | D7: NOX_BHATAGAON | E7: SO2__BHATAGAON | F7: O3__BHATAGAON | G7: PM10__BHATAGAON | H7: PM2_5__BHATAGAON | I7: BENZ__BHATAGAON | J7: WS__BHATAGAON | K7: WD__BHATAGAON | L7: TEMP__BHATAGAON | M7: HUM__BHATAGAON | N7: SR__BHATAGAON | O7: RG__BHATAGAON | P7: CO__BHATAGAON | Q7: NH3__BHATAGAON
B8: ug/m3 | C8: ug/m3 | D8: ppb | E8: ug/m3 | F8: ug/m3 | G8: ug/m3 | H8: ug/m3 | I8: ug/m3 | J8: m/sec | K8: deg | L8: degreC | M8: % | N8: w/m2 | O8: mm | P8: mg/m3 | Q8: ug/m3
A9: 03-02-2023 00:15 | B9: 258.3 | C9: 198.29 | D9: 316.98 | E9: 9.15 | F9: 3.56 | G9: 220.5 | H9: 78.34 | I9: Maint. | J9: 0.05 | K9: 347.39 | L9: 15.85 | M9: 69 | N9: 4.4 | O9: 0 | P9: 4.56 | Q9: 50.82
A10: 03-02-2023 00:30 | B10: 260.66 | C10: 198.8 | D10: 319.16 | E10: 9.16 | F10: 3.52 | G10: 200.65 | H10: 79.11 | I10: Maint. | J10: 0.08 | K10: 324.93 | L10: 15.7 | M10: 71 | N10: 4.1 | O10: 0 | P10: 4.7 | Q10: 50.72
A11: 03-02-2023 00:45 | B11: 262.58 | C11: 198.49 | D11: 320.53 | E11: 9.37 | F11: 3.58 | G11: 184.77 | H11: 79.73 | I11: Maint. | J11: 0.02 | K11: 283.15 | L11: 15.79 | M11: 67 | N11: 4 | O11: 0 | P11: 4.82 | Q11: 50.68
A12: 03-02-2023 01:00 | B12: 260.67 | C12: 196.68 | D12: 317.99 | E12: 9.68 | F12: 3.6 | G12: 184.77 | H12: 79.73 | I12: Maint. | J12: 0.06 | K12: 353.57 | L12: 16.44 | M12: 52 | N12: 3.6 | O12: 0 | P12: 4.85 | Q12: 50.47
A13: 03-02-2023 01:15 | B13: 249.09 | C13: 188.76 | D13: 304.34 | E13: 10.47 | F13: 3.5 | G13: 184.77 | H13: 79.73 | I13: Maint. | J13: 0.14 | K13: 214.43 | L13: 16.72 | M13: 53 | N13: 3.4 | O13: 0 | P13: 4.27 | Q13: 49.64
A14: 03-02-2023 01:30 | B14: 241.99 | C14: 182.82 | D14: 295.36 | E14: 9.83 | F14: 3.53 | G14: 184.77 | H14: 87.11 | I14: Maint. | J14: 0.14 | K14: 205 | L14: 17.05 | M14: 48 | N14: 3.4 | O14: 0 | P14: 4.42 | Q14: 48.11
A15: 03-02-2023 01:45 | B15: 233.1 | C15: 178.97 | D15: 286.11 | E15: 10.06 | F15: 3.52 | G15: 254.78 | H15: 93.02 | I15: Maint. | J15: 0.2 | K15: 243.71 | L15: 17.14 | M15: 45 | N15: 3.6 | O15: 0 | P15: 4.31 | Q15: 46.93
A16: 03-02-2023 02:00 | B16: 220.79 | C16: 173.32 | D16: 273.12 | E16: 9.87 | F16: 3.54 | G16: 254.78 | H16: 93.02 | I16: Maint. | J16: 0.14 | K16: 260.14 | L16: 16.75 | M16: 47 | N16: 4.2 | O16: 0 | P16: 4.16 | Q16: 45.91
A17: 03-02-2023 02:15 | B17: 208.25 | C17: 167.01 | D17: 259.59 | E17: 9.62 | F17: 3.58 | G17: 254.78 | H17: 93.02 | I17: Maint. | J17: 0.06 | K17: 100.11 | L17: 16.13 | M17: 48 | N17: 4.2 | O17: 0 | P17: 4.01 | Q17: 44.81
A18: 03-02-2023 02:30 | B18: 195.82 | C18: 160.63 | D18: 246.1 | E18: 9.48 | F18: 3.55 | G18: 217.01 | H18: 96 | I18: Maint. | J18: 0.23 | K18: 49.8 | L18: 16.2 | M18: 49 | N18: 3.7 | O18: 0 | P18: 3.87 | Q18: 43.56
A19: 03-02-2023 02:45 | B19: 184.27 | C19: 155.88 | D19: 234.21 | E19: 9.75 | F19: 3.47 | G19: 217.01 | H19: 98.38 | I19: Maint. | J19: 0.46 | K19: 18.32 | L19: 16.35 | M19: 48 | N19: 3.1 | O19: 0 | P19: 3.73 | Q19: 42.79
A20: 03-02-2023 03:00 | B20: 172.33 | C20: 149.53 | D20: 221.13 | E20: 9.56 | F20: 3.65 | G20: 217.01 | H20: 98.38 | I20: Maint. | J20: 0.45 | K20: 21.13 | L20: 16.31 | M20: 48 | N20: 3.8 | O20: 0 | P20: 3.54 | Q20: 42.53
... A54: 03-02-2023 11:30 | B54: 2.7 | C54: 45.98 | D54: 27.95 | E54: 10.39 | F54: 34.56 | G54: 33.06 | H54: 24.39 | I54: Maint. | J54: 0.74 | K54: 78.87 | L54: 28.89 | M54: 14 | N54: 682.2 | O54: 0 | P54: 0.42 | Q54: 4.5
A55: 03-02-2023 11:45 | B55: 1.78 | C55: 41.64 | D55: 24.82 | E55: 8.65 | F55: 37.27 | G55: Invalid | H55: Invalid | I55: Maint. | J55: 1.26 | K55: 108.58 | L55: 28.3 | M55: 15 | N55: 714.8 | O55: 0 | P55: 0.41 | Q55: 3.09
A56: 03-02-2023 12:00 | B56: 0.83 | C56: 23.56 | D56: 14.08 | E56: 12.69 | F56: 50.65 | G56: Invalid | H56: Invalid | I56: Maint. | J56: 1.22 | K56: 106.41 | L56: 27.72 | M56: 15 | N56: 733.7 | O56: 0 | P56: 0.28 | Q56: 2
A57: 03-02-2023 12:15 | B57: 0.61 | C57: 18.86 | D57: 11.31 | E57: 16.03 | F57: 48.06 | G57: Invalid | H57: Invalid | I57: Maint. | J57: 1.4 | K57: 118.57 | L57: 27.82 | M57: 15 | N57: 736.3 | O57: 0 | P57: 0.24 | Q57: 0.69
A58: 03-02-2023 12:30 | B58: 3.62 | C58: 21.45 | D58: 13.6 | E58: 11.4 | F58: 23.1 | G58: 23.22 | H58: 17.36 | I58: 0.13 | J58: 1.06 | K58: 107.91 | L58: 28.5 | M58: 14 | N58: 725.8 | O58: 0 | P58: 0.24 | Q58: 1.55
A59: 03-02-2023 12:45 | B59: 3.04 | C59: 28.08 | D59: 16.74 | E59: 7.41 | F59: 10.53 | G59: 26.25 | H59: 16 | I59: 0.45 | J59: 0.62 | K59: 49.46 | L59: 29.83 | M59: 14 | N59: 694.4 | O59: 0 | P59: 0.25 | Q59: 3.98
A60: 03-02-2023 13:00 | B60: 3.56 | C60: 32.61 | D60: 19.66 | E60: 6.86 | F60: 7.18 | G60: 26.25 | H60: 16 | I60: 0.45 | J60: 0.53 | K60: 46.2 | L60: 30.54 | M60: 13 | N60: 653.7 | O60: 0 | P60: 0.27 | Q60: 6.29
A61: 03-02-2023 13:15 | B61: 5.86 | C61: 38.63 | D61: 24.83 | E61: 8.41 | F61: 7.65 | G61: 26.25 | H61: 16 | I61: 0.48 | J61: 0.87 | K61: 28.65 | L61: 31.17 | M61: 12 | N61: 610.5 | O61: 0 | P61: 0.3 | Q61: 8.64
A62: 03-02-2023 13:30 | B62: 5.89 | C62: 44.43 | D62: 28.05 | E62: 10.15 | F62: 7.74 | G62: 34.03 | H62: 17.09 | I62: 0.48 | J62: 0.68 | K62: 3.75 | L62: 33.29 | M62: 11 | N62: 580.9 | O62: 0 | P62: 0.35 | Q62: 10.21
A63: 03-02-2023 13:45 | B63: 5.14 | C63: 49.59 | D63: 30.3 | E63: 8.98 | F63: 6.29 | G63: 39.97 | H63: 17.97 | I63: 0.49 | J63: 1.26 | K63: 9.01 | L63: 33.74 | M63: 10 | N63: 543 | O63: 0 | P63: 0.37 | Q63: 11.66
A64: 03-02-2023 14:00 | B64: 5.23 | C64: 54.62 | D64: 33.15 | E64: 8.41 | F64: 6.61 | G64: 39.97 | H64: 17.97 | I64: 0.49 | J64: 0.54 | K64: 64.47 | L64: 32.67 | M64: 10 | N64: 510.1 | O64: 0 | P64: 0.4 | Q64: 13.19
A65: 03-02-2023 14:15 | B65: 5.18 | C65: 58.19 | D65: 35.08 | E65: 7.69 | F65: 5.66 | G65: 39.97 | H65: 17.97 | I65: 0.5 | J65: 1.3 | K65: 15.92 | L65: 31.8 | M65: 11 | N65: 493.9 | O65: 0 | P65: 0.42 | Q65: 15.46
A66: 03-02-2023 14:30 | B66: 5.38 | C66: 60.73 | D66: 36.65 | E66: 7.61 | F66: 6.12 | G66: 45.72 | H66: 18.13 | I66: 0.51 | J66: 1.01 | K66: 5.61 | L66: 32.78 | M66: 11 | N66: 474.5 | O66: 0 | P66: 0.46 | Q66: 16.95
A67: 03-02-2023 14:45 | B67: 5.41 | C67: 65.96 | D67: 39.55 | E67: 9.34 | F67: 7.14 | G67: 50.11 | H67: 18.27 | I67: 0.51 | J67: 0.77 | K67: 344.25 | L67: 33.27 | M67: 11 | N67: 444.2 | O67: 0 | P67: 0.53 | Q67: 17.36
A68: 03-02-2023 15:00 | B68: 4.81 | C68: 71.72 | D68: 42.25 | E68: 7.97 | F68: 6.19 | G68: 50.11 | H68: 18.27 | I68: 0.52 | J68: 1.18 | K68: 3.79 | L68: 33.64 | M68: 11 | N68: 307 | O68: 0 | P68: 0.54 | Q68: 17.74
A69: 03-02-2023 15:15 | B69: 4.95 | C69: 74.62 | D69: 43.96 | E69: 8.15 | F69: 7.07 | G69: 50.11 | H69: 18.27 | I69: 0.51 | J69: 0.98 | K69: 11.76 | L69: 32.1 | M69: 11 | N69: 171.1 | O69: 0 | P69: 0.56 | Q69: 18.4
... A104: 03-02-2023 24:00 | B104: 336.3 | C104: 232.18 | D104: 396.63 | E104: 6.58 | F104: 3.6 | G104: 252.02 | H104: 98.46 | I104: 2.19 | J104: 0.13 | K104: 257.2 | L104: 17.03 | M104: 53 | N104: 4.1 | O104: 0 | P104: 4.69 | Q104: 55.66
A106: Min | B106: =MIN(B9:B104) -> 0.61 | C106: =MIN(C9:C104) -> 18.86 | D106: =MIN(D9:D104) -> 11.31 | E106: =MIN(E9:E104) -> 4.68 | F106: =MIN(F9:F104) -> 3.42 | G106: =MIN(G9:G104) -> 23.22 | H106: =MIN(H9:H104) -> 15.15 | I106: =MIN(I9:I104) -> 0.13 | ... Q106: =MIN(Q9:Q104) -> 0.69
A107: Max | B107: =MAX(B9:B104) -> 352.68 | C107: =MAX(C9:C104) -> 244.11 | D107: =MAX(D9:D104) -> 415.9 | E107: =MAX(E9:E104) -> 17.01 | F107: =MAX(F9:F104) -> 50.65 | G107: =MAX(G9:G104) -> 294.37 | H107: =MAX(H9:H104) -> 98.46 | I107: =MAX(I9:I104) -> 2.19 | ... Q107: =MAX(Q9:Q104) -> 55.83
A108: Avg | B108: =AVERAGE(B9:B104) -> 101.45896 | C108: =AVERAGE(C9:C104) -> 120.2775 | D108: =AVERAGE(D9:D104) -> 147.37042 | E108: =AVERAGE(E9:E104) -> 8.7329167 | F108: =AVERAGE(F9:F104) -> 6.6878125 | G108: =AVERAGE(G9:G104) -> 127.59538 | H108: =AVERAGE(H9:H104) -> 48.527634 | I108: =AVERAGE(I9:I104) -> 0.92234043 | ... Q108: =AVERAGE(Q9:Q104) -> 30.646979
A109: Stdev | B109: =STDEV(B9:B104) -> 104.34094 | C109: =STDEV(C9:C104) -> 55.91222 | D109: =STDEV(D9:D104) -> 113.71017 | E109: =STDEV(E9:E104) -> 2.3443127 | F109: =STDEV(F9:F104) -> 8.3934433 | G109: =STDEV(G9:G104) -> 81.404479 | H109: =STDEV(H9:H104) -> 28.439589 | I109: =STDEV(I9:I104) -> 0.56641977 | ... Q109: =STDEV(Q9:Q104) -> 14.085703
A110: Num | B110: =COUNT(B9:B104) -> 96 | C110: =COUNT(C9:C104) -> 96 | D110: =COUNT(D9:D104) -> 96 | E110: =COUNT(E9:E104) -> 96 | F110: =COUNT(F9:F104) -> 96 | G110: =COUNT(G9:G104) -> 93 | H110: =COUNT(H9:H104) -> 93 | I110: =COUNT(I9:I104)+49 -> 96 | J110: =COUNT(J9:J104) -> 96 | K110: =COUNT(K9:K104) -> 96 | L110: =COUNT(L9:L104) -> 96 | M110: =COUNT(M9:M104) -> 96 | N110: =COUNT(N9:N104) -> 96 | O110: =COUNT(O9:O104) -> 96 | P110: =COUNT(P9:P104) -> 96 | Q110: =COUNT(Q9:Q104) -> 96
A111: DCR | B111: =IF(B110>=87,">90%",IF(B110<=87,"<90%")) -> >90% | C111: =IF(C110>=87,">90%",IF(C110<=87,"<90%")) -> >90% | D111: =IF(D110>=87,">90%",IF(D110<=87,"<90%")) -> >90% | E111: =IF(E110>=87,">90%",IF(E110<=87,"<90%")) -> >90% | F111: =IF(F110>=87,">90%",IF(F110<=87,"<90%")) -> >90% | G111: =IF(G110>=87,">90%",IF(G110<=87,"<90%")) -> >90% | H111: =IF(H110>=87,">90%",IF(H110<=87,"<90%")) -> >90% | I111: =IF(I110>=87,">90%",IF(I110<=87,"<90%")) -> >90% | ... Q111: =IF(Q110>=87,">90%",IF(Q110<=87,"<90%")) -> >90%
A112: Status | B112: =IF(B110>=87,"OK",IF(B110<=87,"LESS")) -> OK | C112: =IF(C110>=87,"OK",IF(C110<=87,"LESS")) -> OK | D112: =IF(D110>=87,"OK",IF(D110<=87,"LESS")) -> OK | E112: =IF(E110>=87,"OK",IF(E110<=87,"LESS")) -> OK | F112: =IF(F110>=87,"OK",IF(F110<=87,"LESS")) -> OK | G112: =IF(G110>=87,"OK",IF(G110<=87,"LESS")) -> OK | H112: =IF(H110>=87,"OK",IF(H110<=87,"LESS")) -> OK | I112: =IF(I110>=87,"OK",IF(I110<=87,"LESS")) -> OK | ... Q112: =IF(Q110>=87,"OK",IF(Q110<=87,"LESS")) -> OK
A115: Done by | B115: RK
A117: Comment

Sheet 04
A1: Station: | B1: BHATAGAON RAIPUR
A2: Date: | B2: =$A$9 -> 04-02-2023 00:15 | D2: Power Off | G2: Pw.Off | L2: Link Fail | N2: Link F | P2: Maintenance | R2: Maint.
A3: Report Type: | B3: Mean | D3: Calibration | G3: Calib. | L3: Data Fail | N3: Data F | P3: Invalid | R3: Invalid
A4: Time Base: | B4: 15 Min | D4: Zero Referrence | G4: Z.Ref | L4: Warm Up | N4: Wm. Up
A7: Date & Time | B7: NO_BHATAGAON | C7: NO2__BHATAGAON | D7: NOX_BHATAGAON | E7: SO2__BHATAGAON | F7: O3__BHATAGAON | G7: PM10__BHATAGAON | H7: PM2_5__BHATAGAON | I7: BENZ__BHATAGAON | J7: WS__BHATAGAON | K7: WD__BHATAGAON | L7: TEMP__BHATAGAON | M7: HUM__BHATAGAON | N7: SR__BHATAGAON | O7: RG__BHATAGAON | P7: CO__BHATAGAON | Q7: NH3__BHATAGAON
B8: ug/m3 | C8: ug/m3 | D8: ppb | E8: ug/m3 | F8: ug/m3 | G8: ug/m3 | H8: ug/m3 | I8: ug/m3 | J8: m/sec | K8: deg | L8: degreC | M8: % | N8: w/m2 | O8: mm | P8: mg/m3 | Q8: ug/m3
A9: 04-02-2023 00:15 | B9: 319.33 | C9: 222 | D9: 377.41 | E9: 9.1 | F9: 3.46 | G9: 252.02 | H9: 98.46 | I9: 2.23 | J9: 0.07 | K9: 222.27 | L9: 16.81 | M9: 59 | N9: 4.2 | O9: 0 | P9: 4.49 | Q9: 54.24
A10: 04-02-2023 00:30 | B10: 302.95 | C10: 213.37 | D10: 359.51 | E10: 9.51 | F10: 3.25 | G10: 237.38 | H10: 95.11 | I10: 2.19 | J10: 0.05 | K10: 14.88 | L10: 16.06 | M10: 64 | N10: 4.1 | O10: 0 | P10: 4.31 | Q10: 52.43
A11: 04-02-2023 00:45 | B11: 291.82 | C11: 205.9 | D11: 346.46 | E11: 9.33 | F11: 3.51 | G11: 237.38 | H11: 92.44 | I11: 2.11 | J11: 0.06 | K11: 257.6 | L11: 15.81 | M11: 66 | N11: 4.1 | O11: 0 | P11: 4.17 | Q11: 52.05
A12: 04-02-2023 01:00 | B12: 279.76 | C12: 199.68 | D12: 333.36 | E12: 9.2 | F12: 3.78 | G12: 237.38 | H12: 92.44 | I12: 2.04 | J12: 0.12 | K12: 343.77 | L12: 16.1 | M12: 63 | N12: 3.6 | O12: 0 | P12: 4.02 | Q12: 51.28
A13: 04-02-2023 01:15 | B13: 267.27 | C13: 192.78 | D13: 319.54 | E13: 8.77 | F13: 3.43 | G13: 237.38 | H13: 92.44 | I13: 1.99 | J13: 0.11 | K13: 307.82 | L13: 15.85 | M13: 64 | N13: 4.1 | O13: 0 | P13: 3.53 | Q13: 50.11
A14: 04-02-2023 01:30 | B14: 253.64 | C14: 186.62 | D14: 305.21 | E14: 8.58 | F14: 3.55 | G14: 237 | H14: 88.2 | I14: 1.92 | J14: 0.09 | K14: 104.91 | L14: 15.84 | M14: 63 | N14: 4.3 | O14: 0 | P14: 3.56 | Q14: 48.72
A15: 04-02-2023 01:45 | B15: 238.71 | C15: 179.7 | D15: 289.41 | E15: 8.38 | F15: 3.57 | G15: 236.7 | H15: 84.81 | I15: 1.84 | J15: 0.12 | K15: 76.66 | L15: 15.75 | M15: 61 | N15: 4 | O15: 0 | P15: 3.4 | Q15: 47.53
A16: 04-02-2023 02:00 | B16: 225.51 | C16: 173.38 | D16: 275.34 | E16: 8.1 | F16: 3.23 | G16: 236.7 | H16: 84.81 | I16: 1.78 | J16: 0.11 | K16: 249.61 | L16: 15.95 | M16: 60 | N16: 4.1 | O16: 0 | P16: 3.26 | Q16: 46.19
A17: 04-02-2023 02:15 | B17: 209.52 | C17: 166.19 | D17: 258.55 | E17: 8.25 | F17: 3.37 | G17: 236.7 | H17: 84.81 | I17: 1.71 | J17: 0.02 | K17: 282.3 | L17: 15.43 | M17: 62 | N17: 4.2 | O17: 0 | P17: 3.12 | Q17: 44.61
A18: 04-02-2023 02:30 | B18: 198.63 | C18: 160.04 | D18: 246.42 | E18: 7.7 | F18: 3.46 | G18: 179.4 | H18: 77.44 | I18: 1.66 | J18: 0.03 | K18: 307.75 | L18: 15.18 | M18: 63 | N18: 4 | O18: 0 | P18: 3.02 | Q18: 42.77
A19: 04-02-2023 02:45 | B19: 191.65 | C19: 156.97 | D19: 239.13 | E19: 8.45 | F19: 3.45 | G19: 133.55 | H19: 71.55 | I19: 1.62 | J19: 0.09 | K19: 280.4 | L19: 15.37 | M19: 58 | N19: 4.1 | O19: 0 | P19: 2.94 | Q19: 41.74
A20: 04-02-2023 03:00 | B20: 183.6 | C20: 152.97 | D20: 230.47 | E20: 8.12 | F20: 3.48 | G20: 133.55 | H20: 71.55 | I20: 1.57 | J20: 0.13 | K20: 348.86 | L20: 14.97 | M20: 61 | N20: 4.2 | O20: 0 | P20: 2.87 | Q20: 40.94
... A32: 04-02-2023 06:00 | B32: 109.39 | C32: 114.45 | D32: 149.7 | E32: 7.29 | F32: 3.37 | G32: 169.85 | H32: 75.14 | I32: 1.12 | J32: 0.22 | K32: 260.96 | L32: 13.58 | M32: 75 | N32: 4.3 | O32: 0 | P32: 2.17 | Q32: 34.21
A33: 04-02-2023 06:15 | B33: 106.68 | C33: 112.22 | D33: 146.29 | E33: 7.04 | F33: 3.16 | G33: 169.85 | H33: 75.14 | I33: Maint. | J33: 0.17 | K33: 284.38 | L33: 13.35 | M33: 74 | N33: 4.2 | O33: 0 | P33: 2.12 | Q33: 33.3
A34: 04-02-2023 06:30 | B34: 104.1 | C34: 110.4 | D34: 143.22 | E34: 6.78 | F34: 3.29 | G34: 183.36 | H34: 71.91 | I34: Maint. | J34: 0.26 | K34: 249.06 | L34: 13.59 | M34: 70 | N34: 4.6 | O34: 0 | P34: 2.09 | Q34: 32.64
A35: 04-02-2023 06:45 | B35: 102.14 | C35: 109.23 | D35: 141 | E35: 6.54 | F35: 3.4 | G35: 194.16 | H35: 69.32 | I35: Maint. | J35: 0.21 | K35: 263 | L35: 13.56 | M35: 69 | N35: 9.5 | O35: 0 | P35: 2.08 | Q35: 32.33
A36: 04-02-2023 07:00 | B36: 100.98 | C36: 108.77 | D36: 139.82 | E36: 7.02 | F36: 3.48 | G36: 194.16 | H36: 69.32 | I36: Maint. | J36: 0.12 | K36: 296.92 | L36: 13.35 | M36: 69 | N36: 19 | O36: 0 | P36: 2.07 | Q36: 32.35
A37: 04-02-2023 07:15 | B37: 99.08 | C37: 108.36 | D37: 138.07 | E37: 6.72 | F37: 3.47 | G37: 194.16 | H37: 69.32 | I37: Maint. | J37: 0.15 | K37: 342.13 | L37: 13.51 | M37: 70 | N37: 28.6 | O37: 0 | P37: 2.01 | Q37: 32.2
A38: 04-02-2023 07:30 | B38: 102.5 | C38: 110.25 | D38: 141.85 | E38: 6.88 | F38: 3.43 | G38: 172.07 | H38: 70.18 | I38: Maint. | J38: 0.13 | K38: 349.45 | L38: 13.79 | M38: 71 | N38: 40.1 | O38: 0 | P38: 2.1 | Q38: 32.22
A39: 04-02-2023 07:45 | B39: 106.89 | C39: 113.46 | D39: 147.15 | E39: 7.48 | F39: 3.49 | G39: 154.4 | H39: 70.86 | I39: Maint. | J39: 0.06 | K39: 148.78 | L39: 14.99 | M39: 65 | N39: 135.4 | O39: 0 | P39: 2.12 | Q39: 33.42
A40: 04-02-2023 08:00 | B40: 109.42 | C40: 116.75 | D40: 150.99 | E40: 5.16 | F40: 3.63 | G40: 154.4 | H40: 70.86 | I40: Maint. | J40: 0.22 | K40: 23.45 | L40: 19.11 | M40: 51 | N40: 221.2 | O40: 0 | P40: 2.15 | Q40: 34.34
A41: 04-02-2023 08:15 | B41: 113.51 | C41: 121.61 | D41: 156.95 | E41: 7.61 | F41: 3.54 | G41: 154.4 | H41: 70.86 | I41: Maint. | J41: 0.22 | K41: 28.14 | L41: 21.75 | M41: 46 | N41: 266.5 | O41: 0 | P41: 2.21 | Q41: 34.76
A42: 04-02-2023 08:30 | B42: 114.83 | C42: 126.85 | D42: 160.9 | E42: 7.68 | F42: 3.43 | G42: 179.29 | H42: 76.93 | I42: Maint. | J42: 0.11 | K42: 72.03 | L42: 23.64 | M42: 40 | N42: 308.6 | O42: 0 | P42: 2.23 | Q42: 35.09
A43: 04-02-2023 08:45 | B43: 113.05 | C43: 131.46 | D43: 162.02 | E43: 7.67 | F43: 3.58 | G43: 199.2 | H43: 81.79 | I43: Maint. | J43: 0.2 | K43: 93.66 | L43: 24.56 | M43: 34 | N43: 361.1 | O43: 0 | P43: 2.22 | Q43: 35.35
A44: 04-02-2023 09:00 | B44: 108.71 | C44: 134.43 | D44: 160.18 | E44: 8.02 | F44: 3.69 | G44: 199.2 | H44: 81.79 | I44: Maint. | J44: 0.91 | K44: 112.81 | L44: 23.3 | M44: 30 | N44: 417.8 | O44: 0 | P44: 2.17 | Q44: 35.4
... A59: 04-02-2023 12:45 | B59: 29.86 | C59: 113.66 | D59: 85.48 | E59: 6.95 | F59: 3.94 | G59: 52.78 | H59: 29.4 | I59: Maint. | J59: 0.39 | K59: 143.17 | L59: 29.8 | M59: 16 | N59: 641.7 | O59: 0 | P59: 1.11 | Q59: 31.59
A60: 04-02-2023 13:00 | B60: 26.57 | C60: 114.13 | D60: 83.11 | E60: 7.06 | F60: 4.11 | G60: 52.78 | H60: 29.4 | I60: 0.07 | J60: 0.28 | K60: 9.29 | L60: 31.57 | M60: 16 | N60: 585 | O60: 0 | P60: 1.06 | Q60: 31.09
A61: 04-02-2023 13:15 | B61: 24.17 | C61: 114.26 | D61: 81.25 | E61: 7.33 | F61: 4.41 | G61: 52.78 | H61: 29.4 | I61: 0.74 | J61: 0.23 | K61: 333.81 | L61: 31.17 | M61: 16 | N61: 549.8 | O61: 0 | P61: 1.09 | Q61: 30.39
A62: 04-02-2023 13:30 | B62: 20.63 | C62: 109.33 | D62: 75.69 | E62: 8.47 | F62: 7.27 | G62: 52.11 | H62: 27.31 | I62: 0.72 | J62: 0.19 | K62: 341.99 | L62: 32.06 | M62: 15 | N62: 509.5 | O62: 0 | P62: 1.1 | Q62: 29.46
A63: 04-02-2023 13:45 | B63: 16.6 | C63: 104.01 | D63: 69.52 | E63: 8.35 | F63: 8.33 | G63: 51.56 | H63: 25.64 | I63: 0.7 | J63: 0.3 | K63: 61.15 | L63: 30.6 | M63: 16 | N63: 470.6 | O63: 0 | P63: 1.07 | Q63: 29.64
A64: 04-02-2023 14:00 | B64: 16.73 | C64: 109.1 | D64: 72.44 | E64: 8.34 | F64: 6.99 | G64: 51.56 | H64: 25.64 | I64: 0.69 | J64: 0.58 | K64: 94.73 | L64: 31.38 | M64: 16 | N64: 441.8 | O64: 0 | P64: 1.08 | Q64: 30.17
A65: 04-02-2023 14:15 | B65: 14.2 | C65: 100.17 | D65: 65.48 | E65: 10.07 | F65: 9.95 | G65: 51.56 | H65: 25.64 | I65: 0.69 | J65: 0.48 | K65: 101.59 | L65: 29.61 | M65: 17 | N65: 435.4 | O65: 0 | P65: 1.03 | Q65: 30.98
A66: 04-02-2023 14:30 | B66: 14.41 | C66: 100.96 | D66: 66.08 | E66: 9.42 | F66: 9.72 | G66: 57.42 | H66: 26.02 | I66: 0.69 | J66: 0.85 | K66: 357.23 | L66: 31.94 | M66: 13 | N66: 453.2 | O66: 0 | P66: 0.99 | Q66: 31.14
A67: 04-02-2023 14:45 | B67: 13.66 | C67: 104.66 | D67: 67.53 | E67: 6.34 | F67: 5.54 | G67: 62.1 | H67: 26.31 | I67: 0.67 | J67: 0.87 | K67: 356.43 | L67: 33.46 | M67: 11 | N67: 461 | O67: 0 | P67: 1.01 | Q67: 30.99
A68: 04-02-2023 15:00 | B68: 11.44 | C68: 101.2 | D68: 63.83 | E68: 6.45 | F68: 5.49 | G68: 62.1 | H68: 26.31 | I68: 0.68 | J68: 0.56 | K68: 346.92 | L68: 33.86 | M68: 10 | N68: 276.2 | O68: 0 | P68: 0.98 | Q68: 31.69
A69: 04-02-2023 15:15 | B69: 9.67 | C69: 100.99 | D69: 62.3 | E69: 5.9 | F69: 5.4 | G69: 62.1 | H69: 26.31 | I69: 0.69 | J69: 1 | K69: 6.8 | L69: 33.97 | M69: 11 | N69: 151.3 | O69: 0 | P69: 0.95 | Q69: 31.99
A70: 04-02-2023 15:30 | B70: 8.08 | C70: 97.51 | D70: 59.1 | E70: 5.82 | F70: 6.5 | G70: 46.16 | H70: 23.05 | I70: 0.67 | J70: 0.57 | K70: 350.47 | L70: 33.59 | M70: 11 | N70: 163.4 | O70: 0 | P70: 0.91 | Q70: 31.81
A71: 04-02-2023 15:45 | B71: 8.06 | C71: 97.22 | D71: 58.92 | E71: 5.58 | F71: 5.73 | G71: 33.41 | H71: 20.55 | I71: 0.66 | J71: 0.8 | K71: 358.78 | L71: 31.97 | M71: 11 | N71: 118.8 | O71: 0 | P71: 0.88 | Q71: 31.26
... A104: 04-02-2023 24:00 | B104: 234.31 | C104: 192.74 | D104: 293.08 | E104: 6.03 | F104: 4.11 | G104: 164.07 | H104: 68.93 | I104: 1.89 | J104: 0.1 | K104: 352.18 | L104: 17.66 | M104: 55 | N104: 3.9 | O104: 0 | P104: 3.65 | Q104: 48.25
A106: Min | B106: =MIN(B9:B104) -> 6.35 | C106: =MIN(C9:C104) -> 87.22 | D106: =MIN(D9:D104) -> 54.23 | E106: =MIN(E9:E104) -> 4.12 | F106: =MIN(F9:F104) -> 3.16 | G106: =MIN(G9:G104) -> 30.89 | H106: =MIN(H9:H104) -> 15.06 | I106: =MIN(I9:I104) -> 0.07 | ... Q106: =MIN(Q9:Q104) -> 27.7
A107: Max | B107: =MAX(B9:B104) -> 319.33 | C107: =MAX(C9:C104) -> 222 | D107: =MAX(D9:D104) -> 377.41 | E107: =MAX(E9:E104) -> 10.22 | F107: =MAX(F9:F104) -> 9.95 | G107: =MAX(G9:G104) -> 263.14 | H107: =MAX(H9:H104) -> 98.46 | I107: =MAX(I9:I104) -> 2.23 | ... Q107: =MAX(Q9:Q104) -> 54.24
A108: Avg | B108: =AVERAGE(B9:B104) -> 112.11938 | C108: =AVERAGE(C9:C104) -> 135.57083 | D108: =AVERAGE(D9:D104) -> 163.54104 | E108: =AVERAGE(E9:E104) -> 7.6429167 | F108: =AVERAGE(F9:F104) -> 4.3439583 | G108: =AVERAGE(G9:G104) -> 136.23646 | H108: =AVERAGE(H9:H104) -> 54.587604 | I108: =AVERAGE(I9:I104) -> 1.1934783 | ... Q108: =AVERAGE(Q9:Q104) -> 36.921354
A109: Stdev | B109: =STDEV(B9:B104) -> 86.605476 | C109: =STDEV(C9:C104) -> 35.840658 | D109: =STDEV(D9:D104) -> 88.405359 | E109: =STDEV(E9:E104) -> 1.2614093 | F109: =STDEV(F9:F104) -> 1.6202121 | G109: =STDEV(G9:G104) -> 75.142634 | H109: =STDEV(H9:H104) -> 25.391063 | I109: =STDEV(I9:I104) -> 0.52715894 | ... Q109: =STDEV(Q9:Q104) -> 7.154335
A110: Num | B110: =COUNT(B9:B104) -> 96 | C110: =COUNT(C9:C104) -> 96 | D110: =COUNT(D9:D104) -> 96 | E110: =COUNT(E9:E104) -> 96 | F110: =COUNT(F9:F104) -> 96 | G110: =COUNT(G9:G104) -> 96 | H110: =COUNT(H9:H104) -> 96 | I110: =COUNT(I9:I104)+27 -> 96 | J110: =COUNT(J9:J104) -> 96 | K110: =COUNT(K9:K104) -> 96 | L110: =COUNT(L9:L104) -> 96 | M110: =COUNT(M9:M104) -> 96 | N110: =COUNT(N9:N104) -> 96 | O110: =COUNT(O9:O104) -> 96 | P110: =COUNT(P9:P104) -> 96 | Q110: =COUNT(Q9:Q104) -> 96
A111: DCR | B111: =IF(B110>=87,">90%",IF(B110<=87,"<90%")) -> >90% | C111: =IF(C110>=87,">90%",IF(C110<=87,"<90%")) -> >90% | D111: =IF(D110>=87,">90%",IF(D110<=87,"<90%")) -> >90% | E111: =IF(E110>=87,">90%",IF(E110<=87,"<90%")) -> >90% | F111: =IF(F110>=87,">90%",IF(F110<=87,"<90%")) -> >90% | G111: =IF(G110>=87,">90%",IF(G110<=87,"<90%")) -> >90% | H111: =IF(H110>=87,">90%",IF(H110<=87,"<90%")) -> >90% | I111: =IF(I110>=87,">90%",IF(I110<=87,"<90%")) -> >90% | ... Q111: =IF(Q110>=87,">90%",IF(Q110<=87,"<90%")) -> >90%
A112: Status | B112: =IF(B110>=87,"OK",IF(B110<=87,"LESS")) -> OK | C112: =IF(C110>=87,"OK",IF(C110<=87,"LESS")) -> OK | D112: =IF(D110>=87,"OK",IF(D110<=87,"LESS")) -> OK | E112: =IF(E110>=87,"OK",IF(E110<=87,"LESS")) -> OK | F112: =IF(F110>=87,"OK",IF(F110<=87,"LESS")) -> OK | G112: =IF(G110>=87,"OK",IF(G110<=87,"LESS")) -> OK | H112: =IF(H110>=87,"OK",IF(H110<=87,"LESS")) -> OK | I112: =IF(I110>=87,"OK",IF(I110<=87,"LESS")) -> OK | ... Q112: =IF(Q110>=87,"OK",IF(Q110<=87,"LESS")) -> OK
A115: Done by | B115: RK
A117: Comment

Sheet 05
A1: Station: | B1: BHATAGAON RAIPUR
A2: Date: | B2: =$A$9 -> 05-02-2023 00:15 | D2: Power Off | G2: Pw.Off | L2: Link Fail | N2: Link F | P2: Maintenance | R2: Maint.
A3: Report Type: | B3: Mean | D3: Calibration | G3: Calib. | L3: Data Fail | N3: Data F | P3: Invalid | R3: Invalid
A4: Time Base: | B4: 15 Min | D4: Zero Referrence | G4: Z.Ref | L4: Warm Up | N4: Wm. Up
A7: Date & Time | B7: NO_BHATAGAON | C7: NO2__BHATAGAON | D7: NOX_BHATAGAON | E7: SO2__BHATAGAON | F7: O3__BHATAGAON | G7: PM10__BHATAGAON | H7: PM2_5__BHATAGAON | I7: BENZ__BHATAGAON | J7: WS__BHATAGAON | K7: WD__BHATAGAON | L7: TEMP__BHATAGAON | M7: HUM__BHATAGAON | N7: SR__BHATAGAON | O7: RG__BHATAGAON | P7: CO__BHATAGAON | Q7: NH3__BHATAGAON
B8: ug/m3 | C8: ug/m3 | D8: ppb | E8: ug/m3 | F8: ug/m3 | G8: ug/m3 | H8: ug/m3 | I8: ug/m3 | J8: m/sec | K8: deg | L8: degreC | M8: % | N8: w/m2 | O8: mm | P8: mg/m3 | Q8: ug/m3
A9: 05-02-2023 00:15 | B9: 223.18 | C9: 186.06 | D9: 280.47 | E9: 8.25 | F9: 3.63 | G9: 164.07 | H9: 68.93 | I9: 1.86 | J9: 0.04 | K9: 318.97 | L9: 17.07 | M9: 53 | N9: 4.4 | O9: 0 | P9: 3.54 | Q9: 47.07
A10: 05-02-2023 00:30 | B10: 209.87 | C10: 177.32 | D10: 264.97 | E10: 8.42 | F10: 3.6 | G10: 136.92 | H10: 64.67 | I10: 1.83 | J10: 0.08 | K10: 350.93 | L10: 16.54 | M10: 57 | N10: 4.2 | O10: 0 | P10: 3.41 | Q10: 45.9
A11: 05-02-2023 00:45 | B11: 200.5 | C11: 173.72 | D11: 255.47 | E11: 8.19 | F11: 3.46 | G11: 115.21 | H11: 61.41 | I11: 1.78 | J11: 0.09 | K11: 295.39 | L11: 16.43 | M11: 54 | N11: 4.1 | O11: 0 | P11: 3.29 | Q11: 44.75
A12: 05-02-2023 01:00 | B12: 189.85 | C12: 166.82 | D12: 243.12 | E12: 7.49 | F12: 3.4 | G12: 115.21 | H12: 61.41 | I12: 1.74 | J12: 0.13 | K12: 334.87 | L12: 16.34 | M12: 55 | N12: 4.2 | O12: 0 | P12: 3.17 | Q12: 43.89
A13: 05-02-2023 01:15 | B13: 181.42 | C13: 162.57 | D13: 234.01 | E13: 7.84 | F13: 3.39 | G13: 115.21 | H13: 61.41 | I13: 1.69 | J13: 0.06 | K13: 196.51 | L13: 16.15 | M13: 56 | N13: 4.3 | O13: 0 | P13: 2.78 | Q13: 42.92
A14: 05-02-2023 01:30 | B14: 171.18 | C14: 153.66 | D14: 220.88 | E14: 7.67 | F14: 3.65 | G14: 105.3 | H14: 57.14 | I14: 1.63 | J14: 0.16 | K14: 342.49 | L14: 15.99 | M14: 57 | N14: 4.2 | O14: 0 | P14: 2.83 | Q14: 42.11
A15: 05-02-2023 01:45 | B15: 165.11 | C15: 152.06 | D15: 215.14 | E15: 8.14 | F15: 3.56 | G15: 97.37 | H15: 53.73 | I15: 1.57 | J15: 0.05 | K15: 122.15 | L15: 16.08 | M15: 58 | N15: 3.7 | O15: 0 | P15: 2.74 | Q15: 42.23
A16: 05-02-2023 02:00 | B16: 157.34 | C16: 148.73 | D16: 207.07 | E16: 7.95 | F16: 3.63 | G16: 97.37 | H16: 53.73 | I16: 1.53 | J16: 0.03 | K16: 159.12 | L16: 16.04 | M16: 57 | N16: 4 | O16: 0 | P16: 2.65 | Q16: 42.11
A17: 05-02-2023 02:15 | B17: 149.08 | C17: 144.76 | D17: 198.26 | E17: 7.31 | F17: 3.68 | G17: 97.37 | H17: 53.73 | I17: 1.49 | J17: 0.09 | K17: 349.17 | L17: 16.02 | M17: 56 | N17: 4 | O17: 0 | P17: 2.55 | Q17: 41.33
A18: 05-02-2023 02:30 | B18: 141.54 | C18: 141.09 | D18: 190.18 | E18: 7.68 | F18: 3.63 | G18: 106.32 | H18: 52.41 | I18: 1.44 | J18: 0.03 | K18: 53.52 | L18: 16.41 | M18: 51 | N18: 3.5 | O18: 0 | P18: 2.46 | Q18: 40.43
A19: 05-02-2023 02:45 | B19: 133.39 | C19: 137.83 | D19: 181.84 | E19: 7.71 | F19: 3.44 | G19: 113.47 | H19: 51.36 | I19: 1.39 | J19: 0.16 | K19: 230.89 | L19: 16.68 | M19: 49 | N19: 3.8 | O19: 0 | P19: 2.38 | Q19: 39.68
A20: 05-02-2023 03:00 | B20: 124.43 | C20: 134.74 | D20: 172.95 | E20: 7.59 | F20: 3.57 | G20: 113.47 | H20: 51.36 | I20: 1.33 | J20: 0.16 | K20: 271.9 | L20: 16.76 | M20: 48 | N20: 4 | O20: 0 | P20: 2.28 | Q20: 38.72
... A34: 05-02-2023 06:30 | B34: 82.9 | C34: 108.41 | D34: 125.11 | E34: 6.46 | F34: 3.64 | G34: 104.79 | H34: 49.01 | I34: 0.93 | J34: 0.13 | K34: 314.15 | L34: 13.39 | M34: 77 | N34: 5.3 | O34: 0 | P34: 1.64 | Q34: 32.92
A35: 05-02-2023 06:45 | B35: 85.01 | C35: 109.26 | D35: 127.28 | E35: 6.41 | F35: 3.55 | G35: 95.14 | H35: 48.9 | I35: Maint. | J35: 0.15 | K35: 277.01 | L35: 13.18 | M35: 76 | N35: 9.7 | O35: 0 | P35: 1.64 | Q35: 32.8
A36: 05-02-2023 07:00 | B36: 90.27 | C36: 111.63 | D36: 132.81 | E36: 6.4 | F36: 3.47 | G36: 95.14 | H36: 48.9 | I36: Maint. | J36: 0.11 | K36: 325.07 | L36: 13.27 | M36: 78 | N36: 19.5 | O36: 0 | P36: 1.64 | Q36: 32.48
A37: 05-02-2023 07:15 | B37: 98.64 | C37: 115.33 | D37: 141.56 | E37: 6.12 | F37: 3.39 | G37: 95.14 | H37: 48.9 | I37: Maint. | J37: 0.14 | K37: 325.64 | L37: 13.52 | M37: 79 | N37: 29.2 | O37: 0 | P37: 1.62 | Q37: 32.69
A38: 05-02-2023 07:30 | B38: 107.35 | C38: 119.14 | D38: 150.65 | E38: 6.43 | F38: 3.5 | G38: 119.52 | H38: 50.54 | I38: Maint. | J38: 0.18 | K38: 257.59 | L38: 14.46 | M38: 76 | N38: 42.2 | O38: 0 | P38: 1.72 | Q38: 33.08
A39: 05-02-2023 07:45 | B39: 109.39 | C39: 120.51 | D39: 153.04 | E39: 6.62 | F39: 4.02 | G39: 139.01 | H39: 51.85 | I39: Maint. | J39: 0.49 | K39: 207.01 | L39: 16.09 | M39: 69 | N39: 140.9 | O39: 0 | P39: 1.77 | Q39: 33.54
A40: 05-02-2023 08:00 | B40: 105.84 | C40: 119.43 | D40: 149.6 | E40: 5.22 | F40: 3.66 | G40: 139.01 | H40: 51.85 | I40: Maint. | J40: 0.44 | K40: 207.77 | L40: 17.59 | M40: 63 | N40: 223.8 | O40: 0 | P40: 1.76 | Q40: 33.6
A41: 05-02-2023 08:15 | B41: 100.57 | C41: 118.05 | D41: 144.61 | E41: 7.15 | F41: 3.49 | G41: 139.01 | H41: 51.85 | I41: Maint. | J41: 0.06 | K41: 172.41 | L41: 20.2 | M41: 55 | N41: 265.1 | O41: 0 | P41: 1.75 | Q41: 33.37
A42: 05-02-2023 08:30 | B42: 97.03 | C42: 118.72 | D42: 142.14 | E42: 7.2 | F42: 3.48 | G42: 132.11 | H42: 54.9 | I42: Maint. | J42: 0.73 | K42: 169.82 | L42: 21.35 | M42: 51 | N42: 304.2 | O42: 0 | P42: 1.76 | Q42: 33.07
A43: 05-02-2023 08:45 | B43: 92.62 | C43: 119.29 | D43: 138.92 | E43: 6.85 | F43: 3.49 | G43: 126.59 | H43: 57.34 | I43: Maint. | J43: 0.97 | K43: 170.07 | L43: 20.54 | M43: 53 | N43: 343.9 | O43: 0 | P43: 1.75 | Q43: 33.19
A44: 05-02-2023 09:00 | B44: 86.19 | C44: 119.18 | D44: 133.7 | E44: 6.75 | F44: 3.54 | G44: 126.59 | H44: 57.34 | I44: Maint. | J44: 0.69 | K44: 169.57 | L44: 21.7 | M44: 48 | N44: 376.3 | O44: 0 | P44: 1.71 | Q44: 34.09
A45: 05-02-2023 09:15 | B45: 78.41 | C45: 119.67 | D45: 127.73 | E45: 6.59 | F45: 3.54 | G45: 126.59 | H45: 57.34 | I45: Maint. | J45: 0.6 | K45: 167.5 | L45: 22.66 | M45: 45 | N45: 416.1 | O45: 0 | P45: 1.69 | Q45: 34.08
A46: 05-02-2023 09:30 | B46: 70.74 | C46: 121.12 | D46: 122.38 | E46: 6.71 | F46: 3.52 | G46: 113.22 | H46: 56.22 | I46: Maint. | J46: 0.02 | K46: 170.14 | L46: 24.72 | M46: 40 | N46: 451.2 | O46: 0 | P46: 1.67 | Q46: 33.58
... A104: 05-02-2023 24:00 | B104: 183.52 | C104: 184.76 | D104: 247.94 | E104: 5.6 | F104: 3.88 | G104: 190.46 | H104: 68.12 | I104: Maint. | J104: 0.11 | K104: 225.9 | L104: 18.59 | M104: 49 | N104: 3.9 | O104: 0 | P104: 3.19 | Q104: 47.78
A106: Min | B106: =MIN(B9:B104) -> 4.73 | C106: =MIN(C9:C104) -> 88.18 | D106: =MIN(D9:D104) -> 52.31 | E106: =MIN(E9:E104) -> 4.33 | F106: =MIN(F9:F104) -> 2.71 | G106: =MIN(G9:G104) -> 32.42 | H106: =MIN(H9:H104) -> 19.67 | I106: =MIN(I9:I104) -> 0.89 | ... Q106: =MIN(Q9:Q104) -> 28.56
A107: Max | B107: =MAX(B9:B104) -> 223.18 | C107: =MAX(C9:C104) -> 188.98 | D107: =MAX(D9:D104) -> 280.47 | E107: =MAX(E9:E104) -> 19.61 | F107: =MAX(F9:F104) -> 22.08 | G107: =MAX(G9:G104) -> 212.69 | H107: =MAX(H9:H104) -> 68.93 | I107: =MAX(I9:I104) -> 1.86 | ... Q107: =MAX(Q9:Q104) -> 48.51
A108: Avg | B108: =AVERAGE(B9:B104) -> 80.595937 | C108: =AVERAGE(C9:C104) -> 127.26677 | D108: =AVERAGE(D9:D104) -> 133.67813 | E108: =AVERAGE(E9:E104) -> 7.5608333 | F108: =AVERAGE(F9:F104) -> 4.915625 | G108: =AVERAGE(G9:G104) -> 107.54302 | H108: =AVERAGE(H9:H104) -> 46.159271 | I108: =AVERAGE(I9:I104) -> 1.3111538 | ... Q108: =AVERAGE(Q9:Q104) -> 35.451354
A109: Stdev | B109: =STDEV(B9:B104) -> 61.19331 | C109: =STDEV(C9:C104) -> 27.879211 | D109: =STDEV(D9:D104) -> 63.124644 | E109: =STDEV(E9:E104) -> 2.279255 | F109: =STDEV(F9:F104) -> 3.3065319 | G109: =STDEV(G9:G104) -> 54.706714 | H109: =STDEV(H9:H104) -> 15.252285 | I109: =STDEV(I9:I104) -> 0.31688896 | ... Q109: =STDEV(Q9:Q104) -> 5.335989
A110: Num | B110: =COUNT(B9:B104) -> 96 | C110: =COUNT(C9:C104) -> 96 | D110: =COUNT(D9:D104) -> 96 | E110: =COUNT(E9:E104) -> 96 | F110: =COUNT(F9:F104) -> 96 | G110: =COUNT(G9:G104) -> 96 | H110: =COUNT(H9:H104) -> 96 | I110: =COUNT(I9:I104)+70 -> 96 | J110: =COUNT(J9:J104) -> 96 | K110: =COUNT(K9:K104) -> 96 | L110: =COUNT(L9:L104) -> 96 | M110: =COUNT(M9:M104) -> 96 | N110: =COUNT(N9:N104) -> 96 | O110: =COUNT(O9:O104) -> 96 | P110: =COUNT(P9:P104) -> 96 | Q110: =COUNT(Q9:Q104) -> 96
A111: DCR | B111: =IF(B110>=87,">90%",IF(B110<=87,"<90%")) -> >90% | C111: =IF(C110>=87,">90%",IF(C110<=87,"<90%")) -> >90% | D111: =IF(D110>=87,">90%",IF(D110<=87,"<90%")) -> >90% | E111: =IF(E110>=87,">90%",IF(E110<=87,"<90%")) -> >90% | F111: =IF(F110>=87,">90%",IF(F110<=87,"<90%")) -> >90% | G111: =IF(G110>=87,">90%",IF(G110<=87,"<90%")) -> >90% | H111: =IF(H110>=87,">90%",IF(H110<=87,"<90%")) -> >90% | I111: =IF(I110>=87,">90%",IF(I110<=87,"<90%")) -> >90% | ... Q111: =IF(Q110>=87,">90%",IF(Q110<=87,"<90%")) -> >90%
A112: Status | B112: =IF(B110>=87,"OK",IF(B110<=87,"LESS")) -> OK | C112: =IF(C110>=87,"OK",IF(C110<=87,"LESS")) -> OK | D112: =IF(D110>=87,"OK",IF(D110<=87,"LESS")) -> OK | E112: =IF(E110>=87,"OK",IF(E110<=87,"LESS")) -> OK | F112: =IF(F110>=87,"OK",IF(F110<=87,"LESS")) -> OK | G112: =IF(G110>=87,"OK",IF(G110<=87,"LESS")) -> OK | H112: =IF(H110>=87,"OK",IF(H110<=87,"LESS")) -> OK | I112: =IF(I110>=87,"OK",IF(I110<=87,"LESS")) -> OK | ... Q112: =IF(Q110>=87,"OK",IF(Q110<=87,"LESS")) -> OK
A115: Done by | B115: RK
A117: Comment

Sheet 06
A1: Station: | B1: BHATAGAON RAIPUR
A2: Date: | B2: =$A$9 -> 06-02-2023 00:15 | D2: Power Off | G2: Pw.Off | L2: Link Fail | N2: Link F | P2: Maintenance | R2: Maint.
A3: Report Type: | B3: Mean | D3: Calibration | G3: Calib. | L3: Data Fail | N3: Data F | P3: Invalid | R3: Invalid
A4: Time Base: | B4: 15 Min | D4: Zero Referrence | G4: Z.Ref | L4: Warm Up | N4: Wm. Up
A7: Date & Time | B7: NO_BHATAGAON | C7: NO2__BHATAGAON | D7: NOX_BHATAGAON | E7: SO2__BHATAGAON | F7: O3__BHATAGAON | G7: PM10__BHATAGAON | H7: PM2_5__BHATAGAON | I7: BENZ__BHATAGAON | J7: WS__BHATAGAON | K7: WD__BHATAGAON | L7: TEMP__BHATAGAON | M7: HUM__BHATAGAON | N7: SR__BHATAGAON | O7: RG__BHATAGAON | P7: CO__BHATAGAON | Q7: NH3__BHATAGAON
B8: ug/m3 | C8: ug/m3 | D8: ppb | E8: ug/m3 | F8: ug/m3 | G8: ug/m3 | H8: ug/m3 | I8: ug/m3 | J8: m/sec | K8: deg | L8: degreC | M8: % | N8: w/m2 | O8: mm | P8: mg/m3 | Q8: ug/m3
A9: 06-02-2023 00:15 | B9: 171.66 | C9: 178.92 | D9: 235.21 | E9: 8.22 | F9: 3.57 | G9: 190.46 | H9: 68.12 | I9: Maint. | J9: 0.05 | K9: 331.05 | L9: 18.4 | M9: 50 | N9: 4.2 | O9: 0 | P9: 3.1 | Q9: 46.42
A10: 06-02-2023 00:30 | B10: 162.79 | C10: 174.87 | D10: 225.86 | E10: 8.43 | F10: 3.36 | G10: 145.61 | H10: 63.08 | I10: Maint. | J10: 0.08 | K10: 271.14 | L10: 17.83 | M10: 54 | N10: 4.3 | O10: 0 | P10: 3.03 | Q10: 45.12
A11: 06-02-2023 00:45 | B11: 152.5 | C11: 170.02 | D11: 214.94 | E11: 8.37 | F11: 3.43 | G11: 109.73 | H11: 59.04 | I11: Maint. | J11: 0.14 | K11: 335.58 | L11: 17.5 | M11: 57 | N11: 4.3 | O11: 0 | P11: 2.95 | Q11: 44.09
A12: 06-02-2023 01:00 | B12: 143.88 | C12: 164.87 | D12: 205.18 | E12: 7.98 | F12: 3.59 | G12: 109.73 | H12: 59.04 | I12: Maint. | J12: 0.15 | K12: 310.1 | L12: 17.68 | M12: 54 | N12: 3.7 | O12: 0 | P12: 2.89 | Q12: 42.72
A13: 06-02-2023 01:15 | B13: 138.76 | C13: 161.73 | D13: 199.34 | E13: 7.76 | F13: 3.41 | G13: 109.73 | H13: 59.04 | I13: Maint. | J13: 0.08 | K13: 330.26 | L13: 17.14 | M13: 56 | N13: 4.6 | O13: 0 | P13: 2.57 | Q13: 41.63
A14: 06-02-2023 01:30 | B14: 133.99 | C14: 158.9 | D14: 193.96 | E14: 8.12 | F14: 3.48 | G14: 109.01 | H14: 56.74 | I14: Maint. | J14: 0.14 | K14: 258.09 | L14: 17.2 | M14: 57 | N14: 4.1 | O14: 0 | P14: 2.64 | Q14: 40.75
A15: 06-02-2023 01:45 | B15: 129.84 | C15: 155.65 | D15: 188.83 | E15: 7.85 | F15: 3.35 | G15: 108.43 | H15: 54.9 | I15: Maint. | J15: 0.09 | K15: 310.4 | L15: 16.8 | M15: 60 | N15: 4.6 | O15: 0 | P15: 2.61 | Q15: 40.3
A16: 06-02-2023 02:00 | B16: 126.74 | C16: 152.88 | D16: 184.82 | E16: 7.76 | F16: 3.44 | G16: 108.43 | H16: 54.9 | I16: Maint. | J16: 0.15 | K16: 244.6 | L16: 16.58 | M16: 62 | N16: 3.7 | O16: 0 | P16: 2.57 | Q16: 40.03
A17: 06-02-2023 02:15 | B17: 124.56 | C17: 150.05 | D17: 181.51 | E17: 7.75 | F17: 3.47 | G17: 108.43 | H17: 54.9 | I17: Maint. | J17: 0.33 | K17: 228.02 | L17: 17.54 | M17: 58 | N17: 2.6 | O17: 0 | P17: 2.53 | Q17: 39.76
A18: 06-02-2023 02:30 | B18: 118.38 | C18: 143.87 | D18: 173.14 | E18: 7.95 | F18: 3.5 | G18: 104.58 | H18: 54.84 | I18: Maint. | J18: 0.32 | K18: 174.09 | L18: 17.59 | M18: 56 | N18: 3.7 | O18: 0 | P18: 2.45 | Q18: 39.13
A19: 06-02-2023 02:45 | B19: 111.84 | C19: 139.73 | D19: 165.61 | E19: 7.64 | F19: 3.51 | G19: 101.49 | H19: 54.8 | I19: Maint. | J19: 0.17 | K19: 323.91 | L19: 16.48 | M19: 61 | N19: 4.7 | O19: 0 | P19: 2.36 | Q19: 39.05
A20: 06-02-2023 03:00 | B20: 104.45 | C20: 135 | D20: 157.08 | E20: 7.61 | F20: 3.54 | G20: 101.49 | H20: 54.8 | I20: Maint. | J20: 0.13 | K20: 12.98 | L20: 15.74 | M20: 66 | N20: 4.7 | O20: 0 | P20: 2.26 | Q20: 39.02
... A51: 06-02-2023 10:45 | B51: 3.37 | C51: 141.14 | D51: 79.41 | E51: 25.45 | F51: 53.24 | G51: 150.85 | H51: 70.75 | I51: Maint. | J51: 0.38 | K51: 359.05 | L51: 32.14 | M51: 23 | N51: 438.1 | O51: 0 | P51: 2.81 | Q51: 15.22
A52: 06-02-2023 11:00 | B52: 2.61 | C52: 120.39 | D52: 67.34 | E52: 18.35 | F52: 38.86 | G52: 150.85 | H52: 70.75 | I52: 0.43 | J52: 0.1 | K52: 245.21 | L52: 30.62 | M52: 24 | N52: 475.4 | O52: 0 | P52: 2.51 | Q52: 13.36
A53: 06-02-2023 11:15 | B53: 2.86 | C53: 110.57 | D53: 62.13 | E53: 15.56 | F53: 33.24 | G53: 150.85 | H53: 70.75 | I53: 0.83 | J53: 0.43 | K53: 1.05 | L53: 32.71 | M53: 21 | N53: 456.5 | O53: 0 | P53: 2.41 | Q53: 12.71
A54: 06-02-2023 11:30 | B54: 2.52 | C54: 103.43 | D54: 57.91 | E54: 15.92 | F54: 45.73 | G54: 151.5 | H54: 71.71 | I54: 0.76 | J54: 0.11 | K54: 22.68 | L54: 31.94 | M54: 23 | N54: 447.9 | O54: 0 | P54: 2.33 | Q54: 13.24
A55: 06-02-2023 11:45 | B55: 2.52 | C55: 89.63 | D55: 50.3 | E55: 14.83 | F55: 28.46 | G55: 152.02 | H55: 72.47 | I55: 0.73 | J55: 0.32 | K55: 12.6 | L55: 32.73 | M55: 22 | N55: 454.8 | O55: 0 | P55: 2.28 | Q55: 13.34
A56: 06-02-2023 12:00 | B56: 2.85 | C56: 90.89 | D56: 51.26 | E56: 5.17 | F56: 18.01 | G56: 152.02 | H56: 72.47 | I56: 0.71 | J56: 0.27 | K56: 52.18 | L56: 32.1 | M56: 20 | N56: 528.6 | O56: 0 | P56: 2.27 | Q56: 13.13
A57: 06-02-2023 12:15 | B57: 3.52 | C57: 82.7 | D57: 47.27 | E57: 12.72 | F57: 22.83 | G57: 152.02 | H57: 72.47 | I57: 0.71 | J57: 0.37 | K57: 35.16 | L57: 31.78 | M57: 19 | N57: 449.4 | O57: 0 | P57: 2.2 | Q57: 13.47
A58: 06-02-2023 12:30 | B58: 4.18 | C58: 83.52 | D58: 48.25 | E58: 17.62 | F58: 24.43 | G58: 153.42 | H58: 72.29 | I58: 0.73 | J58: 0.39 | K58: 7.37 | L58: 32.72 | M58: 19 | N58: 416.5 | O58: 0 | P58: 2.22 | Q58: 14.83
A59: 06-02-2023 12:45 | B59: 3.18 | C59: 77.5 | D59: 44.14 | E59: 32.21 | F59: 48.42 | G59: 154.55 | H59: 72.15 | I59: 0.72 | J59: 0.16 | K59: 143.87 | L59: 32.22 | M59: 19 | N59: 387.2 | O59: 0 | P59: 2.15 | Q59: 15.46
A60: 06-02-2023 13:00 | B60: 3.64 | C60: 76.64 | D60: 44.02 | E60: 31.96 | F60: 32.82 | G60: 154.55 | H60: 72.15 | I60: 0.71 | J60: 0.26 | K60: 26.4 | L60: 30.85 | M60: 20 | N60: 336.1 | O60: 0 | P60: 2.1 | Q60: 15.5
A61: 06-02-2023 13:15 | B61: 3.71 | C61: 72.06 | D61: 41.55 | E61: 17.36 | F61: 18.16 | G61: 154.55 | H61: 72.15 | I61: 0.68 | J61: 0.71 | K61: 1.88 | L61: 32.77 | M61: 16 | N61: 344.3 | O61: 0 | P61: 1.99 | Q61: 15.85
A62: 06-02-2023 13:30 | B62: 3.57 | C62: 72.48 | D62: 41.67 | E62: 19.66 | F62: 9.8 | G62: 150.72 | H62: 70.55 | I62: 0.69 | J62: 0.59 | K62: 10.51 | L62: 32.66 | M62: 15 | N62: 403.5 | O62: 0 | P62: 2 | Q62: 17.48
A63: 06-02-2023 13:45 | B63: 3.55 | C63: 75.12 | D63: 43.12 | E63: 9.36 | F63: 7.51 | G63: 147.66 | H63: 69.28 | I63: 0.7 | J63: 0.2 | K63: 19.34 | L63: 33.27 | M63: 14 | N63: 419.7 | O63: 0 | P63: 1.95 | Q63: 19.79
... A68: 06-02-2023 15:00 | B68: 4.09 | C68: 66.53 | D68: 38.81 | E68: 6.69 | F68: 9.06 | G68: 70.11 | H68: 55.09 | I68: 0.62 | J68: 0.93 | K68: 13.64 | L68: 34.01 | M68: 13 | N68: 303.1 | O68: 0 | P68: 1.3 | Q68: 19.86
A69: 06-02-2023 15:15 | B69: 5.25 | C69: 65.39 | D69: 39.11 | E69: 7.45 | F69: 12.32 | G69: 70.11 | H69: 55.09 | I69: Maint. | J69: 1.1 | K69: 3.01 | L69: 34.17 | M69: 13 | N69: 183.9 | O69: 0 | P69: 1.22 | Q69: 20.05
A70: 06-02-2023 15:30 | B70: 5.93 | C70: 65.27 | D70: 39.59 | E70: 7.79 | F70: 14.71 | G70: 62.32 | H70: 49.73 | I70: Maint. | J70: 0.86 | K70: 10.01 | L70: 33.96 | M70: 13 | N70: 124.1 | O70: 0 | P70: 1.18 | Q70: 19.89
A71: 06-02-2023 15:45 | B71: 5.54 | C71: 66.61 | D71: 40.02 | E71: 6.58 | F71: 10 | G71: 56.09 | H71: 45.45 | I71: Maint. | J71: 0.6 | K71: 353.59 | L71: 33.48 | M71: 14 | N71: 116.4 | O71: 0 | P71: 1.17 | Q71: 19.84
A72: 06-02-2023 16:00 | B72: 8.61 | C72: 65 | D72: 41.59 | E72: 5.26 | F72: 12.13 | G72: 56.09 | H72: 45.45 | I72: Maint. | J72: 0.94 | K72: 11.02 | L72: 32.75 | M72: 15 | N72: 134.1 | O72: 0 | P72: 1.14 | Q72: 20.6
A73: 06-02-2023 16:15 | B73: 7.42 | C73: 60.18 | D73: 37.98 | E73: 11.84 | F73: 22.11 | G73: 56.09 | H73: 45.45 | I73: Maint. | J73: 0.49 | K73: 5.29 | L73: 31.35 | M73: 16 | N73: 87.3 | O73: 0 | P73: 1.05 | Q73: 21.45
A74: 06-02-2023 16:30 | B74: 8.91 | C74: 63.4 | D74: 40.95 | E74: 10.11 | F74: 17.44 | G74: 53.07 | H74: 38.86 | I74: Maint. | J74: 0.42 | K74: 340.4 | L74: 30.39 | M74: 17 | N74: 62.2 | O74: 0 | P74: 1.05 | Q74: 22.14
A75: 06-02-2023 16:45 | B75: 10.51 | C75: 64.84 | D75: 43.03 | E75: 10.71 | F75: 17.9 | G75: 50.65 | H75: 33.58 | I75: Maint. | J75: 0.51 | K75: 11.81 | L75: 29.74 | M75: 17 | N75: 55.3 | O75: 0 | P75: 1.03 | Q75: 23.01
A76: 06-02-2023 17:00 | B76: 10.67 | C76: 68.28 | D76: 45.05 | E76: 9.54 | F76: 13.49 | G76: 50.65 | H76: 33.58 | I76: Maint. | J76: 0.35 | K76: 21.2 | L76: 29.13 | M76: 19 | N76: 38.2 | O76: 0 | P76: 1.12 | Q76: 24.09
A77: 06-02-2023 17:15 | B77: 9.37 | C77: 70.34 | D77: 45.14 | E77: 6.26 | F77: 6.32 | G77: 50.65 | H77: 33.58 | I77: Maint. | J77: 0.7 | K77: 16.75 | L77: 28.74 | M77: 21 | N77: 30.8 | O77: 0 | P77: 1.12 | Q77: 26.15
A78: 06-02-2023 17:30 | B78: 10.98 | C78: 74.83 | D78: 48.91 | E78: 6.45 | F78: 6.98 | G78: 46.27 | H78: 29.92 | I78: Maint. | J78: 0.47 | K78: 18.78 | L78: 28.06 | M78: 22 | N78: 21.6 | O78: 0 | P78: 1.17 | Q78: 27.24
A79: 06-02-2023 17:45 | B79: 12.55 | C79: 79.16 | D79: 52.56 | E79: 6.41 | F79: 5.17 | G79: 42.77 | H79: 27.11 | I79: Maint. | J79: 0.08 | K79: 286.59 | L79: 27 | M79: 25 | N79: 12.7 | O79: 0 | P79: 1.21 | Q79: 28.02
A80: 06-02-2023 18:00 | B80: 11.9 | C80: 80.09 | D80: 52.56 | E80: 6.02 | F80: 4.04 | G80: 42.77 | H80: 27.11 | I80: Maint. | J80: 0.12 | K80: 248.26 | L80: 25.83 | M80: 28 | N80: 6.7 | O80: 0 | P80: 1.2 | Q80: 28.84
... A104: 06-02-2023 24:00 | B104: 215.35 | C104: 85.97 | D104: 218.96 | E104: 4.65 | F104: 3.48 | G104: 246.73 | H104: 80.09 | I104: Maint. | J104: 0.06 | K104: 352.07 | L104: 19.41 | M104: 54 | N104: 3.7 | O104: 0 | P104: 3.2 | Q104: 48.67
A106: Min | B106: =MIN(B9:B104) -> 2.52 | C106: =MIN(C9:C104) -> 60.18 | D106: =MIN(D9:D104) -> 37.84 | E106: =MIN(E9:E104) -> 3.96 | F106: =MIN(F9:F104) -> 3.29 | G106: =MIN(G9:G104) -> 42.77 | H106: =MIN(H9:H104) -> 27.11 | I106: =MIN(I9:I104) -> 0.43 | ... Q106: =MIN(Q9:Q104) -> 12.71
A107: Max | B107: =MAX(B9:B104) -> 217.75 | C107: =MAX(C9:C104) -> 178.92 | D107: =MAX(D9:D104) -> 235.21 | E107: =MAX(E9:E104) -> 32.21 | F107: =MAX(F9:F104) -> 53.24 | G107: =MAX(G9:G104) -> 261.32 | H107: =MAX(H9:H104) -> 80.09 | I107: =MAX(I9:I104) -> 0.83 | ... Q107: =MAX(Q9:Q104) -> 48.67
A108: Avg | B108: =AVERAGE(B9:B104) -> 75.591875 | C108: =AVERAGE(C9:C104) -> 107.67958 | D108: =AVERAGE(D9:D104) -> 118.85615 | E108: =AVERAGE(E9:E104) -> 8.6504167 | F108: =AVERAGE(F9:F104) -> 8.7204167 | G108: =AVERAGE(G9:G104) -> 133.01583 | H108: =AVERAGE(H9:H104) -> 56.382396 | I108: =AVERAGE(I9:I104) -> 0.68941176 | ... Q108: =AVERAGE(Q9:Q104) -> 31.688229
A109: Stdev | B109: =STDEV(B9:B104) -> 62.528377 | C109: =STDEV(C9:C104) -> 32.69528 | D109: =STDEV(D9:D104) -> 61.643813 | E109: =STDEV(E9:E104) -> 4.9121023 | F109: =STDEV(F9:F104) -> 10.726667 | G109: =STDEV(G9:G104) -> 55.966195 | H109: =STDEV(H9:H104) -> 13.563348 | I109: =STDEV(I9:I104) -> 0.081965739 | ... Q109: =STDEV(Q9:Q104) -> 9.8811512
A110: Num | B110: =COUNT(B9:B104) -> 96 | C110: =COUNT(C9:C104) -> 96 | D110: =COUNT(D9:D104) -> 96 | E110: =COUNT(E9:E104) -> 96 | F110: =COUNT(F9:F104) -> 96 | G110: =COUNT(G9:G104) -> 96 | H110: =COUNT(H9:H104) -> 96 | I110: =COUNT(I9:I104)+79 -> 96 | J110: =COUNT(J9:J104) -> 96 | K110: =COUNT(K9:K104) -> 96 | L110: =COUNT(L9:L104) -> 96 | M110: =COUNT(M9:M104) -> 96 | N110: =COUNT(N9:N104) -> 96 | O110: =COUNT(O9:O104) -> 96 | P110: =COUNT(P9:P104) -> 96 | Q110: =COUNT(Q9:Q104) -> 96
A111: DCR | B111: =IF(B110>=87,">90%",IF(B110<=87,"<90%")) -> >90% | C111: =IF(C110>=87,">90%",IF(C110<=87,"<90%")) -> >90% | D111: =IF(D110>=87,">90%",IF(D110<=87,"<90%")) -> >90% | E111: =IF(E110>=87,">90%",IF(E110<=87,"<90%")) -> >90% | F111: =IF(F110>=87,">90%",IF(F110<=87,"<90%")) -> >90% | G111: =IF(G110>=87,">90%",IF(G110<=87,"<90%")) -> >90% | H111: =IF(H110>=87,">90%",IF(H110<=87,"<90%")) -> >90% | I111: =IF(I110>=87,">90%",IF(I110<=87,"<90%")) -> >90% | ... Q111: =IF(Q110>=87,">90%",IF(Q110<=87,"<90%")) -> >90%
A112: Status | B112: =IF(B110>=87,"OK",IF(B110<=87,"LESS")) -> OK | C112: =IF(C110>=87,"OK",IF(C110<=87,"LESS")) -> OK | D112: =IF(D110>=87,"OK",IF(D110<=87,"LESS")) -> OK | E112: =IF(E110>=87,"OK",IF(E110<=87,"LESS")) -> OK | F112: =IF(F110>=87,"OK",IF(F110<=87,"LESS")) -> OK | G112: =IF(G110>=87,"OK",IF(G110<=87,"LESS")) -> OK | H112: =IF(H110>=87,"OK",IF(H110<=87,"LESS")) -> OK | I112: =IF(I110>=87,"OK",IF(I110<=87,"LESS")) -> OK | ... Q112: =IF(Q110>=87,"OK",IF(Q110<=87,"LESS")) -> OK
A115: Done by | B115: RK
A117: Comment

Sheet 07
A1: Station: | B1: BHATAGAON RAIPUR
A2: Date: | B2: =$A$9 -> 07-02-2023 00:15 | D2: Power Off | G2: Pw.Off | L2: Link Fail | N2: Link F | P2: Maintenance | R2: Maint.
A3: Report Type: | B3: Mean | D3: Calibration | G3: Calib. | L3: Data Fail | N3: Data F | P3: Invalid | R3: Invalid
A4: Time Base: | B4: 15 Min | D4: Zero Referrence | G4: Z.Ref | L4: Warm Up | N4: Wm. Up
A7: Date & Time | B7: NO_BHATAGAON | C7: NO2__BHATAGAON | D7: NOX_BHATAGAON | E7: SO2__BHATAGAON | F7: O3__BHATAGAON | G7: PM10__BHATAGAON | H7: PM2_5__BHATAGAON | I7: BENZ__BHATAGAON | J7: WS__BHATAGAON | K7: WD__BHATAGAON | L7: TEMP__BHATAGAON | M7: HUM__BHATAGAON | N7: SR__BHATAGAON | O7: RG__BHATAGAON | P7: CO__BHATAGAON | Q7: NH3__BHATAGAON
B8: ug/m3 | C8: ug/m3 | D8: ppb | E8: ug/m3 | F8: ug/m3 | G8: ug/m3 | H8: ug/m3 | I8: ug/m3 | J8: m/sec | K8: deg | L8: degreC | M8: % | N8: w/m2 | O8: mm | P8: mg/m3 | Q8: ug/m3
A9: 07-02-2023 00:15 | B9: 208.83 | C9: 83.63 | D9: 212.43 | E9: 7.44 | F9: 3.43 | G9: 246.73 | H9: 80.09 | I9: Maint. | J9: 0.12 | K9: 305.79 | L9: 19.08 | M9: 53 | N9: 4.1 | O9: 0 | P9: 3.11 | Q9: 49.17
A10: 07-02-2023 00:30 | B10: 193.59 | C10: 82.01 | D10: 199.32 | E10: 7.24 | F10: 3.41 | G10: 184.74 | H10: 75.35 | I10: Maint. | J10: 0.13 | K10: 301.97 | L10: 18.79 | M10: 51 | N10: 4.4 | O10: 0 | P10: 2.97 | Q10: 48.23
A11: 07-02-2023 00:45 | B11: 178.38 | C11: 80.94 | D11: 186.53 | E11: 7.49 | F11: 3.36 | G11: 135.14 | H11: 71.55 | I11: Maint. | J11: 0.08 | K11: 335.46 | L11: 18.52 | M11: 51 | N11: 4.5 | O11: 0 | P11: 2.84 | Q11: 46.94
A12: 07-02-2023 01:00 | B12: 165.67 | C12: 80.46 | D12: 176.07 | E12: 7.21 | F12: 3.38 | G12: 135.14 | H12: 71.55 | I12: Maint. | J12: 0.06 | K12: 114.48 | L12: 18.35 | M12: 53 | N12: 4.5 | O12: 0 | P12: 2.7 | Q12: 45.77
A13: 07-02-2023 01:15 | B13: 153.88 | C13: 80.61 | D13: 166.7 | E13: 6.87 | F13: 3.47 | G13: 135.14 | H13: 71.55 | I13: Maint. | J13: 0.12 | K13: 85.57 | L13: 18.12 | M13: 57 | N13: 4.4 | O13: 0 | P13: 2.39 | Q13: 44.43
A14: 07-02-2023 01:30 | B14: 143.22 | C14: 80.49 | D14: 158.08 | E14: 6.77 | F14: 3.36 | G14: 110.56 | H14: 65.55 | I14: Maint. | J14: 0.15 | K14: 7.85 | L14: 17.67 | M14: 61 | N14: 4.5 | O14: 0 | P14: 2.43 | Q14: 43.07
A15: 07-02-2023 01:45 | B15: 134.91 | C15: 80.42 | D15: 151.39 | E15: 6.56 | F15: 3.33 | G15: 90.89 | H15: 60.75 | I15: Maint. | J15: 0.07 | K15: 252.27 | L15: 17.88 | M15: 60 | N15: 3.7 | O15: 0 | P15: 2.36 | Q15: 42.04
A16: 07-02-2023 02:00 | B16: 121.83 | C16: 79.7 | D16: 140.49 | E16: 6.64 | F16: 3.4 | G16: 90.89 | H16: 60.75 | I16: Maint. | J16: 0.12 | K16: 357.59 | L16: 17.92 | M16: 59 | N16: 4.1 | O16: 0 | P16: 2.27 | Q16: 41.18
A17: 07-02-2023 02:15 | B17: 116.11 | C17: 79.81 | D17: 135.97 | E17: 6.5 | F17: 3.39 | G17: 90.89 | H17: 60.75 | I17: Maint. | J17: 0.14 | K17: 279.63 | L17: 17.97 | M17: 56 | N17: 4.2 | O17: 0 | P17: 2.22 | Q17: 39.62
A18: 07-02-2023 02:30 | B18: 113 | C18: 77.24 | D18: 132.05 | E18: 6.16 | F18: 3.42 | G18: 108.15 | H18: 58.42 | I18: Maint. | J18: 0.06 | K18: 337.41 | L18: 17.84 | M18: 56 | N18: 4.3 | O18: 0 | P18: 2.17 | Q18: 38.4
A19: 07-02-2023 02:45 | B19: 108.4 | C19: 76.5 | D19: 127.96 | E19: 6.51 | F19: 3.43 | G19: 121.97 | H19: 56.55 | I19: Maint. | J19: 0.13 | K19: 252.88 | L19: 17.73 | M19: 58 | N19: 4.1 | O19: 0 | P19: 2.12 | Q19: 37.79
A20: 07-02-2023 03:00 | B20: 102.58 | C20: 75.12 | D20: 122.53 | E20: 6.45 | F20: 3.46 | G20: 121.97 | H20: 56.55 | I20: Maint. | J20: 0.13 | K20: 291.93 | L20: 17.51 | M20: 59 | N20: 4.4 | O20: 0 | P20: 2.07 | Q20: 37.31
... A50: 07-02-2023 10:30 | B50: 31.18 | C50: 76.15 | D50: 65.84 | E50: 5.89 | F50: 4.13 | G50: 74.66 | H50: 40.86 | I50: Maint. | J50: 0.5 | K50: 359.08 | L50: 32.1 | M50: 27 | N50: 481.5 | O50: 0 | P50: 1.34 | Q50: 30.92
A51: 07-02-2023 10:45 | B51: 27.81 | C51: 74.66 | D51: 62.32 | E51: 6.54 | F51: 5.77 | G51: 83.22 | H51: 41.14 | I51: 0.79 | J51: 0.47 | K51: 13.75 | L51: 32.64 | M51: 24 | N51: 508.3 | O51: 0 | P51: 1.34 | Q51: 31.09
A52: 07-02-2023 11:00 | B52: 26.6 | C52: 76.83 | D52: 62.54 | E52: 5.44 | F52: 4.83 | G52: 83.22 | H52: 41.14 | I52: 0.76 | J52: 0.34 | K52: 12.41 | L52: 32.85 | M52: 23 | N52: 522.9 | O52: 0 | P52: 1.35 | Q52: 32.22
A53: 07-02-2023 11:15 | B53: 24.17 | C53: 81.3 | D53: 63.06 | E53: 5.77 | F53: 4.04 | G53: 83.22 | H53: 41.14 | I53: 0.74 | J53: 0.28 | K53: 69.09 | L53: 32.16 | M53: 24 | N53: 544.2 | O53: 0 | P53: 1.34 | Q53: 33.44
A54: 07-02-2023 11:30 | B54: 20.09 | C54: 84.24 | D54: 61.41 | E54: 5.84 | F54: 4.73 | G54: 74.29 | H54: 38.95 | I54: 0.73 | J54: 0.43 | K54: 71.53 | L54: 31.53 | M54: 24 | N54: 560.7 | O54: 0 | P54: 1.31 | Q54: 33.82
A55: 07-02-2023 11:45 | B55: 16.26 | C55: 86.62 | D55: 59.65 | E55: 5.95 | F55: 4.46 | G55: 67.14 | H55: 37.2 | I55: 0.73 | J55: 0.21 | K55: 29.6 | L55: 31.85 | M55: 23 | N55: 568.3 | O55: 0 | P55: 1.28 | Q55: 33.96
A56: 07-02-2023 12:00 | B56: 12.87 | C56: 88.73 | D56: 58.1 | E56: 4.19 | F56: 4.31 | G56: 67.14 | H56: 37.2 | I56: 0.72 | J56: 0.59 | K56: 4.79 | L56: 34.53 | M56: 18 | N56: 575 | O56: 0 | P56: 1.26 | Q56: 33.9
A57: 07-02-2023 12:15 | B57: 9.83 | C57: 89.83 | D57: 56.27 | E57: 5.77 | F57: 5.35 | G57: 67.14 | H57: 37.2 | I57: 0.71 | J57: 0.03 | K57: 237.95 | L57: 31.99 | M57: 20 | N57: 579.2 | O57: 0 | P57: 1.23 | Q57: 33.27
A58: 07-02-2023 12:30 | B58: 7.18 | C58: 89.57 | D58: 54 | E58: 6.09 | F58: 5.89 | G58: 70.18 | H58: 36.93 | I58: 0.7 | J58: 0.62 | K58: 12.91 | L58: 33.16 | M58: 18.92 | N58: 567.8 | O58: 0 | P58: 1.18 | Q58: 32.1
A59: 07-02-2023 12:45 | B59: 5.56 | C59: 80.82 | D59: 47.88 | E59: 7.81 | F59: 13.18 | G59: 72.61 | H59: 36.71 | I59: 0.68 | J59: 0.7 | K59: 357.23 | L59: 34.42 | M59: 17.74 | N59: 553.1 | O59: 0 | P59: 1.12 | Q59: 31.1
A60: 07-02-2023 13:00 | B60: 5.5 | C60: 85.81 | D60: 50.58 | E60: 5.67 | F60: 6.53 | G60: 72.61 | H60: 36.71 | I60: 0.66 | J60: 0.63 | K60: 4.19 | L60: 34.94 | M60: 17.2 | N60: 518.4 | O60: 0 | P60: 1.12 | Q60: 29.88
A61: 07-02-2023 13:15 | B61: 5.25 | C61: 85.64 | D61: 50.28 | E61: 5.84 | F61: 6.06 | G61: 72.61 | H61: 36.71 | I61: 0.66 | J61: 0.43 | K61: 355.79 | L61: 34.15 | M61: 17.42 | N61: 503.2 | O61: 0 | P61: 1.05 | Q61: 29.12
A62: 07-02-2023 13:30 | B62: 5.12 | C62: 81.02 | D62: 47.63 | E62: 5.8 | F62: 8.44 | G62: 62.92 | H62: 34.87 | I62: 0.66 | J62: 0.52 | K62: 344.4 | L62: 32.66 | M62: 17.36 | N62: 496.9 | O62: 0 | P62: 1.04 | Q62: 28.46
... A64: 07-02-2023 14:00 | B64: 4.03 | C64: 75.3 | D64: 43.6 | E64: 6.79 | F64: 8.13 | G64: 55.16 | H64: 33.4 | I64: 0.65 | J64: 0.64 | K64: 349.69 | L64: 34.2 | M64: 16.84 | N64: 451.5 | O64: 0 | P64: 0.96 | Q64: 27.56
A65: 07-02-2023 14:15 | B65: 3.82 | C65: 73.07 | D65: 42.2 | E65: 6.16 | F65: 7.24 | G65: 55.16 | H65: 33.4 | I65: Maint. | J65: 0.47 | K65: 356.07 | L65: 34.3 | M65: 16.11 | N65: 435.6 | O65: 0 | P65: 0.93 | Q65: 27.06
A66: 07-02-2023 14:30 | B66: 3.81 | C66: 71.04 | D66: 41.07 | E66: 6.28 | F66: 7.39 | G66: 44.26 | H66: 31.22 | I66: Maint. | J66: 0.5 | K66: 351.81 | L66: 33.96 | M66: 16.3 | N66: 399.6 | O66: 0 | P66: 0.9 | Q66: 27.3
A67: 07-02-2023 14:45 | B67: 3.79 | C67: 70.4 | D67: 40.7 | E67: 6.06 | F67: 7.77 | G67: 35.54 | H67: 29.47 | I67: Maint. | J67: 0.44 | K67: 347.43 | L67: 34.21 | M67: 16.75 | N67: 373.9 | O67: 0 | P67: 0.89 | Q67: 28.64
A68: 07-02-2023 15:00 | B68: 3.76 | C68: 68.54 | D68: 39.65 | E68: 6.4 | F68: 10 | G68: 35.54 | H68: 29.47 | I68: Maint. | J68: 0.52 | K68: 354.53 | L68: 34.35 | M68: 17.13 | N68: 279.7 | O68: 0 | P68: 0.87 | Q68: 29.4
A69: 07-02-2023 15:15 | B69: 3.85 | C69: 67.65 | D69: 39.23 | E69: 6.61 | F69: 8.96 | G69: 35.54 | H69: 29.47 | I69: Maint. | J69: 0.2 | K69: 355.21 | L69: 34.29 | M69: 16.71 | N69: 170.7 | O69: 0 | P69: 0.86 | Q69: 29.67
A70: 07-02-2023 15:30 | B70: 3.93 | C70: 68.88 | D70: 39.98 | E70: 6.61 | F70: 9.68 | G70: 26.58 | H70: 28.1 | I70: Maint. | J70: 0.19 | K70: 16.95 | L70: 32.79 | M70: 18.28 | N70: 130.7 | O70: 0 | P70: 0.87 | Q70: 29.54
A71: 07-02-2023 15:45 | B71: 4 | C71: 69.78 | D71: 40.53 | E71: 6.77 | F71: 7.24 | G71: 19.4 | H71: 27.01 | I71: Maint. | J71: 0.05 | K71: 197.92 | L71: 32 | M71: 19.07 | N71: 133.4 | O71: 0 | P71: 0.86 | Q71: 29.61
A72: 07-02-2023 16:00 | B72: 3.54 | C72: 69.89 | D72: 40.22 | E72: 4.87 | F72: 7.79 | G72: 19.4 | H72: 27.01 | I72: Maint. | J72: 0.11 | K72: 178.05 | L72: 31.44 | M72: 19.44 | N72: 123.6 | O72: 0 | P72: 0.86 | Q72: 29.76
A73: 07-02-2023 16:15 | B73: 3.12 | C73: 62.25 | D73: 35.67 | E73: 7.6 | F73: 12.71 | G73: 19.4 | H73: 27.01 | I73: 0.15 | J73: 0.2 | K73: 212.51 | L73: 30.62 | M73: 20.96 | N73: 89.6 | O73: 0 | P73: 0.82 | Q73: 28.42
A74: 07-02-2023 16:30 | B74: 3.14 | C74: 58.06 | D74: 33.37 | E74: 9.57 | F74: 21.24 | G74: 45.79 | H74: 26.78 | I74: 0.59 | J74: 0.2 | K74: 185.42 | L74: 30.4 | M74: 21.62 | N74: 72.7 | O74: 0 | P74: 0.79 | Q74: 27.19
A75: 07-02-2023 16:45 | B75: 4.04 | C75: 65.31 | D75: 38.1 | E75: 7.93 | F75: 9.99 | G75: 66.9 | H75: 26.59 | I75: 0.56 | J75: 0.06 | K75: 4.79 | L75: 30.2 | M75: 22.21 | N75: 57.5 | O75: 0 | P75: 0.81 | Q75: 26.05
A76: 07-02-2023 17:00 | B76: 3.61 | C76: 60.09 | D76: 34.86 | E76: 7.68 | F76: 11.73 | G76: 66.9 | H76: 26.59 | I76: 0.55 | J76: 0.09 | K76: 254.19 | L76: 29.91 | M76: 22.5 | N76: 42.5 | O76: 0 | P76: 0.78 | Q76: 25.66
A77: 07-02-2023 17:15 | B77: 4.43 | C77: 60.8 | D77: 35.91 | E77: 7.24 | F77: 11.05 | G77: 66.9 | H77: 26.59 | I77: Maint. | J77: 0.1 | K77: 20.84 | L77: 29.6 | M77: 23.24 | N77: 32.7 | O77: 0 | P77: 0.78 | Q77: 25.7
A78: 07-02-2023 17:30 | B78: 8.41 | C78: 69.79 | D78: 44.07 | E78: 7.85 | F78: 11.43 | G78: 52.98 | H78: 26.42 | I78: Maint. | J78: 0.13 | K78: 32.54 | L78: 29.22 | M78: 24.21 | N78: 22.6 | O78: 0 | P78: 0.81 | Q78: 25.36
A79: 07-02-2023 17:45 | B79: 6.84 | C79: 69.99 | D79: 42.92 | E79: 8.71 | F79: 11.78 | G79: 41.85 | H79: 26.28 | I79: Maint. | J79: 0.08 | K79: 25.12 | L79: 28.68 | M79: 25.36 | N79: 12.6 | O79: 0 | P79: 0.88 | Q79: 25.71
A80: 07-02-2023 18:00 | B80: 5.4 | C80: 65.77 | D80: 39.44 | E80: 8.2 | F80: 11.26 | G80: 41.85 | H80: 26.28 | I80: Maint. | J80: 0.11 | K80: 4.3 | L80: 28.19 | M80: 26.9 | N80: 6.2 | O80: 0 | P80: 0.85 | Q80: 27.14
A81: 07-02-2023 18:15 | B81: 5.86 | C81: 69.93 | D81: 42.11 | E81: 6.53 | F81: 5.73 | G81: 41.85 | H81: 26.28 | I81: Maint. | J81: 0.04 | K81: 308.17 | L81: 27.6 | M81: 28.49 | N81: 4.6 | O81: 0 | P81: 0.85 | Q81: 29.25
A82: 07-02-2023 18:30 | B82: 5.84 | C82: 71.06 | D82: 42.72 | E82: 6.65 | F82: 5.36 | G82: 56.11 | H82: 29.72 | I82: Maint. | J82: 0.06 | K82: 0.15 | L82: 27.18 | M82: 29.53 | N82: 4.2 | O82: 0 | P82: 0.88 | Q82: 30.49
A83: 07-02-2023 18:45 | B83: 9.67 | C83: 75.6 | D83: 48.29 | E83: 6.3 | F83: 4.39 | G83: 67.52 | H83: 32.47 | I83: Maint. | J83: 0.08 | K83: 320.94 | L83: 26.82 | M83: 30.64 | N83: 4.1 | O83: 0 | P83: 0.95 | Q83: 31.25
A84: 07-02-2023 19:00 | B84: 13.19 | C84: 78.07 | D84: 52.47 | E84: 6.82 | F84: 3.77 | G84: 67.52 | H84: 32.47 | I84: Maint. | J84: 0.14 | K84: 322.7 | L84: 26.07 | M84: 32.44 | N84: 4.5 | O84: 0 | P84: 1.07 | Q84: 31.97
A85: 07-02-2023 19:15 | B85: 17.86 | C85: 78.93 | D85: 56.69 | E85: 6.63 | F85: 3.65 | G85: 67.52 | H85: 32.47 | I85: Maint. | J85: 0.17 | K85: 344.59 | L85: 25.29 | M85: 35.78 | N85: 4.5 | O85: 0 | P85: 1.12 | Q85: 32.37
A86: 07-02-2023 19:30 | B86: 17.26 | C86: 81.33 | D86: 57.53 | E86: 6.29 | F86: 3.63 | G86: 74.13 | H86: 33.69 | I86: Maint. | J86: 0.12 | K86: 303.68 | L86: 24.69 | M86: 37.46 | N86: 4.4 | O86: 0 | P86: 1.22 | Q86: 32.49
A87: 07-02-2023 19:45 | B87: 24.05 | C87: 84.41 | D87: 64.68 | E87: 6.11 | F87: 3.72 | G87: 79.41 | H87: 34.66 | I87: Maint. | J87: 0.09 | K87: 320.48 | L87: 24.56 | M87: 36.93 | N87: 4.5 | O87: 0 | P87: 1.49 | Q87: 32.4
A88: 07-02-2023 20:00 | B88: 29.7 | C88: 87.73 | D88: 71.05 | E88: 6.65 | F88: 4.55 | G88: 79.41 | H88: 34.66 | I88: Maint. | J88: 0.06 | K88: 264.75 | L88: 24.2 | M88: 38.27 | N88: 4.4 | O88: 0 | P88: 1.66 | Q88: 31.61
... A90: 07-02-2023 20:30 | B90: 33.42 | C90: 87.72 | D90: 74.03 | E90: 7.95 | F90: 3.83 | G90: 35.29 | H90: 37.97 | I90: Maint. | J90: 0.07 | K90: 320.59 | L90: 23.45 | M90: 42.09 | N90: 4.4 | O90: 0 | P90: 1.63 | Q90: 31.06
A91: 07-02-2023 20:45 | B91: 32.3 | C91: 87.85 | D91: 73.2 | E91: 6.97 | F91: 3.78 | G91: Data F | H91: 40.61 | I91: Maint. | J91: 0.02 | K91: 76.51 | L91: 23.01 | M91: 44.26 | N91: 4.4 | O91: 0 | P91: 1.6 | Q91: 31.59
A92: 07-02-2023 21:00 | B92: 45.6 | C92: 86.03 | D92: 82.86 | E92: 7.11 | F92: 3.55 | G92: Data F | H92: 40.61 | I92: Maint. | J92: 0.13 | K92: 107.91 | L92: 22.71 | M92: 46.24 | N92: 4.4 | O92: 0 | P92: 1.83 | Q92: 31.71
A93: 07-02-2023 21:15 | B93: 43.17 | C93: 86.3 | D93: 81.06 | E93: 6.31 | F93: 3.53 | G93: Data F | H93: 40.61 | I93: Maint. | J93: 0.05 | K93: 37.96 | L93: 22.51 | M93: 47.95 | N93: 4.2 | O93: 0 | P93: 1.71 | Q93: 32.93
A94: 07-02-2023 21:30 | B94: 50.84 | C94: 84.52 | D94: 86.23 | E94: 6.68 | F94: 3.57 | G94: Data F | H94: 41.99 | I94: Maint. | J94: 0.15 | K94: 12.11 | L94: 22.05 | M94: 53.85 | N94: 4.4 | O94: 0 | P94: 1.97 | Q94: 33.82
A95: 07-02-2023 21:45 | B95: 44.33 | C95: 83.03 | D95: 80.19 | E95: 5.94 | F95: 3.36 | G95: 251.97 | H95: 43.1 | I95: Maint. | J95: 0.02 | K95: 333.33 | L95: 22.12 | M95: 51.81 | N95: 4.1 | O95: 0 | P95: 1.8 | Q95: 35.86
A96: 07-02-2023 22:00 | B96: 45.62 | C96: 83.17 | D96: 81.3 | E96: 6.12 | F96: 3.47 | G96: 251.97 | H96: 43.1 | I96: Maint. | J96: 0.04 | K96: 71.05 | L96: 21.85 | M96: 50.67 | N96: 4.2 | O96: 0 | P96: 1.91 | Q96: 37.67
A97: 07-02-2023 22:15 | B97: 48.35 | C97: 83.96 | D97: 83.92 | E97: 6.01 | F97: 3.55 | G97: 251.97 | H97: 43.1 | I97: Maint. | J97: 0.05 | K97: 116.07 | L97: 21.76 | M97: 51.45 | N97: 4.3 | O97: 0 | P97: 1.98 | Q97: 37.98
A98: 07-02-2023 22:30 | B98: 55.5 | C98: 85.01 | D98: 90.23 | E98: 6.02 | F98: 3.5 | G98: 129.1 | H98: 43.77 | I98: Maint. | J98: 0.08 | K98: 40.38 | L98: 21.39 | M98: 52.83 | N98: 4.4 | O98: 0 | P98: 2.03 | Q98: 38.16
A99: 07-02-2023 22:45 | B99: 62.89 | C99: 85.71 | D99: 96.55 | E99: 5.77 | F99: 3.35 | G99: 129.1 | H99: 44.31 | I99: Maint. | J99: 0.08 | K99: 327.93 | L99: 21.12 | M99: 55.96 | N99: 4.3 | O99: 0 | P99: 2.12 | Q99: 38.66
A100: 07-02-2023 23:00 | B100: 70.32 | C100: 86.46 | D100: 102.92 | E100: 5.62 | F100: 3.3 | G100: 129.1 | H100: 44.31 | I100: Maint. | J100: 0.06 | K100: 315.3 | L100: 20.78 | M100: 54.25 | N100: 4.4 | O100: 0 | P100: 2.2 | Q100: 39.07
A101: 07-02-2023 23:15 | B101: 73.83 | C101: 87.26 | D101: 106.17 | E101: 5.9 | F101: 3.29 | G101: 129.1 | H101: 44.31 | I101: Maint. | J101: 0.04 | K101: 255.43 | L101: 20.85 | M101: 51.48 | N101: 4.3 | O101: 0 | P101: 2.21 | Q101: 39.31
A102: 07-02-2023 23:30 | B102: 71.86 | C102: 86.23 | D102: 104.03 | E102: 6.27 | F102: 3.47 | G102: 141.37 | H102: 46.26 | I102: Maint. | J102: 0.09 | K102: 349.6 | L102: 20.7 | M102: 52.79 | N102: 4.6 | O102: 0 | P102: 2.2 | Q102: 38.4
A103: 07-02-2023 23:45 | B103: 71.39 | C103: 86.46 | D103: 103.77 | E103: 6.16 | F103: 3.54 | G103: 150.76 | H103: 47.74 | I103: Maint. | J103: 0.05 | K103: 168.03 | L103: 20.3 | M103: 55.15 | N103: 4.5 | O103: 0 | P103: 2.21 | Q103: 37.65
A104: 07-02-2023 24:00 | B104: 69.9 | C104: 85.68 | D104: 102.15 | E104: 3.97 | F104: 3.44 | G104: 150.76 | H104: 47.74 | I104: Maint. | J104: 0.01 | K104: 276.34 | L104: 19.88 | M104: 57.59 | N104: 4.5 | O104: 0 | P104: 2.19 | Q104: 37.51
A106: Min | B106: =MIN(B9:B104) -> 3.12 | C106: =MIN(C9:C104) -> 58.06 | D106: =MIN(D9:D104) -> 33.37 | E106: =MIN(E9:E104) -> 3.93 | F106: =MIN(F9:F104) -> 3.28 | G106: =MIN(G9:G104) -> 19.4 | H106: =MIN(H9:H104) -> 26.28 | I106: =MIN(I9:I104) -> 0.15 | ... Q106: =MIN(Q9:Q104) -> 25.36
A107: Max | B107: =MAX(B9:B104) -> 208.83 | C107: =MAX(C9:C104) -> 89.83 | D107: =MAX(D9:D104) -> 212.43 | E107: =MAX(E9:E104) -> 9.57 | F107: =MAX(F9:F104) -> 21.24 | G107: =MAX(G9:G104) -> 251.97 | H107: =MAX(H9:H104) -> 80.09 | I107: =MAX(I9:I104) -> 0.79 | ... Q107: =MAX(Q9:Q104) -> 49.17
A108: Avg | B108: =AVERAGE(B9:B104) -> 49.773646 | C108: =AVERAGE(C9:C104) -> 75.855521 | D108: =AVERAGE(D9:D104) -> 80.588854 | E108: =AVERAGE(E9:E104) -> 6.2870833 | F108: =AVERAGE(F9:F104) -> 5.133125 | G108: =AVERAGE(G9:G104) -> 90.799022 | H108: =AVERAGE(H9:H104) -> 42.619167 | I108: =AVERAGE(I9:I104) -> 0.65 | ... Q108: =AVERAGE(Q9:Q104) -> 33.501042
A109: Stdev | B109: =STDEV(B9:B104) -> 46.138855 | C109: =STDEV(C9:C104) -> 7.9799931 | D109: =STDEV(D9:D104) -> 37.971313 | E109: =STDEV(E9:E104) -> 0.98523085 | F109: =STDEV(F9:F104) -> 3.0728698 | G109: =STDEV(G9:G104) -> 47.482236 | H109: =STDEV(H9:H104) -> 12.060513 | I109: =STDEV(I9:I104) -> 0.14071247 | ... Q109: =STDEV(Q9:Q104) -> 5.003416
A110: Num | B110: =COUNT(B9:B104) -> 96 | C110: =COUNT(C9:C104) -> 96 | D110: =COUNT(D9:D104) -> 96 | E110: =COUNT(E9:E104) -> 96 | F110: =COUNT(F9:F104) -> 96 | G110: =COUNT(G9:G104)+4 -> 96 | H110: =COUNT(H9:H104) -> 96 | I110: =COUNT(I9:I104)+78 -> 96 | J110: =COUNT(J9:J104) -> 96 | K110: =COUNT(K9:K104) -> 96 | L110: =COUNT(L9:L104) -> 96 | M110: =COUNT(M9:M104) -> 96 | N110: =COUNT(N9:N104) -> 96 | O110: =COUNT(O9:O104) -> 96 | P110: =COUNT(P9:P104) -> 96 | Q110: =COUNT(Q9:Q104) -> 96
A111: DCR | B111: =IF(B110>=87,">90%",IF(B110<=87,"<90%")) -> >90% | C111: =IF(C110>=87,">90%",IF(C110<=87,"<90%")) -> >90% | D111: =IF(D110>=87,">90%",IF(D110<=87,"<90%")) -> >90% | E111: =IF(E110>=87,">90%",IF(E110<=87,"<90%")) -> >90% | F111: =IF(F110>=87,">90%",IF(F110<=87,"<90%")) -> >90% | G111: =IF(G110>=87,">90%",IF(G110<=87,"<90%")) -> >90% | H111: =IF(H110>=87,">90%",IF(H110<=87,"<90%")) -> >90% | I111: =IF(I110>=87,">90%",IF(I110<=87,"<90%")) -> >90% | ... Q111: =IF(Q110>=87,">90%",IF(Q110<=87,"<90%")) -> >90%
A112: Status | B112: =IF(B110>=87,"OK",IF(B110<=87,"LESS")) -> OK | C112: =IF(C110>=87,"OK",IF(C110<=87,"LESS")) -> OK | D112: =IF(D110>=87,"OK",IF(D110<=87,"LESS")) -> OK | E112: =IF(E110>=87,"OK",IF(E110<=87,"LESS")) -> OK | F112: =IF(F110>=87,"OK",IF(F110<=87,"LESS")) -> OK | G112: =IF(G110>=87,"OK",IF(G110<=87,"LESS")) -> OK | H112: =IF(H110>=87,"OK",IF(H110<=87,"LESS")) -> OK | I112: =IF(I110>=87,"OK",IF(I110<=87,"LESS")) -> OK | ... Q112: =IF(Q110>=87,"OK",IF(Q110<=87,"LESS")) -> OK
A115: Done by | B115: RK
A117: Comment

Sheet 08
A1: Station: | B1: BHATAGAON RAIPUR
A2: Date: | B2: =$A$9 -> 08-02-2023 00:15 | D2: Power Off | G2: Pw.Off | L2: Link Fail | N2: Link F | P2: Maintenance | R2: Maint.
A3: Report Type: | B3: Mean | D3: Calibration | G3: Calib. | L3: Data Fail | N3: Data F | P3: Invalid | R3: Invalid
A4: Time Base: | B4: 15 Min | D4: Zero Referrence | G4: Z.Ref | L4: Warm Up | N4: Wm. Up
A7: Date & Time | B7: NO_BHATAGAON | C7: NO2__BHATAGAON | D7: NOX_BHATAGAON | E7: SO2__BHATAGAON | F7: O3__BHATAGAON | G7: PM10__BHATAGAON | H7: PM2_5__BHATAGAON | I7: BENZ__BHATAGAON | J7: WS__BHATAGAON | K7: WD__BHATAGAON | L7: TEMP__BHATAGAON | M7: HUM__BHATAGAON | N7: SR__BHATAGAON | O7: RG__BHATAGAON | P7: CO__BHATAGAON | Q7: NH3__BHATAGAON
B8: ug/m3 | C8: ug/m3 | D8: ppb | E8: ug/m3 | F8: ug/m3 | G8: ug/m3 | H8: ug/m3 | I8: ug/m3 | J8: m/sec | K8: deg | L8: degreC | M8: % | N8: w/m2 | O8: mm | P8: mg/m3 | Q8: ug/m3
A9: 08-02-2023 00:15 | B9: 69.95 | C9: 84.4 | D9: 101.49 | E9: 5.4 | F9: 3.31 | G9: 150.76 | H9: 47.74 | I9: Maint. | J9: 0.03 | K9: 77.73 | L9: 19.71 | M9: 57.97 | N9: 4.4 | O9: 0 | P9: 2.18 | Q9: 37.52
A10: 08-02-2023 00:30 | B10: 69.58 | C10: 83.3 | D10: 100.58 | E10: 5.73 | F10: 3.4 | G10: 130.03 | H10: 46.65 | I10: Maint. | J10: 0.53 | K10: 358.57 | L10: 19.56 | M10: 60.47 | N10: 3 | O10: 0 | P10: 2.17 | Q10: 37.48
A11: 08-02-2023 00:45 | B11: 67.36 | C11: 80.29 | D11: 97.13 | E11: 5.77 | F11: 3.64 | G11: 114.19 | H11: 45.82 | I11: Maint. | J11: 0.79 | K11: 357.22 | L11: 20.4 | M11: 53.08 | N11: 2.5 | O11: 0 | P11: 2.13 | Q11: 37.44
A12: 08-02-2023 01:00 | B12: 60.38 | C12: 81.2 | D12: 92.04 | E12: 6.57 | F12: 4.09 | G12: 114.19 | H12: 45.82 | I12: Maint. | J12: 0.6 | K12: 6.3 | L12: 20.44 | M12: 51.55 | N12: 3.9 | O12: 0 | P12: 2.08 | Q12: 37.11
A13: 08-02-2023 01:15 | B13: 58.91 | C13: 79.64 | D13: 90.01 | E13: 6.8 | F13: 4.14 | G13: 114.19 | H13: 45.82 | I13: Maint. | J13: 0.04 | K13: 28.96 | L13: 20.22 | M13: 51.26 | N13: 4.9 | O13: 0 | P13: 1.98 | Q13: 37.22
A14: 08-02-2023 01:30 | B14: 55.73 | C14: 79.94 | D14: 87.62 | E14: 6.22 | F14: 3.66 | G14: 92.78 | H14: 44.48 | I14: Maint. | J14: 0.13 | K14: 240.95 | L14: 20.2 | M14: 51.1 | N14: 4.5 | O14: 0 | P14: 1.97 | Q14: 38.05
A15: 08-02-2023 01:45 | B15: 50.67 | C15: 79.39 | D15: 83.26 | E15: 5.67 | F15: 3.54 | G15: 75.65 | H15: 43.41 | I15: Maint. | J15: 0.05 | K15: 122.81 | L15: 20.28 | M15: 50.63 | N15: 4.4 | O15: 0 | P15: 1.89 | Q15: 37.82
A16: 08-02-2023 02:00 | B16: 45.77 | C16: 78.69 | D16: 78.94 | E16: 6.01 | F16: 3.29 | G16: 75.65 | H16: 43.41 | I16: Maint. | J16: 0.15 | K16: 346.27 | L16: 19.54 | M16: 58 | N16: 4.8 | O16: 0 | P16: 1.82 | Q16: 37.28
A17: 08-02-2023 02:15 | B17: 41.52 | C17: 78 | D17: 75.16 | E17: 5.16 | F17: 3.56 | G17: 75.65 | H17: 43.41 | I17: Maint. | J17: 0.37 | K17: 349.52 | L17: 19.33 | M17: 56.07 | N17: 3.5 | O17: 0 | P17: 1.76 | Q17: 36.44
A18: 08-02-2023 02:30 | B18: 37.16 | C18: 77.72 | D18: 71.5 | E18: 5.26 | F18: 3.63 | G18: 67.91 | H18: 41.23 | I18: Maint. | J18: 0.62 | K18: 357.18 | L18: 19.67 | M18: 51.42 | N18: 3.4 | O18: 0 | P18: 1.67 | Q18: 35.65
A19: 08-02-2023 02:45 | B19: 32.51 | C19: 77.38 | D19: 67.59 | E19: 5.3 | F19: 3.65 | G19: 61.73 | H19: 39.49 | I19: Maint. | J19: 0.35 | K19: 334.74 | L19: 19.6 | M19: 50.16 | N19: 4.2 | O19: 0 | P19: 1.58 | Q19: 34.94
A20: 08-02-2023 03:00 | B20: 28.3 | C20: 75.57 | D20: 63.21 | E20: 5.15 | F20: 3.74 | G20: 61.73 | H20: 39.49 | I20: Maint. | J20: 0.16 | K20: 325.66 | L20: 19.48 | M20: 50.54 | N20: 4.7 | O20: 0 | P20: 1.51 | Q20: 33.8
... A50: 08-02-2023 10:30 | B50: 21.86 | C50: 66.65 | D50: 53.12 | E50: 7.52 | F50: 4.53 | G50: 70.75 | H50: 40.56 | I50: Maint. | J50: 1.3 | K50: 111.28 | L50: 27.48 | M50: 31.08 | N50: 501.5 | O50: 0 | P50: 1.05 | Q50: 19.35
A51: 08-02-2023 10:45 | B51: 16.53 | C51: 61.91 | D51: 46.23 | E51: 11.1 | F51: 9.9 | G51: 55.4 | H51: 35.92 | I51: Maint. | J51: 0.79 | K51: 20.13 | L51: 31.08 | M51: 24.67 | N51: 508.6 | O51: 0 | P51: 0.94 | Q51: Data F
A52: 08-02-2023 11:00 | B52: 6.3 | C52: 54.28 | D52: 33.82 | E52: 10.69 | F52: 322.9 | G52: 55.4 | H52: 35.92 | I52: 0.58 | J52: 0.64 | K52: 123.65 | L52: 30.03 | M52: 26.67 | N52: 535.5 | O52: 0 | P52: 0.7 | Q52: Data F
A53: 08-02-2023 11:15 | B53: 11.64 | C53: 51.9 | D53: 36.79 | E53: 112.37 | F53: 20.81 | G53: 55.4 | H53: 35.92 | I53: 0.58 | J53: 0.91 | K53: 16.32 | L53: 32.33 | M53: 22.76 | N53: 533.4 | O53: 0 | P53: 0.68 | Q53: Data F
A54: 08-02-2023 11:30 | B54: 9.35 | C54: 49.81 | D54: 33.8 | E54: 25.45 | F54: 17.54 | G54: 55.4 | H54: 35.92 | I54: 0.51 | J54: 0.88 | K54: 5.22 | L54: 34.19 | M54: 20.69 | N54: 547.4 | O54: 0 | P54: 0.69 | Q54: Data F
A55: 08-02-2023 11:45 | B55: 8.11 | C55: 51.6 | D55: 33.79 | E55: 21.93 | F55: 18.87 | G55: 30.78 | H55: 19.95 | I55: 0.5 | J55: 0.59 | K55: 9.51 | L55: 34.22 | M55: 20.92 | N55: 555.1 | O55: 0 | P55: 0.74 | Q55: Data F
A56: 08-02-2023 12:00 | B56: 7.94 | C56: 57.96 | D56: 37.17 | E56: 4.3 | F56: 9.92 | G56: Calib. | H56: Calib. | I56: 0.5 | J56: 1 | K56: 9.93 | L56: 34.66 | M56: 19.34 | N56: 564.2 | O56: 0 | P56: 0.81 | Q56: Data F
A57: 08-02-2023 12:15 | B57: 6.31 | C57: 58.52 | D57: 36.16 | E57: 6.88 | F57: 11.96 | G57: Calib. | H57: Calib. | I57: 0.51 | J57: 0.84 | K57: 359.71 | L57: 34.87 | M57: 18.45 | N57: 598.7 | O57: 0 | P57: 0.74 | Q57: Data F
A58: 08-02-2023 12:30 | B58: 5.5 | C58: 55.74 | D58: 33.98 | E58: 6.66 | F58: 10.15 | G58: Calib. | H58: Calib. | I58: 0.56 | J58: 0.76 | K58: 0.98 | L58: 34.97 | M58: 18.2 | N58: 609.5 | O58: 0 | P58: 0.7 | Q58: Data F
A59: 08-02-2023 12:45 | B59: 5.05 | C59: 52.25 | D59: 31.69 | E59: 5.62 | F59: 11.95 | G59: 25.77 | H59: 9.76 | I59: 0.54 | J59: 1.16 | K59: 13.8 | L59: 33.94 | M59: 19.46 | N59: 601.7 | O59: 0 | P59: 0.67 | Q59: Data F
A60: 08-02-2023 13:00 | B60: 6.5 | C60: 48.91 | D60: 31.02 | E60: 6.38 | F60: 12.12 | G60: 56.57 | H60: 21.43 | I60: 0.53 | J60: 0.8 | K60: 10.4 | L60: 34.69 | M60: 19.21 | N60: 570.6 | O60: 0 | P60: 0.66 | Q60: Data F
A61: 08-02-2023 13:15 | B61: 4.95 | C61: 52.73 | D61: 31.88 | E61: 4.29 | F61: 9.08 | G61: 56.57 | H61: 21.43 | I61: 0.52 | J61: 1.03 | K61: 354.85 | L61: 34.98 | M61: 19.25 | N61: 554 | O61: 0 | P61: 0.61 | Q61: Data F
A62: 08-02-2023 13:30 | B62: 4.43 | C62: 53.63 | D62: 31.96 | E62: 3.84 | F62: 7.2 | G62: 76.15 | H62: 21.43 | I62: 0.52 | J62: 0.38 | K62: 336.81 | L62: 34.1 | M62: 20.01 | N62: 523.3 | O62: 0 | P62: 0.64 | Q62: Data F
A63: 08-02-2023 13:45 | B63: Pw.Off | C63: Pw.Off | D63: Pw.Off | E63: Pw.Off | F63: Pw.Off | G63: Pw.Off | H63: Pw.Off | I63: Pw.Off | J63: Pw.Off | K63: Pw.Off | L63: Pw.Off | M63: Pw.Off | N63: Pw.Off | O63: Pw.Off | P63: Pw.Off | Q63: Pw.Off
A64: 08-02-2023 14:00 | B64: Pw.Off | C64: Pw.Off | D64: Pw.Off | E64: Pw.Off | F64: Pw.Off | G64: Pw.Off | H64: Pw.Off | I64: Pw.Off | J64: Pw.Off | K64: Pw.Off | L64: Pw.Off | M64: Pw.Off | N64: Pw.Off | O64: Pw.Off | P64: Pw.Off | Q64: Pw.Off
A65: 08-02-2023 14:15 | B65: Pw.Off | C65: Pw.Off | D65: Pw.Off | E65: Pw.Off | F65: Pw.Off | G65: Pw.Off | H65: Pw.Off | I65: Pw.Off | J65: Pw.Off | K65: Pw.Off | L65: Pw.Off | M65: Pw.Off | N65: Pw.Off | O65: Pw.Off | P65: Pw.Off | Q65: Pw.Off
A66: 08-02-2023 14:30 | B66: Pw.Off | C66: Pw.Off | D66: Pw.Off | E66: Pw.Off | F66: Pw.Off | G66: Pw.Off | H66: Pw.Off | I66: Pw.Off | J66: Pw.Off | K66: Pw.Off | L66: Pw.Off | M66: Pw.Off | N66: Pw.Off | O66: Pw.Off | P66: Pw.Off | Q66: Pw.Off
A67: 08-02-2023 14:45 | B67: Pw.Off | C67: Pw.Off | D67: Pw.Off | E67: Pw.Off | F67: Pw.Off | G67: Pw.Off | H67: Pw.Off | I67: Pw.Off | J67: Pw.Off | K67: Pw.Off | L67: Pw.Off | M67: Pw.Off | N67: Pw.Off | O67: Pw.Off | P67: Pw.Off | Q67: Pw.Off
A68: 08-02-2023 15:00 | B68: Pw.Off | C68: Pw.Off | D68: Pw.Off | E68: Pw.Off | F68: Pw.Off | G68: Pw.Off | H68: Pw.Off | I68: Pw.Off | J68: Pw.Off | K68: Pw.Off | L68: Pw.Off | M68: Pw.Off | N68: Pw.Off | O68: Pw.Off | P68: Pw.Off | Q68: Pw.Off
A69: 08-02-2023 15:15 | B69: Pw.Off | C69: Pw.Off | D69: Pw.Off | E69: Pw.Off | F69: Pw.Off | G69: Pw.Off | H69: Pw.Off | I69: Pw.Off | J69: Pw.Off | K69: Pw.Off | L69: Pw.Off | M69: Pw.Off | N69: Pw.Off | O69: Pw.Off | P69: Pw.Off | Q69: Pw.Off
A70: 08-02-2023 15:30 | B70: Pw.Off | C70: Pw.Off | D70: Pw.Off | E70: Pw.Off | F70: Pw.Off | G70: Pw.Off | H70: Pw.Off | I70: Pw.Off | J70: Pw.Off | K70: Pw.Off | L70: Pw.Off | M70: Pw.Off | N70: Pw.Off | O70: Pw.Off | P70: Pw.Off | Q70: Pw.Off
A71: 08-02-2023 15:45 | B71: Wm. Up | C71: Wm. Up | D71: Wm. Up | E71: Wm. Up | F71: 19.25 | G71: 56.57 | H71: 21.43 | I71: Data F | J71: 0.41 | K71: 352.42 | L71: 32.78 | M71: 20.42 | N71: 118.2 | O71: 0 | P71: Wm. Up | Q71: Wm. Up
A72: 08-02-2023 16:00 | B72: Wm. Up | C72: Wm. Up | D72: Wm. Up | E72: 32.96 | F72: 14.34 | G72: 50.34 | H72: 18.44 | I72: Data F | J72: 0.67 | K72: 347.18 | L72: 31.96 | M72: 20.95 | N72: 169.5 | O72: 0 | P72: 0.38 | Q72: Data F
A73: 08-02-2023 16:15 | B73: 3.18 | C73: 35.16 | D73: 20.77 | E73: 0.1 | F73: 8.61 | G73: 50.2 | H73: 18.33 | I73: Data F | J73: 0.22 | K73: 4.55 | L73: 30.75 | M73: 21.53 | N73: 131.4 | O73: 0 | P73: 0.34 | Q73: Data F
A74: 08-02-2023 16:30 | B74: 3.36 | C74: 35.85 | D74: 21.29 | E74: Data F | F74: 7.3 | G74: 50.2 | H74: 18.33 | I74: Data F | J74: 0.35 | K74: 348.99 | L74: 30.35 | M74: 22.53 | N74: 61.8 | O74: 0 | P74: 0.31 | Q74: Data F
A75: 08-02-2023 16:45 | B75: 3.95 | C75: 36.45 | D75: 22.09 | E75: Data F | F75: 6.44 | G75: 48.85 | H75: 17.58 | I75: 0.26 | J75: 0.55 | K75: 359.47 | L75: 30.05 | M75: 24.08 | N75: 53.1 | O75: 0 | P75: 0.29 | Q75: Data F
A76: 08-02-2023 17:00 | B76: 5.99 | C76: 37.46 | D76: 24.29 | E76: 3.74 | F76: 5.89 | G76: 47.23 | H76: 16.68 | I76: 0.53 | J76: 0.66 | K76: 2.97 | L76: 29.8 | M76: 24.34 | N76: 38.1 | O76: 0 | P76: 0.29 | Q76: Data F
A77: 08-02-2023 17:15 | B77: 6.28 | C77: 41.03 | D77: 26.49 | E77: 4.75 | F77: 7.13 | G77: 47.23 | H77: 16.68 | I77: 0.54 | J77: 0.41 | K77: 10.37 | L77: 29.28 | M77: 24.62 | N77: 30.4 | O77: 0 | P77: 0.3 | Q77: 3
A78: 08-02-2023 17:30 | B78: 7.49 | C78: 43.57 | D78: 28.86 | E78: 4.12 | F78: 7.42 | G78: 47.23 | H78: 16.68 | I78: Data F | J78: 0.21 | K78: 354.33 | L78: 28.73 | M78: 25.45 | N78: 21.7 | O78: 0 | P78: 0.33 | Q78: 15.57
A79: 08-02-2023 17:45 | B79: 12.2 | C79: 50.17 | D79: 36.28 | E79: 4.61 | F79: 10.89 | G79: 45.33 | H79: 16.23 | I79: Data F | J79: 0.2 | K79: 339.19 | L79: 27.98 | M79: 28 | N79: 12.9 | O79: 0 | P79: 0.45 | Q79: 12.9
A80: 08-02-2023 18:00 | B80: 16.17 | C80: 55.31 | D80: 42.3 | E80: 4.22 | F80: 8.94 | G80: 43.06 | H80: 15.7 | I80: 0.38 | J80: 0.07 | K80: 341.12 | L80: 27.33 | M80: 29.13 | N80: 6.9 | O80: 0 | P80: 0.6 | Q80: 12.6
A81: 08-02-2023 18:15 | B81: 21.38 | C81: 64.36 | D81: 51.47 | E81: 4.81 | F81: 5.64 | G81: 43.06 | H81: 15.7 | I81: 0.55 | J81: 0.29 | K81: 98.67 | L81: 26.95 | M81: 30.78 | N81: 4.3 | O81: 0 | P81: 0.75 | Q81: 13.66
A82: 08-02-2023 18:30 | B82: 25.86 | C82: 62.57 | D82: 54.08 | E82: 4.1 | F82: 4.94 | G82: 43.06 | H82: 15.7 | I82: 0.57 | J82: 0.14 | K82: 71.49 | L82: 26.03 | M82: 34.81 | N82: 4.6 | O82: 0 | P82: 0.79 | Q82: 15.24
A83: 08-02-2023 18:45 | B83: 30.05 | C83: 62.43 | D83: 57.36 | E83: 4.25 | F83: 4.94 | G83: 53.96 | H83: 18.8 | I83: 0.62 | J83: 0.13 | K83: 120.59 | L83: 24.92 | M83: 40.91 | N83: 4.6 | O83: 0 | P83: 0.9 | Q83: 17.02
A84: 08-02-2023 19:00 | B84: 35.55 | C84: 63.56 | D84: 62.4 | E84: 4.02 | F84: 4.83 | G84: 66.97 | H84: 22.51 | I84: 0.67 | J84: 0.06 | K84: 228.56 | L84: 24.32 | M84: 42.06 | N84: 4.6 | O84: 0 | P84: 0.86 | Q84: 18.9
A85: 08-02-2023 19:15 | B85: 42.9 | C85: 59.91 | D85: 66.28 | E85: 4.32 | F85: 4.82 | G85: 66.97 | H85: 22.51 | I85: 0.74 | J85: 0.19 | K85: 356.09 | L85: 23.81 | M85: 51.55 | N85: 4.4 | O85: 0 | P85: 1.36 | Q85: 19.65
A86: 08-02-2023 19:30 | B86: 32.06 | C86: 59.21 | D86: 57.2 | E86: 3.01 | F86: 4.61 | G86: 66.97 | H86: 22.51 | I86: 0.79 | J86: 0.12 | K86: 242.61 | L86: 23.53 | M86: 50.69 | N86: 4 | O86: 0 | P86: 1.22 | Q86: 21.89
A87: 08-02-2023 19:45 | B87: 38.54 | C87: 61.58 | D87: 63.7 | E87: 2.7 | F87: 4.57 | G87: 118.29 | H87: 29.72 | I87: 0.77 | J87: 0.09 | K87: 252.94 | L87: 24.5 | M87: 38.27 | N87: 3 | O87: 0 | P87: 1.38 | Q87: 23.41
A88: 08-02-2023 20:00 | B88: 40.04 | C88: 61.5 | D88: 64.86 | E88: 4.41 | F88: 4.73 | G88: 179.61 | H88: 38.33 | I88: 0.74 | J88: 0.03 | K88: 230.54 | L88: 24.16 | M88: 38.83 | N88: 4.2 | O88: 0 | P88: 1.47 | Q88: 23.78
A89: 08-02-2023 20:15 | B89: 40.62 | C89: 62.14 | D89: 65.68 | E89: 5.94 | F89: 4.65 | G89: 179.61 | H89: 38.33 | I89: 0.81 | J89: 0.04 | K89: 310.72 | L89: 24.75 | M89: 32.2 | N89: 3.2 | O89: 0 | P89: 1.51 | Q89: 24.17
A90: 08-02-2023 20:30 | B90: 39.61 | C90: 62.31 | D90: 64.96 | E90: 5.98 | F90: 4.5 | G90: 179.61 | H90: 38.33 | I90: 0.89 | J90: 0.4 | K90: 341.58 | L90: 24.69 | M90: 31.47 | N90: 3 | O90: 0 | P90: 1.49 | Q90: 23.96
A91: 08-02-2023 20:45 | B91: 37.4 | C91: 62.29 | D91: 63.18 | E91: 5.39 | F91: 4.54 | G91: 134.59 | H91: 38.35 | I91: 0.9 | J91: 0.32 | K91: 338.74 | L91: 23.78 | M91: 34.35 | N91: 4.1 | O91: 0 | P91: 1.45 | Q91: 23.46
... A104: 08-02-2023 24:00 | B104: 26.31 | C104: 56.63 | D104: 51.16 | E104: 4.75 | F104: 4.61 | G104: 51.17 | H104: 27.48 | I104: 0.78 | J104: 0.79 | K104: 357.72 | L104: 20.52 | M104: 36.64 | N104: 4.2 | O104: 0 | P104: 1.19 | Q104: 19.73
A106: Min | B106: =MIN(B9:B104) -> 3.18 | C106: =MIN(C9:C104) -> 35.16 | D106: =MIN(D9:D104) -> 20.77 | E106: =MIN(E9:E104) -> 0.1 | F106: =MIN(F9:F104) -> 3.29 | G106: =MIN(G9:G104) -> 25.77 | H106: =MIN(H9:H104) -> 9.76 | I106: =MIN(I9:I104) -> 0.26 | ... Q106: =MIN(Q9:Q104) -> 3
A107: Max | B107: =MAX(B9:B104) -> 69.95 | C107: =MAX(C9:C104) -> 84.4 | D107: =MAX(D9:D104) -> 101.49 | E107: =MAX(E9:E104) -> 112.37 | F107: =MAX(F9:F104) -> 322.9 | G107: =MAX(G9:G104) -> 179.61 | H107: =MAX(H9:H104) -> 48.87 | I107: =MAX(I9:I104) -> 0.9 | ... Q107: =MAX(Q9:Q104) -> 38.05
A108: Avg | B108: =AVERAGE(B9:B104) -> 27.92186 | C108: =AVERAGE(C9:C104) -> 62.753372 | D108: =AVERAGE(D9:D104) -> 55.83407 | E108: =AVERAGE(E9:E104) -> 7.9502353 | F108: =AVERAGE(F9:F104) -> 9.3729545 | G108: =AVERAGE(G9:G104) -> 75.976941 | H108: =AVERAGE(H9:H104) -> 31.873176 | I108: =AVERAGE(I9:I104) -> 0.67410256 | ... Q108: =AVERAGE(Q9:Q104) -> 24.046286
A109: Stdev | B109: =STDEV(B9:B104) -> 15.493497 | C109: =STDEV(C9:C104) -> 10.461232 | D109: =STDEV(D9:D104) -> 17.152072 | E109: =STDEV(E9:E104) -> 12.27713 | F109: =STDEV(F9:F104) -> 34.018014 | G109: =STDEV(G9:G104) -> 33.116255 | H109: =STDEV(H9:H104) -> 10.123285 | I109: =STDEV(I9:I104) -> 0.16213571 | ... Q109: =STDEV(Q9:Q104) -> 7.14627
A110: Num | B110: =COUNT(B9:B104)+10 -> 96 | C110: =COUNT(C9:C104)+10 -> 96 | D110: =COUNT(D9:D104)+10 -> 96 | E110: =COUNT(E9:E104)+11 -> 96 | F110: =COUNT(F9:F104)+8 -> 96 | G110: =COUNT(G9:G104)+11 -> 96 | H110: =COUNT(H9:H104)+11 -> 96 | I110: =COUNT(I9:I104)+57 -> 96 | J110: =COUNT(J9:J104)+8 -> 96 | K110: =COUNT(K9:K104)+8 -> 96 | L110: =COUNT(L9:L104)+8 -> 96 | M110: =COUNT(M9:M104)+8 -> 96 | N110: =COUNT(N9:N104)+8 -> 96 | O110: =COUNT(O9:O104)+8 -> 96 | P110: =COUNT(P9:P104)+9 -> 96 | Q110: =COUNT(Q9:Q104)+26 -> 96
A111: DCR | B111: =IF(B110>=87,">90%",IF(B110<=87,"<90%")) -> >90% | C111: =IF(C110>=87,">90%",IF(C110<=87,"<90%")) -> >90% | D111: =IF(D110>=87,">90%",IF(D110<=87,"<90%")) -> >90% | E111: =IF(E110>=87,">90%",IF(E110<=87,"<90%")) -> >90% | F111: =IF(F110>=87,">90%",IF(F110<=87,"<90%")) -> >90% | G111: =IF(G110>=87,">90%",IF(G110<=87,"<90%")) -> >90% | H111: =IF(H110>=87,">90%",IF(H110<=87,"<90%")) -> >90% | I111: =IF(I110>=87,">90%",IF(I110<=87,"<90%")) -> >90% | ... Q111: =IF(Q110>=87,">90%",IF(Q110<=87,"<90%")) -> >90%
A112: Status | B112: =IF(B110>=87,"OK",IF(B110<=87,"LESS")) -> OK | C112: =IF(C110>=87,"OK",IF(C110<=87,"LESS")) -> OK | D112: =IF(D110>=87,"OK",IF(D110<=87,"LESS")) -> OK | E112: =IF(E110>=87,"OK",IF(E110<=87,"LESS")) -> OK | F112: =IF(F110>=87,"OK",IF(F110<=87,"LESS")) -> OK | G112: =IF(G110>=87,"OK",IF(G110<=87,"LESS")) -> OK | H112: =IF(H110>=87,"OK",IF(H110<=87,"LESS")) -> OK | I112: =IF(I110>=87,"OK",IF(I110<=87,"LESS")) -> OK | ... Q112: =IF(Q110>=87,"OK",IF(Q110<=87,"LESS")) -> OK
A115: Done by | B115: RK
A117: Comment

Sheet 09
A1: Station: | B1: BHATAGAON RAIPUR
A2: Date: | B2: =$A$9 -> 09-02-2023 00:15 | D2: Power Off | G2: Pw.Off | L2: Link Fail | N2: Link F | P2: Maintenance | R2: Maint.
A3: Report Type: | B3: Mean | D3: Calibration | G3: Calib. | L3: Data Fail | N3: Data F | P3: Invalid | R3: Invalid
A4: Time Base: | B4: 15 Min | D4: Zero Referrence | G4: Z.Ref | L4: Warm Up | N4: Wm. Up
A7: Date & Time | B7: NO_BHATAGAON | C7: NO2__BHATAGAON | D7: NOX_BHATAGAON | E7: SO2__BHATAGAON | F7: O3__BHATAGAON | G7: PM10__BHATAGAON | H7: PM2_5__BHATAGAON | I7: BENZ__BHATAGAON | J7: WS__BHATAGAON | K7: WD__BHATAGAON | L7: TEMP__BHATAGAON | M7: HUM__BHATAGAON | N7: SR__BHATAGAON | O7: RG__BHATAGAON | P7: CO__BHATAGAON | Q7: NH3__BHATAGAON
B8: ug/m3 | C8: ug/m3 | D8: ppb | E8: ug/m3 | F8: ug/m3 | G8: ug/m3 | H8: ug/m3 | I8: ug/m3 | J8: m/sec | K8: deg | L8: degreC | M8: % | N8: w/m2 | O8: mm | P8: mg/m3 | Q8: ug/m3
A9: 09-02-2023 00:15 | B9: 24.35 | C9: 56.43 | D9: 49.48 | E9: 6.23 | F9: 4.73 | G9: 51.17 | H9: 27.48 | I9: 0.72 | J9: 0.13 | K9: 346.59 | L9: 20.01 | M9: 39.47 | N9: 4.9 | O9: 0 | P9: 1.15 | Q9: 18.6
A10: 09-02-2023 00:30 | B10: 23.26 | C10: 56.26 | D10: 48.51 | E10: 6.5 | F10: 4.62 | G10: 51.17 | H10: 27.48 | I10: 0.7 | J10: 0.12 | K10: 2.44 | L10: 19.42 | M10: 42.96 | N10: 4.6 | O10: 0 | P10: 1.12 | Q10: 18.01
A11: 09-02-2023 00:45 | B11: 22.77 | C11: 54.88 | D11: 47.36 | E11: 6.71 | F11: 4.67 | G11: 56.83 | H11: 26.27 | I11: 0.68 | J11: 0.41 | K11: 3.46 | L11: 19.16 | M11: 45.07 | N11: 3.7 | O11: 0 | P11: 1.1 | Q11: 16.97
A12: 09-02-2023 01:00 | B12: 22.15 | C12: 54.67 | D12: 46.74 | E12: 6.54 | F12: 4.58 | G12: 63.92 | H12: 24.83 | I12: 0.69 | J12: 0.13 | K12: 319.23 | L12: 18.86 | M12: 47.39 | N12: 4.4 | O12: 0 | P12: 1.09 | Q12: 16.41
A13: 09-02-2023 01:15 | B13: 21.66 | C13: 54.44 | D13: 46.23 | E13: 6.59 | F13: 4.51 | G13: 63.92 | H13: 24.83 | I13: 0.7 | J13: 0.08 | K13: 323.78 | L13: 18.75 | M13: 47.11 | N13: 4.6 | O13: 0 | P13: 1.05 | Q13: 16.62
A14: 09-02-2023 01:30 | B14: 21.77 | C14: 54.02 | D14: 46.08 | E14: 6.31 | F14: 4.52 | G14: 63.92 | H14: 24.83 | I14: 0.69 | J14: 0.07 | K14: 5.16 | L14: 18.31 | M14: 47.44 | N14: 4.4 | O14: 0 | P14: 1.07 | Q14: 16.99
A15: 09-02-2023 01:45 | B15: 21.91 | C15: 53.59 | D15: 45.96 | E15: 6.29 | F15: 4.51 | G15: 85.32 | H15: 31.54 | I15: 0.66 | J15: 0.07 | K15: 334.29 | L15: 18.45 | M15: 47.46 | N15: 4.3 | O15: 0 | P15: 1.08 | Q15: 17.22
A16: 09-02-2023 02:00 | B16: 22.04 | C16: 53.2 | D16: 45.84 | E16: 6.6 | F16: 4.54 | G16: 110.91 | H16: 39.55 | I16: 0.67 | J16: 0.09 | K16: 63.57 | L16: 18.62 | M16: 47.73 | N16: 4.1 | O16: 0 | P16: 1.09 | Q16: 17.48
A17: 09-02-2023 02:15 | B17: 21.84 | C17: 52.93 | D17: 45.54 | E17: 7.14 | F17: 4.51 | G17: 110.91 | H17: 39.55 | I17: 0.67 | J17: 0.06 | K17: 7.89 | L17: 18.48 | M17: 49.24 | N17: 4.2 | O17: 0 | P17: 1.09 | Q17: 17.69
A18: 09-02-2023 02:30 | B18: 21.51 | C18: 52.61 | D18: 45.1 | E18: 7.13 | F18: 4.52 | G18: 110.91 | H18: 39.55 | I18: 0.68 | J18: 0.01 | K18: 73.45 | L18: 18.08 | M18: 51.83 | N18: 4.4 | O18: 0 | P18: 1.1 | Q18: 17.75
A19: 09-02-2023 02:45 | B19: 21.33 | C19: 52.28 | D19: 44.77 | E19: 7.05 | F19: 4.55 | G19: 123.67 | H19: 44.38 | I19: 0.68 | J19: 0.06 | K19: 341.58 | L19: 17.57 | M19: 55.6 | N19: 4.4 | O19: 0 | P19: 1.11 | Q19: 18.39
A20: 09-02-2023 03:00 | B20: 22.1 | C20: 51.98 | D20: 45.22 | E20: 6.56 | F20: 4.52 | G20: 138.91 | H20: 50.15 | I20: 0.7 | J20: 0.01 | K20: 40.26 | L20: 17.47 | M20: 55.43 | N20: 4.2 | O20: 0 | P20: 1.13 | Q20: 18.54
... A63: 09-02-2023 13:45 | B63: 5.3 | C63: 61.15 | D63: 36.81 | E63: 7.66 | F63: 6.62 | G63: 45.85 | H63: 21.48 | I63: 0.62 | J63: 0.17 | K63: 156.62 | L63: 32.2 | M63: 16.44 | N63: 509.8 | O63: 0 | P63: 0.7 | Q63: 13.91
A64: 09-02-2023 14:00 | B64: 4.21 | C64: 59.58 | D64: 35.07 | E64: 7.29 | F64: 8.18 | G64: 44.06 | H64: 22.56 | I64: Invalid | J64: 0.89 | K64: 132.14 | L64: 30.13 | M64: 18.27 | N64: 485.1 | O64: 0 | P64: 0.66 | Q64: 13.18
A65: 09-02-2023 14:15 | B65: 3.75 | C65: 58.72 | D65: 34.23 | E65: 7.12 | F65: 8.08 | G65: 44.06 | H65: 22.56 | I65: Invalid | J65: 0.09 | K65: 354.81 | L65: 31.96 | M65: 17.16 | N65: 464.2 | O65: 0 | P65: 0.66 | Q65: 12.53
A66: 09-02-2023 14:30 | B66: 3.47 | C66: 58.9 | D66: 34.1 | E66: 7.24 | F66: 7.53 | G66: 44.06 | H66: 22.56 | I66: Invalid | J66: 0.19 | K66: 330.74 | L66: 31.65 | M66: 17.01 | N66: 449.3 | O66: 0 | P66: 0.65 | Q66: 11.91
A67: 09-02-2023 14:45 | B67: 3.39 | C67: 58.94 | D67: 34.06 | E67: 7.67 | F67: 7.63 | G67: 44.3 | H67: 21.48 | I67: Invalid | J67: 0.53 | K67: 355.33 | L67: 33.47 | M67: 16.2 | N67: 426.2 | O67: 0 | P67: 0.64 | Q67: 11.53
A68: 09-02-2023 15:00 | B68: 3.45 | C68: 56.72 | D68: 32.88 | E68: 8.36 | F68: 12.35 | G68: 44.6 | H68: 20.19 | I68: Invalid | J68: 0.4 | K68: 9.83 | L68: 34.25 | M68: 14.11 | N68: 402.4 | O68: 0 | P68: 0.64 | Q68: 11.32
A69: 09-02-2023 15:15 | B69: 3.84 | C69: 54.72 | D69: 32.09 | E69: 10.95 | F69: 12.29 | G69: 44.6 | H69: 20.19 | I69: Invalid | J69: 0.14 | K69: 341.61 | L69: 33.24 | M69: 14.47 | N69: 353.2 | O69: 0 | P69: 0.63 | Q69: 10.9
A70: 09-02-2023 15:30 | B70: 6.03 | C70: 59.07 | D70: 36.25 | E70: 15.73 | F70: 14.44 | G70: 44.6 | H70: 20.19 | I70: Invalid | J70: 0.37 | K70: 9.86 | L70: 33.05 | M70: 14.73 | N70: 123.7 | O70: 0 | P70: 0.65 | Q70: 11.36
A71: 09-02-2023 15:45 | B71: 5.16 | C71: 60.36 | D71: 36.26 | E71: 8.68 | F71: 11.03 | G71: 45.67 | H71: 21.35 | I71: Invalid | J71: 0.22 | K71: 10.16 | L71: 32.69 | M71: 15.08 | N71: 144.1 | O71: 0 | P71: 0.64 | Q71: 12.1
A72: 09-02-2023 16:00 | B72: 5.49 | C72: 56.12 | D72: 34.19 | E72: 14.94 | F72: 19.03 | G72: 46.95 | H72: 22.74 | I72: Invalid | J72: 0.55 | K72: 14.98 | L72: 32.14 | M72: 15.67 | N72: 163.6 | O72: 0 | P72: 0.64 | Q72: 12.82
A73: 09-02-2023 16:15 | B73: 4.76 | C73: 55.61 | D73: 33.31 | E73: 12.58 | F73: 16.11 | G73: 46.95 | H73: 22.74 | I73: Invalid | J73: 0.1 | K73: 327.64 | L73: 31.26 | M73: 16.08 | N73: 116.1 | O73: 0 | P73: 0.63 | Q73: 13.83
A74: 09-02-2023 16:30 | B74: 4.76 | C74: 53.67 | D74: 32.25 | E74: 13.51 | F74: 18.47 | G74: 46.95 | H74: 22.74 | I74: Invalid | J74: 0.2 | K74: 152.6 | L74: 29.78 | M74: 16.78 | N74: 72.4 | O74: 0 | P74: 0.62 | Q74: 14.45
A75: 09-02-2023 16:45 | B75: 4.59 | C75: 54.07 | D75: 32.33 | E75: 16.69 | F75: 21.41 | G75: 45.96 | H75: 21.99 | I75: Invalid | J75: 0.31 | K75: 208.56 | L75: 29.58 | M75: 17.09 | N75: 59.8 | O75: 0 | P75: 0.6 | Q75: 14.83
... A80: 09-02-2023 18:00 | B80: 3.13 | C80: 58.4 | D80: 33.56 | E80: 7.02 | F80: 8.07 | G80: 50.98 | H80: 21.73 | I80: Invalid | J80: 0.07 | K80: 229.14 | L80: 26.84 | M80: 24.68 | N80: 7 | O80: 0 | P80: 0.62 | Q80: 14.5
A81: 09-02-2023 18:15 | B81: 5.46 | C81: 65.62 | D81: 39.4 | E81: 6.87 | F81: 5.99 | G81: 50.98 | H81: 21.73 | I81: 0.57 | J81: 0.08 | K81: 142.55 | L81: 25.43 | M81: 29.08 | N81: 5 | O81: 0 | P81: 0.65 | Q81: 14.69
A82: 09-02-2023 18:30 | B82: 10.13 | C82: 67.15 | D82: 43.99 | E82: 7.05 | F82: 4.92 | G82: 50.98 | H82: 21.73 | I82: 0.61 | J82: 0.05 | K82: 307.49 | L82: 24.52 | M82: 34.03 | N82: 4.5 | O82: 0 | P82: 0.71 | Q82: 16.14
A83: 09-02-2023 18:45 | B83: 38.94 | C83: 82.11 | D83: 75.35 | E83: 8.82 | F83: 4.69 | G83: 85.96 | H83: 24.64 | I83: 0.62 | J83: 0.11 | K83: 111.77 | L83: 23.94 | M83: 36.74 | N83: 4.4 | O83: 0 | P83: 1.13 | Q83: 18.27
A84: 09-02-2023 19:00 | B84: 26.99 | C84: 76.63 | D84: 62.74 | E84: 8.11 | F84: 4.65 | G84: 127.78 | H84: 28.11 | I84: 0.68 | J84: 0.26 | K84: 94.8 | L84: 23.73 | M84: 39.7 | N84: 3.7 | O84: 0 | P84: 0.93 | Q84: 19.97
A85: 09-02-2023 19:15 | B85: 34.7 | C85: 76.01 | D85: 68.58 | E85: 7.67 | F85: 4.53 | G85: 127.78 | H85: 28.11 | I85: 0.71 | J85: 0.07 | K85: 20.46 | L85: 23.18 | M85: 45.45 | N85: 4.5 | O85: 0 | P85: 1.09 | Q85: 20.88
A86: 09-02-2023 19:30 | B86: 53.16 | C86: 75.59 | D86: 83.16 | E86: 8.03 | F86: 4.5 | G86: 127.78 | H86: 28.11 | I86: 0.7 | J86: 0.14 | K86: 18.94 | L86: 22.5 | M86: 51.68 | N86: 4.2 | O86: 0 | P86: 1.44 | Q86: 20.53
A87: 09-02-2023 19:45 | B87: 56.87 | C87: 78.03 | D87: 87.48 | E87: 8.75 | F87: 4.54 | G87: 153.27 | H87: 37.01 | I87: 0.79 | J87: 0.12 | K87: 96.4 | L87: 22.26 | M87: 49.1 | N87: 4 | O87: 0 | P87: 1.49 | Q87: 21.19
A88: 09-02-2023 20:00 | B88: 66.24 | C88: 79.31 | D88: 95.7 | E88: 6.14 | F88: 4.6 | G88: 183.73 | H88: 47.65 | I88: 0.89 | J88: 0.06 | K88: 19.08 | L88: 22.09 | M88: 48.53 | N88: 4.3 | O88: 0 | P88: 1.7 | Q88: 22.42
A89: 09-02-2023 20:15 | B89: 67.38 | C89: 76.32 | D89: 94.96 | E89: 8.39 | F89: 4.55 | G89: 183.73 | H89: 47.65 | I89: 0.89 | J89: 0.1 | K89: 284.74 | L89: 22.13 | M89: 47.04 | N89: 4 | O89: 0 | P89: 1.76 | Q89: 23.23
A90: 09-02-2023 20:30 | B90: 73.82 | C90: 74.12 | D90: 98.91 | E90: 8.35 | F90: 4.5 | G90: 183.73 | H90: 47.65 | I90: 0.99 | J90: 0.08 | K90: 15.05 | L90: 21.82 | M90: 52.63 | N90: 4.1 | O90: 0 | P90: 1.96 | Q90: 24.62
A91: 09-02-2023 20:45 | B91: 77.41 | C91: 74.66 | D91: 102.09 | E91: 7.98 | F91: 4.6 | G91: 213.4 | H91: 56.58 | I91: 1.11 | J91: 0.06 | K91: 344.65 | L91: 22.13 | M91: 50.25 | N91: 4 | O91: 0 | P91: 2.09 | Q91: 26.47
A92: 09-02-2023 21:00 | B92: 86.9 | C92: 75.18 | D92: 109.98 | E92: 7.86 | F92: 4.53 | G92: 248.86 | H92: 67.26 | I92: 1.12 | J92: 0.1 | K92: 261.93 | L92: 21.77 | M92: 51.51 | N92: 4.1 | O92: 0 | P92: 2.39 | Q92: 27.27
... A104: 09-02-2023 24:00 | B104: 189.58 | C104: 75.28 | D104: 192.38 | E104: 5.66 | F104: 4.52 | G104: 181.62 | H104: 77.87 | I104: 1.79 | J104: 0.1 | K104: 334.84 | L104: 18.83 | M104: 62.04 | N104: 4.2 | O104: 0 | P104: 3.69 | Q104: 32.18
A106: Min | B106: =MIN(B9:B104) -> 3.1 | C106: =MIN(C9:C104) -> 51.19 | D106: =MIN(D9:D104) -> 32.09 | E106: =MIN(E9:E104) -> 4.44 | F106: =MIN(F9:F104) -> 4.5 | G106: =MIN(G9:G104) -> 41.15 | H106: =MIN(H9:H104) -> 20.19 | I106: =MIN(I9:I104) -> 0.57 | ... Q106: =MIN(Q9:Q104) -> 10.9
A107: Max | B107: =MAX(B9:B104) -> 189.58 | C107: =MAX(C9:C104) -> 82.11 | D107: =MAX(D9:D104) -> 192.75 | E107: =MAX(E9:E104) -> 16.69 | F107: =MAX(F9:F104) -> 21.41 | G107: =MAX(G9:G104) -> 262.42 | H107: =MAX(H9:H104) -> 80.79 | I107: =MAX(I9:I104) -> 1.79 | ... Q107: =MAX(Q9:Q104) -> 32.18
A108: Avg | B108: =AVERAGE(B9:B104) -> 40.99875 | C108: =AVERAGE(C9:C104) -> 61.445833 | D108: =AVERAGE(D9:D104) -> 65.599167 | E108: =AVERAGE(E9:E104) -> 7.7935417 | F108: =AVERAGE(F9:F104) -> 6.1477083 | G108: =AVERAGE(G9:G104) -> 103.55667 | H108: =AVERAGE(H9:H104) -> 41.516146 | I108: =AVERAGE(I9:I104) -> 0.8264557 | ... Q108: =AVERAGE(Q9:Q104) -> 18.663542
A109: Stdev | B109: =STDEV(B9:B104) -> 50.789942 | C109: =STDEV(C9:C104) -> 9.5773141 | D109: =STDEV(D9:D104) -> 44.711816 | E109: =STDEV(E9:E104) -> 2.0515114 | F109: =STDEV(F9:F104) -> 3.3162558 | G109: =STDEV(G9:G104) -> 63.358085 | H109: =STDEV(H9:H104) -> 18.760207 | I109: =STDEV(I9:I104) -> 0.34957131 | ... Q109: =STDEV(Q9:Q104) -> 5.6229032
A110: Num | B110: =COUNT(B9:B104) -> 96 | C110: =COUNT(C9:C104) -> 96 | D110: =COUNT(D9:D104) -> 96 | E110: =COUNT(E9:E104) -> 96 | F110: =COUNT(F9:F104) -> 96 | G110: =COUNT(G9:G104) -> 96 | H110: =COUNT(H9:H104) -> 96 | I110: =COUNT(I9:I104) -> 79 | ... Q110: =COUNT(Q9:Q104) -> 96
A111: DCR | B111: =IF(B110>=87,">90%",IF(B110<=87,"<90%")) -> >90% | C111: =IF(C110>=87,">90%",IF(C110<=87,"<90%")) -> >90% | D111: =IF(D110>=87,">90%",IF(D110<=87,"<90%")) -> >90% | E111: =IF(E110>=87,">90%",IF(E110<=87,"<90%")) -> >90% | F111: =IF(F110>=87,">90%",IF(F110<=87,"<90%")) -> >90% | G111: =IF(G110>=87,">90%",IF(G110<=87,"<90%")) -> >90% | H111: =IF(H110>=87,">90%",IF(H110<=87,"<90%")) -> >90% | I111: =IF(I110>=87,">90%",IF(I110<=87,"<90%")) -> <90% | ... Q111: =IF(Q110>=87,">90%",IF(Q110<=87,"<90%")) -> >90%
A112: Status | B112: =IF(B110>=87,"OK",IF(B110<=87,"LESS")) -> OK | C112: =IF(C110>=87,"OK",IF(C110<=87,"LESS")) -> OK | D112: =IF(D110>=87,"OK",IF(D110<=87,"LESS")) -> OK | E112: =IF(E110>=87,"OK",IF(E110<=87,"LESS")) -> OK | F112: =IF(F110>=87,"OK",IF(F110<=87,"LESS")) -> OK | G112: =IF(G110>=87,"OK",IF(G110<=87,"LESS")) -> OK | H112: =IF(H110>=87,"OK",IF(H110<=87,"LESS")) -> OK | I112: =IF(I110>=87,"OK",IF(I110<=87,"LESS")) -> LESS | ... Q112: =IF(Q110>=87,"OK",IF(Q110<=87,"LESS")) -> OK
A115: Done by | B115: RK
A117: Comment

Sheet 10
A1: Station: | B1: BHATAGAON RAIPUR
A2: Date: | B2: =$A$9 -> 10-02-2023 00:15 | D2: Power Off | G2: Pw.Off | L2: Link Fail | N2: Link F | P2: Maintenance | R2: Maint.
A3: Report Type: | B3: Mean | D3: Calibration | G3: Calib. | L3: Data Fail | N3: Data F | P3: Invalid | R3: Invalid
A4: Time Base: | B4: 15 Min | D4: Zero Referrence | G4: Z.Ref | L4: Warm Up | N4: Wm. Up
A7: Date & Time | B7: NO_BHATAGAON | C7: NO2__BHATAGAON | D7: NOX_BHATAGAON | E7: SO2__BHATAGAON | F7: O3__BHATAGAON | G7: PM10__BHATAGAON | H7: PM2_5__BHATAGAON | I7: BENZ__BHATAGAON | J7: WS__BHATAGAON | K7: WD__BHATAGAON | L7: TEMP__BHATAGAON | M7: HUM__BHATAGAON | N7: SR__BHATAGAON | O7: RG__BHATAGAON | P7: CO__BHATAGAON | Q7: NH3__BHATAGAON
B8: ug/m3 | C8: ug/m3 | D8: ppb | E8: ug/m3 | F8: ug/m3 | G8: ug/m3 | H8: ug/m3 | I8: ug/m3 | J8: m/sec | K8: deg | L8: degreC | M8: % | N8: w/m2 | O8: mm | P8: mg/m3 | Q8: ug/m3
A9: 10-02-2023 00:15 | B9: 190.69 | C9: 73.86 | D9: 192.49 | E9: 8.16 | F9: 4.54 | G9: 181.62 | H9: 77.87 | I9: 1.8 | J9: 0.14 | K9: 334.21 | L9: 18.73 | M9: 59.97 | N9: 4.1 | O9: 0 | P9: 3.68 | Q9: 32.83
A10: 10-02-2023 00:30 | B10: 189.24 | C10: 73.22 | D10: 190.98 | E10: 8.36 | F10: 4.54 | G10: 181.62 | H10: 77.87 | I10: 1.81 | J10: 0.05 | K10: 86.55 | L10: 18.78 | M10: 62.21 | N10: 3.8 | O10: 0 | P10: 3.63 | Q10: 32.8
A11: 10-02-2023 00:45 | B11: 189.06 | C11: 72.53 | D11: 190.45 | E11: 8.12 | F11: 4.5 | G11: 181.29 | H11: 75.65 | I11: 1.81 | J11: 0.1 | K11: 310.26 | L11: 18.49 | M11: 63.92 | N11: 4.4 | O11: 0 | P11: 3.63 | Q11: 32.45
A12: 10-02-2023 01:00 | B12: 188.19 | C12: 71.94 | D12: 189.42 | E12: 7.92 | F12: 4.5 | G12: 180.9 | H12: 72.99 | I12: 1.8 | J12: 0.12 | K12: 351.3 | L12: 18.23 | M12: 65.31 | N12: 4.4 | O12: 0 | P12: 3.6 | Q12: 32.26
A13: 10-02-2023 01:15 | B13: 186.06 | C13: 71.22 | D13: 187.32 | E13: 8.39 | F13: 4.5 | G13: 180.9 | H13: 72.99 | I13: 1.79 | J13: 0.09 | K13: 292.26 | L13: 18.08 | M13: 64.5 | N13: 4.3 | O13: 0 | P13: 3.23 | Q13: 31.98
A14: 10-02-2023 01:30 | B14: 181.17 | C14: 70.6 | D14: 183.06 | E14: 7.87 | F14: 4.5 | G14: 180.9 | H14: 72.99 | I14: 1.78 | J14: 0.17 | K14: 255.51 | L14: 18.26 | M14: 59.15 | N14: 3.8 | O14: 0 | P14: 3.31 | Q14: 31.6
A15: 10-02-2023 01:45 | B15: 171.36 | C15: 70.03 | D15: 174.88 | E15: 7.79 | F15: 4.5 | G15: 168.24 | H15: 70.68 | I15: 1.76 | J15: 0.09 | K15: 274.43 | L15: 18.17 | M15: 58.93 | N15: 4.2 | O15: 0 | P15: 3.16 | Q15: 30.69
A16: 10-02-2023 02:00 | B16: 159.06 | C16: 69.91 | D16: 164.95 | E16: 7.45 | F16: 4.51 | G16: 153.11 | H16: 67.92 | I16: 1.72 | J16: 0.17 | K16: 253.89 | L16: 18.24 | M16: 59.72 | N16: 3.9 | O16: 0 | P16: 3.03 | Q16: 29.5
A17: 10-02-2023 02:15 | B17: 152.93 | C17: 67.86 | D17: 158.9 | E17: 8.03 | F17: 4.55 | G17: 153.11 | H17: 67.92 | I17: 1.67 | J17: 0.09 | K17: 285.29 | L17: 17.91 | M17: 62.04 | N17: 4.2 | O17: 0 | P17: 2.89 | Q17: 28.76
A18: 10-02-2023 02:30 | B18: 144.42 | C18: 66.33 | D18: 151.23 | E18: 7.69 | F18: 4.5 | G18: 153.11 | H18: 67.92 | I18: 1.62 | J18: 0.12 | K18: 0.22 | L18: 17.1 | M18: 69.02 | N18: 4.5 | O18: 0 | P18: 2.77 | Q18: 28.1
A19: 10-02-2023 02:45 | B19: 136.97 | C19: 64.65 | D19: 144.33 | E19: 7.59 | F19: 4.5 | G19: 128.55 | H19: 63.29 | I19: 1.57 | J19: 0.03 | K19: 216.17 | L19: 16.75 | M19: 68.14 | N19: 4.4 | O19: 0 | P19: 2.67 | Q19: 27.61
A20: 10-02-2023 03:00 | B20: 129.86 | C20: 63.29 | D20: 137.88 | E20: 7.3 | F20: 4.5 | G20: 99.21 | H20: 57.76 | I20: 1.53 | J20: 0.02 | K20: 27.02 | L20: 16.57 | M20: 69.22 | N20: 4.4 | O20: 0 | P20: 2.56 | Q20: 27.18
... A49: 10-02-2023 10:15 | B49: 20.8 | C49: 68.87 | D49: 52.97 | E49: 6.67 | F49: 11.24 | G49: 64.04 | H49: 33.92 | I49: 0.7 | J49: 0.49 | K49: 2.46 | L49: 31.95 | M49: 25.88 | N49: 507 | O49: 0 | P49: 1.21 | Q49: 7.82
A50: 10-02-2023 10:30 | B50: 54.99 | C50: 15.5 | D50: 52.65 | E50: 6.55 | F50: 20.16 | G50: 64.04 | H50: 33.92 | I50: 0.68 | J50: 0.67 | K50: 19.84 | L50: 32.59 | M50: 23.99 | N50: 523.5 | O50: 0 | P50: 1.13 | Q50: Data F
A51: 10-02-2023 10:45 | B51: 82.65 | C51: 22.47 | D51: 78.68 | E51: 5.76 | F51: 14.43 | G51: 60.58 | H51: 31.28 | I51: 0.6 | J51: 0.18 | K51: 106.91 | L51: 30.92 | M51: 25.44 | N51: 535.4 | O51: 0 | P51: 1.12 | Q51: 14.3
A52: 10-02-2023 11:00 | B52: 94.04 | C52: 25.7 | D52: 89.59 | E52: 4.55 | F52: 8.43 | G52: 56.44 | H52: 28.14 | I52: 0.54 | J52: 0.41 | K52: 1.92 | L52: 32.51 | M52: 23.69 | N52: 549.7 | O52: 0 | P52: 1.12 | Q52: 15.28
A53: 10-02-2023 11:15 | B53: 98.96 | C53: 27 | D53: 94.25 | E53: 4.5 | F53: 8.82 | G53: 56.44 | H53: 28.14 | I53: 0.56 | J53: 0.14 | K53: 62.29 | L53: 33.02 | M53: 22.66 | N53: 573.4 | O53: 0 | P53: 1.12 | Q53: 16.47
A54: 10-02-2023 11:30 | B54: 100.82 | C54: 27.6 | D54: 96.08 | E54: 4.15 | F54: 8.92 | G54: 56.44 | H54: 28.14 | I54: 0.57 | J54: 0.28 | K54: 23.19 | L54: 33.42 | M54: 21.29 | N54: 572.1 | O54: 0 | P54: 1.1 | Q54: 17
A55: 10-02-2023 11:45 | B55: 101.39 | C55: 27.8 | D55: 96.65 | E55: 4.38 | F55: 17.29 | G55: 50.71 | H55: 28.98 | I55: 0.57 | J55: 0.51 | K55: 16.06 | L55: 33.83 | M55: 19.29 | N55: 588.1 | O55: 0 | P55: 1.03 | Q55: 17.33
A56: 10-02-2023 12:00 | B56: 101.78 | C56: 27.73 | D56: 96.92 | E56: 3.87 | F56: 17.11 | G56: 43.87 | H56: 29.99 | I56: 0.57 | J56: 0.17 | K56: 91.43 | L56: 33.01 | M56: 19.96 | N56: 603.6 | O56: 0 | P56: 0.97 | Q56: 17.43
A57: 10-02-2023 12:15 | B57: 101.96 | C57: 27.83 | D57: 97.12 | E57: 5.79 | F57: 13.35 | G57: 43.87 | H57: 29.99 | I57: 0.56 | J57: 0.39 | K57: 4.77 | L57: 34.16 | M57: 19.08 | N57: 599.1 | O57: 0 | P57: 0.95 | Q57: 17.45
A58: 10-02-2023 12:30 | B58: 91.94 | C58: 37.55 | D58: 104.78 | E58: 5.47 | F58: 13.47 | G58: 43.87 | H58: 29.99 | I58: 0.55 | J58: 0.06 | K58: 338.05 | L58: 33.06 | M58: 17.61 | N58: 617 | O58: 0 | P58: 0.92 | Q58: 17.17
A59: 10-02-2023 12:45 | B59: 0.47 | C59: 70.58 | D59: 39.32 | E59: 5.33 | F59: 16.15 | G59: 42.9 | H59: 27.56 | I59: 0 | J59: 0.54 | K59: 348.07 | L59: 35.4 | M59: 16.03 | N59: 603.9 | O59: 0 | P59: 0.94 | Q59: 15.37
A60: 10-02-2023 13:00 | B60: 0.82 | C60: 69.17 | D60: 38.83 | E60: 5.2 | F60: 20.23 | G60: 41.75 | H60: 24.66 | I60: 0.19 | J60: 0.6 | K60: 352.36 | L60: 36.29 | M60: 14.96 | N60: 584.2 | O60: 0 | P60: 0.84 | Q60: 11.77
A61: 10-02-2023 13:15 | B61: 1.7 | C61: 57.68 | D61: 33.2 | E61: 6.23 | F61: 23.91 | G61: 41.75 | H61: 24.66 | I61: 0.57 | J61: 0.97 | K61: 3.82 | L61: 36.89 | M61: 14.64 | N61: 559.9 | O61: 0 | P61: 0.58 | Q61: 2.43
A62: 10-02-2023 13:30 | B62: 2.49 | C62: 61.66 | D62: 36.03 | E62: 5.95 | F62: 14.3 | G62: 41.75 | H62: 24.66 | I62: 0.54 | J62: 0.6 | K62: 6.46 | L62: 36.52 | M62: 13.47 | N62: 532.6 | O62: 0 | P62: 0.63 | Q62: 2.68
... A104: 10-02-2023 24:00 | B104: 101.61 | C104: 134.68 | D104: 155.81 | E104: 5.08 | F104: 4.58 | G104: 120.51 | H104: 51.34 | I104: 1.19 | J104: 0.07 | K104: 315.47 | L104: 20.22 | M104: 41.92 | N104: 4.4 | O104: 0 | P104: 2.28 | Q104: 34.63
A106: Min | B106: =MIN(B9:B104) -> 0.47 | C106: =MIN(C9:C104) -> 15.5 | D106: =MIN(D9:D104) -> 33.2 | E106: =MIN(E9:E104) -> 3.38 | F106: =MIN(F9:F104) -> 4.5 | G106: =MIN(G9:G104) -> 31.92 | H106: =MIN(H9:H104) -> 9.76 | I106: =MIN(I9:I104) -> 0 | ... Q106: =MIN(Q9:Q104) -> 2.43
A107: Max | B107: =MAX(B9:B104) -> 190.69 | C107: =MAX(C9:C104) -> 148.86 | D107: =MAX(D9:D104) -> 192.49 | E107: =MAX(E9:E104) -> 9.02 | F107: =MAX(F9:F104) -> 23.91 | G107: =MAX(G9:G104) -> 246.12 | H107: =MAX(H9:H104) -> 77.87 | I107: =MAX(I9:I104) -> 1.81 | ... Q107: =MAX(Q9:Q104) -> 35.33
A108: Avg | B108: =AVERAGE(B9:B104) -> 71.677708 | C108: =AVERAGE(C9:C104) -> 78.224271 | D108: =AVERAGE(D9:D104) -> 100.24427 | E108: =AVERAGE(E9:E104) -> 5.8978125 | F108: =AVERAGE(F9:F104) -> 7.1710417 | G108: =AVERAGE(G9:G104) -> 92.077396 | H108: =AVERAGE(H9:H104) -> 38.754375 | I108: =AVERAGE(I9:I104) -> 0.92072917 | ... Q108: =AVERAGE(Q9:Q104) -> 22.323579
A109: Stdev | B109: =STDEV(B9:B104) -> 53.147532 | C109: =STDEV(C9:C104) -> 34.711567 | D109: =STDEV(D9:D104) -> 49.89022 | E109: =STDEV(E9:E104) -> 1.1713835 | F109: =STDEV(F9:F104) -> 4.4831717 | G109: =STDEV(G9:G104) -> 56.933273 | H109: =STDEV(H9:H104) -> 17.841645 | I109: =STDEV(I9:I104) -> 0.42145424 | ... Q109: =STDEV(Q9:Q104) -> 8.0299173
A110: Num | B110: =COUNT(B9:B104) -> 96 | C110: =COUNT(C9:C104) -> 96 | D110: =COUNT(D9:D104) -> 96 | E110: =COUNT(E9:E104) -> 96 | F110: =COUNT(F9:F104) -> 96 | G110: =COUNT(G9:G104) -> 96 | H110: =COUNT(H9:H104) -> 96 | I110: =COUNT(I9:I104) -> 96 | ... P110: =COUNT(P9:P104) -> 96 | Q110: =COUNT(Q9:Q104)+1 -> 96
A111: DCR | B111: =IF(B110>=87,">90%",IF(B110<=87,"<90%")) -> >90% | C111: =IF(C110>=87,">90%",IF(C110<=87,"<90%")) -> >90% | D111: =IF(D110>=87,">90%",IF(D110<=87,"<90%")) -> >90% | E111: =IF(E110>=87,">90%",IF(E110<=87,"<90%")) -> >90% | F111: =IF(F110>=87,">90%",IF(F110<=87,"<90%")) -> >90% | G111: =IF(G110>=87,">90%",IF(G110<=87,"<90%")) -> >90% | H111: =IF(H110>=87,">90%",IF(H110<=87,"<90%")) -> >90% | I111: =IF(I110>=87,">90%",IF(I110<=87,"<90%")) -> >90% | ... Q111: =IF(Q110>=87,">90%",IF(Q110<=87,"<90%")) -> >90%
A112: Status | B112: =IF(B110>=87,"OK",IF(B110<=87,"LESS")) -> OK | C112: =IF(C110>=87,"OK",IF(C110<=87,"LESS")) -> OK | D112: =IF(D110>=87,"OK",IF(D110<=87,"LESS")) -> OK | E112: =IF(E110>=87,"OK",IF(E110<=87,"LESS")) -> OK | F112: =IF(F110>=87,"OK",IF(F110<=87,"LESS")) -> OK | G112: =IF(G110>=87,"OK",IF(G110<=87,"LESS")) -> OK | H112: =IF(H110>=87,"OK",IF(H110<=87,"LESS")) -> OK | I112: =IF(I110>=87,"OK",IF(I110<=87,"LESS")) -> OK | ... Q112: =IF(Q110>=87,"OK",IF(Q110<=87,"LESS")) -> OK
A115: Done by | B115: RK
A117: Comment

Sheet 11
A1: Station: | B1: BHATAGAON RAIPUR
A2: Date: | B2: =$A$9 -> 11-02-2023 00:15 | D2: Power Off | G2: Pw.Off | L2: Link Fail | N2: Link F | P2: Maintenance | R2: Maint.
A3: Report Type: | B3: Mean | D3: Calibration | G3: Calib. | L3: Data Fail | N3: Data F | P3: Invalid | R3: Invalid
A4: Time Base: | B4: 15 Min | D4: Zero Referrence | G4: Z.Ref | L4: Warm Up | N4: Wm. Up
A7: Date & Time | B7: NO_BHATAGAON | C7: NO2__BHATAGAON | D7: NOX_BHATAGAON | E7: SO2__BHATAGAON | F7: O3__BHATAGAON | G7: PM10__BHATAGAON | H7: PM2_5__BHATAGAON | I7: BENZ__BHATAGAON | J7: WS__BHATAGAON | K7: WD__BHATAGAON | L7: TEMP__BHATAGAON | M7: HUM__BHATAGAON | N7: SR__BHATAGAON | O7: RG__BHATAGAON | P7: CO__BHATAGAON | Q7: NH3__BHATAGAON
B8: ug/m3 | C8: ug/m3 | D8: ppb | E8: ug/m3 | F8: ug/m3 | G8: ug/m3 | H8: ug/m3 | I8: ug/m3 | J8: m/sec | K8: deg | L8: degreC | M8: % | N8: w/m2 | O8: mm | P8: mg/m3 | Q8: ug/m3
A9: 11-02-2023 00:15 | B9: 96.08 | C9: 131.4 | D9: 149.56 | E9: 6.38 | F9: 4.61 | G9: 120.51 | H9: 51.34 | I9: 1.16 | J9: 0.1 | K9: 317.1 | L9: 19.95 | M9: 44.71 | N9: 4.5 | O9: 0 | P9: 2.22 | Q9: 34.76
A10: 11-02-2023 00:30 | B10: 91.58 | C10: 127.23 | D10: 143.66 | E10: 6.91 | F10: 4.56 | G10: 120.51 | H10: 51.34 | I10: 1.17 | J10: 0.04 | K10: 285.13 | L10: 19.64 | M10: 47.59 | N10: 4.5 | O10: 0 | P10: 2.15 | Q10: 34.63
A11: 11-02-2023 00:45 | B11: 87.45 | C11: 124.51 | D11: 138.84 | E11: 6.61 | F11: 4.53 | G11: 98.34 | H11: 47.19 | I11: 1.16 | J11: 0.11 | K11: 347.15 | L11: 19.4 | M11: 50.91 | N11: 4 | O11: 0 | P11: 2.09 | Q11: 34.48
A12: 11-02-2023 01:00 | B12: 86 | C12: 123.26 | D12: 136.99 | E12: 6.62 | F12: 4.53 | G12: 71.84 | H12: 42.22 | I12: 1.14 | J12: 0.13 | K12: 324.68 | L12: 19.23 | M12: 55.54 | N12: 4.2 | O12: 0 | P12: 2.06 | Q12: 34.31
A13: 11-02-2023 01:15 | B13: 82.03 | C13: 120.5 | D13: 132.29 | E13: 6.73 | F13: 4.52 | G13: 71.84 | H13: 42.22 | I13: 1.13 | J13: 0.13 | K13: 266.34 | L13: 19.83 | M13: 58.5 | N13: 3.1 | O13: 0 | P13: 1.85 | Q13: 34.72
A14: 11-02-2023 01:30 | B14: 78.16 | C14: 117.5 | D14: 127.53 | E14: 6.7 | F14: 4.5 | G14: 71.84 | H14: 42.22 | I14: 1.12 | J14: 0.08 | K14: 298.11 | L14: 20.79 | M14: 57.58 | N14: 3.5 | O14: 0 | P14: 1.89 | Q14: 34.94
A15: 11-02-2023 01:45 | B15: 72.6 | C15: 113.3 | D15: 120.75 | E15: 6.65 | F15: 4.5 | G15: 74.33 | H15: 40.92 | I15: 1.1 | J15: 0.16 | K15: 318.09 | L15: 20.2 | M15: 60.29 | N15: 4 | O15: 0 | P15: 1.81 | Q15: 34.42
A16: 11-02-2023 02:00 | B16: 67.19 | C16: 109.47 | D16: 114.29 | E16: 6.47 | F16: 4.52 | G16: 77.31 | H16: 39.35 | I16: 1.06 | J16: 0.11 | K16: 300.56 | L16: 19.81 | M16: 59.33 | N16: 4.3 | O16: 0 | P16: 1.75 | Q16: 34.17
A17: 11-02-2023 02:15 | B17: 61.76 | C17: 105.93 | D17: 107.98 | E17: 6.13 | F17: 4.5 | G17: 77.31 | H17: 39.35 | I17: 0.93 | J17: 0.11 | K17: 282.58 | L17: 19.31 | M17: 60.65 | N17: 4.3 | O17: 0 | P17: 1.68 | Q17: 34.05
A18: 11-02-2023 02:30 | B18: 56.73 | C18: 102.79 | D18: 102.23 | E18: 6 | F18: 4.5 | G18: 77.31 | H18: 39.35 | I18: 0.97 | J18: 0.16 | K18: 263.75 | L18: 18.93 | M18: 61.44 | N18: 4.2 | O18: 0 | P18: 1.61 | Q18: 33.74
A19: 11-02-2023 02:45 | B19: 52.37 | C19: 100.54 | D19: 97.48 | E19: 6.16 | F19: 4.5 | G19: 62.24 | H19: 35.81 | I19: 0.94 | J19: 0.11 | K19: 342.28 | L19: 18.6 | M19: 59.52 | N19: 4.4 | O19: 0 | P19: 1.55 | Q19: 33.38
A20: 11-02-2023 03:00 | B20: 45.52 | C20: 96.14 | D20: 89.57 | E20: 5.92 | F20: 4.57 | G20: 44.22 | H20: 31.57 | I20: 0.85 | J20: 0.17 | K20: 328.23 | L20: 18.83 | M20: 49.36 | N20: 3.9 | O20: 0 | P20: 1.47 | Q20: 32.49
A21: 11-02-2023 03:15 | B21: 44.23 | C21: 95.78 | D21: 88.33 | E21: 5.94 | F21: 4.5 | G21: 44.22 | H21: 31.57 | I21: 0.81 | J21: 0.05 | K21: 61.32 | L21: 18.78 | M21: 49.38 | N21: 4.6 | O21: 0 | P21: 1.41 | Q21: 32.08
A22: 11-02-2023 03:30 | B22: 42.05 | C22: 94.87 | D22: 86.08 | E22: 6.32 | F22: 4.51 | G22: 44.22 | H22: 31.57 | I22: 0.79 | J22: Data F | K22: 317.87 | L22: 18.26 | M22: 53.65 | N22: 4.4 | O22: 0 | P22: 1.36 | Q22: 31.89
A23: 11-02-2023 03:45 | B23: 39.51 | C23: 93.5 | D23: 83.28 | E23: 6.29 | F23: 4.5 | G23: 52.4 | H23: 30.14 | I23: 0.78 | J23: 0.01 | K23: 129.07 | L23: 17.8 | M23: 56.09 | N23: 4.5 | O23: 0 | P23: 1.3 | Q23: 31.65
A24: 11-02-2023 04:00 | B24: 37.83 | C24: 92.35 | D24: 81.3 | E24: 3.82 | F24: 4.5 | G24: 62.18 | H24: 28.44 | I24: 0.78 | J24: 0.09 | K24: 341.35 | L24: 17.7 | M24: 56.19 | N24: 4.3 | O24: 0 | P24: 1.26 | Q24: 31.28
A25: 11-02-2023 04:15 | B25: 36.19 | C25: 91.3 | D25: 79.41 | E25: 5.77 | F25: 4.55 | G25: 62.18 | H25: 28.44 | I25: 0.77 | J25: 0.02 | K25: 288.65 | L25: 17.83 | M25: 55.22 | N25: 4.1 | O25: 0 | P25: 1.23 | Q25: 31.14
A26: 11-02-2023 04:30 | B26: 33.94 | C26: 89.34 | D26: 76.52 | E26: 5.84 | F26: 4.51 | G26: 62.18 | H26: 28.44 | I26: 0.77 | J26: 0.09 | K26: 280.93 | L26: 18.46 | M26: 55.46 | N26: 3.7 | O26: 0 | P26: 1.18 | Q26: 30.96
A27: 11-02-2023 04:45 | B27: 32.34 | C27: 88.41 | D27: 74.73 | E27: 5.86 | F27: 4.51 | G27: 59.39 | H27: 28.6 | I27: 0.76 | J27: 0.23 | K27: 207.83 | L27: 19.01 | M27: 55.08 | N27: 3.1 | O27: 0 | P27: 1.14 | Q27: 31.05
A28: 11-02-2023 05:00 | B28: 30.71 | C28: 87.53 | D28: 72.93 | E28: 5.95 | F28: 4.5 | G28: 56.04 | H28: 28.79 | I28: 0.75 | J28: 0.16 | K28: 254.07 | L28: 18.93 | M28: 55.57 | N28: 4 | O28: 0 | P28: 1.1 | Q28: 31.62
A29: 11-02-2023 05:15 | B29: 29.15 | C29: 86.84 | D29: 71.3 | E29: 5.63 | F29: 4.5 | G29: 56.04 | H29: 28.79 | I29: 0.74 | J29: 0.09 | K29: 255.15 | L29: 18.56 | M29: 56.07 | N29: 4.1 | O29: 0 | P29: 1.07 | Q29: 31.59
A30: 11-02-2023 05:30 | B30: 27.81 | C30: 86.16 | D30: 69.85 | E30: 5.41 | F30: 4.5 | G30: 56.04 | H30: 28.79 | I30: 0.73 | J30: 0.31 | K30: 196.02 | L30: 18.22 | M30: 58.7 | N30: 3.7 | O30: 0 | P30: 1.04 | Q30: 31.56
A31: 11-02-2023 05:45 | B31: 26.19 | C31: 85.2 | D31: 68.02 | E31: 5.58 | F31: 4.56 | G31: 58.06 | H31: 27 | I31: 0.71 | J31: 0.19 | K31: 223.84 | L31: 18.22 | M31: 59.69 | N31: 4.1 | O31: 0 | P31: 1.01 | Q31: 31.34
A32: 11-02-2023 06:00 | B32: 24.49 | C32: 84.05 | D32: 66.02 | E32: 5.71 | F32: 4.59 | G32: 60.47 | H32: 24.86 | I32: 0.7 | J32: 0.15 | K32: 195.93 | L32: 17.82 | M32: 60.67 | N32: 4.2 | O32: 0 | P32: 0.99 | Q32: 31.34
A33: 11-02-2023 06:15 | B33: 23.16 | C33: 83.32 | D33: 64.55 | E33: 5.86 | F33: 4.5 | G33: 60.47 | H33: 24.86 | I33: 0.69 | J33: 0.12 | K33: 333.59 | L33: 17.63 | M33: 61.03 | N33: 4.4 | O33: 0 | P33: 0.98 | Q33: 31.39
A34: 11-02-2023 06:30 | B34: 23.06 | C34: 83.45 | D34: 64.55 | E34: 5.26 | F34: 4.5 | G34: 60.47 | H34: 24.86 | I34: 0.68 | J34: 0.19 | K34: 327.89 | L34: 17.14 | M34: 63.42 | N34: 5.9 | O34: 0 | P34: 0.98 | Q34: 30.84
... A104: 11-02-2023 24:00 | B104: 17.14 | C104: 92.05 | D104: 64.55 | E104: 4.87 | F104: 4.5 | G104: 56.03 | H104: 22.99 | I104: 0.72 | J104: 0.42 | K104: 24.93 | L104: 22.65 | M104: 37.41 | N104: 4.3 | O104: 0 | P104: 1.22 | Q104: 29.42
A106: Min | B106: =MIN(B9:B104) -> 0.97 | C106: =MIN(C9:C104) -> 62.24 | D106: =MIN(D9:D104) -> 35.27 | E106: =MIN(E9:E104) -> 3.82 | F106: =MIN(F9:F104) -> 4.5 | G106: =MIN(G9:G104) -> 33.84 | H106: =MIN(H9:H104) -> 17.38 | I106: =MIN(I9:I104) -> 0.5 | ... Q106: =MIN(Q9:Q104) -> 19.35
A107: Max | B107: =MAX(B9:B104) -> 96.08 | C107: =MAX(C9:C104) -> 131.4 | D107: =MAX(D9:D104) -> 149.56 | E107: =MAX(E9:E104) -> 16.07 | F107: =MAX(F9:F104) -> 13.34 | G107: =MAX(G9:G104) -> 120.51 | H107: =MAX(H9:H104) -> 51.34 | I107: =MAX(I9:I104) -> 1.17 | ... Q107: =MAX(Q9:Q104) -> 34.94
A108: Avg | B108: =AVERAGE(B9:B104) -> 22.711458 | C108: =AVERAGE(C9:C104) -> 88.910417 | D108: =AVERAGE(D9:D104) -> 67.280729 | E108: =AVERAGE(E9:E104) -> 7.0992708 | F108: =AVERAGE(F9:F104) -> 6.0761458 | G108: =AVERAGE(G9:G104) -> 59.014896 | H108: =AVERAGE(H9:H104) -> 27.335313 | I108: =AVERAGE(I9:I104) -> 0.69125 | ... Q108: =AVERAGE(Q9:Q104) -> 27.728125
A109: Stdev | B109: =STDEV(B9:B104) -> 22.815663 | C109: =STDEV(C9:C104) -> 14.936537 | D109: =STDEV(D9:D104) -> 25.616102 | E109: =STDEV(E9:E104) -> 2.0654732 | F109: =STDEV(F9:F104) -> 1.9984959 | G109: =STDEV(G9:G104) -> 17.213925 | H109: =STDEV(H9:H104) -> 6.6775828 | I109: =STDEV(I9:I104) -> 0.16389502 | ... Q109: =STDEV(Q9:Q104) -> 4.7421726
A110: Num | B110: =COUNT(B9:B104) -> 96 | C110: =COUNT(C9:C104) -> 96 | D110: =COUNT(D9:D104) -> 96 | E110: =COUNT(E9:E104) -> 96 | F110: =COUNT(F9:F104) -> 96 | G110: =COUNT(G9:G104) -> 96 | H110: =COUNT(H9:H104) -> 96 | I110: =COUNT(I9:I104) -> 96 | J110: =COUNT(J9:J104)+1 -> 96 | K110: =COUNT(K9:K104) -> 96 | L110: =COUNT(L9:L104) -> 96 | M110: =COUNT(M9:M104) -> 96 | N110: =COUNT(N9:N104) -> 96 | O110: =COUNT(O9:O104) -> 96 | P110: =COUNT(P9:P104) -> 96 | Q110: =COUNT(Q9:Q104) -> 96
A111: DCR | B111: =IF(B110>=87,">90%",IF(B110<=87,"<90%")) -> >90% | C111: =IF(C110>=87,">90%",IF(C110<=87,"<90%")) -> >90% | D111: =IF(D110>=87,">90%",IF(D110<=87,"<90%")) -> >90% | E111: =IF(E110>=87,">90%",IF(E110<=87,"<90%")) -> >90% | F111: =IF(F110>=87,">90%",IF(F110<=87,"<90%")) -> >90% | G111: =IF(G110>=87,">90%",IF(G110<=87,"<90%")) -> >90% | H111: =IF(H110>=87,">90%",IF(H110<=87,"<90%")) -> >90% | I111: =IF(I110>=87,">90%",IF(I110<=87,"<90%")) -> >90% | ... Q111: =IF(Q110>=87,">90%",IF(Q110<=87,"<90%")) -> >90%
A112: Status | B112: =IF(B110>=87,"OK",IF(B110<=87,"LESS")) -> OK | C112: =IF(C110>=87,"OK",IF(C110<=87,"LESS")) -> OK | D112: =IF(D110>=87,"OK",IF(D110<=87,"LESS")) -> OK | E112: =IF(E110>=87,"OK",IF(E110<=87,"LESS")) -> OK | F112: =IF(F110>=87,"OK",IF(F110<=87,"LESS")) -> OK | G112: =IF(G110>=87,"OK",IF(G110<=87,"LESS")) -> OK | H112: =IF(H110>=87,"OK",IF(H110<=87,"LESS")) -> OK | I112: =IF(I110>=87,"OK",IF(I110<=87,"LESS")) -> OK | ... Q112: =IF(Q110>=87,"OK",IF(Q110<=87,"LESS")) -> OK
A115: Done by | B115: RK
A117: Comment

Sheet 12
A1: Station: | B1: BHATAGAON RAIPUR
A2: Date: | B2: =$A$9 -> 12-02-2023 00:15 | D2: Power Off | G2: Pw.Off | L2: Link Fail | N2: Link F | P2: Maintenance | R2: Maint.
A3: Report Type: | B3: Mean | D3: Calibration | G3: Calib. | L3: Data Fail | N3: Data F | P3: Invalid | R3: Invalid
A4: Time Base: | B4: 15 Min | D4: Zero Referrence | G4: Z.Ref | L4: Warm Up | N4: Wm. Up
A7: Date & Time | B7: NO_BHATAGAON | C7: NO2__BHATAGAON | D7: NOX_BHATAGAON | E7: SO2__BHATAGAON | F7: O3__BHATAGAON | G7: PM10__BHATAGAON | H7: PM2_5__BHATAGAON | I7: BENZ__BHATAGAON | J7: WS__BHATAGAON | K7: WD__BHATAGAON | L7: TEMP__BHATAGAON | M7: HUM__BHATAGAON | N7: SR__BHATAGAON | O7: RG__BHATAGAON | P7: CO__BHATAGAON | Q7: NH3__BHATAGAON
B8: ug/m3 | C8: ug/m3 | D8: ppb | E8: ug/m3 | F8: ug/m3 | G8: ug/m3 | H8: ug/m3 | I8: ug/m3 | J8: m/sec | K8: deg | L8: degreC | M8: % | N8: w/m2 | O8: mm | P8: mg/m3 | Q8: ug/m3
A9: 12-02-2023 00:15 | B9: 16.79 | C9: 91.71 | D9: 64.08 | E9: 8.11 | F9: 4.68 | G9: 56.03 | H9: 22.99 | I9: 0.67 | J9: 0.39 | K9: 16.61 | L9: 22.4 | M9: 38.64 | N9: 4.3 | O9: 0 | P9: 1.22 | Q9: 29.7
A10: 12-02-2023 00:30 | B10: 14.43 | C10: 85.26 | D10: 58.62 | E10: 9.18 | F10: 5.7 | G10: 56.03 | H10: 22.99 | I10: 0.67 | J10: 0.62 | K10: 25.68 | L10: 22.39 | M10: 37.99 | N10: 3.7 | O10: 0 | P10: 1.17 | Q10: 29.2
A11: 12-02-2023 00:45 | B11: 14.7 | C11: 86.59 | D11: 59.58 | E11: 9.44 | F11: 5.36 | G11: 58.6 | H11: 23.77 | I11: 0.66 | J11: 0.61 | K11: 12.9 | L11: 22.44 | M11: 36.77 | N11: 3.8 | O11: 0 | P11: 1.14 | Q11: 28.81
A12: 12-02-2023 01:00 | B12: 14.58 | C12: 85.91 | D12: 59.11 | E12: 8.97 | F12: 5.42 | G12: 61.68 | H12: 24.71 | I12: 0.66 | J12: 0.67 | K12: 18.02 | L12: 22.42 | M12: 36.85 | N12: 3.8 | O12: 0 | P12: 1.13 | Q12: 28.64
A13: 12-02-2023 01:15 | B13: 14.3 | C13: 86.25 | D13: 59.07 | E13: 8.25 | F13: 5.08 | G13: 61.68 | H13: 24.71 | I13: 0.65 | J13: 0.07 | K13: 26.37 | L13: 21.92 | M13: 38.63 | N13: 4.9 | O13: 0 | P13: 1.08 | Q13: 28.75
A14: 12-02-2023 01:30 | B14: 14.04 | C14: 85.61 | D14: 58.51 | E14: 7.82 | F14: 4.63 | G14: 61.68 | H14: 24.71 | I14: 0.69 | J14: 0.36 | K14: 350.67 | L14: 21.27 | M14: 40.85 | N14: 3.9 | O14: 0 | P14: 1.1 | Q14: 28.97
A15: 12-02-2023 01:45 | B15: 14.17 | C15: 85.9 | D15: 58.78 | E15: 7.53 | F15: 4.55 | G15: 62.44 | H15: 26.18 | I15: 0.65 | J15: 0.66 | K15: 358.68 | L15: 21.13 | M15: 40.84 | N15: 3.2 | O15: 0 | P15: 1.08 | Q15: 29.18
A16: 12-02-2023 02:00 | B16: 13.8 | C16: 85.1 | D16: 58.03 | E16: 7.65 | F16: 4.71 | G16: 63.39 | H16: 27.94 | I16: 0.66 | J16: 0.57 | K16: 6.98 | L16: 21.18 | M16: 40.54 | N16: 4 | O16: 0 | P16: 1.07 | Q16: 29.12
A17: 12-02-2023 02:15 | B17: 13.32 | C17: 84.28 | D17: 57.19 | E17: 7.63 | F17: 4.7 | G17: 63.39 | H17: 27.94 | I17: 0.69 | J17: 0.55 | K17: 341.35 | L17: 20.9 | M17: 41.65 | N17: 4 | O17: 0 | P17: 1.05 | Q17: 29.53
A18: 12-02-2023 02:30 | B18: 12.45 | C18: 83.24 | D18: 55.93 | E18: 7.1 | F18: 4.73 | G18: 63.39 | H18: 27.94 | I18: 0.7 | J18: 0.46 | K18: 351.1 | L18: 20.73 | M18: 41.56 | N18: 4.1 | O18: 0 | P18: 1.01 | Q18: 30.09
A19: 12-02-2023 02:45 | B19: 11.58 | C19: 82.27 | D19: 54.69 | E19: 7.18 | F19: 4.73 | G19: 63.46 | H19: 28.76 | I19: 0.66 | J19: 0.51 | K19: 352.26 | L19: 20.5 | M19: 42.65 | N19: 4 | O19: 0 | P19: 0.98 | Q19: 30.04
A20: 12-02-2023 03:00 | B20: 10.64 | C20: 81.22 | D20: 53.36 | E20: 7 | F20: 4.72 | G20: 63.55 | H20: 29.73 | I20: 0.67 | J20: 0.38 | K20: 347.33 | L20: 20.13 | M20: 45.27 | N20: 4.4 | O20: 0 | P20: 0.94 | Q20: 29.96
... A104: 12-02-2023 24:00 | B104: 35.16 | C104: 99.32 | D104: 83.01 | E104: 6.28 | F104: 4.71 | G104: 100.68 | H104: 42.74 | I104: 0.79 | J104: 0.53 | K104: 15.71 | L104: 20.86 | M104: 33.25 | N104: 4 | O104: 0 | P104: 1.97 | Q104: 29.3
A106: Min | B106: =MIN(B9:B104) -> 1.8 | C106: =MIN(C9:C104) -> 64.41 | D106: =MIN(D9:D104) -> 38.01 | E106: =MIN(E9:E104) -> 4.84 | F106: =MIN(F9:F104) -> 4.5 | G106: =MIN(G9:G104) -> 47.22 | H106: =MIN(H9:H104) -> 19.55 | I106: =MIN(I9:I104) -> 0.53 | ... Q106: =MIN(Q9:Q104) -> 20.74
A107: Max | B107: =MAX(B9:B104) -> 54.91 | C107: =MAX(C9:C104) -> 115.12 | D107: =MAX(D9:D104) -> 107.56 | E107: =MAX(E9:E104) -> 17.72 | F107: =MAX(F9:F104) -> 13.11 | G107: =MAX(G9:G104) -> 177.32 | H107: =MAX(H9:H104) -> 46.54 | I107: =MAX(I9:I104) -> 1.01 | ... Q107: =MAX(Q9:Q104) -> 31.54
A108: Avg | B108: =AVERAGE(B9:B104) -> 17.657917 | C108: =AVERAGE(C9:C104) -> 87.497396 | D108: =AVERAGE(D9:D104) -> 62.448438 | E108: =AVERAGE(E9:E104) -> 8.0983333 | F108: =AVERAGE(F9:F104) -> 5.8427083 | G108: =AVERAGE(G9:G104) -> 76.761875 | H108: =AVERAGE(H9:H104) -> 30.216458 | I108: =AVERAGE(I9:I104) -> 0.65229167 | ... Q108: =AVERAGE(Q9:Q104) -> 27.274167
A109: Stdev | B109: =STDEV(B9:B104) -> 14.696261 | C109: =STDEV(C9:C104) -> 12.66365 | D109: =STDEV(D9:D104) -> 18.571397 | E109: =STDEV(E9:E104) -> 2.2082614 | F109: =STDEV(F9:F104) -> 1.9478352 | G109: =STDEV(G9:G104) -> 32.474822 | H109: =STDEV(H9:H104) -> 7.8008178 | I109: =STDEV(I9:I104) -> 0.11569906 | ... Q109: =STDEV(Q9:Q104) -> 3.1375034
A110: Num | B110: =COUNT(B9:B104) -> 96 | C110: =COUNT(C9:C104) -> 96 | D110: =COUNT(D9:D104) -> 96 | E110: =COUNT(E9:E104) -> 96 | F110: =COUNT(F9:F104) -> 96 | G110: =COUNT(G9:G104) -> 96 | H110: =COUNT(H9:H104) -> 96 | I110: =COUNT(I9:I104) -> 96 | ... Q110: =COUNT(Q9:Q104) -> 96
A111: DCR | B111: =IF(B110>=87,">90%",IF(B110<=87,"<90%")) -> >90% | C111: =IF(C110>=87,">90%",IF(C110<=87,"<90%")) -> >90% | D111: =IF(D110>=87,">90%",IF(D110<=87,"<90%")) -> >90% | E111: =IF(E110>=87,">90%",IF(E110<=87,"<90%")) -> >90% | F111: =IF(F110>=87,">90%",IF(F110<=87,"<90%")) -> >90% | G111: =IF(G110>=87,">90%",IF(G110<=87,"<90%")) -> >90% | H111: =IF(H110>=87,">90%",IF(H110<=87,"<90%")) -> >90% | I111: =IF(I110>=87,">90%",IF(I110<=87,"<90%")) -> >90% | ... Q111: =IF(Q110>=87,">90%",IF(Q110<=87,"<90%")) -> >90%
A112: Status | B112: =IF(B110>=87,"OK",IF(B110<=87,"LESS")) -> OK | C112: =IF(C110>=87,"OK",IF(C110<=87,"LESS")) -> OK | D112: =IF(D110>=87,"OK",IF(D110<=87,"LESS")) -> OK | E112: =IF(E110>=87,"OK",IF(E110<=87,"LESS")) -> OK | F112: =IF(F110>=87,"OK",IF(F110<=87,"LESS")) -> OK | G112: =IF(G110>=87,"OK",IF(G110<=87,"LESS")) -> OK | H112: =IF(H110>=87,"OK",IF(H110<=87,"LESS")) -> OK | I112: =IF(I110>=87,"OK",IF(I110<=87,"LESS")) -> OK | ... Q112: =IF(Q110>=87,"OK",IF(Q110<=87,"LESS")) -> OK
A115: Done by | B115: RK
A117: Comment

Sheet 13
A1: Station: | B1: BHATAGAON RAIPUR
A2: Date: | B2: =$A$9 -> 13-02-2023 00:15 | D2: Power Off | G2: Pw.Off | L2: Link Fail | N2: Link F | P2: Maintenance | R2: Maint.
A3: Report Type: | B3: Mean | D3: Calibration | G3: Calib. | L3: Data Fail | N3: Data F | P3: Invalid | R3: Invalid
A4: Time Base: | B4: 15 Min | D4: Zero Referrence | G4: Z.Ref | L4: Warm Up | N4: Wm. Up
A7: Date & Time | B7: NO_BHATAGAON | C7: NO2__BHATAGAON | D7: NOX_BHATAGAON | E7: SO2__BHATAGAON | F7: O3__BHATAGAON | G7: PM10__BHATAGAON | H7: PM2_5__BHATAGAON | I7: BENZ__BHATAGAON | J7: WS__BHATAGAON | K7: WD__BHATAGAON | L7: TEMP__BHATAGAON | M7: HUM__BHATAGAON | N7: SR__BHATAGAON | O7: RG__BHATAGAON | P7: CO__BHATAGAON | Q7: NH3__BHATAGAON
B8: ug/m3 | C8: ug/m3 | D8: ppb | E8: ug/m3 | F8: ug/m3 | G8: ug/m3 | H8: ug/m3 | I8: ug/m3 | J8: m/sec | K8: deg | L8: degreC | M8: % | N8: w/m2 | O8: mm | P8: mg/m3 | Q8: ug/m3
A9: 13-02-2023 00:15 | B9: 34.13 | C9: 98.74 | D9: 81.87 | E9: 10.6 | F9: 4.65 | G9: 100.68 | H9: 42.74 | I9: 0.77 | J9: 0.32 | K9: 6.32 | L9: 20.38 | M9: 37.35 | N9: 4.3 | O9: 0 | P9: 1.91 | Q9: 29.59
A10: 13-02-2023 00:30 | B10: 33.34 | C10: 97.86 | D10: 80.74 | E10: 10.93 | F10: 4.69 | G10: 100.68 | H10: 42.74 | I10: 0.76 | J10: 0.23 | K10: 29.17 | L10: 20.03 | M10: 39.05 | N10: 4.4 | O10: 0 | P10: 1.85 | Q10: 29.58
A11: 13-02-2023 00:45 | B11: 32.39 | C11: 97.05 | D11: 79.54 | E11: 10.8 | F11: 4.68 | G11: 115.22 | H11: 43.86 | I11: 0.75 | J11: 0.06 | K11: 70.95 | L11: 19.56 | M11: 40.54 | N11: 4.6 | O11: 0 | P11: 1.79 | Q11: 29.47
A12: 13-02-2023 01:00 | B12: 31.6 | C12: 96.35 | D12: 78.51 | E12: 10.91 | F12: 4.55 | G12: 132.59 | H12: 45.2 | I12: 0.77 | J12: 0.15 | K12: 8.14 | L12: 19.16 | M12: 43.13 | N12: 4.3 | O12: 0 | P12: 1.74 | Q12: 29.54
A13: 13-02-2023 01:15 | B13: 31.26 | C13: 95.85 | D13: 77.97 | E13: 10.36 | F13: 4.61 | G13: 132.59 | H13: 45.2 | I13: 0.72 | J13: 0.11 | K13: 318.08 | L13: 18.66 | M13: 46.66 | N13: 4.4 | O13: 0 | P13: 1.64 | Q13: 29.71
A14: 13-02-2023 01:30 | B14: 30.08 | C14: 94 | D14: 76 | E14: 9.77 | F14: 4.52 | G14: 132.59 | H14: 45.2 | I14: 0.71 | J14: 0.24 | K14: 357.91 | L14: 18.37 | M14: 47.77 | N14: 3.7 | O14: 0 | P14: 1.66 | Q14: 29.37
A15: 13-02-2023 01:45 | B15: 28.69 | C15: 92.84 | D15: 74.24 | E15: 9.38 | F15: 4.53 | G15: 131.07 | H15: 46.68 | I15: 0.69 | J15: 0.26 | K15: 14.16 | L15: 18.67 | M15: 43.54 | N15: 3.8 | O15: 0 | P15: 1.61 | Q15: 28.86
A16: 13-02-2023 02:00 | B16: 27.81 | C16: 91.83 | D16: 72.98 | E16: 8.73 | F16: 4.51 | G16: 129.25 | H16: 48.46 | I16: 0.69 | J16: 0.03 | K16: 266.94 | L16: 18.27 | M16: 46.68 | N16: 4.4 | O16: 0 | P16: 1.57 | Q16: 28.67
A17: 13-02-2023 02:15 | B17: 26.6 | C17: 90.41 | D17: 71.23 | E17: 8.05 | F17: 4.59 | G17: 129.25 | H17: 48.46 | I17: 0.69 | J17: 0.31 | K17: 5.14 | L17: 18.02 | M17: 47.38 | N17: 3.7 | O17: 0 | P17: 1.53 | Q17: 28.48
A18: 13-02-2023 02:30 | B18: 25.65 | C18: 89.27 | D18: 69.83 | E18: 8.83 | F18: 4.54 | G18: 129.25 | H18: 48.46 | I18: 0.7 | J18: 0.52 | K18: 12.81 | L18: 17.98 | M18: 44.63 | N18: 3.4 | O18: 0 | P18: 1.49 | Q18: 28.42
A19: 13-02-2023 02:45 | B19: 24.56 | C19: 87.97 | D19: 68.24 | E19: 8.04 | F19: 4.75 | G19: 123.32 | H19: 48.57 | I19: 0.7 | J19: 0.22 | K19: 6.08 | L19: 17.91 | M19: 39.67 | N19: 4.1 | O19: 0 | P19: 1.45 | Q19: 28.23
A20: 13-02-2023 03:00 | B20: 23.04 | C20: 86.68 | D20: 66.31 | E20: 8.29 | F20: 4.7 | G20: 115.9 | H20: 48.69 | I20: 0.7 | J20: 0.19 | K20: 15.91 | L20: 17.76 | M20: 37.45 | N20: 4.2 | O20: 0 | P20: 1.39 | Q20: 28.08
... A104: 13-02-2023 24:00 | B104: 17.42 | C104: 92.37 | D104: 64.95 | E104: 4.83 | F104: 4.6 | G104: 57.25 | H104: 20.91 | I104: 0.65 | J104: 0.71 | K104: 13.74 | L104: 18.53 | M104: 34.93 | N104: 3.4 | O104: 0 | P104: 0.99 | Q104: 26.82
A106: Min | B106: =MIN(B9:B104) -> 2.14 | C106: =MIN(C9:C104) -> 66.33 | D106: =MIN(D9:D104) -> 39.17 | E106: =MIN(E9:E104) -> 4.53 | F106: =MIN(F9:F104) -> 4.51 | G106: =MIN(G9:G104) -> 26.9 | H106: =MIN(H9:H104) -> 14.54 | I106: =MIN(I9:I104) -> 0.52 | ... Q106: =MIN(Q9:Q104) -> 19.98
A107: Max | B107: =MAX(B9:B104) -> 34.13 | C107: =MAX(C9:C104) -> 100.77 | D107: =MAX(D9:D104) -> 81.87 | E107: =MAX(E9:E104) -> 10.93 | F107: =MAX(F9:F104) -> 8.56 | G107: =MAX(G9:G104) -> 132.59 | H107: =MAX(H9:H104) -> 55.53 | I107: =MAX(I9:I104) -> 0.77 | ... Q107: =MAX(Q9:Q104) -> 29.71
A108: Avg | B108: =AVERAGE(B9:B104) -> 15.359062 | C108: =AVERAGE(C9:C104) -> 83.061458 | D108: =AVERAGE(D9:D104) -> 58.156042 | E108: =AVERAGE(E9:E104) -> 7.0734375 | F108: =AVERAGE(F9:F104) -> 5.2985417 | G108: =AVERAGE(G9:G104) -> 65.750833 | H108: =AVERAGE(H9:H104) -> 30.927292 | I108: =AVERAGE(I9:I104) -> 0.62333333 | ... Q108: =AVERAGE(Q9:Q104) -> 25.073646
A109: Stdev | B109: =STDEV(B9:B104) -> 9.4778364 | C109: =STDEV(C9:C104) -> 9.5863999 | D109: =STDEV(D9:D104) -> 12.56193 | E109: =STDEV(E9:E104) -> 1.358812 | F109: =STDEV(F9:F104) -> 0.98168489 | G109: =STDEV(G9:G104) -> 31.790653 | H109: =STDEV(H9:H104) -> 13.750111 | I109: =STDEV(I9:I104) -> 0.068972407 | ... Q109: =STDEV(Q9:Q104) -> 3.128508
A110: Num | B110: =COUNT(B9:B104) -> 96 | C110: =COUNT(C9:C104) -> 96 | D110: =COUNT(D9:D104) -> 96 | E110: =COUNT(E9:E104) -> 96 | F110: =COUNT(F9:F104) -> 96 | G110: =COUNT(G9:G104) -> 96 | H110: =COUNT(H9:H104) -> 96 | I110: =COUNT(I9:I104) -> 96 | ... Q110: =COUNT(Q9:Q104) -> 96
A111: DCR | B111: =IF(B110>=87,">90%",IF(B110<=87,"<90%")) -> >90% | C111: =IF(C110>=87,">90%",IF(C110<=87,"<90%")) -> >90% | D111: =IF(D110>=87,">90%",IF(D110<=87,"<90%")) -> >90% | E111: =IF(E110>=87,">90%",IF(E110<=87,"<90%")) -> >90% | F111: =IF(F110>=87,">90%",IF(F110<=87,"<90%")) -> >90% | G111: =IF(G110>=87,">90%",IF(G110<=87,"<90%")) -> >90% | H111: =IF(H110>=87,">90%",IF(H110<=87,"<90%")) -> >90% | I111: =IF(I110>=87,">90%",IF(I110<=87,"<90%")) -> >90% | ... Q111: =IF(Q110>=87,">90%",IF(Q110<=87,"<90%")) -> >90%
A112: Status | B112: =IF(B110>=87,"OK",IF(B110<=87,"LESS")) -> OK | C112: =IF(C110>=87,"OK",IF(C110<=87,"LESS")) -> OK | D112: =IF(D110>=87,"OK",IF(D110<=87,"LESS")) -> OK | E112: =IF(E110>=87,"OK",IF(E110<=87,"LESS")) -> OK | F112: =IF(F110>=87,"OK",IF(F110<=87,"LESS")) -> OK | G112: =IF(G110>=87,"OK",IF(G110<=87,"LESS")) -> OK | H112: =IF(H110>=87,"OK",IF(H110<=87,"LESS")) -> OK | I112: =IF(I110>=87,"OK",IF(I110<=87,"LESS")) -> OK | ... Q112: =IF(Q110>=87,"OK",IF(Q110<=87,"LESS")) -> OK
A115: Done by | B115: rahul
A117: Comment

Sheet 14
A1: Station: | B1: BHATAGAON RAIPUR
A2: Date: | B2: =$A$9 -> 14-02-2023 00:15 | D2: Power Off | G2: Pw.Off | L2: Link Fail | N2: Link F | P2: Maintenance | R2: Maint.
A3: Report Type: | B3: Mean | D3: Calibration | G3: Calib. | L3: Data Fail | N3: Data F | P3: Invalid | R3: Invalid
A4: Time Base: | B4: 15 Min | D4: Zero Referrence | G4: Z.Ref | L4: Warm Up | N4: Wm. Up
A7: Date & Time | B7: NO_BHATAGAON | C7: NO2__BHATAGAON | D7: NOX_BHATAGAON | E7: SO2__BHATAGAON | F7: O3__BHATAGAON | G7: PM10__BHATAGAON | H7: PM2_5__BHATAGAON | I7: BENZ__BHATAGAON | J7: WS__BHATAGAON | K7: WD__BHATAGAON | L7: TEMP__BHATAGAON | M7: HUM__BHATAGAON | N7: SR__BHATAGAON | O7: RG__BHATAGAON | P7: CO__BHATAGAON | Q7: NH3__BHATAGAON
B8: ug/m3 | C8: ug/m3 | D8: ppb | E8: ug/m3 | F8: ug/m3 | G8: ug/m3 | H8: ug/m3 | I8: ug/m3 | J8: m/sec | K8: deg | L8: degreC | M8: % | N8: w/m2 | O8: mm | P8: mg/m3 | Q8: ug/m3
A9: 14-02-2023 00:15 | B9: 16.33 | C9: 90.56 | D9: 63.07 | E9: 6.2 | F9: 4.58 | G9: 57.25 | H9: 20.91 | I9: 0.64 | J9: 0.73 | K9: 16.06 | L9: 18.31 | M9: 33.82 | N9: 3.5 | O9: 0 | P9: 0.96 | Q9: 26.79
A10: 14-02-2023 00:30 | B10: 15.02 | C10: 88.55 | D10: 60.91 | E10: 5.81 | F10: 4.67 | G10: 57.25 | H10: 20.91 | I10: 0.64 | J10: 0.55 | K10: 356.47 | L10: 18.13 | M10: 33.61 | N10: 3.9 | O10: 0 | P10: 0.93 | Q10: 26.63
A11: 14-02-2023 00:45 | B11: 13.72 | C11: 86.84 | D11: 58.93 | E11: 6.22 | F11: 4.62 | G11: 54.05 | H11: 18.82 | I11: 0.67 | J11: 0.16 | K11: 332.95 | L11: 17.86 | M11: 33.93 | N11: 4.6 | O11: 0 | P11: 0.9 | Q11: 26.36
A12: 14-02-2023 01:00 | B12: 12.28 | C12: 84.98 | D12: 56.74 | E12: 6.89 | F12: 4.79 | G12: 50.21 | H12: 16.32 | I12: 0.66 | J12: 0.13 | K12: 324.71 | L12: 17.61 | M12: 35.14 | N12: 4.3 | O12: 0 | P12: 0.86 | Q12: 26.96
A13: 14-02-2023 01:15 | B13: 10.62 | C13: 83.01 | D13: 54.33 | E13: 7.44 | F13: 4.8 | G13: 50.21 | H13: 16.32 | I13: 0.63 | J13: 0.17 | K13: 329.6 | L13: 17.28 | M13: 37.03 | N13: 4.1 | O13: 0 | P13: 0.82 | Q13: 27.04
A14: 14-02-2023 01:30 | B14: 9.21 | C14: 81.2 | D14: 52.2 | E14: 8.72 | F14: 4.84 | G14: 50.21 | H14: 16.32 | I14: 0.63 | J14: 0.36 | K14: 337.75 | L14: 16.88 | M14: 38.19 | N14: 3.5 | O14: 0 | P14: 0.84 | Q14: 26.85
A15: 14-02-2023 01:45 | B15: 7.96 | C15: 79.81 | D15: 50.43 | E15: 9.87 | F15: 4.99 | G15: 49.27 | H15: 17.28 | I15: 0.62 | J15: 0.35 | K15: 344.5 | L15: 16.68 | M15: 38.35 | N15: 3.7 | O15: 0 | P15: 0.83 | Q15: 26.71
A16: 14-02-2023 02:00 | B16: 6.82 | C16: 78.51 | D16: 48.8 | E16: 10.3 | F16: 5.02 | G16: 48.14 | H16: 18.43 | I16: 0.63 | J16: 0.58 | K16: 347.23 | L16: 16.71 | M16: 36.86 | N16: 3 | O16: 0 | P16: 0.84 | Q16: 26.66
A17: 14-02-2023 02:15 | B17: 5.83 | C17: 77.55 | D17: 47.48 | E17: 13.55 | F17: 5 | G17: 48.14 | H17: 18.43 | I17: 0.63 | J17: 0.79 | K17: 346.95 | L17: 16.85 | M17: 36.19 | N17: 2.8 | O17: 0 | P17: 0.83 | Q17: 26.53
A18: 14-02-2023 02:30 | B18: 5.1 | C18: 76.93 | D18: 46.55 | E18: 15.74 | F18: 5.16 | G18: 48.14 | H18: 18.43 | I18: 0.62 | J18: 1.05 | K18: 346.45 | L18: 16.95 | M18: 35.88 | N18: 2.9 | O18: 0 | P18: 0.85 | Q18: 26.16
A19: 14-02-2023 02:45 | B19: 4.55 | C19: 76.26 | D19: 45.73 | E19: 15.33 | F19: 4.94 | G19: 52.31 | H19: 22.13 | I19: 0.59 | J19: 0.45 | K19: 353.75 | L19: 16.9 | M19: 35.74 | N19: 4.3 | O19: 0 | P19: 0.85 | Q19: 25.24
A20: 14-02-2023 03:00 | B20: 4.31 | C20: 75.83 | D20: 45.31 | E20: 14.32 | F20: 4.84 | G20: 57.31 | H20: 26.55 | I20: 0.58 | J20: 0.16 | K20: 326.34 | L20: 16.4 | M20: 36.96 | N20: 4.8 | O20: 0 | P20: 0.87 | Q20: 24.99
... A50: 14-02-2023 10:30 | B50: 11.99 | C50: 90.81 | D50: 59.73 | E50: 68.71 | F50: 14.06 | G50: 49.13 | H50: 43.17 | I50: 0.6 | J50: 1.09 | K50: 13.97 | L50: 31.74 | M50: 11.94 | N50: 512.3 | O50: 0 | P50: 1.02 | Q50: 8.56
A51: 14-02-2023 10:45 | B51: 5.07 | C51: 88.73 | D51: 53.03 | E51: 60.77 | F51: 11.7 | G51: 41.69 | H51: 37.34 | I51: 0.59 | J51: 1.07 | K51: 9.04 | L51: 32.42 | M51: 10.93 | N51: 516.4 | O51: 0 | P51: 0.96 | Q51: Z.Ref
A52: 14-02-2023 11:00 | B52: 5.09 | C52: 86.2 | D52: 51.66 | E52: 38.24 | F52: 9.4 | G52: 32.79 | H52: 30.36 | I52: 0.51 | J52: 0.5 | K52: 8.47 | L52: 32.48 | M52: 11.63 | N52: 532 | O52: 0 | P52: 0.97 | Q52: 12.25
A53: 14-02-2023 11:15 | B53: 6.88 | C53: 86.19 | D53: 53.08 | E53: 26.59 | F53: 7.94 | G53: 32.79 | H53: 30.36 | I53: 0.49 | J53: 0.88 | K53: 11.23 | L53: 32.77 | M53: 10.61 | N53: 554.7 | O53: 0 | P53: 0.97 | Q53: 13.22
A54: 14-02-2023 11:30 | B54: 5.44 | C54: 82.65 | D54: 49.98 | E54: 28.23 | F54: 13.18 | G54: 32.79 | H54: 30.36 | I54: 0.5 | J54: 0.31 | K54: 205.27 | L54: 30.17 | M54: 11.16 | N54: 573 | O54: 0 | P54: 0.91 | Q54: 13.86
A55: 14-02-2023 11:45 | B55: 1.84 | C55: 57.63 | D55: 33.28 | E55: 46.08 | F55: 24.76 | G55: 43.96 | H55: 29.95 | I55: 0.5 | J55: 0.26 | K55: 69.61 | L55: 29 | M55: 12.01 | N55: 586.7 | O55: 0 | P55: 0.59 | Q55: 7.56
A56: 14-02-2023 12:00 | B56: 1.08 | C56: 55.16 | D56: 31.31 | E56: 18.31 | F56: 11.38 | G56: 57.31 | H56: 29.46 | I56: 0.52 | J56: 0.26 | K56: 7.49 | L56: 31.29 | M56: 10.8 | N56: 595.3 | O56: 0 | P56: 0.59 | Q56: 7.84
A57: 14-02-2023 12:15 | B57: 1.47 | C57: 58.74 | D57: 33.6 | E57: 17.36 | F57: 8.04 | G57: 57.31 | H57: 29.46 | I57: 0.46 | J57: 0.44 | K57: 120.53 | L57: 30.38 | M57: 10.45 | N57: 610.9 | O57: 0 | P57: 0.62 | Q57: 11.38
A58: 14-02-2023 12:30 | B58: 1.76 | C58: 60.41 | D58: 34.75 | E58: 14.35 | F58: 7.66 | G58: 57.31 | H58: 29.46 | I58: 0.47 | J58: 0.39 | K58: 162.22 | L58: 29.63 | M58: 11.15 | N58: 608.9 | O58: 0 | P58: 0.62 | Q58: 13.45
A59: 14-02-2023 12:45 | B59: 1.59 | C59: 61.68 | D59: 35.31 | E59: 15.23 | F59: 8.08 | G59: 45.74 | H59: 25.81 | I59: 0.49 | J59: 0.3 | K59: 2.88 | L59: 30.42 | M59: 10.62 | N59: 582.2 | O59: 0 | P59: 0.62 | Q59: 13.97
A60: 14-02-2023 13:00 | B60: 1.55 | C60: 62.87 | D60: 35.94 | E60: 16.46 | F60: 10.63 | G60: 31.9 | H60: 21.44 | I60: 0.48 | J60: 0.96 | K60: 173.53 | L60: 30.16 | M60: 9.98 | N60: 564.6 | O60: 0 | P60: 0.64 | Q60: 14.49
A61: 14-02-2023 13:15 | B61: 2.17 | C61: 60.36 | D61: 35.05 | E61: 26.39 | F61: 18.51 | G61: 31.9 | H61: 21.44 | I61: 0.49 | J61: 0.31 | K61: 150.76 | L61: 29.49 | M61: 10.45 | N61: 526.4 | O61: 0 | P61: 0.57 | Q61: 14.65
A62: 14-02-2023 13:30 | B62: 1.89 | C62: 55.65 | D62: 32.23 | E62: 33.77 | F62: 13.44 | G62: 31.9 | H62: 21.44 | I62: 0.48 | J62: 0.33 | K62: 129.84 | L62: 29.7 | M62: 9.92 | N62: 498 | O62: 0 | P62: 0.58 | Q62: 14.76
A63: 14-02-2023 13:45 | B63: 1.89 | C63: 60.88 | D63: 35.12 | E63: 12.52 | F63: 8.41 | G63: 40.51 | H63: 20.92 | I63: 0.48 | J63: 0.39 | K63: 11.97 | L63: 32.05 | M63: 9.07 | N63: 476.8 | O63: 0 | P63: 0.6 | Q63: 14.74
... A70: 14-02-2023 15:30 | B70: 2.62 | C70: 62.78 | D70: 36.74 | E70: 7.95 | F70: 10.37 | G70: 64.74 | H70: 25.99 | I70: 0.52 | J70: 0.51 | K70: 0.91 | L70: 33.07 | M70: 8.37 | N70: 304.1 | O70: 0 | P70: 0.55 | Q70: 16.4
A71: 14-02-2023 15:45 | B71: 2.38 | C71: 62.36 | D71: 36.32 | E71: 7.21 | F71: 10.37 | G71: 59.32 | H71: 23.06 | I71: 0.5 | J71: 0.53 | K71: Data F | L71: 32.77 | M71: 8.59 | N71: 156.6 | O71: 0 | P71: 0.54 | Q71: 16.16
A72: 14-02-2023 16:00 | B72: 2.22 | C72: 60.81 | D72: 35.34 | E72: 4.95 | F72: 10.84 | G72: 52.84 | H72: 19.56 | I72: 0.51 | J72: 0.84 | K72: 353.85 | L72: 32.42 | M72: 9.9 | N72: 123.8 | O72: 0 | P72: 0.56 | Q72: 16.36
A73: 14-02-2023 16:15 | B73: 2.88 | C73: 61.53 | D73: 36.26 | E73: 6.93 | F73: 11.31 | G73: 52.84 | H73: 19.56 | I73: 0.5 | J73: 0.41 | K73: 8.41 | L73: 30.85 | M73: 10.34 | N73: 170.6 | O73: 0 | P73: 0.59 | Q73: 16.34
A74: 14-02-2023 16:30 | B74: 2.7 | C74: 68.02 | D74: 39.71 | E74: 6.79 | F74: 13.48 | G74: 52.84 | H74: 19.56 | I74: 0.51 | J74: 0.37 | K74: 358.94 | L74: 29.79 | M74: 11.8 | N74: 69 | O74: 0 | P74: 0.62 | Q74: 15.89
A75: 14-02-2023 16:45 | B75: 1.8 | C75: 66.87 | D75: 38.35 | E75: 6.67 | F75: 10.36 | G75: 42.36 | H75: 19 | I75: 0.5 | J75: 0.2 | K75: 59.33 | L75: 29.02 | M75: 11.64 | N75: 57 | O75: 0 | P75: 0.62 | Q75: 15.42
A76: 14-02-2023 17:00 | B76: 4.31 | C76: 66.43 | D76: 40.12 | E76: 7.57 | F76: 20.55 | G76: 29.82 | H76: 18.34 | I76: 0.49 | J76: 0.37 | K76: 355.08 | L76: 28.44 | M76: 13.65 | N76: 39.9 | O76: 0 | P76: 0.65 | Q76: 15.44
A77: 14-02-2023 17:15 | B77: 10.52 | C77: 79.78 | D77: 52.47 | E77: 7.48 | F77: 12.09 | G77: 29.82 | H77: 18.34 | I77: 0.5 | J77: 0.26 | K77: 350.69 | L77: 28.23 | M77: 14.2 | N77: 32 | O77: 0 | P77: 0.7 | Q77: 15.71
A78: 14-02-2023 17:30 | B78: 12.38 | C78: 87.26 | D78: 58.09 | E78: 7.34 | F78: 10.83 | G78: 29.82 | H78: 18.34 | I78: 0.51 | J78: 0.09 | K78: 318.32 | L78: 27.57 | M78: 15.41 | N78: 23.6 | O78: 0 | P78: 0.81 | Q78: 16.09
A79: 14-02-2023 17:45 | B79: 7.89 | C79: 80.95 | D79: 51.01 | E79: 6.98 | F79: 13.36 | G79: 42.97 | H79: 18.7 | I79: 0.52 | J79: 0.11 | K79: 293.71 | L79: 26.89 | M79: 15.6 | N79: 15.1 | O79: 0 | P79: 0.81 | Q79: 17.33
A80: 14-02-2023 18:00 | B80: 5.11 | C80: 74.41 | D80: 45.17 | E80: 6.49 | F80: 13.56 | G80: 58.67 | H80: 19.13 | I80: 0.55 | J80: 0.17 | K80: 262.61 | L80: 26.65 | M80: 16.1 | N80: 7.2 | O80: 0 | P80: 0.72 | Q80: 18.76
A81: 14-02-2023 18:15 | B81: 6.2 | C81: 80.31 | D81: 49.29 | E81: 6.92 | F81: 9.89 | G81: 58.67 | H81: 19.13 | I81: 0.53 | J81: 0.08 | K81: 211.78 | L81: 25.86 | M81: 18.62 | N81: 4.6 | O81: 0 | P81: 0.73 | Q81: 19.75
A82: 14-02-2023 18:30 | B82: 5.36 | C82: 82.89 | D82: 50.04 | E82: 6.94 | F82: 8.03 | G82: 58.67 | H82: 19.13 | I82: 0.57 | J82: 0.05 | K82: 210.61 | L82: 24.55 | M82: 20.91 | N82: 4.7 | O82: 0 | P82: 0.74 | Q82: 20.34
A83: 14-02-2023 18:45 | B83: 15.41 | C83: 89.5 | D83: 61.75 | E83: 6.52 | F83: 5.54 | G83: 63.85 | H83: 20.81 | I83: 0.59 | J83: 0.15 | K83: 19.73 | L83: 23.58 | M83: 32.17 | N83: 4.7 | O83: 0 | P83: 0.93 | Q83: 20.81
... A104: 14-02-2023 24:00 | B104: 67.35 | C104: 130.74 | D104: 126.16 | E104: 4.89 | F104: 4.5 | G104: 105.46 | H104: 44.96 | I104: 1.05 | J104: 0.08 | K104: 278.92 | L104: 18.91 | M104: 41.69 | N104: 4.3 | O104: 0 | P104: 2.01 | Q104: 30.16
A106: Min | B106: =MIN(B9:B104) -> 1.08 | C106: =MIN(C9:C104) -> 55.16 | D106: =MIN(D9:D104) -> 31.31 | E106: =MIN(E9:E104) -> 4.86 | F106: =MIN(F9:F104) -> 4.5 | G106: =MIN(G9:G104) -> 29.82 | H106: =MIN(H9:H104) -> 15.93 | I106: =MIN(I9:I104) -> 0.46 | ... Q106: =MIN(Q9:Q104) -> 7.56
A107: Max | B107: =MAX(B9:B104) -> 80.12 | C107: =MAX(C9:C104) -> 139.77 | D107: =MAX(D9:D104) -> 141.23 | E107: =MAX(E9:E104) -> 68.71 | F107: =MAX(F9:F104) -> 24.76 | G107: =MAX(G9:G104) -> 181.66 | H107: =MAX(H9:H104) -> 49.77 | I107: =MAX(I9:I104) -> 1.13 | ... Q107: =MAX(Q9:Q104) -> 31.38
A108: Avg | B108: =AVERAGE(B9:B104) -> 19.898021 | C108: =AVERAGE(C9:C104) -> 87.143542 | D108: =AVERAGE(D9:D104) -> 64.049375 | E108: =AVERAGE(E9:E104) -> 12.558438 | F108: =AVERAGE(F9:F104) -> 7.1460417 | G108: =AVERAGE(G9:G104) -> 78.167604 | H108: =AVERAGE(H9:H104) -> 29.204792 | I108: =AVERAGE(I9:I104) -> 0.64364583 | ... Q108: =AVERAGE(Q9:Q104) -> 22.317579
A109: Stdev | B109: =STDEV(B9:B104) -> 25.892041 | C109: =STDEV(C9:C104) -> 25.197769 | D109: =STDEV(D9:D104) -> 34.387828 | E109: =STDEV(E9:E104) -> 10.396705 | F109: =STDEV(F9:F104) -> 3.9742149 | G109: =STDEV(G9:G104) -> 47.519945 | H109: =STDEV(H9:H104) -> 11.367913 | I109: =STDEV(I9:I104) -> 0.19479068 | ... Q109: =STDEV(Q9:Q104) -> 5.9959876
A110: Num | B110: =COUNT(B9:B104) -> 96 | C110: =COUNT(C9:C104) -> 96 | D110: =COUNT(D9:D104) -> 96 | E110: =COUNT(E9:E104) -> 96 | F110: =COUNT(F9:F104) -> 96 | G110: =COUNT(G9:G104) -> 96 | H110: =COUNT(H9:H104) -> 96 | I110: =COUNT(I9:I104) -> 96 | J110: =COUNT(J9:J104) -> 96 | K110: =COUNT(K9:K104)+1 -> 96 | L110: =COUNT(L9:L104) -> 96 | M110: =COUNT(M9:M104) -> 96 | N110: =COUNT(N9:N104) -> 96 | O110: =COUNT(O9:O104) -> 96 | P110: =COUNT(P9:P104) -> 96 | Q110: =COUNT(Q9:Q104)+1 -> 96
A111: DCR | B111: =IF(B110>=87,">90%",IF(B110<=87,"<90%")) -> >90% | C111: =IF(C110>=87,">90%",IF(C110<=87,"<90%")) -> >90% | D111: =IF(D110>=87,">90%",IF(D110<=87,"<90%")) -> >90% | E111: =IF(E110>=87,">90%",IF(E110<=87,"<90%")) -> >90% | F111: =IF(F110>=87,">90%",IF(F110<=87,"<90%")) -> >90% | G111: =IF(G110>=87,">90%",IF(G110<=87,"<90%")) -> >90% | H111: =IF(H110>=87,">90%",IF(H110<=87,"<90%")) -> >90% | I111: =IF(I110>=87,">90%",IF(I110<=87,"<90%")) -> >90% | ... Q111: =IF(Q110>=87,">90%",IF(Q110<=87,"<90%")) -> >90%
A112: Status | B112: =IF(B110>=87,"OK",IF(B110<=87,"LESS")) -> OK | C112: =IF(C110>=87,"OK",IF(C110<=87,"LESS")) -> OK | D112: =IF(D110>=87,"OK",IF(D110<=87,"LESS")) -> OK | E112: =IF(E110>=87,"OK",IF(E110<=87,"LESS")) -> OK | F112: =IF(F110>=87,"OK",IF(F110<=87,"LESS")) -> OK | G112: =IF(G110>=87,"OK",IF(G110<=87,"LESS")) -> OK | H112: =IF(H110>=87,"OK",IF(H110<=87,"LESS")) -> OK | I112: =IF(I110>=87,"OK",IF(I110<=87,"LESS")) -> OK | ... Q112: =IF(Q110>=87,"OK",IF(Q110<=87,"LESS")) -> OK
A115: Done by | B115: RK
A117: Comment

Sheet 15
A1: Station: | B1: BHATAGAON RAIPUR
A2: Date: | B2: =$A$9 -> 15-02-2023 00:15 | D2: Power Off | G2: Pw.Off | L2: Link Fail | N2: Link F | P2: Maintenance | R2: Maint.
A3: Report Type: | B3: Mean | D3: Calibration | G3: Calib. | L3: Data Fail | N3: Data F | P3: Invalid | R3: Invalid
A4: Time Base: | B4: 15 Min | D4: Zero Referrence | G4: Z.Ref | L4: Warm Up | N4: Wm. Up
A7: Date & Time | B7: NO_BHATAGAON | C7: NO2__BHATAGAON | D7: NOX_BHATAGAON | E7: SO2__BHATAGAON | F7: O3__BHATAGAON | G7: PM10__BHATAGAON | H7: PM2_5__BHATAGAON | I7: BENZ__BHATAGAON | J7: WS__BHATAGAON | K7: WD__BHATAGAON | L7: TEMP__BHATAGAON | M7: HUM__BHATAGAON | N7: SR__BHATAGAON | O7: RG__BHATAGAON | P7: CO__BHATAGAON | Q7: NH3__BHATAGAON
B8: ug/m3 | C8: ug/m3 | D8: ppb | E8: ug/m3 | F8: ug/m3 | G8: ug/m3 | H8: ug/m3 | I8: ug/m3 | J8: m/sec | K8: deg | L8: degreC | M8: % | N8: w/m2 | O8: mm | P8: mg/m3 | Q8: ug/m3
A9: 15-02-2023 00:15 | B9: 61.81 | C9: 125.79 | D9: 118.99 | E9: 6.52 | F9: 4.5 | G9: 105.46 | H9: 44.96 | I9: 1.02 | J9: 0.01 | K9: 301.87 | L9: 18.76 | M9: 42.75 | N9: 4.4 | O9: 0 | P9: 1.94 | Q9: 29.58
A10: 15-02-2023 00:30 | B10: 60.26 | C10: 124.59 | D10: 117.08 | E10: 7.01 | F10: 4.53 | G10: 105.46 | H10: 44.96 | I10: 0.99 | J10: 0.09 | K10: 20.57 | L10: 18.66 | M10: 44.21 | N10: 4.1 | O10: 0 | P10: 1.88 | Q10: 29.17
A11: 15-02-2023 00:45 | B11: 56.45 | C11: 119.37 | D11: 111.15 | E11: 6.98 | F11: 4.61 | G11: 98.27 | H11: 41.2 | I11: 0.96 | J11: 0.23 | K11: 358.94 | L11: 18.71 | M11: 43.25 | N11: 3.3 | O11: 0 | P11: 1.83 | Q11: 29.01
A12: 15-02-2023 01:00 | B12: 52.23 | C12: 116.9 | D12: 106.4 | E12: 6.51 | F12: 4.66 | G12: 89.67 | H12: 36.71 | I12: 0.95 | J12: 0.07 | K12: 186.02 | L12: 18.74 | M12: 42.33 | N12: 4.4 | O12: 0 | P12: 1.77 | Q12: 28.86
A13: 15-02-2023 01:15 | B13: 49.83 | C13: 114.64 | D13: 103.22 | E13: 7.08 | F13: 4.58 | G13: 89.67 | H13: 36.71 | I13: 0.86 | J13: 0.07 | K13: 16.49 | L13: 18.37 | M13: 45.67 | N13: 4.5 | O13: 0 | P13: 1.53 | Q13: 28.74
A14: 15-02-2023 01:30 | B14: 47.81 | C14: 112.46 | D14: 100.4 | E14: 6.85 | F14: 4.6 | G14: 89.67 | H14: 36.71 | I14: 0.91 | J14: 0.02 | K14: 8.85 | L14: 18.01 | M14: 45.86 | N14: 4.6 | O14: 0 | P14: 1.56 | Q14: 28.52
A15: 15-02-2023 01:45 | B15: 45.48 | C15: 110.69 | D15: 97.56 | E15: 6.8 | F15: 4.6 | G15: 82.67 | H15: 36.52 | I15: 0.91 | J15: 0.06 | K15: 30.93 | L15: 18.15 | M15: 44.75 | N15: 4.1 | O15: 0 | P15: 1.5 | Q15: 28.47
A16: 15-02-2023 02:00 | B16: 43.25 | C16: 108.62 | D16: 94.63 | E16: 6.78 | F16: 4.55 | G16: 73.92 | H16: 36.29 | I16: 0.89 | J16: 0.16 | K16: 13.23 | L16: 18.24 | M16: 44.02 | N16: 3.9 | O16: 0 | P16: 1.45 | Q16: 28.9
A17: 15-02-2023 02:15 | B17: 40.27 | C17: 106.02 | D17: 90.8 | E17: 6.67 | F17: 4.57 | G17: 73.92 | H17: 36.29 | I17: 0.87 | J17: 0.42 | K17: 353.11 | L17: 18.21 | M17: 44.4 | N17: 3 | O17: 0 | P17: 1.36 | Q17: 29.14
A18: 15-02-2023 02:30 | B18: 36.13 | C18: 102.93 | D18: 85.78 | E18: 6.41 | F18: 4.54 | G18: 73.92 | H18: 36.29 | I18: 0.81 | J18: 0.5 | K18: 351.6 | L18: 18.13 | M18: 44.01 | N18: 3.2 | O18: 0 | P18: 1.29 | Q18: 28.69
A19: 15-02-2023 02:45 | B19: 32.14 | C19: 100.34 | D19: 81.15 | E19: 6.37 | F19: 4.51 | G19: 66.73 | H19: 34.82 | I19: 0.78 | J19: 0.72 | K19: 354.26 | L19: 18.15 | M19: 42.97 | N19: 3 | O19: 0 | P19: 1.21 | Q19: 28.1
A20: 15-02-2023 03:00 | B20: 27.93 | C20: 97.64 | D20: 76.28 | E20: 5.58 | F20: 4.53 | G20: 58.13 | H20: 33.06 | I20: 0.75 | J20: 0.37 | K20: 1.53 | L20: 18.3 | M20: 41.34 | N20: 4.2 | O20: 0 | P20: 1.14 | Q20: 27.61
... A104: 15-02-2023 24:00 | B104: 34.85 | C104: 102.31 | D104: 84.41 | E104: 5.05 | F104: 4.5 | G104: 42.84 | H104: 25.28 | I104: 0.79 | J104: 0.78 | K104: 358.97 | L104: 21.16 | M104: 38.67 | N104: 4.1 | O104: 0 | P104: 1.39 | Q104: 31.5
A106: Min | B106: =MIN(B9:B104) -> 2.37 | C106: =MIN(C9:C104) -> 74.2 | D106: =MIN(D9:D104) -> 44.87 | E106: =MIN(E9:E104) -> 4.65 | F106: =MIN(F9:F104) -> 4.5 | G106: =MIN(G9:G104) -> 37.43 | H106: =MIN(H9:H104) -> 18.08 | I106: =MIN(I9:I104) -> 0.57 | ... Q106: =MIN(Q9:Q104) -> 24.71
A107: Max | B107: =MAX(B9:B104) -> 61.81 | C107: =MAX(C9:C104) -> 126.42 | D107: =MAX(D9:D104) -> 118.99 | E107: =MAX(E9:E104) -> 16.85 | F107: =MAX(F9:F104) -> 12.93 | G107: =MAX(G9:G104) -> 183.4 | H107: =MAX(H9:H104) -> 50.5 | I107: =MAX(I9:I104) -> 1.04 | ... Q107: =MAX(Q9:Q104) -> 34.65
A108: Avg | B108: =AVERAGE(B9:B104) -> 24.580729 | C108: =AVERAGE(C9:C104) -> 99.679062 | D108: =AVERAGE(D9:D104) -> 74.722396 | E108: =AVERAGE(E9:E104) -> 8.2980208 | F108: =AVERAGE(F9:F104) -> 5.7411458 | G108: =AVERAGE(G9:G104) -> 83.690938 | H108: =AVERAGE(H9:H104) -> 34.868333 | I108: =AVERAGE(I9:I104) -> 0.726875 | ... Q108: =AVERAGE(Q9:Q104) -> 28.309271
A109: Stdev | B109: =STDEV(B9:B104) -> 19.727514 | C109: =STDEV(C9:C104) -> 14.680698 | D109: =STDEV(D9:D104) -> 23.188398 | E109: =STDEV(E9:E104) -> 1.9736376 | F109: =STDEV(F9:F104) -> 1.9490753 | G109: =STDEV(G9:G104) -> 36.618865 | H109: =STDEV(H9:H104) -> 10.028389 | I109: =STDEV(I9:I104) -> 0.14540189 | ... Q109: =STDEV(Q9:Q104) -> 2.6392787
A110: Num | B110: =COUNT(B9:B104) -> 96 | C110: =COUNT(C9:C104) -> 96 | D110: =COUNT(D9:D104) -> 96 | E110: =COUNT(E9:E104) -> 96 | F110: =COUNT(F9:F104) -> 96 | G110: =COUNT(G9:G104) -> 96 | H110: =COUNT(H9:H104) -> 96 | I110: =COUNT(I9:I104) -> 96 | ... Q110: =COUNT(Q9:Q104) -> 96
A111: DCR | B111: =IF(B110>=87,">90%",IF(B110<=87,"<90%")) -> >90% | C111: =IF(C110>=87,">90%",IF(C110<=87,"<90%")) -> >90% | D111: =IF(D110>=87,">90%",IF(D110<=87,"<90%")) -> >90% | E111: =IF(E110>=87,">90%",IF(E110<=87,"<90%")) -> >90% | F111: =IF(F110>=87,">90%",IF(F110<=87,"<90%")) -> >90% | G111: =IF(G110>=87,">90%",IF(G110<=87,"<90%")) -> >90% | H111: =IF(H110>=87,">90%",IF(H110<=87,"<90%")) -> >90% | I111: =IF(I110>=87,">90%",IF(I110<=87,"<90%")) -> >90% | ... Q111: =IF(Q110>=87,">90%",IF(Q110<=87,"<90%")) -> >90%
A112: Status | B112: =IF(B110>=87,"OK",IF(B110<=87,"LESS")) -> OK | C112: =IF(C110>=87,"OK",IF(C110<=87,"LESS")) -> OK | D112: =IF(D110>=87,"OK",IF(D110<=87,"LESS")) -> OK | E112: =IF(E110>=87,"OK",IF(E110<=87,"LESS")) -> OK | F112: =IF(F110>=87,"OK",IF(F110<=87,"LESS")) -> OK | G112: =IF(G110>=87,"OK",IF(G110<=87,"LESS")) -> OK | H112: =IF(H110>=87,"OK",IF(H110<=87,"LESS")) -> OK | I112: =IF(I110>=87,"OK",IF(I110<=87,"LESS")) -> OK | ... Q112: =IF(Q110>=87,"OK",IF(Q110<=87,"LESS")) -> OK
A115: Done by | B115: RK
A117: Comment

Sheet 16
A1: Station: | B1: BHATAGAON RAIPUR
A2: Date: | B2: =$A$9 -> 16-02-2023 00:15 | D2: Power Off | G2: Pw.Off | L2: Link Fail | N2: Link F | P2: Maintenance | R2: Maint.
A3: Report Type: | B3: Mean | D3: Calibration | G3: Calib. | L3: Data Fail | N3: Data F | P3: Invalid | R3: Invalid
A4: Time Base: | B4: 15 Min | D4: Zero Referrence | G4: Z.Ref | L4: Warm Up | N4: Wm. Up
A7: Date & Time | B7: NO_BHATAGAON | C7: NO2__BHATAGAON | D7: NOX_BHATAGAON | E7: SO2__BHATAGAON | F7: O3__BHATAGAON | G7: PM10__BHATAGAON | H7: PM2_5__BHATAGAON | I7: BENZ__BHATAGAON | J7: WS__BHATAGAON | K7: WD__BHATAGAON | L7: TEMP__BHATAGAON | M7: HUM__BHATAGAON | N7: SR__BHATAGAON | O7: RG__BHATAGAON | P7: CO__BHATAGAON | Q7: NH3__BHATAGAON
B8: ug/m3 | C8: ug/m3 | D8: ppb | E8: ug/m3 | F8: ug/m3 | G8: ug/m3 | H8: ug/m3 | I8: ug/m3 | J8: m/sec | K8: deg | L8: degreC | M8: % | N8: w/m2 | O8: mm | P8: mg/m3 | Q8: ug/m3
A9: 16-02-2023 00:15 | B9: 32.54 | C9: 100.48 | D9: 81.55 | E9: 8.77 | F9: 4.52 | G9: 42.84 | H9: 25.28 | I9: 0.76 | J9: 0.44 | K9: 7.13 | L9: 20.78 | M9: 39.94 | N9: 4.5 | O9: 0 | P9: 1.37 | Q9: 31.1
A10: 16-02-2023 00:30 | B10: 30.17 | C10: 98.8 | D10: 78.72 | E10: 9.2 | F10: 4.5 | G10: 42.84 | H10: 25.28 | I10: 0.74 | J10: 0.6 | K10: 349.29 | L10: 20.35 | M10: 42.09 | N10: 3.7 | O10: 0 | P10: 1.38 | Q10: 30.72
A11: 16-02-2023 00:45 | B11: 28.02 | C11: 97.31 | D11: 76.17 | E11: 9.89 | F11: 4.52 | G11: 57.67 | H11: 28.51 | I11: 0.72 | J11: 0.68 | K11: 350.33 | L11: 20.16 | M11: 42.81 | N11: 3.6 | O11: 0 | P11: 1.37 | Q11: 30.26
A12: 16-02-2023 01:00 | B12: 26.08 | C12: 96.27 | D12: 74.04 | E12: 10.22 | F12: 4.54 | G12: 75.39 | H12: 32.38 | I12: 0.75 | J12: 0.82 | K12: 352.31 | L12: 20.15 | M12: 43.36 | N12: 3.5 | O12: 0 | P12: 1.35 | Q12: 29.86
A13: 16-02-2023 01:15 | B13: 24.42 | C13: 95.06 | D13: 72.05 | E13: 9.55 | F13: 4.5 | G13: 75.39 | H13: 32.38 | I13: 0.74 | J13: 0.85 | K13: 2.01 | L13: 20.19 | M13: 43.35 | N13: 3.8 | O13: 0 | P13: 1.21 | Q13: 28.97
A14: 16-02-2023 01:30 | B14: 23.32 | C14: 94.06 | D14: 70.61 | E14: 8.58 | F14: 4.58 | G14: 75.39 | H14: 32.38 | I14: 0.68 | J14: 0.7 | K14: 5.43 | L14: 20.08 | M14: 44.19 | N14: 4.1 | O14: 0 | P14: 1.26 | Q14: 28.51
A15: 16-02-2023 01:45 | B15: 21.81 | C15: 92.16 | D15: 68.36 | E15: 8.73 | F15: 4.59 | G15: 81.21 | H15: 33.76 | I15: 0.66 | J15: 0.23 | K15: 355.83 | L15: 19.77 | M15: 46 | N15: 4.6 | O15: 0 | P15: 1.25 | Q15: 28.48
A16: 16-02-2023 02:00 | B16: 21.12 | C16: 91.8 | D16: 67.6 | E16: 9.14 | F16: 4.54 | G16: 88.17 | H16: 35.41 | I16: 0.66 | J16: 0.01 | K16: 298.7 | L16: 19.65 | M16: 45.88 | N16: 4.8 | O16: 0 | P16: 1.24 | Q16: 28.65
A17: 16-02-2023 02:15 | B17: 21.02 | C17: 91.91 | D17: 67.58 | E17: 9.19 | F17: 4.56 | G17: 88.17 | H17: 35.41 | I17: 0.65 | J17: 0.17 | K17: 274.84 | L17: 19.52 | M17: 47.21 | N17: 4.4 | O17: 0 | P17: 1.24 | Q17: 28.83
A18: 16-02-2023 02:30 | B18: 20.69 | C18: 91.43 | D18: 67.04 | E18: 9.28 | F18: 4.54 | G18: 88.17 | H18: 35.41 | I18: 0.66 | J18: 0.1 | K18: 323.97 | L18: 19.05 | M18: 49.5 | N18: 4.6 | O18: 0 | P18: 1.23 | Q18: 28.84
A19: 16-02-2023 02:45 | B19: 20.52 | C19: 90.74 | D19: 66.53 | E19: 7.99 | F19: 4.63 | G19: 98.55 | H19: 38.49 | I19: 0.66 | J19: 0.09 | K19: 300.1 | L19: 18.34 | M19: 53.96 | N19: 4.5 | O19: 0 | P19: 1.23 | Q19: 28.89
A20: 16-02-2023 03:00 | B20: 20.7 | C20: 90.08 | D20: 66.32 | E20: 7.89 | F20: 4.59 | G20: 110.96 | H20: 42.18 | I20: 0.66 | J20: 0.15 | K20: 259.72 | L20: 18.63 | M20: 51.33 | N20: 4.1 | O20: 0 | P20: 1.22 | Q20: 29.27
... A54: 16-02-2023 11:30 | B54: 3.12 | C54: 79.72 | D54: 46.5 | E54: 46.84 | F54: 8.52 | G54: 87.61 | H54: 41.34 | I54: 0.52 | J54: 1.58 | K54: 18.66 | L54: 36.37 | M54: 14.23 | N54: 562.1 | O54: 0 | P54: 0.86 | Q54: 16.76
A55: 16-02-2023 11:45 | B55: 2.59 | C55: 78.56 | D55: 45.43 | E55: 118.66 | F55: 4.82 | G55: Calib. | H55: Calib. | I55: 0.51 | J55: 0.91 | K55: 359.97 | L55: 36.69 | M55: 14.8 | N55: 574.3 | O55: 0 | P55: 0.83 | Q55: 16.82
A56: 16-02-2023 12:00 | B56: 2.56 | C56: 76.57 | D56: 44.31 | E56: 112.15 | F56: 7.24 | G56: Calib. | H56: Calib. | I56: 0.51 | J56: 0.94 | K56: 2.7 | L56: 36.52 | M56: 14.89 | N56: 589.4 | O56: 0 | P56: 0 | Q56: 17.04
A57: 16-02-2023 12:15 | B57: 2.48 | C57: 74.82 | D57: 43.28 | E57: 10.1 | F57: 5.35 | G57: Calib. | H57: Calib. | I57: 0.53 | J57: 1.12 | K57: 4.95 | L57: 36.68 | M57: 14.37 | N57: 601.8 | O57: 0 | P57: 0.34 | Q57: 17.41
A58: 16-02-2023 12:30 | B58: 2.07 | C58: 71.78 | D58: 41.27 | E58: 5.74 | F58: 7.58 | G58: 17.01 | H58: 10.45 | I58: 0.51 | J58: 1.47 | K58: 7.65 | L58: 36.05 | M58: 14.4 | N58: 602 | O58: 0 | P58: 4.55 | Q58: 17.06
A59: 16-02-2023 12:45 | B59: 2.01 | C59: 67.48 | D59: 38.85 | E59: 5.35 | F59: 8.12 | G59: 41.38 | H59: 25.42 | I59: 0.52 | J59: 0.34 | K59: 3.28 | L59: 34.82 | M59: 14.88 | N59: 580 | O59: 0 | P59: 2.01 | Q59: 16.43
A60: 16-02-2023 13:00 | B60: 2.24 | C60: 67.51 | D60: 39.05 | E60: 4.73 | F60: 7.06 | G60: 41.38 | H60: 25.42 | I60: 0.52 | J60: 1.12 | K60: 357.9 | L60: 35.71 | M60: 14.94 | N60: 563.9 | O60: 0 | P60: 0.59 | Q60: 15.52
A61: 16-02-2023 13:15 | B61: 2.38 | C61: 68.75 | D61: 39.85 | E61: 3.97 | F61: 5.44 | G61: 41.38 | H61: 25.42 | I61: 0.51 | J61: 1.23 | K61: 2.76 | L61: 36.67 | M61: 14.33 | N61: 538.7 | O61: 0 | P61: 0.56 | Q61: 15.49
A62: 16-02-2023 13:30 | B62: 2.7 | C62: 64.35 | D62: 37.68 | E62: 3.54 | F62: 7.5 | G62: 43.36 | H62: 24.43 | I62: 0.51 | J62: 1.72 | K62: 12.19 | L62: 36.11 | M62: 13.33 | N62: 515.5 | O62: 0 | P62: 0.56 | Q62: 16.12
A63: 16-02-2023 13:45 | B63: 4.45 | C63: 65.84 | D63: 39.9 | E63: 3.68 | F63: 4.04 | G63: 46.2 | H63: 23 | I63: 0.51 | J63: 1.81 | K63: 14.51 | L63: 36.35 | M63: 13.85 | N63: 493 | O63: 0 | P63: 0.57 | Q63: 16.75
A64: 16-02-2023 14:00 | B64: 3.17 | C64: 65.89 | D64: 38.91 | E64: 3.64 | F64: 4.44 | G64: 46.2 | H64: 23 | I64: 0.5 | J64: 1.55 | K64: 9.7 | L64: 36.06 | M64: 14.06 | N64: 477.2 | O64: 0 | P64: 0.57 | Q64: 18.76
A65: 16-02-2023 14:15 | B65: 2.57 | C65: 65.76 | D65: 38.36 | E65: 3.79 | F65: 4.26 | G65: 46.2 | H65: 23 | I65: 0.52 | J65: 0.99 | K65: 353.82 | L65: 36.45 | M65: 14.25 | N65: 462.8 | O65: 0 | P65: 0.55 | Q65: 19.5
A66: 16-02-2023 14:30 | B66: 2.51 | C66: 65.69 | D66: 38.26 | E66: 3.56 | F66: 4.43 | G66: 44.57 | H66: 23.25 | I66: 0.52 | J66: 1.53 | K66: 14.74 | L66: 36.01 | M66: 14.8 | N66: 454.4 | O66: 0 | P66: 0.55 | Q66: 19.54
A67: 16-02-2023 14:45 | B67: 2.38 | C67: 65.7 | D67: 38.17 | E67: 3.73 | F67: 4.59 | G67: 42.23 | H67: 23.61 | I67: 0.53 | J67: 0.89 | K67: 0.35 | L67: 35.37 | M67: 15.49 | N67: 436.4 | O67: 0 | P67: 0.55 | Q67: 19.9
A68: 16-02-2023 15:00 | B68: 2.55 | C68: 66.02 | D68: 38.48 | E68: 4.25 | F68: 5.31 | G68: 42.23 | H68: 23.61 | I68: 0.51 | J68: 1.55 | K68: 16.72 | L68: 35.75 | M68: 15.28 | N68: 410.5 | O68: 0 | P68: 0.53 | Q68: 20.04
A69: 16-02-2023 15:15 | B69: 3.63 | C69: 67.4 | D69: 40.11 | E69: 3.94 | F69: 5.62 | G69: 42.23 | H69: 23.61 | I69: 0.52 | J69: 1.49 | K69: 21.82 | L69: 35.8 | M69: 15.33 | N69: 381.4 | O69: 0 | P69: 0.54 | Q69: 20.5
... A104: 16-02-2023 24:00 | B104: 38.26 | C104: 109.09 | D104: 90.88 | E104: 2.98 | F104: 3.37 | G104: 110.92 | H104: 40.06 | I104: 0.97 | J104: 0.34 | K104: 75.5 | L104: 22.89 | M104: 36.18 | N104: 4.2 | O104: 0 | P104: 1.68 | Q104: 30.65
A106: Min | B106: =MIN(B9:B104) -> 2.01 | C106: =MIN(C9:C104) -> 24.93 | D106: =MIN(D9:D104) -> 36.5 | E106: =MIN(E9:E104) -> 1.7 | F106: =MIN(F9:F104) -> 1.4 | G106: =MIN(G9:G104) -> 17.01 | H106: =MIN(H9:H104) -> 10.45 | I106: =MIN(I9:I104) -> 0.5 | ... Q106: =MIN(Q9:Q104) -> 15.49
A107: Max | B107: =MAX(B9:B104) -> 132.74 | C107: =MAX(C9:C104) -> 121.8 | D107: =MAX(D9:D104) -> 140.6 | E107: =MAX(E9:E104) -> 118.66 | F107: =MAX(F9:F104) -> 11.97 | G107: =MAX(G9:G104) -> 176.69 | H107: =MAX(H9:H104) -> 75.95 | I107: =MAX(I9:I104) -> 1.04 | ... Q107: =MAX(Q9:Q104) -> 31.11
A108: Avg | B108: =AVERAGE(B9:B104) -> 27.378646 | C108: =AVERAGE(C9:C104) -> 91.534062 | D108: =AVERAGE(D9:D104) -> 72.470625 | E108: =AVERAGE(E9:E104) -> 9.3457292 | F108: =AVERAGE(F9:F104) -> 4.585625 | G108: =AVERAGE(G9:G104) -> 102.00753 | H108: =AVERAGE(H9:H104) -> 40.663011 | I108: =AVERAGE(I9:I104) -> 0.68166667 | ... Q108: =AVERAGE(Q9:Q104) -> 25.694167
A109: Stdev | B109: =STDEV(B9:B104) -> 21.821488 | C109: =STDEV(C9:C104) -> 19.597313 | D109: =STDEV(D9:D104) -> 24.151279 | E109: =STDEV(E9:E104) -> 16.371801 | F109: =STDEV(F9:F104) -> 2.0789516 | G109: =STDEV(G9:G104) -> 48.662846 | H109: =STDEV(H9:H104) -> 19.916231 | I109: =STDEV(I9:I104) -> 0.15294765 | ... Q109: =STDEV(Q9:Q104) -> 5.1129661
A110: Num | B110: =COUNT(B9:B104) -> 96 | C110: =COUNT(C9:C104) -> 96 | D110: =COUNT(D9:D104) -> 96 | E110: =COUNT(E9:E104) -> 96 | F110: =COUNT(F9:F104) -> 96 | G110: =COUNT(G9:G104)+3 -> 96 | H110: =COUNT(H9:H104)+3 -> 96 | I110: =COUNT(I9:I104) -> 96 | J110: =COUNT(J9:J104) -> 96 | K110: =COUNT(K9:K104) -> 96 | L110: =COUNT(L9:L104) -> 96 | M110: =COUNT(M9:M104) -> 96 | N110: =COUNT(N9:N104) -> 96 | O110: =COUNT(O9:O104) -> 96 | P110: =COUNT(P9:P104) -> 96 | Q110: =COUNT(Q9:Q104) -> 96
A111: DCR | B111: =IF(B110>=87,">90%",IF(B110<=87,"<90%")) -> >90% | C111: =IF(C110>=87,">90%",IF(C110<=87,"<90%")) -> >90% | D111: =IF(D110>=87,">90%",IF(D110<=87,"<90%")) -> >90% | E111: =IF(E110>=87,">90%",IF(E110<=87,"<90%")) -> >90% | F111: =IF(F110>=87,">90%",IF(F110<=87,"<90%")) -> >90% | G111: =IF(G110>=87,">90%",IF(G110<=87,"<90%")) -> >90% | H111: =IF(H110>=87,">90%",IF(H110<=87,"<90%")) -> >90% | I111: =IF(I110>=87,">90%",IF(I110<=87,"<90%")) -> >90% | ... Q111: =IF(Q110>=87,">90%",IF(Q110<=87,"<90%")) -> >90%
A112: Status | B112: =IF(B110>=87,"OK",IF(B110<=87,"LESS")) -> OK | C112: =IF(C110>=87,"OK",IF(C110<=87,"LESS")) -> OK | D112: =IF(D110>=87,"OK",IF(D110<=87,"LESS")) -> OK | E112: =IF(E110>=87,"OK",IF(E110<=87,"LESS")) -> OK | F112: =IF(F110>=87,"OK",IF(F110<=87,"LESS")) -> OK | G112: =IF(G110>=87,"OK",IF(G110<=87,"LESS")) -> OK | H112: =IF(H110>=87,"OK",IF(H110<=87,"LESS")) -> OK | I112: =IF(I110>=87,"OK",IF(I110<=87,"LESS")) -> OK | ... Q112: =IF(Q110>=87,"OK",IF(Q110<=87,"LESS")) -> OK
A115: Done by | B115: RK
A117: Comment

Sheet 17
A1: Station: | B1: BHATAGAON RAIPUR
A2: Date: | B2: =$A$9 -> 17-02-2023 00:15 | D2: Power Off | G2: Pw.Off | L2: Link Fail | N2: Link F | P2: Maintenance | R2: Maint.
A3: Report Type: | B3: Mean | D3: Calibration | G3: Calib. | L3: Data Fail | N3: Data F | P3: Invalid | R3: Invalid
A4: Time Base: | B4: 15 Min | D4: Zero Referrence | G4: Z.Ref | L4: Warm Up | N4: Wm. Up
A7: Date & Time | B7: NO_BHATAGAON | C7: NO2__BHATAGAON | D7: NOX_BHATAGAON | E7: SO2__BHATAGAON | F7: O3__BHATAGAON | G7: PM10__BHATAGAON | H7: PM2_5__BHATAGAON | I7: BENZ__BHATAGAON | J7: WS__BHATAGAON | K7: WD__BHATAGAON | L7: TEMP__BHATAGAON | M7: HUM__BHATAGAON | N7: SR__BHATAGAON | O7: RG__BHATAGAON | P7: CO__BHATAGAON | Q7: NH3__BHATAGAON
B8: ug/m3 | C8: ug/m3 | D8: ppb | E8: ug/m3 | F8: ug/m3 | G8: ug/m3 | H8: ug/m3 | I8: ug/m3 | J8: m/sec | K8: deg | L8: degreC | M8: % | N8: w/m2 | O8: mm | P8: mg/m3 | Q8: ug/m3
A9: 17-02-2023 00:15 | B9: 35.89 | C9: 104.99 | D9: 86.72 | E9: 4.45 | F9: 3.48 | G9: 110.92 | H9: 40.06 | I9: 0.98 | J9: 0.37 | K9: 72.24 | L9: 22.67 | M9: 36.98 | N9: 4.1 | O9: 0 | P9: 1.62 | Q9: 30.71
A10: 17-02-2023 00:30 | B10: 35.19 | C10: 107.24 | D10: 87.4 | E10: 4.26 | F10: 2.63 | G10: 95.2 | H10: 36.35 | I10: 0.98 | J10: 0.29 | K10: 61.06 | L10: 22.47 | M10: 37.5 | N10: 4.2 | O10: 0 | P10: 1.62 | Q10: 31.02
A11: 17-02-2023 00:45 | B11: 34.18 | C11: 106.99 | D11: 86.45 | E11: 3.86 | F11: 1.78 | G11: 72.67 | H11: 31.02 | I11: 0.95 | J11: 0.3 | K11: 68.92 | L11: 22.4 | M11: 37.18 | N11: 4 | O11: 0 | P11: 1.56 | Q11: 31.7
A12: 17-02-2023 01:00 | B12: 30.96 | C12: 104.61 | D12: 82.56 | E12: 3.48 | F12: 1.53 | G12: 72.67 | H12: 31.02 | I12: 0.89 | J12: 0.25 | K12: 52.01 | L12: 22.11 | M12: 38.03 | N12: 4.3 | O12: 0 | P12: 1.5 | Q12: 31.56
A13: 17-02-2023 01:15 | B13: 27.67 | C13: 103.09 | D13: 79.08 | E13: 4.02 | F13: 1.49 | G13: 72.67 | H13: 31.02 | I13: 0.86 | J13: 0.32 | K13: 81.22 | L13: 21.95 | M13: 38.57 | N13: 4.1 | O13: 0 | P13: 1.38 | Q13: 31.16
A14: 17-02-2023 01:30 | B14: 24.44 | C14: 101.41 | D14: 75.57 | E14: 3.42 | F14: 1.45 | G14: 72.46 | H14: 30.67 | I14: 0.9 | J14: 0.37 | K14: 82.89 | L14: 21.74 | M14: 39.14 | N14: 4 | O14: 0 | P14: 1.36 | Q14: 30.76
A15: 17-02-2023 01:45 | B15: 21.26 | C15: 99.03 | D15: 71.7 | E15: 3.55 | F15: 1.55 | G15: 72.15 | H15: 30.17 | I15: 0.82 | J15: 0.31 | K15: 63 | L15: 21.75 | M15: 39.44 | N15: 4.1 | O15: 0 | P15: 1.3 | Q15: 30.4
A16: 17-02-2023 02:00 | B16: 18.33 | C16: 97.86 | D16: 68.7 | E16: 3.58 | F16: 1.45 | G16: 72.15 | H16: 30.17 | I16: 0.79 | J16: 0.38 | K16: 32.52 | L16: 21.53 | M16: 40.46 | N16: 4 | O16: 0 | P16: 1.25 | Q16: 30.1
A17: 17-02-2023 02:15 | B17: 14.56 | C17: 93.58 | D17: 63.32 | E17: 3.6 | F17: 2.43 | G17: 72.15 | H17: 30.17 | I17: 0.77 | J17: 0.27 | K17: 66.36 | L17: 21.36 | M17: 40.78 | N17: 4.2 | O17: 0 | P17: 1.19 | Q17: 29.32
A18: 17-02-2023 02:30 | B18: 13.06 | C18: 89.73 | D18: 60 | E18: 3.68 | F18: 3.11 | G18: 63.89 | H18: 29.18 | I18: 0.74 | J18: 0.34 | K18: 60 | L18: 21.1 | M18: 41.76 | N18: 4 | O18: 0 | P18: 1.16 | Q18: 28.44
A19: 17-02-2023 02:45 | B19: 12.28 | C19: 90.15 | D19: 59.6 | E19: 3.7 | F19: 3.1 | G19: 52.05 | H19: 27.76 | I19: 0.73 | J19: 0.71 | K19: 21.85 | L19: 21.2 | M19: 41.98 | N19: 3.7 | O19: 0 | P19: 1.12 | Q19: 28.11
A20: 17-02-2023 03:00 | B20: 10.71 | C20: 88.19 | D20: 57.26 | E20: 4.36 | F20: 3.3 | G20: 52.05 | H20: 27.76 | I20: 0.72 | J20: 0.69 | K20: 23.88 | L20: 21.08 | M20: 42.66 | N20: 3.9 | O20: 0 | P20: 1.08 | Q20: 28.01
... A104: 17-02-2023 24:00 | B104: 37.17 | C104: 134.39 | D104: 103.98 | E104: 6.25 | F104: 2.67 | G104: 134.09 | H104: 69.59 | I104: 1.11 | J104: 0.21 | K104: 349.81 | L104: 21.65 | M104: 50.53 | N104: 4.2 | O104: 0 | P104: 2.48 | Q104: 32.3
A106: Min | B106: =MIN(B9:B104) -> 1.14 | C106: =MIN(C9:C104) -> 86.6 | D106: =MIN(D9:D104) -> 51.17 | E106: =MIN(E9:E104) -> 3.42 | F106: =MIN(F9:F104) -> 1.4 | G106: =MIN(G9:G104) -> 46.74 | H106: =MIN(H9:H104) -> 26.5 | I106: =MIN(I9:I104) -> 0.58 | ... Q106: =MIN(Q9:Q104) -> 25.9
A107: Max | B107: =MAX(B9:B104) -> 47.78 | C107: =MAX(C9:C104) -> 141.61 | D107: =MAX(D9:D104) -> 116.39 | E107: =MAX(E9:E104) -> 25.88 | F107: =MAX(F9:F104) -> 12.33 | G107: =MAX(G9:G104) -> 232.75 | H107: =MAX(H9:H104) -> 75.36 | I107: =MAX(I9:I104) -> 1.19 | ... Q107: =MAX(Q9:Q104) -> 34.39
A108: Avg | B108: =AVERAGE(B9:B104) -> 13.557396 | C108: =AVERAGE(C9:C104) -> 105.87021 | D108: =AVERAGE(D9:D104) -> 69.299479 | E108: =AVERAGE(E9:E104) -> 8.0538542 | F108: =AVERAGE(F9:F104) -> 3.4765625 | G108: =AVERAGE(G9:G104) -> 100.88917 | H108: =AVERAGE(H9:H104) -> 42.10875 | I108: =AVERAGE(I9:I104) -> 0.72416667 | ... Q108: =AVERAGE(Q9:Q104) -> 28.637708
A109: Stdev | B109: =STDEV(B9:B104) -> 13.102836 | C109: =STDEV(C9:C104) -> 16.060049 | D109: =STDEV(D9:D104) -> 18.222137 | E109: =STDEV(E9:E104) -> 3.5219425 | F109: =STDEV(F9:F104) -> 2.6247405 | G109: =STDEV(G9:G104) -> 45.044159 | H109: =STDEV(H9:H104) -> 11.841401 | I109: =STDEV(I9:I104) -> 0.17026708 | ... Q109: =STDEV(Q9:Q104) -> 2.1276211
A110: Num | B110: =COUNT(B9:B104) -> 96 | C110: =COUNT(C9:C104) -> 96 | D110: =COUNT(D9:D104) -> 96 | E110: =COUNT(E9:E104) -> 96 | F110: =COUNT(F9:F104) -> 96 | G110: =COUNT(G9:G104) -> 96 | H110: =COUNT(H9:H104) -> 96 | I110: =COUNT(I9:I104) -> 96 | ... Q110: =COUNT(Q9:Q104) -> 96
A111: DCR | B111: =IF(B110>=87,">90%",IF(B110<=87,"<90%")) -> >90% | C111: =IF(C110>=87,">90%",IF(C110<=87,"<90%")) -> >90% | D111: =IF(D110>=87,">90%",IF(D110<=87,"<90%")) -> >90% | E111: =IF(E110>=87,">90%",IF(E110<=87,"<90%")) -> >90% | F111: =IF(F110>=87,">90%",IF(F110<=87,"<90%")) -> >90% | G111: =IF(G110>=87,">90%",IF(G110<=87,"<90%")) -> >90% | H111: =IF(H110>=87,">90%",IF(H110<=87,"<90%")) -> >90% | I111: =IF(I110>=87,">90%",IF(I110<=87,"<90%")) -> >90% | ... Q111: =IF(Q110>=87,">90%",IF(Q110<=87,"<90%")) -> >90%
A112: Status | B112: =IF(B110>=87,"OK",IF(B110<=87,"LESS")) -> OK | C112: =IF(C110>=87,"OK",IF(C110<=87,"LESS")) -> OK | D112: =IF(D110>=87,"OK",IF(D110<=87,"LESS")) -> OK | E112: =IF(E110>=87,"OK",IF(E110<=87,"LESS")) -> OK | F112: =IF(F110>=87,"OK",IF(F110<=87,"LESS")) -> OK | G112: =IF(G110>=87,"OK",IF(G110<=87,"LESS")) -> OK | H112: =IF(H110>=87,"OK",IF(H110<=87,"LESS")) -> OK | I112: =IF(I110>=87,"OK",IF(I110<=87,"LESS")) -> OK | ... Q112: =IF(Q110>=87,"OK",IF(Q110<=87,"LESS")) -> OK
A115: Done by | B115: RK
A117: Comment

Sheet 18
A1: Station: | B1: BHATAGAON RAIPUR
A2: Date: | B2: =$A$9 -> 18-02-2023 00:15 | D2: Power Off | G2: Pw.Off | L2: Link Fail | N2: Link F | P2: Maintenance | R2: Maint.
A3: Report Type: | B3: Mean | D3: Calibration | G3: Calib. | L3: Data Fail | N3: Data F | P3: Invalid | R3: Invalid
A4: Time Base: | B4: 15 Min | D4: Zero Referrence | G4: Z.Ref | L4: Warm Up | N4: Wm. Up
A7: Date & Time | B7: NO_BHATAGAON | C7: NO2__BHATAGAON | D7: NOX_BHATAGAON | E7: SO2__BHATAGAON | F7: O3__BHATAGAON | G7: PM10__BHATAGAON | H7: PM2_5__BHATAGAON | I7: BENZ__BHATAGAON | J7: WS__BHATAGAON | K7: WD__BHATAGAON | L7: TEMP__BHATAGAON | M7: HUM__BHATAGAON | N7: SR__BHATAGAON | O7: RG__BHATAGAON | P7: CO__BHATAGAON | Q7: NH3__BHATAGAON
B8: ug/m3 | C8: ug/m3 | D8: ppb | E8: ug/m3 | F8: ug/m3 | G8: ug/m3 | H8: ug/m3 | I8: ug/m3 | J8: m/sec | K8: deg | L8: degreC | M8: % | N8: w/m2 | O8: mm | P8: mg/m3 | Q8: ug/m3
A9: 18-02-2023 00:15 | B9: 32.68 | C9: 131.2 | D9: 98.61 | E9: 7.95 | F9: 2.34 | G9: 134.09 | H9: 69.59 | I9: 0.98 | J9: 0.06 | K9: 44.45 | L9: 21.44 | M9: 51.45 | N9: 4.7 | O9: 0 | P9: 2.43 | Q9: 32.09
A10: 18-02-2023 00:30 | B10: 31.1 | C10: 129.13 | D10: 96.2 | E10: 8.45 | F10: 2.83 | G10: 127.86 | H10: 67.35 | I10: 0.98 | J10: 0.34 | K10: 9.33 | L10: 20.91 | M10: 57.17 | N10: 4.2 | O10: 0 | P10: 2.39 | Q10: 31.99
A11: 18-02-2023 00:45 | B11: 29.83 | C11: 127.03 | D11: 94.03 | E11: 9.45 | F11: 2.75 | G11: 118.95 | H11: 64.13 | I11: 0.96 | J11: 0.19 | K11: 0.22 | L11: 20.91 | M11: 54.78 | N11: 4.2 | O11: 0 | P11: 2.38 | Q11: 32.03
A12: 18-02-2023 01:00 | B12: 28.49 | C12: 125.93 | D12: 92.34 | E12: 8.11 | F12: 2.5 | G12: 118.95 | H12: 64.13 | I12: 0.95 | J12: 0.13 | K12: 15.12 | L12: 20.81 | M12: 55.87 | N12: 4.5 | O12: 0 | P12: 2.35 | Q12: 32.08
A13: 18-02-2023 01:15 | B13: 27.19 | C13: 121.31 | D13: 88.76 | E13: 7.48 | F13: 3.03 | G13: 118.95 | H13: 64.13 | I13: 0.94 | J13: 0.48 | K13: 34.12 | L13: 21.16 | M13: 52.5 | N13: 3.6 | O13: 0 | P13: 2.21 | Q13: 32.13
A14: 18-02-2023 01:30 | B14: 25.94 | C14: 119.4 | D14: 86.69 | E14: 7.46 | F14: 2.89 | G14: 126.41 | H14: 65.46 | I14: 0.94 | J14: 0.79 | K14: 26.52 | L14: 21.12 | M14: 53.46 | N14: 3.8 | O14: 0 | P14: 2.25 | Q14: 32.03
A15: 18-02-2023 01:45 | B15: 25.03 | C15: 120.99 | D15: 86.84 | E15: 7.5 | F15: 1.88 | G15: 137.09 | H15: 67.36 | I15: 0.92 | J15: 1.03 | K15: 20.12 | L15: 21.34 | M15: 52.6 | N15: 3.6 | O15: 0 | P15: 2.18 | Q15: 32.7
A16: 18-02-2023 02:00 | B16: 21.88 | C16: 119.67 | D16: 83.59 | E16: 8.75 | F16: 1.92 | G16: 137.09 | H16: 67.36 | I16: 0.92 | J16: 1.13 | K16: 20.81 | L16: 21.61 | M16: 50.31 | N16: 3.9 | O16: 0 | P16: 2.11 | Q16: 32.62
A17: 18-02-2023 02:15 | B17: 17.84 | C17: 117.51 | D17: 79.15 | E17: 7.44 | F17: 2.03 | G17: 137.09 | H17: 67.36 | I17: 0.89 | J17: 0.99 | K17: 18.17 | L17: 21.55 | M17: 49.59 | N17: 4.3 | O17: 0 | P17: 2.01 | Q17: 31.87
A18: 18-02-2023 02:30 | B18: 14.22 | C18: 115.17 | D18: 74.96 | E18: 7.2 | F18: 1.96 | G18: 124.4 | H18: 66.67 | I18: 0.86 | J18: 0.77 | K18: 21.49 | L18: 21.46 | M18: 49.81 | N18: 4.3 | O18: 0 | P18: 1.89 | Q18: 31.09
A19: 18-02-2023 02:45 | B19: 11.33 | C19: 113.4 | D19: 71.67 | E19: 8.05 | F19: 1.87 | G19: 106.22 | H19: 65.66 | I19: 0.82 | J19: 0.42 | K19: 37.31 | L19: 21.34 | M19: 52.42 | N19: 4.5 | O19: 0 | P19: 1.83 | Q19: 30.52
A20: 18-02-2023 03:00 | B20: 9.95 | C20: 112.79 | D20: 70.22 | E20: 9.93 | F20: 1.8 | G20: 106.22 | H20: 65.66 | I20: 0.79 | J20: 0.66 | K20: 24.48 | L20: 21.15 | M20: 52.64 | N20: 4.1 | O20: 0 | P20: 1.81 | Q20: 30.27
... A104: 18-02-2023 24:00 | B104: 30.91 | C104: 125.46 | D104: 94.03 | E104: 3.21 | F104: 1.68 | G104: 177.27 | H104: 83.5 | I104: 1.36 | J104: 0.2 | K104: 21.17 | L104: 22.01 | M104: 60.8 | N104: 4.8 | O104: 0 | P104: 3.47 | Q104: 37.22
A106: Min | B106: =MIN(B9:B104) -> 0.63 | C106: =MIN(C9:C104) -> 37.7 | D106: =MIN(D9:D104) -> 21.53 | E106: =MIN(E9:E104) -> 3.21 | F106: =MIN(F9:F104) -> 1.4 | G106: =MIN(G9:G104) -> 48.18 | H106: =MIN(H9:H104) -> 31.69 | I106: =MIN(I9:I104) -> 0.46 | ... Q106: =MIN(Q9:Q104) -> 13.74
A107: Max | B107: =MAX(B9:B104) -> 32.84 | C107: =MAX(C9:C104) -> 141.42 | D107: =MAX(D9:D104) -> 101.33 | E107: =MAX(E9:E104) -> 33.09 | F107: =MAX(F9:F104) -> 40.57 | G107: =MAX(G9:G104) -> 220.74 | H107: =MAX(H9:H104) -> 115.7 | I107: =MAX(I9:I104) -> 1.4 | ... Q107: =MAX(Q9:Q104) -> 37.74
A108: Avg | B108: =AVERAGE(B9:B104) -> 9.2725 | C108: =AVERAGE(C9:C104) -> 94.281979 | D108: =AVERAGE(D9:D104) -> 59.468125 | E108: =AVERAGE(E9:E104) -> 10.075938 | F108: =AVERAGE(F9:F104) -> 8.3266667 | G108: =AVERAGE(G9:G104) -> 104.41 | H108: =AVERAGE(H9:H104) -> 53.610312 | I108: =AVERAGE(I9:I104) -> 0.751875 | ... Q108: =AVERAGE(Q9:Q104) -> 26.864479
A109: Stdev | B109: =STDEV(B9:B104) -> 10.322047 | C109: =STDEV(C9:C104) -> 27.163309 | D109: =STDEV(D9:D104) -> 22.255039 | E109: =STDEV(E9:E104) -> 5.3242871 | F109: =STDEV(F9:F104) -> 9.4391622 | G109: =STDEV(G9:G104) -> 43.460821 | H109: =STDEV(H9:H104) -> 18.850706 | I109: =STDEV(I9:I104) -> 0.25834825 | ... Q109: =STDEV(Q9:Q104) -> 6.4480647
A110: Num | B110: =COUNT(B9:B104) -> 96 | C110: =COUNT(C9:C104) -> 96 | D110: =COUNT(D9:D104) -> 96 | E110: =COUNT(E9:E104) -> 96 | F110: =COUNT(F9:F104) -> 96 | G110: =COUNT(G9:G104) -> 96 | H110: =COUNT(H9:H104) -> 96 | I110: =COUNT(I9:I104) -> 96 | ... Q110: =COUNT(Q9:Q104) -> 96
A111: DCR | B111: =IF(B110>=87,">90%",IF(B110<=87,"<90%")) -> >90% | C111: =IF(C110>=87,">90%",IF(C110<=87,"<90%")) -> >90% | D111: =IF(D110>=87,">90%",IF(D110<=87,"<90%")) -> >90% | E111: =IF(E110>=87,">90%",IF(E110<=87,"<90%")) -> >90% | F111: =IF(F110>=87,">90%",IF(F110<=87,"<90%")) -> >90% | G111: =IF(G110>=87,">90%",IF(G110<=87,"<90%")) -> >90% | H111: =IF(H110>=87,">90%",IF(H110<=87,"<90%")) -> >90% | I111: =IF(I110>=87,">90%",IF(I110<=87,"<90%")) -> >90% | ... Q111: =IF(Q110>=87,">90%",IF(Q110<=87,"<90%")) -> >90%
A112: Status | B112: =IF(B110>=87,"OK",IF(B110<=87,"LESS")) -> OK | C112: =IF(C110>=87,"OK",IF(C110<=87,"LESS")) -> OK | D112: =IF(D110>=87,"OK",IF(D110<=87,"LESS")) -> OK | E112: =IF(E110>=87,"OK",IF(E110<=87,"LESS")) -> OK | F112: =IF(F110>=87,"OK",IF(F110<=87,"LESS")) -> OK | G112: =IF(G110>=87,"OK",IF(G110<=87,"LESS")) -> OK | H112: =IF(H110>=87,"OK",IF(H110<=87,"LESS")) -> OK | I112: =IF(I110>=87,"OK",IF(I110<=87,"LESS")) -> OK | ... Q112: =IF(Q110>=87,"OK",IF(Q110<=87,"LESS")) -> OK
A115: Done by | B115: RK
A117: Comment

Sheet 19
A1: Station: | B1: BHATAGAON RAIPUR
A2: Date: | B2: =$A$9 -> 19-02-2023 00:15 | D2: Power Off | G2: Pw.Off | L2: Link Fail | N2: Link F | P2: Maintenance | R2: Maint.
A3: Report Type: | B3: Mean | D3: Calibration | G3: Calib. | L3: Data Fail | N3: Data F | P3: Invalid | R3: Invalid
A4: Time Base: | B4: 15 Min | D4: Zero Referrence | G4: Z.Ref | L4: Warm Up | N4: Wm. Up
A7: Date & Time | B7: NO_BHATAGAON | C7: NO2__BHATAGAON | D7: NOX_BHATAGAON | E7: SO2__BHATAGAON | F7: O3__BHATAGAON | G7: PM10__BHATAGAON | H7: PM2_5__BHATAGAON | I7: BENZ__BHATAGAON | J7: WS__BHATAGAON | K7: WD__BHATAGAON | L7: TEMP__BHATAGAON | M7: HUM__BHATAGAON | N7: SR__BHATAGAON | O7: RG__BHATAGAON | P7: CO__BHATAGAON | Q7: NH3__BHATAGAON
B8: ug/m3 | C8: ug/m3 | D8: ppb | E8: ug/m3 | F8: ug/m3 | G8: ug/m3 | H8: ug/m3 | I8: ug/m3 | J8: m/sec | K8: deg | L8: degreC | M8: % | N8: w/m2 | O8: mm | P8: mg/m3 | Q8: ug/m3
A9: 19-02-2023 00:15 | B9: 34.03 | C9: 126.76 | D9: 97.25 | E9: 5.25 | F9: 1.64 | G9: 177.27 | H9: 83.5 | I9: 1.35 | J9: 0.14 | K9: 27.93 | L9: 21.64 | M9: 62.76 | N9: 4.7 | O9: 0 | P9: 3.53 | Q9: 36.98
A10: 19-02-2023 00:30 | B10: 37.41 | C10: 128.35 | D10: 100.84 | E10: 5.56 | F10: 1.4 | G10: 177.27 | H10: 96.48 | I10: 1.33 | J10: 0.12 | K10: 16.61 | L10: 21.31 | M10: 63.08 | N10: 4.6 | O10: 0 | P10: 3.58 | Q10: 36.88
A11: 19-02-2023 00:45 | B11: 40.12 | C11: 129.91 | D11: 103.87 | E11: 5.32 | F11: 1.4 | G11: 275.93 | H11: 115.07 | I11: 1.34 | J11: 0.13 | K11: 79.36 | L11: 21.41 | M11: 64.61 | N11: 4.3 | O11: 0 | P11: 3.62 | Q11: 36.45
A12: 19-02-2023 01:00 | B12: 43.72 | C12: 131.22 | D12: 107.48 | E12: 5.47 | F12: 1.4 | G12: 275.93 | H12: 115.07 | I12: 1.33 | J12: 0.08 | K12: 142.56 | L12: 21.28 | M12: 64.44 | N12: 4.6 | O12: 0 | P12: 3.65 | Q12: 35.67
A13: 19-02-2023 01:15 | B13: 42.06 | C13: 127.76 | D13: 104.24 | E13: 5.22 | F13: 1.4 | G13: 275.93 | H13: 115.07 | I13: 1.34 | J13: 0.21 | K13: 239.92 | L13: 21.5 | M13: 63.4 | N13: 3.8 | O13: 0 | P13: 3.33 | Q13: 35.53
A14: 19-02-2023 01:30 | B14: 39.38 | C14: 126.21 | D14: 101.23 | E14: 5.51 | F14: 1.4 | G14: 249.45 | H14: 115.9 | I14: 1.35 | J14: 0.11 | K14: 85.42 | L14: 21.6 | M14: 62.25 | N14: 4.4 | O14: 0 | P14: 3.48 | Q14: 35.44
A15: 19-02-2023 01:45 | B15: 39.22 | C15: 122.56 | D15: 99.09 | E15: 5.97 | F15: 1.46 | G15: 249.45 | H15: 117.09 | I15: 1.35 | J15: 0.34 | K15: 104.6 | L15: 22.59 | M15: 53.74 | N15: 3.2 | O15: 0 | P15: 3.43 | Q15: 35.29
A16: 19-02-2023 02:00 | B16: 37.17 | C16: 120.27 | D16: 96.18 | E16: 6.2 | F16: 2.05 | G16: 249.45 | H16: 117.09 | I16: 1.35 | J16: 0.06 | K16: 313.31 | L16: 21.67 | M16: 59.23 | N16: 4.8 | O16: 0 | P16: 3.36 | Q16: 35.45
A17: 19-02-2023 02:15 | B17: 37.56 | C17: 119.04 | D17: 95.81 | E17: 5.48 | F17: 1.96 | G17: 249.45 | H17: 117.09 | I17: 1.36 | J17: 0.14 | K17: 355.66 | L17: 21.06 | M17: 63.35 | N17: 4.7 | O17: 0 | P17: 3.3 | Q17: 35.59
A18: 19-02-2023 02:30 | B18: 37.66 | C18: 117.95 | D18: 95.3 | E18: 4.98 | F18: 1.72 | G18: 225.88 | H18: 105.03 | I18: 1.34 | J18: 0.09 | K18: 85.38 | L18: 20.62 | M18: 68.14 | N18: 4.6 | O18: 0 | P18: 3.26 | Q18: 35.46
A19: 19-02-2023 02:45 | B19: 35.29 | C19: 115.58 | D19: 92.09 | E19: 5 | F19: 1.58 | G19: 192.12 | H19: 87.75 | I19: 1.32 | J19: 0.09 | K19: 190.62 | L19: 20.99 | M19: 64.41 | N19: 4.3 | O19: 0 | P19: 3.21 | Q19: 36.05
A20: 19-02-2023 03:00 | B20: 36.38 | C20: 114.86 | D20: 92.56 | E20: 4.82 | F20: 1.47 | G20: 192.12 | H20: 87.75 | I20: 1.31 | J20: 0.04 | K20: 347.18 | L20: 20.52 | M20: 67.4 | N20: 4.7 | O20: 0 | P20: 3.15 | Q20: 36.39
... A104: 19-02-2023 24:00 | B104: 64.23 | C104: 142.22 | D104: 130 | E104: 2.48 | F104: 1.4 | G104: 159.06 | H104: 64.46 | I104: 1.29 | J104: 0.21 | K104: 252.09 | L104: 22.63 | M104: 59.17 | N104: 3.6 | O104: 0 | P104: 2.75 | Q104: 36.59
A106: Min | B106: =MIN(B9:B104) -> 0.88 | C106: =MIN(C9:C104) -> 67.8 | D106: =MIN(D9:D104) -> 38.12 | E106: =MIN(E9:E104) -> 2.43 | F106: =MIN(F9:F104) -> 1.4 | G106: =MIN(G9:G104) -> 49.44 | H106: =MIN(H9:H104) -> 29.99 | I106: =MIN(I9:I104) -> 0.59 | ... Q106: =MIN(Q9:Q104) -> 29.13
A107: Max | B107: =MAX(B9:B104) -> 65.73 | C107: =MAX(C9:C104) -> 147.02 | D107: =MAX(D9:D104) -> 133.49 | E107: =MAX(E9:E104) -> 25.89 | F107: =MAX(F9:F104) -> 43.78 | G107: =MAX(G9:G104) -> 278.55 | H107: =MAX(H9:H104) -> 131.33 | I107: =MAX(I9:I104) -> 1.36 | ... Q107: =MAX(Q9:Q104) -> 36.98
A108: Avg | B108: =AVERAGE(B9:B104) -> 25.286562 | C108: =AVERAGE(C9:C104) -> 110.02917 | D108: =AVERAGE(D9:D104) -> 81.000521 | E108: =AVERAGE(E9:E104) -> 6.3307292 | F108: =AVERAGE(F9:F104) -> 5.0975 | G108: =AVERAGE(G9:G104) -> 148.6425 | H108: =AVERAGE(H9:H104) -> 70.544896 | I108: =AVERAGE(I9:I104) -> 0.95427083 | ... Q108: =AVERAGE(Q9:Q104) -> 33.080313
A109: Stdev | B109: =STDEV(B9:B104) -> 18.988718 | C109: =STDEV(C9:C104) -> 19.744692 | D109: =STDEV(D9:D104) -> 25.086849 | E109: =STDEV(E9:E104) -> 3.142378 | F109: =STDEV(F9:F104) -> 8.1725546 | G109: =STDEV(G9:G104) -> 74.118211 | H109: =STDEV(H9:H104) -> 32.396522 | I109: =STDEV(I9:I104) -> 0.24640038 | ... Q109: =STDEV(Q9:Q104) -> 2.2595428
A110: Num | B110: =COUNT(B9:B104) -> 96 | C110: =COUNT(C9:C104) -> 96 | D110: =COUNT(D9:D104) -> 96 | E110: =COUNT(E9:E104) -> 96 | F110: =COUNT(F9:F104) -> 96 | G110: =COUNT(G9:G104) -> 96 | H110: =COUNT(H9:H104) -> 96 | I110: =COUNT(I9:I104) -> 96 | ... Q110: =COUNT(Q9:Q104) -> 96
A111: DCR | B111: =IF(B110>=87,">90%",IF(B110<=87,"<90%")) -> >90% | C111: =IF(C110>=87,">90%",IF(C110<=87,"<90%")) -> >90% | D111: =IF(D110>=87,">90%",IF(D110<=87,"<90%")) -> >90% | E111: =IF(E110>=87,">90%",IF(E110<=87,"<90%")) -> >90% | F111: =IF(F110>=87,">90%",IF(F110<=87,"<90%")) -> >90% | G111: =IF(G110>=87,">90%",IF(G110<=87,"<90%")) -> >90% | H111: =IF(H110>=87,">90%",IF(H110<=87,"<90%")) -> >90% | I111: =IF(I110>=87,">90%",IF(I110<=87,"<90%")) -> >90% | ... Q111: =IF(Q110>=87,">90%",IF(Q110<=87,"<90%")) -> >90%
A112: Status | B112: =IF(B110>=87,"OK",IF(B110<=87,"LESS")) -> OK | C112: =IF(C110>=87,"OK",IF(C110<=87,"LESS")) -> OK | D112: =IF(D110>=87,"OK",IF(D110<=87,"LESS")) -> OK | E112: =IF(E110>=87,"OK",IF(E110<=87,"LESS")) -> OK | F112: =IF(F110>=87,"OK",IF(F110<=87,"LESS")) -> OK | G112: =IF(G110>=87,"OK",IF(G110<=87,"LESS")) -> OK | H112: =IF(H110>=87,"OK",IF(H110<=87,"LESS")) -> OK | I112: =IF(I110>=87,"OK",IF(I110<=87,"LESS")) -> OK | ... Q112: =IF(Q110>=87,"OK",IF(Q110<=87,"LESS")) -> OK
A115: Done by | B115: RK
A117: Comment

Sheet 20
A1: Station: | B1: BHATAGAON RAIPUR
A2: Date: | B2: =$A$9 -> 20-02-2023 00:15 | D2: Power Off | G2: Pw.Off | L2: Link Fail | N2: Link F | P2: Maintenance | R2: Maint.
A3: Report Type: | B3: Mean | D3: Calibration | G3: Calib. | L3: Data Fail | N3: Data F | P3: Invalid | R3: Invalid
A4: Time Base: | B4: 15 Min | D4: Zero Referrence | G4: Z.Ref | L4: Warm Up | N4: Wm. Up
A7: Date & Time | B7: NO_BHATAGAON | C7: NO2__BHATAGAON | D7: NOX_BHATAGAON | E7: SO2__BHATAGAON | F7: O3__BHATAGAON | G7: PM10__BHATAGAON | H7: PM2_5__BHATAGAON | I7: BENZ__BHATAGAON | J7: WS__BHATAGAON | K7: WD__BHATAGAON | L7: TEMP__BHATAGAON | M7: HUM__BHATAGAON | N7: SR__BHATAGAON | O7: RG__BHATAGAON | P7: CO__BHATAGAON | Q7: NH3__BHATAGAON
B8: ug/m3 | C8: ug/m3 | D8: ppb | E8: ug/m3 | F8: ug/m3 | G8: ug/m3 | H8: ug/m3 | I8: ug/m3 | J8: m/sec | K8: deg | L8: degreC | M8: % | N8: w/m2 | O8: mm | P8: mg/m3 | Q8: ug/m3
A9: 20-02-2023 00:15 | B9: 60.52 | C9: 136.42 | D9: 123.82 | E9: 4.65 | F9: 1.4 | G9: 159.06 | H9: 64.46 | I9: 1.29 | J9: 0.08 | K9: 234.67 | L9: 22.91 | M9: 57.99 | N9: 3.6 | O9: 0 | P9: 2.73 | Q9: 37.63
A10: 20-02-2023 00:30 | B10: 60.87 | C10: 135.56 | D10: 123.63 | E10: 4.57 | F10: 1.4 | G10: 149.66 | H10: 64.15 | I10: 1.31 | J10: 0.26 | K10: 41.28 | L10: 22.03 | M10: 62.55 | N10: 4.7 | O10: 0 | P10: 2.69 | Q10: 37.87
A11: 20-02-2023 00:45 | B11: 58.22 | C11: 133.76 | D11: 120.51 | E11: 4.67 | F11: 1.4 | G11: 136.2 | H11: 63.7 | I11: 1.32 | J11: 0.11 | K11: 277.76 | L11: 21.89 | M11: 60.93 | N11: 4.6 | O11: 0 | P11: 2.62 | Q11: 37.46
A12: 20-02-2023 01:00 | B12: 54.98 | C12: 131.41 | D12: 116.61 | E12: 4.28 | F12: 1.4 | G12: 136.2 | H12: 63.7 | I12: 1.29 | J12: 0.12 | K12: 259.7 | L12: 21.57 | M12: 62.63 | N12: 4.3 | O12: 0 | P12: 2.54 | Q12: 37.13
A13: 20-02-2023 01:15 | B13: 51.36 | C13: 128.89 | D13: 112.31 | E13: 4.52 | F13: 1.4 | G13: 136.2 | H13: 63.7 | I13: 1.16 | J13: 0.08 | K13: 304.43 | L13: 21.61 | M13: 61.15 | N13: 4.3 | O13: 0 | P13: 2.23 | Q13: 36.65
A14: 20-02-2023 01:30 | B14: 47.56 | C14: 125.99 | D14: 107.67 | E14: 4.08 | F14: 1.45 | G14: 120.02 | H14: 59.26 | I14: 1.12 | J14: 0.09 | K14: 27.7 | L14: 21.17 | M14: 61.99 | N14: 4.5 | O14: 0 | P14: 2.28 | Q14: 36.12
A15: 20-02-2023 01:45 | B15: 43.67 | C15: 123.09 | D15: 102.95 | E15: 4.32 | F15: 1.44 | G15: 96.84 | H15: 52.89 | I15: 1.08 | J15: 0.04 | K15: 174.82 | L15: 20.94 | M15: 59.68 | N15: 4.3 | O15: 0 | P15: 2.19 | Q15: 35.47
A16: 20-02-2023 02:00 | B16: 36.93 | C16: 114.72 | D16: 92.93 | E16: 4.27 | F16: 2.35 | G16: 96.84 | H16: 52.89 | I16: 1.05 | J16: 0.1 | K16: 258.39 | L16: 20.99 | M16: 56.68 | N16: 4.3 | O16: 0 | P16: 2.08 | Q16: 34.59
A17: 20-02-2023 02:15 | B17: 35.16 | C17: 112.87 | D17: 90.49 | E17: 4.03 | F17: 1.91 | G17: 96.84 | H17: 52.89 | I17: 1.02 | J17: 0.01 | K17: 192.77 | L17: 20.81 | M17: 55.06 | N17: 4.4 | O17: 0 | P17: 2.04 | Q17: 33.91
A18: 20-02-2023 02:30 | B18: 32.22 | C18: 110.01 | D18: 86.55 | E18: 3.7 | F18: 1.86 | G18: 90.82 | H18: 50.08 | I18: 0.99 | J18: 0.05 | K18: 225.41 | L18: 20.72 | M18: 54.19 | N18: 4.5 | O18: 0 | P18: 1.96 | Q18: 33.72
A19: 20-02-2023 02:45 | B19: 32.65 | C19: 110.63 | D19: 87.24 | E19: 3.83 | F19: 1.71 | G19: 82.2 | H19: 46.05 | I19: 0.97 | J19: 0.07 | K19: 282.42 | L19: 20.49 | M19: 54.03 | N19: 4.5 | O19: 0 | P19: 1.95 | Q19: 33.71
A20: 20-02-2023 03:00 | B20: 32.37 | C20: 109.3 | D20: 86.27 | E20: 3.6 | F20: 1.65 | G20: 82.2 | H20: 46.05 | I20: 0.95 | J20: 0.11 | K20: 328.24 | L20: 20.68 | M20: 51.99 | N20: 4.3 | O20: 0 | P20: 1.9 | Q20: 33.61
... A104: 20-02-2023 24:00 | B104: 152.73 | C104: 124.9 | D104: 191.41 | E104: 2.98 | F104: 1.42 | G104: 154.47 | H104: 57.61 | I104: 1.17 | J104: 0.11 | K104: 89.13 | L104: 20.23 | M104: 53.63 | N104: 4.2 | O104: 0 | P104: 2.22 | Q104: 33.92
A106: Min | B106: =MIN(B9:B104) -> 1.05 | C106: =MIN(C9:C104) -> 65.26 | D106: =MIN(D9:D104) -> 37.88 | E106: =MIN(E9:E104) -> 2.37 | F106: =MIN(F9:F104) -> 1.4 | G106: =MIN(G9:G104) -> 24.69 | H106: =MIN(H9:H104) -> 15.28 | I106: =MIN(I9:I104) -> 0.45 | ... Q106: =MIN(Q9:Q104) -> 12.2
A107: Max | B107: =MAX(B9:B104) -> 439.21 | C107: =MAX(C9:C104) -> 195.1 | D107: =MAX(D9:D104) -> 459.89 | E107: =MAX(E9:E104) -> 13.45 | F107: =MAX(F9:F104) -> 43.78 | G107: =MAX(G9:G104) -> 206.41 | H107: =MAX(H9:H104) -> 84.52 | I107: =MAX(I9:I104) -> 1.32 | ... Q107: =MAX(Q9:Q104) -> 37.87
A108: Avg | B108: =AVERAGE(B9:B104) -> 52.933125 | C108: =AVERAGE(C9:C104) -> 109.44187 | D108: =AVERAGE(D9:D104) -> 103.145 | E108: =AVERAGE(E9:E104) -> 5.2716667 | F108: =AVERAGE(F9:F104) -> 6.0542708 | G108: =AVERAGE(G9:G104) -> 105.64083 | H108: =AVERAGE(H9:H104) -> 47.056458 | I108: =AVERAGE(I9:I104) -> 0.82822917 | ... Q108: =AVERAGE(Q9:Q104) -> 29.361875
A109: Stdev | B109: =STDEV(B9:B104) -> 68.529705 | C109: =STDEV(C9:C104) -> 20.003101 | D109: =STDEV(D9:D104) -> 64.759373 | E109: =STDEV(E9:E104) -> 1.7739149 | F109: =STDEV(F9:F104) -> 8.6287508 | G109: =STDEV(G9:G104) -> 55.674889 | H109: =STDEV(H9:H104) -> 17.651752 | I109: =STDEV(I9:I104) -> 0.24258257 | ... Q109: =STDEV(Q9:Q104) -> 5.7320431
A110: Num | B110: =COUNT(B9:B104) -> 96 | C110: =COUNT(C9:C104) -> 96 | D110: =COUNT(D9:D104) -> 96 | E110: =COUNT(E9:E104) -> 96 | F110: =COUNT(F9:F104) -> 96 | G110: =COUNT(G9:G104) -> 96 | H110: =COUNT(H9:H104) -> 96 | I110: =COUNT(I9:I104) -> 96 | ... Q110: =COUNT(Q9:Q104) -> 96
A111: DCR | B111: =IF(B110>=87,">90%",IF(B110<=87,"<90%")) -> >90% | C111: =IF(C110>=87,">90%",IF(C110<=87,"<90%")) -> >90% | D111: =IF(D110>=87,">90%",IF(D110<=87,"<90%")) -> >90% | E111: =IF(E110>=87,">90%",IF(E110<=87,"<90%")) -> >90% | F111: =IF(F110>=87,">90%",IF(F110<=87,"<90%")) -> >90% | G111: =IF(G110>=87,">90%",IF(G110<=87,"<90%")) -> >90% | H111: =IF(H110>=87,">90%",IF(H110<=87,"<90%")) -> >90% | I111: =IF(I110>=87,">90%",IF(I110<=87,"<90%")) -> >90% | ... Q111: =IF(Q110>=87,">90%",IF(Q110<=87,"<90%")) -> >90%
A112: Status | B112: =IF(B110>=87,"OK",IF(B110<=87,"LESS")) -> OK | C112: =IF(C110>=87,"OK",IF(C110<=87,"LESS")) -> OK | D112: =IF(D110>=87,"OK",IF(D110<=87,"LESS")) -> OK | E112: =IF(E110>=87,"OK",IF(E110<=87,"LESS")) -> OK | F112: =IF(F110>=87,"OK",IF(F110<=87,"LESS")) -> OK | G112: =IF(G110>=87,"OK",IF(G110<=87,"LESS")) -> OK | H112: =IF(H110>=87,"OK",IF(H110<=87,"LESS")) -> OK | I112: =IF(I110>=87,"OK",IF(I110<=87,"LESS")) -> OK | ... Q112: =IF(Q110>=87,"OK",IF(Q110<=87,"LESS")) -> OK
A115: Done by | B115: RK
A117: Comment

Sheet 21
A1: Station: | B1: BHATAGAON RAIPUR
A2: Date: | B2: =$A$9 -> 21-02-2023 00:15 | D2: Power Off | G2: Pw.Off | L2: Link Fail | N2: Link F | P2: Maintenance | R2: Maint.
A3: Report Type: | B3: Mean | D3: Calibration | G3: Calib. | L3: Data Fail | N3: Data F | P3: Invalid | R3: Invalid
A4: Time Base: | B4: 15 Min | D4: Zero Referrence | G4: Z.Ref | L4: Warm Up | N4: Wm. Up
A7: Date & Time | B7: NO_BHATAGAON | C7: NO2__BHATAGAON | D7: NOX_BHATAGAON | E7: SO2__BHATAGAON | F7: O3__BHATAGAON | G7: PM10__BHATAGAON | H7: PM2_5__BHATAGAON | I7: BENZ__BHATAGAON | J7: WS__BHATAGAON | K7: WD__BHATAGAON | L7: TEMP__BHATAGAON | M7: HUM__BHATAGAON | N7: SR__BHATAGAON | O7: RG__BHATAGAON | P7: CO__BHATAGAON | Q7: NH3__BHATAGAON
B8: ug/m3 | C8: ug/m3 | D8: ppb | E8: ug/m3 | F8: ug/m3 | G8: ug/m3 | H8: ug/m3 | I8: ug/m3 | J8: m/sec | K8: deg | L8: degreC | M8: % | N8: w/m2 | O8: mm | P8: mg/m3 | Q8: ug/m3
A9: 21-02-2023 00:15 | B9: 146.09 | C9: 124.04 | D9: 185.6 | E9: 4.27 | F9: 1.44 | G9: 154.47 | H9: 57.61 | I9: 1.18 | J9: 0.02 | K9: 113.88 | L9: 20.17 | M9: 52.58 | N9: 4.1 | O9: 0 | P9: 2.18 | Q9: 34.21
A10: 21-02-2023 00:30 | B10: 142.34 | C10: 122.25 | D10: 181.61 | E10: 4.5 | F10: 1.4 | G10: 140.23 | H10: 54.04 | I10: 1.19 | J10: 0.06 | K10: 318.07 | L10: 20.01 | M10: 53.64 | N10: 4.3 | O10: 0 | P10: 2.13 | Q10: 34.24
A11: 21-02-2023 00:45 | B11: 138.14 | C11: 120.89 | D11: 177.49 | E11: 4.22 | F11: 1.43 | G11: 119.84 | H11: 48.92 | I11: 1.18 | J11: 0.05 | K11: 328.43 | L11: 19.68 | M11: 53.98 | N11: 4.3 | O11: 0 | P11: 2.08 | Q11: 34.21
A12: 21-02-2023 01:00 | B12: 131.53 | C12: 118.53 | D12: 170.89 | E12: 4.26 | F12: 1.41 | G12: 119.84 | H12: 48.92 | I12: 1.15 | J12: 0.09 | K12: 342.85 | L12: 19.53 | M12: 54.82 | N12: 4.4 | O12: 0 | P12: 2.03 | Q12: 34.15
A13: 21-02-2023 01:15 | B13: 128.37 | C13: 117.67 | D13: 167.88 | E13: 4.12 | F13: 1.4 | G13: 119.84 | H13: 48.92 | I13: 1.15 | J13: 0.08 | K13: 6.82 | L13: 19.34 | M13: 56.41 | N13: 4.3 | O13: 0 | P13: 1.93 | Q13: 34.32
A14: 21-02-2023 01:30 | B14: 126.21 | C14: 118.48 | D14: 166.6 | E14: 4.7 | F14: 1.4 | G14: 115.69 | H14: 46.93 | I14: 1.14 | J14: 0.07 | K14: 298.62 | L14: 19.33 | M14: 55.27 | N14: 4.2 | O14: 0 | P14: 1.93 | Q14: 34.85
A15: 21-02-2023 01:45 | B15: 119.01 | C15: 117.33 | D15: 160.19 | E15: 4.41 | F15: 1.45 | G15: 109.74 | H15: 44.07 | I15: 1.13 | J15: 0.07 | K15: 19.46 | L15: 19.05 | M15: 57.71 | N15: 4.4 | O15: 0 | P15: 1.87 | Q15: 34.44
A16: 21-02-2023 02:00 | B16: 111.24 | C16: 115.61 | D16: 153.01 | E16: 4.52 | F16: 1.4 | G16: 109.74 | H16: 44.07 | I16: 1.02 | J16: 0.1 | K16: 86.5 | L16: 18.96 | M16: 59.08 | N16: 4 | O16: 0 | P16: 1.81 | Q16: 34.02
A17: 21-02-2023 02:15 | B17: 103.56 | C17: 113.75 | D17: 145.82 | E17: 4.13 | F17: 1.4 | G17: 109.74 | H17: 44.07 | I17: 1.07 | J17: 0.14 | K17: 30.6 | L17: 18.73 | M17: 61.33 | N17: 4.4 | O17: 0 | P17: 1.75 | Q17: 33.57
A18: 21-02-2023 02:30 | B18: 96.71 | C18: 112.33 | D18: 139.55 | E18: 3.64 | F18: 1.4 | G18: 97.71 | H18: 43.68 | I18: 0.96 | J18: 0.1 | K18: 129.32 | L18: 18.74 | M18: 61.37 | N18: 3.8 | O18: 0 | P18: 1.7 | Q18: 32.89
