Workbook

Sheet 01
A1: Station: | B1: IGKV ,RAIPUR
A2: Date: | B2: =$A$9 -> 01/11/2023 01:00 | D2: Power Off | G2: Pw.Off | L2: Link Fail | N2: Link F | P2: Maintenance | R2: Maint.
A3: Report Type: | B3: Mean | D3: Calibration | G3: Calib. | L3: Data Fail | N3: Data F | P3: Invalid | R3: Invalid
A4: Time Base: | B4: 01 Hour | D4: Zero Referrence | G4: Z.Ref | L4: Warm Up | N4: Wm. Up
A7: Date & Time | B7: NO | C7: NO2 | D7: NOX | E7: SO2 | F7: O3 | G7: PM 10 | H7: PM 2.5 | I7: BENZ | J7: WS | K7: WD | L7: TEMP | M7: HUM | N7: SR | O7: RG | P7: CO | Q7: NH3
B8: ug/m3 | C8: ug/m3 | D8: ppb | E8: ug/m3 | F8: ug/m3 | G8: ug/m3 | H8: ug/m3 | I8: ug/m3 | J8: m/sec | K8: deg | L8: degreC | M8: % | N8: w/m2 | O8: mm | P8: mg/m3 | Q8: ug/m3
A9: 01/11/2023 01:00 | B9: 8.64 | C9: 19.92 | D9: 18.69 | E9: 4.4 | F9: 2.91 | G9: 54.51 | H9: 29.31 | I9: 6.81 | J9: 0.24 | K9: 263.54 | L9: 20.91 | M9: 93.15 | N9: 0 | O9: 0 | P9: 0.79 | Q9: 4.53
A10: 01/11/2023 02:00 | B10: 11.37 | C10: 22.1 | D10: 22.02 | E10: 4.91 | F10: 2.77 | G10: 51.81 | H10: 27.13 | I10: 6.79 | J10: 0.13 | K10: 184.54 | L10: 20.54 | M10: 94.84 | N10: 0 | O10: 0 | P10: 0.81 | Q10: 4.66
A11: 01/11/2023 03:00 | B11: 18.4 | C11: 25.87 | D11: 29.62 | E11: 6.32 | F11: 2.7 | G11: 62.61 | H11: 26.98 | I11: 6.7 | J11: 0.1 | K11: 179.66 | L11: 20.5 | M11: 95.3 | N11: 0 | O11: 0 | P11: 0.82 | Q11: 5.05
A12: 01/11/2023 04:00 | B12: 20.66 | C12: 27.05 | D12: 32.05 | E12: 6.29 | F12: 2.62 | G12: 64.65 | H12: 28.34 | I12: 6.68 | J12: 0.16 | K12: 218.44 | L12: 20.3 | M12: 95.68 | N12: 0 | O12: 0 | P12: 0.81 | Q12: 5.19
A13: 01/11/2023 05:00 | B13: 29.39 | C13: 28.71 | D13: 39.92 | E13: 6.74 | F13: 2.57 | G13: 70.08 | H13: 29.16 | I13: 6.62 | J13: 0.12 | K13: 342.17 | L13: 19.74 | M13: 98.26 | N13: 0 | O13: 0 | P13: 0.79 | Q13: 5.55
A14: 01/11/2023 06:00 | B14: 30.7 | C14: 28.59 | D14: 40.86 | E14: 6.92 | F14: 2.56 | G14: 71.64 | H14: 32.54 | I14: 6.87 | J14: 0.21 | K14: 58.75 | L14: 19.91 | M14: 97.27 | N14: 0 | O14: 0 | P14: 0.81 | Q14: 5.68
A15: 01/11/2023 07:00 | B15: 30.09 | C15: 28.56 | D15: 40.27 | E15: 7.23 | F15: 2.86 | G15: 71.64 | H15: 34.17 | I15: 7.1 | J15: 0.36 | K15: 51.59 | L15: 20.31 | M15: 95.84 | N15: 29.4 | O15: 0 | P15: 0.82 | Q15: 5.61
A16: 01/11/2023 08:00 | B16: 29.36 | C16: 26.13 | D16: 38.55 | E16: 6.22 | F16: 2.76 | G16: 66.34 | H16: 34.17 | I16: 7.15 | J16: 0.48 | K16: 104.37 | L16: 22.78 | M16: 89.76 | N16: 197.3 | O16: 0 | P16: 0.8 | Q16: 5.52
A17: 01/11/2023 09:00 | B17: 26.77 | C17: 25.88 | D17: 35.54 | E17: 6.03 | F17: 2.93 | G17: 71.76 | H17: 36.42 | I17: 7.17 | J17: 0.41 | K17: 95.54 | L17: 25.89 | M17: 75.14 | N17: 321.8 | O17: 0 | P17: 0.79 | Q17: 5.41
A18: 01/11/2023 10:00 | B18: 21.77 | C18: 25.86 | D18: 32.32 | E18: 6.43 | F18: 3.29 | G18: 71.76 | H18: 36.42 | I18: 7.21 | J18: 0.39 | K18: 108.65 | L18: 28.09 | M18: 64.85 | N18: 445.4 | O18: 0 | P18: 0.8 | Q18: 5.2
A19: 01/11/2023 11:00 | B19: 16.08 | C19: 24.33 | D19: 26.96 | E19: 8.32 | F19: 6.25 | G19: 68.99 | H19: 30.21 | I19: 7.04 | J19: 0.57 | K19: 116.45 | L19: 29.16 | M19: 56.03 | N19: 506.5 | O19: 0 | P19: 0.78 | Q19: 4.95
A20: 01/11/2023 12:00 | B20: 10.76 | C20: 23.49 | D20: 22.18 | E20: 8.11 | F20: 6.53 | G20: 64.48 | H20: 29.68 | I20: 6.74 | J20: 0.32 | K20: 129.32 | L20: 30.25 | M20: 47.8 | N20: 584.4 | O20: 0 | P20: 0.77 | Q20: 4.7
... A32: 01/11/2023 24:00 | B32: 23.57 | C32: 28.76 | D32: 35.28 | E32: 6.51 | F32: 2.63 | G32: 110.89 | H32: 34.42 | I32: 7.47 | J32: 0.16 | K32: 169.23 | L32: 22.71 | M32: 83.02 | N32: 0 | O32: 0 | P32: 0.98 | Q32: 5.31
A34: Min | B34: =MIN(B9:B32) -> 4.72 | C34: =MIN(C9:C32) -> 19.33 | D34: =MIN(D9:D32) -> 15.44 | E34: =MIN(E9:E32) -> 4.4 | F34: =MIN(F9:F32) -> 2.56 | G34: =MIN(G9:G32) -> 48.26 | H34: =MIN(H9:H32) -> 20.22 | I34: =MIN(I9:I32) -> 4.71 | ... Q34: =MIN(Q9:Q32) -> 4.31
A35: Max | B35: =MAX(B9:B32) -> 30.7 | C35: =MAX(C9:C32) -> 28.76 | D35: =MAX(D9:D32) -> 40.86 | E35: =MAX(E9:E32) -> 8.32 | F35: =MAX(F9:F32) -> 6.53 | G35: =MAX(G9:G32) -> 113.28 | H35: =MAX(H9:H32) -> 36.42 | I35: =MAX(I9:I32) -> 7.49 | ... Q35: =MAX(Q9:Q32) -> 5.68
A36: Avg | B36: =AVERAGE(B9:B32) -> 16.208333 | C36: =AVERAGE(C9:C32) -> 24.250833 | D36: =AVERAGE(D9:D32) -> 26.94 | E36: =AVERAGE(E9:E32) -> 6.6754167 | F36: =AVERAGE(F9:F32) -> 3.7654167 | G36: =AVERAGE(G9:G32) -> 73.307917 | H36: =AVERAGE(H9:H32) -> 29.50875 | I36: =AVERAGE(I9:I32) -> 6.4575 | ... Q36: =AVERAGE(Q9:Q32) -> 4.9095833
A37: Stdev | B37: =STDEV(B9:B32) -> 8.9426388 | C37: =STDEV(C9:C32) -> 3.1539608 | D37: =STDEV(D9:D32) -> 8.6783348 | E37: =STDEV(E9:E32) -> 1.0125516 | F37: =STDEV(F9:F32) -> 1.5610615 | G37: =STDEV(G9:G32) -> 21.350942 | H37: =STDEV(H9:H32) -> 4.8131652 | I37: =STDEV(I9:I32) -> 0.85573894 | ... Q37: =STDEV(Q9:Q32) -> 0.45684627
A38: Num | B38: =COUNT(B9:B32) -> 24 | C38: =COUNT(C9:C32) -> 24 | D38: =COUNT(D9:D32) -> 24 | E38: =COUNT(E9:E32) -> 24 | F38: =COUNT(F9:F32) -> 24 | G38: =COUNT(G9:G32) -> 24 | H38: =COUNT(H9:H32) -> 24 | I38: =COUNT(I9:I32) -> 24 | ... Q38: =COUNT(Q9:Q32) -> 24
A39: DCR | B39: =IF(B38>=22,">90%",IF(B38<=22,"<90%")) -> >90% | C39: =IF(C38>=22,">90%",IF(C38<=22,"<90%")) -> >90% | D39: =IF(D38>=22,">90%",IF(D38<=22,"<90%")) -> >90% | E39: =IF(E38>=22,">90%",IF(E38<=22,"<90%")) -> >90% | F39: =IF(F38>=22,">90%",IF(F38<=22,"<90%")) -> >90% | G39: =IF(G38>=22,">90%",IF(G38<=22,"<90%")) -> >90% | H39: =IF(H38>=22,">90%",IF(H38<=22,"<90%")) -> >90% | I39: =IF(I38>=22,">90%",IF(I38<=22,"<90%")) -> >90% | ... Q39: =IF(Q38>=22,">90%",IF(Q38<=22,"<90%")) -> >90%
A40: Status | B40: =IF(B38>=22,"OK",IF(B38<=22,"LESS")) -> OK | C40: =IF(C38>=22,"OK",IF(C38<=22,"LESS")) -> OK | D40: =IF(D38>=22,"OK",IF(D38<=22,"LESS")) -> OK | E40: =IF(E38>=22,"OK",IF(E38<=22,"LESS")) -> OK | F40: =IF(F38>=22,"OK",IF(F38<=22,"LESS")) -> OK | G40: =IF(G38>=22,"OK",IF(G38<=22,"LESS")) -> OK | H40: =IF(H38>=22,"OK",IF(H38<=22,"LESS")) -> OK | I40: =IF(I38>=22,"OK",IF(I38<=22,"LESS")) -> OK | ... Q40: =IF(Q38>=22,"OK",IF(Q38<=22,"LESS")) -> OK
A43: Done by | B43: AKASH
A45: Comment

Sheet 02
A1: Station: | B1: IGKV ,RAIPUR
A2: Date: | B2: =$A$9 -> 02/11/2023 01:00 | D2: Power Off | G2: Pw.Off | L2: Link Fail | N2: Link F | P2: Maintenance | R2: Maint.
A3: Report Type: | B3: Mean | D3: Calibration | G3: Calib. | L3: Data Fail | N3: Data F | P3: Invalid | R3: Invalid
A4: Time Base: | B4: 01 Hour | D4: Zero Referrence | G4: Z.Ref | L4: Warm Up | N4: Wm. Up
A7: Date & Time | B7: NO | C7: NO2 | D7: NOX | E7: SO2 | F7: O3 | G7: PM 10 | H7: PM 2.5 | I7: BENZ | J7: WS | K7: WD | L7: TEMP | M7: HUM | N7: SR | O7: RG | P7: CO | Q7: NH3
B8: ug/m3 | C8: ug/m3 | D8: ppb | E8: ug/m3 | F8: ug/m3 | G8: ug/m3 | H8: ug/m3 | I8: ug/m3 | J8: m/sec | K8: deg | L8: degreC | M8: % | N8: w/m2 | O8: mm | P8: mg/m3 | Q8: ug/m3
A9: 02/11/2023 01:00 | B9: 24.09 | C9: 28.65 | D9: 35.56 | E9: 6.97 | F9: 2.57 | G9: 96.47 | H9: 32.63 | I9: 7.37 | J9: 0.17 | K9: 182.99 | L9: 22.37 | M9: 85.05 | N9: 0 | O9: 0 | P9: 0.97 | Q9: 5.34
A10: 02/11/2023 02:00 | B10: 24.6 | C10: 28.36 | D10: 35.89 | E10: 7.14 | F10: 2.46 | G10: 93.56 | H10: 31.47 | I10: 7.44 | J10: 0.11 | K10: 172.63 | L10: 22.09 | M10: 87.42 | N10: 0 | O10: 0 | P10: 0.95 | Q10: 5.35
A11: 02/11/2023 03:00 | B11: 25.84 | C11: 28.78 | D11: 36.48 | E11: 6.28 | F11: 2.91 | G11: 90.39 | H11: 31.73 | I11: 7.78 | J11: 0.18 | K11: 138.15 | L11: 22.23 | M11: 82.14 | N11: 0 | O11: 0 | P11: 0.92 | Q11: 5.38
A12: 02/11/2023 04:00 | B12: 26.06 | C12: 25.6 | D12: 35.29 | E12: 6.53 | F12: 2.73 | G12: 90.39 | H12: 32.87 | I12: 9.02 | J12: 0.35 | K12: 42.16 | L12: 22.38 | M12: 81.05 | N12: 0 | O12: 0 | P12: 0.87 | Q12: 5.33
A13: 02/11/2023 05:00 | B13: 25.69 | C13: 24.45 | D13: 34.73 | E13: 6.19 | F13: 2.76 | G13: 88.97 | H13: 32.87 | I13: 9.02 | J13: 0.44 | K13: 40.13 | L13: 21.99 | M13: 84.32 | N13: 0 | O13: 0 | P13: 0.86 | Q13: 5.32
A14: 02/11/2023 06:00 | B14: 25.03 | C14: 24.62 | D14: 34.18 | E14: 6.35 | F14: 2.68 | G14: 87.85 | H14: 34.44 | I14: 8.77 | J14: 0.39 | K14: 46.04 | L14: 21.72 | M14: 86.11 | N14: 0 | O14: 0 | P14: 0.86 | Q14: 5.3
A15: 02/11/2023 07:00 | B15: 25.13 | C15: 24.06 | D15: 33.9 | E15: 6.34 | F15: 2.78 | G15: 87.85 | H15: 34.44 | I15: 8.77 | J15: 0.45 | K15: 68.01 | L15: 22.04 | M15: 86.35 | N15: 8.1 | O15: 0 | P15: 0.9 | Q15: 5.32
A16: 02/11/2023 08:00 | B16: 24.69 | C16: 25.39 | D16: 33.22 | E16: 6.52 | F16: 2.98 | G16: 90.86 | H16: 34.42 | I16: 8.9 | J16: 0.41 | K16: 108.37 | L16: 23.59 | M16: 83.6 | N16: 51.5 | O16: 0 | P16: 0.97 | Q16: 5.29
A17: 02/11/2023 09:00 | B17: 21.89 | C17: 27.37 | D17: 32.35 | E17: 6.86 | F17: 3.15 | G17: 90.86 | H17: 37 | I17: 8.89 | J17: 0.44 | K17: 48.76 | L17: 25.56 | M17: 77.43 | N17: 134.8 | O17: 0 | P17: 0.98 | Q17: 5.19
A18: 02/11/2023 10:00 | B18: 17.92 | C18: 28.84 | D18: 30.33 | E18: 7.21 | F18: 3.29 | G18: 89.97 | H18: 37.15 | I18: 8.57 | J18: 0.47 | K18: 142.66 | L18: 27.88 | M18: 71.03 | N18: 257.6 | O18: 0 | P18: 1.01 | Q18: 5.07
A19: 02/11/2023 11:00 | B19: 13.64 | C19: 28.58 | D19: 27.23 | E19: 7.02 | F19: 4.24 | G19: 89.97 | H19: 37.15 | I19: 8.54 | J19: 0.29 | K19: 175.9 | L19: 27.91 | M19: 67.71 | N19: 131.5 | O19: 0 | P19: 0.99 | Q19: 4.9
A20: 02/11/2023 12:00 | B20: 10.01 | C20: 27.79 | D20: 23.9 | E20: 7.35 | F20: 5.01 | G20: 81.72 | H20: 35.14 | I20: 8.09 | J20: 0.37 | K20: 336.82 | L20: 29.82 | M20: 67.02 | N20: 521.3 | O20: 0 | P20: 0.96 | Q20: 4.7
... A32: 02/11/2023 24:00 | B32: 22.13 | C32: 22.43 | D32: 30.19 | E32: 6.38 | F32: 2.8 | G32: 81.96 | H32: 27.99 | I32: 8.8 | J32: 0.12 | K32: 193.45 | L32: 24.47 | M32: 94.4 | N32: 0 | O32: 0 | P32: 1.11 | Q32: 5.13
A34: Min | B34: =MIN(B9:B32) -> 6.95 | C34: =MIN(C9:C32) -> 18.81 | D34: =MIN(D9:D32) -> 16.78 | E34: =MIN(E9:E32) -> 6.08 | F34: =MIN(F9:F32) -> 2.46 | G34: =MIN(G9:G32) -> 65.42 | H34: =MIN(H9:H32) -> 24.83 | I34: =MIN(I9:I32) -> 6.72 | ... Q34: =MIN(Q9:Q32) -> 4.4
A35: Max | B35: =MAX(B9:B32) -> 26.06 | C35: =MAX(C9:C32) -> 28.84 | D35: =MAX(D9:D32) -> 36.48 | E35: =MAX(E9:E32) -> 9.96 | F35: =MAX(F9:F32) -> 8.29 | G35: =MAX(G9:G32) -> 96.47 | H35: =MAX(H9:H32) -> 37.15 | I35: =MAX(I9:I32) -> 9.02 | ... Q35: =MAX(Q9:Q32) -> 5.38
A36: Avg | B36: =AVERAGE(B9:B32) -> 17.8425 | C36: =AVERAGE(C9:C32) -> 25.542917 | D36: =AVERAGE(D9:D32) -> 28.765833 | E36: =AVERAGE(E9:E32) -> 6.93125 | F36: =AVERAGE(F9:F32) -> 3.8825 | G36: =AVERAGE(G9:G32) -> 84.34875 | H36: =AVERAGE(H9:H32) -> 30.95875 | I36: =AVERAGE(I9:I32) -> 8.0370833 | ... Q36: =AVERAGE(Q9:Q32) -> 4.9958333
A37: Stdev | B37: =STDEV(B9:B32) -> 6.9215701 | C37: =STDEV(C9:C32) -> 2.8027696 | D37: =STDEV(D9:D32) -> 6.1589672 | E37: =STDEV(E9:E32) -> 0.77319952 | F37: =STDEV(F9:F32) -> 1.7822537 | G37: =STDEV(G9:G32) -> 7.9479537 | H37: =STDEV(H9:H32) -> 3.9909248 | I37: =STDEV(I9:I32) -> 0.77281799 | ... Q37: =STDEV(Q9:Q32) -> 0.33497458
A38: Num | B38: =COUNT(B9:B32) -> 24 | C38: =COUNT(C9:C32) -> 24 | D38: =COUNT(D9:D32) -> 24 | E38: =COUNT(E9:E32) -> 24 | F38: =COUNT(F9:F32) -> 24 | G38: =COUNT(G9:G32) -> 24 | H38: =COUNT(H9:H32) -> 24 | I38: =COUNT(I9:I32) -> 24 | ... Q38: =COUNT(Q9:Q32) -> 24
A39: DCR | B39: =IF(B38>=22,">90%",IF(B38<=22,"<90%")) -> >90% | C39: =IF(C38>=22,">90%",IF(C38<=22,"<90%")) -> >90% | D39: =IF(D38>=22,">90%",IF(D38<=22,"<90%")) -> >90% | E39: =IF(E38>=22,">90%",IF(E38<=22,"<90%")) -> >90% | F39: =IF(F38>=22,">90%",IF(F38<=22,"<90%")) -> >90% | G39: =IF(G38>=22,">90%",IF(G38<=22,"<90%")) -> >90% | H39: =IF(H38>=22,">90%",IF(H38<=22,"<90%")) -> >90% | I39: =IF(I38>=22,">90%",IF(I38<=22,"<90%")) -> >90% | ... Q39: =IF(Q38>=22,">90%",IF(Q38<=22,"<90%")) -> >90%
A40: Status | B40: =IF(B38>=22,"OK",IF(B38<=22,"LESS")) -> OK | C40: =IF(C38>=22,"OK",IF(C38<=22,"LESS")) -> OK | D40: =IF(D38>=22,"OK",IF(D38<=22,"LESS")) -> OK | E40: =IF(E38>=22,"OK",IF(E38<=22,"LESS")) -> OK | F40: =IF(F38>=22,"OK",IF(F38<=22,"LESS")) -> OK | G40: =IF(G38>=22,"OK",IF(G38<=22,"LESS")) -> OK | H40: =IF(H38>=22,"OK",IF(H38<=22,"LESS")) -> OK | I40: =IF(I38>=22,"OK",IF(I38<=22,"LESS")) -> OK | ... Q40: =IF(Q38>=22,"OK",IF(Q38<=22,"LESS")) -> OK
A43: Done by | B43: AKASH
A45: Comment

Sheet 03
A1: Station: | B1: IGKV ,RAIPUR
A2: Date: | B2: =$A$9 -> 03/11/2023 01:00 | D2: Power Off | G2: Pw.Off | L2: Link Fail | N2: Link F | P2: Maintenance | R2: Maint.
A3: Report Type: | B3: Mean | D3: Calibration | G3: Calib. | L3: Data Fail | N3: Data F | P3: Invalid | R3: Invalid
A4: Time Base: | B4: 01 Hour | D4: Zero Referrence | G4: Z.Ref | L4: Warm Up | N4: Wm. Up
A7: Date & Time | B7: NO | C7: NO2 | D7: NOX | E7: SO2 | F7: O3 | G7: PM 10 | H7: PM 2.5 | I7: BENZ | J7: WS | K7: WD | L7: TEMP | M7: HUM | N7: SR | O7: RG | P7: CO | Q7: NH3
B8: ug/m3 | C8: ug/m3 | D8: ppb | E8: ug/m3 | F8: ug/m3 | G8: ug/m3 | H8: ug/m3 | I8: ug/m3 | J8: m/sec | K8: deg | L8: degreC | M8: % | N8: w/m2 | O8: mm | P8: mg/m3 | Q8: ug/m3
A9: 03/11/2023 01:00 | B9: 25.39 | C9: 23.31 | D9: 32.96 | E9: 6.27 | F9: 2.63 | G9: 76.2 | H9: 27.99 | I9: 8.96 | J9: 0.16 | K9: 292.67 | L9: 24.46 | M9: 94.09 | N9: 0 | O9: 0 | P9: 1.11 | Q9: 5.29
A10: 03/11/2023 02:00 | B10: 30.75 | C10: 23.06 | D10: 37.89 | E10: 6.57 | F10: 2.72 | G10: 79.86 | H10: 27.5 | I10: 9.15 | J10: 0.18 | K10: 226.2 | L10: 24.36 | M10: 93.91 | N10: 0 | O10: 0 | P10: 1.13 | Q10: 5.5
A11: 03/11/2023 03:00 | B11: 31.17 | C11: 23.83 | D11: 38.12 | E11: 6.42 | F11: 2.88 | G11: 81.09 | H11: 30.13 | I11: 9.39 | J11: 0.16 | K11: 179.97 | L11: 24.35 | M11: 93.51 | N11: 0 | O11: 0 | P11: 1.16 | Q11: 5.53
A12: 03/11/2023 04:00 | B12: 32.28 | C12: 25.35 | D12: 40.48 | E12: 6.28 | F12: 2.7 | G12: 88.04 | H12: 31.37 | I12: 9.46 | J12: 0.14 | K12: 221.23 | L12: 23.64 | M12: 96.71 | N12: 0 | O12: 0 | P12: 1.17 | Q12: 5.63
A13: 03/11/2023 05:00 | B13: 34.42 | C13: 26.74 | D13: 42.92 | E13: 6.91 | F13: 2.61 | G13: 88.04 | H13: 36.04 | I13: 9.53 | J13: 0.23 | K13: 353.09 | L13: 23.28 | M13: 99.7 | N13: 0 | O13: 0 | P13: 1.17 | Q13: 5.77
A14: 03/11/2023 06:00 | B14: 35.84 | C14: 27.38 | D14: 44.12 | E14: 7.12 | F14: 2.55 | G14: 92.1 | H14: 36.04 | I14: 9.56 | J14: 0.25 | K14: 48.29 | L14: 23.18 | M14: 99.16 | N14: 0 | O14: 0 | P14: 1.16 | Q14: 5.83
A15: 03/11/2023 07:00 | B15: 35.78 | C15: 27.88 | D15: 44.61 | E15: 7.76 | F15: 2.57 | G15: 92.1 | H15: 35.85 | I15: 9.46 | J15: 0.32 | K15: 50.04 | L15: 23.78 | M15: 96.6 | N15: 36.8 | O15: 0 | P15: 1.15 | Q15: 5.85
A16: 03/11/2023 08:00 | B16: 35.55 | C16: 27.94 | D16: 44.38 | E16: 7.28 | F16: 2.49 | G16: 87.52 | H16: 35.03 | I16: 9.74 | J16: 0.61 | K16: 35.81 | L16: 24.25 | M16: 93.1 | N16: 92.7 | O16: 0 | P16: 1.16 | Q16: 5.85
A17: 03/11/2023 09:00 | B17: 34.75 | C17: 26.04 | D17: 42.82 | E17: 6.6 | F17: 3.04 | G17: 87.52 | H17: 33.59 | I17: 9.72 | J17: 0.62 | K17: 47.99 | L17: 26.47 | M17: 85.04 | N17: 214.4 | O17: 0 | P17: 1.11 | Q17: 5.77
A18: 03/11/2023 10:00 | B18: 32.62 | C18: 24.65 | D18: 39.27 | E18: 6.61 | F18: 3.47 | G18: 86.96 | H18: 33.08 | I18: 9.51 | J18: 0.5 | K18: 62.27 | L18: 29.83 | M18: 74.92 | N18: 405.2 | O18: 0 | P18: 1.05 | Q18: 5.61
A19: 03/11/2023 11:00 | B19: 27.94 | C19: 24.57 | D19: 36.6 | E19: 6.68 | F19: 5.4 | G19: 76.9 | H19: 33.08 | I19: 9.17 | J19: 0.42 | K19: 120.93 | L19: 30.85 | M19: 62.58 | N19: 417.3 | O19: 0 | P19: 1.02 | Q19: 5.42
A20: 03/11/2023 12:00 | B20: 23.2 | C20: 23.6 | D20: 32.29 | E20: 5.54 | F20: 3.88 | G20: 64.65 | H20: 26.49 | I20: 8.65 | J20: 0.3 | K20: 182.52 | L20: 30.73 | M20: 63 | N20: 428 | O20: 0 | P20: 0.95 | Q20: 5.24
... A32: 03/11/2023 24:00 | B32: 21.58 | C32: 21.61 | D32: 29.95 | E32: 5.91 | F32: 2.75 | G32: 36.86 | H32: 12.1 | I32: 7.14 | J32: 0.14 | K32: 321.85 | L32: 23.55 | M32: 102.79 | N32: 0 | O32: 0 | P32: 0.64 | Q32: 5.13
A34: Min | B34: =MIN(B9:B32) -> 10.73 | C34: =MIN(C9:C32) -> 20.7 | D34: =MIN(D9:D32) -> 21.83 | E34: =MIN(E9:E32) -> 4.84 | F34: =MIN(F9:F32) -> 2.49 | G34: =MIN(G9:G32) -> 36.86 | H34: =MIN(H9:H32) -> 12.1 | I34: =MIN(I9:I32) -> 5.59 | ... Q34: =MIN(Q9:Q32) -> 4.67
A35: Max | B35: =MAX(B9:B32) -> 35.84 | C35: =MAX(C9:C32) -> 27.94 | D35: =MAX(D9:D32) -> 44.61 | E35: =MAX(E9:E32) -> 7.76 | F35: =MAX(F9:F32) -> 5.58 | G35: =MAX(G9:G32) -> 92.1 | H35: =MAX(H9:H32) -> 36.04 | I35: =MAX(I9:I32) -> 9.74 | ... Q35: =MAX(Q9:Q32) -> 5.85
A36: Avg | B36: =AVERAGE(B9:B32) -> 24.399167 | C36: =AVERAGE(C9:C32) -> 23.675 | D36: =AVERAGE(D9:D32) -> 33.0375 | E36: =AVERAGE(E9:E32) -> 6.08125 | F36: =AVERAGE(F9:F32) -> 3.2570833 | G36: =AVERAGE(G9:G32) -> 64.882917 | H36: =AVERAGE(H9:H32) -> 23.765417 | I36: =AVERAGE(I9:I32) -> 8.3070833 | ... Q36: =AVERAGE(Q9:Q32) -> 5.25625
A37: Stdev | B37: =STDEV(B9:B32) -> 8.5462872 | C37: =STDEV(C9:C32) -> 2.2413486 | D37: =STDEV(D9:D32) -> 7.756622 | E37: =STDEV(E9:E32) -> 0.79331617 | F37: =STDEV(F9:F32) -> 0.89581384 | G37: =STDEV(G9:G32) -> 20.556817 | H37: =STDEV(H9:H32) -> 9.1283024 | I37: =STDEV(I9:I32) -> 1.2551164 | ... Q37: =STDEV(Q9:Q32) -> 0.40537489
A38: Num | B38: =COUNT(B9:B32) -> 24 | C38: =COUNT(C9:C32) -> 24 | D38: =COUNT(D9:D32) -> 24 | E38: =COUNT(E9:E32) -> 24 | F38: =COUNT(F9:F32) -> 24 | G38: =COUNT(G9:G32) -> 24 | H38: =COUNT(H9:H32) -> 24 | I38: =COUNT(I9:I32) -> 24 | ... Q38: =COUNT(Q9:Q32) -> 24
A39: DCR | B39: =IF(B38>=22,">90%",IF(B38<=22,"<90%")) -> >90% | C39: =IF(C38>=22,">90%",IF(C38<=22,"<90%")) -> >90% | D39: =IF(D38>=22,">90%",IF(D38<=22,"<90%")) -> >90% | E39: =IF(E38>=22,">90%",IF(E38<=22,"<90%")) -> >90% | F39: =IF(F38>=22,">90%",IF(F38<=22,"<90%")) -> >90% | G39: =IF(G38>=22,">90%",IF(G38<=22,"<90%")) -> >90% | H39: =IF(H38>=22,">90%",IF(H38<=22,"<90%")) -> >90% | I39: =IF(I38>=22,">90%",IF(I38<=22,"<90%")) -> >90% | ... Q39: =IF(Q38>=22,">90%",IF(Q38<=22,"<90%")) -> >90%
A40: Status | B40: =IF(B38>=22,"OK",IF(B38<=22,"LESS")) -> OK | C40: =IF(C38>=22,"OK",IF(C38<=22,"LESS")) -> OK | D40: =IF(D38>=22,"OK",IF(D38<=22,"LESS")) -> OK | E40: =IF(E38>=22,"OK",IF(E38<=22,"LESS")) -> OK | F40: =IF(F38>=22,"OK",IF(F38<=22,"LESS")) -> OK | G40: =IF(G38>=22,"OK",IF(G38<=22,"LESS")) -> OK | H40: =IF(H38>=22,"OK",IF(H38<=22,"LESS")) -> OK | I40: =IF(I38>=22,"OK",IF(I38<=22,"LESS")) -> OK | ... Q40: =IF(Q38>=22,"OK",IF(Q38<=22,"LESS")) -> OK
A43: Done by | B43: AKASH
A45: Comment

Sheet 04
A1: Station: | B1: IGKV ,RAIPUR
A2: Date: | B2: =$A$9 -> 04/11/2023 01:00 | D2: Power Off | G2: Pw.Off | L2: Link Fail | N2: Link F | P2: Maintenance | R2: Maint.
A3: Report Type: | B3: Mean | D3: Calibration | G3: Calib. | L3: Data Fail | N3: Data F | P3: Invalid | R3: Invalid
A4: Time Base: | B4: 01 Hour | D4: Zero Referrence | G4: Z.Ref | L4: Warm Up | N4: Wm. Up
A7: Date & Time | B7: NO | C7: NO2 | D7: NOX | E7: SO2 | F7: O3 | G7: PM 10 | H7: PM 2.5 | I7: BENZ | J7: WS | K7: WD | L7: TEMP | M7: HUM | N7: SR | O7: RG | P7: CO | Q7: NH3
B8: ug/m3 | C8: ug/m3 | D8: ppb | E8: ug/m3 | F8: ug/m3 | G8: ug/m3 | H8: ug/m3 | I8: ug/m3 | J8: m/sec | K8: deg | L8: degreC | M8: % | N8: w/m2 | O8: mm | P8: mg/m3 | Q8: ug/m3
A9: 04/11/2023 01:00 | B9: 23.4 | C9: 22.53 | D9: 31.68 | E9: 6.23 | F9: 2.68 | G9: 38.58 | H9: 13.14 | I9: 6.71 | J9: 0.12 | K9: 242.1 | L9: 23.22 | M9: 103.85 | N9: 0 | O9: 0 | P9: 0.64 | Q9: 5.21
A10: 04/11/2023 02:00 | B10: 22.33 | C10: 22.8 | D10: 31.17 | E10: 6.59 | F10: 2.47 | G10: 34.14 | H10: 11.83 | I10: 6.36 | J10: 0.17 | K10: 178.41 | L10: 23.04 | M10: 103.08 | N10: 0 | O10: 0 | P10: 0.61 | Q10: 5.21
A11: 04/11/2023 03:00 | B11: 27.11 | C11: 23.93 | D11: 35.6 | E11: 6.78 | F11: 2.45 | G11: 35.92 | H11: 14.36 | I11: 6.02 | J11: 0.21 | K11: 258.38 | L11: 22.82 | M11: 104.07 | N11: 0 | O11: 0 | P11: 0.59 | Q11: 5.39
A12: 04/11/2023 04:00 | B12: 32.92 | C12: 24.7 | D12: 39.45 | E12: 6.4 | F12: 2.89 | G12: 44.92 | H12: 14.36 | I12: 5.82 | J12: 0.18 | K12: 163.27 | L12: 22.63 | M12: 101.08 | N12: 0 | O12: 0 | P12: 0.58 | Q12: 5.63
A13: 04/11/2023 05:00 | B13: 35.26 | C13: 22.34 | D13: 41.14 | E13: 5.88 | F13: 2.91 | G13: 44.92 | H13: 12.97 | I13: 5.73 | J13: 0.14 | K13: 179.09 | L13: 22.48 | M13: 100.36 | N13: 0 | O13: 0 | P13: 0.51 | Q13: 5.65
A14: 04/11/2023 06:00 | B14: 35.23 | C14: 22.06 | D14: 40.78 | E14: 5.84 | F14: 2.71 | G14: 39.37 | H14: 13.36 | I14: 5.77 | J14: 0.11 | K14: 227.04 | L14: 22.46 | M14: 100.36 | N14: 0 | O14: 0 | P14: 0.51 | Q14: 5.65
A15: 04/11/2023 07:00 | B15: 34.32 | C15: 22.32 | D15: 40.3 | E15: 5.87 | F15: 2.74 | G15: 39.33 | H15: 13.36 | I15: 5.85 | J15: 0.1 | K15: 200.08 | L15: 22.58 | M15: 99.99 | N15: 35.2 | O15: 0 | P15: 0.51 | Q15: 5.61
A16: 04/11/2023 08:00 | B16: 33.27 | C16: 21.82 | D16: 39.38 | E16: 5.61 | F16: 2.7 | G16: 38.32 | H16: 9.76 | I16: 5.83 | J16: 0.19 | K16: 168.1 | L16: 24.47 | M16: 97.71 | N16: 157.7 | O16: 0 | P16: 0.5 | Q16: 5.57
A17: 04/11/2023 09:00 | B17: 32.12 | C17: 21.97 | D17: 37.75 | E17: 6.16 | F17: 3.14 | G17: 37.47 | H17: 10.57 | I17: 6.9 | J17: 0.4 | K17: 57.94 | L17: 26.75 | M17: 86.17 | N17: 316.6 | O17: 0 | P17: 0.55 | Q17: 5.52
A18: 04/11/2023 10:00 | B18: 28.44 | C18: 23.83 | D18: 35.93 | E18: 5.98 | F18: 3.01 | G18: 37.47 | H18: 11.95 | I18: 7.11 | J18: 0.43 | K18: 50.1 | L18: 28.29 | M18: 78.13 | N18: 494.3 | O18: 0 | P18: 0.58 | Q18: 5.36
A19: 04/11/2023 11:00 | B19: 24.38 | C19: 25.41 | D19: 33.51 | E19: 5.26 | F19: 3.41 | G19: 40.8 | H19: 15 | I19: 7.02 | J19: 0.42 | K19: 67.56 | L19: 29.62 | M19: 68.16 | N19: 580.5 | O19: 0 | P19: 0.58 | Q19: 5.28
A20: 04/11/2023 12:00 | B20: 19.68 | C20: 25.49 | D20: 30.34 | E20: 5.23 | F20: 3.34 | G20: 40.8 | H20: 15 | I20: 6.47 | J20: 0.45 | K20: 39.57 | L20: 28.71 | M20: 69.64 | N20: 210 | O20: 0 | P20: 0.58 | Q20: 5.12
... A32: 04/11/2023 24:00 | B32: 26.83 | C32: 31.6 | D32: 38.59 | E32: 7.87 | F32: 3.08 | G32: 119.69 | H32: 47.42 | I32: 8.9 | J32: 0.26 | K32: 106.6 | L32: 23.84 | M32: 92.34 | N32: 0 | O32: 0 | P32: 1.02 | Q32: 5.35
A34: Min | B34: =MIN(B9:B32) -> 4.19 | C34: =MIN(C9:C32) -> 20.48 | D34: =MIN(D9:D32) -> 15.69 | E34: =MIN(E9:E32) -> 5.23 | F34: =MIN(F9:F32) -> 2.45 | G34: =MIN(G9:G32) -> 34.14 | H34: =MIN(H9:H32) -> 9.76 | I34: =MIN(I9:I32) -> 4.79 | ... Q34: =MIN(Q9:Q32) -> 4.28
A35: Max | B35: =MAX(B9:B32) -> 35.26 | C35: =MAX(C9:C32) -> 31.6 | D35: =MAX(D9:D32) -> 41.14 | E35: =MAX(E9:E32) -> 13.05 | F35: =MAX(F9:F32) -> 16.4 | G35: =MAX(G9:G32) -> 119.69 | H35: =MAX(H9:H32) -> 47.42 | I35: =MAX(I9:I32) -> 8.9 | ... Q35: =MAX(Q9:Q32) -> 5.65
A36: Avg | B36: =AVERAGE(B9:B32) -> 21.77375 | C36: =AVERAGE(C9:C32) -> 25.028333 | D36: =AVERAGE(D9:D32) -> 31.642917 | E36: =AVERAGE(E9:E32) -> 7.15125 | F36: =AVERAGE(F9:F32) -> 4.3825 | G36: =AVERAGE(G9:G32) -> 60.53125 | H36: =AVERAGE(H9:H32) -> 22.384167 | I36: =AVERAGE(I9:I32) -> 6.4708333 | ... Q36: =AVERAGE(Q9:Q32) -> 5.1075
A37: Stdev | B37: =STDEV(B9:B32) -> 9.8860525 | C37: =STDEV(C9:C32) -> 3.5646119 | D37: =STDEV(D9:D32) -> 7.9211744 | E37: =STDEV(E9:E32) -> 1.9833356 | F37: =STDEV(F9:F32) -> 3.255492 | G37: =STDEV(G9:G32) -> 30.537848 | H37: =STDEV(H9:H32) -> 13.002167 | I37: =STDEV(I9:I32) -> 1.110773 | ... Q37: =STDEV(Q9:Q32) -> 0.45232972
A38: Num | B38: =COUNT(B9:B32) -> 24 | C38: =COUNT(C9:C32) -> 24 | D38: =COUNT(D9:D32) -> 24 | E38: =COUNT(E9:E32) -> 24 | F38: =COUNT(F9:F32) -> 24 | G38: =COUNT(G9:G32) -> 24 | H38: =COUNT(H9:H32) -> 24 | I38: =COUNT(I9:I32) -> 24 | ... Q38: =COUNT(Q9:Q32) -> 24
A39: DCR | B39: =IF(B38>=22,">90%",IF(B38<=22,"<90%")) -> >90% | C39: =IF(C38>=22,">90%",IF(C38<=22,"<90%")) -> >90% | D39: =IF(D38>=22,">90%",IF(D38<=22,"<90%")) -> >90% | E39: =IF(E38>=22,">90%",IF(E38<=22,"<90%")) -> >90% | F39: =IF(F38>=22,">90%",IF(F38<=22,"<90%")) -> >90% | G39: =IF(G38>=22,">90%",IF(G38<=22,"<90%")) -> >90% | H39: =IF(H38>=22,">90%",IF(H38<=22,"<90%")) -> >90% | I39: =IF(I38>=22,">90%",IF(I38<=22,"<90%")) -> >90% | ... Q39: =IF(Q38>=22,">90%",IF(Q38<=22,"<90%")) -> >90%
A40: Status | B40: =IF(B38>=22,"OK",IF(B38<=22,"LESS")) -> OK | C40: =IF(C38>=22,"OK",IF(C38<=22,"LESS")) -> OK | D40: =IF(D38>=22,"OK",IF(D38<=22,"LESS")) -> OK | E40: =IF(E38>=22,"OK",IF(E38<=22,"LESS")) -> OK | F40: =IF(F38>=22,"OK",IF(F38<=22,"LESS")) -> OK | G40: =IF(G38>=22,"OK",IF(G38<=22,"LESS")) -> OK | H40: =IF(H38>=22,"OK",IF(H38<=22,"LESS")) -> OK | I40: =IF(I38>=22,"OK",IF(I38<=22,"LESS")) -> OK | ... Q40: =IF(Q38>=22,"OK",IF(Q38<=22,"LESS")) -> OK
A43: Done by | B43: AKASH
A45: Comment

Sheet 05
A1: Station: | B1: IGKV ,RAIPUR
A2: Date: | B2: =$A$9 -> 05/11/2023 01:00 | D2: Power Off | G2: Pw.Off | L2: Link Fail | N2: Link F | P2: Maintenance | R2: Maint.
A3: Report Type: | B3: Mean | D3: Calibration | G3: Calib. | L3: Data Fail | N3: Data F | P3: Invalid | R3: Invalid
A4: Time Base: | B4: 01 Hour | D4: Zero Referrence | G4: Z.Ref | L4: Warm Up | N4: Wm. Up
A7: Date & Time | B7: NO | C7: NO2 | D7: NOX | E7: SO2 | F7: O3 | G7: PM 10 | H7: PM 2.5 | I7: BENZ | J7: WS | K7: WD | L7: TEMP | M7: HUM | N7: SR | O7: RG | P7: CO | Q7: NH3
B8: ug/m3 | C8: ug/m3 | D8: ppb | E8: ug/m3 | F8: ug/m3 | G8: ug/m3 | H8: ug/m3 | I8: ug/m3 | J8: m/sec | K8: deg | L8: degreC | M8: % | N8: w/m2 | O8: mm | P8: mg/m3 | Q8: ug/m3
A9: 05/11/2023 01:00 | B9: 29.03 | C9: 27.59 | D9: 37.96 | E9: 6.22 | F9: 2.92 | G9: 119.69 | H9: 46.62 | I9: 9.04 | J9: 0.2 | K9: 236.37 | L9: 23.56 | M9: 94.82 | N9: 0 | O9: 0 | P9: 0.96 | Q9: 5.38
A10: 05/11/2023 02:00 | B10: 29.13 | C10: 24.53 | D10: 37.49 | E10: 5.75 | F10: 2.92 | G10: 113.4 | H10: 45.62 | I10: 9.06 | J10: 0.43 | K10: 31.65 | L10: 22.66 | M10: 94.82 | N10: 0 | O10: 0 | P10: 0.93 | Q10: 5.37
A11: 05/11/2023 03:00 | B11: 28.55 | C11: 24.17 | D11: 36.88 | E11: 5.98 | F11: 2.81 | G11: 104.52 | H11: 43.16 | I11: 8.91 | J11: 0.26 | K11: 244.91 | L11: 22.36 | M11: 92.12 | N11: 0 | O11: 0 | P11: 0.89 | Q11: 5.35
A12: 05/11/2023 04:00 | B12: 28.02 | C12: 23.95 | D12: 36.15 | E12: 6.54 | F12: 2.68 | G12: 100.2 | H12: 42.76 | I12: 8.59 | J12: 0.45 | K12: 40.53 | L12: 21.8 | M12: 91.4 | N12: 0 | O12: 0 | P12: 0.86 | Q12: 5.32
A13: 05/11/2023 05:00 | B13: 27.93 | C13: 25.93 | D13: 36.89 | E13: 6.36 | F13: 2.76 | G13: 94.94 | H13: 42.07 | I13: 8.29 | J13: 0.42 | K13: 37.93 | L13: 21.47 | M13: 88.7 | N13: 0 | O13: 0 | P13: 0.85 | Q13: 5.35
A14: 05/11/2023 06:00 | B14: 27.58 | C14: 26.42 | D14: 37.23 | E14: 6.45 | F14: 2.8 | G14: 94.22 | H14: 41.14 | I14: 8.09 | J14: 0.38 | K14: 37.01 | L14: 20.73 | M14: 92.67 | N14: 0 | O14: 0 | P14: 0.82 | Q14: 5.37
A15: 05/11/2023 07:00 | B15: 28.91 | C15: 26.85 | D15: 38.57 | E15: 6.94 | F15: 2.75 | G15: 88.18 | H15: 41.29 | I15: 8.1 | J15: 0.39 | K15: 41.51 | L15: 21.03 | M15: 92.29 | N15: 40.2 | O15: 0 | P15: 0.83 | Q15: 5.42
A16: 05/11/2023 08:00 | B16: 28.75 | C16: 27.29 | D16: 38.46 | E16: 7.34 | F16: 2.59 | G16: 88.46 | H16: 41.29 | I16: 8.28 | J16: 0.59 | K16: 38.81 | L16: 22.28 | M16: 86.69 | N16: 141.2 | O16: 0 | P16: 0.84 | Q16: 5.45
A17: 05/11/2023 09:00 | B17: 27.31 | C17: 27.93 | D17: 37.56 | E17: 6.94 | F17: 2.69 | G17: 88.52 | H17: 40.42 | I17: 8.25 | J17: 0.76 | K17: 40.46 | L17: 24.42 | M17: 77.18 | N17: 278.2 | O17: 0 | P17: 0.83 | Q17: 5.39
A18: 05/11/2023 10:00 | B18: 24.19 | C18: 27.93 | D18: 35.34 | E18: 6.69 | F18: 3.17 | G18: 91.53 | H18: 40.42 | I18: 7.99 | J18: 0.64 | K18: 47.88 | L18: 27.07 | M18: 73.39 | N18: 440.6 | O18: 0 | P18: 0.81 | Q18: 5.24
A19: 05/11/2023 11:00 | B19: 21.87 | C19: 23.51 | D19: 31.17 | E19: 7.38 | F19: 4.42 | G19: 91.53 | H19: 39.12 | I19: 7.89 | J19: 0.51 | K19: 79.32 | L19: 28.9 | M19: 71.5 | N19: 528.8 | O19: 0 | P19: 0.77 | Q19: 5.08
A20: 05/11/2023 12:00 | B20: 16.96 | C20: 22.61 | D20: 26.76 | E20: 9.42 | F20: 7.94 | G20: 82.01 | H20: 33.83 | I20: 7.49 | J20: 0.94 | K20: 53.3 | L20: 29.55 | M20: 64.55 | N20: 551.5 | O20: 0 | P20: 0.73 | Q20: 4.88
... A32: 05/11/2023 24:00 | B32: 12.56 | C32: 21.26 | D32: 22.4 | E32: 6.25 | F32: 2.63 | G32: 82.81 | H32: 28.94 | I32: 6.44 | J32: 0.16 | K32: 230.75 | L32: 19.5 | M32: 87.62 | N32: 0 | O32: 0 | P32: 0.7 | Q32: 4.64
A34: Min | B34: =MIN(B9:B32) -> 5.88 | C34: =MIN(C9:C32) -> 21.05 | D34: =MIN(D9:D32) -> 17.18 | E34: =MIN(E9:E32) -> 5.45 | F34: =MIN(F9:F32) -> 2.59 | G34: =MIN(G9:G32) -> 61.35 | H34: =MIN(H9:H32) -> 24.54 | I34: =MIN(I9:I32) -> 5.17 | ... Q34: =MIN(Q9:Q32) -> 4.29
A35: Max | B35: =MAX(B9:B32) -> 29.13 | C35: =MAX(C9:C32) -> 27.93 | D35: =MAX(D9:D32) -> 38.57 | E35: =MAX(E9:E32) -> 9.42 | F35: =MAX(F9:F32) -> 8.93 | G35: =MAX(G9:G32) -> 119.69 | H35: =MAX(H9:H32) -> 46.62 | I35: =MAX(I9:I32) -> 9.06 | ... Q35: =MAX(Q9:Q32) -> 5.45
A36: Avg | B36: =AVERAGE(B9:B32) -> 18.564583 | C36: =AVERAGE(C9:C32) -> 24.299583 | D36: =AVERAGE(D9:D32) -> 28.790833 | E36: =AVERAGE(E9:E32) -> 6.7954167 | F36: =AVERAGE(F9:F32) -> 4.0370833 | G36: =AVERAGE(G9:G32) -> 89.449583 | H36: =AVERAGE(H9:H32) -> 35.41625 | I36: =AVERAGE(I9:I32) -> 7.1995833 | ... Q36: =AVERAGE(Q9:Q32) -> 4.9179167
A37: Stdev | B37: =STDEV(B9:B32) -> 8.7170567 | C37: =STDEV(C9:C32) -> 2.3967396 | D37: =STDEV(D9:D32) -> 7.8411778 | E37: =STDEV(E9:E32) -> 0.92100597 | F37: =STDEV(F9:F32) -> 2.1506995 | G37: =STDEV(G9:G32) -> 15.209346 | H37: =STDEV(H9:H32) -> 6.9375931 | I37: =STDEV(I9:I32) -> 1.2570513 | ... Q37: =STDEV(Q9:Q32) -> 0.41679918
A38: Num | B38: =COUNT(B9:B32) -> 24 | C38: =COUNT(C9:C32) -> 24 | D38: =COUNT(D9:D32) -> 24 | E38: =COUNT(E9:E32) -> 24 | F38: =COUNT(F9:F32) -> 24 | G38: =COUNT(G9:G32) -> 24 | H38: =COUNT(H9:H32) -> 24 | I38: =COUNT(I9:I32) -> 24 | ... Q38: =COUNT(Q9:Q32) -> 24
A39: DCR | B39: =IF(B38>=22,">90%",IF(B38<=22,"<90%")) -> >90% | C39: =IF(C38>=22,">90%",IF(C38<=22,"<90%")) -> >90% | D39: =IF(D38>=22,">90%",IF(D38<=22,"<90%")) -> >90% | E39: =IF(E38>=22,">90%",IF(E38<=22,"<90%")) -> >90% | F39: =IF(F38>=22,">90%",IF(F38<=22,"<90%")) -> >90% | G39: =IF(G38>=22,">90%",IF(G38<=22,"<90%")) -> >90% | H39: =IF(H38>=22,">90%",IF(H38<=22,"<90%")) -> >90% | I39: =IF(I38>=22,">90%",IF(I38<=22,"<90%")) -> >90% | ... Q39: =IF(Q38>=22,">90%",IF(Q38<=22,"<90%")) -> >90%
A40: Status | B40: =IF(B38>=22,"OK",IF(B38<=22,"LESS")) -> OK | C40: =IF(C38>=22,"OK",IF(C38<=22,"LESS")) -> OK | D40: =IF(D38>=22,"OK",IF(D38<=22,"LESS")) -> OK | E40: =IF(E38>=22,"OK",IF(E38<=22,"LESS")) -> OK | F40: =IF(F38>=22,"OK",IF(F38<=22,"LESS")) -> OK | G40: =IF(G38>=22,"OK",IF(G38<=22,"LESS")) -> OK | H40: =IF(H38>=22,"OK",IF(H38<=22,"LESS")) -> OK | I40: =IF(I38>=22,"OK",IF(I38<=22,"LESS")) -> OK | ... Q40: =IF(Q38>=22,"OK",IF(Q38<=22,"LESS")) -> OK
A43: Done by | B43: AKASH
A45: Comment

Sheet 06
A1: Station: | B1: IGKV ,RAIPUR
A2: Date: | B2: =$A$9 -> 06/11/2023 01:00 | D2: Power Off | G2: Pw.Off | L2: Link Fail | N2: Link F | P2: Maintenance | R2: Maint.
A3: Report Type: | B3: Mean | D3: Calibration | G3: Calib. | L3: Data Fail | N3: Data F | P3: Invalid | R3: Invalid
A4: Time Base: | B4: 01 Hour | D4: Zero Referrence | G4: Z.Ref | L4: Warm Up | N4: Wm. Up
A7: Date & Time | B7: NO | C7: NO2 | D7: NOX | E7: SO2 | F7: O3 | G7: PM 10 | H7: PM 2.5 | I7: BENZ | J7: WS | K7: WD | L7: TEMP | M7: HUM | N7: SR | O7: RG | P7: CO | Q7: NH3
B8: ug/m3 | C8: ug/m3 | D8: ppb | E8: ug/m3 | F8: ug/m3 | G8: ug/m3 | H8: ug/m3 | I8: ug/m3 | J8: m/sec | K8: deg | L8: degreC | M8: % | N8: w/m2 | O8: mm | P8: mg/m3 | Q8: ug/m3
A9: 06/11/2023 01:00 | B9: 15.53 | C9: 24.48 | D9: 26.59 | E9: 6.35 | F9: 2.66 | G9: 77.94 | H9: 28.94 | I9: 6.5 | J9: 0.44 | K9: 40.6 | L9: 20.18 | M9: 81.46 | N9: 0 | O9: 0 | P9: 0.72 | Q9: 4.79
A10: 06/11/2023 02:00 | B10: 15.46 | C10: 24.88 | D10: 26.57 | E10: 6.87 | F10: 2.87 | G10: 78.29 | H10: 28.67 | I10: 6.62 | J10: 0.39 | K10: 244.56 | L10: 20.21 | M10: 84.76 | N10: 0 | O10: 0 | P10: 0.72 | Q10: 4.8
A11: 06/11/2023 03:00 | B11: 16.33 | C11: 24.99 | D11: 27.51 | E11: 5.62 | F11: 2.73 | G11: 78.29 | H11: 29.05 | I11: 6.52 | J11: 0.19 | K11: 251.14 | L11: 19.18 | M11: 89.31 | N11: 0 | O11: 0 | P11: 0.72 | Q11: 4.81
A12: 06/11/2023 04:00 | B12: 18.61 | C12: 25.94 | D12: 29.73 | E12: 5.4 | F12: 2.77 | G12: 78.9 | H12: 31.58 | I12: 6.49 | J12: 0.21 | K12: 222.91 | L12: 19.26 | M12: 86.38 | N12: 0 | O12: 0 | P12: 0.71 | Q12: 4.94
A13: 06/11/2023 05:00 | B13: 20.23 | C13: 26.23 | D13: 31.28 | E13: 6.16 | F13: 2.59 | G13: 82.59 | H13: 31.61 | I13: 6.53 | J13: 0.28 | K13: 47.79 | L13: 19.37 | M13: 84.48 | N13: 0 | O13: 0 | P13: 0.7 | Q13: 4.98
A14: 06/11/2023 06:00 | B14: 23.22 | C14: 25.5 | D14: 32.49 | E14: 5.93 | F14: 2.84 | G14: 82.59 | H14: 32.66 | I14: 6.5 | J14: 0.21 | K14: 124.07 | L14: 18.97 | M14: 89.22 | N14: 0 | O14: 0 | P14: 0.68 | Q14: 5.08
A15: 06/11/2023 07:00 | B15: 27.65 | C15: 25.09 | D15: 36.59 | E15: 5.96 | F15: 2.53 | G15: 88.06 | H15: 36.08 | I15: 6.58 | J15: 0.24 | K15: 52.96 | L15: 19.34 | M15: 87.89 | N15: 29 | O15: 0 | P15: 0.72 | Q15: 5.24
A16: 06/11/2023 08:00 | B16: 30.73 | C16: 26.09 | D16: 39.52 | E16: 6.24 | F16: 2.79 | G16: 93.59 | H16: 37.27 | I16: 7.67 | J16: 0.59 | K16: 49.06 | L16: 21.16 | M16: 81.05 | N16: 152.3 | O16: 0 | P16: 0.81 | Q16: 5.38
A17: 06/11/2023 09:00 | B17: 30.5 | C17: 26.45 | D17: 39.63 | E17: 5.45 | F17: 2.85 | G17: 94.65 | H17: 38.44 | I17: 8.07 | J17: 0.68 | K17: 41.38 | L17: 24.66 | M17: 75.29 | N17: 368.8 | O17: 0 | P17: 0.82 | Q17: 5.39
A18: 06/11/2023 10:00 | B18: 28.57 | C18: 26.41 | D18: 37.71 | E18: 6.04 | F18: 3.47 | G18: 97.5 | H18: 38.65 | I18: 8.06 | J18: 0.59 | K18: 82.32 | L18: 28.04 | M18: 61.39 | N18: 495.8 | O18: 0 | P18: 0.84 | Q18: 5.32
A19: 06/11/2023 11:00 | B19: 23.81 | C19: 27.66 | D19: 34.31 | E19: 7.67 | F19: 4.08 | G19: 97.5 | H19: 38.65 | I19: 8.04 | J19: 0.48 | K19: 91.44 | L19: 29.59 | M19: 56.31 | N19: 578.4 | O19: 0 | P19: 0.85 | Q19: 5.15
A20: 06/11/2023 12:00 | B20: 16.76 | C20: 28.05 | D20: 29.38 | E20: 8.31 | F20: 4.33 | G20: 86.47 | H20: 37.11 | I20: 7.6 | J20: 0.5 | K20: 69.6 | L20: 30.78 | M20: 46.84 | N20: 661.1 | O20: 0 | P20: 0.8 | Q20: 4.86
... A32: 06/11/2023 24:00 | B32: 42.17 | C32: 30.18 | D32: 50.94 | E32: 7 | F32: 2.66 | G32: 122.87 | H32: 38.5 | I32: 9.34 | J32: 0.13 | K32: 192.88 | L32: 20.42 | M32: 85.2 | N32: 0 | O32: 0 | P32: 1.08 | Q32: 5.83
A34: Min | B34: =MIN(B9:B32) -> 6.32 | C34: =MIN(C9:C32) -> 19.22 | D34: =MIN(D9:D32) -> 16.71 | E34: =MIN(E9:E32) -> 5.4 | F34: =MIN(F9:F32) -> 2.53 | G34: =MIN(G9:G32) -> 51.93 | H34: =MIN(H9:H32) -> 20.99 | I34: =MIN(I9:I32) -> 5.04 | ... Q34: =MIN(Q9:Q32) -> 4.26
A35: Max | B35: =MAX(B9:B32) -> 42.17 | C35: =MAX(C9:C32) -> 30.48 | D35: =MAX(D9:D32) -> 50.94 | E35: =MAX(E9:E32) -> 8.6 | F35: =MAX(F9:F32) -> 7.06 | G35: =MAX(G9:G32) -> 135.62 | H35: =MAX(H9:H32) -> 38.65 | I35: =MAX(I9:I32) -> 9.34 | ... Q35: =MAX(Q9:Q32) -> 5.83
A36: Avg | B36: =AVERAGE(B9:B32) -> 19.96625 | C36: =AVERAGE(C9:C32) -> 25.69375 | D36: =AVERAGE(D9:D32) -> 30.647083 | E36: =AVERAGE(E9:E32) -> 6.5004167 | F36: =AVERAGE(F9:F32) -> 3.45625 | G36: =AVERAGE(G9:G32) -> 88.720833 | H36: =AVERAGE(H9:H32) -> 32.3 | I36: =AVERAGE(I9:I32) -> 7.0416667 | ... Q36: =AVERAGE(Q9:Q32) -> 4.93625
A37: Stdev | B37: =STDEV(B9:B32) -> 10.147509 | C37: =STDEV(C9:C32) -> 2.6337439 | D37: =STDEV(D9:D32) -> 9.1984032 | E37: =STDEV(E9:E32) -> 0.87074421 | F37: =STDEV(F9:F32) -> 1.2011654 | G37: =STDEV(G9:G32) -> 23.614481 | H37: =STDEV(H9:H32) -> 5.7299624 | I37: =STDEV(I9:I32) -> 1.1888967 | ... Q37: =STDEV(Q9:Q32) -> 0.43597779
A38: Num | B38: =COUNT(B9:B32) -> 24 | C38: =COUNT(C9:C32) -> 24 | D38: =COUNT(D9:D32) -> 24 | E38: =COUNT(E9:E32) -> 24 | F38: =COUNT(F9:F32) -> 24 | G38: =COUNT(G9:G32) -> 24 | H38: =COUNT(H9:H32) -> 24 | I38: =COUNT(I9:I32) -> 24 | ... Q38: =COUNT(Q9:Q32) -> 24
A39: DCR | B39: =IF(B38>=22,">90%",IF(B38<=22,"<90%")) -> >90% | C39: =IF(C38>=22,">90%",IF(C38<=22,"<90%")) -> >90% | D39: =IF(D38>=22,">90%",IF(D38<=22,"<90%")) -> >90% | E39: =IF(E38>=22,">90%",IF(E38<=22,"<90%")) -> >90% | F39: =IF(F38>=22,">90%",IF(F38<=22,"<90%")) -> >90% | G39: =IF(G38>=22,">90%",IF(G38<=22,"<90%")) -> >90% | H39: =IF(H38>=22,">90%",IF(H38<=22,"<90%")) -> >90% | I39: =IF(I38>=22,">90%",IF(I38<=22,"<90%")) -> >90% | ... Q39: =IF(Q38>=22,">90%",IF(Q38<=22,"<90%")) -> >90%
A40: Status | B40: =IF(B38>=22,"OK",IF(B38<=22,"LESS")) -> OK | C40: =IF(C38>=22,"OK",IF(C38<=22,"LESS")) -> OK | D40: =IF(D38>=22,"OK",IF(D38<=22,"LESS")) -> OK | E40: =IF(E38>=22,"OK",IF(E38<=22,"LESS")) -> OK | F40: =IF(F38>=22,"OK",IF(F38<=22,"LESS")) -> OK | G40: =IF(G38>=22,"OK",IF(G38<=22,"LESS")) -> OK | H40: =IF(H38>=22,"OK",IF(H38<=22,"LESS")) -> OK | I40: =IF(I38>=22,"OK",IF(I38<=22,"LESS")) -> OK | ... Q40: =IF(Q38>=22,"OK",IF(Q38<=22,"LESS")) -> OK
A43: Done by | B43: AKASH
A45: Comment

Sheet 07
A1: Station: | B1: IGKV ,RAIPUR
A2: Date: | B2: =$A$9 -> 07/11/2023 01:00 | D2: Power Off | G2: Pw.Off | L2: Link Fail | N2: Link F | P2: Maintenance | R2: Maint.
A3: Report Type: | B3: Mean | D3: Calibration | G3: Calib. | L3: Data Fail | N3: Data F | P3: Invalid | R3: Invalid
A4: Time Base: | B4: 01 Hour | D4: Zero Referrence | G4: Z.Ref | L4: Warm Up | N4: Wm. Up
A7: Date & Time | B7: NO | C7: NO2 | D7: NOX | E7: SO2 | F7: O3 | G7: PM 10 | H7: PM 2.5 | I7: BENZ | J7: WS | K7: WD | L7: TEMP | M7: HUM | N7: SR | O7: RG | P7: CO | Q7: NH3
B8: ug/m3 | C8: ug/m3 | D8: ppb | E8: ug/m3 | F8: ug/m3 | G8: ug/m3 | H8: ug/m3 | I8: ug/m3 | J8: m/sec | K8: deg | L8: degreC | M8: % | N8: w/m2 | O8: mm | P8: mg/m3 | Q8: ug/m3
A9: 07/11/2023 01:00 | B9: 47.53 | C9: 30.62 | D9: 55.42 | E9: 7.47 | F9: 2.65 | G9: 109.01 | H9: 36.36 | I9: 9.63 | J9: 0.16 | K9: 186.97 | L9: 20.26 | M9: 88.44 | N9: 0 | O9: 0 | P9: 1.1 | Q9: 6.05
A10: 07/11/2023 02:00 | B10: 55.12 | C10: 28.95 | D10: 60.68 | E10: 6.79 | F10: 2.87 | G10: 116.22 | H10: 35.88 | I10: 9.65 | J10: 0.1 | K10: 237.09 | L10: 19.87 | M10: 87.58 | N10: 0 | O10: 0 | P10: 1.07 | Q10: 6.28
A11: 07/11/2023 03:00 | B11: 58.29 | C11: 28.72 | D11: 63.1 | E11: 6.91 | F11: 2.71 | G11: 116.76 | H11: 39.14 | I11: 9.9 | J11: 0.12 | K11: 201.71 | L11: 19.69 | M11: 90.51 | N11: 0 | O11: 0 | P11: 1.07 | Q11: 6.42
A12: 07/11/2023 04:00 | B12: 60.6 | C12: 28.57 | D12: 64.46 | E12: 6.7 | F12: 2.63 | G12: 116.76 | H12: 39.62 | I12: 10.07 | J12: 0.11 | K12: 240.27 | L12: 19.4 | M12: 89.62 | N12: 0 | O12: 0 | P12: 1.07 | Q12: 6.51
A13: 07/11/2023 05:00 | B13: 60.87 | C13: 28.32 | D13: 64.96 | E13: 7 | F13: 2.69 | G13: 116.39 | H13: 39.62 | I13: 10.11 | J13: 0.14 | K13: 248.29 | L13: 19.22 | M13: 92.99 | N13: 0 | O13: 0 | P13: 1.04 | Q13: 6.53
A14: 07/11/2023 06:00 | B14: 61.92 | C14: 27.11 | D14: 64.87 | E14: 6.88 | F14: 2.64 | G14: 106.33 | H14: 37.49 | I14: 9.87 | J14: 0.22 | K14: 181.04 | L14: 18.55 | M14: 93.72 | N14: 0 | O14: 0 | P14: 1.01 | Q14: 6.55
A15: 07/11/2023 07:00 | B15: 62.12 | C15: 27.9 | D15: 65.74 | E15: 6.98 | F15: 2.7 | G15: 101.61 | H15: 36.69 | I15: 9.77 | J15: 0.12 | K15: 356.98 | L15: 18.9 | M15: 93.21 | N15: 26.6 | O15: 0 | P15: 1.04 | Q15: 6.52
A16: 07/11/2023 08:00 | B16: 63.73 | C16: 29.66 | D16: 67.48 | E16: 7.46 | F16: 2.59 | G16: 117.81 | H16: 41.34 | I16: 10.11 | J16: 0.3 | K16: 219.25 | L16: 22.07 | M16: 87.47 | N16: 191.6 | O16: 0 | P16: 1.08 | Q16: 6.75
A17: 07/11/2023 09:00 | B17: 58.31 | C17: 32.59 | D17: 63.81 | E17: 7.59 | F17: 2.86 | G17: 125.98 | H17: 48.76 | I17: 10.25 | J17: 0.44 | K17: 53.81 | L17: 25.59 | M17: 67.41 | N17: 350.8 | O17: 0 | P17: 1.11 | Q17: 6.59
A18: 07/11/2023 10:00 | B18: 47.08 | C18: 35.37 | D18: 56.52 | E18: 8.08 | F18: 2.87 | G18: 128.07 | H18: 48.76 | I18: 10.42 | J18: 0.36 | K18: 196.18 | L18: 28.71 | M18: 57.21 | N18: 507.7 | O18: 0 | P18: 1.13 | Q18: 6.22
A19: 07/11/2023 11:00 | B19: 32.98 | C19: 35.86 | D19: 46.22 | E19: 6.29 | F19: 2.94 | G19: 128.07 | H19: 48.12 | I19: 10.32 | J19: 0.27 | K19: 169.78 | L19: 30.77 | M19: 44.41 | N19: 607.9 | O19: 0 | P19: 1.1 | Q19: 5.66
A20: 07/11/2023 12:00 | B20: 21.44 | C20: 32.51 | D20: 35.53 | E20: 5.85 | F20: 3.68 | G20: 111.88 | H20: 43.44 | I20: 9.63 | J20: 0.38 | K20: 249.43 | L20: 31.51 | M20: 33.53 | N20: 662.5 | O20: 0 | P20: 1.02 | Q20: 5.15
... A32: 07/11/2023 24:00 | B32: 13.2 | C32: 23.22 | D32: 23.81 | E32: 7.02 | F32: 2.67 | G32: 86.81 | H32: 32.23 | I32: 8.04 | J32: 0.21 | K32: 218.88 | L32: 19.85 | M32: 88.1 | N32: 0 | O32: 0 | P32: 0.84 | Q32: 4.66
A34: Min | B34: =MIN(B9:B32) -> 6.91 | C34: =MIN(C9:C32) -> 23.22 | D34: =MIN(D9:D32) -> 19.47 | E34: =MIN(E9:E32) -> 4.16 | F34: =MIN(F9:F32) -> 2.59 | G34: =MIN(G9:G32) -> 75.35 | H34: =MIN(H9:H32) -> 27.01 | I34: =MIN(I9:I32) -> 5.94 | ... Q34: =MIN(Q9:Q32) -> 4.34
A35: Max | B35: =MAX(B9:B32) -> 63.73 | C35: =MAX(C9:C32) -> 35.86 | D35: =MAX(D9:D32) -> 67.48 | E35: =MAX(E9:E32) -> 8.08 | F35: =MAX(F9:F32) -> 8.84 | G35: =MAX(G9:G32) -> 128.07 | H35: =MAX(H9:H32) -> 48.76 | I35: =MAX(I9:I32) -> 10.42 | ... Q35: =MAX(Q9:Q32) -> 6.75
A36: Avg | B36: =AVERAGE(B9:B32) -> 31.707083 | C36: =AVERAGE(C9:C32) -> 28.360833 | D36: =AVERAGE(D9:D32) -> 41.371667 | E36: =AVERAGE(E9:E32) -> 6.5658333 | F36: =AVERAGE(F9:F32) -> 3.6883333 | G36: =AVERAGE(G9:G32) -> 107.86208 | H36: =AVERAGE(H9:H32) -> 36.898333 | I36: =AVERAGE(I9:I32) -> 8.695 | ... Q36: =AVERAGE(Q9:Q32) -> 5.4175
A37: Stdev | B37: =STDEV(B9:B32) -> 23.180911 | C37: =STDEV(C9:C32) -> 3.3674334 | D37: =STDEV(D9:D32) -> 19.31298 | E37: =STDEV(E9:E32) -> 0.97919184 | F37: =STDEV(F9:F32) -> 1.8551167 | G37: =STDEV(G9:G32) -> 16.95444 | H37: =STDEV(H9:H32) -> 6.0582884 | I37: =STDEV(I9:I32) -> 1.4538405 | ... Q37: =STDEV(Q9:Q32) -> 0.93063443
A38: Num | B38: =COUNT(B9:B32) -> 24 | C38: =COUNT(C9:C32) -> 24 | D38: =COUNT(D9:D32) -> 24 | E38: =COUNT(E9:E32) -> 24 | F38: =COUNT(F9:F32) -> 24 | G38: =COUNT(G9:G32) -> 24 | H38: =COUNT(H9:H32) -> 24 | I38: =COUNT(I9:I32) -> 24 | ... Q38: =COUNT(Q9:Q32) -> 24
A39: DCR | B39: =IF(B38>=22,">90%",IF(B38<=22,"<90%")) -> >90% | C39: =IF(C38>=22,">90%",IF(C38<=22,"<90%")) -> >90% | D39: =IF(D38>=22,">90%",IF(D38<=22,"<90%")) -> >90% | E39: =IF(E38>=22,">90%",IF(E38<=22,"<90%")) -> >90% | F39: =IF(F38>=22,">90%",IF(F38<=22,"<90%")) -> >90% | G39: =IF(G38>=22,">90%",IF(G38<=22,"<90%")) -> >90% | H39: =IF(H38>=22,">90%",IF(H38<=22,"<90%")) -> >90% | I39: =IF(I38>=22,">90%",IF(I38<=22,"<90%")) -> >90% | ... Q39: =IF(Q38>=22,">90%",IF(Q38<=22,"<90%")) -> >90%
A40: Status | B40: =IF(B38>=22,"OK",IF(B38<=22,"LESS")) -> OK | C40: =IF(C38>=22,"OK",IF(C38<=22,"LESS")) -> OK | D40: =IF(D38>=22,"OK",IF(D38<=22,"LESS")) -> OK | E40: =IF(E38>=22,"OK",IF(E38<=22,"LESS")) -> OK | F40: =IF(F38>=22,"OK",IF(F38<=22,"LESS")) -> OK | G40: =IF(G38>=22,"OK",IF(G38<=22,"LESS")) -> OK | H40: =IF(H38>=22,"OK",IF(H38<=22,"LESS")) -> OK | I40: =IF(I38>=22,"OK",IF(I38<=22,"LESS")) -> OK | ... Q40: =IF(Q38>=22,"OK",IF(Q38<=22,"LESS")) -> OK
A43: Done by | B43: AKASH
A45: Comment

Sheet 08
A1: Station: | B1: IGKV ,RAIPUR
A2: Date: | B2: =$A$9 -> 08/11/2023 01:00 | D2: Power Off | G2: Pw.Off | L2: Link Fail | N2: Link F | P2: Maintenance | R2: Maint.
A3: Report Type: | B3: Mean | D3: Calibration | G3: Calib. | L3: Data Fail | N3: Data F | P3: Invalid | R3: Invalid
A4: Time Base: | B4: 01 Hour | D4: Zero Referrence | G4: Z.Ref | L4: Warm Up | N4: Wm. Up
A7: Date & Time | B7: NO | C7: NO2 | D7: NOX | E7: SO2 | F7: O3 | G7: PM 10 | H7: PM 2.5 | I7: BENZ | J7: WS | K7: WD | L7: TEMP | M7: HUM | N7: SR | O7: RG | P7: CO | Q7: NH3
B8: ug/m3 | C8: ug/m3 | D8: ppb | E8: ug/m3 | F8: ug/m3 | G8: ug/m3 | H8: ug/m3 | I8: ug/m3 | J8: m/sec | K8: deg | L8: degreC | M8: % | N8: w/m2 | O8: mm | P8: mg/m3 | Q8: ug/m3
A9: 08/11/2023 01:00 | B9: 18.52 | C9: 24.19 | D9: 28.84 | E9: 7.13 | F9: 2.63 | G9: 74.64 | H9: 31.48 | I9: 8.22 | J9: 0.06 | K9: 171.36 | L9: 19.6 | M9: 87.23 | N9: 0 | O9: 0 | P9: 0.88 | Q9: 4.88
A10: 08/11/2023 02:00 | B10: 27.97 | C10: 26.64 | D10: 37.7 | E10: 7.81 | F10: 2.68 | G10: 90.44 | H10: 36.2 | I10: 8.83 | J10: 0.22 | K10: 164.43 | L10: 19.94 | M10: 82.59 | N10: 0 | O10: 0 | P10: 0.99 | Q10: 5.34
A11: 08/11/2023 03:00 | B11: 30.6 | C11: 27.72 | D11: 40.37 | E11: 7.32 | F11: 2.7 | G11: 109.33 | H11: 38.89 | I11: 9.98 | J11: 0.19 | K11: 234.69 | L11: 19.24 | M11: 89.68 | N11: 0 | O11: 0 | P11: 1.06 | Q11: 5.44
A12: 08/11/2023 04:00 | B12: 30.32 | C12: 27.39 | D12: 39.98 | E12: 7.81 | F12: 2.62 | G12: 109.33 | H12: 38.89 | I12: 10.5 | J12: 0.32 | K12: 185.57 | L12: 18.48 | M12: 92.93 | N12: 0 | O12: 0 | P12: 1.09 | Q12: 5.45
A13: 08/11/2023 05:00 | B13: 32.19 | C13: 27.45 | D13: 41.51 | E13: 8.04 | F13: 2.62 | G13: 107.53 | H13: 41.71 | I13: 10.92 | J13: 0.1 | K13: 187.21 | L13: 18.18 | M13: 92.5 | N13: 0 | O13: 0 | P13: 1.14 | Q13: 5.52
A14: 08/11/2023 06:00 | B14: 35.59 | C14: 27.72 | D14: 44.33 | E14: 8.18 | F14: 2.62 | G14: 111.71 | H14: 42.45 | I14: 11.62 | J14: 0.12 | K14: 195.83 | L14: 18.05 | M14: 94.38 | N14: 0 | O14: 0 | P14: 1.19 | Q14: 5.7
A15: 08/11/2023 07:00 | B15: 51.47 | C15: 28.96 | D15: 56.87 | E15: 8.52 | F15: 2.69 | G15: 125.47 | H15: 44.98 | I15: 12.48 | J15: 0.35 | K15: 234.5 | L15: 18.41 | M15: 95.12 | N15: 28 | O15: 0 | P15: 1.25 | Q15: 6.25
A16: 08/11/2023 08:00 | B16: 50.96 | C16: 29.02 | D16: 56.54 | E16: 8.24 | F16: 2.69 | G16: 135.59 | H16: 46.81 | I16: 12.88 | J16: 0.1 | K16: 253.41 | L16: 21.65 | M16: 90.84 | N16: 165.8 | O16: 0 | P16: 1.29 | Q16: 6.24
A17: 08/11/2023 09:00 | B17: 48.85 | C17: 29.73 | D17: 55.33 | E17: 8 | F17: 2.83 | G17: 160.72 | H17: 56.49 | I17: 13.47 | J17: 0.35 | K17: 253.36 | L17: 25.37 | M17: 68.72 | N17: 296.9 | O17: 0 | P17: 1.36 | Q17: 6.13
A18: 08/11/2023 10:00 | B18: 40.52 | C18: 31.25 | D18: 49.57 | E18: 7.58 | F18: 2.8 | G18: 188.26 | H18: 66.91 | I18: 13.6 | J18: 0.21 | K18: 202.75 | L18: 27.38 | M18: 55 | N18: 439.2 | O18: 0 | P18: 1.41 | Q18: 5.88
A19: 08/11/2023 11:00 | B19: 31.54 | C19: 32.69 | D19: 42.89 | E19: 5.71 | F19: 2.88 | G19: 188.26 | H19: 66.91 | I19: 13.64 | J19: 0.26 | K19: 252.41 | L19: 29.24 | M19: 43.53 | N19: 501.2 | O19: 0 | P19: 1.4 | Q19: 5.58
A20: 08/11/2023 12:00 | B20: 21.65 | C20: 34.03 | D20: 36.12 | E20: 6.29 | F20: 4.7 | G20: 164.08 | H20: 61.98 | I20: 13.2 | J20: 0.32 | K20: 243.92 | L20: 30.82 | M20: 38.98 | N20: 577.9 | O20: 0 | P20: 1.39 | Q20: 5.14
... A32: 08/11/2023 24:00 | B32: 10.51 | C32: 26.58 | D32: 23.67 | E32: 7.71 | F32: 2.75 | G32: 90.82 | H32: 38.75 | I32: 9.3 | J32: 0.13 | K32: 231.07 | L32: 20.26 | M32: 82.06 | N32: 0 | O32: 0 | P32: 1 | Q32: 4.61
A34: Min | B34: =MIN(B9:B32) -> 3.8 | C34: =MIN(C9:C32) -> 24.19 | D34: =MIN(D9:D32) -> 18.57 | E34: =MIN(E9:E32) -> 4.23 | F34: =MIN(F9:F32) -> 2.56 | G34: =MIN(G9:G32) -> 74.64 | H34: =MIN(H9:H32) -> 31.48 | I34: =MIN(I9:I32) -> 8.22 | ... Q34: =MIN(Q9:Q32) -> 4.3
A35: Max | B35: =MAX(B9:B32) -> 51.47 | C35: =MAX(C9:C32) -> 34.03 | D35: =MAX(D9:D32) -> 56.87 | E35: =MAX(E9:E32) -> 8.52 | F35: =MAX(F9:F32) -> 9.98 | G35: =MAX(G9:G32) -> 196.74 | H35: =MAX(H9:H32) -> 66.91 | I35: =MAX(I9:I32) -> 13.64 | ... Q35: =MAX(Q9:Q32) -> 6.25
A36: Avg | B36: =AVERAGE(B9:B32) -> 21.5425 | C36: =AVERAGE(C9:C32) -> 28.199167 | D36: =AVERAGE(D9:D32) -> 33.13375 | E36: =AVERAGE(E9:E32) -> 7.00875 | F36: =AVERAGE(F9:F32) -> 3.7875 | G36: =AVERAGE(G9:G32) -> 130.01667 | H36: =AVERAGE(H9:H32) -> 45.142083 | I36: =AVERAGE(I9:I32) -> 10.637917 | ... Q36: =AVERAGE(Q9:Q32) -> 5.0566667
A37: Stdev | B37: =STDEV(B9:B32) -> 15.809288 | C37: =STDEV(C9:C32) -> 2.5404894 | D37: =STDEV(D9:D32) -> 12.906854 | E37: =STDEV(E9:E32) -> 1.1128706 | F37: =STDEV(F9:F32) -> 2.2228346 | G37: =STDEV(G9:G32) -> 36.091981 | H37: =STDEV(H9:H32) -> 9.6332427 | I37: =STDEV(I9:I32) -> 1.8289959 | ... Q37: =STDEV(Q9:Q32) -> 0.66296217
A38: Num | B38: =COUNT(B9:B32) -> 24 | C38: =COUNT(C9:C32) -> 24 | D38: =COUNT(D9:D32) -> 24 | E38: =COUNT(E9:E32) -> 24 | F38: =COUNT(F9:F32) -> 24 | G38: =COUNT(G9:G32) -> 24 | H38: =COUNT(H9:H32) -> 24 | I38: =COUNT(I9:I32) -> 24 | ... Q38: =COUNT(Q9:Q32) -> 24
A39: DCR | B39: =IF(B38>=22,">90%",IF(B38<=22,"<90%")) -> >90% | C39: =IF(C38>=22,">90%",IF(C38<=22,"<90%")) -> >90% | D39: =IF(D38>=22,">90%",IF(D38<=22,"<90%")) -> >90% | E39: =IF(E38>=22,">90%",IF(E38<=22,"<90%")) -> >90% | F39: =IF(F38>=22,">90%",IF(F38<=22,"<90%")) -> >90% | G39: =IF(G38>=22,">90%",IF(G38<=22,"<90%")) -> >90% | H39: =IF(H38>=22,">90%",IF(H38<=22,"<90%")) -> >90% | I39: =IF(I38>=22,">90%",IF(I38<=22,"<90%")) -> >90% | ... Q39: =IF(Q38>=22,">90%",IF(Q38<=22,"<90%")) -> >90%
A40: Status | B40: =IF(B38>=22,"OK",IF(B38<=22,"LESS")) -> OK | C40: =IF(C38>=22,"OK",IF(C38<=22,"LESS")) -> OK | D40: =IF(D38>=22,"OK",IF(D38<=22,"LESS")) -> OK | E40: =IF(E38>=22,"OK",IF(E38<=22,"LESS")) -> OK | F40: =IF(F38>=22,"OK",IF(F38<=22,"LESS")) -> OK | G40: =IF(G38>=22,"OK",IF(G38<=22,"LESS")) -> OK | H40: =IF(H38>=22,"OK",IF(H38<=22,"LESS")) -> OK | I40: =IF(I38>=22,"OK",IF(I38<=22,"LESS")) -> OK | ... Q40: =IF(Q38>=22,"OK",IF(Q38<=22,"LESS")) -> OK
A43: Done by | B43: AKASH
A45: Comment

Sheet 09
A1: Station: | B1: IGKV ,RAIPUR
A2: Date: | B2: =$A$9 -> 09/11/2023 01:00 | D2: Power Off | G2: Pw.Off | L2: Link Fail | N2: Link F | P2: Maintenance | R2: Maint.
A3: Report Type: | B3: Mean | D3: Calibration | G3: Calib. | L3: Data Fail | N3: Data F | P3: Invalid | R3: Invalid
A4: Time Base: | B4: 01 Hour | D4: Zero Referrence | G4: Z.Ref | L4: Warm Up | N4: Wm. Up
A7: Date & Time | B7: NO | C7: NO2 | D7: NOX | E7: SO2 | F7: O3 | G7: PM 10 | H7: PM 2.5 | I7: BENZ | J7: WS | K7: WD | L7: TEMP | M7: HUM | N7: SR | O7: RG | P7: CO | Q7: NH3
B8: ug/m3 | C8: ug/m3 | D8: ppb | E8: ug/m3 | F8: ug/m3 | G8: ug/m3 | H8: ug/m3 | I8: ug/m3 | J8: m/sec | K8: deg | L8: degreC | M8: % | N8: w/m2 | O8: mm | P8: mg/m3 | Q8: ug/m3
A9: 09/11/2023 01:00 | B9: 11.66 | C9: 26.71 | D9: 24.56 | E9: 7.63 | F9: 2.64 | G9: 90.82 | H9: 38.75 | I9: 9.52 | J9: 0.12 | K9: 213.6 | L9: 19.86 | M9: 88.64 | N9: 0 | O9: 0 | P9: 1.02 | Q9: 4.69
A10: 09/11/2023 02:00 | B10: 10.96 | C10: 26.34 | D10: 23.9 | E10: 7.68 | F10: 2.64 | G10: 76.75 | H10: 36.52 | I10: 9.57 | J10: 0.12 | K10: 217.45 | L10: 19.38 | M10: 86.04 | N10: 0 | O10: 0 | P10: 1.02 | Q10: 4.69
A11: 09/11/2023 03:00 | B11: 11.53 | C11: 25.38 | D11: 23.12 | E11: 5.99 | F11: 2.95 | G11: 76.75 | H11: 36.32 | I11: 9.41 | J11: 0.15 | K11: 199.58 | L11: 19.32 | M11: 83.98 | N11: 0 | O11: 0 | P11: 0.99 | Q11: 4.63
A12: 09/11/2023 04:00 | B12: 12.21 | C12: 24.36 | D12: 23.87 | E12: 5.21 | F12: 2.66 | G12: 75.67 | H12: 34.88 | I12: 9.13 | J12: 0.22 | K12: 201.83 | L12: 18.92 | M12: 89.21 | N12: 0 | O12: 0 | P12: 0.92 | Q12: 4.67
A13: 09/11/2023 05:00 | B13: 16.4 | C13: 25.6 | D13: 27.87 | E13: 5.56 | F13: 2.72 | G13: 81.29 | H13: 32.99 | I13: 8.96 | J13: 0.13 | K13: 198.78 | L13: 18.36 | M13: 89.23 | N13: 0 | O13: 0 | P13: 0.91 | Q13: 4.83
A14: 09/11/2023 06:00 | B14: 17.49 | C14: 25.5 | D14: 28.67 | E14: 5.66 | F14: 2.67 | G14: 81.29 | H14: 32.78 | I14: 8.78 | J14: 0.13 | K14: 240.31 | L14: 18.37 | M14: 91.68 | N14: 0 | O14: 0 | P14: 0.89 | Q14: 4.89
A15: 09/11/2023 07:00 | B15: 18.14 | C15: 24.97 | D15: 28.94 | E15: 5.67 | F15: 2.55 | G15: 63.49 | H15: 31.75 | I15: 8.62 | J15: 0.18 | K15: 172.44 | L15: 19.36 | M15: 90.87 | N15: 28.3 | O15: 0 | P15: 0.89 | Q15: 4.89
A16: 09/11/2023 08:00 | B16: 23.61 | C16: 27.58 | D16: 34.7 | E16: 6.17 | F16: 2.75 | G16: 97.83 | H16: 33.43 | I16: 8.93 | J16: 0.28 | K16: 150.26 | L16: 22.38 | M16: 84.15 | N16: 173.9 | O16: 0 | P16: 0.99 | Q16: 5.17
A17: 09/11/2023 09:00 | B17: 23.09 | C17: 31.34 | D17: 34.74 | E17: 6.61 | F17: 2.87 | G17: 147.45 | H17: 48.27 | I17: 10.3 | J17: 0.21 | K17: 172.25 | L17: 26.26 | M17: 65.57 | N17: 341.9 | O17: 0 | P17: 1.12 | Q17: 5.18
A18: 09/11/2023 10:00 | B18: 17.67 | C18: 31.93 | D18: 32.01 | E18: 6.63 | F18: 3.3 | G18: 147.45 | H18: 48.27 | I18: 10.8 | J18: 0.23 | K18: 260.99 | L18: 28.43 | M18: 50.62 | N18: 483.9 | O18: 0 | P18: 1.15 | Q18: 5.01
A19: 09/11/2023 11:00 | B19: 10.1 | C19: 30.94 | D19: 25.62 | E19: 6.34 | F19: 3.99 | G19: 128.14 | H19: 47.77 | I19: 10.61 | J19: 0.27 | K19: 194.87 | L19: 30.47 | M19: 45.26 | N19: 553.1 | O19: 0 | P19: 1.14 | Q19: 4.66
A20: 09/11/2023 12:00 | B20: 5.11 | C20: 28.22 | D20: 20.19 | E20: 6.77 | F20: 5.23 | G20: 111.73 | H20: 47.77 | I20: 10.3 | J20: 0.38 | K20: 210.87 | L20: 31.85 | M20: 37.37 | N20: 630.1 | O20: 0 | P20: 1.08 | Q20: 4.39
... A32: 09/11/2023 24:00 | B32: 8.83 | C32: 22.46 | D32: 20.17 | E32: 5.52 | F32: 2.69 | G32: 92.39 | H32: 29.37 | I32: 6.64 | J32: 0.15 | K32: 229.9 | L32: 20.55 | M32: 78.55 | N32: 0 | O32: 0 | P32: 0.79 | Q32: 4.48
A34: Min | B34: =MIN(B9:B32) -> 4.31 | C34: =MIN(C9:C32) -> 18.93 | D34: =MIN(D9:D32) -> 14.87 | E34: =MIN(E9:E32) -> 5.21 | F34: =MIN(F9:F32) -> 2.55 | G34: =MIN(G9:G32) -> 63.49 | H34: =MIN(H9:H32) -> 28.75 | I34: =MIN(I9:I32) -> 6.47 | ... Q34: =MIN(Q9:Q32) -> 4.23
A35: Max | B35: =MAX(B9:B32) -> 23.61 | C35: =MAX(C9:C32) -> 31.93 | D35: =MAX(D9:D32) -> 34.74 | E35: =MAX(E9:E32) -> 7.68 | F35: =MAX(F9:F32) -> 6.7 | G35: =MAX(G9:G32) -> 152.81 | H35: =MAX(H9:H32) -> 48.27 | I35: =MAX(I9:I32) -> 10.8 | ... Q35: =MAX(Q9:Q32) -> 5.18
A36: Avg | B36: =AVERAGE(B9:B32) -> 10.354167 | C36: =AVERAGE(C9:C32) -> 24.744167 | D36: =AVERAGE(D9:D32) -> 22.437083 | E36: =AVERAGE(E9:E32) -> 6.0591667 | F36: =AVERAGE(F9:F32) -> 3.675 | G36: =AVERAGE(G9:G32) -> 101.55042 | H36: =AVERAGE(H9:H32) -> 36.081667 | I36: =AVERAGE(I9:I32) -> 8.445 | ... Q36: =AVERAGE(Q9:Q32) -> 4.5695833
A37: Stdev | B37: =STDEV(B9:B32) -> 6.0589552 | C37: =STDEV(C9:C32) -> 3.5154243 | D37: =STDEV(D9:D32) -> 6.1119843 | E37: =STDEV(E9:E32) -> 0.64210196 | F37: =STDEV(F9:F32) -> 1.3411287 | G37: =STDEV(G9:G32) -> 29.208729 | H37: =STDEV(H9:H32) -> 6.2460225 | I37: =STDEV(I9:I32) -> 1.4355154 | ... Q37: =STDEV(Q9:Q32) -> 0.29978948
A38: Num | B38: =COUNT(B9:B32) -> 24 | C38: =COUNT(C9:C32) -> 24 | D38: =COUNT(D9:D32) -> 24 | E38: =COUNT(E9:E32) -> 24 | F38: =COUNT(F9:F32) -> 24 | G38: =COUNT(G9:G32) -> 24 | H38: =COUNT(H9:H32) -> 24 | I38: =COUNT(I9:I32) -> 24 | ... Q38: =COUNT(Q9:Q32) -> 24
A39: DCR | B39: =IF(B38>=22,">90%",IF(B38<=22,"<90%")) -> >90% | C39: =IF(C38>=22,">90%",IF(C38<=22,"<90%")) -> >90% | D39: =IF(D38>=22,">90%",IF(D38<=22,"<90%")) -> >90% | E39: =IF(E38>=22,">90%",IF(E38<=22,"<90%")) -> >90% | F39: =IF(F38>=22,">90%",IF(F38<=22,"<90%")) -> >90% | G39: =IF(G38>=22,">90%",IF(G38<=22,"<90%")) -> >90% | H39: =IF(H38>=22,">90%",IF(H38<=22,"<90%")) -> >90% | I39: =IF(I38>=22,">90%",IF(I38<=22,"<90%")) -> >90% | ... Q39: =IF(Q38>=22,">90%",IF(Q38<=22,"<90%")) -> >90%
A40: Status | B40: =IF(B38>=22,"OK",IF(B38<=22,"LESS")) -> OK | C40: =IF(C38>=22,"OK",IF(C38<=22,"LESS")) -> OK | D40: =IF(D38>=22,"OK",IF(D38<=22,"LESS")) -> OK | E40: =IF(E38>=22,"OK",IF(E38<=22,"LESS")) -> OK | F40: =IF(F38>=22,"OK",IF(F38<=22,"LESS")) -> OK | G40: =IF(G38>=22,"OK",IF(G38<=22,"LESS")) -> OK | H40: =IF(H38>=22,"OK",IF(H38<=22,"LESS")) -> OK | I40: =IF(I38>=22,"OK",IF(I38<=22,"LESS")) -> OK | ... Q40: =IF(Q38>=22,"OK",IF(Q38<=22,"LESS")) -> OK
A43: Done by | B43: AKASH
A45: Comment

Sheet 10
A1: Station: | B1: IGKV ,RAIPUR
A2: Date: | B2: =$A$9 -> 10/11/2023 01:00 | D2: Power Off | G2: Pw.Off | L2: Link Fail | N2: Link F | P2: Maintenance | R2: Maint.
A3: Report Type: | B3: Mean | D3: Calibration | G3: Calib. | L3: Data Fail | N3: Data F | P3: Invalid | R3: Invalid
A4: Time Base: | B4: 01 Hour | D4: Zero Referrence | G4: Z.Ref | L4: Warm Up | N4: Wm. Up
A7: Date & Time | B7: NO | C7: NO2 | D7: NOX | E7: SO2 | F7: O3 | G7: PM 10 | H7: PM 2.5 | I7: BENZ | J7: WS | K7: WD | L7: TEMP | M7: HUM | N7: SR | O7: RG | P7: CO | Q7: NH3
B8: ug/m3 | C8: ug/m3 | D8: ppb | E8: ug/m3 | F8: ug/m3 | G8: ug/m3 | H8: ug/m3 | I8: ug/m3 | J8: m/sec | K8: deg | L8: degreC | M8: % | N8: w/m2 | O8: mm | P8: mg/m3 | Q8: ug/m3
A9: 10/11/2023 01:00 | B9: 13.49 | C9: 23.98 | D9: 24.7 | E9: 5.86 | F9: 2.65 | G9: 89.54 | H9: 31.6 | I9: 6.87 | J9: 0.13 | K9: 259.75 | L9: 20.46 | M9: 77.75 | N9: 0 | O9: 0 | P9: 0.83 | Q9: 4.69
A10: 10/11/2023 02:00 | B10: 18.48 | C10: 26.36 | D10: 29.94 | E10: 6.16 | F10: 2.59 | G10: 88.22 | H10: 33.31 | I10: 7.54 | J10: 0.13 | K10: 221.69 | L10: 20.21 | M10: 85.84 | N10: 0 | O10: 0 | P10: 0.91 | Q10: 4.91
A11: 10/11/2023 03:00 | B11: 21.7 | C11: 27.43 | D11: 32.94 | E11: 5.41 | F11: 2.57 | G11: 94.58 | H11: 34.36 | I11: 8.42 | J11: 0.24 | K11: 208.38 | L11: 19.7 | M11: 91.03 | N11: 0 | O11: 0 | P11: 1.02 | Q11: 5.07
A12: 10/11/2023 04:00 | B12: 21.01 | C12: 27.4 | D12: 32.52 | E12: 5.12 | F12: 2.76 | G12: 94.58 | H12: 34.36 | I12: 8.77 | J12: 0.14 | K12: 187.65 | L12: 19.29 | M12: 88.61 | N12: 0 | O12: 0 | P12: 1.04 | Q12: 5.06
A13: 10/11/2023 05:00 | B13: 18.76 | C13: 26.36 | D13: 30.17 | E13: 5.13 | F13: 2.69 | G13: 83.01 | H13: 34.34 | I13: 8.75 | J13: 0.1 | K13: 216.33 | L13: 18.85 | M13: 91.89 | N13: 0 | O13: 0 | P13: 1.02 | Q13: 4.98
A14: 10/11/2023 06:00 | B14: 16.92 | C14: 25.21 | D14: 28.09 | E14: 4.96 | F14: 2.61 | G14: 73.12 | H14: 30.96 | I14: 8.66 | J14: 0.13 | K14: 195.15 | L14: 18.5 | M14: 92.52 | N14: 0 | O14: 0 | P14: 0.99 | Q14: 4.91
A15: 10/11/2023 07:00 | B15: 16.01 | C15: 24.85 | D15: 27.18 | E15: 4.98 | F15: 2.55 | G15: 74.95 | H15: 31.2 | I15: 8.47 | J15: 0.23 | K15: 175.56 | L15: 19.16 | M15: 91.88 | N15: 29.7 | O15: 0 | P15: 0.96 | Q15: 4.86
A16: 10/11/2023 08:00 | B16: 14.83 | C16: 25.45 | D16: 26 | E16: 5.3 | F16: 2.65 | G16: 77.3 | H16: 31.2 | I16: 8.34 | J16: 0.28 | K16: 168.7 | L16: 22.77 | M16: 82.78 | N16: 177.6 | O16: 0 | P16: 0.93 | Q16: 4.82
A17: 10/11/2023 09:00 | B17: 13.07 | C17: 23.71 | D17: 24.22 | E17: 4.7 | F17: 2.92 | G17: 77.3 | H17: 32.35 | I17: 8.46 | J17: 0.13 | K17: 260.26 | L17: 25.95 | M17: 68.22 | N17: 327.9 | O17: 0 | P17: 0.9 | Q17: 4.7
A18: 10/11/2023 10:00 | B18: 11.17 | C18: 23.31 | D18: 22.05 | E18: 4.47 | F18: 3.11 | G18: 71.26 | H18: 32.35 | I18: 8.43 | J18: 0.16 | K18: 199.64 | L18: 28.7 | M18: 55.69 | N18: 474.4 | O18: 0 | P18: 0.86 | Q18: 4.59
A19: 10/11/2023 11:00 | B19: 8.91 | C19: 21.48 | D19: 19.72 | E19: 5.67 | F19: 3.6 | G19: 70.78 | H19: 32.17 | I19: 8.28 | J19: 0.3 | K19: 235.09 | L19: 30.14 | M19: 44.75 | N19: 542.1 | O19: 0 | P19: 0.84 | Q19: 4.48
A20: 10/11/2023 12:00 | B20: 6.58 | C20: 20.64 | D20: 17.37 | E20: 6.27 | F20: 6.38 | G20: 65.73 | H20: 30.5 | I20: 7.89 | J20: 0.21 | K20: 144.48 | L20: 31.44 | M20: 40.94 | N20: 587.2 | O20: 0 | P20: 0.79 | Q20: 4.34
... A22: 10/11/2023 14:00 | B22: 4.36 | C22: 20.6 | D22: 15.51 | E22: 8.37 | F22: 15.53 | G22: 73.35 | H22: 29.59 | I22: 7.03 | J22: 0.45 | K22: 256.84 | L22: 32.5 | M22: 35.53 | N22: 490.4 | O22: 0 | P22: 0.76 | Q22: 4.23
A23: 10/11/2023 15:00 | B23: 3.64 | C23: 22.4 | D23: 14.87 | E23: 18.48 | F23: 44.17 | G23: Calib. | H23: Calib. | I23: 6.47 | J23: 0.45 | K23: 42.34 | L23: 32.2 | M23: 34.75 | N23: 382.8 | O23: 0 | P23: 0.72 | Q23: 4.25
A24: 10/11/2023 16:00 | B24: 4.77 | C24: 28.92 | D24: 19.98 | E24: 9.45 | F24: 11.91 | G24: 67.61 | H24: 18.73 | I24: 5.12 | J24: 0.44 | K24: 74.5 | L24: 30.74 | M24: 36.68 | N24: 88.3 | O24: 0 | P24: 0.72 | Q24: 4.29
A25: 10/11/2023 17:00 | B25: 5.43 | C25: 29.19 | D25: 20.72 | E25: 7.43 | F25: 5.3 | G25: 78.7 | H25: 23.64 | I25: 4.92 | J25: 0.26 | K25: 171.29 | L25: 29.96 | M25: 50 | N25: 45 | O25: 0 | P25: 0.71 | Q25: 4.31
A26: 10/11/2023 18:00 | B26: 6.6 | C26: 29.01 | D26: 21.8 | E26: 7.35 | F26: 4.37 | G26: 89.16 | H26: 27.25 | I26: 4.87 | J26: 0.25 | K26: 174.16 | L26: 27.37 | M26: 64.53 | N26: 0 | O26: 0 | P26: 0.77 | Q26: 4.31
A27: 10/11/2023 19:00 | B27: 8.51 | C27: 26.71 | D27: 20.96 | E27: 5.86 | F27: 3.36 | G27: 99.65 | H27: 29.88 | I27: 5.57 | J27: 0.2 | K27: 230.85 | L27: 25.7 | M27: 68.17 | N27: 0 | O27: 0 | P27: 0.76 | Q27: 4.36
A28: 10/11/2023 20:00 | B28: 9.05 | C28: 24.67 | D28: 21.06 | E28: 5.57 | F28: 2.95 | G28: 101.83 | H28: 33.25 | I28: 5.9 | J28: 0.13 | K28: 214.88 | L28: 24.49 | M28: 74.04 | N28: 0 | O28: 0 | P28: 0.77 | Q28: 4.37
A29: 10/11/2023 21:00 | B29: 9.95 | C29: 23.3 | D29: 21.48 | E29: 5.85 | F29: 2.79 | G29: 101.83 | H29: 33.25 | I29: 6.1 | J29: 0.15 | K29: 173.88 | L29: 23.45 | M29: 81.6 | N29: 0 | O29: 0 | P29: 0.78 | Q29: 4.42
A30: 10/11/2023 22:00 | B30: 11.04 | C30: 22.73 | D30: 22.08 | E30: 6 | F30: 2.76 | G30: 94.04 | H30: 32.37 | I30: 6.33 | J30: 0.12 | K30: 225.8 | L30: 22.68 | M30: 84.45 | N30: 0 | O30: 0 | P30: 0.81 | Q30: 4.44
A31: 10/11/2023 23:00 | B31: 11.62 | C31: 22.66 | D31: 22.5 | E31: 6.13 | F31: 2.74 | G31: 94.04 | H31: 32.55 | I31: 6.55 | J31: 0.13 | K31: 240.08 | L31: 21.79 | M31: 86.88 | N31: 0 | O31: 0 | P31: 0.87 | Q31: 4.49
A32: 10/11/2023 24:00 | B32: 11.48 | C32: 23.94 | D32: 22.92 | E32: 7.03 | F32: 2.7 | G32: 85.25 | H32: 33.02 | I32: 7.18 | J32: 0.16 | K32: 237.44 | L32: 21.48 | M32: 87.42 | N32: 0 | O32: 0 | P32: 0.96 | Q32: 4.5
A34: Min | B34: =MIN(B9:B32) -> 3.64 | C34: =MIN(C9:C32) -> 20.14 | D34: =MIN(D9:D32) -> 14.87 | E34: =MIN(E9:E32) -> 4.47 | F34: =MIN(F9:F32) -> 2.55 | G34: =MIN(G9:G32) -> 65.73 | H34: =MIN(H9:H32) -> 18.73 | I34: =MIN(I9:I32) -> 4.87 | ... Q34: =MIN(Q9:Q32) -> 4.23
A35: Max | B35: =MAX(B9:B32) -> 21.7 | C35: =MAX(C9:C32) -> 29.19 | D35: =MAX(D9:D32) -> 32.94 | E35: =MAX(E9:E32) -> 18.48 | F35: =MAX(F9:F32) -> 44.17 | G35: =MAX(G9:G32) -> 101.83 | H35: =MAX(H9:H32) -> 34.36 | I35: =MAX(I9:I32) -> 8.77 | ... Q35: =MAX(Q9:Q32) -> 5.07
A36: Avg | B36: =AVERAGE(B9:B32) -> 11.3575 | C36: =AVERAGE(C9:C32) -> 24.602083 | D36: =AVERAGE(D9:D32) -> 23.10375 | E36: =AVERAGE(E9:E32) -> 6.5841667 | F36: =AVERAGE(F9:F32) -> 5.9420833 | G36: =AVERAGE(G9:G32) -> 83.442609 | H36: =AVERAGE(H9:H32) -> 30.91913 | I36: =AVERAGE(I9:I32) -> 7.1808333 | ... Q36: =AVERAGE(Q9:Q32) -> 4.56875
A37: Stdev | B37: =STDEV(B9:B32) -> 5.3966296 | C37: =STDEV(C9:C32) -> 2.6801281 | D37: =STDEV(D9:D32) -> 5.0703879 | E37: =STDEV(E9:E32) -> 2.7914636 | F37: =STDEV(F9:F32) -> 8.7468936 | G37: =STDEV(G9:G32) -> 11.404209 | H37: =STDEV(H9:H32) -> 3.6275861 | I37: =STDEV(I9:I32) -> 1.2964698 | ... Q37: =STDEV(Q9:Q32) -> 0.27858825
A38: Num | B38: =COUNT(B9:B32) -> 24 | C38: =COUNT(C9:C32) -> 24 | D38: =COUNT(D9:D32) -> 24 | E38: =COUNT(E9:E32) -> 24 | F38: =COUNT(F9:F32) -> 24 | G38: 24 | H38: 24 | I38: =COUNT(I9:I32) -> 24 | J38: =COUNT(J9:J32) -> 24 | K38: =COUNT(K9:K32) -> 24 | L38: =COUNT(L9:L32) -> 24 | M38: =COUNT(M9:M32) -> 24 | N38: =COUNT(N9:N32) -> 24 | O38: =COUNT(O9:O32) -> 24 | P38: =COUNT(P9:P32) -> 24 | Q38: =COUNT(Q9:Q32) -> 24
A39: DCR | B39: =IF(B38>=22,">90%",IF(B38<=22,"<90%")) -> >90% | C39: =IF(C38>=22,">90%",IF(C38<=22,"<90%")) -> >90% | D39: =IF(D38>=22,">90%",IF(D38<=22,"<90%")) -> >90% | E39: =IF(E38>=22,">90%",IF(E38<=22,"<90%")) -> >90% | F39: =IF(F38>=22,">90%",IF(F38<=22,"<90%")) -> >90% | G39: =IF(G38>=22,">90%",IF(G38<=22,"<90%")) -> >90% | H39: =IF(H38>=22,">90%",IF(H38<=22,"<90%")) -> >90% | I39: =IF(I38>=22,">90%",IF(I38<=22,"<90%")) -> >90% | ... Q39: =IF(Q38>=22,">90%",IF(Q38<=22,"<90%")) -> >90%
A40: Status | B40: =IF(B38>=22,"OK",IF(B38<=22,"LESS")) -> OK | C40: =IF(C38>=22,"OK",IF(C38<=22,"LESS")) -> OK | D40: =IF(D38>=22,"OK",IF(D38<=22,"LESS")) -> OK | E40: =IF(E38>=22,"OK",IF(E38<=22,"LESS")) -> OK | F40: =IF(F38>=22,"OK",IF(F38<=22,"LESS")) -> OK | G40: =IF(G38>=22,"OK",IF(G38<=22,"LESS")) -> OK | H40: =IF(H38>=22,"OK",IF(H38<=22,"LESS")) -> OK | I40: =IF(I38>=22,"OK",IF(I38<=22,"LESS")) -> OK | ... Q40: =IF(Q38>=22,"OK",IF(Q38<=22,"LESS")) -> OK
A43: Done by | B43: AKASH
A45: Comment

Sheet 11
A1: Station: | B1: IGKV ,RAIPUR
A2: Date: | B2: =$A$9 -> 11/11/2023 01:00 | D2: Power Off | G2: Pw.Off | L2: Link Fail | N2: Link F | P2: Maintenance | R2: Maint.
A3: Report Type: | B3: Mean | D3: Calibration | G3: Calib. | L3: Data Fail | N3: Data F | P3: Invalid | R3: Invalid
A4: Time Base: | B4: 01 Hour | D4: Zero Referrence | G4: Z.Ref | L4: Warm Up | N4: Wm. Up
A7: Date & Time | B7: NO | C7: NO2 | D7: NOX | E7: SO2 | F7: O3 | G7: PM 10 | H7: PM 2.5 | I7: BENZ | J7: WS | K7: WD | L7: TEMP | M7: HUM | N7: SR | O7: RG | P7: CO | Q7: NH3
B8: ug/m3 | C8: ug/m3 | D8: ppb | E8: ug/m3 | F8: ug/m3 | G8: ug/m3 | H8: ug/m3 | I8: ug/m3 | J8: m/sec | K8: deg | L8: degreC | M8: % | N8: w/m2 | O8: mm | P8: mg/m3 | Q8: ug/m3
A9: 11/11/2023 01:00 | B9: 8.89 | C9: 25.39 | D9: 21.52 | E9: 7.53 | F9: 2.81 | G9: 83.87 | H9: 37.45 | I9: 8.11 | J9: 0.18 | K9: 235.2 | L9: 21.13 | M9: 84.19 | N9: 0 | O9: 0 | P9: 1.03 | Q9: 4.5
A10: 11/11/2023 02:00 | B10: 9.86 | C10: 27.07 | D10: 23.4 | E10: 7.62 | F10: 2.75 | G10: 90.83 | H10: 40.85 | I10: 8.87 | J10: 0.16 | K10: 240.4 | L10: 21.24 | M10: 88.59 | N10: 0 | O10: 0 | P10: 1.06 | Q10: 4.56
A11: 11/11/2023 03:00 | B11: 9.54 | C11: 26.26 | D11: 22.56 | E11: 6.46 | F11: 2.69 | G11: 90.83 | H11: 40.85 | I11: 8.92 | J11: 0.13 | K11: 174.45 | L11: 20.49 | M11: 89.6 | N11: 0 | O11: 0 | P11: 1.05 | Q11: 4.53
A12: 11/11/2023 04:00 | B12: 13.46 | C12: 26.79 | D12: 25.58 | E12: 6.45 | F12: 2.8 | G12: 88.46 | H12: 39.88 | I12: 9 | J12: 0.21 | K12: 223.45 | L12: 20.57 | M12: 94 | N12: 0 | O12: 0 | P12: 1.03 | Q12: 4.7
A13: 11/11/2023 05:00 | B13: 19.56 | C13: 23.51 | D13: 29.01 | E13: 5.42 | F13: 2.92 | G13: 88.46 | H13: 38.93 | I13: 9.25 | J13: 0.09 | K13: 198.59 | L13: 19.76 | M13: 92.5 | N13: 0 | O13: 0 | P13: 1 | Q13: 4.85
A14: 11/11/2023 06:00 | B14: 24.49 | C14: 25.37 | D14: 33.88 | E14: 5.75 | F14: 2.6 | G14: 97.07 | H14: 43.56 | I14: 10.07 | J14: 0.19 | K14: 186.33 | L14: 19.79 | M14: 92.27 | N14: 0 | O14: 0 | P14: 1.08 | Q14: 5.09
A15: 11/11/2023 07:00 | B15: 24.89 | C15: 25.14 | D15: 34.45 | E15: 5.74 | F15: 2.69 | G15: 101.58 | H15: 46.41 | I15: 10.85 | J15: 0.25 | K15: 208.28 | L15: 19.82 | M15: 93.62 | N15: 26.1 | O15: 0 | P15: 1.1 | Q15: 5.12
A16: 11/11/2023 08:00 | B16: 24.25 | C16: 25.5 | D16: 33.73 | E16: 5.81 | F16: 2.76 | G16: 112.83 | H16: 47.25 | I16: 11.25 | J16: 0.21 | K16: 264.24 | L16: 22.88 | M16: 86.9 | N16: 151.6 | O16: 0 | P16: 1.13 | Q16: 5.1
A17: 11/11/2023 09:00 | B17: 23.71 | C17: 27.58 | D17: 33.32 | E17: 5.82 | F17: 2.85 | G17: 124.65 | H17: 52.43 | I17: 11.68 | J17: 0.26 | K17: 256.24 | L17: 26.65 | M17: 74.64 | N17: 287.8 | O17: 0 | P17: 1.17 | Q17: 5.09
A18: 11/11/2023 10:00 | B18: 16.62 | C18: 30.42 | D18: 29.73 | E18: 6.92 | F18: 4.03 | G18: 125.13 | H18: 53.71 | I18: 11.95 | J18: 0.2 | K18: 294.4 | L18: 29.06 | M18: 61.08 | N18: 416.2 | O18: 0 | P18: 1.2 | Q18: 4.86
A19: 11/11/2023 11:00 | B19: 7.41 | C19: 29.68 | D19: 22.8 | E19: 8.77 | F19: 6.2 | G19: 125.13 | H19: 53.71 | I19: 11.86 | J19: 0.2 | K19: 226.83 | L19: 31.28 | M19: 47.85 | N19: 479 | O19: 0 | P19: 1.16 | Q19: 4.45
A20: 11/11/2023 12:00 | B20: 4.74 | C20: 25.41 | D20: 18.43 | E20: 8.94 | F20: 8.62 | G20: 116.44 | H20: 51.08 | I20: 10.83 | J20: 0.32 | K20: 309.21 | L20: 31.64 | M20: 42.45 | N20: 504.5 | O20: 0 | P20: 1.09 | Q20: 4.3
... A32: 11/11/2023 24:00 | B32: 6.91 | C32: 22.56 | D32: 18.43 | E32: 8.84 | F32: 3.02 | G32: 82.79 | H32: 44.35 | I32: 8.21 | J32: 0.19 | K32: 209.74 | L32: 21.93 | M32: 90.32 | N32: 0 | O32: 0 | P32: 0.97 | Q32: 4.36
A34: Min | B34: =MIN(B9:B32) -> 4.61 | C34: =MIN(C9:C32) -> 18.43 | D34: =MIN(D9:D32) -> 14.86 | E34: =MIN(E9:E32) -> 5.42 | F34: =MIN(F9:F32) -> 2.6 | G34: =MIN(G9:G32) -> 82.79 | H34: =MIN(H9:H32) -> 37.45 | I34: =MIN(I9:I32) -> 7.91 | ... Q34: =MIN(Q9:Q32) -> 4.17
A35: Max | B35: =MAX(B9:B32) -> 24.89 | C35: =MAX(C9:C32) -> 30.42 | D35: =MAX(D9:D32) -> 34.45 | E35: =MAX(E9:E32) -> 20.26 | F35: =MAX(F9:F32) -> 17.84 | G35: =MAX(G9:G32) -> 135.64 | H35: =MAX(H9:H32) -> 54.21 | I35: =MAX(I9:I32) -> 11.95 | ... Q35: =MAX(Q9:Q32) -> 5.12
A36: Avg | B36: =AVERAGE(B9:B32) -> 10.687083 | C36: =AVERAGE(C9:C32) -> 24.710833 | D36: =AVERAGE(D9:D32) -> 22.630417 | E36: =AVERAGE(E9:E32) -> 8.8216667 | F36: =AVERAGE(F9:F32) -> 5.78875 | G36: =AVERAGE(G9:G32) -> 108.74333 | H36: =AVERAGE(H9:H32) -> 47.915417 | I36: =AVERAGE(I9:I32) -> 9.7475 | ... Q36: =AVERAGE(Q9:Q32) -> 4.5195833
A37: Stdev | B37: =STDEV(B9:B32) -> 7.2851305 | C37: =STDEV(C9:C32) -> 2.7091807 | D37: =STDEV(D9:D32) -> 6.3247426 | E37: =STDEV(E9:E32) -> 3.318577 | F37: =STDEV(F9:F32) -> 4.763009 | G37: =STDEV(G9:G32) -> 17.108468 | H37: =STDEV(H9:H32) -> 5.4493047 | I37: =STDEV(I9:I32) -> 1.1838157 | ... Q37: =STDEV(Q9:Q32) -> 0.32412396
A38: Num | B38: =COUNT(B9:B32) -> 24 | C38: =COUNT(C9:C32) -> 24 | D38: =COUNT(D9:D32) -> 24 | E38: =COUNT(E9:E32) -> 24 | F38: =COUNT(F9:F32) -> 24 | G38: =COUNT(G9:G32) -> 24 | H38: =COUNT(H9:H32) -> 24 | I38: =COUNT(I9:I32) -> 24 | ... Q38: =COUNT(Q9:Q32) -> 24
A39: DCR | B39: =IF(B38>=22,">90%",IF(B38<=22,"<90%")) -> >90% | C39: =IF(C38>=22,">90%",IF(C38<=22,"<90%")) -> >90% | D39: =IF(D38>=22,">90%",IF(D38<=22,"<90%")) -> >90% | E39: =IF(E38>=22,">90%",IF(E38<=22,"<90%")) -> >90% | F39: =IF(F38>=22,">90%",IF(F38<=22,"<90%")) -> >90% | G39: =IF(G38>=22,">90%",IF(G38<=22,"<90%")) -> >90% | H39: =IF(H38>=22,">90%",IF(H38<=22,"<90%")) -> >90% | I39: =IF(I38>=22,">90%",IF(I38<=22,"<90%")) -> >90% | ... Q39: =IF(Q38>=22,">90%",IF(Q38<=22,"<90%")) -> >90%
A40: Status | B40: =IF(B38>=22,"OK",IF(B38<=22,"LESS")) -> OK | C40: =IF(C38>=22,"OK",IF(C38<=22,"LESS")) -> OK | D40: =IF(D38>=22,"OK",IF(D38<=22,"LESS")) -> OK | E40: =IF(E38>=22,"OK",IF(E38<=22,"LESS")) -> OK | F40: =IF(F38>=22,"OK",IF(F38<=22,"LESS")) -> OK | G40: =IF(G38>=22,"OK",IF(G38<=22,"LESS")) -> OK | H40: =IF(H38>=22,"OK",IF(H38<=22,"LESS")) -> OK | I40: =IF(I38>=22,"OK",IF(I38<=22,"LESS")) -> OK | ... Q40: =IF(Q38>=22,"OK",IF(Q38<=22,"LESS")) -> OK
A43: Done by | B43: AKASH
A45: Comment

Sheet 12
A1: Station: | B1: IGKV ,RAIPUR
A2: Date: | B2: =$A$9 -> 12/11/2023 01:00 | D2: Power Off | G2: Pw.Off | L2: Link Fail | N2: Link F | P2: Maintenance | R2: Maint.
A3: Report Type: | B3: Mean | D3: Calibration | G3: Calib. | L3: Data Fail | N3: Data F | P3: Invalid | R3: Invalid
A4: Time Base: | B4: 01 Hour | D4: Zero Referrence | G4: Z.Ref | L4: Warm Up | N4: Wm. Up
A7: Date & Time | B7: NO | C7: NO2 | D7: NOX | E7: SO2 | F7: O3 | G7: PM 10 | H7: PM 2.5 | I7: BENZ | J7: WS | K7: WD | L7: TEMP | M7: HUM | N7: SR | O7: RG | P7: CO | Q7: NH3
B8: ug/m3 | C8: ug/m3 | D8: ppb | E8: ug/m3 | F8: ug/m3 | G8: ug/m3 | H8: ug/m3 | I8: ug/m3 | J8: m/sec | K8: deg | L8: degreC | M8: % | N8: w/m2 | O8: mm | P8: mg/m3 | Q8: ug/m3
A9: 12/11/2023 01:00 | B9: 6.98 | C9: 19.56 | D9: 17.17 | E9: 7.29 | F9: 2.97 | G9: 85.21 | H9: 44.8 | I9: 8.65 | J9: 0.17 | K9: 226.54 | L9: 21.45 | M9: 91.33 | N9: 0 | O9: 0 | P9: 0.96 | Q9: 4.35
A10: 12/11/2023 02:00 | B10: 8.12 | C10: 20.51 | D10: 18.58 | E10: 7.49 | F10: 2.74 | G10: 88.57 | H10: 47.71 | I10: 8.94 | J10: 0.14 | K10: 186.64 | L10: 21.07 | M10: 89.95 | N10: 0 | O10: 0 | P10: 0.98 | Q10: 4.39
A11: 12/11/2023 03:00 | B11: 9.8 | C11: 21.44 | D11: 20.41 | E11: 4.69 | F11: 2.73 | G11: 88.57 | H11: 47.71 | I11: 9.13 | J11: 0.16 | K11: 244.09 | L11: 20.8 | M11: 93.69 | N11: 0 | O11: 0 | P11: 0.98 | Q11: 4.49
A12: 12/11/2023 04:00 | B12: 10.2 | C12: 21.03 | D12: 20.47 | E12: 5.22 | F12: 2.79 | G12: 86.6 | H12: 45.32 | I12: 9.25 | J12: 0.37 | K12: 231.04 | L12: 20.27 | M12: 94.48 | N12: 0 | O12: 0 | P12: 0.97 | Q12: 4.54
A13: 12/11/2023 05:00 | B13: 10.1 | C13: 21.75 | D13: 20.52 | E13: 5.6 | F13: 2.74 | G13: 81.03 | H13: 43.59 | I13: 9.25 | J13: 0.24 | K13: 206.08 | L13: 19.99 | M13: 94.59 | N13: 0 | O13: 0 | P13: 0.95 | Q13: 4.53
A14: 12/11/2023 06:00 | B14: 8.36 | C14: 21.6 | D14: 19.34 | E14: 5.9 | F14: 2.8 | G14: 74.31 | H14: 41.67 | I14: 8.97 | J14: 0.12 | K14: 225.65 | L14: 19.42 | M14: 97.73 | N14: 0 | O14: 0 | P14: 0.93 | Q14: 4.48
A15: 12/11/2023 07:00 | B15: 13.37 | C15: 24.45 | D15: 24.84 | E15: 6.98 | F15: 2.65 | G15: 74.31 | H15: 41.67 | I15: 8.67 | J15: 0.16 | K15: 283.89 | L15: 20.68 | M15: 97.12 | N15: 26.7 | O15: 0 | P15: 0.97 | Q15: 4.67
A16: 12/11/2023 08:00 | B16: 14.97 | C16: 28.51 | D16: 28.1 | E16: 7.95 | F16: 2.66 | G16: 97.99 | H16: 50.02 | I16: 10.88 | J16: 0.34 | K16: 49.5 | L16: 22.54 | M16: 83.67 | N16: 144.6 | O16: 0 | P16: 1.11 | Q16: 4.78
A17: 12/11/2023 09:00 | B17: 16.09 | C17: 31.34 | D17: 30.49 | E17: 8.44 | F17: 2.82 | G17: 131.75 | H17: 58.11 | I17: 12.13 | J17: 0.42 | K17: 163.91 | L17: 27.08 | M17: 75.38 | N17: 294.2 | O17: 0 | P17: 1.41 | Q17: 4.87
A18: 12/11/2023 10:00 | B18: 14.26 | C18: 31.96 | D18: 29.32 | E18: 7.86 | F18: 3.21 | G18: 145.1 | H18: 58.11 | I18: 12.21 | J18: 0.32 | K18: 263.04 | L18: 29.32 | M18: 57.01 | N18: 439.5 | O18: 0 | P18: 1.48 | Q18: 4.79
A19: 12/11/2023 11:00 | B19: 11.07 | C19: 26.55 | D19: 24.1 | E19: 10.12 | F19: 5.18 | G19: 145.1 | H19: 56.89 | I19: 12.05 | J19: 0.5 | K19: 291.09 | L19: 30.7 | M19: 47.15 | N19: 493.4 | O19: 0 | P19: 1.41 | Q19: 4.59
A20: 12/11/2023 12:00 | B20: 8.03 | C20: 24.98 | D20: 20.85 | E20: 11.05 | F20: 6.15 | G20: 122.14 | H20: 51.2 | I20: 11.42 | J20: 0.23 | K20: 347.7 | L20: 31.49 | M20: 42.04 | N20: 515.7 | O20: 0 | P20: 1.32 | Q20: 4.39
... A31: 12/11/2023 23:00 | B31: 17.01 | C31: 25.65 | D31: 28.39 | E31: 6.2 | F31: 2.6 | G31: 242.53 | H31: 60.9 | I31: 8.46 | J31: 0.14 | K31: 247.13 | L31: 22.07 | M31: 75.2 | N31: 0 | O31: 0 | P31: 1 | Q31: 4.76
A32: 12/11/2023 24:00 | B32: 23.37 | C32: 26.8 | D32: 34.09 | E32: 8.15 | F32: 2.66 | G32: 242.53 | H32: Data F | I32: 9.16 | J32: 0.13 | K32: 156.92 | L32: 21.97 | M32: 77.81 | N32: 0 | O32: 0 | P32: 1.07 | Q32: 5.02
A34: Min | B34: =MIN(B9:B32) -> 4.38 | C34: =MIN(C9:C32) -> 19.56 | D34: =MIN(D9:D32) -> 16.83 | E34: =MIN(E9:E32) -> 4.35 | F34: =MIN(F9:F32) -> 2.6 | G34: =MIN(G9:G32) -> 71.92 | H34: =MIN(H9:H32) -> 29.5 | I34: =MIN(I9:I32) -> 6.98 | ... Q34: =MIN(Q9:Q32) -> 4.22
A35: Max | B35: =MAX(B9:B32) -> 23.37 | C35: =MAX(C9:C32) -> 31.96 | D35: =MAX(D9:D32) -> 34.09 | E35: =MAX(E9:E32) -> 13.38 | F35: =MAX(F9:F32) -> 9.05 | G35: =MAX(G9:G32) -> 242.53 | H35: =MAX(H9:H32) -> 60.9 | I35: =MAX(I9:I32) -> 12.21 | ... Q35: =MAX(Q9:Q32) -> 5.02
A36: Avg | B36: =AVERAGE(B9:B32) -> 9.9054167 | C36: =AVERAGE(C9:C32) -> 24.355 | D36: =AVERAGE(D9:D32) -> 21.915417 | E36: =AVERAGE(E9:E32) -> 7.3770833 | F36: =AVERAGE(F9:F32) -> 4.00625 | G36: =AVERAGE(G9:G32) -> 110.0075 | H36: =AVERAGE(H9:H32) -> 45.666087 | I36: =AVERAGE(I9:I32) -> 9.3025 | ... Q36: =AVERAGE(Q9:Q32) -> 4.4916667
A37: Stdev | B37: =STDEV(B9:B32) -> 4.6278627 | C37: =STDEV(C9:C32) -> 3.197926 | D37: =STDEV(D9:D32) -> 4.8001884 | E37: =STDEV(E9:E32) -> 2.2518002 | F37: =STDEV(F9:F32) -> 2.0200211 | G37: =STDEV(G9:G32) -> 46.75987 | H37: =STDEV(H9:H32) -> 9.6562324 | I37: =STDEV(I9:I32) -> 1.5454625 | ... Q37: =STDEV(Q9:Q32) -> 0.22111706
A38: Num | B38: =COUNT(B9:B32) -> 24 | C38: =COUNT(C9:C32) -> 24 | D38: =COUNT(D9:D32) -> 24 | E38: =COUNT(E9:E32) -> 24 | F38: =COUNT(F9:F32) -> 24 | G38: =COUNT(G9:G32) -> 24 | H38: 24 | I38: =COUNT(I9:I32) -> 24 | J38: =COUNT(J9:J32) -> 24 | K38: =COUNT(K9:K32) -> 24 | L38: =COUNT(L9:L32) -> 24 | M38: =COUNT(M9:M32) -> 24 | N38: =COUNT(N9:N32) -> 24 | O38: =COUNT(O9:O32) -> 24 | P38: =COUNT(P9:P32) -> 24 | Q38: =COUNT(Q9:Q32) -> 24
A39: DCR | B39: =IF(B38>=22,">90%",IF(B38<=22,"<90%")) -> >90% | C39: =IF(C38>=22,">90%",IF(C38<=22,"<90%")) -> >90% | D39: =IF(D38>=22,">90%",IF(D38<=22,"<90%")) -> >90% | E39: =IF(E38>=22,">90%",IF(E38<=22,"<90%")) -> >90% | F39: =IF(F38>=22,">90%",IF(F38<=22,"<90%")) -> >90% | G39: =IF(G38>=22,">90%",IF(G38<=22,"<90%")) -> >90% | H39: =IF(H38>=22,">90%",IF(H38<=22,"<90%")) -> >90% | I39: =IF(I38>=22,">90%",IF(I38<=22,"<90%")) -> >90% | ... Q39: =IF(Q38>=22,">90%",IF(Q38<=22,"<90%")) -> >90%
A40: Status | B40: =IF(B38>=22,"OK",IF(B38<=22,"LESS")) -> OK | C40: =IF(C38>=22,"OK",IF(C38<=22,"LESS")) -> OK | D40: =IF(D38>=22,"OK",IF(D38<=22,"LESS")) -> OK | E40: =IF(E38>=22,"OK",IF(E38<=22,"LESS")) -> OK | F40: =IF(F38>=22,"OK",IF(F38<=22,"LESS")) -> OK | G40: =IF(G38>=22,"OK",IF(G38<=22,"LESS")) -> OK | H40: =IF(H38>=22,"OK",IF(H38<=22,"LESS")) -> OK | I40: =IF(I38>=22,"OK",IF(I38<=22,"LESS")) -> OK | ... Q40: =IF(Q38>=22,"OK",IF(Q38<=22,"LESS")) -> OK
A43: Done by | B43: AKASH
A45: Comment

Sheet 13
A1: Station: | B1: IGKV ,RAIPUR
A2: Date: | B2: =$A$9 -> 13/11/2023 01:00 | D2: Power Off | G2: Pw.Off | L2: Link Fail | N2: Link F | P2: Maintenance | R2: Maint.
A3: Report Type: | B3: Mean | D3: Calibration | G3: Calib. | L3: Data Fail | N3: Data F | P3: Invalid | R3: Invalid
A4: Time Base: | B4: 01 Hour | D4: Zero Referrence | G4: Z.Ref | L4: Warm Up | N4: Wm. Up
A7: Date & Time | B7: NO | C7: NO2 | D7: NOX | E7: SO2 | F7: O3 | G7: PM 10 | H7: PM 2.5 | I7: BENZ | J7: WS | K7: WD | L7: TEMP | M7: HUM | N7: SR | O7: RG | P7: CO | Q7: NH3
B8: ug/m3 | C8: ug/m3 | D8: ppb | E8: ug/m3 | F8: ug/m3 | G8: ug/m3 | H8: ug/m3 | I8: ug/m3 | J8: m/sec | K8: deg | L8: degreC | M8: % | N8: w/m2 | O8: mm | P8: mg/m3 | Q8: ug/m3
A9: 13/11/2023 01:00 | B9: 28.15 | C9: 29.04 | D9: 38.97 | E9: 12.2 | F9: 2.77 | G9: Data F | H9: Data F | I9: 10.04 | J9: 0.24 | K9: 251.1 | L9: 21.19 | M9: 85.3 | N9: 0 | O9: 0 | P9: 1.16 | Q9: 5.21
A10: 13/11/2023 02:00 | B10: 26.98 | C10: 29.41 | D10: 38.18 | E10: 11.9 | F10: 2.77 | G10: Data F | H10: Data F | I10: 10.37 | J10: 0.15 | K10: 233.28 | L10: 20.15 | M10: 88 | N10: 0 | O10: 0 | P10: 1.16 | Q10: 5.2
A11: 13/11/2023 03:00 | B11: 26.55 | C11: 29.75 | D11: 38.18 | E11: 9.9 | F11: 2.65 | G11: Data F | H11: Data F | I11: 10.4 | J11: 0.17 | K11: 238.74 | L11: 20.04 | M11: 92.09 | N11: 0 | O11: 0 | P11: 1.17 | Q11: 5.18
A12: 13/11/2023 04:00 | B12: 26.65 | C12: 28.89 | D12: 37.82 | E12: 8.95 | F12: 2.62 | G12: 215.24 | H12: 143.24 | I12: 10.35 | J12: 0.12 | K12: 150.71 | L12: 19.7 | M12: 92.66 | N12: 0 | O12: 0 | P12: 1.16 | Q12: 5.16
A13: 13/11/2023 05:00 | B13: 26.7 | C13: 28.84 | D13: 37.84 | E13: 7.39 | F13: 2.65 | G13: 215.24 | H13: 143.24 | I13: 10.28 | J13: 0.15 | K13: 98.82 | L13: 19.65 | M13: 86.24 | N13: 0 | O13: 0 | P13: 1.17 | Q13: 5.19
A14: 13/11/2023 06:00 | B14: 25.56 | C14: 28.12 | D14: 36.07 | E14: 5.71 | F14: 3.03 | G14: 166.62 | H14: 83.71 | I14: 10.15 | J14: 0.12 | K14: 168.13 | L14: 19.47 | M14: 86.68 | N14: 0 | O14: 0 | P14: 1.17 | Q14: 5.12
A15: 13/11/2023 07:00 | B15: 25.5 | C15: 25.53 | D15: 34.74 | E15: 3.67 | F15: 2.67 | G15: 138.72 | H15: 49.78 | I15: 10 | J15: 0.15 | K15: 140.72 | L15: 19.65 | M15: 89.04 | N15: 25.7 | O15: 0 | P15: 1.08 | Q15: 5.09
A16: 13/11/2023 08:00 | B16: 24.93 | C16: 25.39 | D16: 34.61 | E16: 3.83 | F16: 2.63 | G16: 87.23 | H16: 49.32 | I16: 9.59 | J16: 0.56 | K16: 47.67 | L16: 21.29 | M16: 83.8 | N16: 139.3 | O16: 0 | P16: 1.06 | Q16: 5.04
A17: 13/11/2023 09:00 | B17: 22.95 | C17: 25.23 | D17: 32.72 | E17: 3.43 | F17: 2.79 | G17: 95.65 | H17: 49.32 | I17: 9.45 | J17: 0.62 | K17: 38.79 | L17: 24.07 | M17: 79 | N17: 267.9 | O17: 0 | P17: 1.02 | Q17: 4.99
A18: 13/11/2023 10:00 | B18: 20.82 | C18: 24.45 | D18: 30.34 | E18: 3.58 | F18: 2.99 | G18: 95.65 | H18: 43.27 | I18: 9.2 | J18: 0.71 | K18: 49.5 | L18: 26.38 | M18: 70.57 | N18: 387.8 | O18: 0 | P18: 0.99 | Q18: 4.9
A19: 13/11/2023 11:00 | B19: 15.48 | C19: 26.46 | D19: 26.55 | E19: 7.45 | F19: 3.93 | G19: 94.56 | H19: 46.86 | I19: 9.05 | J19: 0.51 | K19: 70.23 | L19: 28.41 | M19: 62.88 | N19: 460.7 | O19: 0 | P19: 0.98 | Q19: 4.73
A20: 13/11/2023 12:00 | B20: 6.73 | C20: 26.07 | D20: 20.37 | E20: 8.18 | F20: 5.53 | G20: 94.56 | H20: 46.86 | I20: 8.42 | J20: 0.53 | K20: 338.61 | L20: 29.53 | M20: 55.99 | N20: 486.8 | O20: 0 | P20: 0.94 | Q20: 4.4
A21: 13/11/2023 13:00 | B21: 4.77 | C21: 23.99 | D21: 17.71 | E21: 8.35 | F21: 6.17 | G21: 86.62 | H21: 45.1 | I21: 7.74 | J21: 0.47 | K21: 336.89 | L21: 30.37 | M21: 50.81 | N21: 469 | O21: 0 | P21: 0.88 | Q21: 4.27
A22: 13/11/2023 14:00 | B22: 4.72 | C22: 22.31 | D22: 16.73 | E22: 7.97 | F22: 6.11 | G22: 80.11 | H22: 40.17 | I22: 6.98 | J22: 0.36 | K22: 337.01 | L22: 30.7 | M22: 42.08 | N22: 380.1 | O22: 0 | P22: 0.8 | Q22: 4.25
A23: 13/11/2023 15:00 | B23: 4.71 | C23: 21.99 | D23: 16.6 | E23: 7.75 | F23: 6.06 | G23: 62.06 | H23: 25.33 | I23: 5.99 | J23: 0.47 | K23: 336.62 | L23: 30.16 | M23: 37.18 | N23: 233.3 | O23: 0 | P23: 0.76 | Q23: 4.25
... A32: 13/11/2023 24:00 | B32: 12.09 | C32: 31.06 | D32: 27.27 | E32: 6.7 | F32: 3.2 | G32: 126.13 | H32: 60.23 | I32: 7.95 | J32: 0.23 | K32: 210.34 | L32: 21.55 | M32: 82.55 | N32: 0 | O32: 0 | P32: 1.07 | Q32: 4.64
A34: Min | B34: =MIN(B9:B32) -> 4.71 | C34: =MIN(C9:C32) -> 18.57 | D34: =MIN(D9:D32) -> 15.85 | E34: =MIN(E9:E32) -> 3.43 | F34: =MIN(F9:F32) -> 2.57 | G34: =MIN(G9:G32) -> 62.06 | H34: =MIN(H9:H32) -> 24.49 | I34: =MIN(I9:I32) -> 5.37 | ... Q34: =MIN(Q9:Q32) -> 4.21
A35: Max | B35: =MAX(B9:B32) -> 28.15 | C35: =MAX(C9:C32) -> 32.02 | D35: =MAX(D9:D32) -> 38.97 | E35: =MAX(E9:E32) -> 12.2 | F35: =MAX(F9:F32) -> 6.38 | G35: =MAX(G9:G32) -> 215.24 | H35: =MAX(H9:H32) -> 143.24 | I35: =MAX(I9:I32) -> 10.4 | ... Q35: =MAX(Q9:Q32) -> 5.21
A36: Avg | B36: =AVERAGE(B9:B32) -> 15.407917 | C36: =AVERAGE(C9:C32) -> 25.839583 | D36: =AVERAGE(D9:D32) -> 27.032917 | E36: =AVERAGE(E9:E32) -> 7.16125 | F36: =AVERAGE(F9:F32) -> 3.6958333 | G36: =AVERAGE(G9:G32) -> 118.08095 | H36: =AVERAGE(H9:H32) -> 60.695238 | I36: =AVERAGE(I9:I32) -> 8.2341667 | ... Q36: =AVERAGE(Q9:Q32) -> 4.6916667
A37: Stdev | B37: =STDEV(B9:B32) -> 9.1477704 | C37: =STDEV(C9:C32) -> 3.5287705 | D37: =STDEV(D9:D32) -> 8.5122952 | E37: =STDEV(E9:E32) -> 2.3180376 | F37: =STDEV(F9:F32) -> 1.427777 | G37: =STDEV(G9:G32) -> 43.993202 | H37: =STDEV(H9:H32) -> 32.327502 | I37: =STDEV(I9:I32) -> 1.7700256 | ... Q37: =STDEV(Q9:Q32) -> 0.38612531
A38: Num | B38: =COUNT(B9:B32) -> 24 | C38: =COUNT(C9:C32) -> 24 | D38: =COUNT(D9:D32) -> 24 | E38: =COUNT(E9:E32) -> 24 | F38: =COUNT(F9:F32) -> 24 | G38: 24 | H38: 24 | I38: =COUNT(I9:I32) -> 24 | J38: =COUNT(J9:J32) -> 24 | K38: =COUNT(K9:K32) -> 24 | L38: =COUNT(L9:L32) -> 24 | M38: =COUNT(M9:M32) -> 24 | N38: =COUNT(N9:N32) -> 24 | O38: =COUNT(O9:O32) -> 24 | P38: =COUNT(P9:P32) -> 24 | Q38: =COUNT(Q9:Q32) -> 24
A39: DCR | B39: =IF(B38>=22,">90%",IF(B38<=22,"<90%")) -> >90% | C39: =IF(C38>=22,">90%",IF(C38<=22,"<90%")) -> >90% | D39: =IF(D38>=22,">90%",IF(D38<=22,"<90%")) -> >90% | E39: =IF(E38>=22,">90%",IF(E38<=22,"<90%")) -> >90% | F39: =IF(F38>=22,">90%",IF(F38<=22,"<90%")) -> >90% | G39: =IF(G38>=22,">90%",IF(G38<=22,"<90%")) -> >90% | H39: =IF(H38>=22,">90%",IF(H38<=22,"<90%")) -> >90% | I39: =IF(I38>=22,">90%",IF(I38<=22,"<90%")) -> >90% | ... Q39: =IF(Q38>=22,">90%",IF(Q38<=22,"<90%")) -> >90%
A40: Status | B40: =IF(B38>=22,"OK",IF(B38<=22,"LESS")) -> OK | C40: =IF(C38>=22,"OK",IF(C38<=22,"LESS")) -> OK | D40: =IF(D38>=22,"OK",IF(D38<=22,"LESS")) -> OK | E40: =IF(E38>=22,"OK",IF(E38<=22,"LESS")) -> OK | F40: =IF(F38>=22,"OK",IF(F38<=22,"LESS")) -> OK | G40: =IF(G38>=22,"OK",IF(G38<=22,"LESS")) -> OK | H40: =IF(H38>=22,"OK",IF(H38<=22,"LESS")) -> OK | I40: =IF(I38>=22,"OK",IF(I38<=22,"LESS")) -> OK | ... Q40: =IF(Q38>=22,"OK",IF(Q38<=22,"LESS")) -> OK
A43: Done by | B43: AKASH
A45: Comment

Sheet 14
A1: Station: | B1: IGKV ,RAIPUR
A2: Date: | B2: =$A$9 -> 14/11/2023 01:00 | D2: Power Off | G2: Pw.Off | L2: Link Fail | N2: Link F | P2: Maintenance | R2: Maint.
A3: Report Type: | B3: Mean | D3: Calibration | G3: Calib. | L3: Data Fail | N3: Data F | P3: Invalid | R3: Invalid
A4: Time Base: | B4: 01 Hour | D4: Zero Referrence | G4: Z.Ref | L4: Warm Up | N4: Wm. Up
A7: Date & Time | B7: NO | C7: NO2 | D7: NOX | E7: SO2 | F7: O3 | G7: PM 10 | H7: PM 2.5 | I7: BENZ | J7: WS | K7: WD | L7: TEMP | M7: HUM | N7: SR | O7: RG | P7: CO | Q7: NH3
B8: ug/m3 | C8: ug/m3 | D8: ppb | E8: ug/m3 | F8: ug/m3 | G8: ug/m3 | H8: ug/m3 | I8: ug/m3 | J8: m/sec | K8: deg | L8: degreC | M8: % | N8: w/m2 | O8: mm | P8: mg/m3 | Q8: ug/m3
A9: 14/11/2023 01:00 | B9: 8.25 | C9: 26.22 | D9: 21.66 | E9: 6.3 | F9: 3.55 | G9: 105.27 | H9: 56.81 | I9: 7.53 | J9: 0.19 | K9: 252.91 | L9: 21.42 | M9: 84.64 | N9: 0 | O9: 0 | P9: 0.96 | Q9: 4.45
A10: 14/11/2023 02:00 | B10: 6.73 | C10: 23.29 | D10: 18.58 | E10: 5.36 | F10: 3.46 | G10: 79.22 | H10: 42.23 | I10: 6.72 | J10: 0.1 | K10: 300.81 | L10: 21.17 | M10: 80.74 | N10: 0 | O10: 0 | P10: 0.86 | Q10: 4.3
A11: 14/11/2023 03:00 | B11: 7.93 | C11: 21.61 | D11: 19 | E11: 6.01 | F11: 2.86 | G11: 79.08 | H11: 41.03 | I11: 6.42 | J11: 0.13 | K11: 320.02 | L11: 20.48 | M11: 83.47 | N11: 0 | O11: 0 | P11: 0.8 | Q11: 4.31
A12: 14/11/2023 04:00 | B12: 9.92 | C12: 22.32 | D12: 20.97 | E12: 5.71 | F12: 2.79 | G12: 79.14 | H12: 41.03 | I12: 6.45 | J12: 0.37 | K12: 67.24 | L12: 20.07 | M12: 84.67 | N12: 0 | O12: 0 | P12: 0.8 | Q12: 4.38
A13: 14/11/2023 05:00 | B13: 10.98 | C13: 22.98 | D13: 22.17 | E13: 5.96 | F13: 2.8 | G13: 88 | H13: 39.07 | I13: 6.55 | J13: 0.35 | K13: 79.42 | L13: 19.81 | M13: 85.37 | N13: 0 | O13: 0 | P13: 0.81 | Q13: 4.48
A14: 14/11/2023 06:00 | B14: 11.86 | C14: 24.38 | D14: 23.6 | E14: 6.02 | F14: 2.67 | G14: 89.37 | H14: 45.8 | I14: 6.78 | J14: 0.13 | K14: 202.58 | L14: 19.29 | M14: 89.94 | N14: 0 | O14: 0 | P14: 0.84 | Q14: 4.52
A15: 14/11/2023 07:00 | B15: 11.91 | C15: 25.72 | D15: 23.89 | E15: 7.38 | F15: 2.84 | G15: 96.37 | H15: 45.8 | I15: 6.87 | J15: 0.28 | K15: 130.56 | L15: 19.56 | M15: 89.91 | N15: 19.6 | O15: 0 | P15: 0.88 | Q15: 4.54
A16: 14/11/2023 08:00 | B16: 11.67 | C16: 26.69 | D16: 24.46 | E16: 7.27 | F16: 2.88 | G16: 96.37 | H16: 48.54 | I16: 7.04 | J16: 0.5 | K16: 53.2 | L16: 20.94 | M16: 87.71 | N16: 141.6 | O16: 0 | P16: 0.91 | Q16: 4.54
A17: 14/11/2023 09:00 | B17: 10.16 | C17: 26.09 | D17: 23.13 | E17: 7.53 | F17: 3.68 | G17: 97.35 | H17: 48.54 | I17: 7.13 | J17: 0.57 | K17: 93.05 | L17: 24.44 | M17: 80.7 | N17: 266.2 | O17: 0 | P17: 0.92 | Q17: 4.51
A18: 14/11/2023 10:00 | B18: 6.82 | C18: 25.16 | D18: 19.96 | E18: 8.2 | F18: 4.62 | G18: 97.35 | H18: 47.19 | I18: 7.1 | J18: 0.7 | K18: 58.96 | L18: 26.74 | M18: 69.11 | N18: 376.4 | O18: 0 | P18: 0.91 | Q18: 4.35
A19: 14/11/2023 11:00 | B19: 5.35 | C19: 23.94 | D19: 18.14 | E19: 6.73 | F19: 5.46 | G19: 94.48 | H19: 46.17 | I19: 6.77 | J19: 0.56 | K19: 61.07 | L19: 28.17 | M19: 62.38 | N19: 436.4 | O19: 0 | P19: 0.9 | Q19: 4.26
A20: 14/11/2023 12:00 | B20: 5.45 | C20: 21.73 | D20: 16.82 | E20: 5.7 | F20: 4.79 | G20: 92.07 | H20: 46.04 | I20: 6.54 | J20: 0.51 | K20: 52.72 | L20: 29.22 | M20: 59.58 | N20: 511.6 | O20: 0 | P20: 0.88 | Q20: 4.25
... A32: 14/11/2023 24:00 | B32: 20.93 | C32: 28.35 | D32: 32.95 | E32: 5.37 | F32: 2.75 | G32: 131.33 | H32: 68.28 | I32: 7.65 | J32: 0.11 | K32: 202.69 | L32: 20.8 | M32: 86.29 | N32: 0 | O32: 0 | P32: 1.08 | Q32: 4.85
A34: Min | B34: =MIN(B9:B32) -> 5.08 | C34: =MIN(C9:C32) -> 17.13 | D34: =MIN(D9:D32) -> 14.59 | E34: =MIN(E9:E32) -> 5.3 | F34: =MIN(F9:F32) -> 2.67 | G34: =MIN(G9:G32) -> 73.04 | H34: =MIN(H9:H32) -> 39.07 | I34: =MIN(I9:I32) -> 5.6 | ... Q34: =MIN(Q9:Q32) -> 4.15
A35: Max | B35: =MAX(B9:B32) -> 20.93 | C35: =MAX(C9:C32) -> 30.49 | D35: =MAX(D9:D32) -> 32.95 | E35: =MAX(E9:E32) -> 10.25 | F35: =MAX(F9:F32) -> 10.38 | G35: =MAX(G9:G32) -> 131.33 | H35: =MAX(H9:H32) -> 68.28 | I35: =MAX(I9:I32) -> 7.65 | ... Q35: =MAX(Q9:Q32) -> 4.85
A36: Avg | B36: =AVERAGE(B9:B32) -> 8.72875 | C36: =AVERAGE(C9:C32) -> 24.322917 | D36: =AVERAGE(D9:D32) -> 20.94125 | E36: =AVERAGE(E9:E32) -> 6.6533333 | F36: =AVERAGE(F9:F32) -> 4.2975 | G36: =AVERAGE(G9:G32) -> 95.297083 | H36: =AVERAGE(H9:H32) -> 48.426667 | I36: =AVERAGE(I9:I32) -> 6.6891667 | ... Q36: =AVERAGE(Q9:Q32) -> 4.3804167
A37: Stdev | B37: =STDEV(B9:B32) -> 4.006189 | C37: =STDEV(C9:C32) -> 3.6626392 | D37: =STDEV(D9:D32) -> 4.4606982 | E37: =STDEV(E9:E32) -> 1.2881016 | F37: =STDEV(F9:F32) -> 2.1151303 | G37: =STDEV(G9:G32) -> 17.554832 | H37: =STDEV(H9:H32) -> 8.5962194 | I37: =STDEV(I9:I32) -> 0.59702827 | ... Q37: =STDEV(Q9:Q32) -> 0.1772858
A38: Num | B38: =COUNT(B9:B32) -> 24 | C38: =COUNT(C9:C32) -> 24 | D38: =COUNT(D9:D32) -> 24 | E38: =COUNT(E9:E32) -> 24 | F38: =COUNT(F9:F32) -> 24 | G38: =COUNT(G9:G32) -> 24 | H38: =COUNT(H9:H32) -> 24 | I38: =COUNT(I9:I32) -> 24 | ... Q38: =COUNT(Q9:Q32) -> 24
A39: DCR | B39: =IF(B38>=22,">90%",IF(B38<=22,"<90%")) -> >90% | C39: =IF(C38>=22,">90%",IF(C38<=22,"<90%")) -> >90% | D39: =IF(D38>=22,">90%",IF(D38<=22,"<90%")) -> >90% | E39: =IF(E38>=22,">90%",IF(E38<=22,"<90%")) -> >90% | F39: =IF(F38>=22,">90%",IF(F38<=22,"<90%")) -> >90% | G39: =IF(G38>=22,">90%",IF(G38<=22,"<90%")) -> >90% | H39: =IF(H38>=22,">90%",IF(H38<=22,"<90%")) -> >90% | I39: =IF(I38>=22,">90%",IF(I38<=22,"<90%")) -> >90% | ... Q39: =IF(Q38>=22,">90%",IF(Q38<=22,"<90%")) -> >90%
A40: Status | B40: =IF(B38>=22,"OK",IF(B38<=22,"LESS")) -> OK | C40: =IF(C38>=22,"OK",IF(C38<=22,"LESS")) -> OK | D40: =IF(D38>=22,"OK",IF(D38<=22,"LESS")) -> OK | E40: =IF(E38>=22,"OK",IF(E38<=22,"LESS")) -> OK | F40: =IF(F38>=22,"OK",IF(F38<=22,"LESS")) -> OK | G40: =IF(G38>=22,"OK",IF(G38<=22,"LESS")) -> OK | H40: =IF(H38>=22,"OK",IF(H38<=22,"LESS")) -> OK | I40: =IF(I38>=22,"OK",IF(I38<=22,"LESS")) -> OK | ... Q40: =IF(Q38>=22,"OK",IF(Q38<=22,"LESS")) -> OK
A43: Done by | B43: AKASH
A45: Comment

Sheet 15
A1: Station: | B1: IGKV ,RAIPUR
A2: Date: | B2: =$A$9 -> 15/11/2023 01:00 | D2: Power Off | G2: Pw.Off | L2: Link Fail | N2: Link F | P2: Maintenance | R2: Maint.
A3: Report Type: | B3: Mean | D3: Calibration | G3: Calib. | L3: Data Fail | N3: Data F | P3: Invalid | R3: Invalid
A4: Time Base: | B4: 01 Hour | D4: Zero Referrence | G4: Z.Ref | L4: Warm Up | N4: Wm. Up
A7: Date & Time | B7: NO | C7: NO2 | D7: NOX | E7: SO2 | F7: O3 | G7: PM 10 | H7: PM 2.5 | I7: BENZ | J7: WS | K7: WD | L7: TEMP | M7: HUM | N7: SR | O7: RG | P7: CO | Q7: NH3
B8: ug/m3 | C8: ug/m3 | D8: ppb | E8: ug/m3 | F8: ug/m3 | G8: ug/m3 | H8: ug/m3 | I8: ug/m3 | J8: m/sec | K8: deg | L8: degreC | M8: % | N8: w/m2 | O8: mm | P8: mg/m3 | Q8: ug/m3
A9: 15/11/2023 01:00 | B9: 20.59 | C9: 28.13 | D9: 32.56 | E9: 5.17 | F9: 2.75 | G9: 118.8 | H9: 60.86 | I9: 7.6 | J9: 0.11 | K9: 194.31 | L9: 20.43 | M9: 86.01 | N9: 0 | O9: 0 | P9: 1.06 | Q9: 4.89
A10: 15/11/2023 02:00 | B10: 17.63 | C10: 26 | D10: 29.07 | E10: 5.57 | F10: 3.26 | G10: 98.8 | H10: 57.46 | I10: 7.41 | J10: 0.15 | K10: 159.7 | L10: 20.49 | M10: 85.02 | N10: 0 | O10: 0 | P10: 1 | Q10: 4.81
A11: 15/11/2023 03:00 | B11: 11.05 | C11: 25.08 | D11: 23.32 | E11: 6.8 | F11: 3.57 | G11: 89.93 | H11: 50.22 | I11: 7.01 | J11: 0.14 | K11: 177.32 | L11: 20.42 | M11: 88.38 | N11: 0 | O11: 0 | P11: 0.95 | Q11: 4.51
A12: 15/11/2023 04:00 | B12: 7 | C12: 23.39 | D12: 19.19 | E12: 6.77 | F12: 3.56 | G12: 81.97 | H12: 49.29 | I12: 6.47 | J12: 0.12 | K12: 226.44 | L12: 19.7 | M12: 91.18 | N12: 0 | O12: 0 | P12: 0.9 | Q12: 4.33
A13: 15/11/2023 05:00 | B13: 5.65 | C13: 21.9 | D13: 17.32 | E13: 7.38 | F13: 3.51 | G13: 76.45 | H13: 46.42 | I13: 6.14 | J13: 0.16 | K13: 336.87 | L13: 19.23 | M13: 96.02 | N13: 0 | O13: 0 | P13: 0.85 | Q13: 4.3
A14: 15/11/2023 06:00 | B14: 6.94 | C14: 22.72 | D14: 18.78 | E14: 7.45 | F14: 3.11 | G14: 67.53 | H14: 44.26 | I14: 5.92 | J14: 0.63 | K14: 38.29 | L14: 18.8 | M14: 99.28 | N14: 0 | O14: 0 | P14: 0.83 | Q14: 4.33
A15: 15/11/2023 07:00 | B15: 8.11 | C15: 24.4 | D15: 20.37 | E15: 7.31 | F15: 3.08 | G15: 69.85 | H15: 41.9 | I15: 5.96 | J15: 0.43 | K15: 43.04 | L15: 18.99 | M15: 97.98 | N15: 23.3 | O15: 0 | P15: 0.85 | Q15: 4.39
A16: 15/11/2023 08:00 | B16: 9.19 | C16: 22.5 | D16: 20.48 | E16: 6.19 | F16: 3.25 | G16: 74.45 | H16: 41.9 | I16: 6.23 | J16: 0.48 | K16: 39.07 | L16: 20.89 | M16: 93.21 | N16: 133.6 | O16: 0 | P16: 0.85 | Q16: 4.41
A17: 15/11/2023 09:00 | B17: 9.63 | C17: 22.71 | D17: 20.88 | E17: 5.71 | F17: 2.8 | G17: 88.24 | H17: 44.52 | I17: 6.42 | J17: 0.73 | K17: 47.86 | L17: 23.27 | M17: 83.02 | N17: 250 | O17: 0 | P17: 0.87 | Q17: 4.42
A18: 15/11/2023 10:00 | B18: 9.82 | C18: 22.97 | D18: 21.22 | E18: 6.23 | F18: 3.36 | G18: 94.21 | H18: 47.36 | I18: 6.61 | J18: 0.84 | K18: 54.12 | L18: 25.12 | M18: 74.69 | N18: 378.8 | O18: 0 | P18: 0.89 | Q18: 4.41
A19: 15/11/2023 11:00 | B19: 9.61 | C19: 23.28 | D19: 21.22 | E19: 6.06 | F19: 4.85 | G19: 94.21 | H19: 47.36 | I19: 6.67 | J19: 0.7 | K19: 64.91 | L19: 27.09 | M19: 65.39 | N19: 435.9 | O19: 0 | P19: 0.91 | Q19: 4.41
A20: 15/11/2023 12:00 | B20: 7.83 | C20: 22.33 | D20: 18.56 | E20: 6.38 | F20: 5.45 | G20: 92.3 | H20: 44.41 | I20: 6.69 | J20: 0.63 | K20: 50.57 | L20: 28.7 | M20: 54.12 | N20: 474.8 | O20: 0 | P20: 0.91 | Q20: 4.36
... A32: 15/11/2023 24:00 | B32: 5.09 | C32: 22.05 | D32: 16.9 | E32: 7.9 | F32: 4.55 | G32: 74.14 | H32: 37.81 | I32: 5.71 | J32: 0.16 | K32: 239.54 | L32: 20.86 | M32: 82.05 | N32: 0 | O32: 0 | P32: 0.81 | Q32: 4.23
A34: Min | B34: =MIN(B9:B32) -> 4.5 | C34: =MIN(C9:C32) -> 19.55 | D34: =MIN(D9:D32) -> 15.75 | E34: =MIN(E9:E32) -> 5.17 | F34: =MIN(F9:F32) -> 2.75 | G34: =MIN(G9:G32) -> 66.63 | H34: =MIN(H9:H32) -> 37.15 | I34: =MIN(I9:I32) -> 4.89 | ... Q34: =MIN(Q9:Q32) -> 4.15
A35: Max | B35: =MAX(B9:B32) -> 20.59 | C35: =MAX(C9:C32) -> 28.13 | D35: =MAX(D9:D32) -> 32.56 | E35: =MAX(E9:E32) -> 8.03 | F35: =MAX(F9:F32) -> 8.37 | G35: =MAX(G9:G32) -> 118.8 | H35: =MAX(H9:H32) -> 60.86 | I35: =MAX(I9:I32) -> 7.6 | ... Q35: =MAX(Q9:Q32) -> 4.89
A36: Avg | B36: =AVERAGE(B9:B32) -> 7.9854167 | C36: =AVERAGE(C9:C32) -> 22.801667 | D36: =AVERAGE(D9:D32) -> 19.597917 | E36: =AVERAGE(E9:E32) -> 6.77125 | F36: =AVERAGE(F9:F32) -> 4.4195833 | G36: =AVERAGE(G9:G32) -> 82.745833 | H36: =AVERAGE(H9:H32) -> 43.78375 | I36: =AVERAGE(I9:I32) -> 6.0791667 | ... Q36: =AVERAGE(Q9:Q32) -> 4.345
A37: Stdev | B37: =STDEV(B9:B32) -> 3.9367477 | C37: =STDEV(C9:C32) -> 1.744845 | D37: =STDEV(D9:D32) -> 3.9837496 | E37: =STDEV(E9:E32) -> 0.8413773 | F37: =STDEV(F9:F32) -> 1.811467 | G37: =STDEV(G9:G32) -> 12.164341 | H37: =STDEV(H9:H32) -> 6.1050227 | I37: =STDEV(I9:I32) -> 0.72970463 | ... Q37: =STDEV(Q9:Q32) -> 0.18228024
A38: Num | B38: =COUNT(B9:B32) -> 24 | C38: =COUNT(C9:C32) -> 24 | D38: =COUNT(D9:D32) -> 24 | E38: =COUNT(E9:E32) -> 24 | F38: =COUNT(F9:F32) -> 24 | G38: =COUNT(G9:G32) -> 24 | H38: =COUNT(H9:H32) -> 24 | I38: =COUNT(I9:I32) -> 24 | ... Q38: =COUNT(Q9:Q32) -> 24
A39: DCR | B39: =IF(B38>=22,">90%",IF(B38<=22,"<90%")) -> >90% | C39: =IF(C38>=22,">90%",IF(C38<=22,"<90%")) -> >90% | D39: =IF(D38>=22,">90%",IF(D38<=22,"<90%")) -> >90% | E39: =IF(E38>=22,">90%",IF(E38<=22,"<90%")) -> >90% | F39: =IF(F38>=22,">90%",IF(F38<=22,"<90%")) -> >90% | G39: =IF(G38>=22,">90%",IF(G38<=22,"<90%")) -> >90% | H39: =IF(H38>=22,">90%",IF(H38<=22,"<90%")) -> >90% | I39: =IF(I38>=22,">90%",IF(I38<=22,"<90%")) -> >90% | ... Q39: =IF(Q38>=22,">90%",IF(Q38<=22,"<90%")) -> >90%
A40: Status | B40: =IF(B38>=22,"OK",IF(B38<=22,"LESS")) -> OK | C40: =IF(C38>=22,"OK",IF(C38<=22,"LESS")) -> OK | D40: =IF(D38>=22,"OK",IF(D38<=22,"LESS")) -> OK | E40: =IF(E38>=22,"OK",IF(E38<=22,"LESS")) -> OK | F40: =IF(F38>=22,"OK",IF(F38<=22,"LESS")) -> OK | G40: =IF(G38>=22,"OK",IF(G38<=22,"LESS")) -> OK | H40: =IF(H38>=22,"OK",IF(H38<=22,"LESS")) -> OK | I40: =IF(I38>=22,"OK",IF(I38<=22,"LESS")) -> OK | ... Q40: =IF(Q38>=22,"OK",IF(Q38<=22,"LESS")) -> OK
A43: Done by | B43: AKASH
A45: Comment

Sheet 16
A1: Station: | B1: IGKV ,RAIPUR
A2: Date: | B2: =$A$9 -> 16/11/2023 01:00 | D2: Power Off | G2: Pw.Off | L2: Link Fail | N2: Link F | P2: Maintenance | R2: Maint.
A3: Report Type: | B3: Mean | D3: Calibration | G3: Calib. | L3: Data Fail | N3: Data F | P3: Invalid | R3: Invalid
A4: Time Base: | B4: 01 Hour | D4: Zero Referrence | G4: Z.Ref | L4: Warm Up | N4: Wm. Up
A7: Date & Time | B7: NO | C7: NO2 | D7: NOX | E7: SO2 | F7: O3 | G7: PM 10 | H7: PM 2.5 | I7: BENZ | J7: WS | K7: WD | L7: TEMP | M7: HUM | N7: SR | O7: RG | P7: CO | Q7: NH3
B8: ug/m3 | C8: ug/m3 | D8: ppb | E8: ug/m3 | F8: ug/m3 | G8: ug/m3 | H8: ug/m3 | I8: ug/m3 | J8: m/sec | K8: deg | L8: degreC | M8: % | N8: w/m2 | O8: mm | P8: mg/m3 | Q8: ug/m3
A9: 16/11/2023 01:00 | B9: 4.29 | C9: 21 | D9: 15.77 | E9: 8.08 | F9: 4.03 | G9: 69.55 | H9: 37.81 | I9: 5.4 | J9: 0.11 | K9: 224.33 | L9: 19.34 | M9: 93.06 | N9: 0 | O9: 0 | P9: 0.76 | Q9: 4.2
A10: 16/11/2023 02:00 | B10: 6.95 | C10: 23.96 | D10: 19.44 | E10: 7.84 | F10: 2.93 | G10: 65.1 | H10: 35.32 | I10: 5.1 | J10: 0.13 | K10: 193.75 | L10: 18.68 | M10: 93.71 | N10: 0 | O10: 0 | P10: 0.74 | Q10: 4.39
A11: 16/11/2023 03:00 | B11: 8.32 | C11: 25.24 | D11: 21.2 | E11: 5.21 | F11: 2.99 | G11: 63.17 | H11: 33.93 | I11: 5.14 | J11: 0.46 | K11: 355.91 | L11: 18.3 | M11: 94.38 | N11: 0 | O11: 0 | P11: 0.75 | Q11: 4.45
A12: 16/11/2023 04:00 | B12: 8.12 | C12: 22.68 | D12: 19.64 | E12: 4.8 | F12: 3.05 | G12: 63.59 | H12: 34.83 | I12: 5.21 | J12: 0.37 | K12: 44.86 | L12: 18.26 | M12: 85.61 | N12: 0 | O12: 0 | P12: 0.7 | Q12: 4.41
A13: 16/11/2023 05:00 | B13: 8.06 | C13: 22.62 | D13: 19.49 | E13: 4.24 | F13: 2.84 | G13: 63.59 | H13: 34.83 | I13: 5.4 | J13: 0.5 | K13: 40.5 | L13: 17.94 | M13: 87.54 | N13: 0 | O13: 0 | P13: 0.71 | Q13: 4.4
A14: 16/11/2023 06:00 | B14: 8.67 | C14: 22.64 | D14: 20.13 | E14: 4.93 | F14: 2.71 | G14: 63.59 | H14: 33.15 | I14: 5.51 | J14: 0.4 | K14: 46.63 | L14: 17.39 | M14: 89.89 | N14: 0 | O14: 0 | P14: 0.71 | Q14: 4.43
A15: 16/11/2023 07:00 | B15: 10.08 | C15: 23.13 | D15: 21.52 | E15: 4.48 | F15: 2.61 | G15: 67.52 | H15: 33.29 | I15: 5.62 | J15: 0.44 | K15: 44.01 | L15: 17.62 | M15: 89.7 | N15: 23.7 | O15: 0 | P15: 0.73 | Q15: 4.48
A16: 16/11/2023 08:00 | B16: 10.36 | C16: 24.43 | D16: 22.01 | E16: 5.63 | F16: 2.95 | G16: 68.15 | H16: 33.29 | I16: 5.88 | J16: 0.68 | K16: 48.78 | L16: 19.78 | M16: 84.58 | N16: 176.8 | O16: 0 | P16: 0.81 | Q16: 4.5
A17: 16/11/2023 09:00 | B17: 9.15 | C17: 25.51 | D17: 21.46 | E17: 5.55 | F17: 3.33 | G17: 70.3 | H17: 33.12 | I17: 6.16 | J17: 0.75 | K17: 39.94 | L17: 23.37 | M17: 74.8 | N17: 327.5 | O17: 0 | P17: 0.84 | Q17: 4.48
A18: 16/11/2023 10:00 | B18: 6.74 | C18: 26.01 | D18: 20.1 | E18: 5.85 | F18: 4.6 | G18: 70.3 | H18: 32.69 | I18: 6.18 | J18: 0.78 | K18: 66.72 | L18: 26.11 | M18: 61.2 | N18: 458.8 | O18: 0 | P18: 0.85 | Q18: 4.41
A19: 16/11/2023 11:00 | B19: 4 | C19: 25.42 | D19: 17.84 | E19: 6.56 | F19: 6.42 | G19: 64.06 | H19: 29.73 | I19: 6.07 | J19: 0.89 | K19: 67.33 | L19: 27.8 | M19: 47.71 | N19: 538 | O19: 0 | P19: 0.82 | Q19: 4.28
A20: 16/11/2023 12:00 | B20: 3.04 | C20: 23.39 | D20: 16.01 | E20: 6.79 | F20: 8.19 | G20: 62.91 | H20: 28.25 | I20: 5.73 | J20: 1 | K20: 51.77 | L20: 28.8 | M20: 39.06 | N20: 579.5 | O20: 0 | P20: 0.78 | Q20: 4.21
A21: 16/11/2023 13:00 | B21: 2.99 | C21: 21.51 | D21: 14.98 | E21: 9.06 | F21: 25.37 | G21: 58.69 | H21: 26.46 | I21: 5.41 | J21: 1.22 | K21: 48.13 | L21: 29.32 | M21: 38.12 | N21: 572.6 | O21: 0 | P21: 0.73 | Q21: 4.17
A22: 16/11/2023 14:00 | B22: 1.83 | C22: 18.04 | D22: 11.88 | E22: 10.48 | F22: 21.05 | G22: Calib. | H22: Calib. | I22: 5 | J22: 0.6 | K22: 63.56 | L22: 29.83 | M22: 36.62 | N22: 526.9 | O22: 0 | P22: 0.68 | Q22: 4.13
A23: 16/11/2023 15:00 | B23: 4.61 | C23: 18.36 | D23: 14.64 | E23: 9.93 | F23: 24.31 | G23: 24.81 | H23: 3.17 | I23: 12.87 | J23: 0.81 | K23: 42.15 | L23: 29.07 | M23: 38.09 | N23: 208.9 | O23: 0 | P23: 0.59 | Q23: 4.07
A24: 16/11/2023 16:00 | B24: 4.26 | C24: 20.18 | D24: 15.19 | E24: 8.24 | F24: 17.75 | G24: 35.38 | H24: 6.77 | I24: 135.33 | J24: 0.61 | K24: 54.35 | L24: 28.39 | M24: 39.18 | N24: 63.6 | O24: 0 | P24: 0.6 | Q24: 4.09
A25: 16/11/2023 17:00 | B25: 5.39 | C25: 22.74 | D25: 17.24 | E25: 5.45 | F25: 5.81 | G25: 41.09 | H25: 14.03 | I25: 90.83 | J25: 0.41 | K25: 67.34 | L25: 27.86 | M25: 45.12 | N25: 35.4 | O25: 0 | P25: 0.59 | Q25: 4.14
A26: 16/11/2023 18:00 | B26: 6.3 | C26: 26.39 | D26: 20.19 | E26: 6.53 | F26: 3.7 | G26: 54.99 | H26: 18.53 | I26: 77.83 | J26: 0.19 | K26: 133.38 | L26: 26.08 | M26: 56 | N26: 0 | O26: 0 | P26: 0.74 | Q26: 4.19
A27: 16/11/2023 19:00 | B27: 7.74 | C27: 30.14 | D27: 23.3 | E27: 4.54 | F27: 3.48 | G27: 70.33 | H27: 22.11 | I27: 61.42 | J27: 0.32 | K27: 47.73 | L27: 24.25 | M27: 54.57 | N27: 0 | O27: 0 | P27: 0.84 | Q27: 4.31
A28: 16/11/2023 20:00 | B28: 8.44 | C28: 31.54 | D28: 24.57 | E28: 4.8 | F28: 3.33 | G28: 70.33 | H28: 25.32 | I28: 47.11 | J28: 0.31 | K28: 42.29 | L28: 23.45 | M28: 55.74 | N28: 0 | O28: 0 | P28: 0.89 | Q28: 4.33
A29: 16/11/2023 21:00 | B29: 8.83 | C29: 31.04 | D29: 24.59 | E29: 4.7 | F29: 3.43 | G29: 76.17 | H29: 25.32 | I29: 36.82 | J29: 0.2 | K29: 213.06 | L29: 22.67 | M29: 64.64 | N29: 0 | O29: 0 | P29: 0.91 | Q29: 4.33
A30: 16/11/2023 22:00 | B30: 9.48 | C30: 31.04 | D30: 25.03 | E30: 4.51 | F30: 3.1 | G30: 82.84 | H30: 26.61 | I30: 29.76 | J30: 0.16 | K30: 157.73 | L30: 21.41 | M30: 67.04 | N30: 0 | O30: 0 | P30: 0.92 | Q30: 4.36
A31: 16/11/2023 23:00 | B31: 10.22 | C31: 28.83 | D31: 23.96 | E31: 3.86 | F31: 3.09 | G31: 82.84 | H31: 30.52 | I31: 24.23 | J31: 0.13 | K31: 198.76 | L31: 20.77 | M31: 70.69 | N31: 0 | O31: 0 | P31: 0.89 | Q31: 4.35
A32: 16/11/2023 24:00 | B32: 11.28 | C32: 25.2 | D32: 23.57 | E32: 3.31 | F32: 2.76 | G32: 78.14 | H32: 30.52 | I32: 20.77 | J32: 0.1 | K32: 281.92 | L32: 20.22 | M32: 71.52 | N32: 0 | O32: 0 | P32: 0.81 | Q32: 4.36
A34: Min | B34: =MIN(B9:B32) -> 1.83 | C34: =MIN(C9:C32) -> 18.04 | D34: =MIN(D9:D32) -> 11.88 | E34: =MIN(E9:E32) -> 3.31 | F34: =MIN(F9:F32) -> 2.61 | G34: =MIN(G9:G32) -> 24.81 | H34: =MIN(H9:H32) -> 3.17 | I34: =MIN(I9:I32) -> 5 | ... Q34: =MIN(Q9:Q32) -> 4.07
A35: Max | B35: =MAX(B9:B32) -> 11.28 | C35: =MAX(C9:C32) -> 31.54 | D35: =MAX(D9:D32) -> 25.03 | E35: =MAX(E9:E32) -> 10.48 | F35: =MAX(F9:F32) -> 25.37 | G35: =MAX(G9:G32) -> 82.84 | H35: =MAX(H9:H32) -> 37.81 | I35: =MAX(I9:I32) -> 135.33 | ... Q35: =MAX(Q9:Q32) -> 4.5
A36: Avg | B36: =AVERAGE(B9:B32) -> 7.0479167 | C36: =AVERAGE(C9:C32) -> 24.626667 | D36: =AVERAGE(D9:D32) -> 19.739583 | E36: =AVERAGE(E9:E32) -> 6.0570833 | F36: =AVERAGE(F9:F32) -> 6.82625 | G36: =AVERAGE(G9:G32) -> 63.801739 | H36: =AVERAGE(H9:H32) -> 27.373913 | I36: =AVERAGE(I9:I32) -> 25.615833 | ... Q36: =AVERAGE(Q9:Q32) -> 4.31125
A37: Stdev | B37: =STDEV(B9:B32) -> 2.6724569 | C37: =STDEV(C9:C32) -> 3.7885854 | D37: =STDEV(D9:D32) -> 3.6399229 | E37: =STDEV(E9:E32) -> 1.9485524 | F37: =STDEV(F9:F32) -> 7.2175919 | G37: =STDEV(G9:G32) -> 13.931274 | H37: =STDEV(H9:H32) -> 9.0983694 | I37: =STDEV(I9:I32) -> 34.087778 | ... Q37: =STDEV(Q9:Q32) -> 0.13089367
A38: Num | B38: =COUNT(B9:B32) -> 24 | C38: =COUNT(C9:C32) -> 24 | D38: =COUNT(D9:D32) -> 24 | E38: =COUNT(E9:E32) -> 24 | F38: =COUNT(F9:F32) -> 24 | G38: 24 | H38: 24 | I38: =COUNT(I9:I32) -> 24 | J38: =COUNT(J9:J32) -> 24 | K38: =COUNT(K9:K32) -> 24 | L38: =COUNT(L9:L32) -> 24 | M38: =COUNT(M9:M32) -> 24 | N38: =COUNT(N9:N32) -> 24 | O38: =COUNT(O9:O32) -> 24 | P38: =COUNT(P9:P32) -> 24 | Q38: =COUNT(Q9:Q32) -> 24
A39: DCR | B39: =IF(B38>=22,">90%",IF(B38<=22,"<90%")) -> >90% | C39: =IF(C38>=22,">90%",IF(C38<=22,"<90%")) -> >90% | D39: =IF(D38>=22,">90%",IF(D38<=22,"<90%")) -> >90% | E39: =IF(E38>=22,">90%",IF(E38<=22,"<90%")) -> >90% | F39: =IF(F38>=22,">90%",IF(F38<=22,"<90%")) -> >90% | G39: =IF(G38>=22,">90%",IF(G38<=22,"<90%")) -> >90% | H39: =IF(H38>=22,">90%",IF(H38<=22,"<90%")) -> >90% | I39: =IF(I38>=22,">90%",IF(I38<=22,"<90%")) -> >90% | ... Q39: =IF(Q38>=22,">90%",IF(Q38<=22,"<90%")) -> >90%
A40: Status | B40: =IF(B38>=22,"OK",IF(B38<=22,"LESS")) -> OK | C40: =IF(C38>=22,"OK",IF(C38<=22,"LESS")) -> OK | D40: =IF(D38>=22,"OK",IF(D38<=22,"LESS")) -> OK | E40: =IF(E38>=22,"OK",IF(E38<=22,"LESS")) -> OK | F40: =IF(F38>=22,"OK",IF(F38<=22,"LESS")) -> OK | G40: =IF(G38>=22,"OK",IF(G38<=22,"LESS")) -> OK | H40: =IF(H38>=22,"OK",IF(H38<=22,"LESS")) -> OK | I40: =IF(I38>=22,"OK",IF(I38<=22,"LESS")) -> OK | ... Q40: =IF(Q38>=22,"OK",IF(Q38<=22,"LESS")) -> OK
A43: Done by | B43: AKASH
A45: Comment

Sheet 17
A1: Station: | B1: IGKV ,RAIPUR
A2: Date: | B2: =$A$9 -> 17/11/2023 01:00 | D2: Power Off | G2: Pw.Off | L2: Link Fail | N2: Link F | P2: Maintenance | R2: Maint.
A3: Report Type: | B3: Mean | D3: Calibration | G3: Calib. | L3: Data Fail | N3: Data F | P3: Invalid | R3: Invalid
A4: Time Base: | B4: 01 Hour | D4: Zero Referrence | G4: Z.Ref | L4: Warm Up | N4: Wm. Up
A7: Date & Time | B7: NO | C7: NO2 | D7: NOX | E7: SO2 | F7: O3 | G7: PM 10 | H7: PM 2.5 | I7: BENZ | J7: WS | K7: WD | L7: TEMP | M7: HUM | N7: SR | O7: RG | P7: CO | Q7: NH3
B8: ug/m3 | C8: ug/m3 | D8: ppb | E8: ug/m3 | F8: ug/m3 | G8: ug/m3 | H8: ug/m3 | I8: ug/m3 | J8: m/sec | K8: deg | L8: degreC | M8: % | N8: w/m2 | O8: mm | P8: mg/m3 | Q8: ug/m3
A9: 17/11/2023 01:00 | B9: 10.46 | C9: 24.93 | D9: 22.58 | E9: 3.02 | F9: 2.66 | G9: 75.37 | H9: 30.64 | I9: 18.56 | J9: 0.14 | K9: 144.28 | L9: 19.56 | M9: 72.7 | N9: 0 | O9: 0 | P9: 0.8 | Q9: 4.43
A10: 17/11/2023 02:00 | B10: 10.65 | C10: 24.39 | D10: 22.6 | E10: 3.21 | F10: 2.64 | G10: 72.74 | H10: 30.64 | I10: 15.48 | J10: 0.27 | K10: 73.03 | L10: 19.3 | M10: 72.27 | N10: 0 | O10: 0 | P10: 0.76 | Q10: 4.45
A11: 17/11/2023 03:00 | B11: 10.55 | C11: 23.83 | D11: 22.22 | E11: 5.47 | F11: 2.7 | G11: 69.54 | H11: 25.68 | I11: 13.7 | J11: 0.36 | K11: 38.54 | L11: 19.02 | M11: 74.71 | N11: 0 | O11: 0 | P11: 0.72 | Q11: 4.44
A12: 17/11/2023 04:00 | B12: 10.01 | C12: 23.58 | D12: 21.37 | E12: 6.11 | F12: 3.13 | G12: 65.43 | H12: 23.5 | I12: 12.28 | J12: 0.32 | K12: 40.06 | L12: 18.56 | M12: 79.19 | N12: 0 | O12: 0 | P12: 0.7 | Q12: 4.41
A13: 17/11/2023 05:00 | B13: 8.81 | C13: 24.58 | D13: 21.16 | E13: 6.39 | F13: 3.12 | G13: 61.59 | H13: 24.72 | I13: 10.49 | J13: 0.22 | K13: 58.34 | L13: 18.02 | M13: 80.11 | N13: 0 | O13: 0 | P13: 0.69 | Q13: 4.38
A14: 17/11/2023 06:00 | B14: 9.1 | C14: 24.71 | D14: 21.48 | E14: 6.74 | F14: 2.91 | G14: 61.59 | H14: 27.79 | I14: 9.14 | J14: 0.25 | K14: 53.98 | L14: 17.89 | M14: 81.95 | N14: 0 | O14: 0 | P14: 0.69 | Q14: 4.39
A15: 17/11/2023 07:00 | B15: 11.79 | C15: 25.92 | D15: 24.35 | E15: 7.68 | F15: 2.78 | G15: 63.68 | H15: 27.79 | I15: 8.55 | J15: 0.36 | K15: 55.71 | L15: 17.97 | M15: 83.25 | N15: 20.6 | O15: 0 | P15: 0.73 | Q15: 4.47
A16: 17/11/2023 08:00 | B16: 12.23 | C16: 26.08 | D16: 24.79 | E16: 7.63 | F16: 2.87 | G16: 69.26 | H16: 30.13 | I16: 8.72 | J16: 0.5 | K16: 41.82 | L16: 20.15 | M16: 80.68 | N16: 175.4 | O16: 0 | P16: 0.78 | Q16: 4.52
A17: 17/11/2023 09:00 | B17: 11.23 | C17: 25.73 | D17: 23.8 | E17: 6.77 | F17: 3.2 | G17: 70.35 | H17: 31.9 | I17: 8.35 | J17: 0.63 | K17: 41.26 | L17: 23.47 | M17: 71.62 | N17: 330.4 | O17: 0 | P17: 0.78 | Q17: 4.45
A18: 17/11/2023 10:00 | B18: 10.69 | C18: 23.12 | D18: 21.69 | E18: 5.3 | F18: 3.11 | G18: 70.35 | H18: 34.71 | I18: 8.7 | J18: 0.52 | K18: 64.26 | L18: 26.46 | M18: 62.76 | N18: 463.4 | O18: 0 | P18: 0.75 | Q18: 4.43
A19: 17/11/2023 11:00 | B19: 9.66 | C19: 21.65 | D19: 20.41 | E19: 4.61 | F19: 5.65 | G19: 67.27 | H19: 34.71 | I19: 8.57 | J19: 0.64 | K19: 61.55 | L19: 28.45 | M19: 54.14 | N19: 552.6 | O19: 0 | P19: 0.74 | Q19: 4.37
A20: 17/11/2023 12:00 | B20: 7.44 | C20: 20.62 | D20: 18.09 | E20: 5.2 | F20: 6.21 | G20: 66.69 | H20: 31.71 | I20: 8.39 | J20: 0.85 | K20: 89.8 | L20: 29.71 | M20: 46.87 | N20: 603.6 | O20: 0 | P20: 0.73 | Q20: 4.29
... A32: 17/11/2023 24:00 | B32: 12.69 | C32: 24.04 | D32: 24.03 | E32: 5.46 | F32: 2.84 | G32: 62.4 | H32: 26.43 | I32: 7.4 | J32: 0.14 | K32: 202.04 | L32: 19.94 | M32: 90.63 | N32: 0 | O32: 0 | P32: 0.86 | Q32: 4.57
A34: Min | B34: =MIN(B9:B32) -> 5.11 | C34: =MIN(C9:C32) -> 19.57 | D34: =MIN(D9:D32) -> 15.68 | E34: =MIN(E9:E32) -> 3.02 | F34: =MIN(F9:F32) -> 2.62 | G34: =MIN(G9:G32) -> 39.96 | H34: =MIN(H9:H32) -> 18.17 | I34: =MIN(I9:I32) -> 4.78 | ... Q34: =MIN(Q9:Q32) -> 4.15
A35: Max | B35: =MAX(B9:B32) -> 13.67 | C35: =MAX(C9:C32) -> 26.94 | D35: =MAX(D9:D32) -> 25.73 | E35: =MAX(E9:E32) -> 7.68 | F35: =MAX(F9:F32) -> 7.06 | G35: =MAX(G9:G32) -> 76.39 | H35: =MAX(H9:H32) -> 34.71 | I35: =MAX(I9:I32) -> 18.56 | ... Q35: =MAX(Q9:Q32) -> 4.58
A36: Avg | B36: =AVERAGE(B9:B32) -> 9.6366667 | C36: =AVERAGE(C9:C32) -> 23.724583 | D36: =AVERAGE(D9:D32) -> 21.331667 | E36: =AVERAGE(E9:E32) -> 5.3983333 | F36: =AVERAGE(F9:F32) -> 3.9129167 | G36: =AVERAGE(G9:G32) -> 63.203333 | H36: =AVERAGE(H9:H32) -> 27.344583 | I36: =AVERAGE(I9:I32) -> 8.8245833 | ... Q36: =AVERAGE(Q9:Q32) -> 4.39
A37: Stdev | B37: =STDEV(B9:B32) -> 2.9115731 | C37: =STDEV(C9:C32) -> 2.2784682 | D37: =STDEV(D9:D32) -> 3.2472633 | E37: =STDEV(E9:E32) -> 1.1148978 | F37: =STDEV(F9:F32) -> 1.6151335 | G37: =STDEV(G9:G32) -> 10.465795 | H37: =STDEV(H9:H32) -> 4.8632902 | I37: =STDEV(I9:I32) -> 3.2492608 | ... Q37: =STDEV(Q9:Q32) -> 0.14083601
A38: Num | B38: =COUNT(B9:B32) -> 24 | C38: =COUNT(C9:C32) -> 24 | D38: =COUNT(D9:D32) -> 24 | E38: =COUNT(E9:E32) -> 24 | F38: =COUNT(F9:F32) -> 24 | G38: =COUNT(G9:G32) -> 24 | H38: =COUNT(H9:H32) -> 24 | I38: =COUNT(I9:I32) -> 24 | ... Q38: =COUNT(Q9:Q32) -> 24
A39: DCR | B39: =IF(B38>=22,">90%",IF(B38<=22,"<90%")) -> >90% | C39: =IF(C38>=22,">90%",IF(C38<=22,"<90%")) -> >90% | D39: =IF(D38>=22,">90%",IF(D38<=22,"<90%")) -> >90% | E39: =IF(E38>=22,">90%",IF(E38<=22,"<90%")) -> >90% | F39: =IF(F38>=22,">90%",IF(F38<=22,"<90%")) -> >90% | G39: =IF(G38>=22,">90%",IF(G38<=22,"<90%")) -> >90% | H39: =IF(H38>=22,">90%",IF(H38<=22,"<90%")) -> >90% | I39: =IF(I38>=22,">90%",IF(I38<=22,"<90%")) -> >90% | ... Q39: =IF(Q38>=22,">90%",IF(Q38<=22,"<90%")) -> >90%
A40: Status | B40: =IF(B38>=22,"OK",IF(B38<=22,"LESS")) -> OK | C40: =IF(C38>=22,"OK",IF(C38<=22,"LESS")) -> OK | D40: =IF(D38>=22,"OK",IF(D38<=22,"LESS")) -> OK | E40: =IF(E38>=22,"OK",IF(E38<=22,"LESS")) -> OK | F40: =IF(F38>=22,"OK",IF(F38<=22,"LESS")) -> OK | G40: =IF(G38>=22,"OK",IF(G38<=22,"LESS")) -> OK | H40: =IF(H38>=22,"OK",IF(H38<=22,"LESS")) -> OK | I40: =IF(I38>=22,"OK",IF(I38<=22,"LESS")) -> OK | ... Q40: =IF(Q38>=22,"OK",IF(Q38<=22,"LESS")) -> OK
A43: Done by | B43: AKASH
A45: Comment

Sheet 18
A1: Station: | B1: IGKV ,RAIPUR
A2: Date: | B2: =$A$9 -> 18/11/2023 01:00 | D2: Power Off | G2: Pw.Off | L2: Link Fail | N2: Link F | P2: Maintenance | R2: Maint.
A3: Report Type: | B3: Mean | D3: Calibration | G3: Calib. | L3: Data Fail | N3: Data F | P3: Invalid | R3: Invalid
A4: Time Base: | B4: 01 Hour | D4: Zero Referrence | G4: Z.Ref | L4: Warm Up | N4: Wm. Up
A7: Date & Time | B7: NO | C7: NO2 | D7: NOX | E7: SO2 | F7: O3 | G7: PM 10 | H7: PM 2.5 | I7: BENZ | J7: WS | K7: WD | L7: TEMP | M7: HUM | N7: SR | O7: RG | P7: CO | Q7: NH3
B8: ug/m3 | C8: ug/m3 | D8: ppb | E8: ug/m3 | F8: ug/m3 | G8: ug/m3 | H8: ug/m3 | I8: ug/m3 | J8: m/sec | K8: deg | L8: degreC | M8: % | N8: w/m2 | O8: mm | P8: mg/m3 | Q8: ug/m3
A9: 18/11/2023 01:00 | B9: 9.78 | C9: 24.14 | D9: 21.8 | E9: 5.83 | F9: 2.73 | G9: 57.36 | H9: 26.41 | I9: 7.27 | J9: 0.13 | K9: 255.54 | L9: 19.67 | M9: 93.04 | N9: 0 | O9: 0 | P9: 0.84 | Q9: 4.49
A10: 18/11/2023 02:00 | B10: 15.98 | C10: 25.8 | D10: 27.64 | E10: 6.21 | F10: 2.65 | G10: 57.36 | H10: 26.41 | I10: 7.29 | J10: 0.15 | K10: 209.83 | L10: 19.25 | M10: 95.09 | N10: 0 | O10: 0 | P10: 0.87 | Q10: 4.74
A11: 18/11/2023 03:00 | B11: 15.19 | C11: 26.39 | D11: 26.9 | E11: 4.25 | F11: 2.76 | G11: 55.87 | H11: 21.92 | I11: 7.28 | J11: 0.35 | K11: 231.13 | L11: 19.17 | M11: 89.15 | N11: 0 | O11: 0 | P11: 0.83 | Q11: 4.74
A12: 18/11/2023 04:00 | B12: 14.21 | C12: 26.92 | D12: 26.81 | E12: 4.45 | F12: 2.64 | G12: 54.9 | H12: 20.71 | I12: 7.19 | J12: 0.11 | K12: 280.04 | L12: 18.7 | M12: 93.1 | N12: 0 | O12: 0 | P12: 0.8 | Q12: 4.66
A13: 18/11/2023 05:00 | B13: 17.65 | C13: 25.5 | D13: 28.14 | E13: 4 | F13: 2.99 | G13: 57 | H13: 24.36 | I13: 6.98 | J13: 0.12 | K13: 198.18 | L13: 18.32 | M13: 93.28 | N13: 0 | O13: 0 | P13: 0.76 | Q13: 4.75
A14: 18/11/2023 06:00 | B14: 20.13 | C14: 25.22 | D14: 30.52 | E14: 3.17 | F14: 2.69 | G14: 57 | H14: 26.2 | I14: 6.97 | J14: 0.2 | K14: 122.2 | L14: 18.22 | M14: 91.86 | N14: 0 | O14: 0 | P14: 0.73 | Q14: 4.82
A15: 18/11/2023 07:00 | B15: 21.63 | C15: 25.6 | D15: 31.81 | E15: 3.57 | F15: 2.75 | G15: 66.63 | H15: 29.2 | I15: 7.23 | J15: 0.12 | K15: 197.45 | L15: 18.49 | M15: 93.51 | N15: 20.4 | O15: 0 | P15: 0.78 | Q15: 4.88
A16: 18/11/2023 08:00 | B16: 23.62 | C16: 26.03 | D16: 33.89 | E16: 4.14 | F16: 2.62 | G16: 88.68 | H16: 33.13 | I16: 8.01 | J16: 0.28 | K16: 56.64 | L16: 20.87 | M16: 88.07 | N16: 186.9 | O16: 0 | P16: 0.87 | Q16: 5
A17: 18/11/2023 09:00 | B17: 23.12 | C17: 26.72 | D17: 33.11 | E17: 4 | F17: 2.82 | G17: 94.55 | H17: 35.22 | I17: 8.25 | J17: 0.56 | K17: 87.87 | L17: 24.83 | M17: 78.59 | N17: 347.7 | O17: 0 | P17: 0.88 | Q17: 4.97
A18: 18/11/2023 10:00 | B18: 17.85 | C18: 28.62 | D18: 29.94 | E18: 4.72 | F18: 3.22 | G18: 94.55 | H18: 35.22 | I18: 8.15 | J18: 0.37 | K18: 132.36 | L18: 27.25 | M18: 65.36 | N18: 468.7 | O18: 0 | P18: 0.87 | Q18: 4.81
A19: 18/11/2023 11:00 | B19: 10.33 | C19: 28.73 | D19: 24.65 | E19: 6.32 | F19: 4.53 | G19: 84.3 | H19: 34.15 | I19: 7.6 | J19: 0.27 | K19: 151.55 | L19: 29.29 | M19: 58.58 | N19: 545.8 | O19: 0 | P19: 0.82 | Q19: 4.57
A20: 18/11/2023 12:00 | B20: 5.15 | C20: 26.39 | D20: 19.27 | E20: 6.62 | F20: 4.84 | G20: 74.58 | H20: 32.13 | I20: 7.15 | J20: 0.52 | K20: 134.05 | L20: 30.17 | M20: 52.5 | N20: 586 | O20: 0 | P20: 0.76 | Q20: 4.33
... A32: 18/11/2023 24:00 | B32: 11.42 | C32: 28.47 | D32: 25.32 | E32: 9.73 | F32: 2.83 | G32: 87.02 | H32: 33.94 | I32: 10.69 | J32: 0.1 | K32: 207.83 | L32: 20.99 | M32: 93.56 | N32: 0 | O32: 0 | P32: 0.88 | Q32: 4.56
A34: Min | B34: =MIN(B9:B32) -> 2.9 | C34: =MIN(C9:C32) -> 18.16 | D34: =MIN(D9:D32) -> 13.8 | E34: =MIN(E9:E32) -> 3.17 | F34: =MIN(F9:F32) -> 2.62 | G34: =MIN(G9:G32) -> 40.5 | H34: =MIN(H9:H32) -> 18.29 | I34: =MIN(I9:I32) -> 6.97 | ... Q34: =MIN(Q9:Q32) -> 4.13
A35: Max | B35: =MAX(B9:B32) -> 23.62 | C35: =MAX(C9:C32) -> 33.16 | D35: =MAX(D9:D32) -> 33.89 | E35: =MAX(E9:E32) -> 13.84 | F35: =MAX(F9:F32) -> 21.25 | G35: =MAX(G9:G32) -> 116.04 | H35: =MAX(H9:H32) -> 35.4 | I35: =MAX(I9:I32) -> 38.91 | ... Q35: =MAX(Q9:Q32) -> 5
A36: Avg | B36: =AVERAGE(B9:B32) -> 12.051667 | C36: =AVERAGE(C9:C32) -> 25.7975 | D36: =AVERAGE(D9:D32) -> 24.3 | E36: =AVERAGE(E9:E32) -> 7.065 | F36: =AVERAGE(F9:F32) -> 5.03625 | G36: =AVERAGE(G9:G32) -> 71.55125 | H36: =AVERAGE(H9:H32) -> 27.941667 | I36: =AVERAGE(I9:I32) -> 13.228333 | ... Q36: =AVERAGE(Q9:Q32) -> 4.5579167
A37: Stdev | B37: =STDEV(B9:B32) -> 6.46509 | C37: =STDEV(C9:C32) -> 3.8601264 | D37: =STDEV(D9:D32) -> 6.3667547 | E37: =STDEV(E9:E32) -> 2.8122156 | F37: =STDEV(F9:F32) -> 4.9577018 | G37: =STDEV(G9:G32) -> 22.839792 | H37: =STDEV(H9:H32) -> 5.8052425 | I37: =STDEV(I9:I32) -> 8.3950118 | ... Q37: =STDEV(Q9:Q32) -> 0.25917896
A38: Num | B38: =COUNT(B9:B32) -> 24 | C38: =COUNT(C9:C32) -> 24 | D38: =COUNT(D9:D32) -> 24 | E38: =COUNT(E9:E32) -> 24 | F38: =COUNT(F9:F32) -> 24 | G38: =COUNT(G9:G32) -> 24 | H38: =COUNT(H9:H32) -> 24 | I38: =COUNT(I9:I32) -> 24 | ... Q38: =COUNT(Q9:Q32) -> 24
A39: DCR | B39: =IF(B38>=22,">90%",IF(B38<=22,"<90%")) -> >90% | C39: =IF(C38>=22,">90%",IF(C38<=22,"<90%")) -> >90% | D39: =IF(D38>=22,">90%",IF(D38<=22,"<90%")) -> >90% | E39: =IF(E38>=22,">90%",IF(E38<=22,"<90%")) -> >90% | F39: =IF(F38>=22,">90%",IF(F38<=22,"<90%")) -> >90% | G39: =IF(G38>=22,">90%",IF(G38<=22,"<90%")) -> >90% | H39: =IF(H38>=22,">90%",IF(H38<=22,"<90%")) -> >90% | I39: =IF(I38>=22,">90%",IF(I38<=22,"<90%")) -> >90% | ... Q39: =IF(Q38>=22,">90%",IF(Q38<=22,"<90%")) -> >90%
A40: Status | B40: =IF(B38>=22,"OK",IF(B38<=22,"LESS")) -> OK | C40: =IF(C38>=22,"OK",IF(C38<=22,"LESS")) -> OK | D40: =IF(D38>=22,"OK",IF(D38<=22,"LESS")) -> OK | E40: =IF(E38>=22,"OK",IF(E38<=22,"LESS")) -> OK | F40: =IF(F38>=22,"OK",IF(F38<=22,"LESS")) -> OK | G40: =IF(G38>=22,"OK",IF(G38<=22,"LESS")) -> OK | H40: =IF(H38>=22,"OK",IF(H38<=22,"LESS")) -> OK | I40: =IF(I38>=22,"OK",IF(I38<=22,"LESS")) -> OK | ... Q40: =IF(Q38>=22,"OK",IF(Q38<=22,"LESS")) -> OK
A43: Done by | B43: AKASH
A45: Comment

Sheet 19
A1: Station: | B1: IGKV ,RAIPUR
A2: Date: | B2: =$A$9 -> 19/11/2023 01:00 | D2: Power Off | G2: Pw.Off | L2: Link Fail | N2: Link F | P2: Maintenance | R2: Maint.
A3: Report Type: | B3: Mean | D3: Calibration | G3: Calib. | L3: Data Fail | N3: Data F | P3: Invalid | R3: Invalid
A4: Time Base: | B4: 01 Hour | D4: Zero Referrence | G4: Z.Ref | L4: Warm Up | N4: Wm. Up
A7: Date & Time | B7: NO | C7: NO2 | D7: NOX | E7: SO2 | F7: O3 | G7: PM 10 | H7: PM 2.5 | I7: BENZ | J7: WS | K7: WD | L7: TEMP | M7: HUM | N7: SR | O7: RG | P7: CO | Q7: NH3
B8: ug/m3 | C8: ug/m3 | D8: ppb | E8: ug/m3 | F8: ug/m3 | G8: ug/m3 | H8: ug/m3 | I8: ug/m3 | J8: m/sec | K8: deg | L8: degreC | M8: % | N8: w/m2 | O8: mm | P8: mg/m3 | Q8: ug/m3
A9: 19/11/2023 01:00 | B9: 11.07 | C9: 22.53 | D9: 21.97 | E9: 8.6 | F9: 2.94 | G9: 81.33 | H9: 33.94 | I9: 9.75 | J9: 0.11 | K9: 226.42 | L9: 20.56 | M9: 91.49 | N9: 0 | O9: 0 | P9: 0.8 | Q9: 4.53
A10: 19/11/2023 02:00 | B10: 11.15 | C10: 22.42 | D10: 21.9 | E10: 8.49 | F10: 2.71 | G10: 75.17 | H10: 29.49 | I10: 9.43 | J10: 0.14 | K10: 234.85 | L10: 20.3 | M10: 92.56 | N10: 0 | O10: 0 | P10: 0.76 | Q10: 4.5
A11: 19/11/2023 03:00 | B11: 11.03 | C11: 21.66 | D11: 21.5 | E11: 6.35 | F11: 2.69 | G11: 65.24 | H11: 27.66 | I11: 8.95 | J11: 0.14 | K11: 263.52 | L11: 20.05 | M11: 94.8 | N11: 0 | O11: 0 | P11: 0.73 | Q11: 4.48
A12: 19/11/2023 04:00 | B12: 11.27 | C12: 21.28 | D12: 21.27 | E12: 6.24 | F12: 2.71 | G12: 63.58 | H12: 26.64 | I12: 8.48 | J12: 0.22 | K12: 283.47 | L12: 19.59 | M12: 95.95 | N12: 0 | O12: 0 | P12: 0.68 | Q12: 4.48
A13: 19/11/2023 05:00 | B13: 15.21 | C13: 22.69 | D13: 25.4 | E13: 6.61 | F13: 2.76 | G13: 58.89 | H13: 26.64 | I13: 8.02 | J13: 0.33 | K13: 95.6 | L13: 19.58 | M13: 94.85 | N13: 0 | O13: 0 | P13: 0.68 | Q13: 4.63
A14: 19/11/2023 06:00 | B14: 15.2 | C14: 25.08 | D14: 25.87 | E14: 7.28 | F14: 2.82 | G14: 67.2 | H14: 28.34 | I14: 7.71 | J14: 0.25 | K14: 72.32 | L14: 19.5 | M14: 92.23 | N14: 0 | O14: 0 | P14: 0.68 | Q14: 4.64
A15: 19/11/2023 07:00 | B15: 14.23 | C15: 26.04 | D15: 26.16 | E15: 7.58 | F15: 2.78 | G15: 70.24 | H15: 29.07 | I15: 7.42 | J15: 0.13 | K15: 162.53 | L15: 19.97 | M15: 92.29 | N15: 21 | O15: 0 | P15: 0.69 | Q15: 4.64
A16: 19/11/2023 08:00 | B16: 13.22 | C16: 27.08 | D16: 25.84 | E16: 7.92 | F16: 2.93 | G16: 70.24 | H16: 29.15 | I16: 7.24 | J16: 0.38 | K16: 72.51 | L16: 22.32 | M16: 87.98 | N16: 168.5 | O16: 0 | P16: 0.7 | Q16: 4.62
A17: 19/11/2023 09:00 | B17: 10.31 | C17: 27.11 | D17: 23.78 | E17: 8.25 | F17: 3.27 | G17: 63.69 | H17: 29.15 | I17: 7.02 | J17: 0.65 | K17: 52.33 | L17: 25.04 | M17: 77.93 | N17: 303.6 | O17: 0 | P17: 0.7 | Q17: 4.53
A18: 19/11/2023 10:00 | B18: 7.47 | C18: 26.72 | D18: 21.31 | E18: 7.94 | F18: 3.87 | G18: 65.84 | H18: 29.9 | I18: 6.97 | J18: 0.44 | K18: 88.19 | L18: 27.38 | M18: 67.82 | N18: 423.6 | O18: 0 | P18: 0.7 | Q18: 4.42
A19: 19/11/2023 11:00 | B19: 5.75 | C19: 21.03 | D19: 16.9 | E19: 6.27 | F19: 5.03 | G19: 65.84 | H19: 29.9 | I19: 6.7 | J19: 0.49 | K19: 154.91 | L19: 28.94 | M19: 61.83 | N19: 495.3 | O19: 0 | P19: 0.64 | Q19: 4.27
A20: 19/11/2023 12:00 | B20: 5.31 | C20: 18.68 | D20: 15.36 | E20: 7.65 | F20: 6.61 | G20: 61.11 | H20: 28.06 | I20: 6.43 | J20: 0.68 | K20: 107.54 | L20: 29.44 | M20: 56.26 | N20: 530.1 | O20: 0 | P20: 0.61 | Q20: 4.21
... A32: 19/11/2023 24:00 | B32: 12.04 | C32: 23.31 | D32: 23.1 | E32: 6.21 | F32: 2.89 | G32: 90.07 | H32: 32.52 | I32: 7.68 | J32: 0.18 | K32: 208.95 | L32: 23.38 | M32: 76.05 | N32: 0 | O32: 0 | P32: 0.82 | Q32: 4.5
A34: Min | B34: =MIN(B9:B32) -> 4.14 | C34: =MIN(C9:C32) -> 17.08 | D34: =MIN(D9:D32) -> 14.11 | E34: =MIN(E9:E32) -> 6.13 | F34: =MIN(F9:F32) -> 2.69 | G34: =MIN(G9:G32) -> 45.88 | H34: =MIN(H9:H32) -> 21.97 | I34: =MIN(I9:I32) -> 4.56 | ... Q34: =MIN(Q9:Q32) -> 4.16
A35: Max | B35: =MAX(B9:B32) -> 15.21 | C35: =MAX(C9:C32) -> 30.52 | D35: =MAX(D9:D32) -> 26.16 | E35: =MAX(E9:E32) -> 8.68 | F35: =MAX(F9:F32) -> 6.98 | G35: =MAX(G9:G32) -> 135.85 | H35: =MAX(H9:H32) -> 41.23 | I35: =MAX(I9:I32) -> 9.75 | ... Q35: =MAX(Q9:Q32) -> 4.64
A36: Avg | B36: =AVERAGE(B9:B32) -> 9.30625 | C36: =AVERAGE(C9:C32) -> 23.35125 | D36: =AVERAGE(D9:D32) -> 20.8475 | E36: =AVERAGE(E9:E32) -> 7.2466667 | F36: =AVERAGE(F9:F32) -> 3.8516667 | G36: =AVERAGE(G9:G32) -> 75.793333 | H36: =AVERAGE(H9:H32) -> 29.444583 | I36: =AVERAGE(I9:I32) -> 7.1158333 | ... Q36: =AVERAGE(Q9:Q32) -> 4.4129167
A37: Stdev | B37: =STDEV(B9:B32) -> 3.7016739 | C37: =STDEV(C9:C32) -> 3.5321804 | D37: =STDEV(D9:D32) -> 4.0598461 | E37: =STDEV(E9:E32) -> 0.83872401 | F37: =STDEV(F9:F32) -> 1.4452762 | G37: =STDEV(G9:G32) -> 26.694868 | H37: =STDEV(H9:H32) -> 5.190601 | I37: =STDEV(I9:I32) -> 1.4118718 | ... Q37: =STDEV(Q9:Q32) -> 0.16747431
A38: Num | B38: =COUNT(B9:B32) -> 24 | C38: =COUNT(C9:C32) -> 24 | D38: =COUNT(D9:D32) -> 24 | E38: =COUNT(E9:E32) -> 24 | F38: =COUNT(F9:F32) -> 24 | G38: =COUNT(G9:G32) -> 24 | H38: =COUNT(H9:H32) -> 24 | I38: =COUNT(I9:I32) -> 24 | ... Q38: =COUNT(Q9:Q32) -> 24
A39: DCR | B39: =IF(B38>=22,">90%",IF(B38<=22,"<90%")) -> >90% | C39: =IF(C38>=22,">90%",IF(C38<=22,"<90%")) -> >90% | D39: =IF(D38>=22,">90%",IF(D38<=22,"<90%")) -> >90% | E39: =IF(E38>=22,">90%",IF(E38<=22,"<90%")) -> >90% | F39: =IF(F38>=22,">90%",IF(F38<=22,"<90%")) -> >90% | G39: =IF(G38>=22,">90%",IF(G38<=22,"<90%")) -> >90% | H39: =IF(H38>=22,">90%",IF(H38<=22,"<90%")) -> >90% | I39: =IF(I38>=22,">90%",IF(I38<=22,"<90%")) -> >90% | ... Q39: =IF(Q38>=22,">90%",IF(Q38<=22,"<90%")) -> >90%
A40: Status | B40: =IF(B38>=22,"OK",IF(B38<=22,"LESS")) -> OK | C40: =IF(C38>=22,"OK",IF(C38<=22,"LESS")) -> OK | D40: =IF(D38>=22,"OK",IF(D38<=22,"LESS")) -> OK | E40: =IF(E38>=22,"OK",IF(E38<=22,"LESS")) -> OK | F40: =IF(F38>=22,"OK",IF(F38<=22,"LESS")) -> OK | G40: =IF(G38>=22,"OK",IF(G38<=22,"LESS")) -> OK | H40: =IF(H38>=22,"OK",IF(H38<=22,"LESS")) -> OK | I40: =IF(I38>=22,"OK",IF(I38<=22,"LESS")) -> OK | ... Q40: =IF(Q38>=22,"OK",IF(Q38<=22,"LESS")) -> OK
A43: Done by | B43: AKASH
A45: Comment

Sheet 20
A1: Station: | B1: IGKV ,RAIPUR
A2: Date: | B2: =$A$9 -> 20/11/2023 01:00 | D2: Power Off | G2: Pw.Off | L2: Link Fail | N2: Link F | P2: Maintenance | R2: Maint.
A3: Report Type: | B3: Mean | D3: Calibration | G3: Calib. | L3: Data Fail | N3: Data F | P3: Invalid | R3: Invalid
A4: Time Base: | B4: 01 Hour | D4: Zero Referrence | G4: Z.Ref | L4: Warm Up | N4: Wm. Up
A7: Date & Time | B7: NO | C7: NO2 | D7: NOX | E7: SO2 | F7: O3 | G7: PM 10 | H7: PM 2.5 | I7: BENZ | J7: WS | K7: WD | L7: TEMP | M7: HUM | N7: SR | O7: RG | P7: CO | Q7: NH3
B8: ug/m3 | C8: ug/m3 | D8: ppb | E8: ug/m3 | F8: ug/m3 | G8: ug/m3 | H8: ug/m3 | I8: ug/m3 | J8: m/sec | K8: deg | L8: degreC | M8: % | N8: w/m2 | O8: mm | P8: mg/m3 | Q8: ug/m3
A9: 20/11/2023 01:00 | B9: 11.48 | C9: 22.39 | D9: 21.42 | E9: 6.29 | F9: 3.13 | G9: 68.8 | H9: 32.28 | I9: 7.39 | J9: 0.12 | K9: 220.64 | L9: 22.5 | M9: 84.46 | N9: 0 | O9: 0 | P9: 0.76 | Q9: 4.47
A10: 20/11/2023 02:00 | B10: 10.98 | C10: 25.81 | D10: 23.64 | E10: 7.08 | F10: 3.12 | G10: 48.01 | H10: 28 | I10: 6.7 | J10: 0.13 | K10: 193.44 | L10: 21.56 | M10: 89.74 | N10: 0 | O10: 0 | P10: 0.7 | Q10: 4.46
A11: 20/11/2023 03:00 | B11: 11.01 | C11: 25.71 | D11: 23.61 | E11: 8.77 | F11: 2.86 | G11: 50.88 | H11: 23.02 | I11: 6.08 | J11: 0.13 | K11: 212.19 | L11: 20.8 | M11: 95.06 | N11: 0 | O11: 0 | P11: 0.65 | Q11: 4.5
A12: 20/11/2023 04:00 | B12: 10.92 | C12: 25.26 | D12: 23.31 | E12: 8.9 | F12: 2.64 | G12: 50.88 | H12: 20.32 | I12: 5.65 | J12: 0.33 | K12: 144.66 | L12: 20 | M12: 93.3 | N12: 0 | O12: 0 | P12: 0.59 | Q12: 4.52
A13: 20/11/2023 05:00 | B13: 11.31 | C13: 25.84 | D13: 23.92 | E13: 8.84 | F13: 2.69 | G13: 50.91 | H13: 20.37 | I13: 5.41 | J13: 0.26 | K13: 58.6 | L13: 19.82 | M13: 92.15 | N13: 0 | O13: 0 | P13: 0.56 | Q13: 4.51
A14: 20/11/2023 06:00 | B14: 13.15 | C14: 26.58 | D14: 25.12 | E14: 8.59 | F14: 3.12 | G14: 50.91 | H14: 22.92 | I14: 5.42 | J14: 0.22 | K14: 65.38 | L14: 19.32 | M14: 92.44 | N14: 0 | O14: 0 | P14: 0.56 | Q14: 4.58
A15: 20/11/2023 07:00 | B15: 15.35 | C15: 24.37 | D15: 26.39 | E15: 8.2 | F15: 2.8 | G15: 49.81 | H15: 22.92 | I15: 5.54 | J15: 0.41 | K15: 40.78 | L15: 19.73 | M15: 88.45 | N15: 24.2 | O15: 0 | P15: 0.55 | Q15: 4.6
A16: 20/11/2023 08:00 | B16: 16.75 | C16: 24.18 | D16: 27.27 | E16: 8.61 | F16: 2.81 | G16: 65.31 | H16: 22.44 | I16: 5.82 | J16: 0.66 | K16: 44.29 | L16: 21.7 | M16: 86.17 | N16: 193.5 | O16: 0 | P16: 0.58 | Q16: 4.69
A17: 20/11/2023 09:00 | B17: 16.94 | C17: 23.36 | D17: 26.98 | E17: 8.06 | F17: 3 | G17: 65.31 | H17: 23.77 | I17: 6.14 | J17: 0.64 | K17: 60.45 | L17: 25.34 | M17: 75.54 | N17: 298.3 | O17: 0 | P17: 0.61 | Q17: 4.69
A18: 20/11/2023 10:00 | B18: 16.01 | C18: 24.18 | D18: 25.34 | E18: 8.73 | F18: 3.32 | G18: 70.89 | H18: 24.42 | I18: 6.36 | J18: 0.47 | K18: 86.92 | L18: 27.47 | M18: 62.71 | N18: 452.4 | O18: 0 | P18: 0.62 | Q18: 4.66
A19: 20/11/2023 11:00 | B19: 13.36 | C19: 25.39 | D19: 24.5 | E19: 8.37 | F19: 4.45 | G19: 70.89 | H19: 24.42 | I19: 6.27 | J19: 0.33 | K19: 136.93 | L19: 29.63 | M19: 55.98 | N19: 512.8 | O19: 0 | P19: 0.63 | Q19: 4.57
A20: 20/11/2023 12:00 | B20: 6.52 | C20: 25.12 | D20: 19.71 | E20: 7.91 | F20: 4.98 | G20: 55.21 | H20: 23.83 | I20: 5.86 | J20: 0.38 | K20: 106.18 | L20: 30.29 | M20: 45.89 | N20: 536.8 | O20: 0 | P20: 0.6 | Q20: 4.32
... A32: 20/11/2023 24:00 | B32: 4.73 | C32: 20.56 | D32: 15.89 | E32: 8.35 | F32: 4 | G32: 62.18 | H32: 20.6 | I32: 4.41 | J32: 0.12 | K32: 240.65 | L32: 20.84 | M32: 83.21 | N32: 0 | O32: 0 | P32: 0.5 | Q32: 4.19
A34: Min | B34: =MIN(B9:B32) -> 2.28 | C34: =MIN(C9:C32) -> 15.27 | D34: =MIN(D9:D32) -> 11.59 | E34: =MIN(E9:E32) -> 6.29 | F34: =MIN(F9:F32) -> 2.64 | G34: =MIN(G9:G32) -> 37.1 | H34: =MIN(H9:H32) -> 14.9 | I34: =MIN(I9:I32) -> 2.37 | ... Q34: =MIN(Q9:Q32) -> 4.09
A35: Max | B35: =MAX(B9:B32) -> 16.94 | C35: =MAX(C9:C32) -> 26.58 | D35: =MAX(D9:D32) -> 27.27 | E35: =MAX(E9:E32) -> 14.5 | F35: =MAX(F9:F32) -> 23.72 | G35: =MAX(G9:G32) -> 77.86 | H35: =MAX(H9:H32) -> 32.28 | I35: =MAX(I9:I32) -> 7.39 | ... Q35: =MAX(Q9:Q32) -> 4.69
A36: Avg | B36: =AVERAGE(B9:B32) -> 8.6291667 | C36: =AVERAGE(C9:C32) -> 22.033333 | D36: =AVERAGE(D9:D32) -> 19.535833 | E36: =AVERAGE(E9:E32) -> 9.0520833 | F36: =AVERAGE(F9:F32) -> 6.7758333 | G36: =AVERAGE(G9:G32) -> 56.859167 | H36: =AVERAGE(H9:H32) -> 21.703333 | I36: =AVERAGE(I9:I32) -> 4.795 | ... Q36: =AVERAGE(Q9:Q32) -> 4.3695833
A37: Stdev | B37: =STDEV(B9:B32) -> 4.8628163 | C37: =STDEV(C9:C32) -> 3.4667761 | D37: =STDEV(D9:D32) -> 5.3255005 | E37: =STDEV(E9:E32) -> 2.217123 | F37: =STDEV(F9:F32) -> 7.4375065 | G37: =STDEV(G9:G32) -> 13.00314 | H37: =STDEV(H9:H32) -> 3.791802 | I37: =STDEV(I9:I32) -> 1.4838727 | ... Q37: =STDEV(Q9:Q32) -> 0.20022768
A38: Num | B38: =COUNT(B9:B32) -> 24 | C38: =COUNT(C9:C32) -> 24 | D38: =COUNT(D9:D32) -> 24 | E38: =COUNT(E9:E32) -> 24 | F38: =COUNT(F9:F32) -> 24 | G38: =COUNT(G9:G32) -> 24 | H38: =COUNT(H9:H32) -> 24 | I38: =COUNT(I9:I32) -> 24 | ... Q38: =COUNT(Q9:Q32) -> 24
A39: DCR | B39: =IF(B38>=22,">90%",IF(B38<=22,"<90%")) -> >90% | C39: =IF(C38>=22,">90%",IF(C38<=22,"<90%")) -> >90% | D39: =IF(D38>=22,">90%",IF(D38<=22,"<90%")) -> >90% | E39: =IF(E38>=22,">90%",IF(E38<=22,"<90%")) -> >90% | F39: =IF(F38>=22,">90%",IF(F38<=22,"<90%")) -> >90% | G39: =IF(G38>=22,">90%",IF(G38<=22,"<90%")) -> >90% | H39: =IF(H38>=22,">90%",IF(H38<=22,"<90%")) -> >90% | I39: =IF(I38>=22,">90%",IF(I38<=22,"<90%")) -> >90% | ... Q39: =IF(Q38>=22,">90%",IF(Q38<=22,"<90%")) -> >90%
A40: Status | B40: =IF(B38>=22,"OK",IF(B38<=22,"LESS")) -> OK | C40: =IF(C38>=22,"OK",IF(C38<=22,"LESS")) -> OK | D40: =IF(D38>=22,"OK",IF(D38<=22,"LESS")) -> OK | E40: =IF(E38>=22,"OK",IF(E38<=22,"LESS")) -> OK | F40: =IF(F38>=22,"OK",IF(F38<=22,"LESS")) -> OK | G40: =IF(G38>=22,"OK",IF(G38<=22,"LESS")) -> OK | H40: =IF(H38>=22,"OK",IF(H38<=22,"LESS")) -> OK | I40: =IF(I38>=22,"OK",IF(I38<=22,"LESS")) -> OK | ... Q40: =IF(Q38>=22,"OK",IF(Q38<=22,"LESS")) -> OK
A43: Done by | B43: AKASH
A45: Comment

Sheet 21
A1: Station: | B1: IGKV ,RAIPUR
A2: Date: | B2: =$A$9 -> 21/11/2023 01:00 | D2: Power Off | G2: Pw.Off | L2: Link Fail | N2: Link F | P2: Maintenance | R2: Maint.
A3: Report Type: | B3: Mean | D3: Calibration | G3: Calib. | L3: Data Fail | N3: Data F | P3: Invalid | R3: Invalid
A4: Time Base: | B4: 01 Hour | D4: Zero Referrence | G4: Z.Ref | L4: Warm Up | N4: Wm. Up
A7: Date & Time | B7: NO | C7: NO2 | D7: NOX | E7: SO2 | F7: O3 | G7: PM 10 | H7: PM 2.5 | I7: BENZ | J7: WS | K7: WD | L7: TEMP | M7: HUM | N7: SR | O7: RG | P7: CO | Q7: NH3
B8: ug/m3 | C8: ug/m3 | D8: ppb | E8: ug/m3 | F8: ug/m3 | G8: ug/m3 | H8: ug/m3 | I8: ug/m3 | J8: m/sec | K8: deg | L8: degreC | M8: % | N8: w/m2 | O8: mm | P8: mg/m3 | Q8: ug/m3
A9: 21/11/2023 01:00 | B9: 4.5 | C9: 19.93 | D9: 15.33 | E9: 8.44 | F9: 3.76 | G9: 59.55 | H9: 19.15 | I9: 4.27 | J9: 0.1 | K9: 222.47 | L9: 20.14 | M9: 85.13 | N9: 0 | O9: 0 | P9: 0.48 | Q9: 4.2
A10: 21/11/2023 02:00 | B10: 5.49 | C10: 18.92 | D10: 14.93 | E10: 8.13 | F10: 3.49 | G10: 50 | H10: 19.15 | I10: 4.07 | J10: 0.11 | K10: 248.35 | L10: 19.53 | M10: 88.75 | N10: 0 | O10: 0 | P10: 0.46 | Q10: 4.22
A11: 21/11/2023 03:00 | B11: 7.94 | C11: 19.89 | D11: 18.11 | E11: 7.46 | F11: 2.72 | G11: 50.16 | H11: 17.65 | I11: 4.09 | J11: 0.11 | K11: 252.42 | L11: 19.4 | M11: 91.64 | N11: 0 | O11: 0 | P11: 0.45 | Q11: 4.27
A12: 21/11/2023 04:00 | B12: 8.95 | C12: 20.74 | D12: 19.36 | E12: 7.44 | F12: 2.81 | G12: 50.9 | H12: 16.53 | I12: 4.3 | J12: 0.45 | K12: 56.27 | L12: 19.2 | M12: 89.42 | N12: 0 | O12: 0 | P12: 0.47 | Q12: 4.34
A13: 21/11/2023 05:00 | B13: 10.29 | C13: 21.02 | D13: 20.35 | E13: 7.72 | F13: 2.88 | G13: 51.34 | H13: 19.44 | I13: 4.36 | J13: 0.14 | K13: 321.61 | L13: 18.93 | M13: 91.78 | N13: 0 | O13: 0 | P13: 0.47 | Q13: 4.41
A14: 21/11/2023 06:00 | B14: 12.13 | C14: 22.01 | D14: 22.58 | E14: 7.77 | F14: 2.61 | G14: 51.34 | H14: 19.44 | I14: 4.54 | J14: 0.22 | K14: 169.63 | L14: 18.67 | M14: 90.07 | N14: 0 | O14: 0 | P14: 0.5 | Q14: 4.47
A15: 21/11/2023 07:00 | B15: 14.65 | C15: 25.72 | D15: 26.54 | E15: 8.41 | F15: 2.76 | G15: 52.67 | H15: 21.31 | I15: 4.82 | J15: 0.33 | K15: 56.39 | L15: 19.18 | M15: 88.89 | N15: 18.8 | O15: 0 | P15: 0.6 | Q15: 4.59
A16: 21/11/2023 08:00 | B16: 15.13 | C16: 27.4 | D16: 27.58 | E16: 8.96 | F16: 2.72 | G16: 57.94 | H16: 23 | I16: 5.44 | J16: 0.53 | K16: 56.67 | L16: 21.36 | M16: 85.41 | N16: 169.5 | O16: 0 | P16: 0.68 | Q16: 4.66
A17: 21/11/2023 09:00 | B17: 14.89 | C17: 28.29 | D17: 27.77 | E17: 9.08 | F17: 3.17 | G17: 69.84 | H17: 24.96 | I17: 6.1 | J17: 0.57 | K17: 63.42 | L17: 24.93 | M17: 75.22 | N17: 321.9 | O17: 0 | P17: 0.71 | Q17: 4.62
A18: 21/11/2023 10:00 | B18: 10.16 | C18: 27.99 | D18: 24.13 | E18: 9.09 | F18: 3.57 | G18: 69.84 | H18: 24.99 | I18: 6.24 | J18: 0.68 | K18: 64.3 | L18: 26.81 | M18: 62.86 | N18: 442.7 | O18: 0 | P18: 0.73 | Q18: 4.48
A19: 21/11/2023 11:00 | B19: 7.12 | C19: 27.66 | D19: 21.52 | E19: 10.22 | F19: 4.24 | G19: 66.23 | H19: 24.99 | I19: 6.1 | J19: 0.55 | K19: 107.68 | L19: 28.69 | M19: 55.82 | N19: 520.8 | O19: 0 | P19: 0.73 | Q19: 4.33
A20: 21/11/2023 12:00 | B20: 5.38 | C20: 25.25 | D20: 18.86 | E20: 10.29 | F20: 5.23 | G20: 65.65 | H20: 24.48 | I20: 5.83 | J20: 0.33 | K20: 138.88 | L20: 29.92 | M20: 45.28 | N20: 597.4 | O20: 0 | P20: 0.69 | Q20: 4.26
... A32: 21/11/2023 24:00 | B32: 19.49 | C32: 27.08 | D32: 31.01 | E32: 6.91 | F32: 2.75 | G32: 123.45 | H32: 38.43 | I32: 8.92 | J32: 0.14 | K32: 203.69 | L32: 20.26 | M32: 89.7 | N32: 0 | O32: 0 | P32: 1.01 | Q32: 4.79
A34: Min | B34: =MIN(B9:B32) -> 4.5 | C34: =MIN(C9:C32) -> 18.92 | D34: =MIN(D9:D32) -> 14.93 | E34: =MIN(E9:E32) -> 6.91 | F34: =MIN(F9:F32) -> 2.61 | G34: =MIN(G9:G32) -> 50 | H34: =MIN(H9:H32) -> 16.53 | I34: =MIN(I9:I32) -> 4.07 | ... Q34: =MIN(Q9:Q32) -> 4.16
A35: Max | B35: =MAX(B9:B32) -> 23.05 | C35: =MAX(C9:C32) -> 37.4 | D35: =MAX(D9:D32) -> 39.12 | E35: =MAX(E9:E32) -> 10.73 | F35: =MAX(F9:F32) -> 7.49 | G35: =MAX(G9:G32) -> 146.04 | H35: =MAX(H9:H32) -> 39.82 | I35: =MAX(I9:I32) -> 9.12 | ... Q35: =MAX(Q9:Q32) -> 4.97
A36: Avg | B36: =AVERAGE(B9:B32) -> 10.72625 | C36: =AVERAGE(C9:C32) -> 25.420833 | D36: =AVERAGE(D9:D32) -> 23.11125 | E36: =AVERAGE(E9:E32) -> 8.77125 | F36: =AVERAGE(F9:F32) -> 3.7004167 | G36: =AVERAGE(G9:G32) -> 75.49 | H36: =AVERAGE(H9:H32) -> 25.17375 | I36: =AVERAGE(I9:I32) -> 5.7954167 | ... Q36: =AVERAGE(Q9:Q32) -> 4.4408333
A37: Stdev | B37: =STDEV(B9:B32) -> 6.0976516 | C37: =STDEV(C9:C32) -> 5.5002711 | D37: =STDEV(D9:D32) -> 7.2117539 | E37: =STDEV(E9:E32) -> 1.0951447 | F37: =STDEV(F9:F32) -> 1.2613467 | G37: =STDEV(G9:G32) -> 32.845891 | H37: =STDEV(H9:H32) -> 6.8799291 | I37: =STDEV(I9:I32) -> 1.6358377 | ... Q37: =STDEV(Q9:Q32) -> 0.26100003
A38: Num | B38: =COUNT(B9:B32) -> 24 | C38: =COUNT(C9:C32) -> 24 | D38: =COUNT(D9:D32) -> 24 | E38: =COUNT(E9:E32) -> 24 | F38: =COUNT(F9:F32) -> 24 | G38: =COUNT(G9:G32) -> 24 | H38: =COUNT(H9:H32) -> 24 | I38: =COUNT(I9:I32) -> 24 | ... Q38: =COUNT(Q9:Q32) -> 24
A39: DCR | B39: =IF(B38>=22,">90%",IF(B38<=22,"<90%")) -> >90% | C39: =IF(C38>=22,">90%",IF(C38<=22,"<90%")) -> >90% | D39: =IF(D38>=22,">90%",IF(D38<=22,"<90%")) -> >90% | E39: =IF(E38>=22,">90%",IF(E38<=22,"<90%")) -> >90% | F39: =IF(F38>=22,">90%",IF(F38<=22,"<90%")) -> >90% | G39: =IF(G38>=22,">90%",IF(G38<=22,"<90%")) -> >90% | H39: =IF(H38>=22,">90%",IF(H38<=22,"<90%")) -> >90% | I39: =IF(I38>=22,">90%",IF(I38<=22,"<90%")) -> >90% | ... Q39: =IF(Q38>=22,">90%",IF(Q38<=22,"<90%")) -> >90%
A40: Status | B40: =IF(B38>=22,"OK",IF(B38<=22,"LESS")) -> OK | C40: =IF(C38>=22,"OK",IF(C38<=22,"LESS")) -> OK | D40: =IF(D38>=22,"OK",IF(D38<=22,"LESS")) -> OK | E40: =IF(E38>=22,"OK",IF(E38<=22,"LESS")) -> OK | F40: =IF(F38>=22,"OK",IF(F38<=22,"LESS")) -> OK | G40: =IF(G38>=22,"OK",IF(G38<=22,"LESS")) -> OK | H40: =IF(H38>=22,"OK",IF(H38<=22,"LESS")) -> OK | I40: =IF(I38>=22,"OK",IF(I38<=22,"LESS")) -> OK | ... Q40: =IF(Q38>=22,"OK",IF(Q38<=22,"LESS")) -> OK
A43: Done by | B43: AKASH
A45: Comment

Sheet 22
A1: Station: | B1: IGKV ,RAIPUR
A2: Date: | B2: =$A$9 -> 22/11/2023 01:00 | D2: Power Off | G2: Pw.Off | L2: Link Fail | N2: Link F | P2: Maintenance | R2: Maint.
A3: Report Type: | B3: Mean | D3: Calibration | G3: Calib. | L3: Data Fail | N3: Data F | P3: Invalid | R3: Invalid
A4: Time Base: | B4: 01 Hour | D4: Zero Referrence | G4: Z.Ref | L4: Warm Up | N4: Wm. Up
A7: Date & Time | B7: NO | C7: NO2 | D7: NOX | E7: SO2 | F7: O3 | G7: PM 10 | H7: PM 2.5 | I7: BENZ | J7: WS | K7: WD | L7: TEMP | M7: HUM | N7: SR | O7: RG | P7: CO | Q7: NH3
B8: ug/m3 | C8: ug/m3 | D8: ppb | E8: ug/m3 | F8: ug/m3 | G8: ug/m3 | H8: ug/m3 | I8: ug/m3 | J8: m/sec | K8: deg | L8: degreC | M8: % | N8: w/m2 | O8: mm | P8: mg/m3 | Q8: ug/m3
A9: 22/11/2023 01:00 | B9: 24.06 | C9: 26.2 | D9: 34.24 | E9: 6.91 | F9: 2.75 | G9: 99.13 | H9: 37.33 | I9: 8.79 | J9: 0.1 | K9: 211.56 | L9: 19.72 | M9: 89.33 | N9: 0 | O9: 0 | P9: 0.97 | Q9: 4.9
A10: 22/11/2023 02:00 | B10: 28.63 | C10: 28.1 | D10: 38.84 | E10: 7.37 | F10: 2.72 | G10: 89.9 | H10: 35.99 | I10: 8.54 | J10: 0.21 | K10: 260.64 | L10: 19.79 | M10: 87.26 | N10: 0 | O10: 0 | P10: 0.96 | Q10: 5.1
A11: 22/11/2023 03:00 | B11: 27.23 | C11: 30.14 | D11: 38.79 | E11: 9.12 | F11: 2.66 | G11: 87.33 | H11: 35.82 | I11: 8.29 | J11: 0.3 | K11: 271.51 | L11: 19.41 | M11: 88.11 | N11: 0 | O11: 0 | P11: 0.91 | Q11: 5.06
A12: 22/11/2023 04:00 | B12: 25.34 | C12: 30.56 | D12: 37.51 | E12: 9.92 | F12: 2.67 | G12: 86.18 | H12: 35.32 | I12: 8.31 | J12: 0.19 | K12: 188.11 | L12: 19.26 | M12: 87 | N12: 0 | O12: 0 | P12: 0.97 | Q12: 5.01
A13: 22/11/2023 05:00 | B13: 22.79 | C13: 29.61 | D13: 35.1 | E13: 10.26 | F13: 2.66 | G13: 118.58 | H13: 42.88 | I13: 9.13 | J13: 0.13 | K13: 225.63 | L13: 18.57 | M13: 93.5 | N13: 0 | O13: 0 | P13: 1.01 | Q13: 4.95
A14: 22/11/2023 06:00 | B14: 25.61 | C14: 29.2 | D14: 36.91 | E14: 10.19 | F14: 2.63 | G14: 118.58 | H14: 42.88 | I14: 9.44 | J14: 0.23 | K14: 346.4 | L14: 18.3 | M14: 94.64 | N14: 0 | O14: 0 | P14: 1.01 | Q14: 4.98
A15: 22/11/2023 07:00 | B15: 35.8 | C15: 29.31 | D15: 45.25 | E15: 10.54 | F15: 2.62 | G15: 111.58 | H15: 43.46 | I15: 9.67 | J15: 0.17 | K15: 162.37 | L15: 18.77 | M15: 92.44 | N15: 20 | O15: 0 | P15: 1.04 | Q15: 5.27
A16: 22/11/2023 08:00 | B16: 38.96 | C16: 29.23 | D16: 47.49 | E16: 9.4 | F16: 2.82 | G16: 107.26 | H16: 46.09 | I16: 10.21 | J16: 0.56 | K16: 51.29 | L16: 20.97 | M16: 84.96 | N16: 158.2 | O16: 0 | P16: 1.04 | Q16: 5.4
A17: 22/11/2023 09:00 | B17: 37.25 | C17: 28.39 | D17: 46.06 | E17: 8.96 | F17: 2.96 | G17: 107.26 | H17: 46.09 | I17: 10.28 | J17: 0.61 | K17: 48.62 | L17: 23.84 | M17: 75.21 | N17: 277.8 | O17: 0 | P17: 1.03 | Q17: 5.34
A18: 22/11/2023 10:00 | B18: 33.22 | C18: 29.05 | D18: 42.51 | E18: 8.98 | F18: 3.11 | G18: 103.6 | H18: 42.59 | I18: 10.01 | J18: 0.79 | K18: 46.55 | L18: 25.87 | M18: 63.22 | N18: 411.4 | O18: 0 | P18: 1 | Q18: 5.2
A19: 22/11/2023 11:00 | B19: 28.86 | C19: 28.12 | D19: 39.19 | E19: 8.21 | F19: 3.54 | G19: 102.37 | H19: 42.04 | I19: 9.56 | J19: 0.71 | K19: 70.48 | L19: 28.28 | M19: 55.1 | N19: 476.8 | O19: 0 | P19: 0.99 | Q19: 5.08
A20: 22/11/2023 12:00 | B20: 22.8 | C20: 30.65 | D20: 34.25 | E20: 10.53 | F20: 6.15 | G20: 102.37 | H20: 41.62 | I20: 8.98 | J20: 0.49 | K20: 98.78 | L20: 29.06 | M20: 48.19 | N20: 524.7 | O20: 0 | P20: 0.93 | Q20: 4.88
... A32: 22/11/2023 24:00 | B32: 6.72 | C32: 26.39 | D32: 20.53 | E32: 8.49 | F32: 3.32 | G32: 100.87 | H32: 40.41 | I32: 6.43 | J32: 0.13 | K32: 213.58 | L32: 20.3 | M32: 82.12 | N32: 0 | O32: 0 | P32: 0.84 | Q32: 4.3
A34: Min | B34: =MIN(B9:B32) -> 4.26 | C34: =MIN(C9:C32) -> 26.2 | D34: =MIN(D9:D32) -> 18.91 | E34: =MIN(E9:E32) -> 6.38 | F34: =MIN(F9:F32) -> 2.62 | G34: =MIN(G9:G32) -> 75.95 | H34: =MIN(H9:H32) -> 33.48 | I34: =MIN(I9:I32) -> 4.91 | ... Q34: =MIN(Q9:Q32) -> 4.23
A35: Max | B35: =MAX(B9:B32) -> 38.96 | C35: =MAX(C9:C32) -> 31.2 | D35: =MAX(D9:D32) -> 47.49 | E35: =MAX(E9:E32) -> 10.54 | F35: =MAX(F9:F32) -> 6.17 | G35: =MAX(G9:G32) -> 118.58 | H35: =MAX(H9:H32) -> 46.09 | I35: =MAX(I9:I32) -> 10.28 | ... Q35: =MAX(Q9:Q32) -> 5.4
A36: Avg | B36: =AVERAGE(B9:B32) -> 18.479167 | C36: =AVERAGE(C9:C32) -> 28.312083 | D36: =AVERAGE(D9:D32) -> 30.766667 | E36: =AVERAGE(E9:E32) -> 8.6245833 | F36: =AVERAGE(F9:F32) -> 3.6633333 | G36: =AVERAGE(G9:G32) -> 101.17208 | H36: =AVERAGE(H9:H32) -> 39.49875 | I36: =AVERAGE(I9:I32) -> 7.7220833 | ... Q36: =AVERAGE(Q9:Q32) -> 4.7179167
A37: Stdev | B37: =STDEV(B9:B32) -> 11.828063 | C37: =STDEV(C9:C32) -> 1.4449913 | D37: =STDEV(D9:D32) -> 9.7926488 | E37: =STDEV(E9:E32) -> 1.1394811 | F37: =STDEV(F9:F32) -> 1.3252913 | G37: =STDEV(G9:G32) -> 13.532298 | H37: =STDEV(H9:H32) -> 3.761227 | I37: =STDEV(I9:I32) -> 1.7451647 | ... Q37: =STDEV(Q9:Q32) -> 0.41037606
A38: Num | B38: =COUNT(B9:B32) -> 24 | C38: =COUNT(C9:C32) -> 24 | D38: =COUNT(D9:D32) -> 24 | E38: =COUNT(E9:E32) -> 24 | F38: =COUNT(F9:F32) -> 24 | G38: =COUNT(G9:G32) -> 24 | H38: =COUNT(H9:H32) -> 24 | I38: =COUNT(I9:I32) -> 24 | ... Q38: =COUNT(Q9:Q32) -> 24
A39: DCR | B39: =IF(B38>=22,">90%",IF(B38<=22,"<90%")) -> >90% | C39: =IF(C38>=22,">90%",IF(C38<=22,"<90%")) -> >90% | D39: =IF(D38>=22,">90%",IF(D38<=22,"<90%")) -> >90% | E39: =IF(E38>=22,">90%",IF(E38<=22,"<90%")) -> >90% | F39: =IF(F38>=22,">90%",IF(F38<=22,"<90%")) -> >90% | G39: =IF(G38>=22,">90%",IF(G38<=22,"<90%")) -> >90% | H39: =IF(H38>=22,">90%",IF(H38<=22,"<90%")) -> >90% | I39: =IF(I38>=22,">90%",IF(I38<=22,"<90%")) -> >90% | ... Q39: =IF(Q38>=22,">90%",IF(Q38<=22,"<90%")) -> >90%
A40: Status | B40: =IF(B38>=22,"OK",IF(B38<=22,"LESS")) -> OK | C40: =IF(C38>=22,"OK",IF(C38<=22,"LESS")) -> OK | D40: =IF(D38>=22,"OK",IF(D38<=22,"LESS")) -> OK | E40: =IF(E38>=22,"OK",IF(E38<=22,"LESS")) -> OK | F40: =IF(F38>=22,"OK",IF(F38<=22,"LESS")) -> OK | G40: =IF(G38>=22,"OK",IF(G38<=22,"LESS")) -> OK | H40: =IF(H38>=22,"OK",IF(H38<=22,"LESS")) -> OK | I40: =IF(I38>=22,"OK",IF(I38<=22,"LESS")) -> OK | ... Q40: =IF(Q38>=22,"OK",IF(Q38<=22,"LESS")) -> OK
A43: Done by | B43: AKASH
A45: Comment

Sheet 23
A1: Station: | B1: IGKV ,RAIPUR
A2: Date: | B2: =$A$9 -> 23/11/2023 01:00 | D2: Power Off | G2: Pw.Off | L2: Link Fail | N2: Link F | P2: Maintenance | R2: Maint.
A3: Report Type: | B3: Mean | D3: Calibration | G3: Calib. | L3: Data Fail | N3: Data F | P3: Invalid | R3: Invalid
A4: Time Base: | B4: 01 Hour | D4: Zero Referrence | G4: Z.Ref | L4: Warm Up | N4: Wm. Up
A7: Date & Time | B7: NO | C7: NO2 | D7: NOX | E7: SO2 | F7: O3 | G7: PM 10 | H7: PM 2.5 | I7: BENZ | J7: WS | K7: WD | L7: TEMP | M7: HUM | N7: SR | O7: RG | P7: CO | Q7: NH3
B8: ug/m3 | C8: ug/m3 | D8: ppb | E8: ug/m3 | F8: ug/m3 | G8: ug/m3 | H8: ug/m3 | I8: ug/m3 | J8: m/sec | K8: deg | L8: degreC | M8: % | N8: w/m2 | O8: mm | P8: mg/m3 | Q8: ug/m3
A9: 23/11/2023 01:00 | B9: 6.33 | C9: 25.66 | D9: 19.83 | E9: 8.61 | F9: 3.39 | G9: 95.36 | H9: 39.33 | I9: 6.28 | J9: 0.09 | K9: 231.77 | L9: 19.65 | M9: 84.97 | N9: 0 | O9: 0 | P9: 0.78 | Q9: 4.29
A10: 23/11/2023 02:00 | B10: 9.81 | C10: 28.91 | D10: 24.33 | E10: 8.6 | F10: 2.66 | G10: 84.25 | H10: 38.31 | I10: 6.06 | J10: 0.29 | K10: 64.14 | L10: 19.56 | M10: 81.84 | N10: 0 | O10: 0 | P10: 0.77 | Q10: 4.45
A11: 23/11/2023 03:00 | B11: 9.74 | C11: 28.68 | D11: 24.08 | E11: 7.19 | F11: 3.04 | G11: 81.9 | H11: 37.08 | I11: 6.38 | J11: 0.29 | K11: 57.89 | L11: 19.3 | M11: 84.71 | N11: 0 | O11: 0 | P11: 0.76 | Q11: 4.44
A12: 23/11/2023 04:00 | B12: 10.89 | C12: 25.99 | D12: 23.66 | E12: 6.12 | F12: 3.06 | G12: 87.87 | H12: 37.21 | I12: 6.53 | J12: 0.28 | K12: 52.26 | L12: 18.85 | M12: 85.53 | N12: 0 | O12: 0 | P12: 0.72 | Q12: 4.43
A13: 23/11/2023 05:00 | B13: 12.31 | C13: 26.49 | D13: 24.89 | E13: 5.74 | F13: 2.71 | G13: 87.87 | H13: 37.21 | I13: 6.43 | J13: 0.12 | K13: 93.15 | L13: 18.52 | M13: 83.1 | N13: 0 | O13: 0 | P13: 0.7 | Q13: 4.49
A14: 23/11/2023 06:00 | B14: 13.95 | C14: 27.06 | D14: 26.67 | E14: 5.85 | F14: 2.62 | G14: 87.1 | H14: 37.79 | I14: 6.36 | J14: 0.2 | K14: 56.87 | L14: 18.44 | M14: 83.87 | N14: 0 | O14: 0 | P14: 0.7 | Q14: 4.54
A15: 23/11/2023 07:00 | B15: 14.89 | C15: 27.49 | D15: 27.65 | E15: 6.18 | F15: 2.68 | G15: 87.1 | H15: 39.18 | I15: 6.19 | J15: 0.35 | K15: 163.93 | L15: 18.68 | M15: 85.06 | N15: 19.1 | O15: 0 | P15: 0.7 | Q15: 4.6
A16: 23/11/2023 08:00 | B16: 14.9 | C16: 28.05 | D16: 27.92 | E16: 6.47 | F16: 2.84 | G16: 86.01 | H16: 40.56 | I16: 6.33 | J16: 0.41 | K16: 56.54 | L16: 20.43 | M16: 84.47 | N16: 130.5 | O16: 0 | P16: 0.78 | Q16: 4.6
A17: 23/11/2023 09:00 | B17: 13.7 | C17: 31.17 | D17: 27.47 | E17: 7.31 | F17: 3.21 | G17: 91.72 | H17: 42.71 | I17: 7.07 | J17: 0.42 | K17: 92.8 | L17: 23.45 | M17: 74.67 | N17: 246.5 | O17: 0 | P17: 0.84 | Q17: 4.57
A18: 23/11/2023 10:00 | B18: 10.41 | C18: 31.58 | D18: 25.94 | E18: 7.63 | F18: 3.69 | G18: 107.51 | H18: 44.2 | I18: 8.13 | J18: 0.44 | K18: 65.1 | L18: 26.16 | M18: 63.46 | N18: 376 | O18: 0 | P18: 0.87 | Q18: 4.5
A19: 23/11/2023 11:00 | B19: 6.42 | C19: 31.18 | D19: 22.79 | E19: 11.56 | F19: 5.75 | G19: 107.51 | H19: 44.2 | I19: 8 | J19: 0.49 | K19: 99.03 | L19: 28.33 | M19: 51.23 | N19: 427.6 | O19: 0 | P19: 0.87 | Q19: 4.37
A20: 23/11/2023 12:00 | B20: 3.96 | C20: 27.78 | D20: 19.04 | E20: 11.69 | F20: 6.8 | G20: 96.48 | H20: 42.85 | I20: 7.21 | J20: 0.51 | K20: 269.66 | L20: 29.2 | M20: 45.55 | N20: 476.9 | O20: 0 | P20: 0.81 | Q20: 4.25
... A32: 23/11/2023 24:00 | B32: 9.52 | C32: 26.9 | D32: 23.04 | E32: 8.71 | F32: 2.89 | G32: 161.72 | H32: 67.59 | I32: 9.64 | J32: 0.16 | K32: 231.76 | L32: 20 | M32: 83.99 | N32: 0 | O32: 0 | P32: 1.02 | Q32: 4.41
A34: Min | B34: =MIN(B9:B32) -> 3.96 | C34: =MIN(C9:C32) -> 19.04 | D34: =MIN(D9:D32) -> 14.82 | E34: =MIN(E9:E32) -> 5.74 | F34: =MIN(F9:F32) -> 2.62 | G34: =MIN(G9:G32) -> 64.2 | H34: =MIN(H9:H32) -> 34.76 | I34: =MIN(I9:I32) -> 5.21 | ... Q34: =MIN(Q9:Q32) -> 4.15
A35: Max | B35: =MAX(B9:B32) -> 14.9 | C35: =MAX(C9:C32) -> 37.85 | D35: =MAX(D9:D32) -> 31.14 | E35: =MAX(E9:E32) -> 12.09 | F35: =MAX(F9:F32) -> 8 | G35: =MAX(G9:G32) -> 178.04 | H35: =MAX(H9:H32) -> 67.59 | I35: =MAX(I9:I32) -> 9.67 | ... Q35: =MAX(Q9:Q32) -> 4.61
A36: Avg | B36: =AVERAGE(B9:B32) -> 9.1295833 | C36: =AVERAGE(C9:C32) -> 28.2975 | D36: =AVERAGE(D9:D32) -> 23.36875 | E36: =AVERAGE(E9:E32) -> 9.0791667 | F36: =AVERAGE(F9:F32) -> 3.8604167 | G36: =AVERAGE(G9:G32) -> 105.76958 | H36: =AVERAGE(H9:H32) -> 44.16625 | I36: =AVERAGE(I9:I32) -> 6.9 | ... Q36: =AVERAGE(Q9:Q32) -> 4.4041667
A37: Stdev | B37: =STDEV(B9:B32) -> 3.7458353 | C37: =STDEV(C9:C32) -> 5.3479214 | D37: =STDEV(D9:D32) -> 5.1017391 | E37: =STDEV(E9:E32) -> 2.1193188 | F37: =STDEV(F9:F32) -> 1.5895022 | G37: =STDEV(G9:G32) -> 36.007915 | H37: =STDEV(H9:H32) -> 10.323965 | I37: =STDEV(I9:I32) -> 1.3094174 | ... Q37: =STDEV(Q9:Q32) -> 0.16274591
A38: Num | B38: =COUNT(B9:B32) -> 24 | C38: =COUNT(C9:C32) -> 24 | D38: =COUNT(D9:D32) -> 24 | E38: =COUNT(E9:E32) -> 24 | F38: =COUNT(F9:F32) -> 24 | G38: =COUNT(G9:G32) -> 24 | H38: =COUNT(H9:H32) -> 24 | I38: =COUNT(I9:I32) -> 24 | ... Q38: =COUNT(Q9:Q32) -> 24
A39: DCR | B39: =IF(B38>=22,">90%",IF(B38<=22,"<90%")) -> >90% | C39: =IF(C38>=22,">90%",IF(C38<=22,"<90%")) -> >90% | D39: =IF(D38>=22,">90%",IF(D38<=22,"<90%")) -> >90% | E39: =IF(E38>=22,">90%",IF(E38<=22,"<90%")) -> >90% | F39: =IF(F38>=22,">90%",IF(F38<=22,"<90%")) -> >90% | G39: =IF(G38>=22,">90%",IF(G38<=22,"<90%")) -> >90% | H39: =IF(H38>=22,">90%",IF(H38<=22,"<90%")) -> >90% | I39: =IF(I38>=22,">90%",IF(I38<=22,"<90%")) -> >90% | ... Q39: =IF(Q38>=22,">90%",IF(Q38<=22,"<90%")) -> >90%
A40: Status | B40: =IF(B38>=22,"OK",IF(B38<=22,"LESS")) -> OK | C40: =IF(C38>=22,"OK",IF(C38<=22,"LESS")) -> OK | D40: =IF(D38>=22,"OK",IF(D38<=22,"LESS")) -> OK | E40: =IF(E38>=22,"OK",IF(E38<=22,"LESS")) -> OK | F40: =IF(F38>=22,"OK",IF(F38<=22,"LESS")) -> OK | G40: =IF(G38>=22,"OK",IF(G38<=22,"LESS")) -> OK | H40: =IF(H38>=22,"OK",IF(H38<=22,"LESS")) -> OK | I40: =IF(I38>=22,"OK",IF(I38<=22,"LESS")) -> OK | ... Q40: =IF(Q38>=22,"OK",IF(Q38<=22,"LESS")) -> OK
A43: Done by | B43: AKASH
A45: Comment

Sheet 24
A1: Station: | B1: IGKV ,RAIPUR
A2: Date: | B2: =$A$9 -> 24/11/2023 01:00 | D2: Power Off | G2: Pw.Off | L2: Link Fail | N2: Link F | P2: Maintenance | R2: Maint.
A3: Report Type: | B3: Mean | D3: Calibration | G3: Calib. | L3: Data Fail | N3: Data F | P3: Invalid | R3: Invalid
A4: Time Base: | B4: 01 Hour | D4: Zero Referrence | G4: Z.Ref | L4: Warm Up | N4: Wm. Up
A7: Date & Time | B7: NO | C7: NO2 | D7: NOX | E7: SO2 | F7: O3 | G7: PM 10 | H7: PM 2.5 | I7: BENZ | J7: WS | K7: WD | L7: TEMP | M7: HUM | N7: SR | O7: RG | P7: CO | Q7: NH3
B8: ug/m3 | C8: ug/m3 | D8: ppb | E8: ug/m3 | F8: ug/m3 | G8: ug/m3 | H8: ug/m3 | I8: ug/m3 | J8: m/sec | K8: deg | L8: degreC | M8: % | N8: w/m2 | O8: mm | P8: mg/m3 | Q8: ug/m3
A9: 24/11/2023 01:00 | B9: 9.29 | C9: 25.61 | D9: 22.03 | E9: 7.82 | F9: 2.84 | G9: 133.92 | H9: 62.51 | I9: 9.2 | J9: 0.12 | K9: 232.8 | L9: 19.64 | M9: 88.53 | N9: 0 | O9: 0 | P9: 0.98 | Q9: 4.37
A10: 24/11/2023 02:00 | B10: 10.38 | C10: 25.59 | D10: 23.05 | E10: 7.85 | F10: 2.58 | G10: 105.92 | H10: 54.6 | I10: 8.64 | J10: 0.14 | K10: 287.05 | L10: 19.67 | M10: 86.51 | N10: 0 | O10: 0 | P10: 0.92 | Q10: 4.41
A11: 24/11/2023 03:00 | B11: 14.78 | C11: 27.88 | D11: 27.7 | E11: 8.35 | F11: 2.57 | G11: 107.28 | H11: 53.32 | I11: 8.27 | J11: 0.13 | K11: 253.39 | L11: 19.49 | M11: 85.81 | N11: 0 | O11: 0 | P11: 0.89 | Q11: 4.59
A12: 24/11/2023 04:00 | B12: 14.64 | C12: 28.51 | D12: 27.98 | E12: 8.98 | F12: 2.73 | G12: 107.28 | H12: 48.96 | I12: 8.01 | J12: 0.26 | K12: 235.07 | L12: 19.15 | M12: 90.31 | N12: 0 | O12: 0 | P12: 0.86 | Q12: 4.6
A13: 24/11/2023 05:00 | B13: 14.85 | C13: 29.73 | D13: 28.49 | E13: 9.14 | F13: 2.85 | G13: 96.11 | H13: 46.98 | I13: 7.42 | J13: 0.39 | K13: 52.81 | L13: 18.73 | M13: 85.36 | N13: 0 | O13: 0 | P13: 0.83 | Q13: 4.6
A14: 24/11/2023 06:00 | B14: 13.63 | C14: 30.95 | D14: 28.45 | E14: 9.37 | F14: 2.76 | G14: 91.33 | H14: 45.26 | I14: 7.24 | J14: 0.41 | K14: 48.1 | L14: 18.89 | M14: 83.33 | N14: 0 | O14: 0 | P14: 0.8 | Q14: 4.59
A15: 24/11/2023 07:00 | B15: 14.4 | C15: 31.47 | D15: 29.33 | E15: 10.17 | F15: 2.76 | G15: 98.28 | H15: 45.26 | I15: 6.82 | J15: 0.38 | K15: 46.38 | L15: 19.08 | M15: 83.61 | N15: 21.7 | O15: 0 | P15: 0.83 | Q15: 4.61
A16: 24/11/2023 08:00 | B16: 14.57 | C16: 31.72 | D16: 29.61 | E16: 10.54 | F16: 2.85 | G16: 101.89 | H16: 47.54 | I16: 7.14 | J16: 0.59 | K16: 56.33 | L16: 20.36 | M16: 81.65 | N16: 94.3 | O16: 0 | P16: 0.88 | Q16: 4.64
A17: 24/11/2023 09:00 | B17: 13.7 | C17: 31.89 | D17: 28.99 | E17: 10.24 | F17: 3.09 | G17: 105.25 | H17: 47.57 | I17: 7.35 | J17: 0.62 | K17: 51.98 | L17: 22.71 | M17: 74.93 | N17: 215 | O17: 0 | P17: 0.9 | Q17: 4.62
A18: 24/11/2023 10:00 | B18: 13.1 | C18: 27.15 | D18: 25.85 | E18: 8.34 | F18: 3.1 | G18: 107.75 | H18: 47.57 | I18: 7.38 | J18: 0.77 | K18: 48.14 | L18: 24.79 | M18: 68.8 | N18: 329.8 | O18: 0 | P18: 0.88 | Q18: 4.51
A19: 24/11/2023 11:00 | B19: 11.72 | C19: 27.5 | D19: 24.12 | E19: 6.11 | F19: 3.6 | G19: 107.75 | H19: 47.27 | I19: 7.35 | J19: 0.68 | K19: 60.98 | L19: 26.93 | M19: 60.26 | N19: 378.2 | O19: 0 | P19: 0.89 | Q19: 4.46
A20: 24/11/2023 12:00 | B20: 9.38 | C20: 25.79 | D20: 22.35 | E20: 6.91 | F20: 4.81 | G20: 100.46 | H20: 47.76 | I20: 7.23 | J20: 0.45 | K20: 68.27 | L20: 28.3 | M20: 50.88 | N20: 433.5 | O20: 0 | P20: 0.88 | Q20: 4.39
... A32: 24/11/2023 24:00 | B32: 9.9 | C32: 30.15 | D32: 25.04 | E32: 7.58 | F32: 2.81 | G32: 128.35 | H32: 59.07 | I32: 7.32 | J32: 0.13 | K32: 235.84 | L32: 21.1 | M32: 87.53 | N32: 0 | O32: 0 | P32: 1.01 | Q32: 4.45
A34: Min | B34: =MIN(B9:B32) -> 3.93 | C34: =MIN(C9:C32) -> 23.81 | D34: =MIN(D9:D32) -> 16.88 | E34: =MIN(E9:E32) -> 6.11 | F34: =MIN(F9:F32) -> 2.57 | G34: =MIN(G9:G32) -> 91.06 | H34: =MIN(H9:H32) -> 40.5 | I34: =MIN(I9:I32) -> 4.98 | ... Q34: =MIN(Q9:Q32) -> 4.17
A35: Max | B35: =MAX(B9:B32) -> 14.85 | C35: =MAX(C9:C32) -> 32.76 | D35: =MAX(D9:D32) -> 29.61 | E35: =MAX(E9:E32) -> 10.54 | F35: =MAX(F9:F32) -> 6.96 | G35: =MAX(G9:G32) -> 169.72 | H35: =MAX(H9:H32) -> 62.51 | I35: =MAX(I9:I32) -> 9.2 | ... Q35: =MAX(Q9:Q32) -> 4.64
A36: Avg | B36: =AVERAGE(B9:B32) -> 9.9629167 | C36: =AVERAGE(C9:C32) -> 28.361667 | D36: =AVERAGE(D9:D32) -> 24.005417 | E36: =AVERAGE(E9:E32) -> 8.25375 | F36: =AVERAGE(F9:F32) -> 3.7770833 | G36: =AVERAGE(G9:G32) -> 114.0925 | H36: =AVERAGE(H9:H32) -> 50.004583 | I36: =AVERAGE(I9:I32) -> 7.0675 | ... Q36: =AVERAGE(Q9:Q32) -> 4.4229167
A37: Stdev | B37: =STDEV(B9:B32) -> 3.7904577 | C37: =STDEV(C9:C32) -> 2.6026035 | D37: =STDEV(D9:D32) -> 3.8806017 | E37: =STDEV(E9:E32) -> 1.231047 | F37: =STDEV(F9:F32) -> 1.4882072 | G37: =STDEV(G9:G32) -> 24.325697 | H37: =STDEV(H9:H32) -> 6.1446109 | I37: =STDEV(I9:I32) -> 0.98361909 | ... Q37: =STDEV(Q9:Q32) -> 0.15164258
A38: Num | B38: =COUNT(B9:B32) -> 24 | C38: =COUNT(C9:C32) -> 24 | D38: =COUNT(D9:D32) -> 24 | E38: =COUNT(E9:E32) -> 24 | F38: =COUNT(F9:F32) -> 24 | G38: =COUNT(G9:G32) -> 24 | H38: =COUNT(H9:H32) -> 24 | I38: =COUNT(I9:I32) -> 24 | ... Q38: =COUNT(Q9:Q32) -> 24
A39: DCR | B39: =IF(B38>=22,">90%",IF(B38<=22,"<90%")) -> >90% | C39: =IF(C38>=22,">90%",IF(C38<=22,"<90%")) -> >90% | D39: =IF(D38>=22,">90%",IF(D38<=22,"<90%")) -> >90% | E39: =IF(E38>=22,">90%",IF(E38<=22,"<90%")) -> >90% | F39: =IF(F38>=22,">90%",IF(F38<=22,"<90%")) -> >90% | G39: =IF(G38>=22,">90%",IF(G38<=22,"<90%")) -> >90% | H39: =IF(H38>=22,">90%",IF(H38<=22,"<90%")) -> >90% | I39: =IF(I38>=22,">90%",IF(I38<=22,"<90%")) -> >90% | ... Q39: =IF(Q38>=22,">90%",IF(Q38<=22,"<90%")) -> >90%
A40: Status | B40: =IF(B38>=22,"OK",IF(B38<=22,"LESS")) -> OK | C40: =IF(C38>=22,"OK",IF(C38<=22,"LESS")) -> OK | D40: =IF(D38>=22,"OK",IF(D38<=22,"LESS")) -> OK | E40: =IF(E38>=22,"OK",IF(E38<=22,"LESS")) -> OK | F40: =IF(F38>=22,"OK",IF(F38<=22,"LESS")) -> OK | G40: =IF(G38>=22,"OK",IF(G38<=22,"LESS")) -> OK | H40: =IF(H38>=22,"OK",IF(H38<=22,"LESS")) -> OK | I40: =IF(I38>=22,"OK",IF(I38<=22,"LESS")) -> OK | ... Q40: =IF(Q38>=22,"OK",IF(Q38<=22,"LESS")) -> OK
A43: Done by | B43: AKASH
A45: Comment

Sheet 25
A1: Station: | B1: IGKV ,RAIPUR
A2: Date: | B2: =$A$9 -> 25/11/2023 01:00 | D2: Power Off | G2: Pw.Off | L2: Link Fail | N2: Link F | P2: Maintenance | R2: Maint.
A3: Report Type: | B3: Mean | D3: Calibration | G3: Calib. | L3: Data Fail | N3: Data F | P3: Invalid | R3: Invalid
A4: Time Base: | B4: 01 Hour | D4: Zero Referrence | G4: Z.Ref | L4: Warm Up | N4: Wm. Up
A7: Date & Time | B7: NO | C7: NO2 | D7: NOX | E7: SO2 | F7: O3 | G7: PM 10 | H7: PM 2.5 | I7: BENZ | J7: WS | K7: WD | L7: TEMP | M7: HUM | N7: SR | O7: RG | P7: CO | Q7: NH3
B8: ug/m3 | C8: ug/m3 | D8: ppb | E8: ug/m3 | F8: ug/m3 | G8: ug/m3 | H8: ug/m3 | I8: ug/m3 | J8: m/sec | K8: deg | L8: degreC | M8: % | N8: w/m2 | O8: mm | P8: mg/m3 | Q8: ug/m3
A9: 25/11/2023 01:00 | B9: 10.89 | C9: 31.88 | D9: 26.74 | E9: 8.12 | F9: 2.68 | G9: 111.64 | H9: 56.09 | I9: 7.14 | J9: 0.16 | K9: 230.95 | L9: 20.94 | M9: 86.24 | N9: 0 | O9: 0 | P9: 1 | Q9: 4.49
A10: 25/11/2023 02:00 | B10: 9.89 | C10: 30.26 | D10: 25.09 | E10: 7.98 | F10: 2.98 | G10: 110.2 | H10: 53.72 | I10: 7.05 | J10: 0.11 | K10: 202.01 | L10: 20.38 | M10: 83.93 | N10: 0 | O10: 0 | P10: 0.96 | Q10: 4.47
A11: 25/11/2023 03:00 | B11: 13.43 | C11: 32.86 | D11: 29.29 | E11: 8.19 | F11: 2.57 | G11: 98.24 | H11: 50.51 | I11: 6.84 | J11: 0.25 | K11: 184.45 | L11: 20.28 | M11: 85.09 | N11: 0 | O11: 0 | P11: 0.91 | Q11: 4.58
A12: 25/11/2023 04:00 | B12: 13.18 | C12: 32.25 | D12: 28.77 | E12: 8.18 | F12: 2.85 | G12: 99.63 | H12: 51.34 | I12: 7.25 | J12: 0.44 | K12: 39.37 | L12: 20.24 | M12: 84.45 | N12: 0 | O12: 0 | P12: 0.89 | Q12: 4.58
A13: 25/11/2023 05:00 | B13: 12.09 | C13: 30.54 | D13: 26.26 | E13: 7.8 | F13: 3.02 | G13: 103.77 | H13: 53.13 | I13: 7.33 | J13: 0.45 | K13: 115.3 | L13: 19.81 | M13: 84.01 | N13: 0 | O13: 0 | P13: 0.88 | Q13: 4.5
A14: 25/11/2023 06:00 | B14: 13.24 | C14: 27.45 | D14: 25.9 | E14: 6.44 | F14: 2.78 | G14: 103.77 | H14: 53.13 | I14: 7.24 | J14: 0.14 | K14: 92 | L14: 19.12 | M14: 83.47 | N14: 0 | O14: 0 | P14: 0.84 | Q14: 4.5
A15: 25/11/2023 07:00 | B15: 14.11 | C15: 27.53 | D15: 26.82 | E15: 7.01 | F15: 2.76 | G15: 101.88 | H15: 48.8 | I15: 7.19 | J15: 0.07 | K15: 229.81 | L15: 19.14 | M15: 84.92 | N15: 14.8 | O15: 0 | P15: 0.84 | Q15: 4.55
A16: 25/11/2023 08:00 | B16: 15.6 | C16: 27.94 | D16: 28.46 | E16: 6.64 | F16: 2.71 | G16: 101.88 | H16: 48.24 | I16: 7.24 | J16: 0.25 | K16: 72.95 | L16: 21.22 | M16: 77.9 | N16: 100.5 | O16: 0 | P16: 0.87 | Q16: 4.61
A17: 25/11/2023 09:00 | B17: 15.86 | C17: 28.6 | D17: 28.83 | E17: 34.31 | F17: 43.04 | G17: 100.27 | H17: 49.76 | I17: 7.5 | J17: 0.47 | K17: 73.13 | L17: 23.48 | M17: 65.9 | N17: 178.4 | O17: 0 | P17: 0.88 | Q17: 4.63
A18: 25/11/2023 10:00 | B18: 3.77 | C18: 17.98 | D18: 13.77 | E18: 63.32 | F18: 71.1 | G18: 101.96 | H18: 49.76 | I18: 6.82 | J18: 0.29 | K18: 157.2 | L18: 26.21 | M18: 59.33 | N18: 295.9 | O18: 0 | P18: 0.82 | Q18: 4.19
A19: 25/11/2023 11:00 | B19: 2.72 | C19: 14 | D19: 10.47 | E19: 41.25 | F19: 65.64 | G19: 101.96 | H19: 47.46 | I19: 7.57 | J19: 0.32 | K19: 142.54 | L19: 28.29 | M19: 70.82 | N19: 390.2 | O19: 0 | P19: 0.85 | Q19: 4.15
A20: 25/11/2023 12:00 | B20: 2.05 | C20: 12.9 | D20: 9.62 | E20: 14.71 | F20: 31.98 | G20: 96.98 | H20: 45.94 | I20: 8.19 | J20: 0.3 | K20: 168.88 | L20: 29.25 | M20: 56.76 | N20: 447.2 | O20: 0 | P20: 0.75 | Q20: 4.16
... A32: 25/11/2023 24:00 | B32: 11.88 | C32: 33.64 | D32: 28.44 | E32: 8.36 | F32: 2.68 | G32: 117.43 | H32: 47.8 | I32: 7.05 | J32: 0.22 | K32: 159.87 | L32: 20.87 | M32: 77.77 | N32: 0 | O32: 0 | P32: 0.92 | Q32: 4.58
A34: Min | B34: =MIN(B9:B32) -> 2.05 | C34: =MIN(C9:C32) -> 12.9 | D34: =MIN(D9:D32) -> 9.62 | E34: =MIN(E9:E32) -> 5.44 | F34: =MIN(F9:F32) -> 2.57 | G34: =MIN(G9:G32) -> 70.36 | H34: =MIN(H9:H32) -> 38.71 | I34: =MIN(I9:I32) -> 4.47 | ... Q34: =MIN(Q9:Q32) -> 4.15
A35: Max | B35: =MAX(B9:B32) -> 15.86 | C35: =MAX(C9:C32) -> 39.85 | D35: =MAX(D9:D32) -> 29.29 | E35: =MAX(E9:E32) -> 63.32 | F35: =MAX(F9:F32) -> 71.1 | G35: =MAX(G9:G32) -> 150.02 | H35: =MAX(H9:H32) -> 56.09 | I35: =MAX(I9:I32) -> 8.19 | ... Q35: =MAX(Q9:Q32) -> 4.63
A36: Avg | B36: =AVERAGE(B9:B32) -> 8.79875 | C36: =AVERAGE(C9:C32) -> 26.064167 | D36: =AVERAGE(D9:D32) -> 21.905417 | E36: =AVERAGE(E9:E32) -> 13.085 | F36: =AVERAGE(F9:F32) -> 11.88625 | G36: =AVERAGE(G9:G32) -> 105.37042 | H36: =AVERAGE(H9:H32) -> 47.50125 | I36: =AVERAGE(I9:I32) -> 6.6829167 | ... Q36: =AVERAGE(Q9:Q32) -> 4.4033333
A37: Stdev | B37: =STDEV(B9:B32) -> 4.3709648 | C37: =STDEV(C9:C32) -> 8.3586461 | D37: =STDEV(D9:D32) -> 7.3204282 | E37: =STDEV(E9:E32) -> 13.69868 | F37: =STDEV(F9:F32) -> 20.004397 | G37: =STDEV(G9:G32) -> 21.72069 | H37: =STDEV(H9:H32) -> 5.1064276 | I37: =STDEV(I9:I32) -> 0.99186026 | ... Q37: =STDEV(Q9:Q32) -> 0.1607771
A38: Num | B38: =COUNT(B9:B32) -> 24 | C38: =COUNT(C9:C32) -> 24 | D38: =COUNT(D9:D32) -> 24 | E38: =COUNT(E9:E32) -> 24 | F38: =COUNT(F9:F32) -> 24 | G38: =COUNT(G9:G32) -> 24 | H38: =COUNT(H9:H32) -> 24 | I38: =COUNT(I9:I32) -> 24 | ... Q38: =COUNT(Q9:Q32) -> 24
A39: DCR | B39: =IF(B38>=22,">90%",IF(B38<=22,"<90%")) -> >90% | C39: =IF(C38>=22,">90%",IF(C38<=22,"<90%")) -> >90% | D39: =IF(D38>=22,">90%",IF(D38<=22,"<90%")) -> >90% | E39: =IF(E38>=22,">90%",IF(E38<=22,"<90%")) -> >90% | F39: =IF(F38>=22,">90%",IF(F38<=22,"<90%")) -> >90% | G39: =IF(G38>=22,">90%",IF(G38<=22,"<90%")) -> >90% | H39: =IF(H38>=22,">90%",IF(H38<=22,"<90%")) -> >90% | I39: =IF(I38>=22,">90%",IF(I38<=22,"<90%")) -> >90% | ... Q39: =IF(Q38>=22,">90%",IF(Q38<=22,"<90%")) -> >90%
A40: Status | B40: =IF(B38>=22,"OK",IF(B38<=22,"LESS")) -> OK | C40: =IF(C38>=22,"OK",IF(C38<=22,"LESS")) -> OK | D40: =IF(D38>=22,"OK",IF(D38<=22,"LESS")) -> OK | E40: =IF(E38>=22,"OK",IF(E38<=22,"LESS")) -> OK | F40: =IF(F38>=22,"OK",IF(F38<=22,"LESS")) -> OK | G40: =IF(G38>=22,"OK",IF(G38<=22,"LESS")) -> OK | H40: =IF(H38>=22,"OK",IF(H38<=22,"LESS")) -> OK | I40: =IF(I38>=22,"OK",IF(I38<=22,"LESS")) -> OK | ... Q40: =IF(Q38>=22,"OK",IF(Q38<=22,"LESS")) -> OK
A43: Done by | B43: AKASH
A45: Comment

Sheet 26
A1: Station: | B1: IGKV ,RAIPUR
A2: Date: | B2: =$A$9 -> 26/11/2023 01:00 | D2: Power Off | G2: Pw.Off | L2: Link Fail | N2: Link F | P2: Maintenance | R2: Maint.
A3: Report Type: | B3: Mean | D3: Calibration | G3: Calib. | L3: Data Fail | N3: Data F | P3: Invalid | R3: Invalid
A4: Time Base: | B4: 01 Hour | D4: Zero Referrence | G4: Z.Ref | L4: Warm Up | N4: Wm. Up
A7: Date & Time | B7: NO | C7: NO2 | D7: NOX | E7: SO2 | F7: O3 | G7: PM 10 | H7: PM 2.5 | I7: BENZ | J7: WS | K7: WD | L7: TEMP | M7: HUM | N7: SR | O7: RG | P7: CO | Q7: NH3
B8: ug/m3 | C8: ug/m3 | D8: ppb | E8: ug/m3 | F8: ug/m3 | G8: ug/m3 | H8: ug/m3 | I8: ug/m3 | J8: m/sec | K8: deg | L8: degreC | M8: % | N8: w/m2 | O8: mm | P8: mg/m3 | Q8: ug/m3
A9: 26/11/2023 01:00 | B9: 12.26 | C9: 30.53 | D9: 26.99 | E9: 8.03 | F9: 2.94 | G9: 111.67 | H9: 47.8 | I9: 7.06 | J9: 0.16 | K9: 155.68 | L9: 20.12 | M9: 78.78 | N9: 0 | O9: 0 | P9: 0.86 | Q9: 4.57
A10: 26/11/2023 02:00 | B10: 12.68 | C10: 27.63 | D10: 25.69 | E10: 7.32 | F10: 2.98 | G10: 104.91 | H10: 46.88 | I10: 6.69 | J10: 0.32 | K10: 283.36 | L10: 19.43 | M10: 83.87 | N10: 0 | O10: 0 | P10: 0.8 | Q10: 4.5
A11: 26/11/2023 03:00 | B11: 17.6 | C11: 28.44 | D11: 30.33 | E11: 9.53 | F11: 2.78 | G11: 97.46 | H11: 45.63 | I11: 6.45 | J11: 0.28 | K11: 335.76 | L11: 18.53 | M11: 84.83 | N11: 0 | O11: 0 | P11: 0.81 | Q11: 4.63
A12: 26/11/2023 04:00 | B12: 17.68 | C12: 27.71 | D12: 29.86 | E12: 8.87 | F12: 2.6 | G12: 112.84 | H12: 44.64 | I12: 6.52 | J12: 0.34 | K12: 43.97 | L12: 18.27 | M12: 83.62 | N12: 0 | O12: 0 | P12: 0.84 | Q12: 4.65
A13: 26/11/2023 05:00 | B13: 18.24 | C13: 27.36 | D13: 30.27 | E13: 9.17 | F13: 2.81 | G13: 123.19 | H13: 47.42 | I13: 6.76 | J13: 0.41 | K13: 56.3 | L13: 18.01 | M13: 83.67 | N13: 0 | O13: 0 | P13: 0.85 | Q13: 4.68
A14: 26/11/2023 06:00 | B14: 18.32 | C14: 28.08 | D14: 30.67 | E14: 8.62 | F14: 2.91 | G14: 123.19 | H14: 47.55 | I14: 6.78 | J14: 0.26 | K14: 157.49 | L14: 17.95 | M14: 84.74 | N14: 0 | O14: 0 | P14: 0.85 | Q14: 4.67
A15: 26/11/2023 07:00 | B15: 16.13 | C15: 27.66 | D15: 28.43 | E15: 8.53 | F15: 2.8 | G15: 115.07 | H15: 47.55 | I15: 6.76 | J15: 0.14 | K15: 199.12 | L15: 18.26 | M15: 84.03 | N15: 16.2 | O15: 0 | P15: 0.83 | Q15: 4.62
A16: 26/11/2023 08:00 | B16: 13.14 | C16: 29.08 | D16: 26.53 | E16: 8.84 | F16: 2.75 | G16: 105.26 | H16: 43.98 | I16: 6.7 | J16: 0.41 | K16: 65.2 | L16: 19.91 | M16: 80.62 | N16: 121.5 | O16: 0 | P16: 0.82 | Q16: 4.52
A17: 26/11/2023 09:00 | B17: 12.33 | C17: 29.78 | D17: 26.79 | E17: 9.14 | F17: 3 | G17: 99.54 | H17: 44.08 | I17: 6.77 | J17: 0.56 | K17: 67.99 | L17: 22.81 | M17: 76.47 | N17: 218.3 | O17: 0 | P17: 0.84 | Q17: 4.48
A18: 26/11/2023 10:00 | B18: 11.12 | C18: 30.33 | D18: 25.52 | E18: 9.36 | F18: 2.92 | G18: 101.53 | H18: 44.18 | I18: 6.88 | J18: 0.63 | K18: 48.81 | L18: 24.82 | M18: 69.7 | N18: 363.3 | O18: 0 | P18: 0.87 | Q18: 4.47
A19: 26/11/2023 11:00 | B19: 10.09 | C19: 26.67 | D19: 23.37 | E19: 7.58 | F19: 3.62 | G19: 101.53 | H19: 46.02 | I19: 6.92 | J19: 0.36 | K19: 131.89 | L19: 27.57 | M19: 63.71 | N19: 432.7 | O19: 0 | P19: 0.85 | Q19: 4.43
A20: 26/11/2023 12:00 | B20: 7.09 | C20: 23.06 | D20: 19.09 | E20: 7.35 | F20: 4.81 | G20: 97.74 | H20: 46.02 | I20: 6.85 | J20: 0.4 | K20: 163.94 | L20: 28.57 | M20: 51.39 | N20: 486.8 | O20: 0 | P20: 0.81 | Q20: 4.23
... A32: 26/11/2023 24:00 | B32: 15.22 | C32: 30.54 | D32: 29.51 | E32: 9.17 | F32: 2.77 | G32: 126.58 | H32: 51.29 | I32: 7.89 | J32: 0.11 | K32: 179.37 | L32: 19.35 | M32: 75.19 | N32: 0 | O32: 0 | P32: 1.01 | Q32: 4.57
A34: Min | B34: =MIN(B9:B32) -> 4.95 | C34: =MIN(C9:C32) -> 19.4 | D34: =MIN(D9:D32) -> 15.38 | E34: =MIN(E9:E32) -> 6.93 | F34: =MIN(F9:F32) -> 2.6 | G34: =MIN(G9:G32) -> 66.28 | H34: =MIN(H9:H32) -> 33.81 | I34: =MIN(I9:I32) -> 5.24 | ... Q34: =MIN(Q9:Q32) -> 4.16
A35: Max | B35: =MAX(B9:B32) -> 18.32 | C35: =MAX(C9:C32) -> 32.8 | D35: =MAX(D9:D32) -> 31.82 | E35: =MAX(E9:E32) -> 9.65 | F35: =MAX(F9:F32) -> 6.52 | G35: =MAX(G9:G32) -> 126.58 | H35: =MAX(H9:H32) -> 51.29 | I35: =MAX(I9:I32) -> 7.97 | ... Q35: =MAX(Q9:Q32) -> 4.68
A36: Avg | B36: =AVERAGE(B9:B32) -> 11.947917 | C36: =AVERAGE(C9:C32) -> 27.753333 | D36: =AVERAGE(D9:D32) -> 25.307917 | E36: =AVERAGE(E9:E32) -> 8.42 | F36: =AVERAGE(F9:F32) -> 3.49875 | G36: =AVERAGE(G9:G32) -> 103.38958 | H36: =AVERAGE(H9:H32) -> 44.33 | I36: =AVERAGE(I9:I32) -> 6.6816667 | ... Q36: =AVERAGE(Q9:Q32) -> 4.4520833
A37: Stdev | B37: =STDEV(B9:B32) -> 4.7624938 | C37: =STDEV(C9:C32) -> 3.8849304 | D37: =STDEV(D9:D32) -> 5.3458728 | E37: =STDEV(E9:E32) -> 0.97394759 | F37: =STDEV(F9:F32) -> 1.178257 | G37: =STDEV(G9:G32) -> 18.115311 | H37: =STDEV(H9:H32) -> 4.4008487 | I37: =STDEV(I9:I32) -> 0.69824417 | ... Q37: =STDEV(Q9:Q32) -> 0.17851998
A38: Num | B38: =COUNT(B9:B32) -> 24 | C38: =COUNT(C9:C32) -> 24 | D38: =COUNT(D9:D32) -> 24 | E38: =COUNT(E9:E32) -> 24 | F38: =COUNT(F9:F32) -> 24 | G38: =COUNT(G9:G32) -> 24 | H38: =COUNT(H9:H32) -> 24 | I38: =COUNT(I9:I32) -> 24 | ... Q38: =COUNT(Q9:Q32) -> 24
A39: DCR | B39: =IF(B38>=22,">90%",IF(B38<=22,"<90%")) -> >90% | C39: =IF(C38>=22,">90%",IF(C38<=22,"<90%")) -> >90% | D39: =IF(D38>=22,">90%",IF(D38<=22,"<90%")) -> >90% | E39: =IF(E38>=22,">90%",IF(E38<=22,"<90%")) -> >90% | F39: =IF(F38>=22,">90%",IF(F38<=22,"<90%")) -> >90% | G39: =IF(G38>=22,">90%",IF(G38<=22,"<90%")) -> >90% | H39: =IF(H38>=22,">90%",IF(H38<=22,"<90%")) -> >90% | I39: =IF(I38>=22,">90%",IF(I38<=22,"<90%")) -> >90% | ... Q39: =IF(Q38>=22,">90%",IF(Q38<=22,"<90%")) -> >90%
A40: Status | B40: =IF(B38>=22,"OK",IF(B38<=22,"LESS")) -> OK | C40: =IF(C38>=22,"OK",IF(C38<=22,"LESS")) -> OK | D40: =IF(D38>=22,"OK",IF(D38<=22,"LESS")) -> OK | E40: =IF(E38>=22,"OK",IF(E38<=22,"LESS")) -> OK | F40: =IF(F38>=22,"OK",IF(F38<=22,"LESS")) -> OK | G40: =IF(G38>=22,"OK",IF(G38<=22,"LESS")) -> OK | H40: =IF(H38>=22,"OK",IF(H38<=22,"LESS")) -> OK | I40: =IF(I38>=22,"OK",IF(I38<=22,"LESS")) -> OK | ... Q40: =IF(Q38>=22,"OK",IF(Q38<=22,"LESS")) -> OK
A43: Done by | B43: AKASH
A45: Comment

Sheet 27
A1: Station: | B1: IGKV ,RAIPUR
A2: Date: | B2: =$A$9 -> 27/11/2023 01:00 | D2: Power Off | G2: Pw.Off | L2: Link Fail | N2: Link F | P2: Maintenance | R2: Maint.
A3: Report Type: | B3: Mean | D3: Calibration | G3: Calib. | L3: Data Fail | N3: Data F | P3: Invalid | R3: Invalid
A4: Time Base: | B4: 01 Hour | D4: Zero Referrence | G4: Z.Ref | L4: Warm Up | N4: Wm. Up
A7: Date & Time | B7: NO | C7: NO2 | D7: NOX | E7: SO2 | F7: O3 | G7: PM 10 | H7: PM 2.5 | I7: BENZ | J7: WS | K7: WD | L7: TEMP | M7: HUM | N7: SR | O7: RG | P7: CO | Q7: NH3
B8: ug/m3 | C8: ug/m3 | D8: ppb | E8: ug/m3 | F8: ug/m3 | G8: ug/m3 | H8: ug/m3 | I8: ug/m3 | J8: m/sec | K8: deg | L8: degreC | M8: % | N8: w/m2 | O8: mm | P8: mg/m3 | Q8: ug/m3
A9: 27/11/2023 01:00 | B9: 13.69 | C9: 30.36 | D9: 27.28 | E9: 9.24 | F9: 2.97 | G9: 126.58 | H9: 51.29 | I9: 7.85 | J9: 0.11 | K9: 232.85 | L9: 19.97 | M9: 74.41 | N9: 0 | O9: 0 | P9: 0.95 | Q9: 4.51
A10: 27/11/2023 02:00 | B10: 10.96 | C10: 29.99 | D10: 25.81 | E10: 8.86 | F10: 3.16 | G10: 113.49 | H10: 50.31 | I10: 7.56 | J10: 0.16 | K10: 109.93 | L10: 19.9 | M10: 75.77 | N10: 0 | O10: 0 | P10: 0.93 | Q10: 4.46
A11: 27/11/2023 03:00 | B11: 9.81 | C11: 29.32 | D11: 24.54 | E11: 6.79 | F11: 3.25 | G11: 97.41 | H11: 47.72 | I11: 7.06 | J11: 0.16 | K11: 164.97 | L11: 19.54 | M11: 76.96 | N11: 0 | O11: 0 | P11: 0.89 | Q11: 4.43
A12: 27/11/2023 04:00 | B12: 7.7 | C12: 27.19 | D12: 21.73 | E12: 6.99 | F12: 3.4 | G12: 94.99 | H12: 44.72 | I12: 6.68 | J12: 0.28 | K12: 154.09 | L12: 19.58 | M12: 77.55 | N12: 0 | O12: 0 | P12: 0.84 | Q12: 4.35
A13: 27/11/2023 05:00 | B13: 7.9 | C13: 27.24 | D13: 21.92 | E13: 7.03 | F13: 2.98 | G13: 87.12 | H13: 44.29 | I13: 6.34 | J13: 0.16 | K13: 134.48 | L13: 18.84 | M13: 80.71 | N13: 0 | O13: 0 | P13: 0.81 | Q13: 4.31
A14: 27/11/2023 06:00 | B14: 9.04 | C14: 28.2 | D14: 22.93 | E14: 6.88 | F14: 3.03 | G14: 86.74 | H14: 42.45 | I14: 6.12 | J14: 0.36 | K14: 115.28 | L14: 18.71 | M14: 82.35 | N14: 0 | O14: 0 | P14: 0.78 | Q14: 4.34
A15: 27/11/2023 07:00 | B15: 10.38 | C15: 27.79 | D15: 23.86 | E15: 6.81 | F15: 2.85 | G15: 82.77 | H15: 41.97 | I15: 6.12 | J15: 0.32 | K15: 75.85 | L15: 18.24 | M15: 83.11 | N15: 16.8 | O15: 0 | P15: 0.76 | Q15: 4.38
A16: 27/11/2023 08:00 | B16: 11.5 | C16: 28.13 | D16: 25.2 | E16: 7.26 | F16: 2.74 | G16: 87.04 | H16: 43.82 | I16: 6.46 | J16: 0.45 | K16: 43.17 | L16: 19.93 | M16: 81.04 | N16: 98.5 | O16: 0 | P16: 0.79 | Q16: 4.43
A17: 27/11/2023 09:00 | B17: 11.65 | C17: 28.06 | D17: 25.32 | E17: 6.95 | F17: 2.9 | G17: 87.04 | H17: 43.82 | I17: 6.82 | J17: 0.48 | K17: 50.93 | L17: 21.3 | M17: 73.07 | N17: 125.1 | O17: 0 | P17: 0.82 | Q17: 4.43
A18: 27/11/2023 10:00 | B18: 10.9 | C18: 27.36 | D18: 24.3 | E18: 7.37 | F18: 2.97 | G18: 89.77 | H18: 42.98 | I18: 6.92 | J18: 0.45 | K18: 47.45 | L18: 22.73 | M18: 69.32 | N18: 161.2 | O18: 0 | P18: 0.84 | Q18: 4.42
A19: 27/11/2023 11:00 | B19: 10.64 | C19: 26.66 | D19: 23.81 | E19: 9.17 | F19: 3.53 | G19: 92.2 | H19: 42.98 | I19: 7 | J19: 0.51 | K19: 37.65 | L19: 23.65 | M19: 64.18 | N19: 174.7 | O19: 0 | P19: 0.9 | Q19: 4.38
A20: 27/11/2023 12:00 | B20: 8.5 | C20: 28.26 | D20: 22.32 | E20: 9.27 | F20: 3.58 | G20: 96.15 | H20: 43.44 | I20: 7.21 | J20: 0.61 | K20: 46.92 | L20: 24.28 | M20: 62.71 | N20: 158.9 | O20: 0 | P20: 0.93 | Q20: 4.34
... A32: 27/11/2023 24:00 | B32: 11.65 | C32: 33.02 | D32: 27.89 | E32: 9.52 | F32: 2.75 | G32: 139.19 | H32: 58.77 | I32: 8.74 | J32: 0.29 | K32: 79.22 | L32: 20.84 | M32: 72.06 | N32: 0 | O32: 0 | P32: 1.21 | Q32: 4.45
A34: Min | B34: =MIN(B9:B32) -> 5.42 | C34: =MIN(C9:C32) -> 25.4 | D34: =MIN(D9:D32) -> 19.81 | E34: =MIN(E9:E32) -> 6.79 | F34: =MIN(F9:F32) -> 2.74 | G34: =MIN(G9:G32) -> 82.77 | H34: =MIN(H9:H32) -> 41.23 | I34: =MIN(I9:I32) -> 6.12 | ... Q34: =MIN(Q9:Q32) -> 4.22
A35: Max | B35: =MAX(B9:B32) -> 13.69 | C35: =MAX(C9:C32) -> 33.58 | D35: =MAX(D9:D32) -> 28.88 | E35: =MAX(E9:E32) -> 10.25 | F35: =MAX(F9:F32) -> 4.66 | G35: =MAX(G9:G32) -> 139.19 | H35: =MAX(H9:H32) -> 58.77 | I35: =MAX(I9:I32) -> 8.74 | ... Q35: =MAX(Q9:Q32) -> 4.52
A36: Avg | B36: =AVERAGE(B9:B32) -> 9.8670833 | C36: =AVERAGE(C9:C32) -> 29.022917 | D36: =AVERAGE(D9:D32) -> 24.275 | E36: =AVERAGE(E9:E32) -> 8.6504167 | F36: =AVERAGE(F9:F32) -> 3.2470833 | G36: =AVERAGE(G9:G32) -> 104.82708 | H36: =AVERAGE(H9:H32) -> 47.130417 | I36: =AVERAGE(I9:I32) -> 7.31375 | ... Q36: =AVERAGE(Q9:Q32) -> 4.38375
A37: Stdev | B37: =STDEV(B9:B32) -> 2.5804777 | C37: =STDEV(C9:C32) -> 2.2432517 | D37: =STDEV(D9:D32) -> 2.9519647 | E37: =STDEV(E9:E32) -> 1.2269668 | F37: =STDEV(F9:F32) -> 0.52137343 | G37: =STDEV(G9:G32) -> 18.888626 | H37: =STDEV(H9:H32) -> 5.1676228 | I37: =STDEV(I9:I32) -> 0.77761515 | ... Q37: =STDEV(Q9:Q32) -> 0.094768023
A38: Num | B38: =COUNT(B9:B32) -> 24 | C38: =COUNT(C9:C32) -> 24 | D38: =COUNT(D9:D32) -> 24 | E38: =COUNT(E9:E32) -> 24 | F38: =COUNT(F9:F32) -> 24 | G38: =COUNT(G9:G32) -> 24 | H38: =COUNT(H9:H32) -> 24 | I38: =COUNT(I9:I32) -> 24 | ... Q38: =COUNT(Q9:Q32) -> 24
A39: DCR | B39: =IF(B38>=22,">90%",IF(B38<=22,"<90%")) -> >90% | C39: =IF(C38>=22,">90%",IF(C38<=22,"<90%")) -> >90% | D39: =IF(D38>=22,">90%",IF(D38<=22,"<90%")) -> >90% | E39: =IF(E38>=22,">90%",IF(E38<=22,"<90%")) -> >90% | F39: =IF(F38>=22,">90%",IF(F38<=22,"<90%")) -> >90% | G39: =IF(G38>=22,">90%",IF(G38<=22,"<90%")) -> >90% | H39: =IF(H38>=22,">90%",IF(H38<=22,"<90%")) -> >90% | I39: =IF(I38>=22,">90%",IF(I38<=22,"<90%")) -> >90% | ... Q39: =IF(Q38>=22,">90%",IF(Q38<=22,"<90%")) -> >90%
A40: Status | B40: =IF(B38>=22,"OK",IF(B38<=22,"LESS")) -> OK | C40: =IF(C38>=22,"OK",IF(C38<=22,"LESS")) -> OK | D40: =IF(D38>=22,"OK",IF(D38<=22,"LESS")) -> OK | E40: =IF(E38>=22,"OK",IF(E38<=22,"LESS")) -> OK | F40: =IF(F38>=22,"OK",IF(F38<=22,"LESS")) -> OK | G40: =IF(G38>=22,"OK",IF(G38<=22,"LESS")) -> OK | H40: =IF(H38>=22,"OK",IF(H38<=22,"LESS")) -> OK | I40: =IF(I38>=22,"OK",IF(I38<=22,"LESS")) -> OK | ... Q40: =IF(Q38>=22,"OK",IF(Q38<=22,"LESS")) -> OK
A43: Done by | B43: AKASH
A45: Comment

Sheet 28
A1: Station: | B1: IGKV ,RAIPUR
A2: Date: | B2: =$A$9 -> 28/11/2023 01:00 | D2: Power Off | G2: Pw.Off | L2: Link Fail | N2: Link F | P2: Maintenance | R2: Maint.
A3: Report Type: | B3: Mean | D3: Calibration | G3: Calib. | L3: Data Fail | N3: Data F | P3: Invalid | R3: Invalid
A4: Time Base: | B4: 01 Hour | D4: Zero Referrence | G4: Z.Ref | L4: Warm Up | N4: Wm. Up
A7: Date & Time | B7: NO | C7: NO2 | D7: NOX | E7: SO2 | F7: O3 | G7: PM 10 | H7: PM 2.5 | I7: BENZ | J7: WS | K7: WD | L7: TEMP | M7: HUM | N7: SR | O7: RG | P7: CO | Q7: NH3
B8: ug/m3 | C8: ug/m3 | D8: ppb | E8: ug/m3 | F8: ug/m3 | G8: ug/m3 | H8: ug/m3 | I8: ug/m3 | J8: m/sec | K8: deg | L8: degreC | M8: % | N8: w/m2 | O8: mm | P8: mg/m3 | Q8: ug/m3
A9: 28/11/2023 01:00 | B9: 11.67 | C9: 34.3 | D9: 28.23 | E9: 9.76 | F9: 2.74 | G9: 131 | H9: 56.58 | I9: 8.68 | J9: 0.18 | K9: 84.35 | L9: 20.05 | M9: 72.72 | N9: 0 | O9: 0 | P9: 1.17 | Q9: 4.5
A10: 28/11/2023 02:00 | B10: 11.56 | C10: 32.83 | D10: 27.67 | E10: 9.46 | F10: 2.83 | G10: 131 | H10: 55.09 | I10: 8.55 | J10: 0.12 | K10: 148.24 | L10: 19.63 | M10: 77.85 | N10: 0 | O10: 0 | P10: 1.12 | Q10: 4.49
A11: 45258.125 | B11: 10.48 | C11: 28.74 | D11: 24.77 | E11: 8.37 | F11: 2.69 | G11: 122.34 | H11: 55.09 | I11: 8.35 | J11: 0.13 | K11: 266.11 | L11: 18.64 | M11: 85.51 | N11: 0 | O11: 0 | P11: 1.03 | Q11: 4.41
A12: 28/11/2023 04:00 | B12: 12.42 | C12: 28.8 | D12: 25.64 | E12: 8.32 | F12: 2.62 | G12: 107.72 | H12: 52.36 | I12: 8 | J12: 0.21 | K12: 91.54 | L12: 18.62 | M12: 81.71 | N12: 0 | O12: 0 | P12: 0.99 | Q12: 4.44
A13: 28/11/2023 05:00 | B13: 13.42 | C13: 29.1 | D13: 27.24 | E13: 8.52 | F13: 2.7 | G13: 101.53 | H13: 48.03 | I13: 7.85 | J13: 0.35 | K13: 75.17 | L13: 18.65 | M13: 81.86 | N13: 0 | O13: 0 | P13: 0.95 | Q13: 4.51
A14: 28/11/2023 06:00 | B14: 14.42 | C14: 29.01 | D14: 28.07 | E14: 8.44 | F14: 2.77 | G14: 96.26 | H14: 45.58 | I14: 7.74 | J14: 0.18 | K14: 111.96 | L14: 18.11 | M14: 83.19 | N14: 0 | O14: 0 | P14: 0.92 | Q14: 4.5
A15: 28/11/2023 07:00 | B15: 14.24 | C15: 26.6 | D15: 26.67 | E15: 8.41 | F15: 2.87 | G15: 95.4 | H15: 45.24 | I15: 7.73 | J15: 0.49 | K15: 71.24 | L15: 18.18 | M15: 83.02 | N15: 20.7 | O15: 0 | P15: 0.93 | Q15: 4.52
A16: 28/11/2023 08:00 | B16: 15.23 | C16: 28.49 | D16: 28.45 | E16: 8.74 | F16: 2.92 | G16: 91.85 | H16: 44.82 | I16: 8.18 | J16: 0.57 | K16: 47.9 | L16: 20.13 | M16: 81.16 | N16: 133.8 | O16: 0 | P16: 0.96 | Q16: 4.53
A17: 28/11/2023 09:00 | B17: 15.12 | C17: 29.3 | D17: 28.47 | E17: 9.18 | F17: 3.1 | G17: 91.27 | H17: 44.82 | I17: 8.25 | J17: 0.62 | K17: 59.25 | L17: 23.21 | M17: 69.74 | N17: 200 | O17: 0 | P17: 0.97 | Q17: 4.55
A18: 28/11/2023 10:00 | B18: 12.03 | C18: 30.29 | D18: 26.53 | E18: 9.22 | F18: 3.18 | G18: 91.27 | H18: 44.44 | I18: 8.11 | J18: 0.74 | K18: 43.84 | L18: 24.39 | M18: 57.99 | N18: 224.8 | O18: 0 | P18: 0.97 | Q18: 4.48
A19: 28/11/2023 11:00 | B19: 9.82 | C19: 30.85 | D19: 25.06 | E19: 7.68 | F19: 3.46 | G19: 95.95 | H19: 46.76 | I19: 7.83 | J19: 0.82 | K19: 45.31 | L19: 24.96 | M19: 56.39 | N19: 206.2 | O19: 0 | P19: 0.97 | Q19: 4.4
A20: 28/11/2023 12:00 | B20: 8.04 | C20: 31.51 | D20: 23.87 | E20: 8.11 | F20: 4 | G20: 96.16 | H20: 46.76 | I20: 7.71 | J20: 0.76 | K20: 41.32 | L20: 25.95 | M20: 52.5 | N20: 241.1 | O20: 0 | P20: 0.96 | Q20: 4.35
A21: 28/11/2023 13:00 | B21: 7.77 | C21: 25.82 | D21: 21.08 | E21: 10.85 | F21: 6.23 | G21: 96.16 | H21: 44.12 | I21: 7.68 | J21: 0.89 | K21: 27.91 | L21: 25.31 | M21: 57.72 | N21: 113.2 | O21: 0 | P21: 0.91 | Q21: 4.31
A22: 28/11/2023 14:00 | B22: 2.62 | C22: 26.99 | D22: 17.16 | E22: Calib. | F22: 12.01 | G22: Calib. | H22: Calib. | I22: 16.23 | J22: 1.26 | K22: 33.79 | L22: 23.75 | M22: 57.28 | N22: 126.6 | O22: 0 | P22: 0.94 | Q22: 4.24
A23: 28/11/2023 15:00 | B23: 2.79 | C23: 25.98 | D23: 16.77 | E23: 10.55 | F23: 13.47 | G23: 106.8 | H23: 26.68 | I23: 29.46 | J23: 1.15 | K23: 39.15 | L23: 22.46 | M23: 73.85 | N23: 62.2 | O23: 0.4 | P23: 0.91 | Q23: 4.16
A24: 28/11/2023 16:00 | B24: 5.56 | C24: 26.12 | D24: 19.45 | E24: 6.96 | F24: 3.27 | G24: 105.32 | H24: 29.63 | I24: 26.83 | J24: 0.79 | K24: 43.74 | L24: 19.64 | M24: 96.39 | N24: 7.5 | O24: 2.8 | P24: 0.88 | Q24: 4.2
A25: 28/11/2023 17:00 | B25: 8.59 | C25: 27.2 | D25: 22.45 | E25: 6.19 | F25: 2.94 | G25: 80.87 | H25: 27.45 | I25: 23.67 | J25: 0.44 | K25: 60.12 | L25: 19.02 | M25: 98.36 | N25: 3.9 | O25: 0.2 | P25: 0.85 | Q25: 4.35
A26: 28/11/2023 18:00 | B26: 11.02 | C26: 25.21 | D26: 23.34 | E26: 6.31 | F26: 1 | G26: 56.02 | H26: 23.46 | I26: 17.57 | J26: 0.35 | K26: 160.02 | L26: 19.23 | M26: 99.94 | N26: 0 | O26: 0 | P26: 0.9 | Q26: 4.8
A27: 28/11/2023 19:00 | B27: 11.6 | C27: 24.77 | D27: 23.47 | E27: 7.54 | F27: 2.73 | G27: 47.82 | H27: 20.93 | I27: 17.23 | J27: 0.19 | K27: 185.2 | L27: 19.01 | M27: 98.84 | N27: 0 | O27: 0.2 | P27: 0.88 | Q27: 4.69
A28: 28/11/2023 20:00 | B28: 13.91 | C28: 25.03 | D28: 25.08 | E28: 7.55 | F28: 2.79 | G28: 40.55 | H28: 21.61 | I28: 14.8 | J28: 0.15 | K28: 159.16 | L28: 19.1 | M28: 99.4 | N28: 0 | O28: 0 | P28: 0.87 | Q28: 4.7
A29: 28/11/2023 21:00 | B29: 17.82 | C29: 24.57 | D29: 28.24 | E29: 7.63 | F29: 2.79 | G29: 36.8 | H29: 17.14 | I29: 13.16 | J29: 0.1 | K29: 337.29 | L29: 18.9 | M29: 100.12 | N29: 0 | O29: 0 | P29: 0.88 | Q29: 4.83
A30: 28/11/2023 22:00 | B30: 21.38 | C30: 24.5 | D30: 30.88 | E30: 7.14 | F30: 2.73 | G30: 40.16 | H30: 18.62 | I30: 12.51 | J30: 0.14 | K30: 305.47 | L30: 18.64 | M30: 101.34 | N30: 0 | O30: 0 | P30: 0.89 | Q30: 4.92
A31: 28/11/2023 23:00 | B31: 28.86 | C31: 27.36 | D31: 38.79 | E31: 8.12 | F31: 2.65 | G31: 57.21 | H31: 23 | I31: 11.79 | J31: 0.33 | K31: 275.71 | L31: 18.39 | M31: 102.59 | N31: 0 | O31: 0 | P31: 0.94 | Q31: 5.17
A32: 28/11/2023 24:00 | B32: 32.53 | C32: 28.68 | D32: 42.43 | E32: 8.64 | F32: 2.66 | G32: 78.27 | H32: 26.49 | I32: 10.8 | J32: 0.33 | K32: 80.5 | L32: 18.3 | M32: 102.7 | N32: 0 | O32: 0 | P32: 0.99 | Q32: 5.32
A34: Min | B34: =MIN(B9:B32) -> 2.62 | C34: =MIN(C9:C32) -> 24.5 | D34: =MIN(D9:D32) -> 16.77 | E34: =MIN(E9:E32) -> 6.19 | F34: =MIN(F9:F32) -> 1 | G34: =MIN(G9:G32) -> 36.8 | H34: =MIN(H9:H32) -> 17.14 | I34: =MIN(I9:I32) -> 7.68 | ... Q34: =MIN(Q9:Q32) -> 4.16
A35: Max | B35: =MAX(B9:B32) -> 32.53 | C35: =MAX(C9:C32) -> 34.3 | D35: =MAX(D9:D32) -> 42.43 | E35: =MAX(E9:E32) -> 10.85 | F35: =MAX(F9:F32) -> 13.47 | G35: =MAX(G9:G32) -> 131 | H35: =MAX(H9:H32) -> 56.58 | I35: =MAX(I9:I32) -> 29.46 | ... Q35: =MAX(Q9:Q32) -> 5.32
A36: Avg | B36: =AVERAGE(B9:B32) -> 13.0375 | C36: =AVERAGE(C9:C32) -> 28.002083 | D36: =AVERAGE(D9:D32) -> 26.242083 | E36: =AVERAGE(E9:E32) -> 8.3343478 | F36: =AVERAGE(F9:F32) -> 3.7979167 | G36: =AVERAGE(G9:G32) -> 86.857826 | H36: =AVERAGE(H9:H32) -> 37.595652 | I36: =AVERAGE(I9:I32) -> 12.44625 | ... Q36: =AVERAGE(Q9:Q32) -> 4.5570833
A37: Stdev | B37: =STDEV(B9:B32) -> 6.9364101 | C37: =STDEV(C9:C32) -> 2.6536717 | D37: =STDEV(D9:D32) -> 5.7172804 | E37: =STDEV(E9:E32) -> 1.1798645 | F37: =STDEV(F9:F32) -> 2.891213 | G37: =STDEV(G9:G32) -> 28.058751 | H37: =STDEV(H9:H32) -> 13.343093 | I37: =STDEV(I9:I32) -> 6.4183276 | ... Q37: =STDEV(Q9:Q32) -> 0.28551219
A38: Num | B38: =COUNT(B9:B32) -> 24 | C38: =COUNT(C9:C32) -> 24 | D38: =COUNT(D9:D32) -> 24 | E38: 24 | F38: 24 | G38: 24 | H38: 24 | I38: =COUNT(I9:I32) -> 24 | J38: =COUNT(J9:J32) -> 24 | K38: =COUNT(K9:K32) -> 24 | L38: =COUNT(L9:L32) -> 24 | M38: =COUNT(M9:M32) -> 24 | N38: =COUNT(N9:N32) -> 24 | O38: =COUNT(O9:O32) -> 24 | P38: =COUNT(P9:P32) -> 24 | Q38: =COUNT(Q9:Q32) -> 24
A39: DCR | B39: =IF(B38>=22,">90%",IF(B38<=22,"<90%")) -> >90% | C39: =IF(C38>=22,">90%",IF(C38<=22,"<90%")) -> >90% | D39: =IF(D38>=22,">90%",IF(D38<=22,"<90%")) -> >90% | E39: =IF(E38>=22,">90%",IF(E38<=22,"<90%")) -> >90% | F39: =IF(F38>=22,">90%",IF(F38<=22,"<90%")) -> >90% | G39: =IF(G38>=22,">90%",IF(G38<=22,"<90%")) -> >90% | H39: =IF(H38>=22,">90%",IF(H38<=22,"<90%")) -> >90% | I39: =IF(I38>=22,">90%",IF(I38<=22,"<90%")) -> >90% | ... Q39: =IF(Q38>=22,">90%",IF(Q38<=22,"<90%")) -> >90%
A40: Status | B40: =IF(B38>=22,"OK",IF(B38<=22,"LESS")) -> OK | C40: =IF(C38>=22,"OK",IF(C38<=22,"LESS")) -> OK | D40: =IF(D38>=22,"OK",IF(D38<=22,"LESS")) -> OK | E40: =IF(E38>=22,"OK",IF(E38<=22,"LESS")) -> OK | F40: =IF(F38>=22,"OK",IF(F38<=22,"LESS")) -> OK | G40: =IF(G38>=22,"OK",IF(G38<=22,"LESS")) -> OK | H40: =IF(H38>=22,"OK",IF(H38<=22,"LESS")) -> OK | I40: =IF(I38>=22,"OK",IF(I38<=22,"LESS")) -> OK | ... Q40: =IF(Q38>=22,"OK",IF(Q38<=22,"LESS")) -> OK
A43: Done by | B43: AKASH
A45: Comment

Sheet 29
A1: Station: | B1: IGKV ,RAIPUR
A2: Date: | B2: =$A$9 -> 29/11/2023 01:00 | D2: Power Off | G2: Pw.Off | L2: Link Fail | N2: Link F | P2: Maintenance | R2: Maint.
A3: Report Type: | B3: Mean | D3: Calibration | G3: Calib. | L3: Data Fail | N3: Data F | P3: Invalid | R3: Invalid
A4: Time Base: | B4: 01 Hour | D4: Zero Referrence | G4: Z.Ref | L4: Warm Up | N4: Wm. Up
A7: Date & Time | B7: NO | C7: NO2 | D7: NOX | E7: SO2 | F7: O3 | G7: PM 10 | H7: PM 2.5 | I7: BENZ | J7: WS | K7: WD | L7: TEMP | M7: HUM | N7: SR | O7: RG | P7: CO | Q7: NH3
B8: ug/m3 | C8: ug/m3 | D8: ppb | E8: ug/m3 | F8: ug/m3 | G8: ug/m3 | H8: ug/m3 | I8: ug/m3 | J8: m/sec | K8: deg | L8: degreC | M8: % | N8: w/m2 | O8: mm | P8: mg/m3 | Q8: ug/m3
A9: 29/11/2023 01:00 | B9: 37.04 | C9: 29.87 | D9: 46.29 | E9: 9.59 | F9: 2.64 | G9: 99.19 | H9: 35.17 | I9: 10.88 | J9: 0.41 | K9: 44.31 | L9: 18.14 | M9: 103.64 | N9: 0 | O9: 0 | P9: 1.02 | Q9: 5.41
A10: 29/11/2023 02:00 | B10: 44.73 | C10: 29.89 | D10: 52.83 | E10: 9.99 | F10: 2.58 | G10: 95.88 | H10: 36.18 | I10: 10.84 | J10: 0.46 | K10: 42.18 | L10: 17.99 | M10: 101.62 | N10: 0 | O10: 0 | P10: 1.21 | Q10: 5.63
A11: 29/11/2023 03:00 | B11: 46.73 | C11: 30.11 | D11: 54.36 | E11: 9.79 | F11: 2.56 | G11: 106.87 | H11: 36.28 | I11: 11.03 | J11: 0.58 | K11: 36.87 | L11: 18.03 | M11: 101.98 | N11: 0 | O11: 0 | P11: 1.27 | Q11: 5.7
A12: 29/11/2023 04:00 | B12: 44.66 | C12: 30.88 | D12: 52.84 | E12: 9.28 | F12: 2.94 | G12: 112.55 | H12: 38.53 | I12: 10.9 | J12: 0.52 | K12: 43.26 | L12: 17.78 | M12: 101.11 | N12: 0 | O12: 0 | P12: 1.22 | Q12: 5.68
A13: 29/11/2023 05:00 | B13: 41.56 | C13: 26.52 | D13: 48.54 | E13: 8.51 | F13: 2.67 | G13: 88.87 | H13: 33.24 | I13: 10.04 | J13: 0.43 | K13: 45.29 | L13: 17.65 | M13: 100.82 | N13: 0 | O13: 0 | P13: 1.1 | Q13: 5.54
A14: 29/11/2023 06:00 | B14: 37.85 | C14: 26.12 | D14: 45.35 | E14: 8.36 | F14: 2.7 | G14: 76.82 | H14: 28.86 | I14: 9.35 | J14: 0.48 | K14: 40.58 | L14: 17.67 | M14: 100.76 | N14: 0 | O14: 0 | P14: 1.05 | Q14: 5.4
A15: 29/11/2023 07:00 | B15: 35.29 | C15: 25.46 | D15: 42.9 | E15: 8.25 | F15: 2.66 | G15: 64.1 | H15: 28.82 | I15: 9.21 | J15: 0.53 | K15: 46.65 | L15: 17.52 | M15: 100.7 | N15: 11.4 | O15: 0 | P15: 0.99 | Q15: 5.33
A16: 29/11/2023 08:00 | B16: 33.52 | C16: 25.95 | D16: 41.79 | E16: 8.14 | F16: 2.73 | G16: 66.03 | H16: 28.55 | I16: 8.77 | J16: 0.64 | K16: 47.12 | L16: 17.94 | M16: 100.7 | N16: 81.7 | O16: 0 | P16: 0.96 | Q16: 5.27
A17: 29/11/2023 09:00 | B17: 32.69 | C17: 26.88 | D17: 41.48 | E17: 8.55 | F17: 2.8 | G17: 64.12 | H17: 28.2 | I17: 8.4 | J17: 0.53 | K17: 50.43 | L17: 19.74 | M17: 100.71 | N17: 165.3 | O17: 0 | P17: 0.94 | Q17: 5.29
A18: 29/11/2023 10:00 | B18: 32.61 | C18: 28.45 | D18: 42.17 | E18: 8.67 | F18: 2.75 | G18: 63.09 | H18: 27.8 | I18: 7.92 | J18: 0.61 | K18: 45.9 | L18: 22.48 | M18: 92.34 | N18: 398 | O18: 0 | P18: 0.92 | Q18: 5.31
A19: 29/11/2023 11:00 | B19: 32.3 | C19: 29.38 | D19: 42.35 | E19: 8.57 | F19: 2.72 | G19: 53.93 | H19: 26.44 | I19: 7.53 | J19: 0.69 | K19: 47.21 | L19: 24.89 | M19: 76.08 | N19: 484.7 | O19: 0 | P19: 0.92 | Q19: 5.3
A20: 29/11/2023 12:00 | B20: 29.52 | C20: 30.45 | D20: 40.6 | E20: 8.8 | F20: 2.77 | G20: 55.85 | H20: 22.9 | I20: 7.2 | J20: 0.76 | K20: 47.12 | L20: 26.56 | M20: 64.66 | N20: 531.1 | O20: 0 | P20: 0.88 | Q20: 5.24
... A32: 29/11/2023 24:00 | B32: 35.56 | C32: 33.48 | D32: 46.66 | E32: 9.17 | F32: 2.98 | G32: 95.07 | H32: 36.12 | I32: 7.63 | J32: 0.29 | K32: 100.28 | L32: 21.59 | M32: 81.27 | N32: 0 | O32: 0 | P32: 0.94 | Q32: 5.35
A34: Min | B34: =MIN(B9:B32) -> 12.55 | C34: =MIN(C9:C32) -> 24.44 | D34: =MIN(D9:D32) -> 24.23 | E34: =MIN(E9:E32) -> 7.65 | F34: =MIN(F9:F32) -> 2.51 | G34: =MIN(G9:G32) -> 51.48 | H34: =MIN(H9:H32) -> 20.98 | I34: =MIN(I9:I32) -> 6.01 | ... Q34: =MIN(Q9:Q32) -> 4.63
A35: Max | B35: =MAX(B9:B32) -> 46.73 | C35: =MAX(C9:C32) -> 33.48 | D35: =MAX(D9:D32) -> 54.36 | E35: =MAX(E9:E32) -> 11.51 | F35: =MAX(F9:F32) -> 6.22 | G35: =MAX(G9:G32) -> 112.55 | H35: =MAX(H9:H32) -> 41.64 | I35: =MAX(I9:I32) -> 11.03 | ... Q35: =MAX(Q9:Q32) -> 5.7
A36: Avg | B36: =AVERAGE(B9:B32) -> 29.818333 | C36: =AVERAGE(C9:C32) -> 28.972917 | D36: =AVERAGE(D9:D32) -> 40.219167 | E36: =AVERAGE(E9:E32) -> 9.25375 | F36: =AVERAGE(F9:F32) -> 3.2279167 | G36: =AVERAGE(G9:G32) -> 79.67 | H36: =AVERAGE(H9:H32) -> 30.979167 | I36: =AVERAGE(I9:I32) -> 8.0975 | ... Q36: =AVERAGE(Q9:Q32) -> 5.1966667
A37: Stdev | B37: =STDEV(B9:B32) -> 10.384419 | C37: =STDEV(C9:C32) -> 2.9245951 | D37: =STDEV(D9:D32) -> 8.8721028 | E37: =STDEV(E9:E32) -> 0.8731692 | F37: =STDEV(F9:F32) -> 1.1156163 | G37: =STDEV(G9:G32) -> 19.899508 | H37: =STDEV(H9:H32) -> 5.8693485 | I37: =STDEV(I9:I32) -> 1.6637706 | ... Q37: =STDEV(Q9:Q32) -> 0.31985957
A38: Num | B38: =COUNT(B9:B32) -> 24 | C38: =COUNT(C9:C32) -> 24 | D38: =COUNT(D9:D32) -> 24 | E38: =COUNT(E9:E32) -> 24 | F38: =COUNT(F9:F32) -> 24 | G38: =COUNT(G9:G32) -> 24 | H38: =COUNT(H9:H32) -> 24 | I38: =COUNT(I9:I32) -> 24 | ... Q38: =COUNT(Q9:Q32) -> 24
A39: DCR | B39: =IF(B38>=22,">90%",IF(B38<=22,"<90%")) -> >90% | C39: =IF(C38>=22,">90%",IF(C38<=22,"<90%")) -> >90% | D39: =IF(D38>=22,">90%",IF(D38<=22,"<90%")) -> >90% | E39: =IF(E38>=22,">90%",IF(E38<=22,"<90%")) -> >90% | F39: =IF(F38>=22,">90%",IF(F38<=22,"<90%")) -> >90% | G39: =IF(G38>=22,">90%",IF(G38<=22,"<90%")) -> >90% | H39: =IF(H38>=22,">90%",IF(H38<=22,"<90%")) -> >90% | I39: =IF(I38>=22,">90%",IF(I38<=22,"<90%")) -> >90% | ... Q39: =IF(Q38>=22,">90%",IF(Q38<=22,"<90%")) -> >90%
A40: Status | B40: =IF(B38>=22,"OK",IF(B38<=22,"LESS")) -> OK | C40: =IF(C38>=22,"OK",IF(C38<=22,"LESS")) -> OK | D40: =IF(D38>=22,"OK",IF(D38<=22,"LESS")) -> OK | E40: =IF(E38>=22,"OK",IF(E38<=22,"LESS")) -> OK | F40: =IF(F38>=22,"OK",IF(F38<=22,"LESS")) -> OK | G40: =IF(G38>=22,"OK",IF(G38<=22,"LESS")) -> OK | H40: =IF(H38>=22,"OK",IF(H38<=22,"LESS")) -> OK | I40: =IF(I38>=22,"OK",IF(I38<=22,"LESS")) -> OK | ... Q40: =IF(Q38>=22,"OK",IF(Q38<=22,"LESS")) -> OK
A43: Done by | B43: AKASH
A45: Comment

Sheet 30
A1: Station: | B1: IGKV ,RAIPUR
A2: Date: | B2: =$A$9 -> 30/11/2023 01:00 | D2: Power Off | G2: Pw.Off | L2: Link Fail | N2: Link F | P2: Maintenance | R2: Maint.
A3: Report Type: | B3: Mean | D3: Calibration | G3: Calib. | L3: Data Fail | N3: Data F | P3: Invalid | R3: Invalid
A4: Time Base: | B4: 01 Hour | D4: Zero Referrence | G4: Z.Ref | L4: Warm Up | N4: Wm. Up
A7: Date & Time | B7: NO | C7: NO2 | D7: NOX | E7: SO2 | F7: O3 | G7: PM 10 | H7: PM 2.5 | I7: BENZ | J7: WS | K7: WD | L7: TEMP | M7: HUM | N7: SR | O7: RG | P7: CO | Q7: NH3
B8: ug/m3 | C8: ug/m3 | D8: ppb | E8: ug/m3 | F8: ug/m3 | G8: ug/m3 | H8: ug/m3 | I8: ug/m3 | J8: m/sec | K8: deg | L8: degreC | M8: % | N8: w/m2 | O8: mm | P8: mg/m3 | Q8: ug/m3
A9: 30/11/2023 01:00 | B9: 35.56 | C9: 27.05 | D9: 43.42 | E9: 8.96 | F9: 2.52 | G9: 89.55 | H9: 33.09 | I9: 7.46 | J9: 0.15 | K9: 265.93 | L9: 20.75 | M9: 89.7 | N9: 0 | O9: 0 | P9: 0.85 | Q9: 5.31
A10: 30/11/2023 02:00 | B10: 36.17 | C10: 26.92 | D10: 44.32 | E10: 8.95 | F10: 2.72 | G10: 76.88 | H10: 30.3 | I10: 7.16 | J10: 0.13 | K10: 155.41 | L10: 19.98 | M10: 89.22 | N10: 0 | O10: 0 | P10: 0.83 | Q10: 5.31
A11: 30/11/2023 03:00 | B11: 36.7 | C11: 26.91 | D11: 44.84 | E11: 7.33 | F11: 2.77 | G11: 72.75 | H11: 28.31 | I11: 6.87 | J11: 0.27 | K11: 325.7 | L11: 20.24 | M11: 88.53 | N11: 0 | O11: 0 | P11: 0.8 | Q11: 5.33
A12: 30/11/2023 04:00 | B12: 36.95 | C12: 25.85 | D12: 44.06 | E12: 6.88 | F12: 2.7 | G12: 68.14 | H12: 26.07 | I12: 6.58 | J12: 0.22 | K12: 347.63 | L12: 19.47 | M12: 92.73 | N12: 0 | O12: 0 | P12: 0.75 | Q12: 5.31
A13: 30/11/2023 05:00 | B13: 38.05 | C13: 26.03 | D13: 45.47 | E13: 7.12 | F13: 2.68 | G13: 65.39 | H13: 24.63 | I13: 6.46 | J13: 0.2 | K13: 323.55 | L13: 19.19 | M13: 94.36 | N13: 0 | O13: 0 | P13: 0.73 | Q13: 5.34
A14: 30/11/2023 06:00 | B14: 43.29 | C14: 26.95 | D14: 50.15 | E14: 7.99 | F14: 2.59 | G14: 60.34 | H14: 26.12 | I14: 6.7 | J14: 0.22 | K14: 192.43 | L14: 18.74 | M14: 95.59 | N14: 0 | O14: 0 | P14: 0.72 | Q14: 5.53
A15: 30/11/2023 07:00 | B15: 45.29 | C15: 27.63 | D15: 52.11 | E15: 8.11 | F15: 2.52 | G15: 62.66 | H15: 24.39 | I15: 7.01 | J15: 0.47 | K15: 309.09 | L15: 18.68 | M15: 97.46 | N15: 18.3 | O15: 0 | P15: 0.75 | Q15: 5.56
A16: 30/11/2023 08:00 | B16: 45.98 | C16: 28.24 | D16: 52.81 | E16: 8.55 | F16: 2.62 | G16: 63.59 | H16: 25.9 | I16: 8.19 | J16: 0.38 | K16: 46.89 | L16: 20.55 | M16: 94.35 | N16: 124.6 | O16: 0 | P16: 0.87 | Q16: 5.61
A17: 30/11/2023 09:00 | B17: 44.89 | C17: 30.12 | D17: 52.47 | E17: 8.66 | F17: 2.65 | G17: 79.06 | H17: 29.06 | I17: 8.52 | J17: 0.52 | K17: 50.98 | L17: 23.16 | M17: 84.73 | N17: 228.1 | O17: 0 | P17: 0.93 | Q17: 5.61
A18: 30/11/2023 10:00 | B18: 40.69 | C18: 31.08 | D18: 50.22 | E18: 8.31 | F18: 2.91 | G18: 74.88 | H18: 29.57 | I18: 8.47 | J18: 0.46 | K18: 69.05 | L18: 25.83 | M18: 71.09 | N18: 392.1 | O18: 0 | P18: 0.93 | Q18: 5.47
A19: 30/11/2023 11:00 | B19: 37.53 | C19: 26.23 | D19: 44.14 | E19: 9.45 | F19: 3.12 | G19: 76.57 | H19: 31.07 | I19: 8.35 | J19: 0.38 | K19: 56.88 | L19: 27.35 | M19: 63.1 | N19: 473.8 | O19: 0 | P19: 0.88 | Q19: 5.36
A20: 30/11/2023 12:00 | B20: 30.39 | C20: 24.93 | D20: 38.65 | E20: 10.45 | F20: 4.54 | G20: 86.49 | H20: 32.59 | I20: 8.25 | J20: 0.5 | K20: 348.36 | L20: 28.8 | M20: 57.77 | N20: 530.4 | O20: 0 | P20: 0.87 | Q20: 5.15
... A32: 30/11/2023 24:00 | B32: 19.44 | C32: 23.72 | D32: 29.28 | E32: 6.65 | F32: 2.65 | G32: 86.12 | H32: 37.12 | I32: 9.5 | J32: 0.17 | K32: 187.79 | L32: 22.24 | M32: 77.34 | N32: 0 | O32: 0 | P32: 0.9 | Q32: 4.81
A34: Min | B34: =MIN(B9:B32) -> 8.11 | C34: =MIN(C9:C32) -> 23.72 | D34: =MIN(D9:D32) -> 21.29 | E34: =MIN(E9:E32) -> 6.28 | F34: =MIN(F9:F32) -> 2.52 | G34: =MIN(G9:G32) -> 60.34 | H34: =MIN(H9:H32) -> 24 | I34: =MIN(I9:I32) -> 6.46 | ... Q34: =MIN(Q9:Q32) -> 4.52
A35: Max | B35: =MAX(B9:B32) -> 45.98 | C35: =MAX(C9:C32) -> 32.26 | D35: =MAX(D9:D32) -> 52.81 | E35: =MAX(E9:E32) -> 11.44 | F35: =MAX(F9:F32) -> 6.38 | G35: =MAX(G9:G32) -> 130.45 | H35: =MAX(H9:H32) -> 40.52 | I35: =MAX(I9:I32) -> 11.03 | ... Q35: =MAX(Q9:Q32) -> 5.61
A36: Avg | B36: =AVERAGE(B9:B32) -> 27.513333 | C36: =AVERAGE(C9:C32) -> 26.959583 | D36: =AVERAGE(D9:D32) -> 37.247083 | E36: =AVERAGE(E9:E32) -> 8.4179167 | F36: =AVERAGE(F9:F32) -> 3.2883333 | G36: =AVERAGE(G9:G32) -> 80.782083 | H36: =AVERAGE(H9:H32) -> 31.336667 | I36: =AVERAGE(I9:I32) -> 8.2408333 | ... Q36: =AVERAGE(Q9:Q32) -> 5.0666667
A37: Stdev | B37: =STDEV(B9:B32) -> 12.889791 | C37: =STDEV(C9:C32) -> 2.3296174 | D37: =STDEV(D9:D32) -> 10.633346 | E37: =STDEV(E9:E32) -> 1.4347064 | F37: =STDEV(F9:F32) -> 1.1245817 | G37: =STDEV(G9:G32) -> 17.274151 | H37: =STDEV(H9:H32) -> 5.2647802 | I37: =STDEV(I9:I32) -> 1.4810892 | ... Q37: =STDEV(Q9:Q32) -> 0.3719241
A38: Num | B38: =COUNT(B9:B32) -> 24 | C38: =COUNT(C9:C32) -> 24 | D38: =COUNT(D9:D32) -> 24 | E38: =COUNT(E9:E32) -> 24 | F38: =COUNT(F9:F32) -> 24 | G38: =COUNT(G9:G32) -> 24 | H38: =COUNT(H9:H32) -> 24 | I38: =COUNT(I9:I32) -> 24 | ... Q38: =COUNT(Q9:Q32) -> 24
A39: DCR | B39: =IF(B38>=22,">90%",IF(B38<=22,"<90%")) -> >90% | C39: =IF(C38>=22,">90%",IF(C38<=22,"<90%")) -> >90% | D39: =IF(D38>=22,">90%",IF(D38<=22,"<90%")) -> >90% | E39: =IF(E38>=22,">90%",IF(E38<=22,"<90%")) -> >90% | F39: =IF(F38>=22,">90%",IF(F38<=22,"<90%")) -> >90% | G39: =IF(G38>=22,">90%",IF(G38<=22,"<90%")) -> >90% | H39: =IF(H38>=22,">90%",IF(H38<=22,"<90%")) -> >90% | I39: =IF(I38>=22,">90%",IF(I38<=22,"<90%")) -> >90% | ... Q39: =IF(Q38>=22,">90%",IF(Q38<=22,"<90%")) -> >90%
A40: Status | B40: =IF(B38>=22,"OK",IF(B38<=22,"LESS")) -> OK | C40: =IF(C38>=22,"OK",IF(C38<=22,"LESS")) -> OK | D40: =IF(D38>=22,"OK",IF(D38<=22,"LESS")) -> OK | E40: =IF(E38>=22,"OK",IF(E38<=22,"LESS")) -> OK | F40: =IF(F38>=22,"OK",IF(F38<=22,"LESS")) -> OK | G40: =IF(G38>=22,"OK",IF(G38<=22,"LESS")) -> OK | H40: =IF(H38>=22,"OK",IF(H38<=22,"LESS")) -> OK | I40: =IF(I38>=22,"OK",IF(I38<=22,"LESS")) -> OK | ... Q40: =IF(Q38>=22,"OK",IF(Q38<=22,"LESS")) -> OK
A43: Done by | B43: AKASH
A45: Comment

Sheet MONTHLY 30
A1: Station: | B1: IGKV, RAIPUR
A2: Date: | B2: =$A$9 -> 01/11/2023 01:00 | D2: Power Off | G2: Pw.Off | L2: Link Fail | N2: Link F | P2: Maintenance | R2: Maint.
A3: Report Type: | B3: Mean | D3: Calibration | G3: Calib. | L3: Data Fail | N3: Data F | P3: Invalid | R3: Invalid
A4: Time Base: | B4: 24 HRS | D4: Zero Referrence | G4: Z.Ref | L4: Warm Up | N4: Wm. Up
A7: Date & Time | B7: NO | C7: NO2 | D7: NOX | E7: SO2 | F7: O3 | G7: PM 10 | H7: PM 2.5 | I7: BENZ | J7: WS | K7: WD | L7: TEMP | M7: HUM | N7: SR | O7: RG | P7: CO | Q7: NH3
B8: ug/m3 | C8: ug/m3 | D8: ppb | E8: ug/m3 | F8: ug/m3 | G8: ug/m3 | H8: ug/m3 | I8: ug/m3 | J8: m/sec | K8: deg | L8: degreC | M8: % | N8: w/m2 | O8: mm | P8: mg/m3 | Q8: ug/m3
A9: ='01'!$B$2 -> 01/11/2023 01:00 | B9: ='01'!B36 -> 16.208333 | C9: ='01'!C36 -> 24.250833 | D9: ='01'!D36 -> 26.94 | E9: ='01'!E36 -> 6.6754167 | F9: ='01'!F36 -> 3.7654167 | G9: ='01'!G36 -> 73.307917 | H9: ='01'!H36 -> 29.50875 | I9: ='01'!I36 -> 6.4575 | ... Q9: ='01'!Q36 -> 4.9095833
A10: ='02'!$B$2 -> 02/11/2023 01:00 | B10: ='02'!B36 -> 17.8425 | C10: ='02'!C36 -> 25.542917 | D10: ='02'!D36 -> 28.765833 | E10: ='02'!E36 -> 6.93125 | F10: ='02'!F36 -> 3.8825 | G10: ='02'!G36 -> 84.34875 | H10: ='02'!H36 -> 30.95875 | I10: ='02'!I36 -> 8.0370833 | ... Q10: ='02'!Q36 -> 4.9958333
A11: ='03'!$B$2 -> 03/11/2023 01:00 | B11: ='03'!B36 -> 24.399167 | C11: ='03'!C36 -> 23.675 | D11: ='03'!D36 -> 33.0375 | E11: ='03'!E36 -> 6.08125 | F11: ='03'!F36 -> 3.2570833 | G11: ='03'!G36 -> 64.882917 | H11: ='03'!H36 -> 23.765417 | I11: ='03'!I36 -> 8.3070833 | ... Q11: ='03'!Q36 -> 5.25625
A12: ='04'!$B$2 -> 04/11/2023 01:00 | B12: ='04'!B36 -> 21.77375 | C12: ='04'!C36 -> 25.028333 | D12: ='04'!D36 -> 31.642917 | E12: ='04'!E36 -> 7.15125 | F12: ='04'!F36 -> 4.3825 | G12: ='04'!G36 -> 60.53125 | H12: ='04'!H36 -> 22.384167 | I12: ='04'!I36 -> 6.4708333 | ... Q12: ='04'!Q36 -> 5.1075
A13: ='05'!$B$2 -> 05/11/2023 01:00 | B13: ='05'!B36 -> 18.564583 | C13: ='05'!C36 -> 24.299583 | D13: ='05'!D36 -> 28.790833 | E13: ='05'!E36 -> 6.7954167 | F13: ='05'!F36 -> 4.0370833 | G13: ='05'!G36 -> 89.449583 | H13: ='05'!H36 -> 35.41625 | I13: ='05'!I36 -> 7.1995833 | ... Q13: ='05'!Q36 -> 4.9179167
A14: ='06'!$B$2 -> 06/11/2023 01:00 | B14: ='06'!B36 -> 19.96625 | C14: ='06'!C36 -> 25.69375 | D14: ='06'!D36 -> 30.647083 | E14: ='06'!E36 -> 6.5004167 | F14: ='06'!F36 -> 3.45625 | G14: ='06'!G36 -> 88.720833 | H14: ='06'!H36 -> 32.3 | I14: ='06'!I36 -> 7.0416667 | ... Q14: ='06'!Q36 -> 4.93625
A15: ='07'!$B$2 -> 07/11/2023 01:00 | B15: ='07'!B36 -> 31.707083 | C15: ='07'!C36 -> 28.360833 | D15: ='07'!D36 -> 41.371667 | E15: ='07'!E36 -> 6.5658333 | F15: ='07'!F36 -> 3.6883333 | G15: ='07'!G36 -> 107.86208 | H15: ='07'!H36 -> 36.898333 | I15: ='07'!I36 -> 8.695 | ... Q15: ='07'!Q36 -> 5.4175
A16: ='08'!$B$2 -> 08/11/2023 01:00 | B16: ='08'!B36 -> 21.5425 | C16: ='08'!C36 -> 28.199167 | D16: ='08'!D36 -> 33.13375 | E16: ='08'!E36 -> 7.00875 | F16: ='08'!F36 -> 3.7875 | G16: ='08'!G36 -> 130.01667 | H16: ='08'!H36 -> 45.142083 | I16: ='08'!I36 -> 10.637917 | ... Q16: ='08'!Q36 -> 5.0566667
A17: ='09'!$B$2 -> 09/11/2023 01:00 | B17: ='09'!B36 -> 10.354167 | C17: ='09'!C36 -> 24.744167 | D17: ='09'!D36 -> 22.437083 | E17: ='09'!E36 -> 6.0591667 | F17: ='09'!F36 -> 3.675 | G17: ='09'!G36 -> 101.55042 | H17: ='09'!H36 -> 36.081667 | I17: ='09'!I36 -> 8.445 | ... Q17: ='09'!Q36 -> 4.5695833
A18: ='10'!$B$2 -> 10/11/2023 01:00 | B18: ='10'!B36 -> 11.3575 | C18: ='10'!C36 -> 24.602083 | D18: ='10'!D36 -> 23.10375 | E18: ='10'!E36 -> 6.5841667 | F18: ='10'!F36 -> 5.9420833 | G18: ='10'!G36 -> 83.442609 | H18: ='10'!H36 -> 30.91913 | I18: ='10'!I36 -> 7.1808333 | ... Q18: ='10'!Q36 -> 4.56875
A19: ='11'!$B$2 -> 11/11/2023 01:00 | B19: ='11'!B36 -> 10.687083 | C19: ='11'!C36 -> 24.710833 | D19: ='11'!D36 -> 22.630417 | E19: ='11'!E36 -> 8.8216667 | F19: ='11'!F36 -> 5.78875 | G19: ='11'!G36 -> 108.74333 | H19: ='11'!H36 -> 47.915417 | I19: ='11'!I36 -> 9.7475 | ... Q19: ='11'!Q36 -> 4.5195833
A20: ='12'!$B$2 -> 12/11/2023 01:00 | B20: ='12'!B36 -> 9.9054167 | C20: ='12'!C36 -> 24.355 | D20: ='12'!D36 -> 21.915417 | E20: ='12'!E36 -> 7.3770833 | F20: ='12'!F36 -> 4.00625 | G20: ='12'!G36 -> 110.0075 | H20: ='12'!H36 -> 45.666087 | I20: ='12'!I36 -> 9.3025 | ... Q20: ='12'!Q36 -> 4.4916667
A21: ='13'!$B$2 -> 13/11/2023 01:00 | B21: ='13'!B36 -> 15.407917 | C21: ='13'!C36 -> 25.839583 | D21: ='13'!D36 -> 27.032917 | E21: ='13'!E36 -> 7.16125 | F21: ='13'!F36 -> 3.6958333 | G21: ='13'!G36 -> 118.08095 | H21: ='13'!H36 -> 60.695238 | I21: ='13'!I36 -> 8.2341667 | ... Q21: ='13'!Q36 -> 4.6916667
A22: ='14'!$B$2 -> 14/11/2023 01:00 | B22: ='14'!B36 -> 8.72875 | C22: ='14'!C36 -> 24.322917 | D22: ='14'!D36 -> 20.94125 | E22: ='14'!E36 -> 6.6533333 | F22: ='14'!F36 -> 4.2975 | G22: ='14'!G36 -> 95.297083 | H22: ='14'!H36 -> 48.426667 | I22: ='14'!I36 -> 6.6891667 | ... Q22: ='14'!Q36 -> 4.3804167
A23: ='15'!$B$2 -> 15/11/2023 01:00 | B23: ='15'!B36 -> 7.9854167 | C23: ='15'!C36 -> 22.801667 | D23: ='15'!D36 -> 19.597917 | E23: ='15'!E36 -> 6.77125 | F23: ='15'!F36 -> 4.4195833 | G23: ='15'!G36 -> 82.745833 | H23: ='15'!H36 -> 43.78375 | I23: ='15'!I36 -> 6.0791667 | ... Q23: ='15'!Q36 -> 4.345
A24: ='16'!$B$2 -> 16/11/2023 01:00 | B24: ='16'!B36 -> 7.0479167 | C24: ='16'!C36 -> 24.626667 | D24: ='16'!D36 -> 19.739583 | E24: ='16'!E36 -> 6.0570833 | F24: ='16'!F36 -> 6.82625 | G24: ='16'!G36 -> 63.801739 | H24: ='16'!H36 -> 27.373913 | I24: ='16'!I36 -> 25.615833 | ... Q24: ='16'!Q36 -> 4.31125
A25: ='17'!$B$2 -> 17/11/2023 01:00 | B25: ='17'!B36 -> 9.6366667 | C25: ='17'!C36 -> 23.724583 | D25: ='17'!D36 -> 21.331667 | E25: ='17'!E36 -> 5.3983333 | F25: ='17'!F36 -> 3.9129167 | G25: ='17'!G36 -> 63.203333 | H25: ='17'!H36 -> 27.344583 | I25: ='17'!I36 -> 8.8245833 | ... Q25: ='17'!Q36 -> 4.39
A26: ='18'!$B$2 -> 18/11/2023 01:00 | B26: ='18'!B36 -> 12.051667 | C26: ='18'!C36 -> 25.7975 | D26: ='18'!D36 -> 24.3 | E26: ='18'!E36 -> 7.065 | F26: ='18'!F36 -> 5.03625 | G26: ='18'!G36 -> 71.55125 | H26: ='18'!H36 -> 27.941667 | I26: ='18'!I36 -> 13.228333 | ... Q26: ='18'!Q36 -> 4.5579167
A27: ='19'!$B$2 -> 19/11/2023 01:00 | B27: ='19'!B36 -> 9.30625 | C27: ='19'!C36 -> 23.35125 | D27: ='19'!D36 -> 20.8475 | E27: ='19'!E36 -> 7.2466667 | F27: ='19'!F36 -> 3.8516667 | G27: ='19'!G36 -> 75.793333 | H27: ='19'!H36 -> 29.444583 | I27: ='19'!I36 -> 7.1158333 | ... Q27: ='19'!Q36 -> 4.4129167
A28: ='20'!$B$2 -> 20/11/2023 01:00 | B28: ='20'!B36 -> 8.6291667 | C28: ='20'!C36 -> 22.033333 | D28: ='20'!D36 -> 19.535833 | E28: ='20'!E36 -> 9.0520833 | F28: ='20'!F36 -> 6.7758333 | G28: ='20'!G36 -> 56.859167 | H28: ='20'!H36 -> 21.703333 | I28: ='20'!I36 -> 4.795 | ... Q28: ='20'!Q36 -> 4.3695833
A29: ='21'!$B$2 -> 21/11/2023 01:00 | B29: ='21'!B36 -> 10.72625 | C29: ='21'!C36 -> 25.420833 | D29: ='21'!D36 -> 23.11125 | E29: ='21'!E36 -> 8.77125 | F29: ='21'!F36 -> 3.7004167 | G29: ='21'!G36 -> 75.49 | H29: ='21'!H36 -> 25.17375 | I29: ='21'!I36 -> 5.7954167 | ... Q29: ='21'!Q36 -> 4.4408333
A30: ='22'!$B$2 -> 22/11/2023 01:00 | B30: ='22'!B36 -> 18.479167 | C30: ='22'!C36 -> 28.312083 | D30: ='22'!D36 -> 30.766667 | E30: ='22'!E36 -> 8.6245833 | F30: ='22'!F36 -> 3.6633333 | G30: ='22'!G36 -> 101.17208 | H30: ='22'!H36 -> 39.49875 | I30: ='22'!I36 -> 7.7220833 | ... Q30: ='22'!Q36 -> 4.7179167
A31: ='23'!$B$2 -> 23/11/2023 01:00 | B31: ='23'!B36 -> 9.1295833 | C31: ='23'!C36 -> 28.2975 | D31: ='23'!D36 -> 23.36875 | E31: ='23'!E36 -> 9.0791667 | F31: ='23'!F36 -> 3.8604167 | G31: ='23'!G36 -> 105.76958 | H31: ='23'!H36 -> 44.16625 | I31: ='23'!I36 -> 6.9 | ... Q31: ='23'!Q36 -> 4.4041667
A32: ='24'!$B$2 -> 24/11/2023 01:00 | B32: ='24'!B36 -> 9.9629167 | C32: ='24'!C36 -> 28.361667 | D32: ='24'!D36 -> 24.005417 | E32: ='24'!E36 -> 8.25375 | F32: ='24'!F36 -> 3.7770833 | G32: ='24'!G36 -> 114.0925 | H32: ='24'!H36 -> 50.004583 | I32: ='24'!I36 -> 7.0675 | ... Q32: ='24'!Q36 -> 4.4229167
A33: ='25'!$B$2 -> 25/11/2023 01:00 | B33: ='25'!B36 -> 8.79875 | C33: ='25'!C36 -> 26.064167 | D33: ='25'!D36 -> 21.905417 | E33: ='25'!E36 -> 13.085 | F33: ='25'!F36 -> 11.88625 | G33: ='25'!G36 -> 105.37042 | H33: ='25'!H36 -> 47.50125 | I33: ='25'!I36 -> 6.6829167 | ... Q33: ='25'!Q36 -> 4.4033333
A34: ='26'!$B$2 -> 26/11/2023 01:00 | B34: ='26'!B36 -> 11.947917 | C34: ='26'!C36 -> 27.753333 | D34: ='26'!D36 -> 25.307917 | E34: ='26'!E36 -> 8.42 | F34: ='26'!F36 -> 3.49875 | G34: ='26'!G36 -> 103.38958 | H34: ='26'!H36 -> 44.33 | I34: ='26'!I36 -> 6.6816667 | ... Q34: ='26'!Q36 -> 4.4520833
A35: ='27'!$B$2 -> 27/11/2023 01:00 | B35: ='27'!B36 -> 9.8670833 | C35: ='27'!C36 -> 29.022917 | D35: ='27'!D36 -> 24.275 | E35: ='27'!E36 -> 8.6504167 | F35: ='27'!F36 -> 3.2470833 | G35: ='27'!G36 -> 104.82708 | H35: ='27'!H36 -> 47.130417 | I35: ='27'!I36 -> 7.31375 | ... Q35: ='27'!Q36 -> 4.38375
A36: ='28'!$B$2 -> 28/11/2023 01:00 | B36: ='28'!B36 -> 13.0375 | C36: ='28'!C36 -> 28.002083 | D36: ='28'!D36 -> 26.242083 | E36: ='28'!E36 -> 8.3343478 | F36: ='28'!F36 -> 3.7979167 | G36: ='28'!G36 -> 86.857826 | H36: ='28'!H36 -> 37.595652 | I36: ='28'!I36 -> 12.44625 | ... Q36: ='28'!Q36 -> 4.5570833
A37: ='29'!$B$2 -> 29/11/2023 01:00 | B37: ='29'!B36 -> 29.818333 | C37: ='29'!C36 -> 28.972917 | D37: ='29'!D36 -> 40.219167 | E37: ='29'!E36 -> 9.25375 | F37: ='29'!F36 -> 3.2279167 | G37: ='29'!G36 -> 79.67 | H37: ='29'!H36 -> 30.979167 | I37: ='29'!I36 -> 8.0975 | ... Q37: ='29'!Q36 -> 5.1966667
A38: ='30'!$B$2 -> 30/11/2023 01:00 | B38: ='30'!B36 -> 27.513333 | C38: ='30'!C36 -> 26.959583 | D38: ='30'!D36 -> 37.247083 | E38: ='30'!E36 -> 8.4179167 | F38: ='30'!F36 -> 3.2883333 | G38: ='30'!G36 -> 80.782083 | H38: ='30'!H36 -> 31.336667 | I38: ='30'!I36 -> 8.2408333 | ... Q38: ='30'!Q36 -> 5.0666667
A40: Min | B40: =MIN(B9:B38) -> 7.0479167 | C40: =MIN(C9:C38) -> 22.033333 | D40: =MIN(D9:D38) -> 19.535833 | E40: =MIN(E9:E38) -> 5.3983333 | F40: =MIN(F9:F38) -> 3.2279167 | G40: =MIN(G9:G38) -> 56.859167 | H40: =MIN(H9:H38) -> 21.703333 | I40: =MIN(I9:I38) -> 4.795 | ... Q40: =MIN(Q9:Q38) -> 4.31125
A41: Max | B41: =MAX(B9:B38) -> 31.707083 | C41: =MAX(C9:C38) -> 29.022917 | D41: =MAX(D9:D38) -> 41.371667 | E41: =MAX(E9:E38) -> 13.085 | F41: =MAX(F9:F38) -> 11.88625 | G41: =MAX(G9:G38) -> 130.01667 | H41: =MAX(H9:H38) -> 60.695238 | I41: =MAX(I9:I38) -> 25.615833 | ... Q41: =MAX(Q9:Q38) -> 5.4175
A42: Avg | B42: =AVERAGE(B9:B38) -> 14.746097 | C42: =AVERAGE(C9:C38) -> 25.770903 | D42: =AVERAGE(D9:D38) -> 26.473056 | E42: =AVERAGE(E9:E38) -> 7.6282283 | F42: =AVERAGE(F9:F38) -> 4.4144028 | G42: =AVERAGE(G9:G38) -> 89.587257 | H42: =AVERAGE(H9:H38) -> 36.712876 | I42: =AVERAGE(I9:I38) -> 8.50175 | ... Q42: =AVERAGE(Q9:Q38) -> 4.6750417
